accident_id,datetime,annee,mois,jour,heure,minute,departement,commune_insee,adresse,latitude,longitude,luminosite,agglomeration,intersection,meteo,collision,catr,circ,nbv,vosp,prof,plan,surf,infra,situ,vma,nb_vehicules,nb_usagers,nb_indemnes,nb_tues,nb_blesses_hosp,nb_blesses_legers,age_cond_1,age_cond_2,veh_type_cond_1,veh_type_cond_2,lum_code,agg_code,int_code,atm_code,col_code
202100000190,2021-11-09 07:50:00,2021,11,9,7,50,13,13063,CHIRONS ROUTE DES,43.5841099664,5.010613357,Plein jour,En agglomération,Intersection en T,Normale,Deux véhicules - côté,4,1,2,0,1,1,1,0,1,50,,2,1,0,0,1,14.0,46.0,,,1,2,3,1,3
202100000191,2021-11-30 13:42:00,2021,11,30,13,42,75,75119,AVENUE DE LAUMIERE,48.8846,2.37965,Plein jour,En agglomération,Intersection en X,Temps couvert,Deux véhicules - côté,4,2,3,0,1,1,2,0,1,30,,2,1,0,0,1,50.0,33.0,,,1,2,2,8,3
202100000192,2021-12-16 09:15:00,2021,12,16,9,15,74,74026,Route de Choisy,45.963785,6.043575,Plein jour,En agglomération,Giratoire,Temps couvert,Autre collision,3,-1,2,0,2,3,2,5,1,-1,,2,1,0,1,0,76.0,,,,1,2,6,8,6
202100000193,2021-12-17 13:50:00,2021,12,17,13,50,74,74073,d32,46.34632,6.631236,Plein jour,Hors agglomération,Hors intersection,Normale,Deux véhicules - frontale,3,-1,2,0,1,3,2,0,1,80,,6,4,1,0,1,39.0,59.0,,,1,1,1,1,1
202100000194,2021-12-26 19:29:00,2021,12,26,19,29,74,74220,Route de la Pierre aux Fées,46.128441,6.285191,Nuit sans éclairage public,Hors agglomération,Autre intersection,Pluie légère,Autre collision,4,2,2,0,1,2,2,0,3,80,,4,1,0,2,1,54.0,,,,3,1,9,2,6
202100000195,2021-12-20 07:01:00,2021,12,20,7,1,74,74229,D15,46.224829,6.301786,Crépuscule ou aube,En agglomération,Passage à niveau,Normale,Deux véhicules - côté,3,2,2,0,1,1,1,4,6,50,,2,1,0,1,0,38.0,24.0,,,2,2,8,1,3
202100000196,2021-12-21 05:50:00,2021,12,21,5,50,13,13071,A7-Sens Lyon vers Marseille,43.406756,5.327824,Nuit sans éclairage public,Hors agglomération,Hors intersection,Normale,Deux véhicules - frontale,1,3,3,0,1,1,7,0,1,110,,1,0,0,0,1,40.0,,,,3,1,1,1,1
202100000197,2021-06-07 07:40:00,2021,6,7,7,40,85,85191,Boulevard Édouard Branly,46.67466,-1.44161,Plein jour,En agglomération,Hors intersection,Normale,Autre collision,4,2,0,0,1,1,1,0,4,30,,2,1,0,1,0,19.0,,,,1,2,1,1,6
202100000198,2021-11-26 22:20:00,2021,11,26,22,20,33,33529,Rue Lagrua,44.6421,-1.15671,Nuit avec éclairage allumé,En agglomération,Hors intersection,Pluie légère,Autre collision,4,2,2,2,1,3,2,-1,1,50,,2,0,0,0,2,24.0,,,,5,2,1,2,6
202100000199,2021-10-14 19:30:00,2021,10,14,19,30,33,33063,Cours Victor Hugo,44.83529,-0.56983,Crépuscule ou aube,En agglomération,Hors intersection,Normale,Deux véhicules - arrière,4,2,4,3,1,1,1,0,1,50,,2,1,0,0,1,,18.0,,,2,2,1,1,2
202100000200,2021-05-29 18:00:00,2021,5,29,18,0,62,62041,CARNOT ( BOULEVARD ),50.287639,2.773255,Plein jour,En agglomération,Hors intersection,Normale,Autre collision,4,3,1,0,1,1,1,0,1,50,,2,0,0,0,2,18.0,,,,1,2,1,1,6
202100000201,2021-11-30 09:45:00,2021,11,30,9,45,61,61001,CLAUDE BERNARD (RUE ),48.43652,0.10496,Plein jour,En agglomération,Giratoire,Pluie légère,Deux véhicules - côté,4,4,1,0,1,1,2,5,1,30,,2,1,0,0,1,47.0,86.0,,,1,2,6,2,3
202100000202,2021-11-23 13:00:00,2021,11,23,13,0,61,61001,BALZAC (RUE),48.428798,0.082065,Plein jour,En agglomération,Intersection en T,Normale,Deux véhicules - côté,4,2,2,0,1,1,1,5,1,30,,2,1,0,0,1,39.0,14.0,,,1,2,3,1,3
202100000203,2021-10-18 15:37:00,2021,10,18,15,37,88,88213,Col du Las,48.339778,7.058394,Plein jour,Hors agglomération,Hors intersection,Normale,Sans collision,3,2,2,0,2,1,1,0,1,80,,1,0,0,1,0,77.0,,,,1,1,1,1,7
202100000204,2021-10-05 14:20:00,2021,10,5,14,20,88,88445,Giratoire RD415,48.237358,6.952071,Plein jour,En agglomération,Giratoire,Normale,Deux véhicules - côté,3,2,1,0,1,3,1,0,1,50,,2,1,0,1,0,62.0,81.0,,,1,2,6,1,3
202100000205,2021-12-23 23:00:00,2021,12,23,23,0,33,33550,Rue du Docteur Schweitzer,44.77345,-0.53631,Nuit avec éclairage non allumé,En agglomération,Hors intersection,Normale,Deux véhicules - arrière,4,2,2,-1,1,1,1,9,1,50,,2,1,0,0,1,25.0,,,,4,2,1,1,2
202100000206,2021-11-29 18:00:00,2021,11,29,18,0,74,74012,EUROPE (AVENUE DE L'),46.183581,6.23124,Nuit avec éclairage allumé,En agglomération,Intersection en T,Temps couvert,Deux véhicules - côté,3,2,2,0,1,1,1,5,1,50,,3,1,0,0,2,42.0,66.0,,,5,2,3,8,3
202100000207,2021-06-30 11:20:00,2021,6,30,11,20,13,13102,RENE CAILLOUX (BD ),43.42325,5.24107,Plein jour,En agglomération,Intersection à plus de 4 branches,Normale,Deux véhicules - côté,7,1,1,0,2,1,1,0,1,50,,4,1,0,2,1,22.0,10.0,,,1,2,5,1,3
202100000208,2021-06-05 12:25:00,2021,6,5,12,25,13,13117,ROUTE DEPARTEMENTALE 20,43.42432,5.23714,Plein jour,Hors agglomération,Intersection en Y,Normale,Sans collision,7,1,2,0,2,3,1,0,3,90,,1,0,0,0,1,61.0,,,,1,1,4,1,7
202100000209,2021-04-10 00:15:00,2021,4,10,0,15,13,13043,GEORGES POMPIDOU (AV ),43.38537,5.21817,Nuit avec éclairage allumé,Hors agglomération,Hors intersection,Normale,Deux véhicules - frontale,7,2,1,0,1,1,1,0,3,80,,4,2,0,0,2,22.0,,,,5,1,1,1,1
202100000210,2021-01-03 16:40:00,2021,1,3,16,40,13,13001,MIRABEAU (COURS),43.5267566969,5.4489003786,Plein jour,En agglomération,Hors intersection,Pluie légère,Deux véhicules - frontale,4,2,1,0,1,1,2,6,6,30,,2,0,0,2,0,41.0,,,,1,2,1,2,1
202100000211,2021-02-21 08:45:00,2021,2,21,8,45,13,13209,VALLON DE TOULOUSE (RUE),43.2677,5.42028,Plein jour,En agglomération,Intersection en X,Normale,Deux véhicules - côté,4,2,2,0,1,1,1,0,1,50,,2,0,0,0,2,60.0,18.0,,,1,2,2,1,3
202100000212,2021-11-18 18:45:00,2021,11,18,18,45,33,33207,Rue du Sablonat,44.927108,-0.360415,Nuit avec éclairage allumé,En agglomération,Hors intersection,Normale,Autre collision,4,2,2,0,1,1,1,0,4,50,,2,1,0,0,1,31.0,,,,5,2,1,1,6
202100000213,2021-12-02 01:30:00,2021,12,2,1,30,01,01034,D 1504,45.763826,5.704544,Nuit sans éclairage public,Hors agglomération,Hors intersection,Brouillard / fumée,Autre collision,3,2,2,0,1,3,1,0,1,80,,3,2,1,0,0,24.0,,,,3,1,1,5,6
202100000214,2021-09-09 20:25:00,2021,9,9,20,25,29,29245,D25 - Pen Ar Forest Huella,48.459995,-4.355081,Nuit sans éclairage public,Hors agglomération,Hors intersection,Normale,Deux véhicules - arrière,3,2,2,0,1,1,1,0,1,80,,2,1,0,0,1,34.0,18.0,,,3,1,1,1,2
202100000215,2021-11-10 08:45:00,2021,11,10,8,45,30,30028,JEAN PERRIN (AVENUE),44.163751,4.62267,Plein jour,En agglomération,Hors intersection,Normale,Autre collision,4,2,2,0,1,1,1,0,1,50,,2,1,0,0,1,39.0,,,,1,2,1,1,6
202100000216,2021-12-15 17:50:00,2021,12,15,17,50,62,62225,SAINT-OMER (ROUTE DE...............),50.76484,2.3808,Nuit sans éclairage public,En agglomération,Intersection en X,Normale,Trois véhicules et plus - collisions multiples,3,2,2,0,1,1,2,0,1,80,,9,2,0,1,6,28.0,28.0,,,3,2,2,1,5
202100000217,2021-07-14 19:30:00,2021,7,14,19,30,61,61159,,48.653846,0.410435,Plein jour,Hors agglomération,Hors intersection,Normale,Sans collision,4,2,-1,-1,2,2,9,0,1,90,,1,0,0,1,0,51.0,,,,1,1,1,1,7
202100000218,2021-07-24 16:20:00,2021,7,24,16,20,61,61001,,48.434333,0.093558,Plein jour,En agglomération,Giratoire,Pluie légère,Deux véhicules - côté,3,2,-1,-1,1,1,2,5,1,50,,2,1,0,0,1,67.0,17.0,,,1,2,6,2,3
202100000219,2021-10-30 16:20:00,2021,10,30,16,20,74,74298,EUROPE (AVENUE DE L'),46.176581,6.24054,Plein jour,En agglomération,Hors intersection,Pluie légère,Deux véhicules - côté,3,2,2,0,2,3,2,0,1,50,,2,1,0,0,1,29.0,29.0,,,1,2,1,2,3
202100000220,2021-09-18 03:35:00,2021,9,18,3,35,59,59014,LECALIEZ (RUE),50.3712812153,3.5137865692,Nuit sans éclairage public,En agglomération,Intersection en T,Normale,Autre collision,3,3,2,1,1,1,1,0,8,50,,2,1,1,0,0,47.0,,,,3,2,3,1,6
202100000221,2021-08-30 11:25:00,2021,8,30,11,25,59,59160,DEPORTES (RUE DES),50.4129921,3.662555,Plein jour,En agglomération,Hors intersection,Normale,Deux véhicules - côté,3,2,2,2,1,1,1,0,5,50,,2,1,1,0,0,39.0,65.0,,,1,2,1,1,3
202100000222,2021-04-08 04:10:00,2021,4,8,4,10,59,59616,MARCEL SEMBAT (RUE),50.46906,3.57354,Nuit avec éclairage allumé,En agglomération,Hors intersection,Normale,Autre collision,4,2,2,0,1,3,1,0,4,50,,2,0,0,1,1,22.0,,,,5,2,1,1,6
202100000223,2021-11-13 09:00:00,2021,11,13,9,0,13,13204,ALEX. FLEMING (BOULEVARD),43.3165335731,5.396128774,Plein jour,En agglomération,Hors intersection,Normale,Deux véhicules - arrière,4,3,5,0,1,1,1,0,1,50,,4,2,0,0,2,25.0,48.0,,,1,2,1,1,2
202100000224,2021-11-09 16:50:00,2021,11,9,16,50,06,06030,MESANGES (ALLEE DES),43.57489,7.022578,Plein jour,Hors agglomération,Hors intersection,Normale,Autre collision,4,1,1,0,1,1,1,0,1,30,,2,1,0,1,0,29.0,,,,1,1,1,1,6
202100000225,2021-11-07 16:00:00,2021,11,7,16,0,06,06029,ST PIERRE (QUAI),43.55053,7.0121,Plein jour,En agglomération,Hors intersection,Normale,Deux véhicules - frontale,4,2,2,0,1,1,1,0,1,50,,2,1,0,1,0,69.0,76.0,,,1,2,1,1,1
202100000226,2021-06-04 11:30:00,2021,6,4,11,30,73,73065,Avenue Maréchal Leclerc,45.5703281257,5.9167166719,Plein jour,En agglomération,Intersection en T,Temps couvert,Deux véhicules - côté,4,2,2,2,1,1,1,-1,5,50,,2,1,0,0,1,54.0,61.0,,,1,2,3,8,3
202100000227,2021-11-13 10:50:00,2021,11,13,10,50,974,97416,RN1 (ROUTE NATIONALE),-21.33168,55.45724,Plein jour,Hors agglomération,Hors intersection,Normale,Trois véhicules et plus - collisions multiples,2,3,2,0,3,1,1,9,1,110,,7,4,0,0,3,30.0,56.0,,,1,1,1,1,5
202100000228,2021-11-17 17:01:00,2021,11,17,17,1,36,36044,,46.80957,1.67017,Crépuscule ou aube,En agglomération,Intersection en X,Normale,Trois véhicules et plus - collisions multiples,4,2,2,0,1,1,9,0,1,50,,3,1,0,0,2,27.0,13.0,,,2,2,2,1,5
202100000229,2021-02-20 22:38:00,2021,2,20,22,38,13,13117,CHEVILLES ( ALLEE DES ),43.46462,5.23194,Nuit avec éclairage allumé,En agglomération,Hors intersection,Normale,Deux véhicules - arrière,7,2,2,0,1,1,1,0,3,50,,2,1,0,0,1,36.0,,,,5,2,1,1,2
202100000230,2021-11-13 11:20:00,2021,11,13,11,20,06,06088,LEPANTE (R. DE),43.706327,7.268612,Plein jour,En agglomération,Hors intersection,Normale,Autre collision,4,1,2,0,1,1,1,0,1,50,,2,1,0,1,0,36.0,,,,1,2,1,1,6
202100000231,2021-10-10 14:20:00,2021,10,10,14,20,06,06088,ARIANE (BD DE L'),43.73314,7.28898,Plein jour,En agglomération,Hors intersection,Normale,Deux véhicules - arrière,4,3,4,3,1,1,1,0,1,50,,3,2,0,0,1,42.0,40.0,,,1,2,1,1,2
202100000232,2021-08-19 18:25:00,2021,8,19,18,25,06,06088,CESSOLE (BD DE) (JUSQU'AU N° 93-110),43.712655,7.255274,Plein jour,En agglomération,Intersection en T,Normale,Deux véhicules - côté,4,2,3,3,2,1,1,0,1,50,,3,1,0,0,2,56.0,51.0,,,1,2,3,1,3
202100000233,2021-08-18 17:40:00,2021,8,18,17,40,06,06088,ANGLAIS (A PARTIR DU N° 351),43.67041,7.22308,Plein jour,En agglomération,Hors intersection,Normale,Deux véhicules - arrière,4,3,6,0,1,1,1,0,1,50,,2,1,0,1,0,53.0,20.0,,,1,2,1,1,2
202100000234,2021-08-02 00:30:00,2021,8,2,0,30,06,06088,BELLET (RTE DE),43.73297,7.216453,Nuit avec éclairage allumé,En agglomération,Hors intersection,Normale,Autre collision,4,2,2,0,1,2,1,0,1,50,,4,2,0,1,1,43.0,,,,5,2,1,1,6
202100000235,2021-12-21 19:15:00,2021,12,21,19,15,29,29075,Rue Saint-Thudon,48.44129411,-4.40083265,Nuit avec éclairage allumé,En agglomération,Giratoire,Normale,Deux véhicules - côté,4,1,2,0,1,2,1,5,1,50,,2,1,0,1,0,18.0,74.0,,,5,2,6,1,3
202100000236,2021-05-30 11:35:00,2021,5,30,11,35,73,73065,111 Avenue de Turin,45.569173549,5.9315761864,Plein jour,En agglomération,Hors intersection,Normale,Deux véhicules - côté,4,2,2,-1,1,1,1,0,1,50,,2,1,0,0,1,35.0,52.0,,,1,2,1,1,3
202100000237,2021-05-22 16:23:00,2021,5,22,16,23,976,97611,m'tsapere-Mosquée Maevantana (ruelle ),-12.79297,45.21734,Plein jour,En agglomération,Hors intersection,Normale,Deux véhicules - côté,4,2,0,0,1,1,1,0,1,50,,3,1,0,0,2,34.0,36.0,,,1,2,1,1,3
202100000238,2021-11-13 15:20:00,2021,11,13,15,20,974,97411,RN2/091,-20.8942,55.50242,Plein jour,Hors agglomération,Autre intersection,Normale,Sans collision,2,-1,1,0,2,3,1,9,1,30,,1,0,0,0,1,29.0,,,,1,1,9,1,7
202100000239,2021-10-24 12:10:00,2021,10,24,12,10,28,28134,BOIS SABOT (RUE DU),48.7377,1.36124,Plein jour,En agglomération,Hors intersection,Normale,Deux véhicules - arrière,3,2,2,0,2,1,1,0,1,50,,3,1,0,0,2,15.0,18.0,,,1,2,1,1,2
202100000240,2021-11-20 04:35:00,2021,11,20,4,35,75,75109,BOULEVARD POISSONNIERE,48.870688,2.347917,Nuit avec éclairage allumé,En agglomération,Intersection en X,Normale,Deux véhicules - côté,4,2,3,1,1,1,1,-1,6,30,,4,3,0,0,1,22.0,27.0,,,5,2,2,1,3
202100000241,2021-12-30 19:00:00,2021,12,30,19,0,2B,2B080,Restaurant,42.502767,9.176829,Nuit sans éclairage public,Hors agglomération,Hors intersection,Normale,Deux véhicules - frontale,2,2,2,0,1,1,1,0,1,80,,1,0,0,1,0,23.0,,,,3,1,1,1,1
202100000242,2021-10-19 12:10:00,2021,10,19,12,10,36,36202,217 Avenue de Tours,46.82283,1.65643,Plein jour,Hors agglomération,Intersection en X,Normale,Deux véhicules - côté,4,2,2,-1,1,1,1,0,1,80,,2,1,0,1,0,21.0,63.0,,,1,1,2,1,3
202100000243,2021-09-25 18:30:00,2021,9,25,18,30,36,36044,Ferdinand de Lesseps,46.81089,1.71609,Plein jour,En agglomération,Intersection en T,Normale,Deux véhicules - côté,4,2,2,-1,1,1,1,0,1,50,,2,1,0,0,1,69.0,46.0,,,1,2,3,1,3
202100000244,2021-11-09 07:20:00,2021,11,9,7,20,91,91692,BERRY (AVENUE DU),48.682478,2.171151,Crépuscule ou aube,En agglomération,Intersection en T,Normale,Autre collision,4,2,2,0,1,1,1,6,1,30,,2,1,0,0,1,26.0,,,,2,2,3,1,6
202100000245,2021-10-16 16:30:00,2021,10,16,16,30,13,13043,GEORGES POMPIDOU (AV ),43.38748,5.21452,Plein jour,En agglomération,Intersection en T,Normale,Deux véhicules - côté,7,2,2,0,1,1,1,0,1,50,,3,1,1,1,0,,72.0,,,1,2,3,1,3
202100000246,2021-10-15 16:30:00,2021,10,15,16,30,59,59512,DOUAI (BOULEVARD DE),50.681204,3.168013,Plein jour,En agglomération,Intersection en X,Normale,Autre collision,7,3,5,0,1,1,1,5,1,50,,2,1,0,1,0,57.0,,,,1,2,2,1,6
202100000247,2021-11-14 02:30:00,2021,11,14,2,30,59,59122,MOULIN (PLACE JEAN),50.174945698,3.2292988647,Nuit avec éclairage allumé,En agglomération,Hors intersection,Pluie légère,Autre collision,4,1,0,0,2,1,2,0,4,40,,3,1,0,0,2,,,,,5,2,1,2,6
202100000248,2021-11-11 18:30:00,2021,11,11,18,30,14,14699,D 677,49.34017,0.10312,Nuit avec éclairage allumé,En agglomération,Intersection en X,Normale,Deux véhicules - frontale,3,2,3,0,1,1,1,5,1,50,,3,1,0,0,2,16.0,62.0,,,5,2,2,1,1
202100000249,2021-05-14 12:21:00,2021,5,14,12,21,78,78172,BRETELLE ACCES RD203/RN184 ,49.002071,2.081583,Plein jour,Hors agglomération,Hors intersection,Pluie légère,Deux véhicules - arrière,2,3,4,0,1,1,2,0,1,90,,2,1,0,0,1,81.0,29.0,,,1,1,1,2,2
202100000250,2021-10-21 17:55:00,2021,10,21,17,55,69,69386,CREQUI (DE) (R),45.7761264739,4.8446971178,Plein jour,En agglomération,Hors intersection,Normale,Deux véhicules - arrière,4,1,1,2,1,1,1,0,1,50,,2,1,0,0,1,65.0,55.0,,,1,2,1,1,2
202100000251,2021-10-08 09:50:00,2021,10,8,9,50,69,69386,MARECHAL LYAUTEY (PL),45.7677673652,4.8423796892,Plein jour,En agglomération,Hors intersection,Normale,Autre collision,4,1,1,2,1,1,1,0,1,50,,2,1,0,0,1,,,,,1,2,1,1,6
202100000252,2021-10-04 07:48:00,2021,10,4,7,48,74,74119,VERDANNES (ROUTE DES) ,46.39,6.58,Plein jour,Hors agglomération,Autre intersection,Pluie légère,Autre collision,6,-1,-1,3,1,1,2,6,8,10,,2,1,0,1,0,55.0,,,,1,1,9,2,6
202100000253,2021-09-29 11:48:00,2021,9,29,11,48,74,74119,SAINT THOMAS (ROUTE DE),46.38871,6.590088,Plein jour,En agglomération,Intersection en X,Normale,Deux véhicules - côté,3,2,2,0,2,1,1,0,1,50,,2,1,0,1,0,62.0,41.0,,,1,2,2,1,3
202100000254,2021-09-19 19:10:00,2021,9,19,19,10,74,74010,JULES PHILIPPE (QUAI),45.90031,6.1284,Plein jour,En agglomération,Hors intersection,Normale,Autre collision,9,-1,0,3,1,1,1,0,6,30,,3,2,0,1,0,20.0,,,,1,2,1,1,6
202100000255,2021-11-13 21:40:00,2021,11,13,21,40,18,18205,ORLEANS (ROUTE D'),47.1099,2.3777,Nuit sans éclairage public,Hors agglomération,Giratoire,Normale,Sans collision,3,2,1,0,1,1,1,0,1,80,,1,0,0,0,1,69.0,,,,3,1,6,1,7
202100000256,2021-11-13 22:20:00,2021,11,13,22,20,38,38544,GUILLEMOTTES(RUE DES),45.5360907444,4.8879256813,Nuit sans éclairage public,En agglomération,Hors intersection,Pluie légère,Sans collision,4,2,2,0,2,2,2,0,1,50,,3,1,0,0,2,19.0,,,,3,2,1,2,7
202100000257,2021-11-23 00:01:00,2021,11,23,0,1,06,06069,DRAGUIGNAN (ROUTE DE) - D2562-,43.64291,6.90871,Nuit avec éclairage allumé,Hors agglomération,Hors intersection,Normale,Autre collision,3,2,2,0,2,3,1,0,3,50,,1,0,0,1,0,40.0,,,,5,1,1,1,6
202100000258,2021-12-26 00:02:00,2021,12,26,0,2,06,06069,SEMARD - LA GARE (AVENUE PIERRE),43.65492,6.92729,Nuit avec éclairage allumé,En agglomération,Hors intersection,Normale,Autre collision,3,2,2,0,2,1,2,0,3,50,,1,0,0,0,1,70.0,,,,5,2,1,1,6
202100000259,2021-12-23 18:44:00,2021,12,23,18,44,06,06069,PLAN (ROUTE DU) -D304-,43.6521919,6.9475085,Nuit avec éclairage allumé,Hors agglomération,Hors intersection,Normale,Autre collision,3,2,2,0,1,1,1,0,1,50,,1,0,0,0,1,70.0,,,,5,1,1,1,6
202100000260,2021-02-10 20:50:00,2021,2,10,20,50,91,91161,AUTOROUTE A6,48.69974,2.311845,Nuit sans éclairage public,Hors agglomération,Hors intersection,Normale,Deux véhicules - arrière,1,3,-1,-1,1,1,1,0,1,-1,,2,1,1,0,0,67.0,59.0,,,3,1,1,1,2
202100000261,2021-05-29 18:20:00,2021,5,29,18,20,84,84031,GIRAUD BOULEVARD LOUIS,44.04609,5.04821,Plein jour,En agglomération,Hors intersection,Normale,Deux véhicules - côté,4,2,2,0,1,1,1,0,1,50,,3,2,0,1,0,70.0,16.0,,,1,2,1,1,3
202100000262,2021-07-30 13:45:00,2021,7,30,13,45,06,06029,PERIER (BOULEVARD DU),43.56664,6.99505,Plein jour,En agglomération,Hors intersection,,Deux véhicules - arrière,4,3,3,0,2,1,1,0,1,30,,2,0,0,1,1,17.0,53.0,,,1,2,1,-1,2
202100000263,2021-07-29 07:50:00,2021,7,29,7,50,06,06027,LECLERCAVENUE GENERAL,43.658371,7.16343,Plein jour,En agglomération,Intersection en T,Normale,Deux véhicules - côté,7,2,2,0,1,1,1,0,1,50,,2,1,0,0,1,35.0,64.0,,,1,2,3,1,3
202100000264,2021-07-30 22:00:00,2021,7,30,22,0,06,06027,NICE AVENUE DE (RN7),43.6595991,7.169587,Nuit avec éclairage allumé,En agglomération,Intersection à plus de 4 branches,Normale,Deux véhicules - côté,7,-1,2,0,1,1,1,0,1,50,,2,1,0,0,1,17.0,21.0,,,5,2,5,1,3
202100000265,2021-07-26 19:25:00,2021,7,26,19,25,06,06029,MIDI (BOULEVARD DU),43.545181,6.97013,Plein jour,En agglomération,Hors intersection,Normale,Deux véhicules - côté,4,2,2,0,1,1,1,0,1,50,,2,1,0,0,1,33.0,25.0,,,1,2,1,1,3
202100000266,2021-05-25 06:10:00,2021,5,25,6,10,06,06027,NICE AVENUE DE (RN7),43.659278,7.166179,Plein jour,En agglomération,Intersection en T,Normale,Deux véhicules - côté,7,2,2,0,1,1,1,0,1,50,,2,1,0,0,1,43.0,27.0,,,1,2,3,1,3
202100000267,2021-04-20 11:20:00,2021,4,20,11,20,06,06027,BORD DE MER RN 98,43.656708,7.164281,Plein jour,En agglomération,Hors intersection,Normale,Deux véhicules - arrière,7,1,2,0,1,1,1,0,1,70,,2,1,0,0,1,38.0,29.0,,,1,2,1,1,2
202100000268,2021-10-07 09:45:00,2021,10,7,9,45,69,69383,FEUILLAT (R),45.745091,4.87475,Plein jour,En agglomération,Hors intersection,Normale,Autre collision,4,1,1,0,1,1,1,0,4,50,,1,0,0,0,1,78.0,,,,1,2,1,1,6
202100000269,2021-09-24 23:30:00,2021,9,24,23,30,13,13117,CD20 E,43.42694,5.2348,Nuit sans éclairage public,Hors agglomération,Intersection en Y,Normale,Trois véhicules et plus - collisions multiples,7,2,2,0,1,2,1,2,8,50,,4,0,1,2,1,19.0,66.0,,,3,1,4,1,5
202100000270,2021-10-14 17:50:00,2021,10,14,17,50,33,33036,Cours du Maréchal Foch,44.430114,-0.214244,Plein jour,En agglomération,Hors intersection,Normale,Deux véhicules - côté,3,2,1,0,2,3,1,0,1,50,,2,1,0,0,1,77.0,70.0,,,1,2,1,1,3
202100000271,2021-07-12 18:15:00,2021,7,12,18,15,91,91207,allée des joncs,48.584327,2.228337,Plein jour,En agglomération,Passage à niveau,Normale,Autre collision,4,2,-1,-1,1,1,1,4,1,-1,,2,1,1,0,0,34.0,,,,1,2,8,1,6
202100000272,2021-11-08 18:30:00,2021,11,8,18,30,74,74200,LAC (RUE DU),46.40299,6.61418,Nuit avec éclairage allumé,En agglomération,Hors intersection,Normale,Deux véhicules - côté,3,2,2,0,1,1,1,0,1,50,,2,1,0,1,0,41.0,34.0,,,5,2,1,1,3
202100000273,2021-09-18 21:00:00,2021,9,18,21,0,38,38544,AQUEDUCS(CHEMIN DES) ,45.5396791909,4.8613938689,Nuit avec éclairage allumé,En agglomération,Intersection en T,Temps couvert,Deux véhicules - côté,3,2,2,1,1,1,1,0,1,50,,3,1,0,0,2,14.0,51.0,,,5,2,3,8,3
202100000274,2021-09-18 20:33:00,2021,9,18,20,33,38,38544,VIADUC(RUE DU),45.53341,4.87382,Crépuscule ou aube,En agglomération,Intersection en T,Normale,Deux véhicules - côté,4,2,1,0,1,1,1,0,1,50,,2,1,0,0,1,7.0,21.0,,,2,2,3,1,3
202100000275,2021-09-14 07:15:00,2021,9,14,7,15,38,38544,CLAUDE BERNARD(QUAI),45.53999,4.86019,Plein jour,En agglomération,Hors intersection,Normale,Deux véhicules - côté,3,2,2,0,1,1,1,0,1,50,,2,1,0,1,0,42.0,40.0,,,1,2,1,1,3
202100000276,2021-05-22 10:27:00,2021,5,22,10,27,44,44135,Bd Atlantique Rue Codan,47.269411,-2.440717,Plein jour,En agglomération,Intersection à plus de 4 branches,Normale,Deux véhicules - côté,3,2,2,1,1,1,1,0,1,50,,6,0,0,6,0,59.0,21.0,,,1,2,5,1,3
202100000277,2021-10-29 03:25:00,2021,10,29,3,25,32,32368,N21,43.754427,0.620245,Nuit sans éclairage public,Hors agglomération,Hors intersection,Normale,Autre collision,2,2,2,0,1,1,1,0,3,80,,3,2,0,1,0,48.0,,,,3,1,1,1,6
202100000278,2021-12-30 17:00:00,2021,12,30,17,0,41,41114,A10,47.758043,1.552435,Crépuscule ou aube,Hors agglomération,Hors intersection,Temps éblouissant,Autre collision,1,3,3,0,1,1,1,0,1,130,,3,2,0,0,1,37.0,,,,2,1,1,7,6
202100000279,2021-08-12 09:40:00,2021,8,12,9,40,19,19275,THIERS (AVENUE) N° PAIRS,45.54595,2.30548,Plein jour,En agglomération,Hors intersection,Temps éblouissant,Autre collision,3,2,2,0,2,1,1,0,1,50,,2,1,0,1,0,52.0,,,,1,2,1,7,6
202100000280,2021-04-23 18:00:00,2021,4,23,18,0,73,73065,Rue de Champagne,45.5896362643,5.916286071,Plein jour,En agglomération,Intersection en T,Normale,Autre collision,4,2,2,0,1,1,1,0,1,50,,2,1,0,0,1,26.0,,,,1,2,3,1,6
202100000281,2021-04-28 12:40:00,2021,4,28,12,40,62,62160,CHATILLON (Bld de),50.725512,1.591231,Plein jour,En agglomération,Intersection en T,Normale,Deux véhicules - côté,4,2,2,0,1,1,1,5,1,30,,5,0,0,2,3,25.0,57.0,,,1,2,3,1,3
202100000282,2021-09-27 16:45:00,2021,9,27,16,45,69,69259,PROSPER ALFARIC (R),45.70419,4.87249,Plein jour,En agglomération,Intersection en X,Normale,Autre collision,4,2,2,0,2,1,1,0,1,50,,2,1,0,0,1,42.0,,,,1,2,2,1,6
202100000283,2021-09-23 08:30:00,2021,9,23,8,30,69,69386,CHARLES DE GAULLE (Q),45.783551,4.84906,Plein jour,En agglomération,Hors intersection,Normale,Deux véhicules - arrière,4,2,4,2,1,1,1,0,1,50,,2,1,0,0,1,,22.0,,,1,2,1,1,2
202100000284,2021-09-16 08:15:00,2021,9,16,8,15,69,69387,UNIVERSITE (DE L') (R),45.750021,4.84053,Plein jour,En agglomération,Hors intersection,Normale,Autre collision,4,1,3,1,1,1,2,0,1,50,,2,0,0,0,2,24.0,,,,1,2,1,1,6
202100000285,2021-09-09 07:45:00,2021,9,9,7,45,69,69383,CREQUI (DE) (R),45.753241,4.849,Plein jour,En agglomération,Intersection en X,Temps couvert,Deux véhicules - côté,4,1,1,2,1,1,1,0,1,50,,2,0,0,0,2,51.0,37.0,,,1,2,2,8,3