accident_id,datetime,annee,mois,jour,heure,minute,departement,commune_insee,adresse,latitude,longitude,luminosite,agglomeration,intersection,meteo,collision,catr,circ,nbv,vosp,prof,plan,surf,infra,situ,vma,nb_vehicules,nb_usagers,nb_indemnes,nb_tues,nb_blesses_hosp,nb_blesses_legers,age_cond_1,age_cond_2,veh_type_cond_1,veh_type_cond_2,lum_code,agg_code,int_code,atm_code,col_code
202100000381,2021-11-09 18:55:00,2021,11,9,18,55,50,50129,VAL DE SAIRE (RUE DU),49.63882,-1.61586,Nuit avec éclairage allumé,En agglomération,Hors intersection,Pluie légère,Deux véhicules - frontale,3,2,2,0,1,1,2,0,1,50,,2,1,0,0,1,41.0,60.0,,,5,2,1,2,1
202100000382,2021-12-12 04:15:00,2021,12,12,4,15,33,33122,A630,44.717713,-0.741091,Nuit sans éclairage public,Hors agglomération,Hors intersection,Normale,Deux véhicules - arrière,1,3,4,-1,1,1,1,0,1,110,,3,2,0,0,1,31.0,28.0,,,3,1,1,1,2
202100000383,2021-10-25 17:30:00,2021,10,25,17,30,74,74256,43 Route de la Provence,45.9394831,6.626252,Plein jour,En agglomération,Hors intersection,Normale,Autre collision,4,2,2,0,2,2,1,0,4,50,,1,0,0,1,0,35.0,,,,1,2,1,1,6
202100000384,2021-10-22 01:40:00,2021,10,22,1,40,74,74208,a40,45.911131,6.69442,Nuit avec éclairage allumé,Hors agglomération,Hors intersection,Normale,Autre collision,1,1,2,0,1,4,1,3,1,30,,2,1,0,1,0,27.0,,,,5,1,1,1,6
202100000385,2021-10-11 14:25:00,2021,10,11,14,25,74,74010,LYCEE (BOULEVARD DU)(BROGNY A PARMELAN),45.9058728408,6.129107058,Plein jour,En agglomération,Intersection en X,Normale,Deux véhicules - côté,3,2,2,0,1,1,1,5,1,30,,2,1,0,0,1,74.0,32.0,,,1,2,2,1,3
202100000386,2021-08-22 02:00:00,2021,8,22,2,0,33,33279,Route de Larame,44.523107,-0.253805,Nuit sans éclairage public,Hors agglomération,Hors intersection,Normale,Autre collision,4,2,2,-1,1,3,1,0,1,70,,4,2,0,0,2,19.0,,,,3,1,1,1,6
202100000387,2021-07-29 20:45:00,2021,7,29,20,45,04,04112,Inter rue des tourelles / Montée des bassins,43.8347,5.7785,Crépuscule ou aube,En agglomération,Giratoire,Normale,Deux véhicules - côté,4,2,2,0,1,2,1,0,1,30,,2,0,0,1,1,44.0,28.0,,,2,2,6,1,3
202100000388,2021-11-10 11:40:00,2021,11,10,11,40,25,25031,GRANDE RUE,47.48537,6.83528,Plein jour,En agglomération,Hors intersection,Normale,Autre collision,3,2,2,0,1,1,1,0,1,50,,2,1,0,1,0,53.0,,,,1,2,1,1,6
202100000389,2021-12-31 23:00:00,2021,12,31,23,0,35,35285,La vallée,47.76223,-1.979637,Nuit sans éclairage public,En agglomération,Hors intersection,Normale,Autre collision,4,2,2,0,1,1,1,0,3,80,,3,1,0,0,2,19.0,,,,3,2,1,1,6
202100000390,2021-10-10 10:30:00,2021,10,10,10,30,84,84007,MONTFAVET (Route),43.9407,4.82725,Plein jour,En agglomération,Hors intersection,Normale,Deux véhicules - côté,4,2,4,1,1,1,1,0,1,50,,2,1,0,1,0,45.0,29.0,,,1,2,1,1,3
202100000391,2021-11-14 18:15:00,2021,11,14,18,15,64,64129,BAYONNE DE,43.30505,-0.40183,Nuit avec éclairage allumé,En agglomération,Giratoire,Pluie légère,Deux véhicules - arrière,3,2,2,0,1,1,2,0,1,50,,5,2,0,0,3,,22.0,,,5,2,6,2,2
202100000392,2021-11-11 20:07:00,2021,11,11,20,7,17,17300,MOULIN   AVENUE JEAN,46.13992,-1.1452,Nuit avec éclairage allumé,En agglomération,Giratoire,Normale,Deux véhicules - côté,4,1,2,0,1,1,1,0,1,50,,2,1,0,0,1,21.0,22.0,,,5,2,6,1,3
202100000393,2021-11-14 13:50:00,2021,11,14,13,50,13,13103,AVENUE DE WERTHEIM,43.6476136463,5.0978875071,Crépuscule ou aube,En agglomération,Hors intersection,Normale,Deux véhicules - côté,4,2,3,0,1,1,1,0,1,50,,2,1,0,1,0,41.0,26.0,,,2,2,1,1,3
202100000394,2021-12-05 04:32:00,2021,12,5,4,32,2B,2B037,11 - RT,42.614131,9.43789,Nuit sans éclairage public,Hors agglomération,Hors intersection,Normale,Trois véhicules et plus - en chaîne,2,3,4,0,1,1,1,0,1,90,,6,4,0,0,2,18.0,26.0,,,3,1,1,1,4
202100000395,2021-10-21 01:20:00,2021,10,21,1,20,94,94011,Avenue de Verdun,48.7695,2.48266,Nuit avec éclairage allumé,En agglomération,Autre intersection,Pluie légère,Autre collision,4,2,2,0,1,1,2,0,1,50,,1,0,0,0,1,39.0,,,,5,2,9,2,6
202100000396,2021-12-27 14:00:00,2021,12,27,14,0,30,30352,D40,43.789523,4.092527,Plein jour,Hors agglomération,Hors intersection,Normale,Autre collision,3,2,2,0,2,1,1,0,1,50,,1,0,0,1,0,20.0,,,,1,1,1,1,6
202100000397,2021-12-20 13:55:00,2021,12,20,13,55,83,83115,place mermoz,43.310749,6.634616,Plein jour,En agglomération,Giratoire,Normale,Autre collision,4,2,2,0,1,1,1,5,1,50,,2,1,0,1,0,94.0,,,,1,2,6,1,6
202100000398,2021-09-13 22:25:00,2021,9,13,22,25,64,64445,RESISTANCE,43.30482,-0.37615,Nuit avec éclairage allumé,En agglomération,Hors intersection,Pluie légère,Deux véhicules - arrière,4,2,2,0,1,1,2,0,1,50,,3,0,0,0,3,49.0,49.0,,,5,2,1,2,2
202100000399,2021-07-28 15:50:00,2021,7,28,15,50,13,13071,D 543,43.41468,5.36714,Plein jour,En agglomération,Hors intersection,Normale,Deux véhicules - arrière,7,2,2,0,1,1,1,0,1,50,,5,3,0,0,2,33.0,20.0,,,1,2,1,1,2
202100000400,2021-07-28 00:00:00,2021,7,28,0,0,13,13106,PIGEONNIER (CHEMIN DU),43.40589,5.35491,Nuit avec éclairage allumé,En agglomération,Hors intersection,Normale,Sans collision,4,2,2,0,2,2,1,0,1,50,,2,0,0,0,2,17.0,,,,5,2,1,1,7
202100000401,2021-07-01 23:05:00,2021,7,1,23,5,13,13019,D9,43.45659,5.32238,Nuit sans éclairage public,Hors agglomération,Hors intersection,Normale,Deux véhicules - frontale,7,1,3,0,2,1,1,3,1,110,,2,0,0,0,2,47.0,24.0,,,3,1,1,1,1
202100000402,2021-06-25 17:15:00,2021,6,25,17,15,13,13071,CD 6,43.41318,5.34074,Plein jour,Hors agglomération,Hors intersection,Normale,Deux véhicules - côté,7,2,3,0,2,1,1,0,1,80,,3,2,0,1,0,50.0,25.0,,,1,1,1,1,3
202100000403,2021-06-11 18:00:00,2021,6,11,18,0,13,13071,AVENUE DU PLAN DE CAMPAGNE,43.4169936602,5.3558168775,Plein jour,En agglomération,Autre intersection,Normale,Deux véhicules - côté,7,1,0,0,1,1,1,0,1,50,,5,2,0,0,3,45.0,50.0,,,1,2,9,1,3
202100000404,2021-03-20 18:00:00,2021,3,20,18,0,13,13071,COLLET ROUGE ( CHEMIN DU ),43.41016,5.36512,Crépuscule ou aube,Hors agglomération,Hors intersection,Normale,Deux véhicules - côté,7,2,2,0,2,2,1,0,1,50,,3,2,0,0,1,,,,,2,1,1,1,3
202100000405,2021-03-17 08:00:00,2021,3,17,8,0,13,13071,VIEILLE ROUTE DE LA GAVOTTE,43.39425,5.34035,Crépuscule ou aube,En agglomération,Autre intersection,Normale,Deux véhicules - frontale,6,1,1,0,2,1,1,0,1,15,,2,1,0,0,1,30.0,,,,2,2,9,1,1
202100000406,2021-02-23 18:00:00,2021,2,23,18,0,13,13071,ROUTE NATIONALE 113 - MONTEE DE L'ASSASS,43.40717,5.32998,Crépuscule ou aube,En agglomération,Hors intersection,Normale,Deux véhicules - côté,7,2,1,0,2,4,1,9,1,50,,3,0,0,2,1,20.0,45.0,,,2,2,1,1,3
202100000407,2021-11-12 10:00:00,2021,11,12,10,0,13,13001,RD9,43.50432,5.39546,Plein jour,En agglomération,Giratoire,Pluie légère,Deux véhicules - arrière,7,1,2,0,2,1,2,5,1,50,,3,1,0,0,2,35.0,52.0,,,1,2,6,2,2
202100000408,2021-11-09 22:50:00,2021,11,9,22,50,13,13001,DALMAS JEAN (RUE),43.53198,5.42996,Nuit avec éclairage allumé,En agglomération,Hors intersection,Normale,Deux véhicules - côté,7,2,2,0,1,1,1,0,1,50,,2,1,0,0,1,39.0,24.0,,,5,2,1,1,3
202100000409,2021-11-09 10:24:00,2021,11,9,10,24,13,13001,CLUB HIPPIQUE (AV),43.51438,5.31961,Plein jour,En agglomération,Autre intersection,Normale,Sans collision,7,2,2,0,1,1,1,0,4,50,,1,0,0,0,1,68.0,,,,1,2,9,1,7
202100000410,2021-10-25 09:57:00,2021,10,25,9,57,69,69059,VALLEE (DE LA) (RTE),45.856789,4.700528,Plein jour,Hors agglomération,Passage à niveau,Normale,Autre collision,3,2,2,0,1,1,1,4,6,50,,2,1,1,0,0,32.0,,,,1,1,8,1,6
202100000411,2021-07-19 17:15:00,2021,7,19,17,15,86,86213,Rue de la Liberation,46.418686,0.041007,Plein jour,En agglomération,Passage à niveau,Normale,Autre collision,3,2,-1,-1,1,1,1,4,1,-1,,2,1,1,0,0,54.0,,,,1,2,8,1,6
202100000412,2021-01-13 08:10:00,2021,1,13,8,10,33,33490,Rue Mirambeau,45.4334281,-1.046693,Crépuscule ou aube,En agglomération,Passage à niveau,Pluie légère,Autre collision,4,2,2,0,1,1,1,4,8,30,,2,1,1,0,0,38.0,,,,2,2,8,2,6
202100000413,2021-11-05 19:07:00,2021,11,5,19,7,87,87085,GARIBALDI (AVENUE),45.83741,1.25922,Nuit avec éclairage allumé,En agglomération,Hors intersection,Normale,Autre collision,4,2,2,0,1,1,1,0,1,50,,2,1,0,1,0,21.0,,,,5,2,1,1,6
202100000414,2021-11-13 07:45:00,2021,11,13,7,45,83,83137,LECLERC (AVE GENERAL),43.12567,5.92861,Plein jour,En agglomération,Hors intersection,Normale,Deux véhicules - arrière,4,2,6,0,1,1,1,0,1,50,,3,1,0,0,2,27.0,27.0,,,1,2,1,1,2
202100000415,2021-11-08 17:05:00,2021,11,8,17,5,83,83062,HOUOT (AVENUE CDT),43.10772,5.98517,Plein jour,Hors agglomération,Hors intersection,Normale,Deux véhicules - côté,7,2,2,0,1,1,1,0,1,50,,2,1,0,0,1,75.0,73.0,,,1,1,1,1,3
202100000416,2021-11-12 02:25:00,2021,11,12,2,25,59,59599,MAURIAC (RUE FRANCOIS),50.7065450847,3.1566093788,Nuit avec éclairage allumé,En agglomération,Intersection en X,Normale,Deux véhicules - côté,4,2,1,0,1,1,1,0,1,50,,2,1,0,0,1,,26.0,,,5,2,2,1,3
202100000417,2021-11-14 09:35:00,2021,11,14,9,35,33,33281,Rue Bertheau,44.84811,-0.64135,Plein jour,En agglomération,Hors intersection,Normale,Deux véhicules - arrière,4,2,2,0,1,1,1,0,1,30,,2,1,0,0,1,22.0,55.0,,,1,2,1,1,2
202100000418,2021-11-14 00:10:00,2021,11,14,0,10,31,31149,RN124,43.60669,1.32914,Nuit sans éclairage public,En agglomération,Hors intersection,Pluie légère,Deux véhicules - arrière,2,1,2,0,1,1,2,0,1,90,,2,1,0,0,1,62.0,,,,3,2,1,2,2
202100000419,2021-11-05 22:25:00,2021,11,5,22,25,19,19031,ROUSSEAU (AVENUE JEAN JACQUES),45.14826,1.50933,Nuit avec éclairage allumé,En agglomération,Intersection en X,Normale,Deux véhicules - côté,3,2,2,0,1,1,1,0,1,50,,3,1,0,0,2,46.0,60.0,,,5,2,2,1,3
202100000420,2021-11-12 08:42:00,2021,11,12,8,42,06,06088,FRANCE (R. DE) A PARTIR DU N° 66-91,43.69218,7.2469,Plein jour,En agglomération,Hors intersection,Temps couvert,Autre collision,4,3,2,3,1,1,1,4,6,25,,2,1,0,0,1,42.0,,,,1,2,1,8,6
202100000421,2021-11-18 16:15:00,2021,11,18,16,15,25,25474,A36,47.3392298433,6.2296772005,Plein jour,Hors agglomération,Hors intersection,Normale,Sans collision,1,3,4,0,1,1,1,0,1,130,,1,0,0,0,1,49.0,,,,1,1,1,1,7
202100000422,2021-12-04 17:30:00,2021,12,4,17,30,28,28363,"A10, PK041+900, EN DIRECTION D LA PROVINCE",48.413479,1.897287,Plein jour,Hors agglomération,Hors intersection,Neige / grêle,Trois véhicules et plus - collisions multiples,1,3,3,0,1,1,9,0,8,130,,2,0,0,0,2,48.0,,,,1,1,1,4,5
202100000423,2021-12-22 19:50:00,2021,12,22,19,50,67,67085,Rue du Vignoble,48.5692715951,7.4650651217,Nuit sans éclairage public,En agglomération,Hors intersection,Normale,Autre collision,4,2,2,0,1,1,1,0,3,80,,1,0,0,1,0,25.0,,,,3,2,1,1,6
202100000424,2021-06-25 02:20:00,2021,6,25,2,20,73,73008,Passage Victoria,45.6892858791,5.9090058811,Nuit avec éclairage allumé,En agglomération,Hors intersection,Normale,Autre collision,4,2,2,0,2,3,1,1,1,50,,1,0,0,1,0,20.0,,,,5,2,1,1,6
202100000425,2021-08-25 20:00:00,2021,8,25,20,0,69,69259,MAURICE THOREZ (AV),45.6998134935,4.862398997,Crépuscule ou aube,En agglomération,Hors intersection,Normale,Sans collision,4,3,2,2,1,1,1,0,1,50,,1,0,0,0,1,16.0,,,,2,2,1,1,7
202100000426,2021-08-15 01:50:00,2021,8,15,1,50,69,69387,MARC BLOCH (R ),45.746786051,4.8460929489,Nuit avec éclairage allumé,En agglomération,Hors intersection,Normale,Autre collision,4,1,4,0,1,1,1,0,1,50,,1,0,0,0,1,28.0,,,,5,2,1,1,6
202100000427,2021-11-08 11:44:00,2021,11,8,11,44,68,68066,BERNE (RUE DE),48.0713,7.32956,Plein jour,En agglomération,Hors intersection,Normale,Autre collision,4,2,1,0,1,1,1,0,1,30,,2,1,0,0,1,36.0,,,,1,2,1,1,6
202100000428,2021-11-12 19:10:00,2021,11,12,19,10,27,27229,CITES UNIES (BOULEVARD DES),49.01817,1.14276,Nuit avec éclairage allumé,En agglomération,Hors intersection,Pluie légère,Deux véhicules - côté,4,1,2,0,1,1,2,0,1,50,,3,1,0,0,2,54.0,53.0,,,5,2,1,2,3
202100000429,2021-11-11 19:40:00,2021,11,11,19,40,18,18267,SAINT-AMAND (AVENUE DE),47.0362,2.38908,Nuit sans éclairage public,Hors agglomération,Hors intersection,Normale,Deux véhicules - arrière,3,2,1,0,1,1,1,0,1,90,,5,0,0,1,4,47.0,54.0,,,3,1,1,1,2
202100000430,2021-11-13 23:20:00,2021,11,13,23,20,13,13208,PRADO (AVENUE DU),43.2704975943,5.3881923555,Nuit avec éclairage allumé,En agglomération,Hors intersection,Normale,Deux véhicules - côté,4,1,4,0,1,1,1,9,1,50,,3,1,0,0,2,27.0,26.0,,,5,2,1,1,3
202100000431,2021-10-16 21:35:00,2021,10,16,21,35,75,75106,RUE DE VAUGIRARD,48.848988,2.334113,Nuit avec éclairage allumé,En agglomération,Intersection en T,Normale,Autre collision,4,2,2,0,1,1,1,0,1,30,,1,0,0,0,1,43.0,,,,5,2,3,1,6
202100000432,2021-09-27 08:35:00,2021,9,27,8,35,67,67339,RD 263,48.912163,7.874429,Plein jour,Hors agglomération,Hors intersection,Normale,Deux véhicules - frontale,3,2,2,0,1,1,1,0,1,90,,3,0,0,3,0,19.0,21.0,,,1,1,1,1,1
202100000433,2021-11-10 06:45:00,2021,11,10,6,45,49,49018,D60,47.495226,-0.130849,Nuit sans éclairage public,Hors agglomération,Intersection en X,Normale,Deux véhicules - côté,3,2,2,0,1,1,1,0,1,80,,2,1,0,1,0,43.0,16.0,,,3,1,2,1,3
202100000434,2021-12-17 13:40:00,2021,12,17,13,40,73,73288,A41 PK92.400,45.631404,5.908641,Plein jour,Hors agglomération,Hors intersection,Normale,Deux véhicules - arrière,1,3,4,0,2,1,1,0,1,130,,3,2,0,1,0,42.0,32.0,,,1,1,1,1,2
202100000435,2021-06-30 09:00:00,2021,6,30,9,0,95,95127, A15,49.0406586712,2.0819080787,Plein jour,Hors agglomération,Hors intersection,Normale,Deux véhicules - arrière,1,3,6,0,1,1,1,0,1,90,,2,0,0,0,2,47.0,28.0,,,1,1,1,1,2
202100000436,2021-06-11 09:45:00,2021,6,11,9,45,971,97107,DELGRES ( BOULEVARD ),16.04443,-61.56516,Plein jour,En agglomération,Autre intersection,Normale,Deux véhicules - arrière,2,1,1,0,1,1,1,0,1,30,,2,1,0,0,1,20.0,39.0,,,1,2,9,1,2
202100000437,2021-09-30 18:55:00,2021,9,30,18,55,38,38317,D1075,45.1212041,5.696894,Crépuscule ou aube,En agglomération,Hors intersection,Normale,Deux véhicules - côté,7,2,2,0,1,3,1,2,1,50,,2,1,0,0,1,22.0,49.0,,,2,2,1,1,3
202100000438,2021-09-30 17:45:00,2021,9,30,17,45,38,38006,Boulevard des Anciens d Algérie,45.401452,6.0796451,Crépuscule ou aube,En agglomération,Intersection en T,Normale,Autre collision,3,2,2,0,1,1,1,0,1,50,,2,1,1,0,0,54.0,,,,2,2,3,1,6
202100000439,2021-09-29 12:55:00,2021,9,29,12,55,38,38307,route départementale 51,45.400771,5.068356,Plein jour,Hors agglomération,Intersection en X,Normale,Deux véhicules - côté,3,2,2,0,1,1,1,0,1,80,,5,4,0,1,0,57.0,38.0,,,1,1,2,1,3
202100000440,2021-09-29 10:45:00,2021,9,29,10,45,38,38382,Route de lyon,45.237631,5.660274,Plein jour,En agglomération,Intersection en Y,Normale,Deux véhicules - côté,7,1,1,0,1,1,1,5,8,50,,2,1,0,0,1,91.0,77.0,,,1,2,4,1,3
202100000441,2021-09-28 19:35:00,2021,9,28,19,35,38,38261,560 Chemin de Balmette,45.671961,5.46186,Nuit avec éclairage non allumé,En agglomération,Hors intersection,Normale,Deux véhicules - frontale,4,2,2,0,1,1,1,0,1,50,,3,2,0,0,1,49.0,54.0,,,4,2,1,1,1
202100000442,2021-09-28 12:00:00,2021,9,28,12,0,38,38511,route départemantale 29,45.3528241,5.961199,Plein jour,Hors agglomération,Hors intersection,Normale,Deux véhicules - frontale,3,2,2,0,1,1,1,0,1,80,,2,0,0,1,1,24.0,20.0,,,1,1,1,1,1
202100000443,2021-05-10 08:40:00,2021,5,10,8,40,38,38544,Rue Victor Baltard,45.51379,4.91669,Plein jour,En agglomération,Hors intersection,Pluie forte,Autre collision,4,1,0,0,2,2,2,0,1,50,,2,1,0,1,0,38.0,,,,1,2,1,3,6
202100000444,2021-09-21 14:50:00,2021,9,21,14,50,73,73067,D76 A Route des Attignours,45.365961,6.290397,Plein jour,Hors agglomération,Hors intersection,Normale,Sans collision,3,2,2,0,2,2,1,0,1,80,,1,0,0,1,0,25.0,,,,1,1,1,1,7
202100000445,2021-09-17 23:36:00,2021,9,17,23,36,73,73011,ARLANDAZ (ROUTE DE L'),45.671911,6.37224,Nuit avec éclairage non allumé,En agglomération,Hors intersection,Normale,Autre collision,4,-1,2,0,1,2,1,0,3,30,,4,1,0,0,3,37.0,,,,4,2,1,1,6
202100000446,2021-09-15 09:30:00,2021,9,15,9,30,73,73245,RD1504,45.6934411,5.83035,Plein jour,Hors agglomération,Hors intersection,Pluie légère,Autre collision,3,2,2,0,3,3,2,0,3,80,,3,2,0,1,0,22.0,,,,1,1,1,2,6
202100000447,2021-09-14 13:00:00,2021,9,14,13,0,73,73330,RD 921,45.7397942175,5.7804527879,Plein jour,Hors agglomération,Hors intersection,Normale,Autre collision,3,2,2,0,1,2,1,0,1,80,,1,0,0,1,0,82.0,,,,1,1,1,1,6
202100000448,2021-09-09 06:45:00,2021,9,9,6,45,73,73081,D59 Villaret Rouge,45.6911481,6.11196,Crépuscule ou aube,Hors agglomération,Hors intersection,Normale,Autre collision,3,2,2,0,1,1,1,0,1,70,,2,0,0,1,1,67.0,55.0,,,2,1,1,1,6
202100000449,2021-07-14 16:40:00,2021,7,14,16,40,73,73255,Rte du Glandon,45.33501696,6.291340382,Plein jour,En agglomération,Intersection en T,Pluie légère,Deux véhicules - côté,4,2,2,0,1,1,2,0,1,50,,2,1,0,1,0,16.0,51.0,,,1,2,3,2,3
202100000450,2021-12-10 15:25:00,2021,12,10,15,25,25,25532,22 Rue de la Fontaine,47.2197,6.10974,Plein jour,En agglomération,Hors intersection,Normale,Autre collision,4,2,2,0,1,2,2,0,8,50,,1,0,1,0,0,74.0,,,,1,2,1,1,6
202100000451,2021-10-05 16:30:00,2021,10,5,16,30,973,97309,Route de la Matourienne,4.877093,-52.297856,Plein jour,Hors agglomération,Hors intersection,Normale,Deux véhicules - arrière,3,2,2,0,1,1,1,0,1,80,,2,1,0,1,0,40.0,67.0,,,1,1,1,1,2
202100000452,2021-11-08 07:50:00,2021,11,8,7,50,78,78242,CD 11,48.8131,2.03483,Crépuscule ou aube,En agglomération,Intersection en T,Normale,Autre collision,3,2,4,0,1,1,1,0,1,50,,2,1,0,1,0,25.0,,,,2,2,3,1,6
202100000453,2021-11-12 17:15:00,2021,11,12,17,15,972,97209,AUTOROUTE A1,14.614397,-61.049058,Crépuscule ou aube,En agglomération,Hors intersection,Pluie légère,Autre collision,1,1,3,0,2,3,2,0,1,90,,1,0,0,0,1,22.0,,,,2,2,1,2,6
202100000454,2021-11-14 07:05:00,2021,11,14,7,5,64,64445,GUILHEM,43.3204047836,-0.3351634741,Nuit avec éclairage non allumé,En agglomération,Hors intersection,Pluie légère,Sans collision,4,2,2,0,1,1,2,0,1,50,,2,1,0,0,1,,,,,4,2,1,2,7
202100000455,2021-11-08 16:00:00,2021,11,8,16,0,45,45234,OLIVET (ROUTE D'OLIVET),47.8832258044,1.9039821625,Plein jour,En agglomération,Hors intersection,Normale,Deux véhicules - côté,7,2,2,0,1,1,1,0,1,50,,2,1,0,0,1,27.0,20.0,,,1,2,1,1,3
202100000456,2021-11-08 17:00:00,2021,11,8,17,0,45,45298,EUROPE (PONT DE L'EUROPE),47.89336,1.87625,Plein jour,En agglomération,Hors intersection,Normale,Deux véhicules - côté,4,2,4,0,1,1,1,2,1,50,,2,1,0,0,1,78.0,35.0,,,1,2,1,1,3
202100000457,2021-11-14 21:30:00,2021,11,14,21,30,13,13211,WILLIAM BOOTH (AVENUE),43.296,5.448,Nuit avec éclairage allumé,En agglomération,Intersection en T,Pluie légère,Deux véhicules - côté,4,2,2,1,1,1,2,6,1,50,,3,1,0,0,2,55.0,33.0,,,5,2,3,2,3
202100000458,2021-11-14 11:15:00,2021,11,14,11,15,13,13212,CREDENCE (RUE),43.32055,5.44511,Plein jour,En agglomération,Intersection en Y,Normale,Deux véhicules - côté,4,-1,2,0,2,1,1,0,8,30,,2,1,0,0,1,64.0,25.0,,,1,2,4,1,3
202100000459,2021-11-13 19:15:00,2021,11,13,19,15,13,13209,REDON (BOULEVARD DU),43.24952,5.42236,Nuit avec éclairage allumé,En agglomération,Autre intersection,Normale,Deux véhicules - côté,4,2,4,0,1,1,1,5,1,50,,3,2,0,0,1,18.0,20.0,,,5,2,9,1,3
202100000460,2021-11-13 13:30:00,2021,11,13,13,30,972,97209,AUTOROUTE A1,14.616394,-61.04284,Plein jour,Hors agglomération,Hors intersection,Normale,Trois véhicules et plus - en chaîne,1,3,4,0,1,1,1,0,1,90,,4,2,0,0,2,62.0,20.0,,,1,1,1,1,4
202100000461,2021-11-09 16:23:00,2021,11,9,16,23,2A,2A004,ROUTE DU STILETTO,41.94649,8.76464,Plein jour,En agglomération,Hors intersection,Normale,Deux véhicules - côté,3,2,2,0,2,1,1,0,1,50,,2,1,0,0,1,18.0,31.0,,,1,2,1,1,3
202100000462,2021-12-31 16:27:00,2021,12,31,16,27,19,19031,MIRABEAU (BOULEVARD) COTE NORD,45.16473,1.52102,Plein jour,En agglomération,Intersection en T,Normale,Deux véhicules - côté,4,2,2,0,1,1,1,0,1,50,,2,1,0,0,1,18.0,70.0,,,1,2,3,1,3
202100000463,2021-12-07 18:15:00,2021,12,7,18,15,19,19031,VOLTAIRE (BOULEVARD),45.16188,1.54078,Nuit avec éclairage allumé,En agglomération,Intersection en X,Pluie forte,Deux véhicules - arrière,3,2,2,0,1,1,2,0,1,50,,2,1,0,0,1,25.0,17.0,,,5,2,2,3,2
202100000464,2021-10-29 17:25:00,2021,10,29,17,25,19,19031,BRUNE (BOULEVARD),45.15346,1.53643,Plein jour,En agglomération,Hors intersection,Normale,Deux véhicules - côté,4,2,2,0,1,1,1,0,1,50,,2,1,0,0,1,16.0,48.0,,,1,2,1,1,3
202100000465,2021-07-28 13:35:00,2021,7,28,13,35,19,19031,MALECROIX (RUE DE),45.15121,1.54917,Plein jour,En agglomération,Hors intersection,Normale,Deux véhicules - arrière,4,2,2,0,1,1,1,0,1,50,,2,1,0,0,1,64.0,21.0,,,1,2,1,1,2
202100000466,2021-07-07 16:05:00,2021,7,7,16,5,19,19031,FAURE (RUE ADRIEN ET EVA),45.1554060216,1.5339395591,Plein jour,En agglomération,Hors intersection,Normale,Autre collision,4,2,2,0,1,1,1,0,1,50,,3,1,0,0,2,88.0,,,,1,2,1,1,6
202100000467,2021-12-23 07:00:00,2021,12,23,7,0,971,97117,D114,16.326976,-61.35287,Plein jour,En agglomération,Intersection en X,Normale,Deux véhicules - côté,3,2,2,0,1,2,1,0,1,50,,2,0,0,2,0,29.0,55.0,,,1,2,2,1,3
202100000468,2021-11-12 15:00:00,2021,11,12,15,0,972,97209,RELIGIEUSES (ROUTE DES),14.61573,-61.05835,Plein jour,En agglomération,Intersection en T,Normale,Deux véhicules - côté,3,2,2,0,1,1,1,3,1,50,,5,0,0,0,4,,39.0,,,1,2,3,1,3
202100000469,2021-11-12 10:20:00,2021,11,12,10,20,69,69266,GABRIEL PERI (R),45.77104,4.86396,Plein jour,En agglomération,Hors intersection,Normale,Autre collision,4,2,2,2,1,1,1,0,1,50,,2,1,0,0,1,32.0,,,,1,2,1,1,6
202100000470,2021-11-09 11:40:00,2021,11,9,11,40,66,66136,BALEARES ROND POINT ET CITE DES,42.68848,2.89502,Plein jour,En agglomération,Giratoire,Normale,Deux véhicules - côté,4,1,1,0,1,3,1,0,1,50,,2,1,0,0,1,50.0,63.0,,,1,2,6,1,3
202100000471,2021-11-14 12:10:00,2021,11,14,12,10,37,37122,GUTENBERG (RUE),47.3488856992,0.6479999099,Plein jour,En agglomération,Hors intersection,Pluie légère,Autre collision,6,-1,-1,0,1,1,2,0,1,10,,3,2,0,0,1,67.0,,,,1,2,1,2,6
202100000472,2021-10-18 17:15:00,2021,10,18,17,15,75,75102,BOULEVARD DE SEBASTOPOL,48.86703,2.352976,Plein jour,En agglomération,Intersection en T,Normale,Autre collision,4,2,5,0,1,1,1,0,1,30,,2,1,0,0,1,55.0,,,,1,2,3,1,6
202100000473,2021-12-31 23:40:00,2021,12,31,23,40,59,59350,ANCIENNE BALATERIE RUE DE L,50.63567,3.00977,Nuit avec éclairage allumé,En agglomération,Intersection en X,Normale,Trois véhicules et plus - collisions multiples,4,2,2,2,1,1,1,0,1,50,,6,0,0,0,6,80.0,18.0,,,5,2,2,1,5
202100000474,2021-12-04 19:57:00,2021,12,4,19,57,30,30189,Route d’Uzes,43.8614,4.377,Nuit avec éclairage allumé,En agglomération,Autre intersection,Normale,Deux véhicules - côté,3,-1,2,0,1,1,1,0,1,50,,4,1,0,1,2,25.0,78.0,,,5,2,9,1,3
202100000475,2021-06-16 13:22:00,2021,6,16,13,22,19,19031,VOLTAIRE (BOULEVARD),45.1600699424,1.5406576395,Plein jour,En agglomération,Intersection en T,Normale,Deux véhicules - côté,4,2,2,0,1,1,1,0,1,50,,3,1,0,0,2,36.0,52.0,,,1,2,3,1,3
202100000476,2021-05-22 14:45:00,2021,5,22,14,45,19,19031,PARIS (AVENUE DE),45.1637890746,1.5322977148,Plein jour,En agglomération,Intersection en T,Normale,Deux véhicules - côté,4,2,2,0,1,1,1,0,1,50,,3,1,0,0,2,17.0,54.0,,,1,2,3,1,3