accident_id,datetime,annee,mois,jour,heure,minute,departement,commune_insee,adresse,latitude,longitude,luminosite,agglomeration,intersection,meteo,collision,catr,circ,nbv,vosp,prof,plan,surf,infra,situ,vma,nb_vehicules,nb_usagers,nb_indemnes,nb_tues,nb_blesses_hosp,nb_blesses_legers,age_cond_1,age_cond_2,veh_type_cond_1,veh_type_cond_2,lum_code,agg_code,int_code,atm_code,col_code
202100000477,2021-05-17 11:15:00,2021,5,17,11,15,19,19031,DE JOUVENEL (BOULEVARD HENRI),45.1627745065,1.5227977382,Plein jour,En agglomération,Intersection en X,Normale,Deux véhicules - côté,4,2,3,0,1,1,1,5,1,50,,3,2,0,0,1,45.0,83.0,,,1,2,2,1,3
202100000478,2021-05-03 18:35:00,2021,5,3,18,35,19,19031,MONTEIL (ROND-POINT ANDRE),45.1478379568,1.4897847174,Plein jour,En agglomération,Giratoire,Normale,Deux véhicules - côté,3,1,2,0,1,2,1,5,1,50,,2,1,0,0,1,56.0,48.0,,,1,2,6,1,3
202100000479,2021-02-24 14:50:00,2021,2,24,14,50,19,19031,COLI (RUE),45.16195,1.55325,Plein jour,En agglomération,Intersection en T,Normale,Deux véhicules - côté,4,2,2,0,1,1,1,0,1,50,,2,1,0,0,1,39.0,17.0,,,1,2,3,1,3
202100000480,2021-01-21 13:05:00,2021,1,21,13,5,19,19031,ROOSEVELT (AVENUE DU PRESIDENT),45.15742,1.52372,Plein jour,En agglomération,Intersection en X,Normale,Deux véhicules - côté,4,2,3,0,1,1,1,5,1,50,,2,1,0,0,1,30.0,16.0,,,1,2,2,1,3
202100000481,2021-12-16 12:37:00,2021,12,16,12,37,11,11262,BORDEAUX (AVENUE DE),43.18207,2.98884,Plein jour,En agglomération,Hors intersection,Normale,Deux véhicules - arrière,4,2,2,0,1,1,1,9,1,50,,2,1,0,0,1,55.0,34.0,,,1,2,1,1,2
202100000482,2021-12-30 13:25:00,2021,12,30,13,25,24,24449,Claud de l Oiseau,45.020452,0.2317,Plein jour,Hors agglomération,Hors intersection,Normale,Deux véhicules - côté,3,2,2,0,1,1,1,0,1,80,,3,2,0,1,0,64.0,35.0,,,1,1,1,1,3
202100000483,2021-12-25 10:15:00,2021,12,25,10,15,972,97226,quartier les anglais,14.438374,-60.86686,Plein jour,Hors agglomération,Hors intersection,Normale,Deux véhicules - frontale,3,2,2,0,1,2,1,0,1,50,,3,1,0,0,2,64.0,73.0,,,1,1,1,1,1
202100000484,2021-06-01 06:30:00,2021,6,1,6,30,91,91547,D838,48.422836,1.960191,Plein jour,Hors agglomération,Autre intersection,Normale,Deux véhicules - côté,9,2,2,0,1,1,1,0,1,80,,2,1,0,0,1,48.0,78.0,,,1,1,9,1,3
202100000485,2021-12-19 04:20:00,2021,12,19,4,20,13,13071,A7-Sens Lyon vers Marseille,43.418027,5.273375,Nuit sans éclairage public,Hors agglomération,Hors intersection,Normale,Autre collision,1,1,2,0,1,1,1,0,1,90,,2,1,0,0,1,25.0,25.0,,,3,1,1,1,6
202100000486,2021-10-27 17:40:00,2021,10,27,17,40,50,50129,TANNERIES (RUE DES),49.632841,-1.62288,Plein jour,En agglomération,Hors intersection,Normale,Deux véhicules - côté,3,3,2,0,4,1,1,0,1,50,,2,1,0,0,1,74.0,20.0,,,1,2,1,1,3
202100000487,2021-10-16 15:45:00,2021,10,16,15,45,50,50502,STRASBOURG (bld),49.099771,-1.08168,Plein jour,En agglomération,Hors intersection,Normale,Autre collision,3,2,1,0,1,1,1,9,1,50,,2,1,0,0,1,48.0,,,,1,2,1,1,6
202100000488,2021-10-14 16:45:00,2021,10,14,16,45,50,50002,COUTANCES (route de),49.11205,-1.12865,Plein jour,En agglomération,Hors intersection,Temps éblouissant,Deux véhicules - côté,3,2,2,0,1,1,1,0,1,50,,2,1,0,0,1,14.0,41.0,,,1,2,1,7,3
202100000489,2021-10-09 15:45:00,2021,10,9,15,45,50,50502,PAUL NELSON (rond point),49.103171,-1.11336,Plein jour,En agglomération,Giratoire,Normale,Autre collision,3,2,2,0,1,1,1,5,1,50,,2,1,0,1,0,38.0,,,,1,2,6,1,6
202100000490,2021-10-30 08:50:00,2021,10,30,8,50,30,30028,NIMES (ROUTE DE),44.15341,4.6175,Plein jour,En agglomération,Hors intersection,Pluie forte,Autre collision,9,2,1,0,1,1,2,0,1,50,,2,1,0,0,1,73.0,,,,1,2,1,3,6
202100000491,2021-10-29 17:45:00,2021,10,29,17,45,76,76351,VERDUN (RUE DE),49.5017868881,0.1546383607,Plein jour,En agglomération,Hors intersection,Normale,Trois véhicules et plus - en chaîne,3,2,2,0,1,1,1,0,1,50,,3,1,0,0,2,31.0,58.0,,,1,2,1,1,4
202100000492,2021-10-27 16:20:00,2021,10,27,16,20,76,76351,SEIZIEME PORT (AVENUE DU),49.4821030652,0.1601892332,Plein jour,En agglomération,Hors intersection,Normale,Deux véhicules - arrière,4,3,3,3,1,1,1,0,1,50,,2,1,0,1,0,22.0,39.0,,,1,2,1,1,2
202100000493,2021-10-19 13:30:00,2021,10,19,13,30,76,76351,STRASBOURG (BD),49.49276,0.12016,Plein jour,En agglomération,Hors intersection,Normale,Deux véhicules - arrière,4,2,2,3,1,1,1,0,1,50,,2,1,0,0,1,24.0,53.0,,,1,2,1,1,2
202100000494,2021-10-17 21:25:00,2021,10,17,21,25,76,76351,VERDUN (RUE DE),49.5013935778,0.1500253379,Nuit avec éclairage non allumé,En agglomération,Intersection en X,Normale,Deux véhicules - côté,3,2,2,0,1,1,1,0,1,50,,2,0,0,0,2,55.0,19.0,,,4,2,2,1,3
202100000495,2021-10-16 19:30:00,2021,10,16,19,30,76,76351,LAFAYETTE ( COURS),49.491761,0.1252,Nuit avec éclairage allumé,En agglomération,Hors intersection,Normale,Deux véhicules - frontale,4,3,5,0,1,1,1,0,1,50,,2,1,0,1,0,27.0,53.0,,,5,2,1,1,1
202100000496,2021-06-07 16:00:00,2021,6,7,16,0,59,59606,THOLOZE (RUE),50.3610386221,3.520206213,Plein jour,En agglomération,Passage à niveau,Normale,Autre collision,9,-1,0,0,1,1,1,4,6,1,,2,1,0,1,0,40.0,,,,1,2,8,1,6
202100000497,2021-10-31 16:15:00,2021,10,31,16,15,95,95268,RUE DE LA PAIX,48.974606,2.38801,Plein jour,En agglomération,Intersection en T,Normale,Deux véhicules - côté,4,2,2,0,1,1,1,0,1,50,,2,1,0,0,1,34.0,26.0,,,1,2,3,1,3
202100000498,2021-11-13 15:00:00,2021,11,13,15,0,91,91201,RUE PIERRE BROSSOLETTE,48.67625,2.41169,Plein jour,En agglomération,Autre intersection,Temps couvert,Deux véhicules - côté,4,2,2,0,1,1,1,0,1,50,,2,1,0,0,1,34.0,18.0,,,1,2,9,8,3
202100000499,2021-10-30 00:50:00,2021,10,30,0,50,78,78586,JOUHAUX (LEON),48.9476,2.18814,Nuit avec éclairage allumé,En agglomération,Intersection en T,Pluie légère,Deux véhicules - côté,4,2,2,0,1,1,2,9,1,50,,2,1,0,0,1,15.0,19.0,,,5,2,3,2,3
202100000500,2021-10-03 00:05:00,2021,10,3,0,5,78,78358,SAINT GERMAIN (AVENUE DE),48.94032,2.138409,Nuit avec éclairage allumé,En agglomération,Hors intersection,Pluie forte,Autre collision,3,2,2,0,1,1,2,9,1,50,,1,0,0,1,0,38.0,,,,5,2,1,3,6
202100000501,2021-10-16 17:05:00,2021,10,16,17,5,78,78124,GENERAL LECLERC (RUE DU),48.90719,2.17519,Plein jour,En agglomération,Autre intersection,Normale,Autre collision,3,2,1,0,1,3,1,9,1,30,,3,1,0,0,2,62.0,,,,1,2,9,1,6
202100000502,2021-10-28 15:40:00,2021,10,28,15,40,78,78440,PAUL RAOULT (AVENUE),48.994829,1.913585,Plein jour,En agglomération,Intersection en T,Normale,Autre collision,3,3,4,0,1,1,1,0,1,50,,2,1,0,0,1,77.0,,,,1,2,3,1,6
202100000503,2021-10-28 09:00:00,2021,10,28,9,0,78,78642,AULNAY MALLO RUE DE L',48.987841,1.968966,Plein jour,En agglomération,Intersection en T,Normale,Autre collision,4,2,2,0,2,3,1,0,1,50,,2,1,0,0,1,23.0,,,,1,2,3,1,6
202100000504,2021-11-13 20:00:00,2021,11,13,20,0,73,73065,BELLEVUE (BOULEVARD DE),45.5590414666,5.9222423745,Nuit avec éclairage allumé,En agglomération,Giratoire,Normale,Trois véhicules et plus - en chaîne,3,2,2,0,2,1,2,0,1,50,,3,2,0,0,1,22.0,57.0,,,5,2,6,1,4
202100000505,2021-10-31 22:30:00,2021,10,31,22,30,67,67482,SOLEURE (RUE DE),48.57749,7.75478,Nuit avec éclairage allumé,En agglomération,Intersection en T,Pluie légère,Deux véhicules - arrière,4,1,1,0,1,1,2,0,1,30,,2,1,0,0,1,26.0,37.0,,,5,2,3,2,2
202100000506,2021-11-09 21:20:00,2021,11,9,21,20,64,64102,DUVERGIER DE HAURANNE (AVENUE),43.48733,-1.46726,Nuit avec éclairage allumé,En agglomération,Giratoire,Normale,Deux véhicules - côté,4,2,3,0,2,1,1,0,1,50,,2,1,0,0,1,27.0,50.0,,,5,2,6,1,3
202100000507,2021-11-09 08:55:00,2021,11,9,8,55,63,63300,RD 2009,45.9122,3.1304,Plein jour,Hors agglomération,Hors intersection,Normale,Trois véhicules et plus - en chaîne,3,2,2,0,2,1,1,0,1,80,,3,1,0,1,1,69.0,37.0,,,1,1,1,1,4
202100000508,2021-11-08 08:55:00,2021,11,8,8,55,42,42218,Les Allees Jean Guitton,45.46143,4.37965,Plein jour,En agglomération,Hors intersection,Normale,Deux véhicules - arrière,4,1,1,0,2,1,1,0,1,50,,2,1,0,1,0,23.0,42.0,,,1,2,1,1,2
202100000509,2021-11-13 17:00:00,2021,11,13,17,0,37,37122,CHANTEPIE (RUE DE),47.3503784806,0.656260023,Plein jour,En agglomération,Giratoire,Pluie légère,Deux véhicules - côté,4,2,2,0,1,1,2,5,1,50,,2,1,0,0,1,48.0,75.0,,,1,2,6,2,3
202100000510,2021-06-25 07:40:00,2021,6,25,7,40,13,13211,VALBARELLE (BOULEVARD DE LA ),43.2876519986,5.4485658368,Plein jour,En agglomération,Hors intersection,Normale,Deux véhicules - côté,4,2,2,0,1,1,1,0,1,50,,2,1,0,1,0,81.0,25.0,,,1,2,1,1,3
202100000511,2021-06-24 05:00:00,2021,6,24,5,0,13,13208,MENDES FRANCE (AVENUE),43.25462,5.37644,Nuit avec éclairage allumé,En agglomération,Giratoire,Normale,Deux véhicules - frontale,4,1,2,0,1,2,1,0,1,50,,4,3,0,1,0,23.0,25.0,,,5,2,6,1,1
202100000512,2021-06-12 12:30:00,2021,6,12,12,30,13,13210,ROMAIN ROLLAND (BOULEVARD),43.2747747577,5.4154868564,Plein jour,En agglomération,Hors intersection,Normale,Trois véhicules et plus - en chaîne,4,2,2,1,1,1,1,0,1,50,,5,3,0,0,2,43.0,39.0,,,1,2,1,1,4
202100000513,2021-06-08 11:35:00,2021,6,8,11,35,13,13209,COL DE LA GINESTE D559,43.2400472246,5.4570285739,Plein jour,Hors agglomération,Hors intersection,Normale,Autre collision,7,2,2,0,4,2,1,0,3,50,,1,0,0,1,0,59.0,,,,1,1,1,1,6
202100000514,2021-03-23 13:30:00,2021,3,23,13,30,13,13210,ROMAIN ROLLAND (BOULEVARD),43.2747983435,5.4155186977,Plein jour,En agglomération,Hors intersection,Normale,Autre collision,4,2,3,0,1,1,1,0,1,50,,4,2,0,2,0,29.0,33.0,,,1,2,1,1,6
202100000515,2021-03-13 22:51:00,2021,3,13,22,51,13,13210,CAPELETTE (AVENUE DE LA),43.28036,5.40924,Nuit avec éclairage allumé,En agglomération,Hors intersection,Normale,Deux véhicules - arrière,4,2,2,0,1,1,1,0,1,50,,2,0,0,1,1,28.0,,,,5,2,1,1,2
202100000516,2021-02-16 19:40:00,2021,2,16,19,40,13,13210,FIFI TURIN (RUE),43.28047,5.41234,Nuit avec éclairage allumé,En agglomération,Hors intersection,Normale,Sans collision,4,1,1,0,1,1,1,0,1,50,,1,0,0,0,1,61.0,,,,5,2,1,1,7
202100000517,2021-05-10 08:30:00,2021,5,10,8,30,13,13063,QUENOUILLE RUE DE LA,43.588326894,4.9940371513,Plein jour,En agglomération,Intersection en X,Normale,Deux véhicules - côté,4,2,4,0,1,1,1,0,1,50,,4,2,0,1,1,20.0,58.0,,,1,2,2,1,3
202100000518,2021-04-18 17:50:00,2021,4,18,17,50,13,13047,RAYMOND FILIPPI AVENUE,43.50574,4.98459,Plein jour,En agglomération,Giratoire,Normale,Deux véhicules - arrière,4,1,2,0,1,2,1,0,1,30,,2,1,0,0,1,48.0,66.0,,,1,2,6,1,2
202100000519,2021-12-31 19:00:00,2021,12,31,19,0,971,97113,SECTION MARE-GAILLARD,16.21512,-61.43833,Nuit avec éclairage allumé,En agglomération,Hors intersection,Normale,Autre collision,2,2,2,0,1,1,1,6,1,50,,2,1,0,1,0,61.0,,,,5,2,1,1,6
202100000520,2021-12-31 16:43:00,2021,12,31,16,43,87,87085,FRACHON ( ave Benoit),45.85614,1.29184,Plein jour,En agglomération,Hors intersection,Normale,Sans collision,3,4,3,0,2,1,1,0,1,50,,2,1,0,0,1,16.0,16.0,,,1,2,1,1,7
202100000521,2021-12-29 18:50:00,2021,12,29,18,50,80,80021,CARNOT (BOULEVARD),49.89338,2.2862,Nuit avec éclairage allumé,En agglomération,Intersection en Y,Pluie légère,Deux véhicules - côté,4,2,4,0,1,3,2,0,1,50,,3,1,0,0,2,28.0,41.0,,,5,2,4,2,3
202100000522,2021-12-31 21:20:00,2021,12,31,21,20,69,69264,SABLES (DES) (CHM),45.98172,4.73132,Nuit avec éclairage allumé,En agglomération,Autre intersection,Brouillard / fumée,Deux véhicules - arrière,4,2,2,0,1,1,2,0,1,50,,7,6,0,0,1,18.0,24.0,,,5,2,9,5,2
202100000523,2021-12-29 09:35:00,2021,12,29,9,35,56,56185,N165 bretelle échangeur,47.7712,-3.37773,Plein jour,Hors agglomération,Hors intersection,Temps couvert,Autre collision,2,1,2,0,2,3,2,3,3,70,,1,0,0,0,1,27.0,,,,1,1,1,8,6
202100000524,2021-12-31 13:59:00,2021,12,31,13,59,56,56162,KERLORET (ROUTE DE),47.72478,-3.43758,Plein jour,En agglomération,Hors intersection,Pluie légère,Autre collision,4,2,2,0,1,2,2,0,3,70,,1,0,0,0,1,30.0,,,,1,2,1,2,6
202100000525,2021-12-20 08:02:00,2021,12,20,8,2,42,42207,Rue Jean-Antoine Vial,45.47685,4.50877,Plein jour,En agglomération,Intersection en T,Normale,Autre collision,4,2,2,0,1,1,1,0,1,30,,2,1,0,1,0,25.0,,,,1,2,3,1,6
202100000526,2021-12-26 02:11:00,2021,12,26,2,11,13,13203,BD FERDINAND DE LESSEPS,43.3213,5.3731,Nuit avec éclairage allumé,En agglomération,Autre intersection,Normale,Deux véhicules - côté,7,1,1,0,1,1,1,0,1,50,,2,1,0,0,1,40.0,52.0,,,5,2,9,1,3
202100000527,2021-11-13 18:10:00,2021,11,13,18,10,01,01053,SEMARD (AVENUE PIERRE),46.2001408249,5.2154568583,Nuit avec éclairage allumé,En agglomération,Intersection en T,Pluie légère,Deux véhicules - frontale,4,2,3,0,1,1,2,0,1,30,,2,1,0,1,0,23.0,42.0,,,5,2,3,2,1
202100000528,2021-09-12 00:15:00,2021,9,12,0,15,75,75118,BOULEVARD NEY,48.897737,2.334588,Nuit sans éclairage public,En agglomération,Intersection en T,Normale,Autre collision,4,3,6,3,1,1,1,-1,6,30,,2,1,1,0,0,39.0,,,,3,2,3,1,6
202100000529,2021-01-26 16:30:00,2021,1,26,16,30,75,75117,BOULEVARD BESSIERES,48.897572,2.327011,Plein jour,En agglomération,Hors intersection,Normale,Autre collision,4,3,6,0,1,1,1,-1,6,30,,2,1,1,0,0,41.0,,,,1,2,1,1,6
202100000530,2021-01-12 08:55:00,2021,1,12,8,55,93,93001,VICTOR HUGO (AVE)  => N° 129,48.90625,2.37539,Plein jour,En agglomération,Intersection en X,Normale,Autre collision,3,2,3,0,1,1,1,5,1,50,,2,1,0,0,1,33.0,,,,1,2,2,1,6
202100000531,2021-02-25 18:30:00,2021,2,25,18,30,73,73065,Avenue Jean Jaurès,45.567054,5.914772,Crépuscule ou aube,En agglomération,Hors intersection,Normale,Autre collision,4,2,2,0,1,1,1,0,1,50,,2,1,0,0,1,73.0,,,,2,2,1,1,6
202100000532,2021-11-12 15:00:00,2021,11,12,15,0,69,69382,BAYARD (CR),45.74377,4.82163,Plein jour,En agglomération,Intersection en T,Normale,Deux véhicules - côté,4,2,2,1,1,1,1,0,1,30,,2,1,0,0,1,18.0,50.0,,,1,2,3,1,3
202100000533,2021-11-10 09:00:00,2021,11,10,9,0,69,69381,PECHERIE (DE LA) (Q),45.7659,4.83087,Plein jour,En agglomération,Hors intersection,Normale,Autre collision,4,1,3,3,1,1,1,0,1,50,,1,0,0,0,1,27.0,,,,1,2,1,1,6
202100000534,2021-11-10 20:29:00,2021,11,10,20,29,91,91691,RAYMOND POINCARE(RUE),48.71476,2.50126,Nuit avec éclairage allumé,En agglomération,Hors intersection,Brouillard / fumée,Autre collision,3,2,2,0,1,1,1,0,1,50,,3,1,0,0,2,48.0,,,,5,2,1,5,6
202100000535,2021-09-24 17:34:00,2021,9,24,17,34,86,86066,FAURE (BOULEVARD FELIX),46.8210170791,0.5462481107,Plein jour,En agglomération,Hors intersection,Normale,Autre collision,4,-1,2,0,1,1,1,0,1,50,,4,3,0,0,1,22.0,,,,1,2,1,1,6
202100000536,2021-11-10 15:40:00,2021,11,10,15,40,76,76351,VOLTAIRE,49.4899,0.1041,Plein jour,En agglomération,Intersection en X,Normale,Autre collision,4,2,2,0,1,1,1,0,1,50,,2,1,0,1,0,22.0,,,,1,2,2,1,6
202100000537,2021-11-11 17:55:00,2021,11,11,17,55,72,72181,TOURS (RTE) LIGNE DROITE DES HUNAUDIERES,47.95998,0.22515,Crépuscule ou aube,Hors agglomération,Hors intersection,Normale,Deux véhicules - arrière,3,-1,4,0,1,1,1,0,1,90,,2,1,0,0,1,36.0,21.0,,,2,1,1,1,2
202100000538,2021-11-12 18:05:00,2021,11,12,18,5,38,38421,AVENUE AMBROISE CROIZAT,45.18513,5.7495,Nuit avec éclairage allumé,En agglomération,Hors intersection,Brouillard / fumée,Autre collision,7,2,2,0,1,1,1,0,1,50,,2,1,0,0,1,69.0,,,,5,2,1,5,6
202100000539,2021-11-09 16:45:00,2021,11,9,16,45,35,35278,ALPHASIS (AVENUE D'),48.1534,-1.69652,Plein jour,En agglomération,Giratoire,Normale,Autre collision,4,2,2,0,1,3,1,0,4,50,,2,0,0,0,2,34.0,,,,1,2,6,1,6
202100000540,2021-11-09 17:34:00,2021,11,9,17,34,35,35238,GRAFF (AVENUE GEORGES),48.08559,-1.69187,Crépuscule ou aube,En agglomération,Intersection en T,Normale,Autre collision,4,2,2,0,1,2,1,9,1,50,,2,1,0,0,1,79.0,,,,2,2,3,1,6
202100000541,2021-11-12 18:10:00,2021,11,12,18,10,31,31555,VA007331 A620,43.57437,1.4693,Nuit avec éclairage non allumé,Hors agglomération,Hors intersection,Normale,Trois véhicules et plus - en chaîne,1,1,3,0,1,2,1,2,1,90,,3,1,0,0,2,25.0,,,,4,1,1,1,4
202100000542,2021-11-09 09:20:00,2021,11,9,9,20,31,31555,18 MONTAUDRAN (PERIPH EST A61),43.57263,1.49558,Plein jour,En agglomération,Autre intersection,Normale,Sans collision,1,1,2,0,2,1,1,3,1,50,,1,0,0,1,0,32.0,,,,1,2,9,1,7
202100000543,2021-11-09 23:55:00,2021,11,9,23,55,13,13205,JEAN MOULIN (BOULEVARD),43.2903,5.39983,Nuit avec éclairage allumé,En agglomération,Hors intersection,Normale,Deux véhicules - côté,4,2,6,3,1,1,1,0,1,50,,2,1,0,0,1,19.0,29.0,,,5,2,1,1,3
202100000544,2021-11-09 08:00:00,2021,11,9,8,0,13,13202,MAJOR (PLACE DE LA),43.2988976874,5.3650574559,Plein jour,En agglomération,Hors intersection,Normale,Deux véhicules - côté,4,1,2,0,1,1,1,0,1,30,,2,1,0,0,1,69.0,,,,1,2,1,1,3
202100000545,2021-12-16 16:45:00,2021,12,16,16,45,74,74083,D909,45.890785,6.654174,Crépuscule ou aube,Hors agglomération,Hors intersection,Brouillard / fumée,Trois véhicules et plus - collisions multiples,3,2,2,0,2,1,9,9,1,90,,3,2,0,0,1,27.0,33.0,,,2,1,1,5,5
202100000546,2021-12-31 15:30:00,2021,12,31,15,30,12,12270,D995 Huguies,44.314161,3.119838,Plein jour,Hors agglomération,Hors intersection,Normale,Deux véhicules - arrière,3,2,2,0,1,2,1,0,1,90,,2,1,0,0,1,61.0,41.0,,,1,1,1,1,2
202100000547,2021-12-30 08:10:00,2021,12,30,8,10,44,44041,Rue de l Enclose,47.100326,-1.60049,Crépuscule ou aube,Hors agglomération,Hors intersection,Normale,Autre collision,4,2,2,0,1,1,1,0,1,-1,,2,1,0,0,1,28.0,,,,2,1,1,1,6
202100000548,2021-12-16 12:40:00,2021,12,16,12,40,73,73212,D1006,45.5433702918,6.3019246459,Plein jour,En agglomération,Hors intersection,Autre,Trois véhicules et plus - en chaîne,3,2,2,0,1,1,1,0,1,50,,3,2,0,1,0,44.0,33.0,,,1,2,1,9,4
202100000549,2021-12-28 18:34:00,2021,12,28,18,34,13,13211,A50-Sens Marseille vers Aubagne,43.286224,5.42984,Nuit sans éclairage public,Hors agglomération,Hors intersection,Normale,Deux véhicules - côté,1,3,3,0,1,1,1,0,1,70,,2,1,0,0,1,26.0,,,,3,1,1,1,3
202100000550,2021-04-01 07:45:00,2021,4,1,7,45,57,57289,Rue de la solitude,49.0549269,7.0353568,Crépuscule ou aube,En agglomération,Autre intersection,Normale,Sans collision,4,2,-1,-1,1,1,1,-1,6,-1,,1,0,1,0,0,45.0,,,,2,2,9,1,7
202100000551,2021-07-20 22:35:00,2021,7,20,22,35,73,73008,BARRIER ROBERT BOULEVARD,45.69924,5.88641,Nuit avec éclairage allumé,En agglomération,Intersection en T,Normale,Deux véhicules - frontale,4,2,2,1,1,1,1,0,1,50,,3,1,0,0,2,16.0,22.0,,,5,2,3,1,1
202100000552,2021-06-13 17:33:00,2021,6,13,17,33,73,73008,D1201 Av Franklin Roosevelt,45.70594,5.91066,Plein jour,En agglomération,Intersection en X,Temps éblouissant,Deux véhicules - côté,3,3,4,2,1,1,1,0,1,50,,2,1,0,1,0,40.0,50.0,,,1,2,2,7,3
202100000553,2021-09-25 16:30:00,2021,9,25,16,30,2A,2A004,SAMPIERO BD,41.926471,8.73884,Plein jour,En agglomération,Hors intersection,Normale,Deux véhicules - arrière,3,3,3,0,1,1,1,0,1,50,,3,1,0,0,2,53.0,38.0,,,1,2,1,1,2
202100000554,2021-09-04 02:00:00,2021,9,4,2,0,2A,2A004,GRANDE ARMEE AVENUE,41.92769,8.73342,Nuit avec éclairage allumé,En agglomération,Hors intersection,Normale,Sans collision,4,2,2,0,2,3,1,0,4,50,,2,1,0,1,0,20.0,,,,5,2,1,1,7
202100000555,2021-11-08 13:36:00,2021,11,8,13,36,10,10387,QUATORZE JUILLET (RUE DU),48.2943,4.0783,Plein jour,En agglomération,Intersection en X,Normale,Deux véhicules - côté,4,1,3,1,1,1,1,0,1,50,,4,3,0,0,1,45.0,19.0,,,1,2,2,1,3
202100000556,2021-11-09 17:40:00,2021,11,9,17,40,972,97209,GABRIEL PERI (RUE),14.60816,-61.07032,Crépuscule ou aube,En agglomération,Hors intersection,Normale,Autre collision,3,1,1,0,1,1,1,0,1,50,,2,1,0,0,1,,,,,2,2,1,1,6
202100000557,2021-11-10 14:55:00,2021,11,10,14,55,91,91223,R.D.20,48.43515,2.16804,Plein jour,En agglomération,Autre intersection,Normale,Autre collision,3,1,0,0,2,1,1,3,3,50,,1,0,0,0,1,23.0,,,,1,2,9,1,6
202100000558,2021-11-09 08:00:00,2021,11,9,8,0,91,91223,REPUBLIQUE (RUE DE LA),48.430758,2.171671,Crépuscule ou aube,En agglomération,Intersection en T,Brouillard / fumée,Deux véhicules - frontale,3,2,2,0,1,1,1,0,1,50,,2,1,0,0,1,45.0,45.0,,,2,2,3,5,1
202100000559,2021-11-09 12:40:00,2021,11,9,12,40,65,65440,PAU (ROND POINT DE),43.237722,0.041849,Plein jour,Hors agglomération,Giratoire,Normale,Deux véhicules - côté,3,1,2,0,1,2,1,0,1,50,,2,1,0,1,0,20.0,55.0,,,1,1,6,1,3
202100000560,2021-11-08 10:18:00,2021,11,8,10,18,65,65440,LAFORGUE (AVENUE JULES),43.224169,0.06837,Plein jour,En agglomération,Intersection en X,Normale,Deux véhicules - côté,4,2,2,0,1,1,1,0,1,50,,2,0,0,0,2,55.0,42.0,,,1,2,2,1,3
202100000561,2021-11-08 19:48:00,2021,11,8,19,48,56,56121,JENNER (RUE EDWARD),47.75141,-3.37084,Nuit avec éclairage allumé,En agglomération,Intersection en T,Temps couvert,Deux véhicules - côté,4,1,1,2,2,1,1,0,5,30,,2,1,0,0,1,29.0,20.0,,,5,2,3,8,3
202100000562,2021-11-08 18:10:00,2021,11,8,18,10,56,56121,FOCH (RUE  MARECHAL ),47.75067,-3.36034,Crépuscule ou aube,En agglomération,Hors intersection,Temps couvert,Autre collision,4,2,2,0,1,1,1,0,1,30,,2,1,0,0,1,84.0,,,,2,2,1,8,6
202100000563,2021-11-11 18:22:00,2021,11,11,18,22,49,49007,SAINT LEONARD,47.46331,-0.53715,Nuit avec éclairage allumé,En agglomération,Hors intersection,Normale,Autre collision,4,2,2,0,1,1,1,0,1,30,,2,1,0,0,1,60.0,,,,5,2,1,1,6
202100000564,2021-11-10 16:15:00,2021,11,10,16,15,49,49246,PERDRIAU,47.4394,-0.486,Plein jour,En agglomération,Giratoire,Normale,Deux véhicules - côté,4,1,2,0,1,2,1,0,1,30,,2,1,0,0,1,58.0,60.0,,,1,2,6,1,3
202100000565,2021-11-11 04:45:00,2021,11,11,4,45,37,37122,CHINON (BOULEVARD DE),47.3518984904,0.6864476698,Nuit avec éclairage allumé,En agglomération,Giratoire,Normale,Autre collision,4,2,2,0,1,1,1,5,1,50,,1,0,0,0,1,23.0,,,,5,2,6,1,6
202100000566,2021-11-09 08:52:00,2021,11,9,8,52,37,37261,CALAIS (RUE DE),47.4214475882,0.6860545,Plein jour,En agglomération,Intersection en X,Normale,Deux véhicules - côté,4,2,1,0,1,1,1,0,1,50,,2,0,0,0,2,40.0,60.0,,,1,2,2,1,3
202100000567,2021-11-09 08:03:00,2021,11,9,8,3,37,37261,HEURTELOUP (BOULEVARD),47.3915175836,0.6972502655,Plein jour,En agglomération,Hors intersection,Normale,Autre collision,4,2,4,0,1,2,1,0,1,50,,2,1,0,0,1,43.0,,,,1,2,1,1,6
202100000568,2021-10-10 05:50:00,2021,10,10,5,50,19,19272,Victor Hugo (Rue),45.2626741212,1.7616232917,Nuit avec éclairage allumé,En agglomération,Hors intersection,Normale,Sans collision,4,1,1,0,1,1,9,0,1,50,,1,0,0,1,0,19.0,,,,5,2,1,1,7
202100000569,2021-11-09 14:00:00,2021,11,9,14,0,13,13209,MICHELET (BOULEVARD),43.26444,5.39626,Plein jour,En agglomération,Autre intersection,Normale,Trois véhicules et plus - en chaîne,7,2,3,3,1,1,1,0,8,50,,3,1,0,0,2,24.0,41.0,,,1,2,9,1,4
202100000570,2021-11-11 19:05:00,2021,11,11,19,5,13,13210,ANDRE BARDON (rue),43.2816,5.42703,Crépuscule ou aube,En agglomération,Intersection en X,Normale,Deux véhicules - côté,7,3,3,0,1,1,1,0,1,50,,2,1,0,0,1,27.0,,,,2,2,2,1,3
202100000571,2021-11-09 12:00:00,2021,11,9,12,0,13,13208,(RUE) NEGRESKO,43.2695850021,5.3900392298,Plein jour,En agglomération,Hors intersection,Normale,Deux véhicules - frontale,4,2,2,0,1,1,1,0,1,50,,2,1,0,0,1,45.0,41.0,,,1,2,1,1,1