accident_id,datetime,annee,mois,jour,heure,minute,departement,commune_insee,adresse,latitude,longitude,luminosite,agglomeration,intersection,meteo,collision,catr,circ,nbv,vosp,prof,plan,surf,infra,situ,vma,nb_vehicules,nb_usagers,nb_indemnes,nb_tues,nb_blesses_hosp,nb_blesses_legers,age_cond_1,age_cond_2,veh_type_cond_1,veh_type_cond_2,lum_code,agg_code,int_code,atm_code,col_code
202100000572,2021-11-08 17:20:00,2021,11,8,17,20,13,13208,PRADO (AVENUE DU),43.2721,5.3898,Nuit avec éclairage allumé,En agglomération,Giratoire,Normale,Deux véhicules - frontale,4,1,2,0,1,1,1,0,1,50,,2,1,0,1,0,57.0,,,,5,2,6,1,1
202100000573,2021-11-09 01:00:00,2021,11,9,1,0,13,13075,L'ENJOLRAS (AVE DE),43.3395,5.4546,Nuit avec éclairage allumé,En agglomération,Hors intersection,Normale,Trois véhicules et plus - collisions multiples,7,2,2,0,1,1,9,8,1,50,,1,0,0,0,1,19.0,,,,5,2,1,1,5
202100000574,2021-11-02 13:50:00,2021,11,2,13,50,11,11262,LECLERC (AVENUE DU GENERAL),43.1803582058,2.9965398367,Plein jour,En agglomération,Hors intersection,Normale,Deux véhicules - arrière,4,2,2,0,1,1,1,9,1,50,,2,1,0,1,0,52.0,54.0,,,1,2,1,1,2
202100000575,2021-11-08 20:35:00,2021,11,8,20,35,10,10387,VOULDY (CHAUSSEE DU),48.28971,4.09093,Nuit avec éclairage allumé,En agglomération,Giratoire,Brouillard / fumée,Autre collision,4,2,2,0,1,3,1,0,1,50,,2,1,0,0,1,,,,,5,2,6,5,6
202100000576,2021-11-08 16:51:00,2021,11,8,16,51,10,10081,ROCADE EST (RD 610),48.30741576,4.02225705,Plein jour,Hors agglomération,Autre intersection,Normale,Autre collision,3,3,3,3,1,3,1,0,1,110,,5,4,0,0,1,48.0,52.0,,,1,1,9,1,6
202100000577,2021-11-08 13:55:00,2021,11,8,13,55,10,10387,JEAN NESMY (RUE),48.2922,4.08617,Plein jour,En agglomération,Intersection en T,Normale,Deux véhicules - côté,4,2,2,0,1,1,1,0,1,50,,2,1,0,0,1,66.0,48.0,,,1,2,3,1,3
202100000578,2021-12-22 12:30:00,2021,12,22,12,30,84,84007,MONTFAVET (Route),43.94185,4.82317,Plein jour,En agglomération,Hors intersection,Normale,Trois véhicules et plus - collisions multiples,4,-1,2,0,1,1,1,0,1,50,,3,2,0,0,1,,42.0,,,1,2,1,1,5
202100000579,2021-12-29 16:30:00,2021,12,29,16,30,62,62186,VOLTAIRE (R ),50.449643,2.725588,Crépuscule ou aube,En agglomération,Intersection en X,Pluie forte,Deux véhicules - côté,3,2,2,0,1,1,2,0,1,50,,2,0,0,0,2,25.0,73.0,,,2,2,2,3,3
202100000580,2021-12-14 08:41:00,2021,12,14,8,41,11,11262,MOSAIQUE ((RUE DE LA),43.1832645566,3.0092561245,Plein jour,En agglomération,Intersection en T,Normale,Deux véhicules - côté,4,2,2,0,1,1,1,9,1,50,,2,1,0,0,1,40.0,27.0,,,1,2,3,1,3
202100000581,2021-12-23 19:15:00,2021,12,23,19,15,94,94017,Avenue Roger Salengro,48.819358,2.487396,Nuit avec éclairage allumé,En agglomération,Intersection en T,Temps couvert,Deux véhicules - côté,3,2,2,0,1,1,2,0,1,30,,3,2,0,0,1,35.0,37.0,,,5,2,3,8,3
202100000582,2021-12-08 16:30:00,2021,12,8,16,30,26,26324,Autoroute du Soleil,44.350859,4.737854,Plein jour,Hors agglomération,Hors intersection,Normale,Trois véhicules et plus - collisions multiples,1,3,5,0,1,1,1,0,1,130,,3,2,0,0,1,50.0,41.0,,,1,1,1,1,5
202100000583,2021-11-13 01:00:00,2021,11,13,1,0,974,97416,RN03,-21.30185,55.50198,Nuit sans éclairage public,Hors agglomération,Hors intersection,Normale,Autre collision,2,3,4,3,2,1,1,0,2,90,,1,0,0,1,0,23.0,,,,3,1,1,1,6
202100000584,2021-12-30 21:10:00,2021,12,30,21,10,59,59350,VAUBAN BOULEVARD N°2-18-1-39,50.636,3.05055,Nuit avec éclairage allumé,En agglomération,Hors intersection,Pluie légère,Deux véhicules - arrière,4,3,4,3,1,1,2,0,1,50,,2,1,0,0,1,33.0,20.0,,,5,2,1,2,2
202100000585,2021-12-24 17:30:00,2021,12,24,17,30,44,44129,Route Abbaye,47.425467,-2.062865,Nuit avec éclairage allumé,En agglomération,Hors intersection,Pluie légère,Deux véhicules - frontale,3,2,2,0,1,1,2,0,1,50,,2,1,0,1,0,20.0,56.0,,,5,2,1,2,1
202100000586,2021-12-04 09:35:00,2021,12,4,9,35,78,78466,Route de Quarante Sous.,48.923944,1.995472,Plein jour,Hors agglomération,Giratoire,Normale,Deux véhicules - côté,3,1,2,0,1,1,1,0,1,70,,2,1,0,1,0,43.0,62.0,,,1,1,6,1,3
202100000587,2021-12-02 13:40:00,2021,12,2,13,40,67,67205,5 Rue de la Republique,48.700225,7.788682,Plein jour,En agglomération,Intersection en T,Normale,Deux véhicules - frontale,3,2,2,0,1,1,1,0,1,50,,2,1,0,1,0,25.0,26.0,,,1,2,3,1,1
202100000588,2021-12-17 16:25:00,2021,12,17,16,25,92,92004,AULAGNIER ( QUAI ),48.9174931119,2.3199686408,Crépuscule ou aube,En agglomération,Hors intersection,Normale,Deux véhicules - arrière,3,4,3,0,1,1,1,0,1,70,,4,3,0,0,1,21.0,27.0,,,2,2,1,1,2
202100000589,2021-12-31 06:20:00,2021,12,31,6,20,77,77116,D934,48.78899,3.205803,Nuit sans éclairage public,Hors agglomération,Hors intersection,Pluie légère,Deux véhicules - frontale,3,2,2,0,1,1,2,0,1,80,,4,1,0,1,2,58.0,21.0,,,3,1,1,2,1
202100000590,2021-12-24 14:25:00,2021,12,24,14,25,51,51535,Rue Notre Dame,48.721564,3.723169,Plein jour,En agglomération,Hors intersection,Normale,Sans collision,3,2,2,0,1,1,1,0,1,50,,2,1,0,0,1,61.0,,,,1,2,1,1,7
202100000591,2021-11-27 15:30:00,2021,11,27,15,30,37,37050,Rue Philippe Maupas,47.3371336042,0.6988017839,Plein jour,En agglomération,Hors intersection,Pluie forte,Autre collision,6,-1,-1,0,1,1,2,0,1,10,,2,1,0,0,1,31.0,,,,1,2,1,3,6
202100000592,2021-11-08 07:40:00,2021,11,8,7,40,59,59350,NATIONALE RUE N°RESTE IMPAIRS,50.63715,3.06285,Crépuscule ou aube,En agglomération,Place,Normale,Autre collision,4,2,2,0,1,2,1,6,1,30,,2,1,0,0,1,23.0,,,,2,2,7,1,6
202100000593,2021-11-08 15:27:00,2021,11,8,15,27,54,54395,REPUBLIQUE (RUE DE LA),48.6822242291,6.1779042612,Plein jour,En agglomération,Intersection en X,Normale,Deux véhicules - côté,4,2,2,0,1,1,1,0,1,30,,2,1,0,0,1,32.0,53.0,,,1,2,2,1,3
202100000594,2021-11-08 11:25:00,2021,11,8,11,25,37,37261,GRAMMONT (AVENUE DE),47.3785431072,0.6936589639,Plein jour,En agglomération,Hors intersection,Normale,Sans collision,4,2,2,0,1,1,1,0,1,50,,1,0,0,0,1,23.0,,,,1,2,1,1,7
202100000595,2021-11-08 08:50:00,2021,11,8,8,50,37,37261,CALAIS (RUE DE),47.4222775715,0.6858560491,Plein jour,En agglomération,Hors intersection,Normale,Deux véhicules - côté,4,2,2,0,1,1,1,0,1,50,,2,1,0,0,1,35.0,82.0,,,1,2,1,1,3
202100000596,2021-11-08 08:10:00,2021,11,8,8,10,37,37261,DASSAULT (AVENUE MARCEL),47.3642783355,0.6841254797,Plein jour,En agglomération,Giratoire,Normale,Deux véhicules - côté,4,2,2,0,1,2,1,0,1,50,,2,1,0,0,1,20.0,20.0,,,1,2,6,1,3
202100000597,2021-11-22 18:20:00,2021,11,22,18,20,89,89387,GENERAL LECLERC (RUE DU),48.2038,3.27911,Nuit avec éclairage allumé,En agglomération,Hors intersection,Normale,Autre collision,4,2,2,2,1,1,1,-1,1,50,,2,1,0,1,0,23.0,,,,5,2,1,1,6
202100000598,2021-12-03 06:47:00,2021,12,3,6,47,49,49099,FAIDHERBE (BOULEVARD DU GENERAL),47.06536,-0.87052,Nuit avec éclairage allumé,En agglomération,Giratoire,Pluie légère,Deux véhicules - côté,4,2,2,0,1,1,2,0,1,50,,2,1,0,0,1,61.0,15.0,,,5,2,6,2,3
202100000599,2021-12-30 16:45:00,2021,12,30,16,45,30,30028,PERRIERES (DESCENTE DES),44.1610038898,4.6188342422,Plein jour,En agglomération,Autre intersection,Normale,Autre collision,4,2,2,0,4,2,1,9,1,50,,2,1,0,0,1,84.0,,,,1,2,9,1,6
202100000600,2021-12-02 18:50:00,2021,12,2,18,50,92,92036,BAS ( RUE DES ),48.9187833189,2.2907620668,Plein jour,En agglomération,Hors intersection,Normale,Sans collision,3,-1,2,0,1,1,1,0,1,50,,1,0,0,1,0,26.0,,,,1,2,1,1,7
202100000601,2021-12-31 18:35:00,2021,12,31,18,35,974,97414,Rue Saint Louis,-21.288273,55.412193,Nuit avec éclairage allumé,En agglomération,Hors intersection,Normale,Deux véhicules - arrière,3,1,1,0,1,1,1,0,1,50,,2,1,0,1,0,27.0,35.0,,,5,2,1,1,2
202100000602,2021-12-30 17:45:00,2021,12,30,17,45,988,98831,Tiéta (Tribu),-20.919094,164.773614,Plein jour,Hors agglomération,Hors intersection,Pluie forte,Sans collision,4,2,2,0,4,1,4,0,8,-1,,3,2,1,0,0,49.0,,,,1,1,1,3,7
202100000603,2021-08-22 08:10:00,2021,8,22,8,10,92,92023,GENERAL DE GAULLE (AV DU) N°440 A 544 ET,48.77855,2.23453,Crépuscule ou aube,En agglomération,Hors intersection,Normale,Autre collision,3,3,2,0,1,1,1,0,4,50,,2,0,0,1,1,26.0,,,,2,2,1,1,6
202100000604,2021-12-31 18:00:00,2021,12,31,18,0,987,98736,CHARLES DE GAULLE (AV),-17.52544,-149.54133,Nuit avec éclairage allumé,En agglomération,Hors intersection,Normale,Autre collision,4,3,2,0,1,2,1,9,1,50,,2,1,0,1,0,58.0,,,,5,2,1,1,6
202100000605,2021-12-29 08:15:00,2021,12,29,8,15,63,63113,POMPIDOU (BD GEORGES),45.80755,3.13178,Plein jour,En agglomération,Intersection en Y,Normale,Deux véhicules - frontale,1,3,4,-1,1,3,1,3,1,-1,,2,1,0,0,1,49.0,21.0,,,1,2,4,1,1
202100000606,2021-12-24 17:50:00,2021,12,24,17,50,63,63113,MOULIN (BD JEAN)/ parlette,45.77692,3.11771,Crépuscule ou aube,En agglomération,Intersection en X,Normale,Deux véhicules - côté,7,3,4,0,1,1,1,0,1,50,,3,2,0,0,1,45.0,21.0,,,2,2,2,1,3
202100000607,2021-11-12 17:45:00,2021,11,12,17,45,44,44109,BOULEVARD ALEXANDRE MILLERAND,47.20704,-1.52924,Crépuscule ou aube,En agglomération,Hors intersection,Normale,Autre collision,4,3,2,2,1,1,1,0,1,30,,2,1,0,1,0,25.0,,,,2,2,1,1,6
202100000608,2021-11-10 07:10:00,2021,11,10,7,10,44,44162,BOULEVARD MARCEL PAUL,47.228,-1.635,Nuit avec éclairage allumé,En agglomération,Giratoire,Normale,Deux véhicules - côté,4,2,2,0,1,3,1,0,1,50,,2,1,0,0,1,59.0,36.0,,,5,2,6,1,3
202100000609,2021-12-31 15:00:00,2021,12,31,15,0,28,28218,VARLET (RUE GEORGES),48.438,1.46203,Plein jour,En agglomération,Hors intersection,Normale,Deux véhicules - côté,3,2,2,0,1,1,1,0,1,50,,2,0,0,1,1,34.0,,,,1,2,1,1,3
202100000610,2021-12-31 13:45:00,2021,12,31,13,45,05,05061,GEORGES POMPIDOU ( BD),44.55546,6.07782,Plein jour,Hors agglomération,Hors intersection,Normale,Trois véhicules et plus - collisions multiples,4,2,2,0,1,1,1,0,1,50,,5,4,0,0,1,33.0,54.0,,,1,1,1,1,5
202100000611,2021-12-31 19:30:00,2021,12,31,19,30,75,75116,ROUTE DES MOULINS,48.86505,2.234461,Nuit avec éclairage non allumé,En agglomération,Intersection en X,Normale,Autre collision,4,1,2,0,1,1,1,0,1,50,,1,0,0,0,1,33.0,,,,4,2,2,1,6
202100000612,2021-12-28 11:50:00,2021,12,28,11,50,80,80452,D920,49.7557149357,2.3298652098,Plein jour,Hors agglomération,Intersection en X,Normale,Deux véhicules - côté,3,2,2,0,2,1,2,0,1,80,,3,2,0,0,1,19.0,77.0,,,1,1,2,1,3
202100000613,2021-11-09 08:20:00,2021,11,9,8,20,2B,2B042,Route de la Marana,42.564476,9.522429,Plein jour,Hors agglomération,Hors intersection,Temps couvert,Deux véhicules - frontale,3,2,2,0,1,4,1,0,1,70,,2,1,0,0,1,,44.0,,,1,1,1,8,1
202100000614,2021-12-31 09:30:00,2021,12,31,9,30,68,68352,Voie Romaine,48.012865,7.537898,Plein jour,En agglomération,Giratoire,Normale,Trois véhicules et plus - collisions multiples,3,2,2,0,1,1,1,0,1,50,,4,3,0,0,1,25.0,75.0,,,1,2,6,1,5
202100000615,2021-08-28 00:45:00,2021,8,28,0,45,2A,2A004,MEZZAVIA ROUTE DE,41.94762,8.76366,Nuit avec éclairage allumé,En agglomération,Hors intersection,Normale,Deux véhicules - frontale,2,2,2,0,2,1,1,0,1,50,,4,0,0,0,4,24.0,29.0,,,5,2,1,1,1
202100000616,2021-10-26 10:55:00,2021,10,26,10,55,19,19272,Henri de Bournazel (Av),45.26962,1.76914,Plein jour,En agglomération,Hors intersection,Normale,Autre collision,4,2,2,0,2,3,1,0,1,30,,2,1,0,0,1,61.0,,,,1,2,1,1,6
202100000617,2021-12-30 19:30:00,2021,12,30,19,30,80,80021,PAIX (AVENUE DE LA),49.91167,2.30692,Nuit avec éclairage allumé,En agglomération,Hors intersection,Normale,Deux véhicules - frontale,4,2,2,0,1,1,1,0,1,50,,2,1,0,0,1,,55.0,,,5,2,1,1,1
202100000618,2021-12-31 16:20:00,2021,12,31,16,20,77,77294,ELYSEE RECLUS (RUE),48.9582,2.5957,Crépuscule ou aube,En agglomération,Intersection en T,Normale,Sans collision,4,2,2,0,1,1,9,0,1,50,,1,0,1,0,0,56.0,,,,2,2,3,1,7
202100000619,2021-12-31 14:40:00,2021,12,31,14,40,73,73008,D1201 Boulevard Maréchal de Lattre de Tassigny,45.6944490006,5.9004671732,Plein jour,En agglomération,Giratoire,Normale,Deux véhicules - côté,3,3,2,0,1,1,1,5,1,50,,2,1,0,0,1,77.0,18.0,,,1,2,6,1,3
202100000620,2021-12-30 15:35:00,2021,12,30,15,35,60,60159,Rue Lavoisier,49.39661,2.79762,Plein jour,En agglomération,Hors intersection,Normale,Deux véhicules - frontale,4,2,2,0,1,1,1,0,1,50,,2,1,0,0,1,27.0,49.0,,,1,2,1,1,1
202100000621,2021-12-31 10:55:00,2021,12,31,10,55,58,58194,MONTOTS,46.9937,3.136,Plein jour,En agglomération,Hors intersection,Normale,Deux véhicules - côté,3,2,2,0,1,1,1,0,1,50,,2,1,0,0,1,83.0,,,,1,2,1,1,3
202100000622,2021-11-14 18:50:00,2021,11,14,18,50,33,33162,Rue André Blanc,44.8771471987,-0.6424606859,Nuit avec éclairage allumé,En agglomération,Intersection en X,Pluie légère,Deux véhicules - frontale,4,2,2,2,1,1,2,5,1,50,,5,1,0,0,4,47.0,21.0,,,5,2,2,2,1
202100000623,2021-12-29 12:30:00,2021,12,29,12,30,02,02615,A26,49.904762,3.248571,Plein jour,Hors agglomération,Hors intersection,Pluie légère,Deux véhicules - arrière,1,3,4,0,1,1,2,0,1,130,,3,1,0,0,2,42.0,35.0,,,1,1,1,2,2
202100000624,2021-12-30 15:45:00,2021,12,30,15,45,17,17411,Boulevard de la Plage,45.841167,-1.2051,Plein jour,En agglomération,Hors intersection,Normale,Autre collision,4,2,2,0,1,1,1,0,1,50,,2,1,0,1,0,87.0,,,,1,2,1,1,6
202100000625,2021-12-28 16:45:00,2021,12,28,16,45,38,38193,Boulevard de l Arbonnas,45.615767,5.225716,Crépuscule ou aube,En agglomération,Giratoire,Pluie légère,Deux véhicules - côté,3,3,0,0,1,1,2,5,1,50,,2,1,0,0,1,12.0,79.0,,,2,2,6,2,3
202100000626,2021-12-21 17:50:00,2021,12,21,17,50,31,31433,50 Ancienne Route Impériale,43.520602,1.397527,Nuit avec éclairage allumé,En agglomération,Hors intersection,Normale,Autre collision,4,2,2,0,1,1,1,0,1,30,,2,1,0,1,0,69.0,,,,5,2,1,1,6
202100000627,2021-07-18 11:15:00,2021,7,18,11,15,74,74106,Rte du Col de Cou,46.305298,6.468746,Plein jour,Hors agglomération,Hors intersection,Normale,Deux véhicules - frontale,3,2,2,0,2,4,2,0,1,70,,2,1,0,1,0,59.0,33.0,,,1,1,1,1,1
202100000628,2021-12-31 15:53:00,2021,12,31,15,53,63,63113,TORPILLEUR SIROCCO (RUE DU),45.81175,3.10714,Plein jour,En agglomération,Hors intersection,Normale,Autre collision,4,2,3,-1,1,1,1,4,8,50,,1,0,1,0,0,90.0,,,,1,2,1,1,6
202100000629,2021-12-30 18:00:00,2021,12,30,18,0,59,59566,BOUTILLERIE AVENUE DE LA,50.62852,2.96928,Nuit avec éclairage allumé,En agglomération,Hors intersection,Pluie légère,Autre collision,4,3,2,0,1,1,2,0,1,30,,3,2,0,0,1,66.0,,,,5,2,1,2,6
202100000630,2021-12-30 06:00:00,2021,12,30,6,0,30,30007,ROLLAND (RUE ROMAIN),44.1256,4.0889,Nuit avec éclairage allumé,En agglomération,Intersection en T,Normale,Deux véhicules - côté,4,2,2,0,1,1,1,0,1,50,,2,0,0,0,2,52.0,21.0,,,5,2,3,1,3
202100000631,2021-11-13 14:50:00,2021,11,13,14,50,13,13028,CD 559 (CHEMIN DEPARTEMENTAL°,43.18074,5.67182,Plein jour,Hors agglomération,Intersection en T,Normale,Deux véhicules - côté,7,3,2,0,2,1,1,0,1,80,,2,1,0,0,1,16.0,75.0,,,1,1,3,1,3
202100000632,2021-12-03 05:00:00,2021,12,3,5,0,13,13005,RN 96 (ROUTE NATIONALE ),43.3033903107,5.5717629971,Nuit avec éclairage allumé,Hors agglomération,Hors intersection,Normale,Autre collision,7,2,2,0,1,1,1,0,3,80,,1,0,1,0,0,24.0,,,,5,1,1,1,6
202100000633,2021-12-30 16:10:00,2021,12,30,16,10,09,09207,20 (R.N.) COTE SUD DU TUNNEL,42.938742,1.624617,Plein jour,En agglomération,Hors intersection,Normale,Deux véhicules - arrière,2,3,2,0,1,1,1,9,1,80,,5,1,0,0,4,39.0,39.0,,,1,2,1,1,2
202100000634,2021-12-19 16:05:00,2021,12,19,16,5,92,92004,GRESILLONS ( AVENUE DES  ),48.91952178,2.3133140802,Plein jour,En agglomération,Hors intersection,Normale,Deux véhicules - côté,3,2,0,0,1,1,1,0,1,50,,2,1,0,0,1,61.0,41.0,,,1,2,1,1,3
202100000635,2021-12-16 07:10:00,2021,12,16,7,10,43,43102,d43,45.177182,4.173474,Nuit sans éclairage public,Hors agglomération,Hors intersection,Brouillard / fumée,Trois véhicules et plus - collisions multiples,3,2,2,0,1,3,7,0,1,90,,3,2,0,1,0,70.0,54.0,,,3,1,1,5,5
202100000636,2021-12-07 17:58:00,2021,12,7,17,58,77,77317,D619,48.607146,2.890515,Nuit avec éclairage allumé,En agglomération,Hors intersection,Normale,Autre collision,3,2,2,0,1,1,1,6,1,50,,2,1,0,1,0,21.0,,,,5,2,1,1,6
202100000637,2021-12-27 17:20:00,2021,12,27,17,20,38,38003,D131c,45.347513,4.847295,Nuit sans éclairage public,Hors agglomération,Hors intersection,Normale,Autre collision,3,-1,2,0,1,3,1,0,3,50,,3,0,0,1,2,22.0,,,,3,1,1,1,6
202100000638,2021-12-31 17:00:00,2021,12,31,17,0,92,92036,MARCEL ROYER (RUE),48.9144930756,2.2974005342,Plein jour,En agglomération,Hors intersection,Normale,Deux véhicules - arrière,4,2,2,0,1,1,1,0,1,50,,2,1,0,0,1,35.0,19.0,,,1,2,1,1,2
202100000639,2021-12-11 03:15:00,2021,12,11,3,15,92,92036,PIERRE DE COUBERTIN  ( BD ),48.92401,2.28591,Nuit avec éclairage allumé,En agglomération,Hors intersection,Normale,Autre collision,3,2,0,0,1,1,1,0,1,50,,1,0,0,0,1,39.0,,,,5,2,1,1,6
202100000640,2021-12-16 21:40:00,2021,12,16,21,40,92,92004,ARGENTEUIL AV D',48.9207907407,2.2788155079,Nuit avec éclairage allumé,En agglomération,Hors intersection,Normale,Deux véhicules - arrière,3,1,0,0,1,1,1,0,1,50,,2,1,0,0,1,38.0,21.0,,,5,2,1,1,2
202100000641,2021-11-05 18:15:00,2021,11,5,18,15,33,33138,rue pierre semard,45.03809,-0.12979,Nuit avec éclairage allumé,En agglomération,Autre intersection,Normale,Deux véhicules - côté,4,2,2,0,1,1,1,0,1,50,,3,1,0,1,1,47.0,58.0,,,5,2,9,1,3
202100000642,2021-12-12 19:10:00,2021,12,12,19,10,28,28088,35 Avenue du Général de Gaulle,48.0763633448,1.3487005234,Nuit avec éclairage allumé,En agglomération,Hors intersection,Normale,Deux véhicules - côté,4,-1,2,0,1,1,1,0,1,50,,2,1,0,1,0,25.0,,,,5,2,1,1,3
202100000643,2021-12-31 16:15:00,2021,12,31,16,15,07,07216,Col des Fans,44.9555107,4.6842527,Crépuscule ou aube,Hors agglomération,Hors intersection,Normale,Autre collision,3,2,2,0,2,2,2,0,3,80,,3,0,0,1,2,37.0,,,,2,1,1,1,6
202100000644,2021-10-08 10:50:00,2021,10,8,10,50,21,21464,Rue Thurot,47.136323,4.950001,Plein jour,En agglomération,Intersection en X,Normale,Autre collision,3,2,2,0,1,1,1,0,1,50,,2,1,0,1,0,51.0,,,,1,2,2,1,6
202100000645,2021-12-17 15:50:00,2021,12,17,15,50,60,60398,Avenue Jacques Vogt,49.157927,2.264643,Plein jour,En agglomération,Hors intersection,Normale,Autre collision,6,-1,-1,0,1,1,1,0,1,50,,2,1,0,0,1,75.0,,,,1,2,1,1,6
202100000646,2021-12-31 00:50:00,2021,12,31,0,50,59,59178,AUTOROUTE A21,50.3912420554,3.1242686143,Nuit sans éclairage public,Hors agglomération,Hors intersection,Normale,Autre collision,1,-1,2,0,1,2,2,0,1,110,,1,0,0,0,1,20.0,,,,3,1,1,1,6
202100000647,2021-12-27 11:45:00,2021,12,27,11,45,59,59646,ROUTE DEPARTEMENTALE 652,50.6832,3.1139,Plein jour,Hors agglomération,Hors intersection,Pluie légère,Autre collision,7,-1,1,0,1,3,2,9,8,50,,1,0,0,0,1,63.0,,,,1,1,1,2,6
202100000648,2021-12-27 08:45:00,2021,12,27,8,45,62,62274,AUTOROUTE A1,50.4321,2.9794,Plein jour,Hors agglomération,Hors intersection,Normale,Trois véhicules et plus - collisions multiples,1,-1,6,0,1,1,2,0,1,130,,3,2,0,0,1,22.0,49.0,,,1,1,1,1,5
202100000649,2021-12-25 02:40:00,2021,12,25,2,40,59,59636,,50.673360644,3.0419621722,Nuit sans éclairage public,Hors agglomération,Hors intersection,Temps couvert,Autre collision,7,-1,4,0,1,1,2,0,1,90,,1,0,0,0,1,35.0,,,,3,1,1,8,6
202100000650,2021-05-02 11:40:00,2021,5,2,11,40,55,55545,SAINT SAUVEUR,49.156155,5.388537,Plein jour,En agglomération,Hors intersection,Normale,Sans collision,4,1,1,0,1,1,1,6,1,30,,2,1,0,0,1,37.0,,,,1,2,1,1,7
202100000651,2021-12-31 12:15:00,2021,12,31,12,15,64,64545,Allee de Camieta,43.376072,-1.670794,Plein jour,En agglomération,Hors intersection,Temps éblouissant,Autre collision,4,2,2,0,1,1,1,0,1,50,,2,1,0,0,1,63.0,,,,1,2,1,7,6
202100000652,2021-12-31 14:40:00,2021,12,31,14,40,64,64269,28 Route de Tarbes,43.299,-0.30581,Plein jour,En agglomération,Hors intersection,Normale,Trois véhicules et plus - en chaîne,3,4,3,0,1,1,1,0,1,50,,4,2,0,0,2,36.0,58.0,,,1,2,1,1,4
202100000653,2021-09-05 18:00:00,2021,9,5,18,0,04,04245,Rue Mendes France,43.8671072369,5.8414805605,Plein jour,En agglomération,Hors intersection,Normale,Autre collision,4,2,-1,0,1,2,1,0,4,-1,,1,0,0,1,0,66.0,,,,1,2,1,1,6
202100000654,2021-12-28 18:10:00,2021,12,28,18,10,57,57757,ILLANGE (ROUTE D'),49.345,6.177,Nuit sans éclairage public,En agglomération,Hors intersection,Pluie légère,Trois véhicules et plus - collisions multiples,3,2,2,0,1,1,2,2,1,50,,3,2,0,1,0,21.0,21.0,,,3,2,1,2,5
202100000655,2021-12-16 08:15:00,2021,12,16,8,15,973,97302,BADUEL (ROUTE DE),4.93371,-52.31033,Plein jour,En agglomération,Hors intersection,Normale,Deux véhicules - côté,3,-1,2,0,1,1,1,0,1,50,,2,0,0,0,2,51.0,24.0,,,1,2,1,1,3
202100000656,2021-12-29 15:20:00,2021,12,29,15,20,77,77186,D138. girat.valvins à croix de vitry,48.474489,2.67885,Plein jour,Hors agglomération,Giratoire,Normale,Sans collision,3,1,2,0,1,2,1,0,1,90,,2,1,0,0,1,51.0,,,,1,1,6,1,7
202100000657,2021-12-31 11:15:00,2021,12,31,11,15,46,46042,SOUPIRS (ALLEE DES),44.44306,1.4337,Plein jour,En agglomération,Hors intersection,Normale,,3,2,2,0,1,1,1,9,6,30,,2,1,0,1,0,66.0,,,,1,2,1,1,-1
202100000658,2021-12-28 17:45:00,2021,12,28,17,45,12,12145,BLANC LOUIS,44.0954482474,3.0764623582,Nuit avec éclairage allumé,En agglomération,Giratoire,Pluie légère,Autre collision,4,2,2,0,1,1,2,5,1,30,,2,1,0,0,1,61.0,,,,5,2,6,2,6
202100000659,2021-12-31 17:50:00,2021,12,31,17,50,03,03101,DORMOY ( RUE MARX ),46.359551,2.544622,Nuit sans éclairage public,En agglomération,Hors intersection,Normale,Deux véhicules - côté,3,2,2,0,1,1,1,0,1,50,,2,1,0,0,1,16.0,19.0,,,3,2,1,1,3
202100000660,2021-12-31 15:00:00,2021,12,31,15,0,91,91458,CD 35,48.664593,2.213681,Plein jour,Hors agglomération,Hors intersection,Normale,Deux véhicules - arrière,3,2,2,0,1,1,1,0,1,50,,2,1,0,0,1,44.0,39.0,,,1,1,1,1,2
202100000661,2021-12-08 04:29:00,2021,12,8,4,29,41,41223,A10,47.616173,1.203475,Nuit sans éclairage public,Hors agglomération,Hors intersection,Brouillard / fumée,Deux véhicules - arrière,1,3,3,0,1,1,2,0,1,130,,2,1,0,1,0,55.0,20.0,,,3,1,1,5,2
202100000662,2021-12-20 08:15:00,2021,12,20,8,15,44,44056,Le Gue Geraud,47.412429,-1.770355,Crépuscule ou aube,Hors agglomération,Intersection en T,Normale,Deux véhicules - frontale,3,2,2,0,1,1,1,0,1,-1,,2,1,0,0,1,37.0,49.0,,,2,1,3,1,1
202100000663,2021-12-28 08:30:00,2021,12,28,8,30,04,04005,RD 52,43.993432,6.576798,Plein jour,Hors agglomération,Hors intersection,Brouillard / fumée,Sans collision,3,2,2,0,1,1,7,0,3,80,,1,0,0,1,0,34.0,,,,1,1,1,5,7
202100000664,2021-12-10 16:40:00,2021,12,10,16,40,36,36122,,47.096422,1.861668,Plein jour,Hors agglomération,Hors intersection,Neige / grêle,Autre collision,1,3,4,0,1,1,2,9,1,130,,2,1,0,1,0,57.0,,,,1,1,1,4,6
202100000665,2021-12-29 19:55:00,2021,12,29,19,55,45,45175,A71,47.749406,1.860927,Nuit sans éclairage public,Hors agglomération,Hors intersection,Normale,Autre collision,1,3,4,0,1,3,1,0,1,130,,4,3,0,0,1,37.0,,,,3,1,1,1,6