accident_id,datetime,annee,mois,jour,heure,minute,departement,commune_insee,adresse,latitude,longitude,luminosite,agglomeration,intersection,meteo,collision,catr,circ,nbv,vosp,prof,plan,surf,infra,situ,vma,nb_vehicules,nb_usagers,nb_indemnes,nb_tues,nb_blesses_hosp,nb_blesses_legers,age_cond_1,age_cond_2,veh_type_cond_1,veh_type_cond_2,lum_code,agg_code,int_code,atm_code,col_code
202100000666,2021-12-28 12:55:00,2021,12,28,12,55,988,98803,RT1 - Nekou,-21.54361,165.4676,Plein jour,Hors agglomération,Hors intersection,Pluie légère,Trois véhicules et plus - collisions multiples,2,2,2,0,1,3,2,0,1,110,,5,2,0,1,2,72.0,87.0,,,1,1,1,2,5
202100000667,2021-12-31 12:30:00,2021,12,31,12,30,971,97129,RN2,16.294144,-61.670664,Plein jour,Hors agglomération,Autre intersection,Normale,Deux véhicules - côté,2,2,2,0,1,1,1,0,1,70,,2,0,0,1,1,31.0,17.0,,,1,1,9,1,3
202100000668,2021-12-30 11:50:00,2021,12,30,11,50,83,83063,rd 558,43.3127405678,6.4712691307,Plein jour,Hors agglomération,Hors intersection,Normale,Deux véhicules - côté,3,-1,2,0,2,2,1,0,1,70,,2,1,0,0,1,,22.0,,,1,1,1,1,3
202100000669,2021-12-31 11:50:00,2021,12,31,11,50,68,68007,Rd 415,48.058994,7.429032,Plein jour,Hors agglomération,Hors intersection,Normale,Deux véhicules - arrière,3,2,2,0,1,1,1,0,1,80,,2,1,0,1,0,23.0,67.0,,,1,1,1,1,2
202100000670,2021-12-31 18:00:00,2021,12,31,18,0,38,38316,50 Rue Aimé Pinel,45.754858,5.177858,Nuit avec éclairage allumé,En agglomération,Hors intersection,Normale,Autre collision,3,2,2,0,1,2,1,0,1,50,,2,1,0,0,1,,,,,5,2,1,1,6
202100000671,2021-12-11 11:40:00,2021,12,11,11,40,69,69122,RD 306,45.9186965428,4.7308158875,Plein jour,Hors agglomération,Hors intersection,Normale,Deux véhicules - arrière,3,2,3,2,1,1,1,0,1,80,,2,1,0,0,1,19.0,32.0,,,1,1,1,1,2
202100000672,2021-12-31 16:45:00,2021,12,31,16,45,91,91161,AUTOROUTE A6,48.69789,2.31449,Crépuscule ou aube,Hors agglomération,Hors intersection,Normale,Deux véhicules - arrière,1,1,3,0,1,1,1,0,1,110,,2,1,0,1,0,43.0,44.0,,,2,1,1,1,2
202100000673,2021-06-24 19:20:00,2021,6,24,19,20,13,13047,NELSON MANDELA ROND POINT,43.50092,4.99382,Plein jour,En agglomération,Autre intersection,Normale,Deux véhicules - arrière,4,1,0,0,1,1,1,0,1,50,,2,1,0,0,1,23.0,49.0,,,1,2,9,1,2
202100000674,2021-06-11 16:35:00,2021,6,11,16,35,13,13071,QUICK (CD6),43.41292,5.33761,Plein jour,Hors agglomération,Hors intersection,Normale,Deux véhicules - côté,7,2,5,1,2,2,1,0,1,80,,2,0,0,1,1,35.0,43.0,,,1,1,1,1,3
202100000675,2021-06-10 23:20:00,2021,6,10,23,20,13,13001,VIADUC (CH),43.50569,5.44728,Nuit sans éclairage public,En agglomération,Hors intersection,Normale,Sans collision,9,2,2,0,1,1,1,0,1,50,,1,0,0,1,0,29.0,,,,3,2,1,1,7
202100000676,2021-06-10 23:00:00,2021,6,10,23,0,13,13047,JEAN JACQUES PRAT BOULEVARD,43.513,4.98796,Nuit avec éclairage allumé,En agglomération,Hors intersection,Normale,Deux véhicules - frontale,4,2,2,0,1,1,1,0,1,50,,2,1,0,0,1,34.0,24.0,,,5,2,1,1,1
202100000677,2021-06-08 08:00:00,2021,6,8,8,0,13,13117,CHEMIN DEPARTEMENTAL 9 (EST),43.42605,5.26696,Plein jour,Hors agglomération,Hors intersection,Normale,Deux véhicules - arrière,7,1,2,0,3,1,1,3,1,90,,3,1,0,0,2,46.0,43.0,,,1,1,1,1,2
202100000678,2021-06-06 20:10:00,2021,6,6,20,10,13,13001,EUROPE (AV),43.52568,5.45507,Plein jour,En agglomération,Intersection en X,Normale,Deux véhicules - frontale,7,2,5,3,1,1,1,0,1,50,,2,0,0,0,2,29.0,22.0,,,1,2,2,1,1
202100000679,2021-06-05 19:30:00,2021,6,5,19,30,13,13117,ROUTE NATIONALE 113 - CARREFOUR,43.4175132792,5.2732833855,Plein jour,En agglomération,Hors intersection,Normale,Deux véhicules - côté,7,2,2,0,1,1,1,0,1,90,,7,0,0,1,6,25.0,35.0,,,1,2,1,1,3
202100000680,2021-05-30 16:25:00,2021,5,30,16,25,13,13098,ROSEAUX  RUE DES,43.4388,5.03596,Plein jour,En agglomération,Intersection en T,Normale,Deux véhicules - côté,7,2,1,0,1,1,1,0,1,50,,2,1,0,0,1,48.0,33.0,,,1,2,3,1,3
202100000681,2021-06-04 17:45:00,2021,6,4,17,45,13,13001,EUROPE (AV),43.5237,5.43726,Plein jour,En agglomération,Intersection en X,Normale,Deux véhicules - côté,4,2,5,0,1,1,1,0,1,50,,3,2,0,1,0,30.0,75.0,,,1,2,2,1,3
202100000682,2021-05-29 13:15:00,2021,5,29,13,15,13,13047,RD 569,43.53453,4.97408,Plein jour,Hors agglomération,Hors intersection,Normale,Deux véhicules - arrière,7,-1,2,0,1,1,1,0,1,70,,4,3,0,0,1,21.0,21.0,,,1,1,1,1,2
202100000683,2021-05-29 09:55:00,2021,5,29,9,55,13,13001,RIEU CHARLOUN (RUE),43.52917,5.41445,Plein jour,En agglomération,Hors intersection,Normale,Deux véhicules - frontale,4,2,2,0,1,1,1,0,4,50,,2,1,0,1,0,,,,,1,2,1,1,1
202100000684,2021-05-27 15:50:00,2021,5,27,15,50,13,13001,GALICE (RTE DE),43.52,5.43,Plein jour,En agglomération,Hors intersection,Normale,Deux véhicules - arrière,4,1,3,3,1,1,1,0,1,50,,3,2,0,0,1,54.0,72.0,,,1,2,1,1,2
202100000685,2021-05-25 07:50:00,2021,5,25,7,50,13,13001,ANDREANI JEAN (RUE),43.5121710406,5.4351798225,Plein jour,En agglomération,Hors intersection,Normale,Deux véhicules - frontale,4,2,2,0,1,1,1,0,1,50,,2,1,0,0,1,43.0,,,,1,2,1,1,1
202100000686,2021-05-21 19:50:00,2021,5,21,19,50,13,13063,VIOLETTES ALLEE DE LA,43.5964659791,5.0068056528,Plein jour,En agglomération,Autre intersection,Normale,Deux véhicules - côté,4,2,2,0,1,1,1,0,1,50,,7,0,0,0,7,20.0,21.0,,,1,2,9,1,3
202100000687,2021-05-18 08:30:00,2021,5,18,8,30,13,13001,CAIRE JOSEPHINE (AV),43.52137,5.43044,Plein jour,En agglomération,Autre intersection,Normale,Deux véhicules - frontale,9,1,4,3,1,3,1,0,1,50,,2,1,0,1,0,85.0,,,,1,2,9,1,1
202100000688,2021-05-15 23:10:00,2021,5,15,23,10,13,13001,RD9,43.48456,5.35578,Nuit sans éclairage public,Hors agglomération,Hors intersection,Normale,Deux véhicules - frontale,7,1,2,0,2,2,1,0,1,110,,2,1,0,0,1,34.0,29.0,,,3,1,1,1,1
202100000689,2021-05-03 22:30:00,2021,5,3,22,30,13,13001,MILLES (RTE DES),43.5098799072,5.4345225384,Nuit avec éclairage allumé,En agglomération,Autre intersection,Normale,Deux véhicules - arrière,7,-1,1,0,1,3,1,0,1,50,,2,1,0,0,1,45.0,38.0,,,5,2,9,1,2
202100000690,2021-05-01 12:20:00,2021,5,1,12,20,13,13047,FOS (ROUTE DE) - RN 569,43.4830991418,4.9624442504,Plein jour,Hors agglomération,Hors intersection,Pluie légère,Deux véhicules - côté,2,2,2,0,2,2,2,0,1,80,,4,1,0,0,3,31.0,47.0,,,1,1,1,2,3
202100000691,2021-05-01 12:15:00,2021,5,1,12,15,13,13098,D.51,43.4613635879,4.9946497378,Plein jour,Hors agglomération,Hors intersection,Pluie forte,Autre collision,7,2,2,0,1,4,2,0,3,80,,4,2,0,0,2,33.0,,,,1,1,1,3,6
202100000692,2021-04-29 12:00:00,2021,4,29,12,0,13,13001,INFIRMERIES (AV DES),43.52364,5.43075,Plein jour,En agglomération,Hors intersection,Pluie légère,Deux véhicules - frontale,4,2,2,0,1,1,2,0,1,30,,2,1,0,0,1,36.0,,,,1,2,1,2,1
202100000693,2021-04-20 12:15:00,2021,4,20,12,15,13,13117,ROUTE NATIONALE 113 - CARREFOUR,43.4329,5.25719,Plein jour,Hors agglomération,Hors intersection,Normale,Deux véhicules - frontale,3,3,4,0,1,1,1,0,1,90,,4,2,0,1,1,46.0,,,,1,1,1,1,1
202100000694,2021-04-01 18:10:00,2021,4,1,18,10,13,13117,GLACIERE ( RUE DE LA ),43.42323,5.24111,Plein jour,En agglomération,Intersection en T,Normale,Deux véhicules - côté,7,-1,2,0,1,1,1,0,1,50,,2,0,0,0,2,29.0,27.0,,,1,2,3,1,3
202100000695,2021-03-12 17:00:00,2021,3,12,17,0,13,13054,COMBATTANTS AFN 52 62 (AV DES ),43.41153,5.21893,Plein jour,En agglomération,Giratoire,Temps éblouissant,Autre collision,7,2,2,0,1,1,1,0,1,50,,3,1,0,0,2,20.0,,,,1,2,6,7,6
202100000696,2021-01-12 16:10:00,2021,1,12,16,10,13,13001,Route de Marseille,43.47559,5.41537,Plein jour,En agglomération,Hors intersection,Normale,Deux véhicules - arrière,7,2,2,0,2,1,1,0,1,50,,4,2,0,1,1,53.0,18.0,,,1,2,1,1,2
202100000697,2021-12-31 17:30:00,2021,12,31,17,30,71,71306,ALOUETTES (AVENUE DES),46.6790396831,4.3656806501,Crépuscule ou aube,En agglomération,Intersection en X,Normale,Deux véhicules - côté,4,3,5,0,1,1,1,5,1,50,,2,1,0,0,1,15.0,24.0,,,2,2,2,1,3
202100000698,2021-12-31 16:10:00,2021,12,31,16,10,65,65440,PAU (ROUTE DE),43.23806,0.04138,Plein jour,En agglomération,Hors intersection,Normale,Deux véhicules - côté,3,3,2,0,1,1,1,0,1,50,,5,1,0,1,3,21.0,67.0,,,1,2,1,1,3
202100000699,2021-12-31 17:43:00,2021,12,31,17,43,25,25056,MORRE ROUTE DE,47.22536,6.04724,Nuit sans éclairage public,Hors agglomération,Hors intersection,Temps couvert,Deux véhicules - côté,3,2,2,0,2,3,2,0,1,80,,2,1,1,0,0,30.0,20.0,,,3,1,1,8,3
202100000700,2021-12-31 18:42:00,2021,12,31,18,42,17,17291,BELGIQUE  RUE,46.1774,-1.1186,Nuit avec éclairage allumé,En agglomération,Autre intersection,Normale,Deux véhicules - côté,4,2,2,0,1,1,1,0,1,30,,2,1,0,0,1,19.0,55.0,,,5,2,9,1,3
202100000701,2021-12-22 13:20:00,2021,12,22,13,20,07,07019,RN 102,44.63565,4.37865,Plein jour,Hors agglomération,Hors intersection,Normale,Deux véhicules - frontale,2,2,2,0,2,3,1,0,1,70,,2,1,0,1,0,58.0,31.0,,,1,1,1,1,1
202100000702,2021-12-31 18:30:00,2021,12,31,18,30,06,06088,ARIANE (BD DE L'),43.734105,7.292184,Nuit avec éclairage allumé,En agglomération,Intersection en T,Normale,Trois véhicules et plus - en chaîne,4,3,4,1,1,1,1,0,1,50,,4,1,0,0,3,28.0,22.0,,,5,2,3,1,4
202100000703,2021-12-31 23:30:00,2021,12,31,23,30,75,75116,BOULEVARD DE L AMIRAL BRUIX,48.87587,2.281183,Nuit avec éclairage allumé,En agglomération,Intersection en T,Normale,Deux véhicules - côté,4,2,1,0,1,1,1,8,1,30,,2,1,0,0,1,28.0,21.0,,,5,2,3,1,3
202100000704,2021-12-31 16:12:00,2021,12,31,16,12,94,94079,Rue Maurice Berteaux,48.82907,2.53938,Plein jour,En agglomération,Intersection en X,Normale,Autre collision,3,1,1,0,1,1,1,0,1,50,,2,1,0,0,1,78.0,,,,1,2,2,1,6
202100000705,2021-12-30 19:00:00,2021,12,30,19,0,01,01384,D1504,45.939875,5.429134,Nuit avec éclairage allumé,En agglomération,Hors intersection,Normale,Autre collision,3,2,2,0,1,1,2,0,4,50,,2,0,0,0,2,16.0,,,,5,2,1,1,6
202100000706,2021-12-29 18:14:00,2021,12,29,18,14,09,09181,Lieu dit Le Bole,43.087018,1.372171,Plein jour,Hors agglomération,Hors intersection,Normale,Deux véhicules - arrière,3,2,2,0,1,1,1,0,1,80,,2,1,0,0,1,68.0,,,,1,1,1,1,2
202100000707,2021-12-30 21:00:00,2021,12,30,21,0,44,44051,Croquemais,47.650499,-1.690594,Nuit sans éclairage public,Hors agglomération,Autre intersection,Normale,Autre collision,4,2,2,0,1,2,1,0,3,50,,3,2,0,1,0,17.0,,,,3,1,9,1,6
202100000708,2021-12-30 10:30:00,2021,12,30,10,30,57,57239,D674,48.992052,6.792737,Plein jour,Hors agglomération,Hors intersection,Temps couvert,Sans collision,3,2,2,0,2,3,2,0,8,80,,1,0,0,1,0,73.0,,,,1,1,1,8,7
202100000709,2021-12-31 22:45:00,2021,12,31,22,45,63,63334,D65,45.682157,3.492998,Nuit sans éclairage public,Hors agglomération,Hors intersection,Normale,Autre collision,3,2,2,0,2,2,9,0,3,80,,1,0,0,1,0,72.0,,,,3,1,1,1,6
202100000710,2021-12-30 17:36:00,2021,12,30,17,36,53,53121,La Trevanniere,48.427528,-0.289292,Crépuscule ou aube,Hors agglomération,Hors intersection,Normale,Deux véhicules - côté,2,2,2,0,1,1,1,0,1,80,,2,1,0,1,0,56.0,27.0,,,2,1,1,1,3
202100000711,2021-12-31 18:25:00,2021,12,31,18,25,17,17218,D105,46.303504,-1.01528,Nuit sans éclairage public,Hors agglomération,Passage à niveau,Normale,Autre collision,3,2,2,0,1,2,1,4,8,80,,1,0,0,1,0,79.0,,,,3,1,8,1,6
202100000712,2021-12-04 18:55:00,2021,12,4,18,55,33,33393,autorute A89,44.98869,-0.147543,Nuit sans éclairage public,Hors agglomération,Hors intersection,Pluie forte,Sans collision,1,3,4,0,1,1,2,0,3,130,,4,3,0,0,1,38.0,,,,3,1,1,3,7
202100000713,2021-12-23 17:40:00,2021,12,23,17,40,38,38553,Boulevard de Villefontaine,45.611696,5.153945,Nuit avec éclairage allumé,En agglomération,Hors intersection,Normale,Autre collision,3,2,2,0,1,1,1,0,1,50,,2,1,0,1,0,38.0,,,,5,2,1,1,6
202100000714,2021-12-31 19:35:00,2021,12,31,19,35,24,24067,RD 703 et Route de boutenègre,44.905222,0.949727,Nuit avec éclairage allumé,Hors agglomération,Intersection en T,Normale,Deux véhicules - côté,3,2,2,0,1,1,1,0,1,80,,3,1,0,0,2,19.0,53.0,,,5,1,3,1,3
202100000715,2021-12-31 16:05:00,2021,12,31,16,5,971,97114,RN1 - Section La Rose,16.140857,-61.582038,Plein jour,Hors agglomération,Intersection en T,Normale,Deux véhicules - côté,2,2,3,0,4,1,2,5,1,80,,2,1,1,0,0,94.0,29.0,,,1,1,3,1,3
202100000716,2021-12-03 15:20:00,2021,12,3,15,20,84,84129,avenue marcel pagnol,43.984787,4.885526,Plein jour,En agglomération,Hors intersection,Temps couvert,Deux véhicules - côté,9,2,2,0,1,1,1,0,1,50,,4,3,0,0,1,43.0,15.0,,,1,2,1,8,3
202100000717,2021-12-30 14:10:00,2021,12,30,14,10,07,07324,Route de Lamastre,45.065906,4.781553,Plein jour,Hors agglomération,Hors intersection,Normale,Autre collision,3,2,2,0,1,2,2,8,1,80,,2,1,0,0,1,59.0,56.0,,,1,1,1,1,6
202100000718,2021-12-28 18:24:00,2021,12,28,18,24,72,72154,Rue de la Tour d Auvergne,47.697928,-0.064105,Nuit avec éclairage allumé,En agglomération,Intersection en Y,Normale,Deux véhicules - côté,4,2,2,0,1,1,1,0,1,50,,2,1,0,0,1,19.0,18.0,,,5,2,4,1,3
202100000719,2021-12-31 21:45:00,2021,12,31,21,45,69,69163,,45.906324,4.799779,Nuit sans éclairage public,Hors agglomération,Hors intersection,Brouillard / fumée,Trois véhicules et plus - en chaîne,1,3,3,0,1,1,1,0,1,130,,7,3,0,0,4,48.0,45.0,,,3,1,1,5,4
202100000720,2021-12-31 21:13:00,2021,12,31,21,13,78,78029,A13,48.967722,1.857437,Nuit sans éclairage public,Hors agglomération,Autre intersection,Normale,Autre collision,1,1,1,0,2,3,1,0,1,70,,2,1,0,0,1,25.0,,,,3,1,9,1,6
202100000721,2021-12-31 18:10:00,2021,12,31,18,10,93,93013,AUTOROUTE A1,48.9421,2.43127,Nuit avec éclairage allumé,Hors agglomération,Hors intersection,Normale,Deux véhicules - arrière,1,3,6,0,1,1,1,0,1,90,,2,1,0,0,1,27.0,,,,5,1,1,1,2
202100000722,2021-12-31 18:00:00,2021,12,31,18,0,93,93064,AUTOROUTE A86,48.87122,2.48194,Nuit sans éclairage public,Hors agglomération,Hors intersection,Normale,Deux véhicules - côté,1,3,6,0,1,1,1,0,1,90,,2,1,0,0,1,48.0,52.0,,,3,1,1,1,3
202100000723,2021-12-31 19:00:00,2021,12,31,19,0,93,93005,AUTOROUTE A3,48.96795092,2.479499269,Nuit sans éclairage public,Hors agglomération,Hors intersection,Normale,Deux véhicules - côté,1,3,3,0,1,2,1,0,1,90,,3,2,0,0,1,43.0,55.0,,,3,1,1,1,3
202100000724,2021-12-30 18:55:00,2021,12,30,18,55,976,97611,convalescence/vetivers-Vetiver ( rue ),-12.78109,45.22576,Nuit avec éclairage allumé,En agglomération,Intersection en T,Normale,Autre collision,4,2,4,0,1,2,1,0,1,50,,2,1,0,1,0,57.0,,,,5,2,3,1,6
202100000725,2021-12-30 13:53:00,2021,12,30,13,53,54,54304,EUROPE (AVENUE DE L'),48.6792,6.14571,Plein jour,En agglomération,Autre intersection,Normale,Autre collision,6,-1,-1,0,1,1,1,9,8,20,,2,1,0,0,1,46.0,,,,1,2,9,1,6
202100000726,2021-12-29 19:30:00,2021,12,29,19,30,76,76540,BELGES. BOULEVARD DES,49.44584,1.08635,Nuit avec éclairage allumé,En agglomération,Intersection en X,Pluie légère,Autre collision,7,1,2,0,1,3,2,0,1,50,,2,1,0,0,1,26.0,,,,5,2,2,2,6
202100000727,2021-12-29 18:00:00,2021,12,29,18,0,08,08105,RIMBAUD A. QUAI,49.77564,4.72163,Nuit sans éclairage public,En agglomération,Hors intersection,Pluie légère,Autre collision,3,2,2,0,1,1,2,0,1,30,,3,1,1,1,0,75.0,,,,3,2,1,2,6
202100000728,2021-12-28 11:45:00,2021,12,28,11,45,78,78650,CARNOT (BOULEVARD),48.89385,2.13595,Plein jour,En agglomération,Autre intersection,Normale,Trois véhicules et plus - en chaîne,3,2,2,0,1,1,1,0,1,50,,6,4,0,0,2,58.0,32.0,,,1,2,9,1,4
202100000729,2021-12-27 18:30:00,2021,12,27,18,30,78,78517,LENOTRE (RUE G.),48.64285,1.82566,Nuit avec éclairage allumé,En agglomération,Place,Normale,Autre collision,3,2,3,0,1,2,2,0,1,30,,2,1,0,0,1,33.0,,,,5,2,7,1,6
202100000730,2021-12-27 18:33:00,2021,12,27,18,33,54,54304,SAPINIERE (RUE DE LA),48.694485,6.128022,Nuit avec éclairage allumé,En agglomération,Intersection en T,Pluie légère,Autre collision,4,2,2,0,1,1,2,0,1,50,,2,1,0,0,1,14.0,,,,5,2,3,2,6
202100000731,2021-12-27 16:00:00,2021,12,27,16,0,93,93053,AUTOROUTE A3,48.8963683205,2.4700175612,Plein jour,Hors agglomération,Hors intersection,Temps couvert,Deux véhicules - côté,1,4,0,0,1,1,1,0,1,90,,2,1,0,0,1,,26.0,,,1,1,1,8,3
202100000732,2021-12-26 13:45:00,2021,12,26,13,45,08,08105,MONTHERME,49.81004,4.70169,Plein jour,Hors agglomération,Hors intersection,Pluie légère,Autre collision,3,2,2,0,2,1,2,0,8,80,,1,0,1,0,0,45.0,,,,1,1,1,2,6
202100000733,2021-12-25 08:00:00,2021,12,25,8,0,972,97209,BALATA (ROUTE DE),14.6188,-61.0705,Plein jour,En agglomération,Hors intersection,Normale,Sans collision,2,2,2,0,2,1,1,0,4,30,,1,0,0,1,0,45.0,,,,1,2,1,1,7
202100000734,2021-12-25 22:30:00,2021,12,25,22,30,59,59650,MENDES FRANCE (BOULEVARD PIERRE),50.699312,3.226125,Nuit avec éclairage allumé,En agglomération,Hors intersection,Normale,Autre collision,4,2,2,0,1,4,1,0,3,50,,5,0,3,2,0,29.0,,,,5,2,1,1,6
202100000735,2021-12-24 18:00:00,2021,12,24,18,0,22,22278,SURCOUF (Q.),48.52412,-2.73943,Nuit avec éclairage allumé,En agglomération,Hors intersection,Pluie légère,Autre collision,4,2,2,0,1,1,2,0,1,50,,3,2,0,0,1,83.0,,,,5,2,1,2,6
202100000736,2021-12-23 09:55:00,2021,12,23,9,55,69,69259,LOUIS JOUVET (PC),45.7146798863,4.8769533634,Plein jour,En agglomération,Hors intersection,Temps éblouissant,Autre collision,6,-1,0,0,1,1,1,0,1,30,,2,1,0,0,1,89.0,,,,1,2,1,7,6
202100000737,2021-12-23 15:15:00,2021,12,23,15,15,38,38169,RUE DE LA SURE,45.20324,5.68537,Plein jour,En agglomération,Intersection en T,Normale,Deux véhicules - arrière,4,2,2,0,1,1,1,0,1,50,,2,1,0,0,1,68.0,,,,1,2,3,1,2
202100000738,2021-12-22 11:20:00,2021,12,22,11,20,972,97213,Z I LES MANGLES,14.61485,-61.01371,Plein jour,Hors agglomération,Autre intersection,Normale,Autre collision,9,-1,0,0,1,1,1,9,8,10,,2,1,0,0,1,20.0,,,,1,1,9,1,6
202100000739,2021-12-22 12:32:00,2021,12,22,12,32,76,76351,ANATOLE FRANCE,49.49484,0.11115,Plein jour,En agglomération,Intersection en X,Normale,Autre collision,4,2,4,1,1,1,1,0,1,50,,2,1,0,0,1,33.0,,,,1,2,2,1,6
202100000740,2021-12-22 13:18:00,2021,12,22,13,18,93,93062,JARDIN ANGLAIS ET DE FINCHLEY (ALLEE DU),48.89624,2.51163,Plein jour,En agglomération,Hors intersection,Normale,Autre collision,4,2,2,0,1,1,1,0,1,30,,2,1,0,0,1,37.0,,,,1,2,1,1,6
202100000741,2021-12-30 18:20:00,2021,12,30,18,20,973,97302,MONNERVILLE (AVENUE GASTON),4.93693,-52.33344,Nuit avec éclairage allumé,En agglomération,Hors intersection,Normale,Autre collision,4,1,1,0,1,1,1,0,1,50,,3,2,0,0,1,45.0,56.0,,,5,2,1,1,6
202100000742,2021-12-30 11:40:00,2021,12,30,11,40,973,97302,EUGENE GOBERT(RUE),4.9318403883,-52.3316492736,Plein jour,En agglomération,Hors intersection,Temps couvert,Autre collision,4,2,2,0,1,1,1,0,1,50,,2,1,0,0,1,50.0,12.0,,,1,2,1,8,6
202100000743,2021-12-31 13:50:00,2021,12,31,13,50,972,97213,ROUTE DEPARTEMENTALE 3,14.61236,-60.99555,Plein jour,Hors agglomération,Giratoire,Normale,Deux véhicules - côté,3,3,1,0,1,3,1,0,1,30,,2,1,0,1,0,,41.0,,,1,1,6,1,3
202100000744,2021-12-31 11:00:00,2021,12,31,11,0,69,69286,STRASBOURG (DE) (RTE),45.81954,4.89443,Plein jour,En agglomération,Hors intersection,Temps couvert,Trois véhicules et plus - en chaîne,7,2,2,0,2,1,1,0,1,50,,4,3,0,0,1,49.0,,,,1,2,1,8,4
202100000745,2021-12-30 11:20:00,2021,12,30,11,20,971,97101,JEAN  IGNACE (RUE) ,16.2532177139,-61.5222251415,Plein jour,En agglomération,Hors intersection,Pluie légère,Deux véhicules - côté,4,2,0,0,1,1,3,0,1,50,,2,1,0,0,1,24.0,24.0,,,1,2,1,2,3
202100000746,2021-12-31 17:47:00,2021,12,31,17,47,971,97113,Section Port Blanc,16.23611,-61.44583,Nuit avec éclairage non allumé,Hors agglomération,Autre intersection,Normale,Deux véhicules - côté,4,2,1,0,2,3,1,0,1,30,,3,2,0,0,1,27.0,36.0,,,4,1,9,1,3
202100000747,2021-12-31 02:25:00,2021,12,31,2,25,95,95680,AVENUE DE TISSONVILLIERS,49.0011588338,2.3895692825,Nuit avec éclairage allumé,En agglomération,Intersection en X,Normale,Deux véhicules - côté,3,2,2,0,1,1,1,0,1,50,,2,0,0,0,2,22.0,22.0,,,5,2,2,1,3
202100000748,2021-12-31 16:25:00,2021,12,31,16,25,95,95428,RD 144,48.989403008,2.3272776604,Plein jour,En agglomération,Intersection en Y,Normale,Autre collision,3,2,2,0,2,3,1,0,1,30,,2,1,0,0,1,31.0,,,,1,2,4,1,6
202100000749,2021-12-31 06:45:00,2021,12,31,6,45,91,91667,CORBEIL (ROUTE DE),48.65711,2.33919,Nuit avec éclairage allumé,En agglomération,Hors intersection,Normale,Deux véhicules - frontale,3,2,4,0,1,1,2,0,1,50,,2,1,0,0,1,26.0,60.0,,,5,2,1,1,1
202100000750,2021-12-27 17:23:00,2021,12,27,17,23,84,84007,FOLIE (Avenue de la),43.94852,4.8199,Plein jour,En agglomération,Hors intersection,Normale,Autre collision,4,-1,2,0,1,1,1,0,1,50,,2,1,0,1,0,,,,,1,2,1,1,6
202100000751,2021-12-29 17:32:00,2021,12,29,17,32,84,84007,SEGHERS (rue Pierre),43.927331,4.838182,Plein jour,En agglomération,Hors intersection,Normale,Autre collision,4,-1,2,0,1,1,1,0,1,50,,2,1,0,1,0,,,,,1,2,1,1,6
202100000752,2021-12-25 20:20:00,2021,12,25,20,20,84,84007,Avenue Pierre Sémard,43.930134,4.838178,Nuit avec éclairage allumé,En agglomération,Hors intersection,Normale,Deux véhicules - frontale,2,4,7,1,1,1,1,5,1,50,,2,1,0,0,1,26.0,40.0,,,5,2,1,1,1
202100000753,2021-12-30 20:45:00,2021,12,30,20,45,83,83126,AV DE LA 1ERE ARMEE FRANCAISE,43.10816,5.87791,Nuit avec éclairage allumé,En agglomération,Hors intersection,Normale,Autre collision,7,3,4,0,1,1,1,0,1,70,,1,0,0,1,0,51.0,,,,5,2,1,1,6
202100000754,2021-12-28 17:25:00,2021,12,28,17,25,76,76351,LENINGRAD (BD DE),49.49979,0.17141,Nuit sans éclairage public,En agglomération,Intersection en X,Normale,Deux véhicules - côté,4,2,6,1,1,1,1,0,5,50,,2,1,0,0,1,22.0,23.0,,,3,2,2,1,3
202100000755,2021-12-31 11:20:00,2021,12,31,11,20,72,72181,BOLLEE (AV) N° IMP 65 A 199,47.99925055,0.2367031572,Plein jour,En agglomération,Hors intersection,Normale,Deux véhicules - arrière,4,-1,2,0,1,1,1,0,1,50,,2,1,0,0,1,26.0,18.0,,,1,2,1,1,2
202100000756,2021-12-31 22:10:00,2021,12,31,22,10,72,72181,CUGNOT NICOLAS (BD),47.9837796707,0.2216899393,Nuit avec éclairage allumé,En agglomération,Hors intersection,Normale,Autre collision,4,3,4,0,1,1,1,0,1,70,,4,3,0,0,1,37.0,20.0,,,5,2,1,1,6
202100000757,2021-12-30 17:45:00,2021,12,30,17,45,64,64445,102 Boulevard d’Alsace Lorraine,43.30537,-0.37374,Crépuscule ou aube,En agglomération,Hors intersection,Normale,Deux véhicules - côté,4,2,2,2,1,1,1,0,1,50,,2,1,1,0,0,68.0,20.0,,,2,2,1,1,3
202100000758,2021-12-31 11:30:00,2021,12,31,11,30,64,64122,55 Rue de Madrid,43.46916,-1.56997,Plein jour,En agglomération,Hors intersection,Normale,Deux véhicules - côté,4,1,1,0,2,1,1,0,1,30,,2,1,0,0,1,68.0,33.0,,,1,2,1,1,3
202100000759,2021-12-30 20:15:00,2021,12,30,20,15,64,64024,Avenue de Bayonne,43.48151,-1.50948,Nuit avec éclairage allumé,En agglomération,Intersection en X,Normale,Deux véhicules - côté,3,2,4,3,1,1,1,0,1,50,,2,1,0,0,1,35.0,35.0,,,5,2,2,1,3
202100000760,2021-12-26 01:10:00,2021,12,26,1,10,63,63103,THERMAL (BOULEVARD),45.9268,3.08355,Nuit avec éclairage non allumé,Hors agglomération,Giratoire,Temps couvert,Sans collision,3,4,2,0,1,3,2,5,8,50,,1,0,0,1,0,22.0,,,,4,1,6,8,7