accident_id,datetime,annee,mois,jour,heure,minute,departement,commune_insee,adresse,latitude,longitude,luminosite,agglomeration,intersection,meteo,collision,catr,circ,nbv,vosp,prof,plan,surf,infra,situ,vma,nb_vehicules,nb_usagers,nb_indemnes,nb_tues,nb_blesses_hosp,nb_blesses_legers,age_cond_1,age_cond_2,veh_type_cond_1,veh_type_cond_2,lum_code,agg_code,int_code,atm_code,col_code
202100000761,2021-12-30 17:55:00,2021,12,30,17,55,56,56098,FABIEN ( AV. DU COLONEL ),47.76218,-3.33743,Nuit avec éclairage allumé,En agglomération,Intersection en X,Pluie légère,Deux véhicules - côté,4,2,2,0,1,1,2,5,1,50,,3,0,1,0,2,42.0,21.0,,,5,2,2,2,3
202100000762,2021-12-30 23:30:00,2021,12,30,23,30,50,50173,SALINE (BOULEVARD DE LA),49.654,-1.64924,Nuit avec éclairage allumé,En agglomération,Intersection en X,Normale,Autre collision,3,3,4,1,1,1,1,5,1,70,,2,0,0,0,2,21.0,,,,5,2,2,1,6
202100000763,2021-12-31 18:15:00,2021,12,31,18,15,44,44184,LEFERME (BOULEVARD PAUL),47.284271,-2.201462,Nuit avec éclairage allumé,En agglomération,Intersection en T,Normale,Deux véhicules - côté,4,2,2,0,1,2,1,0,1,50,,2,1,0,0,1,14.0,19.0,,,5,2,3,1,3
202100000764,2021-11-14 10:15:00,2021,11,14,10,15,42,42103,Rue Louis Pasteur,45.50004,4.56642,Plein jour,En agglomération,Hors intersection,Pluie forte,Autre collision,7,2,2,0,1,1,2,0,1,50,,3,2,0,1,0,39.0,,,,1,2,1,3,6
202100000765,2021-12-29 17:35:00,2021,12,29,17,35,39,39198,5 Avenue Léon Jouhaux,47.090394,5.483057,Crépuscule ou aube,En agglomération,Hors intersection,Pluie légère,Autre collision,4,2,2,0,1,1,2,9,1,50,,2,1,0,1,0,41.0,,,,2,2,1,2,6
202100000766,2021-12-31 13:30:00,2021,12,31,13,30,37,37122,GOUNIN (RUE EMILE),47.3562072797,0.6643402576,Plein jour,Hors agglomération,Hors intersection,Normale,Autre collision,4,2,1,0,1,1,1,0,1,50,,2,1,0,0,1,73.0,,,,1,1,1,1,6
202100000767,2021-12-31 08:30:00,2021,12,31,8,30,32,32013,AGEN (ROUTE D'),43.66283,0.59943,Crépuscule ou aube,En agglomération,Hors intersection,Normale,Deux véhicules - arrière,2,2,2,0,1,1,1,0,1,50,,2,1,0,0,1,37.0,66.0,,,2,2,1,1,2
202100000768,2021-12-30 19:00:00,2021,12,30,19,0,29,29232,Rue President Sadate,47.97791,-4.0981,Nuit sans éclairage public,En agglomération,Intersection en T,Normale,Deux véhicules - côté,4,2,2,0,3,1,1,5,1,50,,2,1,0,0,1,32.0,16.0,,,3,2,3,1,3
202100000769,2021-12-31 21:30:00,2021,12,31,21,30,27,27229,SAINT ANDRE (ROUTE DE),49.01091,1.16601,Nuit avec éclairage allumé,En agglomération,Intersection en X,Normale,Deux véhicules - côté,4,2,3,0,1,1,1,0,1,50,,6,4,0,0,2,44.0,43.0,,,5,2,2,1,3
202100000770,2021-12-31 18:05:00,2021,12,31,18,5,27,27229,JAURES (RUE JEAN),49.02136,1.15151,Nuit avec éclairage allumé,En agglomération,Hors intersection,Normale,Deux véhicules - frontale,4,1,2,3,2,1,1,9,6,50,,2,1,0,0,1,46.0,19.0,,,5,2,1,1,1
202100000771,2021-12-31 13:12:00,2021,12,31,13,12,25,25056,CHURCHILL BD WINSTON,47.2451,5.99634,Plein jour,En agglomération,Giratoire,Normale,Trois véhicules et plus - en chaîne,3,-1,2,0,1,2,1,0,1,50,,4,3,0,0,1,56.0,59.0,,,1,2,6,1,4
202100000772,2021-12-30 20:10:00,2021,12,30,20,10,17,17306,ANSALDI,45.635588,-1.02636,Nuit avec éclairage allumé,En agglomération,Intersection en X,Normale,Deux véhicules - côté,4,-1,2,0,1,1,1,0,1,50,,2,1,0,1,0,70.0,20.0,,,5,2,2,1,3
202100000773,2021-12-30 04:15:00,2021,12,30,4,15,16,16102,HUGO (AVENUE VICTOR),45.69062,-0.32122,Nuit sans éclairage public,En agglomération,Hors intersection,Normale,Sans collision,3,2,2,0,1,1,1,0,4,50,,1,0,0,1,0,15.0,,,,3,2,1,1,7
202100000774,2021-12-28 20:35:00,2021,12,28,20,35,14,14118,Boulevard Georges Pompidou,49.18151,-0.40079,Nuit avec éclairage allumé,En agglomération,Hors intersection,Normale,Autre collision,4,3,2,0,1,1,1,0,1,50,,1,0,0,0,1,20.0,,,,5,2,1,1,6
202100000775,2021-12-31 11:20:00,2021,12,31,11,20,13,13213,ALPHONSE DAUDET (RUE),43.31779,5.40609,Plein jour,En agglomération,Intersection en T,Pluie légère,Deux véhicules - côté,7,1,1,0,1,1,1,0,1,50,,2,1,0,0,1,81.0,51.0,,,1,2,3,2,3
202100000776,2021-12-31 06:17:00,2021,12,31,6,17,10,10362,GENERAL GALLIENI (RUE DU),48.29435,4.0598,Nuit avec éclairage allumé,En agglomération,Giratoire,Normale,Autre collision,4,-1,2,0,1,1,2,0,1,50,,1,0,0,0,1,39.0,,,,5,2,6,1,6
202100000777,2021-12-30 02:50:00,2021,12,30,2,50,75,75112,PORTE DOREE,48.832615,2.4059,Nuit avec éclairage allumé,En agglomération,Hors intersection,Pluie légère,Deux véhicules - arrière,4,1,4,0,1,1,2,0,1,70,,3,2,0,0,1,,41.0,,,5,2,1,2,2
202100000778,2021-12-31 13:42:00,2021,12,31,13,42,75,75106,RUE DU CHERCHE MIDI,48.847565,2.322783,Plein jour,En agglomération,Intersection en T,Normale,Deux véhicules - côté,4,1,1,2,1,1,1,0,1,30,,3,2,0,1,0,57.0,57.0,,,1,2,3,1,3
202100000779,2021-12-31 00:30:00,2021,12,31,0,30,75,75117,BOULEVARD BERTHIER,48.894305,2.313769,Nuit avec éclairage allumé,En agglomération,Intersection en X,Temps couvert,Deux véhicules - côté,4,3,3,0,1,1,2,0,1,30,,2,1,0,1,0,21.0,27.0,,,5,2,2,8,3
202100000780,2021-12-31 10:07:00,2021,12,31,10,7,75,75119,AVENUE CORENTIN CARIOU,48.898194,2.386009,Plein jour,En agglomération,Intersection en X,Normale,Deux véhicules - côté,4,1,3,1,1,1,1,0,1,30,,3,2,0,0,1,,46.0,,,1,2,2,1,3
202100000781,2021-12-31 18:20:00,2021,12,31,18,20,75,75116,BOULEVARD PERIPHERIQUE EXTERIEUR OUEST,48.865873,2.268159,Nuit avec éclairage allumé,En agglomération,Intersection en Y,Normale,Deux véhicules - arrière,4,1,3,0,1,1,1,0,1,70,,2,1,0,0,1,28.0,47.0,,,5,2,4,1,2
202100000782,2021-12-31 20:34:00,2021,12,31,20,34,75,75113,AVENUE D ITALIE,48.822784,2.358334,Nuit avec éclairage allumé,En agglomération,Intersection en T,Normale,Trois véhicules et plus - en chaîne,4,2,4,1,1,1,1,0,1,30,,3,1,0,0,2,24.0,34.0,,,5,2,3,1,4
202100000783,2021-12-31 03:30:00,2021,12,31,3,30,75,75108,AVENUE DES CHAMPS ELYSEES,48.873136,2.297115,Nuit avec éclairage allumé,En agglomération,Intersection à plus de 4 branches,Normale,Sans collision,4,2,4,1,3,1,2,0,1,50,,2,0,0,0,2,37.0,,,,5,2,5,1,7
202100000784,2021-12-31 08:25:00,2021,12,31,8,25,75,75107,AVENUE DE SUFFREN,48.847148,2.307338,Plein jour,En agglomération,Intersection en X,Normale,Deux véhicules - côté,4,3,4,0,1,1,1,0,1,30,,2,1,0,0,1,32.0,50.0,,,1,2,2,1,3
202100000785,2021-12-31 18:10:00,2021,12,31,18,10,94,94081,Rue Eugene Henaff,48.79442,2.41704,Nuit avec éclairage allumé,En agglomération,Hors intersection,Normale,Autre collision,3,2,0,0,1,1,1,9,1,50,,2,1,0,0,1,31.0,,,,5,2,1,1,6
202100000786,2021-12-31 08:45:00,2021,12,31,8,45,94,94068,Avenue Foch,48.80478,2.48546,Plein jour,En agglomération,Hors intersection,Normale,Deux véhicules - arrière,3,2,0,0,2,1,1,0,1,30,,2,0,0,0,2,22.0,49.0,,,1,2,1,1,2
202100000787,2021-12-30 03:05:00,2021,12,30,3,5,94,94068,MARINVILLE (AV DE),48.80648,2.48118,Nuit avec éclairage allumé,En agglomération,Hors intersection,Normale,Autre collision,3,1,1,0,2,1,2,0,1,30,,2,1,0,0,1,,,,,5,2,1,1,6
202100000788,2021-12-31 12:50:00,2021,12,31,12,50,94,94041,Boulevard Hippolyte Marquès,48.81827,2.37006,Plein jour,En agglomération,Hors intersection,Normale,Autre collision,4,1,1,1,1,1,1,0,3,50,,2,0,0,0,2,32.0,,,,1,2,1,1,6
202100000789,2021-12-29 10:20:00,2021,12,29,10,20,94,94028,Avenue Laferrière,48.80015,2.45581,Plein jour,En agglomération,Autre intersection,Pluie légère,Deux véhicules - frontale,4,2,2,0,1,1,2,0,1,50,,2,1,0,0,1,30.0,52.0,,,1,2,9,2,1
202100000790,2021-12-31 10:15:00,2021,12,31,10,15,93,93066,"""BARBUSSE HENRI, NR 35 A 137""",48.94055,2.37182,Plein jour,En agglomération,Intersection en X,Normale,Deux véhicules - côté,3,2,2,0,1,1,1,0,1,50,,2,1,0,0,1,47.0,,,,1,2,2,1,3
202100000791,2021-12-31 16:51:00,2021,12,31,16,51,93,93031,DE LATTRE DE TASSIGNY (1 A 51),48.9575,2.30999,Crépuscule ou aube,En agglomération,Intersection en T,Normale,Autre collision,3,3,3,1,1,1,1,9,1,50,,2,1,0,0,1,,,,,2,2,3,1,6
202100000792,2021-12-31 16:40:00,2021,12,31,16,40,93,93027,PASTEUR (BOULEVARD) DE 40 A +,48.92632,2.38484,Crépuscule ou aube,En agglomération,Hors intersection,Normale,Autre collision,3,2,2,0,1,1,1,0,1,50,,3,2,0,0,1,20.0,,,,2,2,1,1,6
202100000793,2021-12-31 15:25:00,2021,12,31,15,25,93,93013,THOMAS (RUE ALBERT),48.93527,2.43394,Plein jour,En agglomération,Hors intersection,Normale,Deux véhicules - frontale,4,1,1,0,1,3,1,0,4,50,,2,1,0,1,0,,,,,1,2,1,1,1
202100000794,2021-12-31 06:15:00,2021,12,31,6,15,93,93046,MARECHAL LECLERC AVENUE,48.920123431,2.5392873347,Nuit avec éclairage allumé,En agglomération,Intersection en X,Temps couvert,Deux véhicules - côté,3,2,4,0,1,1,2,5,1,50,,2,0,0,0,2,60.0,31.0,,,5,2,2,8,3
202100000795,2021-12-31 14:00:00,2021,12,31,14,0,93,93001,JEAN JAURES  (AVE)  157 A 213,48.91298,2.40216,Plein jour,En agglomération,Hors intersection,Normale,Deux véhicules - côté,3,-1,1,3,1,1,1,0,1,50,,3,2,0,0,1,33.0,30.0,,,1,2,1,1,3
202100000796,2021-12-31 00:10:00,2021,12,31,0,10,93,93001,REPUBLIQUE (AVE DE LA ) 43/106 =>,48.909507003,2.3863720433,Nuit avec éclairage non allumé,En agglomération,Hors intersection,Normale,Autre collision,3,2,4,3,1,1,1,0,1,50,,2,1,0,0,1,24.0,,,,4,2,1,1,6
202100000797,2021-12-31 13:00:00,2021,12,31,13,0,92,92044,Rue Paul Vaillant-Couturier,48.8937240776,2.277764082,Plein jour,En agglomération,Intersection en T,Normale,Deux véhicules - côté,4,1,1,0,1,1,1,0,1,50,,2,1,0,1,0,35.0,46.0,,,1,2,3,1,3
202100000798,2021-12-31 10:40:00,2021,12,31,10,40,92,92024,CLICHY (QUAI DE) DE (104 A 202),48.90854,2.30014,Plein jour,En agglomération,Intersection en X,Normale,Deux véhicules - côté,3,2,5,0,1,1,1,2,1,50,,2,1,0,0,1,19.0,26.0,,,1,2,2,1,3
202100000799,2021-12-29 15:50:00,2021,12,29,15,50,86,86007,D1,46.853705,0.53597,Crépuscule ou aube,En agglomération,Intersection en X,Temps couvert,Deux véhicules - côté,3,2,2,0,1,1,2,5,1,50,,4,2,0,2,0,17.0,55.0,,,2,2,2,8,3
202100000800,2021-12-31 23:50:00,2021,12,31,23,50,80,80013,Place du 8 Mai 1945,49.967074,1.941817,Nuit avec éclairage allumé,En agglomération,Giratoire,Normale,Autre collision,3,2,2,0,2,1,1,5,8,50,,2,1,0,1,0,29.0,,,,5,2,6,1,6
202100000801,2021-12-29 13:50:00,2021,12,29,13,50,29,29281,D36 - Ty Gwen,48.0171975631,-3.8249123096,Plein jour,Hors agglomération,Hors intersection,Pluie forte,Sans collision,3,2,2,0,1,1,2,0,1,80,,1,0,0,1,0,15.0,,,,1,1,1,3,7
202100000802,2021-12-31 19:00:00,2021,12,31,19,0,18,18027,Route de raymond - RD 10,47.006121,2.710764,Nuit sans éclairage public,Hors agglomération,Hors intersection,Brouillard / fumée,Deux véhicules - côté,3,2,2,0,4,1,2,0,1,80,,3,2,0,1,0,55.0,47.0,,,3,1,1,5,3
202100000803,2021-12-21 07:12:00,2021,12,21,7,12,60,60508,A1 - PK 56+700 - SENS LILLE /PARIS,49.3112446751,2.6845178602,Nuit sans éclairage public,Hors agglomération,Hors intersection,Normale,Deux véhicules - arrière,1,3,4,0,1,1,1,0,1,130,,2,1,0,0,1,38.0,20.0,,,3,1,1,1,2
202100000804,2021-12-31 17:00:00,2021,12,31,17,0,973,97311,Route de Mana,5.5270439517,-53.9514112473,Plein jour,Hors agglomération,Hors intersection,Normale,Sans collision,3,2,2,0,1,2,1,0,3,80,,2,0,0,0,2,29.0,,,,1,1,1,1,7
202100000805,2021-12-31 18:00:00,2021,12,31,18,0,28,28293,Rue de la Vesgre,48.870717,1.467612,Nuit avec éclairage allumé,En agglomération,Hors intersection,Normale,Autre collision,3,2,2,0,1,1,1,0,3,50,,2,1,1,0,0,37.0,,,,5,2,1,1,6
202100000806,2021-12-31 14:00:00,2021,12,31,14,0,95,95241,Rue Maitre Renault,49.047728,2.452247,Plein jour,En agglomération,Hors intersection,Normale,Autre collision,4,2,2,0,1,3,1,0,1,-1,,2,0,0,0,2,45.0,,,,1,2,1,1,6
202100000807,2021-12-31 19:30:00,2021,12,31,19,30,33,33501,VOIE ROMAINE D 111 - ESCLAUZETS,44.652104,-0.616903,Nuit sans éclairage public,Hors agglomération,Hors intersection,Autre,Autre collision,4,2,2,0,1,3,9,0,8,50,,3,2,0,1,0,18.0,,,,3,1,1,9,6
202100000808,2021-12-29 05:55:00,2021,12,29,5,55,69,69029,A43,45.7284104229,4.9025447575,Nuit sans éclairage public,Hors agglomération,Hors intersection,Normale,Deux véhicules - arrière,1,2,7,0,1,1,2,0,1,70,,3,1,0,0,2,43.0,20.0,,,3,1,1,1,2
202100000809,2021-12-31 16:45:00,2021,12,31,16,45,33,33474,,44.676267,-0.482689,Plein jour,Hors agglomération,Hors intersection,Normale,Deux véhicules - arrière,1,3,4,0,1,1,1,0,1,130,,4,0,0,0,4,24.0,26.0,,,1,1,1,1,2
202100000810,2021-12-31 17:10:00,2021,12,31,17,10,91,91617,RN 104,48.631785,2.51925,Nuit sans éclairage public,Hors agglomération,Hors intersection,Normale,Sans collision,2,1,4,0,1,1,1,0,1,90,,2,1,0,0,1,49.0,,,,3,1,1,1,7
202100000811,2021-12-31 12:50:00,2021,12,31,12,50,91,91345,AUTOROUTE A6,48.68883,2.32484,Plein jour,Hors agglomération,Hors intersection,Normale,Deux véhicules - arrière,1,1,3,0,1,1,1,0,1,90,,2,1,0,0,1,69.0,76.0,,,1,1,1,1,2
202100000812,2021-12-31 00:03:00,2021,12,31,0,3,77,77251,AUTOROUTE A5A,48.6231372075,2.5429465165,Nuit sans éclairage public,Hors agglomération,Hors intersection,Normale,Deux véhicules - arrière,1,3,8,0,1,1,1,0,1,90,,2,1,0,0,1,39.0,30.0,,,3,1,1,1,2
202100000813,2021-12-31 01:50:00,2021,12,31,1,50,91,91589,AUTOROUTE A6,48.68429,2.32836,Nuit sans éclairage public,Hors agglomération,Hors intersection,Normale,Deux véhicules - côté,1,1,8,0,1,1,2,0,2,110,,5,2,0,0,3,22.0,33.0,,,3,1,1,1,3
202100000814,2021-12-31 01:30:00,2021,12,31,1,30,93,93048,AUTOROUTE A86,48.86585,2.48162,Nuit sans éclairage public,Hors agglomération,Hors intersection,Normale,Deux véhicules - côté,1,3,6,0,1,1,1,0,1,90,,2,1,0,0,1,34.0,47.0,,,3,1,1,1,3
202100000815,2021-12-21 13:40:00,2021,12,21,13,40,10,10081,ROCADE OUEST (RD 610),48.3070617938,4.0224552155,Plein jour,En agglomération,Autre intersection,Normale,Autre collision,6,-1,-1,0,1,1,1,0,1,30,,2,1,0,0,1,51.0,,,,1,2,9,1,6
202100000816,2021-12-21 18:50:00,2021,12,21,18,50,93,93027,VALMY (RUE DE),48.92228,2.38095,Nuit avec éclairage allumé,En agglomération,Hors intersection,Normale,Deux véhicules - arrière,4,2,2,0,1,1,1,0,1,50,,3,1,0,0,2,28.0,30.0,,,5,2,1,1,2
202100000817,2021-12-21 07:05:00,2021,12,21,7,5,13,13214,CAPITAINE GEZE (BOULEVARD),43.33077,5.37205,Crépuscule ou aube,En agglomération,Hors intersection,Normale,Deux véhicules - côté,4,2,4,0,1,1,1,0,1,50,,2,1,0,0,1,33.0,28.0,,,2,2,1,1,3
202100000818,2021-12-21 09:20:00,2021,12,21,9,20,976,97611,m'tsapere-Mosquée Maevantana (ruelle ),-12.78761,45.21874,Plein jour,En agglomération,Hors intersection,Normale,Sans collision,4,2,2,0,2,1,1,9,1,50,,2,1,0,0,1,26.0,,,,1,2,1,1,7
202100000819,2021-12-20 04:00:00,2021,12,20,4,0,75,75115,AVENUE EMILE ZOLA,48.846839,2.292375,Nuit avec éclairage allumé,En agglomération,Intersection en X,Normale,Autre collision,4,2,2,0,1,1,1,0,1,30,,3,1,0,0,2,21.0,,,,5,2,2,1,6
202100000820,2021-12-20 04:26:00,2021,12,20,4,26,62,62548,PASCAL (RUE),50.941122,1.939791,Nuit avec éclairage allumé,En agglomération,Giratoire,Pluie légère,Autre collision,4,2,2,0,1,3,2,0,1,50,,2,1,1,0,0,35.0,,,,5,2,6,2,6
202100000821,2021-12-20 18:20:00,2021,12,20,18,20,68,68224,STOESSEL (BOULEVARD CHARLES),47.74319,7.32499,Nuit avec éclairage allumé,En agglomération,Hors intersection,Normale,Autre collision,4,2,4,0,1,1,1,0,1,50,,4,2,0,1,1,41.0,,,,5,2,1,1,6
202100000822,2021-12-19 07:30:00,2021,12,19,7,30,42,42218,Square Franklin Roosevelt,45.420651584,4.4121726751,Nuit avec éclairage non allumé,En agglomération,Giratoire,Temps couvert,Autre collision,4,4,2,0,1,2,2,0,1,50,,2,1,0,1,0,71.0,,,,4,2,6,8,6
202100000823,2021-12-19 16:25:00,2021,12,19,16,25,95,95280,SARRAUT ALBERT (AVENUE),49.03488,2.45709,Plein jour,En agglomération,Hors intersection,Normale,Autre collision,4,2,2,0,1,1,1,0,1,50,,2,1,0,0,1,53.0,,,,1,2,1,1,6
202100000824,2021-12-17 18:45:00,2021,12,17,18,45,13,13117,EUROCOPTER CD 20,43.43373,5.23507,Nuit sans éclairage public,Hors agglomération,Hors intersection,Normale,Deux véhicules - frontale,7,1,4,0,2,1,1,0,1,90,,2,1,0,0,1,38.0,21.0,,,3,1,1,1,1
202100000825,2021-12-17 17:50:00,2021,12,17,17,50,69,69389,COMMERCE (DU) (Q),45.78225,4.8105,Nuit avec éclairage allumé,En agglomération,Hors intersection,Normale,Autre collision,4,2,2,2,1,1,1,0,1,50,,2,1,0,0,1,49.0,,,,5,2,1,1,6
202100000826,2021-12-17 16:00:00,2021,12,17,16,0,52,52121,REPUBLIQUE (AVENUE),48.09956,5.14375,Plein jour,En agglomération,Hors intersection,Normale,Autre collision,4,-1,0,0,1,1,1,0,8,30,,2,1,0,0,1,28.0,,,,1,2,1,1,6
202100000827,2021-12-17 14:00:00,2021,12,17,14,0,29,29019,Rue Dupleix,48.39268,-4.48226,Plein jour,En agglomération,Intersection en X,Normale,Autre collision,4,2,2,0,1,1,1,0,1,30,,2,0,0,1,1,74.0,,,,1,2,2,1,6
202100000828,2021-12-17 16:50:00,2021,12,17,16,50,76,76540,LECLERC. RUE DU GENERAL,49.4397,1.09129,Nuit avec éclairage allumé,En agglomération,Hors intersection,Normale,Autre collision,4,-1,1,0,1,1,1,6,8,10,,2,1,0,0,1,58.0,,,,5,2,1,1,6
202100000829,2021-12-16 12:55:00,2021,12,16,12,55,32,32013,DURAN (CHEMIN DE),43.65726,0.58586,Plein jour,En agglomération,Hors intersection,Normale,Sans collision,4,2,2,0,1,1,1,0,1,50,,2,1,0,0,1,63.0,,,,1,2,1,1,7
202100000830,2021-12-15 08:25:00,2021,12,15,8,25,27,27229,POLITZER (RUE GEORGES),49.00601,1.14307,Crépuscule ou aube,En agglomération,Hors intersection,Normale,Autre collision,4,1,2,0,1,1,1,0,1,50,,3,2,0,0,1,20.0,,,,2,2,1,1,6
202100000831,2021-12-15 18:25:00,2021,12,15,18,25,77,77251,ALL DU TRAIT D'UNION,48.62,2.54,Crépuscule ou aube,Hors agglomération,Hors intersection,Normale,Autre collision,9,2,2,3,1,1,1,9,6,50,,2,1,0,1,0,50.0,,,,2,1,1,1,6
202100000832,2021-12-15 17:50:00,2021,12,15,17,50,91,91161,AV MAZARIN,48.70616,2.31354,Nuit avec éclairage allumé,En agglomération,Hors intersection,Normale,Autre collision,4,1,2,0,1,1,1,6,8,50,,2,1,0,0,1,,,,,5,2,1,1,6
202100000833,2021-12-14 17:10:00,2021,12,14,17,10,64,64445,Avenue Robert Schuman,43.30969,-0.36605,Plein jour,En agglomération,Hors intersection,Normale,Deux véhicules - côté,4,1,1,2,1,1,1,0,1,50,,2,1,0,0,1,47.0,29.0,,,1,2,1,1,3
202100000834,2021-12-14 15:10:00,2021,12,14,15,10,78,78545,CURIE (AVENUE PIERRE),48.79867,2.06842,Plein jour,En agglomération,Hors intersection,Normale,Autre collision,3,3,4,0,2,2,1,1,1,50,,2,1,0,1,0,32.0,,,,1,2,1,1,6
202100000835,2021-12-14 17:00:00,2021,12,14,17,0,05,05061,COMMANDANT DUMONT ( AVENUE),44.56396,6.08379,Plein jour,En agglomération,Hors intersection,Autre,Autre collision,2,2,2,0,2,1,1,9,1,50,,2,1,0,0,1,87.0,,,,1,2,1,9,6
202100000836,2021-10-04 11:35:00,2021,10,4,11,35,89,89387,BEAUREPAIRE (RUE),48.19954,3.27973,Plein jour,En agglomération,Intersection en X,Normale,Autre collision,4,2,2,0,1,1,1,0,1,50,,2,1,0,1,0,35.0,,,,1,2,2,1,6
202100000837,2021-12-29 10:45:00,2021,12,29,10,45,974,97416,PRESBYTERE(RUE),-21.338408,55.473502,Crépuscule ou aube,En agglomération,Intersection en T,Normale,Deux véhicules - côté,9,2,0,0,1,1,1,9,1,50,,6,5,0,0,1,55.0,51.0,,,2,2,3,1,3
202100000838,2021-12-25 23:00:00,2021,12,25,23,0,974,97407,RUE SULLY PRUD'HOMME,-20.94349,55.31756,Nuit sans éclairage public,En agglomération,Hors intersection,Normale,Sans collision,4,2,0,0,1,1,1,0,8,50,,1,0,0,0,1,30.0,,,,3,2,1,1,7
202100000839,2021-12-30 01:35:00,2021,12,30,1,35,974,97407,ROUTE NATIONALE N° 1,-20.949516,55.320464,Nuit sans éclairage public,Hors agglomération,Hors intersection,Normale,Trois véhicules et plus - collisions multiples,2,1,2,0,1,1,1,0,1,110,,3,0,0,2,1,22.0,20.0,,,3,1,1,1,5
202100000840,2021-12-30 12:05:00,2021,12,30,12,5,973,97302,BADUEL (ROUTE DE),4.937458474,-52.3158091307,Plein jour,En agglomération,Intersection en T,Normale,Deux véhicules - côté,3,2,2,0,1,1,1,0,1,50,,2,1,0,0,1,24.0,26.0,,,1,2,3,1,3
202100000841,2021-12-30 17:35:00,2021,12,30,17,35,69,69259,DOCTEUR COBLOD (DU) (BD),45.70235,4.88949,Nuit sans éclairage public,En agglomération,Intersection en T,Normale,Autre collision,4,2,2,2,1,1,1,0,1,50,,2,1,0,0,1,28.0,,,,3,2,3,1,6
202100000842,2021-12-30 12:50:00,2021,12,30,12,50,69,69142,STEPHANE DECHANT (R),45.7255,4.8139,Plein jour,En agglomération,Hors intersection,Normale,Autre collision,7,2,2,3,1,1,2,0,1,50,,1,0,0,0,1,46.0,,,,1,2,1,1,6
202100000843,2021-12-30 08:30:00,2021,12,30,8,30,69,69286,HIPPODROME (DE L') (AV),45.81713,4.89057,Crépuscule ou aube,En agglomération,Giratoire,Brouillard / fumée,Deux véhicules - côté,7,1,1,2,1,3,2,0,5,50,,2,1,0,0,1,33.0,60.0,,,2,2,6,5,3
202100000844,2021-12-28 19:05:00,2021,12,28,19,5,69,69286,ROUTE DE STRASBOURG (RTE),45.81776,4.89216,Nuit avec éclairage allumé,En agglomération,Hors intersection,Pluie légère,Autre collision,7,3,2,0,1,1,2,0,1,50,,3,2,0,0,1,54.0,,,,5,2,1,2,6
202100000845,2021-12-29 15:50:00,2021,12,29,15,50,69,69382,GROLEE (R),45.763,4.8366,Plein jour,En agglomération,Hors intersection,Temps couvert,Autre collision,4,1,2,0,1,1,2,0,1,50,,2,1,0,0,1,38.0,,,,1,2,1,8,6
202100000846,2021-12-29 15:50:00,2021,12,29,15,50,91,91549,ARISTIDE BRIAND (RUE),48.63363,2.331921,Plein jour,En agglomération,Hors intersection,Pluie légère,Autre collision,4,2,2,0,1,1,2,0,1,30,,2,1,0,0,1,63.0,,,,1,2,1,2,6
202100000847,2021-12-29 13:25:00,2021,12,29,13,25,83,83137,BESAGNE (AVE DE),43.12126,5.93633,Plein jour,En agglomération,Hors intersection,Normale,Autre collision,4,2,1,3,2,1,1,1,6,30,,2,1,0,1,0,64.0,,,,1,2,1,1,6
202100000848,2021-12-29 17:46:00,2021,12,29,17,46,83,83129,MER (AVENUE DE LA) N°IMPAIRS,43.1034791536,5.819594264,Nuit avec éclairage allumé,En agglomération,Hors intersection,Normale,Deux véhicules - arrière,7,2,2,0,1,1,1,0,1,50,,3,2,0,0,1,49.0,54.0,,,5,2,1,1,2
202100000849,2021-12-28 16:00:00,2021,12,28,16,0,83,83123,PRIMEROSE (AVENUE),43.1185,5.80909,Plein jour,En agglomération,Hors intersection,Normale,Autre collision,4,2,2,0,1,1,1,0,1,50,,2,1,0,1,0,76.0,,,,1,2,1,1,6
202100000850,2021-12-30 18:30:00,2021,12,30,18,30,77,77059,MARNE ET GONDOIRE (RUE),48.839822,2.660338,Nuit avec éclairage allumé,En agglomération,Hors intersection,Normale,Autre collision,4,3,4,0,1,1,1,0,1,50,,3,2,0,1,0,43.0,,,,5,2,1,1,6
202100000851,2021-12-29 18:35:00,2021,12,29,18,35,73,73008,D991 - 78 WILSON BOULEVARD,45.69081,5.90933,Nuit avec éclairage allumé,En agglomération,Hors intersection,Pluie légère,Autre collision,3,3,2,2,1,1,2,0,1,50,,2,1,1,0,0,39.0,,,,5,2,1,2,6
202100000852,2021-12-29 11:15:00,2021,12,29,11,15,72,72181,ESTEREL USINE DES EAUX,47.99446,0.23442,Plein jour,En agglomération,Hors intersection,Temps couvert,Autre collision,4,2,2,0,1,1,2,0,1,50,,2,1,0,0,1,69.0,,,,1,2,1,8,6
202100000853,2021-12-30 13:20:00,2021,12,30,13,20,69,69029,DOYEN JEAN LEPINE (DU) (R),45.74872,4.90225,Plein jour,En agglomération,Intersection en X,Normale,Deux véhicules - côté,4,2,2,0,1,1,2,0,1,50,,4,3,0,0,1,62.0,41.0,,,1,2,2,1,3
202100000854,2021-12-30 05:00:00,2021,12,30,5,0,69,69264,VERMOREL VICTOR (BD),45.9855705454,4.7133842111,Nuit avec éclairage allumé,En agglomération,Hors intersection,Pluie légère,Sans collision,4,1,1,0,2,1,2,6,4,50,,1,0,0,0,1,60.0,,,,5,2,1,2,7