accident_id,datetime,annee,mois,jour,heure,minute,departement,commune_insee,adresse,latitude,longitude,luminosite,agglomeration,intersection,meteo,collision,catr,circ,nbv,vosp,prof,plan,surf,infra,situ,vma,nb_vehicules,nb_usagers,nb_indemnes,nb_tues,nb_blesses_hosp,nb_blesses_legers,age_cond_1,age_cond_2,veh_type_cond_1,veh_type_cond_2,lum_code,agg_code,int_code,atm_code,col_code
202100000855,2021-12-29 11:10:00,2021,12,29,11,10,69,69264,BARBUSSE HENRI  (boulvard),45.98112,4.71532,Plein jour,En agglomération,Hors intersection,Pluie légère,Deux véhicules - arrière,3,2,2,2,1,1,2,5,1,50,,3,1,0,0,2,47.0,19.0,,,1,2,1,2,2
202100000856,2021-12-30 18:50:00,2021,12,30,18,50,59,59350,PERRIN JEAN RUE,50.62158,3.0876,Nuit avec éclairage allumé,En agglomération,Hors intersection,Normale,Deux véhicules - arrière,7,2,3,0,1,1,1,2,1,50,,5,2,0,0,3,25.0,22.0,,,5,2,1,1,2
202100000857,2021-12-30 18:00:00,2021,12,30,18,0,54,54184,BRIGACHTAL (AVENUE DE),48.70378,6.23085,Nuit avec éclairage allumé,En agglomération,Intersection en X,Normale,Trois véhicules et plus - en chaîne,4,2,2,0,1,1,1,0,1,50,,5,3,0,0,2,56.0,22.0,,,5,2,2,1,4
202100000858,2021-12-30 23:10:00,2021,12,30,23,10,51,51454,Place Aristide Briand,49.2571493094,4.039375931,Nuit avec éclairage allumé,En agglomération,Giratoire,Normale,Deux véhicules - côté,3,2,3,1,2,1,1,5,1,50,,2,1,0,0,1,28.0,46.0,,,5,2,6,1,3
202100000859,2021-12-30 00:25:00,2021,12,30,0,25,38,38185,RUE LÉON JOUHAUX,45.1735257874,5.745613575,Nuit avec éclairage allumé,En agglomération,Intersection en T,Pluie légère,Autre collision,4,2,2,0,1,1,2,0,1,50,,6,4,1,0,1,26.0,,,,5,2,3,2,6
202100000860,2021-12-29 18:55:00,2021,12,29,18,55,37,37195,11 NOVEMBRE (RUE DU),47.38736,0.65902,Nuit avec éclairage allumé,En agglomération,Hors intersection,Normale,Autre collision,4,2,2,0,1,1,2,0,1,50,,2,1,0,0,1,54.0,,,,5,2,1,1,6
202100000861,2021-12-30 04:45:00,2021,12,30,4,45,35,35238,RN136,48.08084,-1.67462,Nuit avec éclairage allumé,En agglomération,Hors intersection,Normale,Autre collision,2,3,4,0,1,3,1,0,1,90,,3,0,0,0,3,28.0,,,,5,2,1,1,6
202100000862,2021-12-29 12:50:00,2021,12,29,12,50,35,35238,Avenue Général George S. Patton,48.12839,-1.66417,Plein jour,En agglomération,Intersection en X,Normale,Deux véhicules - arrière,4,2,4,0,1,1,1,5,1,50,,5,3,0,0,2,32.0,32.0,,,1,2,2,1,2
202100000863,2021-12-29 08:35:00,2021,12,29,8,35,35,35115,FAUCHEUX (BD JACQUES),48.35573,-1.20252,Crépuscule ou aube,En agglomération,Hors intersection,Pluie légère,Autre collision,4,2,2,2,2,1,2,5,1,30,,2,1,0,0,1,20.0,,,,2,2,1,2,6
202100000864,2021-12-30 22:20:00,2021,12,30,22,20,33,33039,Rue Ambroise Croizat,44.80763,-0.55134,Nuit avec éclairage allumé,En agglomération,Intersection en X,Normale,Deux véhicules - côté,4,-1,2,3,1,1,1,4,1,30,,4,0,0,0,4,19.0,51.0,,,5,2,2,1,3
202100000865,2021-12-27 21:00:00,2021,12,27,21,0,33,33119,Avenue Jean Jaurès,44.85752,-0.53177,Nuit avec éclairage allumé,En agglomération,Hors intersection,Pluie légère,Autre collision,4,2,4,3,1,1,2,4,1,30,,2,1,0,1,0,43.0,,,,5,2,1,2,6
202100000866,2021-12-30 13:50:00,2021,12,30,13,50,29,29019,Rue Pierre Sémard,48.392209,-4.469196,Plein jour,En agglomération,Intersection en Y,Normale,Autre collision,4,2,2,0,2,2,1,0,3,50,,1,0,0,0,1,43.0,,,,1,2,4,1,6
202100000867,2021-11-30 15:45:00,2021,11,30,15,45,27,27681,VAL D'ACONVILLE (RUE DU),49.07342,1.5103,Plein jour,Hors agglomération,Hors intersection,Temps couvert,Autre collision,4,2,2,0,2,4,2,0,3,50,,2,0,0,2,0,21.0,,,,1,1,1,8,6
202100000868,2021-12-30 12:15:00,2021,12,30,12,15,27,27306,GUILLAUMET (RUE),49.003824,1.176934,Plein jour,En agglomération,Giratoire,Normale,Deux véhicules - côté,4,1,1,0,1,2,1,5,1,50,,2,1,0,0,1,25.0,56.0,,,1,2,6,1,3
202100000869,2021-12-29 07:10:00,2021,12,29,7,10,25,25056,KENNEDY  BOULEVARD J.F.,47.24185,5.99334,Nuit avec éclairage allumé,En agglomération,Intersection en Y,Pluie légère,Deux véhicules - arrière,4,3,4,0,1,1,2,5,1,50,,2,1,0,0,1,37.0,23.0,,,5,2,4,2,2
202100000870,2021-12-30 18:30:00,2021,12,30,18,30,17,17274,MARLOTTE   RUE EDMEE,46.16448,-1.09584,Nuit avec éclairage allumé,En agglomération,Hors intersection,Normale,Sans collision,4,2,2,0,1,1,1,0,1,50,,1,0,0,1,0,28.0,,,,5,2,1,1,7
202100000871,2021-12-30 21:05:00,2021,12,30,21,5,15,15014,PRADES (AVENUE DES),44.91765,2.43776,Nuit avec éclairage allumé,En agglomération,Intersection en Y,Normale,Deux véhicules - frontale,4,2,3,0,2,1,1,5,1,50,,2,1,0,0,1,43.0,22.0,,,5,2,4,1,1
202100000872,2021-12-24 10:15:00,2021,12,24,10,15,15,15012,LAPEYRUSSE (LIEU-DIT),44.87431,2.45097,Plein jour,Hors agglomération,Hors intersection,Temps couvert,Autre collision,4,2,2,0,2,2,2,0,3,90,,1,0,0,0,1,32.0,,,,1,1,1,8,6
202100000873,2021-12-26 00:10:00,2021,12,26,0,10,30,30032,saint gilles route de D38,43.7803,4.5501,Nuit sans éclairage public,Hors agglomération,Hors intersection,Normale,Sans collision,3,2,2,0,1,2,1,0,1,80,,2,1,0,0,1,32.0,,,,3,1,1,1,7
202100000874,2021-12-30 19:00:00,2021,12,30,19,0,13,13208,ERNEST DELIBES (PLACE),43.28,5.38,Nuit avec éclairage allumé,En agglomération,Hors intersection,Normale,Autre collision,4,2,4,0,2,1,1,0,1,50,,2,1,0,0,1,70.0,,,,5,2,1,1,6
202100000875,2021-12-30 16:40:00,2021,12,30,16,40,13,13203,EUGENE POTTIER (RUE),43.3096200161,5.3746356787,Plein jour,En agglomération,Hors intersection,Normale,Autre collision,4,1,10,0,2,1,1,0,1,50,,2,1,0,0,1,,,,,1,2,1,1,6
202100000876,2021-12-30 18:15:00,2021,12,30,18,15,13,13004,BD DES LICES,43.6753362413,4.6291836891,Nuit avec éclairage allumé,En agglomération,Hors intersection,Normale,Deux véhicules - côté,4,2,2,0,1,1,1,0,1,50,,4,1,0,0,3,38.0,,,,5,2,1,1,3
202100000877,2021-12-30 10:12:00,2021,12,30,10,12,10,10115,ELOISE ET ABELARD (RUE),48.3157291141,4.1172981262,Plein jour,En agglomération,Hors intersection,Normale,Autre collision,3,1,1,0,3,3,2,0,1,50,,1,0,0,0,1,31.0,,,,1,2,1,1,6
202100000878,2021-12-29 19:33:00,2021,12,29,19,33,10,10325,PASTEUR (RUE),48.2623984493,4.0728378296,Nuit avec éclairage allumé,En agglomération,Intersection en X,Pluie légère,Deux véhicules - frontale,4,2,2,0,1,1,2,0,1,50,,2,1,0,0,1,72.0,43.0,,,5,2,2,2,1
202100000879,2021-12-29 18:35:00,2021,12,29,18,35,10,10387,MAROTS (RUE DES),48.306381476,4.0447068214,Nuit avec éclairage allumé,En agglomération,Intersection en T,Pluie légère,Deux véhicules - côté,4,2,2,0,2,1,2,0,1,50,,2,1,0,0,1,41.0,23.0,,,5,2,3,2,3
202100000880,2021-12-29 12:53:00,2021,12,29,12,53,10,10387,ANDRE MALRAUX (RUE),48.3114765078,4.0822792053,Plein jour,En agglomération,Hors intersection,Pluie légère,Deux véhicules - côté,4,2,2,0,1,3,2,0,1,50,,2,1,0,0,1,36.0,46.0,,,1,2,1,2,3
202100000881,2021-12-30 19:03:00,2021,12,30,19,3,07,07281,GROSS-UMSTADT (AVENUE DE),44.94386,4.85669,Nuit avec éclairage allumé,En agglomération,Hors intersection,Normale,Deux véhicules - arrière,6,-1,0,0,1,1,1,9,8,30,,2,1,0,0,1,57.0,51.0,,,5,2,1,1,2
202100000882,2021-12-30 10:30:00,2021,12,30,10,30,06,06088,SUISSE (R. DE),43.703115,7.264484,Plein jour,En agglomération,Autre intersection,Normale,Autre collision,4,1,1,0,1,1,1,9,8,20,,5,3,1,1,0,43.0,,,,1,2,9,1,6
202100000883,2021-12-30 13:40:00,2021,12,30,13,40,06,06030,PERIER (LE CANNET),43.566552,6.991535,Plein jour,En agglomération,Intersection en X,Normale,Autre collision,4,3,4,0,2,1,1,0,1,50,,2,1,0,0,1,48.0,,,,1,2,2,1,6
202100000884,2021-11-04 10:47:00,2021,11,4,10,47,04,04112,Av Georges Pompidou,43.826664,5.78192,Plein jour,En agglomération,Hors intersection,Normale,Autre collision,4,2,-1,0,2,1,1,6,4,30,,2,1,0,0,1,85.0,,,,1,2,1,1,6
202100000885,2021-12-30 10:39:00,2021,12,30,10,39,75,75119,BOULEVARD MACDONALD,48.89733,2.392603,Plein jour,En agglomération,Intersection en Y,Temps couvert,Deux véhicules - côté,4,2,4,0,1,1,2,0,1,50,,2,1,0,0,1,41.0,34.0,,,1,2,4,8,3
202100000886,2021-12-30 05:15:00,2021,12,30,5,15,75,75116,ROUTE DE SURESNES,48.86508,2.234444,Nuit avec éclairage allumé,En agglomération,Intersection en X,Pluie légère,Deux véhicules - arrière,4,2,2,0,2,1,2,0,1,50,,2,1,0,0,1,45.0,42.0,,,5,2,2,2,2
202100000887,2021-12-30 19:25:00,2021,12,30,19,25,75,75114,AVENUE MAURICE D OCAGNE,48.82468,2.313533,Nuit avec éclairage allumé,En agglomération,Intersection en T,Normale,Deux véhicules - frontale,4,2,1,0,1,1,1,0,1,30,,2,1,0,0,1,52.0,62.0,,,5,2,3,1,1
202100000888,2021-12-30 07:05:00,2021,12,30,7,5,75,75120,RUE DES PYRENEES,48.869612,2.394799,Nuit avec éclairage allumé,En agglomération,Hors intersection,Normale,Autre collision,4,2,2,0,2,1,2,0,1,30,,2,1,0,0,1,29.0,29.0,,,5,2,1,1,6
202100000889,2021-12-30 16:15:00,2021,12,30,16,15,94,94038,Rue Gabriel Péri,48.78759,2.34281,Plein jour,En agglomération,Autre intersection,Normale,Deux véhicules - côté,3,2,2,0,1,1,1,0,1,50,,2,1,0,0,1,49.0,30.0,,,1,2,9,1,3
202100000890,2021-12-29 16:30:00,2021,12,29,16,30,94,94054,Rue Christophe Colomb,48.75133,2.41742,Plein jour,En agglomération,Hors intersection,Pluie légère,Deux véhicules - frontale,4,-1,2,0,1,1,2,0,1,50,,2,1,0,0,1,44.0,69.0,,,1,2,1,2,1
202100000891,2021-12-30 09:10:00,2021,12,30,9,10,93,93073,CHAPIT RE ( RUE DU),49.0022067077,2.5369676496,Plein jour,En agglomération,Hors intersection,Normale,Deux véhicules - arrière,4,1,1,0,1,1,2,2,1,50,,4,3,0,0,1,55.0,22.0,,,1,2,1,1,2
202100000892,2021-12-30 14:50:00,2021,12,30,14,50,93,93066,CARNOT (BOULEVARD),48.94,2.35,Plein jour,En agglomération,Intersection en Y,Normale,Autre collision,4,1,2,0,1,1,1,6,1,50,,2,1,0,0,1,38.0,,,,1,2,4,1,6
202100000893,2021-12-30 18:40:00,2021,12,30,18,40,93,93051,MARECHAL JUIN (AVENUE),48.8419157192,2.5686862036,Nuit avec éclairage allumé,En agglomération,Intersection en X,Normale,Deux véhicules - côté,4,2,2,0,1,1,1,0,1,50,,3,2,0,0,1,25.0,37.0,,,5,2,2,1,3
202100000894,2021-12-29 22:30:00,2021,12,29,22,30,93,93029,HENRI BARBUSSE (AVE) N°2-124,48.92189,2.44467,Nuit avec éclairage allumé,En agglomération,Intersection en X,Normale,Deux véhicules - côté,4,2,4,0,1,1,1,0,1,50,,2,1,0,0,1,25.0,16.0,,,5,2,2,1,3
202100000895,2021-12-30 09:15:00,2021,12,30,9,15,93,93027,VAILLANT-COUTURIER (AVENUE PAUL),48.92535,2.41525,Plein jour,En agglomération,Hors intersection,Normale,Deux véhicules - frontale,3,2,4,0,1,1,1,5,1,30,,2,1,0,0,1,37.0,23.0,,,1,2,1,1,1
202100000896,2021-12-30 19:30:00,2021,12,30,19,30,93,93010,PONT (CHEM. DU),48.9081322535,2.4896606701,Nuit avec éclairage allumé,En agglomération,Hors intersection,Normale,Deux véhicules - côté,4,2,3,0,1,1,1,0,1,5,,2,1,0,0,1,31.0,27.0,,,5,2,1,1,3
202100000897,2021-12-30 21:00:00,2021,12,30,21,0,93,93005,CALMETTE ET GUERIN (RUE),48.9514598607,2.5140518013,Nuit avec éclairage allumé,En agglomération,Intersection en X,Normale,Autre collision,4,1,1,0,1,1,1,0,1,50,,2,1,0,0,1,28.0,,,,5,2,2,1,6
202100000898,2021-12-30 12:45:00,2021,12,30,12,45,92,92062,BERTHELOT (RUE MARCELIN),48.8894804456,2.230836153,Plein jour,En agglomération,Hors intersection,Normale,Deux véhicules - côté,4,2,2,3,1,1,1,0,1,50,,2,1,0,0,1,37.0,32.0,,,1,2,1,1,3
202100000899,2021-12-30 18:15:00,2021,12,30,18,15,92,92050,COLONNE EDOUARD RUE,48.9016630676,2.2245597839,Nuit avec éclairage allumé,En agglomération,Hors intersection,Normale,Autre collision,4,2,2,0,1,1,1,0,1,50,,1,0,0,0,1,22.0,,,,5,2,1,1,6
202100000900,2021-12-30 20:00:00,2021,12,30,20,0,92,92040,VERDUN (AVENUE DE) DU 116 AU 150,48.8204448221,2.2589242458,Nuit avec éclairage allumé,En agglomération,Hors intersection,Normale,Deux véhicules - arrière,3,2,0,0,1,1,1,0,1,50,,2,1,0,0,1,58.0,54.0,,,5,2,1,1,2
202100000901,2021-12-28 06:30:00,2021,12,28,6,30,92,92036,Boulevard Intercommunal,48.9377336235,2.2782737017,Nuit avec éclairage allumé,En agglomération,Giratoire,Normale,Deux véhicules - côté,3,2,4,0,1,1,1,0,1,50,,2,0,0,0,2,27.0,26.0,,,5,2,6,1,3
202100000902,2021-12-28 20:32:00,2021,12,28,20,32,92,92036,MOULIN DE CAGE (QUAI DU),48.9213,2.3254,Nuit avec éclairage allumé,En agglomération,Autre intersection,Normale,Autre collision,3,3,6,0,1,1,1,1,1,50,,1,0,0,0,1,53.0,,,,5,2,9,1,6
202100000903,2021-12-28 19:30:00,2021,12,28,19,30,92,92036,PIERRE DE COUBERTIN (BOULEVARD) (PORT ->,48.9377909289,2.2786009312,Nuit avec éclairage allumé,En agglomération,Giratoire,Normale,Autre collision,3,3,4,0,1,1,1,0,1,50,,2,1,0,0,1,47.0,,,,5,2,6,1,6
202100000904,2021-12-30 18:31:00,2021,12,30,18,31,01,01333,Route de Meximieux,45.9238239499,4.9982213974,Nuit sans éclairage public,Hors agglomération,Hors intersection,Normale,Deux véhicules - arrière,3,2,2,0,1,1,1,0,1,80,,2,1,0,0,1,20.0,57.0,,,3,1,1,1,2
202100000905,2021-12-31 16:46:00,2021,12,31,16,46,73,73245,D1504,45.693482,5.830074,Crépuscule ou aube,Hors agglomération,Hors intersection,Normale,Deux véhicules - côté,3,2,2,0,2,3,2,0,1,80,,5,4,1,0,0,39.0,61.0,,,2,1,1,1,3
202100000906,2021-12-31 12:45:00,2021,12,31,12,45,36,36230,Rue de Villelune,47.057299,1.807541,Plein jour,En agglomération,Intersection en X,Temps éblouissant,Deux véhicules - côté,3,2,2,0,1,1,1,0,1,50,,2,0,0,1,1,24.0,63.0,,,1,2,2,7,3
202100000907,2021-12-30 12:42:00,2021,12,30,12,42,31,31567,D826,43.595182,1.639616,Plein jour,Hors agglomération,Hors intersection,Brouillard / fumée,Deux véhicules - frontale,3,2,2,0,1,1,2,0,1,80,,5,2,0,2,1,61.0,65.0,,,1,1,1,5,1
202100000908,2021-12-29 12:45:00,2021,12,29,12,45,84,84029,Route d Orange Rd975,44.152444,4.855077,Plein jour,Hors agglomération,Hors intersection,Normale,Deux véhicules - frontale,3,2,2,0,1,1,1,0,1,80,,2,1,0,1,0,59.0,30.0,,,1,1,1,1,1
202100000909,2021-12-20 14:50:00,2021,12,20,14,50,62,62529,Rue du Grand chemin,50.566082,2.782283,Plein jour,Hors agglomération,Intersection en X,Normale,Deux véhicules - frontale,3,2,2,0,1,1,1,5,1,70,,2,1,0,1,0,24.0,28.0,,,1,1,2,1,1
202100000910,2021-12-31 10:45:00,2021,12,31,10,45,62,62641,31 Rue de l Eglise,50.395997,2.393859,Plein jour,En agglomération,Hors intersection,Normale,Deux véhicules - arrière,3,2,2,0,2,1,1,0,1,50,,3,1,1,0,1,34.0,18.0,,,1,2,1,1,2
202100000911,2021-12-30 16:45:00,2021,12,30,16,45,77,77002,D209,48.751195,3.11765,Crépuscule ou aube,Hors agglomération,Intersection en X,Normale,Deux véhicules - côté,3,2,2,0,1,1,2,5,1,80,,2,1,0,0,1,54.0,31.0,,,2,1,2,1,3
202100000912,2021-12-30 17:20:00,2021,12,30,17,20,32,32012,RN 124,43.654594,0.748866,Plein jour,Hors agglomération,Hors intersection,Temps éblouissant,Deux véhicules - arrière,2,3,4,0,1,1,1,0,1,110,,2,1,0,1,0,36.0,49.0,,,1,1,1,7,2
202100000913,2021-12-31 15:20:00,2021,12,31,15,20,71,71310,39 Avenue de la Libération,46.7519441018,4.4726174066,Plein jour,En agglomération,Hors intersection,Temps éblouissant,Autre collision,4,2,2,0,1,1,1,0,1,50,,2,1,1,0,0,19.0,,,,1,2,1,7,6
202100000914,2021-12-31 15:45:00,2021,12,31,15,45,89,89478,16 Route Nationale 6,47.706421,3.626198,Plein jour,En agglomération,Hors intersection,Normale,Deux véhicules - arrière,3,2,2,0,1,1,1,0,1,50,,2,1,0,1,0,77.0,46.0,,,1,2,1,1,2
202100000915,2021-12-28 17:30:00,2021,12,28,17,30,41,41251,D101,47.645615,2.169092,Nuit avec éclairage allumé,En agglomération,Hors intersection,Pluie légère,Autre collision,3,3,2,0,1,1,2,9,1,50,,1,0,0,1,0,28.0,,,,5,2,1,2,6
202100000916,2021-12-30 19:30:00,2021,12,30,19,30,31,31206,D25,43.266488,1.478884,Nuit sans éclairage public,Hors agglomération,Hors intersection,Normale,Autre collision,3,2,2,0,1,2,1,0,3,80,,1,0,0,1,0,50.0,,,,3,1,1,1,6
202100000917,2021-12-30 18:27:00,2021,12,30,18,27,38,38174,Route de la Côte Saint André,45.390276,5.358667,Nuit avec éclairage allumé,En agglomération,Hors intersection,Pluie légère,Autre collision,3,2,2,0,1,1,2,0,1,30,,2,1,0,0,1,53.0,,,,5,2,1,2,6
202100000918,2021-12-25 20:10:00,2021,12,25,20,10,02,02422,1 Rue du 8 Mai 1945,49.921019,3.627028,Nuit avec éclairage allumé,En agglomération,Hors intersection,Normale,Autre collision,3,2,2,0,1,1,2,0,1,50,,3,1,0,2,0,35.0,,,,5,2,1,1,6
202100000919,2021-12-30 18:00:00,2021,12,30,18,0,66,66106,Traverse des Cluses,42.493357,2.823704,Nuit sans éclairage public,Hors agglomération,Hors intersection,Normale,Autre collision,3,2,2,0,2,3,1,9,3,80,,2,0,1,0,1,44.0,,,,3,1,1,1,6
202100000920,2021-12-30 17:48:00,2021,12,30,17,48,05,05179,Route de Gap,44.538552,5.837066,Nuit avec éclairage allumé,En agglomération,Intersection en T,Normale,Deux véhicules - arrière,3,2,2,0,1,1,1,0,1,50,,2,1,0,1,0,66.0,90.0,,,5,2,3,1,2
202100000921,2021-12-30 10:42:00,2021,12,30,10,42,50,50648,Tapotin,49.500514,-1.499945,Plein jour,Hors agglomération,Intersection en X,Pluie légère,Deux véhicules - frontale,3,2,2,0,1,1,2,0,1,70,,3,2,0,0,1,85.0,67.0,,,1,1,2,2,1
202100000922,2021-12-31 15:30:00,2021,12,31,15,30,60,60541,D100,49.301677,2.689161,Plein jour,Hors agglomération,Hors intersection,Normale,Sans collision,3,2,2,0,2,2,1,0,1,80,,1,0,0,0,1,21.0,,,,1,1,1,1,7
202100000923,2021-12-31 18:10:00,2021,12,31,18,10,18,18281,RD 2076,47.184988,2.185893,Nuit avec éclairage allumé,Hors agglomération,Intersection en X,Normale,Deux véhicules - côté,3,2,1,0,2,1,2,0,1,90,,3,0,0,1,2,14.0,22.0,,,5,1,2,1,3
202100000924,2021-12-30 23:30:00,2021,12,30,23,30,18,18103,RD 83 PK 4,47.129454,1.860123,Nuit sans éclairage public,Hors agglomération,Hors intersection,Normale,Autre collision,3,2,2,0,1,1,1,0,3,80,,1,0,1,0,0,43.0,,,,3,1,1,1,6
202100000925,2021-12-30 22:30:00,2021,12,30,22,30,40,40122,D933s,43.840346,-0.528309,Nuit sans éclairage public,Hors agglomération,Hors intersection,Normale,Autre collision,3,3,4,0,1,1,1,0,1,110,,2,0,0,2,0,62.0,,,,3,1,1,1,6
202100000926,2021-12-30 12:00:00,2021,12,30,12,0,04,04163,RD 950,44.09375,5.53108,Plein jour,Hors agglomération,Hors intersection,Normale,Deux véhicules - frontale,3,2,2,0,1,2,1,0,1,80,,3,1,0,0,2,27.0,38.0,,,1,1,1,1,1
202100000927,2021-12-30 21:37:00,2021,12,30,21,37,85,85125,Treil Bois,46.616206,-0.686318,Nuit sans éclairage public,Hors agglomération,Hors intersection,Normale,Autre collision,3,2,2,0,2,3,2,0,3,80,,1,0,0,1,0,26.0,,,,3,1,1,1,6
202100000928,2021-12-31 05:05:00,2021,12,31,5,5,28,28280,22 Rue des Bouchers,48.313377,0.819029,Nuit avec éclairage allumé,En agglomération,Hors intersection,Normale,Deux véhicules - frontale,4,2,2,0,1,1,1,0,1,30,,2,1,0,1,0,15.0,,,,5,2,1,1,1
202100000929,2021-12-26 15:00:00,2021,12,26,15,0,87,87116,Route nationale 147,46.138092,1.054071,Plein jour,Hors agglomération,Hors intersection,Normale,Trois véhicules et plus - en chaîne,2,2,2,0,1,1,1,0,1,80,,3,2,0,0,1,27.0,31.0,,,1,1,1,1,4
202100000930,2021-12-30 11:35:00,2021,12,30,11,35,52,52162,CD 417,47.969827,5.612769,Plein jour,Hors agglomération,Intersection en X,Pluie légère,Deux véhicules - côté,3,2,2,0,1,1,2,0,1,90,,2,0,0,1,1,62.0,63.0,,,1,1,2,2,3
202100000931,2021-12-30 04:00:00,2021,12,30,4,0,973,97307,RN 1,4.894085,-52.354816,Nuit sans éclairage public,Hors agglomération,Hors intersection,Normale,Sans collision,2,2,2,0,1,1,1,0,8,80,,2,0,0,2,0,51.0,,,,3,1,1,1,7
202100000932,2021-12-30 23:50:00,2021,12,30,23,50,95,95353,RD 78,49.09274,2.31436,Nuit sans éclairage public,Hors agglomération,Hors intersection,Normale,Autre collision,3,2,2,0,4,3,1,0,3,80,,1,0,0,1,0,42.0,,,,3,1,1,1,6
202100000933,2021-12-30 09:50:00,2021,12,30,9,50,973,97309,NATIONALE 4,4.879445,-52.295029,Plein jour,Hors agglomération,Hors intersection,Temps couvert,Sans collision,3,2,2,0,1,1,2,0,3,80,,3,2,0,0,1,,63.0,,,1,1,1,8,7
202100000934,2021-12-30 21:40:00,2021,12,30,21,40,973,97311,Allee des Ixoras,5.4840595965,-54.015799284,Nuit avec éclairage allumé,En agglomération,Hors intersection,Normale,Deux véhicules - côté,9,2,2,0,1,1,1,0,1,30,,2,1,0,0,1,18.0,23.0,,,5,2,1,1,3
202100000935,2021-12-27 07:40:00,2021,12,27,7,40,973,97303,pk 168+410,5.4802807412,-53.2114702463,Plein jour,Hors agglomération,Hors intersection,Normale,Sans collision,2,2,2,0,4,1,1,0,1,-1,,4,2,1,1,0,20.0,,,,1,1,1,1,7
202100000936,2021-12-29 22:30:00,2021,12,29,22,30,978,97801,"RN7, ZA de Bellevue",18.056916,-63.085481,Nuit avec éclairage allumé,En agglomération,Hors intersection,Normale,Deux véhicules - arrière,2,2,2,0,3,1,1,0,1,70,,2,1,0,0,1,56.0,18.0,,,5,2,1,1,2
202100000937,2021-12-30 21:50:00,2021,12,30,21,50,11,11266,"D6139 , PK 4+800",43.0260550741,3.0104684827,Nuit sans éclairage public,Hors agglomération,Hors intersection,Normale,Autre collision,3,3,4,0,1,1,1,0,3,90,,2,0,1,1,0,44.0,,,,3,1,1,1,6
202100000938,2021-12-30 16:20:00,2021,12,30,16,20,84,84139,D24,43.918793,5.116646,Plein jour,En agglomération,Hors intersection,Normale,Deux véhicules - frontale,3,2,2,0,2,3,8,0,1,50,,4,2,0,1,1,19.0,62.0,,,1,2,1,1,1
202100000939,2021-12-31 14:53:00,2021,12,31,14,53,05,05052,N94,44.679838,6.61569,Plein jour,Hors agglomération,Hors intersection,Normale,Deux véhicules - frontale,2,2,2,0,1,1,1,0,1,80,,4,0,1,2,1,64.0,56.0,,,1,1,1,1,1
202100000940,2021-12-30 17:00:00,2021,12,30,17,0,71,71512,route de chalon,46.6358876566,4.8710922884,Plein jour,En agglomération,Hors intersection,Normale,Deux véhicules - côté,3,2,2,0,1,1,1,0,1,50,,2,1,0,1,0,35.0,61.0,,,1,2,1,1,3
202100000941,2021-12-30 20:20:00,2021,12,30,20,20,73,73228,RD 1006,45.542192,5.87819,Nuit sans éclairage public,Hors agglomération,Hors intersection,Normale,Deux véhicules - frontale,3,2,2,0,1,2,1,0,1,70,,2,0,0,1,1,50.0,39.0,,,3,1,1,1,1
202100000942,2021-12-30 17:00:00,2021,12,30,17,0,69,69093,LES ARNAUDS,46.0378711922,4.4845676422,Plein jour,Hors agglomération,Hors intersection,Normale,Sans collision,3,2,2,0,2,3,1,0,3,70,,1,0,1,0,0,76.0,,,,1,1,1,1,7
202100000943,2021-12-30 22:40:00,2021,12,30,22,40,69,69207,LOUIS ARMAND (AV),45.8909166409,4.8052471876,Nuit avec éclairage allumé,En agglomération,Hors intersection,Brouillard / fumée,Autre collision,7,3,2,0,1,3,2,0,3,50,,1,0,1,0,0,18.0,,,,5,2,1,5,6
202100000944,2021-12-31 14:45:00,2021,12,31,14,45,33,33240,D204e1,45.297698,-0.905471,Plein jour,Hors agglomération,Hors intersection,Normale,Autre collision,3,2,2,0,1,4,2,0,1,80,,1,0,0,0,1,15.0,,,,1,1,1,1,6
202100000945,2021-12-30 16:45:00,2021,12,30,16,45,22,22173,La Longueraie Planguenoual,48.5431608637,-2.6066163174,Crépuscule ou aube,Hors agglomération,Hors intersection,Normale,Deux véhicules - frontale,4,2,2,0,2,1,1,0,1,80,,2,1,0,1,0,51.0,86.0,,,2,1,1,1,1
202100000946,2021-12-30 16:00:00,2021,12,30,16,0,35,35240,D288,48.096455,-1.78839,Plein jour,Hors agglomération,Hors intersection,Normale,Trois véhicules et plus - collisions multiples,7,2,2,0,1,1,1,0,1,80,,6,2,0,0,4,47.0,54.0,,,1,1,1,1,5
202100000947,2021-12-29 17:20:00,2021,12,29,17,20,59,59285,D81,50.257872,3.408718,Nuit sans éclairage public,Hors agglomération,Hors intersection,Temps couvert,Autre collision,3,2,2,0,1,1,2,0,1,80,,2,1,0,1,0,30.0,,,,3,1,1,8,6
202100000948,2021-12-30 09:00:00,2021,12,30,9,0,13,13117,A7-Sens Marseille vers Lyon,43.43002,5.25988,Plein jour,Hors agglomération,Hors intersection,Normale,Trois véhicules et plus - collisions multiples,1,1,2,0,1,1,1,0,1,110,,1,0,0,0,1,22.0,,,,1,1,1,1,5