accident_id,datetime,annee,mois,jour,heure,minute,departement,commune_insee,adresse,latitude,longitude,luminosite,agglomeration,intersection,meteo,collision,catr,circ,nbv,vosp,prof,plan,surf,infra,situ,vma,nb_vehicules,nb_usagers,nb_indemnes,nb_tues,nb_blesses_hosp,nb_blesses_legers,age_cond_1,age_cond_2,veh_type_cond_1,veh_type_cond_2,lum_code,agg_code,int_code,atm_code,col_code
202100000949,2021-12-29 18:10:00,2021,12,29,18,10,13,13056,A55-Sens Marseille vers Martigues,43.399847,5.096736,Nuit avec éclairage allumé,En agglomération,Hors intersection,Normale,Deux véhicules - côté,1,1,1,0,2,3,1,0,1,50,,1,0,0,0,1,28.0,,,,5,2,1,1,3
202100000950,2021-12-30 16:50:00,2021,12,30,16,50,38,38544,A7,45.54494,4.83889,Crépuscule ou aube,Hors agglomération,Hors intersection,Normale,Autre collision,1,3,3,0,1,2,1,0,1,110,,4,3,0,0,1,23.0,30.0,,,2,1,1,1,6
202100000951,2021-12-29 15:00:00,2021,12,29,15,0,33,33063,ROCADE A 630,44.88558,-0.56265,Plein jour,Hors agglomération,Hors intersection,Normale,Autre collision,1,1,1,0,2,3,1,3,1,30,,1,0,0,0,1,42.0,,,,1,1,1,1,6
202100000952,2021-12-30 06:00:00,2021,12,30,6,0,91,91103,RN 104,48.624808,2.302811,Nuit sans éclairage public,Hors agglomération,Hors intersection,Normale,Sans collision,2,3,4,0,2,1,1,0,3,110,,1,0,0,0,1,22.0,,,,3,1,1,1,7
202100000953,2021-12-30 11:10:00,2021,12,30,11,10,93,93066,AUTOROUTE A1,48.92954,2.3624,Plein jour,Hors agglomération,Hors intersection,Normale,Deux véhicules - arrière,1,3,4,0,1,1,1,0,1,90,,4,2,0,0,2,58.0,39.0,,,1,1,1,1,2
202100000954,2021-12-30 07:00:00,2021,12,30,7,0,93,93006,AUTOROUTE A3,48.86584,2.41751,Nuit sans éclairage public,Hors agglomération,Hors intersection,Normale,Trois véhicules et plus - en chaîne,1,3,8,0,2,1,1,3,1,70,,3,2,0,0,1,51.0,55.0,,,3,1,1,1,4
202100000955,2021-12-30 21:00:00,2021,12,30,21,0,77,77438,A104,48.8740514647,2.6695436473,Nuit sans éclairage public,Hors agglomération,Hors intersection,Normale,Trois véhicules et plus - en chaîne,1,3,8,0,2,1,1,0,1,90,,7,5,0,1,1,19.0,23.0,,,3,1,1,1,4
202100000956,2021-12-29 15:00:00,2021,12,29,15,0,77,77363,A104,48.91095,2.63504,Plein jour,Hors agglomération,Hors intersection,Pluie légère,Sans collision,1,3,2,0,3,1,2,0,1,50,,1,0,0,0,1,32.0,,,,1,1,1,2,7
202100000957,2021-12-12 13:00:00,2021,12,12,13,0,71,71076,Avenue Pierre Nugues,46.788137,4.866805,Plein jour,En agglomération,Hors intersection,Normale,Autre collision,4,3,2,0,1,1,1,0,1,50,,2,1,0,0,1,39.0,,,,1,2,1,1,6
202100000958,2021-12-12 17:51:00,2021,12,12,17,51,34,34172,GAMBETTA (COURS),43.6063751535,3.8721720598,Nuit avec éclairage non allumé,En agglomération,Intersection en X,Normale,Deux véhicules - côté,4,1,1,0,1,1,1,0,1,30,,3,1,0,1,1,26.0,,,,4,2,2,1,3
202100000959,2021-12-12 14:50:00,2021,12,12,14,50,02,02738,ROOSEVELT (BOULEVARD),49.6585,3.2983,Plein jour,En agglomération,Hors intersection,Temps couvert,Autre collision,3,1,1,0,1,1,2,0,1,50,,2,1,0,0,1,,,,,1,2,1,8,6
202100000960,2021-11-30 19:40:00,2021,11,30,19,40,30,30032,FARCIENNES AVENUE DE,43.8121,4.63036,Nuit avec éclairage allumé,En agglomération,Hors intersection,Normale,Autre collision,4,2,2,0,1,1,1,0,4,50,,2,1,0,1,0,31.0,,,,5,2,1,1,6
202100000961,2021-11-12 20:30:00,2021,11,12,20,30,30,30189,ANDUZE (ROUTE OU ANCIENNE ROUTE),43.8583,4.3336,Nuit avec éclairage allumé,Hors agglomération,Hors intersection,Normale,Autre collision,4,2,2,0,1,1,1,0,1,50,,2,1,0,1,0,,,,,5,1,1,1,6
202100000962,2021-09-21 14:25:00,2021,9,21,14,25,29,29232,D785 - Route de Pont L'Abbe,47.978387,-4.128973,Plein jour,Hors agglomération,Hors intersection,Normale,Sans collision,3,3,4,-1,1,1,1,0,2,-1,,1,0,1,0,0,58.0,,,,1,1,1,1,7
202100000963,2021-01-05 08:25:00,2021,1,5,8,25,59,59122,BEZIN (BOULEVARD PAUL),50.1726871,3.240283,Nuit avec éclairage non allumé,En agglomération,Hors intersection,Pluie légère,Autre collision,4,2,2,0,1,1,2,9,8,50,,2,1,0,1,0,82.0,,,,4,2,1,2,6
202100000964,2021-02-13 02:50:00,2021,2,13,2,50,974,97416,ANCIENNE RN 1,-21.31786,55.44403,Nuit sans éclairage public,Hors agglomération,Hors intersection,Normale,Deux véhicules - frontale,9,2,2,0,1,2,1,0,1,50,,3,1,0,1,1,25.0,47.0,,,3,1,1,1,1
202100000965,2021-12-28 20:30:00,2021,12,28,20,30,976,97611,mamoudzou centre-Commandant Passot (Plac,-12.78061,45.23342,Nuit avec éclairage allumé,En agglomération,Hors intersection,Normale,Autre collision,2,2,2,0,1,1,1,0,1,50,,2,0,0,1,1,41.0,,,,5,2,1,1,6
202100000966,2021-12-10 12:05:00,2021,12,10,12,5,973,97302,FLAMBOYANTS (RUE DES),4.9237618627,-52.3194712401,Plein jour,En agglomération,Intersection en T,Pluie légère,Deux véhicules - frontale,4,2,2,0,1,1,2,0,1,50,,2,1,0,0,1,38.0,40.0,,,1,2,3,2,1
202100000967,2021-12-28 18:03:00,2021,12,28,18,3,69,69383,GENAS (DE) (RTE),45.7543125249,4.8833504319,Nuit sans éclairage public,En agglomération,Hors intersection,Pluie forte,Autre collision,4,2,2,0,1,1,2,0,1,50,,2,1,0,0,1,52.0,,,,3,2,1,3,6
202100000968,2021-12-28 06:38:00,2021,12,28,6,38,972,97209,RAVINE VILAINE (CHEMIN DEPARTEMENTAL DE),14.63345,-61.05967,Plein jour,En agglomération,Hors intersection,Normale,Deux véhicules - côté,3,-1,-1,0,1,1,1,0,1,50,,3,2,0,0,1,32.0,53.0,,,1,2,1,1,3
202100000969,2021-12-27 14:00:00,2021,12,27,14,0,972,97209,CHEVALIER DE SAINTE-MARTHE (BLD),14.60365,-61.0659,Plein jour,En agglomération,Hors intersection,Normale,Autre collision,4,-1,1,0,1,1,1,0,1,50,,2,1,0,1,0,30.0,,,,1,2,1,1,6
202100000970,2021-12-29 13:10:00,2021,12,29,13,10,69,69149,FRANCISQUE JOMARD (R),45.71748,4.79169,Plein jour,En agglomération,Hors intersection,Pluie légère,Deux véhicules - côté,4,2,2,0,2,1,2,0,1,50,,3,2,0,1,0,19.0,23.0,,,1,2,1,2,3
202100000971,2021-12-23 00:05:00,2021,12,23,0,5,971,97120,BD LEGITIMUS,16.242,-61.53514,Nuit avec éclairage allumé,En agglomération,Autre intersection,Normale,Autre collision,3,3,2,0,1,1,9,0,1,50,,2,0,0,0,2,46.0,,,,5,2,9,1,6
202100000972,2021-12-29 06:05:00,2021,12,29,6,5,95,95127,OISE (BOULEVARD DE L'),49.04665,2.06014,Nuit avec éclairage allumé,En agglomération,Hors intersection,Pluie légère,Autre collision,4,3,4,1,1,1,2,0,5,50,,1,0,0,1,0,24.0,,,,5,2,1,2,6
202100000973,2021-12-28 12:30:00,2021,12,28,12,30,91,91687,VICTOR SCHOELCHER (AVENUE),48.650731,2.369197,Plein jour,En agglomération,Hors intersection,Pluie légère,Autre collision,3,1,4,0,1,1,2,0,3,50,,2,1,0,0,1,,,,,1,2,1,2,6
202100000974,2021-12-28 08:00:00,2021,12,28,8,0,91,91432,AV CHARLES DE GAULLE,48.705209,2.339735,Nuit avec éclairage allumé,En agglomération,Intersection en X,Temps couvert,Deux véhicules - côté,3,2,2,0,1,1,2,0,1,50,,2,1,0,0,1,,30.0,,,5,2,2,8,3
202100000975,2021-12-27 13:19:00,2021,12,27,13,19,87,87085,BROUILLEBAS (RUE DE),45.85791,1.25269,Plein jour,En agglomération,Hors intersection,Pluie légère,Autre collision,4,2,2,0,2,3,2,0,1,50,,1,0,0,0,1,19.0,,,,1,2,1,2,6
202100000976,2021-11-10 12:45:00,2021,11,10,12,45,86,86194,Rue du Pont Saint Cyprien,46.57609,0.34542,Plein jour,En agglomération,Hors intersection,Normale,Autre collision,4,2,3,2,1,1,1,0,1,50,,2,1,0,0,1,23.0,,,,1,2,1,1,6
202100000977,2021-12-28 21:05:00,2021,12,28,21,5,81,81004,DRECHE (RTE DE LA),43.9526560929,2.15348728,Nuit avec éclairage allumé,En agglomération,Hors intersection,Pluie légère,Deux véhicules - côté,3,2,1,0,1,2,2,0,1,30,,2,1,0,0,1,30.0,46.0,,,5,2,1,2,3
202100000978,2021-12-28 13:15:00,2021,12,28,13,15,80,80021,SAINT PIERRE (CHAUSSEE),49.90346,2.30637,Plein jour,En agglomération,Hors intersection,Vent fort / tempête,Autre collision,4,2,2,0,1,1,1,0,1,50,,2,1,0,0,1,,,,,1,2,1,6,6
202100000979,2021-12-27 16:10:00,2021,12,27,16,10,80,80724,JEAN CATELAS (RUE),49.86092,2.23988,Plein jour,En agglomération,Hors intersection,Normale,Deux véhicules - côté,4,2,2,0,1,1,2,0,1,50,,2,1,0,0,1,46.0,57.0,,,1,2,1,1,3
202100000980,2021-12-25 18:30:00,2021,12,25,18,30,78,78440,LOUIS BLERIOT (RUE),48.977289,1.920912,Nuit avec éclairage allumé,En agglomération,Giratoire,Autre,Autre collision,4,1,1,0,2,3,2,6,1,30,,2,1,0,1,0,,,,,5,2,6,9,6
202100000981,2021-12-28 16:30:00,2021,12,28,16,30,78,78440,SALVADOR ALLENDE (RUE),48.977242,1.92141,Plein jour,En agglomération,Hors intersection,Pluie légère,Deux véhicules - côté,4,2,0,0,1,1,2,0,1,50,,2,1,0,0,1,31.0,30.0,,,1,2,1,2,3
202100000982,2021-12-28 09:00:00,2021,12,28,9,0,78,78015,MOULIN (AVENUE JEAN),48.98876,2.05391,Plein jour,En agglomération,Hors intersection,Pluie légère,Deux véhicules - côté,3,2,4,0,1,1,2,0,1,80,,2,1,0,0,1,19.0,28.0,,,1,2,1,2,3
202100000983,2021-12-18 14:00:00,2021,12,18,14,0,77,77169,SILENCIEUSE (RUE),48.8076,2.62073,Plein jour,En agglomération,Intersection en T,Normale,Deux véhicules - côté,4,2,2,0,1,1,1,0,1,30,,2,1,0,0,1,19.0,56.0,,,1,2,3,1,3
202100000984,2021-12-29 15:10:00,2021,12,29,15,10,77,77209,HERMIERES  (RUE   ),48.86299,2.70268,Plein jour,Hors agglomération,Hors intersection,Pluie légère,Deux véhicules - frontale,3,2,2,0,2,4,2,0,1,50,,2,0,0,0,2,68.0,22.0,,,1,1,1,2,1
202100000985,2021-12-29 18:00:00,2021,12,29,18,0,76,76575,SAINT YON. AVENUE DE,49.397223,1.102774,Nuit avec éclairage allumé,En agglomération,Hors intersection,Normale,Deux véhicules - côté,4,2,2,0,1,1,2,0,1,50,,2,1,0,1,0,35.0,36.0,,,5,2,1,1,3
202100000986,2021-12-28 10:30:00,2021,12,28,10,30,76,76351,VAL AUX CORNEILLES (AVENUE DU)°,49.50935,0.1501,Plein jour,En agglomération,Hors intersection,Normale,Autre collision,4,2,4,3,1,1,1,4,6,50,,2,1,0,0,1,50.0,,,,1,2,1,1,6
202100000987,2021-12-21 16:50:00,2021,12,21,16,50,76,76447,PABLO NERUDA,49.54847,0.17285,Plein jour,En agglomération,Intersection en T,Normale,Deux véhicules - côté,4,2,2,0,1,1,1,0,1,50,,2,1,0,0,1,59.0,29.0,,,1,2,3,1,3
202100000988,2021-12-27 20:40:00,2021,12,27,20,40,72,72181,ADELET RAYMOND (PLACE),47.9684,0.20377,Nuit avec éclairage allumé,En agglomération,Hors intersection,Pluie légère,Autre collision,4,2,2,0,1,1,2,0,1,50,,2,1,0,0,1,65.0,,,,5,2,1,2,6
202100000989,2021-12-29 09:50:00,2021,12,29,9,50,71,71306,RN 70 (ROUTE EXPRESS),46.65815,4.33085,Plein jour,Hors agglomération,Hors intersection,Pluie forte,Sans collision,2,3,4,0,1,1,2,0,2,110,,3,0,0,0,3,51.0,,,,1,1,1,3,7
202100000990,2021-12-27 10:40:00,2021,12,27,10,40,71,71270,Rue Victor Hugo,46.3049,4.82819,Plein jour,En agglomération,Intersection en X,Pluie légère,Autre collision,4,1,1,0,2,1,2,0,8,50,,2,1,0,0,1,42.0,,,,1,2,2,2,6
202100000991,2021-12-28 12:05:00,2021,12,28,12,5,71,71076,MANUTENTION (RUE DE LA ),46.78206,4.84138,Plein jour,En agglomération,Hors intersection,Pluie légère,Sans collision,4,2,0,0,1,1,2,0,1,50,,1,0,0,0,1,21.0,,,,1,2,1,2,7
202100000992,2021-12-29 12:03:00,2021,12,29,12,3,68,68374,STANISLAS (RUE),48.07923,7.32056,Plein jour,En agglomération,Hors intersection,Pluie légère,Autre collision,4,1,3,0,1,1,2,0,1,50,,2,1,1,0,0,,,,,1,2,1,2,6
202100000993,2021-12-28 16:45:00,2021,12,28,16,45,67,67482,OHMACHT (RUE),48.59253,7.76102,Crépuscule ou aube,En agglomération,Hors intersection,Pluie légère,Autre collision,4,2,2,0,1,1,2,0,1,50,,4,3,0,1,0,24.0,,,,2,2,1,2,6
202100000994,2021-12-28 10:25:00,2021,12,28,10,25,64,64445,Boulevard d’Alsace Lorraine,43.3048814973,-0.3706330061,Plein jour,En agglomération,Hors intersection,Normale,Autre collision,4,2,2,0,1,1,1,0,1,50,,2,1,1,0,0,55.0,,,,1,2,1,1,6
202100000995,2021-12-28 03:00:00,2021,12,28,3,0,64,64125,Avenue d’Espagne,43.429499,-1.600257,Nuit avec éclairage allumé,En agglomération,Hors intersection,Normale,Autre collision,3,2,2,0,2,1,1,0,1,50,,1,0,0,1,0,25.0,,,,5,2,1,1,6
202100000996,2021-12-27 17:55:00,2021,12,27,17,55,64,64024,24 Avenue de Bayonne,43.48068,-1.51382,Nuit avec éclairage allumé,En agglomération,Hors intersection,Pluie légère,Deux véhicules - frontale,3,2,2,3,1,1,2,5,6,50,,2,1,0,0,1,23.0,41.0,,,5,2,1,2,1
202100000997,2021-12-29 23:00:00,2021,12,29,23,0,62,62349,DE GAULLE ( RUE DU GENERAL ),50.52073,2.60004,Nuit avec éclairage allumé,En agglomération,Hors intersection,Pluie légère,Autre collision,3,2,2,0,1,3,2,0,4,50,,1,0,0,0,1,23.0,,,,5,2,1,2,6
202100000998,2021-12-23 17:25:00,2021,12,23,17,25,59,59328,SAINTE CECILE AVENUE,50.63799,3.02348,Nuit avec éclairage allumé,En agglomération,Intersection en X,Pluie légère,Autre collision,7,-1,2,2,1,1,2,0,1,50,,2,1,0,1,0,42.0,,,,5,2,2,2,6
202100000999,2021-12-28 14:20:00,2021,12,28,14,20,59,59386,WAMBRECHIES RUE DE,50.678561,3.063816,Plein jour,En agglomération,Intersection en T,Pluie forte,Deux véhicules - côté,7,2,2,0,1,1,2,5,1,50,,2,1,0,0,1,36.0,60.0,,,1,2,3,3,3
202100001000,2021-12-28 14:00:00,2021,12,28,14,0,59,59350,GUESDE JULES RUE,50.645134,3.001597,Plein jour,En agglomération,Giratoire,Pluie légère,Autre collision,7,-1,2,0,1,3,2,0,1,50,,2,1,0,0,1,,,,,1,2,6,2,6
202100001001,2021-12-28 17:10:00,2021,12,28,17,10,59,59017,BRIAND (RUE ARISTIDE ),50.68893,2.88318,Nuit avec éclairage allumé,En agglomération,Hors intersection,Pluie légère,Autre collision,4,3,2,0,1,3,2,0,1,50,,3,1,0,2,0,73.0,,,,5,2,1,2,6
202100001002,2021-12-24 19:30:00,2021,12,24,19,30,56,56185,N165 bretelle échangeur ,47.77109,-3.37795,Nuit sans éclairage public,Hors agglomération,Hors intersection,Pluie légère,Autre collision,2,1,2,0,2,3,2,3,1,70,,1,0,0,0,1,24.0,,,,3,1,1,2,6
202100001003,2021-12-14 17:15:00,2021,12,14,17,15,54,54357,METZ (ROUTE DE),48.7074762663,6.1666812301,Nuit avec éclairage allumé,En agglomération,Intersection en T,Normale,Autre collision,7,2,2,0,1,1,1,0,1,50,,2,1,0,0,1,79.0,,,,5,2,3,1,6
202100001004,2021-12-28 03:50:00,2021,12,28,3,50,54,54395,MALZEVILLE (Rue de),48.70335,6.18182,Nuit avec éclairage allumé,En agglomération,Intersection en X,Pluie forte,Deux véhicules - côté,4,2,2,0,3,1,2,0,1,50,,2,1,0,0,1,31.0,49.0,,,5,2,2,3,3
202100001005,2021-12-28 19:45:00,2021,12,28,19,45,53,53130,HEULOT ( RUE DU COLONEL ),48.06531,-0.75494,Nuit avec éclairage allumé,En agglomération,Intersection en X,Normale,Deux véhicules - côté,4,2,2,0,2,1,1,0,1,50,,2,1,0,1,0,33.0,69.0,,,5,2,2,1,3
202100001006,2021-12-28 09:45:00,2021,12,28,9,45,50,50129,VAL DE SAIRE (RUE DU),49.6389,-1.61777,Plein jour,En agglomération,Intersection en T,Normale,Deux véhicules - côté,3,2,2,0,1,1,1,5,1,50,,2,1,0,0,1,58.0,34.0,,,1,2,3,1,3
202100001007,2021-12-11 23:35:00,2021,12,11,23,35,49,49099,CHOUTEAU (BOULEVARD GUY),47.06705,-0.890442,Nuit avec éclairage non allumé,En agglomération,Intersection en X,Normale,Deux véhicules - côté,4,2,2,0,1,1,1,0,1,50,,3,0,0,1,2,25.0,23.0,,,4,2,2,1,3
202100001008,2021-12-29 09:46:00,2021,12,29,9,46,49,49246,GALLIENI AVENUE,47.4367,-0.5163,Plein jour,En agglomération,Hors intersection,Pluie légère,Autre collision,4,2,2,0,1,1,2,0,1,50,,2,1,0,0,1,27.0,,,,1,2,1,2,6
202100001009,2021-12-28 10:44:00,2021,12,28,10,44,49,49007,MOLIERE PLACE,47.47404,-0.55578,Plein jour,En agglomération,Hors intersection,Normale,Sans collision,4,1,1,0,1,1,1,0,1,30,,1,0,0,0,1,75.0,,,,1,2,1,1,7
202100001010,2021-12-27 17:35:00,2021,12,27,17,35,49,49246,,47.4307098331,-0.5060319903,Crépuscule ou aube,En agglomération,Hors intersection,Normale,Sans collision,1,2,2,0,1,2,2,0,1,70,,2,0,0,0,2,19.0,,,,2,2,1,1,7
202100001011,2021-12-27 13:53:00,2021,12,27,13,53,49,49353,JEAN JAURES RUE,47.44547,-0.50342,Plein jour,En agglomération,Hors intersection,Normale,Sans collision,4,2,2,0,1,1,2,0,1,50,,2,1,0,0,1,31.0,29.0,,,1,2,1,1,7
202100001012,2021-12-28 18:30:00,2021,12,28,18,30,45,45208,Avenue de Verdun,47.99826,2.74634,Nuit avec éclairage allumé,En agglomération,Intersection en X,Temps couvert,Deux véhicules - côté,4,2,2,0,2,1,2,1,1,50,,4,2,0,0,2,71.0,20.0,,,5,2,2,8,3
202100001013,2021-12-27 18:00:00,2021,12,27,18,0,45,45004,EUROPE (RUE DE L'),47.9786292612,2.7291959524,Nuit avec éclairage allumé,En agglomération,Hors intersection,Temps couvert,Deux véhicules - côté,4,2,2,0,1,1,2,0,1,50,,2,1,0,0,1,15.0,22.0,,,5,2,1,8,3
202100001014,2021-12-29 10:15:00,2021,12,29,10,15,44,44190,RUE DES VIOLETTES,47.19778,-1.50891,Plein jour,En agglomération,Hors intersection,Normale,Deux véhicules - côté,4,2,0,0,1,1,1,0,1,50,,2,1,0,0,1,48.0,34.0,,,1,2,1,1,3
202100001015,2021-12-29 09:00:00,2021,12,29,9,0,39,39198,64 Boulevard du President Wilson,47.09552,5.490901,Plein jour,En agglomération,Hors intersection,Pluie légère,Deux véhicules - côté,4,2,2,0,1,1,2,0,1,50,,2,1,0,1,0,48.0,17.0,,,1,2,1,2,3
202100001016,2021-12-28 18:40:00,2021,12,28,18,40,35,35238,Boulevard Emile Combes,48.09348,-1.66853,Nuit avec éclairage non allumé,En agglomération,Intersection en X,Normale,Deux véhicules - côté,4,2,4,1,1,1,1,0,1,50,,2,1,0,0,1,19.0,18.0,,,4,2,2,1,3
202100001017,2021-12-28 18:20:00,2021,12,28,18,20,35,35238,N136,48.130988,-1.709292,Nuit avec éclairage allumé,Hors agglomération,Hors intersection,Normale,Deux véhicules - arrière,2,1,4,0,1,3,1,3,1,90,,2,1,0,0,1,27.0,22.0,,,5,1,1,1,2
202100001018,2021-12-28 17:55:00,2021,12,28,17,55,35,35238,Allée de Maurepas,48.12711,-1.66341,Nuit avec éclairage allumé,En agglomération,Hors intersection,Normale,Autre collision,4,-1,1,0,2,1,1,0,1,30,,2,1,0,0,1,44.0,,,,5,2,1,1,6
202100001019,2021-12-28 12:24:00,2021,12,28,12,24,35,35238,Rue Eugène Pottier,48.10327,-1.7113,Plein jour,En agglomération,Hors intersection,Normale,Deux véhicules - côté,4,2,2,0,1,1,1,0,1,50,,2,1,0,0,1,46.0,22.0,,,1,2,1,1,3
202100001020,2021-12-27 23:05:00,2021,12,27,23,5,35,35238,Boulevard Georges Clemenceau,48.09407,-1.67695,Nuit avec éclairage allumé,En agglomération,Hors intersection,Pluie légère,Autre collision,4,2,2,2,1,1,2,0,1,50,,1,0,0,0,1,32.0,,,,5,2,1,2,6
202100001021,2021-12-25 12:14:00,2021,12,25,12,14,34,34032,VERDUN (BD DE),43.3363,3.22203,Plein jour,En agglomération,Hors intersection,Normale,Autre collision,3,2,3,0,2,1,1,0,1,50,,8,3,0,2,3,42.0,26.0,,,1,2,1,1,6
202100001022,2021-12-24 19:55:00,2021,12,24,19,55,34,34336,BEREGOVOY (AVENUE PIERRE),43.32177,3.2713,Nuit avec éclairage allumé,En agglomération,Hors intersection,Normale,Deux véhicules - côté,3,2,2,0,1,1,1,0,1,50,,4,3,0,0,1,17.0,58.0,,,5,2,1,1,3
202100001023,2021-12-28 18:50:00,2021,12,28,18,50,33,33063,Avenue de Laroque,44.87421,-0.57194,Nuit avec éclairage allumé,En agglomération,Intersection en T,Pluie légère,Deux véhicules - côté,4,2,2,0,1,2,2,0,1,50,,2,1,0,1,0,20.0,,,,5,2,3,2,3
202100001024,2021-12-28 16:15:00,2021,12,28,16,15,33,33281,Avenue de Verdun,44.838746,-0.625943,Plein jour,En agglomération,Intersection en T,Normale,Deux véhicules - côté,4,2,2,2,1,1,1,0,5,50,,2,1,0,0,1,41.0,23.0,,,1,2,3,1,3
202100001025,2021-12-28 10:58:00,2021,12,28,10,58,33,33318,Avenue Gustave Eiffel,44.78623,-0.6389,Plein jour,En agglomération,Hors intersection,Pluie forte,Autre collision,4,2,4,1,1,1,2,9,1,50,,2,1,0,0,1,77.0,,,,1,2,1,3,6
202100001026,2021-12-28 00:00:00,2021,12,28,0,0,33,33063,CRS PASTEUR,44.83509,-0.57499,Nuit avec éclairage allumé,En agglomération,Intersection en X,Pluie légère,Deux véhicules - côté,4,2,2,3,1,1,2,0,1,30,,2,1,0,0,1,32.0,28.0,,,5,2,2,2,3
202100001027,2021-12-28 21:40:00,2021,12,28,21,40,33,33529,,44.634176,-1.168974,Nuit avec éclairage allumé,En agglomération,Hors intersection,Normale,Sans collision,3,2,2,0,1,1,2,0,1,50,,1,0,0,0,1,22.0,,,,5,2,1,1,7
202100001028,2021-12-28 18:18:00,2021,12,28,18,18,31,31555,PL DES PRADETTES,43.5817,1.38861,Nuit avec éclairage allumé,En agglomération,Hors intersection,Pluie légère,Autre collision,4,2,2,0,1,3,2,5,1,30,,2,1,0,0,1,46.0,,,,5,2,1,2,6
202100001029,2021-12-28 20:05:00,2021,12,28,20,5,29,29232,Rue de la Tour d’Auvergne,47.98812,-4.07624,Nuit sans éclairage public,En agglomération,Hors intersection,Pluie légère,Deux véhicules - frontale,4,2,2,0,2,3,2,0,1,50,,2,1,0,0,1,51.0,,,,3,2,1,2,1
202100001030,2021-12-28 19:05:00,2021,12,28,19,5,29,29039,D70 - La Boissiere,47.921070859,-3.9012175799,Nuit sans éclairage public,Hors agglomération,Hors intersection,Pluie légère,Sans collision,3,3,4,0,1,1,2,0,1,80,,1,0,0,0,1,17.0,,,,3,1,1,2,7
202100001031,2021-12-07 18:53:00,2021,12,7,18,53,29,29019,Rue de Kermenguy,48.404331,-4.500063,Nuit avec éclairage allumé,En agglomération,Hors intersection,Pluie forte,Autre collision,4,-1,2,0,1,1,2,0,1,50,,2,1,0,0,1,19.0,,,,5,2,1,3,6
202100001032,2021-12-29 05:45:00,2021,12,29,5,45,27,27229,DUPONT DE L'EURE (PLACE),49.02997,1.15345,Crépuscule ou aube,En agglomération,Hors intersection,Pluie légère,Deux véhicules - côté,4,2,-1,0,1,1,2,0,1,50,,2,1,0,0,1,,28.0,,,2,2,1,2,3
202100001033,2021-12-27 17:10:00,2021,12,27,17,10,26,26198,Rue François Boissy d’Anglas,44.532587,4.764387,Plein jour,En agglomération,Hors intersection,Normale,Autre collision,4,2,2,0,1,1,1,0,1,30,,2,1,0,1,0,48.0,,,,1,2,1,1,6
202100001034,2021-11-29 07:50:00,2021,11,29,7,50,25,25230,AUDINCOURT (RUE D'),47.49459,6.83965,Crépuscule ou aube,En agglomération,Hors intersection,Pluie légère,Autre collision,3,3,3,0,1,3,2,0,1,50,,2,1,0,0,1,46.0,,,,2,2,1,2,6
202100001035,2021-12-24 18:05:00,2021,12,24,18,5,24,24102,RIBERAC (ROUTE DE),45.19632,0.65168,Crépuscule ou aube,Hors agglomération,Hors intersection,Normale,Deux véhicules - frontale,3,2,2,0,1,1,1,0,1,50,,3,0,0,2,1,18.0,57.0,,,2,1,1,1,1
202100001036,2021-12-23 17:45:00,2021,12,23,17,45,19,19275,CARNOT (AVENUE) N° IMPAIRS,45.55283,2.31437,Nuit avec éclairage allumé,En agglomération,Place,Normale,Deux véhicules - frontale,3,2,2,0,1,1,1,0,1,50,,2,1,1,0,0,14.0,58.0,,,5,2,7,1,1
202100001037,2021-12-13 12:05:00,2021,12,13,12,5,18,18033,DE GAULLE (AV DU GENERAL) N° PAIRS,47.09977,2.40699,Plein jour,En agglomération,Intersection en X,Normale,Deux véhicules - côté,3,2,4,0,2,1,1,0,1,50,,2,1,0,0,1,40.0,,,,1,2,2,1,3
202100001038,2021-12-28 14:20:00,2021,12,28,14,20,14,14699,ARISTIDE BRIAND (AVENUE),49.346594,0.10082,Plein jour,En agglomération,Intersection en T,Normale,Deux véhicules - côté,4,2,2,0,1,1,1,0,1,50,,2,0,0,0,2,19.0,26.0,,,1,2,3,1,3
202100001039,2021-12-21 15:35:00,2021,12,21,15,35,30,30032,FOURQUES ROUTE DE,43.7998,4.6313,Plein jour,Hors agglomération,Intersection en T,Normale,Deux véhicules - frontale,3,2,2,0,1,1,1,0,1,80,,3,0,0,2,1,40.0,41.0,,,1,1,3,1,1
202100001040,2021-12-28 12:20:00,2021,12,28,12,20,13,13203,FÉLIX PYAT (RUE),43.31484,5.37403,Plein jour,En agglomération,Hors intersection,Normale,Autre collision,4,2,2,0,1,1,1,0,1,50,,2,1,0,0,1,,,,,1,2,1,1,6
202100001041,2021-12-24 19:10:00,2021,12,24,19,10,13,13213,JEAN PAUL SARTRE (AVENUE),43.32753,5.42689,Nuit avec éclairage allumé,En agglomération,Hors intersection,Pluie légère,Deux véhicules - frontale,7,3,4,0,1,1,2,9,1,50,,2,1,1,0,0,41.0,22.0,,,5,2,1,2,1
202100001042,2021-12-27 18:38:00,2021,12,27,18,38,10,10325,EGALITE (RUE DE L'),48.2651,4.06,Nuit avec éclairage allumé,En agglomération,Autre intersection,Pluie légère,Deux véhicules - côté,3,2,2,0,1,1,2,0,1,50,,4,0,0,0,4,24.0,28.0,,,5,2,9,2,3