accident_id,datetime,annee,mois,jour,heure,minute,departement,commune_insee,adresse,latitude,longitude,luminosite,agglomeration,intersection,meteo,collision,catr,circ,nbv,vosp,prof,plan,surf,infra,situ,vma,nb_vehicules,nb_usagers,nb_indemnes,nb_tues,nb_blesses_hosp,nb_blesses_legers,age_cond_1,age_cond_2,veh_type_cond_1,veh_type_cond_2,lum_code,agg_code,int_code,atm_code,col_code
202100001043,2021-12-28 22:48:00,2021,12,28,22,48,06,06083,"SOLEIL (PROMENADE DU, N° 2 A 848))",43.772607,7.499112,Nuit avec éclairage allumé,En agglomération,Hors intersection,Normale,Deux véhicules - arrière,4,2,2,0,1,1,1,0,1,50,,2,1,0,1,0,56.0,44.0,,,5,2,1,1,2
202100001044,2021-12-27 12:30:00,2021,12,27,12,30,06,06030,PERIER (LE CANNET),43.56658,6.99335,Plein jour,En agglomération,Intersection en T,Pluie légère,Deux véhicules - côté,4,2,2,0,2,1,2,0,1,50,,2,1,0,0,1,43.0,59.0,,,1,2,3,2,3
202100001045,2021-12-27 07:30:00,2021,12,27,7,30,06,06027,PLAGE BOULEVARD DE LA,43.650689,7.151955,Crépuscule ou aube,En agglomération,Hors intersection,Normale,Trois véhicules et plus - en chaîne,7,3,6,0,1,1,1,0,1,50,,3,2,0,0,1,31.0,45.0,,,2,2,1,1,4
202100001046,2021-12-28 07:32:00,2021,12,28,7,32,05,05061,PATAC (BARREAU DE),44.53899,6.07072,Crépuscule ou aube,En agglomération,Hors intersection,Pluie légère,Autre collision,4,2,2,0,2,2,7,0,4,50,,1,0,0,0,1,39.0,,,,2,2,1,2,6
202100001047,2021-12-28 21:30:00,2021,12,28,21,30,03,03185,REPUBLIQUE ( AV. DE LA ),46.34375,2.59978,Nuit avec éclairage allumé,En agglomération,Intersection en X,Pluie légère,Deux véhicules - côté,3,2,2,0,1,1,2,0,1,50,,5,4,0,0,1,21.0,48.0,,,5,2,2,2,3
202100001048,2021-12-29 07:50:00,2021,12,29,7,50,02,02738,GAMBETTA (BOULEVARD),49.65379,3.29211,Crépuscule ou aube,En agglomération,Intersection en X,Normale,Deux véhicules - côté,3,2,2,0,1,1,1,9,1,50,,2,1,0,0,1,28.0,28.0,,,2,2,2,1,3
202100001049,2021-12-29 16:25:00,2021,12,29,16,25,75,75117,PORTE DES TERNES,48.883425,2.284172,Plein jour,En agglomération,Intersection en Y,Normale,Trois véhicules et plus - en chaîne,4,1,4,0,1,1,1,1,1,70,,4,3,0,0,1,36.0,51.0,,,1,2,4,1,4
202100001050,2021-12-28 15:25:00,2021,12,28,15,25,75,75116,PORTE DAUPHINE,48.871338,2.273122,Plein jour,En agglomération,Hors intersection,Normale,Trois véhicules et plus - en chaîne,4,1,4,0,1,1,1,1,1,70,,7,2,0,3,2,63.0,56.0,,,1,2,1,1,4
202100001051,2021-12-28 11:40:00,2021,12,28,11,40,75,75118,PORTE DE LA CHAPELLE,48.900792,2.35757,Plein jour,En agglomération,Hors intersection,Normale,Deux véhicules - arrière,4,1,4,0,1,1,1,0,1,70,,2,1,0,1,0,33.0,28.0,,,1,2,1,1,2
202100001052,2021-12-29 20:30:00,2021,12,29,20,30,75,75105,BOULEVARD SAINT MARCEL,48.83842,2.357025,Nuit avec éclairage allumé,En agglomération,Intersection en X,Pluie légère,Deux véhicules - côté,4,2,4,0,1,1,2,0,1,30,,2,1,0,0,1,52.0,28.0,,,5,2,2,2,3
202100001053,2021-12-29 11:00:00,2021,12,29,11,0,75,75105,PLACE VALHUBERT,48.844319,2.364921,Plein jour,En agglomération,Place,Temps couvert,Sans collision,4,2,5,0,1,1,2,0,1,30,,1,0,0,0,1,35.0,,,,1,2,7,8,7
202100001054,2021-12-27 12:14:00,2021,12,27,12,14,75,75113,AVENUE DE CHOISY,48.826328,2.359825,Plein jour,En agglomération,Intersection en T,Pluie légère,Autre collision,4,2,2,0,1,1,2,0,1,2,,2,1,0,0,1,46.0,49.0,,,1,2,3,2,6
202100001055,2021-12-29 09:45:00,2021,12,29,9,45,75,75120,PLACE EMILE LANDRIN,48.864166,2.399893,Plein jour,En agglomération,Intersection en Y,Pluie légère,Autre collision,4,1,1,0,1,3,2,0,1,30,,2,1,0,0,1,42.0,,,,1,2,4,2,6
202100001056,2021-12-28 17:35:00,2021,12,28,17,35,75,75120,BOULEVARD DAVOUT,48.847929,2.411328,Nuit avec éclairage allumé,En agglomération,Intersection en T,Normale,Autre collision,4,2,3,0,1,1,1,0,1,30,,2,1,0,0,1,71.0,,,,5,2,3,1,6
202100001057,2021-12-29 07:36:00,2021,12,29,7,36,75,75119,RUE DE THIONVILLE,48.887576,2.380329,Nuit avec éclairage allumé,En agglomération,Intersection en T,Pluie légère,Deux véhicules - côté,4,1,1,1,1,1,2,-1,5,30,,2,1,0,0,1,49.0,50.0,,,5,2,3,2,3
202100001058,2021-12-28 21:00:00,2021,12,28,21,0,75,75118,BOULEVARD BARBES,48.89156,2.349624,Nuit avec éclairage allumé,En agglomération,Intersection en X,Temps couvert,Autre collision,4,3,4,1,2,3,1,0,1,30,,2,1,0,0,1,21.0,,,,5,2,2,8,6
202100001059,2021-12-28 21:20:00,2021,12,28,21,20,75,75117,RUE BOURSAULT,48.886202,2.317745,Nuit avec éclairage allumé,En agglomération,Intersection en X,Normale,Deux véhicules - côté,4,-1,1,1,1,1,1,-1,5,30,,3,2,0,0,1,24.0,39.0,,,5,2,2,1,3
202100001060,2021-12-27 13:40:00,2021,12,27,13,40,75,75115,RUE DE LA PORTE D ISSY,48.832067,2.280678,Plein jour,En agglomération,Intersection en X,Temps couvert,Sans collision,4,-1,0,0,1,1,1,0,1,30,,1,0,0,0,1,48.0,,,,1,2,2,8,7
202100001061,2021-12-27 03:50:00,2021,12,27,3,50,75,75115,RUE LECOURBE,48.843453,2.305501,Nuit avec éclairage allumé,En agglomération,Hors intersection,Pluie légère,Autre collision,4,1,2,0,1,1,2,0,1,30,,1,0,0,0,1,43.0,,,,5,2,1,2,6
202100001062,2021-12-28 08:00:00,2021,12,28,8,0,75,75112,RUE CROZATIER,48.850635,2.378827,Crépuscule ou aube,En agglomération,Intersection en T,Normale,Autre collision,4,2,2,0,1,3,1,0,1,50,,2,1,0,0,1,69.0,,,,2,2,3,1,6
202100001063,2021-12-28 19:52:00,2021,12,28,19,52,75,75110,RUE LA FAYETTE,48.88133,2.364722,Nuit avec éclairage allumé,En agglomération,Intersection en X,Normale,Deux véhicules - côté,4,2,2,0,1,1,2,0,1,30,,2,1,0,0,1,20.0,39.0,,,5,2,2,1,3
202100001064,2021-12-28 01:15:00,2021,12,28,1,15,75,75107,QUAI D ORSAY,48.862415,2.301944,Nuit avec éclairage allumé,En agglomération,Intersection en X,Pluie légère,Deux véhicules - côté,4,3,2,0,1,1,2,5,1,50,,4,0,0,0,4,57.0,28.0,,,5,2,2,2,3
202100001065,2021-12-29 19:40:00,2021,12,29,19,40,75,75104,PONT DE SULLY,48.85009,2.358918,Nuit avec éclairage allumé,En agglomération,Intersection en T,Pluie légère,Sans collision,4,1,1,0,1,1,2,0,1,30,,1,0,0,0,1,49.0,,,,5,2,3,2,7
202100001066,2021-12-28 19:20:00,2021,12,28,19,20,94,94046,Rue Jean Jaurès,48.79562,2.43383,Nuit avec éclairage allumé,En agglomération,Intersection en T,Normale,Deux véhicules - côté,3,2,4,0,1,1,1,0,1,50,,3,2,0,0,1,73.0,29.0,,,5,2,3,1,3
202100001067,2021-12-28 19:40:00,2021,12,28,19,40,94,94043,Avenue de Fontainebleau,48.81046,2.36205,Nuit avec éclairage allumé,En agglomération,Hors intersection,Normale,Autre collision,3,2,2,0,1,1,1,0,1,50,,2,1,0,0,1,35.0,,,,5,2,1,1,6
202100001068,2021-12-29 08:45:00,2021,12,29,8,45,94,94034,LIBERTE (AV DE LA),48.76403,2.3182,Crépuscule ou aube,En agglomération,Hors intersection,Pluie légère,Deux véhicules - côté,3,2,2,0,1,1,2,9,1,50,,2,1,0,0,1,48.0,,,,2,2,1,2,3
202100001069,2021-12-28 09:45:00,2021,12,28,9,45,94,94028,Avenue Jean-Baptiste Champeval,48.79509,2.45606,Plein jour,En agglomération,Hors intersection,Pluie légère,Autre collision,4,2,2,0,1,1,2,0,1,30,,3,2,0,0,1,40.0,,,,1,2,1,2,6
202100001070,2021-12-29 17:10:00,2021,12,29,17,10,94,94069,Avenue du President Kennedy,48.814985,2.463154,Crépuscule ou aube,En agglomération,Intersection en X,Pluie légère,Deux véhicules - côté,3,2,-1,0,1,1,2,5,1,50,,2,1,0,0,1,21.0,46.0,,,2,2,2,2,3
202100001071,2021-12-27 10:57:00,2021,12,27,10,57,93,93073,BARBUSSE (RUE HENRI),48.9577,2.57306,Plein jour,En agglomération,Intersection en T,Pluie légère,Autre collision,4,2,2,0,1,1,2,0,1,50,,2,1,0,0,1,30.0,,,,1,2,3,2,6
202100001072,2021-12-28 20:15:00,2021,12,28,20,15,93,93066,POTERIE,48.9444259916,2.3467421697,Nuit avec éclairage allumé,En agglomération,Hors intersection,Normale,Autre collision,4,2,2,0,1,1,1,0,8,50,,3,2,0,0,1,19.0,,,,5,2,1,1,6
202100001073,2021-12-28 08:00:00,2021,12,28,8,0,93,93066,WILSON (AVENUE DU PRESIDENT),48.91549,2.35752,Nuit sans éclairage public,En agglomération,Intersection en X,Pluie légère,Deux véhicules - côté,3,3,3,0,1,1,2,9,1,50,,2,1,0,0,1,44.0,42.0,,,3,2,2,2,3
202100001074,2021-12-29 12:25:00,2021,12,29,12,25,93,93064,PERI (BOULEVARD GABRIEL)  0 - 37 / 42,48.879809,2.469532,Plein jour,En agglomération,Hors intersection,Pluie légère,Deux véhicules - frontale,3,3,3,0,2,1,2,0,1,50,,2,1,0,0,1,30.0,,,,1,2,1,2,1
202100001075,2021-11-29 19:55:00,2021,11,29,19,55,93,93051,MEDERIC (AVENUE),48.82997,2.58131,Nuit avec éclairage allumé,En agglomération,Intersection en X,Pluie légère,Deux véhicules - frontale,3,2,2,0,1,1,2,5,1,50,,3,2,0,0,1,33.0,35.0,,,5,2,2,2,1
202100001076,2021-12-28 00:10:00,2021,12,28,0,10,93,93014,MONTFERMEIL (ALLEE DE),48.8977,2.53404,Nuit avec éclairage allumé,En agglomération,Hors intersection,Pluie légère,Deux véhicules - arrière,3,2,2,0,1,1,2,0,1,50,,5,2,0,0,3,21.0,33.0,,,5,2,1,2,2
202100001077,2021-12-28 01:40:00,2021,12,28,1,40,93,93057,BRIAND (AV. ARISTIDE) 2 A 132,48.9088732394,2.5012070321,Nuit avec éclairage allumé,En agglomération,Hors intersection,Pluie légère,Trois véhicules et plus - en chaîne,3,3,4,3,1,1,2,8,1,50,,3,2,0,0,1,61.0,30.0,,,5,2,1,2,4
202100001078,2021-12-29 17:50:00,2021,12,29,17,50,93,93008,ROSTAND (PROMENADE JEAN),48.908882,2.454435,Crépuscule ou aube,En agglomération,Autre intersection,Pluie légère,Deux véhicules - côté,4,2,4,0,1,1,2,0,1,50,,3,2,0,0,1,35.0,47.0,,,2,2,9,2,3
202100001079,2021-12-28 15:35:00,2021,12,28,15,35,93,93007,ARISTIDE BRIAND (AVENUE COTE PAIRS),48.9442394228,2.4472164978,Plein jour,En agglomération,Hors intersection,Normale,Deux véhicules - côté,3,2,3,3,1,1,1,0,1,50,,2,1,0,0,1,68.0,34.0,,,1,2,1,1,3
202100001080,2021-12-29 18:10:00,2021,12,29,18,10,93,93005,DOCTEUR CLAUDE BERNARD (RUE DU),48.9519990495,2.5206107294,Nuit avec éclairage allumé,En agglomération,Hors intersection,Pluie légère,Autre collision,4,1,1,0,1,1,2,0,1,50,,2,1,0,0,1,44.0,,,,5,2,1,2,6
202100001081,2021-12-29 21:15:00,2021,12,29,21,15,93,93005,COMMANDANT BRASSEUR (RUE DU),48.9351267255,2.4982470049,Nuit avec éclairage allumé,En agglomération,Hors intersection,Pluie légère,Autre collision,4,1,1,0,1,1,2,0,1,50,,3,2,0,0,1,52.0,,,,5,2,1,2,6
202100001082,2021-12-28 17:40:00,2021,12,28,17,40,93,93071,GABRIEL PERI (RUE),48.94444,2.5333,Crépuscule ou aube,En agglomération,Intersection en X,Normale,Deux véhicules - frontale,4,2,2,0,1,1,1,5,1,50,,2,1,0,0,1,79.0,,,,2,2,2,1,1
202100001083,2021-12-28 19:11:00,2021,12,28,19,11,93,93001,REPUBLIQUE (AVE DE LA ) 43/106 =>,48.9088953042,2.3868634606,Nuit sans éclairage public,En agglomération,Hors intersection,Pluie légère,Autre collision,3,2,2,0,1,1,1,0,1,50,,2,1,0,0,1,41.0,,,,3,2,1,2,6
202100001084,2021-12-29 07:30:00,2021,12,29,7,30,92,92046,GAMBETTA (RUE),48.82272,2.307905,Nuit avec éclairage allumé,En agglomération,Intersection en X,Pluie forte,Deux véhicules - côté,4,1,2,1,1,1,2,0,1,30,,2,1,0,0,1,34.0,,,,5,2,2,3,3
202100001085,2021-12-28 00:44:00,2021,12,28,0,44,92,92077,JUSTICE (RUE DE LA),48.8219999354,2.1964415163,Nuit avec éclairage allumé,En agglomération,Hors intersection,Pluie légère,Autre collision,4,1,1,0,2,1,2,0,1,30,,1,0,0,0,1,53.0,,,,5,2,1,2,6
202100001086,2021-12-28 14:48:00,2021,12,28,14,48,92,92063,NATIONAL (BOULEVARD),48.8875181499,2.1853888035,Plein jour,En agglomération,Intersection en T,Normale,Deux véhicules - côté,3,2,2,0,1,1,1,0,1,50,,2,1,0,0,1,23.0,56.0,,,1,2,3,1,3
202100001087,2021-12-28 15:45:00,2021,12,28,15,45,92,92026,JOFFRE ( DE 52 A FIN ET DE 61 A FIN ),48.9009001428,2.2758328915,Plein jour,En agglomération,Hors intersection,Pluie légère,Deux véhicules - côté,3,1,2,0,1,1,2,0,1,50,,2,1,0,0,1,35.0,46.0,,,1,2,1,2,3
202100001088,2021-12-27 09:10:00,2021,12,27,9,10,92,92050,BOULEVARD DE LA DEFENSE,48.8986138113,2.221185565,Plein jour,En agglomération,Intersection en T,Pluie légère,Deux véhicules - arrière,3,1,3,0,2,1,2,0,1,50,,2,1,0,0,1,61.0,26.0,,,1,2,3,2,2
202100001089,2021-12-28 16:55:00,2021,12,28,16,55,92,92044,JEAN JAURES(RUE) 57A99 ET 56A102,48.8929217284,2.2941792011,Crépuscule ou aube,En agglomération,Autre intersection,Pluie légère,Deux véhicules - côté,4,1,0,0,1,1,2,0,1,50,,3,2,0,0,1,26.0,35.0,,,2,2,9,2,3
202100001090,2021-12-29 17:40:00,2021,12,29,17,40,92,92012,ISSY (PONT D'),48.8309312499,2.2581772506,Nuit avec éclairage allumé,En agglomération,Intersection à plus de 4 branches,Pluie légère,Deux véhicules - arrière,3,3,1,0,1,1,2,2,1,50,,2,1,0,0,1,14.0,70.0,,,5,2,5,2,2
202100001091,2021-12-29 15:50:00,2021,12,29,15,50,92,92012,MARECHAL DE LATTRE DE TASSIGNY (AVENUE),48.840894678,2.2276335955,Plein jour,En agglomération,Hors intersection,Pluie légère,Sans collision,3,2,6,2,1,3,2,0,6,50,,1,0,0,0,1,27.0,,,,1,2,1,2,7
202100001092,2021-12-28 12:10:00,2021,12,28,12,10,92,92004,PIERRE BROSSOLETTE,48.9111961108,2.2932484746,Plein jour,En agglomération,Hors intersection,Normale,Autre collision,3,-1,1,0,1,1,1,0,1,50,,3,1,0,0,2,23.0,,,,1,2,1,1,6
202100001093,2021-12-11 13:00:00,2021,12,11,13,0,92,92004,MAURICE BOKANOWSKI,48.9087886318,2.2893753648,Plein jour,En agglomération,Hors intersection,Normale,Autre collision,4,-1,1,0,1,1,1,0,1,50,,3,1,0,0,2,44.0,,,,1,2,1,1,6
202100001094,2021-12-15 02:35:00,2021,12,15,2,35,92,92009,ARGENTEUIL AV D',48.926442796,2.2735771537,Nuit avec éclairage non allumé,En agglomération,Hors intersection,Normale,Autre collision,3,2,2,0,1,1,1,0,1,50,,1,0,0,0,1,32.0,,,,4,2,1,1,6
202100001095,2021-12-29 19:45:00,2021,12,29,19,45,37,37030,,47.59548512,0.8614397049,Nuit sans éclairage public,Hors agglomération,Hors intersection,Pluie légère,Deux véhicules - frontale,3,2,2,0,1,1,2,0,1,80,,2,0,0,1,1,25.0,73.0,,,3,1,1,2,1
202100001096,2021-12-29 22:15:00,2021,12,29,22,15,81,81218,RD 612 PK 077.000,43.879954,2.173061,Nuit sans éclairage public,Hors agglomération,Hors intersection,Normale,Deux véhicules - frontale,3,2,3,0,2,1,2,0,1,90,,3,0,2,1,0,25.0,39.0,,,3,1,1,1,1
202100001097,2021-12-04 08:15:00,2021,12,4,8,15,22,22004,RD767 PR37+000,48.6180674405,-3.3061981185,Nuit sans éclairage public,Hors agglomération,Hors intersection,Neige / grêle,Sans collision,3,3,4,0,1,2,2,0,3,110,,4,3,0,0,1,40.0,78.0,,,3,1,1,4,7
202100001098,2021-12-29 19:15:00,2021,12,29,19,15,85,85215,La Haute Thibaudiere,46.875141,-1.202843,Nuit sans éclairage public,Hors agglomération,Hors intersection,Pluie légère,Autre collision,3,2,2,0,1,1,2,0,3,80,,1,0,0,1,0,23.0,,,,3,1,1,2,6
202100001099,2021-12-30 10:05:00,2021,12,30,10,5,62,62207,Campigneulles-les-Petites,50.442406,1.722,Plein jour,Hors agglomération,Hors intersection,Temps couvert,Autre collision,3,2,2,0,1,1,2,0,3,80,,1,0,0,0,1,23.0,,,,1,1,1,8,6
202100001100,2021-12-29 11:00:00,2021,12,29,11,0,80,80368,32 Rue Henri Barbusse,50.088556,1.547179,Plein jour,En agglomération,Hors intersection,Pluie forte,Sans collision,3,1,2,0,1,1,2,0,1,30,,1,0,0,0,1,71.0,,,,1,2,1,3,7
202100001101,2021-12-30 14:30:00,2021,12,30,14,30,12,12032,Baraque de Cussan - La Plane,44.303366,2.385964,Plein jour,Hors agglomération,Intersection en Y,Normale,Deux véhicules - côté,3,2,2,0,1,1,1,0,1,90,,2,1,0,1,0,35.0,20.0,,,1,1,4,1,3
202100001102,2021-12-29 01:10:00,2021,12,29,1,10,42,42248,Route de Planchetorse,45.906061,3.84294,Nuit sans éclairage public,Hors agglomération,Hors intersection,Pluie légère,Sans collision,3,2,2,0,2,2,2,0,3,80,,1,0,0,0,1,38.0,,,,3,1,1,2,7
202100001103,2021-12-29 22:35:00,2021,12,29,22,35,47,47246,Route de Cardonnet,44.250709,0.549306,Nuit sans éclairage public,Hors agglomération,Hors intersection,Normale,Autre collision,4,2,2,0,1,1,2,0,3,50,,1,0,1,0,0,33.0,,,,3,1,1,1,6
202100001104,2021-12-30 02:15:00,2021,12,30,2,15,44,44087,9 Place du Port (Machecoul),46.992802,-1.817021,Nuit avec éclairage allumé,En agglomération,Hors intersection,Temps couvert,Autre collision,4,2,2,0,1,1,2,0,4,50,,1,0,0,1,0,17.0,,,,5,2,1,8,6
202100001105,2021-12-30 14:30:00,2021,12,30,14,30,26,26353,ROND POINT N7,44.668138,4.793258,Plein jour,Hors agglomération,Giratoire,Normale,Deux véhicules - côté,2,2,2,0,1,3,1,5,1,80,,2,1,1,0,0,86.0,35.0,,,1,1,6,1,3
202100001106,2021-12-30 10:40:00,2021,12,30,10,40,50,50236,D903,49.291882,-1.526402,Plein jour,Hors agglomération,Intersection en T,Normale,Deux véhicules - côté,3,2,1,0,1,1,1,0,1,80,,6,4,0,1,1,36.0,67.0,,,1,1,3,1,3
202100001107,2021-12-30 10:25:00,2021,12,30,10,25,50,50619,Rue de l Eglise,49.621182,-1.360658,Plein jour,En agglomération,Intersection en T,Pluie légère,Autre collision,3,2,2,0,2,1,2,5,3,50,,1,0,0,0,1,20.0,,,,1,2,3,2,6
202100001108,2021-12-30 15:00:00,2021,12,30,15,0,24,24551,rue pierre semard,45.415582,0.918319,Plein jour,En agglomération,Hors intersection,Normale,Deux véhicules - côté,3,2,2,0,1,1,1,0,1,50,,2,1,0,1,0,51.0,18.0,,,1,2,1,1,3
202100001109,2021-12-25 12:40:00,2021,12,25,12,40,37,37046,La Maillardiere,47.2426831196,1.1225380003,Plein jour,Hors agglomération,Hors intersection,Temps couvert,Deux véhicules - frontale,3,2,2,0,2,2,2,0,1,80,,3,0,1,2,0,61.0,18.0,,,1,1,1,8,1
202100001110,2021-12-30 17:50:00,2021,12,30,17,50,08,08024,D137,49.485914,4.105153,Crépuscule ou aube,Hors agglomération,Hors intersection,Temps couvert,Sans collision,3,2,2,0,1,3,2,0,1,80,,1,0,0,0,1,47.0,,,,2,1,1,8,7
202100001111,2021-11-23 09:00:00,2021,11,23,9,0,67,67205,D37,48.677885,7.77581,Plein jour,Hors agglomération,Hors intersection,Normale,Deux véhicules - frontale,3,2,2,0,1,1,1,3,1,80,,2,1,0,1,0,21.0,37.0,,,1,1,1,1,1
202100001112,2021-12-30 09:00:00,2021,12,30,9,0,03,03118,A71 pk 348.500,46.107398,3.139343,Plein jour,Hors agglomération,Hors intersection,Normale,Deux véhicules - arrière,1,1,2,0,2,1,1,0,1,110,,2,1,0,1,0,22.0,49.0,,,1,1,1,1,2
202100001113,2021-12-29 15:40:00,2021,12,29,15,40,01,01067,A40 Pk ! 128+400 GENEVE/MACON,46.130547,5.509146,Plein jour,Hors agglomération,Hors intersection,Pluie forte,Deux véhicules - côté,1,3,3,0,2,1,3,0,6,110,,3,2,0,1,0,48.0,79.0,,,1,1,1,3,3
202100001114,2021-12-29 23:30:00,2021,12,29,23,30,72,72045,lieu dit la rattière,48.018969,-0.043817,Nuit sans éclairage public,Hors agglomération,Hors intersection,Normale,Deux véhicules - frontale,3,1,1,0,1,1,2,0,1,90,,2,1,1,0,0,35.0,22.0,,,3,1,1,1,1
202100001115,2021-12-30 11:50:00,2021,12,30,11,50,37,37123,rue de l'aurore,47.3755110684,0.3890229017,Plein jour,Hors agglomération,Hors intersection,Normale,Deux véhicules - frontale,4,2,2,0,1,3,2,0,1,80,,3,1,0,2,0,50.0,29.0,,,1,1,1,1,1
202100001116,2021-12-29 15:30:00,2021,12,29,15,30,63,63113,"a75, pk 000.200",45.773899,3.140244,Plein jour,Hors agglomération,Hors intersection,Normale,Deux véhicules - côté,1,1,4,0,1,1,1,0,1,110,,2,1,0,0,1,45.0,69.0,,,1,1,1,1,3
202100001117,2021-12-30 07:33:00,2021,12,30,7,33,38,38464,"A48, PK 46.200",45.543284,5.38079,Nuit sans éclairage public,Hors agglomération,Hors intersection,Pluie légère,Deux véhicules - arrière,1,3,5,3,2,1,2,0,6,130,,4,0,0,3,1,49.0,,,,3,1,1,2,2
202100001118,2021-12-29 18:27:00,2021,12,29,18,27,27,27188,,49.291091,1.123604,Nuit sans éclairage public,Hors agglomération,Hors intersection,Temps couvert,Deux véhicules - arrière,1,3,5,0,1,1,2,0,1,130,,7,5,0,1,1,45.0,41.0,,,3,1,1,8,2
202100001119,2021-12-30 17:43:00,2021,12,30,17,43,34,34009,D13,43.4714905424,3.3755995112,Crépuscule ou aube,Hors agglomération,Intersection en X,Normale,Deux véhicules - côté,3,2,2,0,1,1,1,5,1,80,,2,0,0,1,1,60.0,41.0,,,2,1,2,1,3
202100001120,2021-12-30 09:25:00,2021,12,30,9,25,73,73303,D1212,45.756992,6.470518,Plein jour,Hors agglomération,Hors intersection,Normale,Autre collision,3,2,2,0,2,2,2,0,3,80,,1,0,0,1,0,44.0,,,,1,1,1,1,6
202100001121,2021-12-30 14:30:00,2021,12,30,14,30,79,79049,72 Boulevard de la Republique,46.834398,-0.494519,Plein jour,En agglomération,Hors intersection,Normale,Sans collision,4,2,2,0,2,1,1,0,1,50,,2,1,0,0,1,74.0,,,,1,2,1,1,7
202100001122,2021-12-30 16:40:00,2021,12,30,16,40,16,16232,D699,45.677244,0.265871,Plein jour,Hors agglomération,Hors intersection,Normale,Deux véhicules - arrière,3,2,2,0,1,1,1,0,1,80,,2,1,0,1,0,45.0,10.0,,,1,1,1,1,2
202100001123,2021-12-29 10:30:00,2021,12,29,10,30,33,33498,route de la haute lande,44.550842,-0.870436,Plein jour,En agglomération,Autre intersection,Normale,Autre collision,4,1,1,0,1,2,1,0,1,50,,2,1,0,1,0,85.0,,,,1,2,9,1,6
202100001124,2021-12-30 03:00:00,2021,12,30,3,0,27,27412,721 Rue Pasteur (Montaure),49.248027,1.083543,Nuit sans éclairage public,En agglomération,Hors intersection,Normale,Autre collision,3,2,2,0,1,2,2,0,3,50,,1,0,0,1,0,20.0,,,,3,2,1,1,6
202100001125,2021-12-30 14:00:00,2021,12,30,14,0,27,27331,D1,49.13277,1.547774,Plein jour,Hors agglomération,Intersection en X,Normale,Deux véhicules - côté,3,2,2,0,1,1,1,0,8,80,,2,0,0,1,1,19.0,65.0,,,1,1,2,1,3
202100001126,2021-12-20 14:15:00,2021,12,20,14,15,02,02031,Lieu Dit la Malabreuvee,49.849692,4.198499,Plein jour,Hors agglomération,Hors intersection,Pluie légère,Autre collision,3,-1,2,0,1,1,2,0,3,80,,2,0,0,2,0,63.0,,,,1,1,1,2,6
202100001127,2021-12-26 19:35:00,2021,12,26,19,35,13,13071,A7-Sens Marseille vers Lyon,43.4188476451,5.2726006508,Nuit sans éclairage public,Hors agglomération,Hors intersection,Normale,Deux véhicules - arrière,1,1,3,0,1,1,1,0,1,110,,1,0,0,0,1,26.0,,,,3,1,1,1,2
202100001128,2021-12-28 22:20:00,2021,12,28,22,20,13,13005,A50-Sens Aubagne vers Marseille,43.28858,5.5467,Nuit avec éclairage allumé,Hors agglomération,Hors intersection,Normale,Deux véhicules - arrière,1,1,4,0,1,3,1,0,1,90,,3,1,0,0,2,,22.0,,,5,1,1,1,2
202100001129,2021-12-27 18:41:00,2021,12,27,18,41,13,13055,A507 sens Aubagne- Marseille,43.2922460413,5.4243047731,Nuit avec éclairage allumé,Hors agglomération,Hors intersection,Normale,Deux véhicules - arrière,1,1,3,0,1,1,2,1,1,70,,3,0,0,0,3,24.0,23.0,,,5,1,1,1,2
202100001130,2021-12-29 20:40:00,2021,12,29,20,40,33,33487,AUTOROUTE A 10,44.943165,-0.465968,Nuit avec éclairage allumé,Hors agglomération,Autre intersection,Temps couvert,Deux véhicules - arrière,1,3,6,0,1,1,1,0,1,130,,6,2,0,0,4,,48.0,,,5,1,9,8,2
202100001131,2021-12-29 09:30:00,2021,12,29,9,30,33,33318,Autoroute A63,44.78941,-0.62339,Plein jour,Hors agglomération,Hors intersection,Pluie légère,Autre collision,1,1,2,0,2,2,2,3,1,50,,1,0,0,0,1,22.0,,,,1,1,1,2,6
202100001132,2021-12-28 01:25:00,2021,12,28,1,25,33,33013,ROUTE NATIONALE 89,44.86872,-0.5026,Nuit avec éclairage allumé,Hors agglomération,Hors intersection,Pluie forte,Trois véhicules et plus - en chaîne,2,3,4,0,1,1,2,3,1,50,,3,1,0,0,2,31.0,36.0,,,5,1,1,3,4
202100001133,2021-10-22 18:00:00,2021,10,22,18,0,33,33192,ROCADE A 630,44.78852,-0.60131,Plein jour,Hors agglomération,Hors intersection,Normale,Autre collision,1,3,6,0,1,1,1,0,1,90,,2,1,0,0,1,21.0,59.0,,,1,1,1,1,6
202100001134,2021-12-29 16:30:00,2021,12,29,16,30,91,91471,RN 118,48.7121,2.18348,Crépuscule ou aube,Hors agglomération,Hors intersection,Pluie légère,Trois véhicules et plus - collisions multiples,2,1,2,0,2,1,2,0,1,90,,4,3,0,0,1,56.0,42.0,,,2,1,1,2,5
202100001135,2021-12-29 10:40:00,2021,12,29,10,40,94,94034,AUTOROUTE A6B,48.75943,2.33795,Plein jour,Hors agglomération,Autre intersection,Pluie légère,Deux véhicules - côté,1,3,4,0,1,1,2,0,1,110,,3,1,0,0,2,34.0,39.0,,,1,1,9,2,3