accident_id,datetime,annee,mois,jour,heure,minute,departement,commune_insee,adresse,latitude,longitude,luminosite,agglomeration,intersection,meteo,collision,catr,circ,nbv,vosp,prof,plan,surf,infra,situ,vma,nb_vehicules,nb_usagers,nb_indemnes,nb_tues,nb_blesses_hosp,nb_blesses_legers,age_cond_1,age_cond_2,veh_type_cond_1,veh_type_cond_2,lum_code,agg_code,int_code,atm_code,col_code
202100001136,2021-12-28 02:30:00,2021,12,28,2,30,91,91136,RD188 PROVINCE / A10 PARIS,48.716137,2.267079,Nuit sans éclairage public,Hors agglomération,Hors intersection,Normale,Sans collision,2,1,1,0,2,3,2,0,2,30,,1,0,0,0,1,20.0,,,,3,1,1,1,7
202100001137,2021-12-28 00:35:00,2021,12,28,0,35,91,91521,RN 104,48.63154,2.40036,Nuit sans éclairage public,Hors agglomération,Hors intersection,Normale,Sans collision,2,1,3,0,1,1,2,9,1,90,,1,0,0,0,1,21.0,,,,3,1,1,1,7
202100001138,2021-12-29 12:35:00,2021,12,29,12,35,92,92072,N118,48.8270146574,2.2242258975,Plein jour,Hors agglomération,Hors intersection,Normale,Autre collision,2,-1,2,0,1,1,1,0,1,90,,1,0,0,0,1,22.0,,,,1,1,1,1,6
202100001139,2021-12-28 14:20:00,2021,12,28,14,20,78,78297,RN12,48.788147,2.066739,Plein jour,Hors agglomération,Hors intersection,Pluie légère,Autre collision,2,3,3,0,1,1,2,0,1,90,,1,0,0,0,1,25.0,,,,1,1,1,2,6
202100001140,2021-12-28 06:10:00,2021,12,28,6,10,78,78238,A13,48.97058,1.88439,Nuit sans éclairage public,Hors agglomération,Hors intersection,Normale,Deux véhicules - arrière,1,3,3,0,1,1,2,0,2,130,,6,0,0,2,4,54.0,24.0,,,3,1,1,1,2
202100001141,2021-12-29 13:45:00,2021,12,29,13,45,93,93027,AUTOROUTE A86,48.92681,2.40337,Plein jour,Hors agglomération,Hors intersection,Pluie légère,Deux véhicules - frontale,1,-1,2,0,3,2,2,2,1,70,,1,0,0,0,1,52.0,,,,1,1,1,2,1
202100001142,2021-12-28 10:40:00,2021,12,28,10,40,93,93010,AUTOROUTE A3,48.9062533918,2.4721405579,Plein jour,Hors agglomération,Hors intersection,Normale,Sans collision,1,3,6,0,1,1,1,0,1,90,,1,0,0,0,1,27.0,,,,1,1,1,1,7
202100001143,2021-12-27 18:30:00,2021,12,27,18,30,95,95582, A15,48.9660426873,2.2575187683,Nuit sans éclairage public,Hors agglomération,Hors intersection,Normale,Deux véhicules - côté,1,3,6,0,1,1,1,0,1,110,,2,1,0,0,1,35.0,27.0,,,3,1,1,1,3
202100001144,2021-12-27 14:50:00,2021,12,27,14,50,95,95018,AUTOROUTE A15,48.9583928081,2.2743201256,Plein jour,Hors agglomération,Hors intersection,Normale,Autre collision,1,3,2,0,1,3,1,0,1,90,,3,0,0,0,3,35.0,,,,1,1,1,1,6
202100001145,2021-12-29 10:35:00,2021,12,29,10,35,94,94017,A4,48.8276543997,2.5065243244,Plein jour,Hors agglomération,Hors intersection,Pluie légère,Deux véhicules - arrière,1,3,4,0,1,1,2,1,1,90,,2,1,0,0,1,24.0,63.0,,,1,1,1,2,2
202100001146,2021-12-28 17:10:00,2021,12,28,17,10,94,94017,A4,48.8291211439,2.4817299843,Plein jour,Hors agglomération,Hors intersection,Normale,Deux véhicules - arrière,1,3,2,0,1,1,1,0,1,90,,2,1,0,1,0,46.0,47.0,,,1,1,1,1,2
202100001147,2021-12-28 09:50:00,2021,12,28,9,50,77,77373,RN104,48.76697,2.61353,Plein jour,Hors agglomération,Hors intersection,Normale,Deux véhicules - arrière,2,3,4,0,1,1,2,0,1,110,,2,1,0,0,1,34.0,46.0,,,1,1,1,1,2
202100001148,2021-07-31 05:40:00,2021,7,31,5,40,64,64122,LONDRES (AVENUE DE),43.47863,-1.56376,Nuit avec éclairage allumé,En agglomération,Hors intersection,Pluie légère,Autre collision,4,1,2,0,1,1,2,0,4,50,,5,4,0,0,1,21.0,,,,5,2,1,2,6
202100001149,2021-10-27 13:25:00,2021,10,27,13,25,54,54395,CHARLES III (RUE),48.68606,6.18291,Plein jour,En agglomération,Hors intersection,Normale,Deux véhicules - arrière,4,1,2,1,1,1,1,1,1,30,,2,1,0,0,1,33.0,16.0,,,1,2,1,1,2
202100001150,2021-10-15 21:20:00,2021,10,15,21,20,92,92004,MARNE   ( AVENUE DE LA ),48.9086965855,2.2850027692,Nuit avec éclairage allumé,En agglomération,Hors intersection,Normale,Deux véhicules - côté,3,3,2,0,1,1,1,0,1,50,,3,1,0,0,2,55.0,18.0,,,5,2,1,1,3
202100001151,2021-12-27 14:30:00,2021,12,27,14,30,974,97416,ANCIENNE RN 1,-21.3134910455,55.4386746883,Plein jour,Hors agglomération,Hors intersection,Normale,Deux véhicules - côté,2,2,2,0,1,1,1,0,1,70,,2,1,0,0,1,33.0,58.0,,,1,1,1,1,3
202100001152,2021-12-26 19:50:00,2021,12,26,19,50,974,97409,ILE DE FRANCE(AVENUE),-20.95204,55.64886,Nuit avec éclairage allumé,En agglomération,Intersection en X,Temps couvert,Deux véhicules - côté,2,2,2,0,2,1,1,2,1,50,,3,1,0,1,1,15.0,,,,5,2,2,8,3
202100001153,2021-12-27 02:00:00,2021,12,27,2,0,973,97302,MANGO (ROUTE),4.92959,-52.31512,Nuit avec éclairage allumé,En agglomération,Intersection en X,Normale,Deux véhicules - côté,3,2,2,0,1,1,1,0,1,50,,3,1,0,0,2,28.0,43.0,,,5,2,2,1,3
202100001154,2021-12-26 19:30:00,2021,12,26,19,30,973,97302,MONTABO (ROUTE DE) 1,4.9412687438,-52.3031281829,Nuit avec éclairage allumé,En agglomération,Hors intersection,Pluie légère,Autre collision,3,2,2,2,1,2,2,0,1,50,,4,2,0,1,1,25.0,33.0,,,5,2,1,2,6
202100001155,2021-12-26 02:02:00,2021,12,26,2,2,973,97302,CATAYEE (JUSTIN),4.92602,-52.32431,Nuit avec éclairage allumé,En agglomération,Hors intersection,Pluie forte,Deux véhicules - arrière,3,2,2,0,1,3,2,8,1,50,,3,1,0,0,2,18.0,,,,5,2,1,3,2
202100001156,2021-12-27 22:30:00,2021,12,27,22,30,69,69386,FRANKLIN ROOSEVELT (CR),45.7693614549,4.8503673077,Nuit avec éclairage allumé,En agglomération,Intersection en X,Pluie légère,Deux véhicules - côté,4,1,2,2,1,1,2,9,1,50,,2,1,0,0,1,54.0,28.0,,,5,2,2,2,3
202100001157,2021-12-27 09:30:00,2021,12,27,9,30,69,69259,HONORE DE BALZAC (R),45.7182804698,4.8593473434,Plein jour,En agglomération,Intersection en X,Pluie légère,Deux véhicules - côté,4,2,2,0,1,1,2,0,1,50,,2,1,0,0,1,66.0,57.0,,,1,2,2,2,3
202100001158,2021-12-26 20:55:00,2021,12,26,20,55,972,97213,ROUTE DEPARTEMENTALE 14,14.621758,-61.019147,Nuit avec éclairage allumé,Hors agglomération,Hors intersection,Normale,Autre collision,3,2,2,0,2,1,1,0,1,50,,2,1,0,0,1,63.0,,,,5,1,1,1,6
202100001159,2021-12-27 21:12:00,2021,12,27,21,12,972,97209,BISHOP (Avenue Maurice),14.61108,-61.05421,Nuit avec éclairage non allumé,En agglomération,Hors intersection,Normale,Autre collision,4,2,2,3,1,1,1,0,1,30,,1,0,0,0,1,24.0,,,,4,2,1,1,6
202100001160,2021-12-26 20:30:00,2021,12,26,20,30,69,69385,JOLIOT CURIE (R),45.7543617389,4.7838056087,Nuit avec éclairage allumé,En agglomération,Hors intersection,Pluie légère,Sans collision,4,2,2,0,2,1,2,0,1,50,,1,0,0,0,1,19.0,,,,5,2,1,2,7
202100001161,2021-12-27 09:45:00,2021,12,27,9,45,69,69149,GRANDE RUE (GR),45.71411,4.80628,Plein jour,En agglomération,Intersection en T,Pluie légère,Autre collision,7,2,2,0,1,1,2,0,1,50,,2,1,0,0,1,19.0,,,,1,2,3,2,6
202100001162,2021-12-26 09:12:00,2021,12,26,9,12,91,91471,FERME (RUE DE LA),48.684958,2.182663,Plein jour,En agglomération,Giratoire,Normale,Deux véhicules - côté,4,2,1,0,1,2,2,5,8,50,,2,0,0,0,2,67.0,35.0,,,1,2,6,1,3
202100001163,2021-12-26 18:07:00,2021,12,26,18,7,91,91477,HUIT MAI 1945 (AVENUE DU),48.70766,2.2406,Nuit avec éclairage allumé,En agglomération,Hors intersection,Pluie légère,Autre collision,3,2,2,0,2,1,2,0,1,50,,2,1,0,0,1,61.0,,,,5,2,1,2,6
202100001164,2021-12-27 22:30:00,2021,12,27,22,30,90,90010,RABIN (PLACE YITZHAK),47.641923,6.857134,Nuit avec éclairage allumé,En agglomération,Intersection en X,Pluie légère,Deux véhicules - côté,4,-1,2,0,1,1,1,0,1,50,,3,2,0,0,1,22.0,18.0,,,5,2,2,2,3
202100001165,2021-12-27 07:10:00,2021,12,27,7,10,86,86157,N147,46.553125,0.399998,Nuit avec éclairage allumé,Hors agglomération,Giratoire,Pluie légère,Deux véhicules - côté,2,1,3,0,1,1,2,9,1,50,,2,1,0,0,1,33.0,50.0,,,5,1,6,2,3
202100001166,2021-12-23 11:10:00,2021,12,23,11,10,80,80261,RD 1001,49.84856,2.27188,Plein jour,Hors agglomération,Hors intersection,Autre,Deux véhicules - frontale,3,2,2,0,2,3,7,0,1,80,,2,0,0,0,2,57.0,18.0,,,1,1,1,9,1
202100001167,2021-11-24 16:40:00,2021,11,24,16,40,78,78646,PARIS (AVENUE DE),48.799265,2.140782,Plein jour,En agglomération,Hors intersection,Normale,Autre collision,3,2,2,0,1,1,1,0,1,50,,2,1,1,0,0,18.0,,,,1,2,1,1,6
202100001168,2021-12-27 06:35:00,2021,12,27,6,35,77,77108,BD CHILPERIC,48.87476,2.5843,Nuit avec éclairage allumé,En agglomération,Hors intersection,Pluie légère,Autre collision,4,4,1,0,1,3,2,9,8,10,,2,1,1,0,0,44.0,,,,5,2,1,2,6
202100001169,2021-12-27 17:45:00,2021,12,27,17,45,76,76217,DUMAS (ALEXANDRE),49.93526,1.10875,Nuit avec éclairage allumé,En agglomération,Hors intersection,Normale,Deux véhicules - frontale,3,2,2,0,1,1,1,0,1,50,,2,1,0,0,1,19.0,53.0,,,5,2,1,1,1
202100001170,2021-12-11 14:15:00,2021,12,11,14,15,71,71306,REPUBLIQUE (RUE DE LA),46.67637,4.36528,Plein jour,En agglomération,Hors intersection,Normale,Sans collision,4,2,2,0,1,1,1,0,1,50,,1,0,0,0,1,16.0,,,,1,2,1,1,7
202100001171,2021-12-27 11:00:00,2021,12,27,11,0,69,69266,ANTONIN PERRIN (R),45.7549057502,4.8855873942,Plein jour,En agglomération,Intersection en T,Pluie forte,Deux véhicules - côté,4,2,2,3,1,1,2,0,1,50,,2,1,0,0,1,53.0,33.0,,,1,2,3,3,3
202100001172,2021-12-26 22:30:00,2021,12,26,22,30,69,69290,ARISTIDE BRIAND (R)             (R ),45.69627,4.92609,Nuit avec éclairage allumé,En agglomération,Intersection en X,Pluie légère,Deux véhicules - côté,7,2,5,0,1,1,2,0,1,50,,3,2,0,0,1,30.0,58.0,,,5,2,2,2,3
202100001173,2021-12-27 20:22:00,2021,12,27,20,22,68,68066,POUDRIERE (RUE DE LA),48.08544,7.33087,Nuit avec éclairage allumé,En agglomération,Hors intersection,Pluie légère,Autre collision,4,2,2,1,1,1,2,0,1,30,,2,1,1,0,0,62.0,,,,5,2,1,2,6
202100001174,2021-12-26 14:45:00,2021,12,26,14,45,67,67482,CLEMENCEAU (BOULEVARD),48.59195,7.75296,Plein jour,En agglomération,Intersection en T,Pluie forte,Deux véhicules - côté,4,3,2,3,1,1,2,0,1,50,,5,2,0,0,3,33.0,53.0,,,1,2,3,3,3
202100001175,2021-12-25 01:30:00,2021,12,25,1,30,67,67267,SCHUMANN (AVENUE),48.56384,7.68949,Nuit avec éclairage non allumé,En agglomération,Intersection en T,Pluie légère,Deux véhicules - côté,7,2,2,0,1,1,2,0,1,50,,3,2,0,0,1,74.0,22.0,,,4,2,3,2,3
202100001176,2021-12-24 18:10:00,2021,12,24,18,10,67,67204,REPUBLIQUE (RUE DE LA),48.62371,7.75487,Nuit avec éclairage allumé,En agglomération,Hors intersection,Pluie légère,Autre collision,7,2,3,3,1,1,2,0,1,50,,2,1,0,1,0,79.0,,,,5,2,1,2,6
202100001177,2021-12-24 02:35:00,2021,12,24,2,35,67,67482,OBERHAUSBERGEN (ROUTE D ),48.595,7.71012,Nuit avec éclairage allumé,En agglomération,Intersection en T,Normale,Deux véhicules - côté,4,2,2,0,1,1,1,0,1,50,,2,0,0,0,2,41.0,45.0,,,5,2,3,1,3
202100001178,2021-12-25 16:41:00,2021,12,25,16,41,66,66136,MASSOT (PAUL),42.6963,2.8836,Plein jour,En agglomération,Intersection en T,Normale,Deux véhicules - côté,4,2,2,0,2,1,1,0,1,30,,2,1,0,0,1,69.0,49.0,,,1,2,3,1,3
202100001179,2021-11-14 14:55:00,2021,11,14,14,55,64,64445,JEAN BIRAY,43.2924194061,-0.371721983,Plein jour,En agglomération,Hors intersection,Pluie légère,Sans collision,4,2,2,0,1,4,2,0,1,50,,1,0,0,0,1,15.0,,,,1,2,1,2,7
202100001180,2021-12-20 07:23:00,2021,12,20,7,23,63,63193,RD 769,45.77267,3.21766,Nuit sans éclairage public,Hors agglomération,Hors intersection,Pluie légère,Deux véhicules - frontale,7,2,3,0,2,3,2,0,1,80,,2,1,1,0,0,69.0,29.0,,,3,1,1,2,1
202100001181,2021-12-24 17:14:00,2021,12,24,17,14,60,60159,Rd 973,49.40289,2.85061,Crépuscule ou aube,Hors agglomération,Hors intersection,Temps couvert,Deux véhicules - côté,3,2,2,0,1,1,1,0,1,80,,2,1,0,0,1,46.0,37.0,,,2,1,1,8,3
202100001182,2021-12-27 17:30:00,2021,12,27,17,30,59,59017,BLUM  (AVENUE LEON),50.698958,2.888338,Nuit avec éclairage allumé,En agglomération,Hors intersection,Pluie légère,Autre collision,4,2,2,1,1,1,2,0,1,50,,3,2,0,1,0,22.0,,,,5,2,1,2,6
202100001183,2021-12-26 15:30:00,2021,12,26,15,30,56,56121,COSMAO-DUMANOIR ( BD ),47.75319,-3.37391,Plein jour,En agglomération,Hors intersection,Normale,Autre collision,4,2,2,0,1,1,2,0,1,30,,2,0,0,0,2,26.0,,,,1,2,1,1,6
202100001184,2021-12-25 22:23:00,2021,12,25,22,23,56,56121,FAOUEDIC ( AVE DU ),47.746938,-3.366043,Nuit avec éclairage allumé,En agglomération,Giratoire,Normale,Deux véhicules - côté,4,3,2,3,1,1,1,5,1,30,,3,2,0,0,1,56.0,20.0,,,5,2,6,1,3
202100001185,2021-12-27 16:26:00,2021,12,27,16,26,54,54304,RESISTANCE (AV. DE LA -PAIR-),48.6945062069,6.1287982466,Plein jour,En agglomération,Hors intersection,Pluie légère,Deux véhicules - côté,4,2,4,0,1,1,2,0,1,50,,2,0,0,0,2,90.0,51.0,,,1,2,1,2,3
202100001186,2021-12-23 20:30:00,2021,12,23,20,30,54,54339,MATHIEU DE DOMBASLE (RUE),48.72495,6.17957,Nuit avec éclairage allumé,En agglomération,Hors intersection,Normale,Deux véhicules - côté,4,2,2,0,1,2,1,0,1,50,,3,2,0,0,1,27.0,49.0,,,5,2,1,1,3
202100001187,2021-12-23 19:36:00,2021,12,23,19,36,49,49007,TARDAT,47.45031,-0.5527,Nuit avec éclairage allumé,En agglomération,Hors intersection,Normale,Deux véhicules - côté,4,2,3,0,1,1,1,0,1,50,,3,0,0,0,3,22.0,22.0,,,5,2,1,1,3
202100001188,2021-12-20 08:00:00,2021,12,20,8,0,41,41018,Berthonneau (rue Jules),47.607307,1.302525,Nuit avec éclairage allumé,En agglomération,Hors intersection,Temps couvert,Deux véhicules - côté,4,2,2,0,1,1,1,0,1,50,,2,1,0,0,1,56.0,57.0,,,5,2,1,8,3
202100001189,2021-12-27 12:30:00,2021,12,27,12,30,37,37261,MALRAUX (QUAI ANDRE),47.39754,0.69946,Plein jour,En agglomération,Intersection en X,Normale,Deux véhicules - côté,4,2,4,0,1,1,2,0,1,50,,3,2,0,0,1,24.0,24.0,,,1,2,2,1,3
202100001190,2021-12-13 12:49:00,2021,12,13,12,49,36,36044,110 Avenue de Verdun,46.804412,1.695034,Plein jour,En agglomération,Hors intersection,Normale,Autre collision,4,1,1,0,1,1,1,0,1,50,,1,0,0,1,0,83.0,,,,1,2,1,1,6
202100001191,2021-12-21 17:15:00,2021,12,21,17,15,36,36044,Boulevard George Sand,46.80706,1.68788,Crépuscule ou aube,En agglomération,Giratoire,Normale,Sans collision,4,-1,2,0,1,1,1,0,1,50,,1,0,0,0,1,58.0,,,,2,2,6,1,7
202100001192,2021-12-27 11:40:00,2021,12,27,11,40,35,35024,D29,48.15525,-1.62529,Plein jour,En agglomération,Giratoire,Normale,Sans collision,7,-1,1,0,1,3,2,0,1,50,,1,0,0,0,1,55.0,,,,1,2,6,1,7
202100001193,2021-12-27 11:15:00,2021,12,27,11,15,22,22187,RN12,48.536,-2.7601,Plein jour,En agglomération,Hors intersection,Normale,Trois véhicules et plus - collisions multiples,2,2,4,0,1,1,1,0,1,90,,5,2,0,0,3,27.0,74.0,,,1,2,1,1,5
202100001194,2021-12-26 16:35:00,2021,12,26,16,35,19,19272,Bastille (Av),45.2739502357,1.7730045319,Plein jour,En agglomération,Hors intersection,Pluie légère,Autre collision,4,1,1,0,1,3,2,5,1,30,,1,0,0,0,1,51.0,,,,1,2,1,2,6
202100001195,2021-12-24 17:49:00,2021,12,24,17,49,18,18050,DE L'EUROPE (AVENUE),47.053,2.316,Nuit sans éclairage public,Hors agglomération,Hors intersection,Normale,Deux véhicules - côté,3,2,2,0,1,2,2,0,1,80,,4,0,0,1,3,34.0,40.0,,,3,1,1,1,3
202100001196,2021-12-27 20:25:00,2021,12,27,20,25,17,17200,05 PK RN237 MOULIN JUSTICE RE,46.17485,-1.17247,Nuit sans éclairage public,Hors agglomération,Hors intersection,Pluie forte,Deux véhicules - arrière,2,3,4,0,1,1,2,0,1,90,,5,2,0,0,3,55.0,25.0,,,3,1,1,3,2
202100001197,2021-12-23 18:20:00,2021,12,23,18,20,17,17449,D137,45.950552,-0.8694,Plein jour,Hors agglomération,Hors intersection,Temps couvert,Trois véhicules et plus - collisions multiples,3,2,2,-1,1,1,1,0,1,80,,3,1,0,1,1,44.0,36.0,,,1,1,1,8,5
202100001198,2021-12-26 21:10:00,2021,12,26,21,10,13,13206,LOUIS SALVATOR (BOULEVARD),43.29119,5.3827,Nuit avec éclairage allumé,En agglomération,Intersection en T,Normale,Deux véhicules - frontale,4,2,4,0,2,1,1,0,1,50,,3,2,0,0,1,38.0,20.0,,,5,2,3,1,1
202100001199,2021-12-25 23:15:00,2021,12,25,23,15,13,13098,D.5,43.45015,5.01474,Nuit sans éclairage public,Hors agglomération,Hors intersection,Normale,Deux véhicules - frontale,7,3,4,0,2,1,1,0,1,90,,3,2,1,0,0,45.0,78.0,,,3,1,1,1,1
202100001200,2021-12-27 17:35:00,2021,12,27,17,35,13,13001,DE LATTRE DE TASSIGNY (AV),43.53436,5.43621,Nuit avec éclairage allumé,En agglomération,Autre intersection,Pluie légère,Deux véhicules - côté,4,4,3,0,2,1,2,0,1,50,,2,0,0,2,0,62.0,19.0,,,5,2,9,2,3
202100001201,2021-12-26 16:05:00,2021,12,26,16,5,11,11069,ROCADE NORD - RD 6113,43.23351,2.36871,Plein jour,Hors agglomération,Hors intersection,Normale,Sans collision,3,2,2,0,1,1,1,0,1,70,,1,0,0,0,1,20.0,,,,1,1,1,1,7
202100001202,2021-12-27 16:55:00,2021,12,27,16,55,10,10387,GEORGES POMPIDOU (RUE),48.29913,4.09633,Nuit avec éclairage allumé,En agglomération,Hors intersection,Temps éblouissant,Sans collision,4,3,4,0,1,1,2,0,1,70,,1,0,0,0,1,15.0,,,,5,2,1,7,7
202100001203,2021-12-27 14:20:00,2021,12,27,14,20,06,06088,DIABLES BLEUS (AV. DES),43.70832,7.29091,Plein jour,En agglomération,Hors intersection,Pluie légère,Autre collision,4,2,2,0,1,1,2,0,1,50,,2,1,0,0,1,42.0,,,,1,2,1,2,6
202100001204,2021-12-24 18:11:00,2021,12,24,18,11,05,05061,PRE DE FOIRE ( RUE DU ),44.55492,6.07456,Nuit avec éclairage allumé,En agglomération,Intersection en T,Pluie légère,Autre collision,4,2,3,0,2,1,2,0,5,50,,2,1,0,0,1,47.0,19.0,,,5,2,3,2,6
202100001205,2021-12-27 19:00:00,2021,12,27,19,0,75,75120,RUE DES ORTEAUX,48.856133,2.405505,Nuit avec éclairage allumé,En agglomération,Intersection en X,Pluie légère,Deux véhicules - arrière,4,1,1,0,2,1,2,0,1,30,,2,1,0,0,1,22.0,25.0,,,5,2,2,2,2
202100001206,2021-12-27 16:10:00,2021,12,27,16,10,75,75119,AVENUE JEAN JAURES,48.882797,2.370264,Plein jour,En agglomération,Intersection en X,Pluie légère,Trois véhicules et plus - en chaîne,4,3,2,0,1,1,2,0,1,30,,3,2,0,0,1,51.0,38.0,,,1,2,2,2,4
202100001207,2021-12-26 13:20:00,2021,12,26,13,20,75,75115,PONT DU GARIGLIANO,48.838864,2.269382,Plein jour,En agglomération,Intersection en X,Normale,Deux véhicules - côté,4,1,2,0,1,1,2,0,1,30,,2,1,0,0,1,24.0,35.0,,,1,2,2,1,3
202100001208,2021-12-26 23:53:00,2021,12,26,23,53,75,75112,RUE DE REUILLY,48.840996,2.394101,Nuit avec éclairage allumé,En agglomération,Intersection en T,Pluie légère,Deux véhicules - côté,4,2,2,0,1,1,2,0,1,30,,2,1,0,0,1,27.0,51.0,,,5,2,3,2,3
202100001209,2021-12-27 20:10:00,2021,12,27,20,10,75,75111,AVENUE PARMENTIER,48.861154,2.377846,Nuit avec éclairage allumé,En agglomération,Intersection en T,Normale,Autre collision,4,2,2,0,1,1,1,0,1,30,,1,0,0,0,1,22.0,,,,5,2,3,1,6
202100001210,2021-12-27 14:55:00,2021,12,27,14,55,75,75109,RUE GLUCK,48.872624,2.332096,Plein jour,En agglomération,Hors intersection,Normale,Autre collision,4,1,1,0,1,1,1,0,1,30,,3,2,0,0,1,38.0,31.0,,,1,2,1,1,6
202100001211,2021-12-27 16:15:00,2021,12,27,16,15,75,75104,RUE DU PONT LOUIS PHILIPPE,48.856285,2.356599,Plein jour,En agglomération,Intersection en X,Normale,Deux véhicules - côté,4,3,2,1,1,1,1,-1,5,30,,3,2,0,0,1,29.0,19.0,,,1,2,2,1,3
202100001212,2021-12-27 14:00:00,2021,12,27,14,0,94,94068,RIMINI (PL DE),48.7941,2.49621,Plein jour,En agglomération,Place,Pluie légère,Sans collision,3,4,2,0,1,2,2,5,1,30,,1,0,0,0,1,22.0,,,,1,2,7,2,7
202100001213,2021-12-27 17:40:00,2021,12,27,17,40,94,94037,RASPAIL (AV),48.81422,2.349505,Nuit avec éclairage allumé,En agglomération,Autre intersection,Pluie légère,Deux véhicules - côté,3,2,2,0,2,1,2,6,1,20,,2,1,0,0,1,,60.0,,,5,2,9,2,3
202100001214,2021-12-27 14:25:00,2021,12,27,14,25,94,94069,avenue des Canadiens,48.817936,2.4605,Plein jour,En agglomération,Hors intersection,Normale,Autre collision,3,1,0,0,3,3,2,9,1,50,,1,0,0,0,1,28.0,,,,1,2,1,1,6
202100001215,2021-12-27 18:20:00,2021,12,27,18,20,93,93078,NATIONS (AVENUE DES),48.97463,2.51415,Nuit avec éclairage allumé,En agglomération,Autre intersection,Temps couvert,Deux véhicules - côté,4,2,2,3,1,1,1,0,1,30,,7,2,0,0,5,37.0,36.0,,,5,2,9,8,3
202100001216,2021-12-27 16:00:00,2021,12,27,16,0,93,93055,JEAN LOLIVE (AVENUE)(137/FIN ET 134/FIN),48.8932843803,2.4131453692,Plein jour,En agglomération,Hors intersection,Temps couvert,Deux véhicules - côté,3,-1,4,3,1,1,2,0,6,50,,2,1,0,0,1,41.0,35.0,,,1,2,1,8,3
202100001217,2021-12-27 14:00:00,2021,12,27,14,0,92,92063,COLMAR (AVENUE DE),48.8867062875,2.1713407338,Plein jour,En agglomération,Hors intersection,Normale,Deux véhicules - arrière,3,1,1,0,1,1,2,0,1,50,,2,1,0,0,1,21.0,70.0,,,1,2,1,1,2
202100001218,2021-12-27 19:18:00,2021,12,27,19,18,92,92050,LIBERTE AVENUE DE LA,48.8879238117,2.2081969678,Nuit avec éclairage allumé,En agglomération,Hors intersection,Normale,Deux véhicules - côté,4,2,2,0,1,1,2,0,1,50,,2,1,0,0,1,17.0,45.0,,,5,2,1,1,3
202100001219,2021-12-26 07:32:00,2021,12,26,7,32,92,92050,NATIONAL BOULEVARD,48.8884946338,2.1839793026,Crépuscule ou aube,En agglomération,Autre intersection,Pluie légère,Deux véhicules - côté,3,2,2,0,1,1,2,0,1,30,,3,2,0,0,1,61.0,45.0,,,2,2,9,2,3
202100001220,2021-12-25 08:55:00,2021,12,25,8,55,92,92036,GRESILLONS (AVENUE DES) (1/45),48.9173391926,2.3074601591,Plein jour,En agglomération,Intersection en X,Normale,Deux véhicules - arrière,3,2,2,0,1,1,1,0,1,50,,3,0,0,2,0,22.0,,,,1,2,2,1,2
202100001221,2021-12-25 21:00:00,2021,12,25,21,0,92,92036,PIERRE DE COUBERTIN (BOULEVARD) (PORT ->,48.9358237463,2.2797220945,Nuit avec éclairage allumé,En agglomération,Intersection en T,Normale,Deux véhicules - côté,1,2,4,0,1,1,1,3,1,50,,2,0,0,0,2,35.0,19.0,,,5,2,3,1,3
202100001222,2021-12-27 00:56:00,2021,12,27,0,56,92,92024,MARTRE DE (4 A 54),48.9009178188,2.3080489039,Nuit avec éclairage allumé,En agglomération,Intersection en X,Pluie forte,Deux véhicules - côté,3,1,3,1,1,1,2,0,1,50,,2,1,0,0,1,,24.0,,,5,2,2,3,3
202100001223,2021-12-26 14:55:00,2021,12,26,14,55,92,92002,GENERAL DE GAULLE (PLACE DU),48.76346,2.30876,Plein jour,En agglomération,Place,Pluie légère,Trois véhicules et plus - en chaîne,3,1,4,1,1,1,2,0,1,50,,3,2,0,0,1,46.0,51.0,,,1,2,7,2,4
202100001224,2021-12-29 11:20:00,2021,12,29,11,20,22,22172,1 Rue de l Abbaye,48.521042,-2.23097,Plein jour,En agglomération,Giratoire,Temps couvert,Autre collision,3,2,2,0,4,1,2,0,1,50,,2,1,1,0,0,40.0,,,,1,2,6,8,6
202100001225,2021-12-28 09:00:00,2021,12,28,9,0,42,42294,Route de Pradines,46.016098,4.110603,Plein jour,Hors agglomération,Intersection en Y,Temps couvert,Deux véhicules - frontale,3,2,2,0,2,2,2,0,1,80,,2,1,0,1,0,22.0,36.0,,,1,1,4,8,1
202100001226,2021-12-28 12:30:00,2021,12,28,12,30,972,97231,L Anse à l Âne,14.538474,-61.063669,Plein jour,En agglomération,Hors intersection,Normale,Deux véhicules - frontale,3,2,2,0,1,3,1,0,1,50,,3,1,1,0,1,33.0,67.0,,,1,2,1,1,1
202100001227,2021-12-29 07:04:00,2021,12,29,7,4,54,54067,D18,49.4294540449,5.6862241012,Crépuscule ou aube,Hors agglomération,Intersection en X,Pluie légère,Autre collision,3,2,2,0,1,1,2,9,8,80,,2,0,0,1,1,36.0,,,,2,1,2,2,6
202100001228,2021-12-28 18:40:00,2021,12,28,18,40,71,71249,A6,46.657279,4.856343,Nuit avec éclairage non allumé,Hors agglomération,Hors intersection,Pluie légère,Deux véhicules - côté,1,3,5,0,1,1,2,0,1,130,,6,5,0,0,1,39.0,,,,4,1,1,2,3