accident_id,datetime,annee,mois,jour,heure,minute,departement,commune_insee,adresse,latitude,longitude,luminosite,agglomeration,intersection,meteo,collision,catr,circ,nbv,vosp,prof,plan,surf,infra,situ,vma,nb_vehicules,nb_usagers,nb_indemnes,nb_tues,nb_blesses_hosp,nb_blesses_legers,age_cond_1,age_cond_2,veh_type_cond_1,veh_type_cond_2,lum_code,agg_code,int_code,atm_code,col_code
202100001229,2021-12-27 17:25:00,2021,12,27,17,25,71,71194,D906,46.836229,4.819618,Nuit sans éclairage public,Hors agglomération,Hors intersection,Pluie légère,Deux véhicules - côté,3,2,3,0,1,1,2,0,1,90,,3,2,0,1,0,63.0,77.0,,,3,1,1,2,3
202100001230,2021-12-24 14:40:00,2021,12,24,14,40,41,41231,D105,47.499561,1.989555,Plein jour,Hors agglomération,Intersection en X,Normale,Deux véhicules - côté,3,2,2,0,1,1,1,0,1,80,,2,1,0,1,0,30.0,28.0,,,1,1,2,1,3
202100001231,2021-12-28 23:30:00,2021,12,28,23,30,29,29294,Lieu-Dit Kerdespez,48.4044486579,-4.1437768937,Nuit sans éclairage public,Hors agglomération,Hors intersection,Pluie légère,Autre collision,4,2,2,0,1,2,2,0,3,80,,1,0,0,1,0,67.0,,,,3,1,1,2,6
202100001232,2021-12-28 18:15:00,2021,12,28,18,15,34,34245,D612,43.422402,2.946307,Nuit avec éclairage allumé,En agglomération,Intersection en X,Autre,Deux véhicules - frontale,3,2,2,0,1,1,1,0,1,50,,2,1,0,1,0,41.0,17.0,,,5,2,2,9,1
202100001233,2021-12-29 14:20:00,2021,12,29,14,20,22,22074,23 Rue du Relais,48.333591,-3.026015,Plein jour,En agglomération,Hors intersection,Pluie légère,Autre collision,3,2,2,0,1,2,2,0,3,50,,1,0,0,1,0,43.0,,,,1,2,1,2,6
202100001234,2021-12-28 20:00:00,2021,12,28,20,0,01,01332,1855 Grande Rue,46.303378,4.925421,Nuit sans éclairage public,Hors agglomération,Intersection en X,Pluie forte,Deux véhicules - côté,3,2,2,0,4,1,2,0,1,80,,3,1,0,0,2,40.0,16.0,,,3,1,2,3,3
202100001235,2021-12-28 19:00:00,2021,12,28,19,0,90,90063,20 Rue sous les Roches,47.490645,6.9793,Nuit sans éclairage public,En agglomération,Hors intersection,Pluie légère,Autre collision,3,2,2,0,1,1,2,0,1,50,,3,2,0,1,0,54.0,,,,3,2,1,2,6
202100001236,2021-12-29 15:30:00,2021,12,29,15,30,90,90070,D39 / D50,47.461363,6.930565,Plein jour,Hors agglomération,Intersection en Y,Pluie légère,Deux véhicules - frontale,3,2,2,0,1,2,2,0,1,80,,5,1,0,1,3,28.0,30.0,,,1,1,4,2,1
202100001237,2021-12-29 18:10:00,2021,12,29,18,10,48,48080,Avenue Jules Conturie,44.724767,3.853332,Nuit avec éclairage allumé,En agglomération,Hors intersection,Normale,Autre collision,2,2,2,0,1,1,1,0,1,50,,2,1,0,1,0,60.0,,,,5,2,1,1,6
202100001238,2021-11-04 01:40:00,2021,11,4,1,40,31,31091,A62 pk 217.800,43.716302,1.401975,Nuit sans éclairage public,Hors agglomération,Autre intersection,Normale,Deux véhicules - arrière,1,1,3,0,1,1,1,0,1,130,,2,1,0,0,1,39.0,,,,3,1,9,1,2
202100001239,2021-12-26 14:40:00,2021,12,26,14,40,22,22246,ROUTE NATIONALE 12 PR 045+900,48.476563,-2.60818,Plein jour,Hors agglomération,Autre intersection,Normale,Deux véhicules - arrière,2,1,4,0,1,1,1,3,1,110,,6,5,0,1,0,33.0,51.0,,,1,1,9,1,2
202100001240,2021-12-28 20:55:00,2021,12,28,20,55,77,77534,D619,48.6350909062,2.7452921808,Nuit sans éclairage public,Hors agglomération,Hors intersection,Normale,Deux véhicules - frontale,3,2,2,0,1,1,1,0,1,90,,3,1,1,1,0,32.0,26.0,,,3,1,1,1,1
202100001241,2021-12-27 17:45:00,2021,12,27,17,45,91,91156,Route d Arpajon,48.550578,2.277448,Nuit avec éclairage allumé,En agglomération,Hors intersection,Normale,Deux véhicules - côté,3,2,2,0,1,1,1,0,8,30,,2,1,0,0,1,58.0,12.0,,,5,2,1,1,3
202100001242,2021-12-29 14:30:00,2021,12,29,14,30,13,13014,Avenue Joliot Curie,43.481251,5.176136,Plein jour,En agglomération,Intersection en T,Normale,Deux véhicules - côté,7,3,2,2,1,1,1,5,1,30,,2,1,0,0,1,70.0,17.0,,,1,2,3,1,3
202100001243,2021-12-28 19:20:00,2021,12,28,19,20,38,38449,Route d Heyrieux,45.63972,5.088419,Nuit sans éclairage public,Hors agglomération,Hors intersection,Pluie légère,Deux véhicules - frontale,3,-1,2,0,2,1,2,0,1,80,,2,1,0,0,1,18.0,38.0,,,3,1,1,2,1
202100001244,2021-12-27 14:25:00,2021,12,27,14,25,69,69268,GENERAL BROSSET (DU) (AV),45.653257,4.750939,Plein jour,Hors agglomération,Intersection en T,Pluie légère,Deux véhicules - frontale,3,2,2,0,1,3,2,0,8,50,,3,2,0,1,0,47.0,,,,1,1,3,2,1
202100001245,2021-12-22 15:45:00,2021,12,22,15,45,79,79049,,46.869918,-0.382268,Plein jour,Hors agglomération,Hors intersection,Brouillard / fumée,Deux véhicules - frontale,3,2,2,0,1,1,1,0,1,80,,2,1,1,0,0,57.0,62.0,,,1,1,1,5,1
202100001246,2021-12-28 19:50:00,2021,12,28,19,50,33,33425,,45.054235,-0.475706,Nuit sans éclairage public,Hors agglomération,Hors intersection,Pluie légère,Trois véhicules et plus - collisions multiples,3,2,2,0,1,1,2,0,1,80,,5,4,0,1,0,58.0,61.0,,,3,1,1,2,5
202100001247,2021-12-23 15:55:00,2021,12,23,15,55,60,60446,N2,49.12919,2.793081,Plein jour,Hors agglomération,Hors intersection,Temps couvert,Sans collision,2,3,4,0,1,1,1,0,8,110,,4,3,0,1,0,30.0,,,,1,1,1,8,7
202100001248,2021-12-23 19:05:00,2021,12,23,19,5,83,83069,RN98,43.113342,6.12497,Nuit avec éclairage allumé,Hors agglomération,Hors intersection,Normale,Deux véhicules - arrière,2,3,4,0,1,1,1,0,1,50,,2,1,0,0,1,65.0,26.0,,,5,1,1,1,2
202100001249,2021-12-27 18:40:00,2021,12,27,18,40,33,33249,ROCADE A 630,44.885,-0.51139,Nuit avec éclairage allumé,Hors agglomération,Hors intersection,Pluie légère,Autre collision,1,3,2,0,2,2,2,3,1,50,,1,0,0,0,1,35.0,,,,5,1,1,2,6
202100001250,2021-12-27 11:50:00,2021,12,27,11,50,91,91228,AUTOROUTE A6,48.61839,2.42753,Plein jour,Hors agglomération,Hors intersection,Pluie légère,Deux véhicules - arrière,1,1,3,0,1,1,1,0,1,110,,2,1,0,0,1,27.0,36.0,,,1,1,1,2,2
202100001251,2021-12-27 10:45:00,2021,12,27,10,45,91,91645,N385,48.7598784006,2.2696311721,Plein jour,Hors agglomération,Hors intersection,Pluie légère,Deux véhicules - arrière,2,1,3,0,2,1,2,0,1,90,,2,1,0,0,1,34.0,32.0,,,1,1,1,2,2
202100001252,2021-12-27 11:35:00,2021,12,27,11,35,78,78423,A12 W,48.793494,2.040672,Plein jour,Hors agglomération,Hors intersection,Pluie légère,Autre collision,1,3,1,0,2,3,2,0,1,70,,1,0,0,0,1,23.0,,,,1,1,1,2,6
202100001253,2021-12-27 10:30:00,2021,12,27,10,30,78,78524,A13,48.840131,2.111703,Plein jour,Hors agglomération,Autre intersection,Pluie légère,Autre collision,1,1,1,0,1,3,2,0,1,50,,1,0,0,0,1,49.0,,,,1,1,9,2,6
202100001254,2021-12-27 04:00:00,2021,12,27,4,0,92,92064,A13,48.8475688239,2.224608293,Nuit avec éclairage allumé,Hors agglomération,Hors intersection,Pluie légère,Autre collision,1,1,2,0,1,1,2,2,1,70,,2,0,0,0,2,25.0,,,,5,1,1,2,6
202100001255,2021-12-26 23:30:00,2021,12,26,23,30,92,92036,A86,48.9341712069,2.2714914867,Nuit sans éclairage public,Hors agglomération,Hors intersection,Pluie légère,Autre collision,1,1,2,0,1,2,2,0,1,90,,3,2,0,0,1,25.0,,,,3,1,1,2,6
202100001256,2021-12-26 23:40:00,2021,12,26,23,40,92,92063,A86,48.87164,2.15762,Nuit avec éclairage allumé,Hors agglomération,Hors intersection,Pluie légère,Autre collision,1,1,4,0,1,3,2,1,1,70,,1,0,0,0,1,23.0,,,,5,1,1,2,6
202100001257,2021-12-26 21:30:00,2021,12,26,21,30,92,92063,A86,48.8831981785,2.1656664071,Nuit avec éclairage allumé,En agglomération,Hors intersection,Pluie légère,Autre collision,1,1,1,0,3,3,2,0,1,50,,1,0,0,0,1,32.0,,,,5,2,1,2,6
202100001258,2021-12-27 13:30:00,2021,12,27,13,30,95,95572,RN 184,49.033924,2.111563,Plein jour,Hors agglomération,Hors intersection,Pluie légère,Sans collision,2,3,3,0,1,1,2,0,2,70,,3,2,0,0,1,41.0,,,,1,1,1,2,7
202100001259,2021-12-27 09:45:00,2021,12,27,9,45,93,93027,BDL,48.92689,2.40338,Plein jour,Hors agglomération,Hors intersection,Normale,Sans collision,1,1,2,0,2,2,2,0,1,50,,2,1,0,0,1,28.0,,,,1,1,1,1,7
202100001260,2021-12-27 06:15:00,2021,12,27,6,15,93,93027,AUTOROUTE A86,48.92857,2.41554,Crépuscule ou aube,Hors agglomération,Hors intersection,Pluie légère,Sans collision,1,3,3,0,2,3,2,0,1,70,,1,0,0,0,1,21.0,,,,2,1,1,2,7
202100001261,2021-12-27 06:40:00,2021,12,27,6,40,95,95572, A15,49.0328974301,2.1075081825,Nuit sans éclairage public,Hors agglomération,Hors intersection,Pluie légère,Deux véhicules - arrière,1,1,5,0,2,2,2,0,1,70,,2,0,0,0,2,45.0,44.0,,,3,1,1,2,2
202100001262,2021-12-27 15:40:00,2021,12,27,15,40,77,77249,RN104,48.75156,2.61466,Plein jour,Hors agglomération,Hors intersection,Normale,Trois véhicules et plus - en chaîne,2,1,3,0,1,1,2,0,1,110,,4,3,0,0,1,51.0,36.0,,,1,1,1,1,4
202100001263,2021-12-27 13:15:00,2021,12,27,13,15,94,94017,A4,48.82772,2.50788,Plein jour,Hors agglomération,Hors intersection,Pluie légère,Trois véhicules et plus - en chaîne,1,3,8,0,1,1,2,1,1,90,,7,5,0,0,2,41.0,44.0,,,1,1,1,2,4
202100001264,2021-12-27 08:45:00,2021,12,27,8,45,94,94022,A86 INT,48.776755299,2.4185973987,Plein jour,Hors agglomération,Hors intersection,Pluie légère,Deux véhicules - côté,1,3,6,0,1,1,2,0,1,90,,2,1,0,0,1,43.0,20.0,,,1,1,1,2,3
202100001265,2021-12-27 07:10:00,2021,12,27,7,10,77,77373,RN104,48.77372,2.61191,Nuit sans éclairage public,Hors agglomération,Hors intersection,Pluie légère,Deux véhicules - côté,2,3,2,0,1,1,2,0,1,90,,2,1,0,0,1,28.0,30.0,,,3,1,1,2,3
202100001266,2021-12-26 01:45:00,2021,12,26,1,45,974,97411,RAMBAUD (LEOPOLD),-20.88571,55.47321,Nuit avec éclairage allumé,En agglomération,Intersection en X,Normale,Deux véhicules - côté,2,1,3,0,1,1,1,0,1,70,,3,2,0,0,1,25.0,41.0,,,5,2,2,1,3
202100001267,2021-12-26 10:40:00,2021,12,26,10,40,974,97411,RAMBAUD (LEOPOLD),-20.88581,55.47386,Plein jour,En agglomération,Hors intersection,Normale,Trois véhicules et plus - en chaîne,4,1,3,0,1,1,1,0,1,70,,5,4,0,1,0,37.0,67.0,,,1,2,1,1,4
202100001268,2021-12-25 07:45:00,2021,12,25,7,45,974,97411,CAYENNE LES HAUTS (CHEMIN DE LA),-20.9165,55.398,Plein jour,En agglomération,Hors intersection,Normale,Sans collision,4,2,2,0,2,1,1,0,1,30,,2,1,0,0,1,24.0,,,,1,2,1,1,7
202100001269,2021-12-25 02:30:00,2021,12,25,2,30,974,97407,TITAN (AVENUE) ,-20.94524,55.29266,Nuit sans éclairage public,En agglomération,Hors intersection,Normale,Autre collision,4,2,1,0,1,1,1,0,1,50,,2,1,0,0,1,24.0,,,,3,2,1,1,6
202100001270,2021-12-25 05:00:00,2021,12,25,5,0,974,97407,COMMUNE DE PARIS (AVENUE),-20.9429,55.29191,Nuit avec éclairage allumé,En agglomération,Hors intersection,Normale,Sans collision,9,1,1,0,1,1,1,0,1,50,,2,0,0,0,2,31.0,,,,5,2,1,1,7
202100001271,2021-12-25 13:05:00,2021,12,25,13,5,973,97302,RABAN (ROUTE DE),4.92077,-52.31264,Plein jour,En agglomération,Hors intersection,Normale,Deux véhicules - côté,4,2,2,0,1,3,1,0,1,50,,4,2,0,0,2,50.0,33.0,,,1,2,1,1,3
202100001272,2021-12-26 17:40:00,2021,12,26,17,40,69,69383,GENAS (DE) (RTE),45.7536,4.8953,Nuit avec éclairage allumé,En agglomération,Intersection en X,Pluie légère,Deux véhicules - côté,4,1,1,0,1,1,2,0,1,50,,6,5,0,0,1,33.0,20.0,,,5,2,2,2,3
202100001273,2021-12-26 14:20:00,2021,12,26,14,20,69,69388,AMBROISE PARE (BD),45.73534,4.88262,Plein jour,En agglomération,Autre intersection,Normale,Deux véhicules - arrière,4,2,2,2,1,1,1,0,1,50,,4,2,0,0,2,23.0,23.0,,,1,2,9,1,2
202100001274,2021-12-25 22:13:00,2021,12,25,22,13,971,97101,CARAQUE,16.2455749292,-61.4945501089,Nuit avec éclairage non allumé,Hors agglomération,Hors intersection,Normale,Sans collision,4,-1,2,0,1,1,1,0,8,50,,3,0,1,0,2,59.0,,,,4,1,1,1,7
202100001275,2021-12-25 17:15:00,2021,12,25,17,15,2A,2A004,SARTENE ANCIENNE ROUTE,41.9305608627,8.7795795695,Nuit sans éclairage public,En agglomération,Hors intersection,Pluie légère,Deux véhicules - frontale,3,2,2,0,1,4,2,0,1,50,,4,2,0,0,2,23.0,33.0,,,3,2,1,2,1
202100001276,2021-12-26 14:00:00,2021,12,26,14,0,95,95539,RD 301,48.9921,2.36028,Plein jour,En agglomération,Hors intersection,Pluie légère,Trois véhicules et plus - en chaîne,3,3,4,0,1,1,2,0,1,70,,6,1,0,0,5,43.0,56.0,,,1,2,1,2,4
202100001277,2021-12-26 17:15:00,2021,12,26,17,15,83,83137,VERT COTEAU (AVE DU),43.12565,5.94591,Nuit avec éclairage allumé,En agglomération,Hors intersection,Normale,Deux véhicules - côté,4,2,2,0,1,1,2,0,1,50,,2,1,0,0,1,67.0,67.0,,,5,2,1,1,3
202100001278,2021-12-24 18:00:00,2021,12,24,18,0,79,79259,Route de Parthenay,46.95993,-0.20877,Nuit avec éclairage allumé,Hors agglomération,Intersection en X,Normale,Deux véhicules - côté,3,2,3,0,1,1,1,5,1,70,,2,1,0,1,0,30.0,16.0,,,5,1,2,1,3
202100001279,2021-12-26 23:00:00,2021,12,26,23,0,76,76540,Avenue de la Grand Mare,49.4406935215,1.1310017108,Nuit avec éclairage allumé,En agglomération,Hors intersection,Normale,Deux véhicules - côté,7,2,3,0,1,1,1,0,1,50,,2,1,0,0,1,19.0,24.0,,,5,2,1,1,3
202100001280,2021-12-26 18:55:00,2021,12,26,18,55,73,73008,D991 GRAND PORT (RONDEAU) AVENUE DU,45.69943,5.90428,Nuit avec éclairage allumé,En agglomération,Giratoire,Pluie légère,Deux véhicules - côté,3,4,2,0,1,3,2,0,1,50,,2,1,0,0,1,53.0,22.0,,,5,2,6,2,3
202100001281,2021-12-17 10:45:00,2021,12,17,10,45,69,69290,EDMOND ROSTAND (R),45.69439,4.94288,Plein jour,En agglomération,Autre intersection,Normale,Autre collision,4,2,2,3,2,1,1,9,8,30,,2,1,0,0,1,67.0,,,,1,2,9,1,6
202100001282,2021-12-25 17:45:00,2021,12,25,17,45,61,61006,ANCIENS LAVOIRS (RUE DES),48.74683,-0.02596,Crépuscule ou aube,En agglomération,Intersection en T,Pluie légère,Autre collision,4,2,2,0,1,1,2,0,1,50,,1,0,1,0,0,17.0,,,,2,2,3,2,6
202100001283,2021-12-26 21:00:00,2021,12,26,21,0,59,59599,ROUGE (RUE DE LA CROIX),50.72772,3.17483,Nuit avec éclairage allumé,En agglomération,Hors intersection,Normale,Autre collision,4,2,2,0,1,1,2,0,1,50,,2,1,0,1,0,18.0,,,,5,2,1,1,6
202100001284,2021-12-26 21:03:00,2021,12,26,21,3,49,49007,LARREY,47.4786,-0.55621,Nuit avec éclairage allumé,En agglomération,Intersection en X,Normale,Deux véhicules - côté,4,2,2,0,1,1,2,0,1,30,,2,1,0,0,1,41.0,27.0,,,5,2,2,1,3
202100001285,2021-12-25 16:40:00,2021,12,25,16,40,48,48095,RD 25,44.50383,3.51239,Plein jour,Hors agglomération,Hors intersection,Temps couvert,Sans collision,3,2,2,0,1,2,2,0,3,50,,1,0,0,1,0,43.0,,,,1,1,1,8,7
202100001286,2021-12-25 16:10:00,2021,12,25,16,10,45,45234,Quai du Chatelet,47.89799,1.90462,Plein jour,En agglomération,Intersection en X,Normale,Autre collision,4,2,3,0,1,1,1,0,8,50,,1,0,1,0,0,73.0,,,,1,2,2,1,6
202100001287,2021-12-26 18:50:00,2021,12,26,18,50,44,44109,BOULEVARD DU MASSACRE,47.22295,-1.6027,Nuit avec éclairage allumé,En agglomération,Hors intersection,Pluie légère,Deux véhicules - côté,4,2,2,2,1,1,2,0,1,50,,2,1,0,0,1,24.0,21.0,,,5,2,1,2,3
202100001288,2021-12-26 12:10:00,2021,12,26,12,10,35,35051,RN157,48.11361,-1.552355,Plein jour,Hors agglomération,Hors intersection,Pluie légère,Deux véhicules - arrière,2,3,4,0,1,1,2,0,1,110,,3,2,0,0,1,75.0,,,,1,1,1,2,2
202100001289,2021-12-26 20:20:00,2021,12,26,20,20,13,13001,MARSEILLE (ROUTE DE ),43.47602,5.41381,Nuit avec éclairage allumé,En agglomération,Hors intersection,Normale,Deux véhicules - frontale,7,2,2,0,2,1,2,0,8,50,,1,0,0,1,0,44.0,,,,5,2,1,1,1
202100001290,2021-12-26 18:25:00,2021,12,26,18,25,06,06069,PEGOMAS (ROUTE DE),43.626066,6.927491,Nuit avec éclairage allumé,Hors agglomération,Hors intersection,Normale,Autre collision,3,2,2,0,1,1,1,0,3,70,,1,0,0,1,0,34.0,,,,5,1,1,1,6
202100001291,2021-12-25 11:25:00,2021,12,25,11,25,75,75112,ECHANGEUR BERCY,48.827927,2.394822,Plein jour,En agglomération,Intersection en Y,Pluie légère,Autre collision,4,1,2,0,1,1,2,0,1,50,,2,1,0,1,0,44.0,,,,1,2,4,2,6
202100001292,2021-12-25 02:45:00,2021,12,25,2,45,75,75117,AVENUE DE CLICHY,48.887497,2.325592,Nuit sans éclairage public,En agglomération,Intersection en Y,Pluie légère,Deux véhicules - arrière,4,2,2,3,2,1,2,0,1,30,,2,1,0,0,1,43.0,34.0,,,3,2,4,2,2
202100001293,2021-12-26 20:40:00,2021,12,26,20,40,75,75115,AVENUE EMILE ZOLA,48.846759,2.285647,Nuit avec éclairage allumé,En agglomération,Intersection en X,Pluie légère,Deux véhicules - côté,4,2,2,2,1,1,2,0,1,30,,2,1,0,0,1,23.0,23.0,,,5,2,2,2,3
202100001294,2021-12-26 18:45:00,2021,12,26,18,45,75,75113,BOULEVARD MASSENA,48.820128,2.364655,Nuit avec éclairage allumé,En agglomération,Intersection en X,Pluie forte,Deux véhicules - arrière,4,2,2,0,1,1,2,0,1,30,,2,1,0,0,1,33.0,54.0,,,5,2,2,3,2
202100001295,2021-12-26 20:40:00,2021,12,26,20,40,75,75111,PLACE LEON BLUM,48.85797,2.380366,Nuit avec éclairage allumé,En agglomération,Place,Pluie légère,Deux véhicules - arrière,4,1,3,0,1,2,2,0,1,30,,2,1,0,0,1,29.0,20.0,,,5,2,7,2,2
202100001296,2021-12-26 22:05:00,2021,12,26,22,5,75,75110,BOULEVARD DE MAGENTA,48.878518,2.354054,Nuit avec éclairage allumé,En agglomération,Intersection en X,Normale,Autre collision,4,2,6,1,1,1,2,0,1,30,,1,0,0,0,1,16.0,,,,5,2,2,1,6
202100001297,2021-12-26 16:00:00,2021,12,26,16,0,75,75110,BOULEVARD DE LA VILLETTE,48.872563,2.376223,Plein jour,En agglomération,Intersection en T,Normale,Deux véhicules - arrière,4,1,1,1,1,1,2,0,1,30,,2,1,0,0,1,20.0,39.0,,,1,2,3,1,2
202100001298,2021-12-26 15:38:00,2021,12,26,15,38,75,75104,PLACE DE LA BASTILLE,48.853263,2.368602,Plein jour,En agglomération,Place,Normale,Deux véhicules - côté,4,2,2,0,1,1,2,0,1,30,,4,3,0,0,1,75.0,42.0,,,1,2,7,1,3
202100001299,2021-12-26 19:50:00,2021,12,26,19,50,94,94034,EDOUARD HERRIOT (AV),48.75577,2.32802,Nuit avec éclairage allumé,En agglomération,Hors intersection,Pluie légère,Autre collision,3,3,4,0,1,1,2,0,1,50,,2,1,0,0,1,18.0,,,,5,2,1,2,6
202100001300,2021-12-26 09:10:00,2021,12,26,9,10,93,93066,"""STALINGRAD (AVENUE), NR 88 A 114 BIS""",48.94578,2.36577,Plein jour,En agglomération,Hors intersection,Temps couvert,Deux véhicules - arrière,3,2,4,1,1,1,2,0,1,50,,2,1,0,0,1,21.0,58.0,,,1,2,1,8,2
202100001301,2021-12-26 21:00:00,2021,12,26,21,0,93,93032,RONSARD   (AVENUE),48.87443,2.56684,Nuit avec éclairage allumé,En agglomération,Intersection en T,Normale,Deux véhicules - arrière,4,2,2,0,1,1,2,0,1,50,,3,2,0,0,1,45.0,,,,5,2,3,1,2
202100001302,2021-12-26 14:00:00,2021,12,26,14,0,92,92072,PONT DE SEVRES,48.8282738716,2.226421237,Plein jour,En agglomération,Hors intersection,Pluie légère,Autre collision,3,3,6,0,1,3,8,2,1,50,,2,0,0,0,2,28.0,,,,1,2,1,2,6
202100001303,2021-12-26 21:29:00,2021,12,26,21,29,92,92050,JOLIOT CURIE F. ET IRENE AVENUE  N°PAIRS,48.88935,2.20415,Nuit avec éclairage allumé,En agglomération,Intersection en X,Pluie légère,Deux véhicules - côté,3,3,5,0,1,1,2,0,1,50,,2,1,0,0,1,43.0,22.0,,,5,2,2,2,3
202100001304,2021-12-27 06:00:00,2021,12,27,6,0,76,76517,a.28 PK .94.000,49.505036,1.17794,Nuit sans éclairage public,Hors agglomération,Autre intersection,Pluie légère,Trois véhicules et plus - en chaîne,1,1,4,0,4,1,2,9,8,110,,4,2,0,0,2,53.0,61.0,,,3,1,9,2,4
202100001305,2021-12-28 17:38:00,2021,12,28,17,38,06,06019,D2204,43.770358,7.332746,Nuit sans éclairage public,En agglomération,Intersection en T,Temps couvert,Deux véhicules - frontale,3,2,2,0,1,1,2,5,1,50,,4,1,0,0,3,16.0,68.0,,,3,2,3,8,1
202100001306,2021-12-27 16:35:00,2021,12,27,16,35,71,71145,Route de Cluny,46.5364328659,4.6858385195,Crépuscule ou aube,Hors agglomération,Hors intersection,Temps couvert,Autre collision,3,2,2,0,1,1,2,2,1,80,,2,0,1,1,0,31.0,,,,2,1,1,8,6
202100001307,2021-12-06 11:10:00,2021,12,6,11,10,68,68269,18 grand'rue,48.193744,7.322761,Plein jour,En agglomération,Hors intersection,Normale,Autre collision,9,1,1,0,1,1,1,6,1,20,,2,1,0,0,1,32.0,,,,1,2,1,1,6
202100001308,2021-12-28 08:55:00,2021,12,28,8,55,01,01194,Rue Edouard Herriot,45.988952,4.756941,Plein jour,En agglomération,Intersection en T,Normale,Deux véhicules - côté,3,2,2,0,1,1,2,0,1,50,,2,1,0,0,1,82.0,23.0,,,1,2,3,1,3
202100001309,2021-12-28 08:30:00,2021,12,28,8,30,34,34239,A750,43.655907,3.520949,Plein jour,Hors agglomération,Hors intersection,Pluie légère,Trois véhicules et plus - collisions multiples,1,1,2,0,1,1,2,0,1,130,,3,1,0,0,2,46.0,29.0,,,1,1,1,2,5
202100001310,2021-12-27 14:10:00,2021,12,27,14,10,15,15187,A75 PK 91+700,45.059953,3.11059,Plein jour,Hors agglomération,Hors intersection,Temps éblouissant,Deux véhicules - arrière,1,1,4,0,2,1,2,0,1,130,,3,2,0,0,1,68.0,19.0,,,1,1,1,7,2
202100001311,2021-12-27 15:30:00,2021,12,27,15,30,32,32033,D34,43.669866,0.338463,Plein jour,Hors agglomération,Intersection en T,Pluie légère,Trois véhicules et plus - collisions multiples,3,2,2,0,2,1,2,0,1,80,,4,3,0,0,1,23.0,68.0,,,1,1,3,2,5
202100001312,2021-12-26 19:00:00,2021,12,26,19,0,71,71221,Rue de Fontaine Couverte,46.76528,4.772058,Nuit sans éclairage public,Hors agglomération,Hors intersection,Pluie forte,Trois véhicules et plus - collisions multiples,4,2,2,0,1,1,2,0,1,70,,9,3,0,4,2,32.0,28.0,,,3,1,1,3,5
202100001313,2021-12-28 07:15:00,2021,12,28,7,15,61,61348,Le Menage,48.502335,0.574143,Nuit sans éclairage public,Hors agglomération,Intersection en T,Pluie légère,Deux véhicules - côté,3,2,2,0,4,1,2,0,1,90,,2,1,0,1,0,25.0,53.0,,,3,1,3,2,3
202100001314,2021-12-28 08:45:00,2021,12,28,8,45,39,39448,,47.003788,5.51011,Plein jour,Hors agglomération,Hors intersection,Pluie légère,Deux véhicules - frontale,3,2,2,0,1,1,2,0,1,90,,3,1,1,0,1,56.0,40.0,,,1,1,1,2,1
202100001315,2021-12-27 23:30:00,2021,12,27,23,30,25,25002,D107,47.137979,5.890517,Nuit sans éclairage public,Hors agglomération,Hors intersection,Pluie légère,Autre collision,3,2,2,0,2,2,2,0,3,80,,5,2,0,2,1,18.0,,,,3,1,1,2,6
202100001316,2021-12-28 10:00:00,2021,12,28,10,0,44,44048,RD 25,47.377023,-1.278625,Plein jour,Hors agglomération,Hors intersection,Temps couvert,Autre collision,3,2,2,0,1,1,2,0,1,80,,1,0,0,1,0,38.0,,,,1,1,1,8,6
202100001317,2021-12-27 20:10:00,2021,12,27,20,10,31,31183,D26 - PR 032+850,43.093595,0.912117,Nuit sans éclairage public,Hors agglomération,Hors intersection,Normale,Autre collision,3,2,2,0,1,3,1,0,8,80,,1,0,1,0,0,40.0,,,,3,1,1,1,6
202100001318,2021-12-28 01:50:00,2021,12,28,1,50,38,38499,D529,44.925994,5.778111,Nuit avec éclairage allumé,En agglomération,Hors intersection,Pluie forte,Autre collision,3,2,2,0,1,1,2,0,4,50,,1,0,0,1,0,21.0,,,,5,2,1,3,6
202100001319,2021-12-28 07:30:00,2021,12,28,7,30,01,01266,Route de Bourg,46.3359538903,5.1292540133,Nuit avec éclairage allumé,En agglomération,Intersection en X,Pluie légère,Autre collision,3,2,3,0,1,1,2,0,1,50,,2,1,0,1,0,59.0,,,,5,2,2,2,6
202100001320,2021-12-27 10:30:00,2021,12,27,10,30,01,01321,Route de Tossiat,46.1627184045,5.3296780586,Plein jour,En agglomération,Intersection en X,Pluie légère,Autre collision,3,1,1,0,1,3,2,0,1,50,,1,0,1,0,0,77.0,,,,1,2,2,2,6
202100001321,2021-12-28 07:55:00,2021,12,28,7,55,72,72230,La Chênaie,47.853843,0.098727,Crépuscule ou aube,Hors agglomération,Hors intersection,Pluie légère,Deux véhicules - arrière,3,2,3,0,1,1,2,0,1,90,,2,1,0,0,1,28.0,21.0,,,2,1,1,2,2
202100001322,2021-12-28 15:00:00,2021,12,28,15,0,50,50618,route départementale 901,49.668822,-1.3696,Plein jour,Hors agglomération,Intersection en X,Normale,Deux véhicules - arrière,3,2,2,0,1,1,1,0,1,80,,2,1,0,1,0,15.0,63.0,,,1,1,2,1,2