accident_id,datetime,annee,mois,jour,heure,minute,departement,commune_insee,adresse,latitude,longitude,luminosite,agglomeration,intersection,meteo,collision,catr,circ,nbv,vosp,prof,plan,surf,infra,situ,vma,nb_vehicules,nb_usagers,nb_indemnes,nb_tues,nb_blesses_hosp,nb_blesses_legers,age_cond_1,age_cond_2,veh_type_cond_1,veh_type_cond_2,lum_code,agg_code,int_code,atm_code,col_code
202100001323,2021-12-27 23:15:00,2021,12,27,23,15,36,36154,la foret chauve,46.59332,1.554029,Nuit sans éclairage public,Hors agglomération,Intersection en Y,Pluie forte,Autre collision,3,2,2,0,2,1,2,5,3,80,,1,0,0,1,0,34.0,,,,3,1,4,3,6
202100001324,2021-12-28 12:10:00,2021,12,28,12,10,40,40255,route de l'armagnac D1,43.886697,-0.334783,Plein jour,Hors agglomération,Hors intersection,Pluie forte,Deux véhicules - frontale,3,2,2,0,3,1,2,0,1,80,,2,0,0,1,1,19.0,52.0,,,1,1,1,3,1
202100001325,2021-12-24 15:46:00,2021,12,24,15,46,67,67152,Route de Lingolsheim,48.531335,7.689866,Plein jour,En agglomération,Hors intersection,Pluie légère,Deux véhicules - frontale,7,2,2,0,2,2,2,2,1,70,,2,1,0,0,1,37.0,24.0,,,1,2,1,2,1
202100001326,2021-12-28 06:30:00,2021,12,28,6,30,01,01091,A40,46.155415,5.784688,Nuit sans éclairage public,Hors agglomération,Hors intersection,Pluie légère,Deux véhicules - côté,1,1,2,0,1,1,2,0,1,130,,5,2,0,0,3,57.0,20.0,,,3,1,1,2,3
202100001327,2021-12-28 12:30:00,2021,12,28,12,30,976,97614,RD 1 KAHANI - DIRECTION COMBANI,-12.820537,45.129642,Plein jour,Hors agglomération,Hors intersection,Normale,Deux véhicules - côté,3,2,2,0,2,3,1,0,1,70,,2,1,0,0,1,,,,,1,1,1,1,3
202100001328,2021-12-28 15:30:00,2021,12,28,15,30,69,69242,A6,46.127508,4.764676,Plein jour,Hors agglomération,Hors intersection,Pluie légère,Deux véhicules - arrière,1,3,6,0,1,1,2,0,1,130,,5,1,0,2,2,42.0,43.0,,,1,1,1,2,2
202100001329,2021-12-28 01:19:00,2021,12,28,1,19,60,60541,Autoroute A1 - PK 55+600 sens PARIS/LILLE,49.294121,2.690685,Nuit sans éclairage public,Hors agglomération,Autre intersection,Pluie forte,Deux véhicules - côté,1,1,3,0,2,1,2,0,1,130,,2,0,0,0,2,36.0,32.0,,,3,1,9,3,3
202100001330,2021-12-27 11:30:00,2021,12,27,11,30,987,98729,PK2.6,-17.478295,-149.779052,Plein jour,En agglomération,Hors intersection,Normale,Deux véhicules - côté,2,2,2,0,1,1,1,0,1,40,,2,1,0,1,0,27.0,31.0,,,1,2,1,1,3
202100001331,2021-12-27 10:45:00,2021,12,27,10,45,987,98729,PK0.20 TEMAE,-17.494944,-149.763275,Plein jour,En agglomération,Intersection en T,Normale,Deux véhicules - côté,2,2,2,2,4,2,1,0,5,60,,3,2,0,1,0,39.0,23.0,,,1,2,3,1,3
202100001332,2021-12-28 00:10:00,2021,12,28,0,10,977,97701,"D209, Marigot",17.910331,-62.814031,Nuit sans éclairage public,Hors agglomération,Hors intersection,Normale,Deux véhicules - frontale,2,2,2,0,2,3,1,0,1,50,,2,1,0,0,1,23.0,27.0,,,3,1,1,1,1
202100001333,2021-12-17 17:25:00,2021,12,17,17,25,13,13088,Route N 568,43.368074,5.251004,Crépuscule ou aube,En agglomération,Intersection en T,Normale,Deux véhicules - côté,7,2,2,0,2,1,1,0,1,50,,2,1,0,0,1,19.0,50.0,,,2,2,3,1,3
202100001334,2021-12-28 11:15:00,2021,12,28,11,15,66,66145,D23,42.634081,2.818047,Plein jour,Hors agglomération,Hors intersection,Normale,Autre collision,3,2,2,0,1,2,1,0,3,80,,3,0,0,3,0,24.0,,,,1,1,1,1,6
202100001335,2021-12-27 22:40:00,2021,12,27,22,40,13,13097,D27,43.665699,4.798536,Nuit sans éclairage public,Hors agglomération,Intersection en T,Brouillard / fumée,Deux véhicules - frontale,3,2,2,0,1,1,1,0,8,80,,1,0,0,1,0,23.0,,,,3,1,3,5,1
202100001336,2021-12-28 06:10:00,2021,12,28,6,10,55,55351,D643,49.536211,5.360749,Nuit sans éclairage public,Hors agglomération,Hors intersection,Normale,Deux véhicules - côté,3,2,2,0,1,1,1,0,1,90,,2,1,0,1,0,65.0,27.0,,,3,1,1,1,3
202100001337,2021-12-17 20:05:00,2021,12,17,20,5,44,44035,Rue Charles de Gaulle,47.301332,-1.553472,Nuit sans éclairage public,En agglomération,Intersection en T,Normale,Autre collision,7,2,2,0,1,1,1,0,1,50,,2,1,0,0,1,21.0,76.0,,,3,2,3,1,6
202100001338,2021-12-28 14:20:00,2021,12,28,14,20,33,33389,Le Pas d Ozelle,45.315785,-0.633023,Plein jour,Hors agglomération,Hors intersection,Pluie légère,Autre collision,3,2,2,0,1,1,2,0,3,80,,2,1,1,0,0,39.0,,,,1,1,1,2,6
202100001339,2021-12-27 18:35:00,2021,12,27,18,35,29,29103,Rue de la Petite Palud,48.4489089508,-4.2583765983,Nuit avec éclairage non allumé,En agglomération,Hors intersection,Vent fort / tempête,Autre collision,4,2,2,0,1,1,2,0,1,50,,2,1,0,1,0,46.0,,,,4,2,1,6,6
202100001340,2021-12-25 16:45:00,2021,12,25,16,45,62,62089,D237,50.831055,1.656801,Plein jour,Hors agglomération,Hors intersection,Normale,Deux véhicules - frontale,3,2,2,0,2,1,2,0,1,70,,4,0,0,1,3,30.0,26.0,,,1,1,1,1,1
202100001341,2021-12-26 19:45:00,2021,12,26,19,45,13,13071,A7-Sens Marseille vers Lyon,43.404426,5.31663,Nuit sans éclairage public,Hors agglomération,Hors intersection,Normale,Trois véhicules et plus - en chaîne,1,1,3,0,1,1,1,0,1,110,,6,2,0,0,4,31.0,26.0,,,3,1,1,1,4
202100001342,2021-12-25 19:00:00,2021,12,25,19,0,13,13215,A55-Sens Marseille vers Martigues,43.324964,5.361889,Nuit sans éclairage public,Hors agglomération,Hors intersection,Normale,Deux véhicules - arrière,1,1,2,0,1,1,2,0,1,90,,2,1,0,0,1,30.0,24.0,,,3,1,1,1,2
202100001343,2021-12-25 05:29:00,2021,12,25,5,29,13,13055,A507 sens Marseille - Aubagne,43.32983,5.40732,Nuit avec éclairage non allumé,En agglomération,Hors intersection,Pluie forte,Autre collision,1,1,3,0,1,1,2,0,1,70,,2,1,0,0,1,41.0,,,,4,2,1,3,6
202100001344,2021-12-26 19:15:00,2021,12,26,19,15,94,94034,AUTOROUTE A86,48.76048,2.31988,Nuit avec éclairage allumé,Hors agglomération,Hors intersection,Pluie légère,Trois véhicules et plus - en chaîne,1,2,4,0,1,1,2,1,1,70,,3,2,0,0,1,29.0,58.0,,,5,1,1,2,4
202100001345,2021-12-26 16:45:00,2021,12,26,16,45,91,91340,RN 104,48.60892,2.4353,Crépuscule ou aube,Hors agglomération,Hors intersection,Pluie légère,Deux véhicules - côté,2,1,4,0,2,3,2,3,1,70,,4,1,0,0,3,64.0,33.0,,,2,1,1,2,3
202100001346,2021-12-26 15:15:00,2021,12,26,15,15,91,91064,RN 118,48.750109,2.203517,Plein jour,Hors agglomération,Hors intersection,Normale,Sans collision,2,1,2,0,2,2,2,0,1,90,,1,0,0,0,1,58.0,,,,1,1,1,1,7
202100001347,2021-12-26 15:45:00,2021,12,26,15,45,91,91377,RD 188,48.72895,2.29468,Plein jour,Hors agglomération,Hors intersection,Temps couvert,Trois véhicules et plus - en chaîne,3,3,2,0,1,1,2,0,1,70,,4,3,0,0,1,37.0,28.0,,,1,1,1,8,4
202100001348,2021-12-26 10:40:00,2021,12,26,10,40,91,91521,RN 104,48.63405,2.40056,Plein jour,Hors agglomération,Hors intersection,Pluie légère,Autre collision,2,3,6,0,2,3,2,0,1,30,,1,0,0,0,1,58.0,,,,1,1,1,2,6
202100001349,2021-12-25 09:45:00,2021,12,25,9,45,91,91521,RN 449,48.63511,2.4056,Plein jour,Hors agglomération,Hors intersection,Pluie légère,Sans collision,2,1,2,0,2,2,2,0,1,50,,1,0,0,0,1,21.0,,,,1,1,1,2,7
202100001350,2021-12-26 22:15:00,2021,12,26,22,15,93,93027,AUTOROUTE A86,48.92841,2.41321,Nuit sans éclairage public,Hors agglomération,Hors intersection,Pluie légère,Deux véhicules - côté,1,3,3,0,1,1,2,0,1,110,,1,0,0,0,1,24.0,,,,3,1,1,2,3
202100001351,2021-12-26 21:00:00,2021,12,26,21,0,95,95277,AUTOROUTE A3,48.9834466029,2.501449585,Nuit sans éclairage public,Hors agglomération,Hors intersection,Pluie légère,Deux véhicules - arrière,1,3,4,0,1,1,2,0,1,110,,3,0,0,0,3,28.0,49.0,,,3,1,1,2,2
202100001352,2021-12-26 15:20:00,2021,12,26,15,20,95,95219, A115,48.9895015713,2.2440755367,Plein jour,Hors agglomération,Hors intersection,Temps couvert,Autre collision,1,3,4,0,1,1,2,0,1,70,,1,0,0,0,1,35.0,,,,1,1,1,8,6
202100001353,2021-12-26 13:11:00,2021,12,26,13,11,95,95572,A15,49.02856,2.1279,Plein jour,Hors agglomération,Hors intersection,Pluie légère,Autre collision,1,3,-1,0,1,1,2,0,1,110,,1,0,0,0,1,21.0,,,,1,1,1,2,6
202100001354,2021-12-26 13:10:00,2021,12,26,13,10,92,92036,AUTOROUTE A15,48.9378886633,2.297667219,Plein jour,Hors agglomération,Hors intersection,Normale,Deux véhicules - arrière,1,3,5,0,1,1,2,2,1,90,,2,1,0,0,1,23.0,45.0,,,1,1,1,1,2
202100001355,2021-12-26 10:10:00,2021,12,26,10,10,93,93027,AUTOROUTE A1,48.92703,2.40287,Plein jour,Hors agglomération,Hors intersection,Pluie légère,Autre collision,1,-1,2,0,2,3,2,2,1,50,,2,1,0,0,1,48.0,,,,1,1,1,2,6
202100001356,2021-12-25 20:20:00,2021,12,25,20,20,95,95527,AUTOROUTE A3,48.9854650074,2.5034236908,Nuit sans éclairage public,Hors agglomération,Hors intersection,Pluie légère,Autre collision,1,1,2,0,1,1,2,0,2,90,,1,0,0,0,1,20.0,,,,3,1,1,2,6
202100001357,2021-12-25 13:45:00,2021,12,25,13,45,93,93078,AUTOROUTE A104,48.9587,2.52652,Plein jour,Hors agglomération,Hors intersection,Normale,Deux véhicules - frontale,1,3,6,0,1,2,2,0,1,90,,1,0,0,0,1,25.0,,,,1,1,1,1,1
202100001358,2021-12-25 11:20:00,2021,12,25,11,20,60,60631,AUTOROUTE A1,49.1558464804,2.590178369,Plein jour,Hors agglomération,Hors intersection,Pluie légère,Deux véhicules - côté,1,3,6,0,1,1,2,0,1,130,,2,1,0,0,1,49.0,31.0,,,1,1,1,2,3
202100001359,2021-12-26 00:45:00,2021,12,26,0,45,77,77514,RN104,48.9529986822,2.6280130814,Nuit sans éclairage public,Hors agglomération,Hors intersection,Brouillard / fumée,Autre collision,1,1,2,0,1,1,2,0,1,90,,1,0,0,0,1,26.0,,,,3,1,1,5,6
202100001360,2021-12-25 03:10:00,2021,12,25,3,10,974,97411,BOIS DE NEFLES (RUE DU),-20.88923,55.4629,Nuit sans éclairage public,En agglomération,Intersection en T,Normale,Deux véhicules - arrière,4,3,1,0,1,1,1,0,1,50,,2,1,0,0,1,16.0,28.0,,,3,2,3,1,2
202100001361,2021-12-25 00:15:00,2021,12,25,0,15,974,97409,DU CENTRE(CHEMIN),-20.9423,55.65383,Nuit avec éclairage allumé,En agglomération,Hors intersection,Normale,Deux véhicules - arrière,4,2,2,0,1,1,1,9,1,50,,2,1,0,0,1,,21.0,,,5,2,1,1,2
202100001362,2021-12-24 19:36:00,2021,12,24,19,36,974,97409,ILE DE FRANCE(AVENUE),-20.950104,55.648594,Nuit avec éclairage allumé,En agglomération,Hors intersection,Temps couvert,,4,2,2,0,2,1,1,0,1,50,,2,0,1,1,0,33.0,,,,5,2,1,8,-1
202100001363,2021-12-24 17:00:00,2021,12,24,17,0,974,97407,RUE PIERRE BROSSOLETTE,-20.9534,55.30498,Plein jour,Hors agglomération,Hors intersection,Pluie légère,Sans collision,4,2,2,0,2,1,1,0,1,50,,2,0,0,0,2,17.0,,,,1,1,1,2,7
202100001364,2021-12-25 15:00:00,2021,12,25,15,0,973,97302,MADELEINE (ROUTE DE LA),4.91565,-52.32116,Plein jour,En agglomération,Hors intersection,Normale,Deux véhicules - côté,3,2,2,0,1,1,1,0,1,50,,3,1,0,2,0,,36.0,,,1,2,1,1,3
202100001365,2021-12-25 16:30:00,2021,12,25,16,30,69,69199,MARCEL ETIENNE SEMBAT (R),45.71074,4.84679,Plein jour,En agglomération,Hors intersection,Normale,Autre collision,4,3,1,0,1,2,1,9,8,50,,2,1,0,1,0,23.0,,,,1,2,1,1,6
202100001366,2021-12-23 19:40:00,2021,12,23,19,40,91,91103,IMP EDOUARD BRANLY,48.60332,2.30648,Nuit avec éclairage allumé,En agglomération,Autre intersection,Normale,Deux véhicules - côté,4,2,2,1,1,1,1,0,5,50,,2,1,0,0,1,58.0,22.0,,,5,2,9,1,3
202100001367,2021-12-25 15:45:00,2021,12,25,15,45,91,91345,RTE DE CORBEIL,48.68258,2.31101,Plein jour,En agglomération,Intersection en X,Pluie légère,Deux véhicules - côté,3,2,2,0,2,1,2,0,1,50,,2,1,0,0,1,36.0,71.0,,,1,2,2,2,3
202100001368,2021-12-25 18:20:00,2021,12,25,18,20,91,91223,SENTIER DE VALNAY,48.42511,2.11332,Nuit sans éclairage public,Hors agglomération,Hors intersection,Normale,Sans collision,3,2,2,0,1,2,2,0,3,80,,1,0,0,0,1,20.0,,,,3,1,1,1,7
202100001369,2021-12-24 10:51:00,2021,12,24,10,51,79,79191,52 Avenue de la Venise Verte,46.31973,-0.48588,Plein jour,En agglomération,Intersection en X,Normale,Sans collision,4,2,2,0,1,3,1,5,1,50,,2,1,0,0,1,65.0,,,,1,2,2,1,7
202100001370,2021-12-25 12:25:00,2021,12,25,12,25,76,76217,TOUSTAIN,49.9233452925,1.0720789433,Plein jour,En agglomération,Hors intersection,Normale,Sans collision,3,1,2,0,4,1,1,0,1,50,,2,0,0,1,1,59.0,,,,1,2,1,1,7
202100001371,2021-12-24 12:45:00,2021,12,24,12,45,64,64122,Rue Larralde,43.48117,-1.55875,Plein jour,En agglomération,Hors intersection,Normale,Deux véhicules - côté,4,1,2,0,2,1,1,0,1,50,,2,1,0,0,1,30.0,67.0,,,1,2,1,1,3
202100001372,2021-12-24 14:29:00,2021,12,24,14,29,45,45274,Route de Sandillon,47.86297,1.97275,Plein jour,Hors agglomération,Intersection en T,Normale,Deux véhicules - frontale,7,2,2,0,1,1,1,0,1,70,,5,2,0,2,1,39.0,48.0,,,1,1,3,1,1
202100001373,2021-12-25 11:10:00,2021,12,25,11,10,25,25230,SOCHAUX (RUE DE),47.50132,6.84252,Plein jour,En agglomération,Hors intersection,Temps couvert,Autre collision,3,3,4,0,1,3,2,9,1,70,,2,0,0,2,0,87.0,,,,1,2,1,8,6
202100001374,2021-12-25 21:36:00,2021,12,25,21,36,25,25056,FORT DE BREGILLE CH. DU,47.23589,6.04151,Nuit sans éclairage public,Hors agglomération,Hors intersection,Pluie forte,Sans collision,4,2,2,0,2,1,2,0,3,50,,4,1,0,0,3,,,,,3,1,1,3,7
202100001375,2021-10-20 10:30:00,2021,10,20,10,30,19,19275,JOFFRE (PLACE),45.547262406,2.3092598386,Plein jour,En agglomération,Hors intersection,Normale,Autre collision,4,2,1,0,1,1,1,0,1,50,,2,1,0,1,0,20.0,,,,1,2,1,1,6
202100001376,2021-12-25 11:20:00,2021,12,25,11,20,13,13071,VIEILLE ROUTE DE LA GAVOTTE,43.39208,5.34131,Plein jour,En agglomération,Intersection en T,Temps couvert,Deux véhicules - côté,7,2,1,0,2,1,2,0,1,50,,5,4,0,0,1,32.0,21.0,,,1,2,3,8,3
202100001377,2021-12-24 16:30:00,2021,12,24,16,30,13,13004,AV DOCTEUR JOSEPH IMBERT,43.66,4.63,Crépuscule ou aube,En agglomération,Intersection en X,Temps couvert,Deux véhicules - côté,4,2,2,0,1,1,1,5,1,50,,2,1,0,0,1,73.0,20.0,,,2,2,2,8,3
202100001378,2021-12-25 15:05:00,2021,12,25,15,5,75,75119,RUE DE BELLEVILLE,48.872288,2.377587,Plein jour,En agglomération,Hors intersection,Pluie légère,Autre collision,4,2,1,3,2,1,2,0,1,30,,3,2,0,1,0,57.0,,,,1,2,1,2,6
202100001379,2021-12-25 15:40:00,2021,12,25,15,40,75,75120,AVENUE GAMBETTA,48.863162,2.388583,Plein jour,En agglomération,Hors intersection,Pluie légère,Deux véhicules - côté,4,2,3,1,2,1,2,-1,5,30,,2,0,0,0,2,49.0,51.0,,,1,2,1,2,3
202100001380,2021-12-24 18:10:00,2021,12,24,18,10,75,75118,AVENUE DE LA PORTE DE LA CHAPELLE,48.899466,2.35941,Nuit avec éclairage allumé,En agglomération,Intersection en Y,Temps couvert,Deux véhicules - arrière,4,1,1,0,1,3,2,0,1,50,,2,1,0,0,1,31.0,35.0,,,5,2,4,8,2
202100001381,2021-12-25 20:55:00,2021,12,25,20,55,75,75117,BOULEVARD DE COURCELLES,48.879547,2.304981,Nuit avec éclairage allumé,En agglomération,Intersection en X,Temps couvert,Deux véhicules - arrière,4,2,4,0,1,1,2,0,1,30,,2,1,0,0,1,71.0,31.0,,,5,2,2,8,2
202100001382,2021-12-24 19:50:00,2021,12,24,19,50,75,75117,BOULEVARD BESSIERES,48.894328,2.313818,Nuit avec éclairage allumé,En agglomération,Intersection en X,Pluie légère,Autre collision,4,1,2,0,1,1,2,0,1,30,,2,1,0,0,1,68.0,,,,5,2,2,2,6
202100001383,2021-12-24 12:45:00,2021,12,24,12,45,94,94028,VERDUN.(AVENUE DE),48.79778,2.46438,Plein jour,En agglomération,Hors intersection,Temps couvert,Deux véhicules - côté,3,3,4,0,1,1,2,0,1,50,,2,0,0,0,2,32.0,,,,1,2,1,8,3
202100001384,2021-12-25 09:20:00,2021,12,25,9,20,93,93073,CHAPIT RE ( RUE DU),49.0017219175,2.5369620323,Crépuscule ou aube,Hors agglomération,Hors intersection,Pluie légère,Deux véhicules - arrière,4,1,2,0,1,1,2,2,1,70,,2,1,0,0,1,43.0,39.0,,,2,1,1,2,2
202100001385,2021-12-25 22:21:00,2021,12,25,22,21,93,93066,"""PERI GABRIEL, NR 2  A 114 ET 1 A 133""",48.9398326331,2.3565347311,Nuit avec éclairage allumé,En agglomération,Hors intersection,Pluie légère,Trois véhicules et plus - en chaîne,4,1,1,0,1,1,2,0,1,50,,9,6,0,0,3,24.0,25.0,,,5,2,1,2,4
202100001386,2021-12-24 19:05:00,2021,12,24,19,5,93,93053,PARC (RUE DU),48.89547,2.44364,Nuit avec éclairage allumé,En agglomération,Intersection en T,Pluie légère,Deux véhicules - côté,3,2,4,3,1,1,2,0,1,50,,2,1,0,0,1,30.0,27.0,,,5,2,3,2,3
202100001387,2021-12-25 16:20:00,2021,12,25,16,20,93,93033,JEAN MERMOZ (AVENUE),48.86078,2.5826,Plein jour,En agglomération,Intersection en X,Pluie légère,Deux véhicules - côté,4,2,2,0,1,1,2,0,1,30,,3,1,0,0,2,21.0,,,,1,2,2,2,3
202100001388,2021-12-25 04:40:00,2021,12,25,4,40,92,92078,CHARLES DE GAULLE (BD)(72 AU 308),48.9427518401,2.3186463118,Nuit sans éclairage public,En agglomération,Hors intersection,Pluie légère,Autre collision,3,1,2,0,1,3,2,0,1,50,,5,0,4,1,0,19.0,,,,3,2,1,2,6
202100001389,2021-12-25 19:25:00,2021,12,25,19,25,92,92050,PASCAL BLAISE BOULEVARD,48.8993985029,2.2091048956,Nuit avec éclairage allumé,En agglomération,Intersection en T,Normale,Autre collision,4,2,2,0,1,1,2,9,1,50,,2,1,0,0,1,21.0,,,,5,2,3,1,6
202100001390,2021-12-25 20:30:00,2021,12,25,20,30,92,92007,PORT GALAND (RUE DU),48.7885482586,2.3169726133,Nuit avec éclairage allumé,En agglomération,Hors intersection,Temps couvert,Deux véhicules - côté,4,2,2,0,1,1,2,0,1,50,,3,2,0,0,1,17.0,38.0,,,5,2,1,8,3
202100001391,2021-12-20 19:23:00,2021,12,20,19,23,10,10191,D677,48.335627,4.100304,Nuit sans éclairage public,Hors agglomération,Autre intersection,Normale,Autre collision,3,2,1,0,3,1,1,3,8,-1,,2,0,0,2,0,30.0,,,,3,1,9,1,6
202100001392,2021-12-27 02:20:00,2021,12,27,2,20,974,97404,Avenue Raymond Barre,-21.262647,55.362027,Nuit avec éclairage allumé,En agglomération,Giratoire,Normale,Deux véhicules - côté,4,2,2,0,1,1,1,5,1,-1,,2,1,0,1,0,19.0,,,,5,2,6,1,3
202100001393,2021-12-26 17:25:00,2021,12,26,17,25,972,97231,D7 FACE MANGOFIL,14.528878,-61.017079,Plein jour,Hors agglomération,Hors intersection,Normale,Trois véhicules et plus - collisions multiples,3,2,2,0,1,1,1,0,1,90,,6,5,0,1,0,45.0,59.0,,,1,1,1,1,5
202100001394,2021-12-26 21:50:00,2021,12,26,21,50,33,33095,,44.263858,-0.241199,Nuit sans éclairage public,Hors agglomération,Hors intersection,Normale,Deux véhicules - arrière,1,3,4,0,1,1,1,0,1,130,,6,4,0,1,1,40.0,32.0,,,3,1,1,1,2
202100001395,2021-12-18 09:30:00,2021,12,18,9,30,47,47108,D116,44.489434,0.132775,Plein jour,Hors agglomération,Hors intersection,Brouillard / fumée,Trois véhicules et plus - collisions multiples,3,2,2,0,1,4,1,0,1,80,,3,2,0,1,0,46.0,38.0,,,1,1,1,5,5
202100001396,2021-12-26 22:50:00,2021,12,26,22,50,62,62712,D7,50.224916,2.680374,Nuit sans éclairage public,Hors agglomération,Intersection en X,Brouillard / fumée,Autre collision,3,-1,2,0,1,1,2,9,3,80,,4,0,0,1,3,20.0,,,,3,1,2,5,6
202100001397,2021-12-27 10:45:00,2021,12,27,10,45,56,56165,RN 24,47.920167,-2.357168,Plein jour,Hors agglomération,Hors intersection,Normale,Autre collision,2,3,4,0,1,1,2,0,3,110,,1,0,0,1,0,55.0,,,,1,1,1,1,6
202100001398,2021-12-27 12:00:00,2021,12,27,12,0,2B,2B096,RT 20,42.2947069905,9.1613423817,Plein jour,Hors agglomération,Hors intersection,Pluie légère,Sans collision,2,2,2,0,2,2,2,0,8,80,,1,0,0,1,0,25.0,,,,1,1,1,2,7
202100001399,2021-12-20 08:05:00,2021,12,20,8,5,82,82168,RD 43,44.225471,1.013876,Plein jour,Hors agglomération,Hors intersection,Autre,Sans collision,3,2,2,0,2,4,7,0,3,80,,1,0,0,1,0,42.0,,,,1,1,1,9,7
202100001400,2021-12-27 05:30:00,2021,12,27,5,30,71,71482,D61 PR 22+400,46.854369,4.319059,Nuit sans éclairage public,Hors agglomération,Hors intersection,Pluie légère,Autre collision,3,2,2,0,2,2,2,0,3,80,,1,0,1,0,0,21.0,,,,3,1,1,2,6
202100001401,2021-12-11 23:10:00,2021,12,11,23,10,63,63010,Rue Saturnin Allard,45.411312,3.724666,Nuit avec éclairage allumé,En agglomération,Hors intersection,Normale,Autre collision,3,2,2,0,1,3,1,0,4,50,,3,0,0,2,1,54.0,,,,5,2,1,1,6
202100001402,2021-12-26 20:10:00,2021,12,26,20,10,47,47297,D113,44.332129,0.629826,Nuit sans éclairage public,Hors agglomération,Hors intersection,Normale,Autre collision,3,2,2,0,3,2,1,0,1,80,,1,0,1,0,0,72.0,,,,3,1,1,1,6
202100001403,2021-12-27 00:00:00,2021,12,27,0,0,22,22061,Le Merdy,48.17266838,-3.37001323,Nuit sans éclairage public,Hors agglomération,Hors intersection,Brouillard / fumée,Autre collision,3,2,2,0,2,2,2,0,3,80,,1,0,1,0,0,23.0,,,,3,1,1,5,6
202100001404,2021-12-26 20:05:00,2021,12,26,20,5,03,03163,D906,46.036949,3.475322,Nuit sans éclairage public,Hors agglomération,Hors intersection,Normale,Deux véhicules - arrière,3,2,3,0,1,1,2,0,1,90,,4,0,0,1,3,24.0,36.0,,,3,1,1,1,2
202100001405,2021-12-26 08:30:00,2021,12,26,8,30,85,85064,A87,46.828585,-1.223388,Crépuscule ou aube,Hors agglomération,Hors intersection,Normale,Autre collision,1,3,4,0,1,1,2,0,1,130,,1,0,0,1,0,63.0,,,,2,1,1,1,6
202100001406,2021-12-25 16:30:00,2021,12,25,16,30,58,58266,D34,47.197575,3.508002,Plein jour,Hors agglomération,Hors intersection,Pluie forte,Sans collision,3,2,2,0,1,3,2,0,3,80,,1,0,0,1,0,82.0,,,,1,1,1,3,7
202100001407,2021-12-27 07:15:00,2021,12,27,7,15,14,14124,Ferme du Marais,49.33083,-1.025886,Nuit sans éclairage public,Hors agglomération,Hors intersection,Pluie légère,Autre collision,3,2,2,0,1,1,2,0,3,80,,1,0,0,1,0,40.0,,,,3,1,1,2,6
202100001408,2021-12-27 15:15:00,2021,12,27,15,15,16,16337,Saint-Maurice-des-Lions,45.9513709834,0.7140469551,Plein jour,Hors agglomération,Hors intersection,Pluie légère,Trois véhicules et plus - collisions multiples,3,2,2,0,1,1,2,0,1,80,,8,1,0,1,6,43.0,88.0,,,1,1,1,2,5
202100001409,2021-12-25 17:30:00,2021,12,25,17,30,04,04013,RN 85,44.113534,5.996883,Crépuscule ou aube,Hors agglomération,Hors intersection,Temps couvert,Deux véhicules - frontale,2,2,2,0,1,1,2,0,1,80,,2,1,0,0,1,37.0,81.0,,,2,1,1,8,1
202100001410,2021-12-26 17:20:00,2021,12,26,17,20,37,37050,34 Rue de la Plaine,47.3424855464,0.7148952037,Crépuscule ou aube,En agglomération,Intersection en T,Pluie légère,Deux véhicules - frontale,4,1,2,1,1,1,2,0,1,30,,3,1,0,0,2,17.0,36.0,,,2,2,3,2,1
202100001411,2021-12-27 18:30:00,2021,12,27,18,30,30,30228,RD18,43.9422,4.3187,Nuit sans éclairage public,Hors agglomération,Hors intersection,Brouillard / fumée,Deux véhicules - frontale,3,2,2,0,1,1,2,0,1,80,,2,0,0,0,2,72.0,75.0,,,3,1,1,5,1
202100001412,2021-12-26 16:20:00,2021,12,26,16,20,18,18167,A20 PK019+950,47.114113,1.902416,Plein jour,Hors agglomération,Autre intersection,Normale,Autre collision,1,3,4,0,1,1,1,0,3,130,,2,0,0,1,1,73.0,,,,1,1,9,1,6
202100001413,2021-12-23 18:00:00,2021,12,23,18,0,82,82052,A62 pk 181.300,44.005178,1.220663,Nuit sans éclairage public,Hors agglomération,Hors intersection,Pluie légère,Deux véhicules - arrière,1,3,2,0,1,1,2,0,1,130,,2,1,0,1,0,72.0,34.0,,,3,1,1,2,2
202100001414,2021-12-27 08:03:00,2021,12,27,8,3,49,49323,D323,47.49743,-0.49299,Crépuscule ou aube,Hors agglomération,Giratoire,Normale,Deux véhicules - arrière,3,3,4,0,1,1,2,5,1,90,,2,1,0,0,1,19.0,37.0,,,2,1,6,1,2
202100001415,2021-12-26 19:00:00,2021,12,26,19,0,987,98748,"Vairao Pk 10+500 c/mont, face Ifremer",-17.827213,-149.242395,Crépuscule ou aube,Hors agglomération,Hors intersection,Normale,Deux véhicules - côté,2,2,2,0,1,2,1,0,3,60,,1,0,1,0,0,20.0,,,,2,1,1,1,3
202100001416,2021-12-27 02:30:00,2021,12,27,2,30,988,98817,avenue des deux baies,-22.229317,166.523691,Nuit avec éclairage allumé,En agglomération,Hors intersection,Normale,Autre collision,3,3,4,0,1,1,1,0,1,50,,2,1,0,1,0,,,,,5,2,1,1,6