accident_id,datetime,annee,mois,jour,heure,minute,departement,commune_insee,adresse,latitude,longitude,luminosite,agglomeration,intersection,meteo,collision,catr,circ,nbv,vosp,prof,plan,surf,infra,situ,vma,nb_vehicules,nb_usagers,nb_indemnes,nb_tues,nb_blesses_hosp,nb_blesses_legers,age_cond_1,age_cond_2,veh_type_cond_1,veh_type_cond_2,lum_code,agg_code,int_code,atm_code,col_code
202100001417,2021-12-28 01:30:00,2021,12,28,1,30,988,98821,Echangeur SAVANNAH NOURÉ - VE2,-22.163868,166.384571,Nuit sans éclairage public,Hors agglomération,Intersection en Y,Normale,Sans collision,1,3,4,0,1,3,1,0,3,110,,1,0,1,0,0,46.0,,,,3,1,4,1,7
202100001418,2021-12-24 10:50:00,2021,12,24,10,50,986,98613,Afala,-13.267107,-176.180912,Plein jour,Hors agglomération,Hors intersection,Normale,Autre collision,2,2,2,0,4,2,1,0,1,70,,2,0,0,1,1,31.0,,,,1,1,1,1,6
202100001419,2021-12-27 14:30:00,2021,12,27,14,30,976,97607,Tsararano,-12.837159,45.179107,Plein jour,Hors agglomération,Hors intersection,Normale,Trois véhicules et plus - collisions multiples,2,2,2,0,1,1,1,0,1,70,,4,2,0,0,2,16.0,45.0,,,1,1,1,1,5
202100001420,2021-12-24 19:05:00,2021,12,24,19,5,973,97305,42 impasse waki,4.9849231622,-52.4867543578,Nuit avec éclairage allumé,En agglomération,Hors intersection,Pluie légère,Autre collision,4,1,2,0,1,1,2,0,4,50,,2,1,1,0,0,31.0,,,,5,2,1,2,6
202100001421,2021-12-27 06:05:00,2021,12,27,6,5,37,37027,107 Le Cendrier,47.2973408206,1.012577489,Nuit avec éclairage allumé,En agglomération,Hors intersection,Pluie forte,Autre collision,4,2,1,0,2,3,2,0,3,50,,1,0,0,1,0,24.0,,,,5,2,1,3,6
202100001422,2021-12-27 17:00:00,2021,12,27,17,0,13,13096,D38,43.450543,4.410689,Plein jour,Hors agglomération,Hors intersection,Normale,Deux véhicules - arrière,3,2,2,0,1,1,1,0,1,70,,2,1,0,0,1,91.0,66.0,,,1,1,1,1,2
202100001423,2021-12-27 10:10:00,2021,12,27,10,10,13,13027,Avenue de la Libération,43.885723,4.866643,Plein jour,En agglomération,Hors intersection,Pluie forte,Trois véhicules et plus - collisions multiples,3,2,2,0,1,1,2,0,1,50,,3,0,0,1,2,58.0,26.0,,,1,2,1,3,5
202100001424,2021-12-27 16:15:00,2021,12,27,16,15,26,26165,Autoroute du Soleil,44.780708,4.816818,Crépuscule ou aube,Hors agglomération,Hors intersection,Temps couvert,Autre collision,1,3,3,0,1,1,2,0,2,130,,1,0,0,1,0,75.0,,,,2,1,1,8,6
202100001425,2021-12-22 20:15:00,2021,12,22,20,15,38,38158,Avenue Teisseire,45.16146,5.754524,Nuit avec éclairage allumé,En agglomération,Hors intersection,Normale,Autre collision,7,2,2,0,4,1,1,0,1,30,,2,1,0,1,0,,,,,5,2,1,1,6
202100001426,2021-12-27 11:25:00,2021,12,27,11,25,64,64252,rue marie blanque,43.160224,-0.600212,Plein jour,En agglomération,Hors intersection,Temps couvert,Autre collision,4,2,2,0,1,3,2,0,3,50,,1,0,0,1,0,47.0,,,,1,2,1,8,6
202100001427,2021-12-27 07:10:00,2021,12,27,7,10,35,35363,La gibotière,48.005451,-1.707945,Nuit sans éclairage public,Hors agglomération,Autre intersection,Temps couvert,Autre collision,7,2,2,0,1,3,2,0,8,70,,3,0,1,0,2,18.0,,,,3,1,9,8,6
202100001428,2021-12-25 12:30:00,2021,12,25,12,30,13,13215,A55-Sens Martigues vers Marseille,43.33183,5.35447,Plein jour,Hors agglomération,Hors intersection,Normale,Trois véhicules et plus - collisions multiples,1,1,3,0,1,3,2,0,1,90,,5,3,0,0,2,39.0,22.0,,,1,1,1,1,5
202100001429,2021-12-21 04:50:00,2021,12,21,4,50,13,13117,A7-Sens Marseille vers Lyon,43.44908,5.24028,Nuit sans éclairage public,Hors agglomération,Hors intersection,Normale,Deux véhicules - arrière,1,1,0,0,1,1,1,0,2,110,,2,1,0,0,1,23.0,28.0,,,3,1,1,1,2
202100001430,2021-12-25 04:05:00,2021,12,25,4,5,33,33063,Rocade Nord A630 -E4-,44.884087,-0.557897,Nuit avec éclairage allumé,Hors agglomération,Hors intersection,Normale,Deux véhicules - arrière,1,3,8,0,1,1,1,3,1,70,,5,1,0,0,4,27.0,32.0,,,5,1,1,1,2
202100001431,2021-12-25 10:45:00,2021,12,25,10,45,91,91136,AUTOROUTE A10,48.710886,2.288146,Plein jour,Hors agglomération,Hors intersection,Pluie légère,Sans collision,1,1,2,0,2,2,2,0,1,70,,1,0,0,0,1,44.0,,,,1,1,1,2,7
202100001432,2021-12-24 04:40:00,2021,12,24,4,40,92,92064,A13,48.8369848767,2.1873915074,Nuit sans éclairage public,Hors agglomération,Hors intersection,Normale,Sans collision,1,3,3,0,1,1,1,0,2,110,,1,0,0,0,1,48.0,,,,3,1,1,1,7
202100001433,2021-12-25 18:15:00,2021,12,25,18,15,93,93029,AUTOROUTE A86,48.92737,2.41888,Crépuscule ou aube,Hors agglomération,Hors intersection,Pluie légère,Deux véhicules - frontale,1,3,3,0,1,1,2,1,1,90,,1,0,0,0,1,23.0,,,,2,1,1,2,1
202100001434,2021-12-25 15:20:00,2021,12,25,15,20,95,95277,RD 170 ,48.9775317373,2.4661302567,Plein jour,Hors agglomération,Hors intersection,Pluie légère,Deux véhicules - arrière,3,3,4,0,1,1,2,0,1,70,,3,2,0,0,1,28.0,36.0,,,1,1,1,2,2
202100001435,2021-12-25 13:28:00,2021,12,25,13,28,95,95572, A15,49.0308598442,2.1211767197,Plein jour,Hors agglomération,Hors intersection,Normale,Autre collision,1,1,1,0,1,3,1,3,1,50,,1,0,0,0,1,42.0,,,,1,1,1,1,6
202100001436,2021-12-25 13:30:00,2021,12,25,13,30,93,93005,AUTOROUTE A104,48.97197,2.49516,Plein jour,Hors agglomération,Hors intersection,Normale,Sans collision,1,3,3,0,1,1,2,0,1,90,,1,0,0,0,1,30.0,,,,1,1,1,1,7
202100001437,2021-12-25 00:25:00,2021,12,25,0,25,94,94046,A86.EXT,48.8085628803,2.4490578633,Nuit avec éclairage allumé,Hors agglomération,Hors intersection,Normale,Autre collision,1,1,2,0,1,1,2,1,1,70,,2,0,0,0,2,27.0,,,,5,1,1,1,6
202100001438,2021-12-24 23:20:00,2021,12,24,23,20,94,94073,A86 EXT,48.7701146919,2.3822327243,Nuit sans éclairage public,Hors agglomération,Hors intersection,Pluie légère,Autre collision,1,1,3,0,1,3,2,0,1,90,,1,0,0,0,1,35.0,,,,3,1,1,2,6
202100001439,2021-12-24 15:50:00,2021,12,24,15,50,94,94065,N186,48.7535043338,2.3613490863,Plein jour,Hors agglomération,Hors intersection,Normale,Deux véhicules - arrière,2,1,2,0,1,1,1,0,1,90,,2,1,0,0,1,25.0,26.0,,,1,1,1,1,2
202100001440,2021-12-23 12:40:00,2021,12,23,12,40,974,97411,AUBER (RUE JULES),-20.88262,55.45432,Plein jour,En agglomération,Intersection en X,Pluie légère,Deux véhicules - côté,4,1,2,0,1,1,2,0,1,50,,3,1,0,0,2,49.0,22.0,,,1,2,2,2,3
202100001441,2021-12-25 04:20:00,2021,12,25,4,20,973,97309,TROUBIRAN (CHEMIN DE),4.91791,-52.30714,Plein jour,En agglomération,Hors intersection,Normale,Trois véhicules et plus - collisions multiples,4,2,2,0,1,1,1,0,1,50,,4,2,0,0,2,36.0,50.0,,,1,2,1,1,5
202100001442,2021-12-24 14:35:00,2021,12,24,14,35,972,97213,FERNAND GUILLON (BOULEVARD),14.616932,-60.996701,Plein jour,En agglomération,Intersection en X,Normale,Deux véhicules - côté,4,1,1,0,2,1,1,0,1,50,,3,1,0,0,2,18.0,49.0,,,1,2,2,1,3
202100001443,2021-12-24 15:40:00,2021,12,24,15,40,69,69385,DEBROUSSE (AV),45.75042,4.81413,Plein jour,En agglomération,Hors intersection,Normale,Deux véhicules - frontale,4,2,2,0,4,3,1,0,1,50,,2,1,0,0,1,61.0,24.0,,,1,2,1,1,1
202100001444,2021-12-23 11:15:00,2021,12,23,11,15,69,69382,BELLECOUR (PL),45.75814,4.83049,Plein jour,En agglomération,Hors intersection,Normale,Autre collision,4,2,3,0,1,1,1,0,1,50,,2,1,0,0,1,43.0,,,,1,2,1,1,6
202100001445,2021-12-24 08:34:00,2021,12,24,8,34,971,97113,Pont de BLANCHARD,16.22173,-61.52296,Plein jour,Hors agglomération,Intersection en T,Normale,Deux véhicules - côté,4,1,1,0,1,1,1,9,1,50,,2,1,0,0,1,56.0,28.0,,,1,1,3,1,3
202100001446,2021-12-21 21:00:00,2021,12,21,21,0,971,97113,BAS DU FORT,16.21806,-61.51594,Nuit avec éclairage allumé,En agglomération,Autre intersection,Normale,Autre collision,6,-1,0,0,1,1,1,9,8,10,,2,1,0,0,1,,,,,5,2,9,1,6
202100001447,2021-12-24 01:37:00,2021,12,24,1,37,95,95268,AV DU GENERAL DE GAULLE,48.97667,2.39203,Nuit avec éclairage allumé,En agglomération,Intersection en X,Normale,Deux véhicules - côté,3,3,4,0,1,1,1,0,1,50,,2,1,0,0,1,50.0,,,,5,2,2,1,3
202100001448,2021-12-23 18:25:00,2021,12,23,18,25,95,95598,SAINT PAUL   RUE,48.992844,2.310734,Nuit avec éclairage allumé,En agglomération,Hors intersection,Temps couvert,Deux véhicules - arrière,3,2,2,0,2,3,1,0,1,50,,2,0,0,1,1,20.0,37.0,,,5,2,1,8,2
202100001449,2021-12-20 00:10:00,2021,12,20,0,10,95,95218,RN 184,49.01849,2.09615,Nuit avec éclairage allumé,En agglomération,Intersection en X,Normale,Autre collision,2,3,4,0,1,1,1,5,1,50,,3,2,0,1,0,42.0,,,,5,2,2,1,6
202100001450,2021-12-24 15:50:00,2021,12,24,15,50,91,91201,RUE PIERRE BROSSOLETTE,48.68466,2.41565,Plein jour,En agglomération,Intersection en X,Normale,Deux véhicules - côté,4,2,2,0,1,1,1,0,1,50,,5,4,0,0,1,56.0,28.0,,,1,2,2,1,3
202100001451,2021-12-24 11:25:00,2021,12,24,11,25,91,91657,AV HENRI CHARON,48.70677,2.42103,Plein jour,En agglomération,Hors intersection,Normale,Deux véhicules - côté,4,2,2,0,1,1,1,0,1,50,,2,0,0,0,2,28.0,45.0,,,1,2,1,1,3
202100001452,2021-12-23 15:00:00,2021,12,23,15,0,86,86194,Rue de la Clouere,46.591282,0.3584,Plein jour,En agglomération,Hors intersection,Normale,Deux véhicules - côté,4,2,2,0,1,1,1,0,1,50,,2,1,0,0,1,,76.0,,,1,2,1,1,3
202100001453,2021-12-23 15:10:00,2021,12,23,15,10,81,81033,MALROUX (AV. AUGUSTIN),44.02705,2.12863,Plein jour,En agglomération,Intersection en Y,Normale,Deux véhicules - frontale,3,2,2,0,4,3,2,0,1,30,,3,2,0,1,0,54.0,48.0,,,1,2,4,1,1
202100001454,2021-12-24 19:45:00,2021,12,24,19,45,76,76231,SAUSSAYE. RUE DE LA,49.27353,0.9975,Nuit avec éclairage allumé,En agglomération,Hors intersection,Pluie légère,Sans collision,7,2,2,0,2,1,2,0,1,50,,1,0,0,0,1,65.0,,,,5,2,1,2,7
202100001455,2021-12-24 09:50:00,2021,12,24,9,50,76,76540,LA FAYETTE. RUE,49.43261,1.08957,Plein jour,En agglomération,Hors intersection,Normale,Deux véhicules - frontale,4,2,2,3,1,1,2,0,6,50,,2,1,0,0,1,79.0,19.0,,,1,2,1,1,1
202100001456,2021-12-23 12:40:00,2021,12,23,12,40,72,72181,ISAAC (RUE) N° PAIRS 126 ET >,48.014,0.221,Plein jour,En agglomération,Intersection en X,Normale,Autre collision,4,2,3,0,1,1,1,0,1,50,,2,1,0,1,0,26.0,,,,1,2,2,1,6
202100001457,2021-12-23 19:00:00,2021,12,23,19,0,66,66136,SAINT CHARLES (ROCADE),42.68108,2.852,Plein jour,En agglomération,Hors intersection,Normale,Deux véhicules - frontale,4,1,1,0,1,1,1,0,1,50,,2,1,0,0,1,38.0,24.0,,,1,2,1,1,1
202100001458,2021-12-24 13:25:00,2021,12,24,13,25,64,64445,Avenue des Lilas,43.32125,-0.33996,Plein jour,En agglomération,Intersection en T,Normale,Deux véhicules - côté,4,2,2,0,1,1,1,0,1,50,,3,1,0,0,2,54.0,30.0,,,1,2,3,1,3
202100001459,2021-12-23 07:00:00,2021,12,23,7,0,63,63113,AUBIGNE (RUE D'),45.77889,3.10867,Nuit avec éclairage allumé,En agglomération,Hors intersection,Normale,Sans collision,4,2,2,0,1,1,1,0,1,50,,1,0,0,0,1,31.0,,,,5,2,1,1,7
202100001460,2021-12-23 01:50:00,2021,12,23,1,50,63,63113,COTE BLATIN (BD),45.77027,3.09191,Nuit avec éclairage allumé,En agglomération,Hors intersection,Normale,Autre collision,4,1,3,3,1,1,1,0,1,50,,1,0,0,0,1,47.0,,,,5,2,1,1,6
202100001461,2021-12-23 16:00:00,2021,12,23,16,0,59,59512,PILE (RUE DU),50.689298685,3.1970214844,Crépuscule ou aube,En agglomération,Place,Pluie légère,Autre collision,4,2,2,0,1,1,2,5,1,50,,2,1,0,0,1,17.0,,,,2,2,7,2,6
202100001462,2021-12-23 22:30:00,2021,12,23,22,30,59,59203,PARENT HUBERT(RUE),50.3600504607,3.3087139829,Nuit avec éclairage allumé,En agglomération,Intersection en T,Normale,Deux véhicules - côté,3,2,2,0,1,3,2,0,1,50,,3,1,1,1,0,17.0,22.0,,,5,2,3,1,3
202100001463,2021-12-24 07:00:00,2021,12,24,7,0,54,54395,CUGNOT (QUAI/RUE JOSEPH),48.67781,6.20242,Crépuscule ou aube,En agglomération,Hors intersection,Normale,Autre collision,4,2,2,0,1,1,1,0,1,50,,1,0,0,0,1,39.0,,,,2,2,1,1,6
202100001464,2021-12-24 08:30:00,2021,12,24,8,30,54,54395,SALLE (RUE DE LA),48.68624,6.19186,Plein jour,En agglomération,Giratoire,Pluie légère,Deux véhicules - côté,4,1,1,2,1,1,2,-1,1,30,,2,1,0,0,1,52.0,31.0,,,1,2,6,2,3
202100001465,2021-12-24 14:02:00,2021,12,24,14,2,49,49353,BAHONNEAU BOULEVARD,47.45418,-0.48283,Plein jour,En agglomération,Intersection en Y,Normale,Deux véhicules - côté,4,2,2,0,1,1,2,0,1,50,,2,1,0,0,1,38.0,53.0,,,1,2,4,1,3
202100001466,2021-12-23 11:21:00,2021,12,23,11,21,49,49246,VILLESICARD,47.44536,-0.52689,Plein jour,En agglomération,Hors intersection,Normale,Deux véhicules - côté,4,2,2,0,1,1,1,0,1,50,,2,1,0,1,0,76.0,15.0,,,1,2,1,1,3
202100001467,2021-12-23 08:01:00,2021,12,23,8,1,49,49015,TERNIERE RUE DE LA,47.50679,-0.58983,Crépuscule ou aube,En agglomération,Hors intersection,Normale,Deux véhicules - côté,4,2,2,0,1,1,1,0,1,50,,2,1,0,1,0,64.0,17.0,,,2,2,1,1,3
202100001468,2021-12-23 05:50:00,2021,12,23,5,50,47,47323,LECLERC (AVENUE DU MARECHAL),44.401408,0.705588,Nuit avec éclairage allumé,En agglomération,Hors intersection,Temps couvert,Deux véhicules - côté,4,2,1,0,1,1,2,0,1,50,,2,1,0,1,0,79.0,33.0,,,5,2,1,8,3
202100001469,2021-12-24 00:50:00,2021,12,24,0,50,47,47001,QUAI DU CANAL,44.209,0.6202,Nuit avec éclairage allumé,En agglomération,Hors intersection,Pluie légère,Deux véhicules - frontale,4,2,2,0,2,1,2,0,1,50,,2,0,1,0,1,27.0,26.0,,,5,2,1,2,1
202100001470,2021-12-24 14:50:00,2021,12,24,14,50,45,45234,Rue Aignan Thomas Desfriches,47.90187,1.91416,Plein jour,En agglomération,Hors intersection,Normale,Sans collision,4,1,1,0,1,1,1,0,1,50,,3,2,0,0,1,52.0,,,,1,2,1,1,7
202100001471,2021-12-23 19:26:00,2021,12,23,19,26,45,45234,Cours Victor Hugo,47.8889816667,1.8959140778,Crépuscule ou aube,En agglomération,Giratoire,Pluie légère,Deux véhicules - arrière,4,2,2,0,1,1,2,0,1,50,,3,2,0,0,1,26.0,35.0,,,2,2,6,2,2
202100001472,2021-12-02 13:35:00,2021,12,2,13,35,42,42218,Boulevard Daguerre,45.42321,4.39056,Plein jour,En agglomération,Autre intersection,Normale,Autre collision,4,2,2,0,1,1,1,0,1,50,,2,1,0,0,1,61.0,,,,1,2,9,1,6
202100001473,2021-12-10 18:55:00,2021,12,10,18,55,42,42218,Boulevard Augustin Thierry,45.44684,4.38361,Nuit avec éclairage allumé,En agglomération,Intersection en X,Normale,Autre collision,4,2,2,0,1,1,1,0,1,50,,2,1,0,0,1,48.0,,,,5,2,2,1,6
202100001474,2021-12-11 19:00:00,2021,12,11,19,0,42,42218,Boulevard Georges Pompidou,45.45426,4.40012,Nuit avec éclairage allumé,En agglomération,Intersection en Y,Pluie légère,Deux véhicules - arrière,4,2,1,0,1,1,2,0,1,50,,2,1,0,0,1,43.0,43.0,,,5,2,4,2,2
202100001475,2021-12-24 18:50:00,2021,12,24,18,50,38,38185,REYNOARD (AV. M.),45.16,5.7,Nuit avec éclairage allumé,En agglomération,Intersection en X,Pluie légère,Deux véhicules - côté,3,3,2,0,1,1,1,0,1,50,,2,1,0,0,1,21.0,19.0,,,5,2,2,2,3
202100001476,2021-12-24 16:20:00,2021,12,24,16,20,38,38169,BOULEVARD JOLIOT-CURIE,45.19439,5.69463,Plein jour,En agglomération,Intersection en X,Temps couvert,Deux véhicules - côté,4,2,2,0,1,1,2,0,1,50,,2,1,0,0,1,28.0,36.0,,,1,2,2,8,3
202100001477,2021-12-18 14:37:00,2021,12,18,14,37,35,35093,FEART (BOULEVARD),48.6317,-2.05517,Plein jour,En agglomération,Intersection en T,Normale,Autre collision,3,2,2,0,1,1,1,0,1,30,,2,1,0,1,0,78.0,,,,1,2,3,1,6
202100001478,2021-12-24 11:50:00,2021,12,24,11,50,33,33281,Avenue Pierre Mendès-France,44.83438,-0.64084,Plein jour,En agglomération,Hors intersection,Normale,Deux véhicules - côté,4,2,2,1,1,1,1,0,1,50,,2,1,0,0,1,20.0,17.0,,,1,2,1,1,3
202100001479,2021-12-22 20:10:00,2021,12,22,20,10,33,33013,Avenue de l’Eglise Romane,44.8647,-0.49798,Nuit avec éclairage allumé,En agglomération,Intersection en T,Normale,Deux véhicules - côté,4,2,2,0,1,1,8,0,1,50,,2,1,0,0,1,71.0,19.0,,,5,2,3,1,3
202100001480,2021-12-24 10:30:00,2021,12,24,10,30,31,31555,BD DE LA GARE,43.60794,1.45583,Plein jour,En agglomération,Hors intersection,Normale,Deux véhicules - arrière,4,1,3,3,1,1,1,0,1,50,,2,1,0,0,1,22.0,36.0,,,1,2,1,1,2
202100001481,2021-12-23 13:17:00,2021,12,23,13,17,29,29232,Route de Plogonnec,48.03969,-4.12231,Plein jour,Hors agglomération,Hors intersection,Normale,Autre collision,3,2,2,0,2,2,2,2,8,80,,3,0,1,2,0,25.0,,,,1,1,1,1,6
202100001482,2021-12-23 16:15:00,2021,12,23,16,15,29,29019,Giratoire Rue Général Paulet,48.4124,-4.4756,Plein jour,En agglomération,Giratoire,Normale,Deux véhicules - côté,4,2,2,1,1,1,1,5,1,30,,2,1,0,0,1,30.0,30.0,,,1,2,6,1,3
202100001483,2021-12-23 19:56:00,2021,12,23,19,56,29,29019,PLYMOUTH (DE 89 A 135 ET 54 A 118),48.385975,-4.532991,Nuit avec éclairage allumé,En agglomération,Intersection en T,Normale,Deux véhicules - frontale,4,2,2,0,1,1,1,5,1,50,,2,1,0,0,1,55.0,27.0,,,5,2,3,1,1
202100001484,2021-12-23 16:40:00,2021,12,23,16,40,25,25056,BRULARD  RUE GENERAL,47.228738,6.007195,Plein jour,En agglomération,Intersection en X,Normale,Deux véhicules - côté,4,3,1,0,1,1,1,0,1,50,,2,1,0,0,1,41.0,35.0,,,1,2,2,1,3
202100001485,2021-12-24 14:40:00,2021,12,24,14,40,22,22187,MONTESQUIEU,48.5410686172,-2.8314514152,Plein jour,Hors agglomération,Intersection en T,Pluie légère,Deux véhicules - côté,3,1,1,0,1,1,2,3,1,70,,2,1,0,0,1,56.0,51.0,,,1,1,3,2,3
202100001486,2021-12-24 02:11:00,2021,12,24,2,11,13,13205,SAINT PIERRE (RUE),43.29585,5.4111,Nuit avec éclairage allumé,En agglomération,Hors intersection,Pluie légère,Autre collision,4,-1,2,0,1,1,2,0,1,50,,1,0,0,1,0,26.0,,,,5,2,1,2,6
202100001487,2021-12-24 07:32:00,2021,12,24,7,32,10,10387,EDOUARD HERRIOT (RUE),48.27069,4.08472,Nuit avec éclairage allumé,En agglomération,Intersection en T,Pluie légère,Deux véhicules - côté,4,1,1,0,1,1,2,0,1,50,,2,1,0,0,1,64.0,35.0,,,5,2,3,2,3
202100001488,2021-12-24 11:20:00,2021,12,24,11,20,07,07186,PETIT TOURNON (AVENUE DU),44.73643,4.59826,Plein jour,En agglomération,Intersection en Y,Pluie légère,Autre collision,3,-1,2,0,1,1,2,9,1,50,,2,1,0,1,0,26.0,,,,1,2,4,2,6
202100001489,2021-12-22 13:45:00,2021,12,22,13,45,07,07116,RN 102,44.63966,4.3721,Plein jour,Hors agglomération,Hors intersection,Normale,Deux véhicules - côté,2,2,2,0,1,1,1,0,1,70,,2,1,0,1,0,33.0,58.0,,,1,1,1,1,3
202100001490,2021-12-21 01:05:00,2021,12,21,1,5,06,06088,MEDECIN (AV. JEAN),43.70611,7.26445,Nuit avec éclairage allumé,En agglomération,Passage à niveau,Normale,Sans collision,4,2,2,3,2,1,1,4,6,25,,1,0,1,0,0,47.0,,,,5,2,8,1,7
202100001491,2021-12-24 12:15:00,2021,12,24,12,15,06,06069,PASTEUR (BOULEVARD),43.656023,6.915389,Plein jour,En agglomération,Hors intersection,Pluie légère,Autre collision,3,2,2,0,2,1,2,0,1,50,,1,0,0,0,1,26.0,,,,1,2,1,2,6
202100001492,2021-12-24 10:00:00,2021,12,24,10,0,06,06069,POMPIDOU (AVENUE GEORGES) -RD 6085,43.647307,6.936891,Plein jour,En agglomération,Hors intersection,Pluie légère,Deux véhicules - côté,4,2,2,0,2,3,2,0,1,50,,3,2,0,0,1,48.0,37.0,,,1,2,1,2,3
202100001493,2021-12-24 16:05:00,2021,12,24,16,5,75,75115,QUAI D ISSY LES MOULINEAUX,48.835298,2.272199,Plein jour,En agglomération,Hors intersection,Normale,Autre collision,4,1,4,0,1,1,1,0,1,70,,1,0,0,1,0,53.0,,,,1,2,1,1,6
202100001494,2021-12-24 12:45:00,2021,12,24,12,45,75,75120,RUE BELGRAND,48.864794,2.401313,Plein jour,En agglomération,Intersection en X,Pluie légère,Deux véhicules - côté,4,2,2,1,1,1,2,0,1,30,,2,1,0,0,1,46.0,23.0,,,1,2,2,2,3
202100001495,2021-12-24 18:40:00,2021,12,24,18,40,75,75115,RUE CORBON,48.835613,2.302778,Nuit avec éclairage allumé,En agglomération,Intersection en Y,Pluie légère,Sans collision,4,1,1,0,2,1,2,-1,5,30,,1,0,0,0,1,84.0,,,,5,2,4,2,7
202100001496,2021-12-24 11:50:00,2021,12,24,11,50,75,75113,AVENUE DE FRANCE,48.827187,2.380048,Plein jour,En agglomération,Intersection en X,Pluie légère,Deux véhicules - frontale,4,2,2,0,1,1,2,0,1,30,,2,1,0,0,1,21.0,39.0,,,1,2,2,2,1
202100001497,2021-12-24 19:58:00,2021,12,24,19,58,75,75112,QUAI DE BERCY,48.833605,2.38222,Nuit avec éclairage allumé,En agglomération,Intersection en X,Pluie légère,Autre collision,4,2,6,0,1,1,2,0,4,50,,2,0,0,1,1,32.0,,,,5,2,2,2,6
202100001498,2021-12-24 14:15:00,2021,12,24,14,15,75,75111,BOULEVARD VOLTAIRE,48.850604,2.392201,Plein jour,En agglomération,Intersection en T,Temps couvert,Autre collision,4,2,2,0,1,1,2,0,1,30,,3,2,0,0,1,26.0,,,,1,2,3,8,6
202100001499,2021-12-24 06:20:00,2021,12,24,6,20,75,75111,RUE DE LA ROQUETTE,48.85433,2.371434,Crépuscule ou aube,En agglomération,Intersection en X,Pluie légère,Autre collision,4,1,1,0,1,1,2,0,4,30,,2,1,0,0,1,23.0,,,,2,2,2,2,6
202100001500,2021-12-24 19:30:00,2021,12,24,19,30,75,75108,AVENUE DES CHAMPS ELYSEES,48.87052,2.305295,Nuit avec éclairage allumé,En agglomération,Intersection en X,Pluie forte,Autre collision,4,2,8,1,2,1,2,0,1,50,,2,1,0,0,1,77.0,,,,5,2,2,3,6
202100001501,2021-12-23 15:40:00,2021,12,23,15,40,75,75101,RUE DES CAPUCINES,48.869797,2.328151,Plein jour,En agglomération,Intersection à plus de 4 branches,Normale,Deux véhicules - arrière,4,1,1,0,1,1,1,0,1,50,,3,2,0,0,1,55.0,36.0,,,1,2,5,1,2
202100001502,2021-12-23 12:40:00,2021,12,23,12,40,75,75110,BOULEVARD DE BONNE NOUVELLE,48.869706,2.351942,Plein jour,En agglomération,Intersection en Y,Normale,Autre collision,4,1,1,0,2,1,1,6,5,20,,2,1,0,0,1,,,,,1,2,4,1,6
202100001503,2021-12-19 16:10:00,2021,12,19,16,10,75,75102,BOULEVARD MONTMARTRE,48.871722,2.34162,Plein jour,En agglomération,Intersection en Y,Normale,Deux véhicules - côté,4,2,5,1,1,1,1,-1,5,30,,2,1,0,0,1,,29.0,,,1,2,4,1,3
202100001504,2021-12-23 18:40:00,2021,12,23,18,40,94,94068,LOUIS BLANC (AV),48.79208,2.49715,Nuit avec éclairage allumé,En agglomération,Intersection en X,Normale,Deux véhicules - côté,3,2,2,0,1,1,1,0,1,30,,2,0,0,0,2,19.0,59.0,,,5,2,2,1,3
202100001505,2021-12-24 14:00:00,2021,12,24,14,0,94,94021,Avenue Georges Guynemer,48.7659110343,2.3374915123,Plein jour,En agglomération,Hors intersection,Normale,Autre collision,3,1,4,0,1,1,1,0,1,50,,2,1,0,0,1,27.0,,,,1,2,1,1,6
202100001506,2021-12-24 11:30:00,2021,12,24,11,30,94,94043,FONTAINEBLEAU (AV DE),48.81378,2.36073,Plein jour,En agglomération,Hors intersection,Pluie légère,Deux véhicules - côté,3,2,4,0,1,1,2,0,1,50,,2,1,0,0,1,52.0,62.0,,,1,2,1,2,3
202100001507,2021-12-23 18:00:00,2021,12,23,18,0,94,94044,Avenue Charles de Gaulle,48.7513693649,2.5005269051,Nuit avec éclairage allumé,En agglomération,Hors intersection,Normale,Autre collision,4,1,2,0,1,1,1,0,1,50,,2,1,0,0,1,72.0,,,,5,2,1,1,6
202100001508,2021-12-22 13:05:00,2021,12,22,13,5,94,94002,Rue Joffrin,48.79984,2.42708,Plein jour,En agglomération,Intersection en X,Normale,Deux véhicules - côté,3,2,2,0,3,1,1,0,1,50,,2,1,0,0,1,,41.0,,,1,2,2,1,3
202100001509,2021-12-24 15:30:00,2021,12,24,15,30,93,93046,LEON BLUM CITE,48.909886,2.528898,Plein jour,En agglomération,Hors intersection,Temps couvert,Deux véhicules - frontale,3,1,1,0,1,1,1,0,1,50,,2,1,0,0,1,24.0,,,,1,2,1,8,1
202100001510,2021-12-24 21:10:00,2021,12,24,21,10,93,93031,ALLENDE (AVENUE SALVADOR),48.9561095866,2.3085474378,Nuit avec éclairage allumé,En agglomération,Hors intersection,Pluie légère,Autre collision,4,-1,4,0,1,1,2,5,1,50,,2,1,0,0,1,50.0,,,,5,2,1,2,6
202100001511,2021-12-23 15:40:00,2021,12,23,15,40,93,93029,ANATOLE FRANCE,48.9342208295,2.4559570156,Plein jour,En agglomération,Hors intersection,Normale,Autre collision,4,2,2,0,1,1,1,0,1,50,,2,1,1,0,0,32.0,,,,1,2,1,1,6