accident_id,datetime,annee,mois,jour,heure,minute,departement,commune_insee,adresse,latitude,longitude,luminosite,agglomeration,intersection,meteo,collision,catr,circ,nbv,vosp,prof,plan,surf,infra,situ,vma,nb_vehicules,nb_usagers,nb_indemnes,nb_tues,nb_blesses_hosp,nb_blesses_legers,age_cond_1,age_cond_2,veh_type_cond_1,veh_type_cond_2,lum_code,agg_code,int_code,atm_code,col_code
202100001512,2021-12-24 15:20:00,2021,12,24,15,20,92,92078,MARC SANGNIER (AVENUE),48.9297870821,2.3258788884,Plein jour,En agglomération,Intersection en T,Normale,Deux véhicules - côté,3,3,2,0,1,1,2,0,1,50,,2,1,0,0,1,43.0,37.0,,,1,2,3,1,3
202100001513,2021-12-24 14:00:00,2021,12,24,14,0,92,92072,TROYON (RUE),48.8264877649,2.2266277671,Plein jour,En agglomération,Hors intersection,Pluie légère,Sans collision,3,1,2,0,1,1,2,0,1,50,,1,0,0,0,1,29.0,,,,1,2,1,2,7
202100001514,2021-12-25 06:00:00,2021,12,25,6,0,36,36057,,46.880376,1.72418,Nuit sans éclairage public,Hors agglomération,Hors intersection,Pluie légère,Autre collision,3,2,2,0,1,3,2,0,3,80,,1,0,0,1,0,57.0,,,,3,1,1,2,6
202100001515,2021-12-25 19:15:00,2021,12,25,19,15,41,41040,D957,47.656687,1.270198,Nuit sans éclairage public,Hors agglomération,Hors intersection,Pluie légère,Deux véhicules - côté,3,2,3,0,2,2,2,0,1,90,,2,1,0,1,0,22.0,27.0,,,3,1,1,2,3
202100001516,2021-12-24 15:55:00,2021,12,24,15,55,972,97215,Terre Patate,14.876867,-61.139308,Plein jour,En agglomération,Hors intersection,Normale,Sans collision,3,2,2,0,2,1,1,0,1,50,,1,0,1,0,0,18.0,,,,1,2,1,1,7
202100001517,2021-12-26 00:50:00,2021,12,26,0,50,974,97414,Avenue du Dr Raymond Verges,-21.287196,55.408924,Nuit sans éclairage public,En agglomération,Hors intersection,Normale,Deux véhicules - frontale,2,2,2,0,1,3,1,0,4,50,,1,0,0,1,0,43.0,,,,3,2,1,1,1
202100001518,2021-12-23 18:25:00,2021,12,23,18,25,58,58002,Route de Donzy,47.433589,3.072889,Nuit sans éclairage public,Hors agglomération,Hors intersection,Autre,Sans collision,3,2,2,0,1,1,2,0,1,80,,1,0,0,1,0,21.0,,,,3,1,1,9,7
202100001519,2021-12-25 20:30:00,2021,12,25,20,30,19,19019,Le Moulin Abadiol - RD 940,44.988473,1.823049,Nuit sans éclairage public,Hors agglomération,Hors intersection,Normale,Autre collision,3,2,2,0,1,1,1,0,3,90,,4,1,0,1,2,26.0,,,,3,1,1,1,6
202100001520,2021-12-24 16:15:00,2021,12,24,16,15,56,56178,Rue Albert de Mun,48.052136,-2.959356,Plein jour,En agglomération,Hors intersection,Normale,Trois véhicules et plus - collisions multiples,4,2,2,0,1,1,1,0,1,70,,4,3,0,0,1,33.0,89.0,,,1,2,1,1,5
202100001521,2021-12-26 10:00:00,2021,12,26,10,0,65,65278,RD14 - PK 2 + 100,43.045229,0.300643,Plein jour,Hors agglomération,Hors intersection,Normale,Autre collision,3,2,2,0,2,3,1,0,1,80,,1,0,0,1,0,40.0,,,,1,1,1,1,6
202100001522,2021-12-25 16:30:00,2021,12,25,16,30,61,61214,Lieu Dit la Croix Lamirault,48.74753,0.595407,Plein jour,Hors agglomération,Giratoire,Temps couvert,Sans collision,3,2,2,0,1,2,1,0,1,90,,1,0,0,0,1,36.0,,,,1,1,6,8,7
202100001523,2021-12-26 12:30:00,2021,12,26,12,30,61,61487,pk 3 D223,48.537856,-0.665327,Plein jour,Hors agglomération,Hors intersection,Pluie légère,Autre collision,3,2,2,0,1,2,2,0,3,90,,4,3,0,1,0,23.0,,,,1,1,1,2,6
202100001524,2021-12-26 14:55:00,2021,12,26,14,55,61,61494,route de falaise,48.844748,0.028936,Plein jour,En agglomération,Intersection en Y,Pluie légère,Deux véhicules - côté,3,2,2,0,1,1,2,0,1,50,,4,0,2,2,0,31.0,64.0,,,1,2,4,2,3
202100001525,2021-12-23 15:20:00,2021,12,23,15,20,42,42149,Rue du Rival,45.643906,4.235755,Plein jour,En agglomération,Intersection en T,Temps éblouissant,Autre collision,4,2,2,0,1,1,1,0,1,50,,2,1,0,1,0,81.0,,,,1,2,3,7,6
202100001526,2021-12-25 11:25:00,2021,12,25,11,25,34,34178,Plaine de Réals,43.441815,3.119457,Plein jour,Hors agglomération,Hors intersection,Normale,Autre collision,4,2,2,0,2,2,1,0,3,80,,3,0,0,2,1,61.0,,,,1,1,1,1,6
202100001527,2021-12-25 02:30:00,2021,12,25,2,30,44,44069,Rue de Pradel,47.317014,-2.447408,Nuit sans éclairage public,En agglomération,Hors intersection,Pluie légère,Autre collision,4,2,2,0,1,1,2,0,3,50,,2,1,0,1,0,25.0,,,,3,2,1,2,6
202100001528,2021-12-25 17:20:00,2021,12,25,17,20,35,35203,Botte Veillard,48.171445,-1.972368,Nuit sans éclairage public,Hors agglomération,Hors intersection,Pluie légère,Autre collision,4,2,2,0,4,1,2,0,3,80,,1,0,0,1,0,40.0,,,,3,1,1,2,6
202100001529,2021-12-26 10:05:00,2021,12,26,10,5,29,29240,D791 - Lieu Dit Kergo Vraz,48.282629,-4.248308,Plein jour,Hors agglomération,Hors intersection,Temps couvert,Deux véhicules - frontale,3,2,2,0,2,2,2,0,1,80,,4,0,0,1,3,31.0,54.0,,,1,1,1,8,1
202100001530,2021-12-23 09:20:00,2021,12,23,9,20,38,38034,Avenue Louis - Michel Villaz,45.341302,5.063603,Plein jour,En agglomération,Intersection en X,Normale,Deux véhicules - côté,3,2,2,0,1,1,1,5,1,50,,2,1,0,1,0,58.0,81.0,,,1,2,2,1,3
202100001531,2021-12-26 03:15:00,2021,12,26,3,15,90,90041,D12,47.722267,6.914354,Nuit avec éclairage allumé,En agglomération,Hors intersection,Pluie légère,Autre collision,3,2,2,0,2,2,2,0,8,50,,1,0,1,0,0,16.0,,,,5,2,1,2,6
202100001532,2021-12-26 12:05:00,2021,12,26,12,5,21,21640,1bis Rue du Pré de la Ville,47.494057,4.222,Plein jour,En agglomération,Hors intersection,Pluie légère,Deux véhicules - frontale,3,2,2,0,2,1,2,0,1,50,,2,1,0,0,1,29.0,23.0,,,1,2,1,2,1
202100001533,2021-12-25 13:45:00,2021,12,25,13,45,24,24229,Chemin du Bos,45.127085,1.254308,Plein jour,Hors agglomération,Hors intersection,Normale,Deux véhicules - frontale,4,2,2,0,1,1,2,0,3,80,,1,0,0,1,0,49.0,,,,1,1,1,1,1
202100001534,2021-12-24 17:30:00,2021,12,24,17,30,24,24217,rd 710,44.943547,0.901426,Crépuscule ou aube,Hors agglomération,Hors intersection,Normale,Sans collision,3,2,2,0,1,3,1,0,3,80,,1,0,0,1,0,26.0,,,,2,1,1,1,7
202100001535,2021-12-25 18:00:00,2021,12,25,18,0,85,85244,"RD 148, PR 15+400",46.431688,-0.731301,Nuit sans éclairage public,Hors agglomération,Intersection en X,Pluie légère,Deux véhicules - côté,3,2,3,0,1,1,2,5,1,80,,3,0,0,0,3,82.0,29.0,,,3,1,2,2,3
202100001536,2021-12-25 15:00:00,2021,12,25,15,0,85,85267,Vienne,46.349201,-1.085088,Plein jour,Hors agglomération,Hors intersection,Pluie légère,Sans collision,3,2,2,0,1,1,2,0,3,80,,1,0,0,1,0,67.0,,,,1,1,1,2,7
202100001537,2021-12-26 13:45:00,2021,12,26,13,45,33,33447,A89,45.008168,-0.048929,Plein jour,Hors agglomération,Hors intersection,Normale,Deux véhicules - arrière,1,2,4,0,1,1,1,0,2,130,,3,1,0,1,1,35.0,30.0,,,1,1,1,1,2
202100001538,2021-12-25 16:25:00,2021,12,25,16,25,13,13080,ROUTE DES CROTTES D15,43.659928,5.476754,Plein jour,Hors agglomération,Hors intersection,Normale,Sans collision,7,2,2,0,1,1,1,0,3,80,,1,0,0,1,0,26.0,,,,1,1,1,1,7
202100001539,2021-12-25 14:40:00,2021,12,25,14,40,63,63164,"A71, PR 382.600",45.826084461,3.1580382586,Plein jour,Hors agglomération,Hors intersection,Temps couvert,Autre collision,1,3,6,0,1,1,1,0,1,110,,1,0,0,1,0,21.0,,,,1,1,1,8,6
202100001540,2021-12-25 05:55:00,2021,12,25,5,55,34,34337,D612,43.554627,3.844638,Nuit avec éclairage allumé,Hors agglomération,Intersection en Y,Autre,Deux véhicules - frontale,7,2,2,0,2,1,2,5,1,70,,2,0,0,0,2,35.0,48.0,,,5,1,4,9,1
202100001541,2021-12-26 14:00:00,2021,12,26,14,0,973,97309,1741 Route de Montjoly,4.92339,-52.28304,Plein jour,En agglomération,Hors intersection,Normale,Deux véhicules - côté,3,2,2,0,1,1,1,0,1,70,,2,1,1,0,0,21.0,14.0,,,1,2,1,1,3
202100001542,2021-12-25 20:15:00,2021,12,25,20,15,973,97309,Route du Tigre,4.903738,-52.304739,Nuit sans éclairage public,En agglomération,Hors intersection,Normale,Deux véhicules - arrière,3,2,2,0,1,1,1,0,1,50,,2,1,0,1,0,23.0,35.0,,,3,2,1,1,2
202100001543,2021-12-25 21:04:00,2021,12,25,21,4,82,82028,A 62 pk 199.500,43.86324,1.318545,Nuit sans éclairage public,Hors agglomération,Hors intersection,Normale,Deux véhicules - côté,1,3,3,0,1,1,1,0,1,130,,3,2,1,0,0,42.0,19.0,,,3,1,1,1,3
202100001544,2021-12-24 02:30:00,2021,12,24,2,30,30,30169,"A9, Pk 60+700",43.795106,4.305696,Nuit sans éclairage public,Hors agglomération,Hors intersection,Pluie légère,Deux véhicules - côté,1,3,3,0,1,1,2,0,1,130,,6,5,0,1,0,57.0,38.0,,,3,1,1,2,3
202100001545,2021-12-25 06:16:00,2021,12,25,6,16,13,13087,A8,43.476681,5.619209,Nuit sans éclairage public,Hors agglomération,Hors intersection,Pluie légère,Deux véhicules - arrière,1,3,4,0,1,1,2,0,1,130,,4,2,0,1,1,24.0,,,,3,1,1,2,2
202100001546,2021-12-23 10:30:00,2021,12,23,10,30,68,68278,2 Rue Zuber,47.745086,7.399417,Plein jour,En agglomération,Intersection en T,Normale,Autre collision,3,2,2,0,1,1,1,0,1,30,,2,1,0,0,1,34.0,,,,1,2,3,1,6
202100001547,2021-12-25 01:30:00,2021,12,25,1,30,27,27612,Autoroute A13 - PK 071.800,49.071543,1.406298,Nuit sans éclairage public,Hors agglomération,Hors intersection,Brouillard / fumée,Sans collision,1,1,5,0,1,1,2,0,3,130,,2,1,0,1,0,25.0,,,,3,1,1,5,7
202100001548,2021-12-25 10:30:00,2021,12,25,10,30,987,98729,PK 4+500 - Vaiaré - Coté montagne,-17.51207,-149.815768,Plein jour,En agglomération,Hors intersection,Normale,Deux véhicules - frontale,2,2,2,0,1,2,1,0,3,50,,2,0,0,2,0,17.0,,,,1,2,1,1,1
202100001549,2021-12-25 07:05:00,2021,12,25,7,5,974,97422,Rue Alfred Lacroix,-21.207924,55.567501,Plein jour,Hors agglomération,Intersection en T,Temps couvert,Deux véhicules - frontale,2,2,3,0,2,1,1,9,1,80,,9,6,0,2,1,35.0,28.0,,,1,1,3,8,1
202100001550,2021-12-24 23:30:00,2021,12,24,23,30,971,97119,Chemin des Mahoganys,16.3711281058,-61.4674168825,Nuit avec éclairage allumé,Hors agglomération,Hors intersection,Normale,Autre collision,4,2,2,0,2,1,1,0,8,50,,1,0,0,1,0,20.0,,,,5,1,1,1,6
202100001551,2021-12-26 10:10:00,2021,12,26,10,10,13,13033,Départementale 9,43.367965,5.184174,Plein jour,Hors agglomération,Hors intersection,Normale,Sans collision,7,2,4,0,1,3,1,0,1,90,,1,0,1,0,0,29.0,,,,1,1,1,1,7
202100001552,2021-12-26 02:30:00,2021,12,26,2,30,2A,2A247,D859,41.567354,9.256464,Nuit avec éclairage allumé,Hors agglomération,Hors intersection,Normale,Autre collision,3,2,2,0,1,3,1,0,3,80,,1,0,0,1,0,20.0,,,,5,1,1,1,6
202100001553,2021-12-26 10:00:00,2021,12,26,10,0,34,34004,D176,43.347371,2.851295,Plein jour,Hors agglomération,Hors intersection,Normale,Sans collision,3,2,2,0,2,1,1,0,3,80,,1,0,1,0,0,89.0,,,,1,1,1,1,7
202100001554,2021-12-25 10:25:00,2021,12,25,10,25,07,07152,D219,45.042491,4.823339,Plein jour,Hors agglomération,Hors intersection,Pluie légère,Autre collision,3,2,2,0,1,1,2,0,3,80,,1,0,0,1,0,60.0,,,,1,1,1,2,6
202100001555,2021-12-23 19:10:00,2021,12,23,19,10,27,27165,Rue Jacques Prévert,48.972354,0.946482,Nuit avec éclairage allumé,En agglomération,Intersection en T,Temps couvert,Autre collision,4,2,2,0,1,1,7,0,1,50,,4,3,0,0,1,24.0,,,,5,2,3,8,6
202100001556,2021-12-26 19:10:00,2021,12,26,19,10,80,80185,D930,49.715309,2.839634,Nuit sans éclairage public,Hors agglomération,Intersection en X,Pluie légère,Deux véhicules - côté,3,2,2,0,1,1,2,5,1,80,,6,0,0,0,6,44.0,56.0,,,3,1,2,2,3
202100001557,2021-12-24 16:20:00,2021,12,24,16,20,13,13081,A7-Sens Lyon vers Marseille,43.497665,5.23899,Plein jour,Hors agglomération,Hors intersection,Pluie légère,Deux véhicules - arrière,1,-1,3,0,1,1,2,0,1,110,,3,1,0,0,2,45.0,39.0,,,1,1,1,2,2
202100001558,2021-12-24 09:36:00,2021,12,24,9,36,13,13005,A50-Sens Marseille vers Aubagne,43.2731,5.589,Plein jour,Hors agglomération,Hors intersection,Pluie forte,Deux véhicules - frontale,1,1,3,0,1,3,2,0,1,110,,1,0,0,0,1,26.0,,,,1,1,1,3,1
202100001559,2021-12-23 12:05:00,2021,12,23,12,5,83,83137,A57,43.120372,5.949737,Plein jour,Hors agglomération,Hors intersection,Normale,Deux véhicules - côté,1,3,6,0,1,1,1,0,1,70,,2,1,0,0,1,59.0,61.0,,,1,1,1,1,3
202100001560,2021-12-24 18:55:00,2021,12,24,18,55,69,69296,A7   10.992 A 13.970,45.64083,4.82579,Nuit sans éclairage public,Hors agglomération,Hors intersection,Normale,Deux véhicules - arrière,1,3,6,0,1,1,2,3,1,110,,4,3,0,0,1,45.0,51.0,,,3,1,1,1,2
202100001561,2021-12-21 06:45:00,2021,12,21,6,45,69,69081,M6   449.510 A 451.640,45.79322,4.78125,Nuit sans éclairage public,Hors agglomération,Hors intersection,Normale,Deux véhicules - arrière,7,3,6,3,2,1,1,0,1,70,,2,1,0,0,1,25.0,35.0,,,3,1,1,1,2
202100001562,2021-12-24 16:45:00,2021,12,24,16,45,33,33096,Autoroute A10,44.9032,-0.49324,Plein jour,Hors agglomération,Hors intersection,Normale,Deux véhicules - côté,1,3,6,0,1,1,1,0,1,110,,2,1,0,0,1,40.0,,,,1,1,1,1,3
202100001563,2021-12-24 15:30:00,2021,12,24,15,30,91,91689,AUTOROUTE A6B,48.739831,2.320204,Crépuscule ou aube,Hors agglomération,Hors intersection,Normale,Deux véhicules - côté,1,3,4,0,1,1,2,0,1,90,,2,1,0,0,1,27.0,29.0,,,2,1,1,1,3
202100001564,2021-12-24 15:10:00,2021,12,24,15,10,91,91659,AUTOROUTE A6,48.586514,2.451543,Plein jour,Hors agglomération,Hors intersection,Pluie légère,Sans collision,1,2,6,0,1,1,2,0,1,110,,1,0,0,0,1,43.0,,,,1,1,1,2,7
202100001565,2021-12-24 00:05:00,2021,12,24,0,5,92,92072,N118,48.822394315,2.2223572941,Nuit sans éclairage public,Hors agglomération,Hors intersection,Normale,Autre collision,2,-1,2,0,2,3,1,0,1,50,,1,0,0,0,1,36.0,,,,3,1,1,1,6
202100001566,2021-12-24 21:10:00,2021,12,24,21,10,93,93005,AUTOROUTE A1,48.96026,2.46701,Nuit sans éclairage public,Hors agglomération,Hors intersection,Pluie forte,Autre collision,1,3,8,0,1,1,3,0,1,110,,3,2,0,0,1,24.0,,,,3,1,1,3,6
202100001567,2021-12-23 12:05:00,2021,12,23,12,5,988,98818,RUE AUGUSTE BENEBIG,-22.27155,166.45145,Plein jour,En agglomération,Hors intersection,Normale,Deux véhicules - arrière,4,2,4,0,3,1,1,0,1,50,,3,2,0,0,1,58.0,33.0,,,1,2,1,1,2
202100001568,2021-12-23 08:00:00,2021,12,23,8,0,988,98818,RUE DE VERDUN/RUE DU GENERAL MANGIN,-22.27262,166.44015,Plein jour,En agglomération,Intersection en X,Normale,Autre collision,4,1,2,0,1,1,1,0,1,50,,2,1,0,0,1,57.0,,,,1,2,2,1,6
202100001569,2021-12-23 12:00:00,2021,12,23,12,0,973,97302,REPUBLIQUE (BD DE LA),4.93762,-52.32416,Plein jour,En agglomération,Hors intersection,Normale,Deux véhicules - frontale,4,2,2,0,1,1,1,0,1,50,,3,1,0,0,2,24.0,38.0,,,1,2,1,1,1
202100001570,2021-12-23 08:40:00,2021,12,23,8,40,973,97302,BADUEL (ROUTE DE),4.93934,-52.31842,Plein jour,En agglomération,Intersection en X,Normale,Deux véhicules - côté,3,2,2,0,1,1,1,0,1,50,,3,0,0,0,3,43.0,33.0,,,1,2,2,1,3
202100001571,2021-12-23 15:14:00,2021,12,23,15,14,69,69199,MATHIEU DUSSURGEY (R),45.71201,4.85508,Plein jour,En agglomération,Intersection en X,Normale,Autre collision,7,2,3,3,1,1,1,0,1,50,,3,0,0,0,3,46.0,,,,1,2,2,1,6
202100001572,2021-12-23 16:20:00,2021,12,23,16,20,69,69259,DOCTEUR GEORGES LEVY (DU) (AV),45.71934,4.85552,Plein jour,En agglomération,Hors intersection,Normale,Deux véhicules - côté,4,2,2,2,1,1,1,0,1,50,,2,1,0,0,1,29.0,73.0,,,1,2,1,1,3
202100001573,2021-12-23 11:00:00,2021,12,23,11,0,69,69383,PART DIEU (DE LA) (R),45.75968,4.8495,Plein jour,En agglomération,Hors intersection,Normale,Deux véhicules - côté,4,1,1,2,1,1,1,0,5,30,,2,1,0,0,1,65.0,26.0,,,1,2,1,1,3
202100001574,2021-12-22 20:45:00,2021,12,22,20,45,69,69383,MAURICE FLANDIN (R),45.76059,4.86262,Nuit avec éclairage allumé,En agglomération,Hors intersection,Normale,Autre collision,6,-1,0,3,1,1,1,9,6,10,,2,1,1,0,0,57.0,,,,5,2,1,1,6
202100001575,2021-12-23 03:40:00,2021,12,23,3,40,69,69259,CHARLES DE GAULLE (AV),45.71125,4.90144,Nuit avec éclairage allumé,En agglomération,Intersection en X,Normale,Autre collision,7,3,6,3,1,1,1,0,1,50,,1,0,0,0,1,19.0,,,,5,2,2,1,6
202100001576,2021-12-23 12:00:00,2021,12,23,12,0,972,97213,AUTOROUTE A1,14.61605,-61.01548,Plein jour,Hors agglomération,Hors intersection,Normale,Deux véhicules - arrière,1,1,6,0,1,1,1,0,1,90,,2,1,0,0,1,59.0,46.0,,,1,1,1,1,2
202100001577,2021-12-22 19:00:00,2021,12,22,19,0,2B,2B033,TUNNEL,42.69478,9.45221,Nuit avec éclairage allumé,En agglomération,Hors intersection,Normale,Autre collision,2,2,2,0,1,1,1,1,1,50,,6,3,0,3,0,17.0,51.0,,,5,2,1,1,6
202100001578,2021-12-23 15:00:00,2021,12,23,15,0,971,97120,LOUISY MATHIEU,16.22504,-61.52714,Plein jour,En agglomération,Hors intersection,Normale,Autre collision,4,2,2,0,1,1,1,0,1,50,,2,1,0,0,1,54.0,,,,1,2,1,1,6
202100001579,2021-12-23 18:48:00,2021,12,23,18,48,2A,2A004,PIETRI FRANCOIS RUE,41.93512,8.75324,Nuit avec éclairage allumé,En agglomération,Giratoire,Pluie légère,Autre collision,4,3,4,0,1,3,2,9,1,50,,2,1,0,0,1,18.0,,,,5,2,6,2,6
202100001580,2021-12-22 18:52:00,2021,12,22,18,52,87,87085,CHURCHILL WINSTON (PLACE),45.83157,1.25188,Nuit avec éclairage allumé,En agglomération,Hors intersection,Normale,Sans collision,4,3,4,3,1,1,1,0,1,50,,1,0,0,0,1,26.0,,,,5,2,1,1,7
202100001581,2021-12-22 17:59:00,2021,12,22,17,59,87,87085,AUTOROUTE A20,45.84968,1.27636,Nuit avec éclairage allumé,En agglomération,Hors intersection,Normale,Deux véhicules - arrière,1,3,4,0,2,1,1,0,1,90,,2,1,0,0,1,42.0,51.0,,,5,2,1,1,2
202100001582,2021-12-23 11:05:00,2021,12,23,11,5,73,73031,D8E CENTRALE (RUE),45.57455,5.94523,Plein jour,En agglomération,Hors intersection,Normale,Autre collision,3,2,2,0,1,1,1,6,1,20,,2,1,0,0,1,28.0,,,,1,2,1,1,6
202100001583,2021-12-22 17:30:00,2021,12,22,17,30,69,69256,Rue de la République,45.784620289,4.9323651195,Nuit avec éclairage allumé,En agglomération,Hors intersection,Brouillard / fumée,Autre collision,4,2,2,0,1,1,1,0,1,50,,4,3,0,1,0,18.0,,,,5,2,1,5,6
202100001584,2021-12-23 17:30:00,2021,12,23,17,30,69,69256,GABRIEL PERI (AV),45.77194,4.91083,Crépuscule ou aube,En agglomération,Hors intersection,Normale,Autre collision,4,2,2,3,1,1,1,0,1,50,,2,1,1,0,0,29.0,,,,2,2,1,1,6
202100001585,2021-12-19 16:16:00,2021,12,19,16,16,66,66136,PYRENEES (BOULEVARD DES),42.69674,2.88815,Plein jour,En agglomération,Hors intersection,Normale,Trois véhicules et plus - en chaîne,4,2,4,0,1,1,1,0,1,50,,3,2,0,0,1,39.0,66.0,,,1,2,1,1,4
202100001586,2021-12-22 12:32:00,2021,12,22,12,32,66,66136,JOFFRE (AVENUE DU MARECHAL CD 88),42.7198,2.88656,Plein jour,En agglomération,Hors intersection,Normale,Deux véhicules - arrière,4,2,2,0,1,1,1,0,1,50,,2,1,0,0,1,21.0,67.0,,,1,2,1,1,2
202100001587,2021-12-23 15:25:00,2021,12,23,15,25,65,65440,SEPTEMBRE (RUE DU IV),43.22898,0.08354,Plein jour,En agglomération,Place,Normale,Deux véhicules - côté,9,1,2,0,1,1,1,0,1,50,,3,2,0,0,1,15.0,32.0,,,1,2,7,1,3
202100001588,2021-12-23 20:55:00,2021,12,23,20,55,64,64041,Rue Matachot,43.28039,-0.33001,Nuit avec éclairage allumé,En agglomération,Hors intersection,Normale,Deux véhicules - arrière,3,2,1,0,1,1,1,0,1,50,,5,4,0,0,1,43.0,29.0,,,5,2,1,1,2
202100001589,2021-12-23 13:40:00,2021,12,23,13,40,64,64445,Avenue Jean Mermoz,43.3116138159,-0.3772902489,Plein jour,En agglomération,Hors intersection,Normale,Deux véhicules - arrière,4,-1,2,0,1,1,1,6,1,50,,2,1,0,0,1,50.0,23.0,,,1,2,1,1,2
202100001590,2021-12-22 08:00:00,2021,12,22,8,0,64,64445,Avenue des Martyrs du Pont-Long,43.34507,-0.37977,Crépuscule ou aube,En agglomération,Intersection en T,Normale,Deux véhicules - côté,3,2,2,2,1,1,1,0,1,50,,2,1,0,0,1,51.0,48.0,,,2,2,3,1,3
202100001591,2021-12-23 07:55:00,2021,12,23,7,55,64,64140,Rue du 11 Novembre,43.52868,-1.47939,Crépuscule ou aube,En agglomération,Hors intersection,Normale,Deux véhicules - côté,3,2,2,0,1,3,1,3,1,50,,2,1,0,0,1,55.0,40.0,,,2,2,1,1,3
202100001592,2021-12-21 16:27:00,2021,12,21,16,27,63,63113,BINGEN (BD JACQUES),45.77171,3.11847,Plein jour,Hors agglomération,Autre intersection,Temps couvert,Deux véhicules - arrière,7,3,5,0,1,1,1,0,1,90,,2,1,0,0,1,59.0,25.0,,,1,1,9,8,2
202100001593,2021-12-22 17:30:00,2021,12,22,17,30,61,61001,SAINFOINS (RUE DES),48.44044,0.10929,Nuit avec éclairage allumé,En agglomération,Hors intersection,Normale,Deux véhicules - arrière,4,2,2,0,1,1,1,0,1,50,,4,3,0,0,1,34.0,52.0,,,5,2,1,1,2
202100001594,2021-12-22 08:25:00,2021,12,22,8,25,59,59574,MICHEL LOUISE(BOULEVARD),50.35696,3.2814,Plein jour,En agglomération,Hors intersection,Autre,Autre collision,3,2,2,0,2,1,7,0,1,50,,2,1,0,1,0,35.0,,,,1,2,1,9,6
202100001595,2021-12-23 19:50:00,2021,12,23,19,50,54,54265,RM 570,48.6451415539,6.1818759442,Crépuscule ou aube,En agglomération,Hors intersection,Normale,Trois véhicules et plus - en chaîne,7,2,2,0,1,1,1,0,1,70,,3,2,0,0,1,31.0,22.0,,,2,2,1,1,4
202100001596,2021-12-23 22:20:00,2021,12,23,22,20,49,49246,CHAUVIN AVENUE,47.4328944025,-0.5318284034,Nuit avec éclairage allumé,En agglomération,Hors intersection,Normale,Autre collision,3,3,2,0,1,1,1,0,1,50,,2,0,0,1,1,18.0,,,,5,2,1,1,6
202100001597,2021-12-18 23:38:00,2021,12,18,23,38,49,49007,GASNIER AVENUE,47.48682,-0.57302,Nuit avec éclairage allumé,En agglomération,Hors intersection,Normale,Autre collision,4,2,2,0,1,1,1,0,1,50,,5,3,0,0,2,18.0,39.0,,,5,2,1,1,6
202100001598,2021-12-16 14:50:00,2021,12,16,14,50,47,47323,FRATERNITE(RUE DE LA ),44.40729,0.70841,Plein jour,En agglomération,Hors intersection,Normale,Autre collision,4,2,2,0,1,1,1,0,1,50,,2,1,0,1,0,21.0,,,,1,2,1,1,6
202100001599,2021-12-23 18:45:00,2021,12,23,18,45,37,37261,CHEVALLIER (RUE AUGUSTE),47.3752429267,0.6789884716,Nuit avec éclairage allumé,En agglomération,Hors intersection,Normale,Deux véhicules - côté,4,2,2,0,2,1,1,2,1,50,,2,1,0,0,1,24.0,39.0,,,5,2,1,1,3
202100001600,2021-12-23 15:50:00,2021,12,23,15,50,35,35238,Avenue Aristide Briand,48.1102,-1.66319,Plein jour,En agglomération,Intersection en T,Normale,Deux véhicules - côté,4,1,2,2,1,1,1,0,1,50,,2,1,0,0,1,45.0,91.0,,,1,2,3,1,3
202100001601,2021-12-23 09:45:00,2021,12,23,9,45,34,34108,FERRARI HENRI (RUE),43.44803,3.75155,Plein jour,En agglomération,Hors intersection,Normale,Autre collision,4,-1,0,0,1,1,1,0,4,30,,2,1,0,1,0,88.0,,,,1,2,1,1,6
202100001602,2021-12-22 16:56:00,2021,12,22,16,56,33,33167,Quai de la Souys,44.82278,-0.53284,Plein jour,En agglomération,Hors intersection,Normale,Trois véhicules et plus - collisions multiples,4,2,3,3,1,3,1,0,1,50,,5,0,0,0,5,61.0,55.0,,,1,2,1,1,5
202100001603,2021-12-22 10:50:00,2021,12,22,10,50,33,33063,Boulevard Albert 1er,44.81347,-0.56409,Plein jour,En agglomération,Hors intersection,Normale,Deux véhicules - arrière,4,2,4,3,1,1,1,0,1,50,,2,1,0,0,1,41.0,39.0,,,1,2,1,1,2
202100001604,2021-12-23 01:20:00,2021,12,23,1,20,31,31555,LATTRE DE TASSIGNY (AV DU MARECHAL DE) D,43.5773,1.4365,Nuit avec éclairage non allumé,En agglomération,Intersection en X,Normale,Deux véhicules - côté,4,2,4,0,1,1,1,9,1,50,,6,5,0,0,1,29.0,20.0,,,4,2,2,1,3
202100001605,2021-12-23 21:30:00,2021,12,23,21,30,29,29019,D205 - Avenue 1ère D.f.l.,48.39204,-4.54666,Nuit avec éclairage allumé,Hors agglomération,Hors intersection,Normale,Deux véhicules - frontale,7,3,4,0,1,1,1,0,1,70,,2,1,0,0,1,29.0,23.0,,,5,1,1,1,1
202100001606,2021-12-23 16:15:00,2021,12,23,16,15,29,29019,Rue Fautras,48.3894190814,-4.4926307201,Plein jour,En agglomération,Intersection en X,Normale,Deux véhicules - côté,4,2,2,0,2,1,1,0,1,50,,3,0,0,0,3,27.0,25.0,,,1,2,2,1,3