accident_id,datetime,annee,mois,jour,heure,minute,departement,commune_insee,adresse,latitude,longitude,luminosite,agglomeration,intersection,meteo,collision,catr,circ,nbv,vosp,prof,plan,surf,infra,situ,vma,nb_vehicules,nb_usagers,nb_indemnes,nb_tues,nb_blesses_hosp,nb_blesses_legers,age_cond_1,age_cond_2,veh_type_cond_1,veh_type_cond_2,lum_code,agg_code,int_code,atm_code,col_code
202100001607,2021-12-23 19:35:00,2021,12,23,19,35,27,27229,MONOD (RUE JACQUES),49.0217166232,1.1816073151,Nuit avec éclairage allumé,En agglomération,Intersection en T,Normale,Deux véhicules - côté,4,2,2,0,1,1,1,0,1,50,,2,1,0,0,1,26.0,39.0,,,5,2,3,1,3
202100001608,2021-12-23 12:48:00,2021,12,23,12,48,26,26362,Avenue Georges Clémenceau,44.936491,4.898527,Plein jour,En agglomération,Hors intersection,Normale,Deux véhicules - côté,4,2,-1,0,1,1,1,0,1,50,,2,1,0,0,1,45.0,16.0,,,1,2,1,1,3
202100001609,2021-12-23 10:35:00,2021,12,23,10,35,26,26362,12 Rue Pont du Gat,44.928523,4.894997,Plein jour,En agglomération,Intersection en X,Normale,Deux véhicules - côté,4,2,2,0,1,1,1,0,1,50,,2,1,0,0,1,78.0,34.0,,,1,2,2,1,3
202100001610,2021-12-23 18:30:00,2021,12,23,18,30,13,13213,OLIVES (AVENUE DES),43.32907,5.43102,Nuit avec éclairage allumé,En agglomération,Hors intersection,Normale,Deux véhicules - côté,7,2,3,0,1,1,1,0,1,50,,2,1,0,0,1,28.0,50.0,,,5,2,1,1,3
202100001611,2021-12-23 11:30:00,2021,12,23,11,30,13,13204,JEAN DUSSERT (RUE),43.3148428116,5.4010914993,Plein jour,En agglomération,Hors intersection,Normale,Deux véhicules - frontale,4,2,2,0,2,1,1,8,1,50,,1,0,0,0,1,79.0,,,,1,2,1,1,1
202100001612,2021-12-22 17:30:00,2021,12,22,17,30,13,13210,ELIE WIESEL (BD),43.2715784182,5.4223770456,Nuit avec éclairage allumé,En agglomération,Hors intersection,Normale,Deux véhicules - côté,4,1,2,0,1,1,1,0,1,50,,2,0,0,1,1,47.0,32.0,,,5,2,1,1,3
202100001613,2021-12-22 09:45:00,2021,12,22,9,45,11,11069,BUNAU VARILLA -AV-,43.207947,2.336726,Plein jour,En agglomération,Intersection en T,Normale,Deux véhicules - côté,3,2,4,0,1,1,1,0,1,50,,2,1,0,0,1,51.0,28.0,,,1,2,3,1,3
202100001614,2021-12-21 12:22:00,2021,12,21,12,22,10,10387,GEORGES POMPIDOU (RUE),48.2911123632,4.0884339807,Plein jour,En agglomération,Giratoire,Temps couvert,Sans collision,4,1,2,2,1,2,1,0,5,50,,1,0,0,0,1,52.0,,,,1,2,6,8,7
202100001615,2021-12-22 15:55:00,2021,12,22,15,55,09,09225,RIJOLE AVENUE DE LA,43.12139,1.62121,Plein jour,En agglomération,Hors intersection,Normale,Deux véhicules - côté,4,2,2,0,1,1,1,0,1,30,,2,1,0,0,1,41.0,21.0,,,1,2,1,1,3
202100001616,2021-12-23 15:10:00,2021,12,23,15,10,06,06004,BRETON BD ANDRE,43.601517,7.074563,Plein jour,En agglomération,Giratoire,Normale,Trois véhicules et plus - collisions multiples,4,4,2,0,1,3,1,5,1,50,,3,2,0,1,0,21.0,41.0,,,1,2,6,1,5
202100001617,2021-12-22 16:30:00,2021,12,22,16,30,05,05061,EMBRUN ( AVENUE D'),44.565399,6.092338,Plein jour,En agglomération,Hors intersection,Normale,Deux véhicules - arrière,2,2,2,0,1,1,1,0,1,50,,5,4,0,0,1,48.0,36.0,,,1,2,1,1,2
202100001618,2021-12-21 19:35:00,2021,12,21,19,35,75,75120,PORTE DE BAGNOLET,48.870563,2.413456,Nuit avec éclairage allumé,En agglomération,Hors intersection,Normale,Deux véhicules - arrière,4,1,5,0,1,1,1,0,1,70,,5,4,0,0,1,49.0,25.0,,,5,2,1,1,2
202100001619,2021-12-23 13:15:00,2021,12,23,13,15,75,75106,RUE DE SEVRES,48.850727,2.325332,Plein jour,En agglomération,Intersection en T,Normale,Autre collision,4,2,2,0,1,1,1,0,1,30,,2,1,0,0,1,26.0,,,,1,2,3,1,6
202100001620,2021-12-23 16:35:00,2021,12,23,16,35,75,75117,RUE FRUCTIDOR,48.900936,2.32643,Plein jour,En agglomération,Hors intersection,Normale,Autre collision,4,-1,2,0,1,1,1,0,1,30,,2,1,0,0,1,33.0,,,,1,2,1,1,6
202100001621,2021-12-23 16:05:00,2021,12,23,16,5,75,75117,AVENUE DE CLICHY,48.888033,2.324623,Plein jour,En agglomération,Intersection en T,Normale,Autre collision,4,2,3,0,2,1,1,0,1,30,,2,1,0,0,1,61.0,,,,1,2,3,1,6
202100001622,2021-12-22 19:15:00,2021,12,22,19,15,75,75116,RUE GERICAULT,48.848545,2.262024,Nuit sans éclairage public,En agglomération,Intersection en Y,Normale,Autre collision,4,1,1,0,1,1,1,0,1,30,,2,1,0,0,1,61.0,,,,3,2,4,1,6
202100001623,2021-12-22 17:20:00,2021,12,22,17,20,75,75116,RUE DU COMMANDANT GUILBAUD,48.838664,2.251775,Nuit sans éclairage public,En agglomération,Intersection en T,Normale,Deux véhicules - côté,4,1,2,0,1,1,1,0,1,50,,2,1,0,0,1,21.0,22.0,,,3,2,3,1,3
202100001624,2021-12-21 19:45:00,2021,12,21,19,45,75,75116,PLACE CHARLES DE GAULLE,48.873742,2.294055,Nuit avec éclairage allumé,En agglomération,Place,Normale,Deux véhicules - côté,4,1,8,0,1,2,1,0,1,30,,2,1,0,0,1,53.0,25.0,,,5,2,7,1,3
202100001625,2021-12-23 19:20:00,2021,12,23,19,20,75,75115,RUE HENRY FARMAN,48.834159,2.272095,Nuit sans éclairage public,En agglomération,Hors intersection,Normale,Sans collision,4,-1,2,0,1,2,1,0,1,50,,1,0,0,0,1,22.0,,,,3,2,1,1,7
202100001626,2021-12-22 13:15:00,2021,12,22,13,15,75,75115,RUE DES VOLONTAIRES,48.839655,2.309314,Plein jour,En agglomération,Intersection en T,Normale,Autre collision,4,-1,1,0,2,3,1,0,1,30,,2,1,0,0,1,47.0,,,,1,2,3,1,6
202100001627,2021-12-23 08:30:00,2021,12,23,8,30,75,75101,RUE DE RIVOLI,48.860075,2.343403,Plein jour,En agglomération,Intersection en X,Normale,Autre collision,4,2,3,1,1,1,1,-1,5,30,,1,0,0,0,1,42.0,,,,1,2,2,1,6
202100001628,2021-12-23 19:15:00,2021,12,23,19,15,94,94017,ROGER SALENGRO (AV),48.81934,2.4874,Nuit avec éclairage allumé,En agglomération,Intersection en T,Temps couvert,Deux véhicules - frontale,3,2,2,0,1,1,2,0,1,50,,3,2,0,0,1,35.0,37.0,,,5,2,3,8,1
202100001629,2021-12-23 11:10:00,2021,12,23,11,10,94,94046,Avenue du Général Leclerc,48.80262,2.44688,Plein jour,En agglomération,Hors intersection,Normale,Autre collision,3,1,2,0,1,1,1,0,1,50,,2,1,0,1,0,69.0,,,,1,2,1,1,6
202100001630,2021-12-23 18:40:00,2021,12,23,18,40,94,94068,avenue Louis Blanc,48.7922,2.49721,Plein jour,En agglomération,Autre intersection,Normale,Deux véhicules - côté,3,1,1,0,1,1,1,0,1,50,,2,0,0,0,2,19.0,59.0,,,1,2,9,1,3
202100001631,2021-12-22 19:50:00,2021,12,22,19,50,94,94017,Avenue Salvador Allendé,48.80977,2.54284,Nuit avec éclairage allumé,En agglomération,Giratoire,Normale,Deux véhicules - côté,3,1,0,0,1,2,1,0,1,50,,2,1,0,0,1,42.0,,,,5,2,6,1,3
202100001632,2021-12-23 19:48:00,2021,12,23,19,48,93,93072,MAXIME GORKI (BOULEVARD) N°72 AU 80,48.94629,2.38671,Nuit avec éclairage allumé,En agglomération,Hors intersection,Normale,Deux véhicules - frontale,3,3,3,3,1,1,1,0,8,50,,3,1,0,0,2,,,,,5,2,1,1,1
202100001633,2021-12-22 23:50:00,2021,12,22,23,50,93,93055,CHEMIN DE FER (DU),48.8991535066,2.3967855612,Nuit avec éclairage allumé,En agglomération,Giratoire,Normale,Autre collision,3,-1,2,0,1,1,1,0,1,50,,1,0,0,0,1,43.0,,,,5,2,6,1,6
202100001634,2021-12-23 04:45:00,2021,12,23,4,45,93,93051,EMILE COSSONNEAU (AVE),48.84925,2.56251,Nuit avec éclairage allumé,En agglomération,Hors intersection,Normale,Deux véhicules - côté,3,1,2,0,1,1,1,0,1,50,,4,3,0,0,1,56.0,24.0,,,5,2,1,1,3
202100001635,2021-12-23 14:40:00,2021,12,23,14,40,93,93048,LAGNY (RUE DE),48.8490865818,2.4242224228,Plein jour,En agglomération,Hors intersection,Normale,Autre collision,3,2,2,0,1,1,1,0,1,50,,3,2,0,0,1,55.0,,,,1,2,1,1,6
202100001636,2021-12-23 09:10:00,2021,12,23,9,10,93,93046,ANTONIN ET PIERRE MAGNE AVENUE,48.9128264044,2.5343096432,Plein jour,En agglomération,Hors intersection,Normale,Autre collision,4,2,2,0,1,1,1,0,1,10,,2,1,0,1,0,61.0,,,,1,2,1,1,6
202100001637,2021-12-23 10:15:00,2021,12,23,10,15,93,93031,SAINT LEU (ROUTE DE) 1 à 157,48.9496379155,2.3414137959,Plein jour,En agglomération,Intersection en T,Normale,Deux véhicules - côté,3,2,2,2,1,1,1,0,1,50,,3,1,0,0,2,29.0,44.0,,,1,2,3,1,3
202100001638,2021-12-23 17:00:00,2021,12,23,17,0,93,93027,MERMOZ (AVENUE JEAN),48.93208,2.39966,Crépuscule ou aube,En agglomération,Giratoire,Temps couvert,Trois véhicules et plus - collisions multiples,3,2,2,0,1,1,1,0,1,50,,5,2,0,0,3,66.0,59.0,,,2,2,6,8,5
202100001639,2021-12-23 16:10:00,2021,12,23,16,10,93,93027,SALENGRO (AVENUE ROGER),48.93058,2.38557,Plein jour,En agglomération,Hors intersection,Normale,Deux véhicules - côté,3,1,3,0,1,1,1,0,1,50,,3,2,0,0,1,34.0,52.0,,,1,2,1,1,3
202100001640,2021-12-23 08:50:00,2021,12,23,8,50,92,92050,FONTANOT RUE DES TROIS,48.8957329031,2.224266082,Plein jour,En agglomération,Intersection en T,Normale,Autre collision,3,1,1,0,1,1,1,0,8,50,,2,1,0,0,1,37.0,,,,1,2,3,1,6
202100001641,2021-12-22 17:16:00,2021,12,22,17,16,92,92040,PIERRE BROSSOLETTE,48.8195909429,2.2664411366,Nuit avec éclairage allumé,En agglomération,Intersection en Y,Temps couvert,Deux véhicules - côté,3,2,2,0,2,3,1,0,1,30,,2,1,0,0,1,71.0,23.0,,,5,2,4,8,3
202100001642,2021-12-24 17:05:00,2021,12,24,17,5,81,81101,N88,43.979908,2.173834,Crépuscule ou aube,Hors agglomération,Intersection en T,Normale,Autre collision,2,3,4,0,1,1,1,5,1,110,,3,1,0,1,1,21.0,56.0,,,2,1,3,1,6
202100001643,2021-12-25 19:30:00,2021,12,25,19,30,91,91414,N20,48.353055,2.049133,Nuit sans éclairage public,Hors agglomération,Hors intersection,Brouillard / fumée,Autre collision,3,3,2,0,1,1,2,0,1,90,,2,1,1,0,0,82.0,,,,3,1,1,5,6
202100001644,2021-12-24 13:40:00,2021,12,24,13,40,51,51298,D18,48.992271,3.715439,Plein jour,Hors agglomération,Hors intersection,Brouillard / fumée,Sans collision,3,2,2,0,1,2,2,0,3,80,,1,0,0,0,1,22.0,,,,1,1,1,5,7
202100001645,2021-12-25 11:10:00,2021,12,25,11,10,64,64057,RD 946,43.467229,-0.612756,Plein jour,Hors agglomération,Hors intersection,Normale,Sans collision,3,2,2,0,2,1,1,0,8,80,,2,1,0,1,0,20.0,,,,1,1,1,1,7
202100001646,2021-12-25 12:00:00,2021,12,25,12,0,14,14061,D577,48.914025,-0.82464,Plein jour,Hors agglomération,Intersection en T,Temps couvert,Deux véhicules - côté,3,2,3,0,1,1,2,0,1,70,,3,2,0,0,1,25.0,48.0,,,1,1,3,8,3
202100001647,2021-12-24 17:54:00,2021,12,24,17,54,01,01033,Route de Lyon,46.118162,5.822953,Nuit sans éclairage public,En agglomération,Hors intersection,Brouillard / fumée,Deux véhicules - frontale,3,2,2,0,1,4,1,0,5,50,,2,1,0,1,0,56.0,62.0,,,3,2,1,5,1
202100001648,2021-12-25 14:15:00,2021,12,25,14,15,51,51231,D3,48.973879,4.45045,Plein jour,Hors agglomération,Hors intersection,Pluie légère,Deux véhicules - arrière,3,2,2,0,1,1,2,0,1,90,,2,0,0,2,0,31.0,26.0,,,1,1,1,2,2
202100001649,2021-12-25 11:05:00,2021,12,25,11,5,76,76550,Route de la Forêt,49.374396,0.959651,Plein jour,Hors agglomération,Hors intersection,Normale,Autre collision,7,2,2,0,2,2,2,0,3,80,,1,0,1,0,0,54.0,,,,1,1,1,1,6
202100001650,2021-12-22 14:20:00,2021,12,22,14,20,63,63178,Route d Orbeil,45.5557968833,3.2727026939,Plein jour,Hors agglomération,Hors intersection,Normale,Trois véhicules et plus - en chaîne,3,2,2,0,3,1,1,0,1,80,,5,3,0,1,1,61.0,49.0,,,1,1,1,1,4
202100001651,2021-12-24 21:00:00,2021,12,24,21,0,63,63438,RD 7,45.736665,3.48316,Nuit sans éclairage public,Hors agglomération,Hors intersection,Normale,Trois véhicules et plus - collisions multiples,3,2,2,0,2,3,1,0,3,80,,2,0,0,2,0,53.0,,,,3,1,1,1,5
202100001652,2021-12-22 15:00:00,2021,12,22,15,0,70,70467,13 Rue du Parc,47.884877,6.281036,Plein jour,En agglomération,Hors intersection,Autre,Autre collision,4,2,2,0,1,3,1,0,1,50,,4,1,0,0,3,71.0,,,,1,2,1,9,6
202100001653,2021-12-25 11:40:00,2021,12,25,11,40,72,72308,rue de la gaiété,48.414825,0.110252,Plein jour,En agglomération,Autre intersection,Brouillard / fumée,Sans collision,3,2,2,0,1,1,2,0,1,50,,3,1,0,1,1,57.0,49.0,,,1,2,9,5,7
202100001654,2021-12-25 20:20:00,2021,12,25,20,20,72,72132,42 Avenue Pasteur,48.187027,0.646689,Nuit avec éclairage allumé,En agglomération,Hors intersection,Normale,Autre collision,4,2,2,0,2,2,1,0,1,70,,1,0,0,1,0,48.0,,,,5,2,1,1,6
202100001655,2021-12-21 10:29:00,2021,12,21,10,29,24,24067,Avenue de la Libération,44.91352,0.924783,Plein jour,En agglomération,Hors intersection,Normale,Autre collision,3,2,2,0,1,1,1,0,1,50,,2,1,0,1,0,64.0,,,,1,2,1,1,6
202100001656,2021-12-25 00:30:00,2021,12,25,0,30,87,87008,Le Monteil,46.246187,1.071897,Nuit sans éclairage public,Hors agglomération,Hors intersection,Pluie légère,Autre collision,3,2,2,0,2,2,6,0,3,80,,1,0,1,0,0,20.0,,,,3,1,1,2,6
202100001657,2021-12-24 11:50:00,2021,12,24,11,50,76,76660,A131 pk 28.300,49.4912035293,0.2883857489,Plein jour,Hors agglomération,Hors intersection,Normale,Deux véhicules - arrière,1,3,4,0,1,1,1,0,1,130,,2,1,0,0,1,45.0,75.0,,,1,1,1,1,2
202100001658,2021-12-25 07:30:00,2021,12,25,7,30,01,01134,A406 PK 001+100,46.2953525445,4.8979389668,Crépuscule ou aube,Hors agglomération,Hors intersection,Brouillard / fumée,Autre collision,1,1,1,0,1,1,2,7,1,50,,1,0,0,1,0,72.0,,,,2,1,1,5,6
202100001659,2021-12-25 11:05:00,2021,12,25,11,5,64,64021,A64 PK 113.600,43.304101,-0.23876,Plein jour,Hors agglomération,Hors intersection,Normale,Autre collision,1,3,4,0,1,1,1,0,2,130,,3,2,0,1,0,21.0,,,,1,1,1,1,6
202100001660,2021-12-24 08:50:00,2021,12,24,8,50,53,53269,RN 12 -PK 056.160,48.303522,-0.846119,Plein jour,Hors agglomération,Hors intersection,Brouillard / fumée,Trois véhicules et plus - collisions multiples,2,2,2,0,4,1,2,0,1,80,,4,3,1,0,0,85.0,24.0,,,1,1,1,5,5
202100001661,2021-12-25 14:15:00,2021,12,25,14,15,988,98832,RM 10 - la Netcha,-22.227276,166.852262,Plein jour,Hors agglomération,Hors intersection,Normale,Sans collision,4,2,2,0,1,3,1,0,3,90,,5,4,0,1,0,21.0,,,,1,1,1,1,7
202100001662,2021-11-01 20:30:00,2021,11,1,20,30,978,97801,RN7 - Rue de Hollande,18.048725,-63.086221,Nuit avec éclairage allumé,Hors agglomération,Hors intersection,Normale,Deux véhicules - côté,2,2,2,0,2,1,1,0,1,70,,2,1,0,1,0,61.0,36.0,,,5,1,1,1,3
202100001663,2021-12-24 23:45:00,2021,12,24,23,45,971,97114,RN1,16.1402659057,-61.5819525719,Nuit sans éclairage public,Hors agglomération,Hors intersection,Pluie légère,Sans collision,2,2,1,0,3,2,2,0,3,-1,,12,2,3,0,7,20.0,51.0,,,3,1,1,2,7
202100001664,2021-12-24 17:40:00,2021,12,24,17,40,29,29233,Parking supermarche,47.8702415887,-3.5672789812,Nuit avec éclairage allumé,En agglomération,Hors intersection,Normale,Autre collision,6,-1,-1,0,1,1,1,5,1,30,,2,1,0,1,0,71.0,,,,5,2,1,1,6
202100001665,2021-12-24 16:35:00,2021,12,24,16,35,95,95509,RD 9+Z,49.070053,2.485533,Plein jour,Hors agglomération,Hors intersection,Pluie légère,Autre collision,3,2,2,0,2,2,6,0,3,80,,1,0,0,1,0,26.0,,,,1,1,1,2,6
202100001666,2021-12-25 19:00:00,2021,12,25,19,0,34,34151,D 61 - Route de la mer,43.5963972543,4.105410722,Nuit sans éclairage public,Hors agglomération,Giratoire,Normale,Sans collision,3,3,4,0,1,1,1,5,1,90,,2,0,0,0,2,36.0,,,,3,1,6,1,7
202100001667,2021-12-25 11:40:00,2021,12,25,11,40,85,85126,d148,46.470966,-0.855842,Plein jour,En agglomération,Hors intersection,Normale,Autre collision,3,2,2,0,1,3,2,0,3,50,,2,1,0,1,0,22.0,,,,1,2,1,1,6
202100001668,2021-12-22 14:30:00,2021,12,22,14,30,13,13071,A55 - Sens Marseille vers Martigues,43.37869,5.31711,Plein jour,Hors agglomération,Hors intersection,Normale,Deux véhicules - arrière,1,1,3,0,1,1,1,0,1,90,,4,1,0,1,2,65.0,41.0,,,1,1,1,1,2
202100001669,2021-12-22 14:30:00,2021,12,22,14,30,42,42044,N88,45.3953,4.33793,Plein jour,Hors agglomération,Hors intersection,Normale,Trois véhicules et plus - en chaîne,2,1,4,0,1,1,1,0,1,110,,5,2,0,0,3,18.0,32.0,,,1,1,1,1,4
202100001670,2021-12-18 20:10:00,2021,12,18,20,10,67,67482,Autoroute A.35,48.59113,7.7345,Nuit sans éclairage public,Hors agglomération,Hors intersection,Normale,Deux véhicules - arrière,7,3,4,0,1,1,1,0,1,90,,3,1,0,0,2,42.0,37.0,,,3,1,1,1,2
202100001671,2021-12-23 11:15:00,2021,12,23,11,15,33,33013,ROUTE NATIONALE 230,44.849928,-0.503868,Plein jour,Hors agglomération,Hors intersection,Normale,Deux véhicules - arrière,2,3,6,0,1,1,1,0,1,90,,3,2,0,0,1,53.0,19.0,,,1,1,1,1,2
202100001672,2021-12-23 18:00:00,2021,12,23,18,0,91,91363,RN 104,48.66105,2.18647,Nuit sans éclairage public,Hors agglomération,Hors intersection,Normale,Trois véhicules et plus - en chaîne,2,1,3,0,1,1,1,0,1,110,,4,3,0,0,1,25.0,22.0,,,3,1,1,1,4
202100001673,2021-12-23 18:15:00,2021,12,23,18,15,91,91521,AUTOROUTE A6,48.63365,2.40411,Nuit sans éclairage public,Hors agglomération,Hors intersection,Normale,Deux véhicules - côté,1,3,3,0,1,1,1,0,1,110,,2,1,0,0,1,39.0,46.0,,,3,1,1,1,3
202100001674,2021-12-22 19:00:00,2021,12,22,19,0,91,91174,RN 104,48.62244,2.46469,Nuit sans éclairage public,Hors agglomération,Hors intersection,Normale,Deux véhicules - arrière,2,1,3,0,1,1,1,0,1,110,,2,1,0,0,1,38.0,,,,3,1,1,1,2
202100001675,2021-12-22 20:15:00,2021,12,22,20,15,92,92025,A86,48.9190397614,2.2236068855,Nuit sans éclairage public,Hors agglomération,Hors intersection,Normale,Deux véhicules - arrière,1,3,2,0,1,1,1,0,1,90,,2,0,0,0,2,30.0,55.0,,,3,1,1,1,2
202100001676,2021-12-23 12:40:00,2021,12,23,12,40,95,95306,A15,48.9958373785,2.1804642677,Plein jour,Hors agglomération,Hors intersection,Normale,Autre collision,1,1,1,0,2,3,1,3,1,50,,1,0,0,0,1,28.0,,,,1,1,1,1,6
202100001677,2021-12-23 11:20:00,2021,12,23,11,20,93,93006,AUTOROUTE A3,48.86598,2.41625,Plein jour,Hors agglomération,Hors intersection,Normale,Deux véhicules - côté,1,-1,9,0,1,3,1,0,1,70,,2,1,0,0,1,25.0,36.0,,,1,1,1,1,3
202100001678,2021-12-23 08:00:00,2021,12,23,8,0,95,95042,RN 104,49.05705,2.29505,Crépuscule ou aube,Hors agglomération,Hors intersection,Normale,Deux véhicules - arrière,2,3,4,0,1,1,1,0,1,110,,2,1,0,0,1,,40.0,,,2,1,1,1,2
202100001679,2021-12-23 00:00:00,2021,12,23,0,0,95,95582,A115,48.9827894302,2.2412216663,Nuit sans éclairage public,Hors agglomération,Hors intersection,Normale,Trois véhicules et plus - en chaîne,1,3,4,0,1,1,1,0,1,90,,4,1,0,1,2,21.0,29.0,,,3,1,1,1,4
202100001680,2021-12-23 17:30:00,2021,12,23,17,30,94,94069,A4,48.8171389327,2.4422619339,Crépuscule ou aube,Hors agglomération,Hors intersection,Normale,Trois véhicules et plus - en chaîne,1,3,6,0,1,1,1,0,1,90,,4,2,0,0,2,53.0,26.0,,,2,1,1,1,4
202100001681,2021-12-23 16:30:00,2021,12,23,16,30,93,93051,A4,48.83526,2.57629,Crépuscule ou aube,Hors agglomération,Hors intersection,Normale,Deux véhicules - côté,1,3,4,0,1,1,1,0,1,110,,2,1,0,0,1,21.0,59.0,,,2,1,1,1,3
202100001682,2021-12-22 20:10:00,2021,12,22,20,10,75,75112,A4,48.8195429804,2.4591994286,Nuit sans éclairage public,Hors agglomération,Hors intersection,Normale,Deux véhicules - arrière,1,3,8,0,1,1,1,0,1,90,,4,2,0,0,2,39.0,35.0,,,3,1,1,1,2
202100001683,2021-06-26 15:00:00,2021,6,26,15,0,29,29232,RN 165,48.00967647,-4.0672372608,Plein jour,Hors agglomération,Hors intersection,Normale,Deux véhicules - arrière,2,3,4,0,1,1,1,0,1,110,,5,3,0,0,2,40.0,74.0,,,1,1,1,1,2
202100001684,2021-05-28 16:54:00,2021,5,28,16,54,29,29051,Route de Kerourvois,48.0045,-4.0586,Plein jour,Hors agglomération,Giratoire,Normale,Deux véhicules - côté,4,2,8,0,1,1,1,5,3,50,,2,1,0,0,1,30.0,22.0,,,1,1,6,1,3
202100001685,2021-10-04 14:23:00,2021,10,4,14,23,75,75118,BOULEVARD DE ROCHECHOUART,48.883706,2.348303,Plein jour,En agglomération,Intersection en T,Normale,Autre collision,4,3,3,0,1,1,1,0,4,30,,6,1,1,1,3,44.0,26.0,,,1,2,3,1,6
202100001686,2021-11-10 07:10:00,2021,11,10,7,10,976,97611,m'tsapere-Nationale 2 (route),-12.79165,45.22181,Crépuscule ou aube,En agglomération,Autre intersection,Normale,Deux véhicules - arrière,4,2,2,0,1,1,1,9,1,50,,2,1,0,0,1,26.0,28.0,,,2,2,9,1,2
202100001687,2021-11-09 07:15:00,2021,11,9,7,15,976,97611,kaweni-SPPM ( rue de la ),-12.76979,45.22418,Plein jour,En agglomération,Hors intersection,Normale,Trois véhicules et plus - en chaîne,4,2,2,0,1,1,1,0,1,50,,4,2,0,0,2,37.0,,,,1,2,1,1,4
202100001688,2021-12-22 13:50:00,2021,12,22,13,50,974,97411,LECLERC (DU MARECHAL),-20.8845,55.46568,Plein jour,En agglomération,Intersection en X,Pluie légère,Deux véhicules - côté,4,1,8,0,1,1,2,0,1,50,,5,3,0,0,2,38.0,59.0,,,1,2,2,2,3
202100001689,2021-12-21 20:00:00,2021,12,21,20,0,974,97409,DU CENTRE(CHEMIN),-20.9484,55.65773,Nuit avec éclairage allumé,En agglomération,Hors intersection,Normale,Deux véhicules - côté,4,2,2,0,1,1,1,0,1,50,,2,1,0,0,1,52.0,21.0,,,5,2,1,1,3
202100001690,2021-12-22 18:20:00,2021,12,22,18,20,973,97302,BADUEL (ROUTE DE),4.9290643299,-52.3009335995,Nuit avec éclairage allumé,En agglomération,Hors intersection,Normale,Deux véhicules - arrière,3,2,2,0,1,1,2,0,1,50,,2,1,0,0,1,33.0,20.0,,,5,2,1,1,2
202100001691,2021-12-22 18:45:00,2021,12,22,18,45,69,69259,PIERRE SEMARD (AV),45.7102673861,4.8755049706,Nuit avec éclairage allumé,En agglomération,Hors intersection,Normale,Trois véhicules et plus - collisions multiples,4,2,3,2,2,1,1,2,1,50,,4,3,0,0,1,23.0,35.0,,,5,2,1,1,5
202100001692,2021-12-22 17:15:00,2021,12,22,17,15,69,69383,VENDOME (R),45.76222,4.84623,Crépuscule ou aube,En agglomération,Intersection en X,Autre,Deux véhicules - frontale,4,1,1,0,1,1,1,0,1,50,,3,2,0,1,0,39.0,20.0,,,2,2,2,9,1
202100001693,2021-12-22 11:10:00,2021,12,22,11,10,69,69199,PIERRE SEMARD (BD),45.6945786287,4.844160676,Plein jour,En agglomération,Hors intersection,Brouillard / fumée,Deux véhicules - côté,7,1,2,0,1,1,1,0,1,50,,4,3,0,0,1,35.0,32.0,,,1,2,1,5,3
202100001694,2021-12-22 09:50:00,2021,12,22,9,50,69,69387,GUILLOTIERE (DE LA) (GR),45.7518314492,4.8469984531,Plein jour,En agglomération,Intersection en X,Normale,Deux véhicules - côté,4,1,1,2,1,1,1,0,5,50,,2,1,0,0,1,23.0,47.0,,,1,2,2,1,3
202100001695,2021-12-22 16:50:00,2021,12,22,16,50,972,97209,BISHOP (Avenue Maurice),14.60993,-61.0553,Plein jour,En agglomération,Hors intersection,Normale,Deux véhicules - côté,2,2,2,3,1,1,1,0,1,50,,2,1,0,1,0,28.0,19.0,,,1,2,1,1,3
202100001696,2021-12-22 17:17:00,2021,12,22,17,17,69,69382,JULES COURMONT (Q),45.7591,4.83736,Nuit avec éclairage allumé,En agglomération,Hors intersection,Temps couvert,Deux véhicules - côté,4,1,6,3,1,1,1,0,1,50,,3,2,0,0,1,22.0,23.0,,,5,2,1,8,3
202100001697,2021-12-22 13:45:00,2021,12,22,13,45,2B,2B033,TOUTES RUES,42.67958,9.44323,Plein jour,En agglomération,Intersection en T,Normale,Trois véhicules et plus - en chaîne,4,2,3,0,2,1,1,0,1,50,,3,0,0,0,3,61.0,32.0,,,1,2,3,1,4
202100001698,2021-12-21 12:20:00,2021,12,21,12,20,2A,2A004,ROUTE DU STILETTO,41.94619,8.76346,Plein jour,En agglomération,Hors intersection,Normale,Deux véhicules - côté,3,2,2,0,2,1,1,0,1,50,,2,1,0,0,1,41.0,44.0,,,1,2,1,1,3
202100001699,2021-12-22 21:20:00,2021,12,22,21,20,90,90010,JAURES (AVENUE JEAN) A 150 ET 117,47.6545,6.8481,Nuit avec éclairage allumé,En agglomération,Intersection en X,Normale,Deux véhicules - côté,3,2,2,0,1,1,1,0,1,50,,2,1,0,0,1,20.0,48.0,,,5,2,2,1,3
202100001700,2021-12-21 17:55:00,2021,12,21,17,55,86,86194,Rue du Pontreau,46.568061,0.355765,Nuit avec éclairage allumé,En agglomération,Hors intersection,Normale,Autre collision,4,2,2,0,1,1,1,0,1,50,,3,1,0,2,0,41.0,,,,5,2,1,1,6