accident_id,datetime,annee,mois,jour,heure,minute,departement,commune_insee,adresse,latitude,longitude,luminosite,agglomeration,intersection,meteo,collision,catr,circ,nbv,vosp,prof,plan,surf,infra,situ,vma,nb_vehicules,nb_usagers,nb_indemnes,nb_tues,nb_blesses_hosp,nb_blesses_legers,age_cond_1,age_cond_2,veh_type_cond_1,veh_type_cond_2,lum_code,agg_code,int_code,atm_code,col_code
202100001701,2021-12-21 00:20:00,2021,12,21,0,20,80,80021,BOTTICELLI (RUE),49.9225,2.3032,Nuit avec éclairage allumé,En agglomération,Giratoire,Normale,Deux véhicules - côté,4,1,0,0,1,2,1,0,1,50,,3,2,0,0,1,59.0,21.0,,,5,2,6,1,3
202100001702,2021-12-21 08:00:00,2021,12,21,8,0,72,72181,GAULLE GENERAL DE (AV DU),48.00405,0.2023,Crépuscule ou aube,En agglomération,Giratoire,Normale,Autre collision,4,2,2,0,1,3,1,0,1,50,,2,1,0,0,1,60.0,,,,2,2,6,1,6
202100001703,2021-12-22 14:45:00,2021,12,22,14,45,69,69256,8 MAI 1945 (DU) (AV),45.78867,4.90872,Plein jour,En agglomération,Hors intersection,Normale,Trois véhicules et plus - en chaîne,4,2,2,0,1,1,1,0,1,50,,3,2,0,0,1,65.0,21.0,,,1,2,1,1,4
202100001704,2021-12-22 15:50:00,2021,12,22,15,50,64,64483,Avenue Lohobiague,43.39578,-1.65811,Plein jour,En agglomération,Hors intersection,Normale,Autre collision,4,2,2,0,1,1,1,0,1,50,,2,1,0,0,1,78.0,,,,1,2,1,1,6
202100001705,2021-12-22 18:55:00,2021,12,22,18,55,64,64445,Rue du Père Pardies,43.30618,-0.37484,Nuit avec éclairage allumé,En agglomération,Hors intersection,Normale,Sans collision,4,2,2,0,1,1,1,0,1,50,,2,1,0,0,1,24.0,22.0,,,5,2,1,1,7
202100001706,2021-12-22 14:15:00,2021,12,22,14,15,64,64129,Route de Bayonne,43.29888,-0.39037,Plein jour,En agglomération,Hors intersection,Normale,Deux véhicules - côté,4,2,3,1,1,1,1,0,1,50,,2,1,0,0,1,23.0,29.0,,,1,2,1,1,3
202100001707,2021-12-21 18:40:00,2021,12,21,18,40,64,64445,LILAS DES,43.32005,-0.33961,Nuit avec éclairage allumé,En agglomération,Hors intersection,Normale,Autre collision,4,2,2,1,1,1,1,0,1,50,,2,1,0,0,1,,,,,5,2,1,1,6
202100001708,2021-12-22 18:55:00,2021,12,22,18,55,59,59009,BOIS AVENUE DU PONT DE,50.62602,3.12375,Nuit avec éclairage allumé,En agglomération,Giratoire,Normale,Deux véhicules - arrière,7,1,1,0,1,2,1,0,1,50,,2,1,0,0,1,32.0,40.0,,,5,2,6,1,2
202100001709,2021-12-17 07:50:00,2021,12,17,7,50,59,59588,FURNES - ROUTE,51.034998,2.406395,Nuit sans éclairage public,En agglomération,Intersection à plus de 4 branches,Autre,Deux véhicules - côté,3,-1,2,0,1,1,2,0,8,50,,2,1,0,1,0,47.0,58.0,,,3,2,5,9,3
202100001710,2021-12-21 09:30:00,2021,12,21,9,30,59,59486,ANCHIN (RUE D'),50.413982728,3.1364893913,Plein jour,En agglomération,Hors intersection,Temps éblouissant,Autre collision,4,-1,2,0,1,3,1,0,1,50,,2,1,0,0,1,66.0,,,,1,2,1,7,6
202100001711,2021-12-16 16:45:00,2021,12,16,16,45,57,57221,COLLEGE (AVENUE DU),49.320759,6.1291923,Crépuscule ou aube,Hors agglomération,Hors intersection,Normale,Autre collision,4,2,2,0,1,1,1,0,1,30,,3,1,0,0,2,14.0,,,,2,1,1,1,6
202100001712,2021-12-22 13:15:00,2021,12,22,13,15,54,54431,DUNANT (SQUARE HENRI),48.900048,6.051062,Plein jour,En agglomération,Hors intersection,Normale,Deux véhicules - arrière,3,2,2,0,1,1,1,0,1,50,,2,1,0,0,1,21.0,20.0,,,1,2,1,1,2
202100001713,2021-12-22 20:25:00,2021,12,22,20,25,54,54395,rue Gabriel Fauré,48.67723,6.20227,Nuit avec éclairage allumé,En agglomération,Hors intersection,Normale,Deux véhicules - frontale,4,2,4,0,2,1,1,0,1,50,,4,0,0,0,4,25.0,56.0,,,5,2,1,1,1
202100001714,2021-12-22 11:45:00,2021,12,22,11,45,54,54482,CARNOT (AVENUE),48.701,6.2095,Plein jour,En agglomération,Hors intersection,Normale,Autre collision,4,2,2,0,1,1,1,0,1,50,,3,2,0,0,1,53.0,,,,1,2,1,1,6
202100001715,2021-12-17 09:30:00,2021,12,17,9,30,53,53201,ARMAND ( BOULEVARD LOUIS ),48.06605,-0.8085,Plein jour,En agglomération,Hors intersection,Normale,Autre collision,4,2,4,0,1,1,1,0,1,50,,2,1,0,1,0,61.0,,,,1,2,1,1,6
202100001716,2021-12-22 09:35:00,2021,12,22,9,35,51,51454,Avenue de Champagne,49.21361,4.01555,Plein jour,En agglomération,Giratoire,Normale,Deux véhicules - arrière,3,1,2,0,1,3,1,0,1,50,,3,2,0,0,1,23.0,39.0,,,1,2,6,1,2
202100001717,2021-12-21 10:05:00,2021,12,21,10,5,51,51573,Rue Maurice Lahaye,49.244081,3.998451,Plein jour,En agglomération,Hors intersection,Normale,Sans collision,4,1,1,0,1,1,1,0,1,50,,1,0,0,0,1,68.0,,,,1,2,1,1,7
202100001718,2021-11-09 13:50:00,2021,11,9,13,50,50,50129,SCHMITT (AVENUE RENE),49.63323,-1.64857,Plein jour,En agglomération,Intersection en X,Normale,Deux véhicules - arrière,3,2,2,0,1,1,2,0,1,50,,2,1,0,0,1,60.0,65.0,,,1,2,2,1,2
202100001719,2021-12-16 18:00:00,2021,12,16,18,0,49,49015,RN 162,47.51827,-0.6066,Nuit avec éclairage allumé,En agglomération,Hors intersection,Normale,Trois véhicules et plus - en chaîne,4,2,2,0,1,1,1,0,1,80,,3,2,0,0,1,72.0,27.0,,,5,2,1,1,4
202100001720,2021-12-14 23:54:00,2021,12,14,23,54,49,49007,PENITENTES,47.47515,-0.56406,Nuit avec éclairage allumé,En agglomération,Hors intersection,Normale,Autre collision,4,1,1,0,1,1,1,0,1,30,,2,1,0,0,1,41.0,,,,5,2,1,1,6
202100001721,2021-12-22 17:46:00,2021,12,22,17,46,44,44184,PÉREIRE (RUE DES FRERES),47.27722,-2.20519,Crépuscule ou aube,En agglomération,Intersection en T,Normale,Autre collision,4,2,2,0,2,1,1,0,1,50,,2,1,0,0,1,37.0,,,,2,2,3,1,6
202100001722,2021-12-22 14:30:00,2021,12,22,14,30,35,35281,N136,48.0943599477,-1.710267663,Plein jour,Hors agglomération,Hors intersection,Temps couvert,Trois véhicules et plus - en chaîne,2,3,6,0,1,1,1,0,1,90,,4,3,0,0,1,40.0,53.0,,,1,1,1,8,4
202100001723,2021-12-19 00:35:00,2021,12,19,0,35,34,34032,LANGEVIN PAUL (RUE),43.32757,3.26023,Nuit avec éclairage allumé,En agglomération,Hors intersection,Normale,Trois véhicules et plus - collisions multiples,4,2,2,0,1,1,1,0,1,50,,4,1,0,2,1,28.0,,,,5,2,1,1,5
202100001724,2021-12-22 19:50:00,2021,12,22,19,50,29,29019,Avenue Maréchal Foch,48.392596,-4.487608,Nuit avec éclairage allumé,En agglomération,Hors intersection,Normale,Deux véhicules - arrière,4,2,4,0,3,1,1,0,1,30,,2,1,0,0,1,15.0,23.0,,,5,2,1,1,2
202100001725,2021-12-21 12:25:00,2021,12,21,12,25,27,27701,SABLONS (RUE DES),49.25014,1.23583,Plein jour,Hors agglomération,Intersection en T,Normale,Autre collision,3,-1,2,0,1,1,1,9,1,50,,2,1,0,0,1,44.0,,,,1,1,3,1,6
202100001726,2021-12-18 05:30:00,2021,12,18,5,30,26,26362,55 Rue Pierre Latécoère,44.921701,4.92081,Nuit avec éclairage allumé,En agglomération,Giratoire,Normale,Autre collision,4,2,2,0,1,1,1,0,1,50,,2,1,0,0,1,45.0,,,,5,2,6,1,6
202100001727,2021-12-21 11:48:00,2021,12,21,11,48,19,19272,Barrussie (Rue),45.2714649491,1.7723795772,Plein jour,En agglomération,Hors intersection,Temps éblouissant,Autre collision,4,2,2,0,1,3,1,0,1,30,,1,0,0,1,0,76.0,,,,1,2,1,7,6
202100001728,2021-12-22 20:30:00,2021,12,22,20,30,13,13209,REGNY (TRAVERSE),43.2638,5.4183,Nuit avec éclairage allumé,En agglomération,Hors intersection,Normale,Deux véhicules - côté,4,2,2,1,1,1,1,0,1,50,,2,1,0,0,1,53.0,30.0,,,5,2,1,1,3
202100001729,2021-12-22 17:45:00,2021,12,22,17,45,13,13215,HENRI BARNIER (BOULEVARD),43.3678367562,5.3441087702,Crépuscule ou aube,En agglomération,Hors intersection,Normale,Deux véhicules - arrière,3,1,2,0,1,1,1,9,1,50,,5,1,0,0,4,,29.0,,,2,2,1,1,2
202100001730,2021-12-22 13:45:00,2021,12,22,13,45,13,13203,PLOMBIERES (BOULEVARD DES),43.3176092475,5.3809922556,Plein jour,En agglomération,Hors intersection,Normale,Deux véhicules - côté,4,1,2,0,1,1,1,0,1,50,,5,4,0,0,1,41.0,28.0,,,1,2,1,1,3
202100001731,2021-12-22 12:56:00,2021,12,22,12,56,13,13202,CAMILLE PELLETAN (AVENUE),43.30321,5.37388,Plein jour,En agglomération,Hors intersection,Normale,Deux véhicules - côté,4,2,3,3,2,1,1,0,1,50,,3,2,0,0,1,28.0,35.0,,,1,2,1,1,3
202100001732,2021-12-22 07:20:00,2021,12,22,7,20,13,13001,AMPERE  ANDRE (RUE),43.48456,5.38213,Nuit avec éclairage non allumé,Hors agglomération,Hors intersection,Normale,Deux véhicules - frontale,7,1,2,0,1,2,9,0,1,50,,3,1,0,0,2,52.0,,,,4,1,1,1,1
202100001733,2021-12-23 00:00:00,2021,12,23,0,0,11,11069,JUIN MARECHAL,43.2118,2.37443,Nuit sans éclairage public,En agglomération,Hors intersection,Normale,Sans collision,4,2,2,0,1,1,1,0,1,30,,1,0,0,1,0,21.0,,,,3,2,1,1,7
202100001734,2021-12-22 09:30:00,2021,12,22,9,30,11,11069,MONTREAL -ROUTE DE -,43.211285789,2.3264998198,Plein jour,En agglomération,Intersection en X,Normale,Deux véhicules - côté,3,1,2,0,1,1,1,5,1,50,,2,1,0,0,1,83.0,75.0,,,1,2,2,1,3
202100001735,2021-12-22 14:30:00,2021,12,22,14,30,06,06088,BINET (RUE ALFRED),43.71009,7.25995,Plein jour,En agglomération,Autre intersection,Normale,Autre collision,4,2,3,0,1,1,1,0,1,50,,2,1,0,1,0,32.0,,,,1,2,9,1,6
202100001736,2021-12-22 19:30:00,2021,12,22,19,30,03,03098,4 Avenue du 4 Septembre,46.354218,2.614314,Nuit avec éclairage allumé,En agglomération,Intersection en X,Normale,Deux véhicules - côté,3,2,3,0,4,1,1,0,1,50,,2,1,0,0,1,31.0,,,,5,2,2,1,3
202100001737,2021-12-22 09:10:00,2021,12,22,9,10,75,75113,PORTE D IVRY,48.820273,2.37556,Plein jour,En agglomération,Hors intersection,Normale,Deux véhicules - arrière,4,1,4,0,1,1,1,0,1,70,,2,1,0,0,1,38.0,61.0,,,1,2,1,1,2
202100001738,2021-12-21 16:50:00,2021,12,21,16,50,75,75117,BD PERIPHERIQUE INTERIEUR,48.890747,2.29949,Crépuscule ou aube,En agglomération,Hors intersection,Normale,Deux véhicules - arrière,4,1,4,0,1,1,1,0,1,70,,2,1,0,0,1,31.0,25.0,,,2,2,1,1,2
202100001739,2021-12-20 12:15:00,2021,12,20,12,15,75,75116,PORTE DE SAINT CLOUD,48.835095973,2.2601526976,Plein jour,En agglomération,Intersection en Y,Normale,Deux véhicules - côté,4,1,4,0,1,1,1,0,1,70,,2,1,0,0,1,33.0,58.0,,,1,2,4,1,3
202100001740,2021-12-21 20:40:00,2021,12,21,20,40,75,75119,RUE BOURET,48.880748,2.376098,Nuit avec éclairage allumé,En agglomération,Hors intersection,Normale,Deux véhicules - frontale,4,1,1,0,2,1,1,0,1,30,,2,1,0,0,1,55.0,,,,5,2,1,1,1
202100001741,2021-12-22 18:00:00,2021,12,22,18,0,75,75118,RUE DE CLIGNANCOURT,48.885704,2.347418,Nuit avec éclairage allumé,En agglomération,Intersection en T,Normale,Autre collision,4,1,2,0,2,1,1,0,1,30,,2,1,0,0,1,23.0,,,,5,2,3,1,6
202100001742,2021-12-22 10:45:00,2021,12,22,10,45,75,75117,PLACE DE WAGRAM,48.887578,2.304776,Plein jour,En agglomération,Place,Normale,Deux véhicules - côté,4,1,1,0,1,1,1,0,1,30,,2,1,0,0,1,35.0,21.0,,,1,2,7,1,3
202100001743,2021-12-22 05:43:00,2021,12,22,5,43,75,75117,RUE DE ROME,48.882206,2.320351,Nuit avec éclairage allumé,En agglomération,Intersection en X,Normale,Deux véhicules - côté,4,2,1,0,1,1,1,0,1,30,,2,1,0,0,1,25.0,22.0,,,5,2,2,1,3
202100001744,2021-12-20 18:30:00,2021,12,20,18,30,75,75116,ROUTE DE SURESNES,48.865029,2.234447,Nuit avec éclairage allumé,En agglomération,Intersection en X,Normale,Deux véhicules - côté,4,2,6,0,1,1,1,0,1,50,,2,1,0,1,0,28.0,25.0,,,5,2,2,1,3
202100001745,2021-12-22 18:50:00,2021,12,22,18,50,75,75115,QUAI D ISSY LES MOULINEAUX,48.835491,2.266986,Nuit avec éclairage allumé,En agglomération,Intersection à plus de 4 branches,Normale,Deux véhicules - côté,4,1,2,0,1,1,1,0,1,50,,2,1,0,0,1,30.0,49.0,,,5,2,5,1,3
202100001746,2021-12-22 12:20:00,2021,12,22,12,20,75,75112,AVENUE DAUMESNIL,48.844276,2.381581,Plein jour,En agglomération,Intersection en X,Normale,Deux véhicules - côté,4,2,4,1,1,1,1,-1,5,30,,3,2,0,0,1,44.0,48.0,,,1,2,2,1,3
202100001747,2021-12-22 15:00:00,2021,12,22,15,0,75,75111,BOULEVARD VOLTAIRE,48.85291,2.388499,Plein jour,En agglomération,Intersection en Y,Temps couvert,Deux véhicules - côté,4,2,2,1,1,1,1,0,1,30,,2,1,0,0,1,61.0,32.0,,,1,2,4,8,3
202100001748,2021-12-22 16:55:00,2021,12,22,16,55,75,75109,RUE DROUOT,48.873266,2.340554,Nuit avec éclairage allumé,En agglomération,Intersection en T,Normale,Autre collision,4,1,1,0,1,1,1,0,1,30,,3,2,0,0,1,33.0,47.0,,,5,2,3,1,6
202100001749,2021-12-22 18:15:00,2021,12,22,18,15,75,75108,AVENUE DES CHAMPS ELYSEES,48.870943,2.303981,Nuit avec éclairage allumé,En agglomération,Hors intersection,Normale,Autre collision,4,2,8,1,1,1,1,-1,5,30,,2,0,0,0,2,19.0,,,,5,2,1,1,6
202100001750,2021-12-22 14:00:00,2021,12,22,14,0,75,75108,AVENUE DES CHAMPS ELYSEES,48.870495,2.305252,Plein jour,En agglomération,Intersection en X,Normale,Autre collision,4,2,6,0,2,1,1,0,1,50,,2,1,0,0,1,,,,,1,2,2,1,6
202100001751,2021-12-22 07:25:00,2021,12,22,7,25,75,75108,AVENUE WINSTON CHURCHILL,48.864928,2.313654,Nuit avec éclairage allumé,En agglomération,Intersection en X,Normale,Deux véhicules - côté,4,2,3,0,1,1,1,0,1,30,,2,1,0,0,1,22.0,29.0,,,5,2,2,1,3
202100001752,2021-12-22 17:20:00,2021,12,22,17,20,75,75107,AVENUE DE LOWENDAL,48.85206,2.30763,Nuit avec éclairage allumé,En agglomération,Hors intersection,Normale,Autre collision,4,2,2,1,1,1,1,9,1,50,,1,0,0,0,1,87.0,,,,5,2,1,1,6
202100001753,2021-12-22 12:10:00,2021,12,22,12,10,94,94076,Avenue de Stalingrad,48.78397,2.36734,Plein jour,En agglomération,Intersection en T,Normale,Deux véhicules - côté,3,1,1,1,1,1,1,0,1,50,,2,1,0,0,1,22.0,42.0,,,1,2,3,1,3
202100001754,2021-12-21 07:07:00,2021,12,21,7,7,94,94079,Route de Combault,48.82337,2.55847,Nuit avec éclairage allumé,En agglomération,Intersection en T,Normale,Autre collision,4,2,2,0,1,1,1,0,1,50,,2,1,0,0,1,57.0,,,,5,2,3,1,6
202100001755,2021-12-22 09:50:00,2021,12,22,9,50,93,93059,JEAN MERMOZ (BOULEVARD) DES N°1A57 ET N°,48.971,2.36616,Plein jour,En agglomération,Hors intersection,Normale,Deux véhicules - côté,3,-1,2,0,1,1,1,0,1,50,,2,1,0,0,1,69.0,31.0,,,1,2,1,1,3
202100001756,2021-12-22 15:55:00,2021,12,22,15,55,93,93070,JEAN-JAURES (BD),48.91477,2.3373,Plein jour,En agglomération,Hors intersection,Temps couvert,Deux véhicules - côté,3,2,2,1,1,1,1,0,5,50,,6,5,0,0,1,29.0,16.0,,,1,2,1,8,3
202100001757,2021-12-22 17:00:00,2021,12,22,17,0,93,93055,JEAN JAURES (AVENUE) (76/128),48.90585,2.39464,Crépuscule ou aube,En agglomération,Intersection en T,Normale,Deux véhicules - frontale,3,3,2,2,1,1,1,0,1,50,,2,1,0,0,1,,28.0,,,2,2,3,1,1
202100001758,2021-12-20 19:00:00,2021,12,20,19,0,93,93061,PERI GABRIEL RUE,48.885698086,2.4054899293,Nuit avec éclairage allumé,En agglomération,Intersection en X,Normale,Autre collision,3,2,2,0,1,1,1,5,1,50,,2,1,0,0,1,24.0,,,,5,2,2,1,6
202100001759,2021-12-22 13:00:00,2021,12,22,13,0,93,93031,ALLIES (RUE DES),48.9526943804,2.3049912276,Plein jour,En agglomération,Hors intersection,Normale,Sans collision,4,2,0,0,1,1,1,0,1,50,,1,0,0,0,1,22.0,,,,1,2,1,1,7
202100001760,2021-12-21 08:25:00,2021,12,21,8,25,92,92020,PARIS AVENUE DE N°84 A FIN,48.806859,2.293348,Crépuscule ou aube,En agglomération,Hors intersection,Normale,Deux véhicules - côté,3,2,3,0,4,1,1,0,1,50,,2,1,0,0,1,46.0,,,,2,2,1,1,3
202100001761,2021-12-11 20:50:00,2021,12,11,20,50,92,92040,Quai de la Bataille de Stalingrad,48.8213560594,2.2499039769,Nuit avec éclairage allumé,En agglomération,Place,Normale,Deux véhicules - côté,3,-1,2,0,1,1,1,0,1,50,,2,1,0,0,1,26.0,46.0,,,5,2,7,1,3
202100001762,2021-12-22 19:20:00,2021,12,22,19,20,92,92023,PORTE DE TRIVAUX (RUE DE LA) N°1 A 55 ET,48.7884652027,2.2498181462,Nuit avec éclairage allumé,En agglomération,Intersection en T,Normale,Deux véhicules - côté,3,2,2,1,1,1,1,0,1,50,,2,1,0,0,1,29.0,32.0,,,5,2,3,1,3
202100001763,2021-12-22 10:40:00,2021,12,22,10,40,92,92023,GENERAL DE GAULLE (AVENUE DU),48.7796884637,2.237367332,Plein jour,En agglomération,Hors intersection,Normale,Autre collision,3,3,4,0,1,1,1,0,1,50,,3,1,0,0,2,57.0,,,,1,2,1,1,6
202100001764,2021-12-22 18:30:00,2021,12,22,18,30,92,92012,ALPHONSE LE GALLO (QUAI) 1/34,48.83378,2.22668,Nuit avec éclairage allumé,En agglomération,Hors intersection,Normale,Autre collision,3,1,2,0,1,1,1,0,1,50,,2,1,0,1,0,27.0,,,,5,2,1,1,6
202100001765,2021-12-21 16:10:00,2021,12,21,16,10,92,92012,GENERAL LECLERC (AVENUE DU) 35/FIN - 60/,48.8309362379,2.23462075,Plein jour,En agglomération,Intersection en T,Normale,Deux véhicules - côté,3,2,3,0,1,1,1,0,1,50,,2,1,0,0,1,31.0,36.0,,,1,2,3,1,3
202100001766,2021-12-13 15:30:00,2021,12,13,15,30,974,97415,Chemin Grand Pourpier,-20.973732,55.304049,Plein jour,Hors agglomération,Giratoire,Normale,Deux véhicules - frontale,3,1,1,0,2,1,1,0,1,80,,3,2,0,0,1,48.0,48.0,,,1,1,6,1,1
202100001767,2021-12-23 14:35:00,2021,12,23,14,35,21,21282,Autoroute A6 PK227+300,47.471909,4.216905,Plein jour,Hors agglomération,Hors intersection,Normale,Sans collision,1,3,4,0,1,1,1,0,3,130,,1,0,0,0,1,22.0,,,,1,1,1,1,7
202100001768,2021-12-24 13:20:00,2021,12,24,13,20,01,01354,rue de Genève,46.242442,6.023525,Plein jour,En agglomération,Hors intersection,Normale,Deux véhicules - côté,4,2,2,0,1,1,1,0,1,50,,2,1,1,0,0,56.0,63.0,,,1,2,1,1,3
202100001769,2021-12-22 12:23:00,2021,12,22,12,23,79,79307,,46.106149,0.118961,Plein jour,Hors agglomération,Intersection en X,Normale,Deux véhicules - arrière,3,2,2,0,4,1,1,0,1,80,,4,3,0,1,0,48.0,30.0,,,1,1,2,1,2
202100001770,2021-12-22 18:45:00,2021,12,22,18,45,57,57451,route départementale 674,48.918167,6.57462,Nuit sans éclairage public,Hors agglomération,Intersection en X,Normale,Deux véhicules - côté,3,2,2,0,2,2,1,0,1,80,,3,2,0,0,1,26.0,68.0,,,3,1,2,1,3
202100001771,2021-12-23 22:00:00,2021,12,23,22,0,51,51535,Rue de Vindey,48.715865,3.724058,Nuit avec éclairage allumé,En agglomération,Hors intersection,Normale,Sans collision,3,2,2,0,2,1,1,0,1,-1,,1,0,0,0,1,23.0,,,,5,2,1,1,7
202100001772,2021-12-23 18:00:00,2021,12,23,18,0,56,56193,Rue de Kerdurand,47.712638,-3.321092,Nuit avec éclairage allumé,En agglomération,Hors intersection,Pluie légère,Autre collision,3,2,2,0,1,1,2,0,8,50,,2,1,0,1,0,45.0,,,,5,2,1,2,6
202100001773,2021-12-23 14:00:00,2021,12,23,14,0,59,59262,Route de Fletre,50.781968,2.636912,Plein jour,Hors agglomération,Hors intersection,Normale,Autre collision,3,2,2,0,1,1,1,0,3,80,,3,0,1,0,2,46.0,,,,1,1,1,1,6
202100001774,2021-12-24 07:45:00,2021,12,24,7,45,79,79216,,46.252486,-0.322385,Crépuscule ou aube,Hors agglomération,Intersection en X,Temps couvert,Autre collision,3,2,2,0,1,4,2,2,1,80,,3,2,1,0,0,41.0,,,,2,1,2,8,6
202100001775,2021-12-23 17:34:00,2021,12,23,17,34,2B,2B074,RT 20 PK 076.400,42.2635264803,9.1692066185,Crépuscule ou aube,Hors agglomération,Hors intersection,Normale,Deux véhicules - frontale,2,2,2,0,2,1,1,0,1,80,,3,1,0,2,0,26.0,21.0,,,2,1,1,1,1
202100001776,2021-12-23 13:00:00,2021,12,23,13,0,65,65006,D929,42.878881,0.346268,Plein jour,Hors agglomération,Hors intersection,Normale,Trois véhicules et plus - collisions multiples,3,2,2,0,2,3,1,0,1,70,,4,3,0,0,1,47.0,29.0,,,1,1,1,1,5
202100001777,2021-12-23 15:50:00,2021,12,23,15,50,12,12177,Le Pont de Palmas cd 45,44.395339,2.83487,Plein jour,Hors agglomération,Hors intersection,Normale,Deux véhicules - côté,3,2,2,0,1,1,1,0,1,80,,2,1,0,1,0,76.0,60.0,,,1,1,1,1,3
202100001778,2021-12-23 07:15:00,2021,12,23,7,15,12,12090,D994,44.378119,2.436605,Crépuscule ou aube,Hors agglomération,Hors intersection,Temps couvert,Trois véhicules et plus - collisions multiples,3,2,3,0,2,3,7,0,1,90,,4,1,0,0,3,23.0,25.0,,,2,1,1,8,5
202100001779,2021-12-23 10:55:00,2021,12,23,10,55,46,46128,Place de la République,44.779794,1.725546,Plein jour,En agglomération,Hors intersection,Normale,Autre collision,3,2,2,0,1,3,1,0,1,50,,2,1,0,1,0,84.0,,,,1,2,1,1,6
202100001780,2021-12-24 10:00:00,2021,12,24,10,0,34,34193,Route départementale 612,43.473259,2.873043,Plein jour,Hors agglomération,Hors intersection,Brouillard / fumée,Sans collision,3,2,2,0,1,3,2,0,3,90,,1,0,1,0,0,81.0,,,,1,1,1,5,7
202100001781,2021-12-07 09:45:00,2021,12,7,9,45,25,25265,RD 1 - RD 14,47.318112,5.959077,Plein jour,Hors agglomération,Intersection en X,Normale,Deux véhicules - côté,3,2,1,0,1,1,1,5,1,80,,2,1,1,0,0,47.0,35.0,,,1,1,2,1,3
202100001782,2021-12-24 14:40:00,2021,12,24,14,40,44,44015,39 Rue de Nantes,47.47506,-1.757067,Plein jour,En agglomération,Giratoire,Pluie légère,Deux véhicules - côté,2,4,1,0,1,3,2,5,1,50,,2,1,0,1,0,17.0,63.0,,,1,2,6,2,3
202100001783,2021-12-23 23:05:00,2021,12,23,23,5,44,44213,Route de Belligne,47.445403,-0.991731,Nuit sans éclairage public,Hors agglomération,Hors intersection,Pluie légère,Autre collision,3,2,2,0,1,3,2,0,3,80,,2,0,1,0,1,17.0,,,,3,1,1,2,6
202100001784,2021-12-24 13:50:00,2021,12,24,13,50,29,29195,Kreis Ker,48.61957,-4.554369,Plein jour,En agglomération,Intersection en T,Normale,Deux véhicules - côté,4,2,2,0,2,3,1,0,1,50,,2,1,0,1,0,,8.0,,,1,2,3,1,3
202100001785,2021-12-22 18:30:00,2021,12,22,18,30,31,31499,31 avenue des Pyrénées,43.509788,1.172124,Crépuscule ou aube,En agglomération,Hors intersection,Normale,Autre collision,3,2,2,0,1,1,1,0,1,50,,2,1,0,1,0,18.0,,,,2,2,1,1,6
202100001786,2021-12-22 10:00:00,2021,12,22,10,0,38,38389,Rue Maitre Jacques,45.554961,5.078183,Plein jour,En agglomération,Hors intersection,Temps éblouissant,Autre collision,4,2,2,0,1,1,1,0,4,50,,2,1,0,1,0,75.0,,,,1,2,1,7,6
202100001787,2021-12-23 23:40:00,2021,12,23,23,40,02,02571,Route Départementale 8,49.881542,3.305683,Nuit sans éclairage public,Hors agglomération,Hors intersection,Normale,Sans collision,3,2,2,0,2,1,2,0,3,80,,1,0,1,0,0,26.0,,,,3,1,1,1,7
202100001788,2021-12-23 18:30:00,2021,12,23,18,30,01,01306,Rue du Jouvancy,46.260619,4.885649,Nuit avec éclairage non allumé,En agglomération,Intersection en X,Normale,Deux véhicules - côté,4,2,2,0,1,1,1,5,1,50,,2,1,0,0,1,50.0,17.0,,,4,2,2,1,3
202100001789,2021-12-24 13:30:00,2021,12,24,13,30,50,50633,Route de Pepinvast,49.630469,-1.320881,Plein jour,Hors agglomération,Intersection en X,Normale,Deux véhicules - côté,3,2,2,0,3,1,1,0,1,80,,4,0,0,1,3,19.0,39.0,,,1,1,2,1,3
202100001790,2021-12-22 15:20:00,2021,12,22,15,20,18,18038,D2144,46.748036,2.46186,Plein jour,Hors agglomération,Hors intersection,Normale,Autre collision,3,2,2,0,1,1,1,0,3,90,,2,0,0,2,0,80.0,,,,1,1,1,1,6
202100001791,2021-12-23 17:50:00,2021,12,23,17,50,43,43137,La Chomette,45.281417,4.161222,Nuit sans éclairage public,Hors agglomération,Hors intersection,Normale,Autre collision,3,2,2,0,1,1,1,0,1,70,,2,1,0,0,1,50.0,,,,3,1,1,1,6
202100001792,2021-12-20 07:20:00,2021,12,20,7,20,10,10250,"Pr 112, RD 619",48.258527,4.674597,Crépuscule ou aube,Hors agglomération,Hors intersection,Normale,Autre collision,3,2,2,0,2,1,1,9,8,90,,2,1,1,0,0,31.0,,,,2,1,1,1,6
202100001793,2021-12-22 21:30:00,2021,12,22,21,30,27,27389,Rte de Saint Aubin d Ecrosville,49.147384,0.977225,Nuit sans éclairage public,Hors agglomération,Hors intersection,Normale,Sans collision,4,2,2,0,1,1,1,0,3,80,,1,0,0,1,0,20.0,,,,3,1,1,1,7
202100001794,2021-12-23 23:15:00,2021,12,23,23,15,37,37050,,47.3274140172,0.6923988461,Nuit sans éclairage public,Hors agglomération,Hors intersection,Pluie légère,Autre collision,7,3,2,0,1,1,2,2,1,90,,3,2,1,0,0,20.0,,,,3,1,1,2,6
202100001795,2021-12-24 13:45:00,2021,12,24,13,45,30,30259,568 Ancien Chemin de Méjannes,44.1098,4.1201,Plein jour,En agglomération,Hors intersection,Pluie légère,Sans collision,4,2,2,0,1,3,2,0,1,-1,,1,0,0,1,0,32.0,,,,1,2,1,2,7