accident_id,datetime,annee,mois,jour,heure,minute,departement,commune_insee,adresse,latitude,longitude,luminosite,agglomeration,intersection,meteo,collision,catr,circ,nbv,vosp,prof,plan,surf,infra,situ,vma,nb_vehicules,nb_usagers,nb_indemnes,nb_tues,nb_blesses_hosp,nb_blesses_legers,age_cond_1,age_cond_2,veh_type_cond_1,veh_type_cond_2,lum_code,agg_code,int_code,atm_code,col_code
202100001796,2021-11-28 10:45:00,2021,11,28,10,45,08,08067,RD8043,49.614492,5.203743,Plein jour,Hors agglomération,Hors intersection,Normale,Sans collision,3,2,2,0,1,2,1,0,8,80,,1,0,1,0,0,47.0,,,,1,1,1,1,7
202100001797,2021-12-23 20:11:00,2021,12,23,20,11,44,44109,A11,47.281518,-1.512181,Nuit sans éclairage public,Hors agglomération,Hors intersection,Pluie légère,Deux véhicules - arrière,1,3,4,0,1,1,2,0,1,110,,2,1,0,1,0,39.0,37.0,,,3,1,1,2,2
202100001798,2021-12-20 20:00:00,2021,12,20,20,0,06,06059,"A500 PK 550+000, chaussée nord",43.745127,7.372491,Nuit avec éclairage allumé,Hors agglomération,Hors intersection,Normale,Sans collision,1,3,5,0,2,2,2,3,1,50,,1,0,0,0,1,30.0,,,,5,1,1,1,7
202100001799,2021-12-23 12:15:00,2021,12,23,12,15,51,51454,A26,49.2932296651,3.9915293455,Plein jour,Hors agglomération,Hors intersection,Normale,Sans collision,1,3,4,0,1,1,1,0,3,130,,1,0,0,1,0,29.0,,,,1,1,1,1,7
202100001800,2021-12-10 17:39:00,2021,12,10,17,39,34,34146,Autoroute A9/PK80/Sens NIMES/MTP,43.697859,4.105915,Nuit sans éclairage public,Hors agglomération,Hors intersection,Normale,Trois véhicules et plus - en chaîne,1,1,3,0,1,1,1,0,1,130,,6,0,0,2,4,40.0,21.0,,,3,1,1,1,4
202100001801,2021-12-23 23:35:00,2021,12,23,23,35,38,38288,RD 75,45.566986,5.008113,Nuit avec éclairage allumé,En agglomération,Intersection en T,Normale,Deux véhicules - côté,3,2,2,0,1,1,1,0,1,50,,4,1,0,2,1,56.0,29.0,,,5,2,3,1,3
202100001802,2021-12-24 14:00:00,2021,12,24,14,0,986,98611,Ava,-14.298612,-178.085795,Plein jour,Hors agglomération,Hors intersection,Normale,Autre collision,2,2,2,0,1,1,1,0,3,90,,1,0,1,0,0,46.0,,,,1,1,1,1,6
202100001803,2021-12-24 08:20:00,2021,12,24,8,20,95,95011,RD 86,49.148289,1.685039,Crépuscule ou aube,Hors agglomération,Hors intersection,Pluie légère,Deux véhicules - frontale,3,2,2,0,1,2,2,0,1,80,,2,1,0,0,1,62.0,46.0,,,2,1,1,2,1
202100001804,2021-12-22 09:25:00,2021,12,22,9,25,04,04041,RD 12,43.929457,5.960662,Plein jour,Hors agglomération,Hors intersection,Normale,Autre collision,3,2,2,0,1,2,7,0,1,80,,1,0,0,1,0,63.0,,,,1,1,1,1,6
202100001805,2021-12-23 20:08:00,2021,12,23,20,8,13,13041,Route de Greasque,43.448603,5.511007,Nuit sans éclairage public,Hors agglomération,Hors intersection,Pluie légère,Deux véhicules - frontale,7,2,2,0,1,3,2,0,1,70,,2,0,0,0,2,18.0,45.0,,,3,1,1,2,1
202100001806,2021-12-24 11:45:00,2021,12,24,11,45,42,42147,6 Avenue Paul Cézanne,45.6112469712,4.0553417802,Plein jour,En agglomération,Hors intersection,Normale,Autre collision,6,-1,-1,0,1,1,1,9,8,50,,2,1,0,0,1,66.0,,,,1,2,1,1,6
202100001807,2021-12-24 09:00:00,2021,12,24,9,0,26,26290,Route de Saint Agnan en Vercors,44.953506,5.427217,Plein jour,Hors agglomération,Intersection en T,Temps couvert,Deux véhicules - côté,3,2,2,0,2,3,2,0,1,70,,2,1,0,0,1,85.0,73.0,,,1,1,3,8,3
202100001808,2021-12-24 14:55:00,2021,12,24,14,55,01,01424,D38,45.874851,4.975975,Plein jour,Hors agglomération,Intersection en X,Pluie légère,Deux véhicules - côté,3,2,2,0,2,1,2,0,1,80,,2,1,0,0,1,59.0,33.0,,,1,1,2,2,3
202100001809,2021-12-24 11:10:00,2021,12,24,11,10,81,81099,D968,43.890266,1.883678,Plein jour,Hors agglomération,Hors intersection,Normale,Trois véhicules et plus - en chaîne,3,2,2,0,1,1,1,2,1,80,,6,4,0,1,1,81.0,80.0,,,1,1,1,1,4
202100001810,2021-12-23 16:00:00,2021,12,23,16,0,81,81099,Chemin Toulze,43.918592,1.882063,Plein jour,Hors agglomération,Intersection en X,Normale,Deux véhicules - côté,3,2,2,0,1,1,1,0,1,80,,5,4,0,0,1,34.0,34.0,,,1,1,2,1,3
202100001811,2021-12-24 03:00:00,2021,12,24,3,0,86,86102,D40,46.650068,0.150861,Nuit sans éclairage public,Hors agglomération,Hors intersection,Pluie légère,Autre collision,3,2,2,0,1,2,2,9,8,80,,2,0,1,0,1,25.0,,,,3,1,1,2,6
202100001812,2021-12-24 12:00:00,2021,12,24,12,0,86,86115,Rue des Terres Rouges,46.708387,0.365279,Plein jour,Hors agglomération,Hors intersection,Normale,Deux véhicules - frontale,3,2,2,0,1,2,1,0,1,80,,2,0,1,0,1,73.0,77.0,,,1,1,1,1,1
202100001813,2021-12-23 07:50:00,2021,12,23,7,50,29,29042,D791 - Pennahoat,48.25237,-4.391334,Nuit sans éclairage public,Hors agglomération,Hors intersection,Pluie légère,Autre collision,3,2,2,0,1,1,2,0,1,80,,1,0,0,1,0,25.0,,,,3,1,1,2,6
202100001814,2021-12-23 00:15:00,2021,12,23,0,15,22,22144,la ville  Jégu,48.492009,-2.847605,Nuit sans éclairage public,Hors agglomération,Hors intersection,Normale,Deux véhicules - frontale,3,2,2,0,2,1,1,0,1,80,,2,1,0,1,0,29.0,38.0,,,3,1,1,1,1
202100001815,2021-12-23 19:00:00,2021,12,23,19,0,35,35304,D102,48.312314,-1.430658,Nuit sans éclairage public,Hors agglomération,Hors intersection,Normale,Deux véhicules - frontale,3,2,2,0,2,1,1,0,1,50,,2,1,0,1,0,19.0,19.0,,,3,1,1,1,1
202100001816,2021-12-24 11:42:00,2021,12,24,11,42,60,60120,D137,49.3227938365,2.4095206259,Plein jour,Hors agglomération,Hors intersection,Temps couvert,Sans collision,3,2,2,0,1,1,1,0,3,80,,2,1,0,0,1,70.0,,,,1,1,1,8,7
202100001817,2021-12-22 14:10:00,2021,12,22,14,10,60,60367,D923,49.260985,1.909046,Plein jour,Hors agglomération,Hors intersection,Autre,Deux véhicules - côté,3,2,2,0,1,3,7,0,1,80,,2,0,0,0,2,18.0,72.0,,,1,1,1,9,3
202100001818,2021-12-23 17:45:00,2021,12,23,17,45,59,59389,Rue Lain,50.108046,3.207847,Nuit avec éclairage allumé,En agglomération,Hors intersection,Pluie légère,Autre collision,3,2,2,0,1,1,2,9,3,50,,1,0,1,0,0,66.0,,,,5,2,1,2,6
202100001819,2021-12-21 19:55:00,2021,12,21,19,55,83,83126,A50,43.1201,5.84993,Nuit sans éclairage public,Hors agglomération,Hors intersection,Normale,Autre collision,1,3,7,0,1,1,1,3,1,90,,1,0,0,0,1,81.0,,,,3,1,1,1,6
202100001820,2021-09-30 07:15:00,2021,9,30,7,15,69,69029,LAURENT BONNEVAY (BD),45.7478412225,4.9069404602,Plein jour,Hors agglomération,Hors intersection,Normale,Deux véhicules - arrière,7,2,6,0,1,1,1,0,1,90,,2,1,0,0,1,57.0,31.0,,,1,1,1,1,2
202100001821,2021-12-22 17:20:00,2021,12,22,17,20,33,33122,AUTOROUTE A 63,44.748625,-0.697759,Crépuscule ou aube,Hors agglomération,Hors intersection,Normale,Trois véhicules et plus - en chaîne,1,3,4,0,1,1,1,0,1,110,,3,2,0,0,1,53.0,32.0,,,2,1,1,1,4
202100001822,2021-12-22 06:15:00,2021,12,22,6,15,33,33249,ROCADE A630,44.88492,-0.51232,Nuit avec éclairage allumé,Hors agglomération,Hors intersection,Pluie forte,Autre collision,1,1,2,0,2,2,7,3,1,50,,1,0,0,0,1,46.0,,,,5,1,1,3,6
202100001823,2021-12-22 17:15:00,2021,12,22,17,15,91,91312,RD 444,48.7445,2.2224,Crépuscule ou aube,Hors agglomération,Hors intersection,Normale,Deux véhicules - arrière,3,1,2,0,3,1,1,0,1,70,,4,0,0,0,4,26.0,42.0,,,2,1,1,1,2
202100001824,2021-12-22 16:50:00,2021,12,22,16,50,91,91161,AUTOROUTE A6,48.70492,2.30617,Nuit sans éclairage public,Hors agglomération,Hors intersection,Normale,Trois véhicules et plus - en chaîne,1,1,3,0,2,2,1,0,1,110,,3,2,0,0,1,41.0,54.0,,,3,1,1,1,4
202100001825,2021-12-22 05:10:00,2021,12,22,5,10,91,91689,AUTOROUTE A6A,48.7470426527,2.3260545731,Nuit sans éclairage public,Hors agglomération,Hors intersection,Normale,Deux véhicules - arrière,1,1,3,0,2,1,1,0,1,110,,2,0,1,0,1,68.0,39.0,,,3,1,1,1,2
202100001826,2021-12-21 23:40:00,2021,12,21,23,40,91,91136,RN20,48.70551,2.28767,Nuit sans éclairage public,Hors agglomération,Hors intersection,Normale,Deux véhicules - côté,3,1,1,0,2,3,1,0,1,70,,2,1,0,0,1,21.0,32.0,,,3,1,1,1,3
202100001827,2021-12-22 10:30:00,2021,12,22,10,30,92,92036,A86,48.9345665738,2.280304127,Plein jour,Hors agglomération,Hors intersection,Normale,Deux véhicules - arrière,1,1,2,0,1,1,1,0,1,90,,3,2,0,0,1,21.0,32.0,,,1,1,1,1,2
202100001828,2021-12-21 18:00:00,2021,12,21,18,0,92,92062,RN1013,48.8901557848,2.2421291105,Nuit sans éclairage public,Hors agglomération,Hors intersection,Normale,Deux véhicules - arrière,2,3,2,0,1,1,1,0,1,70,,3,2,0,0,1,28.0,26.0,,,3,1,1,1,2
202100001829,2021-05-18 15:59:00,2021,5,18,15,59,29,29232,Route de Brest,48.01713,-4.08303,Plein jour,En agglomération,Hors intersection,Normale,Deux véhicules - côté,4,2,2,0,1,1,1,0,1,50,,2,1,0,0,1,64.0,62.0,,,1,2,1,1,3
202100001830,2021-12-21 21:35:00,2021,12,21,21,35,976,97611,convalescence/vetivers-Seize Villas ( ru,-12.78042,45.22427,Nuit avec éclairage allumé,En agglomération,Intersection en Y,Normale,Deux véhicules - frontale,3,2,2,0,2,1,1,0,1,50,,2,1,0,0,1,36.0,20.0,,,5,2,4,1,1
202100001831,2021-12-14 20:11:00,2021,12,14,20,11,976,97611,cavani-Briquetterie ( rue de la ),-12.782202,45.222914,Nuit avec éclairage allumé,En agglomération,Hors intersection,Normale,Autre collision,4,2,2,0,1,1,1,0,1,30,,3,1,0,0,2,,,,,5,2,1,1,6
202100001832,2021-12-21 19:00:00,2021,12,21,19,0,974,97416,PERE MAITRE(RUE DU),-21.28361,55.46618,Crépuscule ou aube,En agglomération,Hors intersection,Normale,Deux véhicules - côté,4,2,2,0,1,1,1,0,1,50,,2,1,0,0,1,42.0,16.0,,,2,2,1,1,3
202100001833,2021-12-20 23:40:00,2021,12,20,23,40,974,97416,RN3 (1),-21.32469,55.48655,Nuit sans éclairage public,En agglomération,Hors intersection,Normale,Autre collision,4,2,1,3,2,1,1,0,3,50,,1,0,0,0,1,17.0,,,,3,2,1,1,6
202100001834,2021-12-21 16:50:00,2021,12,21,16,50,973,97302,CABASSOU (ROUTE DE),4.91843,-52.31543,Plein jour,En agglomération,Hors intersection,Pluie légère,Deux véhicules - arrière,3,2,2,2,1,3,2,0,1,50,,2,1,0,0,1,66.0,46.0,,,1,2,1,2,2
202100001835,2021-12-21 08:35:00,2021,12,21,8,35,69,69383,FERDINAND BUISSON (R),45.7519961461,4.8960399628,Plein jour,En agglomération,Intersection en X,Normale,Deux véhicules - côté,4,1,1,2,1,1,1,0,1,30,,3,2,0,0,1,24.0,34.0,,,1,2,2,1,3
202100001836,2021-12-21 16:25:00,2021,12,21,16,25,972,97213,ROUTE NATIONALE 1,14.62513,-60.980194,Plein jour,Hors agglomération,Hors intersection,Normale,Deux véhicules - côté,2,3,5,0,1,1,1,0,1,70,,2,1,0,1,0,41.0,38.0,,,1,1,1,1,3
202100001837,2021-12-21 17:55:00,2021,12,21,17,55,972,97213,AUTOROUTE A1,14.618011,-61.033086,Nuit avec éclairage allumé,Hors agglomération,Hors intersection,Normale,Deux véhicules - arrière,1,3,8,3,1,1,1,0,1,70,,5,3,0,0,2,41.0,35.0,,,5,1,1,1,2
202100001838,2021-12-20 19:30:00,2021,12,20,19,30,69,69389,PAUL SEDAILLIAN (Q),45.79255,4.82078,Nuit avec éclairage allumé,En agglomération,Autre intersection,Temps couvert,Deux véhicules - côté,4,2,4,1,1,1,1,0,1,50,,4,0,0,0,4,35.0,18.0,,,5,2,9,8,3
202100001839,2021-12-20 20:30:00,2021,12,20,20,30,69,69286,EUROPE (DE L') (AV),45.818012932,4.9032819271,Nuit avec éclairage allumé,En agglomération,Intersection en T,Normale,Autre collision,4,2,4,0,1,1,2,0,1,50,,2,1,0,0,1,37.0,,,,5,2,3,1,6
202100001840,2021-12-20 19:15:00,2021,12,20,19,15,95,95388,RD 81,49.0280436649,1.9879460335,Nuit avec éclairage allumé,En agglomération,Intersection en T,Normale,Autre collision,3,2,2,0,1,1,1,0,1,50,,2,1,0,0,1,24.0,,,,5,2,3,1,6
202100001841,2021-12-21 11:40:00,2021,12,21,11,40,91,91421,REPUBLIQUE (AVENUE DE LA),48.706253,2.455758,Plein jour,En agglomération,Autre intersection,Normale,Autre collision,4,2,2,0,1,1,1,0,1,30,,2,1,0,0,1,22.0,,,,1,2,9,1,6
202100001842,2021-12-21 23:20:00,2021,12,21,23,20,91,91589,BD ARISTIDE BRIAND,48.68538,2.34599,Nuit avec éclairage allumé,En agglomération,Hors intersection,Normale,Sans collision,3,-1,1,0,1,2,1,0,1,50,,3,2,0,0,1,19.0,,,,5,2,1,1,7
202100001843,2021-12-21 10:00:00,2021,12,21,10,0,88,88413,Rue du 31éme BCP,48.28618,6.95649,Plein jour,En agglomération,Autre intersection,Temps éblouissant,Deux véhicules - frontale,4,2,2,0,1,1,1,0,1,50,,4,0,0,1,3,36.0,27.0,,,1,2,9,7,1
202100001844,2021-12-19 20:52:00,2021,12,19,20,52,87,87085,BENEDICTINS (RAMPE DES),45.8359,1.26726,Nuit avec éclairage allumé,En agglomération,Hors intersection,Normale,Autre collision,6,-1,-1,0,1,1,1,0,6,30,,2,1,0,0,1,49.0,24.0,,,5,2,1,1,6
202100001845,2021-12-21 07:45:00,2021,12,21,7,45,83,83137,BARROIS (RUE DU DOCTEUR),43.13012,5.94798,Crépuscule ou aube,En agglomération,Intersection en X,Normale,Deux véhicules - côté,4,2,2,0,2,1,1,0,1,50,,2,1,0,0,1,54.0,25.0,,,2,2,2,1,3
202100001846,2021-12-18 11:35:00,2021,12,18,11,35,83,83141,PEICAL(ROUTE DU),43.490984,6.49712,Plein jour,En agglomération,Autre intersection,Normale,Deux véhicules - frontale,4,2,2,0,2,1,1,0,5,30,,2,1,0,0,1,17.0,68.0,,,1,2,9,1,1
202100001847,2021-12-18 14:00:00,2021,12,18,14,0,80,80021,CHATEAUDUN (BOULEVARD DE),49.88378,2.28227,Plein jour,En agglomération,Intersection en X,Normale,Deux véhicules - côté,3,2,4,0,1,1,1,0,1,50,,3,1,0,0,2,58.0,69.0,,,1,2,2,1,3
202100001848,2021-12-21 20:20:00,2021,12,21,20,20,78,78146,GENERAL LECLERC (RUE DU),48.89639,2.1528,Nuit avec éclairage allumé,En agglomération,Intersection en X,Normale,Deux véhicules - côté,3,2,2,1,1,1,1,9,1,30,,2,0,0,0,2,19.0,53.0,,,5,2,2,1,3
202100001849,2021-12-21 10:05:00,2021,12,21,10,5,78,78551,RN 13,48.88702,2.09044,Plein jour,Hors agglomération,Hors intersection,Normale,Deux véhicules - arrière,2,1,2,0,2,1,1,0,1,90,,2,1,0,0,1,34.0,48.0,,,1,1,1,1,2
202100001850,2021-12-09 21:40:00,2021,12,9,21,40,78,78005,RD 30,48.951514,2.060078,Nuit avec éclairage allumé,Hors agglomération,Hors intersection,Temps couvert,Deux véhicules - arrière,3,3,2,0,1,1,1,0,1,70,,2,1,0,0,1,45.0,,,,5,1,1,8,2
202100001851,2021-12-21 11:15:00,2021,12,21,11,15,76,76474,CD 43 (AVENUE DU BOIS DES DAMES),49.47664,1.065527,Plein jour,Hors agglomération,Hors intersection,Normale,Deux véhicules - arrière,7,2,-1,0,1,1,1,0,1,90,,3,2,0,0,1,60.0,31.0,,,1,1,1,1,2
202100001852,2021-12-21 13:40:00,2021,12,21,13,40,71,71499,Rue du Stade,46.651975,4.31544,Plein jour,Hors agglomération,Hors intersection,Normale,Sans collision,3,2,2,0,1,1,1,0,3,50,,1,0,0,0,1,61.0,,,,1,1,1,1,7
202100001853,2021-12-20 17:25:00,2021,12,20,17,25,71,71306,JULES CHAGOT (QUAI),46.6770352349,4.3633426579,Crépuscule ou aube,En agglomération,Hors intersection,Normale,Deux véhicules - côté,4,2,1,0,1,1,1,0,1,50,,2,1,0,0,1,34.0,17.0,,,2,2,1,1,3
202100001854,2021-12-15 16:45:00,2021,12,15,16,45,70,70550,VERDUN (RUE),47.61883,6.15785,Crépuscule ou aube,En agglomération,Intersection en T,Normale,Deux véhicules - côté,4,2,2,0,1,1,1,5,1,50,,2,1,0,1,0,76.0,22.0,,,2,2,3,1,3
202100001855,2021-12-21 14:00:00,2021,12,21,14,0,69,69290,HEYRIEUX (D') (RTE),45.68235,4.9546,Plein jour,En agglomération,Hors intersection,Normale,Deux véhicules - arrière,7,2,2,2,1,1,1,0,1,50,,3,2,0,0,1,47.0,48.0,,,1,2,1,1,2
202100001856,2021-12-21 08:05:00,2021,12,21,8,5,67,67482,LIVIO (RUE),48.55299,7.73953,Plein jour,En agglomération,Hors intersection,Normale,Deux véhicules - côté,4,2,2,0,1,1,1,0,1,50,,2,1,0,0,1,27.0,22.0,,,1,2,1,1,3
202100001857,2021-12-21 17:40:00,2021,12,21,17,40,67,67462,GENERAL DE GAULLE (AVENUE DU),48.26124,7.44368,Nuit avec éclairage allumé,En agglomération,Hors intersection,Normale,Trois véhicules et plus - collisions multiples,3,2,2,0,2,1,1,2,1,50,,4,1,0,0,3,47.0,54.0,,,5,2,1,1,5
202100001858,2021-12-19 20:16:00,2021,12,19,20,16,66,66136,PRADES (AVENUE DE ) ST CHARLES,42.6927303774,2.8463213146,Nuit sans éclairage public,Hors agglomération,Hors intersection,Normale,Deux véhicules - frontale,4,2,2,0,1,1,1,0,1,50,,2,1,0,0,1,29.0,20.0,,,3,1,1,1,1
202100001859,2021-12-21 18:00:00,2021,12,21,18,0,65,65286,ROMAIN (BOULEVARD DU CDT CELESTIN),43.09996,-0.0495,Crépuscule ou aube,En agglomération,Hors intersection,Normale,Deux véhicules - arrière,3,-1,2,0,2,1,1,0,1,50,,2,1,0,0,1,29.0,35.0,,,2,2,1,1,2
202100001860,2021-12-06 07:30:00,2021,12,6,7,30,62,62724,RD 40,50.398478,2.889221,Crépuscule ou aube,Hors agglomération,Hors intersection,Normale,Deux véhicules - frontale,3,2,3,0,1,3,1,0,1,80,,2,1,0,0,1,36.0,27.0,,,2,1,1,1,1
202100001861,2021-12-11 00:35:00,2021,12,11,0,35,59,59378,REPUBLIQUE AV DE LA (N°834-920),50.6603106105,3.0941428457,Nuit avec éclairage allumé,En agglomération,Passage à niveau,Normale,Autre collision,7,3,6,1,1,1,1,4,6,50,,2,1,1,0,0,59.0,,,,5,2,8,1,6
202100001862,2021-12-03 12:15:00,2021,12,3,12,15,59,59350,ZOLA EMILE RUE,50.63349,3.00531,Plein jour,En agglomération,Intersection en X,Normale,Autre collision,7,-1,2,0,1,1,1,0,8,50,,3,1,0,0,2,28.0,,,,1,2,2,1,6
202100001863,2021-12-21 14:52:00,2021,12,21,14,52,59,59183,KLEBER - AVENUE,51.0489480759,2.4007916093,Plein jour,En agglomération,Hors intersection,Normale,Deux véhicules - frontale,4,2,2,0,1,1,1,0,1,50,,3,0,0,0,3,73.0,52.0,,,1,2,1,1,1
202100001864,2021-12-18 18:10:00,2021,12,18,18,10,56,56162,DOUAR GUENN,47.7382951,-3.4561872,Nuit avec éclairage allumé,En agglomération,Hors intersection,Normale,Sans collision,3,2,2,0,1,1,1,0,1,70,,1,0,0,0,1,40.0,,,,5,2,1,1,7
202100001865,2021-12-18 20:00:00,2021,12,18,20,0,56,56121,KERNITRA ( PL. DE ),47.76203,-3.39606,Nuit avec éclairage allumé,En agglomération,Giratoire,Normale,Deux véhicules - arrière,4,1,1,0,1,1,1,5,1,30,,5,1,0,0,4,60.0,36.0,,,5,2,6,1,2
202100001866,2021-12-17 15:58:00,2021,12,17,15,58,56,56121,PERAULT (RUE ),47.74491,-3.36381,Plein jour,En agglomération,Hors intersection,Normale,Autre collision,4,2,2,0,1,1,1,0,1,30,,2,1,0,0,1,87.0,,,,1,2,1,1,6
202100001867,2021-12-21 08:00:00,2021,12,21,8,0,54,54498,RM 674,48.72198,6.27152,Plein jour,Hors agglomération,Hors intersection,Normale,Trois véhicules et plus - collisions multiples,7,2,2,0,2,1,1,0,1,80,,3,2,0,0,1,61.0,41.0,,,1,1,1,1,5
202100001868,2021-12-21 09:00:00,2021,12,21,9,0,54,54482,ALEXANDRE 1ER (RUE),48.70081,6.20196,Plein jour,En agglomération,Intersection en T,Normale,Deux véhicules - côté,4,2,2,0,1,1,1,0,1,50,,2,1,0,0,1,19.0,59.0,,,1,2,3,1,3
202100001869,2021-12-20 17:18:00,2021,12,20,17,18,54,54184,AGINCOURT  (ROUTE RD 83,48.7175244792,6.2409510612,Nuit sans éclairage public,Hors agglomération,Hors intersection,Normale,Trois véhicules et plus - collisions multiples,7,2,3,0,2,1,1,0,1,80,,5,3,0,0,2,27.0,55.0,,,3,1,1,1,5
202100001870,2021-12-21 13:52:00,2021,12,21,13,52,49,49007,LETANDUERE,47.45692,-0.55421,Plein jour,En agglomération,Intersection à plus de 4 branches,Normale,Deux véhicules - côté,4,2,2,0,1,1,1,0,6,50,,2,1,0,0,1,53.0,21.0,,,1,2,5,1,3
202100001871,2021-12-21 13:15:00,2021,12,21,13,15,49,49007,COUPERIN,47.46729,-0.52961,Plein jour,En agglomération,Hors intersection,Normale,Deux véhicules - côté,4,1,2,0,1,2,1,0,1,30,,2,1,0,0,1,30.0,40.0,,,1,2,1,1,3
202100001872,2021-12-21 12:11:00,2021,12,21,12,11,49,49267,ROMANERIE BOULEVARD,47.4825469938,-0.5028090478,Plein jour,En agglomération,Hors intersection,Normale,Autre collision,4,3,2,0,1,1,1,0,1,50,,2,1,0,0,1,69.0,,,,1,2,1,1,6
202100001873,2021-12-20 02:20:00,2021,12,20,2,20,37,37214,LOIRE (QUAI DE LA),47.3989810183,0.6729501486,Nuit avec éclairage allumé,En agglomération,Hors intersection,Normale,Autre collision,4,2,2,0,1,1,1,0,1,50,,2,0,0,1,1,20.0,,,,5,2,1,1,6
202100001874,2021-12-21 19:00:00,2021,12,21,19,0,37,37195,PONT LIBERT (RUE DU),47.3787967731,0.6303720921,Nuit sans éclairage public,En agglomération,Hors intersection,Normale,Autre collision,4,2,2,0,1,1,1,0,3,50,,2,1,0,0,1,20.0,,,,3,2,1,1,6
202100001875,2021-12-21 06:40:00,2021,12,21,6,40,37,37195,,47.376550928,0.6511035562,Nuit sans éclairage public,En agglomération,Hors intersection,Normale,Autre collision,7,2,4,3,1,2,7,0,1,90,,1,0,0,0,1,22.0,,,,3,2,1,1,6
202100001876,2021-12-21 18:00:00,2021,12,21,18,0,35,35238,N136,48.14043,-1.63685,Nuit sans éclairage public,Hors agglomération,Hors intersection,Normale,Trois véhicules et plus - en chaîne,2,3,4,0,1,1,1,0,2,90,,9,7,0,0,2,24.0,49.0,,,3,1,1,1,4
202100001877,2021-12-21 11:00:00,2021,12,21,11,0,35,35055,VOIE DE LA LIBERTE,48.07934,-1.63393,Plein jour,Hors agglomération,Hors intersection,Normale,Deux véhicules - arrière,7,3,4,0,1,1,1,0,1,70,,2,1,0,0,1,35.0,34.0,,,1,1,1,1,2
202100001878,2021-12-21 19:10:00,2021,12,21,19,10,33,33249,Avenue de la Libération,44.86774,-0.52319,Nuit avec éclairage allumé,En agglomération,Giratoire,Normale,Deux véhicules - arrière,4,3,2,0,1,3,1,4,1,30,,2,1,0,0,1,52.0,20.0,,,5,2,6,1,2
202100001879,2021-12-21 18:40:00,2021,12,21,18,40,33,33167,Boulevard de l'Entre-Deux-Mers,44.84361,-0.51876,Nuit avec éclairage allumé,En agglomération,Hors intersection,Normale,Deux véhicules - arrière,4,2,4,3,1,1,1,0,1,50,,3,2,0,1,0,28.0,34.0,,,5,2,1,1,2
202100001880,2021-12-21 16:54:00,2021,12,21,16,54,32,32013,METZ,43.64275,0.58444,Plein jour,En agglomération,Hors intersection,Pluie légère,Sans collision,4,2,2,0,1,1,2,0,1,50,,1,0,0,1,0,16.0,,,,1,2,1,2,7
202100001881,2021-12-21 12:08:00,2021,12,21,12,8,31,31557,ANJOU (RUE D'),43.58535,1.34244,Plein jour,En agglomération,Hors intersection,Normale,Autre collision,4,2,2,0,1,1,1,0,4,50,,2,1,0,0,1,16.0,,,,1,2,1,1,6
202100001882,2021-12-21 16:55:00,2021,12,21,16,55,28,28085,PEGUY (BOULEVARD CHARLES),48.452,1.4877,Plein jour,En agglomération,Autre intersection,Normale,Deux véhicules - frontale,4,-1,2,0,1,1,1,0,1,30,,2,1,0,0,1,46.0,,,,1,2,9,1,1
202100001883,2021-12-21 16:20:00,2021,12,21,16,20,28,28085,PEGUY (BOULEVARD CHARLES),48.450756,1.485157,Crépuscule ou aube,En agglomération,Hors intersection,Temps couvert,Autre collision,4,2,2,0,1,2,1,0,1,30,,2,1,0,0,1,20.0,,,,2,2,1,8,6
202100001884,2021-12-21 17:40:00,2021,12,21,17,40,27,27681,JAURES (BOULEVARD JAURES),49.0948295191,1.46698375,Nuit avec éclairage allumé,En agglomération,Hors intersection,Normale,Deux véhicules - frontale,4,2,2,0,1,1,1,0,1,30,,3,2,0,0,1,71.0,29.0,,,5,2,1,1,1
202100001885,2021-12-21 18:25:00,2021,12,21,18,25,27,27701,VILLAGE (CHAUSSEE DU),49.26445,1.20538,Nuit avec éclairage non allumé,En agglomération,Hors intersection,Normale,Autre collision,4,2,1,0,1,1,1,6,1,50,,2,1,0,0,1,21.0,,,,4,2,1,1,6
202100001886,2021-12-21 14:41:00,2021,12,21,14,41,27,27299,RN 154,49.0494855584,1.1802556151,Plein jour,Hors agglomération,Hors intersection,Normale,Autre collision,2,-1,2,0,1,1,1,0,1,110,,1,0,0,0,1,21.0,,,,1,1,1,1,6
202100001887,2021-12-21 08:50:00,2021,12,21,8,50,27,27229,HARDENCOURT (RUE D'),49.02193,1.17069,Plein jour,En agglomération,Autre intersection,Normale,Deux véhicules - côté,4,2,1,0,1,1,1,0,1,50,,2,1,0,0,1,20.0,33.0,,,1,2,9,1,3
202100001888,2021-10-06 22:25:00,2021,10,6,22,25,22,22113,TREGUIER (ROUTE DE),48.7397666648,-3.4289574623,Nuit sans éclairage public,Hors agglomération,Intersection en T,Normale,Deux véhicules - frontale,3,-1,0,0,2,1,2,0,1,70,,2,0,0,0,2,34.0,45.0,,,3,1,3,1,1
202100001889,2021-12-16 10:30:00,2021,12,16,10,30,17,17306,HEDDE (AVENUE DANIEL),45.63196,-1.03178,Plein jour,En agglomération,Intersection en X,Normale,Deux véhicules - côté,4,3,2,0,2,1,1,5,1,50,,2,1,0,0,1,80.0,20.0,,,1,2,2,1,3