accident_id,datetime,annee,mois,jour,heure,minute,departement,commune_insee,adresse,latitude,longitude,luminosite,agglomeration,intersection,meteo,collision,catr,circ,nbv,vosp,prof,plan,surf,infra,situ,vma,nb_vehicules,nb_usagers,nb_indemnes,nb_tues,nb_blesses_hosp,nb_blesses_legers,age_cond_1,age_cond_2,veh_type_cond_1,veh_type_cond_2,lum_code,agg_code,int_code,atm_code,col_code
202100001890,2021-12-21 09:00:00,2021,12,21,9,0,14,14327,Boulevard de la Grande Delle,49.20848,-0.33525,Plein jour,En agglomération,Hors intersection,Normale,Deux véhicules - côté,4,2,2,0,1,1,1,0,1,50,,2,1,0,0,1,42.0,24.0,,,1,2,1,1,3
202100001891,2021-12-20 21:25:00,2021,12,20,21,25,14,14118,ECHANGEUR N° 5 ( COTE DE NACRE ),49.20263,-0.36345,Nuit sans éclairage public,Hors agglomération,Hors intersection,Normale,Deux véhicules - arrière,2,1,2,3,1,1,1,8,1,70,,2,0,1,0,1,51.0,36.0,,,3,1,1,1,2
202100001892,2021-12-17 16:45:00,2021,12,17,16,45,13,13026,ANCIENS COMBATTANTS (avenue des),43.37928,5.17196,Plein jour,En agglomération,Hors intersection,Normale,Autre collision,7,2,2,0,1,1,1,0,1,50,,2,1,0,0,1,42.0,,,,1,2,1,1,6
202100001893,2021-12-21 23:15:00,2021,12,21,23,15,13,13211,SAINT LOUP (BOULEVARD DE),43.2834999457,5.434166806,Nuit avec éclairage allumé,En agglomération,Hors intersection,Normale,Sans collision,4,2,2,0,1,3,1,6,1,50,,1,0,0,0,1,26.0,,,,5,2,1,1,7
202100001894,2021-12-21 10:15:00,2021,12,21,10,15,13,13209,SAINTE MARGUERITE (BOULEVARD),43.2627086277,5.4123867165,Plein jour,En agglomération,Hors intersection,Normale,Deux véhicules - frontale,4,2,7,3,1,3,1,0,1,50,,3,2,0,1,0,84.0,,,,1,2,1,1,1
202100001895,2021-12-21 11:00:00,2021,12,21,11,0,13,13075,LIBERATION (AVE DE LA),43.344,5.459,Plein jour,En agglomération,Giratoire,Normale,Deux véhicules - arrière,7,-1,1,0,1,1,1,0,1,50,,2,1,0,1,0,28.0,66.0,,,1,2,6,1,2
202100001896,2021-12-20 15:30:00,2021,12,20,15,30,13,13211,PEINTRES ROUX (avenue),43.3,5.476,Plein jour,En agglomération,Giratoire,Normale,Deux véhicules - côté,7,1,2,0,1,2,1,0,1,50,,2,1,0,0,1,51.0,27.0,,,1,2,6,1,3
202100001897,2021-12-20 19:30:00,2021,12,20,19,30,13,13005,AUCHAN ( CENTRE COMMERCIAL),43.29582,5.59377,Nuit avec éclairage allumé,En agglomération,Hors intersection,Normale,Deux véhicules - frontale,6,1,1,0,1,1,1,0,1,30,,3,1,0,1,1,18.0,,,,5,2,1,1,1
202100001898,2021-12-21 06:15:00,2021,12,21,6,15,13,13001,RN 296,43.529956,5.428471,Nuit avec éclairage allumé,En agglomération,Hors intersection,Normale,Deux véhicules - frontale,2,2,2,0,2,2,7,0,1,30,,3,1,0,0,2,41.0,42.0,,,5,2,1,1,1
202100001899,2021-12-20 14:15:00,2021,12,20,14,15,11,11069,ROCADE OUEST,43.213474,2.321456,Plein jour,Hors agglomération,Hors intersection,Normale,Trois véhicules et plus - en chaîne,3,2,2,0,1,1,1,0,1,80,,3,2,0,0,1,32.0,64.0,,,1,1,1,1,4
202100001900,2021-12-21 15:00:00,2021,12,21,15,0,06,06069,SEMARD (AVENUE PIERRE),43.656367,6.927351,Plein jour,En agglomération,Hors intersection,Normale,Autre collision,3,2,2,0,2,1,1,0,1,50,,1,0,0,0,1,36.0,,,,1,2,1,1,6
202100001901,2021-12-21 00:45:00,2021,12,21,0,45,75,75114,BOULEVARD PERIPHERIQUE,48.819265,2.328939,Nuit avec éclairage allumé,En agglomération,Intersection en Y,Normale,Deux véhicules - côté,4,1,4,0,1,1,1,0,1,70,,5,2,0,0,3,20.0,24.0,,,5,2,4,1,3
202100001902,2021-12-21 15:30:00,2021,12,21,15,30,75,75115,RUE DE VAUGIRARD,48.840403,2.304258,Plein jour,En agglomération,Intersection en X,Normale,Deux véhicules - côté,4,2,4,3,1,1,1,-1,6,30,,2,1,0,0,1,30.0,20.0,,,1,2,2,1,3
202100001903,2021-12-21 19:45:00,2021,12,21,19,45,75,75112,BOULEVARD DIDEROT,48.847065,2.384276,Nuit avec éclairage allumé,En agglomération,Hors intersection,Normale,Autre collision,4,2,3,0,1,1,1,0,1,30,,1,0,0,0,1,44.0,,,,5,2,1,1,6
202100001904,2021-12-21 12:25:00,2021,12,21,12,25,75,75110,BOULEVARD DE MAGENTA,48.879965,2.352815,Plein jour,En agglomération,Hors intersection,Normale,Autre collision,4,2,4,0,1,1,1,0,4,30,,2,1,0,0,1,36.0,,,,1,2,1,1,6
202100001905,2021-12-21 01:12:00,2021,12,21,1,12,75,75109,BOULEVARD HAUSSMANN,48.8732093383,2.3311346769,Nuit avec éclairage allumé,En agglomération,Place,Normale,Deux véhicules - côté,4,1,3,0,1,1,1,0,1,30,,5,3,0,0,2,19.0,48.0,,,5,2,7,1,3
202100001906,2021-12-21 14:50:00,2021,12,21,14,50,75,75107,QUAI D ORSAY,48.862846,2.312381,Plein jour,En agglomération,Hors intersection,Normale,Sans collision,4,2,4,1,1,1,1,-1,5,30,,1,0,0,0,1,12.0,,,,1,2,1,1,7
202100001907,2021-12-21 13:00:00,2021,12,21,13,0,75,75107,BOULEVARD DE LA TOUR MAUBOURG,48.859924,2.310185,Plein jour,En agglomération,Intersection en X,Normale,Deux véhicules - côté,4,2,3,0,1,1,1,0,1,30,,2,1,0,0,1,27.0,25.0,,,1,2,2,1,3
202100001908,2021-12-21 21:30:00,2021,12,21,21,30,94,94052,ALBERT 1ER (BD),48.834953,2.493783,Nuit avec éclairage allumé,En agglomération,Hors intersection,Normale,Deux véhicules - côté,2,3,6,0,1,1,1,0,1,50,,2,1,0,1,0,27.0,39.0,,,5,2,1,1,3
202100001909,2021-12-17 17:35:00,2021,12,17,17,35,94,94052,Avenue de Joinville,48.829312,2.466849,Nuit sans éclairage public,En agglomération,Hors intersection,Normale,Autre collision,4,2,1,0,1,1,1,0,1,20,,2,1,0,0,1,49.0,,,,3,2,1,1,6
202100001910,2021-12-21 09:05:00,2021,12,21,9,5,94,94046,Avenue Georges Clémenceau,48.81345,2.44366,Plein jour,En agglomération,Intersection en X,Normale,Deux véhicules - côté,4,2,1,0,1,1,1,0,1,50,,2,1,0,0,1,33.0,59.0,,,1,2,2,1,3
202100001911,2021-12-21 10:30:00,2021,12,21,10,30,94,94016,LEON BLUM (AV),48.7867,2.3374,Plein jour,En agglomération,Intersection en X,Normale,Deux véhicules - côté,3,3,2,0,2,1,1,0,1,50,,2,1,0,0,1,25.0,62.0,,,1,2,2,1,3
202100001912,2021-12-20 16:20:00,2021,12,20,16,20,94,94041,WESTERMEYER (R),48.819432,2.397922,Crépuscule ou aube,En agglomération,Intersection en X,Normale,Deux véhicules - côté,4,2,2,0,2,1,1,0,1,50,,2,1,0,0,1,43.0,80.0,,,2,2,2,1,3
202100001913,2021-12-20 18:35:00,2021,12,20,18,35,94,94011,ORADOUR SUR GLANE(AVENUE D'),48.76872,2.48079,Nuit avec éclairage allumé,En agglomération,Hors intersection,Normale,Deux véhicules - frontale,4,-1,2,0,1,1,1,0,1,50,,2,1,1,0,0,32.0,47.0,,,5,2,1,1,1
202100001914,2021-12-21 13:45:00,2021,12,21,13,45,94,94022,Rue du Four,48.7544,2.40933,Plein jour,En agglomération,Intersection en T,Normale,Autre collision,4,2,2,0,1,1,1,0,1,50,,3,1,0,0,2,25.0,,,,1,2,3,1,6
202100001915,2021-12-18 01:00:00,2021,12,18,1,0,94,94071,Rue de Boissy,48.760613,2.52689,Nuit sans éclairage public,En agglomération,Hors intersection,Normale,Autre collision,3,2,2,0,3,3,1,0,1,50,,1,0,0,0,1,18.0,,,,3,2,1,1,6
202100001916,2021-12-21 19:30:00,2021,12,21,19,30,93,93071,JOHN F. KENNEDY (AVENUE),48.9384806633,2.5132674934,Nuit avec éclairage allumé,Hors agglomération,Hors intersection,Normale,Deux véhicules - arrière,3,-1,2,0,1,1,1,0,1,50,,2,1,0,0,1,25.0,25.0,,,5,1,1,1,2
202100001917,2021-12-21 12:30:00,2021,12,21,12,30,93,93062,THIERS (ROND POINT),48.8993,2.51765,Plein jour,En agglomération,Giratoire,Normale,Deux véhicules - côté,3,-1,1,0,1,2,1,0,1,50,,2,1,0,0,1,29.0,33.0,,,1,2,6,1,3
202100001918,2021-12-20 20:40:00,2021,12,20,20,40,93,93051,EMILE COSSONNEAU (AVE),48.84917,2.56053,Nuit avec éclairage allumé,En agglomération,Intersection en T,Normale,Deux véhicules - frontale,3,2,2,0,1,1,1,0,1,50,,2,1,0,0,1,28.0,62.0,,,5,2,3,1,1
202100001919,2021-12-21 12:45:00,2021,12,21,12,45,93,93031,ALLENDE (AVENUE SALVADOR),48.9561036551,2.3085435664,Plein jour,En agglomération,Hors intersection,Normale,Deux véhicules - côté,3,3,3,0,2,1,1,0,1,50,,2,1,0,0,1,24.0,48.0,,,1,2,1,1,3
202100001920,2021-12-21 16:05:00,2021,12,21,16,5,93,93027,VAILLANT-COUTURIER (AVENUE PAUL),48.92123,2.41097,Plein jour,En agglomération,Hors intersection,Normale,Deux véhicules - frontale,3,1,1,0,1,1,1,0,1,50,,2,1,0,0,1,51.0,,,,1,2,1,1,1
202100001921,2021-12-21 12:30:00,2021,12,21,12,30,93,93027,VOLTAIRE (RUE),48.924181763,2.4123626947,Plein jour,En agglomération,Hors intersection,Normale,Deux véhicules - côté,4,1,1,0,1,1,1,0,1,50,,2,1,0,0,1,56.0,53.0,,,1,2,1,1,3
202100001922,2021-12-20 14:00:00,2021,12,20,14,0,92,92036,CROIX DE VIGNES (RUE),48.928661,2.299549,Plein jour,En agglomération,Intersection en X,Normale,Deux véhicules - côté,3,2,2,0,1,1,1,0,1,50,,2,1,0,0,1,34.0,14.0,,,1,2,2,1,3
202100001923,2021-12-21 12:45:00,2021,12,21,12,45,92,92062,BOULEVARD CIRCULAIRE,48.891414,2.234208,Plein jour,En agglomération,Hors intersection,Normale,Sans collision,3,1,1,0,1,2,9,1,1,50,,1,0,0,0,1,33.0,,,,1,2,1,1,7
202100001924,2021-12-21 20:55:00,2021,12,21,20,55,92,92025,COLBERT  133   126 (RUE),48.915874,2.232273,Nuit avec éclairage allumé,En agglomération,Hors intersection,Normale,Autre collision,4,1,1,0,2,1,1,0,1,30,,4,2,0,0,1,,,,,5,2,1,1,6
202100001925,2021-12-21 11:25:00,2021,12,21,11,25,92,92023,GENERAL DE GAULLE (AV DU) N°130 A 340 ET,48.78565,2.25218,Plein jour,En agglomération,Intersection en T,Normale,Deux véhicules - côté,3,2,4,0,1,1,1,0,1,50,,2,1,0,0,1,30.0,68.0,,,1,2,3,1,3
202100001926,2021-12-22 18:00:00,2021,12,22,18,0,37,37051,,47.072657,0.317187,Nuit sans éclairage public,En agglomération,Hors intersection,Normale,Deux véhicules - frontale,3,2,2,0,1,1,9,0,1,50,,2,0,0,1,1,71.0,16.0,,,3,2,1,1,1
202100001927,2021-12-23 17:43:00,2021,12,23,17,43,51,51649,D982,48.728815,4.587666,Nuit avec éclairage allumé,En agglomération,Hors intersection,Normale,Autre collision,3,1,1,0,1,1,1,9,8,50,,2,1,1,0,0,72.0,,,,5,2,1,1,6
202100001928,2021-12-23 05:20:00,2021,12,23,5,20,01,01004,Rue du Repos,45.970798,5.351248,Nuit sans éclairage public,En agglomération,Hors intersection,Normale,Autre collision,4,-1,2,0,1,1,1,0,3,50,,2,1,0,1,0,20.0,,,,3,2,1,1,6
202100001929,2021-12-22 17:50:00,2021,12,22,17,50,33,33291,D1113,44.5728940052,-0.0020357966,Crépuscule ou aube,Hors agglomération,Hors intersection,Normale,Deux véhicules - côté,3,2,2,0,1,1,1,0,1,70,,2,1,0,0,1,42.0,35.0,,,2,1,1,1,3
202100001930,2021-12-22 13:30:00,2021,12,22,13,30,42,42120,Route de Villemontais,45.986876,3.970592,Plein jour,Hors agglomération,Intersection en Y,Normale,Deux véhicules - frontale,3,2,2,0,1,1,1,0,1,80,,2,1,0,1,0,45.0,21.0,,,1,1,4,1,1
202100001931,2021-12-22 20:30:00,2021,12,22,20,30,68,68144,D468,47.761137,7.502429,Nuit sans éclairage public,Hors agglomération,Hors intersection,Normale,Autre collision,3,2,2,0,1,2,1,0,3,80,,2,1,0,0,1,18.0,,,,3,1,1,1,6
202100001932,2021-12-23 15:10:00,2021,12,23,15,10,971,97109,RN1 Avenue du Général de gaulle,15.99218,-61.691757,Plein jour,Hors agglomération,Hors intersection,Normale,Deux véhicules - frontale,2,2,2,0,1,1,1,0,1,70,,4,0,0,0,4,22.0,40.0,,,1,1,1,1,1
202100001933,2021-12-21 10:30:00,2021,12,21,10,30,62,62102,Rue de Desvres,50.638687,1.909609,Plein jour,En agglomération,Hors intersection,Temps éblouissant,Autre collision,3,2,2,0,2,1,1,0,1,50,,3,2,0,0,1,43.0,,,,1,2,1,7,6
202100001934,2021-12-22 14:45:00,2021,12,22,14,45,56,56105,Castellou,47.986604,-3.582788,Plein jour,Hors agglomération,Hors intersection,Temps éblouissant,Deux véhicules - frontale,3,2,2,0,3,1,1,0,1,-1,,2,0,0,1,1,50.0,48.0,,,1,1,1,7,1
202100001935,2021-12-23 11:30:00,2021,12,23,11,30,80,80647,D1017,49.7873017402,2.8307273984,Plein jour,Hors agglomération,Hors intersection,Normale,Autre collision,3,2,2,0,1,1,1,0,8,80,,2,1,0,1,0,21.0,,,,1,1,1,1,6
202100001936,2021-12-22 18:15:00,2021,12,22,18,15,80,80173,CD919 PK17+900,49.94051,2.354057,Nuit sans éclairage public,Hors agglomération,Hors intersection,Normale,Deux véhicules - frontale,3,2,2,0,1,1,1,0,1,-1,,2,1,0,1,0,34.0,79.0,,,3,1,1,1,1
202100001937,2021-12-22 14:45:00,2021,12,22,14,45,82,82124,Route de Castelsarrasin,44.023118,1.282536,Plein jour,Hors agglomération,Hors intersection,Normale,Autre collision,3,2,2,0,1,1,1,0,1,80,,1,0,1,0,0,86.0,,,,1,1,1,1,6
202100001938,2021-12-22 16:00:00,2021,12,22,16,0,65,65258,Rue des Résistants,43.111581,0.384956,Plein jour,En agglomération,Intersection en T,Normale,Autre collision,3,2,2,0,1,1,1,0,1,50,,2,1,1,0,0,44.0,,,,1,2,3,1,6
202100001939,2021-12-23 10:27:00,2021,12,23,10,27,65,65022,Rd 918 Rd 127,42.979802,-0.163572,Plein jour,Hors agglomération,Intersection en Y,Normale,Autre collision,3,2,2,0,2,1,1,0,3,80,,2,1,1,0,0,19.0,,,,1,1,4,1,6
202100001940,2021-12-23 16:29:00,2021,12,23,16,29,71,71514,395 Rue de Condé,46.735414,5.283086,Crépuscule ou aube,En agglomération,Hors intersection,Normale,Autre collision,4,2,2,0,1,4,9,0,3,80,,1,0,0,1,0,42.0,,,,2,2,1,1,6
202100001941,2021-12-15 19:50:00,2021,12,15,19,50,49,49323,La Haie Joulain,47.51552,-0.457939,Nuit avec éclairage allumé,Hors agglomération,Giratoire,Normale,Deux véhicules - arrière,3,2,2,0,1,1,1,5,1,80,,2,1,0,1,0,34.0,46.0,,,5,1,6,1,2
202100001942,2021-12-23 12:25:00,2021,12,23,12,25,46,46225,D67,44.494076,1.191555,Plein jour,Hors agglomération,Hors intersection,Normale,Autre collision,3,2,2,0,2,1,1,0,3,80,,2,1,0,1,0,43.0,,,,1,1,1,1,6
202100001943,2021-12-22 19:40:00,2021,12,22,19,40,34,34074,D14,43.433515,3.079948,Nuit sans éclairage public,Hors agglomération,Hors intersection,Normale,Autre collision,3,2,2,0,2,3,2,0,3,80,,1,0,0,1,0,59.0,,,,3,1,1,1,6
202100001944,2021-12-21 04:45:00,2021,12,21,4,45,34,34310,D154e1,43.410293,3.170695,Nuit sans éclairage public,Hors agglomération,Hors intersection,Temps couvert,Autre collision,3,2,2,0,1,2,2,0,3,80,,1,0,0,1,0,51.0,,,,3,1,1,8,6
202100001945,2021-12-22 13:55:00,2021,12,22,13,55,29,29195,D13,48.598774,-4.505918,Plein jour,Hors agglomération,Intersection en T,Normale,Deux véhicules - frontale,3,2,2,3,2,1,1,5,1,80,,3,1,0,0,2,56.0,48.0,,,1,1,3,1,1
202100001946,2021-12-17 20:45:00,2021,12,17,20,45,29,29220,D44 - Route de Combrit,47.8827557142,-4.2107713225,Nuit sans éclairage public,Hors agglomération,Hors intersection,Normale,Autre collision,3,2,2,1,1,1,1,0,1,80,,1,0,0,0,1,16.0,,,,3,1,1,1,6
202100001947,2021-12-22 21:20:00,2021,12,22,21,20,02,02305,D310,49.192306,3.507482,Nuit sans éclairage public,Hors agglomération,Hors intersection,Normale,Deux véhicules - frontale,3,2,2,0,3,4,1,0,1,80,,2,1,0,1,0,22.0,32.0,,,3,1,1,1,1
202100001948,2021-12-21 14:20:00,2021,12,21,14,20,85,85302,A 87 pk 064+450,46.960661,-0.928388,Plein jour,Hors agglomération,Hors intersection,Normale,Deux véhicules - côté,1,1,4,0,2,1,1,0,1,130,,2,1,0,0,1,31.0,20.0,,,1,1,1,1,3
202100001949,2021-12-22 22:30:00,2021,12,22,22,30,06,06151,M6202,43.909871,7.193499,Nuit sans éclairage public,Hors agglomération,Hors intersection,Autre,Autre collision,7,1,2,0,1,2,1,0,1,90,,1,0,0,0,1,25.0,,,,3,1,1,9,6
202100001950,2021-12-22 22:00:00,2021,12,22,22,0,06,06094,Route de la Colle - sens Peone vers col de l'Espaul,44.110407,6.957275,Nuit sans éclairage public,Hors agglomération,Hors intersection,Normale,Sans collision,9,2,2,0,2,2,1,0,1,50,,1,0,0,1,0,50.0,,,,3,1,1,1,7
202100001951,2021-12-23 08:30:00,2021,12,23,8,30,28,28051,N 10 - PK/PR 054+955,48.186216,1.377937,Crépuscule ou aube,Hors agglomération,Intersection en X,Normale,Deux véhicules - côté,2,2,3,0,3,1,2,0,1,50,,2,0,0,1,1,53.0,33.0,,,2,1,2,1,3
202100001952,2021-12-23 10:25:00,2021,12,23,10,25,87,87172,D675,46.167434,1.062037,Plein jour,Hors agglomération,Intersection en X,Normale,Trois véhicules et plus - collisions multiples,3,2,2,0,1,1,1,0,1,80,,5,2,0,1,2,71.0,70.0,,,1,1,2,1,5
202100001953,2021-12-22 17:35:00,2021,12,22,17,35,87,87051,Le Pont,45.61063,1.602051,Nuit sans éclairage public,Hors agglomération,Hors intersection,Normale,Deux véhicules - frontale,4,2,2,0,1,2,1,0,1,-1,,3,2,0,1,0,84.0,16.0,,,3,1,1,1,1
202100001954,2021-12-22 15:40:00,2021,12,22,15,40,30,30349,D999,43.87205,4.081678,Plein jour,Hors agglomération,Hors intersection,Normale,Sans collision,3,3,2,0,4,1,1,0,4,80,,1,0,1,0,0,66.0,,,,1,1,1,1,7
202100001955,2021-12-22 17:45:00,2021,12,22,17,45,30,30259,Route de Nîmes,44.073697,4.117427,Crépuscule ou aube,Hors agglomération,Intersection en T,Normale,Deux véhicules - côté,3,2,2,0,1,1,1,0,1,70,,2,1,0,1,0,66.0,39.0,,,2,1,3,1,3
202100001956,2021-12-23 12:30:00,2021,12,23,12,30,01,01390,Avenue de Cotier,45.831849,5.272912,Plein jour,Hors agglomération,Intersection en X,Normale,Trois véhicules et plus - collisions multiples,3,2,2,0,1,1,1,0,1,80,,3,2,0,1,0,54.0,21.0,,,1,1,2,1,5
202100001957,2021-12-23 12:30:00,2021,12,23,12,30,58,58057,RN 7,46.716592,3.186722,Plein jour,Hors agglomération,Hors intersection,Normale,Trois véhicules et plus - collisions multiples,2,2,2,0,1,1,1,0,1,80,,5,0,1,2,2,67.0,56.0,,,1,1,1,1,5
202100001958,2021-09-11 01:05:00,2021,9,11,1,5,13,13051,Autoroute A7 PK 240+200 sens Nord-Sud,43.594099,5.172329,Nuit avec éclairage allumé,Hors agglomération,Hors intersection,Normale,Deux véhicules - frontale,1,1,5,0,1,1,1,7,1,70,,1,0,0,0,1,37.0,,,,5,1,1,1,1
202100001959,2021-12-22 19:50:00,2021,12,22,19,50,95,95046,RD 14,49.136755,1.823797,Nuit sans éclairage public,Hors agglomération,Hors intersection,Normale,Autre collision,3,3,4,0,1,1,1,0,3,110,,1,0,0,1,0,20.0,,,,3,1,1,1,6
202100001960,2021-12-22 17:10:00,2021,12,22,17,10,83,83112,R.D.559,43.174849,5.711528,Nuit sans éclairage public,Hors agglomération,Intersection en T,Temps couvert,Deux véhicules - côté,3,2,2,0,1,2,1,0,1,80,,2,1,0,1,0,65.0,66.0,,,3,1,3,8,3
202100001961,2021-12-22 17:30:00,2021,12,22,17,30,13,13094,D80,43.817051,4.713643,Nuit sans éclairage public,Hors agglomération,Intersection en T,Normale,Deux véhicules - frontale,3,2,2,0,1,1,1,0,1,-1,,2,1,0,1,0,51.0,19.0,,,3,1,3,1,1
202100001962,2021-12-23 17:15:00,2021,12,23,17,15,26,26058,Autoroute du Soleil,44.961906,4.885869,Nuit sans éclairage public,Hors agglomération,Hors intersection,Normale,Autre collision,1,3,3,0,1,2,1,0,1,90,,1,0,1,0,0,79.0,,,,3,1,1,1,6
202100001963,2021-12-23 08:30:00,2021,12,23,8,30,74,74136,2774 Route du Chinaillon,45.952187,6.437033,Plein jour,Hors agglomération,Hors intersection,Normale,Deux véhicules - côté,3,2,2,0,2,1,1,0,1,80,,3,2,0,1,0,41.0,59.0,,,1,1,1,1,3
202100001964,2021-12-23 07:30:00,2021,12,23,7,30,42,42056,Route Departementale 1086,45.394491,4.742725,Crépuscule ou aube,Hors agglomération,Hors intersection,Normale,Deux véhicules - frontale,3,2,2,0,1,3,7,0,1,80,,2,0,0,1,1,25.0,36.0,,,2,1,1,1,1
202100001965,2021-12-23 08:00:00,2021,12,23,8,0,31,31048,Rue du Cers,43.456744,1.613866,Crépuscule ou aube,En agglomération,Passage à niveau,Normale,Autre collision,4,2,1,3,1,1,1,4,8,50,,2,1,1,0,0,50.0,,,,2,2,8,1,6
202100001966,2021-12-22 21:45:00,2021,12,22,21,45,33,33436,Route du Barp,44.544423,-0.682011,Nuit sans éclairage public,Hors agglomération,Hors intersection,Normale,Autre collision,3,2,2,0,1,1,1,0,8,80,,1,0,0,1,0,18.0,,,,3,1,1,1,6
202100001967,2021-12-23 10:17:00,2021,12,23,10,17,72,72343,D309,47.827764,-0.385391,Plein jour,En agglomération,Hors intersection,Normale,Deux véhicules - frontale,3,2,2,0,1,1,1,0,1,50,,2,1,1,0,0,50.0,73.0,,,1,2,1,1,1
202100001968,2021-12-23 13:22:00,2021,12,23,13,22,14,14663,Route d Arromanches,49.28784,-0.691549,Plein jour,En agglomération,Intersection en T,Normale,Deux véhicules - côté,3,2,2,0,1,1,1,0,1,50,,2,1,0,1,0,22.0,76.0,,,1,2,3,1,3
202100001969,2021-12-19 06:00:00,2021,12,19,6,0,62,62503,A 16,50.859291,1.733222,Nuit sans éclairage public,Hors agglomération,Hors intersection,Brouillard / fumée,Deux véhicules - côté,1,1,2,0,3,1,1,0,1,130,,2,1,0,1,0,,57.0,,,3,1,1,5,3
202100001970,2021-12-21 15:15:00,2021,12,21,15,15,13,13005,A50-Sens Aubagne vers Marseille,43.2877,5.54304,Plein jour,Hors agglomération,Hors intersection,Normale,Deux véhicules - arrière,1,1,2,0,1,1,1,0,1,90,,3,0,0,0,3,45.0,18.0,,,1,1,1,1,2
202100001971,2021-12-21 14:56:00,2021,12,21,14,56,13,13211,A50-Sens Marseille vers Aubagne,43.291929,5.452815,Plein jour,En agglomération,Autre intersection,Normale,Autre collision,1,1,3,0,1,1,1,0,1,90,,1,0,0,1,0,35.0,,,,1,2,9,1,6
202100001972,2021-12-21 13:00:00,2021,12,21,13,0,13,13055,A507 sens Marseille - Aubagne,43.2988,5.4247,Plein jour,Hors agglomération,Hors intersection,Normale,Trois véhicules et plus - en chaîne,1,1,3,0,1,1,1,1,1,70,,2,1,0,0,1,37.0,31.0,,,1,1,1,1,4
202100001973,2021-12-20 12:35:00,2021,12,20,12,35,13,13071,A7-Sens Marseille vers Lyon,43.41765,5.27517,Plein jour,Hors agglomération,Hors intersection,Normale,Deux véhicules - côté,1,3,3,0,2,3,1,0,1,110,,2,1,0,0,1,24.0,53.0,,,1,1,1,1,3
202100001974,2021-12-20 21:27:00,2021,12,20,21,27,13,13211,Sens Marseille vers Aubagne,43.2859739315,5.4253578186,Nuit sans éclairage public,Hors agglomération,Hors intersection,Normale,Deux véhicules - arrière,1,1,3,0,1,1,1,0,2,90,,3,2,0,0,1,16.0,30.0,,,3,1,1,1,2
202100001975,2021-12-20 18:15:00,2021,12,20,18,15,13,13019,A51-Sens Marseille vers Aix en Provence,43.424246,5.375525,Nuit sans éclairage public,Hors agglomération,Hors intersection,Normale,Deux véhicules - arrière,1,-1,3,0,1,1,1,0,1,90,,3,0,0,0,3,36.0,32.0,,,3,1,1,1,2
202100001976,2021-12-20 10:45:00,2021,12,20,10,45,13,13211,A50-Sens Marseille vers Aubagne,43.29366,5.45748,Plein jour,Hors agglomération,Hors intersection,Normale,Trois véhicules et plus - en chaîne,1,3,3,0,1,1,1,0,1,90,,4,2,0,0,2,46.0,52.0,,,1,1,1,1,4
202100001977,2021-12-18 03:25:00,2021,12,18,3,25,67,67218,M35,48.53249,7.69727,Nuit sans éclairage public,Hors agglomération,Hors intersection,Normale,Deux véhicules - arrière,7,1,2,0,1,1,1,0,1,90,,3,0,1,1,1,45.0,31.0,,,3,1,1,1,2
202100001978,2021-12-21 21:30:00,2021,12,21,21,30,33,33550,ROCADE A 630,44.777913,-0.557907,Nuit avec éclairage allumé,Hors agglomération,Hors intersection,Normale,Deux véhicules - arrière,1,3,6,0,1,1,1,0,1,90,,2,1,0,0,1,19.0,49.0,,,5,1,1,1,2
202100001979,2021-12-21 13:50:00,2021,12,21,13,50,91,91689,AUTOROUTE A6,48.73016,2.31482,Plein jour,Hors agglomération,Hors intersection,Normale,Trois véhicules et plus - en chaîne,1,3,6,0,1,1,1,0,1,110,,3,1,0,0,2,41.0,43.0,,,1,1,1,1,4
202100001980,2021-12-21 20:46:00,2021,12,21,20,46,95,95527,AUTOROUTE A1,49.002818,2.524141,Nuit sans éclairage public,Hors agglomération,Hors intersection,Normale,Sans collision,1,3,6,0,1,1,1,0,3,110,,1,0,1,0,0,52.0,,,,3,1,1,1,7
202100001981,2021-12-21 14:05:00,2021,12,21,14,5,93,93010,AUTOROUTE A3,48.9145865289,2.4774491787,Plein jour,Hors agglomération,Hors intersection,Normale,Deux véhicules - arrière,1,3,6,0,1,1,1,0,1,90,,2,1,0,0,1,37.0,70.0,,,1,1,1,1,2
202100001982,2021-12-21 06:00:00,2021,12,21,6,0,93,93001,AUTOROUTE A86,48.92163,2.37594,Nuit avec éclairage non allumé,Hors agglomération,Hors intersection,Normale,Deux véhicules - arrière,1,3,6,0,1,1,1,2,1,90,,2,1,0,0,1,50.0,25.0,,,4,1,1,1,2
202100001983,2021-12-21 01:30:00,2021,12,21,1,30,92,92078,AUTOROUTE A86,48.927485441,2.3328405619,Nuit sans éclairage public,Hors agglomération,Hors intersection,Normale,Deux véhicules - côté,1,1,2,0,1,1,1,9,1,90,,2,1,0,0,1,23.0,23.0,,,3,1,1,1,3