accident_id,datetime,annee,mois,jour,heure,minute,departement,commune_insee,adresse,latitude,longitude,luminosite,agglomeration,intersection,meteo,collision,catr,circ,nbv,vosp,prof,plan,surf,infra,situ,vma,nb_vehicules,nb_usagers,nb_indemnes,nb_tues,nb_blesses_hosp,nb_blesses_legers,age_cond_1,age_cond_2,veh_type_cond_1,veh_type_cond_2,lum_code,agg_code,int_code,atm_code,col_code
202100001984,2021-12-21 11:40:00,2021,12,21,11,40,988,98818,VE1 BRETTELLE D'INSERTION/RUE JACQUES IEKAWE,-22.22402,166.48104,Plein jour,En agglomération,Intersection en T,Normale,Deux véhicules - côté,1,1,1,0,2,3,1,3,1,50,,2,1,0,1,0,23.0,45.0,,,1,2,3,1,3
202100001985,2021-12-21 05:05:00,2021,12,21,5,5,988,98818,VE1 SENS NORD/SUD,-22.24949,166.45044,Crépuscule ou aube,En agglomération,Hors intersection,Normale,Autre collision,1,3,4,0,1,2,1,0,1,70,,2,0,0,1,1,25.0,,,,2,2,1,1,6
202100001986,2021-12-20 18:33:00,2021,12,20,18,33,976,97611,kaweni-Kaweni sud  (Z I),-12.7756,45.22381,Nuit avec éclairage allumé,En agglomération,Autre intersection,Normale,Deux véhicules - arrière,2,2,2,0,1,1,1,0,1,50,,3,2,0,0,1,17.0,17.0,,,5,2,9,1,2
202100001987,2021-12-20 15:58:00,2021,12,20,15,58,976,97611,mgombani-Mahabou (rond point),-12.77973,45.23277,Plein jour,En agglomération,Hors intersection,Normale,Deux véhicules - côté,2,2,2,0,1,1,1,0,1,50,,2,1,0,0,1,52.0,19.0,,,1,2,1,1,3
202100001988,2021-11-17 17:20:00,2021,11,17,17,20,976,97611,mamoudzou centre-Cimetiére grand repos (,-12.7777,45.228039,Crépuscule ou aube,En agglomération,Hors intersection,Normale,Deux véhicules - frontale,4,2,2,0,2,1,1,0,1,50,,2,1,0,0,1,33.0,31.0,,,2,2,1,1,1
202100001989,2021-12-20 08:05:00,2021,12,20,8,5,976,97611,kaweni-Mangrove (route de la),-12.77585,45.2274,Plein jour,En agglomération,Hors intersection,Normale,Deux véhicules - arrière,2,2,2,0,1,1,1,0,1,50,,3,1,0,0,2,17.0,31.0,,,1,2,1,1,2
202100001990,2021-12-19 21:50:00,2021,12,19,21,50,974,97411,BOIS DE NEFLES (ROUTE DE),-20.90068,55.47645,Nuit avec éclairage allumé,En agglomération,Intersection en T,Normale,Deux véhicules - frontale,4,-1,2,0,2,1,1,0,1,50,,3,1,0,1,1,21.0,42.0,,,5,2,3,1,1
202100001991,2021-12-20 17:35:00,2021,12,20,17,35,69,69259,AMBROISE CROIZAT (BD),45.705578606,4.8876956105,Nuit sans éclairage public,En agglomération,Hors intersection,Normale,Autre collision,7,3,4,3,1,1,1,4,6,70,,2,1,0,0,1,34.0,,,,3,2,1,1,6
202100001992,2021-12-20 16:30:00,2021,12,20,16,30,69,69259,CHARLES DE GAULLE (AV),45.71501,4.89537,Crépuscule ou aube,En agglomération,Intersection en T,Normale,Trois véhicules et plus - en chaîne,7,2,4,3,1,1,1,0,1,50,,4,3,0,0,1,,26.0,,,2,2,3,1,4
202100001993,2021-12-20 23:20:00,2021,12,20,23,20,69,69389,GARE D'EAU (DE LA) (Q),45.7805637012,4.808986187,Nuit avec éclairage allumé,En agglomération,Intersection en X,Normale,Deux véhicules - côté,4,2,4,1,1,1,1,0,1,50,,2,1,0,0,1,24.0,36.0,,,5,2,2,1,3
202100001994,2021-12-20 07:30:00,2021,12,20,7,30,69,69286,EUROPE (DE L') (AV),45.81233,4.8904,Plein jour,En agglomération,Hors intersection,Normale,Autre collision,4,2,2,0,1,1,1,0,1,50,,2,1,0,0,1,44.0,,,,1,2,1,1,6
202100001995,2021-12-20 06:45:00,2021,12,20,6,45,69,69286,COMBATTANTS EN AFN 1952-1962 (DES) (AV),45.8165,4.8926,Nuit avec éclairage allumé,En agglomération,Hors intersection,Pluie légère,Deux véhicules - côté,4,2,3,2,1,1,2,0,1,50,,2,1,0,0,1,71.0,23.0,,,5,2,1,2,3
202100001996,2021-12-19 11:50:00,2021,12,19,11,50,83,83069,NICE (ROUTE DE),43.12993,6.17779,Plein jour,Hors agglomération,Hors intersection,Normale,Deux véhicules - frontale,7,2,2,0,1,1,1,0,1,70,,2,1,0,1,0,59.0,28.0,,,1,1,1,1,1
202100001997,2021-12-17 10:00:00,2021,12,17,10,0,83,83118,AVENUE FRÉDÉRIC MISTRAL,43.42212,6.77107,Plein jour,En agglomération,Intersection en T,Temps éblouissant,Autre collision,4,3,1,0,3,1,1,0,1,30,,3,1,0,2,0,75.0,,,,1,2,3,7,6
202100001998,2021-12-17 12:45:00,2021,12,17,12,45,80,80489,JEAN CATELAS (RUE),49.87372,2.35298,Plein jour,En agglomération,Intersection en X,Normale,Deux véhicules - côté,4,2,2,0,1,1,1,0,1,50,,2,1,0,0,1,44.0,53.0,,,1,2,2,1,3
202100001999,2021-12-18 12:15:00,2021,12,18,12,15,78,78372,COEUR VOLANT (COTE DU),48.86491,2.1031,Plein jour,En agglomération,Hors intersection,Normale,Autre collision,3,2,2,0,2,1,1,0,1,50,,3,2,0,1,0,82.0,43.0,,,1,2,1,1,6
202100002000,2021-12-17 13:25:00,2021,12,17,13,25,76,76351,JULES DURAND (BD),49.48971,0.15567,Plein jour,En agglomération,Intersection en T,Normale,Deux véhicules - côté,3,-1,2,0,1,1,1,0,1,50,,2,1,0,1,0,39.0,35.0,,,1,2,3,1,3
202100002001,2021-12-18 10:55:00,2021,12,18,10,55,76,76259,COUTURIER ( RUE GUSTAVE),49.75252,0.39317,Plein jour,En agglomération,Hors intersection,Normale,Autre collision,4,2,2,0,1,1,1,0,1,50,,2,0,2,0,0,33.0,,,,1,2,1,1,6
202100002002,2021-12-20 07:50:00,2021,12,20,7,50,76,76329,Rue de l’Abbaye,49.5506,0.49113,Nuit avec éclairage allumé,En agglomération,Autre intersection,Normale,Deux véhicules - frontale,3,2,1,0,1,1,1,5,1,50,,2,1,0,0,1,56.0,19.0,,,5,2,9,1,1
202100002003,2021-12-19 19:31:00,2021,12,19,19,31,72,72181,MARAICHERS (RUE DES) N° IMP 1 A 17,47.991,0.196,Nuit avec éclairage allumé,En agglomération,Intersection en T,Normale,Deux véhicules - côté,4,2,2,0,1,1,1,0,1,50,,3,2,0,0,1,40.0,37.0,,,5,2,3,1,3
202100002004,2021-12-18 15:20:00,2021,12,18,15,20,67,67043,MOUETTES (RUE DES),48.61123,7.7558,Plein jour,En agglomération,Intersection en T,Temps couvert,Deux véhicules - côté,4,2,2,0,1,1,1,0,1,50,,2,1,0,0,1,28.0,29.0,,,1,2,3,8,3
202100002005,2021-12-18 00:40:00,2021,12,18,0,40,67,67482,FREDERIC RIFF (RUE),48.60797,7.78253,Nuit avec éclairage allumé,En agglomération,Hors intersection,Normale,Autre collision,4,2,2,0,1,1,9,0,4,30,,4,1,0,0,3,25.0,,,,5,2,1,1,6
202100002006,2021-12-18 00:10:00,2021,12,18,0,10,67,67218,RHIN (ROUTE DU),48.53047,7.73307,Nuit sans éclairage public,Hors agglomération,Hors intersection,Normale,Autre collision,4,2,4,0,1,1,7,0,1,70,,1,0,0,0,1,20.0,,,,3,1,1,1,6
202100002007,2021-12-17 13:20:00,2021,12,17,13,20,67,67482,BERNE (RUE DE),48.57751,7.75478,Plein jour,En agglomération,Intersection en X,Normale,Deux véhicules - frontale,4,2,2,0,1,1,1,0,1,30,,2,1,0,0,1,12.0,,,,1,2,2,1,1
202100002008,2021-12-18 12:15:00,2021,12,18,12,15,66,66136,ARGELES SUR MER AVENUE D',42.68533,2.90837,Plein jour,En agglomération,Intersection en Y,Normale,Deux véhicules - côté,4,1,2,3,1,1,1,0,1,50,,2,1,0,0,1,41.0,40.0,,,1,2,4,1,3
202100002009,2021-12-18 08:46:00,2021,12,18,8,46,66,66136,FRANCE LIBRE (BOULEVARD DE LA),42.70543,2.90185,Plein jour,En agglomération,Giratoire,Normale,Deux véhicules - côté,4,1,2,0,1,3,1,0,1,50,,2,1,0,0,1,24.0,32.0,,,1,2,6,1,3
202100002010,2021-12-20 14:00:00,2021,12,20,14,0,64,64102,Giratoire des Pontots,43.4883,-1.49076,Plein jour,En agglomération,Hors intersection,Normale,Deux véhicules - arrière,4,2,2,1,1,3,1,0,1,50,,2,1,0,0,1,44.0,48.0,,,1,2,1,1,2
202100002011,2021-12-19 15:09:00,2021,12,19,15,9,63,63014,DE GAULLE (AVENUE CHARLES),45.75284,3.12168,Plein jour,En agglomération,Hors intersection,Normale,Deux véhicules - frontale,4,2,2,0,1,1,1,0,1,50,,3,1,0,0,2,37.0,22.0,,,1,2,1,1,1
202100002012,2021-12-19 14:52:00,2021,12,19,14,52,63,63014,LAVOISIER (AVENUE),45.75874,3.14432,Plein jour,En agglomération,Hors intersection,Pluie légère,Autre collision,4,3,3,0,1,1,2,0,1,50,,1,0,0,0,1,40.0,,,,1,2,1,2,6
202100002013,2021-12-19 03:39:00,2021,12,19,3,39,63,63113,VERNE (RUE JULES),45.78155,3.12236,Nuit avec éclairage allumé,En agglomération,Hors intersection,Normale,Autre collision,4,2,2,0,1,1,1,0,1,50,,5,1,0,0,4,19.0,,,,5,2,1,1,6
202100002014,2021-12-17 17:48:00,2021,12,17,17,48,63,63113,FLAUBERT (BD GUSTAVE),45.77296,3.12096,Nuit avec éclairage allumé,En agglomération,Intersection à plus de 4 branches,Normale,Deux véhicules - côté,7,3,4,0,1,1,1,0,1,50,,2,1,0,1,0,24.0,47.0,,,5,2,5,1,3
202100002015,2021-12-17 14:45:00,2021,12,17,14,45,63,63075,PONT DE LA GRAVIERE (RUE DU),45.77575,3.06638,Plein jour,En agglomération,Intersection en T,Normale,Autre collision,7,2,2,-1,2,1,1,0,1,-1,,2,1,0,0,1,62.0,,,,1,2,3,1,6
202100002016,2021-12-16 17:23:00,2021,12,16,17,23,63,63164,L INDUSTRIE (RUE DE),45.82276,3.13775,Nuit avec éclairage allumé,En agglomération,Hors intersection,Pluie légère,Trois véhicules et plus - en chaîne,7,1,2,0,1,1,2,0,1,50,,4,3,0,0,1,30.0,20.0,,,5,2,1,2,4
202100002017,2021-12-20 14:50:00,2021,12,20,14,50,59,59508,LILLE (RUE DE)MENIN A 8 MAI 1945,50.7447089755,3.1156003475,Plein jour,En agglomération,Hors intersection,Normale,Autre collision,6,-1,0,0,1,2,1,0,1,30,,2,1,0,1,0,65.0,,,,1,2,1,1,6
202100002018,2021-12-20 18:00:00,2021,12,20,18,0,59,59598,ROUBAIX (RUE DE),50.6609,3.22683,Nuit avec éclairage allumé,En agglomération,Hors intersection,Normale,Autre collision,4,2,2,0,1,1,1,0,1,30,,2,1,0,0,1,33.0,,,,5,2,1,1,6
202100002019,2021-12-15 17:40:00,2021,12,15,17,40,59,59017,LECLERC (RUE DU GENERAL ),50.6826757786,2.8863388007,Nuit avec éclairage allumé,En agglomération,Autre intersection,Pluie légère,Deux véhicules - côté,4,4,2,0,1,2,2,0,1,50,,2,1,0,0,1,82.0,64.0,,,5,2,9,2,3
202100002020,2021-12-17 14:25:00,2021,12,17,14,25,56,56121,MERVILLE (RUE  JEAN DE ),47.74511,-3.37463,Plein jour,En agglomération,Intersection en X,Normale,Deux véhicules - côté,4,2,2,0,1,1,1,0,1,30,,2,1,0,0,1,61.0,29.0,,,1,2,2,1,3
202100002021,2021-12-19 07:20:00,2021,12,19,7,20,50,50129,GARE MARITIME(voies d'embarquement),49.64387,-1.60666,Nuit sans éclairage public,En agglomération,Hors intersection,Normale,Autre collision,6,-1,0,0,1,1,1,0,6,50,,2,1,0,1,0,50.0,,,,3,2,1,1,6
202100002022,2021-12-19 17:40:00,2021,12,19,17,40,50,50173,SALINE (BOULEVARD DE LA),49.65405,-1.64936,Nuit avec éclairage allumé,En agglomération,Intersection en T,Normale,Trois véhicules et plus - en chaîne,3,3,4,0,1,1,1,0,1,70,,6,4,0,0,2,68.0,36.0,,,5,2,3,1,4
202100002023,2021-12-18 15:12:00,2021,12,18,15,12,45,45068,Rue Saint-Just,48.00777,2.72004,Plein jour,En agglomération,Hors intersection,Normale,Deux véhicules - frontale,4,2,2,0,1,1,1,0,1,50,,2,1,0,1,0,72.0,37.0,,,1,2,1,1,1
202100002024,2021-12-15 12:50:00,2021,12,15,12,50,42,42184,Rue Maréchal Foch,46.03979,4.04997,Plein jour,En agglomération,Intersection en X,Pluie légère,Autre collision,4,2,2,0,2,1,2,5,4,50,,1,0,0,0,1,22.0,,,,1,2,2,2,6
202100002025,2021-12-19 23:30:00,2021,12,19,23,30,34,34172,Avenue de la Liberté,43.60696,3.86402,Nuit avec éclairage allumé,En agglomération,Hors intersection,Normale,Deux véhicules - frontale,4,-1,2,0,1,1,1,0,1,50,,4,2,0,1,1,22.0,31.0,,,5,2,1,1,1
202100002026,2021-12-20 20:20:00,2021,12,20,20,20,33,33281,Avenue de Verdun,44.8397,-0.63798,Nuit avec éclairage allumé,En agglomération,Intersection en T,Brouillard / fumée,Deux véhicules - côté,4,2,3,1,1,1,1,0,1,50,,3,2,0,0,1,26.0,59.0,,,5,2,3,5,3
202100002027,2021-12-20 02:45:00,2021,12,20,2,45,70,70285,D438,47.58696,6.763,Nuit sans éclairage public,Hors agglomération,Hors intersection,Temps couvert,Autre collision,2,3,4,0,2,1,1,9,1,110,,1,0,1,0,0,43.0,,,,3,1,1,8,6
202100002028,2021-12-20 16:55:00,2021,12,20,16,55,14,14220,MIRABEAU (RUE),49.36009,0.08028,Crépuscule ou aube,En agglomération,Intersection en X,Normale,Deux véhicules - côté,3,1,1,0,1,1,1,0,1,50,,4,3,0,0,1,28.0,50.0,,,2,2,2,1,3
202100002029,2021-12-16 15:25:00,2021,12,16,15,25,14,14118,Rue de Geôle,49.18527,-0.36446,Plein jour,En agglomération,Hors intersection,Normale,Sans collision,4,2,2,0,1,1,1,0,1,50,,3,1,1,0,1,52.0,,,,1,2,1,1,7
202100002030,2021-12-20 14:25:00,2021,12,20,14,25,13,13047,R.N 569,43.53014,4.9603,Plein jour,Hors agglomération,Hors intersection,Normale,Deux véhicules - frontale,2,2,2,0,1,1,1,0,1,80,,7,5,0,1,1,57.0,49.0,,,1,1,1,1,1
202100002031,2021-12-20 11:00:00,2021,12,20,11,0,13,13001,GUIGOU ALBERT (CH),43.4998977501,5.3874930121,Plein jour,En agglomération,Intersection en X,Brouillard / fumée,Sans collision,4,2,4,1,1,4,7,5,3,50,,1,0,0,0,1,25.0,,,,1,2,2,5,7
202100002032,2021-12-18 17:40:00,2021,12,18,17,40,11,11262,SOURCE (AVENUE DE ST JEAN DE LA),43.1874,2.98043,Nuit avec éclairage allumé,En agglomération,Hors intersection,Normale,Autre collision,4,2,2,0,1,1,1,0,1,50,,2,1,0,0,1,76.0,,,,5,2,1,1,6
202100002033,2021-12-18 21:45:00,2021,12,18,21,45,11,11069,PONT DE LA PAIX,43.21661,2.34852,Nuit avec éclairage allumé,En agglomération,Intersection en T,Normale,Autre collision,4,2,3,0,1,1,1,2,4,50,,1,0,0,0,1,45.0,,,,5,2,3,1,6
202100002034,2021-12-20 01:45:00,2021,12,20,1,45,10,10357,GENERAL DE GAULLE (RUE DU),48.29385,4.14368,Nuit sans éclairage public,Hors agglomération,Hors intersection,Normale,Autre collision,3,2,2,0,1,1,1,0,3,90,,1,0,0,0,1,26.0,,,,3,1,1,1,6
202100002035,2021-12-19 19:50:00,2021,12,19,19,50,06,06012,"ROMAIN (CHEMIN, N° 25 ET +)",43.75206,7.42525,Crépuscule ou aube,En agglomération,Hors intersection,Normale,Deux véhicules - frontale,4,2,2,0,2,3,1,0,1,30,,2,1,0,1,0,19.0,,,,2,2,1,1,1
202100002036,2021-12-18 15:59:00,2021,12,18,15,59,05,05061,Bernard GIVAUDAN (Avenue) D900B,44.54342,6.064917,Plein jour,En agglomération,Giratoire,Normale,Deux véhicules - arrière,3,2,2,0,1,2,1,9,1,50,,2,1,0,0,1,48.0,50.0,,,1,2,6,1,2
202100002037,2021-12-17 18:00:00,2021,12,17,18,0,05,05061,PROVENCE (AVENUE DE),44.537646,6.053519,Nuit avec éclairage allumé,En agglomération,Hors intersection,Normale,Trois véhicules et plus - en chaîne,2,2,2,0,1,1,1,0,1,50,,5,3,0,0,2,26.0,44.0,,,5,2,1,1,4
202100002038,2021-12-20 08:50:00,2021,12,20,8,50,75,75115,QUAI D ISSY LES MOULINEAUX,48.834914,2.265397,Crépuscule ou aube,En agglomération,Hors intersection,Normale,Trois véhicules et plus - collisions multiples,4,1,4,0,1,1,1,2,1,70,,4,3,0,1,0,42.0,35.0,,,2,2,1,1,5
202100002039,2021-12-19 17:05:00,2021,12,19,17,5,75,75118,PORTE DE CLIGNANCOURT,48.900868,2.342645,Nuit avec éclairage allumé,En agglomération,Hors intersection,Normale,Trois véhicules et plus - en chaîne,4,1,4,0,1,1,1,0,1,70,,3,2,0,0,1,68.0,24.0,,,5,2,1,1,4
202100002040,2021-12-20 14:49:00,2021,12,20,14,49,75,75119,BOULEVARD DE LA VILLETTE,48.875172,2.373607,Plein jour,En agglomération,Intersection en T,Normale,Autre collision,4,1,1,0,1,2,1,0,1,30,,3,1,0,1,1,55.0,,,,1,2,3,1,6
202100002041,2021-12-20 19:06:00,2021,12,20,19,6,75,75118,RUE DE LA CHAPELLE,48.890222,2.359922,Nuit avec éclairage allumé,En agglomération,Intersection en X,Normale,Autre collision,4,3,4,0,1,1,1,0,1,30,,2,1,0,0,1,27.0,,,,5,2,2,1,6
202100002042,2021-12-20 14:10:00,2021,12,20,14,10,75,75117,RUE CARDINET,48.891129,2.318009,Plein jour,En agglomération,Intersection en T,Normale,Deux véhicules - côté,4,2,2,0,1,1,1,0,1,30,,2,1,0,0,1,31.0,33.0,,,1,2,3,1,3
202100002043,2021-12-19 01:30:00,2021,12,19,1,30,75,75116,AVENUE DE L HIPPODROME,48.857901,2.251787,Nuit avec éclairage allumé,En agglomération,Hors intersection,Normale,Autre collision,4,2,2,0,1,1,1,0,1,50,,3,2,0,0,1,52.0,,,,5,2,1,1,6
202100002044,2021-12-20 11:30:00,2021,12,20,11,30,75,75112,BOULEVARD DIDEROT,48.848037,2.39284,Plein jour,En agglomération,Intersection en X,Normale,Deux véhicules - côté,4,2,2,0,1,1,1,0,1,30,,2,1,0,0,1,28.0,75.0,,,1,2,2,1,3
202100002045,2021-12-20 02:55:00,2021,12,20,2,55,75,75112,QUAI DE LA RAPEE,48.84643,2.366883,Nuit avec éclairage allumé,En agglomération,Intersection en X,Normale,Deux véhicules - côté,4,3,4,0,3,1,1,0,1,50,,2,1,0,0,1,22.0,20.0,,,5,2,2,1,3
202100002046,2021-12-20 13:45:00,2021,12,20,13,45,75,75111,BOULEVARD VOLTAIRE,48.862383,2.372528,Plein jour,En agglomération,Intersection en Y,Normale,Deux véhicules - côté,4,4,4,1,1,2,1,-1,5,30,,2,1,0,0,1,64.0,,,,1,2,4,1,3
202100002047,2021-12-20 10:50:00,2021,12,20,10,50,75,75109,RUE DE PROVENCE,48.874244,2.330473,Plein jour,En agglomération,Hors intersection,Normale,Autre collision,4,1,1,0,1,1,1,0,1,30,,2,1,0,0,1,42.0,,,,1,2,1,1,6
202100002048,2021-12-20 09:56:00,2021,12,20,9,56,75,75107,BOULEVARD DE LA TOUR MAUBOURG,48.856338,2.309819,Plein jour,En agglomération,Intersection en Y,Normale,Autre collision,4,-1,0,0,1,1,1,0,4,30,,2,1,0,0,1,58.0,,,,1,2,4,1,6
202100002049,2021-12-19 23:30:00,2021,12,19,23,30,94,94073,Avenue du Luxembourg,48.75579,2.37384,Nuit avec éclairage allumé,En agglomération,Autre intersection,Normale,Deux véhicules - côté,6,-1,0,0,1,1,1,9,1,30,,3,0,0,0,3,43.0,21.0,,,5,2,9,1,3
202100002050,2021-12-20 22:25:00,2021,12,20,22,25,94,94077,Avenue Sadi Carnot,48.7365121461,2.4130225182,Nuit avec éclairage allumé,En agglomération,Hors intersection,Normale,Autre collision,4,2,2,0,2,1,1,0,1,50,,2,1,0,0,1,27.0,,,,5,2,1,1,6
202100002051,2021-12-11 22:00:00,2021,12,11,22,0,94,94017,Rue Diderot,48.8142869272,2.4831461906,Nuit avec éclairage allumé,En agglomération,Hors intersection,Normale,Trois véhicules et plus - en chaîne,4,1,1,0,1,1,1,0,1,30,,3,2,0,0,1,21.0,27.0,,,5,2,1,1,4
202100002052,2021-12-19 16:40:00,2021,12,19,16,40,94,94002,EMILE ZOLA (R),48.79825,2.42079,Plein jour,En agglomération,Intersection en X,Normale,Deux véhicules - côté,3,2,8,0,1,1,1,2,1,50,,2,1,0,0,1,35.0,29.0,,,1,2,2,1,3
202100002053,2021-12-20 12:30:00,2021,12,20,12,30,93,93031,JARROW (AVENUE DE),48.95275,2.32846,Plein jour,En agglomération,Hors intersection,Temps couvert,Autre collision,4,2,1,0,1,1,1,0,1,50,,1,0,0,0,1,47.0,,,,1,2,1,8,6
202100002054,2021-12-19 01:30:00,2021,12,19,1,30,93,93014,MONTFERMEIL (ALLEE DE),48.89918,2.54199,Nuit avec éclairage allumé,En agglomération,Hors intersection,Normale,Trois véhicules et plus - collisions multiples,3,2,2,0,1,1,1,0,1,50,,3,2,0,0,1,30.0,22.0,,,5,2,1,1,5
202100002055,2021-12-20 16:10:00,2021,12,20,16,10,93,93010,GUESDES (RUE JULES),48.9035816338,2.4775747673,Plein jour,En agglomération,Hors intersection,Normale,Deux véhicules - côté,4,3,2,0,1,1,1,0,1,50,,3,2,0,0,1,61.0,21.0,,,1,2,1,1,3
202100002056,2021-12-20 12:25:00,2021,12,20,12,25,93,93010,POLISSARD (RUE AUGUSTE),48.904156949,2.480412942,Plein jour,En agglomération,Hors intersection,Normale,Autre collision,3,2,2,0,1,1,1,0,1,50,,2,1,0,0,1,51.0,,,,1,2,1,1,6
202100002057,2021-12-20 07:40:00,2021,12,20,7,40,93,93001,VICTOR HUGO (AVE)  N° 122 =>,48.90915,2.37816,Nuit avec éclairage allumé,En agglomération,Intersection en X,Normale,Deux véhicules - côté,3,2,2,0,1,1,1,0,1,50,,2,1,0,0,1,21.0,64.0,,,5,2,2,1,3
202100002058,2021-12-20 13:05:00,2021,12,20,13,5,92,92073,DE GAULLE (AVENUE GENERAL CHARLES),48.87074,2.22453,Plein jour,En agglomération,Autre intersection,Temps couvert,Autre collision,3,3,6,0,2,1,1,0,1,50,,2,1,0,0,1,21.0,,,,1,2,9,8,6
202100002059,2021-12-19 15:20:00,2021,12,19,15,20,92,92063,BONS RAISINS (RUE DES),48.8735950856,2.1898667514,Plein jour,En agglomération,Hors intersection,Normale,Autre collision,4,2,2,0,2,1,1,0,1,50,,2,1,0,0,1,41.0,,,,1,2,1,1,6
202100002060,2021-12-19 19:30:00,2021,12,19,19,30,92,92025,CHATOU (RUE DE),48.9135767683,2.2350150347,Nuit avec éclairage allumé,En agglomération,Intersection en T,Normale,Deux véhicules - côté,4,1,1,0,1,1,1,0,1,50,,2,1,0,0,1,19.0,17.0,,,5,2,3,1,3
202100002061,2021-12-18 19:10:00,2021,12,18,19,10,92,92025,GABRIEL PERI (RUE),48.918064,2.238547,Nuit avec éclairage allumé,En agglomération,Intersection en T,Normale,Autre collision,4,2,2,0,1,1,1,0,1,30,,4,3,0,0,1,26.0,,,,5,2,3,1,6
202100002062,2021-12-22 15:30:00,2021,12,22,15,30,71,71498,D981,46.619711,4.681849,Plein jour,Hors agglomération,Hors intersection,Normale,Deux véhicules - arrière,3,2,2,0,2,4,1,0,1,80,,2,1,0,1,0,49.0,35.0,,,1,1,1,1,2
202100002063,2021-12-21 16:50:00,2021,12,21,16,50,49,49092,Avenue du Général de Gaulle (chemillé),47.206348,-0.725725,Crépuscule ou aube,En agglomération,Hors intersection,Normale,Deux véhicules - arrière,3,2,1,2,1,1,1,0,1,50,,2,1,0,1,0,33.0,16.0,,,2,2,1,1,2
202100002064,2021-12-21 19:30:00,2021,12,21,19,30,41,41230,31 Rue Jules Berthonneau,47.606122,1.299578,Nuit avec éclairage allumé,En agglomération,Hors intersection,Normale,Sans collision,3,2,2,0,1,3,7,0,3,50,,1,0,0,1,0,32.0,,,,5,2,1,1,7
202100002065,2021-12-16 22:00:00,2021,12,16,22,0,988,98810,Lieu dit TROULALA,-20.6491,164.36226,Nuit sans éclairage public,Hors agglomération,Hors intersection,Normale,Sans collision,2,2,2,0,2,2,1,2,8,110,,1,0,0,1,0,36.0,,,,3,1,1,1,7
202100002066,2021-12-21 21:55:00,2021,12,21,21,55,35,35172,Lauviais,48.4197087682,-1.8693360686,Nuit sans éclairage public,Hors agglomération,Hors intersection,Normale,Sans collision,3,2,2,0,3,2,1,0,3,70,,1,0,0,1,0,25.0,,,,3,1,1,1,7
202100002067,2021-12-22 07:00:00,2021,12,22,7,0,83,83116,DN7 - PR 12+500,43.457175,5.842243,Nuit sans éclairage public,En agglomération,Hors intersection,Brouillard / fumée,Deux véhicules - frontale,3,2,1,0,1,1,2,0,1,80,,2,0,1,0,1,57.0,21.0,,,3,2,1,5,1
202100002068,2021-12-21 13:10:00,2021,12,21,13,10,56,56091,Rue du General de Gaulle,47.951467,-2.548662,Plein jour,En agglomération,Hors intersection,Normale,Autre collision,4,2,2,0,2,1,1,0,1,50,,1,0,0,0,1,15.0,,,,1,2,1,1,6
202100002069,2021-12-22 15:45:00,2021,12,22,15,45,74,74311,lieu dit les carrières RD 907,46.156225,6.370418,Plein jour,Hors agglomération,Hors intersection,Normale,Trois véhicules et plus - en chaîne,3,2,2,0,1,3,1,0,1,80,,5,0,0,2,3,48.0,68.0,,,1,1,1,1,4
202100002070,2021-12-21 16:07:00,2021,12,21,16,7,32,32107,Avenue d Aquitaine,43.959405,0.367768,Plein jour,En agglomération,Hors intersection,Normale,Autre collision,3,2,2,0,1,1,1,0,1,50,,2,1,0,1,0,50.0,81.0,,,1,2,1,1,6
202100002071,2021-12-20 18:45:00,2021,12,20,18,45,71,71277,N80,46.737677,4.603312,Nuit sans éclairage public,Hors agglomération,Hors intersection,Temps couvert,Sans collision,2,1,2,0,2,1,2,0,1,110,,2,1,0,1,0,28.0,,,,3,1,1,8,7
202100002072,2021-12-22 02:28:00,2021,12,22,2,28,22,22127,Kerbroc H,48.799475,-3.106921,Nuit sans éclairage public,Hors agglomération,Hors intersection,Autre,Sans collision,3,2,2,0,4,1,1,0,8,80,,1,0,1,0,0,50.0,,,,3,1,1,9,7
202100002073,2021-12-21 19:00:00,2021,12,21,19,0,22,22313,Launay,48.320034,-2.949893,Nuit sans éclairage public,Hors agglomération,Hors intersection,Normale,Deux véhicules - frontale,3,2,2,0,2,3,1,0,1,80,,5,4,0,0,1,47.0,31.0,,,3,1,1,1,1
202100002074,2021-12-21 18:45:00,2021,12,21,18,45,22,22074,La Croix Burlot,48.33297,-3.027908,Nuit avec éclairage allumé,Hors agglomération,Hors intersection,Temps couvert,Trois véhicules et plus - collisions multiples,3,2,2,0,4,2,1,0,1,80,,4,2,0,1,1,37.0,53.0,,,5,1,1,8,5
202100002075,2021-12-21 20:20:00,2021,12,21,20,20,25,25463,Rue de Montbéliard,47.394529,6.770368,Nuit avec éclairage allumé,En agglomération,Intersection en T,Autre,Deux véhicules - frontale,3,2,3,0,1,1,9,0,1,50,,2,1,0,1,0,33.0,27.0,,,5,2,3,9,1
202100002076,2021-12-21 20:50:00,2021,12,21,20,50,01,01245,Route de Neuville,46.147057,5.394893,Nuit sans éclairage public,Hors agglomération,Hors intersection,Normale,Sans collision,3,2,2,0,1,2,1,0,3,80,,1,0,0,1,0,28.0,,,,3,1,1,1,7