accident_id,datetime,annee,mois,jour,heure,minute,departement,commune_insee,adresse,latitude,longitude,luminosite,agglomeration,intersection,meteo,collision,catr,circ,nbv,vosp,prof,plan,surf,infra,situ,vma,nb_vehicules,nb_usagers,nb_indemnes,nb_tues,nb_blesses_hosp,nb_blesses_legers,age_cond_1,age_cond_2,veh_type_cond_1,veh_type_cond_2,lum_code,agg_code,int_code,atm_code,col_code
202100002077,2021-12-21 21:40:00,2021,12,21,21,40,06,06150,D37,43.734484,7.396502,Nuit sans éclairage public,Hors agglomération,Hors intersection,Normale,Autre collision,3,2,2,0,2,3,1,0,1,80,,1,0,0,0,1,25.0,,,,3,1,1,1,6
202100002078,2021-12-21 06:43:00,2021,12,21,6,43,14,14181,Rue des Frères Lumière,49.153801,-0.312515,Nuit avec éclairage allumé,En agglomération,Hors intersection,Normale,Autre collision,4,2,2,0,1,1,1,0,1,50,,2,1,0,0,1,26.0,,,,5,2,1,1,6
202100002079,2021-12-22 10:55:00,2021,12,22,10,55,60,60583,D981,49.396172,2.019467,Plein jour,En agglomération,Hors intersection,Normale,Deux véhicules - frontale,3,2,2,0,2,2,1,0,1,70,,2,1,0,0,1,51.0,35.0,,,1,2,1,1,1
202100002080,2021-12-22 08:00:00,2021,12,22,8,0,64,64448,RD 817,43.343185,-0.471656,Crépuscule ou aube,En agglomération,Hors intersection,Normale,Autre collision,3,2,2,0,1,1,1,9,6,70,,2,1,0,1,0,55.0,,,,2,2,1,1,6
202100002081,2021-12-22 08:05:00,2021,12,22,8,5,64,64448,Route de Bayonne,43.344141,-0.473442,Crépuscule ou aube,Hors agglomération,Intersection en X,Normale,Deux véhicules - côté,3,2,2,0,1,1,1,0,1,70,,2,1,0,1,0,57.0,46.0,,,2,1,2,1,3
202100002082,2021-12-21 10:30:00,2021,12,21,10,30,18,18127,16 Grande Rue,46.751506,2.176774,Plein jour,En agglomération,Hors intersection,Temps couvert,Autre collision,3,1,1,0,1,1,1,0,1,50,,3,2,0,1,0,71.0,53.0,,,1,2,1,8,6
202100002083,2021-12-22 02:15:00,2021,12,22,2,15,18,18231,Les Clouzerats,46.764618,2.592258,Nuit sans éclairage public,Hors agglomération,Hors intersection,Normale,Autre collision,3,2,2,0,1,2,1,0,3,80,,1,0,1,0,0,35.0,,,,3,1,1,1,6
202100002084,2021-12-22 09:45:00,2021,12,22,9,45,24,24261,la font des bories,45.00001,0.944095,Plein jour,Hors agglomération,Hors intersection,Normale,Deux véhicules - frontale,3,2,2,0,1,3,1,0,1,80,,4,1,0,1,2,35.0,53.0,,,1,1,1,1,1
202100002085,2021-12-20 17:00:00,2021,12,20,17,0,24,24553,Fayolle,45.233819,0.502426,Nuit sans éclairage public,Hors agglomération,Hors intersection,Autre,Deux véhicules - côté,3,2,2,0,2,2,7,0,3,80,,1,0,0,1,0,31.0,,,,3,1,1,9,3
202100002086,2021-12-21 18:05:00,2021,12,21,18,5,04,04094,RD 82 Le creve coeur,43.773248,5.876076,Nuit sans éclairage public,Hors agglomération,Hors intersection,Normale,Deux véhicules - frontale,3,2,2,0,2,2,1,0,1,80,,3,1,0,2,0,56.0,19.0,,,3,1,1,1,1
202100002087,2021-12-21 15:15:00,2021,12,21,15,15,85,85004,La Petite Lamberde,46.401113,-1.377883,Plein jour,Hors agglomération,Hors intersection,Normale,Sans collision,3,2,2,0,4,4,1,0,3,-1,,1,0,0,1,0,18.0,,,,1,1,1,1,7
202100002088,2021-12-21 09:35:00,2021,12,21,9,35,85,85021,D102,47.045622,-1.257913,Plein jour,Hors agglomération,Hors intersection,Temps éblouissant,Trois véhicules et plus - collisions multiples,3,2,2,0,2,3,1,0,1,80,,3,1,0,0,2,22.0,64.0,,,1,1,1,7,5
202100002089,2021-12-21 07:20:00,2021,12,21,7,20,37,37050,77 Avenue du Grand Sud,47.3411764731,0.7033985853,Nuit avec éclairage allumé,En agglomération,Hors intersection,Neige / grêle,Deux véhicules - côté,7,3,4,0,1,1,7,0,1,50,,3,1,0,0,2,22.0,34.0,,,5,2,1,4,3
202100002090,2021-12-21 14:40:00,2021,12,21,14,40,30,30336,D126,43.879993,4.62842,Plein jour,Hors agglomération,Intersection en X,Normale,Deux véhicules - côté,3,2,2,0,1,1,1,0,1,80,,3,2,0,1,0,91.0,72.0,,,1,1,2,1,3
202100002091,2021-12-17 17:08:00,2021,12,17,17,8,30,30347,D135,43.719784,4.269669,Crépuscule ou aube,Hors agglomération,Hors intersection,Normale,Sans collision,3,2,2,0,1,1,1,0,3,80,,1,0,0,1,0,21.0,,,,2,1,1,1,7
202100002092,2021-12-21 19:40:00,2021,12,21,19,40,77,77100,"Autoroute A5, sens PARIS vers Province PK018.100",48.510302,2.828892,Nuit sans éclairage public,Hors agglomération,Hors intersection,Normale,Deux véhicules - arrière,1,1,3,3,1,1,1,0,1,130,,5,3,0,1,1,23.0,25.0,,,3,1,1,1,2
202100002093,2021-12-22 07:39:00,2021,12,22,7,39,67,67377,"RD120, PR 013.500",48.434337,7.181974,Crépuscule ou aube,Hors agglomération,Hors intersection,Normale,Deux véhicules - frontale,3,2,2,0,2,2,1,0,1,80,,2,0,1,0,1,51.0,49.0,,,2,1,1,1,1
202100002094,2021-12-21 17:30:00,2021,12,21,17,30,49,49292,D106 Lieu Dit le Petit Beauvais ST AUBIN DE LUIGNE106,47.332868,-0.653413,Crépuscule ou aube,Hors agglomération,Intersection en X,Normale,Deux véhicules - frontale,3,2,2,0,2,1,1,0,1,70,,2,1,0,1,0,11.0,58.0,,,2,1,2,1,1
202100002095,2021-12-22 11:30:00,2021,12,22,11,30,36,36202,,46.823332,1.634544,Plein jour,Hors agglomération,Hors intersection,Temps couvert,Autre collision,1,1,1,0,2,4,2,3,1,50,,1,0,0,1,0,24.0,,,,1,1,1,8,6
202100002096,2021-12-21 10:45:00,2021,12,21,10,45,34,34294,autoroute A9 pk 77.000 sens 2 vers Nimes,43.701144,4.114246,Plein jour,Hors agglomération,Hors intersection,Normale,Trois véhicules et plus - collisions multiples,1,2,3,0,1,1,1,0,1,130,,3,1,0,2,0,66.0,57.0,,,1,1,1,1,5
202100002097,2021-12-21 11:15:00,2021,12,21,11,15,987,98729,Haapiti,-17.551511,-149.879737,Plein jour,Hors agglomération,Hors intersection,Normale,Deux véhicules - côté,2,2,2,1,1,3,1,0,1,60,,2,1,0,1,0,30.0,29.0,,,1,1,1,1,3
202100002098,2021-12-22 17:24:00,2021,12,22,17,24,66,66227,D39,42.639436,2.911613,Nuit avec éclairage allumé,En agglomération,Intersection en T,Brouillard / fumée,Deux véhicules - côté,3,2,2,0,4,1,1,0,1,50,,2,1,0,1,0,24.0,67.0,,,5,2,3,5,3
202100002099,2021-12-22 11:00:00,2021,12,22,11,0,13,13100,D99,43.788843,4.850761,Plein jour,Hors agglomération,Hors intersection,Normale,Deux véhicules - arrière,3,2,2,0,1,2,1,0,1,80,,4,3,0,1,0,77.0,51.0,,,1,1,1,1,2
202100002100,2021-12-04 10:30:00,2021,12,4,10,30,68,68117,Rue du Muhlele,48.042448356,7.1728381813,Plein jour,En agglomération,Intersection en T,Normale,Deux véhicules - côté,3,2,2,0,1,1,2,5,1,50,,3,0,0,0,3,32.0,52.0,,,1,2,3,1,3
202100002101,2021-12-21 15:45:00,2021,12,21,15,45,67,67544,D3,49.028541,7.909276,Plein jour,Hors agglomération,Hors intersection,Normale,Autre collision,3,2,2,0,1,1,1,0,3,70,,1,0,0,1,0,41.0,,,,1,1,1,1,6
202100002102,2021-12-21 19:30:00,2021,12,21,19,30,54,54588,aire de stationnement  nationale 333,48.5909864291,6.4212727548,Nuit sans éclairage public,Hors agglomération,Hors intersection,Autre,Sans collision,2,1,1,0,1,1,9,9,1,50,,1,0,0,1,0,35.0,,,,3,1,1,9,7
202100002103,2021-12-21 23:30:00,2021,12,21,23,30,42,42065,Route de Feurs,45.768945,4.245299,Nuit sans éclairage public,Hors agglomération,Hors intersection,Normale,Autre collision,3,2,2,0,1,1,1,0,3,80,,2,1,0,1,0,25.0,,,,3,1,1,1,6
202100002104,2021-12-21 06:40:00,2021,12,21,6,40,69,69052,CHAZAY (DE) (RTE),45.882689,4.707019,Nuit avec éclairage allumé,En agglomération,Hors intersection,Normale,Sans collision,3,2,2,0,1,1,1,0,1,50,,1,0,0,1,0,18.0,,,,5,2,1,1,7
202100002105,2021-12-11 15:30:00,2021,12,11,15,30,86,86137,D61c,47.008538,0.104915,Plein jour,Hors agglomération,Giratoire,Normale,Autre collision,3,2,2,0,1,1,1,5,8,80,,1,0,0,1,0,62.0,,,,1,1,6,1,6
202100002106,2021-12-22 13:45:00,2021,12,22,13,45,64,64315,D802,43.30453,-0.438117,Plein jour,Hors agglomération,Intersection en T,Normale,Deux véhicules - frontale,3,2,3,0,1,1,1,5,1,70,,2,0,0,0,2,43.0,25.0,,,1,1,3,1,1
202100002107,2021-12-22 13:20:00,2021,12,22,13,20,14,14047,D572,49.270839,-0.699005,Plein jour,En agglomération,Hors intersection,Normale,Autre collision,3,2,2,1,2,1,1,0,1,50,,2,1,0,1,0,19.0,,,,1,2,1,1,6
202100002108,2021-12-21 18:20:00,2021,12,21,18,20,29,29042,Lieu Dit Kerbaliou,48.232992,-4.39923,Nuit sans éclairage public,Hors agglomération,Hors intersection,Normale,Sans collision,4,2,2,0,2,2,1,0,1,80,,1,0,0,1,0,14.0,,,,3,1,1,1,7
202100002109,2021-12-22 10:55:00,2021,12,22,10,55,59,59212,Rue de Lille,50.643409,2.729864,Plein jour,En agglomération,Intersection en T,Normale,Deux véhicules - côté,3,2,2,1,1,1,1,5,1,50,,2,1,0,1,0,40.0,70.0,,,1,2,3,1,3
202100002110,2021-12-20 19:38:00,2021,12,20,19,38,13,13071,A55-Sens Martigues vers Marseille,43.37194,5.32041,Nuit sans éclairage public,Hors agglomération,Hors intersection,Normale,Deux véhicules - arrière,1,1,2,0,2,1,7,0,1,90,,4,1,0,0,3,23.0,28.0,,,3,1,1,1,2
202100002111,2021-12-20 12:00:00,2021,12,20,12,0,13,13071,A55 - Sens Marseille vers Martigues,43.36906,5.32502,Plein jour,Hors agglomération,Hors intersection,Normale,Trois véhicules et plus - collisions multiples,1,1,3,0,2,1,1,1,1,90,,1,0,0,0,1,78.0,,,,1,1,1,1,5
202100002112,2021-12-20 07:30:00,2021,12,20,7,30,13,13056,A55-Sens Marseille vers Martigues,43.40347,5.04153,Crépuscule ou aube,Hors agglomération,Hors intersection,Brouillard / fumée,Deux véhicules - côté,1,1,3,0,1,1,7,2,2,70,,3,0,0,0,3,31.0,39.0,,,2,1,1,5,3
202100002113,2021-12-17 11:40:00,2021,12,17,11,40,59,59350,AUTOROUTE A25,50.6161469001,3.069627285,Plein jour,Hors agglomération,Hors intersection,Brouillard / fumée,Trois véhicules et plus - en chaîne,1,-1,8,0,1,1,1,0,1,70,,5,4,0,0,1,28.0,41.0,,,1,1,1,5,4
202100002114,2021-12-20 08:20:00,2021,12,20,8,20,95,95572,RN 184,49.0321236731,2.1058773994,Nuit sans éclairage public,Hors agglomération,Hors intersection,Normale,Autre collision,2,1,1,0,3,3,8,3,1,70,,1,0,0,0,1,21.0,,,,3,1,1,1,6
202100002115,2021-12-20 06:30:00,2021,12,20,6,30,93,93078,AUTOROUTE A104,48.95896,2.53484,Nuit sans éclairage public,Hors agglomération,Hors intersection,Normale,Autre collision,1,3,6,0,1,1,1,0,1,90,,1,0,0,0,1,59.0,,,,3,1,1,1,6
202100002116,2021-12-20 05:00:00,2021,12,20,5,0,93,93053,AUTOROUTE A3,48.8868279964,2.4735063314,Nuit sans éclairage public,Hors agglomération,Hors intersection,Normale,Autre collision,1,3,4,0,1,1,1,0,1,90,,1,0,0,0,1,28.0,,,,3,1,1,1,6
202100002117,2021-12-19 19:00:00,2021,12,19,19,0,974,97411,BOIS DE NEFLES (ROUTE DE),-20.89396,55.47847,Nuit sans éclairage public,En agglomération,Intersection en X,Normale,Deux véhicules - côté,4,2,2,0,1,1,1,9,1,30,,2,1,0,0,1,67.0,,,,3,2,2,1,3
202100002118,2021-12-19 15:10:00,2021,12,19,15,10,974,97411,PECHERS (CHEMIN DES),-20.91067,55.47668,Plein jour,Hors agglomération,Autre intersection,Normale,Deux véhicules - côté,4,2,1,0,2,1,1,9,3,30,,2,0,0,0,2,22.0,,,,1,1,9,1,3
202100002119,2021-12-18 21:40:00,2021,12,18,21,40,974,97407,DOXILE(RUE),-20.94185,55.2961,Nuit sans éclairage public,En agglomération,Hors intersection,Normale,Autre collision,4,1,1,0,1,1,1,0,4,50,,2,1,0,0,1,42.0,,,,3,2,1,1,6
202100002120,2021-12-18 19:00:00,2021,12,18,19,0,973,97302,,4.92716,-52.31971,Nuit avec éclairage allumé,En agglomération,Hors intersection,Normale,Trois véhicules et plus - collisions multiples,3,2,2,0,1,1,1,0,1,50,,4,2,0,0,2,33.0,52.0,,,5,2,1,1,5
202100002121,2021-12-19 01:20:00,2021,12,19,1,20,973,97302,JACARANDAS (CITE),4.9349999048,-52.316267252,Nuit avec éclairage allumé,En agglomération,Hors intersection,Normale,Deux véhicules - frontale,4,2,2,0,1,1,1,0,1,50,,3,1,0,0,2,36.0,38.0,,,5,2,1,1,1
202100002122,2021-12-19 08:15:00,2021,12,19,8,15,69,69389,BEN GOURION   (AV),45.7863111579,4.7864449024,Crépuscule ou aube,En agglomération,Hors intersection,Temps couvert,Autre collision,4,1,1,0,3,2,1,0,4,50,,1,0,0,0,1,39.0,,,,2,2,1,8,6
202100002123,2021-12-18 11:45:00,2021,12,18,11,45,69,69384,JACQUES-LOUIS HENON (R),45.77958,4.82677,Plein jour,En agglomération,Intersection en X,Temps couvert,Deux véhicules - côté,4,2,2,0,1,1,2,0,1,50,,3,2,0,0,1,19.0,46.0,,,1,2,2,8,3
202100002124,2021-12-19 01:25:00,2021,12,19,1,25,91,91667,DE CORBEIL (ROUTE),48.65274,2.33758,Nuit avec éclairage allumé,En agglomération,Hors intersection,Normale,Trois véhicules et plus - en chaîne,3,1,2,0,1,1,1,0,1,50,,4,2,0,0,2,38.0,,,,5,2,1,1,4
202100002125,2021-12-19 19:00:00,2021,12,19,19,0,91,91471,MONTHLERY (ROUTE DE),48.690779,2.181297,Nuit avec éclairage allumé,En agglomération,Hors intersection,Autre,Autre collision,3,2,2,0,2,3,1,0,8,50,,2,0,0,0,2,58.0,,,,5,2,1,9,6
202100002126,2021-12-19 14:00:00,2021,12,19,14,0,91,91312,BELLEVUE (RUE DE),48.738366,2.233941,Plein jour,En agglomération,Intersection en T,Temps couvert,Deux véhicules - côté,4,2,1,0,3,1,1,0,1,50,,2,1,0,1,0,48.0,52.0,,,1,2,3,8,3
202100002127,2021-12-19 14:55:00,2021,12,19,14,55,85,85191,QUATRE VINGT TREIZIEME RI RUE DU,46.668864,-1.423133,Plein jour,En agglomération,Intersection en T,Normale,Deux véhicules - côté,4,2,2,0,2,1,1,0,1,30,,2,1,0,1,0,22.0,45.0,,,1,2,3,1,3
202100002128,2021-12-18 01:50:00,2021,12,18,1,50,81,81065,LYAUTEY (BD.MARECHAL),43.604921,2.255287,Nuit avec éclairage allumé,En agglomération,Hors intersection,Normale,Autre collision,4,2,1,0,2,1,1,0,8,50,,1,0,0,0,1,60.0,,,,5,2,1,1,6
202100002129,2021-12-18 12:00:00,2021,12,18,12,0,80,80001,POINTE (de la),50.1104844625,1.8252278119,Plein jour,En agglomération,Hors intersection,Normale,Deux véhicules - côté,4,2,2,0,1,1,1,0,1,50,,2,1,0,1,0,21.0,15.0,,,1,2,1,1,3
202100002130,2021-12-19 07:20:00,2021,12,19,7,20,76,76484,LECOMTE. RUE GUSTAVE,49.34429,1.09783,Nuit avec éclairage allumé,En agglomération,Intersection en T,Normale,Trois véhicules et plus - collisions multiples,7,2,2,0,1,1,1,0,1,50,,3,2,0,0,1,24.0,22.0,,,5,2,3,1,5
202100002131,2021-12-19 18:40:00,2021,12,19,18,40,69,69266,ANTOINE PRIMAT (R),45.7581868998,4.8940175772,Nuit avec éclairage allumé,En agglomération,Hors intersection,Normale,Deux véhicules - frontale,4,2,2,0,1,1,1,0,1,50,,2,1,0,0,1,53.0,36.0,,,5,2,1,1,1
202100002132,2021-12-19 17:10:00,2021,12,19,17,10,64,64122,Rue Louison Bobet,43.4871892372,-1.5552762151,Crépuscule ou aube,En agglomération,Hors intersection,Normale,Sans collision,4,1,1,0,3,1,1,0,4,30,,1,0,0,0,1,43.0,,,,2,2,1,1,7
202100002133,2021-12-19 19:13:00,2021,12,19,19,13,62,62401,LENS ( ROUTE DE ),50.505293,2.808441,Nuit avec éclairage allumé,En agglomération,Intersection en T,Autre,Deux véhicules - frontale,3,2,2,0,1,1,2,5,1,50,,2,1,1,0,0,41.0,28.0,,,5,2,3,9,1
202100002134,2021-12-19 16:00:00,2021,12,19,16,0,59,59350,NATIONALE RUE N°2 - 178B-1 - 171,50.63524,3.05818,Crépuscule ou aube,En agglomération,Intersection en T,Temps couvert,Autre collision,4,1,1,1,1,1,2,5,1,30,,2,1,0,0,1,,26.0,,,2,2,3,8,6
202100002135,2021-12-19 17:15:00,2021,12,19,17,15,59,59350,JAVARY RUE,50.63262,3.08009,Nuit sans éclairage public,En agglomération,Hors intersection,Pluie légère,Deux véhicules - frontale,4,3,2,0,1,1,2,0,1,50,,2,1,0,0,1,28.0,20.0,,,3,2,1,2,1
202100002136,2021-12-19 03:05:00,2021,12,19,3,5,50,50532,COUPERIE (ROUTE),48.821939,-1.541169,Nuit sans éclairage public,Hors agglomération,Hors intersection,Normale,Sans collision,3,2,0,0,2,3,1,0,8,80,,3,1,0,0,2,19.0,,,,3,1,1,1,7
202100002137,2021-12-19 10:45:00,2021,12,19,10,45,43,43251,46-48 avenue de Vals,45.03561,3.88129,Plein jour,En agglomération,Hors intersection,Autre,Deux véhicules - arrière,3,2,2,0,1,1,1,0,1,50,,3,2,0,0,1,34.0,63.0,,,1,2,1,9,2
202100002138,2021-12-19 07:50:00,2021,12,19,7,50,35,35281,RN136,48.08853,-1.70286,Nuit sans éclairage public,Hors agglomération,Hors intersection,Normale,Deux véhicules - arrière,2,3,4,0,1,1,1,0,1,90,,3,2,0,1,0,29.0,,,,3,1,1,1,2
202100002139,2021-12-19 09:30:00,2021,12,19,9,30,33,33013,Boulevard Feydeau,44.85232,-0.4846,Plein jour,En agglomération,Hors intersection,Normale,Deux véhicules - frontale,4,2,2,0,2,1,7,0,1,50,,2,1,0,0,1,57.0,58.0,,,1,2,1,1,1
202100002140,2021-12-19 09:20:00,2021,12,19,9,20,31,31555,SAINT MICHEL (GRANDE RUE) DU 2AU 175,43.586872,1.446877,Plein jour,En agglomération,Hors intersection,Temps éblouissant,Deux véhicules - arrière,4,2,2,1,1,1,1,0,1,50,,4,2,0,0,2,29.0,50.0,,,1,2,1,7,2
202100002141,2021-12-18 17:10:00,2021,12,18,17,10,30,30243,CYPRES (MONTEE DES),44.09597,4.08009,Plein jour,Hors agglomération,Intersection en X,Normale,Deux véhicules - côté,3,2,2,0,3,1,1,0,1,70,,3,2,1,0,0,55.0,24.0,,,1,1,2,1,3
202100002142,2021-12-19 17:20:00,2021,12,19,17,20,29,29232,Route de Douarnenez,47.9974699,-4.11942,Nuit avec éclairage allumé,Hors agglomération,Intersection en T,Normale,Deux véhicules - côté,3,2,2,0,2,1,1,5,1,50,,2,1,0,0,1,20.0,26.0,,,5,1,3,1,3
202100002143,2021-12-19 14:50:00,2021,12,19,14,50,27,27229,RUGBY (RUE DE),49.00784,1.15618,Plein jour,En agglomération,Hors intersection,Normale,Sans collision,4,-1,0,0,1,1,1,0,4,20,,1,0,0,0,1,30.0,,,,1,2,1,1,7
202100002144,2021-12-19 18:40:00,2021,12,19,18,40,15,15012,SENILHES BAS,44.865,2.44908,Nuit sans éclairage public,Hors agglomération,Hors intersection,Normale,Deux véhicules - arrière,3,2,3,0,2,1,1,0,1,90,,5,3,0,0,2,80.0,41.0,,,3,1,1,1,2
202100002145,2021-12-19 07:35:00,2021,12,19,7,35,14,14715,D74,49.36549,0.10156,Nuit sans éclairage public,En agglomération,Hors intersection,Normale,Deux véhicules - côté,3,2,2,0,2,4,1,0,1,50,,2,0,0,0,2,61.0,43.0,,,3,2,1,1,3
202100002146,2021-12-19 06:05:00,2021,12,19,6,5,13,13206,PRADO (AVENUE DU),43.28535,5.38414,Nuit avec éclairage allumé,En agglomération,Hors intersection,Normale,Deux véhicules - arrière,4,3,3,3,1,1,1,0,1,50,,2,1,0,0,1,25.0,35.0,,,5,2,1,1,2
202100002147,2021-12-18 13:50:00,2021,12,18,13,50,13,13005,PALUDS (Z.I. DES ),43.2910966601,5.5941158522,Plein jour,En agglomération,Hors intersection,Normale,Deux véhicules - côté,4,2,2,0,1,1,1,9,1,30,,2,1,0,0,1,15.0,49.0,,,1,2,1,1,3
202100002148,2021-12-17 17:20:00,2021,12,17,17,20,07,07019,JEAN MATHON (FAUBOURG),44.624862,4.392287,Plein jour,En agglomération,Intersection en T,Normale,Deux véhicules - côté,3,2,2,0,1,1,1,0,1,50,,3,1,0,0,2,16.0,66.0,,,1,2,3,1,3
202100002149,2021-12-19 14:45:00,2021,12,19,14,45,06,06069,NAPOLEON (ROUTE),43.67029,6.90918,Plein jour,Hors agglomération,Hors intersection,Normale,Deux véhicules - côté,3,2,2,0,2,1,1,0,1,80,,2,1,0,1,0,40.0,22.0,,,1,1,1,1,3
202100002150,2021-12-19 14:00:00,2021,12,19,14,0,06,06027,Avenue de la Gare,43.66255,7.149463,Plein jour,En agglomération,Hors intersection,Normale,Autre collision,7,1,2,0,1,3,1,0,1,50,,2,1,0,0,1,94.0,,,,1,2,1,1,6
202100002151,2021-12-14 10:10:00,2021,12,14,10,10,04,04112,Bd des Tilleuls,43.83458,5.78489,Plein jour,En agglomération,Hors intersection,Normale,Deux véhicules - arrière,4,1,2,0,2,1,1,0,1,30,,2,1,0,0,1,47.0,32.0,,,1,2,1,1,2
202100002152,2021-12-18 20:10:00,2021,12,18,20,10,75,75116,PORTE DAUPHINE,48.870483,2.272529,Nuit avec éclairage allumé,En agglomération,Hors intersection,Normale,Deux véhicules - côté,4,1,4,0,1,1,1,0,1,70,,2,1,0,0,1,44.0,51.0,,,5,2,1,1,3
202100002153,2021-12-18 14:40:00,2021,12,18,14,40,75,75119,PORTE DES LILAS,48.87963,2.40716,Plein jour,En agglomération,Hors intersection,Normale,Deux véhicules - arrière,4,-1,4,0,1,1,1,0,1,70,,4,3,0,0,1,26.0,35.0,,,1,2,1,1,2
202100002154,2021-12-18 17:10:00,2021,12,18,17,10,75,75116,AVENUE DU PRESIDENT WILSON,48.864953,2.29589,Crépuscule ou aube,En agglomération,Intersection en T,Normale,Autre collision,4,1,3,3,3,1,2,0,1,50,,2,1,0,0,1,47.0,,,,2,2,3,1,6
202100002155,2021-12-19 02:04:00,2021,12,19,2,4,75,75106,QUAI DE CONTI,48.856431,2.339912,Nuit avec éclairage allumé,En agglomération,Intersection en T,Normale,Autre collision,4,1,3,1,1,1,1,-1,5,30,,1,0,0,0,1,25.0,,,,5,2,3,1,6
202100002156,2021-12-18 19:30:00,2021,12,18,19,30,75,75106,CARREFOUR ODEON,48.851957,2.338648,Nuit avec éclairage allumé,En agglomération,Intersection en Y,Normale,Deux véhicules - arrière,4,2,2,0,1,1,1,0,1,30,,2,1,0,0,1,43.0,29.0,,,5,2,4,1,2
202100002157,2021-12-18 22:20:00,2021,12,18,22,20,94,94028,Rue Juliette Savar,48.77798,2.46672,Nuit avec éclairage allumé,En agglomération,Intersection en X,Normale,Deux véhicules - côté,4,-1,2,0,2,1,1,0,1,50,,3,2,0,1,0,28.0,21.0,,,5,2,2,1,3
202100002158,2021-12-19 12:45:00,2021,12,19,12,45,93,93078,CLEMENCEAU (AVENUE GEORGES),48.95824,2.55829,Plein jour,En agglomération,Intersection en X,Normale,Trois véhicules et plus - collisions multiples,3,2,6,0,1,1,1,5,1,50,,7,3,0,0,4,46.0,21.0,,,1,2,2,1,5
202100002159,2021-12-19 04:50:00,2021,12,19,4,50,93,93073,DEQUET (RUE LOUIS),48.955,2.58101,Nuit avec éclairage allumé,Hors agglomération,Intersection en T,Normale,Deux véhicules - côté,4,2,2,0,1,1,1,0,1,50,,2,0,0,0,2,23.0,29.0,,,5,1,3,1,3
202100002160,2021-12-19 00:30:00,2021,12,19,0,30,93,93031,ALLENDE (AVENUE SALVADOR),48.9546747007,2.3080139534,Nuit avec éclairage allumé,En agglomération,Intersection en X,Normale,Deux véhicules - frontale,3,2,2,0,1,1,1,5,1,50,,2,1,0,0,1,27.0,,,,5,2,2,1,1
202100002161,2021-12-19 21:07:00,2021,12,19,21,7,93,93046,TURGOT,48.9151903591,2.5169872444,Nuit avec éclairage allumé,En agglomération,Giratoire,Normale,Deux véhicules - côté,4,2,2,0,1,1,1,0,1,50,,3,2,0,0,1,58.0,,,,5,2,6,1,3
202100002162,2021-12-19 19:00:00,2021,12,19,19,0,93,93032,GENERAL LECLERC   (RUE DU),48.88487,2.53501,Nuit avec éclairage allumé,En agglomération,Hors intersection,Normale,Trois véhicules et plus - collisions multiples,3,2,2,0,2,1,1,0,1,50,,3,2,0,0,1,,51.0,,,5,2,1,1,5
202100002163,2021-12-19 17:55:00,2021,12,19,17,55,92,92073,JAURES (AVENUE JEAN),48.8625438086,2.2106257081,Nuit avec éclairage allumé,En agglomération,Hors intersection,Normale,Autre collision,3,2,2,0,1,1,1,0,4,50,,1,0,0,0,1,76.0,,,,5,2,1,1,6
202100002164,2021-12-20 18:00:00,2021,12,20,18,0,80,80779,A16,50.10357,1.873062,Nuit sans éclairage public,Hors agglomération,Hors intersection,Normale,Trois véhicules et plus - en chaîne,1,3,4,0,1,1,1,3,1,130,,5,1,0,0,4,19.0,20.0,,,3,1,1,1,4
202100002165,2021-12-16 12:20:00,2021,12,16,12,20,84,84043,Avenue du Clapier,43.993559,4.916516,Plein jour,En agglomération,Hors intersection,Normale,Autre collision,3,3,4,0,1,2,1,0,3,110,,1,0,0,1,0,41.0,,,,1,2,1,1,6
202100002166,2021-12-19 22:05:00,2021,12,19,22,5,972,97207,N5,14.589151,-60.982574,Nuit sans éclairage public,Hors agglomération,Hors intersection,Pluie légère,Sans collision,2,3,4,0,1,1,2,0,3,-1,,2,0,0,1,1,34.0,,,,3,1,1,2,7
202100002167,2021-12-19 19:30:00,2021,12,19,19,30,84,84086,route du plan,43.858699,5.151451,Nuit sans éclairage public,Hors agglomération,Hors intersection,Temps couvert,Autre collision,3,2,2,0,1,1,7,0,1,80,,2,0,2,0,0,43.0,,,,3,1,1,8,6
202100002168,2021-12-21 12:40:00,2021,12,21,12,40,72,72187,Les Gabilles,47.803528,0.322852,Plein jour,Hors agglomération,Hors intersection,Normale,Autre collision,3,2,2,0,1,2,1,0,3,90,,1,0,0,1,0,43.0,,,,1,1,1,1,6
202100002169,2021-12-20 14:10:00,2021,12,20,14,10,44,44129,RD 773 - PR 20+400,47.448225,-2.088545,Plein jour,Hors agglomération,Autre intersection,Normale,Sans collision,3,2,2,0,2,3,1,0,3,50,,1,0,0,0,1,37.0,,,,1,1,9,1,7
202100002170,2021-12-21 11:00:00,2021,12,21,11,0,37,37054,A28 23+900,47.4776518292,0.699987486,Plein jour,Hors agglomération,Hors intersection,Normale,Autre collision,1,3,4,0,1,2,1,2,8,130,,1,0,0,1,0,32.0,,,,1,1,1,1,6