accident_id,datetime,annee,mois,jour,heure,minute,departement,commune_insee,adresse,latitude,longitude,luminosite,agglomeration,intersection,meteo,collision,catr,circ,nbv,vosp,prof,plan,surf,infra,situ,vma,nb_vehicules,nb_usagers,nb_indemnes,nb_tues,nb_blesses_hosp,nb_blesses_legers,age_cond_1,age_cond_2,veh_type_cond_1,veh_type_cond_2,lum_code,agg_code,int_code,atm_code,col_code
202100002171,2021-12-20 14:30:00,2021,12,20,14,30,19,19019,Rue des Esclaviers,44.9784170103,1.8337715864,Plein jour,Hors agglomération,Hors intersection,Temps couvert,Sans collision,3,2,2,0,4,3,7,0,1,90,,2,1,0,0,1,16.0,,,,1,1,1,8,7
202100002172,2021-12-21 15:25:00,2021,12,21,15,25,76,76450,D916,49.415482,1.631706,Plein jour,Hors agglomération,Hors intersection,Normale,Deux véhicules - frontale,3,2,2,0,1,3,1,0,1,80,,2,1,0,1,0,15.0,59.0,,,1,1,1,1,1
202100002173,2021-12-21 12:45:00,2021,12,21,12,45,76,76700,rue guy de maupassant,49.682083,1.047167,Plein jour,En agglomération,Hors intersection,Normale,Sans collision,3,2,2,0,1,1,1,0,1,50,,1,0,0,1,0,17.0,,,,1,2,1,1,7
202100002174,2021-12-21 03:45:00,2021,12,21,3,45,76,76328,D929/D151,49.666593,1.189004,Nuit sans éclairage public,Hors agglomération,Giratoire,Normale,Sans collision,3,2,2,0,1,1,1,5,4,-1,,1,0,0,1,0,33.0,,,,3,1,6,1,7
202100002175,2021-12-17 15:00:00,2021,12,17,15,0,76,76452,Rue André Martin,49.54421,1.073758,Plein jour,En agglomération,Hors intersection,Normale,Autre collision,3,3,1,0,1,1,1,0,1,50,,3,2,0,1,0,51.0,,,,1,2,1,1,6
202100002176,2021-12-21 08:25:00,2021,12,21,8,25,2B,2B050,T30,42.549966,8.782926,Plein jour,Hors agglomération,Giratoire,Normale,Deux véhicules - frontale,2,2,2,0,1,1,1,5,1,70,,3,2,0,0,1,23.0,70.0,,,1,1,6,1,1
202100002177,2021-12-21 14:10:00,2021,12,21,14,10,80,80205,D3,50.001982,2.034925,Plein jour,Hors agglomération,Hors intersection,Normale,Deux véhicules - arrière,3,2,2,0,2,1,1,0,1,80,,2,1,0,1,0,60.0,52.0,,,1,1,1,1,2
202100002178,2021-12-21 09:10:00,2021,12,21,9,10,82,82144,D20,44.167107,1.324486,Crépuscule ou aube,Hors agglomération,Hors intersection,Brouillard / fumée,Autre collision,3,2,2,0,1,1,7,0,3,80,,1,0,0,1,0,61.0,,,,2,1,1,5,6
202100002179,2021-12-21 16:50:00,2021,12,21,16,50,63,63381,RD62,45.846976,2.900458,Plein jour,Hors agglomération,Hors intersection,Normale,Autre collision,3,2,2,0,2,1,1,0,3,80,,1,0,0,1,0,35.0,,,,1,1,1,1,6
202100002180,2021-12-19 18:15:00,2021,12,19,18,15,55,55490,Départementale 102,49.33008,5.303682,Nuit sans éclairage public,Hors agglomération,Hors intersection,Autre,Sans collision,3,2,2,0,2,2,2,0,3,80,,2,0,0,0,2,20.0,,,,3,1,1,9,7
202100002181,2021-12-20 14:35:00,2021,12,20,14,35,42,42043,Chemin de la Cressonniere,45.572074,4.319365,Plein jour,Hors agglomération,Hors intersection,Normale,Deux véhicules - frontale,4,2,1,0,2,3,1,0,1,50,,3,2,0,0,1,30.0,22.0,,,1,1,1,1,1
202100002182,2021-12-21 07:20:00,2021,12,21,7,20,47,47050,Le Sautoul,44.298145,0.753095,Nuit sans éclairage public,Hors agglomération,Hors intersection,Brouillard / fumée,Autre collision,3,2,2,0,1,2,7,0,3,80,,1,0,0,1,0,22.0,,,,3,1,1,5,6
202100002183,2021-12-17 19:35:00,2021,12,17,19,35,34,34142,ROUTE DE MILLAU,43.738449,3.328321,Nuit sans éclairage public,En agglomération,Hors intersection,Normale,Deux véhicules - frontale,3,2,2,0,1,2,1,0,1,50,,2,0,0,1,1,21.0,62.0,,,3,2,1,1,1
202100002184,2021-12-17 17:40:00,2021,12,17,17,40,68,68135,D105,47.582243,7.514445,Nuit sans éclairage public,Hors agglomération,Hors intersection,Normale,Deux véhicules - côté,3,2,2,0,3,2,1,0,1,90,,2,1,0,0,1,65.0,77.0,,,3,1,1,1,3
202100002185,2021-12-20 17:40:00,2021,12,20,17,40,68,68068,10 Rue de Bâle,47.629885,7.120057,Nuit avec éclairage allumé,En agglomération,Hors intersection,Normale,Autre collision,3,2,2,0,1,1,1,0,1,50,,2,1,0,0,1,22.0,,,,5,2,1,1,6
202100002186,2021-12-20 17:20:00,2021,12,20,17,20,39,39101,,47.091821,5.42922,Nuit sans éclairage public,Hors agglomération,Hors intersection,Normale,Sans collision,3,2,2,0,2,2,1,0,3,80,,1,0,0,1,0,51.0,,,,3,1,1,1,7
202100002187,2021-12-21 14:20:00,2021,12,21,14,20,39,39370,15 Rue de la République,46.976363,5.800708,Plein jour,En agglomération,Hors intersection,Normale,Autre collision,3,2,2,0,2,1,1,0,4,30,,1,0,1,0,0,73.0,,,,1,2,1,1,6
202100002188,2021-12-21 07:10:00,2021,12,21,7,10,35,35069,Les Garettes,48.057322,-1.460534,Nuit sans éclairage public,Hors agglomération,Hors intersection,Normale,Deux véhicules - frontale,3,-1,2,0,1,1,1,0,1,80,,2,1,0,1,0,54.0,19.0,,,3,1,1,1,1
202100002189,2021-12-21 17:50:00,2021,12,21,17,50,29,29206,D29 intersection Pont Ar Toul,48.5914737094,-4.218914509,Nuit sans éclairage public,Hors agglomération,Intersection en T,Normale,Autre collision,3,2,2,0,1,1,1,0,3,80,,1,0,1,0,0,31.0,,,,3,1,3,1,6
202100002190,2021-12-21 13:30:00,2021,12,21,13,30,02,02511,D13,49.900922,3.458143,Plein jour,Hors agglomération,Intersection en X,Normale,Deux véhicules - côté,3,2,2,0,4,1,1,0,1,70,,5,1,2,2,0,30.0,40.0,,,1,1,2,1,3
202100002191,2021-12-18 22:10:00,2021,12,18,22,10,58,58035,cd958,47.065883,3.443978,Nuit sans éclairage public,Hors agglomération,Hors intersection,Normale,Deux véhicules - côté,3,2,2,0,1,1,7,0,3,80,,2,1,0,1,0,49.0,,,,3,1,1,1,3
202100002192,2021-12-21 07:55:00,2021,12,21,7,55,64,64213,D918,43.340778,-1.443361,Crépuscule ou aube,En agglomération,Intersection en X,Normale,Deux véhicules - frontale,3,2,1,0,2,1,1,0,1,50,,2,1,0,1,0,55.0,79.0,,,2,2,2,1,1
202100002193,2021-12-18 16:25:00,2021,12,18,16,25,43,43222,Belmont,45.1696635842,3.4363496304,Plein jour,Hors agglomération,Autre intersection,Normale,Deux véhicules - frontale,4,2,2,0,2,1,2,9,8,-1,,2,1,0,1,0,69.0,56.0,,,1,1,9,1,1
202100002194,2021-12-21 17:30:00,2021,12,21,17,30,10,10153,1 Route de Soligny,48.468849,3.504837,Crépuscule ou aube,En agglomération,Hors intersection,Normale,Deux véhicules - côté,3,2,2,0,1,1,1,0,1,50,,2,1,0,0,1,28.0,16.0,,,2,2,1,1,3
202100002195,2021-12-20 18:20:00,2021,12,20,18,20,53,53185,Le Pre du Berry (Saint-Samson),48.473078,-0.195222,Nuit sans éclairage public,Hors agglomération,Hors intersection,Normale,Deux véhicules - côté,3,2,2,0,2,1,1,0,1,80,,2,1,0,1,0,19.0,80.0,,,3,1,1,1,3
202100002196,2021-12-21 12:15:00,2021,12,21,12,15,53,53267,Route de Chammes,48.044765,-0.473399,Plein jour,Hors agglomération,Intersection en T,Normale,Deux véhicules - côté,3,2,2,0,1,1,1,0,1,70,,2,1,1,0,0,46.0,68.0,,,1,1,3,1,3
202100002197,2021-12-20 12:35:00,2021,12,20,12,35,24,24189,Le Lardot (Ruisseau),44.869295,0.18629,Plein jour,Hors agglomération,Intersection en X,Normale,Deux véhicules - côté,3,2,2,0,2,1,1,0,1,70,,2,1,0,1,0,13.0,25.0,,,1,1,2,1,3
202100002198,2021-12-19 15:00:00,2021,12,19,15,0,13,13009,D17,43.596632,5.232947,Plein jour,Hors agglomération,Hors intersection,Normale,Autre collision,7,2,2,0,1,2,1,2,8,80,,2,1,0,1,0,80.0,,,,1,1,1,1,6
202100002199,2021-12-20 21:15:00,2021,12,20,21,15,987,98747,PK 60 TARAVAO,-17.72713,-149.314713,Nuit avec éclairage allumé,En agglomération,Intersection en T,Normale,Deux véhicules - côté,2,2,2,0,1,1,1,0,1,50,,2,1,0,1,0,21.0,46.0,,,5,2,3,1,3
202100002200,2021-12-21 07:00:00,2021,12,21,7,0,34,34068,D128,43.5136422708,3.4625912724,Crépuscule ou aube,Hors agglomération,Hors intersection,Brouillard / fumée,Sans collision,3,2,2,0,1,3,2,2,1,80,,1,0,0,0,1,18.0,,,,2,1,1,5,7
202100002201,2021-12-20 19:10:00,2021,12,20,19,10,89,89453,Avenue de la Puisaye,47.779943,3.491131,Crépuscule ou aube,Hors agglomération,Hors intersection,Normale,Trois véhicules et plus - collisions multiples,3,2,2,0,1,1,1,0,1,80,,3,1,0,2,0,46.0,30.0,,,2,1,1,1,5
202100002202,2021-12-21 12:15:00,2021,12,21,12,15,88,88196,30 Rue Charles de Gaulle,48.069809,6.875678,Plein jour,En agglomération,Hors intersection,Normale,Autre collision,3,1,1,0,1,1,1,0,1,20,,3,2,0,1,0,57.0,,,,1,2,1,1,6
202100002203,2021-12-20 12:30:00,2021,12,20,12,30,88,88028,D11,48.153046,6.558001,Plein jour,Hors agglomération,Hors intersection,Normale,Trois véhicules et plus - collisions multiples,3,2,2,0,2,1,1,0,1,90,,7,1,0,1,5,31.0,34.0,,,1,1,1,1,5
202100002204,2021-12-20 21:00:00,2021,12,20,21,0,74,74250,Route des Gorges du Borne,46.035169,6.383851,Nuit sans éclairage public,Hors agglomération,Hors intersection,Normale,Deux véhicules - frontale,3,2,2,0,2,2,1,0,1,80,,2,1,0,1,0,39.0,48.0,,,3,1,1,1,1
202100002205,2021-12-21 06:45:00,2021,12,21,6,45,38,38557,D302,45.76664,5.075319,Nuit sans éclairage public,En agglomération,Giratoire,Normale,Deux véhicules - côté,3,3,4,0,1,1,1,0,1,90,,2,1,0,0,1,30.0,22.0,,,3,2,6,1,3
202100002206,2021-12-21 15:15:00,2021,12,21,15,15,81,81099,RD 922,43.94837,1.910033,Plein jour,Hors agglomération,Hors intersection,Normale,Autre collision,3,2,2,0,2,1,1,0,3,80,,2,0,1,0,1,83.0,,,,1,1,1,1,6
202100002207,2021-12-20 11:30:00,2021,12,20,11,30,09,09282,Route de Toulouse,43.239134,1.572901,Plein jour,En agglomération,Hors intersection,Normale,Autre collision,3,2,2,0,1,1,1,6,1,50,,2,1,0,1,0,83.0,,,,1,2,1,1,6
202100002208,2021-11-09 19:30:00,2021,11,9,19,30,44,44026,Rue Léonard de Vinci,47.300871,-1.500455,Nuit avec éclairage allumé,En agglomération,Giratoire,Normale,Sans collision,7,2,2,0,2,1,1,9,1,50,,1,0,0,1,0,30.0,,,,5,2,6,1,7
202100002209,2021-12-19 13:20:00,2021,12,19,13,20,50,50564,Rue du Mesnil,49.260261,-1.276324,Plein jour,Hors agglomération,Hors intersection,Normale,Autre collision,3,2,2,0,1,1,1,0,3,80,,1,0,0,1,0,38.0,,,,1,1,1,1,6
202100002210,2021-12-21 17:25:00,2021,12,21,17,25,60,60116,D12,49.31738,2.331972,Nuit avec éclairage allumé,En agglomération,Hors intersection,Normale,Autre collision,3,2,2,0,1,1,1,0,1,50,,2,1,0,0,1,70.0,,,,5,2,1,1,6
202100002211,2021-12-18 14:44:00,2021,12,18,14,44,13,13071,A51-Sens Marseille vers Aix en Provence,43.409318,5.363857,Plein jour,Hors agglomération,Hors intersection,Normale,Trois véhicules et plus - collisions multiples,1,-1,3,0,1,1,1,0,1,90,,7,4,0,1,2,33.0,36.0,,,1,1,1,1,5
202100002212,2021-12-19 05:45:00,2021,12,19,5,45,13,13026,A55-Sens Marseille vers Martigues,43.38111,5.15908,Nuit sans éclairage public,Hors agglomération,Hors intersection,Normale,Deux véhicules - arrière,1,1,2,0,1,1,1,0,1,110,,4,3,0,0,1,24.0,56.0,,,3,1,1,1,2
202100002213,2021-12-04 08:00:00,2021,12,4,8,0,69,69288,A43   13.029 A 15.971,45.6719231142,5.0430679321,Plein jour,Hors agglomération,Hors intersection,Pluie forte,Deux véhicules - arrière,1,3,9,0,1,1,2,0,1,130,,2,1,0,0,1,25.0,30.0,,,1,1,1,3,2
202100002214,2021-12-19 18:15:00,2021,12,19,18,15,33,33063,ROCADE A 630,44.882907,-0.552659,Nuit avec éclairage allumé,Hors agglomération,Hors intersection,Normale,Deux véhicules - arrière,1,3,6,1,2,1,1,0,1,70,,3,2,0,0,1,54.0,21.0,,,5,1,1,1,2
202100002215,2021-12-19 14:55:00,2021,12,19,14,55,94,94038,AUTOROUTE A6A,48.7752,2.3461,Plein jour,Hors agglomération,Hors intersection,Normale,Trois véhicules et plus - en chaîne,1,1,3,0,1,1,1,0,1,90,,3,1,0,0,2,74.0,43.0,,,1,1,1,1,4
202100002216,2021-12-19 12:00:00,2021,12,19,12,0,95,95527,AUTOROUTE A3,48.9867417235,2.5046253204,Plein jour,Hors agglomération,Hors intersection,Normale,Deux véhicules - arrière,1,1,4,0,1,1,1,0,2,90,,2,1,0,0,1,19.0,54.0,,,1,1,1,1,2
202100002217,2021-12-19 00:15:00,2021,12,19,0,15,93,93066,AUTOROUTE A1,48.9063669548,2.3584127426,Nuit avec éclairage allumé,Hors agglomération,Hors intersection,Normale,Deux véhicules - arrière,1,3,4,0,1,1,1,1,1,90,,3,2,0,0,1,26.0,21.0,,,5,1,1,1,2
202100002218,2021-12-19 22:05:00,2021,12,19,22,5,95,95306,AUTOROUTE A15,49.00838,2.15933,Nuit sans éclairage public,Hors agglomération,Hors intersection,Normale,Deux véhicules - arrière,1,3,6,0,1,1,1,0,1,110,,4,3,0,0,1,28.0,28.0,,,3,1,1,1,2
202100002219,2021-12-17 18:00:00,2021,12,17,18,0,93,93066,AUTOROUTE A86,48.922545,2.353057,Nuit sans éclairage public,Hors agglomération,Hors intersection,Normale,Deux véhicules - côté,1,3,5,0,1,1,1,0,1,90,,3,2,0,1,0,21.0,22.0,,,3,1,1,1,3
202100002220,2021-12-19 18:25:00,2021,12,19,18,25,77,77390,RN104,48.8043928926,2.6278429314,Nuit sans éclairage public,Hors agglomération,Hors intersection,Normale,Deux véhicules - arrière,2,-1,3,0,2,1,1,0,1,90,,2,1,0,0,1,23.0,52.0,,,3,1,1,1,2
202100002221,2021-12-19 15:50:00,2021,12,19,15,50,94,94042,A4,48.8285410714,2.4757609509,Plein jour,Hors agglomération,Hors intersection,Normale,Deux véhicules - arrière,1,3,8,0,1,1,1,0,1,90,,2,1,0,0,1,41.0,25.0,,,1,1,1,1,2
202100002222,2021-12-19 01:10:00,2021,12,19,1,10,974,97416,RN1 (ROUTE NATIONALE),-21.30449,55.42804,Nuit sans éclairage public,Hors agglomération,Hors intersection,Normale,Deux véhicules - frontale,2,1,2,0,1,1,1,0,1,110,,2,1,0,0,1,37.0,22.0,,,3,1,1,1,1
202100002223,2021-12-18 22:05:00,2021,12,18,22,5,974,97416,HUBERT DE LISLE(BOULEVARD),-21.34317,55.46697,Nuit avec éclairage allumé,En agglomération,Hors intersection,Normale,Deux véhicules - arrière,4,2,1,1,1,1,1,0,1,50,,3,2,0,0,1,45.0,27.0,,,5,2,1,1,2
202100002224,2021-12-18 01:00:00,2021,12,18,1,0,973,97302,ROUTE NATIONALE 1,4.9312543573,-52.3297893405,Nuit avec éclairage allumé,En agglomération,Giratoire,Normale,Deux véhicules - arrière,2,1,2,0,1,1,1,0,1,90,,3,2,0,0,1,28.0,24.0,,,5,2,6,1,2
202100002225,2021-12-18 23:20:00,2021,12,18,23,20,69,69199,CARNOT (R),45.7080348416,4.8605798185,Nuit avec éclairage allumé,En agglomération,Hors intersection,Normale,Deux véhicules - arrière,4,2,2,2,1,1,1,0,5,50,,3,2,0,0,1,36.0,,,,5,2,1,1,2
202100002226,2021-12-18 14:20:00,2021,12,18,14,20,972,97209,AUTOROUTE (A1),14.615215,-61.045263,Plein jour,En agglomération,Hors intersection,Normale,Deux véhicules - arrière,1,3,2,0,2,1,1,0,1,90,,3,1,0,0,2,,51.0,,,1,2,1,1,2
202100002227,2021-12-13 20:00:00,2021,12,13,20,0,69,69389,ABBE PIERRE  (DE L') (PL),45.78651,4.79514,Crépuscule ou aube,En agglomération,Intersection en X,Normale,Deux véhicules - frontale,4,2,2,3,2,1,1,0,1,50,,3,2,0,0,1,18.0,49.0,,,2,2,2,1,1
202100002228,2021-12-18 03:00:00,2021,12,18,3,0,69,69034,FRANCOIS PEISSEL (R),45.7946886428,4.840400219,Nuit avec éclairage allumé,En agglomération,Intersection en T,Normale,Deux véhicules - frontale,4,2,2,1,1,1,1,0,1,50,,2,1,0,0,1,49.0,22.0,,,5,2,3,1,1
202100002229,2021-12-19 01:20:00,2021,12,19,1,20,2B,2B033,FAVALE - COURS,42.69362,9.45054,Nuit avec éclairage allumé,En agglomération,Hors intersection,Normale,Autre collision,4,2,2,0,2,1,1,0,1,50,,1,0,0,0,1,19.0,,,,5,2,1,1,6
202100002230,2021-12-18 18:40:00,2021,12,18,18,40,95,95555,FOCH (BOULEVARD DU MARECHAL),48.96524,2.28342,Crépuscule ou aube,En agglomération,Giratoire,Normale,Deux véhicules - arrière,3,2,2,0,1,1,1,0,1,50,,3,2,0,0,1,19.0,58.0,,,2,2,6,1,2
202100002231,2021-12-18 11:30:00,2021,12,18,11,30,91,91425,PL DU MARCHE,48.639714,2.271011,Plein jour,En agglomération,Hors intersection,Normale,Autre collision,6,-1,0,0,1,1,1,9,8,50,,2,1,0,0,1,54.0,,,,1,2,1,1,6
202100002232,2021-12-18 16:40:00,2021,12,18,16,40,91,91687,AMEDEE GORDINI (PLACE),48.66177,2.37538,Crépuscule ou aube,En agglomération,Giratoire,Temps éblouissant,Autre collision,3,1,2,0,1,1,1,5,1,50,,2,1,0,0,1,24.0,,,,2,2,6,7,6
202100002233,2021-12-10 11:55:00,2021,12,10,11,55,83,83129,Rue de la Bouillibaye,43.0933040969,5.8330723643,Plein jour,En agglomération,Hors intersection,Normale,Autre collision,4,2,1,0,1,1,1,0,1,30,,2,1,0,1,0,73.0,,,,1,2,1,1,6
202100002234,2021-12-18 19:45:00,2021,12,18,19,45,81,81065,NAVES RD 85 (RTE),43.58781,2.23326,Nuit sans éclairage public,Hors agglomération,Hors intersection,Normale,Deux véhicules - côté,3,2,2,0,2,1,1,0,1,70,,3,1,0,1,1,22.0,16.0,,,3,1,1,1,3
202100002235,2021-12-18 15:00:00,2021,12,18,15,0,76,76497,CORDONNIER. BOULEVARD,49.383916,1.015887,Plein jour,Hors agglomération,Intersection en X,Normale,Deux véhicules - côté,4,2,2,0,1,1,1,0,1,50,,2,0,0,0,2,58.0,18.0,,,1,1,2,1,3
202100002236,2021-12-18 17:30:00,2021,12,18,17,30,71,71076,MONNOT (AVENUE),46.7884741079,4.8601578765,Crépuscule ou aube,En agglomération,Hors intersection,Normale,Deux véhicules - côté,4,2,2,2,1,1,1,0,1,50,,2,1,0,1,0,53.0,18.0,,,2,2,1,1,3
202100002237,2021-12-18 09:50:00,2021,12,18,9,50,64,64445,Allée Catherine de Bourbon,43.3189763542,-0.3599672019,Plein jour,En agglomération,Autre intersection,Normale,Deux véhicules - côté,4,1,2,1,1,1,1,0,1,50,,2,1,1,0,0,23.0,92.0,,,1,2,9,1,3
202100002238,2021-12-18 20:05:00,2021,12,18,20,5,62,62737,PRINCE (RUE DU ),50.445476,2.692004,Nuit sans éclairage public,En agglomération,Intersection en X,Brouillard / fumée,Deux véhicules - côté,3,2,2,0,1,1,2,0,1,50,,2,0,0,0,2,16.0,34.0,,,3,2,2,5,3
202100002239,2021-12-18 15:25:00,2021,12,18,15,25,56,56121,BRETAGNE (ROND-POINT DE),47.76005,-3.36585,Plein jour,En agglomération,Giratoire,Normale,Deux véhicules - côté,4,1,1,0,2,1,1,5,1,30,,3,2,0,0,1,17.0,,,,1,2,6,1,3
202100002240,2021-12-17 17:35:00,2021,12,17,17,35,51,51493,Route de Châlons,49.221867097,4.117821157,Nuit sans éclairage public,Hors agglomération,Hors intersection,Normale,Deux véhicules - arrière,3,1,2,0,1,1,1,0,1,90,,3,2,0,0,1,33.0,36.0,,,3,1,1,1,2
202100002241,2021-12-14 18:25:00,2021,12,14,18,25,51,51663,Avenue Alfred Anatole Thevenet,49.0554,3.96481,Nuit avec éclairage non allumé,En agglomération,Hors intersection,Normale,Deux véhicules - côté,3,1,1,0,1,1,1,0,1,50,,2,1,0,0,1,57.0,22.0,,,4,2,1,1,3
202100002242,2021-12-18 14:50:00,2021,12,18,14,50,45,45285,BEAUHAIRE (RUE CHARLES),47.90977,1.88174,Plein jour,En agglomération,Hors intersection,Normale,Trois véhicules et plus - collisions multiples,7,2,2,0,1,1,1,0,1,50,,4,3,0,0,1,35.0,38.0,,,1,2,1,1,5
202100002243,2021-12-18 21:50:00,2021,12,18,21,50,43,43002,Avenue de Bonneville,45.05073,3.88242,Nuit avec éclairage allumé,En agglomération,Hors intersection,Brouillard / fumée,Autre collision,3,1,1,0,1,1,7,5,3,50,,2,0,0,0,2,25.0,,,,5,2,1,5,6
202100002244,2021-12-18 16:30:00,2021,12,18,16,30,43,43157,88 (ROUTE NATIONALE),45.01384,3.88881,Plein jour,Hors agglomération,Hors intersection,Temps éblouissant,Deux véhicules - arrière,2,1,4,0,3,1,1,0,1,110,,6,0,0,1,5,44.0,18.0,,,1,1,1,7,2
202100002245,2021-12-18 07:15:00,2021,12,18,7,15,42,42170,Route du Beaujolais,46.03741,4.11889,Nuit avec éclairage allumé,En agglomération,Hors intersection,Pluie légère,Autre collision,3,2,2,0,1,3,2,0,3,50,,1,0,0,1,0,26.0,,,,5,2,1,2,6
202100002246,2021-12-18 13:30:00,2021,12,18,13,30,37,37261,PASCAL (RUE BLAISE),47.3835805674,0.6960976124,Plein jour,En agglomération,Intersection en X,Normale,Autre collision,4,2,1,2,1,1,1,5,1,50,,2,1,0,0,1,50.0,,,,1,2,2,1,6
202100002247,2021-12-18 21:45:00,2021,12,18,21,45,35,35238,RN136,48.09859,-1.71377,Nuit sans éclairage public,En agglomération,Hors intersection,Normale,Autre collision,2,3,6,0,1,1,1,9,8,90,,1,0,0,1,0,19.0,,,,3,2,1,1,6
202100002248,2021-12-18 14:30:00,2021,12,18,14,30,35,35055,D173,48.07756,-1.63151,Plein jour,Hors agglomération,Giratoire,Normale,Trois véhicules et plus - en chaîne,7,3,4,0,1,1,1,0,1,80,,3,2,0,0,1,40.0,54.0,,,1,1,6,1,4
202100002249,2021-12-18 14:20:00,2021,12,18,14,20,35,35238,Avenue des Pays-Bas,48.08933,-1.65977,Plein jour,En agglomération,Hors intersection,Normale,Autre collision,6,-1,0,0,1,1,1,0,1,30,,2,1,0,0,1,49.0,,,,1,2,1,1,6
202100002250,2021-12-18 04:45:00,2021,12,18,4,45,35,35055,Rue des Loges,48.08746,-1.62578,Nuit avec éclairage non allumé,En agglomération,Autre intersection,Normale,Autre collision,4,-1,3,0,1,1,1,0,1,50,,1,0,0,0,1,24.0,,,,4,2,9,1,6
202100002251,2021-12-18 19:40:00,2021,12,18,19,40,31,31555,MINIMES (AV DES) DU 1AU 178,43.6186431033,1.4364563674,Nuit avec éclairage allumé,En agglomération,Hors intersection,Normale,Deux véhicules - côté,7,3,2,0,1,1,1,0,1,50,,2,1,0,1,0,24.0,28.0,,,5,2,1,1,3
202100002252,2021-12-18 11:35:00,2021,12,18,11,35,30,30007,CROUPILLAC (RUE ET IMPASSE),44.13257,4.1054,Plein jour,En agglomération,Autre intersection,Normale,Deux véhicules - côté,4,2,2,0,2,3,1,9,1,50,,2,1,0,0,1,35.0,33.0,,,1,2,9,1,3
202100002253,2021-12-17 17:00:00,2021,12,17,17,0,15,15014,PLOMB DU CANTAL (AVENUE DU),44.9127,2.4347,Plein jour,En agglomération,Hors intersection,Normale,Autre collision,2,3,4,0,2,1,1,0,1,50,,2,1,0,1,0,56.0,,,,1,2,1,1,6
202100002254,2021-12-18 18:15:00,2021,12,18,18,15,14,14101,D675,49.16642,-0.41392,Nuit avec éclairage allumé,En agglomération,Hors intersection,Normale,Autre collision,3,2,2,0,1,1,1,0,1,50,,2,1,0,1,0,22.0,,,,5,2,1,1,6
202100002255,2021-12-18 17:30:00,2021,12,18,17,30,13,13210,ADRIENNE RANC-SAKAKINI (rue),43.27533,5.43706,Plein jour,En agglomération,Hors intersection,Normale,Deux véhicules - frontale,4,2,2,0,2,1,1,0,1,50,,2,1,0,1,0,61.0,36.0,,,1,2,1,1,1
202100002256,2021-12-18 19:15:00,2021,12,18,19,15,13,13047,BATTAGE IMPASSE DU,43.49997,4.97918,Nuit avec éclairage allumé,En agglomération,Hors intersection,Normale,Deux véhicules - côté,6,-1,0,0,1,2,1,0,8,20,,2,1,0,0,1,47.0,,,,5,2,1,1,3
202100002257,2021-12-17 18:15:00,2021,12,17,18,15,13,13042,GEMENOS (ROUTE DE CD2),43.2973882516,5.6229558672,Nuit avec éclairage allumé,En agglomération,Intersection en Y,Normale,Deux véhicules - côté,4,2,2,0,1,1,1,0,1,50,,2,1,0,0,1,50.0,,,,5,2,4,1,3
202100002258,2021-12-17 17:06:00,2021,12,17,17,6,11,11069,MINERVOISE -ROUTE-,43.22317,2.36012,Crépuscule ou aube,En agglomération,Intersection en T,Normale,Deux véhicules - côté,3,2,2,0,1,1,1,0,1,50,,3,0,0,0,3,70.0,29.0,,,2,2,3,1,3
202100002259,2021-12-18 07:39:00,2021,12,18,7,39,10,10387,LUCIEN MOREL PAYEN (RUE),48.3059,4.0926,Nuit avec éclairage allumé,En agglomération,Intersection en T,Normale,Autre collision,4,2,3,0,1,3,1,0,1,50,,2,1,0,0,1,48.0,,,,5,2,3,1,6
202100002260,2021-12-17 17:45:00,2021,12,17,17,45,09,09207,20 (R.N.) COTE SUD DU TUNNEL,42.941696,1.623226,Nuit avec éclairage allumé,En agglomération,Hors intersection,Normale,Deux véhicules - arrière,2,-1,2,0,1,1,1,0,1,80,,4,3,0,0,1,33.0,38.0,,,5,2,1,1,2
202100002261,2021-12-17 08:10:00,2021,12,17,8,10,07,07102,LANGUEDOC (Rue du),44.92623,4.86812,Plein jour,En agglomération,Hors intersection,Normale,Autre collision,4,2,1,0,1,1,1,0,1,50,,2,1,0,0,1,22.0,,,,1,2,1,1,6
202100002262,2021-12-17 12:00:00,2021,12,17,12,0,07,07019,INDUSTRIE (RUE DE L'),44.61866,4.3893,Plein jour,En agglomération,Hors intersection,Normale,Autre collision,4,2,1,0,1,1,1,0,1,50,,2,1,0,0,1,50.0,,,,1,2,1,1,6
202100002263,2021-12-17 14:45:00,2021,12,17,14,45,75,75114,PORTE D ORLEANS,48.820532,2.323112,Plein jour,En agglomération,Intersection en Y,Normale,Deux véhicules - côté,4,1,3,0,1,1,1,0,1,70,,2,1,0,0,1,28.0,50.0,,,1,2,4,1,3
202100002264,2021-12-17 13:15:00,2021,12,17,13,15,75,75113,PORTE D IVRY,48.821206,2.37789,Plein jour,En agglomération,Hors intersection,Normale,Trois véhicules et plus - collisions multiples,4,1,4,0,1,1,1,0,1,70,,4,3,0,0,1,36.0,27.0,,,1,2,1,1,5