accident_id,datetime,annee,mois,jour,heure,minute,departement,commune_insee,adresse,latitude,longitude,luminosite,agglomeration,intersection,meteo,collision,catr,circ,nbv,vosp,prof,plan,surf,infra,situ,vma,nb_vehicules,nb_usagers,nb_indemnes,nb_tues,nb_blesses_hosp,nb_blesses_legers,age_cond_1,age_cond_2,veh_type_cond_1,veh_type_cond_2,lum_code,agg_code,int_code,atm_code,col_code
202100002265,2021-12-18 12:45:00,2021,12,18,12,45,75,75119,BOULEVARD DE LA VILLETTE,48.874382,2.374501,Plein jour,En agglomération,Intersection en T,Normale,Deux véhicules - côté,4,3,2,1,1,1,1,-1,5,30,,2,1,0,0,1,,53.0,,,1,2,3,1,3
202100002266,2021-12-18 06:20:00,2021,12,18,6,20,75,75109,BOULEVARD DE CLICHY,48.882338,2.336961,Nuit avec éclairage allumé,En agglomération,Place,Normale,Autre collision,4,3,4,3,1,1,1,0,1,30,,2,1,0,0,1,,,,,5,2,7,1,6
202100002267,2021-12-18 17:30:00,2021,12,18,17,30,75,75108,BOULEVARD MALESHERBES,48.8801,2.313474,Nuit avec éclairage allumé,En agglomération,Intersection en T,Normale,Deux véhicules - arrière,4,-1,3,2,1,1,1,0,1,50,,2,1,0,0,1,25.0,37.0,,,5,2,3,1,2
202100002268,2021-12-18 13:50:00,2021,12,18,13,50,75,75117,RUE DE COURCELLES,48.889023,2.293272,Plein jour,En agglomération,Hors intersection,Normale,Deux véhicules - côté,4,2,2,0,1,1,1,0,1,30,,2,1,0,0,1,34.0,32.0,,,1,2,1,1,3
202100002269,2021-12-18 14:00:00,2021,12,18,14,0,75,75116,AVENUE KLEBER,48.86853,2.29119,Plein jour,En agglomération,Hors intersection,Normale,Autre collision,4,2,3,3,1,1,1,0,1,30,,2,1,0,0,1,35.0,,,,1,2,1,1,6
202100002270,2021-12-18 10:30:00,2021,12,18,10,30,75,75115,BOULEVARD LEFEBVRE,48.838167,2.270661,Plein jour,En agglomération,Intersection en X,Normale,Deux véhicules - côté,4,2,0,0,1,1,1,0,1,30,,2,1,0,0,1,37.0,55.0,,,1,2,2,1,3
202100002271,2021-12-17 13:33:00,2021,12,17,13,33,75,75114,RUE DU MONTPARNASSE,48.841698,2.325248,Plein jour,En agglomération,Hors intersection,Normale,Sans collision,4,1,1,0,2,1,1,0,1,30,,1,0,0,0,1,90.0,,,,1,2,1,1,7
202100002272,2021-12-18 01:05:00,2021,12,18,1,5,75,75111,RUE DU FAUBOURG SAINT ANTOINE,48.851292,2.376134,Nuit avec éclairage allumé,En agglomération,Intersection en X,Normale,Trois véhicules et plus - collisions multiples,4,2,4,1,1,1,1,0,1,30,,4,2,0,1,1,81.0,,,,5,2,2,1,5
202100002273,2021-12-18 09:45:00,2021,12,18,9,45,75,75110,AVENUE PARMENTIER,48.870374,2.370763,Plein jour,En agglomération,Hors intersection,Normale,Autre collision,4,2,2,0,1,1,1,0,1,30,,2,1,0,0,1,24.0,,,,1,2,1,1,6
202100002274,2021-12-17 17:15:00,2021,12,17,17,15,75,75108,PONT ALEXANDRE III,48.864667,2.313663,Nuit avec éclairage allumé,En agglomération,Intersection en X,Normale,Deux véhicules - côté,4,2,6,1,1,1,1,2,1,30,,3,2,0,0,1,31.0,32.0,,,5,2,2,1,3
202100002275,2021-12-18 11:40:00,2021,12,18,11,40,94,94042,Boulevard de Polangis,48.82595,2.47658,Plein jour,En agglomération,Intersection en X,Normale,Deux véhicules - côté,4,2,2,0,1,1,1,0,1,30,,2,1,0,0,1,71.0,25.0,,,1,2,2,1,3
202100002276,2021-12-18 10:25:00,2021,12,18,10,25,94,94052,Rue Paul Bert,48.8399,2.48108,Plein jour,En agglomération,Hors intersection,Normale,Autre collision,4,1,1,0,1,1,1,0,1,30,,2,1,0,0,1,36.0,,,,1,2,1,1,6
202100002277,2021-12-18 19:20:00,2021,12,18,19,20,94,94046,Rue Jean Jaurès,48.79327,2.43435,Nuit avec éclairage allumé,En agglomération,Hors intersection,Normale,Deux véhicules - côté,3,2,5,0,1,1,1,0,1,50,,2,1,0,0,1,34.0,49.0,,,5,2,1,1,3
202100002278,2021-12-18 17:30:00,2021,12,18,17,30,94,94016,LEON BLUM (AV),48.78681,2.33729,Nuit avec éclairage allumé,En agglomération,Intersection en X,Normale,Deux véhicules - côté,3,2,1,0,2,1,1,0,1,50,,3,2,0,0,1,63.0,46.0,,,5,2,2,1,3
202100002279,2021-12-17 14:30:00,2021,12,17,14,30,94,94028,Rue Henri Doucet,48.77893,2.47065,Plein jour,En agglomération,Intersection en T,Normale,Deux véhicules - frontale,4,2,3,0,1,1,1,0,1,30,,2,0,0,0,2,35.0,22.0,,,1,2,3,1,1
202100002280,2021-12-18 09:25:00,2021,12,18,9,25,94,94071,Rue de Brévannes,48.76416,2.512693,Plein jour,En agglomération,Giratoire,Normale,Deux véhicules - côté,3,2,1,0,1,1,1,0,1,50,,2,1,0,0,1,58.0,25.0,,,1,2,6,1,3
202100002281,2021-12-18 20:22:00,2021,12,18,20,22,93,93066,POULIES (PLACE),48.9381803624,2.3605839001,Nuit avec éclairage allumé,En agglomération,Hors intersection,Normale,Autre collision,4,3,1,0,3,2,1,1,1,30,,2,1,0,0,1,55.0,,,,5,2,1,1,6
202100002282,2021-12-17 22:25:00,2021,12,17,22,25,93,93064,QUATRIEME ZOUAVES (RUE DU),48.8731270106,2.4807107449,Nuit avec éclairage allumé,En agglomération,Hors intersection,Normale,Autre collision,3,1,2,0,3,2,1,9,1,50,,1,0,0,0,1,39.0,,,,5,2,1,1,6
202100002283,2021-12-17 08:05:00,2021,12,17,8,5,93,93046,GALILEE ALLEE,48.9152111089,2.5169804692,Crépuscule ou aube,En agglomération,Giratoire,Normale,Deux véhicules - côté,4,2,2,0,1,1,1,0,1,50,,2,1,0,0,1,25.0,46.0,,,2,2,6,1,3
202100002284,2021-12-18 20:48:00,2021,12,18,20,48,93,93007,GEORGES GUYNEMER (AVENUE),48.94637,2.4423,Nuit avec éclairage non allumé,En agglomération,Intersection en X,Normale,Deux véhicules - côté,4,2,4,0,1,1,1,0,1,50,,2,1,0,1,0,30.0,32.0,,,4,2,2,1,3
202100002285,2021-12-18 10:00:00,2021,12,18,10,0,93,93001,REPUBLIQUE (AVE DE LA ) 43/106 =>,48.90435,2.39135,Plein jour,En agglomération,Hors intersection,Normale,Autre collision,3,2,2,0,1,1,1,0,1,50,,2,1,0,0,1,33.0,,,,1,2,1,1,6
202100002286,2021-12-18 21:00:00,2021,12,18,21,0,92,92046,PIERRE BROSSOLETTE (AVENUE),48.8219941739,2.3135957122,Nuit avec éclairage allumé,En agglomération,Hors intersection,Normale,Autre collision,3,3,6,2,1,1,1,0,1,50,,2,1,0,0,1,54.0,,,,5,2,1,1,6
202100002287,2021-12-18 20:40:00,2021,12,18,20,40,92,92050,JOFFRE MARECHAL AVENUE DU,48.8853710265,2.1958816051,Nuit avec éclairage allumé,En agglomération,Intersection en X,Normale,Autre collision,3,2,4,0,1,1,1,0,1,50,,2,1,0,0,1,27.0,,,,5,2,2,1,6
202100002288,2021-12-18 14:30:00,2021,12,18,14,30,92,92048,REPUBLIQUE (RUE DE LA) N° 1 A 45,48.8075235098,2.2360342741,Plein jour,En agglomération,Hors intersection,Normale,Autre collision,3,2,4,0,1,1,1,0,1,50,,2,1,0,0,1,55.0,,,,1,2,1,1,6
202100002289,2021-12-18 13:55:00,2021,12,18,13,55,92,92040,Quai du Président Roosevelt,48.83140548,2.262095958,Plein jour,En agglomération,Hors intersection,Normale,Autre collision,3,2,0,0,1,1,1,0,1,50,,1,0,0,0,1,32.0,,,,1,2,1,1,6
202100002290,2021-12-18 00:15:00,2021,12,18,0,15,92,92026,BAUDIN,48.8951210105,2.2500769794,Nuit avec éclairage allumé,En agglomération,Intersection en X,Normale,Deux véhicules - côté,3,-1,1,0,1,1,1,5,1,50,,4,3,0,0,1,27.0,26.0,,,5,2,2,1,3
202100002291,2021-12-18 17:35:00,2021,12,18,17,35,92,92012,PIERRE GRENIER (AVENUE),48.82647,2.24917,Crépuscule ou aube,En agglomération,Hors intersection,Normale,Deux véhicules - côté,4,2,2,1,1,1,1,0,1,50,,2,1,0,0,1,29.0,61.0,,,2,2,1,1,3
202100002292,2021-12-18 15:00:00,2021,12,18,15,0,92,92012,CHARLES DE GAULLE (AVENUE) COTE IMPAIR,48.84715,2.23692,Plein jour,En agglomération,Hors intersection,Normale,Sans collision,4,2,2,0,1,1,1,0,1,50,,1,0,0,0,1,27.0,,,,1,2,1,1,7
202100002293,2021-12-18 11:20:00,2021,12,18,11,20,92,92012,LONGS PRES (RUE DES),48.83148,2.24694,Plein jour,En agglomération,Intersection en X,Normale,Deux véhicules - côté,4,1,1,0,1,1,1,0,1,50,,2,1,0,0,1,19.0,40.0,,,1,2,2,1,3
202100002294,2021-12-18 07:20:00,2021,12,18,7,20,92,92012,REPUBLIQUE (BOULEVARD DE LA) 5/77BIS - 6,48.8320806769,2.2530716658,Nuit avec éclairage allumé,En agglomération,Intersection en X,Normale,Deux véhicules - côté,3,-1,2,0,1,1,1,0,1,50,,2,1,0,0,1,49.0,40.0,,,5,2,2,1,3
202100002295,2021-12-18 19:10:00,2021,12,18,19,10,92,92007,BUTTES (RUE DES),48.7955403686,2.3142541945,Nuit avec éclairage allumé,En agglomération,Intersection en T,Normale,Autre collision,4,2,2,0,1,1,1,9,1,50,,2,1,0,0,1,22.0,,,,5,2,3,1,6
202100002296,2021-12-18 08:17:00,2021,12,18,8,17,92,92007,BRIAND (AVENUE ARISTIDE) N° 162 A 300,48.7938597095,2.320856452,Crépuscule ou aube,En agglomération,Hors intersection,Normale,Deux véhicules - arrière,3,1,4,0,1,1,2,0,1,50,,4,3,0,0,1,,,,,2,2,1,1,2
202100002297,2021-12-18 09:00:00,2021,12,18,9,0,92,92007,FABIEN (RUE DU COLONEL),48.8075270428,2.3172569275,Plein jour,En agglomération,Hors intersection,Normale,Autre collision,4,1,1,0,1,1,2,0,1,30,,2,1,0,0,1,25.0,,,,1,2,1,1,6
202100002298,2021-12-19 14:20:00,2021,12,19,14,20,11,11115,D118,43.355188,2.273719,Plein jour,Hors agglomération,Hors intersection,Normale,Sans collision,3,2,2,0,2,1,1,0,3,-1,,1,0,0,1,0,72.0,,,,1,1,1,1,7
202100002299,2021-12-19 20:00:00,2021,12,19,20,0,08,08343,D8043,49.67514,5.095236,Nuit sans éclairage public,Hors agglomération,Hors intersection,Normale,Deux véhicules - arrière,3,2,2,0,1,1,1,0,1,80,,6,5,0,1,0,35.0,48.0,,,3,1,1,1,2
202100002300,2021-12-18 00:50:00,2021,12,18,0,50,36,36068,,47.206581,1.751646,Nuit avec éclairage allumé,En agglomération,Hors intersection,Normale,Autre collision,3,2,2,0,1,1,1,0,3,50,,1,0,0,1,0,34.0,,,,5,2,1,1,6
202100002301,2021-12-20 08:00:00,2021,12,20,8,0,81,81014,Route de Saint Pons,43.564258,2.563619,Crépuscule ou aube,En agglomération,Hors intersection,Normale,Autre collision,3,3,2,0,1,1,1,0,1,50,,2,1,0,1,0,57.0,,,,2,2,1,1,6
202100002302,2021-12-20 06:00:00,2021,12,20,6,0,972,97225,D10,14.760773,-61.189213,Crépuscule ou aube,En agglomération,Hors intersection,Normale,Autre collision,3,-1,2,0,1,1,2,0,1,50,,2,1,1,0,0,30.0,,,,2,2,1,1,6
202100002303,2021-12-19 23:10:00,2021,12,19,23,10,50,50407,,48.635809,-1.341169,Nuit sans éclairage public,Hors agglomération,Hors intersection,Normale,Deux véhicules - arrière,2,3,4,0,1,1,1,0,1,130,,4,2,0,1,1,65.0,31.0,,,3,1,1,1,2
202100002304,2021-12-19 17:25:00,2021,12,19,17,25,14,14579,A84,49.050351,-0.718062,Crépuscule ou aube,Hors agglomération,Hors intersection,Normale,Autre collision,1,3,4,0,3,3,1,0,3,130,,1,0,0,0,1,69.0,,,,2,1,1,1,6
202100002305,2021-12-19 12:10:00,2021,12,19,12,10,31,31157,Rue de la Vieille Église,43.532865,1.343508,Plein jour,En agglomération,Intersection en X,Normale,Deux véhicules - côté,7,2,2,0,1,1,1,8,1,50,,2,1,0,1,0,39.0,31.0,,,1,2,2,1,3
202100002306,2021-12-20 08:00:00,2021,12,20,8,0,82,82113,"""Clairette""",44.169792,1.376011,Nuit sans éclairage public,Hors agglomération,Hors intersection,Brouillard / fumée,Autre collision,3,2,2,0,4,3,7,0,3,80,,1,0,0,1,0,45.0,,,,3,1,1,5,6
202100002307,2021-12-15 22:45:00,2021,12,15,22,45,63,63178,avenue de la gare,45.5440347638,3.253518194,Nuit avec éclairage allumé,En agglomération,Intersection en T,Brouillard / fumée,Sans collision,3,2,1,0,1,3,2,0,1,50,,1,0,0,1,0,43.0,,,,5,2,3,5,7
202100002308,2021-12-20 07:05:00,2021,12,20,7,5,49,49215,D347,47.113824,-0.122792,Nuit sans éclairage public,Hors agglomération,Intersection en X,Normale,Deux véhicules - côté,3,2,2,0,1,1,1,5,1,80,,2,1,0,1,0,47.0,26.0,,,3,1,2,1,3
202100002309,2021-12-20 02:30:00,2021,12,20,2,30,49,49373,Rue du Lys,47.161948,-0.547433,Nuit sans éclairage public,En agglomération,Hors intersection,Normale,Autre collision,9,2,2,0,1,1,1,0,8,50,,4,1,0,2,1,16.0,,,,3,2,1,1,6
202100002310,2021-12-18 11:50:00,2021,12,18,11,50,42,42208,Lieu Dit les Maladières,45.544283,4.460852,Plein jour,Hors agglomération,Intersection en Y,Brouillard / fumée,Deux véhicules - frontale,7,2,1,0,4,4,2,0,1,80,,2,0,0,1,1,63.0,54.0,,,1,1,4,5,1
202100002311,2021-12-20 05:40:00,2021,12,20,5,40,68,68092,Willerhof,47.529678,7.389131,Nuit sans éclairage public,Hors agglomération,Hors intersection,Autre,Autre collision,3,3,2,0,1,1,7,0,3,80,,1,0,1,0,0,54.0,,,,3,1,1,9,6
202100002312,2021-12-19 19:50:00,2021,12,19,19,50,39,39171,,46.670693,5.451804,Nuit sans éclairage public,Hors agglomération,Hors intersection,Pluie légère,Deux véhicules - frontale,3,2,2,0,1,1,2,0,1,90,,3,0,0,0,3,23.0,22.0,,,3,1,1,2,1
202100002313,2021-12-17 15:00:00,2021,12,17,15,0,44,44048,D723,47.357476,-1.325129,Plein jour,Hors agglomération,Hors intersection,Normale,Sans collision,3,2,3,0,1,1,1,0,3,80,,1,0,1,0,0,25.0,,,,1,1,1,1,7
202100002314,2021-12-03 18:00:00,2021,12,3,18,0,35,35188,Boulevard de la Duchesse Anne,48.14141,-1.963801,Nuit avec éclairage allumé,En agglomération,Hors intersection,Pluie légère,Autre collision,3,2,2,0,1,2,2,0,1,50,,2,1,0,1,0,22.0,,,,5,2,1,2,6
202100002315,2021-12-20 10:30:00,2021,12,20,10,30,29,29195,D52 - Lieu Dit Enez Kadeg,48.5982573219,-4.4672083855,Plein jour,Hors agglomération,Hors intersection,Temps couvert,Autre collision,3,-1,2,0,1,1,1,0,3,80,,1,0,0,0,1,54.0,,,,1,1,1,8,6
202100002316,2021-12-11 09:45:00,2021,12,11,9,45,84,84070,Route de Blauvac,44.033274,5.173048,Plein jour,En agglomération,Hors intersection,Normale,Deux véhicules - côté,3,2,2,0,1,1,1,0,1,50,,2,1,0,0,1,16.0,84.0,,,1,2,1,1,3
202100002317,2021-12-17 15:45:00,2021,12,17,15,45,60,60129,D598,49.515386,3.020188,Plein jour,En agglomération,Intersection en X,Normale,Deux véhicules - arrière,3,2,2,0,1,1,1,0,1,-1,,2,1,0,1,0,60.0,75.0,,,1,2,2,1,2
202100002318,2021-12-19 14:55:00,2021,12,19,14,55,53,53272,Rd20 PK6+600,48.407903,-0.225585,Plein jour,Hors agglomération,Hors intersection,Temps couvert,Sans collision,3,2,2,0,1,1,1,0,1,80,,1,0,0,0,1,21.0,,,,1,1,1,8,7
202100002319,2021-12-18 18:15:00,2021,12,18,18,15,27,27226,Route de Doudeauville,49.314002,1.603725,Plein jour,Hors agglomération,Intersection en T,Normale,Deux véhicules - côté,3,2,2,0,1,1,1,0,1,80,,2,1,0,1,0,21.0,27.0,,,1,1,3,1,3
202100002320,2021-12-19 10:00:00,2021,12,19,10,0,23,23151,D54,46.083248,2.220297,Plein jour,Hors agglomération,Hors intersection,Brouillard / fumée,Autre collision,3,2,2,0,1,3,2,0,1,90,,3,2,0,1,0,20.0,25.0,,,1,1,1,5,6
202100002321,2021-12-18 17:00:00,2021,12,18,17,0,37,37167,1 Avenue de la Liberation,47.5466425758,0.5467884243,Crépuscule ou aube,En agglomération,Hors intersection,Normale,Autre collision,3,2,2,0,1,1,1,0,4,50,,2,1,0,1,0,71.0,,,,2,2,1,1,6
202100002322,2021-12-19 19:30:00,2021,12,19,19,30,69,69112,A89 - PK 538.000,45.82216,4.688201,Nuit sans éclairage public,Hors agglomération,Hors intersection,Brouillard / fumée,Deux véhicules - côté,1,3,4,0,1,1,1,3,1,110,,5,0,0,0,5,31.0,30.0,,,3,1,1,5,3
202100002323,2021-12-17 07:50:00,2021,12,17,7,50,57,57468,A4,48.777008,7.234626,Crépuscule ou aube,Hors agglomération,Hors intersection,Temps couvert,Autre collision,1,1,4,0,1,1,1,0,1,130,,1,0,0,0,1,25.0,,,,2,1,1,8,6
202100002324,2021-12-20 16:30:00,2021,12,20,16,30,976,97616,Plage de Mtsanga Beach,-12.884003,45.130677,Plein jour,Hors agglomération,Hors intersection,Normale,Deux véhicules - côté,3,2,2,0,2,3,1,0,8,70,,3,0,2,0,1,16.0,,,,1,1,1,1,3
202100002325,2021-12-17 06:20:00,2021,12,17,6,20,27,27701,Autoroute A.13 (PK 098.500),49.248927,1.176052,Nuit sans éclairage public,Hors agglomération,Hors intersection,Normale,Trois véhicules et plus - collisions multiples,1,3,3,0,2,1,1,0,1,130,,5,4,0,0,1,27.0,66.0,,,3,1,1,1,5
202100002326,2021-02-19 14:00:00,2021,2,19,14,0,978,97801,route de Sandy Ground,18.058023,-63.102896,Plein jour,En agglomération,Hors intersection,Normale,Deux véhicules - côté,3,2,2,0,1,1,1,0,1,50,,2,1,0,0,1,63.0,30.0,,,1,2,1,1,3
202100002327,2021-12-18 23:30:00,2021,12,18,23,30,78,78601,N10,48.617194,1.831348,Nuit sans éclairage public,Hors agglomération,Hors intersection,Normale,Deux véhicules - arrière,2,3,0,0,1,1,1,0,1,90,,3,2,0,1,0,19.0,63.0,,,3,1,1,1,2
202100002328,2021-12-19 09:50:00,2021,12,19,9,50,66,66088,Rue du Riberal,42.6777555974,2.632920742,Plein jour,En agglomération,Giratoire,Normale,Deux véhicules - arrière,3,1,1,0,1,2,1,9,1,50,,2,1,0,1,0,35.0,,,,1,2,6,1,2
202100002329,2021-11-23 18:00:00,2021,11,23,18,0,11,11285,RD 6009,43.096784,2.947426,Nuit sans éclairage public,Hors agglomération,Hors intersection,Pluie forte,Trois véhicules et plus - collisions multiples,3,2,2,0,1,1,2,0,1,-1,,3,2,0,1,0,44.0,55.0,,,3,1,1,3,5
202100002330,2021-12-20 16:15:00,2021,12,20,16,15,05,05065,Rn 94,44.660667,6.604692,Plein jour,Hors agglomération,Hors intersection,Normale,Deux véhicules - frontale,2,2,2,0,1,1,1,0,1,80,,3,1,1,1,0,53.0,22.0,,,1,1,1,1,1
202100002331,2021-12-20 14:10:00,2021,12,20,14,10,05,05021,Plateau des Grès,44.396696,5.73644,Plein jour,Hors agglomération,Intersection en T,Normale,Trois véhicules et plus - en chaîne,3,2,2,0,1,1,1,5,1,90,,7,6,0,0,1,19.0,31.0,,,1,1,3,1,4
202100002332,2021-12-19 17:13:00,2021,12,19,17,13,13,13086,Route Saint Vincent,43.3577,5.609958,Crépuscule ou aube,Hors agglomération,Hors intersection,Autre,Deux véhicules - frontale,7,2,2,0,1,3,9,0,1,80,,3,0,0,2,1,52.0,21.0,,,2,1,1,9,1
202100002333,2021-12-19 17:40:00,2021,12,19,17,40,13,13096,D570,43.575665,4.429207,Nuit sans éclairage public,Hors agglomération,Hors intersection,Normale,Deux véhicules - frontale,3,2,2,0,1,1,1,0,1,80,,2,1,1,0,0,56.0,21.0,,,3,1,1,1,1
202100002334,2021-12-20 18:45:00,2021,12,20,18,45,63,63204,"D2, route de pont du chateau",45.7982849841,3.2050654292,Nuit sans éclairage public,Hors agglomération,Hors intersection,Pluie légère,Autre collision,3,2,2,0,2,3,2,0,3,80,,3,0,0,3,0,38.0,,,,3,1,1,2,6
202100002335,2021-12-20 14:00:00,2021,12,20,14,0,38,38170,Les Quatre Seterées,45.251495,5.656326,Plein jour,En agglomération,Hors intersection,Normale,Deux véhicules - côté,9,2,2,0,1,1,1,0,1,50,,2,1,0,1,0,36.0,65.0,,,1,2,1,1,3
202100002336,2021-12-17 17:20:00,2021,12,17,17,20,31,31486,D15,43.425037,1.280197,Crépuscule ou aube,Hors agglomération,Intersection en X,Normale,Deux véhicules - frontale,3,2,2,0,1,1,1,0,1,50,,2,1,0,1,0,52.0,21.0,,,2,1,2,1,1
202100002337,2021-12-17 19:57:00,2021,12,17,19,57,33,33535,Avenue de Senailhac,44.859696,-0.470513,Nuit sans éclairage public,Hors agglomération,Autre intersection,Normale,Deux véhicules - frontale,3,2,2,0,2,1,1,0,1,80,,2,0,0,0,2,56.0,22.0,,,3,1,9,1,1
202100002338,2021-12-17 10:30:00,2021,12,17,10,30,22,22162,Rue Raymond Pellier,48.777400177,-3.0431377892,Plein jour,En agglomération,Autre intersection,Temps éblouissant,Autre collision,3,2,2,0,1,1,1,0,1,50,,2,1,0,0,1,77.0,,,,1,2,9,7,6
202100002339,2021-12-19 20:25:00,2021,12,19,20,25,27,27410,N13,49.012851,1.282246,Nuit sans éclairage public,Hors agglomération,Intersection en T,Normale,Deux véhicules - côté,2,2,3,0,1,1,1,0,1,90,,3,0,0,1,2,24.0,29.0,,,3,1,3,1,3
202100002340,2021-12-20 15:10:00,2021,12,20,15,10,60,60002,rue du moulin,49.3550574484,2.1487498282,Plein jour,Hors agglomération,Hors intersection,Normale,Sans collision,4,2,2,0,1,1,1,0,3,80,,1,0,0,0,1,15.0,,,,1,1,1,1,7
202100002341,2021-12-17 15:41:00,2021,12,17,15,41,13,13019,A51-Sens Marseille vers Aix en Provence,43.4244075473,5.3755434254,Plein jour,Hors agglomération,Hors intersection,Normale,Deux véhicules - côté,1,-1,4,0,1,1,1,0,1,90,,2,1,0,0,1,,53.0,,,1,1,1,1,3
202100002342,2021-12-16 22:45:00,2021,12,16,22,45,69,69271,RN346  34.850 A 36.215,45.7533986234,4.9855399132,Nuit avec éclairage allumé,Hors agglomération,Hors intersection,Normale,Deux véhicules - arrière,2,3,4,0,1,1,2,0,1,90,,2,1,0,0,1,56.0,30.0,,,5,1,1,1,2
202100002343,2021-12-18 15:12:00,2021,12,18,15,12,91,91161,AUTOROUTE A6,48.70936,2.30705,Plein jour,Hors agglomération,Hors intersection,Normale,Trois véhicules et plus - en chaîne,1,3,3,0,1,1,1,0,1,110,,4,3,0,0,1,48.0,68.0,,,1,1,1,1,4
202100002344,2021-12-18 16:10:00,2021,12,18,16,10,91,91560,RN 104,48.6571,2.179,Plein jour,Hors agglomération,Hors intersection,Normale,Trois véhicules et plus - en chaîne,2,1,2,0,2,2,1,0,1,70,,3,1,0,0,2,48.0,47.0,,,1,1,1,1,4
202100002345,2021-12-17 19:55:00,2021,12,17,19,55,77,77251,AUTOROUTE A5A,48.6261729017,2.5390565473,Nuit sans éclairage public,Hors agglomération,Hors intersection,Normale,Autre collision,1,1,2,0,1,2,1,0,1,90,,1,0,0,0,1,42.0,,,,3,1,1,1,6
202100002346,2021-12-18 18:00:00,2021,12,18,18,0,78,78206,A13,48.95324,1.94044,Nuit sans éclairage public,Hors agglomération,Hors intersection,Normale,Deux véhicules - arrière,1,1,3,0,1,1,1,0,1,130,,3,1,0,0,2,,23.0,,,3,1,1,1,2
202100002347,2021-12-17 22:35:00,2021,12,17,22,35,92,92064,A13,48.8395693208,2.2020814717,Nuit avec éclairage allumé,Hors agglomération,Hors intersection,Normale,Deux véhicules - côté,1,1,3,0,1,1,1,0,1,90,,2,1,0,0,1,45.0,56.0,,,5,1,1,1,3
202100002348,2021-12-17 20:55:00,2021,12,17,20,55,93,93053,AUTOROUTE A3,48.8958375835,2.4707170752,Nuit sans éclairage public,Hors agglomération,Hors intersection,Normale,Trois véhicules et plus - collisions multiples,1,3,10,0,1,1,1,0,1,70,,3,2,0,0,1,25.0,28.0,,,3,1,1,1,5
202100002349,2021-12-18 13:40:00,2021,12,18,13,40,93,93005,AUTOROUTE A3,48.9314117644,2.4811711212,Plein jour,Hors agglomération,Hors intersection,Normale,Deux véhicules - côté,1,3,6,0,1,1,1,0,1,90,,2,1,0,0,1,51.0,30.0,,,1,1,1,1,3
202100002350,2021-12-18 01:40:00,2021,12,18,1,40,95,95028,RN 104,49.06219,2.36198,Nuit sans éclairage public,Hors agglomération,Hors intersection,Normale,Deux véhicules - arrière,2,3,4,0,1,1,1,0,1,110,,2,1,0,0,1,38.0,24.0,,,3,1,1,1,2
202100002351,2021-12-18 14:40:00,2021,12,18,14,40,75,75112,A4,48.8209487395,2.4616080523,Plein jour,Hors agglomération,Hors intersection,Normale,Deux véhicules - arrière,1,-1,4,0,1,2,1,0,1,90,,2,1,0,0,1,22.0,32.0,,,1,1,1,1,2
202100002352,2021-12-18 12:40:00,2021,12,18,12,40,94,94028,A86 EXT,48.8029982078,2.4483847618,Plein jour,Hors agglomération,Hors intersection,Normale,Deux véhicules - arrière,1,1,4,0,1,1,1,0,1,90,,2,1,0,0,1,33.0,40.0,,,1,1,1,1,2
202100002353,2021-12-18 07:00:00,2021,12,18,7,0,77,77294,A104,48.9539340089,2.6275581551,Nuit sans éclairage public,Hors agglomération,Hors intersection,Normale,Deux véhicules - arrière,1,1,2,0,1,1,1,0,2,90,,2,1,0,0,1,48.0,21.0,,,3,1,1,1,2
202100002354,2021-12-18 02:35:00,2021,12,18,2,35,93,93051,A4,48.8355,2.5644,Nuit sans éclairage public,Hors agglomération,Hors intersection,Normale,Autre collision,1,3,4,0,1,1,1,0,1,110,,2,1,0,0,1,25.0,30.0,,,3,1,1,1,6
202100002355,2021-12-18 01:15:00,2021,12,18,1,15,77,77121,A104,48.8356202476,2.6652586257,Nuit sans éclairage public,Hors agglomération,Hors intersection,Normale,Autre collision,1,1,-1,0,1,3,1,0,1,90,,2,1,0,0,1,28.0,19.0,,,3,1,1,1,6
202100002356,2021-10-16 23:00:00,2021,10,16,23,0,78,78190,PONTS (RUE DES),48.87202,2.13775,Nuit avec éclairage allumé,En agglomération,Giratoire,Normale,Deux véhicules - côté,3,2,7,0,4,1,1,5,1,50,,11,4,0,0,7,48.0,36.0,,,5,2,6,1,3
202100002357,2021-09-08 11:45:00,2021,9,8,11,45,86,86053,3 Rue de Champs Doré,46.703245,0.158215,Plein jour,En agglomération,Hors intersection,Pluie légère,Autre collision,3,2,2,0,1,1,2,0,3,50,,2,1,0,1,0,51.0,,,,1,2,1,2,6
202100002358,2021-12-16 20:20:00,2021,12,16,20,20,987,98736,PAUL BERNIERE (RUE),-17.5419,-149.55287,Nuit avec éclairage allumé,Hors agglomération,Hors intersection,Normale,Sans collision,4,2,2,0,1,1,1,9,1,30,,1,0,0,1,0,35.0,,,,5,1,1,1,7