accident_id,datetime,annee,mois,jour,heure,minute,departement,commune_insee,adresse,latitude,longitude,luminosite,agglomeration,intersection,meteo,collision,catr,circ,nbv,vosp,prof,plan,surf,infra,situ,vma,nb_vehicules,nb_usagers,nb_indemnes,nb_tues,nb_blesses_hosp,nb_blesses_legers,age_cond_1,age_cond_2,veh_type_cond_1,veh_type_cond_2,lum_code,agg_code,int_code,atm_code,col_code
202100002359,2021-12-15 13:35:00,2021,12,15,13,35,974,97411,AUBER (RUE JULES),-20.879784041,55.4531335829,Plein jour,En agglomération,Hors intersection,Normale,Deux véhicules - côté,4,1,1,0,2,1,1,0,4,30,,2,1,0,0,1,34.0,13.0,,,1,2,1,1,3
202100002360,2021-12-17 08:54:00,2021,12,17,8,54,973,97302,GALMOT (AVENUE),4.9309368903,-52.3296863437,Plein jour,En agglomération,Hors intersection,Normale,Deux véhicules - arrière,2,1,2,0,1,1,1,9,1,50,,4,3,0,0,1,63.0,61.0,,,1,2,1,1,2
202100002361,2021-12-17 14:15:00,2021,12,17,14,15,69,69388,ETERNITE (DE L') (R),45.7408929899,4.8585158587,Plein jour,En agglomération,Passage à niveau,Normale,Deux véhicules - côté,4,1,1,0,1,1,1,4,6,30,,3,2,0,0,1,54.0,70.0,,,1,2,8,1,3
202100002362,2021-12-17 15:50:00,2021,12,17,15,50,69,69388,PROFESSEUR BEAUVISAGE (DU) (R),45.72814191,4.8636804521,Plein jour,En agglomération,Hors intersection,Normale,Deux véhicules - côté,4,2,2,0,1,1,1,0,4,30,,2,1,0,0,1,38.0,29.0,,,1,2,1,1,3
202100002363,2021-12-17 14:05:00,2021,12,17,14,5,69,69383,ALBERT THOMAS (CR),45.7444330685,4.8745749146,Plein jour,En agglomération,Intersection en X,Normale,Deux véhicules - frontale,4,1,2,3,1,1,1,0,6,50,,2,1,0,0,1,19.0,46.0,,,1,2,2,1,1
202100002364,2021-12-17 08:50:00,2021,12,17,8,50,69,69199,ANATOLE FRANCE (R),45.7108442523,4.8530763388,Plein jour,En agglomération,Autre intersection,Normale,Deux véhicules - frontale,4,1,1,2,1,1,1,0,1,30,,2,1,0,0,1,21.0,41.0,,,1,2,9,1,1
202100002365,2021-12-17 12:00:00,2021,12,17,12,0,972,97209,EMILE ZOLA (RUE),14.61001,-61.07069,Plein jour,En agglomération,Intersection en X,Normale,Autre collision,4,1,1,0,1,1,1,0,1,30,,2,1,0,0,1,,,,,1,2,2,1,6
202100002366,2021-12-16 21:41:00,2021,12,16,21,41,972,97209,MOUTTE (ROUTE DE),14.61885,-61.05593,Nuit avec éclairage allumé,En agglomération,Hors intersection,Normale,Autre collision,3,2,2,0,2,1,1,0,1,30,,2,0,1,1,0,15.0,,,,5,2,1,1,6
202100002367,2021-12-17 12:00:00,2021,12,17,12,0,69,69382,EMILE ZOLA (R),45.7589,4.83266,Plein jour,En agglomération,Hors intersection,Normale,Autre collision,4,1,1,0,1,1,1,0,1,30,,2,1,0,0,1,23.0,,,,1,2,1,1,6
202100002368,2021-12-17 09:00:00,2021,12,17,9,0,69,69385,ROMAIN ROLLAND (Q),45.76115,4.82856,Plein jour,En agglomération,Hors intersection,Normale,Deux véhicules - côté,4,1,3,1,2,1,1,0,5,50,,2,1,0,0,1,34.0,16.0,,,1,2,1,1,3
202100002369,2021-12-17 03:20:00,2021,12,17,3,20,69,69149,GRAND REVOYET (DU) (CHM),45.7068435255,4.8027259111,Nuit avec éclairage allumé,En agglomération,Hors intersection,Normale,Autre collision,4,2,2,0,1,2,2,0,4,50,,4,0,0,2,2,20.0,,,,5,2,1,1,6
202100002370,2021-12-16 12:50:00,2021,12,16,12,50,69,69389,SAINT-CYR (DE) (R),45.78847,4.80806,Plein jour,En agglomération,Hors intersection,Pluie légère,Deux véhicules - côté,4,2,3,3,1,1,2,0,1,50,,2,1,0,1,0,,20.0,,,1,2,1,2,3
202100002371,2021-12-17 20:35:00,2021,12,17,20,35,2B,2B033,ROUTE ROYALE,42.676144,9.438485,Nuit avec éclairage allumé,En agglomération,Intersection en X,Normale,Deux véhicules - côté,3,2,2,1,1,1,1,5,1,50,,2,1,0,1,0,45.0,52.0,,,5,2,2,1,3
202100002372,2021-12-17 21:15:00,2021,12,17,21,15,2B,2B033,CAPITAINE THEN,42.6732724737,9.4371881582,Nuit avec éclairage allumé,En agglomération,Intersection en Y,Normale,Deux véhicules - côté,3,2,0,0,1,1,2,0,1,50,,3,2,0,0,1,17.0,24.0,,,5,2,4,1,3
202100002373,2021-12-17 15:00:00,2021,12,17,15,0,2B,2B037,TOUTES RUES,42.6136,9.4377,Plein jour,Hors agglomération,Hors intersection,Normale,Trois véhicules et plus - collisions multiples,2,3,4,0,1,1,1,0,1,110,,4,1,0,0,3,74.0,28.0,,,1,1,1,1,5
202100002374,2021-12-17 08:08:00,2021,12,17,8,8,95,95019,PAPIN DENIS (AVENUE),48.9923457444,2.4133819342,Plein jour,En agglomération,Hors intersection,Normale,Autre collision,4,2,2,0,1,1,1,0,1,50,,2,1,0,0,1,,,,,1,2,1,1,6
202100002375,2021-12-17 13:30:00,2021,12,17,13,30,91,91689,RUE HELENE BOUCHER,48.72089,2.30546,Plein jour,En agglomération,Autre intersection,Normale,Deux véhicules - frontale,4,2,2,0,1,1,1,9,1,50,,2,1,0,1,0,51.0,28.0,,,1,2,9,1,1
202100002376,2021-12-16 18:30:00,2021,12,16,18,30,91,91645,POMPIDOU (AVENUE GEORGES),48.7511,2.2778,Nuit avec éclairage allumé,En agglomération,Intersection en X,Normale,Deux véhicules - côté,3,-1,2,0,1,1,1,0,1,50,,2,1,0,1,0,34.0,28.0,,,5,2,2,1,3
202100002377,2021-12-17 11:20:00,2021,12,17,11,20,91,91421,BOIS (RUE DES),48.706,2.45398,Plein jour,En agglomération,Hors intersection,Normale,Autre collision,4,-1,2,0,1,1,1,0,4,30,,2,1,0,0,1,68.0,,,,1,2,1,1,6
202100002378,2021-12-16 14:00:00,2021,12,16,14,0,91,91589,RUE CHATEAUBRIAND,48.678343,2.357508,Plein jour,En agglomération,Hors intersection,Normale,Deux véhicules - côté,4,2,2,0,1,1,1,0,1,50,,4,0,0,0,4,37.0,51.0,,,1,2,1,1,3
202100002379,2021-12-17 12:40:00,2021,12,17,12,40,91,91223,SAINT JACQUES (RUE),48.43328,2.15524,Plein jour,En agglomération,Intersection en X,Normale,Deux véhicules - frontale,4,2,2,0,1,1,1,5,1,50,,2,1,0,0,1,15.0,53.0,,,1,2,2,1,1
202100002380,2021-12-16 15:55:00,2021,12,16,15,55,91,91223,BELLES CROIX (RUE DES),48.4238,2.13627,Plein jour,En agglomération,Hors intersection,Normale,Sans collision,4,2,2,0,1,1,1,0,3,50,,1,0,0,0,1,53.0,,,,1,2,1,1,7
202100002381,2021-12-17 17:52:00,2021,12,17,17,52,88,88160,NOTRE-DAME-DE LORETTE (RUE DE),48.17473,6.43435,Nuit avec éclairage allumé,En agglomération,Hors intersection,Pluie légère,Autre collision,3,2,2,0,2,1,2,0,1,50,,2,1,0,0,1,85.0,,,,5,2,1,2,6
202100002382,2021-12-16 21:20:00,2021,12,16,21,20,87,87085,GARIBALDI (AVENUE),45.83446,1.26093,Nuit avec éclairage allumé,En agglomération,Intersection en T,Normale,Deux véhicules - côté,4,4,3,0,2,1,1,0,1,50,,2,1,0,0,1,57.0,26.0,,,5,2,3,1,3
202100002383,2021-12-17 21:15:00,2021,12,17,21,15,78,78372,RAOUL FILHOS (RUE),48.867713,2.096995,Nuit avec éclairage allumé,En agglomération,Intersection en T,Normale,Deux véhicules - côté,3,-1,2,0,2,4,1,9,1,50,,3,2,0,1,0,19.0,47.0,,,5,2,3,1,3
202100002384,2021-12-17 15:37:00,2021,12,17,15,37,78,78029,PIERRE LEFAUCHEUX (RUE),48.975326,1.853317,Plein jour,En agglomération,Autre intersection,Normale,Trois véhicules et plus - collisions multiples,4,2,2,0,1,2,1,0,1,50,,3,2,0,0,1,51.0,23.0,,,1,2,9,1,5
202100002385,2021-12-17 08:35:00,2021,12,17,8,35,78,78498,LEFEBVRE AV FERNAND,48.925919,2.049135,Plein jour,En agglomération,Hors intersection,Normale,Autre collision,4,2,2,0,2,1,1,0,1,50,,2,1,0,0,1,27.0,,,,1,2,1,1,6
202100002386,2021-12-18 00:20:00,2021,12,18,0,20,77,77326,D346,48.576692,2.567724,Nuit sans éclairage public,Hors agglomération,Hors intersection,Normale,Deux véhicules - arrière,3,2,2,0,1,2,1,0,1,70,,2,1,0,0,1,31.0,40.0,,,3,1,1,1,2
202100002387,2021-12-17 17:00:00,2021,12,17,17,0,73,73065,RN201,45.5794,5.91559,Nuit sans éclairage public,Hors agglomération,Hors intersection,Normale,Deux véhicules - arrière,2,3,7,0,1,1,1,0,1,90,,2,1,0,0,1,26.0,22.0,,,3,1,1,1,2
202100002388,2021-12-17 07:30:00,2021,12,17,7,30,72,72181,GASPERI ALCIDE DE (RUE),47.99159,0.22761,Nuit avec éclairage allumé,En agglomération,Intersection en X,Normale,Deux véhicules - côté,4,2,2,0,1,1,1,5,1,50,,2,1,0,0,1,31.0,,,,5,2,2,1,3
202100002389,2021-12-16 18:05:00,2021,12,16,18,5,71,71118,D68,46.7868960281,4.7984995103,Crépuscule ou aube,Hors agglomération,Hors intersection,Normale,Deux véhicules - frontale,3,2,2,0,1,1,1,0,1,80,,2,0,0,0,2,75.0,23.0,,,2,1,1,1,1
202100002390,2021-12-17 19:50:00,2021,12,17,19,50,69,69256,GARIBALDI (AV),45.76706,4.93246,Nuit avec éclairage allumé,En agglomération,Autre intersection,Normale,Deux véhicules - côté,4,3,4,0,1,1,1,0,1,50,,6,2,0,0,4,21.0,28.0,,,5,2,9,1,3
202100002391,2021-12-15 12:10:00,2021,12,15,12,10,69,69092,SAULE D'OINGT (DU) (RTE),45.9808427069,4.6660619974,Plein jour,Hors agglomération,Hors intersection,Brouillard / fumée,Autre collision,3,2,2,0,1,2,7,0,3,80,,1,0,0,0,1,28.0,,,,1,1,1,5,6
202100002392,2021-12-16 18:45:00,2021,12,16,18,45,67,67218,CALVAIRE (PLACE DU),48.53866,7.73366,Nuit avec éclairage allumé,En agglomération,Hors intersection,Normale,Trois véhicules et plus - en chaîne,4,3,4,1,1,1,1,0,1,50,,7,3,0,0,4,27.0,30.0,,,5,2,1,1,4
202100002393,2021-12-15 19:25:00,2021,12,15,19,25,66,66136,SALANQUE (AVENUE DE),42.72646,2.89647,Nuit sans éclairage public,Hors agglomération,Hors intersection,Normale,Deux véhicules - arrière,4,2,2,0,1,1,1,0,1,70,,4,1,0,0,3,68.0,,,,3,1,1,1,2
202100002394,2021-12-17 10:47:00,2021,12,17,10,47,65,65417,BOUCHAYE (RUE AIME),43.21879,0.103129,Plein jour,En agglomération,Passage à niveau,Normale,Deux véhicules - côté,4,2,2,0,1,1,1,4,1,50,,2,1,1,0,0,67.0,46.0,,,1,2,8,1,3
202100002395,2021-12-16 07:30:00,2021,12,16,7,30,64,64445,RICHELIEU,43.3022522555,-0.3564843535,Nuit avec éclairage allumé,En agglomération,Hors intersection,Normale,Autre collision,4,2,2,0,1,1,1,0,1,50,,2,1,1,0,0,44.0,,,,5,2,1,1,6
202100002396,2021-12-17 13:20:00,2021,12,17,13,20,64,64102,38 Allées Marines,43.49789,-1.4863,Plein jour,En agglomération,Hors intersection,Normale,Deux véhicules - côté,4,1,2,0,1,1,1,0,1,30,,2,1,0,0,1,47.0,40.0,,,1,2,1,1,3
202100002397,2021-12-17 09:10:00,2021,12,17,9,10,64,64102,Avenue Capitaine Resplandy,43.48499,-1.45926,Plein jour,En agglomération,Hors intersection,Temps couvert,Sans collision,4,2,3,1,1,1,2,0,5,50,,1,0,0,0,1,65.0,,,,1,2,1,8,7
202100002398,2021-12-15 20:00:00,2021,12,15,20,0,62,62498,QUATRE SEPTEMBRE (AV. DU),50.43211,2.8286,Nuit avec éclairage allumé,En agglomération,Intersection en T,Temps couvert,Autre collision,4,1,1,1,1,1,1,0,1,50,,3,2,0,0,1,21.0,,,,5,2,3,8,6
202100002399,2021-12-16 14:15:00,2021,12,16,14,15,60,60159,Rue Gaspard Monge,49.39645,2.78818,Plein jour,Hors agglomération,Hors intersection,Normale,Autre collision,4,2,2,0,1,3,1,0,4,50,,2,1,0,0,1,19.0,,,,1,1,1,1,6
202100002400,2021-12-17 19:35:00,2021,12,17,19,35,59,59090,GAULLE (AVENUE DU GENERAL DE),50.7026508125,3.097057247,Nuit avec éclairage allumé,En agglomération,Hors intersection,Normale,Autre collision,7,2,2,0,1,1,1,0,1,50,,2,1,0,1,0,44.0,,,,5,2,1,1,6
202100002401,2021-12-17 17:30:00,2021,12,17,17,30,59,59279,LILLE (RUE DE),50.771809,3.122032,Nuit avec éclairage allumé,En agglomération,Hors intersection,Pluie légère,Autre collision,7,2,1,0,2,1,2,0,1,50,,2,1,0,0,1,57.0,,,,5,2,1,2,6
202100002402,2021-12-14 18:45:00,2021,12,14,18,45,58,58194,MARZY,46.98741,3.14082,Nuit avec éclairage allumé,En agglomération,Intersection en T,Normale,Trois véhicules et plus - collisions multiples,3,2,2,0,1,1,1,0,1,30,,6,2,0,0,4,31.0,22.0,,,5,2,3,1,5
202100002403,2021-12-14 08:00:00,2021,12,14,8,0,57,57672,LE KEM (CHEMIN) - PAIR,49.36601,6.13856,Crépuscule ou aube,En agglomération,Hors intersection,Normale,Deux véhicules - côté,4,2,2,0,1,1,1,0,1,50,,2,1,0,0,1,17.0,52.0,,,2,2,1,1,3
202100002404,2021-12-11 14:35:00,2021,12,11,14,35,57,57306,WENDEL (RUE DE),49.32555,6.07129,Plein jour,Hors agglomération,Hors intersection,Normale,Deux véhicules - frontale,3,2,2,0,2,3,2,3,1,80,,5,0,0,0,5,21.0,45.0,,,1,1,1,1,1
202100002405,2021-10-17 19:07:00,2021,10,17,19,7,57,57487,RD 157B,49.09967,6.11628,Nuit sans éclairage public,Hors agglomération,Hors intersection,Normale,Deux véhicules - côté,7,3,4,0,1,1,1,0,1,70,,2,1,0,0,1,70.0,55.0,,,3,1,1,1,3
202100002406,2021-12-17 16:30:00,2021,12,17,16,30,54,54395,SELLIER (RUE),48.7006641836,6.18222785,Plein jour,En agglomération,Intersection en X,Normale,Deux véhicules - côté,4,2,2,2,1,1,1,0,1,30,,2,1,0,0,1,51.0,52.0,,,1,2,2,1,3
202100002407,2021-12-17 17:35:00,2021,12,17,17,35,51,51454,Avenue Nicéphore Niepce,49.2279490961,4.067183733,Nuit avec éclairage allumé,Hors agglomération,Hors intersection,Normale,Deux véhicules - arrière,2,1,2,0,1,1,1,2,8,90,,2,1,0,0,1,34.0,26.0,,,5,1,1,1,2
202100002408,2021-12-17 17:35:00,2021,12,17,17,35,51,51454,Avenue de Laon,49.277239,4.016068,Nuit avec éclairage allumé,En agglomération,Hors intersection,Normale,Sans collision,3,2,2,2,1,1,1,6,1,50,,2,1,0,0,1,26.0,,,,5,2,1,1,7
202100002409,2021-12-17 13:30:00,2021,12,17,13,30,51,51454,Rue de la Méditerranée,49.2505088957,4.0626896918,Plein jour,En agglomération,Hors intersection,Normale,Deux véhicules - côté,4,1,1,0,1,1,1,0,1,30,,3,1,0,0,2,79.0,40.0,,,1,2,1,1,3
202100002410,2021-12-17 14:15:00,2021,12,17,14,15,51,51454,Rue Gambetta,49.2493667642,4.0367969871,Plein jour,En agglomération,Hors intersection,Normale,Sans collision,4,2,3,3,1,1,1,0,6,30,,2,1,0,1,0,56.0,,,,1,2,1,1,7
202100002411,2021-12-16 18:32:00,2021,12,16,18,32,51,51454,Place General Gouraud,49.2441174052,4.0496233106,Nuit avec éclairage non allumé,En agglomération,Place,Normale,Trois véhicules et plus - en chaîne,2,2,2,0,1,1,1,0,1,50,,3,2,0,0,1,75.0,62.0,,,4,2,7,1,4
202100002412,2021-12-16 10:40:00,2021,12,16,10,40,51,51454,Place du Forum,49.2565972887,4.0330901742,Plein jour,En agglomération,Intersection en X,Normale,Deux véhicules - côté,4,1,2,1,1,1,1,0,1,50,,2,1,0,1,0,47.0,19.0,,,1,2,2,1,3
202100002413,2021-12-16 07:55:00,2021,12,16,7,55,50,50602,SAUXMARAIS (RUE DE),49.63114,-1.58592,Crépuscule ou aube,En agglomération,Intersection en X,Normale,Deux véhicules - côté,4,2,2,0,1,1,1,0,1,50,,2,1,0,0,1,50.0,19.0,,,2,2,2,1,3
202100002414,2021-12-17 17:41:00,2021,12,17,17,41,49,49267,A87N,47.47388,-0.50626,Nuit avec éclairage allumé,En agglomération,Hors intersection,Normale,Trois véhicules et plus - en chaîne,1,3,4,0,1,1,1,0,1,90,,7,4,0,0,3,43.0,36.0,,,5,2,1,1,4
202100002415,2021-12-17 09:02:00,2021,12,17,9,2,49,49007,DOYENNE BOULEVARD ET PASSAGE,47.48822,-0.53634,Plein jour,En agglomération,Hors intersection,Normale,Deux véhicules - côté,4,2,2,0,1,1,1,0,1,50,,2,1,0,0,1,60.0,72.0,,,1,2,1,1,3
202100002416,2021-12-17 09:00:00,2021,12,17,9,0,46,46042,GAMBETTA (BOULEVARD LEON) N°IMPAIR,44.44427,1.44191,Plein jour,En agglomération,Hors intersection,Normale,Deux véhicules - côté,4,2,3,0,1,1,1,0,1,30,,2,1,0,0,1,45.0,,,,1,2,1,1,3
202100002417,2021-12-16 14:00:00,2021,12,16,14,0,37,37261,MARECHAL JUIN (BD),47.40941,0.70333,Plein jour,Hors agglomération,Hors intersection,Normale,Trois véhicules et plus - en chaîne,4,3,4,0,1,1,1,0,1,50,,4,3,0,0,1,28.0,31.0,,,1,1,1,1,4
202100002418,2021-12-17 23:30:00,2021,12,17,23,30,35,35024,RD 29,48.16322,-1.67554,Nuit avec éclairage allumé,En agglomération,Giratoire,Normale,Deux véhicules - côté,7,1,1,0,1,2,1,0,1,50,,2,1,0,0,1,39.0,33.0,,,5,2,6,1,3
202100002419,2021-12-17 19:00:00,2021,12,17,19,0,35,35238,MONSIEUR VINCENT,48.0925254567,-1.6509854794,Nuit avec éclairage allumé,En agglomération,Intersection en T,Normale,Deux véhicules - frontale,4,2,2,0,1,1,1,0,5,30,,2,1,0,1,0,21.0,42.0,,,5,2,3,1,1
202100002420,2021-12-17 16:20:00,2021,12,17,16,20,35,35238,Boulevard de Yougoslavie,48.08816,-1.65918,Plein jour,En agglomération,Hors intersection,Normale,Autre collision,4,3,2,2,1,1,1,0,1,30,,2,1,0,0,1,27.0,,,,1,2,1,1,6
202100002421,2021-12-17 10:35:00,2021,12,17,10,35,35,35281,DODIN (AVENUE ROGER),48.090926,-1.704723,Crépuscule ou aube,Hors agglomération,Autre intersection,Normale,Autre collision,7,-1,2,0,1,1,1,0,1,30,,2,1,0,0,1,42.0,,,,2,1,9,1,6
202100002422,2021-12-17 09:20:00,2021,12,17,9,20,35,35051,Boulevard des Métairies,48.12037,-1.59937,Plein jour,En agglomération,Hors intersection,Normale,Autre collision,4,2,1,2,2,1,1,0,1,50,,2,1,0,0,1,65.0,,,,1,2,1,1,6
202100002423,2021-12-15 07:35:00,2021,12,15,7,35,34,34301,Promenade Marechal Leclerc,43.392484,3.689311,Crépuscule ou aube,En agglomération,Hors intersection,Normale,Trois véhicules et plus - collisions multiples,4,2,2,0,1,1,1,0,1,30,,7,3,1,0,3,28.0,80.0,,,2,2,1,1,5
202100002424,2021-12-17 21:10:00,2021,12,17,21,10,34,34172,MARES (AVENUE HENRI),43.62008,3.85138,Nuit avec éclairage allumé,En agglomération,Intersection en Y,Normale,Deux véhicules - côté,4,2,2,0,2,1,1,0,1,30,,2,1,0,0,1,18.0,28.0,,,5,2,4,1,3
202100002425,2021-12-16 21:00:00,2021,12,16,21,0,34,34172,MILHAUD (BOULEVARD BENJAMIN),43.61057,3.85656,Nuit avec éclairage allumé,En agglomération,Hors intersection,Normale,Autre collision,4,2,2,0,1,1,1,0,1,30,,2,1,0,0,1,31.0,,,,5,2,1,1,6
202100002426,2021-12-15 19:17:00,2021,12,15,19,17,34,34172,EINSTEIN (AVENUE ALBERT),43.60727,3.90538,Nuit avec éclairage allumé,En agglomération,Hors intersection,Normale,Trois véhicules et plus - en chaîne,4,1,1,0,1,1,1,0,1,50,,4,3,0,0,1,56.0,29.0,,,5,2,1,1,4
202100002427,2021-12-17 13:59:00,2021,12,17,13,59,32,32013,PREMIERE ARMEE FRANCAISE (AVENUE DE LA),43.65113,0.60267,Plein jour,En agglomération,Intersection en T,Normale,Deux véhicules - côté,3,2,2,0,1,1,1,0,1,50,,4,2,0,0,2,28.0,60.0,,,1,2,3,1,3
202100002428,2021-12-17 19:30:00,2021,12,17,19,30,31,31555,RUE ANDRE VASSEUR,43.63485,1.47171,Nuit avec éclairage allumé,En agglomération,Hors intersection,Normale,Deux véhicules - côté,4,2,2,0,1,3,1,0,1,30,,2,1,0,0,1,38.0,26.0,,,5,2,1,1,3
202100002429,2021-12-17 07:55:00,2021,12,17,7,55,31,31555,AV EDOUARD BELIN,43.56991,1.47334,Crépuscule ou aube,En agglomération,Hors intersection,Normale,Autre collision,4,1,2,0,1,1,1,0,1,50,,1,0,0,0,1,29.0,,,,2,2,1,1,6
202100002430,2021-12-17 19:37:00,2021,12,17,19,37,27,27681,DE LATTRE DE TASSIGNY (AVENUE DU MAL),49.0840441902,1.4632514513,Nuit avec éclairage allumé,En agglomération,Hors intersection,Normale,Sans collision,4,2,2,0,2,1,1,0,4,50,,1,0,0,1,0,49.0,,,,5,2,1,1,7
202100002431,2021-12-15 14:55:00,2021,12,15,14,55,23,23096,BERRY (AVENUE DU),46.1776909245,1.8775463104,Plein jour,En agglomération,Giratoire,Normale,Deux véhicules - côté,4,1,2,0,2,1,1,5,1,50,,2,1,0,1,0,53.0,52.0,,,1,2,6,1,3
202100002432,2021-12-17 17:45:00,2021,12,17,17,45,22,22106,RN12,48.49416,-2.72361,Nuit sans éclairage public,Hors agglomération,Autre intersection,Normale,Trois véhicules et plus - en chaîne,2,1,1,0,1,1,1,0,1,70,,4,1,0,0,3,59.0,59.0,,,3,1,9,1,4
202100002433,2021-12-12 20:00:00,2021,12,12,20,0,17,17306,ANSALDI,45.6364,-1.02839,Nuit avec éclairage allumé,En agglomération,Giratoire,Normale,Deux véhicules - côté,4,2,2,0,1,1,1,5,1,50,,2,1,0,0,1,67.0,56.0,,,5,2,6,1,3
202100002434,2021-12-16 22:20:00,2021,12,16,22,20,14,14118,SAINT JEAN (RUE (DE 33 ET + ET 38 ET +),49.18015,-0.35825,Nuit avec éclairage allumé,En agglomération,Intersection en X,Normale,Deux véhicules - côté,4,2,2,0,1,1,1,0,1,50,,2,1,0,0,1,44.0,31.0,,,5,2,2,1,3
202100002435,2021-12-17 07:15:00,2021,12,17,7,15,13,13071,MITTERRAND (AVENUE FRANCOIS),43.39382,5.344,Nuit avec éclairage allumé,En agglomération,Autre intersection,Normale,Autre collision,7,2,2,0,2,2,1,0,1,50,,2,1,0,1,0,17.0,29.0,,,5,2,9,1,6
202100002436,2021-12-17 08:45:00,2021,12,17,8,45,13,13208,PRADO (AVENUE DU),43.2695790275,5.387077712,Plein jour,En agglomération,Intersection en T,Normale,Trois véhicules et plus - collisions multiples,4,2,6,0,1,1,2,0,6,50,,3,1,0,1,1,22.0,34.0,,,1,2,3,1,5
202100002437,2021-12-17 05:19:00,2021,12,17,5,19,13,13208,PIERRE GUERRE (ROND-POINT),43.2503260991,5.3891859748,Nuit avec éclairage allumé,En agglomération,Giratoire,Normale,Deux véhicules - côté,4,1,1,0,1,1,1,0,1,50,,2,1,0,0,1,18.0,,,,5,2,6,1,3
202100002438,2021-12-16 01:36:00,2021,12,16,1,36,13,13205,SAKAKINI (BOULEVARD),43.2961527289,5.4003586168,Nuit avec éclairage allumé,En agglomération,Intersection en X,Normale,Deux véhicules - côté,4,4,1,0,1,1,1,0,1,50,,4,2,0,0,2,31.0,23.0,,,5,2,2,1,3
202100002439,2021-12-17 20:25:00,2021,12,17,20,25,11,11069,BUNAU VARILLA -AV-,43.20981,2.33942,Nuit avec éclairage allumé,En agglomération,Hors intersection,Normale,Deux véhicules - côté,3,2,2,0,1,1,1,0,1,50,,2,1,0,0,1,42.0,,,,5,2,1,1,3
202100002440,2021-12-17 10:15:00,2021,12,17,10,15,11,11069,BARBES -ANCIENNE RUE NAPOLEON-,43.21346,2.35356,Plein jour,En agglomération,Hors intersection,Normale,Autre collision,4,1,1,0,1,1,1,0,1,30,,2,1,0,0,1,55.0,,,,1,2,1,1,6
202100002441,2021-12-16 16:40:00,2021,12,16,16,40,10,10081,ROCADE EST (RD 610),48.32936,4.05043,Crépuscule ou aube,Hors agglomération,Hors intersection,Normale,Autre collision,3,1,1,0,2,2,1,0,2,50,,1,0,0,0,1,41.0,,,,2,1,1,1,6
202100002442,2021-12-16 12:50:00,2021,12,16,12,50,10,10387,GEORGES POMPIDOU (RUE),48.2876,4.08079,Plein jour,En agglomération,Hors intersection,Temps couvert,Deux véhicules - côté,4,1,1,0,1,1,1,0,1,50,,2,1,0,0,1,44.0,38.0,,,1,2,1,8,3
202100002443,2021-12-16 07:59:00,2021,12,16,7,59,10,10362,GENERAL LECLERC (RUE DU),48.29196,4.03859,Crépuscule ou aube,Hors agglomération,Intersection en T,Temps couvert,Deux véhicules - côté,3,2,3,0,1,1,1,0,1,50,,2,1,0,0,1,39.0,18.0,,,2,1,3,8,3
202100002444,2021-12-17 13:35:00,2021,12,17,13,35,09,09225,ROUTE NATIONALE 20 (VOIE RAPIDE),43.10276,1.62949,Plein jour,En agglomération,Hors intersection,Normale,Autre collision,2,1,1,0,2,3,1,9,1,50,,3,1,0,0,2,36.0,,,,1,2,1,1,6
202100002445,2021-12-17 18:02:00,2021,12,17,18,2,06,06088,JAURES (BD JEAN),43.69781,7.27452,Nuit avec éclairage allumé,En agglomération,Hors intersection,Normale,Deux véhicules - côté,4,2,2,3,1,1,1,0,6,50,,2,1,0,0,1,27.0,38.0,,,5,2,1,1,3
202100002446,2021-12-17 12:44:00,2021,12,17,12,44,06,06027,NICE AVENUE DE (RN7),43.656232,7.154994,Plein jour,En agglomération,Intersection en X,Normale,Deux véhicules - frontale,7,2,3,0,1,1,1,0,1,50,,2,1,0,0,1,31.0,18.0,,,1,2,2,1,1
202100002447,2021-12-17 23:22:00,2021,12,17,23,22,06,06004,SELLA AV.ANDRE,43.5522,7.13538,Nuit avec éclairage allumé,En agglomération,Hors intersection,Normale,Deux véhicules - côté,4,2,2,0,2,1,1,0,1,50,,2,1,0,1,0,25.0,24.0,,,5,2,1,1,3
202100002448,2021-12-16 16:43:00,2021,12,16,16,43,06,06155,LIBERTE AV.DE LA,43.56933,7.07562,Crépuscule ou aube,En agglomération,Hors intersection,Normale,Deux véhicules - côté,3,2,2,0,1,1,1,0,1,50,,2,1,0,1,0,58.0,70.0,,,2,2,1,1,3
202100002449,2021-12-16 09:46:00,2021,12,16,9,46,05,05061,PROVENCE (AVENUE DE),44.54252,6.0595,Plein jour,En agglomération,Intersection en T,Normale,Deux véhicules - côté,2,2,2,0,2,1,1,0,1,50,,3,1,0,2,0,80.0,47.0,,,1,2,3,1,3
202100002450,2021-12-17 12:15:00,2021,12,17,12,15,01,01289,ROUTE FORESTIERE,46.1693934497,5.2097712457,Plein jour,Hors agglomération,Intersection en Y,Normale,Deux véhicules - côté,4,2,2,0,1,2,2,0,1,70,,3,2,0,0,1,20.0,18.0,,,1,1,4,1,3
202100002451,2021-12-17 13:00:00,2021,12,17,13,0,75,75120,RUE DES PYRENEES,48.865506,2.397998,Plein jour,En agglomération,Intersection en X,Normale,Autre collision,4,2,3,0,1,1,1,0,1,30,,2,1,0,0,1,28.0,,,,1,2,2,1,6
202100002452,2021-12-17 19:05:00,2021,12,17,19,5,75,75119,RUE DE LA VILLETTE,48.879521,2.388331,Nuit avec éclairage allumé,En agglomération,Intersection en T,Normale,Autre collision,4,1,1,0,2,1,1,0,1,30,,2,1,0,0,1,55.0,,,,5,2,3,1,6