accident_id,datetime,annee,mois,jour,heure,minute,departement,commune_insee,adresse,latitude,longitude,luminosite,agglomeration,intersection,meteo,collision,catr,circ,nbv,vosp,prof,plan,surf,infra,situ,vma,nb_vehicules,nb_usagers,nb_indemnes,nb_tues,nb_blesses_hosp,nb_blesses_legers,age_cond_1,age_cond_2,veh_type_cond_1,veh_type_cond_2,lum_code,agg_code,int_code,atm_code,col_code
202100002453,2021-12-17 17:30:00,2021,12,17,17,30,75,75118,AVENUE DE LA PORTE DE SAINT OUEN,48.898591,2.329327,Nuit avec éclairage allumé,En agglomération,Hors intersection,Normale,Autre collision,4,2,3,0,2,1,1,0,1,30,,2,1,0,0,1,32.0,,,,5,2,1,1,6
202100002454,2021-12-17 16:30:00,2021,12,17,16,30,75,75109,BOULEVARD DE CLICHY,48.882976,2.33486,Nuit avec éclairage allumé,En agglomération,Intersection en T,Normale,Deux véhicules - côté,4,1,1,1,1,1,1,-1,5,30,,2,1,0,0,1,19.0,53.0,,,5,2,3,1,3
202100002455,2021-12-17 09:30:00,2021,12,17,9,30,75,75117,AVENUE DE VILLIERS,48.883275,2.307251,Plein jour,En agglomération,Intersection en X,Temps couvert,Deux véhicules - côté,4,2,4,1,1,1,1,-1,5,30,,2,1,0,0,1,31.0,51.0,,,1,2,2,8,3
202100002456,2021-12-17 00:45:00,2021,12,17,0,45,75,75116,ALLEE DE LONGCHAMP,48.876858,2.276471,Nuit avec éclairage allumé,En agglomération,Intersection en Y,Normale,Autre collision,4,3,4,0,1,1,1,0,1,30,,3,1,0,0,2,,27.0,,,5,2,4,1,6
202100002457,2021-12-16 19:00:00,2021,12,16,19,0,75,75117,BOULEVARD MALESHERBES,48.889935,2.303931,Nuit avec éclairage allumé,En agglomération,Intersection en X,Normale,Autre collision,4,1,1,0,1,1,1,0,1,50,,2,1,0,0,1,71.0,,,,5,2,2,1,6
202100002458,2021-12-10 12:00:00,2021,12,10,12,0,75,75116,ALLEE DE LONGCHAMP,48.87418,2.269038,Plein jour,En agglomération,Hors intersection,Normale,Deux véhicules - arrière,4,2,4,0,1,1,1,0,1,50,,3,2,0,0,1,60.0,33.0,,,1,2,1,1,2
202100002459,2021-12-17 14:50:00,2021,12,17,14,50,75,75115,AVENUE EMILE ZOLA,48.846635,2.287267,Plein jour,En agglomération,Hors intersection,Normale,Autre collision,4,-1,2,0,1,1,1,0,1,30,,1,0,0,0,1,86.0,,,,1,2,1,1,6
202100002460,2021-12-17 10:35:00,2021,12,17,10,35,75,75115,PONT MIRABEAU,48.846087,2.276968,Plein jour,En agglomération,Intersection en X,Temps couvert,Deux véhicules - côté,4,2,1,0,1,1,1,2,1,50,,2,1,0,0,1,50.0,31.0,,,1,2,2,8,3
202100002461,2021-12-17 09:02:00,2021,12,17,9,2,75,75114,AVENUE DAVID WEILL,48.821209,2.334299,Plein jour,En agglomération,Intersection en X,Normale,Autre collision,4,2,2,1,1,1,1,-1,5,30,,3,2,0,0,1,43.0,,,,1,2,2,1,6
202100002462,2021-12-17 17:53:00,2021,12,17,17,53,75,75113,BOULEVARD MASSENA,48.820205,2.366053,Nuit avec éclairage allumé,En agglomération,Intersection en X,Normale,Deux véhicules - côté,4,2,4,0,1,1,1,0,1,30,,2,1,0,0,1,,24.0,,,5,2,2,1,3
202100002463,2021-12-17 11:23:00,2021,12,17,11,23,75,75113,BOULEVARD DE L HOPITAL,48.831887,2.355849,Plein jour,En agglomération,Place,Normale,Deux véhicules - arrière,4,2,2,0,1,1,1,0,1,50,,2,1,0,0,1,50.0,75.0,,,1,2,7,1,2
202100002464,2021-12-17 10:58:00,2021,12,17,10,58,75,75113,AVENUE D ITALIE,48.830964,2.355942,Plein jour,En agglomération,Place,Normale,Deux véhicules - côté,4,1,2,1,1,1,1,-1,5,30,,2,1,0,0,1,22.0,34.0,,,1,2,7,1,3
202100002465,2021-12-17 16:55:00,2021,12,17,16,55,75,75112,BOULEVARD DIDEROT,48.846093,2.375683,Nuit avec éclairage allumé,En agglomération,Intersection en T,Normale,Autre collision,4,1,3,0,1,1,1,0,1,30,,2,1,0,0,1,,,,,5,2,3,1,6
202100002466,2021-12-16 18:06:00,2021,12,16,18,6,75,75112,BOULEVARD PERIPHERIQUE EXTERIEUR NORD  ,48.826918,2.391582,Nuit avec éclairage allumé,En agglomération,Hors intersection,Normale,Deux véhicules - arrière,4,3,4,0,2,2,1,0,1,70,,2,1,0,0,1,31.0,38.0,,,5,2,1,1,2
202100002467,2021-12-17 16:10:00,2021,12,17,16,10,75,75111,RUE SAINT MAUR,48.863058,2.379303,Plein jour,En agglomération,Intersection en X,Normale,Deux véhicules - côté,4,1,1,2,1,1,1,-1,5,30,,2,1,0,0,1,18.0,32.0,,,1,2,2,1,3
202100002468,2021-12-17 13:30:00,2021,12,17,13,30,75,75108,AVENUE CESAR CAIRE,48.876185,2.319466,Plein jour,En agglomération,Intersection en T,Normale,Deux véhicules - côté,4,2,2,0,1,1,1,0,1,30,,2,1,0,0,1,24.0,59.0,,,1,2,3,1,3
202100002469,2021-12-17 19:57:00,2021,12,17,19,57,94,94067,FOCH (AV),48.844872,2.420945,Nuit avec éclairage allumé,En agglomération,Autre intersection,Normale,Deux véhicules - frontale,3,2,8,0,1,1,1,5,1,30,,2,1,0,0,1,37.0,38.0,,,5,2,9,1,1
202100002470,2021-12-17 00:50:00,2021,12,17,0,50,94,94078,PARIS (R DE),48.75472,2.4445,Nuit avec éclairage allumé,En agglomération,Hors intersection,Normale,Autre collision,2,3,4,0,1,1,1,0,1,50,,5,3,0,0,2,17.0,54.0,,,5,2,1,1,6
202100002471,2021-12-17 17:15:00,2021,12,17,17,15,94,94068,CHAMPIGNY (BD DE),48.8039144954,2.508251667,Nuit avec éclairage allumé,En agglomération,Intersection en X,Normale,Deux véhicules - côté,3,2,2,0,1,1,1,0,1,30,,2,1,0,0,1,22.0,16.0,,,5,2,2,1,3
202100002472,2021-12-17 02:30:00,2021,12,17,2,30,94,94068,CRETEIL (BD DE),48.79154,2.48232,Nuit avec éclairage allumé,En agglomération,Intersection en X,Normale,Deux véhicules - côté,4,2,2,0,1,1,1,0,1,30,,5,0,0,0,5,39.0,19.0,,,5,2,2,1,3
202100002473,2021-12-15 15:15:00,2021,12,15,15,15,94,94068,Rue Edgar Quinet,48.79169,2.4944,Plein jour,En agglomération,Intersection en X,Normale,Deux véhicules - côté,4,2,2,0,1,1,1,0,1,30,,3,2,0,0,1,92.0,65.0,,,1,2,2,1,3
202100002474,2021-12-16 14:30:00,2021,12,16,14,30,94,94041,GEORGES GOSNAT (AV),48.81362,2.38905,Plein jour,En agglomération,Autre intersection,Normale,Deux véhicules - côté,3,1,2,0,1,1,1,0,1,50,,2,1,0,0,1,42.0,41.0,,,1,2,9,1,3
202100002475,2021-12-16 16:00:00,2021,12,16,16,0,94,94059,Avenue Jean Kiffer,48.80605,2.578,Plein jour,En agglomération,Hors intersection,Normale,Deux véhicules - frontale,4,2,2,0,1,1,1,0,1,30,,2,1,0,0,1,46.0,39.0,,,1,2,1,1,1
202100002476,2021-12-17 06:50:00,2021,12,17,6,50,94,94002,Quai de la Révolution,48.77855,2.41725,Nuit avec éclairage allumé,En agglomération,Intersection en Y,Normale,Deux véhicules - côté,3,2,3,1,1,1,1,0,1,50,,2,1,0,0,1,46.0,46.0,,,5,2,4,1,3
202100002477,2021-12-17 08:15:00,2021,12,17,8,15,93,93032,"VERSAILLES (AVENUE DE, DU 2 AU 28 ET DU",48.87809,2.53954,Crépuscule ou aube,En agglomération,Hors intersection,Normale,Deux véhicules - arrière,4,2,2,0,1,1,1,0,1,50,,1,0,0,0,1,63.0,,,,2,2,1,1,2
202100002478,2021-12-17 18:30:00,2021,12,17,18,30,93,93027,HUGO (AVENUE VICTOR),48.92,2.38,Nuit avec éclairage allumé,En agglomération,Hors intersection,Normale,Deux véhicules - côté,3,3,2,0,4,1,1,0,1,50,,2,1,0,0,1,76.0,,,,5,2,1,1,3
202100002479,2021-12-17 00:10:00,2021,12,17,0,10,93,93010,PONT (CHEM. DU),48.9081363664,2.4896606701,Nuit avec éclairage allumé,En agglomération,Autre intersection,Brouillard / fumée,Deux véhicules - frontale,4,-1,2,0,1,1,2,0,1,50,,2,1,0,1,0,18.0,30.0,,,5,2,9,5,1
202100002480,2021-12-17 15:28:00,2021,12,17,15,28,92,92046,Charles de gaulle,48.82392,2.30037,Plein jour,En agglomération,Hors intersection,Normale,Autre collision,3,2,2,0,1,1,1,0,1,50,,2,1,0,0,1,67.0,,,,1,2,1,1,6
202100002481,2021-12-16 09:25:00,2021,12,16,9,25,92,92025,GABRIEL PERI (RUE),48.918207,2.238924,Plein jour,En agglomération,Hors intersection,Normale,Trois véhicules et plus - en chaîne,4,2,2,0,1,1,1,0,1,30,,6,1,0,0,5,54.0,58.0,,,1,2,1,1,4
202100002482,2021-12-17 18:15:00,2021,12,17,18,15,92,92024,GENERAL ROGUET (RUE DU) DE (1 A 57)   (2,48.9066536608,2.3129492998,Nuit avec éclairage allumé,En agglomération,Hors intersection,Normale,Autre collision,3,1,1,0,1,1,1,0,1,30,,2,1,0,0,1,,,,,5,2,1,1,6
202100002483,2021-12-17 08:45:00,2021,12,17,8,45,92,92012,EDOUARD VAILLANT (AVENUE) - DEBUT/55 - C,48.8366601576,2.253498137,Plein jour,En agglomération,Hors intersection,Normale,Deux véhicules - côté,3,1,3,0,1,1,1,0,1,50,,2,1,0,0,1,37.0,42.0,,,1,2,1,1,3
202100002484,2021-12-18 04:30:00,2021,12,18,4,30,09,09268,route départemenatle 3,42.996204,1.135926,Nuit sans éclairage public,Hors agglomération,Hors intersection,Normale,Autre collision,3,2,2,0,1,1,2,0,3,80,,1,0,0,1,0,27.0,,,,3,1,1,1,6
202100002485,2021-12-19 12:50:00,2021,12,19,12,50,974,97415,N1a,-21.016974,55.254793,Plein jour,Hors agglomération,Hors intersection,Temps éblouissant,Autre collision,2,2,2,0,1,2,1,0,1,70,,2,0,2,0,0,57.0,,,,1,1,1,7,6
202100002486,2021-12-19 12:05:00,2021,12,19,12,5,54,54108,RD 112,48.5812066815,6.267271042,Plein jour,Hors agglomération,Intersection en X,Brouillard / fumée,Deux véhicules - côté,3,2,2,0,1,1,1,0,1,80,,3,2,0,1,0,17.0,51.0,,,1,1,2,5,3
202100002487,2021-12-19 13:45:00,2021,12,19,13,45,84,84088,RD31,43.976503,5.01793,Plein jour,Hors agglomération,Hors intersection,Normale,Deux véhicules - frontale,3,2,2,0,1,1,1,9,1,80,,4,0,1,0,3,18.0,69.0,,,1,1,1,1,1
202100002488,2021-12-18 04:45:00,2021,12,18,4,45,33,33254,départementale 9,44.532478,-0.040914,Nuit sans éclairage public,Hors agglomération,Hors intersection,Brouillard / fumée,Autre collision,3,2,2,0,1,1,7,0,3,80,,1,0,0,1,0,22.0,,,,3,1,1,5,6
202100002489,2021-12-19 05:10:00,2021,12,19,5,10,974,97422,192bis Rue Dachery,-21.262146,55.534151,Crépuscule ou aube,En agglomération,Hors intersection,Normale,Autre collision,4,2,2,0,2,4,1,0,1,50,,1,0,0,1,0,17.0,,,,2,2,1,1,6
202100002490,2021-12-18 09:25:00,2021,12,18,9,25,972,97223,Rue Cassien Sainte-Claire,14.562852,-60.937049,Plein jour,En agglomération,Hors intersection,Normale,Autre collision,3,2,2,0,1,2,1,0,1,50,,2,1,0,1,0,64.0,,,,1,2,1,1,6
202100002491,2021-12-18 21:00:00,2021,12,18,21,0,26,26138,Autoroute A7,44.384969,4.731202,Nuit sans éclairage public,Hors agglomération,Hors intersection,Normale,Deux véhicules - arrière,1,2,5,0,1,1,1,0,1,130,,2,1,0,0,1,19.0,21.0,,,3,1,1,1,2
202100002492,2021-12-17 20:10:00,2021,12,17,20,10,46,46201,Croisement D28 / D653,44.34377,1.209151,Nuit avec éclairage allumé,En agglomération,Intersection en X,Normale,Deux véhicules - côté,3,2,2,0,4,1,1,5,6,50,,2,1,0,0,1,31.0,35.0,,,5,2,2,1,3
202100002493,2021-12-18 20:40:00,2021,12,18,20,40,86,86070,D54,46.54656,0.671681,Nuit sans éclairage public,Hors agglomération,Hors intersection,Normale,Autre collision,3,2,2,0,1,1,1,0,3,90,,1,0,1,0,0,55.0,,,,3,1,1,1,6
202100002494,2021-12-17 17:40:00,2021,12,17,17,40,57,57552,D913,49.056605,6.187271,Nuit sans éclairage public,Hors agglomération,Intersection en T,Normale,Trois véhicules et plus - collisions multiples,7,2,2,0,1,1,1,0,1,80,,3,2,0,1,0,57.0,28.0,,,3,1,3,1,5
202100002495,2021-12-19 03:15:00,2021,12,19,3,15,59,59372,D16,50.0471889408,3.3256173134,Nuit avec éclairage allumé,Hors agglomération,Hors intersection,Normale,Autre collision,3,2,2,0,1,1,2,0,8,-1,,1,0,0,1,0,20.0,,,,5,1,1,1,6
202100002496,2021-12-19 01:15:00,2021,12,19,1,15,19,19214,Lieu-Dit Puy la Gane,45.131082,2.135661,Nuit avec éclairage allumé,En agglomération,Intersection en T,Autre,Deux véhicules - côté,3,2,2,0,4,1,7,0,1,50,,5,4,0,0,1,69.0,48.0,,,5,2,3,9,3
202100002497,2021-11-30 21:30:00,2021,11,30,21,30,56,56173,Port Arthur,47.967737,-2.994429,Nuit sans éclairage public,Hors agglomération,Hors intersection,Brouillard / fumée,Deux véhicules - arrière,3,3,4,0,1,1,2,0,1,110,,2,1,0,1,0,38.0,49.0,,,3,1,1,5,2
202100002498,2021-12-18 12:00:00,2021,12,18,12,0,56,56092,VC 6,48.041218,-2.840567,Plein jour,Hors agglomération,Hors intersection,Normale,Autre collision,4,2,2,0,1,4,1,0,3,80,,2,1,0,1,0,42.0,30.0,,,1,1,1,1,6
202100002499,2021-12-18 20:20:00,2021,12,18,20,20,56,56061,22 Rue Antoine Monteil,47.767253,-2.13042,Nuit sans éclairage public,En agglomération,Hors intersection,Normale,Autre collision,3,2,2,0,1,2,1,0,1,50,,2,1,0,1,0,50.0,,,,3,2,1,1,6
202100002500,2021-12-18 14:15:00,2021,12,18,14,15,56,56184,Rue Bleue,47.671637,-2.433241,Plein jour,Hors agglomération,Hors intersection,Normale,Deux véhicules - frontale,4,2,2,0,1,3,1,0,1,70,,2,1,0,0,1,24.0,21.0,,,1,1,1,1,1
202100002501,2021-12-18 22:30:00,2021,12,18,22,30,56,56003,Route de la Côte du Vincin,47.647147,-2.80542,Nuit avec éclairage allumé,Hors agglomération,Hors intersection,Normale,Autre collision,3,2,2,2,2,1,1,0,3,70,,1,0,0,1,0,20.0,,,,5,1,1,1,6
202100002502,2021-12-19 13:30:00,2021,12,19,13,30,77,77032,Fortail,48.69926,3.267564,Plein jour,Hors agglomération,Hors intersection,Normale,Deux véhicules - arrière,2,2,2,0,1,1,1,0,1,70,,7,5,0,0,2,33.0,78.0,,,1,1,1,1,2
202100002503,2021-12-18 16:15:00,2021,12,18,16,15,76,76260,51 ROUTE DE BEAUVAIS,49.475187,1.743972,Plein jour,En agglomération,Hors intersection,Temps éblouissant,Deux véhicules - arrière,2,2,2,0,1,1,1,0,1,50,,2,1,0,0,1,35.0,21.0,,,1,2,1,7,2
202100002504,2021-12-18 18:30:00,2021,12,18,18,30,2A,2A271,Baleone,41.9549518394,8.7948293835,Nuit sans éclairage public,En agglomération,Hors intersection,Normale,Deux véhicules - arrière,2,2,2,0,1,1,1,0,1,50,,3,2,1,0,0,54.0,21.0,,,3,2,1,1,2
202100002505,2021-12-19 10:15:00,2021,12,19,10,15,82,82112,Quai Magenta,44.101447,1.087253,Plein jour,En agglomération,Hors intersection,Normale,Autre collision,4,1,2,0,2,1,1,0,1,50,,2,1,0,0,1,47.0,,,,1,2,1,1,6
202100002506,2021-12-18 18:00:00,2021,12,18,18,0,65,65121,Avenue Claude Chalin,43.362283,0.063609,Nuit avec éclairage allumé,En agglomération,Intersection en T,Normale,Deux véhicules - côté,3,2,2,0,1,1,1,0,1,50,,2,1,0,1,0,20.0,14.0,,,5,2,3,1,3
202100002507,2021-12-15 13:45:00,2021,12,15,13,45,11,11397,D610,43.207569,2.457322,Plein jour,En agglomération,Intersection en Y,Normale,Deux véhicules - frontale,3,4,2,0,1,1,1,0,1,50,,2,1,0,1,0,66.0,26.0,,,1,2,4,1,1
202100002508,2021-12-18 17:00:00,2021,12,18,17,0,42,42266,Route de Beauvoir,45.421859,4.052238,Crépuscule ou aube,Hors agglomération,Hors intersection,Autre,Deux véhicules - frontale,7,2,2,0,1,1,9,0,8,80,,2,1,0,0,1,22.0,27.0,,,2,1,1,9,1
202100002509,2021-12-16 15:57:00,2021,12,16,15,57,46,46312,RD 96 PK 13 +500,44.982259,1.621113,Plein jour,Hors agglomération,Hors intersection,Normale,Autre collision,3,2,2,1,1,2,1,0,3,80,,1,0,1,0,0,92.0,,,,1,1,1,1,6
202100002510,2021-12-18 17:05:00,2021,12,18,17,5,29,29206,Rue de Croazou,48.6188982102,-4.1994300485,Crépuscule ou aube,En agglomération,Intersection en T,Normale,Deux véhicules - frontale,4,2,2,0,1,1,1,5,1,50,,2,1,0,1,0,24.0,53.0,,,2,2,3,1,1
202100002511,2021-12-19 05:00:00,2021,12,19,5,0,29,29188,25 Rue de Mezmorvan,48.7032042405,-3.8337028032,Nuit avec éclairage non allumé,En agglomération,Giratoire,Normale,Autre collision,4,2,2,0,3,1,2,5,3,50,,2,0,1,1,0,23.0,,,,4,2,6,1,6
202100002512,2021-12-18 16:25:00,2021,12,18,16,25,29,29008,D7 - Hent Ar Vilien,48.066591,-4.55143,Plein jour,Hors agglomération,Intersection en Y,Temps éblouissant,Deux véhicules - frontale,3,2,2,0,1,1,1,0,1,80,,2,1,0,0,1,50.0,73.0,,,1,1,4,7,1
202100002513,2021-12-18 16:12:00,2021,12,18,16,12,31,31033,D820,43.356998,1.467007,Plein jour,En agglomération,Hors intersection,Normale,Deux véhicules - arrière,3,3,2,0,1,1,1,0,1,50,,2,1,0,0,1,66.0,17.0,,,1,2,1,1,2
202100002514,2021-12-19 03:45:00,2021,12,19,3,45,38,38093,D130 route du tramwai,45.322922,5.23424,Nuit sans éclairage public,Hors agglomération,Hors intersection,Autre,Sans collision,3,2,2,0,1,1,7,0,3,80,,1,0,0,1,0,54.0,,,,3,1,1,9,7
202100002515,2021-12-19 11:10:00,2021,12,19,11,10,01,01454,route de lyon,45.715259,5.706807,Plein jour,En agglomération,Intersection en T,Brouillard / fumée,Deux véhicules - frontale,3,2,2,0,1,1,7,0,1,70,,6,0,0,1,5,53.0,18.0,,,1,2,3,5,1
202100002516,2021-12-18 08:50:00,2021,12,18,8,50,58,58145,Avenue du 8 Mai 1945,47.284326,3.820147,Plein jour,En agglomération,Hors intersection,Normale,Autre collision,3,2,2,1,1,1,1,0,1,50,,2,1,0,0,1,68.0,,,,1,2,1,1,6
202100002517,2021-12-18 16:35:00,2021,12,18,16,35,72,72054,Les Bruyeres,48.002583,0.331564,Plein jour,Hors agglomération,Hors intersection,Normale,Deux véhicules - arrière,3,2,2,0,1,1,1,0,1,80,,2,1,0,0,1,61.0,42.0,,,1,1,1,1,2
202100002518,2021-12-19 17:45:00,2021,12,19,17,45,83,83056,Vieille Route de Grasse,43.5460182137,6.5239262581,Nuit sans éclairage public,Hors agglomération,Hors intersection,Normale,Deux véhicules - côté,3,2,2,0,1,2,1,0,1,80,,2,1,0,0,1,56.0,33.0,,,3,1,1,1,3
202100002519,2021-12-19 14:00:00,2021,12,19,14,0,45,45195,3 Route d Escrennes,48.104816,2.193146,Plein jour,En agglomération,Hors intersection,Temps couvert,Deux véhicules - frontale,3,2,2,0,1,1,2,0,5,50,,2,1,0,0,1,57.0,15.0,,,1,2,1,8,1
202100002520,2021-12-17 11:35:00,2021,12,17,11,35,45,45281,lieu dit la cléry route departementale 32,48.04125,3.031733,Plein jour,Hors agglomération,Hors intersection,Normale,Autre collision,3,2,2,0,2,2,1,0,3,70,,1,0,0,0,1,63.0,,,,1,1,1,1,6
202100002521,2021-12-19 17:30:00,2021,12,19,17,30,64,64504,RD4,43.310159,-1.566507,Plein jour,Hors agglomération,Hors intersection,Normale,Deux véhicules - frontale,3,2,2,0,1,3,1,0,1,80,,2,1,1,0,0,83.0,32.0,,,1,1,1,1,1
202100002522,2021-12-17 16:30:00,2021,12,17,16,30,43,43137,Le Regard,45.266392,4.159849,Plein jour,Hors agglomération,Hors intersection,Autre,Deux véhicules - frontale,3,2,2,0,2,3,7,0,1,80,,2,0,0,2,0,41.0,18.0,,,1,1,1,9,1
202100002523,2021-12-19 07:00:00,2021,12,19,7,0,53,53096,23 Avenue de la Libération,48.306078,-0.938858,Nuit avec éclairage allumé,Hors agglomération,Hors intersection,Brouillard / fumée,Autre collision,3,2,2,0,4,1,2,0,3,70,,1,0,0,1,0,18.0,,,,5,1,1,5,6
202100002524,2021-12-18 16:35:00,2021,12,18,16,35,85,85160,5 Rue de la Merlerie,46.592258,-1.397592,Plein jour,En agglomération,Hors intersection,Normale,Deux véhicules - arrière,4,2,2,0,2,1,1,0,1,50,,2,1,0,0,1,40.0,78.0,,,1,2,1,1,2
202100002525,2021-12-19 06:00:00,2021,12,19,6,0,27,27617,D14b,49.310358,1.51033,Nuit sans éclairage public,Hors agglomération,Hors intersection,Brouillard / fumée,Deux véhicules - frontale,3,2,2,0,1,1,2,0,1,80,,2,1,0,0,1,27.0,31.0,,,3,1,1,5,1
202100002526,2021-12-18 11:40:00,2021,12,18,11,40,28,28120,2 Rue de Senonches,48.665833,1.077585,Plein jour,En agglomération,Hors intersection,Normale,Sans collision,3,2,2,0,1,2,1,9,1,50,,1,0,0,1,0,31.0,,,,1,2,1,1,7
202100002527,2021-12-18 20:50:00,2021,12,18,20,50,973,97309,Boulevard Edmard Lama,4.906656,-52.277251,Nuit avec éclairage allumé,En agglomération,Hors intersection,Normale,Deux véhicules - arrière,4,2,2,0,1,1,1,0,1,50,,2,1,0,0,1,28.0,21.0,,,5,2,1,1,2
202100002528,2021-12-17 16:30:00,2021,12,17,16,30,24,24356,D45- lieu dit limouzinie,45.055834,0.941842,Plein jour,Hors agglomération,Hors intersection,Temps éblouissant,Deux véhicules - frontale,3,2,2,0,1,1,1,0,3,80,,1,0,0,0,1,61.0,,,,1,1,1,7,1
202100002529,2021-12-18 19:20:00,2021,12,18,19,20,60,60125,A1 PK 64+700,49.386033,2.701392,Nuit sans éclairage public,Hors agglomération,Hors intersection,Brouillard / fumée,Deux véhicules - côté,1,3,3,0,1,1,1,0,1,130,,4,3,0,0,1,21.0,81.0,,,3,1,1,5,3
202100002530,2021-12-19 08:00:00,2021,12,19,8,0,988,98803,La cigogne - Néméara,-21.53833,165.4714,Plein jour,Hors agglomération,Hors intersection,Normale,Autre collision,2,2,2,0,1,1,1,0,3,110,,1,0,0,1,0,19.0,,,,1,1,1,1,6
202100002531,2021-12-19 05:45:00,2021,12,19,5,45,29,29233,Rue Thiers,47.873492,-3.547942,Nuit avec éclairage non allumé,En agglomération,Hors intersection,Normale,Autre collision,4,2,2,0,2,2,1,0,1,30,,2,1,0,1,0,,,,,4,2,1,1,6
202100002532,2021-12-19 05:15:00,2021,12,19,5,15,11,11429,CD620,43.243972,2.384677,Nuit sans éclairage public,Hors agglomération,Hors intersection,Normale,Deux véhicules - côté,3,2,2,0,2,1,1,0,3,80,,2,1,0,1,0,18.0,,,,3,1,1,1,3
202100002533,2021-12-19 10:35:00,2021,12,19,10,35,13,13085,Route de Cassis,43.245003,5.568255,Plein jour,Hors agglomération,Hors intersection,Normale,Autre collision,7,2,2,0,1,1,7,0,3,80,,1,0,0,1,0,38.0,,,,1,1,1,1,6
202100002534,2021-12-19 15:34:00,2021,12,19,15,34,74,74128,D9,46.152917,6.340506,Plein jour,Hors agglomération,Hors intersection,Normale,Deux véhicules - frontale,3,2,2,0,4,3,2,0,1,-1,,5,0,0,1,4,26.0,50.0,,,1,1,1,1,1
202100002535,2021-12-18 19:45:00,2021,12,18,19,45,26,26220,Draye de Meyne,44.358965,5.140686,Nuit avec éclairage allumé,En agglomération,Giratoire,Normale,Deux véhicules - frontale,3,2,2,0,2,2,1,5,1,50,,3,1,0,1,1,49.0,17.0,,,5,2,6,1,1
202100002536,2021-12-18 20:05:00,2021,12,18,20,5,69,69200,991 PONCHARRA (DE) (RTE),45.864479,4.483164,Nuit avec éclairage allumé,En agglomération,Hors intersection,Normale,Deux véhicules - frontale,3,2,2,0,2,1,1,0,1,50,,2,0,0,0,2,22.0,36.0,,,5,2,1,1,1
202100002537,2021-12-17 21:58:00,2021,12,17,21,58,69,69094,COL DE LA LUERE (DU) (RTE),45.748824,4.663954,Nuit sans éclairage public,Hors agglomération,Intersection en X,Normale,Autre collision,3,2,2,0,2,2,1,1,1,70,,3,1,0,0,2,54.0,21.0,,,3,1,2,1,6
202100002538,2021-12-19 09:20:00,2021,12,19,9,20,81,81142,Route Départementale N 622,43.523037,2.083529,Plein jour,Hors agglomération,Hors intersection,Normale,Autre collision,3,2,2,0,1,1,1,0,3,80,,1,0,0,1,0,26.0,,,,1,1,1,1,6
202100002539,2021-12-18 20:30:00,2021,12,18,20,30,09,09006,avenue de la grotte,42.814965,1.586859,Nuit sans éclairage public,Hors agglomération,Hors intersection,Normale,Deux véhicules - frontale,3,2,2,0,2,3,1,0,1,80,,2,1,0,0,1,37.0,40.0,,,3,1,1,1,1
202100002540,2021-12-19 06:00:00,2021,12,19,6,0,17,17336,4 Rue des Nourauds,45.777872,-0.723672,Nuit avec éclairage allumé,Hors agglomération,Hors intersection,Normale,Sans collision,3,2,2,0,1,1,1,0,1,80,,3,0,0,2,1,29.0,,,,5,1,1,1,7
202100002541,2021-12-19 17:00:00,2021,12,19,17,0,47,47094,rd 813,44.452102,0.237794,Crépuscule ou aube,Hors agglomération,Hors intersection,Normale,Sans collision,3,2,2,0,3,3,1,0,3,70,,1,0,1,0,0,18.0,,,,2,1,1,1,7
202100002542,2021-12-02 19:35:00,2021,12,2,19,35,24,24361,Au Borde,44.844604,0.62253,Nuit sans éclairage public,Hors agglomération,Hors intersection,Pluie légère,Deux véhicules - frontale,3,2,2,0,1,1,2,9,1,70,,4,3,0,1,0,52.0,27.0,,,3,1,1,2,1
202100002543,2021-12-10 15:07:00,2021,12,10,15,7,44,44071,Route de la Louée,47.183993,-1.431247,Plein jour,En agglomération,Hors intersection,Normale,Deux véhicules - frontale,7,2,2,0,1,1,1,0,1,70,,2,1,0,1,0,67.0,75.0,,,1,2,1,1,1
202100002544,2021-12-18 18:15:00,2021,12,18,18,15,29,29032,D34 - Le Drennec,47.910467,-4.072527,Nuit sans éclairage public,Hors agglomération,Intersection en Y,Normale,Deux véhicules - côté,3,2,2,0,1,1,1,5,1,-1,,5,4,0,0,1,36.0,20.0,,,3,1,4,1,3
202100002545,2021-12-19 18:25:00,2021,12,19,18,25,60,60138,D1330,49.21758,2.599066,Nuit sans éclairage public,Hors agglomération,Hors intersection,Normale,Trois véhicules et plus - collisions multiples,3,2,3,0,1,1,1,0,1,90,,9,5,1,2,1,37.0,20.0,,,3,1,1,1,5
202100002546,2021-12-15 17:45:00,2021,12,15,17,45,60,60674,D973,49.379708,2.910054,Nuit sans éclairage public,Hors agglomération,Hors intersection,Temps couvert,Deux véhicules - côté,3,2,2,0,1,1,1,0,1,80,,2,1,0,1,0,24.0,46.0,,,3,1,1,8,3