accident_id,datetime,annee,mois,jour,heure,minute,departement,commune_insee,adresse,latitude,longitude,luminosite,agglomeration,intersection,meteo,collision,catr,circ,nbv,vosp,prof,plan,surf,infra,situ,vma,nb_vehicules,nb_usagers,nb_indemnes,nb_tues,nb_blesses_hosp,nb_blesses_legers,age_cond_1,age_cond_2,veh_type_cond_1,veh_type_cond_2,lum_code,agg_code,int_code,atm_code,col_code
202100002547,2021-12-19 07:56:00,2021,12,19,7,56,60,60103,D34,49.426552,2.240191,Crépuscule ou aube,Hors agglomération,Hors intersection,Normale,Deux véhicules - frontale,3,2,2,0,1,1,2,0,1,80,,2,0,0,0,2,26.0,42.0,,,2,1,1,1,1
202100002548,2021-12-18 20:00:00,2021,12,18,20,0,02,02430,rd977,49.617912,3.821247,Nuit sans éclairage public,Hors agglomération,Hors intersection,Normale,Sans collision,3,2,2,0,1,1,1,0,8,80,,2,0,0,1,1,55.0,,,,3,1,1,1,7
202100002549,2021-12-19 02:30:00,2021,12,19,2,30,80,80576,RD 154,49.727947,2.958927,Nuit sans éclairage public,Hors agglomération,Hors intersection,Brouillard / fumée,Deux véhicules - arrière,3,2,2,0,1,1,2,0,1,80,,2,1,1,0,0,44.0,23.0,,,3,1,1,5,2
202100002550,2021-12-19 01:15:00,2021,12,19,1,15,62,62474,hameau de la source - RD901,50.681606,1.637177,Nuit avec éclairage allumé,En agglomération,Hors intersection,Normale,Sans collision,3,2,2,0,1,1,1,0,3,50,,1,0,0,1,0,17.0,,,,5,2,1,1,7
202100002551,2021-12-15 17:50:00,2021,12,15,17,50,83,83047,A570,43.1344287109,6.0478663445,Crépuscule ou aube,Hors agglomération,Hors intersection,Normale,Deux véhicules - arrière,1,3,4,0,1,1,1,0,1,110,,2,1,0,0,1,36.0,82.0,,,2,1,1,1,2
202100002552,2021-12-13 21:55:00,2021,12,13,21,55,69,69288,A43,45.67059,5.04665,Nuit sans éclairage public,Hors agglomération,Hors intersection,Brouillard / fumée,Deux véhicules - arrière,1,3,6,0,1,1,2,0,1,130,,2,1,0,0,1,28.0,49.0,,,3,1,1,5,2
202100002553,2021-12-17 20:50:00,2021,12,17,20,50,33,33249,Autoroute A630,44.87866,-0.530164,Nuit avec éclairage non allumé,Hors agglomération,Hors intersection,Normale,Deux véhicules - arrière,1,3,6,0,4,2,1,2,1,70,,3,1,0,0,2,43.0,44.0,,,4,1,1,1,2
202100002554,2021-12-17 09:50:00,2021,12,17,9,50,33,33318,Rocade Sud Ouest A630 -E15-,44.78812,-0.630913,Plein jour,Hors agglomération,Hors intersection,Normale,Autre collision,1,3,6,0,1,1,1,3,1,90,,1,0,0,0,1,22.0,,,,1,1,1,1,6
202100002555,2021-12-16 18:56:00,2021,12,16,18,56,59,59378,AUTOROUTE A22,50.6638982571,3.1123924255,Nuit sans éclairage public,Hors agglomération,Hors intersection,Normale,Deux véhicules - arrière,1,-1,3,0,1,1,1,0,1,90,,2,1,0,1,0,52.0,,,,3,1,1,1,2
202100002556,2021-12-17 15:55:00,2021,12,17,15,55,94,94021,AUTOROUTE A6B,48.7704,2.3457,Plein jour,Hors agglomération,Hors intersection,Normale,Deux véhicules - côté,1,3,6,0,1,1,1,0,1,90,,2,1,0,0,1,19.0,27.0,,,1,1,1,1,3
202100002557,2021-12-17 14:30:00,2021,12,17,14,30,92,92002,AUTOROUTE A6,48.7362856864,2.3168760538,Plein jour,Hors agglomération,Hors intersection,Normale,Deux véhicules - arrière,1,1,3,0,1,1,1,2,1,110,,2,1,0,0,1,53.0,30.0,,,1,1,1,1,2
202100002558,2021-12-17 19:00:00,2021,12,17,19,0,78,78007,A13 Y,48.898672,2.005578,Nuit sans éclairage public,Hors agglomération,Autre intersection,Normale,Deux véhicules - côté,1,1,2,0,1,1,1,0,1,110,,2,1,0,0,1,,27.0,,,3,1,9,1,3
202100002559,2021-12-17 17:10:00,2021,12,17,17,10,92,92036,A86,48.9357640852,2.2872224731,Crépuscule ou aube,Hors agglomération,Hors intersection,Normale,Sans collision,1,3,2,0,2,1,1,0,1,50,,1,0,0,0,1,47.0,,,,2,1,1,1,7
202100002560,2021-12-17 13:30:00,2021,12,17,13,30,93,93007,AUTOROUTE A1,48.94882,2.4458,Plein jour,Hors agglomération,Hors intersection,Normale,Trois véhicules et plus - collisions multiples,1,3,8,0,1,1,1,1,1,110,,3,2,0,0,1,,55.0,,,1,1,1,1,5
202100002561,2021-12-17 07:50:00,2021,12,17,7,50,95,95572,RN 184,49.04519,2.12993,Nuit sans éclairage public,Hors agglomération,Hors intersection,Normale,Autre collision,2,3,4,0,1,2,1,0,1,90,,1,0,0,0,1,30.0,,,,3,1,1,1,6
202100002562,2021-12-16 09:25:00,2021,12,16,9,25,93,93066,AUTOROUTE A1,48.92309,2.35708,Plein jour,Hors agglomération,Hors intersection,Normale,Deux véhicules - arrière,1,1,3,0,1,1,1,0,1,90,,2,1,0,0,1,55.0,48.0,,,1,1,1,1,2
202100002563,2021-12-17 17:40:00,2021,12,17,17,40,77,77169,A4.Y,48.83298,2.59458,Nuit sans éclairage public,Hors agglomération,Hors intersection,Normale,Autre collision,1,-1,3,0,1,1,1,0,1,90,,1,0,0,0,1,39.0,,,,3,1,1,1,6
202100002564,2021-12-17 02:05:00,2021,12,17,2,5,77,77468,A4.W,48.8325208303,2.6605428724,Nuit sans éclairage public,Hors agglomération,Hors intersection,Normale,Autre collision,1,1,5,0,2,3,1,0,1,90,,3,1,0,0,2,42.0,73.0,,,3,1,1,1,6
202100002565,2021-06-10 18:40:00,2021,6,10,18,40,92,92040,BERTHELOT,48.8221504839,2.270905003,Plein jour,En agglomération,Intersection en T,Normale,Autre collision,4,2,0,0,1,1,1,0,1,50,,2,1,0,0,1,48.0,,,,1,2,3,1,6
202100002566,2021-12-16 18:50:00,2021,12,16,18,50,988,98818,PROMENADE PIERRE VERNIER,-22.30905,166.45177,Nuit avec éclairage allumé,En agglomération,Intersection en Y,Normale,Deux véhicules - côté,4,2,3,1,2,1,1,6,5,50,,2,1,0,1,0,48.0,55.0,,,5,2,4,1,3
202100002567,2021-12-15 19:30:00,2021,12,15,19,30,974,97411,RAMBAUD (LEOPOLD),-20.88655,55.48214,Nuit avec éclairage allumé,En agglomération,Hors intersection,Pluie légère,Deux véhicules - frontale,2,1,3,0,1,1,2,0,1,70,,2,1,0,0,1,70.0,,,,5,2,1,2,1
202100002568,2021-12-15 11:55:00,2021,12,15,11,55,974,97411,JAURES (BOULEVARD JEAN),-20.90531,55.50074,Plein jour,Hors agglomération,Hors intersection,Normale,Deux véhicules - côté,4,2,2,0,1,1,1,0,1,50,,2,1,0,0,1,,,,,1,1,1,1,3
202100002569,2021-12-16 13:00:00,2021,12,16,13,0,974,97409,Lefaguyes (chemin),-20.953859,55.670319,Plein jour,En agglomération,Hors intersection,Normale,Deux véhicules - côté,3,2,2,0,1,1,1,0,1,50,,2,1,0,0,1,35.0,48.0,,,1,2,1,1,3
202100002570,2021-12-16 13:45:00,2021,12,16,13,45,974,97407,MARINE(BOULEVARD),-20.95103,55.2851,Plein jour,Hors agglomération,Hors intersection,Pluie légère,Sans collision,4,-1,10,0,2,1,2,0,1,50,,1,0,0,0,1,26.0,,,,1,1,1,2,7
202100002571,2021-12-16 17:30:00,2021,12,16,17,30,973,97302,DE GAULLE (AVENUE),4.9398545925,-52.3273455799,Plein jour,En agglomération,Intersection en X,Pluie légère,Autre collision,4,2,2,0,1,1,2,0,1,50,,2,1,0,0,1,56.0,,,,1,2,2,2,6
202100002572,2021-12-16 07:40:00,2021,12,16,7,40,973,97302,MONTABO (ROUTE DE) 3,4.93511,-52.29329,Plein jour,En agglomération,Autre intersection,Normale,Deux véhicules - côté,3,2,2,0,1,1,1,9,1,70,,2,1,0,0,1,31.0,36.0,,,1,2,9,1,3
202100002573,2021-12-16 18:35:00,2021,12,16,18,35,69,69383,LACASSAGNE (AV),45.75452,4.86652,Nuit avec éclairage allumé,En agglomération,Intersection en X,Normale,Deux véhicules - côté,4,1,2,3,1,1,1,0,1,50,,4,3,1,0,0,61.0,39.0,,,5,2,2,1,3
202100002574,2021-12-16 15:10:00,2021,12,16,15,10,69,69199,MARCEL SEMBAT (R),45.71154,4.84488,Plein jour,En agglomération,Intersection en T,Pluie légère,Deux véhicules - côté,4,2,2,2,1,1,2,0,1,50,,2,1,0,0,1,68.0,74.0,,,1,2,3,2,3
202100002575,2021-12-16 08:40:00,2021,12,16,8,40,69,69383,ALFRED DE MUSSET (R),45.74703,4.89211,Plein jour,En agglomération,Hors intersection,Pluie légère,Autre collision,4,2,2,0,2,1,2,0,1,50,,2,1,0,0,1,38.0,,,,1,2,1,2,6
202100002576,2021-12-16 10:15:00,2021,12,16,10,15,972,97209,MORNE PICHEVIN (AVENUE),14.6041,-61.061602,Plein jour,En agglomération,Hors intersection,Normale,Sans collision,4,-1,1,0,1,1,1,0,1,30,,1,0,0,0,1,19.0,,,,1,2,1,1,7
202100002577,2021-12-16 06:45:00,2021,12,16,6,45,972,97209,SOLEIL LEVANT (BOULEVARD DU),14.61966,-61.03914,Plein jour,En agglomération,Hors intersection,Normale,Deux véhicules - côté,3,-1,1,0,1,1,1,5,1,50,,2,1,0,0,1,20.0,52.0,,,1,2,1,1,3
202100002578,2021-12-16 21:00:00,2021,12,16,21,0,69,69389,OBSERVANCE (DE L') (MO),45.76721,4.81158,Nuit avec éclairage allumé,En agglomération,Hors intersection,Normale,Sans collision,4,2,2,0,2,2,2,0,8,50,,1,0,0,0,1,34.0,,,,5,2,1,1,7
202100002579,2021-12-16 07:30:00,2021,12,16,7,30,69,69382,JEAN MOULIN (Q),45.76595,4.83809,Nuit avec éclairage allumé,En agglomération,Intersection en Y,Pluie légère,Deux véhicules - frontale,4,2,3,3,1,2,2,0,1,50,,2,1,0,0,1,54.0,76.0,,,5,2,4,2,1
202100002580,2021-12-15 12:25:00,2021,12,15,12,25,69,69381,CROIX ROUSSE (DE LA) (BD),45.7729661139,4.821383357,Plein jour,En agglomération,Intersection en T,Normale,Autre collision,4,2,3,2,1,1,1,0,1,50,,2,1,0,1,0,39.0,39.0,,,1,2,3,1,6
202100002581,2021-12-16 22:35:00,2021,12,16,22,35,2B,2B120,11 - RT,42.65486,9.44116,Nuit avec éclairage allumé,Hors agglomération,Hors intersection,Normale,Deux véhicules - arrière,2,1,2,0,1,1,1,5,1,50,,2,0,0,1,1,56.0,35.0,,,5,1,1,1,2
202100002582,2021-12-16 22:00:00,2021,12,16,22,0,2B,2B037,TOUTES RUES,42.6006339533,9.4385019855,Nuit sans éclairage public,Hors agglomération,Hors intersection,Normale,Deux véhicules - arrière,2,1,2,0,1,1,1,0,1,90,,5,2,0,0,3,32.0,34.0,,,3,1,1,1,2
202100002583,2021-12-16 17:50:00,2021,12,16,17,50,95,95280,CROIZAT AMBROISE,49.02158,2.45293,Nuit avec éclairage allumé,Hors agglomération,Hors intersection,Normale,Trois véhicules et plus - en chaîne,3,2,2,0,1,1,1,0,1,50,,3,2,0,0,1,62.0,41.0,,,5,1,1,1,4
202100002584,2021-12-16 19:20:00,2021,12,16,19,20,91,91377,AV DU MARECHAL LECLERC,48.71914,2.29887,Nuit avec éclairage allumé,En agglomération,Intersection en X,Normale,Deux véhicules - côté,3,3,4,0,1,1,1,5,1,50,,8,5,0,0,3,23.0,29.0,,,5,2,2,1,3
202100002585,2021-12-16 18:15:00,2021,12,16,18,15,91,91477,GRANDE CEINTURE (BOULEVARD),48.72115,2.25138,Nuit avec éclairage allumé,En agglomération,Hors intersection,Normale,Deux véhicules - frontale,3,-1,0,3,1,1,1,0,6,30,,2,0,0,0,2,21.0,30.0,,,5,2,1,1,1
202100002586,2021-12-16 10:40:00,2021,12,16,10,40,91,91161,AV PIERRE BROSSOLETTE,48.7024,2.3205,Plein jour,En agglomération,Giratoire,Normale,Autre collision,4,1,1,0,1,1,1,6,1,50,,2,1,0,0,1,39.0,,,,1,2,6,1,6
202100002587,2021-12-15 07:31:00,2021,12,15,7,31,87,87085,SAINT GENCE (RUE DE) (RD218),45.85045,1.22273,Nuit avec éclairage allumé,En agglomération,Hors intersection,Normale,Sans collision,4,2,2,0,1,1,7,0,1,50,,1,0,0,0,1,56.0,,,,5,2,1,1,7
202100002588,2021-12-16 14:50:00,2021,12,16,14,50,83,83137,15EME CORPS (AVE DU),43.12852,5.91271,Plein jour,En agglomération,Hors intersection,Normale,Deux véhicules - côté,3,2,2,0,1,1,1,0,1,50,,2,1,0,0,1,67.0,31.0,,,1,2,1,1,3
202100002589,2021-12-15 16:40:00,2021,12,15,16,40,81,81065,JULIEN ( RUE LUDOVIC),43.59259,2.20502,Plein jour,En agglomération,Hors intersection,Normale,Trois véhicules et plus - collisions multiples,4,2,2,0,1,1,1,0,1,50,,3,1,0,0,2,55.0,16.0,,,1,2,1,1,5
202100002590,2021-12-16 19:35:00,2021,12,16,19,35,81,81004,BOURDES (DE),43.92085,2.11562,Nuit avec éclairage allumé,En agglomération,Passage à niveau,Normale,Deux véhicules - côté,4,2,2,0,1,1,1,4,1,30,,2,1,1,0,0,45.0,18.0,,,5,2,8,1,3
202100002591,2021-12-15 08:55:00,2021,12,15,8,55,80,80021,BEAUVAIS (RUE DE),49.89244,2.29276,Plein jour,En agglomération,Hors intersection,Normale,Autre collision,4,1,2,3,1,1,1,0,1,30,,3,2,0,0,1,53.0,26.0,,,1,2,1,1,6
202100002592,2021-12-13 04:45:00,2021,12,13,4,45,77,77337,D499,48.8455,2.63219,Nuit sans éclairage public,Hors agglomération,Hors intersection,Normale,Autre collision,3,1,1,0,1,3,1,3,1,70,,1,0,0,0,1,37.0,,,,3,1,1,1,6
202100002593,2021-12-16 14:15:00,2021,12,16,14,15,77,77302,D40,48.2908,2.69874,Plein jour,Hors agglomération,Intersection en X,Temps couvert,Deux véhicules - arrière,3,2,2,0,1,1,1,9,1,70,,2,0,0,0,2,20.0,41.0,,,1,1,2,8,2
202100002594,2021-12-16 13:24:00,2021,12,16,13,24,76,76498,JAURES. AVENUE JEAN,49.4254,1.05822,Plein jour,En agglomération,Hors intersection,Vent fort / tempête,Trois véhicules et plus - collisions multiples,4,2,2,0,1,1,1,0,1,50,,5,3,0,0,2,,49.0,,,1,2,1,6,5
202100002595,2021-12-16 15:30:00,2021,12,16,15,30,72,72181,GAULLE GENERAL DE (AV DU),48.0040532253,0.1983907512,Plein jour,En agglomération,Giratoire,Normale,Autre collision,4,2,2,0,1,1,1,0,1,50,,3,1,0,0,2,51.0,,,,1,2,6,1,6
202100002596,2021-12-14 18:30:00,2021,12,14,18,30,72,72181,CHENE VERT (RUE DU),48.008006,0.189558,Nuit avec éclairage allumé,En agglomération,Intersection en Y,Normale,Autre collision,4,2,2,0,1,2,1,0,1,50,,3,2,0,0,1,51.0,25.0,,,5,2,4,1,6
202100002597,2021-12-14 11:50:00,2021,12,14,11,50,72,72003,ALLONNES PONT ROUGE (RTE D'),47.9741,0.15906,Plein jour,En agglomération,Hors intersection,Normale,Deux véhicules - côté,4,1,2,1,1,1,1,0,5,50,,2,1,0,0,1,16.0,28.0,,,1,2,1,1,3
202100002598,2021-12-16 14:30:00,2021,12,16,14,30,69,69266,ROGER SALENGRO (AV),45.7797930693,4.8821957409,Plein jour,En agglomération,Intersection en X,Pluie légère,Deux véhicules - côté,4,2,2,3,1,1,2,0,6,50,,2,1,0,0,1,,54.0,,,1,2,2,2,3
202100002599,2021-12-16 08:00:00,2021,12,16,8,0,69,69256,PAUL MARCELLIN (R),45.7761315016,4.9315524101,Plein jour,En agglomération,Hors intersection,Pluie légère,Deux véhicules - côté,4,2,2,1,1,3,2,0,5,50,,2,1,0,0,1,72.0,18.0,,,1,2,1,2,3
202100002600,2021-12-16 07:15:00,2021,12,16,7,15,69,69290,EST (ROC) RN 346,45.71399,4.96786,Nuit avec éclairage allumé,En agglomération,Giratoire,Pluie légère,Deux véhicules - côté,2,1,1,0,2,2,2,3,1,50,,2,1,0,0,1,54.0,17.0,,,5,2,6,2,3
202100002601,2021-12-15 14:25:00,2021,12,15,14,25,67,67447,CHASSEURS (RUE DES),48.60285,7.74752,Plein jour,En agglomération,Intersection en T,Normale,Deux véhicules - côté,4,1,2,0,1,1,1,0,1,50,,2,1,0,0,1,30.0,11.0,,,1,2,3,1,3
202100002602,2021-12-15 11:40:00,2021,12,15,11,40,67,67218,FRANÇOIS MITTERRAND (ALLEE),48.52683,7.70719,Plein jour,En agglomération,Hors intersection,Normale,Autre collision,4,2,2,0,1,3,1,0,4,30,,2,1,0,0,1,22.0,,,,1,2,1,1,6
202100002603,2021-12-16 18:55:00,2021,12,16,18,55,64,64445,Avenue Jean Mermoz,43.322104,-0.379194,Nuit avec éclairage allumé,En agglomération,Hors intersection,Normale,Deux véhicules - côté,4,2,5,1,1,1,1,0,1,50,,2,1,0,0,1,20.0,25.0,,,5,2,1,1,3
202100002604,2021-12-15 17:40:00,2021,12,15,17,40,64,64102,3 avenue roger Maylie,43.49065,-1.49558,Nuit avec éclairage allumé,En agglomération,Giratoire,Brouillard / fumée,Deux véhicules - côté,4,2,2,0,1,1,2,5,1,30,,2,1,0,0,1,23.0,36.0,,,5,2,6,5,3
202100002605,2021-12-15 07:20:00,2021,12,15,7,20,62,62224,DOCTEUR CHAUVAUX (RUE DU),50.53362,2.564646,Nuit avec éclairage allumé,En agglomération,Hors intersection,Pluie légère,Deux véhicules - arrière,3,-1,2,0,1,1,2,0,1,50,,2,1,0,1,0,68.0,17.0,,,5,2,1,2,2
202100002606,2021-12-16 17:10:00,2021,12,16,17,10,59,59648,CLEMENCEAU RUE,50.58823,3.05152,Crépuscule ou aube,En agglomération,Hors intersection,Normale,Autre collision,7,1,2,3,1,1,1,0,6,50,,2,0,0,1,1,54.0,,,,2,2,1,1,6
202100002607,2021-12-16 17:05:00,2021,12,16,17,5,56,56260,ROOSEVELT(AVENUE),47.659,-2.7689,Plein jour,En agglomération,Hors intersection,Normale,Deux véhicules - côté,3,1,2,1,1,1,1,0,1,50,,2,1,0,0,1,32.0,60.0,,,1,2,1,1,3
202100002608,2021-12-14 08:30:00,2021,12,14,8,30,55,55352,RD 152,48.7314,5.15652,Plein jour,Hors agglomération,Hors intersection,Brouillard / fumée,Autre collision,3,2,2,0,4,2,2,0,8,80,,1,0,1,0,0,28.0,,,,1,1,1,5,6
202100002609,2021-12-13 08:45:00,2021,12,13,8,45,51,51506,Avenue de Metz,48.9591,4.3838,Plein jour,En agglomération,Intersection en X,Normale,Deux véhicules - côté,3,2,4,0,1,1,1,0,1,50,,2,1,0,1,0,66.0,31.0,,,1,2,2,1,3
202100002610,2021-12-16 12:35:00,2021,12,16,12,35,45,45147,FOSSES (RUE DES FOSSES),47.9274911037,1.9248819351,Plein jour,En agglomération,Intersection en X,Normale,Deux véhicules - côté,7,2,2,1,1,1,1,0,1,50,,2,1,0,0,1,35.0,39.0,,,1,2,2,1,3
202100002611,2021-12-15 17:20:00,2021,12,15,17,20,45,45234,FAUBOURG BANNIER (RUE DU ),47.91337,1.89977,Nuit avec éclairage allumé,En agglomération,Hors intersection,Normale,Sans collision,7,2,2,0,1,1,1,0,1,50,,2,1,0,0,1,39.0,40.0,,,5,2,1,1,7
202100002612,2021-12-15 21:45:00,2021,12,15,21,45,44,44184,VERNE (RUE JULES),47.29613,-2.19211,Nuit avec éclairage allumé,En agglomération,Intersection en X,Normale,Deux véhicules - côté,4,2,2,0,1,1,1,0,1,30,,2,1,0,0,1,58.0,22.0,,,5,2,2,1,3
202100002613,2021-12-11 17:00:00,2021,12,11,17,0,44,44184,LIBÉRATION (BOULEVARD DE LA),47.28229,-2.20554,Plein jour,En agglomération,Intersection en X,Pluie légère,Deux véhicules - arrière,4,2,2,2,1,1,2,0,1,50,,2,1,0,0,1,35.0,53.0,,,1,2,2,2,2
202100002614,2021-12-15 18:25:00,2021,12,15,18,25,44,44114,AVENUE DE LA PAQUELAIS,47.24723,-1.60221,Nuit avec éclairage allumé,En agglomération,Hors intersection,Normale,Deux véhicules - arrière,4,2,2,2,1,1,1,0,3,50,,2,1,0,0,1,32.0,49.0,,,5,2,1,1,2
202100002615,2021-12-10 16:35:00,2021,12,10,16,35,42,42218,Place de la République,45.44434,4.3636,Plein jour,En agglomération,Hors intersection,Normale,Autre collision,4,2,2,0,3,1,1,0,6,30,,2,1,0,0,1,23.0,,,,1,2,1,1,6
202100002616,2021-12-13 14:15:00,2021,12,13,14,15,40,40192,KENNEDY (AV DU PRESIDENT J.F.),43.88246,-0.49718,Plein jour,En agglomération,Intersection en T,Normale,Deux véhicules - arrière,3,2,2,1,1,1,1,0,1,50,,1,0,0,0,1,66.0,,,,1,2,3,1,2
202100002617,2021-12-16 12:50:00,2021,12,16,12,50,37,37261,FRANCE (PLACE ANATOLE),47.3966661311,0.6860688329,Plein jour,En agglomération,Hors intersection,Normale,Deux véhicules - côté,4,2,4,0,1,1,1,0,1,50,,2,0,0,0,2,18.0,24.0,,,1,2,1,1,3
202100002618,2021-12-16 18:30:00,2021,12,16,18,30,35,35238,LORIENT (DE),48.10756,-1.71633,Nuit avec éclairage allumé,En agglomération,Autre intersection,Normale,Deux véhicules - côté,2,3,4,3,1,1,1,0,1,50,,2,1,0,0,1,42.0,27.0,,,5,2,9,1,3
202100002619,2021-12-15 16:10:00,2021,12,15,16,10,35,35238,LAENNEC (BD RENE),48.109854,-1.665677,Plein jour,En agglomération,Intersection en X,Normale,Deux véhicules - côté,4,2,2,2,1,1,1,0,5,50,,2,1,0,0,1,28.0,18.0,,,1,2,2,1,3
202100002620,2021-12-16 16:50:00,2021,12,16,16,50,33,33318,Avenue du Haut Lévêque,44.7985,-0.66302,Plein jour,En agglomération,Hors intersection,Normale,Autre collision,4,3,4,3,1,1,1,0,6,50,,1,0,0,0,1,37.0,,,,1,2,1,1,6
202100002621,2021-12-16 08:15:00,2021,12,16,8,15,31,31555,NARBONNE (ROUTE DE),43.57176,1.45366,Plein jour,En agglomération,Autre intersection,Temps éblouissant,Deux véhicules - côté,7,2,6,2,1,1,1,3,1,50,,2,1,0,1,0,25.0,30.0,,,1,2,9,7,3
202100002622,2021-12-16 07:30:00,2021,12,16,7,30,27,27701,FALAISES (ROUTE DES) NATION A ANDELLE,49.27048,1.21245,Nuit avec éclairage allumé,En agglomération,Hors intersection,Normale,Deux véhicules - côté,4,2,2,3,1,1,1,5,4,30,,2,1,0,0,1,37.0,50.0,,,5,2,1,1,3
202100002623,2021-12-16 15:50:00,2021,12,16,15,50,25,25462,DOUBS DE (DU 0 AU 24),46.90994,6.35493,Plein jour,En agglomération,Intersection en X,Normale,Deux véhicules - côté,3,2,0,0,1,1,1,0,1,50,,2,1,0,0,1,87.0,57.0,,,1,2,2,1,3
202100002624,2021-12-11 00:45:00,2021,12,11,0,45,17,17415,BERTHELOT RUE MARCELIN,45.743041,-0.621093,Nuit avec éclairage allumé,En agglomération,Hors intersection,Normale,Deux véhicules - côté,4,2,2,0,1,1,1,0,1,50,,2,1,0,1,0,28.0,17.0,,,5,2,1,1,3
202100002625,2021-12-16 01:10:00,2021,12,16,1,10,13,13117,GELU  ( AVENUE VICTOR ),43.44534,5.2466,Nuit avec éclairage allumé,En agglomération,Hors intersection,Autre,Deux véhicules - frontale,4,2,0,0,2,1,2,0,4,50,,2,0,1,0,1,22.0,,,,5,2,1,9,1
202100002626,2021-12-15 15:45:00,2021,12,15,15,45,13,13117,8 MAI 1945 (AVENUE),43.42516,5.27806,Plein jour,En agglomération,Intersection en T,Normale,Deux véhicules - frontale,4,2,2,0,1,1,1,0,1,50,,2,1,0,1,0,20.0,23.0,,,1,2,3,1,1
202100002627,2021-12-15 09:50:00,2021,12,15,9,50,13,13117,TOUCHE ( RUE HILAIRE),43.44705,5.24795,Plein jour,En agglomération,Hors intersection,Normale,Autre collision,6,1,2,0,1,1,1,0,1,20,,2,1,1,0,0,56.0,,,,1,2,1,1,6
202100002628,2021-12-16 11:50:00,2021,12,16,11,50,13,13211,SAINT MENET (MONTEE),43.294524733,5.491107597,Plein jour,En agglomération,Autre intersection,Normale,Deux véhicules - côté,4,2,2,0,2,1,1,0,1,50,,2,0,0,1,1,30.0,20.0,,,1,2,9,1,3
202100002629,2021-12-16 12:30:00,2021,12,16,12,30,13,13214,DANIEL CASANOVA (BOULEVARD),43.329044325,5.3756949881,Plein jour,En agglomération,Hors intersection,Normale,Deux véhicules - côté,4,2,3,0,1,1,1,0,1,50,,2,1,0,0,1,19.0,,,,1,2,1,1,3
202100002630,2021-12-16 07:45:00,2021,12,16,7,45,13,13213,CROIX ROUGE (AVENUE),43.3331261614,5.4376428137,Plein jour,En agglomération,Hors intersection,Normale,Deux véhicules - côté,4,2,2,0,1,1,1,0,1,50,,2,1,0,0,1,23.0,,,,1,2,1,1,3
202100002631,2021-12-16 17:50:00,2021,12,16,17,50,13,13047,RN 1569,43.51439,4.96429,Nuit sans éclairage public,Hors agglomération,Hors intersection,Normale,Trois véhicules et plus - en chaîne,2,2,2,0,1,1,1,0,1,80,,6,2,0,4,0,54.0,25.0,,,3,1,1,1,4
202100002632,2021-12-16 11:00:00,2021,12,16,11,0,13,13005,BROSSOLETTE (AVENUE PIERRE),43.2871678484,5.553137973,Plein jour,En agglomération,Hors intersection,Normale,Deux véhicules - arrière,4,2,1,0,3,1,1,9,1,30,,2,1,0,0,1,30.0,,,,1,2,1,1,2
202100002633,2021-12-15 17:30:00,2021,12,15,17,30,13,13005,SALENGRO (AVENUE ROGER),43.29808,5.56906,Nuit avec éclairage allumé,En agglomération,Autre intersection,Normale,Deux véhicules - côté,4,2,2,0,1,1,1,0,1,50,,2,1,0,0,1,26.0,22.0,,,5,2,9,1,3
202100002634,2021-12-15 21:00:00,2021,12,15,21,0,10,10387,RAVELIN (RUE),48.29701,4.06497,Nuit avec éclairage allumé,En agglomération,Hors intersection,Normale,Autre collision,4,1,1,0,1,2,1,0,1,30,,2,1,0,0,1,32.0,,,,5,2,1,1,6
202100002635,2021-12-16 14:10:00,2021,12,16,14,10,06,06069,PROVENCE (AVENUE DE),43.65639,6.92506,Plein jour,En agglomération,Hors intersection,Normale,Deux véhicules - frontale,4,2,2,0,1,3,1,0,1,50,,2,1,0,0,1,28.0,24.0,,,1,2,1,1,1
202100002636,2021-12-16 15:50:00,2021,12,16,15,50,04,04112,Av Jean Moulin,43.82968,5.77845,Plein jour,En agglomération,Hors intersection,Normale,Autre collision,4,2,2,0,1,1,1,5,6,30,,2,1,0,0,1,82.0,,,,1,2,1,1,6
202100002637,2021-12-16 18:20:00,2021,12,16,18,20,75,75119,PORTE DE PANTIN,48.891777,2.395562,Nuit avec éclairage allumé,En agglomération,Hors intersection,Normale,Deux véhicules - côté,4,1,4,0,1,1,1,0,1,70,,2,1,0,0,1,28.0,34.0,,,5,2,1,1,3
202100002638,2021-12-16 08:15:00,2021,12,16,8,15,75,75117,PORTE DE CLICHY,48.898351,2.314643,Plein jour,En agglomération,Hors intersection,Normale,Trois véhicules et plus - collisions multiples,4,1,4,0,1,1,1,0,1,70,,3,2,0,0,1,29.0,54.0,,,1,2,1,1,5
202100002639,2021-12-15 17:00:00,2021,12,15,17,0,75,75120,PORTE DE MONTREUIL,48.85993,2.413982,Nuit avec éclairage allumé,En agglomération,Hors intersection,Normale,Deux véhicules - côté,4,1,4,0,1,1,1,0,1,70,,2,1,0,0,1,28.0,58.0,,,5,2,1,1,3
202100002640,2021-12-16 02:29:00,2021,12,16,2,29,75,75111,AVENUE DE LA REPUBLIQUE,48.863821,2.382287,Nuit avec éclairage allumé,En agglomération,Intersection en Y,Normale,Autre collision,4,2,4,2,1,1,1,0,1,30,,2,0,0,2,0,27.0,,,,5,2,4,1,6