accident_id,datetime,annee,mois,jour,heure,minute,departement,commune_insee,adresse,latitude,longitude,luminosite,agglomeration,intersection,meteo,collision,catr,circ,nbv,vosp,prof,plan,surf,infra,situ,vma,nb_vehicules,nb_usagers,nb_indemnes,nb_tues,nb_blesses_hosp,nb_blesses_legers,age_cond_1,age_cond_2,veh_type_cond_1,veh_type_cond_2,lum_code,agg_code,int_code,atm_code,col_code
202100002641,2021-12-15 12:36:00,2021,12,15,12,36,75,75105,BOULEVARD DE PORT ROYAL,48.837695,2.345502,Plein jour,En agglomération,Intersection en X,Normale,Autre collision,4,2,4,0,1,1,1,0,1,30,,2,1,0,0,1,58.0,,,,1,2,2,1,6
202100002642,2021-12-16 18:45:00,2021,12,16,18,45,75,75119,BOULEVARD PERIPHERIQUE EXTERIEUR NORD  ,48.90073,2.372563,Nuit avec éclairage allumé,En agglomération,Hors intersection,Normale,Deux véhicules - arrière,4,1,4,0,1,1,1,0,1,70,,2,1,0,0,1,48.0,49.0,,,5,2,1,1,2
202100002643,2021-12-16 06:40:00,2021,12,16,6,40,75,75118,RUE DOUDEAUVILLE,48.888766,2.356739,Nuit avec éclairage allumé,En agglomération,Hors intersection,Normale,Deux véhicules - arrière,4,1,1,0,1,1,1,0,1,30,,2,1,0,1,0,41.0,38.0,,,5,2,1,1,2
202100002644,2021-12-16 18:43:00,2021,12,16,18,43,75,75117,AVENUE DE VILLIERS,48.881603,2.315197,Crépuscule ou aube,En agglomération,Hors intersection,Normale,Autre collision,4,2,2,0,1,1,1,0,1,30,,2,1,0,1,0,29.0,,,,2,2,1,1,6
202100002645,2021-12-16 02:30:00,2021,12,16,2,30,75,75116,BOULEVARD SUCHET,48.850532,2.260277,Nuit avec éclairage allumé,En agglomération,Intersection en T,Normale,Autre collision,4,2,3,0,1,1,1,0,1,50,,1,0,0,0,1,46.0,,,,5,2,3,1,6
202100002646,2021-12-16 11:25:00,2021,12,16,11,25,75,75114,RUE PERNETY,48.833198,2.319332,Plein jour,En agglomération,Intersection en T,Normale,Sans collision,4,1,1,0,1,1,1,0,1,30,,1,0,0,0,1,41.0,,,,1,2,3,1,7
202100002647,2021-12-16 18:30:00,2021,12,16,18,30,75,75113,AVENUE D ITALIE,48.829591,2.356213,Nuit avec éclairage allumé,En agglomération,Hors intersection,Normale,Deux véhicules - côté,4,2,4,1,1,1,1,0,1,30,,2,0,0,0,2,20.0,34.0,,,5,2,1,1,3
202100002648,2021-12-16 02:05:00,2021,12,16,2,5,75,75107,QUAI BRANLY,48.860467,2.295214,Nuit avec éclairage allumé,En agglomération,Hors intersection,Normale,Sans collision,4,1,2,1,1,1,1,0,1,30,,1,0,0,0,1,33.0,,,,5,2,1,1,7
202100002649,2021-12-16 00:10:00,2021,12,16,0,10,75,75111,BOULEVARD VOLTAIRE,48.85131,2.391015,Nuit avec éclairage allumé,En agglomération,Hors intersection,Normale,Deux véhicules - côté,4,2,4,1,1,1,1,-1,5,30,,2,1,0,0,1,,27.0,,,5,2,1,1,3
202100002650,2021-12-16 19:55:00,2021,12,16,19,55,75,75110,RUE LA FAYETTE,48.881607,2.365773,Nuit avec éclairage allumé,En agglomération,Intersection en X,Normale,Deux véhicules - côté,4,2,4,0,1,1,1,0,1,30,,2,1,0,0,1,32.0,60.0,,,5,2,2,1,3
202100002651,2021-12-15 21:15:00,2021,12,15,21,15,94,94068,Boulevard de la Marne,48.789,2.509,Nuit avec éclairage allumé,En agglomération,Intersection en X,Normale,Deux véhicules - côté,4,2,1,0,1,1,1,0,1,50,,3,2,0,0,1,61.0,52.0,,,5,2,2,1,3
202100002652,2021-12-16 18:20:00,2021,12,16,18,20,94,94003,Rue Maxime Bacquet,48.79948,2.33779,Nuit avec éclairage allumé,En agglomération,Hors intersection,Normale,Autre collision,4,1,1,0,1,1,1,0,1,40,,3,1,0,0,2,20.0,,,,5,2,1,1,6
202100002653,2021-12-15 08:50:00,2021,12,15,8,50,94,94041,BRANDEBOURG (BD DE),48.81446,2.3946,Plein jour,En agglomération,Intersection en X,Temps couvert,Deux véhicules - côté,4,2,2,0,1,1,1,0,1,50,,2,1,0,0,1,32.0,,,,1,2,2,8,3
202100002654,2021-12-16 08:30:00,2021,12,16,8,30,94,94022,JEAN JAURES (R),48.76605,2.41126,Plein jour,En agglomération,Hors intersection,Normale,Autre collision,3,1,2,0,1,1,1,2,1,50,,3,2,0,0,1,50.0,,,,1,2,1,1,6
202100002655,2021-12-15 23:00:00,2021,12,15,23,0,94,94081,Avenue Rouget de Lisle,48.7824,2.39408,Nuit avec éclairage allumé,En agglomération,Hors intersection,Normale,Deux véhicules - arrière,3,3,4,0,1,1,1,0,1,50,,2,1,0,0,1,25.0,32.0,,,5,2,1,1,2
202100002656,2021-12-01 07:30:00,2021,12,1,7,30,94,94017,Avenue du Général de Gaulle,48.826239,2.505272,Nuit avec éclairage allumé,En agglomération,Hors intersection,Pluie légère,Deux véhicules - côté,3,2,4,0,1,1,2,0,1,50,,2,1,0,0,1,38.0,39.0,,,5,2,1,2,3
202100002657,2021-12-15 23:35:00,2021,12,15,23,35,93,93064,BREMENT (RUE DE),48.8870290359,2.4680179183,Nuit avec éclairage allumé,En agglomération,Hors intersection,Normale,Trois véhicules et plus - en chaîne,3,1,1,0,1,1,1,0,1,50,,3,1,0,0,2,33.0,30.0,,,5,2,1,1,4
202100002658,2021-12-16 09:15:00,2021,12,16,9,15,93,93077,GRANDE RUE,48.88251,2.52439,Plein jour,En agglomération,Hors intersection,Normale,Deux véhicules - côté,3,2,2,0,1,1,1,0,1,50,,3,2,0,0,1,37.0,34.0,,,1,2,1,1,3
202100002659,2021-12-15 23:20:00,2021,12,15,23,20,93,93014,MONTFERMEIL (ALLEE DE),48.8993097826,2.5414466858,Nuit avec éclairage allumé,En agglomération,Hors intersection,Normale,Deux véhicules - côté,3,2,3,1,1,1,1,0,1,50,,2,1,0,0,1,29.0,23.0,,,5,2,1,1,3
202100002660,2021-12-16 15:20:00,2021,12,16,15,20,93,93057,PASTEUR (BD) 1 A 63,48.8999612361,2.5090079777,Plein jour,Hors agglomération,Hors intersection,Normale,Trois véhicules et plus - collisions multiples,4,-1,1,0,1,1,1,0,1,50,,3,2,0,0,1,30.0,48.0,,,1,1,1,1,5
202100002661,2021-12-16 13:00:00,2021,12,16,13,0,93,93005,DOCTEUR FLEMING (RUE DU),48.9519605689,2.5179761873,Plein jour,En agglomération,Hors intersection,Normale,Autre collision,4,2,2,0,1,1,1,0,4,50,,1,0,0,0,1,70.0,,,,1,2,1,1,6
202100002662,2021-12-16 16:10:00,2021,12,16,16,10,93,93001,MADELEINE VIONNET(RUE),48.9022978009,2.3734760284,Crépuscule ou aube,En agglomération,Hors intersection,Normale,Deux véhicules - côté,4,2,4,0,1,1,1,0,1,50,,2,1,0,0,1,27.0,39.0,,,2,2,1,1,3
202100002663,2021-12-16 13:00:00,2021,12,16,13,0,92,92075,RAYMOND MARCHERON (RUE),48.8190413885,2.2873368859,Plein jour,En agglomération,Hors intersection,Normale,Autre collision,4,2,2,0,1,1,1,0,1,50,,2,1,0,0,1,62.0,,,,1,2,1,1,6
202100002664,2021-12-16 13:10:00,2021,12,16,13,10,92,92062,WALLACE (BD RICHARD) DU 17 AU 91 ET DU 3,48.880896,2.237632,Plein jour,En agglomération,Hors intersection,Normale,Autre collision,3,2,2,0,1,1,1,0,8,30,,2,1,0,0,1,37.0,,,,1,2,1,1,6
202100002665,2021-12-13 19:45:00,2021,12,13,19,45,92,92044,CAMILLE PELLETAN(RUE)17 + ET 14+,48.895885,2.289962,Nuit avec éclairage allumé,En agglomération,Hors intersection,Normale,Deux véhicules - arrière,4,1,1,0,1,1,1,0,1,50,,2,1,0,0,1,25.0,55.0,,,5,2,1,1,2
202100002666,2021-12-17 08:20:00,2021,12,17,8,20,60,60102,RD 200,49.306532,2.533379,Plein jour,Hors agglomération,Hors intersection,Temps couvert,Deux véhicules - frontale,3,2,4,0,1,1,1,0,1,90,,3,2,0,1,0,33.0,44.0,,,1,1,1,8,1
202100002667,2021-12-18 08:45:00,2021,12,18,8,45,37,37035,,46.9982911289,0.3183135018,Plein jour,Hors agglomération,Intersection en Y,Autre,Autre collision,3,2,2,0,1,3,7,0,3,80,,1,0,1,0,0,88.0,,,,1,1,4,9,6
202100002668,2021-12-15 08:25:00,2021,12,15,8,25,43,43040,Avenue Léon Blum,45.2896270547,3.3867877722,Crépuscule ou aube,En agglomération,Intersection en T,Normale,Deux véhicules - côté,3,2,2,0,1,1,2,5,5,-1,,2,1,0,1,0,28.0,15.0,,,2,2,3,1,3
202100002669,2021-12-18 06:35:00,2021,12,18,6,35,21,21473,A31 PK 031.950,47.244076,5.071939,Nuit sans éclairage public,Hors agglomération,Hors intersection,Autre,Autre collision,1,3,4,0,1,2,7,0,8,130,,2,0,1,1,0,28.0,,,,3,1,1,9,6
202100002670,2021-12-18 10:35:00,2021,12,18,10,35,12,12096,Boulevard Joseph Poulenc,44.522443,2.762825,Plein jour,En agglomération,Intersection en T,Normale,Autre collision,3,2,1,0,1,1,1,0,1,50,,2,1,0,1,0,61.0,,,,1,2,3,1,6
202100002671,2021-11-19 15:30:00,2021,11,19,15,30,35,35109,route départementale 777 pk 19,48.0893689186,-1.2334922729,Plein jour,Hors agglomération,Hors intersection,Normale,Deux véhicules - frontale,3,2,2,0,1,1,1,0,1,80,,4,0,0,0,4,20.0,26.0,,,1,1,1,1,1
202100002672,2021-12-17 14:00:00,2021,12,17,14,0,62,62043,D943,50.908154,1.934248,Plein jour,En agglomération,Intersection en X,Normale,Deux véhicules - côté,3,2,2,0,1,1,1,0,1,50,,3,0,0,1,2,77.0,44.0,,,1,2,2,1,3
202100002673,2021-12-17 08:45:00,2021,12,17,8,45,971,97109,"route nationale 1, dos d'ane",15.995681,-61.679065,Plein jour,Hors agglomération,Hors intersection,Pluie forte,Deux véhicules - frontale,2,2,2,0,4,3,2,0,1,80,,6,0,1,3,2,58.0,73.0,,,1,1,1,3,1
202100002674,2021-12-17 19:20:00,2021,12,17,19,20,51,51265,D53,48.689618,3.785101,Nuit sans éclairage public,Hors agglomération,Hors intersection,Normale,Trois véhicules et plus - en chaîne,3,2,2,0,1,3,1,0,1,90,,4,2,0,2,0,18.0,58.0,,,3,1,1,1,4
202100002675,2021-12-18 04:30:00,2021,12,18,4,30,79,79195,,46.916911,-0.568383,Nuit sans éclairage public,Hors agglomération,Hors intersection,Brouillard / fumée,Sans collision,3,2,2,0,3,3,7,0,8,80,,1,0,1,0,0,20.0,,,,3,1,1,5,7
202100002676,2021-12-17 19:20:00,2021,12,17,19,20,80,80130,D211,49.891123,2.146626,Nuit sans éclairage public,Hors agglomération,Hors intersection,Normale,Trois véhicules et plus - collisions multiples,3,2,2,0,1,1,2,0,1,80,,3,1,0,2,0,31.0,33.0,,,3,1,1,1,5
202100002677,2021-12-17 16:25:00,2021,12,17,16,25,82,82112,Route de Laujol,44.140453,1.103262,Plein jour,Hors agglomération,Intersection en T,Normale,Autre collision,3,2,2,0,1,2,1,2,1,80,,2,0,0,1,1,37.0,,,,1,1,3,1,6
202100002678,2021-12-09 17:00:00,2021,12,9,17,0,71,71345,D15,46.446674,4.782362,Crépuscule ou aube,Hors agglomération,Hors intersection,Normale,Autre collision,3,2,2,0,2,3,2,0,3,80,,1,0,0,1,0,18.0,,,,2,1,1,1,6
202100002679,2021-12-17 20:20:00,2021,12,17,20,20,12,12044,D902 ,43.836949,2.846489,Nuit sans éclairage public,Hors agglomération,Hors intersection,Normale,Autre collision,3,2,2,0,1,1,2,0,3,90,,2,1,0,1,0,58.0,,,,3,1,1,1,6
202100002680,2021-12-17 07:45:00,2021,12,17,7,45,41,41280,Route de Romorantin,47.317319,1.761321,Crépuscule ou aube,Hors agglomération,Hors intersection,Normale,Deux véhicules - côté,3,2,2,0,1,1,2,0,1,80,,2,1,0,1,0,14.0,32.0,,,2,1,1,1,3
202100002681,2021-12-13 08:10:00,2021,12,13,8,10,35,35081,"RD 21, clairville",48.182477,-1.85302,Nuit sans éclairage public,Hors agglomération,Hors intersection,Temps couvert,Autre collision,7,2,2,0,1,3,2,0,1,70,,2,1,0,1,0,36.0,,,,3,1,1,8,6
202100002682,2021-12-17 11:30:00,2021,12,17,11,30,35,35184,Route Departementale 61,48.207826,-2.045705,Plein jour,Hors agglomération,Hors intersection,Normale,Trois véhicules et plus - collisions multiples,3,2,2,0,2,1,1,0,1,-1,,3,1,0,0,2,45.0,24.0,,,1,1,1,1,5
202100002683,2021-12-18 15:15:00,2021,12,18,15,15,70,70433,Rue Jean Poirey,47.615338,6.167949,Crépuscule ou aube,En agglomération,Giratoire,Normale,Deux véhicules - côté,3,2,2,0,1,1,1,0,1,50,,2,1,0,0,1,76.0,63.0,,,2,2,6,1,3
202100002684,2021-12-17 11:10:00,2021,12,17,11,10,72,72041,RD29,48.081335,0.630072,Plein jour,Hors agglomération,Hors intersection,Temps couvert,Deux véhicules - frontale,3,2,2,0,1,3,1,0,1,80,,3,2,0,0,1,49.0,24.0,,,1,1,1,8,1
202100002685,2021-12-18 17:20:00,2021,12,18,17,20,14,14626,D164,49.084202,0.282311,Plein jour,Hors agglomération,Intersection en X,Normale,Deux véhicules - côté,3,2,1,0,1,1,1,0,1,70,,3,1,0,2,0,39.0,17.0,,,1,1,2,1,3
202100002686,2021-12-18 17:50:00,2021,12,18,17,50,60,60622,D108,49.684985,1.97329,Nuit sans éclairage public,Hors agglomération,Hors intersection,Brouillard / fumée,Sans collision,3,2,1,0,1,1,8,0,3,80,,1,0,0,0,1,36.0,,,,3,1,1,5,7
202100002687,2021-12-17 15:35:00,2021,12,17,15,35,45,45026,6 Rue du Midi,48.133679,2.987512,Plein jour,En agglomération,Hors intersection,Normale,Autre collision,3,2,2,0,1,1,1,0,1,30,,1,0,0,0,1,15.0,,,,1,2,1,1,6
202100002688,2021-12-17 23:20:00,2021,12,17,23,20,10,10296,17 Grande Rue,48.060937,4.380997,Nuit avec éclairage allumé,En agglomération,Hors intersection,Normale,Autre collision,3,2,2,0,1,1,2,0,1,50,,1,0,0,1,0,37.0,,,,5,2,1,1,6
202100002689,2021-12-18 00:05:00,2021,12,18,0,5,07,07064,Route de Chantelauve,44.90216,4.420797,Nuit avec éclairage allumé,En agglomération,Hors intersection,Normale,Autre collision,4,2,2,0,1,2,1,0,8,50,,1,0,0,0,1,29.0,,,,5,2,1,1,6
202100002690,2021-12-17 17:30:00,2021,12,17,17,30,53,53243,Rue du Maine,48.135413,-0.897532,Nuit sans éclairage public,Hors agglomération,Hors intersection,Normale,Deux véhicules - frontale,3,2,2,0,2,1,1,0,1,70,,2,1,0,1,0,59.0,54.0,,,3,1,1,1,1
202100002691,2021-12-17 17:40:00,2021,12,17,17,40,37,37115,Céry,46.9974532934,0.719762072,Crépuscule ou aube,Hors agglomération,Hors intersection,Normale,Autre collision,4,2,2,0,1,1,1,0,3,80,,1,0,0,1,0,38.0,,,,2,1,1,1,6
202100002692,2021-12-17 15:10:00,2021,12,17,15,10,30,30336,D126,43.879969,4.628452,Plein jour,Hors agglomération,Intersection en X,Temps éblouissant,Deux véhicules - côté,3,2,2,0,1,1,1,9,1,80,,2,1,0,1,0,70.0,48.0,,,1,1,2,7,3
202100002693,2021-12-17 17:19:00,2021,12,17,17,19,30,30354,d 907,43.950061,4.135183,Crépuscule ou aube,Hors agglomération,Hors intersection,Normale,Sans collision,3,2,2,0,1,2,1,0,3,80,,1,0,1,0,0,81.0,,,,2,1,1,1,7
202100002694,2021-12-18 02:00:00,2021,12,18,2,0,08,08361,Av des Martyrs de la Resistance,49.831381,4.603052,Nuit sans éclairage public,En agglomération,Hors intersection,Normale,Deux véhicules - arrière,3,2,2,0,2,1,1,0,1,50,,4,1,0,2,1,41.0,42.0,,,3,2,1,1,2
202100002695,2021-12-18 07:30:00,2021,12,18,7,30,987,98715,RT1 - PK 2+650,-17.584522,-149.568578,Plein jour,En agglomération,Hors intersection,Normale,Autre collision,2,2,1,1,1,1,1,0,1,40,,2,1,0,1,0,27.0,47.0,,,1,2,1,1,6
202100002696,2021-12-12 19:00:00,2021,12,12,19,0,987,98715,PK6.900 RT1 face à la résidence Fanatea,-17.584522,-149.568578,Nuit avec éclairage allumé,En agglomération,Autre intersection,Normale,Deux véhicules - côté,2,2,1,0,2,3,1,0,1,40,,2,1,0,1,0,25.0,52.0,,,5,2,9,1,3
202100002697,2021-12-17 17:50:00,2021,12,17,17,50,22,22171,D 700 PR 38.500,48.420322,-2.822789,Nuit sans éclairage public,Hors agglomération,Hors intersection,Normale,Trois véhicules et plus - collisions multiples,3,2,2,0,2,1,1,0,1,80,,5,4,0,1,0,36.0,33.0,,,3,1,1,1,5
202100002698,2021-12-17 15:45:00,2021,12,17,15,45,13,13103,"Autoroute A54, pk 071+650, sens ARLES-SALON",43.6265857465,5.1158952713,Plein jour,Hors agglomération,Hors intersection,Normale,Deux véhicules - arrière,1,3,4,3,1,1,1,0,2,90,,5,3,0,1,1,45.0,32.0,,,1,1,1,1,2
202100002699,2021-12-19 01:30:00,2021,12,19,1,30,988,98803,Route de NEMEARA,-21.520994,165.471869,Nuit sans éclairage public,Hors agglomération,Hors intersection,Brouillard / fumée,Autre collision,2,2,2,0,1,3,1,0,3,-1,,2,1,0,0,1,21.0,,,,3,1,1,5,6
202100002700,2021-12-18 16:40:00,2021,12,18,16,40,974,97424,Route Nationale 5,-21.142885,55.466441,Plein jour,En agglomération,Hors intersection,Normale,Deux véhicules - frontale,2,2,2,0,2,3,1,0,1,50,,8,6,0,0,2,19.0,36.0,,,1,2,1,1,1
202100002701,2021-12-17 16:25:00,2021,12,17,16,25,41,41252,RN 2152,47.685391,1.487172,Plein jour,En agglomération,Autre intersection,Normale,Deux véhicules - arrière,3,2,2,0,1,1,1,0,1,90,,2,1,0,1,0,74.0,34.0,,,1,2,9,1,2
202100002702,2021-12-18 12:32:00,2021,12,18,12,32,34,34145,Avenue du Vidourle,43.691692,4.162166,Plein jour,Hors agglomération,Intersection en T,Normale,Deux véhicules - côté,2,2,2,0,1,1,1,5,1,70,,3,1,0,0,2,58.0,61.0,,,1,1,3,1,3
202100002703,2021-12-18 14:15:00,2021,12,18,14,15,55,55255,D905,49.43925,5.385173,Plein jour,Hors agglomération,Hors intersection,Normale,Autre collision,3,2,2,0,1,1,1,0,3,90,,1,0,0,1,0,41.0,,,,1,1,1,1,6
202100002704,2021-12-17 17:20:00,2021,12,17,17,20,42,42056,D1086,45.407678,4.736599,Nuit avec éclairage allumé,En agglomération,Intersection en Y,Normale,Deux véhicules - côté,3,2,2,0,1,1,1,5,1,50,,2,1,0,1,0,58.0,51.0,,,5,2,4,1,3
202100002705,2021-12-17 11:15:00,2021,12,17,11,15,01,01262,Chemin de Fructivert,45.884411,5.03132,Plein jour,Hors agglomération,Hors intersection,Normale,Autre collision,4,-1,1,0,2,1,9,0,8,30,,2,1,0,1,0,62.0,,,,1,1,1,1,6
202100002706,2021-12-17 19:54:00,2021,12,17,19,54,16,16078,ROUTE NATIONALE 10,45.730419,0.188055,Nuit sans éclairage public,Hors agglomération,Autre intersection,Normale,Deux véhicules - arrière,2,3,2,0,1,1,1,0,5,110,,2,1,0,0,1,58.0,52.0,,,3,1,9,1,2
202100002707,2021-12-18 00:25:00,2021,12,18,0,25,33,33056,Avenue du 11 Novembre,44.9023099,-0.618283,Nuit avec éclairage allumé,En agglomération,Hors intersection,Normale,Autre collision,4,2,2,0,2,1,1,0,3,50,,3,0,2,1,0,19.0,,,,5,2,1,1,6
202100002708,2021-12-18 13:40:00,2021,12,18,13,40,49,49138,RD 61,47.50578,-0.224447,Plein jour,Hors agglomération,Hors intersection,Normale,Autre collision,3,2,2,0,1,3,1,0,3,80,,1,0,1,0,0,35.0,,,,1,1,1,1,6
202100002709,2021-12-18 11:39:00,2021,12,18,11,39,35,35228,Rue de Dinan,48.579393,-2.058831,Plein jour,En agglomération,Hors intersection,Temps éblouissant,Autre collision,3,2,2,0,1,1,1,0,1,50,,2,1,0,1,0,63.0,,,,1,2,1,7,6
202100002710,2021-12-18 14:40:00,2021,12,18,14,40,35,35228,1303 Rue de Dinard,48.600881,-2.05704,Plein jour,Hors agglomération,Intersection en T,Temps éblouissant,Deux véhicules - côté,4,2,2,0,2,1,1,5,1,70,,2,1,1,0,0,84.0,40.0,,,1,1,3,7,3
202100002711,2021-12-18 10:45:00,2021,12,18,10,45,27,27644,RD1,49.147243,1.535259,Plein jour,Hors agglomération,Intersection en X,Normale,Deux véhicules - frontale,3,2,2,0,1,1,1,0,1,80,,2,1,0,1,0,45.0,59.0,,,1,1,2,1,1
202100002712,2021-12-18 10:45:00,2021,12,18,10,45,76,76475,Route de Paris,49.39788,1.177592,Plein jour,En agglomération,Intersection en X,Normale,Autre collision,7,2,2,0,1,1,1,0,1,50,,2,1,0,0,1,87.0,,,,1,2,2,1,6
202100002713,2021-12-16 19:15:00,2021,12,16,19,15,13,13117,A7-Sens Marseille vers Lyon,43.454019,5.237458,Plein jour,Hors agglomération,Hors intersection,Normale,Deux véhicules - arrière,1,-1,2,0,1,1,1,0,1,110,,2,1,0,0,1,32.0,37.0,,,1,1,1,1,2
202100002714,2021-12-15 09:10:00,2021,12,15,9,10,13,13215,A7-Sens Marseille vers Lyon,43.37899,5.35528,Plein jour,Hors agglomération,Hors intersection,Normale,Deux véhicules - arrière,1,-1,3,0,1,1,1,0,1,90,,2,1,0,0,1,31.0,22.0,,,1,1,1,1,2
202100002715,2021-12-15 07:05:00,2021,12,15,7,5,13,13071,A7-Sens Marseille vers Lyon,43.41873,5.27288,Nuit sans éclairage public,Hors agglomération,Hors intersection,Normale,Deux véhicules - arrière,1,-1,3,0,1,1,1,0,1,90,,2,1,0,0,1,43.0,40.0,,,3,1,1,1,2
202100002716,2021-12-15 18:10:00,2021,12,15,18,10,67,67152,M83,48.52042,7.69798,Nuit sans éclairage public,Hors agglomération,Hors intersection,Normale,Deux véhicules - côté,7,1,2,0,1,1,1,0,1,90,,2,0,0,0,2,46.0,21.0,,,3,1,1,1,3
202100002717,2021-12-07 08:30:00,2021,12,7,8,30,59,59554,AUTOROUTE A23,50.4513692489,3.3364775777,Plein jour,Hors agglomération,Hors intersection,Normale,Autre collision,1,-1,4,0,1,1,2,0,1,130,,1,0,0,1,0,23.0,,,,1,1,1,1,6
202100002718,2021-12-16 19:30:00,2021,12,16,19,30,94,94021,AUTOROUTE A6B,48.771,2.34585,Nuit avec éclairage allumé,Hors agglomération,Hors intersection,Normale,Deux véhicules - arrière,1,1,3,0,1,1,1,0,1,90,,2,1,0,0,1,79.0,49.0,,,5,1,1,1,2
202100002719,2021-12-16 18:45:00,2021,12,16,18,45,91,91560,RN 104,48.66484,2.18927,Nuit sans éclairage public,Hors agglomération,Hors intersection,Normale,Deux véhicules - arrière,2,3,3,0,1,1,1,0,1,90,,2,1,0,0,1,59.0,64.0,,,3,1,1,1,2
202100002720,2021-12-16 10:40:00,2021,12,16,10,40,91,91228,RN 104,48.63192,2.40728,Plein jour,Hors agglomération,Hors intersection,Normale,Deux véhicules - arrière,2,1,3,0,1,1,1,0,1,90,,2,1,1,0,0,46.0,29.0,,,1,1,1,1,2
202100002721,2021-12-15 20:15:00,2021,12,15,20,15,91,91377,AUTOROUTE A10,48.725444,2.300585,Nuit sans éclairage public,Hors agglomération,Hors intersection,Normale,Trois véhicules et plus - en chaîne,1,3,6,0,1,1,1,0,1,90,,3,2,0,0,1,46.0,34.0,,,3,1,1,1,4
202100002722,2021-12-16 18:30:00,2021,12,16,18,30,78,78043,A13W,48.845634,2.084961,Nuit sans éclairage public,Hors agglomération,Hors intersection,Normale,Deux véhicules - côté,1,-1,2,0,1,1,1,0,1,90,,2,1,0,0,1,32.0,22.0,,,3,1,1,1,3
202100002723,2021-12-16 03:41:00,2021,12,16,3,41,92,92050,A14,48.8988016075,2.215736585,Nuit avec éclairage allumé,Hors agglomération,Hors intersection,Normale,Sans collision,1,-1,1,0,1,1,1,1,1,70,,1,0,0,0,1,45.0,,,,5,1,1,1,7
202100002724,2021-12-16 02:50:00,2021,12,16,2,50,92,92025,A86,48.929438086,2.2412066559,Nuit sans éclairage public,Hors agglomération,Hors intersection,Normale,Deux véhicules - côté,1,1,2,0,3,3,1,2,1,70,,5,3,0,0,2,21.0,47.0,,,3,1,1,1,3
202100002725,2021-12-16 07:39:00,2021,12,16,7,39,93,93053,AUTOROUTE A3,48.88063,2.45188,Nuit sans éclairage public,Hors agglomération,Hors intersection,Normale,Autre collision,1,3,6,0,2,1,1,0,1,90,,1,0,0,0,1,52.0,,,,3,1,1,1,6
202100002726,2021-12-15 14:30:00,2021,12,15,14,30,94,94065,A86 INT,48.7547013835,2.3475797123,Plein jour,Hors agglomération,Hors intersection,Normale,Deux véhicules - arrière,1,1,3,0,1,1,1,0,1,90,,2,1,0,0,1,21.0,,,,1,1,1,1,2
202100002727,2021-10-06 16:26:00,2021,10,6,16,26,02,02738,GAMBETTA (BOULEVARD),49.653784,3.291868,Plein jour,En agglomération,Hors intersection,Normale,Autre collision,4,2,2,0,1,1,1,0,1,50,,2,1,0,0,1,35.0,,,,1,2,1,1,6
202100002728,2021-01-26 18:00:00,2021,1,26,18,0,92,92040,VERDUN (AVENUE DE) DU 115 AU 149,48.8179846923,2.2508628666,Nuit avec éclairage allumé,En agglomération,Intersection en T,Normale,Deux véhicules - arrière,3,1,2,0,1,1,1,0,1,50,,2,1,0,0,1,18.0,56.0,,,5,2,3,1,2
202100002729,2021-12-15 06:33:00,2021,12,15,6,33,988,98818,RUE DE SEBASTOPOL,-22.27238,166.44357,Plein jour,En agglomération,Intersection en T,Temps couvert,Deux véhicules - côté,4,1,1,0,1,1,1,0,1,50,,2,1,0,0,1,29.0,68.0,,,1,2,3,8,3
202100002730,2021-12-13 14:00:00,2021,12,13,14,0,974,97411,LATTRE DE TASSIGNY (AVENUE MARECHAL DE),-20.88707,55.47136,Plein jour,En agglomération,Hors intersection,Normale,Deux véhicules - côté,9,2,4,3,1,1,1,0,6,50,,2,1,0,0,1,33.0,22.0,,,1,2,1,1,3
202100002731,2021-12-15 16:55:00,2021,12,15,16,55,973,97302,MONTABO (ROUTE DE) 3,4.9416834754,-52.3040864468,Plein jour,En agglomération,Intersection en T,Normale,Deux véhicules - côté,3,2,2,2,1,1,1,0,1,50,,3,1,0,1,1,29.0,28.0,,,1,2,3,1,3
202100002732,2021-12-15 06:56:00,2021,12,15,6,56,973,97302,MONTABO (ROUTE DE) 2,4.942152453,-52.3047731817,Crépuscule ou aube,En agglomération,Autre intersection,Normale,Autre collision,3,2,2,0,1,1,1,0,1,70,,3,2,0,0,1,49.0,34.0,,,2,2,9,1,6
202100002733,2021-12-14 20:15:00,2021,12,14,20,15,69,69383,MARECHAL DE SAXE (AV),45.7539625287,4.8469689488,Nuit avec éclairage allumé,En agglomération,Intersection en X,Normale,Deux véhicules - côté,4,1,1,2,1,1,1,0,1,50,,2,1,0,0,1,28.0,32.0,,,5,2,2,1,3
202100002734,2021-12-15 09:00:00,2021,12,15,9,0,69,69383,FEUILLAT (R),45.75082,4.87615,Plein jour,En agglomération,Hors intersection,Temps couvert,Sans collision,4,2,2,0,1,1,1,0,1,50,,2,1,0,0,1,29.0,30.0,,,1,2,1,8,7