accident_id,datetime,annee,mois,jour,heure,minute,departement,commune_insee,adresse,latitude,longitude,luminosite,agglomeration,intersection,meteo,collision,catr,circ,nbv,vosp,prof,plan,surf,infra,situ,vma,nb_vehicules,nb_usagers,nb_indemnes,nb_tues,nb_blesses_hosp,nb_blesses_legers,age_cond_1,age_cond_2,veh_type_cond_1,veh_type_cond_2,lum_code,agg_code,int_code,atm_code,col_code
202100002735,2021-12-15 11:40:00,2021,12,15,11,40,972,97213,AUTOROUTE A1,14.618046,-61.032829,Plein jour,En agglomération,Hors intersection,Normale,Deux véhicules - arrière,1,2,4,0,1,1,1,0,1,90,,3,2,0,1,0,41.0,77.0,,,1,2,1,1,2
202100002736,2021-12-14 19:50:00,2021,12,14,19,50,972,97213,ROUTE NATIONALE 1,14.62131,-60.9914,Nuit avec éclairage allumé,Hors agglomération,Hors intersection,Normale,Autre collision,2,3,4,0,1,1,1,0,1,90,,2,1,1,0,0,29.0,,,,5,1,1,1,6
202100002737,2021-12-15 18:55:00,2021,12,15,18,55,69,69142,JEAN JACQUES ROUSSEAU (Q),45.7333,4.81289,Nuit avec éclairage allumé,En agglomération,Hors intersection,Pluie légère,Autre collision,4,2,2,0,1,1,2,0,4,50,,1,0,0,0,1,74.0,,,,5,2,1,2,6
202100002738,2021-12-15 18:20:00,2021,12,15,18,20,69,69382,TILSITT (Q),45.75778,4.82794,Nuit avec éclairage allumé,En agglomération,Hors intersection,Pluie légère,Deux véhicules - arrière,4,1,2,3,1,1,2,0,1,50,,2,1,0,1,0,,24.0,,,5,2,1,2,2
202100002739,2021-12-14 18:15:00,2021,12,14,18,15,95,95585,REFUZNICKS (ROUTE DES),48.98446,2.38655,Nuit sans éclairage public,En agglomération,Hors intersection,Normale,Trois véhicules et plus - en chaîne,3,2,3,0,1,1,1,0,1,70,,3,0,0,0,3,20.0,25.0,,,3,2,1,1,4
202100002740,2021-12-15 17:25:00,2021,12,15,17,25,95,95018,Avenue Gabriel Peri,48.9441606298,2.2510385513,Plein jour,En agglomération,Hors intersection,Normale,Autre collision,3,2,2,0,1,1,1,0,1,50,,2,1,0,0,1,,,,,1,2,1,1,6
202100002741,2021-12-14 21:28:00,2021,12,14,21,28,87,87085,GOUJAUD (QUAI LOUIS),45.82607,1.26805,Nuit avec éclairage allumé,En agglomération,Intersection en T,Normale,Deux véhicules - côté,2,4,6,0,1,1,1,0,1,50,,2,1,0,0,1,36.0,34.0,,,5,2,3,1,3
202100002742,2021-12-14 16:30:00,2021,12,14,16,30,85,85194,CROIX BLANCHE (RUE DE LA),46.49334,-1.75431,Plein jour,En agglomération,Hors intersection,Temps couvert,Autre collision,4,-1,2,0,1,1,1,0,1,50,,2,1,0,1,0,45.0,,,,1,2,1,8,6
202100002743,2021-12-15 07:50:00,2021,12,15,7,50,77,77373,RUE DE BERCHERES,48.785056,2.609139,Nuit avec éclairage allumé,En agglomération,Hors intersection,Normale,Deux véhicules - arrière,4,2,2,0,1,1,1,0,1,30,,2,1,0,0,1,24.0,39.0,,,5,2,1,1,2
202100002744,2021-12-13 20:25:00,2021,12,13,20,25,77,77048,D607,48.3287754846,2.6879938958,Nuit sans éclairage public,Hors agglomération,Hors intersection,Pluie légère,Deux véhicules - frontale,3,3,5,0,1,1,2,0,1,90,,2,1,0,1,0,19.0,22.0,,,3,1,1,2,1
202100002745,2021-12-15 18:06:00,2021,12,15,18,6,76,76157,CD 51 (RUE DE LA VALETTE),49.4612162965,1.0425961018,Nuit avec éclairage allumé,En agglomération,Intersection en Y,Normale,Deux véhicules - frontale,7,2,2,0,1,1,1,0,1,50,,2,1,0,0,1,53.0,46.0,,,5,2,4,1,1
202100002746,2021-12-14 08:20:00,2021,12,14,8,20,76,76351,MARCEL PAUL,49.493729,0.146795,Nuit avec éclairage allumé,En agglomération,Hors intersection,Normale,Deux véhicules - côté,4,2,2,0,1,1,1,0,1,50,,4,0,0,0,4,33.0,31.0,,,5,2,1,1,3
202100002747,2021-12-13 19:20:00,2021,12,13,19,20,76,76351,ARISTIDE BRIAND,49.5,0.1393,Nuit avec éclairage allumé,En agglomération,Intersection en X,Normale,Autre collision,4,2,2,0,1,1,1,0,1,50,,2,1,0,0,1,44.0,,,,5,2,2,1,6
202100002748,2021-12-15 18:40:00,2021,12,15,18,40,69,69266,1ER MARS 1943 (DU) (RUE),45.7645491111,4.8894417286,Nuit avec éclairage allumé,En agglomération,Intersection en X,Normale,Deux véhicules - frontale,4,2,2,2,1,1,1,0,1,50,,2,1,0,1,0,,30.0,,,5,2,2,1,1
202100002749,2021-12-14 18:05:00,2021,12,14,18,5,67,67482,BORDEAUX (PLACE DE),48.59405,7.75769,Nuit avec éclairage allumé,En agglomération,Passage à niveau,Normale,Autre collision,4,2,2,3,1,1,1,4,6,50,,2,1,0,0,1,33.0,,,,5,2,8,1,6
202100002750,2021-12-15 14:00:00,2021,12,15,14,0,64,64445,Avenue du Général Leclerc,43.30401,-0.34525,Plein jour,En agglomération,Hors intersection,Temps éblouissant,Deux véhicules - côté,4,2,4,1,1,1,1,8,1,30,,3,1,0,0,2,43.0,17.0,,,1,2,1,7,3
202100002751,2021-12-14 06:00:00,2021,12,14,6,0,64,64102,Avenue Capitaine Resplandy,43.48987,-1.46704,Nuit sans éclairage public,En agglomération,Hors intersection,Brouillard / fumée,Deux véhicules - côté,4,2,2,0,1,1,2,0,1,50,,2,1,0,0,1,51.0,27.0,,,3,2,1,5,3
202100002752,2021-12-06 18:47:00,2021,12,6,18,47,63,63113,BENNETT (RUE GORDON),45.78898,3.08017,Nuit avec éclairage non allumé,En agglomération,Giratoire,Normale,Autre collision,7,3,4,0,1,1,1,0,1,50,,2,1,0,0,1,74.0,,,,4,2,6,1,6
202100002753,2021-12-08 18:00:00,2021,12,8,18,0,62,62498,QUATRE SEPTEMBRE (AV. DU),50.43209,2.8286,Nuit avec éclairage allumé,En agglomération,Hors intersection,Normale,Autre collision,4,1,1,0,1,1,1,0,1,50,,3,1,0,0,2,21.0,,,,5,2,1,1,6
202100002754,2021-12-15 19:45:00,2021,12,15,19,45,59,59183,REPUBLIQUE,51.0269212283,2.3375934362,Nuit avec éclairage allumé,En agglomération,Hors intersection,Normale,Deux véhicules - frontale,3,-1,0,0,1,1,1,0,1,50,,2,1,1,0,0,37.0,18.0,,,5,2,1,1,1
202100002755,2021-12-13 16:30:00,2021,12,13,16,30,50,50602,MARCET (RUE BAPTISTE),49.63615,-1.59455,Plein jour,En agglomération,Intersection en X,Temps couvert,Deux véhicules - côté,3,2,1,1,1,1,1,0,1,50,,2,1,0,1,0,25.0,21.0,,,1,2,2,8,3
202100002756,2021-12-03 18:50:00,2021,12,3,18,50,48,48095,ROND POINT DES CASERNES,44.51808,3.49144,Nuit avec éclairage allumé,En agglomération,Giratoire,Normale,Deux véhicules - côté,2,1,1,-1,2,2,2,0,1,50,,2,1,0,0,1,22.0,51.0,,,5,2,6,1,3
202100002757,2021-12-13 14:57:00,2021,12,13,14,57,47,47001,LACOUR (BD EDOUARD),44.197565,0.626939,Plein jour,En agglomération,Hors intersection,Normale,Deux véhicules - côté,3,2,2,0,1,1,1,0,1,50,,2,1,0,0,1,72.0,53.0,,,1,2,1,1,3
202100002758,2021-12-14 17:00:00,2021,12,14,17,0,45,45234,Avenue Roger Secretain,47.8892406654,1.8950557709,Crépuscule ou aube,En agglomération,Hors intersection,Pluie légère,Deux véhicules - arrière,3,2,4,0,1,1,2,1,1,50,,3,2,0,0,1,46.0,20.0,,,2,2,1,2,2
202100002759,2021-12-14 10:03:00,2021,12,14,10,3,45,45068,Avenue du Général Leclerc,48.01273,2.73916,Plein jour,En agglomération,Hors intersection,Pluie légère,Autre collision,4,2,2,0,1,2,2,0,1,50,,2,1,0,0,1,72.0,,,,1,2,1,2,6
202100002760,2021-12-15 03:30:00,2021,12,15,3,30,41,41018,DUGUESCLIN (RUE BERTRAND),47.59909,1.30338,Nuit avec éclairage non allumé,En agglomération,Intersection en T,Normale,Autre collision,4,2,2,0,1,1,1,5,1,50,,2,1,0,1,0,,,,,4,2,3,1,6
202100002761,2021-12-15 16:45:00,2021,12,15,16,45,35,35281,HAIE-DES-COGNETS (BOUL DE LA),48.07513,-1.74689,Crépuscule ou aube,Hors agglomération,Hors intersection,Normale,Sans collision,7,-1,2,0,1,1,1,0,1,80,,1,0,0,0,1,77.0,,,,2,1,1,1,7
202100002762,2021-12-15 15:00:00,2021,12,15,15,0,35,35238,SAINT-HELIER,48.103503,-1.662732,Plein jour,En agglomération,Intersection en X,Normale,Deux véhicules - côté,4,2,4,0,2,1,1,0,1,50,,4,1,0,0,3,19.0,31.0,,,1,2,2,1,3
202100002763,2021-12-15 14:45:00,2021,12,15,14,45,35,35238,LE GUILLOUX (HENRI),48.1197184193,-1.6913473606,Plein jour,En agglomération,Hors intersection,Normale,Deux véhicules - frontale,4,-1,0,0,1,1,1,9,8,30,,2,1,0,0,1,40.0,93.0,,,1,2,1,1,1
202100002764,2021-12-15 08:20:00,2021,12,15,8,20,35,35278,ROCADE 13-14,48.140046,-1.696052,Nuit avec éclairage allumé,Hors agglomération,Hors intersection,Normale,Deux véhicules - arrière,2,3,4,0,1,1,1,0,8,90,,2,0,0,0,2,28.0,52.0,,,5,1,1,1,2
202100002765,2021-11-13 12:35:00,2021,11,13,12,35,34,34172,DUBOUT (AVENUE ALBERT),43.6034872117,3.8904409111,Plein jour,En agglomération,Hors intersection,Normale,Deux véhicules - côté,4,2,0,0,1,1,1,0,1,50,,2,1,0,1,0,32.0,39.0,,,1,2,1,1,3
202100002766,2021-12-16 01:30:00,2021,12,16,1,30,33,33063,Cours Aristide Briand,44.83185,-0.57726,Nuit avec éclairage non allumé,En agglomération,Intersection en X,Normale,Deux véhicules - côté,4,2,4,1,1,1,1,0,1,50,,3,2,0,0,1,,18.0,,,4,2,2,1,3
202100002767,2021-12-07 17:00:00,2021,12,7,17,0,33,33063,Rue de Pessac,44.82993,-0.58092,Nuit avec éclairage allumé,En agglomération,Intersection en X,Pluie forte,Deux véhicules - côté,4,2,2,0,4,1,2,0,1,50,,2,1,0,0,1,50.0,35.0,,,5,2,2,3,3
202100002768,2021-12-15 08:00:00,2021,12,15,8,0,33,33318,Avenue Jean Jaurès,44.8114615853,-0.6183551252,Crépuscule ou aube,En agglomération,Hors intersection,Normale,Deux véhicules - côté,4,2,2,2,1,1,1,9,1,50,,2,1,0,0,1,25.0,43.0,,,2,2,1,1,3
202100002769,2021-12-15 12:45:00,2021,12,15,12,45,31,31555,BD MATABIAU,43.61491,1.44261,Plein jour,En agglomération,Hors intersection,Normale,Autre collision,4,1,3,2,1,1,1,0,1,50,,2,1,0,1,0,36.0,,,,1,2,1,1,6
202100002770,2021-12-15 04:49:00,2021,12,15,4,49,31,31149,RN124,43.60635,1.30937,Nuit sans éclairage public,Hors agglomération,Hors intersection,Normale,Autre collision,2,3,4,0,1,1,1,0,1,90,,2,1,1,0,0,35.0,,,,3,1,1,1,6
202100002771,2021-12-14 22:45:00,2021,12,14,22,45,31,31555,MINIMES (AV DES) DU 1AU 178,43.6174573129,1.4368271828,Nuit avec éclairage allumé,En agglomération,Hors intersection,Normale,Deux véhicules - côté,4,2,4,1,1,1,1,0,1,50,,4,2,0,0,2,22.0,24.0,,,5,2,1,1,3
202100002772,2021-12-02 12:55:00,2021,12,2,12,55,30,30189,MASSILLON (RUE),43.83182,4.36098,Plein jour,En agglomération,Intersection en T,Normale,Autre collision,4,1,0,0,1,1,1,0,1,50,,2,1,0,0,1,41.0,38.0,,,1,2,3,1,6
202100002773,2021-11-22 20:00:00,2021,11,22,20,0,30,30189,Avenue Georges Dayan,43.82039,4.34049,Nuit avec éclairage allumé,En agglomération,Intersection en T,Normale,Deux véhicules - côté,3,2,3,0,1,1,1,5,1,50,,2,1,0,0,1,54.0,20.0,,,5,2,3,1,3
202100002774,2021-12-15 18:08:00,2021,12,15,18,8,29,29232,Rue Montaigne,47.9838,-4.10373,Nuit avec éclairage allumé,En agglomération,Hors intersection,Normale,Autre collision,4,2,2,0,3,1,1,0,1,50,,3,1,0,0,2,50.0,,,,5,2,1,1,6
202100002775,2021-12-15 12:55:00,2021,12,15,12,55,29,29019,Rue Amiral Romain-Desfossés,48.422629707,-4.4759808182,Plein jour,En agglomération,Giratoire,Normale,Deux véhicules - côté,4,2,2,0,1,1,1,0,1,50,,2,1,0,0,1,46.0,24.0,,,1,2,6,1,3
202100002776,2021-12-14 21:10:00,2021,12,14,21,10,29,29019,Rue du Commandant Drogou,48.40444,-4.49132,Nuit avec éclairage allumé,En agglomération,Hors intersection,Normale,Autre collision,4,2,2,0,1,1,2,0,1,50,,2,1,0,0,1,20.0,,,,5,2,1,1,6
202100002777,2021-11-09 06:30:00,2021,11,9,6,30,28,28085,SOURS (RUE DE),48.43902,1.5175,Nuit avec éclairage allumé,En agglomération,Hors intersection,Normale,Deux véhicules - frontale,3,-1,2,0,1,1,1,0,1,50,,2,1,0,0,1,62.0,81.0,,,5,2,1,1,1
202100002778,2021-12-15 18:15:00,2021,12,15,18,15,25,25056,OUEST BOULEVARD,47.22752,5.97967,Nuit avec éclairage allumé,En agglomération,Intersection en X,Normale,Deux véhicules - côté,2,2,2,0,2,1,1,5,1,50,,3,1,0,0,2,21.0,30.0,,,5,2,2,1,3
202100002779,2021-12-14 14:05:00,2021,12,14,14,5,17,17306,BOUCHET LOUIS (AVENUE),45.62351,-1.00423,Plein jour,En agglomération,Hors intersection,Normale,Deux véhicules - arrière,4,2,2,0,1,1,1,0,1,50,,2,0,0,0,2,32.0,40.0,,,1,2,1,1,2
202100002780,2021-12-12 13:41:00,2021,12,12,13,41,15,15267,CÔTE DE LASCANAUX (RN120),44.92318,2.40171,Plein jour,Hors agglomération,Hors intersection,Normale,Sans collision,3,-1,2,0,2,2,1,0,8,90,,1,0,0,0,1,45.0,,,,1,1,1,1,7
202100002781,2021-12-15 08:30:00,2021,12,15,8,30,13,13205,JEAN MARTIN (RUE),43.2957909103,5.4021990322,Plein jour,En agglomération,Intersection en X,Normale,Deux véhicules - côté,4,1,2,0,1,1,1,0,6,50,,3,2,0,0,1,31.0,66.0,,,1,2,2,1,3
202100002782,2021-12-14 15:15:00,2021,12,14,15,15,13,13205,JEANNE D'ARC (BOULEVARD),43.29341,5.40318,Plein jour,En agglomération,Hors intersection,Normale,Deux véhicules - côté,4,2,2,0,1,1,1,0,1,50,,3,2,0,0,1,23.0,29.0,,,1,2,1,1,3
202100002783,2021-12-13 17:00:00,2021,12,13,17,0,13,13201,BENEDIT (RUE),43.30693,5.39269,Nuit avec éclairage allumé,En agglomération,Hors intersection,Normale,Deux véhicules - frontale,4,2,2,0,2,1,1,0,1,50,,2,1,0,0,1,20.0,,,,5,2,1,1,1
202100002784,2021-12-13 12:20:00,2021,12,13,12,20,11,11069,GUILLE GEORGES -AVENUE-,43.2298361244,2.362704277,Plein jour,Hors agglomération,Hors intersection,Normale,Deux véhicules - côté,3,2,2,0,2,1,1,8,1,50,,2,1,0,0,1,54.0,53.0,,,1,1,1,1,3
202100002785,2021-12-15 10:00:00,2021,12,15,10,0,06,06029,CROISETTE (BOULEVARD DE LA),43.55159,7.01642,Plein jour,En agglomération,Hors intersection,Normale,Deux véhicules - côté,4,3,2,0,1,1,1,0,1,50,,2,1,0,1,0,68.0,43.0,,,1,2,1,1,3
202100002786,2021-12-15 19:50:00,2021,12,15,19,50,06,06123,POMPIDOU GEORGES BOULEVARD,43.67021,7.194774,Nuit avec éclairage allumé,En agglomération,Hors intersection,Normale,Deux véhicules - côté,7,1,2,0,1,1,1,0,1,50,,3,1,0,0,2,55.0,19.0,,,5,2,1,1,3
202100002787,2021-12-15 17:00:00,2021,12,15,17,0,75,75119,AVENUE JEAN JAURES,48.887232,2.387164,Nuit avec éclairage allumé,En agglomération,Intersection en T,Normale,Autre collision,4,2,2,0,1,1,1,0,1,30,,2,1,0,0,1,44.0,,,,5,2,3,1,6
202100002788,2021-12-15 20:40:00,2021,12,15,20,40,75,75118,RUE ORDENER,48.894171,2.332709,Crépuscule ou aube,En agglomération,Intersection à plus de 4 branches,Normale,Deux véhicules - côté,4,2,2,0,1,1,1,0,1,30,,2,1,0,0,1,23.0,28.0,,,2,2,5,1,3
202100002789,2021-12-15 20:15:00,2021,12,15,20,15,75,75116,ALLEE DE LA REINE MARGUERITE,48.858566,2.244879,Nuit avec éclairage allumé,En agglomération,Intersection en X,Normale,Deux véhicules - côté,4,2,2,0,1,1,1,0,1,50,,2,1,0,0,1,41.0,29.0,,,5,2,2,1,3
202100002790,2021-12-15 16:05:00,2021,12,15,16,5,75,75116,AVENUE DE NEW YORK,48.859708,2.29043,Plein jour,En agglomération,Hors intersection,Normale,Deux véhicules - arrière,4,1,1,0,4,1,1,1,1,30,,3,2,0,1,0,63.0,23.0,,,1,2,1,1,2
202100002791,2021-12-15 15:20:00,2021,12,15,15,20,75,75115,PLACE FERNAND FOREST,48.849306,2.281676,Plein jour,En agglomération,Intersection en X,Normale,Deux véhicules - arrière,4,2,6,0,1,1,1,0,1,30,,2,1,0,0,1,42.0,49.0,,,1,2,2,1,2
202100002792,2021-12-15 17:15:00,2021,12,15,17,15,75,75114,BOULEVARD JOURDAN,48.82089,2.335887,Nuit avec éclairage allumé,En agglomération,Hors intersection,Normale,Autre collision,4,1,2,0,1,1,1,0,1,30,,1,0,0,0,1,26.0,,,,5,2,1,1,6
202100002793,2021-12-14 23:10:00,2021,12,14,23,10,75,75107,QUAI BRANLY,48.858517,2.292757,Crépuscule ou aube,En agglomération,Hors intersection,Normale,Sans collision,4,2,5,1,1,1,1,0,4,30,,2,0,0,0,2,33.0,,,,2,2,1,1,7
202100002794,2021-12-14 17:05:00,2021,12,14,17,5,75,75114,RUE DE RIDDER,48.830958,2.31229,Nuit avec éclairage allumé,En agglomération,Intersection en X,Normale,Autre collision,4,1,1,0,1,1,1,0,1,50,,2,1,0,0,1,43.0,,,,5,2,2,1,6
202100002795,2021-12-15 19:40:00,2021,12,15,19,40,75,75113,RUE BROCA,48.836071,2.346694,Nuit avec éclairage allumé,En agglomération,Intersection en X,Normale,Deux véhicules - frontale,4,1,1,1,1,1,1,-1,5,30,,2,0,0,0,2,20.0,18.0,,,5,2,2,1,1
202100002796,2021-12-15 16:00:00,2021,12,15,16,0,75,75111,BOULEVARD VOLTAIRE,48.861269,2.374304,Plein jour,En agglomération,Hors intersection,Normale,Autre collision,4,2,4,1,1,1,1,-1,5,30,,2,1,0,0,1,37.0,,,,1,2,1,1,6
202100002797,2021-12-15 02:35:00,2021,12,15,2,35,75,75111,AVENUE PHILIPPE AUGUSTE,48.85067,2.394498,Nuit avec éclairage allumé,En agglomération,Intersection en X,Normale,Deux véhicules - côté,4,2,2,0,1,1,2,0,1,30,,2,1,0,0,1,21.0,54.0,,,5,2,2,1,3
202100002798,2021-12-14 18:15:00,2021,12,14,18,15,75,75108,AVENUE GEORGE V,48.870064,2.300994,Nuit avec éclairage allumé,En agglomération,Intersection en X,Normale,Deux véhicules - côté,4,3,2,2,1,1,1,0,1,30,,2,1,0,0,1,43.0,21.0,,,5,2,2,1,3
202100002799,2021-12-14 14:56:00,2021,12,14,14,56,75,75104,RUE BEAUBOURG,48.861208,2.353492,Plein jour,En agglomération,Intersection en X,Normale,Deux véhicules - côté,4,1,3,3,1,1,1,0,1,30,,2,1,0,0,1,35.0,23.0,,,1,2,2,1,3
202100002800,2021-12-14 14:40:00,2021,12,14,14,40,75,75102,AVENUE DE L OPERA,48.868695,2.333142,Plein jour,En agglomération,Intersection en Y,Normale,Deux véhicules - côté,4,2,4,0,1,1,1,-1,6,30,,3,2,0,0,1,53.0,33.0,,,1,2,4,1,3
202100002801,2021-12-15 19:50:00,2021,12,15,19,50,94,94041,Avenue Danielle Casanova,48.813457,2.385314,Nuit avec éclairage allumé,En agglomération,Hors intersection,Normale,Deux véhicules - frontale,3,2,4,0,1,1,1,0,1,50,,2,1,0,0,1,63.0,81.0,,,5,2,1,1,1
202100002802,2021-12-14 20:10:00,2021,12,14,20,10,94,94081,GABRIEL PERI (R),48.79568,2.40002,Nuit avec éclairage allumé,En agglomération,Hors intersection,Temps couvert,Sans collision,4,2,2,0,1,1,1,0,1,30,,2,1,0,0,1,63.0,,,,5,2,1,8,7
202100002803,2021-12-15 10:25:00,2021,12,15,10,25,94,94058,Avenue Pierre Brossolette,48.834563,2.509883,Plein jour,En agglomération,Autre intersection,Normale,Autre collision,3,2,2,0,1,1,1,0,1,50,,2,1,0,0,1,34.0,34.0,,,1,2,9,1,6
202100002804,2021-12-13 13:25:00,2021,12,13,13,25,94,94042,CHARLES FLOQUET (IMP),48.81488,2.48117,Plein jour,En agglomération,Intersection en X,Temps couvert,Deux véhicules - côté,3,2,2,0,1,1,1,0,1,50,,2,1,0,0,1,23.0,22.0,,,1,2,2,8,3
202100002805,2021-12-15 08:00:00,2021,12,15,8,0,94,94003,Avenue Paul Doumer,48.80638,2.33733,Nuit avec éclairage allumé,En agglomération,Hors intersection,Normale,Autre collision,3,-1,2,0,2,1,1,0,1,30,,3,2,0,0,1,31.0,,,,5,2,1,1,6
202100002806,2021-12-15 21:15:00,2021,12,15,21,15,94,94068,MARNE (BD DE LA),48.789,2.509,Nuit avec éclairage allumé,En agglomération,Intersection en X,Normale,Deux véhicules - côté,4,-1,1,0,1,1,1,0,1,50,,3,2,0,0,1,61.0,52.0,,,5,2,2,1,3
202100002807,2021-12-14 08:25:00,2021,12,14,8,25,94,94055,Avenue de Pince Vent,48.78941,2.54894,Plein jour,En agglomération,Intersection en T,Temps couvert,Deux véhicules - côté,3,2,2,0,1,1,1,0,1,50,,2,1,0,0,1,22.0,41.0,,,1,2,3,8,3
202100002808,2021-12-15 18:15:00,2021,12,15,18,15,94,94017,Rue Jean Jaurès,48.81383,2.50944,Nuit avec éclairage allumé,En agglomération,Hors intersection,Normale,Deux véhicules - côté,3,2,4,0,1,1,1,0,1,50,,2,1,0,0,1,56.0,26.0,,,5,2,1,1,3
202100002809,2021-12-15 09:50:00,2021,12,15,9,50,93,93078,CLEMENCEAU (AVENUE GEORGES),48.9581933875,2.5584638016,Plein jour,En agglomération,Intersection en X,Normale,Deux véhicules - côté,3,2,0,0,1,1,1,0,1,50,,2,0,0,0,2,22.0,35.0,,,1,2,2,1,3
202100002810,2021-12-15 10:20:00,2021,12,15,10,20,93,93064,STRASBOURG (RUE DE),48.8670337755,2.4985389507,Plein jour,En agglomération,Hors intersection,Normale,Autre collision,4,2,2,0,1,1,1,0,1,50,,2,1,0,0,1,55.0,,,,1,2,1,1,6
202100002811,2021-12-15 14:40:00,2021,12,15,14,40,93,93048,SAINT DENIS (RUE),48.87053,2.45796,Plein jour,En agglomération,Intersection en X,Normale,Deux véhicules - côté,4,1,1,0,2,1,1,0,1,30,,2,1,0,0,1,27.0,18.0,,,1,2,2,1,3
202100002812,2021-12-14 09:05:00,2021,12,14,9,5,93,93063,METZ AVENUE DE,48.89683,2.43256,Crépuscule ou aube,En agglomération,Intersection en T,Normale,Deux véhicules - côté,3,3,6,3,1,1,1,0,1,50,,3,2,0,0,1,21.0,46.0,,,2,2,3,1,3
202100002813,2021-12-15 19:15:00,2021,12,15,19,15,93,93031,FOCH (BOULEVARD),48.94919,2.32986,Nuit avec éclairage allumé,En agglomération,Hors intersection,Normale,Autre collision,3,2,2,0,1,1,1,0,1,50,,2,1,0,0,1,46.0,,,,5,2,1,1,6
202100002814,2021-12-15 17:50:00,2021,12,15,17,50,93,93079,SAINT LEU (ROUTE),48.9518655333,2.3385885358,Nuit avec éclairage allumé,En agglomération,Autre intersection,Normale,Autre collision,3,2,2,0,1,1,1,0,6,50,,2,1,0,0,1,73.0,,,,5,2,9,1,6
202100002815,2021-12-15 15:05:00,2021,12,15,15,5,93,93008,LENINE (BOULEVARD),48.9065,2.44069,Plein jour,En agglomération,Hors intersection,Temps couvert,Autre collision,4,2,2,0,1,1,1,0,1,50,,2,1,0,1,0,36.0,,,,1,2,1,8,6
202100002816,2021-12-15 22:05:00,2021,12,15,22,5,93,93007,"""PAUL VAILLANT COUTURIER (AVENUE """"DU 01",48.9289527607,2.478166702,Nuit avec éclairage allumé,En agglomération,Intersection en X,Normale,Deux véhicules - côté,3,2,2,0,1,1,1,0,1,50,,3,2,0,1,0,21.0,26.0,,,5,2,2,1,3
202100002817,2021-12-13 14:20:00,2021,12,13,14,20,92,92073,PAIX (PLACE DE LA),48.864575,2.205939,Plein jour,En agglomération,Place,Normale,Autre collision,4,1,2,3,1,1,1,9,1,50,,2,1,0,0,1,80.0,,,,1,2,7,1,6
202100002818,2021-12-15 06:45:00,2021,12,15,6,45,92,92040,ROUGET DE L'ISLE,48.8288333012,2.2646158934,Nuit avec éclairage allumé,En agglomération,Hors intersection,Normale,Autre collision,3,3,4,0,1,1,1,0,8,50,,2,1,0,0,1,50.0,,,,5,2,1,1,6
202100002819,2021-12-15 11:00:00,2021,12,15,11,0,92,92036,JEAN JAURES (RUE) (1/33),48.9267617686,2.2946432233,Plein jour,En agglomération,Intersection en X,Normale,Deux véhicules - côté,3,2,2,0,1,1,1,0,1,50,,2,1,0,0,1,68.0,42.0,,,1,2,2,1,3
202100002820,2021-12-15 19:40:00,2021,12,15,19,40,92,92012,EDOUARD VAILLANT (AVENUE) 57/FIN - 58/FI,48.83542,2.24947,Nuit avec éclairage allumé,En agglomération,Intersection en X,Normale,Deux véhicules - côté,3,3,4,0,1,1,1,0,1,50,,2,1,0,0,1,59.0,28.0,,,5,2,2,1,3
202100002821,2021-12-15 12:50:00,2021,12,15,12,50,92,92012,SILLY (RUE DE) 89/FIN - 90/FIN,48.8327813112,2.2336819768,Plein jour,En agglomération,Hors intersection,Normale,Autre collision,4,2,1,0,1,1,1,0,1,30,,2,1,0,0,1,74.0,,,,1,2,1,1,6
202100002822,2021-12-16 23:40:00,2021,12,16,23,40,35,35317,ROUTE DEPARTEMENTALE 137,48.288048,-1.803118,Nuit sans éclairage public,Hors agglomération,Hors intersection,Normale,Deux véhicules - côté,3,3,4,0,1,1,1,0,1,110,,3,0,1,1,1,51.0,51.0,,,3,1,1,1,3
202100002823,2021-12-17 17:20:00,2021,12,17,17,20,87,87181,Route de Poperdu,46.057315,1.456423,Nuit sans éclairage public,Hors agglomération,Hors intersection,Autre,Autre collision,3,2,2,0,2,1,7,0,3,80,,1,0,1,0,0,54.0,,,,3,1,1,9,6
202100002824,2021-12-17 18:15:00,2021,12,17,18,15,38,38336,N7,45.485651,4.83259,Nuit sans éclairage public,Hors agglomération,Hors intersection,Normale,Deux véhicules - frontale,2,2,2,0,2,2,1,0,1,70,,2,0,0,0,2,62.0,27.0,,,3,1,1,1,1
202100002825,2021-12-14 23:48:00,2021,12,14,23,48,06,06161,1683 Route de Grasse,43.660533,7.101824,Nuit sans éclairage public,Hors agglomération,Hors intersection,Normale,Autre collision,3,2,2,0,2,1,1,0,3,70,,1,0,0,1,0,46.0,,,,3,1,1,1,6
202100002826,2021-12-17 08:30:00,2021,12,17,8,30,06,06161,2040 Route Nationale 7,43.63111,7.134327,Plein jour,En agglomération,Intersection en T,Normale,Deux véhicules - frontale,3,2,2,1,1,1,1,0,1,-1,,2,1,1,0,0,27.0,33.0,,,1,2,3,1,1
202100002827,2021-12-08 12:20:00,2021,12,8,12,20,18,18233,Avenue de Fontenay,47.338935,2.838957,Plein jour,En agglomération,Hors intersection,Temps couvert,Autre collision,3,2,2,0,1,1,2,0,1,50,,3,1,0,1,1,59.0,,,,1,2,1,8,6