accident_id,datetime,annee,mois,jour,heure,minute,departement,commune_insee,adresse,latitude,longitude,luminosite,agglomeration,intersection,meteo,collision,catr,circ,nbv,vosp,prof,plan,surf,infra,situ,vma,nb_vehicules,nb_usagers,nb_indemnes,nb_tues,nb_blesses_hosp,nb_blesses_legers,age_cond_1,age_cond_2,veh_type_cond_1,veh_type_cond_2,lum_code,agg_code,int_code,atm_code,col_code
202100002828,2021-12-17 06:23:00,2021,12,17,6,23,77,77235,Voie accès de service rejoignant RD 3,48.979453,3.075292,Nuit sans éclairage public,Hors agglomération,Autre intersection,Normale,Autre collision,3,2,2,0,1,3,8,0,3,80,,2,0,0,0,2,24.0,,,,3,1,9,1,6
202100002829,2021-12-17 15:35:00,2021,12,17,15,35,64,64396,D31,43.436562,-0.631533,Plein jour,Hors agglomération,Intersection en T,Normale,Deux véhicules - côté,3,2,3,0,2,3,1,5,1,80,,3,2,0,1,0,72.0,73.0,,,1,1,3,1,3
202100002830,2021-12-16 15:00:00,2021,12,16,15,0,14,14027,D54,49.020429,-0.63379,Plein jour,En agglomération,Intersection en Y,Normale,Autre collision,3,2,2,0,1,3,1,0,1,50,,2,1,0,1,0,17.0,,,,1,2,4,1,6
202100002831,2021-12-17 08:45:00,2021,12,17,8,45,48,48005,Antrenas - Autoroute A75 -PK 152.593 - Sens Nord/Sud,44.58672513,3.25089365,Plein jour,Hors agglomération,Hors intersection,Normale,Autre collision,1,3,4,0,2,1,1,3,3,130,,1,0,0,1,0,20.0,,,,1,1,1,1,6
202100002832,2021-12-16 16:40:00,2021,12,16,16,40,38,38242,Col du Fau (Selle),44.908239,5.626202,Nuit sans éclairage public,Hors agglomération,Giratoire,Brouillard / fumée,Deux véhicules - côté,3,1,1,0,1,2,2,5,1,80,,3,2,0,1,0,20.0,64.0,,,3,1,6,5,3
202100002833,2021-12-16 17:55:00,2021,12,16,17,55,67,67234,D1061,48.962261,7.048164,Nuit avec éclairage allumé,En agglomération,Hors intersection,Normale,Deux véhicules - arrière,3,2,2,0,1,1,1,0,1,50,,2,1,0,0,1,65.0,29.0,,,5,2,1,1,2
202100002834,2021-12-17 15:40:00,2021,12,17,15,40,76,76312,Rue Henri Dunant,49.481087,1.719763,Plein jour,En agglomération,Hors intersection,Brouillard / fumée,Deux véhicules - côté,4,2,2,0,4,1,1,0,1,50,,2,1,0,0,1,40.0,17.0,,,1,2,1,5,3
202100002835,2021-12-16 13:30:00,2021,12,16,13,30,12,12125,Chemin de Saint-Maurice à Orient,43.854015,2.626682,Plein jour,En agglomération,Hors intersection,Normale,Sans collision,4,2,1,0,2,1,7,0,3,50,,1,0,0,1,0,66.0,,,,1,2,1,1,7
202100002836,2021-12-17 11:15:00,2021,12,17,11,15,44,44195,La Colleraye (Zone commerciale),47.371494,-1.938035,Plein jour,En agglomération,Giratoire,Normale,Autre collision,9,2,2,0,1,1,1,9,1,30,,2,1,0,1,0,31.0,,,,1,2,6,1,6
202100002837,2021-12-16 07:55:00,2021,12,16,7,55,44,44098,Rue du Château,47.48224,-2.162506,Crépuscule ou aube,En agglomération,Intersection en T,Normale,Deux véhicules - arrière,3,2,2,0,1,1,1,0,1,50,,2,1,0,0,1,30.0,25.0,,,2,2,3,1,2
202100002838,2021-12-17 07:22:00,2021,12,17,7,22,29,29113,Lieu Dit Keralsi,48.645833,-3.745598,Nuit sans éclairage public,Hors agglomération,Hors intersection,Normale,Autre collision,4,2,2,0,1,1,1,0,1,80,,1,0,0,1,0,24.0,,,,3,1,1,1,6
202100002839,2021-12-16 22:15:00,2021,12,16,22,15,31,31107,d627,43.299601,1.219951,Nuit sans éclairage public,Hors agglomération,Hors intersection,Normale,Deux véhicules - frontale,3,-1,2,1,1,1,1,0,1,80,,2,0,0,2,0,20.0,62.0,,,3,1,1,1,1
202100002840,2021-12-17 06:40:00,2021,12,17,6,40,38,38453,461 Route de Grenoble,45.1203,5.331593,Nuit avec éclairage allumé,En agglomération,Hors intersection,Normale,Autre collision,3,2,2,0,1,1,1,0,3,50,,2,1,0,0,1,50.0,,,,5,2,1,1,6
202100002841,2021-12-17 15:55:00,2021,12,17,15,55,02,02232,Le Virlet,49.207557,3.053057,Crépuscule ou aube,Hors agglomération,Hors intersection,Normale,Deux véhicules - côté,3,2,2,0,3,1,1,0,1,80,,2,1,1,0,0,90.0,61.0,,,2,1,1,1,3
202100002842,2021-12-17 09:15:00,2021,12,17,9,15,58,58132,D977bis,47.23821,3.600397,Plein jour,En agglomération,Hors intersection,Normale,Autre collision,3,2,2,0,3,1,1,0,3,-1,,1,0,1,0,0,40.0,,,,1,2,1,1,6
202100002843,2021-12-16 13:45:00,2021,12,16,13,45,72,72383,Rue Roland Noël Pasquier,48.086873,0.55033,Plein jour,En agglomération,Hors intersection,Normale,Deux véhicules - côté,3,2,2,0,4,1,1,0,1,50,,4,3,0,1,0,36.0,15.0,,,1,2,1,1,3
202100002844,2021-12-17 08:15:00,2021,12,17,8,15,83,83038,Départémentale 54,43.593011,6.469145,Plein jour,Hors agglomération,Hors intersection,Normale,Deux véhicules - frontale,3,2,2,0,2,1,1,0,1,80,,3,2,0,0,1,36.0,30.0,,,1,1,1,1,1
202100002845,2021-12-15 16:45:00,2021,12,15,16,45,60,60119,1150 Rue Nationale,49.500053,2.901266,Crépuscule ou aube,En agglomération,Hors intersection,Normale,Autre collision,3,2,2,0,1,1,1,0,1,30,,2,1,0,1,0,54.0,,,,2,2,1,1,6
202100002846,2021-12-17 09:16:00,2021,12,17,9,16,60,60328,intersection d149/d11,49.528854,2.099869,Plein jour,Hors agglomération,Intersection en T,Brouillard / fumée,Sans collision,3,2,2,0,1,3,1,5,8,80,,2,1,0,0,1,24.0,,,,1,1,3,5,7
202100002847,2021-12-15 17:45:00,2021,12,15,17,45,45,45193,D7,47.762491,1.990995,Nuit sans éclairage public,Hors agglomération,Hors intersection,Normale,Deux véhicules - côté,3,2,2,0,1,3,1,0,1,80,,2,1,0,1,0,55.0,21.0,,,3,1,1,1,3
202100002848,2021-12-17 12:25:00,2021,12,17,12,25,45,45081,Rue de la Vendrée,47.936005,1.552849,Plein jour,Hors agglomération,Hors intersection,Temps couvert,Autre collision,4,2,2,0,1,2,6,0,3,80,,1,0,0,0,1,46.0,,,,1,1,1,8,6
202100002849,2021-12-17 15:00:00,2021,12,17,15,0,16,16028,D 1,45.492148437,-0.1551014185,Plein jour,Hors agglomération,Intersection en T,Normale,Deux véhicules - côté,3,2,2,0,1,1,1,0,1,90,,2,1,1,0,0,22.0,86.0,,,1,1,3,1,3
202100002850,2021-12-16 10:45:00,2021,12,16,10,45,16,16124,Route départementale 699,45.684398,0.566773,Plein jour,Hors agglomération,Hors intersection,Normale,Autre collision,3,2,2,0,2,4,7,0,1,90,,1,0,0,1,0,67.0,,,,1,1,1,1,6
202100002851,2021-12-17 12:45:00,2021,12,17,12,45,04,04094,RD 82,43.789193,5.864763,Plein jour,Hors agglomération,Hors intersection,Normale,Deux véhicules - frontale,3,2,2,0,2,4,1,0,1,80,,3,0,0,0,3,24.0,59.0,,,1,1,1,1,1
202100002852,2021-12-17 20:00:00,2021,12,17,20,0,85,85084,D60,46.781591,-1.208558,Nuit sans éclairage public,Hors agglomération,Intersection en X,Normale,Deux véhicules - côté,3,2,2,0,1,1,1,0,1,80,,2,1,0,1,0,29.0,61.0,,,3,1,2,1,3
202100002853,2021-11-29 13:40:00,2021,11,29,13,40,27,27567,D6014,49.255664,1.562355,Plein jour,Hors agglomération,Intersection en X,Normale,Deux véhicules - côté,3,2,2,0,1,1,1,0,1,80,,2,0,0,0,2,52.0,20.0,,,1,1,2,1,3
202100002854,2021-12-17 18:00:00,2021,12,17,18,0,30,30004,,43.726479,4.193156,Nuit sans éclairage public,Hors agglomération,Intersection en T,Normale,Deux véhicules - frontale,3,2,2,0,2,3,1,0,1,80,,2,1,0,1,0,58.0,35.0,,,3,1,3,1,1
202100002855,2021-12-13 07:30:00,2021,12,13,7,30,30,30320,D6,44.114859,4.253168,Crépuscule ou aube,Hors agglomération,Hors intersection,Normale,Deux véhicules - arrière,3,2,2,0,1,1,7,0,1,80,,2,1,0,1,0,61.0,54.0,,,2,1,1,1,2
202100002856,2021-12-17 14:00:00,2021,12,17,14,0,973,97307,RN2 - Balata,4.885875,-52.33537,Plein jour,En agglomération,Hors intersection,Normale,Deux véhicules - côté,2,2,3,0,1,1,1,0,1,50,,3,2,0,1,0,49.0,31.0,,,1,2,1,1,3
202100002857,2021-12-17 17:20:00,2021,12,17,17,20,06,06084,1528 Chemin de Font des Fades,43.625203,6.997671,Nuit sans éclairage public,En agglomération,Hors intersection,Normale,Deux véhicules - côté,3,2,2,0,1,1,1,0,1,70,,3,0,0,0,3,79.0,17.0,,,3,2,1,1,3
202100002858,2021-12-15 19:55:00,2021,12,15,19,55,01,01032,A42,45.860413,5.122955,Nuit sans éclairage public,Hors agglomération,Hors intersection,Pluie légère,Trois véhicules et plus - en chaîne,1,-1,4,0,1,1,2,0,2,130,,4,3,0,0,1,37.0,35.0,,,3,1,1,2,4
202100002859,2021-12-17 04:00:00,2021,12,17,4,0,33,33498,A63,44.556935,-0.831764,Nuit sans éclairage public,Hors agglomération,Hors intersection,Brouillard / fumée,Deux véhicules - frontale,1,2,4,0,1,1,1,0,1,130,,2,0,0,1,1,36.0,47.0,,,3,1,1,5,1
202100002860,2021-12-14 23:30:00,2021,12,14,23,30,971,97103,Route Nationale N 1,16.254025,-61.550732,Nuit avec éclairage non allumé,En agglomération,Hors intersection,Temps couvert,Deux véhicules - frontale,2,3,4,0,1,1,1,0,1,90,,2,0,0,0,2,34.0,42.0,,,4,2,1,8,1
202100002861,2021-12-16 16:45:00,2021,12,16,16,45,68,68278,Avenue du Général de Gaulle,47.748385,7.404619,Crépuscule ou aube,En agglomération,Intersection en T,Temps couvert,Autre collision,3,2,2,2,1,1,1,0,5,30,,1,0,0,1,0,14.0,,,,2,2,3,8,6
202100002862,2021-12-16 18:05:00,2021,12,16,18,5,77,77185,D637,48.463802,2.555094,Nuit sans éclairage public,Hors agglomération,Intersection en X,Normale,Deux véhicules - côté,3,3,2,0,1,1,1,0,3,90,,2,1,0,0,1,33.0,31.0,,,3,1,2,1,3
202100002863,2021-12-16 16:00:00,2021,12,16,16,0,2A,2A247,rue henri frenay,41.598708,9.277804,Plein jour,En agglomération,Intersection en X,Normale,Deux véhicules - côté,3,2,2,0,1,1,1,0,1,50,,2,1,0,1,0,31.0,75.0,,,1,2,2,1,3
202100002864,2021-12-16 08:45:00,2021,12,16,8,45,84,84047,D900,43.866868,5.317984,Crépuscule ou aube,Hors agglomération,Hors intersection,Autre,Trois véhicules et plus - collisions multiples,3,2,2,0,2,3,7,0,1,80,,4,2,0,1,1,26.0,65.0,,,2,1,1,9,5
202100002865,2021-12-17 12:10:00,2021,12,17,12,10,06,06077,Route de Luceram,43.873821,7.3518,Plein jour,Hors agglomération,Hors intersection,Normale,Deux véhicules - frontale,3,2,2,0,1,2,1,0,1,80,,2,1,0,1,0,53.0,16.0,,,1,1,1,1,1
202100002866,2021-12-16 08:00:00,2021,12,16,8,0,71,71071,Départementale 202 - Les Jumatis,46.280678,3.941361,Crépuscule ou aube,En agglomération,Intersection en Y,Temps couvert,Deux véhicules - côté,3,2,1,0,4,2,2,0,1,50,,4,3,0,1,0,40.0,28.0,,,2,2,4,8,3
202100002867,2021-12-17 16:15:00,2021,12,17,16,15,52,52269,630 Rue de Champagne,47.87684,5.340841,Plein jour,En agglomération,Hors intersection,Normale,Sans collision,4,2,2,0,2,1,1,0,1,50,,1,0,0,0,1,60.0,,,,1,2,1,1,7
202100002868,2021-12-17 07:50:00,2021,12,17,7,50,01,01027,RD 1084,45.8492134442,5.1099045575,Plein jour,En agglomération,Intersection en T,Temps couvert,Deux véhicules - côté,3,2,2,0,1,1,1,5,1,70,,2,1,0,0,1,18.0,20.0,,,1,2,3,8,3
202100002869,2021-12-17 16:45:00,2021,12,17,16,45,76,76432,Route de Neufchatel - D1314,49.668905,1.510792,Crépuscule ou aube,Hors agglomération,Hors intersection,Autre,Deux véhicules - frontale,3,2,2,0,1,3,2,0,1,80,,2,0,0,0,2,17.0,34.0,,,2,1,1,9,1
202100002870,2021-12-16 23:30:00,2021,12,16,23,30,60,60089,Route départementale 915,49.206758,1.861566,Nuit sans éclairage public,En agglomération,Autre intersection,Brouillard / fumée,Sans collision,3,2,2,0,1,2,1,0,3,50,,1,0,0,0,1,18.0,,,,3,2,9,5,7
202100002871,2021-12-15 08:40:00,2021,12,15,8,40,94,94034,AUTOROUTE A86,48.7617385147,2.3149952887,Plein jour,Hors agglomération,Hors intersection,Normale,Deux véhicules - arrière,1,2,4,0,1,1,1,0,1,90,,2,1,0,0,1,23.0,29.0,,,1,1,1,1,2
202100002872,2021-12-15 18:00:00,2021,12,15,18,0,92,92050,A86,48.915885359,2.2206609497,Crépuscule ou aube,Hors agglomération,Hors intersection,Normale,Deux véhicules - côté,1,-1,3,0,1,1,1,0,1,90,,2,1,0,0,1,22.0,26.0,,,2,1,1,1,3
202100002873,2021-12-13 12:00:00,2021,12,13,12,0,93,93053,AUTOROUTE A3,48.8938281588,2.4719020439,Plein jour,Hors agglomération,Hors intersection,Normale,Trois véhicules et plus - collisions multiples,1,3,2,0,1,1,1,0,1,90,,3,2,0,0,1,43.0,56.0,,,1,1,1,1,5
202100002874,2021-12-13 08:10:00,2021,12,13,8,10,93,93064,AUTOROUTE A86,48.8787695858,2.4763536005,Plein jour,Hors agglomération,Hors intersection,Normale,Trois véhicules et plus - en chaîne,1,3,2,0,1,1,1,0,1,90,,5,4,0,0,1,50.0,31.0,,,1,1,1,1,4
202100002875,2021-12-15 08:40:00,2021,12,15,8,40,94,94004,RN19 .W,48.753,2.512,Crépuscule ou aube,Hors agglomération,Hors intersection,Normale,Deux véhicules - arrière,2,3,3,0,1,1,1,1,1,90,,2,1,0,0,1,50.0,53.0,,,2,1,1,1,2
202100002876,2021-09-09 07:08:00,2021,9,9,7,8,2A,2A004,NAPOLEON COURS AVANT BEVERINI,41.91903,8.7368,Crépuscule ou aube,En agglomération,Hors intersection,Temps couvert,Autre collision,2,2,1,0,1,1,1,0,1,50,,2,1,0,0,1,20.0,,,,2,2,1,8,6
202100002877,2021-08-20 09:15:00,2021,8,20,9,15,2A,2A004,T21,41.92688,8.78234,Plein jour,Hors agglomération,Hors intersection,Normale,Deux véhicules - arrière,2,3,0,0,1,1,1,0,1,90,,2,1,0,1,0,20.0,48.0,,,1,1,1,1,2
202100002878,2021-08-07 23:10:00,2021,8,7,23,10,2A,2A004,NAPOLEON COURS APRES BEVERINI,41.93083,8.73973,Nuit avec éclairage allumé,En agglomération,Hors intersection,Normale,Deux véhicules - côté,2,1,3,0,1,1,1,0,1,50,,3,2,0,1,0,31.0,17.0,,,5,2,1,1,3
202100002879,2021-07-27 18:02:00,2021,7,27,18,2,2A,2A004,NICOLI JEAN COURS,41.93336,8.74317,Plein jour,En agglomération,Hors intersection,Normale,Trois véhicules et plus - collisions multiples,2,1,4,3,1,1,1,9,6,50,,3,1,0,0,2,16.0,17.0,,,1,2,1,1,5
202100002880,2021-06-20 16:20:00,2021,6,20,16,20,2A,2A004,T21,41.92737,8.79659,Plein jour,Hors agglomération,Giratoire,Normale,Trois véhicules et plus - en chaîne,2,1,2,0,1,2,1,0,1,70,,4,2,0,0,2,,57.0,,,1,1,6,1,4
202100002881,2021-10-06 08:45:00,2021,10,6,8,45,77,77333,RUE DE LA CLERY,48.27545,2.70246,Plein jour,En agglomération,Hors intersection,Normale,Autre collision,4,2,2,0,1,1,1,0,4,50,,1,0,0,0,1,73.0,,,,1,2,1,1,6
202100002882,2021-12-12 17:15:00,2021,12,12,17,15,974,97411,REYDELLET (ROUTE JULES),-20.93373,55.49234,Plein jour,Hors agglomération,Autre intersection,Normale,Sans collision,4,2,2,0,2,3,1,9,1,50,,1,0,0,0,1,61.0,,,,1,1,9,1,7
202100002883,2021-12-14 08:00:00,2021,12,14,8,0,972,97213,ROUTE NATIONALE 1,14.62513,-60.9821,Plein jour,En agglomération,Hors intersection,Pluie légère,Deux véhicules - côté,2,2,4,0,1,1,2,0,1,70,,2,1,0,0,1,27.0,21.0,,,1,2,1,2,3
202100002884,2021-12-13 02:45:00,2021,12,13,2,45,972,97209,RD 41 (ROCADE),14.61029,-61.06911,Nuit avec éclairage allumé,Hors agglomération,Hors intersection,Pluie légère,Autre collision,3,1,2,0,1,1,2,0,8,60,,1,0,0,0,1,34.0,,,,5,1,1,2,6
202100002885,2021-12-14 17:10:00,2021,12,14,17,10,69,69286,EUROPE (DE L') (AV),45.81846,4.90427,Nuit avec éclairage allumé,En agglomération,Hors intersection,Brouillard / fumée,Deux véhicules - arrière,4,3,2,0,1,1,1,0,1,50,,2,1,0,0,1,36.0,53.0,,,5,2,1,5,2
202100002886,2021-12-13 12:30:00,2021,12,13,12,30,69,69286,LOUP PENDU (DU) (AV),45.8151265995,4.8876312375,Plein jour,En agglomération,Hors intersection,Normale,Autre collision,4,2,2,0,1,1,1,9,1,50,,2,1,0,0,1,24.0,,,,1,2,1,1,6
202100002887,2021-12-13 22:20:00,2021,12,13,22,20,69,69385,CHOULANS (DE) (MO),45.75617,4.81542,Nuit avec éclairage allumé,En agglomération,Intersection en X,Normale,Deux véhicules - côté,4,2,2,0,2,1,1,0,1,50,,2,1,0,1,0,37.0,32.0,,,5,2,2,1,3
202100002888,2021-12-14 10:05:00,2021,12,14,10,5,2A,2A004,ALBERT 1ER BD,41.91286,8.72466,Plein jour,En agglomération,Hors intersection,Normale,Autre collision,3,2,2,0,1,1,1,0,1,50,,2,1,0,0,1,57.0,,,,1,2,1,1,6
202100002889,2021-12-14 13:20:00,2021,12,14,13,20,95,95288,GENERAL LECLERC (RUE DU),48.9852895737,2.35487625,Plein jour,En agglomération,Hors intersection,Normale,Sans collision,3,1,1,0,1,1,1,0,1,30,,1,0,0,0,1,18.0,,,,1,2,1,1,7
202100002890,2021-12-14 17:30:00,2021,12,14,17,30,91,91691,CONCY(RUE),48.71061,2.48536,Nuit avec éclairage allumé,En agglomération,Autre intersection,Temps couvert,Deux véhicules - côté,3,2,2,0,1,3,1,5,1,30,,2,1,0,0,1,37.0,36.0,,,5,2,9,8,3
202100002891,2021-12-14 19:40:00,2021,12,14,19,40,91,91479,RTE DE FONTAINEBLEAU,48.73153,2.36706,Nuit avec éclairage non allumé,Hors agglomération,Hors intersection,Normale,Deux véhicules - arrière,2,2,4,0,1,1,1,0,1,70,,2,1,0,0,1,37.0,34.0,,,4,1,1,1,2
202100002892,2021-12-13 13:45:00,2021,12,13,13,45,91,91223,DOUMER (RUE PAUL),48.4332,2.15762,Plein jour,En agglomération,Hors intersection,Temps couvert,Autre collision,4,1,1,0,1,1,1,0,1,50,,2,1,0,0,1,59.0,,,,1,2,1,8,6
202100002893,2021-12-10 13:01:00,2021,12,10,13,1,87,87085,PLATON (RUE),45.8365,1.24258,Plein jour,En agglomération,Intersection en T,Normale,Autre collision,4,2,2,0,1,1,1,0,1,50,,2,1,0,1,0,61.0,,,,1,2,3,1,6
202100002894,2021-12-14 07:50:00,2021,12,14,7,50,86,86158,Avenue de Chatellerault,46.627056,0.35502,Crépuscule ou aube,En agglomération,Hors intersection,Normale,Deux véhicules - arrière,3,3,4,0,1,1,1,0,1,50,,2,1,0,0,1,57.0,,,,2,2,1,1,2
202100002895,2021-12-14 16:30:00,2021,12,14,16,30,84,84087,CAMARET (ROUTE DE),44.14098,4.81811,Plein jour,En agglomération,Hors intersection,Normale,Autre collision,3,2,2,0,1,1,1,0,1,50,,2,1,0,1,0,48.0,,,,1,2,1,1,6
202100002896,2021-12-14 11:20:00,2021,12,14,11,20,83,83137,FABIEN (AVE COLONEL),43.122629,5.940292,Plein jour,En agglomération,Hors intersection,Normale,Autre collision,4,1,1,3,1,1,1,0,1,50,,2,1,0,0,1,47.0,,,,1,2,1,1,6
202100002897,2021-12-08 15:50:00,2021,12,8,15,50,83,83118,RUE DE LA GARONNE,43.4250205857,6.7639651895,Plein jour,En agglomération,Giratoire,Normale,Autre collision,4,2,2,0,1,3,1,5,1,50,,2,1,0,1,0,64.0,,,,1,2,6,1,6
202100002898,2021-12-09 19:30:00,2021,12,9,19,30,80,80021,CARNOT (BOULEVARD),49.89217,2.28739,Nuit avec éclairage allumé,En agglomération,Hors intersection,Normale,Autre collision,4,2,2,0,1,1,1,0,1,50,,2,1,0,0,1,52.0,,,,5,2,1,1,6
202100002899,2021-12-09 18:45:00,2021,12,9,18,45,80,80021,BEAUVILLE NORD (BOULEVARD DE),49.89582,2.30931,Nuit avec éclairage allumé,En agglomération,Hors intersection,Normale,Deux véhicules - côté,4,2,6,0,1,1,1,0,1,50,,2,1,0,0,1,27.0,51.0,,,5,2,1,1,3
202100002900,2021-12-11 17:50:00,2021,12,11,17,50,80,80164,RD929,49.9216,2.37121,Nuit sans éclairage public,Hors agglomération,Hors intersection,Normale,Deux véhicules - côté,3,2,2,0,1,1,1,0,1,80,,2,1,0,0,1,33.0,14.0,,,3,1,1,1,3
202100002901,2021-12-13 16:40:00,2021,12,13,16,40,78,78551,PEREIRE,48.90146,2.0733,Nuit avec éclairage allumé,En agglomération,Hors intersection,Normale,Autre collision,4,2,2,0,1,1,1,0,1,50,,2,1,0,0,1,46.0,,,,5,2,1,1,6
202100002902,2021-12-13 12:20:00,2021,12,13,12,20,77,77186,D607,48.4021,2.68715,Plein jour,En agglomération,Hors intersection,Normale,Deux véhicules - arrière,3,2,4,0,2,1,2,0,1,50,,3,2,0,0,1,71.0,43.0,,,1,2,1,1,2
202100002903,2021-12-13 17:10:00,2021,12,13,17,10,76,76114,DESGENETAIS LEON (PLACE),49.57184,0.47084,Crépuscule ou aube,En agglomération,Hors intersection,Temps couvert,Autre collision,9,-1,0,0,1,1,1,9,8,50,,2,0,0,0,1,,,,,2,2,1,8,6
202100002904,2021-12-13 17:30:00,2021,12,13,17,30,73,73065,COSTA DE BEAUREGARD (RUE),45.5634,5.93071,Nuit avec éclairage allumé,En agglomération,Hors intersection,Normale,Autre collision,4,2,2,2,1,1,1,0,1,30,,2,0,0,0,2,89.0,,,,5,2,1,1,6
202100002905,2021-12-14 12:40:00,2021,12,14,12,40,71,71309,R.N.80,46.79915,4.38428,Plein jour,Hors agglomération,Autre intersection,Brouillard / fumée,Deux véhicules - côté,3,2,3,0,2,1,1,5,1,70,,2,1,0,0,1,85.0,35.0,,,1,1,9,5,3
202100002906,2021-12-14 06:15:00,2021,12,14,6,15,69,69282,JOSEPH DESBOIS (R),45.77108,5.00364,Nuit avec éclairage allumé,En agglomération,Passage à niveau,Brouillard / fumée,Deux véhicules - côté,4,2,2,3,1,1,2,4,1,50,,2,1,0,0,1,23.0,51.0,,,5,2,8,5,3
202100002907,2021-12-14 06:52:00,2021,12,14,6,52,66,66136,FOULON (CHEMIN DU)(CR41),42.69635,2.86407,Nuit avec éclairage allumé,En agglomération,Giratoire,Normale,Deux véhicules - côté,4,2,2,0,1,2,1,0,1,30,,2,1,0,0,1,28.0,42.0,,,5,2,6,1,3
202100002908,2021-12-14 14:00:00,2021,12,14,14,0,64,64348,ERCKMAN CHATRIAN,43.3267308393,-0.3898537159,Plein jour,En agglomération,Hors intersection,Normale,Deux véhicules - arrière,4,4,3,0,1,1,1,0,1,50,,2,1,0,0,1,83.0,78.0,,,1,2,1,1,2
202100002909,2021-12-14 08:36:00,2021,12,14,8,36,64,64445,Boulevard d’Alsace Lorraine,43.30447,-0.36818,Plein jour,En agglomération,Intersection en X,Normale,Sans collision,4,1,2,3,1,1,1,0,6,50,,3,2,0,0,1,,53.0,,,1,2,2,1,7
202100002910,2021-12-14 08:10:00,2021,12,14,8,10,64,64122,Rue Chapelet,43.46351,-1.54367,Crépuscule ou aube,En agglomération,Hors intersection,Normale,Deux véhicules - côté,4,2,2,0,2,1,1,0,1,30,,2,1,0,0,1,24.0,56.0,,,2,2,1,1,3
202100002911,2021-12-14 10:39:00,2021,12,14,10,39,63,63070,CHAMP BLANC (CHEMIN DE),45.73501,3.06812,Plein jour,En agglomération,Hors intersection,Normale,Autre collision,4,2,2,0,1,1,7,0,1,50,,2,1,0,0,1,90.0,,,,1,2,1,1,6
202100002912,2021-12-14 06:45:00,2021,12,14,6,45,63,63307,D2089,45.74088,3.11407,Nuit sans éclairage public,Hors agglomération,Hors intersection,Autre,Sans collision,7,3,4,0,1,1,7,0,1,80,,1,0,0,0,1,32.0,,,,3,1,1,9,7
202100002913,2021-12-13 19:53:00,2021,12,13,19,53,63,63113,CHANTERANNE (RUE DE),45.78728,3.09827,Nuit avec éclairage allumé,En agglomération,Hors intersection,Normale,Autre collision,4,2,2,0,1,1,1,0,1,50,,2,1,0,0,1,43.0,,,,5,2,1,1,6
202100002914,2021-12-13 18:39:00,2021,12,13,18,39,63,63113,CLEMENTEL (BD ETIENNE),45.80644,3.10934,Nuit avec éclairage allumé,En agglomération,Intersection en T,Normale,Deux véhicules - arrière,7,3,4,0,1,1,1,0,1,50,,2,1,0,0,1,52.0,35.0,,,5,2,3,1,2
202100002915,2021-12-13 07:55:00,2021,12,13,7,55,62,62727,D 941,50.46592,2.57956,Crépuscule ou aube,Hors agglomération,Hors intersection,Temps couvert,Trois véhicules et plus - collisions multiples,3,2,2,0,1,1,2,0,1,80,,6,5,1,0,0,33.0,22.0,,,2,1,1,8,5
202100002916,2021-12-13 13:30:00,2021,12,13,13,30,61,61006,REPUBLIQUE (RUE DE LA) A PARTIR DE N° 20,48.747039,-0.019366,Plein jour,En agglomération,Intersection en T,Temps couvert,Deux véhicules - côté,4,2,2,0,1,1,1,0,1,50,,2,1,0,0,1,,34.0,,,1,2,3,8,3
202100002917,2021-12-14 08:00:00,2021,12,14,8,0,59,59350,KENNEDY AVENUE,50.6325616559,3.0708611012,Crépuscule ou aube,En agglomération,Intersection en X,Normale,Autre collision,4,1,2,0,1,1,1,0,1,30,,2,1,0,0,1,29.0,,,,2,2,2,1,6
202100002918,2021-12-14 09:10:00,2021,12,14,9,10,59,59350,RUE MADELEINE REBERIOUX,50.62643,3.08047,Plein jour,En agglomération,Intersection en T,Normale,Deux véhicules - côté,2,3,3,0,1,1,1,3,1,50,,2,1,0,1,0,21.0,29.0,,,1,2,3,1,3
202100002919,2021-12-14 06:10:00,2021,12,14,6,10,59,59507,CARNOT SADI RUE,50.6030926836,3.1011271477,Crépuscule ou aube,En agglomération,Autre intersection,Normale,Autre collision,7,1,1,0,1,2,2,0,1,50,,2,1,0,1,0,52.0,,,,2,2,9,1,6
202100002920,2021-12-13 21:50:00,2021,12,13,21,50,57,57306,FOCH (RUE),49.33228,6.05393,Nuit avec éclairage allumé,En agglomération,Hors intersection,Normale,Deux véhicules - côté,3,2,2,0,1,1,1,0,1,50,,2,1,0,1,0,35.0,36.0,,,5,2,1,1,3
202100002921,2021-12-10 10:00:00,2021,12,10,10,0,57,57143,CLEMENCEAU (RUE),49.2603,6.0942,Plein jour,En agglomération,Hors intersection,Neige / grêle,Deux véhicules - frontale,4,2,2,0,1,4,9,0,1,30,,3,1,0,0,2,61.0,21.0,,,1,2,1,4,1
202100002922,2021-12-13 12:40:00,2021,12,13,12,40,56,56083,VILLENEUVE ST-CARADEC (LIEU-DIT),47.82159,-3.28845,Plein jour,Hors agglomération,Hors intersection,Pluie légère,Sans collision,4,2,2,0,2,2,2,0,3,70,,1,0,0,0,1,23.0,,,,1,1,1,2,7