accident_id,datetime,annee,mois,jour,heure,minute,departement,commune_insee,adresse,latitude,longitude,luminosite,agglomeration,intersection,meteo,collision,catr,circ,nbv,vosp,prof,plan,surf,infra,situ,vma,nb_vehicules,nb_usagers,nb_indemnes,nb_tues,nb_blesses_hosp,nb_blesses_legers,age_cond_1,age_cond_2,veh_type_cond_1,veh_type_cond_2,lum_code,agg_code,int_code,atm_code,col_code
202100002923,2021-12-12 10:10:00,2021,12,12,10,10,56,56185,N165 bretelle échangeur ,47.7713,-3.37732,Plein jour,Hors agglomération,Hors intersection,Pluie légère,Sans collision,2,3,2,0,2,3,2,3,1,70,,1,0,0,0,1,24.0,,,,1,1,1,2,7
202100002924,2021-12-11 17:50:00,2021,12,11,17,50,56,56098,SEMBAT (RUE MARCEL),47.7642,-3.34553,Nuit avec éclairage allumé,En agglomération,Intersection en X,Pluie légère,Deux véhicules - côté,4,2,2,0,1,1,2,0,1,30,,3,2,0,0,1,46.0,43.0,,,5,2,2,2,3
202100002925,2021-12-13 08:40:00,2021,12,13,8,40,54,54257,NEY (RUE DU MARECHAL),48.6532565605,6.1998585462,Plein jour,En agglomération,Intersection en T,Brouillard / fumée,Autre collision,4,2,2,0,1,2,1,0,1,30,,1,0,0,0,1,85.0,,,,1,2,3,5,6
202100002926,2021-12-13 12:16:00,2021,12,13,12,16,51,51454,Rue Simon,49.2433364322,4.0401014686,Plein jour,En agglomération,Hors intersection,Normale,Sans collision,4,2,2,2,1,1,1,0,1,30,,2,1,0,0,1,35.0,,,,1,2,1,1,7
202100002927,2021-12-14 11:42:00,2021,12,14,11,42,49,49246,HUGO VICTOR RUE,47.4303333904,-0.5280690194,Plein jour,En agglomération,Hors intersection,Normale,Sans collision,3,2,2,0,1,1,1,0,1,50,,1,0,0,0,1,59.0,,,,1,2,1,1,7
202100002928,2021-12-14 21:45:00,2021,12,14,21,45,44,44109,RUE LA TOUR D'AUVERGNE,47.2067,-1.5534,Nuit avec éclairage allumé,En agglomération,Hors intersection,Normale,Deux véhicules - côté,4,2,0,0,1,1,1,0,1,30,,2,1,0,0,1,30.0,26.0,,,5,2,1,1,3
202100002929,2021-12-12 19:00:00,2021,12,12,19,0,42,42218,Rue Paul de Vivie,45.40478,4.40074,Nuit sans éclairage public,Hors agglomération,Hors intersection,Temps couvert,Trois véhicules et plus - collisions multiples,7,2,3,0,2,4,2,0,1,70,,4,1,0,1,2,60.0,22.0,,,3,1,1,8,5
202100002930,2021-12-14 17:00:00,2021,12,14,17,0,41,41018,DION (RUE ROGER),47.60385,1.32829,Nuit avec éclairage allumé,En agglomération,Intersection en T,Normale,Autre collision,4,4,4,0,1,1,1,5,1,50,,2,1,0,1,0,22.0,,,,5,2,3,1,6
202100002931,2021-12-13 08:10:00,2021,12,13,8,10,41,41295,RD 956,47.58832,1.36142,Plein jour,En agglomération,Hors intersection,Normale,Sans collision,3,3,4,0,1,1,1,0,1,90,,1,0,0,1,0,56.0,,,,1,2,1,1,7
202100002932,2021-12-14 08:00:00,2021,12,14,8,0,37,37122,CHINON (BOULEVARD DE),47.3518509943,0.6864825636,Nuit avec éclairage allumé,En agglomération,Giratoire,Brouillard / fumée,Deux véhicules - arrière,4,3,1,1,1,1,2,5,5,50,,2,1,0,0,1,19.0,53.0,,,5,2,6,5,2
202100002933,2021-12-14 18:10:00,2021,12,14,18,10,35,35238,PORTE DE VILLEJEAN,48.12587,-1.71541,Nuit sans éclairage public,Hors agglomération,Hors intersection,Normale,Deux véhicules - côté,2,3,4,0,1,1,1,0,1,90,,2,1,0,0,1,44.0,64.0,,,3,1,1,1,3
202100002934,2021-12-14 19:15:00,2021,12,14,19,15,35,35238,BRIAND (AVENUE ARISTIDE),48.1102441874,-1.6673630476,Nuit avec éclairage allumé,En agglomération,Hors intersection,Temps couvert,Deux véhicules - arrière,4,1,1,2,1,1,1,0,5,30,,2,1,0,0,1,21.0,53.0,,,5,2,1,8,2
202100002935,2021-12-14 17:10:00,2021,12,14,17,10,35,35281,NANTES (RUE DE),48.09004,-1.69293,Crépuscule ou aube,En agglomération,Hors intersection,Normale,Autre collision,7,2,2,2,1,1,2,0,1,50,,2,1,0,0,1,26.0,,,,2,2,1,1,6
202100002936,2021-12-11 16:58:00,2021,12,11,16,58,34,34032,MOULIN JEAN (AV),43.34986,3.22676,Plein jour,En agglomération,Hors intersection,Normale,Sans collision,4,2,2,0,1,1,1,0,1,50,,2,1,0,1,0,29.0,,,,1,2,1,1,7
202100002937,2021-12-14 16:30:00,2021,12,14,16,30,33,33318,Avenue Jean Jaurès,44.81411,-0.61183,Crépuscule ou aube,En agglomération,Hors intersection,Temps éblouissant,Autre collision,4,2,2,2,1,1,1,9,1,30,,2,1,0,0,1,59.0,,,,2,2,1,7,6
202100002938,2021-11-03 22:25:00,2021,11,3,22,25,33,33529,rue Lagrua,44.645939,-1.157898,Nuit avec éclairage allumé,En agglomération,Hors intersection,Pluie légère,Deux véhicules - côté,4,2,2,1,1,2,2,-1,1,30,,2,1,0,0,1,21.0,20.0,,,5,2,1,2,3
202100002939,2021-12-14 14:10:00,2021,12,14,14,10,31,31555,RUE DU LANGUEDOC,43.59927,1.44551,Plein jour,En agglomération,Hors intersection,Normale,Autre collision,4,2,2,3,1,1,2,0,1,50,,2,1,0,1,0,48.0,,,,1,2,1,1,6
202100002940,2021-12-14 09:00:00,2021,12,14,9,0,31,31555,AV DE CASSELARDIT,43.61314,1.40223,Plein jour,En agglomération,Autre intersection,Normale,Autre collision,6,-1,0,0,1,2,2,0,4,50,,2,1,0,0,1,,,,,1,2,9,1,6
202100002941,2021-12-14 15:50:00,2021,12,14,15,50,29,29039,RD 70 (route départementale),47.90426,-3.90714,Plein jour,Hors agglomération,Hors intersection,Normale,Deux véhicules - côté,3,2,2,0,1,1,1,0,1,70,,2,1,0,1,0,61.0,23.0,,,1,1,1,1,3
202100002942,2021-12-15 02:00:00,2021,12,15,2,0,29,29019,Rue Vauban,48.3848674224,-4.5009854436,Nuit avec éclairage allumé,En agglomération,Intersection en X,Normale,Autre collision,4,1,1,0,1,1,1,0,1,50,,2,0,0,0,2,39.0,,,,5,2,2,1,6
202100002943,2021-12-14 08:20:00,2021,12,14,8,20,27,27681,SORET (RUE JULES),49.09711,1.48967,Crépuscule ou aube,En agglomération,Hors intersection,Normale,Deux véhicules - arrière,3,2,1,0,1,1,2,0,1,50,,2,1,0,0,1,17.0,35.0,,,2,2,1,1,2
202100002944,2021-12-10 17:20:00,2021,12,10,17,20,27,27375,DE GAULLE (RUE DU GENERAL),49.21089,1.16774,Nuit avec éclairage allumé,En agglomération,Intersection en Y,Normale,Autre collision,4,1,1,0,1,1,1,6,1,30,,2,1,0,0,1,,,,,5,2,4,1,6
202100002945,2021-12-14 17:31:00,2021,12,14,17,31,27,27229,NATIONALE 13 (ROUTE),49.01545,1.18125,Nuit avec éclairage allumé,Hors agglomération,Hors intersection,Normale,Trois véhicules et plus - collisions multiples,4,1,2,0,1,1,2,0,1,70,,5,3,0,0,2,35.0,71.0,,,5,1,1,1,5
202100002946,2021-12-14 15:50:00,2021,12,14,15,50,25,25056,RN 1057 (CH. EPITAPHE-CH. MONTBOUCONS),47.257,5.99815,Plein jour,Hors agglomération,Hors intersection,Brouillard / fumée,Deux véhicules - arrière,2,3,5,0,1,1,1,0,1,90,,2,1,0,0,1,58.0,63.0,,,1,1,1,5,2
202100002947,2021-12-15 00:10:00,2021,12,15,0,10,18,18279,RESISTANCE (PLACE DE LA ),47.2236701588,2.072039397,Nuit avec éclairage allumé,En agglomération,Place,Pluie légère,Autre collision,4,3,7,0,3,2,2,8,1,50,,1,0,0,0,1,34.0,,,,5,2,7,2,6
202100002948,2021-12-08 18:27:00,2021,12,8,18,27,18,18033,DE GAULLE (AV DU GENERAL) N° IMPAIRS,47.113,2.41627,Nuit avec éclairage allumé,En agglomération,Hors intersection,Normale,Deux véhicules - frontale,6,2,2,0,1,1,1,9,1,50,,2,1,0,1,0,58.0,,,,5,2,1,1,1
202100002949,2021-12-13 08:40:00,2021,12,13,8,40,14,14587,RN 814,49.193035,-0.412268,Crépuscule ou aube,Hors agglomération,Hors intersection,Normale,Trois véhicules et plus - en chaîne,2,1,2,0,1,1,1,0,1,90,,4,3,0,0,1,18.0,28.0,,,2,1,1,1,4
202100002950,2021-12-12 21:30:00,2021,12,12,21,30,14,14118,JUIN (BOULEVARD MARECHAL),49.211064,-0.363591,Nuit avec éclairage allumé,En agglomération,Giratoire,Normale,Deux véhicules - côté,3,-1,3,0,1,1,1,5,1,50,,3,2,0,0,1,24.0,18.0,,,5,2,6,1,3
202100002951,2021-12-14 14:20:00,2021,12,14,14,20,13,13215,SAINT ANTOINE (AVENUE DE),43.36288,5.34856,Plein jour,En agglomération,Hors intersection,Normale,Deux véhicules - côté,4,1,2,0,1,1,1,0,1,30,,2,1,0,0,1,,,,,1,2,1,1,3
202100002952,2021-12-14 08:45:00,2021,12,14,8,45,13,13207,Corniche John Fitzgérald Kennedy,43.2767112782,5.3576543173,Plein jour,En agglomération,Hors intersection,Normale,Autre collision,4,2,2,0,1,2,1,8,1,50,,1,0,0,0,1,67.0,,,,1,2,1,1,6
202100002953,2021-12-14 09:15:00,2021,12,14,9,15,13,13207,Corniche John Fitzgérald Kennedy,43.2776056736,5.3559519849,Plein jour,En agglomération,Hors intersection,Temps éblouissant,Deux véhicules - frontale,4,-1,3,0,1,1,1,0,1,50,,2,1,0,0,1,35.0,44.0,,,1,2,1,7,1
202100002954,2021-12-14 16:43:00,2021,12,14,16,43,11,11069,IENA -ALLEE D'- N° IMPAIRS JUSQU'AU 51,43.2141,2.345,Plein jour,En agglomération,Intersection en T,Normale,Deux véhicules - arrière,3,1,2,0,1,1,1,0,1,50,,3,1,0,0,2,55.0,57.0,,,1,2,3,1,2
202100002955,2021-12-10 11:10:00,2021,12,10,11,10,11,11069,SOUVENIR FRANCAIS -AVENUE-,43.20878,2.38252,Plein jour,En agglomération,Hors intersection,Normale,Autre collision,6,-1,-1,0,1,1,1,9,8,20,,2,1,0,0,1,39.0,,,,1,2,1,1,6
202100002956,2021-12-14 08:32:00,2021,12,14,8,32,10,10387,VOULDY (CHAUSSEE DU),48.305,4.08289,Plein jour,En agglomération,Hors intersection,Temps couvert,Autre collision,4,2,2,0,1,3,2,0,1,50,,2,1,0,1,0,46.0,,,,1,2,1,8,6
202100002957,2021-12-13 14:42:00,2021,12,13,14,42,10,10387,JACQUIN (RUE),48.3043,4.0828,Plein jour,En agglomération,Intersection en X,Normale,Deux véhicules - côté,4,2,4,0,1,1,1,0,1,50,,5,4,0,0,1,47.0,19.0,,,1,2,2,1,3
202100002958,2021-12-13 12:35:00,2021,12,13,12,35,10,10357,AIRE DES MOISSONS,48.29,4.13,Plein jour,En agglomération,Autre intersection,Pluie légère,Deux véhicules - côté,6,-1,-1,3,1,1,2,9,6,30,,2,1,0,0,1,50.0,40.0,,,1,2,9,2,3
202100002959,2021-12-14 17:20:00,2021,12,14,17,20,07,07281,C.D. 533 (VERS LE PUY),44.939939,4.832396,Nuit sans éclairage public,Hors agglomération,Hors intersection,Normale,Autre collision,3,2,2,0,2,2,1,0,1,80,,2,0,0,0,2,19.0,,,,3,1,1,1,6
202100002960,2021-12-14 17:35:00,2021,12,14,17,35,75,75116,PORTE DAUPHINE,48.869784,2.271684,Nuit avec éclairage allumé,En agglomération,Hors intersection,Normale,Deux véhicules - côté,4,1,4,0,1,1,1,0,1,70,,2,1,0,0,1,42.0,20.0,,,5,2,1,1,3
202100002961,2021-12-14 12:05:00,2021,12,14,12,5,75,75115,PORTE DE SEVRES,48.832646,2.279841,Plein jour,En agglomération,Intersection en Y,Normale,Deux véhicules - côté,4,1,3,0,1,1,1,0,1,70,,4,3,0,0,1,38.0,25.0,,,1,2,4,1,3
202100002962,2021-12-14 08:40:00,2021,12,14,8,40,75,75116,PORTE DE SAINT CLOUD,48.83527,2.259963,Plein jour,En agglomération,Hors intersection,Normale,Deux véhicules - arrière,4,1,4,0,1,1,1,0,1,70,,2,1,0,0,1,51.0,41.0,,,1,2,1,1,2
202100002963,2021-12-13 16:00:00,2021,12,13,16,0,75,75120,PORTE DE MONTREUIL,48.864257,2.413279,Plein jour,En agglomération,Hors intersection,Normale,Deux véhicules - côté,4,1,4,0,1,1,1,0,1,70,,2,1,0,0,1,32.0,,,,1,2,1,1,3
202100002964,2021-12-14 20:10:00,2021,12,14,20,10,75,75120,RUE DES PYRENEES,48.866663,2.397107,Nuit avec éclairage allumé,En agglomération,Intersection en X,Normale,Deux véhicules - côté,4,2,3,3,2,1,1,0,1,30,,2,1,0,0,1,78.0,16.0,,,5,2,2,1,3
202100002965,2021-12-13 23:45:00,2021,12,13,23,45,75,75117,RUE CARDINET,48.887356,2.314093,Nuit avec éclairage allumé,En agglomération,Intersection à plus de 4 branches,Temps couvert,Autre collision,4,2,4,3,1,1,1,0,1,30,,2,1,0,1,0,30.0,,,,5,2,5,8,6
202100002966,2021-12-11 15:20:00,2021,12,11,15,20,75,75116,ROUTE DE SEVRES A NEUILLY,48.857223,2.237362,Plein jour,En agglomération,Hors intersection,Normale,Sans collision,4,2,2,1,1,3,1,-1,5,30,,1,0,0,0,1,33.0,,,,1,2,1,1,7
202100002967,2021-12-14 09:15:00,2021,12,14,9,15,75,75114,AVENUE JEAN MOULIN,48.827303,2.325561,Plein jour,En agglomération,Hors intersection,Normale,Autre collision,4,1,2,2,1,1,1,0,1,30,,2,0,0,0,2,30.0,,,,1,2,1,1,6
202100002968,2021-12-14 09:10:00,2021,12,14,9,10,75,75113,AVENUE DES GOBELINS,48.835846,2.352503,Plein jour,En agglomération,Intersection en X,Normale,Deux véhicules - côté,4,2,4,3,1,1,1,0,1,50,,3,1,0,0,2,29.0,15.0,,,1,2,2,1,3
202100002969,2021-12-14 21:05:00,2021,12,14,21,5,75,75110,BOULEVARD DE LA CHAPELLE,48.88428,2.364641,Nuit avec éclairage allumé,En agglomération,Intersection en X,Normale,Deux véhicules - arrière,4,1,3,1,1,1,1,0,1,30,,2,1,0,0,1,24.0,36.0,,,5,2,2,1,2
202100002970,2021-12-14 11:02:00,2021,12,14,11,2,75,75109,RUE DU HAVRE,48.874495,2.326848,Plein jour,En agglomération,Hors intersection,Normale,Deux véhicules - arrière,4,1,2,1,1,1,1,-1,5,30,,2,1,0,0,1,25.0,44.0,,,1,2,1,1,2
202100002971,2021-12-14 19:20:00,2021,12,14,19,20,75,75108,PLACE DE LA CONCORDE,48.866664,2.32201,Nuit avec éclairage non allumé,En agglomération,Place,Normale,Deux véhicules - côté,4,4,4,0,1,1,1,0,1,30,,3,2,0,0,1,66.0,30.0,,,4,2,7,1,3
202100002972,2021-12-14 17:00:00,2021,12,14,17,0,75,75104,QUAI DE L HOTEL DE VILLE,48.853816,2.356425,Nuit avec éclairage allumé,En agglomération,Hors intersection,Normale,Deux véhicules - côté,4,2,4,0,1,1,1,0,1,30,,3,2,0,0,1,25.0,33.0,,,5,2,1,1,3
202100002973,2021-12-14 13:30:00,2021,12,14,13,30,94,94043,Avenue de Fontainebleau,48.81285,2.36133,Plein jour,En agglomération,Intersection en T,Temps couvert,Deux véhicules - côté,3,2,4,3,1,1,1,0,6,50,,3,2,0,0,1,26.0,20.0,,,1,2,3,8,3
202100002974,2021-12-14 12:35:00,2021,12,14,12,35,94,94011,Avenue Jean Rostand,48.76799,2.48734,Plein jour,En agglomération,Hors intersection,Normale,Autre collision,3,3,4,0,1,1,1,9,1,50,,2,1,0,1,0,45.0,,,,1,2,1,1,6
202100002975,2021-12-13 20:30:00,2021,12,13,20,30,94,94028,Avenue du Maréchal Foch,48.7811271836,2.4368405342,Nuit avec éclairage allumé,En agglomération,Hors intersection,Normale,Autre collision,6,-1,0,0,1,1,2,0,8,50,,2,1,0,0,1,18.0,,,,5,2,1,1,6
202100002976,2021-12-14 17:28:00,2021,12,14,17,28,94,94018,Rue Paul Eluard,48.819889,2.410204,Nuit avec éclairage allumé,En agglomération,Intersection en X,Temps couvert,Autre collision,4,1,1,1,1,1,1,0,1,30,,2,1,0,0,1,86.0,,,,5,2,2,8,6
202100002977,2021-12-14 17:00:00,2021,12,14,17,0,94,94017,MUSSELBURGH (R DE),48.80931,2.52029,Crépuscule ou aube,En agglomération,Hors intersection,Normale,Autre collision,3,2,2,0,1,1,1,0,1,30,,1,0,0,0,1,61.0,,,,2,2,1,1,6
202100002978,2021-12-14 09:45:00,2021,12,14,9,45,93,93073,KALIFAT (RUE),48.95286,2.58592,Plein jour,En agglomération,Intersection en X,Normale,Deux véhicules - côté,4,2,2,0,1,1,1,0,1,50,,2,1,0,0,1,25.0,60.0,,,1,2,2,1,3
202100002979,2021-12-14 20:10:00,2021,12,14,20,10,93,93066,POULIES (PLACE),48.9381822047,2.3605809002,Nuit avec éclairage allumé,En agglomération,Place,Normale,Autre collision,4,2,2,0,3,2,1,9,4,50,,2,1,0,0,1,23.0,,,,5,2,7,1,6
202100002980,2021-12-14 16:45:00,2021,12,14,16,45,93,93033,BRAS SAINT ARNOULT,48.8594369769,2.5810316204,Crépuscule ou aube,En agglomération,Hors intersection,Normale,Autre collision,3,2,2,0,1,1,1,0,3,50,,2,1,0,1,0,56.0,,,,2,2,1,1,6
202100002981,2021-12-14 19:40:00,2021,12,14,19,40,93,93077,ROSNY (AVENUE DE),48.88176,2.49612,Nuit avec éclairage allumé,En agglomération,Hors intersection,Normale,Deux véhicules - côté,3,1,4,0,1,1,1,0,1,50,,2,1,0,0,1,26.0,53.0,,,5,2,1,1,3
202100002982,2021-12-14 17:40:00,2021,12,14,17,40,93,93005,SALVADOR ALLENDE (COURS),48.9526441386,2.4975117469,Nuit avec éclairage allumé,En agglomération,Autre intersection,Normale,Deux véhicules - côté,3,1,2,0,1,1,1,0,1,50,,4,2,0,0,2,30.0,19.0,,,5,2,9,1,3
202100002983,2021-12-14 07:45:00,2021,12,14,7,45,92,92073,TUILERIE (RUE DE LA),48.862442,2.214934,Crépuscule ou aube,En agglomération,Hors intersection,Normale,Autre collision,4,1,1,1,2,1,1,0,5,30,,3,1,0,0,1,28.0,,,,2,2,1,1,6
202100002984,2021-10-21 14:20:00,2021,10,21,14,20,92,92044,MATHILDE GIRAULT (RUE),48.8958183823,2.2830212116,Plein jour,En agglomération,Intersection en X,Pluie légère,Autre collision,4,1,2,1,1,1,2,0,1,50,,2,1,0,0,1,30.0,,,,1,2,2,2,6
202100002985,2021-12-14 21:12:00,2021,12,14,21,12,92,92023,PORTE DE TRIVAUX (RUE DE) N°57 A 197 ET,48.7863725453,2.2438073158,Nuit avec éclairage allumé,En agglomération,Hors intersection,Normale,Deux véhicules - côté,3,2,2,0,1,1,1,0,1,50,,2,1,0,0,1,50.0,22.0,,,5,2,1,1,3
202100002986,2021-12-15 20:00:00,2021,12,15,20,0,40,40065,D652,43.610787,-1.432514,Nuit sans éclairage public,Hors agglomération,Hors intersection,Brouillard / fumée,Deux véhicules - frontale,3,2,2,0,1,3,2,0,1,80,,2,0,0,1,1,34.0,45.0,,,3,1,1,5,1
202100002987,2021-12-15 16:33:00,2021,12,15,16,33,83,83036,Parc de Cavalaire,43.180756,6.536919,Crépuscule ou aube,En agglomération,Hors intersection,Normale,Autre collision,3,2,2,0,1,1,1,0,1,50,,2,1,0,0,1,50.0,,,,2,2,1,1,6
202100002988,2021-12-15 17:14:00,2021,12,15,17,14,74,74112,Route de la Bouvarde (Pont),45.933875,6.119304,Nuit avec éclairage allumé,En agglomération,Autre intersection,Brouillard / fumée,Autre collision,3,2,2,0,1,1,9,6,8,50,,2,1,0,1,0,35.0,,,,5,2,9,5,6
202100002989,2021-12-16 09:30:00,2021,12,16,9,30,2B,2B009,RT 10 - PK 94+500,42.08886,9.504075,Plein jour,Hors agglomération,Intersection en X,Normale,Deux véhicules - arrière,2,2,2,0,1,1,1,9,1,50,,2,1,0,0,1,42.0,21.0,,,1,1,2,1,2
202100002990,2021-12-16 08:00:00,2021,12,16,8,0,79,79285,La Boucherie,46.553519,-0.342207,Nuit sans éclairage public,Hors agglomération,Hors intersection,Brouillard / fumée,Sans collision,3,2,2,0,1,1,2,0,3,80,,1,0,0,0,1,34.0,,,,3,1,1,5,7
202100002991,2021-12-15 16:00:00,2021,12,15,16,0,79,79008,Route de Parthenay,46.765471,-0.313561,Plein jour,Hors agglomération,Hors intersection,Brouillard / fumée,Autre collision,2,2,2,0,2,3,2,0,1,80,,3,2,1,0,0,48.0,60.0,,,1,1,1,5,6
202100002992,2021-12-16 17:20:00,2021,12,16,17,20,79,79013,,46.956385,-0.454806,Nuit sans éclairage public,Hors agglomération,Hors intersection,Normale,Deux véhicules - frontale,3,2,2,0,1,1,2,0,1,80,,3,0,0,1,2,54.0,39.0,,,3,1,1,1,1
202100002993,2021-12-15 18:20:00,2021,12,15,18,20,2A,2A271,D161,41.973502,8.814476,Nuit sans éclairage public,Hors agglomération,Hors intersection,Normale,Deux véhicules - frontale,3,2,2,0,2,3,1,0,1,70,,3,1,0,0,2,52.0,49.0,,,3,1,1,1,1
202100002994,2021-12-15 13:30:00,2021,12,15,13,30,32,32024,D930,43.84584,0.4141,Plein jour,Hors agglomération,Intersection en X,Normale,Deux véhicules - frontale,3,2,1,0,4,1,1,0,1,80,,2,1,0,1,0,58.0,29.0,,,1,1,2,1,1
202100002995,2021-12-12 17:00:00,2021,12,12,17,0,49,49176,route d'angers,47.623864,-0.714288,Plein jour,En agglomération,Hors intersection,Autre,Deux véhicules - arrière,4,2,2,0,1,1,9,0,1,50,,2,1,0,0,1,35.0,17.0,,,1,2,1,9,2
202100002996,2021-12-16 00:15:00,2021,12,16,0,15,41,41106,60ter Rue Ernest Gaugiran,47.600746,2.03181,Nuit avec éclairage allumé,En agglomération,Hors intersection,Normale,Autre collision,3,2,2,0,1,1,1,0,4,50,,4,0,1,2,1,20.0,,,,5,2,1,1,6
202100002997,2021-12-14 23:15:00,2021,12,14,23,15,86,86300,D62,46.664404,0.203853,Nuit sans éclairage public,Hors agglomération,Giratoire,Brouillard / fumée,Sans collision,3,2,2,0,1,1,2,0,1,90,,1,0,0,1,0,27.0,,,,3,1,6,5,7
202100002998,2021-12-05 18:10:00,2021,12,5,18,10,25,25372,7 rue de Belfort,47.45784,6.594834,Nuit avec éclairage allumé,En agglomération,Hors intersection,Pluie légère,Deux véhicules - frontale,3,2,2,0,1,3,2,0,1,50,,4,2,0,2,0,48.0,61.0,,,5,2,1,2,1
202100002999,2021-12-16 07:35:00,2021,12,16,7,35,44,44005,Le Bois Hamon,47.186242,-1.974792,Crépuscule ou aube,Hors agglomération,Autre intersection,Normale,Deux véhicules - frontale,3,2,2,0,1,1,1,0,1,80,,2,0,2,0,0,25.0,41.0,,,2,1,9,1,1
202100003000,2021-12-16 09:45:00,2021,12,16,9,45,15,15140,D52,44.949933,2.405432,Plein jour,En agglomération,Intersection en X,Normale,Trois véhicules et plus - collisions multiples,3,2,2,0,1,1,1,0,1,50,,5,4,0,1,0,79.0,74.0,,,1,2,2,1,5
202100003001,2021-12-15 15:00:00,2021,12,15,15,0,58,58206,D105,47.334664,3.43679,Plein jour,Hors agglomération,Hors intersection,Normale,Sans collision,3,2,2,0,1,3,2,0,1,80,,1,0,0,1,0,18.0,,,,1,1,1,1,7
202100003002,2021-12-16 06:30:00,2021,12,16,6,30,54,54040,Avenue du Colonel de la Horie,48.5055591466,6.8976196626,Nuit sans éclairage public,En agglomération,Hors intersection,Normale,Autre collision,3,2,2,0,1,1,1,0,3,50,,1,0,0,1,0,30.0,,,,3,2,1,1,6
202100003003,2021-12-10 14:50:00,2021,12,10,14,50,72,72051,lieu dit la métairie,47.815772,0.070631,Plein jour,Hors agglomération,Hors intersection,Normale,Deux véhicules - frontale,4,2,2,0,1,3,1,0,1,90,,2,1,0,0,1,29.0,55.0,,,1,1,1,1,1
202100003004,2021-12-15 22:15:00,2021,12,15,22,15,18,18013,Route départementale 6,46.774344,2.608338,Nuit sans éclairage public,Hors agglomération,Intersection en X,Pluie légère,Deux véhicules - côté,3,2,2,0,1,1,2,0,1,80,,2,0,0,1,1,19.0,26.0,,,3,1,2,2,3
202100003005,2021-12-14 18:35:00,2021,12,14,18,35,36,36088,Rue des Alouettes,46.9432650599,1.9831395149,Nuit avec éclairage allumé,En agglomération,Hors intersection,Normale,Deux véhicules - frontale,2,2,2,0,1,1,2,0,5,50,,3,1,0,0,2,35.0,49.0,,,5,2,1,1,1
202100003006,2021-10-23 17:08:00,2021,10,23,17,8,07,07001,D578 lieu dit Mandé,44.891908,4.391066,Plein jour,Hors agglomération,Hors intersection,Normale,Autre collision,3,2,2,0,1,2,1,0,1,70,,1,0,0,1,0,16.0,,,,1,1,1,1,6
202100003007,2021-12-14 08:00:00,2021,12,14,8,0,85,85175,Les Noues,46.585346,-1.152223,Crépuscule ou aube,Hors agglomération,Hors intersection,Brouillard / fumée,Deux véhicules - frontale,3,2,2,0,1,2,2,0,1,80,,2,0,0,0,2,22.0,33.0,,,2,1,1,5,1
202100003008,2021-12-15 10:30:00,2021,12,15,10,30,01,01443,D904,45.988017,5.057552,Plein jour,Hors agglomération,Hors intersection,Brouillard / fumée,Autre collision,3,2,2,0,1,1,2,0,3,80,,2,0,0,2,0,31.0,,,,1,1,1,5,6
202100003009,2021-12-15 20:45:00,2021,12,15,20,45,31,31555,"A 62. Pk: 224.100, vers Toulouse",43.659458,1.42539,Nuit avec éclairage allumé,Hors agglomération,Hors intersection,Normale,Autre collision,1,1,2,3,1,2,1,7,1,90,,4,3,0,1,0,29.0,,,,5,1,1,1,6
202100003010,2021-12-16 06:25:00,2021,12,16,6,25,987,98738,PK 16.200 RT 01,-17.6409603007,-149.6074073017,Plein jour,Hors agglomération,Hors intersection,Normale,Deux véhicules - côté,2,2,2,1,1,1,1,0,1,60,,2,1,0,1,0,32.0,48.0,,,1,1,1,1,3
202100003011,2021-12-16 19:30:00,2021,12,16,19,30,03,03031,A714 - sortie n°35,46.38497,2.694016,Nuit sans éclairage public,Hors agglomération,Hors intersection,Normale,Deux véhicules - côté,1,1,1,0,2,1,2,3,1,70,,3,2,0,1,0,78.0,21.0,,,3,1,1,1,3
202100003012,2021-12-02 22:40:00,2021,12,2,22,40,987,98738,PK 7.900,-17.576714,-149.613469,Nuit avec éclairage allumé,Hors agglomération,Hors intersection,Normale,Autre collision,2,3,2,0,4,1,1,3,3,50,,1,0,0,1,0,34.0,,,,5,1,1,1,6
202100003013,2021-12-15 19:25:00,2021,12,15,19,25,973,97305,"rn 1, pk 22",4.977657,-52.442894,Nuit sans éclairage public,Hors agglomération,Hors intersection,Normale,Deux véhicules - côté,2,2,2,0,1,1,2,0,1,80,,9,7,0,2,0,21.0,40.0,,,3,1,1,1,3
202100003014,2021-12-15 22:50:00,2021,12,15,22,50,37,37027,Rue de la Verronnerie,47.3179430884,0.9985247254,Nuit sans éclairage public,En agglomération,Hors intersection,Normale,Autre collision,4,2,2,0,1,3,1,0,3,50,,1,0,0,0,1,38.0,,,,3,2,1,1,6
202100003015,2021-12-15 17:30:00,2021,12,15,17,30,77,77415,D19,48.921777,3.006247,Nuit sans éclairage public,Hors agglomération,Hors intersection,Normale,Trois véhicules et plus - collisions multiples,3,2,2,0,1,1,1,0,1,80,,5,2,0,0,3,27.0,36.0,,,3,1,1,1,5
202100003016,2021-12-16 19:20:00,2021,12,16,19,20,26,26166,Autoroute A7 ,44.766145,4.798622,Nuit sans éclairage public,Hors agglomération,Hors intersection,Pluie légère,Autre collision,1,3,4,0,1,1,2,0,1,130,,1,0,0,0,1,29.0,,,,3,1,1,2,6