accident_id,datetime,annee,mois,jour,heure,minute,departement,commune_insee,adresse,latitude,longitude,luminosite,agglomeration,intersection,meteo,collision,catr,circ,nbv,vosp,prof,plan,surf,infra,situ,vma,nb_vehicules,nb_usagers,nb_indemnes,nb_tues,nb_blesses_hosp,nb_blesses_legers,age_cond_1,age_cond_2,veh_type_cond_1,veh_type_cond_2,lum_code,agg_code,int_code,atm_code,col_code
202100003017,2021-12-15 17:45:00,2021,12,15,17,45,21,21292,Rue Pasteur,47.242284,5.225571,Nuit avec éclairage allumé,En agglomération,Hors intersection,Brouillard / fumée,Autre collision,3,2,2,0,4,1,2,2,1,50,,2,1,0,1,0,77.0,,,,5,2,1,5,6
202100003018,2021-12-15 22:15:00,2021,12,15,22,15,10,10269,D31,48.478142,4.054642,Nuit sans éclairage public,Hors agglomération,Hors intersection,Normale,Sans collision,3,2,2,0,1,3,6,0,3,80,,1,0,0,1,0,33.0,,,,3,1,1,1,7
202100003019,2021-12-15 19:35:00,2021,12,15,19,35,08,08194,A34,49.698269,4.904156,Nuit sans éclairage public,Hors agglomération,Hors intersection,Pluie légère,Autre collision,1,3,4,0,1,2,2,0,1,130,,1,0,0,1,0,27.0,,,,3,1,1,2,6
202100003020,2021-12-15 21:10:00,2021,12,15,21,10,68,68154,Rue de Berne,47.770772,7.386766,Nuit avec éclairage non allumé,En agglomération,Autre intersection,Pluie légère,Autre collision,3,3,4,0,1,1,2,0,1,50,,2,1,0,0,1,35.0,,,,4,2,9,2,6
202100003021,2021-12-15 21:45:00,2021,12,15,21,45,54,54063,Grand Rue,48.843201,5.844592,Nuit sans éclairage public,Hors agglomération,Hors intersection,Temps couvert,Autre collision,3,2,2,0,1,1,1,0,3,50,,1,0,0,1,0,20.0,,,,3,1,1,8,6
202100003022,2021-12-14 15:30:00,2021,12,14,15,30,03,03235,Rue Albert Fugier,46.257879,3.511618,Plein jour,En agglomération,Intersection en T,Temps couvert,Autre collision,3,2,1,0,1,1,1,0,1,50,,2,1,0,0,1,33.0,,,,1,2,3,8,6
202100003023,2021-12-16 16:20:00,2021,12,16,16,20,03,03008,lieu dit riboulet,46.030875,3.569967,Plein jour,Hors agglomération,Hors intersection,Normale,Autre collision,4,2,1,0,1,3,2,0,1,90,,1,0,0,1,0,78.0,,,,1,1,1,1,6
202100003024,2021-12-15 21:35:00,2021,12,15,21,35,74,74082,Chemin du Carrousel,46.13764,6.1602,Nuit sans éclairage public,En agglomération,Hors intersection,Brouillard / fumée,Autre collision,4,2,1,0,2,3,2,0,3,50,,5,1,0,1,3,20.0,,,,3,2,1,5,6
202100003025,2021-12-13 12:20:00,2021,12,13,12,20,01,01262,D2,45.922498,5.039565,Plein jour,Hors agglomération,Hors intersection,Normale,Autre collision,3,1,2,0,1,4,1,0,1,80,,1,0,0,0,1,34.0,,,,1,1,1,1,6
202100003026,2021-12-16 15:15:00,2021,12,16,15,15,65,65059,"19, allées jean JAURES",43.0659165339,0.1523974165,Plein jour,En agglomération,Intersection en T,Normale,Autre collision,3,2,2,0,1,1,1,5,1,50,,2,1,0,1,0,61.0,,,,1,2,3,1,6
202100003027,2021-12-16 15:20:00,2021,12,16,15,20,64,64422,D919,43.168879,-0.651755,Plein jour,Hors agglomération,Hors intersection,Normale,Trois véhicules et plus - collisions multiples,3,2,2,0,1,3,1,0,1,80,,8,5,1,1,1,33.0,28.0,,,1,1,1,1,5
202100003028,2021-12-15 16:40:00,2021,12,15,16,40,33,33397,126 Avenue d Aquitaine,44.898915,-0.494165,Crépuscule ou aube,En agglomération,Hors intersection,Normale,Deux véhicules - côté,4,2,2,0,1,1,1,0,1,50,,2,1,0,1,0,29.0,68.0,,,2,2,1,1,3
202100003029,2021-12-15 15:25:00,2021,12,15,15,25,85,85009,RD 938 TER,46.421455,-0.843887,Plein jour,Hors agglomération,Hors intersection,Normale,Deux véhicules - frontale,3,2,2,0,1,1,1,0,1,-1,,3,0,0,2,1,66.0,62.0,,,1,1,1,1,1
202100003030,2021-12-16 08:30:00,2021,12,16,8,30,59,59034,rue du moulin,50.542699,3.100998,Crépuscule ou aube,Hors agglomération,Giratoire,Temps couvert,Sans collision,3,1,2,0,1,2,6,0,1,80,,1,0,0,0,1,21.0,,,,2,1,6,8,7
202100003031,2021-12-14 14:00:00,2021,12,14,14,0,13,13215,A7-Sens Lyon vers Marseille,43.35022,5.36845,Plein jour,Hors agglomération,Hors intersection,Normale,Autre collision,1,1,3,0,1,1,1,0,1,90,,2,1,0,0,1,27.0,,,,1,1,1,1,6
202100003032,2021-12-13 09:20:00,2021,12,13,9,20,13,13070,A50-Sens Aubagne vers Marseille,43.285771,5.512812,Plein jour,Hors agglomération,Hors intersection,Normale,Deux véhicules - côté,1,3,4,0,1,1,1,0,1,90,,2,1,0,0,1,36.0,29.0,,,1,1,1,1,3
202100003033,2021-12-13 07:50:00,2021,12,13,7,50,13,13005,A50-Sens Aubagne vers Marseille,43.28286,5.57804,Crépuscule ou aube,Hors agglomération,Hors intersection,Normale,Deux véhicules - côté,1,3,2,0,2,2,1,0,1,90,,3,2,0,0,1,47.0,20.0,,,2,1,1,1,3
202100003034,2021-12-11 21:00:00,2021,12,11,21,0,69,69389,PERIPHERIQUE NORD (BD),45.79084,4.81328,Nuit avec éclairage allumé,Hors agglomération,Hors intersection,Normale,Deux véhicules - arrière,4,3,4,0,1,1,1,0,1,70,,2,0,0,0,2,25.0,24.0,,,5,1,1,1,2
202100003035,2021-12-13 18:20:00,2021,12,13,18,20,69,69290,EST (ROC),45.71043,4.96818,Nuit sans éclairage public,Hors agglomération,Hors intersection,Normale,Trois véhicules et plus - en chaîne,2,3,4,0,1,1,1,0,1,90,,4,1,0,1,2,32.0,28.0,,,3,1,1,1,4
202100003036,2021-12-14 02:45:00,2021,12,14,2,45,57,57672,Autoroute A31,49.34842,6.16187,Nuit sans éclairage public,Hors agglomération,Hors intersection,Normale,Autre collision,1,3,4,0,1,1,1,0,1,90,,1,0,0,0,1,20.0,,,,3,1,1,1,6
202100003037,2021-12-14 16:55:00,2021,12,14,16,55,33,33162,ROCADE A 630,44.87775,-0.63068,Plein jour,Hors agglomération,Hors intersection,Normale,Trois véhicules et plus - en chaîne,1,3,4,0,1,1,1,3,1,70,,6,5,0,0,1,24.0,41.0,,,1,1,1,1,4
202100003038,2021-12-14 15:18:00,2021,12,14,15,18,33,33122,,44.743667,-0.705607,Plein jour,Hors agglomération,Hors intersection,Normale,Deux véhicules - arrière,1,3,4,0,1,1,1,0,1,110,,3,1,1,0,1,50.0,37.0,,,1,1,1,1,2
202100003039,2021-12-14 08:50:00,2021,12,14,8,50,33,33119,ROUTE NATIONALE 230,44.848133,-0.503298,Plein jour,Hors agglomération,Hors intersection,Normale,Trois véhicules et plus - en chaîne,2,3,6,0,1,1,1,0,1,90,,3,1,0,0,2,30.0,51.0,,,1,1,1,1,4
202100003040,2021-12-10 00:25:00,2021,12,10,0,25,59,59350,AUTOROUTE A25,50.6175197426,3.0319154263,Nuit avec éclairage allumé,Hors agglomération,Hors intersection,Temps couvert,Autre collision,1,-1,8,0,1,1,2,0,1,70,,2,1,0,0,1,24.0,31.0,,,5,1,1,8,6
202100003041,2021-12-14 14:24:00,2021,12,14,14,24,91,91689,AUTOROUTE A6B,48.74916,2.32856,Plein jour,Hors agglomération,Hors intersection,Normale,Trois véhicules et plus - en chaîne,1,3,6,0,2,1,1,0,1,110,,4,2,0,0,2,21.0,19.0,,,1,1,1,1,4
202100003042,2021-12-14 08:55:00,2021,12,14,8,55,91,91136,AUTOROUTE A10,48.713,2.27944,Plein jour,Hors agglomération,Hors intersection,Normale,Deux véhicules - côté,1,1,3,0,1,1,1,0,1,90,,2,1,0,0,1,22.0,27.0,,,1,1,1,1,3
202100003043,2021-12-14 19:00:00,2021,12,14,19,0,78,78423,RN12,48.79649,2.03597,Nuit sans éclairage public,Hors agglomération,Hors intersection,Normale,Trois véhicules et plus - collisions multiples,2,1,2,0,1,1,1,0,1,90,,3,2,0,0,1,50.0,42.0,,,3,1,1,1,5
202100003044,2021-12-14 17:00:00,2021,12,14,17,0,92,92050,A86,48.9171651259,2.2221217125,Crépuscule ou aube,Hors agglomération,Hors intersection,Normale,Trois véhicules et plus - en chaîne,1,1,3,0,1,1,1,0,1,90,,4,3,0,0,1,32.0,32.0,,,2,1,1,1,4
202100003045,2021-12-14 08:20:00,2021,12,14,8,20,92,92025,A86,48.9325519824,2.2491261144,Crépuscule ou aube,Hors agglomération,Autre intersection,Normale,Deux véhicules - arrière,1,3,3,0,1,1,1,0,1,90,,2,1,0,0,1,51.0,20.0,,,2,1,9,1,2
202100003046,2021-12-13 18:00:00,2021,12,13,18,0,92,92050,A86,48.9050793362,2.2089654207,Nuit avec éclairage allumé,Hors agglomération,Hors intersection,Normale,Trois véhicules et plus - en chaîne,1,1,4,0,1,1,1,0,1,70,,4,3,0,0,1,31.0,24.0,,,5,1,1,1,4
202100003047,2021-12-13 18:10:00,2021,12,13,18,10,92,92036,A86,48.936748257,2.2920407186,Nuit avec éclairage allumé,Hors agglomération,Hors intersection,Brouillard / fumée,Deux véhicules - côté,1,3,4,0,1,1,1,3,1,90,,2,1,0,0,1,27.0,29.0,,,5,1,1,5,3
202100003048,2021-12-13 12:15:00,2021,12,13,12,15,92,92072,N118,48.8260941402,2.2225280128,Plein jour,Hors agglomération,Hors intersection,Normale,Deux véhicules - arrière,2,-1,3,0,1,1,1,0,1,70,,2,1,0,0,1,67.0,51.0,,,1,1,1,1,2
202100003049,2021-12-14 17:05:00,2021,12,14,17,5,93,93066,AUTOROUTE A1,48.93167,2.36882,Crépuscule ou aube,Hors agglomération,Hors intersection,Normale,Deux véhicules - arrière,1,1,1,0,2,1,1,0,1,50,,2,1,0,0,1,27.0,74.0,,,2,1,1,1,2
202100003050,2021-12-14 16:20:00,2021,12,14,16,20,95,95582, A15,48.9631852731,2.264868021,Crépuscule ou aube,Hors agglomération,Hors intersection,Normale,Trois véhicules et plus - en chaîne,1,3,10,0,2,1,1,0,1,110,,3,1,0,0,2,43.0,31.0,,,2,1,1,1,4
202100003051,2021-12-14 08:50:00,2021,12,14,8,50,95,95582,RD 170,48.96488,2.26981,Plein jour,Hors agglomération,Hors intersection,Normale,Deux véhicules - côté,3,3,4,0,1,1,1,0,1,90,,2,1,0,0,1,50.0,56.0,,,1,1,1,1,3
202100003052,2021-12-14 06:25:00,2021,12,14,6,25,93,93064,AUTOROUTE A3,48.88549,2.47207,Nuit sans éclairage public,Hors agglomération,Hors intersection,Normale,Deux véhicules - arrière,1,3,5,0,1,3,1,0,1,90,,3,2,0,0,1,30.0,35.0,,,3,1,1,1,2
202100003053,2021-12-13 09:10:00,2021,12,13,9,10,95,95154, A1,49.0449266302,2.5450837612,Plein jour,Hors agglomération,Hors intersection,Normale,Trois véhicules et plus - en chaîne,1,3,6,0,1,1,1,0,1,110,,7,6,0,0,1,39.0,37.0,,,1,1,1,1,4
202100003054,2021-12-14 17:30:00,2021,12,14,17,30,94,94028,A86 INT,48.78048,2.44091,Nuit avec éclairage allumé,Hors agglomération,Hors intersection,Normale,Deux véhicules - arrière,1,3,6,0,1,1,1,0,1,90,,2,1,0,0,1,27.0,54.0,,,5,1,1,1,2
202100003055,2021-12-13 08:30:00,2021,12,13,8,30,94,94073,A86 INT,48.7552508127,2.3826869869,Crépuscule ou aube,Hors agglomération,Hors intersection,Temps couvert,Trois véhicules et plus - en chaîne,1,1,3,0,1,3,1,0,1,90,,5,4,0,0,1,58.0,55.0,,,2,1,1,8,4
202100003056,2021-10-05 21:17:00,2021,10,5,21,17,87,87019,AUTOROUTE A20,45.773,1.31162,Nuit sans éclairage public,Hors agglomération,Hors intersection,Normale,Trois véhicules et plus - collisions multiples,1,3,4,0,2,3,2,0,1,110,,3,1,0,0,2,33.0,41.0,,,3,1,1,1,5
202100003057,2021-06-01 20:55:00,2021,6,1,20,55,85,85194,RUE DU MARECHAL JOFFRE,46.53454,-1.7636,Plein jour,En agglomération,Intersection en T,Normale,Deux véhicules - frontale,4,-1,2,0,1,1,1,0,1,50,,2,1,0,0,1,22.0,20.0,,,1,2,3,1,1
202100003058,2021-12-13 13:35:00,2021,12,13,13,35,988,98818,RUE BOUGAINVILLE,-22.27841,166.45164,Plein jour,En agglomération,Hors intersection,Pluie légère,Trois véhicules et plus - en chaîne,4,1,0,0,2,1,2,0,1,50,,4,3,0,0,1,21.0,55.0,,,1,2,1,2,4
202100003059,2021-12-13 17:15:00,2021,12,13,17,15,974,97416,ENTRE DEUX (CHEMIN) CD26,-21.29303,55.44811,Plein jour,Hors agglomération,Autre intersection,Normale,Deux véhicules - côté,3,2,2,0,1,1,1,0,1,70,,2,1,0,0,1,37.0,51.0,,,1,1,9,1,3
202100003060,2021-11-11 08:30:00,2021,11,11,8,30,974,97416,RN1,-21.30075,55.42422,Plein jour,Hors agglomération,Hors intersection,Normale,Deux véhicules - côté,2,3,0,0,1,1,1,0,1,110,,4,3,0,0,1,32.0,40.0,,,1,1,1,1,3
202100003061,2021-12-13 02:50:00,2021,12,13,2,50,973,97302,CRIQUE FOUILLEE (ROND POINT),4.8969230348,-52.3284959794,Nuit avec éclairage allumé,Hors agglomération,Hors intersection,Pluie légère,Sans collision,2,-1,2,0,1,1,2,0,1,50,,4,0,0,0,4,42.0,,,,5,1,1,2,7
202100003062,2021-12-11 23:35:00,2021,12,11,23,35,973,97302,GIRATOIRE MARINGOUINS,4.9077637017,-52.3225142956,Nuit avec éclairage non allumé,Hors agglomération,Giratoire,Pluie légère,Deux véhicules - côté,2,1,2,0,1,3,2,0,1,50,,2,1,0,0,1,36.0,57.0,,,4,1,6,2,3
202100003063,2021-12-13 20:00:00,2021,12,13,20,0,69,69386,BERGES DU RHONE,45.7716065743,4.840888381,Nuit avec éclairage allumé,En agglomération,Hors intersection,Normale,Autre collision,9,1,1,1,1,1,1,0,5,50,,1,0,0,1,0,26.0,,,,5,2,1,1,6
202100003064,2021-12-13 17:15:00,2021,12,13,17,15,69,69386,FRANKLIN ROOSEVELT (CR),45.7690695827,4.8449760675,Plein jour,En agglomération,Intersection en T,Normale,Deux véhicules - côté,4,1,1,0,1,1,1,0,1,50,,2,1,0,0,1,37.0,41.0,,,1,2,3,1,3
202100003065,2021-12-13 15:47:00,2021,12,13,15,47,69,69259,JULES GUESDE (AV),45.72085,4.88543,Plein jour,Hors agglomération,Autre intersection,Normale,Sans collision,4,1,2,0,2,3,1,0,1,50,,1,0,0,1,0,53.0,,,,1,1,9,1,7
202100003066,2021-12-12 11:20:00,2021,12,12,11,20,972,97213,ROUTE DEPARTEMENTALE 15,14.6443096774,-61.0101512074,Plein jour,Hors agglomération,Hors intersection,Normale,Deux véhicules - frontale,3,2,2,0,1,1,1,0,1,80,,5,3,0,0,2,45.0,53.0,,,1,1,1,1,1
202100003067,2021-12-13 17:30:00,2021,12,13,17,30,69,69382,JULES COURMONT (Q),45.76269,4.83818,Nuit avec éclairage allumé,En agglomération,Hors intersection,Normale,Deux véhicules - côté,4,3,6,3,1,1,1,0,1,30,,3,2,0,1,0,67.0,31.0,,,5,2,1,1,3
202100003068,2021-11-29 11:45:00,2021,11,29,11,45,69,69286,MAURICE RAVEL (AV),45.81669,4.89648,Plein jour,En agglomération,Hors intersection,Temps couvert,Autre collision,4,2,2,0,1,1,2,0,1,50,,2,1,0,0,1,65.0,,,,1,2,1,8,6
202100003069,2021-12-13 16:45:00,2021,12,13,16,45,2B,2B033,PAOLI DU NR 1 A 20 - BLD,42.69738,9.44904,Nuit avec éclairage allumé,En agglomération,Hors intersection,Normale,Deux véhicules - côté,4,2,1,0,2,2,1,0,1,50,,2,1,0,0,1,47.0,25.0,,,5,2,1,1,3
202100003070,2021-12-12 19:05:00,2021,12,12,19,5,971,97101,RN1 ROCADE DE CHAUVEL,16.2388,-61.52236,Nuit avec éclairage allumé,Hors agglomération,Hors intersection,Normale,Autre collision,2,1,1,3,2,4,1,0,1,50,,1,0,1,0,0,26.0,,,,5,1,1,1,6
202100003071,2021-12-12 13:25:00,2021,12,12,13,25,971,97101,POINTE D'OR,16.30239,-61.49471,Plein jour,Hors agglomération,Hors intersection,Normale,Trois véhicules et plus - en chaîne,2,1,2,0,1,1,1,0,1,110,,3,2,0,0,1,28.0,23.0,,,1,1,1,1,4
202100003072,2021-12-12 07:56:00,2021,12,12,7,56,971,97113,SECTION MARE-GAILLARD,16.21676,-61.43285,Plein jour,Hors agglomération,Hors intersection,Normale,Autre collision,2,-1,2,0,2,2,1,0,1,50,,2,1,0,0,1,24.0,,,,1,1,1,1,6
202100003073,2021-12-13 08:20:00,2021,12,13,8,20,95,95210,Avenue de la Division Leclerc,48.972542284,2.3102603853,Crépuscule ou aube,En agglomération,Hors intersection,Normale,Deux véhicules - frontale,3,2,2,0,1,1,1,0,1,30,,2,1,0,0,1,16.0,50.0,,,2,2,1,1,1
202100003074,2021-12-11 18:51:00,2021,12,11,18,51,87,87085,MAUVENDIERE (RUE DE LA),45.83311,1.2485,Nuit avec éclairage allumé,En agglomération,Intersection en T,Normale,Deux véhicules - côté,4,2,2,0,1,1,2,0,1,50,,3,2,0,0,1,26.0,23.0,,,5,2,3,1,3
202100003075,2021-12-10 10:57:00,2021,12,10,10,57,87,87085,LOUYAT (AVENUE DE),45.84736,1.25859,Plein jour,En agglomération,Hors intersection,Normale,Deux véhicules - côté,4,2,2,0,2,1,1,0,1,50,,2,1,0,0,1,35.0,39.0,,,1,2,1,1,3
202100003076,2021-12-11 08:14:00,2021,12,11,8,14,87,87201,RD941 (OUEST),45.84606,1.17282,Plein jour,Hors agglomération,Hors intersection,Normale,Autre collision,3,3,4,0,1,1,7,0,1,110,,2,1,0,0,1,60.0,,,,1,1,1,1,6
202100003077,2021-12-11 20:15:00,2021,12,11,20,15,86,86194,Boulevard Pont Achard,46.577534,0.33114,Nuit avec éclairage allumé,En agglomération,Hors intersection,Normale,Deux véhicules - côté,4,2,4,0,4,1,1,0,1,50,,2,1,0,0,1,26.0,22.0,,,5,2,1,1,3
202100003078,2021-12-13 18:30:00,2021,12,13,18,30,81,81004,LATTRE DE TASSIGNY (AV DE),43.93177,2.16589,Nuit avec éclairage allumé,En agglomération,Hors intersection,Normale,Deux véhicules - arrière,4,3,1,0,1,1,1,0,8,50,,2,1,0,0,1,24.0,68.0,,,5,2,1,1,2
202100003079,2021-12-13 12:30:00,2021,12,13,12,30,81,81004,THOMAS (AV ALBERT),43.941352,2.149131,Plein jour,En agglomération,Intersection en T,Normale,Deux véhicules - côté,3,2,2,0,1,1,1,0,1,50,,2,1,0,1,0,53.0,14.0,,,1,2,3,1,3
202100003080,2021-12-09 12:15:00,2021,12,9,12,15,80,80702,DEPARTEMENTALE 7 (ROUTE),49.85269,2.31213,Plein jour,Hors agglomération,Hors intersection,Pluie légère,Deux véhicules - arrière,3,2,2,0,4,1,2,0,1,90,,2,1,0,0,1,45.0,25.0,,,1,1,1,2,2
202100003081,2021-12-09 12:30:00,2021,12,9,12,30,80,80021,RN 25,49.9252834839,2.3200036979,Plein jour,Hors agglomération,Hors intersection,Pluie légère,Deux véhicules - côté,2,3,4,0,1,1,2,0,1,110,,2,1,0,0,1,53.0,42.0,,,1,1,1,2,3
202100003082,2021-10-06 08:45:00,2021,10,6,8,45,77,77333,rue des hauteurs du Loing,48.275725,2.702685,Plein jour,En agglomération,Autre intersection,Normale,Autre collision,4,2,2,0,1,1,1,0,1,50,,1,0,0,0,1,73.0,,,,1,2,9,1,6
202100003083,2021-12-13 05:30:00,2021,12,13,5,30,77,77458,D607,48.1854,2.73308,Nuit avec éclairage non allumé,En agglomération,Hors intersection,Pluie légère,Autre collision,3,2,3,0,1,1,2,0,1,50,,3,2,0,0,1,42.0,42.0,,,4,2,1,2,6
202100003084,2021-12-12 13:50:00,2021,12,12,13,50,76,76351,HUIT MAI 1945 (AVENUE DU),49.51608,0.16942,Plein jour,En agglomération,Hors intersection,Normale,Sans collision,4,2,2,0,1,1,1,0,1,50,,1,0,0,1,0,29.0,,,,1,2,1,1,7
202100003085,2021-12-10 13:40:00,2021,12,10,13,40,76,76351,CAVEE VERTE (RUE DE LA),49.5054,0.1146,Plein jour,En agglomération,Intersection en X,Normale,Deux véhicules - côté,4,2,3,0,1,1,1,0,1,50,,2,0,0,0,2,55.0,22.0,,,1,2,2,1,3
202100003086,2021-11-09 07:25:00,2021,11,9,7,25,76,76341,PAUL DOUMER,49.51281,0.19862,Crépuscule ou aube,En agglomération,Intersection en T,Normale,Deux véhicules - côté,3,2,2,0,1,1,1,0,1,50,,2,1,0,0,1,50.0,55.0,,,2,2,3,1,3
202100003087,2021-12-12 20:19:00,2021,12,12,20,19,71,71270,Rue de Flacé,46.31034,4.8346,Nuit avec éclairage allumé,En agglomération,Giratoire,Normale,Autre collision,3,2,2,0,2,1,1,0,1,50,,2,1,0,0,1,28.0,,,,5,2,6,1,6
202100003088,2021-12-11 22:45:00,2021,12,11,22,45,71,71153,Rue Edith Cavell,46.7979947614,4.422654785,Nuit avec éclairage allumé,En agglomération,Hors intersection,Autre,Autre collision,4,2,2,0,1,2,9,0,1,50,,2,0,0,0,2,17.0,,,,5,2,1,9,6
202100003089,2021-12-13 09:00:00,2021,12,13,9,0,69,69264,BURDEAU (BD),45.99681,4.72876,Plein jour,En agglomération,Autre intersection,Normale,Sans collision,3,2,2,2,1,1,2,0,1,50,,1,0,0,0,1,17.0,,,,1,2,9,1,7
202100003090,2021-12-13 07:15:00,2021,12,13,7,15,69,69264,BURDEAU (BD),45.9953,4.72064,Nuit avec éclairage allumé,En agglomération,Giratoire,Normale,Deux véhicules - côté,3,2,2,0,1,1,2,0,1,50,,2,1,0,0,1,36.0,26.0,,,5,2,6,1,3
202100003091,2021-12-13 17:55:00,2021,12,13,17,55,69,69096,CHARLES DE GAULLE (R),45.60738,4.78357,Nuit avec éclairage allumé,En agglomération,Hors intersection,Normale,Autre collision,4,2,2,0,1,1,1,6,1,50,,2,1,0,1,0,38.0,,,,5,2,1,1,6
202100003092,2021-12-13 04:15:00,2021,12,13,4,15,67,67482,SCHIRMECK (ROUTE DE),48.57107,7.71176,Nuit avec éclairage non allumé,En agglomération,Hors intersection,Normale,Autre collision,7,2,2,0,1,1,1,0,1,50,,2,0,0,1,1,21.0,,,,4,2,1,1,6
202100003093,2021-12-12 00:50:00,2021,12,12,0,50,67,67482,LYON (BOULEVARD DE),48.57842,7.73129,Nuit avec éclairage allumé,En agglomération,Intersection en X,Normale,Deux véhicules - côté,4,3,5,3,1,1,1,5,1,50,,3,2,0,0,1,30.0,44.0,,,5,2,2,1,3
202100003094,2021-12-10 19:15:00,2021,12,10,19,15,67,67482,BADEN POWELL (RUE),48.59604,7.69101,Nuit avec éclairage allumé,En agglomération,Hors intersection,Pluie légère,Deux véhicules - côté,4,2,2,0,1,2,2,9,1,50,,2,1,0,0,1,48.0,22.0,,,5,2,1,2,3
202100003095,2021-12-10 18:25:00,2021,12,10,18,25,67,67482,GEORGES WODLI (RUE),48.58862,7.73635,Nuit avec éclairage allumé,En agglomération,Hors intersection,Pluie légère,Autre collision,4,1,2,0,1,2,2,1,1,50,,3,0,0,1,2,24.0,,,,5,2,1,2,6
202100003096,2021-12-10 16:30:00,2021,12,10,16,30,67,67482,LOUIS PASTEUR (QUAI),48.57455,7.73812,Crépuscule ou aube,En agglomération,Hors intersection,Pluie légère,Autre collision,4,2,5,3,1,1,2,5,1,50,,2,1,0,0,1,89.0,,,,2,2,1,2,6
202100003097,2021-12-13 16:05:00,2021,12,13,16,5,66,66136,FRANCE (BOULEVARD ANATOLE),42.69772,2.90419,Plein jour,En agglomération,Hors intersection,Normale,Autre collision,4,3,4,0,1,1,1,0,1,50,,2,1,0,1,0,49.0,,,,1,2,1,1,6
202100003098,2021-12-13 13:55:00,2021,12,13,13,55,65,65440,MAYER (RUE ANDIE),43.232199,0.072368,Plein jour,En agglomération,Hors intersection,Normale,Autre collision,4,1,1,0,1,1,1,0,1,50,,2,1,0,0,1,49.0,,,,1,2,1,1,6
202100003099,2021-12-13 10:25:00,2021,12,13,10,25,65,65440,PRADEAU (PROMENADE DU),43.23245,0.06631,Plein jour,En agglomération,Intersection en T,Normale,Deux véhicules - côté,4,3,2,1,1,1,1,0,1,50,,2,1,0,0,1,45.0,54.0,,,1,2,3,1,3
202100003100,2021-12-13 09:00:00,2021,12,13,9,0,64,64445,Rue Jean-Jacques de Monaix,43.30346,-0.35703,Plein jour,En agglomération,Intersection en X,Normale,Deux véhicules - frontale,4,-1,2,0,1,1,1,0,1,50,,2,1,0,0,1,27.0,49.0,,,1,2,2,1,1
202100003101,2021-12-13 14:50:00,2021,12,13,14,50,64,64102,PONTOTS (GIRATOIRE LES),43.48869,-1.4912,Plein jour,Hors agglomération,Hors intersection,Normale,Sans collision,4,1,2,0,1,2,1,0,1,50,,1,0,0,0,1,43.0,,,,1,1,1,1,7
202100003102,2021-12-12 19:10:00,2021,12,12,19,10,64,64024,Boulevard des Plages,43.51196,-1.52701,Nuit avec éclairage allumé,En agglomération,Hors intersection,Normale,Deux véhicules - frontale,4,2,2,0,1,1,1,0,1,50,,2,1,0,1,0,53.0,30.0,,,5,2,1,1,1
202100003103,2021-12-11 19:35:00,2021,12,11,19,35,64,64102,Avenue du Grand Basque,43.49096,-1.45406,Nuit avec éclairage allumé,En agglomération,Hors intersection,Normale,Trois véhicules et plus - collisions multiples,3,2,4,0,1,1,1,0,1,50,,5,2,0,0,3,73.0,32.0,,,5,2,1,1,5
202100003104,2021-12-13 08:22:00,2021,12,13,8,22,63,63113,CHAMBRETTES (RUE DES),45.76697,3.0986,Plein jour,En agglomération,Hors intersection,Normale,Sans collision,4,2,2,0,1,1,1,0,1,50,,1,0,0,0,1,60.0,,,,1,2,1,1,7
202100003105,2021-12-11 14:10:00,2021,12,11,14,10,63,63113,HERMITAGE (RUE DE L'),45.76425,3.12787,Plein jour,En agglomération,Intersection en T,Normale,Deux véhicules - côté,4,2,2,0,1,1,1,0,1,50,,2,1,0,0,1,41.0,17.0,,,1,2,3,1,3
202100003106,2021-12-10 16:42:00,2021,12,10,16,42,63,63113,PERI (RUE GABRIEL),45.77725,3.07854,Plein jour,En agglomération,Intersection en X,Normale,Trois véhicules et plus - collisions multiples,4,2,2,0,1,1,1,0,1,50,,3,2,0,0,1,20.0,51.0,,,1,2,2,1,5
202100003107,2021-12-11 12:05:00,2021,12,11,12,5,62,62427,PAPIN (R DENIS),50.420529,2.946847,Plein jour,En agglomération,Hors intersection,Normale,Sans collision,3,2,2,0,1,1,1,6,8,30,,2,1,0,1,0,24.0,,,,1,2,1,1,7
202100003108,2021-12-13 19:20:00,2021,12,13,19,20,60,60057,Av du Pdt J Fitzgerald Kennedy,49.41274,2.10612,Nuit sans éclairage public,En agglomération,Hors intersection,Normale,Autre collision,4,2,2,0,1,1,1,0,3,50,,2,0,0,0,2,20.0,,,,3,2,1,1,6
202100003109,2021-12-13 17:45:00,2021,12,13,17,45,59,59426,TOURCOING (RUE DE),50.746188,3.157661,Nuit avec éclairage allumé,En agglomération,Hors intersection,Normale,Autre collision,4,-1,2,0,1,1,1,0,1,50,,2,1,0,1,0,14.0,,,,5,2,1,1,6
202100003110,2021-12-13 08:00:00,2021,12,13,8,0,59,59508,DRONCKAERT (RUE DU),50.73815,3.12931,Nuit avec éclairage allumé,En agglomération,Hors intersection,Normale,Deux véhicules - côté,7,2,1,0,1,1,2,0,1,50,,6,4,0,0,2,37.0,20.0,,,5,2,1,1,3