accident_id,datetime,annee,mois,jour,heure,minute,departement,commune_insee,adresse,latitude,longitude,luminosite,agglomeration,intersection,meteo,collision,catr,circ,nbv,vosp,prof,plan,surf,infra,situ,vma,nb_vehicules,nb_usagers,nb_indemnes,nb_tues,nb_blesses_hosp,nb_blesses_legers,age_cond_1,age_cond_2,veh_type_cond_1,veh_type_cond_2,lum_code,agg_code,int_code,atm_code,col_code
202100003111,2021-12-12 02:40:00,2021,12,12,2,40,59,59378,NATIONALE RUE,50.6624372233,3.074323833,Nuit avec éclairage allumé,En agglomération,Giratoire,Pluie légère,Sans collision,7,2,0,0,2,1,2,0,1,40,,1,0,0,0,1,39.0,,,,5,2,6,2,7
202100003112,2021-12-10 07:50:00,2021,12,10,7,50,59,59569,MOCHE (RUE ALCIDE),50.36573,3.11761,Nuit avec éclairage allumé,En agglomération,Giratoire,Temps couvert,Deux véhicules - côté,3,1,1,0,1,2,2,0,1,50,,2,1,0,1,0,56.0,36.0,,,5,2,6,8,3
202100003113,2021-12-13 08:05:00,2021,12,13,8,5,59,59017,VALMY (RUE DE ),50.6929317434,2.8757873484,Crépuscule ou aube,En agglomération,Hors intersection,Normale,Autre collision,4,2,2,0,1,1,1,0,1,50,,2,1,0,0,1,40.0,,,,2,2,1,1,6
202100003114,2021-12-13 12:18:00,2021,12,13,12,18,54,54184,BRIGACHTAL (AVENUE DE),48.7006365235,6.2247006297,Plein jour,En agglomération,Intersection en X,Temps couvert,Deux véhicules - côté,4,2,4,0,1,1,2,0,1,50,,4,3,0,0,1,26.0,85.0,,,1,2,2,8,3
202100003115,2021-12-13 17:25:00,2021,12,13,17,25,51,51454,Avenue du Général de Gaulle,49.2434449987,4.0157148242,Nuit avec éclairage allumé,En agglomération,Hors intersection,Normale,Sans collision,4,2,2,0,2,1,1,9,1,50,,3,1,0,0,2,25.0,,,,5,2,1,1,7
202100003116,2021-12-13 07:45:00,2021,12,13,7,45,51,51454,Rue Caqué,49.2547,4.02281,Nuit avec éclairage non allumé,En agglomération,Intersection en X,Pluie légère,Sans collision,4,1,1,0,1,1,2,0,1,30,,2,1,0,0,1,34.0,,,,4,2,2,2,7
202100003117,2021-12-10 21:20:00,2021,12,10,21,20,50,50129,MACONS (RUE DES),49.64656,-1.64304,Nuit avec éclairage allumé,En agglomération,Intersection en X,Normale,Deux véhicules - côté,3,2,2,0,1,1,1,5,1,50,,2,1,0,0,1,36.0,47.0,,,5,2,2,1,3
202100003118,2021-12-13 19:18:00,2021,12,13,19,18,49,49353,BARA,47.44316,-0.48792,Nuit avec éclairage allumé,En agglomération,Intersection en T,Normale,Deux véhicules - côté,4,2,2,0,1,1,1,0,1,50,,2,1,0,0,1,49.0,13.0,,,5,2,3,1,3
202100003119,2021-12-13 13:10:00,2021,12,13,13,10,49,49007,EPINARD CHEMIN,47.49608,-0.54908,Plein jour,En agglomération,Hors intersection,Normale,Sans collision,9,-1,1,0,2,1,2,0,6,30,,1,0,0,0,1,62.0,,,,1,2,1,1,7
202100003120,2021-12-13 11:59:00,2021,12,13,11,59,49,49007,MONPLAISIR BOULEVARD,47.49114,-0.52906,Plein jour,En agglomération,Hors intersection,Normale,Deux véhicules - côté,4,2,2,0,1,1,1,0,1,50,,2,1,0,0,1,55.0,62.0,,,1,2,1,1,3
202100003121,2021-12-13 17:10:00,2021,12,13,17,10,41,41018,NAU (RUE ROBERT),47.61011,1.33302,Nuit avec éclairage allumé,En agglomération,Hors intersection,Normale,Autre collision,4,2,2,0,1,1,1,0,1,50,,2,1,0,1,0,58.0,,,,5,2,1,1,6
202100003122,2021-11-12 19:25:00,2021,11,12,19,25,41,41295,TAILLES (AVENUE DES),47.59505,1.38912,Nuit avec éclairage allumé,En agglomération,Intersection en X,Normale,Deux véhicules - côté,4,2,2,0,1,1,1,0,1,50,,3,2,0,0,1,47.0,,,,5,2,2,1,3
202100003123,2021-12-11 13:40:00,2021,12,11,13,40,41,41212,PATTE D'OIE (rond point),47.56113,1.37367,Plein jour,En agglomération,Giratoire,Normale,Deux véhicules - arrière,3,2,2,0,1,1,1,0,1,50,,2,1,0,0,1,80.0,59.0,,,1,2,6,1,2
202100003124,2021-12-08 18:20:00,2021,12,8,18,20,38,38053,Avenue des Frères Lumière,45.59417,5.26605,Nuit avec éclairage allumé,En agglomération,Hors intersection,Pluie forte,Autre collision,4,2,2,0,1,1,2,9,1,50,,2,1,0,1,0,21.0,,,,5,2,1,3,6
202100003125,2021-12-13 09:00:00,2021,12,13,9,0,37,37122,JEAN JAURES,47.3502107355,0.6731057167,Plein jour,En agglomération,Intersection en T,Normale,Deux véhicules - côté,4,2,2,2,1,1,1,0,1,50,,2,1,0,1,0,79.0,15.0,,,1,2,3,1,3
202100003126,2021-12-13 18:40:00,2021,12,13,18,40,35,35238,PORTE DE BREQUIGNY,48.08496,-1.69935,Nuit sans éclairage public,Hors agglomération,Hors intersection,Normale,Deux véhicules - arrière,2,3,4,0,1,1,1,0,1,90,,3,2,0,0,1,50.0,25.0,,,3,1,1,1,2
202100003127,2021-12-13 17:50:00,2021,12,13,17,50,33,33529,RD1250,44.62601,-1.15848,Nuit sans éclairage public,Hors agglomération,Hors intersection,Normale,Deux véhicules - arrière,3,2,2,0,1,1,1,0,1,80,,2,0,0,0,2,33.0,50.0,,,3,1,1,1,2
202100003128,2021-12-13 16:20:00,2021,12,13,16,20,33,33529,RD1250 (BONNEVAL - LA HUME) - Z.A.,44.61857,-1.1255,Crépuscule ou aube,Hors agglomération,Giratoire,Normale,Deux véhicules - arrière,2,2,2,0,1,3,1,0,1,80,,3,2,0,0,1,19.0,72.0,,,2,1,6,1,2
202100003129,2021-12-13 12:18:00,2021,12,13,12,18,31,31555,OZENNE (RUE THEODORE) DU 1AU 35,43.59674,1.44682,Plein jour,En agglomération,Hors intersection,Normale,Autre collision,4,2,2,0,1,1,1,0,1,20,,2,1,0,1,0,,,,,1,2,1,1,6
202100003130,2021-12-13 08:10:00,2021,12,13,8,10,29,29232,Boulevard Flandres Dunkerque1940,47.97982,-4.08895,Nuit avec éclairage allumé,Hors agglomération,Hors intersection,Pluie légère,Deux véhicules - arrière,3,3,4,0,2,1,2,0,1,70,,2,1,0,0,1,26.0,21.0,,,5,1,1,2,2
202100003131,2021-12-06 08:45:00,2021,12,6,8,45,29,29019,Rue de la Villeneuve,48.4097807812,-4.4632011652,Plein jour,En agglomération,Giratoire,Normale,Deux véhicules - côté,4,-1,2,0,1,1,1,0,1,50,,2,1,0,0,1,,33.0,,,1,2,6,1,3
202100003132,2021-10-24 02:40:00,2021,10,24,2,40,29,29019,Rue Eugène Berest,48.39378,-4.43411,Nuit avec éclairage allumé,En agglomération,Hors intersection,Normale,Sans collision,6,-1,-1,0,1,1,1,9,1,30,,2,1,1,0,0,23.0,,,,5,2,1,1,7
202100003133,2021-12-13 12:05:00,2021,12,13,12,5,27,27299,RN 154,49.052,1.17854,Plein jour,Hors agglomération,Hors intersection,Normale,Sans collision,2,-1,2,0,1,1,1,0,1,110,,1,0,0,0,1,18.0,,,,1,1,1,1,7
202100003134,2021-12-12 12:50:00,2021,12,12,12,50,27,27229,SEMARD (RUE PIERRE),49.01595,1.16564,Plein jour,En agglomération,Intersection en X,Temps couvert,Deux véhicules - côté,4,3,1,0,2,1,2,0,1,50,,5,3,0,0,2,19.0,20.0,,,1,2,2,8,3
202100003135,2021-12-13 15:50:00,2021,12,13,15,50,23,23096,MANOUVRIER (AVENUE),46.1694194549,1.875679493,Plein jour,En agglomération,Hors intersection,Normale,Autre collision,4,2,2,0,2,1,1,0,1,50,,2,1,0,1,0,30.0,,,,1,2,1,1,6
202100003136,2021-12-12 17:50:00,2021,12,12,17,50,23,23096,CHARLES DE GAULLE (AVENUE),46.17703,1.87182,Nuit avec éclairage allumé,En agglomération,Hors intersection,Temps couvert,Autre collision,3,3,4,0,1,1,1,0,1,50,,2,1,0,0,1,87.0,,,,5,2,1,8,6
202100003137,2021-12-13 18:10:00,2021,12,13,18,10,22,22187,D 6,48.5420640282,-2.8348132968,Nuit sans éclairage public,Hors agglomération,Intersection en X,Normale,Deux véhicules - côté,2,1,1,0,1,2,1,3,1,70,,5,0,0,0,5,22.0,36.0,,,3,1,2,1,3
202100003138,2021-12-13 16:50:00,2021,12,13,16,50,22,22106,VERNE (RUE JULES),48.496675,-2.729325,Plein jour,En agglomération,Hors intersection,Normale,Autre collision,4,2,4,0,1,1,1,0,1,30,,2,1,0,0,1,29.0,,,,1,2,1,1,6
202100003139,2021-12-13 08:10:00,2021,12,13,8,10,18,18279,VAILLANT (AVENUE EDOUARD),47.2359866162,2.0609790136,Plein jour,En agglomération,Autre intersection,Temps couvert,Deux véhicules - côté,3,2,2,0,2,1,2,0,1,50,,2,0,0,0,2,34.0,86.0,,,1,2,9,8,3
202100003140,2021-12-09 04:35:00,2021,12,9,4,35,14,14220,LAPLACE (RUE),49.35626,0.06916,Nuit avec éclairage allumé,En agglomération,Hors intersection,Normale,Sans collision,4,-1,1,0,1,1,1,0,1,50,,1,0,0,0,1,23.0,,,,5,2,1,1,7
202100003141,2021-12-07 10:05:00,2021,12,7,10,5,14,14366,Rue du Général Leclerc,49.1512,0.22434,Nuit avec éclairage allumé,En agglomération,Hors intersection,Pluie forte,Deux véhicules - côté,3,1,1,1,1,1,2,0,1,30,,2,1,0,0,1,15.0,18.0,,,5,2,1,3,3
202100003142,2021-12-11 11:45:00,2021,12,11,11,45,14,14437,CALIX (VIADUC DE ) CHERBOURG/PARIS,49.1842,-0.3275,Plein jour,En agglomération,Hors intersection,Normale,Trois véhicules et plus - en chaîne,2,1,4,0,3,1,2,0,1,70,,3,1,0,0,2,25.0,80.0,,,1,2,1,1,4
202100003143,2021-12-13 21:00:00,2021,12,13,21,0,13,13208,LOUIS REGE (RUE),43.281,5.3893,Nuit avec éclairage allumé,En agglomération,Intersection en T,Normale,Deux véhicules - côté,4,2,4,0,2,1,1,0,1,50,,2,1,0,1,0,32.0,37.0,,,5,2,3,1,3
202100003144,2021-12-12 14:00:00,2021,12,12,14,0,13,13205,FERRARI (RUE),43.29372,5.38961,Plein jour,En agglomération,Hors intersection,Normale,Deux véhicules - côté,4,1,1,0,1,1,1,0,1,50,,2,1,0,1,0,43.0,15.0,,,1,2,1,1,3
202100003145,2021-12-12 17:25:00,2021,12,12,17,25,11,11262,MIRABEAU (COURS),43.18226,3.00429,Crépuscule ou aube,En agglomération,Intersection en T,Normale,Autre collision,4,2,2,0,1,1,1,9,1,50,,2,1,0,0,1,,,,,2,2,3,1,6
202100003146,2021-12-12 10:20:00,2021,12,12,10,20,11,11069,COSTE REBOULH,43.2134,2.3543,Plein jour,En agglomération,Intersection en X,Normale,Deux véhicules - côté,4,1,1,0,1,1,1,9,1,30,,3,1,0,0,2,29.0,58.0,,,1,2,2,1,3
202100003147,2021-12-01 10:00:00,2021,12,1,10,0,09,09122,ESPAGNE (ROUTE D'),42.949914,1.625146,Plein jour,Hors agglomération,Hors intersection,Normale,Trois véhicules et plus - en chaîne,3,-1,1,0,1,1,1,0,1,70,,5,4,0,0,1,30.0,24.0,,,1,1,1,1,4
202100003148,2021-12-09 11:15:00,2021,12,9,11,15,07,07019,RN 102,44.629,4.3806,Plein jour,Hors agglomération,Intersection en X,Normale,Deux véhicules - côté,2,2,2,0,1,2,1,9,1,70,,2,1,0,0,1,81.0,69.0,,,1,1,2,1,3
202100003149,2021-12-13 13:55:00,2021,12,13,13,55,06,06069,AURIBEAU (ROUTE D') -D609-,43.626064,6.914453,Plein jour,Hors agglomération,Hors intersection,Normale,Deux véhicules - frontale,3,2,2,0,1,1,1,0,1,50,,3,1,0,0,2,25.0,20.0,,,1,1,1,1,1
202100003150,2021-12-13 14:00:00,2021,12,13,14,0,06,06027,ALPES AVENUE DES,43.662831,7.131726,Plein jour,En agglomération,Hors intersection,Normale,Autre collision,7,3,4,0,1,1,1,0,1,50,,2,1,0,0,1,82.0,,,,1,2,1,1,6
202100003151,2021-12-11 19:05:00,2021,12,11,19,5,05,05061,SOUVENIR FRANCAIS (ALLEE  DU ),44.5557,6.07228,Nuit avec éclairage allumé,En agglomération,Hors intersection,Normale,Deux véhicules - arrière,4,1,1,0,2,1,1,0,1,50,,3,2,0,0,1,50.0,34.0,,,5,2,1,1,2
202100003152,2021-12-09 16:20:00,2021,12,9,16,20,04,04112,Av Georges Pompidou,43.82433,5.78464,Plein jour,En agglomération,Hors intersection,Normale,Trois véhicules et plus - en chaîne,4,2,2,0,1,1,1,0,1,30,,4,1,0,0,3,20.0,68.0,,,1,2,1,1,4
202100003153,2021-12-13 15:00:00,2021,12,13,15,0,01,01053,VOLTAIRE (BD) PAIR,46.2006,5.222326,Plein jour,En agglomération,Intersection en X,Normale,Deux véhicules - côté,3,2,2,0,2,1,1,9,1,50,,3,1,0,0,2,76.0,19.0,,,1,2,2,1,3
202100003154,2021-12-11 20:43:00,2021,12,11,20,43,75,75113,AVENUE D IVRY,48.82609,2.360118,Nuit avec éclairage allumé,En agglomération,Intersection à plus de 4 branches,Pluie légère,Autre collision,4,1,4,1,1,1,2,0,5,30,,24,3,1,4,16,57.0,33.0,,,5,2,5,2,6
202100003155,2021-12-11 03:05:00,2021,12,11,3,5,75,75110,RUE MARIE ET LOUISE,48.871741,2.367808,Nuit avec éclairage allumé,En agglomération,Intersection à plus de 4 branches,Normale,Autre collision,4,1,2,0,1,1,1,0,1,30,,1,0,0,0,1,27.0,,,,5,2,5,1,6
202100003156,2021-12-13 15:25:00,2021,12,13,15,25,75,75105,RUE GAY LUSSAC,48.843718,2.342332,Plein jour,En agglomération,Hors intersection,Temps couvert,Deux véhicules - arrière,4,2,1,0,1,1,3,0,1,30,,2,1,0,0,1,61.0,26.0,,,1,2,1,8,2
202100003157,2021-12-13 20:20:00,2021,12,13,20,20,75,75119,PLACE DU COLONEL FABIEN,48.878017,2.370687,Nuit avec éclairage allumé,En agglomération,Place,Normale,Deux véhicules - arrière,4,1,4,0,1,2,1,0,1,30,,2,1,0,0,1,18.0,,,,5,2,7,1,2
202100003158,2021-12-09 13:50:00,2021,12,9,13,50,75,75116,RUE GEORGE SAND,48.849878,2.268305,Plein jour,En agglomération,Hors intersection,Normale,Deux véhicules - côté,4,1,2,0,1,1,1,0,1,30,,2,1,0,0,1,30.0,33.0,,,1,2,1,1,3
202100003159,2021-12-13 17:04:00,2021,12,13,17,4,75,75115,BOULEVARD LEFEBVRE,48.828121,2.303731,Nuit avec éclairage allumé,En agglomération,Hors intersection,Normale,Deux véhicules - côté,4,2,4,1,2,1,1,-1,5,30,,2,1,0,0,1,48.0,30.0,,,5,2,1,1,3
202100003160,2021-12-13 08:20:00,2021,12,13,8,20,75,75115,RUE DE VAUGIRARD,48.836546,2.295,Plein jour,En agglomération,Hors intersection,Normale,Autre collision,4,1,2,0,1,1,1,0,1,30,,2,1,0,0,1,46.0,,,,1,2,1,1,6
202100003161,2021-12-12 13:20:00,2021,12,12,13,20,75,75112,QUAI DE BERCY,48.829411,2.387432,Plein jour,En agglomération,Hors intersection,Temps couvert,Autre collision,4,1,3,0,1,1,2,1,1,50,,2,1,0,1,0,32.0,,,,1,2,1,8,6
202100003162,2021-12-13 20:00:00,2021,12,13,20,0,75,75108,VOIE GEORGES POMPIDOU,48.865043,2.316108,Nuit avec éclairage allumé,En agglomération,Intersection en Y,Normale,Deux véhicules - arrière,4,1,2,0,1,1,1,0,1,30,,2,0,0,0,2,46.0,23.0,,,5,2,4,1,2
202100003163,2021-12-12 22:00:00,2021,12,12,22,0,75,75103,RUE DE TURENNE,48.856484,2.364352,Nuit avec éclairage allumé,En agglomération,Intersection en X,Normale,Deux véhicules - côté,4,2,2,0,1,3,2,0,1,30,,2,1,0,0,1,36.0,36.0,,,5,2,2,1,3
202100003164,2021-12-13 17:38:00,2021,12,13,17,38,94,94078,Rue Emile Zola,48.735595,2.446852,Nuit avec éclairage allumé,En agglomération,Intersection en X,Normale,Deux véhicules - côté,2,3,0,0,1,1,1,5,1,50,,2,1,0,0,1,25.0,19.0,,,5,2,2,1,3
202100003165,2021-12-12 14:00:00,2021,12,12,14,0,94,94041,PIERRE ET MARIE CURIE (R),48.81572,2.37651,Plein jour,En agglomération,Hors intersection,Pluie légère,Sans collision,3,2,2,0,1,1,2,0,1,50,,2,1,0,0,1,64.0,,,,1,2,1,2,7
202100003166,2021-12-13 09:45:00,2021,12,13,9,45,94,94065,Route nationale 186,48.7538,2.36445,Plein jour,En agglomération,Hors intersection,Normale,Deux véhicules - arrière,2,3,10,0,1,1,1,9,1,70,,2,1,0,0,1,64.0,42.0,,,1,2,1,1,2
202100003167,2021-12-12 11:30:00,2021,12,12,11,30,94,94017,MUSSELBURGH (R DE),48.80869,2.52061,Plein jour,En agglomération,Hors intersection,Pluie légère,Deux véhicules - côté,3,2,2,0,1,1,2,0,1,30,,1,0,0,0,1,36.0,,,,1,2,1,2,3
202100003168,2021-12-13 17:30:00,2021,12,13,17,30,94,94002,Rue Etienne Dolet,48.791529,2.425625,Nuit avec éclairage allumé,Hors agglomération,Hors intersection,Normale,Autre collision,4,3,2,0,1,1,1,0,1,30,,2,1,0,0,1,78.0,,,,5,1,1,1,6
202100003169,2021-12-13 11:45:00,2021,12,13,11,45,93,93066,MALLARME STEPHANE (ALLEE),48.9403476658,2.356967032,Plein jour,En agglomération,Hors intersection,Temps couvert,Autre collision,4,2,2,0,1,1,2,0,1,30,,2,1,0,0,1,21.0,,,,1,2,1,8,6
202100003170,2021-12-13 02:55:00,2021,12,13,2,55,93,93066,SEMAT ROGER,48.947982,2.357305,Nuit avec éclairage allumé,En agglomération,Hors intersection,Normale,Deux véhicules - frontale,3,1,2,3,2,1,2,9,6,50,,1,0,0,0,1,20.0,,,,5,2,1,1,1
202100003171,2021-12-13 18:45:00,2021,12,13,18,45,93,93050,BLANCHEVILLE (AVENUE),48.8620627921,2.5402658907,Nuit avec éclairage allumé,En agglomération,Hors intersection,Normale,Deux véhicules - frontale,4,2,1,0,1,1,1,0,1,50,,2,1,0,0,1,23.0,30.0,,,5,2,1,1,1
202100003172,2021-12-13 20:00:00,2021,12,13,20,0,93,93048,ROMAINVILLE (RUE DE),48.8702673445,2.4467545705,Nuit avec éclairage allumé,En agglomération,Hors intersection,Pluie légère,Deux véhicules - frontale,4,1,1,0,1,3,2,0,1,50,,2,1,0,0,1,56.0,,,,5,2,1,2,1
202100003173,2021-12-13 15:00:00,2021,12,13,15,0,92,92036,RENIERS (AVENUE CHEMIN),48.9344775735,2.3208644986,Plein jour,En agglomération,Intersection en T,Normale,Autre collision,3,3,-1,-1,1,1,1,0,1,-1,,2,1,0,0,1,27.0,,,,1,2,3,1,6
202100003174,2021-12-11 08:50:00,2021,12,11,8,50,92,92036,PIERRE DE COUBERTIN PROLONGE,48.9358413218,2.2797060013,Plein jour,En agglomération,Intersection en X,Normale,Deux véhicules - côté,1,1,2,0,2,2,1,3,1,50,,2,1,0,0,1,33.0,61.0,,,1,2,2,1,3
202100003175,2021-12-13 07:10:00,2021,12,13,7,10,92,92023,CLAUDE TREBIGNAUD (AVENUE) BOIS S103,48.8032237186,2.2568589449,Nuit avec éclairage allumé,En agglomération,Giratoire,Pluie légère,Autre collision,3,1,2,0,4,1,2,0,1,50,,2,1,0,1,0,30.0,,,,5,2,6,2,6
202100003176,2021-11-21 10:50:00,2021,11,21,10,50,92,92012,YVES KERMEN (RUE) 51/FIN - 40/FIN,48.827961,2.239989,Plein jour,En agglomération,Hors intersection,Normale,Deux véhicules - arrière,4,-1,2,1,1,1,1,0,1,50,,2,1,0,0,1,32.0,,,,1,2,1,1,2
202100003177,2021-12-13 12:20:00,2021,12,13,12,20,92,92002,FONDOUZE (RUE),48.750585,2.297077,Plein jour,En agglomération,Hors intersection,Normale,Autre collision,4,1,1,0,1,1,1,0,8,30,,2,1,0,0,1,23.0,,,,1,2,1,1,6
202100003178,2021-12-13 11:45:00,2021,12,13,11,45,49,49063,La Ravardière (Corps de ferme),47.330526,-0.799561,Plein jour,Hors agglomération,Hors intersection,Normale,Autre collision,4,2,1,0,1,1,1,0,1,50,,1,0,0,0,1,37.0,,,,1,1,1,1,6
202100003179,2021-12-13 15:45:00,2021,12,13,15,45,26,26131,140 Impasse de Borne Rousse,44.565422,5.014988,Plein jour,En agglomération,Hors intersection,Normale,Autre collision,4,2,1,0,2,1,1,0,3,50,,2,1,0,1,0,44.0,,,,1,2,1,1,6
202100003180,2021-12-15 17:30:00,2021,12,15,17,30,91,91001,CD 721,48.348587,2.176868,Nuit sans éclairage public,Hors agglomération,Intersection en T,Normale,Deux véhicules - côté,3,2,2,0,4,1,1,5,1,70,,4,1,0,1,2,100.0,19.0,,,3,1,3,1,3
202100003181,2021-12-14 08:25:00,2021,12,14,8,25,49,49220,Lieu Dit la Brosse,47.683852,-0.317831,Crépuscule ou aube,Hors agglomération,Hors intersection,Brouillard / fumée,Autre collision,3,2,2,0,1,1,2,0,3,80,,1,0,0,1,0,23.0,,,,2,1,1,5,6
202100003182,2021-12-15 06:45:00,2021,12,15,6,45,974,97422,172 Rue Georges Pompidou,-21.254327,55.522349,Plein jour,En agglomération,Intersection en T,Normale,Deux véhicules - frontale,2,2,2,0,2,1,1,0,1,50,,2,1,0,0,1,30.0,15.0,,,1,2,3,1,1
202100003183,2021-12-14 18:13:00,2021,12,14,18,13,68,68315,Rue des Archers,47.888841,7.227193,Nuit avec éclairage allumé,En agglomération,Intersection en X,Normale,Autre collision,3,2,2,0,1,1,1,0,1,50,,2,1,0,1,0,53.0,,,,5,2,2,1,6
202100003184,2021-12-14 10:55:00,2021,12,14,10,55,30,30174,Route d Alès,44.028624,4.378697,Plein jour,En agglomération,Hors intersection,Normale,Autre collision,3,2,2,0,1,1,1,0,1,50,,1,0,0,1,0,17.0,,,,1,2,1,1,6
202100003185,2021-12-09 23:15:00,2021,12,9,23,15,62,62075,Rue de la Bouverie,50.707316,1.675146,Nuit sans éclairage public,Hors agglomération,Hors intersection,Autre,Autre collision,3,2,2,0,4,2,2,2,1,50,,1,0,0,1,0,32.0,,,,3,1,1,9,6
202100003186,2021-12-15 07:55:00,2021,12,15,7,55,77,77242,D209,48.487046,3.212477,Crépuscule ou aube,Hors agglomération,Intersection en X,Temps couvert,Deux véhicules - côté,3,2,2,0,3,1,2,5,1,80,,2,1,0,0,1,17.0,81.0,,,2,1,2,8,3
202100003187,2021-12-15 12:45:00,2021,12,15,12,45,82,82087,D81,44.157424,1.211693,Plein jour,Hors agglomération,Hors intersection,Brouillard / fumée,Deux véhicules - côté,3,2,2,0,2,3,9,0,1,80,,4,3,0,1,0,41.0,28.0,,,1,1,1,5,3
202100003188,2021-12-14 18:20:00,2021,12,14,18,20,61,61145,11 Rue du Mont Margantin,48.590192,-0.645989,Nuit avec éclairage allumé,En agglomération,Intersection en T,Normale,Deux véhicules - côté,4,2,2,1,2,3,1,0,1,30,,3,2,0,1,0,37.0,41.0,,,5,2,3,1,3
202100003189,2021-12-14 20:41:00,2021,12,14,20,41,25,25627,2 grande rue,46.902731,6.044937,Nuit avec éclairage allumé,En agglomération,Hors intersection,Normale,Autre collision,3,2,2,0,1,1,7,0,1,50,,2,1,0,1,0,37.0,26.0,,,5,2,1,1,6
202100003190,2021-12-15 15:30:00,2021,12,15,15,30,03,03033,D907,46.18812,3.48713,Plein jour,Hors agglomération,Intersection en X,Brouillard / fumée,Deux véhicules - frontale,3,2,2,0,1,1,2,0,1,90,,3,0,1,2,0,84.0,77.0,,,1,1,2,5,1
202100003191,2021-12-14 17:50:00,2021,12,14,17,50,15,15063,D922,45.149018,2.388539,Nuit sans éclairage public,Hors agglomération,Hors intersection,Normale,Deux véhicules - frontale,3,2,2,0,1,1,1,0,1,90,,4,2,1,1,0,43.0,18.0,,,3,1,1,1,1
202100003192,2021-12-11 23:23:00,2021,12,11,23,23,72,72330,Chenant,47.626171,0.065151,Nuit sans éclairage public,Hors agglomération,Hors intersection,Normale,Deux véhicules - arrière,3,2,2,0,1,1,1,0,1,80,,2,0,0,1,1,27.0,22.0,,,3,1,1,1,2
202100003193,2021-12-15 14:25:00,2021,12,15,14,25,06,06079,26 Avenue Henri Clews,43.52682,6.945317,Plein jour,En agglomération,Hors intersection,Normale,Autre collision,3,3,2,0,1,1,1,0,1,50,,4,2,0,0,2,86.0,,,,1,2,1,1,6
202100003194,2021-12-15 11:45:00,2021,12,15,11,45,83,83095,"RD 560,",43.5606103234,6.0299170017,Plein jour,Hors agglomération,Hors intersection,Normale,Autre collision,3,2,2,0,1,2,1,0,3,-1,,1,0,0,1,0,18.0,,,,1,1,1,1,6
202100003195,2021-12-15 06:55:00,2021,12,15,6,55,60,60485,D11,49.609579,2.166631,Nuit sans éclairage public,Hors agglomération,Hors intersection,Normale,Autre collision,3,2,2,0,1,1,1,0,8,80,,1,0,0,0,1,37.0,,,,3,1,1,1,6
202100003196,2021-12-15 05:00:00,2021,12,15,5,0,10,10017,RD 5,48.47588,4.419331,Nuit sans éclairage public,Hors agglomération,Hors intersection,Temps couvert,Autre collision,3,2,2,0,1,1,2,0,3,80,,1,0,0,1,0,34.0,,,,3,1,1,8,6
202100003197,2021-12-14 08:05:00,2021,12,14,8,5,21,21050,rd 906,46.975483,4.673738,Crépuscule ou aube,Hors agglomération,Hors intersection,Autre,Deux véhicules - côté,3,2,2,0,3,1,7,0,1,90,,2,1,0,1,0,19.0,39.0,,,2,1,1,9,3
202100003198,2021-12-14 19:15:00,2021,12,14,19,15,973,97307,route natiolale 2,4.876089,-52.337236,Nuit avec éclairage non allumé,En agglomération,Intersection en T,Normale,Trois véhicules et plus - collisions multiples,2,2,2,0,1,1,1,0,1,50,,4,2,0,2,0,46.0,44.0,,,4,2,3,1,5
202100003199,2021-12-14 07:45:00,2021,12,14,7,45,74,74081,26 Avenue Georges Clémenceau,46.067013,6.573533,Crépuscule ou aube,En agglomération,Hors intersection,Brouillard / fumée,Deux véhicules - côté,4,3,1,0,1,4,1,0,1,50,,2,1,0,0,1,47.0,12.0,,,2,2,1,5,3
202100003200,2021-12-14 23:00:00,2021,12,14,23,0,69,69242,A6,46.11949,4.76351,Nuit sans éclairage public,Hors agglomération,Hors intersection,Normale,Trois véhicules et plus - collisions multiples,1,3,6,0,1,1,1,0,1,130,,3,2,0,0,1,58.0,19.0,,,3,1,1,1,5
202100003201,2021-12-15 17:40:00,2021,12,15,17,40,60,60424,A1,49.465063,2.707003,Nuit sans éclairage public,Hors agglomération,Hors intersection,Normale,Deux véhicules - arrière,1,1,3,0,2,1,1,0,1,130,,3,2,0,0,1,82.0,44.0,,,3,1,1,1,2
202100003202,2021-12-13 13:00:00,2021,12,13,13,0,987,98748,RT4 PK 03+900 TOAHOTU,-17.8515636081,-149.2589509115,Plein jour,Hors agglomération,Hors intersection,Normale,Sans collision,2,2,2,0,1,2,1,0,3,40,,1,0,0,1,0,33.0,,,,1,1,1,1,7
202100003203,2021-12-10 18:30:00,2021,12,10,18,30,77,77148,D102,49.089979,3.076252,Nuit avec éclairage allumé,En agglomération,Intersection en X,Normale,Deux véhicules - côté,3,2,2,0,1,1,1,5,1,50,,3,1,0,1,1,17.0,32.0,,,5,2,2,1,3
202100003204,2021-12-15 15:20:00,2021,12,15,15,20,83,83053,DN8 PK 18+900,43.1578393084,5.8444154263,Plein jour,Hors agglomération,Hors intersection,Autre,Sans collision,3,2,2,1,2,3,2,0,1,70,,1,0,0,1,0,19.0,,,,1,1,1,9,7