accident_id,datetime,annee,mois,jour,heure,minute,departement,commune_insee,adresse,latitude,longitude,luminosite,agglomeration,intersection,meteo,collision,catr,circ,nbv,vosp,prof,plan,surf,infra,situ,vma,nb_vehicules,nb_usagers,nb_indemnes,nb_tues,nb_blesses_hosp,nb_blesses_legers,age_cond_1,age_cond_2,veh_type_cond_1,veh_type_cond_2,lum_code,agg_code,int_code,atm_code,col_code
202100003205,2021-12-13 09:25:00,2021,12,13,9,25,04,04143,RD 4b / Ch de joncs,43.923639,5.906541,Plein jour,Hors agglomération,Intersection en T,Normale,Deux véhicules - côté,3,2,2,0,1,1,1,0,1,70,,2,1,0,0,1,30.0,87.0,,,1,1,3,1,3
202100003206,2021-12-15 08:40:00,2021,12,15,8,40,89,89257,Avenue du Port,47.959712,3.504912,Plein jour,En agglomération,Hors intersection,Normale,Deux véhicules - frontale,3,2,2,0,1,1,1,1,1,50,,2,1,0,0,1,42.0,24.0,,,1,2,1,1,1
202100003207,2021-12-15 06:50:00,2021,12,15,6,50,68,68247,15 Grand Rue,47.905052,6.974725,Nuit avec éclairage allumé,En agglomération,Hors intersection,Temps couvert,Deux véhicules - frontale,3,2,2,0,1,1,2,0,1,50,,3,0,0,0,3,24.0,35.0,,,5,2,1,8,1
202100003208,2021-12-10 15:45:00,2021,12,10,15,45,38,38556,Route de Saint-Romain,45.385151,4.867966,Plein jour,Hors agglomération,Intersection en T,Normale,Sans collision,3,2,2,0,1,1,2,0,8,80,,1,0,0,1,0,19.0,,,,1,1,3,1,7
202100003209,2021-12-15 07:30:00,2021,12,15,7,30,69,69009,VILLEFRANCHE (DE) (RTE),45.945307,4.714412,Nuit sans éclairage public,En agglomération,Autre intersection,Brouillard / fumée,Autre collision,3,2,2,0,2,1,2,0,1,50,,2,1,0,1,0,39.0,,,,3,2,9,5,6
202100003210,2021-12-14 16:30:00,2021,12,14,16,30,09,09160,17 Avenue Léon Blum,42.927756,1.841487,Plein jour,En agglomération,Hors intersection,Normale,Autre collision,3,2,2,0,1,1,1,0,8,50,,2,1,0,0,1,68.0,,,,1,2,1,1,6
202100003211,2021-12-13 19:00:00,2021,12,13,19,0,16,16199,111 Route Angouleme,45.661598,0.219725,Nuit avec éclairage allumé,En agglomération,Hors intersection,Normale,Deux véhicules - arrière,4,2,2,0,1,1,1,0,1,50,,2,1,0,1,0,31.0,46.0,,,5,2,1,1,2
202100003212,2021-12-14 14:00:00,2021,12,14,14,0,33,33060,D116,44.562619,-0.342851,Plein jour,Hors agglomération,Hors intersection,Normale,Sans collision,3,2,2,0,1,2,1,0,3,30,,1,0,0,1,0,49.0,,,,1,1,1,1,7
202100003213,2021-12-10 09:45:00,2021,12,10,9,45,22,22260,Lieu Dit Lohan,48.233478,-2.906013,Plein jour,Hors agglomération,Hors intersection,Neige / grêle,Sans collision,3,2,2,0,1,1,3,0,1,80,,3,2,0,1,0,27.0,,,,1,1,1,4,7
202100003214,2021-12-03 11:15:00,2021,12,3,11,15,13,13117,A7-Sens Lyon vers Marseille,43.43876,5.25075,Plein jour,Hors agglomération,Hors intersection,Normale,Deux véhicules - arrière,1,1,2,0,1,1,1,0,1,90,,2,1,0,0,1,47.0,48.0,,,1,1,1,1,2
202100003215,2021-12-10 15:55:00,2021,12,10,15,55,69,69199,PERIPHERIQUE LAURENT BONNEVAY (BD),45.7164377192,4.8497235775,Plein jour,Hors agglomération,Hors intersection,Normale,Deux véhicules - arrière,7,3,8,0,1,1,1,0,1,70,,2,1,0,0,1,,24.0,,,1,1,1,1,2
202100003216,2021-12-08 08:00:00,2021,12,8,8,0,42,42110,A47,45.4948,4.55462,Plein jour,Hors agglomération,Autre intersection,Pluie légère,Deux véhicules - côté,1,1,4,0,4,2,2,3,1,90,,2,0,0,1,1,24.0,48.0,,,1,1,9,2,3
202100003217,2021-12-13 16:55:00,2021,12,13,16,55,33,33063,ROCADE A 630,44.882593,-0.550654,Plein jour,Hors agglomération,Hors intersection,Normale,Deux véhicules - arrière,1,3,0,0,2,1,1,2,1,70,,3,2,0,0,1,35.0,40.0,,,1,1,1,1,2
202100003218,2021-12-13 08:30:00,2021,12,13,8,30,33,33096,AUTOROUTE A10,44.892169,-0.500894,Plein jour,Hors agglomération,Hors intersection,Normale,Deux véhicules - côté,1,3,6,0,1,1,1,0,1,90,,3,2,0,0,1,50.0,27.0,,,1,1,1,1,3
202100003219,2021-12-13 18:10:00,2021,12,13,18,10,91,91286,AUTOROUTE A6,48.64912,2.38535,Nuit sans éclairage public,Hors agglomération,Hors intersection,Normale,Deux véhicules - arrière,1,3,3,0,1,1,1,0,1,110,,2,1,0,0,1,20.0,33.0,,,3,1,1,1,2
202100003220,2021-12-13 05:45:00,2021,12,13,5,45,94,94016,AUTOROUTE A6B,48.79235,2.34428,Nuit sans éclairage public,Hors agglomération,Hors intersection,Normale,Deux véhicules - arrière,1,1,4,0,1,1,2,0,1,90,,2,1,0,0,1,28.0,38.0,,,3,1,1,1,2
202100003221,2021-12-12 23:09:00,2021,12,12,23,9,91,91064,RN 118,48.749738,2.220804,Nuit sans éclairage public,Hors agglomération,Hors intersection,Normale,Sans collision,2,1,2,0,2,2,2,0,1,90,,1,0,0,1,0,22.0,,,,3,1,1,1,7
202100003222,2021-12-11 22:50:00,2021,12,11,22,50,91,91064,RN 118,48.751238,2.222435,Nuit sans éclairage public,Hors agglomération,Hors intersection,Normale,Autre collision,2,1,2,0,2,1,1,0,1,90,,1,0,0,0,1,24.0,,,,3,1,1,1,6
202100003223,2021-12-13 16:00:00,2021,12,13,16,0,78,78043,A12 W,48.830634,2.081971,Plein jour,Hors agglomération,Hors intersection,Normale,Deux véhicules - côté,1,2,3,0,1,1,1,0,1,110,,2,1,0,0,1,38.0,29.0,,,1,1,1,1,3
202100003224,2021-12-13 13:30:00,2021,12,13,13,30,78,78208,RN12 EXT,48.799988,1.981698,Plein jour,Hors agglomération,Hors intersection,Normale,Deux véhicules - arrière,2,3,3,0,1,1,1,0,1,110,,2,1,0,0,1,27.0,26.0,,,1,1,1,1,2
202100003225,2021-12-13 21:50:00,2021,12,13,21,50,93,93066,AUTOROUTE A86,48.92484,2.34064,Nuit sans éclairage public,Hors agglomération,Hors intersection,Normale,Deux véhicules - côté,1,1,3,0,1,1,1,0,1,70,,2,1,0,0,1,23.0,,,,3,1,1,1,3
202100003226,2021-12-13 04:00:00,2021,12,13,4,0,95,95394,RN 184,49.0531608871,2.1747779846,Nuit sans éclairage public,Hors agglomération,Hors intersection,Normale,Autre collision,2,3,4,0,1,1,1,0,1,110,,1,0,0,0,1,28.0,,,,3,1,1,1,6
202100003227,2021-12-12 03:40:00,2021,12,12,3,40,93,93066,AUTOROUTE A1,48.92711,2.3571,Nuit avec éclairage non allumé,Hors agglomération,Hors intersection,Pluie légère,Deux véhicules - arrière,1,3,6,0,2,1,2,2,1,90,,3,1,0,0,2,33.0,33.0,,,4,1,1,2,2
202100003228,2021-12-13 18:50:00,2021,12,13,18,50,94,94022,A86 INT,48.77657,2.42122,Nuit sans éclairage public,Hors agglomération,Hors intersection,Normale,Deux véhicules - arrière,1,-1,6,0,1,1,1,0,1,90,,2,1,0,0,1,54.0,25.0,,,3,1,1,1,2
202100003229,2021-12-13 15:20:00,2021,12,13,15,20,77,77514,A104,48.9365174885,2.6281422578,Plein jour,Hors agglomération,Hors intersection,Normale,Deux véhicules - arrière,1,-1,2,0,1,1,1,0,1,90,,2,1,0,0,1,19.0,54.0,,,1,1,1,1,2
202100003230,2021-12-12 19:00:00,2021,12,12,19,0,973,97302,UNIVERSITE CHICAGO (RUE DE),4.9341957304,-52.2990503311,Nuit avec éclairage non allumé,En agglomération,Hors intersection,Pluie légère,Deux véhicules - côté,4,2,2,0,1,1,2,0,1,50,,3,1,0,0,2,17.0,21.0,,,4,2,1,2,3
202100003231,2021-12-11 19:25:00,2021,12,11,19,25,69,69386,MARECHAL FOCH (DU) (AV),45.77141,4.84325,Nuit avec éclairage allumé,En agglomération,Intersection en X,Normale,Deux véhicules - côté,4,1,2,3,1,1,1,0,1,50,,5,4,0,1,0,19.0,24.0,,,5,2,2,1,3
202100003232,2021-12-12 04:20:00,2021,12,12,4,20,69,69259,LAURENT BONNEVAY (BD),45.7186,4.87463,Nuit avec éclairage allumé,En agglomération,Hors intersection,Normale,Trois véhicules et plus - en chaîne,7,3,8,0,1,1,1,3,1,70,,4,2,0,2,0,19.0,27.0,,,5,2,1,1,4
202100003233,2021-12-12 17:45:00,2021,12,12,17,45,972,97213,AEROPORT (ROND POINT DE L'),14.598398,-61.000904,Nuit avec éclairage allumé,Hors agglomération,Giratoire,Normale,Trois véhicules et plus - collisions multiples,2,3,6,0,1,4,1,0,1,30,,5,4,0,1,0,28.0,45.0,,,5,1,6,1,5
202100003234,2021-12-12 01:25:00,2021,12,12,1,25,2B,2B033,11 - RT,42.69971,9.45205,Nuit avec éclairage allumé,En agglomération,Hors intersection,Normale,Trois véhicules et plus - collisions multiples,2,2,2,0,1,3,1,1,1,50,,3,1,0,0,2,32.0,48.0,,,5,2,1,1,5
202100003235,2021-12-12 12:10:00,2021,12,12,12,10,2A,2A004,Cours Napoléon,41.92865,8.73881,Plein jour,En agglomération,Hors intersection,Normale,Autre collision,4,2,3,0,1,1,1,0,1,50,,2,1,0,0,1,43.0,,,,1,2,1,1,6
202100003236,2021-12-12 02:55:00,2021,12,12,2,55,83,83069,ALMANARRE (ROUTE DE L'),43.08196,6.11862,Nuit avec éclairage allumé,En agglomération,Hors intersection,Normale,Autre collision,7,2,2,0,1,3,1,0,1,50,,3,2,0,0,1,30.0,35.0,,,5,2,1,1,6
202100003237,2021-12-12 21:10:00,2021,12,12,21,10,83,83069,ROUTE DEPARTEMENTALE 12,43.17256,6.11799,Nuit sans éclairage public,Hors agglomération,Autre intersection,Normale,Deux véhicules - côté,7,1,1,0,1,2,1,9,1,50,,3,2,0,0,1,47.0,31.0,,,3,1,9,1,3
202100003238,2021-12-11 17:45:00,2021,12,11,17,45,83,83069,OLBIA  (VOIE),43.1151967179,6.1376452446,Nuit avec éclairage allumé,Hors agglomération,Hors intersection,Normale,Deux véhicules - arrière,7,2,2,0,1,1,1,0,1,50,,3,1,0,0,2,43.0,30.0,,,5,1,1,1,2
202100003239,2021-12-07 17:40:00,2021,12,7,17,40,83,83050,BLUM(BOULEVARD LEON),43.52813,6.48094,Crépuscule ou aube,En agglomération,Intersection en T,Normale,Deux véhicules - côté,4,2,2,0,1,1,1,9,1,50,,2,1,0,1,0,55.0,42.0,,,2,2,3,1,3
202100003240,2021-12-12 20:00:00,2021,12,12,20,0,81,81004,RN88 OUEST,43.917352,2.164576,Nuit sans éclairage public,Hors agglomération,Hors intersection,Temps couvert,Sans collision,2,3,2,0,1,1,1,0,1,90,,2,0,0,0,2,29.0,27.0,,,3,1,1,8,7
202100003241,2021-12-11 08:00:00,2021,12,11,8,0,77,77186,D301,48.36963,2.72157,Nuit sans éclairage public,Hors agglomération,Intersection en T,Normale,Autre collision,3,2,2,0,1,1,1,0,3,90,,1,0,0,1,0,22.0,,,,3,1,3,1,6
202100003242,2021-12-12 23:30:00,2021,12,12,23,30,76,76540,NANSEN. RUE FRIDTJOF,49.44566,1.0619,Nuit avec éclairage allumé,En agglomération,Intersection en T,Normale,Deux véhicules - côté,4,2,4,0,1,2,1,0,1,50,,3,0,0,0,3,39.0,39.0,,,5,2,3,1,3
202100003243,2021-12-12 17:30:00,2021,12,12,17,30,69,69266,GENAS (DE) (RTE),45.749832589,4.9126052856,Nuit avec éclairage allumé,En agglomération,Hors intersection,Normale,Deux véhicules - côté,7,2,2,3,1,1,1,0,1,50,,2,1,0,0,1,30.0,34.0,,,5,2,1,1,3
202100003244,2021-12-12 13:15:00,2021,12,12,13,15,69,69275,EMILE ZOLA (R),45.76343,4.94064,Plein jour,En agglomération,Intersection en T,Normale,Deux véhicules - côté,4,2,3,2,1,1,1,0,1,50,,2,1,0,0,1,61.0,,,,1,2,3,1,3
202100003245,2021-12-10 08:30:00,2021,12,10,8,30,62,62548,AVENUE DE CALAIS,50.947797,1.948817,Crépuscule ou aube,En agglomération,Hors intersection,Pluie légère,Autre collision,4,2,2,0,1,1,2,0,1,50,,2,1,0,0,1,24.0,,,,2,2,1,2,6
202100003246,2021-12-12 17:00:00,2021,12,12,17,0,37,37261,BERANGER (BOULEVARD),47.3894121592,0.6839002669,Crépuscule ou aube,En agglomération,Hors intersection,Temps couvert,Deux véhicules - arrière,4,1,2,0,1,1,2,0,1,50,,4,3,0,0,1,18.0,34.0,,,2,2,1,8,2
202100003247,2021-12-12 19:30:00,2021,12,12,19,30,35,35238,RN136,48.126211,-1.714947,Nuit sans éclairage public,Hors agglomération,Hors intersection,Normale,Trois véhicules et plus - en chaîne,2,4,2,0,1,1,1,0,8,90,,7,3,0,0,4,22.0,26.0,,,3,1,1,1,4
202100003248,2021-12-12 19:30:00,2021,12,12,19,30,35,35238,RN136,48.124097,-1.717615,Nuit avec éclairage allumé,Hors agglomération,Hors intersection,Normale,Trois véhicules et plus - en chaîne,2,3,4,0,1,1,1,3,1,90,,8,6,0,0,2,38.0,52.0,,,5,1,1,1,4
202100003249,2021-12-12 18:40:00,2021,12,12,18,40,35,35281,ROCADE,48.08611,-1.7,Nuit sans éclairage public,Hors agglomération,Hors intersection,Pluie légère,Deux véhicules - arrière,2,3,4,0,1,1,2,0,1,90,,4,3,0,0,1,32.0,20.0,,,3,1,1,2,2
202100003250,2021-12-12 12:00:00,2021,12,12,12,0,34,34003,MEDITERRANNEE (Rond point),43.32674,3.48172,Plein jour,En agglomération,Giratoire,Normale,Autre collision,3,2,0,0,1,3,1,0,1,50,,2,1,0,0,1,45.0,45.0,,,1,2,6,1,6
202100003251,2021-12-11 15:50:00,2021,12,11,15,50,33,33009,PLAGE (BD DE LA) DU 161 ET +,44.66275,-1.17583,Plein jour,En agglomération,Intersection en X,Normale,Sans collision,3,1,1,0,1,1,1,0,1,50,,2,1,0,0,1,23.0,,,,1,2,2,1,7
202100003252,2021-12-12 09:55:00,2021,12,12,9,55,29,29019,Giratoire Rue de Valmy,48.39810041,-4.46507323,Plein jour,En agglomération,Giratoire,Normale,Deux véhicules - côté,4,2,2,0,2,2,1,5,1,50,,2,1,0,1,0,42.0,19.0,,,1,2,6,1,3
202100003253,2021-12-12 08:15:00,2021,12,12,8,15,26,26362,Route de Fauconnières ,44.945725,4.943621,Nuit sans éclairage public,Hors agglomération,Hors intersection,Normale,Autre collision,4,2,2,0,1,3,1,0,3,50,,1,0,0,1,0,22.0,,,,3,1,1,1,6
202100003254,2021-12-12 01:10:00,2021,12,12,1,10,25,25056,SAINT MARTIN RUE DES,47.24302,5.99587,Nuit avec éclairage allumé,En agglomération,Hors intersection,Normale,Autre collision,4,2,2,0,2,1,7,0,1,50,,1,0,0,0,1,25.0,,,,5,2,1,1,6
202100003255,2021-12-12 14:49:00,2021,12,12,14,49,13,13209,MARÉCHAL DE LATTRE (AVENUE),43.2458675037,5.4171708921,Plein jour,En agglomération,Hors intersection,Normale,Deux véhicules - frontale,4,2,3,3,1,1,1,0,1,50,,2,1,0,1,0,27.0,,,,1,2,1,1,1
202100003256,2021-12-12 09:05:00,2021,12,12,9,5,13,13210,ELIE WIESEL (BD),43.2745252869,5.4243916481,Plein jour,En agglomération,Hors intersection,Normale,Deux véhicules - côté,4,1,2,3,1,1,1,0,1,50,,2,1,0,0,1,59.0,,,,1,2,1,1,3
202100003257,2021-12-12 18:40:00,2021,12,12,18,40,06,06069,PLAN (ROUTE DU) -D304-,43.643064,6.956587,Nuit avec éclairage allumé,En agglomération,Hors intersection,Normale,Autre collision,3,2,2,0,1,1,1,0,1,50,,2,1,0,0,1,45.0,,,,5,2,1,1,6
202100003258,2021-12-11 16:50:00,2021,12,11,16,50,75,75118,PORTE DE LA CHAPELLE,48.900695,2.365705,Nuit avec éclairage allumé,En agglomération,Hors intersection,Normale,Trois véhicules et plus - collisions multiples,4,1,4,0,1,1,1,0,1,70,,6,5,0,0,1,61.0,52.0,,,5,2,1,1,5
202100003259,2021-12-12 16:30:00,2021,12,12,16,30,75,75118,RUE DE CLIGNANCOURT,48.888345,2.348014,Crépuscule ou aube,En agglomération,Intersection à plus de 4 branches,Pluie légère,Deux véhicules - côté,4,1,1,0,2,1,2,0,1,30,,2,1,0,0,1,,41.0,,,2,2,5,2,3
202100003260,2021-12-11 13:35:00,2021,12,11,13,35,75,75117,RUE JEAN OESTREICHER,48.886706,2.288961,Plein jour,En agglomération,Hors intersection,Normale,Autre collision,4,1,2,0,1,1,1,0,1,30,,2,1,0,0,1,45.0,,,,1,2,1,1,6
202100003261,2021-12-12 19:00:00,2021,12,12,19,0,75,75116,AVENUE D IENA,48.873146,2.295136,Nuit avec éclairage allumé,En agglomération,Place,Pluie légère,Deux véhicules - arrière,4,2,4,0,1,1,2,0,1,30,,3,2,0,0,1,43.0,36.0,,,5,2,7,2,2
202100003262,2021-12-12 19:50:00,2021,12,12,19,50,75,75113,BOULEVARD ARAGO,48.834949,2.344996,Nuit avec éclairage allumé,En agglomération,Intersection en X,Pluie légère,Deux véhicules - côté,4,2,4,2,1,1,2,0,1,30,,2,1,0,1,0,28.0,20.0,,,5,2,2,2,3
202100003263,2021-12-12 12:00:00,2021,12,12,12,0,75,75112,QUAI DE BERCY,48.828757,2.387564,Plein jour,En agglomération,Hors intersection,Pluie légère,Sans collision,4,1,3,0,1,1,2,0,1,50,,1,0,0,1,0,34.0,,,,1,2,1,2,7
202100003264,2021-12-12 19:30:00,2021,12,12,19,30,75,75109,RUE SAINT LAZARE,48.876919,2.334239,Nuit avec éclairage allumé,En agglomération,Intersection en T,Temps couvert,Autre collision,4,1,1,2,1,1,2,0,1,30,,2,1,0,0,1,,,,,5,2,3,8,6
202100003265,2021-12-12 00:35:00,2021,12,12,0,35,75,75108,RUE LA BOETIE,48.872858,2.310774,Nuit avec éclairage allumé,En agglomération,Intersection en X,Pluie légère,Deux véhicules - côté,4,2,2,0,1,1,2,0,1,30,,3,2,0,0,1,21.0,26.0,,,5,2,2,2,3
202100003266,2021-12-12 20:50:00,2021,12,12,20,50,75,75107,AVENUE DE LA MOTTE PICQUET,48.857255,2.30993,Nuit avec éclairage allumé,En agglomération,Intersection en X,Pluie légère,Deux véhicules - côté,4,2,1,0,1,1,2,0,1,30,,2,1,0,0,1,22.0,,,,5,2,2,2,3
202100003267,2021-12-11 12:15:00,2021,12,11,12,15,75,75102,RUE REAUMUR,48.867774,2.34555,Plein jour,En agglomération,Intersection en X,Normale,Autre collision,4,2,4,0,2,1,1,0,1,30,,2,1,0,1,0,29.0,,,,1,2,2,1,6
202100003268,2021-12-12 16:50:00,2021,12,12,16,50,93,93064,VARIOT (RUE DU DOCTEUR),48.87835,2.49086,Crépuscule ou aube,En agglomération,Hors intersection,Pluie légère,Autre collision,4,1,1,0,1,1,2,0,1,30,,1,0,0,0,1,31.0,,,,2,2,1,2,6
202100003269,2021-12-12 12:15:00,2021,12,12,12,15,93,93077,GALLIENI (AVENUE DU GENERAL),48.892246911,2.5051724911,Plein jour,En agglomération,Hors intersection,Temps couvert,Deux véhicules - côté,3,2,2,0,1,1,2,0,1,50,,3,1,0,1,1,22.0,39.0,,,1,2,1,8,3
202100003270,2021-12-12 12:30:00,2021,12,12,12,30,93,93031,REPUBLIQUE (AVENUE),48.948,2.33872,Plein jour,En agglomération,Hors intersection,Pluie légère,Trois véhicules et plus - collisions multiples,3,2,4,1,2,1,2,0,1,50,,4,3,0,1,0,50.0,33.0,,,1,2,1,2,5
202100003271,2021-12-12 10:15:00,2021,12,12,10,15,92,92076,REPUBLIQUE,48.8373498484,2.1526953578,Plein jour,En agglomération,Intersection en X,Normale,Deux véhicules - côté,3,2,2,0,2,1,2,0,1,50,,2,1,0,1,0,60.0,90.0,,,1,2,2,1,3
202100003272,2021-12-12 18:20:00,2021,12,12,18,20,92,92051,LOUIS-PHILIPPE (RUE ),48.8814084651,2.2712731361,Nuit avec éclairage allumé,En agglomération,Intersection en T,Normale,Deux véhicules - côté,2,1,0,0,1,1,1,0,1,50,,2,1,0,0,1,26.0,44.0,,,5,2,3,1,3
202100003273,2021-12-12 18:30:00,2021,12,12,18,30,92,92026,MISSION MARCHAND (COTE IMPAIR),48.89623,2.24026,Nuit avec éclairage allumé,En agglomération,Hors intersection,Pluie légère,Autre collision,3,3,4,0,1,1,2,9,1,50,,2,1,0,0,1,64.0,,,,5,2,1,2,6
202100003274,2021-12-12 14:00:00,2021,12,12,14,0,92,92024,CLICHY (QUAI DE) DE (104 A 202),48.9123230927,2.3112970591,Plein jour,En agglomération,Hors intersection,Pluie légère,Deux véhicules - côté,3,2,2,0,1,1,2,0,1,50,,2,1,0,0,1,18.0,23.0,,,1,2,1,2,3
202100003275,2021-12-13 18:35:00,2021,12,13,18,35,972,97218,75 Avenue Edgard Nestoret,14.780132,-61.136287,Nuit avec éclairage allumé,En agglomération,Hors intersection,Pluie légère,Autre collision,2,2,2,0,1,1,2,0,1,50,,2,1,0,0,1,33.0,,,,5,2,1,2,6
202100003276,2021-12-13 17:25:00,2021,12,13,17,25,83,83004,Dn7,43.445811,6.470298,Crépuscule ou aube,Hors agglomération,Hors intersection,Normale,Deux véhicules - côté,3,2,2,0,1,1,1,0,1,70,,2,1,0,1,0,49.0,55.0,,,2,1,1,1,3
202100003277,2021-12-12 11:55:00,2021,12,12,11,55,06,06064,RM2210,43.762071,7.175531,Plein jour,En agglomération,Hors intersection,Normale,Autre collision,7,2,2,0,1,1,1,0,8,-1,,2,1,0,1,0,76.0,,,,1,2,1,1,6
202100003278,2021-12-13 21:20:00,2021,12,13,21,20,60,60027,D1324,49.230728,2.810698,Nuit sans éclairage public,Hors agglomération,Intersection en X,Pluie légère,Deux véhicules - frontale,3,2,2,0,1,1,2,0,1,80,,2,0,1,0,1,32.0,51.0,,,3,1,2,2,1
202100003279,2021-12-13 19:00:00,2021,12,13,19,0,87,87201,Les 4 Vents,45.859823,1.140186,Nuit sans éclairage public,Hors agglomération,Hors intersection,Normale,Deux véhicules - côté,3,2,2,0,1,3,1,0,1,70,,2,1,1,0,0,18.0,29.0,,,3,1,1,1,3
202100003280,2021-12-13 23:40:00,2021,12,13,23,40,57,57169,Départementale 38K,48.73672,7.239561,Nuit sans éclairage public,Hors agglomération,Hors intersection,Brouillard / fumée,Autre collision,3,2,2,0,2,1,2,0,1,80,,1,0,0,0,1,55.0,,,,3,1,1,5,6
202100003281,2021-12-13 17:35:00,2021,12,13,17,35,56,56222,Petit Keribert,47.798642,-2.729319,Crépuscule ou aube,Hors agglomération,Hors intersection,Temps couvert,Trois véhicules et plus - en chaîne,3,2,2,0,1,1,1,0,1,80,,4,1,0,0,3,72.0,39.0,,,2,1,1,8,4
202100003282,2021-12-10 15:00:00,2021,12,10,15,0,79,79174,Route de Limoges (Melle),46.222781,-0.139271,Plein jour,En agglomération,Intersection en T,Normale,Deux véhicules - frontale,4,2,3,0,2,2,1,5,1,50,,2,1,0,0,1,54.0,55.0,,,1,2,3,1,1
202100003283,2021-12-14 12:09:00,2021,12,14,12,9,2A,2A006,Cardichioza,41.977235,8.779846,Plein jour,Hors agglomération,Hors intersection,Normale,Deux véhicules - côté,3,2,2,0,1,1,1,0,1,70,,3,2,0,1,0,17.0,25.0,,,1,1,1,1,3
202100003284,2021-12-14 17:50:00,2021,12,14,17,50,11,11304,Boulevard Charles de Gaulle,42.873892,2.18268,Nuit avec éclairage allumé,En agglomération,Hors intersection,Normale,Autre collision,3,2,2,0,1,1,1,0,1,50,,2,1,0,1,0,59.0,,,,5,2,1,1,6
202100003285,2021-12-13 15:25:00,2021,12,13,15,25,12,12264,D1088,44.416124,2.651779,Plein jour,Hors agglomération,Intersection en T,Normale,Deux véhicules - côté,3,2,2,0,1,2,1,5,8,80,,2,1,0,1,0,87.0,75.0,,,1,1,3,1,3
202100003286,2021-12-12 12:30:00,2021,12,12,12,30,44,44186,D95,47.093208,-1.796093,Plein jour,Hors agglomération,Hors intersection,Pluie légère,Deux véhicules - frontale,3,2,2,0,1,4,2,0,1,80,,5,3,0,1,1,44.0,39.0,,,1,1,1,2,1
202100003287,2021-12-14 11:30:00,2021,12,14,11,30,31,31232,Avenue Lazare Carnot,43.769413,1.295271,Plein jour,En agglomération,Hors intersection,Temps éblouissant,Autre collision,3,2,2,0,1,1,1,9,1,50,,2,1,1,0,0,24.0,,,,1,2,1,7,6
202100003288,2021-12-14 08:46:00,2021,12,14,8,46,02,02746,Départemental 1044,49.674748,3.349451,Plein jour,Hors agglomération,Autre intersection,Pluie légère,Deux véhicules - côté,3,2,2,0,1,2,2,5,1,80,,3,2,0,1,0,48.0,58.0,,,1,1,9,2,3
202100003289,2021-12-13 19:50:00,2021,12,13,19,50,03,03274,Hameau de Peublanc,46.367557,3.638813,Nuit sans éclairage public,Hors agglomération,Hors intersection,Brouillard / fumée,Autre collision,3,2,2,0,2,2,2,0,3,80,,3,0,0,1,2,31.0,,,,3,1,1,5,6
202100003290,2021-12-14 08:53:00,2021,12,14,8,53,01,01034,ZI de Coron,45.750771,5.707266,Plein jour,Hors agglomération,Intersection en T,Normale,Deux véhicules - côté,3,2,2,0,1,1,2,0,1,70,,2,0,0,0,2,63.0,73.0,,,1,1,3,1,3
202100003291,2021-12-12 09:00:00,2021,12,12,9,0,01,01268,Route du Bugey,45.635369,5.640423,Plein jour,Hors agglomération,Hors intersection,Normale,Autre collision,3,2,2,0,1,2,2,0,3,-1,,3,2,0,0,1,20.0,,,,1,1,1,1,6
202100003292,2021-12-13 13:45:00,2021,12,13,13,45,14,14654,Vallée Beslin (Ouville-la-Bien-Tournée),49.057543,-0.007778,Plein jour,Hors agglomération,Hors intersection,Normale,Autre collision,3,2,2,0,1,1,1,0,1,90,,1,0,0,1,0,36.0,,,,1,1,1,1,6
202100003293,2021-12-12 22:00:00,2021,12,12,22,0,50,50003,avenue du golf,49.05155,-1.600571,Nuit avec éclairage allumé,En agglomération,Hors intersection,Normale,Sans collision,3,2,2,0,1,1,1,0,1,50,,1,0,0,1,0,51.0,,,,5,2,1,1,7
202100003294,2021-12-14 18:30:00,2021,12,14,18,30,83,83039,D554,43.508674,6.018255,Nuit sans éclairage public,Hors agglomération,Hors intersection,Autre,Deux véhicules - frontale,3,2,2,0,1,2,9,0,1,-1,,2,1,0,0,1,52.0,49.0,,,3,1,1,9,1
202100003295,2021-12-11 19:30:00,2021,12,11,19,30,53,53094,D910,47.998557,-0.734582,Nuit avec éclairage allumé,Hors agglomération,Hors intersection,Pluie légère,Sans collision,3,2,2,0,2,2,2,0,4,50,,1,0,0,0,1,19.0,,,,5,1,1,2,7
202100003296,2021-12-14 18:35:00,2021,12,14,18,35,04,04164,RD 216,44.012417,5.815415,Nuit sans éclairage public,Hors agglomération,Hors intersection,Normale,Sans collision,3,2,2,0,1,1,1,0,3,80,,1,0,0,0,1,69.0,,,,3,1,1,1,7
202100003297,2021-12-14 08:00:00,2021,12,14,8,0,85,85073,La Frise,46.497883,-1.193937,Crépuscule ou aube,Hors agglomération,Intersection en X,Brouillard / fumée,Deux véhicules - frontale,3,2,2,0,1,1,1,0,1,70,,2,1,0,0,1,21.0,57.0,,,2,1,2,5,1
202100003298,2021-12-13 18:30:00,2021,12,13,18,30,17,17466,D109,46.197047,-0.964737,Nuit sans éclairage public,Hors agglomération,Hors intersection,Normale,Autre collision,3,2,2,0,2,1,1,0,1,80,,2,1,0,1,0,34.0,,,,3,1,1,1,6