accident_id,datetime,annee,mois,jour,heure,minute,departement,commune_insee,adresse,latitude,longitude,luminosite,agglomeration,intersection,meteo,collision,catr,circ,nbv,vosp,prof,plan,surf,infra,situ,vma,nb_vehicules,nb_usagers,nb_indemnes,nb_tues,nb_blesses_hosp,nb_blesses_legers,age_cond_1,age_cond_2,veh_type_cond_1,veh_type_cond_2,lum_code,agg_code,int_code,atm_code,col_code
202100003299,2021-12-14 07:45:00,2021,12,14,7,45,30,30037,Avenue Alphonse Peyric,44.288947,4.103412,Crépuscule ou aube,En agglomération,Hors intersection,Normale,Autre collision,3,1,2,0,1,1,1,0,1,70,,3,2,0,1,0,28.0,,,,2,2,1,1,6
202100003300,2021-12-14 17:00:00,2021,12,14,17,0,30,30281,D22,43.88314,4.194047,Crépuscule ou aube,Hors agglomération,Intersection en X,Normale,Deux véhicules - côté,3,2,2,0,1,1,1,5,1,80,,2,0,0,1,1,61.0,67.0,,,2,1,2,1,3
202100003301,2021-12-14 16:05:00,2021,12,14,16,5,68,68118,A35,47.738075,7.423134,Crépuscule ou aube,Hors agglomération,Hors intersection,Normale,Autre collision,1,3,4,0,1,1,1,0,2,130,,2,1,0,0,1,22.0,,,,2,1,1,1,6
202100003302,2021-12-13 17:30:00,2021,12,13,17,30,34,34202,Avenue de la Gare,43.583557,3.76068,Crépuscule ou aube,En agglomération,Hors intersection,Normale,Trois véhicules et plus - collisions multiples,7,1,1,0,2,1,1,0,8,30,,3,1,1,0,1,84.0,32.0,,,2,2,1,1,5
202100003303,2021-12-14 00:30:00,2021,12,14,0,30,987,98731,RT 420 - route HOATA/MEAU vers front de mer - Taiohae,-8.910787,-140.10434,Nuit avec éclairage allumé,En agglomération,Hors intersection,Normale,Deux véhicules - frontale,2,2,2,0,1,4,1,0,1,50,,2,0,1,1,0,33.0,,,,5,2,1,1,1
202100003304,2021-12-13 11:18:00,2021,12,13,11,18,971,97125,carrefour D116 / D102,16.267548,-61.320003,Plein jour,Hors agglomération,Intersection en X,Normale,Deux véhicules - côté,3,2,2,0,4,1,1,0,1,80,,5,0,0,1,4,39.0,27.0,,,1,1,2,1,3
202100003305,2021-12-13 10:30:00,2021,12,13,10,30,2B,2B148,D 10,42.5310221,9.4433071,Plein jour,Hors agglomération,Intersection en T,Normale,Deux véhicules - arrière,2,2,-1,-1,-1,-1,-1,-1,-1,-1,,3,1,0,0,2,27.0,,,,1,1,3,1,2
202100003306,2021-12-10 17:10:00,2021,12,10,17,10,67,67348,139 rue du général gouraud,48.463032,7.470629,Nuit avec éclairage allumé,En agglomération,Hors intersection,Normale,Autre collision,3,2,2,0,1,1,2,9,1,30,,2,1,0,1,0,48.0,,,,5,2,1,1,6
202100003307,2021-12-13 16:00:00,2021,12,13,16,0,73,73013,D110,45.22465,6.328672,Crépuscule ou aube,Hors agglomération,Hors intersection,Normale,Autre collision,3,2,2,0,2,1,1,0,1,80,,2,1,0,1,0,68.0,,,,2,1,1,1,6
202100003308,2021-12-13 11:45:00,2021,12,13,11,45,01,01064,D19 A,45.785879,5.453178,Plein jour,En agglomération,Hors intersection,Normale,Deux véhicules - côté,3,2,2,1,1,1,1,0,1,70,,2,1,0,1,0,11.0,74.0,,,1,2,1,1,3
202100003309,2021-12-14 07:45:00,2021,12,14,7,45,69,69255,CROZIER (DU) (RTE),45.7314477434,4.6515646577,Crépuscule ou aube,Hors agglomération,Autre intersection,Brouillard / fumée,Deux véhicules - côté,4,2,2,0,2,2,2,0,1,80,,2,1,0,1,0,19.0,17.0,,,2,1,9,5,3
202100003310,2021-12-14 07:32:00,2021,12,14,7,32,81,81105,RD83,43.743755,2.021613,Crépuscule ou aube,Hors agglomération,Hors intersection,Brouillard / fumée,Deux véhicules - frontale,3,2,2,0,1,1,2,0,1,80,,2,1,0,1,0,40.0,38.0,,,2,1,1,5,1
202100003311,2021-12-13 16:45:00,2021,12,13,16,45,40,40184,28 Rue du Théâtre,44.201397,-1.225818,Plein jour,En agglomération,Intersection en X,Temps éblouissant,Deux véhicules - côté,3,2,2,0,1,1,1,0,1,50,,2,1,0,0,1,15.0,56.0,,,1,2,2,7,3
202100003312,2021-12-08 13:20:00,2021,12,8,13,20,72,72167,Lieu Dit la Houssaye,47.785502,-0.268419,Plein jour,Hors agglomération,Hors intersection,Normale,Deux véhicules - frontale,3,2,2,0,1,1,1,0,1,90,,2,0,0,0,2,40.0,79.0,,,1,1,1,1,1
202100003313,2021-12-09 17:30:00,2021,12,9,17,30,22,22070,Place du Vally,48.559402,-3.149905,Nuit avec éclairage allumé,En agglomération,Place,Pluie légère,Autre collision,6,-1,0,0,1,1,2,0,1,50,,2,1,0,0,1,82.0,,,,5,2,7,2,6
202100003314,2021-12-11 13:00:00,2021,12,11,13,0,35,35240,rn 24 le rheu,48.101542,-1.753736,Plein jour,Hors agglomération,Intersection en T,Normale,Deux véhicules - arrière,2,3,4,0,1,1,2,5,1,70,,4,0,0,2,2,23.0,87.0,,,1,1,3,1,2
202100003315,2021-12-13 09:00:00,2021,12,13,9,0,35,35047,La Barre de Cicé,48.062077,-1.755195,Plein jour,Hors agglomération,Giratoire,Normale,Deux véhicules - côté,7,2,2,0,1,2,2,0,1,80,,2,1,0,1,0,84.0,56.0,,,1,1,6,1,3
202100003316,2021-12-14 15:50:00,2021,12,14,15,50,59,59466,D549,50.52475,3.121676,Crépuscule ou aube,Hors agglomération,Hors intersection,Normale,Deux véhicules - frontale,3,2,2,1,1,2,1,0,1,80,,2,1,0,0,1,44.0,55.0,,,2,1,1,1,1
202100003317,2021-12-06 13:30:00,2021,12,6,13,30,13,13071,A7-Sens Lyon vers Marseille,43.40766,5.2885,Plein jour,Hors agglomération,Hors intersection,Normale,Deux véhicules - arrière,1,1,3,0,1,1,1,0,1,90,,3,2,0,0,1,,54.0,,,1,1,1,1,2
202100003318,2021-12-12 03:50:00,2021,12,12,3,50,69,69259,LAURENT BONNEVAY (BD),45.7186049112,4.8722863197,Nuit avec éclairage allumé,Hors agglomération,Hors intersection,Normale,Deux véhicules - arrière,7,3,6,0,1,1,1,0,1,70,,3,1,0,0,2,19.0,30.0,,,5,1,1,1,2
202100003319,2021-12-11 02:10:00,2021,12,11,2,10,38,38544,A7,45.544,4.84204,Nuit sans éclairage public,Hors agglomération,Hors intersection,Normale,Autre collision,1,3,4,0,1,1,1,0,1,110,,3,2,1,0,0,,42.0,,,3,1,1,1,6
202100003320,2021-12-12 14:05:00,2021,12,12,14,5,78,78545,A12 W,48.820689,2.069055,Plein jour,Hors agglomération,Hors intersection,Pluie légère,Autre collision,1,3,5,0,1,1,2,0,1,110,,1,0,0,0,1,38.0,,,,1,1,1,2,6
202100003321,2021-12-12 18:45:00,2021,12,12,18,45,95,95277,A3,48.9763486804,2.4912571907,Nuit sans éclairage public,Hors agglomération,Hors intersection,Pluie légère,Deux véhicules - arrière,1,3,2,0,1,1,2,0,1,90,,2,1,0,0,1,48.0,61.0,,,3,1,1,2,2
202100003322,2021-12-11 20:30:00,2021,12,11,20,30,95,95572,RN 184,49.04859,2.1348,Nuit sans éclairage public,Hors agglomération,Hors intersection,Pluie légère,Autre collision,2,3,4,0,1,2,2,0,1,90,,3,0,0,0,3,41.0,,,,3,1,1,2,6
202100003323,2021-12-11 21:45:00,2021,12,11,21,45,92,92036,AUTOROUTE A15,48.9464707688,2.2824191861,Nuit sans éclairage public,Hors agglomération,Hors intersection,Normale,Trois véhicules et plus - collisions multiples,1,3,8,0,1,1,1,2,1,90,,6,4,0,0,2,,21.0,,,3,1,1,1,5
202100003324,2021-12-11 18:35:00,2021,12,11,18,35,92,92036,AUTOROUTE A86,48.9369901949,2.3179974325,Nuit sans éclairage public,Hors agglomération,Hors intersection,Normale,Trois véhicules et plus - collisions multiples,1,3,3,0,1,1,1,0,1,90,,3,2,0,0,1,75.0,26.0,,,3,1,1,1,5
202100003325,2021-12-12 17:30:00,2021,12,12,17,30,94,94073,A86 INT,48.7629219425,2.3812007904,Nuit avec éclairage allumé,Hors agglomération,Hors intersection,Pluie légère,Deux véhicules - arrière,1,-1,3,0,1,1,2,0,1,90,,3,1,0,0,2,50.0,31.0,,,5,1,1,2,2
202100003326,2021-12-12 03:00:00,2021,12,12,3,0,94,94073,A86 INT,48.76942,2.37949,Nuit sans éclairage public,Hors agglomération,Hors intersection,Pluie légère,Autre collision,1,1,3,0,1,2,2,9,1,70,,3,1,0,0,2,22.0,23.0,,,3,1,1,2,6
202100003327,2021-12-11 21:15:00,2021,12,11,21,15,94,94069,A4,48.81717,2.42354,Nuit avec éclairage allumé,Hors agglomération,Hors intersection,Normale,Trois véhicules et plus - en chaîne,1,3,10,0,1,1,1,0,1,90,,7,5,0,0,2,39.0,48.0,,,5,1,1,1,4
202100003328,2021-12-11 15:45:00,2021,12,11,15,45,94,94028,A86 INT,48.7987171914,2.4449998222,Plein jour,Hors agglomération,Hors intersection,Normale,Deux véhicules - côté,1,2,8,0,1,1,1,0,1,90,,2,1,0,0,1,27.0,31.0,,,1,1,1,1,3
202100003329,2021-12-11 07:30:00,2021,12,11,7,30,77,77438,A104,48.87503381,2.6692017377,Nuit sans éclairage public,Hors agglomération,Hors intersection,Autre,Sans collision,1,1,1,0,2,3,7,0,1,70,,1,0,0,0,1,43.0,,,,3,1,1,9,7
202100003330,2021-12-13 08:30:00,2021,12,13,8,30,38,38448,D37,45.439191,4.79748,Plein jour,En agglomération,Hors intersection,Normale,Deux véhicules - frontale,3,2,2,0,2,3,1,0,1,50,,2,0,0,0,2,41.0,53.0,,,1,2,1,1,1
202100003331,2021-12-11 09:56:00,2021,12,11,9,56,46,46137,lieu dit langlade,44.38466,1.393826,Plein jour,Hors agglomération,Hors intersection,Normale,Autre collision,3,2,2,0,3,2,2,0,8,80,,2,0,0,0,2,36.0,,,,1,1,1,1,6
202100003332,2021-12-12 21:25:00,2021,12,12,21,25,52,52189,A31 - PK 84+550 - SENS DIJON NANCY,47.6601269757,5.175075531,Nuit sans éclairage public,Hors agglomération,Hors intersection,Brouillard / fumée,Autre collision,1,3,5,0,1,1,2,0,1,130,,3,0,1,0,2,54.0,33.0,,,3,1,1,5,6
202100003333,2021-12-12 10:20:00,2021,12,12,10,20,64,64382,Route d Aulet,43.49971,-0.649652,Plein jour,Hors agglomération,Hors intersection,Normale,Sans collision,4,2,2,0,1,3,2,0,1,80,,1,0,0,0,1,51.0,,,,1,1,1,1,7
202100003334,2021-12-13 08:16:00,2021,12,13,8,16,29,29055,Route de Lannilis,48.563786,-4.338226,Plein jour,En agglomération,Intersection en X,Normale,Deux véhicules - côté,4,2,2,0,1,1,1,0,1,50,,2,1,0,1,0,80.0,49.0,,,1,2,2,1,3
202100003335,2021-12-12 21:06:00,2021,12,12,21,6,19,19147,Echangeur A20 NESPOULS (Embranchement d'autoroute),45.064591,1.506307,Nuit sans éclairage public,Hors agglomération,Autre intersection,Normale,Deux véhicules - côté,1,3,4,0,2,1,2,3,1,130,,4,0,4,0,0,59.0,57.0,,,3,1,9,1,3
202100003336,2021-12-10 14:15:00,2021,12,10,14,15,19,19141,Veyrières,45.6555080209,2.468919754,Plein jour,Hors agglomération,Hors intersection,Neige / grêle,Autre collision,3,2,2,0,2,1,5,0,3,90,,3,2,0,0,1,27.0,,,,1,1,1,4,6
202100003337,2021-12-08 05:10:00,2021,12,8,5,10,56,56185,Lieu-Dit la Trinité,47.786291,-3.433372,Nuit sans éclairage public,Hors agglomération,Hors intersection,Neige / grêle,Autre collision,4,2,2,0,1,1,7,0,3,50,,1,0,0,1,0,44.0,,,,3,1,1,4,6
202100003338,2021-12-10 12:29:00,2021,12,10,12,29,74,74167,RD 1508,45.764514,6.348971,Plein jour,Hors agglomération,Hors intersection,Neige / grêle,Trois véhicules et plus - en chaîne,3,2,2,0,1,1,5,0,1,80,,3,2,0,1,0,54.0,55.0,,,1,1,1,4,4
202100003339,2021-12-13 12:35:00,2021,12,13,12,35,67,67070,D96,48.899061,7.125385,Plein jour,Hors agglomération,Hors intersection,Brouillard / fumée,Autre collision,3,2,2,0,1,1,2,0,3,80,,1,0,0,1,0,53.0,,,,1,1,1,5,6
202100003340,2021-12-12 21:42:00,2021,12,12,21,42,76,76752,D142,49.660658,0.899427,Nuit sans éclairage public,Hors agglomération,Hors intersection,Normale,Sans collision,3,2,2,0,1,2,1,0,3,80,,1,0,0,1,0,70.0,,,,3,1,1,1,7
202100003341,2021-12-11 16:15:00,2021,12,11,16,15,79,79100,Route de Courpenté,46.335127,-0.59113,Plein jour,Hors agglomération,Hors intersection,Normale,Deux véhicules - frontale,4,2,2,0,1,1,1,0,1,-1,,2,1,0,1,0,33.0,45.0,,,1,1,1,1,1
202100003342,2021-12-12 00:15:00,2021,12,12,0,15,82,82082,D19,44.27336,1.790729,Nuit sans éclairage public,En agglomération,Hors intersection,Normale,Sans collision,3,2,2,0,1,1,1,0,3,80,,1,0,0,1,0,46.0,,,,3,2,1,1,7
202100003343,2021-12-12 22:15:00,2021,12,12,22,15,65,65360,17 Route de Lourdes,43.104053,-0.114081,Nuit avec éclairage allumé,En agglomération,Hors intersection,Normale,Autre collision,3,2,2,0,1,1,2,0,3,50,,2,1,1,0,0,53.0,,,,5,2,1,1,6
202100003344,2021-12-10 18:10:00,2021,12,10,18,10,32,32016,CD 257,43.562987,1.083173,Nuit sans éclairage public,Hors agglomération,Hors intersection,Pluie forte,Autre collision,3,2,2,0,1,1,2,0,1,80,,1,0,0,1,0,67.0,,,,3,1,1,3,6
202100003345,2021-12-12 18:55:00,2021,12,12,18,55,12,12130,route départementale 840 PENCHOT,44.582586,2.198725,Nuit sans éclairage public,Hors agglomération,Hors intersection,Normale,Deux véhicules - frontale,3,2,2,0,1,2,2,0,1,70,,4,2,0,1,1,53.0,19.0,,,3,1,1,1,1
202100003346,2021-12-12 13:00:00,2021,12,12,13,0,42,42239,Route de Saint Polgues,45.9708809025,3.9703202248,Plein jour,Hors agglomération,Hors intersection,Normale,Autre collision,3,2,2,0,1,1,1,0,3,80,,1,0,0,1,0,67.0,,,,1,1,1,1,6
202100003347,2021-12-11 10:20:00,2021,12,11,10,20,86,86225,D18,46.822668,0.058848,Plein jour,Hors agglomération,Intersection en X,Normale,Deux véhicules - côté,3,2,2,0,1,1,1,5,1,80,,2,1,0,1,0,20.0,80.0,,,1,1,2,1,3
202100003348,2021-12-11 18:30:00,2021,12,11,18,30,86,86139,D611,46.431281,0.103062,Nuit sans éclairage public,Hors agglomération,Hors intersection,Pluie légère,Deux véhicules - frontale,3,2,2,0,1,1,2,0,1,90,,2,0,0,2,0,50.0,26.0,,,3,1,1,2,1
202100003349,2021-12-13 13:30:00,2021,12,13,13,30,29,29293,D177 - Kerbisquet,47.838024,-3.820109,Plein jour,Hors agglomération,Hors intersection,Normale,Autre collision,3,2,2,0,1,1,2,0,3,80,,1,0,0,1,0,71.0,,,,1,1,1,1,6
202100003350,2021-12-13 15:55:00,2021,12,13,15,55,29,29220,Route de Saint Jean Trolimon,47.864716,-4.235246,Plein jour,En agglomération,Hors intersection,Normale,Autre collision,6,-1,-1,0,1,1,1,9,8,-1,,2,1,0,0,1,56.0,,,,1,2,1,1,6
202100003351,2021-12-13 17:05:00,2021,12,13,17,5,02,02294,N2,49.516722,3.582734,Crépuscule ou aube,Hors agglomération,Hors intersection,Normale,Sans collision,2,3,4,0,1,2,2,5,8,90,,1,0,0,1,0,71.0,,,,2,1,1,1,7
202100003352,2021-12-07 10:05:00,2021,12,7,10,5,58,58031,D978,47.010138,3.483835,Plein jour,Hors agglomération,Hors intersection,Normale,Deux véhicules - frontale,3,2,2,0,1,1,1,0,1,80,,5,3,0,0,2,80.0,48.0,,,1,1,1,1,1
202100003353,2021-12-13 10:30:00,2021,12,13,10,30,83,83149,RD557 PK9,43.578137,6.28257,Plein jour,En agglomération,Intersection en T,Normale,Deux véhicules - frontale,3,2,1,0,2,1,1,0,1,50,,2,1,0,1,0,24.0,22.0,,,1,2,3,1,1
202100003354,2021-12-12 11:30:00,2021,12,12,11,30,60,60612,D1330,49.211374,2.607193,Plein jour,Hors agglomération,Hors intersection,Normale,Deux véhicules - frontale,3,2,3,0,1,1,2,3,1,80,,2,1,0,0,1,40.0,49.0,,,1,1,1,1,1
202100003355,2021-12-12 10:39:00,2021,12,12,10,39,64,64213,RD918,43.339391,-1.45299,Plein jour,En agglomération,Intersection en X,Temps éblouissant,Deux véhicules - côté,3,2,2,0,1,1,2,0,5,50,,2,1,0,1,0,64.0,33.0,,,1,2,2,7,3
202100003356,2021-12-13 16:30:00,2021,12,13,16,30,73,73100,D1006,45.5244645285,5.6955265402,Plein jour,Hors agglomération,Passage à niveau,Temps éblouissant,Deux véhicules - côté,3,2,2,0,1,2,2,4,8,70,,2,1,0,0,1,79.0,45.0,,,1,1,8,7,3
202100003357,2021-12-11 13:00:00,2021,12,11,13,0,40,40226,2135 Route de Puyol,43.591306,-0.393732,Plein jour,Hors agglomération,Hors intersection,Normale,Deux véhicules - frontale,3,2,2,0,3,2,2,0,1,80,,2,1,0,1,0,71.0,48.0,,,1,1,1,1,1
202100003358,2021-12-12 21:45:00,2021,12,12,21,45,24,24586,Les Bourdalais Sud,45.270877,0.342491,Nuit sans éclairage public,Hors agglomération,Hors intersection,Normale,Deux véhicules - frontale,3,2,2,0,2,2,2,0,1,70,,2,1,0,0,1,48.0,33.0,,,3,1,1,1,1
202100003359,2021-12-13 13:15:00,2021,12,13,13,15,85,85089,Rue du Plessis Bergeret,46.706793,-1.321117,Plein jour,Hors agglomération,Intersection en X,Normale,Deux véhicules - côté,3,2,2,0,1,1,1,0,1,80,,2,1,0,1,0,28.0,44.0,,,1,1,2,1,3
202100003360,2021-12-13 09:45:00,2021,12,13,9,45,27,27138,D49,48.996603,0.560458,Plein jour,Hors agglomération,Hors intersection,Temps couvert,Autre collision,3,2,2,0,1,1,2,0,8,70,,2,1,0,1,0,20.0,,,,1,1,1,8,6
202100003361,2021-12-12 13:35:00,2021,12,12,13,35,28,28137,D32,48.560733,1.748285,Plein jour,Hors agglomération,Hors intersection,Temps couvert,Sans collision,3,2,2,0,1,1,2,0,3,80,,1,0,0,1,0,23.0,,,,1,1,1,8,7
202100003362,2021-12-11 17:45:00,2021,12,11,17,45,17,17339,D148,45.462366,-0.443283,Nuit sans éclairage public,Hors agglomération,Intersection en T,Normale,Deux véhicules - frontale,3,2,2,0,1,1,1,5,1,70,,2,1,0,1,0,70.0,17.0,,,3,1,3,1,1
202100003363,2021-12-13 07:00:00,2021,12,13,7,0,17,17197,le maine / RD28,45.428019,-0.440505,Nuit sans éclairage public,Hors agglomération,Intersection en X,Normale,Deux véhicules - côté,3,2,2,0,3,1,1,5,1,80,,5,1,0,1,3,39.0,64.0,,,3,1,2,1,3
202100003364,2021-12-13 02:17:00,2021,12,13,2,17,68,68066,A 35 PK 68.719,48.055652,7.375796,Nuit sans éclairage public,Hors agglomération,Hors intersection,Normale,Deux véhicules - arrière,1,3,4,0,1,1,1,0,1,130,,5,1,1,3,0,47.0,20.0,,,3,1,1,1,2
202100003365,2021-12-06 13:45:00,2021,12,6,13,45,77,77103,RD 408 pk 12+600 sens Nangis,48.543376,2.801256,Plein jour,Hors agglomération,Hors intersection,Normale,Deux véhicules - côté,3,2,2,0,1,1,1,0,1,90,,2,1,0,0,1,58.0,30.0,,,1,1,1,1,3
202100003366,2021-12-12 16:35:00,2021,12,12,16,35,67,67033,Autoroute A4,48.749639,7.682818,Plein jour,Hors agglomération,Hors intersection,Normale,Trois véhicules et plus - en chaîne,1,3,4,0,1,1,1,0,1,130,,6,4,0,0,2,31.0,46.0,,,1,1,1,1,4
202100003367,2021-12-13 08:00:00,2021,12,13,8,0,77,77435,"Autoroute A6, PK 041.800 dans le sens PARIS vers LYON",48.495336,2.512608,Nuit sans éclairage public,Hors agglomération,Hors intersection,Pluie légère,Autre collision,1,3,5,0,1,1,2,0,1,130,,5,2,1,0,2,58.0,78.0,,,3,1,1,2,6
202100003368,2021-12-12 18:55:00,2021,12,12,18,55,971,97128,Route de Gentilly,16.274634,-61.368417,Nuit avec éclairage allumé,Hors agglomération,Intersection en X,Normale,Deux véhicules - côté,4,2,2,0,1,1,1,0,1,80,,2,1,0,1,0,21.0,55.0,,,5,1,2,1,3
202100003369,2021-12-12 19:45:00,2021,12,12,19,45,37,37210,la route,47.20031256,0.3199191391,Nuit sans éclairage public,Hors agglomération,Intersection en X,Normale,Autre collision,3,2,2,0,4,1,1,5,3,90,,1,0,0,1,0,40.0,,,,3,1,2,1,6
202100003370,2021-12-13 14:15:00,2021,12,13,14,15,95,95054,RD 43,49.151051,1.884716,Plein jour,Hors agglomération,Hors intersection,Temps couvert,Autre collision,3,2,2,0,1,1,1,0,3,80,,1,0,0,1,0,50.0,,,,1,1,1,8,6
202100003371,2021-12-13 10:05:00,2021,12,13,10,5,78,78030,D906,48.658045,1.90218,Plein jour,Hors agglomération,Hors intersection,Autre,Deux véhicules - frontale,3,2,2,1,1,3,2,0,1,80,,2,1,1,0,0,25.0,43.0,,,1,1,1,9,1
202100003372,2021-12-12 22:10:00,2021,12,12,22,10,11,11356,D6113,43.295223,2.01178,Nuit sans éclairage public,Hors agglomération,Hors intersection,Normale,Autre collision,3,2,3,0,1,1,1,0,1,80,,2,0,0,0,2,50.0,,,,3,1,1,1,6
202100003373,2021-12-13 07:57:00,2021,12,13,7,57,11,11190,departementale 610,43.243733,2.662189,Crépuscule ou aube,Hors agglomération,Intersection en X,Brouillard / fumée,Deux véhicules - côté,3,2,3,0,1,1,1,5,1,80,,2,1,0,1,0,32.0,51.0,,,2,1,2,5,3
202100003374,2021-12-09 23:20:00,2021,12,9,23,20,34,34327,d68,43.668865,3.963833,Nuit sans éclairage public,Hors agglomération,Hors intersection,Normale,Deux véhicules - frontale,7,2,2,0,1,3,1,0,1,90,,2,0,0,2,0,40.0,19.0,,,3,1,1,1,1
202100003375,2021-12-12 19:00:00,2021,12,12,19,0,84,84119,Route du Puy,43.955282,4.931139,Nuit sans éclairage public,En agglomération,Hors intersection,Normale,Deux véhicules - côté,4,2,2,0,2,3,1,0,1,-1,,2,1,0,0,1,16.0,,,,3,2,1,1,3
202100003376,2021-12-13 08:07:00,2021,12,13,8,7,13,13085,D559a,43.241592,5.594026,Plein jour,Hors agglomération,Hors intersection,Normale,Deux véhicules - frontale,7,2,2,0,2,4,2,0,1,90,,2,0,1,0,1,25.0,57.0,,,1,1,1,1,1
202100003377,2021-12-09 15:15:00,2021,12,9,15,15,52,52269,Rue du Grand Bie,47.861896,5.333085,Plein jour,En agglomération,Intersection en X,Pluie légère,Deux véhicules - côté,4,1,2,0,1,1,2,0,8,30,,2,1,0,1,0,47.0,32.0,,,1,2,2,2,3
202100003378,2021-12-13 11:45:00,2021,12,13,11,45,87,87042,Pont,45.940668,1.507219,Plein jour,Hors agglomération,Hors intersection,Normale,Sans collision,3,2,2,0,4,1,2,2,8,70,,1,0,1,0,0,74.0,,,,1,1,1,1,7
202100003379,2021-12-13 09:15:00,2021,12,13,9,15,27,27348,CD6015,49.310407,1.157942,Plein jour,Hors agglomération,Hors intersection,Normale,Deux véhicules - côté,3,2,2,1,1,1,1,0,1,50,,2,1,0,1,0,51.0,30.0,,,1,1,1,1,3
202100003380,2021-12-13 19:55:00,2021,12,13,19,55,80,80646,A1,49.791945,2.803895,Crépuscule ou aube,Hors agglomération,Hors intersection,Normale,Deux véhicules - arrière,1,3,3,3,1,1,1,0,1,130,,3,2,0,0,1,69.0,64.0,,,2,1,1,1,2
202100003381,2021-12-12 17:00:00,2021,12,12,17,0,80,80430,Autoroute A1,49.928002,2.851628,Crépuscule ou aube,Hors agglomération,Hors intersection,Temps couvert,Sans collision,1,1,3,3,1,1,1,0,3,130,,1,0,0,0,1,51.0,,,,2,1,1,8,7
202100003382,2021-08-20 15:55:00,2021,8,20,15,55,38,38006,place de verdun,45.393975,6.074519,Plein jour,En agglomération,Autre intersection,Normale,Autre collision,3,2,2,0,1,2,1,0,1,50,,2,1,0,1,0,84.0,,,,1,2,9,1,6
202100003383,2021-08-26 22:45:00,2021,8,26,22,45,73,73008,D991 Route de Saint-Innocent,45.70895,5.89376,Nuit avec éclairage allumé,En agglomération,Hors intersection,Normale,Autre collision,3,2,2,0,1,1,1,0,4,50,,2,0,0,1,1,16.0,,,,5,2,1,1,6
202100003384,2021-08-28 18:40:00,2021,8,28,18,40,73,73065,D10 Avenue des Landiers,45.588194,5.906048,Plein jour,Hors agglomération,Hors intersection,Normale,Deux véhicules - côté,3,2,2,2,1,4,1,-1,1,50,,2,1,0,0,1,19.0,,,,1,1,1,1,3
202100003385,2021-12-11 22:15:00,2021,12,11,22,15,974,97407,OWENS JAMES,-20.93583,55.3268,Nuit sans éclairage public,En agglomération,Hors intersection,Normale,Autre collision,4,2,1,0,1,1,1,0,1,70,,2,1,0,1,0,22.0,,,,3,2,1,1,6
202100003386,2021-12-11 21:20:00,2021,12,11,21,20,988,98818,RUE JEAN FABRE,-22.22752,166.46458,Nuit avec éclairage allumé,En agglomération,Hors intersection,Normale,Autre collision,4,2,2,0,2,2,1,0,4,50,,1,0,0,1,0,24.0,,,,5,2,1,1,6
202100003387,2021-12-11 19:00:00,2021,12,11,19,0,976,97611,kaweni-GEOLE (la),-12.76678,45.22481,Nuit sans éclairage public,En agglomération,Hors intersection,Normale,Trois véhicules et plus - collisions multiples,2,2,2,0,1,1,1,0,1,50,,3,2,0,0,1,42.0,69.0,,,3,2,1,1,5
202100003388,2021-12-12 02:30:00,2021,12,12,2,30,974,97411,JAURES (BOULEVARD JEAN),-20.90258,55.50134,Nuit avec éclairage allumé,En agglomération,Hors intersection,Normale,Autre collision,2,1,4,0,2,2,1,0,4,70,,2,0,0,1,1,22.0,,,,5,2,1,1,6
202100003389,2021-12-11 21:44:00,2021,12,11,21,44,974,97411,RUISSEAU DES NOIRS (RUE),-20.8923600296,55.4527372607,Nuit avec éclairage allumé,En agglomération,Intersection en T,Normale,Deux véhicules - côté,4,2,2,0,2,1,1,0,1,50,,3,2,0,0,1,42.0,20.0,,,5,2,3,1,3
202100003390,2021-12-11 05:45:00,2021,12,11,5,45,974,97407,POLITZER(AVENUE),-20.94651,55.29326,Crépuscule ou aube,En agglomération,Hors intersection,Normale,Sans collision,4,1,1,1,1,1,1,0,3,50,,1,0,0,0,1,45.0,,,,2,2,1,1,7
202100003391,2021-12-11 10:17:00,2021,12,11,10,17,973,97302,PREVOT (ERNEST),4.93401,-52.33303,Plein jour,En agglomération,Intersection en X,Normale,Deux véhicules - côté,4,1,2,0,1,1,1,0,1,50,,2,1,0,0,1,20.0,22.0,,,1,2,2,1,3
202100003392,2021-12-11 06:42:00,2021,12,11,6,42,973,97302,FELIX EBOUE(ROCADE),4.92913,-52.31584,Plein jour,En agglomération,Hors intersection,Normale,Autre collision,3,2,2,0,1,1,2,0,1,50,,2,1,0,0,1,35.0,,,,1,2,1,1,6
202100003393,2021-12-11 09:55:00,2021,12,11,9,55,972,97213,ROUTE NATIONALE 1,14.634039,-60.977634,Plein jour,Hors agglomération,Hors intersection,Normale,Deux véhicules - côté,2,1,2,0,1,1,1,5,8,90,,2,1,0,0,1,63.0,57.0,,,1,1,1,1,3