accident_id,datetime,annee,mois,jour,heure,minute,departement,commune_insee,adresse,latitude,longitude,luminosite,agglomeration,intersection,meteo,collision,catr,circ,nbv,vosp,prof,plan,surf,infra,situ,vma,nb_vehicules,nb_usagers,nb_indemnes,nb_tues,nb_blesses_hosp,nb_blesses_legers,age_cond_1,age_cond_2,veh_type_cond_1,veh_type_cond_2,lum_code,agg_code,int_code,atm_code,col_code
202100003394,2021-12-10 20:00:00,2021,12,10,20,0,972,97213,AUTOROUTE A1,14.61814,-61.0334,Nuit avec éclairage allumé,En agglomération,Hors intersection,Normale,Trois véhicules et plus - en chaîne,1,2,6,0,1,1,1,0,1,90,,7,6,0,0,1,41.0,44.0,,,5,2,1,1,4
202100003395,2021-12-11 07:25:00,2021,12,11,7,25,972,97209,PAUL NARDAL (AVENUE),14.60816,-61.07247,Plein jour,En agglomération,Hors intersection,Normale,Deux véhicules - arrière,4,1,2,0,1,1,1,0,1,30,,2,1,0,0,1,21.0,47.0,,,1,2,1,1,2
202100003396,2021-12-11 20:10:00,2021,12,11,20,10,69,69389,CHAMPAGNE (DE) (AV),45.7898485601,4.7976136208,Nuit avec éclairage allumé,En agglomération,Intersection en X,Normale,Autre collision,4,2,2,2,1,1,1,0,1,50,,1,0,0,1,0,37.0,,,,5,2,2,1,6
202100003397,2021-12-11 18:30:00,2021,12,11,18,30,2B,2B033,NOVELTY - CARREFOUR,42.7022,9.45111,Nuit avec éclairage allumé,En agglomération,Giratoire,Normale,Autre collision,4,1,1,0,1,1,1,9,1,50,,3,1,0,0,2,68.0,,,,5,2,6,1,6
202100003398,2021-12-11 15:40:00,2021,12,11,15,40,95,95427,EPINAY (RUE D'),48.9640446277,2.3357266188,Plein jour,En agglomération,Hors intersection,Temps couvert,Deux véhicules - côté,3,2,2,0,1,1,1,0,1,50,,2,1,0,0,1,44.0,34.0,,,1,2,1,8,3
202100003399,2021-12-11 03:35:00,2021,12,11,3,35,91,91114,RTE NATIONALE 6,48.681507,2.492414,Nuit avec éclairage allumé,En agglomération,Hors intersection,Normale,Trois véhicules et plus - en chaîne,2,3,4,0,1,1,1,0,1,50,,6,4,0,0,2,24.0,35.0,,,5,2,1,1,4
202100003400,2021-12-11 20:15:00,2021,12,11,20,15,91,91027,RTE NATIONALE 7,48.71608,2.37141,Nuit avec éclairage allumé,En agglomération,Intersection à plus de 4 branches,Normale,Deux véhicules - arrière,3,3,4,0,1,1,1,5,1,50,,3,2,0,0,1,40.0,57.0,,,5,2,5,1,2
202100003401,2021-12-11 07:45:00,2021,12,11,7,45,91,91469,D721,48.39992,2.17463,Nuit sans éclairage public,Hors agglomération,Hors intersection,Normale,Sans collision,3,2,2,0,2,1,7,0,1,70,,1,0,0,0,1,20.0,,,,3,1,1,1,7
202100003402,2021-12-11 03:00:00,2021,12,11,3,0,81,81065,SICARD (BD.DES DOCTEURS),43.60758,2.24229,Nuit avec éclairage allumé,En agglomération,Hors intersection,Normale,Deux véhicules - frontale,3,1,2,0,1,1,2,0,1,50,,3,1,0,0,2,32.0,34.0,,,5,2,1,1,1
202100003403,2021-12-10 17:40:00,2021,12,10,17,40,77,77506,D148,48.2937632561,2.8463109164,Nuit sans éclairage public,Hors agglomération,Hors intersection,Pluie légère,Deux véhicules - frontale,3,2,2,0,1,1,2,0,1,90,,2,0,0,1,1,48.0,48.0,,,3,1,1,2,1
202100003404,2021-12-12 00:50:00,2021,12,12,0,50,76,76391,CD 132,49.30827,0.97978,Nuit sans éclairage public,Hors agglomération,Hors intersection,Pluie légère,Sans collision,7,2,1,0,2,2,2,0,3,700,,1,0,0,0,1,23.0,,,,3,1,1,2,7
202100003405,2021-12-10 18:20:00,2021,12,10,18,20,71,71153,MITTERRAND (AVENUE FRANCOIS),46.80629,4.42967,Nuit avec éclairage allumé,En agglomération,Hors intersection,Pluie légère,Autre collision,4,2,2,0,1,1,2,6,1,30,,2,1,0,0,1,56.0,,,,5,2,1,2,6
202100003406,2021-12-12 00:00:00,2021,12,12,0,0,69,69266,KRUGER (AV),45.7558,4.894,Nuit avec éclairage non allumé,En agglomération,Hors intersection,Normale,Autre collision,4,2,2,0,1,2,1,0,6,50,,2,1,0,0,1,,,,,4,2,1,1,6
202100003407,2021-12-11 18:20:00,2021,12,11,18,20,64,64445,Boulevard d’Alsace Lorraine,43.30485,-0.37053,Nuit avec éclairage allumé,En agglomération,Hors intersection,Normale,Autre collision,4,2,2,0,1,1,1,0,1,30,,2,1,0,0,1,44.0,,,,5,2,1,1,6
202100003408,2021-12-11 18:15:00,2021,12,11,18,15,59,59421,MIRABEAU (RUE),50.7050013892,3.1311298836,Nuit avec éclairage allumé,En agglomération,Hors intersection,Normale,Deux véhicules - arrière,7,2,2,0,1,1,2,0,1,50,,3,1,0,0,2,19.0,29.0,,,5,2,1,1,2
202100003409,2021-12-07 12:40:00,2021,12,7,12,40,56,56260,KERVILER(AVENUE RENE DE),47.6421,-2.7552,Plein jour,En agglomération,Intersection en X,Pluie légère,Deux véhicules - côté,4,2,2,0,2,2,2,0,1,50,,2,1,0,0,1,37.0,41.0,,,1,2,2,2,3
202100003410,2021-12-11 11:45:00,2021,12,11,11,45,51,51454,Rue Lanson,49.24563,4.05774,Plein jour,En agglomération,Hors intersection,Normale,Deux véhicules - arrière,4,2,2,0,1,1,1,0,1,50,,2,1,0,0,1,44.0,53.0,,,1,2,1,1,2
202100003411,2021-12-08 19:35:00,2021,12,8,19,35,50,50173,SALINE (BOULEVARD DE LA),49.65396,-1.64918,Nuit avec éclairage non allumé,En agglomération,Intersection en X,Normale,Autre collision,3,3,4,0,1,1,1,0,1,70,,2,1,0,0,1,57.0,,,,4,2,2,1,6
202100003412,2021-12-11 18:30:00,2021,12,11,18,30,44,44109,ROUTE DE SAINT JOSEPH,47.25603,-1.52967,Nuit avec éclairage allumé,En agglomération,Hors intersection,Pluie légère,Autre collision,4,3,3,3,1,1,2,0,1,50,,2,1,0,0,1,25.0,,,,5,2,1,2,6
202100003413,2021-12-10 15:20:00,2021,12,10,15,20,41,41018,ROBERT NAU (ROND POINT),47.615,1.33638,Plein jour,En agglomération,Intersection en X,Normale,Deux véhicules - côté,4,2,2,0,1,1,2,0,1,50,,3,2,0,0,1,55.0,35.0,,,1,2,2,1,3
202100003414,2021-12-11 21:20:00,2021,12,11,21,20,38,38151,RN87,45.15296,5.71687,Nuit sans éclairage public,Hors agglomération,Hors intersection,Pluie légère,Trois véhicules et plus - collisions multiples,2,3,4,0,1,1,2,0,1,90,,7,4,0,0,3,21.0,20.0,,,3,1,1,2,5
202100003415,2021-12-11 20:33:00,2021,12,11,20,33,35,35238,RN136,48.08098,-1.66741,Nuit sans éclairage public,Hors agglomération,Hors intersection,Pluie légère,Deux véhicules - arrière,2,3,4,0,1,1,2,0,1,90,,2,1,0,0,1,,24.0,,,3,1,1,2,2
202100003416,2021-12-11 19:50:00,2021,12,11,19,50,35,35238,VERN (DE),48.10129,-1.65942,Nuit avec éclairage allumé,En agglomération,Hors intersection,Pluie légère,Autre collision,4,2,4,2,1,1,2,0,1,50,,2,1,0,1,0,,,,,5,2,1,2,6
202100003417,2021-12-11 04:00:00,2021,12,11,4,0,29,29232,Rue Etienne Gourmelen,47.998149,-4.090605,Nuit sans éclairage public,En agglomération,Autre intersection,Pluie légère,Autre collision,4,2,2,0,2,1,2,5,1,30,,1,0,0,0,1,53.0,,,,3,2,9,2,6
202100003418,2021-12-10 18:40:00,2021,12,10,18,40,29,29039,D783,47.881321,-3.909763,Nuit sans éclairage public,En agglomération,Hors intersection,Temps couvert,Deux véhicules - arrière,3,2,2,0,1,1,2,0,1,70,,2,1,0,0,1,40.0,55.0,,,3,2,1,8,2
202100003419,2021-12-10 18:10:00,2021,12,10,18,10,29,29039,D783 - Pont du Moros,47.8787299999,-3.90314,Nuit avec éclairage allumé,Hors agglomération,Intersection en T,Normale,Deux véhicules - arrière,3,2,3,0,1,1,2,0,1,70,,3,2,0,0,1,82.0,20.0,,,5,1,3,1,2
202100003420,2021-12-11 06:55:00,2021,12,11,6,55,27,27681,RELIGIEUSES (CHEMIN),49.0753064878,1.4664274877,Nuit sans éclairage public,Hors agglomération,Hors intersection,Normale,Autre collision,4,2,2,0,1,1,1,0,1,70,,1,0,0,0,1,26.0,,,,3,1,1,1,6
202100003421,2021-12-11 16:00:00,2021,12,11,16,0,24,24037,VALETTE (RUE),44.85719,0.47436,Plein jour,En agglomération,Hors intersection,Normale,Deux véhicules - côté,3,2,2,0,1,1,1,0,1,30,,2,1,0,0,1,64.0,15.0,,,1,2,1,1,3
202100003422,2021-12-10 20:15:00,2021,12,10,20,15,22,22106,RN12,48.499643,-2.726109,Nuit avec éclairage allumé,Hors agglomération,Intersection en Y,Normale,Deux véhicules - côté,2,1,3,0,1,1,1,0,1,90,,2,1,0,0,1,52.0,23.0,,,5,1,4,1,3
202100003423,2021-12-10 10:42:00,2021,12,10,10,42,22,22113,TREGUIER (RUE DE),48.7332212668,-3.4517498015,Plein jour,En agglomération,Hors intersection,Normale,Deux véhicules - arrière,4,2,1,0,1,1,2,0,1,30,,2,1,0,0,1,51.0,34.0,,,1,2,1,1,2
202100003424,2021-12-10 11:56:00,2021,12,10,11,56,22,22113,TREGUIER (ROUTE DE),48.73487,-3.43943,Plein jour,En agglomération,Hors intersection,Normale,Autre collision,6,-1,-1,0,1,1,1,0,1,30,,2,1,0,1,0,69.0,,,,1,2,1,1,6
202100003425,2021-12-11 16:56:00,2021,12,11,16,56,13,13211,ALLAUCH A AUBAGNE (ROUTE D'),43.3079539252,5.500328446,Plein jour,En agglomération,Hors intersection,Normale,Deux véhicules - côté,4,2,2,0,1,1,1,0,1,50,,2,1,0,0,1,48.0,31.0,,,1,2,1,1,3
202100003426,2021-12-11 17:40:00,2021,12,11,17,40,13,13214,ARNAVAUX (AVENUE DES),43.33258,5.38061,Nuit avec éclairage non allumé,En agglomération,Hors intersection,Normale,Deux véhicules - frontale,4,2,2,0,1,1,1,0,1,50,,3,0,0,2,1,31.0,38.0,,,4,2,1,1,1
202100003427,2021-12-11 14:00:00,2021,12,11,14,0,13,13212,POILUS (AVENUE DES),43.317,5.46,Plein jour,En agglomération,Hors intersection,Normale,Trois véhicules et plus - collisions multiples,7,2,2,0,1,1,1,0,1,50,,7,2,0,0,5,68.0,26.0,,,1,2,1,1,5
202100003428,2021-12-11 13:15:00,2021,12,11,13,15,13,13214,DANIEL CASANOVA (BOULEVARD),43.32452,5.37388,Plein jour,En agglomération,Hors intersection,Normale,Deux véhicules - frontale,4,2,0,0,1,1,1,0,1,50,,2,1,0,0,1,27.0,,,,1,2,1,1,1
202100003429,2021-12-06 16:00:00,2021,12,6,16,0,13,13004,AV DE JEREZ,43.66581,4.63495,Plein jour,En agglomération,Giratoire,Normale,Deux véhicules - frontale,4,2,1,0,1,3,1,9,1,50,,2,1,0,1,0,66.0,,,,1,2,6,1,1
202100003430,2021-12-11 01:00:00,2021,12,11,1,0,75,75116,BOULEVARD PERIPHERIQUE,48.865767,2.268076,Nuit avec éclairage allumé,En agglomération,Hors intersection,Normale,Sans collision,4,1,4,0,1,1,1,0,1,70,,1,0,0,0,1,29.0,,,,5,2,1,1,7
202100003431,2021-12-09 17:45:00,2021,12,9,17,45,75,75116,PORTE D AUTEUIL,48.841434,2.254139,Crépuscule ou aube,En agglomération,Hors intersection,Normale,Trois véhicules et plus - en chaîne,4,1,4,0,1,1,1,1,1,70,,3,2,0,0,1,28.0,27.0,,,2,2,1,1,4
202100003432,2021-12-11 11:20:00,2021,12,11,11,20,75,75106,RUE DE RENNES,48.849617,2.329318,Plein jour,En agglomération,Hors intersection,Normale,Autre collision,4,1,2,0,1,1,1,0,1,30,,2,1,0,0,1,23.0,,,,1,2,1,1,6
202100003433,2021-12-11 10:45:00,2021,12,11,10,45,75,75105,RUE LHOMOND,48.8408347166,2.3486575484,Plein jour,En agglomération,Hors intersection,Normale,Autre collision,4,1,1,0,2,1,1,0,1,30,,2,1,0,0,1,43.0,,,,1,2,1,1,6
202100003434,2021-12-11 21:20:00,2021,12,11,21,20,75,75120,RUE DE BAGNOLET,48.86269,2.406671,Nuit avec éclairage allumé,En agglomération,Intersection en T,Normale,Deux véhicules - côté,4,2,3,0,1,1,1,0,1,30,,2,1,0,0,1,28.0,32.0,,,5,2,3,1,3
202100003435,2021-12-11 12:40:00,2021,12,11,12,40,75,75120,BOULEVARD DE CHARONNE,48.8584022942,2.3900467157,Plein jour,En agglomération,Intersection en T,Normale,Deux véhicules - côté,4,3,4,0,1,1,1,0,1,30,,2,1,0,0,1,56.0,75.0,,,1,2,3,1,3
202100003436,2021-12-11 07:45:00,2021,12,11,7,45,75,75120,BOULEVARD DE MENILMONTANT,48.862935,2.387526,Crépuscule ou aube,En agglomération,Place,Normale,Deux véhicules - côté,4,2,3,1,1,1,1,-1,5,30,,2,1,0,0,1,31.0,51.0,,,2,2,7,1,3
202100003437,2021-12-11 21:15:00,2021,12,11,21,15,75,75116,AVENUE DE LA PORTE D AUTEUIL,48.847976,2.25132,Nuit avec éclairage allumé,En agglomération,Intersection en T,Normale,Deux véhicules - côté,4,-1,0,0,1,1,1,0,1,50,,3,2,0,0,1,20.0,72.0,,,5,2,3,1,3
202100003438,2021-12-11 11:00:00,2021,12,11,11,0,75,75115,PONT DE BIR HAKEIM,48.854797,2.288492,Plein jour,En agglomération,Intersection en X,Normale,Autre collision,4,1,2,0,1,1,1,0,1,30,,2,1,0,0,1,74.0,,,,1,2,2,1,6
202100003439,2021-12-11 11:25:00,2021,12,11,11,25,75,75115,RUE DE VAUGIRARD,48.839836,2.302171,Plein jour,En agglomération,Intersection en Y,Normale,Deux véhicules - côté,4,1,3,3,1,1,1,-1,6,30,,2,1,0,0,1,59.0,28.0,,,1,2,4,1,3
202100003440,2021-12-10 20:50:00,2021,12,10,20,50,75,75115,PONT DU GARIGLIANO,48.838717,2.269763,Nuit avec éclairage allumé,En agglomération,Intersection en X,Normale,Deux véhicules - côté,4,2,0,0,1,1,1,0,1,30,,3,2,0,0,1,52.0,26.0,,,5,2,2,1,3
202100003441,2021-12-11 15:10:00,2021,12,11,15,10,75,75113,BOULEVARD ARAGO,48.834866,2.343079,Plein jour,En agglomération,Hors intersection,Normale,Deux véhicules - côté,4,2,4,1,2,1,1,-1,5,30,,2,1,0,0,1,60.0,48.0,,,1,2,1,1,3
202100003442,2021-12-10 23:55:00,2021,12,10,23,55,75,75113,PONT DE TOLBIAC,48.8325537,2.379768,Nuit avec éclairage allumé,En agglomération,Intersection en X,Normale,Autre collision,4,2,5,0,1,1,1,0,1,30,,1,0,0,0,1,45.0,,,,5,2,2,1,6
202100003443,2021-12-11 20:15:00,2021,12,11,20,15,75,75112,RUE DE LYON,48.846649,2.372011,Nuit avec éclairage allumé,En agglomération,Intersection en X,Normale,Autre collision,4,2,3,3,1,1,1,0,1,30,,2,1,0,0,1,46.0,,,,5,2,2,1,6
202100003444,2021-12-11 02:05:00,2021,12,11,2,5,75,75112,BOULEVARD PERIPHERIQUE,48.835517,2.412257,Nuit avec éclairage allumé,En agglomération,Intersection en Y,Normale,Deux véhicules - arrière,4,1,4,0,1,1,1,0,1,70,,3,0,0,0,3,33.0,19.0,,,5,2,4,1,2
202100003445,2021-12-11 16:30:00,2021,12,11,16,30,75,75116,AVENUE MARCEAU,48.868472,2.298904,Plein jour,En agglomération,Intersection en X,Normale,Deux véhicules - côté,4,2,4,3,2,1,1,0,1,50,,2,1,0,0,1,41.0,34.0,,,1,2,2,1,3
202100003446,2021-12-11 00:25:00,2021,12,11,0,25,75,75101,RUE DES PYRAMIDES,48.864564,2.332697,Nuit avec éclairage allumé,En agglomération,Intersection en X,Normale,Deux véhicules - côté,4,1,2,0,1,1,1,0,1,30,,2,1,0,0,1,29.0,24.0,,,5,2,2,1,3
202100003447,2021-12-11 11:50:00,2021,12,11,11,50,94,94081,Allee Pierre Lamouroux,48.800131,2.381863,Plein jour,En agglomération,Hors intersection,Normale,Sans collision,4,2,2,0,1,1,1,0,1,50,,2,1,0,0,1,31.0,,,,1,2,1,1,7
202100003448,2021-12-11 01:30:00,2021,12,11,1,30,94,94041,Rue Gaston Cornavin,48.8102851744,2.3821191786,Nuit avec éclairage allumé,En agglomération,Hors intersection,Normale,Sans collision,4,1,1,0,2,1,1,0,1,50,,1,0,0,0,1,25.0,,,,5,2,1,1,7
202100003449,2021-12-11 17:00:00,2021,12,11,17,0,94,94021,Avenue de Stalingrad,48.7603664588,2.3683047295,Nuit avec éclairage allumé,En agglomération,Hors intersection,Normale,Trois véhicules et plus - en chaîne,3,2,0,0,1,1,1,9,1,50,,7,5,0,0,2,39.0,42.0,,,5,2,1,1,4
202100003450,2021-12-11 06:40:00,2021,12,11,6,40,94,94065,Zone SOGARIS,48.75256,2.36751,Nuit avec éclairage allumé,En agglomération,Hors intersection,Normale,Autre collision,6,-1,0,0,1,1,1,0,1,50,,2,1,0,0,1,38.0,,,,5,2,1,1,6
202100003451,2021-12-10 22:25:00,2021,12,10,22,25,94,94073,Avenue de Versailles,48.75774,2.39007,Nuit avec éclairage allumé,En agglomération,Hors intersection,Normale,Deux véhicules - côté,3,3,4,0,1,1,1,0,1,50,,3,2,0,0,1,53.0,21.0,,,5,2,1,1,3
202100003452,2021-12-11 14:40:00,2021,12,11,14,40,93,93073,PETITS PONTS (ROUTE DES),48.9644813433,2.5659245253,Plein jour,En agglomération,Hors intersection,Normale,Deux véhicules - côté,3,1,2,0,1,1,1,0,1,50,,2,1,0,0,1,26.0,23.0,,,1,2,1,1,3
202100003453,2021-12-10 13:40:00,2021,12,10,13,40,93,93066,"""LANDY RD 20, NR IMPAIRS 146 A 254""",48.9145336484,2.3478279078,Plein jour,En agglomération,Hors intersection,Normale,Autre collision,3,2,2,0,1,1,1,9,4,50,,3,1,0,0,2,37.0,,,,1,2,1,1,6
202100003454,2021-12-11 20:30:00,2021,12,11,20,30,93,93053,BREMENT (RUE DE) 109 A 235 - 110 A ...,48.88668,2.47031,Nuit avec éclairage allumé,En agglomération,Intersection en T,Normale,Trois véhicules et plus - collisions multiples,3,2,3,1,1,1,1,0,1,50,,3,2,0,0,1,,35.0,,,5,2,3,1,5
202100003455,2021-04-11 13:40:00,2021,4,11,13,40,93,93051,CENTRE,48.83845,2.54717,Plein jour,En agglomération,Intersection en T,Temps couvert,Deux véhicules - frontale,4,1,3,0,1,1,2,8,1,50,,2,1,0,0,1,27.0,42.0,,,1,2,3,8,1
202100003456,2021-12-11 15:12:00,2021,12,11,15,12,92,92044,Rue Aristide Briand,48.8898323245,2.2823399305,Plein jour,En agglomération,Intersection en X,Normale,Deux véhicules - côté,4,1,1,0,1,1,1,0,1,50,,2,1,0,0,1,38.0,18.0,,,1,2,2,1,3
202100003457,2021-12-09 13:30:00,2021,12,9,13,30,67,67103,D133,48.804944,7.386973,Plein jour,Hors agglomération,Hors intersection,Pluie légère,Trois véhicules et plus - collisions multiples,3,2,2,0,1,1,2,0,1,80,,4,0,0,1,3,73.0,29.0,,,1,1,1,2,5
202100003458,2021-12-12 08:37:00,2021,12,12,8,37,83,83061,a8,43.460177,6.710436,Plein jour,Hors agglomération,Hors intersection,Normale,Trois véhicules et plus - collisions multiples,1,1,3,0,1,1,1,0,1,-1,,5,1,0,2,2,21.0,69.0,,,1,1,1,1,5
202100003459,2021-12-11 18:20:00,2021,12,11,18,20,972,97206,Quartier Ancinel,14.505099,-61.045519,Nuit avec éclairage allumé,Hors agglomération,Hors intersection,Pluie légère,Deux véhicules - frontale,5,2,1,0,4,2,2,0,1,50,,2,1,0,0,1,54.0,16.0,,,5,1,1,2,1
202100003460,2021-12-11 22:00:00,2021,12,11,22,0,57,57321,D96d,48.68171,7.075796,Nuit sans éclairage public,Hors agglomération,Hors intersection,Normale,Autre collision,3,2,2,0,1,1,1,0,3,70,,1,0,1,0,0,21.0,,,,3,1,1,1,6
202100003461,2021-12-12 00:30:00,2021,12,12,0,30,51,51393,D386,49.1451098,3.915681,Nuit sans éclairage public,Hors agglomération,Hors intersection,Temps couvert,Sans collision,3,2,2,0,1,1,1,0,1,80,,2,0,0,1,1,15.0,,,,3,1,1,8,7
202100003462,2021-12-12 17:45:00,2021,12,12,17,45,77,77019,D411,48.391142,3.155009,Nuit sans éclairage public,Hors agglomération,Hors intersection,Pluie légère,Deux véhicules - arrière,3,2,2,0,1,1,2,0,1,80,,2,0,0,1,1,50.0,43.0,,,3,1,1,2,2
202100003463,2021-12-12 17:35:00,2021,12,12,17,35,61,61118,D10,48.470531,0.645361,Nuit sans éclairage public,Hors agglomération,Intersection en X,Normale,Deux véhicules - côté,3,2,2,0,1,1,1,0,1,90,,2,0,0,0,2,84.0,36.0,,,3,1,2,1,3
202100003464,2021-12-12 17:00:00,2021,12,12,17,0,12,12101,Route de la Planque,44.604986,2.245803,Nuit avec éclairage allumé,En agglomération,Hors intersection,Normale,Sans collision,4,2,2,0,2,2,2,0,1,50,,1,0,0,1,0,36.0,,,,5,2,1,1,7
202100003465,2021-12-11 17:55:00,2021,12,11,17,55,39,39030,,47.136031,5.500706,Nuit sans éclairage public,Hors agglomération,Hors intersection,Temps couvert,Deux véhicules - frontale,3,2,2,0,2,1,2,8,1,50,,4,3,0,0,1,69.0,30.0,,,3,1,1,8,1
202100003466,2021-12-12 04:30:00,2021,12,12,4,30,39,39399,1 Route de Dole,46.994297,5.666435,Nuit avec éclairage allumé,En agglomération,Hors intersection,Normale,Autre collision,3,2,2,0,1,1,1,0,3,50,,2,0,0,2,0,20.0,,,,5,2,1,1,6
202100003467,2021-12-12 07:20:00,2021,12,12,7,20,29,29184,Keranguen Bian,48.629392,-4.020709,Nuit sans éclairage public,Hors agglomération,Hors intersection,Normale,Autre collision,4,2,2,0,2,2,2,0,3,80,,1,0,1,0,0,32.0,,,,3,1,1,1,6
202100003468,2021-12-11 16:45:00,2021,12,11,16,45,31,31145,D820,43.299049,1.527185,Plein jour,Hors agglomération,Hors intersection,Normale,Deux véhicules - arrière,3,2,2,0,1,1,1,0,1,80,,3,0,0,0,3,15.0,20.0,,,1,1,1,1,2
202100003469,2021-12-11 17:10:00,2021,12,11,17,10,31,31118,15e Avenue de Toulouse,43.773842,1.35903,Crépuscule ou aube,En agglomération,Autre intersection,Normale,Deux véhicules - frontale,3,2,2,1,1,1,1,0,1,50,,2,1,0,1,0,38.0,48.0,,,2,2,9,1,1
202100003470,2021-12-12 06:06:00,2021,12,12,6,6,38,38095,Rte de Saint Bonnet de Chavagne,45.13358,5.292835,Nuit sans éclairage public,Hors agglomération,Giratoire,Normale,Sans collision,3,2,2,0,1,1,1,0,8,80,,1,0,0,0,1,30.0,,,,3,1,6,1,7
202100003471,2021-12-10 19:14:00,2021,12,10,19,14,38,38140,Rue de Belledonne,45.278704,5.890684,Nuit avec éclairage allumé,En agglomération,Hors intersection,Pluie forte,Autre collision,4,2,2,0,1,1,2,0,1,50,,2,1,0,0,1,41.0,,,,5,2,1,3,6
202100003472,2021-12-12 00:05:00,2021,12,12,0,5,66,66210,cd 612a,42.6485803979,2.7834825218,Nuit sans éclairage public,Hors agglomération,Hors intersection,Normale,Deux véhicules - frontale,3,-1,2,0,1,1,1,0,1,-1,,8,0,1,7,0,43.0,19.0,,,3,1,1,1,1
202100003473,2021-12-11 15:20:00,2021,12,11,15,20,06,06080,RM 2205 - PR 16+500,44.032151,7.132015,Plein jour,Hors agglomération,Hors intersection,Normale,Deux véhicules - frontale,7,2,2,0,2,1,1,0,1,80,,4,1,0,1,2,34.0,32.0,,,1,1,1,1,1
202100003474,2021-12-11 10:15:00,2021,12,11,10,15,06,06079,Corniche du Grand Duc,43.541137,6.916687,Plein jour,Hors agglomération,Hors intersection,Normale,Deux véhicules - frontale,4,2,1,0,1,3,1,0,4,30,,3,0,0,1,2,89.0,,,,1,1,1,1,1
202100003475,2021-12-04 22:00:00,2021,12,4,22,0,14,14057,D613,49.12634,-0.210645,Nuit avec éclairage allumé,En agglomération,Hors intersection,Temps couvert,Deux véhicules - arrière,3,2,2,0,1,1,2,0,1,50,,2,1,0,0,1,23.0,41.0,,,5,2,1,8,2
202100003476,2021-12-11 16:00:00,2021,12,11,16,0,45,45064,D50-PR11+0,47.541252,2.673154,Plein jour,Hors agglomération,Hors intersection,Normale,Autre collision,3,2,2,0,2,1,1,0,3,80,,3,0,2,0,1,58.0,,,,1,1,1,1,6
202100003477,2021-12-10 18:35:00,2021,12,10,18,35,43,43224,Route de Verines,45.237597,4.218252,Nuit avec éclairage allumé,En agglomération,Hors intersection,Neige / grêle,Deux véhicules - frontale,4,2,2,0,1,1,5,0,8,50,,4,0,0,2,2,23.0,51.0,,,5,2,1,4,1
202100003478,2021-12-11 19:31:00,2021,12,11,19,31,10,10300,D441,48.443234,4.371829,Nuit sans éclairage public,Hors agglomération,Hors intersection,Normale,Autre collision,3,2,2,0,1,1,1,9,3,80,,2,1,0,1,0,46.0,,,,3,1,1,1,6
202100003479,2021-12-11 20:00:00,2021,12,11,20,0,07,07249,Le Goutas de la Roche,45.046486,4.463725,Nuit sans éclairage public,Hors agglomération,Hors intersection,Autre,Autre collision,3,2,2,0,2,1,5,0,8,80,,1,0,0,1,0,57.0,,,,3,1,1,9,6
202100003480,2021-12-07 17:00:00,2021,12,7,17,0,27,27049,D25,48.974694,0.670464,Nuit sans éclairage public,Hors agglomération,Intersection en X,Pluie légère,Deux véhicules - côté,3,2,2,0,1,1,2,0,1,80,,7,4,0,1,2,47.0,57.0,,,3,1,2,2,3
202100003481,2021-12-11 19:40:00,2021,12,11,19,40,17,17140,D126,45.891532,-1.250296,Nuit sans éclairage public,Hors agglomération,Hors intersection,Normale,Sans collision,3,2,2,0,1,3,2,0,3,80,,3,1,1,1,0,23.0,,,,3,1,1,1,7
202100003482,2021-12-11 20:18:00,2021,12,11,20,18,30,30275,D7,44.097592,4.22243,Nuit sans éclairage public,Hors agglomération,Hors intersection,Normale,Autre collision,3,2,2,0,1,1,1,0,3,80,,1,0,0,1,0,52.0,,,,3,1,1,1,6
202100003483,2021-12-08 11:05:00,2021,12,8,11,5,78,78575,D938,48.71982,2.087671,Plein jour,En agglomération,Giratoire,Normale,Deux véhicules - arrière,3,1,1,0,1,1,1,0,8,50,,2,1,0,1,0,62.0,36.0,,,1,2,6,1,2
202100003484,2021-12-11 19:50:00,2021,12,11,19,50,38,38193,D312,45.607162,5.223567,Nuit avec éclairage allumé,En agglomération,Giratoire,Normale,Deux véhicules - côté,3,2,2,2,1,3,1,0,5,50,,2,1,0,0,1,56.0,32.0,,,5,2,6,1,3
202100003485,2021-12-11 11:35:00,2021,12,11,11,35,37,37225,,47.354248,0.905685,Plein jour,Hors agglomération,Hors intersection,Normale,Autre collision,3,2,3,0,1,1,1,0,3,90,,1,0,0,0,1,59.0,,,,1,1,1,1,6
202100003486,2021-12-11 18:30:00,2021,12,11,18,30,68,68278,A35,47.7703872195,7.4122309685,Nuit sans éclairage public,Hors agglomération,Hors intersection,Normale,Trois véhicules et plus - collisions multiples,1,3,4,0,1,1,1,0,1,110,,7,6,1,0,0,43.0,23.0,,,3,1,1,1,5
202100003487,2021-12-12 11:20:00,2021,12,12,11,20,27,27203,A13 PK 68+100,49.051968,1.441462,Plein jour,Hors agglomération,Hors intersection,Pluie légère,Deux véhicules - côté,1,1,3,0,1,1,2,0,1,-1,,5,2,0,0,3,60.0,70.0,,,1,1,1,2,3