accident_id,datetime,annee,mois,jour,heure,minute,departement,commune_insee,adresse,latitude,longitude,luminosite,agglomeration,intersection,meteo,collision,catr,circ,nbv,vosp,prof,plan,surf,infra,situ,vma,nb_vehicules,nb_usagers,nb_indemnes,nb_tues,nb_blesses_hosp,nb_blesses_legers,age_cond_1,age_cond_2,veh_type_cond_1,veh_type_cond_2,lum_code,agg_code,int_code,atm_code,col_code
202100003488,2021-12-10 15:37:00,2021,12,10,15,37,971,97116,"route nationale 5, gensolin",16.315429,-61.482271,Plein jour,Hors agglomération,Hors intersection,Normale,Deux véhicules - côté,2,2,2,0,1,1,1,0,1,80,,2,1,0,0,1,48.0,35.0,,,1,1,1,1,3
202100003489,2021-12-12 05:45:00,2021,12,12,5,45,971,97125,RN4,16.259653,-61.291904,Crépuscule ou aube,Hors agglomération,Hors intersection,Normale,Deux véhicules - frontale,2,2,2,0,1,1,1,0,1,80,,4,0,1,2,1,21.0,60.0,,,2,1,1,1,1
202100003490,2021-12-11 02:00:00,2021,12,11,2,0,977,97701,RTE DE MARIGOT,17.909694,-62.811112,Nuit sans éclairage public,Hors agglomération,Hors intersection,Normale,Sans collision,2,2,2,0,2,3,1,0,3,50,,1,0,0,1,0,54.0,,,,3,1,1,1,7
202100003491,2021-12-11 18:42:00,2021,12,11,18,42,66,66144,D 900,42.635364,2.873118,Nuit sans éclairage public,Hors agglomération,Hors intersection,Normale,Trois véhicules et plus - collisions multiples,3,2,2,0,1,1,1,0,1,80,,3,1,0,1,1,79.0,45.0,,,3,1,1,1,5
202100003492,2021-12-12 09:00:00,2021,12,12,9,0,66,66055,Chemin des Vignes,42.655862,2.665998,Plein jour,En agglomération,Intersection en T,Normale,Autre collision,4,-1,2,0,1,1,1,0,5,50,,2,1,0,0,1,58.0,61.0,,,1,2,3,1,6
202100003493,2021-12-11 18:45:00,2021,12,11,18,45,34,34213,intersection D2 - D119,43.495258,3.697243,Nuit sans éclairage public,Hors agglomération,Intersection en X,Normale,Trois véhicules et plus - collisions multiples,3,2,1,0,1,1,1,5,1,-1,,3,1,0,0,2,41.0,41.0,,,3,1,2,1,5
202100003494,2021-12-12 03:10:00,2021,12,12,3,10,34,34289,D13,43.396025,3.412167,Nuit sans éclairage public,Hors agglomération,Hors intersection,Normale,Autre collision,3,2,2,0,1,1,9,9,8,90,,3,0,2,1,0,21.0,,,,3,1,1,1,6
202100003495,2021-12-11 18:45:00,2021,12,11,18,45,13,13053,D7n,43.729007,5.153317,Nuit sans éclairage public,Hors agglomération,Hors intersection,Vent fort / tempête,Deux véhicules - frontale,7,2,2,0,1,1,1,0,1,-1,,8,3,0,1,4,45.0,63.0,,,3,1,1,6,1
202100003496,2021-12-12 15:14:00,2021,12,12,15,14,71,71328,D67,46.627934,4.820927,Plein jour,Hors agglomération,Hors intersection,Temps couvert,Sans collision,3,2,2,0,1,1,1,0,1,80,,1,0,0,0,1,28.0,,,,1,1,1,8,7
202100003497,2021-12-12 03:39:00,2021,12,12,3,39,38,38451,Route de Malaval,45.754436,5.212685,Nuit avec éclairage allumé,Hors agglomération,Hors intersection,Autre,Autre collision,3,2,2,0,1,1,1,0,3,70,,3,0,0,2,1,24.0,,,,5,1,1,9,6
202100003498,2021-12-12 17:30:00,2021,12,12,17,30,69,69243,EDOUARD HERRIOT (R),45.8918274299,4.4422347525,Nuit avec éclairage allumé,En agglomération,Hors intersection,Normale,Deux véhicules - frontale,2,2,2,0,1,1,2,0,1,50,,2,0,0,1,1,14.0,25.0,,,5,2,1,1,1
202100003499,2021-12-12 10:00:00,2021,12,12,10,0,69,69168,HENRI BOUCHARD (R),45.837365,4.839097,Plein jour,En agglomération,Hors intersection,Normale,Deux véhicules - frontale,4,2,2,0,1,1,2,0,1,50,,2,1,0,0,1,53.0,69.0,,,1,2,1,1,1
202100003500,2021-12-11 21:30:00,2021,12,11,21,30,60,60195,D915,49.21876,1.842034,Nuit sans éclairage public,Hors agglomération,Hors intersection,Pluie légère,Deux véhicules - arrière,3,2,2,0,1,1,2,0,1,80,,3,1,1,1,0,17.0,29.0,,,3,1,1,2,2
202100003501,2021-12-11 15:00:00,2021,12,11,15,0,91,91689,AUTOROUTE A6,48.7322,2.3156,Plein jour,Hors agglomération,Hors intersection,Normale,Trois véhicules et plus - en chaîne,1,3,0,0,1,1,1,0,1,110,,4,3,0,0,1,25.0,34.0,,,1,1,1,1,4
202100003502,2021-12-11 18:45:00,2021,12,11,18,45,93,93066,AUTOROUTE A86,48.92283,2.35079,Crépuscule ou aube,Hors agglomération,Hors intersection,Normale,Deux véhicules - côté,1,3,6,0,1,1,1,0,1,90,,2,1,0,0,1,42.0,47.0,,,2,1,1,1,3
202100003503,2021-12-10 19:30:00,2021,12,10,19,30,95,95394,RN 184,49.05165,2.15318,Nuit sans éclairage public,Hors agglomération,Hors intersection,Normale,Trois véhicules et plus - collisions multiples,2,3,4,0,1,1,1,0,1,110,,5,1,0,0,4,27.0,58.0,,,3,1,1,1,5
202100003504,2021-12-11 10:15:00,2021,12,11,10,15,93,93039,AUTOROUTE A86,48.926742,2.336321,Plein jour,Hors agglomération,Hors intersection,Normale,Deux véhicules - arrière,1,3,3,0,1,1,1,0,1,90,,2,1,0,0,1,40.0,30.0,,,1,1,1,1,2
202100003505,2021-12-10 21:30:00,2021,12,10,21,30,93,93027,BDL,48.92881,2.40306,Nuit sans éclairage public,Hors agglomération,Hors intersection,Normale,Trois véhicules et plus - en chaîne,1,1,2,0,1,3,1,0,1,70,,3,2,0,0,1,23.0,60.0,,,3,1,1,1,4
202100003506,2021-12-10 18:15:00,2021,12,10,18,15,93,93066,AUTOROUTE A1,48.929103,2.358122,Nuit avec éclairage non allumé,Hors agglomération,Hors intersection,Normale,Deux véhicules - arrière,1,3,6,0,1,1,2,0,1,110,,2,1,0,0,1,26.0,24.0,,,4,1,1,1,2
202100003507,2021-12-10 16:45:00,2021,12,10,16,45,93,93007,AUTOROUTE A3,48.93422,2.48042,Nuit sans éclairage public,Hors agglomération,Hors intersection,Normale,Deux véhicules - arrière,1,3,6,0,1,1,1,0,1,110,,3,2,0,0,1,26.0,27.0,,,3,1,1,1,2
202100003508,2021-12-11 02:30:00,2021,12,11,2,30,94,94017,A4,48.8266507839,2.5161742429,Nuit sans éclairage public,Hors agglomération,Hors intersection,Normale,Deux véhicules - arrière,1,1,4,0,1,3,1,0,1,90,,4,2,0,0,2,29.0,45.0,,,3,1,1,1,2
202100003509,2021-12-10 08:40:00,2021,12,10,8,40,76,76351,CRONSTADT (DE),49.50292,0.11791,Plein jour,En agglomération,Hors intersection,Normale,Autre collision,4,3,4,0,1,1,1,0,1,50,,2,1,0,1,0,38.0,,,,1,2,1,1,6
202100003510,2021-12-09 08:30:00,2021,12,9,8,30,33,33522,Avenue de Thouars,44.78736,-0.59067,Nuit avec éclairage allumé,En agglomération,Hors intersection,Pluie forte,Autre collision,4,2,3,1,1,1,2,0,1,50,,2,1,0,0,1,77.0,,,,5,2,1,3,6
202100003511,2021-12-09 19:40:00,2021,12,9,19,40,35,35238,ANJOU (D'),48.12145,-1.71351,Nuit avec éclairage allumé,En agglomération,Intersection en T,Pluie forte,Autre collision,4,2,2,0,2,1,2,0,1,50,,2,1,0,0,1,57.0,,,,5,2,3,3,6
202100003512,2021-12-09 14:15:00,2021,12,9,14,15,05,05061,SILOS ( RUE DES ),44.56584,6.08695,Plein jour,En agglomération,Hors intersection,Normale,Autre collision,4,2,2,0,1,1,2,0,1,50,,3,2,0,1,0,40.0,,,,1,2,1,1,6
202100003513,2021-12-09 16:45:00,2021,12,9,16,45,71,71306,Avenue des Alouettes,46.6858756249,4.3595812926,Crépuscule ou aube,En agglomération,Autre intersection,Temps couvert,Autre collision,4,2,2,0,2,1,1,9,1,50,,2,1,0,0,1,68.0,,,,2,2,9,8,6
202100003514,2021-09-27 11:00:00,2021,9,27,11,0,2A,2A004,ALBERT 1ER BD,41.91265,8.72375,Plein jour,En agglomération,Hors intersection,Normale,Deux véhicules - côté,3,2,2,0,1,1,1,0,1,50,,2,1,0,0,1,56.0,32.0,,,1,2,1,1,3
202100003515,2021-09-25 09:30:00,2021,9,25,9,30,2A,2A004,T21,41.9289,8.765,Plein jour,En agglomération,Hors intersection,Normale,Deux véhicules - arrière,2,3,4,0,1,1,1,0,1,70,,2,1,0,0,1,33.0,58.0,,,1,2,1,1,2
202100003516,2021-08-20 10:30:00,2021,8,20,10,30,2A,2A004,ROUTE DU STILETTO,41.94609,8.77183,Plein jour,En agglomération,Hors intersection,Normale,Deux véhicules - frontale,3,2,2,0,3,1,1,8,1,50,,6,0,0,0,6,87.0,68.0,,,1,2,1,1,1
202100003517,2021-08-19 11:54:00,2021,8,19,11,54,2A,2A004,MEZZAVIA ROUTE DE,41.95171,8.77355,Plein jour,En agglomération,Hors intersection,Normale,Deux véhicules - côté,2,2,3,0,1,1,1,0,1,50,,2,1,0,0,1,60.0,69.0,,,1,2,1,1,3
202100003518,2021-08-11 10:30:00,2021,8,11,10,30,2A,2A004,T40,41.92077,8.81826,Plein jour,Hors agglomération,Hors intersection,Normale,Trois véhicules et plus - en chaîne,2,3,4,0,2,1,1,0,1,90,,7,2,0,1,4,21.0,36.0,,,1,1,1,1,4
202100003519,2021-08-03 17:20:00,2021,8,3,17,20,2A,2A004,CAMPI LOUIS BD,41.94406,8.75534,Plein jour,En agglomération,Hors intersection,Normale,Deux véhicules - côté,4,2,1,0,1,1,1,0,1,50,,3,2,0,0,1,29.0,51.0,,,1,2,1,1,3
202100003520,2021-08-02 09:20:00,2021,8,2,9,20,2A,2A004,ROUTE DU STILETTO,41.9448,8.7588,Plein jour,En agglomération,Giratoire,Normale,Deux véhicules - côté,2,2,2,0,4,3,1,0,1,50,,2,1,0,0,1,53.0,23.0,,,1,2,6,1,3
202100003521,2021-07-28 18:34:00,2021,7,28,18,34,2A,2A004,BONAPARTE LUCIEN  COURS,41.91266,8.72364,Plein jour,En agglomération,Hors intersection,Normale,Deux véhicules - côté,3,2,2,0,1,1,1,9,1,50,,2,1,0,0,1,38.0,21.0,,,1,2,1,1,3
202100003522,2021-07-05 13:35:00,2021,7,5,13,35,2A,2A004,BONAPARTE CHARLES  BD,41.93387,8.74994,Plein jour,En agglomération,Hors intersection,Normale,Deux véhicules - arrière,2,1,3,0,1,1,1,4,1,50,,2,1,0,0,1,60.0,26.0,,,1,2,1,1,2
202100003523,2021-05-31 16:50:00,2021,5,31,16,50,2A,2A004,GEORGES POMPIDOU AVENUE,41.9339155143,8.7532832099,Plein jour,En agglomération,Hors intersection,Normale,Sans collision,2,3,2,0,1,1,1,0,4,50,,2,1,0,1,0,53.0,,,,1,2,1,1,7
202100003524,2021-05-13 20:40:00,2021,5,13,20,40,2A,2A004,VERDUN AVENUE DE,41.92035,8.72832,Crépuscule ou aube,En agglomération,Intersection en T,Normale,Sans collision,3,2,2,0,2,1,1,0,4,50,,1,0,0,0,1,56.0,,,,2,2,3,1,7
202100003525,2021-05-09 18:42:00,2021,5,9,18,42,2A,2A004,T21,41.9298287097,8.7581971657,Plein jour,Hors agglomération,Hors intersection,Normale,Autre collision,2,3,2,0,1,1,1,0,1,90,,2,0,0,2,0,45.0,54.0,,,1,1,1,1,6
202100003526,2021-05-03 12:02:00,2021,5,3,12,2,2A,2A004,D81,41.9529592969,8.7833157989,Plein jour,En agglomération,Hors intersection,Normale,Deux véhicules - côté,3,2,0,0,1,1,1,0,1,50,,2,1,0,0,1,72.0,53.0,,,1,2,1,1,3
202100003527,2021-05-02 16:55:00,2021,5,2,16,55,2A,2A004,NAPOLEON COURS AVANT BEVERINI,41.92833,8.73867,Plein jour,En agglomération,Hors intersection,Normale,Trois véhicules et plus - en chaîne,2,2,3,0,1,1,1,0,1,50,,5,3,0,0,2,50.0,40.0,,,1,2,1,1,4
202100003528,2021-04-30 11:10:00,2021,4,30,11,10,2A,2A004,SANTA MATALENA RCE AV NOEL FRANCHINI,41.94072,8.75601,Plein jour,En agglomération,Intersection en T,Normale,Deux véhicules - côté,2,3,2,0,1,2,1,0,1,50,,2,1,0,1,0,66.0,35.0,,,1,2,3,1,3
202100003529,2021-09-26 12:50:00,2021,9,26,12,50,89,89387,Avenue Vauban,48.19793,3.27095,Plein jour,En agglomération,Intersection en X,Normale,Deux véhicules - côté,3,1,1,1,1,1,1,5,5,30,,2,1,0,0,1,29.0,47.0,,,1,2,2,1,3
202100003530,2021-05-11 19:50:00,2021,5,11,19,50,16,16102,RUE DE BARBEZIEUX,45.68489,-0.329,Plein jour,En agglomération,Place,Temps éblouissant,Sans collision,3,2,2,0,1,1,1,0,1,50,,2,1,0,1,0,44.0,19.0,,,1,2,7,7,7
202100003531,2021-09-24 11:10:00,2021,9,24,11,10,75,75115,RUE DE LOURMEL,48.840633,2.284191,Plein jour,En agglomération,Intersection en X,Normale,Deux véhicules - côté,4,2,2,0,1,1,1,0,1,30,,2,1,1,0,0,20.0,48.0,,,1,2,2,1,3
202100003532,2021-03-10 11:11:00,2021,3,10,11,11,92,92040,GOUVERNEUR GAL EBOUE DU 02 AU 64,48.826466,2.270816,Plein jour,En agglomération,Hors intersection,Normale,Autre collision,3,1,2,0,1,1,1,0,1,50,,2,1,0,1,0,35.0,,,,1,2,1,1,6
202100003533,2021-12-09 22:45:00,2021,12,9,22,45,988,98818,RUE SAINTE CECILE,-22.25977,166.44644,Nuit avec éclairage allumé,En agglomération,Hors intersection,Normale,Deux véhicules - côté,4,2,2,0,1,1,1,0,1,50,,2,1,0,1,0,37.0,30.0,,,5,2,1,1,3
202100003534,2021-12-07 09:00:00,2021,12,7,9,0,976,97611,m'tsapere-Roahandra ( rue ),-12.78769,45.21857,Plein jour,En agglomération,Intersection en T,Normale,Deux véhicules - côté,4,2,0,0,1,1,1,0,1,50,,3,0,1,0,2,41.0,22.0,,,1,2,3,1,3
202100003535,2021-12-10 03:25:00,2021,12,10,3,25,974,97416,RN1 (ROUTE NATIONALE),-21.303423,55.42709,Nuit avec éclairage allumé,Hors agglomération,Hors intersection,Normale,Autre collision,2,1,1,0,1,1,1,3,8,50,,3,0,0,0,3,24.0,,,,5,1,1,1,6
202100003536,2021-12-08 17:00:00,2021,12,8,17,0,974,97416,RN 01,-21.33308,55.46017,Plein jour,Hors agglomération,Autre intersection,Normale,Deux véhicules - arrière,2,1,2,0,2,2,1,3,8,110,,2,1,0,0,1,46.0,38.0,,,1,1,9,1,2
202100003537,2021-12-10 20:15:00,2021,12,10,20,15,974,97411,LANCASTEL (BOULEVARD),-20.8771092057,55.4561063647,Nuit sans éclairage public,En agglomération,Hors intersection,Normale,Deux véhicules - côté,2,3,4,0,1,1,1,0,1,70,,2,1,0,1,0,57.0,27.0,,,3,2,1,1,3
202100003538,2021-12-09 17:00:00,2021,12,9,17,0,974,97411,JAURES (BOULEVARD JEAN),-20.89073,55.46048,Plein jour,En agglomération,Hors intersection,Normale,Deux véhicules - côté,2,2,4,0,1,1,1,1,1,50,,3,1,0,0,2,23.0,32.0,,,1,2,1,1,3
202100003539,2021-12-09 15:10:00,2021,12,9,15,10,974,97411,GARE (DE LA),-20.89449,55.49237,Plein jour,En agglomération,Hors intersection,Normale,Deux véhicules - frontale,4,2,2,0,1,3,1,0,1,50,,2,0,0,0,2,58.0,,,,1,2,1,1,1
202100003540,2021-12-08 17:20:00,2021,12,8,17,20,974,97411,LANCASTEL (BOULEVARD),-20.87933,55.45928,Plein jour,Hors agglomération,Hors intersection,Normale,Deux véhicules - côté,2,3,4,0,1,1,1,0,1,70,,4,3,0,0,1,76.0,23.0,,,1,1,1,1,3
202100003541,2021-12-07 07:15:00,2021,12,7,7,15,974,97411,JACINTHES (RUE DES),-20.91014,55.48479,Plein jour,En agglomération,Hors intersection,Normale,Deux véhicules - frontale,4,2,2,0,2,1,1,0,1,50,,2,1,0,0,1,20.0,39.0,,,1,2,1,1,1
202100003542,2021-12-09 06:20:00,2021,12,9,6,20,974,97409,DE LA GARE(RUE),-20.95894,55.6526,Plein jour,En agglomération,Hors intersection,Normale,Deux véhicules - frontale,4,2,2,0,1,1,1,0,1,50,,4,2,0,0,2,61.0,,,,1,2,1,1,1
202100003543,2021-12-09 15:00:00,2021,12,9,15,0,974,97407,CROIZAT(RUE),-20.94185,55.28855,Plein jour,Hors agglomération,Intersection en X,Temps couvert,Deux véhicules - côté,4,2,2,0,1,1,1,0,1,50,,3,2,0,0,1,30.0,68.0,,,1,1,2,8,3
202100003544,2021-12-08 00:30:00,2021,12,8,0,30,974,97407,SACRE COEUR (RD POINT) -RIV. DES GALETS ,-20.95534,55.31172,Nuit sans éclairage public,En agglomération,Hors intersection,Normale,Deux véhicules - côté,2,1,2,2,1,1,1,0,1,50,,2,1,0,0,1,29.0,19.0,,,3,2,1,1,3
202100003545,2021-12-07 22:00:00,2021,12,7,22,0,974,97407,FERRY (RUE),-20.93512,55.29881,Nuit avec éclairage allumé,En agglomération,Intersection en X,Normale,Deux véhicules - côté,4,2,2,0,1,1,1,0,1,50,,3,2,0,0,1,26.0,30.0,,,5,2,2,1,3
202100003546,2021-12-09 13:15:00,2021,12,9,13,15,973,97302,BADUEL (ROUTE DE),4.93467,-52.31161,Plein jour,En agglomération,Hors intersection,Normale,Autre collision,3,2,2,0,1,1,1,0,1,50,,2,1,0,0,1,20.0,,,,1,2,1,1,6
202100003547,2021-12-10 22:04:00,2021,12,10,22,4,69,69383,LAFAYETTE (CR),45.76364,4.85809,Nuit avec éclairage allumé,En agglomération,Intersection en T,Normale,Deux véhicules - côté,4,1,1,2,1,1,2,0,1,50,,2,1,0,1,0,19.0,22.0,,,5,2,3,1,3
202100003548,2021-12-10 17:50:00,2021,12,10,17,50,69,69259,FRANCIS DE PRESSENSE                (AV),45.72098,4.86723,Nuit avec éclairage allumé,En agglomération,Hors intersection,Normale,Autre collision,4,2,2,2,1,1,2,0,4,50,,2,1,0,0,1,66.0,,,,5,2,1,1,6
202100003549,2021-12-10 17:40:00,2021,12,10,17,40,69,69386,BROTTEAUX (DES)                     (BD),45.76812,4.85696,Nuit avec éclairage non allumé,En agglomération,Hors intersection,Pluie légère,Deux véhicules - frontale,4,2,2,2,1,1,2,0,1,50,,2,1,0,0,1,31.0,46.0,,,4,2,1,2,1
202100003550,2021-12-10 12:05:00,2021,12,10,12,5,69,69388,VIENNE (DE)                         (RO),45.73202,4.8535,Plein jour,En agglomération,Intersection en T,Pluie forte,Autre collision,4,2,2,2,1,1,2,0,1,50,,2,1,0,0,1,59.0,,,,1,2,3,3,6
202100003551,2021-12-10 07:42:00,2021,12,10,7,42,69,69387,TONY GARNIER (AV),45.73161,4.82417,Plein jour,En agglomération,Intersection en T,Pluie légère,Deux véhicules - côté,4,3,5,3,1,1,2,9,6,50,,2,1,0,1,0,24.0,55.0,,,1,2,3,2,3
202100003552,2021-12-09 16:15:00,2021,12,9,16,15,69,69199,MARCEL SEMBAT (R),45.71165,4.84292,Plein jour,Hors agglomération,Hors intersection,Normale,Deux véhicules - frontale,4,2,2,0,1,1,1,2,1,50,,2,1,0,0,1,41.0,25.0,,,1,1,1,1,1
202100003553,2021-12-09 15:00:00,2021,12,9,15,0,69,69259,NOVY JICIN (BD),45.69288,4.89851,Plein jour,En agglomération,Hors intersection,Normale,Autre collision,4,2,2,0,1,1,1,0,1,50,,2,1,0,0,1,52.0,,,,1,2,1,1,6
202100003554,2021-12-09 13:30:00,2021,12,9,13,30,69,69386,BERANGER                            (R ),45.76619,4.86112,Plein jour,En agglomération,Intersection en T,Normale,Deux véhicules - arrière,4,2,2,0,1,1,1,0,1,50,,2,1,0,0,1,64.0,42.0,,,1,2,3,1,2
202100003555,2021-12-09 09:05:00,2021,12,9,9,5,69,69383,PAUL BERT (R),45.757,4.85469,Plein jour,En agglomération,Intersection en X,Normale,Deux véhicules - arrière,4,2,3,2,1,1,1,0,1,30,,3,2,0,0,1,58.0,55.0,,,1,2,2,1,2
202100003556,2021-12-08 11:45:00,2021,12,8,11,45,69,69387,TONY GARNIER (AV),45.72652,4.83073,Plein jour,En agglomération,Intersection en X,Pluie forte,Deux véhicules - côté,4,3,5,3,1,1,2,0,1,50,,3,2,0,0,1,18.0,41.0,,,1,2,2,3,3
202100003557,2021-12-09 06:45:00,2021,12,9,6,45,69,69383,LAFAYETTE (CR),45.763618566,4.8580411077,Nuit avec éclairage allumé,En agglomération,Intersection en X,Pluie légère,Deux véhicules - côté,4,1,1,3,1,1,2,5,6,50,,2,1,0,0,1,31.0,26.0,,,5,2,2,2,3
202100003558,2021-11-10 21:15:00,2021,11,10,21,15,972,97224,BEAUSEJOUR JAMBETTE (ROUTE),14.64582,-61.04358,Nuit avec éclairage allumé,Hors agglomération,Autre intersection,Normale,Sans collision,3,2,2,0,1,1,1,9,1,70,,1,0,0,0,1,65.0,,,,5,1,9,1,7
202100003559,2021-12-04 17:08:00,2021,12,4,17,8,69,69202,SAINT-LUC (PL),45.7497253213,4.8003950715,Crépuscule ou aube,En agglomération,Hors intersection,Pluie légère,Autre collision,9,1,1,0,1,1,2,9,8,30,,2,1,0,0,1,,,,,2,2,1,2,6
202100003560,2021-12-09 01:40:00,2021,12,9,1,40,69,69034,RAYMOND POINCARE (PT),45.78894,4.86071,Nuit avec éclairage allumé,En agglomération,Hors intersection,Normale,Autre collision,7,2,6,3,1,1,2,2,1,50,,1,0,0,0,1,34.0,,,,5,2,1,1,6
202100003561,2021-12-09 17:20:00,2021,12,9,17,20,69,69034,BELLEVUE (Q),45.78146,4.84305,Nuit sans éclairage public,En agglomération,Hors intersection,Normale,Autre collision,4,1,2,0,1,1,1,0,1,50,,6,5,0,0,1,20.0,56.0,,,3,2,1,1,6
202100003562,2021-12-09 14:50:00,2021,12,9,14,50,69,69389,TISSOT (R),45.77581,4.80194,Plein jour,En agglomération,Intersection en X,Normale,Autre collision,4,1,1,2,1,1,1,0,1,50,,2,1,0,0,1,24.0,,,,1,2,2,1,6
202100003563,2021-12-09 06:00:00,2021,12,9,6,0,69,69034,BELLEVUE (Q),45.7857,4.84877,Nuit avec éclairage allumé,En agglomération,Hors intersection,Temps couvert,Autre collision,4,1,2,0,1,1,2,0,1,50,,1,0,0,0,1,37.0,,,,5,2,1,8,6
202100003564,2021-12-09 17:20:00,2021,12,9,17,20,2B,2B120,11 - RT,42.657,9.413,Nuit avec éclairage allumé,En agglomération,Hors intersection,Normale,Deux véhicules - arrière,3,1,0,0,1,1,1,0,1,70,,4,1,0,0,3,50.0,49.0,,,5,2,1,1,2
202100003565,2021-12-09 18:30:00,2021,12,9,18,30,971,97120,PAUL LACAVE,16.24451,-61.5322,Nuit avec éclairage non allumé,En agglomération,Hors intersection,Normale,Autre collision,4,1,1,0,1,1,1,0,1,50,,2,1,0,1,0,53.0,,,,4,2,1,1,6
202100003566,2021-12-10 07:40:00,2021,12,10,7,40,971,97113,L'HOUEZEL (ROUTE DE),16.2032,-61.47552,Plein jour,En agglomération,Hors intersection,Pluie légère,Autre collision,4,2,2,0,2,1,2,0,1,30,,2,1,0,0,1,74.0,,,,1,2,1,2,6
202100003567,2021-12-09 17:10:00,2021,12,9,17,10,2A,2A004,MADAME MERE BD,41.91557,8.72413,Crépuscule ou aube,En agglomération,Hors intersection,Temps couvert,Autre collision,4,2,2,0,2,1,1,0,1,30,,2,1,0,0,1,55.0,,,,2,2,1,8,6
202100003568,2021-12-10 06:55:00,2021,12,10,6,55,95,95277,Rue Berthelot,48.98524,2.4598,Nuit avec éclairage allumé,En agglomération,Giratoire,Pluie légère,Autre collision,3,1,1,0,4,1,2,5,4,50,,2,1,0,0,1,59.0,,,,5,2,6,2,6
202100003569,2021-12-10 21:20:00,2021,12,10,21,20,95,95582,BD GAMBETTA,48.9785786257,2.2395479679,Nuit avec éclairage allumé,En agglomération,Hors intersection,Normale,Deux véhicules - arrière,3,2,5,1,1,1,1,0,1,30,,2,1,0,0,1,51.0,18.0,,,5,2,1,1,2
202100003570,2021-12-10 16:27:00,2021,12,10,16,27,95,95018,Boulevard du General Leclerc,48.9396035959,2.2284221649,Plein jour,En agglomération,Hors intersection,Normale,Autre collision,3,2,2,0,1,1,1,0,1,50,,2,1,0,0,1,,,,,1,2,1,1,6
202100003571,2021-12-08 07:05:00,2021,12,8,7,5,91,91549,VIEUX PERRAY (RUE DU),48.651769,2.307327,Nuit avec éclairage allumé,En agglomération,Hors intersection,Normale,Autre collision,4,2,2,0,1,1,2,0,1,50,,2,1,0,0,1,27.0,,,,5,2,1,1,6
202100003572,2021-12-10 08:10:00,2021,12,10,8,10,91,91377,VOIE DE LA VALLEE DE LA BIEVRE,48.73673,2.247574,Crépuscule ou aube,En agglomération,Hors intersection,Pluie légère,Autre collision,3,2,2,0,1,1,2,0,1,50,,2,1,0,0,1,48.0,,,,2,2,1,2,6
202100003573,2021-12-08 18:00:00,2021,12,8,18,0,91,91122,CHARLES DE GAULLE(RUE),48.69522,2.15751,Crépuscule ou aube,En agglomération,Hors intersection,Pluie légère,Deux véhicules - frontale,4,-1,1,0,1,1,2,0,1,50,,2,1,0,0,1,42.0,21.0,,,2,2,1,2,1
202100003574,2021-12-02 08:40:00,2021,12,2,8,40,91,91228,BD CHAMPS ELYSEES,48.63978,2.42765,Plein jour,En agglomération,Intersection en X,Normale,Deux véhicules - côté,3,1,2,0,3,1,2,5,1,50,,2,0,0,1,1,35.0,30.0,,,1,2,2,1,3
202100003575,2021-12-10 08:10:00,2021,12,10,8,10,91,91223,AVENUE DE LA LIBERATION,48.43344,2.15487,Crépuscule ou aube,En agglomération,Intersection en X,Pluie légère,Autre collision,4,2,2,0,1,1,2,5,1,50,,3,1,0,0,2,27.0,,,,2,2,2,2,6
202100003576,2021-12-08 23:30:00,2021,12,8,23,30,87,87085,GARIBALDI (AVENUE),45.83445,1.26093,Nuit avec éclairage allumé,En agglomération,Intersection en X,Normale,Deux véhicules - côté,4,2,3,0,2,1,2,5,1,50,,2,1,0,0,1,26.0,34.0,,,5,2,2,1,3
202100003577,2021-12-09 01:14:00,2021,12,9,1,14,87,87085,DUMAS (AVENUE GEORGES),45.8273,1.26026,Nuit avec éclairage allumé,En agglomération,Hors intersection,Pluie légère,Autre collision,4,4,4,0,2,2,2,0,1,50,,1,0,0,0,1,28.0,,,,5,2,1,2,6
202100003578,2021-12-08 06:32:00,2021,12,8,6,32,87,87050,LIMOGES (AVENUE DE),45.85627,1.24737,Nuit avec éclairage allumé,En agglomération,Hors intersection,Pluie légère,Deux véhicules - côté,3,2,2,0,2,2,2,0,1,50,,2,0,0,0,2,47.0,22.0,,,5,2,1,2,3
202100003579,2021-12-08 07:48:00,2021,12,8,7,48,87,87085,BELLAC (RUE DE),45.85064,1.24477,Crépuscule ou aube,En agglomération,Intersection en X,Pluie légère,Deux véhicules - côté,3,2,2,0,1,1,2,0,1,50,,2,1,0,0,1,26.0,15.0,,,2,2,2,2,3
202100003580,2021-12-07 08:07:00,2021,12,7,8,7,87,87085,GAMBETTA (BOULEVARD),45.82973,1.25814,Crépuscule ou aube,En agglomération,Hors intersection,Pluie légère,Deux véhicules - arrière,4,2,3,0,2,1,2,0,1,50,,3,2,0,0,1,21.0,51.0,,,2,2,1,2,2
202100003581,2021-12-07 19:36:00,2021,12,7,19,36,87,87085,AUTOROUTE A20,45.80732,1.29782,Nuit sans éclairage public,Hors agglomération,Hors intersection,Pluie légère,Deux véhicules - côté,1,3,4,0,1,1,2,0,1,110,,2,0,0,1,1,61.0,55.0,,,3,1,1,2,3
202100003582,2021-12-09 07:45:00,2021,12,9,7,45,86,86194,Rue Albin Haller,46.610899,0.339364,Nuit avec éclairage non allumé,En agglomération,Hors intersection,Autre,Autre collision,4,2,2,0,1,1,7,0,1,50,,2,1,0,0,1,47.0,,,,4,2,1,9,6