accident_id,datetime,annee,mois,jour,heure,minute,departement,commune_insee,adresse,latitude,longitude,luminosite,agglomeration,intersection,meteo,collision,catr,circ,nbv,vosp,prof,plan,surf,infra,situ,vma,nb_vehicules,nb_usagers,nb_indemnes,nb_tues,nb_blesses_hosp,nb_blesses_legers,age_cond_1,age_cond_2,veh_type_cond_1,veh_type_cond_2,lum_code,agg_code,int_code,atm_code,col_code
202100003583,2021-12-09 13:30:00,2021,12,9,13,30,84,84087,PINAY (AVENUE ANTOINE),44.12871,4.7979,Plein jour,En agglomération,Giratoire,Normale,Deux véhicules - côté,4,4,2,0,1,2,1,0,1,50,,2,1,0,1,0,32.0,68.0,,,1,2,6,1,3
202100003584,2021-12-08 18:00:00,2021,12,8,18,0,84,84007,C.De GAULLE (Rocade),43.928763,4.810891,Crépuscule ou aube,Hors agglomération,Hors intersection,Normale,Deux véhicules - frontale,4,3,2,0,1,1,1,0,1,90,,2,1,0,1,0,25.0,25.0,,,2,1,1,1,1
202100003585,2021-12-09 12:30:00,2021,12,9,12,30,83,83090,MONNET (AVE JEAN),43.127603,5.860201,Plein jour,Hors agglomération,Hors intersection,Normale,Deux véhicules - côté,7,2,2,0,1,1,1,0,1,50,,2,1,0,1,0,39.0,43.0,,,1,1,1,1,3
202100003586,2021-12-09 09:00:00,2021,12,9,9,0,83,83090,GARE (ROUTE DE LA),43.12377,5.83137,Plein jour,En agglomération,Hors intersection,Normale,Deux véhicules - côté,4,2,2,0,1,1,1,0,1,50,,2,1,0,0,1,55.0,25.0,,,1,2,1,1,3
202100003587,2021-12-09 11:25:00,2021,12,9,11,25,82,82121,IRLANDE (RUE D'),43.98659,1.33379,Plein jour,En agglomération,Intersection en X,Temps couvert,Deux véhicules - côté,4,2,2,0,1,3,1,0,1,50,,2,1,0,1,0,77.0,25.0,,,1,2,2,8,3
202100003588,2021-12-04 15:50:00,2021,12,4,15,50,78,78126,DE GAULLE CHARLES (AVENUE),48.84673,2.135494,Plein jour,En agglomération,Hors intersection,Normale,Deux véhicules - côté,3,-1,2,0,1,1,1,0,1,50,,2,1,0,0,1,55.0,53.0,,,1,2,1,1,3
202100003589,2021-12-09 11:20:00,2021,12,9,11,20,78,78481,MARECHAL DE LATTRE DE TASSIGNY (AVE DU),48.897816,2.101786,Plein jour,En agglomération,Intersection en T,Normale,Deux véhicules - arrière,3,2,1,1,2,1,1,0,5,45,,2,1,0,1,0,41.0,41.0,,,1,2,3,1,2
202100003590,2021-12-09 16:30:00,2021,12,9,16,30,78,78029,QUARANTE SOUS (RUE DES),48.961735,1.853179,Plein jour,En agglomération,Hors intersection,Normale,Deux véhicules - arrière,3,1,1,0,1,1,1,0,1,50,,2,1,0,0,1,39.0,46.0,,,1,2,1,1,2
202100003591,2021-12-07 16:55:00,2021,12,7,16,55,78,78354,AVENUE DE L EUROPE,48.978589,1.693508,Crépuscule ou aube,En agglomération,Intersection en X,Pluie légère,Autre collision,3,2,2,0,1,1,2,0,1,70,,2,1,0,0,1,47.0,,,,2,2,2,2,6
202100003592,2021-12-08 17:00:00,2021,12,8,17,0,77,77079,D210,48.4199,2.81397,Plein jour,Hors agglomération,Hors intersection,Normale,Sans collision,3,2,2,0,1,1,1,0,8,80,,2,1,0,1,0,33.0,68.0,,,1,1,1,1,7
202100003593,2021-12-10 23:30:00,2021,12,10,23,30,77,77268,RUE DES LABOURS,48.86674,2.81121,Nuit avec éclairage allumé,En agglomération,Hors intersection,Pluie légère,Deux véhicules - frontale,4,1,1,0,1,1,2,0,1,30,,2,1,0,0,1,34.0,36.0,,,5,2,1,2,1
202100003594,2021-12-09 06:50:00,2021,12,9,6,50,77,77186,D152,48.38113,2.65585,Nuit sans éclairage public,Hors agglomération,Hors intersection,Autre,Autre collision,3,2,2,0,2,1,2,0,1,70,,2,1,0,0,1,60.0,,,,3,1,1,9,6
202100003595,2021-12-10 06:45:00,2021,12,10,6,45,76,76319,RN 138,49.3608825616,1.0365517155,Nuit sans éclairage public,Hors agglomération,Hors intersection,Pluie forte,Deux véhicules - côté,2,1,2,0,1,1,2,3,1,90,,2,1,0,0,1,62.0,,,,3,1,1,3,3
202100003596,2021-12-10 05:45:00,2021,12,10,5,45,76,76540,BOURSE. QUAI (HAUT) DE LA,49.43815,1.09156,Nuit avec éclairage allumé,En agglomération,Intersection en X,Pluie légère,Deux véhicules - arrière,7,2,1,0,1,1,2,5,1,50,,7,1,0,0,6,55.0,25.0,,,5,2,2,2,2
202100003597,2021-12-09 12:20:00,2021,12,9,12,20,76,76552,EDITH CAVELL,49.50807,0.08375,Plein jour,En agglomération,Hors intersection,Normale,Autre collision,3,2,2,0,2,2,2,0,4,50,,2,1,1,0,0,48.0,,,,1,2,1,1,6
202100003598,2021-12-09 19:45:00,2021,12,9,19,45,76,76565,RD 54,49.87132,1.08054,Nuit sans éclairage public,Hors agglomération,Intersection en T,Pluie légère,Autre collision,3,2,2,0,1,1,2,0,1,80,,2,1,0,0,1,24.0,52.0,,,3,1,3,2,6
202100003599,2021-12-09 12:45:00,2021,12,9,12,45,76,76565,RD 915,49.878151,1.094951,Plein jour,Hors agglomération,Hors intersection,Normale,Deux véhicules - côté,3,2,2,0,2,1,2,0,1,80,,2,1,0,0,1,43.0,73.0,,,1,1,1,1,3
202100003600,2021-12-08 15:15:00,2021,12,8,15,15,74,74281,RONDE (CHEMIN DE),46.3688331558,6.4832353588,Plein jour,En agglomération,Intersection en Y,Pluie légère,Autre collision,4,2,2,0,2,1,2,0,1,50,,2,1,0,1,0,20.0,,,,1,2,4,2,6
202100003601,2021-12-08 17:15:00,2021,12,8,17,15,74,74010,CARNOT (RUE),45.9054,6.12392,Nuit avec éclairage allumé,En agglomération,Intersection en X,Pluie légère,Autre collision,4,2,2,3,1,1,2,9,1,30,,2,1,0,1,0,55.0,,,,5,2,2,2,6
202100003602,2021-12-10 12:10:00,2021,12,10,12,10,72,72181,ESTEREL (RUE DE L') N° IMPAIRS,47.99562,0.23292,Plein jour,En agglomération,Intersection en T,Normale,Deux véhicules - côté,4,2,2,0,1,1,2,0,1,50,,2,1,0,0,1,54.0,37.0,,,1,2,3,1,3
202100003603,2021-12-10 08:20:00,2021,12,10,8,20,72,72181,RONDEAU JEAN (RUE),48.0073,0.18581,Plein jour,En agglomération,Giratoire,Normale,Deux véhicules - côté,4,1,1,0,1,3,2,0,1,50,,2,1,0,0,1,47.0,71.0,,,1,2,6,1,3
202100003604,2021-12-10 07:00:00,2021,12,10,7,0,72,72181,MITTERAND FRANCOIS (AV),48.00357,0.19977,Nuit avec éclairage allumé,En agglomération,Hors intersection,Pluie légère,Autre collision,4,1,1,1,1,1,2,0,1,50,,2,1,0,1,0,36.0,,,,5,2,1,2,6
202100003605,2021-12-08 18:25:00,2021,12,8,18,25,70,70388,RD457,47.60741,6.12929,Crépuscule ou aube,Hors agglomération,Hors intersection,Temps couvert,Trois véhicules et plus - collisions multiples,3,2,3,0,2,2,2,0,1,70,,4,0,0,1,3,21.0,55.0,,,2,1,1,8,5
202100003606,2021-12-10 12:10:00,2021,12,10,12,10,69,69266,PIERRE LOUIS BERNAIX (R),45.76153,4.89666,Plein jour,En agglomération,Hors intersection,Normale,Deux véhicules - arrière,4,2,2,2,1,1,1,0,1,50,,4,3,0,0,1,40.0,51.0,,,1,2,1,1,2
202100003607,2021-12-09 10:55:00,2021,12,9,10,55,67,67482,ROMAINS (ROUTE DES),48.58287,7.6912,Plein jour,En agglomération,Intersection en T,Normale,Deux véhicules - arrière,4,2,2,0,1,1,1,0,1,50,,2,1,0,0,1,43.0,72.0,,,1,2,3,1,2
202100003608,2021-12-09 07:20:00,2021,12,9,7,20,67,67180,RD 344,48.85581,7.93332,Nuit sans éclairage public,Hors agglomération,Intersection en Y,Pluie légère,Deux véhicules - frontale,3,2,2,0,1,2,2,0,1,70,,2,1,0,0,1,59.0,55.0,,,3,1,4,2,1
202100003609,2021-12-08 08:20:00,2021,12,8,8,20,66,66136,ALDUY (Paul),42.6775820697,2.905164957,Plein jour,En agglomération,Hors intersection,Normale,Deux véhicules - arrière,4,2,2,0,1,1,1,0,1,30,,3,2,0,0,1,45.0,32.0,,,1,2,1,1,2
202100003610,2021-12-09 18:11:00,2021,12,9,18,11,65,65100,CD 902,43.2653,0.06559,Nuit avec éclairage allumé,Hors agglomération,Giratoire,Pluie forte,Deux véhicules - côté,3,2,1,0,1,1,2,5,1,50,,2,1,0,0,1,29.0,41.0,,,5,1,6,3,3
202100003611,2021-12-09 08:35:00,2021,12,9,8,35,65,65440,SAINT-EXUPERY (AVENUE ANTOINE DE),43.2442331667,0.0697552898,Plein jour,En agglomération,Hors intersection,Pluie légère,Autre collision,4,2,2,0,1,1,2,0,1,50,,2,1,0,0,1,41.0,,,,1,2,1,2,6
202100003612,2021-12-10 19:45:00,2021,12,10,19,45,64,64445,VALLEES DES,43.29096,-0.38497,Nuit avec éclairage allumé,En agglomération,Hors intersection,Pluie légère,Deux véhicules - côté,4,2,4,2,1,1,2,0,1,30,,2,1,0,0,1,82.0,42.0,,,5,2,1,2,3
202100003613,2021-12-10 04:30:00,2021,12,10,4,30,64,64024,LECLERC (PLACE DU GENERAL),43.49471,-1.529,Nuit avec éclairage allumé,En agglomération,Hors intersection,Pluie forte,Deux véhicules - frontale,4,2,2,0,1,3,2,0,1,30,,2,1,0,0,1,22.0,51.0,,,5,2,1,3,1
202100003614,2021-12-08 20:50:00,2021,12,8,20,50,64,64024,ESPAGNE (AVENUE D'),43.47867,-1.52166,Nuit avec éclairage allumé,En agglomération,Hors intersection,Neige / grêle,Sans collision,3,3,2,0,1,1,7,0,1,30,,1,0,0,0,1,17.0,,,,5,2,1,4,7
202100003615,2021-12-08 08:00:00,2021,12,8,8,0,64,64024,ADOUR (AVENUE DE L'),43.52579,-1.51032,Nuit avec éclairage allumé,En agglomération,Hors intersection,Pluie forte,Autre collision,4,2,3,0,1,1,2,0,1,50,,2,1,0,1,0,44.0,,,,5,2,1,3,6
202100003616,2021-11-26 14:30:00,2021,11,26,14,30,62,62250,RD 161E,50.453881,2.948662,Plein jour,Hors agglomération,Hors intersection,Pluie forte,Deux véhicules - côté,3,2,2,0,1,2,2,0,1,80,,4,2,0,0,2,36.0,38.0,,,1,1,1,3,3
202100003617,2021-12-09 13:10:00,2021,12,9,13,10,62,62239,DE GAULLE (AVENUE CHARLES),50.9292,1.7979,Plein jour,En agglomération,Giratoire,Normale,Deux véhicules - côté,3,1,2,0,1,3,1,0,1,30,,2,1,0,0,1,52.0,38.0,,,1,2,6,1,3
202100003618,2021-12-09 23:30:00,2021,12,9,23,30,62,62119,LILLE ( RUE DE ),50.52387,2.65422,Nuit avec éclairage allumé,En agglomération,Hors intersection,Pluie légère,Autre collision,3,2,2,0,1,1,2,0,1,50,,4,3,0,0,1,23.0,,,,5,2,1,2,6
202100003619,2021-12-08 07:58:00,2021,12,8,7,58,60,60684,Rue du Général de Gaulle,49.284484466,2.4880760908,Crépuscule ou aube,En agglomération,Hors intersection,Normale,Autre collision,4,2,2,0,1,3,2,0,1,50,,3,2,0,0,1,46.0,,,,2,2,1,1,6
202100003620,2021-12-10 20:00:00,2021,12,10,20,0,59,59636,QUESNOY RUE DE,50.69485,3.04157,Nuit avec éclairage allumé,Hors agglomération,Hors intersection,Normale,Trois véhicules et plus - collisions multiples,7,2,2,0,1,1,1,0,1,50,,3,2,0,0,1,50.0,19.0,,,5,1,1,1,5
202100003621,2021-11-30 07:25:00,2021,11,30,7,25,59,59350,CHAUDE RIVIERE RUE DE,50.634839,3.079454,Nuit avec éclairage allumé,En agglomération,Intersection en T,Pluie forte,Deux véhicules - côté,4,2,4,2,1,1,2,5,1,50,,2,1,0,0,1,23.0,48.0,,,5,2,3,3,3
202100003622,2021-12-10 00:00:00,2021,12,10,0,0,59,59350,FAUBOURG DES POSTES RUE,50.6106869019,3.0454444885,Nuit avec éclairage allumé,En agglomération,Hors intersection,Normale,Autre collision,7,2,2,0,1,1,2,0,4,50,,2,1,0,1,0,,,,,5,2,1,1,6
202100003623,2021-12-09 17:50:00,2021,12,9,17,50,59,59410,ACACIAS AVENUE DES,50.6420970519,3.101234436,Nuit avec éclairage allumé,En agglomération,Autre intersection,Autre,Deux véhicules - côté,7,2,2,1,1,1,2,0,1,50,,2,1,0,0,1,59.0,26.0,,,5,2,9,9,3
202100003624,2021-12-09 06:00:00,2021,12,9,6,0,59,59350,RATISBONNE RUE,50.6296103723,3.0529546738,Nuit avec éclairage allumé,En agglomération,Autre intersection,Pluie légère,Autre collision,4,1,1,0,1,1,2,0,4,50,,2,1,0,0,1,20.0,,,,5,2,9,2,6
202100003625,2021-12-08 17:55:00,2021,12,8,17,55,59,59386,PLATANES RUE DES,50.67516,3.04961,Nuit avec éclairage allumé,En agglomération,Intersection en X,Normale,Deux véhicules - côté,7,2,3,2,1,1,1,0,1,50,,2,1,0,0,1,31.0,19.0,,,5,2,2,1,3
202100003626,2021-12-08 09:32:00,2021,12,8,9,32,58,58194,CHARLEVILLE,46.98872,3.15068,Plein jour,En agglomération,Hors intersection,Normale,Autre collision,3,2,2,0,1,1,1,0,1,30,,2,1,0,1,0,48.0,,,,1,2,1,1,6
202100003627,2021-12-10 14:15:00,2021,12,10,14,15,57,57487,NANCY (RUE DE ),49.104766,6.1085519,Plein jour,En agglomération,Hors intersection,Pluie légère,Autre collision,4,1,1,0,1,2,2,0,1,30,,2,1,0,0,1,71.0,,,,1,2,1,2,6
202100003628,2021-12-09 08:30:00,2021,12,9,8,30,54,54431,FOINS (CHEMIN DES),48.9153,6.05044,Plein jour,En agglomération,Hors intersection,Temps couvert,Autre collision,4,2,-1,0,1,1,2,0,3,50,,1,0,1,0,0,23.0,,,,1,2,1,8,6
202100003629,2021-12-10 18:30:00,2021,12,10,18,30,54,54395,LECLERC (AV. DU GENERAL)174 A 290-101 A,48.68406,6.18602,Nuit avec éclairage allumé,En agglomération,Intersection en X,Normale,Deux véhicules - côté,4,2,3,0,2,1,2,0,1,30,,2,1,0,0,1,42.0,22.0,,,5,2,2,1,3
202100003630,2021-12-10 08:20:00,2021,12,10,8,20,54,54526,JAURES (BOULEVARD JEAN),48.692220973,6.2113688439,Plein jour,En agglomération,Hors intersection,Neige / grêle,Deux véhicules - arrière,7,2,2,0,1,1,5,0,1,50,,2,1,0,0,1,30.0,31.0,,,1,2,1,4,2
202100003631,2021-12-09 15:15:00,2021,12,9,15,15,54,54526,MILLENAIRE (Rond Point An 2000),48.68425,6.22132,Plein jour,En agglomération,Giratoire,Normale,Deux véhicules - côté,7,1,2,0,1,3,1,5,1,50,,2,1,0,0,1,53.0,40.0,,,1,2,6,1,3
202100003632,2021-12-09 07:40:00,2021,12,9,7,40,54,54395,FOCH (AVENUE 18 ET 9 A FIN),48.68698,6.16861,Crépuscule ou aube,En agglomération,Intersection en T,Normale,Deux véhicules - côté,4,1,3,3,1,1,1,-1,1,50,,2,1,0,1,0,40.0,20.0,,,2,2,3,1,3
202100003633,2021-12-07 18:00:00,2021,12,7,18,0,54,54578,MULLER (AVENUE PAUL),48.6671510837,6.1462154383,Nuit avec éclairage allumé,En agglomération,Hors intersection,Temps couvert,Trois véhicules et plus - collisions multiples,4,2,2,0,1,3,2,0,1,50,,3,1,0,0,2,39.0,57.0,,,5,2,1,8,5
202100003634,2021-12-08 08:20:00,2021,12,8,8,20,54,54395,HOCHE (RUE DU GENERAL),48.6845835686,6.1691286787,Plein jour,En agglomération,Intersection en T,Normale,Deux véhicules - côté,4,1,2,2,1,1,1,-1,1,30,,2,1,0,0,1,19.0,61.0,,,1,2,3,1,3
202100003635,2021-12-10 14:10:00,2021,12,10,14,10,51,51454,Rue André Chaillot,49.287,4.02741,Plein jour,En agglomération,Giratoire,Normale,Sans collision,3,1,1,0,1,3,2,0,1,50,,2,1,0,0,1,44.0,,,,1,2,6,1,7
202100003636,2021-12-10 13:30:00,2021,12,10,13,30,51,51454,Avenue de Champagne,49.21358,4.01557,Plein jour,En agglomération,Giratoire,Temps couvert,Deux véhicules - arrière,3,1,2,0,1,1,2,0,1,70,,2,0,0,0,2,51.0,53.0,,,1,2,6,8,2
202100003637,2021-12-10 13:45:00,2021,12,10,13,45,51,51454,Rue Clovis Chezel,49.2403770278,4.0327361226,Plein jour,En agglomération,Hors intersection,Temps couvert,Sans collision,4,2,2,0,1,1,2,0,1,50,,2,1,0,0,1,58.0,,,,1,2,1,8,7
202100003638,2021-12-09 18:10:00,2021,12,9,18,10,51,51454,Rue Jean Baptiste Clément,49.2438535801,4.006485343,Nuit avec éclairage allumé,En agglomération,Intersection en T,Temps couvert,Deux véhicules - côté,4,2,2,0,2,1,2,0,1,50,,2,1,0,0,1,20.0,64.0,,,5,2,3,8,3
202100003639,2021-12-10 11:30:00,2021,12,10,11,30,50,50218,HAUTESERVE (BD),48.83743,-1.59394,Plein jour,En agglomération,Intersection en T,Pluie légère,Autre collision,3,1,1,0,2,1,2,8,1,30,,3,2,0,1,0,66.0,,,,1,2,3,2,6
202100003640,2021-12-09 17:05:00,2021,12,9,17,5,50,50416,HAGUE (BOULEVARD DE LA),49.66754,-1.70187,Nuit avec éclairage allumé,Hors agglomération,Hors intersection,Pluie légère,Autre collision,3,2,2,2,1,2,2,0,1,50,,1,0,0,0,1,36.0,,,,5,1,1,2,6
202100003641,2021-12-08 00:40:00,2021,12,8,0,40,50,50416,BRETON (RUE DU),49.653726,-1.706795,Nuit avec éclairage allumé,Hors agglomération,Hors intersection,Pluie légère,Autre collision,3,2,2,0,1,2,2,0,1,70,,1,0,0,0,1,30.0,,,,5,1,1,2,6
202100003642,2021-12-04 18:05:00,2021,12,4,18,5,50,50129,HAGUE (BOULEVARD DE LA),49.66741,-1.69686,Nuit avec éclairage allumé,En agglomération,Intersection en X,Pluie forte,Deux véhicules - arrière,3,2,2,1,1,1,2,5,1,50,,3,0,0,0,3,37.0,37.0,,,5,2,2,3,2
202100003643,2021-12-09 22:12:00,2021,12,9,22,12,49,49007,Boulevard de la Résistance et de la Déportation,47.47127,-0.54717,Nuit avec éclairage allumé,En agglomération,Hors intersection,Normale,Deux véhicules - côté,4,2,2,0,1,1,2,0,1,50,,2,1,0,0,1,21.0,19.0,,,5,2,1,1,3
202100003644,2021-12-09 21:37:00,2021,12,9,21,37,49,49007,Place Molière,47.47344,-0.55544,Nuit avec éclairage allumé,En agglomération,Hors intersection,Pluie légère,Autre collision,4,2,2,0,1,1,2,0,1,50,,2,1,0,0,1,73.0,,,,5,2,1,2,6
202100003645,2021-12-09 12:54:00,2021,12,9,12,54,49,49007,ONZE NOVEMBRE 1918 AVENUE,47.47097,-0.54578,Plein jour,En agglomération,Hors intersection,Normale,Autre collision,4,2,2,0,1,1,1,0,1,50,,2,1,0,0,1,,,,,1,2,1,1,6
202100003646,2021-12-09 11:28:00,2021,12,9,11,28,49,49007,CHARLET,47.47334,-0.57653,Plein jour,En agglomération,Hors intersection,Normale,Deux véhicules - arrière,4,1,1,0,1,1,1,0,1,50,,2,1,0,0,1,53.0,19.0,,,1,2,1,1,2
202100003647,2021-12-09 09:01:00,2021,12,9,9,1,49,49267,HERAUDIERES,47.46106,-0.47894,Plein jour,En agglomération,Giratoire,Normale,Sans collision,4,1,2,0,1,2,1,0,1,30,,1,0,0,0,1,49.0,,,,1,2,6,1,7
202100003648,2021-12-10 20:05:00,2021,12,10,20,5,47,47001,JAURES (AV. JEAN),44.19549,0.64225,Nuit avec éclairage allumé,En agglomération,Hors intersection,Pluie légère,Deux véhicules - arrière,3,2,4,0,1,3,2,0,1,50,,3,1,0,0,2,67.0,27.0,,,5,2,1,2,2
202100003649,2021-12-10 22:20:00,2021,12,10,22,20,45,45147,368 Rue du Faubourg Bannier,47.9321,1.89515,Nuit avec éclairage allumé,En agglomération,Hors intersection,Normale,Autre collision,4,2,2,0,1,1,1,0,1,50,,2,1,0,0,1,,,,,5,2,1,1,6
202100003650,2021-12-08 17:10:00,2021,12,8,17,10,45,45284,Avenue du Capitaine Jean,47.91058,1.95236,Plein jour,En agglomération,Giratoire,Normale,Deux véhicules - frontale,7,4,2,1,1,3,1,5,8,50,,2,1,1,0,0,13.0,42.0,,,1,2,6,1,1
202100003651,2021-12-09 08:40:00,2021,12,9,8,40,45,45068,49 Rue Aristide Briand,48.0099726139,2.7401098609,Plein jour,En agglomération,Hors intersection,Autre,Deux véhicules - arrière,4,2,2,0,1,1,7,0,1,50,,3,2,0,0,1,28.0,39.0,,,1,2,1,9,2
202100003652,2021-12-07 12:00:00,2021,12,7,12,0,44,44184,FAURÉ (RUE GABRIEL),47.26862,-2.23627,Plein jour,En agglomération,Hors intersection,Pluie forte,Autre collision,4,3,4,3,2,1,2,0,1,50,,2,1,0,1,0,26.0,,,,1,2,1,3,6
202100003653,2021-12-10 18:00:00,2021,12,10,18,0,44,44109,QUAI DE LA FOSSE,47.20997,-1.56425,Nuit avec éclairage allumé,En agglomération,Hors intersection,Normale,Deux véhicules - côté,4,3,4,2,1,1,1,0,1,50,,2,1,0,1,0,37.0,26.0,,,5,2,1,1,3
202100003654,2021-12-09 17:55:00,2021,12,9,17,55,44,44109,BOULEVARD VICTOR HUGO,47.203507,-1.55097,Nuit avec éclairage allumé,En agglomération,Hors intersection,Pluie forte,Autre collision,4,2,2,2,1,1,2,0,1,50,,2,1,0,0,1,48.0,,,,5,2,1,3,6
202100003655,2021-12-10 03:45:00,2021,12,10,3,45,43,43002,Avenue de Bonneville,45.0506558928,3.8824412227,Nuit avec éclairage allumé,En agglomération,Giratoire,Neige / grêle,Autre collision,3,2,2,0,1,1,5,5,3,50,,1,0,0,0,1,24.0,,,,5,2,6,4,6
202100003656,2021-12-10 21:36:00,2021,12,10,21,36,38,38544,CD 41,45.52829,4.87476,Nuit avec éclairage allumé,En agglomération,Place,Normale,Deux véhicules - côté,3,2,2,0,2,1,2,5,1,50,,2,1,0,0,1,22.0,23.0,,,5,2,7,1,3
202100003657,2021-12-09 21:30:00,2021,12,9,21,30,37,37261,TONNELLE (BOULEVARD),47.3826094051,0.6683421135,Nuit avec éclairage allumé,En agglomération,Hors intersection,Pluie forte,Deux véhicules - arrière,4,2,2,0,1,1,2,0,1,50,,2,1,0,0,1,28.0,39.0,,,5,2,1,3,2
202100003658,2021-12-09 07:15:00,2021,12,9,7,15,37,37261,VAILLANT (RUE EDOUARD),47.3849857472,0.7003475726,Nuit avec éclairage allumé,En agglomération,Intersection en T,Normale,Deux véhicules - côté,4,2,2,0,1,1,2,0,1,50,,2,1,0,1,0,58.0,46.0,,,5,2,3,1,3
202100003659,2021-12-09 09:30:00,2021,12,9,9,30,37,37233,VAILLANT COUTURIER (RUE PAUL),47.3945000308,0.7112360001,Plein jour,En agglomération,Hors intersection,Normale,Deux véhicules - côté,4,2,2,0,1,1,2,0,1,50,,2,1,0,0,1,24.0,40.0,,,1,2,1,1,3
202100003660,2021-12-10 18:00:00,2021,12,10,18,0,35,35238,BOURGEOIS (BOULEVARD LEON),48.10032,-1.65002,Nuit avec éclairage allumé,En agglomération,Intersection en X,Pluie légère,Autre collision,4,2,3,3,1,1,2,5,8,50,,2,1,0,0,1,68.0,,,,5,2,2,2,6
202100003661,2021-12-09 23:10:00,2021,12,9,23,10,35,35238,LORIENT (DE),48.106957,-1.725625,Nuit avec éclairage allumé,En agglomération,Hors intersection,Pluie légère,Autre collision,2,3,4,0,1,1,2,0,8,50,,1,0,0,0,1,46.0,,,,5,2,1,2,6
202100003662,2021-12-09 19:30:00,2021,12,9,19,30,35,35278,ETANG DU DIABLE (RUE DE L'),48.137929,-1.686247,Nuit sans éclairage public,Hors agglomération,Hors intersection,Pluie forte,Autre collision,4,2,2,3,1,3,2,9,1,50,,2,1,0,0,1,25.0,,,,3,1,1,3,6
202100003663,2021-12-09 20:36:00,2021,12,9,20,36,35,35055,BIGNON (RUE DU),48.0977461788,-1.6239391566,Nuit avec éclairage allumé,En agglomération,Giratoire,Pluie légère,Sans collision,4,2,2,0,1,2,2,5,1,50,,1,0,0,0,1,57.0,,,,5,2,6,2,7
202100003664,2021-12-09 17:06:00,2021,12,9,17,6,35,35238,PORTE DE CLEUNAY,48.098785,-1.714035,Crépuscule ou aube,En agglomération,Hors intersection,Pluie forte,Deux véhicules - arrière,2,3,4,0,1,1,2,3,1,90,,3,1,0,0,2,39.0,37.0,,,2,2,1,3,2
202100003665,2021-12-09 14:15:00,2021,12,9,14,15,35,35238,LORIENT (DE),48.10802,-1.7006,Plein jour,En agglomération,Hors intersection,Pluie légère,Deux véhicules - arrière,4,2,2,2,1,1,2,0,1,50,,2,1,0,0,1,22.0,20.0,,,1,2,1,2,2
202100003666,2021-12-08 20:10:00,2021,12,8,20,10,35,35055,AVENUE D'ORIENT,48.08715,-1.60184,Nuit avec éclairage allumé,En agglomération,Intersection en T,Normale,Deux véhicules - frontale,7,2,2,0,1,1,1,0,1,50,,3,2,0,0,1,29.0,27.0,,,5,2,3,1,1
202100003667,2021-12-09 05:20:00,2021,12,9,5,20,34,34172,VILLENEUVE-ANGOULEME (AVENUE DE,43.58883,3.86579,Nuit avec éclairage allumé,En agglomération,Hors intersection,Normale,Deux véhicules - frontale,4,1,1,0,1,1,1,0,1,30,,2,0,0,2,0,54.0,25.0,,,5,2,1,1,1
202100003668,2021-12-04 09:30:00,2021,12,4,9,30,34,34032,MISTRAL FREDERIC (BD),43.34482,3.22013,Plein jour,En agglomération,Intersection en X,Normale,Autre collision,4,2,2,0,1,1,1,0,1,50,,2,1,1,0,0,80.0,,,,1,2,2,1,6
202100003669,2021-12-10 17:20:00,2021,12,10,17,20,33,33063,Place de la Victoire,44.83077,-0.57307,Nuit avec éclairage allumé,En agglomération,Place,Pluie légère,Autre collision,4,2,2,0,1,2,2,0,1,50,,2,1,0,0,1,19.0,,,,5,2,7,2,6
202100003670,2021-12-09 18:20:00,2021,12,9,18,20,33,33075,AVE PERIER,44.8763,-0.5823,Nuit avec éclairage allumé,En agglomération,Giratoire,Pluie légère,Deux véhicules - côté,4,1,1,0,1,2,2,0,1,50,,2,1,0,0,1,48.0,38.0,,,5,2,6,2,3
202100003671,2021-12-09 09:00:00,2021,12,9,9,0,33,33249,Avenue de la Libération,44.87395,-0.51993,Plein jour,En agglomération,Hors intersection,Temps couvert,Autre collision,4,3,4,3,1,1,2,0,6,30,,2,1,0,1,0,29.0,,,,1,2,1,8,6
202100003672,2021-12-09 09:00:00,2021,12,9,9,0,33,33281,CHEM DU PHARE,44.85069,-0.69278,Plein jour,En agglomération,Giratoire,Pluie légère,Deux véhicules - côté,4,3,4,1,1,1,2,9,1,50,,2,1,0,0,1,31.0,41.0,,,1,2,6,2,3
202100003673,2021-12-10 08:45:00,2021,12,10,8,45,31,31555,AV DE FRONTON,43.64627,1.43328,Crépuscule ou aube,En agglomération,Hors intersection,Pluie forte,Autre collision,7,2,2,0,1,1,2,0,1,50,,2,1,0,0,1,51.0,,,,2,2,1,3,6
202100003674,2021-12-10 05:35:00,2021,12,10,5,35,31,31555,AV DE LA GLOIRE,43.60685,1.47292,Nuit avec éclairage allumé,En agglomération,Hors intersection,Pluie légère,Deux véhicules - arrière,4,2,2,0,2,1,2,0,1,50,,2,1,0,1,0,37.0,50.0,,,5,2,1,2,2
202100003675,2021-12-08 17:49:00,2021,12,8,17,49,31,31149,EUGENE MONTEL (BOULEVARD),43.609431,1.336395,Nuit avec éclairage allumé,En agglomération,Hors intersection,Pluie forte,Autre collision,7,3,2,0,1,1,2,9,1,50,,2,1,1,0,0,29.0,,,,5,2,1,3,6
202100003676,2021-12-09 15:35:00,2021,12,9,15,35,31,31483,GAMBETTA (BOULEVARD),43.101394,0.721109,Plein jour,En agglomération,Autre intersection,Pluie forte,Deux véhicules - côté,4,-1,2,0,1,1,2,0,1,50,,3,1,0,0,2,87.0,51.0,,,1,2,9,3,3