accident_id,datetime,annee,mois,jour,heure,minute,departement,commune_insee,adresse,latitude,longitude,luminosite,agglomeration,intersection,meteo,collision,catr,circ,nbv,vosp,prof,plan,surf,infra,situ,vma,nb_vehicules,nb_usagers,nb_indemnes,nb_tues,nb_blesses_hosp,nb_blesses_legers,age_cond_1,age_cond_2,veh_type_cond_1,veh_type_cond_2,lum_code,agg_code,int_code,atm_code,col_code
202100003677,2021-12-09 18:10:00,2021,12,9,18,10,29,29232,D365 - Avenue du Morbihan,47.97815,-4.03566,Nuit sans éclairage public,Hors agglomération,Hors intersection,Pluie légère,Deux véhicules - arrière,3,3,4,0,1,1,2,0,1,110,,2,1,0,0,1,52.0,22.0,,,3,1,1,2,2
202100003678,2021-12-10 09:00:00,2021,12,10,9,0,29,29232,D785 - Pont de Poulguinan,47.98383,-4.11649,Plein jour,En agglomération,Hors intersection,Pluie légère,Autre collision,3,3,4,0,1,1,2,2,1,70,,2,0,0,0,2,53.0,,,,1,2,1,2,6
202100003679,2021-12-08 09:50:00,2021,12,8,9,50,29,29232,Rue de Stang Bihan,48.01048,-4.09648,Plein jour,En agglomération,Hors intersection,Normale,Deux véhicules - arrière,4,2,2,0,1,1,2,0,1,50,,2,1,0,0,1,55.0,77.0,,,1,2,1,1,2
202100003680,2021-12-09 09:50:00,2021,12,9,9,50,27,27681,DEVOS (BOULEVARD JULIEN),49.08685,1.47394,Plein jour,En agglomération,Intersection en X,Normale,Autre collision,4,2,3,1,1,1,1,0,1,50,,2,1,0,0,1,71.0,,,,1,2,2,1,6
202100003681,2021-12-09 13:35:00,2021,12,9,13,35,27,27229,ALLENDE (BOULEVARD DU PRESIDENT),49.00342,1.14796,Plein jour,En agglomération,Hors intersection,Normale,Deux véhicules - arrière,4,1,2,0,1,2,1,0,1,70,,3,2,0,0,1,48.0,69.0,,,1,2,1,1,2
202100003682,2021-12-09 04:25:00,2021,12,9,4,25,26,26058,Avenue Jean Vacher,44.946448,4.893336,Nuit avec éclairage allumé,En agglomération,Intersection en T,Pluie légère,Deux véhicules - frontale,4,2,2,1,1,1,2,0,1,50,,3,1,0,0,2,49.0,,,,5,2,3,2,1
202100003683,2021-12-09 08:28:00,2021,12,9,8,28,26,26362,CREST ROUTE DE,44.91299,4.91403,Crépuscule ou aube,En agglomération,Hors intersection,Normale,Trois véhicules et plus - en chaîne,4,2,2,0,1,1,1,0,1,50,,4,1,0,1,2,21.0,67.0,,,2,2,1,1,4
202100003684,2021-12-10 14:05:00,2021,12,10,14,5,26,26198,164 Route de Marseille,44.538975,4.746154,Plein jour,En agglomération,Hors intersection,Temps couvert,Deux véhicules - côté,4,2,2,0,1,1,1,0,1,50,,2,1,0,1,0,18.0,65.0,,,1,2,1,8,3
202100003685,2021-12-08 13:40:00,2021,12,8,13,40,26,26198,117 Route de Valence,44.58073,4.753132,Plein jour,En agglomération,Hors intersection,Temps couvert,Deux véhicules - côté,4,2,2,0,1,1,2,0,1,50,,3,2,0,0,1,53.0,24.0,,,1,2,1,8,3
202100003686,2021-11-12 14:10:00,2021,11,12,14,10,19,19031,DIX HUIT JUIN 1940 (AVENUE DU),45.15695,1.49054,Plein jour,En agglomération,Intersection en T,Normale,Deux véhicules - côté,3,2,2,0,1,1,1,0,1,50,,3,1,0,0,2,15.0,39.0,,,1,2,3,1,3
202100003687,2021-12-08 07:42:00,2021,12,8,7,42,18,18033,GUERRY (ROUTE DE),47.074,2.419,Crépuscule ou aube,En agglomération,Hors intersection,Normale,Autre collision,4,2,3,0,1,1,1,0,1,50,,2,1,0,1,0,45.0,,,,2,2,1,1,6
202100003688,2021-12-09 19:30:00,2021,12,9,19,30,17,17300,DEMEOCQ   RUE JEAN,46.1518,-1.1398,Nuit avec éclairage allumé,En agglomération,Autre intersection,Pluie forte,Deux véhicules - côté,4,2,3,1,1,1,2,0,1,30,,2,1,0,1,0,41.0,24.0,,,5,2,9,3,3
202100003689,2021-12-09 17:20:00,2021,12,9,17,20,15,15014,Rue des Carmes,44.927372,2.44353,Nuit avec éclairage allumé,En agglomération,Hors intersection,Normale,Deux véhicules - frontale,4,1,2,1,1,1,1,0,1,50,,2,1,0,0,1,25.0,46.0,,,5,2,1,1,1
202100003690,2021-12-09 14:35:00,2021,12,9,14,35,14,14327,BELLES PORTES (BOULEVARD DES),49.20071,-0.3308,Plein jour,En agglomération,Hors intersection,Normale,Autre collision,4,2,1,0,1,1,1,0,6,30,,2,1,0,0,1,38.0,,,,1,2,1,1,6
202100003691,2021-12-09 12:55:00,2021,12,9,12,55,14,14118,JUIN (BOULEVARD MARECHAL),49.20975,-0.37103,Plein jour,En agglomération,Intersection en T,Normale,Deux véhicules - côté,3,2,2,0,1,1,1,0,1,50,,3,1,0,0,2,50.0,22.0,,,1,2,3,1,3
202100003692,2021-12-09 13:28:00,2021,12,9,13,28,14,14118,JEAN BAPTISTE COLBERT (RUE),49.21027,-0.367541,Plein jour,En agglomération,Intersection en T,Normale,Autre collision,3,3,4,0,1,1,1,0,8,50,,2,1,0,0,1,27.0,,,,1,2,3,1,6
202100003693,2021-12-09 08:00:00,2021,12,9,8,0,14,14118,ROUTE DE LION,49.2042,-0.35202,Crépuscule ou aube,En agglomération,Intersection en T,Temps couvert,Deux véhicules - côté,3,-1,0,0,1,1,1,0,1,50,,2,1,0,0,1,52.0,33.0,,,2,2,3,8,3
202100003694,2021-12-10 20:51:00,2021,12,10,20,51,13,13201,VOLTAIRE    IMPAIRS (BOULEVARD),43.3,5.38,Nuit avec éclairage allumé,En agglomération,Autre intersection,Normale,Deux véhicules - côté,4,2,1,0,2,1,1,0,1,50,,2,1,0,0,1,28.0,,,,5,2,9,1,3
202100003695,2021-12-10 14:45:00,2021,12,10,14,45,13,13203,NATIONAL (BOULEVARD),43.31188,5.37728,Plein jour,En agglomération,Intersection en T,Normale,Deux véhicules - côté,4,2,2,0,1,1,1,0,1,50,,2,1,0,0,1,23.0,40.0,,,1,2,3,1,3
202100003696,2021-12-10 03:50:00,2021,12,10,3,50,13,13214,SAINTE MARTHE (chemin),43.32032,5.39008,Nuit avec éclairage allumé,En agglomération,Hors intersection,Pluie légère,Deux véhicules - frontale,4,2,2,0,2,3,2,0,1,50,,3,1,1,1,0,,46.0,,,5,2,1,2,1
202100003697,2021-12-09 15:00:00,2021,12,9,15,0,13,13201,SAINT BAZILE (RUE),43.30004,5.38358,Plein jour,En agglomération,Intersection à plus de 4 branches,Normale,Deux véhicules - côté,4,1,4,0,2,1,1,0,1,30,,2,1,0,0,1,23.0,55.0,,,1,2,5,1,3
202100003698,2021-12-09 14:05:00,2021,12,9,14,5,13,13206,ROGER BRUN (RUE),43.285613113,5.3929885374,Plein jour,En agglomération,Hors intersection,Normale,Deux véhicules - côté,4,1,1,0,1,1,1,0,1,50,,2,1,0,0,1,,47.0,,,1,2,1,1,3
202100003699,2021-12-09 07:40:00,2021,12,9,7,40,13,13212,CHARLES KADDOUZ (RUE),43.3141298106,5.4323409372,Plein jour,En agglomération,Hors intersection,Normale,Deux véhicules - côté,4,2,4,1,1,1,1,0,5,50,,2,1,0,1,0,38.0,42.0,,,1,2,1,1,3
202100003700,2021-12-10 13:30:00,2021,12,10,13,30,11,11069,ZI PONT ROUGE,43.23661,2.36648,Plein jour,En agglomération,Hors intersection,Pluie légère,Deux véhicules - côté,6,-1,-1,0,1,1,2,9,8,50,,2,1,0,0,1,18.0,27.0,,,1,2,1,2,3
202100003701,2021-12-08 16:38:00,2021,12,8,16,38,11,11069,GAMBETTA SQUARE -IMPAIR-,43.21175,2.35753,Plein jour,En agglomération,Hors intersection,Pluie légère,Deux véhicules - arrière,3,1,2,0,1,1,2,6,1,50,,3,2,0,0,1,33.0,15.0,,,1,2,1,2,2
202100003702,2021-12-10 17:25:00,2021,12,10,17,25,10,10333,ROCADE OUEST (RD 610),48.2769,4.04346,Nuit sans éclairage public,En agglomération,Hors intersection,Temps couvert,Trois véhicules et plus - en chaîne,3,1,2,0,1,1,1,0,1,110,,3,2,0,0,1,19.0,55.0,,,3,2,1,8,4
202100003703,2021-12-09 13:45:00,2021,12,9,13,45,10,10333,MARAYE (RUE),48.28683,4.04545,Plein jour,En agglomération,Intersection en X,Temps éblouissant,Deux véhicules - côté,3,2,2,0,1,1,1,0,1,50,,2,1,0,0,1,37.0,80.0,,,1,2,2,7,3
202100003704,2021-12-09 07:30:00,2021,12,9,7,30,10,10325,GABRIEL DEHEURLES (AVENUE),48.264959,4.04122,Crépuscule ou aube,En agglomération,Autre intersection,Autre,Deux véhicules - côté,2,2,3,0,1,2,9,0,3,50,,2,1,0,0,1,47.0,38.0,,,2,2,9,9,3
202100003705,2021-12-10 10:05:00,2021,12,10,10,5,09,09225,VILLENEUVE ROUTE DE,43.1306,1.62181,Plein jour,En agglomération,Hors intersection,Pluie légère,Sans collision,4,2,2,0,1,1,2,0,1,50,,2,1,0,0,1,56.0,17.0,,,1,2,1,2,7
202100003706,2021-12-08 13:50:00,2021,12,8,13,50,08,08409,JAURES (RUE JEAN),49.69818,4.93175,Plein jour,En agglomération,Hors intersection,Normale,Deux véhicules - côté,4,-1,2,0,1,1,1,0,1,50,,2,1,0,1,0,61.0,15.0,,,1,2,1,1,3
202100003707,2021-12-11 22:27:00,2021,12,11,22,27,06,06083,"SOSPEL (AVENUE DE, N° 1 A 55)",43.7793,7.4936,Nuit avec éclairage allumé,En agglomération,Hors intersection,Normale,Deux véhicules - côté,4,1,1,0,2,1,1,0,1,50,,2,1,0,1,0,48.0,62.0,,,5,2,1,1,3
202100003708,2021-12-10 19:25:00,2021,12,10,19,25,06,06027,NICE AVENUE DE (RN7),43.6552,7.1518,Nuit avec éclairage allumé,En agglomération,Hors intersection,Normale,Autre collision,7,2,2,2,1,1,1,5,1,50,,2,0,0,1,1,31.0,,,,5,2,1,1,6
202100003709,2021-12-09 23:54:00,2021,12,9,23,54,06,06027,CANNES AVENUE DE (RN7),43.649713,7.140623,Nuit avec éclairage allumé,En agglomération,Hors intersection,Normale,Deux véhicules - arrière,7,2,2,0,1,3,1,0,1,50,,4,2,0,1,1,19.0,33.0,,,5,2,1,1,2
202100003710,2021-12-09 09:30:00,2021,12,9,9,30,06,06123,AGRICULTEURS ALLEE DES,43.702972,7.181489,Plein jour,En agglomération,Hors intersection,Normale,Deux véhicules - arrière,4,2,2,0,1,1,1,0,1,50,,2,1,0,0,1,36.0,55.0,,,1,2,1,1,2
202100003711,2021-12-09 07:45:00,2021,12,9,7,45,06,06123,PUGETS ROUTE DES,43.69129,7.184022,Plein jour,En agglomération,Hors intersection,Normale,Deux véhicules - arrière,7,2,2,0,1,1,1,0,1,50,,2,1,0,0,1,56.0,66.0,,,1,2,1,1,2
202100003712,2021-12-09 10:19:00,2021,12,9,10,19,05,05061,CARREFOUR DE L'EUROPE,44.55483,6.07499,Plein jour,En agglomération,Giratoire,Normale,Deux véhicules - côté,2,1,2,0,1,2,2,5,1,50,,2,1,0,0,1,55.0,72.0,,,1,2,6,1,3
202100003713,2021-12-08 09:15:00,2021,12,8,9,15,05,05061,LUYE ( ROUTE DE LA ),44.52261,6.05962,Plein jour,Hors agglomération,Intersection en T,Neige / grêle,Deux véhicules - côté,3,2,2,0,2,1,5,0,1,50,,2,1,0,0,1,49.0,57.0,,,1,1,3,4,3
202100003714,2021-12-09 09:50:00,2021,12,9,9,50,03,03190,GAULLE (AV. DU GAL. DE),46.57119,3.32381,Plein jour,En agglomération,Hors intersection,Normale,Deux véhicules - arrière,4,2,1,1,1,1,1,0,1,30,,2,1,0,1,0,32.0,58.0,,,1,2,1,1,2
202100003715,2021-12-08 17:30:00,2021,12,8,17,30,02,02408,RN2,49.54848,3.61819,Nuit sans éclairage public,En agglomération,Hors intersection,Normale,Trois véhicules et plus - collisions multiples,2,2,2,0,1,1,1,3,1,80,,4,1,1,2,0,23.0,41.0,,,3,2,1,1,5
202100003716,2021-12-09 23:50:00,2021,12,9,23,50,75,75117,PORTE D ASNIERES,48.892762,2.302367,Nuit avec éclairage allumé,En agglomération,Hors intersection,Pluie forte,Sans collision,4,1,4,0,1,1,2,0,1,70,,1,0,0,0,1,21.0,,,,5,2,1,3,7
202100003717,2021-12-10 01:21:00,2021,12,10,1,21,75,75111,BOULEVARD RICHARD LENOIR,48.854017,2.368977,Nuit avec éclairage allumé,En agglomération,Intersection en X,Pluie légère,Autre collision,4,3,1,1,1,1,2,0,1,30,,3,2,0,1,0,27.0,,,,5,2,2,2,6
202100003718,2021-12-10 15:00:00,2021,12,10,15,0,75,75105,RUE BROCA,48.839021,2.349235,Plein jour,En agglomération,Intersection en X,Normale,Autre collision,4,1,1,0,2,1,2,0,1,30,,2,1,0,0,1,57.0,,,,1,2,2,1,6
202100003719,2021-12-09 18:30:00,2021,12,9,18,30,75,75120,AVENUE DE LA PORTE DE VINCENNES,48.846703,2.415874,Nuit avec éclairage allumé,En agglomération,Intersection en X,Normale,Deux véhicules - côté,4,2,3,0,1,1,1,-1,5,30,,2,1,0,0,1,40.0,24.0,,,5,2,2,1,3
202100003720,2021-12-10 11:10:00,2021,12,10,11,10,75,75119,AVENUE DE FLANDRE,48.8906150672,2.3768019676,Plein jour,En agglomération,Intersection en X,Pluie légère,Deux véhicules - côté,4,2,3,0,1,1,2,0,1,30,,2,1,0,0,1,25.0,74.0,,,1,2,2,2,3
202100003721,2021-12-10 09:40:00,2021,12,10,9,40,75,75119,RUE DE L OURCQ,48.891885,2.379955,Plein jour,En agglomération,Hors intersection,Pluie légère,Deux véhicules - arrière,4,2,2,0,2,1,2,0,1,30,,2,1,0,0,1,27.0,42.0,,,1,2,1,2,2
202100003722,2021-12-09 15:35:00,2021,12,9,15,35,75,75117,BOULEVARD DES BATIGNOLLES,48.882343,2.320959,Plein jour,En agglomération,Intersection en X,Normale,Deux véhicules - côté,4,-1,0,0,1,1,1,0,1,30,,2,1,0,0,1,22.0,37.0,,,1,2,2,1,3
202100003723,2021-12-10 10:20:00,2021,12,10,10,20,75,75108,PLACE DE L ALMA,48.86427,2.30153,Plein jour,En agglomération,Place,Pluie légère,Deux véhicules - côté,4,2,1,0,1,1,2,0,1,30,,2,1,0,0,1,56.0,37.0,,,1,2,7,2,3
202100003724,2021-12-10 02:00:00,2021,12,10,2,0,75,75116,AVENUE DU PRESIDENT KENNEDY,48.854475,2.283495,Nuit avec éclairage allumé,En agglomération,Intersection à plus de 4 branches,Pluie légère,Autre collision,4,1,3,3,1,1,2,-1,6,30,,1,0,0,0,1,71.0,,,,5,2,5,2,6
202100003725,2021-12-10 19:13:00,2021,12,10,19,13,75,75115,BOULEVARD LEFEBVRE,48.832687,2.288369,Nuit avec éclairage allumé,En agglomération,Intersection en Y,Normale,Autre collision,4,-1,2,0,1,1,1,0,1,50,,2,1,0,0,1,38.0,,,,5,2,4,1,6
202100003726,2021-12-10 18:30:00,2021,12,10,18,30,75,75115,QUAI ANDRE CITROEN,48.848436,2.280903,Nuit avec éclairage allumé,En agglomération,Intersection en Y,Normale,Autre collision,4,-1,1,0,1,1,1,0,1,30,,1,0,0,0,1,19.0,,,,5,2,4,1,6
202100003727,2021-12-08 18:15:00,2021,12,8,18,15,75,75115,BOULEVARD DE GRENELLE,48.849155,2.298041,Nuit avec éclairage allumé,En agglomération,Intersection en X,Normale,Deux véhicules - arrière,4,2,2,1,1,1,1,0,1,30,,3,2,0,0,1,58.0,,,,5,2,2,1,2
202100003728,2021-12-10 13:40:00,2021,12,10,13,40,75,75114,BOULEVARD SAINT JACQUES,48.83265,2.337406,Plein jour,En agglomération,Hors intersection,Normale,Sans collision,4,1,1,1,2,1,2,-1,5,30,,1,0,0,0,1,18.0,,,,1,2,1,1,7
202100003729,2021-12-10 06:45:00,2021,12,10,6,45,75,75113,QUAI D AUSTERLITZ,48.841919,2.367879,Nuit avec éclairage allumé,En agglomération,Intersection en X,Pluie légère,Deux véhicules - côté,4,2,6,0,1,1,2,0,1,30,,2,1,0,0,1,46.0,37.0,,,5,2,2,2,3
202100003730,2021-12-10 19:50:00,2021,12,10,19,50,75,75112,RUE DE CHARENTON,48.833084,2.395699,Nuit avec éclairage allumé,En agglomération,Hors intersection,Normale,Deux véhicules - côté,4,2,2,0,1,1,1,0,1,30,,3,1,0,0,2,61.0,33.0,,,5,2,1,1,3
202100003731,2021-12-10 19:10:00,2021,12,10,19,10,75,75111,AVENUE PHILIPPE AUGUSTE,48.849358,2.395318,Nuit avec éclairage allumé,En agglomération,Place,Normale,Deux véhicules - côté,4,2,2,0,1,1,1,0,1,30,,2,1,0,0,1,53.0,38.0,,,5,2,7,1,3
202100003732,2021-12-10 12:00:00,2021,12,10,12,0,75,75108,RUE DE MONCEAU,48.876708,2.308607,Plein jour,En agglomération,Intersection en T,Temps couvert,Deux véhicules - côté,4,1,1,2,1,1,2,0,1,30,,2,1,0,0,1,36.0,,,,1,2,3,8,3
202100003733,2021-12-10 14:35:00,2021,12,10,14,35,75,75107,AVENUE JOSEPH BOUVARD,48.854868,2.296385,Plein jour,En agglomération,Intersection en X,Normale,Autre collision,4,2,2,1,1,2,2,0,1,30,,3,2,0,0,1,25.0,,,,1,2,2,1,6
202100003734,2021-12-10 14:45:00,2021,12,10,14,45,75,75103,RUE DE TURBIGO,48.864428,2.351511,Plein jour,En agglomération,Intersection en X,Vent fort / tempête,Autre collision,4,2,4,1,1,1,1,-1,5,30,,2,1,0,0,1,27.0,,,,1,2,2,6,6
202100003735,2021-12-10 14:40:00,2021,12,10,14,40,94,94003,Avenue Paul Doumer,48.80633,2.33714,Plein jour,En agglomération,Hors intersection,Normale,Deux véhicules - arrière,3,2,2,0,2,1,1,0,1,50,,2,1,0,0,1,23.0,,,,1,2,1,1,2
202100003736,2021-12-09 20:00:00,2021,12,9,20,0,94,94033,Place du General de Gaulle,48.8522,2.4854,Nuit avec éclairage allumé,En agglomération,Giratoire,Normale,Deux véhicules - arrière,3,1,3,0,1,2,1,5,1,50,,2,1,0,0,1,25.0,33.0,,,5,2,6,1,2
202100003737,2021-12-09 16:30:00,2021,12,9,16,30,94,94028,Avenue du Général de Gaulle,48.787501,2.446649,Crépuscule ou aube,En agglomération,Hors intersection,Normale,Deux véhicules - arrière,3,3,3,0,2,1,1,0,1,50,,3,2,0,0,1,31.0,33.0,,,2,2,1,1,2
202100003738,2021-12-09 22:45:00,2021,12,9,22,45,94,94053,Gr Pierre Mendès-France,48.7728031825,2.5455987453,Nuit avec éclairage allumé,En agglomération,Intersection en T,Pluie forte,Deux véhicules - côté,3,2,2,0,1,1,2,0,1,50,,2,1,0,1,0,23.0,18.0,,,5,2,3,3,3
202100003739,2021-12-10 15:50:00,2021,12,10,15,50,94,94071,BONNEUIL (AV DE),48.76949,2.51066,Plein jour,En agglomération,Hors intersection,Normale,Sans collision,4,2,2,0,2,1,1,0,8,50,,3,1,0,0,2,59.0,,,,1,2,1,1,7
202100003740,2021-12-10 11:10:00,2021,12,10,11,10,93,93078,COUTURIER (AVENUE PAUL VAILLANT),48.9602055932,2.5332820415,Plein jour,En agglomération,Intersection en Y,Autre,Deux véhicules - frontale,4,-1,1,0,1,3,2,0,1,50,,3,2,0,1,0,33.0,40.0,,,1,2,4,9,1
202100003741,2021-12-10 08:15:00,2021,12,10,8,15,93,93073,DEQUET (RUE LOUIS),48.9491611431,2.5843566656,Crépuscule ou aube,En agglomération,Intersection en T,Pluie légère,Autre collision,4,1,1,0,1,1,2,9,1,50,,2,1,0,0,1,29.0,,,,2,2,3,2,6
202100003742,2021-12-10 17:15:00,2021,12,10,17,15,93,93071,PAUL FORT (ALLEE),48.9453898182,2.5487146679,Nuit avec éclairage allumé,En agglomération,Intersection en Y,Normale,Deux véhicules - côté,4,2,2,0,1,1,1,0,1,50,,2,1,0,0,1,49.0,51.0,,,5,2,4,1,3
202100003743,2021-12-10 09:08:00,2021,12,10,9,8,93,93066,COLONEL FABIEN (AVENUE),48.9448979456,2.3537551144,Plein jour,En agglomération,Autre intersection,Pluie légère,Deux véhicules - côté,3,2,2,0,1,1,2,0,1,50,,2,1,0,0,1,41.0,23.0,,,1,2,9,2,3
202100003744,2021-12-09 14:58:00,2021,12,9,14,58,93,93066,MONTMORENCY,48.94,2.37,Plein jour,En agglomération,Intersection en X,Normale,Deux véhicules - côté,3,1,1,0,1,1,1,0,1,30,,2,1,0,0,1,35.0,27.0,,,1,2,2,1,3
202100003745,2021-12-10 18:40:00,2021,12,10,18,40,93,93046,REPUBLIQUE AVENUE DE LA,48.9056029854,2.5241839886,Nuit avec éclairage allumé,En agglomération,Hors intersection,Normale,Deux véhicules - côté,4,2,2,0,1,1,1,0,1,50,,2,1,0,0,1,32.0,,,,5,2,1,1,3
202100003746,2021-12-10 18:37:00,2021,12,10,18,37,93,93031,DUNKERQUE (DE),48.9582949152,2.2970593977,Nuit avec éclairage allumé,En agglomération,Intersection en T,Normale,Autre collision,4,-1,1,0,1,1,1,0,1,30,,2,1,0,0,1,37.0,,,,5,2,3,1,6
202100003747,2021-12-10 01:25:00,2021,12,10,1,25,93,93010,BLANQUI (R. LOUIS-AUGUSTE) DE 23 A 125 C,48.8992388032,2.4834806264,Nuit avec éclairage allumé,En agglomération,Hors intersection,Pluie forte,Sans collision,4,2,0,0,1,1,2,0,1,30,,1,0,0,0,1,16.0,,,,5,2,1,3,7
202100003748,2021-12-10 14:30:00,2021,12,10,14,30,92,92072,EUROPE (AVENUE DE L'),48.8230337002,2.2095930576,Plein jour,En agglomération,Hors intersection,Normale,Sans collision,3,3,4,0,1,1,1,0,1,50,,2,1,0,0,1,46.0,,,,1,2,1,1,7
202100003749,2021-12-10 18:05:00,2021,12,10,18,5,92,92064,DAILLY,48.844333,2.220411,Nuit avec éclairage allumé,En agglomération,Hors intersection,Normale,Autre collision,3,2,2,0,2,1,1,0,1,50,,2,1,0,0,1,26.0,,,,5,2,1,1,6
202100003750,2021-12-10 08:00:00,2021,12,10,8,0,92,92062,WALLACE (BD RICHARD) DU 17 AU 91 ET DU 3,48.8808143449,2.237842083,Nuit avec éclairage allumé,En agglomération,Intersection en X,Pluie forte,Deux véhicules - côté,4,-1,2,0,1,1,2,0,1,50,,2,1,0,0,1,27.0,48.0,,,5,2,2,3,3
202100003751,2021-12-10 08:10:00,2021,12,10,8,10,92,92050,LECLERC GENERAL AVENUE DU,48.899027516,2.1913540363,Nuit avec éclairage allumé,En agglomération,Hors intersection,Pluie légère,Autre collision,4,2,2,0,1,1,2,0,1,50,,2,1,0,0,1,,,,,5,2,1,2,6
202100003752,2021-12-09 18:20:00,2021,12,9,18,20,92,92025,JULIEN GALLE (RUE),48.9233281689,2.2583824396,Nuit avec éclairage allumé,En agglomération,Intersection en T,Normale,Autre collision,3,2,2,3,1,1,1,6,1,30,,3,2,0,0,1,47.0,,,,5,2,3,1,6
202100003753,2021-12-09 17:15:00,2021,12,9,17,15,92,92025,EUROPE (AV DE L'),48.926162,2.24295,Nuit avec éclairage allumé,En agglomération,Intersection en T,Normale,Deux véhicules - côté,3,2,2,1,1,1,1,0,1,30,,2,1,0,0,1,64.0,21.0,,,5,2,3,1,3
202100003754,2021-12-10 17:23:00,2021,12,10,17,23,92,92023,GARENNE (ROUTE DE LA),48.7771344217,2.2300422192,Nuit avec éclairage allumé,En agglomération,Hors intersection,Normale,Autre collision,3,1,0,0,1,1,2,9,1,50,,2,0,0,0,2,37.0,,,,5,2,1,1,6
202100003755,2021-12-10 17:01:00,2021,12,10,17,1,92,92023,GENERAL DE GAULLE (AVENUE DU),48.7852461932,2.251188755,Nuit avec éclairage allumé,En agglomération,Autre intersection,Normale,Deux véhicules - côté,3,-1,3,0,1,1,1,0,1,50,,5,4,0,0,1,70.0,44.0,,,5,2,9,1,3
202100003756,2021-12-10 14:50:00,2021,12,10,14,50,92,92012,JEAN JAURES (BOULEVARD) 1/61 - COTE IMPA,48.845049,2.23725,Plein jour,En agglomération,Intersection en X,Normale,Deux véhicules - côté,4,2,2,0,1,1,1,0,1,50,,2,0,0,0,2,16.0,16.0,,,1,2,2,1,3
202100003757,2021-12-10 14:15:00,2021,12,10,14,15,92,92002,ARISTIDE BRIAND (AVENUE),48.75506,2.30566,Plein jour,En agglomération,Hors intersection,Vent fort / tempête,Deux véhicules - côté,3,1,0,0,1,1,1,0,1,50,,2,1,0,0,1,23.0,46.0,,,1,2,1,6,3
202100003758,2021-12-06 04:30:00,2021,12,6,4,30,49,49220,D52,47.710657,-0.421616,Nuit sans éclairage public,Hors agglomération,Hors intersection,Temps couvert,Sans collision,3,2,2,0,1,1,2,0,3,80,,1,0,0,0,1,27.0,,,,3,1,1,8,7
202100003759,2021-12-11 17:15:00,2021,12,11,17,15,76,76562,Ferme de Milan,49.883229,1.18221,Nuit sans éclairage public,Hors agglomération,Hors intersection,Pluie légère,Deux véhicules - frontale,3,2,2,0,1,3,2,0,1,80,,2,0,1,0,1,45.0,42.0,,,3,1,1,2,1
202100003760,2021-12-11 12:35:00,2021,12,11,12,35,974,97404,Rue Motais de Narbonne,-21.26706,55.33357,Plein jour,En agglomération,Hors intersection,Normale,Autre collision,4,2,2,0,1,1,1,0,1,50,,2,1,1,0,0,45.0,,,,1,2,1,1,6
202100003761,2021-12-07 14:10:00,2021,12,7,14,10,26,26324,Autorute du Soleil,44.326358,4.739217,Plein jour,Hors agglomération,Hors intersection,Normale,Deux véhicules - arrière,1,3,3,0,1,1,1,0,1,130,,4,3,0,0,1,65.0,25.0,,,1,1,1,1,2
202100003762,2021-12-11 18:50:00,2021,12,11,18,50,76,76404,D925,49.58544,0.250475,Nuit sans éclairage public,Hors agglomération,Hors intersection,Temps couvert,Trois véhicules et plus - collisions multiples,3,2,2,0,1,1,1,0,1,80,,5,4,1,0,0,48.0,35.0,,,3,1,1,8,5
202100003763,2021-12-10 09:40:00,2021,12,10,9,40,12,12061,Mas Del Puech,44.519214,2.865935,Plein jour,Hors agglomération,Hors intersection,Normale,Autre collision,4,2,2,0,2,1,7,0,3,80,,2,1,0,1,0,82.0,,,,1,1,1,1,6
202100003764,2021-12-11 10:00:00,2021,12,11,10,0,62,62874,RD 68,50.271815,2.600241,Plein jour,Hors agglomération,Hors intersection,Temps éblouissant,Autre collision,3,2,2,0,2,2,7,0,3,80,,1,0,0,1,0,74.0,,,,1,1,1,7,6
202100003765,2021-12-10 23:05:00,2021,12,10,23,5,57,57691,D55 PK33+100,49.239475,6.513594,Nuit sans éclairage public,Hors agglomération,Hors intersection,Pluie légère,Sans collision,3,2,2,0,2,3,2,0,8,80,,1,0,0,1,0,67.0,,,,3,1,1,2,7
202100003766,2021-12-10 20:00:00,2021,12,10,20,0,51,51569,D27,49.257866,3.943523,Nuit sans éclairage public,Hors agglomération,Hors intersection,Vent fort / tempête,Deux véhicules - frontale,3,2,2,0,1,1,1,0,1,50,,2,0,0,1,1,28.0,43.0,,,3,1,1,6,1
202100003767,2021-12-07 11:50:00,2021,12,7,11,50,51,51181,Rue Laurent Laine,49.264535,3.840054,Plein jour,En agglomération,Hors intersection,Normale,Sans collision,3,2,2,0,2,1,1,0,3,50,,1,0,1,0,0,63.0,,,,1,2,1,1,7
202100003768,2021-12-10 08:55:00,2021,12,10,8,55,56,56184,Le Petit Molac,47.680017,-2.422367,Crépuscule ou aube,Hors agglomération,Giratoire,Normale,Deux véhicules - côté,3,2,2,0,1,2,1,5,1,80,,2,1,0,0,1,49.0,48.0,,,2,1,6,1,3
202100003769,2021-12-11 01:55:00,2021,12,11,1,55,80,80443,D211,49.852816,1.874585,Nuit sans éclairage public,Hors agglomération,Hors intersection,Temps couvert,Autre collision,3,2,2,0,1,1,2,0,3,80,,5,1,2,2,0,21.0,,,,3,1,1,8,6