accident_id,datetime,annee,mois,jour,heure,minute,departement,commune_insee,adresse,latitude,longitude,luminosite,agglomeration,intersection,meteo,collision,catr,circ,nbv,vosp,prof,plan,surf,infra,situ,vma,nb_vehicules,nb_usagers,nb_indemnes,nb_tues,nb_blesses_hosp,nb_blesses_legers,age_cond_1,age_cond_2,veh_type_cond_1,veh_type_cond_2,lum_code,agg_code,int_code,atm_code,col_code
202100003770,2021-12-11 02:00:00,2021,12,11,2,0,11,11256,rd 613 pk 15,43.118121,2.80057,Nuit sans éclairage public,Hors agglomération,Hors intersection,Pluie légère,Autre collision,3,2,2,0,1,1,2,0,3,80,,2,0,0,1,1,19.0,,,,3,1,1,2,6
202100003771,2021-12-10 16:30:00,2021,12,10,16,30,11,11103,Avenue Jean-Pierre Marty,42.94288,2.255668,Plein jour,En agglomération,Hors intersection,Pluie légère,Autre collision,3,2,2,0,1,1,2,8,1,30,,2,1,0,1,0,92.0,,,,1,2,1,2,6
202100003772,2021-12-10 19:45:00,2021,12,10,19,45,12,12056,Avenue de Marengo,44.280973,2.428021,Nuit avec éclairage allumé,En agglomération,Hors intersection,Neige / grêle,Sans collision,3,2,2,0,1,1,5,0,1,50,,1,0,0,1,0,40.0,,,,5,2,1,4,7
202100003773,2021-12-11 05:30:00,2021,12,11,5,30,12,12001,RD 29,44.359359,2.651374,Nuit sans éclairage public,Hors agglomération,Hors intersection,Pluie légère,Autre collision,3,2,2,0,1,1,2,0,1,90,,1,0,0,1,0,42.0,,,,3,1,1,2,6
202100003774,2021-12-10 16:15:00,2021,12,10,16,15,12,12133,les cans,44.296794,2.517478,Plein jour,Hors agglomération,Hors intersection,Pluie légère,Deux véhicules - frontale,4,2,2,0,2,1,2,0,1,80,,2,1,0,0,1,33.0,65.0,,,1,1,1,2,1
202100003775,2021-12-09 17:45:00,2021,12,9,17,45,68,68374,Rue du Logelbach,48.073958,7.292354,Nuit sans éclairage public,Hors agglomération,Hors intersection,Normale,Autre collision,3,2,2,0,1,3,1,0,1,50,,3,2,0,0,1,65.0,,,,3,1,1,1,6
202100003776,2021-12-10 23:48:00,2021,12,10,23,48,25,25304,Rue du Docteur Quelet,47.43041,6.887741,Nuit sans éclairage public,Hors agglomération,Hors intersection,Pluie légère,Autre collision,3,2,2,0,2,3,2,0,3,80,,1,0,0,1,0,42.0,,,,3,1,1,2,6
202100003777,2021-12-10 17:35:00,2021,12,10,17,35,29,29241,Rue Auguste Richard,47.959759,-3.829253,Nuit avec éclairage allumé,En agglomération,Hors intersection,Normale,Autre collision,4,2,2,0,1,1,1,0,1,30,,2,1,0,1,0,40.0,,,,5,2,1,1,6
202100003778,2021-12-10 18:15:00,2021,12,10,18,15,03,03030,D984,46.071891,3.313891,Nuit sans éclairage public,Hors agglomération,Intersection en T,Neige / grêle,Deux véhicules - côté,3,2,1,0,1,3,2,0,1,50,,2,0,0,0,2,53.0,62.0,,,3,1,3,4,3
202100003779,2021-12-10 08:00:00,2021,12,10,8,0,54,54426,RD121,48.6461022544,5.9035742291,Crépuscule ou aube,Hors agglomération,Hors intersection,Neige / grêle,Deux véhicules - arrière,3,2,2,0,1,1,5,0,1,80,,2,1,0,1,0,29.0,25.0,,,2,1,1,4,2
202100003780,2021-12-10 20:00:00,2021,12,10,20,0,72,72325,pk 14 D304,47.833641,0.489256,Nuit sans éclairage public,Hors agglomération,Hors intersection,Pluie légère,Autre collision,3,2,2,0,1,1,7,0,8,90,,1,0,0,1,0,22.0,,,,3,1,1,2,6
202100003781,2021-12-10 15:50:00,2021,12,10,15,50,14,14174,Rue Saint Martin,48.848013,-0.551618,Crépuscule ou aube,En agglomération,Hors intersection,Temps éblouissant,Autre collision,3,2,2,0,1,1,2,0,1,50,,2,1,0,1,0,72.0,,,,2,2,1,7,6
202100003782,2021-12-09 08:50:00,2021,12,9,8,50,45,45182,D15,47.706614,1.792563,Crépuscule ou aube,Hors agglomération,Hors intersection,Normale,Autre collision,3,2,2,0,1,1,7,0,1,80,,2,1,0,1,0,34.0,47.0,,,2,1,1,1,6
202100003783,2021-12-11 06:27:00,2021,12,11,6,27,16,16132,RN 141,45.88254,0.763378,Nuit sans éclairage public,Hors agglomération,Hors intersection,Autre,Autre collision,2,3,4,0,2,2,7,0,3,110,,2,0,0,2,0,47.0,,,,3,1,1,9,6
202100003784,2021-12-09 18:00:00,2021,12,9,18,0,87,87032,24bis Avenue François Mittérrand,45.652028,0.980819,Nuit avec éclairage allumé,En agglomération,Hors intersection,Normale,Autre collision,2,2,2,0,2,1,2,0,1,50,,2,1,0,1,0,72.0,,,,5,2,1,1,6
202100003785,2021-12-11 09:25:00,2021,12,11,9,25,87,87068,Grand Bagnol,46.153631,1.428995,Plein jour,Hors agglomération,Hors intersection,Temps couvert,Deux véhicules - frontale,3,2,2,0,1,1,2,0,1,90,,3,1,0,2,0,20.0,19.0,,,1,1,1,8,1
202100003786,2021-12-10 06:15:00,2021,12,10,6,15,34,34157,A9 PK 132,43.448588,3.580577,Nuit sans éclairage public,Hors agglomération,Hors intersection,Pluie forte,Trois véhicules et plus - en chaîne,1,3,5,0,1,2,2,0,1,130,,8,1,0,4,3,56.0,51.0,,,3,1,1,3,4
202100003787,2021-12-11 06:56:00,2021,12,11,6,56,60,60100,PK 49.900,49.2520912614,2.6812777518,Nuit sans éclairage public,Hors agglomération,Hors intersection,Autre,Trois véhicules et plus - en chaîne,1,3,3,0,1,1,2,0,2,130,,4,3,0,1,0,72.0,30.0,,,3,1,1,9,4
202100003788,2021-08-25 22:45:00,2021,8,25,22,45,34,34134,CD 5,43.589452,3.806849,Nuit sans éclairage public,Hors agglomération,Hors intersection,Normale,Deux véhicules - frontale,7,2,2,1,1,1,1,0,1,90,,3,1,0,2,0,37.0,33.0,,,3,1,1,1,1
202100003789,2021-12-01 17:00:00,2021,12,1,17,0,987,98733,Pk 20+900 RT1,-17.7008788078,-149.5838749409,Plein jour,En agglomération,Hors intersection,Normale,Deux véhicules - frontale,2,2,2,0,1,2,9,0,3,50,,2,0,0,2,0,62.0,16.0,,,1,2,1,1,1
202100003790,2021-12-11 08:30:00,2021,12,11,8,30,77,77031,N4,48.684883,2.936718,Plein jour,Hors agglomération,Hors intersection,Normale,Autre collision,2,1,2,0,3,3,7,0,3,110,,3,1,1,0,1,66.0,40.0,,,1,1,1,1,6
202100003791,2021-12-11 15:55:00,2021,12,11,15,55,34,34341,Route de Poussan,43.500262,3.612383,Plein jour,En agglomération,Intersection en T,Temps éblouissant,Deux véhicules - côté,4,2,2,0,2,1,1,5,1,50,,2,1,0,1,0,35.0,67.0,,,1,2,3,7,3
202100003792,2021-12-08 16:45:00,2021,12,8,16,45,84,84129,CD942,43.985713,4.890482,Crépuscule ou aube,Hors agglomération,Hors intersection,Temps éblouissant,Trois véhicules et plus - en chaîne,3,3,4,0,4,1,1,0,1,90,,3,2,0,0,1,63.0,35.0,,,2,1,1,7,4
202100003793,2021-12-11 13:10:00,2021,12,11,13,10,26,26347,Rue Albert Nicolas,45.068758,4.843469,Plein jour,En agglomération,Intersection en T,Normale,Deux véhicules - côté,2,2,2,-1,1,1,1,0,1,-1,,2,1,0,1,0,72.0,39.0,,,1,2,3,1,3
202100003794,2021-12-10 15:00:00,2021,12,10,15,0,69,69069,11 NOVEMBRE 1918 (DU) (R),45.745931,4.730821,Plein jour,En agglomération,Intersection en X,Pluie légère,Autre collision,7,2,2,0,1,1,2,5,1,50,,2,1,0,0,1,78.0,,,,1,2,2,2,6
202100003795,2021-12-11 04:20:00,2021,12,11,4,20,85,85129,Les Temples,46.83235,-1.477286,Nuit sans éclairage public,Hors agglomération,Hors intersection,Normale,Autre collision,4,2,2,0,1,1,1,0,3,80,,2,0,0,1,1,24.0,,,,3,1,1,1,6
202100003796,2021-12-11 05:00:00,2021,12,11,5,0,53,53011,la garanciere,47.941532,-0.865849,Crépuscule ou aube,Hors agglomération,Hors intersection,Normale,Autre collision,3,2,2,0,1,3,2,0,3,90,,1,0,0,0,1,35.0,,,,2,1,1,1,6
202100003797,2021-12-11 15:40:00,2021,12,11,15,40,22,22208,les ruaux,48.316909,-2.021184,Plein jour,Hors agglomération,Hors intersection,Pluie légère,Deux véhicules - frontale,3,2,2,0,1,1,2,0,1,80,,3,2,0,1,0,52.0,50.0,,,1,1,1,2,1
202100003798,2021-12-11 08:35:00,2021,12,11,8,35,02,02186,La Casiniere,48.969956,3.370078,Crépuscule ou aube,Hors agglomération,Hors intersection,Autre,Autre collision,3,2,2,0,2,2,7,0,3,80,,1,0,0,1,0,36.0,,,,2,1,1,9,6
202100003799,2021-12-11 12:10:00,2021,12,11,12,10,59,59228,D65,50.337408,3.094561,Plein jour,Hors agglomération,Hors intersection,Normale,Deux véhicules - arrière,3,2,1,0,1,1,1,0,1,80,,2,0,0,0,2,30.0,31.0,,,1,1,1,1,2
202100003800,2021-12-10 07:15:00,2021,12,10,7,15,59,59250,Rue Pasteur,50.586375,2.888098,Nuit avec éclairage allumé,En agglomération,Hors intersection,Pluie forte,Autre collision,7,2,2,0,1,1,2,9,6,-1,,2,1,0,1,0,49.0,,,,5,2,1,3,6
202100003801,2021-12-10 01:10:00,2021,12,10,1,10,13,13071,A55 - Sens Marseille vers Martigues,43.39968,5.2933,Nuit sans éclairage public,Hors agglomération,Hors intersection,Normale,Deux véhicules - arrière,1,1,2,0,2,2,1,0,1,90,,3,1,0,0,2,55.0,24.0,,,3,1,1,1,2
202100003802,2021-12-09 16:00:00,2021,12,9,16,0,13,13005,A50-Sens Aubagne vers Marseille,43.28685,5.53769,Crépuscule ou aube,Hors agglomération,Hors intersection,Normale,Trois véhicules et plus - en chaîne,1,3,3,0,1,1,2,0,1,90,,6,2,0,0,4,52.0,85.0,,,2,1,1,1,4
202100003803,2021-12-10 17:00:00,2021,12,10,17,0,69,69142,M7   2.278 A 3.690,45.72914,4.81599,Plein jour,Hors agglomération,Hors intersection,Pluie légère,Sans collision,7,1,3,0,1,1,2,0,1,70,,1,0,0,1,0,56.0,,,,1,1,1,2,7
202100003804,2021-12-04 20:00:00,2021,12,4,20,0,69,69256,A42     0.560 A 4.020,45.8043376656,4.9261354731,Nuit sans éclairage public,Hors agglomération,Autre intersection,Normale,Autre collision,1,1,2,0,1,3,2,3,1,90,,1,0,0,0,1,27.0,,,,3,1,9,1,6
202100003805,2021-12-09 14:55:00,2021,12,9,14,55,57,57206,Autoroute A30,49.31351,6.09545,Plein jour,Hors agglomération,Autre intersection,Neige / grêle,Deux véhicules - frontale,1,3,2,0,2,1,2,0,1,110,,3,0,1,1,1,43.0,76.0,,,1,1,9,4,1
202100003806,2021-12-10 20:45:00,2021,12,10,20,45,33,33162,Rocade Nord Ouest A630 -E8-,44.866889,-0.650377,Nuit avec éclairage non allumé,Hors agglomération,Hors intersection,Pluie légère,Trois véhicules et plus - collisions multiples,1,3,1,0,1,1,2,3,1,70,,3,2,0,0,1,35.0,19.0,,,4,1,1,2,5
202100003807,2021-12-10 13:50:00,2021,12,10,13,50,33,33249,Rocade Rive Droite N230,44.884529,-0.510486,Plein jour,Hors agglomération,Hors intersection,Pluie légère,Autre collision,2,1,2,0,2,2,2,3,1,50,,2,1,0,0,1,27.0,,,,1,1,1,2,6
202100003808,2021-12-02 07:40:00,2021,12,2,7,40,62,62351,AUTOROUTE A21,50.432567,2.912415,Crépuscule ou aube,Hors agglomération,Hors intersection,Normale,Trois véhicules et plus - en chaîne,1,-1,4,0,1,1,2,0,1,110,,3,2,0,1,0,21.0,54.0,,,2,1,1,1,4
202100003809,2021-12-10 09:00:00,2021,12,10,9,0,91,91689,AUTOROUTE A6B,48.733761,2.316084,Plein jour,Hors agglomération,Hors intersection,Pluie légère,Trois véhicules et plus - en chaîne,1,2,6,0,1,1,2,0,1,110,,3,2,0,0,1,56.0,59.0,,,1,1,1,2,4
202100003810,2021-12-10 15:00:00,2021,12,10,15,0,91,91216,AUTOROUTE A6,48.684306,2.328253,Plein jour,Hors agglomération,Hors intersection,Normale,Deux véhicules - arrière,1,2,6,0,1,1,1,0,1,110,,2,1,0,0,1,39.0,47.0,,,1,1,1,1,2
202100003811,2021-12-10 14:00:00,2021,12,10,14,0,91,91477,AUTOROUTE A126,48.72022,2.22695,Plein jour,Hors agglomération,Hors intersection,Normale,Deux véhicules - côté,1,2,2,0,1,1,2,0,1,50,,2,0,0,1,1,46.0,40.0,,,1,1,1,1,3
202100003812,2021-12-10 12:35:00,2021,12,10,12,35,91,91086,RN 104,48.6239,2.37546,Plein jour,Hors agglomération,Hors intersection,Normale,Deux véhicules - arrière,2,1,2,0,1,1,2,0,1,110,,2,1,0,0,1,46.0,30.0,,,1,1,1,1,2
202100003813,2021-12-10 08:30:00,2021,12,10,8,30,91,91661,AUTOROUTE A10,48.697576,2.240432,Crépuscule ou aube,Hors agglomération,Hors intersection,Pluie légère,Sans collision,1,3,4,0,1,1,2,0,1,110,,1,0,0,0,1,33.0,,,,2,1,1,2,7
202100003814,2021-12-10 08:35:00,2021,12,10,8,35,91,91136,A10 PROVINCE / RD188 PARIS,48.71068,2.28793,Crépuscule ou aube,Hors agglomération,Hors intersection,Pluie légère,Sans collision,1,1,2,0,2,2,2,0,1,70,,1,0,0,0,1,36.0,,,,2,1,1,2,7
202100003815,2021-12-10 17:50:00,2021,12,10,17,50,75,75116,A13Y,48.8482649185,2.2422891855,Nuit sans éclairage public,Hors agglomération,Hors intersection,Normale,Deux véhicules - arrière,1,3,2,0,1,1,1,0,1,110,,2,1,0,0,1,54.0,30.0,,,3,1,1,1,2
202100003816,2021-12-10 10:45:00,2021,12,10,10,45,92,92050,A86,48.8923741657,2.1827165279,Plein jour,Hors agglomération,Hors intersection,Normale,Sans collision,1,3,2,0,1,1,2,0,1,90,,2,0,0,0,2,21.0,,,,1,1,1,1,7
202100003817,2021-12-10 06:50:00,2021,12,10,6,50,92,92047,A13,48.8339754444,2.1664687519,Nuit sans éclairage public,Hors agglomération,Hors intersection,Pluie légère,Autre collision,1,-1,3,0,1,1,2,0,1,110,,1,0,0,0,1,30.0,,,,3,1,1,2,6
202100003818,2021-12-10 14:00:00,2021,12,10,14,0,93,93010,AUTOROUTE A3,48.91335,2.47683,Plein jour,Hors agglomération,Hors intersection,Normale,Deux véhicules - arrière,1,3,3,0,1,3,2,0,1,110,,2,1,0,0,1,19.0,39.0,,,1,1,1,1,2
202100003819,2021-12-10 09:45:00,2021,12,10,9,45,93,93010,AUTOROUTE A3,48.89093,2.47359,Plein jour,Hors agglomération,Hors intersection,Normale,Trois véhicules et plus - en chaîne,1,1,3,0,1,3,2,0,1,70,,6,2,0,0,4,43.0,42.0,,,1,1,1,1,4
202100003820,2021-12-10 01:10:00,2021,12,10,1,10,95,95527,AUTOROUTE A1,48.9866853985,2.5071787834,Nuit sans éclairage public,Hors agglomération,Hors intersection,Pluie forte,Autre collision,1,3,6,0,1,1,3,0,2,90,,1,0,0,0,1,24.0,,,,3,1,1,3,6
202100003821,2021-12-09 12:10:00,2021,12,9,12,10,92,92025,E.D'ORVES 200A328 147A279 (RUE),48.9139,2.2414,Plein jour,En agglomération,Hors intersection,Normale,Deux véhicules - arrière,4,2,0,0,1,1,1,0,1,30,,2,1,0,0,1,32.0,32.0,,,1,2,1,1,2
202100003822,2021-12-08 17:05:00,2021,12,8,17,5,92,92004,ARGENTEUIL AV D',48.9149922275,2.2829756141,Crépuscule ou aube,En agglomération,Hors intersection,Temps couvert,Autre collision,3,2,0,0,1,1,1,0,1,50,,2,1,0,1,0,50.0,,,,2,2,1,8,6
202100003823,2021-08-02 17:30:00,2021,8,2,17,30,60,60613,Rue de la Graverie,49.256311,2.018555,Plein jour,En agglomération,Hors intersection,Normale,Deux véhicules - frontale,4,2,2,0,2,4,1,0,1,50,,2,0,0,1,1,31.0,27.0,,,1,2,1,1,1
202100003824,2021-12-08 22:56:00,2021,12,8,22,56,75,75113,RUE DE TOLBIAC,48.82618,2.357276,Nuit avec éclairage allumé,En agglomération,Intersection en X,Normale,Deux véhicules - côté,4,2,5,0,1,1,1,0,1,30,,5,3,0,0,2,26.0,34.0,,,5,2,2,1,3
202100003825,2021-12-08 19:20:00,2021,12,8,19,20,75,75113,BOULEVARD VINCENT AURIOL,48.833529,2.36342,Nuit avec éclairage allumé,En agglomération,Intersection en T,Normale,Deux véhicules - côté,4,1,3,2,1,1,2,0,1,30,,3,0,0,0,3,37.0,49.0,,,5,2,3,1,3
202100003826,2021-12-09 03:37:00,2021,12,9,3,37,75,75105,BOULEVARD DE L HOPITAL,48.843185,2.364156,Nuit avec éclairage allumé,En agglomération,Intersection en Y,Normale,Autre collision,4,1,6,0,1,1,1,0,1,30,,2,1,0,0,1,25.0,,,,5,2,4,1,6
202100003827,2021-12-08 10:20:00,2021,12,8,10,20,75,75120,RUE BELGRAND,48.864624,2.405623,Plein jour,En agglomération,Intersection en T,Normale,Autre collision,4,2,2,0,1,1,1,0,1,30,,2,1,0,0,1,24.0,,,,1,2,3,1,6
202100003828,2021-12-09 21:44:00,2021,12,9,21,44,75,75119,AVENUE JEAN JAURES,48.882783,2.370272,Nuit avec éclairage allumé,En agglomération,Place,Normale,Deux véhicules - côté,4,2,5,1,1,1,1,0,1,30,,2,1,0,0,1,43.0,29.0,,,5,2,7,1,3
202100003829,2021-12-09 14:05:00,2021,12,9,14,5,75,75119,BOULEVARD MACDONALD,48.897617,2.385687,Plein jour,En agglomération,Intersection en X,Normale,Deux véhicules - côté,4,2,4,0,1,1,1,0,1,30,,2,1,0,0,1,40.0,37.0,,,1,2,2,1,3
202100003830,2021-12-09 08:30:00,2021,12,9,8,30,75,75118,BOULEVARD NEY,48.897967,2.341513,Plein jour,En agglomération,Hors intersection,Normale,Autre collision,4,1,2,1,1,1,1,8,1,50,,2,1,0,0,1,24.0,,,,1,2,1,1,6
202100003831,2021-12-09 20:00:00,2021,12,9,20,0,75,75117,RUE DU CAPORAL PEUGEOT,48.887084,2.289556,Nuit avec éclairage allumé,En agglomération,Intersection en X,Normale,Deux véhicules - arrière,4,2,4,0,1,1,1,0,1,30,,2,1,0,0,1,47.0,27.0,,,5,2,2,1,2
202100003832,2021-12-09 19:20:00,2021,12,9,19,20,75,75117,AVENUE DES TERNES,48.880711,2.285292,Nuit avec éclairage allumé,En agglomération,Intersection à plus de 4 branches,Autre,Deux véhicules - arrière,4,2,4,0,1,1,1,5,1,30,,2,1,0,0,1,34.0,31.0,,,5,2,5,9,2
202100003833,2021-12-08 10:10:00,2021,12,8,10,10,75,75117,RUE JOUFFROY D ABBANS,48.882834,2.302985,Plein jour,En agglomération,Intersection en X,Normale,Deux véhicules - côté,4,2,8,0,1,1,1,0,1,30,,2,1,0,0,1,21.0,40.0,,,1,2,2,1,3
202100003834,2021-12-09 11:11:00,2021,12,9,11,11,75,75116,RUE RAFFET,48.852725,2.262502,Plein jour,En agglomération,Intersection en X,Normale,Autre collision,4,2,2,0,1,1,1,0,1,30,,2,1,0,0,1,50.0,,,,1,2,2,1,6
202100003835,2021-12-09 16:55:00,2021,12,9,16,55,75,75115,RUE DE LOURMEL,48.850727,2.292359,Nuit avec éclairage allumé,En agglomération,Intersection à plus de 4 branches,Normale,Autre collision,4,1,1,2,1,1,1,-1,5,30,,2,1,0,0,1,,,,,5,2,5,1,6
202100003836,2021-12-09 18:00:00,2021,12,9,18,0,75,75112,AVENUE DU DOCTEUR ARNOLD NETTER,48.846348,2.40608,Nuit avec éclairage allumé,En agglomération,Hors intersection,Normale,Deux véhicules - côté,4,2,3,0,1,1,1,0,1,30,,2,1,0,0,1,40.0,46.0,,,5,2,1,1,3
202100003837,2021-12-09 13:15:00,2021,12,9,13,15,75,75112,RUE MONTGALLET,48.843511,2.387769,Plein jour,En agglomération,Intersection en T,Normale,Autre collision,4,1,1,0,2,1,1,0,1,30,,2,1,0,0,1,30.0,,,,1,2,3,1,6
202100003838,2021-12-09 17:10:00,2021,12,9,17,10,75,75111,BOULEVARD BEAUMARCHAIS,48.855812,2.368487,Nuit avec éclairage allumé,En agglomération,Intersection en X,Normale,Deux véhicules - côté,4,2,4,3,1,1,1,0,1,30,,2,1,0,0,1,44.0,24.0,,,5,2,2,1,3
202100003839,2021-12-09 22:10:00,2021,12,9,22,10,75,75110,BOULEVARD DE LA VILLETTE,48.872998,2.375752,Nuit avec éclairage allumé,En agglomération,Hors intersection,Pluie légère,Autre collision,4,1,0,0,1,1,2,0,1,30,,2,1,0,1,0,31.0,,,,5,2,1,2,6
202100003840,2021-12-09 18:05:00,2021,12,9,18,5,75,75108,BOULEVARD DE COURCELLES,48.879044,2.302653,Nuit avec éclairage allumé,En agglomération,Hors intersection,Normale,Deux véhicules - arrière,4,2,4,1,1,1,1,-1,5,30,,2,1,0,0,1,19.0,69.0,,,5,2,1,1,2
202100003841,2021-12-09 12:05:00,2021,12,9,12,5,75,75101,RUE DU LOUVRE,48.861703,2.341215,Plein jour,En agglomération,Intersection en X,Normale,Sans collision,4,1,2,0,1,1,1,-1,6,30,,1,0,0,0,1,47.0,,,,1,2,2,1,7
202100003842,2021-12-08 23:30:00,2021,12,8,23,30,75,75103,BOULEVARD DE SEBASTOPOL,48.868186,2.353621,Nuit avec éclairage allumé,En agglomération,Intersection en T,Normale,Deux véhicules - côté,4,1,3,0,1,1,1,0,1,30,,2,1,0,0,1,25.0,50.0,,,5,2,3,1,3
202100003843,2021-12-09 12:10:00,2021,12,9,12,10,94,94044,Rue Roger Salengro,48.7514344433,2.4893088339,Plein jour,En agglomération,Hors intersection,Normale,Autre collision,3,2,2,0,1,1,1,0,1,50,,3,1,0,0,2,46.0,,,,1,2,1,1,6
202100003844,2021-12-09 17:00:00,2021,12,9,17,0,94,94073,VERSAILLES (AV DE),48.75691,2.3881,Nuit avec éclairage allumé,En agglomération,Giratoire,Normale,Deux véhicules - côté,3,-1,-1,0,1,2,1,9,1,50,,3,2,0,0,1,46.0,58.0,,,5,2,6,1,3
202100003845,2021-12-09 08:15:00,2021,12,9,8,15,94,94053,Gr Pierre Mendès-France,48.77059,2.54389,Plein jour,En agglomération,Intersection en T,Normale,Deux véhicules - côté,3,2,2,0,1,1,1,0,1,50,,2,1,0,0,1,35.0,43.0,,,1,2,3,1,3
202100003846,2021-12-09 12:10:00,2021,12,9,12,10,94,94069,Rue des Epinettes,48.82033,2.41992,Plein jour,En agglomération,Hors intersection,Normale,Autre collision,4,1,1,0,2,1,1,0,1,30,,2,1,0,1,0,22.0,,,,1,2,1,1,6
202100003847,2021-12-09 18:00:00,2021,12,9,18,0,94,94071,Rue de la Fosse Rouge,48.77515,2.52116,Nuit avec éclairage allumé,En agglomération,Autre intersection,Normale,Deux véhicules - côté,4,2,2,0,2,1,1,0,1,50,,2,1,0,0,1,29.0,62.0,,,5,2,9,1,3
202100003848,2021-12-08 22:50:00,2021,12,8,22,50,93,93073,RESISTANCE (RUE DE LA),48.94963,2.56523,Nuit avec éclairage allumé,En agglomération,Intersection en T,Normale,Deux véhicules - côté,3,3,4,0,1,1,1,0,1,50,,3,2,0,0,1,,45.0,,,5,2,3,1,3
202100003849,2021-12-09 18:48:00,2021,12,9,18,48,93,93072,ALFRED DE MUSSET (RUE),48.94873,2.37561,Nuit avec éclairage allumé,En agglomération,Hors intersection,Normale,Deux véhicules - frontale,4,2,1,0,1,1,1,0,1,50,,2,1,0,0,1,,,,,5,2,1,1,1
202100003850,2021-12-09 17:35:00,2021,12,9,17,35,93,93070,GABRIEL-PERI (AV),48.90141,2.33028,Nuit avec éclairage allumé,En agglomération,Hors intersection,Normale,Deux véhicules - arrière,3,-1,2,1,1,1,1,0,1,50,,2,1,0,0,1,49.0,,,,5,2,1,1,2
202100003851,2021-12-09 15:25:00,2021,12,9,15,25,93,93055,CIMETIERE PARISIEN (AVENUE DU),48.9087045101,2.3991015248,Plein jour,En agglomération,Autre intersection,Normale,Deux véhicules - côté,4,1,1,0,1,1,1,0,1,50,,2,1,0,1,0,49.0,57.0,,,1,2,9,1,3
202100003852,2021-12-08 13:00:00,2021,12,8,13,0,93,93051,MONTAIGNE (AVE),48.84241,2.54224,Plein jour,En agglomération,Hors intersection,Normale,Deux véhicules - côté,3,2,2,1,2,1,2,0,1,50,,2,1,0,0,1,31.0,,,,1,2,1,1,3
202100003853,2021-12-09 20:15:00,2021,12,9,20,15,93,93001,REPUBLIQUE (AVE DE LA ) DE 52 A 104,48.90828,2.38754,Nuit avec éclairage allumé,En agglomération,Hors intersection,Normale,Deux véhicules - côté,3,3,2,0,1,1,1,0,1,50,,2,1,0,0,1,47.0,17.0,,,5,2,1,1,3
202100003854,2021-12-09 12:28:00,2021,12,9,12,28,93,93001,FELIX FAURE (BLD) => 121,48.9077679273,2.3786473274,Plein jour,En agglomération,Hors intersection,Normale,Deux véhicules - côté,3,2,2,0,1,1,1,0,1,50,,3,0,0,1,2,30.0,37.0,,,1,2,1,1,3
202100003855,2021-12-09 14:15:00,2021,12,9,14,15,92,92064,MARCEL DASSAULT,48.8549521871,2.2227922082,Plein jour,En agglomération,Hors intersection,Normale,Deux véhicules - arrière,3,3,2,0,1,1,1,0,1,50,,3,1,0,0,2,60.0,52.0,,,1,2,1,1,2
202100003856,2021-12-06 19:00:00,2021,12,6,19,0,92,92063,HUGO (AVENUE VICTOR),48.8853076202,2.1767413616,Nuit avec éclairage allumé,En agglomération,Hors intersection,Normale,Deux véhicules - arrière,3,2,4,0,1,1,1,0,1,50,,2,1,0,0,1,31.0,36.0,,,5,2,1,1,2
202100003857,2021-12-09 10:11:00,2021,12,9,10,11,92,92049,PELLETAN RUE CAMILLE,48.8167489746,2.3094651103,Plein jour,En agglomération,Hors intersection,Normale,Autre collision,4,1,1,0,1,1,1,0,1,30,,2,1,0,0,1,22.0,,,,1,2,1,1,6
202100003858,2021-12-09 00:02:00,2021,12,9,0,2,92,92049,VERDIER AVENUE N°1 A 23,48.81455,2.32034,Nuit avec éclairage allumé,En agglomération,Hors intersection,Normale,Deux véhicules - arrière,4,2,2,0,1,1,1,0,1,50,,3,1,0,0,2,,39.0,,,5,2,1,1,2
202100003859,2021-10-16 10:10:00,2021,10,16,10,10,92,92036,GALLIENI (BOULEVARD) (1/19),48.9234409613,2.3214385775,Plein jour,En agglomération,Intersection en X,Temps éblouissant,Autre collision,3,2,2,0,1,1,1,0,1,50,,2,1,1,0,0,40.0,,,,1,2,2,7,6
202100003860,2021-12-09 20:00:00,2021,12,9,20,0,92,92024,CLICHY (QUAI DE) DE (104 A 202),48.9084448856,2.3002161831,Nuit avec éclairage allumé,En agglomération,Intersection en X,Normale,Deux véhicules - côté,3,-1,2,0,1,1,1,0,1,50,,2,1,0,0,1,32.0,17.0,,,5,2,2,1,3
202100003861,2021-12-09 17:50:00,2021,12,9,17,50,92,92024,PIERRE BEREGOVOY (RUE),48.9016583291,2.2947236896,Nuit avec éclairage allumé,En agglomération,Hors intersection,Normale,Deux véhicules - frontale,4,1,1,0,1,1,1,0,1,50,,2,1,0,0,1,25.0,46.0,,,5,2,1,1,1
202100003862,2021-12-04 18:45:00,2021,12,4,18,45,92,92024,CLICHY (QUAI DE) DE (8 A 60),48.908522432,2.3001229763,Crépuscule ou aube,En agglomération,Intersection en X,Normale,Sans collision,3,2,3,0,1,1,1,2,1,50,,2,1,0,0,1,56.0,39.0,,,2,2,2,1,7
202100003863,2021-12-09 18:15:00,2021,12,9,18,15,92,92012,SILLY (RUE DE) 1/87 - 2/88,48.8425016948,2.2308307886,Nuit avec éclairage allumé,En agglomération,Intersection en X,Normale,Deux véhicules - côté,4,2,2,0,1,1,1,0,1,50,,2,1,0,0,1,61.0,12.0,,,5,2,2,1,3