accident_id,datetime,annee,mois,jour,heure,minute,departement,commune_insee,adresse,latitude,longitude,luminosite,agglomeration,intersection,meteo,collision,catr,circ,nbv,vosp,prof,plan,surf,infra,situ,vma,nb_vehicules,nb_usagers,nb_indemnes,nb_tues,nb_blesses_hosp,nb_blesses_legers,age_cond_1,age_cond_2,veh_type_cond_1,veh_type_cond_2,lum_code,agg_code,int_code,atm_code,col_code
202100003864,2021-12-09 18:25:00,2021,12,9,18,25,95,95313,RD 922,49.124597,2.250355,Nuit avec éclairage allumé,Hors agglomération,Hors intersection,Temps couvert,Deux véhicules - côté,3,3,3,0,1,1,1,0,1,-1,,2,0,0,1,1,19.0,31.0,,,5,1,1,8,3
202100003865,2021-12-09 13:40:00,2021,12,9,13,40,95,95487,122 Rue Jean Catelas,49.157225,2.28455,Plein jour,En agglomération,Hors intersection,Normale,Autre collision,3,2,2,0,1,1,1,0,1,30,,2,1,0,1,0,20.0,,,,1,2,1,1,6
202100003866,2021-12-09 07:15:00,2021,12,9,7,15,76,76280,D1314,49.823539,1.418223,Nuit sans éclairage public,Hors agglomération,Hors intersection,Pluie légère,Deux véhicules - frontale,3,2,2,0,1,1,2,0,1,70,,3,1,0,2,0,31.0,30.0,,,3,1,1,2,1
202100003867,2021-12-10 14:35:00,2021,12,10,14,35,28,28196,A11 au PK 087+400,48.280608,1.221896,Plein jour,Hors agglomération,Hors intersection,Normale,Deux véhicules - côté,1,2,3,0,1,1,2,0,8,130,,2,0,0,2,0,94.0,,,,1,1,1,1,3
202100003868,2021-12-10 08:00:00,2021,12,10,8,0,71,71481,A6 PK 402.700 SENS LYON-PARIS,46.186308,4.772605,Crépuscule ou aube,Hors agglomération,Hors intersection,Pluie légère,Trois véhicules et plus - collisions multiples,1,3,5,0,1,1,5,0,1,130,,3,2,0,0,1,45.0,57.0,,,2,1,1,2,5
202100003869,2021-12-10 17:50:00,2021,12,10,17,50,62,62174,D231,50.852616,1.966368,Nuit sans éclairage public,Hors agglomération,Hors intersection,Autre,Autre collision,3,2,2,0,1,3,1,0,3,80,,1,0,1,0,0,70.0,,,,3,1,1,9,6
202100003870,2021-12-10 16:50:00,2021,12,10,16,50,52,52469,A5 PK 207+380,48.0411,5.048384,Crépuscule ou aube,Hors agglomération,Hors intersection,Temps couvert,Sans collision,1,3,4,0,1,1,2,0,8,130,,2,0,0,0,2,78.0,,,,2,1,1,8,7
202100003871,2021-12-09 18:30:00,2021,12,9,18,30,35,35338,Le Haut Frene,48.067996,-1.245505,Nuit sans éclairage public,Hors agglomération,Intersection en X,Pluie forte,Deux véhicules - côté,3,2,2,0,1,1,2,5,1,80,,3,0,0,1,2,43.0,36.0,,,3,1,2,3,3
202100003872,2021-12-10 13:05:00,2021,12,10,13,5,54,54067,Intersection D18 - D643,49.4296040687,5.6861020607,Plein jour,Hors agglomération,Intersection en X,Temps couvert,Deux véhicules - côté,3,2,2,0,1,1,2,0,1,80,,2,1,0,0,1,37.0,41.0,,,1,1,2,8,3
202100003873,2021-12-10 12:15:00,2021,12,10,12,15,76,76584,A28,49.749164,1.479292,Plein jour,Hors agglomération,Hors intersection,Normale,Sans collision,1,2,4,0,2,1,1,0,1,-1,,1,0,0,1,0,42.0,,,,1,1,1,1,7
202100003874,2021-12-09 10:00:00,2021,12,9,10,0,17,17264,1 Avenue de la Rochelle,46.203259,-1.159964,Plein jour,En agglomération,Place,Pluie légère,Autre collision,6,-1,-1,0,1,1,2,0,1,20,,2,1,0,1,0,25.0,,,,1,2,7,2,6
202100003875,2021-12-06 17:30:00,2021,12,6,17,30,63,63178,Carrefour formant échangeur N°13 et le RD 996,45.542577,3.26663,Nuit sans éclairage public,Hors agglomération,Intersection en T,Pluie légère,Deux véhicules - côté,1,1,2,-1,1,2,2,3,2,50,,3,2,0,0,1,65.0,30.0,,,3,1,3,2,3
202100003876,2021-12-09 08:00:00,2021,12,9,8,0,62,62323,60 Rue d Arras,50.301297,2.862757,Crépuscule ou aube,En agglomération,Hors intersection,Pluie légère,Deux véhicules - côté,3,2,2,0,1,1,2,0,1,50,,3,2,0,0,1,44.0,21.0,,,2,2,1,2,3
202100003877,2021-12-08 18:30:00,2021,12,8,18,30,83,83116,D560,43.446816,5.860439,Nuit avec éclairage allumé,En agglomération,Hors intersection,Autre,Deux véhicules - côté,3,2,2,0,2,1,2,1,1,50,,2,1,0,0,1,17.0,38.0,,,5,2,1,9,3
202100003878,2021-12-09 18:05:00,2021,12,9,18,5,51,51629,D951,49.146485,4.004109,Nuit sans éclairage public,Hors agglomération,Hors intersection,Pluie légère,Deux véhicules - frontale,3,2,2,0,1,1,2,0,1,80,,2,0,0,1,1,38.0,41.0,,,3,1,1,2,1
202100003879,2021-12-06 08:10:00,2021,12,6,8,10,51,51171,Rue du Président Kennedy,49.3692249305,3.8926067948,Crépuscule ou aube,En agglomération,Hors intersection,Temps couvert,Sans collision,3,2,2,0,1,1,9,5,1,50,,2,1,0,1,0,63.0,,,,2,2,1,8,7
202100003880,2021-12-09 21:15:00,2021,12,9,21,15,67,67281,Route d Artzenheim,48.152817,7.543412,Nuit sans éclairage public,Hors agglomération,Hors intersection,Normale,Deux véhicules - frontale,3,2,2,0,1,1,1,0,1,-1,,2,0,1,0,1,32.0,40.0,,,3,1,1,1,1
202100003881,2021-12-08 08:05:00,2021,12,8,8,5,80,80373,7 Rue Charles de Gaulle,49.983894,1.561189,Nuit sans éclairage public,En agglomération,Hors intersection,Normale,Autre collision,3,2,2,0,1,1,1,6,1,50,,2,1,0,1,0,60.0,,,,3,2,1,1,6
202100003882,2021-12-10 12:45:00,2021,12,10,12,45,82,82026,D115,44.064617,1.680339,Plein jour,Hors agglomération,Hors intersection,Pluie légère,Autre collision,3,2,2,0,1,1,2,0,3,80,,1,0,1,0,0,54.0,,,,1,1,1,2,6
202100003883,2021-12-06 13:00:00,2021,12,6,13,0,89,89200,D91,47.926703,3.640959,Plein jour,Hors agglomération,Intersection en T,Temps couvert,Deux véhicules - côté,3,2,2,0,3,1,1,0,1,80,,2,1,0,0,1,47.0,26.0,,,1,1,3,8,3
202100003884,2021-12-10 18:30:00,2021,12,10,18,30,63,63195,24 Avenue du Docteur Corny,45.823847,3.383973,Nuit avec éclairage allumé,En agglomération,Hors intersection,Pluie légère,Autre collision,3,2,2,0,1,1,2,0,1,50,,2,1,0,1,0,,,,,5,2,1,2,6
202100003885,2021-12-10 07:08:00,2021,12,10,7,8,55,55574,10 Rue Grande,48.483226,5.609308,Nuit sans éclairage public,En agglomération,Hors intersection,Neige / grêle,Autre collision,3,2,2,0,2,3,5,0,8,50,,6,5,0,0,1,33.0,,,,3,2,1,4,6
202100003886,2021-12-10 18:52:00,2021,12,10,18,52,55,55519,Route de Guerpont,48.722785,5.269361,Nuit sans éclairage public,Hors agglomération,Hors intersection,Pluie forte,Autre collision,3,2,2,0,1,1,2,0,1,80,,2,0,1,1,0,40.0,,,,3,1,1,3,6
202100003887,2021-12-09 07:40:00,2021,12,9,7,40,49,49307,Route de Sarrigné (bauné) D116,47.499311,-0.337261,Nuit sans éclairage public,Hors agglomération,Hors intersection,Normale,Deux véhicules - frontale,3,2,2,0,1,3,7,0,1,90,,3,0,0,2,1,59.0,29.0,,,3,1,1,1,1
202100003888,2021-12-05 11:40:00,2021,12,5,11,40,49,49377,Route Départementale N°113 (Soucelles),47.592019,-0.452939,Plein jour,Hors agglomération,Hors intersection,Normale,Deux véhicules - arrière,3,2,2,1,1,1,2,9,1,70,,2,1,0,0,1,23.0,48.0,,,1,1,1,1,2
202100003889,2021-12-09 17:45:00,2021,12,9,17,45,39,39476,44 Grande Rue,47.033252,5.328763,Nuit avec éclairage allumé,En agglomération,Intersection en T,Normale,Deux véhicules - côté,3,2,2,0,1,1,1,0,1,50,,2,1,0,1,0,16.0,78.0,,,5,2,3,1,3
202100003890,2021-12-08 21:35:00,2021,12,8,21,35,44,44185,Avenue Jean Burel,47.645286,-2.074753,Nuit avec éclairage allumé,En agglomération,Hors intersection,Pluie légère,Autre collision,3,2,2,0,1,1,2,0,1,50,,2,1,0,1,0,52.0,,,,5,2,1,2,6
202100003891,2021-12-09 08:10:00,2021,12,9,8,10,35,35204,L Olivel,48.044263,-1.552629,Crépuscule ou aube,Hors agglomération,Hors intersection,Pluie légère,Trois véhicules et plus - en chaîne,7,2,2,0,2,1,2,0,1,80,,3,1,0,1,1,30.0,44.0,,,2,1,1,2,4
202100003892,2021-12-08 18:50:00,2021,12,8,18,50,35,35040,La Grande Porte,48.14171,-1.917458,Nuit sans éclairage public,Hors agglomération,Hors intersection,Pluie légère,Autre collision,3,2,2,2,1,1,2,0,1,70,,2,1,1,0,0,40.0,,,,3,1,1,2,6
202100003893,2021-12-09 18:00:00,2021,12,9,18,0,38,38175,D528,45.260434,5.913777,Nuit sans éclairage public,Hors agglomération,Hors intersection,Normale,Deux véhicules - frontale,3,2,2,0,1,4,2,0,1,80,,2,1,0,1,0,28.0,15.0,,,3,1,1,1,1
202100003894,2021-12-10 07:50:00,2021,12,10,7,50,02,02195,Route Nationale 31 Pk 29+800,49.364922,3.477833,Nuit sans éclairage public,Hors agglomération,Hors intersection,Pluie légère,Deux véhicules - frontale,2,2,2,0,1,1,2,0,1,80,,2,1,0,0,1,21.0,73.0,,,3,1,1,2,1
202100003895,2021-12-09 09:45:00,2021,12,9,9,45,03,03011,rd 133 / rd 29,46.670864,3.351409,Plein jour,Hors agglomération,Intersection en X,Normale,Deux véhicules - côté,3,2,2,0,1,1,1,0,1,90,,3,0,0,0,3,16.0,36.0,,,1,1,2,1,3
202100003896,2021-12-09 17:40:00,2021,12,9,17,40,01,01134,d 51c,46.275888,4.861622,Nuit sans éclairage public,Hors agglomération,Hors intersection,Pluie légère,Deux véhicules - frontale,3,2,2,0,1,1,2,0,1,50,,3,2,0,0,1,17.0,54.0,,,3,1,1,2,1
202100003897,2021-12-10 14:30:00,2021,12,10,14,30,58,58031,D978,47.005825,3.443361,Plein jour,Hors agglomération,Hors intersection,Neige / grêle,Autre collision,3,2,1,0,2,1,5,0,3,80,,1,0,0,0,1,51.0,,,,1,1,1,4,6
202100003898,2021-10-21 09:00:00,2021,10,21,9,0,66,66049,avenue de la gare,42.493713,2.737699,Plein jour,En agglomération,Hors intersection,Normale,Autre collision,3,2,2,0,1,1,1,9,1,50,,2,1,0,1,0,46.0,,,,1,2,1,1,6
202100003899,2021-12-10 13:55:00,2021,12,10,13,55,50,50111,4 Rue des Juifs,49.025829,-1.28407,Plein jour,En agglomération,Place,Pluie légère,Autre collision,3,2,2,0,2,1,2,0,1,50,,2,1,0,0,1,42.0,,,,1,2,7,2,6
202100003900,2021-12-09 21:45:00,2021,12,9,21,45,07,07319,,44.551507,4.690534,Nuit sans éclairage public,Hors agglomération,Hors intersection,Normale,Deux véhicules - frontale,3,2,2,0,1,1,1,0,1,80,,3,0,1,1,1,41.0,52.0,,,3,1,1,1,1
202100003901,2021-12-08 08:00:00,2021,12,8,8,0,21,21154,4 Rue de Seine,47.8617954585,4.5761251938,Crépuscule ou aube,En agglomération,Hors intersection,Pluie légère,Autre collision,4,2,2,0,1,1,2,0,1,50,,2,1,0,0,1,38.0,,,,2,2,1,2,6
202100003902,2021-12-09 10:22:00,2021,12,9,10,22,28,28298,Rue de la Ferté,48.584131,1.575433,Plein jour,En agglomération,Hors intersection,Normale,Deux véhicules - frontale,3,2,2,0,4,1,7,0,1,50,,2,1,0,1,0,48.0,38.0,,,1,2,1,1,1
202100003903,2021-12-10 07:00:00,2021,12,10,7,0,88,88408,N66 - PK 16400,47.91197,6.654046,Nuit sans éclairage public,Hors agglomération,Hors intersection,Neige / grêle,Autre collision,2,2,2,0,2,2,5,0,2,90,,2,1,0,1,0,25.0,,,,3,1,1,4,6
202100003904,2021-12-10 18:00:00,2021,12,10,18,0,60,60628,autoroute A16 PK 071.880,49.4312578003,2.1321201324,Nuit sans éclairage public,Hors agglomération,Autre intersection,Pluie légère,Sans collision,1,1,4,0,1,2,2,3,1,130,,3,2,0,0,1,40.0,38.0,,,3,1,9,2,7
202100003905,2021-11-26 16:55:00,2021,11,26,16,55,35,35210,N12,48.147049,-1.788036,Crépuscule ou aube,Hors agglomération,Hors intersection,Pluie légère,Trois véhicules et plus - en chaîne,2,3,4,0,2,1,2,0,1,110,,9,6,1,0,2,42.0,21.0,,,2,1,1,2,4
202100003906,2021-12-09 07:36:00,2021,12,9,7,36,22,22277,Le Champs Boissel - VC 19,48.397789,-2.846264,Nuit sans éclairage public,Hors agglomération,Hors intersection,Autre,Sans collision,4,2,2,0,2,3,7,0,3,80,,5,0,0,1,4,25.0,,,,3,1,1,9,7
202100003907,2021-12-08 08:00:00,2021,12,8,8,0,987,98744,VITARIA,-22.464846,-151.369758,Plein jour,Hors agglomération,Hors intersection,Normale,Autre collision,2,2,2,0,2,2,1,0,3,60,,1,0,1,0,0,55.0,,,,1,1,1,1,6
202100003908,2021-12-09 19:30:00,2021,12,9,19,30,18,18207,9 Avenue Gabriel Dordain,46.993395,2.247299,Nuit avec éclairage allumé,En agglomération,Hors intersection,Normale,Autre collision,2,2,2,0,2,1,1,9,1,50,,2,1,0,1,0,38.0,,,,5,2,1,1,6
202100003909,2021-12-09 20:10:00,2021,12,9,20,10,77,77183,Route départementale 603,48.952146,3.131911,Nuit sans éclairage public,Hors agglomération,Hors intersection,Normale,Autre collision,4,2,2,0,1,1,1,0,1,80,,1,0,0,1,0,68.0,,,,3,1,1,1,6
202100003910,2021-12-09 15:15:00,2021,12,9,15,15,78,78082,Rue des Tilleuls,48.967304,1.580111,Plein jour,Hors agglomération,Hors intersection,Temps éblouissant,Autre collision,4,2,1,0,4,3,1,0,3,50,,3,1,1,1,0,72.0,,,,1,1,1,7,6
202100003911,2021-12-08 17:00:00,2021,12,8,17,0,78,78346,D11,48.926091,1.573121,Crépuscule ou aube,Hors agglomération,Hors intersection,Normale,Deux véhicules - frontale,3,2,2,1,1,3,1,0,1,80,,5,3,0,2,0,21.0,41.0,,,2,1,1,1,1
202100003912,2021-12-10 12:00:00,2021,12,10,12,0,2B,2B134,Route de Monticello,42.631717,8.939524,Plein jour,En agglomération,Hors intersection,Pluie légère,Deux véhicules - arrière,3,2,2,0,2,1,2,0,1,50,,2,1,0,1,0,30.0,16.0,,,1,2,1,2,2
202100003913,2021-05-18 17:10:00,2021,5,18,17,10,83,83107,Résidence Only Roc (Construction),43.427897,6.669334,Plein jour,Hors agglomération,Intersection en T,Normale,Deux véhicules - côté,3,2,2,0,3,1,1,0,1,80,,2,0,0,0,2,68.0,33.0,,,1,1,3,1,3
202100003914,2021-12-08 20:40:00,2021,12,8,20,40,26,26252,Autoroute du Soleil,44.885178,4.868718,Nuit sans éclairage public,Hors agglomération,Hors intersection,Pluie légère,Deux véhicules - côté,1,3,4,0,1,1,2,0,1,130,,2,1,0,0,1,23.0,52.0,,,3,1,1,2,3
202100003915,2021-12-03 07:15:00,2021,12,3,7,15,89,89083,D31,47.851154,3.474169,Crépuscule ou aube,Hors agglomération,Hors intersection,Normale,Deux véhicules - côté,3,2,2,0,2,3,2,0,1,80,,2,0,0,0,2,39.0,20.0,,,2,1,1,1,3
202100003916,2021-12-09 23:45:00,2021,12,9,23,45,89,89167,A6 PK 145 + 200 sens 1,47.879716,3.444491,Nuit sans éclairage public,Hors agglomération,Hors intersection,Normale,Autre collision,1,3,4,0,1,1,1,8,1,90,,3,2,0,1,0,43.0,28.0,,,3,1,1,1,6
202100003917,2021-12-09 16:20:00,2021,12,9,16,20,67,67339,35 Rue de Rittershoffen,48.89832,7.923903,Crépuscule ou aube,En agglomération,Hors intersection,Normale,Deux véhicules - côté,3,2,2,0,1,1,2,0,4,-1,,2,1,1,0,0,87.0,,,,2,2,1,1,3
202100003918,2021-12-09 18:00:00,2021,12,9,18,0,63,63226,Route de Vertaizon,45.757523,3.261352,Nuit sans éclairage public,Hors agglomération,Hors intersection,Normale,Deux véhicules - côté,3,2,2,0,1,3,1,0,1,80,,2,1,0,1,0,53.0,85.0,,,3,1,1,1,3
202100003919,2021-12-09 14:30:00,2021,12,9,14,30,42,42323,Avenue de la Libération,45.571575,4.273918,Plein jour,En agglomération,Hors intersection,Normale,Deux véhicules - arrière,3,2,2,0,1,1,1,0,1,50,,3,1,1,1,0,80.0,23.0,,,1,2,1,1,2
202100003920,2021-12-09 18:55:00,2021,12,9,18,55,79,79270,Av du Mal de Lattre de Tassigny,46.413319,-0.205672,Nuit avec éclairage allumé,En agglomération,Intersection en X,Pluie légère,Deux véhicules - côté,3,2,2,0,2,1,2,5,1,50,,2,1,0,1,0,43.0,16.0,,,5,2,2,2,3
202100003921,2021-12-09 18:55:00,2021,12,9,18,55,29,29124,Rue Médecin Général le Berre,48.56976,-4.317986,Nuit avec éclairage allumé,En agglomération,Hors intersection,Pluie légère,Autre collision,4,2,2,0,1,1,2,0,1,50,,2,1,0,1,0,48.0,,,,5,2,1,2,6
202100003922,2021-12-09 14:00:00,2021,12,9,14,0,60,60247,D101,49.4356184931,2.5275973677,Plein jour,Hors agglomération,Intersection en X,Normale,Deux véhicules - frontale,3,2,2,0,1,1,1,0,1,80,,3,1,0,1,1,67.0,63.0,,,1,1,2,1,1
202100003923,2021-12-10 20:30:00,2021,12,10,20,30,60,60307,366 rue de la croix du chene,49.3356390386,2.2594617605,Nuit avec éclairage allumé,En agglomération,Hors intersection,Normale,Deux véhicules - côté,3,2,2,0,1,3,1,0,1,50,,2,1,0,0,1,27.0,20.0,,,5,2,1,1,3
202100003924,2021-12-09 08:50:00,2021,12,9,8,50,83,83137,A50,43.1247873678,5.9013426304,Plein jour,Hors agglomération,Hors intersection,Normale,Trois véhicules et plus - en chaîne,1,3,6,0,1,1,1,0,1,90,,3,2,0,0,1,44.0,36.0,,,1,1,1,1,4
202100003925,2021-12-09 10:00:00,2021,12,9,10,0,33,33249,ROUTE NATIONALE 230,44.88494,-0.51221,Plein jour,Hors agglomération,Hors intersection,Normale,Autre collision,2,1,2,0,2,2,2,3,1,50,,1,0,0,0,1,32.0,,,,1,1,1,1,6
202100003926,2021-12-09 08:40:00,2021,12,9,8,40,33,33013,ROUTE NATIONALE 89,44.86825,-0.49446,Plein jour,Hors agglomération,Hors intersection,Normale,Deux véhicules - arrière,2,3,4,0,2,1,2,0,1,90,,3,2,0,0,1,41.0,24.0,,,1,1,1,1,2
202100003927,2021-12-09 07:00:00,2021,12,9,7,0,33,33167,ROUTE NATIONALE 230,44.84094,-0.50151,Nuit sans éclairage public,Hors agglomération,Hors intersection,Normale,Trois véhicules et plus - en chaîne,2,3,6,0,1,1,2,0,1,90,,3,2,0,0,1,32.0,34.0,,,3,1,1,1,4
202100003928,2021-12-07 05:50:00,2021,12,7,5,50,59,59523,AUTOROUTE A27,50.59816,3.14267,Nuit sans éclairage public,Hors agglomération,Hors intersection,Normale,Autre collision,1,1,5,0,1,1,2,0,1,90,,7,4,1,0,2,22.0,47.0,,,3,1,1,1,6
202100003929,2021-12-09 19:45:00,2021,12,9,19,45,92,92002,AUTOROUTE A86,48.7632567814,2.3103776131,Nuit avec éclairage allumé,Hors agglomération,Hors intersection,Normale,Deux véhicules - arrière,1,1,2,0,1,1,1,1,1,70,,2,1,0,0,1,42.0,27.0,,,5,1,1,1,2
202100003930,2021-12-09 19:00:00,2021,12,9,19,0,91,91589,AUTOROUTE A6,48.67891,2.33459,Nuit sans éclairage public,Hors agglomération,Hors intersection,Normale,Deux véhicules - arrière,1,3,6,0,1,1,1,0,1,110,,2,1,0,0,1,21.0,48.0,,,3,1,1,1,2
202100003931,2021-12-09 11:45:00,2021,12,9,11,45,91,91573,RN 104,48.631656,2.518842,Plein jour,Hors agglomération,Hors intersection,Normale,Trois véhicules et plus - collisions multiples,2,1,2,0,1,1,1,0,1,110,,3,2,0,0,1,37.0,,,,1,1,1,1,5
202100003932,2021-12-09 09:00:00,2021,12,9,9,0,91,91340,AUTOROUTE A6,48.60466,2.43677,Plein jour,Hors agglomération,Hors intersection,Normale,Trois véhicules et plus - en chaîne,1,1,2,0,1,1,1,0,1,70,,3,1,0,0,2,41.0,42.0,,,1,1,1,1,4
202100003933,2021-12-09 07:30:00,2021,12,9,7,30,94,94065,AUTOROUTE A86,48.75504,2.34367,Plein jour,Hors agglomération,Hors intersection,Normale,Deux véhicules - arrière,1,1,4,0,1,1,1,0,1,70,,2,1,0,0,1,36.0,51.0,,,1,1,1,1,2
202100003934,2021-12-09 21:45:00,2021,12,9,21,45,92,92025,A86,48.9324073982,2.2485267811,Nuit sans éclairage public,Hors agglomération,Hors intersection,Pluie légère,Deux véhicules - arrière,1,1,2,0,3,1,2,2,1,70,,2,1,0,0,1,55.0,55.0,,,3,1,1,2,2
202100003935,2021-12-09 20:20:00,2021,12,9,20,20,78,78140,A13,48.95893,1.93289,Nuit sans éclairage public,Hors agglomération,Hors intersection,Normale,Deux véhicules - arrière,1,1,3,0,2,1,1,0,2,130,,2,0,0,0,2,48.0,25.0,,,3,1,1,1,2
202100003936,2021-12-09 18:00:00,2021,12,9,18,0,78,78640,A86 EXT,48.778468,2.207949,Nuit sans éclairage public,Hors agglomération,Hors intersection,Normale,Deux véhicules - arrière,1,1,3,0,1,1,1,0,1,110,,4,2,0,0,2,22.0,57.0,,,3,1,1,1,2
202100003937,2021-12-09 17:55:00,2021,12,9,17,55,78,78431,A13,48.943815,1.950369,Nuit sans éclairage public,Hors agglomération,Hors intersection,Normale,Deux véhicules - frontale,1,3,3,0,1,1,1,0,1,130,,2,1,0,0,1,34.0,20.0,,,3,1,1,1,1
202100003938,2021-12-08 09:35:00,2021,12,8,9,35,78,78090,A13,48.970483,1.901099,Plein jour,Hors agglomération,Hors intersection,Normale,Deux véhicules - arrière,1,1,3,0,1,1,1,0,1,110,,2,1,0,0,1,30.0,71.0,,,1,1,1,1,2
202100003939,2021-12-09 15:00:00,2021,12,9,15,0,93,93066,AUTOROUTE A1,48.9305,2.36637,Plein jour,Hors agglomération,Hors intersection,Normale,Autre collision,1,3,4,0,1,1,1,9,8,90,,1,0,0,1,0,46.0,,,,1,1,1,1,6
202100003940,2021-12-09 10:30:00,2021,12,9,10,30,93,93027,AUTOROUTE A86,48.92692,2.40451,Plein jour,Hors agglomération,Hors intersection,Normale,Deux véhicules - arrière,1,1,6,0,1,1,1,0,1,90,,2,1,0,0,1,32.0,37.0,,,1,1,1,1,2
202100003941,2021-12-09 09:00:00,2021,12,9,9,0,95,95241,RN 104,49.04637,2.45464,Plein jour,Hors agglomération,Hors intersection,Normale,Deux véhicules - arrière,2,3,4,0,1,1,1,0,1,110,,2,1,0,0,1,38.0,39.0,,,1,1,1,1,2
202100003942,2021-12-09 01:20:00,2021,12,9,1,20,93,93063,AUTOROUTE A3,48.87638,2.44262,Nuit sans éclairage public,Hors agglomération,Hors intersection,Normale,Deux véhicules - côté,1,3,6,0,1,1,1,0,1,70,,2,1,0,0,1,43.0,,,,3,1,1,1,3
202100003943,2021-12-08 06:15:00,2021,12,8,6,15,95,95060,AUTOROUTE A115,49.03535,2.1961,Nuit sans éclairage public,Hors agglomération,Hors intersection,Normale,Autre collision,1,3,4,0,1,1,1,0,1,90,,1,0,0,0,1,30.0,,,,3,1,1,1,6
202100003944,2021-12-09 19:00:00,2021,12,9,19,0,94,94017,A4,48.8292770022,2.4819539624,Nuit sans éclairage public,Hors agglomération,Hors intersection,Normale,Deux véhicules - arrière,1,3,4,0,1,1,1,0,1,90,,2,1,0,0,1,32.0,37.0,,,3,1,1,1,2
202100003945,2021-12-09 10:50:00,2021,12,9,10,50,77,77517,A104.EXT,48.9032,2.6474,Plein jour,Hors agglomération,Hors intersection,Normale,Autre collision,1,3,4,0,1,1,1,0,1,90,,1,0,0,0,1,20.0,,,,1,1,1,1,6
202100003946,2021-12-09 04:15:00,2021,12,9,4,15,77,77294,A104,48.970396,2.570474,Nuit sans éclairage public,Hors agglomération,Hors intersection,Normale,Deux véhicules - arrière,1,3,3,0,1,1,1,0,1,90,,2,1,0,0,1,23.0,40.0,,,3,1,1,1,2
202100003947,2021-12-08 23:55:00,2021,12,8,23,55,94,94052,A86 INT,48.8433249102,2.4931240082,Nuit avec éclairage allumé,Hors agglomération,Hors intersection,Normale,Deux véhicules - arrière,1,1,3,0,1,3,1,1,1,90,,2,1,0,0,1,20.0,52.0,,,5,1,1,1,2
202100003948,2021-12-08 20:35:00,2021,12,8,20,35,60,60057,avenue du maréchal De Lattre de Tassigny ,49.41101,2.10236,Nuit sans éclairage public,Hors agglomération,Hors intersection,Normale,Autre collision,3,1,2,0,1,1,1,0,3,70,,1,0,1,0,0,36.0,,,,3,1,1,1,6
202100003949,2021-12-07 17:55:00,2021,12,7,17,55,87,87114,CARNOT (AVENUE PRESIDENT-SADI-),45.82968,1.29757,Nuit avec éclairage allumé,En agglomération,Hors intersection,Pluie légère,Autre collision,3,2,2,0,1,1,2,0,1,50,,2,1,0,0,1,21.0,,,,5,2,1,2,6
202100003950,2021-12-07 15:00:00,2021,12,7,15,0,13,13212,FERNANDEL (AVENUE),43.312,5.449,Plein jour,En agglomération,Hors intersection,Normale,Deux véhicules - frontale,4,2,2,0,1,1,1,0,1,50,,2,1,0,0,1,47.0,,,,1,2,1,1,1
202100003951,2021-12-06 18:15:00,2021,12,6,18,15,976,97611,cavani-Belle vue (rue),-12.78481,45.2227,Nuit avec éclairage allumé,En agglomération,Hors intersection,Normale,Autre collision,4,2,2,0,2,1,1,6,1,50,,2,0,0,0,2,21.0,,,,5,2,1,1,6
202100003952,2021-12-06 18:25:00,2021,12,6,18,25,91,91103,AV LUCIEN CLAUSE,48.608524,2.297067,Nuit avec éclairage allumé,En agglomération,Autre intersection,Normale,Autre collision,4,2,2,3,1,1,2,9,4,50,,2,1,0,0,1,39.0,,,,5,2,9,1,6
202100003953,2021-06-27 02:25:00,2021,6,27,2,25,62,62224,DOCTEUR CHAUVAUX (RUE DU),50.53325,2.56463,Nuit avec éclairage allumé,En agglomération,Hors intersection,Normale,Autre collision,3,2,2,0,1,1,1,0,4,50,,3,1,0,0,2,21.0,,,,5,2,1,1,6
202100003954,2021-07-26 15:20:00,2021,7,26,15,20,64,64122,MARNE (AVENUE DE LA),43.4842860323,-1.5554760396,Plein jour,En agglomération,Hors intersection,Normale,Autre collision,4,2,2,0,1,1,1,0,5,30,,3,2,0,1,0,13.0,14.0,,,1,2,1,1,6
202100003955,2021-07-24 15:45:00,2021,7,24,15,45,16,16102,RN 141,45.69537,-0.350914,Plein jour,Hors agglomération,Hors intersection,Normale,Deux véhicules - frontale,2,2,2,0,1,1,1,0,1,90,,4,0,0,2,2,75.0,75.0,,,1,1,1,1,1
202100003956,2021-09-23 08:20:00,2021,9,23,8,20,75,75101,RUE DE CASTIGLIONE,48.866613,2.328574,Plein jour,En agglomération,Intersection en X,Normale,Deux véhicules - côté,4,1,1,0,1,1,1,0,1,30,,4,1,1,0,2,46.0,43.0,,,1,2,2,1,3
202100003957,2021-12-07 11:50:00,2021,12,7,11,50,974,97416,D28 LIGNE DES BAMBOUS,-21.3066,55.49772,Plein jour,En agglomération,Autre intersection,Normale,Deux véhicules - arrière,3,2,3,0,1,3,1,0,1,50,,2,1,0,0,1,44.0,55.0,,,1,2,9,1,2