accident_id,datetime,annee,mois,jour,heure,minute,departement,commune_insee,adresse,latitude,longitude,luminosite,agglomeration,intersection,meteo,collision,catr,circ,nbv,vosp,prof,plan,surf,infra,situ,vma,nb_vehicules,nb_usagers,nb_indemnes,nb_tues,nb_blesses_hosp,nb_blesses_legers,age_cond_1,age_cond_2,veh_type_cond_1,veh_type_cond_2,lum_code,agg_code,int_code,atm_code,col_code
202100003958,2021-12-06 07:40:00,2021,12,6,7,40,974,97407,VERGES(AVENUE),-20.93967,55.30325,Plein jour,En agglomération,Hors intersection,Normale,Deux véhicules - côté,4,1,1,0,1,1,1,9,8,50,,2,1,0,0,1,36.0,,,,1,2,1,1,3
202100003959,2021-12-08 15:45:00,2021,12,8,15,45,973,97302,DIGUE RONJON,4.93334,-52.33169,Plein jour,En agglomération,Intersection en X,Normale,Deux véhicules - côté,4,2,2,0,1,1,1,0,1,50,,2,1,0,0,1,23.0,56.0,,,1,2,2,1,3
202100003960,2021-12-08 13:55:00,2021,12,8,13,55,973,97302,UNIVERSITE CHICAGO (RUE DE),4.9343419926,-52.2989493013,Plein jour,En agglomération,Hors intersection,Temps couvert,Trois véhicules et plus - en chaîne,4,1,1,0,1,3,1,9,1,50,,4,3,0,0,1,21.0,40.0,,,1,2,1,8,4
202100003961,2021-12-07 16:50:00,2021,12,7,16,50,973,97302,RABAN (ROUTE DE),4.9280499284,-52.3138175905,Plein jour,En agglomération,Hors intersection,Normale,Autre collision,4,2,2,3,1,1,1,0,1,50,,2,1,0,0,1,37.0,,,,1,2,1,1,6
202100003962,2021-12-08 18:45:00,2021,12,8,18,45,69,69386,THIERS (AV),45.7651610264,4.8619826138,Nuit avec éclairage allumé,En agglomération,Passage à niveau,Pluie légère,Deux véhicules - côté,4,2,4,3,1,1,2,4,6,50,,6,3,0,0,3,46.0,35.0,,,5,2,8,2,3
202100003963,2021-12-08 11:10:00,2021,12,8,11,10,69,69383,DOCTEUR LONG (DU) (CR),45.75102,4.88913,Plein jour,En agglomération,Intersection en X,Pluie légère,Deux véhicules - côté,4,1,1,0,1,1,2,0,1,30,,4,1,0,0,3,41.0,19.0,,,1,2,2,2,3
202100003964,2021-12-08 07:15:00,2021,12,8,7,15,69,69199,CARNOT (R),45.70804,4.85983,Nuit avec éclairage allumé,En agglomération,Intersection en T,Pluie légère,Deux véhicules - côté,4,2,2,2,1,1,2,0,1,50,,2,1,0,0,1,49.0,27.0,,,5,2,3,2,3
202100003965,2021-12-07 23:40:00,2021,12,7,23,40,69,69387,FELIX FAURE (AV),45.75214,4.84719,Nuit avec éclairage allumé,En agglomération,Intersection en X,Pluie légère,Deux véhicules - côté,4,1,2,2,1,1,2,0,1,50,,2,1,0,0,1,29.0,30.0,,,5,2,2,2,3
202100003966,2021-12-07 20:30:00,2021,12,7,20,30,69,69387,DEBOURG (AV),45.73148,4.83009,Nuit avec éclairage allumé,En agglomération,Hors intersection,Pluie forte,Sans collision,4,2,2,2,1,1,2,0,1,50,,1,0,0,0,1,43.0,,,,5,2,1,3,7
202100003967,2021-12-07 10:00:00,2021,12,7,10,0,69,69383,PART DIEU (DE LA) (R),45.75953,4.84679,Plein jour,En agglomération,Intersection en X,Temps couvert,Deux véhicules - côté,4,1,1,1,1,1,2,5,5,50,,2,1,0,0,1,42.0,35.0,,,1,2,2,8,3
202100003968,2021-12-07 08:50:00,2021,12,7,8,50,69,69383,FELIX FAURE (AV),45.75411,4.86322,Plein jour,En agglomération,Intersection en X,Pluie légère,Deux véhicules - côté,4,2,3,3,1,1,2,5,1,50,,3,2,0,0,1,32.0,59.0,,,1,2,2,2,3
202100003969,2021-12-07 13:40:00,2021,12,7,13,40,972,97213,Z I LA JAMBETTE,14.617205,-61.031521,Plein jour,En agglomération,Hors intersection,Normale,Deux véhicules - côté,5,2,2,0,4,1,1,0,1,50,,2,1,0,0,1,23.0,56.0,,,1,2,1,1,3
202100003970,2021-12-06 11:00:00,2021,12,6,11,0,972,97209,TAMARINS DES INDES (RUE DES),14.61108,-61.05258,Plein jour,En agglomération,Hors intersection,Normale,Autre collision,4,1,1,0,1,1,1,0,3,50,,1,0,0,1,0,84.0,,,,1,2,1,1,6
202100003971,2021-12-08 20:30:00,2021,12,8,20,30,69,69034,CASTELLANE (MO),45.7979,4.83878,Nuit avec éclairage allumé,En agglomération,Hors intersection,Normale,Autre collision,7,2,2,0,2,2,2,0,3,50,,1,0,0,0,1,27.0,,,,5,2,1,1,6
202100003972,2021-12-08 22:05:00,2021,12,8,22,5,69,69286,EUROPE (DE L') (AV),45.81765,4.90188,Nuit avec éclairage allumé,En agglomération,Hors intersection,Pluie légère,Sans collision,4,1,2,3,1,3,2,0,1,30,,1,0,0,0,1,18.0,,,,5,2,1,2,7
202100003973,2021-12-08 17:30:00,2021,12,8,17,30,69,69389,CLAIRE (DE LA) (R),45.7784237582,4.8023141921,Nuit avec éclairage allumé,En agglomération,Intersection en T,Pluie légère,Autre collision,4,1,1,2,1,1,2,0,1,50,,2,1,0,0,1,66.0,,,,5,2,3,2,6
202100003974,2021-11-29 12:45:00,2021,11,29,12,45,69,69149,GRANDE RUE                          (GR),45.71388,4.80594,Plein jour,En agglomération,Hors intersection,Normale,Deux véhicules - frontale,7,2,2,0,2,1,1,0,1,30,,2,1,0,0,1,37.0,82.0,,,1,2,1,1,1
202100003975,2021-12-07 09:25:00,2021,12,7,9,25,69,69081,PEROLLIER (DU) (RDPT),45.78634,4.78308,Plein jour,En agglomération,Giratoire,Pluie légère,Deux véhicules - côté,4,1,2,0,1,1,2,5,1,50,,2,1,0,0,1,28.0,55.0,,,1,2,6,2,3
202100003976,2021-12-07 02:15:00,2021,12,7,2,15,69,69382,DOCTEUR GAILLETON (DU) (Q),45.75218,4.83296,Nuit avec éclairage allumé,En agglomération,Intersection en T,Pluie légère,Deux véhicules - arrière,4,1,5,3,1,1,2,0,1,50,,2,1,0,0,1,27.0,38.0,,,5,2,3,2,2
202100003977,2021-12-07 14:00:00,2021,12,7,14,0,2B,2B033,TOUTES RUES,42.7086,9.4536,Plein jour,En agglomération,Giratoire,Normale,Deux véhicules - frontale,9,4,2,0,1,1,1,9,8,50,,2,1,0,0,1,50.0,,,,1,2,6,1,1
202100003978,2021-12-07 16:45:00,2021,12,7,16,45,971,97101,AEROPORT POLE CARAIBES,16.2746509463,-61.5248805285,Plein jour,En agglomération,Giratoire,Normale,Autre collision,4,-1,2,0,1,3,1,0,1,50,,2,1,0,1,0,,,,,1,2,6,1,6
202100003979,2021-12-07 17:30:00,2021,12,7,17,30,95,95277,POMPIDOU GEORGES (AVENUE),48.99057,2.43035,Nuit avec éclairage allumé,En agglomération,Hors intersection,Pluie légère,Autre collision,4,2,2,0,1,1,2,0,1,50,,2,1,0,0,1,30.0,,,,5,2,1,2,6
202100003980,2021-12-07 18:30:00,2021,12,7,18,30,91,91021,AV DE VERDUN,48.580738,2.241554,Nuit avec éclairage allumé,En agglomération,Intersection en T,Pluie légère,Deux véhicules - frontale,4,2,2,0,2,1,2,0,1,50,,2,1,0,1,0,37.0,23.0,,,5,2,3,2,1
202100003981,2021-12-07 09:05:00,2021,12,7,9,5,91,91421,DUMAY DELILLE (BOULEVARD),48.699002,2.466536,Plein jour,En agglomération,Hors intersection,Autre,Autre collision,4,1,1,0,1,1,2,0,1,50,,2,1,0,0,1,24.0,35.0,,,1,2,1,9,6
202100003982,2021-12-08 17:20:00,2021,12,8,17,20,91,91027,AV ARISTIDE BRIAND,48.70592,2.38583,Crépuscule ou aube,En agglomération,Hors intersection,Temps couvert,Deux véhicules - arrière,3,3,3,0,3,1,1,0,1,50,,2,1,0,0,1,31.0,28.0,,,2,2,1,8,2
202100003983,2021-12-08 11:45:00,2021,12,8,11,45,91,91687,HUSSON (BOULEVARD),48.675429,2.378016,Plein jour,En agglomération,Giratoire,Normale,Deux véhicules - côté,4,2,2,0,1,1,1,0,1,50,,2,1,0,0,1,7.0,70.0,,,1,2,6,1,3
202100003984,2021-12-07 17:47:00,2021,12,7,17,47,87,87085,PREFECTURE (RUE DE LA),45.8334,1.25747,Plein jour,En agglomération,Hors intersection,Pluie légère,Autre collision,4,2,2,0,1,1,2,0,1,50,,2,1,0,0,1,39.0,,,,1,2,1,2,6
202100003985,2021-12-07 21:05:00,2021,12,7,21,5,87,87085,DUMAS (AVENUE GEORGES),45.82603,1.26801,Nuit avec éclairage allumé,En agglomération,Intersection en X,Pluie légère,Trois véhicules et plus - collisions multiples,2,3,5,0,1,1,2,5,1,50,,4,3,0,0,1,54.0,18.0,,,5,2,2,2,5
202100003986,2021-12-07 00:19:00,2021,12,7,0,19,87,87085,MAS-BOUYOL  (CITE ET BOULEVARD DU),45.83336,1.22573,Nuit avec éclairage allumé,En agglomération,Hors intersection,Pluie légère,Autre collision,4,3,6,0,1,2,2,0,1,50,,3,0,0,1,2,19.0,,,,5,2,1,2,6
202100003987,2021-12-06 07:42:00,2021,12,6,7,42,87,87085,RD941 (OUEST),45.83697,1.19604,Crépuscule ou aube,Hors agglomération,Hors intersection,Normale,Trois véhicules et plus - collisions multiples,3,3,4,0,1,1,2,0,1,110,,3,2,0,0,1,84.0,56.0,,,2,1,1,1,5
202100003988,2021-12-05 06:22:00,2021,12,5,6,22,87,87075,PERIGUEUX (ROUTE DE),45.7951,1.22348,Nuit avec éclairage allumé,Hors agglomération,Hors intersection,Pluie légère,Deux véhicules - frontale,2,2,2,0,1,3,2,0,1,70,,2,1,0,0,1,22.0,34.0,,,5,1,1,2,1
202100003989,2021-12-03 17:00:00,2021,12,3,17,0,84,84007,VENUS D'ARLES (Rue de la),43.92923,4.81629,Plein jour,En agglomération,Hors intersection,Normale,Deux véhicules - côté,4,1,3,1,1,1,1,0,1,50,,2,1,0,1,0,59.0,21.0,,,1,2,1,1,3
202100003990,2021-12-08 13:30:00,2021,12,8,13,30,83,83069,GIENS (ROUTE DE ),43.06671,6.14723,Plein jour,En agglomération,Hors intersection,Normale,Deux véhicules - arrière,7,2,2,0,1,1,1,0,1,70,,2,1,0,0,1,43.0,31.0,,,1,2,1,1,2
202100003991,2021-12-07 18:38:00,2021,12,7,18,38,83,83069,GEOFFROY ST HILAIRE (AVENUE),43.1078421718,6.1287564039,Crépuscule ou aube,En agglomération,Hors intersection,Normale,Deux véhicules - côté,7,2,2,0,1,1,1,0,1,30,,2,1,0,0,1,37.0,32.0,,,2,2,1,1,3
202100003992,2021-12-06 21:50:00,2021,12,6,21,50,83,83141,D 1555(SORTIE VILLAGE VERS DRAGUIGNAN),43.48907,6.50744,Nuit sans éclairage public,Hors agglomération,Hors intersection,Normale,Deux véhicules - frontale,3,3,4,0,1,1,1,0,1,90,,2,1,0,1,0,24.0,48.0,,,3,1,1,1,1
202100003993,2021-12-05 18:30:00,2021,12,5,18,30,82,82121,GAMBETTA (AVENUE),44.01787,1.358994,Nuit sans éclairage public,En agglomération,Hors intersection,Normale,Autre collision,4,2,-1,-1,1,1,1,9,1,30,,2,1,0,0,1,68.0,,,,3,2,1,1,6
202100003994,2021-12-07 12:05:00,2021,12,7,12,5,80,80021,HAUTE DES TANNEURS (RUE),49.8967,2.29786,Plein jour,En agglomération,Intersection en X,Normale,Deux véhicules - côté,4,1,1,0,1,1,1,0,1,50,,2,1,0,0,1,47.0,52.0,,,1,2,2,1,3
202100003995,2021-12-06 08:25:00,2021,12,6,8,25,80,80021,MARIVAUX (RUE),49.9114468453,2.3240947165,Plein jour,En agglomération,Hors intersection,Normale,Autre collision,4,2,2,0,1,1,1,0,1,50,,2,1,0,0,1,45.0,,,,1,2,1,1,6
202100003996,2021-12-05 23:00:00,2021,12,5,23,0,80,80021,CATHERINE DE LICE (RUE),49.90272,2.30338,Nuit avec éclairage allumé,En agglomération,Intersection en T,Normale,Deux véhicules - côté,4,1,1,0,1,1,1,0,1,50,,2,1,0,0,1,22.0,31.0,,,5,2,3,1,3
202100003997,2021-12-04 00:05:00,2021,12,4,0,5,80,80021,SAINT FUSCIEN (RUE),49.88861,2.30301,Nuit avec éclairage allumé,En agglomération,Intersection en X,Pluie forte,Deux véhicules - côté,4,2,5,0,1,1,2,0,1,50,,2,1,0,0,1,40.0,27.0,,,5,2,2,3,3
202100003998,2021-12-08 21:35:00,2021,12,8,21,35,78,78005,RN 184,48.975212,2.089157,Nuit sans éclairage public,Hors agglomération,Hors intersection,Normale,Deux véhicules - côté,2,-1,3,0,1,1,1,0,1,80,,2,1,0,0,1,47.0,37.0,,,3,1,1,1,3
202100003999,2021-12-08 13:45:00,2021,12,8,13,45,78,78551,FOCH (AVENUE DU MARECHAL),48.900372,2.088111,Plein jour,En agglomération,Autre intersection,Normale,Autre collision,3,2,0,0,1,1,1,0,1,50,,2,1,0,0,1,51.0,49.0,,,1,2,9,1,6
202100004000,2021-12-07 20:00:00,2021,12,7,20,0,78,78498,EISENHOWER AV DU GENERAL,48.92643,2.05125,Nuit avec éclairage allumé,En agglomération,Intersection en X,Pluie légère,Deux véhicules - côté,3,2,2,0,2,1,2,5,1,30,,2,0,0,1,1,24.0,59.0,,,5,2,2,2,3
202100004001,2021-12-07 21:20:00,2021,12,7,21,20,77,77288,COURTILLE  (QUAI DE LA ),48.536869,2.658774,Nuit avec éclairage allumé,En agglomération,Autre intersection,Normale,Deux véhicules - côté,4,1,4,2,1,1,1,0,1,30,,2,1,0,1,0,39.0,36.0,,,5,2,9,1,3
202100004002,2021-12-07 08:30:00,2021,12,7,8,30,76,76497,RN 138,49.3656310844,1.0394851863,Plein jour,Hors agglomération,Hors intersection,Brouillard / fumée,Deux véhicules - arrière,2,1,3,0,1,1,2,0,1,110,,3,2,0,0,1,30.0,42.0,,,1,1,1,5,2
202100004003,2021-12-06 23:00:00,2021,12,6,23,0,76,76351,AMIRAL MOUCHEZ (BD),49.48769,0.14684,Nuit avec éclairage allumé,En agglomération,Hors intersection,Normale,Autre collision,3,2,2,0,1,1,1,0,1,50,,2,1,0,0,1,23.0,,,,5,2,1,1,6
202100004004,2021-12-08 19:35:00,2021,12,8,19,35,76,76576,Cite Radieuse,49.55818,0.44739,Nuit sans éclairage public,Hors agglomération,Hors intersection,Normale,Autre collision,3,2,2,0,2,2,2,0,1,80,,1,0,0,0,1,27.0,,,,3,1,1,1,6
202100004005,2021-12-08 12:15:00,2021,12,8,12,15,74,74010,ROCADE (BOULEVARD DE LA),45.91074,6.11931,Plein jour,En agglomération,Hors intersection,Pluie légère,Autre collision,3,3,0,0,1,1,2,0,1,50,,2,1,0,1,0,63.0,,,,1,2,1,2,6
202100004006,2021-12-07 17:30:00,2021,12,7,17,30,71,71076,IMPASSE DU PARADIS,46.7931,4.85322,Nuit avec éclairage allumé,En agglomération,Hors intersection,Normale,Autre collision,4,2,2,0,1,1,1,0,1,30,,2,1,0,0,1,84.0,,,,5,2,1,1,6
202100004007,2021-12-07 11:00:00,2021,12,7,11,0,69,69290,EDMOND ROSTAND (R),45.69441,4.94226,Plein jour,En agglomération,Intersection en T,Normale,Trois véhicules et plus - en chaîne,4,2,2,3,2,1,2,0,1,50,,3,2,0,0,1,75.0,36.0,,,1,2,3,1,4
202100004008,2021-12-04 06:25:00,2021,12,4,6,25,68,68166,BEARN (RUE DU),47.79124,7.321807,Nuit avec éclairage allumé,En agglomération,Giratoire,Pluie légère,Deux véhicules - côté,4,2,2,0,1,2,2,0,1,30,,2,1,0,1,0,85.0,36.0,,,5,2,6,2,3
202100004009,2021-12-05 07:06:00,2021,12,5,7,6,67,67482,COLMAR (AVENUE DE),48.5527,7.74378,Nuit avec éclairage allumé,En agglomération,Hors intersection,Pluie légère,Deux véhicules - côté,4,2,4,1,1,1,2,5,1,50,,2,1,1,0,0,27.0,32.0,,,5,2,1,2,3
202100004010,2021-12-04 15:05:00,2021,12,4,15,5,67,67482,JEAN MENTELIN (RUE),48.57565,7.70451,Plein jour,En agglomération,Hors intersection,Normale,Deux véhicules - frontale,4,2,2,0,1,1,1,0,1,50,,2,1,0,0,1,38.0,52.0,,,1,2,1,1,1
202100004011,2021-12-03 08:51:00,2021,12,3,8,51,67,67482,LANDSBERG (RUE DU),48.572291,7.765537,Plein jour,En agglomération,Intersection en T,Temps couvert,Deux véhicules - arrière,4,2,2,1,1,1,1,0,1,50,,3,2,0,0,1,35.0,41.0,,,1,2,3,8,2
202100004012,2021-12-08 18:30:00,2021,12,8,18,30,64,64348,CHARLES DE GAULLE,43.31075,-0.41191,Nuit avec éclairage allumé,Hors agglomération,Hors intersection,Pluie forte,Trois véhicules et plus - en chaîne,4,2,2,1,1,1,2,0,1,50,,3,2,0,0,1,39.0,43.0,,,5,1,1,3,4
202100004013,2021-12-08 16:00:00,2021,12,8,16,0,64,64335,VERT GALANT DU,43.31939,-0.45238,Crépuscule ou aube,Hors agglomération,Hors intersection,Pluie forte,Deux véhicules - arrière,3,2,2,0,1,1,2,0,1,70,,2,1,0,0,1,86.0,72.0,,,2,1,1,3,2
202100004014,2021-12-06 18:00:00,2021,12,6,18,0,64,64024,Avenue Armand Toulet,43.4878687183,-1.5034049749,Nuit avec éclairage allumé,En agglomération,Hors intersection,Pluie légère,Deux véhicules - côté,4,2,2,0,3,1,2,5,1,50,,4,1,0,0,3,22.0,46.0,,,5,2,1,2,3
202100004015,2021-12-06 16:20:00,2021,12,6,16,20,64,64102,HENRI DE NAVARRE (AVENUE),43.51123,-1.44107,Plein jour,En agglomération,Hors intersection,Pluie forte,Deux véhicules - arrière,3,2,2,0,1,1,2,0,1,50,,2,1,0,0,1,45.0,14.0,,,1,2,1,3,2
202100004016,2021-12-08 09:17:00,2021,12,8,9,17,63,63113,BREZET (AVENUE),45.7795,3.12807,Plein jour,En agglomération,Hors intersection,Normale,Trois véhicules et plus - en chaîne,7,3,4,0,1,1,1,0,1,50,,3,2,0,0,1,23.0,62.0,,,1,2,1,1,4
202100004017,2021-12-06 17:48:00,2021,12,6,17,48,63,63164,CHARMES (CAR DES),45.81594,3.15242,Plein jour,En agglomération,Hors intersection,Normale,Deux véhicules - arrière,7,2,2,0,1,1,1,0,1,50,,2,1,0,0,1,44.0,49.0,,,1,2,1,1,2
202100004018,2021-11-27 14:30:00,2021,11,27,14,30,62,62193,ALLENDE (RUE S.),50.9477,1.87866,Plein jour,En agglomération,Hors intersection,Pluie légère,Autre collision,4,2,2,1,1,1,2,0,3,50,,1,0,0,0,1,33.0,,,,1,2,1,2,6
202100004019,2021-12-08 11:05:00,2021,12,8,11,5,61,61001,BRETAGNE (RUE DE),48.431,0.08056,Plein jour,En agglomération,Intersection en X,Normale,Deux véhicules - côté,4,2,2,0,1,1,1,0,1,30,,2,1,0,0,1,21.0,62.0,,,1,2,2,1,3
202100004020,2021-12-07 08:20:00,2021,12,7,8,20,59,59205,RUE PAUL BERT,50.32623,3.34326,Crépuscule ou aube,En agglomération,Hors intersection,Temps couvert,Deux véhicules - arrière,3,2,2,0,1,1,7,0,1,50,,2,1,1,0,0,60.0,22.0,,,2,2,1,8,2
202100004021,2021-12-07 09:30:00,2021,12,7,9,30,59,59650,MONT A LEUX (RUE DU),50.71693,3.18293,Plein jour,En agglomération,Hors intersection,Normale,Deux véhicules - frontale,7,2,2,0,1,1,2,0,1,30,,2,1,0,1,0,38.0,61.0,,,1,2,1,1,1
202100004022,2021-12-07 08:30:00,2021,12,7,8,30,59,59385,VOIE RAPIDE JEUMONT / MAUBEUGE,50.2939995779,4.0734556851,Plein jour,Hors agglomération,Hors intersection,Autre,Autre collision,3,3,4,0,1,3,7,0,1,90,,3,1,0,0,2,20.0,,,,1,1,1,9,6
202100004023,2021-12-07 08:30:00,2021,12,7,8,30,59,59350,OUEST BOULEVARD DE L,50.6251269465,3.12050879,Plein jour,En agglomération,Hors intersection,Temps couvert,Autre collision,7,3,3,3,2,1,7,0,3,50,,1,0,0,1,0,26.0,,,,1,2,1,8,6
202100004024,2021-12-03 20:20:00,2021,12,3,20,20,59,59328,HIPPODROME AV DE L N°134 AU 240,50.6391656453,3.0331331491,Nuit avec éclairage allumé,En agglomération,Intersection en X,Pluie forte,Autre collision,7,2,2,1,1,1,2,9,1,50,,2,1,0,0,1,31.0,,,,5,2,2,3,6
202100004025,2021-12-03 16:30:00,2021,12,3,16,30,59,59183,REPUBLIQUE - F MITTERAND - BOULEVARD,51.0466193889,2.41106987,Plein jour,En agglomération,Hors intersection,Pluie légère,Autre collision,3,2,4,1,1,1,2,0,1,50,,2,1,0,0,1,19.0,,,,1,2,1,2,6
202100004026,2021-11-07 11:40:00,2021,11,7,11,40,57,57757,Nations (Avenue),49.35745,6.18742,Plein jour,En agglomération,Hors intersection,Normale,Autre collision,3,2,2,0,1,1,1,6,1,50,,2,1,0,0,1,47.0,32.0,,,1,2,1,1,6
202100004027,2021-12-07 12:30:00,2021,12,7,12,30,57,57412,GENERAL DE GAULLE (RUE DU ),49.11257,6.13529,Plein jour,En agglomération,Hors intersection,Normale,Deux véhicules - côté,7,1,1,1,1,1,1,0,5,50,,2,1,0,1,0,43.0,,,,1,2,1,1,3
202100004028,2021-12-08 07:00:00,2021,12,8,7,0,56,56098,LANN-SEVELIN (ROND POINT DE),47.77811,-3.34386,Nuit avec éclairage non allumé,En agglomération,Giratoire,Pluie légère,Deux véhicules - côté,3,1,3,0,1,2,2,5,1,50,,2,1,0,0,1,46.0,,,,4,2,6,2,3
202100004029,2021-12-06 15:12:00,2021,12,6,15,12,56,56098,CROIZAT ( AVE AMBROISE ),47.7732,-3.34749,Plein jour,En agglomération,Hors intersection,Temps couvert,Deux véhicules - arrière,3,2,2,0,1,1,2,0,1,30,,3,1,0,0,2,45.0,37.0,,,1,2,1,8,2
202100004030,2021-12-05 18:40:00,2021,12,5,18,40,56,56121,Boulevard de Normandie,47.7599,-3.36606,Nuit avec éclairage allumé,En agglomération,Giratoire,Normale,Deux véhicules - arrière,4,2,2,2,2,2,1,5,1,30,,2,1,0,0,1,,43.0,,,5,2,6,1,2
202100004031,2021-12-03 19:00:00,2021,12,3,19,0,56,56083,FOCH (RUE  MARECHAL ),47.80557,-3.27652,Nuit avec éclairage allumé,En agglomération,Hors intersection,Normale,Autre collision,4,2,2,0,1,1,1,0,1,30,,2,1,0,0,1,41.0,,,,5,2,1,1,6
202100004032,2021-12-03 15:00:00,2021,12,3,15,0,56,56121,BLUM ( BD LEON ),47.7514,-3.3716,Plein jour,En agglomération,Intersection en X,Normale,Deux véhicules - côté,4,2,2,0,1,1,1,5,1,30,,2,1,0,0,1,52.0,42.0,,,1,2,2,1,3
202100004033,2021-12-07 17:20:00,2021,12,7,17,20,54,54395,CHURCHILL (RUE WINSTON),48.68485,6.15919,Nuit avec éclairage allumé,En agglomération,Intersection en T,Normale,Deux véhicules - côté,7,1,1,2,1,1,1,0,1,50,,2,1,0,0,1,18.0,20.0,,,5,2,3,1,3
202100004034,2021-12-07 07:15:00,2021,12,7,7,15,54,54547,LISBONNE (RUE DE),48.66145,6.16909,Crépuscule ou aube,En agglomération,Intersection en T,Normale,Autre collision,4,2,2,0,3,1,1,0,1,30,,2,1,0,0,1,54.0,,,,2,2,3,1,6
202100004035,2021-12-08 18:25:00,2021,12,8,18,25,54,54273,LAFAYETTE (AVENUE),49.16492,5.88209,Nuit avec éclairage allumé,En agglomération,Hors intersection,Normale,Autre collision,3,2,2,0,2,1,2,2,1,50,,2,1,0,1,0,56.0,,,,5,2,1,1,6
202100004036,2021-12-08 15:45:00,2021,12,8,15,45,51,51454,Boulevard de la Paix,49.25217,4.04159,Plein jour,En agglomération,Intersection en T,Normale,Deux véhicules - côté,3,2,3,0,1,1,1,0,1,50,,3,2,0,0,1,24.0,20.0,,,1,2,3,1,3
202100004037,2021-12-08 13:10:00,2021,12,8,13,10,51,51454,Rue du Ruisselet,49.2451213284,4.0386289358,Plein jour,En agglomération,Hors intersection,Normale,Sans collision,4,3,2,0,1,1,1,0,1,50,,1,0,0,0,1,82.0,,,,1,2,1,1,7
202100004038,2021-12-07 16:55:00,2021,12,7,16,55,51,51108,Avenue Pierre Semard,48.94573,4.34149,Nuit avec éclairage allumé,En agglomération,Intersection en Y,Temps couvert,Deux véhicules - frontale,3,4,3,0,2,1,2,9,1,50,,2,1,1,0,0,50.0,61.0,,,5,2,4,8,1
202100004039,2021-12-03 18:00:00,2021,12,3,18,0,50,50129,AUBEPINES (RESIDENCE RUE BECQUEREL),49.62805,-1.63922,Nuit avec éclairage allumé,En agglomération,Hors intersection,Pluie forte,Autre collision,3,2,2,0,4,1,2,0,1,50,,2,1,0,1,0,54.0,,,,5,2,1,3,6
202100004040,2021-12-04 10:30:00,2021,12,4,10,30,49,49328,RENAULT (BOULEVARD LOUIS),47.25269,-0.08356,Plein jour,En agglomération,Hors intersection,Normale,Autre collision,4,2,2,2,1,1,1,0,1,50,,2,1,0,0,1,20.0,,,,1,2,1,1,6
202100004041,2021-12-08 18:45:00,2021,12,8,18,45,49,49007,GAULLE BOULEVARD CHARLES DE,47.4695,-0.5607,Nuit avec éclairage allumé,En agglomération,Hors intersection,Normale,Sans collision,4,2,2,0,2,1,1,0,1,50,,1,0,0,0,1,34.0,,,,5,2,1,1,7
202100004042,2021-12-08 15:38:00,2021,12,8,15,38,49,49007,GUINEL,47.4428,-0.535,Plein jour,En agglomération,Hors intersection,Normale,Deux véhicules - côté,3,2,2,0,1,1,1,0,1,50,,2,1,0,0,1,18.0,33.0,,,1,2,1,1,3
202100004043,2021-12-08 16:13:00,2021,12,8,16,13,49,49007,BLANCHOIN BOULEVARD,47.4485,-0.5389,Plein jour,En agglomération,Hors intersection,Normale,Autre collision,4,3,4,0,1,1,1,0,1,50,,3,1,0,0,2,34.0,,,,1,2,1,1,6
202100004044,2021-12-08 09:31:00,2021,12,8,9,31,49,49007,LETANDUERE,47.45475,-0.55348,Plein jour,En agglomération,Hors intersection,Temps couvert,Sans collision,4,2,2,0,1,1,2,0,1,50,,1,0,0,0,1,43.0,,,,1,2,1,8,7
202100004045,2021-12-08 08:48:00,2021,12,8,8,48,49,49007,BIRGE BOULEVARD,47.4713,-0.51901,Plein jour,En agglomération,Hors intersection,Normale,Deux véhicules - côté,4,2,2,0,1,1,1,0,1,50,,2,1,0,0,1,17.0,34.0,,,1,2,1,1,3
202100004046,2021-12-07 21:26:00,2021,12,7,21,26,49,49007,Route de la Pyramide,47.45136,-0.52028,Nuit avec éclairage allumé,En agglomération,Hors intersection,Pluie légère,Deux véhicules - côté,4,2,2,0,1,1,2,0,1,50,,2,1,0,0,1,18.0,75.0,,,5,2,1,2,3
202100004047,2021-12-07 12:45:00,2021,12,7,12,45,49,49353,CAMUS,47.45167,-0.50777,Plein jour,En agglomération,Hors intersection,Pluie forte,Deux véhicules - côté,4,2,2,0,1,1,2,0,1,50,,2,1,0,0,1,33.0,41.0,,,1,2,1,3,3
202100004048,2021-12-05 02:48:00,2021,12,5,2,48,49,49007,BARANGE BOULEVARD,47.46396,-0.57073,Nuit avec éclairage allumé,En agglomération,Hors intersection,Normale,Sans collision,4,1,1,0,1,3,2,0,1,50,,1,0,0,0,1,21.0,,,,5,2,1,1,7
202100004049,2021-12-07 16:50:00,2021,12,7,16,50,45,45234,Rue de Bel Air,47.9119915283,1.9152903557,Nuit avec éclairage non allumé,En agglomération,Intersection en T,Pluie légère,Autre collision,7,-1,2,0,1,1,2,0,1,50,,2,1,0,0,1,52.0,,,,4,2,3,2,6
202100004050,2021-12-06 18:15:00,2021,12,6,18,15,45,45208,Boulevard Paul Baudin,48.0001742528,2.7338308096,Nuit avec éclairage allumé,En agglomération,Autre intersection,Pluie légère,Autre collision,4,2,1,0,1,1,2,0,1,50,,2,1,0,0,1,,,,,5,2,9,2,6
202100004051,2021-12-07 11:35:00,2021,12,7,11,35,44,44109,PLACE PIERRE MENDES FRANCE,47.209,-1.611,Plein jour,En agglomération,Hors intersection,Pluie forte,Autre collision,4,1,1,0,1,2,2,0,1,30,,2,1,0,1,0,37.0,,,,1,2,1,3,6