accident_id,datetime,annee,mois,jour,heure,minute,departement,commune_insee,adresse,latitude,longitude,luminosite,agglomeration,intersection,meteo,collision,catr,circ,nbv,vosp,prof,plan,surf,infra,situ,vma,nb_vehicules,nb_usagers,nb_indemnes,nb_tues,nb_blesses_hosp,nb_blesses_legers,age_cond_1,age_cond_2,veh_type_cond_1,veh_type_cond_2,lum_code,agg_code,int_code,atm_code,col_code
202100004052,2021-12-08 12:20:00,2021,12,8,12,20,43,43157,Rue Louis Jouvet,45.0462618536,3.8917531818,Plein jour,En agglomération,Hors intersection,Temps couvert,Deux véhicules - arrière,4,1,2,0,1,1,1,5,1,50,,2,1,0,0,1,16.0,45.0,,,1,2,1,8,2
202100004053,2021-12-08 12:53:00,2021,12,8,12,53,37,37261,TONNELLE (BOULEVARD),47.3831324457,0.6682991982,Plein jour,En agglomération,Hors intersection,Normale,Deux véhicules - côté,6,-1,-1,1,1,1,1,0,5,50,,2,1,0,0,1,24.0,24.0,,,1,2,1,1,3
202100004054,2021-12-07 18:20:00,2021,12,7,18,20,37,37122,HUGO (AVENUE VICTOR),47.3510471126,0.6637394428,Nuit avec éclairage allumé,En agglomération,Hors intersection,Pluie légère,Autre collision,4,2,2,0,1,1,2,0,1,50,,2,1,0,0,1,27.0,,,,5,2,1,2,6
202100004055,2021-12-01 09:50:00,2021,12,1,9,50,37,37261,BAUGE (RUE MICHEL),47.3816443544,0.6682375073,Plein jour,En agglomération,Intersection en T,Temps couvert,Sans collision,4,2,2,0,1,1,2,0,5,50,,1,0,0,0,1,31.0,,,,1,2,3,8,7
202100004056,2021-12-08 22:09:00,2021,12,8,22,9,35,35051,RN136,48.146443,-1.617216,Nuit sans éclairage public,Hors agglomération,Hors intersection,Temps couvert,Autre collision,2,3,6,0,1,1,1,0,2,90,,1,0,1,0,0,55.0,,,,3,1,1,8,6
202100004057,2021-12-08 13:20:00,2021,12,8,13,20,35,35055,PAUL VERLAINE (RUE),48.08972,-1.60801,Plein jour,En agglomération,Hors intersection,Normale,Deux véhicules - frontale,4,2,1,1,1,1,1,9,1,30,,2,1,0,0,1,43.0,31.0,,,1,2,1,1,1
202100004058,2021-12-07 18:50:00,2021,12,7,18,50,35,35238,TILLON (AVENUE CHARLES),48.12456,-1.70293,Nuit avec éclairage allumé,En agglomération,Intersection en X,Normale,Autre collision,4,4,5,0,1,1,2,0,6,50,,2,1,0,0,1,,,,,5,2,2,1,6
202100004059,2021-12-07 15:55:00,2021,12,7,15,55,35,35238,RN136,48.081095,-1.667388,Plein jour,Hors agglomération,Hors intersection,Temps couvert,Deux véhicules - arrière,2,3,4,0,1,1,2,0,1,90,,2,1,0,0,1,28.0,,,,1,1,1,8,2
202100004060,2021-12-08 07:00:00,2021,12,8,7,0,33,33069,Avenue de Tivoli,44.86098,-0.59275,Nuit avec éclairage allumé,En agglomération,Hors intersection,Pluie légère,Autre collision,4,2,2,0,1,1,2,0,1,50,,2,1,0,1,0,60.0,,,,5,2,1,2,6
202100004061,2021-12-07 16:30:00,2021,12,7,16,30,33,33063,Rue Bertrand de Goth,44.81901,-0.57676,Plein jour,En agglomération,Intersection en X,Pluie forte,Deux véhicules - côté,4,1,2,1,1,1,2,0,1,50,,2,1,0,0,1,64.0,35.0,,,1,2,2,3,3
202100004062,2021-12-07 13:14:00,2021,12,7,13,14,33,33063,Place Bir Hakeim,44.8365045346,-0.5656939745,Plein jour,En agglomération,Intersection en X,Pluie forte,Deux véhicules - côté,4,2,2,3,1,1,2,9,6,50,,2,1,0,0,1,34.0,53.0,,,1,2,2,3,3
202100004063,2021-12-07 10:00:00,2021,12,7,10,0,33,33075,Allée de Boutaut,44.87048,-0.5762,Plein jour,En agglomération,Hors intersection,Normale,Autre collision,4,3,4,3,1,1,1,0,1,50,,2,1,0,0,1,49.0,,,,1,2,1,1,6
202100004064,2021-12-08 20:30:00,2021,12,8,20,30,33,33529,CARNOT (RUE DU PRESIDENT),44.62673,-1.14175,Nuit avec éclairage allumé,En agglomération,Giratoire,Pluie légère,Deux véhicules - arrière,4,2,2,0,1,1,2,0,1,50,,2,1,0,0,1,43.0,30.0,,,5,2,6,2,2
202100004065,2021-12-07 09:10:00,2021,12,7,9,10,32,32013,PYRENEES (AVENUE DES),43.636,0.5835,Plein jour,En agglomération,Hors intersection,Temps couvert,Sans collision,2,2,2,0,1,1,2,0,1,50,,2,1,0,0,1,35.0,,,,1,2,1,8,7
202100004066,2021-12-08 18:55:00,2021,12,8,18,55,31,31555,14 CROIX DAURADE (PERIPH EST A62),43.64478,1.46893,Nuit avec éclairage allumé,En agglomération,Hors intersection,Pluie légère,Trois véhicules et plus - en chaîne,1,1,3,0,1,1,2,0,1,90,,3,1,0,0,2,24.0,41.0,,,5,2,1,2,4
202100004067,2021-12-07 22:14:00,2021,12,7,22,14,31,31555,BD DE SUISSE,43.62182,1.42497,Nuit avec éclairage allumé,En agglomération,Hors intersection,Pluie forte,Deux véhicules - côté,4,-1,3,1,1,1,2,0,1,50,,2,1,0,0,1,40.0,27.0,,,5,2,1,3,3
202100004068,2021-12-07 13:45:00,2021,12,7,13,45,31,31555,GUYENNE (ALL DE) DU 2AU 79,43.5759094527,1.4127610624,Plein jour,En agglomération,Hors intersection,Pluie légère,Autre collision,4,2,2,0,1,1,2,0,1,30,,2,1,0,1,0,62.0,,,,1,2,1,2,6
202100004069,2021-11-13 23:30:00,2021,11,13,23,30,31,31069,GONIN (AV CLAUDE),43.625533,1.38592,Nuit sans éclairage public,En agglomération,Autre intersection,Pluie légère,Sans collision,4,1,2,0,1,1,2,0,1,90,,2,0,0,1,1,49.0,,,,3,2,9,2,7
202100004070,2021-12-08 17:30:00,2021,12,8,17,30,29,29019,Rue de Verdun,48.398706,-4.448427,Nuit avec éclairage allumé,En agglomération,Intersection en T,Normale,Trois véhicules et plus - collisions multiples,4,-1,2,0,1,1,1,0,1,30,,3,1,0,0,2,41.0,19.0,,,5,2,3,1,5
202100004071,2021-12-07 18:40:00,2021,12,7,18,40,29,29019,Chemin du Rufa,48.427719,-4.505605,Nuit sans éclairage public,En agglomération,Intersection en Y,Pluie forte,Deux véhicules - côté,4,2,2,0,1,2,4,5,1,50,,3,1,0,0,2,20.0,43.0,,,3,2,4,3,3
202100004072,2021-12-05 19:15:00,2021,12,5,19,15,29,29019,Rue Eugène Bérest,48.3952288914,-4.4340401888,Nuit avec éclairage allumé,En agglomération,Hors intersection,Temps couvert,Deux véhicules - frontale,4,2,1,0,1,3,2,0,1,30,,2,1,0,0,1,27.0,27.0,,,5,2,1,8,1
202100004073,2021-12-08 11:00:00,2021,12,8,11,0,27,27681,CLEMENCEAU (RUE),49.09528,1.48563,Plein jour,En agglomération,Giratoire,Normale,Autre collision,3,2,2,0,2,1,1,0,1,50,,2,1,0,1,0,27.0,,,,1,2,6,1,6
202100004074,2021-11-14 08:50:00,2021,11,14,8,50,27,27229,DEPORTES (RUE DES),49.01891,1.1551,Crépuscule ou aube,En agglomération,Hors intersection,Pluie légère,Autre collision,4,1,1,0,2,3,2,5,4,50,,2,0,0,0,2,29.0,,,,2,2,1,2,6
202100004075,2021-12-03 08:50:00,2021,12,3,8,50,26,26198,7 Rue de la Pradal,44.571077,4.738969,Plein jour,Hors agglomération,Hors intersection,Normale,Deux véhicules - côté,2,2,2,0,1,1,1,0,1,50,,2,1,0,0,1,68.0,23.0,,,1,1,1,1,3
202100004076,2021-12-07 08:43:00,2021,12,7,8,43,25,25056,Rue de Belfort,47.25598,6.04112,Plein jour,En agglomération,Hors intersection,Temps couvert,Trois véhicules et plus - en chaîne,3,2,2,1,2,1,2,0,1,50,,3,2,0,0,1,41.0,21.0,,,1,2,1,8,4
202100004077,2021-12-08 10:20:00,2021,12,8,10,20,22,22106,RENNES (RUE DE),48.49417,-2.71286,Plein jour,En agglomération,Hors intersection,Normale,Autre collision,3,2,2,0,1,1,1,0,1,30,,1,0,0,0,1,20.0,,,,1,2,1,1,6
202100004078,2021-12-07 11:05:00,2021,12,7,11,5,19,19272,Charles Baudelaire (Rue),45.2876343511,1.7594486475,Plein jour,En agglomération,Hors intersection,Normale,Autre collision,4,2,2,0,2,1,1,0,1,50,,2,0,0,0,2,49.0,,,,1,2,1,1,6
202100004079,2021-12-06 17:19:00,2021,12,6,17,19,17,17415,VLADIMIR BOULEVARD DE,45.75764,-0.64485,Crépuscule ou aube,Hors agglomération,Giratoire,Autre,Deux véhicules - côté,3,2,2,1,1,1,2,6,8,70,,2,1,0,0,1,16.0,24.0,,,2,1,6,9,3
202100004080,2021-12-07 07:55:00,2021,12,7,7,55,17,17291,118 PK RN137 ROCHEFORT JUSTICE,46.175,-1.12419,Crépuscule ou aube,Hors agglomération,Hors intersection,Temps couvert,Trois véhicules et plus - en chaîne,2,3,6,0,1,1,1,0,1,90,,4,3,0,0,1,22.0,33.0,,,2,1,1,8,4
202100004081,2021-12-08 19:20:00,2021,12,8,19,20,17,17299,DENFERT ROCHEREAU RUE,45.937844,-0.967171,Nuit avec éclairage non allumé,En agglomération,Hors intersection,Normale,Autre collision,3,2,2,0,1,1,1,0,1,50,,2,1,0,0,1,61.0,,,,4,2,1,1,6
202100004082,2021-12-07 05:22:00,2021,12,7,5,22,15,15014,VIALENC (BOULEVARD DU),44.91777,2.42899,Nuit avec éclairage allumé,En agglomération,Intersection en X,Autre,Autre collision,3,3,12,0,1,1,2,5,1,50,,2,0,0,1,1,40.0,,,,5,2,2,9,6
202100004083,2021-12-06 17:05:00,2021,12,6,17,5,15,15014,VOLONTAIRE (AVENUE DES),44.91745,2.43913,Crépuscule ou aube,En agglomération,Hors intersection,Normale,Deux véhicules - côté,4,2,2,0,1,1,2,0,1,50,,3,2,0,0,1,37.0,18.0,,,2,2,1,1,3
202100004084,2021-12-07 23:35:00,2021,12,7,23,35,14,14271,N814,49.1364,-0.37867,Nuit sans éclairage public,En agglomération,Hors intersection,Temps couvert,Autre collision,2,1,1,0,2,3,2,3,1,70,,1,0,0,0,1,23.0,,,,3,2,1,8,6
202100004085,2021-12-08 06:50:00,2021,12,8,6,50,13,13207,CHARLES LIVON (BOULEVARD),43.2922,5.36301,Nuit avec éclairage allumé,En agglomération,Intersection en T,Pluie légère,Deux véhicules - côté,4,2,4,0,2,1,2,0,1,50,,2,1,0,0,1,46.0,29.0,,,5,2,3,2,3
202100004086,2021-12-07 09:30:00,2021,12,7,9,30,13,13211,RUISSATEL (RUE DU),43.3034768488,5.5164512659,Plein jour,En agglomération,Autre intersection,Normale,Deux véhicules - côté,4,1,1,0,1,1,1,5,1,30,,2,0,0,0,2,27.0,19.0,,,1,2,9,1,3
202100004087,2021-12-07 08:30:00,2021,12,7,8,30,13,13213,PLATRIERES (TRAVERSE DES),43.32,5.45,Plein jour,En agglomération,Hors intersection,Normale,Deux véhicules - frontale,9,-1,0,0,1,1,1,9,8,50,,2,1,0,1,0,32.0,,,,1,2,1,1,1
202100004088,2021-12-07 07:58:00,2021,12,7,7,58,13,13202,CARGO RHIN FIDELI (RUE),43.3271149956,5.3572440872,Crépuscule ou aube,En agglomération,Intersection en T,Normale,Deux véhicules - côté,4,3,5,0,2,1,1,0,1,50,,4,1,0,0,3,41.0,28.0,,,2,2,3,1,3
202100004089,2021-12-08 19:10:00,2021,12,8,19,10,13,13098,CREPON  CHEMIN,43.46,5.0062,Nuit sans éclairage public,Hors agglomération,Hors intersection,Normale,Deux véhicules - frontale,7,3,4,0,1,1,1,0,1,90,,2,0,0,0,2,86.0,49.0,,,3,1,1,1,1
202100004090,2021-12-08 07:50:00,2021,12,8,7,50,13,13028,BODIN (AVENUE EMILE),43.1967161437,5.5951719153,Crépuscule ou aube,Hors agglomération,Hors intersection,Pluie légère,Trois véhicules et plus - collisions multiples,7,2,2,0,1,3,2,0,1,80,,4,1,1,0,2,65.0,43.0,,,2,1,1,2,5
202100004091,2021-12-06 14:50:00,2021,12,6,14,50,11,11262,Rue d’Aoste,43.19212,3.01516,Plein jour,En agglomération,Intersection en X,Temps éblouissant,Autre collision,4,2,2,0,1,1,1,9,1,50,,2,1,0,0,1,68.0,,,,1,2,2,7,6
202100004092,2021-12-08 09:30:00,2021,12,8,9,30,10,10387,JACQUIN (COURS),48.3044344301,4.0831911563,Plein jour,En agglomération,Hors intersection,Normale,Deux véhicules - côté,4,-1,1,0,1,1,1,0,1,50,,2,1,0,0,1,61.0,28.0,,,1,2,1,1,3
202100004093,2021-12-07 08:06:00,2021,12,7,8,6,10,10343,MICHEL BAROIN (RUE),48.27428,4.09072,Crépuscule ou aube,En agglomération,Giratoire,Normale,Deux véhicules - côté,3,-1,1,0,1,1,2,0,1,50,,2,1,0,0,1,43.0,20.0,,,2,2,6,1,3
202100004094,2021-12-06 12:10:00,2021,12,6,12,10,09,09225,SAINT VINCENT RUE,43.11175,1.60795,Plein jour,En agglomération,Hors intersection,Normale,Deux véhicules - arrière,4,2,1,0,1,1,1,0,1,50,,2,1,0,0,1,22.0,23.0,,,1,2,1,1,2
202100004095,2021-11-22 19:09:00,2021,11,22,19,9,06,06088,DUBOUCHAGE (BD),43.700878,7.26893,Nuit avec éclairage allumé,En agglomération,Hors intersection,Normale,Deux véhicules - côté,4,1,2,2,1,1,1,0,1,50,,2,1,1,0,0,41.0,77.0,,,5,2,1,1,3
202100004096,2021-12-07 12:40:00,2021,12,7,12,40,06,06088,ANGLAIS (DU N° 265 AU N° 350),43.67932,7.23034,Plein jour,En agglomération,Hors intersection,Normale,Deux véhicules - arrière,4,1,3,0,1,1,1,0,1,50,,2,1,0,1,0,57.0,41.0,,,1,2,1,1,2
202100004097,2021-12-07 10:52:00,2021,12,7,10,52,06,06029,JUIN (AVENUE MARECHAL),43.54845,7.03943,Plein jour,En agglomération,Hors intersection,Normale,Deux véhicules - arrière,4,1,2,0,1,1,1,0,1,50,,2,1,0,0,1,55.0,60.0,,,1,2,1,1,2
202100004098,2021-10-04 16:55:00,2021,10,4,16,55,05,05023,ANCIEN QUAI MILITAIRE,44.88694,6.63048,Plein jour,En agglomération,Hors intersection,Normale,Autre collision,4,2,2,0,1,3,1,0,1,50,,2,1,0,0,1,25.0,,,,1,2,1,1,6
202100004099,2021-12-06 17:45:00,2021,12,6,17,45,04,04112,RD 907,43.81598,5.80038,Nuit sans éclairage public,Hors agglomération,Hors intersection,Normale,Deux véhicules - arrière,3,2,2,0,1,1,1,0,1,70,,3,1,0,0,2,50.0,28.0,,,3,1,1,1,2
202100004100,2021-12-07 00:02:00,2021,12,7,0,2,03,03023,CAVY (RUE ADRIEN),46.11689,3.40099,Nuit avec éclairage allumé,En agglomération,Hors intersection,Pluie légère,Deux véhicules - côté,3,2,2,0,2,1,2,0,1,30,,2,1,0,1,0,41.0,55.0,,,5,2,1,2,3
202100004101,2021-12-08 09:10:00,2021,12,8,9,10,03,03185,CONSTANS ( RUE PAUL ),46.34,2.59,Plein jour,En agglomération,Hors intersection,Temps couvert,Autre collision,9,3,2,0,1,1,1,0,1,50,,2,1,0,1,0,58.0,,,,1,2,1,8,6
202100004102,2021-12-06 18:34:00,2021,12,6,18,34,03,03101,Avenue des Martyrs,46.33824,2.57177,Nuit avec éclairage allumé,En agglomération,Autre intersection,Pluie légère,Deux véhicules - côté,3,2,3,3,2,1,2,5,1,50,,4,3,0,0,1,23.0,21.0,,,5,2,9,2,3
202100004103,2021-12-08 22:00:00,2021,12,8,22,0,01,01053,FERRY ( BOULEVARD JULES),46.19561,5.22192,Nuit avec éclairage allumé,En agglomération,Intersection en X,Pluie légère,Deux véhicules - côté,4,2,2,0,1,1,2,0,1,50,,2,1,0,0,1,25.0,43.0,,,5,2,2,2,3
202100004104,2021-12-07 09:55:00,2021,12,7,9,55,01,01053,PIGNIER ( rue François ),46.218506,5.245358,Plein jour,En agglomération,Hors intersection,Normale,Deux véhicules - frontale,4,2,2,0,1,1,2,0,1,50,,2,1,0,0,1,18.0,,,,1,2,1,1,1
202100004105,2021-12-06 18:00:00,2021,12,6,18,0,01,01451,MARBOZ RD 996 ( ROUTE DE ) PAIR,46.283081,5.230045,Nuit sans éclairage public,Hors agglomération,Hors intersection,Normale,Deux véhicules - côté,3,2,2,0,1,3,2,0,1,80,,2,0,0,0,2,27.0,62.0,,,3,1,1,1,3
202100004106,2021-12-08 14:35:00,2021,12,8,14,35,75,75114,PORTE D ORLEANS,48.820678,2.323145,Plein jour,En agglomération,Intersection en Y,Normale,Deux véhicules - arrière,4,1,3,0,1,1,1,0,1,70,,2,1,0,0,1,60.0,36.0,,,1,2,4,1,2
202100004107,2021-12-07 17:10:00,2021,12,7,17,10,75,75116,ECHANGEUR MUETTE,48.861098,2.263554,Nuit sans éclairage public,En agglomération,Hors intersection,Pluie légère,Trois véhicules et plus - en chaîne,4,1,4,0,1,1,2,0,1,70,,4,2,0,0,2,20.0,19.0,,,3,2,1,2,4
202100004108,2021-12-07 20:56:00,2021,12,7,20,56,75,75108,PLACE FRANCOIS 1ER,48.8661380745,2.3075956106,Nuit avec éclairage allumé,En agglomération,Place,Pluie légère,Deux véhicules - côté,4,1,3,0,1,2,2,0,1,30,,7,6,0,0,1,16.0,21.0,,,5,2,7,2,3
202100004109,2021-12-08 13:20:00,2021,12,8,13,20,75,75105,PLACE DE LA SORBONNE,48.848553,2.342158,Plein jour,En agglomération,Hors intersection,Normale,Sans collision,4,2,0,0,1,1,1,6,4,30,,1,0,0,0,1,15.0,,,,1,2,1,1,7
202100004110,2021-12-08 12:10:00,2021,12,8,12,10,75,75106,RUE DE L ANCIENNE COMEDIE,48.853676,2.3388,Plein jour,En agglomération,Intersection à plus de 4 branches,Normale,Autre collision,4,2,2,0,1,1,1,0,1,30,,2,1,0,0,1,52.0,,,,1,2,5,1,6
202100004111,2021-12-08 09:15:00,2021,12,8,9,15,75,75117,RUE BROCHANT,48.888413,2.31728,Plein jour,En agglomération,Intersection en X,Normale,Deux véhicules - côté,4,2,2,0,1,1,1,0,1,30,,2,1,0,0,1,29.0,26.0,,,1,2,2,1,3
202100004112,2021-12-08 14:30:00,2021,12,8,14,30,75,75116,AVENUE FOCH,48.871783,2.27638,Plein jour,En agglomération,Place,Normale,Autre collision,4,2,4,0,1,1,1,0,1,30,,2,1,0,0,1,30.0,,,,1,2,7,1,6
202100004113,2021-11-27 17:40:00,2021,11,27,17,40,75,75116,AVENUE DE VERSAILLES,48.840366,2.264345,Nuit avec éclairage allumé,En agglomération,Hors intersection,Pluie forte,Autre collision,4,2,2,0,1,1,2,8,1,30,,1,0,0,0,1,46.0,,,,5,2,1,3,6
202100004114,2021-12-07 18:10:00,2021,12,7,18,10,75,75116,PLACE VICTOR HUGO,48.869774,2.285664,Nuit avec éclairage allumé,En agglomération,Place,Pluie légère,Deux véhicules - arrière,4,2,2,0,1,1,2,0,1,50,,2,1,0,0,1,50.0,76.0,,,5,2,7,2,2
202100004115,2021-12-08 13:38:00,2021,12,8,13,38,75,75115,RUE CAMBRONNE,48.84569,2.302011,Plein jour,En agglomération,Intersection en T,Normale,Deux véhicules - arrière,4,2,2,0,1,1,1,0,1,30,,2,1,0,0,1,81.0,23.0,,,1,2,3,1,2
202100004116,2021-12-08 11:26:00,2021,12,8,11,26,75,75115,RUE DUTOT,48.839476,2.309536,Plein jour,En agglomération,Intersection en X,Normale,Autre collision,4,1,1,0,1,1,1,0,1,30,,2,1,0,0,1,41.0,,,,1,2,2,1,6
202100004117,2021-12-01 00:10:00,2021,12,1,0,10,75,75115,QUAI D ISSY LES MOULINEAUX,48.834582,2.265672,Nuit avec éclairage allumé,En agglomération,Intersection en Y,Normale,Deux véhicules - arrière,4,2,4,0,1,1,1,0,1,30,,2,1,0,0,1,20.0,50.0,,,5,2,4,1,2
202100004118,2021-12-08 17:52:00,2021,12,8,17,52,75,75113,QUAI D AUSTERLITZ,48.837572,2.373683,Nuit avec éclairage non allumé,En agglomération,Intersection en X,Temps couvert,Autre collision,4,3,3,0,1,1,1,0,1,30,,2,1,0,0,1,34.0,,,,4,2,2,8,6
202100004119,2021-12-07 13:30:00,2021,12,7,13,30,75,75112,RUE PROUDHON,48.837055,2.390029,Plein jour,En agglomération,Intersection en X,Temps couvert,Autre collision,4,-1,2,0,1,1,1,0,1,30,,2,1,0,0,1,32.0,,,,1,2,2,8,6
202100004120,2021-12-08 19:15:00,2021,12,8,19,15,75,75111,BOULEVARD DE BELLEVILLE,48.866999,2.382838,Nuit avec éclairage allumé,En agglomération,Intersection en X,Temps couvert,Deux véhicules - côté,4,2,2,0,1,1,1,0,1,30,,2,1,0,0,1,,27.0,,,5,2,2,8,3
202100004121,2021-12-08 13:12:00,2021,12,8,13,12,75,75110,BOULEVARD DE MAGENTA,48.878531,2.354053,Plein jour,En agglomération,Intersection à plus de 4 branches,Normale,Deux véhicules - côté,4,2,6,2,2,1,1,5,5,30,,2,1,0,0,1,49.0,36.0,,,1,2,5,1,3
202100004122,2021-12-08 09:40:00,2021,12,8,9,40,75,75109,RUE DE SEZE,48.870368,2.326711,Plein jour,En agglomération,Intersection en X,Normale,Deux véhicules - côté,4,1,1,0,1,1,1,0,1,30,,2,1,0,0,1,56.0,34.0,,,1,2,2,1,3
202100004123,2021-12-08 12:50:00,2021,12,8,12,50,75,75107,BOULEVARD SAINT GERMAIN,48.858502,2.323115,Plein jour,En agglomération,Intersection en X,Normale,Deux véhicules - côté,4,2,4,3,1,1,1,0,6,30,,2,1,0,0,1,15.0,53.0,,,1,2,2,1,3
202100004124,2021-12-07 09:50:00,2021,12,7,9,50,75,75104,BOULEVARD MORLAND,48.848262,2.36498,Plein jour,En agglomération,Intersection en Y,Temps couvert,Deux véhicules - côté,4,2,4,1,1,1,1,-1,5,30,,3,2,0,0,1,23.0,32.0,,,1,2,4,8,3
202100004125,2021-12-07 23:20:00,2021,12,7,23,20,94,94074,Avenue du Rû de Gironde,48.74726,2.46201,Nuit avec éclairage allumé,En agglomération,Intersection en X,Normale,Deux véhicules - frontale,3,3,2,0,1,1,1,5,1,50,,2,1,0,0,1,20.0,28.0,,,5,2,2,1,1
202100004126,2021-12-08 19:25:00,2021,12,8,19,25,94,94073,Boulevard de Stalingrad,48.77249,2.40011,Nuit avec éclairage allumé,En agglomération,Hors intersection,Normale,Deux véhicules - côté,3,1,2,0,1,1,1,0,1,50,,2,1,0,0,1,18.0,36.0,,,5,2,1,1,3
202100004127,2021-12-08 14:15:00,2021,12,8,14,15,94,94038,PRIMEVERES (R DES),48.7774,2.35304,Plein jour,En agglomération,Intersection en X,Normale,Deux véhicules - côté,4,1,2,0,1,1,1,0,1,30,,2,0,0,0,2,37.0,24.0,,,1,2,2,1,3
202100004128,2021-12-08 14:30:00,2021,12,8,14,30,94,94028,Voie Felix Eboue,48.79699,2.449708,Plein jour,En agglomération,Autre intersection,Normale,Autre collision,4,1,1,3,1,1,1,9,8,30,,1,0,0,0,1,21.0,,,,1,2,9,1,6
202100004129,2021-12-08 16:00:00,2021,12,8,16,0,94,94077,Avenue le Foll,48.7275357942,2.4405095787,Crépuscule ou aube,En agglomération,Giratoire,Normale,Deux véhicules - côté,3,1,1,0,1,3,2,0,1,50,,2,0,0,0,2,28.0,48.0,,,2,2,6,1,3
202100004130,2021-12-07 10:20:00,2021,12,7,10,20,94,94060,Rue de la Libération,48.782469,2.574934,Plein jour,En agglomération,Hors intersection,Temps couvert,Deux véhicules - arrière,4,2,2,0,1,4,2,0,1,30,,2,1,0,0,1,34.0,34.0,,,1,2,1,8,2
202100004131,2021-12-08 09:50:00,2021,12,8,9,50,93,93070,BATELIERS (RUE DES),48.9128875649,2.3270982611,Plein jour,En agglomération,Hors intersection,Temps éblouissant,Autre collision,4,-1,2,0,1,1,1,0,8,50,,2,1,0,0,1,34.0,,,,1,2,1,7,6
202100004132,2021-12-06 09:00:00,2021,12,6,9,0,93,93066,FRANCE ANATOLE (BOULEVARD) NR AUTRES,48.9220120504,2.3468976123,Plein jour,En agglomération,Autre intersection,Pluie légère,Deux véhicules - côté,3,1,4,0,1,1,2,0,1,50,,2,1,0,0,1,64.0,33.0,,,1,2,9,2,3
202100004133,2021-12-07 11:00:00,2021,12,7,11,0,93,93032,PARIS  (RUE DE),48.86592,2.5678,Plein jour,En agglomération,Intersection en X,Normale,Deux véhicules - côté,3,2,4,0,1,1,1,0,1,50,,2,1,0,0,1,41.0,54.0,,,1,2,2,1,3
202100004134,2021-12-07 19:40:00,2021,12,7,19,40,93,93027,CONVENTION (RUE DE LA),48.9278121271,2.3912489403,Nuit avec éclairage allumé,En agglomération,Hors intersection,Pluie légère,Autre collision,3,-1,2,0,1,1,2,0,1,50,,2,1,0,0,1,20.0,,,,5,2,1,2,6
202100004135,2021-12-07 18:15:00,2021,12,7,18,15,93,93007,"""PAUL VAILLANT COUTURIER (AVENUE """"DU 13",48.9245319623,2.4635619156,Nuit avec éclairage allumé,En agglomération,Intersection en T,Pluie légère,Autre collision,3,2,4,3,1,1,2,0,1,50,,2,1,0,1,0,28.0,,,,5,2,3,2,6
202100004136,2021-12-08 09:50:00,2021,12,8,9,50,92,92048,MORANE SAULNIER (AVENUE),48.7865103885,2.2234654427,Plein jour,En agglomération,Giratoire,Temps éblouissant,Autre collision,3,1,1,0,1,3,2,0,1,50,,2,1,0,0,1,52.0,,,,1,2,6,7,6
202100004137,2021-12-08 00:48:00,2021,12,8,0,48,92,92024,HENRI BARBUSSE (RUE) DE (73 A 139),48.9008950516,2.3080509156,Nuit avec éclairage allumé,En agglomération,Intersection en X,Temps couvert,Deux véhicules - côté,3,1,3,0,1,1,2,0,1,50,,3,2,0,0,1,20.0,19.0,,,5,2,2,8,3
202100004138,2021-12-07 20:10:00,2021,12,7,20,10,92,92023,CLAUDE TREBIGNAUD (AVENUE) BOIS S102,48.79137,2.25263,Nuit avec éclairage allumé,En agglomération,Hors intersection,Pluie légère,Autre collision,3,2,2,0,1,1,2,9,1,50,,2,1,0,0,1,,,,,5,2,1,2,6
202100004139,2021-12-08 13:10:00,2021,12,8,13,10,92,92032,LANGEVIN PAUL (AVENUE),48.7834965729,2.289083004,Plein jour,En agglomération,Hors intersection,Normale,Autre collision,3,1,0,1,1,1,1,0,5,50,,2,0,0,1,1,46.0,,,,1,2,1,1,6
202100004140,2021-12-08 21:35:00,2021,12,8,21,35,44,44180,8 La Champeliere,47.526297,-1.172785,Nuit sans éclairage public,En agglomération,Hors intersection,Temps couvert,Autre collision,3,2,2,0,1,1,2,9,3,80,,1,0,0,0,1,31.0,,,,3,2,1,8,6
202100004141,2021-12-09 07:01:00,2021,12,9,7,1,52,52331,RD 191 PK 3 + 000,48.5121693339,4.7719698853,Nuit sans éclairage public,Hors agglomération,Hors intersection,Normale,Sans collision,3,2,2,0,1,2,1,0,3,80,,1,0,1,0,0,62.0,,,,3,1,1,1,7
202100004142,2021-12-09 14:00:00,2021,12,9,14,0,17,17315,CD108,46.135925,-1.00188,Plein jour,Hors agglomération,Intersection en T,Pluie légère,Deux véhicules - côté,3,2,2,0,1,1,2,0,1,80,,2,1,0,1,0,16.0,39.0,,,1,1,3,2,3
202100004143,2021-12-09 10:45:00,2021,12,9,10,45,42,42162,Route de Villemontais,45.999384,3.99942,Plein jour,Hors agglomération,Intersection en T,Normale,Deux véhicules - frontale,3,2,2,0,1,1,1,0,1,80,,2,1,1,0,0,28.0,74.0,,,1,1,3,1,1
202100004144,2021-12-08 07:52:00,2021,12,8,7,52,28,28391,Carrefour RD 141/RD2020,48.200794,1.934431,Plein jour,Hors agglomération,Intersection en X,Normale,Deux véhicules - côté,3,2,2,0,1,1,1,5,1,90,,2,1,0,1,0,66.0,59.0,,,1,1,2,1,3