accident_id,datetime,annee,mois,jour,heure,minute,departement,commune_insee,adresse,latitude,longitude,luminosite,agglomeration,intersection,meteo,collision,catr,circ,nbv,vosp,prof,plan,surf,infra,situ,vma,nb_vehicules,nb_usagers,nb_indemnes,nb_tues,nb_blesses_hosp,nb_blesses_legers,age_cond_1,age_cond_2,veh_type_cond_1,veh_type_cond_2,lum_code,agg_code,int_code,atm_code,col_code
202100004145,2021-12-08 09:30:00,2021,12,8,9,30,68,68331,D415,48.04521,7.465811,Plein jour,Hors agglomération,Intersection en T,Normale,Deux véhicules - côté,3,2,2,0,1,1,1,0,1,80,,4,3,0,1,0,23.0,82.0,,,1,1,3,1,3
202100004146,2021-12-09 07:45:00,2021,12,9,7,45,35,35310,A84 Pk 127+800,48.3302193238,-1.3030434251,Crépuscule ou aube,Hors agglomération,Hors intersection,Normale,Deux véhicules - arrière,1,3,4,0,1,1,1,0,1,130,,2,1,0,1,0,43.0,53.0,,,2,1,1,1,2
202100004147,2021-12-08 13:30:00,2021,12,8,13,30,15,15055,A75 PK 087.200,45.096856,3.127187,Plein jour,Hors agglomération,Hors intersection,Temps éblouissant,Deux véhicules - côté,1,1,4,0,2,3,5,0,1,110,,4,3,0,0,1,51.0,34.0,,,1,1,1,7,3
202100004148,2021-12-09 15:00:00,2021,12,9,15,0,66,66141,RD 900,42.760105,2.897494,Plein jour,Hors agglomération,Hors intersection,Normale,Autre collision,3,3,4,0,1,1,1,0,3,110,,1,0,0,0,1,52.0,,,,1,1,1,1,6
202100004149,2021-12-08 18:00:00,2021,12,8,18,0,62,62080,Rue des Freres Coint,50.107258,2.847594,Nuit sans éclairage public,En agglomération,Hors intersection,Temps couvert,Autre collision,4,2,2,0,1,1,2,6,1,50,,2,1,0,1,0,68.0,,,,3,2,1,8,6
202100004150,2021-12-07 17:00:00,2021,12,7,17,0,51,51479,D980,49.202324,3.869172,Nuit sans éclairage public,Hors agglomération,Hors intersection,Pluie légère,Trois véhicules et plus - en chaîne,3,2,2,0,1,3,2,0,1,90,,7,4,0,3,0,85.0,52.0,,,3,1,1,2,4
202100004151,2021-12-09 10:38:00,2021,12,9,10,38,51,51569,RN31,49.259939,3.951822,Plein jour,Hors agglomération,Giratoire,Temps couvert,Deux véhicules - frontale,2,3,2,0,1,1,2,0,1,70,,2,0,1,0,1,61.0,71.0,,,1,1,6,8,1
202100004152,2021-12-07 07:58:00,2021,12,7,7,58,51,51393,D22,49.148462,3.923119,Crépuscule ou aube,Hors agglomération,Hors intersection,Temps couvert,Deux véhicules - frontale,3,2,2,0,2,2,7,0,1,80,,3,0,0,2,1,47.0,23.0,,,2,1,1,8,1
202100004153,2021-12-08 16:40:00,2021,12,8,16,40,19,19171,La vialle RD.41,45.02242,1.893838,Crépuscule ou aube,Hors agglomération,Hors intersection,Neige / grêle,Sans collision,3,2,2,0,2,2,7,0,3,90,,1,0,0,0,1,18.0,,,,2,1,1,4,7
202100004154,2021-12-09 07:30:00,2021,12,9,7,30,56,56168,Zone d Activité du Plasker,47.606178,-3.100247,Nuit sans éclairage public,Hors agglomération,Hors intersection,Pluie légère,Autre collision,3,2,2,0,1,1,2,0,1,80,,2,1,0,0,1,52.0,,,,3,1,1,2,6
202100004155,2021-12-09 12:45:00,2021,12,9,12,45,56,56015,Le Grand Bodo,47.631366,-2.559066,Plein jour,Hors agglomération,Intersection en X,Pluie légère,Deux véhicules - côté,3,2,2,0,1,1,2,0,1,80,,3,2,0,0,1,72.0,76.0,,,1,1,2,2,3
202100004156,2021-12-08 18:00:00,2021,12,8,18,0,2B,2B096,T50,42.3041898535,9.1589713089,Nuit avec éclairage allumé,En agglomération,Hors intersection,Pluie légère,Autre collision,2,3,2,0,1,1,2,6,1,50,,2,1,0,0,1,23.0,,,,5,2,1,2,6
202100004157,2021-12-09 08:00:00,2021,12,9,8,0,80,80649,départemantale 32,50.331929,1.59276,Crépuscule ou aube,Hors agglomération,Hors intersection,Pluie légère,Sans collision,3,2,2,0,1,2,2,0,3,80,,1,0,0,0,1,36.0,,,,2,1,1,2,7
202100004158,2021-12-09 08:00:00,2021,12,9,8,0,81,81045,Cote de Gasc,44.069392,1.9331,Crépuscule ou aube,Hors agglomération,Hors intersection,Pluie légère,Autre collision,3,2,2,0,2,3,2,0,3,80,,2,0,0,1,1,29.0,,,,2,1,1,2,6
202100004159,2021-12-09 07:55:00,2021,12,9,7,55,89,89254,Route de Saint Fargeau,47.697996,3.170816,Plein jour,Hors agglomération,Hors intersection,Autre,Deux véhicules - côté,3,2,2,0,2,1,7,0,1,80,,2,0,1,0,1,30.0,54.0,,,1,1,1,9,3
202100004160,2021-12-08 16:25:00,2021,12,8,16,25,42,42005,Boulevard Charles Voisin,45.538572,4.282361,Plein jour,En agglomération,Hors intersection,Pluie légère,Autre collision,4,2,2,0,1,1,2,0,1,50,,2,1,0,1,0,19.0,,,,1,2,1,2,6
202100004161,2021-11-05 18:00:00,2021,11,5,18,0,31,31232,3430 Route de Larra,43.752195,1.252479,Crépuscule ou aube,Hors agglomération,Hors intersection,Normale,Autre collision,3,2,2,0,1,1,2,0,1,-1,,2,1,0,1,0,23.0,,,,2,1,1,1,6
202100004162,2021-11-10 00:15:00,2021,11,10,0,15,72,72129,départementale 91,48.04468,0.32902,Nuit sans éclairage public,Hors agglomération,Hors intersection,Normale,Sans collision,3,2,2,0,1,1,1,0,3,90,,3,2,0,1,0,21.0,,,,3,1,1,1,7
202100004163,2021-12-04 12:00:00,2021,12,4,12,0,06,06151,M2565,43.902222,7.253895,Plein jour,Hors agglomération,Hors intersection,Normale,Deux véhicules - frontale,9,2,2,0,1,3,1,0,1,80,,3,1,0,1,1,50.0,38.0,,,1,1,1,1,1
202100004164,2021-12-08 22:45:00,2021,12,8,22,45,14,14085,D68,49.284124,0.347322,Nuit sans éclairage public,Hors agglomération,Hors intersection,Normale,Autre collision,3,2,2,0,2,4,1,0,1,80,,1,0,0,1,0,53.0,,,,3,1,1,1,6
202100004165,2021-12-06 19:10:00,2021,12,6,19,10,60,60238,D1017,49.2468358885,2.5863661765,Nuit sans éclairage public,Hors agglomération,Hors intersection,Pluie légère,Autre collision,3,2,2,0,1,3,2,0,5,80,,1,0,0,0,1,44.0,,,,3,1,1,2,6
202100004166,2021-12-09 11:30:00,2021,12,9,11,30,60,60549,D151,49.594829,2.11298,Plein jour,Hors agglomération,Hors intersection,Normale,Sans collision,3,2,2,0,1,1,2,0,3,80,,1,0,0,1,0,80.0,,,,1,1,1,1,7
202100004167,2021-12-03 18:45:00,2021,12,3,18,45,60,60233,30 Avenue Henri Demont,49.649408,1.840554,Nuit sans éclairage public,En agglomération,Hors intersection,Brouillard / fumée,Deux véhicules - arrière,3,2,2,0,1,3,9,0,1,50,,2,1,1,0,0,60.0,,,,3,2,1,5,2
202100004168,2021-12-09 13:30:00,2021,12,9,13,30,40,40067,D14,43.877108,-0.796723,Plein jour,Hors agglomération,Hors intersection,Pluie forte,Autre collision,3,2,2,0,1,1,2,0,1,80,,1,0,0,1,0,24.0,,,,1,1,1,3,6
202100004169,2021-11-14 13:30:00,2021,11,14,13,30,40,40150,départementale 652,43.865406,-1.327994,Plein jour,Hors agglomération,Hors intersection,Normale,Deux véhicules - frontale,3,2,2,0,4,3,2,0,1,70,,2,0,0,0,2,41.0,21.0,,,1,1,1,1,1
202100004170,2021-12-07 07:20:00,2021,12,7,7,20,27,27112,Rue de la Couture,48.802454,0.887752,Nuit sans éclairage public,Hors agglomération,Hors intersection,Temps couvert,Sans collision,4,2,1,0,1,1,2,0,1,80,,1,0,0,1,0,51.0,,,,3,1,1,8,7
202100004171,2021-12-09 07:05:00,2021,12,9,7,5,37,37167,,47.5530844886,0.5490079522,Nuit sans éclairage public,Hors agglomération,Hors intersection,Autre,Autre collision,3,2,2,0,1,1,7,0,3,80,,1,0,0,1,0,19.0,,,,3,1,1,9,6
202100004172,2021-12-09 11:15:00,2021,12,9,11,15,95,95394,Avenue de la Liberation,49.054225,2.194428,Plein jour,En agglomération,Hors intersection,Normale,Deux véhicules - côté,3,2,2,0,2,1,1,5,1,50,,2,1,0,0,1,60.0,48.0,,,1,2,1,1,3
202100004173,2021-12-08 11:10:00,2021,12,8,11,10,35,35208,Les Volardières,47.985599,-1.660631,Plein jour,Hors agglomération,Hors intersection,Normale,Deux véhicules - frontale,7,2,2,0,3,4,1,0,1,80,,2,0,0,1,1,21.0,73.0,,,1,1,1,1,1
202100004174,2021-12-08 17:10:00,2021,12,8,17,10,987,98738,PK 13.400,-17.627172,-149.612176,Plein jour,En agglomération,Autre intersection,Normale,Deux véhicules - côté,2,2,1,0,1,1,1,0,1,50,,6,4,0,1,1,16.0,29.0,,,1,2,9,1,3
202100004175,2021-12-09 05:45:00,2021,12,9,5,45,17,17038,RD145,45.197091,-0.3293,Nuit sans éclairage public,Hors agglomération,Hors intersection,Autre,Deux véhicules - frontale,3,2,2,0,1,1,7,0,1,80,,2,0,0,1,1,38.0,45.0,,,3,1,1,9,1
202100004176,2021-12-09 06:15:00,2021,12,9,6,15,34,34172,A709,43.604747,3.929881,Nuit sans éclairage public,Hors agglomération,Hors intersection,Normale,Deux véhicules - arrière,1,1,1,0,1,1,1,3,1,-1,,2,1,0,1,0,61.0,32.0,,,3,1,1,1,2
202100004177,2021-12-08 18:00:00,2021,12,8,18,0,976,97615,Boulevard François Mitterrand,-12.792373,45.278671,Plein jour,En agglomération,Hors intersection,Normale,Autre collision,3,3,2,0,1,1,1,0,1,50,,2,1,0,1,0,40.0,,,,1,2,1,1,6
202100004178,2021-12-09 04:00:00,2021,12,9,4,0,977,97701,RTE DE LURIN,17.89198,-62.841614,Nuit sans éclairage public,En agglomération,Hors intersection,Normale,Deux véhicules - frontale,2,2,2,0,2,3,1,0,3,50,,1,0,1,0,0,47.0,,,,3,2,1,1,1
202100004179,2021-12-09 00:40:00,2021,12,9,0,40,18,18207,119 Rue des Lavoirs,46.982668,2.252551,Nuit sans éclairage public,En agglomération,Hors intersection,Normale,Autre collision,3,2,2,0,1,2,1,0,1,50,,4,0,0,3,1,22.0,,,,3,2,1,1,6
202100004180,2021-12-05 23:15:00,2021,12,5,23,15,34,34161,route de maureilhan,43.333325,3.133818,Nuit sans éclairage public,En agglomération,Giratoire,Pluie légère,Sans collision,3,2,2,0,1,1,2,0,1,50,,2,0,0,1,1,22.0,,,,3,2,6,2,7
202100004181,2021-12-05 07:00:00,2021,12,5,7,0,84,84144,"PK 6+500, D190",43.89439,5.551357,Crépuscule ou aube,Hors agglomération,Hors intersection,Autre,Autre collision,3,2,2,0,2,1,7,0,3,80,,2,0,0,1,1,23.0,,,,2,1,1,9,6
202100004182,2021-12-09 12:25:00,2021,12,9,12,25,83,83008,D4,43.525246,6.714234,Plein jour,Hors agglomération,Hors intersection,Normale,Deux véhicules - frontale,3,2,2,0,2,4,1,0,1,90,,2,1,0,1,0,52.0,29.0,,,1,1,1,1,1
202100004183,2021-12-09 07:15:00,2021,12,9,7,15,13,13013,D96,43.415445,5.581806,Crépuscule ou aube,Hors agglomération,Hors intersection,Normale,Deux véhicules - côté,7,2,2,1,2,2,1,0,1,80,,2,1,0,0,1,57.0,21.0,,,2,1,1,1,3
202100004184,2021-12-08 07:30:00,2021,12,8,7,30,10,10172,Route départementale 677,48.616796,4.168968,Crépuscule ou aube,Hors agglomération,Hors intersection,Normale,Sans collision,3,3,4,0,1,1,1,0,8,110,,1,0,0,1,0,20.0,,,,2,1,1,1,7
202100004185,2021-12-08 16:15:00,2021,12,8,16,15,42,42056,D1086,45.41794,4.737629,Crépuscule ou aube,En agglomération,Autre intersection,Pluie légère,Deux véhicules - frontale,3,2,2,0,1,3,2,5,1,50,,3,1,0,0,2,17.0,37.0,,,2,2,9,2,1
202100004186,2021-12-09 11:55:00,2021,12,9,11,55,26,26220,26 Avenue Paul Laurens,44.360245,5.135621,Plein jour,En agglomération,Hors intersection,Normale,Deux véhicules - côté,4,2,2,0,1,1,1,0,1,50,,2,1,0,1,0,17.0,79.0,,,1,2,1,1,3
202100004187,2021-12-08 03:00:00,2021,12,8,3,0,46,46105,A20 PK 367.500,44.397842,1.519107,Nuit sans éclairage public,Hors agglomération,Hors intersection,Pluie légère,Autre collision,1,3,4,0,1,1,2,2,8,-1,,1,0,0,0,1,24.0,,,,3,1,1,2,6
202100004188,2021-12-03 21:50:00,2021,12,3,21,50,33,33273,Avenue Pierre et Marcelle Girard,44.835515,-0.803175,Nuit sans éclairage public,Hors agglomération,Giratoire,Pluie forte,Deux véhicules - frontale,4,-1,1,0,1,2,2,9,1,80,,2,1,0,0,1,24.0,41.0,,,3,1,6,3,1
202100004189,2021-12-09 05:50:00,2021,12,9,5,50,14,14258,N158,48.894151,-0.217967,Nuit sans éclairage public,Hors agglomération,Hors intersection,Autre,Deux véhicules - arrière,2,1,4,0,1,1,7,0,1,110,,2,1,0,0,1,31.0,49.0,,,3,1,1,9,2
202100004190,2021-12-07 09:00:00,2021,12,7,9,0,76,76489,Route de la Vallée,49.502611,0.296996,Plein jour,Hors agglomération,Hors intersection,Normale,Deux véhicules - frontale,4,2,2,0,2,1,2,0,1,70,,2,0,0,0,2,53.0,27.0,,,1,1,1,1,1
202100004191,2021-12-08 12:50:00,2021,12,8,12,50,62,62318,A16,50.506396,1.682442,Plein jour,Hors agglomération,Hors intersection,Neige / grêle,Autre collision,1,3,4,0,1,1,9,0,3,130,,2,1,0,1,0,41.0,,,,1,1,1,4,6
202100004192,2021-12-08 13:45:00,2021,12,8,13,45,13,13055,A507 sens Marseille - Aubagne,43.33709,5.3789,Plein jour,Hors agglomération,Hors intersection,Normale,Deux véhicules - arrière,1,1,3,0,2,1,2,0,2,70,,2,1,0,0,1,29.0,28.0,,,1,1,1,1,2
202100004193,2021-12-08 07:45:00,2021,12,8,7,45,13,13001,A51-Sens Aix en Provence vers Marseille,43.5228,5.42672,Crépuscule ou aube,Hors agglomération,Hors intersection,Pluie légère,Deux véhicules - côté,1,1,3,0,1,1,2,0,1,90,,2,0,0,0,2,45.0,86.0,,,2,1,1,2,3
202100004194,2021-12-06 17:45:00,2021,12,6,17,45,67,67482,M351,48.58744,7.71086,Nuit sans éclairage public,Hors agglomération,Hors intersection,Normale,Trois véhicules et plus - en chaîne,7,1,1,0,2,2,1,0,1,50,,3,1,0,0,2,30.0,65.0,,,3,1,1,1,4
202100004195,2021-12-08 14:56:00,2021,12,8,14,56,33,33122,,44.73273,-0.72242,Plein jour,Hors agglomération,Hors intersection,Pluie forte,Trois véhicules et plus - collisions multiples,1,3,4,0,1,1,2,0,1,130,,3,2,0,1,0,34.0,25.0,,,1,1,1,3,5
202100004196,2021-12-08 10:25:00,2021,12,8,10,25,33,33318,AUTOROUTE A 63,44.78887,-0.62309,Plein jour,Hors agglomération,Hors intersection,Pluie légère,Autre collision,1,1,2,0,2,2,2,3,1,70,,1,0,0,0,1,18.0,,,,1,1,1,2,6
202100004197,2021-12-08 08:50:00,2021,12,8,8,50,33,33122,AUTOROUTE A 63,44.740778,-0.711098,Plein jour,Hors agglomération,Hors intersection,Pluie légère,Autre collision,1,3,4,0,1,1,2,0,1,110,,1,0,0,0,1,36.0,,,,1,1,1,2,6
202100004198,2021-12-07 05:35:00,2021,12,7,5,35,59,59350,AUTOROUTE A25,50.6220328221,3.0227208138,Nuit avec éclairage allumé,Hors agglomération,Hors intersection,Normale,Sans collision,1,-1,2,0,1,2,2,0,1,70,,1,0,0,0,1,53.0,,,,5,1,1,1,7
202100004199,2021-12-05 18:00:00,2021,12,5,18,0,59,59350,ROUTE NATIONALE 356,50.6209062944,3.0817991495,Nuit avec éclairage non allumé,Hors agglomération,Hors intersection,Pluie légère,Deux véhicules - arrière,2,-1,9,0,1,1,2,0,1,70,,2,1,0,1,0,,27.0,,,4,1,1,2,2
202100004200,2021-12-05 14:10:00,2021,12,5,14,10,59,59378,AUTOROUTE A22,50.6793604326,3.1129825115,Plein jour,Hors agglomération,Hors intersection,Normale,Deux véhicules - arrière,1,-1,6,0,1,1,2,0,1,90,,3,2,0,0,1,33.0,44.0,,,1,1,1,1,2
202100004201,2021-12-05 02:55:00,2021,12,5,2,55,59,59569,AUTOROUTE A21,50.379562898,3.1494283676,Nuit sans éclairage public,Hors agglomération,Hors intersection,Pluie légère,Deux véhicules - arrière,1,-1,4,0,1,1,2,0,1,110,,2,1,0,0,1,29.0,33.0,,,3,1,1,2,2
202100004202,2021-12-08 18:10:00,2021,12,8,18,10,91,91521,AUTOROUTE A6,48.642976,2.391546,Nuit sans éclairage public,Hors agglomération,Hors intersection,Normale,Trois véhicules et plus - en chaîne,1,3,6,0,1,1,1,0,1,110,,3,2,0,0,1,57.0,48.0,,,3,1,1,1,4
202100004203,2021-12-08 16:30:00,2021,12,8,16,30,92,92050,A86,48.9073305976,2.2124361992,Plein jour,Hors agglomération,Hors intersection,Normale,Trois véhicules et plus - collisions multiples,1,1,2,0,1,1,1,0,1,90,,3,2,0,0,1,36.0,40.0,,,1,1,1,1,5
202100004204,2021-12-08 11:05:00,2021,12,8,11,5,92,92051,RN13,48.8827383399,2.2670725587,Plein jour,Hors agglomération,Hors intersection,Normale,Deux véhicules - arrière,2,3,4,0,1,1,1,0,1,70,,3,2,0,0,1,66.0,59.0,,,1,1,1,1,2
202100004205,2021-12-08 07:25:00,2021,12,8,7,25,78,78640,A86 EXT,48.77734,2.22301,Nuit avec éclairage allumé,Hors agglomération,Hors intersection,Pluie légère,Deux véhicules - arrière,1,1,3,0,2,1,2,0,1,90,,2,1,0,0,1,20.0,45.0,,,5,1,1,2,2
202100004206,2021-12-07 23:10:00,2021,12,7,23,10,93,93027,AUTOROUTE A86,48.92748,2.4034,Nuit sans éclairage public,Hors agglomération,Hors intersection,Pluie forte,Autre collision,1,1,2,0,2,2,2,0,1,70,,1,0,0,0,1,28.0,,,,3,1,1,3,6
202100004207,2021-12-08 01:28:00,2021,12,8,1,28,95,95572, A15,49.03297,2.10522,Nuit sans éclairage public,Hors agglomération,Autre intersection,Pluie légère,Autre collision,1,1,2,0,2,3,2,3,1,70,,1,0,0,0,1,21.0,,,,3,1,9,2,6
202100004208,2021-12-08 19:45:00,2021,12,8,19,45,94,94065,A86 EXT,48.7535043338,2.3613490863,Nuit avec éclairage allumé,Hors agglomération,Hors intersection,Normale,Trois véhicules et plus - en chaîne,2,3,2,0,1,1,1,0,1,90,,3,2,0,0,1,60.0,52.0,,,5,1,1,1,4
202100004209,2021-12-08 01:00:00,2021,12,8,1,0,77,77058,A4,48.82854,2.7409,Nuit sans éclairage public,Hors agglomération,Autre intersection,Normale,Deux véhicules - arrière,1,3,3,0,1,1,2,9,1,130,,3,1,0,0,2,38.0,21.0,,,3,1,9,1,2
202100004210,2021-04-14 13:20:00,2021,4,14,13,20,62,62893,BON AIR ( Rue du ),50.77773,1.61494,Plein jour,En agglomération,Hors intersection,Normale,Deux véhicules - côté,3,3,2,0,1,1,1,0,1,50,,2,1,0,1,0,27.0,50.0,,,1,2,1,1,3
202100004211,2021-12-06 19:20:00,2021,12,6,19,20,32,32013,JEAN JAURES (AVENUE),43.64639,0.58601,Nuit avec éclairage allumé,En agglomération,Hors intersection,Temps couvert,Sans collision,4,2,2,0,1,1,2,0,1,30,,2,1,0,0,1,21.0,,,,5,2,1,8,7
202100004212,2021-12-06 12:42:00,2021,12,6,12,42,44,44109,PERRAY ( RUE DU ),47.24846,-1.51121,Plein jour,En agglomération,Hors intersection,Pluie légère,Sans collision,4,2,0,0,1,1,2,0,1,30,,2,1,0,0,1,,,,,1,2,1,2,7
202100004213,2021-12-06 09:45:00,2021,12,6,9,45,06,06029,CARNOT (BOULEVARD),43.56096,7.01683,Plein jour,En agglomération,Hors intersection,Normale,Autre collision,4,3,4,0,2,1,1,0,1,50,,2,1,0,0,1,71.0,,,,1,2,1,1,6
202100004214,2021-12-06 17:00:00,2021,12,6,17,0,91,91687,PRESIDENT KENNEDY (AVENUE DU),48.66584,2.368442,Crépuscule ou aube,En agglomération,Hors intersection,Pluie légère,Autre collision,4,2,2,0,1,1,2,0,1,50,,2,1,0,0,1,58.0,,,,2,2,1,2,6
202100004215,2021-12-06 10:55:00,2021,12,6,10,55,976,97611,kaweni-Kaweni nord ( Z I ),-12.76725,45.2247,Plein jour,En agglomération,Hors intersection,Normale,Deux véhicules - côté,2,2,2,0,1,1,1,0,1,50,,3,1,0,0,2,22.0,22.0,,,1,2,1,1,3
202100004216,2021-12-05 21:30:00,2021,12,5,21,30,974,97407,ROUTE DU SACRE COEUR,-20.9588083992,55.3194451332,Nuit sans éclairage public,En agglomération,Hors intersection,Normale,Trois véhicules et plus - collisions multiples,2,2,2,0,1,1,1,0,1,50,,3,2,0,0,1,35.0,22.0,,,3,2,1,1,5
202100004217,2021-12-06 17:30:00,2021,12,6,17,30,69,69388,JEAN MERMOZ (AV),45.73203,4.88278,Nuit avec éclairage allumé,En agglomération,Intersection en X,Normale,Deux véhicules - côté,4,2,4,2,1,1,1,0,1,50,,2,1,0,0,1,63.0,51.0,,,5,2,2,1,3
202100004218,2021-12-06 07:00:00,2021,12,6,7,0,69,69388,JEAN MERMOZ (AV),45.73248,4.88133,Nuit avec éclairage allumé,En agglomération,Hors intersection,Pluie légère,Autre collision,4,2,4,3,1,1,2,0,1,50,,2,1,0,0,1,,,,,5,2,1,2,6
202100004219,2021-12-05 22:10:00,2021,12,5,22,10,972,97213,AUTOROUTE A1,14.61,-61.006,Nuit avec éclairage allumé,Hors agglomération,Autre intersection,Normale,Deux véhicules - arrière,1,2,4,0,1,1,1,0,1,90,,4,1,0,0,3,42.0,23.0,,,5,1,9,1,2
202100004220,2021-12-05 09:15:00,2021,12,5,9,15,69,69149,FRANCISQUE JOMARD (R),45.71504,4.80104,Plein jour,En agglomération,Hors intersection,Temps couvert,Deux véhicules - arrière,4,2,2,0,1,1,2,0,1,50,,3,2,0,0,1,29.0,40.0,,,1,2,1,8,2
202100004221,2021-12-05 00:55:00,2021,12,5,0,55,95,95288,CALAIS (ROUTE DE),48.9861503076,2.3611271381,Nuit avec éclairage non allumé,Hors agglomération,Hors intersection,Temps couvert,Deux véhicules - côté,3,3,4,0,2,1,1,0,1,50,,2,1,0,0,1,37.0,19.0,,,4,1,1,8,3
202100004222,2021-12-06 15:15:00,2021,12,6,15,15,91,91027,IMP JEAN LE STRADIC,48.71522,2.38376,Plein jour,En agglomération,Autre intersection,Pluie légère,Deux véhicules - arrière,3,2,3,0,1,1,2,5,1,50,,2,1,0,0,1,41.0,19.0,,,1,2,9,2,2
202100004223,2021-12-05 19:10:00,2021,12,5,19,10,87,87085,CARNOT (BOULEVARD),45.83294,1.25895,Plein jour,En agglomération,Intersection en T,Pluie légère,Deux véhicules - côté,4,4,4,0,1,1,2,0,1,50,,2,1,0,1,0,28.0,50.0,,,1,2,3,2,3
202100004224,2021-12-06 07:37:00,2021,12,6,7,37,86,86158,N147,46.641685,0.291347,Crépuscule ou aube,Hors agglomération,Hors intersection,Normale,Deux véhicules - frontale,2,-1,2,0,1,3,1,0,1,80,,2,1,1,0,0,19.0,21.0,,,2,1,1,1,1
202100004225,2021-12-06 08:58:00,2021,12,6,8,58,86,86066,Av du Mal de Lattre de Tassigny,46.819068,0.522296,Plein jour,En agglomération,Hors intersection,Normale,Autre collision,3,2,2,0,1,1,2,0,1,50,,2,1,0,0,1,24.0,,,,1,2,1,1,6
202100004226,2021-12-02 18:15:00,2021,12,2,18,15,80,80021,STRASBOURG (BOULEVARD DE),49.89064,2.277138,Nuit avec éclairage allumé,En agglomération,Hors intersection,Normale,Deux véhicules - côté,4,2,2,0,1,1,1,0,1,50,,2,1,0,0,1,57.0,30.0,,,5,2,1,1,3
202100004227,2021-12-01 19:20:00,2021,12,1,19,20,80,80021,MAIGNAN LARIVIERE (BOULEVARD),49.88945,2.29353,Nuit avec éclairage allumé,En agglomération,Hors intersection,Normale,Deux véhicules - arrière,4,2,4,0,1,1,1,0,1,50,,3,0,0,0,3,31.0,21.0,,,5,2,1,1,2
202100004228,2021-12-01 18:25:00,2021,12,1,18,25,80,80021,DEJEAN (RUE),49.89079,2.31869,Nuit avec éclairage allumé,En agglomération,Hors intersection,Pluie légère,Deux véhicules - côté,4,2,2,0,1,1,2,0,1,50,,2,1,0,0,1,,22.0,,,5,2,1,2,3
202100004229,2021-12-06 06:35:00,2021,12,6,6,35,79,79191,26 Avenue de Nantes,46.33649,-0.47576,Nuit avec éclairage allumé,En agglomération,Hors intersection,Temps couvert,Sans collision,3,2,2,2,2,1,2,0,5,50,,1,0,0,0,1,40.0,,,,5,2,1,8,7
202100004230,2021-12-06 09:00:00,2021,12,6,9,0,77,77431,D16,48.26678,2.68582,Plein jour,En agglomération,Intersection en X,Temps couvert,Deux véhicules - côté,3,2,2,0,2,1,2,-1,1,50,,2,1,0,0,1,63.0,21.0,,,1,2,2,8,3
202100004231,2021-12-06 07:50:00,2021,12,6,7,50,76,76540,MARNE. BOULEVARD DE LA,49.44592,1.08661,Nuit avec éclairage allumé,En agglomération,Intersection en X,Pluie légère,Autre collision,7,2,4,3,1,1,2,-1,1,50,,2,1,0,0,1,27.0,,,,5,2,2,2,6
202100004232,2021-12-05 19:25:00,2021,12,5,19,25,76,76486,CORNEILLE. RUE PIERRE ET THOMAS,49.30437,0.99261,Nuit avec éclairage allumé,En agglomération,Hors intersection,Pluie forte,Autre collision,7,2,2,0,1,1,2,9,1,50,,2,1,0,0,1,85.0,,,,5,2,1,3,6
202100004233,2021-12-05 21:15:00,2021,12,5,21,15,76,76481,RD 6382,49.53139,0.1075,Nuit avec éclairage allumé,En agglomération,Giratoire,Pluie forte,Deux véhicules - côté,3,3,4,0,1,1,2,5,1,90,,2,1,0,0,1,22.0,45.0,,,5,2,6,3,3
202100004234,2021-12-05 19:40:00,2021,12,5,19,40,76,76341,GENERAL LECLERC (AVENUE),49.5058984832,0.1963725686,Nuit avec éclairage allumé,En agglomération,Hors intersection,Pluie légère,Autre collision,3,2,2,0,1,1,2,0,1,50,,2,1,0,0,1,,,,,5,2,1,2,6
202100004235,2021-12-03 22:30:00,2021,12,3,22,30,76,76270,LOUIS LUMIERE,49.52718,0.12587,Nuit avec éclairage allumé,En agglomération,Hors intersection,Pluie forte,Autre collision,3,2,2,0,1,1,2,0,3,50,,2,1,0,0,1,21.0,,,,5,2,1,3,6
202100004236,2021-12-05 10:20:00,2021,12,5,10,20,72,72181,JAURES JEAN (AV) N° PAIRS 2 A 58,47.98563,0.209244,Plein jour,En agglomération,Autre intersection,Pluie légère,Deux véhicules - côté,4,3,0,1,1,1,9,0,1,50,,2,0,0,0,2,60.0,45.0,,,1,2,9,2,3
202100004237,2021-12-05 00:25:00,2021,12,5,0,25,71,71040,MONTCENIS (ROUTE DE),46.721063,4.377512,Nuit sans éclairage public,Hors agglomération,Hors intersection,Normale,Deux véhicules - arrière,3,2,2,0,1,1,1,0,1,80,,2,1,0,1,0,17.0,21.0,,,3,1,1,1,2
202100004238,2021-12-02 16:10:00,2021,12,2,16,10,67,67365,GENERAL LECLERC (RUE DU),48.55087,7.71081,Crépuscule ou aube,En agglomération,Intersection en T,Temps couvert,Deux véhicules - côté,4,3,5,3,1,1,9,0,1,50,,2,1,0,0,1,66.0,53.0,,,2,2,3,8,3
202100004239,2021-12-05 03:40:00,2021,12,5,3,40,66,66136,ESCARGUEL (COURS LAZARE),42.69848,2.88741,Nuit avec éclairage allumé,En agglomération,Intersection en T,Normale,Deux véhicules - côté,4,3,4,0,1,1,1,0,1,50,,2,1,0,1,0,24.0,24.0,,,5,2,3,1,3