accident_id,datetime,annee,mois,jour,heure,minute,departement,commune_insee,adresse,latitude,longitude,luminosite,agglomeration,intersection,meteo,collision,catr,circ,nbv,vosp,prof,plan,surf,infra,situ,vma,nb_vehicules,nb_usagers,nb_indemnes,nb_tues,nb_blesses_hosp,nb_blesses_legers,age_cond_1,age_cond_2,veh_type_cond_1,veh_type_cond_2,lum_code,agg_code,int_code,atm_code,col_code
202100004240,2021-12-04 21:50:00,2021,12,4,21,50,66,66136,DONNEZAN (DES DOCTEURS),42.67316,2.88461,Nuit avec éclairage allumé,En agglomération,Giratoire,Normale,Autre collision,4,1,1,0,1,3,1,0,1,50,,4,2,0,0,2,18.0,,,,5,2,6,1,6
202100004241,2021-12-05 16:15:00,2021,12,5,16,15,64,64102,COMPAGNET (GIRATOIRE DE),43.4606030476,-1.4958196878,Plein jour,En agglomération,Hors intersection,Normale,Autre collision,3,3,2,0,1,1,2,0,1,50,,1,0,0,0,1,21.0,,,,1,2,1,1,6
202100004242,2021-12-05 17:45:00,2021,12,5,17,45,63,63113,LANDAIS (AVENUE DES),45.76497,3.10994,Plein jour,En agglomération,Intersection en T,Normale,Autre collision,7,3,4,0,1,1,1,0,1,50,,2,1,0,0,1,25.0,,,,1,2,3,1,6
202100004243,2021-12-04 19:30:00,2021,12,4,19,30,63,63113,CRISTAL (AVENUE ERNEST),45.7590685116,3.1443455815,Nuit avec éclairage allumé,En agglomération,Intersection en X,Normale,Autre collision,7,3,5,0,1,1,1,0,1,50,,3,1,0,0,2,18.0,,,,5,2,2,1,6
202100004244,2021-12-04 05:21:00,2021,12,4,5,21,63,63113,KENNEDY (BD J.F.),45.79766,3.12295,Nuit avec éclairage allumé,En agglomération,Hors intersection,Normale,Autre collision,4,3,4,0,1,1,1,0,1,50,,1,0,0,0,1,24.0,,,,5,2,1,1,6
202100004245,2021-07-31 09:45:00,2021,7,31,9,45,62,62907,RD 360,50.47618,2.99129,Plein jour,Hors agglomération,Hors intersection,Pluie légère,Deux véhicules - frontale,3,2,2,0,1,2,2,0,1,50,,5,1,0,0,4,33.0,33.0,,,1,1,1,2,1
202100004246,2021-12-06 09:30:00,2021,12,6,9,30,59,59599,MOUVAUX (RUE DE),50.6951385033,3.1496399862,Plein jour,En agglomération,Hors intersection,Normale,Deux véhicules - frontale,7,2,2,0,1,1,1,0,1,50,,2,1,0,0,1,33.0,25.0,,,1,2,1,1,1
202100004247,2021-12-05 23:30:00,2021,12,5,23,30,55,55029,RN135,48.76953,5.17706,Nuit avec éclairage allumé,En agglomération,Hors intersection,Pluie légère,Deux véhicules - frontale,2,2,2,0,1,2,2,0,1,50,,2,0,0,0,2,67.0,19.0,,,5,2,1,2,1
202100004248,2021-12-05 06:18:00,2021,12,5,6,18,54,54395,CYFFLE (RUE),48.68656,6.18069,Nuit avec éclairage allumé,En agglomération,Intersection en X,Normale,Autre collision,4,2,3,0,1,1,1,0,1,50,,1,0,0,0,1,43.0,,,,5,2,2,1,6
202100004249,2021-12-03 18:20:00,2021,12,3,18,20,52,52448,VERGY (RUE DE),48.6329,4.9356,Nuit avec éclairage allumé,En agglomération,Hors intersection,Pluie légère,Deux véhicules - côté,3,-1,2,0,1,3,2,0,1,50,,4,1,0,1,2,20.0,34.0,,,5,2,1,2,3
202100004250,2021-12-06 18:35:00,2021,12,6,18,35,51,51454,Avenue de Champagne,49.23539,4.0423,Nuit avec éclairage allumé,En agglomération,Hors intersection,Pluie légère,Deux véhicules - arrière,3,1,3,1,1,1,2,2,1,70,,3,2,0,0,1,26.0,28.0,,,5,2,1,2,2
202100004251,2021-12-06 17:35:00,2021,12,6,17,35,51,51454,Boulevard Henry Vasnier,49.24532,4.04781,Nuit avec éclairage allumé,En agglomération,Hors intersection,Pluie légère,Sans collision,3,2,2,0,1,1,2,0,1,50,,3,2,0,0,1,28.0,,,,5,2,1,2,7
202100004252,2021-12-06 17:10:00,2021,12,6,17,10,51,51454,Boulevard Docteur Henri Henrot,49.24514,4.03177,Nuit avec éclairage allumé,En agglomération,Hors intersection,Normale,Deux véhicules - côté,4,2,4,0,2,1,1,0,1,50,,3,1,0,0,2,22.0,65.0,,,5,2,1,1,3
202100004253,2021-12-06 11:44:00,2021,12,6,11,44,51,51454,Rue Jacquart,49.259,4.044,Plein jour,En agglomération,Intersection en X,Normale,Sans collision,4,2,2,0,1,1,1,0,1,50,,2,1,0,0,1,28.0,,,,1,2,2,1,7
202100004254,2021-12-04 13:00:00,2021,12,4,13,0,50,50129,SAUXMARAIS (RUE DE),49.63116,-1.58592,Plein jour,En agglomération,Intersection en X,Pluie légère,Deux véhicules - frontale,4,2,2,0,1,1,2,0,1,50,,2,1,0,0,1,31.0,36.0,,,1,2,2,2,1
202100004255,2021-12-06 13:55:00,2021,12,6,13,55,45,45147,PICASSO (RUE PABLO PICASSO),47.93354,1.92147,Plein jour,En agglomération,Hors intersection,Normale,Deux véhicules - côté,4,2,2,0,1,1,1,5,1,50,,2,1,0,0,1,65.0,65.0,,,1,2,1,1,3
202100004256,2021-12-06 09:05:00,2021,12,6,9,5,45,45232,D2271-PR 1+900,47.84245,1.89772,Plein jour,Hors agglomération,Hors intersection,Pluie légère,Deux véhicules - arrière,7,2,2,0,1,1,2,0,1,90,,5,1,0,0,4,19.0,72.0,,,1,1,1,2,2
202100004257,2021-11-28 11:50:00,2021,11,28,11,50,42,42218,Rue Jean Huss,45.45271,4.41519,Plein jour,En agglomération,Intersection en Y,Pluie légère,Trois véhicules et plus - collisions multiples,4,2,2,0,1,3,2,0,1,50,,4,2,0,1,1,24.0,44.0,,,1,2,4,2,5
202100004258,2021-11-28 10:00:00,2021,11,28,10,0,42,42237,Rue Emile Zola,45.44462,4.42356,Plein jour,En agglomération,Hors intersection,Neige / grêle,Autre collision,4,2,4,0,2,1,5,9,3,50,,1,0,1,0,0,40.0,,,,1,2,1,4,6
202100004259,2021-12-04 21:05:00,2021,12,4,21,5,41,41047,VILLERBON (RUE DE),47.60389,1.34795,Nuit avec éclairage allumé,En agglomération,Hors intersection,Normale,Deux véhicules - frontale,4,2,2,0,1,2,1,0,1,50,,3,1,0,0,2,27.0,21.0,,,5,2,1,1,1
202100004260,2021-11-11 03:10:00,2021,11,11,3,10,38,38185,RUE D'ALEMBERT,45.18,5.71,Nuit avec éclairage allumé,En agglomération,Intersection en T,Normale,Deux véhicules - côté,7,1,1,0,1,1,1,0,1,50,,4,3,0,1,0,22.0,20.0,,,5,2,3,1,3
202100004261,2021-12-06 18:30:00,2021,12,6,18,30,37,37122,BORDEAUX (AVENUE DE),47.3555676807,0.6987369061,Nuit avec éclairage allumé,En agglomération,Intersection en X,Pluie légère,Autre collision,4,2,4,0,1,1,2,0,1,50,,2,1,0,0,1,22.0,,,,5,2,2,2,6
202100004262,2021-12-06 16:55:00,2021,12,6,16,55,37,37261,BELLANGER (RUE),47.3873329268,0.7058528066,Nuit avec éclairage allumé,En agglomération,Hors intersection,Pluie légère,Autre collision,4,1,1,1,1,1,2,0,1,50,,3,2,0,1,0,50.0,,,,5,2,1,2,6
202100004263,2021-12-06 15:30:00,2021,12,6,15,30,35,35238,RN136,48.119721,-1.7202,Plein jour,Hors agglomération,Hors intersection,Normale,Sans collision,2,3,4,0,2,2,2,0,3,90,,1,0,0,0,1,41.0,,,,1,1,1,1,7
202100004264,2021-12-06 10:50:00,2021,12,6,10,50,35,35238,VOLTAIRE (BD),48.105060198,-1.6964845061,Plein jour,En agglomération,Hors intersection,Pluie légère,Autre collision,4,2,2,0,1,1,2,0,1,50,,2,1,0,0,1,20.0,,,,1,2,1,2,6
202100004265,2021-12-04 06:30:00,2021,12,4,6,30,34,34032,ROUTE DE MURVIEL (RD.19 - SECT.3),43.3591,3.19719,Nuit sans éclairage public,Hors agglomération,Hors intersection,Normale,Autre collision,3,2,2,0,1,1,1,0,3,70,,3,1,0,1,1,36.0,25.0,,,3,1,1,1,6
202100004266,2021-12-06 11:00:00,2021,12,6,11,0,33,33281,Rue du Jard,44.85098,-0.63744,Plein jour,En agglomération,Hors intersection,Normale,Autre collision,4,2,2,2,1,1,1,0,1,30,,1,0,0,1,0,63.0,,,,1,2,1,1,6
202100004267,2021-12-06 07:45:00,2021,12,6,7,45,33,33063,Rue Pasteur,44.8470265529,-0.6214678288,Crépuscule ou aube,En agglomération,Intersection en T,Normale,Deux véhicules - côté,4,2,2,2,1,1,2,0,1,50,,2,1,0,1,0,23.0,29.0,,,2,2,3,1,3
202100004268,2021-12-06 12:10:00,2021,12,6,12,10,31,31555,CHEMINEMENT HENRI BOSCO,43.61082,1.43117,Plein jour,En agglomération,Hors intersection,Temps couvert,Autre collision,4,2,1,0,1,1,2,0,1,30,,2,1,0,1,0,39.0,,,,1,2,1,8,6
202100004269,2021-12-06 23:30:00,2021,12,6,23,30,29,29232,Rue de la Tour d’Auvergne,47.98886,-4.08062,Nuit sans éclairage public,En agglomération,Intersection en X,Normale,Autre collision,4,2,2,0,2,1,2,0,1,50,,2,0,0,1,1,18.0,,,,3,2,2,1,6
202100004270,2021-12-06 13:45:00,2021,12,6,13,45,27,27528,DE GAULLE (RUE DU GENERAL),49.26323,1.21154,Plein jour,En agglomération,Giratoire,Normale,Deux véhicules - côté,4,1,0,0,1,1,1,0,1,50,,2,1,0,0,1,21.0,68.0,,,1,2,6,1,3
202100004271,2021-12-05 16:40:00,2021,12,5,16,40,27,27528,SABLONS (ROUTE DES),49.25782,1.19995,Nuit avec éclairage allumé,En agglomération,Giratoire,Pluie légère,Autre collision,4,2,0,0,1,1,2,6,1,30,,1,0,0,0,1,22.0,,,,5,2,6,2,6
202100004272,2021-11-09 08:30:00,2021,11,9,8,30,26,26198,4 Avenue Saint Didier,44.550799,4.747564,Plein jour,En agglomération,Intersection en T,Normale,Autre collision,4,2,2,0,1,1,1,0,1,50,,2,1,0,0,1,86.0,,,,1,2,3,1,6
202100004273,2021-12-06 09:30:00,2021,12,6,9,30,22,22106,DOUVENANT (RUE DE),48.50026,-2.72957,Plein jour,En agglomération,Giratoire,Pluie légère,Deux véhicules - côté,3,1,2,0,1,2,2,0,1,50,,2,1,0,0,1,61.0,50.0,,,1,2,6,2,3
202100004274,2021-12-06 19:20:00,2021,12,6,19,20,17,17415,PERCHES RUE DES,45.71058,-0.65362,Nuit sans éclairage public,Hors agglomération,Hors intersection,Normale,Autre collision,3,2,2,0,1,1,2,0,1,80,,2,1,0,1,0,47.0,,,,3,1,1,1,6
202100004275,2021-12-06 19:00:00,2021,12,6,19,0,17,17291,LIBERATION   RUE DE LA,46.175,-1.114,Nuit avec éclairage allumé,En agglomération,Autre intersection,Pluie légère,Autre collision,4,2,1,3,1,3,2,6,1,30,,2,1,0,0,1,62.0,,,,5,2,9,2,6
202100004276,2021-12-06 21:35:00,2021,12,6,21,35,14,14118,CHERON (AVENUE HENRI),49.17053,-0.4015,Nuit avec éclairage allumé,En agglomération,Hors intersection,Temps couvert,Sans collision,3,2,2,0,1,1,2,0,1,50,,1,0,0,0,1,40.0,,,,5,2,1,8,7
202100004277,2021-12-06 15:50:00,2021,12,6,15,50,14,14118,PERIPHERIQUE (BOULEVARD),49.196044,-0.379533,Plein jour,Hors agglomération,Hors intersection,Temps couvert,Deux véhicules - frontale,2,1,6,0,1,1,2,0,1,90,,3,1,0,0,2,88.0,60.0,,,1,1,1,8,1
202100004278,2021-12-06 22:05:00,2021,12,6,22,5,13,13208,PRADO (AVENUE DU),43.27841,5.38801,Nuit avec éclairage allumé,En agglomération,Hors intersection,Normale,Deux véhicules - côté,4,2,6,0,1,1,1,0,1,50,,2,1,0,1,0,27.0,37.0,,,5,2,1,1,3
202100004279,2021-12-06 14:15:00,2021,12,6,14,15,13,13201,PYTHEAS (RUE),43.29439,5.37545,Plein jour,En agglomération,Intersection en X,Normale,Deux véhicules - côté,4,1,1,0,1,1,1,0,1,50,,2,1,0,0,1,39.0,34.0,,,1,2,2,1,3
202100004280,2021-12-06 13:45:00,2021,12,6,13,45,13,13214,MOUTON (BOULEVARD),43.3325007105,5.392877228,Plein jour,En agglomération,Intersection en T,Normale,Deux véhicules - frontale,4,1,1,0,1,1,1,6,6,50,,2,1,0,0,1,,,,,1,2,3,1,1
202100004281,2021-12-06 18:45:00,2021,12,6,18,45,06,06069,DAUDET (AVENUE ALPHONSE),43.639682,6.912953,Nuit avec éclairage allumé,En agglomération,Autre intersection,Normale,Trois véhicules et plus - collisions multiples,4,1,1,0,1,1,1,0,1,30,,3,2,0,0,1,17.0,73.0,,,5,2,9,1,5
202100004282,2021-12-04 14:00:00,2021,12,4,14,0,06,06123,DONADEI EUGENE AVENUE,43.658677,7.195366,Plein jour,En agglomération,Hors intersection,Normale,Autre collision,6,-1,-1,0,1,1,1,0,1,30,,2,1,0,0,1,44.0,,,,1,2,1,1,6
202100004283,2021-12-05 14:15:00,2021,12,5,14,15,05,05061,RAMBAUD ( ROUTE DE ),44.5572573366,6.1204791069,Plein jour,Hors agglomération,Hors intersection,Normale,Sans collision,3,2,2,0,1,2,7,0,1,80,,1,0,0,0,1,36.0,,,,1,1,1,1,7
202100004284,2021-12-05 23:42:00,2021,12,5,23,42,75,75108,AVENUE DES CHAMPS ELYSEES,48.870108,2.306601,Nuit avec éclairage allumé,En agglomération,Intersection en X,Normale,Trois véhicules et plus - en chaîne,4,-1,6,0,1,1,2,0,1,50,,10,0,0,3,7,24.0,24.0,,,5,2,2,1,4
202100004285,2021-12-07 07:00:00,2021,12,7,7,0,75,75120,AVENUE DE LA PORTE DE BAGNOLET,48.864776,2.410164,Nuit avec éclairage allumé,En agglomération,Intersection en T,Normale,Deux véhicules - arrière,4,2,6,0,1,1,1,0,1,30,,2,1,0,0,1,52.0,53.0,,,5,2,3,1,2
202100004286,2021-12-07 17:30:00,2021,12,7,17,30,75,75119,BOULEVARD SERURIER,48.877137,2.406718,Nuit avec éclairage allumé,En agglomération,Intersection en X,Pluie légère,Deux véhicules - arrière,4,1,2,0,3,1,2,0,1,50,,2,1,0,0,1,32.0,55.0,,,5,2,2,2,2
202100004287,2021-12-07 07:50:00,2021,12,7,7,50,75,75119,AVENUE JEAN JAURES,48.888481,2.39193,Nuit avec éclairage allumé,En agglomération,Intersection en T,Normale,Deux véhicules - arrière,4,2,3,1,1,1,2,0,1,50,,2,1,0,0,1,,22.0,,,5,2,3,1,2
202100004288,2021-12-07 18:05:00,2021,12,7,18,5,75,75117,BOULEVARD DE COURCELLES,48.879555,2.305017,Nuit sans éclairage public,En agglomération,Intersection en X,Pluie légère,Autre collision,4,2,4,1,1,1,2,0,1,30,,2,0,0,1,1,55.0,,,,3,2,2,2,6
202100004289,2021-12-07 09:15:00,2021,12,7,9,15,75,75117,AVENUE DES TERNES,48.879003,2.292813,Plein jour,En agglomération,Intersection en T,Temps couvert,Autre collision,4,2,2,0,1,1,1,0,1,50,,2,1,0,0,1,,,,,1,2,3,8,6
202100004290,2021-12-06 15:20:00,2021,12,6,15,20,75,75117,RUE TRUFFAUT,48.887762,2.318377,Plein jour,En agglomération,Intersection en X,Pluie légère,Deux véhicules - arrière,4,2,2,0,2,1,2,0,1,30,,2,1,0,0,1,52.0,26.0,,,1,2,2,2,2
202100004291,2021-12-07 00:01:00,2021,12,7,0,1,75,75116,AVENUE DE LA GRANDE ARMEE,48.8762436061,2.2871893644,Nuit sans éclairage public,En agglomération,Intersection en T,Normale,Autre collision,4,2,4,0,1,1,1,0,1,50,,1,0,0,0,1,53.0,,,,3,2,3,1,6
202100004292,2021-12-07 15:30:00,2021,12,7,15,30,75,75115,BOULEVARD DE GRENELLE,48.853964,2.289099,Plein jour,En agglomération,Intersection en T,Normale,Sans collision,4,1,1,1,2,1,2,-1,5,30,,1,0,0,0,1,19.0,,,,1,2,3,1,7
202100004293,2021-12-07 12:00:00,2021,12,7,12,0,75,75112,QUAI DE LA RAPEE,48.844683,2.36917,Plein jour,En agglomération,Intersection en X,Normale,Deux véhicules - arrière,4,1,3,0,1,1,1,0,1,50,,3,1,0,0,2,25.0,63.0,,,1,2,2,1,2
202100004294,2021-12-06 12:15:00,2021,12,6,12,15,75,75112,RUE DE CHARENTON,48.832765,2.396225,Plein jour,En agglomération,Hors intersection,Normale,Deux véhicules - côté,4,2,2,0,1,1,2,0,1,30,,2,1,0,0,1,41.0,55.0,,,1,2,1,1,3
202100004295,2021-12-06 06:00:00,2021,12,6,6,0,75,75112,SOUTERRAIN QUAI DE LA RAPEE,48.84371,2.370041,Nuit avec éclairage allumé,En agglomération,Hors intersection,Pluie légère,Deux véhicules - côté,4,1,3,0,2,1,2,0,1,50,,2,1,0,0,1,58.0,60.0,,,5,2,1,2,3
202100004296,2021-12-07 18:35:00,2021,12,7,18,35,75,75110,RUE DE DUNKERQUE,48.8804959756,2.3523160815,Nuit avec éclairage allumé,En agglomération,Place,Pluie légère,Deux véhicules - côté,4,1,1,0,1,1,2,0,1,30,,2,1,0,0,1,40.0,31.0,,,5,2,7,2,3
202100004297,2021-12-06 14:16:00,2021,12,6,14,16,75,75108,PLACE DE LA MADELEINE,48.869982,2.32525,Plein jour,En agglomération,Place,Normale,Deux véhicules - frontale,4,1,3,0,1,2,1,0,1,30,,2,0,0,0,2,34.0,47.0,,,1,2,7,1,1
202100004298,2021-12-07 18:50:00,2021,12,7,18,50,75,75105,PLACE SAINT MICHEL,48.853724,2.344291,Nuit avec éclairage allumé,En agglomération,Place,Pluie légère,Sans collision,4,1,3,1,1,1,2,0,1,30,,1,0,0,0,1,47.0,,,,5,2,7,2,7
202100004299,2021-12-07 16:24:00,2021,12,7,16,24,75,75107,PLACE DE LA RESISTANCE,48.862261,2.30196,Plein jour,En agglomération,Place,Pluie légère,Deux véhicules - côté,4,1,2,0,1,1,2,0,1,30,,3,2,0,0,1,60.0,34.0,,,1,2,7,2,3
202100004300,2021-12-07 03:15:00,2021,12,7,3,15,94,94041,STALINGRAD (BD DE),48.8044091421,2.3772311209,Nuit avec éclairage allumé,En agglomération,Hors intersection,Temps couvert,Autre collision,3,2,8,1,1,1,2,9,6,50,,3,0,0,2,1,34.0,,,,5,2,1,8,6
202100004301,2021-12-07 17:45:00,2021,12,7,17,45,94,94073,Rue Hélène Muller,48.75822,2.39684,Nuit avec éclairage allumé,En agglomération,Hors intersection,Pluie forte,Autre collision,4,2,-1,0,1,1,2,6,1,50,,2,1,1,0,0,64.0,,,,5,2,1,3,6
202100004302,2021-12-07 07:13:00,2021,12,7,7,13,94,94033,Avenue de Lattre de Tassigny,48.85746,2.49154,Nuit avec éclairage allumé,En agglomération,Hors intersection,Pluie légère,Sans collision,3,3,4,0,1,1,2,9,4,1,,1,0,0,0,1,40.0,,,,5,2,1,2,7
202100004303,2021-12-07 12:30:00,2021,12,7,12,30,94,94069,MARECHAL DE LATTRE DE TASSIGNY (AV),48.81942,2.41977,Plein jour,En agglomération,Hors intersection,Normale,Deux véhicules - côté,3,1,2,1,2,1,1,0,1,30,,2,1,0,0,1,52.0,30.0,,,1,2,1,1,3
202100004304,2021-12-07 19:20:00,2021,12,7,19,20,94,94017,STALINGRAD - PONT DE NOGENT (BD DE),48.825625,2.495338,Nuit avec éclairage allumé,En agglomération,Intersection en T,Pluie légère,Deux véhicules - côté,3,3,2,0,1,1,2,5,1,50,,2,1,0,1,0,26.0,23.0,,,5,2,3,2,3
202100004305,2021-12-07 19:20:00,2021,12,7,19,20,93,93073,PASTEUR (AVENUE),48.94,2.57,Nuit avec éclairage allumé,En agglomération,Hors intersection,Pluie légère,Deux véhicules - arrière,4,1,1,0,1,1,2,0,1,50,,2,1,0,0,1,38.0,48.0,,,5,2,1,2,2
202100004306,2021-12-07 11:45:00,2021,12,7,11,45,93,93073,CHAPIT RE ( RUE DU),48.98697,2.54073,Plein jour,En agglomération,Hors intersection,Pluie légère,Deux véhicules - frontale,4,2,2,0,1,3,2,0,1,30,,2,1,0,0,1,18.0,47.0,,,1,2,1,2,1
202100004307,2021-12-07 19:40:00,2021,12,7,19,40,93,93077,MARNAUDES (PETIT CHEMIN DES),48.88482,2.49501,Nuit avec éclairage allumé,En agglomération,Hors intersection,Pluie légère,Autre collision,3,1,2,0,1,1,2,0,1,30,,2,1,0,1,0,31.0,,,,5,2,1,2,6
202100004308,2021-12-07 13:25:00,2021,12,7,13,25,93,93051,RU DE NESLE (BOULEVARD),48.8424779582,2.5803874707,Plein jour,En agglomération,Intersection en T,Temps couvert,Deux véhicules - côté,3,2,4,0,1,1,1,0,1,50,,4,2,0,0,2,42.0,31.0,,,1,2,3,8,3
202100004309,2021-12-07 17:45:00,2021,12,7,17,45,93,93048,ARISTIDE BRIAND (BOULEVARD),48.8735006452,2.4539501528,Nuit avec éclairage allumé,En agglomération,Hors intersection,Pluie légère,Autre collision,3,2,1,1,1,1,2,0,1,30,,2,1,0,0,1,53.0,,,,5,2,1,2,6
202100004310,2021-12-06 17:50:00,2021,12,6,17,50,93,93074,MEAUX RUE DE,48.93791,2.59615,Nuit avec éclairage allumé,En agglomération,Intersection en Y,Pluie légère,Trois véhicules et plus - collisions multiples,3,2,2,0,1,1,2,0,1,50,,3,2,0,0,1,66.0,28.0,,,5,2,4,2,5
202100004311,2021-12-07 19:15:00,2021,12,7,19,15,93,93008,SEMARD (AVENUE PIERRE),48.909448897,2.4459885388,Nuit avec éclairage allumé,En agglomération,Giratoire,Pluie légère,Deux véhicules - frontale,4,1,2,0,1,2,2,0,1,50,,2,1,0,0,1,34.0,47.0,,,5,2,6,2,1
202100004312,2021-12-07 13:20:00,2021,12,7,13,20,92,92062,DEMI-LUNE (ROUTE DE LA),48.89354,2.23541,Plein jour,En agglomération,Hors intersection,Pluie légère,Autre collision,4,1,0,0,1,1,2,0,1,50,,1,0,0,0,1,48.0,,,,1,2,1,2,6
202100004313,2021-12-07 21:15:00,2021,12,7,21,15,92,92026,Boulevard de Verdun,48.8999574465,2.2612014413,Nuit avec éclairage allumé,En agglomération,Hors intersection,Normale,Autre collision,3,3,4,0,1,1,2,0,1,50,,1,0,0,0,1,52.0,,,,5,2,1,1,6
202100004314,2021-12-07 18:45:00,2021,12,7,18,45,92,92002,DIVISION LECLERC (53 A 217 - 58 A 186),48.7428552708,2.302877605,Nuit avec éclairage allumé,En agglomération,Hors intersection,Pluie légère,Autre collision,3,1,4,1,2,1,2,0,1,50,,1,0,0,0,1,21.0,,,,5,2,1,2,6
202100004315,2021-12-07 18:10:00,2021,12,7,18,10,49,49244,Les Gats (st Florent-le-Vieil),47.353053,-1.016257,Nuit sans éclairage public,Hors agglomération,Intersection en X,Pluie forte,Deux véhicules - côté,3,2,2,0,1,1,2,0,1,80,,2,0,0,1,1,36.0,16.0,,,3,1,2,3,3
202100004316,2021-12-05 10:11:00,2021,12,5,10,11,68,68058,Rue Neubruck,47.923446,7.197885,Plein jour,En agglomération,Hors intersection,Pluie légère,Sans collision,3,2,2,0,1,1,2,0,1,50,,1,0,0,1,0,53.0,,,,1,2,1,2,7
202100004317,2021-12-07 22:30:00,2021,12,7,22,30,974,97422,189 Rue du Paille En Queue,-21.308312,55.538191,Nuit sans éclairage public,En agglomération,Hors intersection,Normale,Sans collision,3,2,1,0,1,1,1,0,1,50,,1,0,0,1,0,26.0,,,,3,2,1,1,7
202100004318,2021-12-07 07:20:00,2021,12,7,7,20,972,97214,Rue Victor Schoelcher,14.832534,-61.054949,Plein jour,En agglomération,Autre intersection,Normale,Deux véhicules - frontale,4,2,2,0,1,1,1,0,1,50,,3,2,0,1,0,56.0,23.0,,,1,2,9,1,1
202100004319,2021-12-08 16:20:00,2021,12,8,16,20,83,83148,Avenue Charles Pellegrin,43.42501,6.431025,Plein jour,En agglomération,Hors intersection,Temps couvert,Autre collision,3,2,2,0,1,1,2,0,1,50,,1,0,0,0,1,70.0,,,,1,2,1,8,6
202100004320,2021-12-06 17:15:00,2021,12,6,17,15,60,60552,D136,49.218967,2.872659,Nuit sans éclairage public,Hors agglomération,Hors intersection,Pluie légère,Deux véhicules - frontale,3,2,2,0,1,1,2,0,1,80,,3,2,0,1,0,57.0,58.0,,,3,1,1,2,1
202100004321,2021-12-07 10:00:00,2021,12,7,10,0,19,19252,Les Aubazines,45.414076,2.475556,Plein jour,Hors agglomération,Intersection en T,Normale,Deux véhicules - côté,3,2,2,0,1,2,1,0,1,90,,2,1,0,1,0,72.0,20.0,,,1,1,3,1,3
202100004322,2021-12-06 11:20:00,2021,12,6,11,20,65,65473,Rd 913,42.953054,-0.065709,Plein jour,Hors agglomération,Hors intersection,Normale,Deux véhicules - côté,3,2,2,0,1,1,2,0,1,70,,2,0,0,0,2,42.0,35.0,,,1,1,1,1,3
202100004323,2021-12-08 18:45:00,2021,12,8,18,45,81,81249,Le Cayla,44.08216,2.192888,Nuit sans éclairage public,Hors agglomération,Hors intersection,Pluie légère,Autre collision,3,2,2,0,4,2,2,0,3,80,,2,1,1,0,0,75.0,,,,3,1,1,2,6
202100004324,2021-12-07 07:23:00,2021,12,7,7,23,49,49261,RD214,47.322389,-0.145783,Nuit sans éclairage public,Hors agglomération,Hors intersection,Normale,Autre collision,3,2,2,0,1,2,2,0,1,80,,2,1,0,1,0,24.0,,,,3,1,1,1,6
202100004325,2021-12-04 16:20:00,2021,12,4,16,20,86,86139,D611,46.426918,0.122614,Plein jour,Hors agglomération,Autre intersection,Pluie légère,Deux véhicules - côté,3,2,2,0,1,1,2,0,1,70,,3,2,0,1,0,86.0,53.0,,,1,1,9,2,3
202100004326,2021-12-08 08:00:00,2021,12,8,8,0,22,22207,D11,48.631483,-3.463397,Nuit sans éclairage public,Hors agglomération,Hors intersection,Neige / grêle,Deux véhicules - arrière,3,2,2,0,1,1,2,0,1,80,,2,1,0,0,1,39.0,48.0,,,3,1,1,4,2
202100004327,2021-12-04 08:45:00,2021,12,4,8,45,66,66003,Avenue du Vieux Pont,42.477889,2.672639,Plein jour,En agglomération,Hors intersection,Normale,Autre collision,4,2,2,0,1,1,1,0,8,50,,1,0,0,1,0,20.0,,,,1,2,1,1,6
202100004328,2021-12-08 09:30:00,2021,12,8,9,30,72,72137,Rue des Courtilloles,48.38644,0.164055,Plein jour,En agglomération,Hors intersection,Normale,Autre collision,3,2,2,0,1,3,7,0,3,-1,,2,0,0,1,1,62.0,,,,1,2,1,1,6
202100004329,2021-12-07 08:00:00,2021,12,7,8,0,72,72096,D357,48.017778,0.004796,Crépuscule ou aube,Hors agglomération,Intersection en T,Normale,Trois véhicules et plus - collisions multiples,3,2,2,0,2,4,2,0,1,90,,4,2,0,0,2,40.0,32.0,,,2,1,3,1,5
202100004330,2021-11-29 07:30:00,2021,11,29,7,30,06,06032,Route Moyenne Corniche,43.726576,7.40721,Plein jour,En agglomération,Hors intersection,Normale,Deux véhicules - arrière,7,2,3,0,2,1,1,0,1,50,,2,1,0,0,1,58.0,,,,1,2,1,1,2
202100004331,2021-12-08 10:05:00,2021,12,8,10,5,05,05072,N85,44.651047,6.086415,Plein jour,Hors agglomération,Hors intersection,Neige / grêle,Deux véhicules - frontale,2,2,2,0,2,4,5,0,1,80,,2,1,0,0,1,28.0,31.0,,,1,1,1,4,1
202100004332,2021-12-07 07:00:00,2021,12,7,7,0,60,60319,Route départementale 981,49.360115,1.962401,Nuit sans éclairage public,Hors agglomération,Hors intersection,Autre,Deux véhicules - arrière,3,2,2,0,1,2,7,0,1,80,,2,1,0,1,0,19.0,27.0,,,3,1,1,9,2
202100004333,2021-12-07 17:00:00,2021,12,7,17,0,18,18197,Avenue de la République,46.727297,2.507967,Crépuscule ou aube,En agglomération,Intersection en X,Pluie forte,Deux véhicules - côté,3,2,2,0,1,1,2,0,1,50,,2,1,0,1,0,73.0,52.0,,,2,2,2,3,3