accident_id,datetime,annee,mois,jour,heure,minute,departement,commune_insee,adresse,latitude,longitude,luminosite,agglomeration,intersection,meteo,collision,catr,circ,nbv,vosp,prof,plan,surf,infra,situ,vma,nb_vehicules,nb_usagers,nb_indemnes,nb_tues,nb_blesses_hosp,nb_blesses_legers,age_cond_1,age_cond_2,veh_type_cond_1,veh_type_cond_2,lum_code,agg_code,int_code,atm_code,col_code
202100004334,2021-12-06 13:30:00,2021,12,6,13,30,36,36226,chassin,46.623137,1.858771,Plein jour,Hors agglomération,Hors intersection,Normale,Sans collision,3,2,2,0,1,1,2,0,1,80,,1,0,0,1,0,76.0,,,,1,1,1,1,7
202100004335,2021-12-07 08:10:00,2021,12,7,8,10,16,16003,POnt d' Agris,45.776046,0.336421,Plein jour,En agglomération,Hors intersection,Normale,Autre collision,6,-1,-1,0,1,1,1,0,3,50,,1,0,0,1,0,52.0,,,,1,2,1,1,6
202100004336,2021-12-04 19:45:00,2021,12,4,19,45,21,21584,rue Danton,47.277715,4.231284,Nuit avec éclairage allumé,En agglomération,Hors intersection,Temps couvert,Autre collision,4,2,2,0,1,1,2,0,1,50,,2,1,0,0,1,58.0,,,,5,2,1,8,6
202100004337,2021-12-07 11:45:00,2021,12,7,11,45,85,85278,Avenue des Chevaliers,46.416319,-1.538542,Plein jour,Hors agglomération,Intersection en X,Pluie forte,Deux véhicules - côté,3,2,2,0,1,1,2,0,1,80,,2,1,0,1,0,62.0,19.0,,,1,1,2,3,3
202100004338,2021-12-07 10:05:00,2021,12,7,10,5,27,27493,Rue de la Libération,49.331034,1.246659,Plein jour,En agglomération,Intersection en T,Temps couvert,Deux véhicules - côté,3,2,2,0,1,1,1,0,1,50,,3,1,0,0,2,33.0,50.0,,,1,2,3,8,3
202100004339,2021-12-06 17:05:00,2021,12,6,17,5,37,37273,3 rue hélène boucher,47.395650272,0.7693655044,Crépuscule ou aube,En agglomération,Hors intersection,Pluie forte,Autre collision,4,1,1,0,1,2,2,0,1,50,,2,1,0,0,1,74.0,,,,2,2,1,3,6
202100004340,2021-12-08 05:24:00,2021,12,8,5,24,53,53062,"RD 28, PR 02.510",47.837012,-0.670209,Nuit sans éclairage public,Hors agglomération,Hors intersection,Autre,Deux véhicules - frontale,3,2,2,0,1,1,2,0,1,90,,2,0,2,0,0,26.0,31.0,,,3,1,1,9,1
202100004341,2021-12-03 18:50:00,2021,12,3,18,50,31,31395,A64,43.438586,1.309133,Nuit sans éclairage public,Hors agglomération,Hors intersection,Pluie légère,Trois véhicules et plus - en chaîne,1,3,2,0,2,1,2,0,1,130,,9,6,0,1,2,32.0,82.0,,,3,1,1,2,4
202100004342,2021-12-02 19:15:00,2021,12,2,19,15,01,01087,A40,46.165328,5.671434,Nuit sans éclairage public,Hors agglomération,Hors intersection,Temps couvert,Deux véhicules - arrière,1,1,2,0,1,1,7,2,1,110,,2,1,0,0,1,24.0,24.0,,,3,1,1,8,2
202100004343,2021-12-07 15:30:00,2021,12,7,15,30,06,06161,A8,43.636283,7.127462,Plein jour,Hors agglomération,Hors intersection,Normale,Deux véhicules - arrière,1,1,4,0,1,1,1,0,2,110,,2,1,0,0,1,41.0,36.0,,,1,1,1,1,2
202100004344,2021-10-02 20:05:00,2021,10,2,20,5,68,68084,Rue de Mulhouse,47.716154,7.397232,Nuit sans éclairage public,En agglomération,Intersection en T,Normale,Autre collision,3,2,2,0,1,2,1,0,1,50,,1,0,0,1,0,60.0,,,,3,2,3,1,6
202100004345,2021-11-29 15:00:00,2021,11,29,15,0,988,98821,RT1,-22.05888,166.25113,Plein jour,Hors agglomération,Hors intersection,Normale,Deux véhicules - frontale,2,2,2,0,1,1,1,0,1,90,,2,0,1,1,0,42.0,48.0,,,1,1,1,1,1
202100004346,2021-12-08 08:35:00,2021,12,8,8,35,13,13040,Fuveau,43.478639,5.563819,Plein jour,Hors agglomération,Hors intersection,Pluie légère,Deux véhicules - frontale,7,2,2,0,3,1,2,2,1,70,,2,1,0,1,0,23.0,43.0,,,1,1,1,2,1
202100004347,2021-11-18 21:05:00,2021,11,18,21,5,77,77318,D216,48.789955,2.918345,Nuit avec éclairage non allumé,En agglomération,Hors intersection,Brouillard / fumée,Autre collision,3,2,2,0,1,1,2,0,1,50,,1,0,0,1,0,64.0,,,,4,2,1,5,6
202100004348,2021-12-07 18:05:00,2021,12,7,18,5,95,95351,Avenue de Normandie,49.048806019,2.5021255016,Nuit avec éclairage allumé,En agglomération,Hors intersection,Pluie légère,Autre collision,4,2,2,0,1,1,2,5,1,50,,1,0,0,1,0,66.0,,,,5,2,1,2,6
202100004349,2021-12-08 15:20:00,2021,12,8,15,20,2A,2A114,RT40,41.478699,9.086069,Plein jour,Hors agglomération,Hors intersection,Pluie légère,Deux véhicules - frontale,2,2,2,0,2,1,2,0,1,80,,2,0,1,1,0,50.0,22.0,,,1,1,1,2,1
202100004350,2021-12-06 17:35:00,2021,12,6,17,35,89,89257,Rue Jules Rimet,47.957579,3.514988,Nuit avec éclairage allumé,En agglomération,Hors intersection,Normale,Deux véhicules - arrière,3,2,2,0,1,1,2,0,1,50,,2,1,0,0,1,73.0,63.0,,,5,2,1,1,2
202100004351,2021-12-02 17:50:00,2021,12,2,17,50,71,71176,Quai de l Industrie,46.485828,3.998755,Nuit sans éclairage public,En agglomération,Intersection en T,Pluie légère,Sans collision,9,-1,2,0,1,1,2,0,5,50,,2,1,0,0,1,56.0,87.0,,,3,2,3,2,7
202100004352,2021-12-06 09:18:00,2021,12,6,9,18,68,68338,Route des Trois Epis,48.085815,7.270385,Plein jour,En agglomération,Intersection en T,Normale,Autre collision,3,2,2,0,1,1,1,0,1,50,,2,1,0,1,0,73.0,,,,1,2,3,1,6
202100004353,2021-12-07 17:30:00,2021,12,7,17,30,67,67473,D118,48.580706,7.479249,Nuit sans éclairage public,Hors agglomération,Hors intersection,Normale,Trois véhicules et plus - en chaîne,3,2,2,0,1,3,2,0,1,80,,4,0,0,0,4,68.0,58.0,,,3,1,1,1,4
202100004354,2021-12-08 02:30:00,2021,12,8,2,30,55,55454,rn4,48.703877,5.436172,Nuit sans éclairage public,Hors agglomération,Hors intersection,Pluie légère,Autre collision,2,3,2,3,2,3,2,0,3,110,,1,0,1,0,0,69.0,,,,3,1,1,2,6
202100004355,2021-12-07 18:15:00,2021,12,7,18,15,54,54186,D83,48.73858,6.22382,Nuit sans éclairage public,Hors agglomération,Hors intersection,Pluie légère,Trois véhicules et plus - collisions multiples,3,2,2,0,2,1,2,0,1,80,,3,1,0,1,1,22.0,30.0,,,3,1,1,2,5
202100004356,2021-12-08 07:35:00,2021,12,8,7,35,42,42147,Boulevard Chavassieu,45.606532,4.062833,Crépuscule ou aube,En agglomération,Intersection en Y,Normale,Autre collision,3,1,1,0,1,2,2,0,1,50,,2,1,0,0,1,70.0,,,,2,2,4,1,6
202100004357,2021-12-08 12:30:00,2021,12,8,12,30,01,01043,1103 Route de Genève,45.8354810622,5.0006327033,Plein jour,En agglomération,Hors intersection,Pluie légère,Deux véhicules - côté,3,2,2,0,1,1,2,0,1,50,,2,1,0,0,1,51.0,22.0,,,1,2,1,2,3
202100004358,2021-11-17 07:50:00,2021,11,17,7,50,47,47157,Avenue du Maréchal Joffre,44.496887,0.172603,Crépuscule ou aube,En agglomération,Intersection en T,Normale,Autre collision,3,2,2,0,1,1,1,6,1,50,,2,1,0,1,0,29.0,,,,2,2,3,1,6
202100004359,2021-12-05 18:35:00,2021,12,5,18,35,40,40123,RD 401,43.795288,-1.12457,Nuit sans éclairage public,Hors agglomération,Hors intersection,Pluie légère,Sans collision,3,-1,2,0,1,1,2,0,8,80,,1,0,0,1,0,59.0,,,,3,1,1,2,7
202100004360,2021-11-29 06:45:00,2021,11,29,6,45,44,44122,Route de nort sur erdre,47.40055,-1.455613,Nuit avec éclairage allumé,En agglomération,Hors intersection,Normale,Autre collision,3,3,1,3,1,1,2,0,1,50,,2,1,0,1,0,43.0,,,,5,2,1,1,6
202100004361,2021-12-08 17:15:00,2021,12,8,17,15,60,60103,Rue de la Mare du Four,49.409301,2.251698,Nuit avec éclairage allumé,En agglomération,Place,Normale,Autre collision,4,2,2,0,1,3,1,0,8,50,,2,1,0,0,1,,,,,5,2,7,1,6
202100004362,2021-10-17 21:00:00,2021,10,17,21,0,59,59269,D917,50.0471544934,3.0947327614,Nuit sans éclairage public,Hors agglomération,Hors intersection,Normale,Deux véhicules - arrière,3,2,2,0,1,1,1,0,1,80,,2,1,0,0,1,57.0,50.0,,,3,1,1,1,2
202100004363,2021-12-07 19:42:00,2021,12,7,19,42,13,13019,A51-Sens Aix en Provence vers Marseille,43.418047,5.365838,Nuit avec éclairage allumé,Hors agglomération,Hors intersection,Normale,Trois véhicules et plus - collisions multiples,1,1,4,0,1,1,1,0,1,90,,4,3,0,0,1,34.0,64.0,,,5,1,1,1,5
202100004364,2021-12-07 18:00:00,2021,12,7,18,0,13,13055,A507 sens Aubagne- Marseille,43.329902,5.4054,Plein jour,Hors agglomération,Hors intersection,Normale,Deux véhicules - côté,1,1,3,0,1,1,1,0,1,70,,2,1,0,0,1,28.0,46.0,,,1,1,1,1,3
202100004365,2021-12-07 14:40:00,2021,12,7,14,40,13,13070,A50-Sens Marseille vers Aubagne,43.285674,5.513985,Plein jour,Hors agglomération,Hors intersection,Normale,Deux véhicules - arrière,1,1,3,0,1,1,1,0,3,90,,2,1,0,0,1,45.0,21.0,,,1,1,1,1,2
202100004366,2021-11-30 21:55:00,2021,11,30,21,55,57,57356,Autoroute A31,49.44307,6.10539,Nuit sans éclairage public,Hors agglomération,Hors intersection,Temps couvert,Autre collision,1,3,4,0,1,1,2,0,1,110,,1,0,0,0,1,45.0,,,,3,1,1,8,6
202100004367,2021-12-01 18:45:00,2021,12,1,18,45,54,54115,Autoroute A 31,48.69446,6.103712,Nuit sans éclairage public,Hors agglomération,Hors intersection,Pluie forte,Autre collision,1,3,4,0,1,1,2,3,1,90,,2,1,0,0,1,22.0,,,,3,1,1,3,6
202100004368,2021-12-07 02:30:00,2021,12,7,2,30,33,33063,ROCADE A 630,44.884101,-0.558683,Nuit avec éclairage allumé,Hors agglomération,Hors intersection,Pluie légère,Autre collision,1,3,8,0,1,1,2,3,1,70,,2,0,0,0,2,20.0,,,,5,1,1,2,6
202100004369,2021-12-04 14:40:00,2021,12,4,14,40,59,59507,AUTOROUTE A25,50.6139956547,3.0862998962,Plein jour,Hors agglomération,Hors intersection,Normale,Autre collision,1,-1,4,0,1,3,2,0,1,70,,2,1,0,0,1,30.0,,,,1,1,1,1,6
202100004370,2021-12-06 23:00:00,2021,12,6,23,0,94,94038,A6B,48.7883230186,2.3443605249,Nuit avec éclairage allumé,Hors agglomération,Autre intersection,Normale,Deux véhicules - arrière,1,1,3,0,1,1,1,0,1,90,,2,1,0,0,1,29.0,60.0,,,5,1,9,1,2
202100004371,2021-12-06 22:00:00,2021,12,6,22,0,94,94034,AUTOROUTE A86,48.7605951369,2.3194241524,Nuit sans éclairage public,Hors agglomération,Hors intersection,Temps couvert,Deux véhicules - frontale,1,1,2,0,1,2,2,0,1,70,,1,0,0,0,1,40.0,,,,3,1,1,8,1
202100004372,2021-12-06 19:48:00,2021,12,6,19,48,92,92002,AUTOROUTE A86,48.7633140633,2.3055731519,Nuit avec éclairage allumé,Hors agglomération,Hors intersection,Pluie légère,Sans collision,1,3,4,0,1,1,2,1,1,70,,2,1,0,0,1,18.0,61.0,,,5,1,1,2,7
202100004373,2021-12-07 09:50:00,2021,12,7,9,50,92,92048,N118,48.7925437743,2.2193625701,Plein jour,Hors agglomération,Hors intersection,Normale,Deux véhicules - côté,2,1,2,0,1,1,1,0,1,90,,2,1,0,0,1,54.0,24.0,,,1,1,1,1,3
202100004374,2021-12-07 09:15:00,2021,12,7,9,15,78,78524,A13,48.84031,2.11363,Plein jour,Hors agglomération,Hors intersection,Temps couvert,Deux véhicules - arrière,1,3,4,0,1,1,2,0,1,110,,2,1,0,0,1,41.0,28.0,,,1,1,1,8,2
202100004375,2021-12-07 08:20:00,2021,12,7,8,20,92,92050,A86,48.9015725293,2.2023457289,Plein jour,Hors agglomération,Hors intersection,Normale,Deux véhicules - côté,1,3,4,0,1,1,1,1,1,70,,2,1,0,0,1,39.0,52.0,,,1,1,1,1,3
202100004376,2021-12-07 14:20:00,2021,12,7,14,20,93,93005,AUTOROUTE A3,48.96795092,2.479499269,Plein jour,Hors agglomération,Hors intersection,Temps couvert,Trois véhicules et plus - en chaîne,1,3,4,0,1,1,1,0,1,90,,5,3,0,0,2,38.0,40.0,,,1,1,1,8,4
202100004377,2021-12-07 09:55:00,2021,12,7,9,55,95,95582, A15,48.9749472839,2.2429919243,Plein jour,Hors agglomération,Hors intersection,Normale,Autre collision,1,3,6,0,1,3,1,0,1,110,,1,0,0,0,1,31.0,,,,1,1,1,1,6
202100004378,2021-12-07 09:00:00,2021,12,7,9,0,93,93005,AUTOROUTE A3,48.95722,2.47312,Crépuscule ou aube,Hors agglomération,Hors intersection,Normale,Deux véhicules - côté,1,3,8,0,1,1,1,0,1,90,,1,0,0,0,1,53.0,,,,2,1,1,1,3
202100004379,2021-12-07 04:04:00,2021,12,7,4,4,93,93078,AUTOROUTE A104,48.9654,2.556,Nuit sans éclairage public,Hors agglomération,Hors intersection,Normale,Autre collision,1,1,4,0,1,1,2,0,1,90,,2,1,1,0,0,23.0,,,,3,1,1,1,6
202100004380,2021-12-06 19:05:00,2021,12,6,19,5,93,93048,AUTOROUTE A3,48.8708612993,2.4314562625,Nuit avec éclairage allumé,Hors agglomération,Hors intersection,Pluie légère,Deux véhicules - côté,1,3,8,0,1,1,2,0,1,90,,2,1,0,0,1,36.0,29.0,,,5,1,1,2,3
202100004381,2021-12-06 14:45:00,2021,12,6,14,45,95,95277,RD 170 ,48.97711,2.47627,Plein jour,Hors agglomération,Hors intersection,Normale,Deux véhicules - côté,3,3,4,0,1,1,1,0,1,90,,2,1,0,0,1,47.0,53.0,,,1,1,1,1,3
202100004382,2021-12-07 20:30:00,2021,12,7,20,30,94,94033,A86.INT,48.8521422803,2.4902740888,Nuit avec éclairage allumé,Hors agglomération,Hors intersection,Pluie légère,Trois véhicules et plus - en chaîne,1,1,3,0,1,1,2,1,1,90,,3,2,0,0,1,40.0,39.0,,,5,1,1,2,4
202100004383,2021-12-07 19:05:00,2021,12,7,19,5,94,94073,A86 EXT,48.7711250173,2.391242981,Nuit avec éclairage allumé,Hors agglomération,Hors intersection,Pluie légère,Deux véhicules - arrière,1,1,3,0,1,1,3,0,1,90,,2,1,0,0,1,58.0,41.0,,,5,1,1,2,2
202100004384,2021-12-07 19:00:00,2021,12,7,19,0,94,94046,A86 EXT,48.8095837989,2.449221611,Nuit sans éclairage public,Hors agglomération,Hors intersection,Pluie légère,Trois véhicules et plus - en chaîne,1,-1,4,0,1,1,2,0,1,90,,3,2,0,1,0,45.0,78.0,,,3,1,1,2,4
202100004385,2021-12-07 17:30:00,2021,12,7,17,30,77,77517,RN104,48.906762694,2.6400744568,Crépuscule ou aube,Hors agglomération,Hors intersection,Pluie légère,Deux véhicules - arrière,1,1,3,0,1,1,2,0,1,90,,2,1,0,0,1,42.0,32.0,,,2,1,1,2,2
202100004386,2021-12-07 09:00:00,2021,12,7,9,0,77,77363,A104,48.9166321972,2.6332584591,Plein jour,Hors agglomération,Hors intersection,Normale,Deux véhicules - arrière,1,3,2,0,1,1,1,0,1,90,,2,1,0,0,1,34.0,24.0,,,1,1,1,1,2
202100004387,2021-12-07 07:25:00,2021,12,7,7,25,94,94033,A86.EXT,48.85,2.49,Nuit sans éclairage public,Hors agglomération,Hors intersection,Normale,Deux véhicules - côté,1,3,3,0,1,1,1,0,1,90,,2,1,0,0,1,21.0,27.0,,,3,1,1,1,3
202100004388,2021-12-06 13:20:00,2021,12,6,13,20,94,94044,RN406.Y,48.7574171169,2.4764406681,Plein jour,Hors agglomération,Hors intersection,Normale,Deux véhicules - côté,2,3,2,0,1,1,1,0,1,70,,3,0,0,0,3,46.0,30.0,,,1,1,1,1,3
202100004389,2021-12-06 10:10:00,2021,12,6,10,10,94,94044,RN406.Y,48.7580324619,2.470953226,Plein jour,Hors agglomération,Hors intersection,Temps éblouissant,Deux véhicules - arrière,2,1,2,0,1,4,2,0,1,70,,2,1,0,0,1,34.0,49.0,,,1,1,1,7,2
202100004390,2021-12-06 10:00:00,2021,12,6,10,0,94,94079,A4,48.8354458972,2.5387118132,Plein jour,Hors agglomération,Hors intersection,Pluie légère,Trois véhicules et plus - en chaîne,1,3,8,0,1,1,2,0,1,110,,4,1,0,0,3,22.0,35.0,,,1,1,1,2,4
202100004391,2021-12-05 23:40:00,2021,12,5,23,40,94,94022,A86 INT,48.77568,2.41301,Nuit sans éclairage public,Hors agglomération,Hors intersection,Pluie légère,Sans collision,1,1,3,0,1,2,2,0,1,90,,1,0,0,0,1,20.0,,,,3,1,1,2,7
202100004392,2021-08-12 18:00:00,2021,8,12,18,0,14,14191,D514,49.33472561,-0.463396,Plein jour,En agglomération,Hors intersection,Normale,Sans collision,3,2,2,0,1,1,1,0,1,50,,1,0,0,0,1,56.0,,,,1,2,1,1,7
202100004393,2021-12-06 13:40:00,2021,12,6,13,40,94,94081,PRESIDENT SALVADOR ALLENDE (AV DU),48.79624,2.41587,Plein jour,En agglomération,Autre intersection,Temps couvert,Deux véhicules - côté,4,1,0,0,1,1,1,9,1,50,,2,1,0,0,1,28.0,43.0,,,1,2,9,8,3
202100004394,2021-12-06 08:20:00,2021,12,6,8,20,75,75120,PORTE DE BAGNOLET,48.864537,2.413376,Plein jour,En agglomération,Hors intersection,Temps couvert,Sans collision,4,1,2,0,2,2,2,0,1,50,,1,0,0,0,1,23.0,,,,1,2,1,8,7
202100004395,2021-12-06 03:30:00,2021,12,6,3,30,75,75119,BOULEVARD PERIPHERIQUE,48.88566,2.397454,Nuit avec éclairage allumé,En agglomération,Hors intersection,Normale,Deux véhicules - arrière,4,1,4,0,1,2,2,0,1,70,,2,1,0,0,1,43.0,,,,5,2,1,1,2
202100004396,2021-12-06 17:40:00,2021,12,6,17,40,75,75119,BOULEVARD SERURIER,48.888202,2.395797,Nuit avec éclairage allumé,En agglomération,Intersection en Y,Normale,Autre collision,4,3,2,0,1,1,2,0,1,30,,2,1,0,0,1,66.0,,,,5,2,4,1,6
202100004397,2021-12-06 08:40:00,2021,12,6,8,40,75,75116,VOIE GEORGES POMPIDOU,48.856771,2.2871,Plein jour,En agglomération,Hors intersection,Normale,Deux véhicules - côté,4,2,3,1,1,1,3,-1,5,30,,2,1,0,0,1,57.0,37.0,,,1,2,1,1,3
202100004398,2021-12-06 19:00:00,2021,12,6,19,0,75,75115,RUE CAUCHY,48.842489,2.277595,Nuit avec éclairage allumé,En agglomération,Intersection en X,Normale,Autre collision,4,1,2,0,1,1,1,0,1,30,,2,1,0,1,0,50.0,,,,5,2,2,1,6
202100004399,2021-12-06 18:40:00,2021,12,6,18,40,75,75115,RUE DE LA CONVENTION,48.844519,2.280438,Nuit avec éclairage allumé,En agglomération,Hors intersection,Pluie légère,Autre collision,4,2,3,0,1,1,2,8,1,50,,2,1,0,0,1,38.0,,,,5,2,1,2,6
202100004400,2021-12-06 06:27:00,2021,12,6,6,27,75,75115,AVENUE DE LA PORTE BRANCION,48.827563,2.301056,Nuit avec éclairage non allumé,En agglomération,Intersection en T,Normale,Autre collision,4,2,4,0,1,1,1,0,1,30,,2,1,0,0,1,,,,,4,2,3,1,6
202100004401,2021-12-06 09:20:00,2021,12,6,9,20,75,75114,RUE DE GERGOVIE,48.832488,2.316871,Plein jour,En agglomération,Hors intersection,Normale,Deux véhicules - arrière,4,2,2,0,1,1,1,0,1,30,,2,1,0,0,1,25.0,57.0,,,1,2,1,1,2
202100004402,2021-12-06 07:56:00,2021,12,6,7,56,75,75114,AVENUE DU GENERAL LECLERC,48.827839,2.32699,Crépuscule ou aube,En agglomération,Place,Normale,Autre collision,4,2,4,0,1,1,2,0,1,30,,2,0,0,0,2,20.0,,,,2,2,7,1,6
202100004403,2021-12-06 17:15:00,2021,12,6,17,15,75,75113,RUE DE LA GLACIERE,48.829126,2.343278,Nuit avec éclairage allumé,En agglomération,Hors intersection,Pluie légère,Autre collision,4,2,1,0,1,1,2,0,1,30,,2,1,0,0,1,51.0,,,,5,2,1,2,6
202100004404,2021-12-06 14:45:00,2021,12,6,14,45,75,75112,ROUTE DU PESAGE,48.818937,2.443604,Plein jour,En agglomération,Hors intersection,Normale,Deux véhicules - arrière,4,2,2,0,2,3,1,0,1,50,,4,3,0,0,1,55.0,35.0,,,1,2,1,1,2
202100004405,2021-12-06 11:45:00,2021,12,6,11,45,75,75111,BOULEVARD JULES FERRY,48.868687,2.367075,Plein jour,En agglomération,Intersection en X,Temps couvert,Autre collision,4,3,2,0,1,1,2,0,1,30,,2,1,0,0,1,43.0,,,,1,2,2,8,6
202100004406,2021-12-06 07:30:00,2021,12,6,7,30,75,75110,RUE DU FAUBOURG SAINT MARTIN,48.87927,2.362933,Nuit avec éclairage allumé,En agglomération,Intersection en T,Normale,Deux véhicules - côté,4,2,2,0,1,1,2,0,1,30,,2,1,0,0,1,53.0,56.0,,,5,2,3,1,3
202100004407,2021-12-06 08:00:00,2021,12,6,8,0,75,75110,BOULEVARD DE MAGENTA,48.87285,2.359118,Nuit avec éclairage allumé,En agglomération,Hors intersection,Pluie légère,Trois véhicules et plus - en chaîne,4,2,4,0,1,1,2,0,1,30,,3,2,0,0,1,34.0,24.0,,,5,2,1,2,4
202100004408,2021-12-06 02:05:00,2021,12,6,2,5,75,75110,RUE DU FAUBOURG SAINT MARTIN,48.88387,2.368611,Nuit avec éclairage allumé,En agglomération,Place,Normale,Deux véhicules - côté,4,2,4,0,1,1,2,0,1,30,,3,2,0,0,1,25.0,41.0,,,5,2,7,1,3
202100004409,2021-12-06 19:25:00,2021,12,6,19,25,94,94080,Avenue du Château,48.84816,2.43717,Nuit avec éclairage allumé,En agglomération,Hors intersection,Normale,Autre collision,3,2,2,0,1,1,2,0,1,50,,1,0,0,1,0,14.0,,,,5,2,1,1,6
202100004410,2021-12-06 15:40:00,2021,12,6,15,40,94,94068,CRETEIL (BD DE),48.79799,2.49259,Crépuscule ou aube,En agglomération,Hors intersection,Pluie forte,Deux véhicules - frontale,3,2,2,0,1,1,2,0,1,30,,2,1,0,0,1,81.0,21.0,,,2,2,1,3,1
202100004411,2021-12-06 07:30:00,2021,12,6,7,30,94,94068,EMILE ZOLA (AV),48.80328,2.48467,Plein jour,En agglomération,Intersection en X,Temps couvert,Deux véhicules - frontale,4,1,1,0,1,1,2,0,1,30,,2,1,0,0,1,49.0,,,,1,2,2,8,1
202100004412,2021-12-06 06:45:00,2021,12,6,6,45,94,94058,Avenue Ledru-Rollin,48.83934,2.49608,Nuit avec éclairage allumé,En agglomération,Intersection en T,Pluie légère,Deux véhicules - côté,3,2,2,0,1,1,2,0,1,50,,2,1,0,0,1,,34.0,,,5,2,3,2,3
202100004413,2021-12-06 06:55:00,2021,12,6,6,55,94,94073,Av du Pdt Franklin Roosevelt,48.76525,2.39441,Nuit avec éclairage allumé,En agglomération,Hors intersection,Pluie légère,Autre collision,4,2,2,0,2,1,2,0,1,50,,2,1,0,0,1,63.0,,,,5,2,1,2,6
202100004414,2021-12-05 18:30:00,2021,12,5,18,30,94,94028,Av du Mal de Lattre de Tassigny,48.8003,2.45122,Nuit avec éclairage allumé,En agglomération,Hors intersection,Normale,Deux véhicules - côté,3,1,3,0,1,1,2,0,1,50,,3,2,0,0,1,48.0,43.0,,,5,2,1,1,3
202100004415,2021-12-05 13:15:00,2021,12,5,13,15,94,94028,Route de Choisy,48.79037,2.45332,Plein jour,En agglomération,Hors intersection,Pluie légère,Autre collision,3,1,3,0,1,1,2,0,1,50,,2,1,0,0,1,65.0,,,,1,2,1,2,6
202100004416,2021-12-04 13:15:00,2021,12,4,13,15,94,94002,Quai Blanqui,48.80474,2.41137,Plein jour,En agglomération,Hors intersection,Temps couvert,Autre collision,3,2,2,0,1,2,2,0,1,50,,1,0,0,0,1,53.0,,,,1,2,1,8,6
202100004417,2021-12-06 18:50:00,2021,12,6,18,50,93,93071,BALLANGER ROBERT (AVENUE),48.9363325173,2.531235978,Nuit avec éclairage allumé,En agglomération,Place,Pluie légère,Autre collision,3,1,4,0,1,1,2,2,1,50,,2,1,0,0,1,39.0,,,,5,2,7,2,6
202100004418,2021-12-06 17:41:00,2021,12,6,17,41,93,93070,GABRIEL-PERI (AV),48.906,2.3319,Nuit avec éclairage allumé,En agglomération,Hors intersection,Temps couvert,Deux véhicules - côté,3,2,4,3,1,1,2,0,1,50,,2,1,0,0,1,33.0,19.0,,,5,2,1,8,3
202100004419,2021-12-06 18:30:00,2021,12,6,18,30,93,93049,MEDERIC (RUE),48.86,2.5,Nuit avec éclairage allumé,En agglomération,Intersection en X,Pluie légère,Deux véhicules - côté,4,2,0,0,1,1,2,0,1,50,,2,1,0,0,1,44.0,34.0,,,5,2,2,2,3
202100004420,2021-12-06 11:50:00,2021,12,6,11,50,93,93032,ARISTIDE BRIAND (RUE),48.87864,2.53299,Plein jour,En agglomération,Hors intersection,Temps couvert,Deux véhicules - côté,3,2,2,0,1,1,2,0,1,50,,2,1,0,0,1,31.0,,,,1,2,1,8,3
202100004421,2021-12-06 17:20:00,2021,12,6,17,20,93,93010,VERDUN (AV. DE) 1 A 33,48.9054172695,2.4898070098,Nuit avec éclairage allumé,En agglomération,Autre intersection,Pluie légère,Deux véhicules - côté,4,-1,2,0,1,1,2,9,4,50,,2,1,0,0,1,33.0,13.0,,,5,2,9,2,3
202100004422,2021-12-06 16:45:00,2021,12,6,16,45,93,93007,"""PAUL VAILLANT COUTURIER (AVENUE """"DU 01",48.9245458436,2.463563095,Plein jour,En agglomération,Hors intersection,Pluie légère,Autre collision,3,2,3,0,1,1,2,0,1,50,,2,1,0,0,1,38.0,,,,1,2,1,2,6
202100004423,2021-12-06 08:05:00,2021,12,6,8,5,93,93005,LOUISE MICHEL (RUE),48.9317136868,2.5019585592,Plein jour,En agglomération,Hors intersection,Normale,Deux véhicules - arrière,4,1,2,0,2,1,2,0,1,50,,2,1,0,0,1,32.0,52.0,,,1,2,1,1,2
202100004424,2021-12-06 08:30:00,2021,12,6,8,30,93,93066,WILSON (AVENUE DU PRESIDENT),48.9188164542,2.3577810241,Plein jour,En agglomération,Passage à niveau,Pluie légère,Deux véhicules - frontale,3,1,2,0,1,1,2,0,1,50,,3,2,0,0,1,48.0,39.0,,,1,2,8,2,1
202100004425,2021-12-02 14:20:00,2021,12,2,14,20,92,92063,LECLERC DE HAUTECLOQUE (AVENUE DU MARECH,48.8565151635,2.1966969967,Plein jour,En agglomération,Hors intersection,Normale,Deux véhicules - côté,3,2,2,0,1,3,1,0,1,50,,2,1,0,0,1,41.0,75.0,,,1,2,1,1,3
202100004426,2021-12-06 09:35:00,2021,12,6,9,35,92,92036,PORT CHARBONNIER (ROUTE DU),48.9377283819,2.2768065333,Plein jour,En agglomération,Intersection en T,Normale,Deux véhicules - côté,4,2,2,0,1,1,1,0,1,50,,2,1,0,0,1,43.0,24.0,,,1,2,3,1,3
202100004427,2021-12-03 15:30:00,2021,12,3,15,30,92,92036,SEINE (ROUTE DE LA) (1),48.9405866526,2.2915372252,Plein jour,En agglomération,Intersection en T,Pluie légère,Deux véhicules - côté,4,2,2,0,1,1,2,0,1,50,,2,1,0,0,1,50.0,41.0,,,1,2,3,2,3