accident_id,datetime,annee,mois,jour,heure,minute,departement,commune_insee,adresse,latitude,longitude,luminosite,agglomeration,intersection,meteo,collision,catr,circ,nbv,vosp,prof,plan,surf,infra,situ,vma,nb_vehicules,nb_usagers,nb_indemnes,nb_tues,nb_blesses_hosp,nb_blesses_legers,age_cond_1,age_cond_2,veh_type_cond_1,veh_type_cond_2,lum_code,agg_code,int_code,atm_code,col_code
202100004428,2021-12-06 19:00:00,2021,12,6,19,0,92,92012,VICTOR HUGO (AVENUE) 49/FIN - 60/FIN,48.8352171673,2.2445073724,Nuit avec éclairage allumé,En agglomération,Intersection en T,Pluie légère,Autre collision,4,2,2,0,1,1,2,0,1,50,,2,1,0,0,1,21.0,,,,5,2,3,2,6
202100004429,2021-12-06 10:42:00,2021,12,6,10,42,92,92007,REPUBLIQUE (RUE DE LA),48.7957,2.30154,Plein jour,En agglomération,Place,Normale,Autre collision,4,2,2,0,1,1,2,6,1,30,,2,1,0,0,1,73.0,,,,1,2,7,1,6
202100004430,2021-12-03 21:30:00,2021,12,3,21,30,92,92004,Avenue d’Argenteuil,48.9175875873,2.2816693783,Nuit avec éclairage allumé,En agglomération,Hors intersection,Normale,Deux véhicules - côté,3,-1,2,0,1,1,1,0,1,50,,2,1,0,0,1,27.0,32.0,,,5,2,1,1,3
202100004431,2021-12-07 08:45:00,2021,12,7,8,45,62,62057,Route de Polincove,50.864407,2.078098,Plein jour,Hors agglomération,Hors intersection,Normale,Autre collision,3,2,2,0,1,1,2,0,1,80,,1,0,0,1,0,15.0,,,,1,1,1,1,6
202100004432,2021-12-07 08:48:00,2021,12,7,8,48,68,68289,D20.4,47.831135,7.311916,Plein jour,Hors agglomération,Autre intersection,Autre,Deux véhicules - côté,3,2,2,0,1,3,7,0,1,80,,2,0,0,0,2,26.0,41.0,,,1,1,9,9,3
202100004433,2021-12-06 23:25:00,2021,12,6,23,25,71,71384,A6,46.685328,4.844874,Nuit sans éclairage public,Hors agglomération,Hors intersection,Pluie forte,Autre collision,1,3,5,0,1,1,2,0,2,130,,1,0,0,1,0,72.0,,,,3,1,1,3,6
202100004434,2021-12-06 20:15:00,2021,12,6,20,15,34,34159,RD612,43.513845,3.805422,Nuit avec éclairage allumé,Hors agglomération,Hors intersection,Normale,Deux véhicules - côté,3,2,2,0,1,1,1,5,1,90,,2,1,1,0,0,44.0,37.0,,,5,1,1,1,3
202100004435,2021-12-06 18:00:00,2021,12,6,18,0,62,62397,d304,50.867361,1.85702,Nuit avec éclairage allumé,Hors agglomération,Hors intersection,Pluie légère,Deux véhicules - arrière,3,2,2,0,1,1,2,0,1,80,,2,0,0,1,1,35.0,26.0,,,5,1,1,2,2
202100004436,2021-10-04 12:05:00,2021,10,4,12,5,66,66189,RD62,42.6544137714,2.9287214577,Plein jour,Hors agglomération,Hors intersection,Pluie légère,Deux véhicules - frontale,3,2,2,0,1,2,2,3,1,80,,3,2,0,1,0,32.0,55.0,,,1,1,1,2,1
202100004437,2021-12-04 18:20:00,2021,12,4,18,20,57,57552,D113A,49.063097,6.179509,Nuit sans éclairage public,Hors agglomération,Hors intersection,Pluie légère,Deux véhicules - côté,7,2,2,0,2,1,2,0,1,80,,4,2,0,0,2,46.0,20.0,,,3,1,1,2,3
202100004438,2021-12-06 07:50:00,2021,12,6,7,50,56,56098,N165 bretelle échangeur,47.778298,-3.354151,Crépuscule ou aube,Hors agglomération,Hors intersection,Normale,Trois véhicules et plus - en chaîne,2,3,6,0,1,1,1,3,1,90,,5,4,0,1,0,37.0,37.0,,,2,1,1,1,4
202100004439,2021-12-06 19:30:00,2021,12,6,19,30,32,32410,Rue du Marcadieu,43.489623,0.933285,Nuit avec éclairage allumé,En agglomération,Hors intersection,Pluie légère,Deux véhicules - frontale,3,2,2,0,1,1,2,0,1,50,,2,0,0,1,1,28.0,55.0,,,5,2,1,2,1
202100004440,2021-12-06 17:45:00,2021,12,6,17,45,49,49331,Rue de Court Pivert,47.702928,-0.872197,Nuit sans éclairage public,En agglomération,Hors intersection,Pluie légère,Deux véhicules - frontale,4,2,2,0,1,1,2,0,1,50,,2,1,0,1,0,14.0,72.0,,,3,2,1,2,1
202100004441,2021-12-06 14:30:00,2021,12,6,14,30,49,49140,D162,47.183413,0.016394,Plein jour,Hors agglomération,Hors intersection,Pluie forte,Sans collision,3,2,2,0,1,2,2,0,3,80,,2,0,0,2,0,27.0,,,,1,1,1,3,7
202100004442,2021-12-07 13:55:00,2021,12,7,13,55,39,39189,60 Rue de Belvoye,47.067184,5.414575,Plein jour,En agglomération,Giratoire,Normale,Deux véhicules - côté,3,2,2,0,1,2,1,5,1,50,,2,1,0,1,0,83.0,70.0,,,1,2,6,1,3
202100004443,2021-12-07 05:50:00,2021,12,7,5,50,44,44025,D3,47.381629,-1.940503,Nuit sans éclairage public,Hors agglomération,Hors intersection,Normale,Autre collision,3,2,2,0,1,1,2,0,3,-1,,2,1,0,1,0,21.0,,,,3,1,1,1,6
202100004444,2021-08-29 19:30:00,2021,8,29,19,30,29,29216,Penn Alee,47.975731,-4.227591,Plein jour,Hors agglomération,Intersection en Y,Normale,Deux véhicules - frontale,3,2,2,0,1,3,1,0,1,80,,2,1,0,0,1,22.0,51.0,,,1,1,4,1,1
202100004445,2021-12-06 17:15:00,2021,12,6,17,15,03,03254,Rue du Champ Feuillet,46.306728,3.286479,Crépuscule ou aube,En agglomération,Hors intersection,Pluie légère,Deux véhicules - côté,3,2,2,0,1,1,2,0,1,50,,2,1,0,0,1,49.0,17.0,,,2,2,1,2,3
202100004446,2021-12-05 11:15:00,2021,12,5,11,15,03,03161,La Faye,46.187013,2.661384,Plein jour,Hors agglomération,Hors intersection,Pluie légère,Autre collision,4,-1,1,0,1,2,6,0,8,-1,,1,0,1,0,0,55.0,,,,1,1,1,2,6
202100004447,2021-12-06 20:10:00,2021,12,6,20,10,66,66160,La Forge,42.494979,2.705555,Nuit sans éclairage public,Hors agglomération,Hors intersection,Normale,Sans collision,3,2,2,0,1,1,1,0,1,80,,1,0,0,1,0,33.0,,,,3,1,1,1,7
202100004448,2021-12-07 11:20:00,2021,12,7,11,20,06,06059,M6007,43.732344,7.382819,Plein jour,En agglomération,Intersection en Y,Normale,Deux véhicules - côté,7,2,2,0,2,3,1,5,1,70,,2,1,0,0,1,32.0,46.0,,,1,2,4,1,3
202100004449,2021-12-07 10:10:00,2021,12,7,10,10,06,06032,Route Moyenne Corniche,43.724512,7.406199,Plein jour,En agglomération,Hors intersection,Normale,Deux véhicules - arrière,7,3,1,0,2,1,1,0,1,50,,3,1,0,0,2,26.0,29.0,,,1,2,1,1,2
202100004450,2021-12-07 18:45:00,2021,12,7,18,45,83,83028,Jonction D225 et D562,43.572269,6.534306,Nuit sans éclairage public,Hors agglomération,Intersection en T,Normale,Deux véhicules - côté,3,2,2,0,1,1,1,0,1,80,,2,0,0,0,2,28.0,20.0,,,3,1,3,1,3
202100004451,2021-12-07 11:00:00,2021,12,7,11,0,09,09235,4 Route de Cazavet,43.0238,1.026204,Plein jour,Hors agglomération,Hors intersection,Temps couvert,Sans collision,3,2,2,0,1,2,2,0,3,80,,2,1,0,1,0,81.0,,,,1,1,1,8,7
202100004452,2021-12-06 03:30:00,2021,12,6,3,30,36,36204,,46.809775,1.175387,Nuit sans éclairage public,Hors agglomération,Hors intersection,Temps couvert,Autre collision,3,2,2,0,1,1,2,0,3,80,,3,2,1,0,0,29.0,,,,3,1,1,8,6
202100004453,2021-12-06 22:30:00,2021,12,6,22,30,40,40273,Route du Séqué,43.518634,-1.395674,Nuit sans éclairage public,Hors agglomération,Hors intersection,Pluie forte,Autre collision,3,2,2,0,2,1,2,0,3,80,,1,0,0,1,0,41.0,,,,3,1,1,3,6
202100004454,2021-12-04 18:25:00,2021,12,4,18,25,37,37099,297 Bois Tireau,47.2930212922,0.5344086885,Nuit sans éclairage public,Hors agglomération,Intersection en X,Neige / grêle,Deux véhicules - frontale,7,2,2,0,1,1,9,5,1,70,,4,0,0,0,4,35.0,29.0,,,3,1,2,4,1
202100004455,2021-12-06 10:30:00,2021,12,6,10,30,42,42243,A89,45.859065,3.987098,Plein jour,Hors agglomération,Hors intersection,Normale,Deux véhicules - frontale,1,3,2,0,2,1,2,0,1,130,,3,1,2,0,0,71.0,37.0,,,1,1,1,1,1
202100004456,2021-12-07 08:15:00,2021,12,7,8,15,76,76197,RN 27 PK033.000,49.774086,1.063871,Crépuscule ou aube,Hors agglomération,Hors intersection,Normale,Deux véhicules - côté,2,3,2,0,1,1,1,0,1,110,,2,1,0,1,0,34.0,31.0,,,2,1,1,1,3
202100004457,2021-12-05 17:20:00,2021,12,5,17,20,51,51099,A26,48.821074,4.28954,Crépuscule ou aube,Hors agglomération,Hors intersection,Normale,Deux véhicules - côté,1,1,2,0,1,1,1,0,1,130,,3,2,0,1,0,23.0,56.0,,,2,1,1,1,3
202100004458,2021-11-13 11:15:00,2021,11,13,11,15,34,34123,ROND POINT CHARLES DE GAULLE,43.6138557423,3.8108941434,Plein jour,En agglomération,Giratoire,Normale,Sans collision,4,2,2,0,2,1,1,0,1,-1,,2,1,0,1,0,77.0,65.0,,,1,2,6,1,7
202100004459,2021-05-22 18:00:00,2021,5,22,18,0,34,34163,CD 619,43.636417,3.727326,Plein jour,Hors agglomération,Hors intersection,Normale,Deux véhicules - côté,3,2,2,0,1,1,1,0,1,90,,2,1,0,1,0,53.0,23.0,,,1,1,1,1,3
202100004460,2021-12-06 21:55:00,2021,12,6,21,55,971,97112,Trois Ilets,15.922029,-61.33328,Nuit sans éclairage public,Hors agglomération,Hors intersection,Normale,Sans collision,3,2,2,0,1,3,1,0,3,80,,1,0,1,0,0,26.0,,,,3,1,1,1,7
202100004461,2021-12-06 16:45:00,2021,12,6,16,45,66,66093,D 618,42.523205,2.930227,Crépuscule ou aube,Hors agglomération,Hors intersection,Normale,Deux véhicules - frontale,3,2,2,0,1,1,1,0,1,-1,,2,0,0,2,0,75.0,61.0,,,2,1,1,1,1
202100004462,2021-11-21 07:30:00,2021,11,21,7,30,30,30156,Route d Avignon,43.866116,4.444162,Plein jour,Hors agglomération,Giratoire,Normale,Autre collision,3,3,4,0,1,3,1,5,1,90,,1,0,0,1,0,51.0,,,,1,1,6,1,6
202100004463,2021-12-06 21:20:00,2021,12,6,21,20,83,83023,Dn7,43.403941,6.012161,Nuit sans éclairage public,Hors agglomération,Hors intersection,Normale,Deux véhicules - frontale,3,2,2,0,1,3,1,0,1,80,,2,0,2,0,0,49.0,32.0,,,3,1,1,1,1
202100004464,2021-12-06 13:10:00,2021,12,6,13,10,05,05139,D17,44.700904,5.928133,Plein jour,Hors agglomération,Hors intersection,Normale,Sans collision,3,2,2,0,2,1,5,0,1,90,,2,1,0,1,0,58.0,,,,1,1,1,1,7
202100004465,2021-12-06 09:15:00,2021,12,6,9,15,13,13066,Chemin de la Rimade,43.819208,4.899491,Plein jour,Hors agglomération,Intersection en T,Normale,Deux véhicules - côté,3,-1,1,0,1,1,1,0,1,50,,2,1,0,1,0,46.0,17.0,,,1,1,3,1,3
202100004466,2021-12-07 05:30:00,2021,12,7,5,30,68,68342,D431,47.816959,7.192268,Nuit sans éclairage public,Hors agglomération,Hors intersection,Autre,Autre collision,3,2,2,0,1,3,7,0,3,70,,1,0,0,1,0,32.0,,,,3,1,1,9,6
202100004467,2021-12-04 18:00:00,2021,12,4,18,0,26,26038,Route de Chateauneuf,45.026546,4.933032,Nuit sans éclairage public,Hors agglomération,Hors intersection,Pluie légère,Deux véhicules - frontale,3,2,2,0,1,3,2,0,1,80,,2,1,0,1,0,69.0,47.0,,,3,1,1,2,1
202100004468,2021-12-04 03:15:00,2021,12,4,3,15,72,72264,Les Mille Pieds,47.86572,-0.336376,Nuit sans éclairage public,Hors agglomération,Hors intersection,Pluie légère,Sans collision,3,2,2,0,1,2,2,0,3,90,,1,0,0,1,0,48.0,,,,3,1,1,2,7
202100004469,2021-12-06 15:35:00,2021,12,6,15,35,62,62894,A16,50.75826,1.632219,Plein jour,Hors agglomération,Hors intersection,Pluie forte,Autre collision,1,3,0,0,2,1,4,0,1,130,,2,0,0,0,2,47.0,,,,1,1,1,3,6
202100004470,2021-12-07 08:30:00,2021,12,7,8,30,59,59126,D135,50.312113,3.117549,Plein jour,Hors agglomération,Hors intersection,Normale,Deux véhicules - côté,3,2,2,0,1,1,7,0,1,90,,2,1,0,0,1,23.0,26.0,,,1,1,1,1,3
202100004471,2021-12-04 21:07:00,2021,12,4,21,7,13,13028,A50,43.19932,5.63579,Nuit sans éclairage public,Hors agglomération,Hors intersection,Pluie légère,Autre collision,1,3,6,0,1,1,2,0,1,130,,1,0,0,1,0,27.0,,,,3,1,1,2,6
202100004472,2021-12-03 17:40:00,2021,12,3,17,40,83,83126,A50,43.12011,5.86521,Crépuscule ou aube,Hors agglomération,Hors intersection,Normale,Trois véhicules et plus - collisions multiples,1,3,6,0,1,1,1,0,1,90,,3,2,0,0,1,26.0,40.0,,,2,1,1,1,5
202100004473,2021-12-06 07:30:00,2021,12,6,7,30,57,57498,Autoroute A30,49.32949,6.0193,Nuit sans éclairage public,Hors agglomération,Hors intersection,Temps couvert,Deux véhicules - arrière,1,3,4,0,2,1,1,0,1,110,,2,1,0,1,0,59.0,59.0,,,3,1,1,8,2
202100004474,2021-12-06 20:30:00,2021,12,6,20,30,33,33249,ROCADE A 630,44.884657,-0.511607,Nuit avec éclairage allumé,Hors agglomération,Hors intersection,Pluie forte,Autre collision,1,1,2,0,2,2,4,3,1,70,,1,0,0,0,1,53.0,,,,5,1,1,3,6
202100004475,2021-12-06 11:00:00,2021,12,6,11,0,33,33013,Route Nationale 89,44.86716,-0.49045,Plein jour,Hors agglomération,Hors intersection,Normale,Deux véhicules - arrière,2,3,4,0,1,1,1,0,1,110,,3,2,0,0,1,32.0,48.0,,,1,1,1,1,2
202100004476,2021-12-04 16:07:00,2021,12,4,16,7,33,33065,ROUTE NATIONALE 230,44.80991,-0.52389,Plein jour,Hors agglomération,Hors intersection,Pluie légère,Trois véhicules et plus - en chaîne,2,1,2,0,2,1,2,3,1,70,,3,2,0,0,1,58.0,47.0,,,1,1,1,2,4
202100004477,2021-12-06 00:45:00,2021,12,6,0,45,33,33318,ROCADE A 630,44.788105,-0.641417,Nuit avec éclairage non allumé,Hors agglomération,Hors intersection,Normale,Sans collision,1,3,6,0,1,1,2,0,2,90,,2,1,0,0,1,18.0,,,,4,1,1,1,7
202100004478,2021-12-06 10:40:00,2021,12,6,10,40,91,91521,AUTOROUTE A6,48.64124,2.39331,Plein jour,Hors agglomération,Hors intersection,Normale,Deux véhicules - arrière,1,3,3,0,1,1,2,0,1,110,,2,1,0,0,1,,20.0,,,1,1,1,1,2
202100004479,2021-12-06 08:09:00,2021,12,6,8,9,91,91471,RD 188 CHEVREUSE,48.69203,2.17839,Plein jour,Hors agglomération,Hors intersection,Temps couvert,Deux véhicules - côté,3,2,2,0,1,1,2,0,1,80,,2,0,0,1,1,43.0,32.0,,,1,1,1,8,3
202100004480,2021-12-06 18:00:00,2021,12,6,18,0,92,92050,A14,48.898471284,2.2170109138,Nuit avec éclairage allumé,Hors agglomération,Hors intersection,Pluie légère,Deux véhicules - arrière,1,-1,3,0,1,1,2,1,1,70,,2,1,0,0,1,22.0,56.0,,,5,1,1,2,2
202100004481,2021-12-06 07:55:00,2021,12,6,7,55,78,78640,A86 EXT,48.778848,2.202811,Plein jour,Hors agglomération,Hors intersection,Normale,Deux véhicules - côté,1,-1,3,0,1,1,1,0,1,90,,2,1,0,0,1,54.0,44.0,,,1,1,1,1,3
202100004482,2021-12-05 01:11:00,2021,12,5,1,11,92,92050,A14,48.8997355729,2.2119832291,Nuit avec éclairage allumé,Hors agglomération,Hors intersection,Temps couvert,Trois véhicules et plus - collisions multiples,1,1,3,0,1,1,1,1,2,70,,5,4,0,0,1,,38.0,,,5,1,1,8,5
202100004483,2021-12-06 08:30:00,2021,12,6,8,30,93,93063,AUTOROUTE A3,48.87856,2.44704,Crépuscule ou aube,Hors agglomération,Hors intersection,Pluie légère,Sans collision,1,3,6,0,1,1,2,1,1,70,,1,0,0,1,0,20.0,,,,2,1,1,2,7
202100004484,2021-12-05 22:55:00,2021,12,5,22,55,95,95572,RN 184,49.03428,2.11282,Nuit sans éclairage public,Hors agglomération,Hors intersection,Pluie légère,Autre collision,2,3,4,0,1,1,2,0,1,90,,3,0,0,0,3,38.0,,,,3,1,1,2,6
202100004485,2021-12-05 22:30:00,2021,12,5,22,30,95,95572,RN 184,49.03428,2.11282,Nuit sans éclairage public,Hors agglomération,Hors intersection,Pluie légère,Autre collision,2,3,4,0,1,1,2,0,2,90,,1,0,0,0,1,22.0,,,,3,1,1,2,6
202100004486,2021-12-05 22:00:00,2021,12,5,22,0,95,95018, A15,48.9614172101,2.2685694695,Nuit sans éclairage public,Hors agglomération,Hors intersection,Pluie légère,Trois véhicules et plus - en chaîne,1,3,8,0,1,1,2,0,1,110,,7,2,0,0,5,48.0,31.0,,,3,1,1,2,4
202100004487,2021-12-05 02:15:00,2021,12,5,2,15,95,95682,RN 104,49.06576,2.373222,Nuit avec éclairage non allumé,Hors agglomération,Hors intersection,Temps couvert,Autre collision,2,3,4,0,1,1,2,0,3,90,,1,0,0,0,1,35.0,,,,4,1,1,8,6
202100004488,2021-12-06 21:35:00,2021,12,6,21,35,94,94044,RN406.W,48.7574,2.4764,Nuit sans éclairage public,Hors agglomération,Hors intersection,Pluie légère,Autre collision,2,1,2,0,1,3,2,0,1,70,,1,0,0,0,1,29.0,,,,3,1,1,2,6
202100004489,2021-12-06 09:30:00,2021,12,6,9,30,77,77175,RN104,48.6685920044,2.6121797906,Plein jour,Hors agglomération,Hors intersection,Autre,Deux véhicules - arrière,2,3,6,0,1,1,2,0,1,90,,2,1,0,0,1,49.0,24.0,,,1,1,1,9,2
202100004490,2021-12-06 09:00:00,2021,12,6,9,0,77,77175,RN104,48.6685920044,2.6121797906,Plein jour,Hors agglomération,Hors intersection,Normale,Deux véhicules - arrière,2,3,6,0,1,1,2,0,1,90,,2,1,0,0,1,51.0,55.0,,,1,1,1,1,2
202100004491,2021-12-06 08:00:00,2021,12,6,8,0,77,77337,A4,48.830276399,2.612456049,Crépuscule ou aube,Hors agglomération,Hors intersection,Pluie légère,Autre collision,1,-1,5,0,1,1,2,0,1,90,,3,2,0,0,1,51.0,55.0,,,2,1,1,2,6
202100004492,2021-12-05 18:55:00,2021,12,5,18,55,77,77372,A104,48.8951948417,2.6643599392,Nuit sans éclairage public,Hors agglomération,Hors intersection,Pluie forte,Autre collision,1,3,2,0,1,1,2,0,1,90,,5,3,1,1,0,42.0,39.0,,,3,1,1,3,6
202100004493,2021-02-26 09:45:00,2021,2,26,9,45,62,62108,MARECHAL DELATTRE DE TASSIGNY,50.40818,1.59186,Plein jour,En agglomération,Intersection en T,Normale,Deux véhicules - côté,4,2,2,0,1,1,1,0,1,50,,2,1,0,0,1,,62.0,,,1,2,3,1,3
202100004494,2021-07-31 11:20:00,2021,7,31,11,20,74,74183,Route Départementale 907,46.129843,6.512554,Plein jour,Hors agglomération,Hors intersection,Normale,Autre collision,3,2,2,0,1,1,1,0,3,80,,2,0,0,2,0,25.0,,,,1,1,1,1,6
202100004495,2021-07-09 15:35:00,2021,7,9,15,35,74,74134,1628 Rte des Grandes Alpes,46.153649,6.660971,Plein jour,En agglomération,Intersection en T,Normale,Deux véhicules - côté,3,2,2,0,2,2,1,0,1,50,,2,1,0,0,1,66.0,22.0,,,1,2,3,1,3
202100004496,2021-09-30 17:00:00,2021,9,30,17,0,74,74010,Rte de Frangy,45.9148031,6.091551,Plein jour,En agglomération,Intersection en X,Normale,Deux véhicules - côté,4,2,0,0,1,1,1,5,1,50,,3,1,0,0,2,32.0,46.0,,,1,2,2,1,3
202100004497,2021-09-30 10:45:00,2021,9,30,10,45,74,74267,route d'albertville,45.8433531,6.151172,Plein jour,En agglomération,Autre intersection,Normale,Autre collision,3,3,2,0,1,1,1,0,1,50,,2,1,0,1,0,49.0,,,,1,2,9,1,6
202100004498,2021-08-11 18:15:00,2021,8,11,18,15,74,74258,Av du Giffre,46.082355,6.72411,Plein jour,En agglomération,Giratoire,Normale,Deux véhicules - côté,3,1,1,-1,1,2,1,0,1,50,,2,1,0,0,1,84.0,77.0,,,1,2,6,1,3
202100004499,2021-09-28 15:00:00,2021,9,28,15,0,95,95018, A15,48.9498331,2.280531,Plein jour,Hors agglomération,Hors intersection,Normale,Autre collision,1,3,8,0,1,1,1,0,1,50,,1,0,0,0,1,23.0,,,,1,1,1,1,6
202100004500,2021-12-05 15:25:00,2021,12,5,15,25,69,69382,PRESIDENT EDOUARD HERRIOT (DU) (R),45.76382,4.83422,Plein jour,En agglomération,Intersection en T,Normale,Autre collision,4,1,1,3,1,1,1,0,1,50,,2,1,0,1,0,16.0,,,,1,2,3,1,6
202100004501,2021-12-05 00:13:00,2021,12,5,0,13,973,97302,ZEPHIR (ROCADE),4.9361975238,-52.307489276,Nuit avec éclairage allumé,En agglomération,Hors intersection,Pluie légère,Autre collision,3,1,2,2,1,1,2,5,1,50,,3,2,1,0,0,30.0,,,,5,2,1,2,6
202100004502,2021-06-19 23:10:00,2021,6,19,23,10,13,13047,CABANNE NOIRE ROUTE DE LA,43.489575,4.980267,Nuit sans éclairage public,En agglomération,Hors intersection,Normale,Autre collision,7,2,2,0,1,1,1,0,1,50,,1,0,0,0,1,32.0,,,,3,2,1,1,6
202100004503,2021-12-05 03:30:00,2021,12,5,3,30,974,97409,RN2 DIRECTION ST BENT SORTIE PETIT BAZAR,-20.95862,55.65758,Nuit sans éclairage public,Hors agglomération,Hors intersection,Normale,Sans collision,2,-1,2,0,1,1,1,0,8,110,,1,0,0,0,1,22.0,,,,3,1,1,1,7
202100004504,2021-12-05 18:14:00,2021,12,5,18,14,973,97302,FELIX EBOUE(ROCADE),4.93107,-52.3132,Plein jour,En agglomération,Intersection en T,Pluie légère,Deux véhicules - côté,3,2,2,0,1,1,2,0,1,50,,2,1,0,0,1,51.0,39.0,,,1,2,3,2,3
202100004505,2021-12-05 23:00:00,2021,12,5,23,0,69,69383,BONNEL (DE) (R),45.76292,4.86188,Nuit avec éclairage allumé,En agglomération,Intersection en X,Pluie légère,Autre collision,4,1,3,0,1,1,2,0,1,50,,2,1,0,0,1,39.0,,,,5,2,2,2,6
202100004506,2021-12-05 16:35:00,2021,12,5,16,35,69,69199,ROBERT REYNIER (R),45.7080471919,4.8611497879,Crépuscule ou aube,En agglomération,Intersection en T,Normale,Autre collision,4,2,2,2,1,1,1,0,1,30,,2,1,0,0,1,,,,,2,2,3,1,6
202100004507,2021-12-05 12:00:00,2021,12,5,12,0,69,69383,LAFAYETTE (CR),45.76362,4.85556,Plein jour,En agglomération,Hors intersection,Pluie légère,Autre collision,4,2,3,3,1,1,2,0,5,50,,1,0,0,0,1,50.0,,,,1,2,1,2,6
202100004508,2021-12-05 14:00:00,2021,12,5,14,0,69,69259,VIENNE (DE) (RTE),45.7261302064,4.8539829254,Plein jour,En agglomération,Hors intersection,Normale,Deux véhicules - arrière,4,2,2,3,1,1,2,0,1,50,,2,1,0,0,1,37.0,41.0,,,1,2,1,1,2
202100004509,2021-12-05 19:25:00,2021,12,5,19,25,972,97209,GRAND CARAIBES (RUE),14.60245,-61.07475,Nuit sans éclairage public,En agglomération,Hors intersection,Pluie légère,Autre collision,4,2,2,0,1,1,2,0,4,50,,1,0,0,1,0,44.0,,,,3,2,1,2,6
202100004510,2021-12-05 12:30:00,2021,12,5,12,30,972,97209,CHATEAUBOEUF (ROUTE DE),14.6156685646,-61.050593555,Plein jour,Hors agglomération,Hors intersection,Normale,Autre collision,3,1,0,0,1,1,1,0,8,30,,8,2,0,2,4,43.0,,,,1,1,1,1,6
202100004511,2021-12-04 13:29:00,2021,12,4,13,29,972,97209,MOUTTE (ROUTE DE),14.6180407595,-61.0568270087,Plein jour,Hors agglomération,Intersection en T,Normale,Deux véhicules - côté,3,2,2,0,2,1,1,5,1,60,,2,1,0,0,1,66.0,52.0,,,1,1,3,1,3
202100004512,2021-12-04 07:05:00,2021,12,4,7,5,69,69034,GENERAL DE GAULLE (AV),45.80988,4.85731,Nuit avec éclairage allumé,En agglomération,Intersection en X,Pluie forte,Autre collision,7,2,2,3,1,1,2,5,8,50,,1,0,0,0,1,25.0,,,,5,2,2,3,6
202100004513,2021-12-01 10:10:00,2021,12,1,10,10,95,95585,EGLISE (RUE DE L'),48.9985826446,2.3800098896,Plein jour,En agglomération,Intersection en X,Normale,Deux véhicules - côté,4,1,1,0,1,1,1,0,1,50,,2,1,0,0,1,42.0,28.0,,,1,2,2,1,3
202100004514,2021-12-04 19:20:00,2021,12,4,19,20,91,91201,RUE EUGENE DELACROIX,48.679232,2.42516,Nuit avec éclairage allumé,En agglomération,Hors intersection,Pluie légère,Autre collision,4,2,2,0,1,1,2,0,1,50,,2,1,0,1,0,40.0,,,,5,2,1,2,6
202100004515,2021-12-04 06:40:00,2021,12,4,6,40,78,78609,CD 28,49.02876,1.92803,Nuit sans éclairage public,Hors agglomération,Intersection en Y,Pluie légère,Sans collision,3,3,2,0,2,2,2,5,1,70,,2,1,1,0,0,,,,,3,1,4,2,7
202100004516,2021-12-05 08:15:00,2021,12,5,8,15,77,77181,D35,48.82634,2.70617,Plein jour,Hors agglomération,Giratoire,Pluie légère,Deux véhicules - côté,3,1,2,0,1,2,2,0,1,50,,2,1,0,0,1,32.0,,,,1,1,6,2,3
202100004517,2021-12-05 18:22:00,2021,12,5,18,22,71,71040,REPUBLIQUE (RUE DE LA),46.69793,4.39039,Nuit avec éclairage allumé,En agglomération,Hors intersection,Pluie forte,Autre collision,3,2,2,0,2,1,2,9,1,50,,3,2,0,1,0,21.0,,,,5,2,1,3,6
202100004518,2021-12-04 08:30:00,2021,12,4,8,30,60,60175,Route de Vaux,49.2633452896,2.4873690604,Crépuscule ou aube,En agglomération,Hors intersection,Pluie légère,Sans collision,3,2,2,0,1,1,2,0,1,50,,3,0,1,2,0,33.0,,,,2,2,1,2,7
202100004519,2021-12-05 01:10:00,2021,12,5,1,10,59,59636,MARQUETTE RUE DE,50.68414,3.06137,Nuit avec éclairage allumé,En agglomération,Autre intersection,Temps couvert,Deux véhicules - frontale,7,3,2,0,2,3,2,1,1,50,,5,3,0,0,2,32.0,28.0,,,5,2,9,8,1
202100004520,2021-12-04 13:08:00,2021,12,4,13,8,59,59183,PRESIDENT POINCARE,51.0352862531,2.3802137375,Plein jour,En agglomération,Autre intersection,Autre,Autre collision,4,2,2,0,1,1,2,0,1,30,,2,1,0,1,0,23.0,,,,1,2,9,9,6
202100004521,2021-12-05 13:26:00,2021,12,5,13,26,51,51454,Rue de l’Etape,49.2554562317,4.0282096267,Plein jour,En agglomération,Hors intersection,Pluie légère,Autre collision,4,4,2,0,1,1,2,9,1,30,,2,1,0,0,1,36.0,,,,1,2,1,2,6
202100004522,2021-12-04 11:00:00,2021,12,4,11,0,37,37214,pont de la Motte,47.3931709126,0.6473994255,Plein jour,Hors agglomération,Hors intersection,Pluie légère,Autre collision,7,3,5,0,1,1,2,2,1,90,,1,0,0,0,1,36.0,,,,1,1,1,2,6
202100004523,2021-12-05 14:50:00,2021,12,5,14,50,35,35238,LORIENT (DE),48.10679,-1.72491,Plein jour,Hors agglomération,Hors intersection,Normale,Trois véhicules et plus - en chaîne,2,3,6,3,1,1,1,0,1,50,,5,4,0,0,1,36.0,23.0,,,1,1,1,1,4