accident_id,datetime,annee,mois,jour,heure,minute,departement,commune_insee,adresse,latitude,longitude,luminosite,agglomeration,intersection,meteo,collision,catr,circ,nbv,vosp,prof,plan,surf,infra,situ,vma,nb_vehicules,nb_usagers,nb_indemnes,nb_tues,nb_blesses_hosp,nb_blesses_legers,age_cond_1,age_cond_2,veh_type_cond_1,veh_type_cond_2,lum_code,agg_code,int_code,atm_code,col_code
202100004524,2021-12-05 10:15:00,2021,12,5,10,15,31,31069,VA007386 Fil d'Ariane A621,43.62075,1.39364,Plein jour,Hors agglomération,Hors intersection,Normale,Autre collision,7,3,3,0,4,3,2,0,1,70,,1,0,0,0,1,20.0,,,,1,1,1,1,6
202100004525,2021-12-05 21:55:00,2021,12,5,21,55,14,14118,SIX JUIN (AVENUE DU - 11 IMPAIRS 8PAIRS),49.17959,-0.3546,Nuit avec éclairage allumé,En agglomération,Hors intersection,Normale,Deux véhicules - arrière,4,2,0,0,1,1,1,0,1,50,,2,1,0,1,0,28.0,33.0,,,5,2,1,1,2
202100004526,2021-12-04 15:30:00,2021,12,4,15,30,13,13117,SALYENS ( AVENUE DES ),43.44173,5.25308,Plein jour,En agglomération,Hors intersection,Pluie légère,Trois véhicules et plus - en chaîne,4,2,2,0,1,1,2,0,1,50,,5,1,0,0,4,46.0,21.0,,,1,2,1,2,4
202100004527,2021-12-05 13:50:00,2021,12,5,13,50,13,13210,PONT DE VIVAUX (BOULEVARD),43.28,5.41,Plein jour,En agglomération,Hors intersection,Normale,Deux véhicules - frontale,7,2,2,0,1,1,1,0,1,50,,3,0,0,2,1,20.0,51.0,,,1,2,1,1,1
202100004528,2021-12-05 00:51:00,2021,12,5,0,51,13,13207,ENDOUME (RUE D'),43.28981,5.36627,Nuit avec éclairage allumé,En agglomération,Intersection en X,Normale,Deux véhicules - frontale,4,2,3,0,1,1,1,0,1,50,,2,1,0,1,0,29.0,51.0,,,5,2,2,1,1
202100004529,2021-12-04 07:00:00,2021,12,4,7,0,07,07231,104 ( ROUTE DEPÄRTEMENTALE ),44.58579,4.38543,Nuit sans éclairage public,Hors agglomération,Hors intersection,Temps couvert,Autre collision,3,2,3,0,1,1,9,0,1,80,,2,0,0,2,0,57.0,,,,3,1,1,8,6
202100004530,2021-12-05 19:30:00,2021,12,5,19,30,06,06069,NAPOLEON (ROUTE),43.67669,6.904373,Nuit sans éclairage public,Hors agglomération,Hors intersection,Normale,Autre collision,3,2,2,0,2,2,1,0,3,80,,1,0,0,0,1,73.0,,,,3,1,1,1,6
202100004531,2021-12-05 15:29:00,2021,12,5,15,29,06,06123,LA PEROUSE QUAI,43.656605,7.180011,Plein jour,En agglomération,Intersection en Y,Normale,Autre collision,4,1,1,0,3,3,1,0,1,50,,3,1,0,0,2,27.0,,,,1,2,4,1,6
202100004532,2021-12-05 16:00:00,2021,12,5,16,0,75,75118,BOULEVARD NEY,48.898025,2.344462,Plein jour,En agglomération,Intersection en X,Pluie légère,Deux véhicules - côté,4,1,1,0,1,1,2,0,1,30,,5,4,0,0,1,26.0,57.0,,,1,2,2,2,3
202100004533,2021-12-05 06:00:00,2021,12,5,6,0,75,75118,RUE D ORSEL,48.883924,2.344584,Nuit avec éclairage non allumé,En agglomération,Intersection en X,Normale,Deux véhicules - côté,4,1,1,1,1,1,1,0,1,30,,2,1,0,0,1,28.0,35.0,,,4,2,2,1,3
202100004534,2021-12-04 19:40:00,2021,12,4,19,40,75,75117,BOULEVARD PEREIRE,48.881587,2.29129,Nuit sans éclairage public,En agglomération,Intersection en X,Pluie légère,Autre collision,4,1,1,0,1,1,2,0,1,30,,3,2,0,0,1,61.0,46.0,,,3,2,2,2,6
202100004535,2021-12-04 20:00:00,2021,12,4,20,0,75,75115,RUE LECOURBE,48.840288,2.295173,Nuit avec éclairage allumé,En agglomération,Intersection en T,Pluie légère,Deux véhicules - arrière,4,1,1,0,1,1,2,0,1,30,,3,1,0,0,2,,23.0,,,5,2,3,2,2
202100004536,2021-12-03 12:30:00,2021,12,3,12,30,75,75115,PLACE DU GENERAL BEURET,48.84182,2.303258,Plein jour,En agglomération,Place,Pluie légère,Autre collision,4,1,0,0,1,1,2,0,1,30,,2,1,0,0,1,58.0,,,,1,2,7,2,6
202100004537,2021-12-05 21:35:00,2021,12,5,21,35,75,75113,AVENUE D ITALIE,48.825796,2.357416,Nuit avec éclairage allumé,En agglomération,Intersection en T,Pluie légère,Deux véhicules - arrière,4,2,4,1,1,1,2,0,1,50,,2,1,0,0,1,17.0,39.0,,,5,2,3,2,2
202100004538,2021-12-05 12:50:00,2021,12,5,12,50,75,75112,ROUTE DU CHAMP DE MANOEUVRES,48.834652,2.449127,Plein jour,En agglomération,Hors intersection,Pluie légère,Deux véhicules - côté,4,2,2,0,1,1,2,0,1,30,,2,1,0,0,1,21.0,29.0,,,1,2,1,2,3
202100004539,2021-12-05 13:15:00,2021,12,5,13,15,75,75112,BOULEVARD DIDEROT,48.846769,2.381763,Plein jour,En agglomération,Intersection en X,Pluie légère,Autre collision,4,2,0,0,1,1,2,0,1,30,,2,1,0,0,1,34.0,,,,1,2,2,2,6
202100004540,2021-12-05 00:05:00,2021,12,5,0,5,75,75112,AVENUE DE SAINT MANDE,48.844823,2.404071,Nuit avec éclairage allumé,En agglomération,Hors intersection,Normale,Deux véhicules - côté,4,2,4,0,2,1,2,0,1,30,,2,1,0,0,1,40.0,,,,5,2,1,1,3
202100004541,2021-12-05 11:00:00,2021,12,5,11,0,75,75111,RUE SAINT MAUR,48.867301,2.37593,Plein jour,En agglomération,Intersection en X,Pluie légère,Sans collision,4,1,2,1,1,1,2,-1,5,30,,1,0,0,0,1,36.0,,,,1,2,2,2,7
202100004542,2021-12-05 19:55:00,2021,12,5,19,55,75,75109,PLACE DE L OPERA,48.870727,2.332507,Nuit avec éclairage allumé,En agglomération,Place,Pluie légère,Deux véhicules - frontale,4,2,6,0,1,1,2,0,1,30,,2,1,0,0,1,28.0,58.0,,,5,2,7,2,1
202100004543,2021-12-05 16:00:00,2021,12,5,16,0,75,75108,RUE DE SAINT PETERSBOURG,48.882253,2.326022,Plein jour,En agglomération,Intersection en Y,Pluie légère,Trois véhicules et plus - en chaîne,4,2,3,3,2,1,2,0,1,30,,3,2,0,0,1,33.0,41.0,,,1,2,4,2,4
202100004544,2021-12-05 02:45:00,2021,12,5,2,45,75,75108,RUE DE PONTHIEU,48.870212,2.311055,Nuit avec éclairage allumé,En agglomération,Intersection en X,Normale,Deux véhicules - côté,4,1,1,0,1,1,1,0,1,30,,3,2,0,0,1,27.0,42.0,,,5,2,2,1,3
202100004545,2021-12-04 19:31:00,2021,12,4,19,31,75,75107,QUAI D ORSAY,48.862866,2.318048,Nuit avec éclairage allumé,En agglomération,Intersection en Y,Pluie légère,Trois véhicules et plus - en chaîne,4,2,4,0,1,1,2,0,1,30,,4,3,0,0,1,51.0,31.0,,,5,2,4,2,4
202100004546,2021-12-03 08:45:00,2021,12,3,8,45,75,75104,QUAI DE L HOTEL DE VILLE,48.855283,2.35257,Plein jour,En agglomération,Intersection en Y,Normale,Sans collision,4,2,4,0,1,1,1,0,1,30,,1,0,0,0,1,20.0,,,,1,2,4,1,7
202100004547,2021-12-05 04:35:00,2021,12,5,4,35,94,94059,GENERAL DE GAULLE (AV DU),48.81049,2.57255,Nuit avec éclairage non allumé,En agglomération,Autre intersection,Normale,Deux véhicules - côté,4,1,1,0,1,1,1,5,1,30,,2,0,0,1,1,34.0,23.0,,,4,2,9,1,3
202100004548,2021-12-04 21:33:00,2021,12,4,21,33,94,94069,Avenue des Canadiens,48.81699,2.458974,Nuit avec éclairage non allumé,En agglomération,Hors intersection,Pluie légère,Autre collision,3,1,1,0,2,2,2,0,1,30,,1,0,0,0,1,24.0,,,,4,2,1,2,6
202100004549,2021-12-05 11:05:00,2021,12,5,11,5,94,94076,KARL MARX (AV),48.78445,2.36432,Plein jour,En agglomération,Giratoire,Pluie légère,Deux véhicules - côté,4,2,2,0,1,4,2,0,1,50,,3,2,0,0,1,45.0,32.0,,,1,2,6,2,3
202100004550,2021-12-05 18:20:00,2021,12,5,18,20,94,94002,Rue Emile Zola,48.79829,2.42014,Nuit avec éclairage allumé,En agglomération,Intersection en X,Pluie légère,Deux véhicules - côté,3,2,4,0,1,1,2,0,1,50,,2,0,0,1,1,34.0,34.0,,,5,2,2,2,3
202100004551,2021-12-05 17:40:00,2021,12,5,17,40,93,93078,BALLANGER (BD ROBERT),48.95552,2.53901,Nuit avec éclairage allumé,En agglomération,Autre intersection,Pluie légère,Deux véhicules - côté,3,2,2,0,1,1,2,0,1,50,,2,1,0,0,1,19.0,77.0,,,5,2,9,2,3
202100004552,2021-12-05 21:30:00,2021,12,5,21,30,93,93059,LENINE (AVENUE) N°2A34 ET 1A43,48.96001,2.35896,Nuit avec éclairage allumé,En agglomération,Autre intersection,Normale,Deux véhicules - côté,3,-1,4,0,1,1,1,0,1,50,,3,2,0,0,1,29.0,16.0,,,5,2,9,1,3
202100004553,2021-12-05 21:50:00,2021,12,5,21,50,93,93071,JOHN F. KENNEDY (AVENUE),48.9384733392,2.5132619184,Nuit avec éclairage allumé,En agglomération,Hors intersection,Pluie légère,Deux véhicules - frontale,3,2,2,0,1,1,2,0,1,50,,2,0,0,1,1,35.0,39.0,,,5,2,1,2,1
202100004554,2021-12-05 14:50:00,2021,12,5,14,50,93,93070,MICHELET (AVE) : DU 1 AU 103,48.91185,2.33376,Plein jour,En agglomération,Hors intersection,Pluie légère,Autre collision,3,2,2,0,1,1,2,0,1,50,,1,0,0,0,1,32.0,,,,1,2,1,2,6
202100004555,2021-12-05 12:50:00,2021,12,5,12,50,93,93062,RESISTANCE (AVENUE DE LA),48.8927,2.51287,Plein jour,En agglomération,Intersection en X,Pluie légère,Deux véhicules - côté,3,2,1,0,1,1,2,0,1,50,,2,1,0,0,1,32.0,61.0,,,1,2,2,2,3
202100004556,2021-12-05 00:30:00,2021,12,5,0,30,93,93053,BOBIGNY (AVENUE DE),48.8941120622,2.4485604465,Nuit avec éclairage allumé,En agglomération,Hors intersection,Pluie légère,Deux véhicules - frontale,4,2,2,1,1,2,2,0,1,50,,3,0,0,0,3,45.0,27.0,,,5,2,1,2,1
202100004557,2021-12-05 14:30:00,2021,12,5,14,30,93,93050,GENERAL DE GAULLE (AVENUE),48.85828,2.53461,Plein jour,En agglomération,Hors intersection,Pluie légère,Deux véhicules - arrière,3,2,4,0,1,1,2,0,1,50,,2,1,0,0,1,29.0,22.0,,,1,2,1,2,2
202100004558,2021-12-05 00:00:00,2021,12,5,0,0,93,93049,CARNOT (AVENUE) DU 1-2 AU 43-46,48.86199,2.50215,Nuit avec éclairage allumé,En agglomération,Intersection en T,Normale,Autre collision,4,1,1,0,2,1,1,0,1,50,,1,0,0,0,1,31.0,,,,5,2,3,1,6
202100004559,2021-12-05 20:00:00,2021,12,5,20,0,93,93046,EUGENE MASSE RUE,48.92523,2.54498,Nuit avec éclairage allumé,En agglomération,Hors intersection,Pluie légère,Deux véhicules - arrière,4,2,2,0,1,1,2,0,1,50,,2,1,0,0,1,25.0,34.0,,,5,2,1,2,2
202100004560,2021-12-05 00:25:00,2021,12,5,0,25,93,93031,FOCH (BOULEVARD),48.94621,2.33465,Nuit avec éclairage allumé,En agglomération,Hors intersection,Pluie légère,Deux véhicules - côté,3,2,2,0,1,1,2,0,1,50,,2,1,0,0,1,37.0,34.0,,,5,2,1,2,3
202100004561,2021-12-05 16:55:00,2021,12,5,16,55,92,92062,WALLACE (BD RICHARD) DU 2 AU 28 ET DU 1,48.8792,2.24124,Nuit avec éclairage allumé,En agglomération,Hors intersection,Pluie légère,Autre collision,4,2,2,0,1,1,2,9,8,30,,2,1,0,0,1,20.0,,,,5,2,1,2,6
202100004562,2021-12-05 13:00:00,2021,12,5,13,0,92,92040,ERNEST RENAN,48.8289404366,2.2825692594,Plein jour,En agglomération,Intersection en T,Pluie légère,Deux véhicules - côté,3,1,3,1,1,1,2,0,8,30,,2,1,0,0,1,26.0,26.0,,,1,2,3,2,3
202100004563,2021-12-05 19:00:00,2021,12,5,19,0,92,92023,HENRI BARBUSSE (AVENUE),48.8157645997,2.2550028563,Nuit avec éclairage allumé,En agglomération,Hors intersection,Pluie légère,Sans collision,3,2,2,0,1,1,2,9,1,30,,1,0,0,0,1,72.0,,,,5,2,1,2,7
202100004564,2021-12-04 21:10:00,2021,12,4,21,10,92,92012,EDOUARD VAILLANT (AVENUE) DEBUT/56 - COT,48.8360404804,2.2511646152,Nuit avec éclairage allumé,En agglomération,Hors intersection,Pluie légère,Deux véhicules - arrière,3,1,1,0,1,1,2,9,8,50,,2,1,0,0,1,20.0,38.0,,,5,2,1,2,2
202100004565,2021-12-05 16:40:00,2021,12,5,16,40,60,60288,D150,49.560254,1.886687,Plein jour,Hors agglomération,Hors intersection,Pluie légère,Sans collision,3,2,2,0,1,2,2,0,1,80,,1,0,0,0,1,29.0,,,,1,1,1,2,7
202100004566,2021-12-06 16:10:00,2021,12,6,16,10,974,97422,130 chemin de l'hermitage,-21.259771,55.516158,Plein jour,En agglomération,Hors intersection,Normale,Sans collision,4,2,2,0,2,2,1,0,1,30,,1,0,0,1,0,35.0,,,,1,2,1,1,7
202100004567,2021-12-06 19:07:00,2021,12,6,19,7,974,97405,Rue Augustin Mézino,-21.365175,55.543179,Crépuscule ou aube,Hors agglomération,Intersection en X,Normale,Deux véhicules - frontale,2,4,3,3,1,1,1,0,1,80,,2,1,0,0,1,28.0,83.0,,,2,1,2,1,1
202100004568,2021-12-04 19:24:00,2021,12,4,19,24,74,74010,RD1201,45.951239,6.11917,Nuit sans éclairage public,Hors agglomération,Hors intersection,Pluie forte,Deux véhicules - frontale,3,2,2,0,2,2,2,0,1,80,,5,4,0,0,1,32.0,32.0,,,3,1,1,3,1
202100004569,2021-12-05 18:15:00,2021,12,5,18,15,974,97414,route hubert de lisle,-21.262976,55.451952,Plein jour,Hors agglomération,Hors intersection,Normale,Deux véhicules - côté,3,2,2,0,1,3,1,0,3,-1,,2,1,0,1,0,22.0,,,,1,1,1,1,3
202100004570,2021-12-06 07:50:00,2021,12,6,7,50,38,38383,Route de Voiron,45.375438,5.644999,Crépuscule ou aube,Hors agglomération,Hors intersection,Brouillard / fumée,Deux véhicules - frontale,3,2,2,0,2,2,7,0,1,70,,3,1,0,0,2,43.0,29.0,,,2,1,1,5,1
202100004571,2021-12-06 18:50:00,2021,12,6,18,50,62,62858,D939,50.231476121,3.0062010884,Nuit sans éclairage public,Hors agglomération,Hors intersection,Pluie légère,Deux véhicules - frontale,3,2,2,0,1,1,2,0,1,80,,2,1,1,0,0,34.0,44.0,,,3,1,1,2,1
202100004572,2021-12-05 13:00:00,2021,12,5,13,0,56,56078,Pen Mané,47.80583377,-3.4578234,Plein jour,Hors agglomération,Intersection en Y,Normale,Deux véhicules - côté,3,2,2,0,1,1,1,0,1,70,,3,0,0,1,2,73.0,25.0,,,1,1,4,1,3
202100004573,2021-12-02 17:30:00,2021,12,2,17,30,63,63453,D2089,45.786903,3.272349,Crépuscule ou aube,Hors agglomération,Intersection en T,Pluie légère,Deux véhicules - côté,3,2,2,0,2,1,2,0,1,80,,3,2,0,1,0,20.0,15.0,,,2,1,3,2,3
202100004574,2021-12-05 16:15:00,2021,12,5,16,15,61,61426,Lieu Dit le Nouveau Monde,48.376282,0.548353,Plein jour,Hors agglomération,Hors intersection,Pluie légère,Sans collision,3,2,2,0,2,1,2,0,1,70,,1,0,0,0,1,59.0,,,,1,1,1,2,7
202100004575,2021-12-06 17:05:00,2021,12,6,17,5,68,68182,Rue Principale,47.495988,7.485614,Crépuscule ou aube,En agglomération,Intersection en T,Normale,Deux véhicules - frontale,3,2,2,0,1,1,1,0,1,50,,2,1,0,1,0,15.0,68.0,,,2,2,3,1,1
202100004576,2021-12-01 07:40:00,2021,12,1,7,40,44,44038,lieu dit le pin,47.161197,-2.001765,Nuit sans éclairage public,Hors agglomération,Hors intersection,Normale,Deux véhicules - côté,3,2,2,0,2,2,2,0,1,80,,2,0,0,1,1,46.0,19.0,,,3,1,1,1,3
202100004577,2021-12-05 10:20:00,2021,12,5,10,20,29,29037,giratoire intersection Rue de Croas Ver et rue du Stade,47.884312,-4.156185,Plein jour,En agglomération,Giratoire,Pluie légère,Deux véhicules - côté,3,1,1,0,1,2,2,0,1,50,,2,1,0,0,1,29.0,50.0,,,1,2,6,2,3
202100004578,2021-12-06 18:40:00,2021,12,6,18,40,70,70324,18 Avenue de la Maladière,47.535693,6.040823,Nuit sans éclairage public,Hors agglomération,Hors intersection,Pluie légère,Deux véhicules - frontale,3,2,2,0,1,1,2,0,3,80,,2,1,0,1,0,51.0,23.0,,,3,1,1,2,1
202100004579,2021-12-05 14:00:00,2021,12,5,14,0,70,70415,D434,47.856093,6.082821,Plein jour,En agglomération,Hors intersection,Pluie légère,Autre collision,3,2,2,0,1,3,2,0,4,50,,1,0,0,1,0,58.0,,,,1,2,1,2,6
202100004580,2021-12-02 18:10:00,2021,12,2,18,10,58,58059,Quai Foch,47.186482,3.011118,Crépuscule ou aube,En agglomération,Autre intersection,Pluie légère,Deux véhicules - arrière,2,2,2,0,1,1,2,0,1,50,,2,1,0,0,1,23.0,72.0,,,2,2,9,2,2
202100004581,2021-12-06 08:00:00,2021,12,6,8,0,58,58046,départementale 37,46.862678,3.663104,Crépuscule ou aube,Hors agglomération,Hors intersection,Pluie légère,Deux véhicules - frontale,3,2,2,0,1,1,2,0,1,80,,3,2,1,0,0,22.0,87.0,,,2,1,1,2,1
202100004582,2021-12-06 20:20:00,2021,12,6,20,20,72,72067,D89,48.086365,0.476489,Nuit sans éclairage public,Hors agglomération,Intersection en X,Pluie légère,Deux véhicules - côté,3,2,2,0,1,1,2,0,1,-1,,6,2,0,0,4,21.0,64.0,,,3,1,2,2,3
202100004583,2021-12-05 20:20:00,2021,12,5,20,20,73,73162,D1090,45.610255,6.287999,Nuit sans éclairage public,Hors agglomération,Hors intersection,Pluie forte,Deux véhicules - frontale,3,2,2,0,1,1,2,0,1,80,,3,0,0,1,2,22.0,24.0,,,3,1,1,3,1
202100004584,2021-12-05 23:00:00,2021,12,5,23,0,10,10005,,48.289532,4.514694,Nuit avec éclairage non allumé,Hors agglomération,Hors intersection,Pluie légère,Autre collision,3,2,2,0,1,1,2,0,3,80,,1,0,1,0,0,23.0,,,,4,1,1,2,6
202100004585,2021-11-30 13:22:00,2021,11,30,13,22,36,36088,Route de Bourges,46.953118,2.006657,Plein jour,En agglomération,Giratoire,Normale,Autre collision,2,3,2,0,1,2,1,6,6,50,,3,1,0,0,2,,,,,1,2,6,1,6
202100004586,2021-12-06 05:30:00,2021,12,6,5,30,40,40001,RD39- PK4+400,43.695711,-0.253742,Nuit sans éclairage public,Hors agglomération,Hors intersection,Pluie légère,Deux véhicules - frontale,3,2,2,0,2,2,2,0,1,80,,2,0,1,1,0,20.0,56.0,,,3,1,1,2,1
202100004587,2021-12-06 01:00:00,2021,12,6,1,0,04,04068,Rte St Martin les Eaux,43.891916,5.762635,Nuit sans éclairage public,Hors agglomération,Hors intersection,Normale,Autre collision,4,2,1,0,1,3,1,0,3,80,,1,0,0,1,0,39.0,,,,3,1,1,1,6
202100004588,2021-12-06 06:30:00,2021,12,6,6,30,28,28324,D24,48.499591,1.248563,Nuit sans éclairage public,Hors agglomération,Hors intersection,Normale,Autre collision,3,2,2,0,1,2,2,0,1,80,,1,0,0,1,0,22.0,,,,3,1,1,1,6
202100004589,2021-12-03 12:33:00,2021,12,3,12,33,37,37172,Cht de la Chassetiere,47.449763,0.698195,Plein jour,Hors agglomération,Giratoire,Pluie légère,Autre collision,7,2,2,0,1,2,2,0,8,80,,1,0,1,0,0,87.0,,,,1,1,6,2,6
202100004590,2021-12-06 15:40:00,2021,12,6,15,40,64,64073,A 65 PK 140.400 sens PAU / LANGON,43.434068,-0.419326,Plein jour,Hors agglomération,Autre intersection,Pluie légère,Autre collision,1,1,4,0,4,1,2,0,2,110,,1,0,0,1,0,73.0,,,,1,1,9,2,6
202100004591,2021-12-05 00:30:00,2021,12,5,0,30,45,45210,D93,47.856078,2.826394,Nuit sans éclairage public,Hors agglomération,Hors intersection,Pluie légère,Sans collision,3,2,2,0,1,1,2,0,3,80,,1,0,0,1,0,23.0,,,,3,1,1,2,7
202100004592,2021-12-03 17:45:00,2021,12,3,17,45,45,45024,2152,47.810586,1.670351,Nuit avec éclairage allumé,En agglomération,Hors intersection,Pluie légère,Deux véhicules - arrière,3,2,2,0,1,1,2,0,1,50,,2,1,0,0,1,49.0,48.0,,,5,2,1,2,2
202100004593,2021-12-06 05:15:00,2021,12,6,5,15,77,77090,D619,48.559227,3.196013,Nuit sans éclairage public,Hors agglomération,Hors intersection,Pluie légère,Deux véhicules - frontale,3,2,2,0,1,1,2,0,1,90,,4,0,0,1,3,34.0,23.0,,,3,1,1,2,1
202100004594,2021-12-06 08:30:00,2021,12,6,8,30,77,77107,D402,48.666683,2.842541,Plein jour,En agglomération,Hors intersection,Temps couvert,Autre collision,3,2,2,0,2,1,2,0,1,50,,2,1,0,1,0,32.0,,,,1,2,1,8,6
202100004595,2021-10-27 15:20:00,2021,10,27,15,20,66,66008,Route d Elne,42.556653,3.0124,Plein jour,En agglomération,Hors intersection,Normale,Deux véhicules - côté,3,2,2,0,1,1,1,9,1,50,,2,1,0,1,0,25.0,68.0,,,1,2,1,1,3
202100004596,2021-12-05 18:45:00,2021,12,5,18,45,13,13004,N572N,43.680412,4.517612,Nuit avec éclairage non allumé,Hors agglomération,Hors intersection,Normale,Deux véhicules - arrière,3,2,2,0,1,1,1,0,1,80,,5,3,0,1,1,32.0,28.0,,,4,1,1,1,2
202100004597,2021-12-05 19:00:00,2021,12,5,19,0,13,13015,D6b,43.423674,5.389041,Nuit sans éclairage public,En agglomération,Intersection en T,Normale,Deux véhicules - côté,7,2,2,0,1,1,1,0,1,50,,7,0,0,0,7,19.0,35.0,,,3,2,3,1,3
202100004598,2021-12-04 20:00:00,2021,12,4,20,0,68,68367,D9,48.06981,7.481207,Nuit sans éclairage public,En agglomération,Intersection en Y,Pluie légère,Deux véhicules - côté,3,2,2,0,1,1,2,5,1,50,,4,3,0,1,0,48.0,18.0,,,3,2,4,2,3
202100004599,2021-12-05 22:35:00,2021,12,5,22,35,88,88483,22 Rue de la Mairie,48.198981,6.375375,Nuit avec éclairage allumé,En agglomération,Intersection en T,Pluie légère,Autre collision,3,2,2,0,1,3,2,0,4,50,,1,0,0,1,0,34.0,,,,5,2,3,2,6
202100004600,2021-12-06 11:00:00,2021,12,6,11,0,63,63470,D450,45.848973,3.046732,Plein jour,Hors agglomération,Hors intersection,Pluie légère,Trois véhicules et plus - collisions multiples,3,2,2,0,2,2,2,0,1,80,,5,3,0,1,1,35.0,57.0,,,1,1,1,2,5
202100004601,2021-12-01 07:20:00,2021,12,1,7,20,42,42056,D7,45.4121571336,4.737811625,Crépuscule ou aube,En agglomération,Intersection en X,Temps couvert,Deux véhicules - côté,3,2,1,0,4,1,1,0,1,50,,2,1,0,0,1,50.0,16.0,,,2,2,2,8,3
202100004602,2021-12-06 05:25:00,2021,12,6,5,25,38,38467,920 Route du Bugey,45.667474,5.331899,Nuit sans éclairage public,Hors agglomération,Hors intersection,Pluie légère,Autre collision,3,2,2,0,1,1,2,0,3,80,,1,0,0,1,0,26.0,,,,3,1,1,2,6
202100004603,2021-12-03 07:10:00,2021,12,3,7,10,38,38565,Rue du Peuil,45.277687,5.648298,Crépuscule ou aube,En agglomération,Intersection en T,Normale,Deux véhicules - côté,3,2,2,1,1,1,1,5,5,50,,2,1,0,1,0,60.0,48.0,,,2,2,3,1,3
202100004604,2021-12-05 18:20:00,2021,12,5,18,20,24,24073,Lieu dit Moulin neuf,44.853119,0.810896,Nuit sans éclairage public,Hors agglomération,Hors intersection,Pluie forte,Deux véhicules - frontale,3,2,2,0,1,2,2,0,1,80,,4,2,0,2,0,22.0,69.0,,,3,1,1,3,1
202100004605,2021-12-05 21:25:00,2021,12,5,21,25,49,49301,La Hutte (tillières),47.148028,-1.202815,Nuit sans éclairage public,Hors agglomération,Hors intersection,Pluie légère,Autre collision,3,2,2,0,2,1,2,0,1,80,,1,0,0,0,1,46.0,,,,3,1,1,2,6
202100004606,2021-12-05 18:00:00,2021,12,5,18,0,29,29124,120 Rue de la Marne,48.564835,-4.31285,Crépuscule ou aube,En agglomération,Hors intersection,Temps couvert,Autre collision,3,2,2,0,1,1,2,0,1,50,,2,1,0,1,0,45.0,,,,2,2,1,8,6
202100004607,2021-12-06 16:40:00,2021,12,6,16,40,59,59146,100 Route nationale,50.610516,3.207611,Crépuscule ou aube,En agglomération,Hors intersection,Pluie légère,Autre collision,7,2,2,2,1,1,2,6,1,30,,4,1,0,0,3,78.0,,,,2,2,1,2,6
202100004608,2021-12-05 18:15:00,2021,12,5,18,15,13,13071,A51-Sens Marseille vers Aix en Provence,43.41414,5.36484,Nuit sans éclairage public,Hors agglomération,Hors intersection,Normale,Trois véhicules et plus - en chaîne,1,1,3,0,1,1,1,0,1,90,,4,2,0,0,2,35.0,28.0,,,3,1,1,1,4
202100004609,2021-12-04 10:00:00,2021,12,4,10,0,13,13070,A50-Sens Aubagne vers Marseille,43.28546,5.51481,Plein jour,Hors agglomération,Hors intersection,Pluie légère,Trois véhicules et plus - en chaîne,1,1,3,0,1,1,2,0,1,90,,3,2,0,0,1,22.0,43.0,,,1,1,1,2,4
202100004610,2021-11-30 18:35:00,2021,11,30,18,35,13,13211,A50-Sens Marseille vers Aubagne,43.28633,5.5088,Nuit sans éclairage public,Hors agglomération,Hors intersection,Normale,Deux véhicules - côté,1,1,3,0,1,1,1,0,1,90,,1,0,0,0,1,52.0,,,,3,1,1,1,3
202100004611,2021-12-04 20:55:00,2021,12,4,20,55,13,13005,A50-Sens Marseille vers Aubagne,43.2899907187,5.5553269386,Nuit sans éclairage public,Hors agglomération,Hors intersection,Normale,Trois véhicules et plus - en chaîne,1,1,2,0,2,3,2,0,1,90,,6,2,0,1,3,48.0,24.0,,,3,1,1,1,4
202100004612,2021-11-11 16:10:00,2021,11,11,16,10,13,13005,A502-Sens Aubagne vers Toulon par R.N.,43.28252,5.57757,Plein jour,Hors agglomération,Hors intersection,Temps couvert,Sans collision,1,1,1,0,2,2,1,0,2,90,,1,0,0,0,1,41.0,,,,1,1,1,8,7
202100004613,2021-12-05 05:00:00,2021,12,5,5,0,69,69266,PERIPHERIQUE LAURENT BONNEVAY (BD),45.75482,4.90851,Nuit sans éclairage public,Hors agglomération,Hors intersection,Normale,Autre collision,7,3,8,0,1,1,1,0,1,70,,1,0,0,0,1,43.0,,,,3,1,1,1,6
202100004614,2021-12-04 22:50:00,2021,12,4,22,50,38,38544,A7   25.770 A 27.460,45.543286,4.851808,Nuit sans éclairage public,Hors agglomération,Hors intersection,Pluie légère,Sans collision,1,1,3,0,1,2,2,0,1,110,,6,1,0,1,4,18.0,59.0,,,3,1,1,2,7
202100004615,2021-12-04 16:45:00,2021,12,4,16,45,69,69296,A7,45.64704,4.8324,Crépuscule ou aube,Hors agglomération,Hors intersection,Temps couvert,Autre collision,1,3,6,0,1,1,2,0,1,110,,1,0,0,1,0,29.0,,,,2,1,1,8,6
202100004616,2021-12-04 14:05:00,2021,12,4,14,5,69,69029,A43,45.72776,4.90759,Plein jour,Hors agglomération,Hors intersection,Normale,Trois véhicules et plus - en chaîne,1,3,6,0,1,1,2,0,1,70,,6,5,0,0,1,23.0,31.0,,,1,1,1,1,4