accident_id,datetime,annee,mois,jour,heure,minute,departement,commune_insee,adresse,latitude,longitude,luminosite,agglomeration,intersection,meteo,collision,catr,circ,nbv,vosp,prof,plan,surf,infra,situ,vma,nb_vehicules,nb_usagers,nb_indemnes,nb_tues,nb_blesses_hosp,nb_blesses_legers,age_cond_1,age_cond_2,veh_type_cond_1,veh_type_cond_2,lum_code,agg_code,int_code,atm_code,col_code
202100004617,2021-12-05 18:08:00,2021,12,5,18,8,33,33096,AUTOROUTE A 10,44.891969,-0.501082,Nuit avec éclairage non allumé,Hors agglomération,Hors intersection,Normale,Trois véhicules et plus - en chaîne,1,3,6,0,1,1,2,3,1,90,,9,5,0,0,4,51.0,49.0,,,4,1,1,1,4
202100004618,2021-12-05 18:05:00,2021,12,5,18,5,33,33448,AUTOROUTE A 62,44.713829,-0.516983,Nuit sans éclairage public,Hors agglomération,Hors intersection,Pluie légère,Deux véhicules - arrière,1,3,4,0,1,1,2,0,1,130,,2,0,0,0,2,21.0,20.0,,,3,1,1,2,2
202100004619,2021-12-05 13:12:00,2021,12,5,13,12,33,33080,AUTOROUTE A 62,44.75532,-0.5442,Plein jour,Hors agglomération,Hors intersection,Normale,Autre collision,1,3,4,0,1,1,1,0,1,130,,1,0,0,0,1,61.0,,,,1,1,1,1,6
202100004620,2021-12-05 17:50:00,2021,12,5,17,50,91,91174,RN 104,48.62054,2.46083,Nuit sans éclairage public,Hors agglomération,Hors intersection,Temps couvert,Trois véhicules et plus - en chaîne,2,1,3,0,1,1,2,0,1,90,,5,4,0,0,1,39.0,38.0,,,3,1,1,8,4
202100004621,2021-12-05 16:30:00,2021,12,5,16,30,94,94034,AUTOROUTE A86,48.75965,2.32265,Nuit sans éclairage public,Hors agglomération,Hors intersection,Pluie légère,Autre collision,1,3,2,0,1,1,2,1,1,70,,3,2,0,0,1,23.0,23.0,,,3,1,1,2,6
202100004622,2021-12-05 17:10:00,2021,12,5,17,10,91,91377,BRETELLE A10/RN20,48.716535,2.29102,Nuit sans éclairage public,Hors agglomération,Hors intersection,Pluie forte,Sans collision,1,1,1,0,1,1,2,0,1,70,,1,0,0,0,1,20.0,,,,3,1,1,3,7
202100004623,2021-12-05 16:35:00,2021,12,5,16,35,92,92002,AUTOROUTE A86,48.7602744854,2.2819241881,Crépuscule ou aube,Hors agglomération,Hors intersection,Pluie légère,Autre collision,2,3,2,0,2,1,2,0,1,90,,2,1,0,0,1,24.0,45.0,,,2,1,1,2,6
202100004624,2021-12-05 16:00:00,2021,12,5,16,0,91,91434,AUTOROUTE A6,48.6682,2.35464,Plein jour,Hors agglomération,Hors intersection,Temps couvert,Trois véhicules et plus - en chaîne,1,2,3,0,1,1,2,0,1,110,,6,2,0,0,4,27.0,48.0,,,1,1,1,8,4
202100004625,2021-12-05 11:45:00,2021,12,5,11,45,94,94034,AUTOROUTE A86,48.75815,2.3353,Plein jour,Hors agglomération,Hors intersection,Pluie légère,Sans collision,1,1,1,0,2,2,2,0,1,50,,1,0,0,0,1,56.0,,,,1,1,1,2,7
202100004626,2021-12-05 10:25:00,2021,12,5,10,25,94,94034,AUTOROUTE A86,48.7588400587,2.3244097572,Plein jour,Hors agglomération,Hors intersection,Pluie légère,Sans collision,1,1,2,0,1,1,2,1,1,50,,1,0,0,0,1,22.0,,,,1,1,1,2,7
202100004627,2021-12-05 09:15:00,2021,12,5,9,15,92,92019,AUTOROUTE A86,48.7606565397,2.2842944138,Plein jour,Hors agglomération,Hors intersection,Temps couvert,Sans collision,1,3,2,0,1,1,2,0,2,90,,1,0,0,0,1,45.0,,,,1,1,1,8,7
202100004628,2021-12-05 19:50:00,2021,12,5,19,50,78,78545,A12 W,48.80364,2.04898,Nuit sans éclairage public,Hors agglomération,Hors intersection,Pluie légère,Deux véhicules - arrière,1,3,2,0,3,1,2,0,1,90,,4,0,0,0,4,58.0,47.0,,,3,1,1,2,2
202100004629,2021-12-05 15:30:00,2021,12,5,15,30,78,78545,A12 Y,48.80785,2.05298,Plein jour,Hors agglomération,Hors intersection,Pluie légère,Autre collision,1,1,4,0,1,1,2,0,1,70,,1,0,0,0,1,65.0,,,,1,1,1,2,6
202100004630,2021-12-05 13:50:00,2021,12,5,13,50,92,92025,A86,48.9337607492,2.25454017,Plein jour,Hors agglomération,Hors intersection,Pluie légère,Deux véhicules - arrière,1,3,5,0,1,1,2,0,1,90,,2,1,0,0,1,31.0,19.0,,,1,1,1,2,2
202100004631,2021-12-05 01:10:00,2021,12,5,1,10,92,92036,A86,48.9337071386,2.2742219004,Nuit sans éclairage public,Hors agglomération,Hors intersection,Normale,Sans collision,1,1,3,0,1,3,2,0,1,90,,2,1,0,0,1,22.0,,,,3,1,1,1,7
202100004632,2021-12-05 22:10:00,2021,12,5,22,10,93,93078,AUTOROUTE A104,48.95876,2.53455,Nuit sans éclairage public,Hors agglomération,Hors intersection,Pluie forte,Sans collision,1,3,3,0,1,1,2,0,2,90,,1,0,0,0,1,39.0,,,,3,1,1,3,7
202100004633,2021-12-05 18:25:00,2021,12,5,18,25,93,93005,AUTOROUTE A3,48.95025,2.47478,Nuit sans éclairage public,Hors agglomération,Hors intersection,Pluie légère,Deux véhicules - arrière,1,3,3,0,1,1,2,0,1,90,,3,2,0,0,1,37.0,36.0,,,3,1,1,2,2
202100004634,2021-12-05 19:15:00,2021,12,5,19,15,93,93048,AUTOROUTE A3,48.8704,2.43112,Nuit avec éclairage allumé,Hors agglomération,Hors intersection,Pluie légère,Trois véhicules et plus - en chaîne,1,3,4,0,1,1,2,1,1,90,,5,2,0,0,3,28.0,58.0,,,5,1,1,2,4
202100004635,2021-12-05 17:30:00,2021,12,5,17,30,95,95154,AUTOROUTE A1,49.051782746,2.5477874279,Nuit sans éclairage public,Hors agglomération,Hors intersection,Pluie forte,Deux véhicules - côté,1,3,6,0,1,1,2,0,1,110,,2,1,0,0,1,44.0,37.0,,,3,1,1,3,3
202100004636,2021-12-05 11:40:00,2021,12,5,11,40,93,93078,AUTOROUTE A104,48.96889,2.5068,Plein jour,Hors agglomération,Hors intersection,Pluie légère,Deux véhicules - arrière,1,3,8,0,1,1,2,0,1,110,,3,1,0,0,2,69.0,53.0,,,1,1,1,2,2
202100004637,2021-12-05 06:40:00,2021,12,5,6,40,93,93066,AUTOROUTE A1,48.91462,2.3577,Nuit avec éclairage allumé,Hors agglomération,Hors intersection,Pluie légère,Deux véhicules - arrière,1,3,4,0,1,1,1,1,1,90,,2,1,0,0,1,22.0,38.0,,,5,1,1,2,2
202100004638,2021-12-05 07:40:00,2021,12,5,7,40,95,95218, A15,49.0350169937,2.0986461639,Nuit sans éclairage public,Hors agglomération,Hors intersection,Normale,Autre collision,1,3,7,0,1,1,1,0,1,90,,1,0,0,0,1,23.0,,,,3,1,1,1,6
202100004639,2021-12-05 06:20:00,2021,12,5,6,20,93,93078,AUTOROUTE A104,48.963,2.52188,Crépuscule ou aube,Hors agglomération,Hors intersection,Pluie légère,Autre collision,1,3,8,0,1,1,2,0,1,90,,1,0,0,0,1,22.0,,,,2,1,1,2,6
202100004640,2021-12-04 08:40:00,2021,12,4,8,40,95,95252, A15,48.9825946239,2.2201663256,Plein jour,Hors agglomération,Hors intersection,Pluie forte,Deux véhicules - arrière,1,3,8,0,1,1,2,0,1,110,,2,1,0,0,1,35.0,20.0,,,1,1,1,3,2
202100004641,2021-12-04 01:50:00,2021,12,4,1,50,95,95203,RD 109,48.9780810044,2.2915560007,Nuit avec éclairage non allumé,Hors agglomération,Hors intersection,Pluie légère,Autre collision,3,2,2,0,1,3,2,0,1,90,,1,0,0,0,1,20.0,,,,4,1,1,2,6
202100004642,2021-12-05 13:05:00,2021,12,5,13,5,94,94073,A86 INT,48.7628606503,2.3813598274,Plein jour,Hors agglomération,Hors intersection,Temps couvert,Deux véhicules - arrière,1,1,3,0,1,1,2,1,1,90,,2,1,0,0,1,47.0,33.0,,,1,1,1,8,2
202100004643,2021-12-05 13:20:00,2021,12,5,13,20,94,94017,A86.INT,48.8297175111,2.4830468102,Plein jour,Hors agglomération,Hors intersection,Pluie forte,Deux véhicules - arrière,1,-1,2,0,1,1,2,0,1,90,,2,1,0,0,1,57.0,27.0,,,1,1,1,3,2
202100004644,2021-12-05 11:00:00,2021,12,5,11,0,94,94074,RN406.W,48.76161,2.468,Plein jour,Hors agglomération,Hors intersection,Pluie légère,Autre collision,2,3,4,0,1,4,2,0,1,90,,1,0,0,0,1,33.0,,,,1,1,1,2,6
202100004645,2021-12-05 05:55:00,2021,12,5,5,55,94,94069,A4,48.8164294895,2.45122939,Nuit sans éclairage public,Hors agglomération,Hors intersection,Temps couvert,Autre collision,1,3,8,0,2,2,2,0,1,90,,2,0,0,0,2,28.0,,,,3,1,1,8,6
202100004646,2021-12-05 03:45:00,2021,12,5,3,45,94,94028,A86 EXT,48.7916244865,2.4409925938,Nuit avec éclairage allumé,Hors agglomération,Hors intersection,Pluie forte,Sans collision,1,3,2,0,1,1,2,3,1,70,,1,0,0,0,1,21.0,,,,5,1,1,3,7
202100004647,2021-12-04 19:40:00,2021,12,4,19,40,77,77146,A4.Y,48.8319870876,2.6512725706,Nuit sans éclairage public,Hors agglomération,Hors intersection,Pluie forte,Deux véhicules - arrière,1,1,4,0,1,1,2,0,1,110,,2,1,0,0,1,27.0,30.0,,,3,1,1,3,2
202100004648,2021-11-01 12:50:00,2021,11,1,12,50,33,33256,,44.971951,-0.609735,Plein jour,En agglomération,Hors intersection,Normale,Sans collision,3,2,-1,-1,1,1,1,0,1,50,,1,0,1,0,0,56.0,,,,1,2,1,1,7
202100004649,2021-09-06 08:30:00,2021,9,6,8,30,19,19031,FLEMING (RUE ALEXANDER),45.15313,1.51412,Plein jour,En agglomération,Hors intersection,Normale,Autre collision,4,2,2,0,1,1,1,0,1,50,,1,0,1,0,0,35.0,,,,1,2,1,1,6
202100004650,2021-09-29 19:20:00,2021,9,29,19,20,74,74008,JURA (RUE DU),46.196171,6.22756,Crépuscule ou aube,En agglomération,Intersection en T,Normale,Deux véhicules - côté,4,2,2,0,1,1,1,0,1,50,,2,1,0,1,0,68.0,30.0,,,2,2,3,1,3
202100004651,2021-09-18 17:56:00,2021,9,18,17,56,74,74010,TRESUM (AVENUE DE),45.8955431,6.130072,Plein jour,En agglomération,Hors intersection,Normale,Deux véhicules - côté,4,1,2,0,1,1,1,0,1,50,,2,1,0,0,1,50.0,,,,1,2,1,1,3
202100004652,2021-09-11 17:00:00,2021,9,11,17,0,74,74012,RESISTANCE (RUE DE LA),46.196381,6.25994,Plein jour,En agglomération,Hors intersection,Normale,Deux véhicules - côté,4,2,2,0,1,1,1,0,1,50,,4,0,0,1,3,25.0,36.0,,,1,2,1,1,3
202100004653,2021-09-11 16:40:00,2021,9,11,16,40,74,74001,D22,46.2852191,6.738063,Plein jour,Hors agglomération,Hors intersection,Normale,Sans collision,3,2,2,0,1,3,1,0,3,-1,,1,0,0,0,1,22.0,,,,1,1,1,1,7
202100004654,2021-09-29 23:30:00,2021,9,29,23,30,74,74305,DEBUSSY (RUE CLAUDE),46.20295,6.25891,Nuit avec éclairage allumé,En agglomération,Autre intersection,Normale,Deux véhicules - côté,4,2,2,0,1,3,1,0,1,50,,3,2,0,0,1,50.0,26.0,,,5,2,9,1,3
202100004655,2021-09-10 07:22:00,2021,9,10,7,22,74,74081,Av de la Republique,46.0614981,6.56351,Crépuscule ou aube,En agglomération,Intersection en T,Normale,Autre collision,4,2,2,3,1,1,1,0,6,50,,2,1,0,1,0,57.0,,,,2,2,3,1,6
202100004656,2021-09-08 15:40:00,2021,9,8,15,40,74,74012,RESISTANCE (RUE DE LA),46.197231,6.25219,Plein jour,En agglomération,Intersection en X,Normale,Deux véhicules - côté,3,2,2,0,1,1,1,0,1,50,,2,1,0,1,0,70.0,46.0,,,1,2,2,1,3
202100004657,2021-08-21 16:10:00,2021,8,21,16,10,74,74221,Col de la colombière,46.0139371,6.532618,Plein jour,Hors agglomération,Hors intersection,Normale,Autre collision,3,2,2,0,2,4,1,0,3,80,,1,0,0,1,0,53.0,,,,1,1,1,1,6
202100004658,2021-02-12 04:00:00,2021,2,12,4,0,59,59650,LIBERTE (BOULEVARD DE LA),50.70921,3.18957,Nuit avec éclairage allumé,En agglomération,Hors intersection,Autre,Autre collision,7,3,4,0,1,2,1,0,3,50,,2,0,0,2,0,24.0,,,,5,2,1,9,6
202100004659,2021-02-03 09:55:00,2021,2,3,9,55,59,59650,MEIRLANDT (AVENUE MAURICE),50.70472,3.22068,Plein jour,En agglomération,Hors intersection,Normale,Autre collision,4,2,1,0,1,1,9,0,1,50,,2,1,0,0,1,39.0,,,,1,2,1,1,6
202100004660,2021-12-04 19:35:00,2021,12,4,19,35,27,27229,SAINT LEGER (RUE DU FAUBOURG),49.03357,1.1558,Nuit avec éclairage allumé,En agglomération,Hors intersection,Pluie légère,Autre collision,3,2,2,0,1,1,2,0,1,50,,2,1,0,0,1,25.0,,,,5,2,1,2,6
202100004661,2021-12-04 18:35:00,2021,12,4,18,35,24,24037,PASTEUR (AVENUE),44.85822,0.492,Nuit avec éclairage allumé,En agglomération,Autre intersection,Temps couvert,Autre collision,9,-1,0,0,1,1,1,9,8,30,,2,1,0,1,0,37.0,,,,5,2,9,8,6
202100004662,2021-12-03 16:42:00,2021,12,3,16,42,72,72181,CUGNOT NICOLAS (BD),47.98117,0.21844,Crépuscule ou aube,En agglomération,Hors intersection,Pluie légère,Autre collision,4,3,4,0,1,1,2,0,1,70,,2,1,0,0,1,24.0,,,,2,2,1,2,6
202100004663,2021-12-02 14:45:00,2021,12,2,14,45,50,50218,MATIGNON (AV DES),48.8378,-1.57081,Plein jour,En agglomération,Hors intersection,Normale,Deux véhicules - arrière,3,2,3,0,1,1,1,0,1,50,,2,1,0,0,1,76.0,37.0,,,1,2,1,1,2
202100004664,2021-12-03 15:35:00,2021,12,3,15,35,976,97611,tsoundzou-Kadjifouni ( rue ),-12.80489,45.21054,Plein jour,En agglomération,Hors intersection,Normale,Deux véhicules - côté,2,-1,2,0,1,2,1,0,3,50,,3,1,0,0,2,42.0,25.0,,,1,2,1,1,3
202100004665,2021-12-03 06:35:00,2021,12,3,6,35,976,97611,mamoudzou centre-Republique (Place ),-12.77888,45.23227,Plein jour,En agglomération,Hors intersection,Normale,Deux véhicules - arrière,4,2,2,0,1,1,1,0,1,50,,2,1,0,0,1,42.0,35.0,,,1,2,1,1,2
202100004666,2021-12-04 18:34:00,2021,12,4,18,34,974,97416,PETIT FRERE(CHEMIN),-21.27455,55.49244,Crépuscule ou aube,Hors agglomération,Hors intersection,Temps couvert,Deux véhicules - frontale,4,2,2,0,2,2,1,0,1,30,,2,1,0,0,1,35.0,23.0,,,2,1,1,8,1
202100004667,2021-12-03 08:50:00,2021,12,3,8,50,974,97416,CHANE PANE (CHEMIN),-21.29756,55.45053,Plein jour,En agglomération,Hors intersection,Normale,Sans collision,4,-1,1,0,2,1,1,0,1,30,,1,0,0,0,1,43.0,,,,1,2,1,1,7
202100004668,2021-12-03 16:00:00,2021,12,3,16,0,974,97411,DIGUE (ROUTE),-20.89221,55.47126,Plein jour,En agglomération,Intersection en T,Normale,Deux véhicules - côté,4,2,2,3,1,1,1,0,1,50,,2,1,0,0,1,49.0,27.0,,,1,2,3,1,3
202100004669,2021-12-03 07:50:00,2021,12,3,7,50,974,97411,JAURES (BOULEVARD JEAN),-20.9018,55.50273,Plein jour,En agglomération,Giratoire,Normale,Deux véhicules - côté,2,-1,2,1,1,2,1,0,1,30,,2,1,0,0,1,48.0,37.0,,,1,2,6,1,3
202100004670,2021-12-05 03:30:00,2021,12,5,3,30,974,97409,RN2 SENS STE SUZANNE ST BENOIT,-20.95862,55.65758,Nuit sans éclairage public,Hors agglomération,Hors intersection,Normale,Autre collision,2,1,2,0,1,1,1,0,1,110,,1,0,0,0,1,22.0,,,,3,1,1,1,6
202100004671,2021-12-04 17:40:00,2021,12,4,17,40,973,97302,BADUEL (ROUTE DE),4.92734,-52.29074,Crépuscule ou aube,En agglomération,Hors intersection,Pluie légère,Deux véhicules - côté,3,2,2,0,1,1,2,0,1,50,,4,1,0,0,3,57.0,41.0,,,2,2,1,2,3
202100004672,2021-12-04 15:55:00,2021,12,4,15,55,973,97302,FELIX EBOUE (Rue),4.9383081617,-52.3281891346,Plein jour,En agglomération,Intersection en X,Pluie légère,Deux véhicules - côté,4,1,1,0,1,1,2,0,1,50,,2,1,0,0,1,45.0,39.0,,,1,2,2,2,3
202100004673,2021-12-03 17:51:00,2021,12,3,17,51,973,97302,MIRZA (ROND-POINT),4.93232,-52.32602,Crépuscule ou aube,En agglomération,Giratoire,Pluie légère,Deux véhicules - frontale,4,2,2,0,1,3,2,0,1,50,,2,0,0,0,2,69.0,45.0,,,2,2,6,2,1
202100004674,2021-12-03 11:06:00,2021,12,3,11,6,973,97302,MANDELA  (BOULEVARD),4.93878,-52.32639,Plein jour,En agglomération,Intersection en T,Normale,Deux véhicules - côté,4,1,4,0,1,1,1,0,1,50,,2,1,0,1,0,52.0,15.0,,,1,2,3,1,3
202100004675,2021-12-02 12:58:00,2021,12,2,12,58,973,97302,MONTABO (ROUTE DE) 2,4.9423176856,-52.3051750661,Plein jour,En agglomération,Hors intersection,Normale,Deux véhicules - côté,3,2,1,0,1,1,1,0,1,50,,2,1,0,0,1,20.0,62.0,,,1,2,1,1,3
202100004676,2021-12-02 12:18:00,2021,12,2,12,18,973,97302,MONTABO (ROUTE DE) 1,4.9417803885,-52.3041636944,Plein jour,En agglomération,Intersection en T,Pluie légère,Deux véhicules - frontale,3,2,2,0,1,1,2,0,1,50,,2,1,0,1,0,20.0,33.0,,,1,2,3,2,1
202100004677,2021-12-02 12:45:00,2021,12,2,12,45,973,97302,MONTABO (ROUTE DE) 2,4.9445502462,-52.3152916432,Plein jour,En agglomération,Hors intersection,Normale,Autre collision,3,2,2,0,1,1,1,0,1,50,,2,1,0,0,1,28.0,,,,1,2,1,1,6
202100004678,2021-12-03 23:40:00,2021,12,3,23,40,69,69383,GAMBETTA (CR),45.75159,4.85372,Nuit avec éclairage allumé,En agglomération,Intersection en X,Pluie légère,Deux véhicules - côté,4,2,2,3,1,1,2,0,1,50,,2,1,0,0,1,24.0,41.0,,,5,2,2,2,3
202100004679,2021-12-03 15:30:00,2021,12,3,15,30,69,69388,PAUL SANTY (AV),45.72487,4.88238,Plein jour,En agglomération,Hors intersection,Normale,Autre collision,4,2,2,3,1,1,1,0,4,50,,1,0,0,0,1,27.0,,,,1,2,1,1,6
202100004680,2021-12-03 13:00:00,2021,12,3,13,0,69,69199,YVES FARGE (BD),45.6954166523,4.8589235544,Plein jour,En agglomération,Intersection en X,Normale,Deux véhicules - côté,7,2,2,2,1,1,1,0,1,50,,2,1,0,0,1,38.0,49.0,,,1,2,2,1,3
202100004681,2021-12-03 12:15:00,2021,12,3,12,15,69,69387,TCHECOSLOVAQUES (DES) (BD),45.7451208069,4.8583388329,Plein jour,En agglomération,Intersection en Y,Normale,Deux véhicules - arrière,4,1,3,3,1,1,1,0,1,50,,5,4,0,0,1,46.0,53.0,,,1,2,4,1,2
202100004682,2021-12-03 08:50:00,2021,12,3,8,50,69,69386,CHARMETTES (DES) (R),45.76635,4.86717,Plein jour,En agglomération,Intersection en X,Normale,Deux véhicules - côté,4,1,1,0,1,1,2,0,1,50,,2,1,0,0,1,33.0,79.0,,,1,2,2,1,3
202100004683,2021-12-04 11:00:00,2021,12,4,11,0,972,97209,MARNE (BOULEVARD DE LA),14.60475,-61.08371,Plein jour,En agglomération,Hors intersection,Normale,Deux véhicules - côté,4,2,2,0,2,1,1,0,1,30,,3,1,0,0,2,23.0,59.0,,,1,2,1,1,3
202100004684,2021-12-04 14:50:00,2021,12,4,14,50,69,69381,CROIX ROUSSE (DE LA) (BD),45.7737930233,4.8250043392,Plein jour,En agglomération,Hors intersection,Temps couvert,Deux véhicules - frontale,4,2,2,0,1,1,2,0,1,50,,2,1,0,0,1,40.0,51.0,,,1,2,1,8,1
202100004685,2021-12-03 19:45:00,2021,12,3,19,45,69,69202,CROIX DE PIVORT (DE LA) (CHM),45.73355,4.8034,Nuit avec éclairage allumé,En agglomération,Intersection en T,Pluie légère,Trois véhicules et plus - en chaîne,4,2,2,2,2,2,2,0,1,50,,4,3,0,0,1,,23.0,,,5,2,3,2,4
202100004686,2021-12-03 16:40:00,2021,12,3,16,40,69,69382,BELLECOUR (PL),45.7569892259,4.830545783,Crépuscule ou aube,En agglomération,Hors intersection,Temps couvert,Autre collision,4,1,2,3,1,1,1,0,1,50,,2,1,0,0,1,86.0,,,,2,2,1,8,6
202100004687,2021-12-02 10:45:00,2021,12,2,10,45,69,69034,CLEMENCEAU (Q),45.80285,4.84244,Plein jour,En agglomération,Autre intersection,Pluie légère,Autre collision,4,2,2,0,1,1,2,0,1,50,,1,0,0,0,1,81.0,,,,1,2,9,2,6
202100004688,2021-12-05 01:15:00,2021,12,5,1,15,2B,2B033,PIERANGELLI -COURS,42.6986095466,9.4509673119,Nuit avec éclairage allumé,En agglomération,Intersection en X,Temps couvert,Deux véhicules - côté,4,2,2,0,1,1,1,9,1,30,,5,3,0,0,2,20.0,33.0,,,5,2,2,8,3
202100004689,2021-12-04 07:25:00,2021,12,4,7,25,2B,2B037,TOUTES RUES,42.62338,9.43683,Crépuscule ou aube,En agglomération,Autre intersection,Temps couvert,Deux véhicules - côté,2,1,2,0,1,1,1,9,1,50,,4,1,0,2,1,67.0,23.0,,,2,2,9,8,3
202100004690,2021-12-02 18:15:00,2021,12,2,18,15,2B,2B033,ARINELLA -CHEMIN DE L',42.67286,9.44494,Nuit avec éclairage allumé,En agglomération,Hors intersection,Normale,Deux véhicules - côté,4,2,2,0,1,1,1,0,1,30,,2,1,0,0,1,18.0,78.0,,,5,2,1,1,3
202100004691,2021-12-04 10:10:00,2021,12,4,10,10,971,97101,CENTRE HOSPITALIER,16.2386348788,-61.5264429152,Plein jour,Hors agglomération,Autre intersection,Pluie légère,Autre collision,9,3,2,0,1,1,2,9,8,30,,2,1,0,0,1,47.0,,,,1,1,9,2,6
202100004692,2021-12-03 10:15:00,2021,12,3,10,15,971,97101,ACHILLE RENE BOISNEUF (RUE),16.26921,-61.50606,Plein jour,En agglomération,Intersection en T,Normale,Deux véhicules - côté,3,2,2,0,1,1,1,0,1,50,,2,1,0,0,1,58.0,26.0,,,1,2,3,1,3
202100004693,2021-12-03 07:00:00,2021,12,3,7,0,971,97101,ROUTE DE CHAZEAU,16.28052,-61.49508,Plein jour,Hors agglomération,Hors intersection,Normale,Deux véhicules - arrière,3,2,2,0,1,1,1,0,1,70,,4,1,0,0,3,22.0,50.0,,,1,1,1,1,2
202100004694,2021-12-01 12:00:00,2021,12,1,12,0,971,97107,FLAMBOYANTS ( ALLEE DES ),16.0519448791,-61.5649366379,Plein jour,En agglomération,Intersection en X,Normale,Deux véhicules - côté,3,2,2,0,1,1,1,0,1,50,,2,1,0,0,1,27.0,30.0,,,1,2,2,1,3
202100004695,2021-12-04 17:00:00,2021,12,4,17,0,2A,2A004,ROUTE DU STILETTO,41.94784,8.77372,Nuit avec éclairage allumé,En agglomération,Hors intersection,Temps couvert,Deux véhicules - côté,3,2,2,0,2,1,1,0,1,50,,2,1,0,0,1,50.0,25.0,,,5,2,1,8,3
202100004696,2021-12-04 11:20:00,2021,12,4,11,20,2A,2A004,T21,41.93394,8.75307,Plein jour,En agglomération,Intersection en X,Temps couvert,Deux véhicules - côté,2,1,3,0,1,1,2,0,1,50,,2,1,0,0,1,33.0,45.0,,,1,2,2,8,3
202100004697,2021-12-03 09:45:00,2021,12,3,9,45,95,95268,Rue Jean Moulin,48.961879777,2.4122312665,Plein jour,En agglomération,Intersection en T,Pluie légère,Deux véhicules - côté,4,2,2,0,1,1,2,0,1,50,,3,1,0,0,2,40.0,54.0,,,1,2,3,2,3
202100004698,2021-12-03 19:00:00,2021,12,3,19,0,95,95019,JAURES JEAN (RUE),48.990029586,2.4181723595,Nuit avec éclairage allumé,En agglomération,Hors intersection,Pluie légère,Autre collision,4,2,2,0,1,1,2,0,1,50,,2,1,0,0,1,,,,,5,2,1,2,6
202100004699,2021-12-03 09:30:00,2021,12,3,9,30,95,95598,Avenue du Général Leclerc,48.979658353,2.3039209843,Plein jour,En agglomération,Hors intersection,Normale,Deux véhicules - côté,3,2,2,0,1,1,1,0,1,50,,2,1,0,0,1,33.0,44.0,,,1,2,1,1,3
202100004700,2021-12-04 05:52:00,2021,12,4,5,52,91,91549,CORBEIL (ROUTE DE),48.63926,2.33279,Nuit sans éclairage public,En agglomération,Autre intersection,Autre,Sans collision,3,1,0,0,1,2,1,0,1,50,,1,0,0,0,1,20.0,,,,3,2,9,9,7
202100004701,2021-12-03 17:07:00,2021,12,3,17,7,91,91103,RUE DANIELE CASANOVA,48.60871,2.31224,Nuit avec éclairage allumé,En agglomération,Hors intersection,Pluie forte,Autre collision,3,2,2,0,1,1,2,9,1,30,,2,1,0,0,1,,,,,5,2,1,3,6
202100004702,2021-12-03 18:00:00,2021,12,3,18,0,91,91103,AV SALVADOR ALLENDE,48.6151,2.30446,Nuit avec éclairage allumé,En agglomération,Autre intersection,Pluie forte,Autre collision,3,2,2,1,1,1,2,0,1,50,,2,1,0,0,1,21.0,,,,5,2,9,3,6
202100004703,2021-12-03 14:35:00,2021,12,3,14,35,91,91161,RUE DES   MARES   JULIENNES,48.715526,2.309777,Plein jour,En agglomération,Intersection en T,Pluie légère,Deux véhicules - côté,4,2,2,1,1,1,2,0,1,50,,2,1,1,0,0,49.0,46.0,,,1,2,3,2,3
202100004704,2021-12-03 20:10:00,2021,12,3,20,10,91,91421,MARECHAL FOCH (AVENUE DU),48.709961,2.464514,Nuit avec éclairage allumé,En agglomération,Hors intersection,Pluie légère,Autre collision,4,2,2,0,1,1,2,9,1,30,,2,1,0,0,1,71.0,,,,5,2,1,2,6
202100004705,2021-12-03 08:20:00,2021,12,3,8,20,91,91097,AV DES JONQUILLES,48.685187,2.525486,Plein jour,En agglomération,Hors intersection,Autre,Sans collision,3,2,1,0,1,1,2,0,1,30,,1,0,0,0,1,23.0,,,,1,2,1,9,7
202100004706,2021-12-03 20:00:00,2021,12,3,20,0,91,91687,MARMONT (AVENUE),48.664144,2.37551,Nuit avec éclairage allumé,En agglomération,Hors intersection,Pluie forte,Autre collision,4,3,4,0,2,1,2,1,1,50,,2,1,0,0,1,20.0,,,,5,2,1,3,6
202100004707,2021-12-03 08:30:00,2021,12,3,8,30,91,91589,RUE MISTRAL,48.685017,2.355167,Crépuscule ou aube,En agglomération,Hors intersection,Temps couvert,Autre collision,4,1,1,0,1,1,1,8,1,50,,2,1,0,0,1,35.0,,,,2,2,1,8,6
202100004708,2021-12-01 17:15:00,2021,12,1,17,15,89,89024,JEAN JAURES (AVENUE),47.80108,3.58131,Nuit avec éclairage allumé,En agglomération,Intersection en X,Pluie forte,Autre collision,2,2,3,0,1,1,2,0,1,50,,2,1,0,1,0,22.0,,,,5,2,2,3,6
202100004709,2021-12-04 11:15:00,2021,12,4,11,15,83,83137,COLBERT (AVE),43.1254,5.93287,Plein jour,En agglomération,Intersection en X,Normale,Deux véhicules - côté,4,1,1,0,2,1,1,0,1,30,,2,1,0,1,0,50.0,48.0,,,1,2,2,1,3
202100004710,2021-12-02 16:15:00,2021,12,2,16,15,83,83141,ARCS(ROUTE DES),43.4956677688,6.4895242453,Plein jour,Hors agglomération,Hors intersection,Normale,Trois véhicules et plus - collisions multiples,3,2,2,0,2,2,1,0,1,50,,3,2,0,1,0,20.0,90.0,,,1,1,1,1,5