accident_id,datetime,annee,mois,jour,heure,minute,departement,commune_insee,adresse,latitude,longitude,luminosite,agglomeration,intersection,meteo,collision,catr,circ,nbv,vosp,prof,plan,surf,infra,situ,vma,nb_vehicules,nb_usagers,nb_indemnes,nb_tues,nb_blesses_hosp,nb_blesses_legers,age_cond_1,age_cond_2,veh_type_cond_1,veh_type_cond_2,lum_code,agg_code,int_code,atm_code,col_code
202100004711,2021-12-03 18:30:00,2021,12,3,18,30,81,81144,RN 88,43.96005,2.16725,Nuit sans éclairage public,En agglomération,Hors intersection,Normale,Trois véhicules et plus - en chaîne,2,1,2,0,1,1,1,0,1,70,,3,2,0,0,1,52.0,39.0,,,3,2,1,1,4
202100004712,2021-12-03 17:10:00,2021,12,3,17,10,79,79329,90 Rue Jules Michelet,46.976499,-0.20189,Crépuscule ou aube,En agglomération,Autre intersection,Pluie légère,Sans collision,3,2,2,0,1,1,2,0,1,50,,2,1,0,1,0,34.0,,,,2,2,9,2,7
202100004713,2021-12-02 15:50:00,2021,12,2,15,50,78,78640,GENERAL VALERIE ANDRE (RUE DU),48.77752,2.19282,Plein jour,En agglomération,Hors intersection,Normale,Autre collision,3,2,2,0,1,1,1,0,3,50,,1,0,1,0,0,56.0,,,,1,2,1,1,6
202100004714,2021-11-21 17:00:00,2021,11,21,17,0,78,78172,FOCH (AVENUE DU MARECHAL),49.001911,2.103818,Nuit avec éclairage allumé,En agglomération,Autre intersection,Pluie légère,Deux véhicules - côté,4,-1,1,1,1,1,2,0,5,30,,2,1,0,0,1,33.0,45.0,,,5,2,9,2,3
202100004715,2021-11-29 19:10:00,2021,11,29,19,10,77,77083,CHAMPY-NESLE (BOULEVARD DU),48.84845,2.57842,Nuit avec éclairage allumé,En agglomération,Intersection en X,Normale,Deux véhicules - côté,3,2,3,0,1,1,1,0,1,50,,2,1,0,0,1,22.0,21.0,,,5,2,2,1,3
202100004716,2021-12-03 15:10:00,2021,12,3,15,10,77,77305,GENERAL DE GAULLE (AVENUE DU),48.38182,2.95138,Plein jour,En agglomération,Intersection en T,Pluie légère,Autre collision,4,2,2,0,1,1,2,0,1,50,,2,1,1,0,0,55.0,,,,1,2,3,2,6
202100004717,2021-12-03 19:40:00,2021,12,3,19,40,77,77243,GROUARD  (AVENUE),48.87966,2.72002,Nuit avec éclairage allumé,En agglomération,Hors intersection,Pluie légère,Autre collision,4,2,2,0,2,1,2,0,1,50,,2,1,0,0,1,,,,,5,2,1,2,6
202100004718,2021-12-03 13:40:00,2021,12,3,13,40,77,77464,D418,48.887444,2.703544,Plein jour,En agglomération,Hors intersection,Pluie légère,Autre collision,3,-1,2,0,2,1,2,0,4,50,,1,0,0,1,0,76.0,,,,1,2,1,2,6
202100004719,2021-12-03 23:40:00,2021,12,3,23,40,76,76561,Rue Marechal Leclerc,49.3019,1.01255,Nuit avec éclairage allumé,En agglomération,Giratoire,Pluie forte,Deux véhicules - frontale,7,2,4,0,1,2,2,5,1,50,,3,2,0,0,1,49.0,18.0,,,5,2,6,3,1
202100004720,2021-12-03 18:58:00,2021,12,3,18,58,76,76540,CAUCHOISE. PLACE,49.4459,1.0865,Nuit avec éclairage allumé,En agglomération,Hors intersection,Pluie forte,Autre collision,7,2,4,3,1,1,2,-1,2,50,,2,1,0,0,1,72.0,,,,5,2,1,3,6
202100004721,2021-12-03 18:00:00,2021,12,3,18,0,76,76429,PARIS. ROUTE DE,49.40599,1.14312,Nuit avec éclairage allumé,En agglomération,Intersection en X,Pluie forte,Autre collision,7,2,2,0,1,1,2,9,1,50,,3,1,0,0,2,66.0,,,,5,2,2,3,6
202100004722,2021-12-03 03:00:00,2021,12,3,3,0,76,76351,WINSTON CHURCHILL,49.49327,0.13467,Nuit avec éclairage allumé,En agglomération,Hors intersection,Pluie légère,Sans collision,4,3,4,0,1,1,2,0,1,50,,1,0,0,1,0,23.0,,,,5,2,1,2,7
202100004723,2021-12-04 10:24:00,2021,12,4,10,24,74,74010,GENEVE (AVENUE DE)(SECTEUR 410),45.92343,6.1239,Plein jour,En agglomération,Autre intersection,Pluie légère,Autre collision,3,-1,1,0,1,1,2,0,1,50,,2,1,1,0,0,66.0,,,,1,2,9,2,6
202100004724,2021-12-03 15:00:00,2021,12,3,15,0,73,73065,D991A,45.5891068102,5.9081634879,Plein jour,Hors agglomération,Hors intersection,Normale,Deux véhicules - côté,3,2,2,2,2,1,1,-1,1,70,,3,2,0,0,1,38.0,80.0,,,1,1,1,1,3
202100004725,2021-12-03 07:50:00,2021,12,3,7,50,72,72181,PIFFAULT PIERRE (AV) BESSEMER A MONNIER,47.9614,0.18639,Nuit avec éclairage allumé,En agglomération,Hors intersection,Temps couvert,Deux véhicules - côté,4,2,2,0,1,1,2,0,1,50,,2,1,0,0,1,46.0,18.0,,,5,2,1,8,3
202100004726,2021-12-02 12:40:00,2021,12,2,12,40,72,72181,ARC JEANNE D' (RUE),48.00171,0.20936,Plein jour,En agglomération,Hors intersection,Normale,Deux véhicules - côté,4,1,1,0,1,1,1,0,1,50,,2,1,0,0,1,11.0,74.0,,,1,2,1,1,3
202100004727,2021-12-03 16:35:00,2021,12,3,16,35,71,71306,DE LATTRE DE TASSIGNY (BLD DU MARECHAL),46.67684,4.36986,Plein jour,En agglomération,Hors intersection,Temps couvert,Deux véhicules - arrière,4,2,2,0,1,1,1,0,1,50,,3,2,0,0,1,72.0,16.0,,,1,2,1,8,2
202100004728,2021-12-04 01:25:00,2021,12,4,1,25,71,71270,56 Boulevard des 9 Cles,46.3132861743,4.8205625821,Nuit avec éclairage allumé,En agglomération,Hors intersection,Pluie légère,Deux véhicules - côté,4,3,2,0,1,1,2,9,1,50,,5,1,0,3,1,25.0,64.0,,,5,2,1,2,3
202100004729,2021-12-03 16:50:00,2021,12,3,16,50,69,69275,JEAN JAURES (AV),45.7702445459,4.9547481537,Nuit avec éclairage allumé,En agglomération,Hors intersection,Normale,Deux véhicules - côté,7,2,2,0,1,1,1,0,1,50,,3,2,0,0,1,27.0,18.0,,,5,2,1,1,3
202100004730,2021-12-03 11:30:00,2021,12,3,11,30,69,69266,POUDRETTE (DE LA) (R),45.7616725224,4.9201342463,Plein jour,En agglomération,Intersection en T,Normale,Autre collision,4,2,3,0,1,1,1,0,1,50,,2,1,0,1,0,67.0,,,,1,2,3,1,6
202100004731,2021-12-03 10:35:00,2021,12,3,10,35,66,66136,JOFFRE (AVENUE DU MARECHAL CD 88),42.71475,2.88856,Plein jour,En agglomération,Hors intersection,Normale,Autre collision,4,2,2,0,1,1,1,0,1,50,,2,1,0,0,1,31.0,,,,1,2,1,1,6
202100004732,2021-12-03 08:59:00,2021,12,3,8,59,66,66136,ESPAGNE (ROUTE D'),42.68839,2.89513,Plein jour,En agglomération,Giratoire,Temps éblouissant,Autre collision,4,1,1,0,1,1,1,0,1,30,,2,1,0,0,1,27.0,,,,1,2,6,7,6
202100004733,2021-12-03 15:40:00,2021,12,3,15,40,64,64260,Boulevard de Gaulle,43.35699,-1.77632,Plein jour,En agglomération,Hors intersection,Pluie légère,Trois véhicules et plus - en chaîne,3,2,2,0,1,1,2,0,1,50,,3,1,0,0,2,34.0,51.0,,,1,2,1,2,4
202100004734,2021-12-04 15:50:00,2021,12,4,15,50,64,64445,Avenue Alfred Nobel,43.31545,-0.31473,Plein jour,En agglomération,Hors intersection,Normale,Deux véhicules - côté,4,2,2,0,1,1,2,0,1,50,,2,1,0,0,1,49.0,51.0,,,1,2,1,1,3
202100004735,2021-12-04 00:00:00,2021,12,4,0,0,64,64445,EUROPE DE L',43.32931,-0.34654,Nuit avec éclairage allumé,Hors agglomération,Hors intersection,Pluie légère,Sans collision,3,2,2,0,1,4,2,0,1,70,,1,0,0,0,1,20.0,,,,5,1,1,2,7
202100004736,2021-12-03 17:10:00,2021,12,3,17,10,64,64445,HENRI FAISANS,43.30084,-0.35986,Nuit avec éclairage allumé,En agglomération,Hors intersection,Temps couvert,Deux véhicules - arrière,4,2,2,0,1,1,1,0,1,30,,2,1,0,0,1,23.0,52.0,,,5,2,1,8,2
202100004737,2021-12-02 15:21:00,2021,12,2,15,21,63,63113,RENOUX (PLACE),45.77565,3.08549,Plein jour,En agglomération,Intersection en T,Normale,Autre collision,4,1,1,0,1,1,1,0,1,50,,2,1,0,0,1,19.0,,,,1,2,3,1,6
202100004738,2021-12-02 13:33:00,2021,12,2,13,33,63,63113,CLEMENTEL (BD ETIENNE),45.8082533058,3.109357506,Plein jour,En agglomération,Hors intersection,Normale,Autre collision,7,3,5,0,1,1,1,0,1,50,,2,1,1,0,0,54.0,,,,1,2,1,1,6
202100004739,2021-11-28 21:30:00,2021,11,28,21,30,59,59447,BAUDELIERS (CHEMIN DES),50.37894,3.6187,Nuit sans éclairage public,Hors agglomération,Autre intersection,Normale,Deux véhicules - côté,3,2,2,0,1,1,1,9,3,80,,3,0,1,0,2,57.0,23.0,,,3,1,9,1,3
202100004740,2021-12-04 13:00:00,2021,12,4,13,0,59,59599,DEWYN (RUE DU DOCTEUR),50.72675,3.16033,Plein jour,En agglomération,Intersection en T,Pluie légère,Autre collision,4,-1,2,0,1,1,2,0,1,50,,2,1,0,0,1,40.0,,,,1,2,3,2,6
202100004741,2021-12-03 14:45:00,2021,12,3,14,45,59,59009,PODIUM,50.6525,3.14289,Plein jour,En agglomération,Hors intersection,Pluie légère,Deux véhicules - côté,4,2,1,0,1,1,2,0,1,50,,2,1,0,0,1,22.0,71.0,,,1,2,1,2,3
202100004742,2021-12-03 18:50:00,2021,12,3,18,50,59,59588,FURNES,51.0349708418,2.406398803,Nuit avec éclairage allumé,En agglomération,Intersection en X,Pluie légère,Deux véhicules - côté,3,3,4,0,1,1,2,5,1,50,,6,2,1,0,3,33.0,31.0,,,5,2,2,2,3
202100004743,2021-12-01 06:32:00,2021,12,1,6,32,57,57672,AMERIQUE (CHAUSSEE D'),49.37053,6.16217,Nuit avec éclairage allumé,En agglomération,Hors intersection,Pluie légère,Deux véhicules - arrière,4,3,4,0,1,1,2,0,1,50,,2,1,0,0,1,33.0,38.0,,,5,2,1,2,2
202100004744,2021-12-04 21:50:00,2021,12,4,21,50,56,56260,MADELEINE(PLACE DE LA),47.65904,-2.7719037,Nuit avec éclairage allumé,En agglomération,Intersection en T,Normale,Autre collision,3,1,2,0,1,2,1,0,1,50,,2,1,0,0,1,43.0,,,,5,2,3,1,6
202100004745,2021-12-02 19:47:00,2021,12,2,19,47,56,56121,KERSABIEC (RUE  DE ),47.76445,-3.38502,Nuit avec éclairage allumé,En agglomération,Hors intersection,Normale,Deux véhicules - côté,4,2,2,0,1,1,1,8,1,30,,2,1,0,0,1,41.0,58.0,,,5,2,1,1,3
202100004746,2021-12-02 15:35:00,2021,12,2,15,35,56,56098,THOMAS ( ET  IMP. ALBERT ),47.7598,-3.34856,Plein jour,En agglomération,Intersection en T,Normale,Sans collision,4,2,2,0,1,1,1,5,1,30,,1,0,0,0,1,37.0,,,,1,2,3,1,7
202100004747,2021-12-02 18:10:00,2021,12,2,18,10,52,52121,DIDEROT (BOULEVARD),48.10946,5.14037,Crépuscule ou aube,En agglomération,Hors intersection,Normale,Deux véhicules - côté,3,1,1,0,1,1,1,0,1,30,,2,1,0,0,1,21.0,,,,2,2,1,1,3
202100004748,2021-12-03 10:25:00,2021,12,3,10,25,51,51454,Place Myron Herrick,49.25448,4.03109,Plein jour,En agglomération,Hors intersection,Normale,Sans collision,4,2,2,3,1,1,1,6,6,30,,2,1,0,0,1,51.0,,,,1,2,1,1,7
202100004749,2021-12-03 17:15:00,2021,12,3,17,15,49,49007,RD 323,47.46945,-0.59526,Crépuscule ou aube,En agglomération,Hors intersection,Pluie forte,Trois véhicules et plus - en chaîne,3,3,4,0,1,1,2,0,1,80,,4,3,0,0,1,22.0,58.0,,,2,2,1,3,4
202100004750,2021-12-03 10:52:00,2021,12,3,10,52,49,49246,GAULLE RUE CHARLES DE,47.4262,-0.52598,Plein jour,En agglomération,Hors intersection,Pluie légère,Autre collision,3,2,2,0,1,1,2,0,4,50,,2,1,0,0,1,64.0,,,,1,2,1,2,6
202100004751,2021-12-03 08:34:00,2021,12,3,8,34,49,49007,CHAMBRE AUX DENIERS RUE ET CHEM,47.46579,-0.59606,Crépuscule ou aube,En agglomération,Hors intersection,Pluie légère,Autre collision,4,2,2,0,1,1,2,0,1,50,,2,1,0,1,0,41.0,,,,2,2,1,2,6
202100004752,2021-12-02 07:46:00,2021,12,2,7,46,49,49015,DUNANT RUE HENRI ET ROND POINT,47.5016,-0.5869,Crépuscule ou aube,En agglomération,Hors intersection,Normale,Deux véhicules - côté,4,2,2,0,1,1,1,0,1,50,,2,1,0,0,1,12.0,32.0,,,2,2,1,1,3
202100004753,2021-12-04 06:34:00,2021,12,4,6,34,47,47001,GAILLARD (AV. ET PONT DE),44.2122,0.62868,Nuit avec éclairage allumé,En agglomération,Intersection en X,Pluie légère,Deux véhicules - arrière,4,2,2,0,2,1,2,0,1,50,,2,1,0,1,0,47.0,27.0,,,5,2,2,2,2
202100004754,2021-12-03 08:38:00,2021,12,3,8,38,47,47001,BOILLOT (RUE A.),44.20645,0.64059,Plein jour,En agglomération,Hors intersection,Normale,Deux véhicules - arrière,4,2,2,0,1,1,1,0,1,50,,4,2,0,0,2,47.0,43.0,,,1,2,1,1,2
202100004755,2021-12-03 14:55:00,2021,12,3,14,55,45,45285,Rue de la Mouchetière,47.9131735734,1.8582947552,Crépuscule ou aube,En agglomération,Intersection en T,Pluie légère,Deux véhicules - côté,4,2,4,0,1,1,2,0,1,50,,3,2,0,0,1,38.0,21.0,,,2,2,3,2,3
202100004756,2021-12-02 18:45:00,2021,12,2,18,45,37,37261,EIFFEL (AVENUE GUSTAVE),47.4257582292,0.6969760358,Nuit avec éclairage allumé,En agglomération,Giratoire,Normale,Deux véhicules - côté,4,-1,2,0,1,1,1,5,1,50,,4,3,0,0,1,38.0,37.0,,,5,2,6,1,3
202100004757,2021-12-03 11:20:00,2021,12,3,11,20,37,37261,BERT (QUAI PAUL),47.4023660173,0.6946840882,Plein jour,En agglomération,Hors intersection,Pluie légère,Deux véhicules - côté,4,2,2,0,1,1,2,0,1,50,,2,1,0,0,1,23.0,14.0,,,1,2,1,2,3
202100004758,2021-12-03 07:45:00,2021,12,3,7,45,37,37261,DANIEL MAYER,47.418944741,0.7047343254,Plein jour,En agglomération,Giratoire,Pluie légère,Deux véhicules - côté,4,2,2,0,1,3,2,9,1,50,,2,1,0,0,1,60.0,49.0,,,1,2,6,2,3
202100004759,2021-12-03 00:00:00,2021,12,3,0,0,37,37261,MAGINOT (AV. ANDRE),47.4215045528,0.6957583129,Nuit avec éclairage allumé,En agglomération,Hors intersection,Normale,Deux véhicules - côté,4,2,2,0,1,1,1,0,1,50,,3,1,0,0,2,19.0,48.0,,,5,2,1,1,3
202100004760,2021-12-03 21:00:00,2021,12,3,21,0,35,35238,PATTON (AVENUE DU GENERAL SIR GEORGES),48.12876,-1.66425,Nuit avec éclairage allumé,En agglomération,Intersection en X,Pluie légère,Deux véhicules - frontale,4,2,6,0,1,1,2,5,1,50,,2,1,0,0,1,22.0,26.0,,,5,2,2,2,1
202100004761,2021-12-03 18:35:00,2021,12,3,18,35,35,35238,GINGUENE,48.09943,-1.67556,Nuit avec éclairage allumé,En agglomération,Intersection en X,Pluie légère,Autre collision,4,1,1,2,1,1,2,0,1,30,,2,1,0,0,1,42.0,,,,5,2,2,2,6
202100004762,2021-12-03 17:15:00,2021,12,3,17,15,35,35238,VANEAU,48.109102828,-1.6929320097,Crépuscule ou aube,En agglomération,Hors intersection,Pluie légère,Autre collision,4,2,2,0,1,1,2,0,1,50,,3,1,0,0,2,24.0,78.0,,,2,2,1,2,6
202100004763,2021-12-03 03:20:00,2021,12,3,3,20,35,35051,RN157,48.113763,-1.553639,Nuit sans éclairage public,Hors agglomération,Hors intersection,Pluie légère,Sans collision,2,3,4,0,1,1,2,0,1,110,,1,0,0,0,1,34.0,,,,3,1,1,2,7
202100004764,2021-12-03 10:12:00,2021,12,3,10,12,34,34301,CAYENNE (ROUTE DE),43.41214,3.69695,Plein jour,En agglomération,Hors intersection,Normale,Autre collision,4,2,3,0,1,1,1,2,1,50,,2,1,1,0,0,33.0,,,,1,2,1,1,6
202100004765,2021-12-03 10:45:00,2021,12,3,10,45,34,34172,ABRIVADO (RUE DE L'),43.589563,3.887892,Plein jour,En agglomération,Passage à niveau,Normale,Autre collision,4,2,2,3,1,1,1,4,6,50,,2,1,0,0,1,56.0,,,,1,2,8,1,6
202100004766,2021-12-04 20:08:00,2021,12,4,20,8,33,33069,Avenue Victor Hugo,44.8639,-0.59029,Nuit avec éclairage allumé,En agglomération,Intersection en X,Pluie légère,Deux véhicules - côté,4,2,2,0,1,1,2,5,1,50,,2,1,0,0,1,29.0,22.0,,,5,2,2,2,3
202100004767,2021-12-04 13:50:00,2021,12,4,13,50,33,33119,Rue Jules Guesde,44.8569588781,-0.5373939872,Plein jour,En agglomération,Intersection en T,Pluie forte,Deux véhicules - frontale,4,1,2,2,1,1,2,0,1,50,,2,1,0,0,1,24.0,64.0,,,1,2,3,3,1
202100004768,2021-12-04 11:00:00,2021,12,4,11,0,33,33063,Rue de Lacanau,44.8483,-0.61686,Plein jour,En agglomération,Giratoire,Temps éblouissant,Deux véhicules - côté,4,2,2,0,1,1,2,0,1,50,,2,1,0,1,0,49.0,73.0,,,1,2,6,7,3
202100004769,2021-12-03 18:30:00,2021,12,3,18,30,33,33063,Avenue d'Arès,44.8385644657,-0.6172026849,Nuit avec éclairage allumé,En agglomération,Hors intersection,Pluie forte,Autre collision,4,2,2,0,1,1,2,0,1,50,,2,1,0,0,1,34.0,,,,5,2,1,3,6
202100004770,2021-12-03 03:20:00,2021,12,3,3,20,33,33119,Avenue Carnot,44.86295,-0.53,Nuit avec éclairage allumé,En agglomération,Hors intersection,Temps couvert,Deux véhicules - frontale,4,3,2,0,2,2,2,0,1,50,,2,0,0,0,2,44.0,35.0,,,5,2,1,8,1
202100004771,2021-12-04 17:36:00,2021,12,4,17,36,31,31555,VA008493 LA CRABE A624 Sortie 2,43.610206,1.373841,Nuit sans éclairage public,Hors agglomération,Hors intersection,Pluie légère,Deux véhicules - arrière,1,1,3,0,1,1,2,9,1,90,,3,2,0,0,1,65.0,21.0,,,3,1,1,2,2
202100004772,2021-12-04 06:20:00,2021,12,4,6,20,31,31555,31 A LES MINIMES  (PERIPH OUEST A620),43.626293,1.419219,Nuit sans éclairage public,Hors agglomération,Hors intersection,Pluie légère,Trois véhicules et plus - collisions multiples,1,1,3,0,1,1,2,0,1,90,,4,3,0,0,1,,36.0,,,3,1,1,2,5
202100004773,2021-12-03 22:15:00,2021,12,3,22,15,31,31555,RUE DES SEPT TROUBADOURS,43.60703,1.45289,Nuit avec éclairage allumé,En agglomération,Intersection en X,Pluie légère,Deux véhicules - côté,4,1,1,0,1,1,2,0,1,30,,2,1,0,0,1,63.0,18.0,,,5,2,2,2,3
202100004774,2021-12-03 17:37:00,2021,12,3,17,37,31,31555,CHE DE LESTANG,43.55139,1.39412,Nuit avec éclairage allumé,En agglomération,Hors intersection,Temps couvert,Autre collision,4,2,2,0,2,1,1,9,1,50,,3,2,0,0,1,56.0,37.0,,,5,2,1,8,6
202100004775,2021-12-03 12:20:00,2021,12,3,12,20,31,31555,D980,43.60691,1.36887,Plein jour,Hors agglomération,Hors intersection,Normale,Trois véhicules et plus - en chaîne,7,3,4,0,1,1,1,0,1,90,,4,2,0,0,2,39.0,67.0,,,1,1,1,1,4
202100004776,2021-12-04 10:42:00,2021,12,4,10,42,29,29232,Route de Douarnenez,48.0018206,-4.157584905,Plein jour,Hors agglomération,Giratoire,Normale,Deux véhicules - frontale,3,2,2,0,1,1,2,0,1,70,,4,1,0,0,3,72.0,19.0,,,1,1,6,1,1
202100004777,2021-12-03 11:30:00,2021,12,3,11,30,29,29232,Rue Henri Barbusse,47.99045,-4.07584,Plein jour,En agglomération,Hors intersection,Pluie légère,Deux véhicules - arrière,4,2,2,0,2,1,2,0,1,50,,2,1,0,0,1,40.0,40.0,,,1,2,1,2,2
202100004778,2021-12-03 13:15:00,2021,12,3,13,15,28,28134,ROCHELLES (RUE DES),48.73157,1.37316,Plein jour,En agglomération,Hors intersection,Normale,Deux véhicules - côté,4,2,1,1,1,1,2,0,1,30,,2,1,0,0,1,33.0,,,,1,2,1,1,3
202100004779,2021-12-03 16:55:00,2021,12,3,16,55,27,27681,CAPUCINS (AVENUE DES),49.09357,1.47187,Nuit avec éclairage allumé,En agglomération,Intersection en X,Pluie légère,Autre collision,4,2,2,0,1,1,2,9,1,30,,2,1,0,0,1,40.0,,,,5,2,2,2,6
202100004780,2021-12-04 15:45:00,2021,12,4,15,45,27,27306,CONCORDE (RUE),49.0134507103,1.1749384042,Plein jour,Hors agglomération,Hors intersection,Neige / grêle,Deux véhicules - côté,4,1,1,0,1,1,2,9,8,30,,2,1,0,0,1,34.0,18.0,,,1,1,1,4,3
202100004781,2021-12-02 18:40:00,2021,12,2,18,40,25,25056,TREPILLOT RUE DE,47.2428,6.00758,Nuit sans éclairage public,En agglomération,Giratoire,Temps couvert,Autre collision,3,2,2,0,3,1,2,0,1,50,,2,1,0,0,1,67.0,,,,3,2,6,8,6
202100004782,2021-12-04 02:15:00,2021,12,4,2,15,25,25056,SEPTIEME ARMEE AM. AVENUE,47.22123,6.0309,Nuit avec éclairage allumé,En agglomération,Hors intersection,Pluie forte,Sans collision,3,2,2,0,2,1,2,0,8,50,,1,0,0,0,1,32.0,,,,5,2,1,3,7
202100004783,2021-11-09 08:35:00,2021,11,9,8,35,25,25056,CHURCHILL BD WINSTON,47.24519,5.99654,Plein jour,En agglomération,Giratoire,Temps éblouissant,Deux véhicules - arrière,3,2,2,0,1,3,1,0,1,50,,2,1,0,0,1,49.0,43.0,,,1,2,6,7,2
202100004784,2021-12-03 16:30:00,2021,12,3,16,30,22,22360,MARCEL RAULT,48.4865047222,-2.741596341,Plein jour,En agglomération,Hors intersection,Pluie légère,Deux véhicules - frontale,4,2,1,0,1,1,2,0,1,50,,5,2,0,0,3,41.0,18.0,,,1,2,1,2,1
202100004785,2021-12-03 17:30:00,2021,12,3,17,30,14,14118,MONTALIVET (COURS),49.17952,-0.34172,Nuit avec éclairage allumé,En agglomération,Autre intersection,Pluie légère,Autre collision,3,3,2,0,1,1,2,3,1,70,,3,1,0,0,2,19.0,33.0,,,5,2,9,2,6
202100004786,2021-12-03 07:35:00,2021,12,3,7,35,14,14566,MALON (RUE DE),49.21525,-0.38309,Nuit avec éclairage allumé,En agglomération,Hors intersection,Pluie légère,Autre collision,3,2,2,0,1,1,2,6,1,50,,2,1,0,1,0,29.0,,,,5,2,1,2,6
202100004787,2021-12-01 11:15:00,2021,12,1,11,15,14,14101,ECHANGEUR N° 9 ( PORTE DE BRETAGNE ),49.164765,-0.428156,Plein jour,En agglomération,Hors intersection,Normale,Deux véhicules - arrière,2,1,4,0,1,3,2,0,1,110,,7,3,0,1,3,68.0,29.0,,,1,2,1,1,2
202100004788,2021-11-20 21:00:00,2021,11,20,21,0,13,13071,RD 543,43.4110326933,5.3659676463,Nuit avec éclairage allumé,En agglomération,Hors intersection,Normale,Deux véhicules - côté,7,2,2,0,1,1,1,0,1,30,,3,2,0,0,1,18.0,56.0,,,5,2,1,1,3
202100004789,2021-12-04 14:50:00,2021,12,4,14,50,13,13214,DANIEL CASANOVA (BOULEVARD),43.32648,5.37447,Plein jour,En agglomération,Intersection en T,Pluie légère,Autre collision,4,2,2,0,1,1,2,0,1,50,,4,3,0,0,1,23.0,,,,1,2,3,2,6
202100004790,2021-12-04 02:24:00,2021,12,4,2,24,13,13207,Corniche John Fitzgérald Kennedy,43.28296,5.3505,Nuit avec éclairage allumé,En agglomération,Hors intersection,Pluie légère,Sans collision,4,2,2,0,1,1,2,0,1,50,,1,0,0,1,0,49.0,,,,5,2,1,2,7
202100004791,2021-12-03 20:45:00,2021,12,3,20,45,13,13209,MORGIOU (chemin de ),43.24356,5.40609,Nuit avec éclairage allumé,En agglomération,Autre intersection,Normale,Deux véhicules - frontale,4,2,2,0,1,1,1,0,1,50,,2,0,0,0,2,59.0,22.0,,,5,2,9,1,1
202100004792,2021-12-03 05:20:00,2021,12,3,5,20,13,13210,RABATAU (BOULEVARD),43.276567766,5.3976833013,Nuit avec éclairage allumé,En agglomération,Hors intersection,Normale,Deux véhicules - côté,4,2,2,0,1,2,1,2,1,50,,2,1,0,0,1,,46.0,,,5,2,1,1,3
202100004793,2021-12-03 22:10:00,2021,12,3,22,10,11,11069,TROIS COURONNES,43.2105129531,2.3579192162,Nuit avec éclairage allumé,En agglomération,Intersection en X,Pluie légère,Autre collision,3,1,1,0,1,1,2,0,1,50,,1,0,0,0,1,15.0,,,,5,2,2,2,6
202100004794,2021-12-04 04:00:00,2021,12,4,4,0,10,10387,JULES GUESDE (RUE),48.30522,4.0741,Nuit avec éclairage allumé,En agglomération,Hors intersection,Pluie légère,Autre collision,4,-1,2,0,1,2,2,0,1,50,,3,1,0,0,2,,,,,5,2,1,2,6
202100004795,2021-12-04 12:30:00,2021,12,4,12,30,10,10325,EGALITE (RUE DE L'),48.2674740656,4.0609502792,Plein jour,En agglomération,Giratoire,Normale,Deux véhicules - côté,3,2,1,0,1,3,1,9,1,50,,3,2,0,0,1,,46.0,,,1,2,6,1,3
202100004796,2021-12-03 16:53:00,2021,12,3,16,53,10,10387,LOMBARDS (AVENUE),48.269,4.08465,Nuit avec éclairage allumé,En agglomération,Hors intersection,Pluie légère,Deux véhicules - frontale,4,-1,2,0,1,1,2,0,1,50,,2,1,0,0,1,18.0,21.0,,,5,2,1,2,1
202100004797,2021-12-03 13:39:00,2021,12,3,13,39,10,10333,CHARLES DE REFUGE (RUE),48.28081,4.05094,Plein jour,En agglomération,Hors intersection,Temps couvert,Autre collision,4,3,2,0,1,1,1,0,1,50,,4,1,0,0,3,54.0,,,,1,2,1,8,6
202100004798,2021-12-02 11:29:00,2021,12,2,11,29,10,10387,PIERRE BROSSOLETTE (RUE),48.29023,4.07602,Plein jour,En agglomération,Intersection en T,Temps éblouissant,Deux véhicules - côté,4,2,4,0,1,1,1,0,1,50,,2,1,0,0,1,58.0,68.0,,,1,2,3,7,3
202100004799,2021-12-04 13:15:00,2021,12,4,13,15,06,06088,MADELEINE (BD DE LA),43.706855,7.231973,Plein jour,En agglomération,Hors intersection,Temps éblouissant,Autre collision,4,3,4,0,1,1,1,0,1,50,,2,0,0,2,0,22.0,,,,1,2,1,7,6
202100004800,2021-12-03 16:55:00,2021,12,3,16,55,06,06088,ANGLAIS (DU N° 1 AU N° 43),43.69456,7.25989,Crépuscule ou aube,En agglomération,Hors intersection,Normale,Deux véhicules - côté,7,1,3,0,1,1,1,0,4,50,,4,2,0,2,0,50.0,24.0,,,2,2,1,1,3
202100004801,2021-12-03 08:48:00,2021,12,3,8,48,06,06088,GRENOUILLERES (AV. DES),43.667169,7.216657,Plein jour,En agglomération,Hors intersection,Normale,Deux véhicules - arrière,4,1,1,0,1,1,1,0,1,50,,3,2,0,1,0,57.0,46.0,,,1,2,1,1,2
202100004802,2021-12-04 13:51:00,2021,12,4,13,51,06,06123,DE GAULLE GENERAL AVENUE,43.67341,7.18981,Plein jour,En agglomération,Hors intersection,Normale,Autre collision,7,-1,2,0,1,1,1,0,1,50,,2,1,0,0,1,29.0,,,,1,2,1,1,6
202100004803,2021-12-03 07:50:00,2021,12,3,7,50,06,06027,TUILIERES AVENUE DES,43.670354,7.163208,Plein jour,En agglomération,Hors intersection,Normale,Deux véhicules - arrière,4,2,2,0,2,1,1,0,1,50,,2,1,0,0,1,40.0,52.0,,,1,2,1,1,2
202100004804,2021-12-03 18:50:00,2021,12,3,18,50,75,75116,PORTE MAILLOT,48.877205,2.279158,Nuit avec éclairage non allumé,En agglomération,Intersection en Y,Pluie forte,Autre collision,4,1,2,0,2,1,2,0,1,50,,1,0,0,0,1,41.0,,,,4,2,4,3,6