accident_id,datetime,annee,mois,jour,heure,minute,departement,commune_insee,adresse,latitude,longitude,luminosite,agglomeration,intersection,meteo,collision,catr,circ,nbv,vosp,prof,plan,surf,infra,situ,vma,nb_vehicules,nb_usagers,nb_indemnes,nb_tues,nb_blesses_hosp,nb_blesses_legers,age_cond_1,age_cond_2,veh_type_cond_1,veh_type_cond_2,lum_code,agg_code,int_code,atm_code,col_code
202100004805,2021-12-03 17:10:00,2021,12,3,17,10,75,75117,PORTE DE CHAMPERRET,48.888308292,2.2920495272,Nuit avec éclairage allumé,En agglomération,Intersection en Y,Pluie forte,Autre collision,4,1,4,0,1,1,2,0,1,70,,1,0,0,0,1,61.0,,,,5,2,4,3,6
202100004806,2021-12-04 04:40:00,2021,12,4,4,40,75,75113,AVENUE DE LA PORTE D IVRY,48.819628,2.373084,Nuit sans éclairage public,En agglomération,Intersection en X,Pluie légère,Deux véhicules - côté,4,2,4,0,1,1,2,2,1,30,,2,1,0,1,0,27.0,34.0,,,3,2,2,2,3
202100004807,2021-12-03 23:45:00,2021,12,3,23,45,75,75120,RUE BELGRAND,48.864885,2.398661,Nuit avec éclairage allumé,En agglomération,Place,Pluie légère,Autre collision,4,2,1,0,1,1,2,0,1,30,,2,1,0,0,1,59.0,,,,5,2,7,2,6
202100004808,2021-12-04 22:58:00,2021,12,4,22,58,75,75119,AVENUE JEAN JAURES,48.883808,2.374143,Nuit avec éclairage allumé,En agglomération,Hors intersection,Normale,Autre collision,4,1,0,1,1,1,1,-1,5,50,,2,1,0,0,1,33.0,,,,5,2,1,1,6
202100004809,2021-12-04 20:25:00,2021,12,4,20,25,75,75118,RUE ORDENER,48.892044,2.346948,Nuit avec éclairage allumé,En agglomération,Intersection en T,Pluie légère,Deux véhicules - côté,4,2,3,0,1,1,2,0,1,30,,2,1,0,0,1,57.0,,,,5,2,3,2,3
202100004810,2021-12-03 22:00:00,2021,12,3,22,0,75,75118,RUE MARX DORMOY,48.890252,2.359914,Nuit avec éclairage allumé,En agglomération,Intersection en X,Pluie légère,Autre collision,4,2,3,3,1,1,2,0,6,30,,3,2,0,0,1,65.0,,,,5,2,2,2,6
202100004811,2021-12-04 01:00:00,2021,12,4,1,0,75,75117,AVENUE NIEL,48.88327,2.296565,Nuit avec éclairage allumé,En agglomération,Intersection en T,Pluie légère,Sans collision,4,2,2,0,1,1,2,0,1,30,,1,0,0,0,1,29.0,,,,5,2,3,2,7
202100004812,2021-12-03 09:15:00,2021,12,3,9,15,75,75115,RUE DE VOUILLE,48.835107,2.303782,Plein jour,En agglomération,Intersection en T,Normale,Deux véhicules - frontale,4,2,2,0,1,1,1,0,1,30,,2,1,0,0,1,39.0,35.0,,,1,2,3,1,1
202100004813,2021-12-04 20:00:00,2021,12,4,20,0,75,75113,RUE JACQUES DESTREE,48.8175720246,2.3533862829,Nuit avec éclairage allumé,En agglomération,Intersection en X,Pluie légère,Deux véhicules - arrière,4,2,3,0,2,1,2,0,1,30,,2,1,0,0,1,22.0,37.0,,,5,2,2,2,2
202100004814,2021-12-03 21:00:00,2021,12,3,21,0,75,75113,AVENUE DE LA PORTE D ITALIE,48.81808,2.359783,Nuit avec éclairage allumé,En agglomération,Intersection en X,Pluie légère,Deux véhicules - arrière,4,2,6,3,1,1,2,0,1,30,,2,1,0,0,1,45.0,52.0,,,5,2,2,2,2
202100004815,2021-12-04 15:23:00,2021,12,4,15,23,75,75112,AVENUE DAUMESNIL,48.839951,2.432149,Plein jour,En agglomération,Intersection en T,Normale,Deux véhicules - côté,4,2,2,0,1,1,2,0,1,30,,2,1,0,1,0,58.0,52.0,,,1,2,3,1,3
202100004816,2021-12-04 15:15:00,2021,12,4,15,15,75,75112,AVENUE DE NOGENT,48.841997,2.449119,Plein jour,En agglomération,Intersection en Y,Normale,Autre collision,4,2,3,1,1,1,2,0,1,50,,2,1,0,0,1,62.0,,,,1,2,4,1,6
202100004817,2021-12-04 17:00:00,2021,12,4,17,0,75,75111,RUE DES TROIS BORNES,48.866177,2.371226,Nuit avec éclairage allumé,En agglomération,Intersection en T,Pluie légère,Autre collision,4,1,1,2,2,1,2,0,1,30,,3,2,0,0,1,,,,,5,2,3,2,6
202100004818,2021-12-04 16:45:00,2021,12,4,16,45,75,75111,BOULEVARD DE MENILMONTANT,48.86507,2.38481,Crépuscule ou aube,En agglomération,Intersection en T,Pluie légère,Trois véhicules et plus - collisions multiples,4,1,1,0,1,1,2,0,1,30,,3,2,0,0,1,23.0,31.0,,,2,2,3,2,5
202100004819,2021-12-03 11:50:00,2021,12,3,11,50,75,75110,BOULEVARD DE STRASBOURG,48.871515,2.355498,Plein jour,En agglomération,Hors intersection,Pluie légère,Trois véhicules et plus - collisions multiples,4,1,0,3,1,1,2,0,6,30,,3,2,0,0,1,27.0,49.0,,,1,2,1,2,5
202100004820,2021-12-04 02:50:00,2021,12,4,2,50,75,75107,QUAI BRANLY,48.857471,2.291043,Nuit avec éclairage allumé,En agglomération,Intersection en T,Pluie légère,Deux véhicules - côté,4,2,7,0,1,1,2,0,1,30,,2,1,0,0,1,22.0,44.0,,,5,2,3,2,3
202100004821,2021-12-04 12:50:00,2021,12,4,12,50,75,75103,RUE DES FRANCS BOURGEOIS,48.857955,2.360161,Plein jour,En agglomération,Hors intersection,Temps couvert,Autre collision,4,1,1,0,1,1,2,0,1,30,,2,1,0,0,1,28.0,,,,1,2,1,8,6
202100004822,2021-12-04 02:15:00,2021,12,4,2,15,75,75109,RUE DE TREVISE,48.875942,2.345547,Nuit avec éclairage allumé,En agglomération,Intersection en X,Pluie légère,Deux véhicules - côté,4,1,1,1,1,1,2,0,1,30,,3,1,0,0,2,41.0,23.0,,,5,2,2,2,3
202100004823,2021-12-04 07:40:00,2021,12,4,7,40,94,94080,Avenue de Paris,48.8457,2.428,Crépuscule ou aube,En agglomération,Hors intersection,Pluie légère,Deux véhicules - côté,3,2,2,1,1,1,2,9,1,50,,2,1,0,0,1,32.0,65.0,,,2,2,1,2,3
202100004824,2021-12-04 10:30:00,2021,12,4,10,30,94,94078,Rue de Paris,48.735582,2.446676,Plein jour,En agglomération,Intersection à plus de 4 branches,Pluie légère,Deux véhicules - côté,2,3,4,0,1,1,2,0,1,50,,4,1,0,3,0,30.0,19.0,,,1,2,5,2,3
202100004825,2021-12-04 21:00:00,2021,12,4,21,0,94,94016,COUSIN DE MERICOURT (AV),48.79879,2.33268,Nuit sans éclairage public,En agglomération,Autre intersection,Pluie légère,Deux véhicules - côté,9,2,2,0,1,1,2,0,1,50,,3,1,0,0,2,39.0,47.0,,,3,2,9,2,3
202100004826,2021-12-04 20:05:00,2021,12,4,20,5,94,94003,ARISTIDE BRIAND (AV),48.8104,2.32701,Nuit avec éclairage allumé,En agglomération,Giratoire,Pluie légère,Deux véhicules - frontale,3,3,6,0,1,1,2,0,1,50,,2,1,0,0,1,58.0,,,,5,2,6,2,1
202100004827,2021-12-04 11:05:00,2021,12,4,11,5,94,94016,Avenue Carnot,48.7944365744,2.3312120976,Plein jour,En agglomération,Intersection en X,Pluie légère,Deux véhicules - côté,3,3,2,0,1,1,2,0,1,50,,2,1,0,0,1,55.0,55.0,,,1,2,2,2,3
202100004828,2021-12-04 18:20:00,2021,12,4,18,20,94,94038,Avenue Flouquet,48.77542,2.32627,Nuit avec éclairage allumé,En agglomération,Intersection en X,Pluie légère,Autre collision,3,2,2,0,1,1,2,0,1,50,,2,1,0,0,1,78.0,,,,5,2,2,2,6
202100004829,2021-12-04 14:45:00,2021,12,4,14,45,93,93055,CIMETIERE PARISIEN (AVENUE DU),48.9085276931,2.3994280277,Plein jour,En agglomération,Hors intersection,Normale,Autre collision,4,1,1,0,1,1,1,0,1,50,,2,1,0,0,1,58.0,,,,1,2,1,1,6
202100004830,2021-12-03 20:40:00,2021,12,3,20,40,93,93063,PROGRES RUE DU,48.8718796984,2.439811153,Nuit avec éclairage allumé,En agglomération,Intersection en X,Pluie forte,Deux véhicules - frontale,3,2,1,0,1,1,3,0,1,50,,2,1,0,0,1,27.0,23.0,,,5,2,2,3,1
202100004831,2021-12-04 22:05:00,2021,12,4,22,5,93,93005,MITRY [CD115] (ROUTE DE),48.94957,2.52016,Nuit avec éclairage allumé,En agglomération,Hors intersection,Pluie légère,Autre collision,3,1,2,0,1,1,2,0,1,50,,1,0,0,0,1,47.0,,,,5,2,1,2,6
202100004832,2021-12-04 09:20:00,2021,12,4,9,20,93,93005,DOCTEUR CLAUDE BERNARD (RUE DU),48.9519822332,2.5206144518,Plein jour,En agglomération,Hors intersection,Pluie légère,Autre collision,4,2,2,0,1,1,2,0,1,50,,2,1,0,0,1,32.0,,,,1,2,1,2,6
202100004833,2021-12-04 17:33:00,2021,12,4,17,33,92,92048,PAVE DES GARDES (ROUTE DU),48.812259169,2.2148019075,Nuit sans éclairage public,En agglomération,Intersection en X,Pluie forte,Sans collision,3,3,4,0,1,3,2,3,1,50,,2,1,0,0,1,73.0,25.0,,,3,2,2,3,7
202100004834,2021-12-03 22:25:00,2021,12,3,22,25,92,92050,CLEMENCEAU GEORGES AVENUE N° PAIR,48.8857970987,2.217797935,Nuit avec éclairage allumé,En agglomération,Hors intersection,Pluie forte,Autre collision,3,2,5,2,1,1,2,0,1,50,,2,1,1,0,0,,,,,5,2,1,3,6
202100004835,2021-12-04 19:10:00,2021,12,4,19,10,92,92026,Quai du Maréchal Joffre,48.9006110236,2.2752481699,Nuit avec éclairage allumé,En agglomération,Intersection en T,Pluie légère,Autre collision,3,1,2,0,1,1,3,0,1,70,,2,1,0,0,1,22.0,,,,5,2,3,2,6
202100004836,2021-12-04 13:15:00,2021,12,4,13,15,92,92023,GENERAL DE GAULLE (AV DU) N°130 A 340 ET,48.7897666469,2.2622019053,Plein jour,En agglomération,Hors intersection,Temps couvert,Autre collision,3,-1,2,0,1,1,2,0,1,50,,2,1,0,0,1,22.0,,,,1,2,1,8,6
202100004837,2021-12-04 17:51:00,2021,12,4,17,51,92,92012,MARCEL SEMBAT (PLACE),48.8337823895,2.2436544299,Nuit avec éclairage allumé,En agglomération,Giratoire,Pluie légère,Deux véhicules - côté,3,-1,0,1,1,1,2,0,1,50,,2,1,0,1,0,40.0,36.0,,,5,2,6,2,3
202100004838,2021-12-04 16:30:00,2021,12,4,16,30,92,92012,REPUBLIQUE (BOULEVARD DE LA) 5/77BIS - 6,48.831176322,2.2568374872,Crépuscule ou aube,En agglomération,Hors intersection,Temps couvert,Deux véhicules - côté,3,3,6,0,1,1,1,0,1,50,,2,1,0,0,1,26.0,24.0,,,2,2,1,8,3
202100004839,2021-12-04 04:50:00,2021,12,4,4,50,73,73085,1337 Route d Aix,45.79851,5.858969,Nuit avec éclairage allumé,En agglomération,Intersection en T,Pluie forte,Autre collision,3,2,2,0,2,2,2,0,8,30,,1,0,0,1,0,32.0,,,,5,2,3,3,6
202100004840,2021-12-04 20:25:00,2021,12,4,20,25,74,74295,Route des Grandes Alpes,46.309203,6.611259,Nuit sans éclairage public,Hors agglomération,Hors intersection,Pluie légère,Autre collision,3,2,2,0,2,2,2,0,1,80,,2,1,1,0,0,79.0,,,,3,1,1,2,6
202100004841,2021-12-03 17:00:00,2021,12,3,17,0,58,58086,28 Avenue du 85ème de Ligne,47.401218,2.922642,Nuit avec éclairage allumé,En agglomération,Hors intersection,Pluie légère,Autre collision,3,2,2,0,1,1,2,0,1,50,,3,1,0,2,0,32.0,,,,5,2,1,2,6
202100004842,2021-12-04 23:15:00,2021,12,4,23,15,65,65340,5 Route de Rabastens,43.264393,0.103755,Nuit avec éclairage allumé,En agglomération,Hors intersection,Pluie légère,Deux véhicules - arrière,2,2,2,0,1,1,2,0,1,70,,2,0,0,1,1,41.0,54.0,,,5,2,1,2,2
202100004843,2021-12-03 17:15:00,2021,12,3,17,15,14,14738,A84,49.164055,-0.438981,Plein jour,Hors agglomération,Hors intersection,Pluie légère,Trois véhicules et plus - en chaîne,1,3,4,0,1,1,2,0,1,130,,5,4,0,1,0,53.0,63.0,,,1,1,1,2,4
202100004844,2021-12-05 12:55:00,2021,12,5,12,55,62,62499,route nationale 1,50.385326,1.728104,Plein jour,Hors agglomération,Hors intersection,Pluie forte,Autre collision,3,2,2,0,1,1,3,0,3,80,,1,0,0,1,0,49.0,,,,1,1,1,3,6
202100004845,2021-12-04 14:15:00,2021,12,4,14,15,30,30034,D6113,43.7581,4.51816,Plein jour,Hors agglomération,Hors intersection,Pluie légère,Deux véhicules - côté,3,2,1,0,1,1,2,0,1,80,,4,0,0,2,2,20.0,75.0,,,1,1,1,2,3
202100004846,2021-12-03 07:50:00,2021,12,3,7,50,51,51391,Rue de la Gare,49.27589,3.898239,Nuit avec éclairage allumé,En agglomération,Intersection en T,Normale,Deux véhicules - côté,4,2,2,0,1,1,1,0,1,50,,2,1,0,1,0,35.0,19.0,,,5,2,3,1,3
202100004847,2021-12-05 00:35:00,2021,12,5,0,35,56,56172,La Croix Peinte,47.796119,-2.673905,Nuit sans éclairage public,Hors agglomération,Hors intersection,Pluie forte,Autre collision,3,2,2,0,1,3,2,0,8,80,,1,0,0,1,0,34.0,,,,3,1,1,3,6
202100004848,2021-12-03 20:40:00,2021,12,3,20,40,2A,2A085,195 Traina,41.918810244,8.8918435612,Nuit sans éclairage public,Hors agglomération,Hors intersection,Normale,Deux véhicules - frontale,2,2,2,0,2,3,1,0,1,80,,7,0,0,2,5,43.0,19.0,,,3,1,1,1,1
202100004849,2021-12-05 08:36:00,2021,12,5,8,36,11,11288,D6113,43.256112,2.260464,Plein jour,Hors agglomération,Hors intersection,Pluie forte,Autre collision,3,3,2,0,1,1,2,0,1,80,,1,0,0,1,0,20.0,,,,1,1,1,3,6
202100004850,2021-12-05 15:27:00,2021,12,5,15,27,71,71516,Rue du Rondot,46.814225,5.249952,Plein jour,Hors agglomération,Hors intersection,Pluie légère,Autre collision,4,2,2,0,1,1,2,0,1,80,,1,0,0,0,1,48.0,,,,1,1,1,2,6
202100004851,2021-12-05 13:05:00,2021,12,5,13,5,71,71137,d22 - pierre folle,46.400297,4.650382,Plein jour,Hors agglomération,Hors intersection,Temps couvert,Autre collision,3,2,2,0,1,2,2,0,3,80,,1,0,0,1,0,51.0,,,,1,1,1,8,6
202100004852,2021-12-04 13:35:00,2021,12,4,13,35,89,89263,nationale 6,47.838845,3.551741,Plein jour,Hors agglomération,Hors intersection,Normale,Trois véhicules et plus - collisions multiples,2,2,3,0,1,1,2,0,1,90,,3,1,0,1,1,19.0,74.0,,,1,1,1,1,5
202100004853,2021-12-04 15:55:00,2021,12,4,15,55,61,61205,Le Bourg Heugon,48.855997,0.396937,Plein jour,En agglomération,Place,Pluie forte,Autre collision,3,-1,-1,0,1,1,2,0,8,30,,2,1,0,1,0,72.0,,,,1,2,7,3,6
202100004854,2021-12-04 05:30:00,2021,12,4,5,30,61,61166,Rue de la Montchevalerie,48.64674,0.375375,Nuit sans éclairage public,Hors agglomération,Hors intersection,Pluie légère,Autre collision,3,2,2,0,2,2,2,0,3,90,,2,0,1,1,0,29.0,,,,3,1,1,2,6
202100004855,2021-12-04 11:25:00,2021,12,4,11,25,47,47214,Bel Air,44.33046,0.280267,Plein jour,Hors agglomération,Intersection en T,Normale,Deux véhicules - arrière,3,2,2,0,1,1,3,0,1,80,,3,2,0,1,0,26.0,38.0,,,1,1,3,1,2
202100004856,2021-12-04 16:00:00,2021,12,4,16,0,44,44212,La Vergne,47.149086,-1.24403,Crépuscule ou aube,Hors agglomération,Intersection en X,Normale,Deux véhicules - côté,3,2,2,0,2,4,2,0,1,80,,2,1,0,1,0,55.0,65.0,,,2,1,2,1,3
202100004857,2021-12-05 01:40:00,2021,12,5,1,40,35,35224,"RN 176, PK 24.900",48.544619,-1.858256,Nuit sans éclairage public,Hors agglomération,Hors intersection,Pluie légère,Autre collision,2,3,4,0,1,1,2,0,1,110,,6,4,1,0,1,37.0,28.0,,,3,1,1,2,6
202100004858,2021-12-05 07:30:00,2021,12,5,7,30,31,31436,D626B route de Carbonne,43.325813,1.069124,Nuit sans éclairage public,Hors agglomération,Hors intersection,Pluie légère,Autre collision,3,2,2,0,1,3,2,0,1,80,,1,0,0,1,0,18.0,,,,3,1,1,2,6
202100004859,2021-12-04 06:25:00,2021,12,4,6,25,38,38268,D525,45.415835,6.089301,Nuit sans éclairage public,Hors agglomération,Hors intersection,Pluie légère,Sans collision,3,2,2,0,1,1,2,0,8,70,,1,0,0,1,0,43.0,,,,3,1,1,2,7
202100004860,2021-12-05 15:20:00,2021,12,5,15,20,38,38124,Les Combes de Parjin,45.611768,5.54794,Plein jour,Hors agglomération,Hors intersection,Normale,Deux véhicules - côté,4,2,2,0,1,3,2,0,1,70,,4,3,0,0,1,18.0,21.0,,,1,1,1,1,3
202100004861,2021-12-04 23:00:00,2021,12,4,23,0,02,02321,Rue de la louviere,49.853411,3.892288,Nuit sans éclairage public,En agglomération,Autre intersection,Pluie légère,Autre collision,3,2,2,0,1,2,2,0,3,50,,3,0,0,2,1,35.0,,,,3,2,9,2,6
202100004862,2021-12-04 17:25:00,2021,12,4,17,25,01,01445,Route de Strasbourg,46.323742,5.307968,Nuit sans éclairage public,Hors agglomération,Intersection en T,Pluie légère,Deux véhicules - frontale,3,2,2,0,1,1,2,0,1,80,,2,1,0,0,1,30.0,44.0,,,3,1,3,2,1
202100004863,2021-12-04 23:53:00,2021,12,4,23,53,70,70447,RN 57,47.439351,6.073723,Nuit sans éclairage public,Hors agglomération,Hors intersection,Pluie légère,Deux véhicules - frontale,2,2,2,0,1,1,2,0,1,80,,3,0,0,3,0,34.0,18.0,,,3,1,1,2,1
202100004864,2021-12-05 16:50:00,2021,12,5,16,50,58,58095,D979,46.816479,3.514209,Crépuscule ou aube,Hors agglomération,Hors intersection,Pluie légère,Autre collision,3,2,2,0,1,1,2,0,8,80,,1,0,0,1,0,24.0,,,,2,1,1,2,6
202100004865,2021-12-05 02:50:00,2021,12,5,2,50,54,54200,Rue de Voissogne,48.87586,5.84993,Nuit sans éclairage public,En agglomération,Hors intersection,Pluie légère,Autre collision,3,2,2,0,2,1,2,0,3,50,,6,0,0,3,3,21.0,,,,3,2,1,2,6
202100004866,2021-12-05 10:30:00,2021,12,5,10,30,64,64495,1352 Vieille Route de Saint-Pée,43.37164,-1.587952,Plein jour,Hors agglomération,Hors intersection,Pluie légère,Autre collision,3,2,2,0,2,3,2,0,1,50,,2,1,0,1,0,75.0,,,,1,1,1,2,6
202100004867,2021-12-04 13:18:00,2021,12,4,13,18,64,64256,Départementale 21,43.39525,-1.314463,Plein jour,Hors agglomération,Hors intersection,Pluie forte,Deux véhicules - côté,3,-1,2,0,1,2,2,0,1,-1,,2,0,0,1,1,31.0,63.0,,,1,1,1,3,3
202100004868,2021-12-05 09:00:00,2021,12,5,9,0,53,53247,La Valière (Tunnel),48.112238,-1.044549,Plein jour,Hors agglomération,Hors intersection,Pluie légère,Sans collision,3,2,2,1,1,1,2,0,8,80,,2,0,2,0,0,77.0,,,,1,1,1,2,7
202100004869,2021-12-04 15:45:00,2021,12,4,15,45,28,28351,rue de chateauneuf,48.582222,1.209226,Plein jour,Hors agglomération,Hors intersection,Pluie légère,Deux véhicules - frontale,3,2,2,0,1,1,2,0,3,80,,2,0,0,1,1,18.0,,,,1,1,1,2,1
202100004870,2021-12-04 12:35:00,2021,12,4,12,35,24,24168,Lieu dit MONPLAISIR - RN21,44.715056,0.557857,Plein jour,Hors agglomération,Hors intersection,Pluie légère,Deux véhicules - frontale,2,2,2,0,1,1,1,0,1,80,,3,2,0,1,0,36.0,30.0,,,1,1,1,2,1
202100004871,2021-12-04 18:30:00,2021,12,4,18,30,78,78455,Route Nationale 307,48.847943,2.053478,Nuit sans éclairage public,Hors agglomération,Hors intersection,Pluie légère,Deux véhicules - arrière,3,3,4,0,1,1,2,0,1,90,,2,1,0,0,1,,50.0,,,3,1,1,2,2
202100004872,2021-12-05 15:55:00,2021,12,5,15,55,28,28392,A10 PK60+000,48.245663,1.851569,Plein jour,Hors agglomération,Hors intersection,Pluie forte,Autre collision,1,3,3,0,1,1,2,0,3,130,,4,2,0,1,1,34.0,,,,1,1,1,3,6
202100004873,2021-12-04 17:12:00,2021,12,4,17,12,27,27656,A13,49.353602,0.454817,Nuit sans éclairage public,Hors agglomération,Hors intersection,Neige / grêle,Trois véhicules et plus - collisions multiples,1,1,2,0,4,2,7,0,1,130,,14,8,1,1,4,49.0,65.0,,,3,1,1,4,5
202100004874,2021-12-04 17:20:00,2021,12,4,17,20,27,27656,A13,49.356984,0.462863,Crépuscule ou aube,Hors agglomération,Hors intersection,Neige / grêle,Autre collision,1,3,4,0,1,1,7,0,3,130,,9,5,0,2,2,25.0,,,,2,1,1,4,6
202100004875,2021-12-05 22:00:00,2021,12,5,22,0,976,97608,Boulevard des crabes,-12.787675,45.264101,Nuit avec éclairage allumé,En agglomération,Hors intersection,Normale,Deux véhicules - côté,2,2,2,0,1,1,1,9,1,50,,2,1,0,1,0,57.0,37.0,,,5,2,1,1,3
202100004876,2021-12-05 07:00:00,2021,12,5,7,0,976,97607,Ironi Be,-12.831113,45.192754,Plein jour,Hors agglomération,Hors intersection,Normale,Deux véhicules - côté,2,2,2,0,1,1,1,0,1,70,,2,1,0,0,1,,55.0,,,1,1,1,1,3
202100004877,2021-12-03 22:50:00,2021,12,3,22,50,973,97304,Pk 52 RN1,5.117275,-52.647042,Nuit sans éclairage public,Hors agglomération,Hors intersection,Pluie légère,Deux véhicules - côté,2,2,2,0,1,2,2,0,1,70,,2,1,0,1,0,31.0,23.0,,,3,1,1,2,3
202100004878,2021-12-04 13:00:00,2021,12,4,13,0,973,97304,RN1 PK 50,5.1075693226,-52.6383876801,Plein jour,Hors agglomération,Hors intersection,Normale,Trois véhicules et plus - collisions multiples,2,2,2,0,1,2,1,0,1,80,,8,7,0,1,0,24.0,37.0,,,1,1,1,1,5
202100004879,2021-12-03 18:10:00,2021,12,3,18,10,33,33527,Avenue de la Côte d Argent,44.63569,-1.02253,Nuit sans éclairage public,En agglomération,Hors intersection,Pluie forte,Autre collision,3,2,2,0,1,1,2,0,1,30,,2,1,0,0,1,70.0,,,,3,2,1,3,6
202100004880,2021-12-04 20:45:00,2021,12,4,20,45,28,28344,D 7.3,48.399178,1.743393,Nuit sans éclairage public,Hors agglomération,Hors intersection,Normale,Deux véhicules - côté,3,2,2,0,1,1,2,0,3,80,,1,0,0,1,0,18.0,,,,3,1,1,1,3
202100004881,2021-12-03 18:05:00,2021,12,3,18,5,91,91226,Avenue d Orléans,48.485874,2.190704,Nuit avec éclairage allumé,En agglomération,Hors intersection,Pluie forte,Autre collision,3,2,2,0,1,1,2,1,1,30,,2,1,0,0,1,35.0,,,,5,2,1,3,6
202100004882,2021-12-03 19:40:00,2021,12,3,19,40,34,34170,Route d Argeliers,43.335534,2.908019,Nuit sans éclairage public,En agglomération,Hors intersection,Temps couvert,Sans collision,3,2,2,0,1,2,1,0,3,50,,1,0,0,0,1,23.0,,,,3,2,1,8,7
202100004883,2021-12-05 17:15:00,2021,12,5,17,15,05,05118,RD 948 - CHATEAUNEUF DE CHABRE - Les labours,44.288945,5.822883,Nuit sans éclairage public,Hors agglomération,Hors intersection,Normale,Autre collision,3,2,2,0,1,3,1,0,3,90,,1,0,0,1,0,42.0,,,,3,1,1,1,6
202100004884,2021-12-05 18:15:00,2021,12,5,18,15,13,13004,D572N,43.663432,4.455932,Nuit sans éclairage public,Hors agglomération,Hors intersection,Normale,Trois véhicules et plus - collisions multiples,3,2,2,0,1,3,1,0,1,-1,,5,2,1,1,1,54.0,53.0,,,3,1,1,1,5
202100004885,2021-12-05 00:15:00,2021,12,5,0,15,71,71555,Chemin de la Chaintré,46.693994,4.872785,Nuit sans éclairage public,Hors agglomération,Hors intersection,Pluie légère,Autre collision,4,2,2,0,2,3,2,0,3,80,,1,0,1,0,0,60.0,,,,3,1,1,2,6
202100004886,2021-12-04 19:10:00,2021,12,4,19,10,68,68334,Bd Auguste Scheurer Kestner,47.812452,7.095918,Nuit avec éclairage allumé,En agglomération,Hors intersection,Pluie légère,Autre collision,3,2,2,0,1,1,2,0,1,50,,2,1,0,0,1,29.0,,,,5,2,1,2,6
202100004887,2021-12-04 17:58:00,2021,12,4,17,58,68,68269,13 Rue du 3 Décembre,48.191931,7.322214,Nuit avec éclairage allumé,En agglomération,Hors intersection,Pluie forte,Autre collision,3,2,2,0,2,1,2,0,1,50,,2,1,0,1,0,37.0,,,,5,2,1,3,6
202100004888,2021-12-04 17:05:00,2021,12,4,17,5,55,55351,Rue Ernest Mabille,49.517385,5.367481,Nuit avec éclairage allumé,En agglomération,Intersection en T,Pluie légère,Deux véhicules - côté,3,2,2,0,1,1,2,0,1,50,,2,1,0,1,0,49.0,16.0,,,5,2,3,2,3
202100004889,2021-12-04 20:30:00,2021,12,4,20,30,38,38412,Chemin des Bourdoires,45.397945,5.752984,Nuit sans éclairage public,Hors agglomération,Hors intersection,Neige / grêle,Autre collision,4,2,2,0,2,1,2,0,1,70,,1,0,0,1,0,22.0,,,,3,1,1,4,6
202100004890,2021-12-05 05:45:00,2021,12,5,5,45,69,69190,MARCEL MERIEUX (R),45.768455,4.699525,Nuit avec éclairage allumé,En agglomération,Hors intersection,Temps couvert,Deux véhicules - frontale,3,2,2,0,1,3,2,0,1,50,,3,0,0,0,3,25.0,27.0,,,5,2,1,8,1
202100004891,2021-10-20 16:50:00,2021,10,20,16,50,64,64304,Chemin de l Aiguette,43.493456,-1.395645,Plein jour,Hors agglomération,Autre intersection,Normale,Deux véhicules - côté,3,2,2,0,1,1,1,0,1,70,,2,1,0,1,0,19.0,88.0,,,1,1,9,1,3
202100004892,2021-12-03 19:10:00,2021,12,3,19,10,22,22171,D700,48.412917,-2.822735,Nuit sans éclairage public,Hors agglomération,Hors intersection,Pluie forte,Trois véhicules et plus - en chaîne,3,2,2,0,1,1,2,0,1,80,,5,1,0,1,3,37.0,63.0,,,3,1,1,3,4
202100004893,2021-12-04 13:00:00,2021,12,4,13,0,69,69259,RD383   11.750 A 14.250,45.71812,4.86841,Plein jour,Hors agglomération,Hors intersection,Autre,Deux véhicules - arrière,7,3,10,0,1,1,2,0,1,70,,3,1,0,0,2,40.0,28.0,,,1,1,1,9,2
202100004894,2021-12-04 11:45:00,2021,12,4,11,45,33,33249,ROUTE NATIONALE 230,44.881725,-0.511404,Plein jour,Hors agglomération,Hors intersection,Normale,Sans collision,2,1,2,0,1,2,2,3,1,50,,1,0,0,0,1,28.0,,,,1,1,1,1,7
202100004895,2021-12-04 17:50:00,2021,12,4,17,50,77,77251,AUTOROUTE A5A,48.6265369,2.5388121,Nuit sans éclairage public,Hors agglomération,Hors intersection,Pluie légère,Trois véhicules et plus - en chaîne,1,3,4,0,1,1,2,0,1,110,,4,3,0,0,1,27.0,46.0,,,3,1,1,2,4
202100004896,2021-12-04 13:35:00,2021,12,4,13,35,92,92060,RN385,48.7756032854,2.238094687,Plein jour,Hors agglomération,Hors intersection,Pluie légère,Deux véhicules - arrière,2,1,3,0,1,1,2,0,1,90,,2,1,0,0,1,42.0,36.0,,,1,1,1,2,2