accident_id,datetime,annee,mois,jour,heure,minute,departement,commune_insee,adresse,latitude,longitude,luminosite,agglomeration,intersection,meteo,collision,catr,circ,nbv,vosp,prof,plan,surf,infra,situ,vma,nb_vehicules,nb_usagers,nb_indemnes,nb_tues,nb_blesses_hosp,nb_blesses_legers,age_cond_1,age_cond_2,veh_type_cond_1,veh_type_cond_2,lum_code,agg_code,int_code,atm_code,col_code
202100004897,2021-12-04 11:10:00,2021,12,4,11,10,92,92012,A13,48.8485446228,2.2283505179,Plein jour,Hors agglomération,Hors intersection,Pluie légère,Autre collision,1,1,2,0,1,3,2,0,1,70,,1,0,0,0,1,54.0,,,,1,1,1,2,6
202100004898,2021-12-04 00:40:00,2021,12,4,0,40,78,78291,A13,48.9654,1.7556,Nuit sans éclairage public,Hors agglomération,Hors intersection,Pluie légère,Deux véhicules - arrière,1,1,3,0,3,2,2,0,1,90,,3,2,0,0,1,24.0,55.0,,,3,1,1,2,2
202100004899,2021-12-04 15:00:00,2021,12,4,15,0,93,93078,AUTOROUTE A104,48.9633672612,2.521329936,Plein jour,Hors agglomération,Hors intersection,Pluie légère,Autre collision,1,-1,3,0,1,2,2,0,1,90,,3,0,0,0,3,26.0,,,,1,1,1,2,6
202100004900,2021-12-04 13:45:00,2021,12,4,13,45,93,93053,AUTOROUTE A3,48.8840254398,2.4599409324,Plein jour,Hors agglomération,Hors intersection,Temps couvert,Autre collision,1,3,3,0,2,2,2,0,1,90,,1,0,0,0,1,51.0,,,,1,1,1,8,6
202100004901,2021-12-04 10:15:00,2021,12,4,10,15,93,93005,AUTOROUTE A1,48.96083,2.46834,Plein jour,Hors agglomération,Hors intersection,Pluie légère,Deux véhicules - frontale,1,3,8,0,1,1,2,0,1,110,,1,0,0,0,1,54.0,,,,1,1,1,2,1
202100004902,2021-12-04 02:49:00,2021,12,4,2,49,93,93066,AUTOROUTE A3,48.9321804951,2.3704585433,Nuit avec éclairage non allumé,Hors agglomération,Hors intersection,Pluie légère,Deux véhicules - arrière,1,3,8,0,2,1,2,0,1,90,,2,1,0,0,1,26.0,34.0,,,4,1,1,2,2
202100004903,2021-12-04 02:45:00,2021,12,4,2,45,92,92036,AUTOROUTE A15,48.9492053212,2.2806984183,Nuit sans éclairage public,Hors agglomération,Hors intersection,Pluie légère,Deux véhicules - arrière,1,3,8,0,1,1,2,0,1,110,,2,0,0,0,2,39.0,23.0,,,3,1,1,2,2
202100004904,2021-12-03 22:20:00,2021,12,3,22,20,95,95572,RN 184,49.0339384659,2.1115958691,Nuit sans éclairage public,Hors agglomération,Hors intersection,Pluie forte,Deux véhicules - arrière,2,3,6,0,1,1,2,0,1,90,,3,1,0,0,2,20.0,32.0,,,3,1,1,3,2
202100004905,2021-12-04 09:00:00,2021,12,4,9,0,94,94073,A86 EXT,48.7678501065,2.37867726,Plein jour,Hors agglomération,Hors intersection,Pluie légère,Sans collision,1,3,3,0,1,3,2,1,1,90,,1,0,0,1,0,47.0,,,,1,1,1,2,7
202100004906,2021-12-04 07:15:00,2021,12,4,7,15,94,94044,RN406.Y,48.76011,2.46917,Nuit sans éclairage public,Hors agglomération,Hors intersection,Normale,Autre collision,2,-1,2,0,1,1,1,0,1,90,,2,1,0,0,1,38.0,53.0,,,3,1,1,1,6
202100004907,2021-12-04 05:55:00,2021,12,4,5,55,94,94073,A86 EXT,48.76349,2.38093,Nuit avec éclairage allumé,Hors agglomération,Hors intersection,Pluie légère,Trois véhicules et plus - en chaîne,1,3,6,0,1,1,2,1,1,90,,3,2,0,0,1,53.0,34.0,,,5,1,1,2,4
202100004908,2021-12-04 03:45:00,2021,12,4,3,45,94,94073,A86 EXT,48.76823,2.379,Nuit sans éclairage public,Hors agglomération,Hors intersection,Pluie légère,Trois véhicules et plus - en chaîne,1,1,3,0,1,3,2,1,1,80,,3,1,0,0,2,25.0,19.0,,,3,1,1,2,4
202100004909,2021-12-02 17:40:00,2021,12,2,17,40,75,75115,QUAI D ISSY LES MOULINEAUX,48.83484,2.264067,Crépuscule ou aube,En agglomération,Hors intersection,Normale,Trois véhicules et plus - collisions multiples,4,1,4,0,1,1,1,0,1,70,,4,2,0,0,2,54.0,21.0,,,2,2,1,1,5
202100004910,2021-11-30 13:08:00,2021,11,30,13,8,75,75117,AVENUE DES TERNES,48.878327,2.295643,Plein jour,En agglomération,Intersection en X,Normale,Autre collision,4,2,3,3,1,1,1,0,1,30,,2,1,0,0,1,61.0,,,,1,2,2,1,6
202100004911,2021-12-03 20:50:00,2021,12,3,20,50,75,75119,BOULEVARD D INDOCHINE,48.886275,2.396332,Nuit avec éclairage allumé,En agglomération,Place,Pluie légère,Deux véhicules - frontale,4,2,4,0,2,1,2,0,6,50,,3,1,0,0,2,14.0,50.0,,,5,2,7,2,1
202100004912,2021-12-03 14:20:00,2021,12,3,14,20,75,75119,RUE RIQUET,48.88886,2.372754,Plein jour,En agglomération,Hors intersection,Pluie légère,Autre collision,4,2,2,0,1,1,2,0,1,30,,2,1,0,0,1,45.0,,,,1,2,1,2,6
202100004913,2021-12-03 15:13:00,2021,12,3,15,13,75,75118,RUE BOINOD,48.892979,2.350601,Plein jour,En agglomération,Intersection en X,Pluie légère,Autre collision,4,1,1,0,1,1,2,0,1,30,,2,1,0,0,1,,,,,1,2,2,2,6
202100004914,2021-09-20 21:54:00,2021,9,20,21,54,75,75118,AVENUE DE LA PORTE DE CLIGNANCOURT,48.9006858052,2.3442098977,Nuit avec éclairage allumé,En agglomération,Intersection en Y,Temps couvert,Deux véhicules - côté,4,2,6,1,1,1,2,0,5,30,,2,1,0,0,1,,22.0,,,5,2,4,8,3
202100004915,2021-12-03 18:20:00,2021,12,3,18,20,75,75116,AVENUE FOCH,48.873589,2.292805,Nuit avec éclairage allumé,En agglomération,Intersection en X,Pluie légère,Deux véhicules - arrière,4,2,4,1,1,1,2,0,1,30,,2,1,0,0,1,34.0,41.0,,,5,2,2,2,2
202100004916,2021-12-02 00:55:00,2021,12,2,0,55,75,75116,AVENUE DE L HIPPODROME,48.862286,2.238303,Nuit avec éclairage allumé,En agglomération,Intersection en X,Normale,Deux véhicules - côté,4,2,2,1,2,1,1,-1,5,50,,2,1,0,0,1,37.0,22.0,,,5,2,2,1,3
202100004917,2021-12-03 17:10:00,2021,12,3,17,10,75,75115,PLACE DES CINQ MARTYRS DU LYCEE BUFFON,48.839016,2.316568,Nuit avec éclairage allumé,En agglomération,Intersection en T,Pluie légère,Autre collision,4,2,4,0,1,1,2,0,1,30,,2,0,0,0,2,28.0,,,,5,2,3,2,6
202100004918,2021-12-03 14:15:00,2021,12,3,14,15,75,75114,AVENUE DU MAINE,48.830263,2.325885,Plein jour,En agglomération,Intersection en Y,Pluie légère,Deux véhicules - côté,4,2,4,0,1,1,2,0,1,30,,2,1,0,0,1,46.0,49.0,,,1,2,4,2,3
202100004919,2021-12-03 19:15:00,2021,12,3,19,15,75,75113,BOULEVARD AUGUSTE BLANQUI,48.830821,2.344127,Nuit avec éclairage allumé,En agglomération,Intersection en X,Pluie légère,Autre collision,4,1,2,0,1,1,2,0,1,30,,2,1,0,0,1,46.0,,,,5,2,2,2,6
202100004920,2021-12-03 18:15:00,2021,12,3,18,15,75,75113,RUE EUGENE OUDINE,48.826245,2.377587,Nuit avec éclairage allumé,En agglomération,Intersection en T,Pluie forte,Autre collision,4,2,2,0,4,1,2,0,1,30,,2,1,0,0,1,,,,,5,2,3,3,6
202100004921,2021-12-02 09:35:00,2021,12,2,9,35,75,75111,BOULEVARD RICHARD LENOIR,48.856886,2.370512,Plein jour,En agglomération,Intersection en T,Normale,Deux véhicules - côté,4,1,0,0,1,1,1,0,1,30,,2,1,0,0,1,23.0,19.0,,,1,2,3,1,3
202100004922,2021-12-03 22:30:00,2021,12,3,22,30,75,75110,RUE DU FAUBOURG SAINT MARTIN,48.881102,2.365154,Nuit avec éclairage allumé,En agglomération,Intersection en X,Pluie forte,Deux véhicules - côté,4,2,2,0,1,1,2,0,1,30,,2,1,0,0,1,32.0,56.0,,,5,2,2,3,3
202100004923,2021-12-03 18:40:00,2021,12,3,18,40,75,75110,BOULEVARD DE MAGENTA,48.877696,2.354798,Nuit avec éclairage allumé,En agglomération,Hors intersection,Pluie forte,Autre collision,4,3,4,1,1,1,2,0,1,30,,2,1,0,0,1,53.0,,,,5,2,1,3,6
202100004924,2021-12-03 16:20:00,2021,12,3,16,20,75,75110,BOULEVARD DE LA VILLETTE,48.87978,2.370083,Plein jour,En agglomération,Hors intersection,Pluie légère,Sans collision,4,1,2,1,1,1,2,0,1,30,,1,0,0,0,1,24.0,,,,1,2,1,2,7
202100004925,2021-12-03 10:45:00,2021,12,3,10,45,75,75110,BOULEVARD DE MAGENTA,48.87184,2.360026,Plein jour,En agglomération,Intersection en T,Pluie forte,Deux véhicules - arrière,4,1,4,1,1,1,2,0,5,30,,3,2,0,0,1,62.0,27.0,,,1,2,3,3,2
202100004926,2021-12-03 16:15:00,2021,12,3,16,15,75,75108,AVENUE FRANKLIN D ROOSEVELT,48.871935,2.310043,Plein jour,En agglomération,Hors intersection,Pluie légère,Sans collision,4,1,1,3,1,1,2,0,1,30,,1,0,0,0,1,43.0,,,,1,2,1,2,7
202100004927,2021-12-03 19:30:00,2021,12,3,19,30,75,75101,QUAI FRANCOIS MITTERRAND,48.860118,2.333342,Nuit avec éclairage allumé,En agglomération,Intersection en X,Pluie légère,Deux véhicules - côté,4,1,4,3,1,1,2,0,1,30,,2,1,0,0,1,,38.0,,,5,2,2,2,3
202100004928,2021-12-03 13:15:00,2021,12,3,13,15,94,94068,Avenue Raspail,48.78618,2.48637,Plein jour,En agglomération,Hors intersection,Pluie légère,Deux véhicules - côté,4,1,1,0,1,1,2,0,1,30,,2,1,0,0,1,46.0,52.0,,,1,2,1,2,3
202100004929,2021-12-01 14:50:00,2021,12,1,14,50,94,94076,CAMILLE DESMOULINS (R),48.79461,2.3479,Plein jour,Hors agglomération,Hors intersection,Normale,Autre collision,4,-1,1,0,1,1,1,0,1,50,,5,0,1,2,2,87.0,74.0,,,1,1,1,1,6
202100004930,2021-12-03 21:00:00,2021,12,3,21,0,94,94033,GENERAL DE GAULLE (PL DU),48.85237,2.48555,Nuit avec éclairage allumé,En agglomération,Hors intersection,Pluie légère,Deux véhicules - arrière,3,1,2,0,1,2,2,0,1,50,,2,1,0,0,1,63.0,36.0,,,5,2,1,2,2
202100004931,2021-12-03 16:00:00,2021,12,3,16,0,93,93073,Rue du Chapitre,49.0021282718,2.5369998421,Plein jour,Hors agglomération,Autre intersection,Pluie légère,Deux véhicules - côté,4,1,4,0,1,1,2,0,1,130,,2,1,0,0,1,39.0,44.0,,,1,1,9,2,3
202100004932,2021-12-03 16:30:00,2021,12,3,16,30,93,93073,HUITIEME (AVENUE),48.9885,2.5302,Crépuscule ou aube,En agglomération,Hors intersection,Pluie légère,Autre collision,4,-1,2,0,1,2,2,0,1,50,,1,0,0,0,1,35.0,,,,2,2,1,2,6
202100004933,2021-12-01 13:40:00,2021,12,1,13,40,93,93066,FORT DE LA BRICHE (CHEMIN),48.94428,2.34227,Plein jour,En agglomération,Hors intersection,Temps couvert,Deux véhicules - côté,3,2,1,0,1,1,2,0,1,50,,3,0,0,0,3,21.0,31.0,,,1,2,1,8,3
202100004934,2021-12-03 11:30:00,2021,12,3,11,30,93,93077,FOSSE AUX BERGERS (RUE DE LA),48.88722,2.49502,Plein jour,En agglomération,Hors intersection,Pluie légère,Autre collision,3,2,2,0,1,4,2,0,1,50,,2,1,0,0,1,19.0,,,,1,2,1,2,6
202100004935,2021-12-03 15:40:00,2021,12,3,15,40,93,93049,MARECHAL JOFFRE (AVENUE) DU 1-2 AU 19-20,48.86799,2.50336,Plein jour,En agglomération,Intersection en X,Temps couvert,Deux véhicules - côté,4,-1,2,0,1,1,1,0,1,50,,2,1,0,0,1,36.0,27.0,,,1,2,2,8,3
202100004936,2021-12-01 19:15:00,2021,12,1,19,15,93,93006,GAMBETTA AV.,48.8731246584,2.4199479818,Nuit avec éclairage allumé,En agglomération,Intersection en T,Normale,Deux véhicules - frontale,3,2,2,0,2,1,2,0,1,50,,2,1,0,0,1,29.0,33.0,,,5,2,3,1,1
202100004937,2021-12-03 14:15:00,2021,12,3,14,15,93,93010,SALENGRO (RUE ROGER) 2 A 52,48.9003422162,2.4786969371,Plein jour,En agglomération,Intersection en T,Pluie légère,Deux véhicules - côté,4,1,1,0,1,1,2,0,1,50,,2,1,0,0,1,43.0,19.0,,,1,2,3,2,3
202100004938,2021-12-02 13:25:00,2021,12,2,13,25,93,93008,VAILLANT COUTURIER (AVENUE PAUL),48.9083584002,2.4521591454,Plein jour,En agglomération,Autre intersection,Normale,Trois véhicules et plus - collisions multiples,3,1,3,0,1,1,1,0,1,50,,3,2,0,0,1,47.0,32.0,,,1,2,9,1,5
202100004939,2021-12-03 01:55:00,2021,12,3,1,55,93,93005,SUZANNE LENGLEN (AVENUE),48.9519268185,2.5130657779,Nuit sans éclairage public,En agglomération,Hors intersection,Normale,Deux véhicules - arrière,3,-1,3,0,1,1,1,0,1,50,,2,1,0,0,1,21.0,36.0,,,3,2,1,1,2
202100004940,2021-12-03 07:00:00,2021,12,3,7,0,93,93001,EDOUARD VAILLANT (BLD),48.9182974683,2.3971652985,Nuit avec éclairage allumé,En agglomération,Hors intersection,Temps couvert,Deux véhicules - arrière,4,1,1,0,1,1,1,0,1,50,,2,1,0,0,1,,41.0,,,5,2,1,8,2
202100004941,2021-12-03 18:30:00,2021,12,3,18,30,92,92048,BRUYERES (CARREFOUR DES),48.8123457623,2.2149038315,Nuit sans éclairage public,En agglomération,Intersection en X,Pluie forte,Deux véhicules - côté,3,3,4,0,1,1,2,0,1,50,,2,1,0,0,1,64.0,44.0,,,3,2,2,3,3
202100004942,2021-12-03 20:30:00,2021,12,3,20,30,92,92051,"CHARLES DE GAULLE (AVENUE, N° 18 A 116)",48.8798068423,2.2762593627,Nuit avec éclairage allumé,En agglomération,Intersection en T,Pluie forte,Deux véhicules - côté,2,3,3,0,1,1,2,8,5,50,,2,1,0,0,1,35.0,63.0,,,5,2,3,3,3
202100004943,2021-12-03 20:00:00,2021,12,3,20,0,92,92051,"ROULE (AVENUE DU, N° 29 A 91 ET 30 A 86)",48.882890097,2.2757872939,Nuit avec éclairage allumé,En agglomération,Intersection en T,Pluie forte,Deux véhicules - côté,4,2,4,2,1,1,2,0,5,30,,2,1,0,0,1,29.0,24.0,,,5,2,3,3,3
202100004944,2021-12-03 20:45:00,2021,12,3,20,45,92,92026,MARECHAL JOFFRE (QUAI DU),48.89705,2.26441,Nuit avec éclairage allumé,En agglomération,Intersection en X,Pluie forte,Deux véhicules - côté,3,4,-1,0,1,1,2,5,1,50,,2,1,0,0,1,19.0,43.0,,,5,2,2,3,3
202100004945,2021-12-03 18:00:00,2021,12,3,18,0,92,92025,AGRICULTURE (RUE DE L'),48.913202,2.239164,Nuit sans éclairage public,En agglomération,Intersection en X,Pluie légère,Autre collision,4,-1,1,0,1,1,2,6,1,30,,2,1,0,0,1,56.0,,,,3,2,2,2,6
202100004946,2021-12-03 09:40:00,2021,12,3,9,40,92,92024,HENRI BARBUSSE (RUE) DE (1 A 73)   (2 A,48.90003,2.30625,Plein jour,En agglomération,Intersection en X,Normale,Autre collision,3,2,4,0,1,1,1,0,1,50,,2,1,0,1,0,48.0,,,,1,2,2,1,6
202100004947,2021-12-03 12:20:00,2021,12,3,12,20,60,60581,32 Rue de Paris,49.505186,2.434534,Plein jour,En agglomération,Intersection en X,Pluie légère,Deux véhicules - côté,3,2,2,0,2,1,2,0,1,50,,3,2,0,0,1,98.0,52.0,,,1,2,2,2,3
202100004948,2021-11-30 18:10:00,2021,11,30,18,10,06,06149,Route de Laghet,43.742592,7.318289,Nuit avec éclairage allumé,En agglomération,Hors intersection,Normale,Autre collision,6,-1,-1,0,2,1,1,0,8,-1,,2,1,0,1,0,63.0,,,,5,2,1,1,6
202100004949,2021-12-04 13:43:00,2021,12,4,13,43,22,22190,D2,48.51073,-2.081019,Plein jour,Hors agglomération,Hors intersection,Neige / grêle,Deux véhicules - frontale,3,2,2,0,2,3,2,0,1,80,,7,1,0,4,2,31.0,39.0,,,1,1,1,4,1
202100004950,2021-12-03 18:55:00,2021,12,3,18,55,68,68156,Penetrante de Guebwiller,47.898877,7.232405,Nuit avec éclairage allumé,En agglomération,Giratoire,Pluie légère,Trois véhicules et plus - en chaîne,3,3,2,0,1,1,2,0,1,50,,3,2,0,0,1,35.0,64.0,,,5,2,6,2,4
202100004951,2021-12-03 23:45:00,2021,12,3,23,45,71,71383,A6 - PK 373-680 sens PARIS/LYON,46.428984,4.868724,Nuit sans éclairage public,Hors agglomération,Hors intersection,Pluie légère,Trois véhicules et plus - collisions multiples,1,2,3,0,1,1,2,0,1,130,,6,1,1,2,2,62.0,32.0,,,3,1,1,2,5
202100004952,2021-12-04 02:38:00,2021,12,4,2,38,974,97422,Chemin Philidor Técher,-21.243115,55.548828,Nuit avec éclairage allumé,En agglomération,Hors intersection,Normale,Deux véhicules - frontale,4,2,2,0,1,1,1,0,3,50,,1,0,0,1,0,33.0,,,,5,2,1,1,1
202100004953,2021-12-04 01:57:00,2021,12,4,1,57,29,29265,N12 - PK 24+100,48.558304,-3.870277,Nuit sans éclairage public,Hors agglomération,Hors intersection,Pluie légère,Autre collision,2,3,4,0,2,1,2,0,1,110,,2,1,1,0,0,48.0,,,,3,1,1,2,6
202100004954,2021-11-11 17:40:00,2021,11,11,17,40,84,84062,D901,43.871756,5.113707,Nuit sans éclairage public,Hors agglomération,Hors intersection,Pluie légère,Deux véhicules - côté,3,2,2,0,1,1,2,0,1,80,,2,1,0,1,0,69.0,72.0,,,3,1,1,2,3
202100004955,2021-12-03 19:35:00,2021,12,3,19,35,85,85038,Rue de Lattre de Tassigny,46.889523,-1.321193,Nuit avec éclairage allumé,En agglomération,Intersection en T,Vent fort / tempête,Deux véhicules - côté,4,2,2,0,1,3,2,0,1,30,,2,1,0,1,0,17.0,35.0,,,5,2,3,6,3
202100004956,2021-12-03 13:10:00,2021,12,3,13,10,23,23095,La Toueille,46.139415,1.602314,Plein jour,Hors agglomération,Intersection en X,Normale,Deux véhicules - côté,3,2,2,0,1,1,1,0,1,90,,3,0,0,3,0,71.0,51.0,,,1,1,2,1,3
202100004957,2021-06-27 01:50:00,2021,6,27,1,50,77,77406,D222,48.843703,3.196587,Nuit avec éclairage allumé,En agglomération,Hors intersection,Normale,Autre collision,3,2,2,0,1,1,1,0,3,50,,1,0,0,1,0,20.0,,,,5,2,1,1,6
202100004958,2021-12-04 14:45:00,2021,12,4,14,45,2A,2A345,RT 20,42.0505721015,8.9375813489,Plein jour,Hors agglomération,Hors intersection,Pluie légère,Deux véhicules - frontale,2,3,2,0,1,1,2,0,1,80,,2,1,1,0,0,63.0,46.0,,,1,1,1,2,1
202100004959,2021-12-04 06:30:00,2021,12,4,6,30,71,71520,RD 906,46.7451833553,4.8518481285,Nuit avec éclairage allumé,En agglomération,Hors intersection,Pluie forte,Deux véhicules - arrière,3,3,2,0,1,1,2,0,1,50,,2,1,0,0,1,38.0,22.0,,,5,2,1,3,2
202100004960,2021-12-04 13:50:00,2021,12,4,13,50,89,89473,D145,47.893053,3.278212,Crépuscule ou aube,Hors agglomération,Hors intersection,Pluie légère,Autre collision,3,2,2,0,1,2,2,0,1,80,,1,0,0,0,1,46.0,,,,2,1,1,2,6
202100004961,2021-11-11 16:00:00,2021,11,11,16,0,49,49292,La Haie Longue,47.343817,-0.691608,Plein jour,Hors agglomération,Hors intersection,Normale,Sans collision,3,2,2,0,1,4,1,0,3,50,,1,0,0,1,0,28.0,,,,1,1,1,1,7
202100004962,2021-12-04 13:35:00,2021,12,4,13,35,47,47195,30 Avenue du 8 Mai 1945,44.136874,0.344938,Plein jour,En agglomération,Hors intersection,Temps couvert,Deux véhicules - côté,3,2,2,0,1,1,2,0,1,50,,4,3,0,0,1,22.0,73.0,,,1,2,1,8,3
202100004963,2021-12-04 12:35:00,2021,12,4,12,35,34,34204,Chemin des Capoulieres,43.5549030057,3.5287190605,Plein jour,En agglomération,Intersection en T,Normale,Deux véhicules - côté,3,2,2,0,1,1,1,0,1,80,,2,1,0,1,0,54.0,55.0,,,1,2,3,1,3
202100004964,2021-12-04 11:50:00,2021,12,4,11,50,39,39367,,46.549553,6.015719,Plein jour,Hors agglomération,Hors intersection,Pluie forte,Deux véhicules - côté,2,2,2,0,2,2,2,0,3,80,,3,0,1,0,2,25.0,64.0,,,1,1,1,3,3
202100004965,2021-12-03 13:45:00,2021,12,3,13,45,39,39365,2 Rue Paul Koepfler,46.981409,5.603371,Plein jour,En agglomération,Intersection en X,Normale,Autre collision,3,2,2,0,1,1,1,0,1,50,,2,1,0,1,0,85.0,,,,1,2,2,1,6
202100004966,2021-11-30 15:45:00,2021,11,30,15,45,31,31517,131 avenue des pyrénées,43.320323,1.322796,Plein jour,Hors agglomération,Hors intersection,Brouillard / fumée,Autre collision,3,2,2,0,1,1,1,2,3,80,,1,0,0,1,0,75.0,,,,1,1,1,5,6
202100004967,2021-12-03 17:50:00,2021,12,3,17,50,50,50549,Route du Bocage,48.8363984,-1.4456306,Nuit sans éclairage public,Hors agglomération,Intersection en T,Pluie forte,Deux véhicules - frontale,3,2,2,0,1,1,2,0,1,80,,2,1,0,0,1,56.0,74.0,,,3,1,3,3,1
202100004968,2021-12-03 22:00:00,2021,12,3,22,0,50,50551,Avenue Division Leclerc,49.385662,-1.5271,Nuit avec éclairage non allumé,En agglomération,Giratoire,Pluie légère,Autre collision,3,2,2,0,4,1,2,5,4,50,,1,0,0,0,1,19.0,,,,4,2,6,2,6
202100004969,2021-12-04 10:00:00,2021,12,4,10,0,64,64191,CD 938,43.1747,-0.237901,Plein jour,En agglomération,Intersection en T,Pluie légère,Deux véhicules - côté,3,2,2,0,1,2,2,5,1,70,,2,1,0,1,0,27.0,25.0,,,1,2,3,2,3
202100004970,2021-12-03 16:50:00,2021,12,3,16,50,36,36022,Les Patras.,46.6196393117,1.7046511173,Plein jour,Hors agglomération,Hors intersection,Pluie légère,Autre collision,3,2,2,0,1,2,2,0,3,80,,1,0,0,1,0,22.0,,,,1,1,1,2,6
202100004971,2021-12-03 17:15:00,2021,12,3,17,15,21,21315,CD971 - PK 8 +508,47.373252,4.951245,Crépuscule ou aube,Hors agglomération,Hors intersection,Neige / grêle,Deux véhicules - frontale,7,2,2,0,2,1,2,0,1,70,,2,0,0,1,1,42.0,54.0,,,2,1,1,4,1
202100004972,2021-12-03 20:26:00,2021,12,3,20,26,27,27467,Rue de la République,49.355859,0.515075,Nuit sans éclairage public,En agglomération,Intersection en T,Pluie légère,Deux véhicules - côté,4,2,1,0,1,1,2,0,1,50,,3,2,0,0,1,15.0,34.0,,,3,2,3,2,3
202100004973,2021-12-03 15:00:00,2021,12,3,15,0,30,30284,Rue Jean Giono,44.171031,4.078953,Plein jour,Hors agglomération,Hors intersection,Temps éblouissant,Sans collision,4,2,2,0,2,1,1,0,1,50,,1,0,0,1,0,59.0,,,,1,1,1,7,7
202100004974,2021-12-04 01:10:00,2021,12,4,1,10,01,01087,A40 point kilométrique 112+650,46.171034,5.678784,Nuit sans éclairage public,Hors agglomération,Hors intersection,Pluie forte,Autre collision,1,3,4,0,1,3,2,2,1,90,,1,0,1,0,0,30.0,,,,3,1,1,3,6
202100004975,2021-12-03 11:00:00,2021,12,3,11,0,01,01175,Chemin Vieux,46.427276,4.93667,Plein jour,En agglomération,Intersection en T,Pluie légère,Autre collision,3,2,2,0,1,1,2,0,1,50,,2,1,0,1,0,26.0,,,,1,2,3,2,6
202100004976,2021-12-04 17:20:00,2021,12,4,17,20,45,45154,A10 PK 93+200,47.969956,1.857805,Nuit sans éclairage public,Hors agglomération,Hors intersection,Pluie légère,Trois véhicules et plus - collisions multiples,1,3,3,0,1,1,2,9,1,90,,9,4,0,3,2,23.0,43.0,,,3,1,1,2,5
202100004977,2021-12-03 14:25:00,2021,12,3,14,25,27,27227,A 13 - PK 143.100,49.37406,0.652109,Plein jour,Hors agglomération,Hors intersection,Pluie légère,Autre collision,1,3,3,0,1,1,2,0,1,130,,1,0,0,1,0,65.0,,,,1,1,1,2,6
202100004978,2021-12-03 16:00:00,2021,12,3,16,0,987,98747,PK 10+200 RT3 à PUEU,-17.7648,-149.213089,Plein jour,Hors agglomération,Hors intersection,Normale,Deux véhicules - côté,2,2,2,0,1,1,1,0,1,60,,2,1,0,1,0,17.0,42.0,,,1,1,1,1,3
202100004979,2021-12-04 16:20:00,2021,12,4,16,20,988,98822,RT3  - POINDIMIE,-20.937222,165.353862,Plein jour,Hors agglomération,Hors intersection,Normale,Deux véhicules - frontale,2,2,2,0,1,3,1,0,1,70,,5,0,1,4,0,46.0,59.0,,,1,1,1,1,1
202100004980,2021-12-01 17:35:00,2021,12,1,17,35,971,97128,Durivage,16.219893,-61.405168,Crépuscule ou aube,Hors agglomération,Hors intersection,Normale,Deux véhicules - côté,2,2,2,0,1,1,1,0,1,70,,2,0,0,2,0,29.0,60.0,,,2,1,1,1,3
202100004981,2021-12-03 23:10:00,2021,12,3,23,10,978,97801,"Rue Morne Valois, RN7",18.080809,-63.074248,Nuit sans éclairage public,En agglomération,Hors intersection,Normale,Deux véhicules - arrière,2,2,2,0,2,1,1,0,1,50,,2,1,0,1,0,44.0,,,,3,2,1,1,2
202100004982,2021-12-04 11:25:00,2021,12,4,11,25,2A,2A288,D959,41.522041,9.193282,Plein jour,Hors agglomération,Hors intersection,Pluie légère,Trois véhicules et plus - collisions multiples,3,2,2,0,1,2,2,0,1,80,,3,1,0,0,2,51.0,17.0,,,1,1,1,2,5
202100004983,2021-12-03 07:30:00,2021,12,3,7,30,84,84122,664 Route d Orange,44.093402,4.952168,Crépuscule ou aube,Hors agglomération,Hors intersection,Normale,Deux véhicules - frontale,3,2,2,0,1,1,1,0,1,80,,2,1,0,0,1,49.0,48.0,,,2,1,1,1,1
202100004984,2021-11-30 12:50:00,2021,11,30,12,50,04,04063,RD 4096,43.760708,5.754053,Plein jour,Hors agglomération,Hors intersection,Normale,Sans collision,3,2,2,0,1,1,1,0,3,80,,1,0,0,1,0,36.0,,,,1,1,1,1,7
202100004985,2021-12-03 14:00:00,2021,12,3,14,0,13,13081,Route Departementale No20,43.502869,5.217036,Plein jour,Hors agglomération,Hors intersection,Normale,Deux véhicules - frontale,7,2,2,0,1,1,1,0,1,90,,3,0,1,1,1,47.0,23.0,,,1,1,1,1,1
202100004986,2021-12-03 19:45:00,2021,12,3,19,45,71,71275,Échangeur de Marcigny,46.277638,4.028635,Nuit sans éclairage public,Hors agglomération,Intersection en T,Pluie forte,Deux véhicules - côté,3,1,1,0,1,1,2,3,1,80,,2,1,0,0,1,58.0,30.0,,,3,1,3,3,3
202100004987,2021-12-04 01:20:00,2021,12,4,1,20,10,10216,Rue du General de Gaulle,48.668721,4.203746,Nuit sans éclairage public,En agglomération,Hors intersection,Pluie forte,Autre collision,3,2,1,0,1,2,2,0,8,50,,1,0,0,0,1,30.0,,,,3,2,1,3,6
202100004988,2021-12-03 04:40:00,2021,12,3,4,40,67,67464,D83,48.347486,7.549404,Nuit sans éclairage public,Hors agglomération,Hors intersection,Autre,Autre collision,3,1,3,0,1,3,7,0,1,90,,2,1,0,1,0,28.0,35.0,,,3,1,1,9,6
202100004989,2021-12-03 23:00:00,2021,12,3,23,0,54,54043,Rue de la Gare,48.5785520548,6.1043000223,Nuit sans éclairage public,Hors agglomération,Hors intersection,Pluie forte,Sans collision,3,2,2,0,1,1,2,0,1,70,,2,1,0,0,1,50.0,,,,3,1,1,3,7