accident_id,datetime,annee,mois,jour,heure,minute,departement,commune_insee,adresse,latitude,longitude,luminosite,agglomeration,intersection,meteo,collision,catr,circ,nbv,vosp,prof,plan,surf,infra,situ,vma,nb_vehicules,nb_usagers,nb_indemnes,nb_tues,nb_blesses_hosp,nb_blesses_legers,age_cond_1,age_cond_2,veh_type_cond_1,veh_type_cond_2,lum_code,agg_code,int_code,atm_code,col_code
202100004990,2021-12-03 19:31:00,2021,12,3,19,31,57,57206,1 Impasse de Savoie,49.30493,6.103388,Nuit avec éclairage allumé,En agglomération,Hors intersection,Pluie légère,Autre collision,4,-1,2,0,1,1,2,0,1,50,,2,1,0,0,1,,,,,5,2,1,2,6
202100004991,2021-12-03 15:20:00,2021,12,3,15,20,69,69072,PEUPLIERS (DES) (CHM),45.814068,4.758427,Plein jour,En agglomération,Hors intersection,Normale,Trois véhicules et plus - collisions multiples,4,2,2,0,1,1,1,0,1,50,,3,2,0,1,0,61.0,27.0,,,1,2,1,1,5
202100004992,2021-12-01 18:15:00,2021,12,1,18,15,64,64496,Avenue de la Soule,43.46886,-1.444391,Nuit avec éclairage allumé,En agglomération,Intersection en T,Pluie forte,Deux véhicules - frontale,3,2,2,0,1,1,2,5,1,50,,2,1,0,1,0,15.0,49.0,,,5,2,3,3,1
202100004993,2021-12-03 08:42:00,2021,12,3,8,42,47,47157,Rue Jean Mermoz,44.499643,0.180802,Crépuscule ou aube,En agglomération,Hors intersection,Brouillard / fumée,Autre collision,4,1,1,3,1,1,2,9,6,30,,2,1,0,0,1,39.0,,,,2,2,1,5,6
202100004994,2021-12-03 12:15:00,2021,12,3,12,15,33,33357,D222,44.52899,-0.25879,Plein jour,Hors agglomération,Hors intersection,Normale,Deux véhicules - arrière,3,2,2,0,1,1,2,0,1,80,,3,2,0,1,0,66.0,53.0,,,1,1,1,1,2
202100004995,2021-12-04 06:00:00,2021,12,4,6,0,50,50295,La Croix Mariee,48.95671,-1.200567,Nuit sans éclairage public,Hors agglomération,Intersection en X,Pluie légère,Autre collision,3,2,2,0,1,3,2,0,3,80,,1,0,0,1,0,30.0,,,,3,1,2,2,6
202100004996,2021-11-30 16:00:00,2021,11,30,16,0,29,29224,D143 - Rond Point de Saint Ergat,48.038532,-4.329729,Plein jour,Hors agglomération,Giratoire,Pluie légère,Deux véhicules - côté,3,1,1,0,1,2,2,0,1,70,,2,1,0,1,0,51.0,61.0,,,1,1,6,2,3
202100004997,2021-12-03 18:00:00,2021,12,3,18,0,13,13106,A7-Sens Marseille vers Lyon,43.40393,5.34234,Nuit sans éclairage public,Hors agglomération,Hors intersection,Normale,Deux véhicules - arrière,1,1,2,0,1,1,1,8,1,90,,4,3,0,0,1,21.0,55.0,,,3,1,1,1,2
202100004998,2021-11-29 12:00:00,2021,11,29,12,0,13,13117,A7-Sens Lyon vers Marseille,43.47683,5.23818,Plein jour,Hors agglomération,Hors intersection,Normale,Deux véhicules - côté,1,-1,3,0,1,1,1,0,2,110,,2,1,0,0,1,43.0,33.0,,,1,1,1,1,3
202100004999,2021-12-02 22:30:00,2021,12,2,22,30,83,83090,A50,43.1203237523,5.8654546738,Nuit sans éclairage public,Hors agglomération,Hors intersection,Normale,Deux véhicules - arrière,1,3,6,0,1,1,1,0,1,110,,2,1,0,0,1,28.0,21.0,,,3,1,1,1,2
202100005000,2021-12-03 04:25:00,2021,12,3,4,25,69,69297,A7 ,45.61643,4.81072,Nuit sans éclairage public,Hors agglomération,Hors intersection,Normale,Deux véhicules - arrière,1,3,6,0,1,1,1,0,1,110,,3,2,0,0,1,51.0,48.0,,,3,1,1,1,2
202100005001,2021-12-02 17:50:00,2021,12,2,17,50,69,69116,A6   442.500 A 445.030,45.83406,4.75899,Nuit avec éclairage allumé,Hors agglomération,Hors intersection,Normale,Trois véhicules et plus - en chaîne,1,3,6,0,1,1,1,0,1,130,,3,1,0,1,1,64.0,34.0,,,5,1,1,1,4
202100005002,2021-07-09 19:50:00,2021,7,9,19,50,69,69256,A42     0.560 A 4.020,45.79465,4.92511,Plein jour,Hors agglomération,Hors intersection,Normale,Deux véhicules - arrière,1,1,1,0,1,3,1,3,1,90,,2,1,0,0,1,33.0,27.0,,,1,1,1,1,2
202100005003,2021-12-03 19:23:00,2021,12,3,19,23,33,33143,AUTOROUTE A 10,44.954607,-0.455138,Nuit avec éclairage allumé,Hors agglomération,Hors intersection,Pluie forte,Deux véhicules - arrière,1,3,6,0,2,1,2,2,1,130,,2,1,0,0,1,23.0,33.0,,,5,1,1,3,2
202100005004,2021-12-03 18:15:00,2021,12,3,18,15,94,94038,AUTOROUTE A6B,48.7804,2.34619,Nuit sans éclairage public,Hors agglomération,Hors intersection,Pluie forte,Deux véhicules - côté,1,3,3,0,1,1,2,0,1,90,,2,1,0,0,1,52.0,25.0,,,3,1,1,3,3
202100005005,2021-12-03 14:30:00,2021,12,3,14,30,91,91549,RN 104,48.6266,2.34889,Plein jour,Hors agglomération,Hors intersection,Normale,Trois véhicules et plus - en chaîne,2,1,2,0,1,1,2,0,2,110,,3,2,0,0,1,20.0,62.0,,,1,1,1,1,4
202100005006,2021-12-03 07:39:00,2021,12,3,7,39,94,94034,AUTOROUTE A6B,48.755813,2.334324,Nuit sans éclairage public,Hors agglomération,Hors intersection,Normale,Autre collision,1,3,4,0,2,3,1,0,1,90,,3,1,0,0,2,52.0,52.0,,,3,1,1,1,6
202100005007,2021-12-03 05:15:00,2021,12,3,5,15,94,94021,AUTOROUTE A6B,48.77074,2.34579,Nuit avec éclairage non allumé,Hors agglomération,Hors intersection,Normale,Trois véhicules et plus - en chaîne,1,3,3,0,1,1,1,0,1,90,,3,2,0,0,1,,44.0,,,4,1,1,1,4
202100005008,2021-12-02 18:45:00,2021,12,2,18,45,92,92036,A86,48.9362604392,2.2896237179,Nuit sans éclairage public,Hors agglomération,Hors intersection,Pluie légère,Deux véhicules - côté,1,-1,3,0,1,1,2,0,1,90,,2,1,0,0,1,39.0,20.0,,,3,1,1,2,3
202100005009,2021-12-02 18:00:00,2021,12,2,18,0,78,78640,A86 EXT,48.778586,2.205785,Nuit sans éclairage public,Hors agglomération,Hors intersection,Normale,Autre collision,1,1,3,0,1,1,1,0,1,90,,3,2,1,0,0,39.0,,,,3,1,1,1,6
202100005010,2021-12-03 21:25:00,2021,12,3,21,25,93,93027,AUTOROUTE A86,48.92824,2.41184,Nuit avec éclairage non allumé,Hors agglomération,Hors intersection,Pluie forte,Autre collision,1,3,7,0,2,1,2,0,1,90,,1,0,0,0,1,23.0,,,,4,1,1,3,6
202100005011,2021-12-03 18:30:00,2021,12,3,18,30,95,95018, A15,48.9592264155,2.2728019953,Nuit sans éclairage public,Hors agglomération,Hors intersection,Pluie forte,Trois véhicules et plus - en chaîne,1,3,9,0,1,1,2,0,1,110,,3,2,0,0,1,53.0,45.0,,,3,1,1,3,4
202100005012,2021-12-03 16:10:00,2021,12,3,16,10,93,93027,AUTOROUTE A86,48.92855,2.41619,Plein jour,Hors agglomération,Hors intersection,Pluie légère,Autre collision,1,1,3,0,3,2,2,0,2,90,,2,1,0,0,1,38.0,41.0,,,1,1,1,2,6
202100005013,2021-12-03 01:00:00,2021,12,3,1,0,95,95607,A115,49.0125881857,2.2214698792,Nuit sans éclairage public,Hors agglomération,Hors intersection,Normale,Autre collision,1,3,4,0,1,2,1,2,2,90,,1,0,0,0,1,20.0,,,,3,1,1,1,6
202100005014,2021-12-03 00:55:00,2021,12,3,0,55,77,77121,A4,48.8317683835,2.6736625863,Nuit sans éclairage public,Hors agglomération,Hors intersection,Temps couvert,Sans collision,1,1,2,0,1,2,2,3,1,70,,1,0,0,0,1,29.0,,,,3,1,1,8,7
202100005015,2021-12-02 09:30:00,2021,12,2,9,30,92,92026,BERTHELOT,48.8975016845,2.2395674139,Plein jour,En agglomération,Passage à niveau,Normale,Autre collision,4,3,2,0,1,1,1,4,1,50,,2,1,0,0,1,35.0,,,,1,2,8,1,6
202100005016,2021-12-02 17:00:00,2021,12,2,17,0,54,54395,FOUCAULD (RUE CHARLES DE),48.70216,6.18198,Nuit avec éclairage allumé,En agglomération,Hors intersection,Normale,Autre collision,4,1,2,0,1,1,1,0,1,50,,2,1,0,0,1,52.0,,,,5,2,1,1,6
202100005017,2021-12-02 21:00:00,2021,12,2,21,0,45,45208,Boulevard Paul Baudin,48.0007870339,2.7341237739,Nuit avec éclairage allumé,En agglomération,Hors intersection,Autre,Autre collision,4,2,2,0,1,1,1,0,1,50,,2,1,0,0,1,41.0,,,,5,2,1,9,6
202100005018,2021-12-01 10:10:00,2021,12,1,10,10,30,30028,COMMANDO VIGAN BRAQUET (AVENUE DU),44.15677,4.61144,Plein jour,En agglomération,Hors intersection,Normale,Autre collision,4,-1,2,0,1,1,1,0,1,50,,2,1,0,1,0,85.0,,,,1,2,1,1,6
202100005019,2021-11-09 09:55:00,2021,11,9,9,55,30,30189,Boulevard du Président Salvador Allende,43.8365,4.388,Plein jour,En agglomération,Giratoire,Normale,Autre collision,3,2,2,0,1,2,1,0,1,50,,2,1,0,1,0,52.0,,,,1,2,6,1,6
202100005020,2021-08-16 10:07:00,2021,8,16,10,7,65,65286,ABADIE (Avenue François),43.11253,-0.03557,Plein jour,En agglomération,Hors intersection,Normale,Deux véhicules - frontale,2,2,3,0,1,1,1,0,1,50,,2,0,0,1,1,52.0,33.0,,,1,2,1,1,1
202100005021,2021-05-20 14:40:00,2021,5,20,14,40,42,42218,Rue Paul et Pierre Guichard,45.459318,4.388762,Plein jour,En agglomération,Autre intersection,Normale,Deux véhicules - côté,4,2,2,0,1,1,1,9,1,50,,3,2,0,0,1,60.0,30.0,,,1,2,9,1,3
202100005022,2021-07-21 22:19:00,2021,7,21,22,19,35,35288,AFRIQUE (LIEU DIT L'),48.6539,-1.950888,Crépuscule ou aube,Hors agglomération,Hors intersection,Normale,Autre collision,3,2,2,0,1,1,1,0,3,80,,2,1,1,0,0,59.0,,,,2,1,1,1,6
202100005023,2021-12-02 15:15:00,2021,12,2,15,15,974,97411,JAURES (BOULEVARD JEAN),-20.88988,55.4528,Plein jour,En agglomération,Intersection à plus de 4 branches,Normale,Deux véhicules - côté,2,1,2,2,1,1,1,0,1,70,,3,1,0,0,2,83.0,35.0,,,1,2,5,1,3
202100005024,2021-12-01 17:45:00,2021,12,1,17,45,974,97407,MASCAREIGNES(BOULEVARD),-20.93472,55.30881,Plein jour,En agglomération,Hors intersection,Normale,Autre collision,9,2,2,0,1,1,1,6,6,50,,2,1,0,0,1,,,,,1,2,1,1,6
202100005025,2021-12-02 17:50:00,2021,12,2,17,50,973,97302,JASMIN(LOTISSEMENT),4.9152736133,-52.3179104626,Crépuscule ou aube,En agglomération,Hors intersection,Normale,Deux véhicules - frontale,4,2,2,0,1,3,1,0,1,50,,2,1,0,0,1,43.0,42.0,,,2,2,1,1,1
202100005026,2021-12-02 14:00:00,2021,12,2,14,0,973,97302,BECKER (LIEUTENANT),4.93816,-52.32887,Plein jour,En agglomération,Autre intersection,Pluie légère,Autre collision,4,1,2,0,1,1,2,0,1,50,,2,1,0,0,1,25.0,,,,1,2,9,2,6
202100005027,2021-12-02 07:10:00,2021,12,2,7,10,973,97302,MADELEINE (ROUTE DE LA),4.90978,-52.32164,Plein jour,Hors agglomération,Hors intersection,Pluie légère,Deux véhicules - côté,3,2,2,0,1,1,2,0,1,50,,2,1,0,0,1,,15.0,,,1,1,1,2,3
202100005028,2021-12-02 15:40:00,2021,12,2,15,40,69,69383,FEUILLAT (R),45.75302,4.87694,Plein jour,En agglomération,Hors intersection,Normale,Deux véhicules - côté,4,2,2,2,1,1,2,0,1,50,,3,2,0,0,1,18.0,33.0,,,1,2,1,1,3
202100005029,2021-12-02 14:10:00,2021,12,2,14,10,972,97213,ROUTE DEPARTEMENTALE 14,14.6201620441,-61.0214741528,Plein jour,Hors agglomération,Hors intersection,Normale,Autre collision,3,2,4,0,4,1,1,6,8,30,,3,1,0,0,2,61.0,,,,1,1,1,1,6
202100005030,2021-12-02 11:57:00,2021,12,2,11,57,69,69382,DOCTEUR GAILLETON (DU) (Q),45.75296,4.83377,Plein jour,En agglomération,Hors intersection,Pluie légère,Autre collision,4,1,7,3,1,1,2,0,1,50,,2,1,0,0,1,40.0,,,,1,2,1,2,6
202100005031,2021-12-01 23:50:00,2021,12,1,23,50,69,69385,CHEMIN NEUF (DU) (MO),45.76201,4.82614,Nuit avec éclairage allumé,En agglomération,Hors intersection,Normale,Autre collision,4,1,1,1,4,3,2,0,1,30,,1,0,0,0,1,36.0,,,,5,2,1,1,6
202100005032,2021-12-02 17:20:00,2021,12,2,17,20,2A,2A004,NAPOLEON COURS APRES BEVERINI,41.92327,8.73763,Nuit avec éclairage allumé,En agglomération,Hors intersection,Normale,Autre collision,2,2,2,0,1,1,1,0,1,50,,2,1,0,0,1,26.0,,,,5,2,1,1,6
202100005033,2021-12-02 17:15:00,2021,12,2,17,15,95,95585,PARIS (RUE DE),48.99798,2.3865,Crépuscule ou aube,Hors agglomération,Hors intersection,Normale,Trois véhicules et plus - collisions multiples,3,2,3,0,1,1,1,0,1,90,,3,2,0,0,1,50.0,18.0,,,2,1,1,1,5
202100005034,2021-12-02 08:10:00,2021,12,2,8,10,95,95539,RD 301,48.9914352515,2.3602473736,Crépuscule ou aube,En agglomération,Hors intersection,Temps couvert,Trois véhicules et plus - en chaîne,3,3,4,0,1,1,1,0,1,70,,3,2,0,0,1,39.0,29.0,,,2,2,1,8,4
202100005035,2021-12-02 06:10:00,2021,12,2,6,10,95,95680,RD 970,49.01018,2.42075,Nuit sans éclairage public,Hors agglomération,Hors intersection,Pluie légère,Autre collision,3,2,2,0,1,1,2,0,3,80,,1,0,0,0,1,22.0,,,,3,1,1,2,6
202100005036,2021-11-13 12:49:00,2021,11,13,12,49,95,95598,JARDIN RENARD     RUE DU,48.99048,2.29658,Plein jour,En agglomération,Hors intersection,Normale,Trois véhicules et plus - collisions multiples,3,2,2,0,1,1,1,0,1,50,,3,2,0,0,1,27.0,38.0,,,1,2,1,1,5
202100005037,2021-12-02 10:20:00,2021,12,2,10,20,91,91692,BOURGOGNE (AVENUE DE),48.68383,2.17667,Plein jour,En agglomération,Hors intersection,Normale,Autre collision,4,-1,2,0,1,1,2,6,1,50,,2,1,0,0,1,86.0,,,,1,2,1,1,6
202100005038,2021-12-02 14:50:00,2021,12,2,14,50,91,91657,RUE ROGER SALENGRO,48.703261,2.434545,Plein jour,En agglomération,Intersection en T,Normale,Deux véhicules - côté,4,1,1,0,1,1,1,0,1,50,,2,1,0,0,1,39.0,18.0,,,1,2,3,1,3
202100005039,2021-12-02 11:30:00,2021,12,2,11,30,91,91421,NATIONALE 6 (PARTIE FORET),48.690276,2.461174,Plein jour,En agglomération,Hors intersection,Normale,Deux véhicules - arrière,2,1,0,0,1,1,1,0,1,50,,2,1,0,0,1,54.0,36.0,,,1,2,1,1,2
202100005040,2021-12-02 08:16:00,2021,12,2,8,16,91,91223,SAINT MARTIN (RUE),48.42983,2.14788,Crépuscule ou aube,En agglomération,Intersection en X,Normale,Autre collision,4,2,2,0,1,1,1,0,1,30,,2,1,0,0,1,31.0,,,,2,2,2,1,6
202100005041,2021-11-30 09:05:00,2021,11,30,9,5,87,87085,ALLENDE (QUAI SALVADOR),45.81912,1.25771,Plein jour,En agglomération,Hors intersection,Normale,Trois véhicules et plus - en chaîne,2,3,4,0,1,1,1,0,1,50,,3,1,0,0,2,24.0,47.0,,,1,2,1,1,4
202100005042,2021-11-29 16:10:00,2021,11,29,16,10,80,80021,DELPECH (RUE),49.88771,2.29691,Plein jour,En agglomération,Hors intersection,Normale,Deux véhicules - côté,4,2,2,0,1,1,1,0,1,50,,2,1,0,0,1,37.0,34.0,,,1,2,1,1,3
202100005043,2021-11-29 21:45:00,2021,11,29,21,45,80,80131,RD 934,49.8516,2.4042,Nuit avec éclairage non allumé,Hors agglomération,Hors intersection,Normale,Sans collision,3,3,4,0,1,1,1,0,1,90,,1,0,0,0,1,42.0,,,,4,1,1,1,7
202100005044,2021-11-30 16:10:00,2021,11,30,16,10,80,80021,RN 25,49.92675,2.31024,Plein jour,Hors agglomération,Hors intersection,Pluie légère,Deux véhicules - côté,2,3,4,0,4,3,2,0,1,110,,2,0,0,0,2,36.0,44.0,,,1,1,1,2,3
202100005045,2021-12-01 18:00:00,2021,12,1,18,0,77,77445,GAULLE  (AVENUE CHARLES DE),48.60189,2.57044,Nuit avec éclairage allumé,En agglomération,Intersection en T,Pluie légère,Autre collision,4,2,2,0,1,2,2,0,1,30,,2,1,0,1,0,78.0,,,,5,2,3,2,6
202100005046,2021-12-02 17:30:00,2021,12,2,17,30,76,76319,SEELZE. RUE DE,49.34882,0.99726,Nuit avec éclairage allumé,En agglomération,Hors intersection,Normale,Deux véhicules - côté,4,2,2,0,1,1,1,0,1,50,,3,2,0,0,1,,41.0,,,5,2,1,1,3
202100005047,2021-11-28 17:25:00,2021,11,28,17,25,76,76540,JOFFRE. PLACE,49.43493,1.08627,Crépuscule ou aube,En agglomération,Hors intersection,Normale,Autre collision,6,-1,-1,0,1,1,1,-1,8,30,,2,1,0,0,1,,,,,2,2,1,1,6
202100005048,2021-12-02 17:30:00,2021,12,2,17,30,69,69275,ELISEE RECLUS (R),45.7567,4.95486,Nuit avec éclairage allumé,Hors agglomération,Hors intersection,Pluie légère,Deux véhicules - frontale,4,2,2,1,1,1,2,0,1,50,,2,0,0,1,1,20.0,53.0,,,5,1,1,2,1
202100005049,2021-12-02 16:40:00,2021,12,2,16,40,69,69266,ANATOLE FRANCE (R),45.76788,4.87802,Plein jour,En agglomération,Intersection en X,Normale,Deux véhicules - côté,4,1,2,2,1,1,1,0,1,50,,2,1,0,0,1,19.0,32.0,,,1,2,2,1,3
202100005050,2021-12-02 15:30:00,2021,12,2,15,30,69,69266,MICHEL SERVET (R),45.76763,4.87888,Plein jour,En agglomération,Hors intersection,Normale,Autre collision,4,1,1,2,1,1,1,0,1,50,,2,1,0,0,1,69.0,,,,1,2,1,1,6
202100005051,2021-12-02 07:15:00,2021,12,2,7,15,69,69256,GENAS (DE) (RTE),45.7463188817,4.9259968847,Crépuscule ou aube,En agglomération,Hors intersection,Pluie légère,Trois véhicules et plus - en chaîne,7,2,2,3,1,1,2,0,1,50,,3,1,0,0,2,23.0,38.0,,,2,2,1,2,4
202100005052,2021-12-02 06:30:00,2021,12,2,6,30,69,69266,LEON FABRE (R),45.77851,4.87461,Nuit avec éclairage allumé,En agglomération,Intersection en X,Pluie légère,Deux véhicules - côté,4,2,2,2,1,1,2,0,1,50,,2,1,0,0,1,,49.0,,,5,2,2,2,3
202100005053,2021-12-02 07:20:00,2021,12,2,7,20,64,64269,TARBES DE,43.29863,-0.30464,Nuit avec éclairage allumé,En agglomération,Hors intersection,Pluie légère,Trois véhicules et plus - en chaîne,3,2,3,0,1,1,2,0,1,50,,3,2,0,0,1,33.0,21.0,,,5,2,1,2,4
202100005054,2021-12-01 10:30:00,2021,12,1,10,30,62,62427,FUSILLES (AV.),50.421534,2.956179,Plein jour,En agglomération,Giratoire,Pluie légère,Autre collision,4,2,2,0,1,2,2,0,1,50,,2,1,0,0,1,50.0,59.0,,,1,2,6,2,6
202100005055,2021-12-01 17:55:00,2021,12,1,17,55,61,61006,PUTANGES (ROUTE DE),48.74845,-0.02736,Nuit avec éclairage allumé,En agglomération,Giratoire,Pluie légère,Deux véhicules - côté,3,2,5,0,1,2,2,0,1,50,,2,1,0,0,1,43.0,66.0,,,5,2,6,2,3
202100005056,2021-12-02 19:30:00,2021,12,2,19,30,60,60665,Rue Hector Berlioz,49.4197313041,2.8044930696,Nuit avec éclairage allumé,En agglomération,Intersection en T,Normale,Trois véhicules et plus - en chaîne,4,2,2,0,1,1,1,9,1,30,,5,3,0,0,2,,76.0,,,5,2,3,1,4
202100005057,2021-12-02 17:15:00,2021,12,2,17,15,59,59350,FAUBOURG DE DOUAI N° RESTE,50.6115424639,3.0750944263,Nuit avec éclairage allumé,En agglomération,Hors intersection,Pluie forte,Deux véhicules - arrière,7,2,2,0,1,1,2,0,1,50,,3,1,0,1,1,38.0,61.0,,,5,2,1,3,2
202100005058,2021-12-02 14:10:00,2021,12,2,14,10,57,57630,RD 955,48.71802,7.04237,Plein jour,Hors agglomération,Hors intersection,Pluie légère,Deux véhicules - frontale,3,2,2,0,2,3,2,0,1,70,,3,0,0,0,3,32.0,67.0,,,1,1,1,2,1
202100005059,2021-12-01 18:15:00,2021,12,1,18,15,56,56121,CHAZELLES ( COURS LOUIS  DE ),47.75372,-3.36236,Nuit avec éclairage allumé,En agglomération,Intersection en X,Normale,Deux véhicules - côté,4,2,4,0,1,1,1,0,1,30,,3,1,0,0,2,48.0,17.0,,,5,2,2,1,3
202100005060,2021-12-02 17:00:00,2021,12,2,17,0,54,54578,VANDOEUVRE (RUE DE),48.6642622606,6.1522686481,Nuit avec éclairage allumé,En agglomération,Intersection en T,Normale,Autre collision,4,2,2,0,1,1,1,0,1,50,,2,1,0,0,1,19.0,,,,5,2,3,1,6
202100005061,2021-12-02 12:45:00,2021,12,2,12,45,54,54184,BRIGACHTAL (AVENUE DE),48.708,6.2436,Plein jour,En agglomération,Giratoire,Normale,Deux véhicules - côté,4,1,1,0,1,3,1,0,1,50,,2,1,0,0,1,36.0,22.0,,,1,2,6,1,3
202100005062,2021-12-02 08:00:00,2021,12,2,8,0,54,54395,DEGLIN (RUE HENRI),48.7003706991,6.1780527234,Plein jour,En agglomération,Intersection en X,Normale,Autre collision,4,2,2,0,1,1,1,0,1,30,,2,1,0,0,1,21.0,,,,1,2,2,1,6
202100005063,2021-12-01 10:56:00,2021,12,1,10,56,49,49246,A87N,47.42587,-0.50379,Plein jour,En agglomération,Hors intersection,Normale,Autre collision,1,3,4,0,1,1,1,0,1,90,,1,0,0,0,1,19.0,,,,1,2,1,1,6
202100005064,2021-12-01 07:55:00,2021,12,1,7,55,49,49007,MEIGNANNE,47.48099,-0.57376,Crépuscule ou aube,En agglomération,Hors intersection,Normale,Sans collision,4,1,2,0,1,2,2,0,1,30,,1,0,0,1,0,52.0,,,,2,2,1,1,7
202100005065,2021-12-02 05:00:00,2021,12,2,5,0,45,45234,DROITS DE L'HOMME (AVENUE DES ),47.92372,1.94101,Nuit avec éclairage allumé,En agglomération,Giratoire,Pluie légère,Sans collision,3,1,1,0,2,2,2,0,3,50,,2,1,0,0,1,21.0,,,,5,2,6,2,7
202100005066,2021-12-02 15:00:00,2021,12,2,15,0,37,37208,BALZAC (RUE HONORE DE),47.34984,0.71661,Plein jour,En agglomération,Intersection en T,Normale,Deux véhicules - côté,4,2,2,0,1,3,1,0,1,50,,2,1,0,0,1,77.0,36.0,,,1,2,3,1,3
202100005067,2021-12-02 12:15:00,2021,12,2,12,15,37,37195,,47.3855078562,0.646777153,Plein jour,En agglomération,Hors intersection,Normale,Sans collision,7,3,2,0,1,3,1,1,1,50,,3,2,0,0,1,33.0,,,,1,2,1,1,7
202100005068,2021-12-02 07:53:00,2021,12,2,7,53,37,37208,CORMERY (RUE DE),47.3435610434,0.7363522053,Crépuscule ou aube,En agglomération,Intersection en X,Normale,Deux véhicules - côté,4,2,2,0,1,3,2,5,1,50,,2,1,0,0,1,41.0,46.0,,,2,2,2,1,3
202100005069,2021-12-01 12:00:00,2021,12,1,12,0,37,37261,MONTJOYEUX (AVENUE),47.36133,0.70295,Plein jour,En agglomération,Hors intersection,Temps couvert,Autre collision,4,2,3,1,2,1,2,0,1,50,,3,2,0,1,0,49.0,53.0,,,1,2,1,8,6
202100005070,2021-12-02 14:10:00,2021,12,2,14,10,35,35051,MESLIERS (RUE DES),48.10710403,-1.618005395,Plein jour,En agglomération,Hors intersection,Normale,Deux véhicules - frontale,4,2,2,0,2,1,1,0,1,50,,2,1,0,0,1,30.0,31.0,,,1,2,1,1,1
202100005071,2021-12-02 08:10:00,2021,12,2,8,10,35,35051,RN157,48.11551,-1.57216,Crépuscule ou aube,Hors agglomération,Hors intersection,Normale,Deux véhicules - arrière,2,3,4,0,1,1,2,0,1,90,,2,1,0,0,1,47.0,30.0,,,2,1,1,1,2
202100005072,2021-12-02 14:30:00,2021,12,2,14,30,34,34129,CENTRE COMMERCIAL CARREFOUR,43.5828515367,3.9288677574,Plein jour,En agglomération,Autre intersection,Normale,Deux véhicules - côté,6,-1,-1,0,1,1,1,0,1,30,,3,2,0,0,1,30.0,21.0,,,1,2,9,1,3
202100005073,2021-12-01 17:40:00,2021,12,1,17,40,34,34198,BIR-HAKEIM (AVENUE DE),43.57174,3.94141,Nuit avec éclairage allumé,Hors agglomération,Hors intersection,Pluie légère,Autre collision,6,-1,-1,0,1,1,2,0,1,30,,2,1,0,1,0,22.0,,,,5,1,1,2,6
202100005074,2021-12-02 18:10:00,2021,12,2,18,10,33,33075,Allée des Tonnes,44.87246,-0.58611,Nuit avec éclairage allumé,En agglomération,Intersection en T,Pluie légère,Deux véhicules - côté,4,2,2,0,1,1,2,0,1,30,,2,1,0,0,1,18.0,49.0,,,5,2,3,2,3
202100005075,2021-12-02 13:50:00,2021,12,2,13,50,33,33039,Cours Victor Hugo,44.81173,-0.56448,Plein jour,En agglomération,Hors intersection,Temps couvert,Deux véhicules - arrière,4,2,2,0,2,1,1,0,1,30,,4,0,0,0,4,60.0,50.0,,,1,2,1,8,2
202100005076,2021-12-01 22:20:00,2021,12,1,22,20,33,33039,Quai du Président Wilson,44.81401,-0.5354,Nuit avec éclairage allumé,En agglomération,Hors intersection,Pluie légère,Deux véhicules - côté,4,2,2,0,1,1,2,0,1,50,,3,2,0,0,1,28.0,63.0,,,5,2,1,2,3
202100005077,2021-12-02 13:10:00,2021,12,2,13,10,32,32013,NOURRIC (CHEMIN DE),43.63441,0.59585,Plein jour,En agglomération,Hors intersection,Temps couvert,Deux véhicules - côté,4,2,2,0,4,4,1,0,1,50,,2,1,0,1,0,57.0,15.0,,,1,2,1,8,3
202100005078,2021-12-01 06:30:00,2021,12,1,6,30,30,30028,route de barjac,44.18233,4.5938,Nuit sans éclairage public,Hors agglomération,Autre intersection,Normale,Autre collision,3,2,2,0,1,3,1,0,3,80,,1,0,0,1,0,29.0,,,,3,1,9,1,6
202100005079,2021-12-02 11:20:00,2021,12,2,11,20,29,29019,Rue Anatole France,48.38134,-4.5287,Plein jour,En agglomération,Hors intersection,Pluie légère,Autre collision,4,2,2,0,1,1,2,5,1,50,,2,1,0,1,0,32.0,,,,1,2,1,2,6
202100005080,2021-11-27 13:25:00,2021,11,27,13,25,27,27229,FOCH (AVENUE DU MARECHAL),49.02973,1.11673,Plein jour,En agglomération,Hors intersection,Pluie légère,Sans collision,4,1,1,0,1,2,2,0,1,50,,1,0,0,0,1,20.0,,,,1,2,1,2,7
202100005081,2021-11-27 11:05:00,2021,11,27,11,5,26,26362,101 BD Pierre Tezier,44.904039,4.911792,Plein jour,Hors agglomération,Giratoire,Normale,Deux véhicules - arrière,2,1,1,0,1,1,1,3,1,70,,6,3,0,0,3,42.0,57.0,,,1,1,6,1,2
202100005082,2021-11-08 20:30:00,2021,11,8,20,30,26,26362,Avenue de Provence,44.912881,4.878024,Nuit avec éclairage allumé,En agglomération,Intersection en X,Normale,Deux véhicules - arrière,3,2,2,0,1,1,1,0,1,50,,3,1,1,1,0,50.0,17.0,,,5,2,2,1,2
202100005083,2021-12-01 16:45:00,2021,12,1,16,45,14,14366,D613,49.147,0.24392,Crépuscule ou aube,En agglomération,Hors intersection,Pluie légère,Autre collision,3,2,2,0,2,4,2,0,1,70,,3,0,0,0,3,49.0,72.0,,,2,2,1,2,6