accident_id,datetime,annee,mois,jour,heure,minute,departement,commune_insee,adresse,latitude,longitude,luminosite,agglomeration,intersection,meteo,collision,catr,circ,nbv,vosp,prof,plan,surf,infra,situ,vma,nb_vehicules,nb_usagers,nb_indemnes,nb_tues,nb_blesses_hosp,nb_blesses_legers,age_cond_1,age_cond_2,veh_type_cond_1,veh_type_cond_2,lum_code,agg_code,int_code,atm_code,col_code
202100005084,2021-12-02 15:05:00,2021,12,2,15,5,13,13214,LAVOISIER (BOULEVARD),43.33881,5.36984,Plein jour,En agglomération,Hors intersection,Normale,Deux véhicules - côté,4,2,2,0,1,1,1,0,1,50,,2,1,0,1,0,57.0,,,,1,2,1,1,3
202100005085,2021-12-02 11:25:00,2021,12,2,11,25,13,13212,ALPES (BOULEVARD DES),43.299,5.415,Plein jour,En agglomération,Hors intersection,Normale,Deux véhicules - côté,4,2,2,0,2,1,1,0,1,50,,2,1,0,0,1,34.0,53.0,,,1,2,1,1,3
202100005086,2021-11-30 21:20:00,2021,11,30,21,20,13,13202,ARENC (QUAI D'),43.3152913496,5.3650252656,Nuit avec éclairage allumé,En agglomération,Hors intersection,Normale,Deux véhicules - côté,4,1,2,0,1,1,1,0,1,50,,1,0,0,0,1,64.0,,,,5,2,1,1,3
202100005087,2021-12-02 23:02:00,2021,12,2,23,2,11,11069,MIR ACHILLE -AVENUE-,43.21035,2.36066,Nuit avec éclairage allumé,En agglomération,Hors intersection,Pluie légère,Deux véhicules - arrière,4,2,2,0,1,1,2,0,1,30,,4,0,0,0,4,34.0,38.0,,,5,2,1,2,2
202100005088,2021-12-01 16:18:00,2021,12,1,16,18,10,10081,JEAN JAURES (AVENUE),48.31147,4.03671,Plein jour,En agglomération,Intersection en X,Temps couvert,Deux véhicules - côté,4,2,2,0,1,1,2,0,1,50,,2,1,0,0,1,37.0,16.0,,,1,2,2,8,3
202100005089,2021-12-01 15:30:00,2021,12,1,15,30,10,10333,ROBERT GALLEY (RUE),48.289,4.067,Plein jour,En agglomération,Place,Normale,Deux véhicules - côté,3,1,2,2,1,2,1,9,1,50,,2,1,0,0,1,37.0,66.0,,,1,2,7,1,3
202100005090,2021-12-01 11:10:00,2021,12,1,11,10,10,10387,LOMBARDS (AVENUE),48.26889,4.08448,Plein jour,En agglomération,Intersection en Y,Pluie légère,Deux véhicules - côté,4,2,2,0,1,1,2,0,1,50,,2,1,0,0,1,42.0,17.0,,,1,2,4,2,3
202100005091,2021-12-02 07:40:00,2021,12,2,7,40,06,06069,AURIBEAU (ROUTE D') -D609-,43.638311,6.911005,Plein jour,En agglomération,Hors intersection,Normale,Deux véhicules - frontale,3,2,2,0,2,1,1,0,1,50,,2,1,0,0,1,59.0,54.0,,,1,2,1,1,1
202100005092,2021-12-02 18:28:00,2021,12,2,18,28,06,06123,CURIE PIERRE ET MARIE AVENUE,43.691065,7.185489,Nuit avec éclairage allumé,En agglomération,Autre intersection,Normale,Autre collision,7,2,2,0,1,1,1,0,1,50,,2,1,0,0,1,55.0,,,,5,2,9,1,6
202100005093,2021-12-02 12:22:00,2021,12,2,12,22,06,06027,CANNES AVENUE DE (RN7),43.66373,7.14882,Plein jour,En agglomération,Intersection en Y,Normale,Deux véhicules - arrière,7,1,2,0,1,1,1,3,1,70,,2,1,0,0,1,40.0,37.0,,,1,2,4,1,2
202100005094,2021-12-01 12:40:00,2021,12,1,12,40,75,75115,BOULEVARD PERIPHERIQUE,48.827241,2.293135,Plein jour,En agglomération,Hors intersection,Normale,Deux véhicules - arrière,4,1,3,0,1,1,2,0,1,70,,2,1,0,0,1,22.0,38.0,,,1,2,1,1,2
202100005095,2021-12-01 08:30:00,2021,12,1,8,30,75,75113,BOULEVARD PERIPHERIQUE,48.825791,2.386589,Plein jour,En agglomération,Hors intersection,Temps couvert,Deux véhicules - côté,4,1,4,0,1,1,2,0,1,70,,2,1,0,0,1,23.0,56.0,,,1,2,1,8,3
202100005096,2021-11-30 20:00:00,2021,11,30,20,0,75,75117,PLACE GENERAL CATROUX,48.883031,2.310498,Nuit avec éclairage allumé,En agglomération,Intersection en Y,Normale,Sans collision,4,2,2,0,1,1,1,0,1,30,,1,0,0,0,1,23.0,,,,5,2,4,1,7
202100005097,2021-12-01 10:10:00,2021,12,1,10,10,75,75116,AVENUE DE LA GRANDE ARMEE,48.874421,2.293012,Plein jour,En agglomération,Place,Pluie légère,Trois véhicules et plus - en chaîne,4,2,8,0,1,1,2,0,1,50,,4,3,0,0,1,67.0,25.0,,,1,2,7,2,4
202100005098,2021-11-30 13:55:00,2021,11,30,13,55,75,75116,AVENUE KLEBER,48.868919,2.29152,Plein jour,En agglomération,Intersection en Y,Normale,Autre collision,4,2,3,0,1,1,1,0,1,30,,2,1,0,0,1,27.0,,,,1,2,4,1,6
202100005099,2021-12-02 18:15:00,2021,12,2,18,15,75,75115,RUE SAINT CHARLES,48.845172,2.284273,Nuit avec éclairage allumé,En agglomération,Hors intersection,Normale,Autre collision,4,1,1,0,1,1,1,0,1,30,,2,1,0,0,1,27.0,18.0,,,5,2,1,1,6
202100005100,2021-12-01 23:40:00,2021,12,1,23,40,75,75115,RUE DE JAVEL,48.842345,2.290015,Nuit avec éclairage allumé,En agglomération,Hors intersection,Normale,Autre collision,4,1,1,0,1,1,1,0,1,30,,2,1,0,0,1,,,,,5,2,1,1,6
202100005101,2021-12-02 09:50:00,2021,12,2,9,50,75,75114,BOULEVARD ARAGO,48.834533,2.335417,Plein jour,En agglomération,Hors intersection,Normale,Autre collision,4,2,4,1,2,1,1,-1,5,30,,3,2,0,0,1,47.0,23.0,,,1,2,1,1,6
202100005102,2021-12-02 10:05:00,2021,12,2,10,5,75,75112,AVENUE DAUMESNIL,48.843244,2.383689,Plein jour,En agglomération,Intersection en T,Temps couvert,Deux véhicules - côté,4,2,0,0,1,1,1,0,1,30,,2,1,0,0,1,46.0,62.0,,,1,2,3,8,3
202100005103,2021-12-01 18:20:00,2021,12,1,18,20,75,75112,RUE ROTTEMBOURG,48.838912,2.408454,Nuit avec éclairage allumé,En agglomération,Intersection en Y,Temps couvert,Autre collision,4,2,2,0,1,1,2,0,1,30,,3,2,0,0,1,21.0,,,,5,2,4,8,6
202100005104,2021-12-02 22:23:00,2021,12,2,22,23,75,75108,RUE ROYALE,48.866757,2.322058,Nuit avec éclairage allumé,En agglomération,Place,Normale,Deux véhicules - côté,4,2,4,0,1,1,1,0,1,30,,2,1,0,0,1,64.0,23.0,,,5,2,7,1,3
202100005105,2021-12-01 21:10:00,2021,12,1,21,10,75,75108,BOULEVARD DE COURCELLES,48.879547,2.305004,Nuit avec éclairage allumé,En agglomération,Intersection en X,Pluie légère,Deux véhicules - côté,4,2,6,0,1,1,2,0,1,30,,2,1,0,1,0,35.0,19.0,,,5,2,2,2,3
202100005106,2021-12-02 13:35:00,2021,12,2,13,35,75,75103,BOULEVARD DU TEMPLE,48.866455,2.361519,Plein jour,En agglomération,Hors intersection,Temps couvert,Autre collision,4,1,3,0,1,1,2,0,1,30,,2,1,0,0,1,56.0,,,,1,2,1,8,6
202100005107,2021-12-02 16:05:00,2021,12,2,16,5,94,94081,Quai Jules Guesde,48.79533,2.418,Crépuscule ou aube,En agglomération,Hors intersection,Normale,Deux véhicules - arrière,3,1,3,0,2,1,1,0,1,50,,2,1,0,0,1,33.0,46.0,,,2,2,1,1,2
202100005108,2021-11-30 09:40:00,2021,11,30,9,40,94,94068,CAFFIN (AV),48.79143,2.50933,Plein jour,En agglomération,Intersection en T,Normale,Deux véhicules - côté,4,2,2,0,1,1,1,0,1,30,,2,1,0,0,1,66.0,49.0,,,1,2,3,1,3
202100005109,2021-11-30 05:40:00,2021,11,30,5,40,94,94017,REPUBLIQUE (AV DE LA),48.82682,2.50998,Nuit avec éclairage allumé,En agglomération,Intersection en T,Pluie légère,Deux véhicules - côté,3,3,4,0,1,3,2,5,1,50,,4,3,0,0,1,59.0,39.0,,,5,2,3,2,3
202100005110,2021-12-02 18:30:00,2021,12,2,18,30,94,94046,Avenue de la République,48.80581,2.441,Nuit avec éclairage allumé,En agglomération,Intersection en X,Normale,Autre collision,3,2,2,0,2,1,1,6,1,30,,2,0,0,0,2,41.0,,,,5,2,2,1,6
202100005111,2021-12-02 16:00:00,2021,12,2,16,0,94,94016,Rue Pierre Mauroy,48.791338,2.330175,Plein jour,En agglomération,Hors intersection,Normale,Autre collision,4,2,2,0,1,3,1,0,1,50,,1,0,0,0,1,15.0,,,,1,2,1,1,6
202100005112,2021-11-30 17:25:00,2021,11,30,17,25,94,94003,Avenue Paul Vaillant-Couturier,48.80053,2.34166,Nuit avec éclairage allumé,En agglomération,Intersection en X,Normale,Autre collision,1,2,2,0,1,1,1,0,1,50,,2,1,0,0,1,29.0,50.0,,,5,2,2,1,6
202100005113,2021-12-02 07:50:00,2021,12,2,7,50,94,94038,Rue de Chevilly,48.77625,2.34108,Plein jour,En agglomération,Hors intersection,Normale,Autre collision,4,2,2,0,1,1,1,0,1,50,,2,1,0,0,1,33.0,,,,1,2,1,1,6
202100005114,2021-12-02 07:00:00,2021,12,2,7,0,94,94065,RUE DU JOUR,48.75882,2.36482,Nuit sans éclairage public,En agglomération,Hors intersection,Normale,Autre collision,4,2,2,0,1,3,1,9,1,30,,2,1,0,0,1,57.0,,,,3,2,1,1,6
202100005115,2021-12-02 03:50:00,2021,12,2,3,50,94,94021,STALINGRAD - CAR DES SORBIERS (AV DE),48.76907,2.36788,Nuit avec éclairage allumé,En agglomération,Hors intersection,Pluie légère,Deux véhicules - côté,3,3,2,0,1,1,2,5,1,50,,2,1,0,0,1,28.0,31.0,,,5,2,1,2,3
202100005116,2021-12-02 11:56:00,2021,12,2,11,56,94,94033,Avenue du Maréchal Joffre,48.85252,2.48432,Plein jour,En agglomération,Autre intersection,Temps couvert,Autre collision,3,1,2,0,1,1,2,9,4,30,,2,1,0,0,1,87.0,,,,1,2,9,8,6
202100005117,2021-12-02 01:55:00,2021,12,2,1,55,94,94028,Chemin des Marais,48.77683,2.43406,Nuit avec éclairage allumé,En agglomération,Hors intersection,Normale,Deux véhicules - frontale,4,2,2,0,1,2,1,0,1,50,,3,1,0,0,2,31.0,18.0,,,5,2,1,1,1
202100005118,2021-12-02 09:40:00,2021,12,2,9,40,94,94069,CHEMIN DE PRESLES (AV DU),48.81593,2.46231,Plein jour,En agglomération,Autre intersection,Normale,Sans collision,4,2,2,0,1,3,2,0,1,15,,1,0,0,0,1,39.0,,,,1,2,9,1,7
202100005119,2021-12-02 10:52:00,2021,12,2,10,52,94,94004,Rue de Brévannes,48.7498696926,2.505505085,Plein jour,En agglomération,Hors intersection,Normale,Autre collision,4,2,2,0,1,1,1,0,4,50,,2,1,0,0,1,65.0,,,,1,2,1,1,6
202100005120,2021-12-02 06:10:00,2021,12,2,6,10,93,93072,ROGER SALENGRO (RUE),48.94694,2.38371,Nuit avec éclairage allumé,En agglomération,Hors intersection,Normale,Autre collision,4,1,2,0,1,1,1,0,1,50,,2,0,0,0,2,72.0,,,,5,2,1,1,6
202100005121,2021-12-02 14:30:00,2021,12,2,14,30,93,93050,PAUL ET CAMILLE THOMOUX (RUE) COTE IMPAI,48.87256,2.52964,Plein jour,En agglomération,Hors intersection,Normale,Deux véhicules - côté,3,2,2,0,1,1,1,0,1,50,,2,1,0,1,0,32.0,26.0,,,1,2,1,1,3
202100005122,2021-12-01 23:55:00,2021,12,1,23,55,93,93032,MONTGUICHET  (CHEMIN DE),48.87932,2.54668,Nuit avec éclairage allumé,En agglomération,Intersection en T,Normale,Autre collision,3,2,4,0,2,1,2,0,1,50,,2,1,0,0,1,43.0,,,,5,2,3,1,6
202100005123,2021-12-02 10:20:00,2021,12,2,10,20,92,92046,DE STALINGRAD,48.8144193649,2.2796925902,Plein jour,En agglomération,Hors intersection,Normale,Autre collision,3,2,2,0,2,1,1,0,6,30,,2,1,0,0,1,38.0,,,,1,2,1,1,6
202100005124,2021-12-02 17:45:00,2021,12,2,17,45,92,92047,REPUBLIQUE,48.837628763,2.1609807014,Nuit avec éclairage allumé,En agglomération,Hors intersection,Normale,Deux véhicules - côté,3,3,4,0,1,1,1,0,1,50,,2,1,0,0,1,16.0,,,,5,2,1,1,3
202100005125,2021-12-02 08:15:00,2021,12,2,8,15,92,92062,Rue Francis de Pressensé,48.8762447454,2.2358813882,Plein jour,En agglomération,Hors intersection,Normale,Deux véhicules - côté,4,2,2,0,1,1,1,0,1,30,,2,1,0,0,1,50.0,10.0,,,1,2,1,1,3
202100005126,2021-12-02 11:05:00,2021,12,2,11,5,92,92051,"ACHILLE PERETTI (AVENUE,  N° 98 A 166 ET",48.8845280428,2.2686231136,Plein jour,En agglomération,Hors intersection,Normale,Deux véhicules - côté,4,2,2,0,1,1,2,0,1,50,,3,1,0,0,2,49.0,25.0,,,1,2,1,1,3
202100005127,2021-12-02 13:15:00,2021,12,2,13,15,92,92044,PABLO NERUDA(STADE)4 NERUDA,48.8935436334,2.2995141149,Plein jour,En agglomération,Intersection à plus de 4 branches,Temps couvert,Autre collision,3,2,5,3,1,1,2,5,3,50,,2,1,0,0,1,45.0,,,,1,2,5,8,6
202100005128,2021-12-02 19:10:00,2021,12,2,19,10,92,92040,RODIN (BOULEVARD),48.8182042633,2.2571620345,Nuit avec éclairage allumé,En agglomération,Hors intersection,Normale,Deux véhicules - arrière,3,2,2,0,1,1,1,0,1,50,,2,1,0,0,1,41.0,59.0,,,5,2,1,1,2
202100005129,2021-12-01 12:30:00,2021,12,1,12,30,92,92025,AGENT SARRE (AV DE L'),48.924782,2.266399,Plein jour,En agglomération,Hors intersection,Normale,Deux véhicules - côté,3,2,2,0,1,1,1,0,1,50,,2,1,0,0,1,77.0,48.0,,,1,2,1,1,3
202100005130,2021-02-01 12:30:00,2021,2,1,12,30,92,92025,AGENT SARRE (AV DE L'),48.924687,2.265883,Plein jour,En agglomération,Hors intersection,Normale,Autre collision,3,2,2,0,1,1,1,0,1,50,,2,1,0,0,1,48.0,77.0,,,1,2,1,1,6
202100005131,2021-12-02 18:16:00,2021,12,2,18,16,92,92023,CHEMIN VERT (RUE DU),48.8140360905,2.267831862,Nuit avec éclairage allumé,En agglomération,Autre intersection,Normale,Deux véhicules - côté,4,4,5,0,1,1,1,0,8,30,,3,2,0,0,1,31.0,17.0,,,5,2,9,1,3
202100005132,2021-12-02 23:10:00,2021,12,2,23,10,92,92012,REPUBLIQUE (BOULEVARD DE LA) 79/FIN - 76,48.8335492919,2.2438019514,Nuit avec éclairage allumé,En agglomération,Giratoire,Normale,Autre collision,3,2,2,0,1,3,1,6,1,50,,2,1,0,0,1,44.0,,,,5,2,6,1,6
202100005133,2021-12-02 15:45:00,2021,12,2,15,45,44,44014,A 83 PK 2.000,47.11741,-1.49432,Plein jour,Hors agglomération,Hors intersection,Pluie légère,Deux véhicules - arrière,1,1,4,0,1,1,2,0,1,110,,2,1,0,1,0,44.0,60.0,,,1,1,1,2,2
202100005134,2021-12-01 16:58:00,2021,12,1,16,58,68,68146,ZAC du Mariafeld,48.127361,7.362674,Nuit sans éclairage public,En agglomération,Intersection en X,Pluie légère,Deux véhicules - côté,4,2,2,0,1,1,2,0,1,50,,2,1,0,1,0,59.0,66.0,,,3,2,2,2,3
202100005135,2021-12-01 06:45:00,2021,12,1,6,45,974,97422,rue du général de gaulle,-21.272199,55.515938,Plein jour,En agglomération,Hors intersection,Normale,Deux véhicules - côté,4,2,2,0,1,1,1,9,1,50,,2,1,0,1,0,54.0,,,,1,2,1,1,3
202100005136,2021-12-01 11:10:00,2021,12,1,11,10,972,97202,Gallochat,14.519884,-61.074318,Plein jour,Hors agglomération,Hors intersection,Normale,Deux véhicules - arrière,3,2,2,0,3,1,1,0,1,70,,2,1,1,0,0,59.0,37.0,,,1,1,1,1,2
202100005137,2021-11-30 17:00:00,2021,11,30,17,0,57,57428,Rue du Wenheck,49.097096,6.726036,Nuit avec éclairage allumé,En agglomération,Hors intersection,Pluie légère,Autre collision,3,2,2,0,3,1,2,0,1,50,,2,1,0,1,0,73.0,,,,5,2,1,2,6
202100005138,2021-12-01 17:30:00,2021,12,1,17,30,12,12049,Beauregard,44.564713,2.599967,Nuit avec éclairage allumé,Hors agglomération,Hors intersection,Pluie légère,Autre collision,3,2,2,0,3,4,2,0,3,90,,3,2,0,0,1,82.0,,,,5,1,1,2,6
202100005139,2021-12-03 06:30:00,2021,12,3,6,30,29,29026,N165 - PK 75+500,48.210032,-4.046745,Nuit sans éclairage public,Hors agglomération,Hors intersection,Pluie forte,Trois véhicules et plus - en chaîne,2,3,4,0,1,1,2,0,1,110,,3,1,0,0,2,21.0,43.0,,,3,1,1,3,4
202100005140,2021-12-02 21:30:00,2021,12,2,21,30,25,25524,Autoroute A.36 au PK066+600 dans le sens BESANCON/MULHOUSE,47.428648,6.663142,Nuit sans éclairage public,Hors agglomération,Hors intersection,Neige / grêle,Deux véhicules - arrière,1,3,4,0,4,3,2,0,1,130,,2,1,1,0,0,26.0,22.0,,,3,1,1,4,2
202100005141,2021-12-02 15:45:00,2021,12,2,15,45,17,17142,CD 107,46.192961,-1.082242,Plein jour,Hors agglomération,Intersection en X,Pluie légère,Deux véhicules - arrière,3,2,2,0,1,1,2,0,1,80,,2,1,0,1,0,63.0,29.0,,,1,1,2,2,2
202100005142,2021-12-02 07:25:00,2021,12,2,7,25,51,51326,D994,49.105327,4.318303,Nuit sans éclairage public,Hors agglomération,Intersection en X,Normale,Deux véhicules - frontale,3,2,2,0,1,1,1,0,1,90,,2,0,0,0,2,31.0,56.0,,,3,1,2,1,1
202100005143,2021-11-30 13:30:00,2021,11,30,13,30,06,06033,11 Boulevard de la Colle Belle,43.768584,7.196801,Plein jour,En agglomération,Hors intersection,Normale,Autre collision,4,3,0,0,2,1,1,9,1,50,,2,1,0,0,1,72.0,,,,1,2,1,1,6
202100005144,2021-11-30 09:45:00,2021,11,30,9,45,974,97413,Chemin Lancastel,-21.214814,55.315711,Plein jour,En agglomération,Intersection en T,Normale,Deux véhicules - frontale,4,2,2,0,1,1,1,0,1,50,,3,1,0,1,1,35.0,16.0,,,1,2,3,1,1
202100005145,2021-12-01 19:25:00,2021,12,1,19,25,44,44071,RN 249,47.198235,-1.446912,Nuit sans éclairage public,Hors agglomération,Hors intersection,Normale,Trois véhicules et plus - en chaîne,2,3,4,0,1,1,1,3,1,110,,3,2,0,1,0,26.0,26.0,,,3,1,1,1,4
202100005146,2021-12-03 08:05:00,2021,12,3,8,5,51,51562,Rue de Sillery,49.211857,4.102079,Crépuscule ou aube,En agglomération,Hors intersection,Normale,Deux véhicules - frontale,3,2,2,0,1,1,1,0,1,50,,2,1,0,0,1,61.0,26.0,,,2,2,1,1,1
202100005147,2021-12-03 18:15:00,2021,12,3,18,15,51,51413,D9,49.01264,4.034708,Nuit avec éclairage allumé,Hors agglomération,Intersection en T,Pluie légère,Trois véhicules et plus - en chaîne,3,2,3,0,1,1,2,0,1,80,,3,1,0,0,2,42.0,32.0,,,5,1,3,2,4
202100005148,2021-12-01 16:15:00,2021,12,1,16,15,41,41232,Rue de l Orlèanais,47.418357,2.05608,Crépuscule ou aube,En agglomération,Hors intersection,Normale,Deux véhicules - côté,4,2,2,0,1,1,2,0,1,50,,2,1,0,1,0,82.0,23.0,,,2,2,1,1,3
202100005149,2021-12-03 11:15:00,2021,12,3,11,15,68,68155,RD415,48.105124,7.301145,Plein jour,Hors agglomération,Hors intersection,Normale,Autre collision,3,2,3,0,1,1,1,0,1,80,,2,1,1,0,0,19.0,,,,1,1,1,1,6
202100005150,2021-12-03 14:30:00,2021,12,3,14,30,39,39246,,47.197046,5.693528,Plein jour,Hors agglomération,Hors intersection,Pluie légère,Autre collision,3,2,2,0,2,3,2,0,3,80,,1,0,0,1,0,81.0,,,,1,1,1,2,6
202100005151,2021-12-03 10:30:00,2021,12,3,10,30,29,29165,D53 - Lieu Dit Ty Prat Quelarn,47.8221335169,-4.2493379117,Plein jour,Hors agglomération,Intersection en T,Pluie forte,Autre collision,3,2,2,0,1,1,2,0,3,80,,1,0,0,0,1,46.0,,,,1,1,3,3,6
202100005152,2021-12-02 23:00:00,2021,12,2,23,0,03,03297,D301 route de NASSIGNY,46.51954,2.606893,Nuit sans éclairage public,Hors agglomération,Hors intersection,Neige / grêle,Sans collision,3,2,2,0,1,1,7,0,3,90,,2,1,0,1,0,24.0,,,,3,1,1,4,7
202100005153,2021-12-02 17:30:00,2021,12,2,17,30,03,03099,40 Route du Grand Chemin,46.379279,3.034893,Nuit avec éclairage allumé,En agglomération,Hors intersection,Neige / grêle,Autre collision,3,2,2,0,2,1,5,0,1,50,,5,4,0,0,1,52.0,28.0,,,5,2,1,4,6
202100005154,2021-12-02 16:45:00,2021,12,2,16,45,54,54562,RN4,48.5888255415,6.8003332624,Crépuscule ou aube,Hors agglomération,Hors intersection,Pluie légère,Autre collision,2,3,4,0,1,1,2,0,2,110,,1,0,0,1,0,35.0,,,,2,1,1,2,6
202100005155,2021-12-02 17:30:00,2021,12,2,17,30,72,72381,D 326,47.93792,0.11581,Crépuscule ou aube,Hors agglomération,Hors intersection,Normale,Deux véhicules - arrière,3,2,2,0,2,3,1,0,1,90,,2,1,0,0,1,16.0,53.0,,,2,1,1,1,2
202100005156,2021-12-03 18:00:00,2021,12,3,18,0,06,06094,17 avenue de l'adrech,44.089812,6.944261,Nuit avec éclairage allumé,En agglomération,Hors intersection,Neige / grêle,Autre collision,4,2,2,0,2,2,7,0,1,30,,2,1,0,0,1,48.0,,,,5,2,1,4,6
202100005157,2021-12-02 16:50:00,2021,12,2,16,50,60,60188,21 Rue de Soissons,49.403591,3.007443,Crépuscule ou aube,En agglomération,Intersection en T,Normale,Deux véhicules - côté,2,2,2,0,1,1,2,0,1,50,,2,1,0,1,0,58.0,17.0,,,2,2,3,1,3
202100005158,2021-12-02 12:13:00,2021,12,2,12,13,60,60086,Place Bourgeois,49.167602,2.359335,Plein jour,En agglomération,Giratoire,Normale,Autre collision,4,1,1,0,1,4,1,9,1,30,,2,1,0,1,0,32.0,,,,1,2,6,1,6
202100005159,2021-11-25 18:55:00,2021,11,25,18,55,45,45020,D2-PR3+115,47.843358,1.666164,Nuit sans éclairage public,Hors agglomération,Intersection en T,Normale,Deux véhicules - frontale,3,2,2,0,1,1,1,0,1,80,,2,1,0,1,0,19.0,31.0,,,3,1,3,1,1
202100005160,2021-12-03 07:25:00,2021,12,3,7,25,64,64029,Route de Lanne,43.113735,-0.741534,Nuit sans éclairage public,Hors agglomération,Hors intersection,Normale,Deux véhicules - frontale,3,1,2,0,1,3,7,0,1,80,,2,0,1,1,0,61.0,22.0,,,3,1,1,1,1
202100005161,2021-12-03 08:05:00,2021,12,3,8,5,64,64424,Route de Garaibie,43.188618,-0.942003,Plein jour,En agglomération,Hors intersection,Normale,Deux véhicules - côté,3,2,2,0,2,2,2,0,1,50,,3,0,0,1,2,78.0,35.0,,,1,2,1,1,3
202100005162,2021-12-02 02:10:00,2021,12,2,2,10,18,18028,D60,47.110615,2.293873,Nuit sans éclairage public,Hors agglomération,Intersection en T,Normale,Autre collision,3,2,2,0,1,1,2,0,3,70,,1,0,0,1,0,32.0,,,,3,1,3,1,6
202100005163,2021-12-03 14:00:00,2021,12,3,14,0,85,85051,Croisee du Gros Caillou,46.666498,-1.094234,Plein jour,Hors agglomération,Giratoire,Pluie légère,Sans collision,3,2,2,0,1,1,2,0,8,80,,1,0,0,1,0,77.0,,,,1,1,6,2,7
202100005164,2021-12-02 21:40:00,2021,12,2,21,40,87,87139,le bourg,46.167821,0.954545,Nuit avec éclairage allumé,En agglomération,Hors intersection,Normale,Autre collision,2,2,2,0,2,3,1,0,1,50,,1,0,1,0,0,57.0,,,,5,2,1,1,6
202100005165,2021-12-03 09:28:00,2021,12,3,9,28,31,31324,A64 PK231.500 sens TOULOUSE BAYONNE,43.206177,1.015978,Plein jour,Hors agglomération,Hors intersection,Normale,Deux véhicules - arrière,1,3,4,0,1,1,1,0,1,130,,3,2,0,1,0,24.0,36.0,,,1,1,1,1,2
202100005166,2021-12-02 17:05:00,2021,12,2,17,5,01,01269,A40,46.141515,5.614314,Nuit avec éclairage allumé,Hors agglomération,Hors intersection,Autre,Deux véhicules - arrière,1,1,2,0,1,1,2,2,1,110,,3,2,0,0,1,78.0,25.0,,,5,1,1,9,2
202100005167,2021-12-03 08:35:00,2021,12,3,8,35,06,06018,Route de la Mer,43.621938,7.107334,Plein jour,Hors agglomération,Hors intersection,Normale,Autre collision,3,2,2,0,1,1,1,0,1,50,,2,1,0,1,0,50.0,,,,1,1,1,1,6
202100005168,2021-11-30 19:40:00,2021,11,30,19,40,06,06083,A8 PK 222.980 chaussée nord,43.790335,7.518725,Nuit sans éclairage public,Hors agglomération,Hors intersection,Normale,Autre collision,1,3,4,0,2,3,1,0,1,110,,2,1,0,0,1,,,,,3,1,1,1,6
202100005169,2021-11-29 14:40:00,2021,11,29,14,40,60,60369,a1-sens S/N,49.319751,2.687209,Plein jour,Hors agglomération,Hors intersection,Normale,Trois véhicules et plus - en chaîne,1,3,3,0,1,1,1,0,1,130,,4,3,0,1,0,23.0,67.0,,,1,1,1,1,4
202100005170,2021-12-03 18:50:00,2021,12,3,18,50,976,97615,Rue Abasse Ali,-12.790497,45.282261,Nuit avec éclairage allumé,En agglomération,Hors intersection,Normale,Deux véhicules - frontale,4,2,1,0,2,1,1,0,1,50,,2,1,0,1,0,54.0,,,,5,2,1,1,1
202100005171,2021-12-02 21:00:00,2021,12,2,21,0,77,77365,D231,48.718002,3.037985,Nuit sans éclairage public,En agglomération,Hors intersection,Normale,Deux véhicules - frontale,3,2,2,0,1,1,1,9,1,50,,2,1,1,0,0,50.0,21.0,,,3,2,1,1,1
202100005172,2021-12-03 16:00:00,2021,12,3,16,0,77,77318,D216,48.79257,2.934862,Plein jour,Hors agglomération,Intersection en X,Temps couvert,Deux véhicules - côté,3,2,2,0,1,1,2,5,1,70,,3,1,0,2,0,,60.0,,,1,1,2,8,3
202100005173,2021-12-03 15:25:00,2021,12,3,15,25,95,95355,RD 174,49.157005,1.831489,Plein jour,Hors agglomération,Hors intersection,Pluie légère,Autre collision,3,2,2,0,2,1,2,0,1,80,,1,0,0,0,1,40.0,,,,1,1,1,2,6
202100005174,2021-12-02 15:00:00,2021,12,2,15,0,78,78107,D110,48.952346,1.560584,Plein jour,Hors agglomération,Intersection en Y,Temps couvert,Autre collision,3,-1,1,0,1,1,1,8,3,70,,2,1,0,1,0,,,,,1,1,4,8,6
202100005175,2021-12-03 14:00:00,2021,12,3,14,0,66,66101,D612,42.617728,2.790361,Plein jour,Hors agglomération,Hors intersection,Normale,Autre collision,3,2,2,0,1,1,1,0,3,80,,2,0,0,1,1,69.0,,,,1,1,1,1,6
202100005176,2021-12-01 17:30:00,2021,12,1,17,30,30,30027,,44.0693,4.070299,Crépuscule ou aube,Hors agglomération,Hors intersection,Normale,Deux véhicules - côté,3,2,2,0,1,1,2,0,1,80,,2,1,0,0,1,40.0,18.0,,,2,1,1,1,3
202100005177,2021-12-03 04:00:00,2021,12,3,4,0,13,13042,D8n,43.273671,5.638218,Nuit avec éclairage allumé,Hors agglomération,Hors intersection,Pluie légère,Deux véhicules - frontale,7,2,2,0,1,1,2,0,3,90,,2,0,1,1,0,27.0,,,,5,1,1,2,1
202100005178,2021-12-03 08:25:00,2021,12,3,8,25,69,69112,SAIN BEL (DE) (RTE),45.8049658788,4.6464550495,Crépuscule ou aube,Hors agglomération,Hors intersection,Normale,Deux véhicules - frontale,3,2,2,2,1,3,2,0,1,80,,2,0,0,2,0,29.0,47.0,,,2,1,1,1,1