accident_id,datetime,annee,mois,jour,heure,minute,departement,commune_insee,adresse,latitude,longitude,luminosite,agglomeration,intersection,meteo,collision,catr,circ,nbv,vosp,prof,plan,surf,infra,situ,vma,nb_vehicules,nb_usagers,nb_indemnes,nb_tues,nb_blesses_hosp,nb_blesses_legers,age_cond_1,age_cond_2,veh_type_cond_1,veh_type_cond_2,lum_code,agg_code,int_code,atm_code,col_code
202100005179,2021-12-03 11:00:00,2021,12,3,11,0,32,32029,Crucq de Bas,43.596964,0.455165,Plein jour,Hors agglomération,Hors intersection,Normale,Autre collision,4,2,2,0,4,3,1,0,3,-1,,1,0,0,0,1,46.0,,,,1,1,1,1,6
202100005180,2021-12-03 19:55:00,2021,12,3,19,55,60,60313,Rue du 11 Novembre,49.3538218773,2.2426400183,Nuit avec éclairage allumé,En agglomération,Hors intersection,Pluie légère,Autre collision,3,2,2,0,1,1,2,2,1,30,,2,1,0,0,1,20.0,,,,5,2,1,2,6
202100005181,2021-11-30 16:55:00,2021,11,30,16,55,80,80212,D233,49.918473,2.522017,Crépuscule ou aube,Hors agglomération,Hors intersection,Pluie légère,Deux véhicules - frontale,3,2,2,0,1,1,2,0,1,80,,4,3,0,1,0,38.0,36.0,,,2,1,1,2,1
202100005182,2021-12-02 17:57:00,2021,12,2,17,57,13,13216,A55-Sens Marseille vers Martigues,43.35217,5.34833,Nuit sans éclairage public,Hors agglomération,Hors intersection,Normale,Deux véhicules - côté,1,1,3,0,2,2,1,0,1,90,,3,2,0,0,1,20.0,53.0,,,3,1,1,1,3
202100005183,2021-12-02 08:00:00,2021,12,2,8,0,13,13106,A7-Sens Marseille vers Lyon,43.399633,5.349255,Plein jour,Hors agglomération,Hors intersection,Brouillard / fumée,Trois véhicules et plus - en chaîne,1,1,2,0,1,1,2,0,1,90,,3,2,0,0,1,46.0,22.0,,,1,1,1,5,4
202100005184,2021-12-02 07:45:00,2021,12,2,7,45,13,13211,A50-Sens Aubagne vers Marseille,43.28888,5.49689,Plein jour,Hors agglomération,Hors intersection,Normale,Trois véhicules et plus - en chaîne,1,-1,3,0,1,1,1,0,1,90,,6,1,0,0,5,31.0,32.0,,,1,1,1,1,4
202100005185,2021-12-01 18:20:00,2021,12,1,18,20,13,13071,A7-Sens Marseille vers Lyon,43.40753,5.28918,Nuit sans éclairage public,Hors agglomération,Hors intersection,Pluie forte,Deux véhicules - arrière,1,-1,2,0,1,1,2,0,1,90,,3,2,0,0,1,50.0,42.0,,,3,1,1,3,2
202100005186,2021-12-01 18:16:00,2021,12,1,18,16,13,13055,A507 sens Aubagne- Marseille,43.33717,5.37904,Nuit avec éclairage allumé,Hors agglomération,Hors intersection,Pluie légère,Deux véhicules - arrière,1,3,3,0,1,1,2,0,1,70,,2,1,0,0,1,22.0,35.0,,,5,1,1,2,2
202100005187,2021-12-01 15:43:00,2021,12,1,15,43,13,13211,A50-Sens Marseille vers Aubagne,43.29467,5.46397,Plein jour,Hors agglomération,Hors intersection,Normale,Deux véhicules - arrière,1,-1,3,0,1,1,1,0,1,90,,3,1,0,0,2,53.0,19.0,,,1,1,1,1,2
202100005188,2021-12-01 12:55:00,2021,12,1,12,55,83,83035,A50,43.16071,5.76753,Plein jour,Hors agglomération,Hors intersection,Normale,Autre collision,1,3,6,0,1,1,1,0,1,130,,1,0,0,0,1,23.0,,,,1,1,1,1,6
202100005189,2021-11-14 06:10:00,2021,11,14,6,10,69,69286,A46N   19.955 A 25.180,45.83416,4.91773,Nuit avec éclairage allumé,Hors agglomération,Hors intersection,Pluie légère,Sans collision,1,1,2,0,1,3,2,0,3,110,,1,0,0,0,1,20.0,,,,5,1,1,2,7
202100005190,2021-11-22 18:45:00,2021,11,22,18,45,69,69295,A46S   53.980 A 57.400,45.61537,4.88648,Nuit sans éclairage public,Hors agglomération,Autre intersection,Normale,Deux véhicules - côté,1,3,4,0,1,1,1,0,2,110,,2,1,0,0,1,43.0,20.0,,,3,1,9,1,3
202100005191,2021-12-02 09:00:00,2021,12,2,9,0,33,33075,ROCADE A 630,44.87964,-0.62673,Plein jour,Hors agglomération,Hors intersection,Normale,Deux véhicules - côté,1,3,3,0,1,1,1,2,1,50,,2,1,0,0,1,67.0,33.0,,,1,1,1,1,3
202100005192,2021-11-30 16:14:00,2021,11,30,16,14,59,59479,AUTOROUTE A2,50.411,3.6242,Plein jour,Hors agglomération,Hors intersection,Normale,Deux véhicules - arrière,1,-1,4,0,1,1,1,0,1,130,,3,2,0,0,1,20.0,31.0,,,1,1,1,1,2
202100005193,2021-12-02 18:00:00,2021,12,2,18,0,91,91136,A10 PARIS / RD188 PROVINCE,48.71405,2.27552,Nuit avec éclairage non allumé,Hors agglomération,Hors intersection,Normale,Deux véhicules - arrière,1,2,6,0,1,1,1,0,1,90,,3,1,0,0,2,21.0,51.0,,,4,1,1,1,2
202100005194,2021-12-02 05:45:00,2021,12,2,5,45,91,91521,AUTOROUTE A6,48.64188,2.39282,Nuit sans éclairage public,Hors agglomération,Hors intersection,Normale,Deux véhicules - côté,1,2,6,0,1,1,1,0,1,110,,2,1,0,0,1,21.0,48.0,,,3,1,1,1,3
202100005195,2021-12-01 21:30:00,2021,12,1,21,30,92,92036,RN315 Y,48.9218844473,2.3059529398,Nuit avec éclairage allumé,Hors agglomération,Hors intersection,Pluie légère,Trois véhicules et plus - en chaîne,2,1,1,0,1,1,2,0,1,70,,3,1,0,0,2,33.0,38.0,,,5,1,1,2,4
202100005196,2021-12-01 19:41:00,2021,12,1,19,41,78,78073,A12 Y,48.801717,2.046779,Nuit sans éclairage public,Hors agglomération,Hors intersection,Pluie légère,Trois véhicules et plus - collisions multiples,1,1,3,0,1,1,2,1,1,110,,3,2,0,0,1,25.0,55.0,,,3,1,1,2,5
202100005197,2021-12-02 18:30:00,2021,12,2,18,30,93,93066,AUTOROUTE A1,48.92141,2.35741,Nuit sans éclairage public,Hors agglomération,Hors intersection,Normale,Trois véhicules et plus - en chaîne,1,3,8,0,1,1,1,0,1,90,,3,2,0,0,1,52.0,41.0,,,3,1,1,1,4
202100005198,2021-12-02 17:30:00,2021,12,2,17,30,93,93008,AUTOROUTE A86,48.91239,2.43786,Nuit sans éclairage public,Hors agglomération,Hors intersection,Normale,Deux véhicules - côté,1,3,3,0,1,2,1,1,1,90,,2,1,0,0,1,24.0,27.0,,,3,1,1,1,3
202100005199,2021-12-02 16:00:00,2021,12,2,16,0,93,93005,AUTOROUTE A1,48.95673,2.46063,Plein jour,Hors agglomération,Hors intersection,Normale,Autre collision,1,3,3,0,1,1,1,0,1,110,,2,1,0,0,1,25.0,55.0,,,1,1,1,1,6
202100005200,2021-12-02 08:50:00,2021,12,2,8,50,93,93027,AUTOROUTE A86,48.9279,2.40987,Plein jour,Hors agglomération,Hors intersection,Normale,Deux véhicules - côté,1,3,8,0,2,1,2,0,1,90,,2,1,0,1,0,38.0,28.0,,,1,1,1,1,3
202100005201,2021-12-01 09:25:00,2021,12,1,9,25,95,95582, A15,48.96563,2.25888,Plein jour,Hors agglomération,Hors intersection,Pluie légère,Trois véhicules et plus - collisions multiples,1,3,8,0,1,1,2,0,1,110,,3,2,0,0,1,39.0,30.0,,,1,1,1,2,5
202100005202,2021-12-02 19:45:00,2021,12,2,19,45,94,94028,A86 EXT,48.77623,2.43689,Nuit avec éclairage allumé,Hors agglomération,Hors intersection,Normale,Deux véhicules - arrière,1,3,2,0,1,1,2,0,1,90,,2,1,0,0,1,26.0,46.0,,,5,1,1,1,2
202100005203,2021-12-01 18:26:00,2021,12,1,18,26,08,08480,MICHEL L.,49.7388,4.74721,Nuit avec éclairage allumé,En agglomération,Hors intersection,Temps couvert,Autre collision,3,2,2,0,1,1,1,9,4,50,,2,1,0,1,0,37.0,,,,5,2,1,8,6
202100005204,2021-12-01 21:48:00,2021,12,1,21,48,95,95680,ALEXIS VARAGNE ( RUE),49.0015318773,2.4141705036,Nuit avec éclairage allumé,En agglomération,Hors intersection,Pluie légère,Deux véhicules - arrière,4,2,2,0,1,1,2,0,1,50,,5,3,0,0,2,19.0,,,,5,2,1,2,2
202100005205,2021-11-30 16:45:00,2021,11,30,16,45,38,38169,AVENUE DU VERCORS,45.19238,5.69186,Plein jour,En agglomération,Hors intersection,Normale,Deux véhicules - côté,7,-1,2,0,1,1,1,0,1,30,,2,1,0,1,0,55.0,,,,1,2,1,1,3
202100005206,2021-11-30 15:27:00,2021,11,30,15,27,92,92063,BONS RAISINS (RUE DES),48.87248,2.19617,Plein jour,En agglomération,Intersection en X,Normale,Autre collision,4,2,2,0,1,1,1,0,1,50,,2,1,0,0,1,27.0,,,,1,2,2,1,6
202100005207,2021-11-29 17:40:00,2021,11,29,17,40,69,69382,SMITH (R),45.74371,4.82315,Nuit sans éclairage public,En agglomération,Hors intersection,Temps couvert,Autre collision,4,1,1,0,1,1,1,0,1,50,,2,1,0,0,1,51.0,,,,3,2,1,8,6
202100005208,2021-11-25 07:55:00,2021,11,25,7,55,92,92063,REPUBLIQUE (AVENUE DE LA),48.8808381574,2.1744856238,Crépuscule ou aube,En agglomération,Intersection en X,Normale,Autre collision,4,1,1,0,1,1,1,0,1,50,,2,1,0,0,1,49.0,,,,2,2,2,1,6
202100005209,2021-07-23 16:45:00,2021,7,23,16,45,33,33550,Chemin de Leyran,44.77712,-0.54589,Plein jour,En agglomération,Hors intersection,Normale,Autre collision,4,2,2,0,1,1,1,0,1,50,,2,1,0,1,0,,,,,1,2,1,1,6
202100005210,2021-09-29 12:50:00,2021,9,29,12,50,19,19272,Cueille (Rue),45.2540835331,1.7568108838,Plein jour,En agglomération,Hors intersection,Pluie légère,Autre collision,4,2,2,0,2,2,2,0,1,50,,1,0,0,1,0,15.0,,,,1,2,1,2,6
202100005211,2021-09-28 13:35:00,2021,9,28,13,35,19,19272,Robert Chivalier (Rue),45.2616096615,1.76474799,Plein jour,En agglomération,Hors intersection,Temps couvert,Sans collision,4,2,2,0,1,1,1,0,1,50,,1,0,0,0,1,17.0,,,,1,2,1,8,7
202100005212,2021-08-25 20:30:00,2021,8,25,20,30,19,19031,FERRIER (RUE),45.16315,1.53751,Plein jour,En agglomération,Intersection en X,Normale,Deux véhicules - côté,4,1,1,0,1,1,1,0,1,30,,2,0,0,0,2,19.0,23.0,,,1,2,2,1,3
202100005213,2021-07-30 19:47:00,2021,7,30,19,47,10,10357,GENERAL DE GAULLE (RUE DU),48.2967,4.1331,Plein jour,En agglomération,Giratoire,Normale,Deux véhicules - arrière,3,1,2,0,1,2,1,0,1,50,,2,1,0,0,1,39.0,57.0,,,1,2,6,1,2
202100005214,2021-07-26 22:45:00,2021,7,26,22,45,06,06088,RAY (AV. DU),43.72065,7.26109,Nuit avec éclairage allumé,En agglomération,Hors intersection,Normale,Deux véhicules - frontale,4,2,2,0,4,3,1,0,1,50,,2,1,0,0,1,38.0,17.0,,,5,2,1,1,1
202100005215,2021-12-02 06:15:00,2021,12,2,6,15,988,98818,RUE AUGUSTE BENEBIG,-22.26879,166.45951,Plein jour,En agglomération,Hors intersection,Pluie légère,Autre collision,4,2,2,0,2,1,2,0,1,50,,2,1,0,0,1,57.0,,,,1,2,1,2,6
202100005216,2021-12-01 09:05:00,2021,12,1,9,5,976,97611,m'tsapere-Nationale 2 (route),-12.790933,45.217626,Plein jour,En agglomération,Hors intersection,Normale,Deux véhicules - arrière,4,2,2,0,1,1,1,0,1,30,,3,1,0,0,2,46.0,60.0,,,1,2,1,1,2
202100005217,2021-11-30 16:00:00,2021,11,30,16,0,974,97416,BONS ENFANTS (RUE DES),-21.33828,55.46884,Plein jour,En agglomération,Hors intersection,Normale,Deux véhicules - côté,4,1,1,3,1,1,1,9,1,50,,3,2,0,0,1,58.0,,,,1,2,1,1,3
202100005218,2021-11-30 08:00:00,2021,11,30,8,0,974,97416,TOBY LES HAUTS(CHEMIN),-21.2974,55.4522,Plein jour,Hors agglomération,Hors intersection,Normale,Autre collision,3,1,1,0,1,1,1,0,1,30,,2,1,0,0,1,38.0,,,,1,1,1,1,6
202100005219,2021-11-29 09:45:00,2021,11,29,9,45,974,97411,LANCASTEL (BOULEVARD),-20.87551,55.45465,Crépuscule ou aube,Hors agglomération,Hors intersection,Normale,Deux véhicules - côté,2,3,4,0,1,1,1,0,1,70,,2,1,0,0,1,26.0,76.0,,,2,1,1,1,3
202100005220,2021-11-28 04:55:00,2021,11,28,4,55,974,97411,RN2/043,-20.8858803478,55.4952558875,Nuit avec éclairage allumé,Hors agglomération,Hors intersection,Normale,Sans collision,2,1,2,0,1,3,1,0,1,90,,1,0,0,0,1,30.0,,,,5,1,1,1,7
202100005221,2021-12-01 17:05:00,2021,12,1,17,5,69,69386,JULES FERRY (PL),45.7666347995,4.8591971397,Crépuscule ou aube,En agglomération,Hors intersection,Temps couvert,Autre collision,4,2,2,0,1,1,2,0,1,50,,2,1,0,0,1,41.0,,,,2,2,1,8,6
202100005222,2021-11-08 00:25:00,2021,11,8,0,25,69,69383,LACASSAGNE (AV),45.7514,4.87246,Nuit avec éclairage allumé,En agglomération,Hors intersection,Normale,Sans collision,4,1,1,3,1,1,2,0,1,50,,1,0,0,0,1,21.0,,,,5,2,1,1,7
202100005223,2021-12-01 18:20:00,2021,12,1,18,20,972,97213,ROUTE DEPARTEMENTALE 15,14.63772,-61.00977,Nuit sans éclairage public,En agglomération,Hors intersection,Normale,Deux véhicules - frontale,3,2,2,0,2,1,1,0,1,50,,2,1,0,0,1,,31.0,,,3,2,1,1,1
202100005224,2021-11-25 20:33:00,2021,11,25,20,33,972,97209,SOLEIL LEVANT (BOULEVARD DU),14.626794,-61.039519,Nuit avec éclairage allumé,Hors agglomération,Hors intersection,Normale,Autre collision,4,2,2,0,4,1,1,0,1,50,,1,0,1,0,0,38.0,,,,5,1,1,1,6
202100005225,2021-10-29 04:20:00,2021,10,29,4,20,972,97209,AUTOROUTE (A1),14.615245,-61.045224,Nuit avec éclairage allumé,Hors agglomération,Hors intersection,Normale,Deux véhicules - arrière,1,1,4,3,4,1,1,3,1,90,,3,2,0,0,1,21.0,61.0,,,5,1,1,1,2
202100005226,2021-12-01 15:42:00,2021,12,1,15,42,69,69034,PASTEUR (R),45.7911353001,4.8428624868,Plein jour,En agglomération,Hors intersection,Pluie légère,Autre collision,4,2,2,2,1,1,2,0,3,50,,1,0,0,0,1,79.0,,,,1,2,1,2,6
202100005227,2021-11-30 01:50:00,2021,11,30,1,50,69,69034,BELLEVUE (Q),45.78573,4.84872,Nuit avec éclairage allumé,En agglomération,Hors intersection,Normale,Autre collision,4,1,2,0,1,1,1,0,1,50,,1,0,0,0,1,17.0,,,,5,2,1,1,6
202100005228,2021-12-01 06:45:00,2021,12,1,6,45,971,97101,CHAUVEL,16.2406615541,-61.5227293968,Crépuscule ou aube,Hors agglomération,Hors intersection,Normale,Sans collision,2,1,4,0,3,1,2,0,3,90,,1,0,0,0,1,29.0,,,,2,1,1,1,7
202100005229,2021-11-29 18:21:00,2021,11,29,18,21,971,97113,SECTEUR DAMPIERRE,16.20919,-61.47054,Nuit avec éclairage allumé,Hors agglomération,Autre intersection,Normale,Deux véhicules - côté,3,3,2,0,1,1,1,9,8,70,,3,2,0,0,1,36.0,29.0,,,5,1,9,1,3
202100005230,2021-12-01 06:30:00,2021,12,1,6,30,2A,2A004,NAPOLEON COURS AVANT BEVERINI,41.919132999,8.7367999455,Nuit avec éclairage allumé,En agglomération,Intersection en T,Pluie légère,Deux véhicules - côté,2,2,3,0,1,1,2,0,1,30,,2,1,0,0,1,54.0,54.0,,,5,2,3,2,3
202100005231,2021-12-01 08:30:00,2021,12,1,8,30,95,95277,SOUVENIR FRANCAIS (PLACE DU),48.99276,2.45501,Plein jour,En agglomération,Giratoire,Temps couvert,Deux véhicules - côté,3,2,2,3,1,1,1,5,1,50,,2,1,0,0,1,33.0,,,,1,2,6,8,3
202100005232,2021-11-29 23:30:00,2021,11,29,23,30,95,95019,VAILLANT CHARLES (AVENUE),48.98504,2.40222,Nuit avec éclairage allumé,En agglomération,Hors intersection,Normale,Deux véhicules - frontale,3,2,2,0,1,2,1,0,1,50,,5,2,0,0,3,18.0,36.0,,,5,2,1,1,1
202100005233,2021-11-30 11:25:00,2021,11,30,11,25,95,95555,ALBRECHT (RUE BERTHIE),48.9673245964,2.2844856977,Plein jour,En agglomération,Autre intersection,Pluie légère,Autre collision,3,2,2,0,1,1,2,0,4,30,,2,1,0,1,0,31.0,,,,1,2,9,2,6
202100005234,2021-12-01 15:25:00,2021,12,1,15,25,95,95127,OISE (BOULEVARD DE L'),49.04642,2.04072,Plein jour,En agglomération,Hors intersection,Pluie légère,Autre collision,4,2,2,0,1,1,2,2,1,50,,2,1,0,0,1,30.0,,,,1,2,1,2,6
202100005235,2021-12-01 19:31:00,2021,12,1,19,31,91,91552,RUE CHAUDET,48.59447,2.27316,Nuit sans éclairage public,En agglomération,Hors intersection,Pluie légère,Deux véhicules - côté,3,-1,1,0,1,1,2,0,1,30,,2,1,0,0,1,21.0,36.0,,,3,2,1,2,3
202100005236,2021-12-01 20:30:00,2021,12,1,20,30,91,91421,NATIONALE 6 (REVEIL MATIN),48.70961,2.44174,Nuit avec éclairage non allumé,En agglomération,Autre intersection,Normale,Deux véhicules - côté,2,1,2,0,1,1,1,0,1,90,,2,1,0,0,1,46.0,45.0,,,4,2,9,1,3
202100005237,2021-11-30 09:50:00,2021,11,30,9,50,91,91434,FAISANDERIE (AVENUE DE LA),48.649895,2.343083,Plein jour,En agglomération,Intersection en X,Normale,Deux véhicules - côté,4,2,2,0,1,1,1,0,1,50,,2,1,0,0,1,29.0,18.0,,,1,2,2,1,3
202100005238,2021-11-18 16:43:00,2021,11,18,16,43,89,89024,ETANG SAINT VIGILE (RUE DE L'),47.80007,3.57102,Plein jour,En agglomération,Intersection en X,Normale,Deux véhicules - côté,4,1,1,0,1,1,1,0,1,50,,3,2,0,0,1,18.0,21.0,,,1,2,2,1,3
202100005239,2021-12-01 10:33:00,2021,12,1,10,33,87,87085,LABUSSIERE (AVENUE EMILE),45.8436,1.25266,Plein jour,En agglomération,Hors intersection,Normale,Autre collision,6,-1,-1,0,1,1,1,0,1,30,,2,1,0,0,1,54.0,,,,1,2,1,1,6
202100005240,2021-11-30 08:51:00,2021,11,30,8,51,87,87085,CARNOT (BOULEVARD),45.83274,1.25963,Plein jour,En agglomération,Hors intersection,Normale,Deux véhicules - côté,4,4,3,3,1,1,2,0,1,50,,2,1,0,0,1,27.0,41.0,,,1,2,1,1,3
202100005241,2021-11-29 13:10:00,2021,11,29,13,10,87,87085,DUTREIX (RUE ARMAND),45.83123,1.24033,Plein jour,En agglomération,Intersection en X,Normale,Deux véhicules - côté,4,2,2,0,1,1,1,5,1,50,,2,1,0,0,1,19.0,19.0,,,1,2,2,1,3
202100005242,2021-11-29 17:55:00,2021,11,29,17,55,86,86194,Voie André Malraux,46.578102,0.369635,Nuit avec éclairage non allumé,En agglomération,Hors intersection,Normale,Autre collision,3,1,1,0,2,3,1,3,1,50,,2,1,0,0,1,65.0,,,,4,2,1,1,6
202100005243,2021-11-27 23:05:00,2021,11,27,23,5,86,86194,Rue de la Levée,46.585248,0.33096,Nuit avec éclairage allumé,En agglomération,Hors intersection,Pluie légère,Autre collision,4,1,1,0,2,1,2,0,1,50,,2,1,0,0,1,,,,,5,2,1,2,6
202100005244,2021-11-29 17:00:00,2021,11,29,17,0,86,86194,Avenue de Lafayette,46.57613,0.372427,Crépuscule ou aube,En agglomération,Hors intersection,Normale,Autre collision,4,2,2,2,2,3,1,0,1,50,,2,1,0,0,1,88.0,,,,2,2,1,1,6
202100005245,2021-11-29 12:18:00,2021,11,29,12,18,86,86194,Rue Guillaume Bouchet,46.560695,0.313244,Plein jour,En agglomération,Hors intersection,Normale,Deux véhicules - arrière,4,2,2,0,1,1,2,0,1,50,,2,1,0,0,1,40.0,17.0,,,1,2,1,1,2
202100005246,2021-12-01 07:20:00,2021,12,1,7,20,86,86066,Rue Alfred de Vigny,46.805851,0.541428,Nuit sans éclairage public,En agglomération,Hors intersection,Pluie légère,Autre collision,4,2,1,0,1,1,2,9,1,50,,2,1,0,0,1,30.0,,,,3,2,1,2,6
202100005247,2021-11-26 18:30:00,2021,11,26,18,30,83,83034,AVENUE VALERANE,43.08901,6.08994,Nuit avec éclairage allumé,En agglomération,Hors intersection,Normale,Deux véhicules - côté,7,2,2,0,1,1,1,0,1,70,,2,1,0,1,0,65.0,23.0,,,5,2,1,1,3
202100005248,2021-11-30 11:00:00,2021,11,30,11,0,83,83069,MACRI (CHEMIN SOLDAT),43.11798,6.14961,Plein jour,Hors agglomération,Hors intersection,Normale,Deux véhicules - côté,4,2,2,0,1,1,1,0,1,50,,2,1,0,0,1,88.0,75.0,,,1,1,1,1,3
202100005249,2021-11-24 17:55:00,2021,11,24,17,55,83,83050,CLEMENCEAU(BOULEVARD GEORGES),43.536148,6.464752,Nuit avec éclairage allumé,En agglomération,Hors intersection,Normale,Autre collision,4,2,1,0,1,1,1,0,1,50,,2,1,0,1,0,75.0,,,,5,2,1,1,6
202100005250,2021-11-21 01:05:00,2021,11,21,1,5,81,81004,CORDES (RTE DE),43.948613,2.121184,Nuit sans éclairage public,Hors agglomération,Hors intersection,Normale,Autre collision,3,2,2,0,1,1,1,0,1,70,,2,1,1,0,0,45.0,,,,3,1,1,1,6
202100005251,2021-11-27 04:02:00,2021,11,27,4,2,80,80021,GRAND MARAIS (RUE DU),49.9198419863,2.2682261468,Nuit avec éclairage allumé,En agglomération,Hors intersection,Pluie légère,Sans collision,3,2,2,0,1,1,2,0,1,50,,2,0,0,1,1,16.0,,,,5,2,1,2,7
202100005252,2021-11-26 07:55:00,2021,11,26,7,55,80,80021,SAINT MAURICE (RUE),49.90896,2.28465,Nuit avec éclairage allumé,En agglomération,Hors intersection,Normale,Trois véhicules et plus - en chaîne,4,2,2,0,1,1,2,0,1,50,,4,1,0,0,3,51.0,39.0,,,5,2,1,1,4
202100005253,2021-11-23 19:00:00,2021,11,23,19,0,78,78524,ROUTE DE VERSAILLES,48.83631,2.11177,Crépuscule ou aube,En agglomération,Hors intersection,Normale,Deux véhicules - arrière,3,3,4,0,4,1,1,0,1,70,,2,1,0,1,0,34.0,61.0,,,2,2,1,1,2
202100005254,2021-12-01 15:42:00,2021,12,1,15,42,78,78401,TESSANCOURT (RUE DE),49.007749,1.905115,Plein jour,En agglomération,Hors intersection,Temps couvert,Deux véhicules - frontale,3,2,2,0,1,1,2,0,1,50,,2,1,0,0,1,37.0,37.0,,,1,2,1,8,1
202100005255,2021-12-01 08:20:00,2021,12,1,8,20,77,77169,BRIARDE (ALLEE DE LA),48.820186,2.612823,Crépuscule ou aube,En agglomération,Hors intersection,Pluie légère,Deux véhicules - côté,4,2,2,0,1,1,2,0,1,50,,2,1,0,0,1,20.0,25.0,,,2,2,1,2,3
202100005256,2021-11-29 19:11:00,2021,11,29,19,11,77,77209,D217B,48.8539,2.6906,Nuit sans éclairage public,Hors agglomération,Intersection en X,Temps couvert,Autre collision,3,2,2,0,2,3,2,5,1,70,,2,0,0,2,0,48.0,28.0,,,3,1,2,8,6
202100005257,2021-11-30 18:03:00,2021,11,30,18,3,76,76351,JULES GUESDE (RUE),49.51008,0.11835,Nuit avec éclairage allumé,En agglomération,Intersection en X,Normale,Sans collision,4,2,2,0,1,1,1,0,1,50,,1,0,0,0,1,48.0,,,,5,2,2,1,7
202100005258,2021-11-30 08:20:00,2021,11,30,8,20,74,74010,FRONTENEX,45.91488,6.12458,Plein jour,En agglomération,Intersection en X,Normale,Autre collision,3,2,3,2,1,1,1,5,1,30,,2,1,0,0,1,21.0,,,,1,2,2,1,6
202100005259,2021-12-01 19:13:00,2021,12,1,19,13,72,72181,CHURCHILL WINSTON (BD) IMP DE 13 A 39,47.98946,0.21594,Nuit avec éclairage allumé,En agglomération,Autre intersection,Normale,Autre collision,4,3,0,0,1,1,1,9,1,30,,2,1,0,0,1,,,,,5,2,9,1,6
202100005260,2021-11-29 16:35:00,2021,11,29,16,35,72,72181,COURBOULAY PAUL (RUE),48.00588,0.1922,Plein jour,En agglomération,Intersection en X,Normale,Deux véhicules - côté,4,2,2,2,1,1,1,0,1,50,,3,1,0,0,2,20.0,71.0,,,1,2,2,1,3
202100005261,2021-11-30 19:00:00,2021,11,30,19,0,69,69290,LYON (DE) (RTE),45.70748,4.90773,Nuit avec éclairage allumé,Hors agglomération,Intersection en X,Normale,Deux véhicules - frontale,7,2,4,1,1,1,1,0,1,50,,2,0,0,0,2,44.0,21.0,,,5,1,2,1,1
202100005262,2021-11-29 09:50:00,2021,11,29,9,50,69,69029,PIERRE BROSSOLETTE (AV),45.74281,4.91966,Plein jour,En agglomération,Intersection en T,Pluie légère,Autre collision,4,2,2,0,1,1,2,0,3,50,,2,0,0,2,0,31.0,,,,1,2,3,2,6
202100005263,2021-11-14 16:30:00,2021,11,14,16,30,69,69290,PIERRE MENDES FRANCE (AV),45.69031,4.95707,Crépuscule ou aube,En agglomération,Hors intersection,Normale,Autre collision,4,2,2,0,1,1,1,0,1,50,,2,1,0,0,1,73.0,,,,2,2,1,1,6
202100005264,2021-11-14 17:40:00,2021,11,14,17,40,69,69266,EMILE ZOLA (CR),45.7657391383,4.8999130726,Crépuscule ou aube,En agglomération,Hors intersection,Normale,Autre collision,4,2,2,0,1,1,1,0,1,50,,2,1,0,0,1,70.0,,,,2,2,1,1,6
202100005265,2021-12-01 17:40:00,2021,12,1,17,40,67,67482,PRESIDENT WILSON (BOULEVARD),48.58654,7.73776,Nuit avec éclairage allumé,En agglomération,Hors intersection,Pluie légère,Deux véhicules - arrière,4,3,5,3,1,1,2,0,1,50,,2,1,0,0,1,27.0,57.0,,,5,2,1,2,2
202100005266,2021-11-29 16:33:00,2021,11,29,16,33,67,67267,SCHUMANN (AVENUE),48.55633,7.69266,Nuit avec éclairage allumé,En agglomération,Hors intersection,Neige / grêle,Autre collision,4,2,2,1,1,3,2,5,1,50,,2,1,0,0,1,48.0,,,,5,2,1,4,6
202100005267,2021-11-29 08:40:00,2021,11,29,8,40,67,67482,ROMAINS (ROUTE DES),48.579738,7.716917,Plein jour,En agglomération,Hors intersection,Normale,Autre collision,4,3,4,3,1,1,1,0,1,50,,2,1,0,0,1,60.0,,,,1,2,1,1,6
202100005268,2021-11-29 09:05:00,2021,11,29,9,5,67,67447,BISCHWILLER (ROUTE DE),48.59976,7.74304,Plein jour,Hors agglomération,Hors intersection,Normale,Deux véhicules - côté,7,2,4,1,1,1,1,8,1,30,,2,1,0,0,1,38.0,29.0,,,1,1,1,1,3
202100005269,2021-11-26 22:20:00,2021,11,26,22,20,67,67447,BERLIN (AVENUE DE),48.6099,7.71121,Nuit avec éclairage allumé,En agglomération,Intersection en T,Normale,Autre collision,7,3,3,1,1,1,1,0,1,50,,2,0,0,2,0,21.0,,,,5,2,3,1,6
202100005270,2021-12-01 13:50:00,2021,12,1,13,50,66,66136,JOFFRE (AVENUE DU MARECHAL CD 88),42.7097516305,2.8905247897,Plein jour,En agglomération,Intersection en T,Normale,Deux véhicules - côté,4,2,2,0,1,1,1,0,1,30,,2,1,0,0,1,83.0,50.0,,,1,2,3,1,3
202100005271,2021-11-30 15:21:00,2021,11,30,15,21,66,66136,BAILLE GABRIEL,42.71754,2.88935,Plein jour,En agglomération,Intersection en T,Normale,Deux véhicules - côté,4,1,1,0,1,1,1,0,1,30,,3,2,0,0,1,20.0,49.0,,,1,2,3,1,3