accident_id,datetime,annee,mois,jour,heure,minute,departement,commune_insee,adresse,latitude,longitude,luminosite,agglomeration,intersection,meteo,collision,catr,circ,nbv,vosp,prof,plan,surf,infra,situ,vma,nb_vehicules,nb_usagers,nb_indemnes,nb_tues,nb_blesses_hosp,nb_blesses_legers,age_cond_1,age_cond_2,veh_type_cond_1,veh_type_cond_2,lum_code,agg_code,int_code,atm_code,col_code
202100005272,2021-11-30 08:53:00,2021,11,30,8,53,66,66136,BRIAND BOULEVARD ARISTIDE,42.6938376514,2.9007037729,Plein jour,En agglomération,Hors intersection,Normale,Autre collision,4,2,2,0,1,1,1,0,1,50,,2,1,0,1,0,22.0,,,,1,2,1,1,6
202100005273,2021-11-27 11:44:00,2021,11,27,11,44,66,66136,FOCH (MARECHAL),42.6940461256,2.8879898787,Plein jour,En agglomération,Hors intersection,Temps couvert,Autre collision,4,1,1,0,1,1,1,0,1,50,,2,1,0,1,0,,,,,1,2,1,8,6
202100005274,2021-11-26 18:45:00,2021,11,26,18,45,66,66136,PASCOT (AVENUE PAUL),42.67573,2.84829,Nuit avec éclairage allumé,En agglomération,Intersection en T,Normale,Deux véhicules - côté,4,2,2,0,1,1,1,0,1,50,,3,1,0,1,1,61.0,16.0,,,5,2,3,1,3
202100005275,2021-12-01 08:10:00,2021,12,1,8,10,64,64483,Route d’’Ascain,43.37477,-1.63777,Crépuscule ou aube,En agglomération,Hors intersection,Normale,Deux véhicules - arrière,3,2,2,0,1,1,1,0,1,70,,2,1,0,0,1,43.0,21.0,,,2,2,1,1,2
202100005276,2021-12-01 08:20:00,2021,12,1,8,20,64,64445,Boulevard d’Alsace Lorraine,43.30502,-0.37201,Plein jour,En agglomération,Hors intersection,Normale,Deux véhicules - arrière,4,2,4,0,1,1,1,0,1,50,,2,1,0,0,1,54.0,39.0,,,1,2,1,1,2
202100005277,2021-11-29 12:00:00,2021,11,29,12,0,64,64024,ROUTE DE PITOYS,43.4635,-1.51126,Plein jour,En agglomération,Hors intersection,Normale,Deux véhicules - côté,4,2,2,0,1,1,1,0,1,50,,2,1,0,0,1,21.0,55.0,,,1,2,1,1,3
202100005278,2021-11-27 16:35:00,2021,11,27,16,35,63,63300,RD 2009,45.87794,3.12674,Plein jour,Hors agglomération,Hors intersection,Normale,Deux véhicules - frontale,3,3,4,0,1,1,1,3,1,110,,3,0,0,1,2,94.0,67.0,,,1,1,1,1,1
202100005279,2021-11-30 21:54:00,2021,11,30,21,54,63,63113,FOREST (AVENUE FERNAND),45.79099,3.09862,Nuit avec éclairage allumé,En agglomération,Hors intersection,Normale,Deux véhicules - frontale,4,3,4,0,1,1,1,0,1,50,,2,1,0,0,1,74.0,24.0,,,5,2,1,1,1
202100005280,2021-11-30 19:15:00,2021,11,30,19,15,63,63113,CHAMBRETTES (RUE DES),45.76731,3.10467,Nuit avec éclairage allumé,En agglomération,Hors intersection,Normale,Deux véhicules - côté,4,2,2,0,1,1,1,0,1,50,,2,1,0,0,1,20.0,45.0,,,5,2,1,1,3
202100005281,2021-11-30 14:33:00,2021,11,30,14,33,63,63113,BERTHELOT (BOULEVARD),45.77809,3.07241,Plein jour,En agglomération,Hors intersection,Normale,Deux véhicules - arrière,3,2,2,0,1,1,1,0,1,50,,2,1,0,0,1,78.0,42.0,,,1,2,1,1,2
202100005282,2021-11-29 10:18:00,2021,11,29,10,18,63,63113,JOUHAUX (BD LEON),45.80014,3.11244,Plein jour,En agglomération,Intersection à plus de 4 branches,Normale,Deux véhicules - côté,7,2,2,0,1,1,1,0,1,50,,2,1,0,0,1,23.0,69.0,,,1,2,5,1,3
202100005283,2021-11-22 18:00:00,2021,11,22,18,0,59,59104,ANATOLE France (RUE),50.28943,4.05547,Nuit avec éclairage allumé,En agglomération,Hors intersection,Pluie légère,Autre collision,3,2,2,0,1,1,2,9,1,30,,2,1,0,1,0,46.0,,,,5,2,1,2,6
202100005284,2021-11-21 17:30:00,2021,11,21,17,30,59,59324,LESSINES (BD DE),50.2968537739,4.0986728668,Crépuscule ou aube,En agglomération,Hors intersection,Normale,Autre collision,3,2,2,0,1,2,2,0,1,50,,2,1,0,1,0,,,,,2,2,1,1,6
202100005285,2021-11-29 17:10:00,2021,11,29,17,10,59,59560,8 MAI 1945 RUE DU,50.559063,3.028536,Nuit avec éclairage allumé,En agglomération,Intersection en T,Temps couvert,Deux véhicules - côté,4,2,2,0,1,1,1,0,1,50,,2,1,0,0,1,31.0,41.0,,,5,2,3,8,3
202100005286,2021-11-25 17:10:00,2021,11,25,17,10,59,59350,BELFORT BOULEVARD DE,50.61891,3.07632,Crépuscule ou aube,En agglomération,Autre intersection,Temps couvert,Autre collision,7,3,3,1,1,1,2,0,1,50,,3,1,0,0,2,35.0,,,,2,2,9,8,6
202100005287,2021-11-30 08:30:00,2021,11,30,8,30,59,59359,CAPITAINERIE OUEST (ROUTE DE LA),51.03031,2.21521,Plein jour,Hors agglomération,Hors intersection,Temps couvert,Deux véhicules - frontale,4,2,2,0,1,1,2,0,1,50,,2,0,1,0,1,27.0,21.0,,,1,1,1,8,1
202100005288,2021-11-30 17:09:00,2021,11,30,17,9,57,57672,BEL AIR (ALLEE) - PAIR,49.36666,6.15019,Nuit avec éclairage allumé,En agglomération,Hors intersection,Pluie forte,Autre collision,4,3,4,0,4,1,2,0,2,50,,2,1,0,1,0,69.0,,,,5,2,1,3,6
202100005289,2021-12-01 11:00:00,2021,12,1,11,0,57,57751,DEUX FONTAINES (AVENUE ),49.14862,6.17158,Plein jour,En agglomération,Autre intersection,Pluie légère,Deux véhicules - côté,7,1,2,0,1,1,2,0,1,50,,2,1,0,0,1,22.0,89.0,,,1,2,9,2,3
202100005290,2021-11-30 07:20:00,2021,11,30,7,20,57,57049,PLAPPEVILLE (ROUTE DE ),49.1280991,6.1468129,Nuit avec éclairage allumé,En agglomération,Intersection en X,Pluie forte,Autre collision,4,-1,0,0,1,1,2,0,1,50,,2,1,0,0,1,33.0,,,,5,2,2,3,6
202100005291,2021-11-28 21:10:00,2021,11,28,21,10,56,56121,Pénétrante de Lorient D465,47.73683,-3.37727,Nuit avec éclairage allumé,En agglomération,Hors intersection,Normale,Deux véhicules - frontale,3,2,2,0,1,1,1,0,1,70,,4,0,0,0,4,21.0,22.0,,,5,2,1,1,1
202100005292,2021-11-30 23:05:00,2021,11,30,23,5,54,54395,PAIX (RUE DE LA),48.67227,6.16415,Nuit avec éclairage allumé,En agglomération,Intersection en Y,Pluie légère,Autre collision,4,1,1,2,1,1,2,0,1,30,,2,1,0,0,1,,,,,5,2,4,2,6
202100005293,2021-11-26 18:45:00,2021,11,26,18,45,52,52121,BOURGOGNE (RUE DE),48.09781,5.141,Crépuscule ou aube,En agglomération,Hors intersection,Pluie légère,Deux véhicules - côté,4,2,1,0,1,1,1,0,1,50,,2,1,0,0,1,61.0,35.0,,,2,2,1,2,3
202100005294,2021-12-01 15:35:00,2021,12,1,15,35,51,51454,Avenue Jean Jaurès,49.26168,4.05104,Plein jour,En agglomération,Intersection en X,Pluie légère,Sans collision,4,2,2,0,1,1,2,0,1,50,,2,1,0,1,0,73.0,,,,1,2,2,2,7
202100005295,2021-11-30 11:20:00,2021,11,30,11,20,49,49328,DE GAULLE (AVENUE DU GENERAL),47.26485,-0.07246,Plein jour,En agglomération,Hors intersection,Normale,Deux véhicules - côté,4,3,4,3,1,1,1,0,1,50,,2,1,0,0,1,53.0,18.0,,,1,2,1,1,3
202100005296,2021-11-30 18:10:00,2021,11,30,18,10,49,49246,DAVID D'ANGERS,47.441465,-0.534396,Nuit avec éclairage allumé,En agglomération,Hors intersection,Normale,Autre collision,4,2,2,0,1,1,1,0,1,50,,3,2,1,0,0,30.0,,,,5,2,1,1,6
202100005297,2021-11-30 16:51:00,2021,11,30,16,51,49,49267,HARDOUINIERES CHEMIN,47.47754,-0.49115,Plein jour,En agglomération,Intersection en T,Normale,Deux véhicules - côté,4,2,2,0,1,1,2,0,1,50,,2,1,0,0,1,61.0,62.0,,,1,2,3,1,3
202100005298,2021-11-30 09:36:00,2021,11,30,9,36,49,49007,SAINT MICHEL BOULEVARD,47.47336,-0.54325,Plein jour,En agglomération,Hors intersection,Temps couvert,Autre collision,4,2,2,0,1,1,9,0,1,50,,2,1,0,0,1,32.0,,,,1,2,1,8,6
202100005299,2021-11-29 17:08:00,2021,11,29,17,8,49,49246,BELLE POULE LEVEE,47.4208962949,-0.4906682971,Crépuscule ou aube,En agglomération,Hors intersection,Normale,Sans collision,4,2,2,0,1,3,2,0,1,70,,1,0,0,0,1,21.0,,,,2,2,1,1,7
202100005300,2021-12-02 01:00:00,2021,12,2,1,0,45,45147,FAUBOURG BANNIER (RUE DU ),47.93403,1.89489,Nuit avec éclairage allumé,En agglomération,Giratoire,Normale,Sans collision,3,2,2,0,1,2,2,0,1,50,,1,0,0,0,1,30.0,,,,5,2,6,1,7
202100005301,2021-12-01 07:30:00,2021,12,1,7,30,45,45147,Rue André Dessaux,47.9238700784,1.9010639191,Nuit avec éclairage allumé,En agglomération,Giratoire,Pluie légère,Deux véhicules - côté,3,2,2,0,1,1,2,0,1,50,,2,1,0,0,1,56.0,21.0,,,5,2,6,2,3
202100005302,2021-12-01 07:45:00,2021,12,1,7,45,45,45234,CHARTRES (RUE DE),47.8475,1.93547,Nuit avec éclairage allumé,En agglomération,Hors intersection,Pluie légère,Deux véhicules - côté,7,2,2,0,1,1,2,0,1,50,,2,1,0,0,1,56.0,26.0,,,5,2,1,2,3
202100005303,2021-11-30 17:45:00,2021,11,30,17,45,45,45068,D 2007-PR 16+150,48.02431,2.74031,Nuit sans éclairage public,Hors agglomération,Hors intersection,Pluie légère,Trois véhicules et plus - collisions multiples,3,2,4,0,1,1,2,0,1,90,,3,1,0,0,2,63.0,48.0,,,3,1,1,2,5
202100005304,2021-11-30 14:05:00,2021,11,30,14,5,45,45338,TOURATIER (RUE),47.99639,2.70735,Plein jour,En agglomération,Intersection en X,Temps couvert,Deux véhicules - côté,4,2,2,0,1,1,1,0,1,50,,2,1,0,0,1,17.0,78.0,,,1,2,2,8,3
202100005305,2021-11-28 04:20:00,2021,11,28,4,20,44,44184,MUN (RUE ALBERT DE),47.27853,-2.21164,Nuit sans éclairage public,En agglomération,Intersection en X,Normale,Deux véhicules - côté,4,2,2,0,1,1,1,0,1,50,,2,1,0,0,1,,28.0,,,3,2,2,1,3
202100005306,2021-12-01 13:30:00,2021,12,1,13,30,44,44162,RUE DE LA SYONNIERE,47.25021,-1.64585,Plein jour,En agglomération,Intersection en T,Normale,Deux véhicules - côté,4,2,0,0,1,1,1,0,1,50,,2,1,0,0,1,19.0,25.0,,,1,2,3,1,3
202100005307,2021-11-30 09:15:00,2021,11,30,9,15,44,44172,PERIPHERIQUE EST,47.2398,-1.48673,Plein jour,Hors agglomération,Hors intersection,Normale,Deux véhicules - côté,2,1,2,0,1,1,1,0,8,90,,2,1,0,1,0,21.0,33.0,,,1,1,1,1,3
202100005308,2021-12-01 05:00:00,2021,12,1,5,0,38,38151,RUE D'AUVERGNE,45.15502,5.71536,Crépuscule ou aube,En agglomération,Hors intersection,Normale,Autre collision,4,2,2,0,1,1,1,0,1,50,,1,0,0,1,0,32.0,,,,2,2,1,1,6
202100005309,2021-12-01 20:55:00,2021,12,1,20,55,37,37122,AMANDIERS (RUE DES),47.3351073286,0.6598750502,Nuit avec éclairage allumé,En agglomération,Hors intersection,Normale,Autre collision,4,2,1,0,1,1,2,0,4,30,,1,0,0,0,1,26.0,,,,5,2,1,1,6
202100005310,2021-12-01 16:00:00,2021,12,1,16,0,37,37261,PORTALIS (AVENUE JEAN),47.3668685424,0.6841135025,Plein jour,En agglomération,Hors intersection,Normale,Sans collision,4,2,0,3,1,1,1,9,6,30,,1,0,0,0,1,39.0,,,,1,2,1,1,7
202100005311,2021-11-30 23:50:00,2021,11,30,23,50,37,37261,TONNELLE (BOULEVARD),47.3830316518,0.6683313847,Nuit avec éclairage allumé,En agglomération,Hors intersection,Normale,Deux véhicules - frontale,4,2,2,0,1,1,1,5,1,50,,2,1,0,1,0,34.0,32.0,,,5,2,1,1,1
202100005312,2021-11-30 11:10:00,2021,11,30,11,10,37,37261,WAGNER (BOULEVARD RICHARD),47.3742936347,0.7034897804,Plein jour,En agglomération,Hors intersection,Temps couvert,Deux véhicules - arrière,4,1,4,0,2,1,1,1,1,50,,3,1,0,1,1,26.0,21.0,,,1,2,1,8,2
202100005313,2021-11-29 18:45:00,2021,11,29,18,45,37,37214,DE GAULLE (BD CHARLES),47.4138374494,0.6707024574,Nuit avec éclairage allumé,En agglomération,Hors intersection,Normale,Deux véhicules - côté,4,2,3,1,1,1,1,0,1,50,,2,1,0,0,1,17.0,32.0,,,5,2,1,1,3
202100005314,2021-12-01 19:45:00,2021,12,1,19,45,35,35238,TILLON (AVENUE CHARLES),48.12468,-1.70301,Nuit avec éclairage allumé,En agglomération,Intersection en X,Pluie légère,Deux véhicules - côté,4,3,6,2,1,1,2,0,1,50,,6,4,0,2,0,21.0,20.0,,,5,2,2,2,3
202100005315,2021-12-01 19:10:00,2021,12,1,19,10,35,35238,LECLERC (AVENUE DU GENERAL),48.11405,-1.6347,Nuit avec éclairage allumé,En agglomération,Hors intersection,Normale,Deux véhicules - arrière,4,3,4,3,1,1,1,0,1,30,,2,1,0,0,1,45.0,42.0,,,5,2,1,1,2
202100005316,2021-12-01 18:05:00,2021,12,1,18,5,35,35238,PRE BOTTE (DU),48.109319,-1.677839,Nuit avec éclairage allumé,En agglomération,Intersection en X,Normale,Autre collision,4,1,1,0,1,1,2,0,2,50,,2,1,0,1,0,46.0,,,,5,2,2,1,6
202100005317,2021-12-01 11:40:00,2021,12,1,11,40,35,35238,GROS MALHON (AVENUE),48.133649,-1.685374,Plein jour,En agglomération,Giratoire,Pluie légère,Autre collision,4,2,2,2,4,1,2,0,1,50,,5,4,0,0,1,37.0,66.0,,,1,2,6,2,6
202100005318,2021-11-30 18:40:00,2021,11,30,18,40,35,35238,STRASBOURG (BOULEVARD DE),48.1109,-1.65584,Nuit avec éclairage allumé,En agglomération,Autre intersection,Normale,Deux véhicules - côté,4,2,6,1,1,1,1,0,1,50,,2,1,0,0,1,29.0,23.0,,,5,2,9,1,3
202100005319,2021-11-30 07:57:00,2021,11,30,7,57,35,35238,SAINT-LAURENT (DE),48.13847,-1.65315,Nuit avec éclairage allumé,En agglomération,Giratoire,Pluie légère,Deux véhicules - côté,4,1,0,0,1,1,2,9,1,50,,2,1,0,0,1,43.0,59.0,,,5,2,6,2,3
202100005320,2021-11-30 08:00:00,2021,11,30,8,0,35,35238,MITTERAND (MAIL FRANCOIS),48.1100771549,-1.6862627417,Crépuscule ou aube,En agglomération,Hors intersection,Pluie légère,Deux véhicules - arrière,4,3,3,3,1,1,2,0,1,50,,3,2,0,0,1,57.0,40.0,,,2,2,1,2,2
202100005321,2021-12-01 15:05:00,2021,12,1,15,5,33,33162,Avenue du Médoc,44.88391,-0.63357,Plein jour,En agglomération,Hors intersection,Normale,Trois véhicules et plus - en chaîne,4,2,2,1,1,1,1,0,1,50,,5,3,0,0,2,26.0,48.0,,,1,2,1,1,4
202100005322,2021-12-01 07:40:00,2021,12,1,7,40,33,33075,Boulevard Jacques Chaban-Delmas,44.87702,-0.57814,Crépuscule ou aube,En agglomération,Autre intersection,Pluie forte,Autre collision,4,2,2,0,1,1,2,0,1,50,,2,1,0,0,1,31.0,,,,2,2,9,3,6
202100005323,2021-11-30 09:00:00,2021,11,30,9,0,33,33281,RUE ALESSANDRO VOLTA,44.85337,-0.67202,Plein jour,En agglomération,Hors intersection,Normale,Deux véhicules - côté,4,2,2,0,1,1,1,0,1,50,,2,1,0,0,1,60.0,24.0,,,1,2,1,1,3
202100005324,2021-11-30 07:55:00,2021,11,30,7,55,33,33009,Avenue Docteur Lorentz Monod,44.65437,-1.16545,Plein jour,En agglomération,Hors intersection,Normale,Autre collision,4,2,2,1,4,1,7,9,1,50,,2,1,0,0,1,16.0,,,,1,2,1,1,6
202100005325,2021-11-29 07:57:00,2021,11,29,7,57,32,32013,SAMBRE ET MEUSE (AVENUE),43.64089,0.59597,Crépuscule ou aube,En agglomération,Giratoire,Pluie légère,Deux véhicules - côté,3,2,2,0,1,1,2,0,1,50,,2,1,0,0,1,14.0,31.0,,,2,2,6,2,3
202100005326,2021-11-30 03:40:00,2021,11,30,3,40,31,31555,RUE DE L AMIRAL GALACHE,43.5993801668,1.4331954718,Nuit avec éclairage allumé,En agglomération,Hors intersection,Normale,Sans collision,4,1,1,0,1,2,1,0,1,20,,2,1,0,1,0,17.0,,,,5,2,1,1,7
202100005327,2021-11-30 16:45:00,2021,11,30,16,45,31,31483,LANDORTHE (ROUTE),43.11601,0.74793,Plein jour,En agglomération,Hors intersection,Normale,Deux véhicules - côté,3,2,2,0,1,1,1,0,1,50,,2,1,0,0,1,21.0,32.0,,,1,2,1,1,3
202100005328,2021-11-11 00:50:00,2021,11,11,0,50,30,30189,ANDUZE (ROUTE OU ANCIENNE ROUTE),43.8708,4.278,Nuit sans éclairage public,Hors agglomération,Hors intersection,Pluie légère,Sans collision,3,2,2,0,1,1,2,0,1,80,,1,0,1,0,0,48.0,,,,3,1,1,2,7
202100005329,2021-11-13 01:10:00,2021,11,13,1,10,30,30007,LUMIERES (AVE DES FRERES),44.14013,4.09211,Nuit sans éclairage public,En agglomération,Hors intersection,Normale,Deux véhicules - côté,4,2,2,0,1,4,1,0,1,50,,3,1,0,0,2,20.0,51.0,,,3,2,1,1,3
202100005330,2021-11-29 13:54:00,2021,11,29,13,54,29,29051,Venelle de la Salleverte,47.99767351,-4.04808104,Plein jour,Hors agglomération,Hors intersection,Temps couvert,Deux véhicules - frontale,4,2,1,0,2,2,1,0,1,50,,2,1,0,0,1,54.0,20.0,,,1,1,1,8,1
202100005331,2021-11-29 19:04:00,2021,11,29,19,4,29,29232,Boulevard de Poulguinan,47.98344,-4.11861,Nuit sans éclairage public,En agglomération,Hors intersection,Temps couvert,Sans collision,3,3,4,0,1,3,2,0,1,70,,1,0,0,0,1,24.0,,,,3,2,1,8,7
202100005332,2021-11-30 17:20:00,2021,11,30,17,20,29,29039,Quai de la Croix,47.869465503,-3.9189782739,Crépuscule ou aube,En agglomération,Intersection en Y,Pluie légère,Deux véhicules - côté,4,2,2,2,1,1,2,0,1,30,,3,2,0,0,1,71.0,49.0,,,2,2,4,2,3
202100005333,2021-12-01 18:35:00,2021,12,1,18,35,27,27229,MOULIN (RUE JEAN),49.01378,1.15252,Nuit avec éclairage allumé,En agglomération,Autre intersection,Pluie légère,Deux véhicules - côté,9,2,0,1,1,1,2,0,1,50,,2,1,0,0,1,24.0,41.0,,,5,2,9,2,3
202100005334,2021-12-01 12:30:00,2021,12,1,12,30,27,27229,GAMBETTA (BOULEVARD),49.0185,1.14279,Plein jour,En agglomération,Hors intersection,Pluie légère,Sans collision,4,2,2,0,2,1,2,0,1,50,,1,0,0,0,1,23.0,,,,1,2,1,2,7
202100005335,2021-11-26 14:25:00,2021,11,26,14,25,27,27229,JOSEPHINE (RUE),49.023064,1.14063,Plein jour,En agglomération,Hors intersection,Normale,Sans collision,4,2,2,0,1,1,2,0,4,50,,1,0,0,0,1,17.0,,,,1,2,1,1,7
202100005336,2021-11-30 10:00:00,2021,11,30,10,0,27,27229,CORBEAU (RUE CHARLES),49.02453,1.15088,Plein jour,En agglomération,Hors intersection,Temps couvert,Sans collision,4,2,2,0,1,1,2,0,1,50,,1,0,0,0,1,38.0,,,,1,2,1,8,7
202100005337,2021-11-27 22:05:00,2021,11,27,22,5,27,27229,JOLIOT CURIE (RUE FREDERIC ET IRENE),49.00959,1.16086,Nuit avec éclairage allumé,En agglomération,Hors intersection,Pluie légère,Autre collision,4,2,1,0,1,3,2,0,4,50,,1,0,0,0,1,24.0,,,,5,2,1,2,6
202100005338,2021-11-29 18:30:00,2021,11,29,18,30,25,25634,R-N 57.,46.934134,6.342824,Nuit sans éclairage public,Hors agglomération,Hors intersection,Temps couvert,Deux véhicules - frontale,2,2,2,0,1,2,2,0,1,80,,2,1,0,1,0,41.0,45.0,,,3,1,1,8,1
202100005339,2021-12-01 14:30:00,2021,12,1,14,30,25,25056,DANTON RUE,47.2464101,6.0562605,Plein jour,En agglomération,Intersection en T,Pluie forte,Deux véhicules - côté,4,2,2,0,2,1,2,5,1,50,,3,2,0,0,1,31.0,27.0,,,1,2,3,3,3
202100005340,2021-11-30 18:30:00,2021,11,30,18,30,25,25056,LAPLACE   RUE PIERRE,47.251364,5.986897,Nuit avec éclairage allumé,En agglomération,Hors intersection,Pluie légère,Autre collision,4,2,2,0,1,1,2,0,1,50,,3,2,0,1,0,45.0,48.0,,,5,2,1,2,6
202100005341,2021-11-30 12:20:00,2021,11,30,12,20,25,25056,ILE DE FRANCE AVENUE DE L',47.22147,5.96805,Plein jour,En agglomération,Hors intersection,Pluie légère,Deux véhicules - côté,4,3,2,0,2,1,2,0,8,50,,3,2,0,0,1,11.0,44.0,,,1,2,1,2,3
202100005342,2021-12-01 17:20:00,2021,12,1,17,20,17,17306,AMPERE,45.631162,-0.997081,Crépuscule ou aube,En agglomération,Hors intersection,Pluie légère,Deux véhicules - côté,4,2,2,0,1,1,2,0,1,30,,2,1,0,0,1,35.0,35.0,,,2,2,1,2,3
202100005343,2021-12-01 13:40:00,2021,12,1,13,40,17,17306,GAMBETTA,45.62327,-1.03047,Plein jour,En agglomération,Intersection en T,Normale,Autre collision,4,2,3,0,1,1,1,0,1,30,,2,0,0,0,2,16.0,20.0,,,1,2,3,1,6
202100005344,2021-12-01 17:00:00,2021,12,1,17,0,14,14715,FERNAND MOUREAUX (BOULEVARD),49.36252,0.08579,Crépuscule ou aube,En agglomération,Hors intersection,Pluie légère,Deux véhicules - côté,3,1,2,0,1,1,2,0,1,50,,2,1,0,0,1,23.0,39.0,,,2,2,1,2,3
202100005345,2021-12-01 15:40:00,2021,12,1,15,40,14,14118,DUNOIS (BOULEVARD),49.183945,-0.386614,Plein jour,En agglomération,Intersection en X,Pluie forte,Deux véhicules - côté,4,4,2,0,1,1,2,5,1,50,,3,0,0,0,3,76.0,25.0,,,1,2,2,3,3
202100005346,2021-11-29 17:25:00,2021,11,29,17,25,14,14327,D143,49.19038,-0.33398,Nuit sans éclairage public,En agglomération,Hors intersection,Normale,Deux véhicules - côté,3,2,2,0,2,1,1,0,1,50,,2,1,0,0,1,47.0,28.0,,,3,2,1,1,3
202100005347,2021-12-01 16:10:00,2021,12,1,16,10,13,13203,GUIBAL (RUE),43.3075173101,5.387180322,Plein jour,En agglomération,Hors intersection,Temps couvert,Deux véhicules - côté,4,2,2,0,1,1,1,0,1,50,,2,1,0,0,1,31.0,85.0,,,1,2,1,8,3
202100005348,2021-12-01 11:35:00,2021,12,1,11,35,13,13213,CENTRALE (RUE),43.35202,5.43752,Plein jour,En agglomération,Intersection en Y,Normale,Deux véhicules - côté,4,2,2,0,2,1,1,0,1,50,,3,2,0,0,1,17.0,29.0,,,1,2,4,1,3
202100005349,2021-12-01 10:15:00,2021,12,1,10,15,13,13203,LOUBON (RUE),43.31127,5.37813,Plein jour,En agglomération,Hors intersection,Normale,Deux véhicules - frontale,4,2,2,0,1,1,1,0,1,50,,2,1,0,1,0,,,,,1,2,1,1,1
202100005350,2021-12-01 02:00:00,2021,12,1,2,0,13,13213,SAINT JEROME (AVENUE DE),43.32822,5.41873,Nuit avec éclairage allumé,En agglomération,Hors intersection,Normale,Autre collision,7,2,2,0,1,1,1,0,1,50,,4,3,0,0,1,18.0,,,,5,2,1,1,6
202100005351,2021-11-30 18:30:00,2021,11,30,18,30,13,13213,Georges CHARPAK (rue),43.34428,5.44334,Nuit avec éclairage allumé,En agglomération,Intersection en T,Normale,Deux véhicules - côté,4,2,2,0,2,1,1,0,1,50,,2,1,0,0,1,51.0,,,,5,2,3,1,3
202100005352,2021-11-29 18:30:00,2021,11,29,18,30,13,13205,JEAN MOULIN (BOULEVARD),43.28925,5.39981,Nuit avec éclairage allumé,En agglomération,Hors intersection,Normale,Deux véhicules - arrière,4,2,4,0,1,1,1,0,1,50,,2,1,0,0,1,17.0,63.0,,,5,2,1,1,2
202100005353,2021-11-30 09:30:00,2021,11,30,9,30,13,13204,ALEX. FLEMING (BOULEVARD),43.3166,5.39639,Plein jour,En agglomération,Hors intersection,Normale,Deux véhicules - arrière,4,1,2,0,2,1,1,0,1,50,,2,1,0,0,1,32.0,32.0,,,1,2,1,1,2
202100005354,2021-11-29 15:30:00,2021,11,29,15,30,13,13210,MIREILLE LAUZE (BOULEVARD),43.2824,5.40608,Plein jour,En agglomération,Hors intersection,Normale,Deux véhicules - arrière,4,2,1,0,1,1,1,0,1,50,,2,1,0,0,1,,,,,1,2,1,1,2
202100005355,2021-11-13 16:03:00,2021,11,13,16,3,13,13201,BEAUVAU (RUE),43.2943932265,5.3754231385,Plein jour,En agglomération,Intersection en X,Normale,Deux véhicules - côté,4,1,1,0,1,1,1,0,1,30,,3,2,0,1,0,16.0,,,,1,2,2,1,3
202100005356,2021-12-01 12:10:00,2021,12,1,12,10,13,13047,R.N 569,43.53017,4.96052,Plein jour,Hors agglomération,Hors intersection,Normale,Trois véhicules et plus - collisions multiples,2,2,2,0,1,1,1,0,1,80,,4,2,0,2,0,66.0,50.0,,,1,1,1,1,5
202100005357,2021-11-10 12:17:00,2021,11,10,12,17,12,12145,CONSTANS LEOPOLD,44.0995885199,3.0725374818,Plein jour,En agglomération,Intersection en T,Pluie légère,Deux véhicules - côté,4,2,2,0,1,2,2,0,1,50,,2,1,0,0,1,31.0,45.0,,,1,2,3,2,3
202100005358,2021-11-29 17:55:00,2021,11,29,17,55,11,11262,LECLERC (AVENUE DU GENERAL),43.17889,2.9956,Plein jour,En agglomération,Intersection en T,Normale,Deux véhicules - côté,4,2,2,0,1,1,1,9,1,50,,2,1,0,1,0,34.0,19.0,,,1,2,3,1,3
202100005359,2021-11-30 08:30:00,2021,11,30,8,30,11,11069,CORPS EXPEDIT FRANCAIS D'ITALIE-ROND POI,43.21301,2.3717,Plein jour,En agglomération,Giratoire,Normale,Deux véhicules - côté,4,1,1,0,1,2,1,9,1,50,,2,1,0,0,1,29.0,,,,1,2,6,1,3
202100005360,2021-11-30 15:25:00,2021,11,30,15,25,09,09225,CAVE CHEMIN DE,43.09684,1.64119,Plein jour,Hors agglomération,Hors intersection,Normale,Autre collision,4,1,1,0,1,1,1,0,1,50,,4,0,0,0,4,21.0,,,,1,1,1,1,6
202100005361,2021-11-30 11:00:00,2021,11,30,11,0,09,09225,MAQUISARDS PROMENADE DES,43.118273,1.60904,Plein jour,En agglomération,Intersection en X,Normale,Deux véhicules - côté,4,2,2,0,1,1,1,0,1,50,,3,1,0,0,2,21.0,84.0,,,1,2,2,1,3
202100005362,2021-11-24 08:00:00,2021,11,24,8,0,08,08105,ARCHES (AVENUE),49.76244,4.71924,Plein jour,En agglomération,Hors intersection,Autre,Deux véhicules - côté,3,2,4,1,1,1,7,2,5,50,,2,1,0,1,0,20.0,55.0,,,1,2,1,9,3
202100005363,2021-11-29 12:20:00,2021,11,29,12,20,07,07102,Avenue Georges CLEMENCEAU,44.932518,4.869656,Plein jour,En agglomération,Giratoire,Temps couvert,Autre collision,4,3,4,1,1,1,1,0,8,50,,2,1,0,0,1,72.0,,,,1,2,6,8,6
202100005364,2021-11-30 14:50:00,2021,11,30,14,50,06,06088,CLUVIER (RUE),43.701903,7.25401,Plein jour,En agglomération,Hors intersection,Normale,Deux véhicules - arrière,4,2,2,0,1,1,1,0,1,30,,2,1,0,1,0,31.0,17.0,,,1,2,1,1,2
202100005365,2021-11-30 10:00:00,2021,11,30,10,0,06,06029,CLEMENCEAU (RUE GEORGES),43.549926,7.008266,Plein jour,En agglomération,Hors intersection,Normale,Deux véhicules - côté,4,2,2,0,1,1,1,0,1,50,,2,1,0,1,0,65.0,29.0,,,1,2,1,1,3