accident_id,datetime,annee,mois,jour,heure,minute,departement,commune_insee,adresse,latitude,longitude,luminosite,agglomeration,intersection,meteo,collision,catr,circ,nbv,vosp,prof,plan,surf,infra,situ,vma,nb_vehicules,nb_usagers,nb_indemnes,nb_tues,nb_blesses_hosp,nb_blesses_legers,age_cond_1,age_cond_2,veh_type_cond_1,veh_type_cond_2,lum_code,agg_code,int_code,atm_code,col_code
202100005366,2021-11-30 08:35:00,2021,11,30,8,35,05,05061,VILLAROBERT ( RUE DE ),44.56985,6.08332,Plein jour,En agglomération,Intersection en T,Temps éblouissant,Autre collision,2,2,3,0,2,1,1,0,1,50,,2,1,0,1,0,35.0,,,,1,2,3,7,6
202100005367,2021-11-29 18:44:00,2021,11,29,18,44,05,05061,PRE DE FOIRE ( RUE DU ),44.55492,6.07456,Nuit avec éclairage allumé,En agglomération,Intersection en T,Normale,Deux véhicules - côté,4,2,-1,0,2,1,1,0,5,50,,2,1,0,0,1,47.0,27.0,,,5,2,3,1,3
202100005368,2021-12-01 08:50:00,2021,12,1,8,50,04,04112,RD 4096,43.80559,5.77982,Plein jour,Hors agglomération,Intersection en T,Normale,Trois véhicules et plus - collisions multiples,3,2,2,0,3,1,1,0,1,80,,4,3,0,0,1,34.0,33.0,,,1,1,3,1,5
202100005369,2021-11-29 17:42:00,2021,11,29,17,42,03,03095,PARIS (ROUTE DE),46.13805,3.45626,Nuit avec éclairage non allumé,En agglomération,Hors intersection,Pluie légère,Autre collision,3,2,2,0,1,1,2,0,1,50,,2,1,0,1,0,22.0,,,,4,2,1,2,6
202100005370,2021-11-25 12:40:00,2021,11,25,12,40,03,03310,ALLIER (PLACE D'),46.12128,3.42307,Plein jour,En agglomération,Hors intersection,Normale,Autre collision,3,2,2,0,1,2,1,0,1,50,,2,1,0,1,0,62.0,,,,1,2,1,1,6
202100005371,2021-11-29 20:15:00,2021,11,29,20,15,75,75113,AVENUE D ITALIE,48.826772,2.357106,Nuit avec éclairage allumé,En agglomération,Intersection en T,Normale,Autre collision,4,3,4,0,1,1,1,0,1,30,,3,2,1,0,0,44.0,,,,5,2,3,1,6
202100005372,2021-12-01 11:10:00,2021,12,1,11,10,75,75106,RUE DE FLEURUS,48.847056,2.331569,Plein jour,En agglomération,Intersection en X,Pluie légère,Autre collision,4,2,2,0,1,1,2,0,1,30,,2,1,0,0,1,83.0,,,,1,2,2,2,6
202100005373,2021-12-01 11:00:00,2021,12,1,11,0,75,75105,QUAI DE LA TOURNELLE,48.851131,2.351315,Plein jour,En agglomération,Intersection en X,Pluie forte,Deux véhicules - côté,4,2,4,1,1,1,2,0,5,30,,2,1,0,0,1,63.0,63.0,,,1,2,2,3,3
202100005374,2021-11-30 02:22:00,2021,11,30,2,22,75,75101,PONT SAINT MICHEL,48.854339,2.344903,Nuit avec éclairage allumé,En agglomération,Intersection en X,Normale,Deux véhicules - arrière,4,2,5,0,1,1,1,2,1,30,,3,2,0,0,1,20.0,54.0,,,5,2,2,1,2
202100005375,2021-12-01 17:55:00,2021,12,1,17,55,75,75119,RUE DE L OURCQ,48.892443,2.378918,Crépuscule ou aube,En agglomération,Intersection en X,Normale,Autre collision,4,3,2,0,1,1,2,0,1,30,,2,1,0,0,1,21.0,,,,2,2,2,1,6
202100005376,2021-12-01 18:15:00,2021,12,1,18,15,75,75117,RUE DE LA FELICITE,48.887728,2.311385,Nuit avec éclairage allumé,En agglomération,Intersection en T,Temps couvert,Sans collision,4,2,2,0,1,1,2,0,1,30,,1,0,0,0,1,26.0,,,,5,2,3,8,7
202100005377,2021-12-01 12:45:00,2021,12,1,12,45,75,75117,CITE DU BASTION,48.893451,2.308643,Plein jour,En agglomération,Hors intersection,Temps couvert,Sans collision,4,1,1,0,1,1,2,0,1,30,,1,0,0,0,1,34.0,,,,1,2,1,8,7
202100005378,2021-11-21 19:40:00,2021,11,21,19,40,75,75116,RUE MICHEL ANGE,48.844635,2.261403,Nuit avec éclairage allumé,En agglomération,Hors intersection,Pluie légère,Sans collision,4,1,2,0,1,1,2,0,1,30,,1,0,0,0,1,26.0,,,,5,2,1,2,7
202100005379,2021-12-01 21:15:00,2021,12,1,21,15,75,75115,RUE DU COMMERCE,48.846195,2.295181,Nuit avec éclairage allumé,En agglomération,Intersection en X,Normale,Deux véhicules - côté,4,2,2,0,1,1,1,0,1,30,,2,1,0,0,1,54.0,24.0,,,5,2,2,1,3
202100005380,2021-12-01 18:55:00,2021,12,1,18,55,75,75115,RUE DE VAUGIRARD,48.841489,2.307951,Nuit avec éclairage allumé,En agglomération,Intersection en X,Normale,Autre collision,4,2,4,1,1,1,1,0,5,30,,2,1,0,0,1,29.0,,,,5,2,2,1,6
202100005381,2021-12-01 07:50:00,2021,12,1,7,50,75,75114,RUE JULIA BARTET,48.825461,2.302349,Plein jour,En agglomération,Intersection en X,Normale,Deux véhicules - côté,4,2,5,1,1,1,2,0,5,30,,2,1,0,0,1,26.0,33.0,,,1,2,2,1,3
202100005382,2021-12-01 11:22:00,2021,12,1,11,22,75,75113,RUE DU CHEVALERET,48.828501,2.376494,Plein jour,En agglomération,Hors intersection,Normale,Autre collision,4,2,2,0,1,1,2,0,1,30,,2,1,0,0,1,48.0,,,,1,2,1,1,6
202100005383,2021-12-01 07:55:00,2021,12,1,7,55,75,75110,RUE DU FAUBOURG SAINT DENIS,48.8705,2.353057,Crépuscule ou aube,En agglomération,Hors intersection,Pluie légère,Deux véhicules - côté,4,2,2,1,1,1,2,0,5,30,,2,1,0,0,1,30.0,30.0,,,2,2,1,2,3
202100005384,2021-12-01 13:50:00,2021,12,1,13,50,75,75108,COURS LA REINE,48.864919,2.310271,Plein jour,En agglomération,Place,Pluie légère,Autre collision,4,3,2,0,1,1,2,0,1,30,,2,1,0,0,1,39.0,,,,1,2,7,2,6
202100005385,2021-12-01 10:30:00,2021,12,1,10,30,75,75108,PLACE DU GENERAL BROCARD,48.878072,2.305239,Plein jour,En agglomération,Place,Pluie légère,Deux véhicules - côté,4,2,2,0,1,1,2,0,1,30,,3,2,0,0,1,59.0,39.0,,,1,2,7,2,3
202100005386,2021-11-30 12:45:00,2021,11,30,12,45,75,75108,BOULEVARD MALESHERBES,48.872652,2.321442,Plein jour,En agglomération,Hors intersection,Normale,Deux véhicules - côté,4,2,6,0,1,1,1,0,1,30,,2,1,0,0,1,45.0,46.0,,,1,2,1,1,3
202100005387,2021-12-01 19:10:00,2021,12,1,19,10,75,75104,BOULEVARD HENRI IV,48.852626,2.367363,Nuit avec éclairage allumé,En agglomération,Intersection en X,Pluie légère,Sans collision,4,2,4,0,1,1,2,0,1,30,,1,0,0,0,1,64.0,,,,5,2,2,2,7
202100005388,2021-12-01 08:30:00,2021,12,1,8,30,94,94068,Rue du Chemin Vert,48.80081,2.47091,Crépuscule ou aube,En agglomération,Hors intersection,Pluie légère,Autre collision,4,2,3,0,2,1,2,0,1,30,,4,1,0,0,3,41.0,,,,2,2,1,2,6
202100005389,2021-11-30 23:20:00,2021,11,30,23,20,94,94068,Avenue du Bac,48.7956,2.50849,Nuit avec éclairage allumé,En agglomération,Intersection en X,Normale,Deux véhicules - côté,3,2,2,0,1,1,1,0,1,30,,2,1,0,0,1,58.0,35.0,,,5,2,2,1,3
202100005390,2021-12-01 06:38:00,2021,12,1,6,38,93,93072,FRANCOIS BEGUE (AVENUE),48.95173,2.38199,Nuit avec éclairage allumé,En agglomération,Intersection en T,Pluie légère,Deux véhicules - frontale,4,-1,2,0,1,3,1,0,1,30,,2,1,0,0,1,,,,,5,2,3,2,1
202100005391,2021-12-01 15:15:00,2021,12,1,15,15,93,93071,ALEXEI LEONOV (RUE),48.9496154258,2.5231720968,Plein jour,En agglomération,Hors intersection,Pluie légère,Autre collision,4,2,2,0,1,1,2,0,1,50,,2,1,0,0,1,37.0,,,,1,2,1,2,6
202100005392,2021-12-01 13:45:00,2021,12,1,13,45,93,93064,DE GAULLE (AV DU GENERAL) 58/49 - FIN,48.87899,2.47849,Plein jour,En agglomération,Hors intersection,Pluie légère,Deux véhicules - côté,3,3,4,0,1,1,2,0,1,50,,2,1,0,0,1,41.0,46.0,,,1,2,1,2,3
202100005393,2021-12-01 06:55:00,2021,12,1,6,55,93,93031,ALLENDE (AVENUE SALVADOR),48.9547,2.308,Nuit avec éclairage allumé,En agglomération,Intersection en X,Temps couvert,Autre collision,3,2,4,0,1,1,2,0,1,50,,2,1,0,1,0,55.0,,,,5,2,2,8,6
202100005394,2021-12-01 10:20:00,2021,12,1,10,20,93,93007,"""HENRI BARBUSSE (AVENUE """"DU 01 AU 80"""")",48.9401662007,2.4624878168,Plein jour,En agglomération,Intersection en X,Normale,Autre collision,4,2,0,0,1,1,2,0,1,50,,2,1,0,0,1,55.0,,,,1,2,2,1,6
202100005395,2021-12-01 08:05:00,2021,12,1,8,5,93,93005,ANDRE CITROEN (BOULEVARD),48.9588760885,2.4858797436,Crépuscule ou aube,En agglomération,Hors intersection,Pluie légère,Deux véhicules - arrière,3,-1,1,0,1,1,2,0,1,50,,2,1,0,0,1,25.0,28.0,,,2,2,1,2,2
202100005396,2021-12-01 15:44:00,2021,12,1,15,44,92,92076,CAZES,48.839076,2.164478,Plein jour,En agglomération,Hors intersection,Normale,Sans collision,4,2,2,0,1,1,2,0,1,50,,1,0,0,0,1,18.0,,,,1,2,1,1,7
202100005397,2021-11-30 22:30:00,2021,11,30,22,30,92,92046,BROSSOLETTE AVENUE PIERRE,48.81463,2.3036,Nuit avec éclairage allumé,En agglomération,Hors intersection,Normale,Deux véhicules - côté,3,2,4,0,1,1,1,0,1,50,,2,1,0,0,1,51.0,27.0,,,5,2,1,1,3
202100005398,2021-12-01 13:10:00,2021,12,1,13,10,92,92035,Sartoris ( rue ),48.90788,2.24792,Plein jour,En agglomération,Hors intersection,Pluie légère,Autre collision,4,2,2,0,1,1,2,0,1,50,,2,1,0,0,1,48.0,,,,1,2,1,2,6
202100005399,2021-12-01 15:47:00,2021,12,1,15,47,92,92023,GENERAL DE GAULLE (AV DU) N°130 A 340 ET,48.7874481539,2.2566282749,Plein jour,En agglomération,Hors intersection,Temps couvert,Autre collision,3,2,2,0,1,1,1,9,8,50,,2,1,0,0,1,48.0,37.0,,,1,2,1,8,6
202100005400,2021-12-01 10:25:00,2021,12,1,10,25,92,92012,JEAN JAURES (BOULEVARD) 1/61 - COTE IMPA,48.8422680641,2.2386360168,Plein jour,En agglomération,Hors intersection,Pluie légère,Deux véhicules - frontale,4,2,2,0,1,1,2,0,1,50,,2,1,0,0,1,29.0,26.0,,,1,2,1,2,1
202100005401,2021-11-30 12:40:00,2021,11,30,12,40,92,92012,JEAN JAURES (BOULEVARD) 63/215 - 70/208,48.8408370519,2.2273077071,Plein jour,En agglomération,Hors intersection,Normale,Deux véhicules - côté,3,2,2,0,1,1,1,0,1,50,,2,1,0,0,1,26.0,29.0,,,1,2,1,1,3
202100005402,2021-12-01 19:10:00,2021,12,1,19,10,92,92049,Avenue Max Dormoy,48.8099770875,2.3199766874,Nuit avec éclairage allumé,En agglomération,Hors intersection,Temps couvert,Deux véhicules - arrière,3,1,0,1,1,1,1,0,5,50,,2,1,0,0,1,27.0,45.0,,,5,2,1,8,2
202100005403,2021-12-01 20:20:00,2021,12,1,20,20,92,92004,ARGENTEUIL AV D',48.9102958951,2.2859582305,Nuit avec éclairage allumé,En agglomération,Hors intersection,Pluie légère,Sans collision,3,2,0,0,1,1,2,0,1,50,,1,0,0,0,1,27.0,,,,5,2,1,2,7
202100005404,2021-12-01 17:40:00,2021,12,1,17,40,35,35013,Les 4 Vents,47.700321,-2.085037,Nuit avec éclairage allumé,Hors agglomération,Intersection en X,Normale,Deux véhicules - côté,3,2,2,0,1,1,1,0,1,70,,3,1,0,0,2,17.0,32.0,,,5,1,2,1,3
202100005405,2021-11-28 15:45:00,2021,11,28,15,45,49,49244,La Grande Noue,47.356534,-0.928849,Plein jour,Hors agglomération,Hors intersection,Normale,Autre collision,3,2,2,0,1,1,1,0,3,70,,1,0,0,1,0,59.0,,,,1,1,1,1,6
202100005406,2021-12-02 06:45:00,2021,12,2,6,45,49,49220,11 Route d Angers,47.738295,-0.417443,Nuit sans éclairage public,En agglomération,Hors intersection,Normale,Autre collision,3,2,2,0,1,3,1,0,1,50,,3,2,0,1,0,20.0,,,,3,2,1,1,6
202100005407,2021-11-29 01:55:00,2021,11,29,1,55,21,21599,A31,47.605237,5.196785,Nuit sans éclairage public,Hors agglomération,Hors intersection,Normale,Deux véhicules - arrière,1,3,4,0,1,1,2,0,1,130,,2,1,0,1,0,58.0,19.0,,,3,1,1,1,2
202100005408,2021-11-11 00:43:00,2021,11,11,0,43,01,01166,D44,46.006263,4.767981,Nuit sans éclairage public,Hors agglomération,Giratoire,Normale,Autre collision,3,2,2,0,1,3,1,0,3,80,,1,0,0,0,1,19.0,,,,3,1,6,1,6
202100005409,2021-12-02 06:20:00,2021,12,2,6,20,01,01360,Route de la Vie de l’Etraz,46.214151,5.9582,Nuit sans éclairage public,Hors agglomération,Intersection en X,Pluie légère,Deux véhicules - côté,3,2,2,0,1,2,2,0,1,80,,2,1,0,1,0,15.0,19.0,,,3,1,2,2,3
202100005410,2021-11-30 12:15:00,2021,11,30,12,15,58,58086,11 Chemin des Fougères,47.371286,2.907026,Plein jour,En agglomération,Hors intersection,Normale,Deux véhicules - frontale,4,2,2,0,1,1,2,0,3,50,,2,0,0,2,0,17.0,,,,1,2,1,1,1
202100005411,2021-11-30 09:00:00,2021,11,30,9,0,43,43123,A75 PK 058+800 sens Sud/Nord,45.312503,3.255896,Plein jour,Hors agglomération,Hors intersection,Normale,Deux véhicules - arrière,1,3,4,0,1,1,1,0,1,130,,4,3,0,0,1,37.0,26.0,,,1,1,1,1,2
202100005412,2021-12-02 16:50:00,2021,12,2,16,50,56,56213,Kerphilippe,48.11443,-2.917755,Plein jour,Hors agglomération,Hors intersection,Pluie légère,Autre collision,3,2,2,0,1,3,2,0,3,80,,1,0,0,1,0,35.0,,,,1,1,1,2,6
202100005413,2021-11-28 07:50:00,2021,11,28,7,50,56,56040,Kerchopine,47.88609,-3.339223,Crépuscule ou aube,Hors agglomération,Hors intersection,Normale,Deux véhicules - frontale,3,2,2,0,1,1,1,0,1,80,,3,1,0,1,1,59.0,25.0,,,2,1,1,1,1
202100005414,2021-12-02 08:45:00,2021,12,2,8,45,56,56184,Bel-air D775,47.68789,-2.463984,Plein jour,Hors agglomération,Hors intersection,Temps couvert,Deux véhicules - frontale,3,2,2,0,2,1,2,0,1,80,,3,0,0,0,3,38.0,39.0,,,1,1,1,8,1
202100005415,2021-11-29 06:25:00,2021,11,29,6,25,67,67099,Route départementale 8,48.948294,7.140212,Crépuscule ou aube,Hors agglomération,Hors intersection,Neige / grêle,Sans collision,3,2,2,0,1,1,7,0,3,80,,1,0,0,1,0,21.0,,,,2,1,1,4,7
202100005416,2021-12-02 09:45:00,2021,12,2,9,45,79,79202,33 Av du 114e Regiment d’Infanterie,46.644964,-0.251181,Plein jour,En agglomération,Giratoire,Normale,Deux véhicules - côté,3,1,1,0,2,2,1,0,1,50,,2,1,1,0,0,64.0,61.0,,,1,2,6,1,3
202100005417,2021-12-01 12:35:00,2021,12,1,12,35,32,32242,D139,43.422193,0.590343,Plein jour,Hors agglomération,Hors intersection,Pluie forte,Autre collision,3,2,2,0,1,2,2,0,3,80,,1,0,0,1,0,22.0,,,,1,1,1,3,6
202100005418,2021-12-02 12:00:00,2021,12,2,12,0,71,71137,rd980,46.4405846165,4.6527823642,Plein jour,Hors agglomération,Intersection en X,Pluie forte,Autre collision,3,2,3,0,2,1,2,5,1,80,,2,1,1,0,0,24.0,,,,1,1,2,3,6
202100005419,2021-12-02 16:50:00,2021,12,2,16,50,68,68374,Rue Principale,48.060216,7.233639,Crépuscule ou aube,En agglomération,Hors intersection,Neige / grêle,Autre collision,3,2,2,0,1,1,2,0,1,50,,2,1,0,1,0,35.0,,,,2,2,1,4,6
202100005420,2021-12-02 16:15:00,2021,12,2,16,15,29,29227,Lieu Dit le Guilly,48.374283,-3.602872,Plein jour,Hors agglomération,Hors intersection,Pluie légère,Deux véhicules - frontale,3,2,1,0,2,4,2,0,1,50,,4,0,0,0,4,31.0,54.0,,,1,1,1,2,1
202100005421,2021-12-02 16:45:00,2021,12,2,16,45,38,38343,D82,45.560221,5.622653,Nuit sans éclairage public,Hors agglomération,Hors intersection,Pluie légère,Deux véhicules - frontale,3,2,2,0,1,2,2,0,1,80,,2,0,0,2,0,57.0,20.0,,,3,1,1,2,1
202100005422,2021-12-02 09:40:00,2021,12,2,9,40,01,01108,Rte de Franche Comte,46.387512,5.347558,Plein jour,En agglomération,Intersection en T,Pluie légère,Autre collision,3,2,1,0,2,3,2,0,4,50,,1,0,0,1,0,18.0,,,,1,2,3,2,6
202100005423,2021-11-30 14:31:00,2021,11,30,14,31,70,70248,60 Rue de Belfort,47.651086,6.761205,Plein jour,Hors agglomération,Hors intersection,Neige / grêle,Deux véhicules - frontale,3,2,2,0,2,2,5,0,1,80,,2,0,0,1,1,57.0,75.0,,,1,1,1,4,1
202100005424,2021-12-01 13:30:00,2021,12,1,13,30,70,70503,ROUTE DEPARTEMENTALE 15,47.432268,6.099429,Plein jour,Hors agglomération,Hors intersection,Pluie forte,Autre collision,3,2,2,0,1,1,2,0,1,80,,1,0,0,1,0,55.0,,,,1,1,1,3,6
202100005425,2021-12-02 15:35:00,2021,12,2,15,35,66,66053,"Route de la corniche, RD 114",42.529532,3.071896,Plein jour,Hors agglomération,Hors intersection,Normale,Autre collision,3,2,2,0,2,2,1,0,1,80,,1,0,0,1,0,29.0,,,,1,1,1,1,6
202100005426,2021-11-30 13:25:00,2021,11,30,13,25,66,66179,D3 Avenue Jean Jaures,42.386868,2.611699,Plein jour,En agglomération,Hors intersection,Normale,Deux véhicules - frontale,3,2,2,0,2,2,1,0,1,30,,2,1,0,1,0,39.0,19.0,,,1,2,1,1,1
202100005427,2021-12-02 10:50:00,2021,12,2,10,50,72,72168,La Petite Maison Neuve,48.000784,-0.123779,Plein jour,Hors agglomération,Intersection en T,Normale,Trois véhicules et plus - en chaîne,3,2,1,0,2,1,1,0,1,80,,4,3,0,0,1,35.0,74.0,,,1,1,3,1,4
202100005428,2021-11-22 07:30:00,2021,11,22,7,30,45,45025,D97,48.174786,2.053928,Crépuscule ou aube,Hors agglomération,Hors intersection,Brouillard / fumée,Trois véhicules et plus - collisions multiples,3,2,2,0,1,1,1,0,1,80,,3,1,0,0,2,39.0,58.0,,,2,1,1,5,5
202100005429,2021-12-02 04:52:00,2021,12,2,4,52,16,16137,carrefour  D4 - D163,45.607771,0.475169,Nuit sans éclairage public,Hors agglomération,Intersection en T,Brouillard / fumée,Autre collision,3,2,2,0,1,2,2,0,3,70,,1,0,0,1,0,18.0,,,,3,1,3,5,6
202100005430,2021-11-28 16:40:00,2021,11,28,16,40,04,04035,RD 907,43.903733,6.030872,Plein jour,Hors agglomération,Hors intersection,Normale,Deux véhicules - côté,3,2,2,0,1,2,1,0,1,80,,3,2,0,0,1,51.0,39.0,,,1,1,1,1,3
202100005431,2021-12-01 08:50:00,2021,12,1,8,50,17,17477,D132e2,45.975828,-0.159484,Plein jour,Hors agglomération,Hors intersection,Normale,Autre collision,3,2,2,0,1,2,2,0,8,80,,1,0,0,1,0,23.0,,,,1,1,1,1,6
202100005432,2021-12-02 09:55:00,2021,12,2,9,55,37,37130,47 rue aristide briand,47.042034,0.818449,Plein jour,En agglomération,Hors intersection,Normale,Autre collision,3,2,2,0,1,1,1,0,1,50,,2,1,0,0,1,56.0,,,,1,2,1,1,6
202100005433,2021-12-01 17:25:00,2021,12,1,17,25,37,37203,55 Quai de la Loire,47.4085935669,0.7576268777,Nuit avec éclairage allumé,En agglomération,Hors intersection,Normale,Autre collision,7,2,2,0,1,1,1,0,1,30,,2,1,0,1,0,28.0,,,,5,2,1,1,6
202100005434,2021-12-01 20:45:00,2021,12,1,20,45,30,30167,Route départementale 51,44.27162,4.185,Nuit sans éclairage public,Hors agglomération,Hors intersection,Temps couvert,Sans collision,3,2,2,0,3,2,1,0,8,80,,1,0,1,0,0,64.0,,,,3,1,1,8,7
202100005435,2021-11-20 23:00:00,2021,11,20,23,0,30,30077,,44.151985,4.056869,Nuit sans éclairage public,Hors agglomération,Hors intersection,Normale,Deux véhicules - côté,3,2,2,0,1,3,1,2,1,80,,2,1,0,1,0,65.0,23.0,,,3,1,1,1,3
202100005436,2021-12-02 10:10:00,2021,12,2,10,10,52,52265,N67,48.541841,5.084224,Plein jour,Hors agglomération,Hors intersection,Temps couvert,Deux véhicules - frontale,2,2,2,0,1,2,1,3,1,80,,2,1,1,0,0,55.0,54.0,,,1,1,1,8,1
202100005437,2021-12-01 13:53:00,2021,12,1,13,53,08,08311,Route départementale 964,49.615444,5.065877,Plein jour,Hors agglomération,Hors intersection,Temps couvert,Deux véhicules - frontale,3,2,2,0,1,1,2,0,1,80,,2,0,0,0,2,57.0,30.0,,,1,1,1,8,1
202100005438,2021-12-01 20:45:00,2021,12,1,20,45,13,13091,D543,43.621258,5.354676,Nuit sans éclairage public,Hors agglomération,Hors intersection,Brouillard / fumée,Deux véhicules - frontale,7,-1,2,0,2,4,2,0,1,80,,2,0,0,0,2,21.0,43.0,,,3,1,1,5,1
202100005439,2021-11-30 13:30:00,2021,11,30,13,30,35,35189,Boulevard d Emeraude,48.156446,-1.708573,Plein jour,Hors agglomération,Hors intersection,Normale,Sans collision,7,3,2,0,1,1,1,0,1,50,,1,0,0,1,0,46.0,,,,1,1,1,1,7
202100005440,2021-12-01 07:00:00,2021,12,1,7,0,973,97309,Route Nationale 3,4.890189,-52.287696,Crépuscule ou aube,En agglomération,Hors intersection,Normale,Deux véhicules - côté,3,2,2,0,1,1,1,5,1,80,,2,1,0,1,0,24.0,20.0,,,2,2,1,1,3
202100005441,2021-12-01 21:15:00,2021,12,1,21,15,01,01099,,45.90825,5.241392,Nuit sans éclairage public,Hors agglomération,Hors intersection,Pluie légère,Deux véhicules - arrière,1,1,1,0,1,3,2,9,1,50,,2,1,0,1,0,23.0,35.0,,,3,1,1,2,2
202100005442,2021-12-02 07:30:00,2021,12,2,7,30,37,37039,D943,47.051821,1.090543,Nuit sans éclairage public,Hors agglomération,Hors intersection,Normale,Deux véhicules - frontale,3,2,2,0,2,1,1,0,1,90,,12,8,0,1,3,35.0,55.0,,,3,1,1,1,1
202100005443,2021-11-30 18:40:00,2021,11,30,18,40,11,11262,A9,43.162415,2.993281,Nuit sans éclairage public,Hors agglomération,Hors intersection,Normale,Autre collision,1,3,3,0,1,1,1,0,1,130,,2,1,0,0,1,51.0,34.0,,,3,1,1,1,6
202100005444,2021-12-02 06:38:00,2021,12,2,6,38,74,74118,A40,46.173367,6.239923,Nuit sans éclairage public,Hors agglomération,Hors intersection,Pluie légère,Trois véhicules et plus - en chaîne,1,3,4,0,2,2,2,0,1,110,,4,3,0,0,1,27.0,47.0,,,3,1,1,2,4
202100005445,2021-12-01 20:00:00,2021,12,1,20,0,95,95250,230 Avenue Henri Barbusse,49.094442,2.502067,Nuit avec éclairage allumé,En agglomération,Hors intersection,Normale,Autre collision,3,2,2,0,1,1,1,0,1,50,,2,1,0,1,0,42.0,,,,5,2,1,1,6
202100005446,2021-12-01 10:10:00,2021,12,1,10,10,987,98725,Les Hauts de Mahinarama,-17.542975,-149.476001,Plein jour,En agglomération,Hors intersection,Pluie forte,Autre collision,2,2,2,0,2,2,2,0,1,50,,1,0,1,0,0,80.0,,,,1,2,1,3,6
202100005447,2021-12-01 19:25:00,2021,12,1,19,25,973,97313,Avenue des 2 Fromagers,4.901586,-52.516425,Nuit sans éclairage public,Hors agglomération,Hors intersection,Pluie légère,Autre collision,3,2,2,0,1,1,2,0,3,50,,2,1,0,1,0,55.0,,,,3,1,1,2,6
202100005448,2021-11-15 07:45:00,2021,11,15,7,45,33,33199,Rue de la Barbotière,44.642815,-1.060138,Nuit sans éclairage public,En agglomération,Hors intersection,Normale,Deux véhicules - côté,4,2,2,0,1,1,1,0,1,50,,2,1,0,1,0,38.0,46.0,,,3,2,1,1,3
202100005449,2021-12-01 14:43:00,2021,12,1,14,43,34,34213,D2e5,43.473384,3.679476,Plein jour,Hors agglomération,Hors intersection,Pluie légère,Deux véhicules - côté,3,2,2,0,1,2,2,0,1,80,,2,0,0,0,2,20.0,72.0,,,1,1,1,2,3
202100005450,2021-12-02 12:30:00,2021,12,2,12,30,34,34272,D 24,43.651409,4.104939,Plein jour,Hors agglomération,Intersection en T,Normale,Deux véhicules - côté,3,2,2,0,1,1,1,0,1,-1,,2,1,0,1,0,63.0,23.0,,,1,1,3,1,3
202100005451,2021-11-30 13:00:00,2021,11,30,13,0,06,06077,rd 2566 pk 3+300,43.861989,7.347178,Plein jour,Hors agglomération,Hors intersection,Normale,Deux véhicules - frontale,3,2,2,0,1,1,1,0,1,80,,2,0,0,0,2,55.0,21.0,,,1,1,1,1,1
202100005452,2021-12-01 14:30:00,2021,12,1,14,30,13,13041,D6,43.448993,5.447824,Plein jour,Hors agglomération,Hors intersection,Normale,Deux véhicules - arrière,7,1,1,0,2,1,1,0,1,110,,4,3,0,0,1,42.0,39.0,,,1,1,1,1,2
202100005453,2021-12-01 16:15:00,2021,12,1,16,15,74,74201,705 Route de la Forge,46.118841,6.110609,Plein jour,En agglomération,Hors intersection,Pluie légère,Deux véhicules - frontale,3,2,2,0,1,1,2,0,1,50,,2,1,0,1,0,56.0,32.0,,,1,2,1,2,1
202100005454,2021-11-30 10:15:00,2021,11,30,10,15,38,38148,route de la chapelle,45.615133,5.465119,Plein jour,Hors agglomération,Hors intersection,Temps couvert,Deux véhicules - frontale,3,2,1,0,2,3,2,0,1,80,,2,1,0,1,0,19.0,55.0,,,1,1,1,8,1
202100005455,2021-12-02 15:40:00,2021,12,2,15,40,85,85247,Rue du bocage,46.961789,-1.054763,Plein jour,Hors agglomération,Hors intersection,Normale,Autre collision,4,2,2,0,2,3,2,0,3,80,,1,0,1,0,0,46.0,,,,1,1,1,1,6
202100005456,2021-12-01 16:45:00,2021,12,1,16,45,14,14737,D511,48.92015,-0.185424,Plein jour,Hors agglomération,Intersection en T,Pluie forte,Deux véhicules - frontale,3,2,1,0,2,1,2,0,1,90,,3,0,0,0,3,75.0,71.0,,,1,1,3,3,1
202100005457,2021-12-02 15:50:00,2021,12,2,15,50,27,27275,14 Rue Jean-Moulin,49.162021,1.337929,Plein jour,En agglomération,Intersection en Y,Normale,Autre collision,4,3,2,0,1,1,1,0,1,50,,2,1,0,0,1,42.0,,,,1,2,4,1,6
202100005458,2021-12-02 13:30:00,2021,12,2,13,30,60,60338,Rue de Bourgogne,49.356436,2.795664,Plein jour,En agglomération,Hors intersection,Normale,Deux véhicules - côté,4,2,2,0,1,1,1,0,1,50,,2,1,0,0,1,10.0,25.0,,,1,2,1,1,3
202100005459,2021-12-01 15:20:00,2021,12,1,15,20,62,62557,Rue de la Gare,50.321717,2.70128,Plein jour,En agglomération,Intersection en Y,Normale,Deux véhicules - côté,3,4,2,0,2,4,2,0,1,50,,3,1,0,0,2,71.0,34.0,,,1,2,4,1,3
202100005460,2021-06-21 17:00:00,2021,6,21,17,0,69,69029,A43   3.353 A 3.865,45.72836,4.90356,Plein jour,Hors agglomération,Hors intersection,Normale,Trois véhicules et plus - en chaîne,1,3,1,0,1,1,1,3,1,70,,3,2,0,0,1,40.0,59.0,,,1,1,1,1,4