accident_id,datetime,annee,mois,jour,heure,minute,departement,commune_insee,adresse,latitude,longitude,luminosite,agglomeration,intersection,meteo,collision,catr,circ,nbv,vosp,prof,plan,surf,infra,situ,vma,nb_vehicules,nb_usagers,nb_indemnes,nb_tues,nb_blesses_hosp,nb_blesses_legers,age_cond_1,age_cond_2,veh_type_cond_1,veh_type_cond_2,lum_code,agg_code,int_code,atm_code,col_code
202100005461,2021-12-01 05:30:00,2021,12,1,5,30,91,91086,RN 104,48.62356,2.39105,Nuit sans éclairage public,Hors agglomération,Hors intersection,Pluie légère,Deux véhicules - arrière,2,1,2,0,1,1,2,2,1,90,,2,1,0,0,1,25.0,51.0,,,3,1,1,2,2
202100005462,2021-12-01 08:45:00,2021,12,1,8,45,92,92064,A13,48.8393233433,2.2181925165,Plein jour,Hors agglomération,Hors intersection,Normale,Sans collision,1,-1,3,0,1,1,2,0,1,110,,1,0,0,0,1,29.0,,,,1,1,1,1,7
202100005463,2021-12-01 06:50:00,2021,12,1,6,50,78,78672,A13,48.928701,1.988559,Nuit sans éclairage public,Hors agglomération,Hors intersection,Pluie légère,Trois véhicules et plus - en chaîne,1,-1,3,0,1,1,2,0,1,110,,5,4,0,0,1,31.0,26.0,,,3,1,1,2,4
202100005464,2021-12-01 19:40:00,2021,12,1,19,40,93,93066,AUTOROUTE A1,48.92524,2.35692,Nuit avec éclairage non allumé,Hors agglomération,Hors intersection,Normale,Deux véhicules - côté,1,3,3,0,1,1,1,0,1,90,,3,2,0,0,1,60.0,64.0,,,4,1,1,1,3
202100005465,2021-12-01 14:50:00,2021,12,1,14,50,93,93027,AUTOROUTE A86,48.92857,2.41517,Plein jour,Hors agglomération,Hors intersection,Pluie légère,Sans collision,1,3,6,0,1,2,2,0,1,70,,1,0,0,0,1,25.0,,,,1,1,1,2,7
202100005466,2021-11-30 23:30:00,2021,11,30,23,30,93,93053,AUTOROUTE A3,48.88221,2.45533,Nuit sans éclairage public,Hors agglomération,Hors intersection,Normale,Deux véhicules - côté,1,3,3,0,1,1,1,0,1,70,,2,1,0,0,1,30.0,28.0,,,3,1,1,1,3
202100005467,2021-09-27 07:17:00,2021,9,27,7,17,74,74305,MONTREAL (ALLEE DE),46.2053690092,6.2819695473,Crépuscule ou aube,En agglomération,Hors intersection,Pluie légère,Autre collision,6,-1,-1,0,1,1,2,0,1,50,,2,1,0,0,1,60.0,,,,2,2,1,2,6
202100005468,2021-09-24 08:10:00,2021,9,24,8,10,74,74305,ROTONDE (RUE DE LA),46.20151,6.23587,Plein jour,En agglomération,Hors intersection,Normale,Deux véhicules - frontale,4,2,2,0,1,2,1,0,1,30,,2,1,0,0,1,42.0,33.0,,,1,2,1,1,1
202100005469,2021-09-12 10:50:00,2021,9,12,10,50,74,74229,R des Allobroges,46.226364,6.314733,Plein jour,En agglomération,Intersection en T,Normale,Deux véhicules - côté,3,2,2,1,1,3,1,5,1,-1,,2,1,0,1,0,14.0,,,,1,2,3,1,3
202100005470,2021-09-07 14:40:00,2021,9,7,14,40,74,74042,Pl de l Hotel de Ville,46.077391,6.408237,Plein jour,En agglomération,Hors intersection,Normale,Autre collision,3,2,2,3,1,1,1,9,6,50,,2,1,0,1,0,61.0,,,,1,2,1,1,6
202100005471,2021-09-07 06:00:00,2021,9,7,6,0,74,74220,RD 02 lieu dit Turnier,46.1510671,6.254429,Crépuscule ou aube,Hors agglomération,Hors intersection,Normale,Deux véhicules - frontale,3,2,2,0,1,1,1,0,1,80,,2,1,0,1,0,38.0,42.0,,,2,1,1,1,1
202100005472,2021-01-01 23:20:00,2021,1,1,23,20,94,94079,20 Chemin des Boutaraines,48.82411,2.530774,Nuit avec éclairage allumé,En agglomération,Hors intersection,Normale,Autre collision,4,2,2,0,1,1,1,5,4,50,,3,1,0,0,2,17.0,,,,5,2,1,1,6
202100005473,2021-11-29 12:10:00,2021,11,29,12,10,974,97416,PRESBYTERE (RUE DU),-21.3358049524,55.4760164022,Plein jour,En agglomération,Hors intersection,Normale,Deux véhicules - arrière,4,1,1,0,1,1,1,0,1,25,,2,1,0,0,1,54.0,46.0,,,1,2,1,1,2
202100005474,2021-11-29 13:45:00,2021,11,29,13,45,974,97411,MONNERVILLE (BOULEVARD GASTON),-20.89689,55.44797,Plein jour,Hors agglomération,Hors intersection,Pluie légère,Deux véhicules - côté,4,2,2,0,2,2,2,0,1,50,,1,0,0,0,1,16.0,,,,1,1,1,2,3
202100005475,2021-11-29 10:15:00,2021,11,29,10,15,974,97411,GRIMAUD (EMILE),-20.89271,55.48348,Plein jour,En agglomération,Intersection en X,Normale,Deux véhicules - côté,4,2,4,0,1,1,1,0,1,30,,2,1,0,0,1,55.0,,,,1,2,2,1,3
202100005476,2021-11-29 07:00:00,2021,11,29,7,0,69,69388,VIENNE (DE) (RTE),45.7304792009,4.853553772,Nuit avec éclairage allumé,En agglomération,Intersection en X,Normale,Autre collision,4,2,3,2,1,1,1,0,1,50,,2,1,0,0,1,29.0,,,,5,2,2,1,6
202100005477,2021-11-09 08:20:00,2021,11,9,8,20,69,69202,VALIOUD (AV),45.7429,4.8072,Plein jour,En agglomération,Hors intersection,Normale,Deux véhicules - frontale,4,2,2,0,1,1,1,0,1,50,,3,2,0,0,1,48.0,40.0,,,1,2,1,1,1
202100005478,2021-11-28 14:20:00,2021,11,28,14,20,971,97113,Pont de BLANCHARD,16.2235350108,-61.5236050772,Plein jour,En agglomération,Intersection en X,Normale,Autre collision,4,4,4,0,4,1,1,0,1,50,,2,1,0,0,1,22.0,,,,1,2,2,1,6
202100005479,2021-11-29 13:55:00,2021,11,29,13,55,2A,2A004,NAPOLEON COURS AVANT BEVERINI,41.924762539,8.7379050603,Plein jour,En agglomération,Hors intersection,Normale,Sans collision,2,2,2,0,2,1,1,0,1,30,,2,1,0,0,1,14.0,,,,1,2,1,1,7
202100005480,2021-11-29 16:00:00,2021,11,29,16,0,95,95280,RD 47A,49.01083,2.48934,Plein jour,Hors agglomération,Hors intersection,Normale,Deux véhicules - côté,3,3,4,0,1,1,1,0,1,50,,2,1,0,0,1,58.0,38.0,,,1,1,1,1,3
202100005481,2021-11-29 10:30:00,2021,11,29,10,30,95,95210,COUSSAYE (RUE DE LA),48.9645642617,2.3045467745,Plein jour,En agglomération,Hors intersection,Normale,Autre collision,4,2,2,0,1,1,1,0,4,50,,2,1,0,0,1,,,,,1,2,1,1,6
202100005482,2021-11-28 07:45:00,2021,11,28,7,45,91,91021,RTE DE LIMOURS,48.5988,2.24495,Nuit avec éclairage allumé,En agglomération,Autre intersection,Pluie légère,Sans collision,3,1,2,0,3,1,2,2,1,50,,2,0,0,0,2,24.0,,,,5,2,9,2,7
202100005483,2021-11-29 06:00:00,2021,11,29,6,0,91,91657,RUE DE LA LONGUERAIE,48.716169,2.43724,Nuit avec éclairage allumé,En agglomération,Intersection en X,Normale,Autre collision,4,1,1,0,1,3,2,5,1,50,,2,1,1,0,0,50.0,53.0,,,5,2,2,1,6
202100005484,2021-11-29 03:35:00,2021,11,29,3,35,87,87085,SCHUMAN (BOULEVARD ROBERT),45.86864,1.27818,Nuit avec éclairage allumé,En agglomération,Hors intersection,Neige / grêle,Autre collision,4,3,4,0,1,1,7,0,1,50,,2,0,0,1,1,32.0,,,,5,2,1,4,6
202100005485,2021-11-27 17:22:00,2021,11,27,17,22,87,87114,RD941 (EST),45.84813,1.34665,Plein jour,En agglomération,Intersection en T,Normale,Deux véhicules - côté,3,2,2,0,1,1,1,0,1,50,,3,0,0,0,3,45.0,68.0,,,1,2,3,1,3
202100005486,2021-11-28 00:10:00,2021,11,28,0,10,87,87065,PLAGNE (RUE DE LA),45.81022,1.31282,Nuit sans éclairage public,Hors agglomération,Hors intersection,Pluie légère,Autre collision,4,2,2,0,1,1,2,2,1,80,,3,2,0,1,0,19.0,,,,3,1,1,2,6
202100005487,2021-11-29 15:20:00,2021,11,29,15,20,83,83144,JOUVET (RUE LOUIS),43.1295,5.99011,Plein jour,En agglomération,Intersection en Y,Temps éblouissant,Autre collision,4,2,1,0,1,1,1,0,1,30,,3,1,0,0,2,25.0,,,,1,2,4,7,6
202100005488,2021-11-25 21:20:00,2021,11,25,21,20,80,80021,HENRI BARBUSSE (RUE),49.8933876513,2.2940119111,Nuit avec éclairage allumé,En agglomération,Hors intersection,Pluie légère,Deux véhicules - frontale,4,2,3,0,3,1,2,0,1,50,,2,1,0,0,1,21.0,19.0,,,5,2,1,2,1
202100005489,2021-11-25 17:30:00,2021,11,25,17,30,80,80021,MARECHAL JOFFRE (PLACE DU),49.88734,2.30349,Nuit avec éclairage allumé,En agglomération,Hors intersection,Normale,Sans collision,4,1,1,0,4,2,2,0,1,50,,1,0,0,0,1,47.0,,,,5,2,1,1,7
202100005490,2021-11-24 13:40:00,2021,11,24,13,40,80,80489,RN 25,49.88141,2.37071,Plein jour,Hors agglomération,Hors intersection,Normale,Deux véhicules - arrière,2,1,2,0,1,1,1,0,1,110,,2,0,0,0,2,72.0,24.0,,,1,1,1,1,2
202100005491,2021-11-28 03:20:00,2021,11,28,3,20,77,77288,D606,48.52786,2.65376,Nuit avec éclairage allumé,En agglomération,Hors intersection,Normale,Autre collision,3,2,5,0,1,1,1,2,4,50,,4,1,0,0,3,21.0,,,,5,2,1,1,6
202100005492,2021-11-25 20:15:00,2021,11,25,20,15,74,74012,SAVOIES (RUE DES),46.18464,6.24286,Nuit avec éclairage allumé,Hors agglomération,Hors intersection,Normale,Deux véhicules - arrière,4,2,2,0,1,1,1,0,1,50,,3,1,0,0,2,,41.0,,,5,1,1,1,2
202100005493,2021-11-28 17:20:00,2021,11,28,17,20,71,71497,26 Boulevard du General de Gaulle,46.3333253305,4.8438985814,Nuit avec éclairage allumé,En agglomération,Hors intersection,Pluie légère,Trois véhicules et plus - collisions multiples,3,2,3,0,1,1,2,0,1,70,,5,2,0,1,2,46.0,38.0,,,5,2,1,2,5
202100005494,2021-11-25 15:20:00,2021,11,25,15,20,67,67482,COLMAR (AVENUE DE),48.55125,7.7428,Plein jour,En agglomération,Intersection en T,Normale,Deux véhicules - côté,4,1,3,1,1,1,1,0,1,50,,2,1,0,0,1,45.0,49.0,,,1,2,3,1,3
202100005495,2021-11-26 15:37:00,2021,11,26,15,37,66,66136,ABBE PIERRE,42.69054,2.87437,Plein jour,En agglomération,Hors intersection,Normale,Deux véhicules - côté,4,2,2,0,1,1,1,0,1,50,,2,1,0,0,1,33.0,32.0,,,1,2,1,1,3
202100005496,2021-11-29 07:55:00,2021,11,29,7,55,65,65417,MITTERRAND (AVENUE FRANCOIS),43.21802,0.10877,Plein jour,En agglomération,Hors intersection,Normale,Deux véhicules - frontale,3,2,2,0,1,1,7,2,1,70,,4,1,0,1,2,53.0,26.0,,,1,2,1,1,1
202100005497,2021-11-27 17:27:00,2021,11,27,17,27,63,63113,BREZET (AVENUE),45.77911,3.1253,Crépuscule ou aube,En agglomération,Hors intersection,Normale,Deux véhicules - côté,7,3,3,0,1,3,1,0,1,50,,2,1,0,0,1,16.0,35.0,,,2,2,1,1,3
202100005498,2021-11-27 12:19:00,2021,11,27,12,19,63,63075,BERTHELOT (BOULEVARD),45.78126,3.07074,Plein jour,En agglomération,Hors intersection,Normale,Autre collision,4,2,2,0,1,1,1,0,1,50,,2,1,0,0,1,80.0,,,,1,2,1,1,6
202100005499,2021-11-27 10:38:00,2021,11,27,10,38,63,63113,RENOUX (PLACE),45.77578,3.08547,Plein jour,En agglomération,Intersection en X,Normale,Deux véhicules - côté,4,2,4,0,1,1,1,0,1,50,,3,2,0,0,1,59.0,44.0,,,1,2,2,1,3
202100005500,2021-11-26 12:05:00,2021,11,26,12,5,62,62193,LAFAYETTE (BOULEVARD),50.94716,1.85594,Plein jour,En agglomération,Autre intersection,Temps couvert,Autre collision,4,2,1,0,1,1,2,0,1,50,,2,1,0,0,1,,,,,1,2,9,8,6
202100005501,2021-11-22 18:40:00,2021,11,22,18,40,60,60665,Avenue de l’Europe,49.408996,2.778855,Nuit avec éclairage allumé,Hors agglomération,Hors intersection,Pluie forte,Autre collision,4,2,2,0,1,1,2,0,1,50,,2,1,0,1,0,51.0,,,,5,1,1,3,6
202100005502,2021-11-29 13:55:00,2021,11,29,13,55,59,59350,CAMBRAI RUE DE N° IMPAIRS,50.62394,3.07836,Plein jour,En agglomération,Hors intersection,Normale,Deux véhicules - côté,4,2,2,1,1,1,1,0,1,50,,2,1,0,0,1,80.0,40.0,,,1,2,1,1,3
202100005503,2021-11-29 12:00:00,2021,11,29,12,0,59,59378,MARNE AVENUE DE LA,50.6762,3.10964,Plein jour,En agglomération,Hors intersection,Pluie légère,Autre collision,7,1,1,1,1,1,2,0,1,50,,1,0,0,0,1,33.0,,,,1,2,1,2,6
202100005504,2021-11-26 17:10:00,2021,11,26,17,10,59,59574,PASTEUR LOUIS (RUE),50.36042,3.28078,Nuit avec éclairage allumé,En agglomération,Hors intersection,Pluie forte,Deux véhicules - arrière,3,2,2,0,1,1,2,0,1,50,,2,1,0,1,0,16.0,24.0,,,5,2,1,3,2
202100005505,2021-11-24 16:50:00,2021,11,24,16,50,54,54580,Place Jeanne d’Arc,49.469435,5.930231,Crépuscule ou aube,En agglomération,Intersection en Y,Normale,Autre collision,4,1,1,0,1,1,1,0,1,30,,2,1,0,1,0,38.0,,,,2,2,4,1,6
202100005506,2021-11-29 17:45:00,2021,11,29,17,45,51,51454,Avenue de Laon,49.2771,4.016217,Nuit avec éclairage allumé,En agglomération,Hors intersection,Normale,Sans collision,3,2,2,0,1,1,1,0,1,50,,2,1,0,0,1,37.0,,,,5,2,1,1,7
202100005507,2021-11-29 20:05:00,2021,11,29,20,5,50,50218,VILLEDIEU LES POELES (ROUTE),48.8375,-1.53972,Nuit avec éclairage allumé,Hors agglomération,Hors intersection,Normale,Deux véhicules - arrière,3,2,2,0,1,1,2,0,1,80,,3,2,0,0,1,68.0,26.0,,,5,1,1,1,2
202100005508,2021-11-18 13:55:00,2021,11,18,13,55,43,43157,2 Avenue des Belges,45.04656,3.89228,Plein jour,En agglomération,Intersection en X,Normale,Autre collision,3,2,2,0,1,2,1,0,1,50,,2,1,0,0,1,59.0,,,,1,2,2,1,6
202100005509,2021-11-27 15:49:00,2021,11,27,15,49,38,38229,RN 87,45.2054310183,5.7838685811,Plein jour,Hors agglomération,Hors intersection,Brouillard / fumée,Autre collision,2,1,2,0,1,4,2,3,1,70,,2,0,0,2,0,19.0,,,,1,1,1,5,6
202100005510,2021-11-29 17:30:00,2021,11,29,17,30,35,35238,GAYEULLES (AVENUE DES),48.1309456465,-1.6520188898,Nuit sans éclairage public,En agglomération,Hors intersection,Normale,Deux véhicules - arrière,4,2,2,2,1,1,2,0,1,30,,2,1,0,0,1,6.0,19.0,,,3,2,1,1,2
202100005511,2021-11-29 18:20:00,2021,11,29,18,20,33,33281,YSER (AVE DE L),44.84188,-0.66332,Nuit avec éclairage allumé,En agglomération,Autre intersection,Normale,Autre collision,4,3,2,2,1,1,1,0,1,30,,2,1,0,0,1,43.0,,,,5,2,9,1,6
202100005512,2021-11-29 08:41:00,2021,11,29,8,41,30,30007,POTENCES (CHEMIN DES),44.148384,4.094334,Plein jour,En agglomération,Hors intersection,Normale,Deux véhicules - côté,4,2,2,0,1,1,1,0,1,50,,2,1,0,0,1,62.0,65.0,,,1,2,1,1,3
202100005513,2021-11-25 18:40:00,2021,11,25,18,40,28,28110,RN 123 (ROCADE),48.42487,1.51321,Nuit avec éclairage non allumé,En agglomération,Giratoire,Pluie légère,Trois véhicules et plus - en chaîne,2,1,4,0,1,1,2,0,1,110,,4,0,0,0,4,19.0,23.0,,,4,2,6,2,4
202100005514,2021-11-14 19:45:00,2021,11,14,19,45,26,26362,54 Rue Paul Bert,44.923423,4.892549,Nuit avec éclairage allumé,En agglomération,Hors intersection,Normale,Deux véhicules - arrière,4,1,1,0,1,1,1,0,1,50,,4,1,0,3,0,22.0,18.0,,,5,2,1,1,2
202100005515,2021-11-28 17:27:00,2021,11,28,17,27,14,14118,CLEMENCEAU (AVENUE GEORGES),49.18823,-0.3513,Nuit avec éclairage allumé,En agglomération,Hors intersection,Normale,Autre collision,4,2,4,0,1,1,1,0,6,50,,2,1,0,1,0,56.0,,,,5,2,1,1,6
202100005516,2021-11-28 16:45:00,2021,11,28,16,45,14,14167,VAILLANT (RUE EDOUARD),49.20223,-0.30545,Plein jour,En agglomération,Intersection en T,Normale,Deux véhicules - côté,3,2,2,0,1,3,1,0,1,50,,2,1,0,0,1,82.0,59.0,,,1,2,3,1,3
202100005517,2021-11-28 14:02:00,2021,11,28,14,2,14,14181,N814,49.15236,-0.3164,Plein jour,Hors agglomération,Autre intersection,Normale,Autre collision,2,1,2,0,1,1,1,0,3,90,,1,0,0,0,1,22.0,,,,1,1,9,1,6
202100005518,2021-11-29 17:59:00,2021,11,29,17,59,13,13117,PAGNOL ( BOULEVARD MARCEL PAGNOL ),43.4378,5.285,Nuit avec éclairage allumé,En agglomération,Hors intersection,Normale,Deux véhicules - arrière,7,2,2,0,1,1,1,9,1,50,,2,1,0,0,1,22.0,,,,5,2,1,1,2
202100005519,2021-11-30 01:20:00,2021,11,30,1,20,13,13216,ANDRÉ ROUSSIN (AVENUE),43.35314,5.33754,Nuit avec éclairage allumé,En agglomération,Hors intersection,Normale,Deux véhicules - côté,7,1,2,0,1,2,1,0,1,50,,1,0,0,1,0,26.0,,,,5,2,1,1,3
202100005520,2021-11-29 21:30:00,2021,11,29,21,30,13,13215,SAINT ANTOINE A SAINT JOSEPH (CHEMIN DE),43.3541,5.37128,Nuit avec éclairage allumé,En agglomération,Hors intersection,Normale,Deux véhicules - côté,4,3,4,0,1,1,1,0,1,50,,5,2,0,0,3,32.0,,,,5,2,1,1,3
202100005521,2021-11-29 19:15:00,2021,11,29,19,15,13,13208,TUNNEL PRADO SUD,43.27107,5.39207,Nuit avec éclairage allumé,En agglomération,Hors intersection,Normale,Autre collision,9,1,1,0,1,2,1,1,1,30,,1,0,0,0,1,18.0,,,,5,2,1,1,6
202100005522,2021-11-29 19:05:00,2021,11,29,19,5,13,13206,ROME (RUE DE),43.2899965656,5.3813427381,Nuit avec éclairage allumé,En agglomération,Intersection en T,Normale,Deux véhicules - côté,4,2,2,3,1,1,1,9,1,30,,3,2,0,0,1,25.0,29.0,,,5,2,3,1,3
202100005523,2021-11-29 18:15:00,2021,11,29,18,15,13,13211,SAINT MARCEL (BOULEVARD DE ),43.28864,5.45691,Crépuscule ou aube,En agglomération,Hors intersection,Normale,Deux véhicules - côté,7,2,2,0,1,1,1,0,1,50,,2,1,0,0,1,36.0,,,,2,2,1,1,3
202100005524,2021-11-29 09:26:00,2021,11,29,9,26,13,13214,GIBBES (CHEMIN DE),43.3243773624,5.3823505106,Plein jour,En agglomération,Hors intersection,Normale,Deux véhicules - arrière,4,3,0,0,1,1,1,0,1,50,,2,1,0,0,1,56.0,51.0,,,1,2,1,1,2
202100005525,2021-11-27 00:38:00,2021,11,27,0,38,13,13205,JEAN MOULIN (BOULEVARD),43.28743,5.40039,Nuit avec éclairage allumé,En agglomération,Hors intersection,Normale,Deux véhicules - frontale,7,3,5,0,1,3,1,0,1,50,,5,4,1,0,0,22.0,22.0,,,5,2,1,1,1
202100005526,2021-11-29 08:10:00,2021,11,29,8,10,06,06027,CANNES AVENUE DE (RN7),43.64841,7.13821,Plein jour,En agglomération,Hors intersection,Normale,Autre collision,7,2,3,0,1,1,1,0,1,50,,1,0,0,0,1,24.0,,,,1,2,1,1,6
202100005527,2021-11-26 21:10:00,2021,11,26,21,10,05,05061,EMBRUN ( AVENUE D'),44.56812,6.09877,Nuit avec éclairage allumé,En agglomération,Hors intersection,Normale,Deux véhicules - arrière,2,2,2,0,1,1,1,0,1,50,,3,2,0,0,1,22.0,37.0,,,5,2,1,1,2
202100005528,2021-11-25 09:15:00,2021,11,25,9,15,04,04112,RD 907,43.8408,5.74486,Plein jour,Hors agglomération,Hors intersection,Pluie légère,Sans collision,3,2,2,0,2,2,2,0,8,80,,1,0,0,0,1,23.0,,,,1,1,1,2,7
202100005529,2021-11-30 16:10:00,2021,11,30,16,10,75,75117,PORTE MAILLOT,48.881911,2.282727,Plein jour,En agglomération,Hors intersection,Normale,Deux véhicules - arrière,4,1,4,0,1,1,1,0,1,70,,2,1,0,0,1,23.0,28.0,,,1,2,1,1,2
202100005530,2021-11-30 17:25:00,2021,11,30,17,25,75,75106,RUE DE RENNES,48.848026,2.327871,Nuit avec éclairage allumé,En agglomération,Intersection en X,Normale,Autre collision,4,2,3,3,2,1,1,0,1,30,,2,1,0,0,1,55.0,,,,5,2,2,1,6
202100005531,2021-11-30 12:00:00,2021,11,30,12,0,75,75106,RUE DU FOUR,48.852705,2.333938,Plein jour,En agglomération,Intersection en Y,Normale,Autre collision,4,2,2,0,1,1,1,0,1,30,,2,1,0,0,1,27.0,,,,1,2,4,1,6
202100005532,2021-11-30 16:55:00,2021,11,30,16,55,75,75116,BOULEVARD SUCHET,48.852999,2.261902,Nuit avec éclairage allumé,En agglomération,Intersection en X,Normale,Deux véhicules - côté,4,2,4,0,1,1,1,0,1,50,,3,1,0,0,2,79.0,22.0,,,5,2,2,1,3
202100005533,2021-11-29 12:15:00,2021,11,29,12,15,75,75115,RUE LOUIS ARMAND,48.833392,2.277036,Plein jour,En agglomération,Place,Normale,Deux véhicules - arrière,4,1,4,0,1,1,1,0,1,50,,2,1,0,0,1,36.0,62.0,,,1,2,7,1,2
202100005534,2021-11-29 22:20:00,2021,11,29,22,20,75,75114,RUE JACQUIER,48.829247,2.319225,Nuit avec éclairage allumé,En agglomération,Intersection en T,Normale,Deux véhicules - côté,4,1,1,0,1,1,1,0,1,30,,6,5,0,0,1,25.0,22.0,,,5,2,3,1,3
202100005535,2021-11-30 17:10:00,2021,11,30,17,10,75,75113,RUE DE TOLBIAC,48.826181,2.357272,Nuit avec éclairage allumé,En agglomération,Intersection en X,Normale,Autre collision,4,2,3,3,1,1,1,0,1,30,,2,1,0,0,1,33.0,,,,5,2,2,1,6
202100005536,2021-11-30 11:15:00,2021,11,30,11,15,75,75113,QUAI D AUSTERLITZ,48.841005,2.369162,Plein jour,En agglomération,Hors intersection,Temps couvert,Deux véhicules - côté,4,2,5,1,1,1,1,0,5,30,,2,1,0,0,1,29.0,39.0,,,1,2,1,8,3
202100005537,2021-11-30 08:09:00,2021,11,30,8,9,75,75113,RUE DU CONVENTIONNEL CHIAPPE,48.818397,2.363583,Plein jour,En agglomération,Intersection en T,Temps couvert,Autre collision,4,1,1,0,1,1,2,0,1,30,,2,1,0,0,1,36.0,,,,1,2,3,8,6
202100005538,2021-11-30 12:10:00,2021,11,30,12,10,75,75111,RUE SAINT BERNARD,48.851166,2.381583,Plein jour,En agglomération,Intersection en T,Normale,Autre collision,4,2,2,0,1,1,1,0,1,30,,2,1,0,0,1,47.0,,,,1,2,3,1,6
202100005539,2021-11-30 18:00:00,2021,11,30,18,0,75,75110,RUE DU FAUBOURG SAINT MARTIN,48.873773,2.358311,Nuit avec éclairage allumé,En agglomération,Intersection en X,Normale,Autre collision,4,1,1,0,1,1,1,0,1,30,,2,1,0,0,1,24.0,,,,5,2,2,1,6
202100005540,2021-11-30 15:25:00,2021,11,30,15,25,75,75110,RUE DU BUISSON SAINT LOUIS,48.873622,2.375046,Plein jour,En agglomération,Intersection en X,Normale,Autre collision,4,1,1,0,1,1,1,0,1,30,,2,1,0,0,1,54.0,,,,1,2,2,1,6
202100005541,2021-11-30 16:10:00,2021,11,30,16,10,75,75101,PLACE VENDOME,48.86661,2.32857,Plein jour,En agglomération,Place,Temps couvert,Autre collision,4,1,2,0,1,1,1,6,1,30,,3,1,0,0,2,57.0,66.0,,,1,2,7,8,6
202100005542,2021-11-30 15:50:00,2021,11,30,15,50,75,75108,RUE DE ROME,48.878762,2.322241,Plein jour,En agglomération,Intersection en X,Normale,Deux véhicules - côté,4,2,2,0,2,1,1,0,1,30,,2,1,0,0,1,27.0,47.0,,,1,2,2,1,3
202100005543,2021-11-30 09:45:00,2021,11,30,9,45,75,75108,AVENUE DE FRIEDLAND,48.874236,2.299679,Plein jour,En agglomération,Intersection en Y,Temps couvert,Sans collision,4,2,4,0,2,1,2,0,1,30,,1,0,0,0,1,42.0,,,,1,2,4,8,7
202100005544,2021-11-30 06:36:00,2021,11,30,6,36,75,75108,AVENUE DES CHAMPS ELYSEES,48.87262,2.298801,Nuit avec éclairage allumé,En agglomération,Hors intersection,Normale,Deux véhicules - côté,4,2,8,0,2,1,2,0,1,30,,2,1,0,0,1,36.0,34.0,,,5,2,1,1,3
202100005545,2021-11-30 10:30:00,2021,11,30,10,30,75,75107,RUE DE LA LEGION D HONNEUR,48.86036,2.324889,Plein jour,En agglomération,Hors intersection,Temps couvert,Autre collision,4,1,1,0,2,1,2,6,1,20,,1,0,0,0,1,60.0,,,,1,2,1,8,6
202100005546,2021-11-30 16:25:00,2021,11,30,16,25,75,75104,RUE CHARLES V,48.852653,2.363333,Plein jour,En agglomération,Intersection en X,Temps couvert,Deux véhicules - côté,4,1,1,0,1,1,1,0,1,30,,3,2,0,0,1,39.0,25.0,,,1,2,2,8,3
202100005547,2021-11-30 10:15:00,2021,11,30,10,15,75,75101,PLACE DU CHATELET,48.857263,2.347154,Plein jour,En agglomération,Place,Temps couvert,Deux véhicules - côté,4,1,5,0,1,1,2,0,1,30,,2,1,0,0,1,53.0,33.0,,,1,2,7,8,3
202100005548,2021-11-25 18:50:00,2021,11,25,18,50,94,94080,Cours Marigny,48.845827,2.43986,Nuit avec éclairage allumé,En agglomération,Hors intersection,Temps couvert,Deux véhicules - côté,4,1,1,0,1,1,1,0,1,30,,2,1,0,0,1,48.0,21.0,,,5,2,1,8,3
202100005549,2021-11-29 23:00:00,2021,11,29,23,0,94,94068,ALSACE LORRAINE (R D),48.80294,2.48542,Nuit avec éclairage allumé,En agglomération,Hors intersection,Normale,Deux véhicules - arrière,3,1,1,0,1,1,1,9,1,30,,2,1,0,0,1,53.0,,,,5,2,1,1,2
202100005550,2021-11-29 07:32:00,2021,11,29,7,32,94,94068,Avenue Louis Blanc,48.79622,2.50027,Crépuscule ou aube,En agglomération,Intersection en X,Temps couvert,Deux véhicules - côté,3,2,2,0,1,1,2,0,1,30,,2,1,0,0,1,51.0,18.0,,,2,2,2,8,3
202100005551,2021-11-29 07:50:00,2021,11,29,7,50,94,94052,Avenue Georges Clémenceau,48.83585,2.47215,Nuit avec éclairage allumé,En agglomération,Hors intersection,Autre,Deux véhicules - côté,3,2,2,0,1,1,7,0,1,30,,2,1,0,0,1,49.0,29.0,,,5,2,1,9,3
202100005552,2021-11-30 17:35:00,2021,11,30,17,35,94,94046,Rue du 18 Juin 1940,48.80201,2.44154,Crépuscule ou aube,En agglomération,Hors intersection,Normale,Autre collision,4,1,1,0,1,1,1,0,1,30,,2,1,0,1,0,22.0,,,,2,2,1,1,6
202100005553,2021-11-30 17:55:00,2021,11,30,17,55,94,94041,Bd Paul Vaillant Couturier,48.82008,2.39567,Nuit avec éclairage allumé,En agglomération,Hors intersection,Temps couvert,Deux véhicules - arrière,3,1,0,0,1,1,1,0,1,50,,2,1,0,0,1,29.0,46.0,,,5,2,1,8,2
202100005554,2021-11-30 18:05:00,2021,11,30,18,5,94,94028,Av du Mal de Lattre de Tassigny,48.7963,2.45764,Nuit avec éclairage allumé,En agglomération,Intersection en X,Pluie légère,Deux véhicules - côté,3,2,4,0,1,1,2,0,1,50,,2,1,0,0,1,23.0,45.0,,,5,2,2,2,3
202100005555,2021-11-30 10:45:00,2021,11,30,10,45,94,94018,PARIS (R DE),48.82275,2.41177,Plein jour,En agglomération,Hors intersection,Temps couvert,Autre collision,3,2,4,2,1,1,2,0,5,30,,3,2,0,0,1,62.0,52.0,,,1,2,1,8,6