accident_id,datetime,annee,mois,jour,heure,minute,departement,commune_insee,adresse,latitude,longitude,luminosite,agglomeration,intersection,meteo,collision,catr,circ,nbv,vosp,prof,plan,surf,infra,situ,vma,nb_vehicules,nb_usagers,nb_indemnes,nb_tues,nb_blesses_hosp,nb_blesses_legers,age_cond_1,age_cond_2,veh_type_cond_1,veh_type_cond_2,lum_code,agg_code,int_code,atm_code,col_code
202100005556,2021-11-30 18:05:00,2021,11,30,18,5,94,94017,Boulevard de Stalingrad,48.82346,2.49679,Nuit avec éclairage allumé,En agglomération,Intersection en X,Normale,Autre collision,3,2,4,0,1,1,1,0,1,50,,2,1,0,1,0,39.0,,,,5,2,2,1,6
202100005557,2021-11-30 08:50:00,2021,11,30,8,50,94,94075,Allée des Tilleuls,48.72753,2.52558,Plein jour,En agglomération,Hors intersection,Normale,Autre collision,4,2,2,0,1,1,1,0,1,50,,2,1,0,0,1,22.0,,,,1,2,1,1,6
202100005558,2021-11-30 12:00:00,2021,11,30,12,0,93,93070,JULES-VALLES(RUE),48.9018694321,2.3386395503,Plein jour,En agglomération,Intersection en X,Normale,Deux véhicules - côté,4,1,1,0,1,1,1,0,1,50,,5,4,0,0,1,38.0,29.0,,,1,2,2,1,3
202100005559,2021-11-30 14:12:00,2021,11,30,14,12,93,93049,MEDERIC (RUE),48.868001832,2.5033396425,Plein jour,En agglomération,Intersection en X,Normale,Deux véhicules - côté,4,1,1,0,2,1,1,0,1,50,,3,2,0,0,1,56.0,34.0,,,1,2,2,1,3
202100005560,2021-11-30 08:30:00,2021,11,30,8,30,93,93006,PASTEUR AV.,48.876218,2.423086,Nuit avec éclairage allumé,En agglomération,Intersection en X,Pluie légère,Deux véhicules - côté,3,-1,1,0,1,1,2,0,1,50,,2,1,0,0,1,22.0,37.0,,,5,2,2,2,3
202100005561,2021-11-29 22:20:00,2021,11,29,22,20,93,93001,HENRI BARBUSSE (AVE) N°2-124,48.9104974772,2.3912175,Nuit sans éclairage public,En agglomération,Hors intersection,Normale,Deux véhicules - arrière,4,2,2,0,1,1,1,0,1,50,,3,1,0,1,1,23.0,62.0,,,3,2,1,1,2
202100005562,2021-11-30 07:55:00,2021,11,30,7,55,93,93014,GAGNY (ALLEE DE),48.90979,2.54977,Crépuscule ou aube,En agglomération,Hors intersection,Temps couvert,Autre collision,3,2,2,0,1,1,2,0,1,30,,2,1,0,0,1,48.0,,,,2,2,1,8,6
202100005563,2021-11-30 09:00:00,2021,11,30,9,0,93,93005,KLEBER (AVENUE),48.9427,2.49478,Plein jour,En agglomération,Intersection en T,Pluie légère,Deux véhicules - côté,4,1,2,0,1,1,2,0,1,50,,2,1,0,0,1,55.0,24.0,,,1,2,3,2,3
202100005564,2021-11-30 12:40:00,2021,11,30,12,40,92,92020,PARIS AVENUE DE N°84 A FIN,48.807642,2.294714,Plein jour,En agglomération,Hors intersection,Temps couvert,Autre collision,3,1,1,2,2,1,1,0,1,50,,2,1,0,0,1,25.0,,,,1,2,1,8,6
202100005565,2021-11-30 09:05:00,2021,11,30,9,5,92,92044,VIC. HUGO(RUE)115A149 ET 148A178,48.897771,2.294852,Plein jour,En agglomération,Hors intersection,Normale,Deux véhicules - côté,3,1,3,0,1,1,1,5,6,50,,2,1,0,0,1,57.0,25.0,,,1,2,1,1,3
202100005566,2021-11-30 13:30:00,2021,11,30,13,30,92,92036,GABRIEL PERI (AVENUE) (147/177),48.9267529572,2.2946378589,Plein jour,En agglomération,Intersection en X,Normale,Deux véhicules - côté,3,2,3,0,1,1,1,0,1,50,,2,1,0,1,0,38.0,13.0,,,1,2,2,1,3
202100005567,2021-11-30 18:40:00,2021,11,30,18,40,92,92026,BAUDIN,48.8965801503,2.2528517246,Nuit avec éclairage allumé,En agglomération,Hors intersection,Normale,Sans collision,3,2,2,1,1,1,1,0,1,50,,1,0,0,0,1,26.0,,,,5,2,1,1,7
202100005568,2021-11-30 10:14:00,2021,11,30,10,14,92,92026,RÉPUBLIQUE ( DE 82 A FIN ),48.9005674285,2.2484850883,Plein jour,En agglomération,Hors intersection,Temps couvert,Sans collision,3,1,1,0,1,1,2,9,8,30,,1,0,0,0,1,22.0,,,,1,2,1,8,7
202100005569,2021-11-30 08:45:00,2021,11,30,8,45,92,92026,COLOMBES,48.900534,2.256344,Plein jour,En agglomération,Autre intersection,Normale,Autre collision,3,2,2,0,1,1,1,6,1,50,,2,1,0,0,1,45.0,,,,1,2,9,1,6
202100005570,2021-11-30 10:10:00,2021,11,30,10,10,92,92071,GUESDE JULES (RUE),48.7826045965,2.281755209,Plein jour,En agglomération,Hors intersection,Normale,Deux véhicules - côté,3,2,4,0,2,1,1,0,1,30,,2,1,0,0,1,14.0,35.0,,,1,2,1,1,3
202100005571,2021-11-30 22:20:00,2021,11,30,22,20,92,92012,MARECHAL DE LATTRE DE TASSIGNY (AVENUE),48.8408346577,2.2272902727,Nuit avec éclairage allumé,En agglomération,Hors intersection,Normale,Deux véhicules - arrière,3,3,3,2,1,1,1,0,1,50,,2,1,0,0,1,,33.0,,,5,2,1,1,2
202100005572,2021-11-29 18:00:00,2021,11,29,18,0,92,92012,JEAN JAURES (BOULEVARD) 63/215 - 70/208,48.833464589,2.2436329722,Nuit avec éclairage allumé,En agglomération,Giratoire,Normale,Autre collision,3,1,1,0,1,1,1,0,8,50,,2,1,0,0,1,,,,,5,2,6,1,6
202100005573,2021-11-30 18:00:00,2021,11,30,18,0,65,65304,Rue Darricau,43.469027,0.034654,Nuit avec éclairage allumé,En agglomération,Hors intersection,Normale,Deux véhicules - frontale,3,2,2,0,1,1,1,0,1,50,,2,1,0,0,1,13.0,33.0,,,5,2,1,1,1
202100005574,2021-11-25 09:15:00,2021,11,25,9,15,45,45092,D2060,47.986175,2.63976,Plein jour,Hors agglomération,Autre intersection,Normale,Deux véhicules - côté,3,3,4,0,1,2,2,3,1,110,,2,1,0,1,0,48.0,74.0,,,1,1,9,1,3
202100005575,2021-11-24 16:05:00,2021,11,24,16,5,40,40065,Boulevard des Cigales,43.640644,-1.425655,Plein jour,En agglomération,Hors intersection,Normale,Autre collision,4,3,2,0,1,1,2,0,6,50,,2,1,0,1,0,81.0,,,,1,2,1,1,6
202100005576,2021-11-24 11:10:00,2021,11,24,11,10,40,40065,Boulevard des Cigales,43.640644,-1.425655,Plein jour,En agglomération,Autre intersection,Normale,Autre collision,4,3,2,0,1,1,1,9,6,50,,2,1,0,1,0,43.0,,,,1,2,9,1,6
202100005577,2021-11-30 20:15:00,2021,11,30,20,15,31,31446,70 Avenue Tolosane,43.544615,1.476384,Nuit avec éclairage allumé,En agglomération,Hors intersection,Brouillard / fumée,Autre collision,3,2,2,0,1,1,1,0,1,50,,2,1,0,1,0,19.0,,,,5,2,1,5,6
202100005578,2021-12-01 04:15:00,2021,12,1,4,15,67,67302,D421,48.743017,7.40515,Nuit sans éclairage public,Hors agglomération,Hors intersection,Normale,Deux véhicules - frontale,3,2,2,0,1,1,2,0,1,80,,3,2,1,0,0,34.0,25.0,,,3,1,1,1,1
202100005579,2021-11-30 17:55:00,2021,11,30,17,55,06,06064,1019 Route de la Baronne,43.760518,7.190949,Nuit avec éclairage allumé,En agglomération,Intersection en T,Normale,Deux véhicules - côté,7,2,2,0,1,1,1,0,1,50,,2,1,0,0,1,38.0,23.0,,,5,2,3,1,3
202100005580,2021-12-01 06:20:00,2021,12,1,6,20,42,42283,Route des Vignes,45.548949,4.547557,Nuit sans éclairage public,En agglomération,Hors intersection,Normale,Deux véhicules - frontale,7,-1,2,0,2,3,7,0,1,50,,2,0,0,1,1,44.0,42.0,,,3,2,1,1,1
202100005581,2021-11-30 19:45:00,2021,11,30,19,45,85,85109,rue du petit lay,46.823636,-0.999744,Nuit sans éclairage public,Hors agglomération,Hors intersection,Normale,Sans collision,4,2,2,0,2,1,2,0,3,50,,1,0,0,1,0,40.0,,,,3,1,1,1,7
202100005582,2021-11-30 17:00:00,2021,11,30,17,0,22,22305,La Ville Jacquelot,48.261738,-2.174205,Plein jour,Hors agglomération,Intersection en X,Temps couvert,Deux véhicules - côté,4,2,2,0,2,1,1,0,1,80,,4,1,0,1,2,33.0,41.0,,,1,1,2,8,3
202100005583,2021-12-01 08:00:00,2021,12,1,8,0,41,41149,Rue Ronsard,47.752295,0.860549,Nuit avec éclairage non allumé,En agglomération,Hors intersection,Pluie légère,Autre collision,3,2,2,0,1,1,2,0,1,50,,2,1,0,1,0,29.0,,,,4,2,1,2,6
202100005584,2021-11-30 02:00:00,2021,11,30,2,0,95,95527,Allée du verger,49.0015572922,2.5195619325,Nuit avec éclairage allumé,En agglomération,Hors intersection,Pluie légère,Deux véhicules - frontale,4,2,2,0,2,1,2,0,1,50,,2,1,0,0,1,,18.0,,,5,2,1,2,1
202100005585,2021-11-29 15:15:00,2021,11,29,15,15,56,56110,le huern l,48.035623,-3.250832,Plein jour,Hors agglomération,Hors intersection,Normale,Sans collision,3,2,2,0,1,1,1,0,1,80,,1,0,1,0,0,68.0,,,,1,1,1,1,7
202100005586,2021-10-25 10:00:00,2021,10,25,10,0,56,56184,Pont de Serguin,47.659467,-2.428208,Plein jour,Hors agglomération,Hors intersection,Pluie légère,Autre collision,3,2,2,0,1,1,2,2,1,80,,1,0,0,1,0,62.0,,,,1,1,1,2,6
202100005587,2021-12-01 19:00:00,2021,12,1,19,0,79,79007,,46.577407,-0.415624,Nuit sans éclairage public,Hors agglomération,Intersection en X,Normale,Sans collision,3,2,2,0,2,1,1,0,1,80,,2,1,1,0,0,66.0,,,,3,1,2,1,7
202100005588,2021-12-01 08:25:00,2021,12,1,8,25,71,71351,120 Route de Chalon,46.882983,5.237607,Plein jour,Hors agglomération,Hors intersection,Normale,Deux véhicules - côté,3,2,2,0,1,1,1,0,1,80,,2,1,0,1,0,16.0,29.0,,,1,1,1,1,3
202100005589,2021-12-01 08:00:00,2021,12,1,8,0,76,76442,d58,49.9941453646,1.4714089036,Crépuscule ou aube,Hors agglomération,Intersection en Y,Pluie légère,Deux véhicules - côté,3,2,2,0,1,2,2,0,1,80,,2,1,0,0,1,18.0,21.0,,,2,1,4,2,3
202100005590,2021-12-01 06:40:00,2021,12,1,6,40,47,47065,D911,44.371677,0.355704,Crépuscule ou aube,Hors agglomération,Hors intersection,Temps couvert,Autre collision,3,2,2,0,2,3,2,8,1,80,,1,0,0,1,0,27.0,,,,2,1,1,8,6
202100005591,2021-12-01 10:00:00,2021,12,1,10,0,03,03254,83 Boulevard Ledru Rollin,46.309614,3.288841,Plein jour,En agglomération,Autre intersection,Pluie légère,Autre collision,3,2,2,0,1,1,2,0,1,50,,2,1,0,1,0,46.0,,,,1,2,9,2,6
202100005592,2021-11-30 20:05:00,2021,11,30,20,5,58,58178,Croisement RD 10 et Pron,46.932166,3.668444,Nuit sans éclairage public,Hors agglomération,Hors intersection,Temps couvert,Sans collision,3,2,2,0,1,1,1,0,3,80,,1,0,1,0,0,60.0,,,,3,1,1,8,7
202100005593,2021-11-30 16:30:00,2021,11,30,16,30,66,66106,D 900 - LIEU DIT SAINT MARTIN DE FENOLLARD,42.502011,2.822896,Plein jour,Hors agglomération,Intersection en T,Normale,Deux véhicules - arrière,3,2,2,0,2,3,1,0,1,80,,2,1,0,1,0,64.0,59.0,,,1,1,3,1,2
202100005594,2021-11-30 15:10:00,2021,11,30,15,10,66,66015,CD 40,42.562493,2.871993,Plein jour,Hors agglomération,Hors intersection,Normale,Sans collision,3,2,2,0,1,1,1,0,8,80,,1,0,1,0,0,62.0,,,,1,1,1,1,7
202100005595,2021-11-30 17:20:00,2021,11,30,17,20,14,14342,2 Rue des Religieuses,49.318374,-1.101792,Nuit avec éclairage allumé,En agglomération,Hors intersection,Pluie légère,Autre collision,4,1,2,0,1,1,2,6,1,30,,2,1,0,1,0,76.0,,,,5,2,1,2,6
202100005596,2021-11-30 17:58:00,2021,11,30,17,58,60,60178,Avenue du Château,49.607213,2.077215,Nuit avec éclairage allumé,En agglomération,Intersection en X,Pluie légère,Autre collision,3,2,2,0,1,1,2,0,1,50,,2,1,0,0,1,22.0,,,,5,2,2,2,6
202100005597,2021-11-29 13:20:00,2021,11,29,13,20,07,07240,D86,44.847416,4.821079,Plein jour,Hors agglomération,Giratoire,Normale,Deux véhicules - côté,3,1,1,0,2,1,1,0,1,50,,2,1,0,0,1,50.0,54.0,,,1,1,6,1,3
202100005598,2021-12-01 12:15:00,2021,12,1,12,15,53,53126,Rue des Vilaines,48.362307,-0.99717,Plein jour,En agglomération,Intersection en X,Pluie légère,Deux véhicules - côté,3,2,2,0,1,1,2,0,1,50,,2,1,0,1,0,23.0,86.0,,,1,2,2,2,3
202100005599,2021-12-01 11:28:00,2021,12,1,11,28,52,52250,CARREFOUR RUE DE LA GENEVROYE ET SAINT-EXUPÉRY,48.441835,5.151869,Plein jour,En agglomération,Intersection en X,Pluie forte,Deux véhicules - côté,4,2,2,0,2,1,2,0,8,50,,2,1,1,0,0,13.0,28.0,,,1,2,2,3,3
202100005600,2021-11-30 18:19:00,2021,11,30,18,19,08,08363,Avenue Danton,49.938665,4.641042,Nuit avec éclairage allumé,En agglomération,Hors intersection,Pluie légère,Autre collision,3,2,2,0,1,1,2,0,1,50,,2,1,0,0,1,21.0,,,,5,2,1,2,6
202100005601,2021-11-30 17:30:00,2021,11,30,17,30,35,35210,route nationale 12,48.149052,-1.792274,Crépuscule ou aube,Hors agglomération,Hors intersection,Normale,Trois véhicules et plus - en chaîne,2,3,4,0,1,1,1,0,1,110,,4,3,0,1,0,67.0,60.0,,,2,1,1,1,4
202100005602,2021-11-29 12:40:00,2021,11,29,12,40,33,33284,"A63, PK 24",44.642338,-0.840712,Plein jour,Hors agglomération,Hors intersection,Normale,Deux véhicules - arrière,1,3,4,0,1,1,1,0,1,130,,2,1,0,0,1,41.0,42.0,,,1,1,1,1,2
202100005603,2021-11-29 21:26:00,2021,11,29,21,26,83,83140,A8,43.433406,5.935004,Nuit sans éclairage public,Hors agglomération,Hors intersection,Normale,Trois véhicules et plus - collisions multiples,1,3,3,0,1,1,1,0,5,130,,4,2,0,0,2,47.0,,,,3,1,1,1,5
202100005604,2021-11-30 16:10:00,2021,11,30,16,10,41,41252,Le Moulin de Ruabourg,47.667107,1.47602,Crépuscule ou aube,Hors agglomération,Hors intersection,Normale,Deux véhicules - frontale,4,2,2,0,1,3,1,0,1,50,,2,1,0,1,0,42.0,17.0,,,2,1,1,1,1
202100005605,2021-06-10 16:50:00,2021,6,10,16,50,84,84054,Cours René Char,43.911111,5.056157,Plein jour,En agglomération,Giratoire,Normale,Deux véhicules - côté,4,2,1,0,1,2,1,0,1,30,,2,1,0,1,0,65.0,88.0,,,1,2,6,1,3
202100005606,2021-11-27 17:20:00,2021,11,27,17,20,06,06015,Route des Escaillouns,43.828087,7.347182,Nuit sans éclairage public,Hors agglomération,Hors intersection,Normale,Deux véhicules - frontale,3,2,2,0,2,2,1,0,1,80,,5,0,0,0,5,38.0,60.0,,,3,1,1,1,1
202100005607,2021-11-30 18:20:00,2021,11,30,18,20,57,57663,Rue de Metz,49.22739,6.167021,Nuit avec éclairage allumé,En agglomération,Hors intersection,Pluie légère,Autre collision,3,2,2,0,1,1,2,0,1,50,,2,1,0,0,1,25.0,,,,5,2,1,2,6
202100005608,2021-11-29 08:25:00,2021,11,29,8,25,33,33003,Chemin de la Palue de Sabarèges,44.92839,-0.51195,Plein jour,En agglomération,Hors intersection,Pluie forte,Autre collision,4,2,2,0,1,3,2,0,1,10,,2,1,0,1,0,58.0,,,,1,2,1,3,6
202100005609,2021-11-30 22:30:00,2021,11,30,22,30,49,49332,N 249 pk 21+400,47.07455,-0.943923,Nuit sans éclairage public,Hors agglomération,Hors intersection,Temps couvert,Deux véhicules - arrière,2,3,4,0,2,3,1,0,1,110,,2,1,1,0,0,40.0,62.0,,,3,1,1,8,2
202100005610,2021-12-01 09:50:00,2021,12,1,9,50,60,60170,D1330,49.220033,2.551066,Plein jour,Hors agglomération,Hors intersection,Pluie forte,Deux véhicules - arrière,3,3,4,0,1,1,2,0,1,70,,2,1,0,0,1,36.0,39.0,,,1,1,1,3,2
202100005611,2021-12-01 18:23:00,2021,12,1,18,23,60,60409,D200,49.286843,2.469027,Nuit sans éclairage public,Hors agglomération,Hors intersection,Normale,Trois véhicules et plus - en chaîne,3,2,2,0,2,2,2,2,1,70,,6,5,0,0,1,43.0,27.0,,,3,1,1,1,4
202100005612,2021-11-30 07:30:00,2021,11,30,7,30,59,59357,Rue de Bavay,50.292281,3.850856,Nuit avec éclairage allumé,En agglomération,Hors intersection,Pluie forte,Autre collision,3,2,2,0,1,1,2,0,1,-1,,2,1,0,0,1,59.0,,,,5,2,1,3,6
202100005613,2021-11-29 17:55:00,2021,11,29,17,55,13,13005,A50-Sens Aubagne vers Marseille,43.28903,5.55021,Nuit sans éclairage public,Hors agglomération,Hors intersection,Normale,Trois véhicules et plus - en chaîne,1,1,3,0,1,1,1,0,1,90,,5,3,0,0,2,53.0,61.0,,,3,1,1,1,4
202100005614,2021-11-30 07:00:00,2021,11,30,7,0,13,13215,A7-Sens Marseille vers Lyon,43.35513,5.36386,Nuit sans éclairage public,Hors agglomération,Hors intersection,Normale,Trois véhicules et plus - en chaîne,1,1,3,0,1,1,1,0,1,90,,3,1,0,0,2,23.0,39.0,,,3,1,1,1,4
202100005615,2021-11-29 21:15:00,2021,11,29,21,15,13,13106,A7-Sens Lyon vers Marseille,43.3908634045,5.3510057299,Nuit sans éclairage public,Hors agglomération,Hors intersection,Normale,Deux véhicules - arrière,1,1,1,0,3,3,1,3,1,50,,2,1,0,0,1,,36.0,,,3,1,1,1,2
202100005616,2021-11-30 18:30:00,2021,11,30,18,30,69,69256,A42     0.560 A 4.020,45.80346,4.92634,Nuit sans éclairage public,Hors agglomération,Hors intersection,Normale,Trois véhicules et plus - en chaîne,1,4,6,0,1,2,1,0,1,70,,4,2,0,1,1,42.0,30.0,,,3,1,1,1,4
202100005617,2021-11-20 20:24:00,2021,11,20,20,24,69,69199,A7   7.000 A 8.630,45.68589,4.84685,Nuit sans éclairage public,Hors agglomération,Hors intersection,Normale,Trois véhicules et plus - collisions multiples,1,3,6,0,1,1,1,0,1,70,,9,6,0,0,3,21.0,35.0,,,3,1,1,1,5
202100005618,2021-11-29 05:15:00,2021,11,29,5,15,42,42186,A47,45.54051,4.64292,Nuit sans éclairage public,Hors agglomération,Hors intersection,Normale,Autre collision,1,1,4,0,1,1,2,3,1,90,,2,0,0,0,2,28.0,,,,3,1,1,1,6
202100005619,2021-11-30 19:30:00,2021,11,30,19,30,94,94076,AUTOROUTE A6B,48.79202,2.3447,Nuit sans éclairage public,Hors agglomération,Hors intersection,Temps couvert,Deux véhicules - arrière,1,1,3,0,1,1,1,0,1,90,,2,1,0,0,1,26.0,54.0,,,3,1,1,8,2
202100005620,2021-11-30 17:40:00,2021,11,30,17,40,94,94038,AUTOROUTE A6B,48.7747980569,2.3456436183,Crépuscule ou aube,Hors agglomération,Hors intersection,Normale,Trois véhicules et plus - en chaîne,1,3,12,0,1,1,1,0,1,90,,4,3,0,0,1,19.0,28.0,,,2,1,1,1,4
202100005621,2021-11-30 08:46:00,2021,11,30,8,46,91,91687,AUTOROUTE A6,48.6615,2.37,Plein jour,Hors agglomération,Hors intersection,Temps couvert,Deux véhicules - côté,1,-1,3,0,1,1,2,0,1,90,,2,1,0,0,1,49.0,47.0,,,1,1,1,8,3
202100005622,2021-11-30 08:30:00,2021,11,30,8,30,78,78640,N118,48.781834,2.223067,Crépuscule ou aube,Hors agglomération,Hors intersection,Pluie légère,Sans collision,2,-1,2,0,1,1,2,0,1,90,,1,0,0,0,1,20.0,,,,2,1,1,2,7
202100005623,2021-11-30 19:20:00,2021,11,30,19,20,95,95607,A115,49.0134326151,2.2196245193,Nuit sans éclairage public,Hors agglomération,Hors intersection,Pluie légère,Trois véhicules et plus - en chaîne,1,3,4,0,1,1,2,0,1,110,,4,2,0,0,2,38.0,51.0,,,3,1,1,2,4
202100005624,2021-11-29 23:00:00,2021,11,29,23,0,92,92036,AUTOROUTE A15,48.9407403854,2.2929114253,Nuit sans éclairage public,Hors agglomération,Autre intersection,Normale,Deux véhicules - côté,1,3,2,0,1,1,1,0,1,90,,2,1,0,0,1,31.0,29.0,,,3,1,9,1,3
202100005625,2021-12-02 08:45:00,2021,12,2,8,45,94,94069,A4,48.8173765731,2.4288368225,Crépuscule ou aube,Hors agglomération,Hors intersection,Normale,Deux véhicules - arrière,1,3,5,0,1,1,1,0,1,90,,2,1,0,0,1,31.0,57.0,,,2,1,1,1,2
202100005626,2021-11-30 17:30:00,2021,11,30,17,30,93,93051,A4,48.8360128507,2.5598984957,Nuit sans éclairage public,Hors agglomération,Hors intersection,Normale,Trois véhicules et plus - en chaîne,1,3,4,0,1,1,1,0,1,110,,4,3,0,0,1,47.0,34.0,,,3,1,1,1,4
202100005627,2021-11-30 08:15:00,2021,11,30,8,15,94,94081,A86 EXT,48.7748852037,2.4115766055,Crépuscule ou aube,Hors agglomération,Hors intersection,Temps couvert,Deux véhicules - arrière,1,-1,8,0,1,1,1,0,1,90,,2,1,0,0,1,33.0,23.0,,,2,1,1,8,2
202100005628,2021-11-29 18:30:00,2021,11,29,18,30,77,77372,A104,48.8769189703,2.6687860297,Nuit sans éclairage public,Hors agglomération,Hors intersection,Normale,Trois véhicules et plus - en chaîne,1,1,3,0,2,1,1,0,1,90,,3,1,0,0,2,35.0,37.0,,,3,1,1,1,4
202100005629,2021-08-29 16:35:00,2021,8,29,16,35,14,14203,d49,49.2371171,-0.080539,Plein jour,Hors agglomération,Hors intersection,Normale,Sans collision,3,2,2,0,1,2,1,0,3,80,,1,0,0,0,1,19.0,,,,1,1,1,1,7
202100005630,2021-11-29 07:20:00,2021,11,29,7,20,93,93078,FERRY (AVENUE JULES),48.9525399066,2.5349987764,Nuit avec éclairage allumé,En agglomération,Intersection en X,Normale,Deux véhicules - côté,4,1,1,0,1,1,1,0,1,50,,2,1,0,0,1,21.0,21.0,,,5,2,2,1,3
202100005631,2021-09-05 02:08:00,2021,9,5,2,8,75,75118,AVENUE DE LA PORTE DE LA CHAPELLE,48.899511,2.359435,Nuit avec éclairage non allumé,En agglomération,Intersection en Y,Normale,Autre collision,4,3,3,0,1,1,2,0,1,30,,3,2,1,0,0,29.0,,,,4,2,4,1,6
202100005632,2021-09-07 23:35:00,2021,9,7,23,35,92,92024,GUSTAVE EIFFEL (RUE),48.902987,2.291594,Nuit avec éclairage allumé,En agglomération,Hors intersection,Normale,Sans collision,4,1,1,0,1,1,1,0,1,30,,1,0,1,0,0,45.0,,,,5,2,1,1,7
202100005633,2021-11-29 16:50:00,2021,11,29,16,50,75,75117,PORTE D ASNIERES,48.889591,2.297417,Crépuscule ou aube,En agglomération,Hors intersection,Normale,Sans collision,4,1,4,0,1,1,1,0,1,70,,1,0,0,0,1,42.0,,,,2,2,1,1,7
202100005634,2021-11-28 02:11:00,2021,11,28,2,11,75,75105,AVENUE DES GOBELINS,48.836795,2.351911,Nuit avec éclairage allumé,En agglomération,Intersection à plus de 4 branches,Pluie légère,Autre collision,4,2,4,0,1,1,2,0,1,50,,1,0,0,1,0,19.0,,,,5,2,5,2,6
202100005635,2021-11-29 09:10:00,2021,11,29,9,10,75,75105,RUE GAY LUSSAC,48.84338,2.342505,Plein jour,En agglomération,Hors intersection,Normale,Deux véhicules - côté,4,2,2,0,1,1,1,0,1,30,,2,1,0,0,1,55.0,29.0,,,1,2,1,1,3
202100005636,2021-11-29 18:40:00,2021,11,29,18,40,75,75119,RUE CURIAL,48.889965,2.371593,Nuit avec éclairage allumé,En agglomération,Hors intersection,Normale,Sans collision,4,1,0,0,1,1,9,0,5,30,,1,0,0,0,1,30.0,,,,5,2,1,1,7
202100005637,2021-11-29 16:40:00,2021,11,29,16,40,75,75119,AVENUE DE FLANDRE,48.890562,2.375871,Crépuscule ou aube,En agglomération,Intersection en X,Normale,Autre collision,4,1,2,0,1,1,1,0,1,30,,2,1,0,0,1,,,,,2,2,2,1,6
202100005638,2021-11-29 12:15:00,2021,11,29,12,15,75,75118,BOULEVARD DE LA CHAPELLE,48.884298,2.355483,Plein jour,En agglomération,Intersection en Y,Normale,Deux véhicules - côté,4,1,3,1,2,1,1,0,1,30,,2,1,0,0,1,27.0,25.0,,,1,2,4,1,3
202100005639,2021-11-29 11:45:00,2021,11,29,11,45,75,75118,RUE SIMART,48.891275,2.347368,Plein jour,En agglomération,Intersection en Y,Normale,Autre collision,4,1,1,1,1,1,1,0,5,30,,2,1,0,0,1,23.0,,,,1,2,4,1,6
202100005640,2021-11-29 07:58:00,2021,11,29,7,58,75,75108,AVENUE DES CHAMPS ELYSEES,48.871075,2.303532,Crépuscule ou aube,En agglomération,Intersection en T,Normale,Deux véhicules - côté,4,2,8,1,1,1,1,0,5,30,,2,1,0,0,1,33.0,48.0,,,2,2,3,1,3
202100005641,2021-11-28 21:10:00,2021,11,28,21,10,75,75116,RUE DE LA FAISANDERIE,48.868147,2.275524,Nuit avec éclairage allumé,En agglomération,Intersection en X,Normale,Deux véhicules - côté,4,1,1,0,1,1,1,0,1,30,,2,1,0,0,1,24.0,63.0,,,5,2,2,1,3
202100005642,2021-11-29 19:35:00,2021,11,29,19,35,75,75115,QUAI ANDRE CITROEN,48.846077,2.276922,Nuit avec éclairage allumé,En agglomération,Intersection en X,Normale,Deux véhicules - côté,4,2,3,1,1,1,1,0,5,30,,2,1,0,0,1,37.0,19.0,,,5,2,2,1,3
202100005643,2021-11-29 11:10:00,2021,11,29,11,10,75,75113,BOULEVARD DU GENERAL JEAN SIMON,48.82683,2.384839,Plein jour,En agglomération,Hors intersection,Normale,Deux véhicules - côté,4,1,2,0,1,1,1,0,1,30,,3,2,0,0,1,19.0,48.0,,,1,2,1,1,3
202100005644,2021-11-29 08:15:00,2021,11,29,8,15,75,75113,RUE COYPEL,48.833186,2.354376,Plein jour,En agglomération,Intersection en T,Normale,Deux véhicules - côté,4,1,1,0,1,1,1,6,1,30,,2,1,0,0,1,14.0,44.0,,,1,2,3,1,3
202100005645,2021-11-28 17:52:00,2021,11,28,17,52,75,75113,AVENUE PIERRE DE COUBERTIN,48.8161308469,2.3442131281,Nuit avec éclairage allumé,En agglomération,Place,Pluie légère,Deux véhicules - côté,4,1,2,0,1,2,2,0,1,30,,2,1,0,0,1,38.0,38.0,,,5,2,7,2,3
202100005646,2021-11-28 22:45:00,2021,11,28,22,45,75,75112,AVENUE DAUMESNIL,48.8367,2.403489,Nuit avec éclairage allumé,En agglomération,Intersection en X,Normale,Deux véhicules - côté,4,2,4,1,2,1,1,0,1,30,,2,1,0,0,1,24.0,,,,5,2,2,1,3
202100005647,2021-11-29 08:10:00,2021,11,29,8,10,75,75110,RUE ALIBERT,48.871739,2.367918,Plein jour,En agglomération,Intersection à plus de 4 branches,Normale,Deux véhicules - côté,4,2,1,0,2,1,1,0,1,30,,2,1,0,0,1,23.0,30.0,,,1,2,5,1,3
202100005648,2021-11-29 15:00:00,2021,11,29,15,0,75,75109,BOULEVARD DE CLICHY,48.884202,2.330423,Plein jour,En agglomération,Hors intersection,Normale,Deux véhicules - côté,4,1,2,3,1,1,1,0,6,30,,2,1,0,0,1,19.0,25.0,,,1,2,1,1,3