accident_id,datetime,annee,mois,jour,heure,minute,departement,commune_insee,adresse,latitude,longitude,luminosite,agglomeration,intersection,meteo,collision,catr,circ,nbv,vosp,prof,plan,surf,infra,situ,vma,nb_vehicules,nb_usagers,nb_indemnes,nb_tues,nb_blesses_hosp,nb_blesses_legers,age_cond_1,age_cond_2,veh_type_cond_1,veh_type_cond_2,lum_code,agg_code,int_code,atm_code,col_code
202100005649,2021-11-29 14:20:00,2021,11,29,14,20,75,75108,RUE LA BOETIE,48.871872,2.308393,Plein jour,En agglomération,Hors intersection,Normale,Deux véhicules - côté,4,1,1,0,1,1,1,0,1,30,,2,1,0,0,1,47.0,47.0,,,1,2,1,1,3
202100005650,2021-11-29 06:36:00,2021,11,29,6,36,75,75108,RUE FRANCOIS 1ER,48.868646,2.303701,Nuit avec éclairage allumé,En agglomération,Intersection en X,Normale,Autre collision,4,1,2,2,2,1,1,0,1,30,,2,1,0,1,0,24.0,,,,5,2,2,1,6
202100005651,2021-11-29 08:10:00,2021,11,29,8,10,75,75107,RUE SAINT DOMINIQUE,48.859965,2.314838,Plein jour,En agglomération,Intersection en X,Normale,Deux véhicules - côté,4,1,1,2,1,1,1,0,5,30,,2,1,0,0,1,21.0,43.0,,,1,2,2,1,3
202100005652,2021-11-28 21:55:00,2021,11,28,21,55,75,75101,BOULEVARD DE LA MADELEINE,48.869729,2.326502,Nuit avec éclairage allumé,En agglomération,Intersection en T,Normale,Autre collision,4,2,3,3,1,1,1,0,1,30,,2,1,0,0,1,,,,,5,2,3,1,6
202100005653,2021-11-27 21:35:00,2021,11,27,21,35,94,94080,LAITIERES (R DES),48.84697,2.42157,Nuit avec éclairage allumé,En agglomération,Intersection en Y,Pluie légère,Deux véhicules - côté,3,1,1,2,1,1,2,0,1,50,,2,1,0,0,1,29.0,,,,5,2,4,2,3
202100005654,2021-11-28 03:20:00,2021,11,28,3,20,94,94068,Boulevard du Général Giraud,48.79154,2.48232,Nuit avec éclairage allumé,En agglomération,Hors intersection,Pluie légère,Autre collision,4,1,1,0,1,1,2,0,1,30,,1,0,0,0,1,22.0,,,,5,2,1,2,6
202100005655,2021-11-29 08:38:00,2021,11,29,8,38,94,94046,Rue Eugène Renault,48.815,2.419,Plein jour,En agglomération,Hors intersection,Normale,Deux véhicules - arrière,3,2,2,0,1,1,1,0,1,50,,2,1,0,0,1,56.0,49.0,,,1,2,1,1,2
202100005656,2021-11-29 20:50:00,2021,11,29,20,50,94,94065,RN 186,48.75477,2.34647,Nuit sans éclairage public,Hors agglomération,Autre intersection,Normale,Deux véhicules - côté,2,1,0,0,1,1,1,9,8,70,,3,2,0,0,1,21.0,34.0,,,3,1,9,1,3
202100005657,2021-11-29 20:10:00,2021,11,29,20,10,94,94021,Rue des Ecoles,48.77123,2.3466,Nuit avec éclairage allumé,En agglomération,Autre intersection,Normale,Sans collision,4,-1,2,0,1,1,1,0,1,50,,2,1,0,0,1,53.0,,,,5,2,9,1,7
202100005658,2021-11-29 08:00:00,2021,11,29,8,0,94,94021,Avenue de Stalingrad,48.775489,2.367585,Plein jour,En agglomération,Hors intersection,Normale,Deux véhicules - arrière,3,1,1,0,1,1,1,0,1,50,,2,1,0,0,1,24.0,24.0,,,1,2,1,1,2
202100005659,2021-11-29 15:15:00,2021,11,29,15,15,94,94054,avenue de l'Aerodrome,48.74274,2.4002,Plein jour,En agglomération,Intersection en T,Normale,Autre collision,4,2,2,2,2,1,1,0,1,30,,2,1,0,0,1,71.0,,,,1,2,3,1,6
202100005660,2021-11-28 22:35:00,2021,11,28,22,35,94,94079,Boulevard Georges Méliès,48.83455,2.53523,Nuit sans éclairage public,En agglomération,Hors intersection,Normale,Autre collision,3,2,4,0,1,1,1,0,1,50,,1,0,0,0,1,48.0,,,,3,2,1,1,6
202100005661,2021-11-29 12:00:00,2021,11,29,12,0,94,94017,Rue Dupertuis,48.8141,2.51044,Plein jour,En agglomération,Hors intersection,Normale,Autre collision,3,1,2,0,1,1,1,0,1,50,,2,1,0,1,0,48.0,,,,1,2,1,1,6
202100005662,2021-11-29 13:10:00,2021,11,29,13,10,94,94075,Rue de Mandres,48.71208,2.53889,Plein jour,En agglomération,Autre intersection,Temps couvert,Sans collision,3,1,2,0,1,2,1,0,1,30,,1,0,0,0,1,53.0,,,,1,2,9,8,7
202100005663,2021-11-29 19:00:00,2021,11,29,19,0,93,93070,JEAN-JAURES (BD),48.9141775223,2.3364944693,Nuit avec éclairage allumé,En agglomération,Hors intersection,Normale,Autre collision,3,1,2,1,1,1,1,0,1,50,,2,1,0,0,1,,,,,5,2,1,1,6
202100005664,2021-11-29 12:30:00,2021,11,29,12,30,93,93070,GABRIEL-PERI (AV),48.90131,2.33024,Plein jour,En agglomération,Hors intersection,Normale,Autre collision,3,1,2,0,1,1,1,9,8,50,,2,1,0,0,1,35.0,,,,1,2,1,1,6
202100005665,2021-11-29 17:20:00,2021,11,29,17,20,93,93066,"""LANDY RD 20, NR IMPAIRS 1 A 144""",48.9154529207,2.3595227801,Nuit avec éclairage allumé,En agglomération,Hors intersection,Normale,Sans collision,3,3,3,3,1,1,1,0,1,50,,2,1,0,0,1,24.0,31.0,,,5,2,1,1,7
202100005666,2021-11-29 06:50:00,2021,11,29,6,50,93,93064,PERI (BOULEVARD GABRIEL)  0 - 37 / 42,48.877812415,2.4745416641,Nuit avec éclairage allumé,En agglomération,Hors intersection,Autre,Autre collision,3,1,2,0,1,1,7,0,4,50,,1,0,0,0,1,34.0,,,,5,2,1,9,6
202100005667,2021-11-29 00:20:00,2021,11,29,0,20,93,93064,PERI (BOULEVARD GABRIEL) 39 / 44 - FIN,48.8770591812,2.478017807,Nuit avec éclairage allumé,En agglomération,Autre intersection,Pluie légère,Deux véhicules - côté,3,2,4,0,1,1,2,0,1,50,,2,0,0,0,2,41.0,34.0,,,5,2,9,2,3
202100005668,2021-11-29 18:05:00,2021,11,29,18,5,93,93050,AUVERGNE (RUE),48.86866,2.52988,Nuit avec éclairage non allumé,En agglomération,Intersection en T,Temps couvert,Autre collision,4,2,1,0,1,1,7,0,1,50,,2,1,0,0,1,43.0,,,,4,2,3,8,6
202100005669,2021-11-29 11:40:00,2021,11,29,11,40,93,93005,ANDRE CITROEN (BOULEVARD),48.9588359368,2.4858318382,Plein jour,En agglomération,Hors intersection,Normale,Deux véhicules - côté,3,2,4,0,1,3,1,5,1,50,,2,1,0,1,0,57.0,21.0,,,1,2,1,1,3
202100005670,2021-11-29 15:10:00,2021,11,29,15,10,92,92049,PERI RUE GABRIEL N°1 A 35,48.8177956741,2.3236888647,Plein jour,En agglomération,Hors intersection,Normale,Autre collision,3,2,3,0,1,1,1,0,1,50,,2,1,0,0,1,61.0,,,,1,2,1,1,6
202100005671,2021-11-29 12:49:00,2021,11,29,12,49,92,92049,BRIAND AVENUE ARISTIDE N°2 A 114,48.81518,2.32568,Plein jour,En agglomération,Hors intersection,Normale,Deux véhicules - arrière,3,2,8,1,1,1,2,0,5,50,,2,0,0,2,0,44.0,60.0,,,1,2,1,1,2
202100005672,2021-11-28 19:30:00,2021,11,28,19,30,92,92036,LUCETTE MAZALAIGUE,48.933507296,2.2869560122,Nuit avec éclairage allumé,En agglomération,Intersection en X,Normale,Autre collision,4,2,2,0,1,1,1,0,1,50,,2,1,0,0,1,29.0,,,,5,2,2,1,6
202100005673,2021-11-29 17:00:00,2021,11,29,17,0,92,92009,CHARLES CHEFSON ( RUE ),48.918739211,2.2742289305,Crépuscule ou aube,En agglomération,Hors intersection,Normale,Autre collision,4,2,0,0,1,1,1,0,1,50,,2,1,0,0,1,21.0,,,,2,2,1,1,6
202100005674,2021-10-27 23:30:00,2021,10,27,23,30,92,92004,DOCTEUR DERVAUX  ( QUAI DU ),48.9112160968,2.2983902693,Nuit avec éclairage allumé,En agglomération,Hors intersection,Normale,Deux véhicules - côté,3,4,2,0,1,1,1,0,1,50,,3,1,0,0,2,41.0,56.0,,,5,2,1,1,3
202100005675,2021-11-29 10:39:00,2021,11,29,10,39,76,76245,A 151 - PK 005+650,49.545776,1.03735,Plein jour,Hors agglomération,Autre intersection,Normale,Trois véhicules et plus - collisions multiples,1,3,4,0,1,1,1,0,1,130,,4,2,0,0,2,31.0,33.0,,,1,1,9,1,5
202100005676,2021-11-30 11:10:00,2021,11,30,11,10,73,73286,D991,45.881229,5.843337,Plein jour,En agglomération,Intersection en X,Normale,Autre collision,3,2,2,0,1,2,1,0,1,50,,2,1,0,1,0,20.0,,,,1,2,2,1,6
202100005677,2021-11-21 17:00:00,2021,11,21,17,0,42,42331,Route du Col du Bouchet,45.96764,3.941613,Nuit sans éclairage public,Hors agglomération,Hors intersection,Brouillard / fumée,Deux véhicules - frontale,3,2,2,0,2,3,2,0,1,90,,5,0,1,3,1,91.0,68.0,,,3,1,1,5,1
202100005678,2021-11-29 21:45:00,2021,11,29,21,45,83,83130,Autoroute A57 sortie n° 7,43.194864,6.040195,Nuit sans éclairage public,Hors agglomération,Hors intersection,Vent fort / tempête,Deux véhicules - arrière,1,3,2,0,1,3,1,3,1,90,,2,1,0,0,1,,50.0,,,3,1,1,6,2
202100005679,2021-11-29 17:10:00,2021,11,29,17,10,42,42231,Route de Saint Forgeux,46.094558,3.941646,Nuit sans éclairage public,Hors agglomération,Intersection en X,Temps couvert,Deux véhicules - côté,3,2,2,0,1,1,2,0,1,80,,3,0,0,1,2,33.0,21.0,,,3,1,2,8,3
202100005680,2021-11-30 10:25:00,2021,11,30,10,25,06,06064,montée du chateau,43.761123,7.178641,Plein jour,En agglomération,Hors intersection,Normale,Autre collision,4,2,1,0,2,1,1,0,1,30,,2,1,1,0,0,54.0,,,,1,2,1,1,6
202100005681,2021-11-27 18:27:00,2021,11,27,18,27,83,83049,rond point de la foux - RD 43,43.253283,6.064217,Nuit sans éclairage public,Hors agglomération,Giratoire,Normale,Autre collision,3,2,2,0,1,3,1,5,1,70,,4,1,0,1,2,25.0,29.0,,,3,1,6,1,6
202100005682,2021-11-30 00:10:00,2021,11,30,0,10,59,59088,Rue Jean-Baptiste Messean,50.6372,2.873075,Nuit sans éclairage public,Hors agglomération,Hors intersection,Pluie légère,Autre collision,7,2,2,0,1,1,2,0,8,-1,,1,0,0,0,1,24.0,,,,3,1,1,2,6
202100005683,2021-11-30 08:15:00,2021,11,30,8,15,30,30315,Route Nationale 100,43.949791,4.702599,Plein jour,Hors agglomération,Hors intersection,Normale,Trois véhicules et plus - collisions multiples,2,2,2,0,1,1,1,0,1,80,,4,0,0,1,3,58.0,50.0,,,1,1,1,1,5
202100005684,2021-11-24 16:45:00,2021,11,24,16,45,57,57505,D45,48.702181,7.119935,Nuit sans éclairage public,Hors agglomération,Hors intersection,Normale,Deux véhicules - arrière,3,2,2,0,1,1,1,0,1,80,,2,1,0,1,0,35.0,32.0,,,3,1,1,1,2
202100005685,2021-11-30 13:40:00,2021,11,30,13,40,79,79242,,46.944205,-0.527805,Plein jour,Hors agglomération,Hors intersection,Normale,Deux véhicules - frontale,3,2,2,0,1,2,1,0,1,80,,2,0,0,1,1,19.0,67.0,,,1,1,1,1,1
202100005686,2021-11-30 18:25:00,2021,11,30,18,25,80,80274,30 rue André DELORME,49.735905,3.049843,Nuit avec éclairage allumé,En agglomération,Hors intersection,Pluie légère,Autre collision,4,2,2,0,1,1,2,0,1,50,,3,2,1,0,0,50.0,,,,5,2,1,2,6
202100005687,2021-11-29 06:00:00,2021,11,29,6,0,65,65437,D929 tajan,43.180795,0.444453,Nuit sans éclairage public,Hors agglomération,Hors intersection,Normale,Sans collision,3,2,2,0,1,1,7,0,8,80,,1,0,1,0,0,22.0,,,,3,1,1,1,7
202100005688,2021-11-30 15:15:00,2021,11,30,15,15,89,89276,N77,48.055494,3.800776,Plein jour,Hors agglomération,Hors intersection,Pluie légère,Deux véhicules - frontale,2,2,2,0,1,1,2,0,1,80,,4,2,1,1,0,70.0,37.0,,,1,1,1,2,1
202100005689,2021-11-29 17:30:00,2021,11,29,17,30,38,38180,D518,45.364546,5.292584,Nuit sans éclairage public,Hors agglomération,Hors intersection,Neige / grêle,Deux véhicules - frontale,3,2,2,0,1,1,5,0,1,80,,2,0,0,0,2,71.0,55.0,,,3,1,1,4,1
202100005690,2021-11-29 12:30:00,2021,11,29,12,30,02,02558,1 Rue Jean Vimont Vicary,50.01658,3.783802,Plein jour,En agglomération,Autre intersection,Pluie légère,Autre collision,3,2,2,0,1,1,2,0,8,50,,2,1,0,0,1,64.0,,,,1,2,9,2,6
202100005691,2021-11-30 08:50:00,2021,11,30,8,50,06,06059,Avenue des Diables Bleus,43.736468,7.356184,Plein jour,Hors agglomération,Hors intersection,Normale,Autre collision,7,2,2,1,1,2,1,0,3,-1,,1,0,0,0,1,46.0,,,,1,1,1,1,6
202100005692,2021-11-30 12:00:00,2021,11,30,12,0,05,05087,D994,44.551778,5.864591,Plein jour,Hors agglomération,Intersection en T,Normale,Deux véhicules - arrière,3,2,2,0,1,1,1,5,1,90,,2,1,0,1,0,62.0,52.0,,,1,1,3,1,2
202100005693,2021-11-29 18:00:00,2021,11,29,18,0,50,50352,route des CARRIERES,49.134904,-1.238129,Nuit sans éclairage public,Hors agglomération,Hors intersection,Normale,Sans collision,3,2,2,0,2,1,1,0,3,80,,1,0,0,0,1,34.0,,,,3,1,1,1,7
202100005694,2021-11-29 11:20:00,2021,11,29,11,20,45,45083,Avenue du General de Gaulle ,47.932411,2.916961,Plein jour,En agglomération,Intersection en T,Normale,Deux véhicules - côté,3,2,2,0,2,1,1,5,1,50,,3,1,0,2,0,37.0,31.0,,,1,2,3,1,3
202100005695,2021-11-30 17:25:00,2021,11,30,17,25,21,21272,RD980,47.439467,4.311125,Nuit sans éclairage public,Hors agglomération,Hors intersection,Pluie légère,Deux véhicules - frontale,3,2,2,0,2,3,2,0,1,90,,2,1,0,1,0,39.0,52.0,,,3,1,1,2,1
202100005696,2021-11-30 12:30:00,2021,11,30,12,30,40,40001,Rue du 13 Juin,43.704181,-0.261773,Plein jour,En agglomération,Hors intersection,Normale,Deux véhicules - frontale,3,2,2,0,1,1,1,2,1,50,,2,1,1,0,0,83.0,,,,1,2,1,1,1
202100005697,2021-11-30 00:30:00,2021,11,30,0,30,85,85127,D105,46.378683,-1.465312,Nuit sans éclairage public,Hors agglomération,Hors intersection,Brouillard / fumée,Autre collision,3,2,2,0,1,1,1,0,3,80,,1,0,1,0,0,22.0,,,,3,1,1,5,6
202100005698,2021-11-29 16:50:00,2021,11,29,16,50,78,78455,Route Nationale 307,48.843565,2.056653,Plein jour,Hors agglomération,Hors intersection,Normale,Autre collision,3,3,4,0,1,1,1,1,1,90,,1,0,0,1,0,52.0,,,,1,1,1,1,6
202100005699,2021-11-26 15:05:00,2021,11,26,15,5,976,97603,ROUTE NATIONALE 3 - SAKOULI,-12.888003,45.211583,Plein jour,Hors agglomération,Hors intersection,Normale,Deux véhicules - arrière,2,2,2,0,1,1,1,0,1,70,,2,1,0,1,0,45.0,45.0,,,1,1,1,1,2
202100005700,2021-11-30 06:30:00,2021,11,30,6,30,13,13114,"Autoroute A8, pk 007+860",43.552362,5.313773,Nuit sans éclairage public,Hors agglomération,Hors intersection,Normale,Deux véhicules - arrière,1,3,3,0,1,1,1,0,2,130,,2,1,1,0,0,46.0,51.0,,,3,1,1,1,2
202100005701,2021-11-24 07:40:00,2021,11,24,7,40,34,34123,Rue du Pergasan,43.618516,3.791356,Nuit avec éclairage non allumé,En agglomération,Hors intersection,Pluie forte,Autre collision,4,2,2,0,1,1,2,6,1,-1,,2,1,0,1,0,62.0,,,,4,2,1,3,6
202100005702,2021-11-24 15:45:00,2021,11,24,15,45,987,98758,Route 131,-16.742983,-151.45779,Plein jour,Hors agglomération,Intersection en T,Normale,Deux véhicules - côté,2,2,2,0,1,1,1,0,1,40,,3,1,0,2,0,33.0,27.0,,,1,1,3,1,3
202100005703,2021-11-29 17:20:00,2021,11,29,17,20,971,97126,section boisvins,15.955924,-61.238093,Crépuscule ou aube,Hors agglomération,Hors intersection,Normale,Deux véhicules - arrière,3,2,2,0,2,1,1,0,3,80,,2,1,0,1,0,48.0,45.0,,,2,1,1,1,2
202100005704,2021-11-28 16:15:00,2021,11,28,16,15,77,77340,D403,48.277024,2.757804,Plein jour,Hors agglomération,Intersection en T,Normale,Autre collision,3,2,2,0,1,1,2,5,8,90,,2,0,0,1,1,51.0,,,,1,1,3,1,6
202100005705,2021-11-25 12:10:00,2021,11,25,12,10,2B,2B042,"Avenue de Borgo - Sortie du parking ""Marana sport""",42.552464,9.441952,Plein jour,En agglomération,Intersection en T,Normale,Autre collision,2,2,2,0,1,1,1,0,3,50,,3,1,0,0,2,47.0,,,,1,2,3,1,6
202100005706,2021-11-29 18:05:00,2021,11,29,18,5,34,34166,Départementale 18,43.40062,3.343277,Nuit sans éclairage public,Hors agglomération,Hors intersection,Normale,Deux véhicules - frontale,3,2,2,0,1,1,1,0,1,90,,3,1,0,1,1,28.0,59.0,,,3,1,1,1,1
202100005707,2021-11-30 14:30:00,2021,11,30,14,30,84,84138,Avenue Charles de Gaulle,44.3842,4.987605,Plein jour,En agglomération,Hors intersection,Normale,Autre collision,4,2,2,0,2,1,1,0,1,50,,3,1,0,1,1,86.0,,,,1,2,1,1,6
202100005708,2021-11-28 03:00:00,2021,11,28,3,0,13,13015,D60,43.444324,5.438291,Nuit sans éclairage public,Hors agglomération,Hors intersection,Normale,Deux véhicules - arrière,7,3,2,0,1,1,1,0,1,110,,2,0,0,0,2,34.0,22.0,,,3,1,1,1,2
202100005709,2021-11-29 09:36:00,2021,11,29,9,36,57,57206,1 Avenue Francois Mitterrand,49.307322,6.118151,Plein jour,En agglomération,Hors intersection,Temps éblouissant,Autre collision,4,2,1,0,1,1,1,0,8,30,,3,1,0,0,2,54.0,,,,1,2,1,7,6
202100005710,2021-11-25 16:30:00,2021,11,25,16,30,42,42168,Rue de l’Ancienne Poste,45.416543,4.67612,Plein jour,En agglomération,Hors intersection,Temps couvert,Autre collision,3,2,2,0,2,1,1,0,1,50,,2,1,0,1,0,38.0,,,,1,2,1,8,6
202100005711,2021-11-24 17:43:00,2021,11,24,17,43,09,09160,Avenue du Docteur Bernadac,42.931769,1.851384,Nuit avec éclairage allumé,En agglomération,Hors intersection,Pluie forte,Autre collision,3,2,2,0,1,1,2,0,8,30,,2,1,0,1,0,77.0,,,,5,2,1,3,6
202100005712,2021-11-30 13:00:00,2021,11,30,13,0,59,59011,27 Rue de la France,50.531861,2.932312,Plein jour,En agglomération,Hors intersection,Pluie légère,Autre collision,4,1,2,0,1,1,2,0,1,50,,2,1,0,0,1,51.0,,,,1,2,1,2,6
202100005713,2021-11-25 12:05:00,2021,11,25,12,5,13,13071,A7-Sens Marseille vers Lyon,43.41261,5.281876,Plein jour,Hors agglomération,Hors intersection,Pluie forte,Deux véhicules - arrière,1,1,3,0,1,1,2,0,1,110,,2,1,0,0,1,56.0,57.0,,,1,1,1,3,2
202100005714,2021-11-25 08:07:00,2021,11,25,8,7,13,13055,A507 sens Marseille - Aubagne,43.30118,5.42491,Plein jour,Hors agglomération,Hors intersection,Pluie forte,Deux véhicules - frontale,1,1,3,0,2,1,2,1,1,70,,2,1,0,0,1,25.0,55.0,,,1,1,1,3,1
202100005715,2021-11-25 09:00:00,2021,11,25,9,0,13,13019,A51-Sens Aix en Provence vers Marseille,43.424236,5.374787,Plein jour,Hors agglomération,Hors intersection,Pluie forte,Deux véhicules - arrière,1,1,4,0,1,1,2,0,1,90,,2,1,0,0,1,59.0,29.0,,,1,1,1,3,2
202100005716,2021-11-25 23:40:00,2021,11,25,23,40,83,83090,A50,43.1221,5.83038,Nuit sans éclairage public,Hors agglomération,Hors intersection,Pluie légère,Autre collision,1,3,6,0,4,2,2,0,1,110,,3,1,0,2,0,21.0,,,,3,1,1,2,6
202100005717,2021-11-26 19:30:00,2021,11,26,19,30,69,69385,M6  453.400 A 455.000,45.7582392974,4.8124998808,Nuit avec éclairage allumé,Hors agglomération,Hors intersection,Normale,Deux véhicules - arrière,7,1,2,0,1,1,1,1,1,70,,2,1,0,0,1,64.0,34.0,,,5,1,1,1,2
202100005718,2021-11-27 18:10:00,2021,11,27,18,10,54,54150,Autoroute A 31,48.77442,6.14409,Nuit sans éclairage public,Hors agglomération,Hors intersection,Pluie légère,Trois véhicules et plus - en chaîne,1,3,4,0,1,1,2,0,1,110,,4,1,0,1,2,32.0,51.0,,,3,1,1,2,4
202100005719,2021-11-29 09:05:00,2021,11,29,9,5,33,33122,AUTOROUTE A 63,44.72863,-0.7281,Plein jour,Hors agglomération,Hors intersection,Pluie légère,Trois véhicules et plus - en chaîne,1,3,4,0,1,1,2,0,1,130,,8,7,0,0,1,22.0,35.0,,,1,1,1,2,4
202100005720,2021-11-29 08:26:00,2021,11,29,8,26,33,33318,ROCADE A 630,44.789039,-0.622205,Crépuscule ou aube,Hors agglomération,Hors intersection,Pluie légère,Sans collision,1,3,6,0,1,1,2,0,1,90,,1,0,0,0,1,20.0,,,,2,1,1,2,7
202100005721,2021-11-29 13:28:00,2021,11,29,13,28,94,94038,AUTOROUTE A6A,48.77878,2.34625,Plein jour,Hors agglomération,Hors intersection,Normale,Deux véhicules - arrière,1,1,3,0,1,1,1,0,1,90,,2,1,0,0,1,59.0,38.0,,,1,1,1,1,2
202100005722,2021-11-29 11:45:00,2021,11,29,11,45,91,91161,AUTOROUTE A6,48.7018,2.3081,Plein jour,Hors agglomération,Hors intersection,Normale,Deux véhicules - côté,1,1,4,0,1,2,1,0,1,110,,3,2,0,0,1,62.0,23.0,,,1,1,1,1,3
202100005723,2021-11-29 09:47:00,2021,11,29,9,47,91,91161,AUTOROUTE A6,48.70241,2.30775,Plein jour,Hors agglomération,Hors intersection,Normale,Deux véhicules - arrière,1,3,6,0,1,1,1,0,1,110,,2,1,0,0,1,37.0,24.0,,,1,1,1,1,2
202100005724,2021-11-29 07:45:00,2021,11,29,7,45,91,91161,AUTOROUTE A6,48.71052,2.30749,Nuit sans éclairage public,Hors agglomération,Hors intersection,Normale,Deux véhicules - côté,1,3,0,0,1,1,2,0,1,110,,2,1,0,0,1,30.0,34.0,,,3,1,1,1,3
202100005725,2021-11-29 19:08:00,2021,11,29,19,8,78,78423,A12 Y,48.787576,2.036387,Nuit sans éclairage public,Hors agglomération,Hors intersection,Normale,Trois véhicules et plus - en chaîne,1,1,2,0,1,1,1,0,1,90,,3,2,0,0,1,44.0,35.0,,,3,1,1,1,4
202100005726,2021-11-29 08:40:00,2021,11,29,8,40,78,78238,A13,48.97059,1.87642,Crépuscule ou aube,Hors agglomération,Hors intersection,Normale,Autre collision,1,3,3,0,1,1,2,0,1,130,,1,0,0,0,1,24.0,,,,2,1,1,1,6
202100005727,2021-11-29 19:00:00,2021,11,29,19,0,92,92036,AUTOROUTE A86,48.9383700387,2.3001401108,Nuit sans éclairage public,Hors agglomération,Hors intersection,Normale,Deux véhicules - côté,1,1,2,0,1,1,1,0,1,70,,2,1,0,0,1,22.0,55.0,,,3,1,1,1,3
202100005728,2021-11-29 15:30:00,2021,11,29,15,30,93,93064,AUTOROUTE A3,48.88606,2.47315,Plein jour,Hors agglomération,Hors intersection,Normale,Deux véhicules - côté,1,3,4,0,1,2,1,0,1,90,,2,1,0,0,1,62.0,55.0,,,1,1,1,1,3
202100005729,2021-11-29 13:55:00,2021,11,29,13,55,93,93053,AUTOROUTE A3,48.89441,2.47184,Plein jour,Hors agglomération,Hors intersection,Normale,Trois véhicules et plus - collisions multiples,1,3,10,0,1,1,1,0,1,90,,3,2,0,0,1,41.0,24.0,,,1,1,1,1,5
202100005730,2021-11-29 06:50:00,2021,11,29,6,50,93,93064,AUTOROUTE A86,48.8625729081,2.482910107,Crépuscule ou aube,Hors agglomération,Hors intersection,Neige / grêle,Trois véhicules et plus - collisions multiples,1,1,3,0,2,2,7,0,1,70,,3,2,0,0,1,24.0,28.0,,,2,1,1,4,5
202100005731,2021-11-29 07:20:00,2021,11,29,7,20,93,93066,AUTOROUTE A1,48.9103099064,2.3579760625,Nuit avec éclairage allumé,Hors agglomération,Hors intersection,Normale,Autre collision,1,1,8,0,1,1,1,0,1,90,,2,1,0,0,1,30.0,,,,5,1,1,1,6
202100005732,2021-11-29 03:15:00,2021,11,29,3,15,92,92036,AUTOROUTE A15,48.9464707688,2.2824191861,Nuit sans éclairage public,Hors agglomération,Hors intersection,Normale,Deux véhicules - côté,1,3,8,0,1,1,1,0,1,90,,3,0,0,0,3,32.0,20.0,,,3,1,1,1,3
202100005733,2021-11-29 11:30:00,2021,11,29,11,30,77,77258,RN104,48.824645,2.61567,Plein jour,Hors agglomération,Hors intersection,Normale,Autre collision,2,3,2,0,1,2,1,0,1,110,,3,2,0,0,1,37.0,66.0,,,1,1,1,1,6
202100005734,2021-11-29 11:20:00,2021,11,29,11,20,94,94028,A86 EXT,48.7909842153,2.4405614586,Plein jour,Hors agglomération,Hors intersection,Normale,Deux véhicules - arrière,1,1,6,0,2,2,2,0,1,90,,2,1,0,0,1,44.0,59.0,,,1,1,1,1,2
202100005735,2021-11-28 17:45:00,2021,11,28,17,45,82,82121,330 Avenue Marcel Unal,44.00743,1.38058,Nuit avec éclairage non allumé,En agglomération,Hors intersection,Normale,Autre collision,3,3,2,0,1,1,1,9,1,50,,2,1,1,0,0,69.0,,,,4,2,1,1,6
202100005736,2021-11-27 19:20:00,2021,11,27,19,20,987,98735,GAUGUIN (RUE BLOC QTIER LATIN),-17.53797,-149.567431,Nuit avec éclairage allumé,En agglomération,Autre intersection,Normale,Deux véhicules - côté,4,2,3,0,1,1,1,9,1,30,,4,1,0,0,3,44.0,22.0,,,5,2,9,1,3
202100005737,2021-11-28 19:00:00,2021,11,28,19,0,973,97302,BADUEL (ROUTE DE),4.93208,-52.30759,Nuit avec éclairage allumé,En agglomération,Hors intersection,Normale,Autre collision,3,2,2,0,1,1,1,0,1,50,,2,1,0,0,1,36.0,,,,5,2,1,1,6
202100005738,2021-11-28 18:00:00,2021,11,28,18,0,973,97302,RABAN (ROUTE DE),4.9333558357,-52.3131699264,Crépuscule ou aube,En agglomération,Hors intersection,Normale,Deux véhicules - côté,4,2,1,0,1,1,1,0,1,50,,2,1,0,0,1,24.0,34.0,,,2,2,1,1,3
202100005739,2021-11-27 23:35:00,2021,11,27,23,35,973,97302,MADELEINE (ROUTE DE LA),4.9134536992,-52.3207468987,Nuit avec éclairage allumé,En agglomération,Hors intersection,Normale,Autre collision,3,2,2,0,1,1,1,0,4,50,,1,0,0,0,1,32.0,,,,5,2,1,1,6
202100005740,2021-11-27 02:00:00,2021,11,27,2,0,973,97302,BARTHELEMY (RENE),4.9343590061,-52.3305979371,Nuit avec éclairage allumé,En agglomération,Hors intersection,Normale,Deux véhicules - côté,4,2,2,0,1,1,1,0,1,50,,4,3,0,0,1,25.0,,,,5,2,1,1,3
202100005741,2021-11-27 03:20:00,2021,11,27,3,20,972,97213,ROUTE NATIONALE 5,14.5935,-60.9836,Nuit avec éclairage allumé,Hors agglomération,Hors intersection,Normale,Autre collision,2,1,1,0,1,3,9,0,1,90,,1,0,0,0,1,19.0,,,,5,1,1,1,6