accident_id,datetime,annee,mois,jour,heure,minute,departement,commune_insee,adresse,latitude,longitude,luminosite,agglomeration,intersection,meteo,collision,catr,circ,nbv,vosp,prof,plan,surf,infra,situ,vma,nb_vehicules,nb_usagers,nb_indemnes,nb_tues,nb_blesses_hosp,nb_blesses_legers,age_cond_1,age_cond_2,veh_type_cond_1,veh_type_cond_2,lum_code,agg_code,int_code,atm_code,col_code
202100005742,2021-11-28 21:30:00,2021,11,28,21,30,95,95268,AV DE STALINGRAD,48.9597617953,2.3990857601,Nuit avec éclairage allumé,En agglomération,Hors intersection,Pluie légère,Trois véhicules et plus - en chaîne,3,2,4,0,1,1,2,0,1,50,,5,3,0,0,2,19.0,24.0,,,5,2,1,2,4
202100005743,2021-11-27 11:15:00,2021,11,27,11,15,90,90010,KENNEDY (BOULEVARD),47.63469,6.83845,Plein jour,En agglomération,Intersection en X,Neige / grêle,Deux véhicules - côté,3,2,4,0,1,1,2,0,1,50,,3,2,0,1,0,25.0,62.0,,,1,2,2,4,3
202100005744,2021-11-28 08:50:00,2021,11,28,8,50,83,83137,REBOUL (RUE PILOTE PIERRE),43.1127531329,5.9424179792,Plein jour,En agglomération,Hors intersection,Normale,Autre collision,4,-1,2,0,1,1,1,0,1,30,,2,1,0,1,0,31.0,,,,1,2,1,1,6
202100005745,2021-11-28 21:05:00,2021,11,28,21,5,83,83069,AVENUE RITONDALE LEOPOLD,43.11359,6.12963,Nuit avec éclairage allumé,En agglomération,Hors intersection,Normale,Trois véhicules et plus - collisions multiples,7,3,6,0,1,1,1,0,1,50,,3,2,0,0,1,44.0,48.0,,,5,2,1,1,5
202100005746,2021-11-28 10:25:00,2021,11,28,10,25,77,77186,D58,48.38529,2.72101,Plein jour,Hors agglomération,Intersection en Y,Pluie légère,Autre collision,3,2,2,0,2,2,2,0,3,70,,1,0,0,0,1,22.0,,,,1,1,4,2,6
202100005747,2021-11-28 07:55:00,2021,11,28,7,55,76,76681,INDUSTRIEL. BOULEVARD (CD 18E),49.4032,1.1106,Plein jour,En agglomération,Intersection en X,Pluie légère,Deux véhicules - côté,7,4,5,0,1,2,2,0,1,70,,2,1,0,0,1,,21.0,,,1,2,2,2,3
202100005748,2021-11-28 01:50:00,2021,11,28,1,50,76,76540,Avenue de Bretagne,49.43115,1.08005,Nuit avec éclairage allumé,En agglomération,Hors intersection,Pluie légère,Sans collision,7,1,3,0,2,1,2,1,1,50,,2,1,0,0,1,25.0,,,,5,2,1,2,7
202100005749,2021-11-28 19:25:00,2021,11,28,19,25,71,71076,Quai Sainte-Marie,46.7823230379,4.8609721509,Nuit avec éclairage allumé,En agglomération,Intersection en T,Normale,Trois véhicules et plus - collisions multiples,4,2,2,0,1,1,1,0,1,50,,3,2,0,0,1,23.0,43.0,,,5,2,3,1,5
202100005750,2021-11-28 05:45:00,2021,11,28,5,45,64,64102,Allée de la Pièce Noyée,43.49957,-1.48182,Nuit avec éclairage allumé,En agglomération,Hors intersection,Pluie légère,Deux véhicules - frontale,4,2,2,0,1,1,2,0,1,50,,2,0,0,0,2,28.0,40.0,,,5,2,1,2,1
202100005751,2021-11-27 08:35:00,2021,11,27,8,35,59,59339,GAMBETTA (RUE LEON),50.6805506248,3.2541423654,Crépuscule ou aube,En agglomération,Hors intersection,Pluie légère,Autre collision,4,1,1,0,1,1,2,0,1,30,,2,1,0,1,0,,,,,2,2,1,2,6
202100005752,2021-11-28 17:30:00,2021,11,28,17,30,59,59017,DEPORTES (RUE DES),50.6864522272,2.8940126004,Nuit avec éclairage allumé,En agglomération,Hors intersection,Pluie légère,Autre collision,7,2,2,0,1,1,2,0,1,50,,2,1,0,0,1,,,,,5,2,1,2,6
202100005753,2021-11-28 18:00:00,2021,11,28,18,0,54,54395,ALIX  (RUE THIERRY),48.6849351587,6.1753864261,Nuit avec éclairage allumé,En agglomération,Intersection en T,Normale,Deux véhicules - côté,4,1,1,0,1,1,1,0,1,50,,3,2,0,0,1,54.0,38.0,,,5,2,3,1,3
202100005754,2021-11-28 10:45:00,2021,11,28,10,45,45,45234,GENERAL PATTON (AVENUE DU ),47.91518,1.90144,Plein jour,En agglomération,Hors intersection,Normale,Deux véhicules - côté,4,2,2,0,2,1,2,0,1,50,,4,3,0,0,1,21.0,29.0,,,1,2,1,1,3
202100005755,2021-11-28 18:50:00,2021,11,28,18,50,33,33069,RUE DE CAUDERAN,44.8629,-0.61142,Nuit avec éclairage allumé,En agglomération,Intersection en T,Normale,Deux véhicules - côté,4,2,2,0,1,1,1,0,1,30,,2,1,0,0,1,61.0,46.0,,,5,2,3,1,3
202100005756,2021-11-28 15:05:00,2021,11,28,15,5,33,33249,Avenue Carnot,44.8657,-0.51402,Plein jour,En agglomération,Hors intersection,Temps couvert,Deux véhicules - frontale,4,3,4,0,1,1,1,5,1,50,,2,1,0,0,1,28.0,37.0,,,1,2,1,8,1
202100005757,2021-11-28 09:55:00,2021,11,28,9,55,31,31555,AV DES ETATS UNIS,43.64549,1.42684,Plein jour,En agglomération,Hors intersection,Normale,Deux véhicules - côté,7,2,5,0,1,1,1,0,1,50,,2,0,0,0,2,39.0,39.0,,,1,2,1,1,3
202100005758,2021-08-28 06:40:00,2021,8,28,6,40,31,31555,12 LES IZARDS (PERIPH EST A62),43.64677,1.44911,Crépuscule ou aube,En agglomération,Hors intersection,Normale,Deux véhicules - arrière,1,3,6,0,1,1,1,0,1,90,,2,1,0,0,1,31.0,,,,2,2,1,1,2
202100005759,2021-11-27 15:10:00,2021,11,27,15,10,30,30007,LAURIERS (MONTEE DES),44.13333,4.06968,Plein jour,En agglomération,Hors intersection,Normale,Deux véhicules - frontale,3,2,2,0,1,3,1,0,1,50,,2,1,0,0,1,41.0,65.0,,,1,2,1,1,1
202100005760,2021-11-28 09:30:00,2021,11,28,9,30,29,29232,Rue Alfred de Musset,47.9898474,-4.1069501,Plein jour,En agglomération,Hors intersection,Normale,Autre collision,4,2,2,0,1,1,1,0,1,50,,1,0,0,0,1,64.0,,,,1,2,1,1,6
202100005761,2021-11-28 17:30:00,2021,11,28,17,30,27,27375,ELBEUF (ROUTE D'),49.22866,1.14605,Nuit sans éclairage public,Hors agglomération,Hors intersection,Temps couvert,Autre collision,3,2,2,0,2,2,2,0,3,80,,1,0,0,0,1,19.0,,,,3,1,1,8,6
202100005762,2021-11-27 19:35:00,2021,11,27,19,35,22,22278,LOUCHEUR (AV.),48.5156,-2.73702,Nuit avec éclairage allumé,En agglomération,Hors intersection,Vent fort / tempête,Autre collision,4,2,2,0,2,1,2,9,1,50,,2,1,0,1,0,45.0,,,,5,2,1,6,6
202100005763,2021-11-28 18:10:00,2021,11,28,18,10,13,13209,GASTON RAMON (BOULEVARD),43.2669929298,5.3962571254,Nuit avec éclairage allumé,En agglomération,Hors intersection,Normale,Deux véhicules - arrière,4,2,2,0,1,1,1,0,1,50,,2,1,0,0,1,,31.0,,,5,2,1,1,2
202100005764,2021-11-28 14:00:00,2021,11,28,14,0,13,13205,BAILLE (BOULEVARD),43.28801,5.39504,Plein jour,En agglomération,Hors intersection,Normale,Deux véhicules - côté,4,2,4,0,1,1,1,0,1,50,,2,1,0,0,1,36.0,49.0,,,1,2,1,1,3
202100005765,2021-11-28 18:50:00,2021,11,28,18,50,13,13047,D.10,43.59484,4.96211,Nuit sans éclairage public,Hors agglomération,Hors intersection,Normale,Deux véhicules - frontale,7,2,2,0,1,1,1,9,1,80,,5,2,1,2,0,23.0,76.0,,,3,1,1,1,1
202100005766,2021-11-27 20:45:00,2021,11,27,20,45,13,13028,ROUMANILLE (AVENUE JOSEPH),43.200663744,5.6231100028,Nuit avec éclairage allumé,En agglomération,Hors intersection,Normale,Deux véhicules - côté,7,2,1,0,1,1,1,0,1,50,,2,1,0,1,0,18.0,21.0,,,5,2,1,1,3
202100005767,2021-11-14 19:00:00,2021,11,14,19,0,12,12145,CAVALERIE (COTE DE LA ),44.08829,3.08762,Nuit sans éclairage public,Hors agglomération,Hors intersection,Normale,Trois véhicules et plus - collisions multiples,3,2,2,0,2,3,1,0,1,90,,7,6,0,0,1,53.0,78.0,,,3,1,1,1,5
202100005768,2021-11-28 21:20:00,2021,11,28,21,20,06,06083,PARTOUNEAUX (RUE),43.77477,7.50074,Nuit avec éclairage allumé,En agglomération,Hors intersection,Normale,Autre collision,4,1,1,0,1,3,1,0,1,50,,1,0,0,1,0,29.0,,,,5,2,1,1,6
202100005769,2021-11-26 08:43:00,2021,11,26,8,43,06,06083,DELATTRE DE TASSIGNY (ALLEE),43.78919,7.49273,Plein jour,En agglomération,Hors intersection,Normale,Autre collision,4,2,2,0,1,1,1,0,1,50,,3,0,0,2,1,16.0,,,,1,2,1,1,6
202100005770,2021-11-29 01:07:00,2021,11,29,1,7,06,06069,CANNES (ROUTE DE)  -RD 6085-,43.63948,6.94944,Nuit avec éclairage allumé,En agglomération,Intersection en Y,Normale,Deux véhicules - côté,4,2,2,0,1,1,1,0,1,50,,2,1,0,0,1,22.0,22.0,,,5,2,4,1,3
202100005771,2021-11-28 08:40:00,2021,11,28,8,40,06,06123,MOATTI PASSAGE,43.661096,7.192581,Plein jour,En agglomération,Hors intersection,Normale,Deux véhicules - côté,7,1,2,0,2,2,1,1,1,50,,2,1,0,0,1,48.0,49.0,,,1,2,1,1,3
202100005772,2021-11-27 12:55:00,2021,11,27,12,55,75,75113,PORTE D IVRY,48.818397,2.369347,Plein jour,En agglomération,Hors intersection,Pluie légère,Deux véhicules - arrière,4,1,4,0,1,1,2,0,1,70,,2,1,0,0,1,28.0,41.0,,,1,2,1,2,2
202100005773,2021-11-28 00:48:00,2021,11,28,0,48,75,75120,AVENUE LEON GAUMONT,48.849257,2.416173,Nuit avec éclairage allumé,En agglomération,Intersection en X,Pluie légère,Autre collision,4,2,2,1,1,1,2,0,1,30,,3,1,0,2,0,22.0,,,,5,2,2,2,6
202100005774,2021-11-28 11:45:00,2021,11,28,11,45,75,75119,PLACE AUGUSTE BARON,48.900328,2.387125,Plein jour,En agglomération,Place,Pluie légère,Sans collision,4,1,4,0,1,2,2,0,1,30,,1,0,0,0,1,30.0,,,,1,2,7,2,7
202100005775,2021-11-28 09:30:00,2021,11,28,9,30,75,75118,AVENUE DE LA PORTE D AUBERVILLIERS,48.901392,2.370253,Plein jour,En agglomération,Place,Pluie légère,Deux véhicules - frontale,4,2,2,0,1,2,2,0,1,30,,2,1,0,0,1,54.0,20.0,,,1,2,7,2,1
202100005776,2021-11-28 16:30:00,2021,11,28,16,30,75,75117,BOULEVARD DES BATIGNOLLES,48.883014,2.32426,Plein jour,En agglomération,Intersection à plus de 4 branches,Normale,Autre collision,4,1,3,3,1,1,1,0,1,30,,2,1,0,0,1,46.0,,,,1,2,5,1,6
202100005777,2021-11-27 21:40:00,2021,11,27,21,40,75,75117,AVENUE DE CLICHY,48.892395,2.317069,Nuit avec éclairage allumé,En agglomération,Intersection en Y,Pluie légère,Autre collision,4,2,3,1,2,1,2,0,1,30,,2,1,0,0,1,33.0,,,,5,2,4,2,6
202100005778,2021-11-27 20:20:00,2021,11,27,20,20,75,75115,RUE DE LA CONVENTION,48.837233,2.296438,Nuit avec éclairage allumé,En agglomération,Intersection en X,Pluie légère,Autre collision,4,2,3,3,1,1,2,0,1,30,,1,0,0,0,1,35.0,,,,5,2,2,2,6
202100005779,2021-11-27 03:25:00,2021,11,27,3,25,75,75113,RUE DE TOLBIAC,48.825945,2.345213,Nuit avec éclairage allumé,En agglomération,Intersection en X,Pluie légère,Sans collision,4,2,2,3,1,1,2,5,1,30,,2,1,0,0,1,,30.0,,,5,2,2,2,7
202100005780,2021-11-28 14:15:00,2021,11,28,14,15,75,75109,RUE LA FAYETTE,48.874412,2.338217,Plein jour,En agglomération,Intersection en X,Normale,Deux véhicules - côté,4,1,2,1,1,1,1,0,1,30,,2,1,0,0,1,70.0,27.0,,,1,2,2,1,3
202100005781,2021-11-28 09:20:00,2021,11,28,9,20,75,75107,AVENUE DE SEGUR,48.849744,2.308,Plein jour,En agglomération,Intersection en X,Pluie légère,Deux véhicules - côté,4,3,1,0,1,1,2,0,1,30,,2,1,0,0,1,25.0,65.0,,,1,2,2,2,3
202100005782,2021-11-27 05:10:00,2021,11,27,5,10,75,75108,AVENUE DES CHAMPS ELYSEES,48.869004,2.310355,Nuit avec éclairage allumé,En agglomération,Giratoire,Temps couvert,Deux véhicules - côté,4,1,3,0,1,1,2,0,1,30,,2,1,0,0,1,20.0,31.0,,,5,2,6,8,3
202100005783,2021-11-28 19:51:00,2021,11,28,19,51,94,94073,A86 EXT,48.772,2.39613,Nuit sans éclairage public,Hors agglomération,Hors intersection,Temps couvert,Deux véhicules - côté,1,-1,3,0,1,1,2,1,1,90,,2,1,0,0,1,45.0,54.0,,,3,1,1,8,3
202100005784,2021-11-28 18:10:00,2021,11,28,18,10,93,93071,JOHN F. KENNEDY (AVENUE),48.93897,2.53871,Nuit avec éclairage allumé,En agglomération,Hors intersection,Normale,Trois véhicules et plus - en chaîne,4,1,1,0,1,1,1,2,1,50,,3,2,0,1,0,62.0,61.0,,,5,2,1,1,4
202100005785,2021-11-27 20:08:00,2021,11,27,20,8,93,93039,PONT DE SAINT OUEN,48.9186973291,2.3286660533,Nuit avec éclairage allumé,En agglomération,Hors intersection,Pluie légère,Trois véhicules et plus - collisions multiples,3,2,3,0,1,1,2,0,1,50,,6,5,0,0,1,33.0,28.0,,,5,2,1,2,5
202100005786,2021-11-27 21:30:00,2021,11,27,21,30,93,93064,GARDEBLED (RUE RICHARD),48.876016,2.484173,Nuit avec éclairage allumé,En agglomération,Hors intersection,Pluie légère,Deux véhicules - arrière,4,1,1,0,1,1,2,0,1,50,,3,2,0,0,1,32.0,,,,5,2,1,2,2
202100005787,2021-11-28 23:00:00,2021,11,28,23,0,93,93005,GEORGES BRAQUE (BOULEVARD),48.95661,2.47942,Nuit sans éclairage public,En agglomération,Hors intersection,Normale,Autre collision,3,3,3,0,1,1,1,0,1,50,,2,0,0,0,2,18.0,,,,3,2,1,1,6
202100005788,2021-11-28 15:10:00,2021,11,28,15,10,92,92020,PARIS AVENUE DE N° IMPAIRS,48.8069885734,2.2935555875,Plein jour,En agglomération,Intersection en X,Normale,Deux véhicules - côté,3,2,2,0,1,1,1,0,1,50,,2,1,0,0,1,,30.0,,,1,2,2,1,3
202100005789,2021-08-26 08:20:00,2021,8,26,8,20,51,51334,N4,48.7126187865,4.6386627277,Plein jour,Hors agglomération,Hors intersection,Normale,Sans collision,2,2,2,0,1,1,1,0,3,80,,1,0,0,0,1,35.0,,,,1,1,1,1,7
202100005790,2021-11-29 16:25:00,2021,11,29,16,25,01,01359,départementale 7,46.066174,5.056071,Plein jour,Hors agglomération,Hors intersection,Normale,Autre collision,3,2,2,0,1,2,1,0,3,80,,2,1,0,1,0,26.0,,,,1,1,1,1,6
202100005791,2021-11-28 20:00:00,2021,11,28,20,0,95,95395,RD 316,49.042158,2.396693,Nuit sans éclairage public,Hors agglomération,Hors intersection,Pluie légère,Trois véhicules et plus - collisions multiples,3,2,2,0,1,1,2,0,1,80,,4,2,0,0,2,,17.0,,,3,1,1,2,5
202100005792,2021-11-27 19:15:00,2021,11,27,19,15,17,17373,cd 109,46.145566,-0.985401,Nuit sans éclairage public,Hors agglomération,Intersection en X,Normale,Deux véhicules - côté,3,2,2,0,2,2,1,0,1,80,,5,4,0,0,1,28.0,64.0,,,3,1,2,1,3
202100005793,2021-11-26 21:48:00,2021,11,26,21,48,41,41067,46 Rue Nationale,47.508926,1.453346,Nuit avec éclairage allumé,En agglomération,Hors intersection,Normale,Autre collision,3,1,1,0,1,2,2,0,4,30,,1,0,0,1,0,24.0,,,,5,2,1,1,6
202100005794,2021-11-28 19:45:00,2021,11,28,19,45,95,95313,Avenue Michel Poniatowski,49.113808,2.227496,Nuit avec éclairage allumé,En agglomération,Hors intersection,Normale,Deux véhicules - arrière,3,2,2,0,1,1,1,0,1,50,,2,1,0,1,0,54.0,30.0,,,5,2,1,1,2
202100005795,2021-11-29 07:50:00,2021,11,29,7,50,01,01353,D936,45.975403,4.785662,Plein jour,Hors agglomération,Hors intersection,Normale,Trois véhicules et plus - collisions multiples,3,2,2,0,1,1,1,0,1,80,,4,3,0,1,0,24.0,55.0,,,1,1,1,1,5
202100005796,2021-11-28 11:20:00,2021,11,28,11,20,22,22190,RN 176 - PR : 05+800,48.518566,-2.038693,Plein jour,Hors agglomération,Hors intersection,Normale,Autre collision,2,2,2,0,1,1,1,0,1,110,,2,1,0,0,1,18.0,,,,1,1,1,1,6
202100005797,2021-11-29 13:00:00,2021,11,29,13,0,19,19250,"autoroute a20 pk 227, sens 2",45.512106,1.515384,Plein jour,Hors agglomération,Hors intersection,Normale,Deux véhicules - arrière,1,3,2,0,1,1,1,0,1,130,,5,4,0,0,1,31.0,52.0,,,1,1,1,1,2
202100005798,2021-11-29 03:05:00,2021,11,29,3,5,60,60176,D25,49.224971,2.90523,Nuit sans éclairage public,En agglomération,Hors intersection,Normale,Sans collision,3,2,2,0,1,1,1,0,8,50,,1,0,0,0,1,33.0,,,,3,2,1,1,7
202100005799,2021-11-25 23:45:00,2021,11,25,23,45,44,44033,N171; PK 68+800; sens SAINT-NAZAIRE - NANTES,47.359888,-1.967647,Nuit sans éclairage public,Hors agglomération,Hors intersection,Temps couvert,Autre collision,2,3,4,0,1,1,2,0,3,100,,3,0,0,0,3,20.0,,,,3,1,1,8,6
202100005800,2021-11-28 18:00:00,2021,11,28,18,0,62,62086,Route Nationale,50.212394,2.55504,Nuit sans éclairage public,En agglomération,Hors intersection,Neige / grêle,Deux véhicules - côté,2,2,2,0,1,1,2,0,1,50,,4,1,0,1,2,35.0,20.0,,,3,2,1,4,3
202100005801,2021-11-28 03:00:00,2021,11,28,3,0,34,34095,d613 devant n°56 bis avenue Georges Clémenceau,43.546355,3.776593,Nuit avec éclairage allumé,En agglomération,Hors intersection,Normale,Deux véhicules - frontale,7,2,2,0,1,1,1,0,1,50,,3,1,0,0,2,25.0,41.0,,,5,2,1,1,1
202100005802,2021-11-26 17:15:00,2021,11,26,17,15,51,51278,D944,49.082563,4.280859,Nuit sans éclairage public,Hors agglomération,Hors intersection,Pluie légère,Deux véhicules - côté,3,2,2,0,1,1,2,0,1,90,,3,1,0,0,2,58.0,32.0,,,3,1,1,2,3
202100005803,2021-11-29 12:00:00,2021,11,29,12,0,59,59601,Rue Chartiaux,50.0566841238,4.1022158676,Plein jour,En agglomération,Intersection en X,Temps éblouissant,Deux véhicules - côté,4,2,2,0,1,1,1,9,1,50,,2,1,0,1,0,59.0,43.0,,,1,2,2,7,3
202100005804,2021-11-29 08:20:00,2021,11,29,8,20,80,80580,D12,50.33793,1.776384,Plein jour,Hors agglomération,Hors intersection,Temps couvert,Sans collision,3,2,2,0,1,1,7,0,1,80,,1,0,0,0,1,67.0,,,,1,1,1,8,7
202100005805,2021-11-24 17:45:00,2021,11,24,17,45,89,89264,Grande Rue,48.172804,3.028632,Nuit avec éclairage allumé,En agglomération,Intersection en X,Pluie légère,Deux véhicules - côté,3,2,2,0,1,1,2,5,1,50,,5,3,0,0,2,47.0,38.0,,,5,2,2,2,3
202100005806,2021-10-28 11:30:00,2021,10,28,11,30,89,89086,D16,47.859879,3.041024,Plein jour,En agglomération,Intersection en T,Normale,Deux véhicules - frontale,3,2,2,0,1,1,1,0,1,50,,2,1,0,0,1,49.0,36.0,,,1,2,3,1,1
202100005807,2021-11-29 12:30:00,2021,11,29,12,30,61,61486,Lieu Dit la Brigaudiere,48.761561,-0.682016,Plein jour,Hors agglomération,Hors intersection,Temps couvert,Trois véhicules et plus - collisions multiples,3,2,2,0,2,2,2,0,1,90,,3,2,1,0,0,49.0,52.0,,,1,1,1,8,5
202100005808,2021-11-29 09:50:00,2021,11,29,9,50,44,44069,Boulevard du 19 Mars 1962,47.335668,-2.428598,Plein jour,En agglomération,Giratoire,Normale,Autre collision,3,2,2,0,1,1,2,9,4,50,,2,1,1,0,0,25.0,,,,1,2,6,1,6
202100005809,2021-11-27 18:30:00,2021,11,27,18,30,44,44178,Rue du Château,47.113897,-1.737964,Nuit avec éclairage allumé,En agglomération,Hors intersection,Pluie légère,Autre collision,3,2,2,0,1,1,2,0,1,50,,3,1,0,1,1,77.0,,,,5,2,1,2,6
202100005810,2021-11-26 10:45:00,2021,11,26,10,45,38,38035,CD518,45.509339,5.084095,Plein jour,Hors agglomération,Intersection en Y,Temps couvert,Trois véhicules et plus - en chaîne,3,2,2,0,1,1,2,0,1,80,,3,2,0,0,1,78.0,37.0,,,1,1,4,8,4
202100005811,2021-11-28 20:45:00,2021,11,28,20,45,02,02671,Rue de Saint Paul,49.524115,3.196388,Nuit sans éclairage public,Hors agglomération,Hors intersection,Pluie légère,Autre collision,4,2,2,0,1,1,2,0,1,80,,1,0,0,1,0,20.0,,,,3,1,1,2,6
202100005812,2021-11-27 18:00:00,2021,11,27,18,0,58,58058,Croisy,47.403534,3.345637,Nuit avec éclairage allumé,En agglomération,Hors intersection,Pluie légère,Autre collision,3,2,2,0,1,1,2,0,3,70,,2,1,0,0,1,38.0,,,,5,2,1,2,6
202100005813,2021-11-28 15:50:00,2021,11,28,15,50,66,66193,pk 52+500,42.569012,2.328093,Plein jour,Hors agglomération,Hors intersection,Normale,Sans collision,2,2,2,0,2,3,1,0,1,80,,3,2,0,1,0,23.0,,,,1,1,1,1,7
202100005814,2021-11-25 14:10:00,2021,11,25,14,10,14,14318,Rue de la Demelee,49.327835,-0.47695,Plein jour,En agglomération,Hors intersection,Normale,Autre collision,4,2,1,0,1,1,1,0,1,50,,1,0,0,0,1,16.0,,,,1,2,1,1,6
202100005815,2021-11-29 18:00:00,2021,11,29,18,0,50,50453,D924,48.833626,-1.180851,Nuit sans éclairage public,Hors agglomération,Hors intersection,Normale,Deux véhicules - côté,3,2,2,0,1,1,1,0,1,80,,2,0,0,1,1,81.0,47.0,,,3,1,1,1,3
202100005816,2021-11-27 12:10:00,2021,11,27,12,10,16,16342,Chez Rondeau,45.544009,-0.273156,Plein jour,Hors agglomération,Intersection en X,Temps couvert,Deux véhicules - côté,3,2,2,0,1,1,2,0,1,-1,,2,0,0,1,1,51.0,40.0,,,1,1,2,8,3
202100005817,2021-11-28 15:05:00,2021,11,28,15,5,53,53189,La Petite Basse Cour,48.498372,-0.507356,Plein jour,Hors agglomération,Hors intersection,Normale,Deux véhicules - côté,3,2,2,0,1,1,1,0,1,-1,,3,2,0,1,0,16.0,15.0,,,1,1,1,1,3
202100005818,2021-11-27 08:50:00,2021,11,27,8,50,85,85031,Rue du Petit Bois,46.789645,-0.930823,Plein jour,Hors agglomération,Intersection en T,Normale,Deux véhicules - côté,3,2,2,0,1,1,1,0,1,80,,3,2,0,1,0,77.0,48.0,,,1,1,3,1,3
202100005819,2021-11-16 12:50:00,2021,11,16,12,50,37,37203,91 Quai de la Loire,47.4102899751,0.7764869457,Plein jour,En agglomération,Hors intersection,Normale,Deux véhicules - frontale,7,2,2,0,1,1,1,0,1,50,,2,0,0,0,2,28.0,44.0,,,1,2,1,1,1
202100005820,2021-11-28 00:25:00,2021,11,28,0,25,987,98734,PK 29+800,-17.722055,-149.404653,Nuit avec éclairage allumé,Hors agglomération,Hors intersection,Normale,Sans collision,2,2,2,0,1,1,1,0,8,60,,2,1,0,1,0,32.0,,,,5,1,1,1,7
202100005821,2021-11-23 19:00:00,2021,11,23,19,0,35,35059,Rue de Rennes,48.175459,-1.729478,Nuit avec éclairage allumé,En agglomération,Intersection en T,Temps couvert,Trois véhicules et plus - collisions multiples,4,2,0,0,1,1,2,0,1,50,,3,2,0,1,0,34.0,24.0,,,5,2,3,8,5
202100005822,2021-11-29 12:40:00,2021,11,29,12,40,33,33284,A63,44.622998,-0.849284,Plein jour,Hors agglomération,Autre intersection,Pluie légère,Deux véhicules - arrière,1,1,2,0,1,1,2,0,1,130,,2,1,0,1,0,47.0,34.0,,,1,1,9,2,2
202100005823,2021-11-27 16:00:00,2021,11,27,16,0,987,98744,Vitaria,-22.449383,-151.376823,Plein jour,Hors agglomération,Intersection en X,Normale,Deux véhicules - frontale,2,2,2,0,1,1,1,0,1,60,,2,1,0,1,0,53.0,30.0,,,1,1,2,1,1
202100005824,2021-11-26 17:45:00,2021,11,26,17,45,37,37060,23 rue de la loire,47.4367419762,1.0584908724,Nuit sans éclairage public,En agglomération,Intersection en X,Normale,Deux véhicules - côté,3,2,1,0,2,1,1,0,1,50,,2,1,0,0,1,32.0,60.0,,,3,2,2,1,3
202100005825,2021-11-29 01:25:00,2021,11,29,1,25,2B,2B042,1060 Avenue de Borgo,42.558951,9.441548,Nuit avec éclairage allumé,En agglomération,Giratoire,Normale,Deux véhicules - frontale,3,3,2,0,1,1,1,0,4,50,,1,0,0,0,1,41.0,,,,5,2,6,1,1
202100005826,2021-11-29 14:05:00,2021,11,29,14,5,67,67300,avenue de la gare,48.535903,7.498598,Plein jour,En agglomération,Intersection à plus de 4 branches,Normale,Deux véhicules - frontale,4,4,3,0,2,1,1,5,1,50,,2,0,0,0,2,38.0,44.0,,,1,2,5,1,1
202100005827,2021-11-28 00:18:00,2021,11,28,0,18,38,38449,D75,45.627938,5.092356,Nuit sans éclairage public,Hors agglomération,Intersection en T,Neige / grêle,Deux véhicules - frontale,3,2,2,0,2,1,2,0,3,80,,2,0,0,2,0,66.0,,,,3,1,3,4,1
202100005828,2021-11-27 12:30:00,2021,11,27,12,30,81,81273,route des calmettes,43.5876619816,2.1360894665,Plein jour,Hors agglomération,Hors intersection,Pluie légère,Autre collision,4,2,2,0,1,1,3,0,1,50,,1,0,0,0,1,18.0,,,,1,1,1,2,6
202100005829,2021-11-14 16:00:00,2021,11,14,16,0,65,65451,22 rue des Pyrénées,43.10132,0.12012,Plein jour,En agglomération,Hors intersection,Pluie légère,Deux véhicules - frontale,3,2,2,0,1,1,2,0,1,50,,2,1,0,0,1,20.0,64.0,,,1,2,1,2,1
202100005830,2021-11-25 12:10:00,2021,11,25,12,10,47,47263,Route de Gontaud,44.475812,0.217522,Plein jour,Hors agglomération,Hors intersection,Normale,Deux véhicules - frontale,3,2,2,0,1,3,2,0,1,80,,2,0,0,1,1,23.0,55.0,,,1,1,1,1,1
202100005831,2021-11-28 02:00:00,2021,11,28,2,0,33,33227,Bois de la Mourasse,44.52333,-0.235723,Nuit sans éclairage public,Hors agglomération,Hors intersection,Normale,Autre collision,4,2,2,0,1,1,1,0,1,80,,3,1,0,1,1,24.0,,,,3,1,1,1,6
202100005832,2021-11-27 02:12:00,2021,11,27,2,12,33,33436,Route de Louchats,44.521356,-0.626822,Nuit sans éclairage public,Hors agglomération,Intersection en X,Pluie légère,Deux véhicules - côté,3,2,2,0,1,1,2,5,1,80,,4,2,0,2,0,53.0,48.0,,,3,1,2,2,3
202100005833,2021-07-26 19:41:00,2021,7,26,19,41,33,33284,Route de Lagnet,44.621867,-0.875264,Plein jour,Hors agglomération,Hors intersection,Normale,Sans collision,4,2,2,0,1,1,1,0,8,80,,1,0,0,1,0,35.0,,,,1,1,1,1,7
202100005834,2021-11-28 14:57:00,2021,11,28,14,57,22,22343,"RD 788, Lieu dit Goas Treiz",48.778224,-3.579204,Plein jour,En agglomération,Hors intersection,Pluie légère,Deux véhicules - frontale,3,2,2,0,2,2,2,0,1,70,,3,0,0,3,0,25.0,63.0,,,1,2,1,2,1