accident_id,datetime,annee,mois,jour,heure,minute,departement,commune_insee,adresse,latitude,longitude,luminosite,agglomeration,intersection,meteo,collision,catr,circ,nbv,vosp,prof,plan,surf,infra,situ,vma,nb_vehicules,nb_usagers,nb_indemnes,nb_tues,nb_blesses_hosp,nb_blesses_legers,age_cond_1,age_cond_2,veh_type_cond_1,veh_type_cond_2,lum_code,agg_code,int_code,atm_code,col_code
202100005835,2021-11-14 23:30:00,2021,11,14,23,30,62,62056,177 Rue Pierre de Wissant,50.82561,1.592449,Nuit avec éclairage allumé,En agglomération,Hors intersection,Normale,Autre collision,3,2,2,0,1,2,1,0,4,50,,1,0,0,1,0,63.0,,,,5,2,1,1,6
202100005836,2021-11-27 16:15:00,2021,11,27,16,15,13,13211,A50-Sens Marseille vers Aubagne,43.2947808399,5.4640638827,Plein jour,Hors agglomération,Hors intersection,Temps couvert,Deux véhicules - arrière,1,1,3,0,1,1,1,0,2,90,,3,2,0,0,1,43.0,65.0,,,1,1,1,8,2
202100005837,2021-11-27 10:25:00,2021,11,27,10,25,69,69250,A89 539.050 A 541.188,45.81996,4.70716,Plein jour,Hors agglomération,Hors intersection,Normale,Deux véhicules - arrière,1,3,4,0,1,1,1,0,1,110,,2,0,0,0,2,27.0,66.0,,,1,1,1,1,2
202100005838,2021-11-28 07:35:00,2021,11,28,7,35,69,69294,A7   13.970 A 15.270,45.63028,4.81779,Crépuscule ou aube,Hors agglomération,Hors intersection,Pluie légère,Autre collision,1,3,6,0,1,1,2,0,8,100,,3,1,0,0,2,21.0,,,,2,1,1,2,6
202100005839,2021-11-27 04:40:00,2021,11,27,4,40,69,69259,RD383  11.750 A 14.250,45.71746,4.85955,Nuit avec éclairage allumé,Hors agglomération,Hors intersection,Pluie légère,Deux véhicules - arrière,7,3,8,0,1,1,2,0,1,70,,4,1,0,0,3,33.0,25.0,,,5,1,1,2,2
202100005840,2021-11-26 04:30:00,2021,11,26,4,30,42,42218,A72,45.45415,4.41414,Nuit avec éclairage allumé,Hors agglomération,Hors intersection,Pluie légère,Deux véhicules - arrière,1,3,4,0,2,1,2,0,1,90,,3,2,0,1,0,42.0,25.0,,,5,1,1,2,2
202100005841,2021-11-28 18:25:00,2021,11,28,18,25,33,33448,AUTOROUTE A 62,44.71878,-0.52107,Nuit sans éclairage public,Hors agglomération,Hors intersection,Normale,Trois véhicules et plus - en chaîne,1,3,4,0,1,1,1,0,1,130,,8,6,0,0,2,18.0,34.0,,,3,1,1,1,4
202100005842,2021-11-28 18:40:00,2021,11,28,18,40,91,91689,AUTOROUTE A6,48.72917,2.31494,Nuit sans éclairage public,Hors agglomération,Hors intersection,Normale,Deux véhicules - arrière,1,1,3,0,1,1,2,0,1,90,,4,2,0,0,2,30.0,66.0,,,3,1,1,1,2
202100005843,2021-11-28 15:05:00,2021,11,28,15,5,91,91553,RN 104,48.63223,2.49571,Plein jour,Hors agglomération,Hors intersection,Normale,Autre collision,2,3,7,0,1,1,2,3,1,50,,1,0,0,0,1,19.0,,,,1,1,1,1,6
202100005844,2021-11-28 15:40:00,2021,11,28,15,40,77,77495,A5A PROVINCE / RN 105,48.594611,2.634037,Plein jour,Hors agglomération,Hors intersection,Temps couvert,Autre collision,1,1,2,0,1,3,2,0,2,70,,1,0,0,0,1,27.0,,,,1,1,1,8,6
202100005845,2021-11-28 09:30:00,2021,11,28,9,30,94,94037,AUTOROUTE A6A,48.8165,2.33676,Plein jour,Hors agglomération,Hors intersection,Normale,Deux véhicules - frontale,1,3,2,0,1,2,2,1,1,70,,2,1,0,0,1,21.0,,,,1,1,1,1,1
202100005846,2021-11-28 06:45:00,2021,11,28,6,45,91,91377,AUTOROUTE A10,48.71372,2.28974,Nuit sans éclairage public,Hors agglomération,Hors intersection,Pluie légère,Sans collision,1,1,2,0,1,3,2,0,1,70,,1,0,0,0,1,55.0,,,,3,1,1,2,7
202100005847,2021-11-27 16:05:00,2021,11,27,16,5,91,91434,AUTOROUTE A6,48.66834,2.35449,Plein jour,Hors agglomération,Hors intersection,Pluie légère,Trois véhicules et plus - collisions multiples,1,2,6,0,2,1,2,0,1,110,,11,9,0,0,2,22.0,73.0,,,1,1,1,2,5
202100005848,2021-11-28 09:00:00,2021,11,28,9,0,78,78090,A13,48.970585,1.893133,Plein jour,Hors agglomération,Hors intersection,Pluie légère,Deux véhicules - arrière,1,1,3,0,1,1,2,0,1,130,,3,2,0,0,1,22.0,74.0,,,1,1,1,2,2
202100005849,2021-11-27 03:07:00,2021,11,27,3,7,78,78140,A13,48.95807,1.93371,Nuit sans éclairage public,Hors agglomération,Hors intersection,Normale,Deux véhicules - côté,1,1,3,0,3,1,2,0,1,130,,2,1,0,0,1,48.0,21.0,,,3,1,1,1,3
202100005850,2021-11-28 11:00:00,2021,11,28,11,0,95,95572,RN 184,49.0355638582,2.1169312712,Plein jour,Hors agglomération,Hors intersection,Pluie légère,Autre collision,2,3,4,0,4,1,2,0,1,90,,1,0,0,0,1,26.0,,,,1,1,1,2,6
202100005851,2021-11-28 10:30:00,2021,11,28,10,30,95,95212,AUTOROUTE A1,49.0259652857,2.5365184787,Crépuscule ou aube,Hors agglomération,Hors intersection,Pluie forte,Autre collision,1,3,8,0,2,3,2,0,1,70,,3,0,0,0,3,21.0,,,,2,1,1,3,6
202100005852,2021-11-28 10:30:00,2021,11,28,10,30,92,92036,AUTOROUTE A15,48.9482356513,2.2811222076,Plein jour,Hors agglomération,Hors intersection,Pluie légère,Autre collision,1,1,8,0,1,1,2,2,1,110,,1,0,0,0,1,23.0,,,,1,1,1,2,6
202100005853,2021-11-28 08:40:00,2021,11,28,8,40,95,95582, A115,48.97728,2.24103,Crépuscule ou aube,Hors agglomération,Hors intersection,Temps couvert,Autre collision,1,3,4,0,1,3,1,0,1,70,,1,0,0,0,1,27.0,,,,2,1,1,8,6
202100005854,2021-11-28 07:30:00,2021,11,28,7,30,92,92036,AUTOROUTE A15,48.9493017533,2.2806327045,Nuit sans éclairage public,Hors agglomération,Hors intersection,Pluie légère,Autre collision,1,1,8,0,1,1,2,2,1,110,,1,0,0,0,1,34.0,,,,3,1,1,2,6
202100005855,2021-11-28 00:40:00,2021,11,28,0,40,93,93027,AUTOROUTE A86,48.92867,2.41463,Nuit sans éclairage public,Hors agglomération,Hors intersection,Pluie légère,Autre collision,1,3,6,0,1,1,2,0,1,90,,1,0,0,0,1,51.0,,,,3,1,1,2,6
202100005856,2021-11-27 21:50:00,2021,11,27,21,50,95,95582,RD 170,48.96442,2.26906,Nuit avec éclairage allumé,Hors agglomération,Hors intersection,Pluie légère,Autre collision,3,3,4,1,1,1,2,0,3,70,,2,0,0,0,2,48.0,,,,5,1,1,2,6
202100005857,2021-11-27 18:30:00,2021,11,27,18,30,93,93027,AUTOROUTE A86,48.92352322,2.3832157851,Nuit sans éclairage public,Hors agglomération,Hors intersection,Pluie légère,Autre collision,1,3,4,0,1,3,2,0,1,50,,1,0,0,0,1,20.0,,,,3,1,1,2,6
202100005858,2021-11-27 10:20:00,2021,11,27,10,20,95,95572,A15,49.02812,2.12855,Plein jour,Hors agglomération,Hors intersection,Pluie légère,Deux véhicules - arrière,1,3,6,0,1,1,2,0,1,90,,2,1,0,0,1,59.0,30.0,,,1,1,1,2,2
202100005859,2021-11-28 19:00:00,2021,11,28,19,0,94,94028,A86 EXT,48.8029887864,2.448374033,Nuit sans éclairage public,Hors agglomération,Autre intersection,Normale,Deux véhicules - arrière,1,1,1,0,2,1,1,3,1,90,,3,1,0,0,2,78.0,32.0,,,3,1,9,1,2
202100005860,2021-02-21 17:30:00,2021,2,21,17,30,94,94041,MARCEL BOYER (QU),48.82259,2.39221,Plein jour,En agglomération,Hors intersection,Normale,Deux véhicules - côté,4,2,2,0,1,1,1,0,1,50,,3,2,0,0,1,34.0,32.0,,,1,2,1,1,3
202100005861,2021-11-26 12:09:00,2021,11,26,12,9,35,35288,CALVAIRE (RUE DU),48.65287,-2.0062,Plein jour,En agglomération,Intersection en T,Pluie forte,Autre collision,4,2,2,2,1,1,2,0,1,30,,2,1,0,0,1,76.0,,,,1,2,3,3,6
202100005862,2021-11-26 17:53:00,2021,11,26,17,53,78,78517,LENOTRE (RUE G.),48.64018,1.82654,Nuit avec éclairage allumé,En agglomération,Intersection en T,Pluie légère,Autre collision,3,2,2,0,2,2,2,9,1,30,,2,1,1,0,0,61.0,,,,5,2,3,2,6
202100005863,2021-08-14 01:05:00,2021,8,14,1,5,14,14220,D278,49.35008,0.07967,Nuit avec éclairage allumé,En agglomération,Hors intersection,Normale,Autre collision,3,2,2,0,1,1,1,0,3,50,,1,0,0,1,0,31.0,,,,5,2,1,1,6
202100005864,2021-07-07 17:05:00,2021,7,7,17,5,14,14699,Avenue Charles de Gaulle,49.34989,0.10685,Plein jour,En agglomération,Hors intersection,Temps éblouissant,Deux véhicules - côté,4,2,2,0,2,1,1,0,1,30,,2,0,0,0,2,69.0,30.0,,,1,2,1,7,3
202100005865,2021-09-01 07:55:00,2021,9,1,7,55,02,02691,DUMAS (RUE ALEXANDRE),49.84893,3.27036,Plein jour,En agglomération,Intersection en X,Normale,Deux véhicules - côté,4,2,2,0,1,1,1,0,1,50,,2,1,0,0,1,50.0,38.0,,,1,2,2,1,3
202100005866,2021-11-26 14:50:00,2021,11,26,14,50,974,97409,DU LYCEE(RUE),-20.9652,55.65203,Plein jour,En agglomération,Intersection en X,Normale,Deux véhicules - frontale,4,4,4,3,1,1,1,0,1,50,,2,1,0,0,1,23.0,54.0,,,1,2,2,1,1
202100005867,2021-11-27 09:50:00,2021,11,27,9,50,973,97302,MADELEINE (ROUTE DE LA),4.9264707791,-52.3244261743,Plein jour,En agglomération,Hors intersection,Normale,Deux véhicules - côté,3,2,2,0,1,1,1,0,1,50,,2,1,0,1,0,75.0,33.0,,,1,2,1,1,3
202100005868,2021-11-26 14:25:00,2021,11,26,14,25,973,97302,MADELEINE (ROUTE DE LA),4.9166551697,-52.3213484288,Plein jour,En agglomération,Hors intersection,Normale,Deux véhicules - côté,3,2,2,0,1,1,1,0,1,50,,3,2,0,0,1,47.0,41.0,,,1,2,1,1,3
202100005869,2021-11-26 11:10:00,2021,11,26,11,10,973,97302,RABAN (ROUTE DE),4.9295243203,-52.3151049614,Plein jour,En agglomération,Intersection en X,Normale,Deux véhicules - côté,3,2,2,0,1,1,1,0,1,50,,2,1,0,0,1,65.0,59.0,,,1,2,2,1,3
202100005870,2021-11-22 14:35:00,2021,11,22,14,35,973,97302,14 ET 22 JUIN 1962,4.9355013108,-52.3274792433,Plein jour,En agglomération,Intersection en T,Normale,Deux véhicules - côté,4,1,2,0,1,1,1,0,1,50,,2,1,0,0,1,29.0,34.0,,,1,2,3,1,3
202100005871,2021-11-27 16:30:00,2021,11,27,16,30,69,69259,FRANCIS DE PRESSENSE (AV),45.7171452743,4.8704379309,Plein jour,En agglomération,Intersection en T,Normale,Deux véhicules - frontale,4,2,3,2,1,1,1,0,1,50,,2,1,0,0,1,29.0,45.0,,,1,2,3,1,1
202100005872,2021-11-27 01:27:00,2021,11,27,1,27,69,69276,URBAIN SUD (BD)                          ,45.67981,4.85019,Nuit avec éclairage allumé,Hors agglomération,Hors intersection,Temps couvert,Autre collision,7,1,2,0,2,3,2,3,3,80,,1,0,0,0,1,39.0,,,,5,1,1,8,6
202100005873,2021-11-26 17:40:00,2021,11,26,17,40,69,69387,MADELEINE (DE LA) (R),45.7460892125,4.8480176926,Nuit avec éclairage allumé,En agglomération,Autre intersection,Normale,Autre collision,4,2,2,2,1,1,1,0,1,50,,2,1,0,0,1,19.0,,,,5,2,9,1,6
202100005874,2021-11-26 14:55:00,2021,11,26,14,55,69,69259,AMBROISE CROIZAT (BD),45.70678,4.88745,Plein jour,En agglomération,Intersection en T,Normale,Deux véhicules - arrière,7,3,5,3,1,1,1,0,1,50,,2,1,0,0,1,23.0,48.0,,,1,2,3,1,2
202100005875,2021-11-26 07:40:00,2021,11,26,7,40,69,69383,GENERAL MOUTON DUVERNET (DU) (R),45.7509,4.86082,Plein jour,En agglomération,Intersection en X,Temps couvert,Deux véhicules - côté,4,4,2,1,1,1,1,5,5,50,,2,1,0,0,1,24.0,32.0,,,1,2,2,8,3
202100005876,2021-11-25 05:40:00,2021,11,25,5,40,972,97209,SOLEIL LEVANT (BOULEVARD DU),14.62597,-61.03917,Crépuscule ou aube,Hors agglomération,Hors intersection,Pluie légère,Autre collision,3,2,2,0,2,1,2,0,1,50,,1,0,0,0,1,32.0,,,,2,1,1,2,6
202100005877,2021-11-28 00:10:00,2021,11,28,0,10,69,69286,EUROPE (DE L') (AV),45.81731,4.90092,Nuit avec éclairage allumé,En agglomération,Intersection en T,Normale,Autre collision,4,3,3,0,2,1,1,0,1,50,,1,0,0,1,0,25.0,,,,5,2,3,1,6
202100005878,2021-11-27 03:00:00,2021,11,27,3,0,69,69286,FONTAINES (DE) (RTE),45.82548,4.88048,Nuit sans éclairage public,Hors agglomération,Hors intersection,Pluie légère,Autre collision,4,2,2,0,2,4,2,0,1,50,,2,1,0,0,1,22.0,,,,3,1,1,2,6
202100005879,2021-11-23 15:15:00,2021,11,23,15,15,69,69389,GARE D'EAU (DE LA) (Q),45.78118,4.80761,Plein jour,En agglomération,Hors intersection,Normale,Trois véhicules et plus - collisions multiples,4,2,4,0,1,1,1,0,1,50,,5,3,0,0,2,65.0,59.0,,,1,2,1,1,5
202100005880,2021-11-25 11:20:00,2021,11,25,11,20,69,69384,HERBOUVILLE (D') (CR),45.775033949,4.8389786482,Plein jour,En agglomération,Hors intersection,Pluie légère,Trois véhicules et plus - collisions multiples,4,1,2,3,1,1,2,0,1,50,,3,2,0,0,1,35.0,51.0,,,1,2,1,2,5
202100005881,2021-11-25 12:05:00,2021,11,25,12,5,69,69286,VICTOR HUGO (AV),45.81917,4.89359,Plein jour,En agglomération,Intersection en T,Pluie légère,Autre collision,7,2,3,0,1,1,2,0,1,50,,2,1,0,0,1,62.0,,,,1,2,3,2,6
202100005882,2021-11-26 14:38:00,2021,11,26,14,38,2A,2A004,ROSSINI PASCAL BD,41.91641,8.7315,Plein jour,En agglomération,Hors intersection,Pluie forte,Autre collision,3,2,2,0,1,3,2,0,1,50,,2,1,0,0,1,39.0,,,,1,2,1,3,6
202100005883,2021-11-26 20:15:00,2021,11,26,20,15,91,91657,RUE JULES VERNE,48.699644,2.43803,Nuit avec éclairage allumé,En agglomération,Hors intersection,Pluie légère,Deux véhicules - côté,4,2,2,0,1,1,2,0,1,50,,3,2,0,0,1,20.0,51.0,,,5,2,1,2,3
202100005884,2021-11-27 12:35:00,2021,11,27,12,35,91,91027,AV FRANCOIS MITTERRAND,48.7,2.371,Plein jour,En agglomération,Intersection en T,Temps couvert,Deux véhicules - arrière,3,2,4,0,1,1,2,5,1,50,,2,1,0,0,1,29.0,45.0,,,1,2,3,8,2
202100005885,2021-11-26 19:15:00,2021,11,26,19,15,91,91286,CORBEIL (ROUTE DE),48.654614,2.388667,Nuit avec éclairage allumé,En agglomération,Intersection en X,Pluie légère,Deux véhicules - frontale,4,2,2,0,1,1,2,0,1,50,,2,1,0,0,1,42.0,75.0,,,5,2,2,2,1
202100005886,2021-11-26 08:30:00,2021,11,26,8,30,91,91027,AV JEAN PIERRE BENARD,48.71304,2.37825,Plein jour,En agglomération,Autre intersection,Temps couvert,Deux véhicules - côté,3,1,4,0,1,1,1,5,1,50,,2,1,0,0,1,32.0,14.0,,,1,2,9,8,3
202100005887,2021-11-27 07:20:00,2021,11,27,7,20,91,91223,CD 837,48.42571,2.16402,Nuit sans éclairage public,En agglomération,Hors intersection,Normale,Autre collision,4,2,2,0,1,1,1,0,1,50,,2,1,0,1,0,36.0,,,,3,2,1,1,6
202100005888,2021-11-26 11:16:00,2021,11,26,11,16,87,87085,JEANTY SARRE (RUE),45.82928,1.26013,Plein jour,En agglomération,Hors intersection,Pluie légère,Sans collision,4,1,1,0,2,1,2,0,1,50,,1,0,0,0,1,60.0,,,,1,2,1,2,7
202100005889,2021-11-25 18:41:00,2021,11,25,18,41,87,87085,AUTOROUTE A20,45.84859,1.27642,Nuit avec éclairage allumé,Hors agglomération,Hors intersection,Normale,Autre collision,1,1,5,0,2,1,2,3,1,50,,1,0,0,0,1,25.0,,,,5,1,1,1,6
202100005890,2021-11-26 10:15:00,2021,11,26,10,15,87,87085,ROUSSILLON (AVENUE DU),45.81757,1.22323,Plein jour,En agglomération,Hors intersection,Normale,Autre collision,4,2,2,0,1,1,2,0,1,30,,2,1,0,1,0,63.0,,,,1,2,1,1,6
202100005891,2021-11-25 12:35:00,2021,11,25,12,35,86,86214,Route de Nouaille,46.5604,0.36804,Plein jour,En agglomération,Autre intersection,Pluie légère,Autre collision,3,1,2,0,1,2,2,0,1,50,,2,1,0,0,1,60.0,,,,1,2,9,2,6
202100005892,2021-11-19 12:45:00,2021,11,19,12,45,84,84031,NOTRE DAME DE SANTE AVENUE,44.060619,5.048713,Plein jour,En agglomération,Hors intersection,Normale,Deux véhicules - côté,4,2,1,0,1,1,1,0,1,50,,2,1,0,1,0,17.0,30.0,,,1,2,1,1,3
202100005893,2021-11-25 18:50:00,2021,11,25,18,50,83,83126,Ytzhak RABIN - D63,43.11544,5.87367,Nuit avec éclairage allumé,En agglomération,Hors intersection,Pluie légère,Autre collision,7,2,2,0,1,1,2,0,1,50,,2,1,0,0,1,24.0,,,,5,2,1,2,6
202100005894,2021-11-20 14:15:00,2021,11,20,14,15,83,83126,QUATRE SEPTEMBRE (BD DU),43.1038943195,5.871886611,Plein jour,En agglomération,Autre intersection,Normale,Deux véhicules - côté,4,2,2,0,1,1,1,0,1,50,,3,1,0,1,1,38.0,38.0,,,1,2,9,1,3
202100005895,2021-11-27 13:45:00,2021,11,27,13,45,83,83069,BERNARD ( RUE MARIO ),43.1127296364,6.1187571287,Plein jour,En agglomération,Autre intersection,Temps éblouissant,Autre collision,4,3,0,0,1,1,2,0,1,30,,2,1,0,1,0,76.0,,,,1,2,9,7,6
202100005896,2021-11-26 13:33:00,2021,11,26,13,33,78,78498,SAINT LOUIS RUE,48.93051,2.03855,Plein jour,En agglomération,Hors intersection,Pluie légère,Autre collision,3,4,3,0,1,3,2,0,1,30,,2,1,1,0,0,54.0,,,,1,2,1,2,6
202100005897,2021-11-21 11:50:00,2021,11,21,11,50,78,78015,ECLUSE (QUAI DE L'),48.963543,2.046167,Plein jour,En agglomération,Autre intersection,Pluie légère,Deux véhicules - frontale,4,2,0,0,1,1,2,9,1,30,,2,0,0,0,2,48.0,71.0,,,1,2,9,2,1
202100005898,2021-11-26 19:35:00,2021,11,26,19,35,77,77350,CD NUMERO 471,48.77842,2.70922,Nuit sans éclairage public,Hors agglomération,Hors intersection,Pluie légère,Autre collision,3,2,0,0,1,1,2,0,1,80,,2,1,1,0,0,33.0,,,,3,1,1,2,6
202100005899,2021-11-26 20:35:00,2021,11,26,20,35,77,77296,D57,48.629,2.57311,Nuit avec éclairage allumé,En agglomération,Giratoire,Pluie légère,Deux véhicules - côté,3,2,2,0,1,2,2,5,1,50,,2,1,0,0,1,45.0,31.0,,,5,2,6,2,3
202100005900,2021-11-26 17:55:00,2021,11,26,17,55,77,77152,D82E2,48.51659,2.626221,Nuit avec éclairage allumé,En agglomération,Autre intersection,Normale,Deux véhicules - côté,3,2,2,0,1,1,1,0,1,50,,2,1,0,1,0,46.0,19.0,,,5,2,9,1,3
202100005901,2021-11-26 09:00:00,2021,11,26,9,0,77,77243,D10,48.86435,2.71885,Plein jour,En agglomération,Hors intersection,Normale,Deux véhicules - frontale,3,2,2,0,1,1,1,0,1,50,,3,2,0,1,0,16.0,81.0,,,1,2,1,1,1
202100005902,2021-11-26 08:30:00,2021,11,26,8,30,77,77186,D607,48.402105,2.687202,Plein jour,En agglomération,Hors intersection,Normale,Autre collision,3,3,4,0,2,1,1,1,8,30,,2,1,0,0,1,17.0,,,,1,2,1,1,6
202100005903,2021-11-26 10:13:00,2021,11,26,10,13,76,76351,BOIS AU COQ (AVENUE),49.51255,0.12568,Plein jour,En agglomération,Intersection en X,Normale,Autre collision,4,2,5,3,1,1,2,9,6,50,,2,1,0,0,1,31.0,,,,1,2,2,1,6
202100005904,2021-11-26 17:00:00,2021,11,26,17,0,72,72181,RD 23 (RTE),47.96888,0.23504,Nuit sans éclairage public,Hors agglomération,Hors intersection,Pluie légère,Deux véhicules - arrière,3,3,4,0,1,1,2,0,1,110,,2,1,0,0,1,32.0,36.0,,,3,1,1,2,2
202100005905,2021-11-26 17:20:00,2021,11,26,17,20,72,72003,ANJOU (BD D'),47.96517,0.16188,Nuit avec éclairage allumé,En agglomération,Hors intersection,Temps couvert,Autre collision,4,2,2,0,1,1,1,0,1,30,,2,1,0,0,1,36.0,,,,5,2,1,8,6
202100005906,2021-11-24 16:10:00,2021,11,24,16,10,72,72181,LAENNEC RENE (AV),48.02001,0.16241,Plein jour,En agglomération,Autre intersection,Normale,Autre collision,4,2,2,2,1,1,1,0,1,30,,2,1,0,0,1,77.0,,,,1,2,9,1,6
202100005907,2021-11-24 09:20:00,2021,11,24,9,20,72,72181,GENESLAY FELIX (AV) N° PAIRS 2 A 144,47.97799,0.20806,Plein jour,En agglomération,Hors intersection,Normale,Deux véhicules - arrière,4,2,4,2,1,1,1,0,1,50,,2,1,0,0,1,36.0,49.0,,,1,2,1,1,2
202100005908,2021-11-27 10:00:00,2021,11,27,10,0,71,71306,LANGRES (RUE DE),46.6834492633,4.3445285839,Plein jour,Hors agglomération,Intersection en X,Normale,Deux véhicules - côté,4,2,2,0,1,1,1,0,1,50,,2,1,0,0,1,30.0,58.0,,,1,1,2,1,3
202100005909,2021-11-25 07:15:00,2021,11,25,7,15,66,66136,SCHWEITZER (AVENUE DU DOCTEUR ALBERT),42.72077,2.8839,Nuit sans éclairage public,En agglomération,Hors intersection,Normale,Autre collision,4,2,2,0,1,1,1,0,1,30,,2,1,0,0,1,59.0,,,,3,2,1,1,6
202100005910,2021-11-24 15:57:00,2021,11,24,15,57,66,66136,LANGUEDOC (AVENUE DU CD 88),42.72485,2.88724,Plein jour,En agglomération,Hors intersection,Pluie forte,Deux véhicules - frontale,4,2,2,0,1,1,2,0,1,50,,2,1,0,0,1,62.0,32.0,,,1,2,1,3,1
202100005911,2021-11-26 20:45:00,2021,11,26,20,45,64,64269,BEARN DU,43.30103,-0.30665,Nuit avec éclairage allumé,En agglomération,Hors intersection,Pluie légère,Deux véhicules - arrière,4,2,2,0,1,1,2,9,8,50,,2,1,0,0,1,25.0,,,,5,2,1,2,2
202100005912,2021-11-26 19:10:00,2021,11,26,19,10,64,64445,ETIGNY D',43.29599,-0.37858,Nuit avec éclairage allumé,En agglomération,Intersection en X,Normale,Autre collision,4,2,3,0,2,1,1,0,1,50,,2,1,0,0,1,71.0,,,,5,2,2,1,6
202100005913,2021-11-26 12:10:00,2021,11,26,12,10,64,64445,JEAN MERMOZ,43.313479905,-0.3775960207,Plein jour,En agglomération,Hors intersection,Normale,Deux véhicules - arrière,4,2,3,0,1,1,1,0,1,50,,2,1,0,0,1,20.0,78.0,,,1,2,1,1,2
202100005914,2021-11-24 15:20:00,2021,11,24,15,20,64,64102,JUIN (AVENUE DU MARECHAL),43.49043,-1.46146,Plein jour,En agglomération,Hors intersection,Normale,Deux véhicules - côté,4,3,2,2,1,1,1,9,5,30,,2,1,0,0,1,75.0,18.0,,,1,2,1,1,3
202100005915,2021-11-25 17:39:00,2021,11,25,17,39,63,63032,MONTANT (RUE DU),45.75246,3.09721,Crépuscule ou aube,En agglomération,Hors intersection,Normale,Autre collision,4,2,2,0,1,1,1,0,1,30,,2,1,0,0,1,65.0,,,,2,2,1,1,6
202100005916,2021-11-25 20:00:00,2021,11,25,20,0,63,63075,CLAUSSAT (AVENUE JOSEPH),45.78039,3.06295,Nuit avec éclairage allumé,En agglomération,Hors intersection,Normale,Deux véhicules - côté,7,2,2,0,1,1,1,0,1,50,,2,1,0,0,1,35.0,32.0,,,5,2,1,1,3
202100005917,2021-11-20 17:10:00,2021,11,20,17,10,62,62498,BASSEE (RTE DE LA),50.443492,2.81985,Crépuscule ou aube,En agglomération,Hors intersection,Pluie légère,Deux véhicules - frontale,3,1,1,0,1,1,2,0,1,50,,2,1,0,1,0,32.0,16.0,,,2,2,1,2,1
202100005918,2021-11-26 08:00:00,2021,11,26,8,0,62,62193,DEPARTEMENTALE 943,50.92346,1.907214,Crépuscule ou aube,Hors agglomération,Hors intersection,Temps couvert,Deux véhicules - arrière,3,2,2,0,1,1,2,0,1,70,,2,1,0,1,0,35.0,54.0,,,2,1,1,8,2
202100005919,2021-11-27 19:10:00,2021,11,27,19,10,62,62119,LAMARTINE ( RUE ),50.534671,2.638585,Nuit avec éclairage allumé,En agglomération,Hors intersection,Pluie légère,Autre collision,4,2,2,0,1,3,2,0,1,50,,2,1,1,0,0,19.0,,,,5,2,1,2,6
202100005920,2021-11-26 23:30:00,2021,11,26,23,30,60,60175,RD 201_ACCES 201 ,49.24536,2.45845,Nuit sans éclairage public,Hors agglomération,Hors intersection,Pluie légère,Deux véhicules - côté,3,2,2,0,1,4,2,9,1,80,,4,1,1,1,1,47.0,21.0,,,3,1,1,2,3
202100005921,2021-11-22 13:20:00,2021,11,22,13,20,60,60159,Avenue Marcelin Berthelot,49.38981,2.78747,Plein jour,Hors agglomération,Hors intersection,Normale,Sans collision,4,3,4,0,1,1,1,0,1,50,,2,1,0,0,1,35.0,,,,1,1,1,1,7
202100005922,2021-11-26 19:20:00,2021,11,26,19,20,59,59421,MIRABEAU (RUE),50.7027,3.1334,Nuit avec éclairage allumé,En agglomération,Hors intersection,Pluie légère,Deux véhicules - arrière,7,2,1,0,1,1,2,0,1,30,,2,1,0,1,0,43.0,41.0,,,5,2,1,2,2
202100005923,2021-11-27 07:50:00,2021,11,27,7,50,59,59512,MOTTE (AVENUE ALFRED),50.6767172638,3.1975017711,Nuit avec éclairage allumé,En agglomération,Intersection en X,Neige / grêle,Autre collision,7,3,2,0,1,1,2,0,1,50,,2,1,0,0,1,,,,,5,2,2,4,6
202100005924,2021-11-26 11:25:00,2021,11,26,11,25,59,59017,BLUM  (AVENUE LEON),50.6975950188,2.8876546923,Plein jour,En agglomération,Intersection en T,Normale,Deux véhicules - côté,4,2,2,1,1,1,2,0,1,50,,2,1,0,1,0,25.0,28.0,,,1,2,3,1,3
202100005925,2021-11-26 08:15:00,2021,11,26,8,15,59,59017,LILLE (RUE DE ),50.6843581454,2.8807246685,Crépuscule ou aube,En agglomération,Hors intersection,Normale,Autre collision,4,2,2,0,1,1,1,0,1,50,,2,1,0,1,0,81.0,18.0,,,2,2,1,1,6
202100005926,2021-11-23 18:35:00,2021,11,23,18,35,58,58194,MOLIERE,47.0046,3.151,Nuit avec éclairage allumé,En agglomération,Hors intersection,Pluie légère,Deux véhicules - côté,4,1,1,0,1,1,2,0,1,30,,2,1,0,0,1,55.0,11.0,,,5,2,1,2,3
202100005927,2021-11-24 18:24:00,2021,11,24,18,24,57,57672,Avenue du 14 Juillet 1789,49.35783,6.13018,Nuit avec éclairage allumé,En agglomération,Hors intersection,Normale,Autre collision,4,2,2,0,1,1,1,6,1,30,,2,1,0,1,0,51.0,,,,5,2,1,1,6
202100005928,2021-11-27 11:35:00,2021,11,27,11,35,56,56260,REMY (BD DU COLONEL),47.65932,-2.78099,Plein jour,En agglomération,Hors intersection,Normale,Autre collision,4,3,3,0,1,1,1,0,1,50,,2,1,0,1,0,75.0,,,,1,2,1,1,6
202100005929,2021-11-26 20:40:00,2021,11,26,20,40,56,56162,Route du Fort Bloqué,47.73265,-3.48407,Nuit avec éclairage allumé,En agglomération,Hors intersection,Normale,Sans collision,3,2,2,0,1,1,9,0,3,50,,1,0,0,0,1,37.0,,,,5,2,1,1,7