accident_id,datetime,annee,mois,jour,heure,minute,departement,commune_insee,adresse,latitude,longitude,luminosite,agglomeration,intersection,meteo,collision,catr,circ,nbv,vosp,prof,plan,surf,infra,situ,vma,nb_vehicules,nb_usagers,nb_indemnes,nb_tues,nb_blesses_hosp,nb_blesses_legers,age_cond_1,age_cond_2,veh_type_cond_1,veh_type_cond_2,lum_code,agg_code,int_code,atm_code,col_code
202100005930,2021-11-26 14:50:00,2021,11,26,14,50,56,56121,LANVEUR ( ET PL. DE ),47.7423464,-3.386911,Plein jour,En agglomération,Hors intersection,Normale,Deux véhicules - arrière,4,2,2,0,1,1,1,0,1,30,,2,1,0,0,1,18.0,38.0,,,1,2,1,1,2
202100005931,2021-11-27 19:20:00,2021,11,27,19,20,54,54304,RESISTANCE (AV. DE LA -IMPAIR-),48.69396,6.13523,Nuit avec éclairage allumé,En agglomération,Autre intersection,Pluie légère,Deux véhicules - côté,4,2,4,0,1,1,2,0,1,50,,6,5,0,0,1,20.0,48.0,,,5,2,9,2,3
202100005932,2021-11-26 19:00:00,2021,11,26,19,0,54,54395,METZ (RUE DE),48.70027,6.17236,Nuit avec éclairage allumé,En agglomération,Intersection en X,Pluie légère,Deux véhicules - frontale,7,2,2,2,1,1,2,0,1,50,,2,1,0,0,1,20.0,18.0,,,5,2,2,2,1
202100005933,2021-11-25 20:42:00,2021,11,25,20,42,54,54395,SAINT LEON (RUE ET EGLISE),48.6884107651,6.1732763774,Nuit avec éclairage allumé,En agglomération,Intersection en X,Normale,Autre collision,4,1,2,2,1,1,1,0,1,50,,2,1,0,0,1,21.0,,,,5,2,2,1,6
202100005934,2021-11-24 17:50:00,2021,11,24,17,50,54,54257,Rue du Collège,48.65715,6.20764,Nuit avec éclairage allumé,En agglomération,Hors intersection,Normale,Deux véhicules - frontale,4,2,2,1,1,3,1,0,1,50,,2,1,0,0,1,19.0,71.0,,,5,2,1,1,1
202100005935,2021-11-24 16:35:00,2021,11,24,16,35,54,54197,LUPCOURT (ROUTE DE),48.6262020297,6.2181188076,Crépuscule ou aube,Hors agglomération,Hors intersection,Normale,Deux véhicules - côté,7,2,2,0,3,1,1,0,1,70,,2,1,0,0,1,75.0,54.0,,,2,1,1,1,3
202100005936,2021-11-20 22:20:00,2021,11,20,22,20,54,54323,REPUBLIQUE (AVENUE DE LA),49.518105,5.76334,Nuit avec éclairage allumé,En agglomération,Hors intersection,Normale,Autre collision,3,-1,2,0,2,2,1,0,1,50,,2,0,1,0,1,19.0,,,,5,2,1,1,6
202100005937,2021-11-22 18:50:00,2021,11,22,18,50,52,52448,LOUBERT (AVENUE DE),48.6477,4.9626,Nuit avec éclairage allumé,En agglomération,Hors intersection,Normale,Deux véhicules - frontale,4,-1,2,0,1,1,1,0,1,50,,5,4,0,0,1,34.0,47.0,,,5,2,1,1,1
202100005938,2021-11-26 17:36:00,2021,11,26,17,36,51,51454,N244,49.2241234099,4.0652954578,Nuit avec éclairage allumé,Hors agglomération,Hors intersection,Pluie légère,Deux véhicules - arrière,2,1,3,0,1,1,2,0,1,90,,2,1,0,0,1,20.0,33.0,,,5,1,1,2,2
202100005939,2021-11-26 17:45:00,2021,11,26,17,45,51,51454,Avenue Georges Clémenceau,49.25148,4.04702,Nuit avec éclairage allumé,En agglomération,Hors intersection,Pluie légère,Sans collision,4,2,2,1,1,1,2,0,1,30,,2,1,0,0,1,22.0,,,,5,2,1,2,7
202100005940,2021-11-26 07:20:00,2021,11,26,7,20,51,51454,Rue du Champ de Mars,49.26404,4.0411,Nuit avec éclairage allumé,En agglomération,Intersection en T,Normale,Deux véhicules - arrière,4,2,2,0,1,1,1,0,1,50,,2,1,0,0,1,24.0,37.0,,,5,2,3,1,2
202100005941,2021-11-25 18:05:00,2021,11,25,18,5,49,49007,ATLANTIQUE  AVENUE DE L',47.46915,-0.60328,Crépuscule ou aube,Hors agglomération,Hors intersection,Normale,Deux véhicules - arrière,3,3,4,0,1,1,1,0,1,90,,4,2,0,0,2,30.0,42.0,,,2,1,1,1,2
202100005942,2021-11-26 10:30:00,2021,11,26,10,30,47,47001,VAL PRE (RUE),44.21081,0.64631,Plein jour,En agglomération,Intersection en T,Temps couvert,Autre collision,3,2,2,0,1,1,2,0,1,30,,2,1,0,0,1,45.0,,,,1,2,3,8,6
202100005943,2021-11-27 16:30:00,2021,11,27,16,30,45,45234,ALBERT 1ER (RUE ALBERT 1ER),47.90827,1.90686,Nuit avec éclairage allumé,En agglomération,Intersection en T,Pluie forte,Deux véhicules - côté,4,2,2,3,1,1,2,0,1,50,,6,4,0,0,2,21.0,20.0,,,5,2,3,3,3
202100005944,2021-11-26 07:40:00,2021,11,26,7,40,45,45338,MERMOZ (RUE JEAN),47.9808,2.72313,Crépuscule ou aube,En agglomération,Autre intersection,Normale,Deux véhicules - côté,3,2,2,0,1,1,1,0,1,50,,2,1,0,0,1,27.0,45.0,,,2,2,9,1,3
202100005945,2021-11-27 07:30:00,2021,11,27,7,30,44,44190,RUE DE LA JAUNAIE,47.19216,-1.49711,Nuit avec éclairage allumé,En agglomération,Hors intersection,Pluie légère,Deux véhicules - frontale,4,2,0,0,1,1,2,0,1,50,,2,1,0,0,1,25.0,23.0,,,5,2,1,2,1
202100005946,2021-11-27 20:28:00,2021,11,27,20,28,37,37261,GILLES (RUE CHARLES),47.3882949225,0.6898017973,Nuit avec éclairage allumé,En agglomération,Intersection en T,Pluie légère,Sans collision,4,1,3,3,1,3,2,0,1,30,,1,0,0,0,1,22.0,,,,5,2,3,2,7
202100005947,2021-11-27 13:47:00,2021,11,27,13,47,37,37122,VOIE COMMUNALE 300 LIEUDIT BOUCHARDIERE,47.3400208284,0.6707923233,Plein jour,En agglomération,Hors intersection,Pluie légère,Sans collision,4,4,1,0,1,1,2,2,1,30,,1,0,0,0,1,34.0,,,,1,2,1,2,7
202100005948,2021-11-26 08:45:00,2021,11,26,8,45,37,37233,LOIRE (LEVEE DE LA),47.4004434299,0.7418252528,Plein jour,En agglomération,Intersection en T,Normale,Deux véhicules - côté,4,2,2,0,1,1,1,0,1,80,,2,1,0,0,1,51.0,57.0,,,1,2,3,1,3
202100005949,2021-11-24 10:10:00,2021,11,24,10,10,37,37261,CHEVALLIER (RUE AUGUSTE),47.3757735328,0.6791245937,Plein jour,En agglomération,Intersection en T,Normale,Deux véhicules - côté,4,2,5,2,2,1,1,5,1,50,,2,1,0,1,0,75.0,61.0,,,1,2,3,1,3
202100005950,2021-11-26 19:40:00,2021,11,26,19,40,35,35238,RN136,48.095766,-1.711479,Nuit sans éclairage public,En agglomération,Hors intersection,Pluie légère,Trois véhicules et plus - collisions multiples,2,3,6,0,1,1,2,0,1,90,,8,7,0,0,1,,28.0,,,3,2,1,2,5
202100005951,2021-11-26 19:50:00,2021,11,26,19,50,35,35238,PAVIE (AUGUSTE),48.10462,-1.649,Nuit avec éclairage allumé,En agglomération,Intersection en T,Pluie légère,Autre collision,4,2,2,2,1,1,2,0,1,50,,2,1,0,0,1,50.0,,,,5,2,3,2,6
202100005952,2021-11-26 18:50:00,2021,11,26,18,50,35,35238,VANEAU,48.11111,-1.69279,Nuit avec éclairage allumé,En agglomération,Hors intersection,Pluie légère,Autre collision,4,2,2,2,1,1,2,0,4,50,,2,1,0,0,1,44.0,,,,5,2,1,2,6
202100005953,2021-11-27 05:29:00,2021,11,27,5,29,34,34129,PALAVAS D986 (ROUTE DE),43.55762,3.89283,Nuit sans éclairage public,Hors agglomération,Hors intersection,Normale,Sans collision,7,1,2,0,1,1,2,0,1,90,,4,1,0,1,2,37.0,,,,3,1,1,1,7
202100005954,2021-11-26 10:35:00,2021,11,26,10,35,34,34172,PROGRES (RUE DU),43.61141,3.86262,Plein jour,En agglomération,Intersection en T,Normale,Deux véhicules - côté,4,1,1,0,1,1,2,0,1,30,,2,1,0,1,0,63.0,,,,1,2,3,1,3
202100005955,2021-11-25 18:45:00,2021,11,25,18,45,34,34172,RAVAZ (AVENUE DU PROFESSEUR LOUIS,43.62097,3.84885,Nuit avec éclairage allumé,En agglomération,Intersection en T,Pluie légère,Autre collision,4,2,2,0,1,1,2,9,1,50,,2,1,0,0,1,37.0,,,,5,2,3,2,6
202100005956,2021-11-27 02:50:00,2021,11,27,2,50,33,33063,QUAI DE BACALAN,44.85846,-0.55802,Nuit avec éclairage allumé,En agglomération,Hors intersection,Pluie légère,Deux véhicules - arrière,4,1,1,0,1,1,2,0,1,50,,2,1,0,0,1,,29.0,,,5,2,1,2,2
202100005957,2021-11-26 22:23:00,2021,11,26,22,23,33,33522,Rue Peydavant,44.8067,-0.58619,Nuit avec éclairage allumé,En agglomération,Giratoire,Pluie légère,Deux véhicules - côté,4,2,2,1,1,3,2,0,1,50,,2,1,0,1,0,48.0,53.0,,,5,2,6,2,3
202100005958,2021-11-22 19:45:00,2021,11,22,19,45,33,33063,Avenue de Mérignac,44.83863,-0.621,Nuit avec éclairage allumé,En agglomération,Intersection en X,Normale,Deux véhicules - côté,4,2,2,1,1,1,1,0,1,50,,2,1,0,0,1,57.0,23.0,,,5,2,2,1,3
202100005959,2021-11-26 15:50:00,2021,11,26,15,50,33,33162,Route de lacanau,44.87331,-0.65885,Plein jour,En agglomération,Hors intersection,Pluie légère,Trois véhicules et plus - en chaîne,4,3,2,0,1,1,2,0,1,90,,5,2,0,0,3,49.0,31.0,,,1,2,1,2,4
202100005960,2021-11-27 10:25:00,2021,11,27,10,25,31,31149,Bd VICTOR HUGO,43.61745,1.3195,Plein jour,En agglomération,Hors intersection,Pluie légère,Autre collision,4,2,1,0,1,1,2,0,1,50,,2,1,0,0,1,64.0,,,,1,2,1,2,6
202100005961,2021-11-26 20:45:00,2021,11,26,20,45,31,31555,AV DE GRANDE BRETAGNE,43.59906,1.41713,Nuit avec éclairage allumé,En agglomération,Hors intersection,Normale,Deux véhicules - côté,4,2,3,1,1,1,1,9,5,50,,2,1,0,0,1,50.0,31.0,,,5,2,1,1,3
202100005962,2021-11-26 12:00:00,2021,11,26,12,0,29,29232,Boulevard President Allende,47.99219,-4.07344,Plein jour,En agglomération,Hors intersection,Temps éblouissant,Deux véhicules - arrière,3,3,4,0,2,1,2,2,1,50,,2,1,0,0,1,45.0,38.0,,,1,2,1,7,2
202100005963,2021-11-26 18:25:00,2021,11,26,18,25,29,29039,D44 - Chemin de Keroulin,47.9206,-3.92859,Crépuscule ou aube,Hors agglomération,Hors intersection,Normale,Sans collision,3,2,2,0,1,1,2,0,3,70,,1,0,0,0,1,28.0,,,,2,1,1,1,7
202100005964,2021-11-09 08:35:00,2021,11,9,8,35,29,29039,Rue des Sables Blancs,47.8897759256,-3.9356260301,Crépuscule ou aube,Hors agglomération,Hors intersection,Pluie légère,Sans collision,4,2,2,0,2,2,2,0,3,80,,1,0,0,0,1,22.0,,,,2,1,1,2,7
202100005965,2021-11-27 00:10:00,2021,11,27,0,10,27,27321,RD133,49.20476,1.13763,Nuit sans éclairage public,Hors agglomération,Hors intersection,Pluie légère,Sans collision,3,2,0,0,2,3,2,0,1,80,,1,0,0,0,1,20.0,,,,3,1,1,2,7
202100005966,2021-11-26 22:55:00,2021,11,26,22,55,27,27528,ANDELLE (CHAUSSEE D'),49.26033,1.23547,Nuit sans éclairage public,Hors agglomération,Hors intersection,Pluie légère,Sans collision,3,2,2,0,1,1,2,0,3,80,,1,0,0,0,1,25.0,,,,3,1,1,2,7
202100005967,2021-11-27 13:45:00,2021,11,27,13,45,27,27229,BUFFARDIERE (BOULEVARD DE LA),49.02155,1.14083,Plein jour,En agglomération,Hors intersection,Pluie légère,Deux véhicules - côté,4,2,2,0,1,1,2,0,1,50,,2,1,0,0,1,,15.0,,,1,2,1,2,3
202100005968,2021-11-26 06:55:00,2021,11,26,6,55,26,26198,1 Chemin des Travailleurs a Ancone,44.553365,4.709969,Nuit avec éclairage allumé,Hors agglomération,Intersection en T,Normale,Deux véhicules - arrière,2,2,2,0,1,2,1,0,1,70,,2,1,0,0,1,60.0,21.0,,,5,1,3,1,2
202100005969,2021-11-26 20:55:00,2021,11,26,20,55,17,17028,CHARCOT   BOULEVARD COMMANDANT,46.13628,-1.12491,Nuit avec éclairage allumé,En agglomération,Giratoire,Pluie légère,Deux véhicules - côté,4,2,2,0,1,1,2,0,1,30,,2,1,0,0,1,,23.0,,,5,2,6,2,3
202100005970,2021-11-26 19:25:00,2021,11,26,19,25,17,17300,JOFFRE   BOULEVARD (27-77 et 2-1),46.157956,-1.142325,Nuit avec éclairage allumé,En agglomération,Intersection en X,Pluie forte,Deux véhicules - côté,4,2,2,0,1,1,2,5,1,50,,2,1,0,1,0,60.0,46.0,,,5,2,2,3,3
202100005971,2021-11-22 11:25:00,2021,11,22,11,25,16,16102,HUGO (AVENUE VICTOR),45.6895962449,-0.3181153536,Plein jour,En agglomération,Hors intersection,Normale,Deux véhicules - arrière,4,2,2,0,1,1,1,0,1,50,,2,1,0,1,0,31.0,70.0,,,1,2,1,1,2
202100005972,2021-11-26 08:25:00,2021,11,26,8,25,15,15014,Avenue des Pupilles de la Nation,44.92241,2.44017,Crépuscule ou aube,En agglomération,Hors intersection,Normale,Autre collision,4,2,3,0,1,1,2,0,1,50,,2,1,0,1,0,47.0,,,,2,2,1,1,6
202100005973,2021-11-26 21:35:00,2021,11,26,21,35,13,13071,RIGONS ( CHEMIN DES ),43.41479,5.36088,Nuit avec éclairage allumé,En agglomération,Hors intersection,Normale,Deux véhicules - frontale,6,2,2,0,1,1,1,0,1,50,,2,1,0,0,1,30.0,,,,5,2,1,1,1
202100005974,2021-11-27 17:55:00,2021,11,27,17,55,13,13208,MAZARGUES (AVENUE DE),43.26086,5.39382,Nuit avec éclairage allumé,En agglomération,Autre intersection,Normale,Deux véhicules - côté,4,-1,2,0,1,1,1,0,1,50,,2,1,0,0,1,63.0,81.0,,,5,2,9,1,3
202100005975,2021-11-26 19:46:00,2021,11,26,19,46,13,13203,ROGER SALENGRO (AVENUE),43.30911,5.37414,Nuit avec éclairage non allumé,En agglomération,Place,Normale,Autre collision,4,1,1,0,1,2,1,9,1,50,,2,1,0,1,0,,,,,4,2,7,1,6
202100005976,2021-11-26 16:30:00,2021,11,26,16,30,13,13204,PIERRE ROCHE (RUE),43.30951,5.40263,Plein jour,En agglomération,Hors intersection,Normale,Autre collision,4,1,2,0,1,1,1,0,4,50,,3,1,0,0,2,,,,,1,2,1,1,6
202100005977,2021-11-26 15:50:00,2021,11,26,15,50,13,13203,PLOMBIERES (BOULEVARD DES),43.3176796556,5.3810225711,Plein jour,En agglomération,Hors intersection,Normale,Deux véhicules - arrière,4,1,2,0,2,2,1,0,1,50,,2,1,0,0,1,20.0,35.0,,,1,2,1,1,2
202100005978,2021-11-26 14:30:00,2021,11,26,14,30,13,13212,TROIS LUCS A LA VALENTINE (ROUTE),43.304407984,5.4739649215,Plein jour,En agglomération,Hors intersection,Normale,Deux véhicules - côté,4,-1,2,0,1,1,1,0,1,50,,2,1,0,0,1,74.0,31.0,,,1,2,1,1,3
202100005979,2021-11-26 14:45:00,2021,11,26,14,45,13,13206,FRIEDLAND (RUE),43.28643,5.38766,Plein jour,En agglomération,Hors intersection,Normale,Deux véhicules - arrière,4,1,2,0,1,1,1,0,1,50,,2,1,0,0,1,24.0,41.0,,,1,2,1,1,2
202100005980,2021-11-26 12:35:00,2021,11,26,12,35,13,13214,ROLAND DORGELES (BOULEVARD),43.3475445327,5.3779099717,Plein jour,En agglomération,Hors intersection,Normale,Deux véhicules - arrière,4,2,4,0,1,1,1,0,1,50,,2,1,0,0,1,45.0,27.0,,,1,2,1,1,2
202100005981,2021-11-26 08:00:00,2021,11,26,8,0,13,13207,CORSE (AVENUE DE LA),43.288680268,5.3595370852,Plein jour,En agglomération,Intersection en X,Normale,Deux véhicules - côté,4,2,4,3,2,1,1,0,1,50,,2,1,0,0,1,34.0,37.0,,,1,2,2,1,3
202100005982,2021-11-26 06:30:00,2021,11,26,6,30,13,13211,VALENTINE (ROUTE DE LA),43.2906,5.46333,Crépuscule ou aube,En agglomération,Intersection en T,Pluie légère,Deux véhicules - frontale,7,2,2,0,1,1,1,0,1,50,,2,1,0,0,1,,44.0,,,2,2,3,2,1
202100005983,2021-11-26 18:07:00,2021,11,26,18,7,13,13063,RN 1569 LA TRANSHUMANCE,43.60516,5.00735,Nuit sans éclairage public,Hors agglomération,Hors intersection,Normale,Trois véhicules et plus - en chaîne,2,3,2,0,2,1,1,0,1,90,,7,0,0,0,7,19.0,32.0,,,3,1,1,1,4
202100005984,2021-11-25 19:40:00,2021,11,25,19,40,11,11069,VERNE JULES -AVENUE-,43.20852,2.33029,Nuit avec éclairage allumé,En agglomération,Intersection en X,Pluie légère,Autre collision,4,-1,2,0,1,2,2,0,1,50,,2,1,0,0,1,32.0,,,,5,2,2,2,6
202100005985,2021-11-26 20:24:00,2021,11,26,20,24,10,10387,JULES GUESDE (RUE),48.2929,4.082,Nuit avec éclairage allumé,En agglomération,Hors intersection,Pluie légère,Deux véhicules - arrière,4,2,4,1,1,1,2,0,1,50,,2,1,0,0,1,23.0,19.0,,,5,2,1,2,2
202100005986,2021-10-17 18:32:00,2021,10,17,18,32,06,06104,VOYAGE (AVENUE NOTRE DAME  BON),43.75845,7.4498,Crépuscule ou aube,En agglomération,Hors intersection,Normale,Deux véhicules - frontale,3,2,2,0,2,1,1,0,1,30,,2,1,0,1,0,67.0,45.0,,,2,2,1,1,1
202100005987,2021-11-26 10:15:00,2021,11,26,10,15,03,03098,ROUSSEAU ( RUE JEAN-JACQUES ),46.3541,2.6172,Plein jour,En agglomération,Intersection en T,Pluie légère,Autre collision,4,2,2,0,1,1,8,0,4,50,,1,0,1,0,0,83.0,,,,1,2,3,2,6
202100005988,2021-11-26 21:00:00,2021,11,26,21,0,75,75120,RUE DE GUEBRIANT,48.8729,2.40862,Nuit avec éclairage allumé,En agglomération,Intersection en X,Pluie légère,Autre collision,4,1,1,0,1,1,2,0,1,30,,1,0,0,0,1,32.0,,,,5,2,2,2,6
202100005989,2021-11-27 10:20:00,2021,11,27,10,20,75,75120,RUE DES PYRENEES,48.873802,2.388027,Plein jour,En agglomération,Intersection en Y,Temps couvert,Deux véhicules - côté,4,2,2,2,1,1,2,0,1,30,,2,1,0,1,0,35.0,63.0,,,1,2,4,8,3
202100005990,2021-11-26 23:57:00,2021,11,26,23,57,75,75120,RUE DES PYRENEES,48.852701,2.406119,Nuit avec éclairage allumé,En agglomération,Intersection en X,Pluie légère,Deux véhicules - arrière,4,2,2,0,2,1,2,0,1,30,,3,1,0,0,2,25.0,44.0,,,5,2,2,2,2
202100005991,2021-11-27 16:40:00,2021,11,27,16,40,75,75119,RUE GEORGES LARDENNOIS,48.877985,2.376214,Plein jour,En agglomération,Hors intersection,Pluie légère,Deux véhicules - frontale,4,2,0,0,2,2,2,0,1,30,,2,1,0,0,1,27.0,32.0,,,1,2,1,2,1
202100005992,2021-11-27 10:50:00,2021,11,27,10,50,75,75116,AVENUE DE MALAKOFF,48.875087,2.283977,Plein jour,En agglomération,Intersection en X,Normale,Autre collision,4,2,2,0,1,1,2,0,4,30,,2,1,0,0,1,17.0,,,,1,2,2,1,6
202100005993,2021-11-27 21:30:00,2021,11,27,21,30,75,75115,RUE DE LA CONVENTION,48.839978,2.290363,Nuit avec éclairage allumé,En agglomération,Intersection en X,Pluie légère,Deux véhicules - arrière,4,2,2,0,1,1,2,0,1,30,,2,1,0,0,1,20.0,22.0,,,5,2,2,2,2
202100005994,2021-11-27 14:30:00,2021,11,27,14,30,75,75115,RUE DE JAVEL,48.844941,2.283478,Plein jour,En agglomération,Hors intersection,Pluie légère,Deux véhicules - côté,4,1,1,0,1,1,2,0,1,30,,2,1,0,0,1,28.0,33.0,,,1,2,1,2,3
202100005995,2021-11-27 17:00:00,2021,11,27,17,0,75,75114,AVENUE DE LA PORTE D ORLEANS,48.820911,2.325529,Nuit avec éclairage allumé,En agglomération,Hors intersection,Pluie légère,Sans collision,4,2,7,0,1,1,2,0,1,30,,1,0,0,0,1,37.0,,,,5,2,1,2,7
202100005996,2021-11-27 11:45:00,2021,11,27,11,45,75,75111,BOULEVARD VOLTAIRE,48.866015,2.366329,Plein jour,En agglomération,Intersection en X,Pluie légère,Deux véhicules - côté,4,2,2,1,1,1,2,0,5,30,,3,2,0,0,1,62.0,51.0,,,1,2,2,2,3
202100005997,2021-11-26 22:25:00,2021,11,26,22,25,75,75110,RUE DU FAUBOURG SAINT MARTIN,48.883875,2.368586,Nuit avec éclairage allumé,En agglomération,Intersection en X,Pluie légère,Deux véhicules - côté,4,2,4,0,1,1,2,0,1,30,,2,1,0,0,1,29.0,47.0,,,5,2,2,2,3
202100005998,2021-11-26 04:55:00,2021,11,26,4,55,75,75109,BOULEVARD DE ROCHECHOUART,48.88361,2.349518,Nuit avec éclairage allumé,En agglomération,Intersection en X,Pluie légère,Deux véhicules - arrière,4,3,2,0,2,1,2,0,1,30,,3,1,0,0,2,32.0,21.0,,,5,2,2,2,2
202100005999,2021-11-27 01:15:00,2021,11,27,1,15,75,75102,BOULEVARD MONTMARTRE,48.871849,2.34083,Nuit avec éclairage allumé,En agglomération,Hors intersection,Normale,Autre collision,4,2,4,2,1,1,2,0,1,30,,2,1,0,1,0,31.0,,,,5,2,1,1,6
202100006000,2021-11-27 00:55:00,2021,11,27,0,55,75,75103,RUE DE FRANCHE COMTE,48.864698,2.364499,Nuit avec éclairage allumé,En agglomération,Place,Pluie légère,Deux véhicules - côté,4,2,2,0,1,1,2,0,1,30,,2,1,0,0,1,31.0,,,,5,2,7,2,3
202100006001,2021-11-27 23:45:00,2021,11,27,23,45,75,75104,RUE DE LA CITE,48.854029,2.347374,Nuit avec éclairage allumé,En agglomération,Place,Pluie légère,Deux véhicules - côté,4,1,2,1,1,1,2,0,1,30,,3,2,0,0,1,25.0,40.0,,,5,2,7,2,3
202100006002,2021-11-26 18:50:00,2021,11,26,18,50,75,75104,BOULEVARD BOURDON,48.852873,2.368462,Nuit avec éclairage allumé,En agglomération,Intersection en Y,Pluie légère,Deux véhicules - arrière,4,2,5,0,1,1,2,0,1,30,,2,1,0,0,1,26.0,36.0,,,5,2,4,2,2
202100006003,2021-11-26 23:00:00,2021,11,26,23,0,94,94081,Route de Fontainebleau,48.77518,2.36773,Nuit avec éclairage allumé,En agglomération,Hors intersection,Normale,Deux véhicules - arrière,3,1,2,1,1,1,2,0,1,30,,3,2,0,0,1,25.0,45.0,,,5,2,1,1,2
202100006004,2021-11-26 14:00:00,2021,11,26,14,0,94,94068,Rue du Pont de Créteil,48.80118,2.47226,Plein jour,En agglomération,Hors intersection,Normale,Deux véhicules - arrière,3,1,2,0,1,1,1,0,1,30,,2,1,0,0,1,21.0,31.0,,,1,2,1,1,2
202100006005,2021-11-27 17:25:00,2021,11,27,17,25,94,94052,Rue du Maréchal Vaillant,48.8398555523,2.4900984764,Nuit avec éclairage allumé,En agglomération,Hors intersection,Pluie légère,Trois véhicules et plus - en chaîne,4,2,2,0,2,1,2,0,1,30,,5,3,0,0,2,82.0,34.0,,,5,2,1,2,4
202100006006,2021-11-27 14:40:00,2021,11,27,14,40,94,94003,Av du President Salvador Allende,48.81051,2.33049,Plein jour,En agglomération,Intersection en X,Pluie légère,Sans collision,3,2,2,0,1,1,2,0,1,50,,1,0,0,0,1,29.0,,,,1,2,2,2,7
202100006007,2021-11-27 18:40:00,2021,11,27,18,40,94,94028,Rue du Port,48.80024,2.46639,Nuit avec éclairage allumé,En agglomération,Intersection en T,Pluie légère,Deux véhicules - côté,3,-1,2,0,1,1,2,0,1,50,,2,1,0,0,1,52.0,26.0,,,5,2,3,2,3
202100006008,2021-11-26 22:00:00,2021,11,26,22,0,94,94028,Rue de Paris,48.79469,2.45976,Nuit avec éclairage allumé,En agglomération,Hors intersection,Pluie légère,Deux véhicules - arrière,3,3,2,0,1,1,2,0,1,50,,2,1,0,0,1,70.0,58.0,,,5,2,1,2,2
202100006009,2021-11-27 10:40:00,2021,11,27,10,40,94,94028,Rue René Arcos,48.77798,2.46661,Plein jour,En agglomération,Hors intersection,Pluie légère,Autre collision,4,1,2,0,2,1,2,0,1,50,,2,1,0,0,1,70.0,,,,1,2,1,2,6
202100006010,2021-11-26 21:40:00,2021,11,26,21,40,93,93073,PETITS PONTS (ROUTE DES),48.96568,2.56918,Nuit avec éclairage allumé,En agglomération,Hors intersection,Pluie légère,Trois véhicules et plus - en chaîne,3,2,2,0,1,1,2,0,1,50,,4,2,0,0,2,39.0,27.0,,,5,2,1,2,4
202100006011,2021-11-27 15:40:00,2021,11,27,15,40,93,93048,CHAPONS (RUE DES),48.8528195328,2.4469216824,Plein jour,En agglomération,Intersection en X,Pluie légère,Deux véhicules - côté,3,2,2,0,2,1,2,0,1,50,,2,1,0,0,1,,25.0,,,1,2,2,2,3
202100006012,2021-11-27 17:30:00,2021,11,27,17,30,93,93006,STALINGRAD AV.,48.8742,2.428,Nuit avec éclairage allumé,En agglomération,Intersection en X,Temps couvert,Deux véhicules - côté,3,-1,2,0,1,1,2,0,1,15,,2,1,0,0,1,30.0,25.0,,,5,2,2,8,3
202100006013,2021-11-27 19:32:00,2021,11,27,19,32,92,92075,DE GAULLE (AVENUE DU GENERAL),48.8234086943,2.2822836041,Nuit avec éclairage allumé,En agglomération,Intersection en T,Pluie légère,Deux véhicules - côté,3,2,2,0,2,1,2,0,1,50,,2,1,0,0,1,27.0,54.0,,,5,2,3,2,3
202100006014,2021-11-26 09:40:00,2021,11,26,9,40,92,92076,REPUBLIQUE,48.8370167774,2.1481302381,Plein jour,En agglomération,Hors intersection,Normale,Deux véhicules - arrière,3,2,3,0,2,1,1,0,1,50,,2,1,0,0,1,43.0,39.0,,,1,2,1,1,2
202100006015,2021-11-26 22:35:00,2021,11,26,22,35,92,92050,CLEMENCEAU GEORGES AVENUE N° PAIR,48.8866182574,2.2067720443,Nuit avec éclairage allumé,En agglomération,Intersection en T,Temps couvert,Deux véhicules - frontale,3,2,2,0,1,1,2,0,5,50,,2,1,0,0,1,69.0,21.0,,,5,2,3,8,1
202100006016,2021-11-27 22:58:00,2021,11,27,22,58,92,92025,GABRIEL PERI (RUE),48.918253,2.238973,Nuit avec éclairage allumé,En agglomération,Hors intersection,Pluie légère,Deux véhicules - côté,4,2,4,0,1,1,2,9,1,50,,2,1,0,0,1,18.0,30.0,,,5,2,1,2,3
202100006017,2021-11-27 15:50:00,2021,11,27,15,50,92,92025,BOURNARD (RUE DU),48.9230185593,2.2563171387,Plein jour,En agglomération,Autre intersection,Temps couvert,Autre collision,3,2,1,0,1,1,2,0,8,15,,2,1,0,0,1,27.0,,,,1,2,9,8,6
202100006018,2021-11-27 15:55:00,2021,11,27,15,55,92,92060,LEON BLUM (AVENUE) (RD 75),48.7730406135,2.2519102693,Plein jour,En agglomération,Hors intersection,Pluie légère,Deux véhicules - arrière,3,1,0,1,1,1,2,0,1,50,,3,1,0,0,1,,33.0,,,1,2,1,2,2
202100006019,2021-11-27 10:44:00,2021,11,27,10,44,92,92071,GENERAL LECLERC (AVENUE DU),48.7755712663,2.3137378693,Plein jour,En agglomération,Autre intersection,Pluie légère,Deux véhicules - côté,3,-1,1,1,1,1,2,0,5,50,,2,1,0,0,1,60.0,31.0,,,1,2,9,2,3
202100006020,2021-11-27 21:00:00,2021,11,27,21,0,92,92012,QUATRE SEPTEMBRE (QUAI DU),48.841233659,2.2253564,Nuit avec éclairage allumé,En agglomération,Intersection en X,Pluie légère,Autre collision,3,3,4,0,1,1,2,0,1,50,,2,1,0,0,1,60.0,,,,5,2,2,2,6