accident_id,datetime,annee,mois,jour,heure,minute,departement,commune_insee,adresse,latitude,longitude,luminosite,agglomeration,intersection,meteo,collision,catr,circ,nbv,vosp,prof,plan,surf,infra,situ,vma,nb_vehicules,nb_usagers,nb_indemnes,nb_tues,nb_blesses_hosp,nb_blesses_legers,age_cond_1,age_cond_2,veh_type_cond_1,veh_type_cond_2,lum_code,agg_code,int_code,atm_code,col_code
202100006021,2021-11-27 02:45:00,2021,11,27,2,45,92,92012,PONT DE SAINT CLOUD (METRO),48.8411194887,2.2251471877,Nuit avec éclairage allumé,En agglomération,Intersection en X,Pluie légère,Deux véhicules - côté,3,2,2,0,1,1,2,2,1,50,,2,1,0,0,1,28.0,30.0,,,5,2,2,2,3
202100006022,2021-11-26 18:05:00,2021,11,26,18,5,84,84044,route de mollans sur ouveze,44.225766,5.147095,Nuit sans éclairage public,Hors agglomération,Hors intersection,Normale,Sans collision,3,2,2,0,2,2,1,0,3,80,,1,0,0,1,0,48.0,,,,3,1,1,1,7
202100006023,2021-11-27 17:35:00,2021,11,27,17,35,84,84137,Avenue des Choralies,44.241737,5.082679,Nuit avec éclairage allumé,En agglomération,Hors intersection,Normale,Autre collision,3,2,2,0,1,1,1,0,1,50,,2,1,0,1,0,35.0,,,,5,2,1,1,6
202100006024,2021-11-28 07:02:00,2021,11,28,7,2,71,71090,Autoroute A6 pk 398.200,46.223968,4.790726,Nuit sans éclairage public,Hors agglomération,Hors intersection,Pluie légère,Trois véhicules et plus - en chaîne,1,2,5,0,1,1,2,0,1,130,,6,3,0,0,3,43.0,47.0,,,3,1,1,2,4
202100006025,2021-11-28 18:00:00,2021,11,28,18,0,83,83086,Route d Aix En Provence,43.464188,6.535111,Nuit avec éclairage allumé,Hors agglomération,Hors intersection,Normale,Trois véhicules et plus - collisions multiples,3,2,2,0,1,1,1,0,1,80,,5,3,0,2,0,54.0,33.0,,,5,1,1,1,5
202100006026,2021-11-27 19:15:00,2021,11,27,19,15,83,83085,RD 1555 rond point SOSACA,43.483703,6.509249,Nuit sans éclairage public,Hors agglomération,Giratoire,Normale,Autre collision,3,2,4,0,2,2,1,0,8,90,,4,0,0,1,3,81.0,,,,3,1,6,1,6
202100006027,2021-11-27 21:00:00,2021,11,27,21,0,46,46329,D19,44.335667,1.631298,Nuit sans éclairage public,Hors agglomération,Hors intersection,Pluie légère,Autre collision,3,2,2,0,3,2,2,0,3,80,,1,0,0,1,0,27.0,,,,3,1,1,2,6
202100006028,2021-11-28 01:40:00,2021,11,28,1,40,34,34270,D132E2,43.587356,3.832118,Nuit sans éclairage public,En agglomération,Hors intersection,Normale,Autre collision,7,2,2,0,1,4,1,0,3,80,,1,0,1,0,0,46.0,,,,3,2,1,1,6
202100006029,2021-11-27 16:45:00,2021,11,27,16,45,61,61375,A 88 pk 017.000,48.69232,-0.013046,Crépuscule ou aube,Hors agglomération,Hors intersection,Neige / grêle,Sans collision,1,1,4,0,1,1,5,0,3,130,,2,0,0,0,2,30.0,,,,2,1,1,4,7
202100006030,2021-11-27 09:35:00,2021,11,27,9,35,27,27680,A28 PK 219.400,48.924473,0.407181,Plein jour,Hors agglomération,Hors intersection,Pluie forte,Autre collision,1,3,4,0,1,1,2,0,2,130,,2,0,0,0,2,38.0,,,,1,1,1,3,6
202100006031,2021-11-28 00:10:00,2021,11,28,0,10,74,74010,12 Rue Centrale,45.9065278762,6.146579951,Nuit sans éclairage public,En agglomération,Intersection en Y,Pluie légère,Deux véhicules - côté,4,2,1,0,1,2,2,6,1,30,,2,1,0,1,0,23.0,29.0,,,3,2,4,2,3
202100006032,2021-11-27 17:40:00,2021,11,27,17,40,65,65054,route départementale 17,43.065188,0.358515,Crépuscule ou aube,Hors agglomération,Hors intersection,Neige / grêle,Autre collision,3,2,2,0,1,1,5,0,3,80,,5,4,0,1,0,17.0,,,,2,1,1,4,6
202100006033,2021-11-27 16:15:00,2021,11,27,16,15,81,81124,Rue du Temple,43.706638,2.692627,Crépuscule ou aube,En agglomération,Intersection en T,Pluie légère,Autre collision,3,2,1,0,1,1,2,0,1,50,,2,1,0,1,0,24.0,,,,2,2,3,2,6
202100006034,2021-11-27 15:50:00,2021,11,27,15,50,46,46136,RD 811,44.511457,1.259281,Plein jour,Hors agglomération,Hors intersection,Pluie légère,Deux véhicules - frontale,3,2,2,0,1,1,2,0,1,80,,2,0,0,2,0,80.0,35.0,,,1,1,1,2,1
202100006035,2021-11-28 13:30:00,2021,11,28,13,30,47,47106,49 Rue Léon Jouhaux,44.494748,0.965396,Plein jour,En agglomération,Hors intersection,Normale,Autre collision,3,2,2,0,2,1,1,0,3,50,,1,0,0,1,0,14.0,,,,1,2,1,1,6
202100006036,2021-11-28 01:40:00,2021,11,28,1,40,34,34084,D154e1,43.400719,3.185261,Nuit sans éclairage public,Hors agglomération,Hors intersection,Normale,Autre collision,3,2,2,0,1,1,1,0,3,-1,,2,1,1,0,0,23.0,,,,3,1,1,1,6
202100006037,2021-11-27 16:13:00,2021,11,27,16,13,39,39436,,46.861467,5.89983,Plein jour,Hors agglomération,Hors intersection,Pluie légère,Deux véhicules - frontale,3,2,2,0,2,3,7,0,1,80,,2,0,0,2,0,29.0,23.0,,,1,1,1,2,1
202100006038,2021-11-28 05:15:00,2021,11,28,5,15,31,31232,D17,43.745909,1.265059,Nuit sans éclairage public,Hors agglomération,Hors intersection,Temps couvert,Autre collision,3,2,2,0,1,2,2,0,1,80,,1,0,1,0,0,33.0,,,,3,1,1,8,6
202100006039,2021-11-28 07:50:00,2021,11,28,7,50,70,70473,N57,47.798051,6.403322,Plein jour,Hors agglomération,Hors intersection,Neige / grêle,Deux véhicules - frontale,2,2,2,0,1,1,2,0,1,80,,3,0,0,3,0,38.0,30.0,,,1,1,1,4,1
202100006040,2021-11-28 06:30:00,2021,11,28,6,30,14,14371,D4,48.995032,0.33574,Nuit sans éclairage public,Hors agglomération,Hors intersection,Pluie légère,Deux véhicules - frontale,3,2,2,0,2,1,2,0,1,80,,4,1,0,2,1,25.0,53.0,,,3,1,1,2,1
202100006041,2021-11-27 20:20:00,2021,11,27,20,20,64,64519,Route de Bordeaux,43.366834,-0.380208,Nuit sans éclairage public,En agglomération,Hors intersection,Pluie forte,Sans collision,3,2,2,0,1,1,2,0,1,70,,1,0,0,1,0,31.0,,,,3,2,1,3,7
202100006042,2021-11-28 11:00:00,2021,11,28,11,0,16,16200,route de mansle,45.857933,0.165364,Plein jour,Hors agglomération,Intersection en X,Normale,Deux véhicules - côté,3,2,2,0,2,1,1,0,1,90,,3,1,0,1,1,52.0,20.0,,,1,1,2,1,3
202100006043,2021-11-24 13:56:00,2021,11,24,13,56,53,53140,rue du maine,48.121908,-0.718811,Plein jour,En agglomération,Giratoire,Temps éblouissant,Autre collision,4,2,2,0,1,1,1,5,1,30,,2,1,0,0,1,28.0,,,,1,2,6,7,6
202100006044,2021-11-28 01:30:00,2021,11,28,1,30,85,85066,D117,46.708339,-0.941623,Nuit sans éclairage public,Hors agglomération,Hors intersection,Pluie légère,Sans collision,3,2,2,0,2,1,2,0,3,80,,2,0,0,1,1,15.0,,,,3,1,1,2,7
202100006045,2021-11-28 15:40:00,2021,11,28,15,40,85,85008,D760,46.656491,-1.483734,Plein jour,Hors agglomération,Hors intersection,Temps couvert,Deux véhicules - arrière,3,2,2,0,1,1,1,0,1,80,,2,1,0,0,1,16.0,22.0,,,1,1,1,8,2
202100006046,2021-11-26 21:00:00,2021,11,26,21,0,88,88484,Mehafin,48.110436,6.347555,Nuit sans éclairage public,Hors agglomération,Intersection en X,Neige / grêle,Deux véhicules - côté,3,2,2,0,1,1,5,0,1,80,,3,1,0,0,2,22.0,49.0,,,3,1,2,4,3
202100006047,2021-11-24 15:15:00,2021,11,24,15,15,06,06085,1476 Avenue de la Plaine,43.600673,6.969921,Plein jour,En agglomération,Hors intersection,Normale,Deux véhicules - côté,4,2,2,0,1,1,1,0,1,50,,2,1,0,1,0,42.0,37.0,,,1,2,1,1,3
202100006048,2021-11-27 16:00:00,2021,11,27,16,0,987,98715,RDO,-17.552736,-149.593475,Plein jour,Hors agglomération,Autre intersection,Normale,Autre collision,2,1,1,0,2,3,1,3,1,50,,1,0,0,0,1,70.0,,,,1,1,9,1,6
202100006049,2021-11-26 21:55:00,2021,11,26,21,55,17,17213,A10,46.058246,-0.536394,Nuit sans éclairage public,Hors agglomération,Hors intersection,Pluie légère,Trois véhicules et plus - collisions multiples,1,3,4,0,1,1,2,0,2,130,,3,2,0,1,0,27.0,27.0,,,3,1,1,2,5
202100006050,2021-11-28 04:30:00,2021,11,28,4,30,987,98714,RT 101 proche roulotte bleu à MATIRA,-16.538983,-151.736298,Crépuscule ou aube,Hors agglomération,Hors intersection,Normale,Deux véhicules - frontale,2,2,2,0,1,3,1,0,3,40,,1,0,1,0,0,23.0,,,,2,1,1,1,1
202100006051,2021-11-28 01:30:00,2021,11,28,1,30,988,98807,Route de WERAP,-20.706585,164.943624,Nuit sans éclairage public,Hors agglomération,Hors intersection,Pluie légère,Sans collision,4,2,2,0,1,3,2,2,8,50,,2,1,0,1,0,50.0,,,,3,1,1,2,7
202100006052,2021-11-27 19:15:00,2021,11,27,19,15,971,97108,Section Vital,15.91734,-61.216507,Nuit sans éclairage public,Hors agglomération,Hors intersection,Normale,Autre collision,3,2,2,0,1,1,1,0,1,80,,2,1,1,0,0,46.0,,,,3,1,1,1,6
202100006053,2021-11-27 16:30:00,2021,11,27,16,30,29,29147,D765 - Route de Quimperle,47.8961,-3.574365,Plein jour,Hors agglomération,Giratoire,Pluie légère,Autre collision,3,1,2,0,1,2,2,0,1,80,,1,0,0,1,0,40.0,,,,1,1,6,2,6
202100006054,2021-11-28 18:30:00,2021,11,28,18,30,30,30211,Départementale 3,43.82575,4.495575,Nuit avec éclairage allumé,En agglomération,Giratoire,Normale,Autre collision,3,2,2,0,1,1,1,0,1,50,,2,1,0,1,0,64.0,,,,5,2,6,1,6
202100006055,2021-11-28 00:25:00,2021,11,28,0,25,34,34329,D64,43.253029,3.253128,Nuit sans éclairage public,Hors agglomération,Giratoire,Normale,Autre collision,3,2,2,0,1,3,1,0,3,-1,,1,0,0,1,0,43.0,,,,3,1,6,1,6
202100006056,2021-11-27 17:25:00,2021,11,27,17,25,38,38509,61 Boulevard Gambetta,45.566504,5.449054,Nuit avec éclairage allumé,En agglomération,Autre intersection,Normale,Autre collision,3,2,4,0,1,1,1,0,1,50,,3,2,0,0,1,52.0,,,,5,2,9,1,6
202100006057,2021-11-28 15:35:00,2021,11,28,15,35,01,01249,Route de Strasbourg,45.856113,4.910057,Plein jour,Hors agglomération,Hors intersection,Pluie légère,Deux véhicules - frontale,3,2,2,0,2,2,2,2,1,80,,2,0,0,2,0,75.0,19.0,,,1,1,1,2,1
202100006058,2021-11-27 18:15:00,2021,11,27,18,15,69,69297,Rue des Cites,45.596444,4.796852,Nuit sans éclairage public,Hors agglomération,Hors intersection,Normale,Deux véhicules - frontale,4,2,2,0,2,4,1,0,1,70,,3,0,0,0,3,20.0,58.0,,,3,1,1,1,1
202100006059,2021-11-27 19:30:00,2021,11,27,19,30,81,81271,D28,43.762199,1.687742,Nuit sans éclairage public,Hors agglomération,Hors intersection,Normale,Autre collision,3,2,2,0,1,2,1,0,3,80,,1,0,0,0,1,28.0,,,,3,1,1,1,6
202100006060,2021-11-27 06:15:00,2021,11,27,6,15,79,79319,Bois Guerin,46.34976,-0.141406,Nuit sans éclairage public,Hors agglomération,Hors intersection,Normale,Autre collision,3,2,2,0,1,3,1,0,3,80,,4,0,0,3,1,19.0,,,,3,1,1,1,6
202100006061,2021-11-27 10:33:00,2021,11,27,10,33,17,17308,CD 733,45.871515,-0.968921,Plein jour,Hors agglomération,Hors intersection,Normale,Deux véhicules - arrière,3,3,4,0,1,3,1,0,1,110,,3,0,0,1,2,25.0,73.0,,,1,1,1,1,2
202100006062,2021-11-26 04:00:00,2021,11,26,4,0,33,33533,Avenue du 8 Mai 1945,44.558331,-0.260969,Nuit avec éclairage allumé,En agglomération,Hors intersection,Pluie légère,Autre collision,3,2,2,0,1,1,2,0,3,50,,1,0,0,1,0,33.0,,,,5,2,1,2,6
202100006063,2021-11-26 11:15:00,2021,11,26,11,15,33,33483,Place Maucaillou,44.912457,-0.393142,Plein jour,En agglomération,Hors intersection,Normale,Autre collision,6,-1,-1,0,1,1,2,0,6,30,,2,1,0,1,0,57.0,,,,1,2,1,1,6
202100006064,2021-11-26 15:30:00,2021,11,26,15,30,33,33032,Rue du Maréchal Foch,44.903938,-0.50433,Plein jour,En agglomération,Intersection en T,Pluie légère,Trois véhicules et plus - collisions multiples,4,2,2,0,1,1,2,5,1,50,,3,2,0,1,0,59.0,52.0,,,1,2,3,2,5
202100006065,2021-11-27 18:30:00,2021,11,27,18,30,49,49035,D111,47.433941,-0.614057,Nuit sans éclairage public,Hors agglomération,Intersection en T,Pluie légère,Deux véhicules - arrière,3,2,2,0,1,2,2,5,1,80,,2,1,0,1,0,73.0,42.0,,,3,1,3,2,2
202100006066,2021-11-27 19:30:00,2021,11,27,19,30,60,60524,Avenue Jean Jaures,49.323706,2.442146,Nuit avec éclairage allumé,En agglomération,Hors intersection,Pluie légère,Autre collision,3,2,2,0,1,1,2,0,1,50,,2,1,0,0,1,52.0,,,,5,2,1,2,6
202100006067,2021-11-27 21:30:00,2021,11,27,21,30,60,60106,D37,49.386591,2.455992,Nuit sans éclairage public,Hors agglomération,Hors intersection,Pluie forte,Deux véhicules - frontale,3,2,2,0,1,3,2,0,1,80,,2,1,0,1,0,16.0,18.0,,,3,1,1,3,1
202100006068,2021-11-28 02:57:00,2021,11,28,2,57,59,59012,D963,50.002498,4.094467,Nuit sans éclairage public,Hors agglomération,Hors intersection,Pluie légère,Sans collision,3,2,2,0,1,1,2,0,3,80,,1,0,0,1,0,26.0,,,,3,1,1,2,7
202100006069,2021-11-28 02:00:00,2021,11,28,2,0,59,59581,Rue de l Epinette,50.675365,2.790602,Nuit avec éclairage allumé,En agglomération,Hors intersection,Pluie légère,Sans collision,3,4,4,0,1,1,2,0,1,50,,1,0,0,1,0,19.0,,,,5,2,1,2,7
202100006070,2021-11-27 05:15:00,2021,11,27,5,15,33,33550,AUTOROUTE A 62,44.776558,-0.556736,Nuit avec éclairage allumé,Hors agglomération,Hors intersection,Pluie légère,Autre collision,1,1,2,0,1,3,2,3,1,50,,2,1,0,0,1,23.0,,,,5,1,1,2,6
202100006071,2021-11-27 12:30:00,2021,11,27,12,30,92,92002,AUTOROUTE A86,48.7631491121,2.3053935956,Plein jour,Hors agglomération,Hors intersection,Pluie légère,Trois véhicules et plus - en chaîne,1,2,4,0,1,1,2,1,1,90,,3,2,0,0,1,51.0,32.0,,,1,1,1,2,4
202100006072,2021-11-27 13:40:00,2021,11,27,13,40,91,91521,RN 104,48.63397,2.40063,Plein jour,Hors agglomération,Hors intersection,Pluie légère,Deux véhicules - côté,2,1,3,0,1,1,2,0,1,70,,3,1,0,0,2,33.0,18.0,,,1,1,1,2,3
202100006073,2021-11-27 12:25:00,2021,11,27,12,25,94,94034,AUTOROUTE A6B,48.75379,2.33163,Plein jour,Hors agglomération,Hors intersection,Pluie légère,Deux véhicules - arrière,1,1,4,0,1,1,2,0,1,110,,2,1,0,0,1,25.0,37.0,,,1,1,1,2,2
202100006074,2021-11-26 19:40:00,2021,11,26,19,40,94,94034,AUTOROUTE A86,48.7606114652,2.3193595264,Nuit avec éclairage allumé,En agglomération,Hors intersection,Pluie légère,Deux véhicules - arrière,1,3,4,0,2,1,2,1,1,90,,2,1,0,0,1,30.0,19.0,,,5,2,1,2,2
202100006075,2021-11-27 01:03:00,2021,11,27,1,3,94,94037,AUTOROUTE A6A,48.8176422556,2.3338754483,Nuit avec éclairage allumé,Hors agglomération,Hors intersection,Normale,Autre collision,1,1,5,0,3,2,2,1,1,70,,2,1,0,0,1,23.0,,,,5,1,1,1,6
202100006076,2021-11-26 18:40:00,2021,11,26,18,40,91,91174,RN 104,48.61223,2.44864,Nuit sans éclairage public,Hors agglomération,Hors intersection,Pluie légère,Trois véhicules et plus - en chaîne,2,1,3,0,1,1,2,0,1,90,,4,0,0,0,4,24.0,27.0,,,3,1,1,2,4
202100006077,2021-11-27 13:05:00,2021,11,27,13,5,78,78423,N12W,48.796903,2.021524,Plein jour,Hors agglomération,Hors intersection,Pluie forte,Autre collision,2,1,2,0,2,3,2,3,1,70,,1,0,0,0,1,24.0,,,,1,1,1,3,6
202100006078,2021-11-27 04:10:00,2021,11,27,4,10,78,78073,A12 W,48.801472,2.046832,Nuit avec éclairage allumé,Hors agglomération,Hors intersection,Normale,Autre collision,1,-1,3,0,1,1,1,1,1,90,,1,0,0,0,1,66.0,,,,5,1,1,1,6
202100006079,2021-11-26 18:59:00,2021,11,26,18,59,78,78321,RN12 INT,48.798764,1.915684,Nuit sans éclairage public,Hors agglomération,Hors intersection,Pluie légère,Trois véhicules et plus - en chaîne,2,1,0,0,1,1,2,1,1,90,,5,4,0,0,1,47.0,32.0,,,3,1,1,2,4
202100006080,2021-11-27 10:45:00,2021,11,27,10,45,95,95572, A15,49.030904268,2.1213675484,Plein jour,Hors agglomération,Hors intersection,Pluie légère,Sans collision,1,3,4,0,1,2,2,0,1,90,,1,0,0,0,1,36.0,,,,1,1,1,2,7
202100006081,2021-11-27 00:45:00,2021,11,27,0,45,93,93027,AUTOROUTE A86,48.9284,2.4127,Nuit sans éclairage public,Hors agglomération,Hors intersection,Autre,Trois véhicules et plus - collisions multiples,1,3,4,0,2,2,2,0,1,90,,5,2,0,1,2,33.0,21.0,,,3,1,1,9,5
202100006082,2021-11-26 11:30:00,2021,11,26,11,30,93,93008,AUTOROUTE A86,48.9057111171,2.4635392427,Plein jour,Hors agglomération,Hors intersection,Normale,Deux véhicules - arrière,1,2,8,0,1,1,1,1,1,90,,2,1,0,0,1,38.0,33.0,,,1,1,1,1,2
202100006083,2021-11-27 01:45:00,2021,11,27,1,45,94,94002,A86 INT,48.7763,2.4294,Nuit sans éclairage public,Hors agglomération,Hors intersection,Pluie légère,Deux véhicules - arrière,1,3,3,0,1,1,2,0,1,90,,2,0,0,0,2,36.0,19.0,,,3,1,1,2,2
202100006084,2021-11-26 23:15:00,2021,11,26,23,15,77,77141,A4,48.846943889,2.8316070706,Nuit sans éclairage public,Hors agglomération,Hors intersection,Pluie légère,Deux véhicules - arrière,1,3,3,0,1,1,2,0,1,90,,2,1,0,0,1,55.0,55.0,,,3,1,1,2,2
202100006085,2021-02-24 21:30:00,2021,2,24,21,30,94,94041,Rue Amédée Huon,48.80356,2.38333,Nuit avec éclairage allumé,En agglomération,Hors intersection,Normale,Autre collision,4,-1,2,0,1,1,1,0,3,50,,2,1,0,1,0,24.0,,,,5,2,1,1,6
202100006086,2021-01-26 16:45:00,2021,1,26,16,45,94,94041,JEAN LE GALLEU (R),48.80996,2.38034,Plein jour,En agglomération,Hors intersection,Normale,Deux véhicules - côté,3,1,2,0,1,1,1,0,1,50,,2,1,0,0,1,45.0,20.0,,,1,2,1,1,3
202100006087,2021-01-14 09:30:00,2021,1,14,9,30,94,94041,Rue Jules Vanzuppe,48.81927,2.39256,Plein jour,En agglomération,Intersection en X,Temps couvert,Deux véhicules - côté,4,2,2,0,1,1,1,0,1,50,,2,1,0,0,1,31.0,26.0,,,1,2,2,8,3
202100006088,2021-01-11 19:20:00,2021,1,11,19,20,94,94041,Boulevard de Stalingrad,48.80619,2.37547,Crépuscule ou aube,En agglomération,Hors intersection,Normale,Autre collision,3,2,4,0,1,1,1,0,4,50,,2,1,0,0,1,27.0,,,,2,2,1,1,6
202100006089,2021-01-10 21:40:00,2021,1,10,21,40,94,94041,François MITTERAND,48.824,2.3875,Nuit avec éclairage allumé,En agglomération,Hors intersection,Normale,Sans collision,4,2,2,0,1,2,1,0,1,50,,1,0,0,0,1,35.0,,,,5,2,1,1,7
202100006090,2021-01-06 16:50:00,2021,1,6,16,50,94,94041,REPUBLIQUE (AV DE LA),48.802296,2.396998,Crépuscule ou aube,En agglomération,Intersection en X,Pluie légère,Deux véhicules - frontale,3,2,-1,0,1,1,2,5,1,50,,2,1,0,0,1,36.0,31.0,,,2,2,2,2,1
202100006091,2021-11-26 19:20:00,2021,11,26,19,20,75,75113,ECHANGEUR ITALIE,48.816783,2.355855,Nuit avec éclairage allumé,En agglomération,Hors intersection,Normale,Deux véhicules - côté,4,1,3,0,1,1,1,0,1,70,,2,1,0,0,1,66.0,31.0,,,5,2,1,1,3
202100006092,2021-11-25 18:45:00,2021,11,25,18,45,75,75116,PORTE D AUTEUIL,48.84673,2.254527,Nuit avec éclairage allumé,En agglomération,Intersection en Y,Normale,Deux véhicules - côté,4,1,4,0,1,1,1,0,1,70,,2,1,0,1,0,57.0,23.0,,,5,2,4,1,3
202100006093,2021-11-26 09:45:00,2021,11,26,9,45,75,75105,RUE BUFFON,48.841168,2.355968,Plein jour,En agglomération,Intersection en X,Normale,Autre collision,4,1,1,1,1,1,1,0,5,30,,2,1,0,0,1,35.0,,,,1,2,2,1,6
202100006094,2021-11-26 13:40:00,2021,11,26,13,40,75,75119,PLACE AUGUSTE BARON,48.900619,2.386962,Plein jour,En agglomération,Place,Pluie légère,Deux véhicules - côté,4,2,4,0,1,2,2,0,1,30,,2,1,0,0,1,33.0,70.0,,,1,2,7,2,3
202100006095,2021-11-26 13:40:00,2021,11,26,13,40,75,75119,AVENUE SIMON BOLIVAR,48.876349,2.375591,Plein jour,En agglomération,Hors intersection,Normale,Deux véhicules - côté,4,2,2,0,1,1,1,0,1,30,,2,1,0,0,1,58.0,29.0,,,1,2,1,1,3
202100006096,2021-11-26 12:55:00,2021,11,26,12,55,75,75119,BOULEVARD DE LA VILLETTE,48.884179,2.368595,Plein jour,En agglomération,Intersection en X,Pluie légère,Deux véhicules - côté,4,1,0,0,1,3,2,0,1,30,,2,0,0,0,2,36.0,27.0,,,1,2,2,2,3
202100006097,2021-11-26 17:45:00,2021,11,26,17,45,75,75118,RUE DE LA CHAPELLE,48.890828,2.359906,Nuit avec éclairage allumé,En agglomération,Intersection en T,Pluie légère,Autre collision,4,2,0,0,1,1,2,0,1,30,,2,1,0,0,1,,,,,5,2,3,2,6
202100006098,2021-11-26 18:40:00,2021,11,26,18,40,75,75117,BOULEVARD PEREIRE,48.88783,2.311356,Nuit avec éclairage allumé,En agglomération,Intersection en Y,Pluie légère,Autre collision,4,2,2,0,1,1,2,0,1,30,,2,1,0,0,1,20.0,,,,5,2,4,2,6
202100006099,2021-11-26 14:30:00,2021,11,26,14,30,75,75115,PLACE CAMBRONNE,48.848021,2.301723,Plein jour,En agglomération,Place,Pluie légère,Sans collision,4,1,0,0,1,1,2,0,1,30,,1,0,0,0,1,15.0,,,,1,2,7,2,7
202100006100,2021-11-26 16:00:00,2021,11,26,16,0,75,75114,AVENUE DU MAINE,48.829822,2.32606,Crépuscule ou aube,En agglomération,Intersection en T,Pluie légère,Autre collision,4,2,4,0,1,1,2,0,1,30,,2,1,0,0,1,27.0,,,,2,2,3,2,6
202100006101,2021-11-26 14:55:00,2021,11,26,14,55,75,75108,BOULEVARD DE COURCELLES,48.879127,2.303122,Plein jour,En agglomération,Intersection en X,Pluie légère,Autre collision,4,2,4,0,1,1,2,0,1,30,,2,1,0,0,1,,,,,1,2,2,2,6
202100006102,2021-11-25 09:30:00,2021,11,25,9,30,75,75108,PLACE DE LA CONCORDE,48.864078,2.320123,Plein jour,En agglomération,Place,Normale,Deux véhicules - côté,4,1,2,0,1,1,1,0,1,30,,2,0,0,0,2,37.0,37.0,,,1,2,7,1,3
202100006103,2021-11-26 15:54:00,2021,11,26,15,54,75,75107,BOULEVARD DES INVALIDES,48.851831,2.314517,Plein jour,En agglomération,Intersection en X,Temps couvert,Autre collision,4,1,3,0,1,2,2,5,1,30,,2,1,0,0,1,34.0,,,,1,2,2,8,6
202100006104,2021-11-26 09:05:00,2021,11,26,9,5,75,75107,RUE DU BAC,48.856751,2.327092,Plein jour,En agglomération,Intersection en Y,Normale,Trois véhicules et plus - en chaîne,4,2,2,0,1,2,1,0,1,30,,4,0,0,0,4,45.0,33.0,,,1,2,4,1,4
202100006105,2021-11-25 09:50:00,2021,11,25,9,50,75,75104,QUAI DE L HOTEL DE VILLE,48.856074,2.350688,Plein jour,En agglomération,Intersection en X,Normale,Deux véhicules - côté,4,2,4,2,1,1,1,0,1,30,,2,1,0,0,1,23.0,67.0,,,1,2,2,1,3
202100006106,2021-11-26 14:30:00,2021,11,26,14,30,94,94068,BELLECHASSE (BD DE),48.79379,2.49231,Plein jour,En agglomération,Intersection en X,Pluie légère,Deux véhicules - frontale,4,2,2,0,1,1,2,0,1,30,,2,1,0,0,1,17.0,32.0,,,1,2,2,2,1
202100006107,2021-11-26 21:30:00,2021,11,26,21,30,94,94046,Rue de la Concorde,48.81191,2.4468,Nuit avec éclairage allumé,En agglomération,Hors intersection,Pluie légère,Deux véhicules - frontale,4,2,2,0,1,1,2,0,1,50,,2,1,0,0,1,32.0,29.0,,,5,2,1,2,1
202100006108,2021-11-24 09:15:00,2021,11,24,9,15,94,94076,Rue Camille Desmoulins,48.795173,2.3479,Plein jour,En agglomération,Hors intersection,Normale,Deux véhicules - frontale,4,-1,2,0,1,1,1,0,1,50,,2,1,0,0,1,27.0,40.0,,,1,2,1,1,1
202100006109,2021-11-26 20:00:00,2021,11,26,20,0,94,94041,Rue Henri Martin,48.80649,2.37422,Nuit avec éclairage allumé,En agglomération,Hors intersection,Pluie légère,Sans collision,4,2,2,0,1,1,2,0,1,50,,1,0,0,0,1,44.0,,,,5,2,1,2,7
202100006110,2021-11-26 11:05:00,2021,11,26,11,5,75,75113,Boulevard Hippolyte Marquès,48.81916,2.37288,Plein jour,En agglomération,Hors intersection,Temps couvert,Trois véhicules et plus - collisions multiples,4,1,2,1,1,1,1,0,1,30,,5,1,0,0,4,90.0,57.0,,,1,2,1,8,5
202100006111,2021-11-26 19:10:00,2021,11,26,19,10,94,94054,Rue du Bas Marin,48.7496,2.38934,Nuit avec éclairage allumé,En agglomération,Intersection en X,Pluie légère,Deux véhicules - côté,3,2,2,0,1,1,2,0,1,50,,2,1,0,1,0,,28.0,,,5,2,2,2,3
202100006112,2021-11-26 13:10:00,2021,11,26,13,10,94,94038,Bd Paul Vaillant Couturier,48.77457,2.3396,Plein jour,En agglomération,Hors intersection,Normale,Autre collision,3,3,4,0,1,1,1,0,1,50,,3,2,0,0,1,44.0,31.0,,,1,2,1,1,6
202100006113,2021-11-25 23:00:00,2021,11,25,23,0,94,94034,RN 186,48.75653,2.33031,Nuit sans éclairage public,Hors agglomération,Hors intersection,Normale,Deux véhicules - arrière,2,1,2,0,1,1,1,0,1,70,,2,0,0,0,2,30.0,50.0,,,3,1,1,1,2
202100006114,2021-11-26 17:00:00,2021,11,26,17,0,94,94028,COMPAGNONS DE LA LIBERATION(AVE DES),48.777,2.455,Nuit avec éclairage allumé,En agglomération,Autre intersection,Pluie légère,Deux véhicules - côté,4,1,2,0,1,1,2,0,1,30,,2,1,0,0,1,71.0,,,,5,2,9,2,3