accident_id,datetime,annee,mois,jour,heure,minute,departement,commune_insee,adresse,latitude,longitude,luminosite,agglomeration,intersection,meteo,collision,catr,circ,nbv,vosp,prof,plan,surf,infra,situ,vma,nb_vehicules,nb_usagers,nb_indemnes,nb_tues,nb_blesses_hosp,nb_blesses_legers,age_cond_1,age_cond_2,veh_type_cond_1,veh_type_cond_2,lum_code,agg_code,int_code,atm_code,col_code
202100006115,2021-11-26 14:30:00,2021,11,26,14,30,94,94022,Avenue Victor Hugo,48.76931,2.42237,Plein jour,En agglomération,Intersection en T,Pluie légère,Deux véhicules - côté,3,1,2,0,1,1,2,0,1,50,,3,2,0,0,1,32.0,49.0,,,1,2,3,2,3
202100006116,2021-11-25 11:15:00,2021,11,25,11,15,94,94022,DOCTEUR CHARCOT (AV),48.77001,2.4181,Plein jour,En agglomération,Intersection en X,Normale,Deux véhicules - côté,4,2,2,0,1,1,1,0,1,30,,2,1,0,0,1,48.0,58.0,,,1,2,2,1,3
202100006117,2021-11-24 05:25:00,2021,11,24,5,25,94,94060,Champlain,48.786698,2.562985,Nuit sans éclairage public,Hors agglomération,Hors intersection,Normale,Sans collision,3,3,4,0,4,1,1,0,1,70,,1,0,0,0,1,39.0,,,,3,1,1,1,7
202100006118,2021-11-25 15:20:00,2021,11,25,15,20,94,94079,Avenue des Mousquetaires,48.82354,2.56063,Plein jour,En agglomération,Intersection en T,Normale,Deux véhicules - côté,4,2,2,0,1,1,1,0,1,50,,3,2,0,0,1,57.0,24.0,,,1,2,3,1,3
202100006119,2021-11-26 07:56:00,2021,11,26,7,56,93,93051,MONT D'EST (BD),48.84004,2.54195,Crépuscule ou aube,En agglomération,Intersection en T,Normale,Deux véhicules - côté,3,3,5,0,1,1,1,0,1,50,,2,1,1,0,0,49.0,56.0,,,2,2,3,1,3
202100006120,2021-11-26 14:45:00,2021,11,26,14,45,93,93048,THEOPHILE SUEUR (BOULEVARD),48.8646733862,2.4679778244,Plein jour,En agglomération,Hors intersection,Pluie légère,Deux véhicules - arrière,3,2,2,0,1,1,2,0,1,50,,2,1,0,0,1,23.0,22.0,,,1,2,1,2,2
202100006121,2021-11-26 11:45:00,2021,11,26,11,45,93,93045,NOISY LE SEC RUE DE,48.8781017102,2.4212479591,Plein jour,En agglomération,Hors intersection,Normale,Deux véhicules - côté,4,1,1,0,1,1,1,0,1,50,,3,2,0,0,1,32.0,47.0,,,1,2,1,1,3
202100006122,2021-11-25 17:00:00,2021,11,25,17,0,93,93032,HAUTE CARRIERE   (RUE DE LA),48.874460702,2.5585484505,Crépuscule ou aube,En agglomération,Intersection en X,Temps couvert,Deux véhicules - côté,4,2,2,0,1,1,1,0,1,50,,2,1,0,0,1,20.0,44.0,,,2,2,2,8,3
202100006123,2021-11-26 19:50:00,2021,11,26,19,50,93,93010,GUESDES (RUE JULES),48.903844,2.475368,Nuit avec éclairage allumé,En agglomération,Hors intersection,Pluie légère,Deux véhicules - frontale,3,-1,2,0,1,1,2,0,1,50,,2,1,0,0,1,29.0,31.0,,,5,2,1,2,1
202100006124,2021-11-26 19:45:00,2021,11,26,19,45,92,92046,PAIX (AVENUE DE LA),48.8142144813,2.278265655,Nuit avec éclairage allumé,En agglomération,Intersection en X,Pluie légère,Deux véhicules - côté,3,3,2,0,1,1,2,0,1,30,,2,1,0,0,1,56.0,51.0,,,5,2,2,2,3
202100006125,2021-11-25 17:20:00,2021,11,25,17,20,92,92022,SALENGRO (AVENUE ROGER),48.808622247,2.1875855327,Nuit avec éclairage allumé,En agglomération,Intersection à plus de 4 branches,Normale,Sans collision,3,3,4,0,1,1,1,0,1,50,,1,0,0,0,1,17.0,,,,5,2,5,1,7
202100006126,2021-11-26 13:45:00,2021,11,26,13,45,92,92050,JOFFRE MARECHAL AVENUE DU,48.8858077345,2.1969376769,Plein jour,En agglomération,Hors intersection,Pluie légère,Deux véhicules - côté,3,2,4,0,1,1,2,0,1,50,,3,1,0,0,2,29.0,29.0,,,1,2,1,2,3
202100006127,2021-11-26 14:15:00,2021,11,26,14,15,92,92025,RENOUILLERS  (RUE DES),48.924181,2.23805,Plein jour,En agglomération,Hors intersection,Pluie légère,Autre collision,3,1,1,0,1,1,2,0,1,50,,2,0,0,0,2,40.0,,,,1,2,1,2,6
202100006128,2021-11-26 19:30:00,2021,11,26,19,30,92,92012,REINE (ROUTE DE LA) 82/FIN - 107TER/FIN,48.8402932802,2.2336417437,Nuit avec éclairage allumé,En agglomération,Hors intersection,Normale,Sans collision,3,2,2,1,1,1,2,0,1,50,,1,0,0,0,1,21.0,,,,5,2,1,1,7
202100006129,2021-11-26 18:45:00,2021,11,26,18,45,92,92012,ANDRE MORIZET (AVENUE) - 49/FIN - 54/FIN,48.83502,2.24127,Nuit avec éclairage allumé,En agglomération,Intersection en X,Pluie légère,Deux véhicules - côté,3,2,2,0,1,1,2,0,1,50,,2,1,0,0,1,47.0,39.0,,,5,2,2,2,3
202100006130,2021-11-26 16:20:00,2021,11,26,16,20,35,35236,81 Rue Saint-Michel,47.654434,-2.073222,Plein jour,En agglomération,Hors intersection,Normale,Autre collision,3,2,2,2,1,1,1,0,1,50,,2,1,0,1,0,68.0,,,,1,2,1,1,6
202100006131,2021-11-26 10:00:00,2021,11,26,10,0,10,10340,route de TROYES,48.2579842733,4.0307859023,Plein jour,En agglomération,Hors intersection,Pluie légère,Autre collision,2,2,2,0,1,1,2,0,1,50,,2,1,0,0,1,60.0,,,,1,2,1,2,6
202100006132,2021-11-25 21:25:00,2021,11,25,21,25,972,97214,Route du Stade,14.834787,-61.0607,Nuit sans éclairage public,En agglomération,Hors intersection,Normale,Autre collision,4,2,2,0,1,1,9,2,1,50,,1,0,0,0,1,28.0,,,,3,2,1,1,6
202100006133,2021-11-27 17:30:00,2021,11,27,17,30,84,84028,1225 Route de Vaison,44.226235,4.946229,Nuit sans éclairage public,Hors agglomération,Hors intersection,Normale,Autre collision,3,2,2,0,1,1,1,0,3,80,,2,1,1,0,0,67.0,,,,3,1,1,1,6
202100006134,2021-11-27 16:30:00,2021,11,27,16,30,61,61170,autoroute A 88,48.704925,-0.047121,Plein jour,Hors agglomération,Hors intersection,Neige / grêle,Sans collision,1,3,4,0,1,1,2,0,1,130,,1,0,0,1,0,60.0,,,,1,1,1,4,7
202100006135,2021-11-27 08:37:00,2021,11,27,8,37,51,51318,D30,49.298627,4.201713,Plein jour,Hors agglomération,Hors intersection,Autre,Sans collision,3,2,2,0,2,1,7,0,3,90,,1,0,0,0,1,20.0,,,,1,1,1,9,7
202100006136,2021-11-27 00:15:00,2021,11,27,0,15,56,56177,Zone Artisanale de Talhouet,47.7525158,-3.0214333,Nuit avec éclairage non allumé,Hors agglomération,Hors intersection,Pluie légère,Autre collision,3,2,2,0,1,3,2,0,3,80,,1,0,0,1,0,19.0,,,,4,1,1,2,6
202100006137,2021-11-27 14:00:00,2021,11,27,14,0,76,76355,D131,49.682159,0.710818,Plein jour,Hors agglomération,Hors intersection,Neige / grêle,Deux véhicules - frontale,3,2,2,0,2,2,2,0,1,80,,3,2,0,1,0,35.0,18.0,,,1,1,1,4,1
202100006138,2021-11-27 10:35:00,2021,11,27,10,35,82,82159,D964,44.122962,1.586012,Plein jour,Hors agglomération,Intersection en X,Pluie légère,Deux véhicules - côté,3,2,2,0,1,1,2,5,1,80,,4,2,0,1,1,75.0,33.0,,,1,1,2,2,3
202100006139,2021-11-26 23:30:00,2021,11,26,23,30,89,89364,Route de Nanchevres,47.470462,3.772393,Nuit sans éclairage public,Hors agglomération,Hors intersection,Pluie légère,Autre collision,4,2,2,0,1,3,2,0,3,80,,2,0,0,1,1,26.0,,,,3,1,1,2,6
202100006140,2021-11-26 16:55:00,2021,11,26,16,55,63,63180,Lieu dit tissoniere,45.870151,3.303169,Crépuscule ou aube,Hors agglomération,Hors intersection,Temps couvert,Autre collision,3,2,2,0,1,3,1,0,8,80,,1,0,0,1,0,19.0,,,,2,1,1,8,6
202100006141,2021-11-24 09:25:00,2021,11,24,9,25,63,63132,Rue de la Poste/Charmille,45.630898,3.558546,Plein jour,En agglomération,Intersection en X,Normale,Deux véhicules - côté,3,2,2,0,2,1,1,0,1,50,,2,1,0,1,0,26.0,25.0,,,1,2,2,1,3
202100006142,2021-11-27 15:00:00,2021,11,27,15,0,42,42238,Route du Col de la Loge,45.754933,3.786292,Plein jour,Hors agglomération,Hors intersection,Neige / grêle,Autre collision,3,2,2,0,2,2,5,0,8,80,,1,0,0,1,0,45.0,,,,1,1,1,4,6
202100006143,2021-11-26 19:45:00,2021,11,26,19,45,68,68258,34 Rue d Ensisheim,47.837347,7.307099,Nuit avec éclairage allumé,En agglomération,Hors intersection,Normale,Autre collision,3,2,2,1,1,1,2,0,1,50,,2,1,0,0,1,35.0,,,,5,2,1,1,6
202100006144,2021-11-27 13:55:00,2021,11,27,13,55,68,68056,Zillisheimerweg,47.7022888927,7.295945473,Plein jour,En agglomération,Hors intersection,Temps couvert,Autre collision,9,-1,1,0,1,1,2,9,1,-1,,1,0,0,0,1,17.0,,,,1,2,1,8,6
202100006145,2021-11-26 19:30:00,2021,11,26,19,30,44,44182,103 Route de Saint Pere En Retz,47.189178,-2.130207,Nuit sans éclairage public,Hors agglomération,Hors intersection,Normale,Autre collision,3,2,2,0,1,1,1,0,3,80,,2,0,2,0,0,20.0,,,,3,1,1,1,6
202100006146,2021-11-25 15:40:00,2021,11,25,15,40,35,35070,6 Rue de l Aunaie,48.556944,-1.930139,Plein jour,En agglomération,Intersection en Y,Temps éblouissant,Deux véhicules - côté,3,2,2,0,2,1,1,0,1,50,,2,1,0,1,0,69.0,68.0,,,1,2,4,7,3
202100006147,2021-11-27 10:05:00,2021,11,27,10,5,64,64138,D938,43.2436839516,-0.2680063248,Plein jour,Hors agglomération,Giratoire,Pluie forte,Sans collision,3,2,1,0,1,2,2,0,1,30,,1,0,0,0,1,14.0,,,,1,1,6,3,7
202100006148,2021-11-26 07:30:00,2021,11,26,7,30,18,18138,Le Luet,47.0798,2.30942,Crépuscule ou aube,Hors agglomération,Hors intersection,Pluie légère,Deux véhicules - frontale,3,2,2,0,2,1,2,0,1,80,,2,0,1,0,1,28.0,40.0,,,2,1,1,2,1
202100006149,2021-11-27 02:05:00,2021,11,27,2,5,43,43078,Route de Brives,45.028672,3.932365,Nuit sans éclairage public,Hors agglomération,Hors intersection,Pluie légère,Sans collision,3,2,2,0,1,1,2,0,3,80,,6,2,1,2,1,22.0,26.0,,,3,1,1,2,7
202100006150,2021-11-26 19:55:00,2021,11,26,19,55,04,04166,RD 953,43.840933,6.105437,Nuit sans éclairage public,Hors agglomération,Hors intersection,Normale,Autre collision,3,2,2,0,2,3,1,0,3,80,,1,0,0,1,0,54.0,,,,3,1,1,1,6
202100006151,2021-11-26 08:30:00,2021,11,26,8,30,85,85096,Route de Paulx,46.898997,-1.827565,Plein jour,En agglomération,Intersection en X,Normale,Deux véhicules - côté,3,2,2,0,1,1,1,0,1,50,,2,1,0,1,0,73.0,16.0,,,1,2,2,1,3
202100006152,2021-11-26 20:35:00,2021,11,26,20,35,27,27340,D313,49.388557,0.79859,Nuit sans éclairage public,Hors agglomération,Intersection en X,Pluie forte,Deux véhicules - côté,3,2,1,0,1,1,2,0,1,80,,2,1,1,0,0,72.0,45.0,,,3,1,2,3,3
202100006153,2021-11-21 13:30:00,2021,11,21,13,30,37,37206,12 rue de la Poste,47.4974671682,0.6310917141,Plein jour,En agglomération,Hors intersection,Pluie légère,Deux véhicules - frontale,3,2,2,0,2,1,2,9,1,30,,4,1,0,0,3,31.0,19.0,,,1,2,1,2,1
202100006154,2021-11-27 08:35:00,2021,11,27,8,35,973,97307,Route de la Distillerie,4.873277,-52.323235,Plein jour,En agglomération,Giratoire,Normale,Deux véhicules - côté,4,-1,2,0,1,2,1,0,1,50,,2,1,0,1,0,42.0,25.0,,,1,2,6,1,3
202100006155,2021-11-22 13:45:00,2021,11,22,13,45,30,30036,12 Route Nationale 113,43.78047,4.292441,Plein jour,Hors agglomération,Hors intersection,Normale,Deux véhicules - côté,2,2,2,0,1,1,1,0,1,70,,2,1,0,0,1,69.0,35.0,,,1,1,1,1,3
202100006156,2021-11-27 13:30:00,2021,11,27,13,30,978,97801,route de la Savane,18.093616,-63.065965,Plein jour,En agglomération,Hors intersection,Normale,Deux véhicules - côté,2,-1,2,0,1,1,1,0,1,50,,3,1,0,1,1,18.0,50.0,,,1,2,1,1,3
202100006157,2021-11-25 18:30:00,2021,11,25,18,30,988,98805,"VE2 sens NOUMEA/PAITA, ZAC PANDA",-22.182557,166.431992,Nuit sans éclairage public,Hors agglomération,Hors intersection,Normale,Autre collision,1,3,4,0,1,1,1,8,2,110,,2,1,1,0,0,41.0,,,,3,1,1,1,6
202100006158,2021-11-17 10:05:00,2021,11,17,10,5,01,01331,A40 PK 135+800 direction MACON,46.101232,5.434896,Plein jour,Hors agglomération,Hors intersection,Temps couvert,Deux véhicules - arrière,1,1,4,3,2,2,2,0,1,110,,3,2,0,0,1,26.0,60.0,,,1,1,1,8,2
202100006159,2021-10-11 18:45:00,2021,10,11,18,45,35,35131,lieu dit le val morel,48.130064,-1.805035,Plein jour,Hors agglomération,Intersection en X,Normale,Deux véhicules - côté,7,2,2,0,1,1,1,0,1,80,,2,1,0,1,0,27.0,30.0,,,1,1,2,1,3
202100006160,2021-11-26 18:00:00,2021,11,26,18,0,42,42169,D498,45.464721,4.122308,Nuit sans éclairage public,Hors agglomération,Hors intersection,Normale,Deux véhicules - frontale,3,2,2,0,1,1,1,0,1,80,,3,0,1,0,2,64.0,78.0,,,3,1,1,1,1
202100006161,2021-11-26 07:45:00,2021,11,26,7,45,987,98715,RDO,-17.552948,-149.591652,Plein jour,Hors agglomération,Hors intersection,Normale,Deux véhicules - arrière,2,1,2,0,2,1,1,0,1,50,,2,1,0,1,0,33.0,61.0,,,1,1,1,1,2
202100006162,2021-11-27 15:20:00,2021,11,27,15,20,44,44184,Rue de Pornichet,47.267837,-2.222017,Plein jour,En agglomération,Intersection en X,Temps éblouissant,Deux véhicules - frontale,4,2,2,0,1,1,2,5,1,50,,2,1,0,0,1,75.0,18.0,,,1,2,2,7,1
202100006163,2021-11-26 21:45:00,2021,11,26,21,45,973,97360,Route des Campoes,5.191475,-54.320054,Nuit sans éclairage public,Hors agglomération,Hors intersection,Normale,Autre collision,9,-1,2,0,1,1,9,9,1,50,,2,0,0,0,2,27.0,,,,3,1,1,1,6
202100006164,2021-11-27 06:54:00,2021,11,27,6,54,73,73304,D902,45.455687,6.969452,Nuit avec éclairage allumé,En agglomération,Hors intersection,Neige / grêle,Autre collision,3,2,2,0,1,1,5,0,3,30,,1,0,0,0,1,40.0,,,,5,2,1,4,6
202100006165,2021-11-27 12:45:00,2021,11,27,12,45,27,27662,A13,49.3476760289,0.4274657483,Plein jour,Hors agglomération,Hors intersection,Pluie légère,Autre collision,1,3,3,3,2,2,2,0,6,130,,9,6,0,3,0,53.0,54.0,,,1,1,1,2,6
202100006166,2021-11-26 15:30:00,2021,11,26,15,30,28,28169,A10,48.433482,1.904758,Plein jour,Hors agglomération,Hors intersection,Temps couvert,Deux véhicules - arrière,1,1,3,0,1,1,2,0,1,130,,6,5,0,0,1,27.0,72.0,,,1,1,1,8,2
202100006167,2021-11-27 19:15:00,2021,11,27,19,15,988,98830,tribu de Tiouandé,-20.720434,165.027008,Nuit sans éclairage public,En agglomération,Hors intersection,Pluie légère,Autre collision,3,2,2,0,1,1,2,0,3,90,,4,0,1,0,3,21.0,,,,3,2,1,2,6
202100006168,2021-11-02 14:15:00,2021,11,2,14,15,971,97118,Route de la Traversee,16.2059142031,-61.6324907541,Plein jour,Hors agglomération,Hors intersection,Pluie légère,Trois véhicules et plus - en chaîne,3,2,2,0,2,3,2,0,1,70,,5,4,0,0,1,65.0,37.0,,,1,1,1,2,4
202100006169,2021-11-22 11:45:00,2021,11,22,11,45,28,28064,D21.7,48.810127,1.464225,Plein jour,Hors agglomération,Hors intersection,Normale,Deux véhicules - frontale,3,2,2,0,1,1,1,0,1,80,,1,0,0,1,0,75.0,,,,1,1,1,1,1
202100006170,2021-11-27 13:30:00,2021,11,27,13,30,2B,2B134,Avenue Piccioni,42.632905,8.938483,Plein jour,En agglomération,Intersection en X,Pluie légère,Autre collision,4,1,2,0,1,1,2,0,1,30,,2,1,0,1,0,43.0,,,,1,2,2,2,6
202100006171,2021-11-26 18:00:00,2021,11,26,18,0,71,71176,21 Avenue du General de Gaulle,46.48171,3.983177,Nuit avec éclairage non allumé,En agglomération,Hors intersection,Normale,Autre collision,4,2,2,0,1,1,1,0,1,50,,2,1,0,1,0,19.0,,,,4,2,1,1,6
202100006172,2021-11-21 05:00:00,2021,11,21,5,0,68,68287,Rouffach,47.968954,7.303073,Nuit sans éclairage public,Hors agglomération,Hors intersection,Normale,Sans collision,3,3,4,0,1,1,1,0,3,110,,4,3,0,0,1,20.0,,,,3,1,1,1,7
202100006173,2021-11-26 20:30:00,2021,11,26,20,30,42,42066,Route de Montbrison,45.7308767457,4.1724298596,Nuit sans éclairage public,Hors agglomération,Hors intersection,Normale,Deux véhicules - frontale,3,2,2,0,2,3,2,0,1,70,,5,4,0,0,1,22.0,38.0,,,3,1,1,1,1
202100006174,2021-11-27 15:10:00,2021,11,27,15,10,42,42147,D204,45.586601,4.07831,Plein jour,Hors agglomération,Hors intersection,Normale,Deux véhicules - arrière,3,2,2,0,2,1,1,0,1,80,,3,0,0,0,3,50.0,36.0,,,1,1,1,1,2
202100006175,2021-11-27 01:05:00,2021,11,27,1,5,26,26235,9905 Route Nationale 7,44.322159,4.686446,Nuit sans éclairage public,Hors agglomération,Hors intersection,Normale,Sans collision,2,2,3,0,1,1,1,0,3,80,,3,0,0,1,2,24.0,,,,3,1,1,1,7
202100006176,2021-11-26 16:55:00,2021,11,26,16,55,01,01049,Route de Balan,45.836728,5.061426,Nuit avec éclairage allumé,Hors agglomération,Hors intersection,Pluie légère,Sans collision,3,2,2,0,1,1,2,0,1,70,,1,0,0,1,0,16.0,,,,5,1,1,2,7
202100006177,2021-11-25 16:54:00,2021,11,25,16,54,69,69023,CROIX DU BAN (DE LA) RTE),46.028469,4.603228,Crépuscule ou aube,Hors agglomération,Hors intersection,Normale,Sans collision,3,2,2,0,3,1,1,0,8,80,,1,0,0,1,0,18.0,,,,2,1,1,1,7
202100006178,2021-11-23 18:30:00,2021,11,23,18,30,69,69281,NEUVE (R),45.626031,4.921739,Nuit sans éclairage public,En agglomération,Hors intersection,Normale,Autre collision,4,2,2,0,1,1,1,0,1,50,,2,1,0,0,1,61.0,,,,3,2,1,1,6
202100006179,2021-11-24 14:00:00,2021,11,24,14,0,69,69287,TOUSSSIEU (DE) (RTE),45.6718552574,5.0151572277,Plein jour,Hors agglomération,Hors intersection,Normale,Deux véhicules - frontale,3,2,2,0,1,1,1,0,1,70,,2,1,0,1,0,35.0,61.0,,,1,1,1,1,1
202100006180,2021-11-24 08:05:00,2021,11,24,8,5,69,69143,HENRI BARBUSSE (AV),45.883548,4.845454,Plein jour,En agglomération,Giratoire,Normale,Autre collision,4,2,2,0,2,1,1,9,1,50,,2,1,0,1,0,36.0,,,,1,2,6,1,6
202100006181,2021-11-26 18:45:00,2021,11,26,18,45,81,81117,Chemin de Nartigou,43.797963,1.99316,Nuit sans éclairage public,Hors agglomération,Hors intersection,Normale,Autre collision,4,2,1,0,1,1,1,0,3,80,,1,0,0,0,1,69.0,,,,3,1,1,1,6
202100006182,2021-11-23 18:25:00,2021,11,23,18,25,33,33052,Route de Paris,44.95852,-0.2307,Nuit sans éclairage public,Hors agglomération,Autre intersection,Temps couvert,Deux véhicules - arrière,3,2,2,0,1,1,2,0,1,70,,2,1,0,1,0,47.0,27.0,,,3,1,9,8,2
202100006183,2021-11-26 23:10:00,2021,11,26,23,10,85,85119,RD755 Pk 14+800,46.973869,-1.130261,Nuit sans éclairage public,Hors agglomération,Hors intersection,Pluie légère,Autre collision,3,2,2,0,1,2,2,0,3,80,,1,0,1,0,0,27.0,,,,3,1,1,2,6
202100006184,2021-11-12 17:15:00,2021,11,12,17,15,50,50099,Route de Saint-Côme,49.310036,-1.255108,Crépuscule ou aube,En agglomération,Hors intersection,Pluie légère,Autre collision,6,-1,0,0,1,1,2,0,8,-1,,2,1,0,0,1,69.0,,,,2,2,1,2,6
202100006185,2021-11-26 22:45:00,2021,11,26,22,45,60,60223,Avenue de Flandres,49.423564,2.636333,Nuit avec éclairage allumé,En agglomération,Hors intersection,Pluie légère,Trois véhicules et plus - collisions multiples,3,-1,2,0,2,1,2,0,5,50,,4,1,0,2,1,27.0,73.0,,,5,2,1,2,5
202100006186,2021-11-26 08:10:00,2021,11,26,8,10,60,60009,route départementale 1001,49.399594,2.134073,Crépuscule ou aube,Hors agglomération,Hors intersection,Pluie légère,Trois véhicules et plus - en chaîne,3,2,3,0,1,1,2,0,1,-1,,4,1,0,0,3,49.0,28.0,,,2,1,1,2,4
202100006187,2021-11-26 17:20:00,2021,11,26,17,20,59,59221,D958,50.308933,3.517116,Nuit avec éclairage non allumé,Hors agglomération,Hors intersection,Pluie forte,Autre collision,3,2,2,0,1,1,2,0,1,70,,2,1,1,0,0,70.0,,,,4,1,1,3,6
202100006188,2021-11-26 10:05:00,2021,11,26,10,5,13,13210,A50-Sens Marseille vers Aubagne,43.285,5.4165,Plein jour,Hors agglomération,Hors intersection,Normale,Deux véhicules - arrière,1,1,3,0,1,1,1,0,1,90,,2,1,0,0,1,53.0,21.0,,,1,1,1,1,2
202100006189,2021-11-25 15:50:00,2021,11,25,15,50,13,13005,A50-Sens Marseille vers Aubagne,43.268714,5.58806,Plein jour,Hors agglomération,Hors intersection,Pluie légère,Sans collision,1,3,3,0,3,2,2,0,2,110,,3,0,0,0,3,24.0,,,,1,1,1,2,7
202100006190,2021-11-26 16:00:00,2021,11,26,16,0,69,69034,BPNL   37.781 A 41.124,45.78816,4.86099,Plein jour,En agglomération,Hors intersection,Pluie légère,Autre collision,4,3,5,0,1,1,2,2,1,70,,4,3,0,1,0,20.0,48.0,,,1,2,1,2,6
202100006191,2021-11-26 18:40:00,2021,11,26,18,40,33,33013,ROUTE NATIONALE 230,44.85895,-0.50454,Plein jour,Hors agglomération,Hors intersection,Pluie légère,Trois véhicules et plus - en chaîne,2,3,6,0,1,1,2,0,1,90,,5,4,0,0,1,52.0,61.0,,,1,1,1,2,4
202100006192,2021-11-23 12:30:00,2021,11,23,12,30,33,33249,ROUTE NATIONALE 230,44.87335,-0.50659,Plein jour,Hors agglomération,Hors intersection,Normale,Trois véhicules et plus - collisions multiples,2,3,6,0,1,1,1,0,1,90,,4,2,0,0,2,27.0,21.0,,,1,1,1,1,5
202100006193,2021-11-26 22:25:00,2021,11,26,22,25,94,94034,AUTOROUTE A86,48.75676,2.33061,Nuit sans éclairage public,Hors agglomération,Hors intersection,Pluie légère,Deux véhicules - arrière,1,3,4,0,1,1,2,0,1,70,,1,0,0,0,1,29.0,,,,3,1,1,2,2
202100006194,2021-11-26 09:25:00,2021,11,26,9,25,91,91687,AUTOROUTE A6,48.66,2.3728,Plein jour,Hors agglomération,Hors intersection,Normale,Deux véhicules - côté,1,3,6,0,1,1,1,0,1,110,,2,1,0,0,1,24.0,37.0,,,1,1,1,1,3
202100006195,2021-11-26 00:45:00,2021,11,26,0,45,91,91179,AUTOROUTE A6,48.56675,2.47324,Nuit sans éclairage public,Hors agglomération,Hors intersection,Normale,Sans collision,1,1,3,0,1,1,1,0,3,110,,1,0,0,0,1,22.0,,,,3,1,1,1,7
202100006196,2021-11-26 16:25:00,2021,11,26,16,25,78,78133,A14,48.909628,2.049352,Plein jour,Hors agglomération,Hors intersection,Pluie légère,Trois véhicules et plus - en chaîne,1,1,2,0,1,1,2,0,1,110,,8,5,0,0,3,48.0,55.0,,,1,1,1,2,4
202100006197,2021-11-26 04:45:00,2021,11,26,4,45,92,92063,A86,48.8913353867,2.1761888757,Nuit avec éclairage non allumé,Hors agglomération,Hors intersection,Normale,Deux véhicules - frontale,1,3,3,0,4,1,1,0,1,90,,2,0,0,1,1,30.0,50.0,,,4,1,1,1,1
202100006198,2021-11-26 01:50:00,2021,11,26,1,50,78,78423,A12 Y,48.79797,2.04257,Nuit sans éclairage public,Hors agglomération,Hors intersection,Temps couvert,Sans collision,1,1,3,0,1,3,2,0,1,70,,1,0,0,0,1,34.0,,,,3,1,1,8,7
202100006199,2021-11-26 18:35:00,2021,11,26,18,35,93,93027,AUTOROUTE A86,48.92854,2.4138,Nuit sans éclairage public,Hors agglomération,Hors intersection,Pluie légère,Deux véhicules - côté,1,1,3,0,1,3,2,0,1,70,,2,1,0,0,1,32.0,26.0,,,3,1,1,2,3
202100006200,2021-11-26 14:50:00,2021,11,26,14,50,93,93027,AUTOROUTE A86,48.92806,2.41014,Plein jour,Hors agglomération,Hors intersection,Pluie légère,Autre collision,1,3,4,0,2,2,2,0,1,90,,1,0,0,0,1,37.0,,,,1,1,1,2,6
202100006201,2021-11-26 08:10:00,2021,11,26,8,10,95,95351,RN 104,49.0386,2.48432,Plein jour,Hors agglomération,Hors intersection,Normale,Deux véhicules - arrière,2,3,4,0,1,1,1,0,1,90,,2,1,0,0,1,23.0,48.0,,,1,1,1,1,2
202100006202,2021-11-25 17:40:00,2021,11,25,17,40,95,95424,MARE ÉPINEUSE(CHEMIN DE LA),48.99354,2.20783,Nuit sans éclairage public,En agglomération,Hors intersection,Pluie légère,Deux véhicules - côté,4,2,2,0,1,1,2,0,1,50,,2,1,0,0,1,17.0,33.0,,,3,2,1,2,3
202100006203,2021-11-25 15:00:00,2021,11,25,15,0,06,06029,CARNOT (BOULEVARD),43.5586,7.01677,Plein jour,En agglomération,Hors intersection,Temps couvert,Deux véhicules - côté,4,2,2,3,2,1,1,0,6,50,,2,1,0,1,0,63.0,,,,1,2,1,8,3
202100006204,2021-07-17 09:45:00,2021,7,17,9,45,14,14699,Chemin du Roy,49.34481,0.09833,Plein jour,En agglomération,Intersection en T,Normale,Deux véhicules - côté,6,-1,-1,0,1,1,1,9,1,50,,2,1,0,0,1,69.0,19.0,,,1,2,3,1,3
202100006205,2021-08-30 03:20:00,2021,8,30,3,20,75,75112,QUAI DE LA RAPEE,48.844862,2.367554,Nuit avec éclairage allumé,En agglomération,Hors intersection,Normale,Autre collision,4,1,3,0,1,1,1,0,1,50,,1,0,0,0,1,22.0,,,,5,2,1,1,6
202100006206,2021-11-25 12:55:00,2021,11,25,12,55,976,97611,passamanty-Sada ( rue de ),-12.79903,45.21568,Plein jour,En agglomération,Hors intersection,Normale,Deux véhicules - arrière,4,2,2,0,1,1,1,0,1,50,,3,1,0,0,2,41.0,38.0,,,1,2,1,1,2
202100006207,2021-11-25 07:20:00,2021,11,25,7,20,974,97416,BOEUF (CHEMIN) (1),-21.2872,55.46761,Plein jour,En agglomération,Hors intersection,Normale,Autre collision,4,2,2,0,2,1,1,0,3,50,,1,0,0,0,1,60.0,,,,1,2,1,1,6
202100006208,2021-11-24 15:00:00,2021,11,24,15,0,974,97407,MARINE(BOULEVARD),-20.95136,55.2883,Plein jour,En agglomération,Autre intersection,Normale,Trois véhicules et plus - collisions multiples,4,2,2,0,1,1,1,0,1,50,,3,0,0,0,3,48.0,22.0,,,1,2,9,1,5