accident_id,datetime,annee,mois,jour,heure,minute,departement,commune_insee,adresse,latitude,longitude,luminosite,agglomeration,intersection,meteo,collision,catr,circ,nbv,vosp,prof,plan,surf,infra,situ,vma,nb_vehicules,nb_usagers,nb_indemnes,nb_tues,nb_blesses_hosp,nb_blesses_legers,age_cond_1,age_cond_2,veh_type_cond_1,veh_type_cond_2,lum_code,agg_code,int_code,atm_code,col_code
202100006209,2021-11-24 13:10:00,2021,11,24,13,10,973,97302,SAINT ANTOINE (CHEMIN),4.932133359,-52.2971678227,Plein jour,En agglomération,Intersection en T,Normale,Deux véhicules - côté,4,2,2,0,1,1,1,5,1,50,,2,1,0,0,1,40.0,48.0,,,1,2,3,1,3
202100006210,2021-11-24 09:40:00,2021,11,24,9,40,973,97302,GALMOT (AVENUE),4.9315780596,-52.3295066357,Plein jour,En agglomération,Hors intersection,Normale,Autre collision,4,1,1,0,1,1,1,8,1,50,,1,0,0,0,1,25.0,,,,1,2,1,1,6
202100006211,2021-11-26 21:35:00,2021,11,26,21,35,69,69259,AMBROISE CROIZAT (BD),45.71431,4.87924,Nuit avec éclairage allumé,En agglomération,Intersection en X,Pluie légère,Deux véhicules - arrière,7,2,5,2,1,1,2,4,1,50,,2,1,0,0,1,27.0,30.0,,,5,2,2,2,2
202100006212,2021-11-17 12:40:00,2021,11,17,12,40,69,69387,JEAN JAURES (AV),45.74175,4.83981,Plein jour,En agglomération,Hors intersection,Normale,Autre collision,4,2,2,2,1,1,1,0,1,50,,2,1,0,0,1,33.0,,,,1,2,1,1,6
202100006213,2021-11-24 17:15:00,2021,11,24,17,15,69,69259,AMBROISE CROIZAT (BD),45.70239,4.88774,Crépuscule ou aube,En agglomération,Autre intersection,Normale,Deux véhicules - frontale,4,1,2,0,1,1,1,0,6,50,,2,1,0,0,1,58.0,57.0,,,2,2,9,1,1
202100006214,2021-11-25 13:30:00,2021,11,25,13,30,69,69389,ROSA PARKS (AV),45.78676,4.79048,Plein jour,En agglomération,Intersection en X,Pluie légère,Deux véhicules - côté,4,2,2,3,2,1,2,5,1,50,,5,3,0,0,2,35.0,22.0,,,1,2,2,2,3
202100006215,2021-11-25 12:20:00,2021,11,25,12,20,69,69081,VILLENEUVE (DE) (CHM),45.78565,4.78293,Plein jour,En agglomération,Intersection en T,Pluie légère,Deux véhicules - côté,4,2,2,0,1,1,2,0,1,50,,2,1,0,0,1,34.0,72.0,,,1,2,3,2,3
202100006216,2021-11-24 20:15:00,2021,11,24,20,15,69,69384,ROBERT SCHUMAN (PT),45.7799849829,4.8109066486,Nuit avec éclairage allumé,En agglomération,Intersection en X,Normale,Deux véhicules - côté,4,2,4,1,1,1,1,5,1,50,,3,1,0,0,2,41.0,63.0,,,5,2,2,1,3
202100006217,2021-11-25 08:20:00,2021,11,25,8,20,2B,2B033,ROUTE ROYALE,42.6783021456,9.4318660289,Plein jour,Hors agglomération,Hors intersection,Pluie légère,Deux véhicules - frontale,3,2,2,0,2,4,2,0,1,70,,4,1,0,0,3,53.0,59.0,,,1,1,1,2,1
202100006218,2021-11-24 11:08:00,2021,11,24,11,8,2B,2B033,SAMPIERO CORSO - AV,42.67487,9.44384,Plein jour,En agglomération,Intersection en Y,Normale,Deux véhicules - arrière,3,1,0,0,1,1,1,0,1,50,,2,1,0,0,1,40.0,67.0,,,1,2,4,1,2
202100006219,2021-11-25 18:05:00,2021,11,25,18,5,91,91027,RUE EDOUARD VAILLANT,48.70579,2.3935,Nuit avec éclairage allumé,En agglomération,Hors intersection,Normale,Trois véhicules et plus - en chaîne,3,2,3,0,1,1,1,0,1,50,,3,2,0,0,1,27.0,54.0,,,5,2,1,1,4
202100006220,2021-11-25 11:41:00,2021,11,25,11,41,87,87085,CARNOT (BOULEVARD),45.83219,1.26123,Plein jour,En agglomération,Hors intersection,Pluie légère,Deux véhicules - côté,4,4,3,0,1,1,2,0,1,50,,3,1,0,0,2,30.0,24.0,,,1,2,1,2,3
202100006221,2021-11-24 19:17:00,2021,11,24,19,17,87,87085,SAINTE CLAIRE (RUE),45.82356,1.24132,Nuit avec éclairage allumé,En agglomération,Intersection en X,Normale,Autre collision,4,2,3,0,1,1,2,0,1,50,,2,1,0,0,1,65.0,,,,5,2,2,1,6
202100006222,2021-11-23 18:59:00,2021,11,23,18,59,87,87085,DUTREIX (RUE ARMAND),45.83123,1.24033,Nuit avec éclairage allumé,En agglomération,Intersection en X,Normale,Deux véhicules - frontale,4,2,3,0,1,1,1,0,1,50,,2,1,0,1,0,33.0,23.0,,,5,2,2,1,1
202100006223,2021-11-22 13:20:00,2021,11,22,13,20,87,87048,NEXON (ROUTE DE),45.78023,1.22169,Plein jour,Hors agglomération,Intersection en T,Normale,Trois véhicules et plus - en chaîne,3,2,2,0,2,1,1,0,1,70,,4,3,0,0,1,45.0,38.0,,,1,1,3,1,4
202100006224,2021-11-23 16:35:00,2021,11,23,16,35,87,87085,TARRADE (AVENUE ADRIEN),45.8388,1.25507,Plein jour,En agglomération,Hors intersection,Normale,Autre collision,4,2,2,0,1,1,1,0,1,50,,2,1,0,0,1,39.0,,,,1,2,1,1,6
202100006225,2021-10-30 20:10:00,2021,10,30,20,10,85,85194,RD 949,46.515066,-1.740306,Nuit sans éclairage public,Hors agglomération,Hors intersection,Normale,Deux véhicules - côté,3,-1,2,0,1,1,1,0,1,110,,2,1,0,0,1,16.0,39.0,,,3,1,1,1,3
202100006226,2021-11-25 17:36:00,2021,11,25,17,36,78,78440,BECHEVILLE (RUE DE),48.9874,1.91221,Nuit avec éclairage allumé,En agglomération,Giratoire,Pluie légère,Deux véhicules - frontale,3,2,4,0,1,1,2,5,1,50,,2,1,0,0,1,59.0,59.0,,,5,2,6,2,1
202100006227,2021-11-25 10:30:00,2021,11,25,10,30,78,78401,ILE BELLE,49.00147,1.90662,Plein jour,En agglomération,Intersection en X,Temps couvert,Deux véhicules - arrière,3,2,2,0,1,1,1,0,1,50,,3,2,0,0,1,57.0,37.0,,,1,2,2,8,2
202100006228,2021-11-24 10:20:00,2021,11,24,10,20,74,74012,ARVE (QUAI D'),46.18485,6.22783,Plein jour,En agglomération,Intersection en T,Temps couvert,Deux véhicules - côté,4,2,2,0,1,1,1,0,1,50,,2,1,0,0,1,50.0,45.0,,,1,2,3,8,3
202100006229,2021-11-23 09:40:00,2021,11,23,9,40,74,74133,LIBERATION (RUE DE LA),46.19055,6.21141,Plein jour,En agglomération,Intersection en X,Temps couvert,Deux véhicules - côté,4,2,0,0,1,1,1,0,1,50,,2,1,0,0,1,51.0,36.0,,,1,2,2,8,3
202100006230,2021-11-24 17:00:00,2021,11,24,17,0,71,71270,Rue Simone Veil,46.3259974199,4.8304487578,Plein jour,En agglomération,Intersection en T,Normale,Deux véhicules - côté,4,2,2,0,1,1,1,0,1,50,,2,1,0,0,1,47.0,20.0,,,1,2,3,1,3
202100006231,2021-11-25 12:30:00,2021,11,25,12,30,69,69266,ANTOINE PRIMAT (R),45.75827,4.89698,Plein jour,En agglomération,Intersection en T,Pluie légère,Sans collision,4,2,2,0,1,1,2,0,1,50,,2,1,0,0,1,33.0,51.0,,,1,2,3,2,7
202100006232,2021-11-24 17:25:00,2021,11,24,17,25,67,67482,CERF BERR (RUE),48.58454,7.69195,Nuit avec éclairage allumé,En agglomération,Hors intersection,Normale,Autre collision,4,2,2,0,1,1,1,0,1,30,,2,1,0,0,1,,,,,5,2,1,1,6
202100006233,2021-11-25 16:35:00,2021,11,25,16,35,64,64260,65 Route de Behobie,43.34934,-1.77123,Crépuscule ou aube,En agglomération,Hors intersection,Pluie forte,Deux véhicules - côté,3,2,2,0,1,1,2,0,8,50,,2,1,0,0,1,37.0,47.0,,,2,2,1,3,3
202100006234,2021-11-25 15:05:00,2021,11,25,15,5,64,64102,LOUIS DE FOIX (AVENUE),43.5058211111,-1.4672380686,Plein jour,En agglomération,Hors intersection,Pluie légère,Deux véhicules - côté,3,2,2,0,1,1,2,0,1,50,,2,1,0,0,1,35.0,20.0,,,1,2,1,2,3
202100006235,2021-11-25 12:10:00,2021,11,25,12,10,64,64024,BOIS BELIN (RUE DU),43.493,-1.51707,Plein jour,En agglomération,Hors intersection,Pluie légère,Deux véhicules - côté,4,2,2,0,1,1,2,0,1,50,,2,1,0,0,1,63.0,77.0,,,1,2,1,2,3
202100006236,2021-11-24 11:00:00,2021,11,24,11,0,64,64024,JORLIS (ROND POINT DE),43.49841,-1.4947,Plein jour,En agglomération,Giratoire,Pluie légère,Sans collision,4,1,2,0,1,2,2,0,1,50,,1,0,0,0,1,19.0,,,,1,2,6,2,7
202100006237,2021-11-22 18:20:00,2021,11,22,18,20,60,60159,Rue de Harlay,49.4191423658,2.8226829087,Nuit avec éclairage allumé,En agglomération,Hors intersection,Normale,Autre collision,4,1,2,0,1,1,1,0,1,30,,2,1,0,0,1,93.0,,,,5,2,1,1,6
202100006238,2021-11-24 16:00:00,2021,11,24,16,0,59,59392,MONS (ROUTE DE),50.2948435387,3.9762273994,Plein jour,En agglomération,Hors intersection,Normale,Deux véhicules - côté,2,-1,2,0,1,1,1,0,1,50,,2,1,0,0,1,43.0,47.0,,,1,2,1,1,3
202100006239,2021-11-24 18:05:00,2021,11,24,18,5,59,59220,EGALITE RUE DE L,50.58171,3.07926,Nuit avec éclairage allumé,Hors agglomération,Autre intersection,Normale,Deux véhicules - côté,6,-1,0,0,1,1,1,0,1,30,,2,1,0,0,1,31.0,40.0,,,5,1,9,1,3
202100006240,2021-11-24 14:31:00,2021,11,24,14,31,57,57012,CLEMENCEAU (RUE),49.35584,6.04581,Plein jour,En agglomération,Hors intersection,Temps éblouissant,Autre collision,3,2,2,0,2,1,1,0,1,50,,2,1,0,1,0,51.0,,,,1,2,1,7,6
202100006241,2021-11-25 10:00:00,2021,11,25,10,0,51,51454,Avenue d’Epernay,49.2322193608,4.0141376853,Plein jour,En agglomération,Hors intersection,Normale,Deux véhicules - arrière,4,2,2,0,1,1,1,0,1,50,,2,1,0,0,1,19.0,29.0,,,1,2,1,1,2
202100006242,2021-11-12 10:25:00,2021,11,12,10,25,50,50129,SAINT EXUPERY (SQUARE),49.63462,-1.62278,Plein jour,En agglomération,Hors intersection,Pluie légère,Autre collision,4,2,-1,0,1,2,2,0,1,50,,2,1,0,0,1,39.0,,,,1,2,1,2,6
202100006243,2021-11-24 17:55:00,2021,11,24,17,55,49,49007,LETANDUERE,47.4517,-0.55304,Plein jour,En agglomération,Hors intersection,Normale,Deux véhicules - côté,4,2,2,0,1,1,1,0,1,30,,3,2,0,0,1,23.0,74.0,,,1,2,1,1,3
202100006244,2021-11-24 07:29:00,2021,11,24,7,29,49,49007,BRIOLLAY ROUTE,47.49223,-0.528984,Nuit avec éclairage allumé,En agglomération,Hors intersection,Normale,Autre collision,4,2,2,0,1,1,1,0,4,30,,2,1,0,0,1,35.0,,,,5,2,1,1,6
202100006245,2021-11-25 07:18:00,2021,11,25,7,18,45,45284,RN 60,47.92453,1.99074,Nuit avec éclairage allumé,En agglomération,Hors intersection,Normale,Trois véhicules et plus - collisions multiples,7,3,4,0,1,1,8,0,1,90,,10,9,0,0,1,48.0,23.0,,,5,2,1,1,5
202100006246,2021-11-21 17:20:00,2021,11,21,17,20,42,42186,Route du Centre de Gravenand,45.52784,4.59436,Plein jour,En agglomération,Hors intersection,Normale,Trois véhicules et plus - collisions multiples,7,2,2,0,2,3,1,0,1,50,,6,1,0,1,4,,33.0,,,1,2,1,1,5
202100006247,2021-11-25 09:00:00,2021,11,25,9,0,42,42184,D300,46.0429730302,4.0455132723,Plein jour,En agglomération,Hors intersection,Temps couvert,Autre collision,3,3,4,0,1,2,1,0,1,70,,1,0,0,1,0,32.0,,,,1,2,1,8,6
202100006248,2021-11-25 19:55:00,2021,11,25,19,55,41,41269,ROUTE DEPARTEMENTALE 917,47.76693,1.09356,Nuit sans éclairage public,Hors agglomération,Hors intersection,Normale,Deux véhicules - arrière,3,-1,2,0,1,1,1,0,1,70,,2,1,0,0,1,49.0,35.0,,,3,1,1,1,2
202100006249,2021-10-25 16:50:00,2021,10,25,16,50,38,38563,RAVAT (RUE J.),45.36866,5.58615,Plein jour,En agglomération,Hors intersection,Normale,Deux véhicules - arrière,3,1,2,0,2,1,1,0,1,50,,2,1,0,0,1,45.0,49.0,,,1,2,1,1,2
202100006250,2021-11-24 14:20:00,2021,11,24,14,20,38,38421,RUE DU PONT CARPIN,45.18713,5.74705,Plein jour,En agglomération,Intersection en T,Normale,Deux véhicules - côté,4,1,1,0,1,1,1,0,1,50,,2,1,0,0,1,62.0,34.0,,,1,2,3,1,3
202100006251,2021-11-26 00:16:00,2021,11,26,0,16,37,37261,DANIEL MAYER,47.4186253229,0.6853795052,Nuit avec éclairage allumé,En agglomération,Hors intersection,Normale,Autre collision,4,2,2,0,1,3,1,0,3,50,,1,0,0,0,1,28.0,,,,5,2,1,1,6
202100006252,2021-11-25 19:20:00,2021,11,25,19,20,37,37122,BERGEONNERIE (RUE DE LA),47.3589482003,0.6951709092,Nuit avec éclairage allumé,En agglomération,Hors intersection,Normale,Autre collision,4,2,2,0,2,3,1,0,1,50,,2,0,0,0,2,62.0,,,,5,2,1,1,6
202100006253,2021-11-25 13:00:00,2021,11,25,13,0,37,37261,LIBERTE (PLACE DE LA),47.3795310775,0.693184558,Plein jour,En agglomération,Giratoire,Normale,Deux véhicules - côté,4,1,4,0,1,1,1,5,6,50,,5,3,0,0,2,57.0,26.0,,,1,2,6,1,3
202100006254,2021-11-25 08:15:00,2021,11,25,8,15,35,35238,GROS MALHON (AVENUE),48.1246,-1.68189,Crépuscule ou aube,En agglomération,Hors intersection,Pluie légère,Autre collision,4,2,2,0,2,1,2,0,1,50,,2,1,0,1,0,53.0,,,,2,2,1,2,6
202100006255,2021-11-24 12:20:00,2021,11,24,12,20,35,35115,MITTERAND (AVENUE FRANCOIS),48.35158,-1.20074,Plein jour,En agglomération,Hors intersection,Normale,Deux véhicules - côté,4,2,2,1,1,1,1,0,5,50,,2,1,0,0,1,23.0,16.0,,,1,2,1,1,3
202100006256,2021-11-25 02:00:00,2021,11,25,2,0,33,33063,QUAI DES CHARTRONS,44.85366,-0.5654,Nuit avec éclairage allumé,En agglomération,Hors intersection,Pluie légère,Autre collision,4,-1,1,0,1,1,2,6,4,5,,2,0,0,1,1,23.0,,,,5,2,1,2,6
202100006257,2021-11-13 05:35:00,2021,11,13,5,35,33,33063,Quai Louis XVIII,44.84334,-0.57022,Nuit avec éclairage allumé,En agglomération,Intersection en T,Normale,Deux véhicules - côté,4,3,4,0,1,1,1,5,1,50,,9,7,0,0,2,19.0,20.0,,,5,2,3,1,3
202100006258,2021-11-25 13:00:00,2021,11,25,13,0,29,29232,Giratoire de Kerustum ,47.97945,-4.09518,Plein jour,En agglomération,Giratoire,Normale,Trois véhicules et plus - en chaîne,3,1,2,0,1,1,1,0,1,50,,4,3,0,0,1,43.0,70.0,,,1,2,6,1,4
202100006259,2021-11-25 08:00:00,2021,11,25,8,0,29,29232,D785 - Route de Pont l’Abbe,47.97773,-4.13121,Plein jour,Hors agglomération,Hors intersection,Normale,Trois véhicules et plus - en chaîne,3,3,4,0,1,1,1,0,1,90,,5,3,0,0,2,34.0,18.0,,,1,1,1,1,4
202100006260,2021-11-25 14:25:00,2021,11,25,14,25,27,27229,POLITZER (RUE GEORGES),49.0067,1.14615,Plein jour,En agglomération,Intersection en T,Temps couvert,Deux véhicules - côté,4,2,2,2,1,1,2,0,1,50,,4,1,0,0,3,35.0,55.0,,,1,2,3,8,3
202100006261,2021-11-25 12:55:00,2021,11,25,12,55,27,27229,NATIONALE 13 (ROUTE),49.01553,1.17915,Plein jour,Hors agglomération,Intersection en T,Temps couvert,Deux véhicules - côté,4,3,4,0,1,1,2,0,1,70,,2,0,0,0,2,28.0,22.0,,,1,1,3,8,3
202100006262,2021-11-25 17:10:00,2021,11,25,17,10,22,22113,KERMARIA SULARD (ROUTE DE),48.7468173906,-3.4230651845,Crépuscule ou aube,Hors agglomération,Hors intersection,Normale,Deux véhicules - frontale,3,2,2,0,2,3,1,0,1,70,,2,0,0,1,1,48.0,42.0,,,2,1,1,1,1
202100006263,2021-11-22 10:50:00,2021,11,22,10,50,18,18279,MERIGOT (RUE LEO ),47.227,2.05356,Plein jour,En agglomération,Hors intersection,Normale,Deux véhicules - côté,4,-1,2,0,1,1,1,9,8,50,,2,1,0,1,0,29.0,,,,1,2,1,1,3
202100006264,2021-11-24 16:30:00,2021,11,24,16,30,17,17300,CHAMPLAIN   RUE SAMUEL,46.150281,-1.20861,Plein jour,En agglomération,Hors intersection,Normale,Deux véhicules - côté,4,2,2,0,1,1,1,0,1,50,,2,1,1,0,0,18.0,60.0,,,1,2,1,1,3
202100006265,2021-11-25 19:45:00,2021,11,25,19,45,15,15014,PLOMB DU CANTAL (AVENUE DU),44.913257,2.43318,Nuit avec éclairage allumé,En agglomération,Intersection en X,Temps couvert,Deux véhicules - côté,2,2,4,0,1,1,2,5,1,50,,4,0,0,1,3,38.0,23.0,,,5,2,2,8,3
202100006266,2021-11-25 18:30:00,2021,11,25,18,30,13,13117,PADOVANI ( AVE ),43.4346,5.26065,Nuit avec éclairage allumé,En agglomération,Hors intersection,Pluie légère,Deux véhicules - frontale,4,2,2,0,1,1,2,0,1,50,,2,1,0,0,1,47.0,,,,5,2,1,2,1
202100006267,2021-11-25 20:00:00,2021,11,25,20,0,13,13209,CABOT (BOULEVARD),43.25815,5.41782,Nuit avec éclairage allumé,En agglomération,Hors intersection,Pluie forte,Deux véhicules - côté,4,1,1,0,1,2,2,5,1,50,,2,1,0,0,1,31.0,29.0,,,5,2,1,3,3
202100006268,2021-11-25 22:00:00,2021,11,25,22,0,13,13213,SAINT JEROME (AVENUE DE),43.33119,5.41928,Nuit avec éclairage allumé,En agglomération,Hors intersection,Pluie légère,Deux véhicules - arrière,4,2,2,0,1,1,2,0,1,50,,2,1,0,0,1,,31.0,,,5,2,1,2,2
202100006269,2021-11-25 20:00:00,2021,11,25,20,0,13,13215,MADRAGUE VILLE (chemin de la),43.33537,5.35783,Nuit avec éclairage allumé,En agglomération,Hors intersection,Pluie légère,Deux véhicules - arrière,4,2,2,0,1,1,2,0,1,50,,3,1,0,0,2,21.0,31.0,,,5,2,1,2,2
202100006270,2021-11-25 19:15:00,2021,11,25,19,15,13,13210,PAUL CLAUDEL (BOULEVARD),43.2688,5.41988,Nuit avec éclairage allumé,En agglomération,Hors intersection,Pluie légère,Autre collision,4,2,3,2,1,1,2,0,1,50,,2,1,0,0,1,60.0,,,,5,2,1,2,6
202100006271,2021-11-25 20:15:00,2021,11,25,20,15,13,13211,CAMOINS (AVENUE DES),43.29552,5.48887,Nuit avec éclairage allumé,En agglomération,Giratoire,Pluie légère,Deux véhicules - frontale,7,1,1,0,1,2,2,5,1,50,,2,1,0,0,1,65.0,,,,5,2,6,2,1
202100006272,2021-11-24 12:50:00,2021,11,24,12,50,11,11262,HUGO (QUAI ET PASSERELLE VICTOR),43.18059,3.01097,Plein jour,En agglomération,Hors intersection,Pluie forte,Autre collision,4,2,2,0,1,1,2,9,1,50,,2,1,0,1,0,47.0,,,,1,2,1,3,6
202100006273,2021-11-25 20:10:00,2021,11,25,20,10,09,09225,ROUTE NATIONALE 20,43.108913,1.631874,Nuit sans éclairage public,Hors agglomération,Hors intersection,Pluie forte,Deux véhicules - arrière,2,1,2,0,1,1,2,0,1,90,,2,1,0,0,1,35.0,61.0,,,3,1,1,3,2
202100006274,2021-11-02 19:46:00,2021,11,2,19,46,08,08105,NEVERS PLACE,49.774,4.71884,Nuit avec éclairage allumé,En agglomération,Intersection en X,Normale,Deux véhicules - côté,4,1,4,0,1,1,1,5,1,50,,2,1,0,1,0,15.0,42.0,,,5,2,2,1,3
202100006275,2021-11-25 15:15:00,2021,11,25,15,15,06,06088,MADELEINE (BD DE LA),43.71132,7.22617,Plein jour,En agglomération,Hors intersection,Temps couvert,Autre collision,4,2,2,0,1,2,2,0,1,50,,1,0,0,0,1,31.0,,,,1,2,1,8,6
202100006276,2021-11-25 13:55:00,2021,11,25,13,55,06,06029,CAMP LONG (AVENUE DU),43.562547,7.020996,Plein jour,En agglomération,Hors intersection,Temps couvert,Deux véhicules - côté,4,2,3,0,2,1,1,0,1,50,,2,1,0,0,1,34.0,25.0,,,1,2,1,8,3
202100006277,2021-11-09 07:55:00,2021,11,9,7,55,06,06027,NICE AVENUE DE (RN7),43.659214,7.164189,Plein jour,En agglomération,Hors intersection,Normale,Deux véhicules - frontale,7,2,2,0,1,1,1,0,1,50,,2,1,0,0,1,45.0,16.0,,,1,2,1,1,1
202100006278,2021-11-15 10:10:00,2021,11,15,10,10,04,04112,RD 4096 (av Frédéric Mistral),43.82072,5.78712,Plein jour,En agglomération,Intersection en T,Normale,Deux véhicules - côté,3,2,2,0,1,1,1,0,1,50,,2,1,0,0,1,52.0,50.0,,,1,2,3,1,3
202100006279,2021-11-25 13:50:00,2021,11,25,13,50,03,03013,RN 7,46.59721,3.31011,Plein jour,Hors agglomération,Hors intersection,Pluie légère,Autre collision,2,1,1,0,1,3,2,9,2,70,,4,0,1,0,3,32.0,,,,1,1,1,2,6
202100006280,2021-10-20 06:10:00,2021,10,20,6,10,02,02064,ROUTE NATIONALE 2,49.35893,3.32923,Nuit sans éclairage public,Hors agglomération,Hors intersection,Normale,Autre collision,2,3,2,0,1,3,1,0,3,110,,1,0,0,1,0,20.0,,,,3,1,1,1,6
202100006281,2021-11-25 13:40:00,2021,11,25,13,40,01,01053,REMPARTS ( RUE DES ),46.20684,5.22575,Plein jour,En agglomération,Intersection en T,Normale,Deux véhicules - côté,4,1,1,0,1,2,1,6,1,30,,2,1,0,0,1,12.0,25.0,,,1,2,3,1,3
202100006282,2021-11-23 16:41:00,2021,11,23,16,41,75,75111,AVENUE PHILIPPE AUGUSTE,48.855758,2.391335,Plein jour,En agglomération,Intersection en X,Normale,Autre collision,4,2,2,0,2,1,1,0,1,30,,2,0,1,0,1,21.0,,,,1,2,2,1,6
202100006283,2021-11-25 19:50:00,2021,11,25,19,50,75,75105,RUE DE LA MONTAGNE SAINTE GENEVIEVE,48.848335,2.348518,Nuit avec éclairage allumé,En agglomération,Hors intersection,Pluie légère,Autre collision,4,1,2,1,2,1,2,0,1,30,,2,1,0,0,1,27.0,,,,5,2,1,2,6
202100006284,2021-11-25 11:00:00,2021,11,25,11,0,75,75106,RUE DE VAUGIRARD,48.847821,2.329563,Plein jour,En agglomération,Intersection en X,Normale,Deux véhicules - côté,4,2,2,0,1,1,1,0,1,30,,2,1,0,0,1,36.0,29.0,,,1,2,2,1,3
202100006285,2021-11-25 17:50:00,2021,11,25,17,50,75,75119,RUE MANIN,48.880422,2.379628,Nuit avec éclairage allumé,En agglomération,Intersection en T,Temps couvert,Deux véhicules - arrière,4,2,2,0,1,1,2,0,1,30,,2,1,0,0,1,35.0,,,,5,2,3,8,2
202100006286,2021-11-25 14:30:00,2021,11,25,14,30,75,75117,AVENUE NIEL,48.882923,2.296392,Plein jour,En agglomération,Intersection en X,Normale,Deux véhicules - côté,4,2,2,0,1,1,1,0,1,30,,2,1,0,0,1,47.0,26.0,,,1,2,2,1,3
202100006287,2021-11-24 20:15:00,2021,11,24,20,15,75,75116,AVENUE DE LA PORTE D AUTEUIL,48.847993,2.251285,Nuit avec éclairage allumé,En agglomération,Intersection en Y,Normale,Deux véhicules - côté,4,2,2,1,1,1,1,0,1,50,,2,1,0,0,1,24.0,66.0,,,5,2,4,1,3
202100006288,2021-11-24 13:30:00,2021,11,24,13,30,75,75116,AVENUE KLEBER,48.86781,2.290713,Plein jour,En agglomération,Intersection en T,Temps éblouissant,Deux véhicules - côté,4,2,3,3,1,1,1,0,1,30,,2,1,0,0,1,28.0,20.0,,,1,2,3,7,3
202100006289,2021-11-24 15:00:00,2021,11,24,15,0,75,75114,PLACE DENFERT ROCHEREAU,48.83369,2.331927,Plein jour,En agglomération,Place,Normale,Deux véhicules - côté,4,-1,4,0,1,1,1,0,1,50,,2,1,0,0,1,36.0,34.0,,,1,2,7,1,3
202100006290,2021-11-25 19:55:00,2021,11,25,19,55,75,75113,BD PERIPHERIQUE INTERIEUR,48.816151,2.36115,Nuit sans éclairage public,En agglomération,Hors intersection,Normale,Deux véhicules - arrière,4,1,6,0,1,1,1,0,1,70,,2,1,0,0,1,32.0,30.0,,,3,2,1,1,2
202100006291,2021-11-25 18:40:00,2021,11,25,18,40,75,75113,BOULEVARD SAINT MARCEL,48.836803,2.351867,Nuit avec éclairage allumé,En agglomération,Intersection à plus de 4 branches,Pluie légère,Deux véhicules - arrière,4,2,2,3,1,1,2,-1,6,30,,2,1,0,0,1,55.0,,,,5,2,5,2,2
202100006292,2021-11-25 07:54:00,2021,11,25,7,54,75,75113,RUE DE TOLBIAC,48.826687,2.364098,Plein jour,En agglomération,Hors intersection,Normale,Deux véhicules - côté,4,2,3,2,1,1,1,0,1,30,,2,1,0,0,1,25.0,38.0,,,1,2,1,1,3
202100006293,2021-11-25 13:15:00,2021,11,25,13,15,75,75112,BOULEVARD DE PICPUS,48.843719,2.401594,Plein jour,En agglomération,Hors intersection,Normale,Autre collision,4,1,2,1,1,1,1,0,1,30,,2,1,0,0,1,26.0,,,,1,2,1,1,6
202100006294,2021-11-24 11:50:00,2021,11,24,11,50,75,75112,RUE DE BERCY,48.841708,2.377195,Plein jour,En agglomération,Hors intersection,Normale,Trois véhicules et plus - en chaîne,4,2,4,2,1,1,1,0,1,30,,3,2,0,0,1,28.0,43.0,,,1,2,1,1,4
202100006295,2021-11-25 10:05:00,2021,11,25,10,5,75,75110,BOULEVARD DE MAGENTA,48.875552,2.356713,Plein jour,En agglomération,Intersection en Y,Normale,Autre collision,4,2,4,0,1,1,1,0,1,30,,2,0,0,0,2,51.0,,,,1,2,4,1,6
202100006296,2021-11-24 17:10:00,2021,11,24,17,10,75,75109,BOULEVARD DE ROCHECHOUART,48.883277,2.346933,Nuit avec éclairage allumé,En agglomération,Intersection à plus de 4 branches,Normale,Autre collision,4,1,2,3,1,1,1,-1,5,30,,2,1,0,0,1,26.0,,,,5,2,5,1,6
202100006297,2021-11-25 09:12:00,2021,11,25,9,12,75,75108,RUE DE MONCEAU,48.87943,2.314282,Plein jour,En agglomération,Intersection en X,Normale,Autre collision,4,1,2,1,1,1,1,0,1,30,,2,0,0,0,2,39.0,,,,1,2,2,1,6
202100006298,2021-11-25 06:45:00,2021,11,25,6,45,75,75108,BOULEVARD HAUSSMANN,48.875109,2.311088,Nuit avec éclairage allumé,En agglomération,Hors intersection,Normale,Deux véhicules - côté,4,2,4,3,1,1,1,-1,6,50,,2,1,0,0,1,,36.0,,,5,2,1,1,3
202100006299,2021-11-25 01:10:00,2021,11,25,1,10,75,75108,PLACE DE LA CONCORDE,48.864078,2.320123,Nuit avec éclairage allumé,En agglomération,Place,Normale,Deux véhicules - côté,4,1,3,0,1,1,1,0,1,50,,4,1,0,0,3,57.0,44.0,,,5,2,7,1,3
202100006300,2021-11-24 09:00:00,2021,11,24,9,0,75,75108,RUE DU FAUBOURG SAINT HONORE,48.870438,2.3175,Plein jour,En agglomération,Intersection en Y,Normale,Autre collision,4,1,1,0,1,1,1,0,1,30,,2,1,0,0,1,46.0,,,,1,2,4,1,6
202100006301,2021-11-25 17:25:00,2021,11,25,17,25,75,75107,RUE DE BOURGOGNE,48.857566,2.317533,Crépuscule ou aube,En agglomération,Intersection en X,Pluie légère,Deux véhicules - arrière,4,1,1,0,1,1,2,0,1,30,,2,1,0,0,1,53.0,51.0,,,2,2,2,2,2
202100006302,2021-10-25 13:37:00,2021,10,25,13,37,75,75107,QUAI ANATOLE FRANCE,48.860796,2.325312,Plein jour,En agglomération,Intersection en T,Pluie légère,Trois véhicules et plus - en chaîne,4,1,3,0,1,1,2,0,1,30,,4,3,0,0,1,30.0,69.0,,,1,2,3,2,4