accident_id,datetime,annee,mois,jour,heure,minute,departement,commune_insee,adresse,latitude,longitude,luminosite,agglomeration,intersection,meteo,collision,catr,circ,nbv,vosp,prof,plan,surf,infra,situ,vma,nb_vehicules,nb_usagers,nb_indemnes,nb_tues,nb_blesses_hosp,nb_blesses_legers,age_cond_1,age_cond_2,veh_type_cond_1,veh_type_cond_2,lum_code,agg_code,int_code,atm_code,col_code
202100006303,2021-11-25 00:38:00,2021,11,25,0,38,75,75107,RUE DE L UNIVERSITE,48.860975,2.314963,Nuit avec éclairage allumé,En agglomération,Intersection en X,Normale,Deux véhicules - côté,4,2,4,1,1,1,1,-1,5,30,,2,1,0,0,1,30.0,44.0,,,5,2,2,1,3
202100006304,2021-11-25 17:05:00,2021,11,25,17,5,94,94076,Rue des Guipons,48.80479,2.36214,Crépuscule ou aube,En agglomération,Hors intersection,Pluie légère,Autre collision,4,1,1,0,1,1,2,0,1,50,,2,1,0,0,1,36.0,,,,2,2,1,2,6
202100006305,2021-11-25 15:00:00,2021,11,25,15,0,94,94073,Avenue de Versailles,48.75701,2.38866,Plein jour,En agglomération,Hors intersection,Temps couvert,Sans collision,3,1,2,0,1,1,1,0,1,50,,1,0,0,0,1,20.0,,,,1,2,1,8,7
202100006306,2021-11-24 23:30:00,2021,11,24,23,30,94,94019,Route de la Libération,48.79763,2.54733,Nuit avec éclairage allumé,En agglomération,Intersection en X,Normale,Deux véhicules - côté,3,3,4,0,1,1,1,5,1,50,,2,1,0,0,1,19.0,17.0,,,5,2,2,1,3
202100006307,2021-11-25 21:25:00,2021,11,25,21,25,93,93072,STALINGRAD (AVENUE) DES N°2 AU N°100,48.94863,2.38064,Nuit avec éclairage allumé,En agglomération,Intersection en T,Normale,Deux véhicules - côté,3,1,2,1,1,1,2,0,1,50,,2,1,0,0,1,21.0,,,,5,2,3,1,3
202100006308,2021-11-25 16:30:00,2021,11,25,16,30,93,93070,VICTOR-HUGO (BD),48.90366,2.32053,Crépuscule ou aube,En agglomération,Autre intersection,Brouillard / fumée,Trois véhicules et plus - collisions multiples,3,2,1,0,1,1,1,0,1,50,,4,3,0,1,0,,41.0,,,2,2,9,5,5
202100006309,2021-11-25 19:45:00,2021,11,25,19,45,93,93051,RU DE NESLE (BOULEVARD),48.83759,2.5821,Nuit avec éclairage allumé,En agglomération,Giratoire,Normale,Deux véhicules - côté,3,1,1,0,1,3,1,0,1,50,,2,1,0,0,1,38.0,,,,5,2,6,1,3
202100006310,2021-11-25 20:10:00,2021,11,25,20,10,93,93048,PASTEUR S2  (AVENUE),48.8665205926,2.4357932539,Nuit sans éclairage public,En agglomération,Hors intersection,Pluie légère,Trois véhicules et plus - collisions multiples,4,1,2,0,2,1,2,0,1,50,,9,8,0,0,1,,38.0,,,3,2,1,2,5
202100006311,2021-11-25 14:15:00,2021,11,25,14,15,93,93031,ALLENDE (AVENUE SALVADOR),48.95475,2.30793,Plein jour,En agglomération,Intersection en X,Autre,Deux véhicules - côté,3,3,4,3,1,1,2,4,1,50,,2,1,0,1,0,49.0,31.0,,,1,2,2,9,3
202100006312,2021-11-25 08:25:00,2021,11,25,8,25,93,93007,"""HENRI BARBUSSE (AVENUE """"DU 01 AU 80"""")",48.94009,2.46254,Crépuscule ou aube,En agglomération,Intersection en X,Temps couvert,Deux véhicules - côté,4,-1,1,0,1,1,1,0,1,50,,2,1,0,0,1,43.0,17.0,,,2,2,2,8,3
202100006313,2021-11-25 13:10:00,2021,11,25,13,10,93,93005,MOULIN DE LA VILLE (CHEMIN DU),48.9505758846,2.4973652324,Plein jour,En agglomération,Hors intersection,Temps couvert,Autre collision,4,2,2,0,1,1,1,0,1,50,,2,1,0,0,1,42.0,,,,1,2,1,8,6
202100006314,2021-11-25 08:40:00,2021,11,25,8,40,92,92050,HOCHE AVENUE,48.8996753306,2.2010502219,Crépuscule ou aube,En agglomération,Intersection en X,Normale,Deux véhicules - côté,3,1,2,1,1,1,1,0,8,50,,2,1,0,0,1,32.0,24.0,,,2,2,2,1,3
202100006315,2021-11-25 19:40:00,2021,11,25,19,40,92,92035,Général de Gaulle  ( avenue du ),48.9108071204,2.2547587752,Nuit avec éclairage allumé,En agglomération,Intersection en T,Normale,Deux véhicules - côté,3,2,3,2,1,1,1,0,1,50,,2,1,0,0,1,50.0,22.0,,,5,2,3,1,3
202100006316,2021-11-25 16:39:00,2021,11,25,16,39,92,92024,GENERAL LECLERC (BD DU) (9 A 59)   (4 A,48.9016935923,2.3147812486,Crépuscule ou aube,En agglomération,Intersection en T,Pluie légère,Autre collision,4,2,2,0,1,1,2,0,1,30,,2,1,0,0,1,56.0,,,,2,2,3,2,6
202100006317,2021-11-25 20:30:00,2021,11,25,20,30,92,92023,CONDORCET (RUE),48.8102389764,2.2679713368,Nuit avec éclairage allumé,En agglomération,Hors intersection,Pluie légère,Deux véhicules - côté,4,2,0,0,1,1,2,0,1,30,,2,1,0,0,1,49.0,27.0,,,5,2,1,2,3
202100006318,2021-11-25 02:51:00,2021,11,25,2,51,92,92019,LAVOIR (RUE DU),48.7653835803,2.2801499069,Nuit avec éclairage allumé,En agglomération,Hors intersection,Normale,Autre collision,4,1,2,0,2,1,1,0,1,50,,1,0,0,0,1,23.0,,,,5,2,1,1,6
202100006319,2021-11-25 10:09:00,2021,11,25,10,9,92,92012,COURS DE L'ILE SEGUIN,48.8284483712,2.2354361415,Plein jour,En agglomération,Hors intersection,Normale,Deux véhicules - arrière,4,1,1,0,1,1,1,0,8,30,,2,1,0,0,1,28.0,29.0,,,1,2,1,1,2
202100006320,2021-11-25 08:00:00,2021,11,25,8,0,54,54462,rd1g,48.5974720932,6.3421797747,Crépuscule ou aube,Hors agglomération,Hors intersection,Normale,Autre collision,3,2,2,0,1,1,1,0,3,80,,1,0,0,0,1,28.0,,,,2,1,1,1,6
202100006321,2021-11-26 10:30:00,2021,11,26,10,30,83,83004,A8,43.441064,6.478704,Plein jour,Hors agglomération,Hors intersection,Normale,Deux véhicules - arrière,1,3,3,0,1,1,1,0,1,130,,2,1,0,1,0,58.0,19.0,,,1,1,1,1,2
202100006322,2021-11-25 19:45:00,2021,11,25,19,45,83,83049,A57,43.23301,6.082306,Nuit sans éclairage public,Hors agglomération,Hors intersection,Pluie forte,Autre collision,1,1,2,0,1,1,2,0,1,110,,3,2,0,1,0,42.0,,,,3,1,1,3,6
202100006323,2021-11-26 23:45:00,2021,11,26,23,45,974,97422,Chemin Emile Zola,-21.242567,55.491954,Nuit sans éclairage public,En agglomération,Hors intersection,Normale,Autre collision,3,2,2,0,2,3,2,0,3,50,,1,0,0,0,1,22.0,,,,3,2,1,1,6
202100006324,2021-11-25 13:25:00,2021,11,25,13,25,74,74010,Route de Geneve,45.947151,6.121219,Plein jour,En agglomération,Intersection en X,Normale,Deux véhicules - côté,3,2,2,0,1,1,1,0,1,50,,2,1,0,0,1,47.0,68.0,,,1,2,2,1,3
202100006325,2021-11-26 06:00:00,2021,11,26,6,0,974,97410,Chemin du Cratere,-21.049211,55.702714,Crépuscule ou aube,Hors agglomération,Hors intersection,Normale,Deux véhicules - arrière,3,-1,2,0,1,1,1,0,3,50,,2,1,0,1,0,34.0,,,,2,1,1,1,2
202100006326,2021-11-25 17:10:00,2021,11,25,17,10,14,14475,"A84, PK 247.790, Sens CAEN / RENNES,",49.111239,-0.566113,Crépuscule ou aube,Hors agglomération,Hors intersection,Normale,Trois véhicules et plus - en chaîne,1,3,4,0,1,1,1,0,1,130,,3,2,0,1,0,31.0,48.0,,,2,1,1,1,4
202100006327,2021-11-25 18:45:00,2021,11,25,18,45,19,19148,Route de Serandon,45.385988,2.288632,Nuit sans éclairage public,Hors agglomération,Hors intersection,Pluie légère,Sans collision,3,2,2,0,2,2,2,0,3,90,,1,0,0,1,0,77.0,,,,3,1,1,2,7
202100006328,2021-11-25 19:00:00,2021,11,25,19,0,80,80078,D183,50.084532,1.928701,Nuit sans éclairage public,Hors agglomération,Intersection en X,Pluie légère,Deux véhicules - frontale,3,2,2,0,2,1,2,5,1,80,,2,0,0,2,0,25.0,51.0,,,3,1,2,2,1
202100006329,2021-11-26 17:45:00,2021,11,26,17,45,71,71073,Avenue Général de Gaulle,46.910776,4.75477,Nuit avec éclairage allumé,En agglomération,Hors intersection,Pluie légère,Autre collision,3,2,2,0,1,1,2,0,1,50,,4,3,0,0,1,20.0,,,,5,2,1,2,6
202100006330,2021-11-26 18:30:00,2021,11,26,18,30,63,63424,D91,45.940855,3.26773,Nuit sans éclairage public,Hors agglomération,Hors intersection,Normale,Sans collision,3,2,2,0,1,1,1,0,8,80,,1,0,0,1,0,44.0,,,,3,1,1,1,7
202100006331,2021-11-25 16:15:00,2021,11,25,16,15,39,39217,,46.707119,5.527128,Plein jour,Hors agglomération,Intersection en T,Pluie légère,Sans collision,3,2,2,0,1,1,2,0,1,80,,1,0,0,1,0,22.0,,,,1,1,3,2,7
202100006332,2021-11-26 13:40:00,2021,11,26,13,40,29,29217,42 Rue des Abbés Tanguy,47.856373,-3.756702,Plein jour,En agglomération,Hors intersection,Pluie légère,Autre collision,4,3,2,0,1,1,2,0,4,50,,2,1,0,1,0,62.0,,,,1,2,1,2,6
202100006333,2021-11-26 07:15:00,2021,11,26,7,15,29,29173,D765 - Route de Douarnenez,48.012018,-4.197013,Nuit sans éclairage public,Hors agglomération,Giratoire,Pluie forte,Autre collision,3,3,2,0,1,3,2,5,8,80,,1,0,1,0,0,48.0,,,,3,1,6,3,6
202100006334,2021-11-26 08:00:00,2021,11,26,8,0,31,31202,Avenue de Villaudric,43.837971,1.393987,Crépuscule ou aube,En agglomération,Hors intersection,Temps couvert,Autre collision,3,2,2,0,1,1,1,0,1,50,,2,1,0,0,1,26.0,,,,2,2,1,8,6
202100006335,2021-11-25 17:29:00,2021,11,25,17,29,03,03126,D 131,46.092296,3.440523,Nuit sans éclairage public,Hors agglomération,Hors intersection,Temps couvert,Deux véhicules - arrière,3,2,2,0,1,1,2,1,1,90,,2,1,0,1,0,24.0,51.0,,,3,1,1,8,2
202100006336,2021-11-25 16:10:00,2021,11,25,16,10,66,66049,Rue de Batère,42.499887,2.758751,Crépuscule ou aube,En agglomération,Hors intersection,Pluie légère,Autre collision,6,-1,-1,0,1,1,2,0,1,50,,2,1,0,1,0,51.0,,,,2,2,1,2,6
202100006337,2021-11-26 15:45:00,2021,11,26,15,45,72,72373,pk 18+100 D1,48.039615,0.743959,Plein jour,Hors agglomération,Hors intersection,Pluie légère,Deux véhicules - frontale,3,2,2,0,2,3,2,0,1,90,,2,0,1,0,1,59.0,76.0,,,1,1,1,2,1
202100006338,2021-11-26 14:50:00,2021,11,26,14,50,06,06090,Avenue de la Republique,43.589368,6.936433,Plein jour,Hors agglomération,Intersection en T,Normale,Deux véhicules - frontale,3,2,2,0,1,1,1,5,1,50,,2,1,0,1,0,50.0,58.0,,,1,1,3,1,1
202100006339,2021-11-26 18:45:00,2021,11,26,18,45,05,05012,Impasse des Courlis,44.54846,6.484138,Nuit avec éclairage allumé,En agglomération,Giratoire,Normale,Autre collision,2,1,2,0,1,1,1,0,1,50,,2,1,0,1,0,44.0,,,,5,2,6,1,6
202100006340,2021-11-26 09:40:00,2021,11,26,9,40,36,36016,2 Route des Brandes.,46.540901,1.145861,Plein jour,Hors agglomération,Hors intersection,Normale,Deux véhicules - côté,4,2,2,0,1,3,2,0,1,80,,2,1,0,1,0,67.0,18.0,,,1,1,1,1,3
202100006341,2021-11-24 17:45:00,2021,11,24,17,45,21,21115,4 Rue Saint Laurent,47.820179,4.559305,Nuit avec éclairage allumé,En agglomération,Hors intersection,Normale,Autre collision,4,2,2,0,2,1,1,0,8,50,,1,0,0,1,0,15.0,,,,5,2,1,1,6
202100006342,2021-11-24 17:30:00,2021,11,24,17,30,987,98752,RT1 PK42.000 SENS PAPEETE TARAVAO,-17.773754,-149.444155,Plein jour,Hors agglomération,Hors intersection,Normale,Sans collision,2,2,2,0,1,1,1,0,1,30,,1,0,1,0,0,65.0,,,,1,1,1,1,7
202100006343,2021-11-25 19:45:00,2021,11,25,19,45,987,98738,PK 12.100 RT1 Face à la servitude PAPEHIAROUO,-17.615065,-149.614424,Nuit avec éclairage allumé,Hors agglomération,Hors intersection,Normale,Deux véhicules - côté,2,2,2,1,1,1,1,0,1,60,,2,1,0,1,0,19.0,41.0,,,5,1,1,1,3
202100006344,2021-11-25 22:25:00,2021,11,25,22,25,21,21054,autoroute A6 - sens Lyon Paris - PK 305+590,47.009706,4.864811,Crépuscule ou aube,Hors agglomération,Hors intersection,Normale,Autre collision,1,3,5,0,1,1,2,0,1,130,,2,1,0,0,1,22.0,,,,2,1,1,1,6
202100006345,2021-11-26 14:08:00,2021,11,26,14,8,976,97607,Rue de la Plage - Iloni,-12.844758,45.190327,Plein jour,En agglomération,Hors intersection,Normale,Autre collision,4,2,2,0,1,1,1,0,1,50,,2,1,0,1,0,37.0,,,,1,2,1,1,6
202100006346,2021-11-25 08:30:00,2021,11,25,8,30,974,97424,Route Nationale 5,-21.146652,55.467063,Plein jour,Hors agglomération,Hors intersection,Normale,Deux véhicules - frontale,2,2,2,0,2,1,1,0,1,80,,2,1,0,1,0,26.0,38.0,,,1,1,1,1,1
202100006347,2021-11-26 08:56:00,2021,11,26,8,56,971,97128,Castaing,16.228816,-61.374113,Plein jour,En agglomération,Hors intersection,Normale,Autre collision,2,2,2,0,1,1,1,0,1,50,,2,1,1,0,0,29.0,,,,1,2,1,1,6
202100006348,2021-11-24 10:40:00,2021,11,24,10,40,45,45252,Place des Halles,48.17196,2.256103,Plein jour,En agglomération,Hors intersection,Normale,Autre collision,4,1,1,0,1,1,1,0,1,50,,2,1,0,1,0,19.0,,,,1,2,1,1,6
202100006349,2021-11-24 17:40:00,2021,11,24,17,40,91,91115,Route d Arpajon,48.594331,2.194644,Nuit avec éclairage allumé,En agglomération,Hors intersection,Normale,Autre collision,3,2,2,0,1,1,2,0,1,50,,2,1,1,0,0,41.0,,,,5,2,1,1,6
202100006350,2021-11-26 17:00:00,2021,11,26,17,0,34,34327,N113,43.653941,3.983952,Nuit sans éclairage public,Hors agglomération,Hors intersection,Normale,Sans collision,2,2,1,0,1,2,1,0,1,-1,,1,0,0,1,0,24.0,,,,3,1,1,1,7
202100006351,2021-11-25 20:35:00,2021,11,25,20,35,84,84055,route de CAUMONT,43.945786,4.943413,Nuit avec éclairage allumé,Hors agglomération,Autre intersection,Pluie légère,Sans collision,3,2,2,0,1,1,2,0,3,80,,1,0,0,1,0,18.0,,,,5,1,9,2,7
202100006352,2021-11-26 04:25:00,2021,11,26,4,25,89,89085,Route de Lyon,47.937572,3.501244,Nuit sans éclairage public,Hors agglomération,Giratoire,Normale,Deux véhicules - arrière,3,2,2,0,1,2,1,5,1,80,,2,1,0,1,0,45.0,25.0,,,3,1,6,1,2
202100006353,2021-11-23 07:45:00,2021,11,23,7,45,67,67300,Rue de la Commanderie,48.53078,7.49752,Plein jour,En agglomération,Intersection en T,Normale,Deux véhicules - côté,4,2,1,0,1,1,1,0,1,50,,2,1,0,0,1,60.0,32.0,,,1,2,3,1,3
202100006354,2021-11-25 14:50:00,2021,11,25,14,50,57,57087,D73,49.16803,6.620384,Plein jour,Hors agglomération,Hors intersection,Normale,Sans collision,3,2,2,0,1,2,1,0,3,80,,2,1,0,1,0,20.0,,,,1,1,1,1,7
202100006355,2021-11-26 12:20:00,2021,11,26,12,20,38,38465,D16,45.692077,5.477409,Plein jour,En agglomération,Hors intersection,Temps couvert,Deux véhicules - frontale,3,2,2,0,4,3,2,0,1,50,,2,1,0,0,1,41.0,22.0,,,1,2,1,8,1
202100006356,2021-11-25 18:30:00,2021,11,25,18,30,01,01142,D61,45.848442,5.066264,Nuit avec éclairage allumé,En agglomération,Intersection en X,Normale,Deux véhicules - côté,3,2,2,0,1,1,1,0,1,50,,2,1,0,1,0,35.0,15.0,,,5,2,2,1,3
202100006357,2021-11-26 13:15:00,2021,11,26,13,15,01,01186,D103,45.912138,5.537667,Plein jour,Hors agglomération,Hors intersection,Brouillard / fumée,Autre collision,3,2,2,0,2,4,2,0,8,80,,1,0,0,0,1,19.0,,,,1,1,1,5,6
202100006358,2021-11-26 11:20:00,2021,11,26,11,20,69,69273,Avenue de Montmartin,45.670399,4.921435,Plein jour,En agglomération,Hors intersection,Normale,Deux véhicules - arrière,4,2,2,0,1,1,1,0,1,50,,2,1,0,0,1,22.0,22.0,,,1,2,1,1,2
202100006359,2021-11-25 18:40:00,2021,11,25,18,40,19,19098,Route des Jordes,45.2001128849,1.8315625191,Nuit sans éclairage public,Hors agglomération,Hors intersection,Pluie légère,Deux véhicules - côté,3,2,2,0,2,4,2,0,1,70,,2,1,0,1,0,17.0,29.0,,,3,1,1,2,3
202100006360,2021-11-25 17:00:00,2021,11,25,17,0,14,14762,Avenue Guy de Maupassant,48.846393,-0.886647,Plein jour,En agglomération,Intersection en T,Temps couvert,Deux véhicules - côté,3,2,2,0,2,2,2,0,1,50,,3,1,0,1,1,24.0,38.0,,,1,2,3,8,3
202100006361,2021-10-27 15:50:00,2021,10,27,15,50,22,22168,Route de Pleumeur-Bodou,48.801009,-3.473386,Plein jour,En agglomération,Intersection en X,Normale,Deux véhicules - côté,4,2,2,0,1,1,1,0,1,50,,2,1,0,0,1,36.0,74.0,,,1,2,2,1,3
202100006362,2021-11-25 17:50:00,2021,11,25,17,50,22,22330,La Croix Mallet,48.2512893773,-2.8279323574,Nuit sans éclairage public,Hors agglomération,Hors intersection,Normale,Deux véhicules - frontale,3,2,2,0,2,1,2,0,1,80,,4,0,0,2,2,31.0,23.0,,,3,1,1,1,1
202100006363,2021-11-22 16:30:00,2021,11,22,16,30,59,59303,N41,50.569896,2.856177,Crépuscule ou aube,Hors agglomération,Hors intersection,Temps éblouissant,Trois véhicules et plus - en chaîne,2,3,4,0,1,1,1,0,1,90,,3,2,0,1,0,45.0,56.0,,,2,1,1,7,4
202100006364,2021-11-25 13:30:00,2021,11,25,13,30,13,13026,A55-Sens Martigues vers Marseille,43.40181,5.10594,Plein jour,Hors agglomération,Hors intersection,Pluie forte,Sans collision,1,1,2,0,1,1,2,0,1,110,,1,0,0,0,1,28.0,,,,1,1,1,3,7
202100006365,2021-11-24 21:50:00,2021,11,24,21,50,13,13117,A7-Sens Lyon vers Marseille,43.44535,5.2433,Nuit sans éclairage public,Hors agglomération,Hors intersection,Pluie forte,Autre collision,1,1,2,0,1,1,2,0,2,110,,1,0,0,0,1,25.0,,,,3,1,1,3,6
202100006366,2021-11-24 14:20:00,2021,11,24,14,20,83,83137,A57,43.12132,5.95331,Plein jour,Hors agglomération,Hors intersection,Normale,Deux véhicules - côté,1,3,5,0,2,1,1,0,1,70,,3,1,0,0,2,62.0,37.0,,,1,1,1,1,3
202100006367,2021-11-21 17:45:00,2021,11,21,17,45,42,42330,A72,45.48075,4.34484,Nuit sans éclairage public,Hors agglomération,Hors intersection,Normale,Deux véhicules - arrière,1,3,6,0,1,1,1,0,1,110,,2,1,0,0,1,31.0,49.0,,,3,1,1,1,2
202100006368,2021-11-24 18:45:00,2021,11,24,18,45,59,59196,AUTOROUTE A25,50.638,2.94011,Nuit sans éclairage public,Hors agglomération,Hors intersection,Normale,Trois véhicules et plus - en chaîne,1,-1,4,0,1,1,1,0,1,110,,5,4,0,1,0,31.0,51.0,,,3,1,1,1,4
202100006369,2021-11-25 08:45:00,2021,11,25,8,45,91,91312,RD 444,48.73978,2.22522,Plein jour,Hors agglomération,Hors intersection,Normale,Deux véhicules - arrière,3,1,1,0,1,1,1,0,1,70,,2,1,0,0,1,62.0,41.0,,,1,1,1,1,2
202100006370,2021-11-24 04:10:00,2021,11,24,4,10,91,91340,RN 104,48.60871,2.43584,Nuit sans éclairage public,Hors agglomération,Hors intersection,Normale,Sans collision,2,1,3,0,1,3,2,0,1,70,,1,0,0,0,1,21.0,,,,3,1,1,1,7
202100006371,2021-11-25 17:25:00,2021,11,25,17,25,78,78466,A13,48.92722,1.9937,Crépuscule ou aube,Hors agglomération,Hors intersection,Pluie légère,Deux véhicules - arrière,1,1,1,0,2,1,2,3,1,70,,2,1,0,0,1,,39.0,,,2,1,1,2,2
202100006372,2021-11-24 20:25:00,2021,11,24,20,25,92,92047,A13,48.8346977868,2.1715104079,Nuit sans éclairage public,Hors agglomération,Hors intersection,Normale,Deux véhicules - côté,1,-1,3,0,1,1,1,0,1,110,,2,1,0,0,1,,24.0,,,3,1,1,1,3
202100006373,2021-11-25 15:00:00,2021,11,25,15,0,95,95682,RN 104,49.068357,2.390733,Plein jour,Hors agglomération,Hors intersection,Normale,Trois véhicules et plus - en chaîne,2,3,4,0,1,1,1,0,1,90,,3,2,0,0,1,34.0,41.0,,,1,1,1,1,4
202100006374,2021-11-25 07:30:00,2021,11,25,7,30,93,93005,AUTOROUTE A104,48.9735669261,2.4916720635,Crépuscule ou aube,Hors agglomération,Hors intersection,Normale,Deux véhicules - côté,1,3,4,0,1,1,1,0,1,110,,2,1,0,0,1,32.0,40.0,,,2,1,1,1,3
202100006375,2021-11-24 15:50:00,2021,11,24,15,50,95,95500,AUTOROUTE A15,49.0362438425,2.0951705806,Plein jour,Hors agglomération,Hors intersection,Normale,Deux véhicules - arrière,1,3,8,0,1,1,1,0,1,110,,2,1,0,0,1,37.0,35.0,,,1,1,1,1,2
202100006376,2021-11-24 11:20:00,2021,11,24,11,20,95,95154,AUTOROUTE A1,49.0379232533,2.5419520945,Plein jour,Hors agglomération,Hors intersection,Normale,Deux véhicules - côté,1,3,4,0,1,1,1,0,1,110,,3,1,1,1,0,31.0,29.0,,,1,1,1,1,3
202100006377,2021-11-25 15:35:00,2021,11,25,15,35,77,77495,A5b,48.572613,2.640159,Plein jour,Hors agglomération,Hors intersection,Normale,Autre collision,1,3,4,0,1,1,1,0,1,900,,3,2,0,0,1,47.0,64.0,,,1,1,1,1,6
202100006378,2021-11-25 04:25:00,2021,11,25,4,25,94,94046,A86 EXT,48.81312,2.449,Nuit sans éclairage public,Hors agglomération,Hors intersection,Normale,Autre collision,1,-1,2,0,1,3,1,0,8,70,,1,0,0,0,1,28.0,,,,3,1,1,1,6
202100006379,2021-11-19 18:20:00,2021,11,19,18,20,24,24037,HERIDIA (RUE JOSE-MARIA DE),44.8607323146,0.4808181524,Crépuscule ou aube,En agglomération,Autre intersection,Normale,Autre collision,9,2,2,0,1,1,1,9,1,10,,2,1,0,1,0,67.0,,,,2,2,9,1,6
202100006380,2021-09-25 20:30:00,2021,9,25,20,30,971,97101,ROUTE DE BOISVINS,16.2670433286,-61.476541258,Nuit avec éclairage allumé,Hors agglomération,Hors intersection,Normale,Deux véhicules - frontale,3,2,2,0,2,2,1,0,1,50,,3,2,0,0,1,21.0,50.0,,,5,1,1,1,1
202100006381,2021-09-10 13:55:00,2021,9,10,13,55,971,97101,PATRICK SAINT ELOI ( AVENUE ),16.25505,-61.52204,Plein jour,Hors agglomération,Hors intersection,Normale,Sans collision,3,1,2,0,1,1,1,0,1,50,,1,0,0,0,1,40.0,,,,1,1,1,1,7
202100006382,2021-09-04 05:45:00,2021,9,4,5,45,84,84007,DALADIER (Pont),43.951566,4.799736,Crépuscule ou aube,En agglomération,Autre intersection,Normale,Trois véhicules et plus - en chaîne,4,2,2,0,1,1,1,2,1,50,,6,1,1,1,3,52.0,32.0,,,2,2,9,1,4
202100006383,2021-06-10 23:55:00,2021,6,10,23,55,77,77305,D605,48.38278,2.95845,Nuit avec éclairage allumé,En agglomération,Intersection en T,Normale,Autre collision,3,2,2,0,1,1,1,9,1,50,,2,1,0,1,0,35.0,,,,5,2,3,1,6
202100006384,2021-11-24 08:00:00,2021,11,24,8,0,974,97411,LANCASTEL (BOULEVARD),-20.8775924673,55.4563879967,Plein jour,Hors agglomération,Autre intersection,Normale,Deux véhicules - frontale,2,3,2,0,1,1,1,0,1,70,,2,1,0,0,1,50.0,33.0,,,1,1,9,1,1
202100006385,2021-11-24 09:20:00,2021,11,24,9,20,974,97411,MACE (BOULEVARD GABRIEL),-20.87274,55.44848,Plein jour,En agglomération,Hors intersection,Normale,Autre collision,2,2,2,0,1,1,1,8,1,30,,2,1,0,0,1,67.0,,,,1,2,1,1,6
202100006386,2021-11-24 08:00:00,2021,11,24,8,0,972,97213,MAHAULT,14.6231,-61.006,Plein jour,En agglomération,Intersection en T,Normale,Deux véhicules - côté,3,2,2,0,1,1,1,0,1,70,,2,1,0,1,0,35.0,62.0,,,1,2,3,1,3
202100006387,2021-11-24 13:30:00,2021,11,24,13,30,69,69286,VERDUN (DE) (PL),45.82169,4.89632,Plein jour,En agglomération,Autre intersection,Normale,Autre collision,4,-1,-1,0,2,1,1,9,6,30,,1,0,0,0,1,74.0,,,,1,2,9,1,6
202100006388,2021-11-24 17:45:00,2021,11,24,17,45,69,69034,GENERAL LECLERC (AV),45.8031,4.85992,Nuit avec éclairage allumé,En agglomération,Hors intersection,Normale,Autre collision,7,2,3,3,1,1,1,0,1,50,,3,2,0,0,1,61.0,,,,5,2,1,1,6
202100006389,2021-11-24 17:10:00,2021,11,24,17,10,69,69152,EUROPE (DE L') (BD),45.6972164227,4.8250070214,Nuit avec éclairage allumé,En agglomération,Hors intersection,Normale,Deux véhicules - côté,7,2,2,2,1,1,1,0,1,50,,2,1,0,0,1,48.0,18.0,,,5,2,1,1,3
202100006390,2021-11-24 14:20:00,2021,11,24,14,20,69,69286,MARYSE BASTIE (R),45.82858,4.91027,Plein jour,Hors agglomération,Hors intersection,Normale,Deux véhicules - frontale,7,2,2,0,1,2,1,0,1,70,,2,0,0,2,0,26.0,54.0,,,1,1,1,1,1
202100006391,2021-11-23 10:50:00,2021,11,23,10,50,971,97113,RN4 - SECTION RIVIERA,16.21778,-61.49313,Plein jour,Hors agglomération,Autre intersection,Normale,Deux véhicules - côté,2,2,3,0,1,1,1,0,1,70,,2,0,0,0,2,93.0,28.0,,,1,1,9,1,3
202100006392,2021-11-24 21:35:00,2021,11,24,21,35,95,95585,RUE DES CULTIVATEURS,48.996549,2.387336,Nuit sans éclairage public,En agglomération,Hors intersection,Normale,Deux véhicules - arrière,4,1,1,0,2,1,1,0,1,50,,3,1,0,0,2,52.0,44.0,,,3,2,1,1,2
202100006393,2021-11-24 09:25:00,2021,11,24,9,25,91,91477,BARA (BOULEVARD),48.71949,2.24805,Plein jour,En agglomération,Hors intersection,Temps couvert,Autre collision,9,2,2,0,1,1,7,0,8,50,,2,1,0,0,1,38.0,,,,1,2,1,8,6
202100006394,2021-11-23 20:00:00,2021,11,23,20,0,91,91421,REPUBLIQUE (AVENUE DE LA),48.7062,2.45695,Nuit avec éclairage allumé,En agglomération,Intersection en T,Normale,Deux véhicules - côté,3,2,2,0,1,1,1,0,1,30,,2,1,0,0,1,65.0,20.0,,,5,2,3,1,3
202100006395,2021-11-24 07:45:00,2021,11,24,7,45,91,91421,RAYMOND POMIER (RUE),48.7048,2.45347,Plein jour,En agglomération,Hors intersection,Normale,Autre collision,4,2,2,0,1,1,1,6,1,30,,2,1,0,0,1,31.0,,,,1,2,1,1,6
202100006396,2021-10-10 16:40:00,2021,10,10,16,40,89,89387,VOULX (ROUTE DE),48.20137,3.26443,Plein jour,En agglomération,Intersection en T,Normale,Deux véhicules - côté,3,2,2,2,1,1,1,0,1,50,,4,3,0,1,0,18.0,48.0,,,1,2,3,1,3