accident_id,datetime,annee,mois,jour,heure,minute,departement,commune_insee,adresse,latitude,longitude,luminosite,agglomeration,intersection,meteo,collision,catr,circ,nbv,vosp,prof,plan,surf,infra,situ,vma,nb_vehicules,nb_usagers,nb_indemnes,nb_tues,nb_blesses_hosp,nb_blesses_legers,age_cond_1,age_cond_2,veh_type_cond_1,veh_type_cond_2,lum_code,agg_code,int_code,atm_code,col_code
202100006397,2021-11-24 20:15:00,2021,11,24,20,15,88,88463,RD 31,48.25922,6.88964,Nuit sans éclairage public,Hors agglomération,Hors intersection,Normale,Deux véhicules - arrière,3,2,2,0,1,1,1,0,1,80,,2,1,0,0,1,59.0,30.0,,,3,1,1,1,2
202100006398,2021-11-23 08:47:00,2021,11,23,8,47,87,87085,LOUYAT (AVENUE DE),45.847,1.25863,Plein jour,En agglomération,Hors intersection,Normale,Sans collision,4,2,2,0,2,1,1,0,1,50,,1,0,0,1,0,47.0,,,,1,2,1,1,7
202100006399,2021-11-09 12:15:00,2021,11,9,12,15,76,76540,CONSTANTINE. RUE DE,49.44803,1.07181,Plein jour,En agglomération,Intersection en X,Normale,Autre collision,4,1,1,0,1,1,1,-1,1,30,,2,1,0,0,1,38.0,,,,1,2,2,1,6
202100006400,2021-11-23 17:51:00,2021,11,23,17,51,76,76351,GUSTAVE NICOLLE,49.4919,0.1492,Crépuscule ou aube,En agglomération,Hors intersection,Normale,Deux véhicules - arrière,4,2,2,0,1,1,1,0,1,50,,3,2,0,0,1,45.0,31.0,,,2,2,1,1,2
202100006401,2021-11-24 13:20:00,2021,11,24,13,20,69,69266,TOLSTOI (CR),45.76372,4.87366,Plein jour,En agglomération,Giratoire,Normale,Autre collision,4,1,1,3,1,1,1,6,1,50,,2,1,0,0,1,53.0,,,,1,2,6,1,6
202100006402,2021-11-09 07:10:00,2021,11,9,7,10,64,64129,BAYONNE DE,43.3017167639,-0.3954219818,Nuit avec éclairage allumé,En agglomération,Hors intersection,Normale,Deux véhicules - côté,4,2,2,0,1,1,1,0,1,50,,2,1,0,0,1,47.0,31.0,,,5,2,1,1,3
202100006403,2021-11-24 09:00:00,2021,11,24,9,0,64,64122,JARDIN PUBLIC (AVENUE DU),43.48005,-1.56044,Plein jour,En agglomération,Hors intersection,Normale,Autre collision,4,1,1,0,2,1,2,0,1,30,,2,1,0,0,1,51.0,,,,1,2,1,1,6
202100006404,2021-11-24 17:15:00,2021,11,24,17,15,64,64102,LESCA (RUE HIPPOLYTE),43.48287,-1.48716,Nuit avec éclairage allumé,En agglomération,Hors intersection,Temps couvert,Sans collision,4,2,1,0,1,1,1,0,1,50,,1,0,0,0,1,85.0,,,,5,2,1,8,7
202100006405,2021-11-23 15:55:00,2021,11,23,15,55,63,63113,JOUHAUX (BD LEON),45.7945481124,3.1173545122,Plein jour,En agglomération,Hors intersection,Normale,Autre collision,7,3,4,0,1,1,1,0,1,50,,2,1,0,0,1,15.0,,,,1,2,1,1,6
202100006406,2021-11-23 13:25:00,2021,11,23,13,25,63,63014,SAUZES (RUE DES),45.75676,3.13293,Plein jour,En agglomération,Hors intersection,Normale,Autre collision,4,2,2,0,1,1,1,0,1,50,,1,0,0,0,1,54.0,,,,1,2,1,1,6
202100006407,2021-11-24 13:20:00,2021,11,24,13,20,59,59350,LEBON PHILLIPE PLACE,50.6281295559,3.0613935739,Plein jour,En agglomération,Place,Normale,Autre collision,4,1,1,0,1,1,1,0,1,30,,2,1,0,0,1,86.0,,,,1,2,7,1,6
202100006408,2021-11-23 08:37:00,2021,11,23,8,37,59,59648,CLEMENCEAU RUE,50.59886,3.05271,Plein jour,En agglomération,Hors intersection,Temps couvert,Sans collision,7,2,3,3,1,1,1,0,1,50,,2,1,0,1,0,24.0,,,,1,2,1,8,7
202100006409,2021-11-10 15:40:00,2021,11,10,15,40,59,59334,RD 621,50.3949762024,3.0385378003,Plein jour,Hors agglomération,Hors intersection,Normale,Deux véhicules - côté,3,2,2,0,1,1,1,0,1,90,,2,0,0,0,2,48.0,36.0,,,1,1,1,1,3
202100006410,2021-06-04 09:30:00,2021,6,4,9,30,58,58194,RENE MARLIN (CARREFOUR),46.9999,3.1556,Plein jour,En agglomération,Giratoire,Normale,Deux véhicules - arrière,3,1,1,0,1,2,1,0,1,50,,2,1,0,0,1,41.0,67.0,,,1,2,6,1,2
202100006411,2021-11-24 13:45:00,2021,11,24,13,45,57,57463,FORT DES BORDES (RUE DU ),49.11437,6.22214,Plein jour,En agglomération,Hors intersection,Normale,Autre collision,4,2,2,0,2,1,1,0,8,50,,2,1,0,0,1,55.0,,,,1,2,1,1,6
202100006412,2021-11-24 10:25:00,2021,11,24,10,25,54,54549,ART SUR MEURTHE (ROUTE D'),48.644839,6.291957,Plein jour,Hors agglomération,Hors intersection,Temps couvert,Deux véhicules - frontale,3,2,2,0,1,1,1,0,1,80,,2,1,0,1,0,20.0,45.0,,,1,1,1,8,1
202100006413,2021-11-24 14:20:00,2021,11,24,14,20,51,51454,Avenue Robert Schuman,49.23165,4.01122,Plein jour,En agglomération,Intersection en T,Normale,Deux véhicules - côté,4,2,2,0,1,1,1,0,1,50,,2,1,0,0,1,,32.0,,,1,2,3,1,3
202100006414,2021-11-24 12:25:00,2021,11,24,12,25,51,51454,Rue de la Petite Vitesse,49.26631,4.0328,Plein jour,En agglomération,Intersection en Y,Normale,Deux véhicules - côté,4,2,2,0,1,1,1,0,1,50,,2,1,0,0,1,16.0,53.0,,,1,2,4,1,3
202100006415,2021-11-24 12:30:00,2021,11,24,12,30,51,51454,Place du Souvenir Français,49.269235,4.070023,Plein jour,En agglomération,Giratoire,Normale,Deux véhicules - côté,4,1,2,0,1,2,1,0,1,50,,2,1,0,0,1,43.0,71.0,,,1,2,6,1,3
202100006416,2021-11-24 11:30:00,2021,11,24,11,30,51,51454,Rue du Grand Crédo,49.2552708965,4.0348483622,Plein jour,En agglomération,Hors intersection,Normale,Sans collision,4,1,2,0,1,1,1,0,1,30,,2,1,0,0,1,34.0,,,,1,2,1,1,7
202100006417,2021-11-23 12:25:00,2021,11,23,12,25,51,51454,Rue de Courcelles,49.266989531,4.0020322055,Plein jour,En agglomération,Hors intersection,Normale,Deux véhicules - frontale,4,2,4,1,1,1,1,0,1,50,,2,1,0,0,1,15.0,54.0,,,1,2,1,1,1
202100006418,2021-11-22 22:57:00,2021,11,22,22,57,49,49007,BON PASTEUR BOULEVARD,47.473398,-0.578238,Nuit avec éclairage allumé,En agglomération,Hors intersection,Normale,Sans collision,4,2,2,0,1,1,1,0,1,50,,1,0,0,1,0,19.0,,,,5,2,1,1,7
202100006419,2021-11-24 10:22:00,2021,11,24,10,22,47,47001,STALINGRAD (AVENUE DE ),44.21036,0.63008,Plein jour,En agglomération,Intersection en T,Normale,Deux véhicules - côté,3,2,2,0,1,1,2,0,1,50,,2,1,0,0,1,63.0,16.0,,,1,2,3,1,3
202100006420,2021-11-24 10:30:00,2021,11,24,10,30,45,45234,Rue Muzene,47.8990890464,1.902257055,Plein jour,En agglomération,Autre intersection,Normale,Autre collision,6,-1,0,0,1,1,1,0,8,15,,2,1,0,0,1,22.0,,,,1,2,9,1,6
202100006421,2021-11-24 18:30:00,2021,11,24,18,30,44,44109,BOULEVARD DE LA PRAIRIE DE MAUVES,47.22348,-1.5016,Nuit sans éclairage public,Hors agglomération,Hors intersection,Normale,Deux véhicules - côté,4,3,2,0,1,1,1,0,1,80,,2,1,0,1,0,57.0,31.0,,,3,1,1,1,3
202100006422,2021-11-24 15:45:00,2021,11,24,15,45,37,37214,VOISIN (BOULEVARD ANDRE-GEORGES),47.4272702139,0.6579430096,Plein jour,En agglomération,Intersection en Y,Temps couvert,Autre collision,7,-1,1,0,1,3,1,6,1,50,,2,1,0,0,1,58.0,,,,1,2,4,8,6
202100006423,2021-11-20 18:00:00,2021,11,20,18,0,34,34032,Avenue Armand Vaquerin,43.3355042315,3.2550726125,Nuit avec éclairage allumé,En agglomération,Hors intersection,Normale,Autre collision,4,2,2,0,1,1,1,0,1,50,,2,1,0,1,0,,,,,5,2,1,1,6
202100006424,2021-11-24 17:35:00,2021,11,24,17,35,33,33529,Avenue Pasteur,44.63629,-1.14052,Nuit avec éclairage allumé,En agglomération,Hors intersection,Pluie légère,Autre collision,4,2,2,0,1,1,2,0,1,50,,1,0,0,0,1,37.0,,,,5,2,1,2,6
202100006425,2021-11-24 19:00:00,2021,11,24,19,0,31,31557,MARQUISAT (AV DU),43.576141,1.347854,Nuit avec éclairage allumé,En agglomération,Autre intersection,Pluie forte,Autre collision,7,1,1,0,2,3,2,9,1,30,,2,1,0,0,1,56.0,,,,5,2,9,3,6
202100006426,2021-11-24 12:38:00,2021,11,24,12,38,31,31149,COURNAUDIS (CHEMIN DE),43.60223,1.33962,Plein jour,En agglomération,Autre intersection,Pluie légère,Deux véhicules - côté,4,2,2,0,1,2,8,0,1,50,,2,1,0,1,0,59.0,39.0,,,1,2,9,2,3
202100006427,2021-11-02 17:10:00,2021,11,2,17,10,30,30189,BEAUCAIRE (ROUTE),43.836454,4.393968,Crépuscule ou aube,En agglomération,Hors intersection,Normale,Autre collision,3,2,4,1,1,1,1,0,1,50,,2,1,0,0,1,26.0,,,,2,2,1,1,6
202100006428,2021-11-24 18:00:00,2021,11,24,18,0,29,29019,Avenue Salaun Penquer,48.3853,-4.48278,Nuit avec éclairage allumé,En agglomération,Intersection en T,Normale,Deux véhicules - frontale,4,2,2,0,2,3,1,5,1,50,,2,1,0,0,1,59.0,39.0,,,5,2,3,1,1
202100006429,2021-11-23 08:40:00,2021,11,23,8,40,29,29019,Rue Général Paulet,48.4247835767,-4.4773766398,Plein jour,En agglomération,Hors intersection,Normale,Deux véhicules - frontale,4,2,2,0,1,1,1,0,1,50,,2,1,0,0,1,31.0,17.0,,,1,2,1,1,1
202100006430,2021-11-20 13:00:00,2021,11,20,13,0,29,29019,Avenue 1ère D.f.l.,48.375925,-4.554287,Plein jour,En agglomération,Hors intersection,Normale,Autre collision,4,1,4,0,1,1,1,0,1,50,,2,1,0,1,0,41.0,,,,1,2,1,1,6
202100006431,2021-11-23 07:05:00,2021,11,23,7,5,29,29019,Rue Robespierre,48.41328,-4.49138,Nuit avec éclairage allumé,En agglomération,Intersection en X,Normale,Deux véhicules - côté,4,2,3,0,2,2,1,5,1,50,,2,1,0,1,0,62.0,28.0,,,5,2,2,1,3
202100006432,2021-11-19 05:50:00,2021,11,19,5,50,22,22113,ANRTP (PEGASE),48.753,-3.45758,Nuit avec éclairage allumé,En agglomération,Hors intersection,Normale,Deux véhicules - côté,3,1,2,0,1,2,1,5,1,50,,2,1,0,0,1,53.0,16.0,,,5,2,1,1,3
202100006433,2021-11-23 18:58:00,2021,11,23,18,58,21,21231,BUFFON (RUE),47.31894,5.04441,Nuit avec éclairage non allumé,En agglomération,Hors intersection,Normale,Autre collision,4,1,1,0,1,1,1,0,1,50,,2,1,0,1,0,49.0,,,,4,2,1,1,6
202100006434,2021-11-24 19:30:00,2021,11,24,19,30,17,17300,WILSON   AVENUE DU PRESIDENT,46.152614,-1.192521,Nuit avec éclairage allumé,En agglomération,Intersection en T,Normale,Deux véhicules - frontale,4,2,2,0,1,2,1,0,1,50,,2,1,0,1,0,50.0,24.0,,,5,2,3,1,1
202100006435,2021-11-20 13:35:00,2021,11,20,13,35,17,17274,116 PK RN137 ROCHEFORT JUSTICE,46.15468,-1.11486,Plein jour,Hors agglomération,Hors intersection,Normale,Deux véhicules - arrière,2,3,4,0,1,1,1,0,1,90,,2,1,0,1,0,19.0,44.0,,,1,1,1,1,2
202100006436,2021-11-12 22:50:00,2021,11,12,22,50,17,17291,JUIN 18  RUE,46.17686,-1.10829,Nuit avec éclairage allumé,En agglomération,Giratoire,Normale,Deux véhicules - côté,4,2,1,0,1,1,1,9,1,50,,2,1,0,1,0,21.0,19.0,,,5,2,6,1,3
202100006437,2021-11-24 15:50:00,2021,11,24,15,50,17,17449,SAINTONGE AVENUE DE,45.95033,-0.89643,Plein jour,En agglomération,Hors intersection,Temps éblouissant,Autre collision,3,2,2,0,1,1,1,0,1,50,,2,1,0,0,1,93.0,,,,1,2,1,7,6
202100006438,2021-11-23 19:25:00,2021,11,23,19,25,14,14366,Rue Fournet,49.138143,0.227343,Nuit avec éclairage allumé,En agglomération,Intersection en X,Normale,Deux véhicules - frontale,3,2,2,0,1,1,1,0,1,50,,2,0,0,0,2,49.0,48.0,,,5,2,2,1,1
202100006439,2021-11-24 07:45:00,2021,11,24,7,45,14,14118,BLANC (RUE DU),49.175,-0.37926,Crépuscule ou aube,En agglomération,Intersection en T,Normale,Deux véhicules - côté,4,-1,2,0,1,1,1,0,1,50,,2,1,0,0,1,54.0,14.0,,,2,2,3,1,3
202100006440,2021-11-24 23:00:00,2021,11,24,23,0,13,13054,FIGUERES (RUE DES ),43.41665,5.20978,Nuit avec éclairage allumé,En agglomération,Intersection en X,Pluie légère,Deux véhicules - côté,4,2,2,0,1,1,2,0,1,50,,3,1,0,0,2,26.0,28.0,,,5,2,2,2,3
202100006441,2021-11-24 20:15:00,2021,11,24,20,15,13,13205,JEAN MOULIN (BOULEVARD),43.29035,5.3997,Nuit avec éclairage allumé,En agglomération,Hors intersection,Pluie forte,Autre collision,4,2,6,3,1,1,2,0,1,50,,2,1,0,1,0,46.0,,,,5,2,1,3,6
202100006442,2021-11-24 18:25:00,2021,11,24,18,25,13,13208,PRADO (AVENUE DU),43.26954,5.3867,Nuit avec éclairage allumé,En agglomération,Hors intersection,Pluie forte,Autre collision,4,2,6,3,1,1,2,0,1,50,,2,1,0,0,1,,,,,5,2,1,3,6
202100006443,2021-11-24 18:40:00,2021,11,24,18,40,13,13205,GOUDARD (RUE),43.29413,5.39425,Nuit avec éclairage allumé,En agglomération,Hors intersection,Pluie légère,Autre collision,4,1,1,0,1,1,2,0,1,50,,2,1,0,0,1,30.0,,,,5,2,1,2,6
202100006444,2021-11-16 13:00:00,2021,11,16,13,0,13,13208,PRADO (AVENUE DU),43.2703595949,5.3879738951,Plein jour,En agglomération,Hors intersection,Normale,Deux véhicules - côté,4,2,6,0,1,1,1,0,1,50,,2,1,0,1,0,17.0,20.0,,,1,2,1,1,3
202100006445,2021-11-23 08:51:00,2021,11,23,8,51,10,10387,BEAU TOCQUAT (RUE),48.30659,4.04355,Plein jour,En agglomération,Hors intersection,Normale,Autre collision,4,2,2,0,1,1,1,0,1,50,,2,1,0,0,1,45.0,,,,1,2,1,1,6
202100006446,2021-11-24 16:19:00,2021,11,24,16,19,06,06088,BARBERIS (RUE),43.70356,7.28847,Crépuscule ou aube,En agglomération,Intersection en X,Temps couvert,Deux véhicules - côté,4,1,2,0,1,1,1,0,1,50,,3,1,0,1,1,38.0,24.0,,,2,2,2,8,3
202100006447,2021-11-24 18:02:00,2021,11,24,18,2,06,06029,BACHAGA SAID BOUALAM (AVENUE),43.553177,7.012668,Nuit avec éclairage allumé,En agglomération,Autre intersection,Normale,Autre collision,4,3,4,0,1,1,1,0,1,50,,2,1,0,0,1,18.0,,,,5,2,9,1,6
202100006448,2021-11-24 11:30:00,2021,11,24,11,30,06,06029,SERBES (RUE DES),43.55306,7.02055,Plein jour,En agglomération,Intersection en X,Normale,Autre collision,4,1,1,3,1,1,1,6,8,50,,2,1,0,0,1,44.0,,,,1,2,2,1,6
202100006449,2021-11-24 06:33:00,2021,11,24,6,33,06,06030,JEANPIERRE (AVENUE MAURICE),43.57232,7.006251,Crépuscule ou aube,En agglomération,Intersection en T,Normale,Deux véhicules - côté,4,2,2,0,1,1,1,0,1,50,,2,1,0,0,1,46.0,28.0,,,2,2,3,1,3
202100006450,2021-11-24 18:40:00,2021,11,24,18,40,06,06123,CURIE PIERRE ET MARIE AVENUE,43.688181,7.186649,Nuit avec éclairage allumé,En agglomération,Hors intersection,Pluie légère,Trois véhicules et plus - collisions multiples,7,2,2,0,1,1,2,0,1,50,,4,3,0,0,1,34.0,45.0,,,5,2,1,2,5
202100006451,2021-11-09 10:35:00,2021,11,9,10,35,06,06004,VAUTRIN BD DU GENERAL,43.585114,7.118088,Plein jour,En agglomération,Intersection en X,Normale,Deux véhicules - côté,3,4,4,2,1,1,1,5,1,50,,2,1,0,1,0,76.0,31.0,,,1,2,2,1,3
202100006452,2021-11-24 11:20:00,2021,11,24,11,20,02,02738,GRASSE(RUE DE),49.660536,3.279146,Plein jour,En agglomération,Hors intersection,Temps éblouissant,Deux véhicules - arrière,4,2,0,0,1,1,1,0,1,50,,2,1,0,0,1,77.0,76.0,,,1,2,1,7,2
202100006453,2021-11-24 18:48:00,2021,11,24,18,48,75,75119,PORTE DES LILAS,48.881,2.403653,Nuit avec éclairage allumé,En agglomération,Hors intersection,Normale,Trois véhicules et plus - en chaîne,4,1,4,0,1,1,1,1,1,70,,3,2,0,0,1,57.0,26.0,,,5,2,1,1,4
202100006454,2021-11-24 13:10:00,2021,11,24,13,10,75,75116,ECHANGEUR AUTEUIL,48.8516,2.252312,Plein jour,En agglomération,Intersection en Y,Normale,Deux véhicules - côté,4,1,3,0,1,1,1,0,1,70,,2,1,0,0,1,23.0,57.0,,,1,2,4,1,3
202100006455,2021-11-24 08:45:00,2021,11,24,8,45,75,75113,PORTE D ITALIE,48.816833,2.364982,Plein jour,En agglomération,Hors intersection,Normale,Trois véhicules et plus - en chaîne,4,1,4,0,1,1,1,0,1,70,,3,2,0,0,1,69.0,33.0,,,1,2,1,1,4
202100006456,2021-11-23 08:10:00,2021,11,23,8,10,75,75116,PORTE MAILLOT,48.877753,2.280184,Plein jour,En agglomération,Hors intersection,Normale,Deux véhicules - côté,4,-1,4,0,1,1,1,0,1,70,,2,1,0,0,1,62.0,62.0,,,1,2,1,1,3
202100006457,2021-11-24 18:20:00,2021,11,24,18,20,75,75107,RUE MALAR,48.861702,2.305464,Crépuscule ou aube,En agglomération,Intersection en X,Normale,Autre collision,4,2,2,0,1,1,1,0,4,30,,2,1,0,1,0,80.0,,,,2,2,2,1,6
202100006458,2021-11-24 22:15:00,2021,11,24,22,15,75,75106,BOULEVARD RASPAIL,48.842413,2.329555,Nuit avec éclairage allumé,En agglomération,Intersection en Y,Normale,Autre collision,4,1,2,3,1,1,1,0,1,30,,1,0,0,0,1,41.0,,,,5,2,4,1,6
202100006459,2021-11-24 15:40:00,2021,11,24,15,40,75,75105,QUAI DE LA TOURNELLE,48.8511147922,2.3512780666,Plein jour,En agglomération,Intersection en X,Normale,Deux véhicules - arrière,4,2,3,1,1,1,1,-1,5,30,,2,1,0,0,1,50.0,26.0,,,1,2,2,1,2
202100006460,2021-11-23 21:45:00,2021,11,23,21,45,75,75117,BOULEVARD PERIPHERIQUE,48.880662,2.281865,Nuit avec éclairage allumé,En agglomération,Intersection en Y,Normale,Deux véhicules - arrière,4,1,2,0,1,1,1,0,1,70,,2,1,0,0,1,46.0,26.0,,,5,2,4,1,2
202100006461,2021-11-24 16:20:00,2021,11,24,16,20,75,75115,BOULEVARD DE GRENELLE,48.849794,2.296007,Plein jour,En agglomération,Intersection en Y,Normale,Autre collision,4,1,1,0,1,1,1,0,1,30,,2,1,0,0,1,42.0,,,,1,2,4,1,6
202100006462,2021-11-24 12:20:00,2021,11,24,12,20,75,75115,BOULEVARD VICTOR,48.833506,2.286527,Plein jour,En agglomération,Intersection en X,Normale,Autre collision,4,1,1,1,1,1,1,-1,5,50,,2,1,0,0,1,45.0,,,,1,2,2,1,6
202100006463,2021-11-24 09:28:00,2021,11,24,9,28,75,75115,PLACE DE LA PORTE DE VERSAILLES,48.832348,2.287678,Plein jour,En agglomération,Intersection en T,Normale,Deux véhicules - côté,4,1,2,1,1,1,1,-1,5,50,,3,2,0,0,1,48.0,47.0,,,1,2,3,1,3
202100006464,2021-11-24 13:05:00,2021,11,24,13,5,75,75110,BOULEVARD DE LA VILLETTE,48.883862,2.368591,Plein jour,En agglomération,Intersection en X,Normale,Deux véhicules - côté,4,1,3,1,1,1,1,-1,5,30,,2,1,0,0,1,54.0,,,,1,2,2,1,3
202100006465,2021-11-24 11:30:00,2021,11,24,11,30,75,75110,QUAI DE JEMMAPES,48.8688,2.367631,Plein jour,En agglomération,Intersection en X,Normale,Deux véhicules - côté,4,1,2,0,1,1,1,0,1,30,,2,0,0,0,2,34.0,29.0,,,1,2,2,1,3
202100006466,2021-11-24 10:45:00,2021,11,24,10,45,75,75110,RUE DE NANCY,48.872065,2.359832,Plein jour,En agglomération,Intersection en Y,Normale,Autre collision,4,1,1,0,1,1,1,0,1,30,,2,1,0,0,1,52.0,,,,1,2,4,1,6
202100006467,2021-11-24 17:30:00,2021,11,24,17,30,75,75108,RUE DE COURCELLES,48.876382,2.307865,Nuit sans éclairage public,En agglomération,Intersection à plus de 4 branches,Normale,Autre collision,4,2,2,0,1,1,1,0,1,30,,2,1,0,0,1,27.0,,,,3,2,5,1,6
202100006468,2021-11-24 17:40:00,2021,11,24,17,40,75,75107,PONT DE LA CONCORDE,48.863253,2.319501,Nuit avec éclairage allumé,En agglomération,Hors intersection,Normale,Deux véhicules - côté,4,3,4,1,1,1,1,0,1,30,,2,1,0,0,1,25.0,78.0,,,5,2,1,1,3
202100006469,2021-11-24 06:20:00,2021,11,24,6,20,75,75108,RUE DE COURCELLES,48.876378,2.307868,Crépuscule ou aube,En agglomération,Intersection en Y,Normale,Deux véhicules - côté,4,2,2,0,1,1,1,0,1,30,,2,1,0,0,1,36.0,49.0,,,2,2,4,1,3
202100006470,2021-11-24 18:45:00,2021,11,24,18,45,75,75107,RUE DE BABYLONE,48.85173,2.325786,Nuit avec éclairage allumé,En agglomération,Hors intersection,Normale,Sans collision,4,1,1,0,1,1,1,8,1,30,,1,0,0,0,1,29.0,,,,5,2,1,1,7
202100006471,2021-11-24 11:24:00,2021,11,24,11,24,75,75107,BOULEVARD RASPAIL,48.851741,2.326768,Plein jour,En agglomération,Intersection en X,Normale,Deux véhicules - côté,4,2,4,3,1,1,1,-1,5,30,,2,1,0,0,1,60.0,33.0,,,1,2,2,1,3
202100006472,2021-11-24 19:10:00,2021,11,24,19,10,75,75109,BOULEVARD HAUSSMANN,48.873226,2.331141,Nuit avec éclairage allumé,En agglomération,Intersection en X,Normale,Deux véhicules - côté,4,1,-1,0,1,1,1,0,1,30,,2,1,0,0,1,31.0,27.0,,,5,2,2,1,3
202100006473,2021-11-23 18:20:00,2021,11,23,18,20,75,75102,RUE DU QUATRE SEPTEMBRE,48.869174,2.338691,Nuit avec éclairage allumé,En agglomération,Intersection en X,Normale,Autre collision,4,1,3,3,1,1,1,0,1,30,,2,1,0,0,1,20.0,,,,5,2,2,1,6
202100006474,2021-11-24 10:22:00,2021,11,24,10,22,94,94046,GENERAL DE GAULLE (AV DU),48.806607,2.439051,Plein jour,En agglomération,Hors intersection,Normale,Autre collision,3,-1,0,1,1,1,1,0,4,30,,2,1,0,0,1,25.0,,,,1,2,1,1,6
202100006475,2021-11-23 08:30:00,2021,11,23,8,30,94,94046,Rue Saint-Georges,48.80366,2.42786,Plein jour,En agglomération,Intersection en X,Normale,Autre collision,3,1,1,0,1,1,1,0,1,30,,2,1,0,0,1,50.0,,,,1,2,2,1,6
202100006476,2021-11-24 01:50:00,2021,11,24,1,50,94,94041,Place Parmentier,48.8111,2.38344,Nuit avec éclairage allumé,En agglomération,Hors intersection,Normale,Autre collision,3,1,1,0,2,1,1,0,1,50,,1,0,0,0,1,28.0,,,,5,2,1,1,6
202100006477,2021-11-22 12:45:00,2021,11,22,12,45,94,94022,Boulevard de Stalingrad,48.77338,2.3997,Plein jour,En agglomération,Intersection en X,Normale,Deux véhicules - côté,1,3,2,1,1,1,1,3,1,50,,2,1,0,0,1,45.0,53.0,,,1,2,2,1,3
202100006478,2021-11-23 11:40:00,2021,11,23,11,40,94,94019,RABELAIS (R),48.80468,2.55407,Plein jour,En agglomération,Giratoire,Temps éblouissant,Autre collision,3,2,2,0,1,1,1,0,1,30,,2,1,0,0,1,78.0,,,,1,2,6,7,6
202100006479,2021-11-24 15:32:00,2021,11,24,15,32,93,93072,LOUIS BORDES (RUE),48.95577,2.38333,Plein jour,En agglomération,Intersection à plus de 4 branches,Normale,Autre collision,3,2,2,0,1,1,1,0,1,50,,2,1,0,0,1,51.0,,,,1,2,5,1,6
202100006480,2021-11-24 16:15:00,2021,11,24,16,15,93,93071,SURIEGES (ALLEE DE),48.9298212021,2.5147832086,Plein jour,Hors agglomération,Hors intersection,Normale,Deux véhicules - arrière,4,-1,2,0,1,1,1,0,1,50,,2,1,0,0,1,63.0,49.0,,,1,1,1,1,2
202100006481,2021-11-24 08:20:00,2021,11,24,8,20,93,93031,SAINT LEU (ROUTE DE) 1 à 157,48.952516,2.337564,Plein jour,En agglomération,Autre intersection,Normale,Deux véhicules - côté,3,2,2,2,1,1,1,0,1,50,,2,1,0,0,1,37.0,44.0,,,1,2,9,1,3
202100006482,2021-11-24 07:00:00,2021,11,24,7,0,93,93049,PASTEUR (RUE),48.8582351164,2.501949534,Nuit avec éclairage allumé,En agglomération,Intersection à plus de 4 branches,Normale,Deux véhicules - côté,4,2,2,0,1,1,1,0,1,50,,2,1,0,0,1,35.0,41.0,,,5,2,5,1,3
202100006483,2021-11-24 21:55:00,2021,11,24,21,55,93,93048,LE NAIN DE TILLEMONT (RUE),48.8584469995,2.4625146389,Nuit avec éclairage allumé,En agglomération,Intersection en T,Normale,Deux véhicules - côté,4,2,1,0,1,1,1,8,1,50,,2,1,0,1,0,,41.0,,,5,2,3,1,3
202100006484,2021-11-24 22:50:00,2021,11,24,22,50,93,93027,JAURES (AVENUE JEAN),48.9244,2.40165,Nuit avec éclairage non allumé,En agglomération,Intersection en T,Normale,Deux véhicules - côté,3,1,2,0,1,1,1,0,1,50,,5,4,0,0,1,24.0,24.0,,,4,2,3,1,3
202100006485,2021-11-24 15:15:00,2021,11,24,15,15,92,92072,EUROPE (AVENUE DE L'),48.82259,2.20829,Plein jour,En agglomération,Hors intersection,Normale,Deux véhicules - côté,3,1,2,0,1,1,1,0,1,50,,2,1,0,0,1,22.0,28.0,,,1,2,1,1,3
202100006486,2021-11-23 16:30:00,2021,11,23,16,30,92,92072,BERTHELOT (RUE MARCELIN),48.8132034741,2.208520174,Plein jour,En agglomération,Intersection en T,Normale,Autre collision,4,1,1,0,1,1,1,0,1,30,,1,0,0,0,1,70.0,,,,1,2,3,1,6
202100006487,2021-11-24 14:15:00,2021,11,24,14,15,92,92026,COURBEVOIE (PONT DE),48.89646,2.26456,Plein jour,En agglomération,Hors intersection,Normale,Deux véhicules - arrière,3,1,1,0,1,1,1,2,1,50,,2,1,0,0,1,38.0,22.0,,,1,2,1,1,2
202100006488,2021-11-24 18:20:00,2021,11,24,18,20,92,92020,REPUBLIQUE AV. N°27 A 105 ET 26 A 178,48.804064,2.297833,Nuit avec éclairage allumé,En agglomération,Intersection en X,Normale,Deux véhicules - côté,4,2,2,0,1,1,1,0,1,50,,2,1,0,0,1,56.0,32.0,,,5,2,2,1,3
202100006489,2021-11-24 15:20:00,2021,11,24,15,20,92,92049,PERI RUE GABRIEL N°37 A 99,48.8194557955,2.3141777515,Plein jour,En agglomération,Hors intersection,Normale,Sans collision,3,2,2,0,1,1,1,0,1,50,,1,0,0,0,1,30.0,,,,1,2,1,1,7
202100006490,2021-11-24 17:58:00,2021,11,24,17,58,92,92040,VICTOR HUGO (ROND-POINT),48.8279076324,2.2736596316,Nuit avec éclairage allumé,En agglomération,Intersection en T,Normale,Sans collision,3,1,2,0,1,2,1,0,1,30,,1,0,0,0,1,57.0,,,,5,2,3,1,7
202100006491,2021-11-24 17:50:00,2021,11,24,17,50,92,92026,HÔTEL DE VILLE (RUE),48.895067,2.256622,Nuit avec éclairage allumé,En agglomération,Hors intersection,Normale,Autre collision,3,1,2,1,1,1,1,6,1,50,,2,1,0,0,1,61.0,,,,5,2,1,1,6