accident_id,datetime,annee,mois,jour,heure,minute,departement,commune_insee,adresse,latitude,longitude,luminosite,agglomeration,intersection,meteo,collision,catr,circ,nbv,vosp,prof,plan,surf,infra,situ,vma,nb_vehicules,nb_usagers,nb_indemnes,nb_tues,nb_blesses_hosp,nb_blesses_legers,age_cond_1,age_cond_2,veh_type_cond_1,veh_type_cond_2,lum_code,agg_code,int_code,atm_code,col_code
202100006492,2021-11-24 10:15:00,2021,11,24,10,15,92,92012,ANATOLE FRANCE (BOULEVARD) 5/FIN,48.848401106,2.2414979339,Plein jour,En agglomération,Hors intersection,Normale,Deux véhicules - arrière,4,1,1,0,1,3,1,0,1,50,,2,1,0,0,1,53.0,53.0,,,1,2,1,1,2
202100006493,2021-11-24 07:20:00,2021,11,24,7,20,92,92004,VOLTAIRE  ( PLACE ),48.9127250497,2.2961506248,Crépuscule ou aube,En agglomération,Hors intersection,Normale,Autre collision,3,1,1,0,1,1,1,0,1,50,,2,1,0,0,1,34.0,,,,2,2,1,1,6
202100006494,2021-11-20 13:10:00,2021,11,20,13,10,01,01005,165 Rue du 3 Septembre 1944,45.998583,4.900195,Plein jour,En agglomération,Hors intersection,Normale,Deux véhicules - frontale,3,2,2,0,1,1,1,0,1,50,,2,1,0,0,1,81.0,43.0,,,1,2,1,1,1
202100006495,2021-11-25 14:54:00,2021,11,25,14,54,06,06161,17 Rue Auguste Escoffier,43.658457,7.124097,Plein jour,En agglomération,Intersection en Y,Temps couvert,Autre collision,4,2,1,0,2,1,2,0,1,30,,2,0,0,2,0,33.0,,,,1,2,4,8,6
202100006496,2021-11-25 07:42:00,2021,11,25,7,42,06,06161,51 Avenue des Maurettes,43.629401,7.132911,Crépuscule ou aube,En agglomération,Intersection en T,Pluie légère,Deux véhicules - côté,4,2,2,-1,1,1,2,0,1,-1,,2,0,0,1,1,32.0,56.0,,,2,2,3,2,3
202100006497,2021-11-19 20:00:00,2021,11,19,20,0,01,01135,Route d Harée,46.267522,6.020744,Nuit avec éclairage allumé,Hors agglomération,Hors intersection,Normale,Deux véhicules - frontale,4,2,2,0,1,1,1,0,1,-1,,4,1,0,0,3,44.0,38.0,,,5,1,1,1,1
202100006498,2021-11-25 17:05:00,2021,11,25,17,5,62,62579,9 Rue d Arras,50.182535,2.658783,Nuit avec éclairage allumé,En agglomération,Hors intersection,Pluie légère,Autre collision,3,2,2,0,1,1,2,0,1,50,,2,1,0,0,1,19.0,,,,5,2,1,2,6
202100006499,2021-11-24 21:00:00,2021,11,24,21,0,57,57695,D603,49.107028,6.448545,Nuit sans éclairage public,Hors agglomération,Hors intersection,Normale,Deux véhicules - frontale,3,2,2,0,2,1,1,0,1,90,,2,0,0,1,1,33.0,21.0,,,3,1,1,1,1
202100006500,2021-11-22 07:40:00,2021,11,22,7,40,67,67397,RD 52 PK 71 + 650,48.274453,7.670603,Crépuscule ou aube,Hors agglomération,Hors intersection,Normale,Trois véhicules et plus - en chaîne,3,2,2,0,1,1,1,0,1,80,,3,1,0,1,1,29.0,24.0,,,2,1,1,1,4
202100006501,2021-11-23 07:45:00,2021,11,23,7,45,76,76144,Route de Veules,49.764009,0.880998,Plein jour,Hors agglomération,Intersection en X,Normale,Deux véhicules - côté,3,2,2,0,1,2,1,0,1,80,,2,1,0,1,0,17.0,70.0,,,1,1,2,1,3
202100006502,2021-11-24 11:10:00,2021,11,24,11,10,89,89018,38 Rue de Bourgogne,48.041697,3.326552,Plein jour,En agglomération,Hors intersection,Normale,Autre collision,3,2,3,0,1,3,1,0,3,70,,2,0,0,2,0,76.0,,,,1,2,1,1,6
202100006503,2021-11-25 04:15:00,2021,11,25,4,15,22,22345,Saint-Mieux,48.322571,-2.555881,Nuit sans éclairage public,Hors agglomération,Hors intersection,Pluie légère,Deux véhicules - frontale,3,2,2,0,2,2,2,0,1,80,,4,0,0,1,3,25.0,31.0,,,3,1,1,2,1
202100006504,2021-11-24 19:30:00,2021,11,24,19,30,02,02216,4 Rue de la Ramee,49.252277,3.209033,Nuit avec éclairage allumé,En agglomération,Hors intersection,Normale,Autre collision,3,2,2,0,1,3,1,0,4,50,,1,0,1,0,0,34.0,,,,5,2,1,1,6
202100006505,2021-11-24 10:17:00,2021,11,24,10,17,85,85084,D160,46.779513,-1.215529,Plein jour,Hors agglomération,Hors intersection,Normale,Deux véhicules - côté,3,2,2,0,1,1,1,0,1,80,,2,1,0,0,1,45.0,21.0,,,1,1,1,1,3
202100006506,2021-11-24 10:45:00,2021,11,24,10,45,72,72050,La Groie de Vaumichel,47.980838,-0.213938,Plein jour,Hors agglomération,Hors intersection,Temps éblouissant,Autre collision,3,2,2,0,1,1,1,0,3,80,,2,1,0,0,1,88.0,,,,1,1,1,7,6
202100006507,2021-11-23 16:10:00,2021,11,23,16,10,72,72334,Les ruelles,48.173184,-0.12248,Crépuscule ou aube,Hors agglomération,Hors intersection,Temps éblouissant,Trois véhicules et plus - en chaîne,3,2,2,0,2,1,1,0,1,80,,4,3,0,1,0,61.0,32.0,,,2,1,1,7,4
202100006508,2021-10-29 12:00:00,2021,10,29,12,0,50,50394,Rue des Forges,49.188309,-1.410075,Plein jour,En agglomération,Hors intersection,Normale,Autre collision,3,2,2,0,1,1,1,0,1,50,,1,0,0,1,0,19.0,,,,1,2,1,1,6
202100006509,2021-11-12 16:30:00,2021,11,12,16,30,60,60104,Rue d'Amiens,49.639296,2.281481,Plein jour,En agglomération,Hors intersection,Normale,Autre collision,3,2,1,0,1,1,1,0,1,50,,2,1,0,0,1,26.0,,,,1,2,1,1,6
202100006510,2021-11-24 06:45:00,2021,11,24,6,45,45,45083,RD 37 PK 16+500,47.948833,2.944593,Nuit sans éclairage public,Hors agglomération,Hors intersection,Autre,Sans collision,3,2,2,0,1,3,7,0,8,80,,2,0,0,2,0,22.0,,,,3,1,1,9,7
202100006511,2021-11-23 14:25:00,2021,11,23,14,25,16,16106,30 avenue du Général de Gaulle,46.006099,0.672687,Plein jour,En agglomération,Autre intersection,Normale,Autre collision,3,2,2,0,2,1,1,0,1,50,,2,1,0,1,0,85.0,,,,1,2,9,1,6
202100006512,2021-11-25 01:25:00,2021,11,25,1,25,07,07010,Rue de la Lombardiere,45.251251,4.689667,Nuit avec éclairage allumé,En agglomération,Autre intersection,Normale,Autre collision,4,2,2,0,1,2,1,0,8,-1,,3,1,0,2,0,18.0,,,,5,2,9,1,6
202100006513,2021-11-25 06:41:00,2021,11,25,6,41,07,07255,D104,44.755244,4.702878,Nuit avec éclairage allumé,En agglomération,Hors intersection,Pluie légère,Deux véhicules - côté,3,2,1,0,1,1,2,0,5,50,,2,0,0,0,2,28.0,49.0,,,5,2,1,2,3
202100006514,2021-11-24 18:26:00,2021,11,24,18,26,21,21624,Rue des Charmilles,47.294941,5.276944,Nuit sans éclairage public,En agglomération,Hors intersection,Autre,Autre collision,3,2,2,0,1,2,7,0,3,50,,2,1,0,1,0,39.0,,,,3,2,1,9,6
202100006515,2021-11-24 16:30:00,2021,11,24,16,30,24,24133,lieu-dit le meynaud,45.566888,0.974436,Plein jour,Hors agglomération,Hors intersection,Pluie légère,Deux véhicules - frontale,2,2,2,0,2,1,2,0,1,80,,2,1,0,1,0,56.0,21.0,,,1,1,1,2,1
202100006516,2021-11-24 20:15:00,2021,11,24,20,15,85,85024,LA MICHELLERIE,46.9259651732,-1.8374499679,Nuit sans éclairage public,Hors agglomération,Hors intersection,Normale,Sans collision,4,2,2,0,1,1,1,0,3,-1,,1,0,0,1,0,32.0,,,,3,1,1,1,7
202100006517,2021-11-25 14:15:00,2021,11,25,14,15,30,30169,N113,43.794663,4.318544,Plein jour,Hors agglomération,Hors intersection,Pluie forte,Deux véhicules - frontale,2,2,2,0,1,1,2,0,1,80,,2,0,0,1,1,50.0,50.0,,,1,1,1,3,1
202100006518,2021-11-25 17:05:00,2021,11,25,17,5,49,49110,Autoroute A11 - PK 243.350 - sens LE MANS / ANGERS,47.554301,-0.333452,Plein jour,Hors agglomération,Hors intersection,Normale,Trois véhicules et plus - collisions multiples,1,3,4,0,1,1,1,0,1,130,,5,4,0,0,1,40.0,51.0,,,1,1,1,1,5
202100006519,2021-11-25 13:58:00,2021,11,25,13,58,44,44107,RD164,47.430758,-1.336641,Plein jour,Hors agglomération,Hors intersection,Normale,Deux véhicules - frontale,3,2,2,0,1,1,1,0,1,80,,2,1,0,1,0,57.0,20.0,,,1,1,1,1,1
202100006520,2021-11-25 17:00:00,2021,11,25,17,0,74,74081,Avenue Louis Rouxel (Pont),46.058748,6.57478,Plein jour,En agglomération,Hors intersection,Normale,Deux véhicules - côté,3,2,2,0,1,2,1,0,1,50,,2,1,0,0,1,67.0,,,,1,2,1,1,3
202100006521,2021-11-24 10:10:00,2021,11,24,10,10,38,38417,D1090 - Place de la mairie,45.380175,5.967325,Plein jour,En agglomération,Intersection en X,Normale,Deux véhicules - côté,3,2,2,0,1,1,9,0,1,50,,4,3,0,1,0,25.0,84.0,,,1,2,2,1,3
202100006522,2021-11-24 20:30:00,2021,11,24,20,30,38,38053,A43 PK 34+500 sens Lyon-Chambery,45.593981,5.289059,Nuit sans éclairage public,Hors agglomération,Hors intersection,Temps couvert,Deux véhicules - arrière,1,3,3,0,1,3,1,0,2,130,,2,1,0,0,1,28.0,37.0,,,3,1,1,8,2
202100006523,2021-11-25 13:05:00,2021,11,25,13,5,974,97418,rue de la convenance,-20.895977,55.559036,Plein jour,En agglomération,Hors intersection,Normale,Deux véhicules - côté,2,2,2,0,1,1,1,0,1,50,,2,1,0,1,0,19.0,15.0,,,1,2,1,1,3
202100006524,2021-11-24 10:30:00,2021,11,24,10,30,973,97305,Route Nationale 1,4.925496,-52.390988,Plein jour,Hors agglomération,Hors intersection,Normale,Trois véhicules et plus - collisions multiples,2,2,2,0,1,1,1,0,1,-1,,3,2,0,1,0,,37.0,,,1,1,1,1,5
202100006525,2021-11-24 17:15:00,2021,11,24,17,15,77,77453,D408,48.5463949976,2.7833057843,Crépuscule ou aube,Hors agglomération,Intersection en T,Normale,Deux véhicules - côté,3,2,2,0,1,1,1,2,1,90,,2,1,1,0,0,44.0,55.0,,,2,1,3,1,3
202100006526,2021-11-25 07:40:00,2021,11,25,7,40,71,71525,N79 - RCEA,46.37225,4.674661,Plein jour,Hors agglomération,Hors intersection,Normale,Deux véhicules - frontale,2,2,2,0,1,1,1,2,1,80,,2,1,0,1,0,28.0,52.0,,,1,1,1,1,1
202100006527,2021-11-25 02:52:00,2021,11,25,2,52,88,88393,D166,48.34449,5.739445,Nuit sans éclairage public,Hors agglomération,Hors intersection,Brouillard / fumée,Autre collision,3,2,2,0,3,1,1,0,1,90,,1,0,0,1,0,43.0,,,,3,1,1,5,6
202100006528,2021-11-24 14:20:00,2021,11,24,14,20,69,69024,11 NOVEMBRE 1918 (DU) (R),45.916169,4.577329,Plein jour,Hors agglomération,Intersection en Y,Normale,Deux véhicules - côté,3,2,2,0,2,1,1,0,1,80,,3,2,0,1,0,35.0,44.0,,,1,1,4,1,3
202100006529,2021-11-25 12:00:00,2021,11,25,12,0,76,76566,Rue Andre Marie,49.59809,0.974693,Plein jour,En agglomération,Hors intersection,Pluie légère,Autre collision,3,2,2,0,1,1,2,0,1,50,,2,1,1,0,0,53.0,,,,1,2,1,2,6
202100006530,2021-11-24 18:00:00,2021,11,24,18,0,76,76473,D490,49.494127,0.750287,Nuit sans éclairage public,Hors agglomération,Hors intersection,Normale,Deux véhicules - frontale,3,2,2,0,1,1,1,0,1,80,,3,0,0,3,0,45.0,21.0,,,3,1,1,1,1
202100006531,2021-11-24 17:00:00,2021,11,24,17,0,13,13211,A50-Sens Marseille vers Aubagne,43.29102,5.4861,Plein jour,Hors agglomération,Hors intersection,Pluie légère,Trois véhicules et plus - en chaîne,1,3,3,0,3,1,2,0,1,90,,4,3,0,0,1,26.0,38.0,,,1,1,1,2,4
202100006532,2021-11-24 16:20:00,2021,11,24,16,20,13,13005,A50-Sens Aubagne vers Marseille,43.28831,5.548412,Plein jour,Hors agglomération,Hors intersection,Pluie légère,Deux véhicules - côté,1,1,3,0,2,3,2,0,1,90,,2,1,0,0,1,19.0,37.0,,,1,1,1,2,3
202100006533,2021-11-16 12:06:00,2021,11,16,12,6,13,13071,A7-Sens Lyon vers Marseille,43.406823,5.327935,Plein jour,Hors agglomération,Hors intersection,Normale,Deux véhicules - côté,1,1,3,0,1,1,1,0,1,110,,6,2,0,0,4,20.0,37.0,,,1,1,1,1,3
202100006534,2021-11-19 18:30:00,2021,11,19,18,30,42,42218,RN88,45.43387,4.42245,Nuit sans éclairage public,Hors agglomération,Hors intersection,Normale,Trois véhicules et plus - en chaîne,2,3,4,0,2,1,1,0,1,70,,4,3,0,0,1,23.0,27.0,,,3,1,1,1,4
202100006535,2021-11-24 21:30:00,2021,11,24,21,30,33,33063,ROCADE A 630,44.88447,-0.55989,Nuit avec éclairage allumé,Hors agglomération,Hors intersection,Pluie légère,Sans collision,1,1,1,0,2,3,2,3,1,50,,1,0,0,0,1,20.0,,,,5,1,1,2,7
202100006536,2021-11-24 19:35:00,2021,11,24,19,35,33,33096,AUTOROUTE A 10,44.90452,-0.49286,Plein jour,Hors agglomération,Hors intersection,Pluie légère,Trois véhicules et plus - en chaîne,1,3,6,0,1,1,2,0,1,110,,5,3,0,0,2,35.0,35.0,,,1,1,1,2,4
202100006537,2021-11-24 09:02:00,2021,11,24,9,2,33,33096,AUTOROUTE A 10,44.89241,-0.50062,Plein jour,Hors agglomération,Hors intersection,Pluie légère,Deux véhicules - arrière,1,3,6,0,1,3,2,0,1,90,,5,4,0,0,1,24.0,40.0,,,1,1,1,2,2
202100006538,2021-11-24 03:35:00,2021,11,24,3,35,33,33318,ROCADE A 630,44.80232,-0.65913,Nuit sans éclairage public,Hors agglomération,Hors intersection,Pluie légère,Autre collision,1,3,6,0,1,1,2,3,1,90,,1,0,0,0,1,41.0,,,,3,1,1,2,6
202100006539,2021-11-24 15:50:00,2021,11,24,15,50,91,91689,AUTOROUTE A6B,48.74813,2.32634,Plein jour,Hors agglomération,Hors intersection,Normale,Trois véhicules et plus - en chaîne,1,3,3,0,2,1,1,0,1,110,,3,2,0,0,1,57.0,46.0,,,1,1,1,1,4
202100006540,2021-11-24 18:30:00,2021,11,24,18,30,92,92036,AUTOROUTE A15,48.9465157059,2.2827709006,Nuit sans éclairage public,Hors agglomération,Hors intersection,Normale,Deux véhicules - côté,1,1,8,0,1,3,1,2,1,90,,3,2,0,0,1,31.0,20.0,,,3,1,1,1,3
202100006541,2021-11-24 18:40:00,2021,11,24,18,40,77,77294,A104,48.9697644713,2.5981800905,Nuit sans éclairage public,Hors agglomération,Hors intersection,Normale,Deux véhicules - côté,1,3,4,0,1,1,1,0,1,90,,2,1,0,0,1,28.0,42.0,,,3,1,1,1,3
202100006542,2021-11-24 17:50:00,2021,11,24,17,50,94,94017,A4,48.82905,2.50045,Nuit sans éclairage public,Hors agglomération,Hors intersection,Normale,Deux véhicules - arrière,1,3,10,0,1,1,1,0,1,90,,2,1,0,0,1,29.0,21.0,,,3,1,1,1,2
202100006543,2021-07-22 09:04:00,2021,7,22,9,4,65,65440,8 Av Aristide Briand,43.227797,0.069299,Plein jour,En agglomération,Hors intersection,Normale,Autre collision,4,2,2,-1,1,1,1,0,3,50,,1,0,0,0,1,21.0,,,,1,2,1,1,6
202100006544,2021-07-01 21:45:00,2021,7,1,21,45,61,61222,,48.75836,-0.64776,Crépuscule ou aube,En agglomération,Intersection en T,Normale,Deux véhicules - côté,3,2,-1,-1,1,1,1,0,1,80,,2,1,0,0,1,18.0,30.0,,,2,2,3,1,3
202100006545,2021-11-23 17:40:00,2021,11,23,17,40,75,75118,BOULEVARD NEY,48.897707,2.335918,Nuit avec éclairage allumé,En agglomération,Hors intersection,Temps couvert,Deux véhicules - côté,4,1,2,1,1,1,1,-1,6,50,,2,1,0,0,1,19.0,48.0,,,5,2,1,8,3
202100006546,2021-11-23 14:00:00,2021,11,23,14,0,72,72181,DURAND GEORGES (AV) N° IMP 199 AU N° 311,47.9755,0.21498,Plein jour,En agglomération,Hors intersection,Normale,Autre collision,4,3,2,2,1,1,1,0,1,50,,2,1,0,0,1,34.0,,,,1,2,1,1,6
202100006547,2021-11-22 19:05:00,2021,11,22,19,5,02,02408,RN2,49.54841,3.61766,Nuit sans éclairage public,Hors agglomération,Hors intersection,Normale,Autre collision,2,2,3,0,1,1,1,3,1,80,,2,1,0,0,1,31.0,,,,3,1,1,1,6
202100006548,2021-11-22 02:55:00,2021,11,22,2,55,92,92050,A14,48.894937158,2.2282637291,Nuit avec éclairage allumé,Hors agglomération,Hors intersection,Normale,Autre collision,1,1,1,0,1,3,1,1,1,70,,2,0,0,0,1,,,,,5,1,1,1,6
202100006549,2021-11-21 16:15:00,2021,11,21,16,15,971,97101,PETIT PEROU,16.25149,-61.51656,Crépuscule ou aube,Hors agglomération,Hors intersection,Temps éblouissant,Autre collision,3,2,2,0,1,3,1,0,1,70,,2,1,1,0,0,87.0,,,,2,1,1,7,6
202100006550,2021-11-20 02:57:00,2021,11,20,2,57,30,30032,FOURQUES ROUTE DE,43.7798,4.6232,Nuit sans éclairage public,Hors agglomération,Hors intersection,Normale,Autre collision,3,2,2,0,1,1,1,0,3,80,,3,2,1,0,0,43.0,,,,3,1,1,1,6
202100006551,2021-11-19 16:10:00,2021,11,19,16,10,05,05061,JEAN JAURES ( AVENUE ),44.55456,6.07432,Plein jour,En agglomération,Hors intersection,Normale,Autre collision,2,2,2,0,1,1,1,0,1,50,,2,1,0,0,1,89.0,,,,1,2,1,1,6
202100006552,2021-11-19 18:40:00,2021,11,19,18,40,58,58194,CAMILLE BAYNAC,46.9888,3.1332,Nuit sans éclairage public,En agglomération,Intersection en T,Normale,Deux véhicules - côté,4,2,2,0,2,1,1,0,6,50,,2,1,0,0,1,21.0,,,,3,2,3,1,3
202100006553,2021-09-27 01:45:00,2021,9,27,1,45,77,77269,LE COUDRAY,48.5476233891,2.6803052694,Nuit sans éclairage public,Hors agglomération,Hors intersection,Normale,Deux véhicules - frontale,4,2,2,0,1,1,1,0,1,80,,3,2,0,0,1,32.0,20.0,,,3,1,1,1,1
202100006554,2021-11-22 17:20:00,2021,11,22,17,20,988,98818,ROUTE DE L'ANSE VATA,-22.27946,166.44864,Plein jour,En agglomération,Intersection en T,Normale,Deux véhicules - côté,4,-1,2,0,1,1,1,0,1,50,,2,1,0,0,1,57.0,33.0,,,1,2,3,1,3
202100006555,2021-11-22 11:30:00,2021,11,22,11,30,976,97611,tsoundzou-Maternelle ( rue de la ),-12.80717,45.20471,Plein jour,En agglomération,Hors intersection,Normale,Autre collision,4,1,1,0,1,4,1,9,1,30,,2,1,0,0,1,41.0,,,,1,2,1,1,6
202100006556,2021-11-22 10:55:00,2021,11,22,10,55,976,97611,mamoudzou centre-Haladi Selemani ( rue ),-12.77986,45.22859,Plein jour,En agglomération,Intersection en Y,Normale,Sans collision,4,2,4,0,1,1,1,0,1,30,,2,1,0,0,1,47.0,40.0,,,1,2,4,1,7
202100006557,2021-11-23 11:20:00,2021,11,23,11,20,974,97416,ENTRE DEUX (CHEMIN) CD26,-21.2962656591,55.4429984093,Plein jour,Hors agglomération,Hors intersection,Normale,Deux véhicules - côté,3,2,2,0,1,1,1,0,1,70,,3,2,0,0,1,32.0,52.0,,,1,1,1,1,3
202100006558,2021-11-22 17:55:00,2021,11,22,17,55,974,97411,LECONTE DE LISLE (AVENUE),-20.89328,55.48463,Plein jour,En agglomération,Hors intersection,Normale,Deux véhicules - côté,9,2,2,3,1,1,1,9,1,50,,2,1,0,0,1,19.0,,,,1,2,1,1,3
202100006559,2021-11-21 23:30:00,2021,11,21,23,30,974,97407,SACRE COEUR (RD POINT) -RIV. DES GALETS ,-20.955,55.311,Nuit sans éclairage public,En agglomération,Hors intersection,Normale,Autre collision,4,-1,2,0,1,1,1,0,1,50,,1,0,0,1,0,60.0,,,,3,2,1,1,6
202100006560,2021-11-23 13:34:00,2021,11,23,13,34,973,97302,BRUTUS (CITE),4.9414900943,-52.3195656538,Plein jour,En agglomération,Hors intersection,Normale,Deux véhicules - côté,4,2,2,0,1,1,1,0,1,50,,3,1,0,0,2,75.0,32.0,,,1,2,1,1,3
202100006561,2021-11-21 03:13:00,2021,11,21,3,13,973,97302,RABAN (ROUTE DE),4.9309979962,-52.3132299185,Nuit avec éclairage allumé,En agglomération,Intersection en T,Normale,Sans collision,3,2,2,0,1,1,1,0,1,50,,2,1,0,0,1,44.0,37.0,,,5,2,3,1,7
202100006562,2021-11-22 18:30:00,2021,11,22,18,30,69,69259,LAURENT BONNEVAY (BD),45.71969,4.88027,Nuit avec éclairage allumé,En agglomération,Hors intersection,Normale,Trois véhicules et plus - en chaîne,7,3,11,0,1,1,1,0,1,70,,4,3,0,0,1,45.0,47.0,,,5,2,1,1,4
202100006563,2021-11-23 17:45:00,2021,11,23,17,45,69,69259,JACQUES DUCLOS (AV),45.69702,4.88836,Nuit avec éclairage allumé,En agglomération,Hors intersection,Normale,Autre collision,4,2,2,2,1,1,1,0,1,50,,2,1,0,0,1,34.0,,,,5,2,1,1,6
202100006564,2021-11-22 21:20:00,2021,11,22,21,20,69,69386,MOLIERE (R),45.76482,4.84277,Nuit avec éclairage allumé,En agglomération,Intersection en X,Normale,Deux véhicules - côté,4,1,1,2,1,1,1,0,1,30,,2,1,0,0,1,19.0,30.0,,,5,2,2,1,3
202100006565,2021-11-23 13:30:00,2021,11,23,13,30,972,97209,DESROCHERS (ROUTE DE),14.62562,-61.072754,Plein jour,En agglomération,Hors intersection,Normale,Deux véhicules - frontale,4,2,2,0,1,2,1,0,1,50,,3,1,0,2,0,27.0,38.0,,,1,2,1,1,1
202100006566,2021-11-06 06:15:00,2021,11,6,6,15,69,69382,GALLIENI (PT),45.7486047892,4.831200242,Nuit avec éclairage allumé,En agglomération,Hors intersection,Normale,Deux véhicules - arrière,4,2,5,3,1,1,1,2,1,50,,2,1,0,1,0,,39.0,,,5,2,1,1,2
202100006567,2021-11-22 18:00:00,2021,11,22,18,0,69,69382,PRESIDENT EDOUARD HERRIOT (DU) (R),45.75875,4.83393,Nuit avec éclairage allumé,En agglomération,Intersection en T,Normale,Autre collision,4,1,1,3,1,1,1,0,1,50,,2,1,0,1,0,57.0,,,,5,2,3,1,6
202100006568,2021-11-22 09:51:00,2021,11,22,9,51,69,69382,GASPARIN (R),45.7598,4.83341,Plein jour,En agglomération,Hors intersection,Temps couvert,Autre collision,4,1,1,3,1,1,1,0,1,30,,2,1,0,0,1,24.0,,,,1,2,1,8,6
202100006569,2021-11-22 17:48:00,2021,11,22,17,48,2B,2B033,11 - RT,42.7001396319,9.4520646444,Crépuscule ou aube,En agglomération,Hors intersection,Normale,Trois véhicules et plus - en chaîne,2,3,4,0,1,1,1,0,1,70,,3,1,0,0,2,59.0,20.0,,,2,2,1,1,4
202100006570,2021-11-23 16:30:00,2021,11,23,16,30,2A,2A004,PRINCE IMPERIAL COURS,41.93415,8.74759,Plein jour,En agglomération,Intersection en T,Normale,Deux véhicules - côté,2,1,4,3,1,1,1,0,6,50,,2,1,0,1,0,21.0,74.0,,,1,2,3,1,3
202100006571,2021-11-22 17:50:00,2021,11,22,17,50,95,95019,LAUGERE JEAN (AVENUE),48.9953633941,2.417485714,Nuit avec éclairage allumé,En agglomération,Autre intersection,Normale,Deux véhicules - frontale,4,2,2,0,1,1,1,0,1,50,,2,1,0,0,1,16.0,47.0,,,5,2,9,1,1
202100006572,2021-11-22 13:40:00,2021,11,22,13,40,95,95277,RD 370,48.991083252,2.4316048622,Plein jour,En agglomération,Hors intersection,Normale,Deux véhicules - arrière,3,2,2,0,1,1,1,0,1,50,,2,1,0,0,1,49.0,26.0,,,1,2,1,1,2
202100006573,2021-11-22 19:25:00,2021,11,22,19,25,95,95197,GARE (RUE DE LA),48.9754,2.33296,Nuit avec éclairage allumé,En agglomération,Intersection en T,Normale,Deux véhicules - côté,3,2,2,0,2,1,1,0,1,30,,2,1,0,1,0,38.0,25.0,,,5,2,3,1,3
202100006574,2021-11-23 20:54:00,2021,11,23,20,54,91,91021,AV HOCHE,48.59074,2.25627,Nuit avec éclairage allumé,En agglomération,Hors intersection,Normale,Trois véhicules et plus - en chaîne,3,2,2,0,1,1,1,0,1,50,,3,0,0,1,2,45.0,50.0,,,5,2,1,1,4
202100006575,2021-11-23 11:10:00,2021,11,23,11,10,91,91103,AV DE LA COMMUNE DE PARIS,48.59183,2.30172,Plein jour,En agglomération,Intersection en T,Normale,Deux véhicules - frontale,4,2,2,0,1,1,1,0,1,50,,2,0,0,0,2,73.0,35.0,,,1,2,3,1,1
202100006576,2021-11-23 08:30:00,2021,11,23,8,30,91,91549,LONGPONT (ROUTE DE),48.65128,2.30807,Plein jour,En agglomération,Hors intersection,Normale,Deux véhicules - côté,3,2,2,0,1,1,1,0,1,50,,2,1,0,0,1,30.0,48.0,,,1,2,1,1,3
202100006577,2021-11-21 12:12:00,2021,11,21,12,12,91,91692,OCEANIE (AVENUE DE L'),48.67992,2.20072,Plein jour,Hors agglomération,Hors intersection,Pluie légère,Trois véhicules et plus - en chaîne,3,1,2,0,1,1,2,0,1,70,,4,1,0,0,3,21.0,40.0,,,1,1,1,2,4
202100006578,2021-11-23 05:00:00,2021,11,23,5,0,91,91657,AV HENRI BARBUSSE,48.70253,2.42791,Nuit avec éclairage allumé,En agglomération,Intersection en X,Normale,Autre collision,3,-1,3,0,1,1,1,0,1,50,,2,1,0,0,1,24.0,61.0,,,5,2,2,1,6
202100006579,2021-11-20 19:30:00,2021,11,20,19,30,91,91201,BD HENRI BARBUSSE,48.69376,2.41345,Nuit avec éclairage allumé,En agglomération,Intersection en T,Normale,Autre collision,3,2,2,0,1,1,1,0,1,50,,2,1,0,0,1,21.0,,,,5,2,3,1,6
202100006580,2021-11-22 19:00:00,2021,11,22,19,0,87,87085,LATTRE-DE-TASSIGNY (AVENUE DU MARECHAL),45.8256,1.27883,Nuit avec éclairage allumé,En agglomération,Intersection en T,Normale,Sans collision,3,2,4,0,1,1,1,0,1,50,,1,0,0,1,0,31.0,,,,5,2,3,1,7
202100006581,2021-11-18 08:04:00,2021,11,18,8,4,87,87085,AUTOROUTE A20,45.8515,1.27599,Crépuscule ou aube,Hors agglomération,Hors intersection,Normale,Trois véhicules et plus - en chaîne,1,3,4,0,2,1,1,0,1,90,,3,2,0,0,1,25.0,23.0,,,2,1,1,1,4
202100006582,2021-11-20 18:08:00,2021,11,20,18,8,87,87048,RD 11,45.77593,1.22252,Nuit sans éclairage public,Hors agglomération,Hors intersection,Normale,Autre collision,3,-1,2,0,1,4,1,0,1,80,,1,0,0,0,1,23.0,,,,3,1,1,1,6
202100006583,2021-11-19 10:55:00,2021,11,19,10,55,87,87085,BARBES (RUE ARMAND),45.84215,1.2581,Plein jour,En agglomération,Intersection en T,Normale,Autre collision,4,2,3,0,1,1,1,5,1,50,,2,1,0,0,1,81.0,,,,1,2,3,1,6
202100006584,2021-11-20 08:17:00,2021,11,20,8,17,87,87085,CARMES (PLACE DES),45.83001,1.25081,Plein jour,En agglomération,Hors intersection,Normale,Autre collision,4,2,2,0,1,1,1,0,1,50,,2,1,0,1,0,22.0,,,,1,2,1,1,6