accident_id,datetime,annee,mois,jour,heure,minute,departement,commune_insee,adresse,latitude,longitude,luminosite,agglomeration,intersection,meteo,collision,catr,circ,nbv,vosp,prof,plan,surf,infra,situ,vma,nb_vehicules,nb_usagers,nb_indemnes,nb_tues,nb_blesses_hosp,nb_blesses_legers,age_cond_1,age_cond_2,veh_type_cond_1,veh_type_cond_2,lum_code,agg_code,int_code,atm_code,col_code
202100006585,2021-11-18 00:00:00,2021,11,18,0,0,86,86066,Rue Auguste Sutter,46.825661,0.534226,Nuit avec éclairage allumé,En agglomération,Intersection en T,Normale,Deux véhicules - côté,4,2,2,0,1,1,1,0,1,50,,2,1,0,0,1,21.0,57.0,,,5,2,3,1,3
202100006586,2021-11-20 19:50:00,2021,11,20,19,50,85,85194,MITTERAND (AVENUE FRANCOIS),46.507,-1.77739,Nuit avec éclairage allumé,En agglomération,Intersection en X,Brouillard / fumée,Deux véhicules - côté,4,-1,2,0,1,1,9,5,1,50,,2,1,0,1,0,33.0,22.0,,,5,2,2,5,3
202100006587,2021-11-07 19:20:00,2021,11,7,19,20,84,84007,CHARLES DE GAULLE,43.928837,4.805625,Nuit sans éclairage public,En agglomération,Autre intersection,Normale,Deux véhicules - arrière,4,1,3,0,1,1,1,0,1,90,,2,1,0,1,0,25.0,31.0,,,3,2,9,1,2
202100006588,2021-11-23 07:55:00,2021,11,23,7,55,83,83090,FAVEYROLLES (ROUTE DE),43.13777,5.871988,Plein jour,En agglomération,Autre intersection,Normale,Autre collision,4,3,2,0,2,1,1,5,1,50,,2,1,0,0,1,21.0,,,,1,2,9,1,6
202100006589,2021-09-22 15:40:00,2021,9,22,15,40,83,83137,SADI CARNOT (PLACE),43.13068,5.92012,Plein jour,En agglomération,Hors intersection,Normale,Autre collision,4,2,2,0,1,1,1,0,1,50,,2,1,0,1,0,20.0,,,,1,2,1,1,6
202100006590,2021-11-23 20:08:00,2021,11,23,20,8,83,83126,CHEMIN GASTON BELTRAME,43.11971,5.85991,Nuit sans éclairage public,Hors agglomération,Hors intersection,Normale,Autre collision,4,2,2,0,2,2,1,0,1,50,,2,0,0,1,1,16.0,,,,3,1,1,1,6
202100006591,2021-11-17 17:25:00,2021,11,17,17,25,83,83009,BEAUSSET (ROUTE DU),43.149689,5.764616,Nuit sans éclairage public,Hors agglomération,Hors intersection,Normale,Trois véhicules et plus - collisions multiples,3,2,2,0,1,2,1,0,1,70,,4,2,0,1,1,73.0,60.0,,,3,1,1,1,5
202100006592,2021-11-19 14:35:00,2021,11,19,14,35,82,82121,10EME DRAGONS (AVENUE DU),44.02322,1.34438,Plein jour,En agglomération,Hors intersection,Normale,Trois véhicules et plus - collisions multiples,3,2,2,0,1,1,1,0,1,50,,3,2,1,0,0,59.0,19.0,,,1,2,1,1,5
202100006593,2021-11-19 11:47:00,2021,11,19,11,47,80,80674,THUILLIER DELAMBRE (RUE),49.90205,2.326,Plein jour,En agglomération,Hors intersection,Pluie légère,Deux véhicules - côté,3,2,0,0,1,1,2,0,1,50,,2,0,0,0,2,44.0,69.0,,,1,2,1,2,3
202100006594,2021-11-22 14:50:00,2021,11,22,14,50,80,80021,RUE DU PROFESSEUR CHRISTIAN CABROL,49.88047,2.27116,Plein jour,En agglomération,Intersection en X,Normale,Deux véhicules - côté,4,2,4,0,1,1,1,0,1,50,,2,1,0,0,1,48.0,22.0,,,1,2,2,1,3
202100006595,2021-11-19 14:30:00,2021,11,19,14,30,80,80021,CAGNY (RUE DE),49.8824,2.31887,Plein jour,En agglomération,Hors intersection,Normale,Deux véhicules - côté,4,2,2,0,1,1,2,0,1,50,,2,1,0,0,1,19.0,44.0,,,1,2,1,1,3
202100006596,2021-11-17 07:40:00,2021,11,17,7,40,80,80702,DURY (ROUTE DE),49.8453,2.29078,Nuit sans éclairage public,Hors agglomération,Hors intersection,Normale,Deux véhicules - frontale,4,2,2,0,3,1,1,0,1,80,,2,1,0,0,1,49.0,41.0,,,3,1,1,1,1
202100006597,2021-11-23 16:14:00,2021,11,23,16,14,79,79191,Boulevard de l’Atlantique,46.3162,-0.47691,Plein jour,En agglomération,Intersection en X,Normale,Deux véhicules - côté,4,3,4,3,1,1,1,5,6,50,,3,1,0,0,2,37.0,69.0,,,1,2,2,1,3
202100006598,2021-11-23 10:15:00,2021,11,23,10,15,78,78481,MAURICE BERTEAUX (QUAI),48.89745,2.106952,Plein jour,En agglomération,Autre intersection,Normale,Autre collision,4,2,0,0,1,1,1,0,1,50,,2,1,0,0,1,47.0,,,,1,2,9,1,6
202100006599,2021-11-23 14:30:00,2021,11,23,14,30,78,78401,ALBERT JOZON (RUE),49.005711,1.906465,Plein jour,En agglomération,Intersection en X,Normale,Deux véhicules - côté,3,2,4,0,1,1,1,0,1,50,,2,1,0,0,1,23.0,42.0,,,1,2,2,1,3
202100006600,2021-11-23 08:30:00,2021,11,23,8,30,78,78440,PAUL DOUMER (RUE),48.994021,1.910187,Plein jour,En agglomération,Intersection en T,Normale,Autre collision,4,1,0,0,1,1,1,0,1,30,,2,1,0,0,1,63.0,,,,1,2,3,1,6
202100006601,2021-11-22 16:35:00,2021,11,22,16,35,78,78440,LOUIS BLERIOT (RUE),48.976533,1.917486,Plein jour,En agglomération,Hors intersection,Normale,Deux véhicules - côté,4,3,1,1,1,1,1,0,1,50,,2,1,0,0,1,23.0,32.0,,,1,2,1,1,3
202100006602,2021-11-22 07:00:00,2021,11,22,7,0,78,78238,CD 14,48.963399,1.862556,Crépuscule ou aube,En agglomération,Intersection en X,Temps couvert,Deux véhicules - côté,3,3,6,0,1,1,2,5,1,50,,2,0,0,0,2,55.0,28.0,,,2,2,2,8,3
202100006603,2021-11-22 17:30:00,2021,11,22,17,30,77,77337,Avenue de l'Europe,48.82625,2.61102,Nuit avec éclairage allumé,En agglomération,Intersection en X,Normale,Autre collision,3,2,2,-1,1,1,-1,5,1,-1,,2,1,0,0,1,25.0,,,,5,2,2,1,6
202100006604,2021-11-21 00:10:00,2021,11,21,0,10,77,77450,RTE DE FEROLLES,48.716958,2.597492,Nuit avec éclairage allumé,En agglomération,Giratoire,Pluie légère,Deux véhicules - frontale,4,2,2,0,1,2,2,0,1,50,,2,1,0,0,1,40.0,26.0,,,5,2,6,2,1
202100006605,2021-11-22 19:35:00,2021,11,22,19,35,77,77288,D606,48.55356,2.64379,Nuit avec éclairage allumé,Hors agglomération,Giratoire,Normale,Deux véhicules - côté,3,1,2,0,1,3,1,5,1,50,,2,1,0,0,1,18.0,,,,5,1,6,1,3
202100006606,2021-11-22 07:40:00,2021,11,22,7,40,77,77288,GAILLARDON  (RUE DE),48.5379,2.66524,Plein jour,En agglomération,Giratoire,Normale,Deux véhicules - côté,4,1,1,0,1,1,1,0,1,30,,2,0,0,1,1,33.0,18.0,,,1,2,6,1,3
202100006607,2021-11-22 07:40:00,2021,11,22,7,40,77,77085,D5,48.855004,2.746685,Plein jour,En agglomération,Intersection en X,Temps couvert,Deux véhicules - côté,3,2,2,0,1,1,2,5,1,50,,2,0,0,0,2,33.0,52.0,,,1,2,2,8,3
202100006608,2021-11-22 17:25:00,2021,11,22,17,25,76,76498,SEMARD. RUE PIERRE,49.41751,1.07317,Nuit avec éclairage allumé,En agglomération,Hors intersection,Normale,Deux véhicules - frontale,4,2,2,0,1,1,1,0,1,30,,2,1,0,0,1,32.0,8.0,,,5,2,1,1,1
202100006609,2021-11-21 19:55:00,2021,11,21,19,55,76,76351,LOUIS LUMIERE,49.52157,0.11699,Nuit avec éclairage allumé,En agglomération,Intersection en X,Pluie légère,Deux véhicules - côté,3,2,2,0,1,1,2,0,1,50,,2,1,0,0,1,34.0,18.0,,,5,2,2,2,3
202100006610,2021-11-23 14:45:00,2021,11,23,14,45,72,72181,RHIN ET DANUBE (AV) N° IMP 271 A 339,48.0250098952,0.1817536352,Plein jour,En agglomération,Hors intersection,Normale,Deux véhicules - côté,4,1,1,0,1,1,1,0,1,50,,2,1,0,0,1,24.0,35.0,,,1,2,1,1,3
202100006611,2021-11-23 09:00:00,2021,11,23,9,0,72,72181,RUAUDIN (RUE) N° IMP 191 ET >,47.97226,0.22965,Plein jour,En agglomération,Intersection en X,Normale,Deux véhicules - côté,4,2,2,0,1,1,1,0,1,50,,2,1,0,0,1,26.0,51.0,,,1,2,2,1,3
202100006612,2021-11-22 07:15:00,2021,11,22,7,15,72,72181,DURAND GEORGES (AV) N° PAIRS 312 A 460,47.96573,0.22039,Crépuscule ou aube,En agglomération,Intersection en T,Normale,Deux véhicules - côté,4,3,2,2,1,1,1,0,1,50,,2,1,0,0,1,46.0,50.0,,,2,2,3,1,3
202100006613,2021-11-21 19:40:00,2021,11,21,19,40,72,72181,TIRONNEAU ADRIEN (PL),47.98295,0.21056,Nuit avec éclairage non allumé,En agglomération,Giratoire,Pluie légère,Deux véhicules - côté,4,1,4,2,1,2,2,0,1,50,,2,1,0,0,1,24.0,58.0,,,4,2,6,2,3
202100006614,2021-11-21 18:05:00,2021,11,21,18,5,72,72181,COLLET ROBERT (RUE),47.97529,0.21285,Nuit avec éclairage allumé,En agglomération,Hors intersection,Temps couvert,Autre collision,4,2,2,0,1,1,2,0,1,50,,3,1,0,0,2,28.0,,,,5,2,1,8,6
202100006615,2021-11-21 14:50:00,2021,11,21,14,50,72,72181,PATTON GENERAL RTE ST-AUBIN A AV RUBILLA,48.02012,0.17037,Plein jour,En agglomération,Hors intersection,Pluie légère,Sans collision,3,1,1,0,2,1,2,0,1,50,,1,0,0,0,1,14.0,,,,1,2,1,2,7
202100006616,2021-11-23 07:25:00,2021,11,23,7,25,71,71270,Rue Charles Pillet,46.29784,4.81955,Plein jour,En agglomération,Giratoire,Normale,Deux véhicules - arrière,3,2,2,2,1,2,1,0,1,50,,2,1,0,0,1,25.0,49.0,,,1,2,6,1,2
202100006617,2021-11-23 18:45:00,2021,11,23,18,45,69,69290,JULES VERNE (R),45.70076,4.98138,Nuit avec éclairage allumé,Hors agglomération,Intersection en X,Normale,Deux véhicules - côté,4,2,2,0,1,1,1,0,8,50,,2,1,0,0,1,23.0,61.0,,,5,1,2,1,3
202100006618,2021-11-13 17:09:00,2021,11,13,17,9,69,69271,CHARLES DE GAULLE (BD),45.74328,4.93715,Crépuscule ou aube,Hors agglomération,Intersection en X,Normale,Deux véhicules - côté,7,2,2,0,1,1,1,0,1,50,,2,1,0,0,1,41.0,72.0,,,2,1,2,1,3
202100006619,2021-10-21 19:49:00,2021,10,21,19,49,68,68066,TURENNE (RUE DE),48.07394,7.35732,Crépuscule ou aube,En agglomération,Hors intersection,Normale,Autre collision,4,2,2,0,1,1,1,2,1,30,,2,0,0,1,1,21.0,,,,2,2,1,1,6
202100006620,2021-11-20 05:20:00,2021,11,20,5,20,67,67482,OBERHAUSBERGEN (ROUTE D ),48.59066,7.7308,Nuit avec éclairage allumé,En agglomération,Hors intersection,Normale,Autre collision,7,1,4,0,1,1,1,0,1,50,,2,1,0,0,1,59.0,,,,5,2,1,1,6
202100006621,2021-11-20 01:17:00,2021,11,20,1,17,67,67043,MARAIS (RUE DU),48.6098,7.76037,Nuit avec éclairage allumé,En agglomération,Intersection en T,Normale,Deux véhicules - côté,4,2,2,0,1,1,1,0,1,50,,3,2,0,1,0,48.0,29.0,,,5,2,3,1,3
202100006622,2021-11-19 08:35:00,2021,11,19,8,35,67,67482,KRUTENAU (RUE DE LA),48.58061,7.75739,Plein jour,En agglomération,Intersection en T,Temps couvert,Deux véhicules - côté,4,2,2,1,1,1,1,0,1,50,,2,1,0,0,1,59.0,49.0,,,1,2,3,8,3
202100006623,2021-11-18 18:05:00,2021,11,18,18,5,67,67482,PREMIERE ARMEE (RUE DE LA),48.578355,7.749097,Nuit avec éclairage allumé,En agglomération,Passage à niveau,Normale,Deux véhicules - frontale,4,3,5,1,2,2,1,4,1,50,,4,3,0,0,1,41.0,52.0,,,5,2,8,1,1
202100006624,2021-11-23 08:00:00,2021,11,23,8,0,66,66136,PRADES (AVENUE DE),42.69693,2.86609,Plein jour,En agglomération,Giratoire,Normale,Deux véhicules - côté,4,1,2,0,1,2,1,0,1,50,,3,2,0,0,1,31.0,65.0,,,1,2,6,1,3
202100006625,2021-11-20 15:19:00,2021,11,20,15,19,66,66136,JULIEN PANCHOT (AVENUE),42.69284,2.88588,Plein jour,En agglomération,Hors intersection,Normale,Autre collision,4,2,2,0,1,1,1,0,1,50,,3,1,0,1,1,63.0,,,,1,2,1,1,6
202100006626,2021-11-22 13:50:00,2021,11,22,13,50,65,65440,BRIAND (AVENUE ARISTIDE),43.22128,0.061014,Plein jour,En agglomération,Giratoire,Normale,Deux véhicules - côté,2,1,2,0,1,2,1,5,1,50,,2,1,0,0,1,79.0,56.0,,,1,2,6,1,3
202100006627,2021-11-23 13:26:00,2021,11,23,13,26,64,64445,FRERES CAMORS DES,43.31137,-0.36893,Plein jour,En agglomération,Intersection en T,Normale,Deux véhicules - côté,4,-1,2,0,1,1,1,0,1,30,,2,1,0,0,1,46.0,20.0,,,1,2,3,1,3
202100006628,2021-11-22 03:45:00,2021,11,22,3,45,64,64445,Avenue Alfred Nobel,43.317759,-0.30999,Nuit avec éclairage allumé,En agglomération,Intersection en T,Pluie légère,Deux véhicules - frontale,4,2,2,0,1,1,2,0,1,80,,2,1,0,0,1,59.0,30.0,,,5,2,3,2,1
202100006629,2021-11-22 14:30:00,2021,11,22,14,30,64,64024,LAPORTE (AVENUE JEAN LEON),43.48812,-1.5003,Plein jour,En agglomération,Hors intersection,Normale,Sans collision,4,3,4,3,1,1,2,0,1,50,,1,0,0,0,1,67.0,,,,1,2,1,1,7
202100006630,2021-11-22 13:10:00,2021,11,22,13,10,64,64024,BIARRITZ (AVENUE DE),43.4803,-1.52038,Plein jour,En agglomération,Hors intersection,Pluie légère,Deux véhicules - arrière,4,2,2,0,1,1,2,0,1,50,,2,1,0,0,1,19.0,24.0,,,1,2,1,2,2
202100006631,2021-11-19 18:02:00,2021,11,19,18,2,63,63075,BERTHELOT (BOULEVARD),45.77966,3.07153,Crépuscule ou aube,En agglomération,Hors intersection,Normale,Autre collision,4,2,2,0,1,1,1,0,1,50,,2,1,0,0,1,61.0,,,,2,2,1,1,6
202100006632,2021-11-19 16:18:00,2021,11,19,16,18,63,63113,CATAROU (RUE DE),45.78791,3.10541,Plein jour,En agglomération,Intersection en Y,Normale,Deux véhicules - côté,4,2,2,0,1,1,1,0,1,50,,2,1,0,0,1,21.0,24.0,,,1,2,4,1,3
202100006633,2021-11-23 15:45:00,2021,11,23,15,45,61,61466,FUMECON (LIEU-DIT),48.73619,-0.54099,Plein jour,Hors agglomération,Hors intersection,Normale,Trois véhicules et plus - collisions multiples,3,-1,2,0,1,3,1,0,1,90,,4,1,0,2,1,53.0,71.0,,,1,1,1,1,5
202100006634,2021-10-12 15:35:00,2021,10,12,15,35,61,61169,DOMFRONT (ROUTE DE),48.73112,-0.57832,Plein jour,En agglomération,Hors intersection,Normale,Deux véhicules - arrière,3,2,2,0,2,1,1,0,1,50,,2,1,0,1,0,75.0,18.0,,,1,2,1,1,2
202100006635,2021-11-22 07:00:00,2021,11,22,7,0,61,61466,FUMECON (LIEU-DIT),48.73619,-0.54099,Nuit sans éclairage public,Hors agglomération,Hors intersection,Temps couvert,Trois véhicules et plus - collisions multiples,3,2,2,0,1,3,1,9,1,90,,3,2,1,0,0,23.0,38.0,,,3,1,1,8,5
202100006636,2021-11-22 17:35:00,2021,11,22,17,35,60,60175,Rue Gambetta,49.26619,2.47347,Crépuscule ou aube,En agglomération,Autre intersection,Temps couvert,Autre collision,4,2,3,0,1,1,1,0,1,30,,2,1,0,1,0,20.0,,,,2,2,9,8,6
202100006637,2021-11-18 19:15:00,2021,11,18,19,15,60,60325,Rd 1131,49.4070869761,2.7785904908,Nuit avec éclairage allumé,Hors agglomération,Hors intersection,Normale,Trois véhicules et plus - en chaîne,3,3,5,0,1,1,1,0,1,70,,4,1,0,0,3,76.0,32.0,,,5,1,1,1,4
202100006638,2021-11-23 07:20:00,2021,11,23,7,20,59,59183,RN 225,51.0208459821,2.3182439804,Crépuscule ou aube,En agglomération,Hors intersection,Normale,Autre collision,3,3,1,0,1,1,1,0,1,50,,2,1,0,1,0,51.0,,,,2,2,1,1,6
202100006639,2021-11-17 11:15:00,2021,11,17,11,15,56,56260,DELESTRAINT(AVENUE DU GENERAL),47.6553,-2.73948,Plein jour,En agglomération,Hors intersection,Normale,Deux véhicules - côté,4,3,2,0,1,3,1,6,1,50,,2,1,0,1,0,78.0,42.0,,,1,2,1,1,3
202100006640,2021-11-22 13:30:00,2021,11,22,13,30,56,56121,NORMANDIE ( BD ET IMP DE ),47.76008,-3.36617,Plein jour,En agglomération,Giratoire,Normale,Deux véhicules - arrière,4,1,1,0,1,2,1,5,1,30,,2,1,0,0,1,62.0,23.0,,,1,2,6,1,2
202100006641,2021-11-22 00:05:00,2021,11,22,0,5,56,56107,MOULIN (RUE DU VIEUX),47.7153,-3.38783,Nuit avec éclairage allumé,En agglomération,Hors intersection,Pluie légère,Autre collision,4,2,2,0,2,1,2,0,4,50,,4,0,0,0,4,18.0,,,,5,2,1,2,6
202100006642,2021-11-22 14:10:00,2021,11,22,14,10,54,54395,AUSTRASIE (BOULEVARD),48.69450797,6.1973970758,Plein jour,En agglomération,Intersection en T,Normale,Deux véhicules - frontale,4,2,2,0,1,1,1,0,1,50,,2,1,0,1,0,24.0,30.0,,,1,2,3,1,1
202100006643,2021-11-08 08:45:00,2021,11,8,8,45,54,54547,JAURES (AVENUE JEAN),48.6617774675,6.1611409766,Plein jour,En agglomération,Intersection en X,Normale,Deux véhicules - côté,4,2,2,0,1,1,1,0,1,50,,2,1,0,0,1,32.0,43.0,,,1,2,2,1,3
202100006644,2021-11-23 10:55:00,2021,11,23,10,55,52,52121,REPUBLIQUE (AVENUE),48.10459,5.14296,Plein jour,En agglomération,Hors intersection,Normale,Autre collision,3,-1,2,0,1,1,1,9,1,50,,2,1,0,0,1,24.0,,,,1,2,1,1,6
202100006645,2021-11-23 14:30:00,2021,11,23,14,30,51,51454,Place Drouet d’Erlon,49.2550217198,4.0272966027,Plein jour,En agglomération,Giratoire,Normale,Sans collision,4,2,2,0,1,2,1,6,1,30,,2,1,0,0,1,38.0,,,,1,2,6,1,7
202100006646,2021-11-23 07:45:00,2021,11,23,7,45,51,51454,Avenue de l’Europe,49.2544428316,4.0617066622,Plein jour,En agglomération,Hors intersection,Normale,Sans collision,4,2,2,0,1,1,1,0,1,50,,2,1,0,0,1,42.0,,,,1,2,1,1,7
202100006647,2021-11-22 09:50:00,2021,11,22,9,50,50,50173,SALINE (BOULEVARD DE LA),49.65639,-1.65372,Plein jour,En agglomération,Hors intersection,Normale,Autre collision,3,3,4,0,1,1,2,0,1,70,,2,1,1,0,0,46.0,62.0,,,1,2,1,1,6
202100006648,2021-11-22 08:50:00,2021,11,22,8,50,50,50129,MILLET (AVENUE JEAN-FRANCOIS),49.63344,-1.61706,Plein jour,En agglomération,Hors intersection,Pluie légère,Deux véhicules - côté,3,3,4,0,1,1,2,0,1,50,,2,1,0,0,1,15.0,58.0,,,1,2,1,2,3
202100006649,2021-11-20 12:20:00,2021,11,20,12,20,50,50129,Rue Colin,49.632685,-1.6114853,Plein jour,En agglomération,Hors intersection,Normale,Autre collision,4,2,2,0,1,1,1,0,1,30,,2,1,0,1,0,63.0,,,,1,2,1,1,6
202100006650,2021-11-21 18:30:00,2021,11,21,18,30,49,49099,MAUDET(AVENUE),47.05774,-0.8796,Nuit avec éclairage allumé,En agglomération,Hors intersection,Pluie légère,Sans collision,4,2,2,0,1,3,2,0,1,50,,1,0,0,0,1,65.0,,,,5,2,1,2,7
202100006651,2021-11-18 21:43:00,2021,11,18,21,43,49,49007,HAUTE CHAINE PORTE,47.47806,-0.55505,Nuit sans éclairage public,En agglomération,Hors intersection,Normale,Deux véhicules - arrière,4,2,3,0,1,1,1,0,1,50,,2,1,0,0,1,24.0,20.0,,,3,2,1,1,2
202100006652,2021-11-22 18:40:00,2021,11,22,18,40,49,49007,Boulevard Jacques Portet,47.451299,-0.561788,Nuit avec éclairage allumé,En agglomération,Hors intersection,Normale,Deux véhicules - arrière,4,2,4,0,1,1,1,0,1,50,,2,1,0,0,1,28.0,26.0,,,5,2,1,1,2
202100006653,2021-11-22 04:37:00,2021,11,22,4,37,49,49007,PYRAMIDE ROUTE,47.4483770878,-0.5115090609,Nuit avec éclairage allumé,En agglomération,Intersection en X,Normale,Deux véhicules - côté,4,2,2,0,1,1,1,0,1,50,,2,1,0,0,1,46.0,40.0,,,5,2,2,1,3
202100006654,2021-11-21 11:12:00,2021,11,21,11,12,49,49246,ROC EST,47.437493,-0.50972,Plein jour,En agglomération,Hors intersection,Normale,Sans collision,1,1,1,0,1,1,1,0,1,70,,1,0,0,0,1,28.0,,,,1,2,1,1,7
202100006655,2021-11-23 18:20:00,2021,11,23,18,20,45,45286,THINAT (PONT RENE),47.89417,1.92167,Nuit avec éclairage allumé,En agglomération,Autre intersection,Normale,Deux véhicules - frontale,4,2,4,0,1,1,1,2,1,70,,2,1,0,1,0,36.0,20.0,,,5,2,9,1,1
202100006656,2021-11-23 12:20:00,2021,11,23,12,20,45,45234,DUBOIS (RUE MAURICE DUBOIS),47.9226406455,1.8956780434,Plein jour,En agglomération,Intersection en X,Normale,Deux véhicules - côté,4,1,1,0,1,1,1,0,1,50,,2,1,0,0,1,55.0,28.0,,,1,2,2,1,3
202100006657,2021-11-22 16:35:00,2021,11,22,16,35,45,45147,Rue André Dessaux,47.92661,1.89901,Plein jour,En agglomération,Intersection en T,Normale,Deux véhicules - côté,3,2,2,0,1,1,1,0,1,50,,2,1,0,0,1,,39.0,,,1,2,3,1,3
202100006658,2021-11-23 21:40:00,2021,11,23,21,40,44,44109,BOULEVARD JEAN PHILIPPOT,47.21262,-1.55414,Nuit avec éclairage allumé,En agglomération,Autre intersection,Normale,Deux véhicules - côté,4,3,2,2,1,1,1,9,6,30,,2,0,0,0,2,36.0,43.0,,,5,2,9,1,3
202100006659,2021-11-22 19:20:00,2021,11,22,19,20,42,42207,Rue Jean Rivaud,45.46428,4.49847,Nuit avec éclairage allumé,En agglomération,Hors intersection,Pluie légère,Deux véhicules - frontale,7,2,2,0,2,1,2,0,1,50,,4,0,0,0,4,81.0,76.0,,,5,2,1,2,1
202100006660,2021-11-23 19:30:00,2021,11,23,19,30,42,42095,Boulevard Fayol,45.38907,4.29523,Nuit avec éclairage allumé,Hors agglomération,Hors intersection,Normale,Trois véhicules et plus - collisions multiples,7,2,2,0,2,1,1,0,4,50,,4,3,0,0,1,37.0,49.0,,,5,1,1,1,5
202100006661,2021-11-23 19:55:00,2021,11,23,19,55,37,37195,PATYS (RUE DES),47.3785590135,0.6320535724,Nuit avec éclairage allumé,En agglomération,Hors intersection,Normale,Sans collision,4,2,2,0,1,3,1,0,8,50,,1,0,0,0,1,68.0,,,,5,2,1,1,7
202100006662,2021-11-23 10:25:00,2021,11,23,10,25,37,37122,GITONNIERE (RUE DE LA),47.3383663327,0.6552558192,Plein jour,En agglomération,Hors intersection,Normale,Deux véhicules - frontale,4,2,2,0,1,1,1,0,1,30,,3,1,0,0,2,56.0,74.0,,,1,2,1,1,1
202100006663,2021-07-15 20:50:00,2021,7,15,20,50,35,35288,CARTIER (AVENUE DES PORTES),48.662652,-1.985222,Plein jour,En agglomération,Intersection en X,Normale,Deux véhicules - côté,4,2,2,-1,1,1,1,0,1,50,,2,1,0,1,0,28.0,51.0,,,1,2,2,1,3
202100006664,2021-11-22 19:10:00,2021,11,22,19,10,35,35238,RN136,48.11508,-1.71895,Nuit sans éclairage public,Hors agglomération,Hors intersection,Normale,Trois véhicules et plus - en chaîne,2,3,5,0,1,1,1,0,1,90,,6,5,0,0,1,28.0,30.0,,,3,1,1,1,4
202100006665,2021-11-21 20:00:00,2021,11,21,20,0,34,34172,8 MAI 1945 (PLACE DU),43.60166,3.86805,Nuit avec éclairage allumé,En agglomération,Intersection en X,Normale,Deux véhicules - côté,4,1,1,0,1,1,1,0,1,30,,2,0,0,2,0,28.0,34.0,,,5,2,2,1,3
202100006666,2021-11-22 17:00:00,2021,11,22,17,0,33,33522,Rue Blumerel,44.80314,-0.58269,Plein jour,En agglomération,Intersection en T,Normale,Deux véhicules - côté,4,2,2,0,1,1,1,0,1,50,,2,1,0,0,1,14.0,21.0,,,1,2,3,1,3
202100006667,2021-11-22 21:00:00,2021,11,22,21,0,33,33063,QUAI LOUIS XVIII,44.84654,-0.57081,Nuit avec éclairage allumé,En agglomération,Intersection en T,Normale,Autre collision,4,3,4,3,1,1,1,0,1,50,,1,0,0,1,0,55.0,,,,5,2,3,1,6
202100006668,2021-11-22 19:10:00,2021,11,22,19,10,33,33281,Avenue du Maréchal Leclerc,44.83298,-0.6479,Nuit avec éclairage allumé,En agglomération,Intersection en X,Normale,Deux véhicules - côté,4,3,4,3,1,1,1,-1,1,50,,2,1,0,0,1,88.0,47.0,,,5,2,2,1,3
202100006669,2021-11-21 12:30:00,2021,11,21,12,30,33,33192,Rue de la Croix de Monjous,44.77465,-0.59719,Plein jour,En agglomération,Intersection en X,Normale,Deux véhicules - côté,4,1,1,1,1,1,1,5,1,50,,2,0,0,0,2,49.0,26.0,,,1,2,2,1,3
202100006670,2021-11-23 10:50:00,2021,11,23,10,50,33,33529,RD1250 (BONNEVAL - LA HUME) - Z.A.,44.61776,-1.1336,Plein jour,En agglomération,Hors intersection,Normale,Trois véhicules et plus - collisions multiples,2,2,2,0,1,1,1,0,1,80,,3,2,0,1,0,45.0,21.0,,,1,2,1,1,5
202100006671,2021-11-23 23:30:00,2021,11,23,23,30,31,31555,VA007342 LA CEPIERE  A620 Sortie 27,43.60278,1.39975,Nuit sans éclairage public,En agglomération,Hors intersection,Pluie légère,Trois véhicules et plus - en chaîne,1,1,4,0,3,3,2,0,1,90,,3,2,0,0,1,22.0,41.0,,,3,2,1,2,4
202100006672,2021-11-23 20:20:00,2021,11,23,20,20,31,31555,RTE DE REVEL,43.57142,1.498328,Nuit avec éclairage allumé,En agglomération,Intersection en X,Pluie légère,Deux véhicules - côté,7,-1,2,0,1,1,2,5,1,50,,2,0,0,0,2,28.0,35.0,,,5,2,2,2,3
202100006673,2021-11-23 20:50:00,2021,11,23,20,50,31,31555,PL DU DR JOSEPH BAYLAC,43.60791,1.397395,Nuit avec éclairage allumé,En agglomération,Hors intersection,Pluie légère,Deux véhicules - arrière,4,3,3,0,1,1,2,9,1,50,,2,0,0,0,2,58.0,17.0,,,5,2,1,2,2
202100006674,2021-11-23 17:20:00,2021,11,23,17,20,31,31555,CHE DE MOULIS,43.6639167304,1.4325664937,Nuit avec éclairage allumé,En agglomération,Hors intersection,Normale,Trois véhicules et plus - en chaîne,7,2,2,0,1,1,1,0,1,50,,3,2,0,1,0,23.0,31.0,,,5,2,1,1,4
202100006675,2021-11-23 15:40:00,2021,11,23,15,40,31,31483,FRANCOIS MITTERAND ( AVENUE),43.11262,0.7503,Plein jour,En agglomération,Hors intersection,Temps couvert,Sans collision,3,2,5,0,1,1,1,9,1,50,,1,0,0,1,0,55.0,,,,1,2,1,8,7
202100006676,2021-11-23 08:10:00,2021,11,23,8,10,29,29232,Giratoire Croix des Gardiens,48.01037,-4.09592,Nuit avec éclairage allumé,En agglomération,Giratoire,Normale,Deux véhicules - arrière,4,1,2,0,1,1,1,5,1,50,,2,1,0,0,1,57.0,14.0,,,5,2,6,1,2
202100006677,2021-11-23 07:38:00,2021,11,23,7,38,29,29232,Rue Saint Julien,47.992659719,-4.089435339,Nuit sans éclairage public,En agglomération,Intersection en T,Normale,Deux véhicules - frontale,4,2,2,0,2,1,1,0,1,50,,2,1,0,0,1,51.0,53.0,,,3,2,3,1,1