accident_id,datetime,annee,mois,jour,heure,minute,departement,commune_insee,adresse,latitude,longitude,luminosite,agglomeration,intersection,meteo,collision,catr,circ,nbv,vosp,prof,plan,surf,infra,situ,vma,nb_vehicules,nb_usagers,nb_indemnes,nb_tues,nb_blesses_hosp,nb_blesses_legers,age_cond_1,age_cond_2,veh_type_cond_1,veh_type_cond_2,lum_code,agg_code,int_code,atm_code,col_code
202100006678,2021-11-22 09:05:00,2021,11,22,9,5,29,29039,RD 783,47.87858,-3.90266,Plein jour,Hors agglomération,Intersection en T,Temps éblouissant,Deux véhicules - arrière,3,2,3,0,1,1,2,5,1,50,,2,1,0,0,1,84.0,47.0,,,1,1,3,7,2
202100006679,2021-11-22 08:00:00,2021,11,22,8,0,29,29019,Boulevard de l’Europe,48.41306,-4.5002,Crépuscule ou aube,En agglomération,Intersection en X,Normale,Deux véhicules - frontale,4,-1,2,0,1,1,1,0,1,50,,2,1,0,0,1,25.0,28.0,,,2,2,2,1,1
202100006680,2021-11-13 20:38:00,2021,11,13,20,38,29,29019,Rue de Gouesnou,48.41275,-4.46844,Nuit avec éclairage allumé,En agglomération,Intersection en Y,Normale,Deux véhicules - frontale,4,2,2,0,1,1,1,5,1,50,,3,1,0,0,2,20.0,21.0,,,5,2,4,1,1
202100006681,2021-11-22 21:10:00,2021,11,22,21,10,27,27375,RD313,49.23376106,1.1418453,Nuit sans éclairage public,Hors agglomération,Hors intersection,Normale,Autre collision,3,2,2,0,2,2,1,0,3,80,,1,0,0,0,1,22.0,,,,3,1,1,1,6
202100006682,2021-11-22 20:10:00,2021,11,22,20,10,27,27229,EIFFEL (PONT),49.01946,1.15452,Nuit avec éclairage allumé,En agglomération,Intersection en X,Pluie légère,Autre collision,4,-1,2,0,2,1,2,0,1,50,,1,0,0,0,1,37.0,,,,5,2,2,2,6
202100006683,2021-11-09 19:00:00,2021,11,9,19,0,26,26252,375 Avenue du Port,44.878265,4.869392,Nuit sans éclairage public,Hors agglomération,Hors intersection,Normale,Deux véhicules - frontale,4,2,1,0,2,2,1,0,1,70,,2,1,0,0,1,44.0,34.0,,,3,1,1,1,1
202100006684,2021-10-05 00:10:00,2021,10,5,0,10,25,25388,LECLERC (RUE DU GENERAL),47.51399,6.79698,Nuit avec éclairage allumé,En agglomération,Intersection en Y,Pluie légère,Deux véhicules - côté,4,2,2,0,1,1,2,9,1,50,,4,3,0,0,1,21.0,22.0,,,5,2,4,2,3
202100006685,2021-11-23 18:10:00,2021,11,23,18,10,25,25056,OUEST BOULEVARD,47.26741,6.00333,Nuit sans éclairage public,Hors agglomération,Hors intersection,Normale,Deux véhicules - arrière,2,3,6,0,1,1,1,0,6,90,,3,1,0,0,2,20.0,66.0,,,3,1,1,1,2
202100006686,2021-11-22 17:55:00,2021,11,22,17,55,25,25056,BLUM BOULEVARD LEON (sup 90),47.26368,6.04516,Nuit avec éclairage allumé,En agglomération,Hors intersection,Normale,Autre collision,4,3,4,0,1,1,2,0,1,50,,2,1,0,0,1,,,,,5,2,1,1,6
202100006687,2021-11-22 06:20:00,2021,11,22,6,20,22,22360,ROND POINT DE BREZILLET,48.4930924008,-2.7621946335,Nuit avec éclairage allumé,En agglomération,Giratoire,Pluie légère,Deux véhicules - arrière,3,1,2,0,1,2,2,5,1,50,,2,1,0,0,1,21.0,23.0,,,5,2,6,2,2
202100006688,2021-11-12 13:35:00,2021,11,12,13,35,18,18279,BARA (RUE),47.23356,2.04499,Plein jour,En agglomération,Intersection en X,Normale,Deux véhicules - côté,4,2,2,0,1,1,1,0,1,50,,2,1,0,1,0,17.0,53.0,,,1,2,2,1,3
202100006689,2021-11-21 20:34:00,2021,11,21,20,34,17,17028,GAULLE   AVENUE DU GENERAL DE,46.12777,-1.1149,Nuit sans éclairage public,Hors agglomération,Hors intersection,Pluie légère,Deux véhicules - côté,4,2,2,0,1,1,2,9,1,50,,2,1,0,1,0,20.0,51.0,,,3,1,1,2,3
202100006690,2021-11-23 16:04:00,2021,11,23,16,4,14,14327,VALEUSE (AVENUE DE LA),49.20017,-0.34457,Plein jour,En agglomération,Giratoire,Temps éblouissant,Deux véhicules - côté,2,-1,1,1,1,3,1,3,5,50,,2,1,0,1,0,59.0,24.0,,,1,2,6,7,3
202100006691,2021-11-23 10:30:00,2021,11,23,10,30,14,14101,Route Nationale 814,49.18562,-0.42493,Plein jour,Hors agglomération,Autre intersection,Normale,Deux véhicules - arrière,2,3,4,0,1,1,1,0,8,110,,2,1,0,0,1,64.0,30.0,,,1,1,9,1,2
202100006692,2021-11-21 13:25:00,2021,11,21,13,25,14,14437,ECHANGEUR N° 16 ( PAYS D ' AUGE ),49.16584,-0.30411,Plein jour,Hors agglomération,Hors intersection,Pluie légère,Autre collision,2,1,2,0,1,1,2,0,1,70,,1,0,0,0,1,18.0,,,,1,1,1,2,6
202100006693,2021-10-08 09:00:00,2021,10,8,9,0,30,30032,D 90,43.81375,4.61098,Plein jour,Hors agglomération,Intersection en T,Normale,Deux véhicules - côté,3,2,2,0,2,1,1,0,1,80,,2,1,0,1,0,33.0,18.0,,,1,1,3,1,3
202100006694,2021-11-23 18:30:00,2021,11,23,18,30,13,13103,RUE AURELIENNE,43.63,5.08,Nuit avec éclairage allumé,En agglomération,Autre intersection,Normale,Deux véhicules - côté,7,2,2,0,1,1,1,0,1,50,,1,0,0,0,1,50.0,,,,5,2,9,1,3
202100006695,2021-11-23 17:50:00,2021,11,23,17,50,13,13212,CHARLES KADDOUZ (RUE),43.3150113384,5.4335890989,Nuit avec éclairage allumé,En agglomération,Hors intersection,Normale,Trois véhicules et plus - en chaîne,4,2,2,0,1,1,1,0,1,50,,2,0,0,0,2,46.0,38.0,,,5,2,1,1,4
202100006696,2021-11-23 13:45:00,2021,11,23,13,45,13,13203,CHARLES NEDELEC (BOULEVARD),43.30181,5.37582,Plein jour,En agglomération,Hors intersection,Normale,Deux véhicules - frontale,4,2,2,0,2,1,1,0,1,50,,2,1,0,1,0,19.0,,,,1,2,1,1,1
202100006697,2021-11-23 13:06:00,2021,11,23,13,6,13,13210,ARTHUR SCOTT (AVENUE),43.282,5.393,Plein jour,En agglomération,Hors intersection,Normale,Deux véhicules - frontale,4,1,2,0,2,1,1,1,1,50,,1,0,0,0,1,57.0,,,,1,2,1,1,1
202100006698,2021-11-23 09:07:00,2021,11,23,9,7,13,13216,ANDRÉ ROUSSIN (AVENUE),43.35934,5.33814,Plein jour,En agglomération,Hors intersection,Normale,Deux véhicules - frontale,7,1,1,0,1,1,1,0,1,50,,2,1,0,0,1,31.0,,,,1,2,1,1,1
202100006699,2021-11-23 03:01:00,2021,11,23,3,1,13,13201,FRANKLIN ROOSEVELT (COURS)   1 A 37,43.29902,5.38813,Nuit avec éclairage allumé,En agglomération,Intersection en X,Normale,Deux véhicules - côté,4,2,2,0,2,1,1,5,1,50,,2,1,0,0,1,22.0,,,,5,2,2,1,3
202100006700,2021-11-22 16:30:00,2021,11,22,16,30,13,13213,SAINT JUST (AVENUE DE),43.31737,5.40566,Plein jour,En agglomération,Intersection en T,Normale,Deux véhicules - arrière,4,2,2,0,1,1,1,0,1,50,,2,1,0,0,1,,42.0,,,1,2,3,1,2
202100006701,2021-11-22 10:45:00,2021,11,22,10,45,13,13063,COUP PERDU CHEMIN DU,43.581277708,5.0066342735,Plein jour,En agglomération,Autre intersection,Normale,Deux véhicules - côté,4,2,2,0,1,1,1,0,1,50,,3,0,0,0,3,27.0,78.0,,,1,2,9,1,3
202100006702,2021-11-23 14:00:00,2021,11,23,14,0,13,13001,GARDANNE (ROUTE DE ),43.483173,5.415467,Plein jour,Hors agglomération,Autre intersection,Normale,Deux véhicules - côté,7,2,2,0,1,1,1,0,1,70,,3,2,0,0,1,24.0,28.0,,,1,1,9,1,3
202100006703,2021-11-22 21:40:00,2021,11,22,21,40,13,13001,ENFANT (RTE DE L'),43.48854,5.38743,Nuit avec éclairage allumé,En agglomération,Intersection en X,Normale,Deux véhicules - côté,4,2,2,0,1,1,1,0,1,50,,3,1,0,0,2,26.0,22.0,,,5,2,2,1,3
202100006704,2021-11-19 15:50:00,2021,11,19,15,50,11,11262,CREISSEL (BOULEVARD DE),43.18048,3.03001,Plein jour,En agglomération,Intersection en T,Normale,Deux véhicules - côté,4,1,2,0,1,1,1,9,1,50,,2,1,0,0,1,22.0,62.0,,,1,2,3,1,3
202100006705,2021-11-22 18:10:00,2021,11,22,18,10,11,11069,Avenue du Président Franklin Roosevelt ,43.22563,2.3323,Nuit avec éclairage allumé,En agglomération,Hors intersection,Normale,Autre collision,4,3,4,0,1,1,1,0,1,50,,2,1,0,0,1,51.0,,,,5,2,1,1,6
202100006706,2021-11-21 20:15:00,2021,11,21,20,15,10,10387,LOMBARDS (AVENUE),48.26882,4.08525,Nuit avec éclairage allumé,En agglomération,Intersection en T,Pluie légère,Deux véhicules - côté,4,2,2,0,1,1,2,0,1,50,,3,2,0,0,1,39.0,19.0,,,5,2,3,2,3
202100006707,2021-11-22 19:00:00,2021,11,22,19,0,09,09122,LAKANAL (AVENUE),42.9556150444,1.6007114947,Nuit avec éclairage allumé,En agglomération,Intersection en X,Normale,Deux véhicules - côté,4,2,2,0,2,1,1,5,1,50,,2,0,0,0,2,68.0,20.0,,,5,2,2,1,3
202100006708,2021-11-22 18:20:00,2021,11,22,18,20,09,09122,LERIDA (AVENUE DE),42.965499,1.60063,Nuit avec éclairage allumé,En agglomération,Autre intersection,Temps couvert,Autre collision,3,1,1,0,2,2,2,0,1,50,,2,1,0,0,1,61.0,,,,5,2,9,8,6
202100006709,2021-11-22 17:45:00,2021,11,22,17,45,07,07102,Route departementale 96 ,44.9239,4.8596,Nuit avec éclairage allumé,En agglomération,Giratoire,Normale,Deux véhicules - côté,3,1,2,0,1,2,1,0,1,50,,2,1,0,0,1,46.0,28.0,,,5,2,6,1,3
202100006710,2021-11-22 13:13:00,2021,11,22,13,13,06,06083,"SOLEIL (PROMENADE DU, N° 850 A 960)",43.771666,7.4969397,Plein jour,En agglomération,Intersection en T,Normale,Deux véhicules - côté,3,2,2,0,1,1,1,0,1,30,,2,0,0,0,2,37.0,20.0,,,1,2,3,1,3
202100006711,2021-11-23 17:50:00,2021,11,23,17,50,06,06069,FRAGONARD (BOULEVARD ET IMPASSE),43.657415,6.923286,Nuit avec éclairage allumé,En agglomération,Hors intersection,Normale,Autre collision,3,2,2,0,2,1,1,0,1,50,,2,1,0,0,1,78.0,,,,5,2,1,1,6
202100006712,2021-11-20 19:45:00,2021,11,20,19,45,06,06069,DRAGUIGNAN (ROUTE DE) - D2562-,43.645199,6.894583,Nuit avec éclairage allumé,Hors agglomération,Hors intersection,Normale,Autre collision,3,2,2,0,1,4,1,0,1,50,,1,0,0,0,1,75.0,,,,5,1,1,1,6
202100006713,2021-11-20 16:45:00,2021,11,20,16,45,05,05061,RD944,44.59319,6.09076,Plein jour,Hors agglomération,Hors intersection,Normale,Autre collision,3,2,2,0,2,3,1,0,3,90,,1,0,0,0,1,26.0,,,,1,1,1,1,6
202100006714,2021-11-20 03:55:00,2021,11,20,3,55,05,05061,ST JEAN ( ROUTE DE ),44.53743,6.05291,Nuit avec éclairage allumé,En agglomération,Intersection en Y,Normale,Autre collision,2,2,2,0,2,1,1,0,3,50,,1,0,0,0,1,32.0,,,,5,2,4,1,6
202100006715,2021-11-22 21:25:00,2021,11,22,21,25,03,03321,49 Rue Parmentier,46.55822,3.3503,Nuit avec éclairage allumé,En agglomération,Hors intersection,Normale,Autre collision,4,2,0,0,3,1,1,0,1,50,,2,1,0,1,0,33.0,,,,5,2,1,1,6
202100006716,2021-11-23 16:50:00,2021,11,23,16,50,75,75114,PORTE DE GENTILLY,48.816851,2.33621,Plein jour,En agglomération,Hors intersection,Normale,Deux véhicules - arrière,4,1,2,0,1,3,1,0,1,70,,2,1,0,0,1,82.0,25.0,,,1,2,1,1,2
202100006717,2021-11-22 09:30:00,2021,11,22,9,30,75,75112,PORTE DE CHARENTON,48.830927,2.402991,Plein jour,En agglomération,Hors intersection,Normale,Trois véhicules et plus - en chaîne,4,1,4,1,1,1,1,0,1,70,,3,2,0,0,1,35.0,29.0,,,1,2,1,1,4
202100006718,2021-11-23 11:49:00,2021,11,23,11,49,75,75104,PONT DE SULLY,48.850817,2.361436,Plein jour,En agglomération,Intersection en X,Normale,Deux véhicules - côté,4,2,3,2,1,1,1,-1,5,30,,2,1,0,1,0,57.0,49.0,,,1,2,2,1,3
202100006719,2021-11-22 20:35:00,2021,11,22,20,35,75,75119,AVENUE JEAN JAURES,48.887796,2.389278,Nuit avec éclairage allumé,En agglomération,Intersection en X,Normale,Deux véhicules - côté,4,2,5,1,1,1,1,0,1,30,,2,1,0,0,1,24.0,66.0,,,5,2,2,1,3
202100006720,2021-11-23 16:00:00,2021,11,23,16,0,75,75118,BOULEVARD ORNANO,48.894944,2.346876,Plein jour,En agglomération,Hors intersection,Normale,Autre collision,4,3,4,0,1,1,1,0,1,30,,2,0,0,0,2,47.0,,,,1,2,1,1,6
202100006721,2021-11-23 10:30:00,2021,11,23,10,30,75,75116,AVENUE DE LA PORTE D AUTEUIL,48.848077,2.253119,Plein jour,En agglomération,Intersection en X,Normale,Deux véhicules - côté,4,1,3,0,1,1,1,0,1,50,,2,1,0,0,1,,34.0,,,1,2,2,1,3
202100006722,2021-11-22 20:00:00,2021,11,22,20,0,75,75116,AVENUE PAUL DOUMER,48.858773,2.276111,Nuit avec éclairage allumé,En agglomération,Hors intersection,Normale,Deux véhicules - arrière,4,2,2,0,1,1,1,0,1,30,,2,1,0,0,1,50.0,49.0,,,5,2,1,1,2
202100006723,2021-11-23 19:50:00,2021,11,23,19,50,75,75114,RUE FROIDEVAUX,48.83582,2.328125,Nuit avec éclairage allumé,En agglomération,Hors intersection,Normale,Autre collision,4,2,4,1,2,1,1,-1,5,30,,2,1,0,0,1,34.0,,,,5,2,1,1,6
202100006724,2021-11-22 12:00:00,2021,11,22,12,0,75,75107,AVENUE DE SUFFREN,48.851571,2.300266,Plein jour,En agglomération,Intersection en T,Normale,Deux véhicules - côté,4,2,2,0,1,1,1,0,1,30,,2,1,0,0,1,,23.0,,,1,2,3,1,3
202100006725,2021-11-23 18:45:00,2021,11,23,18,45,75,75113,BOULEVARD AUGUSTE BLANQUI,48.830677,2.344636,Nuit avec éclairage allumé,En agglomération,Hors intersection,Normale,Autre collision,4,1,1,1,2,1,1,0,1,30,,2,1,0,0,1,36.0,,,,5,2,1,1,6
202100006726,2021-11-22 12:29:00,2021,11,22,12,29,75,75108,BOULEVARD HAUSSMANN,48.87378,2.327027,Plein jour,En agglomération,Intersection à plus de 4 branches,Normale,Deux véhicules - arrière,4,1,2,0,1,1,1,0,1,50,,2,1,0,0,1,39.0,,,,1,2,5,1,2
202100006727,2021-11-23 16:05:00,2021,11,23,16,5,75,75103,RUE DES TOURNELLES,48.857717,2.367375,Plein jour,En agglomération,Intersection en X,Normale,Deux véhicules - arrière,4,1,1,0,1,1,1,0,1,30,,2,1,0,0,1,64.0,38.0,,,1,2,2,1,2
202100006728,2021-11-14 21:15:00,2021,11,14,21,15,94,94041,9 Avenue Spinoza,48.812524,2.389315,Nuit avec éclairage allumé,En agglomération,Hors intersection,Normale,Autre collision,4,1,1,0,1,1,1,0,1,50,,2,1,0,0,1,53.0,55.0,,,5,2,1,1,6
202100006729,2021-11-23 09:10:00,2021,11,23,9,10,94,94041,Rue Claude Guy,48.80864,2.38754,Plein jour,En agglomération,Intersection en T,Temps éblouissant,Autre collision,4,1,2,0,1,1,1,0,1,50,,2,1,0,1,0,46.0,,,,1,2,3,7,6
202100006730,2021-11-22 11:50:00,2021,11,22,11,50,94,94041,Avenue de Verdun,48.81236,2.37064,Plein jour,En agglomération,Hors intersection,Normale,Deux véhicules - arrière,3,1,1,0,1,1,1,0,1,50,,2,1,0,0,1,57.0,43.0,,,1,2,1,1,2
202100006731,2021-11-22 15:00:00,2021,11,22,15,0,94,94017,Rue Alexandre Fourny,48.81925,2.51474,Plein jour,En agglomération,Intersection en X,Normale,Deux véhicules - côté,4,2,2,0,2,1,1,0,1,30,,2,1,0,0,1,30.0,46.0,,,1,2,2,1,3
202100006732,2021-11-23 14:40:00,2021,11,23,14,40,93,93072,PAUL VAILLANT COUTURIER (AVENUE) COTE N°,48.95385,2.38237,Plein jour,En agglomération,Hors intersection,Normale,Deux véhicules - côté,4,2,2,0,1,1,1,0,1,30,,2,1,0,0,1,38.0,41.0,,,1,2,1,1,3
202100006733,2021-11-23 17:15:00,2021,11,23,17,15,93,93077,GRANDE RUE,48.88261,2.51816,Nuit avec éclairage allumé,En agglomération,Intersection en X,Normale,Deux véhicules - côté,3,2,2,0,1,1,1,0,1,50,,2,1,0,0,1,18.0,29.0,,,5,2,2,1,3
202100006734,2021-11-23 09:05:00,2021,11,23,9,5,93,93055,HOCHE,48.89402,2.40175,Plein jour,En agglomération,Hors intersection,Normale,Deux véhicules - côté,3,2,2,0,1,1,1,0,1,30,,2,1,0,0,1,38.0,30.0,,,1,2,1,1,3
202100006735,2021-11-23 09:12:00,2021,11,23,9,12,93,93050,MARECHAL LECLERCQ (AVENUE) COTE PAIR,48.8594540353,2.5373362005,Plein jour,En agglomération,Intersection en T,Normale,Deux véhicules - côté,3,-1,2,0,1,1,1,0,1,50,,2,1,0,0,1,47.0,31.0,,,1,2,3,1,3
202100006736,2021-11-23 17:49:00,2021,11,23,17,49,92,92050,boulevard Aimé Césaire,48.8933822778,2.2272768617,Nuit avec éclairage allumé,En agglomération,Intersection en Y,Normale,Deux véhicules - côté,3,1,2,0,1,2,1,0,1,50,,2,1,0,0,1,30.0,45.0,,,5,2,4,1,3
202100006737,2021-11-22 20:11:00,2021,11,22,20,11,92,92020,LIBERTE BOULEVARD DE LA N° IMPAIRS,48.8029640077,2.2903442695,Nuit avec éclairage allumé,En agglomération,Intersection en X,Normale,Deux véhicules - frontale,3,2,2,0,1,1,1,0,1,30,,3,1,1,1,0,25.0,17.0,,,5,2,2,1,1
202100006738,2021-11-23 20:15:00,2021,11,23,20,15,92,92048,REPUBLIQUE (RUE DE LA) N° 47 A 85,48.8060036976,2.2357660532,Nuit avec éclairage allumé,En agglomération,Hors intersection,Normale,Sans collision,3,2,0,1,1,1,1,0,1,50,,1,0,0,0,1,17.0,,,,5,2,1,1,7
202100006739,2021-11-22 22:40:00,2021,11,22,22,40,92,92044,BAUDIN (RUE) 27A83 ET 36 A84,48.8965749044,2.2809787095,Nuit avec éclairage allumé,En agglomération,Intersection en X,Normale,Deux véhicules - côté,3,1,4,3,1,1,1,0,1,50,,2,1,0,0,1,33.0,31.0,,,5,2,2,1,3
202100006740,2021-11-22 18:35:00,2021,11,22,18,35,92,92025,CHARLES DE GAULLE (BD),48.91831,2.22395,Nuit sans éclairage public,En agglomération,Intersection en X,Normale,Deux véhicules - frontale,3,3,4,0,1,1,1,4,1,50,,2,1,0,0,1,49.0,61.0,,,3,2,2,1,1
202100006741,2021-11-21 01:10:00,2021,11,21,1,10,92,92024,CLICHY (QUAI DE) DE (8 A 60),48.90854,2.30013,Nuit avec éclairage allumé,En agglomération,Intersection en X,Autre,Deux véhicules - côté,3,2,4,0,1,1,9,0,1,50,,2,1,0,0,1,36.0,50.0,,,5,2,2,9,3
202100006742,2021-11-23 20:15:00,2021,11,23,20,15,92,92023,HENRI BARBUSSE (AVENUE),48.81565,2.256066,Nuit avec éclairage allumé,En agglomération,Intersection en T,Normale,Deux véhicules - côté,3,2,2,0,2,1,1,0,1,50,,2,1,0,0,1,27.0,41.0,,,5,2,3,1,3
202100006743,2021-11-23 19:35:00,2021,11,23,19,35,92,92012,ANDRE MORIZET (AVENUE) 1/47 - 2/52,48.8350194307,2.2412887216,Nuit avec éclairage allumé,En agglomération,Intersection en X,Normale,Autre collision,3,2,2,0,1,1,1,0,1,50,,2,1,0,0,1,26.0,,,,5,2,2,1,6
202100006744,2021-11-23 00:10:00,2021,11,23,0,10,92,92012,PIERRE GRENIER (AVENUE),48.8260013041,2.2488431633,Nuit avec éclairage allumé,En agglomération,Hors intersection,Normale,Deux véhicules - côté,4,2,3,3,1,1,1,0,6,50,,2,1,0,0,1,40.0,32.0,,,5,2,1,1,3
202100006745,2021-11-23 08:50:00,2021,11,23,8,50,92,92002,ARISTIDE BRIAND (AVENUE),48.75681,2.30636,Plein jour,En agglomération,Intersection en T,Normale,Deux véhicules - côté,3,2,2,1,1,1,1,0,1,50,,2,1,0,0,1,42.0,32.0,,,1,2,3,1,3
202100006746,2021-11-24 21:00:00,2021,11,24,21,0,974,97422,381 Chemin Champcourt,-21.26481,55.504684,Nuit avec éclairage allumé,En agglomération,Hors intersection,Normale,Deux véhicules - frontale,4,2,2,0,2,2,1,0,1,50,,2,1,0,1,0,16.0,22.0,,,5,2,1,1,1
202100006747,2021-11-20 01:00:00,2021,11,20,1,0,01,01353,D28,45.957206,4.801798,Nuit sans éclairage public,Hors agglomération,Intersection en Y,Normale,Deux véhicules - arrière,3,2,2,0,1,1,1,5,1,80,,2,1,0,0,1,27.0,57.0,,,3,1,4,1,2
202100006748,2021-11-24 17:50:00,2021,11,24,17,50,68,68253,RD52,47.777146,7.516193,Nuit avec éclairage allumé,Hors agglomération,Intersection en X,Normale,Trois véhicules et plus - en chaîne,1,2,2,0,2,1,1,3,1,70,,3,1,0,0,2,23.0,56.0,,,5,1,2,1,4
202100006749,2021-11-23 18:20:00,2021,11,23,18,20,59,59319,Route d Hondschoote,50.973802,2.439346,Nuit avec éclairage allumé,En agglomération,Giratoire,Autre,Deux véhicules - frontale,3,2,2,0,1,1,2,5,8,50,,2,1,0,1,0,23.0,16.0,,,5,2,6,9,1
202100006750,2021-11-23 18:25:00,2021,11,23,18,25,23,23177,D1,46.255743,1.474979,Nuit sans éclairage public,Hors agglomération,Hors intersection,Normale,Deux véhicules - frontale,3,2,2,0,1,1,1,0,1,90,,2,0,0,2,0,33.0,43.0,,,3,1,1,1,1
202100006751,2021-11-23 20:25:00,2021,11,23,20,25,89,89240,D660,48.177276,3.362246,Nuit sans éclairage public,Hors agglomération,Hors intersection,Autre,Deux véhicules - frontale,3,2,3,0,1,2,1,0,1,90,,3,0,0,1,2,22.0,33.0,,,3,1,1,9,1
202100006752,2021-11-23 17:15:00,2021,11,23,17,15,19,19063,Les Escrozes,45.1215880865,1.5554917571,Plein jour,Hors agglomération,Hors intersection,Normale,Autre collision,3,2,2,0,1,1,1,0,1,70,,2,1,0,1,0,46.0,,,,1,1,1,1,6
202100006753,2021-11-23 13:30:00,2021,11,23,13,30,59,59454,Route de Saint-Omer,50.787323,2.460766,Plein jour,En agglomération,Passage à niveau,Normale,Autre collision,3,2,2,0,1,1,1,4,1,50,,2,1,0,1,0,50.0,,,,1,2,8,1,6
202100006754,2021-11-24 12:30:00,2021,11,24,12,30,80,80173,D919,49.946991,2.362118,Plein jour,Hors agglomération,Hors intersection,Normale,Deux véhicules - frontale,3,2,2,0,1,3,1,0,1,-1,,2,0,0,1,1,64.0,49.0,,,1,1,1,1,1
202100006755,2021-11-23 21:45:00,2021,11,23,21,45,71,71469,Route départementale 45,46.293426,4.544064,Nuit sans éclairage public,Hors agglomération,Hors intersection,Normale,Autre collision,3,2,2,0,1,2,7,0,3,80,,1,0,0,1,0,37.0,,,,3,1,1,1,6
202100006756,2021-10-24 12:00:00,2021,10,24,12,0,63,63448,D999,45.500542,3.467045,Plein jour,Hors agglomération,Hors intersection,Temps couvert,Deux véhicules - côté,3,2,2,0,2,4,2,0,1,80,,4,2,0,1,1,31.0,39.0,,,1,1,1,8,3
202100006757,2021-11-23 16:10:00,2021,11,23,16,10,12,12248,"RD 999, lieu-dit Saint Etienne",43.880209,2.633801,Plein jour,Hors agglomération,Hors intersection,Normale,Autre collision,3,2,2,0,1,1,1,0,3,90,,2,0,0,2,0,71.0,,,,1,1,1,1,6
202100006758,2021-11-23 18:35:00,2021,11,23,18,35,46,46127,départementale 673,44.732802,1.375737,Nuit avec éclairage allumé,En agglomération,Autre intersection,Normale,Deux véhicules - côté,3,2,2,0,2,1,1,0,1,30,,2,1,0,1,0,62.0,42.0,,,5,2,9,1,3
202100006759,2021-11-19 17:00:00,2021,11,19,17,0,44,44069,Place du Marché aux Bois,47.327571,-2.42653,Plein jour,En agglomération,Hors intersection,Normale,Autre collision,9,1,2,0,1,1,1,0,1,50,,2,1,0,1,0,57.0,,,,1,2,1,1,6
202100006760,2021-11-22 11:25:00,2021,11,22,11,25,44,44087,Boulevard de l Atlantique,46.998417,-1.814482,Plein jour,Hors agglomération,Intersection en T,Normale,Deux véhicules - frontale,3,2,2,3,1,1,1,5,1,70,,2,0,0,2,0,75.0,87.0,,,1,1,3,1,1
202100006761,2021-11-24 10:00:00,2021,11,24,10,0,29,29150,Gratoire - Rue des Ecoles,47.8135964196,-3.6294767261,Plein jour,En agglomération,Giratoire,Normale,Autre collision,4,1,1,0,1,1,1,5,1,50,,2,1,0,1,0,79.0,,,,1,2,6,1,6
202100006762,2021-11-23 23:30:00,2021,11,23,23,30,29,29199,D712 - La Chapelle du Mur,48.57584878,-3.767713755,Nuit avec éclairage allumé,Hors agglomération,Hors intersection,Normale,Autre collision,3,2,2,0,1,1,1,0,1,50,,1,0,1,0,0,39.0,,,,5,1,1,1,6
202100006763,2021-11-23 10:31:00,2021,11,23,10,31,02,02729,9 Rue de l Eglise,49.314099,3.125695,Plein jour,En agglomération,Hors intersection,Normale,Deux véhicules - frontale,3,2,2,0,2,1,1,0,1,50,,2,1,0,0,1,45.0,64.0,,,1,2,1,1,1
202100006764,2021-11-24 08:30:00,2021,11,24,8,30,54,54491,D156,49.3641393479,5.9316902896,Plein jour,Hors agglomération,Hors intersection,Normale,Autre collision,3,2,2,0,1,1,1,0,3,80,,1,0,0,0,1,52.0,,,,1,1,1,1,6
202100006765,2021-11-23 17:25:00,2021,11,23,17,25,50,50412,D650,49.312596,-1.680146,Crépuscule ou aube,Hors agglomération,Intersection en X,Pluie légère,Deux véhicules - côté,3,2,1,0,1,1,2,0,1,-1,,3,2,0,1,0,38.0,69.0,,,2,1,2,2,3
202100006766,2021-11-23 19:20:00,2021,11,23,19,20,83,83145,"RD 35, PK 11+230",43.586534,5.955872,Nuit sans éclairage public,Hors agglomération,Hors intersection,Normale,Sans collision,3,2,2,0,2,2,1,0,3,80,,1,0,0,0,1,34.0,,,,3,1,1,1,7
202100006767,2021-11-24 07:45:00,2021,11,24,7,45,60,60029,287 Avenue du Marcéhal Foch,49.371569,1.991686,Nuit avec éclairage non allumé,En agglomération,Hors intersection,Brouillard / fumée,Autre collision,4,2,1,0,2,1,9,0,1,30,,1,0,0,0,1,16.0,,,,4,2,1,5,6
202100006768,2021-11-22 14:30:00,2021,11,22,14,30,40,40075,Rue Sainte Hélène,43.88059,-1.148912,Plein jour,En agglomération,Hors intersection,Normale,Deux véhicules - côté,3,2,2,0,2,1,1,0,1,50,,2,1,0,0,1,42.0,16.0,,,1,2,1,1,3
202100006769,2021-11-24 10:35:00,2021,11,24,10,35,24,24139,Route Jean Julliand,45.142684,0.663246,Plein jour,Hors agglomération,Hors intersection,Normale,Sans collision,4,2,2,0,2,2,2,0,8,80,,1,0,0,1,0,46.0,,,,1,1,1,1,7
202100006770,2021-11-23 19:48:00,2021,11,23,19,48,27,27467,Route de Quillebeuf,49.3608,0.514879,Nuit avec éclairage allumé,En agglomération,Hors intersection,Normale,Deux véhicules - côté,3,2,2,0,4,2,1,0,1,50,,4,3,0,0,1,64.0,34.0,,,5,2,1,1,3
202100006771,2021-11-24 08:25:00,2021,11,24,8,25,28,28183,Départementale 350,48.349447,1.941458,Plein jour,Hors agglomération,Hors intersection,Brouillard / fumée,Deux véhicules - côté,3,2,2,0,1,1,2,0,3,80,,1,0,0,1,0,37.0,,,,1,1,1,5,3