accident_id,datetime,annee,mois,jour,heure,minute,departement,commune_insee,adresse,latitude,longitude,luminosite,agglomeration,intersection,meteo,collision,catr,circ,nbv,vosp,prof,plan,surf,infra,situ,vma,nb_vehicules,nb_usagers,nb_indemnes,nb_tues,nb_blesses_hosp,nb_blesses_legers,age_cond_1,age_cond_2,veh_type_cond_1,veh_type_cond_2,lum_code,agg_code,int_code,atm_code,col_code
202100006772,2021-11-24 16:35:00,2021,11,24,16,35,30,30336,D183,43.84185,4.632165,Plein jour,Hors agglomération,Hors intersection,Pluie légère,Sans collision,3,2,2,0,1,1,2,0,3,80,,1,0,1,0,0,32.0,,,,1,1,1,2,7
202100006773,2021-11-24 11:30:00,2021,11,24,11,30,13,13069,Avenue Frédéric Mistral,43.634775,5.152057,Plein jour,En agglomération,Hors intersection,Normale,Sans collision,7,2,2,0,1,1,1,0,1,-1,,2,1,0,0,1,32.0,64.0,,,1,2,1,1,7
202100006774,2021-11-24 05:30:00,2021,11,24,5,30,976,97613,CCD1,-12.763443,45.09937,Crépuscule ou aube,Hors agglomération,Hors intersection,Normale,Deux véhicules - frontale,3,3,2,0,3,3,1,0,1,-1,,12,5,0,3,4,17.0,25.0,,,2,1,1,1,1
202100006775,2021-11-24 08:10:00,2021,11,24,8,10,27,27258,A13,49.336784,0.413243,Plein jour,Hors agglomération,Hors intersection,Brouillard / fumée,Trois véhicules et plus - en chaîne,1,1,5,0,1,2,1,0,1,130,,6,4,0,0,2,22.0,54.0,,,1,1,1,5,4
202100006776,2021-11-21 18:05:00,2021,11,21,18,5,13,13067,"A7, PK213.400",43.803035,5.039936,Nuit sans éclairage public,Hors agglomération,Hors intersection,Normale,Deux véhicules - côté,1,1,5,0,1,1,1,0,1,130,,3,2,0,1,0,37.0,23.0,,,3,1,1,1,3
202100006777,2021-11-23 07:40:00,2021,11,23,7,40,987,98731,"RT 420, intersection devant banque Socredo - Taiohae",-8.895525965,-140.1063217968,Plein jour,En agglomération,Intersection en T,Normale,Trois véhicules et plus - collisions multiples,2,2,2,0,1,1,1,2,1,30,,2,1,0,1,0,24.0,36.0,,,1,2,3,1,5
202100006778,2021-11-23 15:40:00,2021,11,23,15,40,988,98816,RT1 entre voie de dépassement et creek aymes,-21.698186,165.563707,Plein jour,Hors agglomération,Hors intersection,Normale,Autre collision,2,3,2,0,1,2,1,0,1,110,,4,3,0,1,0,45.0,36.0,,,1,1,1,1,6
202100006779,2021-11-24 07:45:00,2021,11,24,7,45,973,97310,RN 2 - PK 49 sens CAYENNE - ST GEORGES,4.7252963637,-52.3259738088,Plein jour,En agglomération,Hors intersection,Normale,Sans collision,4,2,2,0,2,2,1,0,8,70,,1,0,0,1,0,44.0,,,,1,2,1,1,7
202100006780,2021-11-24 00:10:00,2021,11,24,0,10,973,97313,Route de la Carapa,4.954132,-52.466562,Nuit sans éclairage public,Hors agglomération,Hors intersection,Normale,Deux véhicules - frontale,3,2,2,0,1,1,1,0,1,-1,,3,1,1,1,0,44.0,22.0,,,3,1,1,1,1
202100006781,2021-11-23 17:00:00,2021,11,23,17,0,977,97701,saint jean,17.901985,-62.833117,Plein jour,En agglomération,Hors intersection,Normale,Deux véhicules - côté,2,2,2,0,2,1,1,0,1,30,,3,1,0,1,1,16.0,37.0,,,1,2,1,1,3
202100006782,2021-11-24 10:00:00,2021,11,24,10,0,34,34325,Avenue de Béziers,43.419902,3.364772,Plein jour,En agglomération,Hors intersection,Pluie forte,Autre collision,2,3,2,0,1,1,2,0,3,50,,2,0,1,0,1,91.0,,,,1,2,1,3,6
202100006783,2021-11-24 20:00:00,2021,11,24,20,0,83,83115,Route du Plan de la Tour,43.327632,6.613067,Nuit avec éclairage allumé,En agglomération,Hors intersection,Autre,Autre collision,3,2,2,0,1,1,2,0,1,70,,2,0,0,1,1,17.0,,,,5,2,1,9,6
202100006784,2021-11-23 14:15:00,2021,11,23,14,15,79,79038,,46.787631,-0.479364,Plein jour,Hors agglomération,Intersection en Y,Normale,Deux véhicules - arrière,3,2,2,0,1,1,1,0,1,80,,2,1,0,0,1,35.0,51.0,,,1,1,4,1,2
202100006785,2021-11-23 11:00:00,2021,11,23,11,0,29,29181,D770,48.478260437,-4.2864918708,Plein jour,Hors agglomération,Giratoire,Normale,Autre collision,3,1,2,0,1,1,1,5,1,70,,2,1,0,1,0,59.0,69.0,,,1,1,6,1,6
202100006786,2021-11-24 07:50:00,2021,11,24,7,50,35,35183,Lieu Dit le Petit Cerisais,48.092771,-1.083666,Crépuscule ou aube,Hors agglomération,Hors intersection,Autre,Deux véhicules - arrière,3,2,2,0,2,1,7,0,1,-1,,3,2,1,0,0,20.0,42.0,,,2,1,1,9,2
202100006787,2021-11-23 17:35:00,2021,11,23,17,35,13,13215,A7-Sens Marseille vers Lyon,43.3428121566,5.3763828276,Nuit sans éclairage public,Hors agglomération,Hors intersection,Normale,Trois véhicules et plus - en chaîne,1,1,3,0,2,3,1,0,1,90,,4,3,0,0,1,59.0,25.0,,,3,1,1,1,4
202100006788,2021-11-23 14:15:00,2021,11,23,14,15,13,13215,A55-Sens Marseille vers Martigues,43.32836,5.3573,Plein jour,Hors agglomération,Hors intersection,Normale,Deux véhicules - côté,1,1,2,0,1,1,1,0,1,90,,2,1,0,0,1,70.0,58.0,,,1,1,1,1,3
202100006789,2021-11-23 08:45:00,2021,11,23,8,45,13,13055,A507 sens Marseille - Aubagne,43.3026,5.42539,Plein jour,Hors agglomération,Hors intersection,Normale,Deux véhicules - arrière,1,1,3,0,1,1,1,1,1,70,,2,1,0,0,1,32.0,23.0,,,1,1,1,1,2
202100006790,2021-11-22 06:45:00,2021,11,22,6,45,13,13056,A55-Sens Martigues vers Marseille,43.394072,5.064186,Plein jour,Hors agglomération,Hors intersection,Brouillard / fumée,Sans collision,1,1,3,0,1,1,2,0,1,110,,1,0,0,0,1,52.0,,,,1,1,1,5,7
202100006791,2021-11-21 20:42:00,2021,11,21,20,42,13,13005,A52-Sens Pont de l'Etoile vers Toulon,43.30216,5.59089,Nuit sans éclairage public,Hors agglomération,Hors intersection,Brouillard / fumée,Trois véhicules et plus - collisions multiples,1,1,2,0,1,1,2,0,1,130,,4,3,0,1,0,20.0,59.0,,,3,1,1,5,5
202100006792,2021-11-22 08:20:00,2021,11,22,8,20,83,83090,A50,43.12424,5.872,Plein jour,Hors agglomération,Hors intersection,Normale,Deux véhicules - côté,1,3,6,0,1,1,1,0,1,110,,2,1,0,0,1,55.0,48.0,,,1,1,1,1,3
202100006793,2021-11-22 18:15:00,2021,11,22,18,15,69,69288,A43,45.67788,5.02801,Nuit sans éclairage public,Hors agglomération,Hors intersection,Normale,Deux véhicules - arrière,1,3,8,0,1,1,1,0,1,130,,2,1,0,0,1,52.0,65.0,,,3,1,1,1,2
202100006794,2021-11-06 00:10:00,2021,11,6,0,10,33,33281,Rocade Ouest A630,44.830036,-0.675693,Nuit sans éclairage public,Hors agglomération,Hors intersection,Normale,Autre collision,1,3,6,0,1,1,1,3,1,90,,1,0,0,0,1,25.0,,,,3,1,1,1,6
202100006795,2021-11-23 18:40:00,2021,11,23,18,40,91,91560,AUTOROUTE A10,48.66614,2.19088,Nuit sans éclairage public,Hors agglomération,Hors intersection,Normale,Sans collision,1,3,10,0,1,1,1,0,1,110,,1,0,0,0,1,22.0,,,,3,1,1,1,7
202100006796,2021-11-23 18:00:00,2021,11,23,18,0,91,91477,A10 PROVINCE / RD188 PARIS,48.71631,2.26523,Nuit sans éclairage public,Hors agglomération,Hors intersection,Normale,Deux véhicules - arrière,1,-1,3,0,1,1,1,0,1,90,,2,1,0,0,1,29.0,32.0,,,3,1,1,1,2
202100006797,2021-11-23 09:10:00,2021,11,23,9,10,91,91553,RN 104,48.631853,2.500612,Plein jour,Hors agglomération,Hors intersection,Normale,Deux véhicules - côté,2,3,2,0,1,1,1,0,1,90,,2,1,0,0,1,27.0,24.0,,,1,1,1,1,3
202100006798,2021-11-22 18:35:00,2021,11,22,18,35,78,78646,RN12,48.793016,2.083524,Nuit sans éclairage public,Hors agglomération,Hors intersection,Normale,Deux véhicules - arrière,2,1,0,0,1,1,1,3,1,70,,3,1,0,0,2,28.0,38.0,,,3,1,1,1,2
202100006799,2021-11-22 18:10:00,2021,11,22,18,10,92,92047,A13,48.835241057,2.1770575759,Nuit sans éclairage public,Hors agglomération,Hors intersection,Normale,Trois véhicules et plus - en chaîne,1,1,3,0,1,1,1,0,1,110,,7,6,0,0,1,42.0,23.0,,,3,1,1,1,4
202100006800,2021-11-22 11:00:00,2021,11,22,11,0,92,92050,A86,48.8919195014,2.1788476632,Plein jour,Hors agglomération,Hors intersection,Normale,Autre collision,1,-1,3,0,1,1,1,0,1,70,,2,1,1,0,0,51.0,,,,1,1,1,1,6
202100006801,2021-11-23 14:15:00,2021,11,23,14,15,95,95500, A15,49.04073,2.08232,Plein jour,Hors agglomération,Hors intersection,Normale,Trois véhicules et plus - en chaîne,1,3,6,0,1,1,1,0,1,90,,3,2,0,0,1,37.0,30.0,,,1,1,1,1,4
202100006802,2021-11-23 10:00:00,2021,11,23,10,0,95,95365,RN 104,49.06424,2.41035,Plein jour,Hors agglomération,Hors intersection,Normale,Deux véhicules - arrière,2,3,6,0,1,1,1,0,1,110,,2,1,0,0,1,41.0,31.0,,,1,1,1,1,2
202100006803,2021-11-23 08:55:00,2021,11,23,8,55,95,95582,AUTOROUTE A15,48.97306,2.24641,Plein jour,Hors agglomération,Hors intersection,Normale,Trois véhicules et plus - en chaîne,1,3,6,0,2,1,1,0,1,110,,4,2,0,0,2,34.0,31.0,,,1,1,1,1,4
202100006804,2021-11-23 09:05:00,2021,11,23,9,5,95,95018, A15,48.9599262817,2.2713712872,Plein jour,Hors agglomération,Hors intersection,Normale,Deux véhicules - côté,1,3,10,0,1,1,1,0,1,110,,2,1,0,0,1,43.0,28.0,,,1,1,1,1,3
202100006805,2021-11-23 07:30:00,2021,11,23,7,30,93,93008,AUTOROUTE A86,48.91232,2.44071,Nuit avec éclairage non allumé,Hors agglomération,Hors intersection,Normale,Trois véhicules et plus - collisions multiples,1,-1,4,0,1,2,1,1,1,90,,4,3,0,0,1,30.0,26.0,,,4,1,1,1,5
202100006806,2021-11-22 06:20:00,2021,11,22,6,20,93,93027,BDL,48.92656,2.40184,Nuit sans éclairage public,Hors agglomération,Hors intersection,Normale,Deux véhicules - côté,1,3,4,0,2,3,1,2,1,90,,1,0,0,0,1,51.0,,,,3,1,1,1,3
202100006807,2021-11-23 20:15:00,2021,11,23,20,15,77,77169,RN104,48.8226054237,2.6150531482,Nuit sans éclairage public,Hors agglomération,Hors intersection,Normale,Deux véhicules - arrière,2,1,1,0,1,1,1,0,1,50,,3,2,0,0,1,20.0,54.0,,,3,1,1,1,2
202100006808,2021-11-23 15:10:00,2021,11,23,15,10,94,94046,A86 EXT,48.8108,2.44937,Plein jour,Hors agglomération,Hors intersection,Normale,Deux véhicules - côté,1,2,4,0,1,1,1,0,1,90,,2,1,0,0,1,43.0,41.0,,,1,1,1,1,3
202100006809,2021-11-23 13:30:00,2021,11,23,13,30,94,94028,A86 INT,48.7902,2.4405,Plein jour,Hors agglomération,Hors intersection,Normale,Deux véhicules - arrière,1,1,4,0,1,1,1,0,1,90,,3,1,0,0,2,36.0,38.0,,,1,1,1,1,2
202100006810,2021-11-23 12:30:00,2021,11,23,12,30,77,77249,RN104,48.7464753991,2.6138538972,Plein jour,Hors agglomération,Hors intersection,Normale,Deux véhicules - arrière,2,3,5,0,1,1,1,0,1,90,,3,1,0,0,2,39.0,47.0,,,1,1,1,1,2
202100006811,2021-11-22 18:25:00,2021,11,22,18,25,75,75120,PORTE DE VINCENNES,48.848014,2.414664,Crépuscule ou aube,En agglomération,Intersection en Y,Normale,Deux véhicules - côté,4,1,4,0,1,1,1,0,1,70,,2,0,0,0,2,34.0,40.0,,,2,2,4,1,3
202100006812,2021-11-22 17:20:00,2021,11,22,17,20,75,75119,PORTE DES LILAS,48.878879,2.407906,Nuit avec éclairage allumé,En agglomération,Hors intersection,Normale,Deux véhicules - côté,4,1,4,0,1,1,2,0,1,70,,2,1,0,0,1,57.0,34.0,,,5,2,1,1,3
202100006813,2021-11-21 19:50:00,2021,11,21,19,50,75,75117,PORTE DE CHAMPERRET,48.885277,2.287123,Nuit avec éclairage allumé,En agglomération,Intersection en Y,Pluie légère,Deux véhicules - arrière,4,1,4,0,1,1,2,0,1,70,,3,2,0,0,1,31.0,,,,5,2,4,2,2
202100006814,2021-11-21 01:15:00,2021,11,21,1,15,75,75116,BOULEVARD PERIPHERIQUE EXTERIEUR OUEST,48.874475,2.275778,Nuit avec éclairage allumé,En agglomération,Hors intersection,Normale,Deux véhicules - arrière,4,2,5,0,1,2,1,0,1,70,,2,1,0,0,1,25.0,34.0,,,5,2,1,1,2
202100006815,2021-11-19 22:45:00,2021,11,19,22,45,75,75117,BOULEVARD DU BOIS LE PRETRE,48.899765,2.31898,Nuit avec éclairage allumé,En agglomération,Intersection en T,Normale,Deux véhicules - arrière,4,2,4,0,2,1,1,0,1,30,,2,1,0,0,1,31.0,26.0,,,5,2,3,1,2
202100006816,2021-11-22 07:55:00,2021,11,22,7,55,75,75115,RUE MADEMOISELLE,48.843695,2.298542,Plein jour,En agglomération,Intersection en T,Normale,Sans collision,4,1,1,0,1,1,1,0,1,30,,1,0,0,0,1,36.0,,,,1,2,3,1,7
202100006817,2021-11-22 10:50:00,2021,11,22,10,50,75,75113,RUE DE LA MAISON BLANCHE,48.825803,2.357382,Plein jour,En agglomération,Intersection en T,Normale,Deux véhicules - frontale,4,1,1,2,2,2,1,-1,5,30,,2,1,0,0,1,30.0,59.0,,,1,2,3,1,1
202100006818,2021-11-22 08:50:00,2021,11,22,8,50,75,75112,RUE DE PICPUS,48.842711,2.397462,Plein jour,En agglomération,Intersection en X,Normale,Deux véhicules - côté,4,2,2,0,1,1,1,0,1,30,,2,1,0,0,1,,32.0,,,1,2,2,1,3
202100006819,2021-11-21 17:30:00,2021,11,21,17,30,75,75112,PLACE DE LA NATION,48.848215,2.394343,Nuit avec éclairage allumé,En agglomération,Place,Normale,Deux véhicules - arrière,4,1,3,0,1,2,2,0,1,30,,5,3,0,0,2,79.0,59.0,,,5,2,7,1,2
202100006820,2021-11-22 17:10:00,2021,11,22,17,10,75,75110,RUE DU FAUBOURG SAINT MARTIN,48.880405,2.3643,Nuit avec éclairage allumé,En agglomération,Intersection en T,Normale,Autre collision,4,2,2,0,1,1,1,0,1,30,,2,0,0,0,2,25.0,,,,5,2,3,1,6
202100006821,2021-11-21 10:54:00,2021,11,21,10,54,94,94068,CAPORAL PEUGEOT (R DU),48.79341,2.5159,Plein jour,En agglomération,Hors intersection,Temps couvert,Trois véhicules et plus - collisions multiples,3,1,1,0,1,1,2,0,4,30,,2,1,0,1,0,60.0,,,,1,2,1,8,5
202100006822,2021-11-22 21:10:00,2021,11,22,21,10,94,94041,Quai Jean Compagnon,48.81913,2.39941,Nuit avec éclairage allumé,En agglomération,Intersection en X,Normale,Deux véhicules - côté,3,2,2,0,1,1,1,9,1,50,,2,1,0,0,1,27.0,33.0,,,5,2,2,1,3
202100006823,2021-11-22 18:35:00,2021,11,22,18,35,94,94073,REPUBLIQUE (AV DE LA),48.76573,2.39265,Nuit avec éclairage allumé,En agglomération,Intersection en T,Normale,Autre collision,3,2,2,0,1,1,1,0,1,50,,2,1,0,0,1,51.0,,,,5,2,3,1,6
202100006824,2021-11-22 17:30:00,2021,11,22,17,30,94,94070,Route de Paris,48.71675,2.57195,Crépuscule ou aube,Hors agglomération,Intersection en T,Normale,Deux véhicules - côté,2,2,2,0,1,1,1,0,1,50,,2,1,0,0,1,32.0,20.0,,,2,1,3,1,3
202100006825,2021-11-22 08:00:00,2021,11,22,8,0,93,93001,LUCIEN LEFRANC (QUAI),48.9119,2.37338,Plein jour,En agglomération,Autre intersection,Normale,Deux véhicules - arrière,3,2,2,0,1,1,1,0,1,50,,2,1,0,0,1,32.0,60.0,,,1,2,9,1,2
202100006826,2021-11-22 10:40:00,2021,11,22,10,40,93,93064,VERDUN (RUE DE),48.87703,2.480577,Plein jour,En agglomération,Hors intersection,Normale,Deux véhicules - frontale,4,1,1,0,1,1,1,0,4,50,,2,0,0,0,2,31.0,,,,1,2,1,1,1
202100006827,2021-11-22 18:30:00,2021,11,22,18,30,93,93049,ANDRE DEVAMBEZ (PROMENADE),48.85234,2.51887,Nuit avec éclairage allumé,En agglomération,Hors intersection,Normale,Sans collision,6,-1,-1,1,1,3,1,6,1,30,,1,0,0,1,0,44.0,,,,5,2,1,1,7
202100006828,2021-11-20 20:00:00,2021,11,20,20,0,93,93049,GALLIENI (BOULEVARD),48.85268,2.513,Nuit avec éclairage allumé,En agglomération,Hors intersection,Pluie légère,Autre collision,3,3,5,3,1,1,1,0,1,50,,2,1,1,0,0,42.0,,,,5,2,1,2,6
202100006829,2021-11-21 20:30:00,2021,11,21,20,30,93,93031,REPUBLIQUE (AVENUE),48.95054,2.32946,Nuit sans éclairage public,En agglomération,Autre intersection,Temps couvert,Autre collision,3,3,2,0,1,1,2,0,1,50,,2,1,0,0,1,54.0,,,,3,2,9,8,6
202100006830,2021-11-21 00:25:00,2021,11,21,0,25,93,93057,BRIAND ( AV. ARISTIDE) 1 A29,48.9078580366,2.4934124401,Nuit avec éclairage allumé,En agglomération,Hors intersection,Temps couvert,Deux véhicules - arrière,3,3,3,0,1,1,1,0,1,50,,2,1,0,0,1,,24.0,,,5,2,1,8,2
202100006831,2021-11-21 19:55:00,2021,11,21,19,55,93,93007,VLADIMIR I. LENINE (DU 01 AU 58)     Z2,48.9473081987,2.448232521,Nuit avec éclairage allumé,En agglomération,Autre intersection,Normale,Deux véhicules - arrière,4,2,2,0,1,1,1,0,1,50,,2,1,0,0,1,20.0,20.0,,,5,2,9,1,2
202100006832,2021-11-22 17:00:00,2021,11,22,17,0,93,93005,PARINOR,48.9560598861,2.4762587183,Crépuscule ou aube,En agglomération,Hors intersection,Normale,Autre collision,6,-1,-1,0,1,1,1,9,4,50,,2,1,0,0,1,58.0,,,,2,2,1,1,6
202100006833,2021-11-22 21:39:00,2021,11,22,21,39,93,93001,JEAN JAURES  (AVE)  157 A 213,48.9108520588,2.3998103162,Nuit avec éclairage allumé,En agglomération,Hors intersection,Normale,Autre collision,3,3,4,3,1,1,1,0,1,50,,2,1,0,1,0,33.0,,,,5,2,1,1,6
202100006834,2021-11-21 11:40:00,2021,11,21,11,40,92,92072,MANUFACTURE NATIONALE (PLACE DE LA),48.8287444188,2.2246214747,Plein jour,En agglomération,Place,Pluie légère,Deux véhicules - arrière,3,3,7,0,1,1,2,0,1,50,,3,2,0,0,1,55.0,37.0,,,1,2,7,2,2
202100006835,2021-11-22 08:00:00,2021,11,22,8,0,92,92026,BEZONS (DE 23 A FIN),48.894937,2.250331,Crépuscule ou aube,En agglomération,Hors intersection,Normale,Autre collision,3,2,2,0,1,1,1,0,1,50,,2,1,0,0,1,58.0,,,,2,2,1,1,6
202100006836,2021-11-21 22:40:00,2021,11,21,22,40,92,92025,RENOUILLERS  (RUE DES),48.923415,2.236074,Nuit avec éclairage allumé,En agglomération,Autre intersection,Normale,Deux véhicules - côté,3,-1,3,3,1,1,2,0,1,50,,2,1,0,1,0,30.0,20.0,,,5,2,9,1,3
202100006837,2021-11-22 13:25:00,2021,11,22,13,25,92,92024,MADAME DE SANZILLON (RUE),48.903361534,2.3151259124,Plein jour,En agglomération,Intersection en Y,Temps couvert,Autre collision,4,2,2,0,1,2,2,0,8,50,,2,1,0,0,1,49.0,,,,1,2,4,8,6
202100006838,2021-11-21 14:30:00,2021,11,21,14,30,92,92023,PORTE DE TRIVAUX (RUE DE LA) N°1 A 55 ET,48.7863159057,2.243667841,Plein jour,En agglomération,Autre intersection,Pluie légère,Deux véhicules - arrière,3,2,2,0,1,1,2,0,1,50,,2,1,0,0,1,24.0,48.0,,,1,2,9,2,2
202100006839,2021-11-22 13:20:00,2021,11,22,13,20,92,92023,TROSY (RUE DU),48.8017750617,2.2618290782,Plein jour,En agglomération,Hors intersection,Normale,Autre collision,4,1,1,0,1,1,1,0,1,30,,2,1,0,0,1,61.0,,,,1,2,1,1,6
202100006840,2021-11-22 08:15:00,2021,11,22,8,15,92,92071,HOUDAN (RUE),48.7788948687,2.2863900661,Plein jour,En agglomération,Hors intersection,Normale,Autre collision,3,2,2,0,1,1,1,6,1,30,,2,1,0,0,1,52.0,,,,1,2,1,1,6
202100006841,2021-11-22 15:20:00,2021,11,22,15,20,92,92012,MARCEL LOYAU (RUE),48.84269,2.24895,Plein jour,En agglomération,Intersection en X,Normale,Deux véhicules - côté,4,1,1,0,1,1,1,0,5,50,,2,1,0,0,1,88.0,67.0,,,1,2,2,1,3
202100006842,2021-11-10 18:45:00,2021,11,10,18,45,51,51649,Rue Aristide Briand,48.7240640758,4.5839971304,Nuit avec éclairage allumé,En agglomération,Intersection en T,Normale,Deux véhicules - côté,4,2,2,0,1,1,1,0,1,50,,3,2,0,0,1,28.0,62.0,,,5,2,3,1,3
202100006843,2021-11-22 22:34:00,2021,11,22,22,34,95,95313,13 Grande Rue,49.112681,2.214346,Nuit avec éclairage allumé,En agglomération,Hors intersection,Normale,Sans collision,3,1,2,0,1,1,1,0,1,50,,2,0,0,0,2,20.0,,,,5,2,1,1,7
202100006844,2021-11-22 19:10:00,2021,11,22,19,10,76,76238,rue aristide briand,49.563284,0.223718,Nuit avec éclairage allumé,En agglomération,Intersection en X,Normale,Deux véhicules - frontale,3,2,2,0,1,1,1,0,1,30,,2,1,0,1,0,22.0,37.0,,,5,2,2,1,1
202100006845,2021-11-22 08:25:00,2021,11,22,8,25,41,41102,D 917,47.763351,0.936605,Plein jour,Hors agglomération,Hors intersection,Normale,Deux véhicules - côté,3,2,2,0,1,1,1,0,1,80,,3,2,0,1,0,31.0,52.0,,,1,1,1,1,3
202100006846,2021-11-23 09:10:00,2021,11,23,9,10,41,41103,N10,47.720847,1.019559,Plein jour,Hors agglomération,Hors intersection,Normale,Deux véhicules - arrière,2,2,2,0,1,1,1,0,1,80,,2,1,0,1,0,18.0,32.0,,,1,1,1,1,2
202100006847,2021-11-22 07:30:00,2021,11,22,7,30,51,51507,D3,49.101673,4.947624,Plein jour,Hors agglomération,Hors intersection,Pluie légère,Deux véhicules - côté,3,2,2,0,1,1,2,0,1,90,,2,1,0,0,1,31.0,,,,1,1,1,2,3
202100006848,2021-11-23 16:30:00,2021,11,23,16,30,51,51183,D944,49.311666,3.983102,Plein jour,Hors agglomération,Intersection en T,Normale,Trois véhicules et plus - en chaîne,3,2,2,0,1,1,1,0,1,90,,3,0,0,0,3,56.0,40.0,,,1,1,3,1,4
202100006849,2021-11-21 19:00:00,2021,11,21,19,0,19,19094,Les prades,45.333617,1.320832,Nuit sans éclairage public,Hors agglomération,Hors intersection,Normale,Autre collision,3,2,2,0,1,1,1,0,1,90,,2,1,0,1,0,66.0,,,,3,1,1,1,6
202100006850,2021-11-22 13:00:00,2021,11,22,13,0,56,56140,Le Barderff N24,47.904345,-2.78601,Plein jour,Hors agglomération,Hors intersection,Vent fort / tempête,Autre collision,2,3,4,0,1,1,1,0,3,110,,1,0,0,1,0,76.0,,,,1,1,1,6,6
202100006851,2021-11-21 21:05:00,2021,11,21,21,5,56,56079,La Pyramide,47.9393204249,-2.4933707714,Nuit sans éclairage public,Hors agglomération,Hors intersection,Pluie légère,Autre collision,3,2,2,0,1,1,2,0,3,80,,1,0,0,1,0,21.0,,,,3,1,1,2,6
202100006852,2021-11-20 18:16:00,2021,11,20,18,16,82,82048,Rue du Général Larroque,43.86165,1.267623,Nuit avec éclairage allumé,En agglomération,Giratoire,Normale,Autre collision,3,2,2,0,2,1,1,9,3,50,,1,0,0,0,1,58.0,,,,5,2,6,1,6
202100006853,2021-11-21 13:00:00,2021,11,21,13,0,32,32224,D930,43.88718,0.378149,Plein jour,Hors agglomération,Hors intersection,Normale,Deux véhicules - frontale,3,2,2,0,2,3,1,0,1,80,,4,0,0,0,4,60.0,24.0,,,1,1,1,1,1
202100006854,2021-11-20 13:18:00,2021,11,20,13,18,63,63306,route départementale 1,45.706337,3.218511,Plein jour,Hors agglomération,Intersection en T,Normale,Deux véhicules - frontale,3,2,2,3,1,1,1,5,1,80,,2,1,0,1,0,72.0,32.0,,,1,1,3,1,1
202100006855,2021-11-21 17:45:00,2021,11,21,17,45,61,61008,D926,48.730174,0.545948,Nuit sans éclairage public,Hors agglomération,Hors intersection,Autre,Trois véhicules et plus - collisions multiples,3,2,2,0,1,1,2,0,1,90,,5,1,0,0,4,74.0,53.0,,,3,1,1,9,5
202100006856,2021-11-23 18:35:00,2021,11,23,18,35,55,55167,33 Rue du Moulin,49.386616,5.181727,Nuit avec éclairage allumé,En agglomération,Hors intersection,Normale,Deux véhicules - arrière,3,2,2,0,1,1,1,9,1,50,,2,1,0,0,1,14.0,14.0,,,5,2,1,1,2
202100006857,2021-11-23 09:30:00,2021,11,23,9,30,41,41139,Rue Leon Gambetta,47.245277,1.498609,Crépuscule ou aube,En agglomération,Hors intersection,Temps éblouissant,Deux véhicules - frontale,4,2,2,0,1,2,1,0,1,50,,2,0,0,1,1,60.0,57.0,,,2,2,1,7,1
202100006858,2021-11-23 05:18:00,2021,11,23,5,18,34,34142,RD609,43.755548,3.329716,Nuit sans éclairage public,Hors agglomération,Giratoire,Normale,Sans collision,3,-1,1,0,4,3,1,9,1,80,,1,0,0,0,1,37.0,,,,3,1,6,1,7
202100006859,2021-10-28 20:05:00,2021,10,28,20,5,35,35351,La Bévinais,48.058413,-1.92919,Nuit sans éclairage public,Hors agglomération,Hors intersection,Normale,Deux véhicules - arrière,7,2,2,0,1,1,1,0,1,70,,2,1,0,1,0,32.0,74.0,,,3,1,1,1,2
202100006860,2021-11-22 15:55:00,2021,11,22,15,55,29,29274,Rue Yves Queignec,48.027049,-3.706024,Plein jour,En agglomération,Intersection en Y,Normale,Autre collision,4,2,2,0,2,1,1,5,1,50,,2,1,0,1,0,86.0,,,,1,2,4,1,6
202100006861,2021-11-22 12:27:00,2021,11,22,12,27,29,29004,Rue de la Gare,47.927184,-3.707285,Plein jour,En agglomération,Passage à niveau,Normale,Autre collision,3,2,2,0,1,1,1,4,1,50,,2,1,0,1,0,49.0,,,,1,2,8,1,6
202100006862,2021-11-23 03:15:00,2021,11,23,3,15,03,03045,D121,46.068069,3.520367,Nuit sans éclairage public,Hors agglomération,Hors intersection,Normale,Autre collision,3,2,2,0,1,1,2,0,8,90,,1,0,0,1,0,31.0,,,,3,1,1,1,6
202100006863,2021-11-21 23:45:00,2021,11,21,23,45,72,72039,la sourvannière,48.15239,0.43881,Nuit sans éclairage public,Hors agglomération,Hors intersection,Pluie légère,Sans collision,3,2,2,0,1,3,2,0,3,-1,,2,1,0,1,0,19.0,,,,3,1,1,2,7
202100006864,2021-11-23 13:15:00,2021,11,23,13,15,50,50567,42 Hameau Vautier,49.574744,-1.49634,Plein jour,Hors agglomération,Hors intersection,Normale,Sans collision,3,2,2,0,2,3,1,0,1,80,,1,0,1,0,0,61.0,,,,1,1,1,1,7