accident_id,datetime,annee,mois,jour,heure,minute,departement,commune_insee,adresse,latitude,longitude,luminosite,agglomeration,intersection,meteo,collision,catr,circ,nbv,vosp,prof,plan,surf,infra,situ,vma,nb_vehicules,nb_usagers,nb_indemnes,nb_tues,nb_blesses_hosp,nb_blesses_legers,age_cond_1,age_cond_2,veh_type_cond_1,veh_type_cond_2,lum_code,agg_code,int_code,atm_code,col_code
202100006865,2021-11-22 18:10:00,2021,11,22,18,10,60,60056,D120,49.294486,2.559957,Nuit sans éclairage public,Hors agglomération,Hors intersection,Normale,Deux véhicules - arrière,3,2,2,0,1,1,1,0,1,80,,2,1,0,0,1,24.0,26.0,,,3,1,1,1,2
202100006866,2021-11-22 18:20:00,2021,11,22,18,20,60,60509,45 Rue Georges Decroze,49.299493,2.604589,Nuit avec éclairage allumé,En agglomération,Hors intersection,Normale,Autre collision,3,3,2,0,1,1,1,0,1,50,,2,1,0,1,0,65.0,,,,5,2,1,1,6
202100006867,2021-11-23 07:30:00,2021,11,23,7,30,64,64490,D918,43.222777,-1.298007,Crépuscule ou aube,Hors agglomération,Hors intersection,Normale,Deux véhicules - frontale,3,2,2,0,1,1,1,0,3,80,,2,0,0,2,0,54.0,53.0,,,2,1,1,1,1
202100006868,2021-11-23 08:00:00,2021,11,23,8,0,10,10304,Les Essarts,48.417342,4.461581,Nuit sans éclairage public,Hors agglomération,Hors intersection,Normale,Autre collision,4,-1,1,0,2,3,6,0,1,50,,1,0,1,0,0,83.0,,,,3,1,1,1,6
202100006869,2021-11-22 14:56:00,2021,11,22,14,56,27,27518,D103,49.449044,0.52125,Plein jour,Hors agglomération,Hors intersection,Temps éblouissant,Deux véhicules - frontale,3,2,2,0,1,1,1,0,1,80,,2,0,0,1,1,69.0,71.0,,,1,1,1,7,1
202100006870,2021-11-23 20:25:00,2021,11,23,20,25,17,17434,D209,46.118049,-0.726943,Nuit sans éclairage public,Hors agglomération,Hors intersection,Normale,Autre collision,3,2,2,0,1,3,1,0,3,80,,1,0,0,1,0,22.0,,,,3,1,1,1,6
202100006871,2021-11-22 08:20:00,2021,11,22,8,20,37,37269,,47.0703964086,1.0759347481,Plein jour,Hors agglomération,Hors intersection,Temps couvert,Trois véhicules et plus - collisions multiples,3,2,2,0,1,1,1,0,1,90,,3,2,0,0,1,35.0,23.0,,,1,1,1,8,5
202100006872,2021-11-12 07:35:00,2021,11,12,7,35,37,37179,30 Rue des Boissières,47.4310655625,0.7382582771,Nuit sans éclairage public,En agglomération,Intersection en X,Normale,Autre collision,4,2,2,0,1,1,1,5,1,30,,2,1,0,0,1,19.0,,,,3,2,2,1,6
202100006873,2021-11-18 16:45:00,2021,11,18,16,45,67,67388,Rue des Lanciers,48.9315232341,7.6843464375,Plein jour,Hors agglomération,Hors intersection,Normale,Autre collision,4,-1,2,0,2,1,9,0,8,80,,1,0,1,0,0,80.0,,,,1,1,1,1,6
202100006874,2021-11-22 07:05:00,2021,11,22,7,5,24,24274,Cote du peyrat,44.799987,0.463791,Crépuscule ou aube,Hors agglomération,Hors intersection,Temps couvert,Autre collision,3,2,2,0,2,4,1,0,3,70,,1,0,1,0,0,20.0,,,,2,1,1,8,6
202100006875,2021-11-19 16:10:00,2021,11,19,16,10,68,68295,A35,48.017688,7.374272,Crépuscule ou aube,Hors agglomération,Hors intersection,Normale,Trois véhicules et plus - en chaîne,1,3,2,0,1,1,1,0,1,130,,14,13,0,0,1,44.0,36.0,,,2,1,1,1,4
202100006876,2021-11-22 18:15:00,2021,11,22,18,15,85,85071,rd 754,46.768734,-1.829926,Crépuscule ou aube,Hors agglomération,Intersection en T,Normale,Deux véhicules - frontale,3,2,2,0,2,1,1,0,1,50,,3,2,0,1,0,47.0,59.0,,,2,1,3,1,1
202100006877,2021-11-23 09:30:00,2021,11,23,9,30,06,06088,A8 PK 200.100 SENS FRANCE ITALIE,43.733592,7.285137,Plein jour,Hors agglomération,Hors intersection,Normale,Deux véhicules - arrière,1,3,4,0,2,1,1,0,1,90,,2,1,0,0,1,42.0,44.0,,,1,1,1,1,2
202100006878,2021-11-23 17:00:00,2021,11,23,17,0,77,77508,D231,48.826757,2.806492,Plein jour,Hors agglomération,Hors intersection,Normale,Autre collision,3,2,2,0,1,1,1,0,1,80,,4,1,0,2,1,48.0,34.0,,,1,1,1,1,6
202100006879,2021-11-23 08:30:00,2021,11,23,8,30,95,95658,RD 14,49.080992,1.935697,Plein jour,Hors agglomération,Hors intersection,Temps éblouissant,Trois véhicules et plus - collisions multiples,3,3,4,0,1,1,1,0,1,110,,8,6,0,0,2,39.0,26.0,,,1,1,1,7,5
202100006880,2021-11-17 21:20:00,2021,11,17,21,20,30,30128,Rue de Beaucaire,43.729521,4.354634,Nuit sans éclairage public,En agglomération,Hors intersection,Normale,Sans collision,4,2,2,0,1,1,1,0,8,30,,4,2,0,1,1,25.0,,,,3,2,1,1,7
202100006881,2021-11-22 18:20:00,2021,11,22,18,20,67,67348,Rue du Marechal Juin,48.45959,7.495835,Nuit avec éclairage allumé,En agglomération,Hors intersection,Normale,Autre collision,3,3,2,0,1,1,1,0,1,50,,2,1,0,0,1,20.0,,,,5,2,1,1,6
202100006882,2021-11-22 18:00:00,2021,11,22,18,0,38,38565,rd 1075,45.295162,5.628777,Nuit avec éclairage allumé,Hors agglomération,Giratoire,Normale,Deux véhicules - côté,3,1,3,0,1,2,1,0,8,50,,2,0,0,0,2,45.0,75.0,,,5,1,6,1,3
202100006883,2021-11-23 07:25:00,2021,11,23,7,25,07,07127,17 avenue de la gare,44.645785,4.327288,Crépuscule ou aube,En agglomération,Hors intersection,Normale,Deux véhicules - frontale,2,2,2,0,1,1,1,0,1,50,,2,1,0,1,0,56.0,15.0,,,2,2,1,1,1
202100006884,2021-11-12 17:30:00,2021,11,12,17,30,01,01301,D1079,46.242878,5.1616,Nuit sans éclairage public,Hors agglomération,Hors intersection,Normale,Deux véhicules - arrière,3,2,2,0,1,1,1,0,1,80,,4,3,0,0,1,48.0,56.0,,,3,1,1,1,2
202100006885,2021-11-22 09:50:00,2021,11,22,9,50,69,69010,GABRIEL PERI (R),45.831834,4.612477,Plein jour,En agglomération,Hors intersection,Normale,Autre collision,3,2,2,0,1,1,1,0,1,-1,,2,1,0,0,1,54.0,,,,1,2,1,1,6
202100006886,2021-11-20 17:15:00,2021,11,20,17,15,49,49301,La Chaumière (la Renaudière),47.122509,-1.051238,Crépuscule ou aube,Hors agglomération,Hors intersection,Normale,Sans collision,3,2,2,0,1,1,1,0,8,80,,1,0,0,0,1,27.0,,,,2,1,1,1,7
202100006887,2021-11-23 19:00:00,2021,11,23,19,0,59,59252,Rue de Messines,50.700576,2.969935,Nuit sans éclairage public,Hors agglomération,Hors intersection,Normale,Deux véhicules - frontale,7,2,2,0,1,1,1,0,1,80,,3,1,0,1,1,51.0,74.0,,,3,1,1,1,1
202100006888,2021-11-22 07:30:00,2021,11,22,7,30,59,59482,Rue de Lille,50.710268,2.997631,Crépuscule ou aube,En agglomération,Hors intersection,Normale,Autre collision,7,-1,2,3,1,1,1,9,1,30,,2,1,0,0,1,58.0,,,,2,2,1,1,6
202100006889,2021-11-21 18:09:00,2021,11,21,18,9,13,13211,A50-Sens Aubagne vers Marseille,43.2865,5.5079,Nuit sans éclairage public,Hors agglomération,Hors intersection,Normale,Autre collision,1,1,3,0,1,1,2,0,1,90,,1,0,0,1,0,58.0,,,,3,1,1,1,6
202100006890,2021-11-22 09:40:00,2021,11,22,9,40,33,33167,ROUTE NATIONALE 230,44.8413,-0.50176,Plein jour,Hors agglomération,Hors intersection,Normale,Deux véhicules - côté,2,3,6,0,2,2,1,3,1,90,,2,1,0,0,1,40.0,24.0,,,1,1,1,1,3
202100006891,2021-11-21 13:20:00,2021,11,21,13,20,59,59346,ROUTE NATIONALE 227,50.6012131197,3.1317768591,Plein jour,Hors agglomération,Hors intersection,Pluie légère,Autre collision,2,-1,1,0,1,3,2,0,1,30,,1,0,0,1,0,53.0,,,,1,1,1,2,6
202100006892,2021-11-22 17:00:00,2021,11,22,17,0,91,91687,AUTOROUTE A6,48.667097,2.359459,Nuit sans éclairage public,Hors agglomération,Hors intersection,Normale,Trois véhicules et plus - collisions multiples,1,3,6,0,1,1,1,0,1,110,,3,2,0,0,1,25.0,51.0,,,3,1,1,1,5
202100006893,2021-11-22 08:45:00,2021,11,22,8,45,91,91179,AUTOROUTE A6,48.56573,2.47504,Plein jour,Hors agglomération,Hors intersection,Normale,Deux véhicules - côté,1,1,3,0,1,1,1,0,1,110,,2,1,0,0,1,51.0,29.0,,,1,1,1,1,3
202100006894,2021-11-22 08:00:00,2021,11,22,8,0,91,91689,AUTOROUTE A6,48.73095,2.31505,Plein jour,Hors agglomération,Hors intersection,Normale,Deux véhicules - arrière,1,1,3,0,1,1,1,0,1,110,,2,1,0,0,1,47.0,22.0,,,1,1,1,1,2
202100006895,2021-11-22 01:30:00,2021,11,22,1,30,93,93010,AUTOROUTE A86,48.889,2.47426,Nuit sans éclairage public,Hors agglomération,Hors intersection,Normale,Trois véhicules et plus - collisions multiples,1,3,6,0,1,1,1,0,1,90,,5,3,0,0,2,27.0,40.0,,,3,1,1,1,5
202100006896,2021-11-21 23:25:00,2021,11,21,23,25,95,95572,RN 184,49.03247,2.10788,Nuit sans éclairage public,Hors agglomération,Hors intersection,Pluie légère,Autre collision,2,-1,2,0,1,1,2,3,1,70,,1,0,0,0,1,57.0,,,,3,1,1,2,6
202100006897,2021-06-30 17:22:00,2021,6,30,17,22,38,38465,rue des champagnes,45.702433,5.500985,Plein jour,En agglomération,Intersection en X,Normale,Deux véhicules - frontale,4,2,2,0,1,1,1,0,1,50,,2,1,0,1,0,17.0,79.0,,,1,2,2,1,1
202100006898,2021-11-21 21:00:00,2021,11,21,21,0,93,93013,JAURES (AVENUE JEAN) DE 28 A 62,48.9326886724,2.4253753002,Nuit avec éclairage allumé,En agglomération,Hors intersection,Normale,Autre collision,3,-1,2,0,1,1,1,0,1,50,,1,0,0,0,1,34.0,,,,5,2,1,1,6
202100006899,2021-11-21 14:10:00,2021,11,21,14,10,976,97611,m'tsapere-Ambassadeur (rue),-12.78775,45.22192,Plein jour,En agglomération,Hors intersection,Pluie légère,Autre collision,4,2,2,0,1,1,2,0,1,50,,2,1,0,0,1,22.0,,,,1,2,1,2,6
202100006900,2021-11-19 17:45:00,2021,11,19,17,45,17,17306,ROCHEFORT (DE)  (AVENUE),45.64312,-1.02479,Crépuscule ou aube,En agglomération,Hors intersection,Normale,Autre collision,3,2,2,0,1,1,1,0,1,50,,2,1,0,0,1,58.0,,,,2,2,1,1,6
202100006901,2021-11-19 10:45:00,2021,11,19,10,45,976,97611,m'tsapere-Pont (ruelle du ),-12.78969,45.22059,Plein jour,En agglomération,Hors intersection,Normale,Deux véhicules - côté,4,2,2,0,1,1,1,2,4,50,,3,2,0,0,1,62.0,46.0,,,1,2,1,1,3
202100006902,2021-11-21 12:10:00,2021,11,21,12,10,974,97416,RN03,-21.298,55.507,Plein jour,Hors agglomération,Hors intersection,Normale,Trois véhicules et plus - collisions multiples,2,1,2,0,2,1,1,0,1,110,,3,2,0,0,1,35.0,34.0,,,1,1,1,1,5
202100006903,2021-11-19 15:35:00,2021,11,19,15,35,974,97416,BOIS D'OLIVE (CHEMIN),-21.295,55.44747,Plein jour,Hors agglomération,Intersection en Y,Normale,Deux véhicules - frontale,3,2,2,0,2,3,1,0,1,50,,2,1,0,1,0,56.0,16.0,,,1,1,4,1,1
202100006904,2021-11-21 11:55:00,2021,11,21,11,55,69,69387,GAMBETTA (CR),45.75255,4.85089,Plein jour,En agglomération,Intersection en Y,Temps couvert,Autre collision,4,2,2,3,1,1,1,0,1,50,,2,1,0,0,1,25.0,,,,1,2,4,8,6
202100006905,2021-11-22 01:25:00,2021,11,22,1,25,69,69382,CHARLEMAGNE (CR),45.74319,4.82114,Nuit avec éclairage allumé,En agglomération,Hors intersection,Pluie légère,Autre collision,4,1,4,3,1,3,2,9,4,50,,4,2,0,0,2,21.0,,,,5,2,1,2,6
202100006906,2021-11-20 12:10:00,2021,11,20,12,10,91,91021,CHE DE LA PERRIERE,48.5878143,2.2433046,Plein jour,En agglomération,Intersection en T,Normale,Deux véhicules - côté,4,2,2,0,2,1,1,0,1,50,,2,1,0,0,1,34.0,17.0,,,1,2,3,1,3
202100006907,2021-11-20 06:27:00,2021,11,20,6,27,91,91377,AV DU MARECHAL LECLERC,48.73002,2.30056,Nuit avec éclairage allumé,En agglomération,Intersection en X,Normale,Trois véhicules et plus - collisions multiples,3,1,3,0,1,1,1,5,1,50,,5,0,0,0,5,34.0,19.0,,,5,2,2,1,5
202100006908,2021-11-20 11:25:00,2021,11,20,11,25,91,91027,AV FRANCOIS MITTERRAND,48.699278,2.371853,Plein jour,En agglomération,Hors intersection,Normale,Trois véhicules et plus - en chaîne,3,1,2,0,1,1,1,1,1,70,,5,4,0,0,1,23.0,42.0,,,1,2,1,1,4
202100006909,2021-11-20 23:30:00,2021,11,20,23,30,81,81065,CHATELIER (RUE HENRY LE),43.59021,2.19247,Nuit avec éclairage allumé,En agglomération,Hors intersection,Normale,Deux véhicules - côté,4,2,0,0,1,1,1,0,1,50,,2,1,0,0,1,26.0,19.0,,,5,2,1,1,3
202100006910,2021-11-21 03:15:00,2021,11,21,3,15,77,77040,ALOUETTES(RUE DES),48.527824,2.568856,Nuit avec éclairage allumé,En agglomération,Hors intersection,Normale,Deux véhicules - frontale,4,2,2,0,1,1,1,0,1,50,,2,1,0,0,1,23.0,21.0,,,5,2,1,1,1
202100006911,2021-11-20 11:10:00,2021,11,20,11,10,77,77186,D58,48.39261,2.70355,Plein jour,Hors agglomération,Intersection en T,Normale,Deux véhicules - côté,3,2,2,0,1,1,1,0,1,80,,3,2,0,1,0,50.0,23.0,,,1,1,3,1,3
202100006912,2021-11-20 07:55:00,2021,11,20,7,55,74,74281,DRANSE (AVENUE DE LA),46.3645,6.51137,Plein jour,Hors agglomération,Hors intersection,Normale,Autre collision,3,2,2,0,1,4,1,0,1,70,,2,0,0,0,2,22.0,,,,1,1,1,1,6
202100006913,2021-11-21 04:08:00,2021,11,21,4,8,69,69266,JEAN JAURES (R),45.7566,4.8791,Nuit avec éclairage allumé,En agglomération,Intersection en X,Normale,Deux véhicules - arrière,4,2,2,2,1,1,1,0,1,50,,2,1,0,0,1,58.0,23.0,,,5,2,2,1,2
202100006914,2021-11-19 19:30:00,2021,11,19,19,30,69,69266,JEAN VOILLOT (R),45.75315,4.91088,Nuit avec éclairage allumé,En agglomération,Hors intersection,Temps couvert,Deux véhicules - côté,4,2,2,0,1,1,1,6,4,30,,2,1,0,0,1,39.0,15.0,,,5,2,1,8,3
202100006915,2021-11-21 14:45:00,2021,11,21,14,45,64,64269,PIERRE DE BELSUNCE,43.29257,-0.30839,Plein jour,En agglomération,Hors intersection,Pluie légère,Sans collision,3,2,2,0,4,2,2,0,1,50,,1,0,0,1,0,63.0,,,,1,2,1,2,7
202100006916,2021-11-21 09:40:00,2021,11,21,9,40,64,64445,ALFRED NOBEL,43.30897,-0.32897,Plein jour,Hors agglomération,Hors intersection,Normale,Deux véhicules - arrière,4,2,2,1,1,1,1,0,1,50,,3,2,0,0,1,74.0,59.0,,,1,1,1,1,2
202100006917,2021-11-18 08:15:00,2021,11,18,8,15,51,51230,Rue Louise Auban-Moët,49.033587,3.956606,Crépuscule ou aube,En agglomération,Intersection en T,Temps couvert,Sans collision,4,2,2,0,2,1,1,0,1,50,,2,1,0,1,0,39.0,,,,2,2,3,8,7
202100006918,2021-11-21 19:46:00,2021,11,21,19,46,49,49007,POISSONNERIE,47.4727,-0.55709,Nuit avec éclairage allumé,En agglomération,Hors intersection,Pluie forte,Autre collision,4,2,2,0,1,1,2,0,1,30,,4,2,0,2,0,40.0,,,,5,2,1,3,6
202100006919,2021-11-20 20:55:00,2021,11,20,20,55,44,44162,BOULEVARD SALVADOR ALLENDE,47.22155,-1.63273,Nuit avec éclairage allumé,En agglomération,Hors intersection,Normale,Autre collision,4,3,2,2,1,1,1,0,1,30,,2,1,0,1,0,22.0,,,,5,2,1,1,6
202100006920,2021-11-21 20:30:00,2021,11,21,20,30,35,35051,FOUGERES (ROUTE DE),48.13551,-1.62605,Nuit avec éclairage allumé,En agglomération,Hors intersection,Pluie légère,Deux véhicules - arrière,4,2,2,0,1,1,2,9,1,50,,2,0,0,0,2,24.0,52.0,,,5,2,1,2,2
202100006921,2021-11-21 14:30:00,2021,11,21,14,30,35,35278,RD 137,48.17606,-1.71777,Plein jour,Hors agglomération,Hors intersection,Pluie légère,Deux véhicules - arrière,7,3,4,0,1,1,2,0,1,110,,2,0,0,0,2,33.0,21.0,,,1,1,1,2,2
202100006922,2021-11-21 11:55:00,2021,11,21,11,55,35,35238,FREVILLE (AVENUE HENRI),48.08376,-1.67511,Plein jour,En agglomération,Intersection en X,Pluie légère,Deux véhicules - côté,4,2,4,1,1,1,2,0,1,50,,2,1,0,0,1,79.0,38.0,,,1,2,2,2,3
202100006923,2021-11-14 18:00:00,2021,11,14,18,0,31,31555,ALL DE BELLEFONTAINE,43.564753,1.401522,Plein jour,En agglomération,Hors intersection,Normale,Deux véhicules - frontale,4,1,1,0,1,1,1,0,1,50,,2,1,0,0,1,41.0,60.0,,,1,2,1,1,1
202100006924,2021-11-19 17:35:00,2021,11,19,17,35,31,31555,VA007342 LA CEPIERE  A620 Sortie 27,43.58969,1.3997,Crépuscule ou aube,Hors agglomération,Hors intersection,Normale,Deux véhicules - arrière,1,1,3,0,1,1,1,0,1,90,,2,0,0,0,2,22.0,35.0,,,2,1,1,1,2
202100006925,2021-11-21 16:00:00,2021,11,21,16,0,29,29019,Rue Jean Jaurès,48.39296,-4.47928,Plein jour,En agglomération,Giratoire,Temps éblouissant,Deux véhicules - arrière,4,-1,1,0,2,1,1,5,1,50,,2,1,0,0,1,26.0,30.0,,,1,2,6,7,2
202100006926,2021-11-21 18:30:00,2021,11,21,18,30,27,27681,MONTGOMERY (AVENUE DU MARECHAL),49.0896020242,1.4730480314,Nuit avec éclairage allumé,En agglomération,Hors intersection,Normale,Autre collision,4,2,2,0,1,1,1,0,1,50,,1,0,0,0,1,48.0,,,,5,2,1,1,6
202100006927,2021-11-20 10:30:00,2021,11,20,10,30,25,25056,,47.26591,6.00459,Plein jour,Hors agglomération,Hors intersection,Brouillard / fumée,Trois véhicules et plus - en chaîne,2,3,4,0,1,1,1,0,1,90,,7,4,0,0,3,26.0,68.0,,,1,1,1,5,4
202100006928,2021-11-19 14:00:00,2021,11,19,14,0,17,17306,LAMY (BD FRANCK),45.62712,-1.01305,Plein jour,En agglomération,Hors intersection,Normale,Deux véhicules - côté,4,2,2,0,1,1,1,0,1,50,,2,1,0,0,1,65.0,72.0,,,1,2,1,1,3
202100006929,2021-11-21 04:03:00,2021,11,21,4,3,13,13214,PLOMBIERES (BOULEVARD DES),43.31551,5.38645,Nuit avec éclairage allumé,En agglomération,Hors intersection,Normale,Deux véhicules - arrière,7,3,4,0,1,1,1,0,1,50,,2,1,0,0,1,45.0,,,,5,2,1,1,2
202100006930,2021-11-21 03:00:00,2021,11,21,3,0,13,13214,MORETTI (BOULEVARD),43.32613,5.37651,Nuit avec éclairage allumé,En agglomération,Hors intersection,Normale,Deux véhicules - côté,4,2,2,0,2,1,1,0,1,50,,2,1,0,0,1,24.0,24.0,,,5,2,1,1,3
202100006931,2021-11-20 19:15:00,2021,11,20,19,15,13,13212,PIERRE CHEVALIER (avenue),43.29495,5.42708,Nuit avec éclairage allumé,En agglomération,Hors intersection,Normale,Autre collision,4,3,4,0,2,1,1,5,1,50,,4,3,0,1,0,26.0,,,,5,2,1,1,6
202100006932,2021-11-21 10:30:00,2021,11,21,10,30,13,13001,JUVENAL MAX (AV),43.52506,5.43809,Plein jour,En agglomération,Autre intersection,Pluie légère,Deux véhicules - côté,4,-1,1,0,1,1,2,9,8,10,,2,1,0,0,1,33.0,,,,1,2,9,2,3
202100006933,2021-11-19 17:35:00,2021,11,19,17,35,12,12089,RD 840,44.56178,2.25265,Nuit avec éclairage allumé,Hors agglomération,Hors intersection,Normale,Deux véhicules - côté,3,2,2,0,1,1,1,0,1,90,,2,1,0,0,1,15.0,76.0,,,5,1,1,1,3
202100006934,2021-11-21 07:51:00,2021,11,21,7,51,06,06088,VOIE RAPIDE,43.69805,7.24813,Crépuscule ou aube,En agglomération,Autre intersection,Temps couvert,Deux véhicules - côté,4,3,6,0,1,1,1,0,1,70,,3,2,0,0,1,27.0,22.0,,,2,2,9,8,3
202100006935,2021-11-21 18:50:00,2021,11,21,18,50,75,75113,PORTE D ITALIE,48.8172,2.366254,Nuit avec éclairage allumé,En agglomération,Hors intersection,Normale,Deux véhicules - côté,4,1,4,0,1,1,2,0,1,70,,6,5,0,0,1,42.0,41.0,,,5,2,1,1,3
202100006936,2021-11-20 17:45:00,2021,11,20,17,45,75,75112,PORTE DE VINCENNES,48.84225,2.413863,Nuit avec éclairage allumé,En agglomération,Hors intersection,Normale,Deux véhicules - côté,4,1,4,0,1,1,1,0,1,70,,2,1,0,0,1,35.0,,,,5,2,1,1,3
202100006937,2021-11-21 15:34:00,2021,11,21,15,34,75,75118,BOULEVARD NEY,48.898073,2.344277,Plein jour,En agglomération,Intersection en X,Pluie légère,Autre collision,4,2,0,3,1,1,2,-1,6,10,,2,1,0,0,1,44.0,,,,1,2,2,2,6
202100006938,2021-11-21 14:10:00,2021,11,21,14,10,75,75118,BOULEVARD DE LA CHAPELLE,48.884181,2.35412,Plein jour,En agglomération,Intersection en T,Pluie légère,Autre collision,4,1,1,0,1,1,2,0,1,30,,2,1,0,0,1,43.0,,,,1,2,3,2,6
202100006939,2021-11-20 20:30:00,2021,11,20,20,30,75,75116,AVENUE KLEBER,48.871724,2.293519,Nuit avec éclairage allumé,En agglomération,Hors intersection,Normale,Deux véhicules - côté,4,2,4,0,1,1,1,0,1,30,,2,1,0,0,1,28.0,60.0,,,5,2,1,1,3
202100006940,2021-11-21 01:00:00,2021,11,21,1,0,75,75116,AVENUE DE L HIPPODROME,48.861238,2.239737,Nuit avec éclairage allumé,En agglomération,Hors intersection,Pluie légère,Sans collision,4,2,2,0,1,1,2,0,1,50,,2,0,0,0,2,19.0,,,,5,2,1,2,7
202100006941,2021-11-21 17:15:00,2021,11,21,17,15,75,75114,RUE DU MONTPARNASSE,48.841773,2.325315,Nuit avec éclairage allumé,En agglomération,Hors intersection,Temps couvert,Sans collision,4,1,1,0,1,1,2,0,1,30,,1,0,0,0,1,53.0,,,,5,2,1,8,7
202100006942,2021-11-21 00:10:00,2021,11,21,0,10,75,75110,BOULEVARD DE MAGENTA,48.88361,2.349562,Nuit avec éclairage allumé,En agglomération,Intersection en X,Temps couvert,Autre collision,4,1,0,0,1,3,1,0,1,50,,2,1,0,0,1,,,,,5,2,2,8,6
202100006943,2021-11-20 19:30:00,2021,11,20,19,30,75,75108,AVENUE DE FRIEDLAND,48.874078,2.298212,Nuit avec éclairage allumé,En agglomération,Intersection en Y,Normale,Deux véhicules - côté,4,3,4,0,1,1,1,0,1,30,,4,2,0,0,2,25.0,55.0,,,5,2,4,1,3
202100006944,2021-11-21 19:18:00,2021,11,21,19,18,75,75107,RUE SAINT DOMINIQUE,48.859946,2.313106,Nuit avec éclairage allumé,En agglomération,Intersection en X,Normale,Deux véhicules - côté,4,2,3,0,1,1,1,0,1,30,,3,2,0,1,0,31.0,62.0,,,5,2,2,1,3
202100006945,2021-11-21 15:40:00,2021,11,21,15,40,75,75101,RUE DU LOUVRE,48.865283,2.343087,Plein jour,En agglomération,Intersection en X,Pluie légère,Deux véhicules - frontale,4,3,2,0,1,1,2,0,1,30,,2,1,0,0,1,83.0,42.0,,,1,2,2,2,1
202100006946,2021-11-21 13:00:00,2021,11,21,13,0,94,94075,Avenue du Mal de Lattre de Tassigny,48.72745,2.53112,Plein jour,En agglomération,Intersection en Y,Pluie légère,Deux véhicules - côté,2,2,2,0,1,1,2,0,1,90,,2,1,0,0,1,33.0,77.0,,,1,2,4,2,3
202100006947,2021-11-21 12:50:00,2021,11,21,12,50,94,94002,Rue de Mâcon,48.78587,2.4296,Plein jour,En agglomération,Intersection en X,Pluie légère,Deux véhicules - côté,4,2,2,0,1,1,2,0,1,50,,3,2,0,0,1,57.0,39.0,,,1,2,2,2,3
202100006948,2021-11-21 12:55:00,2021,11,21,12,55,93,93078,TOULOUSE-LAUTREC (ALLEE),48.95292,2.55311,Plein jour,En agglomération,Intersection en X,Pluie forte,Deux véhicules - côté,4,2,2,0,1,1,2,0,1,50,,2,1,0,0,1,72.0,43.0,,,1,2,2,3,3
202100006949,2021-11-21 10:40:00,2021,11,21,10,40,93,93001,VICTOR HUGO (AVE)  => N° 129,48.9102570407,2.3788885122,Plein jour,En agglomération,Hors intersection,Pluie légère,Deux véhicules - côté,3,2,4,0,1,1,2,0,1,50,,2,1,0,0,1,23.0,,,,1,2,1,2,3
202100006950,2021-11-21 19:25:00,2021,11,21,19,25,92,92040,Rue de la Défense,48.8194722641,2.2616332769,Nuit avec éclairage allumé,En agglomération,Hors intersection,Normale,Deux véhicules - côté,4,1,1,0,2,1,2,0,1,50,,3,1,0,0,1,,18.0,,,5,2,1,1,3
202100006951,2021-11-21 13:15:00,2021,11,21,13,15,92,92012,JEAN JAURES (BOULEVARD) 217/FIN - 210/FI,48.82543,2.24816,Plein jour,En agglomération,Hors intersection,Pluie légère,Autre collision,4,2,2,0,1,1,2,0,1,50,,2,1,0,0,1,75.0,,,,1,2,1,2,6
202100006952,2021-11-21 21:30:00,2021,11,21,21,30,95,95313,A16,49.105708,2.259793,Nuit sans éclairage public,Hors agglomération,Hors intersection,Temps couvert,Autre collision,1,1,2,0,2,3,1,0,3,70,,1,0,0,0,1,28.0,,,,3,1,1,8,6
202100006953,2021-11-21 18:45:00,2021,11,21,18,45,01,01427,avenue du premier RFM,45.937184,4.785501,Nuit avec éclairage allumé,En agglomération,Hors intersection,Normale,Autre collision,3,2,2,0,1,1,1,0,1,50,,1,0,1,0,0,74.0,,,,5,2,1,1,6
202100006954,2021-11-21 15:42:00,2021,11,21,15,42,59,59553,Rue du Marechal Foch,50.595364,2.957535,Plein jour,En agglomération,Hors intersection,Pluie légère,Deux véhicules - frontale,7,2,2,0,1,1,2,0,1,50,,9,5,0,3,1,32.0,42.0,,,1,2,1,2,1
202100006955,2021-11-21 14:50:00,2021,11,21,14,50,51,51618,D247/D14E,48.80799,3.440856,Plein jour,Hors agglomération,Intersection en X,Pluie légère,Deux véhicules - côté,3,2,2,0,1,1,2,0,1,80,,2,1,0,0,1,45.0,49.0,,,1,1,2,2,3
202100006956,2021-11-05 15:00:00,2021,11,5,15,0,79,79076,D 19,46.73732,-0.482535,Plein jour,En agglomération,Intersection en X,Normale,Sans collision,3,2,2,0,1,1,1,0,3,80,,1,0,0,1,0,14.0,,,,1,2,2,1,7
202100006957,2021-10-31 17:30:00,2021,10,31,17,30,63,63306,RD 01 /  RD 118,45.714005,3.221102,Crépuscule ou aube,Hors agglomération,Intersection en T,Normale,Deux véhicules - côté,3,2,2,0,2,1,1,0,1,80,,3,2,0,1,0,19.0,80.0,,,2,1,3,1,3
202100006958,2021-11-21 18:05:00,2021,11,21,18,5,29,29165,Lieu Dit Kerorgant,47.835399,-4.226357,Crépuscule ou aube,Hors agglomération,Hors intersection,Autre,Deux véhicules - arrière,3,2,2,0,1,1,2,0,1,70,,2,1,0,0,1,66.0,53.0,,,2,1,1,9,2