accident_id,datetime,annee,mois,jour,heure,minute,departement,commune_insee,adresse,latitude,longitude,luminosite,agglomeration,intersection,meteo,collision,catr,circ,nbv,vosp,prof,plan,surf,infra,situ,vma,nb_vehicules,nb_usagers,nb_indemnes,nb_tues,nb_blesses_hosp,nb_blesses_legers,age_cond_1,age_cond_2,veh_type_cond_1,veh_type_cond_2,lum_code,agg_code,int_code,atm_code,col_code
202100006959,2021-11-22 08:10:00,2021,11,22,8,10,01,01069,Che des Brovieres,46.116625,5.277563,Crépuscule ou aube,Hors agglomération,Intersection en X,Brouillard / fumée,Deux véhicules - côté,3,2,2,0,1,1,1,0,1,80,,2,1,0,0,1,52.0,22.0,,,2,1,2,5,3
202100006960,2021-11-22 06:50:00,2021,11,22,6,50,01,01236,D28,46.331551,5.083762,Crépuscule ou aube,Hors agglomération,Intersection en X,Normale,Trois véhicules et plus - collisions multiples,3,2,2,0,3,1,1,0,1,80,,4,3,0,0,1,30.0,38.0,,,2,1,2,1,5
202100006961,2021-11-22 19:15:00,2021,11,22,19,15,70,70171,D64,47.889039,6.301174,Nuit sans éclairage public,Hors agglomération,Hors intersection,Normale,Deux véhicules - frontale,3,2,2,0,1,1,1,0,1,80,,5,4,0,0,1,57.0,25.0,,,3,1,1,1,1
202100006962,2021-11-21 19:20:00,2021,11,21,19,20,72,72226,D213 - Lieu dit Chateau Gaillard,47.8198,0.111,Nuit sans éclairage public,Hors agglomération,Hors intersection,Pluie légère,Sans collision,3,2,2,0,1,1,2,0,3,80,,3,1,0,2,0,20.0,,,,3,1,1,2,7
202100006963,2021-11-22 01:30:00,2021,11,22,1,30,14,14172,D514,49.338008,-0.721321,Nuit sans éclairage public,Hors agglomération,Hors intersection,Temps couvert,Autre collision,3,2,2,0,1,1,2,0,3,80,,1,0,0,1,0,44.0,,,,3,1,1,8,6
202100006964,2021-11-21 17:55:00,2021,11,21,17,55,18,18087,Rue Michelet,46.88511,2.575033,Nuit avec éclairage allumé,En agglomération,Intersection en X,Pluie légère,Deux véhicules - côté,3,1,1,0,1,1,2,0,1,50,,2,1,0,0,1,28.0,14.0,,,5,2,2,2,3
202100006965,2021-11-21 23:06:00,2021,11,21,23,6,18,18265,PK 50+500,46.988216,3.002722,Nuit sans éclairage public,Hors agglomération,Hors intersection,Pluie légère,Sans collision,3,2,2,0,1,1,2,0,1,80,,1,0,0,1,0,52.0,,,,3,1,1,2,7
202100006966,2021-11-21 09:00:00,2021,11,21,9,0,16,16269,d33,45.672484,0.349288,Plein jour,Hors agglomération,Hors intersection,Normale,Autre collision,3,2,2,0,1,1,1,0,3,80,,1,0,0,1,0,19.0,,,,1,1,1,1,6
202100006967,2021-11-21 20:30:00,2021,11,21,20,30,27,27036,11 Route Nationale 12,48.7433018489,0.9717145913,Nuit sans éclairage public,Hors agglomération,Hors intersection,Normale,Sans collision,2,2,3,0,1,1,2,0,3,90,,1,0,0,1,0,37.0,,,,3,1,1,1,7
202100006968,2021-11-22 15:48:00,2021,11,22,15,48,31,31022,A62 Pk 223.300,43.669951,1.419339,Plein jour,Hors agglomération,Hors intersection,Normale,Deux véhicules - frontale,1,1,4,0,1,1,1,0,1,110,,2,1,0,0,1,89.0,59.0,,,1,1,1,1,1
202100006969,2021-11-19 17:40:00,2021,11,19,17,40,68,68234,A35,47.950046,7.365276,Nuit sans éclairage public,Hors agglomération,Hors intersection,Brouillard / fumée,Deux véhicules - arrière,1,3,4,0,1,1,2,0,1,130,,2,1,0,0,1,19.0,44.0,,,3,1,1,5,2
202100006970,2021-11-22 15:54:00,2021,11,22,15,54,85,85130,D948 - PR057+200,46.780689,-1.687067,Plein jour,Hors agglomération,Hors intersection,Normale,Deux véhicules - frontale,3,2,2,0,1,1,1,0,1,-1,,2,1,1,0,0,54.0,41.0,,,1,1,1,1,1
202100006971,2021-11-21 15:40:00,2021,11,21,15,40,30,30036,A9 - PK 61+600,43.7737898496,4.2819857597,Plein jour,Hors agglomération,Hors intersection,Normale,Deux véhicules - côté,1,3,3,0,1,1,1,8,1,90,,4,2,0,1,1,59.0,22.0,,,1,1,1,1,3
202100006972,2021-11-22 16:50:00,2021,11,22,16,50,988,98832,Yaté,-22.224335,166.845002,Plein jour,Hors agglomération,Hors intersection,Normale,Autre collision,4,2,2,0,1,2,1,0,3,90,,4,2,0,1,1,39.0,,,,1,1,1,1,6
202100006973,2021-11-21 19:45:00,2021,11,21,19,45,974,97419,Route Nationale 2,-21.132938,55.804641,Nuit avec éclairage allumé,En agglomération,Hors intersection,Normale,Deux véhicules - frontale,2,2,2,0,1,3,1,0,3,50,,1,0,0,1,0,28.0,,,,5,2,1,1,1
202100006974,2021-11-21 16:10:00,2021,11,21,16,10,973,97304,"RN1, PK 058.500",5.147281,-52.708368,Plein jour,Hors agglomération,Hors intersection,Normale,Deux véhicules - frontale,2,2,2,0,1,1,2,0,1,80,,2,0,0,1,1,47.0,51.0,,,1,1,1,1,1
202100006975,2021-11-21 10:10:00,2021,11,21,10,10,37,37163,44 vallée de vaugadeland,47.436691177,0.9400056303,Plein jour,En agglomération,Hors intersection,Pluie légère,Autre collision,4,2,2,0,1,3,2,0,3,50,,2,1,0,1,0,19.0,,,,1,2,1,2,6
202100006976,2021-11-16 16:25:00,2021,11,16,16,25,06,06065,Route de Saint-Laurent,43.721793,7.167211,Plein jour,En agglomération,Intersection en T,Temps éblouissant,Deux véhicules - côté,7,2,2,0,1,3,1,0,1,50,,2,1,0,1,0,68.0,52.0,,,1,2,3,7,3
202100006977,2021-11-21 20:44:00,2021,11,21,20,44,21,21265,D122,47.252178,4.976313,Nuit sans éclairage public,Hors agglomération,Hors intersection,Normale,Autre collision,3,2,2,0,1,1,1,0,3,80,,1,0,0,1,0,22.0,,,,3,1,1,1,6
202100006978,2021-11-17 07:54:00,2021,11,17,7,54,79,79270,44 Avenue du Président Wilson,46.409236,-0.218364,Crépuscule ou aube,En agglomération,Hors intersection,Brouillard / fumée,Deux véhicules - côté,3,2,2,0,1,1,1,0,1,50,,2,1,0,1,0,15.0,31.0,,,2,2,1,5,3
202100006979,2021-11-11 19:05:00,2021,11,11,19,5,35,35066,D34,48.05046,-1.713696,Nuit sans éclairage public,Hors agglomération,Autre intersection,Normale,Deux véhicules - frontale,7,2,2,0,1,1,1,0,1,80,,3,2,0,0,1,19.0,20.0,,,3,1,9,1,1
202100006980,2021-11-22 08:10:00,2021,11,22,8,10,60,60612,1 Boulevard Pasteur,49.208682,2.584459,Plein jour,En agglomération,Hors intersection,Normale,Autre collision,3,2,2,0,1,1,1,0,1,50,,2,1,0,0,1,70.0,,,,1,2,1,1,6
202100006981,2021-11-07 19:15:00,2021,11,7,19,15,13,13071,A5501DSens Lyon vers A55-Mlle Vieux Port,43.39652,5.29842,Nuit sans éclairage public,Hors agglomération,Hors intersection,Normale,Deux véhicules - arrière,1,1,2,0,2,3,1,2,1,90,,5,3,0,0,2,26.0,34.0,,,3,1,1,1,2
202100006982,2021-11-21 08:20:00,2021,11,21,8,20,13,13085,A50-Sens Aubagne vers Toulon,43.26077,5.59113,Crépuscule ou aube,Hors agglomération,Hors intersection,Normale,Autre collision,1,1,3,0,3,3,1,0,1,110,,1,0,0,0,1,36.0,,,,2,1,1,1,6
202100006983,2021-11-20 17:00:00,2021,11,20,17,0,69,69382,M6   455.000 A 455.614,45.75028,4.82453,Nuit avec éclairage allumé,Hors agglomération,Hors intersection,Normale,Trois véhicules et plus - en chaîne,7,4,2,0,2,3,1,2,1,70,,4,2,0,0,2,82.0,49.0,,,5,1,1,1,4
202100006984,2021-11-16 14:30:00,2021,11,16,14,30,67,67482,M35,48.5876060763,7.7283722162,Plein jour,Hors agglomération,Hors intersection,Temps couvert,Trois véhicules et plus - en chaîne,7,3,4,0,1,1,1,0,1,90,,3,2,0,0,1,28.0,52.0,,,1,1,1,8,4
202100006985,2021-11-21 10:44:00,2021,11,21,10,44,94,94034,AUTOROUTE A86,48.75745,2.33483,Plein jour,Hors agglomération,Hors intersection,Pluie légère,Deux véhicules - frontale,1,1,2,0,2,2,2,3,1,70,,1,0,0,0,1,44.0,,,,1,1,1,2,1
202100006986,2021-11-21 11:25:00,2021,11,21,11,25,78,78402,A13,48.9643,1.7977,Plein jour,Hors agglomération,Hors intersection,Pluie légère,Trois véhicules et plus - collisions multiples,1,3,3,0,1,1,2,0,1,110,,3,2,0,0,1,57.0,77.0,,,1,1,1,2,5
202100006987,2021-11-20 18:10:00,2021,11,20,18,10,78,78126,A13,48.837966,2.123762,Nuit avec éclairage allumé,Hors agglomération,Hors intersection,Normale,Deux véhicules - arrière,1,3,4,0,1,1,1,3,1,110,,2,0,0,0,2,50.0,27.0,,,5,1,1,1,2
202100006988,2021-11-21 19:30:00,2021,11,21,19,30,95,95582,RD 170,48.964342,2.268437,Nuit sans éclairage public,Hors agglomération,Hors intersection,Normale,Deux véhicules - arrière,3,3,4,0,1,1,1,0,1,70,,2,0,0,1,1,68.0,53.0,,,3,1,1,1,2
202100006989,2021-11-21 16:05:00,2021,11,21,16,5,95,95572,RN 184,49.034592,2.113404,Plein jour,Hors agglomération,Hors intersection,Pluie légère,Autre collision,2,1,4,0,3,3,2,0,1,70,,2,0,0,0,2,25.0,,,,1,1,1,2,6
202100006990,2021-11-21 20:30:00,2021,11,21,20,30,77,77294,A104,48.9702456742,2.5705678494,Nuit sans éclairage public,Hors agglomération,Hors intersection,Normale,Autre collision,1,3,7,0,1,1,1,0,1,110,,4,2,0,0,2,44.0,67.0,,,3,1,1,1,6
202100006991,2021-11-21 15:00:00,2021,11,21,15,0,93,93051,A4,48.83658,2.54541,Plein jour,Hors agglomération,Hors intersection,Pluie légère,Sans collision,1,3,5,0,2,3,2,0,1,110,,2,0,0,0,2,36.0,,,,1,1,1,2,7
202100006992,2021-11-21 14:00:00,2021,11,21,14,0,94,94052,A86.EXT,48.83125,2.49191,Plein jour,Hors agglomération,Hors intersection,Pluie forte,Deux véhicules - arrière,1,3,6,0,1,2,2,1,1,70,,2,1,0,0,1,23.0,27.0,,,1,1,1,3,2
202100006993,2021-11-20 23:20:00,2021,11,20,23,20,94,94017,A4,48.830054266,2.4955528834,Nuit sans éclairage public,Hors agglomération,Hors intersection,Normale,Trois véhicules et plus - en chaîne,1,1,4,0,1,1,1,0,1,90,,3,2,0,0,1,31.0,33.0,,,3,1,1,1,4
202100006994,2021-11-20 20:15:00,2021,11,20,20,15,94,94018,A4,48.8239728968,2.3943068395,Nuit avec éclairage allumé,Hors agglomération,Hors intersection,Normale,Autre collision,1,3,10,0,1,1,1,0,1,90,,1,0,0,0,1,33.0,,,,5,1,1,1,6
202100006995,2021-07-24 23:24:00,2021,7,24,23,24,29,29019,Rue Pierre Loti,48.38233,-4.503545,Nuit avec éclairage allumé,En agglomération,Intersection en X,Normale,Deux véhicules - côté,4,2,2,0,2,1,1,0,1,50,,3,2,0,0,1,25.0,33.0,,,5,2,2,1,3
202100006996,2021-08-25 07:00:00,2021,8,25,7,0,74,74123,D1508,45.756935,6.2702971,Plein jour,Hors agglomération,Hors intersection,Normale,Deux véhicules - frontale,3,2,2,0,1,1,1,0,1,80,,3,1,1,0,1,19.0,20.0,,,1,1,1,1,1
202100006997,2021-11-20 13:15:00,2021,11,20,13,15,91,91114,RTE NATIONALE 6,48.681774,2.492037,Plein jour,En agglomération,Hors intersection,Normale,Deux véhicules - arrière,2,1,2,0,1,1,1,0,1,50,,7,3,0,0,4,63.0,50.0,,,1,2,1,1,2
202100006998,2021-11-20 20:15:00,2021,11,20,20,15,988,98818,AVENUE JAMES COOK,-22.26285,166.39706,Nuit sans éclairage public,En agglomération,Hors intersection,Pluie forte,Sans collision,4,2,2,0,2,2,2,0,1,50,,3,1,0,0,2,32.0,,,,3,2,1,3,7
202100006999,2021-11-20 09:05:00,2021,11,20,9,5,974,97411,JAURES (BOULEVARD JEAN),-20.9010008023,55.491181612,Plein jour,En agglomération,Hors intersection,Normale,Deux véhicules - arrière,2,1,2,0,1,1,1,0,1,70,,3,2,0,1,0,45.0,50.0,,,1,2,1,1,2
202100007000,2021-11-19 14:15:00,2021,11,19,14,15,974,97407,ROUTE NATIONALE N° 1,-20.95141,55.31833,Plein jour,Hors agglomération,Hors intersection,Normale,Deux véhicules - arrière,2,3,4,0,3,1,1,0,1,110,,2,0,0,0,2,40.0,56.0,,,1,1,1,1,2
202100007001,2021-11-20 02:00:00,2021,11,20,2,0,69,69383,GENERAL MOUTON DUVERNET (DU) (R),45.75262,4.86163,Nuit avec éclairage allumé,En agglomération,Hors intersection,Normale,Sans collision,4,2,3,1,1,1,1,0,1,50,,2,1,0,0,1,,,,,5,2,1,1,7
202100007002,2021-11-20 13:46:00,2021,11,20,13,46,972,97213,AUTOROUTE A1,14.6177,-61.01795,Plein jour,En agglomération,Hors intersection,Normale,Trois véhicules et plus - en chaîne,1,1,4,0,1,1,1,0,1,90,,3,2,0,0,1,27.0,43.0,,,1,2,1,1,4
202100007003,2021-11-18 10:00:00,2021,11,18,10,0,972,97209,BISHOP (Avenue Maurice),14.61339,-61.05239,Plein jour,En agglomération,Hors intersection,Pluie légère,Sans collision,9,2,6,3,1,1,2,0,1,50,,2,1,0,1,0,45.0,,,,1,2,1,2,7
202100007004,2021-11-20 16:44:00,2021,11,20,16,44,971,97101,PALAIS ROYAL,16.28768,-61.49478,Plein jour,En agglomération,Intersection en T,Pluie légère,Deux véhicules - côté,2,2,1,0,2,1,2,0,1,70,,2,1,0,1,0,18.0,39.0,,,1,2,3,2,3
202100007005,2021-11-20 16:50:00,2021,11,20,16,50,91,91114,AV DE L ERMITAGE,48.689259,2.491143,Plein jour,En agglomération,Autre intersection,Normale,Deux véhicules - arrière,4,2,2,0,1,1,1,0,1,50,,2,1,0,0,1,70.0,15.0,,,1,2,9,1,2
202100007006,2021-11-10 07:40:00,2021,11,10,7,40,86,86066,Le Pautron,46.77907,0.54878,Crépuscule ou aube,Hors agglomération,Hors intersection,Normale,Deux véhicules - côté,3,3,2,0,1,1,1,0,1,90,,2,1,0,1,0,67.0,52.0,,,2,1,1,1,3
202100007007,2021-11-20 10:00:00,2021,11,20,10,0,83,83062,FABRI DE PEIRESC (AVENUE),43.14107,6.03003,Plein jour,Hors agglomération,Hors intersection,Normale,Autre collision,4,2,2,0,1,1,1,0,1,50,,2,1,0,0,1,42.0,32.0,,,1,1,1,1,6
202100007008,2021-11-20 15:15:00,2021,11,20,15,15,83,83126,POMPIDOU (CORNICHE GEORGES),43.08352,5.89566,Plein jour,En agglomération,Hors intersection,Normale,Deux véhicules - arrière,4,2,2,0,1,1,1,0,1,50,,2,1,1,0,0,51.0,75.0,,,1,2,1,1,2
202100007009,2021-11-19 19:45:00,2021,11,19,19,45,81,81021,THORE,43.50835,2.35003,Nuit sans éclairage public,En agglomération,Hors intersection,Normale,Deux véhicules - frontale,4,2,2,0,1,1,1,0,1,50,,5,3,0,0,2,36.0,16.0,,,3,2,1,1,1
202100007010,2021-11-19 18:40:00,2021,11,19,18,40,79,79191,Avenue de Nantes,46.34091,-0.4892,Nuit avec éclairage allumé,En agglomération,Intersection en X,Normale,Deux véhicules - côté,3,2,3,0,1,1,1,5,1,50,,3,2,0,0,1,34.0,42.0,,,5,2,2,1,3
202100007011,2021-11-20 20:28:00,2021,11,20,20,28,78,78311,JEAN JACQUES ROUSSEAU (AVENUE),48.918004,2.184444,Nuit avec éclairage allumé,En agglomération,Intersection en T,Normale,Deux véhicules - côté,3,2,4,1,1,1,1,5,1,50,,2,1,0,1,0,60.0,19.0,,,5,2,3,1,3
202100007012,2021-11-20 13:00:00,2021,11,20,13,0,76,76231,VERDUN. RUE DE,49.28933,1.005875,Plein jour,En agglomération,Hors intersection,Normale,Autre collision,4,1,1,0,1,1,1,0,1,50,,2,1,0,0,1,67.0,,,,1,2,1,1,6
202100007013,2021-11-20 19:40:00,2021,11,20,19,40,64,64445,PIERRE BONNARD,43.31012,-0.36085,Nuit sans éclairage public,En agglomération,Intersection en T,Normale,Deux véhicules - frontale,4,2,1,0,1,1,1,0,1,50,,2,1,0,0,1,31.0,35.0,,,3,2,3,1,1
202100007014,2021-11-20 16:25:00,2021,11,20,16,25,64,64445,JEAN MERMOZ,43.3187,-0.3785,Plein jour,En agglomération,Hors intersection,Normale,Deux véhicules - côté,4,2,2,1,1,1,1,0,1,50,,2,1,0,0,1,82.0,27.0,,,1,2,1,1,3
202100007015,2021-11-20 12:25:00,2021,11,20,12,25,64,64102,LOUIS DE FOIX (AVENUE),43.50575,-1.46731,Plein jour,En agglomération,Hors intersection,Normale,Sans collision,3,2,2,0,1,1,1,8,1,30,,1,0,0,0,1,56.0,,,,1,2,1,1,7
202100007016,2021-11-20 07:00:00,2021,11,20,7,0,44,44109,SCHUMAN ( BD ROBERT ),47.23577,-1.56787,Nuit avec éclairage allumé,En agglomération,Hors intersection,Normale,Deux véhicules - frontale,4,2,0,0,1,1,1,0,1,50,,3,1,0,2,0,,23.0,,,5,2,1,1,1
202100007017,2021-11-20 20:40:00,2021,11,20,20,40,37,37261,CAMUS (RUE ALBERT),47.4158241319,0.7099639218,Nuit avec éclairage allumé,En agglomération,Hors intersection,Normale,Autre collision,4,2,2,0,1,1,1,0,4,50,,1,0,0,0,1,23.0,,,,5,2,1,1,6
202100007018,2021-11-20 02:15:00,2021,11,20,2,15,37,37261,SAND (RUE GEORGES),47.3849822666,0.6880410402,Nuit avec éclairage allumé,En agglomération,Hors intersection,Normale,Autre collision,4,1,1,0,1,1,1,0,1,50,,1,0,0,0,1,20.0,,,,5,2,1,1,6
202100007019,2021-11-21 23:30:00,2021,11,21,23,30,35,35238,LORIENT (DE),48.10899,-1.70584,Nuit avec éclairage allumé,En agglomération,Hors intersection,Pluie légère,Autre collision,4,2,2,0,1,1,2,0,1,50,,2,0,0,0,2,19.0,,,,5,2,1,2,6
202100007020,2021-11-20 17:45:00,2021,11,20,17,45,34,34172,LAVERUNE (ROUTE DE,43.60081,3.8455,Nuit avec éclairage allumé,En agglomération,Intersection en T,Normale,Deux véhicules - frontale,4,2,2,0,1,1,1,0,1,30,,3,2,0,1,0,21.0,51.0,,,5,2,3,1,1
202100007021,2021-11-19 14:00:00,2021,11,19,14,0,34,34172,AEROPORT INTERNATIONAL (CARREFOUR DE L'),43.60889,3.8959,Plein jour,En agglomération,Intersection en Y,Normale,Deux véhicules - arrière,4,3,4,0,1,1,1,5,1,50,,2,0,0,2,0,33.0,32.0,,,1,2,4,1,2
202100007022,2021-11-20 19:35:00,2021,11,20,19,35,33,33192,Chemin d'Ornon,44.77288,-0.6398,Nuit avec éclairage allumé,En agglomération,Giratoire,Normale,Deux véhicules - frontale,4,2,2,1,1,3,1,0,1,50,,2,1,0,1,0,31.0,59.0,,,5,2,6,1,1
202100007023,2021-11-18 08:30:00,2021,11,18,8,30,33,33063,Rue de Gironde,44.86403,-0.5499,Plein jour,En agglomération,Intersection en T,Normale,Deux véhicules - côté,4,1,1,0,1,1,1,0,6,20,,2,1,0,0,1,58.0,36.0,,,1,2,3,1,3
202100007024,2021-11-19 07:35:00,2021,11,19,7,35,31,31555,D980,43.6055929371,1.3678085804,Crépuscule ou aube,Hors agglomération,Hors intersection,Normale,Trois véhicules et plus - en chaîne,7,3,2,0,1,1,1,3,1,90,,3,2,0,0,1,59.0,29.0,,,2,1,1,1,4
202100007025,2021-11-20 09:20:00,2021,11,20,9,20,29,29019,Rue de Kerleguer,48.41935,-4.50991,Plein jour,En agglomération,Intersection à plus de 4 branches,Normale,Deux véhicules - frontale,4,2,0,0,3,1,1,0,1,50,,2,1,0,0,1,40.0,19.0,,,1,2,5,1,1
202100007026,2021-11-20 15:35:00,2021,11,20,15,35,27,27229,RESISTANCE (RUE DE LA),49.01961,1.15438,Plein jour,En agglomération,Hors intersection,Temps couvert,Deux véhicules - arrière,4,1,2,0,1,1,1,0,1,50,,2,1,0,0,1,48.0,28.0,,,1,2,1,8,2
202100007027,2021-11-17 18:40:00,2021,11,17,18,40,25,25388,CHABAUD-LATOUR (AVENUE),47.51142,6.80859,Nuit avec éclairage allumé,En agglomération,Autre intersection,Temps couvert,Deux véhicules - arrière,3,3,2,2,1,1,1,9,8,50,,2,0,0,0,2,82.0,22.0,,,5,2,9,8,2
202100007028,2021-11-20 21:40:00,2021,11,20,21,40,24,24557,GRANDOU (AVENUE MICHEL),45.18993,0.73392,Nuit avec éclairage allumé,En agglomération,Intersection en T,Brouillard / fumée,Deux véhicules - côté,3,-1,0,0,1,3,1,0,1,50,,2,1,0,1,0,22.0,22.0,,,5,2,3,5,3
202100007029,2021-11-19 18:10:00,2021,11,19,18,10,22,22360,RD700,48.4674582422,-2.7773437479,Nuit sans éclairage public,Hors agglomération,Hors intersection,Normale,Trois véhicules et plus - en chaîne,3,1,2,0,1,1,1,0,1,90,,4,2,0,0,2,46.0,20.0,,,3,1,1,1,4
202100007030,2021-11-19 10:50:00,2021,11,19,10,50,21,21054,GAULLE (AVENUE DU GENERAL DE),47.0195679077,4.8354859838,Plein jour,En agglomération,Hors intersection,Normale,Autre collision,4,2,2,0,1,1,1,0,8,50,,2,1,0,1,0,75.0,,,,1,2,1,1,6
202100007031,2021-11-18 09:40:00,2021,11,18,9,40,19,19275,PRE PASCAL (AVENUE),45.5465676175,2.3174999704,Plein jour,En agglomération,Intersection en Y,Normale,Deux véhicules - côté,4,2,3,0,4,1,1,0,1,50,,2,1,0,1,0,71.0,57.0,,,1,2,4,1,3
202100007032,2021-11-20 09:55:00,2021,11,20,9,55,17,17300,BRACQ   IMPASSE ANDRE,46.16952,-1.20337,Plein jour,En agglomération,Hors intersection,Autre,Autre collision,4,1,1,0,2,1,1,0,1,50,,2,1,0,0,1,86.0,,,,1,2,1,9,6
202100007033,2021-11-21 00:10:00,2021,11,21,0,10,13,13208,GOUDES (CHEMIN DES),43.22793,5.35127,Nuit avec éclairage allumé,En agglomération,Hors intersection,Normale,Sans collision,4,2,2,0,1,3,2,0,1,50,,1,0,0,0,1,23.0,,,,5,2,1,1,7
202100007034,2021-11-20 22:30:00,2021,11,20,22,30,13,13203,PLOMBIERES (BOULEVARD DES),43.31877,5.37907,Nuit avec éclairage allumé,En agglomération,Autre intersection,Normale,Deux véhicules - côté,7,-1,2,0,1,1,1,0,1,50,,2,1,0,0,1,40.0,,,,5,2,9,1,3
202100007035,2021-11-20 19:10:00,2021,11,20,19,10,13,13063,THEODORE AUBANEL BOULEVARD,43.5879,4.99968,Nuit avec éclairage allumé,En agglomération,Hors intersection,Normale,Deux véhicules - côté,4,2,1,0,1,1,1,0,1,30,,3,2,0,1,0,,38.0,,,5,2,1,1,3
202100007036,2021-11-20 06:10:00,2021,11,20,6,10,13,13047,MARCEL DASSAULT ROND POINT,43.50018,4.96676,Nuit avec éclairage allumé,En agglomération,Hors intersection,Normale,Deux véhicules - frontale,2,1,1,0,1,3,1,0,8,30,,1,0,0,0,1,31.0,,,,5,2,1,1,1
202100007037,2021-11-20 17:27:00,2021,11,20,17,27,10,10387,VOLTAIRE (RUE),48.294,4.06608,Nuit avec éclairage allumé,En agglomération,Hors intersection,Normale,Deux véhicules - côté,4,2,4,0,1,1,1,0,1,50,,2,1,0,0,1,44.0,69.0,,,5,2,1,1,3
202100007038,2021-11-20 14:24:00,2021,11,20,14,24,10,10387,PETITE RUE ROBERT,48.2939,4.0819,Plein jour,En agglomération,Intersection en X,Normale,Deux véhicules - côté,4,1,1,0,1,1,1,0,1,50,,2,1,0,0,1,19.0,19.0,,,1,2,2,1,3
202100007039,2021-11-20 14:14:00,2021,11,20,14,14,06,06088,VOIE RAPIDE,43.70846,7.27104,Plein jour,En agglomération,Hors intersection,Normale,Deux véhicules - côté,4,3,4,0,1,2,1,2,1,50,,2,1,1,0,0,50.0,32.0,,,1,2,1,1,3
202100007040,2021-11-20 03:52:00,2021,11,20,3,52,06,06088,BOSQUETS (AV. DES),43.68154,7.231285,Nuit sans éclairage public,En agglomération,Intersection en X,Normale,Deux véhicules - arrière,4,3,2,3,1,1,1,0,1,50,,2,1,0,0,1,20.0,35.0,,,3,2,2,1,2
202100007041,2021-11-20 16:45:00,2021,11,20,16,45,06,06083,BRIAND (AVENUE ARSITIDE),43.78642,7.52597,Nuit avec éclairage allumé,En agglomération,Hors intersection,Normale,Deux véhicules - frontale,4,2,2,0,2,3,1,0,1,50,,2,1,1,0,0,50.0,70.0,,,5,2,1,1,1
202100007042,2021-11-20 02:50:00,2021,11,20,2,50,06,06029,TONNER (AVENUE FRANCIS),43.54958,6.97596,Nuit avec éclairage allumé,En agglomération,Intersection en X,Normale,Deux véhicules - côté,4,2,2,0,1,1,1,0,1,50,,3,1,0,0,2,52.0,22.0,,,5,2,2,1,3
202100007043,2021-11-17 13:42:00,2021,11,17,13,42,75,75119,PORTE DE LA VILLETTE,48.896897,2.394076,Plein jour,En agglomération,Hors intersection,Normale,Trois véhicules et plus - en chaîne,4,1,4,0,1,1,1,0,1,70,,3,2,0,0,1,35.0,37.0,,,1,2,1,1,4
202100007044,2021-11-20 11:35:00,2021,11,20,11,35,75,75120,RUE DES COURONNES,48.870539,2.388247,Plein jour,En agglomération,Intersection en Y,Temps couvert,Sans collision,4,1,1,1,2,1,1,-1,5,30,,1,0,0,0,1,29.0,,,,1,2,4,8,7
202100007045,2021-11-20 14:30:00,2021,11,20,14,30,75,75119,AVENUE DE LA PORTE CHAUMONT,48.886244,2.396738,Plein jour,En agglomération,Intersection à plus de 4 branches,Temps couvert,Deux véhicules - côté,4,2,2,0,1,1,1,0,1,30,,3,2,0,0,1,35.0,19.0,,,1,2,5,8,3
202100007046,2021-11-20 11:10:00,2021,11,20,11,10,75,75116,AVENUE DE VERSAILLES,48.841507,2.266543,Plein jour,En agglomération,Intersection en T,Normale,Deux véhicules - côté,4,-1,2,3,1,1,1,0,1,50,,2,1,0,0,1,19.0,48.0,,,1,2,3,1,3
202100007047,2021-11-20 10:40:00,2021,11,20,10,40,75,75116,AVENUE DE NEW YORK,48.863343,2.29631,Plein jour,En agglomération,Intersection en Y,Normale,Autre collision,4,2,4,0,1,1,1,0,1,30,,2,1,0,0,1,70.0,,,,1,2,4,1,6
202100007048,2021-11-20 07:00:00,2021,11,20,7,0,75,75116,AVENUE DE VERSAILLES,48.845301,2.271591,Nuit avec éclairage allumé,En agglomération,Intersection en X,Normale,Autre collision,4,2,2,0,1,1,1,0,1,30,,1,0,0,0,1,19.0,,,,5,2,2,1,6
202100007049,2021-11-20 16:15:00,2021,11,20,16,15,75,75115,RUE PECLET,48.842954,2.298755,Plein jour,En agglomération,Intersection en T,Normale,Autre collision,4,2,2,0,1,1,1,0,1,30,,2,1,0,0,1,35.0,,,,1,2,3,1,6
202100007050,2021-11-20 01:30:00,2021,11,20,1,30,75,75104,BOULEVARD BOURDON,48.852582,2.368087,Nuit avec éclairage allumé,En agglomération,Intersection à plus de 4 branches,Normale,Deux véhicules - arrière,4,1,2,0,1,1,1,0,1,30,,2,1,0,0,1,24.0,39.0,,,5,2,5,1,2
202100007051,2021-11-19 23:45:00,2021,11,19,23,45,75,75104,QUAI HENRI IV,48.847718,2.364266,Nuit avec éclairage allumé,En agglomération,Hors intersection,Normale,Trois véhicules et plus - en chaîne,4,1,2,0,1,1,1,0,1,30,,3,2,0,0,1,19.0,32.0,,,5,2,1,1,4
202100007052,2021-11-17 12:40:00,2021,11,17,12,40,94,94058,Avenue du 8 Mai 1945,48.85015,2.50952,Plein jour,En agglomération,Autre intersection,Normale,Deux véhicules - côté,3,2,1,0,1,1,1,0,1,20,,2,1,0,0,1,40.0,27.0,,,1,2,9,1,3