accident_id,datetime,annee,mois,jour,heure,minute,departement,commune_insee,adresse,latitude,longitude,luminosite,agglomeration,intersection,meteo,collision,catr,circ,nbv,vosp,prof,plan,surf,infra,situ,vma,nb_vehicules,nb_usagers,nb_indemnes,nb_tues,nb_blesses_hosp,nb_blesses_legers,age_cond_1,age_cond_2,veh_type_cond_1,veh_type_cond_2,lum_code,agg_code,int_code,atm_code,col_code
202100007053,2021-11-20 00:20:00,2021,11,20,0,20,94,94041,Avenue de Verdun,48.81619,2.36805,Nuit avec éclairage allumé,En agglomération,Hors intersection,Normale,Deux véhicules - arrière,3,1,2,0,1,1,1,0,1,50,,3,2,0,0,1,,28.0,,,5,2,1,1,2
202100007054,2021-11-20 18:25:00,2021,11,20,18,25,94,94022,Avenue Victor Hugo,48.76742,2.41585,Nuit avec éclairage allumé,En agglomération,Hors intersection,Normale,Deux véhicules - côté,3,1,1,0,1,1,1,0,1,50,,2,1,0,0,1,36.0,27.0,,,5,2,1,1,3
202100007055,2021-11-20 11:20:00,2021,11,20,11,20,94,94017,Avenue Salvador Allendé,48.8093253811,2.546255627,Plein jour,En agglomération,Hors intersection,Temps couvert,Trois véhicules et plus - en chaîne,3,1,1,0,1,1,1,0,1,30,,3,2,0,0,1,42.0,21.0,,,1,2,1,8,4
202100007056,2021-11-20 08:15:00,2021,11,20,8,15,94,94017,GENERAL DE GAULLE (AV DU),48.82243,2.49232,Nuit avec éclairage allumé,En agglomération,Hors intersection,Pluie légère,Deux véhicules - côté,3,3,4,3,1,1,2,0,1,50,,2,1,0,0,1,49.0,67.0,,,5,2,1,2,3
202100007057,2021-11-20 09:50:00,2021,11,20,9,50,93,93078,BALLANGER (BD ROBERT),48.96009,2.55304,Plein jour,En agglomération,Intersection en X,Temps couvert,Deux véhicules - arrière,3,3,4,0,1,1,2,0,1,50,,2,1,0,0,1,38.0,31.0,,,1,2,2,8,2
202100007058,2021-11-20 22:10:00,2021,11,20,22,10,93,93070,SAINT-DENIS(RUE),48.9191348372,2.3339822122,Nuit avec éclairage allumé,En agglomération,Hors intersection,Normale,Deux véhicules - frontale,4,2,2,0,1,1,1,0,1,50,,2,1,0,0,1,24.0,20.0,,,5,2,1,1,1
202100007059,2021-11-20 19:40:00,2021,11,20,19,40,93,93051,PIERRE BROSSOLETTE,48.84817,2.54905,Nuit avec éclairage allumé,En agglomération,Hors intersection,Normale,Deux véhicules - côté,4,1,1,0,1,1,1,0,4,50,,2,1,0,0,1,26.0,,,,5,2,1,1,3
202100007060,2021-11-20 18:30:00,2021,11,20,18,30,93,93048,STALINGRAD (RUE DE),48.8605,2.44345,Nuit avec éclairage allumé,En agglomération,Hors intersection,Normale,Sans collision,4,2,2,0,1,1,1,0,8,30,,2,1,0,0,1,40.0,,,,5,2,1,1,7
202100007061,2021-11-20 21:15:00,2021,11,20,21,15,93,93027,JAURES (AVENUE JEAN),48.92,2.407,Nuit avec éclairage allumé,En agglomération,Hors intersection,Normale,Deux véhicules - frontale,4,1,2,0,1,1,1,0,6,50,,2,1,0,0,1,,,,,5,2,1,1,1
202100007062,2021-11-20 21:00:00,2021,11,20,21,0,92,92078,CHARLES DE GAULLE (BD)(72 AU 308),48.9407029303,2.3230478168,Nuit avec éclairage allumé,En agglomération,Hors intersection,Normale,Autre collision,3,-1,4,0,1,1,1,0,3,50,,2,1,0,0,1,28.0,,,,5,2,1,1,6
202100007063,2021-11-20 00:37:00,2021,11,20,0,37,92,92049,PIERRE BROSSOLETTE (AVENUE),48.8206502543,2.3118630052,Nuit avec éclairage allumé,En agglomération,Hors intersection,Normale,Trois véhicules et plus - en chaîne,3,-1,2,1,1,1,1,0,1,50,,7,4,0,0,3,29.0,46.0,,,5,2,1,1,4
202100007064,2021-11-20 11:45:00,2021,11,20,11,45,92,92047,G ET X. SCHLUMBERGER,48.830099,2.175581,Plein jour,En agglomération,Hors intersection,Normale,Sans collision,3,2,2,0,1,1,1,0,1,50,,1,0,0,0,1,49.0,,,,1,2,1,1,7
202100007065,2021-11-20 13:15:00,2021,11,20,13,15,92,92023,CLAUDE TREBIGNAUD (AVENUE) BOIS S102,48.7954181432,2.2522991896,Plein jour,En agglomération,Hors intersection,Normale,Deux véhicules - arrière,3,1,2,0,1,1,1,0,3,70,,3,2,0,0,1,68.0,31.0,,,1,2,1,1,2
202100007066,2021-11-19 13:06:00,2021,11,19,13,6,83,83148,Route de Saint-Tropez,43.409081,6.429931,Plein jour,Hors agglomération,Hors intersection,Normale,Deux véhicules - côté,3,2,2,0,1,1,1,0,1,80,,2,1,0,1,0,51.0,50.0,,,1,1,1,1,3
202100007067,2021-11-21 06:30:00,2021,11,21,6,30,67,67382,2 Route de Fessenheim,48.625133,7.570385,Crépuscule ou aube,En agglomération,Intersection en X,Normale,Deux véhicules - côté,3,2,2,0,1,1,1,0,1,-1,,2,1,0,0,1,57.0,21.0,,,2,2,2,1,3
202100007068,2021-11-19 19:00:00,2021,11,19,19,0,54,54151,D18,49.4945212738,5.7497549052,Nuit sans éclairage public,Hors agglomération,Hors intersection,Normale,Deux véhicules - frontale,3,2,3,0,2,2,2,0,1,80,,2,1,0,1,0,73.0,39.0,,,3,1,1,1,1
202100007069,2021-11-19 12:15:00,2021,11,19,12,15,26,26325,2bis Av du Docteur Lucien Steinberg,45.295028,4.812731,Plein jour,En agglomération,Hors intersection,Normale,Deux véhicules - côté,3,2,2,0,1,1,1,0,1,50,,2,1,0,1,0,33.0,27.0,,,1,2,1,1,3
202100007070,2021-11-21 00:15:00,2021,11,21,0,15,30,30092,326 route d'Alès,44.089173,4.591057,Nuit avec éclairage allumé,En agglomération,Hors intersection,Normale,Autre collision,3,2,2,0,2,1,1,0,1,50,,2,1,0,0,1,21.0,,,,5,2,1,1,6
202100007071,2021-11-20 16:30:00,2021,11,20,16,30,30,30225,D 166,44.148458,4.540539,Plein jour,Hors agglomération,Hors intersection,Normale,Autre collision,3,2,2,0,2,2,1,0,1,80,,1,0,0,0,1,30.0,,,,1,1,1,1,6
202100007072,2021-11-21 16:20:00,2021,11,21,16,20,95,95365,RD 9,49.068422,2.434684,Plein jour,Hors agglomération,Hors intersection,Pluie légère,Autre collision,3,2,2,0,1,1,2,0,3,80,,2,0,0,0,2,17.0,,,,1,1,1,2,6
202100007073,2021-11-21 15:50:00,2021,11,21,15,50,56,56081,Kerandraon,48.086399,-3.6380276,Plein jour,Hors agglomération,Hors intersection,Temps couvert,Autre collision,3,2,2,0,1,3,9,0,3,80,,2,1,0,1,0,39.0,,,,1,1,1,8,6
202100007074,2021-11-21 01:00:00,2021,11,21,1,0,74,74309,D1206,46.115982,6.025942,Nuit sans éclairage public,Hors agglomération,Hors intersection,Brouillard / fumée,Deux véhicules - frontale,3,2,2,0,1,1,2,0,1,80,,2,0,1,0,1,30.0,23.0,,,3,1,1,5,1
202100007075,2021-11-20 18:20:00,2021,11,20,18,20,2B,2B343,T10,42.4982223494,9.4680261614,Nuit avec éclairage allumé,En agglomération,Intersection en T,Normale,Deux véhicules - arrière,2,2,2,0,1,2,1,0,1,50,,3,1,0,0,2,16.0,38.0,,,5,2,3,1,2
202100007076,2021-11-21 04:15:00,2021,11,21,4,15,2B,2B043,Lavasina,42.756986,9.457018,Nuit sans éclairage public,Hors agglomération,Hors intersection,Normale,Deux véhicules - côté,3,2,2,0,2,4,2,0,3,80,,1,0,0,1,0,20.0,,,,3,1,1,1,3
202100007077,2021-11-21 11:30:00,2021,11,21,11,30,46,46336,"Lieu dit ""La chambre""",44.478859,1.093022,Plein jour,Hors agglomération,Intersection en X,Normale,Deux véhicules - côté,3,2,2,0,1,1,1,0,1,80,,3,1,1,1,0,56.0,22.0,,,1,1,2,1,3
202100007078,2021-11-21 08:45:00,2021,11,21,8,45,68,68140,Rue d Oberhergheim,47.92062,7.435555,Crépuscule ou aube,Hors agglomération,Hors intersection,Brouillard / fumée,Deux véhicules - frontale,3,2,2,0,1,1,1,0,1,80,,2,0,1,0,1,27.0,32.0,,,2,1,1,5,1
202100007079,2021-11-20 07:50:00,2021,11,20,7,50,01,01272,Rue des Sablonnieres,46.160873,5.004669,Plein jour,En agglomération,Intersection en T,Pluie légère,Sans collision,3,2,2,0,1,1,2,5,1,50,,1,0,0,0,1,18.0,,,,1,2,3,2,7
202100007080,2021-11-21 04:00:00,2021,11,21,4,0,26,26183,Route du Diois,44.697473,5.137621,Nuit sans éclairage public,Hors agglomération,Hors intersection,Brouillard / fumée,Autre collision,3,2,2,0,1,1,1,0,1,80,,1,0,0,1,0,25.0,,,,3,1,1,5,6
202100007081,2021-11-20 15:30:00,2021,11,20,15,30,58,58134,Rue Dorée,46.934455,3.269361,Plein jour,En agglomération,Hors intersection,Temps couvert,Deux véhicules - frontale,3,2,2,0,1,3,2,0,1,50,,2,1,0,0,1,37.0,20.0,,,1,2,1,8,1
202100007082,2021-11-21 14:39:00,2021,11,21,14,39,14,14241,Lieu Dit les Gouix,49.072507,-0.621269,Plein jour,Hors agglomération,Hors intersection,Pluie forte,Sans collision,4,2,1,0,1,3,6,0,8,-1,,2,1,0,1,0,36.0,,,,1,1,1,3,7
202100007083,2021-11-20 04:30:00,2021,11,20,4,30,50,50481,CD 650,49.237748,-1.605704,Nuit sans éclairage public,Hors agglomération,Hors intersection,Brouillard / fumée,Autre collision,3,2,2,0,1,1,1,0,1,80,,1,0,0,1,0,40.0,,,,3,1,1,5,6
202100007084,2021-11-20 12:30:00,2021,11,20,12,30,04,04144,RD 952,43.788058,6.375568,Plein jour,Hors agglomération,Hors intersection,Normale,Sans collision,3,2,2,0,2,3,7,0,1,80,,2,1,0,0,1,25.0,,,,1,1,1,1,7
202100007085,2021-11-19 11:45:00,2021,11,19,11,45,37,37050,11 Avenue du Professeur Alexandre Minkowski,47.3359457383,0.6911194517,Plein jour,En agglomération,Hors intersection,Temps couvert,Deux véhicules - côté,4,3,0,0,1,3,1,0,1,50,,2,1,0,0,1,19.0,21.0,,,1,2,1,8,3
202100007086,2021-11-21 08:18:00,2021,11,21,8,18,13,13051,D19,43.594565,5.104823,Plein jour,Hors agglomération,Hors intersection,Pluie légère,Deux véhicules - frontale,7,2,2,0,1,3,2,0,3,80,,1,0,0,1,0,20.0,,,,1,1,1,2,1
202100007087,2021-11-20 17:55:00,2021,11,20,17,55,91,91244,D191,48.549576,2.411542,Nuit sans éclairage public,Hors agglomération,Hors intersection,Normale,Deux véhicules - frontale,3,2,2,0,1,1,1,0,1,80,,3,2,1,0,0,20.0,23.0,,,3,1,1,1,1
202100007088,2021-11-21 06:53:00,2021,11,21,6,53,06,06123,Autoroute A8 - Pk 184.200 sud,43.665951,7.187608,Nuit sans éclairage public,Hors agglomération,Hors intersection,Normale,Autre collision,1,3,5,0,1,1,1,0,1,90,,2,1,1,0,0,45.0,,,,3,1,1,1,6
202100007089,2021-11-21 13:20:00,2021,11,21,13,20,02,02297,autoroute A4-PK 083+050,49.077127,3.363576,Plein jour,Hors agglomération,Hors intersection,Pluie légère,Sans collision,1,3,4,0,1,1,2,0,3,130,,2,0,0,1,1,73.0,,,,1,1,1,2,7
202100007090,2021-11-21 06:00:00,2021,11,21,6,0,38,38052,Route Departementale 1091 - les Sables,45.09038,6.011667,Crépuscule ou aube,En agglomération,Intersection en T,Normale,Autre collision,3,2,2,0,1,2,1,0,1,70,,1,0,0,0,1,23.0,,,,2,2,3,1,6
202100007091,2021-11-21 00:15:00,2021,11,21,0,15,13,13032,Route de Pelissanne,43.59216,5.254203,Nuit sans éclairage public,Hors agglomération,Intersection en X,Normale,Deux véhicules - côté,7,2,2,0,1,1,1,0,1,50,,2,1,0,1,0,33.0,43.0,,,3,1,2,1,3
202100007092,2021-11-19 15:10:00,2021,11,19,15,10,13,13105,A7,43.761238,5.077883,Plein jour,Hors agglomération,Hors intersection,Normale,Deux véhicules - arrière,1,1,5,0,1,1,1,0,1,130,,3,2,0,1,0,72.0,35.0,,,1,1,1,1,2
202100007093,2021-11-21 11:15:00,2021,11,21,11,15,971,97110,chemin de la montagne,16.331697,-61.023313,Plein jour,Hors agglomération,Hors intersection,Normale,Autre collision,5,1,2,0,2,2,1,0,3,-1,,2,1,0,1,0,39.0,,,,1,1,1,1,6
202100007094,2021-11-17 20:00:00,2021,11,17,20,0,971,97134,Boulevard des Habissois Souverains,16.057887,-61.768296,Nuit avec éclairage non allumé,En agglomération,Hors intersection,Normale,Autre collision,2,2,2,0,2,1,1,6,1,50,,2,1,1,0,0,23.0,,,,4,2,1,1,6
202100007095,2021-11-21 07:59:00,2021,11,21,7,59,54,54217,D19,48.4745998951,6.7380201811,Crépuscule ou aube,Hors agglomération,Hors intersection,Pluie légère,Sans collision,3,2,2,0,1,2,2,0,3,80,,1,0,0,0,1,26.0,,,,2,1,1,2,7
202100007096,2021-11-20 08:50:00,2021,11,20,8,50,57,57474,rue des ponts,49.25934,6.158797,Plein jour,En agglomération,Giratoire,Normale,Autre collision,3,2,2,0,1,1,1,0,8,50,,2,1,0,0,1,38.0,,,,1,2,6,1,6
202100007097,2021-11-20 21:10:00,2021,11,20,21,10,42,42251,Route de Magneux,45.682558,4.249263,Nuit sans éclairage public,Hors agglomération,Hors intersection,Brouillard / fumée,Autre collision,4,2,2,0,1,2,2,0,8,80,,3,0,0,2,1,18.0,,,,3,1,1,5,6
202100007098,2021-11-20 23:30:00,2021,11,20,23,30,69,69151,LOUVEIGNE (DE) (R),46.061034,4.605353,Nuit avec éclairage allumé,En agglomération,Hors intersection,Brouillard / fumée,Autre collision,3,2,2,0,1,1,1,0,4,50,,1,0,0,1,0,25.0,,,,5,2,1,5,6
202100007099,2021-11-20 10:35:00,2021,11,20,10,35,81,81038,Route de Lavaur,43.890656,1.893747,Plein jour,Hors agglomération,Hors intersection,Normale,Sans collision,3,2,2,0,1,1,1,0,1,80,,2,1,0,0,1,22.0,,,,1,1,1,1,7
202100007100,2021-11-16 22:38:00,2021,11,16,22,38,33,33449,Avenue du Temple ,44.894978,-0.800071,Nuit sans éclairage public,Hors agglomération,Hors intersection,Normale,Autre collision,4,2,2,0,1,1,1,0,3,80,,1,0,0,1,0,36.0,,,,3,1,1,1,6
202100007101,2021-10-26 17:40:00,2021,10,26,17,40,44,44172,Route de Paris,47.273391,-1.472211,Plein jour,Hors agglomération,Hors intersection,Normale,Trois véhicules et plus - collisions multiples,7,2,2,0,1,1,1,0,1,70,,4,3,0,0,1,50.0,44.0,,,1,1,1,1,5
202100007102,2021-11-20 11:30:00,2021,11,20,11,30,60,60103,Courlieu,49.41172,2.267218,Plein jour,Hors agglomération,Intersection en X,Brouillard / fumée,Deux véhicules - côté,3,2,2,0,2,1,1,0,1,80,,2,1,0,0,1,58.0,36.0,,,1,1,2,5,3
202100007103,2021-11-20 21:10:00,2021,11,20,21,10,02,02290,Route du Thiolet,49.035195,3.324115,Nuit sans éclairage public,Hors agglomération,Hors intersection,Pluie légère,Autre collision,4,2,2,0,1,1,2,0,3,80,,2,1,0,0,1,27.0,,,,3,1,1,2,6
202100007104,2021-11-20 03:00:00,2021,11,20,3,0,13,13106,A517 D- Liaison A51 vers A7,43.401805,5.347141,Nuit sans éclairage public,Hors agglomération,Hors intersection,Normale,Autre collision,1,1,2,0,1,3,1,0,3,90,,1,0,0,0,1,26.0,,,,3,1,1,1,6
202100007105,2021-11-18 21:12:00,2021,11,18,21,12,13,13071,A7-Sens Marseille vers Lyon,43.41734,5.27439,Nuit avec éclairage allumé,Hors agglomération,Hors intersection,Normale,Sans collision,1,1,1,0,1,4,1,9,1,80,,1,0,0,0,1,24.0,,,,5,1,1,1,7
202100007106,2021-11-15 07:20:00,2021,11,15,7,20,69,69204,A450   1.740 A 5.100,45.6854167725,4.8073010563,Plein jour,Hors agglomération,Hors intersection,Normale,Deux véhicules - côté,1,3,4,0,1,1,1,0,1,90,,2,1,0,0,1,62.0,32.0,,,1,1,1,1,3
202100007107,2021-04-15 05:10:00,2021,4,15,5,10,69,69388,D383,45.7218635002,4.8867541552,Nuit sans éclairage public,Hors agglomération,Autre intersection,Normale,Autre collision,7,4,9,0,1,1,1,3,1,70,,1,0,0,0,1,46.0,,,,3,1,9,1,6
202100007108,2021-11-20 19:00:00,2021,11,20,19,0,33,33122,AUTOROUTE A 63,44.746393,-0.701343,Nuit sans éclairage public,Hors agglomération,Hors intersection,Normale,Autre collision,1,3,4,0,1,1,1,0,1,130,,6,5,1,0,0,23.0,28.0,,,3,1,1,1,6
202100007109,2021-11-20 14:55:00,2021,11,20,14,55,78,78402,A13,48.963926,1.776671,Plein jour,Hors agglomération,Hors intersection,Normale,Deux véhicules - côté,1,3,3,0,1,1,1,0,1,130,,6,5,0,0,1,69.0,32.0,,,1,1,1,1,3
202100007110,2021-11-19 20:17:00,2021,11,19,20,17,78,78640,A86 EXT,48.77697,2.22442,Nuit sans éclairage public,Hors agglomération,Hors intersection,Normale,Deux véhicules - arrière,1,1,4,0,2,1,1,0,1,90,,2,1,0,0,1,30.0,41.0,,,3,1,1,1,2
202100007111,2021-11-20 16:15:00,2021,11,20,16,15,93,93008,AUTOROUTE A86,48.9090585619,2.447993002,Plein jour,Hors agglomération,Hors intersection,Pluie légère,Deux véhicules - côté,1,3,6,0,1,1,1,1,1,90,,3,2,0,0,1,26.0,,,,1,1,1,2,3
202100007112,2021-11-20 14:00:00,2021,11,20,14,0,60,60494,AUTOROUTE A1,49.128204,2.558235,Plein jour,Hors agglomération,Hors intersection,Normale,Autre collision,1,3,3,0,1,1,1,0,3,130,,1,0,0,1,0,24.0,,,,1,1,1,1,6
202100007113,2021-11-19 23:00:00,2021,11,19,23,0,93,93007,AUTOROUTE A3,48.92066,2.47966,Nuit sans éclairage public,Hors agglomération,Hors intersection,Normale,Deux véhicules - arrière,1,3,6,0,1,1,1,0,2,90,,3,1,0,0,2,33.0,37.0,,,3,1,1,1,2
202100007114,2021-11-20 21:20:00,2021,11,20,21,20,94,94073,A86 INT,48.7592916531,2.3835324056,Nuit avec éclairage allumé,Hors agglomération,Hors intersection,Normale,Deux véhicules - arrière,1,3,6,0,1,3,1,0,1,90,,5,2,0,0,3,18.0,28.0,,,5,1,1,1,2
202100007115,2021-11-20 14:30:00,2021,11,20,14,30,77,77384,A5b,48.61557,2.631457,Plein jour,Hors agglomération,Hors intersection,Normale,Sans collision,1,3,4,0,1,1,1,0,1,110,,1,0,0,0,1,22.0,,,,1,1,1,1,7
202100007116,2021-11-20 02:35:00,2021,11,20,2,35,94,94046,A86 EXT,48.8085628803,2.4490578633,Nuit avec éclairage non allumé,Hors agglomération,Autre intersection,Pluie légère,Deux véhicules - arrière,1,1,4,0,1,2,2,2,1,90,,2,1,0,0,1,30.0,38.0,,,4,1,9,2,2
202100007117,2021-11-19 07:40:00,2021,11,19,7,40,29,29019,Rue du Commandant Drogou,48.404533,-4.496317,Crépuscule ou aube,En agglomération,Hors intersection,Normale,Autre collision,4,2,2,0,3,1,1,0,1,50,,2,1,0,0,1,18.0,,,,2,2,1,1,6
202100007118,2021-11-19 00:50:00,2021,11,19,0,50,33,33063,Rue Sainte-Catherine,44.83234,-0.57298,Nuit avec éclairage allumé,En agglomération,Intersection en X,Normale,Autre collision,4,-1,1,0,1,1,1,6,8,10,,2,1,0,1,0,,,,,5,2,2,1,6
202100007119,2021-11-19 19:00:00,2021,11,19,19,0,92,92012,REINE (ROUTE DE LA) 39/107 BIS,48.8392,2.24563,Nuit avec éclairage allumé,En agglomération,Hors intersection,Normale,Autre collision,3,2,4,0,1,1,1,0,8,50,,2,1,0,0,1,65.0,,,,5,2,1,1,6
202100007120,2021-11-18 17:00:00,2021,11,18,17,0,76,76447,MARECHAL FOCH,49.54041,0.18748,Crépuscule ou aube,En agglomération,Hors intersection,Normale,Autre collision,3,2,2,0,2,1,1,0,1,50,,2,1,0,1,0,64.0,,,,2,2,1,1,6
202100007121,2021-11-18 16:25:00,2021,11,18,16,25,974,97411,GARROS (ROLAND),-20.8820833416,55.45368433,Plein jour,En agglomération,Place,Normale,Autre collision,4,1,2,3,1,1,1,0,6,50,,2,1,0,0,1,86.0,,,,1,2,7,1,6
202100007122,2021-11-17 13:50:00,2021,11,17,13,50,33,33119,Rue du 8 Mai 1945,44.852,-0.51159,Plein jour,En agglomération,Intersection en T,Temps couvert,Autre collision,4,2,2,0,1,1,1,0,1,30,,2,1,0,0,1,52.0,,,,1,2,3,8,6
202100007123,2021-11-17 17:45:00,2021,11,17,17,45,13,13002,7 RMENT DE TIRAILLEURS ALGERIENS (AVENUE,43.3382,5.47879,Crépuscule ou aube,En agglomération,Hors intersection,Normale,Deux véhicules - arrière,7,2,2,1,1,1,1,9,1,50,,2,1,0,0,1,38.0,38.0,,,2,2,1,1,2
202100007124,2021-11-17 22:10:00,2021,11,17,22,10,29,29232,Rue du 19 Mars 1962,47.98796,-4.10923,Plein jour,En agglomération,Giratoire,Normale,Autre collision,4,1,2,0,1,1,1,0,1,50,,2,1,0,0,1,,,,,1,2,6,1,6
202100007125,2021-11-09 13:15:00,2021,11,9,13,15,28,28085,BRIAND (RUE ARISTIDE),48.44521,1.52081,Plein jour,En agglomération,Hors intersection,Temps éblouissant,Autre collision,4,2,2,0,1,1,1,0,1,30,,2,1,0,1,0,51.0,,,,1,2,1,7,6
202100007126,2021-11-09 08:30:00,2021,11,9,8,30,25,25056,LAGRANGE  AVENUE LEO,47.24279,6.00763,Plein jour,En agglomération,Giratoire,Normale,Deux véhicules - arrière,3,3,2,1,1,2,1,5,1,50,,2,1,0,1,0,,56.0,,,1,2,6,1,2
202100007127,2021-11-19 18:50:00,2021,11,19,18,50,988,98818,ROUTE DE L'ANSE-VATA/RUE DANGE,-22.27937,166.44859,Crépuscule ou aube,En agglomération,Intersection en X,Pluie légère,Autre collision,4,2,2,0,4,1,2,0,1,30,,2,1,0,0,1,53.0,,,,2,2,2,2,6
202100007128,2021-11-19 17:45:00,2021,11,19,17,45,988,98818,RUE EUGENE PORCHERON,-22.27525,166.44563,Crépuscule ou aube,En agglomération,Intersection en X,Normale,Deux véhicules - côté,4,1,1,0,1,1,1,0,1,50,,2,1,0,0,1,43.0,35.0,,,2,2,2,1,3
202100007129,2021-11-18 15:40:00,2021,11,18,15,40,988,98818,PROMENADE ROGER LAROQUE/ROUTE DE L'ANSE-VATA,-22.30296,166.4453,Plein jour,En agglomération,Intersection en X,Normale,Deux véhicules - arrière,4,3,4,0,1,3,1,0,1,50,,2,1,1,0,0,15.0,77.0,,,1,2,2,1,2
202100007130,2021-11-12 04:00:00,2021,11,12,4,0,988,98818,RUE DU GENERAL GALLIENI/RUE DE LA SOMME,-22.27401,166.43913,Nuit avec éclairage allumé,En agglomération,Intersection en X,Normale,Autre collision,4,1,3,0,1,1,1,0,1,50,,4,3,0,1,0,30.0,,,,5,2,2,1,6
202100007131,2021-11-17 17:10:00,2021,11,17,17,10,974,97416,RN3 (1),-21.33135,55.46638,Plein jour,Hors agglomération,Hors intersection,Normale,Deux véhicules - arrière,2,1,4,0,2,1,1,0,1,110,,2,1,0,0,1,60.0,33.0,,,1,1,1,1,2
202100007132,2021-11-19 11:45:00,2021,11,19,11,45,974,97411,LITTORAL (ROUTE 1 DU),-20.88122,55.39786,Plein jour,Hors agglomération,Hors intersection,Normale,Sans collision,2,3,4,0,1,1,1,0,1,90,,2,0,0,0,2,19.0,,,,1,1,1,1,7
202100007133,2021-11-19 05:00:00,2021,11,19,5,0,974,97411,NICE (RUE DE),-20.8732,55.44988,Crépuscule ou aube,En agglomération,Intersection en X,Normale,Deux véhicules - côté,4,1,1,0,1,1,1,0,1,50,,2,1,0,0,1,23.0,22.0,,,2,2,2,1,3
202100007134,2021-11-14 13:00:00,2021,11,14,13,0,974,97411,RUISSEAU DES NOIRS (RUE),-20.88635,55.45412,Plein jour,En agglomération,Hors intersection,Normale,Deux véhicules - côté,4,1,1,0,1,1,1,0,1,30,,1,0,0,0,1,15.0,,,,1,2,1,1,3
202100007135,2021-11-12 15:16:00,2021,11,12,15,16,974,97411,VIGIE (CHEMIN DE LA),-20.8830659089,55.4297985949,Plein jour,Hors agglomération,Autre intersection,Normale,Deux véhicules - côté,4,2,2,0,1,2,1,0,1,30,,3,1,0,0,2,54.0,40.0,,,1,1,9,1,3
202100007136,2021-11-18 16:50:00,2021,11,18,16,50,974,97409,DES CAMELIAS(RUE),-20.96148,55.65371,Plein jour,En agglomération,Hors intersection,Normale,Deux véhicules - arrière,4,2,2,0,1,1,1,0,1,50,,2,1,0,0,1,15.0,39.0,,,1,2,1,1,2
202100007137,2021-11-18 18:50:00,2021,11,18,18,50,973,97302,MONTABO (ROUTE DE) 1,4.93568,-52.29536,Nuit avec éclairage non allumé,En agglomération,Hors intersection,Normale,Deux véhicules - côté,3,2,2,1,1,1,1,0,1,50,,2,1,0,0,1,72.0,21.0,,,4,2,1,1,3
202100007138,2021-11-18 18:15:00,2021,11,18,18,15,973,97302,BADUEL (ROUTE DE),4.93875,-52.31761,Plein jour,En agglomération,Intersection en T,Normale,Deux véhicules - côté,3,2,2,0,1,1,1,0,1,50,,2,1,0,0,1,51.0,22.0,,,1,2,3,1,3
202100007139,2021-11-18 08:05:00,2021,11,18,8,5,973,97302,BOUDINOT (AUGUSTE) CITE THEMIRE,4.9316903843,-52.3201881945,Plein jour,En agglomération,Hors intersection,Normale,Autre collision,4,2,1,0,1,1,1,0,1,50,,2,1,0,0,1,26.0,,,,1,2,1,1,6
202100007140,2021-11-16 13:30:00,2021,11,16,13,30,973,97302,UNIVERSITE CHICAGO (RUE DE),4.93337,-52.29921,Plein jour,En agglomération,Hors intersection,Normale,Autre collision,4,2,2,0,1,3,1,0,1,50,,2,1,0,0,1,57.0,38.0,,,1,2,1,1,6
202100007141,2021-11-13 12:20:00,2021,11,13,12,20,973,97302,MADELEINE (ROUTE DE LA),4.90966,-52.3216,Plein jour,En agglomération,Hors intersection,Normale,Deux véhicules - côté,3,2,1,0,1,1,1,0,1,50,,2,1,0,0,1,50.0,26.0,,,1,2,1,1,3
202100007142,2021-11-19 13:45:00,2021,11,19,13,45,69,69388,ETATS UNIS (DES) (BD),45.7285816186,4.8683381081,Plein jour,En agglomération,Hors intersection,Normale,Deux véhicules - arrière,4,2,2,3,1,1,1,0,1,50,,2,1,0,0,1,39.0,76.0,,,1,2,1,1,2
202100007143,2021-11-19 08:15:00,2021,11,19,8,15,69,69259,MARCEL SEMBAT (BD),45.7161380792,4.8824250698,Crépuscule ou aube,En agglomération,Intersection en T,Normale,Deux véhicules - côté,4,2,2,2,1,1,1,5,1,50,,2,1,0,0,1,,63.0,,,2,2,3,1,3
202100007144,2021-11-18 18:15:00,2021,11,18,18,15,69,69386,DUGUESCLIN (R),45.76707,4.84765,Nuit avec éclairage non allumé,En agglomération,Intersection en X,Normale,Deux véhicules - côté,4,1,1,2,1,1,1,0,1,50,,2,1,0,0,1,73.0,51.0,,,4,2,2,1,3
202100007145,2021-11-18 12:30:00,2021,11,18,12,30,69,69386,VENDOME (R),45.76448,4.84585,Plein jour,En agglomération,Intersection en T,Temps couvert,Deux véhicules - côté,4,-1,1,2,1,1,1,0,1,50,,2,1,0,0,1,17.0,31.0,,,1,2,3,8,3
202100007146,2021-11-18 13:05:00,2021,11,18,13,5,69,69388,JEAN SARRAZIN (R),45.73147,4.86679,Plein jour,En agglomération,Hors intersection,Normale,Deux véhicules - côté,4,2,2,0,1,1,1,0,1,50,,2,1,0,0,1,51.0,53.0,,,1,2,1,1,3