accident_id,datetime,annee,mois,jour,heure,minute,departement,commune_insee,adresse,latitude,longitude,luminosite,agglomeration,intersection,meteo,collision,catr,circ,nbv,vosp,prof,plan,surf,infra,situ,vma,nb_vehicules,nb_usagers,nb_indemnes,nb_tues,nb_blesses_hosp,nb_blesses_legers,age_cond_1,age_cond_2,veh_type_cond_1,veh_type_cond_2,lum_code,agg_code,int_code,atm_code,col_code
202100007147,2021-11-18 12:30:00,2021,11,18,12,30,69,69259,PIERRE SEMARD (AV),45.70847,4.87618,Plein jour,En agglomération,Hors intersection,Normale,Deux véhicules - arrière,4,2,2,2,2,1,1,2,1,50,,4,3,0,0,1,25.0,24.0,,,1,2,1,1,2
202100007148,2021-11-18 07:35:00,2021,11,18,7,35,69,69388,PIERRE DELORE (R),45.73839,4.85264,Plein jour,En agglomération,Intersection en Y,Normale,Autre collision,4,2,2,0,1,1,1,0,1,50,,2,1,0,0,1,19.0,,,,1,2,4,1,6
202100007149,2021-11-12 20:05:00,2021,11,12,20,5,69,69386,JULES FAVRE (BD),45.76529,4.85888,Nuit sans éclairage public,En agglomération,Intersection en T,Normale,Deux véhicules - côté,4,1,1,0,1,1,1,0,1,50,,2,1,0,0,1,60.0,21.0,,,3,2,3,1,3
202100007150,2021-11-18 15:25:00,2021,11,18,15,25,972,97209,EMILE ZOLA (RUE),14.60957,-61.07144,Plein jour,En agglomération,Hors intersection,Normale,Deux véhicules - frontale,4,2,2,0,1,1,1,0,1,50,,2,1,0,1,0,66.0,,,,1,2,1,1,1
202100007151,2021-11-19 19:39:00,2021,11,19,19,39,69,69389,DOCKS (DES) (R),45.78539,4.81055,Nuit avec éclairage allumé,En agglomération,Intersection en T,Normale,Deux véhicules - frontale,4,1,1,0,1,1,1,0,1,50,,2,1,0,0,1,55.0,,,,5,2,3,1,1
202100007152,2021-11-19 18:30:00,2021,11,19,18,30,69,69152,EUROPE (DE L') (BD),45.69657,4.82559,Nuit avec éclairage non allumé,En agglomération,Hors intersection,Normale,Deux véhicules - arrière,7,2,2,2,1,1,1,0,1,50,,5,4,0,0,1,53.0,26.0,,,4,2,1,1,2
202100007153,2021-11-19 14:50:00,2021,11,19,14,50,69,69382,GALLIENI  (PT),45.7485798726,4.8312458396,Plein jour,En agglomération,Hors intersection,Normale,Deux véhicules - côté,4,2,5,1,1,1,1,2,1,50,,2,1,0,0,1,20.0,58.0,,,1,2,1,1,3
202100007154,2021-11-19 10:40:00,2021,11,19,10,40,69,69384,JAQUES-LOUIS HENON (R),45.7795719106,4.8238134061,Plein jour,En agglomération,Hors intersection,Normale,Deux véhicules - arrière,4,2,2,0,1,1,1,0,1,50,,2,1,0,0,1,27.0,47.0,,,1,2,1,1,2
202100007155,2021-11-18 14:20:00,2021,11,18,14,20,69,69081,DOCTEUR TERVER (DU) (AV),45.77447,4.77872,Plein jour,En agglomération,Place,Normale,Autre collision,4,2,2,0,1,1,1,6,1,50,,2,1,0,0,1,,,,,1,2,7,1,6
202100007156,2021-11-18 18:00:00,2021,11,18,18,0,69,69034,PASTEUR (R),45.79458,4.84686,Nuit avec éclairage allumé,En agglomération,Hors intersection,Normale,Autre collision,4,2,2,2,2,1,1,0,1,50,,2,1,0,0,1,55.0,,,,5,2,1,1,6
202100007157,2021-11-19 15:10:00,2021,11,19,15,10,2B,2B120,11 - RT,42.64932,9.44054,Plein jour,En agglomération,Hors intersection,Normale,Deux véhicules - arrière,2,-1,4,0,1,1,1,0,1,70,,3,2,0,0,1,27.0,30.0,,,1,2,1,1,2
202100007158,2021-11-18 16:10:00,2021,11,18,16,10,971,97120,CHANZY (BOULEVARD),16.24436,-61.54125,Plein jour,En agglomération,Hors intersection,Normale,Deux véhicules - côté,3,3,4,0,1,1,1,5,1,50,,2,1,0,0,1,63.0,43.0,,,1,2,1,1,3
202100007159,2021-11-18 07:10:00,2021,11,18,7,10,971,97101,PALAIS ROYAL,16.28405,-61.49488,Plein jour,Hors agglomération,Hors intersection,Normale,Deux véhicules - côté,3,2,1,0,1,1,1,0,1,70,,3,1,0,0,2,44.0,44.0,,,1,1,1,1,3
202100007160,2021-11-18 18:30:00,2021,11,18,18,30,95,95268,RUE MARCEL CERDAN,48.96216,2.40225,Nuit avec éclairage allumé,En agglomération,Intersection en X,Normale,Deux véhicules - côté,3,3,4,0,1,1,1,5,1,50,,2,1,0,1,0,21.0,43.0,,,5,2,2,1,3
202100007161,2021-11-09 16:40:00,2021,11,9,16,40,95,95680,PARIS (RUE DE),49.0064424926,2.3830170778,Plein jour,En agglomération,Intersection en Y,Normale,Trois véhicules et plus - collisions multiples,3,3,2,0,1,1,1,0,1,50,,6,5,0,0,1,30.0,40.0,,,1,2,4,1,5
202100007162,2021-11-19 10:08:00,2021,11,19,10,8,91,91223,TANNERIE (RUE DE LA),48.43383,2.16402,Plein jour,En agglomération,Hors intersection,Normale,Deux véhicules - arrière,4,2,2,0,1,1,1,0,1,30,,2,0,0,0,2,56.0,56.0,,,1,2,1,1,2
202100007163,2021-11-04 14:20:00,2021,11,4,14,20,88,88160,BLANCK (AV.PIERRE-),48.20158,6.4593,Plein jour,En agglomération,Hors intersection,Normale,Deux véhicules - côté,4,2,2,0,1,1,1,0,1,50,,2,1,0,1,0,31.0,35.0,,,1,2,1,1,3
202100007164,2021-11-18 13:54:00,2021,11,18,13,54,87,87085,SAINTE CLAIRE (RUE),45.82409,1.24544,Plein jour,En agglomération,Hors intersection,Normale,Deux véhicules - côté,4,4,3,0,1,1,1,0,1,50,,2,1,0,0,1,54.0,59.0,,,1,2,1,1,3
202100007165,2021-11-17 07:44:00,2021,11,17,7,44,87,87085,PORT DU NAVEIX (RUE DU),45.83225,1.27406,Nuit avec éclairage allumé,En agglomération,Intersection en T,Normale,Deux véhicules - côté,2,3,4,0,1,1,1,0,1,50,,2,1,0,0,1,36.0,27.0,,,5,2,3,1,3
202100007166,2021-11-06 11:45:00,2021,11,6,11,45,84,84031,DURAND BOULEVARD ALBIN,44.05459,5.04471,Plein jour,En agglomération,Hors intersection,Normale,Autre collision,4,1,3,1,1,1,1,0,1,50,,2,1,0,1,0,52.0,,,,1,2,1,1,6
202100007167,2021-11-19 13:50:00,2021,11,19,13,50,83,83137,CLEMENCEAU (BD GEORGES),43.1234430968,5.9375578165,Plein jour,En agglomération,Hors intersection,Normale,Autre collision,4,1,3,0,1,1,1,0,1,50,,2,1,0,0,1,31.0,,,,1,2,1,1,6
202100007168,2021-11-18 16:00:00,2021,11,18,16,0,83,83137,DEMOCRATIE (BD DE LA),43.12639,5.94001,Plein jour,En agglomération,Hors intersection,Normale,Autre collision,4,2,2,0,1,1,1,0,1,50,,2,1,0,1,0,31.0,,,,1,2,1,1,6
202100007169,2021-11-18 07:00:00,2021,11,18,7,0,83,83137,MARSEILLE (ROUTE DE),43.12868,5.88835,Plein jour,En agglomération,Hors intersection,Normale,Deux véhicules - côté,3,2,2,2,1,1,1,0,5,50,,2,1,0,0,1,43.0,58.0,,,1,2,1,1,3
202100007170,2021-11-18 09:00:00,2021,11,18,9,0,83,83126,CURET (AV LOUIS),43.10401,5.87961,Plein jour,En agglomération,Hors intersection,Normale,Deux véhicules - arrière,7,3,2,0,1,3,1,0,1,50,,2,1,0,0,1,24.0,28.0,,,1,2,1,1,2
202100007171,2021-11-18 07:40:00,2021,11,18,7,40,81,81065,VITTOZ (BD.RAYMOND),43.602207,2.243584,Crépuscule ou aube,En agglomération,Intersection en T,Temps couvert,Deux véhicules - côté,3,2,2,0,2,1,1,0,1,50,,2,1,0,0,1,66.0,17.0,,,2,2,3,8,3
202100007172,2021-11-16 17:50:00,2021,11,16,17,50,80,80164,ROCADE RN25,49.90104,2.3684,Nuit sans éclairage public,Hors agglomération,Hors intersection,Brouillard / fumée,Deux véhicules - arrière,2,3,4,0,1,1,1,0,1,110,,2,1,0,0,1,67.0,28.0,,,3,1,1,5,2
202100007173,2021-11-16 18:35:00,2021,11,16,18,35,80,80021,JEAN CATELAS (RUE),49.89648,2.28886,Nuit avec éclairage allumé,En agglomération,Intersection en X,Normale,Deux véhicules - frontale,4,2,3,0,1,1,1,0,1,50,,2,1,0,0,1,20.0,60.0,,,5,2,2,1,1
202100007174,2021-11-15 21:43:00,2021,11,15,21,43,80,80674,ROCADE NORD EST RN 25,49.91234,2.34314,Nuit sans éclairage public,Hors agglomération,Hors intersection,Pluie légère,Trois véhicules et plus - collisions multiples,2,3,4,0,1,1,2,0,1,110,,4,0,2,1,1,72.0,26.0,,,3,1,1,2,5
202100007175,2021-11-18 13:00:00,2021,11,18,13,0,78,78498,POMPIDOU PLACE GEORGES,48.932458,2.041524,Plein jour,En agglomération,Hors intersection,Normale,Autre collision,4,1,1,3,1,1,1,0,4,30,,2,1,0,0,1,38.0,,,,1,2,1,1,6
202100007176,2021-11-14 16:55:00,2021,11,14,16,55,77,77532,D619,48.560754,3.221092,Plein jour,Hors agglomération,Hors intersection,Temps couvert,Autre collision,3,2,2,0,1,1,1,0,1,90,,6,5,0,1,0,92.0,41.0,,,1,1,1,8,6
202100007177,2021-11-17 15:15:00,2021,11,17,15,15,77,77316,D148,48.33557,2.77994,Plein jour,Hors agglomération,Hors intersection,Normale,Deux véhicules - arrière,3,2,2,0,1,2,1,0,1,70,,2,0,0,1,1,24.0,37.0,,,1,1,1,1,2
202100007178,2021-11-19 01:58:00,2021,11,19,1,58,77,77067,D346,48.56121,2.59565,Nuit sans éclairage public,Hors agglomération,Giratoire,Brouillard / fumée,Deux véhicules - frontale,3,1,1,0,1,2,1,5,1,50,,2,1,0,0,1,23.0,72.0,,,3,1,6,5,1
202100007179,2021-11-17 19:45:00,2021,11,17,19,45,77,77243,D418,48.8777357467,2.7014112111,Nuit avec éclairage allumé,En agglomération,Hors intersection,Brouillard / fumée,Deux véhicules - arrière,3,2,2,0,2,3,1,0,1,50,,3,1,0,0,2,42.0,79.0,,,5,2,1,5,2
202100007180,2021-11-18 22:20:00,2021,11,18,22,20,77,77186,D116,48.45308,2.72298,Nuit sans éclairage public,Hors agglomération,Hors intersection,Brouillard / fumée,Autre collision,3,2,1,0,2,1,2,1,8,90,,1,0,0,0,1,24.0,,,,3,1,1,5,6
202100007181,2021-11-19 11:40:00,2021,11,19,11,40,76,76540,EUROPE. BOULEVARD DE L',49.42616,1.08709,Plein jour,En agglomération,Hors intersection,Normale,Autre collision,4,2,4,3,1,3,1,4,1,50,,2,1,0,0,1,48.0,,,,1,2,1,1,6
202100007182,2021-11-12 13:10:00,2021,11,12,13,10,76,76322,ROCADE Nord-Est,49.40695,1.03687,Plein jour,Hors agglomération,Hors intersection,Normale,Deux véhicules - arrière,2,4,4,0,1,1,1,3,1,90,,2,1,0,0,1,41.0,69.0,,,1,1,1,1,2
202100007183,2021-11-11 06:45:00,2021,11,11,6,45,76,76322,VOIE RAPIDE SUD 3 (RN 338),49.41539,1.04529,Nuit avec éclairage allumé,Hors agglomération,Hors intersection,Normale,Deux véhicules - arrière,2,3,3,0,1,1,1,0,1,90,,2,1,0,0,1,22.0,,,,5,1,1,1,2
202100007184,2021-11-18 10:00:00,2021,11,18,10,0,76,76351,LENINGRAD (BD DE),49.494261,0.138414,Plein jour,En agglomération,Intersection en X,Normale,Autre collision,4,2,5,0,1,1,1,0,1,50,,2,1,0,1,0,44.0,,,,1,2,2,1,6
202100007185,2021-11-17 22:45:00,2021,11,17,22,45,76,76351,FERRER (RUE),49.4892,0.13923,Nuit avec éclairage allumé,En agglomération,Hors intersection,Normale,Sans collision,4,2,2,0,1,1,1,0,1,50,,1,0,0,0,1,27.0,,,,5,2,1,1,7
202100007186,2021-11-14 17:59:00,2021,11,14,17,59,76,76329,D6015,49.5675243317,0.488929816,Crépuscule ou aube,Hors agglomération,Hors intersection,Pluie légère,Sans collision,3,2,3,0,2,1,2,8,1,50,,1,0,0,1,0,50.0,,,,2,1,1,2,7
202100007187,2021-11-17 12:25:00,2021,11,17,12,25,74,74281,PLANTEES (AVENUE DES),46.38093,6.49244,Plein jour,En agglomération,Hors intersection,Normale,Deux véhicules - côté,4,2,2,0,3,1,1,9,8,50,,2,1,0,0,1,16.0,37.0,,,1,2,1,1,3
202100007188,2021-11-19 17:27:00,2021,11,19,17,27,72,72181,PIFFAULT PIERRE (AV) BESSEMER A MONNIER,47.97017,0.18001,Crépuscule ou aube,En agglomération,Hors intersection,Normale,Deux véhicules - arrière,4,2,2,2,1,1,1,0,1,50,,2,1,0,0,1,29.0,56.0,,,2,2,1,1,2
202100007189,2021-11-18 19:27:00,2021,11,18,19,27,72,72181,Robert Jarry (Bd),47.996,0.192155,Nuit avec éclairage allumé,En agglomération,Giratoire,Normale,Deux véhicules - côté,4,2,2,2,1,1,1,0,1,50,,2,1,0,0,1,45.0,32.0,,,5,2,6,1,3
202100007190,2021-11-18 17:53:00,2021,11,18,17,53,72,72181,PADERBORN (AV) CONTRE ALLEE,48.008741,0.199898,Crépuscule ou aube,En agglomération,Hors intersection,Normale,Deux véhicules - côté,4,2,2,2,2,1,1,0,1,50,,2,1,0,0,1,20.0,72.0,,,2,2,1,1,3
202100007191,2021-11-17 09:30:00,2021,11,17,9,30,72,72181,CASABLANCA (RUE DE),48.01565,0.2307,Plein jour,En agglomération,Giratoire,Normale,Deux véhicules - côté,4,2,2,0,1,1,2,0,1,50,,2,1,0,0,1,20.0,43.0,,,1,2,6,1,3
202100007192,2021-11-09 14:00:00,2021,11,9,14,0,72,72181,BERTINIERE (RUE DE LA) N° IMP,47.99208,0.2164,Plein jour,En agglomération,Giratoire,Normale,Deux véhicules - côté,4,2,2,2,1,1,1,0,1,50,,2,1,1,0,0,46.0,61.0,,,1,2,6,1,3
202100007193,2021-11-19 00:45:00,2021,11,19,0,45,71,71270,BRETELLE ACCES RD672 N/S,46.3636,4.84121,Nuit avec éclairage allumé,Hors agglomération,Hors intersection,Normale,Autre collision,3,1,1,0,1,2,1,5,3,50,,1,0,0,0,1,46.0,,,,5,1,1,1,6
202100007194,2021-11-19 19:55:00,2021,11,19,19,55,71,71540,Route Centre à Centre,46.7553196814,4.4405199246,Nuit sans éclairage public,Hors agglomération,Giratoire,Pluie légère,Sans collision,3,2,2,0,1,1,2,0,8,80,,1,0,0,1,0,55.0,,,,3,1,6,2,7
202100007195,2021-11-19 08:10:00,2021,11,19,8,10,69,69266,GREUZE (R),45.7711512981,4.8936635167,Crépuscule ou aube,En agglomération,Intersection en X,Normale,Deux véhicules - côté,4,2,2,0,1,1,1,0,1,50,,3,2,0,0,1,74.0,44.0,,,2,2,2,1,3
202100007196,2021-11-09 17:25:00,2021,11,9,17,25,69,69256,PAUL MARCELLIN (AV),45.77505,4.93202,Nuit avec éclairage allumé,En agglomération,Intersection en T,Normale,Deux véhicules - côté,4,3,2,2,1,1,1,0,1,50,,2,1,0,0,1,50.0,40.0,,,5,2,3,1,3
202100007197,2021-11-18 12:50:00,2021,11,18,12,50,68,68256,AUTOROUTE A 36,47.7615,7.3143,Plein jour,Hors agglomération,Hors intersection,Normale,Trois véhicules et plus - en chaîne,1,2,6,0,1,1,1,0,1,110,,4,0,1,1,2,51.0,20.0,,,1,1,1,1,4
202100007198,2021-11-18 08:45:00,2021,11,18,8,45,67,67447,BARRAGE (RUE DU),48.60302,7.75341,Plein jour,En agglomération,Hors intersection,Temps couvert,Autre collision,7,-1,1,0,2,1,9,1,8,30,,1,0,0,0,1,48.0,,,,1,2,1,8,6
202100007199,2021-11-09 13:25:00,2021,11,9,13,25,67,67180,RD263,48.89578,7.8436,Plein jour,Hors agglomération,Hors intersection,Normale,Deux véhicules - frontale,3,2,2,0,1,1,1,0,1,80,,2,1,1,0,0,71.0,27.0,,,1,1,1,1,1
202100007200,2021-11-19 19:15:00,2021,11,19,19,15,64,64284,GASTON CAMBOT,43.29043,-0.39402,Nuit avec éclairage allumé,En agglomération,Intersection en T,Normale,Deux véhicules - côté,4,2,2,0,1,1,1,0,1,50,,2,1,0,0,1,15.0,42.0,,,5,2,3,1,3
202100007201,2021-11-19 20:00:00,2021,11,19,20,0,64,64445,Rond-Point des Allées de Morlaàs,43.30776,-0.33918,Nuit avec éclairage allumé,En agglomération,Giratoire,Normale,Deux véhicules - côté,4,1,1,1,1,1,1,0,1,50,,2,1,0,0,1,37.0,29.0,,,5,2,6,1,3
202100007202,2021-11-18 18:00:00,2021,11,18,18,0,64,64284,GASTON CAMBOT,43.28951,-0.39282,Nuit avec éclairage allumé,En agglomération,Giratoire,Normale,Deux véhicules - côté,4,2,2,0,1,2,1,0,1,30,,2,1,0,0,1,63.0,73.0,,,5,2,6,1,3
202100007203,2021-11-18 12:20:00,2021,11,18,12,20,64,64445,GASTON LACOSTE,43.29243,-0.36364,Plein jour,En agglomération,Intersection en T,Normale,Deux véhicules - côté,4,2,2,0,1,1,1,0,1,50,,2,1,0,0,1,18.0,18.0,,,1,2,3,1,3
202100007204,2021-11-17 10:00:00,2021,11,17,10,0,64,64445,EDOUARD 7,43.29828,-0.35833,Plein jour,En agglomération,Intersection en X,Normale,Deux véhicules - côté,4,2,0,0,1,1,1,0,1,50,,2,1,0,0,1,40.0,55.0,,,1,2,2,1,3
202100007205,2021-11-07 11:05:00,2021,11,7,11,5,64,64122,GRAMMONT (AVENUE - IMPASSE),43.47596,-1.55272,Plein jour,En agglomération,Hors intersection,Normale,Autre collision,6,-1,0,0,1,1,1,0,8,30,,3,2,0,0,1,65.0,,,,1,2,1,1,6
202100007206,2021-11-19 02:05:00,2021,11,19,2,5,64,64024,BAYONNE (AVENUE DE),43.4805,-1.51448,Nuit avec éclairage non allumé,En agglomération,Hors intersection,Normale,Autre collision,3,2,3,3,1,1,1,0,1,50,,1,0,0,0,1,20.0,,,,4,2,1,1,6
202100007207,2021-11-18 18:00:00,2021,11,18,18,0,64,64102,LESSEPS (QUAI DE),43.49735,-1.478,Nuit avec éclairage allumé,En agglomération,Intersection en T,Normale,Deux véhicules - frontale,4,2,2,0,1,1,1,0,1,30,,2,1,0,0,1,29.0,49.0,,,5,2,3,1,1
202100007208,2021-11-18 14:20:00,2021,11,18,14,20,64,64024,BAB (Boulevard),43.4872038324,-1.5366107225,Plein jour,En agglomération,Hors intersection,Normale,Deux véhicules - arrière,4,2,4,0,1,1,1,0,1,50,,2,1,0,0,1,54.0,60.0,,,1,2,1,1,2
202100007209,2021-11-19 09:15:00,2021,11,19,9,15,63,63124,Av Dômes /av Livradois,45.73094,3.19987,Plein jour,En agglomération,Intersection en X,Normale,Deux véhicules - côté,4,1,1,0,1,1,1,5,1,50,,2,0,0,1,1,42.0,33.0,,,1,2,2,1,3
202100007210,2021-11-19 12:23:00,2021,11,19,12,23,63,63075,ROYAT (AVENUE DE),45.77434,3.06328,Plein jour,En agglomération,Intersection en X,Normale,Autre collision,7,2,2,0,4,1,1,0,1,50,,2,1,0,0,1,72.0,,,,1,2,2,1,6
202100007211,2021-11-18 17:29:00,2021,11,18,17,29,63,63113,JAURES (BD JEAN),45.7687,3.07822,Plein jour,En agglomération,Intersection en X,Normale,Autre collision,4,1,3,3,1,1,1,0,1,50,,2,1,0,0,1,20.0,,,,1,2,2,1,6
202100007212,2021-11-18 08:07:00,2021,11,18,8,7,63,63113,CARNOT (AVENUE),45.7763,3.09006,Nuit avec éclairage allumé,En agglomération,Intersection en X,Normale,Deux véhicules - côté,4,3,4,0,2,1,1,0,1,50,,2,1,0,0,1,53.0,26.0,,,5,2,2,1,3
202100007213,2021-11-17 17:15:00,2021,11,17,17,15,63,63164,L INDUSTRIE (RUE DE),45.82252,3.13895,Crépuscule ou aube,En agglomération,Hors intersection,Normale,Trois véhicules et plus - en chaîne,7,2,2,0,1,1,1,0,1,50,,3,2,0,0,1,34.0,60.0,,,2,2,1,1,4
202100007214,2021-11-18 10:50:00,2021,11,18,10,50,59,59090,HESPEL (RUE RENE D')2A4-1A35,50.7150705961,3.0851315004,Plein jour,En agglomération,Hors intersection,Temps éblouissant,Autre collision,4,2,2,0,1,1,1,0,1,30,,2,1,0,0,1,61.0,,,,1,2,1,7,6
202100007215,2021-11-17 18:00:00,2021,11,17,18,0,59,59068,Place Mandron,50.203099619,3.8125482202,Nuit avec éclairage allumé,En agglomération,Autre intersection,Brouillard / fumée,Autre collision,3,3,2,0,1,2,1,0,1,50,,2,1,0,1,0,,,,,5,2,9,5,6
202100007216,2021-11-19 18:00:00,2021,11,19,18,0,59,59527,DE LATTRE TASSIGNY.AVN°279A659,50.6645068042,3.031560618,Nuit avec éclairage allumé,En agglomération,Intersection en X,Normale,Deux véhicules - arrière,7,2,2,0,1,1,1,0,1,50,,4,2,0,0,2,,38.0,,,5,2,2,1,2
202100007217,2021-10-19 17:10:00,2021,10,19,17,10,59,59378,REPUBLIQUE AV DE LA (N°930-1002),50.6643764032,3.1016678403,Plein jour,En agglomération,Hors intersection,Normale,Autre collision,7,-1,0,0,1,1,1,9,8,10,,2,1,0,0,1,75.0,,,,1,2,1,1,6
202100007218,2021-11-18 07:42:00,2021,11,18,7,42,59,59378,REPUBLIQUE AV DE LA (N°834-920),50.66021,3.09408,Crépuscule ou aube,En agglomération,Hors intersection,Normale,Trois véhicules et plus - en chaîne,7,1,1,0,1,1,1,9,1,50,,4,2,0,0,2,,34.0,,,2,2,1,1,4
202100007219,2021-11-17 18:40:00,2021,11,17,18,40,59,59378,FLANDRE AVENUE DE,50.66497,3.11104,Nuit avec éclairage allumé,En agglomération,Hors intersection,Normale,Trois véhicules et plus - collisions multiples,7,2,4,1,1,1,1,2,1,50,,4,2,0,0,2,44.0,24.0,,,5,2,1,1,5
202100007220,2021-11-09 08:40:00,2021,11,9,8,40,59,59350,GARE PLACE DE LA,50.6366,3.0705,Plein jour,En agglomération,Hors intersection,Normale,Deux véhicules - côté,4,1,1,3,1,2,1,0,1,30,,2,1,0,1,0,34.0,45.0,,,1,2,1,1,3
202100007221,2021-11-16 16:50:00,2021,11,16,16,50,59,59178,VALENCIENNES (RUE DE),50.36711,3.08509,Plein jour,En agglomération,Intersection en T,Normale,Autre collision,4,2,4,3,1,3,1,0,1,50,,3,1,0,0,2,55.0,,,,1,2,3,1,6
202100007222,2021-11-18 07:34:00,2021,11,18,7,34,57,57283,METZ (RUE DE),49.24468,6.16999,Nuit avec éclairage allumé,En agglomération,Hors intersection,Normale,Autre collision,3,-1,2,0,1,1,1,0,1,50,,2,1,0,0,1,28.0,,,,5,2,1,1,6
202100007223,2021-11-19 07:30:00,2021,11,19,7,30,56,56260,PONTIVY (BOULEVARD DE),47.677065,-2.774265,Crépuscule ou aube,Hors agglomération,Hors intersection,Temps couvert,Autre collision,3,2,2,0,2,1,2,0,1,70,,2,1,0,0,1,22.0,,,,2,1,1,8,6
202100007224,2021-11-04 19:45:00,2021,11,4,19,45,56,56260,BERNUS(RUE DE),47.655036,-2.767531,Nuit avec éclairage allumé,En agglomération,Intersection en T,Normale,Deux véhicules - côté,4,1,1,0,1,1,1,0,1,30,,2,1,0,0,1,19.0,50.0,,,5,2,3,1,3
202100007225,2021-11-19 08:40:00,2021,11,19,8,40,56,56121,COLBERT (RUE),47.75116,-3.35806,Plein jour,En agglomération,Intersection en Y,Normale,Deux véhicules - frontale,4,2,2,0,1,1,1,0,1,30,,2,1,0,0,1,52.0,25.0,,,1,2,4,1,1
202100007226,2021-11-17 16:35:00,2021,11,17,16,35,56,56121,MANIO ( ECHANGEUR ET RD POINT DU ),47.75605,-3.38426,Plein jour,En agglomération,Giratoire,Normale,Deux véhicules - côté,4,1,1,0,1,2,1,5,1,50,,2,1,0,0,1,69.0,41.0,,,1,2,6,1,3
202100007227,2021-11-17 13:20:00,2021,11,17,13,20,56,56121,VILLENEUVE (RUE  DE LA ),47.74912,-3.38137,Plein jour,En agglomération,Intersection en T,Normale,Sans collision,4,2,2,0,1,1,1,0,1,30,,1,0,0,0,1,22.0,,,,1,2,3,1,7
202100007228,2021-11-17 07:50:00,2021,11,17,7,50,56,56121,BELGIQUE (RUE  DE ),47.75963,-3.3813,Crépuscule ou aube,En agglomération,Intersection en T,Temps couvert,Deux véhicules - arrière,4,2,2,0,1,1,2,0,1,30,,2,1,0,0,1,45.0,20.0,,,2,2,3,8,2
202100007229,2021-11-18 23:35:00,2021,11,18,23,35,54,54184,AGINCOURT  (ANCIENNE ROUTE D'),48.7153900892,6.2416129756,Nuit sans éclairage public,En agglomération,Hors intersection,Normale,Deux véhicules - arrière,7,2,2,0,2,1,1,0,3,80,,2,1,0,1,0,26.0,29.0,,,3,2,1,1,2
202100007230,2021-11-18 22:45:00,2021,11,18,22,45,54,54304,ZOLA (RUE EMILE),48.6792129985,6.1585820877,Nuit avec éclairage allumé,En agglomération,Hors intersection,Normale,Autre collision,4,-1,2,0,2,1,1,0,1,50,,1,0,0,0,1,23.0,,,,5,2,1,1,6
202100007231,2021-11-18 15:00:00,2021,11,18,15,0,54,54304,LIBERATION (AVENUE DE LA),48.67849,6.16043,Plein jour,En agglomération,Hors intersection,Normale,Autre collision,4,2,2,0,1,3,1,0,1,50,,2,1,0,0,1,68.0,,,,1,2,1,1,6
202100007232,2021-11-17 07:40:00,2021,11,17,7,40,54,54578,MULLER (AVENUE PAUL),48.67029,6.15828,Crépuscule ou aube,En agglomération,Intersection en X,Pluie légère,Deux véhicules - côté,4,2,3,0,1,1,2,0,1,50,,2,0,0,0,2,77.0,20.0,,,2,2,2,2,3
202100007233,2021-11-09 10:00:00,2021,11,9,10,0,54,54395,SCARPONE (BD DE),48.70241,6.1638,Plein jour,En agglomération,Hors intersection,Normale,Autre collision,4,2,2,0,1,1,1,0,1,50,,2,1,0,0,1,,,,,1,2,1,1,6
202100007234,2021-11-18 19:00:00,2021,11,18,19,0,53,53054,RN 162,48.09661,-0.74783,Nuit sans éclairage public,Hors agglomération,Hors intersection,Normale,Deux véhicules - arrière,2,3,5,0,1,1,1,3,1,90,,2,1,0,1,0,29.0,20.0,,,3,1,1,1,2
202100007235,2021-11-19 16:35:00,2021,11,19,16,35,51,51454,Avenue du Président Kennedy,49.2334687259,4.0070258081,Plein jour,En agglomération,Hors intersection,Normale,Trois véhicules et plus - en chaîne,4,1,1,0,1,3,1,0,1,50,,3,2,0,0,1,42.0,29.0,,,1,2,1,1,4
202100007236,2021-11-18 20:15:00,2021,11,18,20,15,51,51172,Place de l'Humanisme,49.2200766886,4.0412440896,Nuit sans éclairage public,En agglomération,Giratoire,Normale,Deux véhicules - arrière,4,-1,2,0,1,1,1,0,1,50,,3,2,0,0,1,21.0,20.0,,,3,2,6,1,2
202100007237,2021-11-18 08:45:00,2021,11,18,8,45,51,51454,Boulevard du Président Wilson,49.2363276285,4.0262270201,Plein jour,En agglomération,Intersection en X,Brouillard / fumée,Sans collision,4,2,2,2,1,1,1,0,1,50,,2,1,0,1,0,20.0,,,,1,2,2,5,7
202100007238,2021-10-29 14:00:00,2021,10,29,14,0,50,50129,ANCIEN QUAI (RUE DE L'),49.63678,-1.62474,Plein jour,En agglomération,Hors intersection,Normale,Sans collision,4,1,1,0,1,1,1,0,1,50,,2,1,0,0,1,20.0,,,,1,2,1,1,7
202100007239,2021-11-08 14:00:00,2021,11,8,14,0,49,49099,PARIS (PLACE DE),47.06928,-0.85316,Plein jour,En agglomération,Giratoire,Normale,Deux véhicules - côté,3,1,2,0,1,2,1,0,1,50,,2,1,0,0,1,51.0,17.0,,,1,2,6,1,3
202100007240,2021-11-20 00:45:00,2021,11,20,0,45,49,49007,MOULIN BOULEVARD,47.4906,-0.54774,Nuit avec éclairage allumé,En agglomération,Hors intersection,Normale,Autre collision,4,2,2,0,1,1,1,0,1,50,,1,0,0,0,1,20.0,,,,5,2,1,1,6
202100007241,2021-11-19 11:36:00,2021,11,19,11,36,49,49007,GEOFFRAY,47.45871,-0.5464,Plein jour,En agglomération,Hors intersection,Normale,Deux véhicules - arrière,4,2,2,0,1,1,1,0,1,30,,2,1,0,0,1,17.0,29.0,,,1,2,1,1,2