accident_id,datetime,annee,mois,jour,heure,minute,departement,commune_insee,adresse,latitude,longitude,luminosite,agglomeration,intersection,meteo,collision,catr,circ,nbv,vosp,prof,plan,surf,infra,situ,vma,nb_vehicules,nb_usagers,nb_indemnes,nb_tues,nb_blesses_hosp,nb_blesses_legers,age_cond_1,age_cond_2,veh_type_cond_1,veh_type_cond_2,lum_code,agg_code,int_code,atm_code,col_code
202100007242,2021-11-18 17:58:00,2021,11,18,17,58,49,49007,VILLESICARD RUE ET SQUARE,47.44965,-0.53053,Crépuscule ou aube,En agglomération,Giratoire,Normale,Deux véhicules - côté,4,1,2,0,1,2,1,0,1,30,,2,1,0,0,1,49.0,38.0,,,2,2,6,1,3
202100007243,2021-11-18 16:12:00,2021,11,18,16,12,49,49007,RABELAIS,47.46246,-0.54741,Plein jour,En agglomération,Intersection en T,Normale,Deux véhicules - côté,4,2,2,0,1,1,1,0,1,30,,2,1,0,0,1,15.0,23.0,,,1,2,3,1,3
202100007244,2021-11-18 08:32:00,2021,11,18,8,32,49,49353,FOUCAUDIERE,47.45789,-0.5146,Crépuscule ou aube,En agglomération,Giratoire,Normale,Deux véhicules - côté,4,1,2,0,1,2,1,0,1,30,,2,1,0,0,1,55.0,47.0,,,2,2,6,1,3
202100007245,2021-11-17 17:25:00,2021,11,17,17,25,49,49267,RD 347,47.47171,-0.45684,Plein jour,Hors agglomération,Hors intersection,Normale,Deux véhicules - arrière,3,2,2,0,1,1,1,0,1,80,,2,1,0,0,1,67.0,63.0,,,1,1,1,1,2
202100007246,2021-11-17 07:37:00,2021,11,17,7,37,49,49007,RICHARD,47.46637,-0.55728,Crépuscule ou aube,En agglomération,Giratoire,Normale,Deux véhicules - côté,4,2,2,0,1,1,1,0,1,30,,2,1,0,0,1,61.0,25.0,,,2,2,6,1,3
202100007247,2021-11-15 00:15:00,2021,11,15,0,15,49,49007,CHEVREUL,47.47281,-0.54773,Nuit avec éclairage allumé,En agglomération,Hors intersection,Normale,Sans collision,4,1,1,0,1,1,2,0,1,30,,1,0,0,1,0,37.0,,,,5,2,1,1,7
202100007248,2021-11-13 18:10:00,2021,11,13,18,10,47,47323,MALRAUX (RUE ANDRE),44.41136,0.728395,Nuit avec éclairage allumé,En agglomération,Intersection en X,Pluie légère,Deux véhicules - côté,4,2,2,0,1,1,2,0,1,50,,2,1,0,0,1,30.0,50.0,,,5,2,2,2,3
202100007249,2021-11-19 14:05:00,2021,11,19,14,5,47,47201,PONT DE BARROY (ROUTE DU),44.1962,0.5963,Plein jour,En agglomération,Hors intersection,Normale,Deux véhicules - arrière,4,2,1,0,1,1,1,9,1,50,,2,1,0,0,1,54.0,26.0,,,1,2,1,1,2
202100007250,2021-11-19 17:30:00,2021,11,19,17,30,45,45285,ORLEANS (ROUTE D'ORLEANS),47.89603,1.86034,Nuit avec éclairage allumé,En agglomération,Intersection en X,Normale,Deux véhicules - côté,4,2,2,0,2,1,8,0,1,50,,2,0,0,1,1,73.0,49.0,,,5,2,2,1,3
202100007251,2021-11-19 15:10:00,2021,11,19,15,10,45,45235,Giratoire des Varennes,47.9484,1.83148,Plein jour,En agglomération,Giratoire,Normale,Autre collision,7,-1,2,2,1,1,1,9,1,50,,2,1,0,0,1,64.0,48.0,,,1,2,6,1,6
202100007252,2021-11-18 17:05:00,2021,11,18,17,5,45,45286,Levee des Capucins,47.8932976639,1.9225494862,Crépuscule ou aube,Hors agglomération,Hors intersection,Normale,Sans collision,4,-1,1,0,1,1,6,1,1,20,,1,0,0,0,1,56.0,,,,2,1,1,1,7
202100007253,2021-11-18 14:30:00,2021,11,18,14,30,45,45285,RN 60,47.91734,1.87138,Plein jour,Hors agglomération,Hors intersection,Normale,Autre collision,3,2,6,0,1,1,1,0,1,70,,1,0,0,0,1,70.0,,,,1,1,1,1,6
202100007254,2021-11-18 13:30:00,2021,11,18,13,30,45,45147,DORMOY (RUE MARX DORMOY),47.92651,1.91732,Plein jour,En agglomération,Hors intersection,Normale,Autre collision,4,2,2,0,1,1,1,0,1,50,,2,1,0,0,1,43.0,,,,1,2,1,1,6
202100007255,2021-11-18 07:40:00,2021,11,18,7,40,45,45302,D2060-PR90+650,47.94531,1.89732,Crépuscule ou aube,Hors agglomération,Hors intersection,Normale,Deux véhicules - côté,7,3,4,0,1,1,1,0,1,70,,2,1,0,0,1,27.0,,,,2,1,1,1,3
202100007256,2021-11-10 08:40:00,2021,11,10,8,40,45,45338,DE VINCI (RUE LEONARD),48.0000593892,2.7159190178,Plein jour,En agglomération,Giratoire,Brouillard / fumée,Sans collision,4,2,2,0,1,1,9,5,1,50,,1,0,0,0,1,15.0,,,,1,2,6,5,7
202100007257,2021-08-27 16:20:00,2021,8,27,16,20,43,43041,19 Avenue Charles Dupuy,45.0472,3.92556,Plein jour,En agglomération,Hors intersection,Normale,Trois véhicules et plus - collisions multiples,3,2,2,0,1,1,1,0,1,50,,3,1,0,0,2,34.0,51.0,,,1,2,1,1,5
202100007258,2021-11-16 07:50:00,2021,11,16,7,50,40,40192,VILLENEUVE (AV DE),43.88905,-0.4697,Nuit sans éclairage public,En agglomération,Hors intersection,Normale,Deux véhicules - côté,3,2,1,0,1,1,1,9,1,50,,2,1,0,1,0,51.0,,,,3,2,1,1,3
202100007259,2021-11-14 19:55:00,2021,11,14,19,55,40,40178,ROCADE EST (RD 932 E),43.89325,-0.44546,Nuit sans éclairage public,Hors agglomération,Hors intersection,Normale,Deux véhicules - côté,3,2,2,0,1,1,2,0,1,80,,3,1,0,1,1,51.0,70.0,,,3,1,1,1,3
202100007260,2021-09-07 13:35:00,2021,9,7,13,35,40,40192,JUIN (V DU MARECHAL),43.9052411705,-0.474793911,Plein jour,En agglomération,Hors intersection,Normale,Deux véhicules - côté,3,2,2,1,1,1,1,0,1,50,,2,0,0,1,1,34.0,56.0,,,1,2,1,1,3
202100007261,2021-11-19 19:30:00,2021,11,19,19,30,37,37122,MARTYRS (RUE DES),47.34808,0.65302,Nuit avec éclairage allumé,En agglomération,Intersection en Y,Temps couvert,Deux véhicules - côté,4,2,2,0,2,1,1,0,1,50,,2,1,0,1,0,39.0,38.0,,,5,2,4,8,3
202100007262,2021-11-19 15:55:00,2021,11,19,15,55,37,37122,CHANTEPIE (RUE DE),47.3480031997,0.6529951841,Plein jour,En agglomération,Hors intersection,Normale,Autre collision,4,2,2,0,1,1,1,0,1,50,,3,2,0,0,1,36.0,31.0,,,1,2,1,1,6
202100007263,2021-11-19 01:35:00,2021,11,19,1,35,37,37261,CLUZEL (RUE DU),47.3825435525,0.685678599,Nuit avec éclairage allumé,En agglomération,Intersection en X,Temps couvert,Deux véhicules - frontale,4,1,1,0,1,1,1,0,1,50,,2,0,0,0,2,26.0,28.0,,,5,2,2,8,1
202100007264,2021-11-17 20:50:00,2021,11,17,20,50,37,37261,DE GAULLE (AVENUE DU GENERAL),47.3809163067,0.6999208448,Nuit avec éclairage allumé,En agglomération,Intersection en X,Normale,Deux véhicules - arrière,4,2,2,0,1,1,1,0,1,50,,2,1,0,0,1,,28.0,,,5,2,2,1,2
202100007265,2021-11-18 08:15:00,2021,11,18,8,15,37,37261,VAILLANT (RUE EDOUARD),47.3818643938,0.7056665785,Plein jour,En agglomération,Hors intersection,Normale,Autre collision,4,2,2,0,1,1,1,0,1,50,,2,1,0,1,0,21.0,,,,1,2,1,1,6
202100007266,2021-11-19 18:30:00,2021,11,19,18,30,35,35238,RN136,48.1138399691,-1.7187714279,Nuit sans éclairage public,Hors agglomération,Hors intersection,Normale,Deux véhicules - arrière,2,3,6,0,2,1,1,0,1,90,,4,3,0,0,1,22.0,28.0,,,3,1,1,1,2
202100007267,2021-11-18 18:05:00,2021,11,18,18,5,35,35238,REDON (DE),48.1053628767,-1.6901190348,Nuit avec éclairage allumé,En agglomération,Hors intersection,Normale,Deux véhicules - côté,4,2,2,0,1,1,1,0,1,50,,2,1,0,0,1,22.0,29.0,,,5,2,1,1,3
202100007268,2021-11-18 07:30:00,2021,11,18,7,30,35,35051,BRAY (RUE DE),48.10885,-1.60873,Nuit avec éclairage allumé,En agglomération,Giratoire,Normale,Deux véhicules - côté,4,3,2,1,1,2,1,5,1,50,,2,1,0,0,1,63.0,41.0,,,5,2,6,1,3
202100007269,2021-11-12 11:30:00,2021,11,12,11,30,35,35115,POMPIDOU (RUE GEORGES A PARTIR DU N°65),48.34415,-1.20084,Plein jour,En agglomération,Intersection en X,Brouillard / fumée,Deux véhicules - côté,3,2,2,0,2,1,1,0,1,50,,2,1,0,1,0,49.0,19.0,,,1,2,2,5,3
202100007270,2021-11-18 08:50:00,2021,11,18,8,50,34,34172,MONTASINOS (RUE DE),43.6289525766,3.8807486863,Plein jour,En agglomération,Intersection en T,Normale,Trois véhicules et plus - collisions multiples,4,2,1,0,2,1,1,0,1,50,,3,2,0,1,0,19.0,40.0,,,1,2,3,1,5
202100007271,2021-11-18 14:00:00,2021,11,18,14,0,33,33162,Route du Médoc,44.87845,-0.62476,Plein jour,En agglomération,Hors intersection,Normale,Deux véhicules - arrière,4,2,2,1,2,1,1,0,1,50,,3,1,0,0,2,41.0,32.0,,,1,2,1,1,2
202100007272,2021-11-18 05:00:00,2021,11,18,5,0,33,33063,BD DU PRESIDENT WILSON,44.84146,-0.59949,Nuit avec éclairage allumé,En agglomération,Place,Normale,Deux véhicules - côté,4,2,4,0,1,1,1,0,1,50,,2,1,0,0,1,30.0,32.0,,,5,2,7,1,3
202100007273,2021-11-12 12:45:00,2021,11,12,12,45,33,33065,D 113,44.8101,-0.5203,Plein jour,Hors agglomération,Giratoire,Normale,Deux véhicules - arrière,7,1,2,0,2,1,1,0,1,50,,2,1,0,0,1,55.0,29.0,,,1,1,6,1,2
202100007274,2021-11-18 21:50:00,2021,11,18,21,50,32,32013,rond point des justes,43.66374,0.59923,Nuit avec éclairage allumé,En agglomération,Giratoire,Normale,Deux véhicules - arrière,2,1,1,0,1,2,1,0,1,50,,2,1,0,0,1,42.0,31.0,,,5,2,6,1,2
202100007275,2021-11-19 23:20:00,2021,11,19,23,20,31,31069,FIL D'ARIANE (RD902),43.66335,1.36009,Nuit sans éclairage public,Hors agglomération,Hors intersection,Normale,Trois véhicules et plus - en chaîne,7,3,4,0,1,1,1,0,1,90,,5,3,0,2,0,67.0,59.0,,,3,1,1,1,4
202100007276,2021-11-18 19:50:00,2021,11,18,19,50,31,31555,VA007418 PONT JUMEAUX A620 Sortie 30,43.60865,1.41142,Nuit avec éclairage allumé,En agglomération,Hors intersection,Normale,Trois véhicules et plus - en chaîne,1,1,3,0,1,1,1,0,1,90,,4,3,0,0,1,20.0,29.0,,,5,2,1,1,4
202100007277,2021-11-18 18:00:00,2021,11,18,18,0,31,31555,AV FRIZAC,43.591263,1.452808,Nuit avec éclairage allumé,En agglomération,Intersection en T,Normale,Deux véhicules - côté,4,1,3,3,1,1,1,0,1,50,,3,2,0,0,1,20.0,50.0,,,5,2,3,1,3
202100007278,2021-11-17 13:35:00,2021,11,17,13,35,31,31555,ALL DES DEMOISELLES,43.588335,1.458728,Plein jour,En agglomération,Intersection en X,Temps couvert,Deux véhicules - frontale,4,2,2,0,1,1,1,0,1,50,,2,1,0,1,0,49.0,30.0,,,1,2,2,8,1
202100007279,2021-11-09 08:50:00,2021,11,9,8,50,31,31555,VA007622 RANGUEIL A620 Sortie 23,43.57205,1.46049,Plein jour,Hors agglomération,Hors intersection,Normale,Autre collision,1,3,3,0,1,1,1,0,1,90,,1,0,0,1,0,33.0,,,,1,1,1,1,6
202100007280,2021-10-28 11:35:00,2021,10,28,11,35,30,30189,SEMARD PIERRE (RUE),43.83918,4.36582,Plein jour,En agglomération,Intersection en X,Normale,Autre collision,4,1,2,0,1,1,1,5,1,50,,2,1,0,1,0,31.0,,,,1,2,2,1,6
202100007281,2021-11-19 13:35:00,2021,11,19,13,35,30,30243,Chemin des Vignes,44.076730512,4.0715389251,Plein jour,Hors agglomération,Intersection en T,Normale,Deux véhicules - côté,3,2,2,0,1,1,1,0,1,70,,2,1,0,0,1,68.0,22.0,,,1,1,3,1,3
202100007282,2021-11-19 17:15:00,2021,11,19,17,15,29,29051,Avenue de Garsalec,48.017112,-4.000677,Crépuscule ou aube,Hors agglomération,Hors intersection,Normale,Deux véhicules - arrière,3,3,2,0,1,2,1,3,1,70,,2,1,0,0,1,25.0,70.0,,,2,1,1,1,2
202100007283,2021-11-18 18:00:00,2021,11,18,18,0,29,29019,Rue Saint-Exupéry,48.3887,-4.50466,Plein jour,En agglomération,Hors intersection,Normale,Autre collision,4,-1,0,0,1,1,1,0,1,30,,2,1,0,0,1,53.0,15.0,,,1,2,1,1,6
202100007284,2021-11-19 07:00:00,2021,11,19,7,0,28,28085,BEAUREPAIRE (AVENUE),48.45847,1.48784,Nuit avec éclairage allumé,Hors agglomération,Intersection en X,Normale,Deux véhicules - côté,3,2,2,0,1,1,1,0,1,30,,3,1,0,1,1,37.0,,,,5,1,2,1,3
202100007285,2021-11-19 17:55:00,2021,11,19,17,55,27,27229,RESISTANCE (RUE DE LA),49.02001,1.15589,Nuit avec éclairage allumé,En agglomération,Hors intersection,Normale,Trois véhicules et plus - en chaîne,4,1,4,0,2,1,1,0,1,50,,3,1,0,0,2,42.0,61.0,,,5,2,1,1,4
202100007286,2021-11-18 17:53:00,2021,11,18,17,53,27,27229,NORMANDIE (BOULEVARD DE),49.0187,1.14138,Nuit sans éclairage public,En agglomération,Hors intersection,Normale,Deux véhicules - arrière,4,3,2,0,1,3,1,0,1,50,,2,1,0,0,1,73.0,27.0,,,3,2,1,1,2
202100007287,2021-11-18 16:40:00,2021,11,18,16,40,26,26057,Route de Besayes,45.009052,5.062082,Plein jour,Hors agglomération,Intersection en X,Normale,Deux véhicules - côté,3,2,2,0,1,1,1,5,1,80,,6,1,2,2,1,76.0,36.0,,,1,1,2,1,3
202100007288,2021-11-19 07:35:00,2021,11,19,7,35,26,26198,166 Route de Marseille,44.538374,4.746436,Plein jour,En agglomération,Hors intersection,Normale,Deux véhicules - côté,4,2,2,0,1,1,1,0,1,50,,2,1,0,1,0,58.0,47.0,,,1,2,1,1,3
202100007289,2021-11-18 10:30:00,2021,11,18,10,30,25,25056,LAGRANGE  AVENUE LEO,47.24394,6.00533,Plein jour,En agglomération,Hors intersection,Normale,Deux véhicules - côté,3,3,2,2,1,1,1,0,5,50,,2,1,0,0,1,28.0,48.0,,,1,2,1,1,3
202100007290,2021-11-14 05:35:00,2021,11,14,5,35,19,19031,RIBOT (AVENUE),45.1646314544,1.5025895834,Nuit avec éclairage allumé,En agglomération,Intersection en T,Normale,Autre collision,4,2,3,0,1,1,1,5,1,50,,2,1,0,1,0,21.0,,,,5,2,3,1,6
202100007291,2021-11-19 01:00:00,2021,11,19,1,0,18,18213,SAINTE-SOLANGE (ROUTE DE),47.1135,2.50341,Nuit sans éclairage public,Hors agglomération,Hors intersection,Normale,Autre collision,3,2,2,0,1,1,1,0,1,90,,1,0,0,0,1,23.0,,,,3,1,1,1,6
202100007292,2021-11-16 08:40:00,2021,11,16,8,40,17,17461,HAUTES FOLIES (AVENUE DES),45.63761,-1.06428,Plein jour,En agglomération,Hors intersection,Normale,Deux véhicules - côté,4,2,2,0,1,1,1,0,1,50,,2,1,0,0,1,20.0,34.0,,,1,2,1,1,3
202100007293,2021-11-18 21:20:00,2021,11,18,21,20,17,17300,ROMPSAY   AVENUE DE,46.16128,-1.1302,Nuit avec éclairage allumé,En agglomération,Hors intersection,Temps couvert,Autre collision,4,2,2,0,1,1,1,0,1,50,,2,1,0,0,1,72.0,,,,5,2,1,8,6
202100007294,2021-11-19 08:50:00,2021,11,19,8,50,14,14220,Avenue Lucien Barrière,49.3598,0.06996,Plein jour,En agglomération,Intersection en T,Normale,Deux véhicules - côté,4,3,2,0,1,1,1,0,1,50,,3,1,0,0,2,36.0,40.0,,,1,2,3,1,3
202100007295,2021-11-18 17:45:00,2021,11,18,17,45,14,14437,ECHANGEUR N° 01 ( PORTE DE PARIS ),49.17555,-0.3131,Nuit sans éclairage public,En agglomération,Hors intersection,Normale,Trois véhicules et plus - en chaîne,2,3,4,0,1,1,1,0,1,90,,4,1,0,0,3,85.0,41.0,,,3,2,1,1,4
202100007296,2021-11-12 22:25:00,2021,11,12,22,25,14,14437,ECHANGEUR N° 16 ( PAYS D ' AUGE ),49.16361,-0.30637,Nuit sans éclairage public,Hors agglomération,Hors intersection,Pluie légère,Autre collision,9,1,0,0,1,3,2,5,8,90,,2,1,0,0,1,31.0,,,,3,1,1,2,6
202100007297,2021-11-11 18:05:00,2021,11,11,18,5,14,14271,D233,49.15147,-0.37345,Nuit avec éclairage allumé,En agglomération,Hors intersection,Normale,Deux véhicules - arrière,3,2,2,0,3,1,1,0,1,50,,3,2,0,0,1,19.0,21.0,,,5,2,1,1,2
202100007298,2021-11-11 14:35:00,2021,11,11,14,35,14,14118,ENGANNERIE (RUE DE L'),49.18302,-0.35604,Plein jour,En agglomération,Intersection en X,Normale,Autre collision,4,2,2,0,1,1,1,0,1,50,,2,1,0,0,1,39.0,,,,1,2,2,1,6
202100007299,2021-11-19 18:15:00,2021,11,19,18,15,13,13117,ROUTE NATIONALE 113-L'ANJOLY,43.42488,5.26452,Nuit avec éclairage allumé,Hors agglomération,Hors intersection,Normale,Deux véhicules - arrière,3,2,4,0,1,1,1,0,1,90,,3,0,0,0,3,25.0,46.0,,,5,1,1,1,2
202100007300,2021-11-19 16:30:00,2021,11,19,16,30,13,13213,ALBERT EINSTEIN (RUE),43.3392519885,5.4394066846,Plein jour,En agglomération,Hors intersection,Normale,Autre collision,4,2,2,0,1,1,1,0,1,50,,2,1,0,1,0,41.0,,,,1,2,1,1,6
202100007301,2021-11-19 05:30:00,2021,11,19,5,30,13,13205,JEAN MOULIN (BOULEVARD),43.28707,5.40032,Nuit avec éclairage allumé,En agglomération,Hors intersection,Normale,Deux véhicules - frontale,4,3,6,0,1,2,1,0,1,50,,1,0,1,0,0,31.0,,,,5,2,1,1,1
202100007302,2021-11-19 05:50:00,2021,11,19,5,50,13,13205,SAKAKINI (BOULEVARD),43.2937120211,5.4015391889,Nuit avec éclairage allumé,En agglomération,Intersection en X,Normale,Deux véhicules - côté,4,3,0,0,1,1,1,0,1,50,,3,2,0,1,0,33.0,25.0,,,5,2,2,1,3
202100007303,2021-11-18 17:05:00,2021,11,18,17,5,13,13210,RABATAU (BOULEVARD),43.2762990232,5.3972185386,Crépuscule ou aube,En agglomération,Hors intersection,Normale,Deux véhicules - côté,4,-1,4,0,1,1,1,0,1,50,,2,1,0,0,1,22.0,20.0,,,2,2,1,1,3
202100007304,2021-11-18 16:45:00,2021,11,18,16,45,13,13215,RUISSEAU MI (RUE),43.3502385917,5.3488946777,Crépuscule ou aube,En agglomération,Hors intersection,Normale,Deux véhicules - côté,4,2,2,0,1,1,1,0,1,50,,2,1,0,0,1,20.0,,,,2,2,1,1,3
202100007305,2021-11-18 09:40:00,2021,11,18,9,40,13,13002,JEAN MOULIN (AVENUE),43.3635,5.49602,Plein jour,En agglomération,Hors intersection,Normale,Deux véhicules - arrière,7,-1,2,0,1,1,1,0,1,50,,2,1,0,0,1,28.0,32.0,,,1,2,1,1,2
202100007306,2021-11-18 16:00:00,2021,11,18,16,0,13,13063,QUENOUILLE RUE DE LA,43.59415,4.9949,Crépuscule ou aube,En agglomération,Hors intersection,Normale,Deux véhicules - frontale,4,2,2,0,1,1,1,0,1,50,,3,1,0,1,1,51.0,,,,2,2,1,1,1
202100007307,2021-11-17 12:45:00,2021,11,17,12,45,13,13001,BARRE ST JEAN (CHEMIN DE LA),43.49642,5.40925,Plein jour,En agglomération,Hors intersection,Normale,Autre collision,4,2,2,0,2,1,1,0,1,30,,2,1,0,0,1,48.0,59.0,,,1,2,1,1,6
202100007308,2021-11-18 04:35:00,2021,11,18,4,35,12,12174,RN88 (ROCADE),44.33438,2.55468,Nuit avec éclairage allumé,Hors agglomération,Hors intersection,Normale,Autre collision,2,3,1,0,2,3,1,3,3,70,,1,0,0,1,0,30.0,,,,5,1,1,1,6
202100007309,2021-11-17 18:05:00,2021,11,17,18,5,11,11262,MONTESQUIEU (AVENUE),43.18969,3.02426,Plein jour,En agglomération,Intersection en X,Normale,Deux véhicules - côté,3,2,2,0,1,1,1,9,1,50,,2,0,0,1,1,18.0,29.0,,,1,2,2,1,3
202100007310,2021-11-19 23:30:00,2021,11,19,23,30,11,11069,BOUFFET HENRY,43.21251,2.29837,Nuit avec éclairage allumé,En agglomération,Hors intersection,Normale,Autre collision,4,2,2,0,2,3,1,0,4,50,,1,0,0,0,1,22.0,,,,5,2,1,1,6
202100007311,2021-11-17 07:10:00,2021,11,17,7,10,11,11069,LIMOUX - ROUTE DE-,43.19913,2.32697,Crépuscule ou aube,En agglomération,Intersection en X,Normale,Deux véhicules - côté,3,2,2,0,1,1,1,5,1,50,,2,0,0,0,2,44.0,51.0,,,2,2,2,1,3
202100007312,2021-11-16 08:48:00,2021,11,16,8,48,11,11069,CHARTRAN,43.21261,2.35131,Plein jour,En agglomération,Intersection en T,Normale,Autre collision,4,1,1,0,1,1,1,0,1,50,,2,1,0,0,1,24.0,,,,1,2,3,1,6
202100007313,2021-11-19 02:02:00,2021,11,19,2,2,10,10387,LUCIEN MOREL PAYEN (RUE),48.305,4.0916,Nuit avec éclairage allumé,En agglomération,Hors intersection,Normale,Autre collision,4,2,2,0,1,3,1,0,1,50,,1,0,0,0,1,38.0,,,,5,2,1,1,6
202100007314,2021-11-16 18:00:00,2021,11,16,18,0,10,10387,FAUBOURG CRONCELS (RUE DU),48.2792,4.08129,Nuit avec éclairage allumé,En agglomération,Hors intersection,Pluie légère,Deux véhicules - côté,4,2,4,0,1,1,2,9,1,50,,2,1,0,0,1,25.0,20.0,,,5,2,1,2,3
202100007315,2021-11-19 08:40:00,2021,11,19,8,40,09,09122,DE GAULLE (AVENUE DU GENERAL),42.9629,1.6089,Plein jour,En agglomération,Intersection en T,Normale,Autre collision,3,1,0,0,1,1,1,0,1,50,,3,1,0,0,2,28.0,,,,1,2,3,1,6
202100007316,2021-11-17 15:53:00,2021,11,17,15,53,09,09013,20 (R.N.) COTE NORD DU TUNNEL,42.980509,1.623031,Plein jour,Hors agglomération,Autre intersection,Temps couvert,Deux véhicules - frontale,2,2,2,0,1,4,1,9,1,80,,4,1,0,0,3,53.0,38.0,,,1,1,9,8,1
202100007317,2021-11-19 18:05:00,2021,11,19,18,5,06,06088,QUAI DES ETATS UNIS,43.695165,7.273122,Nuit avec éclairage allumé,En agglomération,Hors intersection,Normale,Deux véhicules - côté,4,1,1,1,1,1,1,6,1,30,,2,0,0,0,2,28.0,55.0,,,5,2,1,1,3
202100007318,2021-11-18 19:50:00,2021,11,18,19,50,06,06088,ARIANE (BD DE L'),43.733162,7.288994,Nuit avec éclairage allumé,En agglomération,Hors intersection,Normale,Deux véhicules - côté,4,3,5,0,1,1,1,0,1,50,,2,1,0,1,0,37.0,23.0,,,5,2,1,1,3
202100007319,2021-11-18 15:20:00,2021,11,18,15,20,06,06088,DIABLES BLEUS (AV. DES),43.70833,7.29078,Plein jour,En agglomération,Intersection en X,Normale,Trois véhicules et plus - collisions multiples,4,2,2,1,1,1,1,0,1,50,,4,2,0,0,2,15.0,20.0,,,1,2,2,1,5
202100007320,2021-11-18 07:52:00,2021,11,18,7,52,06,06088,CESSOLE (BD DE) (A PARTIR DU 101-114),43.720629,7.251473,Plein jour,En agglomération,Hors intersection,Normale,Sans collision,9,2,2,0,2,1,1,0,8,50,,2,1,0,0,1,26.0,,,,1,2,1,1,7
202100007321,2021-11-13 05:54:00,2021,11,13,5,54,06,06088,ROASSAL (R. CLEMENT),43.708077,7.25697,Nuit avec éclairage allumé,En agglomération,Intersection en X,Normale,Deux véhicules - côté,4,2,2,0,1,1,1,0,1,50,,2,1,0,1,0,27.0,33.0,,,5,2,2,1,3
202100007322,2021-11-18 17:46:00,2021,11,18,17,46,06,06069,DRAGUIGNAN (ROUTE DE) - D2562-,43.64293,6.90869,Nuit avec éclairage allumé,Hors agglomération,Hors intersection,Normale,Deux véhicules - côté,3,2,2,0,2,2,1,0,1,50,,2,1,0,0,1,78.0,48.0,,,5,1,1,1,3
202100007323,2021-11-11 13:30:00,2021,11,11,13,30,06,06069,CANNES (ROUTE DE)  -RD 6085-,43.627418,6.960166,Plein jour,En agglomération,Hors intersection,Normale,Sans collision,4,2,2,0,1,1,1,0,4,50,,2,0,0,0,2,23.0,,,,1,2,1,1,7
202100007324,2021-11-15 07:50:00,2021,11,15,7,50,06,06027,TUILIERES AVENUE DES,43.665294,7.154441,Nuit sans éclairage public,En agglomération,Hors intersection,Pluie légère,Deux véhicules - arrière,4,2,3,0,2,1,2,0,1,50,,2,1,0,0,1,49.0,64.0,,,3,2,1,2,2
202100007325,2021-11-14 17:55:00,2021,11,14,17,55,06,06027,JUIN BOULEVARD MARECHAL,43.658177,7.150913,Nuit avec éclairage allumé,En agglomération,Hors intersection,Normale,Autre collision,4,2,3,0,1,1,1,0,1,50,,2,1,0,0,1,20.0,,,,5,2,1,1,6
202100007326,2021-11-17 18:35:00,2021,11,17,18,35,03,03098,FRANCK ( RUE ANNE ),46.35771,2.621,Nuit sans éclairage public,En agglomération,Hors intersection,Temps couvert,Deux véhicules - frontale,4,2,2,0,1,3,2,0,1,30,,3,2,0,1,0,65.0,58.0,,,3,2,1,8,1
202100007327,2021-11-16 11:52:00,2021,11,16,11,52,02,02738,LEDRU,49.668651,3.279721,Plein jour,En agglomération,Intersection en X,Normale,Deux véhicules - côté,4,2,2,0,1,1,1,0,1,50,,2,1,0,0,1,52.0,46.0,,,1,2,2,1,3
202100007328,2021-11-06 23:15:00,2021,11,6,23,15,02,02691,BLUM (BD LEON),49.84125,3.292362,Nuit avec éclairage allumé,En agglomération,Intersection en X,Normale,Deux véhicules - côté,4,2,2,0,1,1,1,5,1,50,,2,1,1,0,0,22.0,23.0,,,5,2,2,1,3
202100007329,2021-11-19 13:00:00,2021,11,19,13,0,75,75116,PORTE DE PASSY,48.860164,2.263554,Plein jour,En agglomération,Hors intersection,Normale,Autre collision,4,1,4,0,1,1,1,1,1,70,,1,0,0,1,0,63.0,,,,1,2,1,1,6
202100007330,2021-11-19 12:45:00,2021,11,19,12,45,75,75113,PORTE D ITALIE,48.81612,2.359911,Plein jour,En agglomération,Intersection en Y,Normale,Deux véhicules - côté,4,-1,2,0,1,1,1,0,1,70,,2,1,0,0,1,62.0,26.0,,,1,2,4,1,3
202100007331,2021-11-19 08:15:00,2021,11,19,8,15,75,75114,PORTE DE VANVES,48.825036,2.303549,Plein jour,En agglomération,Intersection en Y,Normale,Deux véhicules - côté,4,1,3,0,1,1,1,1,1,70,,2,1,0,0,1,40.0,30.0,,,1,2,4,1,3
202100007332,2021-11-17 12:30:00,2021,11,17,12,30,75,75105,BOULEVARD SAINT MICHEL,48.850354,2.342624,Plein jour,En agglomération,Intersection à plus de 4 branches,Normale,Sans collision,4,4,4,0,2,1,1,-1,6,30,,1,0,0,0,1,56.0,,,,1,2,5,1,7
202100007333,2021-11-19 12:20:00,2021,11,19,12,20,75,75120,AVENUE LEON GAUMONT,48.850988,2.415899,Plein jour,En agglomération,Hors intersection,Normale,Autre collision,4,2,2,0,1,1,1,0,1,50,,2,1,0,0,1,22.0,,,,1,2,1,1,6
202100007334,2021-11-19 19:45:00,2021,11,19,19,45,75,75119,AVENUE MATHURIN MOREAU,48.878021,2.37069,Nuit avec éclairage allumé,En agglomération,Place,Normale,Deux véhicules - arrière,4,2,2,0,2,1,1,0,1,30,,2,1,0,0,1,30.0,20.0,,,5,2,7,1,2