accident_id,datetime,annee,mois,jour,heure,minute,departement,commune_insee,adresse,latitude,longitude,luminosite,agglomeration,intersection,meteo,collision,catr,circ,nbv,vosp,prof,plan,surf,infra,situ,vma,nb_vehicules,nb_usagers,nb_indemnes,nb_tues,nb_blesses_hosp,nb_blesses_legers,age_cond_1,age_cond_2,veh_type_cond_1,veh_type_cond_2,lum_code,agg_code,int_code,atm_code,col_code
202100007335,2021-11-19 13:05:00,2021,11,19,13,5,75,75119,AVENUE JEAN JAURES,48.8887574278,2.3931205273,Plein jour,En agglomération,Intersection en X,Normale,Deux véhicules - frontale,4,2,4,0,1,1,1,0,1,30,,2,1,0,0,1,24.0,,,,1,2,2,1,1
202100007336,2021-11-19 08:40:00,2021,11,19,8,40,75,75118,RUE DU SIMPLON,48.893243,2.352652,Plein jour,En agglomération,Intersection en T,Temps couvert,Deux véhicules - côté,4,1,1,0,1,1,1,0,1,30,,2,1,0,0,1,46.0,36.0,,,1,2,3,8,3
202100007337,2021-11-19 18:25:00,2021,11,19,18,25,75,75117,RUE ERNEST GOUIN,48.893614,2.318608,Nuit avec éclairage allumé,En agglomération,Intersection en T,Normale,Deux véhicules - frontale,4,2,2,0,1,1,1,0,1,30,,3,2,0,0,1,27.0,32.0,,,5,2,3,1,1
202100007338,2021-11-19 02:00:00,2021,11,19,2,0,75,75116,ALLEE DU BORD DE L EAU,48.86167,2.229005,Nuit avec éclairage allumé,En agglomération,Intersection en T,Normale,Autre collision,4,2,2,0,1,1,1,0,1,50,,1,0,0,0,1,33.0,,,,5,2,3,1,6
202100007339,2021-11-19 16:05:00,2021,11,19,16,5,75,75114,RUE RAYMOND LOSSERAND,48.8291352692,2.3084324598,Plein jour,En agglomération,Intersection en T,Normale,Sans collision,4,1,1,0,1,1,1,0,1,30,,2,1,0,0,1,27.0,73.0,,,1,2,3,1,7
202100007340,2021-11-19 18:30:00,2021,11,19,18,30,75,75105,BOULEVARD DE PORT ROYAL,48.838276,2.342062,Nuit avec éclairage allumé,En agglomération,Intersection en T,Normale,Autre collision,4,-1,4,0,2,1,1,0,1,30,,2,1,0,0,1,51.0,,,,5,2,3,1,6
202100007341,2021-11-19 11:10:00,2021,11,19,11,10,75,75113,AVENUE D ITALIE,48.820409,2.359091,Plein jour,En agglomération,Intersection en T,Normale,Sans collision,4,2,1,1,1,1,1,-1,5,30,,2,1,0,0,1,26.0,39.0,,,1,2,3,1,7
202100007342,2021-11-16 18:55:00,2021,11,16,18,55,75,75109,RUE DROUOT,48.873762,2.340673,Nuit avec éclairage allumé,En agglomération,Hors intersection,Normale,Deux véhicules - côté,4,1,1,0,1,1,1,0,1,30,,2,1,0,0,1,51.0,33.0,,,5,2,1,1,3
202100007343,2021-11-19 16:30:00,2021,11,19,16,30,75,75107,BOULEVARD DE LA TOUR MAUBOURG,48.858067,2.310007,Plein jour,En agglomération,Intersection en X,Normale,Autre collision,4,1,2,0,1,1,1,0,1,30,,2,1,0,0,1,42.0,72.0,,,1,2,2,1,6
202100007344,2021-11-19 11:15:00,2021,11,19,11,15,75,75107,RUE DE GRENELLE,48.853836,2.327371,Plein jour,En agglomération,Intersection en T,Normale,Deux véhicules - frontale,4,1,1,2,1,1,1,-1,5,50,,2,1,0,0,1,57.0,19.0,,,1,2,3,1,1
202100007345,2021-11-19 05:20:00,2021,11,19,5,20,75,75107,PLACE DE LA RESISTANCE,48.862413,2.301595,Nuit avec éclairage allumé,En agglomération,Place,Normale,Autre collision,4,1,4,0,1,1,1,0,1,30,,1,0,0,0,1,31.0,,,,5,2,7,1,6
202100007346,2021-11-18 10:50:00,2021,11,18,10,50,75,75107,RUE DE SEVRES,48.84982,2.32329,Plein jour,En agglomération,Intersection en T,Normale,Deux véhicules - côté,4,2,2,0,1,1,1,0,1,30,,2,1,0,0,1,47.0,32.0,,,1,2,3,1,3
202100007347,2021-11-19 08:50:00,2021,11,19,8,50,75,75103,RUE DE TURBIGO,48.865437,2.35619,Plein jour,En agglomération,Intersection en Y,Normale,Deux véhicules - côté,4,1,3,1,1,2,1,-1,5,30,,2,1,0,0,1,35.0,51.0,,,1,2,4,1,3
202100007348,2021-11-19 01:24:00,2021,11,19,1,24,75,75108,BOULEVARD HAUSSMANN,48.874197,2.32393,Nuit avec éclairage allumé,En agglomération,Intersection en X,Normale,Deux véhicules - côté,4,1,2,0,1,1,1,0,1,50,,3,2,0,1,0,21.0,16.0,,,5,2,2,1,3
202100007349,2021-11-19 18:35:00,2021,11,19,18,35,94,94046,Avenue du Général Leclerc,48.81199,2.4293,Nuit avec éclairage allumé,En agglomération,Hors intersection,Normale,Deux véhicules - côté,3,1,2,0,1,1,1,0,1,50,,2,1,0,0,1,27.0,37.0,,,5,2,1,1,3
202100007350,2021-11-19 06:50:00,2021,11,19,6,50,94,94003,Rue Emile Raspail,48.800927,2.331559,Nuit avec éclairage allumé,En agglomération,Place,Normale,Deux véhicules - côté,3,2,2,0,1,1,1,0,1,50,,2,1,0,0,1,37.0,34.0,,,5,2,7,1,3
202100007351,2021-11-19 18:11:00,2021,11,19,18,11,94,94073,Avenue de Fontainebleau,48.767275,2.368227,Nuit avec éclairage allumé,En agglomération,Hors intersection,Pluie légère,Deux véhicules - côté,3,1,1,0,1,1,2,0,1,50,,2,1,0,0,1,15.0,37.0,,,5,2,1,2,3
202100007352,2021-11-19 07:30:00,2021,11,19,7,30,94,94033,Rue de Bir-Hakeim,48.84387,2.47915,Nuit avec éclairage allumé,En agglomération,Giratoire,Temps couvert,Deux véhicules - côté,3,2,2,0,1,1,2,0,1,30,,2,1,0,0,1,36.0,41.0,,,5,2,6,8,3
202100007353,2021-11-19 11:15:00,2021,11,19,11,15,94,94028,TASSIGNY(AVE DU MARECHAL DE LATTRE DE),48.7988,2.4541,Plein jour,En agglomération,Hors intersection,Normale,Deux véhicules - frontale,3,3,3,0,1,1,1,0,1,50,,2,1,1,0,0,45.0,,,,1,2,1,1,1
202100007354,2021-11-19 11:05:00,2021,11,19,11,5,94,94011,Avenue de Paris,48.77505,2.48101,Plein jour,En agglomération,Hors intersection,Normale,Deux véhicules - côté,3,3,1,0,1,1,1,0,1,50,,2,1,0,1,0,37.0,17.0,,,1,2,1,1,3
202100007355,2021-11-19 08:00:00,2021,11,19,8,0,94,94028,Avenue du Général de Gaulle,48.78456,2.45188,Plein jour,En agglomération,Hors intersection,Normale,Deux véhicules - côté,3,1,2,0,1,1,1,0,1,50,,4,2,0,0,2,36.0,48.0,,,1,2,1,1,3
202100007356,2021-11-17 14:05:00,2021,11,17,14,5,94,94011,Carrefour du-Général-de-Gaulle,48.768216,2.487535,Plein jour,En agglomération,Hors intersection,Pluie légère,Deux véhicules - arrière,3,-1,2,0,1,1,2,0,1,30,,3,1,0,0,2,,36.0,,,1,2,1,2,2
202100007357,2021-11-19 19:40:00,2021,11,19,19,40,94,94018,Place des Marseillais,48.82675,2.40548,Nuit avec éclairage allumé,En agglomération,Hors intersection,Normale,Deux véhicules - côté,4,2,4,2,1,1,1,0,5,30,,2,1,0,0,1,37.0,14.0,,,5,2,1,1,3
202100007358,2021-11-19 16:50:00,2021,11,19,16,50,94,94017,GENERAL DE GAULLE (AV DU),48.82368,2.4968,Plein jour,En agglomération,Hors intersection,Normale,Autre collision,3,2,3,0,1,1,1,0,1,50,,2,1,0,0,1,70.0,,,,1,2,1,1,6
202100007359,2021-11-19 14:05:00,2021,11,19,14,5,93,93078,DEGEYTER (PLACE),48.94701,2.56276,Plein jour,En agglomération,Hors intersection,Normale,Autre collision,4,1,1,0,1,2,1,0,1,50,,1,0,0,0,1,32.0,,,,1,2,1,1,6
202100007360,2021-11-19 09:00:00,2021,11,19,9,0,93,93078,CLEMENCEAU (AVENUE GEORGES),48.95992,2.55685,Plein jour,En agglomération,Hors intersection,Normale,Deux véhicules - arrière,3,1,2,0,1,1,1,0,1,50,,3,1,0,0,2,57.0,40.0,,,1,2,1,1,2
202100007361,2021-11-19 08:30:00,2021,11,19,8,30,93,93078,DUCLOS (RUE JACQUES),48.95763,2.5503,Crépuscule ou aube,En agglomération,Hors intersection,Normale,Autre collision,4,2,2,0,1,1,1,0,1,30,,3,1,0,0,2,34.0,,,,2,2,1,1,6
202100007362,2021-11-01 04:30:00,2021,11,1,4,30,93,93015,BAS PRES RUE DE,48.9159945852,2.5838696744,Nuit avec éclairage allumé,Hors agglomération,Intersection en T,Normale,Deux véhicules - frontale,3,2,4,0,1,1,1,0,1,50,,2,1,0,1,0,,48.0,,,5,1,3,1,1
202100007363,2021-11-19 14:10:00,2021,11,19,14,10,93,93055,DELIZY (DU 1 AU 13 ET DU 2 AU 10),48.89314,2.40967,Plein jour,En agglomération,Hors intersection,Normale,Autre collision,3,2,3,0,1,1,1,0,1,50,,3,2,0,0,1,20.0,,,,1,2,1,1,6
202100007364,2021-11-19 00:20:00,2021,11,19,0,20,93,93048,PAUL VAILLANT COUTURIER (BOULEVARD),48.86263,2.4416,Nuit avec éclairage allumé,En agglomération,Intersection en X,Normale,Deux véhicules - frontale,3,3,2,0,2,1,1,0,1,50,,2,1,0,0,1,23.0,31.0,,,5,2,2,1,1
202100007365,2021-11-18 19:05:00,2021,11,18,19,5,93,93045,PARIS RUE DE,48.8794221092,2.414957542,Nuit avec éclairage allumé,En agglomération,Intersection en X,Normale,Autre collision,3,2,2,0,1,1,1,5,1,30,,2,1,0,0,1,29.0,,,,5,2,2,1,6
202100007366,2021-11-19 19:10:00,2021,11,19,19,10,93,93032,"JULES GUESDES  (RUE,A PARTIR 98, COTE IM",48.87982,2.54532,Nuit avec éclairage allumé,En agglomération,Autre intersection,Normale,Deux véhicules - côté,3,1,1,1,1,1,1,0,1,50,,4,2,0,0,2,28.0,17.0,,,5,2,9,1,3
202100007367,2021-11-19 11:00:00,2021,11,19,11,0,93,93050,PAUL VAILLANT COUTURIER (RUE),48.86848,2.55665,Plein jour,En agglomération,Intersection en T,Normale,Deux véhicules - côté,3,2,2,0,1,1,1,0,1,50,,2,1,0,0,1,23.0,39.0,,,1,2,3,1,3
202100007368,2021-11-18 14:00:00,2021,11,18,14,0,93,93032,GAY     (ALLEE),48.89477,2.53642,Plein jour,En agglomération,Intersection à plus de 4 branches,Normale,Deux véhicules - côté,3,2,2,0,1,1,1,5,1,50,,3,2,0,0,1,25.0,76.0,,,1,2,5,1,3
202100007369,2021-11-19 14:35:00,2021,11,19,14,35,93,93007,MAURICE AUDIN (RUE),48.947619512,2.4517381528,Plein jour,En agglomération,Hors intersection,Temps couvert,Autre collision,4,1,1,0,1,1,1,0,1,50,,2,1,0,0,1,31.0,,,,1,2,1,8,6
202100007370,2021-11-19 08:10:00,2021,11,19,8,10,92,92046,VALLEE (RUE DE LA),48.8221118755,2.3057663441,Crépuscule ou aube,En agglomération,Autre intersection,Normale,Deux véhicules - côté,4,1,3,2,1,1,1,5,1,50,,2,1,0,0,1,52.0,29.0,,,2,2,9,1,3
202100007371,2021-11-18 12:05:00,2021,11,18,12,5,92,92072,GRANDE RUE,48.8254423843,2.2158989498,Plein jour,En agglomération,Giratoire,Normale,Deux véhicules - côté,3,3,4,1,1,1,1,0,1,50,,2,1,0,0,1,29.0,60.0,,,1,2,6,1,3
202100007372,2021-11-19 12:08:00,2021,11,19,12,8,92,92064,DAILLY,48.8434754829,2.2206705809,Plein jour,En agglomération,Hors intersection,Normale,Deux véhicules - frontale,3,2,2,0,4,1,1,0,1,50,,2,1,0,0,1,38.0,40.0,,,1,2,1,1,1
202100007373,2021-11-19 19:00:00,2021,11,19,19,0,92,92062,BOULEVARD CIRCULAIRE,48.8897649999,2.2345671058,Nuit avec éclairage allumé,En agglomération,Autre intersection,Normale,Sans collision,3,1,1,0,1,2,2,1,1,50,,1,0,0,0,1,49.0,,,,5,2,9,1,7
202100007374,2021-11-20 07:50:00,2021,11,20,7,50,60,60137,D101,49.435566,2.527671,Crépuscule ou aube,Hors agglomération,Intersection en X,Pluie légère,Sans collision,3,2,1,0,1,1,2,0,3,80,,1,0,0,1,0,23.0,,,,2,1,2,2,7
202100007375,2021-11-20 02:00:00,2021,11,20,2,0,35,35123,Rue de Chavagne,48.018779,-1.829653,Nuit sans éclairage public,Hors agglomération,Hors intersection,Autre,Sans collision,3,-1,2,0,1,1,2,0,3,70,,1,0,1,0,0,36.0,,,,3,1,1,9,7
202100007376,2021-11-19 11:30:00,2021,11,19,11,30,35,35236,Rue du Maréchal Leclerc,47.660143,-2.073517,Plein jour,En agglomération,Hors intersection,Normale,Autre collision,4,2,2,0,1,1,1,0,1,50,,2,1,0,1,0,23.0,,,,1,2,1,1,6
202100007377,2021-11-20 03:25:00,2021,11,20,3,25,52,52193,route départementale 619,48.137193,5.05634,Nuit sans éclairage public,Hors agglomération,Hors intersection,Normale,Autre collision,3,2,2,0,2,1,1,0,3,90,,1,0,1,0,0,26.0,,,,3,1,1,1,6
202100007378,2021-11-14 10:30:00,2021,11,14,10,30,71,71220,D979,46.538702,3.765821,Plein jour,Hors agglomération,Hors intersection,Pluie légère,Deux véhicules - côté,3,2,2,0,1,4,2,0,1,70,,2,1,0,1,0,27.0,44.0,,,1,1,1,2,3
202100007379,2021-11-20 06:05:00,2021,11,20,6,5,41,41208,A10,47.581774,1.069373,Nuit sans éclairage public,Hors agglomération,Hors intersection,Normale,Deux véhicules - arrière,1,3,3,0,1,1,1,0,1,130,,2,1,0,1,0,54.0,36.0,,,3,1,1,1,2
202100007380,2021-11-19 13:10:00,2021,11,19,13,10,38,38373,71 Route de Chartreuse,45.358833,5.558172,Plein jour,En agglomération,Hors intersection,Normale,Deux véhicules - côté,3,2,2,0,1,1,1,0,1,50,,2,1,0,1,0,61.0,28.0,,,1,2,1,1,3
202100007381,2021-11-19 11:40:00,2021,11,19,11,40,68,68315,Rue de la Marne,47.888313,7.230951,Plein jour,En agglomération,Hors intersection,Normale,Autre collision,4,3,2,0,1,1,1,0,1,30,,2,1,0,1,0,34.0,,,,1,2,1,1,6
202100007382,2021-11-20 12:45:00,2021,11,20,12,45,89,89122,D84,48.277781,3.53793,Plein jour,Hors agglomération,Hors intersection,Temps couvert,Sans collision,3,2,2,0,2,3,1,0,3,80,,1,0,0,0,1,50.0,,,,1,1,1,8,7
202100007383,2021-11-19 17:30:00,2021,11,19,17,30,51,51569,D275,49.257361,3.959049,Nuit sans éclairage public,Hors agglomération,Intersection en X,Normale,Deux véhicules - côté,3,2,2,0,2,1,1,0,1,80,,3,2,0,0,1,78.0,17.0,,,3,1,2,1,3
202100007384,2021-11-19 11:30:00,2021,11,19,11,30,56,56008,D101,47.621836,-2.898309,Plein jour,Hors agglomération,Intersection en X,Normale,Trois véhicules et plus - collisions multiples,3,2,2,0,1,1,1,5,1,80,,4,3,0,0,1,42.0,36.0,,,1,1,2,1,5
202100007385,2021-11-19 12:20:00,2021,11,19,12,20,79,79003,90 Rue de la Roussellerie,46.290165,-0.42285,Plein jour,En agglomération,Hors intersection,Normale,Deux véhicules - arrière,4,2,2,0,1,1,1,0,1,50,,2,1,0,1,0,70.0,61.0,,,1,2,1,1,2
202100007386,2021-11-19 20:00:00,2021,11,19,20,0,32,32286,Route d Agen,43.793549,0.630504,Nuit avec éclairage allumé,En agglomération,Hors intersection,Normale,Autre collision,2,2,2,0,1,1,1,0,1,50,,2,1,0,1,0,66.0,,,,5,2,1,1,6
202100007387,2021-11-19 14:05:00,2021,11,19,14,5,11,11024,D6009,43.115191,2.950966,Plein jour,Hors agglomération,Hors intersection,Normale,Deux véhicules - frontale,3,2,2,0,2,1,1,0,1,80,,3,1,0,2,0,55.0,49.0,,,1,1,1,1,1
202100007388,2021-11-19 22:35:00,2021,11,19,22,35,71,71412,N70,46.725095,4.451265,Nuit sans éclairage public,Hors agglomération,Hors intersection,Pluie légère,Trois véhicules et plus - collisions multiples,2,3,4,0,1,1,2,0,2,110,,8,3,1,2,2,37.0,45.0,,,3,1,1,2,5
202100007389,2021-11-20 03:40:00,2021,11,20,3,40,63,63338,D988,46.1656146461,2.8092070805,Nuit sans éclairage public,Hors agglomération,Hors intersection,Normale,Autre collision,3,2,2,0,1,1,1,0,3,80,,1,0,0,0,1,28.0,,,,3,1,1,1,6
202100007390,2021-11-19 17:00:00,2021,11,19,17,0,61,61461,D14 - D29,48.823,0.383481,Crépuscule ou aube,Hors agglomération,Intersection en X,Normale,Deux véhicules - côté,3,3,2,0,1,1,1,0,1,90,,2,1,0,1,0,20.0,56.0,,,2,1,2,1,3
202100007391,2021-11-19 18:20:00,2021,11,19,18,20,34,34284,Route départementale 908,43.496577,2.789133,Nuit sans éclairage public,Hors agglomération,Intersection en X,Normale,Autre collision,3,2,2,0,1,1,1,0,1,90,,2,1,1,0,0,39.0,,,,3,1,2,1,6
202100007392,2021-11-20 11:08:00,2021,11,20,11,8,39,39202,,46.925725,5.969387,Plein jour,Hors agglomération,Intersection en X,Normale,Deux véhicules - côté,3,2,2,3,1,1,1,0,1,70,,3,0,0,3,0,70.0,73.0,,,1,1,2,1,3
202100007393,2021-11-19 22:04:00,2021,11,19,22,4,44,44174,D71,47.049215,-1.743063,Nuit sans éclairage public,Hors agglomération,Hors intersection,Brouillard / fumée,Sans collision,3,2,2,0,1,2,2,0,1,80,,1,0,1,0,0,24.0,,,,3,1,1,5,7
202100007394,2021-11-20 07:00:00,2021,11,20,7,0,35,35132,Le Fedeuil,48.573328,-1.798131,Nuit sans éclairage public,Hors agglomération,Intersection en X,Brouillard / fumée,Autre collision,3,2,2,0,1,1,1,0,3,70,,1,0,1,0,0,21.0,,,,3,1,2,5,6
202100007395,2021-11-19 16:45:00,2021,11,19,16,45,72,72035,Lieu Dit le Pineau,47.832705,0.70967,Plein jour,Hors agglomération,Autre intersection,Pluie légère,Deux véhicules - côté,4,2,2,0,4,1,2,0,1,90,,2,1,0,0,1,59.0,27.0,,,1,1,9,2,3
202100007396,2021-11-19 08:30:00,2021,11,19,8,30,14,14174,D562,48.853301,-0.54561,Plein jour,En agglomération,Hors intersection,Normale,Deux véhicules - arrière,3,2,2,0,2,1,1,0,1,50,,2,1,0,0,1,25.0,20.0,,,1,2,1,1,2
202100007397,2021-11-19 23:00:00,2021,11,19,23,0,14,14590,D31,49.122625,-0.795044,Nuit sans éclairage public,Hors agglomération,Hors intersection,Normale,Autre collision,3,2,2,0,1,1,1,0,3,80,,1,0,0,0,1,37.0,,,,3,1,1,1,6
202100007398,2021-11-19 19:00:00,2021,11,19,19,0,50,50044,D972,49.073782,-1.34737,Nuit avec éclairage allumé,Hors agglomération,Hors intersection,Normale,Deux véhicules - arrière,3,2,2,0,1,1,1,0,1,70,,2,1,0,0,1,56.0,24.0,,,5,1,1,1,2
202100007399,2021-11-20 18:00:00,2021,11,20,18,0,50,50031,route départementale 650,49.384789,-1.74938,Nuit sans éclairage public,Hors agglomération,Hors intersection,Pluie légère,Deux véhicules - arrière,3,2,2,0,2,1,2,0,1,80,,2,0,0,1,1,72.0,32.0,,,3,1,1,2,2
202100007400,2021-11-19 15:00:00,2021,11,19,15,0,40,40201,Avenue René Bats,43.747707,-0.756813,Plein jour,En agglomération,Intersection en T,Normale,Deux véhicules - frontale,3,3,2,0,1,3,1,0,1,50,,2,1,1,0,0,67.0,61.0,,,1,2,3,1,1
202100007401,2021-11-19 07:30:00,2021,11,19,7,30,987,98715,Route de ceinture PK 5,-17.5890708813,-149.6132598817,Plein jour,En agglomération,Intersection en X,Normale,Deux véhicules - côté,2,2,2,0,1,1,1,0,1,50,,4,3,0,1,0,24.0,34.0,,,1,2,2,1,3
202100007402,2021-11-02 17:45:00,2021,11,2,17,45,69,69007,D386,45.494187,4.819286,Nuit sans éclairage public,Hors agglomération,Hors intersection,Normale,Deux véhicules - frontale,3,2,2,0,1,1,1,0,1,80,,4,1,0,0,3,62.0,72.0,,,3,1,1,1,1
202100007403,2021-11-20 08:50:00,2021,11,20,8,50,988,98803,Lieu-dit Trazégnies,-21.58797,165.514591,Plein jour,Hors agglomération,Hors intersection,Pluie forte,Autre collision,2,2,2,0,2,2,2,0,3,110,,2,0,0,1,1,34.0,,,,1,1,1,3,6
202100007404,2021-11-20 18:15:00,2021,11,20,18,15,988,98821,RT1 sens Nord/Sud entre le carrefour Angou et l'ancienne boucherie,-22.042686,166.236706,Nuit sans éclairage public,Hors agglomération,Hors intersection,Pluie forte,Deux véhicules - arrière,2,2,2,0,1,1,2,0,1,110,,8,6,0,0,2,21.0,32.0,,,3,1,1,3,2
202100007405,2021-11-13 18:10:00,2021,11,13,18,10,973,97303,Route nationale 1 / PK 173+500,5.480184623,-53.2111483812,Nuit sans éclairage public,Hors agglomération,Hors intersection,Normale,Deux véhicules - côté,2,2,2,0,1,1,1,0,1,80,,2,1,0,1,0,27.0,62.0,,,3,1,1,1,3
202100007406,2021-11-20 12:50:00,2021,11,20,12,50,44,44020,D723,47.172145,-1.666049,Plein jour,Hors agglomération,Hors intersection,Normale,Autre collision,7,3,4,0,1,1,1,0,3,110,,1,0,0,1,0,31.0,,,,1,1,1,1,6
202100007407,2021-11-19 19:10:00,2021,11,19,19,10,29,29233,Rue de Kervail,47.873353,-3.577171,Nuit sans éclairage public,Hors agglomération,Hors intersection,Normale,Deux véhicules - frontale,4,2,2,0,2,1,1,0,1,70,,6,4,0,1,1,19.0,94.0,,,3,1,1,1,1
202100007408,2021-11-19 13:10:00,2021,11,19,13,10,41,41155,Rue de Chambord,47.662678,1.533929,Plein jour,Hors agglomération,Intersection en T,Normale,Deux véhicules - côté,3,2,2,0,1,3,1,0,1,80,,2,1,1,0,0,55.0,61.0,,,1,1,3,1,3
202100007409,2021-11-20 00:30:00,2021,11,20,0,30,91,91330,Route de Cheptainville,48.527752,2.270239,Nuit sans éclairage public,Hors agglomération,Hors intersection,Temps couvert,Sans collision,4,2,2,0,4,2,2,0,8,50,,2,0,0,1,1,21.0,,,,3,1,1,8,7
202100007410,2021-11-19 17:40:00,2021,11,19,17,40,78,78470,D176,48.578403,1.798746,Plein jour,Hors agglomération,Intersection en X,Normale,Deux véhicules - côté,3,2,2,0,1,1,1,0,1,80,,5,2,0,2,1,35.0,29.0,,,1,1,2,1,3
202100007411,2021-11-20 06:05:00,2021,11,20,6,5,68,68007,D415 PK 34+600,48.052956,7.449632,Nuit sans éclairage public,Hors agglomération,Hors intersection,Pluie légère,Deux véhicules - frontale,3,2,2,0,1,1,2,0,1,80,,4,0,0,0,4,46.0,46.0,,,3,1,1,2,1
202100007412,2021-11-20 07:50:00,2021,11,20,7,50,73,73176,"D84, lieu-dit LES COMBETTAZ",45.612217,6.851424,Plein jour,Hors agglomération,Hors intersection,Normale,Autre collision,3,2,2,0,2,1,1,0,8,80,,1,0,1,0,0,69.0,,,,1,1,1,1,6
202100007413,2021-11-19 17:55:00,2021,11,19,17,55,44,44035,Rue Jean Jaurès,47.300999,-1.550671,Nuit avec éclairage allumé,En agglomération,Hors intersection,Normale,Autre collision,4,3,2,0,1,1,1,6,1,50,,2,1,0,0,1,51.0,,,,5,2,1,1,6
202100007414,2021-11-18 11:30:00,2021,11,18,11,30,69,69299,D29,45.698597,5.09491,Plein jour,Hors agglomération,Hors intersection,Normale,Sans collision,3,2,2,0,1,1,1,0,8,80,,2,1,0,0,1,42.0,52.0,,,1,1,1,1,7
202100007415,2021-11-19 16:30:00,2021,11,19,16,30,33,33494,Route de Castelnau,44.956724,-0.832697,Plein jour,Hors agglomération,Hors intersection,Normale,Autre collision,3,3,2,0,1,2,1,0,3,80,,1,0,0,1,0,18.0,,,,1,1,1,1,6
202100007416,2021-11-20 19:30:00,2021,11,20,19,30,33,33284,Avenue du Général de Gaulle,44.598818,-0.914579,Nuit sans éclairage public,Hors agglomération,Hors intersection,Normale,Deux véhicules - frontale,3,2,2,0,1,1,1,0,1,80,,2,1,0,1,0,40.0,19.0,,,3,1,1,1,1
202100007417,2021-11-19 19:45:00,2021,11,19,19,45,85,85080,D20,46.428199,-0.82833948,Nuit sans éclairage public,Hors agglomération,Hors intersection,Normale,Deux véhicules - frontale,3,2,2,0,1,1,1,0,1,80,,2,1,1,0,0,22.0,28.0,,,3,1,1,1,1
202100007418,2021-11-09 21:20:00,2021,11,9,21,20,60,60533,,49.530974,2.729373,Nuit sans éclairage public,En agglomération,Giratoire,Normale,Sans collision,3,2,2,0,3,3,1,5,1,50,,1,0,0,1,0,33.0,,,,3,2,6,1,7
202100007419,2021-11-20 18:30:00,2021,11,20,18,30,80,80530,Rue de Vaux,49.946877,2.561477,Nuit sans éclairage public,Hors agglomération,Hors intersection,Pluie légère,Sans collision,4,2,2,0,2,1,2,0,3,80,,2,0,0,2,0,34.0,,,,3,1,1,2,7
202100007420,2021-11-18 17:25:00,2021,11,18,17,25,13,13005,A50 - Sens Aubagne vers Marseille,43.277293,5.587131,Plein jour,Hors agglomération,Hors intersection,Normale,Deux véhicules - arrière,1,1,3,0,2,2,1,0,1,90,,3,1,0,0,2,53.0,50.0,,,1,1,1,1,2
202100007421,2021-11-18 09:30:00,2021,11,18,9,30,69,69287,A43   9.894 A 13.029,45.6850356087,5.0025558472,Plein jour,Hors agglomération,Hors intersection,Normale,Trois véhicules et plus - collisions multiples,1,3,8,0,2,1,1,0,1,130,,6,0,0,0,6,41.0,29.0,,,1,1,1,1,5
202100007422,2021-11-19 04:20:00,2021,11,19,4,20,33,33122,AUTOROUTE A 63,44.73437,-0.72039,Nuit sans éclairage public,Hors agglomération,Hors intersection,Normale,Deux véhicules - arrière,1,3,4,0,1,1,1,0,1,130,,2,1,0,0,1,33.0,31.0,,,3,1,1,1,2
202100007423,2021-11-19 19:15:00,2021,11,19,19,15,91,91161,CARREFOUR RN20 / CD120,48.71551,2.29854,Nuit avec éclairage allumé,En agglomération,Autre intersection,Normale,Deux véhicules - côté,3,2,2,0,1,1,1,0,1,50,,2,1,0,0,1,47.0,72.0,,,5,2,9,1,3
202100007424,2021-11-19 13:00:00,2021,11,19,13,0,92,92025,A86,48.9217595598,2.2261142366,Plein jour,Hors agglomération,Hors intersection,Normale,Deux véhicules - arrière,1,3,2,0,2,1,1,0,1,90,,2,1,0,0,1,74.0,23.0,,,1,1,1,1,2
202100007425,2021-11-19 06:20:00,2021,11,19,6,20,92,92050,A86,48.902896,2.204652,Crépuscule ou aube,Hors agglomération,Hors intersection,Normale,Deux véhicules - arrière,1,-1,1,0,1,3,1,1,1,50,,2,1,0,0,1,59.0,30.0,,,2,1,1,1,2
202100007426,2021-11-18 10:50:00,2021,11,18,10,50,92,92025,A86,48.9199371784,2.2244346596,Plein jour,Hors agglomération,Hors intersection,Normale,Deux véhicules - côté,1,-1,2,0,1,1,1,0,1,70,,2,0,0,0,2,25.0,27.0,,,1,1,1,1,3
202100007427,2021-11-19 17:00:00,2021,11,19,17,0,95,95127,A15,49.039425,2.084596,Nuit sans éclairage public,Hors agglomération,Hors intersection,Normale,Deux véhicules - côté,1,3,7,0,1,1,1,0,1,110,,2,1,0,0,1,58.0,45.0,,,3,1,1,1,3
202100007428,2021-11-18 23:45:00,2021,11,18,23,45,93,93078,AUTOROUTE A104,48.96847,2.50834,Nuit sans éclairage public,Hors agglomération,Hors intersection,Normale,Trois véhicules et plus - collisions multiples,1,3,7,0,1,1,1,0,1,90,,5,4,0,0,1,38.0,41.0,,,3,1,1,1,5