accident_id,datetime,annee,mois,jour,heure,minute,departement,commune_insee,adresse,latitude,longitude,luminosite,agglomeration,intersection,meteo,collision,catr,circ,nbv,vosp,prof,plan,surf,infra,situ,vma,nb_vehicules,nb_usagers,nb_indemnes,nb_tues,nb_blesses_hosp,nb_blesses_legers,age_cond_1,age_cond_2,veh_type_cond_1,veh_type_cond_2,lum_code,agg_code,int_code,atm_code,col_code
202100007429,2021-11-19 19:35:00,2021,11,19,19,35,94,94069,A4,48.8172046066,2.428517825,Nuit sans éclairage public,Hors agglomération,Hors intersection,Normale,Autre collision,1,-1,5,0,1,1,1,0,1,90,,5,4,0,0,1,27.0,41.0,,,3,1,1,1,6
202100007430,2021-11-19 08:10:00,2021,11,19,8,10,77,77258,A4.Y,48.8301739156,2.6289266264,Crépuscule ou aube,Hors agglomération,Hors intersection,Normale,Autre collision,1,1,4,0,1,1,1,0,1,110,,4,3,0,0,1,66.0,24.0,,,2,1,1,1,6
202100007431,2021-11-18 15:00:00,2021,11,18,15,0,75,75114,AVENUE DU GENERAL LECLERC,48.828022,2.326934,Plein jour,En agglomération,Place,Normale,Deux véhicules - côté,4,2,5,1,1,1,1,-1,5,50,,2,1,0,0,1,,53.0,,,1,2,7,1,3
202100007432,2021-11-17 17:20:00,2021,11,17,17,20,75,75119,PORTE D AUBERVILLIERS,48.900309,2.377994,Crépuscule ou aube,En agglomération,Hors intersection,Normale,Deux véhicules - côté,4,1,4,0,1,1,1,0,1,70,,3,2,0,0,1,29.0,28.0,,,2,2,1,1,3
202100007433,2021-11-09 21:10:00,2021,11,9,21,10,75,75106,RUE DU CHERCHE MIDI,48.847165,2.328017,Nuit avec éclairage allumé,En agglomération,Hors intersection,Normale,Deux véhicules - frontale,4,-1,1,0,1,1,1,0,1,30,,2,1,0,0,1,24.0,51.0,,,5,2,1,1,1
202100007434,2021-11-18 19:00:00,2021,11,18,19,0,75,75120,RUE BELGRAND,48.864611,2.405987,Nuit avec éclairage allumé,En agglomération,Intersection en Y,Normale,Deux véhicules - côté,4,2,4,1,2,1,1,-1,5,30,,3,2,0,0,1,52.0,40.0,,,5,2,4,1,3
202100007435,2021-11-18 15:00:00,2021,11,18,15,0,75,75120,RUE DES PYRENEES,48.862782,2.399938,Plein jour,En agglomération,Hors intersection,Normale,Autre collision,4,2,2,0,2,1,1,0,1,30,,2,1,0,0,1,41.0,,,,1,2,1,1,6
202100007436,2021-11-18 12:20:00,2021,11,18,12,20,75,75120,RUE BELGRAND,48.864625,2.405646,Plein jour,En agglomération,Intersection en T,Normale,Autre collision,4,-1,2,0,1,1,1,0,1,30,,2,1,0,0,1,,,,,1,2,3,1,6
202100007437,2021-11-17 14:15:00,2021,11,17,14,15,75,75120,AVENUE GAMBETTA,48.8634349223,2.3896336555,Plein jour,En agglomération,Hors intersection,Normale,Deux véhicules - frontale,4,2,4,1,2,1,1,-1,5,30,,2,1,0,0,1,32.0,25.0,,,1,2,1,1,1
202100007438,2021-11-18 15:30:00,2021,11,18,15,30,75,75119,PLACE DE LA PORTE DE PANTIN,48.889608,2.395757,Plein jour,En agglomération,Place,Normale,Deux véhicules - côté,4,-1,2,0,1,1,1,0,1,30,,2,1,0,0,1,36.0,29.0,,,1,2,7,1,3
202100007439,2021-11-18 09:15:00,2021,11,18,9,15,75,75117,PLACE DU GENERAL KOENIG,48.880708,2.285282,Plein jour,En agglomération,Place,Normale,Autre collision,4,1,1,3,1,1,1,0,1,30,,2,1,0,0,1,37.0,,,,1,2,7,1,6
202100007440,2021-11-18 09:43:00,2021,11,18,9,43,75,75113,RUE NATIONALE,48.832269,2.362794,Plein jour,En agglomération,Hors intersection,Normale,Autre collision,4,2,3,1,1,1,1,-1,5,30,,2,1,0,0,1,46.0,,,,1,2,1,1,6
202100007441,2021-11-18 18:36:00,2021,11,18,18,36,75,75112,QUAI DE LA RAPEE,48.84321,2.370303,Nuit avec éclairage allumé,En agglomération,Intersection en X,Normale,Deux véhicules - côté,4,1,2,0,1,1,1,-1,5,50,,2,1,0,0,1,50.0,19.0,,,5,2,2,1,3
202100007442,2021-11-18 09:00:00,2021,11,18,9,0,75,75111,BOULEVARD RICHARD LENOIR,48.857056,2.371203,Plein jour,En agglomération,Intersection en T,Normale,Deux véhicules - arrière,4,1,2,1,1,1,1,8,1,30,,2,1,0,0,1,61.0,24.0,,,1,2,3,1,2
202100007443,2021-11-18 07:05:00,2021,11,18,7,5,75,75110,RUE DU FAUBOURG SAINT DENIS,48.883743,2.359225,Nuit sans éclairage public,En agglomération,Hors intersection,Normale,Deux véhicules - arrière,4,1,3,3,1,1,1,0,1,30,,2,1,0,0,1,37.0,33.0,,,3,2,1,1,2
202100007444,2021-11-18 12:45:00,2021,11,18,12,45,75,75109,RUE DE ROCHECHOUART,48.877345,2.344661,Plein jour,En agglomération,Intersection en Y,Normale,Sans collision,4,2,2,2,3,1,1,0,1,30,,1,0,0,1,0,44.0,,,,1,2,4,1,7
202100007445,2021-11-18 22:20:00,2021,11,18,22,20,75,75108,PLACE SAINT AUGUSTIN,48.87486,2.319867,Nuit avec éclairage allumé,En agglomération,Place,Normale,Autre collision,4,2,4,0,1,1,1,0,1,30,,1,0,0,0,1,71.0,,,,5,2,7,1,6
202100007446,2021-11-18 17:45:00,2021,11,18,17,45,75,75108,COURS LA REINE,48.864681,2.313654,Nuit avec éclairage allumé,En agglomération,Intersection en X,Normale,Autre collision,4,1,2,0,1,2,1,0,1,30,,2,1,0,0,1,67.0,,,,5,2,2,1,6
202100007447,2021-11-18 09:50:00,2021,11,18,9,50,75,75107,RUE DE LA LEGION D HONNEUR,48.860365,2.32497,Plein jour,En agglomération,Hors intersection,Normale,Autre collision,4,-1,1,3,2,1,1,6,1,30,,2,1,0,0,1,73.0,,,,1,2,1,1,6
202100007448,2021-11-17 13:35:00,2021,11,17,13,35,75,75107,BOULEVARD RASPAIL,48.852419,2.32667,Plein jour,En agglomération,Intersection en T,Normale,Deux véhicules - côté,4,1,2,3,1,1,1,-1,6,30,,2,1,0,0,1,57.0,22.0,,,1,2,3,1,3
202100007449,2021-11-18 08:20:00,2021,11,18,8,20,94,94080,Avenue des Minimes,48.84117,2.43294,Plein jour,En agglomération,Intersection en T,Normale,Deux véhicules - frontale,3,2,0,0,1,1,1,0,1,30,,2,1,0,0,1,36.0,52.0,,,1,2,3,1,1
202100007450,2021-11-17 18:45:00,2021,11,17,18,45,94,94068,Avenue Louis Blanc,48.79659,2.50078,Nuit avec éclairage allumé,En agglomération,Hors intersection,Normale,Autre collision,3,2,2,0,1,1,1,8,1,30,,1,0,0,0,1,65.0,,,,5,2,1,1,6
202100007451,2021-11-17 17:20:00,2021,11,17,17,20,94,94058,Avenue Pierre Brossolette,48.83429,2.51443,Nuit avec éclairage allumé,En agglomération,Intersection en Y,Normale,Deux véhicules - frontale,3,2,2,0,1,1,1,0,1,50,,2,1,0,0,1,66.0,20.0,,,5,2,4,1,1
202100007452,2021-11-17 15:55:00,2021,11,17,15,55,94,94017,Avenue Henri-Marie le Boursicaut,48.81386,2.52738,Plein jour,En agglomération,Giratoire,Normale,Deux véhicules - arrière,3,1,1,1,3,2,1,5,5,50,,2,1,0,0,1,32.0,35.0,,,1,2,6,1,2
202100007453,2021-11-18 13:55:00,2021,11,18,13,55,93,93073,CHAPIT RE ( RUE DU),49.00243,2.53333,Plein jour,En agglomération,Intersection en X,Normale,Deux véhicules - côté,9,1,2,0,1,1,1,0,1,30,,3,2,0,0,1,48.0,29.0,,,1,2,2,1,3
202100007454,2021-11-18 18:50:00,2021,11,18,18,50,93,93059,ROBERT DESNOS (PLACE),48.9719917821,2.3672801256,Nuit avec éclairage allumé,En agglomération,Intersection en T,Normale,Deux véhicules - côté,4,2,2,0,3,1,1,9,1,50,,3,2,0,1,0,43.0,21.0,,,5,2,3,1,3
202100007455,2021-11-18 16:00:00,2021,11,18,16,0,93,93013,LECLERC (AVENU DE LA DIVISION),48.93295,2.42367,Plein jour,En agglomération,Intersection en X,Normale,Deux véhicules - côté,3,1,2,0,1,1,1,0,1,50,,2,1,0,1,0,36.0,35.0,,,1,2,2,1,3
202100007456,2021-11-18 13:05:00,2021,11,18,13,5,93,93070,SAINT-DENIS(RUE),48.919049604,2.3338184133,Plein jour,En agglomération,Hors intersection,Normale,Deux véhicules - côté,4,2,1,0,1,1,1,0,1,50,,2,1,0,0,1,34.0,30.0,,,1,2,1,1,3
202100007457,2021-11-17 07:35:00,2021,11,17,7,35,93,93029,ARGONNE (DE L'),48.91689,2.46686,Crépuscule ou aube,En agglomération,Autre intersection,Normale,Deux véhicules - arrière,4,1,1,0,1,1,2,0,1,50,,2,1,0,0,1,29.0,28.0,,,2,2,9,1,2
202100007458,2021-11-18 16:15:00,2021,11,18,16,15,93,93027,JAURES (AVENUE JEAN),48.92433,2.40286,Plein jour,En agglomération,Hors intersection,Normale,Deux véhicules - frontale,3,1,2,1,1,1,1,0,1,50,,2,1,0,0,1,,,,,1,2,1,1,1
202100007459,2021-11-17 23:40:00,2021,11,17,23,40,93,93057,JAURES (AV. JEAN) 118 A FIN,48.9038176357,2.5059125168,Nuit avec éclairage allumé,En agglomération,Hors intersection,Normale,Deux véhicules - arrière,3,2,2,0,1,1,1,5,1,50,,4,2,0,0,2,25.0,25.0,,,5,2,1,1,2
202100007460,2021-11-18 19:00:00,2021,11,18,19,0,93,93008,VAILLANT COUTURIER (AVENUE PAUL),48.9084635812,2.4518085169,Nuit avec éclairage allumé,En agglomération,Hors intersection,Normale,Trois véhicules et plus - collisions multiples,4,1,2,0,1,1,1,0,1,50,,3,2,0,0,1,38.0,33.0,,,5,2,1,1,5
202100007461,2021-11-18 15:00:00,2021,11,18,15,0,92,92064,PORTE JAUNE,48.8452395154,2.1981453896,Plein jour,En agglomération,Intersection en T,Normale,Trois véhicules et plus - en chaîne,3,2,2,0,2,1,1,6,1,50,,3,2,0,0,1,45.0,40.0,,,1,2,3,1,4
202100007462,2021-11-18 10:00:00,2021,11,18,10,0,92,92063,DIX-HUIT JUIN 1940 (AVENUE DU) EST,48.8663074283,2.2017610073,Plein jour,En agglomération,Hors intersection,Normale,Autre collision,3,2,2,0,2,1,1,0,1,50,,3,1,0,1,0,34.0,,,,1,2,1,1,6
202100007463,2021-11-18 11:30:00,2021,11,18,11,30,92,92050,CLEMENCEAU GEORGES AVENUE N°IMPAIR,48.886705097,2.2052451968,Plein jour,En agglomération,Intersection en X,Normale,Deux véhicules - arrière,3,3,5,1,1,1,1,0,1,50,,2,1,0,0,1,48.0,50.0,,,1,2,2,1,2
202100007464,2021-11-18 13:15:00,2021,11,18,13,15,92,92048,Rue de Paris,48.8131435089,2.2463876009,Plein jour,En agglomération,Giratoire,Normale,Deux véhicules - côté,4,1,1,0,1,3,1,0,1,50,,2,1,0,0,1,41.0,48.0,,,1,2,6,1,3
202100007465,2021-11-18 09:50:00,2021,11,18,9,50,92,92044,VIC. HUGO(RUE)077A089 ET 090A110,48.895915191,2.2964724898,Plein jour,En agglomération,Intersection en X,Normale,Deux véhicules - côté,3,2,3,1,1,1,1,0,1,50,,2,1,0,0,1,64.0,28.0,,,1,2,2,1,3
202100007466,2021-11-18 17:50:00,2021,11,18,17,50,92,92040,GALLIENI (BOULEVARD),48.82821,2.2675,Nuit avec éclairage allumé,En agglomération,Hors intersection,Normale,Autre collision,3,2,2,0,1,1,1,9,4,30,,1,0,0,0,1,21.0,,,,5,2,1,1,6
202100007467,2021-11-15 21:07:00,2021,11,15,21,7,92,92035,Verdun 1916 ( avenue de ),48.9058709342,2.2358840704,Nuit avec éclairage allumé,En agglomération,Hors intersection,Normale,Autre collision,3,2,3,0,1,1,1,0,1,50,,1,0,0,1,0,61.0,,,,5,2,1,1,6
202100007468,2021-11-18 01:29:00,2021,11,18,1,29,92,92025,BOURNARD (RUE DU),48.92352,2.25955,Nuit avec éclairage allumé,En agglomération,Hors intersection,Normale,Deux véhicules - frontale,3,2,2,0,2,3,1,0,1,50,,3,2,0,0,1,27.0,30.0,,,5,2,1,1,1
202100007469,2021-11-18 15:20:00,2021,11,18,15,20,92,92024,MARTRE DE (4 A 54),48.8999957406,2.3088314951,Plein jour,En agglomération,Hors intersection,Normale,Deux véhicules - arrière,3,1,2,3,1,1,1,0,1,50,,2,1,0,0,1,32.0,27.0,,,1,2,1,1,2
202100007470,2021-11-16 17:50:00,2021,11,16,17,50,92,92004,DOCTEUR DERVAUX  ( QUAI DU ),48.9108547169,2.2982910275,Crépuscule ou aube,En agglomération,Intersection en X,Normale,Deux véhicules - côté,3,2,0,0,1,1,1,0,1,50,,3,1,0,0,2,31.0,35.0,,,2,2,2,1,3
202100007471,2021-10-17 15:30:00,2021,10,17,15,30,92,92036,GABRIEL PERI (AVE ),48.918788573,2.295442682,Plein jour,En agglomération,Intersection en T,Normale,Sans collision,3,2,0,2,1,1,1,0,1,50,,3,2,0,0,1,54.0,30.0,,,1,2,3,1,7
202100007472,2021-11-18 10:00:00,2021,11,18,10,0,92,92002,CHATENAY (RUE DE),48.7579098055,2.2923016548,Plein jour,En agglomération,Hors intersection,Normale,Autre collision,4,2,2,0,1,1,1,0,4,50,,1,0,0,0,1,72.0,,,,1,2,1,1,6
202100007473,2021-11-18 08:45:00,2021,11,18,8,45,92,92002,GARENNES (RUE DES),48.7397616235,2.2843542695,Plein jour,En agglomération,Hors intersection,Normale,Autre collision,4,2,2,0,2,1,1,0,1,30,,2,0,0,0,1,,,,,1,2,1,1,6
202100007474,2021-11-19 14:30:00,2021,11,19,14,30,37,37276,D910,47.5453634676,0.8609046042,Plein jour,Hors agglomération,Hors intersection,Normale,Autre collision,3,2,2,0,2,2,1,0,3,90,,1,0,0,0,1,43.0,,,,1,1,1,1,6
202100007475,2021-11-18 09:42:00,2021,11,18,9,42,62,62549,Avenue de Lattre de Tassigny,50.374314,2.030459,Plein jour,En agglomération,Autre intersection,Normale,Autre collision,3,-1,2,0,1,1,1,0,1,30,,2,1,0,0,1,71.0,,,,1,2,9,1,6
202100007476,2021-11-17 18:45:00,2021,11,17,18,45,17,17387,D122,45.842957,-0.774676,Nuit sans éclairage public,Hors agglomération,Hors intersection,Normale,Deux véhicules - frontale,3,2,2,0,2,2,1,0,1,80,,2,1,0,0,1,67.0,51.0,,,3,1,1,1,1
202100007477,2021-11-18 19:30:00,2021,11,18,19,30,76,76424,autoroute A 28 PK 053.400 en direction Abbeville,49.760334,1.484726,Nuit sans éclairage public,Hors agglomération,Hors intersection,Normale,Autre collision,1,1,4,0,4,2,1,0,1,130,,1,0,0,0,1,29.0,,,,3,1,1,1,6
202100007478,2021-11-19 17:00:00,2021,11,19,17,0,62,62472,Rue de la Vallée,50.535475,1.784694,Crépuscule ou aube,En agglomération,Hors intersection,Pluie légère,Deux véhicules - frontale,3,2,2,0,1,3,2,0,1,50,,2,1,0,1,0,62.0,18.0,,,2,2,1,2,1
202100007479,2021-11-18 07:45:00,2021,11,18,7,45,30,30127,D6086,44.068741,4.578843,Plein jour,Hors agglomération,Hors intersection,Normale,Sans collision,3,2,2,0,4,1,1,0,3,80,,1,0,0,1,0,21.0,,,,1,1,1,1,7
202100007480,2021-11-19 16:10:00,2021,11,19,16,10,95,95149,RD 316,49.133767,2.435253,Plein jour,Hors agglomération,Hors intersection,Normale,Deux véhicules - côté,3,2,3,0,1,1,1,0,1,90,,3,1,0,1,1,30.0,23.0,,,1,1,1,1,3
202100007481,2021-11-19 12:30:00,2021,11,19,12,30,51,51594,N4,48.743257,4.105604,Plein jour,Hors agglomération,Hors intersection,Normale,Deux véhicules - frontale,2,2,2,0,1,1,1,0,1,80,,2,0,1,1,0,52.0,35.0,,,1,1,1,1,1
202100007482,2021-11-18 23:30:00,2021,11,18,23,30,51,51409,D977,48.8882165832,4.2939591408,Nuit sans éclairage public,Hors agglomération,Hors intersection,Brouillard / fumée,Sans collision,3,2,2,0,1,1,2,9,3,80,,1,0,0,0,1,36.0,,,,3,1,1,5,7
202100007483,2021-11-16 16:00:00,2021,11,16,16,0,74,74074,D1206,46.121767,5.918605,Plein jour,Hors agglomération,Hors intersection,Normale,Deux véhicules - frontale,3,2,2,0,2,3,1,0,1,90,,2,1,0,0,1,70.0,86.0,,,1,1,1,1,1
202100007484,2021-11-18 23:00:00,2021,11,18,23,0,79,79345,,46.547085,-0.274787,Nuit sans éclairage public,Hors agglomération,Hors intersection,Normale,Autre collision,3,2,2,0,1,2,1,0,1,80,,1,0,1,0,0,24.0,,,,3,1,1,1,6
202100007485,2021-11-19 05:00:00,2021,11,19,5,0,79,79103,La Guinaire,46.761598,-0.569465,Nuit sans éclairage public,Hors agglomération,Hors intersection,Normale,Autre collision,3,2,2,0,2,4,1,0,3,80,,2,1,1,0,0,17.0,,,,3,1,1,1,6
202100007486,2021-11-18 12:30:00,2021,11,18,12,30,80,80299,Départementale 109 - PK 20+260,49.688289,2.352233,Plein jour,Hors agglomération,Hors intersection,Normale,Sans collision,3,2,2,0,1,1,6,0,1,80,,1,0,0,0,1,44.0,,,,1,1,1,1,7
202100007487,2021-11-19 08:30:00,2021,11,19,8,30,82,82124,Chemin de Montagne,44.022736,1.253817,Plein jour,Hors agglomération,Intersection en T,Brouillard / fumée,Trois véhicules et plus - en chaîne,3,2,2,0,1,2,1,5,1,80,,3,2,0,0,1,51.0,54.0,,,1,1,3,5,4
202100007488,2021-11-19 11:03:00,2021,11,19,11,3,89,89464,42 Rue Carnot,48.082317,3.294459,Plein jour,En agglomération,Hors intersection,Brouillard / fumée,Autre collision,3,2,2,0,1,1,2,9,1,50,,2,1,0,1,0,87.0,,,,1,2,1,5,6
202100007489,2021-11-19 11:50:00,2021,11,19,11,50,61,61440,Lieu Dit la Jarciere,48.739281,0.718001,Plein jour,Hors agglomération,Intersection en X,Normale,Deux véhicules - côté,3,2,2,0,1,1,1,0,1,90,,2,1,0,0,1,76.0,33.0,,,1,1,2,1,3
202100007490,2021-10-30 04:45:00,2021,10,30,4,45,42,42200,Avenue de Bellegarde,45.645893,4.277501,Nuit avec éclairage allumé,En agglomération,Intersection en X,Normale,Deux véhicules - arrière,3,2,2,0,1,1,1,0,1,70,,3,2,0,0,1,19.0,19.0,,,5,2,2,1,2
202100007491,2021-11-18 08:25:00,2021,11,18,8,25,41,41051,Route d Amboise,47.355949,1.140089,Plein jour,Hors agglomération,Intersection en T,Temps couvert,Deux véhicules - côté,3,2,2,1,1,1,2,0,1,90,,2,1,0,1,0,39.0,50.0,,,1,1,3,8,3
202100007492,2021-11-19 01:05:00,2021,11,19,1,5,86,86271,D725,46.798052,0.236785,Nuit sans éclairage public,Hors agglomération,Hors intersection,Brouillard / fumée,Autre collision,3,2,1,0,1,1,1,0,3,80,,1,0,0,1,0,35.0,,,,3,1,1,5,6
202100007493,2021-11-18 13:45:00,2021,11,18,13,45,44,44030,D33,47.445011,-2.245438,Plein jour,En agglomération,Giratoire,Normale,Deux véhicules - frontale,3,2,2,0,1,1,1,5,1,50,,2,1,0,0,1,61.0,73.0,,,1,2,6,1,1
202100007494,2021-11-18 14:30:00,2021,11,18,14,30,44,44021,D758,47.06866,-1.905409,Plein jour,Hors agglomération,Intersection en X,Normale,Deux véhicules - côté,3,2,2,0,1,1,1,0,1,80,,2,1,0,1,0,56.0,45.0,,,1,1,2,1,3
202100007495,2021-11-19 16:50:00,2021,11,19,16,50,29,29106,D770 - Ty Feunteun,48.116976,-4.072763,Plein jour,Hors agglomération,Hors intersection,Normale,Autre collision,3,2,2,0,1,2,1,0,1,80,,1,0,1,0,0,25.0,,,,1,1,1,1,6
202100007496,2021-11-19 07:00:00,2021,11,19,7,0,31,31076,D817,43.112482,0.638291,Crépuscule ou aube,Hors agglomération,Hors intersection,Normale,Autre collision,3,2,2,0,1,1,1,0,3,80,,2,0,0,1,1,22.0,,,,2,1,1,1,6
202100007497,2021-11-19 17:05:00,2021,11,19,17,5,84,84133,route de la bastidonne,43.726695,5.562589,Crépuscule ou aube,Hors agglomération,Hors intersection,Normale,Sans collision,3,2,2,0,1,3,1,0,1,80,,1,0,0,1,0,46.0,,,,2,1,1,1,7
202100007498,2021-11-17 17:30:00,2021,11,17,17,30,58,58079,Route d Armes,47.457595,3.526113,Nuit avec éclairage allumé,En agglomération,Hors intersection,Pluie légère,Deux véhicules - frontale,3,2,2,0,2,1,2,0,1,50,,2,1,0,1,0,15.0,78.0,,,5,2,1,2,1
202100007499,2021-10-25 20:15:00,2021,10,25,20,15,06,06079,Avenue de Frejus Paul Ricard,43.53587,6.933398,Nuit avec éclairage non allumé,En agglomération,Intersection en T,Normale,Deux véhicules - côté,3,2,2,0,1,1,1,5,1,50,,2,1,0,0,1,46.0,49.0,,,4,2,3,1,3
202100007500,2021-11-19 18:00:00,2021,11,19,18,0,64,64256,D10,43.38903,-1.295929,Crépuscule ou aube,En agglomération,Hors intersection,Normale,Deux véhicules - frontale,3,2,2,0,1,1,1,0,1,50,,2,1,1,0,0,67.0,88.0,,,2,2,1,1,1
202100007501,2021-11-19 15:30:00,2021,11,19,15,30,07,07126,Route de la Vallee de l Ibie,44.42903,4.422147,Plein jour,Hors agglomération,Hors intersection,Normale,Autre collision,3,2,2,0,1,1,1,0,3,80,,1,0,1,0,0,48.0,,,,1,1,1,1,6
202100007502,2021-11-19 15:50:00,2021,11,19,15,50,28,28023,D28,48.512255,1.679471,Plein jour,Hors agglomération,Hors intersection,Normale,Sans collision,3,2,2,0,1,2,1,0,3,80,,1,0,0,0,1,49.0,,,,1,1,1,1,7
202100007503,2021-11-18 15:20:00,2021,11,18,15,20,87,87185,Le Petit Loubier,45.896098,1.03758,Plein jour,Hors agglomération,Intersection en X,Normale,Deux véhicules - côté,3,2,2,0,1,1,1,0,1,90,,2,1,0,0,1,37.0,88.0,,,1,1,2,1,3
202100007504,2021-11-19 11:50:00,2021,11,19,11,50,52,52189,D140,47.683888,5.204698,Plein jour,Hors agglomération,Hors intersection,Temps couvert,Sans collision,3,2,2,0,1,1,1,0,1,80,,1,0,1,0,0,15.0,,,,1,1,1,8,7
202100007505,2021-11-19 19:00:00,2021,11,19,19,0,76,76305,A131,49.496988,0.230308,Nuit sans éclairage public,Hors agglomération,Hors intersection,Normale,Deux véhicules - arrière,1,4,2,0,1,1,1,0,1,110,,2,1,0,0,1,59.0,24.0,,,3,1,1,1,2
202100007506,2021-11-19 11:10:00,2021,11,19,11,10,13,13051,Route Departementale 113,43.595649,5.104984,Plein jour,Hors agglomération,Hors intersection,Normale,Deux véhicules - côté,7,2,2,0,1,1,1,0,1,90,,3,2,0,0,1,23.0,67.0,,,1,1,1,1,3
202100007507,2021-11-18 18:10:00,2021,11,18,18,10,13,13113,A51,43.592031,5.482089,Nuit sans éclairage public,Hors agglomération,Hors intersection,Normale,Deux véhicules - arrière,1,1,4,0,1,1,1,0,1,130,,4,3,0,0,1,56.0,34.0,,,3,1,1,1,2
202100007508,2021-11-16 19:00:00,2021,11,16,19,0,44,44094,A11 - pk 335,47.327014,-1.403568,Nuit sans éclairage public,Hors agglomération,Hors intersection,Normale,Deux véhicules - côté,1,-1,4,3,3,1,1,0,1,130,,2,1,0,1,0,49.0,53.0,,,3,1,1,1,3
202100007509,2021-11-18 20:04:00,2021,11,18,20,4,49,49367,DEPARTEMENTALE 770 PR 027+300,47.595977,-0.85556,Nuit sans éclairage public,Hors agglomération,Hors intersection,Brouillard / fumée,Deux véhicules - frontale,3,2,2,0,4,1,1,0,1,90,,2,1,0,0,1,39.0,69.0,,,3,1,1,5,1
202100007510,2021-11-16 15:30:00,2021,11,16,15,30,971,97103,RN 11,16.258927,-61.570784,Plein jour,Hors agglomération,Hors intersection,Normale,Sans collision,2,3,4,0,1,1,1,0,1,90,,1,0,0,1,0,32.0,,,,1,1,1,1,7
202100007511,2021-11-19 19:50:00,2021,11,19,19,50,74,74133,A411,46.183292,6.22088,Nuit sans éclairage public,Hors agglomération,Hors intersection,Normale,Trois véhicules et plus - collisions multiples,1,3,4,0,1,1,1,0,1,90,,3,2,0,1,0,47.0,58.0,,,3,1,1,1,5
202100007512,2021-11-19 04:50:00,2021,11,19,4,50,987,98712,RT.2 à hauteur du PK 4+500,-17.542977,-149.503646,Crépuscule ou aube,En agglomération,Hors intersection,Normale,Deux véhicules - frontale,2,3,4,0,1,1,1,9,1,60,,2,1,1,0,0,62.0,,,,2,2,1,1,1
202100007513,2021-11-19 21:15:00,2021,11,19,21,15,988,98803,RT3,-21.502668,165.477362,Nuit sans éclairage public,Hors agglomération,Hors intersection,Normale,Autre collision,2,2,2,0,1,1,1,0,3,90,,4,0,1,3,0,20.0,,,,3,1,1,1,6
202100007514,2021-10-02 21:00:00,2021,10,2,21,0,973,97306,Rue Berville Gazel,5.667689,-53.778226,Nuit avec éclairage allumé,En agglomération,Hors intersection,Normale,Deux véhicules - côté,4,2,2,0,1,1,1,0,1,50,,2,1,0,1,0,28.0,34.0,,,5,2,1,1,3
202100007515,2021-11-16 15:30:00,2021,11,16,15,30,971,97112,N9,15.887025,-61.315365,Plein jour,En agglomération,Intersection en Y,Normale,Deux véhicules - côté,2,2,2,0,2,1,1,0,1,50,,2,1,0,1,0,81.0,62.0,,,1,2,4,1,3
202100007516,2021-11-18 17:20:00,2021,11,18,17,20,45,45072,D97,47.964066,1.927586,Plein jour,Hors agglomération,Hors intersection,Normale,Deux véhicules - frontale,7,2,2,0,1,1,1,0,1,90,,2,0,0,0,2,48.0,46.0,,,1,1,1,1,1
202100007517,2021-10-10 02:45:00,2021,10,10,2,45,83,83138,route départementale 56,43.582485,6.728348,Nuit sans éclairage public,Hors agglomération,Hors intersection,Pluie légère,Sans collision,3,2,2,0,1,2,2,0,8,70,,1,0,0,1,0,28.0,,,,3,1,1,2,7
202100007518,2021-11-18 10:05:00,2021,11,18,10,5,13,13110,Parking carrefour market,43.451778,5.679685,Plein jour,En agglomération,Hors intersection,Normale,Trois véhicules et plus - collisions multiples,7,-1,2,0,1,1,1,9,1,50,,5,3,1,1,0,37.0,78.0,,,1,2,1,1,5
202100007519,2021-11-18 17:40:00,2021,11,18,17,40,10,10270,D 5,48.408836,4.250722,Crépuscule ou aube,Hors agglomération,Hors intersection,Temps couvert,Deux véhicules - frontale,3,2,2,0,1,1,1,0,1,-1,,3,0,0,1,2,45.0,52.0,,,2,1,1,8,1
202100007520,2021-11-19 17:53:00,2021,11,19,17,53,68,68352,D52 PK 40 + 100 mètres,48.018061,7.569076,Nuit sans éclairage public,Hors agglomération,Intersection en T,Normale,Trois véhicules et plus - collisions multiples,3,2,2,0,1,1,1,0,1,70,,4,3,1,0,0,58.0,41.0,,,3,1,3,1,5
202100007521,2021-11-19 07:30:00,2021,11,19,7,30,88,88398,RD 420 - PK 35  800,48.269655,6.824591,Plein jour,Hors agglomération,Hors intersection,Normale,Deux véhicules - frontale,3,2,2,0,2,1,1,0,1,-1,,2,1,0,1,0,53.0,28.0,,,1,1,1,1,1
202100007522,2021-11-18 11:30:00,2021,11,18,11,30,38,38449,Route d Heyrieux,45.639653,5.088054,Plein jour,Hors agglomération,Hors intersection,Normale,Deux véhicules - arrière,3,2,2,0,2,3,1,0,1,80,,2,1,0,0,1,46.0,40.0,,,1,1,1,1,2
202100007523,2021-11-19 03:00:00,2021,11,19,3,0,69,69277,FETAN (DE) (ALL),45.734594,5.004219,Nuit avec éclairage allumé,En agglomération,Intersection en X,Normale,Sans collision,4,2,2,0,2,1,1,0,3,-1,,1,0,0,1,0,69.0,,,,5,2,2,1,7