accident_id,datetime,annee,mois,jour,heure,minute,departement,commune_insee,adresse,latitude,longitude,luminosite,agglomeration,intersection,meteo,collision,catr,circ,nbv,vosp,prof,plan,surf,infra,situ,vma,nb_vehicules,nb_usagers,nb_indemnes,nb_tues,nb_blesses_hosp,nb_blesses_legers,age_cond_1,age_cond_2,veh_type_cond_1,veh_type_cond_2,lum_code,agg_code,int_code,atm_code,col_code
202100007524,2021-11-18 22:05:00,2021,11,18,22,5,81,81117,D84,43.791373,1.99713,Nuit sans éclairage public,Hors agglomération,Hors intersection,Normale,Autre collision,3,2,2,0,1,2,1,0,3,80,,2,0,0,2,0,21.0,,,,3,1,1,1,6
202100007525,2021-11-17 12:15:00,2021,11,17,12,15,17,17058,28 Avenue de la République,45.843469,-1.143098,Plein jour,En agglomération,Intersection en Y,Normale,Deux véhicules - côté,4,2,2,0,1,1,1,0,1,50,,5,3,0,1,1,94.0,20.0,,,1,2,4,1,3
202100007526,2021-11-18 21:00:00,2021,11,18,21,0,44,44204,M723,47.292576,-1.423223,Nuit sans éclairage public,Hors agglomération,Hors intersection,Normale,Autre collision,7,2,2,0,2,1,1,0,1,70,,2,1,0,1,0,18.0,,,,3,1,1,1,6
202100007527,2021-11-19 13:15:00,2021,11,19,13,15,14,14488,D84,49.280159,-0.251758,Plein jour,En agglomération,Intersection en T,Normale,Deux véhicules - côté,3,2,2,0,1,1,1,0,1,50,,2,1,0,1,0,41.0,15.0,,,1,2,3,1,3
202100007528,2021-11-18 18:00:00,2021,11,18,18,0,56,56176,D17 bis,47.68599,-2.936611,Nuit sans éclairage public,Hors agglomération,Hors intersection,Normale,Deux véhicules - frontale,3,2,2,0,1,1,1,0,1,80,,2,0,0,1,1,41.0,49.0,,,3,1,1,1,1
202100007529,2021-11-18 16:00:00,2021,11,18,16,0,22,22081,Rue de la Mare Noire,48.485197,-2.6402,Plein jour,En agglomération,Hors intersection,Normale,Sans collision,4,-1,2,0,1,1,1,0,1,50,,1,0,0,1,0,74.0,,,,1,2,1,1,7
202100007530,2021-11-16 07:50:00,2021,11,16,7,50,27,27299,118 avenue aristide briand,49.047879,1.163129,Crépuscule ou aube,En agglomération,Hors intersection,Normale,Trois véhicules et plus - en chaîne,3,2,2,0,1,1,1,0,1,50,,4,3,0,0,1,31.0,58.0,,,2,2,1,1,4
202100007531,2021-11-19 00:00:00,2021,11,19,0,0,76,76465,D1314,49.72183,1.470108,Nuit sans éclairage public,Hors agglomération,Hors intersection,Normale,Sans collision,3,2,2,0,4,4,1,0,3,80,,1,0,1,0,0,23.0,,,,3,1,1,1,7
202100007532,2021-11-06 21:43:00,2021,11,6,21,43,60,60338,D932a,49.3430582359,2.7721295355,Nuit sans éclairage public,Hors agglomération,Hors intersection,Temps couvert,Autre collision,3,2,2,0,1,1,2,0,1,80,,1,0,0,1,0,54.0,,,,3,1,1,8,6
202100007533,2021-11-19 07:30:00,2021,11,19,7,30,62,62196,A16,50.47334,1.701353,Plein jour,Hors agglomération,Hors intersection,Pluie légère,Trois véhicules et plus - en chaîne,1,3,2,0,1,1,2,0,1,130,,6,4,0,0,2,31.0,24.0,,,1,1,1,2,4
202100007534,2021-11-15 09:15:00,2021,11,15,9,15,59,59611,164 Chemin de Messines,50.6934356036,2.9821765423,Plein jour,Hors agglomération,Intersection en T,Normale,Sans collision,7,2,2,0,1,1,1,0,1,80,,1,0,0,0,1,18.0,,,,1,1,3,1,7
202100007535,2021-11-17 14:30:00,2021,11,17,14,30,13,13070,A50-Sens Aubagne vers Marseille,43.28513,5.51728,Plein jour,Hors agglomération,Hors intersection,Normale,Trois véhicules et plus - collisions multiples,1,3,3,0,1,1,1,0,1,90,,3,2,0,0,1,19.0,26.0,,,1,1,1,1,5
202100007536,2021-11-18 09:57:00,2021,11,18,9,57,13,13005,A501-Sens Pont de l'Etoile vers Aubagne,43.300193,5.564266,Plein jour,Hors agglomération,Hors intersection,Normale,Deux véhicules - arrière,1,1,2,0,1,1,1,0,1,90,,3,0,0,0,3,90.0,67.0,,,1,1,1,1,2
202100007537,2021-11-17 18:18:00,2021,11,17,18,18,13,13106,A7-Sens Lyon vers Marseille,43.38648,5.35091,Nuit sans éclairage public,Hors agglomération,Hors intersection,Normale,Deux véhicules - arrière,1,1,3,0,2,1,1,0,1,90,,3,2,0,0,1,62.0,36.0,,,3,1,1,1,2
202100007538,2021-11-17 08:00:00,2021,11,17,8,0,13,13055,A507 sens Marseille - Aubagne,43.3095335648,5.4248671532,Plein jour,Hors agglomération,Hors intersection,Normale,Deux véhicules - arrière,1,1,3,0,1,1,1,1,1,70,,2,1,0,0,1,22.0,28.0,,,1,1,1,1,2
202100007539,2021-11-14 04:50:00,2021,11,14,4,50,69,69259,D383   11.0044 A 11.460,45.7223240501,4.887805417,Nuit avec éclairage allumé,En agglomération,Hors intersection,Pluie légère,Trois véhicules et plus - collisions multiples,7,3,6,0,1,1,2,9,1,70,,3,1,0,0,2,58.0,32.0,,,5,2,1,2,5
202100007540,2021-11-18 02:30:00,2021,11,18,2,30,33,33249,ROCADE A 630,44.8853,-0.5087,Nuit avec éclairage allumé,Hors agglomération,Hors intersection,Normale,Autre collision,1,2,4,0,1,2,1,3,1,70,,1,0,0,0,1,30.0,,,,5,1,1,1,6
202100007541,2021-11-18 09:40:00,2021,11,18,9,40,91,91471,RN 118,48.7148,2.17429,Plein jour,Hors agglomération,Hors intersection,Normale,Trois véhicules et plus - collisions multiples,2,1,2,0,2,1,1,0,1,90,,3,2,0,0,1,35.0,43.0,,,1,1,1,1,5
202100007542,2021-11-18 10:39:00,2021,11,18,10,39,94,94034,AUTOROUTE A86,48.76019,2.32122,Plein jour,Hors agglomération,Hors intersection,Normale,Deux véhicules - arrière,1,1,4,0,1,1,1,1,1,70,,4,1,0,0,3,46.0,32.0,,,1,1,1,1,2
202100007543,2021-11-18 07:25:00,2021,11,18,7,25,91,91161,AUTOROUTE A6,48.69815,2.31467,Crépuscule ou aube,Hors agglomération,Hors intersection,Normale,Trois véhicules et plus - en chaîne,1,-1,6,0,1,1,1,0,1,110,,3,2,0,0,1,40.0,29.0,,,2,1,1,1,4
202100007544,2021-11-17 21:35:00,2021,11,17,21,35,78,78646,RN12,48.793511,2.077882,Nuit sans éclairage public,Hors agglomération,Hors intersection,Normale,Deux véhicules - arrière,2,1,3,0,1,1,1,0,1,90,,2,1,0,0,1,28.0,30.0,,,3,1,1,1,2
202100007545,2021-11-17 08:40:00,2021,11,17,8,40,92,92036,A86,48.9348887042,2.2678495223,Plein jour,Hors agglomération,Hors intersection,Normale,Deux véhicules - côté,1,1,2,0,1,1,2,0,1,90,,2,1,0,1,0,49.0,49.0,,,1,1,1,1,3
202100007546,2021-11-17 08:14:00,2021,11,17,8,14,92,92036,A86,48.9346445248,2.2690583247,Plein jour,Hors agglomération,Hors intersection,Normale,Deux véhicules - côté,1,-1,2,0,1,1,2,0,1,90,,2,1,0,0,1,,45.0,,,1,1,1,1,3
202100007547,2021-11-18 19:00:00,2021,11,18,19,0,93,93053,AUTOROUTE A86,48.89433,2.47141,Nuit avec éclairage allumé,Hors agglomération,Hors intersection,Normale,Deux véhicules - côté,1,1,8,0,1,1,1,0,1,90,,2,1,0,0,1,43.0,27.0,,,5,1,1,1,3
202100007548,2021-11-18 18:45:00,2021,11,18,18,45,95,95527,AUTOROUTE A1,49.0127,2.52988,Nuit sans éclairage public,Hors agglomération,Hors intersection,Normale,Deux véhicules - côté,1,3,8,0,4,1,1,3,1,110,,3,1,0,0,2,46.0,34.0,,,3,1,1,1,3
202100007549,2021-11-18 17:50:00,2021,11,18,17,50,92,92036,AUTOROUTE A15,48.9436471157,2.2877561673,Nuit sans éclairage public,Hors agglomération,Hors intersection,Normale,Trois véhicules et plus - en chaîne,1,3,8,0,1,3,1,2,1,110,,3,2,0,0,1,,36.0,,,3,1,1,1,4
202100007550,2021-11-18 16:10:00,2021,11,18,16,10,92,92078,AUTOROUTE A86,48.9309792515,2.3233129103,Plein jour,Hors agglomération,Hors intersection,Normale,Deux véhicules - côté,1,3,6,0,1,1,1,0,1,90,,2,1,0,0,1,35.0,44.0,,,1,1,1,1,3
202100007551,2021-11-18 10:50:00,2021,11,18,10,50,93,93073,AUTOROUTE A104,48.96812,2.56484,Plein jour,Hors agglomération,Hors intersection,Normale,Deux véhicules - côté,1,3,3,0,1,1,1,0,1,90,,2,1,0,0,1,33.0,41.0,,,1,1,1,1,3
202100007552,2021-11-18 08:30:00,2021,11,18,8,30,95,95394,RN 184,49.05514,2.20163,Plein jour,Hors agglomération,Hors intersection,Normale,Autre collision,2,3,6,0,1,1,1,0,1,90,,1,0,0,0,1,25.0,,,,1,1,1,1,6
202100007553,2021-11-18 09:25:00,2021,11,18,9,25,95,95018, A15,48.9567860284,2.2765879859,Plein jour,Hors agglomération,Hors intersection,Normale,Deux véhicules - arrière,1,3,8,0,1,1,1,0,1,110,,2,0,0,0,2,53.0,42.0,,,1,1,1,1,2
202100007554,2021-11-18 05:40:00,2021,11,18,5,40,93,93005,AUTOROUTE A1,48.96374,2.47295,Crépuscule ou aube,Hors agglomération,Hors intersection,Normale,Deux véhicules - arrière,1,3,10,0,1,3,1,0,1,90,,2,1,0,0,1,28.0,58.0,,,2,1,1,1,2
202100007555,2021-11-17 07:15:00,2021,11,17,7,15,92,92036,AUTOROUTE A86,48.9383700387,2.3001401108,Nuit sans éclairage public,Hors agglomération,Hors intersection,Pluie légère,Autre collision,1,1,2,0,2,3,2,0,1,70,,1,0,0,0,1,44.0,,,,3,1,1,2,6
202100007556,2021-11-18 07:30:00,2021,11,18,7,30,94,94018,A4,48.8176,2.418,Crépuscule ou aube,Hors agglomération,Hors intersection,Normale,Deux véhicules - côté,1,1,5,0,1,1,1,0,1,90,,2,1,0,0,1,46.0,34.0,,,2,1,1,1,3
202100007557,2021-07-12 07:40:00,2021,7,12,7,40,91,91521,RN 449,48.63459,2.40586,Plein jour,Hors agglomération,Hors intersection,Pluie légère,Sans collision,2,1,1,0,2,2,2,0,1,50,,1,0,0,0,1,32.0,,,,1,1,1,2,7
202100007558,2021-08-29 19:28:00,2021,8,29,19,28,74,74236,Rte du Prarion,45.897584,6.721106,Plein jour,Hors agglomération,Hors intersection,Normale,Autre collision,4,2,2,0,2,2,1,0,8,50,,2,0,2,0,0,71.0,,,,1,1,1,1,6
202100007559,2021-07-26 13:20:00,2021,7,26,13,20,14,14191,Voie des Francais Libres,49.336858,-0.464848,Plein jour,En agglomération,Intersection en T,Normale,Autre collision,4,2,2,0,1,2,1,0,1,50,,2,1,0,1,0,20.0,,,,1,2,3,1,6
202100007560,2021-08-30 10:15:00,2021,8,30,10,15,74,74001,sous le pas,46.286439,6.695749,Plein jour,Hors agglomération,Intersection en Y,Normale,Trois véhicules et plus - collisions multiples,3,2,2,0,2,1,1,0,1,70,,3,2,0,1,0,60.0,37.0,,,1,1,4,1,5
202100007561,2021-11-11 19:20:00,2021,11,11,19,20,988,98818,RUE ROGER GERVOLINO,-22.2615,166.47071,Nuit sans éclairage public,En agglomération,Hors intersection,Normale,Deux véhicules - frontale,3,2,2,0,1,1,1,0,1,50,,3,0,0,0,3,35.0,24.0,,,3,2,1,1,1
202100007562,2021-11-17 19:20:00,2021,11,17,19,20,974,97411,JAURES (BOULEVARD JEAN),-20.889848,55.452385,Nuit avec éclairage allumé,En agglomération,Intersection en Y,Normale,Deux véhicules - arrière,4,-1,2,0,2,2,1,0,1,30,,2,1,0,0,1,50.0,55.0,,,5,2,4,1,2
202100007563,2021-11-16 10:15:00,2021,11,16,10,15,974,97411,MONDON (RUE MONSEIGNEUR),-20.89392,55.46037,Plein jour,En agglomération,Intersection en T,Normale,Deux véhicules - côté,4,2,2,0,2,1,1,0,1,50,,2,1,0,0,1,26.0,,,,1,2,3,1,3
202100007564,2021-11-17 07:05:00,2021,11,17,7,5,973,97302,MONTABO (ROUTE DE) 1,4.9412,-52.30288,Plein jour,En agglomération,Intersection en T,Normale,Deux véhicules - côté,3,2,2,1,1,1,1,0,1,50,,2,1,0,0,1,36.0,14.0,,,1,2,3,1,3
202100007565,2021-11-17 19:20:00,2021,11,17,19,20,69,69383,FELIX FAURE (AV),45.75391,4.8611,Nuit avec éclairage allumé,En agglomération,Hors intersection,Normale,Deux véhicules - côté,4,2,4,3,1,1,1,0,1,50,,5,4,0,0,1,30.0,77.0,,,5,2,1,1,3
202100007566,2021-11-17 07:25:00,2021,11,17,7,25,69,69276,JACQUES MONOD (R)   ,45.6732,4.85018,Crépuscule ou aube,En agglomération,Autre intersection,Normale,Deux véhicules - côté,4,2,2,0,1,1,1,0,1,50,,2,1,0,0,1,40.0,37.0,,,2,2,9,1,3
202100007567,2021-11-17 18:05:00,2021,11,17,18,5,972,97213,ROUTE DEPARTEMENTALE 15,14.60906,-61.0057,Nuit sans éclairage public,Hors agglomération,Passage à niveau,Pluie légère,Deux véhicules - côté,3,2,4,0,2,1,2,2,1,50,,2,1,0,0,1,20.0,32.0,,,3,1,8,2,3
202100007568,2021-11-17 17:20:00,2021,11,17,17,20,972,97213,AUTOROUTE A1,14.61222,-61.00825,Plein jour,En agglomération,Hors intersection,Normale,Sans collision,1,2,4,0,1,1,1,0,1,90,,1,0,0,0,1,25.0,,,,1,2,1,1,7
202100007569,2021-11-17 14:00:00,2021,11,17,14,0,972,97213,AUTOROUTE A1,14.60421,-61.00224,Plein jour,En agglomération,Hors intersection,Normale,Deux véhicules - arrière,1,2,4,0,1,1,1,0,1,90,,4,2,0,0,2,19.0,24.0,,,1,2,1,1,2
202100007570,2021-11-16 18:15:00,2021,11,16,18,15,69,69081,VALVERT (DU) (BD),45.7649770139,4.7722694278,Nuit avec éclairage allumé,En agglomération,Autre intersection,Normale,Deux véhicules - côté,4,1,2,0,1,3,1,0,1,50,,2,1,0,0,1,42.0,26.0,,,5,2,9,1,3
202100007571,2021-11-16 15:45:00,2021,11,16,15,45,971,97101,CHAUVEL,16.23914,-61.52246,Plein jour,Hors agglomération,Giratoire,Normale,Deux véhicules - arrière,3,1,2,0,1,3,1,5,1,50,,8,4,0,3,1,30.0,27.0,,,1,1,6,1,2
202100007572,2021-11-15 10:37:00,2021,11,15,10,37,971,97120,CHANZY (BOULEVARD),16.24111,-61.53586,Plein jour,En agglomération,Hors intersection,Normale,Autre collision,3,2,4,0,1,1,1,0,1,50,,2,1,0,0,1,77.0,,,,1,2,1,1,6
202100007573,2021-11-17 08:15:00,2021,11,17,8,15,2A,2A004,CRETES RCE CHEMIN DES LAURIERS,41.91007,8.70314,Plein jour,En agglomération,Intersection en X,Temps couvert,Deux véhicules - arrière,4,2,2,0,2,1,1,0,1,50,,4,3,0,0,1,83.0,42.0,,,1,2,2,8,2
202100007574,2021-11-15 19:45:00,2021,11,15,19,45,91,91114,RUE DU POIRIER,48.7,2.5,Nuit avec éclairage allumé,En agglomération,Intersection en T,Pluie légère,Deux véhicules - côté,4,2,2,0,2,1,2,0,1,50,,2,1,0,0,1,29.0,46.0,,,5,2,3,2,3
202100007575,2021-11-15 18:00:00,2021,11,15,18,0,91,91228,BD DE L EUROPE,48.63372,2.41802,Nuit avec éclairage allumé,En agglomération,Intersection en T,Normale,Autre collision,3,3,4,0,1,1,2,0,1,50,,2,1,0,0,1,21.0,,,,5,2,3,1,6
202100007576,2021-11-16 14:15:00,2021,11,16,14,15,91,91223,R.D.20,48.4392,2.17254,Plein jour,Hors agglomération,Hors intersection,Normale,Deux véhicules - côté,3,3,4,0,1,1,1,9,1,90,,2,1,0,1,0,24.0,36.0,,,1,1,1,1,3
202100007577,2021-11-16 20:12:00,2021,11,16,20,12,87,87085,MONTJOVIS (AVENUE),45.84178,1.24621,Nuit avec éclairage allumé,En agglomération,Hors intersection,Pluie légère,Autre collision,4,2,2,0,1,1,2,0,1,50,,2,1,0,0,1,20.0,,,,5,2,1,2,6
202100007578,2021-11-15 12:35:00,2021,11,15,12,35,87,87085,JOURDAN (PLACE),45.83207,1.26386,Plein jour,En agglomération,Intersection en T,Normale,Deux véhicules - côté,4,2,5,3,1,1,1,0,1,50,,3,2,0,0,1,45.0,81.0,,,1,2,3,1,3
202100007579,2021-11-11 15:30:00,2021,11,11,15,30,84,84080,CUGNOT JOSEPH,44.0358,4.97317,Plein jour,En agglomération,Hors intersection,Normale,Deux véhicules - arrière,4,2,2,0,1,1,1,0,1,50,,2,1,0,1,0,19.0,16.0,,,1,2,1,1,2
202100007580,2021-11-17 21:30:00,2021,11,17,21,30,77,77532,D619,48.560641,3.226972,Nuit sans éclairage public,Hors agglomération,Hors intersection,Brouillard / fumée,Deux véhicules - arrière,3,2,2,0,1,1,1,0,1,90,,2,1,0,0,1,54.0,48.0,,,3,1,1,5,2
202100007581,2021-11-16 08:42:00,2021,11,16,8,42,77,77410,D636,48.5794,2.70958,Plein jour,Hors agglomération,Hors intersection,Temps couvert,Trois véhicules et plus - en chaîne,3,2,2,0,1,1,1,0,1,80,,5,1,0,0,4,25.0,42.0,,,1,1,1,8,4
202100007582,2021-11-17 22:00:00,2021,11,17,22,0,76,76540,DARNETAL. ROUTE DE,49.44198,1.11649,Nuit avec éclairage allumé,En agglomération,Hors intersection,Normale,Deux véhicules - arrière,7,2,2,0,1,1,1,0,1,50,,3,0,0,0,3,20.0,22.0,,,5,2,1,1,2
202100007583,2021-11-14 20:30:00,2021,11,14,20,30,76,76486,ROCHES. ROUTE DES (CD 18),49.322,1.014,Nuit avec éclairage allumé,En agglomération,Hors intersection,Normale,Deux véhicules - arrière,7,2,2,0,1,1,2,0,1,50,,3,2,0,0,1,,32.0,,,5,2,1,1,2
202100007584,2021-11-09 23:25:00,2021,11,9,23,25,76,76103,PARIS. ROUTE DE,49.41695,1.13284,Nuit avec éclairage allumé,En agglomération,Hors intersection,Normale,Sans collision,7,2,3,0,3,3,1,0,1,50,,1,0,0,0,1,22.0,,,,5,2,1,1,7
202100007585,2021-11-16 15:25:00,2021,11,16,15,25,76,76351,REPUBLIQUE (COURS DE LA),49.49236,0.123855,Plein jour,En agglomération,Hors intersection,Normale,Deux véhicules - côté,4,3,4,1,1,1,1,0,5,50,,2,1,0,0,1,25.0,40.0,,,1,2,1,1,3
202100007586,2021-11-17 18:56:00,2021,11,17,18,56,73,73008,MARLIOZ AVENUE DE,45.67918,5.91043,Nuit avec éclairage allumé,En agglomération,Hors intersection,Normale,Deux véhicules - arrière,3,2,2,0,1,1,1,0,1,50,,2,0,0,0,2,21.0,43.0,,,5,2,1,1,2
202100007587,2021-11-16 08:30:00,2021,11,16,8,30,72,72181,RHIN ET DANUBE (AV) N° IMP 1 A 269,48.01884,0.18473,Plein jour,En agglomération,Hors intersection,Normale,Autre collision,4,2,2,2,1,1,1,0,1,50,,2,1,0,0,1,41.0,,,,1,2,1,1,6
202100007588,2021-11-17 13:10:00,2021,11,17,13,10,69,69029,35EME REGIMENT D'AVIATION (DU) (R),45.73354,4.93173,Plein jour,En agglomération,Intersection en X,Temps couvert,Deux véhicules - côté,7,1,3,0,1,1,1,5,1,70,,2,1,0,0,1,47.0,41.0,,,1,2,2,8,3
202100007589,2021-11-17 12:05:00,2021,11,17,12,5,69,69271,LYON (DE) (RTE)                             ,45.7401140296,4.9525809288,Plein jour,En agglomération,Hors intersection,Normale,Deux véhicules - frontale,7,2,3,1,1,1,1,0,5,50,,2,1,0,0,1,61.0,21.0,,,1,2,1,1,1
202100007590,2021-11-16 12:50:00,2021,11,16,12,50,69,69264,FRANS (DE) (RTE),45.98394,4.74019,Plein jour,En agglomération,Hors intersection,Normale,Sans collision,3,2,3,0,1,1,1,0,1,50,,1,0,0,0,1,15.0,,,,1,2,1,1,7
202100007591,2021-11-16 08:08:00,2021,11,16,8,8,68,68224,ILLBERG (RUE DE L'),47.72996,7.30666,Plein jour,En agglomération,Hors intersection,Normale,Deux véhicules - côté,3,2,2,0,1,1,1,0,1,50,,2,1,0,1,0,30.0,44.0,,,1,2,1,1,3
202100007592,2021-11-10 17:55:00,2021,11,10,17,55,68,68066,SEMM (RUE DE LA),48.06801,7.38486,Nuit sans éclairage public,Hors agglomération,Intersection en T,Pluie légère,Deux véhicules - côté,1,1,3,0,1,2,2,3,6,80,,2,1,0,0,1,18.0,28.0,,,3,1,3,2,3
202100007593,2021-11-11 17:00:00,2021,11,11,17,0,67,67482,VOSGES (AVENUE DES),48.59096,7.74625,Crépuscule ou aube,En agglomération,Intersection en T,Temps couvert,Deux véhicules - côté,4,2,2,0,1,1,1,0,1,50,,2,1,0,0,1,25.0,75.0,,,2,2,3,8,3
202100007594,2021-11-11 13:50:00,2021,11,11,13,50,67,67482,LAVOISIER (RUE),48.6026,7.72001,Plein jour,En agglomération,Hors intersection,Normale,Deux véhicules - côté,4,2,2,0,1,1,1,9,1,50,,2,1,0,0,1,58.0,19.0,,,1,2,1,1,3
202100007595,2021-11-10 20:10:00,2021,11,10,20,10,67,67482,COLMAR (AVENUE DE),48.55586,7.74571,Nuit avec éclairage allumé,En agglomération,Passage à niveau,Normale,Deux véhicules - arrière,4,3,8,1,1,1,1,4,1,50,,2,0,0,0,2,27.0,39.0,,,5,2,8,1,2
202100007596,2021-11-10 11:20:00,2021,11,10,11,20,67,67482,RIETH (RUE DU),48.60224,7.71995,Plein jour,En agglomération,Intersection en T,Normale,Autre collision,4,3,3,0,1,1,1,0,1,50,,2,1,0,0,1,47.0,,,,1,2,3,1,6
202100007597,2021-11-17 09:05:00,2021,11,17,9,5,65,65440,CLEMENT (RUE VICTOR),43.23837,0.060558,Plein jour,En agglomération,Hors intersection,Pluie légère,Autre collision,4,2,2,0,1,1,2,0,1,50,,1,0,0,0,1,15.0,,,,1,2,1,2,6
202100007598,2021-11-17 07:53:00,2021,11,17,7,53,65,65440,DEBUSSY (BOULEVARD CLAUDE),43.220273,0.064707,Plein jour,En agglomération,Hors intersection,Pluie légère,Trois véhicules et plus - en chaîne,2,1,2,0,1,1,2,0,1,50,,4,1,0,0,3,58.0,46.0,,,1,2,1,2,4
202100007599,2021-11-17 09:44:00,2021,11,17,9,44,63,63113,POMPIDOU (BD GEORGES),45.8078,3.13152,Plein jour,En agglomération,Intersection en Y,Normale,Deux véhicules - frontale,1,1,1,-1,1,3,1,3,1,-1,,2,0,0,0,2,42.0,41.0,,,1,2,4,1,1
202100007600,2021-11-17 07:28:00,2021,11,17,7,28,63,63113,TORPILLEUR SIROCCO (RUE DU),45.81583,3.10693,Nuit avec éclairage allumé,En agglomération,Hors intersection,Normale,Autre collision,7,3,2,0,1,1,1,0,1,50,,2,1,0,0,1,50.0,,,,5,2,1,1,6
202100007601,2021-11-17 16:10:00,2021,11,17,16,10,61,61117,CHARLES BAUDELAIRE(RUE),48.4318,0.05608,Plein jour,En agglomération,Intersection en X,Temps éblouissant,Deux véhicules - côté,3,2,2,0,2,1,1,9,6,50,,2,1,0,0,1,18.0,57.0,,,1,2,2,7,3
202100007602,2021-11-17 07:10:00,2021,11,17,7,10,59,59350,DUEZ PAUL RUE,50.63323,3.07486,Nuit avec éclairage allumé,En agglomération,Hors intersection,Normale,Deux véhicules - côté,4,1,1,0,1,1,2,0,1,30,,2,1,0,0,1,38.0,25.0,,,5,2,1,1,3
202100007603,2021-11-17 11:05:00,2021,11,17,11,5,59,59043,ROEYE STRAETE (VOIE COMMUNALE),50.7337823725,2.7499907515,Plein jour,Hors agglomération,Hors intersection,Normale,Autre collision,4,2,1,0,1,1,1,0,1,50,,2,1,0,0,1,,,,,1,1,1,1,6
202100007604,2021-11-16 08:05:00,2021,11,16,8,5,58,58194,RESISTANCE (SQUARE),46.99186,3.16017,Plein jour,En agglomération,Intersection en T,Normale,Deux véhicules - côté,4,2,2,0,1,1,1,0,1,30,,2,1,0,0,1,15.0,47.0,,,1,2,3,1,3
202100007605,2021-11-16 09:15:00,2021,11,16,9,15,56,56121,KERLIN (RUE  DE ),47.74587,-3.37565,Plein jour,En agglomération,Hors intersection,Normale,Deux véhicules - frontale,4,2,2,0,1,1,1,0,1,30,,2,1,0,0,1,,40.0,,,1,2,1,1,1
202100007606,2021-11-17 16:20:00,2021,11,17,16,20,54,54395,LOBAU (BOULEVARD),48.6804,6.1984,Plein jour,En agglomération,Hors intersection,Normale,Autre collision,4,2,4,0,1,1,1,0,1,50,,1,0,0,0,1,52.0,,,,1,2,1,1,6
202100007607,2021-11-08 18:00:00,2021,11,8,18,0,52,52448,1 Raoul Laurent (avenue),48.64571,4.96104,Crépuscule ou aube,En agglomération,Hors intersection,Normale,Sans collision,4,2,2,0,1,1,1,0,1,50,,2,1,0,0,1,29.0,,,,2,2,1,1,7
202100007608,2021-11-16 18:22:00,2021,11,16,18,22,51,51454,Rue Léon Faucher,49.2692954852,4.0441608783,Nuit avec éclairage allumé,En agglomération,Hors intersection,Pluie légère,Deux véhicules - arrière,4,-1,2,0,1,1,2,0,1,50,,2,1,0,1,0,16.0,49.0,,,5,2,1,2,2
202100007609,2021-11-16 08:00:00,2021,11,16,8,0,51,51454,Chaussée Saint Martin,49.2422588308,4.0249343005,Plein jour,En agglomération,Giratoire,Pluie légère,Sans collision,4,2,2,0,1,1,2,0,1,50,,2,0,0,1,1,47.0,,,,1,2,6,2,7
202100007610,2021-11-16 08:30:00,2021,11,16,8,30,51,51454,Boulevard du Président Wilson,49.2377627867,4.0241918147,Plein jour,Hors agglomération,Hors intersection,Pluie légère,Sans collision,4,2,3,0,2,1,2,0,1,50,,2,1,0,1,0,35.0,,,,1,1,1,2,7
202100007611,2021-11-17 07:17:00,2021,11,17,7,17,45,45234,SECRETAIN (AVENUE ROGER),47.89266,1.89587,Nuit avec éclairage allumé,En agglomération,Intersection en X,Pluie légère,Autre collision,3,3,4,0,1,1,2,0,8,50,,2,1,0,1,0,57.0,,,,5,2,2,2,6
202100007612,2021-11-12 12:00:00,2021,11,12,12,0,45,45285,PETITE ESPERE (AVENUE DE LA),47.8998378521,1.8670317479,Plein jour,En agglomération,Intersection en T,Normale,Deux véhicules - côté,4,2,2,0,1,1,1,0,1,50,,3,2,0,0,1,40.0,36.0,,,1,2,3,1,3
202100007613,2021-11-17 04:35:00,2021,11,17,4,35,45,45338,Rue Touratier,47.9932,2.70654,Nuit avec éclairage allumé,En agglomération,Hors intersection,Pluie légère,Autre collision,4,2,2,0,1,1,2,0,4,50,,1,0,0,0,1,31.0,,,,5,2,1,2,6
202100007614,2021-11-17 02:30:00,2021,11,17,2,30,44,44184,PARMENTIER (RUE ANTOINE) 02 AU 108  -  0,47.26403,-2.22652,Nuit sans éclairage public,En agglomération,Hors intersection,Normale,Autre collision,4,1,2,1,4,2,2,0,1,50,,1,0,0,0,1,52.0,,,,3,2,1,1,6
202100007615,2021-11-11 11:45:00,2021,11,11,11,45,44,44184,PÉREIRE (RUE DES FRERES),47.27725,-2.20523,Plein jour,En agglomération,Intersection en T,Normale,Autre collision,4,2,2,0,2,1,1,0,1,30,,2,1,0,0,1,80.0,,,,1,2,3,1,6
202100007616,2021-11-16 16:50:00,2021,11,16,16,50,42,42218,Boulevard Jules Janin,45.44862,4.39038,Crépuscule ou aube,En agglomération,Hors intersection,Pluie légère,Autre collision,4,2,4,0,1,1,2,0,8,50,,3,1,0,2,0,71.0,,,,2,2,1,2,6
202100007617,2021-11-16 12:05:00,2021,11,16,12,5,39,39198,63 Avenue de Lattre de Tassigny,47.10512,5.49911,Plein jour,En agglomération,Giratoire,Normale,Trois véhicules et plus - collisions multiples,4,2,2,0,1,1,1,0,1,50,,6,1,0,1,4,67.0,21.0,,,1,2,6,1,5