accident_id,datetime,annee,mois,jour,heure,minute,departement,commune_insee,adresse,latitude,longitude,luminosite,agglomeration,intersection,meteo,collision,catr,circ,nbv,vosp,prof,plan,surf,infra,situ,vma,nb_vehicules,nb_usagers,nb_indemnes,nb_tues,nb_blesses_hosp,nb_blesses_legers,age_cond_1,age_cond_2,veh_type_cond_1,veh_type_cond_2,lum_code,agg_code,int_code,atm_code,col_code
202100007618,2021-11-18 02:35:00,2021,11,18,2,35,38,38185,COURS JEAN JAURÈS,45.19112,5.7202,Nuit avec éclairage non allumé,En agglomération,Intersection en X,Pluie légère,Deux véhicules - côté,7,2,3,1,1,1,2,5,1,30,,2,1,0,0,1,37.0,25.0,,,4,2,2,2,3
202100007619,2021-11-16 23:50:00,2021,11,16,23,50,37,37261,PORTALIS (AVENUE JEAN),47.3646724022,0.6837609454,Nuit avec éclairage allumé,En agglomération,Hors intersection,Normale,Autre collision,4,2,2,0,1,3,1,0,1,50,,1,0,0,0,1,48.0,,,,5,2,1,1,6
202100007620,2021-11-17 18:00:00,2021,11,17,18,0,35,35024,BETTON (ROND POINT DE),48.16309,-1.67548,Nuit sans éclairage public,Hors agglomération,Giratoire,Normale,Autre collision,7,1,1,2,2,1,1,0,5,50,,2,1,0,0,1,,30.0,,,3,1,6,1,6
202100007621,2021-11-17 19:50:00,2021,11,17,19,50,35,35115,SAINT GERMAIN (BOULEVARD DE),48.3621621862,-1.2086752653,Nuit avec éclairage allumé,En agglomération,Hors intersection,Normale,Autre collision,4,2,4,0,2,1,2,0,1,50,,2,1,0,0,1,20.0,,,,5,2,1,1,6
202100007622,2021-11-12 16:09:00,2021,11,12,16,9,34,34032,CLAPAREDE EMILE (AVENUE),43.3437,3.22632,Plein jour,En agglomération,Intersection en T,Normale,Deux véhicules - côté,4,2,2,0,2,1,1,0,1,50,,2,1,0,1,0,60.0,17.0,,,1,2,3,1,3
202100007623,2021-11-17 18:40:00,2021,11,17,18,40,33,33200,Avenue de Magudas,44.85842,-0.66818,Nuit avec éclairage allumé,En agglomération,Hors intersection,Normale,Autre collision,4,3,2,0,1,1,1,0,1,50,,2,1,0,1,0,48.0,,,,5,2,1,1,6
202100007624,2021-10-29 03:50:00,2021,10,29,3,50,33,33192,Cours du Général de Gaulle,44.77851,-0.60974,Nuit avec éclairage allumé,En agglomération,Intersection en X,Normale,Deux véhicules - côté,4,2,4,1,1,1,1,5,1,50,,2,1,0,0,1,32.0,,,,5,2,2,1,3
202100007625,2021-11-17 07:45:00,2021,11,17,7,45,33,33069,Avenue de Tivoli,44.86858,-0.59708,Crépuscule ou aube,En agglomération,Giratoire,Normale,Deux véhicules - côté,4,2,2,0,2,1,1,0,1,30,,2,1,0,0,1,58.0,18.0,,,2,2,6,1,3
202100007626,2021-11-04 22:15:00,2021,11,4,22,15,33,33281,Avenue Marcel Dassault,44.84351,-0.67296,Nuit avec éclairage allumé,Hors agglomération,Intersection en X,Normale,Deux véhicules - côté,1,1,1,0,2,1,1,3,1,50,,2,1,0,0,1,59.0,37.0,,,5,1,2,1,3
202100007627,2021-11-16 14:20:00,2021,11,16,14,20,33,33063,QUAI DESCHAMPS,44.8343,-0.55136,Plein jour,En agglomération,Hors intersection,Normale,Deux véhicules - côté,4,2,4,0,1,1,1,0,1,50,,2,1,0,0,1,39.0,43.0,,,1,2,1,1,3
202100007628,2021-11-17 13:20:00,2021,11,17,13,20,29,29232,Chemin de Kerequellou,47.9542,-4.07185,Plein jour,Hors agglomération,Hors intersection,Temps couvert,Deux véhicules - frontale,4,2,2,0,1,2,2,0,1,50,,2,1,0,0,1,28.0,28.0,,,1,1,1,8,1
202100007629,2021-11-17 07:40:00,2021,11,17,7,40,28,28404,LIBERTE (AVENUE DE LA),48.72906,1.32698,Plein jour,En agglomération,Intersection en X,Pluie légère,Deux véhicules - frontale,3,2,2,0,1,1,2,0,8,50,,2,1,0,0,1,55.0,,,,1,2,2,2,1
202100007630,2021-11-14 12:45:00,2021,11,14,12,45,27,27681,GISORS (ROUTE DE),49.11627,1.49598,Plein jour,Hors agglomération,Hors intersection,Temps couvert,Autre collision,3,2,3,0,4,3,2,0,8,80,,3,0,0,0,3,39.0,,,,1,1,1,8,6
202100007631,2021-11-12 22:45:00,2021,11,12,22,45,27,27681,DE LATTRE DE TASSIGNY (AVENUE DU MAL),49.08591,1.46366,Nuit avec éclairage allumé,En agglomération,Hors intersection,Pluie légère,Sans collision,3,2,2,0,2,3,2,0,1,50,,1,0,0,0,1,20.0,,,,5,2,1,2,7
202100007632,2021-11-17 00:00:00,2021,11,17,0,0,26,26362,Rue des Alpes,44.9291279,4.896447,Nuit avec éclairage allumé,En agglomération,Intersection en X,Normale,Deux véhicules - côté,4,1,1,1,1,1,1,0,1,50,,3,1,0,1,1,23.0,36.0,,,5,2,2,1,3
202100007633,2021-10-06 09:55:00,2021,10,6,9,55,22,22113,HARAS (RUE DES),48.7307572129,-3.4526209831,Plein jour,En agglomération,Hors intersection,Normale,Autre collision,4,2,2,0,1,1,1,0,4,30,,2,0,0,0,2,67.0,,,,1,2,1,1,6
202100007634,2021-11-16 18:56:00,2021,11,16,18,56,21,21231,CASTELNAU (RUE),47.33382,5.06802,Nuit avec éclairage allumé,En agglomération,Hors intersection,Temps couvert,Autre collision,4,2,2,0,1,1,2,0,1,50,,2,1,1,0,0,47.0,,,,5,2,1,8,6
202100007635,2021-11-17 12:26:00,2021,11,17,12,26,17,17300,ROMPSAY   AVENUE DE,46.16127,-1.13229,Plein jour,En agglomération,Hors intersection,Temps couvert,Autre collision,4,2,2,0,1,3,1,0,1,50,,2,1,0,0,1,23.0,27.0,,,1,2,1,8,6
202100007636,2021-11-17 12:45:00,2021,11,17,12,45,13,13208,MADRAGUE DE MONTREDON (AVE DE LA) ,43.2383354703,5.3647525711,Plein jour,En agglomération,Hors intersection,Normale,Deux véhicules - côté,4,2,2,0,2,1,1,0,4,50,,2,1,1,0,0,85.0,,,,1,2,1,1,3
202100007637,2021-11-17 12:45:00,2021,11,17,12,45,13,13214,MAHOUBI TIR ,43.333226734,5.3976660498,Plein jour,En agglomération,Hors intersection,Normale,Deux véhicules - côté,4,2,2,0,1,1,1,0,1,50,,2,1,0,0,1,52.0,22.0,,,1,2,1,1,3
202100007638,2021-11-17 14:50:00,2021,11,17,14,50,13,13047,RD 1569,43.5002511539,4.9665336885,Plein jour,Hors agglomération,Intersection en T,Normale,Deux véhicules - côté,2,2,0,0,1,1,1,0,1,80,,3,2,0,0,1,36.0,78.0,,,1,1,3,1,3
202100007639,2021-11-13 17:10:00,2021,11,13,17,10,13,13005,SALENGRO (AVENUE ROGER),43.30449,5.57116,Crépuscule ou aube,Hors agglomération,Giratoire,Normale,Deux véhicules - côté,7,1,3,0,1,2,1,0,1,50,,2,1,0,0,1,36.0,24.0,,,2,1,6,1,3
202100007640,2021-11-16 18:03:00,2021,11,16,18,3,10,10387,MAROTS (RUE DES),48.3074,4.0445,Nuit avec éclairage allumé,En agglomération,Hors intersection,Pluie légère,Autre collision,4,2,2,0,1,1,2,0,1,50,,2,1,0,0,1,59.0,,,,5,2,1,2,6
202100007641,2021-11-16 13:30:00,2021,11,16,13,30,10,10081,GENERAL SARRAIL (AVE),48.313,4.0571,Plein jour,En agglomération,Hors intersection,Pluie légère,Autre collision,4,2,2,1,2,1,2,0,4,50,,4,2,0,0,2,23.0,56.0,,,1,2,1,2,6
202100007642,2021-11-16 09:20:00,2021,11,16,9,20,10,10387,GEORGES POMPIDOU (RUE),48.2872384503,4.0793824196,Plein jour,En agglomération,Hors intersection,Pluie légère,Sans collision,4,1,1,0,1,1,2,0,1,70,,2,1,0,1,0,65.0,,,,1,2,1,2,7
202100007643,2021-11-16 06:20:00,2021,11,16,6,20,10,10387,NOES (RUE DES),48.29893,4.05496,Nuit avec éclairage allumé,En agglomération,Hors intersection,Pluie légère,Sans collision,4,2,2,0,1,1,2,0,1,50,,1,0,0,0,1,51.0,,,,5,2,1,2,7
202100007644,2021-11-16 17:00:00,2021,11,16,17,0,07,07281,PUY-EN-VELAY (AVENUE DU),44.940705,4.839831,Nuit sans éclairage public,En agglomération,Hors intersection,Normale,Autre collision,3,2,2,0,2,1,1,0,1,50,,2,1,0,1,0,53.0,,,,3,2,1,1,6
202100007645,2021-11-12 08:20:00,2021,11,12,8,20,07,07102,Avenue Georges CLEMENCEAU,44.93204,4.87377,Plein jour,En agglomération,Giratoire,Normale,Deux véhicules - côté,4,-1,1,0,1,1,1,0,4,50,,2,1,0,0,1,21.0,60.0,,,1,2,6,1,3
202100007646,2021-11-17 18:10:00,2021,11,17,18,10,06,06088,GARNIER (BD JOSEPH),43.710102,7.260094,Nuit avec éclairage allumé,En agglomération,Hors intersection,Normale,Autre collision,4,2,3,0,1,1,1,0,1,50,,2,1,0,1,0,24.0,,,,5,2,1,1,6
202100007647,2021-10-29 16:45:00,2021,10,29,16,45,04,04112,Boulevard des Tilleuls,43.8351702215,5.7836806933,Plein jour,En agglomération,Hors intersection,Normale,Sans collision,4,-1,2,0,1,1,1,0,1,30,,2,1,0,0,1,54.0,,,,1,2,1,1,7
202100007648,2021-11-17 13:15:00,2021,11,17,13,15,75,75119,PORTE DE PANTIN,48.895318,2.394566,Plein jour,En agglomération,Hors intersection,Normale,Deux véhicules - côté,4,1,4,0,1,1,1,0,1,70,,2,0,0,0,2,42.0,32.0,,,1,2,1,1,3
202100007649,2021-11-17 08:30:00,2021,11,17,8,30,75,75120,PORTE DES LILAS,48.876534,2.409645,Plein jour,En agglomération,Hors intersection,Normale,Trois véhicules et plus - en chaîne,4,1,4,0,1,1,2,1,1,70,,3,2,0,0,1,34.0,32.0,,,1,2,1,1,4
202100007650,2021-11-17 10:50:00,2021,11,17,10,50,75,75105,BOULEVARD DE PORT ROYAL,48.837801,2.344945,Plein jour,En agglomération,Hors intersection,Temps couvert,Autre collision,4,2,4,0,1,1,1,0,1,30,,2,1,0,0,1,41.0,,,,1,2,1,8,6
202100007651,2021-11-17 08:40:00,2021,11,17,8,40,75,75105,QUAI SAINT MICHEL,48.853751,2.344285,Plein jour,En agglomération,Intersection à plus de 4 branches,Pluie légère,Deux véhicules - arrière,4,1,3,3,1,1,2,0,1,30,,2,1,0,0,1,33.0,58.0,,,1,2,5,2,2
202100007652,2021-11-17 07:55:00,2021,11,17,7,55,75,75120,BOULEVARD MORTIER,48.867042,2.408854,Plein jour,En agglomération,Intersection en T,Pluie légère,Deux véhicules - arrière,4,2,4,0,2,1,2,0,1,30,,2,1,0,0,1,46.0,30.0,,,1,2,3,2,2
202100007653,2021-11-17 08:50:00,2021,11,17,8,50,75,75119,AVENUE JEAN JAURES,48.88438,2.376316,Plein jour,En agglomération,Hors intersection,Temps couvert,Sans collision,4,2,4,2,1,1,2,0,1,30,,1,0,0,0,1,31.0,,,,1,2,1,8,7
202100007654,2021-11-17 19:05:00,2021,11,17,19,5,75,75118,BOULEVARD NEY,48.897825,2.335339,Nuit avec éclairage allumé,En agglomération,Intersection en T,Normale,Autre collision,4,1,2,1,1,1,1,-1,5,30,,2,1,0,0,1,57.0,,,,5,2,3,1,6
202100007655,2021-11-16 12:40:00,2021,11,16,12,40,75,75108,AVENUE DES CHAMPS ELYSEES,48.86705,2.316086,Plein jour,En agglomération,Intersection en T,Normale,Deux véhicules - arrière,4,2,10,0,1,1,1,0,1,30,,2,1,0,0,1,36.0,29.0,,,1,2,3,1,2
202100007656,2021-11-17 15:50:00,2021,11,17,15,50,75,75115,RUE DE DANTZIG,48.833501,2.29869,Plein jour,En agglomération,Intersection en X,Normale,Deux véhicules - côté,4,2,2,0,2,1,1,0,1,30,,2,1,0,0,1,20.0,14.0,,,1,2,2,1,3
202100007657,2021-11-16 10:05:00,2021,11,16,10,5,75,75115,BOULEVARD VICTOR,48.833083,2.287427,Plein jour,En agglomération,Hors intersection,Normale,Sans collision,4,3,3,1,1,1,1,-1,5,30,,1,0,0,0,1,73.0,,,,1,2,1,1,7
202100007658,2021-11-16 21:50:00,2021,11,16,21,50,75,75114,AVENUE DU MAINE,48.834086,2.324343,Nuit avec éclairage allumé,En agglomération,Intersection en Y,Normale,Deux véhicules - côté,4,2,3,0,1,1,1,0,1,30,,2,1,0,0,1,23.0,34.0,,,5,2,4,1,3
202100007659,2021-11-17 09:30:00,2021,11,17,9,30,75,75113,QUAI D IVRY,48.826236,2.387269,Plein jour,En agglomération,Intersection en T,Temps couvert,Deux véhicules - côté,4,3,2,0,1,1,2,0,1,30,,2,1,0,0,1,40.0,52.0,,,1,2,3,8,3
202100007660,2021-11-15 19:30:00,2021,11,15,19,30,75,75113,RUE CHARCOT,48.830344,2.370435,Nuit avec éclairage allumé,En agglomération,Intersection en X,Normale,Deux véhicules - côté,4,1,2,2,2,1,1,-1,5,30,,2,0,0,0,2,23.0,45.0,,,5,2,2,1,3
202100007661,2021-11-17 15:00:00,2021,11,17,15,0,75,75112,AVENUE DAUMESNIL,48.837476,2.401352,Plein jour,En agglomération,Hors intersection,Normale,Autre collision,4,3,2,0,2,1,1,0,1,30,,2,1,0,0,1,51.0,,,,1,2,1,1,6
202100007662,2021-11-17 10:20:00,2021,11,17,10,20,75,75112,AVENUE DAUMESNIL,48.848642,2.372553,Plein jour,En agglomération,Intersection en X,Pluie légère,Deux véhicules - côté,4,2,2,0,1,1,2,0,1,30,,2,1,0,0,1,45.0,36.0,,,1,2,2,2,3
202100007663,2021-11-16 22:00:00,2021,11,16,22,0,75,75112,SOUTERRAIN VAN GOGH,48.843893,2.371578,Nuit avec éclairage allumé,En agglomération,Hors intersection,Normale,Autre collision,4,3,2,0,1,1,1,1,1,30,,2,1,0,0,1,45.0,,,,5,2,1,1,6
202100007664,2021-11-16 17:30:00,2021,11,16,17,30,75,75112,RUE DE BERCY,48.838593,2.381246,Nuit avec éclairage allumé,En agglomération,Intersection en T,Normale,Deux véhicules - côté,4,2,2,0,1,1,1,0,1,30,,2,1,0,0,1,32.0,56.0,,,5,2,3,1,3
202100007665,2021-11-17 14:00:00,2021,11,17,14,0,75,75111,RUE OBERKAMPF,48.863093,2.368495,Plein jour,En agglomération,Hors intersection,Normale,Deux véhicules - frontale,4,1,1,0,1,1,1,0,1,30,,3,1,0,0,2,57.0,33.0,,,1,2,1,1,1
202100007666,2021-11-17 07:20:00,2021,11,17,7,20,75,75108,AVENUE DES CHAMPS ELYSEES,48.871089,2.303481,Nuit avec éclairage allumé,En agglomération,Intersection en T,Normale,Trois véhicules et plus - en chaîne,4,2,6,0,2,1,2,0,1,50,,3,1,0,0,2,55.0,29.0,,,5,2,3,1,4
202100007667,2021-11-17 08:50:00,2021,11,17,8,50,75,75102,RUE DU LOUVRE,48.866749,2.343829,Plein jour,En agglomération,Intersection en X,Pluie légère,Sans collision,4,1,3,3,1,1,2,0,1,30,,1,0,0,0,1,52.0,,,,1,2,2,2,7
202100007668,2021-11-17 08:00:00,2021,11,17,8,0,75,75110,BOULEVARD DE STRASBOURG,48.869327,2.35424,Plein jour,En agglomération,Intersection en X,Normale,Sans collision,4,2,5,1,1,1,2,0,1,30,,1,0,0,0,1,18.0,,,,1,2,2,1,7
202100007669,2021-11-17 08:20:00,2021,11,17,8,20,94,94042,Avenue du Général Galliéni,48.820085,2.476883,Plein jour,En agglomération,Autre intersection,Temps couvert,Deux véhicules - côté,3,2,2,1,1,1,1,0,1,50,,2,1,0,0,1,16.0,50.0,,,1,2,9,8,3
202100007670,2021-11-17 05:50:00,2021,11,17,5,50,94,94076,Boulevard Maxime Gorki,48.7884790602,2.3683905602,Nuit avec éclairage allumé,En agglomération,Intersection en T,Pluie légère,Deux véhicules - côté,3,2,2,1,1,1,2,5,1,50,,2,1,0,0,1,47.0,51.0,,,5,2,3,2,3
202100007671,2021-11-17 19:59:00,2021,11,17,19,59,94,94065,Route nationale 186,48.7539,2.3578,Nuit sans éclairage public,Hors agglomération,Hors intersection,Normale,Deux véhicules - côté,2,-1,3,0,1,1,1,0,1,70,,2,1,0,0,1,52.0,67.0,,,3,1,1,1,3
202100007672,2021-11-17 09:15:00,2021,11,17,9,15,94,94033,DALAYRAC (R),48.84901,2.45996,Plein jour,En agglomération,Intersection en X,Temps couvert,Deux véhicules - frontale,3,2,2,0,1,1,2,0,1,50,,2,1,0,0,1,27.0,,,,1,2,2,8,1
202100007673,2021-11-17 18:20:00,2021,11,17,18,20,93,93070,JEAN-JAURES (BD),48.91299,2.3349,Nuit avec éclairage allumé,En agglomération,Intersection en X,Normale,Deux véhicules - côté,3,1,2,3,1,1,1,0,1,50,,2,1,0,1,0,65.0,,,,5,2,2,1,3
202100007674,2021-11-17 13:25:00,2021,11,17,13,25,93,93064,PERI (BOULEVARD GABRIEL)  0 - 37 / 42,48.87726,2.47811,Plein jour,En agglomération,Hors intersection,Pluie légère,Deux véhicules - arrière,3,3,4,0,1,1,2,0,1,50,,2,1,0,0,1,27.0,17.0,,,1,2,1,2,2
202100007675,2021-11-17 10:45:00,2021,11,17,10,45,93,93077,PLATEAU (RUE DU),48.87907,2.49707,Plein jour,En agglomération,Intersection en T,Normale,Autre collision,4,2,2,0,1,1,1,5,1,50,,2,1,0,0,1,39.0,,,,1,2,3,1,6
202100007676,2021-11-16 18:35:00,2021,11,16,18,35,93,93051,LEVANT (BD),48.84004,2.55013,Nuit avec éclairage allumé,En agglomération,Hors intersection,Pluie légère,Autre collision,3,3,4,0,1,1,2,0,1,50,,2,1,0,0,1,31.0,,,,5,2,1,2,6
202100007677,2021-11-17 16:02:00,2021,11,17,16,2,93,93074,MEAUX RUE DE,48.9349827147,2.5690734386,Plein jour,En agglomération,Hors intersection,Normale,Autre collision,4,2,2,0,1,1,1,0,1,50,,5,2,0,0,3,46.0,69.0,,,1,2,1,1,6
202100007678,2021-11-17 08:20:00,2021,11,17,8,20,93,93032,JOFFRES (AVENUE),48.88933,2.52153,Plein jour,En agglomération,Intersection en X,Temps couvert,Deux véhicules - côté,4,2,2,0,1,1,1,0,1,50,,2,1,0,0,1,43.0,29.0,,,1,2,2,8,3
202100007679,2021-11-17 13:50:00,2021,11,17,13,50,93,93057,BRIAND ( AV. ARISTIDE) 31 A 91,48.90864,2.4989,Plein jour,En agglomération,Hors intersection,Normale,Deux véhicules - arrière,3,2,6,0,1,1,1,0,1,50,,2,1,0,0,1,67.0,42.0,,,1,2,1,1,2
202100007680,2021-11-17 07:39:00,2021,11,17,7,39,93,93007,GEORGES BIZET (RUE),48.938397271,2.4687492896,Crépuscule ou aube,En agglomération,Intersection en X,Normale,Deux véhicules - côté,4,1,1,0,1,1,2,0,1,30,,2,0,0,0,2,50.0,22.0,,,2,2,2,1,3
202100007681,2021-11-15 19:00:00,2021,11,15,19,0,92,92051,GRAVIERS (RUE DES),48.8825496783,2.2637441754,Nuit sans éclairage public,En agglomération,Hors intersection,Pluie légère,Autre collision,4,2,2,0,1,1,2,0,1,50,,2,1,0,0,1,64.0,,,,3,2,1,2,6
202100007682,2021-11-17 19:30:00,2021,11,17,19,30,92,92050,LENINE VLADIMIR ILITCH AVENUE,48.8879827025,2.1957694706,Nuit avec éclairage allumé,En agglomération,Intersection en X,Normale,Deux véhicules - côté,3,1,1,1,1,1,1,0,1,50,,3,1,0,1,1,22.0,24.0,,,5,2,2,1,3
202100007683,2021-11-17 09:00:00,2021,11,17,9,0,92,92050,GARCHES RUE DE,48.8780223736,2.2048682069,Plein jour,En agglomération,Intersection en X,Normale,Autre collision,4,2,2,0,1,1,2,0,8,50,,1,0,0,0,1,38.0,,,,1,2,2,1,6
202100007684,2021-11-17 17:20:00,2021,11,17,17,20,92,92020,LOUVEAU RUE,48.802747,2.294507,Nuit avec éclairage allumé,En agglomération,Hors intersection,Normale,Sans collision,4,2,2,0,1,1,1,0,1,50,,1,0,0,0,1,36.0,,,,5,2,1,1,7
202100007685,2021-11-17 07:40:00,2021,11,17,7,40,92,92026,PRÉSIDENT PAUL DOUMER (QUAI DU),48.891589,2.258363,Crépuscule ou aube,En agglomération,Hors intersection,Temps couvert,Deux véhicules - arrière,3,3,2,0,1,1,2,0,1,50,,2,1,0,0,1,27.0,23.0,,,2,2,1,8,2
202100007686,2021-11-16 17:55:00,2021,11,16,17,55,92,92025,ESTIENNE D'ORVES (RUE),48.911275,2.236693,Nuit avec éclairage allumé,En agglomération,Intersection en T,Normale,Autre collision,4,1,1,1,1,1,2,0,1,50,,2,1,0,0,1,30.0,,,,5,2,3,1,6
202100007687,2021-11-16 08:55:00,2021,11,16,8,55,92,92025,FINLANDE (BD DE),48.93171,2.2572,Plein jour,En agglomération,Hors intersection,Normale,Deux véhicules - côté,4,1,2,1,1,1,2,0,1,50,,2,1,0,0,1,67.0,45.0,,,1,2,1,1,3
202100007688,2021-11-17 09:30:00,2021,11,17,9,30,92,92024,MADAME DE SANZILLON (RUE),48.9037080761,2.3191991491,Plein jour,En agglomération,Hors intersection,Normale,Deux véhicules - côté,4,2,2,0,1,1,2,9,1,50,,2,1,0,0,1,46.0,35.0,,,1,2,1,1,3
202100007689,2021-11-17 07:15:00,2021,11,17,7,15,92,92024,HENRI BARBUSSE (RUE) DE (1 A 73)   (2 A,48.90111,2.30857,Nuit sans éclairage public,En agglomération,Hors intersection,Normale,Autre collision,4,2,2,0,1,1,2,0,1,50,,1,0,0,0,1,57.0,,,,3,2,1,1,6
202100007690,2021-11-16 21:30:00,2021,11,16,21,30,92,92012,CHARLES DE GAULLE (AVENUE) - COTE PAIR,48.8480489996,2.2371672842,Nuit avec éclairage allumé,En agglomération,Hors intersection,Normale,Sans collision,4,2,2,0,1,1,1,0,1,50,,1,0,0,0,1,26.0,,,,5,2,1,1,7
202100007691,2021-11-16 18:48:00,2021,11,16,18,48,92,92012,GALLIENI (RUE) 142/FIN,48.8361675943,2.236610949,Nuit avec éclairage allumé,En agglomération,Intersection en X,Normale,Autre collision,4,2,2,0,1,1,1,0,1,50,,3,1,0,0,2,93.0,,,,5,2,2,1,6
202100007692,2021-11-16 18:20:00,2021,11,16,18,20,92,92004,DOCTEUR DERVAUX  ( QUAI DU ),48.90948,2.29401,Plein jour,En agglomération,Hors intersection,Normale,Deux véhicules - côté,3,4,2,0,1,1,1,0,1,50,,2,1,0,0,1,22.0,30.0,,,1,2,1,1,3
202100007693,2021-11-15 18:50:00,2021,11,15,18,50,92,92002,ARISTIDE BRIAND (AVENUE),48.7556099112,2.3058414459,Nuit avec éclairage allumé,En agglomération,Hors intersection,Pluie légère,Trois véhicules et plus - en chaîne,3,1,1,1,1,1,2,0,1,50,,4,3,0,0,1,65.0,39.0,,,5,2,1,2,4
202100007694,2021-11-12 09:30:00,2021,11,12,9,30,974,97404,143 Avenue Raymond Barre,-21.262621,55.361926,Plein jour,En agglomération,Hors intersection,Normale,Deux véhicules - frontale,3,2,2,0,2,1,1,0,1,-1,,2,1,0,1,0,68.0,,,,1,2,1,1,1
202100007695,2021-11-17 16:20:00,2021,11,17,16,20,52,52042,Échangeur entre A5 et A31 (Embranchement d'autoroute),47.918276,5.228269,Plein jour,Hors agglomération,Hors intersection,Temps couvert,Autre collision,1,3,4,0,1,3,1,3,3,90,,2,1,0,0,1,67.0,,,,1,1,1,8,6
202100007696,2021-11-17 18:45:00,2021,11,17,18,45,83,83019,D98,43.149705,6.292843,Nuit sans éclairage public,Hors agglomération,Intersection en Y,Normale,Deux véhicules - côté,3,2,2,0,2,1,1,0,1,80,,2,1,0,1,0,47.0,15.0,,,3,1,4,1,3
202100007697,2021-11-18 10:05:00,2021,11,18,10,5,50,50615,rn13,49.499573,-1.483841,Plein jour,Hors agglomération,Hors intersection,Normale,Deux véhicules - arrière,2,3,4,0,1,2,1,9,8,110,,2,1,0,1,0,57.0,21.0,,,1,1,1,1,2
202100007698,2021-11-17 11:30:00,2021,11,17,11,30,61,61497,autoroute A 28,48.479171,0.121901,Plein jour,Hors agglomération,Hors intersection,Temps couvert,Autre collision,1,3,4,0,1,1,1,0,1,130,,1,0,0,0,1,23.0,,,,1,1,1,8,6
202100007699,2021-11-18 15:40:00,2021,11,18,15,40,51,51252,Route de Damery,49.0944920358,3.8806521893,Plein jour,En agglomération,Intersection en X,Normale,Deux véhicules - frontale,3,2,2,0,3,3,1,5,1,50,,2,1,0,0,1,21.0,31.0,,,1,2,2,1,1
202100007700,2021-11-16 13:40:00,2021,11,16,13,40,69,69066,AIME CHRISTOPHE (R),46.06926,4.316007,Plein jour,En agglomération,Intersection en T,Pluie légère,Deux véhicules - côté,3,2,2,0,1,1,2,0,1,50,,2,1,0,1,0,69.0,14.0,,,1,2,3,2,3
202100007701,2021-11-17 15:10:00,2021,11,17,15,10,89,89418,Rue des Cordeliers,47.867791,3.977802,Plein jour,En agglomération,Intersection en T,Pluie légère,Sans collision,4,2,2,0,2,1,2,0,1,50,,2,1,0,1,0,43.0,71.0,,,1,2,3,2,7
202100007702,2021-11-18 07:40:00,2021,11,18,7,40,61,61214,Avenue Comtesse de Segur,48.765857,0.616334,Crépuscule ou aube,En agglomération,Intersection en T,Temps couvert,Deux véhicules - côté,3,2,3,0,1,1,1,9,1,50,,2,1,0,1,0,40.0,30.0,,,2,2,3,8,3
202100007703,2021-11-17 15:30:00,2021,11,17,15,30,22,22255,D14,48.190925,-2.646278,Plein jour,Hors agglomération,Intersection en X,Normale,Deux véhicules - frontale,3,2,2,0,1,1,1,0,1,80,,3,1,0,0,2,51.0,23.0,,,1,1,2,1,1
202100007704,2021-11-17 07:15:00,2021,11,17,7,15,29,29075,Avenue de Normandie,48.4382092604,-4.386900232,Nuit avec éclairage allumé,En agglomération,Hors intersection,Pluie légère,Autre collision,4,2,2,0,2,1,2,0,1,50,,2,1,0,0,1,47.0,,,,5,2,1,2,6
202100007705,2021-11-18 18:20:00,2021,11,18,18,20,03,03038,D46,46.319689,3.232614,Nuit sans éclairage public,Hors agglomération,Hors intersection,Normale,Deux véhicules - frontale,3,2,2,0,2,3,1,0,1,90,,3,0,1,1,1,51.0,21.0,,,3,1,1,1,1
202100007706,2021-11-16 17:00:00,2021,11,16,17,0,03,03168,27 Route d Ainay (Meaulne),46.601053,2.614692,Crépuscule ou aube,En agglomération,Hors intersection,Pluie légère,Sans collision,3,2,2,0,1,1,2,0,1,50,,1,0,0,0,1,51.0,,,,2,2,1,2,7
202100007707,2021-11-18 00:35:00,2021,11,18,0,35,03,03212,Route de Coursage,46.302451,2.513434,Nuit sans éclairage public,Hors agglomération,Hors intersection,Brouillard / fumée,Autre collision,3,2,2,0,1,1,2,0,1,90,,1,0,0,1,0,20.0,,,,3,1,1,5,6
202100007708,2021-11-18 13:00:00,2021,11,18,13,0,14,14445,Rue Marie Louise Gallais (Vaubadon),49.2115278384,-0.8526125548,Plein jour,Hors agglomération,Hors intersection,Normale,Autre collision,4,2,2,0,1,1,1,0,3,80,,1,0,1,0,0,51.0,,,,1,1,1,1,6
202100007709,2021-11-13 17:30:00,2021,11,13,17,30,14,14121,D99,49.167353,-0.759602,Crépuscule ou aube,Hors agglomération,Hors intersection,Normale,Sans collision,3,2,2,0,2,3,6,0,1,80,,1,0,0,0,1,14.0,,,,2,1,1,1,7
202100007710,2021-11-17 18:50:00,2021,11,17,18,50,85,85051,Route départementale 137,46.700462,-1.060014,Nuit sans éclairage public,Hors agglomération,Hors intersection,Normale,Deux véhicules - frontale,3,2,2,0,1,3,1,0,1,80,,3,0,0,1,2,62.0,67.0,,,3,1,1,1,1
202100007711,2021-11-17 16:00:00,2021,11,17,16,0,37,37156,62 Rue Madeleine Vernet,47.3885348512,0.8459060267,Plein jour,En agglomération,Hors intersection,Normale,Autre collision,4,2,1,0,1,1,1,0,1,30,,2,1,0,1,0,79.0,,,,1,2,1,1,6