accident_id,datetime,annee,mois,jour,heure,minute,departement,commune_insee,adresse,latitude,longitude,luminosite,agglomeration,intersection,meteo,collision,catr,circ,nbv,vosp,prof,plan,surf,infra,situ,vma,nb_vehicules,nb_usagers,nb_indemnes,nb_tues,nb_blesses_hosp,nb_blesses_legers,age_cond_1,age_cond_2,veh_type_cond_1,veh_type_cond_2,lum_code,agg_code,int_code,atm_code,col_code
202100007712,2021-11-18 16:40:00,2021,11,18,16,40,30,30223,Route des Fumades,44.182689,4.183897,Plein jour,Hors agglomération,Intersection en T,Normale,Deux véhicules - arrière,3,2,2,0,1,1,1,0,1,80,,2,1,0,0,1,55.0,56.0,,,1,1,3,1,2
202100007713,2021-11-17 21:10:00,2021,11,17,21,10,52,52548,N67,48.229476,5.118771,Nuit sans éclairage public,Hors agglomération,Hors intersection,Brouillard / fumée,Autre collision,2,3,4,0,1,1,2,0,8,110,,1,0,0,0,1,19.0,,,,3,1,1,5,6
202100007714,2021-10-11 14:40:00,2021,10,11,14,40,88,88516,D165,48.192573,5.92685,Plein jour,Hors agglomération,Hors intersection,Normale,Sans collision,3,3,4,0,4,1,1,0,3,-1,,1,0,1,0,0,71.0,,,,1,1,1,1,7
202100007715,2021-11-17 09:12:00,2021,11,17,9,12,45,45281,"A 19, p.k 034.900",48.040558,3.033278,Plein jour,Hors agglomération,Hors intersection,Brouillard / fumée,Deux véhicules - côté,1,3,4,0,2,2,2,2,1,130,,3,0,0,1,2,39.0,72.0,,,1,1,1,5,3
202100007716,2021-11-18 01:45:00,2021,11,18,1,45,971,97103,Voie Verte,16.253298,-61.570736,Nuit sans éclairage public,En agglomération,Autre intersection,Normale,Autre collision,3,3,2,0,2,1,1,0,1,50,,1,0,0,1,0,25.0,,,,3,2,9,1,6
202100007717,2021-11-17 15:55:00,2021,11,17,15,55,971,97129,Nolivier,16.297855,-61.670943,Plein jour,Hors agglomération,Intersection en T,Normale,Deux véhicules - côté,2,2,2,0,1,1,1,0,1,70,,2,1,0,1,0,24.0,39.0,,,1,1,3,1,3
202100007718,2021-11-18 12:00:00,2021,11,18,12,0,977,97701,L'OEUF,17.907784,-62.84699,Plein jour,Hors agglomération,Intersection en Y,Temps éblouissant,Deux véhicules - côté,3,2,2,0,4,2,1,0,1,50,,2,1,0,0,1,30.0,41.0,,,1,1,4,7,3
202100007719,2021-11-17 20:15:00,2021,11,17,20,15,37,37091,18 Av du Colonel Jacques Soufflet,47.3356637867,0.9904915094,Nuit avec éclairage non allumé,En agglomération,Giratoire,Normale,Deux véhicules - côté,3,2,2,0,1,1,1,0,1,50,,2,1,0,0,1,43.0,44.0,,,4,2,6,1,3
202100007720,2021-11-17 13:20:00,2021,11,17,13,20,28,28054,D140,48.65627,1.42075,Plein jour,Hors agglomération,Hors intersection,Normale,Deux véhicules - frontale,3,2,2,0,1,3,1,0,8,80,,2,1,0,1,0,44.0,43.0,,,1,1,1,1,1
202100007721,2021-11-03 07:15:00,2021,11,3,7,15,91,91200,Chemin de Beaurepaire,48.525073,2.035735,Nuit avec éclairage allumé,En agglomération,Giratoire,Normale,Autre collision,4,2,2,0,3,1,1,6,1,30,,2,1,0,1,0,50.0,,,,5,2,6,1,6
202100007722,2021-11-11 16:05:00,2021,11,11,16,5,84,84141,Rue de Verdun,43.979004,4.902479,Plein jour,En agglomération,Hors intersection,Normale,Autre collision,4,1,1,0,4,1,1,0,1,50,,1,0,0,1,0,86.0,,,,1,2,1,1,6
202100007723,2021-11-18 05:30:00,2021,11,18,5,30,83,83023,DN 7,43.413631389,6.0493898392,Nuit sans éclairage public,Hors agglomération,Hors intersection,Normale,Deux véhicules - côté,3,2,2,0,1,1,1,0,1,80,,3,2,0,1,0,48.0,27.0,,,3,1,1,1,3
202100007724,2021-11-18 11:00:00,2021,11,18,11,0,52,52269,Avenue Jean Lepetz,47.857928,5.344677,Plein jour,En agglomération,Intersection en T,Normale,Sans collision,3,2,1,0,1,1,1,5,1,50,,1,0,0,1,0,48.0,,,,1,2,3,1,7
202100007725,2021-11-17 17:00:00,2021,11,17,17,0,88,88104,D1,48.3087554147,5.6902635098,Crépuscule ou aube,Hors agglomération,Intersection en X,Normale,Trois véhicules et plus - collisions multiples,3,2,2,0,1,1,1,0,1,90,,5,1,0,0,4,88.0,35.0,,,2,1,2,1,5
202100007726,2021-11-15 16:30:00,2021,11,15,16,30,07,07341,258 Rue Jacques Dupré,44.555106,4.4976639,Plein jour,En agglomération,Hors intersection,Normale,Autre collision,3,2,2,0,1,1,1,0,1,50,,2,1,0,1,0,40.0,,,,1,2,1,1,6
202100007727,2021-11-18 07:10:00,2021,11,18,7,10,01,01211,Route de Certines,46.118411,5.206519,Crépuscule ou aube,Hors agglomération,Hors intersection,Brouillard / fumée,Trois véhicules et plus - collisions multiples,3,2,2,0,1,1,1,0,1,80,,3,1,0,0,2,29.0,33.0,,,2,1,1,5,5
202100007728,2021-11-17 14:40:00,2021,11,17,14,40,81,81225,D988,43.919272,1.964622,Plein jour,Hors agglomération,Hors intersection,Normale,Deux véhicules - côté,3,-1,2,0,1,1,1,0,1,70,,2,1,0,0,1,44.0,21.0,,,1,1,1,1,3
202100007729,2021-11-18 20:40:00,2021,11,18,20,40,33,33554,,44.878517,-0.46672,Nuit avec éclairage allumé,Hors agglomération,Intersection en T,Normale,Deux véhicules - côté,3,2,2,0,2,1,1,0,1,70,,2,1,0,1,0,39.0,37.0,,,5,1,3,1,3
202100007730,2021-11-18 08:45:00,2021,11,18,8,45,85,85250,Avenue des Sables,46.564198,-1.714981,Plein jour,En agglomération,Intersection en X,Brouillard / fumée,Deux véhicules - côté,3,2,2,0,1,1,1,0,1,50,,2,1,0,1,0,61.0,15.0,,,1,2,2,5,3
202100007731,2021-11-10 07:58:00,2021,11,10,7,58,50,50348,N174,49.264994,-1.158757,Plein jour,Hors agglomération,Hors intersection,Normale,Deux véhicules - arrière,2,3,4,0,1,1,1,0,1,110,,3,2,0,0,1,52.0,47.0,,,1,1,1,1,2
202100007732,2021-11-17 13:30:00,2021,11,17,13,30,14,14244,D39,48.898553,-0.178818,Plein jour,Hors agglomération,Hors intersection,Normale,Deux véhicules - frontale,3,2,2,0,1,1,1,0,1,70,,2,1,0,0,1,28.0,48.0,,,1,1,1,1,1
202100007733,2021-11-17 18:15:00,2021,11,17,18,15,60,60010,D609,49.207,2.150145,Nuit sans éclairage public,Hors agglomération,Hors intersection,Normale,Autre collision,3,2,2,0,2,1,2,0,1,80,,1,0,0,0,1,57.0,,,,3,1,1,1,6
202100007734,2021-11-16 01:50:00,2021,11,16,1,50,62,62369,D950,50.332491,2.885993,Nuit sans éclairage public,Hors agglomération,Hors intersection,Pluie légère,Autre collision,3,3,4,0,1,3,2,0,3,110,,1,0,0,0,1,25.0,,,,3,1,1,2,6
202100007735,2021-11-17 18:30:00,2021,11,17,18,30,13,13106,A51-Sens Aix en Provence vers Marseille,43.406012,5.361142,Plein jour,Hors agglomération,Hors intersection,Normale,Deux véhicules - arrière,1,1,4,3,1,1,1,0,1,90,,3,2,0,0,1,59.0,24.0,,,1,1,1,1,2
202100007736,2021-11-09 11:10:00,2021,11,9,11,10,69,69271,RN346   34.850 A 36.215,45.7435882632,4.9882864952,Plein jour,Hors agglomération,Hors intersection,Normale,Deux véhicules - arrière,2,3,4,0,1,1,1,0,1,90,,2,1,0,0,1,60.0,63.0,,,1,1,1,1,2
202100007737,2021-11-13 17:30:00,2021,11,13,17,30,59,59262,AUTOROUTE A25,50.7796262723,2.6278942823,Crépuscule ou aube,Hors agglomération,Hors intersection,Pluie légère,Deux véhicules - arrière,1,3,4,0,1,1,2,0,1,110,,2,1,0,1,0,27.0,73.0,,,2,1,1,2,2
202100007738,2021-11-17 17:40:00,2021,11,17,17,40,91,91228,RN 104,48.612217,2.432189,Crépuscule ou aube,Hors agglomération,Hors intersection,Normale,Deux véhicules - côté,2,1,3,0,1,1,1,0,1,90,,2,0,0,0,2,33.0,46.0,,,2,1,1,1,3
202100007739,2021-11-17 09:05:00,2021,11,17,9,5,95,95212,RN 104,49.03346,2.54227,Plein jour,Hors agglomération,Hors intersection,Normale,Autre collision,2,1,1,0,1,2,1,0,1,50,,1,0,0,0,1,46.0,,,,1,1,1,1,6
202100007740,2021-11-17 08:30:00,2021,11,17,8,30,94,94074,RN406.W,48.7690354532,2.4499019295,Plein jour,Hors agglomération,Hors intersection,Pluie légère,Trois véhicules et plus - en chaîne,2,3,3,0,1,1,2,0,1,90,,3,2,0,0,1,53.0,36.0,,,1,1,1,2,4
202100007741,2021-11-17 06:15:00,2021,11,17,6,15,94,94028,A86 INT,48.7909200219,2.4408531189,Nuit sans éclairage public,Hors agglomération,Hors intersection,Pluie légère,Deux véhicules - arrière,1,3,3,0,1,1,2,0,8,90,,2,1,0,0,1,45.0,22.0,,,3,1,1,2,2
202100007742,2021-11-16 01:50:00,2021,11,16,1,50,35,35238,MONNAIE ( DE LA),48.11019,-1.68457,Nuit avec éclairage allumé,En agglomération,Intersection en Y,Normale,Autre collision,4,1,1,0,1,1,1,6,1,20,,2,1,0,0,1,,,,,5,2,4,1,6
202100007743,2021-11-16 13:00:00,2021,11,16,13,0,75,75112,PONT D AUSTERLITZ,48.845822,2.367658,Plein jour,En agglomération,Intersection en X,Normale,Deux véhicules - côté,4,2,5,3,1,1,1,-1,6,30,,2,1,0,0,1,27.0,28.0,,,1,2,2,1,3
202100007744,2021-11-14 11:25:00,2021,11,14,11,25,54,54395,VILLERS (RUE DE),48.6847,6.16619,Plein jour,En agglomération,Hors intersection,Normale,Autre collision,4,1,1,2,1,1,1,0,1,30,,2,1,0,0,1,15.0,,,,1,2,1,1,6
202100007745,2021-08-24 11:45:00,2021,8,24,11,45,75,75116,RUE BOISSIERE,48.867298,2.289106,Plein jour,En agglomération,Hors intersection,Normale,Autre collision,4,1,1,0,2,1,1,0,4,30,,2,0,1,0,1,58.0,,,,1,2,1,1,6
202100007746,2021-11-16 10:46:00,2021,11,16,10,46,976,97611,cavani-Cavani Massimoni rue de,-12.78219,45.22054,Plein jour,En agglomération,Hors intersection,Normale,Autre collision,4,2,2,0,2,2,1,9,1,30,,2,1,0,0,1,33.0,,,,1,2,1,1,6
202100007747,2021-07-31 12:35:00,2021,7,31,12,35,976,97611,passamanty-Sada ( rue de ),-12.80442,45.21112,Plein jour,En agglomération,Giratoire,Normale,Deux véhicules - arrière,2,2,2,0,1,1,1,0,1,50,,3,1,0,0,2,19.0,36.0,,,1,2,6,1,2
202100007748,2021-11-16 06:35:00,2021,11,16,6,35,974,97416,ANCIENNE RN 1,-21.3139508176,55.4398155208,Plein jour,Hors agglomération,Intersection en T,Normale,Deux véhicules - côté,4,2,2,0,2,1,1,0,1,50,,2,1,0,0,1,51.0,58.0,,,1,1,3,1,3
202100007749,2021-11-14 20:25:00,2021,11,14,20,25,974,97407,TAMATAVE (BOULEVARD),-20.93,55.301,Nuit sans éclairage public,En agglomération,Intersection en T,Normale,Deux véhicules - côté,4,2,2,0,1,1,1,0,1,50,,5,4,0,0,1,38.0,21.0,,,3,2,3,1,3
202100007750,2021-11-16 14:40:00,2021,11,16,14,40,973,97302,ZEPHIR (ROCADE),4.9358330276,-52.3077292443,Plein jour,En agglomération,Autre intersection,Normale,Deux véhicules - côté,3,2,2,2,1,1,1,0,1,50,,3,1,0,0,2,23.0,61.0,,,1,2,9,1,3
202100007751,2021-11-16 23:35:00,2021,11,16,23,35,69,69387,CREUZET (R),45.75052,4.84626,Nuit avec éclairage allumé,En agglomération,Intersection en X,Normale,Autre collision,4,1,1,0,1,1,1,0,1,50,,2,1,0,0,1,,,,,5,2,2,1,6
202100007752,2021-11-16 17:50:00,2021,11,16,17,50,69,69388,PROFESSEUR TAVERNIER (DU) (R),45.7289338511,4.8667126894,Nuit avec éclairage allumé,En agglomération,Intersection en T,Normale,Deux véhicules - côté,4,2,2,0,1,1,1,0,4,50,,3,2,0,0,1,15.0,22.0,,,5,2,3,1,3
202100007753,2021-11-16 11:50:00,2021,11,16,11,50,69,69383,FEUILLAT (R),45.74978,4.87572,Plein jour,En agglomération,Intersection en X,Normale,Autre collision,4,2,2,0,1,1,1,5,1,50,,2,1,0,0,1,23.0,,,,1,2,2,1,6
202100007754,2021-11-15 18:10:00,2021,11,15,18,10,972,97209,CHATEAUBOEUF (ROUTE DE),14.6155,-61.0508,Nuit avec éclairage allumé,En agglomération,Hors intersection,Pluie légère,Autre collision,3,2,4,0,1,1,2,0,1,50,,2,1,0,1,0,56.0,,,,5,2,1,2,6
202100007755,2021-11-16 13:00:00,2021,11,16,13,0,972,97209,BISHOP (Avenue Maurice),14.61063,-61.05456,Plein jour,Hors agglomération,Hors intersection,Normale,Sans collision,4,2,6,3,1,1,1,9,6,30,,1,0,0,1,0,20.0,,,,1,1,1,1,7
202100007756,2021-11-16 11:55:00,2021,11,16,11,55,972,97209,REDOUTE DU MATOUBA (RUE DE LA ),14.60603,-61.06595,Plein jour,En agglomération,Intersection en T,Normale,Autre collision,4,1,1,0,1,1,1,0,1,30,,2,1,0,0,1,57.0,,,,1,2,3,1,6
202100007757,2021-11-16 10:45:00,2021,11,16,10,45,69,69389,ST CYR (DE) (R),45.78825,4.80885,Plein jour,En agglomération,Autre intersection,Normale,Autre collision,4,2,3,2,2,1,1,9,6,50,,1,0,0,0,1,84.0,,,,1,2,9,1,6
202100007758,2021-11-15 11:45:00,2021,11,15,11,45,69,69034,ST CLAIR (DE) (GR),45.7897,4.8564,Plein jour,En agglomération,Hors intersection,Normale,Deux véhicules - côté,4,1,1,0,1,1,1,0,4,50,,2,1,0,0,1,47.0,49.0,,,1,2,1,1,3
202100007759,2021-11-12 03:10:00,2021,11,12,3,10,69,69385,MARECHAL JUIN (PT),45.76326,4.82944,Nuit avec éclairage allumé,En agglomération,Autre intersection,Brouillard / fumée,Sans collision,4,1,1,0,1,3,1,2,1,50,,1,0,0,0,1,25.0,,,,5,2,9,5,7
202100007760,2021-11-15 07:20:00,2021,11,15,7,20,2B,2B037,MARANA (ROUTE),42.62422,9.47056,Crépuscule ou aube,Hors agglomération,Hors intersection,Pluie légère,Sans collision,4,2,3,0,1,2,2,0,3,70,,2,0,0,2,0,20.0,,,,2,1,1,2,7
202100007761,2021-11-16 18:35:00,2021,11,16,18,35,2A,2A004,MEZZAVIA ROUTE DE,41.94624,8.76825,Nuit avec éclairage allumé,En agglomération,Hors intersection,Normale,Deux véhicules - côté,3,-1,2,0,2,1,1,0,1,50,,2,1,0,0,1,40.0,51.0,,,5,2,1,1,3
202100007762,2021-11-14 15:45:00,2021,11,14,15,45,95,95555,CASANOVA (AVENUE DANIELLE),48.9722256274,2.2889605506,Plein jour,En agglomération,Hors intersection,Normale,Autre collision,3,2,2,0,1,1,1,0,1,30,,2,1,1,0,0,21.0,,,,1,2,1,1,6
202100007763,2021-11-17 00:55:00,2021,11,17,0,55,88,88383,RUE JANNY,48.016569,6.592572,Nuit avec éclairage allumé,En agglomération,Intersection en X,Pluie légère,Deux véhicules - côté,4,2,2,0,1,1,2,0,1,30,,2,1,0,1,0,23.0,34.0,,,5,2,2,2,3
202100007764,2021-11-16 12:32:00,2021,11,16,12,32,87,87085,BEAUBREUIL (AVENUE DE),45.87583,1.30129,Plein jour,En agglomération,Hors intersection,Normale,Deux véhicules - arrière,4,1,2,0,1,2,1,0,1,50,,2,1,0,0,1,50.0,46.0,,,1,2,1,1,2
202100007765,2021-11-16 07:54:00,2021,11,16,7,54,87,87085,LEBON (RUE PHILIPPE),45.87843,1.27594,Nuit avec éclairage allumé,En agglomération,Intersection en T,Normale,Deux véhicules - côté,4,2,3,0,1,1,1,5,1,50,,2,1,0,0,1,56.0,16.0,,,5,2,3,1,3
202100007766,2021-11-15 17:50:00,2021,11,15,17,50,87,87085,RN520,45.89082,1.27757,Plein jour,Hors agglomération,Hors intersection,Pluie légère,Trois véhicules et plus - en chaîne,2,2,2,0,1,1,2,0,1,90,,3,2,0,0,1,21.0,29.0,,,1,1,1,2,4
202100007767,2021-11-16 18:30:00,2021,11,16,18,30,85,85191,TOURNEFOU,46.648279,-1.434813,Crépuscule ou aube,En agglomération,Giratoire,Normale,Autre collision,4,1,2,0,1,2,1,5,1,50,,2,1,0,1,0,59.0,,,,2,2,6,1,6
202100007768,2021-11-16 16:00:00,2021,11,16,16,0,83,83137,GOURAUD (AVE GENERAL),43.13386,5.91695,Plein jour,En agglomération,Autre intersection,Normale,Deux véhicules - côté,7,2,2,0,1,1,1,0,1,50,,2,1,0,0,1,35.0,46.0,,,1,2,9,1,3
202100007769,2021-11-11 08:40:00,2021,11,11,8,40,83,83129,,43.0934,5.8446,Plein jour,En agglomération,Giratoire,Normale,Deux véhicules - côté,7,3,1,0,1,1,2,0,1,50,,2,1,0,1,0,62.0,62.0,,,1,2,6,1,3
202100007770,2021-11-15 11:10:00,2021,11,15,11,10,83,83034,RUE DES 3 PINS,43.09679,6.06844,Plein jour,En agglomération,Hors intersection,Pluie légère,Deux véhicules - côté,7,2,2,1,1,3,2,0,1,50,,2,1,0,0,1,43.0,77.0,,,1,2,1,2,3
202100007771,2021-11-03 06:55:00,2021,11,3,6,55,83,83141,D 1555(SORTIE VILLAGE VERS DRAGUIGNAN),43.50878,6.48145,Crépuscule ou aube,En agglomération,Giratoire,Normale,Deux véhicules - côté,3,2,4,0,1,1,1,9,1,70,,2,1,0,1,0,22.0,33.0,,,2,2,6,1,3
202100007772,2021-11-15 08:45:00,2021,11,15,8,45,80,80724,RN1029,49.85982,2.2093,Plein jour,Hors agglomération,Hors intersection,Temps couvert,Trois véhicules et plus - en chaîne,3,2,2,0,1,1,1,0,1,80,,5,3,0,0,2,33.0,18.0,,,1,1,1,8,4
202100007773,2021-11-13 16:45:00,2021,11,13,16,45,80,80021,GRACE (RUE DE),49.9112,2.25499,Plein jour,En agglomération,Giratoire,Normale,Deux véhicules - frontale,3,2,2,0,1,1,1,0,1,50,,2,1,0,0,1,55.0,20.0,,,1,2,6,1,1
202100007774,2021-11-15 19:10:00,2021,11,15,19,10,79,79265,,46.98653,-0.16588,Nuit sans éclairage public,Hors agglomération,Hors intersection,Normale,Deux véhicules - frontale,3,2,2,0,1,1,1,0,1,80,,3,0,0,0,3,29.0,20.0,,,3,1,1,1,1
202100007775,2021-11-16 19:03:00,2021,11,16,19,3,78,78440,RENOIR (RUE),48.99895,1.91723,Nuit avec éclairage allumé,En agglomération,Intersection en T,Pluie légère,Autre collision,3,2,2,0,1,1,2,0,1,50,,3,1,0,0,2,58.0,,,,5,2,3,2,6
202100007776,2021-11-15 09:50:00,2021,11,15,9,50,78,78029,AVENUE DE L'UNION,48.961455,1.857959,Plein jour,En agglomération,Giratoire,Temps couvert,Deux véhicules - côté,3,1,2,0,1,1,1,0,1,10,,2,1,0,0,1,81.0,47.0,,,1,2,6,8,3
202100007777,2021-11-16 17:10:00,2021,11,16,17,10,78,78172,AMBASSADEUR (RUE DE L'),49.01212,2.09034,Crépuscule ou aube,En agglomération,Hors intersection,Normale,Autre collision,6,-1,0,0,1,1,1,9,8,30,,2,1,0,1,0,40.0,,,,2,2,1,1,6
202100007778,2021-11-15 16:05:00,2021,11,15,16,5,77,77139,D84,48.92433,2.60422,Plein jour,Hors agglomération,Intersection en T,Normale,Deux véhicules - côté,3,-1,1,0,1,1,1,0,1,50,,2,1,0,1,0,60.0,20.0,,,1,1,3,1,3
202100007779,2021-11-15 21:00:00,2021,11,15,21,0,76,76540,MARNE. BOULEVARD DE LA,49.44717,1.09357,Nuit avec éclairage allumé,En agglomération,Intersection en X,Normale,Deux véhicules - frontale,7,2,6,3,3,1,1,-1,1,50,,2,1,0,1,0,41.0,21.0,,,5,2,2,1,1
202100007780,2021-11-14 03:20:00,2021,11,14,3,20,76,76231,HENRI. RUE,49.290696,1.009738,Nuit avec éclairage allumé,En agglomération,Intersection en X,Pluie légère,Deux véhicules - frontale,7,2,3,0,1,1,2,0,1,50,,5,0,0,3,0,,,,,5,2,2,2,1
202100007781,2021-11-15 14:05:00,2021,11,15,14,5,74,74010,BROGNY (AVENUE DE) (SECTEUR 330),45.9193,6.1257,Plein jour,En agglomération,Intersection en T,Temps couvert,Autre collision,3,-1,2,0,1,1,1,5,1,50,,2,1,0,0,1,49.0,,,,1,2,3,8,6
202100007782,2021-11-16 11:50:00,2021,11,16,11,50,69,69264,RIOTTIER (DE) (RTE),45.9796050874,4.7337770462,Plein jour,Hors agglomération,Hors intersection,Temps couvert,Deux véhicules - frontale,4,2,2,0,1,1,1,0,1,50,,2,1,0,0,1,27.0,76.0,,,1,1,1,8,1
202100007783,2021-11-14 11:14:00,2021,11,14,11,14,68,68224,AUTOROUTE A 36,47.7630654005,7.3186647892,Plein jour,En agglomération,Hors intersection,Normale,Deux véhicules - côté,1,1,1,0,2,2,1,9,1,50,,2,1,0,1,0,28.0,24.0,,,1,2,1,1,3
202100007784,2021-11-05 17:47:00,2021,11,5,17,47,68,68066,LIBERTE (AVENUE DE LA),48.07497,7.34451,Nuit avec éclairage allumé,En agglomération,Autre intersection,Normale,Deux véhicules - côté,3,1,1,1,1,1,1,0,5,50,,2,1,0,0,1,46.0,67.0,,,5,2,9,1,3
202100007785,2021-11-16 08:30:00,2021,11,16,8,30,67,67447,PAIX (RUE DE LA),48.6052883252,7.7400666475,Crépuscule ou aube,En agglomération,Hors intersection,Temps couvert,Trois véhicules et plus - en chaîne,7,2,2,0,1,1,1,0,1,30,,3,1,0,0,2,47.0,60.0,,,2,2,1,8,4
202100007786,2021-11-10 06:10:00,2021,11,10,6,10,67,67482,NEUHOF (ROUTE),48.54618,7.76561,Nuit avec éclairage allumé,En agglomération,Intersection en T,Normale,Deux véhicules - côté,4,3,3,0,1,1,1,0,1,50,,2,1,0,0,1,25.0,43.0,,,5,2,3,1,3
202100007787,2021-11-09 10:50:00,2021,11,9,10,50,67,67267,SOUVENIR (RUE DU),48.55414,7.6822,Plein jour,En agglomération,Hors intersection,Temps éblouissant,Autre collision,4,2,2,0,2,1,1,0,1,30,,1,0,0,0,1,90.0,,,,1,2,1,7,6
202100007788,2021-11-08 14:00:00,2021,11,8,14,0,67,67482,NEUHOF (ROUTE),48.55362,7.76645,Plein jour,En agglomération,Hors intersection,Normale,Autre collision,4,2,2,1,1,1,1,0,5,50,,2,0,0,0,2,49.0,,,,1,2,1,1,6
202100007789,2021-11-08 09:45:00,2021,11,8,9,45,67,67365,23 NOVEMBRE (RUE DU),48.5343019593,7.6988625526,Plein jour,En agglomération,Giratoire,Normale,Deux véhicules - côté,7,3,2,0,1,3,1,5,1,50,,2,1,0,0,1,30.0,26.0,,,1,2,6,1,3
202100007790,2021-11-16 10:25:00,2021,11,16,10,25,66,66136,KENNEDY (BD JOHN-FITZGERALD),42.68984,2.90377,Plein jour,En agglomération,Hors intersection,Normale,Autre collision,4,3,4,0,1,1,1,0,1,50,,1,0,1,0,0,74.0,,,,1,2,1,1,6
202100007791,2021-11-15 18:15:00,2021,11,15,18,15,66,66136,TORCATIS (AVENUE LOUIS),42.70221,2.88259,Nuit avec éclairage allumé,En agglomération,Intersection en T,Normale,Deux véhicules - côté,4,2,2,0,1,1,1,0,1,30,,2,1,0,0,1,37.0,16.0,,,5,2,3,1,3
202100007792,2021-11-16 08:15:00,2021,11,16,8,15,64,64122,DASSAULT MARCEL (BD),43.45701,-1.55063,Plein jour,En agglomération,Hors intersection,Pluie légère,Deux véhicules - arrière,4,2,2,0,2,1,2,0,1,30,,2,1,0,0,1,36.0,17.0,,,1,2,1,2,2
202100007793,2021-11-12 18:20:00,2021,11,12,18,20,64,64122,Rue Guy Petit,43.47839,-1.55539,Nuit avec éclairage allumé,En agglomération,Hors intersection,Normale,Deux véhicules - côté,4,2,2,0,1,1,1,0,1,50,,2,1,0,1,0,60.0,51.0,,,5,2,1,1,3
202100007794,2021-11-10 15:20:00,2021,11,10,15,20,62,62119,BOUTLEUX ( RUE ),50.53001,2.63538,Plein jour,En agglomération,Hors intersection,Normale,Autre collision,4,2,2,0,2,1,1,9,1,50,,2,1,0,1,0,20.0,,,,1,2,1,1,6
202100007795,2021-11-16 07:07:00,2021,11,16,7,7,59,59599,GRAMME (CHAUSSEE),50.73671,3.17,Nuit sans éclairage public,En agglomération,Hors intersection,Normale,Autre collision,7,3,4,0,1,1,1,0,1,50,,2,1,0,1,0,45.0,,,,3,2,1,1,6
202100007796,2021-11-04 22:30:00,2021,11,4,22,30,59,59350,SOLFERINO RUE N°1 - 159,50.6325934047,3.0522062542,Nuit avec éclairage allumé,En agglomération,Intersection en X,Normale,Autre collision,4,-1,1,0,1,1,1,0,1,30,,4,3,0,0,1,34.0,,,,5,2,2,1,6
202100007797,2021-11-08 19:00:00,2021,11,8,19,0,58,58194,DOCKS,46.9924,3.1489,Crépuscule ou aube,En agglomération,Giratoire,Normale,Deux véhicules - côté,3,1,1,0,1,2,1,0,1,30,,2,1,0,0,1,47.0,,,,2,2,6,1,3
202100007798,2021-11-15 14:45:00,2021,11,15,14,45,56,56098,BOLLARDIERE (RUE  GEN. DE ),47.77775,-3.34077,Plein jour,En agglomération,Hors intersection,Normale,Deux véhicules - arrière,3,2,2,0,2,1,1,0,1,50,,2,1,0,0,1,26.0,58.0,,,1,2,1,1,2
202100007799,2021-11-15 09:30:00,2021,11,15,9,30,56,56121,BOLLARDIERE (RUE  GENERAL DE ),47.75267,-3.3913,Plein jour,En agglomération,Giratoire,Normale,Deux véhicules - côté,4,1,1,0,4,1,1,5,1,30,,2,1,0,0,1,62.0,29.0,,,1,2,6,1,3
202100007800,2021-11-09 18:45:00,2021,11,9,18,45,56,56098,DIX HUIT JUIN 1940 (ROND-POINT DU),47.76594,-3.32944,Nuit avec éclairage allumé,En agglomération,Giratoire,Normale,Deux véhicules - frontale,3,1,1,0,1,2,1,5,1,50,,2,1,0,0,1,55.0,19.0,,,5,2,6,1,1
202100007801,2021-11-11 01:12:00,2021,11,11,1,12,54,54395,KRUG (RUE ALFRED),48.67989,6.2008,Nuit sans éclairage public,En agglomération,Hors intersection,Normale,Sans collision,4,2,1,1,1,1,1,0,5,-1,,1,0,1,0,0,42.0,,,,3,2,1,1,7
202100007802,2021-11-16 09:28:00,2021,11,16,9,28,54,54547,MORVAN (RUE DU),48.65046,6.14794,Plein jour,En agglomération,Intersection en X,Pluie légère,Deux véhicules - côté,4,2,2,0,1,1,2,0,1,50,,2,1,0,0,1,30.0,23.0,,,1,2,2,2,3
202100007803,2021-11-12 19:15:00,2021,11,12,19,15,54,54184,BRIGACHTAL (AVENUE DE),48.708033,6.243483,Nuit avec éclairage allumé,En agglomération,Giratoire,Brouillard / fumée,Deux véhicules - côté,4,2,4,1,1,1,1,0,1,70,,2,1,0,0,1,48.0,24.0,,,5,2,6,5,3
202100007804,2021-11-11 11:32:00,2021,11,11,11,32,54,54304,RESISTANCE (AV. DE LA -IMPAIR-),48.6944913852,6.1289528757,Plein jour,En agglomération,Hors intersection,Normale,Deux véhicules - côté,4,2,4,0,1,1,1,0,1,50,,4,2,0,0,2,22.0,57.0,,,1,2,1,1,3
202100007805,2021-11-10 11:40:00,2021,11,10,11,40,54,54395,AIGUILLETTES  (BD 5A A 17A),48.667381,6.16413,Plein jour,En agglomération,Hors intersection,Normale,Deux véhicules - côté,4,2,4,0,1,1,1,0,1,50,,6,5,0,0,1,32.0,37.0,,,1,2,1,1,3
202100007806,2021-11-12 10:45:00,2021,11,12,10,45,54,54159,ROSIERES (AVENUE DE),48.61495,6.35287,Plein jour,En agglomération,Intersection en X,Normale,Deux véhicules - côté,3,2,2,0,2,1,1,0,1,50,,2,1,0,0,1,41.0,48.0,,,1,2,2,1,3
202100007807,2021-11-15 06:30:00,2021,11,15,6,30,53,53130,PARIS ( RUE DE ),48.07117,-0.76535,Nuit avec éclairage allumé,En agglomération,Hors intersection,Normale,Autre collision,4,2,2,0,1,1,1,9,1,30,,2,1,0,1,0,29.0,,,,5,2,1,1,6