accident_id,datetime,annee,mois,jour,heure,minute,departement,commune_insee,adresse,latitude,longitude,luminosite,agglomeration,intersection,meteo,collision,catr,circ,nbv,vosp,prof,plan,surf,infra,situ,vma,nb_vehicules,nb_usagers,nb_indemnes,nb_tues,nb_blesses_hosp,nb_blesses_legers,age_cond_1,age_cond_2,veh_type_cond_1,veh_type_cond_2,lum_code,agg_code,int_code,atm_code,col_code
202100007808,2021-11-13 14:00:00,2021,11,13,14,0,50,50602,EST (BOULEVARD DE L'),49.63658,-1.59615,Plein jour,En agglomération,Giratoire,Normale,Deux véhicules - côté,3,3,4,1,1,2,1,5,1,50,,2,1,0,0,1,22.0,58.0,,,1,2,6,1,3
202100007809,2021-11-15 07:56:00,2021,11,15,7,56,49,49007,PARMENTIER,47.45339,-0.51954,Crépuscule ou aube,En agglomération,Hors intersection,Normale,Deux véhicules - côté,4,2,2,0,1,1,2,0,1,50,,2,1,0,0,1,41.0,63.0,,,2,2,1,1,3
202100007810,2021-11-16 20:30:00,2021,11,16,20,30,45,45302,CHARTRES (ANCIENNE ROUTE DE),47.97028,1.86231,Nuit sans éclairage public,Hors agglomération,Hors intersection,Pluie légère,Deux véhicules - frontale,7,2,2,0,1,1,2,0,1,80,,2,1,0,0,1,48.0,35.0,,,3,1,1,2,1
202100007811,2021-11-15 16:00:00,2021,11,15,16,0,42,42218,Avenue de Rochetaillée,45.418422,4.399888,Plein jour,En agglomération,Intersection en T,Pluie forte,Autre collision,4,2,2,0,1,1,2,0,1,50,,2,1,1,0,0,80.0,,,,1,2,3,3,6
202100007812,2021-11-11 08:00:00,2021,11,11,8,0,42,42189,M201 - Rocade Ouest,45.42956,4.34892,Plein jour,Hors agglomération,Hors intersection,Temps éblouissant,Trois véhicules et plus - en chaîne,7,3,2,0,2,2,1,0,1,90,,4,0,0,0,4,33.0,30.0,,,1,1,1,7,4
202100007813,2021-11-16 08:30:00,2021,11,16,8,30,38,38544,Rue des Guillemottes,45.53479,4.88642,Plein jour,En agglomération,Hors intersection,Temps couvert,Autre collision,4,2,2,0,2,1,1,0,1,50,,2,1,0,0,1,23.0,,,,1,2,1,8,6
202100007814,2021-11-16 17:20:00,2021,11,16,17,20,35,35238,LECLERC (AVENUE DU GENERAL),48.11469,-1.6564,Crépuscule ou aube,En agglomération,Hors intersection,Normale,Deux véhicules - côté,4,-1,1,1,1,1,1,0,5,50,,3,2,0,0,1,21.0,27.0,,,2,2,1,1,3
202100007815,2021-11-16 17:15:00,2021,11,16,17,15,35,35238,CHATEAUGIRON (DE),48.097888,-1.643097,Plein jour,En agglomération,Autre intersection,Normale,Deux véhicules - côté,4,2,6,1,1,1,1,0,4,50,,2,1,0,0,1,21.0,24.0,,,1,2,9,1,3
202100007816,2021-11-16 18:35:00,2021,11,16,18,35,33,33281,Avenue François Mitterrand,44.81371,-0.69012,Nuit sans éclairage public,En agglomération,Hors intersection,Normale,Trois véhicules et plus - en chaîne,4,2,2,0,1,1,1,0,1,80,,3,2,0,0,1,54.0,71.0,,,3,2,1,1,4
202100007817,2021-11-16 09:45:00,2021,11,16,9,45,33,33318,Avenue Léon Duguit,44.8002,-0.61021,Plein jour,En agglomération,Hors intersection,Normale,Autre collision,4,2,2,0,1,1,1,0,1,50,,2,1,0,0,1,61.0,,,,1,2,1,1,6
202100007818,2021-11-15 10:55:00,2021,11,15,10,55,33,33318,Avenue Roger Chaumet,44.7975,-0.64157,Plein jour,En agglomération,Intersection en T,Normale,Deux véhicules - côté,4,2,2,2,1,2,1,0,1,50,,2,1,0,0,1,77.0,53.0,,,1,2,3,1,3
202100007819,2021-11-15 11:14:00,2021,11,15,11,14,33,33550,Avenue Mirieu de Labarre,44.78285,-0.53689,Plein jour,En agglomération,Hors intersection,Normale,Deux véhicules - frontale,4,2,1,0,1,1,1,0,1,50,,3,2,0,0,1,43.0,59.0,,,1,2,1,1,1
202100007820,2021-11-16 19:15:00,2021,11,16,19,15,31,31555,BD SILVIO TRENTIN,43.6256,1.43109,Nuit avec éclairage allumé,En agglomération,Intersection en X,Pluie légère,Deux véhicules - côté,4,2,2,0,1,1,2,5,1,50,,2,1,0,0,1,41.0,22.0,,,5,2,2,2,3
202100007821,2021-11-16 09:05:00,2021,11,16,9,5,31,31555,RUE RENE SENTENAC,43.60935,1.37926,Plein jour,En agglomération,Hors intersection,Temps couvert,Autre collision,4,2,1,0,1,1,1,0,4,50,,1,0,0,0,1,69.0,,,,1,2,1,8,6
202100007822,2021-11-15 18:10:00,2021,11,15,18,10,30,30028,ROUTE DE PONT SAINT ESPRIT,44.1768301374,4.6198140979,Nuit avec éclairage allumé,En agglomération,Giratoire,Normale,Deux véhicules - arrière,2,3,1,0,1,1,1,5,1,50,,3,2,0,0,1,20.0,61.0,,,5,2,6,1,2
202100007823,2021-10-20 14:30:00,2021,10,20,14,30,29,29019,Rue Blaveau,48.3825184028,-4.4853374362,Plein jour,En agglomération,Intersection en T,Normale,Deux véhicules - côté,4,2,2,0,1,1,1,5,1,50,,2,1,0,0,1,74.0,37.0,,,1,2,3,1,3
202100007824,2021-11-16 17:05:00,2021,11,16,17,5,27,27229,ALLENDE (BOULEVARD DU PRESIDENT),49.00344,1.14809,Nuit avec éclairage non allumé,En agglomération,Intersection en X,Pluie légère,Deux véhicules - côté,4,2,1,0,1,2,2,0,1,70,,3,2,0,0,1,58.0,27.0,,,4,2,2,2,3
202100007825,2021-11-16 14:55:00,2021,11,16,14,55,27,27229,MOULIN (RUE JEAN),49.01667,1.1534,Plein jour,En agglomération,Hors intersection,Pluie légère,Deux véhicules - arrière,4,2,3,0,2,1,2,0,1,50,,3,2,0,0,1,24.0,47.0,,,1,2,1,2,2
202100007826,2021-11-09 08:40:00,2021,11,9,8,40,27,27229,POTIER (CHEMIN),49.0023976,1.1284504,Plein jour,En agglomération,Hors intersection,Normale,Trois véhicules et plus - en chaîne,4,2,2,0,1,1,1,0,1,50,,4,2,0,0,2,43.0,35.0,,,1,2,1,1,4
202100007827,2021-11-16 18:30:00,2021,11,16,18,30,22,22360,CROIX GIBAT (RUE DE LA),48.4776554236,-2.7224120591,Nuit sans éclairage public,Hors agglomération,Autre intersection,Normale,Deux véhicules - arrière,3,1,0,0,2,1,1,5,1,50,,2,1,0,0,1,35.0,57.0,,,3,1,9,1,2
202100007828,2021-11-06 13:35:00,2021,11,6,13,35,14,14715,Boulevard d’Hautpoul,49.36302,0.08567,Plein jour,En agglomération,Hors intersection,Normale,Autre collision,3,2,1,0,2,3,1,0,1,50,,3,2,0,0,1,65.0,32.0,,,1,2,1,1,6
202100007829,2021-11-16 19:00:00,2021,11,16,19,0,13,13212,POILUS (AVENUE DES),43.31342,5.46347,Nuit avec éclairage allumé,En agglomération,Hors intersection,Normale,Deux véhicules - côté,7,2,3,0,1,1,1,0,1,50,,3,1,0,0,2,28.0,,,,5,2,1,1,3
202100007830,2021-11-16 16:40:00,2021,11,16,16,40,13,13202,SAINT JEAN (AVENUE DE),43.29639,5.36573,Crépuscule ou aube,En agglomération,Hors intersection,Normale,Deux véhicules - côté,4,2,2,0,2,1,1,0,1,50,,2,1,0,0,1,40.0,,,,2,2,1,1,3
202100007831,2021-10-13 05:00:00,2021,10,13,5,0,13,13205,GEORGE (RUE),43.29572,5.39786,Nuit avec éclairage allumé,En agglomération,Autre intersection,Normale,Deux véhicules - frontale,4,2,2,0,1,1,1,0,1,50,,2,1,0,1,0,56.0,57.0,,,5,2,9,1,1
202100007832,2021-11-15 09:00:00,2021,11,15,9,0,13,13203,GENERAL LECLERC (AVENUE DU),43.3040099923,5.3775394753,Crépuscule ou aube,En agglomération,Intersection en T,Pluie légère,Deux véhicules - côté,4,2,2,0,2,2,2,5,1,50,,3,1,0,0,2,30.0,64.0,,,2,2,3,2,3
202100007833,2021-11-16 17:30:00,2021,11,16,17,30,13,13005,SALENGRO (AVENUE ROGER),43.2997678741,5.569346336,Plein jour,En agglomération,Hors intersection,Normale,Deux véhicules - côté,4,2,2,0,3,1,1,0,1,50,,2,0,0,0,2,42.0,27.0,,,1,2,1,1,3
202100007834,2021-11-08 08:56:00,2021,11,8,8,56,12,12202,BELLE ISLE (BOULEVARD),44.35278,2.57773,Crépuscule ou aube,En agglomération,Intersection en Y,Normale,Autre collision,4,1,2,0,2,2,1,5,1,50,,2,1,0,0,1,,,,,2,2,4,1,6
202100007835,2021-11-12 15:40:00,2021,11,12,15,40,12,12145,GANDALOUS (CHEMIN DE),44.10936,3.06338,Plein jour,En agglomération,Hors intersection,Temps éblouissant,Deux véhicules - côté,4,2,2,0,2,3,1,0,1,50,,2,0,0,0,2,59.0,40.0,,,1,2,1,7,3
202100007836,2021-11-16 06:00:00,2021,11,16,6,0,12,12100,RD 840 (AXE BRIVE MEDITERRANEE),44.5283840684,2.3270151615,Nuit avec éclairage allumé,En agglomération,Hors intersection,Normale,Deux véhicules - côté,3,2,2,0,2,1,1,0,1,70,,2,1,0,0,1,26.0,29.0,,,5,2,1,1,3
202100007837,2021-11-03 19:00:00,2021,11,3,19,0,11,11069,BARBES BD IMPAIR,43.21034,2.3502,Nuit avec éclairage allumé,En agglomération,Hors intersection,Pluie légère,Deux véhicules - arrière,4,1,2,0,1,1,2,0,1,50,,4,2,0,1,1,20.0,36.0,,,5,2,1,2,2
202100007838,2021-11-15 14:00:00,2021,11,15,14,0,10,10362,GENERAL GALLIENI (RUE DU),48.29392,4.05452,Plein jour,En agglomération,Hors intersection,Temps couvert,Deux véhicules - arrière,4,2,2,0,1,1,1,0,1,50,,3,2,0,0,1,37.0,56.0,,,1,2,1,8,2
202100007839,2021-11-15 12:40:00,2021,11,15,12,40,10,10362,ROCADE OUEST (RD 610),48.30248,4.02826,Plein jour,Hors agglomération,Autre intersection,Pluie légère,Deux véhicules - côté,3,1,2,0,1,3,2,5,1,50,,2,1,0,0,1,31.0,31.0,,,1,1,9,2,3
202100007840,2021-11-15 12:30:00,2021,11,15,12,30,10,10387,VOLTAIRE (RUE),48.2948,4.0641,Plein jour,En agglomération,Intersection en T,Normale,Deux véhicules - côté,4,2,2,0,1,1,1,5,1,50,,2,1,0,0,1,49.0,49.0,,,1,2,3,1,3
202100007841,2021-11-15 11:29:00,2021,11,15,11,29,05,05061,LIBERATION ( BD DE LA ),44.5612,6.07969,Plein jour,En agglomération,Intersection en T,Temps couvert,Deux véhicules - côté,3,1,2,0,1,2,1,0,1,50,,2,1,0,0,1,61.0,68.0,,,1,2,3,8,3
202100007842,2021-11-15 02:25:00,2021,11,15,2,25,05,05061,GARENNES (CHEMIN DES),44.57395,6.05157,Nuit sans éclairage public,En agglomération,Hors intersection,Normale,Autre collision,4,2,1,0,2,4,9,0,8,50,,2,0,0,1,1,25.0,,,,3,2,1,1,6
202100007843,2021-11-16 08:45:00,2021,11,16,8,45,75,75114,BOULEVARD PERIPHERIQUE,48.824292,2.30637,Plein jour,En agglomération,Hors intersection,Temps couvert,Deux véhicules - côté,4,1,3,0,1,1,2,0,1,70,,2,1,0,0,1,47.0,58.0,,,1,2,1,8,3
202100007844,2021-11-15 11:05:00,2021,11,15,11,5,75,75116,PORTE D AUTEUIL,48.842328,2.254192,Plein jour,En agglomération,Hors intersection,Normale,Deux véhicules - arrière,4,1,4,0,1,1,1,1,1,70,,2,1,0,0,1,53.0,33.0,,,1,2,1,1,2
202100007845,2021-11-15 07:50:00,2021,11,15,7,50,75,75119,PORTE D AUBERVILLIERS,48.900606,2.373933,Plein jour,En agglomération,Intersection en Y,Normale,Deux véhicules - côté,4,1,4,0,1,1,1,0,1,70,,3,2,0,0,1,46.0,30.0,,,1,2,4,1,3
202100007846,2021-11-15 13:20:00,2021,11,15,13,20,75,75116,BOULEVARD PERIPHERIQUE,48.852422,2.252586,Plein jour,En agglomération,Hors intersection,Normale,Trois véhicules et plus - collisions multiples,4,1,3,0,1,1,1,1,1,70,,3,2,0,1,0,54.0,24.0,,,1,2,1,1,5
202100007847,2021-11-16 08:20:00,2021,11,16,8,20,75,75120,RUE DE LA CROIX SAINT SIMON,48.85584,2.410089,Plein jour,En agglomération,Intersection en Y,Normale,Autre collision,4,2,2,0,1,1,1,0,1,30,,2,1,0,0,1,,,,,1,2,4,1,6
202100007848,2021-11-16 05:30:00,2021,11,16,5,30,75,75119,AVENUE JEAN JAURES,48.888783,2.393064,Nuit avec éclairage allumé,En agglomération,Intersection en Y,Normale,Deux véhicules - côté,4,2,4,0,1,1,1,0,1,30,,2,1,0,0,1,44.0,31.0,,,5,2,4,1,3
202100007849,2021-11-16 06:19:00,2021,11,16,6,19,75,75119,AVENUE JEAN JAURES,48.887783,2.389279,Nuit avec éclairage allumé,En agglomération,Intersection en X,Normale,Deux véhicules - côté,4,2,2,0,1,1,1,0,1,30,,2,1,0,0,1,30.0,46.0,,,5,2,2,1,3
202100007850,2021-11-16 20:50:00,2021,11,16,20,50,75,75118,AVENUE DE SAINT OUEN,48.889552,2.326312,Nuit avec éclairage allumé,En agglomération,Intersection en T,Pluie légère,Deux véhicules - côté,4,2,4,0,1,1,2,0,1,30,,2,1,0,0,1,35.0,14.0,,,5,2,3,2,3
202100007851,2021-11-15 16:25:00,2021,11,15,16,25,75,75114,AVENUE ERNEST REYER,48.822664,2.322669,Crépuscule ou aube,En agglomération,Intersection en X,Temps couvert,Deux véhicules - côté,4,2,2,0,1,1,1,0,1,30,,2,1,0,0,1,79.0,13.0,,,2,2,2,8,3
202100007852,2021-11-15 05:00:00,2021,11,15,5,0,75,75112,QUAI DE BERCY,48.834532,2.381567,Nuit avec éclairage allumé,En agglomération,Hors intersection,Normale,Deux véhicules - côté,4,1,3,0,1,1,1,0,1,50,,2,1,0,0,1,51.0,,,,5,2,1,1,3
202100007853,2021-11-16 21:30:00,2021,11,16,21,30,75,75111,BOULEVARD VOLTAIRE,48.860986,2.374793,Nuit avec éclairage allumé,En agglomération,Intersection en T,Normale,Autre collision,4,2,4,0,1,1,1,0,1,30,,2,1,0,0,1,39.0,,,,5,2,3,1,6
202100007854,2021-11-16 18:50:00,2021,11,16,18,50,75,75111,BOULEVARD DE MENILMONTANT,48.867055,2.383078,Nuit avec éclairage allumé,En agglomération,Intersection en X,Normale,Deux véhicules - arrière,4,3,2,0,1,1,1,0,1,30,,2,1,0,0,1,58.0,,,,5,2,2,1,2
202100007855,2021-11-16 10:00:00,2021,11,16,10,0,75,75111,BOULEVARD VOLTAIRE,48.865183,2.367745,Plein jour,En agglomération,Intersection en X,Temps couvert,Autre collision,4,2,4,0,1,1,1,0,1,30,,3,2,0,0,1,64.0,,,,1,2,2,8,6
202100007856,2021-11-15 19:30:00,2021,11,15,19,30,75,75108,AVENUE DES CHAMPS ELYSEES,48.8714,2.302516,Nuit avec éclairage allumé,En agglomération,Intersection en X,Pluie légère,Deux véhicules - arrière,4,1,3,0,1,1,2,0,1,50,,2,1,0,1,0,27.0,35.0,,,5,2,2,2,2
202100007857,2021-11-16 09:07:00,2021,11,16,9,7,75,75108,AVENUE HOCHE,48.874767,2.297428,Plein jour,En agglomération,Hors intersection,Normale,Deux véhicules - côté,4,2,2,0,1,1,1,0,1,30,,2,1,0,0,1,61.0,33.0,,,1,2,1,1,3
202100007858,2021-11-16 03:51:00,2021,11,16,3,51,75,75108,AVENUE DES CHAMPS ELYSEES,48.872062,2.300464,Nuit avec éclairage allumé,En agglomération,Intersection en T,Normale,Autre collision,4,2,10,0,2,1,1,0,1,30,,1,0,0,0,1,20.0,,,,5,2,3,1,6
202100007859,2021-11-16 09:05:00,2021,11,16,9,5,94,94068,FOCH (AV),48.80515,2.48463,Plein jour,En agglomération,Hors intersection,Normale,Deux véhicules - frontale,3,2,2,0,2,1,2,0,1,30,,2,1,0,0,1,22.0,,,,1,2,1,1,1
202100007860,2021-11-16 20:15:00,2021,11,16,20,15,94,94052,STRASBOURG (BD DE),48.84249,2.48457,Nuit avec éclairage allumé,En agglomération,Hors intersection,Normale,Deux véhicules - arrière,3,2,2,0,1,1,1,0,1,30,,3,1,0,0,2,27.0,27.0,,,5,2,1,1,2
202100007861,2021-11-16 15:00:00,2021,11,16,15,0,94,94046,Rue Auguste Simon,48.803221687,2.4265837669,Plein jour,En agglomération,Hors intersection,Normale,Deux véhicules - côté,4,1,1,0,1,3,1,0,1,50,,3,2,0,0,1,78.0,35.0,,,1,2,1,1,3
202100007862,2021-11-16 12:40:00,2021,11,16,12,40,94,94017,Rue Prairial,48.82261,2.50861,Plein jour,En agglomération,Hors intersection,Normale,Autre collision,4,1,1,0,2,1,1,0,1,30,,2,1,0,0,1,27.0,,,,1,2,1,1,6
202100007863,2021-11-16 12:20:00,2021,11,16,12,20,94,94048,Route Nationale 19,48.727771,2.538147,Plein jour,Hors agglomération,Hors intersection,Temps couvert,Deux véhicules - arrière,2,2,0,0,1,1,2,0,1,70,,2,1,0,0,1,34.0,38.0,,,1,1,1,8,2
202100007864,2021-11-16 16:55:00,2021,11,16,16,55,93,93066,DIDEROT,48.93544,2.37868,Crépuscule ou aube,En agglomération,Intersection en X,Normale,Autre collision,4,1,1,0,1,1,1,0,1,50,,2,1,0,0,1,,,,,2,2,2,1,6
202100007865,2021-11-16 16:30:00,2021,11,16,16,30,93,93066,"""LANDY RD 20, NR IMPAIRS 1 A 144""",48.9153,2.35331,Plein jour,En agglomération,Hors intersection,Temps couvert,Deux véhicules - côté,3,2,4,1,1,1,1,0,5,50,,2,1,0,0,1,20.0,65.0,,,1,2,1,8,3
202100007866,2021-11-16 13:50:00,2021,11,16,13,50,93,93066,WILSON (AVENUE DU PRESIDENT),48.92928,2.35667,Plein jour,En agglomération,Hors intersection,Normale,Autre collision,3,1,3,3,1,1,1,0,1,50,,2,1,0,0,1,35.0,,,,1,2,1,1,6
202100007867,2021-11-16 03:55:00,2021,11,16,3,55,93,93050,PAUL ET CAMILLE THOMOUX (RUE) COTE PAIR,48.8738246288,2.5297297331,Nuit avec éclairage allumé,En agglomération,Intersection en T,Pluie légère,Autre collision,3,1,0,0,1,1,2,9,4,50,,1,0,0,0,1,18.0,,,,5,2,3,2,6
202100007868,2021-11-16 10:45:00,2021,11,16,10,45,93,93048,ROSNY (RUE DE),48.86873,2.4613,Plein jour,En agglomération,Hors intersection,Normale,Deux véhicules - arrière,3,2,2,0,1,1,1,0,1,50,,2,1,0,0,1,29.0,20.0,,,1,2,1,1,2
202100007869,2021-11-16 00:05:00,2021,11,16,0,5,93,93063,BENFLEET RUE DE,48.88063,2.43701,Nuit avec éclairage allumé,En agglomération,Intersection en X,Pluie légère,Deux véhicules - côté,4,2,2,0,1,1,2,0,1,50,,2,1,0,0,1,,41.0,,,5,2,2,2,3
202100007870,2021-11-16 15:30:00,2021,11,16,15,30,93,93031,LEON BLUM (AVENUE),48.9587879356,2.3126979454,Plein jour,En agglomération,Hors intersection,Normale,Autre collision,4,2,2,0,1,1,1,0,1,50,,2,1,0,0,1,,,,,1,2,1,1,6
202100007871,2021-11-16 09:00:00,2021,11,16,9,0,93,93013,LECLERC (AVENU DE LA DIVISION),48.9382490268,2.4289973162,Plein jour,En agglomération,Intersection en X,Normale,Deux véhicules - côté,3,1,2,0,1,1,1,0,1,50,,2,1,0,0,1,33.0,35.0,,,1,2,2,1,3
202100007872,2021-11-16 11:32:00,2021,11,16,11,32,93,93053,ROSNY (AV. DE),48.8953315778,2.4705257754,Plein jour,En agglomération,Hors intersection,Normale,Deux véhicules - côté,3,2,2,0,1,1,1,0,1,50,,2,1,0,0,1,21.0,22.0,,,1,2,1,1,3
202100007873,2021-11-16 07:15:00,2021,11,16,7,15,93,93057,QUATORZE JUILLET (AV. DU),48.915983,2.492164,Plein jour,En agglomération,Intersection en X,Normale,Deux véhicules - côté,4,2,2,0,1,1,1,0,1,50,,2,1,0,0,1,36.0,44.0,,,1,2,2,1,3
202100007874,2021-11-16 18:50:00,2021,11,16,18,50,93,93005,JEAN JACQUES ROUSSEAU (AVENUE),48.9272194517,2.4993840065,Nuit avec éclairage allumé,En agglomération,Hors intersection,Normale,Autre collision,4,1,0,0,1,1,1,0,1,50,,2,1,0,0,1,76.0,,,,5,2,1,1,6
202100007875,2021-11-15 21:25:00,2021,11,15,21,25,92,92036,LUCIEN LANTERNIER (AVENUE) (2/34),48.932266,2.29086,Nuit avec éclairage allumé,En agglomération,Hors intersection,Pluie légère,Autre collision,3,2,2,0,1,1,2,0,1,50,,1,0,0,1,0,21.0,,,,5,2,1,2,6
202100007876,2021-11-09 11:00:00,2021,11,9,11,0,92,92036,LOUIS ROCHE (AVENUE) (46/148),48.9257088871,2.316827774,Plein jour,En agglomération,Hors intersection,Normale,Deux véhicules - côté,3,2,2,0,1,1,1,0,1,50,,2,1,1,0,0,34.0,39.0,,,1,2,1,1,3
202100007877,2021-11-16 17:45:00,2021,11,16,17,45,92,92062,GENERAL DE GAULLE (AVENUE DU),48.8874599492,2.2328397632,Nuit avec éclairage allumé,En agglomération,Hors intersection,Pluie légère,Deux véhicules - arrière,3,1,5,3,1,1,2,9,6,50,,2,1,0,0,1,53.0,33.0,,,5,2,1,2,2
202100007878,2021-11-16 03:19:00,2021,11,16,3,19,92,92024,VICTOR HUGO (BD),48.89709,2.30968,Nuit avec éclairage allumé,En agglomération,Hors intersection,Normale,Sans collision,3,2,4,0,1,2,1,0,1,50,,1,0,1,0,0,30.0,,,,5,2,1,1,7
202100007879,2021-11-15 12:20:00,2021,11,15,12,20,92,92024,CLICHY (QUAI DE) DE (8 A 60),48.90348905,2.2896006703,Crépuscule ou aube,En agglomération,Intersection en X,Normale,Autre collision,3,2,4,0,1,1,2,5,1,50,,2,1,0,0,1,40.0,74.0,,,2,2,2,1,6
202100007880,2021-11-17 18:20:00,2021,11,17,18,20,57,57510,D954,49.130636,6.278408,Nuit sans éclairage public,Hors agglomération,Hors intersection,Normale,Trois véhicules et plus - collisions multiples,7,2,2,0,1,1,2,0,1,80,,3,1,0,1,1,48.0,45.0,,,3,1,1,1,5
202100007881,2021-11-16 12:45:00,2021,11,16,12,45,35,35128,D82,48.266409,-1.718422,Plein jour,Hors agglomération,Hors intersection,Temps couvert,Sans collision,3,2,2,0,1,2,2,0,3,80,,1,0,1,0,0,52.0,,,,1,1,1,8,7
202100007882,2021-11-15 17:30:00,2021,11,15,17,30,41,41050,D956,47.471822,1.423073,Crépuscule ou aube,Hors agglomération,Hors intersection,Pluie légère,Deux véhicules - arrière,3,2,2,0,1,1,2,0,1,-1,,2,1,0,0,1,31.0,18.0,,,2,1,1,2,2
202100007883,2021-08-25 15:35:00,2021,8,25,15,35,17,17404,Les Petites Seguineries,45.613523,-0.663509,Plein jour,Hors agglomération,Intersection en X,Normale,Trois véhicules et plus - collisions multiples,3,2,2,0,1,1,1,0,1,80,,5,4,0,1,0,49.0,21.0,,,1,1,2,1,5
202100007884,2021-11-17 12:00:00,2021,11,17,12,0,84,84126,D977,44.226366,5.013156,Plein jour,Hors agglomération,Hors intersection,Normale,Deux véhicules - frontale,3,2,2,0,1,1,1,0,1,80,,3,1,1,1,0,43.0,76.0,,,1,1,1,1,1
202100007885,2021-10-27 17:00:00,2021,10,27,17,0,68,68269,Route de Guémar,48.191854,7.336341,Plein jour,En agglomération,Hors intersection,Normale,Deux véhicules - côté,3,2,2,1,1,1,1,0,1,50,,2,1,0,0,1,33.0,85.0,,,1,2,1,1,3
202100007886,2021-11-17 19:28:00,2021,11,17,19,28,974,97422,Chemin Neuf,-21.244172,55.512559,Nuit sans éclairage public,En agglomération,Intersection en T,Normale,Deux véhicules - frontale,3,2,2,0,3,1,1,0,1,50,,2,1,0,1,0,63.0,19.0,,,3,2,3,1,1
202100007887,2021-10-30 20:20:00,2021,10,30,20,20,974,97404,N1a,-21.258268,55.331936,Nuit sans éclairage public,Hors agglomération,Hors intersection,Normale,Deux véhicules - côté,2,2,2,0,1,1,1,0,1,80,,2,1,0,0,1,55.0,41.0,,,3,1,1,1,3
202100007888,2021-11-17 08:20:00,2021,11,17,8,20,41,41206,A10,47.62987,1.352777,Plein jour,Hors agglomération,Hors intersection,Temps couvert,Sans collision,1,3,3,0,1,3,1,0,8,130,,1,0,1,0,0,48.0,,,,1,1,1,8,7
202100007889,2021-11-13 19:09:00,2021,11,13,19,9,01,01033,Avenue Maréchal Leclerc (Bellegarde-sur-Valserine),46.113683,5.807734,Nuit avec éclairage allumé,En agglomération,Hors intersection,Normale,Deux véhicules - frontale,3,2,2,0,1,1,1,0,5,70,,2,0,0,1,1,19.0,51.0,,,5,2,1,1,1
202100007890,2021-11-16 07:18:00,2021,11,16,7,18,01,01033,Place Berard,46.108402,5.82932,Crépuscule ou aube,En agglomération,Giratoire,Normale,Deux véhicules - arrière,3,1,1,0,1,3,1,0,5,50,,2,1,0,1,0,53.0,26.0,,,2,2,6,1,2
202100007891,2021-11-16 05:45:00,2021,11,16,5,45,65,65265,D5,43.227003,0.173246,Nuit sans éclairage public,Hors agglomération,Hors intersection,Normale,Autre collision,3,2,2,0,1,1,1,0,8,80,,1,0,0,1,0,26.0,,,,3,1,1,1,6
202100007892,2021-11-16 22:17:00,2021,11,16,22,17,23,23207,La Malcote,46.2683724905,1.5568828583,Nuit sans éclairage public,Hors agglomération,Hors intersection,Temps couvert,Sans collision,3,2,2,0,2,3,2,0,3,70,,1,0,0,1,0,33.0,,,,3,1,1,8,7
202100007893,2021-11-17 19:00:00,2021,11,17,19,0,95,95660,RD 909,49.077197,2.349797,Nuit sans éclairage public,Hors agglomération,Hors intersection,Temps couvert,Autre collision,3,2,2,0,1,1,1,0,3,70,,3,2,0,0,1,,26.0,,,3,1,1,8,6
202100007894,2021-11-15 18:25:00,2021,11,15,18,25,32,32208,Pont de Pile,43.932675,0.614119,Nuit sans éclairage public,Hors agglomération,Intersection en Y,Temps couvert,Deux véhicules - frontale,3,2,1,0,1,1,2,0,1,80,,2,1,0,1,0,25.0,54.0,,,3,1,4,8,1
202100007895,2021-11-16 11:20:00,2021,11,16,11,20,89,89021,D951,47.494722,3.761167,Plein jour,Hors agglomération,Hors intersection,Pluie légère,Trois véhicules et plus - collisions multiples,3,2,2,0,1,2,2,0,1,80,,4,3,0,1,0,49.0,32.0,,,1,1,1,2,5
202100007896,2021-11-16 19:10:00,2021,11,16,19,10,42,42318,Route de Brandy,45.353862,3.913453,Nuit sans éclairage public,Hors agglomération,Intersection en X,Pluie légère,Deux véhicules - côté,3,2,2,0,3,1,2,0,1,80,,3,0,1,0,2,18.0,48.0,,,3,1,2,2,3
202100007897,2021-11-17 01:00:00,2021,11,17,1,0,46,46038,Avenue de la République,44.917247,1.838552,Nuit avec éclairage non allumé,En agglomération,Autre intersection,Pluie légère,Autre collision,3,3,2,0,1,3,1,0,8,50,,1,0,0,1,0,19.0,,,,4,2,9,2,6
202100007898,2021-11-14 01:45:00,2021,11,14,1,45,86,86039,N10,46.242809,0.165932,Nuit sans éclairage public,Hors agglomération,Hors intersection,Normale,Sans collision,2,3,2,0,2,1,1,0,3,110,,1,0,0,1,0,26.0,,,,3,1,1,1,7
202100007899,2021-11-16 16:25:00,2021,11,16,16,25,68,68304,1 grande rue,47.755854,7.056726,Plein jour,En agglomération,Intersection en X,Temps couvert,Autre collision,3,2,2,0,1,1,1,9,1,50,,2,1,0,1,0,66.0,,,,1,2,2,8,6
202100007900,2021-11-17 07:00:00,2021,11,17,7,0,44,44188,L Ouvrardiere,47.025319,-1.5971,Crépuscule ou aube,Hors agglomération,Hors intersection,Temps couvert,Autre collision,4,2,2,0,1,3,2,0,1,80,,1,0,1,0,0,21.0,,,,2,1,1,8,6