accident_id,datetime,annee,mois,jour,heure,minute,departement,commune_insee,adresse,latitude,longitude,luminosite,agglomeration,intersection,meteo,collision,catr,circ,nbv,vosp,prof,plan,surf,infra,situ,vma,nb_vehicules,nb_usagers,nb_indemnes,nb_tues,nb_blesses_hosp,nb_blesses_legers,age_cond_1,age_cond_2,veh_type_cond_1,veh_type_cond_2,lum_code,agg_code,int_code,atm_code,col_code
202100007901,2021-09-29 00:57:00,2021,9,29,0,57,70,70326,RN 57,47.456822,6.083164,Nuit sans éclairage public,Hors agglomération,Hors intersection,Normale,Deux véhicules - frontale,2,2,2,0,1,2,1,8,1,50,,4,1,0,1,2,22.0,19.0,,,3,1,1,1,1
202100007902,2021-11-17 18:00:00,2021,11,17,18,0,50,50615,Avenue du 8 Mai 1945,49.502247,-1.466559,Nuit avec éclairage allumé,En agglomération,Hors intersection,Normale,Autre collision,3,2,2,0,1,1,1,0,1,50,,2,1,0,1,0,52.0,,,,5,2,1,1,6
202100007903,2021-11-12 21:30:00,2021,11,12,21,30,36,36071,rd 943,46.78625,1.768627,Nuit sans éclairage public,Hors agglomération,Hors intersection,Normale,Deux véhicules - frontale,3,2,2,0,1,1,1,0,1,90,,2,0,0,1,1,54.0,41.0,,,3,1,1,1,1
202100007904,2021-11-16 17:40:00,2021,11,16,17,40,27,27209,"D124, route de Montfort",49.280992,0.697771,Crépuscule ou aube,Hors agglomération,Intersection en T,Temps couvert,Deux véhicules - côté,3,2,2,0,2,1,1,0,1,80,,2,1,0,1,0,65.0,34.0,,,2,1,3,8,3
202100007905,2021-11-15 08:15:00,2021,11,15,8,15,27,27563,Route de Quillebeuf,49.374329,0.52596,Plein jour,Hors agglomération,Hors intersection,Brouillard / fumée,Trois véhicules et plus - collisions multiples,3,2,2,0,1,1,1,0,1,80,,3,2,0,0,1,27.0,34.0,,,1,1,1,5,5
202100007906,2021-11-17 06:45:00,2021,11,17,6,45,27,27679,N12 PK 022.350,48.742168,0.959936,Crépuscule ou aube,Hors agglomération,Autre intersection,Normale,Deux véhicules - arrière,2,1,4,0,1,3,1,0,1,90,,2,1,0,0,1,30.0,59.0,,,2,1,9,1,2
202100007907,2021-11-13 20:55:00,2021,11,13,20,55,17,17082,Route de Chevanceaux,45.419668,-0.371384,Nuit sans éclairage public,Hors agglomération,Hors intersection,Normale,Autre collision,3,2,2,0,1,3,2,0,8,80,,1,0,0,1,0,39.0,,,,3,1,1,1,6
202100007908,2021-11-17 15:00:00,2021,11,17,15,0,978,97801,route nationale 7,18.072492,-63.032604,Plein jour,En agglomération,Hors intersection,Normale,Deux véhicules - côté,2,-1,2,0,1,1,1,0,1,50,,2,1,0,1,0,29.0,70.0,,,1,2,1,1,3
202100007909,2021-11-16 09:45:00,2021,11,16,9,45,978,97801,"Rn7 - entre la sation essence ""Cadisco"" et le magasin ""LIDEAR PRICE""",18.094256,-63.031896,Plein jour,Hors agglomération,Hors intersection,Normale,Sans collision,2,2,2,0,2,1,1,0,3,50,,2,1,0,1,0,56.0,,,,1,1,1,1,7
202100007910,2021-11-16 08:10:00,2021,11,16,8,10,01,01032,,45.862909,5.130014,Plein jour,Hors agglomération,Hors intersection,Normale,Deux véhicules - arrière,1,1,4,0,2,1,1,0,1,130,,2,1,0,0,1,60.0,52.0,,,1,1,1,1,2
202100007911,2021-11-16 09:20:00,2021,11,16,9,20,971,97117,Zevallos,16.304838,-61.301168,Plein jour,Hors agglomération,Hors intersection,Normale,Autre collision,2,2,2,0,1,1,1,0,1,80,,2,1,0,1,0,78.0,,,,1,1,1,1,6
202100007912,2021-11-17 07:50:00,2021,11,17,7,50,77,77360,D402,48.743707,2.99814,Crépuscule ou aube,Hors agglomération,Hors intersection,Brouillard / fumée,Deux véhicules - frontale,3,2,2,0,1,1,2,0,1,80,,2,1,0,1,0,19.0,55.0,,,2,1,1,5,1
202100007913,2021-11-16 08:15:00,2021,11,16,8,15,91,91376,Route d Evry,48.559605,2.311779,Crépuscule ou aube,En agglomération,Intersection en T,Pluie légère,Autre collision,3,2,2,0,1,1,2,0,1,30,,2,1,0,1,0,34.0,,,,2,2,3,2,6
202100007914,2021-11-16 16:00:00,2021,11,16,16,0,83,83008,D47,43.535914,6.686586,Plein jour,Hors agglomération,Hors intersection,Normale,Deux véhicules - côté,3,2,2,0,1,1,1,0,1,80,,3,2,0,1,0,87.0,54.0,,,1,1,1,1,3
202100007915,2021-11-11 20:30:00,2021,11,11,20,30,13,13004,Route départementale 453,43.411125,4.726619,Nuit avec éclairage allumé,En agglomération,Intersection en T,Normale,Deux véhicules - côté,3,2,2,0,1,1,1,0,1,50,,2,1,0,1,0,54.0,36.0,,,5,2,3,1,3
202100007916,2021-11-16 16:45:00,2021,11,16,16,45,21,21699,D20c,47.2085431166,5.3581031318,Plein jour,Hors agglomération,Hors intersection,Brouillard / fumée,Autre collision,3,2,2,0,1,1,2,0,3,80,,3,0,0,1,2,34.0,,,,1,1,1,5,6
202100007917,2021-11-16 12:45:00,2021,11,16,12,45,67,67192,D5,48.3441753523,7.6421713829,Plein jour,Hors agglomération,Hors intersection,Temps couvert,Sans collision,3,-1,2,0,1,1,1,0,1,80,,1,0,0,0,1,39.0,,,,1,1,1,8,7
202100007918,2021-11-15 02:15:00,2021,11,15,2,15,74,74302,D909,45.90935,6.367709,Nuit avec éclairage allumé,En agglomération,Hors intersection,Normale,Sans collision,3,2,2,0,2,1,1,9,8,50,,3,2,0,1,0,34.0,,,,5,2,1,1,7
202100007919,2021-11-13 11:55:00,2021,11,13,11,55,38,38061,Route de Grenoble,45.317022,5.621985,Plein jour,Hors agglomération,Intersection en T,Normale,Deux véhicules - côté,3,2,1,0,1,1,1,0,1,80,,2,0,0,0,2,72.0,37.0,,,1,1,3,1,3
202100007920,2021-11-09 16:40:00,2021,11,9,16,40,69,69148,VIOLON (DU) (RTE),45.6685774966,4.7025723906,Plein jour,Hors agglomération,Hors intersection,Normale,Deux véhicules - côté,3,2,2,0,1,1,1,0,1,80,,3,0,0,1,2,21.0,28.0,,,1,1,1,1,3
202100007921,2021-11-16 18:40:00,2021,11,16,18,40,31,31395,D817,43.490946,1.342564,Nuit sans éclairage public,Hors agglomération,Hors intersection,Normale,Autre collision,3,3,4,0,1,1,1,9,1,90,,2,1,0,1,0,28.0,,,,3,1,1,1,6
202100007922,2021-11-09 18:50:00,2021,11,9,18,50,17,17219,D728,45.831991,-1.124178,Nuit avec éclairage non allumé,En agglomération,Intersection en T,Normale,Deux véhicules - côté,3,2,2,0,1,1,1,0,1,50,,2,1,0,1,0,51.0,34.0,,,4,2,3,1,3
202100007923,2021-11-17 18:00:00,2021,11,17,18,0,64,64067,départementale,43.2598231842,-0.2898797393,Crépuscule ou aube,Hors agglomération,Hors intersection,Normale,Autre collision,4,2,1,0,1,1,1,0,1,50,,3,1,1,1,0,48.0,,,,2,1,1,1,6
202100007924,2021-11-10 19:00:00,2021,11,10,19,0,85,85302,Le Châtellier,46.951178,-1.004916,Nuit sans éclairage public,Hors agglomération,Hors intersection,Normale,Deux véhicules - frontale,3,2,2,1,1,1,1,0,1,80,,2,1,0,0,1,23.0,33.0,,,3,1,1,1,1
202100007925,2021-11-17 15:30:00,2021,11,17,15,30,50,50298,D29,49.274308,-1.278416,Plein jour,Hors agglomération,Intersection en T,Temps éblouissant,Autre collision,3,2,2,0,1,1,1,0,1,80,,5,2,0,1,2,23.0,58.0,,,1,1,3,7,6
202100007926,2021-11-10 16:30:00,2021,11,10,16,30,76,76462,Rue de la Vieille Côte,49.740776,1.469915,Plein jour,Hors agglomération,Hors intersection,Temps couvert,Deux véhicules - côté,4,2,2,0,2,1,1,0,1,80,,2,1,0,1,0,53.0,17.0,,,1,1,1,8,3
202100007927,2021-11-16 14:05:00,2021,11,16,14,5,80,80182,107 Rue du Maréchal Joffre,50.177613,1.488819,Plein jour,En agglomération,Intersection en T,Normale,Deux véhicules - côté,4,2,2,0,1,1,2,0,1,50,,5,4,0,1,0,76.0,55.0,,,1,2,3,1,3
202100007928,2021-11-16 17:10:00,2021,11,16,17,10,80,80156,Départementale 1,49.900771,2.426069,Crépuscule ou aube,Hors agglomération,Hors intersection,Normale,Sans collision,3,2,2,0,1,1,1,0,1,80,,1,0,0,1,0,43.0,,,,2,1,1,1,7
202100007929,2021-10-22 13:15:00,2021,10,22,13,15,59,59216,Rue de Thun l Eveque,50.220008,3.2681,Plein jour,En agglomération,Hors intersection,Normale,Deux véhicules - côté,3,2,2,0,1,1,1,0,1,50,,2,1,0,0,1,34.0,52.0,,,1,2,1,1,3
202100007930,2021-11-16 19:45:00,2021,11,16,19,45,13,13215,A7-Sens Marseille vers Lyon,43.34782,5.37119,Nuit sans éclairage public,Hors agglomération,Hors intersection,Normale,Deux véhicules - arrière,1,1,3,0,1,1,1,0,1,90,,2,1,0,0,1,,45.0,,,3,1,1,1,2
202100007931,2021-11-16 18:15:00,2021,11,16,18,15,13,13210,A50-Sens Marseille vers Aubagne,43.28581,5.43093,Nuit sans éclairage public,Hors agglomération,Hors intersection,Normale,Deux véhicules - arrière,1,1,1,0,1,1,1,0,1,50,,2,1,0,0,1,39.0,48.0,,,3,1,1,1,2
202100007932,2021-11-15 22:30:00,2021,11,15,22,30,13,13085,A50-Sens Toulon vers Aubagne,43.26293,5.58962,Nuit avec éclairage allumé,Hors agglomération,Hors intersection,Normale,Deux véhicules - frontale,1,1,3,0,2,3,2,9,1,90,,1,0,0,0,1,22.0,,,,5,1,1,1,1
202100007933,2021-11-16 12:35:00,2021,11,16,12,35,83,83069,A570,43.124898,6.092691,Plein jour,Hors agglomération,Hors intersection,Normale,Autre collision,1,3,4,0,1,1,1,0,1,110,,1,0,0,0,1,55.0,,,,1,1,1,1,6
202100007934,2021-11-15 18:50:00,2021,11,15,18,50,83,83090,A50,43.1258001194,5.8786135912,Nuit sans éclairage public,Hors agglomération,Hors intersection,Pluie légère,Deux véhicules - arrière,1,1,1,0,1,1,2,3,1,50,,3,2,0,0,1,20.0,28.0,,,3,1,1,2,2
202100007935,2021-11-16 17:40:00,2021,11,16,17,40,69,69199,A7   7.000 A 8.630,45.68891,4.84603,Nuit avec éclairage allumé,Hors agglomération,Hors intersection,Normale,Deux véhicules - arrière,1,3,6,0,1,1,1,0,1,70,,2,1,0,0,1,27.0,,,,5,1,1,1,2
202100007936,2021-11-01 10:20:00,2021,11,1,10,20,69,69256,RN346  S/N   25.686 A 29.300,45.79696,4.94084,Plein jour,Hors agglomération,Hors intersection,Normale,Deux véhicules - arrière,2,3,4,0,1,1,2,0,1,90,,3,0,0,1,2,69.0,24.0,,,1,1,1,1,2
202100007937,2021-11-16 20:25:00,2021,11,16,20,25,33,33096,AUTOROUTE A10,44.8903,-0.50295,Nuit avec éclairage allumé,Hors agglomération,Autre intersection,Temps couvert,Autre collision,1,3,6,0,1,1,1,0,1,110,,2,1,1,0,0,43.0,28.0,,,5,1,9,8,6
202100007938,2021-11-16 07:50:00,2021,11,16,7,50,33,33003,AUTOROUTE A 10,44.92763,-0.47124,Plein jour,Hors agglomération,Hors intersection,Normale,Deux véhicules - côté,1,3,6,0,1,1,1,0,1,130,,2,1,0,0,1,51.0,53.0,,,1,1,1,1,3
202100007939,2021-11-16 03:30:00,2021,11,16,3,30,33,33397,AUTOROUTE A 10,44.90165,-0.49382,Nuit avec éclairage non allumé,Hors agglomération,Hors intersection,Normale,Autre collision,1,3,6,0,1,1,1,0,1,110,,1,0,0,0,1,22.0,,,,4,1,1,1,6
202100007940,2021-11-16 19:15:00,2021,11,16,19,15,91,91340,RN 104,48.60964,2.43965,Nuit sans éclairage public,Hors agglomération,Hors intersection,Normale,Deux véhicules - côté,2,3,3,0,1,3,1,0,1,50,,2,1,0,0,1,56.0,56.0,,,3,1,1,1,3
202100007941,2021-11-16 18:40:00,2021,11,16,18,40,94,94038,AUTOROUTE A6A,48.7848,2.34659,Nuit avec éclairage non allumé,Hors agglomération,Hors intersection,Temps couvert,Deux véhicules - côté,1,3,3,0,1,1,1,0,1,90,,2,1,0,0,1,53.0,45.0,,,4,1,1,8,3
202100007942,2021-11-16 14:25:00,2021,11,16,14,25,94,94038,AUTOROUTE A6A,48.7805,2.3467,Plein jour,Hors agglomération,Hors intersection,Temps couvert,Trois véhicules et plus - collisions multiples,1,3,6,0,1,1,1,0,1,90,,3,2,0,0,1,36.0,29.0,,,1,1,1,8,5
202100007943,2021-11-16 14:43:00,2021,11,16,14,43,91,91692,RD 118,48.67922,2.19191,Plein jour,Hors agglomération,Hors intersection,Normale,Deux véhicules - côté,2,3,2,0,1,1,1,0,1,110,,2,1,0,0,1,26.0,49.0,,,1,1,1,1,3
202100007944,2021-11-16 15:45:00,2021,11,16,15,45,78,78646,RN12,48.79312,2.0818,Plein jour,Hors agglomération,Autre intersection,Normale,Deux véhicules - arrière,2,3,3,0,1,1,1,0,8,70,,5,4,0,0,1,33.0,43.0,,,1,1,9,1,2
202100007945,2021-11-16 10:00:00,2021,11,16,10,0,92,92050,A86,48.9047320164,2.2079381347,Plein jour,Hors agglomération,Hors intersection,Temps couvert,Sans collision,1,1,1,0,1,2,1,1,2,70,,1,0,0,0,1,47.0,,,,1,1,1,8,7
202100007946,2021-11-16 20:50:00,2021,11,16,20,50,93,93005,AUTOROUTE A1,48.9607215909,2.4678989547,Nuit avec éclairage non allumé,Hors agglomération,Hors intersection,Normale,Trois véhicules et plus - collisions multiples,1,1,8,0,1,1,1,0,1,110,,7,6,0,0,1,52.0,48.0,,,4,1,1,1,5
202100007947,2021-11-16 18:00:00,2021,11,16,18,0,93,93078,AUTOROUTE A104,48.9713639038,2.4985811012,Nuit sans éclairage public,Hors agglomération,Hors intersection,Pluie légère,Trois véhicules et plus - collisions multiples,1,2,8,0,1,1,2,0,1,90,,3,2,0,0,1,57.0,43.0,,,3,1,1,2,5
202100007948,2021-11-15 12:20:00,2021,11,15,12,20,93,93066,AUTOROUTE A1,48.917783,2.357734,Plein jour,Hors agglomération,Hors intersection,Normale,Deux véhicules - arrière,1,3,8,0,1,1,1,0,1,90,,4,2,0,0,2,41.0,48.0,,,1,1,1,1,2
202100007949,2021-11-15 09:50:00,2021,11,15,9,50,93,93064,AUTOROUTE A86,48.867672,2.481837,Plein jour,Hors agglomération,Hors intersection,Normale,Deux véhicules - arrière,1,3,6,0,1,1,1,1,1,70,,2,1,0,0,1,43.0,30.0,,,1,1,1,1,2
202100007950,2021-11-16 19:40:00,2021,11,16,19,40,77,77294,A104,48.96485,2.60961,Nuit sans éclairage public,Hors agglomération,Hors intersection,Normale,Deux véhicules - côté,1,-1,4,0,1,1,1,0,1,90,,2,1,0,0,1,20.0,46.0,,,3,1,1,1,3
202100007951,2021-11-16 17:30:00,2021,11,16,17,30,77,77438,A104,48.8628,2.6682,Nuit sans éclairage public,Hors agglomération,Hors intersection,Pluie légère,Autre collision,1,3,8,0,1,1,2,0,1,90,,4,1,0,0,3,55.0,19.0,,,3,1,1,2,6
202100007952,2021-11-16 16:30:00,2021,11,16,16,30,94,94046,A86 EXT,48.8076,2.4489,Plein jour,Hors agglomération,Hors intersection,Normale,Deux véhicules - arrière,1,-1,9,0,1,1,1,0,1,90,,2,1,0,0,1,52.0,38.0,,,1,1,1,1,2
202100007953,2021-11-16 14:30:00,2021,11,16,14,30,77,77438,A104,48.8546107623,2.6634357356,Plein jour,Hors agglomération,Hors intersection,Normale,Autre collision,1,3,6,0,2,1,1,0,1,90,,2,1,0,0,1,50.0,44.0,,,1,1,1,1,6
202100007954,2021-11-16 11:00:00,2021,11,16,11,0,94,94028,A86 INT,48.7999276873,2.4460643658,Plein jour,Hors agglomération,Hors intersection,Normale,Deux véhicules - arrière,1,-1,4,0,1,2,1,0,1,90,,2,1,0,0,1,38.0,27.0,,,1,1,1,1,2
202100007955,2021-11-15 09:30:00,2021,11,15,9,30,77,77373,RN104,48.7896238317,2.6178744351,Plein jour,Hors agglomération,Hors intersection,Temps couvert,Deux véhicules - arrière,2,1,3,0,1,1,1,0,1,90,,2,1,0,0,1,21.0,32.0,,,1,1,1,8,2
202100007956,2021-03-31 01:07:00,2021,3,31,1,7,78,78646,RN12  ,48.789831,2.119144,Nuit avec éclairage non allumé,Hors agglomération,Hors intersection,Normale,Sans collision,2,3,6,0,1,1,1,0,1,110,,1,0,0,0,1,19.0,,,,4,1,1,1,7
202100007957,2021-05-23 15:15:00,2021,5,23,15,15,38,38544,Cours Brillier,45.5219,4.87178,Plein jour,En agglomération,Hors intersection,Normale,Autre collision,4,3,5,0,1,1,1,9,1,50,,2,1,0,1,0,86.0,,,,1,2,1,1,6
202100007958,2021-04-28 16:15:00,2021,4,28,16,15,38,38318,RAIE BRUNET(CHEMIN DE LA),45.53922,4.926,Plein jour,Hors agglomération,Hors intersection,Normale,Deux véhicules - arrière,3,2,2,0,1,1,1,0,1,50,,2,1,0,0,1,40.0,24.0,,,1,1,1,1,2
202100007959,2021-03-27 12:15:00,2021,3,27,12,15,38,38053,ZOLA (AV EMILE),45.58872,5.27259,Plein jour,En agglomération,Hors intersection,Normale,Trois véhicules et plus - en chaîne,4,3,2,0,1,1,1,0,1,50,,5,2,0,1,2,58.0,32.0,,,1,2,1,1,4
202100007960,2021-11-14 16:00:00,2021,11,14,16,0,94,94071,Rue de Champigny,48.7728691767,2.510612011,Plein jour,En agglomération,Hors intersection,Normale,Autre collision,4,-1,2,0,1,1,1,0,1,50,,2,1,0,0,1,42.0,,,,1,2,1,1,6
202100007961,2021-03-25 17:50:00,2021,3,25,17,50,73,73008,D991,45.71133,5.89321,Plein jour,En agglomération,Hors intersection,Temps éblouissant,Deux véhicules - côté,3,2,2,0,2,2,1,0,1,50,,3,1,0,0,2,23.0,54.0,,,1,2,1,7,3
202100007962,2021-08-26 10:00:00,2021,8,26,10,0,40,40089,Route d Amou,43.691887,-0.650882,Plein jour,Hors agglomération,Intersection en X,Normale,Deux véhicules - côté,3,2,2,0,1,1,1,0,1,80,,2,1,1,0,0,41.0,32.0,,,1,1,2,1,3
202100007963,2021-11-15 19:00:00,2021,11,15,19,0,974,97411,GAULLE (DU GENERAL DE),-20.88562,55.4641,Nuit avec éclairage allumé,En agglomération,Intersection en T,Normale,Deux véhicules - côté,4,1,1,1,2,2,1,0,1,30,,2,1,0,0,1,20.0,57.0,,,5,2,3,1,3
202100007964,2021-11-09 07:00:00,2021,11,9,7,0,974,97411,GOYAVIERS (ROUTE DE),-20.90036,55.41828,Plein jour,Hors agglomération,Hors intersection,Normale,Autre collision,3,2,2,0,1,2,1,0,1,50,,3,1,0,2,0,40.0,,,,1,1,1,1,6
202100007965,2021-11-15 18:30:00,2021,11,15,18,30,973,97302,MERE THERESA (rue),4.92476,-52.31247,Nuit sans éclairage public,En agglomération,Hors intersection,Normale,Deux véhicules - côté,4,2,2,0,1,1,1,0,1,50,,2,1,0,0,1,63.0,59.0,,,3,2,1,1,3
202100007966,2021-11-09 07:00:00,2021,11,9,7,0,973,97302,MADELEINE (ROUTE DE LA),4.91448,-52.32094,Plein jour,En agglomération,Hors intersection,Pluie légère,Deux véhicules - côté,3,2,2,0,1,1,2,0,1,50,,3,1,0,0,2,31.0,19.0,,,1,2,1,2,3
202100007967,2021-11-15 16:50:00,2021,11,15,16,50,69,69388,ST MAURICE (R),45.74345,4.86788,Crépuscule ou aube,En agglomération,Hors intersection,Normale,Autre collision,4,-1,1,0,1,1,1,0,4,50,,2,0,0,0,2,20.0,,,,2,2,1,1,6
202100007968,2021-11-15 12:35:00,2021,11,15,12,35,69,69259,IRENE JOLIOT CURIE                  (BD),45.72208,4.87316,Plein jour,En agglomération,Hors intersection,Normale,Autre collision,4,1,2,1,1,1,1,0,5,50,,1,0,0,0,1,22.0,,,,1,2,1,1,6
202100007969,2021-11-15 15:45:00,2021,11,15,15,45,972,97209,ABBE LAVIGNE (AVENUE),14.61256,-61.07181,Plein jour,En agglomération,Hors intersection,Normale,Sans collision,4,2,2,0,1,1,1,0,1,50,,1,0,0,0,1,23.0,,,,1,2,1,1,7
202100007970,2021-11-15 00:25:00,2021,11,15,0,25,972,97209,REDOUTE (ROUTE DE LA),14.6307941124,-61.0548046231,Nuit avec éclairage allumé,En agglomération,Hors intersection,Pluie légère,Autre collision,3,2,2,0,2,1,2,0,4,30,,1,0,0,0,1,25.0,,,,5,2,1,2,6
202100007971,2021-11-15 21:13:00,2021,11,15,21,13,69,69081,EDOUARD AYNARD (AV),45.77527,4.77882,Nuit avec éclairage allumé,En agglomération,Place,Normale,Deux véhicules - côté,4,2,2,0,1,1,1,0,1,50,,2,1,0,0,1,46.0,24.0,,,5,2,7,1,3
202100007972,2021-11-14 20:30:00,2021,11,14,20,30,69,69149,VOLTAIRE (R),45.7151,4.80449,Nuit avec éclairage allumé,En agglomération,Intersection en X,Normale,Autre collision,4,1,1,0,1,1,1,9,1,30,,2,1,1,0,0,33.0,,,,5,2,2,1,6
202100007973,2021-11-13 10:20:00,2021,11,13,10,20,2B,2B033,TOUTES RUES,42.69586,9.43,Plein jour,En agglomération,Hors intersection,Normale,Deux véhicules - frontale,3,2,2,0,1,2,2,0,1,50,,5,1,0,0,4,27.0,54.0,,,1,2,1,1,1
202100007974,2021-11-15 11:40:00,2021,11,15,11,40,971,97101,CHAUVEL,16.23929,-61.51551,Plein jour,En agglomération,Intersection en T,Normale,Deux véhicules - côté,3,2,2,0,2,1,1,0,1,50,,2,1,0,1,0,20.0,52.0,,,1,2,3,1,3
202100007975,2021-11-14 12:30:00,2021,11,14,12,30,971,97113,SECTION PLIANE,16.2103339366,-61.4416837692,Plein jour,En agglomération,Hors intersection,Normale,Deux véhicules - frontale,2,2,2,0,1,2,1,0,1,50,,2,1,0,1,0,43.0,25.0,,,1,2,1,1,1
202100007976,2021-11-15 07:33:00,2021,11,15,7,33,971,97105,GASTON FEUILLARD(AVENUE),16.006,-61.73242,Plein jour,En agglomération,Intersection en Y,Normale,Deux véhicules - côté,4,3,3,0,1,1,1,0,1,50,,2,0,0,0,2,59.0,56.0,,,1,2,4,1,3
202100007977,2021-11-15 13:50:00,2021,11,15,13,50,95,95585,FRANCK (AVENUE CESAR),48.97324,2.37405,Plein jour,En agglomération,Hors intersection,Temps couvert,Autre collision,4,2,2,0,1,1,1,0,1,30,,2,1,0,1,0,25.0,,,,1,2,1,8,6
202100007978,2021-11-14 06:10:00,2021,11,14,6,10,95,95572,Avenue de l’Eguillette,49.04913,2.1271,Nuit avec éclairage allumé,Hors agglomération,Giratoire,Pluie légère,Autre collision,4,2,2,0,1,2,2,0,4,50,,5,0,0,1,4,21.0,,,,5,1,6,2,6
202100007979,2021-11-15 12:05:00,2021,11,15,12,5,95,95018,AVENUE M. UTRILLO,48.9402241852,2.2344984747,Plein jour,En agglomération,Hors intersection,Normale,Deux véhicules - côté,4,-1,2,0,1,1,1,0,1,50,,2,1,0,0,1,35.0,41.0,,,1,2,1,1,3
202100007980,2021-11-15 08:15:00,2021,11,15,8,15,91,91021,BD VOLTAIRE,48.58908,2.25243,Plein jour,En agglomération,Intersection en Y,Normale,Autre collision,3,2,1,0,1,1,1,0,1,30,,2,1,0,0,1,77.0,,,,1,2,4,1,6
202100007981,2021-11-14 17:20:00,2021,11,14,17,20,91,91339,RTE NATIONALE 20,48.61815,2.25772,Nuit sans éclairage public,Hors agglomération,Hors intersection,Normale,Deux véhicules - arrière,3,1,2,0,3,1,1,0,1,70,,4,2,0,0,2,18.0,35.0,,,3,1,1,1,2
202100007982,2021-11-13 16:10:00,2021,11,13,16,10,91,91457,RTE DE LA FERTE ALAIS,48.57909,2.25744,Plein jour,Hors agglomération,Hors intersection,Temps couvert,Trois véhicules et plus - en chaîne,3,2,2,0,1,1,2,0,1,50,,4,2,0,0,2,52.0,48.0,,,1,1,1,8,4
202100007983,2021-11-15 19:15:00,2021,11,15,19,15,91,91421,ZONE D'ACTIVITE DU REVEIL MATIN,48.71931,2.44193,Nuit sans éclairage public,En agglomération,Hors intersection,Pluie légère,Autre collision,3,1,1,0,1,1,2,3,1,50,,2,0,0,0,2,49.0,,,,3,2,1,2,6
202100007984,2021-11-16 01:20:00,2021,11,16,1,20,91,91434,ESCADRILLE NORMANDIE NIEMEN (AVENUE DE L,48.64795,2.34947,Nuit avec éclairage allumé,En agglomération,Autre intersection,Normale,Sans collision,9,1,1,0,1,2,2,9,1,50,,2,1,0,0,1,19.0,,,,5,2,9,1,7
202100007985,2021-11-13 11:54:00,2021,11,13,11,54,88,88160,CHAR-D'ARGENT (RUE DU),48.1528,6.44994,Plein jour,En agglomération,Hors intersection,Temps couvert,Autre collision,3,2,2,2,1,1,2,0,1,50,,2,1,0,1,0,38.0,,,,1,2,1,8,6
202100007986,2021-11-15 08:38:00,2021,11,15,8,38,87,87085,BROGLIE (AVENUE LOUIS DE),45.88439,1.2821,Crépuscule ou aube,En agglomération,Intersection en X,Normale,Deux véhicules - côté,4,2,2,0,1,1,1,0,1,50,,2,1,0,0,1,51.0,33.0,,,2,2,2,1,3
202100007987,2021-11-14 16:50:00,2021,11,14,16,50,87,87114,BUISSON (ROUTE DU),45.83728,1.35426,Plein jour,Hors agglomération,Hors intersection,Normale,Sans collision,4,2,2,0,1,1,1,0,1,90,,1,0,0,1,0,65.0,,,,1,1,1,1,7
202100007988,2021-11-02 19:00:00,2021,11,2,19,0,78,78029,MANTES (BOULEVARD DE),48.97203,1.84463,Nuit avec éclairage allumé,En agglomération,Autre intersection,Normale,Deux véhicules - côté,4,2,2,1,1,1,1,0,1,50,,3,1,0,0,2,9.0,48.0,,,5,2,9,1,3
202100007989,2021-11-15 07:40:00,2021,11,15,7,40,77,77458,D207,48.18029,2.72437,Crépuscule ou aube,En agglomération,Intersection en T,Normale,Deux véhicules - côté,3,2,2,0,1,1,1,0,1,50,,2,1,0,0,1,33.0,67.0,,,2,2,3,1,3
202100007990,2021-11-15 13:28:00,2021,11,15,13,28,76,76270,RD 52,49.5331911105,0.1460018524,Plein jour,Hors agglomération,Hors intersection,Normale,Deux véhicules - frontale,3,2,2,0,1,3,1,0,1,50,,2,1,0,1,0,34.0,15.0,,,1,1,1,1,1
202100007991,2021-11-13 17:21:00,2021,11,13,17,21,76,76351,BOIS AU COQ (AVENUE),49.5185,0.1167,Nuit avec éclairage allumé,En agglomération,Intersection en X,Pluie légère,Deux véhicules - côté,4,3,4,0,1,1,2,0,1,50,,2,1,0,1,0,46.0,17.0,,,5,2,2,2,3
202100007992,2021-11-12 18:10:00,2021,11,12,18,10,76,76351,FRANCOIS 1ER (BD),49.4924,0.0988,Nuit avec éclairage allumé,En agglomération,Intersection en T,Normale,Autre collision,4,3,4,0,1,1,2,0,1,50,,2,1,0,1,0,70.0,,,,5,2,3,1,6
202100007993,2021-11-08 13:25:00,2021,11,8,13,25,76,76351,AMIRAL MOUCHEZ (BD),49.4866,0.14189,Plein jour,En agglomération,Hors intersection,Normale,Deux véhicules - arrière,4,2,2,0,1,1,1,0,1,50,,3,2,0,0,1,45.0,35.0,,,1,2,1,1,2
202100007994,2021-11-15 12:15:00,2021,11,15,12,15,74,74305,COQUELOUP (RUE DE),46.20026,6.2518,Plein jour,En agglomération,Intersection en T,Temps couvert,Deux véhicules - côté,4,2,2,0,2,1,1,0,1,50,,2,1,0,0,1,28.0,11.0,,,1,2,3,8,3
202100007995,2021-11-12 20:10:00,2021,11,12,20,10,71,71153,Rue Maréchal Foch,46.80476,4.43926,Nuit avec éclairage allumé,En agglomération,Hors intersection,Brouillard / fumée,Autre collision,4,2,2,0,1,1,1,0,1,50,,1,0,0,0,1,66.0,,,,5,2,1,5,6