accident_id,datetime,annee,mois,jour,heure,minute,departement,commune_insee,adresse,latitude,longitude,luminosite,agglomeration,intersection,meteo,collision,catr,circ,nbv,vosp,prof,plan,surf,infra,situ,vma,nb_vehicules,nb_usagers,nb_indemnes,nb_tues,nb_blesses_hosp,nb_blesses_legers,age_cond_1,age_cond_2,veh_type_cond_1,veh_type_cond_2,lum_code,agg_code,int_code,atm_code,col_code
202100007996,2021-11-09 15:32:00,2021,11,9,15,32,71,71076,NIEPCE (AVENUE NICEPHORE),46.7790643261,4.8499776311,Plein jour,En agglomération,Intersection en X,Normale,Deux véhicules - côté,4,3,4,0,1,1,1,5,1,50,,2,1,0,1,0,72.0,18.0,,,1,2,2,1,3
202100007997,2021-11-15 13:30:00,2021,11,15,13,30,69,69092,LONGSARD (DE) (RTE),46.0069974879,4.7050452232,Plein jour,Hors agglomération,Intersection en Y,Normale,Deux véhicules - côté,3,2,2,0,1,1,1,0,1,70,,3,1,0,0,2,40.0,18.0,,,1,1,4,1,3
202100007998,2021-11-15 08:05:00,2021,11,15,8,5,69,69013,LONGSARD (DE) (RTE),46.0162371133,4.7071695328,Plein jour,Hors agglomération,Hors intersection,Normale,Deux véhicules - arrière,3,2,2,2,1,1,1,0,1,70,,3,1,0,0,2,20.0,41.0,,,1,1,1,1,2
202100007999,2021-11-13 00:00:00,2021,11,13,0,0,67,67482,RHIN NAPOLEON (RUE DU),48.56751,7.79221,Nuit avec éclairage allumé,En agglomération,Hors intersection,Normale,Autre collision,4,-1,2,0,1,1,1,0,1,50,,3,0,0,0,3,28.0,,,,5,2,1,1,6
202100008000,2021-11-15 11:14:00,2021,11,15,11,14,66,66136,LLUCIA (FRANCOIS-XAVIER ANTOINE),42.6971,2.90205,Plein jour,En agglomération,Intersection en T,Normale,Autre collision,4,1,1,0,1,1,1,0,1,50,,2,1,0,0,1,30.0,,,,1,2,3,1,6
202100008001,2021-11-13 22:33:00,2021,11,13,22,33,66,66136,BRUTUS AVENUE GILBERT,42.69362,2.89092,Nuit avec éclairage allumé,En agglomération,Intersection en T,Normale,Deux véhicules - côté,4,2,2,0,2,1,1,0,1,50,,2,1,0,0,1,19.0,19.0,,,5,2,3,1,3
202100008002,2021-11-15 18:50:00,2021,11,15,18,50,64,64348,SANTONA DE,43.3213167233,-0.3937107325,Nuit sans éclairage public,Hors agglomération,Hors intersection,Normale,Deux véhicules - arrière,4,-1,2,0,1,1,1,0,1,70,,2,1,0,0,1,15.0,47.0,,,3,1,1,1,2
202100008003,2021-11-14 20:50:00,2021,11,14,20,50,64,64102,PIECE NOYEE (ROND POINT DE LA),43.4991310961,-1.4813411236,Nuit avec éclairage non allumé,En agglomération,Hors intersection,Pluie légère,Sans collision,4,2,2,0,1,2,2,0,1,50,,1,0,0,0,1,19.0,,,,4,2,1,2,7
202100008004,2021-11-13 17:25:00,2021,11,13,17,25,64,64024,ESPAGNE (AVENUE D'),43.47335,-1.53352,Crépuscule ou aube,En agglomération,Hors intersection,Normale,Autre collision,3,2,2,0,2,1,1,0,3,50,,1,0,0,0,1,72.0,,,,2,2,1,1,6
202100008005,2021-11-12 16:38:00,2021,11,12,16,38,63,63113,MARCHADIER / Monplaisir,45.79504,3.10984,Plein jour,En agglomération,Intersection en T,Normale,Deux véhicules - côté,4,2,3,0,1,1,1,5,1,50,,2,1,0,1,0,56.0,42.0,,,1,2,3,1,3
202100008006,2021-11-12 14:12:00,2021,11,12,14,12,63,63164,MICHEL MARIUS (RUE),45.82825,3.1433,Plein jour,En agglomération,Hors intersection,Normale,Deux véhicules - arrière,4,1,2,0,1,1,1,0,1,50,,2,1,0,0,1,65.0,66.0,,,1,2,1,1,2
202100008007,2021-11-11 09:51:00,2021,11,11,9,51,63,63032,VARENNE (RUE ALEXANDRE),45.7550562664,3.087541759,Plein jour,En agglomération,Hors intersection,Normale,Autre collision,7,2,2,0,1,1,1,0,1,50,,2,1,0,1,0,90.0,,,,1,2,1,1,6
202100008008,2021-11-15 20:12:00,2021,11,15,20,12,54,54395,QUATRE EGLISES (RUE,48.6873,6.18365,Nuit avec éclairage allumé,En agglomération,Hors intersection,Normale,Deux véhicules - côté,4,2,3,3,1,1,1,0,1,30,,2,1,0,0,1,20.0,31.0,,,5,2,1,1,3
202100008009,2021-11-15 08:00:00,2021,11,15,8,0,54,54395,ALBERT 1ER  (BD),48.69634,6.16726,Crépuscule ou aube,En agglomération,Intersection en X,Pluie légère,Deux véhicules - côté,4,2,4,0,1,1,2,0,1,50,,2,1,0,0,1,29.0,63.0,,,2,2,2,2,3
202100008010,2021-11-09 18:20:00,2021,11,9,18,20,54,54395,STRASBOURG (AVENUE DE),48.68085,6.19409,Nuit avec éclairage allumé,En agglomération,Hors intersection,Normale,Deux véhicules - arrière,7,2,2,3,1,1,1,-1,1,50,,3,2,0,0,1,23.0,64.0,,,5,2,1,1,2
202100008011,2021-11-11 15:13:00,2021,11,11,15,13,51,51454,Rue la Pérouse,49.2220574393,4.0353492611,Plein jour,En agglomération,Intersection en X,Brouillard / fumée,Deux véhicules - côté,4,1,1,0,2,1,1,0,1,50,,3,2,0,0,1,22.0,23.0,,,1,2,2,5,3
202100008012,2021-11-09 13:52:00,2021,11,9,13,52,51,51230,Avenue Ernest Vallé,49.0471681567,3.9540441334,Plein jour,En agglomération,Hors intersection,Normale,Deux véhicules - côté,3,-1,3,0,1,1,1,0,8,50,,2,1,0,0,1,33.0,54.0,,,1,2,1,1,3
202100008013,2021-11-12 19:40:00,2021,11,12,19,40,49,49099,LECLERC (AVENUE DU MARECHAL),47.06339,-0.86517,Nuit avec éclairage allumé,En agglomération,Giratoire,Normale,Deux véhicules - côté,4,3,4,3,1,1,1,0,6,50,,2,1,0,0,1,37.0,28.0,,,5,2,6,1,3
202100008014,2021-11-14 17:56:00,2021,11,14,17,56,49,49267,,47.46849,-0.51489,Plein jour,En agglomération,Hors intersection,Normale,Sans collision,1,2,2,0,1,1,1,0,1,50,,1,0,0,0,1,18.0,,,,1,2,1,1,7
202100008015,2021-11-13 19:17:00,2021,11,13,19,17,49,49007,BOISNET RUE,47.47455,-0.55114,Nuit avec éclairage allumé,En agglomération,Hors intersection,Normale,Deux véhicules - frontale,4,1,1,0,1,1,1,0,1,50,,2,1,0,0,1,28.0,21.0,,,5,2,1,1,1
202100008016,2021-11-13 16:58:00,2021,11,13,16,58,47,47001,REPUBLIQUE (BOULEVARD DE LA),44.20442,0.61418,Plein jour,En agglomération,Hors intersection,Normale,Autre collision,4,4,2,1,1,1,1,0,1,30,,2,1,0,1,0,14.0,,,,1,2,1,1,6
202100008017,2021-11-14 17:36:00,2021,11,14,17,36,44,44184,HALLES (RUE DES) DU 38 AU 50 - DU 51 AU,47.2791901829,-2.2167277336,Nuit avec éclairage allumé,En agglomération,Intersection en X,Normale,Deux véhicules - côté,4,3,2,0,1,1,1,0,1,50,,2,1,0,0,1,61.0,46.0,,,5,2,2,1,3
202100008018,2021-11-15 17:50:00,2021,11,15,17,50,44,44109,BOULEVARD DE LA PRAIRIE DE MAUVES,47.232,-1.48583,Nuit sans éclairage public,Hors agglomération,Hors intersection,Normale,Sans collision,4,2,0,0,1,1,1,0,1,80,,1,0,0,1,0,51.0,,,,3,1,1,1,7
202100008019,2021-11-14 20:50:00,2021,11,14,20,50,42,42218,Rue Pierre Barrallon,45.44258,4.3821,Nuit avec éclairage allumé,En agglomération,Intersection en X,Normale,Autre collision,4,1,1,0,1,1,1,5,1,50,,1,0,0,0,1,32.0,,,,5,2,2,1,6
202100008020,2021-11-15 18:00:00,2021,11,15,18,0,38,38185,A480,45.1641,5.70175,Nuit sans éclairage public,Hors agglomération,Hors intersection,Normale,Trois véhicules et plus - en chaîne,1,1,2,0,1,1,1,0,1,130,,5,1,0,0,4,30.0,47.0,,,3,1,1,1,4
202100008021,2021-11-15 12:35:00,2021,11,15,12,35,38,38185,FOCH (BOULEVARD MAL) (1 A 37-56),45.182,5.7271,Plein jour,En agglomération,Hors intersection,Normale,Deux véhicules - côté,7,2,2,0,1,1,1,0,1,50,,2,1,0,0,1,45.0,20.0,,,1,2,1,1,3
202100008022,2021-11-15 17:00:00,2021,11,15,17,0,37,37214,quai de Saint-Cyr,47.3970002074,0.6636241078,Crépuscule ou aube,En agglomération,Hors intersection,Normale,Autre collision,4,2,3,0,1,1,1,0,1,50,,2,1,0,0,1,61.0,,,,2,2,1,1,6
202100008023,2021-11-15 08:10:00,2021,11,15,8,10,37,37261,EIFFEL (AVENUE GUSTAVE),47.4355671033,0.6984881597,Plein jour,En agglomération,Hors intersection,Normale,Trois véhicules et plus - en chaîne,4,2,4,0,1,1,2,5,1,50,,3,2,0,0,1,21.0,24.0,,,1,2,1,1,4
202100008024,2021-11-15 19:10:00,2021,11,15,19,10,35,35051,EST (ROCADE),48.113548,-1.579854,Nuit sans éclairage public,Hors agglomération,Hors intersection,Normale,Trois véhicules et plus - en chaîne,2,3,4,0,1,1,1,0,1,90,,6,4,0,0,2,31.0,28.0,,,3,1,1,1,4
202100008025,2021-11-15 09:00:00,2021,11,15,9,0,35,35238,RN136,48.08846,-1.63306,Plein jour,Hors agglomération,Hors intersection,Normale,Deux véhicules - arrière,2,3,4,0,1,1,1,0,1,90,,2,0,0,0,2,27.0,39.0,,,1,1,1,1,2
202100008026,2021-11-15 11:15:00,2021,11,15,11,15,33,33281,Avenue Marcel Dassault,44.84856,-0.68352,Plein jour,En agglomération,Giratoire,Normale,Autre collision,4,3,2,2,1,2,1,0,8,50,,1,0,0,0,1,26.0,,,,1,2,6,1,6
202100008027,2021-11-12 02:45:00,2021,11,12,2,45,33,33063,Cours Edouard Vaillant,44.86373,-0.5621,Nuit avec éclairage allumé,En agglomération,Hors intersection,Normale,Autre collision,4,2,4,1,1,1,1,0,1,50,,2,0,0,1,1,26.0,,,,5,2,1,1,6
202100008028,2021-11-11 09:00:00,2021,11,11,9,0,33,33522,Boulevard du Président Franklin Roosevelt,44.8206,-0.58192,Plein jour,En agglomération,Hors intersection,Normale,Autre collision,4,2,4,0,2,1,1,1,1,50,,2,1,0,0,1,30.0,22.0,,,1,2,1,1,6
202100008029,2021-11-15 19:10:00,2021,11,15,19,10,31,31555,29 PURPAN  (PERIPH OUEST A620),43.60728,1.40774,Nuit avec éclairage non allumé,Hors agglomération,Hors intersection,Pluie légère,Trois véhicules et plus - en chaîne,1,1,4,0,1,1,2,0,1,90,,4,2,0,0,2,39.0,32.0,,,4,1,1,2,4
202100008030,2021-11-15 13:15:00,2021,11,15,13,15,31,31555,PL ROGER ARNAUD,43.5875031593,1.4639081061,Plein jour,En agglomération,Place,Normale,Deux véhicules - arrière,4,2,2,0,2,1,1,0,1,30,,2,1,0,0,1,68.0,68.0,,,1,2,7,1,2
202100008031,2021-11-08 11:10:00,2021,11,8,11,10,31,31555,ETATS UNIS (AV DES) DU 1AU 281,43.63239,1.43167,Plein jour,En agglomération,Hors intersection,Normale,Deux véhicules - côté,7,2,2,0,1,1,1,0,1,50,,2,1,0,1,0,35.0,23.0,,,1,2,1,1,3
202100008032,2021-10-24 11:55:00,2021,10,24,11,55,30,30189,ABRIVADO (RUE),43.8373,4.393,Plein jour,En agglomération,Hors intersection,Normale,Autre collision,4,2,1,0,1,1,1,9,1,30,,2,1,0,0,1,73.0,,,,1,2,1,1,6
202100008033,2021-11-15 13:45:00,2021,11,15,13,45,29,29019,Rue Dupuy de Lome,48.38962,-4.51276,Plein jour,En agglomération,Intersection en X,Normale,Deux véhicules - côté,4,1,1,1,1,1,1,0,1,30,,2,1,0,0,1,15.0,52.0,,,1,2,2,1,3
202100008034,2021-11-12 15:15:00,2021,11,12,15,15,28,28404,LIBERTE (AVENUE DE LA),48.7300301919,1.3266241548,Plein jour,En agglomération,Hors intersection,Normale,Deux véhicules - frontale,3,2,1,0,1,3,1,0,1,80,,2,1,0,0,1,72.0,45.0,,,1,2,1,1,1
202100008035,2021-11-15 09:30:00,2021,11,15,9,30,24,24037,RD 19,44.8341332792,0.5050063133,Plein jour,En agglomération,Hors intersection,Normale,Deux véhicules - arrière,3,2,2,0,1,1,1,0,1,70,,2,1,0,0,1,15.0,15.0,,,1,2,1,1,2
202100008036,2021-11-09 16:25:00,2021,11,9,16,25,14,14118,BERNIERES (RUE DE),49.18235,-0.35923,Plein jour,En agglomération,Hors intersection,Normale,Deux véhicules - arrière,4,2,3,0,1,1,1,0,1,50,,3,2,0,0,1,40.0,22.0,,,1,2,1,1,2
202100008037,2021-11-15 17:00:00,2021,11,15,17,0,13,13201,BD MAURICE BOURDET,43.30231,5.37942,Crépuscule ou aube,En agglomération,Hors intersection,Pluie légère,Deux véhicules - frontale,4,2,2,0,2,1,2,8,1,50,,2,0,0,0,2,26.0,,,,2,2,1,2,1
202100008038,2021-11-12 13:38:00,2021,11,12,13,38,11,11262,Rue Saint Salvayre,43.18571,2.98418,Plein jour,En agglomération,Hors intersection,Normale,Autre collision,4,2,2,0,1,1,1,0,1,50,,2,1,0,0,1,45.0,,,,1,2,1,1,6
202100008039,2021-11-14 17:00:00,2021,11,14,17,0,10,10321,GENERAL LECLERC (RUE DU),48.2891,3.9983,Crépuscule ou aube,Hors agglomération,Hors intersection,Normale,Deux véhicules - arrière,3,2,2,0,1,1,1,0,1,50,,2,1,0,1,0,59.0,65.0,,,2,1,1,1,2
202100008040,2021-11-15 07:08:00,2021,11,15,7,8,06,06088,SMOLETT (R.),43.70285,7.2865,Crépuscule ou aube,En agglomération,Intersection en X,Pluie légère,Deux véhicules - côté,4,1,2,0,1,1,2,0,1,50,,2,1,0,0,1,48.0,58.0,,,2,2,2,2,3
202100008041,2021-11-13 00:00:00,2021,11,13,0,0,06,06083,REPUBLIQUE (RUE DE LA),43.775329,7.501851,Nuit avec éclairage allumé,En agglomération,Intersection en X,Normale,Deux véhicules - côté,4,1,1,0,1,1,1,0,1,50,,4,2,0,2,0,21.0,23.0,,,5,2,2,1,3
202100008042,2021-11-14 22:00:00,2021,11,14,22,0,75,75114,PORTE DE VANVES,48.824682,2.30516,Nuit avec éclairage allumé,En agglomération,Hors intersection,Normale,Deux véhicules - côté,4,1,3,0,1,1,1,1,1,70,,2,1,0,0,1,21.0,,,,5,2,1,1,3
202100008043,2021-11-14 02:41:00,2021,11,14,2,41,75,75114,PORTE D ORLEANS,48.819304,2.328763,Nuit avec éclairage allumé,En agglomération,Intersection en Y,Pluie légère,Autre collision,4,1,2,0,2,1,2,0,1,70,,4,2,0,0,2,,,,,5,2,4,2,6
202100008044,2021-11-13 13:52:00,2021,11,13,13,52,75,75114,BOULEVARD PERIPHERIQUE,48.821883,2.316696,Plein jour,En agglomération,Intersection en Y,Temps couvert,Deux véhicules - arrière,4,1,3,0,1,1,1,0,1,70,,2,1,0,0,1,29.0,63.0,,,1,2,4,8,2
202100008045,2021-11-15 13:10:00,2021,11,15,13,10,75,75117,AVENUE DE LA PORTE DE SAINT OUEN,48.893405,2.327564,Plein jour,En agglomération,Intersection en T,Pluie légère,Deux véhicules - côté,4,2,4,0,1,1,2,0,1,30,,3,2,0,0,1,44.0,31.0,,,1,2,3,2,3
202100008046,2021-11-15 18:00:00,2021,11,15,18,0,75,75119,BOULEVARD SERURIER,48.887319,2.39474,Nuit avec éclairage allumé,En agglomération,Intersection en T,Normale,Autre collision,4,2,3,0,1,1,1,0,1,30,,2,1,0,0,1,54.0,40.0,,,5,2,3,1,6
202100008047,2021-11-15 18:00:00,2021,11,15,18,0,75,75117,AVENUE DE CLICHY,48.891558,2.318512,Nuit avec éclairage allumé,En agglomération,Intersection en X,Pluie légère,Sans collision,4,2,2,1,1,1,2,0,1,30,,1,0,0,0,1,46.0,,,,5,2,2,2,7
202100008048,2021-11-15 17:20:00,2021,11,15,17,20,75,75116,VILLA MALAKOFF,48.86561,2.286399,Crépuscule ou aube,En agglomération,Intersection en T,Pluie légère,Autre collision,4,1,1,0,1,1,2,0,4,30,,2,1,0,0,1,25.0,,,,2,2,3,2,6
202100008049,2021-11-15 12:30:00,2021,11,15,12,30,75,75115,AVENUE EMILE ZOLA,48.84641,2.283161,Plein jour,En agglomération,Intersection en X,Normale,Deux véhicules - côté,4,2,2,0,1,1,1,0,1,30,,2,1,0,0,1,20.0,57.0,,,1,2,2,1,3
202100008050,2021-10-22 08:40:00,2021,10,22,8,40,75,75114,AVENUE DU MAINE,48.840158,2.321885,Plein jour,En agglomération,Intersection en Y,Normale,Deux véhicules - côté,4,1,1,0,1,1,1,0,1,30,,2,1,0,1,0,68.0,34.0,,,1,2,4,1,3
202100008051,2021-11-15 18:10:00,2021,11,15,18,10,75,75111,AVENUE PARMENTIER,48.863071,2.376185,Nuit avec éclairage allumé,En agglomération,Intersection en T,Pluie légère,Autre collision,4,2,2,0,1,1,2,0,1,30,,2,1,0,0,1,74.0,,,,5,2,3,2,6
202100008052,2021-11-15 15:40:00,2021,11,15,15,40,75,75111,AVENUE DE LA REPUBLIQUE,48.866641,2.367358,Plein jour,En agglomération,Intersection en T,Pluie légère,Autre collision,4,1,1,1,1,1,2,-1,5,30,,2,1,0,0,1,,,,,1,2,3,2,6
202100008053,2021-11-15 14:50:00,2021,11,15,14,50,75,75111,RUE DU FAUBOURG SAINT ANTOINE,48.848976,2.392001,Plein jour,En agglomération,Intersection à plus de 4 branches,Pluie légère,Deux véhicules - côté,4,2,2,0,2,1,2,0,1,30,,2,1,0,0,1,23.0,27.0,,,1,2,5,2,3
202100008054,2021-11-15 17:50:00,2021,11,15,17,50,75,75108,BOULEVARD MALESHERBES,48.876647,2.3177,Nuit avec éclairage allumé,En agglomération,Intersection en X,Pluie légère,Deux véhicules - côté,4,1,2,1,1,1,2,-1,5,50,,2,1,0,0,1,32.0,31.0,,,5,2,2,2,3
202100008055,2021-11-15 14:45:00,2021,11,15,14,45,75,75107,BOULEVARD RASPAIL,48.854747,2.325931,Plein jour,En agglomération,Intersection en Y,Temps couvert,Deux véhicules - côté,4,1,0,3,1,1,1,-1,6,30,,2,1,0,0,1,55.0,42.0,,,1,2,4,8,3
202100008056,2021-11-12 07:45:00,2021,11,12,7,45,75,75103,RUE CHARLOT,48.862866,2.362575,Plein jour,En agglomération,Intersection en X,Normale,Autre collision,4,1,3,0,1,1,1,0,1,30,,2,1,0,0,1,,,,,1,2,2,1,6
202100008057,2021-11-14 21:30:00,2021,11,14,21,30,94,94068,Boulevard de Créteil,48.7980066207,2.4828457832,Nuit avec éclairage allumé,En agglomération,Intersection en X,Normale,Deux véhicules - côté,3,2,2,0,1,1,1,0,1,30,,3,1,0,1,1,30.0,20.0,,,5,2,2,1,3
202100008058,2021-11-14 12:00:00,2021,11,14,12,0,94,94058,Avenue du 8 Mai 1945,48.851354,2.510779,Plein jour,En agglomération,Intersection en X,Temps couvert,Deux véhicules - côté,4,2,2,0,1,1,1,0,1,50,,2,0,0,0,2,23.0,30.0,,,1,2,2,8,3
202100008059,2021-11-15 17:15:00,2021,11,15,17,15,94,94046,Avenue du Général Leclerc,48.81017,2.43296,Nuit avec éclairage allumé,En agglomération,Intersection en X,Pluie légère,Autre collision,3,2,2,1,1,1,2,5,6,50,,2,1,0,0,1,,,,,5,2,2,2,6
202100008060,2021-11-15 12:20:00,2021,11,15,12,20,94,94003,PAUL VAILLANT COUTURIER (AV),48.79895,2.34515,Plein jour,En agglomération,Hors intersection,Normale,Deux véhicules - côté,3,-1,2,0,2,1,1,0,1,50,,2,1,0,0,1,50.0,25.0,,,1,2,1,1,3
202100008061,2021-11-15 18:35:00,2021,11,15,18,35,94,94079,BRY (RTE DE),48.83144,2.53439,Nuit avec éclairage allumé,En agglomération,Intersection en T,Pluie légère,Autre collision,3,2,2,0,1,1,2,0,1,50,,2,1,0,0,1,68.0,,,,5,2,3,2,6
202100008062,2021-11-15 09:30:00,2021,11,15,9,30,93,93070,ALBERT-DHALENNE (RUE),48.9150562855,2.3316415562,Plein jour,En agglomération,Hors intersection,Normale,Deux véhicules - côté,3,2,2,1,1,1,1,0,5,50,,2,1,0,0,1,26.0,47.0,,,1,2,1,1,3
202100008063,2021-11-15 09:30:00,2021,11,15,9,30,93,93070,ALBERT-DHALENNE (RUE),48.91464,2.33204,Plein jour,En agglomération,Hors intersection,Normale,Trois véhicules et plus - en chaîne,3,1,2,0,1,1,1,0,1,30,,3,2,0,0,1,27.0,28.0,,,1,2,1,1,4
202100008064,2021-11-15 17:50:00,2021,11,15,17,50,93,93066,"""PERI GABRIEL, NR 116 A 144 ET 135 A 149",48.942766,2.356874,Nuit avec éclairage allumé,En agglomération,Intersection en T,Normale,Deux véhicules - côté,4,1,1,0,1,1,1,0,1,30,,2,1,0,0,1,,,,,5,2,3,1,3
202100008065,2021-11-15 16:08:00,2021,11,15,16,8,93,93066,"""SEMBAT MARCEL (BD), NR 2 A 66 ET 1 A 47",48.9326851044,2.3518920227,Plein jour,En agglomération,Intersection en T,Normale,Autre collision,4,1,1,0,1,1,1,0,1,50,,2,1,0,0,1,27.0,,,,1,2,3,1,6
202100008066,2021-11-15 13:35:00,2021,11,15,13,35,93,93051,PAVE NEUF (AVENUE),48.84012,2.55968,Plein jour,En agglomération,Hors intersection,Normale,Deux véhicules - frontale,3,1,2,0,1,1,1,0,1,50,,2,1,0,0,1,85.0,,,,1,2,1,1,1
202100008067,2021-11-15 14:06:00,2021,11,15,14,6,93,93050,BIZET (AVENUE),48.8719215966,2.5502291358,Plein jour,En agglomération,Intersection en T,Pluie légère,Deux véhicules - côté,4,2,2,0,1,1,2,0,1,50,,2,1,0,0,1,34.0,34.0,,,1,2,3,2,3
202100008068,2021-11-15 19:50:00,2021,11,15,19,50,93,93048,STALINGRAD (RUE DE),48.8567987583,2.444935441,Nuit avec éclairage allumé,En agglomération,Hors intersection,Pluie légère,Autre collision,3,2,1,0,2,1,2,0,1,30,,2,1,0,0,1,34.0,,,,5,2,1,2,6
202100008069,2021-11-05 22:00:00,2021,11,5,22,0,92,92051,"CHARLES DE GAULLE (AVENUE,N°118 A 192 +",48.88189,2.26872,Nuit avec éclairage allumé,En agglomération,Autre intersection,Normale,Deux véhicules - arrière,2,1,1,0,1,1,1,0,1,50,,2,1,0,0,1,64.0,52.0,,,5,2,9,1,2
202100008070,2021-11-14 15:20:00,2021,11,14,15,20,92,92025,RENOUILLERS  (RUE DES),48.92369,2.236826,Plein jour,En agglomération,Autre intersection,Normale,Deux véhicules - arrière,3,2,2,0,1,1,1,0,1,50,,2,1,0,0,1,70.0,39.0,,,1,2,9,1,2
202100008071,2021-11-15 18:15:00,2021,11,15,18,15,92,92024,VICTOR HUGO (BD),48.89886,2.31278,Nuit avec éclairage allumé,En agglomération,Intersection en T,Pluie légère,Sans collision,3,2,4,1,1,1,2,0,1,30,,1,0,0,1,0,31.0,,,,5,2,3,2,7
202100008072,2021-11-14 18:19:00,2021,11,14,18,19,92,92007,PORT GALAND (RUE DU),48.7887099522,2.3163731396,Nuit avec éclairage allumé,En agglomération,Place,Pluie légère,Deux véhicules - côté,4,2,2,0,2,1,2,0,1,50,,2,1,0,0,1,27.0,28.0,,,5,2,7,2,3
202100008073,2021-11-16 16:30:00,2021,11,16,16,30,09,09105,Route départementale 326,43.158705,1.295593,Plein jour,Hors agglomération,Hors intersection,Normale,Sans collision,3,2,2,0,1,1,1,0,3,80,,1,0,0,1,0,16.0,,,,1,1,1,1,7
202100008074,2021-11-14 19:00:00,2021,11,14,19,0,51,51346,D3,49.082861,3.734837,Nuit sans éclairage public,Hors agglomération,Hors intersection,Normale,Deux véhicules - côté,3,2,2,0,2,1,1,0,1,90,,2,1,0,1,0,51.0,20.0,,,3,1,1,1,3
202100008075,2021-11-15 17:40:00,2021,11,15,17,40,01,01427,D6a,45.938069,4.779446,Nuit sans éclairage public,En agglomération,Hors intersection,Pluie légère,Deux véhicules - arrière,3,2,2,0,4,1,2,2,1,50,,2,0,0,0,2,22.0,27.0,,,3,2,1,2,2
202100008076,2021-11-13 18:40:00,2021,11,13,18,40,35,35173,D27,48.195595,-1.697259,Nuit sans éclairage public,Hors agglomération,Hors intersection,Normale,Deux véhicules - frontale,3,2,2,0,1,2,1,0,1,80,,2,1,0,1,0,40.0,43.0,,,3,1,1,1,1
202100008077,2021-11-04 17:10:00,2021,11,4,17,10,91,91573,Avenue de la Tour Maury,48.615981,2.508718,Crépuscule ou aube,En agglomération,Autre intersection,Pluie forte,Autre collision,3,1,1,0,1,1,2,6,1,50,,2,1,0,0,1,,,,,2,2,9,3,6
202100008078,2021-11-16 06:45:00,2021,11,16,6,45,19,19123,D1089,45.172235,1.61881,Nuit sans éclairage public,Hors agglomération,Hors intersection,Temps couvert,Deux véhicules - frontale,3,2,2,0,1,2,1,0,1,90,,2,1,1,0,0,20.0,34.0,,,3,1,1,8,1
202100008079,2021-11-16 15:00:00,2021,11,16,15,0,56,56149,KERHANDY,47.597902,-2.44935,Plein jour,Hors agglomération,Hors intersection,Temps couvert,Autre collision,3,2,2,0,1,1,1,0,3,80,,1,0,1,0,0,67.0,,,,1,1,1,8,6
202100008080,2021-10-12 18:55:00,2021,10,12,18,55,31,31150,Avenue Latécoère,43.64427,1.337852,Crépuscule ou aube,En agglomération,Intersection en T,Normale,Deux véhicules - côté,4,2,2,0,1,1,1,0,1,50,,2,1,0,1,0,24.0,69.0,,,2,2,3,1,3
202100008081,2021-11-16 15:15:00,2021,11,16,15,15,80,80250,D928,50.208687,1.904403,Plein jour,Hors agglomération,Hors intersection,Pluie légère,Deux véhicules - frontale,3,2,2,0,1,1,2,0,1,80,,3,0,0,0,3,49.0,58.0,,,1,1,1,2,1
202100008082,2021-11-14 10:00:00,2021,11,14,10,0,82,82006,C1,43.859239,0.965641,Plein jour,En agglomération,Hors intersection,Normale,Autre collision,4,2,2,0,1,1,2,2,3,50,,1,0,0,1,0,70.0,,,,1,2,1,1,6
202100008083,2021-11-15 20:10:00,2021,11,15,20,10,61,61342,2 Rue de Saint Symphorien,48.761016,0.583659,Nuit sans éclairage public,Hors agglomération,Intersection en X,Normale,Deux véhicules - côté,3,2,2,0,1,1,1,0,1,80,,2,0,0,0,2,56.0,48.0,,,3,1,2,1,3
202100008084,2021-11-15 17:30:00,2021,11,15,17,30,55,55025,D 947,49.498904,5.262194,Nuit sans éclairage public,Hors agglomération,Hors intersection,Brouillard / fumée,Deux véhicules - frontale,3,2,2,0,1,1,1,0,1,80,,3,1,0,1,1,82.0,50.0,,,3,1,1,5,1
202100008085,2021-11-15 19:55:00,2021,11,15,19,55,42,42200,125 Avenue du Forez,45.645120869,4.2573618293,Nuit sans éclairage public,En agglomération,Hors intersection,Pluie légère,Deux véhicules - côté,3,2,2,0,1,1,2,0,1,50,,2,1,0,1,0,62.0,16.0,,,3,2,1,2,3
202100008086,2021-11-11 11:15:00,2021,11,11,11,15,86,86053,D24,46.731455,0.115177,Plein jour,Hors agglomération,Intersection en X,Normale,Deux véhicules - côté,3,2,2,0,1,1,1,0,1,80,,2,1,0,1,0,35.0,83.0,,,1,1,2,1,3
202100008087,2021-11-15 09:10:00,2021,11,15,9,10,86,86045,D7,46.409857,0.147307,Plein jour,Hors agglomération,Intersection en X,Temps couvert,Deux véhicules - côté,3,2,2,0,1,1,1,0,1,80,,2,1,0,1,0,85.0,54.0,,,1,1,2,8,3
202100008088,2021-11-04 18:50:00,2021,11,4,18,50,58,58306,D981,46.844577,3.593903,Nuit sans éclairage public,Hors agglomération,Hors intersection,Normale,Deux véhicules - frontale,3,2,2,0,1,1,1,0,1,80,,2,1,0,0,1,57.0,44.0,,,3,1,1,1,1