accident_id,datetime,annee,mois,jour,heure,minute,departement,commune_insee,adresse,latitude,longitude,luminosite,agglomeration,intersection,meteo,collision,catr,circ,nbv,vosp,prof,plan,surf,infra,situ,vma,nb_vehicules,nb_usagers,nb_indemnes,nb_tues,nb_blesses_hosp,nb_blesses_legers,age_cond_1,age_cond_2,veh_type_cond_1,veh_type_cond_2,lum_code,agg_code,int_code,atm_code,col_code
202100008089,2021-11-16 04:55:00,2021,11,16,4,55,72,72058,D323,47.994115,0.285666,Nuit sans éclairage public,Hors agglomération,Hors intersection,Normale,Deux véhicules - arrière,3,3,4,0,1,1,1,0,1,110,,2,1,0,0,1,54.0,31.0,,,3,1,1,1,2
202100008090,2021-11-03 17:40:00,2021,11,3,17,40,24,24090,Pauliac,45.318632,0.418241,Nuit sans éclairage public,Hors agglomération,Hors intersection,Normale,Deux véhicules - frontale,4,3,2,0,3,3,1,0,1,80,,2,0,0,1,1,29.0,55.0,,,3,1,1,1,1
202100008091,2021-10-14 10:26:00,2021,10,14,10,26,24,24218,La Roche Denier,45.48489,1.047719,Plein jour,Hors agglomération,Hors intersection,Temps éblouissant,Autre collision,9,2,2,0,1,4,1,0,8,80,,1,0,0,1,0,55.0,,,,1,1,1,7,6
202100008092,2021-11-10 14:50:00,2021,11,10,14,50,04,04088,RD 16 (Av Claude Delorme),43.961978,5.784978,Plein jour,En agglomération,Hors intersection,Normale,Sans collision,3,2,2,0,1,1,1,9,1,50,,1,0,0,0,1,17.0,,,,1,2,1,1,7
202100008093,2021-11-16 06:45:00,2021,11,16,6,45,04,04094,RD 82,43.791985,5.848809,Nuit sans éclairage public,Hors agglomération,Hors intersection,Normale,Autre collision,3,2,2,0,2,2,2,0,3,80,,1,0,1,0,0,22.0,,,,3,1,1,1,6
202100008094,2021-11-07 07:53:00,2021,11,7,7,53,85,85090,LA MAURIERE - SAINT MICHEL MONT MERCURE,46.839565,-0.887309,Plein jour,Hors agglomération,Hors intersection,Temps couvert,Autre collision,3,2,2,0,2,2,2,0,8,80,,2,1,0,1,0,28.0,,,,1,1,1,8,6
202100008095,2021-11-13 17:00:00,2021,11,13,17,0,30,30123,D12,43.724669,4.164843,Plein jour,Hors agglomération,Hors intersection,Temps couvert,Deux véhicules - côté,3,2,2,0,1,1,1,2,1,-1,,3,1,0,2,0,64.0,49.0,,,1,1,1,8,3
202100008096,2021-11-16 11:40:00,2021,11,16,11,40,52,52014,D428,47.790897,5.173906,Plein jour,Hors agglomération,Hors intersection,Temps couvert,Sans collision,3,2,2,0,1,3,2,0,3,90,,1,0,0,0,1,38.0,,,,1,1,1,8,7
202100008097,2021-11-16 06:24:00,2021,11,16,6,24,04,04127,A 51,44.066042,5.967196,Nuit sans éclairage public,Hors agglomération,Hors intersection,Normale,Deux véhicules - arrière,1,3,4,0,3,2,2,0,1,130,,3,1,0,0,2,45.0,25.0,,,3,1,1,1,2
202100008098,2021-11-15 20:20:00,2021,11,15,20,20,06,06018,3550 Route des Dolines,43.621722,7.058642,Nuit avec éclairage allumé,En agglomération,Intersection en T,Pluie légère,Deux véhicules - côté,3,2,2,0,2,2,2,5,1,50,,3,2,0,1,0,37.0,20.0,,,5,2,3,2,3
202100008099,2021-11-14 11:50:00,2021,11,14,11,50,33,33122,Avenue Brémontier,44.768419,-0.706569,Plein jour,En agglomération,Intersection en T,Normale,Deux véhicules - côté,4,2,2,0,1,1,1,0,1,50,,2,1,0,0,1,38.0,37.0,,,1,2,3,1,3
202100008100,2021-11-15 23:50:00,2021,11,15,23,50,68,68309,A35,47.675603,7.466766,Nuit sans éclairage public,Hors agglomération,Hors intersection,Normale,Autre collision,1,3,4,0,1,1,1,0,1,130,,1,0,0,0,1,20.0,,,,3,1,1,1,6
202100008101,2021-11-15 15:53:00,2021,11,15,15,53,45,45008,A10,48.082713,1.851684,Plein jour,Hors agglomération,Hors intersection,Normale,Deux véhicules - arrière,1,3,3,0,1,1,1,0,1,-1,,2,1,0,0,1,39.0,38.0,,,1,1,1,1,2
202100008102,2021-11-14 17:15:00,2021,11,14,17,15,987,98722,RT 2 - PK 23+900 C/MER DISTRICT DE TIAREI,-17.591429,-149.382126,Plein jour,Hors agglomération,Hors intersection,Normale,Deux véhicules - côté,2,-1,2,0,1,2,1,0,3,40,,2,0,0,2,0,44.0,,,,1,1,1,1,3
202100008103,2021-11-14 15:45:00,2021,11,14,15,45,987,98722,RT - 2 - PK 31.500 C/MER district de Mahaena,-17.591429,-149.382126,Plein jour,Hors agglomération,Hors intersection,Normale,Deux véhicules - frontale,2,-1,2,0,1,2,1,0,3,40,,1,0,0,1,0,31.0,,,,1,1,1,1,1
202100008104,2021-11-15 22:45:00,2021,11,15,22,45,973,97305,pk42.500 RN1,5.068545,-52.59181,Nuit sans éclairage public,Hors agglomération,Hors intersection,Pluie légère,Deux véhicules - frontale,2,2,2,0,1,1,2,0,1,80,,3,0,0,1,2,44.0,31.0,,,3,1,1,2,1
202100008105,2021-11-14 00:50:00,2021,11,14,0,50,971,97115,Lamoisse,16.2780015012,-61.6654014587,Nuit sans éclairage public,Hors agglomération,Hors intersection,Normale,Deux véhicules - frontale,2,2,2,0,1,1,1,0,1,80,,2,0,1,1,0,21.0,22.0,,,3,1,1,1,1
202100008106,2021-11-12 19:00:00,2021,11,12,19,0,06,06048,1049 d15,43.790144,7.331137,Nuit sans éclairage public,En agglomération,Hors intersection,Normale,Deux véhicules - côté,3,2,2,0,1,1,1,0,1,50,,2,1,0,1,0,48.0,16.0,,,3,2,1,1,3
202100008107,2021-11-15 17:30:00,2021,11,15,17,30,67,67458,D919,48.826228,7.720127,Crépuscule ou aube,Hors agglomération,Hors intersection,Normale,Trois véhicules et plus - collisions multiples,3,2,2,0,1,1,1,0,1,80,,3,1,0,1,1,61.0,48.0,,,2,1,1,1,5
202100008108,2021-11-16 14:48:00,2021,11,16,14,48,74,74220,Route d Annemasse,46.145499,6.267496,Plein jour,Hors agglomération,Hors intersection,Normale,Deux véhicules - côté,3,2,2,0,1,1,1,0,1,80,,2,1,0,0,1,36.0,20.0,,,1,1,1,1,3
202100008109,2021-11-14 18:30:00,2021,11,14,18,30,72,72167,D306,47.77866,-0.221529,Nuit sans éclairage public,Hors agglomération,Hors intersection,Normale,Autre collision,3,2,2,0,1,1,1,0,1,90,,4,2,0,0,2,40.0,32.0,,,3,1,1,1,6
202100008110,2021-11-05 23:30:00,2021,11,5,23,30,14,14530,D223,49.21471,-0.277748,Nuit sans éclairage public,Hors agglomération,Hors intersection,Normale,Autre collision,3,2,2,0,1,1,1,0,1,90,,2,1,0,0,1,44.0,,,,3,1,1,1,6
202100008111,2021-11-08 18:00:00,2021,11,8,18,0,60,60454,D931,49.4011907355,2.338387298,Nuit sans éclairage public,Hors agglomération,Hors intersection,Normale,Autre collision,3,2,2,0,1,1,1,0,1,80,,1,0,0,0,1,27.0,,,,3,1,1,1,6
202100008112,2021-11-12 14:00:00,2021,11,12,14,0,69,69297,A7   15.770 A 20.110,45.62572,4.81569,Plein jour,Hors agglomération,Hors intersection,Normale,Sans collision,1,-1,6,0,1,1,1,0,3,110,,1,0,0,1,0,61.0,,,,1,1,1,1,7
202100008113,2021-11-15 09:05:00,2021,11,15,9,5,33,33065,ROUTE NATIONALE 230,44.81875,-0.520179,Plein jour,Hors agglomération,Hors intersection,Normale,Trois véhicules et plus - collisions multiples,2,3,6,0,1,1,1,3,1,90,,3,1,0,0,2,34.0,73.0,,,1,1,1,1,5
202100008114,2021-11-14 07:40:00,2021,11,14,7,40,59,59507,AUTOROUTE A1,50.608297,3.094481,Nuit sans éclairage public,Hors agglomération,Hors intersection,Pluie légère,Autre collision,1,3,2,0,1,1,2,0,1,90,,2,1,0,0,1,18.0,,,,3,1,1,2,6
202100008115,2021-11-15 18:30:00,2021,11,15,18,30,91,91534,RN 118,48.7169,2.1717,Nuit sans éclairage public,Hors agglomération,Hors intersection,Pluie légère,Sans collision,2,1,4,0,1,3,2,0,1,70,,1,0,0,0,1,22.0,,,,3,1,1,2,7
202100008116,2021-11-15 09:07:00,2021,11,15,9,7,94,94065,AUTOROUTE A106,48.7588572105,2.3474976308,Plein jour,Hors agglomération,Hors intersection,Normale,Trois véhicules et plus - en chaîne,1,1,2,0,1,1,1,0,1,90,,5,3,0,0,2,40.0,48.0,,,1,1,1,1,4
202100008117,2021-11-15 07:55:00,2021,11,15,7,55,94,94038,AUTOROUTE A6B,48.77296,2.346,Crépuscule ou aube,Hors agglomération,Hors intersection,Normale,Deux véhicules - côté,1,1,4,0,1,1,1,0,1,90,,2,1,0,0,1,29.0,18.0,,,2,1,1,1,3
202100008118,2021-11-15 19:15:00,2021,11,15,19,15,92,92050,A14,48.8997355729,2.2119832291,Nuit avec éclairage allumé,Hors agglomération,Hors intersection,Normale,Deux véhicules - arrière,1,1,3,0,1,1,1,1,1,70,,3,2,0,0,1,20.0,30.0,,,5,1,1,1,2
202100008119,2021-11-15 18:15:00,2021,11,15,18,15,78,78242,A12 W,48.82036,2.068639,Nuit sans éclairage public,Hors agglomération,Hors intersection,Pluie légère,Deux véhicules - côté,1,3,4,0,1,1,2,0,1,110,,6,5,0,0,1,26.0,23.0,,,3,1,1,2,3
202100008120,2021-11-15 16:20:00,2021,11,15,16,20,92,92063,A86,48.8865396188,2.1657389402,Plein jour,Hors agglomération,Hors intersection,Normale,Autre collision,1,1,1,0,2,3,1,0,1,50,,1,0,0,0,1,27.0,,,,1,1,1,1,6
202100008121,2021-11-15 19:00:00,2021,11,15,19,0,93,93066,AUTOROUTE A1,48.9217312677,2.3573491055,Nuit avec éclairage allumé,Hors agglomération,Hors intersection,Pluie légère,Deux véhicules - côté,1,3,6,0,1,1,2,0,1,90,,2,1,0,0,1,31.0,22.0,,,5,1,1,2,3
202100008122,2021-11-15 12:05:00,2021,11,15,12,5,93,93005,AUTOROUTE A3,48.9602419884,2.4733228737,Plein jour,Hors agglomération,Hors intersection,Normale,Deux véhicules - côté,1,3,6,0,1,1,1,0,1,90,,2,1,0,0,1,59.0,38.0,,,1,1,1,1,3
202100008123,2021-11-15 08:30:00,2021,11,15,8,30,93,93007,AUTOROUTE A1,48.9542355094,2.4563699919,Crépuscule ou aube,Hors agglomération,Hors intersection,Brouillard / fumée,Trois véhicules et plus - collisions multiples,1,-1,4,0,1,1,1,0,1,110,,4,3,0,0,1,28.0,20.0,,,2,1,1,5,5
202100008124,2021-11-15 08:20:00,2021,11,15,8,20,95,95365,RN 104,49.066049,2.405666,Plein jour,Hors agglomération,Hors intersection,Brouillard / fumée,Sans collision,2,3,4,0,1,1,1,0,1,110,,1,0,0,0,1,26.0,,,,1,1,1,5,7
202100008125,2021-11-15 02:35:00,2021,11,15,2,35,60,60631,AUTOROUTE A1,49.1658967625,2.5990379316,Nuit sans éclairage public,Hors agglomération,Hors intersection,Brouillard / fumée,Deux véhicules - frontale,1,-1,6,0,1,1,1,0,1,130,,2,1,0,0,1,20.0,22.0,,,3,1,1,5,1
202100008126,2021-11-14 22:00:00,2021,11,14,22,0,95,95527,AUTOROUTE A1,48.993897,2.51502,Nuit sans éclairage public,Hors agglomération,Hors intersection,Normale,Deux véhicules - arrière,1,3,10,0,1,1,1,0,1,90,,3,1,0,0,2,26.0,52.0,,,3,1,1,1,2
202100008127,2021-11-15 19:30:00,2021,11,15,19,30,94,94069,A4,48.8174,2.4207,Nuit sans éclairage public,Hors agglomération,Hors intersection,Pluie légère,Trois véhicules et plus - en chaîne,1,3,10,0,1,1,2,0,1,90,,4,3,0,0,1,36.0,46.0,,,3,1,1,2,4
202100008128,2021-11-15 19:20:00,2021,11,15,19,20,77,77146,A4.Y,48.8321,2.654,Crépuscule ou aube,Hors agglomération,Hors intersection,Pluie légère,Autre collision,1,3,6,0,1,1,2,0,1,110,,4,3,0,0,1,29.0,35.0,,,2,1,1,2,6
202100008129,2021-11-15 17:30:00,2021,11,15,17,30,77,77121,A4,48.831141,2.6843,Nuit sans éclairage public,Hors agglomération,Hors intersection,Normale,Autre collision,1,3,6,0,2,1,2,0,1,110,,3,1,0,0,2,47.0,34.0,,,3,1,1,1,6
202100008130,2021-11-15 16:30:00,2021,11,15,16,30,77,77121,A4,48.83114,2.6843,Nuit sans éclairage public,Hors agglomération,Hors intersection,Normale,Autre collision,1,3,6,0,2,1,2,0,1,110,,3,2,0,0,1,33.0,59.0,,,3,1,1,1,6
202100008131,2021-11-15 13:55:00,2021,11,15,13,55,94,94017,A4,48.8266914586,2.5155472755,Plein jour,Hors agglomération,Hors intersection,Normale,Deux véhicules - côté,1,-1,4,0,2,1,1,1,1,90,,2,1,0,0,1,42.0,50.0,,,1,1,1,1,3
202100008132,2021-11-15 10:45:00,2021,11,15,10,45,77,77251,RN104,48.6449826128,2.5455356841,Plein jour,Hors agglomération,Hors intersection,Normale,Autre collision,2,-1,2,0,1,1,1,0,1,90,,2,1,0,0,1,45.0,43.0,,,1,1,1,1,6
202100008133,2021-11-15 09:30:00,2021,11,15,9,30,94,94065,A86 INT,48.7536703681,2.3638663249,Plein jour,Hors agglomération,Hors intersection,Normale,Autre collision,2,1,3,0,1,1,1,1,1,90,,1,0,0,0,1,21.0,,,,1,1,1,1,6
202100008134,2021-11-15 08:30:00,2021,11,15,8,30,94,94028,A86 EXT,48.781553716,2.4411320686,Plein jour,Hors agglomération,Hors intersection,Normale,Deux véhicules - côté,1,1,4,0,1,1,1,0,1,90,,2,1,0,0,1,50.0,20.0,,,1,1,1,1,3
202100008135,2021-11-15 08:10:00,2021,11,15,8,10,75,75112,A4,48.8217469678,2.4622035027,Plein jour,Hors agglomération,Hors intersection,Normale,Deux véhicules - arrière,1,3,4,0,1,3,1,0,1,90,,2,1,0,0,1,44.0,38.0,,,1,1,1,1,2
202100008136,2021-11-10 08:00:00,2021,11,10,8,0,33,33069,Avenue de Tivoli,44.870579,-0.598281,Plein jour,En agglomération,Intersection en X,Normale,Deux véhicules - côté,4,2,2,1,2,1,1,0,1,50,,2,1,0,1,0,17.0,28.0,,,1,2,2,1,3
202100008137,2021-11-10 11:20:00,2021,11,10,11,20,92,92064,MONT VALERIEN,48.8526855067,2.2161537409,Plein jour,En agglomération,Autre intersection,Normale,Autre collision,4,2,2,0,2,1,1,0,1,50,,1,0,0,1,0,55.0,,,,1,2,9,1,6
202100008138,2021-08-24 17:12:00,2021,8,24,17,12,60,60222,,49.469044,2.261918,Plein jour,Hors agglomération,Intersection en X,Normale,Deux véhicules - côté,3,2,2,0,1,1,1,0,1,80,,3,2,0,0,1,74.0,20.0,,,1,1,2,1,3
202100008139,2021-11-14 18:30:00,2021,11,14,18,30,988,98818,RUE DE LA BOUDEUSE,-22.27909,166.47751,Nuit avec éclairage allumé,En agglomération,Hors intersection,Normale,Autre collision,4,2,2,0,1,1,1,0,1,50,,2,1,0,0,1,37.0,,,,5,2,1,1,6
202100008140,2021-11-14 17:21:00,2021,11,14,17,21,65,65440,Giratoire de BASTILLAC ,43.223359,0.046691,Crépuscule ou aube,En agglomération,Giratoire,Pluie légère,Deux véhicules - arrière,2,1,2,0,1,1,2,0,1,50,,2,1,0,0,1,74.0,41.0,,,2,2,6,2,2
202100008141,2021-11-14 07:45:00,2021,11,14,7,45,35,35238,MANIEZ (AVENUE JULES),48.09866,-1.69448,Crépuscule ou aube,En agglomération,Intersection en X,Normale,Trois véhicules et plus - collisions multiples,4,2,2,0,1,1,1,0,1,50,,6,5,0,0,1,32.0,24.0,,,2,2,2,1,5
202100008142,2021-11-13 16:00:00,2021,11,13,16,0,75,75117,BOULEVARD PERIPHERIQUE,48.900645,2.32473,Plein jour,En agglomération,Hors intersection,Normale,Deux véhicules - côté,4,1,4,0,1,1,1,0,1,70,,3,1,0,0,2,67.0,26.0,,,1,2,1,1,3
202100008143,2021-11-14 18:50:00,2021,11,14,18,50,75,75120,RUE D AVRON,48.852316,2.40399,Nuit avec éclairage allumé,En agglomération,Intersection en X,Normale,Deux véhicules - côté,4,2,2,0,1,1,2,0,1,30,,2,1,0,0,1,,17.0,,,5,2,2,1,3
202100008144,2021-11-14 21:45:00,2021,11,14,21,45,75,75119,QUAI DE LA SEINE,48.887124,2.375468,Nuit avec éclairage allumé,En agglomération,Intersection en T,Normale,Deux véhicules - côté,4,1,2,0,1,1,1,0,1,30,,3,2,0,0,1,31.0,22.0,,,5,2,3,1,3
202100008145,2021-11-14 20:00:00,2021,11,14,20,0,75,75109,PLACE SAINT GEORGES,48.878307,2.337548,Nuit avec éclairage allumé,En agglomération,Place,Normale,Deux véhicules - arrière,4,1,1,0,1,2,1,0,1,30,,2,1,0,0,1,35.0,45.0,,,5,2,7,1,2
202100008146,2021-11-14 10:00:00,2021,11,14,10,0,75,75108,AVENUE DES CHAMPS ELYSEES,48.873526,2.295833,Plein jour,En agglomération,Place,Temps couvert,Deux véhicules - côté,4,2,6,0,1,1,2,0,1,50,,2,1,0,0,1,21.0,45.0,,,1,2,7,8,3
202100008147,2021-11-14 02:45:00,2021,11,14,2,45,75,75108,PLACE CHARLES DE GAULLE,48.873526,2.295833,Nuit avec éclairage allumé,En agglomération,Place,Pluie légère,Autre collision,4,1,4,0,1,2,2,0,1,30,,3,0,0,0,3,23.0,,,,5,2,7,2,6
202100008148,2021-11-14 15:45:00,2021,11,14,15,45,75,75107,RUE DE BELLECHASSE,48.859787,2.32434,Plein jour,En agglomération,Hors intersection,Normale,Sans collision,4,1,1,0,1,1,1,0,1,30,,1,0,0,0,1,34.0,,,,1,2,1,1,7
202100008149,2021-11-14 14:35:00,2021,11,14,14,35,75,75104,RUE DE RIVOLI,48.857282,2.352386,Plein jour,En agglomération,Intersection en T,Normale,Autre collision,4,2,2,1,1,1,1,0,1,30,,2,1,0,0,1,21.0,,,,1,2,3,1,6
202100008150,2021-11-14 02:25:00,2021,11,14,2,25,75,75104,RUE DE LA CITE,48.85465,2.347733,Nuit avec éclairage allumé,En agglomération,Intersection en T,Normale,Deux véhicules - arrière,4,1,2,0,1,1,1,0,1,30,,3,1,0,0,2,36.0,26.0,,,5,2,3,1,2
202100008151,2021-11-14 07:15:00,2021,11,14,7,15,94,94016,Rue des Saussaies,48.78674,2.33748,Nuit avec éclairage allumé,En agglomération,Intersection en X,Pluie légère,Deux véhicules - côté,3,2,2,0,4,1,2,9,1,50,,2,1,0,0,1,24.0,30.0,,,5,2,2,2,3
202100008152,2021-11-14 12:00:00,2021,11,14,12,0,94,94034,PASTEUR (BD),48.75756,2.31631,Plein jour,En agglomération,Autre intersection,Normale,Autre collision,3,-1,1,0,1,1,1,0,1,50,,2,1,0,0,1,25.0,,,,1,2,9,1,6
202100008153,2021-11-13 20:45:00,2021,11,13,20,45,94,94054,Rue Christophe Colomb,48.75226,2.41699,Nuit avec éclairage allumé,En agglomération,Passage à niveau,Pluie légère,Autre collision,9,1,1,3,1,1,2,4,8,50,,2,1,0,0,1,27.0,,,,5,2,8,2,6
202100008154,2021-11-13 20:15:00,2021,11,13,20,15,94,94079,Boulevard de Friedberg,48.83486,2.54718,Nuit avec éclairage allumé,En agglomération,Intersection en X,Normale,Deux véhicules - côté,3,3,4,0,1,1,1,0,1,50,,3,1,0,0,2,48.0,24.0,,,5,2,2,1,3
202100008155,2021-11-14 15:29:00,2021,11,14,15,29,93,93064,ALSACE-LORRAINE (BOULEVARD),48.8846366781,2.4837100445,Plein jour,En agglomération,Hors intersection,Normale,Deux véhicules - arrière,3,3,4,0,1,1,1,0,1,50,,2,1,0,0,1,50.0,40.0,,,1,2,1,1,2
202100008156,2021-11-14 02:08:00,2021,11,14,2,8,93,93001,FELIX FAURE (BLD) => 121,48.9081931241,2.3775177422,Nuit avec éclairage allumé,En agglomération,Hors intersection,Normale,Deux véhicules - côté,3,2,2,0,1,1,1,9,1,50,,3,1,0,2,0,17.0,27.0,,,5,2,1,1,3
202100008157,2021-11-14 15:55:00,2021,11,14,15,55,92,92048,Place Rabelais,48.8114902659,2.2366538644,Plein jour,En agglomération,Hors intersection,Temps couvert,Sans collision,4,2,0,0,2,1,1,0,1,50,,1,0,0,0,1,54.0,,,,1,2,1,8,7
202100008158,2021-11-14 20:35:00,2021,11,14,20,35,92,92040,Avenue Victor Cresson,48.8227146395,2.268499732,Nuit avec éclairage allumé,En agglomération,Hors intersection,Normale,Deux véhicules - côté,3,-1,2,0,1,1,1,0,1,30,,2,1,0,0,1,27.0,,,,5,2,1,1,3
202100008159,2021-11-15 05:15:00,2021,11,15,5,15,974,97415,Chemin d Eau,-21.086742,55.27403,Crépuscule ou aube,Hors agglomération,Hors intersection,Normale,Sans collision,3,2,2,0,2,1,1,0,3,90,,2,1,1,0,0,25.0,,,,2,1,1,1,7
202100008160,2021-11-14 14:50:00,2021,11,14,14,50,38,38425,rue sacco et vanzetti,45.379493,4.791343,Plein jour,En agglomération,Hors intersection,Pluie légère,Sans collision,3,2,2,0,1,1,2,0,4,50,,1,0,0,1,0,16.0,,,,1,2,1,2,7
202100008161,2021-11-14 21:25:00,2021,11,14,21,25,38,38114,Plateau de Louze N7,45.407987,4.81184,Nuit sans éclairage public,Hors agglomération,Intersection en T,Normale,Deux véhicules - côté,2,2,2,0,1,1,1,5,1,80,,4,0,1,3,0,19.0,29.0,,,3,1,3,1,3
202100008162,2021-11-15 17:10:00,2021,11,15,17,10,28,28088,Rue du Coq,48.067949,1.329893,Crépuscule ou aube,En agglomération,Hors intersection,Normale,Deux véhicules - frontale,3,2,2,0,2,1,1,0,1,50,,3,2,0,1,0,19.0,19.0,,,2,2,1,1,1
202100008163,2021-11-15 11:50:00,2021,11,15,11,50,83,83004,Route Departementale 555,43.485559,6.484938,Plein jour,Hors agglomération,Hors intersection,Pluie forte,Trois véhicules et plus - collisions multiples,3,2,2,0,2,3,2,0,1,80,,3,1,0,1,1,56.0,25.0,,,1,1,1,3,5
202100008164,2021-11-13 09:30:00,2021,11,13,9,30,46,46148,Route de Cahors,44.341733,1.543289,Plein jour,En agglomération,Hors intersection,Normale,Sans collision,3,2,2,0,1,1,1,0,4,50,,1,0,0,1,0,49.0,,,,1,2,1,1,7
202100008165,2021-11-13 16:20:00,2021,11,13,16,20,01,01194,D933,45.960895,4.750568,Crépuscule ou aube,En agglomération,Hors intersection,Temps couvert,Deux véhicules - frontale,3,2,2,0,2,3,2,0,1,80,,2,0,0,0,2,21.0,50.0,,,2,2,1,8,1
202100008166,2021-11-01 16:40:00,2021,11,1,16,40,01,01075,D75,46.029148,4.799844,Crépuscule ou aube,En agglomération,Hors intersection,Normale,Autre collision,3,2,2,0,1,1,1,0,1,50,,2,1,0,0,1,84.0,,,,2,2,1,1,6
202100008167,2021-11-15 08:00:00,2021,11,15,8,0,30,30067,D982,44.035985,4.543619,Plein jour,Hors agglomération,Hors intersection,Pluie légère,Deux véhicules - frontale,3,2,2,0,1,1,2,0,1,70,,3,0,1,1,1,48.0,21.0,,,1,1,1,2,1
202100008168,2021-11-14 22:20:00,2021,11,14,22,20,83,83047,D554b,43.152141433,6.0825955868,Nuit sans éclairage public,Hors agglomération,Hors intersection,Pluie légère,Deux véhicules - côté,7,2,2,0,1,1,2,0,1,70,,4,0,0,2,2,19.0,21.0,,,3,1,1,2,3
202100008169,2021-11-15 18:00:00,2021,11,15,18,0,77,77436,D66,48.801889,3.211328,Nuit avec éclairage allumé,En agglomération,Intersection en X,Temps couvert,Deux véhicules - côté,3,2,2,0,1,1,2,0,1,70,,3,2,0,1,0,52.0,18.0,,,5,2,2,8,3
202100008170,2021-11-14 19:40:00,2021,11,14,19,40,62,62255,d254,50.701459,1.79472,Nuit sans éclairage public,Hors agglomération,Hors intersection,Normale,Autre collision,3,2,2,0,1,2,2,0,1,80,,1,0,0,1,0,14.0,,,,3,1,1,1,6
202100008171,2021-11-15 16:20:00,2021,11,15,16,20,51,51545,D79,48.745659,4.212586,Plein jour,Hors agglomération,Hors intersection,Pluie légère,Deux véhicules - frontale,3,2,2,0,1,1,2,0,1,90,,3,0,0,2,1,29.0,56.0,,,1,1,1,2,1
202100008172,2021-11-14 19:00:00,2021,11,14,19,0,51,51088,D966,49.334449,4.032991,Nuit sans éclairage public,Hors agglomération,Hors intersection,Normale,Deux véhicules - côté,3,2,2,0,1,1,1,0,1,90,,3,2,0,0,1,63.0,36.0,,,3,1,1,1,3
202100008173,2021-11-15 12:30:00,2021,11,15,12,30,76,76595,départementale 139,49.635672,0.190507,Plein jour,Hors agglomération,Intersection en Y,Normale,Autre collision,3,2,2,0,1,2,1,0,1,80,,2,1,0,1,0,29.0,60.0,,,1,1,4,1,6
202100008174,2021-11-13 02:25:00,2021,11,13,2,25,82,82093,Migou,43.915296,1.078752,Nuit sans éclairage public,Hors agglomération,Hors intersection,Temps couvert,Autre collision,4,2,2,0,1,1,1,0,3,80,,1,0,0,1,0,25.0,,,,3,1,1,8,6
202100008175,2021-11-15 17:15:00,2021,11,15,17,15,71,71281,Lieu dit La palissade,46.598462,4.127469,Crépuscule ou aube,Hors agglomération,Hors intersection,Pluie légère,Deux véhicules - frontale,3,2,2,0,2,1,2,0,1,80,,3,0,2,0,1,76.0,61.0,,,2,1,1,2,1
202100008176,2021-11-12 10:25:00,2021,11,12,10,25,71,71073,Rue du 11 Novembre 1918,46.903567,4.758942,Plein jour,En agglomération,Hors intersection,Normale,Autre collision,3,2,2,0,1,1,1,0,4,50,,2,1,0,0,1,33.0,,,,1,2,1,1,6
202100008177,2021-11-14 19:45:00,2021,11,14,19,45,63,63210,place de la fontaine,45.922076,3.3286,Nuit avec éclairage allumé,En agglomération,Giratoire,Pluie légère,Autre collision,4,2,1,0,2,1,2,0,1,50,,4,0,0,4,0,27.0,,,,5,2,6,2,6
202100008178,2021-11-09 17:10:00,2021,11,9,17,10,63,63010,Lieu Dit la Naute,45.426016,3.724494,Crépuscule ou aube,Hors agglomération,Intersection en X,Normale,Autre collision,3,2,2,0,1,1,1,0,1,80,,2,0,0,0,2,33.0,,,,2,1,2,1,6
202100008179,2021-10-29 18:40:00,2021,10,29,18,40,61,61098,Rue des Sainfoins,48.587789,0.167364,Crépuscule ou aube,En agglomération,Hors intersection,Pluie légère,Sans collision,4,2,2,0,1,2,6,0,1,90,,1,0,0,1,0,20.0,,,,2,2,1,2,7
202100008180,2021-11-15 09:10:00,2021,11,15,9,10,55,55447,Rd 604,48.642026,5.062058,Plein jour,Hors agglomération,Hors intersection,Pluie légère,Autre collision,3,2,2,0,1,1,2,0,3,80,,1,0,0,1,0,35.0,,,,1,1,1,2,6
202100008181,2021-11-14 14:10:00,2021,11,14,14,10,49,49046,D162,47.186286,-0.008004,Plein jour,Hors agglomération,Hors intersection,Normale,Autre collision,3,2,2,0,2,3,1,0,3,80,,1,0,0,1,0,39.0,,,,1,1,1,1,6
202100008182,2021-11-14 20:45:00,2021,11,14,20,45,42,42013,Route de Saint Galmier,45.636502,4.300933,Nuit avec éclairage allumé,En agglomération,Hors intersection,Normale,Deux véhicules - frontale,3,2,2,0,1,1,2,0,1,50,,2,1,0,0,1,34.0,43.0,,,5,2,1,1,1
202100008183,2021-11-15 09:05:00,2021,11,15,9,5,47,47104,Route de la Vallée de la Masse,44.266193,0.475695,Plein jour,Hors agglomération,Intersection en X,Normale,Deux véhicules - côté,4,2,2,0,1,1,1,0,1,80,,2,1,1,0,0,58.0,77.0,,,1,1,2,1,3