accident_id,datetime,annee,mois,jour,heure,minute,departement,commune_insee,adresse,latitude,longitude,luminosite,agglomeration,intersection,meteo,collision,catr,circ,nbv,vosp,prof,plan,surf,infra,situ,vma,nb_vehicules,nb_usagers,nb_indemnes,nb_tues,nb_blesses_hosp,nb_blesses_legers,age_cond_1,age_cond_2,veh_type_cond_1,veh_type_cond_2,lum_code,agg_code,int_code,atm_code,col_code
202100008184,2021-11-14 11:30:00,2021,11,14,11,30,41,41116,L Epau,47.856291,1.108578,Plein jour,Hors agglomération,Intersection en T,Pluie légère,Sans collision,4,2,2,0,1,3,2,0,1,80,,1,0,0,1,0,61.0,,,,1,1,3,2,7
202100008185,2021-11-14 18:50:00,2021,11,14,18,50,34,34205,D35e2,43.740092,3.28907,Nuit sans éclairage public,Hors agglomération,Hors intersection,Normale,Sans collision,3,2,2,0,1,1,1,0,3,90,,1,0,0,1,0,19.0,,,,3,1,1,1,7
202100008186,2021-11-13 19:20:00,2021,11,13,19,20,68,68182,D12b,47.510549,7.48641,Nuit sans éclairage public,Hors agglomération,Hors intersection,Pluie légère,Deux véhicules - côté,3,2,2,0,2,3,2,0,1,80,,3,1,0,1,1,45.0,69.0,,,3,1,1,2,3
202100008187,2021-11-12 16:30:00,2021,11,12,16,30,38,38422,Route d Uriage,45.13828,5.82623,Plein jour,Hors agglomération,Hors intersection,Normale,Autre collision,3,2,2,0,1,1,1,0,1,90,,4,3,0,0,1,43.0,29.0,,,1,1,1,1,6
202100008188,2021-11-15 07:55:00,2021,11,15,7,55,02,02464,N2,49.421076,3.403093,Plein jour,Hors agglomération,Hors intersection,Normale,Trois véhicules et plus - collisions multiples,2,2,2,0,1,1,1,0,1,80,,4,0,0,1,3,37.0,54.0,,,1,1,1,1,5
202100008189,2021-11-12 18:20:00,2021,11,12,18,20,15,15154,Les Conrocqs,44.956224,2.589095,Crépuscule ou aube,Hors agglomération,Hors intersection,Normale,Trois véhicules et plus - collisions multiples,2,2,2,0,1,1,1,0,1,80,,5,0,0,2,3,43.0,58.0,,,2,1,1,1,5
202100008190,2021-11-15 07:15:00,2021,11,15,7,15,01,01437,Route de la Métrode,46.4500103586,5.0243968862,Crépuscule ou aube,Hors agglomération,Intersection en X,Normale,Deux véhicules - côté,3,2,1,0,1,1,2,0,1,80,,3,1,0,0,2,40.0,46.0,,,2,1,2,1,3
202100008191,2021-11-08 11:30:00,2021,11,8,11,30,50,50364,"Lieu dit ""La Bretonnière",49.151668,-1.450844,Plein jour,Hors agglomération,Hors intersection,Normale,Autre collision,3,2,2,0,1,1,1,0,1,80,,1,0,0,0,1,28.0,,,,1,1,1,1,6
202100008192,2021-11-15 08:30:00,2021,11,15,8,30,45,45104,D40-PR3+990,48.046053,2.706934,Plein jour,Hors agglomération,Intersection en T,Temps couvert,Deux véhicules - frontale,3,2,2,0,1,1,2,0,1,90,,3,0,1,0,2,33.0,60.0,,,1,1,3,8,1
202100008193,2021-11-15 13:20:00,2021,11,15,13,20,16,16277,RD 194 - la flaudrie,45.739316,-0.26644,Plein jour,Hors agglomération,Hors intersection,Normale,Sans collision,3,2,2,0,1,2,1,0,8,80,,1,0,0,1,0,23.0,,,,1,1,1,1,7
202100008194,2021-11-15 10:15:00,2021,11,15,10,15,07,07195,départementale 278,44.919628,4.242868,Plein jour,Hors agglomération,Hors intersection,Normale,Sans collision,3,2,2,0,2,3,1,0,3,80,,1,0,1,0,0,58.0,,,,1,1,1,1,7
202100008195,2021-11-08 17:30:00,2021,11,8,17,30,40,40284,Route de Bayonne,43.648987,-1.327366,Crépuscule ou aube,Hors agglomération,Intersection en T,Normale,Deux véhicules - arrière,3,2,2,3,1,1,1,0,1,80,,2,1,0,1,0,30.0,34.0,,,2,1,3,1,2
202100008196,2021-11-14 19:10:00,2021,11,14,19,10,24,24540,8 Route de la Brigade Rac,45.289992,0.829083,Nuit sans éclairage public,Hors agglomération,Intersection en X,Normale,Deux véhicules - frontale,3,2,2,0,4,1,1,0,1,80,,3,2,0,1,0,18.0,20.0,,,3,1,2,1,1
202100008197,2021-11-15 16:55:00,2021,11,15,16,55,17,17434,D911 bis,46.094603,-0.740912,Plein jour,Hors agglomération,Hors intersection,Normale,Deux véhicules - frontale,3,2,2,0,1,2,1,0,1,80,,4,0,0,4,0,20.0,36.0,,,1,1,1,1,1
202100008198,2021-11-13 13:40:00,2021,11,13,13,40,30,30228,RD979,43.931528,4.386549,Plein jour,Hors agglomération,Hors intersection,Normale,Deux véhicules - frontale,3,2,2,0,2,4,1,0,1,70,,2,1,0,1,0,21.0,59.0,,,1,1,1,1,1
202100008199,2021-11-15 08:00:00,2021,11,15,8,0,48,48128,D806,44.78145,3.296467,Plein jour,Hors agglomération,Intersection en T,Normale,Deux véhicules - arrière,3,2,2,0,4,3,1,0,8,90,,2,0,0,0,2,19.0,33.0,,,1,1,3,1,2
202100008200,2021-11-13 20:40:00,2021,11,13,20,40,987,98752,RT1,-17.772054,-149.412378,Nuit sans éclairage public,Hors agglomération,Hors intersection,Normale,Deux véhicules - côté,2,2,2,2,1,1,1,0,1,60,,2,1,0,1,0,50.0,28.0,,,3,1,1,1,3
202100008201,2021-11-15 05:30:00,2021,11,15,5,30,42,42020,A72,45.628745,4.19858,Nuit sans éclairage public,Hors agglomération,Hors intersection,Normale,Deux véhicules - arrière,1,3,4,0,1,1,1,0,1,130,,2,1,0,0,1,63.0,29.0,,,3,1,1,1,2
202100008202,2021-11-10 12:15:00,2021,11,10,12,15,82,82134,Chemin Barthelot Coulassy,44.060137,1.498443,Plein jour,Hors agglomération,Intersection en X,Normale,Deux véhicules - côté,4,2,2,0,1,1,1,0,1,80,,3,2,0,0,1,56.0,15.0,,,1,1,2,1,3
202100008203,2021-11-15 08:00:00,2021,11,15,8,0,49,49283,Départementale 961,47.39283,-0.756426,Crépuscule ou aube,Hors agglomération,Hors intersection,Brouillard / fumée,Trois véhicules et plus - collisions multiples,3,2,2,0,2,2,2,0,1,80,,3,1,0,1,1,26.0,51.0,,,2,1,1,5,5
202100008204,2021-11-05 08:30:00,2021,11,5,8,30,38,38486,Avenue de Grenoble,45.16868,5.691798,Plein jour,En agglomération,Hors intersection,Normale,Autre collision,7,2,2,0,1,1,1,0,1,50,,2,1,0,1,0,54.0,,,,1,2,1,1,6
202100008205,2021-11-15 17:00:00,2021,11,15,17,0,77,77183,D407,48.941613,3.130344,Crépuscule ou aube,En agglomération,Intersection en X,Pluie légère,Autre collision,3,2,2,0,2,1,2,0,1,50,,3,2,0,1,0,22.0,,,,2,2,2,2,6
202100008206,2021-11-15 06:45:00,2021,11,15,6,45,95,95641,RD 16,49.062142,2.568146,Nuit sans éclairage public,Hors agglomération,Hors intersection,Brouillard / fumée,Deux véhicules - arrière,3,2,2,0,1,3,1,0,1,80,,2,0,0,0,2,28.0,29.0,,,3,1,1,5,2
202100008207,2021-11-13 14:40:00,2021,11,13,14,40,34,34128,d 986,43.915733,3.728072,Plein jour,Hors agglomération,Hors intersection,Normale,Trois véhicules et plus - collisions multiples,3,2,2,0,1,2,1,0,1,50,,3,1,0,0,2,21.0,22.0,,,1,1,1,1,5
202100008208,2021-11-14 12:15:00,2021,11,14,12,15,13,13097,Départementale 27,43.637212,4.847679,Plein jour,Hors agglomération,Hors intersection,Normale,Deux véhicules - arrière,3,2,2,0,1,1,1,0,1,70,,2,1,0,1,0,32.0,19.0,,,1,1,1,1,2
202100008209,2021-11-15 16:20:00,2021,11,15,16,20,69,69243,GARIBALDI (BD),45.8890273172,4.4376182556,Plein jour,En agglomération,Hors intersection,Temps couvert,Autre collision,4,2,2,0,1,1,1,0,6,50,,2,1,0,1,0,54.0,,,,1,2,1,8,6
202100008210,2021-11-06 12:20:00,2021,11,6,12,20,33,33449,Avenue Montesquieu,44.895538,-0.720255,Plein jour,En agglomération,Hors intersection,Normale,Autre collision,4,2,2,0,1,2,1,0,1,50,,2,1,0,1,0,56.0,,,,1,2,1,1,6
202100008211,2021-11-14 17:15:00,2021,11,14,17,15,50,50643,D650,49.575763,-1.71258,Crépuscule ou aube,Hors agglomération,Hors intersection,Pluie légère,Deux véhicules - frontale,3,2,2,0,2,1,2,0,8,80,,2,0,0,1,1,18.0,18.0,,,2,1,1,2,1
202100008212,2021-11-14 15:45:00,2021,11,14,15,45,60,60466,RD 101,49.43572,2.527606,Plein jour,Hors agglomération,Intersection en X,Normale,Deux véhicules - côté,3,2,2,0,1,1,1,0,1,80,,2,1,0,0,1,31.0,68.0,,,1,1,2,1,3
202100008213,2021-11-15 16:40:00,2021,11,15,16,40,60,60700,Route Nationale 1,49.3815225263,2.1483893393,Plein jour,Hors agglomération,Hors intersection,Brouillard / fumée,Deux véhicules - frontale,3,2,0,0,3,1,2,0,1,90,,2,1,0,0,1,27.0,28.0,,,1,1,1,5,1
202100008214,2021-11-14 19:18:00,2021,11,14,19,18,13,13005,A50 - Sens Aubagne vers Marseille,43.2665,5.5878,Nuit sans éclairage public,Hors agglomération,Hors intersection,Pluie légère,Trois véhicules et plus - collisions multiples,1,1,3,0,2,1,2,0,1,110,,4,2,0,0,2,39.0,28.0,,,3,1,1,2,5
202100008215,2021-11-14 18:28:00,2021,11,14,18,28,69,69122,A6   433.690 A 435.100,45.9161801308,4.7262241277,Nuit sans éclairage public,Hors agglomération,Hors intersection,Normale,Deux véhicules - arrière,1,3,4,0,1,1,1,0,1,130,,4,3,0,0,1,22.0,32.0,,,3,1,1,1,2
202100008216,2021-11-14 04:10:00,2021,11,14,4,10,69,69259,RD383   11.0044 A 11.460,45.7222080507,4.8875051737,Nuit avec éclairage allumé,Hors agglomération,Hors intersection,Pluie légère,Trois véhicules et plus - en chaîne,7,1,3,0,1,1,2,0,1,70,,4,3,0,0,1,22.0,,,,5,1,1,2,4
202100008217,2021-11-14 10:00:00,2021,11,14,10,0,42,42237,N88,45.44305,4.46423,Plein jour,Hors agglomération,Autre intersection,Temps couvert,Autre collision,2,3,6,0,1,2,2,0,1,110,,2,0,0,2,0,26.0,,,,1,1,9,8,6
202100008218,2021-11-14 10:20:00,2021,11,14,10,20,94,94034,AUTOROUTE A86,48.75544,2.34152,Plein jour,Hors agglomération,Hors intersection,Normale,Sans collision,1,1,3,0,1,2,2,0,1,70,,1,0,0,0,1,22.0,,,,1,1,1,1,7
202100008219,2021-11-14 07:05:00,2021,11,14,7,5,94,94034,AUTOROUTE A86,48.7587067382,2.3243379593,Nuit sans éclairage public,Hors agglomération,Hors intersection,Pluie légère,Autre collision,1,1,2,0,2,2,2,0,1,70,,3,1,0,0,2,21.0,,,,3,1,1,2,6
202100008220,2021-11-14 18:00:00,2021,11,14,18,0,78,78043,A13W,48.847743,2.076566,Nuit sans éclairage public,Hors agglomération,Hors intersection,Normale,Trois véhicules et plus - en chaîne,1,3,2,0,1,1,2,0,1,110,,6,5,0,0,1,21.0,35.0,,,3,1,1,1,4
202100008221,2021-11-14 17:55:00,2021,11,14,17,55,93,93064,AUTOROUTE A86,48.88283,2.47107,Nuit sans éclairage public,Hors agglomération,Hors intersection,Normale,Deux véhicules - arrière,1,3,6,0,1,1,1,0,1,90,,2,0,0,0,2,26.0,24.0,,,3,1,1,1,2
202100008222,2021-11-14 14:00:00,2021,11,14,14,0,93,93007,AUTOROUTE A1,48.94706,2.44289,Plein jour,Hors agglomération,Hors intersection,Normale,Deux véhicules - arrière,1,3,4,0,1,1,1,1,1,110,,5,4,0,0,1,29.0,25.0,,,1,1,1,1,2
202100008223,2021-11-14 10:00:00,2021,11,14,10,0,95,95572, A15,49.0309685426,2.1222091039,Plein jour,Hors agglomération,Hors intersection,Normale,Autre collision,1,-1,3,0,2,3,1,3,2,50,,1,0,0,0,1,22.0,,,,1,1,1,1,6
202100008224,2021-11-14 06:00:00,2021,11,14,6,0,95,95572,A15,49.03095,2.12216,Nuit sans éclairage public,Hors agglomération,Hors intersection,Pluie légère,Trois véhicules et plus - en chaîne,1,3,8,0,1,1,2,0,1,90,,3,2,0,0,1,32.0,25.0,,,3,1,1,2,4
202100008225,2021-11-13 12:55:00,2021,11,13,12,55,95,95028,RN 104,49.060161,2.355538,Plein jour,Hors agglomération,Hors intersection,Pluie légère,Deux véhicules - arrière,2,3,4,0,1,1,2,0,1,110,,2,1,0,0,1,31.0,29.0,,,1,1,1,2,2
202100008226,2021-11-14 08:15:00,2021,11,14,8,15,93,93007,AUTOROUTE A1,48.9509602862,2.4498930167,Crépuscule ou aube,Hors agglomération,Hors intersection,Pluie légère,Autre collision,1,3,4,0,1,1,2,0,1,110,,2,1,0,0,1,45.0,23.0,,,2,1,1,2,6
202100008227,2021-11-13 19:00:00,2021,11,13,19,0,95,95306, A15,49.00019,2.17385,Nuit sans éclairage public,Hors agglomération,Hors intersection,Normale,Deux véhicules - arrière,1,3,6,0,1,1,1,0,1,110,,5,2,0,0,3,57.0,41.0,,,3,1,1,1,2
202100008228,2021-11-13 16:50:00,2021,11,13,16,50,93,93053,AUTOROUTE A86,48.90426,2.46593,Crépuscule ou aube,Hors agglomération,Hors intersection,Pluie légère,Deux véhicules - arrière,1,3,4,0,1,1,2,0,1,90,,4,2,0,0,2,41.0,19.0,,,2,1,1,2,2
202100008229,2021-11-13 17:15:00,2021,11,13,17,15,93,93005,AUTOROUTE A3,48.93253,2.48065,Crépuscule ou aube,Hors agglomération,Hors intersection,Normale,Trois véhicules et plus - en chaîne,1,3,8,0,1,1,2,9,6,110,,3,2,0,0,1,49.0,33.0,,,2,1,1,1,4
202100008230,2021-11-13 17:00:00,2021,11,13,17,0,93,93048,AUTOROUTE A86,48.86242,2.48303,Nuit sans éclairage public,Hors agglomération,Hors intersection,Pluie légère,Deux véhicules - côté,1,3,3,0,1,1,2,0,1,90,,2,1,0,0,1,24.0,21.0,,,3,1,1,2,3
202100008231,2021-11-13 15:00:00,2021,11,13,15,0,93,93013,AUTOROUTE A1,48.93972,2.42016,Plein jour,Hors agglomération,Hors intersection,Pluie légère,Trois véhicules et plus - en chaîne,1,3,8,0,2,1,2,9,1,90,,4,3,0,0,1,69.0,47.0,,,1,1,1,2,4
202100008232,2021-11-10 18:10:00,2021,11,10,18,10,07,07019,MONTELIMAR ( ROUTE DE ),44.61544,4.40248,Nuit avec éclairage allumé,En agglomération,Hors intersection,Normale,Autre collision,4,2,2,0,2,1,1,9,1,50,,2,1,0,0,1,,,,,5,2,1,1,6
202100008233,2021-11-08 12:45:00,2021,11,8,12,45,42,42095,Rue Jean Jaurès,45.38879,4.28676,Plein jour,En agglomération,Intersection en T,Normale,Deux véhicules - frontale,4,2,2,0,1,1,1,0,1,30,,2,1,0,0,1,,28.0,,,1,2,3,1,1
202100008234,2021-11-08 16:15:00,2021,11,8,16,15,75,75108,AVENUE DES CHAMPS ELYSEES,48.872553,2.298729,Plein jour,En agglomération,Hors intersection,Normale,Deux véhicules - arrière,4,2,8,1,2,1,1,0,1,30,,2,1,0,0,1,43.0,31.0,,,1,2,1,1,2
202100008235,2021-11-08 16:50:00,2021,11,8,16,50,27,27229,RUGBY (RUE DE),49.00879,1.15997,Crépuscule ou aube,En agglomération,Place,Normale,Autre collision,4,2,0,0,1,1,1,0,1,50,,2,1,0,0,1,42.0,,,,2,2,7,1,6
202100008236,2021-11-04 17:05:00,2021,11,4,17,5,06,06012,AGERBOL (AVENUE D'),43.75361,7.43087,Crépuscule ou aube,En agglomération,Hors intersection,Normale,Autre collision,3,2,2,0,2,3,1,0,1,50,,2,0,0,1,1,42.0,,,,2,2,1,1,6
202100008237,2021-08-22 03:25:00,2021,8,22,3,25,78,78686,,48.801049,2.16212,Nuit avec éclairage allumé,En agglomération,Intersection en T,Normale,Sans collision,3,2,-1,-1,1,1,1,0,1,-1,,1,0,0,1,0,38.0,,,,5,2,3,1,7
202100008238,2021-10-23 18:35:00,2021,10,23,18,35,68,68224,BRIAND (AVENUE ARISTIDE),47.7485338678,7.3242491484,Nuit avec éclairage allumé,En agglomération,Hors intersection,Normale,Autre collision,4,2,2,0,1,1,1,0,1,50,,2,1,0,1,0,34.0,,,,5,2,1,1,6
202100008239,2021-11-14 01:25:00,2021,11,14,1,25,974,97407,08 MARS(RUE DU),-20.939736,55.300264,Nuit avec éclairage allumé,En agglomération,Hors intersection,Normale,Autre collision,4,2,2,0,1,1,1,0,1,50,,1,0,0,0,1,18.0,,,,5,2,1,1,6
202100008240,2021-11-13 23:40:00,2021,11,13,23,40,69,69388,MARIUS BERLIET (R),45.73857,4.8671,Nuit avec éclairage allumé,En agglomération,Hors intersection,Pluie légère,Deux véhicules - arrière,4,1,2,3,1,1,2,0,1,50,,3,2,0,0,1,22.0,21.0,,,5,2,1,2,2
202100008241,2021-11-13 22:40:00,2021,11,13,22,40,69,69383,BONNAND (R),45.74931,4.88394,Nuit avec éclairage allumé,En agglomération,Intersection en X,Pluie légère,Autre collision,4,1,1,2,1,1,2,0,1,50,,4,3,0,0,1,23.0,,,,5,2,2,2,6
202100008242,2021-11-12 18:00:00,2021,11,12,18,0,972,97209,AUTOROUTE (A1),14.61835,-61.03621,Nuit avec éclairage allumé,Hors agglomération,Hors intersection,Pluie légère,Trois véhicules et plus - en chaîne,1,1,3,0,3,1,2,0,1,90,,4,3,0,0,1,29.0,61.0,,,5,1,1,2,4
202100008243,2021-11-13 21:45:00,2021,11,13,21,45,69,69286,AMPERE (R),45.81918,4.8998,Nuit avec éclairage allumé,En agglomération,Hors intersection,Pluie légère,Sans collision,4,2,2,1,2,2,2,0,1,50,,1,0,0,0,1,21.0,,,,5,2,1,2,7
202100008244,2021-11-13 20:50:00,2021,11,13,20,50,95,95277,MOULIN JEAN,48.99504,2.42825,Nuit avec éclairage allumé,En agglomération,Intersection en T,Pluie légère,Deux véhicules - côté,4,2,2,0,1,1,2,0,1,50,,2,1,0,1,0,32.0,32.0,,,5,2,3,2,3
202100008245,2021-11-13 21:55:00,2021,11,13,21,55,83,83137,JOFFRE (BD MARECHAL),43.12421,5.95458,Nuit avec éclairage allumé,En agglomération,Hors intersection,Normale,Deux véhicules - côté,7,4,2,0,1,1,1,0,1,50,,2,0,0,1,1,18.0,25.0,,,5,2,1,1,3
202100008246,2021-11-13 21:15:00,2021,11,13,21,15,77,77518,D607,48.487169,2.59003,Nuit sans éclairage public,Hors agglomération,Hors intersection,Normale,Autre collision,3,2,2,0,1,1,2,0,1,90,,1,0,1,0,0,21.0,,,,3,1,1,1,6
202100008247,2021-11-13 14:40:00,2021,11,13,14,40,13,13071,CHEMIN DEPARTEMENTAL 6 (OUEST),43.41423,5.34737,Plein jour,En agglomération,Hors intersection,Normale,Deux véhicules - côté,7,-1,1,0,2,1,1,0,1,70,,2,1,0,1,0,29.0,24.0,,,1,2,1,1,3
202100008248,2021-11-13 21:13:00,2021,11,13,21,13,06,06088,ARIANE (BD DE L'),43.734234,7.293114,Nuit avec éclairage allumé,En agglomération,Hors intersection,Normale,Autre collision,4,3,4,0,1,1,1,0,1,50,,5,0,1,0,4,19.0,,,,5,2,1,1,6
202100008249,2021-08-26 20:10:00,2021,8,26,20,10,30,30028,LAGARAUD (CHEMIN DE),44.15352,4.608,Plein jour,En agglomération,Intersection en T,Normale,Deux véhicules - côté,4,2,2,0,1,1,1,0,1,50,,2,1,0,0,1,71.0,23.0,,,1,2,3,1,3
202100008250,2021-11-12 13:10:00,2021,11,12,13,10,69,69387,MARC BLOCH (R),45.74702,4.84569,Plein jour,En agglomération,Intersection en X,Normale,Deux véhicules - côté,4,1,3,3,1,1,1,0,1,50,,2,1,0,0,1,28.0,23.0,,,1,2,2,1,3
202100008251,2021-11-13 18:40:00,2021,11,13,18,40,75,75113,BOULEVARD PERIPHERIQUE,48.816707,2.365107,Nuit avec éclairage allumé,En agglomération,Hors intersection,Normale,Trois véhicules et plus - en chaîne,4,1,4,0,1,2,1,0,1,70,,3,2,0,0,1,29.0,56.0,,,5,2,1,1,4
202100008252,2021-11-12 22:31:00,2021,11,12,22,31,75,75105,RUE SOUFFLOT,48.847198,2.34149,Nuit avec éclairage allumé,En agglomération,Hors intersection,Normale,Deux véhicules - côté,4,2,2,0,2,1,1,0,1,30,,5,3,0,1,1,18.0,30.0,,,5,2,1,1,3
202100008253,2021-11-12 15:26:00,2021,11,12,15,26,75,75107,QUAI D ORSAY,48.8629032145,2.3152506351,Plein jour,En agglomération,Intersection en T,Normale,Deux véhicules - côté,4,2,4,1,1,1,1,0,1,30,,3,2,0,1,0,33.0,45.0,,,1,2,3,1,3
202100008254,2021-11-12 00:30:00,2021,11,12,0,30,75,75107,RUE ROUSSELET,48.850149948,2.3177236319,Nuit avec éclairage allumé,En agglomération,Intersection en T,Normale,Autre collision,4,-1,1,0,1,1,1,0,1,30,,1,0,0,1,0,57.0,,,,5,2,3,1,6
202100008255,2021-11-13 02:40:00,2021,11,13,2,40,75,75120,RUE DE MENILMONTANT,48.867929,2.386642,Nuit avec éclairage allumé,En agglomération,Intersection en T,Temps couvert,Autre collision,4,2,2,0,2,1,2,0,1,30,,3,2,0,0,1,,,,,5,2,3,8,6
202100008256,2021-11-13 18:10:00,2021,11,13,18,10,75,75119,RUE DE L OURCQ,48.887396,2.384651,Nuit avec éclairage allumé,En agglomération,Hors intersection,Normale,Autre collision,4,2,2,0,1,1,2,0,1,30,,2,0,0,0,2,19.0,,,,5,2,1,1,6
202100008257,2021-11-13 14:20:00,2021,11,13,14,20,75,75118,RUE DE LA CHAPELLE,48.895,2.359403,Plein jour,En agglomération,Place,Pluie légère,Trois véhicules et plus - collisions multiples,4,2,4,3,1,1,2,-1,6,30,,3,2,0,0,1,44.0,31.0,,,1,2,7,2,5
202100008258,2021-11-13 20:20:00,2021,11,13,20,20,75,75116,AVENUE PAUL DOUMER,48.861285,2.284218,Nuit avec éclairage allumé,En agglomération,Intersection en T,Autre,Trois véhicules et plus - collisions multiples,4,2,4,0,1,1,2,0,1,30,,3,2,0,0,1,39.0,19.0,,,5,2,3,9,5
202100008259,2021-11-12 23:20:00,2021,11,12,23,20,75,75116,BOULEVARD LANNES,48.868835,2.273538,Nuit avec éclairage allumé,En agglomération,Intersection en T,Normale,Deux véhicules - côté,4,2,2,0,1,1,1,0,1,50,,4,3,0,0,1,28.0,26.0,,,5,2,3,1,3
202100008260,2021-11-13 15:10:00,2021,11,13,15,10,75,75114,PLACE DENFERT ROCHEREAU,48.834986,2.331804,Plein jour,En agglomération,Place,Pluie légère,Deux véhicules - côté,4,1,3,0,1,2,2,0,1,30,,2,1,0,0,1,47.0,47.0,,,1,2,7,2,3
202100008261,2021-11-13 21:15:00,2021,11,13,21,15,75,75112,COURS DE VINCENNES,48.847918,2.40072,Nuit avec éclairage allumé,En agglomération,Hors intersection,Normale,Deux véhicules - arrière,4,2,6,0,1,1,2,0,1,50,,2,0,0,0,2,47.0,26.0,,,5,2,1,1,2
202100008262,2021-11-12 19:00:00,2021,11,12,19,0,75,75111,RUE OBERKAMPF,48.862656,2.367322,Nuit avec éclairage allumé,En agglomération,Intersection en X,Normale,Autre collision,4,1,1,0,1,1,1,0,1,30,,2,0,0,1,1,50.0,,,,5,2,2,1,6
202100008263,2021-11-13 12:30:00,2021,11,13,12,30,75,75110,BOULEVARD SAINT DENIS,48.869112,2.355158,Plein jour,En agglomération,Intersection en T,Pluie légère,Autre collision,4,2,4,0,1,1,2,0,1,30,,2,1,0,0,1,30.0,,,,1,2,3,2,6
202100008264,2021-11-13 02:00:00,2021,11,13,2,0,75,75108,AVENUE DE MARIGNY,48.868856,2.314638,Nuit avec éclairage allumé,En agglomération,Intersection en T,Normale,Deux véhicules - côté,4,2,3,0,1,1,1,0,1,50,,2,1,0,0,1,26.0,20.0,,,5,2,3,1,3
202100008265,2021-11-11 20:45:00,2021,11,11,20,45,75,75108,BOULEVARD HAUSSMANN,48.874045,2.325097,Nuit avec éclairage allumé,En agglomération,Hors intersection,Normale,Trois véhicules et plus - collisions multiples,4,1,3,3,1,1,1,0,1,30,,3,2,0,0,1,57.0,56.0,,,5,2,1,1,5
202100008266,2021-11-12 14:15:00,2021,11,12,14,15,94,94081,Avenue Lucien Français,48.78929,2.3888,Plein jour,En agglomération,Intersection en X,Normale,Autre collision,3,2,2,-1,1,1,1,0,1,50,,2,1,0,0,1,49.0,,,,1,2,2,1,6
202100008267,2021-11-13 09:08:00,2021,11,13,9,8,94,94074,Rue Sacco et Vanzetti,48.74204,2.46635,Plein jour,En agglomération,Intersection en X,Pluie légère,Deux véhicules - côté,3,2,2,-1,1,1,2,0,1,50,,2,1,0,0,1,19.0,33.0,,,1,2,2,2,3
202100008268,2021-11-13 01:10:00,2021,11,13,1,10,94,94073,ALOUETTES (R DES),48.7507718106,2.3699717414,Nuit avec éclairage allumé,En agglomération,Hors intersection,Normale,Sans collision,3,-1,0,0,1,1,1,0,1,50,,1,0,0,0,1,21.0,,,,5,2,1,1,7
202100008269,2021-11-12 21:45:00,2021,11,12,21,45,94,94004,Allée des FFI,48.75611,2.50774,Nuit avec éclairage allumé,En agglomération,Giratoire,Normale,Sans collision,3,1,1,0,1,3,1,9,3,50,,2,1,0,1,0,30.0,,,,5,2,6,1,7
202100008270,2021-11-13 19:45:00,2021,11,13,19,45,93,93078,CLEMENCEAU (AVENUE GEORGES),48.9582,2.55845,Nuit avec éclairage allumé,En agglomération,Intersection en X,Autre,Deux véhicules - côté,3,3,4,0,1,1,2,0,1,50,,4,0,0,0,4,38.0,19.0,,,5,2,2,9,3
202100008271,2021-11-13 11:29:00,2021,11,13,11,29,93,93046,LUCIE AUBRAC ALLEE,48.92925,2.54857,Plein jour,En agglomération,Hors intersection,Pluie légère,Deux véhicules - côté,3,2,2,0,1,1,2,0,1,50,,2,0,0,0,2,37.0,58.0,,,1,2,1,2,3
202100008272,2021-11-13 08:00:00,2021,11,13,8,0,93,93032,JEAN JAURES (AVENUE),48.8832578933,2.5282118742,Plein jour,En agglomération,Hors intersection,Pluie légère,Trois véhicules et plus - collisions multiples,3,3,2,0,1,1,2,0,1,50,,6,5,0,0,1,20.0,44.0,,,1,2,1,2,5
202100008273,2021-11-12 22:50:00,2021,11,12,22,50,93,93014,STRATEGIQUE (ROUTE),48.9202339102,2.5584411621,Nuit sans éclairage public,Hors agglomération,Hors intersection,Normale,Sans collision,3,2,2,0,1,2,1,0,3,50,,3,1,0,0,2,20.0,,,,3,1,1,1,7
202100008274,2021-11-13 20:20:00,2021,11,13,20,20,93,93001,REPUBLIQUE (AVE DE LA ) DE 52 A 104,48.9100679282,2.3856881261,Nuit avec éclairage allumé,En agglomération,Hors intersection,Pluie légère,Deux véhicules - frontale,3,2,2,0,1,1,2,0,1,30,,2,1,0,0,1,21.0,41.0,,,5,2,1,2,1
202100008275,2021-11-13 18:55:00,2021,11,13,18,55,92,92026,LEONARD DE VINCI,48.8970850797,2.2381478548,Nuit avec éclairage non allumé,En agglomération,Intersection en T,Normale,Deux véhicules - côté,4,2,0,0,1,1,1,0,1,50,,2,1,0,0,1,25.0,40.0,,,4,2,3,1,3
202100008276,2021-11-13 01:03:00,2021,11,13,1,3,92,92051,"CHARLES DE GAULLE (AVENUE,N°118 A 192 +",48.88189,2.26872,Nuit avec éclairage allumé,En agglomération,Hors intersection,Normale,Deux véhicules - arrière,2,1,3,0,1,1,1,0,1,50,,5,3,0,0,2,,,,,5,2,1,1,2
202100008277,2021-11-12 11:15:00,2021,11,12,11,15,92,92035,Joffre ( avenue ),48.9048184058,2.2446763515,Plein jour,En agglomération,Intersection en T,Normale,Deux véhicules - côté,4,1,1,0,1,1,1,0,1,50,,2,1,0,0,1,,72.0,,,1,2,3,1,3