accident_id,datetime,annee,mois,jour,heure,minute,departement,commune_insee,adresse,latitude,longitude,luminosite,agglomeration,intersection,meteo,collision,catr,circ,nbv,vosp,prof,plan,surf,infra,situ,vma,nb_vehicules,nb_usagers,nb_indemnes,nb_tues,nb_blesses_hosp,nb_blesses_legers,age_cond_1,age_cond_2,veh_type_cond_1,veh_type_cond_2,lum_code,agg_code,int_code,atm_code,col_code
202100008278,2021-11-13 11:17:00,2021,11,13,11,17,92,92012,PEUPLIERS (RUE DES),48.8343742988,2.2546617994,Plein jour,En agglomération,Intersection en X,Temps couvert,Autre collision,4,2,2,0,1,1,2,6,1,30,,2,1,0,0,1,69.0,,,,1,2,2,8,6
202100008279,2021-11-13 18:35:00,2021,11,13,18,35,92,92002,DIVISION LECLERC (53 A 217 - 58 A 186),48.73783,2.30188,Nuit avec éclairage allumé,En agglomération,Hors intersection,Normale,Autre collision,3,2,4,0,2,1,2,0,1,50,,1,0,0,1,0,72.0,,,,5,2,1,1,6
202100008280,2021-11-13 15:30:00,2021,11,13,15,30,47,47055,Pech Bru,44.480298,0.675563,Plein jour,Hors agglomération,Hors intersection,Normale,Autre collision,2,2,2,0,2,1,2,0,3,80,,7,0,0,1,6,20.0,,,,1,1,1,1,6
202100008281,2021-11-12 18:30:00,2021,11,12,18,30,38,38336,N7,45.492134,4.832021,Nuit avec éclairage allumé,En agglomération,Hors intersection,Normale,Autre collision,2,2,2,0,1,1,1,0,1,50,,2,1,0,0,1,38.0,,,,5,2,1,1,6
202100008282,2021-09-01 20:20:00,2021,9,1,20,20,51,51410,D3,49.0798583164,3.7741419025,Nuit sans éclairage public,Hors agglomération,Hors intersection,Normale,Sans collision,3,2,2,0,1,1,1,0,1,90,,1,0,0,1,0,64.0,,,,3,1,1,1,7
202100008283,2021-10-25 15:45:00,2021,10,25,15,45,972,97231,Route de l Anse a l Ane,14.537914,-61.054995,Plein jour,Hors agglomération,Hors intersection,Normale,Deux véhicules - frontale,3,2,2,0,2,3,1,0,1,70,,4,0,0,2,2,38.0,50.0,,,1,1,1,1,1
202100008284,2021-11-13 06:20:00,2021,11,13,6,20,972,97204,le coin,14.703064,-61.182046,Plein jour,En agglomération,Hors intersection,Normale,Deux véhicules - frontale,2,2,2,0,1,1,1,0,1,50,,2,1,0,1,0,54.0,62.0,,,1,2,1,1,1
202100008285,2021-11-13 17:00:00,2021,11,13,17,0,63,63093,RD16 22+200,46.0007225463,2.9859447885,Plein jour,Hors agglomération,Hors intersection,Temps couvert,Sans collision,3,2,2,0,2,1,2,0,1,80,,1,0,0,1,0,39.0,,,,1,1,1,8,7
202100008286,2021-11-14 02:40:00,2021,11,14,2,40,67,67153,35 Rue Principale (Zœbersdorf),48.7937940669,7.5254845619,Nuit sans éclairage public,En agglomération,Hors intersection,Brouillard / fumée,Autre collision,3,2,2,0,2,3,2,0,8,50,,1,0,0,0,1,19.0,,,,3,2,1,5,6
202100008287,2021-11-14 01:30:00,2021,11,14,1,30,34,34032,A75 pk 329+600,43.368454,3.280499,Nuit sans éclairage public,Hors agglomération,Hors intersection,Normale,Deux véhicules - arrière,1,3,4,0,1,1,1,0,2,130,,2,1,0,1,0,79.0,29.0,,,3,1,1,1,2
202100008288,2021-11-13 16:50:00,2021,11,13,16,50,51,51386,D375,48.810534,3.540291,Plein jour,Hors agglomération,Hors intersection,Temps couvert,Sans collision,3,2,2,0,1,1,2,0,3,80,,1,0,0,1,0,81.0,,,,1,1,1,8,7
202100008289,2021-11-13 18:15:00,2021,11,13,18,15,51,51268,D12,48.87156,4.15884,Nuit sans éclairage public,Hors agglomération,Hors intersection,Normale,Deux véhicules - arrière,3,2,2,0,1,1,2,0,1,80,,2,0,0,0,2,33.0,41.0,,,3,1,1,1,2
202100008290,2021-11-12 20:20:00,2021,11,12,20,20,79,79079,33 Rue Buissonniere,46.916805,-0.713161,Nuit avec éclairage allumé,En agglomération,Hors intersection,Normale,Sans collision,3,2,2,0,1,1,1,0,1,50,,2,1,0,1,0,63.0,,,,5,2,1,1,7
202100008291,2021-11-12 18:00:00,2021,11,12,18,0,79,79079,53 Rue Sainte Anne,46.926405,-0.750595,Nuit avec éclairage non allumé,En agglomération,Hors intersection,Normale,Sans collision,4,2,2,0,1,1,1,0,1,50,,2,1,0,1,0,16.0,,,,4,2,1,1,7
202100008292,2021-11-12 17:00:00,2021,11,12,17,0,2A,2A085,Route Territoriale 40,41.918381,8.912095,Plein jour,En agglomération,Hors intersection,Normale,Deux véhicules - frontale,2,2,2,0,1,3,1,0,1,50,,4,2,0,1,1,60.0,22.0,,,1,2,1,1,1
202100008293,2021-11-14 11:20:00,2021,11,14,11,20,32,32377,Route Départementale 654,43.724328,0.920577,Plein jour,Hors agglomération,Hors intersection,Temps couvert,Deux véhicules - frontale,3,2,2,0,1,1,2,0,1,80,,4,0,3,0,1,56.0,20.0,,,1,1,1,8,1
202100008294,2021-11-13 21:35:00,2021,11,13,21,35,42,42215,D4,46.167156,4.202614,Nuit sans éclairage public,Hors agglomération,Hors intersection,Pluie légère,Sans collision,3,2,2,0,2,3,2,0,8,80,,1,0,1,0,0,49.0,,,,3,1,1,2,7
202100008295,2021-11-14 12:50:00,2021,11,14,12,50,42,42021,Route de Saint Marcellin,45.504482,4.122577,Plein jour,Hors agglomération,Hors intersection,Temps couvert,Autre collision,3,2,2,0,2,4,2,0,3,80,,1,0,0,1,0,18.0,,,,1,1,1,8,6
202100008296,2021-11-12 14:45:00,2021,11,12,14,45,86,86073,Rue de la Margotterie,46.703298,0.025213,Plein jour,Hors agglomération,Hors intersection,Normale,Autre collision,4,2,2,0,1,1,1,0,3,80,,1,0,0,0,1,69.0,,,,1,1,1,1,6
202100008297,2021-11-13 12:00:00,2021,11,13,12,0,29,29126,D38 - Lieu Dit Coat Saliou,48.552953,-4.404913,Plein jour,Hors agglomération,Hors intersection,Temps couvert,Autre collision,3,-1,2,0,1,2,2,0,1,70,,1,0,0,0,1,67.0,,,,1,1,1,8,6
202100008298,2021-11-14 19:30:00,2021,11,14,19,30,38,38546,Les Culees,45.643396,5.4304,Nuit sans éclairage public,Hors agglomération,Hors intersection,Normale,Trois véhicules et plus - collisions multiples,3,2,2,0,1,1,2,0,1,80,,4,2,1,0,1,20.0,54.0,,,3,1,1,1,5
202100008299,2021-11-13 08:25:00,2021,11,13,8,25,13,13083,Route de la Gare,43.895677,4.789202,Plein jour,Hors agglomération,Intersection en T,Normale,Deux véhicules - frontale,3,2,2,0,1,2,1,0,3,70,,1,0,0,1,0,82.0,,,,1,1,3,1,1
202100008300,2021-11-14 14:15:00,2021,11,14,14,15,72,72137,le buisson,48.4063289717,0.1900076864,Plein jour,En agglomération,Autre intersection,Pluie légère,Deux véhicules - côté,3,2,1,0,2,1,2,0,1,90,,4,3,0,0,1,44.0,39.0,,,1,2,9,2,3
202100008301,2021-11-13 19:00:00,2021,11,13,19,0,72,72094,Lieu Dit les Loges,47.98216,0.60345,Nuit sans éclairage public,En agglomération,Hors intersection,Pluie légère,Deux véhicules - frontale,3,2,2,0,1,2,2,0,1,80,,2,1,0,0,1,44.0,35.0,,,3,2,1,2,1
202100008302,2021-11-12 19:00:00,2021,11,12,19,0,06,06059,1986 Avenue du Maréchal de Lattre de Tassigny,43.727316,7.379788,Nuit sans éclairage public,En agglomération,Hors intersection,Normale,Autre collision,7,2,2,0,2,3,1,0,1,-1,,1,0,0,1,0,60.0,,,,3,2,1,1,6
202100008303,2021-11-13 04:45:00,2021,11,13,4,45,06,06032,59 Avenue du Trois Septembre,43.721946,7.399669,Nuit avec éclairage allumé,En agglomération,Hors intersection,Normale,Autre collision,7,2,2,0,1,1,1,0,1,30,,3,0,0,1,2,29.0,,,,5,2,1,1,6
202100008304,2021-11-12 21:15:00,2021,11,12,21,15,14,14431,Route de Bonneval,49.097546,0.037261,Nuit sans éclairage public,Hors agglomération,Hors intersection,Pluie légère,Autre collision,4,2,1,0,1,1,2,0,3,80,,1,0,0,0,1,25.0,,,,3,1,1,2,6
202100008305,2021-11-13 21:40:00,2021,11,13,21,40,50,50426,départemental 2 lieu dit le bas du mont,49.388191,-1.52166,Nuit sans éclairage public,Hors agglomération,Autre intersection,Normale,Autre collision,3,3,4,0,3,2,1,0,3,70,,1,0,0,1,0,22.0,,,,3,1,9,1,6
202100008306,2021-11-12 15:20:00,2021,11,12,15,20,50,50297,La Cote du Poirier,49.155352,-1.109115,Plein jour,Hors agglomération,Hors intersection,Pluie légère,Trois véhicules et plus - collisions multiples,3,2,2,0,3,3,2,0,1,80,,7,6,0,0,1,19.0,48.0,,,1,1,1,2,5
202100008307,2021-11-11 13:20:00,2021,11,11,13,20,09,09318,RN 20,42.755623,1.770473,Plein jour,Hors agglomération,Hors intersection,Pluie forte,Autre collision,2,2,3,0,2,3,2,0,3,90,,2,0,0,1,1,26.0,,,,1,1,1,3,6
202100008308,2021-11-13 18:00:00,2021,11,13,18,0,64,64506,Mail de Couret,43.05067,-0.601459,Crépuscule ou aube,Hors agglomération,Hors intersection,Normale,Deux véhicules - arrière,3,2,2,0,1,3,1,0,1,70,,3,2,0,0,1,62.0,32.0,,,2,1,1,1,2
202100008309,2021-11-12 18:45:00,2021,11,12,18,45,43,43078,D37,45.021961,3.929372,Nuit sans éclairage public,Hors agglomération,Hors intersection,Autre,Sans collision,3,2,2,0,1,2,2,0,3,80,,1,0,0,1,0,73.0,,,,3,1,1,9,7
202100008310,2021-11-11 14:30:00,2021,11,11,14,30,53,53085,Chon,48.384388,-0.25938,Plein jour,Hors agglomération,Hors intersection,Normale,Sans collision,3,2,2,0,3,2,1,0,3,80,,1,0,0,1,0,61.0,,,,1,1,1,1,7
202100008311,2021-11-14 18:00:00,2021,11,14,18,0,28,28314,Les Salandières,48.605411,0.923527,Nuit sans éclairage public,Hors agglomération,Hors intersection,Normale,Trois véhicules et plus - en chaîne,3,2,2,0,1,1,2,0,3,70,,1,0,0,1,0,35.0,,,,3,1,1,1,4
202100008312,2021-11-14 01:40:00,2021,11,14,1,40,17,17459,Chemin de la Richardiere,45.917524,-0.42643,Nuit avec éclairage non allumé,Hors agglomération,Hors intersection,Normale,Sans collision,4,2,2,0,1,2,2,0,3,50,,1,0,0,1,0,24.0,,,,4,1,1,1,7
202100008313,2021-11-14 17:35:00,2021,11,14,17,35,30,30083,Route Nationale 113,43.725913,4.217307,Crépuscule ou aube,Hors agglomération,Hors intersection,Normale,Deux véhicules - arrière,2,2,2,0,1,1,1,0,1,80,,5,0,0,1,4,18.0,70.0,,,2,1,1,1,2
202100008314,2021-11-12 02:00:00,2021,11,12,2,0,88,88287,ancienne voie romaine,48.1144,5.89502,Nuit sans éclairage public,Hors agglomération,Hors intersection,Brouillard / fumée,Autre collision,4,2,2,0,1,1,1,0,8,50,,1,0,0,1,0,16.0,,,,3,1,1,5,6
202100008315,2021-11-13 15:00:00,2021,11,13,15,0,978,97801,RN7 - 66 Route Nationale,18.064169,-63.039658,Plein jour,En agglomération,Hors intersection,Normale,Sans collision,2,2,2,0,1,1,1,0,1,50,,1,0,0,1,0,40.0,,,,1,2,1,1,7
202100008316,2021-11-14 06:25:00,2021,11,14,6,25,72,72339,A11,47.962574,0.029071,Nuit sans éclairage public,Hors agglomération,Hors intersection,Normale,Autre collision,1,3,2,0,1,1,1,0,1,130,,1,0,0,1,0,29.0,,,,3,1,1,1,6
202100008317,2021-11-13 01:45:00,2021,11,13,1,45,34,34146,"Autoroute A9, au point kilométrique 82, dans le sens de circulation de MES vers MONTPELLIER",43.693601485,4.0801894731,Nuit sans éclairage public,Hors agglomération,Hors intersection,Normale,Trois véhicules et plus - en chaîne,1,3,4,0,1,1,1,0,1,-1,,5,4,0,1,0,27.0,34.0,,,3,1,1,1,4
202100008318,2021-11-14 17:55:00,2021,11,14,17,55,988,98803,RT1 - BOURAIL,-21.52762,165.47444,Plein jour,Hors agglomération,Hors intersection,Normale,Autre collision,2,2,2,0,1,2,1,0,3,110,,2,0,0,1,1,43.0,,,,1,1,1,1,6
202100008319,2021-11-13 12:00:00,2021,11,13,12,0,78,78003,ROUTE DÉPARTEMENTALE D177,48.505886,1.824138,Plein jour,Hors agglomération,Hors intersection,Pluie légère,Deux véhicules - frontale,3,2,2,0,1,3,2,0,1,80,,3,1,0,2,0,20.0,23.0,,,1,1,1,2,1
202100008320,2021-11-14 09:10:00,2021,11,14,9,10,78,78003,N10,48.554294,1.830626,Plein jour,Hors agglomération,Hors intersection,Pluie légère,Autre collision,2,1,0,0,1,1,2,0,8,110,,1,0,0,1,0,35.0,,,,1,1,1,2,6
202100008321,2021-11-14 17:15:00,2021,11,14,17,15,34,34294,D34,43.713224,4.114042,Nuit sans éclairage public,Hors agglomération,Intersection en T,Normale,Deux véhicules - côté,3,2,2,0,1,1,1,0,1,-1,,3,0,0,1,2,48.0,38.0,,,3,1,3,1,3
202100008322,2021-11-13 17:10:00,2021,11,13,17,10,84,84147,Route de Pertuis,43.70225,5.451013,Crépuscule ou aube,Hors agglomération,Intersection en T,Temps couvert,Trois véhicules et plus - en chaîne,3,2,2,0,1,1,1,0,1,80,,5,3,0,0,2,22.0,44.0,,,2,1,3,8,4
202100008323,2021-11-13 18:15:00,2021,11,13,18,15,83,83068,325 Route de Saint Tropez,43.269097,6.546296,Nuit sans éclairage public,Hors agglomération,Hors intersection,Normale,Deux véhicules - frontale,3,2,2,0,1,1,1,0,1,70,,2,1,0,1,0,16.0,31.0,,,3,1,1,1,1
202100008324,2021-11-13 14:10:00,2021,11,13,14,10,68,68154,20 Rue de Baldersheim,47.785149,7.350892,Plein jour,En agglomération,Intersection en X,Normale,Deux véhicules - côté,4,2,2,0,1,1,1,0,1,50,,2,1,0,0,1,18.0,25.0,,,1,2,2,1,3
202100008325,2021-11-14 04:25:00,2021,11,14,4,25,88,88095,foret de chatenois,48.307932,5.809257,Nuit sans éclairage public,Hors agglomération,Hors intersection,Pluie légère,Autre collision,4,-1,1,0,2,2,6,0,8,-1,,3,0,0,3,0,20.0,,,,3,1,1,2,6
202100008326,2021-11-14 09:40:00,2021,11,14,9,40,55,55425,41 Rue du Moulin,49.440429,5.367926,Plein jour,En agglomération,Hors intersection,Temps couvert,Autre collision,3,2,2,0,1,3,2,0,8,50,,1,0,0,0,1,31.0,,,,1,2,1,8,6
202100008327,2021-11-13 17:20:00,2021,11,13,17,20,54,54215,D657,48.7427904469,6.1549186708,Nuit sans éclairage public,Hors agglomération,Autre intersection,Pluie légère,Deux véhicules - côté,1,3,4,0,1,1,2,0,1,-1,,2,1,0,1,0,17.0,33.0,,,3,1,9,2,3
202100008328,2021-11-13 15:35:00,2021,11,13,15,35,01,01249,Rue de la Dombes,45.866898,4.92106,Plein jour,En agglomération,Hors intersection,Pluie légère,Sans collision,4,2,2,0,1,1,2,0,1,50,,1,0,0,1,0,56.0,,,,1,2,1,2,7
202100008329,2021-11-13 17:30:00,2021,11,13,17,30,79,79049,Route de Boisme Terves (Saint-Sauveur),46.805421,-0.462756,Crépuscule ou aube,Hors agglomération,Hors intersection,Pluie légère,Autre collision,3,2,2,0,1,1,2,0,1,80,,2,1,0,1,0,26.0,,,,2,1,1,2,6
202100008330,2021-11-14 12:00:00,2021,11,14,12,0,85,85088,Route du Pas Opton,46.728402,-1.880784,Plein jour,Hors agglomération,Autre intersection,Normale,Deux véhicules - arrière,3,2,2,0,-1,-1,1,0,1,-1,,2,1,0,1,0,68.0,53.0,,,1,1,9,1,2
202100008331,2021-10-02 04:00:00,2021,10,2,4,0,44,44052,D4,47.3502,-2.102327,Nuit sans éclairage public,Hors agglomération,Hors intersection,Pluie légère,Sans collision,3,2,2,0,1,1,2,0,3,80,,1,0,0,1,0,20.0,,,,3,1,1,2,7
202100008332,2021-11-08 17:40:00,2021,11,8,17,40,56,56007,Rue Abbé Philippe le Gall,47.672986,-2.99836,Crépuscule ou aube,En agglomération,Hors intersection,Normale,Deux véhicules - côté,3,2,2,0,1,1,1,0,1,50,,2,1,0,1,0,69.0,79.0,,,2,2,1,1,3
202100008333,2021-11-13 23:30:00,2021,11,13,23,30,60,60589,Route Departementale 162,49.230969,2.458101,Nuit avec éclairage allumé,En agglomération,Hors intersection,Normale,Deux véhicules - frontale,3,2,2,1,1,1,2,0,1,80,,4,2,0,0,2,18.0,,,,5,2,1,1,1
202100008334,2021-07-24 01:30:00,2021,7,24,1,30,59,59524,"139, rue Alexandre Derousseaux",50.566263,2.898767,Nuit sans éclairage public,En agglomération,Hors intersection,Normale,Autre collision,4,2,2,0,1,1,1,0,1,50,,2,1,0,1,0,21.0,,,,3,2,1,1,6
202100008335,2021-11-13 18:00:00,2021,11,13,18,0,13,13215,A7-Sens Marseille vers Lyon,43.35318,5.36521,Nuit avec éclairage allumé,Hors agglomération,Hors intersection,Normale,Deux véhicules - arrière,1,1,3,0,1,1,1,0,1,90,,4,3,0,0,1,27.0,21.0,,,5,1,1,1,2
202100008336,2021-11-06 02:47:00,2021,11,6,2,47,67,67218,M35,48.547605,7.728886,Nuit sans éclairage public,Hors agglomération,Hors intersection,Brouillard / fumée,Deux véhicules - arrière,7,1,1,0,1,3,1,3,8,50,,2,1,0,0,1,67.0,26.0,,,3,1,1,5,2
202100008337,2021-11-13 14:20:00,2021,11,13,14,20,33,33122,,44.729644,-0.727189,Plein jour,Hors agglomération,Hors intersection,Normale,Deux véhicules - arrière,1,3,4,0,1,1,2,0,1,130,,3,1,0,0,2,47.0,49.0,,,1,1,1,1,2
202100008338,2021-11-13 08:40:00,2021,11,13,8,40,91,91521,RN 104,48.63096,2.40027,Plein jour,Hors agglomération,Hors intersection,Pluie légère,Autre collision,2,3,3,0,1,3,2,0,1,70,,2,0,0,0,2,51.0,,,,1,1,1,2,6
202100008339,2021-11-13 06:50:00,2021,11,13,6,50,91,91661,AUTOROUTE A10,48.69304,2.22756,Nuit sans éclairage public,Hors agglomération,Hors intersection,Pluie légère,Trois véhicules et plus - collisions multiples,1,3,6,0,2,1,2,0,1,110,,4,3,0,0,1,52.0,43.0,,,3,1,1,2,5
202100008340,2021-11-12 22:50:00,2021,11,12,22,50,94,94065,N186,48.7547,2.34776,Nuit avec éclairage allumé,En agglomération,Autre intersection,Normale,Deux véhicules - arrière,2,1,4,0,1,1,1,3,1,70,,2,1,0,0,1,23.0,26.0,,,5,2,9,1,2
202100008341,2021-11-13 08:50:00,2021,11,13,8,50,92,92064,A13,48.8474879607,2.2246484423,Plein jour,Hors agglomération,Hors intersection,Pluie légère,Deux véhicules - arrière,1,1,2,0,1,3,2,0,1,70,,2,1,0,0,1,30.0,51.0,,,1,1,1,2,2
202100008342,2021-11-13 01:05:00,2021,11,13,1,5,95,95060,A115,49.03491,2.19642,Nuit sans éclairage public,Hors agglomération,Hors intersection,Normale,Deux véhicules - arrière,1,3,4,0,1,1,1,0,1,90,,2,1,0,0,1,23.0,42.0,,,3,1,1,1,2
202100008343,2021-11-12 23:40:00,2021,11,12,23,40,94,94022,A86 EXT,48.7753153234,2.4126287309,Nuit sans éclairage public,Hors agglomération,Hors intersection,Normale,Autre collision,1,1,3,0,1,3,1,2,2,90,,2,0,0,0,2,19.0,,,,3,1,1,1,6
202100008344,2021-11-10 18:30:00,2021,11,10,18,30,974,97407,ROUTE NATIONALE N° 1,-20.94711,55.32214,Nuit sans éclairage public,Hors agglomération,Hors intersection,Normale,Trois véhicules et plus - collisions multiples,2,3,4,0,1,1,1,0,1,110,,3,2,0,0,1,42.0,70.0,,,3,1,1,1,5
202100008345,2021-11-12 10:35:00,2021,11,12,10,35,973,97302,SOURCE DE BADUEL (CHEMIN DE LA),4.93216,-52.30933,Plein jour,En agglomération,Intersection en T,Normale,Deux véhicules - côté,4,2,2,0,1,1,1,0,1,50,,2,1,0,0,1,18.0,55.0,,,1,2,3,1,3
202100008346,2021-11-10 16:10:00,2021,11,10,16,10,91,91216,TOURELLES (CHEMIN),48.669149,2.335631,Plein jour,En agglomération,Autre intersection,Temps éblouissant,Autre collision,4,2,2,0,1,1,1,9,8,30,,2,1,0,1,0,25.0,,,,1,2,9,7,6
202100008347,2021-11-12 01:30:00,2021,11,12,1,30,91,91421,NATIONALE 6 (REVEIL MATIN),48.70961,2.44174,Nuit sans éclairage public,Hors agglomération,Hors intersection,Brouillard / fumée,Autre collision,2,3,4,0,1,1,1,0,1,90,,1,0,0,0,1,55.0,,,,3,1,1,5,6
202100008348,2021-11-11 07:45:00,2021,11,11,7,45,72,72181,RUBILLARD AV N° IMP 57 ET >,48.01392,0.16804,Crépuscule ou aube,En agglomération,Autre intersection,Normale,Autre collision,3,-1,2,0,1,1,1,0,1,50,,2,1,0,0,1,43.0,,,,2,2,9,1,6
202100008349,2021-11-09 14:50:00,2021,11,9,14,50,57,57672,ARLON (ROUTE DE),49.35843,6.13743,Plein jour,En agglomération,Hors intersection,Normale,Deux véhicules - arrière,4,2,2,0,1,3,1,0,1,50,,2,1,0,0,1,26.0,56.0,,,1,2,1,1,2
202100008350,2021-11-10 18:48:00,2021,11,10,18,48,49,49007,CHAMBRE AUX DENIERS RUE ET CHEM,47.46557,-0.60148,Nuit avec éclairage allumé,En agglomération,Hors intersection,Normale,Autre collision,4,2,2,0,1,1,1,0,1,50,,2,1,0,0,1,54.0,,,,5,2,1,1,6
202100008351,2021-11-10 17:50:00,2021,11,10,17,50,37,37261,DE GAULLE (AVENUE DU GENERAL),47.38095,0.70012,Nuit avec éclairage allumé,En agglomération,Hors intersection,Normale,Deux véhicules - côté,4,2,2,0,1,1,1,0,1,50,,2,1,0,0,1,45.0,46.0,,,5,2,1,1,3
202100008352,2021-11-10 15:30:00,2021,11,10,15,30,34,34032,MOULIN JEAN (AV),43.35088,3.22939,Plein jour,En agglomération,Hors intersection,Pluie légère,Autre collision,4,2,2,0,1,1,2,0,1,50,,2,1,1,0,0,28.0,,,,1,2,1,2,6
202100008353,2021-11-09 07:43:00,2021,11,9,7,43,33,33249,Rue Michel Montaigne,44.873594,-0.515635,Crépuscule ou aube,En agglomération,Intersection en T,Normale,Sans collision,4,2,2,0,1,1,1,0,1,30,,2,1,0,0,1,17.0,,,,2,2,3,1,7
202100008354,2021-11-07 04:30:00,2021,11,7,4,30,31,31555,MINIMES (AV DES) DU 1AU 178,43.6203712612,1.435944736,Nuit avec éclairage allumé,En agglomération,Hors intersection,Normale,Sans collision,4,2,2,1,1,1,2,0,1,50,,1,0,0,0,1,22.0,,,,5,2,1,1,7
202100008355,2021-11-12 05:00:00,2021,11,12,5,0,13,13202,GILBERT DRU (RUE),43.30227,5.36836,Nuit avec éclairage allumé,En agglomération,Hors intersection,Temps couvert,Deux véhicules - frontale,4,1,1,0,1,1,2,0,1,50,,4,1,0,0,3,,,,,5,2,1,8,1
202100008356,2021-11-12 15:35:00,2021,11,12,15,35,11,11069,PAPIN DENIS -BD-,43.2076,2.31568,Plein jour,En agglomération,Hors intersection,Normale,Deux véhicules - côté,4,-1,0,0,1,1,1,0,4,10,,2,1,0,0,1,56.0,20.0,,,1,2,1,1,3
202100008357,2021-11-12 13:20:00,2021,11,12,13,20,06,06088,PASTEUR (BD),43.714164,7.279941,Plein jour,En agglomération,Hors intersection,Pluie légère,Autre collision,4,2,2,0,1,1,2,0,1,30,,2,1,0,0,1,59.0,,,,1,2,1,2,6
202100008358,2021-11-12 17:40:00,2021,11,12,17,40,75,75116,PORTE DAUPHINE,48.869171,2.270687,Nuit avec éclairage allumé,En agglomération,Hors intersection,Normale,Deux véhicules - côté,4,1,4,0,1,1,1,1,1,70,,3,2,0,0,1,26.0,22.0,,,5,2,1,1,3
202100008359,2021-11-12 07:36:00,2021,11,12,7,36,75,75114,ECHANGEUR ORLEANS,48.8187871029,2.3306626081,Crépuscule ou aube,En agglomération,Hors intersection,Brouillard / fumée,Autre collision,4,1,2,0,1,1,1,0,1,50,,1,0,0,0,1,43.0,,,,2,2,1,5,6
202100008360,2021-11-12 13:17:00,2021,11,12,13,17,75,75119,RUE ARMAND CARREL,48.882608,2.380313,Plein jour,En agglomération,Intersection en X,Normale,Autre collision,4,2,2,0,2,1,1,0,1,30,,2,1,0,0,1,36.0,,,,1,2,2,1,6
202100008361,2021-11-12 07:45:00,2021,11,12,7,45,75,75119,AVENUE JEAN JAURES,48.889221,2.393878,Crépuscule ou aube,En agglomération,Hors intersection,Normale,Deux véhicules - côté,4,1,2,2,1,1,1,-1,5,30,,2,1,0,0,1,60.0,29.0,,,2,2,1,1,3
202100008362,2021-11-12 21:00:00,2021,11,12,21,0,75,75118,RUE LEIBNIZ,48.895979,2.330907,Nuit avec éclairage allumé,En agglomération,Intersection en X,Normale,Deux véhicules - côté,4,2,2,0,1,1,1,0,1,30,,4,2,0,0,2,33.0,24.0,,,5,2,2,1,3
202100008363,2021-11-12 17:55:00,2021,11,12,17,55,75,75116,RUE DE PRESBOURG,48.872482,2.293958,Nuit avec éclairage allumé,En agglomération,Intersection en X,Normale,Autre collision,4,1,1,1,1,1,1,-1,5,50,,2,1,0,0,1,30.0,,,,5,2,2,1,6
202100008364,2021-11-12 11:00:00,2021,11,12,11,0,75,75116,RUE DE PASSY,48.858312,2.283117,Plein jour,En agglomération,Intersection en T,Normale,Autre collision,4,-1,1,0,1,1,1,0,1,30,,2,1,0,0,1,77.0,,,,1,2,3,1,6
202100008365,2021-11-11 18:25:00,2021,11,11,18,25,75,75115,BOULEVARD VICTOR,48.836086,2.278283,Nuit avec éclairage allumé,En agglomération,Intersection en X,Normale,Deux véhicules - côté,4,-1,2,0,1,1,1,0,1,30,,5,4,0,0,1,45.0,21.0,,,5,2,2,1,3
202100008366,2021-11-12 17:30:00,2021,11,12,17,30,75,75112,RUE DU FAUBOURG SAINT ANTOINE,48.8516113266,2.374843955,Crépuscule ou aube,En agglomération,Intersection en T,Normale,Autre collision,4,2,3,1,1,1,1,0,1,30,,3,2,0,0,1,,,,,2,2,3,1,6
202100008367,2021-11-12 12:50:00,2021,11,12,12,50,75,75111,BOULEVARD VOLTAIRE,48.850646,2.39221,Plein jour,En agglomération,Intersection en X,Normale,Deux véhicules - côté,4,2,2,0,1,1,1,0,1,30,,3,2,0,0,1,22.0,38.0,,,1,2,2,1,3
202100008368,2021-11-12 16:06:00,2021,11,12,16,6,75,75110,AVENUE CLAUDE VELLEFAUX,48.875214,2.370333,Crépuscule ou aube,En agglomération,Intersection en X,Normale,Deux véhicules - frontale,4,2,2,0,2,1,1,0,1,30,,2,1,0,0,1,36.0,28.0,,,2,2,2,1,1
202100008369,2021-11-12 19:45:00,2021,11,12,19,45,75,75109,RUE LA FAYETTE,48.876009,2.344522,Nuit avec éclairage allumé,En agglomération,Intersection en T,Normale,Deux véhicules - arrière,4,1,3,3,1,1,1,0,1,30,,2,1,0,0,1,,21.0,,,5,2,3,1,2
202100008370,2021-11-12 12:05:00,2021,11,12,12,5,75,75109,RUE DE LA VICTOIRE,48.875267,2.332331,Plein jour,En agglomération,Intersection en X,Normale,Deux véhicules - côté,4,1,2,2,1,1,1,0,1,30,,2,1,0,0,1,36.0,48.0,,,1,2,2,1,3