accident_id,datetime,annee,mois,jour,heure,minute,departement,commune_insee,adresse,latitude,longitude,luminosite,agglomeration,intersection,meteo,collision,catr,circ,nbv,vosp,prof,plan,surf,infra,situ,vma,nb_vehicules,nb_usagers,nb_indemnes,nb_tues,nb_blesses_hosp,nb_blesses_legers,age_cond_1,age_cond_2,veh_type_cond_1,veh_type_cond_2,lum_code,agg_code,int_code,atm_code,col_code
202100008371,2021-11-12 18:30:00,2021,11,12,18,30,75,75107,QUAI D ORSAY,48.862869,2.317921,Nuit avec éclairage allumé,En agglomération,Intersection en Y,Normale,Deux véhicules - côté,4,-1,2,0,1,1,1,0,1,50,,3,2,0,0,1,26.0,59.0,,,5,2,4,1,3
202100008372,2021-11-11 19:00:00,2021,11,11,19,0,94,94076,Rue de Verdun,48.794959,2.354375,Nuit avec éclairage allumé,En agglomération,Intersection en X,Normale,Deux véhicules - côté,3,2,1,-1,1,1,1,5,1,50,,2,1,0,0,1,26.0,68.0,,,5,2,2,1,3
202100008373,2021-11-12 16:10:00,2021,11,12,16,10,93,93072,ARISTIDE BRIAND (AVENUE) COTE DES N°1A87,48.96309,2.37725,Plein jour,En agglomération,Giratoire,Normale,Deux véhicules - frontale,3,1,1,0,1,1,1,9,1,30,,2,1,0,0,1,22.0,,,,1,2,6,1,1
202100008374,2021-11-12 16:35:00,2021,11,12,16,35,93,93048,PARIS (RUE DE),48.85781,2.43422,Crépuscule ou aube,En agglomération,Hors intersection,Temps couvert,Deux véhicules - côté,3,2,2,0,1,1,1,0,1,30,,2,1,0,0,1,37.0,31.0,,,2,2,1,8,3
202100008375,2021-11-12 14:30:00,2021,11,12,14,30,93,93046,FIRMIN DIDOT AVENUE,48.90962,2.52652,Plein jour,En agglomération,Intersection en X,Normale,Deux véhicules - côté,3,3,2,0,1,1,1,0,1,50,,2,1,0,0,1,24.0,31.0,,,1,2,2,1,3
202100008376,2021-11-12 17:30:00,2021,11,12,17,30,93,93063,BARBUSSE HENRI BOULEVARD,48.8832,2.44104,Nuit avec éclairage allumé,En agglomération,Hors intersection,Normale,Deux véhicules - frontale,3,1,1,0,1,1,1,8,1,30,,2,1,0,1,0,30.0,25.0,,,5,2,1,1,1
202100008377,2021-11-11 22:05:00,2021,11,11,22,5,93,93063,ROSENFELD AVENUE DU DOCTEUR,48.88245,2.43626,Nuit avec éclairage allumé,En agglomération,Intersection en X,Normale,Deux véhicules - côté,4,2,1,0,1,1,1,5,1,30,,2,1,0,0,1,30.0,23.0,,,5,2,2,1,3
202100008378,2021-11-12 17:25:00,2021,11,12,17,25,93,93005,JEAN CHARCOT [CD115] (RUE),48.9332845355,2.4897958456,Nuit avec éclairage allumé,En agglomération,Hors intersection,Normale,Deux véhicules - côté,3,-1,2,0,2,1,1,0,1,50,,4,3,0,0,1,41.0,31.0,,,5,2,1,1,3
202100008379,2021-11-12 12:45:00,2021,11,12,12,45,92,92022,PAVE DES GARDES (ROUTE DU),48.8054566882,2.1844500303,Plein jour,En agglomération,Intersection en T,Normale,Deux véhicules - côté,3,-1,2,0,2,1,1,5,1,50,,2,1,0,0,1,50.0,47.0,,,1,2,3,1,3
202100008380,2021-11-12 14:35:00,2021,11,12,14,35,92,92062,Quai de Dion Bouton,48.8855192681,2.2514355183,Plein jour,En agglomération,Intersection en T,Normale,Deux véhicules - côté,3,3,0,1,1,1,1,0,1,50,,2,0,0,0,2,64.0,54.0,,,1,2,3,1,3
202100008381,2021-11-12 17:15:00,2021,11,12,17,15,92,92050,VIEUX PONT RUE DU,48.8897597091,2.1868103743,Plein jour,En agglomération,Intersection en X,Normale,Deux véhicules - côté,4,1,1,0,1,1,1,0,1,50,,2,1,0,0,1,56.0,45.0,,,1,2,2,1,3
202100008382,2021-11-12 20:25:00,2021,11,12,20,25,92,92012,PARCHAMP (RUE DU) 1/7 - 2/6,48.84674,2.23663,Nuit avec éclairage allumé,En agglomération,Hors intersection,Normale,Sans collision,4,1,1,0,1,1,1,0,1,50,,1,0,0,0,1,16.0,,,,5,2,1,1,7
202100008383,2021-11-12 17:35:00,2021,11,12,17,35,92,92012,ANATOLE FRANCE (BOULEVARD) 5/FIN,48.85007,2.23895,Nuit avec éclairage allumé,En agglomération,Hors intersection,Normale,Autre collision,4,3,2,0,1,1,1,0,1,50,,1,0,0,0,1,46.0,,,,5,2,1,1,6
202100008384,2021-11-13 07:00:00,2021,11,13,7,0,35,35237,La Drunerie,47.719498,-1.937817,Nuit sans éclairage public,Hors agglomération,Hors intersection,Brouillard / fumée,Deux véhicules - frontale,3,2,2,0,1,1,1,0,1,80,,2,0,0,1,1,49.0,52.0,,,3,1,1,5,1
202100008385,2021-11-12 15:05:00,2021,11,12,15,5,16,16136,Le Treuil,46.023161,0.168958,Plein jour,Hors agglomération,Intersection en T,Normale,Deux véhicules - côté,3,2,2,0,1,1,1,0,1,80,,3,2,0,0,1,69.0,18.0,,,1,1,3,1,3
202100008386,2021-10-28 15:30:00,2021,10,28,15,30,84,84069,Route de Veaux,44.175552,5.131645,Plein jour,En agglomération,Hors intersection,Normale,Deux véhicules - côté,3,2,2,0,1,1,1,0,1,50,,2,1,0,1,0,61.0,71.0,,,1,2,1,1,3
202100008387,2021-11-12 16:00:00,2021,11,12,16,0,28,28278,A11 PK 054+500 circulant vers Paris,48.462336,1.554093,Plein jour,Hors agglomération,Hors intersection,Normale,Deux véhicules - côté,1,3,3,0,1,1,1,0,1,130,,3,2,0,0,1,26.0,,,,1,1,1,1,3
202100008388,2021-11-12 19:35:00,2021,11,12,19,35,28,28022,D939,48.485854,1.393767,Nuit sans éclairage public,Hors agglomération,Hors intersection,Normale,Deux véhicules - frontale,3,2,2,0,1,1,1,0,1,80,,7,4,0,0,3,31.0,48.0,,,3,1,1,1,1
202100008389,2021-11-12 21:50:00,2021,11,12,21,50,974,97414,N1c,-21.289138,55.411364,Nuit sans éclairage public,Hors agglomération,Hors intersection,Normale,Autre collision,2,3,2,1,1,1,1,2,5,70,,1,0,0,1,0,28.0,,,,3,1,1,1,6
202100008390,2021-11-13 01:15:00,2021,11,13,1,15,50,50224,A84 pr 217+300 sens CAEN vers RENNES,48.985625,-0.935426,Nuit sans éclairage public,Hors agglomération,Hors intersection,Pluie légère,Sans collision,1,3,4,0,1,1,2,0,2,110,,3,2,0,0,1,41.0,,,,3,1,1,2,7
202100008391,2021-11-13 01:30:00,2021,11,13,1,30,61,61301,A 28 PK 174+500,48.567999,0.174952,Nuit sans éclairage public,Hors agglomération,Hors intersection,Pluie légère,Sans collision,1,3,4,0,1,1,2,0,2,130,,4,0,0,1,3,30.0,,,,3,1,1,2,7
202100008392,2021-11-13 18:35:00,2021,11,13,18,35,34,34309,D21,43.703847,3.935605,Nuit avec éclairage non allumé,Hors agglomération,Autre intersection,Normale,Deux véhicules - arrière,3,2,2,0,1,1,1,0,1,90,,2,1,0,1,0,38.0,18.0,,,4,1,9,1,2
202100008393,2021-11-12 20:30:00,2021,11,12,20,30,61,61183,D3,48.619475,0.274942,Nuit sans éclairage public,Hors agglomération,Hors intersection,Normale,Autre collision,3,2,2,0,1,3,6,0,1,90,,1,0,0,1,0,20.0,,,,3,1,1,1,6
202100008394,2021-11-12 14:30:00,2021,11,12,14,30,55,55083,Grande Rue,49.516845,5.260731,Plein jour,En agglomération,Hors intersection,Normale,Sans collision,4,2,2,0,1,1,1,0,1,50,,1,0,0,1,0,67.0,,,,1,2,1,1,7
202100008395,2021-11-12 21:15:00,2021,11,12,21,15,12,12142,D994,44.400088,2.358879,Nuit sans éclairage public,Hors agglomération,Hors intersection,Brouillard / fumée,Autre collision,3,2,2,0,1,4,2,0,3,80,,1,0,0,0,1,70.0,,,,3,1,1,5,6
202100008396,2021-11-13 11:40:00,2021,11,13,11,40,01,01365,D1079,46.2854081924,4.928624779,Plein jour,Hors agglomération,Intersection en X,Brouillard / fumée,Deux véhicules - côté,3,2,1,0,1,1,1,0,1,80,,4,3,0,1,0,23.0,15.0,,,1,1,2,5,3
202100008397,2021-11-12 13:15:00,2021,11,12,13,15,06,06079,Avenue de la Mer,43.535456,6.946165,Plein jour,En agglomération,Hors intersection,Normale,Deux véhicules - frontale,3,2,2,0,2,1,1,0,1,50,,1,0,0,1,0,48.0,,,,1,2,1,1,1
202100008398,2021-11-13 16:00:00,2021,11,13,16,0,50,50391,111 Rue Saint-Berthevin,48.594123,-1.080222,Plein jour,En agglomération,Hors intersection,Normale,Deux véhicules - arrière,3,2,2,0,2,1,1,8,1,50,,4,3,0,0,1,57.0,16.0,,,1,2,1,1,2
202100008399,2021-11-12 12:00:00,2021,11,12,12,0,10,10063,RD 443,48.360256,4.532955,Plein jour,Hors agglomération,Hors intersection,Normale,Autre collision,3,2,2,0,2,1,1,0,8,80,,1,0,0,1,0,56.0,,,,1,1,1,1,6
202100008400,2021-11-13 04:40:00,2021,11,13,4,40,40,40127,Cd 934,43.801528,-0.292559,Nuit sans éclairage public,Hors agglomération,Hors intersection,Brouillard / fumée,Deux véhicules - frontale,3,2,2,0,1,1,1,0,3,80,,1,0,1,0,0,25.0,,,,3,1,1,5,1
202100008401,2021-11-12 23:20:00,2021,11,12,23,20,04,04049,RN 85 / av de la gare,44.1016519489,6.0090350934,Nuit avec éclairage allumé,En agglomération,Intersection en X,Normale,Deux véhicules - côté,2,2,2,0,1,1,1,5,1,50,,4,3,0,0,1,21.0,68.0,,,5,2,2,1,3
202100008402,2021-11-12 16:25:00,2021,11,12,16,25,17,17324,D137,45.413364,-0.564294,Plein jour,Hors agglomération,Hors intersection,Normale,Autre collision,3,2,2,0,1,1,1,0,3,80,,2,1,0,1,0,43.0,,,,1,1,1,1,6
202100008403,2021-11-06 15:30:00,2021,11,6,15,30,37,37050,Avenue du Professeur Alexandre Minkowski,47.332591,0.684848,Plein jour,En agglomération,Hors intersection,Normale,Sans collision,4,3,0,0,1,2,1,0,1,50,,2,0,0,1,1,47.0,,,,1,2,1,1,7
202100008404,2021-11-13 01:30:00,2021,11,13,1,30,30,30348,Route de Ners,44.039035,4.147537,Nuit sans éclairage public,Hors agglomération,Hors intersection,Normale,Deux véhicules - arrière,3,2,2,0,1,1,1,0,1,80,,3,1,0,2,0,25.0,17.0,,,3,1,1,1,2
202100008405,2021-11-12 18:00:00,2021,11,12,18,0,48,48127,RD 806 - PK 96 - RIEUTORT DE RANDON,44.627137,3.475864,Crépuscule ou aube,Hors agglomération,Hors intersection,Normale,Deux véhicules - frontale,3,2,2,0,1,1,1,0,1,90,,2,1,0,1,0,53.0,36.0,,,2,1,1,1,1
202100008406,2021-11-13 11:30:00,2021,11,13,11,30,55,55237,A4,49.118932,5.543777,Plein jour,Hors agglomération,Hors intersection,Pluie légère,Deux véhicules - arrière,1,3,4,0,2,2,2,0,1,110,,7,4,0,3,0,33.0,66.0,,,1,1,1,2,2
202100008407,2021-11-12 19:10:00,2021,11,12,19,10,972,97228,D15,14.739579,-61.018284,Nuit avec éclairage allumé,Hors agglomération,Autre intersection,Normale,Deux véhicules - côté,3,2,2,0,1,1,1,0,1,80,,3,1,0,2,0,34.0,40.0,,,5,1,9,1,3
202100008408,2021-11-13 01:00:00,2021,11,13,1,0,45,45332,2272 Route de Montargis,47.8838564023,2.6496919692,Nuit avec éclairage allumé,Hors agglomération,Hors intersection,Normale,Autre collision,3,2,2,0,1,1,1,9,3,70,,2,0,1,0,1,19.0,,,,5,1,1,1,6
202100008409,2021-11-10 16:20:00,2021,11,10,16,20,78,78310,D933,48.799525,1.593822,Plein jour,En agglomération,Intersection en X,Normale,Deux véhicules - côté,3,2,2,0,1,1,1,0,1,50,,2,0,0,0,2,32.0,38.0,,,1,2,2,1,3
202100008410,2021-11-12 23:20:00,2021,11,12,23,20,48,48119,D 906,44.469975,3.934522,Nuit sans éclairage public,Hors agglomération,Hors intersection,Normale,Autre collision,3,2,2,0,1,1,1,0,3,90,,4,0,1,3,0,18.0,,,,3,1,1,1,6
202100008411,2021-11-12 18:55:00,2021,11,12,18,55,11,11076,D624,43.353659,1.960469,Nuit sans éclairage public,Hors agglomération,Hors intersection,Normale,Autre collision,3,2,2,0,1,1,1,0,3,80,,2,0,1,0,1,42.0,,,,3,1,1,1,6
202100008412,2021-11-13 09:18:00,2021,11,13,9,18,34,34327,D65,43.662714,3.978907,Plein jour,Hors agglomération,Intersection en T,Normale,Deux véhicules - côté,7,2,2,0,1,1,1,0,1,-1,,2,1,0,1,0,54.0,37.0,,,1,1,3,1,3
202100008413,2021-11-13 08:30:00,2021,11,13,8,30,83,83115,AVENUE DU GENERAL LECLERC,43.306537,6.641364,Plein jour,En agglomération,Hors intersection,Normale,Autre collision,3,2,2,0,1,1,1,0,1,50,,2,1,0,1,0,57.0,,,,1,2,1,1,6
202100008414,2021-10-20 16:30:00,2021,10,20,16,30,13,13084,Rue Louis Emmanuel de Florans,43.716257,5.311205,Plein jour,En agglomération,Autre intersection,Normale,Deux véhicules - frontale,7,2,2,0,2,4,1,0,8,30,,2,1,0,0,1,79.0,,,,1,2,9,1,1
202100008415,2021-10-04 14:00:00,2021,10,4,14,0,13,13097,N568,43.584477,4.765288,Plein jour,Hors agglomération,Intersection en T,Pluie légère,Deux véhicules - côté,2,1,1,0,1,1,2,0,1,90,,2,1,0,1,0,64.0,57.0,,,1,1,3,2,3
202100008416,2021-11-12 22:32:00,2021,11,12,22,32,73,73153,D103 route du Chef Lieu,45.720649,6.403838,Nuit sans éclairage public,Hors agglomération,Intersection en Y,Brouillard / fumée,Autre collision,3,2,2,0,2,2,2,0,3,80,,1,0,0,1,0,20.0,,,,3,1,4,5,6
202100008417,2021-11-12 18:20:00,2021,11,12,18,20,38,38401,Route de Lyon,45.567947,5.425519,Nuit avec éclairage allumé,En agglomération,Intersection en X,Normale,Deux véhicules - côté,3,2,2,0,1,1,1,0,1,50,,2,1,0,0,1,21.0,56.0,,,5,2,2,1,3
202100008418,2021-10-12 11:20:00,2021,10,12,11,20,07,07282,rue du village,44.71051,4.263421,Plein jour,En agglomération,Intersection en Y,Normale,Autre collision,4,2,1,0,2,1,1,0,1,50,,2,1,0,1,0,40.0,,,,1,2,4,1,6
202100008419,2021-11-12 11:15:00,2021,11,12,11,15,69,69010,REPUBLIQUE (DE LA) (PL),45.836372,4.615642,Plein jour,En agglomération,Place,Normale,Autre collision,4,1,1,0,1,1,1,0,1,30,,2,1,1,0,0,63.0,,,,1,2,7,1,6
202100008420,2021-11-13 08:45:00,2021,11,13,8,45,81,81131,d13,43.8919804,1.9895341,Plein jour,Hors agglomération,Hors intersection,Normale,Sans collision,3,2,2,0,1,3,2,0,3,80,,1,0,0,1,0,19.0,,,,1,1,1,1,7
202100008421,2021-11-13 14:20:00,2021,11,13,14,20,19,19127,conches,45.1775799524,1.8549031019,Plein jour,Hors agglomération,Hors intersection,Pluie légère,Autre collision,3,2,2,0,2,2,2,0,3,70,,2,1,0,0,1,21.0,,,,1,1,1,2,6
202100008422,2021-11-12 18:00:00,2021,11,12,18,0,27,27016,Rue Henri Rémy,49.2496515208,1.4362409444,Nuit avec éclairage allumé,En agglomération,Intersection en X,Normale,Deux véhicules - frontale,3,2,2,0,3,1,2,5,1,50,,6,5,0,0,1,18.0,40.0,,,5,2,2,1,1
202100008423,2021-11-12 07:47:00,2021,11,12,7,47,60,60008,D916,49.4125500412,2.4202737558,Crépuscule ou aube,Hors agglomération,Hors intersection,Brouillard / fumée,Sans collision,3,2,2,0,1,1,1,0,8,80,,1,0,0,1,0,36.0,,,,2,1,1,5,7
202100008424,2021-11-13 11:45:00,2021,11,13,11,45,60,60462,Rue de Calais,49.3304932248,2.1997682399,Plein jour,En agglomération,Hors intersection,Normale,Autre collision,3,3,2,0,1,1,1,0,1,50,,2,1,0,1,0,30.0,,,,1,2,1,1,6
202100008425,2021-11-13 10:30:00,2021,11,13,10,30,60,60103,D94,49.4218783008,2.2567788583,Plein jour,Hors agglomération,Hors intersection,Pluie légère,Sans collision,3,2,2,0,2,2,2,0,3,90,,1,0,0,0,1,26.0,,,,1,1,1,2,7
202100008426,2021-11-13 01:50:00,2021,11,13,1,50,02,02524,1 Route de Mezy,49.074516,3.495456,Nuit sans éclairage public,En agglomération,Hors intersection,Pluie légère,Autre collision,3,2,2,0,1,1,2,0,8,50,,1,0,1,0,0,21.0,,,,3,2,1,2,6
202100008427,2021-11-09 16:00:00,2021,11,9,16,0,62,62865,RD 950,50.33328,2.984738,Plein jour,En agglomération,Giratoire,Temps éblouissant,Deux véhicules - côté,3,-1,1,0,1,2,1,0,1,50,,2,1,0,1,0,68.0,85.0,,,1,2,6,7,3
202100008428,2021-11-12 17:00:00,2021,11,12,17,0,13,13210,A50-Sens Marseille vers Aubagne,43.28603,5.42661,Plein jour,Hors agglomération,Hors intersection,Normale,Deux véhicules - côté,1,3,2,0,1,1,1,0,1,90,,3,1,0,1,1,33.0,28.0,,,1,1,1,1,3
202100008429,2021-11-10 18:41:00,2021,11,10,18,41,13,13001,A51-Sens Marseille vers Aix en Provence,43.494235,5.407032,Nuit sans éclairage public,Hors agglomération,Hors intersection,Pluie légère,Deux véhicules - côté,1,-1,2,0,1,1,2,0,1,70,,2,1,0,0,1,,28.0,,,3,1,1,2,3
202100008430,2021-11-10 18:05:00,2021,11,10,18,5,69,69290,A43   3.865 A 9.894,45.6985,4.9757,Nuit sans éclairage public,Hors agglomération,Hors intersection,Normale,Trois véhicules et plus - en chaîne,1,3,9,0,1,1,1,0,1,90,,10,7,0,2,1,43.0,46.0,,,3,1,1,1,4
202100008431,2021-11-12 03:50:00,2021,11,12,3,50,95,95607, A115,49.02797,2.20366,Nuit sans éclairage public,Hors agglomération,Hors intersection,Normale,Autre collision,1,3,4,0,1,1,1,0,3,90,,1,0,0,0,1,34.0,,,,3,1,1,1,6
202100008432,2021-11-12 10:45:00,2021,11,12,10,45,93,93051,A4,48.83669,2.54285,Plein jour,Hors agglomération,Hors intersection,Normale,Deux véhicules - côté,1,3,4,0,1,2,1,0,1,110,,2,1,0,0,1,34.0,47.0,,,1,1,1,1,3
202100008433,2021-11-10 06:10:00,2021,11,10,6,10,974,97416,BANK (BOULEVARD),-21.33074,55.47467,Plein jour,En agglomération,Hors intersection,Normale,Deux véhicules - frontale,4,3,4,0,1,1,1,9,1,50,,2,1,0,0,1,46.0,,,,1,2,1,1,1
202100008434,2021-11-10 19:10:00,2021,11,10,19,10,974,97411,LORY LES HAUTS (RUE),-20.89749,55.48063,Nuit avec éclairage allumé,En agglomération,Hors intersection,Normale,Autre collision,4,2,2,0,1,1,1,0,1,30,,4,1,0,3,0,48.0,,,,5,2,1,1,6
202100008435,2021-11-10 16:35:00,2021,11,10,16,35,974,97411,VINH-SAN (BLD 1 DU PRINCE),-20.88772,55.44214,Plein jour,En agglomération,Hors intersection,Normale,Deux véhicules - côté,2,1,4,0,1,1,1,2,1,50,,2,1,0,0,1,27.0,41.0,,,1,2,1,1,3
202100008436,2021-11-10 12:30:00,2021,11,10,12,30,973,97302,BADUEL (ROUTE DE),4.9290703875,-52.3007490636,Plein jour,En agglomération,Autre intersection,Normale,Autre collision,3,2,2,0,1,1,1,9,1,50,,2,1,0,0,1,21.0,46.0,,,1,2,9,1,6
202100008437,2021-11-10 17:40:00,2021,11,10,17,40,69,69259,VAILLANT COUTURIER (R),45.7266,4.85975,Crépuscule ou aube,En agglomération,Intersection en X,Normale,Deux véhicules - arrière,4,1,1,2,1,1,1,0,1,50,,2,1,0,0,1,35.0,68.0,,,2,2,2,1,2
202100008438,2021-11-07 07:15:00,2021,11,7,7,15,69,69276,RAZES (DES) (R),45.6657421275,4.8518881202,Crépuscule ou aube,En agglomération,Intersection en Y,Normale,Deux véhicules - côté,4,2,2,0,1,1,1,0,1,50,,2,1,0,0,1,61.0,21.0,,,2,2,4,1,3
202100008439,2021-11-10 10:30:00,2021,11,10,10,30,972,97209,AUTOROUTE A1,14.617522,-61.040869,Plein jour,Hors agglomération,Hors intersection,Normale,Trois véhicules et plus - en chaîne,1,1,3,0,1,1,1,0,1,90,,6,5,0,0,1,,21.0,,,1,1,1,1,4
202100008440,2021-11-11 05:25:00,2021,11,11,5,25,972,97209,RN9,14.598491,-61.053304,Crépuscule ou aube,Hors agglomération,Hors intersection,Normale,Autre collision,2,1,3,0,2,1,1,0,1,50,,2,1,0,1,0,47.0,,,,2,1,1,1,6
202100008441,2021-11-10 16:10:00,2021,11,10,16,10,2B,2B033,GRAZIANI - BLD,42.703,9.451,Crépuscule ou aube,En agglomération,Autre intersection,Pluie légère,Deux véhicules - côté,4,-1,2,0,2,1,2,0,1,50,,2,1,0,1,0,61.0,,,,2,2,9,2,3
202100008442,2021-11-10 10:40:00,2021,11,10,10,40,971,97113,BAS DU FORT,16.22165,-61.52246,Plein jour,Hors agglomération,Hors intersection,Normale,Deux véhicules - arrière,4,1,1,0,1,1,1,0,1,50,,2,1,0,1,0,54.0,39.0,,,1,1,1,1,2
202100008443,2021-11-05 23:39:00,2021,11,5,23,39,971,97101,HIBISCUS,16.25041,-61.52935,Nuit avec éclairage allumé,Hors agglomération,Hors intersection,Normale,Sans collision,2,3,2,0,1,1,1,0,1,90,,1,0,0,0,1,42.0,,,,5,1,1,1,7
202100008444,2021-11-08 07:37:00,2021,11,8,7,37,971,97101,ROUTE DE BOISVINS,16.26546,-61.46917,Plein jour,Hors agglomération,Hors intersection,Normale,Deux véhicules - côté,3,2,2,0,1,1,1,0,1,70,,2,1,0,0,1,,53.0,,,1,1,1,1,3
202100008445,2021-11-09 11:30:00,2021,11,9,11,30,91,91477,ELISE DEROCHE (RUE),48.71667,2.233795,Plein jour,En agglomération,Hors intersection,Normale,Autre collision,4,1,1,0,1,1,1,9,1,30,,2,1,1,0,0,20.0,,,,1,2,1,1,6
202100008446,2021-11-10 08:40:00,2021,11,10,8,40,83,83144,LECLERC (BD MARECHAL),43.1361681139,5.9862157702,Plein jour,En agglomération,Hors intersection,Pluie forte,Autre collision,4,2,2,0,1,1,2,0,1,30,,2,1,0,0,1,78.0,,,,1,2,1,3,6
202100008447,2021-11-10 18:50:00,2021,11,10,18,50,83,83069,TOULON RD 554 (ROUTE DE),43.1259,6.0924,Nuit sans éclairage public,Hors agglomération,Autre intersection,Pluie forte,Deux véhicules - arrière,7,2,2,0,1,1,2,9,1,50,,2,0,0,0,2,67.0,47.0,,,3,1,9,3,2
202100008448,2021-11-08 14:44:00,2021,11,8,14,44,80,80021,JULES FERRY (CHAUSSEE),49.88388,2.32382,Plein jour,En agglomération,Hors intersection,Normale,Deux véhicules - arrière,4,2,3,0,1,1,1,0,1,50,,2,1,0,0,1,75.0,59.0,,,1,2,1,1,2
202100008449,2021-11-11 08:35:00,2021,11,11,8,35,78,78551,PEREIRE,48.901687,2.076408,Plein jour,En agglomération,Hors intersection,Normale,Deux véhicules - côté,4,2,2,0,1,1,1,0,1,50,,2,1,0,0,1,48.0,38.0,,,1,2,1,1,3
202100008450,2021-11-10 12:10:00,2021,11,10,12,10,78,78440,MARECHAL FOCH (AVENUE DU),48.989141,1.898331,Plein jour,En agglomération,Intersection en X,Normale,Deux véhicules - arrière,3,2,2,0,1,1,1,0,1,50,,2,1,0,0,1,46.0,46.0,,,1,2,2,1,2
202100008451,2021-11-11 09:10:00,2021,11,11,9,10,78,78172,RN 184 /  BRET. ACCES RD 203,49.001685,2.081034,Plein jour,Hors agglomération,Hors intersection,Normale,Deux véhicules - arrière,2,2,4,0,1,1,1,0,1,70,,2,1,0,0,1,20.0,20.0,,,1,1,1,1,2
202100008452,2021-10-26 07:50:00,2021,10,26,7,50,77,77379,POIGNY (AVENUE DE),48.5457423243,3.2876199344,Nuit avec éclairage allumé,En agglomération,Passage à niveau,Normale,Autre collision,4,-1,2,3,1,1,1,4,8,50,,2,1,1,0,0,49.0,,,,5,2,8,1,6
202100008453,2021-11-10 23:15:00,2021,11,10,23,15,76,76410,8 MAI 1945. RUE DU,49.48083,1.03667,Nuit avec éclairage allumé,En agglomération,Hors intersection,Normale,Sans collision,7,2,2,0,2,1,1,0,1,30,,2,0,0,1,1,17.0,,,,5,2,1,1,7
202100008454,2021-11-10 13:40:00,2021,11,10,13,40,71,71486,WALDECK ROCHET (AVENUE),46.6631818999,4.3698830664,Plein jour,En agglomération,Intersection en X,Normale,Deux véhicules - côté,4,2,2,0,1,1,1,5,8,50,,2,1,0,0,1,23.0,43.0,,,1,2,2,1,3
202100008455,2021-11-10 16:40:00,2021,11,10,16,40,71,71153,DE GAULLE (PLACE CHARLES),46.8072559581,4.4324766609,Plein jour,En agglomération,Giratoire,Normale,Deux véhicules - côté,4,1,2,0,1,2,1,0,1,50,,2,1,0,0,1,78.0,43.0,,,1,2,6,1,3
202100008456,2021-11-10 14:00:00,2021,11,10,14,0,69,69115,D306,45.97604,4.71742,Plein jour,Hors agglomération,Giratoire,Normale,Deux véhicules - côté,3,1,1,0,1,2,1,0,1,50,,2,1,0,0,1,,19.0,,,1,1,6,1,3
202100008457,2021-11-10 14:59:00,2021,11,10,14,59,68,68224,STOESSEL (BOULEVARD CHARLES),47.74391,7.32613,Plein jour,En agglomération,Intersection en T,Normale,Deux véhicules - frontale,4,2,3,2,1,1,1,0,5,50,,4,3,0,1,0,34.0,29.0,,,1,2,3,1,1
202100008458,2021-11-07 04:50:00,2021,11,7,4,50,64,64122,33 Rue de Madrid,43.47058,-1.56862,Nuit avec éclairage allumé,En agglomération,Hors intersection,Normale,Autre collision,4,1,1,2,2,1,1,0,1,50,,1,0,0,0,1,22.0,,,,5,2,1,1,6
202100008459,2021-11-10 15:00:00,2021,11,10,15,0,64,64102,LIBERTE (PLACE DE LA),43.4927283247,-1.4748501778,Plein jour,En agglomération,Autre intersection,Normale,Deux véhicules - côté,4,4,2,3,1,3,1,0,6,30,,5,4,0,0,1,72.0,60.0,,,1,2,9,1,3
202100008460,2021-11-07 01:50:00,2021,11,7,1,50,59,59350,TURENNE RUE,50.62764,3.0385,Nuit avec éclairage allumé,En agglomération,Hors intersection,Pluie légère,Deux véhicules - arrière,4,2,2,0,1,1,2,0,1,50,,3,2,0,0,1,26.0,,,,5,2,1,2,2
202100008461,2021-10-31 04:15:00,2021,10,31,4,15,59,59350,FERBER RUE CAPITAINE,50.6132579381,3.0748600727,Nuit avec éclairage allumé,En agglomération,Intersection en T,Normale,Deux véhicules - frontale,7,2,2,0,1,1,1,5,5,50,,2,1,0,0,1,32.0,22.0,,,5,2,3,1,1
202100008462,2021-11-10 19:37:00,2021,11,10,19,37,59,59122,HONNECOURT (RUE D'),50.1593625166,3.2380176977,Nuit avec éclairage allumé,En agglomération,Hors intersection,Normale,Autre collision,4,2,2,0,1,1,1,0,1,40,,2,0,0,0,2,66.0,,,,5,2,1,1,6
202100008463,2021-11-10 19:35:00,2021,11,10,19,35,57,57463,XX EME CORPS AMERICAIN,49.10009,6.16233,Nuit avec éclairage allumé,En agglomération,Intersection en X,Normale,Deux véhicules - côté,7,2,2,0,1,1,1,0,1,50,,2,1,0,1,0,18.0,21.0,,,5,2,2,1,3
202100008464,2021-11-11 11:25:00,2021,11,11,11,25,54,54304,DEROULEDE (AVENUE PAUL),48.68516,6.15581,Plein jour,En agglomération,Intersection en X,Normale,Deux véhicules - frontale,4,1,1,2,1,1,1,0,1,50,,2,1,0,0,1,64.0,48.0,,,1,2,2,1,1
202100008465,2021-11-10 19:25:00,2021,11,10,19,25,54,54547,LECLERC (AVENUE DU GENERAL),48.66006,6.16104,Nuit avec éclairage allumé,En agglomération,Hors intersection,Normale,Deux véhicules - arrière,7,2,2,0,2,1,1,0,1,50,,3,1,0,0,2,70.0,59.0,,,5,2,1,1,2