accident_id,datetime,annee,mois,jour,heure,minute,departement,commune_insee,adresse,latitude,longitude,luminosite,agglomeration,intersection,meteo,collision,catr,circ,nbv,vosp,prof,plan,surf,infra,situ,vma,nb_vehicules,nb_usagers,nb_indemnes,nb_tues,nb_blesses_hosp,nb_blesses_legers,age_cond_1,age_cond_2,veh_type_cond_1,veh_type_cond_2,lum_code,agg_code,int_code,atm_code,col_code
202100008466,2021-11-10 18:35:00,2021,11,10,18,35,54,54395,ALBERT 1ER  (BD),48.6985,6.1668,Nuit avec éclairage allumé,En agglomération,Intersection en X,Normale,Deux véhicules - côté,4,2,2,3,1,1,1,0,1,50,,2,1,0,0,1,20.0,65.0,,,5,2,2,1,3
202100008467,2021-11-09 13:00:00,2021,11,9,13,0,50,50173,SURCOUF (RUE),49.65696,-1.66145,Plein jour,En agglomération,Hors intersection,Normale,Deux véhicules - côté,4,2,2,0,1,3,1,0,1,50,,2,1,0,0,1,63.0,39.0,,,1,2,1,1,3
202100008468,2021-11-10 13:50:00,2021,11,10,13,50,45,45234,WICHITA (AVENUE DE),47.91235,1.92664,Plein jour,En agglomération,Hors intersection,Normale,Deux véhicules - côté,4,2,2,0,1,1,1,0,1,50,,2,1,0,0,1,59.0,72.0,,,1,2,1,1,3
202100008469,2021-11-11 12:30:00,2021,11,11,12,30,44,44109,ROUTE DE SAINTE LUCE,47.23631,-1.51821,Plein jour,En agglomération,Hors intersection,Normale,Deux véhicules - côté,4,2,2,2,1,1,1,0,5,50,,2,1,0,0,1,,62.0,,,1,2,1,1,3
202100008470,2021-11-10 18:10:00,2021,11,10,18,10,44,44162,Boulevard Charles Gautier,47.22488,-1.62176,Nuit avec éclairage allumé,En agglomération,Giratoire,Normale,Deux véhicules - côté,4,1,0,0,1,2,1,0,1,50,,3,2,0,0,1,48.0,37.0,,,5,2,6,1,3
202100008471,2021-11-10 16:10:00,2021,11,10,16,10,44,44109,BOULEVARD ROBERT SCHUMAN,47.23688,-1.56908,Plein jour,En agglomération,Hors intersection,Normale,Deux véhicules - côté,4,2,0,0,1,1,1,0,5,30,,2,1,0,1,0,20.0,65.0,,,1,2,1,1,3
202100008472,2021-11-10 15:10:00,2021,11,10,15,10,37,37261,MONTJOYEUX (RUE DE),47.3622244901,0.7097265869,Plein jour,En agglomération,Hors intersection,Normale,Sans collision,4,2,2,0,2,1,1,0,4,50,,1,0,0,0,1,21.0,,,,1,2,1,1,7
202100008473,2021-11-11 22:50:00,2021,11,11,22,50,35,35238,STRASBOURG (BOULEVARD DE),48.1117,-1.6561,Nuit avec éclairage allumé,En agglomération,Intersection en T,Normale,Deux véhicules - côté,4,2,2,2,2,1,1,0,1,50,,3,1,0,0,2,35.0,23.0,,,5,2,3,1,3
202100008474,2021-11-10 18:30:00,2021,11,10,18,30,35,35051,PORTE DE LA VALETTE,48.11071,-1.58628,Nuit sans éclairage public,Hors agglomération,Hors intersection,Normale,Deux véhicules - arrière,2,1,1,0,4,1,1,3,1,50,,4,3,0,0,1,29.0,23.0,,,3,1,1,1,2
202100008475,2021-11-10 19:25:00,2021,11,10,19,25,35,35055,HALLOUVRY (RUE D'),48.09047,-1.61569,Nuit avec éclairage allumé,En agglomération,Giratoire,Normale,Sans collision,7,2,2,0,1,1,1,5,1,50,,2,1,0,0,1,24.0,25.0,,,5,2,6,1,7
202100008476,2021-11-10 16:40:00,2021,11,10,16,40,35,35238,BECQUEREL (ANTOINE),48.12018,-1.63159,Plein jour,En agglomération,Giratoire,Normale,Deux véhicules - côté,7,1,2,0,2,2,1,5,1,30,,2,1,0,0,1,32.0,76.0,,,1,2,6,1,3
202100008477,2021-11-10 13:30:00,2021,11,10,13,30,35,35238,GENIAUX (RUE CHARLES),48.11088,-1.71214,Plein jour,En agglomération,Autre intersection,Normale,Deux véhicules - côté,4,2,2,1,1,1,1,0,1,50,,2,1,0,0,1,86.0,22.0,,,1,2,9,1,3
202100008478,2021-11-10 10:25:00,2021,11,10,10,25,35,35238,FOUGERES (RUE DE),48.1263626549,-1.6540775998,Plein jour,En agglomération,Hors intersection,Temps éblouissant,Deux véhicules - arrière,4,2,4,1,1,1,1,0,5,30,,3,2,0,1,0,73.0,55.0,,,1,2,1,7,2
202100008479,2021-11-10 21:40:00,2021,11,10,21,40,33,33063,Rue des Vivants,44.85358,-0.54168,Nuit avec éclairage allumé,En agglomération,Intersection en X,Normale,Deux véhicules - côté,4,2,2,0,1,1,1,0,1,30,,2,1,0,0,1,,40.0,,,5,2,2,1,3
202100008480,2021-11-10 13:10:00,2021,11,10,13,10,33,33063,Cours Georges Clémenceau,44.84311,-0.57913,Plein jour,En agglomération,Hors intersection,Normale,Deux véhicules - côté,4,2,4,3,1,1,1,0,1,50,,2,1,0,0,1,38.0,28.0,,,1,2,1,1,3
202100008481,2021-11-11 10:30:00,2021,11,11,10,30,31,31555,Route de Narbonne,43.56903,1.4565,Plein jour,En agglomération,Hors intersection,Temps couvert,Deux véhicules - côté,7,2,3,3,1,1,1,0,1,50,,3,2,0,0,1,39.0,,,,1,2,1,8,3
202100008482,2021-11-10 18:50:00,2021,11,10,18,50,31,31555,CHE DE LA LOGE,43.572926,1.435071,Nuit avec éclairage non allumé,En agglomération,Hors intersection,Pluie légère,Deux véhicules - frontale,4,2,3,0,1,1,2,0,1,50,,2,1,0,1,0,24.0,32.0,,,4,2,1,2,1
202100008483,2021-11-10 12:08:00,2021,11,10,12,8,31,31149,MENUDE (CHEMIN DE LA),43.5982781683,1.3005146384,Plein jour,En agglomération,Giratoire,Normale,Deux véhicules - côté,4,-1,2,0,1,1,1,0,1,50,,2,1,0,1,0,43.0,16.0,,,1,2,6,1,3
202100008484,2021-11-10 08:47:00,2021,11,10,8,47,31,31483,CAZAUX (ROUTE DE LA SERRE DE),43.1386,0.73412,Crépuscule ou aube,Hors agglomération,Intersection en T,Normale,Deux véhicules - côté,3,2,3,0,3,2,1,0,1,80,,2,1,0,0,1,46.0,50.0,,,2,1,3,1,3
202100008485,2021-10-19 23:00:00,2021,10,19,23,0,30,30189,SAUVE (ROUTE),43.849,4.28834,Nuit sans éclairage public,Hors agglomération,Hors intersection,Normale,Deux véhicules - arrière,3,2,2,0,1,1,1,0,1,80,,3,1,0,2,0,14.0,62.0,,,3,1,1,1,2
202100008486,2021-11-10 16:00:00,2021,11,10,16,0,29,29232,Avenue Pierre Mendes-France,47.9773741973,-4.1241261364,Plein jour,En agglomération,Hors intersection,Normale,Deux véhicules - arrière,4,2,2,0,2,1,1,0,1,50,,2,1,0,0,1,52.0,33.0,,,1,2,1,1,2
202100008487,2021-11-09 17:50:00,2021,11,9,17,50,29,29232,Rue Montaigne,47.98569,-4.09846,Nuit sans éclairage public,En agglomération,Hors intersection,Pluie légère,Deux véhicules - arrière,4,2,2,0,2,2,2,0,1,50,,2,1,0,1,0,41.0,62.0,,,3,2,1,2,2
202100008488,2021-11-10 17:15:00,2021,11,10,17,15,25,25462,ETRACHES LES,46.94014,6.42858,Nuit sans éclairage public,Hors agglomération,Hors intersection,Normale,Deux véhicules - côté,3,2,2,0,2,1,1,0,1,80,,2,0,0,0,2,34.0,58.0,,,3,1,1,1,3
202100008489,2021-11-09 06:55:00,2021,11,9,6,55,21,21166,ARMAND THIBAUT (RUE),47.2943293711,5.0058899533,Nuit avec éclairage allumé,En agglomération,Hors intersection,Normale,Autre collision,4,2,2,0,1,1,1,6,1,50,,2,1,0,1,0,,,,,5,2,1,1,6
202100008490,2021-11-09 17:15:00,2021,11,9,17,15,17,17306,GABORIAU (IMPASSE EMILE),45.62701,-1.01253,Plein jour,En agglomération,Intersection en T,Normale,Deux véhicules - côté,4,2,2,0,1,1,1,0,1,50,,2,1,0,0,1,22.0,62.0,,,1,2,3,1,3
202100008491,2021-11-09 20:16:00,2021,11,9,20,16,17,17300,CHAMP DE MARS   AVENUE DU,46.16933,-1.14775,Nuit avec éclairage allumé,En agglomération,Hors intersection,Normale,Autre collision,4,1,2,0,1,1,1,0,1,30,,2,1,0,0,1,62.0,,,,5,2,1,1,6
202100008492,2021-11-11 06:10:00,2021,11,11,6,10,13,13207,Corniche John Fitzgérald Kennedy,43.27352,5.36292,Nuit avec éclairage allumé,En agglomération,Hors intersection,Normale,Deux véhicules - frontale,4,2,3,0,1,2,2,0,1,50,,3,2,0,0,1,40.0,23.0,,,5,2,1,1,1
202100008493,2021-11-09 16:15:00,2021,11,9,16,15,13,13205,FERRARI (RUE),43.29411,5.38701,Plein jour,En agglomération,Place,Normale,Deux véhicules - frontale,4,-1,1,0,1,3,1,0,1,50,,2,1,0,0,1,46.0,,,,1,2,7,1,1
202100008494,2021-11-10 21:30:00,2021,11,10,21,30,13,13001,CAMP DE MENTHE (AV DU),43.51127,5.41511,Nuit sans éclairage public,En agglomération,Hors intersection,Pluie légère,Deux véhicules - frontale,7,2,2,0,1,1,2,0,1,50,,4,2,0,0,2,29.0,21.0,,,3,2,1,2,1
202100008495,2021-11-09 18:59:00,2021,11,9,18,59,10,10387,ANATOLE FRANCE (RUE),48.284361151,4.0730678155,Nuit avec éclairage allumé,En agglomération,Hors intersection,Normale,Autre collision,4,2,1,0,1,1,1,0,1,50,,2,1,0,0,1,62.0,,,,5,2,1,1,6
202100008496,2021-11-10 13:30:00,2021,11,10,13,30,06,06123,DONADEI EUGENE AVENUE,43.660318,7.194999,Plein jour,Hors agglomération,Hors intersection,Normale,Deux véhicules - arrière,4,1,1,0,1,2,1,0,1,50,,2,1,0,0,1,20.0,22.0,,,1,1,1,1,2
202100008497,2021-11-10 08:08:00,2021,11,10,8,8,75,75105,BOULEVARD SAINT MICHEL,48.842118,2.33797,Plein jour,En agglomération,Hors intersection,Normale,Autre collision,4,2,4,1,1,1,1,0,1,30,,2,1,0,0,1,25.0,,,,1,2,1,1,6
202100008498,2021-11-11 12:00:00,2021,11,11,12,0,75,75120,PLACE DE LA PORTE DE MONTREUIL,48.853527,2.413588,Plein jour,En agglomération,Place,Temps éblouissant,Autre collision,4,4,4,1,1,3,1,0,1,30,,2,1,0,0,1,81.0,,,,1,2,7,7,6
202100008499,2021-11-11 13:10:00,2021,11,11,13,10,75,75118,PLACE ALBERT KAHN,48.895683,2.346305,Plein jour,En agglomération,Place,Normale,Autre collision,4,3,2,0,1,1,1,0,1,30,,3,2,0,0,1,66.0,39.0,,,1,2,7,1,6
202100008500,2021-11-10 19:00:00,2021,11,10,19,0,75,75115,RUE DU DOCTEUR ROUX,48.842093,2.312995,Nuit avec éclairage allumé,En agglomération,Intersection en X,Normale,Autre collision,4,1,1,0,1,1,1,0,1,30,,3,1,0,0,2,22.0,,,,5,2,2,1,6
202100008501,2021-11-11 02:30:00,2021,11,11,2,30,75,75113,BOULEVARD DE L HOPITAL,48.834558,2.3578,Nuit avec éclairage allumé,En agglomération,Intersection en X,Normale,Autre collision,4,2,4,1,2,1,1,-1,5,30,,1,0,0,0,1,26.0,,,,5,2,2,1,6
202100008502,2021-11-11 08:14:00,2021,11,11,8,14,75,75109,BOULEVARD HAUSSMANN,48.871999,2.340043,Plein jour,En agglomération,Intersection à plus de 4 branches,Normale,Deux véhicules - côté,4,1,2,3,1,1,1,0,1,30,,2,1,0,0,1,65.0,46.0,,,1,2,5,1,3
202100008503,2021-11-11 02:20:00,2021,11,11,2,20,75,75109,RUE CONDORCET,48.880179,2.343737,Nuit avec éclairage allumé,En agglomération,Intersection en X,Normale,Deux véhicules - frontale,4,2,2,2,1,1,1,-1,5,30,,2,1,0,0,1,24.0,,,,5,2,2,1,1
202100008504,2021-11-11 18:10:00,2021,11,11,18,10,75,75101,RUE DE RIVOLI,48.862181,2.337016,Nuit avec éclairage allumé,En agglomération,Intersection en T,Normale,Deux véhicules - côté,4,-1,3,3,1,1,1,-1,6,30,,3,2,0,0,1,22.0,64.0,,,5,2,3,1,3
202100008505,2021-11-11 03:00:00,2021,11,11,3,0,75,75104,QUAI HENRI IV,48.849736,2.361528,Nuit avec éclairage allumé,En agglomération,Intersection en T,Brouillard / fumée,Autre collision,4,1,2,0,1,2,2,0,1,30,,1,0,0,0,1,33.0,,,,5,2,3,5,6
202100008506,2021-11-10 23:05:00,2021,11,10,23,5,75,75104,BOULEVARD BEAUMARCHAIS,48.854487,2.368814,Nuit avec éclairage allumé,En agglomération,Hors intersection,Normale,Autre collision,4,2,4,3,1,1,2,0,1,30,,2,1,0,0,1,65.0,,,,5,2,1,1,6
202100008507,2021-11-11 17:47:00,2021,11,11,17,47,94,94081,Avenue du Moulin de Saquet,48.79238,2.38564,Nuit avec éclairage allumé,En agglomération,Hors intersection,Normale,Deux véhicules - côté,3,2,4,3,2,1,1,9,1,50,,2,1,0,0,1,41.0,28.0,,,5,2,1,1,3
202100008508,2021-11-11 13:10:00,2021,11,11,13,10,94,94022,Avenue de Lugo,48.7732156448,2.4094390869,Plein jour,En agglomération,Hors intersection,Normale,Deux véhicules - arrière,3,1,3,0,1,1,1,0,1,500,,2,0,0,0,2,37.0,41.0,,,1,2,1,1,2
202100008509,2021-11-11 18:05:00,2021,11,11,18,5,93,93062,MIDI (BOULEVARD DU),48.8927168285,2.5199104438,Nuit avec éclairage allumé,En agglomération,Hors intersection,Normale,Deux véhicules - arrière,4,2,2,0,1,1,1,0,1,50,,2,1,0,0,1,73.0,50.0,,,5,2,1,1,2
202100008510,2021-11-10 17:50:00,2021,11,10,17,50,93,93046,WINSTON CHURCHILL AVENUE,48.9145,2.5353,Crépuscule ou aube,En agglomération,Hors intersection,Normale,Deux véhicules - arrière,3,2,2,0,2,1,1,0,1,50,,2,1,0,0,1,31.0,52.0,,,2,2,1,1,2
202100008511,2021-11-11 19:20:00,2021,11,11,19,20,93,93010,BLUM (AV. LEON),48.9152054077,2.4789920598,Nuit avec éclairage allumé,En agglomération,Autre intersection,Normale,Deux véhicules - côté,4,2,1,0,1,4,1,0,1,50,,2,1,0,0,1,24.0,21.0,,,5,2,9,1,3
202100008512,2021-11-11 07:54:00,2021,11,11,7,54,93,93063,NOISY ROUTE DE,48.895083994,2.4282840639,Plein jour,En agglomération,Hors intersection,Brouillard / fumée,Deux véhicules - arrière,3,2,2,0,1,1,1,0,1,50,,6,1,0,0,5,33.0,50.0,,,1,2,1,5,2
202100008513,2021-11-11 18:36:00,2021,11,11,18,36,92,92078,MARC SANGNIER (AVENUE),48.9297508034,2.3260371387,Nuit avec éclairage allumé,En agglomération,Intersection en T,Normale,Deux véhicules - côté,3,1,3,0,1,1,1,0,1,50,,2,1,0,0,1,20.0,24.0,,,5,2,3,1,3
202100008514,2021-11-11 16:05:00,2021,11,11,16,5,92,92062,DE DION BOUTON (QUAI) DU 29 AU 65,48.882809,2.247991,Plein jour,En agglomération,Hors intersection,Normale,Deux véhicules - arrière,3,2,2,0,1,1,1,0,1,50,,2,1,0,0,1,19.0,20.0,,,1,2,1,1,2
202100008515,2021-11-11 11:10:00,2021,11,11,11,10,92,92062,GENERAL DE GAULLE (AV) DU 63 AU 107,48.885371732,2.2279983759,Plein jour,En agglomération,Giratoire,Normale,Trois véhicules et plus - collisions multiples,3,2,4,3,1,1,1,0,1,50,,4,3,0,0,1,29.0,44.0,,,1,2,6,1,5
202100008516,2021-11-11 14:50:00,2021,11,11,14,50,92,92044,VIC. HUGO(RUE)001A067 ET002A078,48.8950478298,2.2974662483,Plein jour,En agglomération,Hors intersection,Normale,Deux véhicules - arrière,3,2,3,3,1,1,1,0,1,50,,2,1,0,0,1,30.0,51.0,,,1,2,1,1,2
202100008517,2021-11-11 06:50:00,2021,11,11,6,50,92,92007,FERRE (RUE LEO),48.7970253818,2.319086194,Nuit avec éclairage allumé,En agglomération,Hors intersection,Normale,Autre collision,4,-1,0,0,1,1,1,6,8,30,,2,1,0,1,0,31.0,,,,5,2,1,1,6
202100008518,2021-11-11 17:20:00,2021,11,11,17,20,57,57629,D 94 - PK 002.000,48.784282,7.077341,Nuit sans éclairage public,Hors agglomération,Hors intersection,Brouillard / fumée,Deux véhicules - côté,3,2,2,0,1,2,2,0,1,80,,2,1,0,1,0,71.0,24.0,,,3,1,1,5,3
202100008519,2021-11-11 08:30:00,2021,11,11,8,30,13,13078,Avenue de la 1ère Division Française Libre,43.383905,4.808428,Plein jour,En agglomération,Hors intersection,Pluie légère,Deux véhicules - côté,4,2,2,0,1,1,3,0,1,50,,2,1,0,1,0,72.0,,,,1,2,1,2,3
202100008520,2021-11-11 19:45:00,2021,11,11,19,45,68,68007,7 Rue de Colmar,48.064768,7.415466,Nuit avec éclairage allumé,En agglomération,Hors intersection,Normale,Deux véhicules - arrière,4,2,2,0,1,3,1,0,1,50,,3,1,0,0,2,36.0,45.0,,,5,2,1,1,2
202100008521,2021-11-11 17:55:00,2021,11,11,17,55,28,28225,9 Rue Jean Moulin,48.351964,1.25963,Nuit avec éclairage allumé,En agglomération,Hors intersection,Normale,Deux véhicules - frontale,3,2,2,0,1,1,1,0,4,50,,1,0,0,1,0,40.0,,,,5,2,1,1,1
202100008522,2021-11-12 09:10:00,2021,11,12,9,10,63,63143,RD 93,46.03253,3.273239,Plein jour,Hors agglomération,Hors intersection,Brouillard / fumée,Deux véhicules - frontale,3,2,2,0,1,2,2,0,1,80,,2,0,0,0,2,49.0,48.0,,,1,1,1,5,1
202100008523,2021-11-12 11:50:00,2021,11,12,11,50,22,22004,D767,48.614754,-3.283045,Plein jour,Hors agglomération,Hors intersection,Pluie légère,Deux véhicules - arrière,3,3,4,0,2,1,2,0,1,110,,2,1,0,0,1,26.0,55.0,,,1,1,1,2,2
202100008524,2021-11-12 16:45:00,2021,11,12,16,45,26,26160,Route de Beausemblant,45.209553,4.819087,Plein jour,En agglomération,Autre intersection,Normale,Deux véhicules - frontale,3,2,2,0,2,3,1,0,1,50,,2,1,0,1,0,17.0,43.0,,,1,2,9,1,1
202100008525,2021-11-12 07:30:00,2021,11,12,7,30,41,41287,La Basse Roche,47.747865,1.040697,Crépuscule ou aube,Hors agglomération,Hors intersection,Brouillard / fumée,Deux véhicules - frontale,2,2,2,0,1,1,1,0,1,80,,2,1,0,1,0,19.0,53.0,,,2,1,1,5,1
202100008526,2021-11-08 19:00:00,2021,11,8,19,0,40,40307,D43,44.347376,-0.555711,Nuit sans éclairage public,Hors agglomération,Hors intersection,Normale,Autre collision,3,2,2,0,1,1,1,9,8,80,,1,0,0,1,0,23.0,,,,3,1,1,1,6
202100008527,2021-11-11 22:00:00,2021,11,11,22,0,51,51260,D1,48.904748,4.662197,Nuit sans éclairage public,Hors agglomération,Hors intersection,Brouillard / fumée,Sans collision,3,2,2,0,1,1,1,0,8,80,,1,0,0,0,1,32.0,,,,3,1,1,5,7
202100008528,2021-11-10 15:50:00,2021,11,10,15,50,56,56131,Kerhoat,48.010224,-3.439043,Plein jour,Hors agglomération,Hors intersection,Normale,Autre collision,3,2,2,0,4,2,1,0,8,80,,4,1,0,2,1,40.0,,,,1,1,1,1,6
202100008529,2021-11-03 19:58:00,2021,11,3,19,58,67,67066,D126,48.47295,7.199285,Nuit sans éclairage public,Hors agglomération,Hors intersection,Pluie légère,Sans collision,3,2,2,0,2,2,2,0,1,80,,1,0,0,1,0,49.0,,,,3,1,1,2,7
202100008530,2021-11-11 21:50:00,2021,11,11,21,50,33,33151,Lieu Dit Fougeres,45.258757,-0.45958,Nuit sans éclairage public,Hors agglomération,Intersection en X,Brouillard / fumée,Autre collision,3,2,2,0,1,1,1,0,1,80,,2,1,0,1,0,41.0,,,,3,1,2,5,6
202100008531,2021-11-09 18:00:00,2021,11,9,18,0,49,49061,CD 81,47.640526,-1.047757,Crépuscule ou aube,Hors agglomération,Hors intersection,Normale,Autre collision,3,2,2,0,1,1,1,0,1,80,,1,0,1,0,0,35.0,,,,2,1,1,1,6
202100008532,2021-11-10 20:45:00,2021,11,10,20,45,12,12243,Revayrol,44.010873,2.973964,Nuit sans éclairage public,Hors agglomération,Hors intersection,Pluie légère,Deux véhicules - frontale,3,2,2,0,2,4,2,0,1,70,,2,0,0,0,2,78.0,19.0,,,3,1,1,2,1
202100008533,2021-11-12 10:15:00,2021,11,12,10,15,42,42262,Route de Firminy,45.403561,4.188634,Plein jour,En agglomération,Hors intersection,Normale,Autre collision,7,2,2,0,1,1,1,0,1,80,,1,0,0,1,0,76.0,,,,1,2,1,1,6
202100008534,2021-11-12 08:30:00,2021,11,12,8,30,47,47069,488 Route d Agen,44.217858,0.590483,Plein jour,Hors agglomération,Hors intersection,Brouillard / fumée,Deux véhicules - côté,3,2,2,0,1,1,1,9,1,80,,3,2,0,1,0,53.0,30.0,,,1,1,1,5,3
202100008535,2021-10-31 00:30:00,2021,10,31,0,30,41,41073,Le Pont de l Urin,47.907267,1.046222,Nuit sans éclairage public,Hors agglomération,Hors intersection,Normale,Autre collision,3,2,2,0,4,3,2,2,3,80,,3,1,0,1,1,18.0,,,,3,1,1,1,6
202100008536,2021-11-12 09:00:00,2021,11,12,9,0,41,41241,Intersection D147 et D75,47.337811,1.931336,Plein jour,Hors agglomération,Intersection en X,Normale,Deux véhicules - côté,3,2,2,0,1,1,1,0,1,80,,5,0,1,1,3,79.0,43.0,,,1,1,2,1,3
202100008537,2021-11-11 20:05:00,2021,11,11,20,5,44,44212,D763,47.151603,-1.278813,Nuit sans éclairage public,Hors agglomération,Hors intersection,Normale,Autre collision,3,2,2,0,1,1,1,0,1,80,,3,2,1,0,0,32.0,20.0,,,3,1,1,1,6
202100008538,2021-11-11 16:30:00,2021,11,11,16,30,29,29216,D40 - Rue de Pouldreuzic,47.979107,-4.187829,Plein jour,Hors agglomération,Giratoire,Normale,Deux véhicules - arrière,3,2,1,0,1,2,1,5,1,80,,2,1,0,0,1,59.0,22.0,,,1,1,6,1,2
202100008539,2021-11-12 07:30:00,2021,11,12,7,30,02,02323,D283,49.938378,3.363029,Nuit sans éclairage public,Hors agglomération,Hors intersection,Brouillard / fumée,Deux véhicules - frontale,3,2,2,0,1,3,2,0,1,80,,3,2,1,0,0,66.0,37.0,,,3,1,1,5,1
202100008540,2021-11-12 00:14:00,2021,11,12,0,14,01,01183,,46.100703,4.770352,Nuit sans éclairage public,En agglomération,Giratoire,Normale,Autre collision,3,3,2,0,1,3,1,9,8,50,,1,0,0,0,1,27.0,,,,3,2,6,1,6
202100008541,2021-11-10 11:30:00,2021,11,10,11,30,58,58046,9 Route de Vandenesse,46.857993,3.651185,Plein jour,En agglomération,Hors intersection,Normale,Deux véhicules - côté,3,2,2,0,1,1,1,0,4,50,,1,0,0,1,0,41.0,,,,1,2,1,1,3
202100008542,2021-11-04 18:45:00,2021,11,4,18,45,72,72191,33 av du 14 juiet,47.76399,0.27508,Crépuscule ou aube,En agglomération,Giratoire,Pluie légère,Autre collision,3,2,2,0,1,1,1,0,1,50,,2,1,0,1,0,,,,,2,2,6,2,6
202100008543,2021-11-11 18:00:00,2021,11,11,18,0,50,50562,La Bijude,49.608579,-1.257463,Nuit sans éclairage public,Hors agglomération,Hors intersection,Normale,Autre collision,3,2,2,0,1,1,1,0,1,80,,2,1,1,0,0,65.0,,,,3,1,1,1,6
202100008544,2021-11-12 01:45:00,2021,11,12,1,45,40,40274,CD 834,43.954374,-0.588033,Nuit sans éclairage public,Hors agglomération,Hors intersection,Brouillard / fumée,Trois véhicules et plus - collisions multiples,3,2,2,0,1,1,1,0,1,80,,5,0,2,0,3,20.0,24.0,,,3,1,1,5,5
202100008545,2021-11-10 11:37:00,2021,11,10,11,37,04,04192,RD 4100,43.879877,5.703095,Plein jour,Hors agglomération,Hors intersection,Pluie légère,Deux véhicules - frontale,3,2,2,0,2,3,2,0,1,80,,3,0,0,1,2,70.0,30.0,,,1,1,1,2,1
202100008546,2021-11-10 17:00:00,2021,11,10,17,0,37,37172,Avenue Gustave Eiffel,47.4395485559,0.6994067878,Plein jour,En agglomération,Hors intersection,Normale,Deux véhicules - frontale,7,2,2,0,1,1,1,0,1,70,,2,1,0,1,0,50.0,29.0,,,1,2,1,1,1
202100008547,2021-11-12 14:45:00,2021,11,12,14,45,52,52072,3 Grande Rue,48.155129,5.135583,Plein jour,En agglomération,Hors intersection,Normale,Autre collision,3,2,2,0,2,3,1,0,1,50,,2,1,0,1,0,54.0,63.0,,,1,2,1,1,6
202100008548,2021-11-10 11:20:00,2021,11,10,11,20,88,88079,,48.215852,5.827636,Plein jour,Hors agglomération,Hors intersection,Normale,Deux véhicules - arrière,3,2,2,0,1,1,1,0,3,90,,2,1,0,1,0,34.0,61.0,,,1,1,1,1,2
202100008549,2021-11-11 18:20:00,2021,11,11,18,20,72,72217,PK 167+000,48.058984,0.217206,Nuit sans éclairage public,Hors agglomération,Hors intersection,Normale,Trois véhicules et plus - en chaîne,1,1,4,0,1,1,1,0,1,130,,5,2,0,0,3,52.0,48.0,,,3,1,1,1,4
202100008550,2021-11-11 19:25:00,2021,11,11,19,25,24,24585,Daumier,44.647873,1.094829,Nuit sans éclairage public,Hors agglomération,Hors intersection,Normale,Autre collision,4,2,2,0,1,1,1,0,3,80,,1,0,0,0,1,20.0,,,,3,1,1,1,6
202100008551,2021-11-10 13:30:00,2021,11,10,13,30,976,97608,50 Route de Moya,-12.785395,45.277303,Plein jour,En agglomération,Hors intersection,Normale,Autre collision,4,2,2,0,1,1,1,0,1,-1,,2,1,1,0,0,30.0,,,,1,2,1,1,6
202100008552,2021-11-12 06:20:00,2021,11,12,6,20,77,77508,D21,48.817016,2.810107,Crépuscule ou aube,Hors agglomération,Hors intersection,Brouillard / fumée,Deux véhicules - frontale,3,2,2,0,1,2,1,0,1,80,,2,0,0,1,1,37.0,32.0,,,2,1,1,5,1
202100008553,2021-11-11 20:45:00,2021,11,11,20,45,66,66037,RD 617,42.701487,3.017743,Nuit sans éclairage public,Hors agglomération,Hors intersection,Pluie légère,Deux véhicules - frontale,3,1,4,0,1,1,2,0,1,70,,4,1,0,1,2,38.0,36.0,,,3,1,1,2,1
202100008554,2021-11-12 07:45:00,2021,11,12,7,45,84,84054,D 901,43.903729,5.082244,Plein jour,Hors agglomération,Hors intersection,Normale,Deux véhicules - arrière,3,2,2,0,1,1,1,0,1,80,,2,1,0,1,0,55.0,,,,1,1,1,1,2
202100008555,2021-11-06 20:29:00,2021,11,6,20,29,83,83104,D3,43.646588,5.760548,Nuit sans éclairage public,Hors agglomération,Hors intersection,Temps couvert,Autre collision,3,2,2,0,1,3,1,0,3,80,,2,0,0,1,1,39.0,,,,3,1,1,8,6
202100008556,2021-11-12 16:00:00,2021,11,12,16,0,05,05126,Vallon de Pied Leger,44.376973,5.440502,Plein jour,Hors agglomération,Hors intersection,Normale,Sans collision,3,2,2,0,2,1,1,0,1,90,,1,0,0,1,0,33.0,,,,1,1,1,1,7
202100008557,2021-11-11 16:00:00,2021,11,11,16,0,05,05016,La Bâtie-Montsaléon   RD 994 Grison (Arrêt de bus),44.466464,5.750678,Plein jour,Hors agglomération,Intersection en T,Normale,Deux véhicules - frontale,3,2,2,0,2,3,1,5,1,90,,3,2,0,0,1,24.0,49.0,,,1,1,3,1,1
202100008558,2021-11-08 08:00:00,2021,11,8,8,0,68,68155,39 Rue Robert Schuman,48.097264,7.311938,Crépuscule ou aube,En agglomération,Hors intersection,Temps couvert,Deux véhicules - arrière,3,2,2,0,3,1,2,1,1,50,,2,1,0,0,1,41.0,49.0,,,2,2,1,8,2
202100008559,2021-11-12 10:55:00,2021,11,12,10,55,67,67028,départementale 5,48.376991,7.584665,Plein jour,Hors agglomération,Intersection en T,Brouillard / fumée,Deux véhicules - frontale,3,2,2,0,1,3,2,0,1,50,,2,1,0,1,0,74.0,18.0,,,1,1,3,5,1