accident_id,datetime,annee,mois,jour,heure,minute,departement,commune_insee,adresse,latitude,longitude,luminosite,agglomeration,intersection,meteo,collision,catr,circ,nbv,vosp,prof,plan,surf,infra,situ,vma,nb_vehicules,nb_usagers,nb_indemnes,nb_tues,nb_blesses_hosp,nb_blesses_legers,age_cond_1,age_cond_2,veh_type_cond_1,veh_type_cond_2,lum_code,agg_code,int_code,atm_code,col_code
202100008560,2021-11-11 17:30:00,2021,11,11,17,30,57,57724,94 Rue de Thionville,49.271109,6.113248,Nuit avec éclairage allumé,En agglomération,Autre intersection,Brouillard / fumée,Deux véhicules - frontale,3,2,2,0,3,2,1,0,1,50,,3,1,0,0,2,48.0,49.0,,,5,2,9,5,1
202100008561,2021-11-10 20:20:00,2021,11,10,20,20,26,26084,2940 Route de Saint MARCEL ,44.986876,4.946959,Nuit sans éclairage public,Hors agglomération,Hors intersection,Normale,Deux véhicules - frontale,3,2,2,0,2,3,2,0,1,80,,2,1,0,1,0,60.0,52.0,,,3,1,1,1,1
202100008562,2021-10-13 06:55:00,2021,10,13,6,55,26,26088,Route Louis Pasteur,45.035647,5.086284,Nuit avec éclairage allumé,Hors agglomération,Intersection en T,Normale,Deux véhicules - côté,3,2,2,0,1,1,1,5,1,70,,2,1,0,0,1,32.0,15.0,,,5,1,3,1,3
202100008563,2021-11-11 17:15:00,2021,11,11,17,15,07,07341,Rue Lazare Durif,44.560601,4.504561,Crépuscule ou aube,En agglomération,Intersection en T,Normale,Deux véhicules - côté,4,2,1,0,1,1,1,0,1,50,,2,1,0,1,0,14.0,36.0,,,2,2,3,1,3
202100008564,2021-11-12 01:45:00,2021,11,12,1,45,01,01185,D8,45.9250304762,5.6130239367,Nuit avec éclairage non allumé,Hors agglomération,Hors intersection,Normale,Sans collision,3,2,2,0,2,1,1,0,3,80,,1,0,0,0,1,21.0,,,,4,1,1,1,7
202100008565,2021-11-11 15:00:00,2021,11,11,15,0,69,69219,D 30,45.6583476251,4.6925997734,Plein jour,Hors agglomération,Hors intersection,Normale,Sans collision,3,2,1,0,2,4,1,0,3,80,,1,0,0,1,0,18.0,,,,1,1,1,1,7
202100008566,2021-11-11 19:30:00,2021,11,11,19,30,81,81105,52 Avenue du Sidobre,43.755306,2.002881,Nuit sans éclairage public,En agglomération,Hors intersection,Brouillard / fumée,Deux véhicules - frontale,4,2,2,0,1,2,2,0,1,50,,2,1,0,1,0,45.0,,,,3,2,1,5,1
202100008567,2021-11-12 16:30:00,2021,11,12,16,30,87,87161,Marsac,45.871291,1.462469,Plein jour,Hors agglomération,Hors intersection,Normale,Autre collision,3,2,2,0,2,4,1,0,8,-1,,1,0,1,0,0,27.0,,,,1,1,1,1,6
202100008568,2021-11-11 16:25:00,2021,11,11,16,25,86,86237,D148,46.147251,0.244161,Plein jour,Hors agglomération,Hors intersection,Normale,Deux véhicules - frontale,3,2,2,0,2,4,1,0,1,80,,3,2,0,0,1,38.0,55.0,,,1,1,1,1,1
202100008569,2021-11-10 21:15:00,2021,11,10,21,15,85,85302,La Roche Molive,46.958765,-0.985336,Nuit sans éclairage public,En agglomération,Hors intersection,Normale,Deux véhicules - frontale,3,2,2,0,2,2,1,0,1,50,,2,1,0,1,0,16.0,24.0,,,3,2,1,1,1
202100008570,2021-11-11 10:30:00,2021,11,11,10,30,29,29058,Rond Point de Ker Elo,47.898031,-4.014473,Plein jour,En agglomération,Giratoire,Normale,Deux véhicules - arrière,3,1,2,0,1,1,1,5,1,50,,2,1,0,1,0,68.0,50.0,,,1,2,6,1,2
202100008571,2021-11-10 17:20:00,2021,11,10,17,20,27,27611,RD 316,49.081006,1.258578,Nuit sans éclairage public,Hors agglomération,Hors intersection,Normale,Sans collision,3,2,2,0,2,3,2,0,8,80,,1,0,0,1,0,22.0,,,,3,1,1,1,7
202100008572,2021-10-20 18:00:00,2021,10,20,18,0,27,27684,Route Nationale 13,49.014399,1.226006,Crépuscule ou aube,Hors agglomération,Hors intersection,Normale,Sans collision,2,3,4,0,1,1,1,0,3,110,,1,0,0,0,1,32.0,,,,2,1,1,1,7
202100008573,2021-11-11 19:45:00,2021,11,11,19,45,60,60088,D1001,49.230171,2.224249,Nuit sans éclairage public,Hors agglomération,Giratoire,Normale,Autre collision,3,-1,2,0,1,3,2,5,4,80,,2,0,0,2,0,27.0,,,,3,1,6,1,6
202100008574,2021-11-10 15:00:00,2021,11,10,15,0,13,13055,A507 sens Aubagne- Marseille,43.330055,5.402984,Plein jour,Hors agglomération,Hors intersection,Normale,Deux véhicules - côté,1,3,3,0,2,1,1,1,1,70,,2,1,0,0,1,29.0,23.0,,,1,1,1,1,3
202100008575,2021-11-11 00:00:00,2021,11,11,0,0,13,13071,A55 - Sens Marseille vers Martigues,43.399109,5.296419,Nuit sans éclairage public,Hors agglomération,Hors intersection,Pluie légère,Deux véhicules - arrière,1,1,2,0,2,2,2,2,1,90,,3,1,0,0,2,49.0,31.0,,,3,1,1,2,2
202100008576,2021-11-10 14:06:00,2021,11,10,14,6,13,13071,A7-Sens Lyon vers Marseille,43.403935,5.303663,Plein jour,Hors agglomération,Hors intersection,Normale,Deux véhicules - arrière,1,-1,3,0,1,1,2,0,1,110,,2,0,0,1,1,58.0,31.0,,,1,1,1,1,2
202100008577,2021-11-07 09:00:00,2021,11,7,9,0,69,69259,RD383   11.750 A 14.250,45.71789,4.86537,Plein jour,Hors agglomération,Hors intersection,Normale,Trois véhicules et plus - en chaîne,7,3,8,0,1,1,1,0,1,70,,6,4,0,0,2,66.0,31.0,,,1,1,1,1,4
202100008578,2021-11-11 13:30:00,2021,11,11,13,30,91,91534,RN 118,48.73375,2.16979,Plein jour,Hors agglomération,Hors intersection,Normale,Sans collision,2,3,4,0,1,3,1,0,2,110,,1,0,0,0,1,59.0,,,,1,1,1,1,7
202100008579,2021-11-11 13:33:00,2021,11,11,13,33,91,91521,RN 441,48.63576,2.40106,Plein jour,Hors agglomération,Autre intersection,Normale,Autre collision,2,1,3,0,1,3,1,0,1,70,,1,0,0,0,1,25.0,,,,1,1,9,1,6
202100008580,2021-11-10 18:55:00,2021,11,10,18,55,92,92072,N118,48.8224757424,2.2222421137,Nuit sans éclairage public,Hors agglomération,Hors intersection,Normale,Trois véhicules et plus - en chaîne,2,3,2,0,2,3,1,0,1,70,,3,2,0,0,1,40.0,30.0,,,3,1,1,1,4
202100008581,2021-11-11 20:00:00,2021,11,11,20,0,95,95252, A15,48.9852769454,2.2140623054,Nuit sans éclairage public,Hors agglomération,Hors intersection,Normale,Trois véhicules et plus - en chaîne,1,3,6,0,1,1,1,0,1,110,,4,3,0,0,1,40.0,51.0,,,3,1,1,1,4
202100008582,2021-11-11 12:40:00,2021,11,11,12,40,95,95277,AUTOROUTE A1,48.982639,2.501067,Plein jour,Hors agglomération,Hors intersection,Normale,Deux véhicules - arrière,1,3,8,0,1,1,1,0,1,110,,6,1,0,2,3,26.0,41.0,,,1,1,1,1,2
202100008583,2021-11-11 06:45:00,2021,11,11,6,45,95,95061,RN 104,49.067428,2.256232,Nuit sans éclairage public,Hors agglomération,Hors intersection,Brouillard / fumée,Autre collision,2,3,4,0,1,1,1,0,1,110,,1,0,0,0,1,27.0,,,,3,1,1,5,6
202100008584,2021-11-10 16:45:00,2021,11,10,16,45,95,95572,RN 184,49.039843,2.126717,Plein jour,Hors agglomération,Hors intersection,Normale,Trois véhicules et plus - en chaîne,2,3,4,0,1,1,1,0,1,90,,4,3,0,0,1,53.0,30.0,,,1,1,1,1,4
202100008585,2021-11-10 21:00:00,2021,11,10,21,0,94,94018,A4,48.8176874111,2.4147391319,Nuit sans éclairage public,Hors agglomération,Hors intersection,Normale,Deux véhicules - arrière,1,3,5,0,1,1,1,0,1,90,,4,2,0,0,2,34.0,46.0,,,3,1,1,1,2
202100008586,2021-11-10 16:45:00,2021,11,10,16,45,77,77169,RN104,48.8246280227,2.6155684851,Plein jour,Hors agglomération,Hors intersection,Normale,Deux véhicules - côté,2,3,2,0,1,1,1,0,1,90,,2,1,0,0,1,52.0,26.0,,,1,1,1,1,3
202100008587,2021-11-10 20:40:00,2021,11,10,20,40,75,75116,PORTE MAILLOT,48.878454,2.28099,Nuit avec éclairage allumé,En agglomération,Hors intersection,Normale,Deux véhicules - arrière,4,1,4,0,1,1,1,0,1,70,,2,1,0,0,1,60.0,22.0,,,5,2,1,1,2
202100008588,2021-11-10 17:40:00,2021,11,10,17,40,75,75118,PORTE DE CLIGNANCOURT,48.901236,2.352112,Crépuscule ou aube,En agglomération,Hors intersection,Normale,Trois véhicules et plus - en chaîne,4,1,4,0,1,1,1,0,1,70,,3,2,0,0,1,56.0,43.0,,,2,2,1,1,4
202100008589,2021-11-10 07:15:00,2021,11,10,7,15,75,75112,PORTE DE CHARENTON,48.831344,2.404078,Crépuscule ou aube,En agglomération,Hors intersection,Normale,Deux véhicules - côté,4,1,4,0,1,1,1,1,1,70,,2,1,0,0,1,33.0,57.0,,,2,2,1,1,3
202100008590,2021-11-09 19:10:00,2021,11,9,19,10,75,75116,PORTE MAILLOT,48.875881,2.277451,Crépuscule ou aube,En agglomération,Hors intersection,Normale,Deux véhicules - arrière,4,1,4,0,1,1,1,0,1,70,,2,1,0,0,1,45.0,46.0,,,2,2,1,1,2
202100008591,2021-11-09 09:00:00,2021,11,9,9,0,75,75116,PORTE DE PASSY,48.859496,2.262727,Plein jour,En agglomération,Hors intersection,Normale,Sans collision,4,1,3,0,1,3,1,0,1,50,,1,0,0,0,1,33.0,,,,1,2,1,1,7
202100008592,2021-11-10 00:50:00,2021,11,10,0,50,75,75117,PLACE DE VERDUN,48.878649,2.280002,Nuit avec éclairage allumé,En agglomération,Place,Normale,Autre collision,4,1,3,0,1,2,1,0,1,30,,1,0,1,0,0,27.0,,,,5,2,7,1,6
202100008593,2021-11-10 15:30:00,2021,11,10,15,30,75,75105,AVENUE DES GOBELINS,48.838035,2.350997,Plein jour,En agglomération,Intersection en T,Normale,Autre collision,4,2,2,0,1,1,1,0,1,30,,3,1,0,0,2,46.0,54.0,,,1,2,3,1,6
202100008594,2021-11-10 10:50:00,2021,11,10,10,50,75,75119,BOULEVARD DE LA VILLETTE,48.88442,2.365775,Plein jour,En agglomération,Hors intersection,Normale,Autre collision,4,1,2,1,1,1,1,0,1,30,,2,1,0,0,1,36.0,,,,1,2,1,1,6
202100008595,2021-11-10 15:00:00,2021,11,10,15,0,75,75116,RUE LEKAIN,48.856179,2.277859,Plein jour,En agglomération,Intersection à plus de 4 branches,Normale,Autre collision,4,1,1,0,1,1,1,0,1,50,,3,2,0,0,1,31.0,,,,1,2,5,1,6
202100008596,2021-11-10 20:55:00,2021,11,10,20,55,75,75114,AVENUE DU MAINE,48.834246,2.324248,Nuit avec éclairage allumé,En agglomération,Hors intersection,Normale,Autre collision,4,2,3,3,2,1,1,0,1,50,,1,0,0,0,1,29.0,,,,5,2,1,1,6
202100008597,2021-11-09 08:35:00,2021,11,9,8,35,75,75115,RUE DE LA CONVENTION,48.837234,2.296442,Plein jour,En agglomération,Intersection en X,Normale,Sans collision,4,2,2,0,2,1,1,0,1,30,,1,0,0,0,1,27.0,,,,1,2,2,1,7
202100008598,2021-11-10 22:30:00,2021,11,10,22,30,75,75114,RUE DIDOT,48.828744,2.316603,Nuit avec éclairage allumé,En agglomération,Intersection en X,Normale,Deux véhicules - côté,4,1,2,1,1,1,1,0,1,30,,2,1,0,0,1,20.0,21.0,,,5,2,2,1,3
202100008599,2021-11-10 17:30:00,2021,11,10,17,30,75,75113,AVENUE DE FRANCE,48.831459,2.376003,Crépuscule ou aube,En agglomération,Intersection en X,Normale,Autre collision,4,-1,1,0,3,1,1,0,4,30,,2,0,0,0,2,54.0,,,,2,2,2,1,6
202100008600,2021-11-10 15:57:00,2021,11,10,15,57,75,75113,RUE JEANNE D ARC,48.828634,2.369924,Plein jour,En agglomération,Intersection en X,Normale,Autre collision,4,2,2,0,1,1,1,0,1,30,,2,1,0,0,1,52.0,,,,1,2,2,1,6
202100008601,2021-11-10 09:45:00,2021,11,10,9,45,75,75112,RUE DE MONTEMPOIVRE,48.840382,2.40831,Plein jour,En agglomération,Hors intersection,Normale,Sans collision,4,1,1,0,1,1,1,0,1,30,,1,0,0,0,1,41.0,,,,1,2,1,1,7
202100008602,2021-11-10 20:50:00,2021,11,10,20,50,75,75111,AVENUE LEDRU ROLLIN,48.853277,2.377297,Nuit avec éclairage allumé,En agglomération,Intersection en X,Normale,Autre collision,4,2,2,0,1,1,1,0,1,30,,2,1,0,0,1,20.0,,,,5,2,2,1,6
202100008603,2021-11-10 21:45:00,2021,11,10,21,45,75,75110,RUE DU FAUBOURG SAINT MARTIN,48.869443,2.355828,Nuit avec éclairage allumé,En agglomération,Hors intersection,Normale,Deux véhicules - côté,4,1,2,0,1,1,1,0,1,30,,2,1,0,0,1,37.0,34.0,,,5,2,1,1,3
202100008604,2021-11-10 14:10:00,2021,11,10,14,10,75,75109,RUE DE BUDAPEST,48.877092,2.327296,Plein jour,En agglomération,Place,Normale,Autre collision,4,1,1,0,1,1,1,0,1,30,,1,0,0,0,1,66.0,,,,1,2,7,1,6
202100008605,2021-11-10 10:00:00,2021,11,10,10,0,75,75116,QUAI SAINT EXUPERY,48.836394,2.263773,Plein jour,En agglomération,Intersection en Y,Normale,Deux véhicules - côté,4,1,2,1,1,1,1,-1,5,50,,2,1,0,0,1,33.0,,,,1,2,4,1,3
202100008606,2021-11-10 15:00:00,2021,11,10,15,0,75,75104,BOULEVARD HENRI IV,48.852069,2.365444,Plein jour,En agglomération,Intersection en X,Normale,Sans collision,4,2,4,0,1,1,1,0,1,50,,1,0,0,1,0,35.0,,,,1,2,2,1,7
202100008607,2021-11-10 08:00:00,2021,11,10,8,0,75,75103,RUE DU TEMPLE,48.865395,2.360447,Crépuscule ou aube,En agglomération,Intersection en T,Normale,Deux véhicules - côté,4,1,2,3,1,1,1,0,1,30,,2,1,0,0,1,66.0,13.0,,,2,2,3,1,3
202100008608,2021-11-10 14:40:00,2021,11,10,14,40,94,94067,Avenue du Général de Gaulle,48.838798,2.417642,Plein jour,En agglomération,Hors intersection,Normale,Autre collision,3,2,2,0,1,1,1,0,1,50,,3,1,0,0,2,20.0,,,,1,2,1,1,6
202100008609,2021-11-09 07:35:00,2021,11,9,7,35,94,94076,Boulevard Maxime Gorki,48.79116,2.3695,Plein jour,En agglomération,Intersection en X,Normale,Deux véhicules - côté,3,2,2,0,1,1,1,0,1,50,,2,1,0,0,1,41.0,43.0,,,1,2,2,1,3
202100008610,2021-11-10 17:45:00,2021,11,10,17,45,94,94038,HENRI THIRARD (R),48.77836,2.34089,Nuit avec éclairage allumé,En agglomération,Intersection en X,Normale,Autre collision,3,2,4,0,1,1,1,8,1,50,,2,1,1,0,0,36.0,,,,5,2,2,1,6
202100008611,2021-11-10 08:30:00,2021,11,10,8,30,94,94073,Av du Pdt Franklin Roosevelt,48.7655715885,2.3975300789,Nuit avec éclairage allumé,En agglomération,Hors intersection,Normale,Deux véhicules - arrière,4,2,2,0,1,1,1,0,1,50,,2,1,0,0,1,49.0,43.0,,,5,2,1,1,2
202100008612,2021-11-10 15:30:00,2021,11,10,15,30,94,94059,Avenue du Général Leclerc,48.81038,2.5669,Plein jour,En agglomération,Autre intersection,Temps couvert,Deux véhicules - côté,4,2,2,0,1,1,1,0,1,50,,2,1,0,0,1,49.0,52.0,,,1,2,9,8,3
202100008613,2021-11-10 18:40:00,2021,11,10,18,40,94,94017,Boulevard Jules Guesde,48.82036,2.50785,Nuit avec éclairage non allumé,En agglomération,Hors intersection,Brouillard / fumée,Autre collision,4,2,2,0,1,1,1,0,1,50,,2,1,0,0,1,50.0,,,,4,2,1,5,6
202100008614,2021-11-10 17:00:00,2021,11,10,17,0,93,93072,MAXIME GORKI (BOULEVARD) DES N°1 AU 87,48.953202,2.384374,Plein jour,En agglomération,Intersection en T,Normale,Deux véhicules - côté,3,2,0,0,1,1,1,0,1,50,,2,1,0,0,1,28.0,40.0,,,1,2,3,1,3
202100008615,2021-11-10 07:47:00,2021,11,10,7,47,93,93070,Rue Vincent Palaric,48.90596,2.34615,Plein jour,En agglomération,Hors intersection,Normale,Autre collision,4,1,0,0,1,1,1,0,1,10,,2,1,0,0,1,39.0,,,,1,2,1,1,6
202100008616,2021-11-09 22:52:00,2021,11,9,22,52,93,93062,EST (BOULEVARD DE L'),48.90218,2.52525,Nuit avec éclairage allumé,En agglomération,Intersection en X,Normale,Deux véhicules - côté,4,2,2,0,2,2,1,0,1,50,,3,0,0,0,3,51.0,19.0,,,5,2,2,1,3
202100008617,2021-11-10 14:40:00,2021,11,10,14,40,93,93053,PARC (RUE DU),48.89546,2.44354,Plein jour,En agglomération,Hors intersection,Normale,Deux véhicules - côté,3,3,4,3,1,1,1,0,1,50,,2,1,0,0,1,56.0,35.0,,,1,2,1,1,3
202100008618,2021-11-09 18:00:00,2021,11,9,18,0,93,93048,JEAN MOULIN (AVENUE),48.8601545953,2.4513360855,Nuit avec éclairage allumé,En agglomération,Autre intersection,Normale,Deux véhicules - côté,3,-1,1,0,1,1,1,9,1,20,,3,2,0,0,1,,21.0,,,5,2,9,1,3
202100008619,2021-11-09 23:03:00,2021,11,9,23,3,92,92072,VILLE D'AVRAY (RUE DE ),48.8259515519,2.1997064352,Nuit avec éclairage allumé,En agglomération,Hors intersection,Normale,Sans collision,3,2,2,0,2,1,1,0,1,50,,1,0,0,0,1,43.0,,,,5,2,1,1,7
202100008620,2021-11-10 08:12:00,2021,11,10,8,12,92,92076,CAZES,48.8402403646,2.1645748615,Crépuscule ou aube,En agglomération,Giratoire,Normale,Autre collision,4,2,2,0,1,1,1,0,1,50,,2,1,0,0,1,74.0,,,,2,2,6,1,6
202100008621,2021-11-10 19:30:00,2021,11,10,19,30,92,92050,REPUBLIQUE AVENUE DE LA,48.9030077229,2.2061410546,Nuit avec éclairage allumé,En agglomération,Intersection en X,Normale,Autre collision,3,1,2,0,1,1,1,0,1,50,,2,1,0,0,1,28.0,,,,5,2,2,1,6
202100008622,2021-11-10 17:15:00,2021,11,10,17,15,92,92050,FUSILLES DE LA RESISTANCE RUE DES,48.8796969052,2.2188547254,Crépuscule ou aube,En agglomération,Intersection à plus de 4 branches,Normale,Trois véhicules et plus - collisions multiples,3,2,2,0,2,1,1,0,1,50,,3,2,0,0,1,44.0,41.0,,,2,2,5,1,5
202100008623,2021-11-10 17:00:00,2021,11,10,17,0,92,92050,JOLIOT CURIE F. ET IRENE AVENUE  N°PAIRS,48.8937575829,2.2119373083,Nuit avec éclairage allumé,En agglomération,Intersection en X,Normale,Deux véhicules - côté,3,3,4,1,1,1,1,0,1,50,,2,1,0,0,1,60.0,15.0,,,5,2,2,1,3
202100008624,2021-11-10 18:35:00,2021,11,10,18,35,92,92048,Avenue du Général de Gaulle,48.7867245306,2.2243505716,Nuit avec éclairage allumé,En agglomération,Hors intersection,Normale,Autre collision,4,2,3,0,1,1,1,0,1,30,,2,1,0,0,1,21.0,,,,5,2,1,1,6
202100008625,2021-11-10 17:30:00,2021,11,10,17,30,92,92026,ANDRE PROTHIN (AVENUE),48.8916308315,2.2434854507,Crépuscule ou aube,En agglomération,Hors intersection,Normale,Sans collision,3,2,0,1,2,1,1,6,4,30,,1,0,0,0,1,11.0,,,,2,2,1,1,7
202100008626,2021-11-10 17:10:00,2021,11,10,17,10,92,92048,SCHNEIDER (AVENUE),48.8078185108,2.2502177954,Plein jour,En agglomération,Hors intersection,Normale,Trois véhicules et plus - collisions multiples,4,-1,3,0,1,1,1,0,1,50,,6,2,0,0,4,55.0,63.0,,,1,2,1,1,5
202100008627,2021-11-10 08:20:00,2021,11,10,8,20,92,92002,VICTOR HUGO (AVENUE,48.7601609043,2.313336879,Crépuscule ou aube,En agglomération,Intersection en T,Normale,Deux véhicules - frontale,4,2,2,0,1,2,1,0,1,50,,2,1,0,0,1,22.0,53.0,,,2,2,3,1,1
202100008628,2021-11-07 18:25:00,2021,11,7,18,25,41,41150,Rue Nationale,47.562454,1.456085,Nuit avec éclairage allumé,En agglomération,Hors intersection,Normale,Deux véhicules - côté,3,2,2,0,1,1,1,0,1,50,,2,1,0,1,0,67.0,20.0,,,5,2,1,1,3
202100008629,2021-11-11 18:20:00,2021,11,11,18,20,62,62087,D943,50.801032,2.114342,Nuit sans éclairage public,Hors agglomération,Hors intersection,Normale,Deux véhicules - frontale,3,2,2,0,1,1,1,0,1,80,,3,0,1,0,2,55.0,63.0,,,3,1,1,1,1
202100008630,2021-11-11 14:30:00,2021,11,11,14,30,58,58094,2 rue des marroniers,47.505449,3.130267,Plein jour,En agglomération,Hors intersection,Normale,Sans collision,3,2,2,0,2,1,1,0,3,50,,1,0,1,0,0,72.0,,,,1,2,1,1,7
202100008631,2021-11-11 11:45:00,2021,11,11,11,45,62,62105,245 Route de Wierre-Effroy,50.746193,1.758779,Plein jour,En agglomération,Hors intersection,Normale,Sans collision,3,2,2,0,1,1,2,0,1,50,,1,0,0,1,0,58.0,,,,1,2,1,1,7
202100008632,2021-11-10 20:55:00,2021,11,10,20,55,51,51532,D951,49.137305,3.993702,Nuit sans éclairage public,Hors agglomération,Hors intersection,Brouillard / fumée,Deux véhicules - côté,3,2,2,0,1,1,1,0,1,90,,2,0,0,1,1,63.0,37.0,,,3,1,1,5,3
202100008633,2021-11-11 07:30:00,2021,11,11,7,30,56,56145,Le Bois Bily,48.040135,-2.303663,Nuit sans éclairage public,Hors agglomération,Hors intersection,Brouillard / fumée,Autre collision,3,2,2,0,1,1,1,0,8,80,,1,0,0,1,0,25.0,,,,3,1,1,5,6
202100008634,2021-11-09 09:30:00,2021,11,9,9,30,56,56119,Lieu Dit Kergarnec,47.708383,-3.115649,Plein jour,Hors agglomération,Intersection en X,Normale,Deux véhicules - côté,4,2,2,0,1,1,1,0,1,50,,2,0,0,0,2,45.0,79.0,,,1,1,2,1,3
202100008635,2021-11-11 14:15:00,2021,11,11,14,15,2B,2B152,RD180,42.897232,9.424328,Plein jour,En agglomération,Hors intersection,Normale,Deux véhicules - côté,3,2,2,0,1,1,1,0,3,70,,1,0,0,0,1,65.0,,,,1,2,1,1,3
202100008636,2021-11-02 10:10:00,2021,11,2,10,10,49,49176,Avenue Phileas Fogg,47.622917,-0.717351,Plein jour,En agglomération,Hors intersection,Normale,Autre collision,6,-1,-1,0,1,1,1,9,8,-1,,2,1,0,1,0,46.0,,,,1,2,1,1,6
202100008637,2021-11-10 06:50:00,2021,11,10,6,50,49,49068,Rue Gilles de Rais,47.4124,-0.862872,Nuit avec éclairage allumé,En agglomération,Hors intersection,Brouillard / fumée,Autre collision,3,2,2,0,3,1,1,0,1,50,,2,1,0,1,0,61.0,,,,5,2,1,5,6
202100008638,2021-11-11 18:00:00,2021,11,11,18,0,12,12205,Route d Orlhonac,44.298921,2.009452,Nuit sans éclairage public,Hors agglomération,Hors intersection,Normale,Autre collision,3,2,2,0,2,2,1,0,1,80,,2,1,0,1,0,85.0,,,,3,1,1,1,6
202100008639,2021-11-09 21:10:00,2021,11,9,21,10,68,68349,Boulevard d Alsace,47.607697,7.576264,Nuit avec éclairage allumé,En agglomération,Intersection en T,Normale,Deux véhicules - côté,4,2,2,1,1,1,1,0,8,50,,2,1,0,0,1,40.0,31.0,,,5,2,3,1,3
202100008640,2021-11-11 12:00:00,2021,11,11,12,0,29,29249,Toul Ar C’Haz,48.153275,-3.780107,Plein jour,Hors agglomération,Hors intersection,Normale,Sans collision,4,2,2,0,1,3,1,0,1,50,,1,0,0,1,0,57.0,,,,1,1,1,1,7
202100008641,2021-11-10 20:25:00,2021,11,10,20,25,03,03217,RD2371,46.338003,2.668025,Nuit sans éclairage public,Hors agglomération,Hors intersection,Normale,Deux véhicules - arrière,3,2,2,0,1,1,1,0,1,90,,2,1,0,0,1,77.0,38.0,,,3,1,1,1,2
202100008642,2021-11-11 07:00:00,2021,11,11,7,0,72,72046,La cormerie,48.00003,0.51277,Crépuscule ou aube,Hors agglomération,Hors intersection,Normale,Autre collision,3,2,2,0,1,3,1,0,3,80,,6,1,0,0,5,20.0,,,,2,1,1,1,6
202100008643,2021-11-11 16:50:00,2021,11,11,16,50,64,64405,RD943,43.338471907,-0.2622073889,Plein jour,Hors agglomération,Hors intersection,Normale,Deux véhicules - frontale,3,2,2,0,1,1,1,0,1,80,,4,0,1,3,0,80.0,81.0,,,1,1,1,1,1
202100008644,2021-11-10 19:30:00,2021,11,10,19,30,85,85090,La Vilnière - D43,46.81283,-0.818406,Nuit sans éclairage public,Hors agglomération,Hors intersection,Normale,Deux véhicules - frontale,3,2,2,0,2,1,1,0,1,80,,2,0,1,1,0,61.0,19.0,,,3,1,1,1,1
202100008645,2021-11-10 14:00:00,2021,11,10,14,0,28,28259,N10,48.234478,1.406808,Plein jour,Hors agglomération,Hors intersection,Normale,Sans collision,2,2,3,0,1,1,1,0,8,90,,1,0,0,1,0,33.0,,,,1,1,1,1,7
202100008646,2021-11-10 22:30:00,2021,11,10,22,30,30,30012,D126,43.888233,4.649146,Nuit sans éclairage public,Hors agglomération,Hors intersection,Pluie légère,Autre collision,3,2,2,0,1,1,2,0,1,80,,2,0,0,1,1,18.0,,,,3,1,1,2,6
202100008647,2021-11-11 13:10:00,2021,11,11,13,10,30,30160,D109,43.9983,4.1248,Plein jour,Hors agglomération,Hors intersection,Normale,Deux véhicules - frontale,3,2,1,0,1,3,1,0,1,80,,2,0,0,2,0,18.0,31.0,,,1,1,1,1,1
202100008648,2021-11-10 15:30:00,2021,11,10,15,30,30,30088,d 999,43.859101,4.115796,Plein jour,Hors agglomération,Intersection en T,Normale,Deux véhicules - côté,3,2,2,0,4,2,2,0,1,70,,2,1,0,1,0,69.0,44.0,,,1,1,3,1,3
202100008649,2021-11-10 22:35:00,2021,11,10,22,35,52,52212,N67,48.403138092,5.1568472381,Nuit sans éclairage public,Hors agglomération,Hors intersection,Brouillard / fumée,Deux véhicules - frontale,2,2,2,0,1,3,1,0,1,80,,2,0,1,1,0,37.0,41.0,,,3,1,1,5,1
202100008650,2021-11-10 20:50:00,2021,11,10,20,50,76,76239,A29,49.5436967228,0.3296662404,Nuit sans éclairage public,Hors agglomération,Hors intersection,Temps couvert,Sans collision,1,3,4,0,1,3,1,0,2,130,,1,0,0,0,1,49.0,,,,3,1,1,8,7
202100008651,2021-11-11 10:20:00,2021,11,11,10,20,18,18245,A 71 PK 264+100,46.613203,2.507565,Plein jour,Hors agglomération,Hors intersection,Normale,Deux véhicules - côté,1,3,4,3,1,1,1,0,1,130,,4,2,0,1,1,73.0,24.0,,,1,1,1,1,3
202100008652,2021-11-11 04:40:00,2021,11,11,4,40,38,38193,A 43 pk 029.950,45.611786,5.21872,Nuit sans éclairage public,Hors agglomération,Hors intersection,Normale,Sans collision,1,3,5,0,1,3,1,0,1,130,,1,0,0,0,1,32.0,,,,3,1,1,1,7
202100008653,2021-11-07 17:50:00,2021,11,7,17,50,13,13051,Autoroute A7 PK 236.000 Sens NORD/SUD,43.619627,5.13658,Nuit sans éclairage public,Hors agglomération,Hors intersection,Normale,Deux véhicules - arrière,1,1,4,0,1,1,1,0,1,130,,14,2,0,0,12,20.0,33.0,,,3,1,1,1,2