accident_id,datetime,annee,mois,jour,heure,minute,departement,commune_insee,adresse,latitude,longitude,luminosite,agglomeration,intersection,meteo,collision,catr,circ,nbv,vosp,prof,plan,surf,infra,situ,vma,nb_vehicules,nb_usagers,nb_indemnes,nb_tues,nb_blesses_hosp,nb_blesses_legers,age_cond_1,age_cond_2,veh_type_cond_1,veh_type_cond_2,lum_code,agg_code,int_code,atm_code,col_code
202100008654,2021-11-11 22:30:00,2021,11,11,22,30,988,98804,RPN3/VU3 Village de CANALA,-21.5187984296,165.9648227692,Nuit avec éclairage allumé,En agglomération,Intersection en X,Normale,Deux véhicules - frontale,3,2,2,0,1,1,1,0,1,50,,6,2,2,0,2,27.0,29.0,,,5,2,2,1,1
202100008655,2021-11-11 05:10:00,2021,11,11,5,10,974,97415,Rue des Corallines,-21.105823,55.251964,Plein jour,En agglomération,Hors intersection,Normale,Deux véhicules - frontale,2,3,2,0,1,1,1,0,1,50,,2,1,0,1,0,43.0,16.0,,,1,2,1,1,1
202100008656,2021-11-10 19:05:00,2021,11,10,19,5,45,45089,rue de l'ajonc,47.908126,2.033981,Nuit sans éclairage public,En agglomération,Intersection en Y,Brouillard / fumée,Deux véhicules - côté,7,2,2,0,1,1,1,0,1,50,,2,1,0,1,0,22.0,19.0,,,3,2,4,5,3
202100008657,2021-11-11 10:10:00,2021,11,11,10,10,34,34213,D613,43.470254,3.676407,Plein jour,Hors agglomération,Hors intersection,Normale,Autre collision,3,2,2,0,1,1,2,0,1,80,,3,2,0,0,1,29.0,33.0,,,1,1,1,1,6
202100008658,2021-11-09 08:35:00,2021,11,9,8,35,89,89152,48 Route de Sens,47.949953,3.468065,Plein jour,En agglomération,Hors intersection,Brouillard / fumée,Deux véhicules - côté,3,2,2,0,1,1,2,0,1,50,,2,1,0,0,1,28.0,48.0,,,1,2,1,5,3
202100008659,2021-11-10 15:55:00,2021,11,10,15,55,89,89295,Route des Terres et Vignes,47.818241,3.558723,Plein jour,En agglomération,Hors intersection,Normale,Deux véhicules - frontale,9,-1,-1,0,1,3,1,0,1,50,,3,1,0,0,2,74.0,21.0,,,1,2,1,1,1
202100008660,2021-11-11 05:06:00,2021,11,11,5,6,55,55552,D110,49.509047,5.335429,Nuit sans éclairage public,Hors agglomération,Hors intersection,Autre,Sans collision,3,2,2,0,1,1,7,0,3,80,,1,0,0,1,0,44.0,,,,3,1,1,9,7
202100008661,2021-11-11 16:20:00,2021,11,11,16,20,69,69019,VERDUN (DE) (AV),46.104921,4.74921,Crépuscule ou aube,En agglomération,Intersection en T,Normale,Deux véhicules - frontale,3,2,2,0,1,1,1,0,1,50,,2,1,0,1,0,29.0,42.0,,,2,2,3,1,1
202100008662,2021-11-10 08:30:00,2021,11,10,8,30,13,13117,A7-Sens Lyon vers Marseille,43.418088,5.273441,Plein jour,Hors agglomération,Hors intersection,Pluie forte,Deux véhicules - arrière,1,1,3,0,1,1,2,0,1,110,,4,3,0,0,1,34.0,49.0,,,1,1,1,3,2
202100008663,2021-11-09 11:50:00,2021,11,9,11,50,83,83137,A57,43.12073,5.95176,Plein jour,Hors agglomération,Hors intersection,Pluie légère,Trois véhicules et plus - en chaîne,1,3,4,0,1,1,2,0,1,70,,6,3,0,0,3,21.0,75.0,,,1,1,1,2,4
202100008664,2021-11-10 04:00:00,2021,11,10,4,0,33,33080,,44.744317,-0.537784,Nuit sans éclairage public,Hors agglomération,Hors intersection,Pluie légère,Autre collision,1,3,4,0,1,1,2,0,1,130,,2,0,0,0,2,26.0,,,,3,1,1,2,6
202100008665,2021-11-09 19:45:00,2021,11,9,19,45,59,59009,ROUTE NATIONALE 227,50.639845782,3.1434765458,Nuit avec éclairage allumé,Hors agglomération,Hors intersection,Normale,Deux véhicules - arrière,2,-1,4,0,1,1,1,0,1,90,,2,1,0,0,1,65.0,26.0,,,5,1,1,1,2
202100008666,2021-11-10 20:35:00,2021,11,10,20,35,91,91617,RN6 PROVINCE / RN104 INT,48.63162,2.51784,Nuit avec éclairage non allumé,Hors agglomération,Hors intersection,Brouillard / fumée,Sans collision,2,1,0,0,1,1,1,0,1,90,,1,0,0,0,1,64.0,,,,4,1,1,5,7
202100008667,2021-11-10 20:20:00,2021,11,10,20,20,92,92002,RN 385,48.7605399513,2.2840960846,Nuit avec éclairage non allumé,Hors agglomération,Hors intersection,Brouillard / fumée,Trois véhicules et plus - en chaîne,2,1,2,0,1,1,1,0,1,90,,4,1,0,0,3,30.0,67.0,,,4,1,1,5,4
202100008668,2021-11-10 15:25:00,2021,11,10,15,25,92,92050,A86,48.8988122859,2.1992448349,Plein jour,Hors agglomération,Hors intersection,Normale,Deux véhicules - arrière,1,2,2,0,2,1,1,1,1,70,,2,1,0,0,1,29.0,50.0,,,1,1,1,1,2
202100008669,2021-11-10 08:40:00,2021,11,10,8,40,77,77294,A104,48.9619319028,2.6161029937,Crépuscule ou aube,Hors agglomération,Hors intersection,Normale,Autre collision,1,3,4,0,1,1,1,0,1,90,,3,2,0,0,1,37.0,41.0,,,2,1,1,1,6
202100008670,2021-11-10 06:40:00,2021,11,10,6,40,94,94017,A4,48.82716,2.50842,Nuit sans éclairage public,Hors agglomération,Hors intersection,Normale,Deux véhicules - côté,1,3,10,0,1,1,1,0,1,90,,2,1,0,0,1,20.0,55.0,,,3,1,1,1,3
202100008671,2021-09-07 21:10:00,2021,9,7,21,10,77,77152,D372,48.52491,2.64255,Nuit avec éclairage allumé,En agglomération,Hors intersection,Normale,Deux véhicules - frontale,3,2,2,0,1,1,1,0,1,50,,2,1,0,0,1,55.0,24.0,,,5,2,1,1,1
202100008672,2021-08-26 14:10:00,2021,8,26,14,10,30,30028,,44.15101,4.6119,Plein jour,En agglomération,Autre intersection,Normale,Deux véhicules - frontale,4,2,1,0,1,1,1,9,1,50,,3,0,0,0,3,49.0,76.0,,,1,2,9,1,1
202100008673,2021-08-14 18:45:00,2021,8,14,18,45,75,75119,AVENUE DE LAUMIERE,48.883903,2.380517,Plein jour,En agglomération,Hors intersection,Normale,Autre collision,4,2,2,0,2,1,1,0,1,50,,2,1,1,0,0,28.0,,,,1,2,1,1,6
202100008674,2021-11-07 18:30:00,2021,11,7,18,30,974,97407,MARINE(BOULEVARD),-20.9517,55.287,Nuit sans éclairage public,Hors agglomération,Hors intersection,Normale,Deux véhicules - frontale,4,-1,2,0,1,1,1,0,1,30,,2,0,0,2,0,34.0,34.0,,,3,1,1,1,1
202100008675,2021-11-08 18:55:00,2021,11,8,18,55,973,97302,BADUEL (ROUTE DE),4.9339301959,-52.3106380105,Nuit avec éclairage allumé,En agglomération,Hors intersection,Normale,Deux véhicules - côté,3,2,2,2,1,1,1,0,1,50,,3,1,0,0,2,41.0,32.0,,,5,2,1,1,3
202100008676,2021-11-08 12:28:00,2021,11,8,12,28,973,97302,MARINGOUINS (ROND-POINT),4.90758,-52.32267,Plein jour,Hors agglomération,Giratoire,Normale,Deux véhicules - côté,2,1,2,0,1,2,1,0,1,50,,3,2,0,0,1,,34.0,,,1,1,6,1,3
202100008677,2021-11-08 07:25:00,2021,11,8,7,25,973,97302,BADUEL (ROUTE DE),4.92773,-52.29161,Plein jour,En agglomération,Hors intersection,Normale,Deux véhicules - côté,3,2,2,0,1,1,1,0,1,50,,2,1,0,0,1,66.0,37.0,,,1,2,1,1,3
202100008678,2021-11-08 17:05:00,2021,11,8,17,5,69,69388,FRERES LUMIERE (DES) (AV),45.74319,4.87482,Crépuscule ou aube,En agglomération,Intersection en X,Normale,Deux véhicules - côté,4,1,1,2,1,1,1,0,1,50,,2,1,0,0,1,31.0,53.0,,,2,2,2,1,3
202100008679,2021-11-08 16:55:00,2021,11,8,16,55,69,69259,FRANCIS DE PRESSENSE (AV),45.72032,4.86778,Plein jour,En agglomération,Autre intersection,Normale,Autre collision,4,2,2,2,1,1,1,6,1,50,,3,0,0,0,2,,,,,1,2,9,1,6
202100008680,2021-11-08 13:55:00,2021,11,8,13,55,69,69383,LAFAYETTE (CR),45.7636559893,4.8687967658,Plein jour,En agglomération,Intersection en X,Normale,Deux véhicules - côté,4,1,1,2,1,1,1,0,5,50,,2,1,0,1,0,41.0,16.0,,,1,2,2,1,3
202100008681,2021-11-08 12:00:00,2021,11,8,12,0,69,69383,CHARLES RICHARD (R),45.75057,4.88764,Plein jour,En agglomération,Intersection en X,Normale,Deux véhicules - côté,4,1,1,2,1,1,1,0,1,50,,2,1,0,0,1,21.0,18.0,,,1,2,2,1,3
202100008682,2021-11-08 17:20:00,2021,11,8,17,20,69,69382,DOCTEUR GAILLETON (DU) (Q),45.7513236037,4.8323958645,Crépuscule ou aube,En agglomération,Autre intersection,Normale,Trois véhicules et plus - en chaîne,4,3,4,3,1,1,1,0,8,50,,3,2,0,0,1,24.0,52.0,,,2,2,9,1,4
202100008683,2021-11-08 15:40:00,2021,11,8,15,40,69,69034,GEORGES CLEMENCEAU (Q),45.80724,4.84375,Plein jour,En agglomération,Hors intersection,Normale,Autre collision,7,2,2,0,1,1,1,0,1,50,,2,1,0,1,0,,,,,1,2,1,1,6
202100008684,2021-11-08 12:30:00,2021,11,8,12,30,69,69385,JEAN FAUCONNET (R),45.751,4.7891,Plein jour,En agglomération,Hors intersection,Normale,Trois véhicules et plus - en chaîne,4,2,3,0,1,1,1,0,1,50,,3,1,0,0,2,59.0,69.0,,,1,2,1,1,4
202100008685,2021-11-08 11:30:00,2021,11,8,11,30,69,69389,Rue de Bourgogne,45.78114,4.80041,Plein jour,En agglomération,Hors intersection,Normale,Deux véhicules - côté,4,2,6,0,2,1,1,0,1,50,,2,1,0,0,1,41.0,51.0,,,1,2,1,1,3
202100008686,2021-11-05 19:20:00,2021,11,5,19,20,69,69142,PIERRE SEMARD (Q),45.72362,4.81729,Nuit sans éclairage public,En agglomération,Hors intersection,Normale,Deux véhicules - côté,7,2,2,0,2,1,1,0,1,50,,2,1,0,0,1,31.0,58.0,,,3,2,1,1,3
202100008687,2021-11-06 20:50:00,2021,11,6,20,50,95,95585,VALERY (AVEUE PAUL),48.98028,2.37366,Nuit avec éclairage allumé,En agglomération,Hors intersection,Normale,Deux véhicules - frontale,4,2,2,0,1,1,1,0,1,50,,2,1,0,0,1,,45.0,,,5,2,1,1,1
202100008688,2021-11-08 19:45:00,2021,11,8,19,45,91,91216,CORBEIL (RUE),48.67032,2.33245,Nuit avec éclairage allumé,En agglomération,Hors intersection,Normale,Trois véhicules et plus - collisions multiples,3,2,2,0,2,1,1,0,1,30,,3,1,0,0,2,,17.0,,,5,2,1,1,5
202100008689,2021-11-05 14:07:00,2021,11,5,14,7,87,87085,THOMAS (AVENUE ALBERT),45.83648,1.26247,Plein jour,En agglomération,Hors intersection,Normale,Deux véhicules - côté,4,2,2,0,1,1,1,0,1,50,,2,1,0,0,1,56.0,31.0,,,1,2,1,1,3
202100008690,2021-11-05 08:25:00,2021,11,5,8,25,30,30011,R.N. 100,43.95816,4.7468,Plein jour,Hors agglomération,Autre intersection,Normale,Deux véhicules - côté,2,1,2,0,1,2,1,0,1,50,,2,1,0,1,0,70.0,31.0,,,1,1,9,1,3
202100008691,2021-11-07 05:25:00,2021,11,7,5,25,84,84007,MARSEILLE (Route de ),43.92477,4.84907,Nuit avec éclairage allumé,Hors agglomération,Intersection en T,Normale,Sans collision,2,3,4,0,1,2,1,5,3,70,,3,2,0,1,0,22.0,,,,5,1,3,1,7
202100008692,2021-11-05 05:50:00,2021,11,5,5,50,84,84007,DOCTEUR PONS (Route touristique),43.95818,4.82773,Nuit sans éclairage public,En agglomération,Hors intersection,Normale,Deux véhicules - frontale,3,2,2,0,1,3,1,0,1,70,,2,0,0,0,2,20.0,28.0,,,3,2,1,1,1
202100008693,2021-11-06 18:10:00,2021,11,6,18,10,80,80021,COMMUNE DE PARIS (AVENUE DE LA),49.91667,2.25596,Nuit avec éclairage allumé,En agglomération,Hors intersection,Normale,Autre collision,6,-1,-1,0,1,1,1,0,1,50,,2,1,0,0,1,20.0,,,,5,2,1,1,6
202100008694,2021-11-08 07:22:00,2021,11,8,7,22,79,79300,,47.01431,-0.2009,Crépuscule ou aube,Hors agglomération,Giratoire,Normale,Deux véhicules - arrière,3,2,2,0,1,1,1,5,1,70,,2,1,0,0,1,29.0,26.0,,,2,1,6,1,2
202100008695,2021-11-05 19:20:00,2021,11,5,19,20,78,78586,TOBROUK,48.93208,2.16524,Nuit avec éclairage allumé,En agglomération,Giratoire,Normale,Deux véhicules - côté,4,1,1,0,1,1,1,5,1,50,,2,1,0,1,0,68.0,32.0,,,5,2,6,1,3
202100008696,2021-11-07 07:06:00,2021,11,7,7,6,78,78401,MARECHAL JOFFRE (AVENUE DU),49.00863,1.93198,Nuit avec éclairage allumé,En agglomération,Hors intersection,Pluie légère,Autre collision,3,-1,2,0,1,1,2,0,1,50,,2,0,0,2,0,28.0,,,,5,2,1,2,6
202100008697,2021-11-07 10:15:00,2021,11,7,10,15,77,77053,20 ALLEE DU GRAND NOYER,48.68457,2.602386,Plein jour,En agglomération,Hors intersection,Temps couvert,Autre collision,4,2,1,0,1,1,2,9,8,20,,2,1,1,0,0,29.0,,,,1,2,1,8,6
202100008698,2021-11-07 12:10:00,2021,11,7,12,10,77,77372,D934,48.87817,2.6689,Plein jour,Hors agglomération,Hors intersection,Temps couvert,Autre collision,3,1,1,0,1,2,2,2,1,50,,1,0,0,0,1,32.0,,,,1,1,1,8,6
202100008699,2021-11-08 08:08:00,2021,11,8,8,8,77,77226,BELLEVUE (RUE DE),48.4461,2.7642,Plein jour,En agglomération,Passage à niveau,Brouillard / fumée,Autre collision,9,2,2,3,1,1,9,4,6,90,,2,1,0,1,0,33.0,,,,1,2,8,5,6
202100008700,2021-11-06 20:50:00,2021,11,6,20,50,76,76351,JULES TELLIER,49.49834,0.12347,Nuit avec éclairage allumé,En agglomération,Intersection en X,Normale,Deux véhicules - côté,4,2,2,0,1,1,1,0,1,50,,2,1,0,0,1,,33.0,,,5,2,2,1,3
202100008701,2021-11-06 03:55:00,2021,11,6,3,55,72,72181,CHURCHILL WINSTON (BD) N° PAIRS DE 2 A 8,47.9885166843,0.2148520944,Nuit avec éclairage allumé,En agglomération,Autre intersection,Normale,Autre collision,4,3,2,2,1,1,1,0,1,50,,2,1,0,0,1,,,,,5,2,9,1,6
202100008702,2021-11-08 15:30:00,2021,11,8,15,30,69,69275,FRANKLIN ROOSEVELT (AV),45.74607,4.93297,Plein jour,En agglomération,Hors intersection,Normale,Deux véhicules - frontale,4,2,2,0,1,1,1,0,1,50,,2,1,0,0,1,39.0,55.0,,,1,2,1,1,1
202100008703,2021-11-08 08:55:00,2021,11,8,8,55,69,69290,PORTE DES ALPES (DE LA) - BD URBAIN (BD),45.715031,4.9255,Plein jour,En agglomération,Autre intersection,Normale,Deux véhicules - côté,4,3,2,0,1,1,1,0,1,70,,4,1,0,0,2,55.0,,,,1,2,9,1,3
202100008704,2021-11-07 14:30:00,2021,11,7,14,30,67,67482,COURSE (PETITE RUE DE LA),48.58301,7.73563,Plein jour,En agglomération,Intersection en T,Pluie légère,Autre collision,4,2,2,1,1,1,2,0,5,30,,2,1,0,0,1,47.0,,,,1,2,3,2,6
202100008705,2021-11-06 14:12:00,2021,11,6,14,12,67,67482,ROMAINS (ROUTE DES),48.5780433158,7.7057370543,Plein jour,En agglomération,Hors intersection,Normale,Deux véhicules - côté,4,2,4,1,1,1,1,0,1,50,,2,1,0,0,1,34.0,47.0,,,1,2,1,1,3
202100008706,2021-11-05 19:15:00,2021,11,5,19,15,67,67482,VOSGES (AVENUE DES),48.59049,7.74826,Nuit avec éclairage allumé,En agglomération,Intersection en T,Normale,Trois véhicules et plus - collisions multiples,4,2,5,1,1,1,1,0,1,50,,3,2,0,0,1,29.0,51.0,,,5,2,3,1,5
202100008707,2021-11-05 14:48:00,2021,11,5,14,48,66,66136,PERTHUS (DU),42.6526,2.881,Plein jour,Hors agglomération,Hors intersection,Normale,Deux véhicules - arrière,3,2,2,0,1,1,1,0,1,80,,2,1,0,0,1,65.0,47.0,,,1,1,1,1,2
202100008708,2021-11-08 16:55:00,2021,11,8,16,55,64,64348,SALIE,43.335526123,-0.3808093071,Plein jour,En agglomération,Intersection en T,Normale,Deux véhicules - arrière,4,2,2,1,1,1,1,0,1,50,,2,1,0,0,1,50.0,34.0,,,1,2,3,1,2
202100008709,2021-11-05 22:06:00,2021,11,5,22,6,63,63113,DOLET (RUE ETIENNE),45.75866,3.08665,Nuit avec éclairage allumé,En agglomération,Hors intersection,Normale,Deux véhicules - frontale,4,2,2,0,2,1,1,0,1,50,,2,1,0,0,1,28.0,20.0,,,5,2,1,1,1
202100008710,2021-11-05 12:51:00,2021,11,5,12,51,63,63113,Oradou / Gantière,45.76505,3.12307,Plein jour,En agglomération,Intersection en T,Normale,Deux véhicules - côté,7,2,2,0,1,1,1,0,1,50,,2,1,0,0,1,23.0,31.0,,,1,2,3,1,3
202100008711,2021-11-05 08:57:00,2021,11,5,8,57,63,63032,EUROPE / Champclos,45.75427,3.09279,Plein jour,En agglomération,Giratoire,Normale,Deux véhicules - côté,4,1,2,0,1,1,1,5,1,50,,2,1,0,0,1,64.0,42.0,,,1,2,6,1,3
202100008712,2021-11-04 21:02:00,2021,11,4,21,2,63,63113,LAFAYETTE (BD),45.77026,3.10156,Nuit avec éclairage allumé,En agglomération,Hors intersection,Normale,Deux véhicules - côté,4,2,2,0,1,1,1,0,1,50,,3,0,0,0,3,16.0,24.0,,,5,2,1,1,3
202100008713,2021-11-08 07:40:00,2021,11,8,7,40,62,62727,D 188,50.4735029393,2.5915074348,Plein jour,En agglomération,Giratoire,Normale,Deux véhicules - côté,3,2,2,-1,1,1,1,0,1,-1,,2,1,0,0,1,36.0,34.0,,,1,2,6,1,3
202100008714,2021-11-04 13:20:00,2021,11,4,13,20,61,61143,MONTFOULON (CHEMIN DE),48.44253,0.05978,Plein jour,Hors agglomération,Hors intersection,Normale,Sans collision,3,2,2,0,1,1,1,0,3,80,,1,0,0,0,1,33.0,,,,1,1,1,1,7
202100008715,2021-11-08 20:15:00,2021,11,8,20,15,59,59507,JAURES JEAN AVENUE,50.59895,3.081,Nuit avec éclairage allumé,En agglomération,Hors intersection,Normale,Deux véhicules - côté,4,2,4,2,2,1,1,0,1,50,,2,0,0,0,2,42.0,35.0,,,5,2,1,1,3
202100008716,2021-11-06 10:05:00,2021,11,6,10,5,59,59178,TOURNAI (ROUTE DE),50.3987427597,3.1178889424,Plein jour,En agglomération,Hors intersection,Normale,Trois véhicules et plus - collisions multiples,3,2,2,0,1,1,1,0,1,50,,5,0,0,0,5,21.0,34.0,,,1,2,1,1,5
202100008717,2021-11-05 17:15:00,2021,11,5,17,15,59,59178,KIOSQUE (RUE DU),50.36416,3.07892,Crépuscule ou aube,En agglomération,Hors intersection,Normale,Deux véhicules - côté,4,2,2,0,1,1,1,0,1,50,,2,1,0,0,1,,22.0,,,2,2,1,1,3
202100008718,2021-11-06 15:35:00,2021,11,6,15,35,57,57019,CIMENTERIE (RUE DE LA),49.25556,6.12927,Plein jour,En agglomération,Hors intersection,Normale,Autre collision,3,-1,2,0,1,1,1,0,1,50,,2,1,0,1,0,22.0,,,,1,2,1,1,6
202100008719,2021-11-07 12:08:00,2021,11,7,12,8,51,51454,Rue de Courlancy,49.2455800185,4.0178788904,Plein jour,En agglomération,Intersection en X,Normale,Deux véhicules - arrière,4,2,2,0,1,1,1,0,1,50,,2,1,0,0,1,18.0,55.0,,,1,2,2,1,2
202100008720,2021-11-05 18:25:00,2021,11,5,18,25,49,49099,TROIS PROVINCES (AVENUE DES ),47.05976,-0.92532,Nuit sans éclairage public,En agglomération,Intersection en T,Normale,Deux véhicules - côté,2,1,1,0,2,2,1,3,1,50,,2,1,0,1,0,18.0,27.0,,,3,2,3,1,3
202100008721,2021-11-08 14:33:00,2021,11,8,14,33,49,49007,FOULQUES NERRA BOULEVARD,47.471,-0.56463,Plein jour,En agglomération,Hors intersection,Normale,Deux véhicules - côté,4,2,2,0,1,1,1,0,1,50,,2,1,0,0,1,77.0,18.0,,,1,2,1,1,3
202100008722,2021-11-06 12:30:00,2021,11,6,12,30,47,47323,CAMI DE PASTOUREL,44.41132,0.68881,Plein jour,En agglomération,Hors intersection,Normale,Sans collision,4,2,2,0,1,1,1,0,1,50,,1,0,0,0,1,47.0,,,,1,2,1,1,7
202100008723,2021-11-08 17:25:00,2021,11,8,17,25,45,45302,Rue Nationale 20,47.94661,1.89242,Crépuscule ou aube,En agglomération,Hors intersection,Normale,Autre collision,4,3,4,1,1,3,1,0,5,50,,1,0,0,0,1,13.0,,,,2,2,1,1,6
202100008724,2021-11-08 16:50:00,2021,11,8,16,50,38,38179,LIBERATION (RUE DE LA),45.18659,5.80539,Plein jour,En agglomération,Autre intersection,Normale,Deux véhicules - côté,7,2,2,0,1,1,1,0,1,50,,2,1,0,0,1,72.0,24.0,,,1,2,9,1,3
202100008725,2021-11-08 18:40:00,2021,11,8,18,40,37,37195,RD 37,47.3894778569,0.6486953235,Nuit sans éclairage public,Hors agglomération,Hors intersection,Normale,Trois véhicules et plus - en chaîne,7,1,2,0,1,1,1,0,1,90,,9,5,0,0,4,35.0,77.0,,,3,1,1,1,4
202100008726,2021-11-08 08:40:00,2021,11,8,8,40,35,35281,RABLAIS (RUE DE LA),48.085796,-1.701817,Plein jour,Hors agglomération,Hors intersection,Normale,Deux véhicules - arrière,4,2,3,2,1,1,1,0,1,50,,2,1,0,0,1,24.0,42.0,,,1,1,1,1,2
202100008727,2021-11-08 09:20:00,2021,11,8,9,20,33,33522,Rue Edmond Rostand,44.813814,-0.602545,Plein jour,En agglomération,Intersection en X,Normale,Autre collision,4,2,2,0,1,1,1,0,1,50,,2,1,0,0,1,51.0,,,,1,2,2,1,6
202100008728,2021-11-04 17:25:00,2021,11,4,17,25,33,33318,Avenue du Docteur Albert Schweitzer,44.80284,-0.61338,Plein jour,En agglomération,Intersection en X,Normale,Autre collision,4,3,2,2,1,1,1,0,1,50,,2,1,0,0,1,63.0,,,,1,2,2,1,6
202100008729,2021-11-08 04:50:00,2021,11,8,4,50,33,33009,ST FRANCOIS XAVIER (AV) 02 AU 30,44.640224,-1.202022,Nuit avec éclairage allumé,En agglomération,Intersection en X,Normale,Deux véhicules - côté,4,1,1,0,1,1,1,0,1,50,,3,2,0,1,0,21.0,48.0,,,5,2,2,1,3
202100008730,2021-11-08 02:30:00,2021,11,8,2,30,31,31557,Boulevard Alain Savary,43.57573,1.31582,Nuit sans éclairage public,En agglomération,Hors intersection,Pluie légère,Sans collision,4,2,2,0,1,1,2,0,8,30,,2,1,0,1,0,,,,,3,2,1,2,7
202100008731,2021-11-08 09:00:00,2021,11,8,9,0,30,30007,DE GAULLE (AVE DU GENERAL),44.1268,4.08139,Plein jour,En agglomération,Hors intersection,Normale,Deux véhicules - côté,4,2,2,0,1,1,1,0,1,30,,2,1,0,0,1,48.0,42.0,,,1,2,1,1,3
202100008732,2021-11-08 18:00:00,2021,11,8,18,0,25,25056,MONTBOUCONS CHEMIN DES,47.25586,5.99447,Nuit avec éclairage allumé,Hors agglomération,Giratoire,Normale,Autre collision,2,1,1,0,3,3,1,3,1,50,,2,1,0,0,1,64.0,,,,5,1,6,1,6
202100008733,2021-11-08 18:50:00,2021,11,8,18,50,17,17299,ONZE NOVEMBRE 1918 AVENUE DU,45.9247,-0.9589,Nuit avec éclairage allumé,En agglomération,Hors intersection,Normale,Deux véhicules - côté,6,-1,-1,0,1,1,1,0,1,30,,2,1,0,0,1,17.0,51.0,,,5,2,1,1,3
202100008734,2021-11-08 14:30:00,2021,11,8,14,30,14,14327,Route de Colombelles,49.20746,-0.31724,Plein jour,En agglomération,Intersection en T,Normale,Deux véhicules - côté,3,3,2,0,4,3,1,0,1,50,,2,1,0,1,0,61.0,58.0,,,1,2,3,1,3
202100008735,2021-11-08 20:00:00,2021,11,8,20,0,13,13208,COMMANDANT ROLLAND,43.27209,5.38278,Nuit avec éclairage allumé,En agglomération,Hors intersection,Normale,Deux véhicules - frontale,4,2,2,0,2,3,1,0,1,50,,3,2,0,0,1,38.0,39.0,,,5,2,1,1,1
202100008736,2021-11-08 13:00:00,2021,11,8,13,0,13,13206,BAILLE (BOULEVARD),43.28759,5.39023,Plein jour,En agglomération,Intersection en X,Normale,Deux véhicules - côté,4,2,3,0,1,1,1,0,1,50,,2,1,0,0,1,20.0,33.0,,,1,2,2,1,3
202100008737,2021-11-07 23:24:00,2021,11,7,23,24,13,13207,RIVE NEUVE (QUAI),43.29242,5.36735,Nuit avec éclairage allumé,En agglomération,Hors intersection,Normale,Deux véhicules - côté,4,2,3,0,1,1,1,0,1,50,,2,1,0,0,1,29.0,37.0,,,5,2,1,1,3
202100008738,2021-11-06 15:10:00,2021,11,6,15,10,13,13001,JAS DE BOUFFAN (AV DU),43.53185,5.42996,Plein jour,En agglomération,Intersection en T,Normale,Autre collision,7,2,5,2,1,1,1,0,1,50,,2,1,0,1,0,45.0,,,,1,2,3,1,6
202100008739,2021-11-05 18:00:00,2021,11,5,18,0,11,11262,JOFFRE (BOULEVARD MARECHAL),43.18465,2.9997,Plein jour,En agglomération,Hors intersection,Normale,Autre collision,4,2,2,0,1,1,1,9,1,50,,2,1,0,1,0,24.0,,,,1,2,1,1,6
202100008740,2021-11-07 11:22:00,2021,11,7,11,22,10,10387,GEORGES POMPIDOU (RUE),48.2869,4.07935,Plein jour,En agglomération,Intersection en T,Pluie légère,Deux véhicules - frontale,4,3,2,1,1,1,2,0,5,50,,2,1,0,0,1,39.0,18.0,,,1,2,3,2,1
202100008741,2021-11-08 18:30:00,2021,11,8,18,30,06,06088,JARDINIERS (BD DES),43.708639,7.192578,Nuit avec éclairage allumé,En agglomération,Intersection en X,Normale,Deux véhicules - frontale,4,2,2,0,1,1,1,0,1,50,,2,1,1,0,0,25.0,23.0,,,5,2,2,1,1
202100008742,2021-11-08 08:10:00,2021,11,8,8,10,06,06027,ALPES AVENUE DES,43.665266,7.128621,Plein jour,En agglomération,Hors intersection,Normale,Deux véhicules - côté,7,1,2,0,1,2,2,9,1,50,,2,1,0,0,1,19.0,30.0,,,1,2,1,1,3
202100008743,2021-11-09 18:10:00,2021,11,9,18,10,75,75118,PORTE DE SAINT OUEN,48.900792,2.3317,Nuit avec éclairage allumé,En agglomération,Intersection en Y,Normale,Deux véhicules - côté,4,1,4,0,1,1,1,0,1,70,,2,1,0,0,1,38.0,32.0,,,5,2,4,1,3
202100008744,2021-11-08 05:20:00,2021,11,8,5,20,75,75117,BOULEVARD PERIPHERIQUE EXTERIEUR NORD  ,48.900188,2.320781,Nuit avec éclairage allumé,En agglomération,Hors intersection,Normale,Autre collision,4,1,4,0,1,1,1,2,1,70,,1,0,0,1,0,22.0,,,,5,2,1,1,6
202100008745,2021-11-07 21:33:00,2021,11,7,21,33,75,75105,BOULEVARD DE PORT ROYAL,48.83889,2.33975,Nuit avec éclairage allumé,En agglomération,Intersection en X,Normale,Deux véhicules - côté,4,2,4,0,1,1,1,0,1,30,,2,1,0,1,0,22.0,30.0,,,5,2,2,1,3
202100008746,2021-11-09 17:00:00,2021,11,9,17,0,75,75120,RUE DE MENILMONTANT,48.870353,2.397893,Crépuscule ou aube,En agglomération,Hors intersection,Normale,Autre collision,4,2,2,0,1,1,1,0,1,30,,2,1,0,0,1,47.0,22.0,,,2,2,1,1,6
202100008747,2021-11-09 18:45:00,2021,11,9,18,45,75,75119,AVENUE DE FLANDRE,48.885788,2.370981,Nuit avec éclairage allumé,En agglomération,Intersection en T,Normale,Deux véhicules - côté,4,3,4,0,1,1,1,-1,6,30,,3,2,0,0,1,33.0,26.0,,,5,2,3,1,3
202100008748,2021-11-09 15:52:00,2021,11,9,15,52,75,75118,RUE RONSARD,48.885771,2.344984,Plein jour,En agglomération,Intersection en Y,Normale,Autre collision,4,1,1,0,1,1,1,0,1,30,,2,1,0,0,1,47.0,,,,1,2,4,1,6