accident_id,datetime,annee,mois,jour,heure,minute,departement,commune_insee,adresse,latitude,longitude,luminosite,agglomeration,intersection,meteo,collision,catr,circ,nbv,vosp,prof,plan,surf,infra,situ,vma,nb_vehicules,nb_usagers,nb_indemnes,nb_tues,nb_blesses_hosp,nb_blesses_legers,age_cond_1,age_cond_2,veh_type_cond_1,veh_type_cond_2,lum_code,agg_code,int_code,atm_code,col_code
202100008749,2021-11-09 19:45:00,2021,11,9,19,45,75,75117,AVENUE DE VILLIERS,48.881201,2.315555,Nuit avec éclairage allumé,En agglomération,Intersection en T,Normale,Deux véhicules - côté,4,2,4,0,1,1,1,0,1,30,,2,1,0,0,1,65.0,20.0,,,5,2,3,1,3
202100008750,2021-11-09 13:40:00,2021,11,9,13,40,75,75117,BOULEVARD BERTHIER,48.887168,2.297963,Plein jour,En agglomération,Place,Normale,Sans collision,4,2,1,0,1,1,1,0,1,30,,1,0,0,0,1,35.0,,,,1,2,7,1,7
202100008751,2021-11-09 00:15:00,2021,11,9,0,15,75,75117,AVENUE DE WAGRAM,48.881567,2.300705,Nuit avec éclairage allumé,En agglomération,Intersection en X,Normale,Deux véhicules - côté,4,-1,4,0,1,1,1,0,1,30,,2,1,0,0,1,,23.0,,,5,2,2,1,3
202100008752,2021-11-09 15:40:00,2021,11,9,15,40,75,75116,AVENUE DU PRESIDENT KENNEDY,48.856813,2.28647,Plein jour,En agglomération,Hors intersection,Normale,Deux véhicules - côté,4,2,2,3,1,1,1,-1,6,30,,2,1,0,0,1,38.0,38.0,,,1,2,1,1,3
202100008753,2021-11-09 19:00:00,2021,11,9,19,0,75,75115,RUE SEXTIUS MICHEL,48.851927,2.288683,Nuit avec éclairage allumé,En agglomération,Intersection en T,Normale,Autre collision,4,1,1,0,1,2,1,0,1,30,,2,1,0,0,1,55.0,,,,5,2,3,1,6
202100008754,2021-11-09 18:15:00,2021,11,9,18,15,75,75115,RUE DE VAUGIRARD,48.840895,2.30588,Nuit avec éclairage allumé,En agglomération,Intersection en T,Normale,Autre collision,4,1,2,0,1,1,1,0,1,30,,2,1,0,0,1,75.0,,,,5,2,3,1,6
202100008755,2021-11-09 16:15:00,2021,11,9,16,15,75,75115,RUE DE LOURMEL,48.844844,2.287288,Plein jour,En agglomération,Intersection en T,Normale,Sans collision,4,1,1,0,1,1,1,0,1,30,,1,0,0,0,1,49.0,,,,1,2,3,1,7
202100008756,2021-11-09 20:00:00,2021,11,9,20,0,75,75114,BOULEVARD PERIPHERIQUE INTERIEUR SUD,48.820927,2.321828,Nuit avec éclairage allumé,En agglomération,Intersection en Y,Normale,Deux véhicules - arrière,4,1,3,0,1,1,1,0,1,70,,2,1,0,0,1,51.0,44.0,,,5,2,4,1,2
202100008757,2021-11-09 17:15:00,2021,11,9,17,15,75,75112,AVENUE DU DOCTEUR ARNOLD NETTER,48.84333,2.405384,Crépuscule ou aube,En agglomération,Intersection en T,Normale,Deux véhicules - côté,4,2,2,0,1,1,1,0,1,30,,2,1,0,0,1,,65.0,,,2,2,3,1,3
202100008758,2021-11-09 16:50:00,2021,11,9,16,50,75,75112,BOULEVARD DIDEROT,48.847345,2.386735,Plein jour,En agglomération,Intersection en X,Normale,Autre collision,4,2,2,1,1,1,1,-1,5,50,,2,1,0,0,1,41.0,,,,1,2,2,1,6
202100008759,2021-11-09 12:30:00,2021,11,9,12,30,75,75111,BOULEVARD VOLTAIRE,48.861488,2.373919,Plein jour,En agglomération,Hors intersection,Normale,Deux véhicules - frontale,4,1,4,1,1,1,1,-1,5,30,,2,1,0,0,1,27.0,25.0,,,1,2,1,1,1
202100008760,2021-11-09 20:20:00,2021,11,9,20,20,75,75116,QUAI SAINT EXUPERY,48.838372,2.266,Nuit sans éclairage public,En agglomération,Intersection en Y,Normale,Deux véhicules - côté,4,1,2,0,1,1,1,0,1,50,,3,2,0,0,1,23.0,35.0,,,3,2,4,1,3
202100008761,2021-11-09 09:10:00,2021,11,9,9,10,75,75107,BOULEVARD DE LA TOUR MAUBOURG,48.858068,2.310007,Plein jour,En agglomération,Intersection en X,Normale,Deux véhicules - côté,4,2,2,3,1,1,1,-1,6,30,,2,1,0,0,1,23.0,44.0,,,1,2,2,1,3
202100008762,2021-11-09 17:02:00,2021,11,9,17,2,94,94081,Av du President Salvador Allende,48.79593,2.41493,Plein jour,En agglomération,Autre intersection,Normale,Deux véhicules - côté,3,1,3,3,1,1,1,9,6,50,,3,2,0,0,1,55.0,38.0,,,1,2,9,1,3
202100008763,2021-11-09 09:00:00,2021,11,9,9,0,94,94080,Avenue de Paris,48.84559,2.42962,Plein jour,En agglomération,Hors intersection,Normale,Deux véhicules - côté,3,1,1,2,1,1,1,9,1,50,,3,2,0,0,1,28.0,57.0,,,1,2,1,1,3
202100008764,2021-11-08 11:00:00,2021,11,8,11,0,94,94068,Avenue du Bac,48.79184,2.51866,Plein jour,En agglomération,Intersection en T,Normale,Deux véhicules - côté,3,2,2,0,1,1,1,6,1,30,,3,2,0,0,1,39.0,70.0,,,1,2,3,1,3
202100008765,2021-11-09 18:10:00,2021,11,9,18,10,94,94046,GABRIEL PERI (R),48.8148,2.4379,Nuit avec éclairage allumé,En agglomération,Hors intersection,Normale,Deux véhicules - côté,4,1,1,0,1,1,1,0,1,50,,1,0,0,0,1,55.0,,,,5,2,1,1,3
202100008766,2021-11-09 20:05:00,2021,11,9,20,5,94,94073,Av du Mal de Lattre de Tassigny,48.75307,2.40553,Nuit avec éclairage allumé,En agglomération,Hors intersection,Normale,Autre collision,3,2,0,0,1,1,1,9,4,50,,1,0,0,0,1,33.0,,,,5,2,1,1,6
202100008767,2021-11-09 10:10:00,2021,11,9,10,10,93,93073,BERGER (RUE GILBERT),48.9506548582,2.5801885128,Plein jour,En agglomération,Intersection en T,Normale,Deux véhicules - côté,4,2,2,0,1,1,1,0,1,50,,3,2,0,0,1,54.0,,,,1,2,3,1,3
202100008768,2021-11-09 15:00:00,2021,11,9,15,0,93,93051,MONT D'EST (BD),48.84084,2.54164,Plein jour,En agglomération,Hors intersection,Normale,Deux véhicules - arrière,3,1,2,0,1,1,1,0,1,50,,3,1,0,0,2,,62.0,,,1,2,1,1,2
202100008769,2021-11-09 02:50:00,2021,11,9,2,50,93,93029,STATION (DE LA),48.91686,2.42936,Nuit avec éclairage allumé,En agglomération,Giratoire,Normale,Autre collision,3,1,1,0,1,3,1,0,3,30,,1,0,0,1,0,22.0,,,,5,2,6,1,6
202100008770,2021-11-09 00:50:00,2021,11,9,0,50,93,93010,LETTRES (AL. DES),48.8906636094,2.4945457556,Nuit avec éclairage allumé,En agglomération,Intersection en T,Normale,Autre collision,4,2,2,0,1,1,1,0,1,50,,1,0,0,0,1,42.0,,,,5,2,3,1,6
202100008771,2021-11-08 13:10:00,2021,11,8,13,10,93,93008,ALLENDE (AVE DU P. SALVADOR),48.9044817607,2.4445058689,Plein jour,En agglomération,Hors intersection,Normale,Autre collision,3,1,2,0,1,1,1,2,1,50,,1,0,0,0,1,34.0,,,,1,2,1,1,6
202100008772,2021-11-09 09:30:00,2021,11,9,9,30,92,92073,GARDENAT LAPOSTOL (RUE),48.8738738204,2.2240957618,Plein jour,En agglomération,Autre intersection,Normale,Autre collision,4,2,0,0,1,1,9,9,6,30,,2,1,0,0,1,50.0,52.0,,,1,2,9,1,6
202100008773,2021-11-09 11:30:00,2021,11,9,11,30,92,92050,LECLERC GENERAL AVENUE DU,48.89967,2.19006,Plein jour,En agglomération,Hors intersection,Normale,Deux véhicules - arrière,4,2,2,0,1,1,1,0,1,50,,3,1,0,0,2,55.0,44.0,,,1,2,1,1,2
202100008774,2021-11-09 10:19:00,2021,11,9,10,19,92,92040,Boulevard Galliéni,48.8297425982,2.2673410177,Plein jour,En agglomération,Intersection en T,Normale,Deux véhicules - côté,3,2,2,0,1,1,1,0,1,30,,2,1,0,1,0,46.0,41.0,,,1,2,3,1,3
202100008775,2021-11-09 16:35:00,2021,11,9,16,35,92,92035,Verdun 1916 ( avenue de ),48.905453099,2.2348460555,Plein jour,En agglomération,Hors intersection,Normale,Autre collision,3,2,4,0,1,1,1,0,1,50,,2,1,0,0,1,37.0,,,,1,2,1,1,6
202100008776,2021-11-09 09:25:00,2021,11,9,9,25,92,92035,Verdun 1916 ( avenue de ),48.9047138129,2.2329443693,Plein jour,En agglomération,Hors intersection,Normale,Autre collision,3,3,1,0,1,1,1,0,1,50,,1,0,0,0,1,27.0,,,,1,2,1,1,6
202100008777,2021-11-09 11:37:00,2021,11,9,11,37,92,92026,JEAN-PIERRE TIMBAUD,48.8998428371,2.2501990199,Plein jour,En agglomération,Hors intersection,Normale,Autre collision,4,2,2,0,1,1,1,6,1,50,,2,1,0,0,1,64.0,,,,1,2,1,1,6
202100008778,2021-11-09 16:04:00,2021,11,9,16,4,92,92025,GENERAL LECLERC (PLACE DU),48.9231766028,2.2524923086,Plein jour,En agglomération,Intersection en X,Normale,Autre collision,3,2,8,0,2,2,1,0,1,50,,2,1,0,1,0,50.0,,,,1,2,2,1,6
202100008779,2021-11-09 18:35:00,2021,11,9,18,35,92,92024,GENERAL LECLERC (BD DU) DE (61 A 9),48.9037660834,2.3121708765,Nuit avec éclairage allumé,En agglomération,Intersection en T,Normale,Autre collision,4,2,2,2,1,1,1,0,1,50,,2,1,0,0,1,16.0,,,,5,2,3,1,6
202100008780,2021-11-09 15:40:00,2021,11,9,15,40,92,92012,JEAN BAPTISTE CLEMENT (AVENUE) 1/47 - 2/,48.8458767301,2.2370240092,Plein jour,En agglomération,Intersection en X,Normale,Autre collision,4,-1,2,0,1,1,1,0,1,50,,2,1,0,0,1,58.0,,,,1,2,2,1,6
202100008781,2021-11-09 14:00:00,2021,11,9,14,0,92,92012,BILLANCOURT (RUE DE) 1/61 - 2/104,48.8369402677,2.2364714742,Plein jour,En agglomération,Intersection en X,Normale,Autre collision,3,2,-1,-1,1,1,1,0,1,-1,,2,1,0,0,1,40.0,,,,1,2,2,1,6
202100008782,2021-11-09 08:45:00,2021,11,9,8,45,92,92012,SEVRES (RUE DE) 1/55 - 2/40,48.83993183,2.22851976,Plein jour,En agglomération,Intersection en T,Normale,Sans collision,4,2,2,0,1,1,1,0,1,50,,1,0,0,0,1,27.0,,,,1,2,3,1,7
202100008783,2021-11-10 17:00:00,2021,11,10,17,0,35,35176,Rue du Clos Saint-Augustin,47.817034,-1.814675,Crépuscule ou aube,En agglomération,Intersection en T,Normale,Deux véhicules - côté,4,2,2,0,1,1,1,0,1,50,,2,1,0,1,0,32.0,37.0,,,2,2,3,1,3
202100008784,2021-11-09 18:10:00,2021,11,9,18,10,18,18125,d751 route de sancerre/ rue les pelotins,47.460369,2.877501,Nuit sans éclairage public,En agglomération,Intersection en T,Normale,Deux véhicules - côté,3,2,2,1,4,3,1,0,1,30,,2,1,0,1,0,46.0,15.0,,,3,2,3,1,3
202100008785,2021-10-12 10:00:00,2021,10,12,10,0,06,06064,Route de la Manda,43.773191,7.186279,Plein jour,Hors agglomération,Hors intersection,Normale,Sans collision,7,2,2,1,2,3,1,0,1,80,,2,1,0,1,0,26.0,,,,1,1,1,1,7
202100008786,2021-11-09 18:20:00,2021,11,9,18,20,83,83067,D97,43.315112,6.275108,Nuit sans éclairage public,Hors agglomération,Hors intersection,Pluie légère,Trois véhicules et plus - collisions multiples,3,2,2,0,1,1,2,0,1,80,,3,2,1,0,0,84.0,71.0,,,3,1,1,2,5
202100008787,2021-11-10 10:30:00,2021,11,10,10,30,83,83116,D560,43.4213620936,5.8377420902,Plein jour,Hors agglomération,Hors intersection,Pluie légère,Autre collision,3,2,2,0,2,1,2,0,8,80,,1,0,1,0,0,71.0,,,,1,1,1,2,6
202100008788,2021-11-09 18:50:00,2021,11,9,18,50,51,51525,D80,48.9090372306,4.3989139795,Nuit sans éclairage public,Hors agglomération,Hors intersection,Brouillard / fumée,Deux véhicules - frontale,3,2,2,0,1,1,1,0,1,80,,2,1,0,1,0,16.0,24.0,,,3,1,1,5,1
202100008789,2021-11-10 05:50:00,2021,11,10,5,50,95,95527,27 Rue Jean Moulin,49.003969,2.509563,Nuit avec éclairage non allumé,En agglomération,Hors intersection,Normale,Autre collision,4,2,2,0,1,1,1,0,1,50,,2,0,0,0,2,49.0,,,,4,2,1,1,6
202100008790,2021-11-10 13:40:00,2021,11,10,13,40,33,33424,,45.112616,-0.807158,Plein jour,Hors agglomération,Hors intersection,Normale,Autre collision,3,3,2,0,1,1,1,0,1,110,,3,2,0,1,0,20.0,,,,1,1,1,1,6
202100008791,2021-11-10 00:00:00,2021,11,10,0,0,42,42052,35 Rue Dorian,46.154965,4.163588,Nuit avec éclairage allumé,En agglomération,Hors intersection,Normale,Autre collision,3,2,2,0,1,4,1,9,4,50,,1,0,1,0,0,37.0,,,,5,2,1,1,6
202100008792,2021-11-09 12:15:00,2021,11,9,12,15,86,86245,Les Groies,46.78216,0.67262,Plein jour,Hors agglomération,Autre intersection,Normale,Deux véhicules - frontale,4,2,2,0,1,3,1,0,1,80,,2,1,1,0,0,48.0,61.0,,,1,1,9,1,1
202100008793,2021-10-22 09:35:00,2021,10,22,9,35,86,86116,2 Rue Melusine,46.46371,0.067522,Plein jour,En agglomération,Intersection en T,Normale,Autre collision,3,2,2,0,2,1,1,0,4,50,,1,0,0,1,0,56.0,,,,1,2,3,1,6
202100008794,2021-11-09 20:55:00,2021,11,9,20,55,35,35104,La Maison Neuve,48.472827,-1.692661,Nuit sans éclairage public,Hors agglomération,Hors intersection,Normale,Autre collision,3,2,2,0,1,2,1,0,3,80,,1,0,0,1,0,27.0,,,,3,1,1,1,6
202100008795,2021-11-10 16:00:00,2021,11,10,16,0,06,06020,M70,43.98718,7.323997,Plein jour,Hors agglomération,Hors intersection,Temps couvert,Deux véhicules - frontale,7,2,2,0,2,2,2,0,1,90,,2,0,0,0,2,47.0,64.0,,,1,1,1,8,1
202100008796,2021-11-10 13:30:00,2021,11,10,13,30,06,06032,M6007,43.727987,7.407886,Plein jour,En agglomération,Hors intersection,Normale,Deux véhicules - frontale,7,2,2,0,2,3,2,0,1,50,,1,0,0,1,0,27.0,,,,1,2,1,1,1
202100008797,2021-10-25 10:45:00,2021,10,25,10,45,09,09189,Route Nationale 20,42.635237,1.828816,Plein jour,Hors agglomération,Intersection en T,Normale,Deux véhicules - côté,2,2,2,0,2,3,1,0,1,80,,2,1,0,1,0,72.0,57.0,,,1,1,3,1,3
202100008798,2021-11-09 12:40:00,2021,11,9,12,40,53,53147,place des halles,48.303272,-0.620851,Plein jour,En agglomération,Hors intersection,Normale,Autre collision,4,1,2,0,1,1,1,0,1,50,,2,1,0,1,0,15.0,,,,1,2,1,1,6
202100008799,2021-11-09 17:34:00,2021,11,9,17,34,88,88446,Rue Chanterelle,48.199158,5.812771,Nuit sans éclairage public,Hors agglomération,Hors intersection,Normale,Trois véhicules et plus - collisions multiples,3,2,2,0,1,3,1,0,1,80,,3,2,1,0,0,37.0,38.0,,,3,1,1,1,5
202100008800,2021-11-10 08:05:00,2021,11,10,8,5,60,60395,,49.2374658676,2.1010642977,Plein jour,Hors agglomération,Autre intersection,Brouillard / fumée,Sans collision,1,3,4,0,1,1,1,0,8,130,,1,0,0,0,1,18.0,,,,1,1,9,5,7
202100008801,2021-11-09 06:15:00,2021,11,9,6,15,987,98729,PK 13+500 - Maatéa - RT 91,-17.533189,-149.838611,Plein jour,Hors agglomération,Hors intersection,Pluie légère,Deux véhicules - côté,2,2,2,0,1,2,2,0,3,60,,3,1,1,1,0,27.0,,,,1,1,1,2,3
202100008802,2021-11-08 20:15:00,2021,11,8,20,15,976,97615,route nationale 4,-12.800764,45.278724,Nuit avec éclairage allumé,En agglomération,Hors intersection,Normale,Deux véhicules - arrière,2,2,2,0,1,1,1,0,1,50,,2,1,0,1,0,26.0,27.0,,,5,2,1,1,2
202100008803,2021-11-08 11:30:00,2021,11,8,11,30,976,97608,rue du commerce,-12.788923,45.272327,Plein jour,En agglomération,Hors intersection,Normale,Autre collision,4,2,2,0,1,1,1,0,1,50,,2,1,0,0,1,40.0,,,,1,2,1,1,6
202100008804,2021-11-10 11:30:00,2021,11,10,11,30,37,37163,3 avenue du centre,47.4239441104,0.9748644715,Plein jour,En agglomération,Hors intersection,Normale,Autre collision,4,2,2,0,1,1,1,0,3,50,,1,0,1,0,0,67.0,,,,1,2,1,1,6
202100008805,2021-11-10 16:01:00,2021,11,10,16,1,95,95489,Route de la Tête Richard,49.019546,2.352018,Plein jour,En agglomération,Hors intersection,Normale,Deux véhicules - frontale,3,2,2,0,2,2,1,0,1,50,,4,1,0,1,2,22.0,40.0,,,1,2,1,1,1
202100008806,2021-11-08 22:30:00,2021,11,8,22,30,13,13004,N568,43.625871,4.748358,Nuit sans éclairage public,Hors agglomération,Intersection en X,Normale,Deux véhicules - côté,2,3,2,3,1,1,1,5,1,90,,4,2,0,2,0,,19.0,,,3,1,2,1,3
202100008807,2021-11-09 18:35:00,2021,11,9,18,35,21,21038,Pont de France,47.194359,5.383458,Nuit avec éclairage allumé,En agglomération,Hors intersection,Brouillard / fumée,Autre collision,3,2,2,0,2,3,1,2,1,50,,2,1,0,0,1,59.0,,,,5,2,1,5,6
202100008808,2021-11-09 08:50:00,2021,11,9,8,50,74,74080,D909,45.873659,6.45501,Plein jour,Hors agglomération,Hors intersection,Temps éblouissant,Deux véhicules - frontale,3,2,2,0,2,2,1,0,1,80,,2,1,0,1,0,55.0,66.0,,,1,1,1,7,1
202100008809,2021-11-09 19:45:00,2021,11,9,19,45,38,38110,Rue de Vienne,45.57898,4.880666,Nuit sans éclairage public,En agglomération,Intersection en Y,Normale,Sans collision,3,2,2,0,2,1,1,0,1,50,,1,0,0,1,0,57.0,,,,3,2,4,1,7
202100008810,2021-11-10 18:45:00,2021,11,10,18,45,01,01376,Place d Arménie,45.825859,4.981386,Nuit avec éclairage allumé,En agglomération,Giratoire,Normale,Deux véhicules - côté,4,1,2,0,1,2,1,5,1,50,,3,2,0,0,1,47.0,35.0,,,5,2,6,1,3
202100008811,2021-11-08 16:25:00,2021,11,8,16,25,01,01397,Chemin du Moulin,46.3159004397,6.1172242463,Crépuscule ou aube,Hors agglomération,Hors intersection,Normale,Autre collision,4,2,2,0,1,1,1,0,1,50,,2,1,0,0,1,83.0,,,,2,1,1,1,6
202100008812,2021-11-09 23:00:00,2021,11,9,23,0,81,81099,RD 988,43.889929,1.876302,Nuit sans éclairage public,Hors agglomération,Hors intersection,Normale,Autre collision,3,2,2,0,1,1,1,0,3,80,,1,0,0,1,0,52.0,,,,3,1,1,1,6
202100008813,2021-11-10 14:10:00,2021,11,10,14,10,09,09331,Route départementale 820,43.19303,1.610468,Plein jour,Hors agglomération,Hors intersection,Pluie forte,Deux véhicules - côté,3,2,2,0,1,1,2,0,1,70,,5,3,0,1,1,29.0,19.0,,,1,1,1,3,3
202100008814,2021-11-06 13:00:00,2021,11,6,13,0,33,33449,Avenue Anatole France,44.8939,-0.74823,Plein jour,En agglomération,Hors intersection,Normale,Deux véhicules - arrière,4,2,2,0,1,1,1,0,1,50,,2,1,0,0,1,48.0,20.0,,,1,2,1,1,2
202100008815,2021-11-10 18:30:00,2021,11,10,18,30,33,33029,Avenue du Médoc,44.641833,-0.804563,Nuit sans éclairage public,Hors agglomération,Hors intersection,Normale,Deux véhicules - frontale,3,2,2,0,1,1,1,0,1,80,,5,0,1,1,3,78.0,35.0,,,3,1,1,1,1
202100008816,2021-11-09 15:45:00,2021,11,9,15,45,35,35360,Rue de Fougeres,48.127472,-1.213517,Plein jour,En agglomération,Intersection en T,Normale,Deux véhicules - côté,4,2,1,0,2,1,1,0,1,30,,2,1,0,1,0,48.0,20.0,,,1,2,3,1,3
202100008817,2021-11-10 07:00:00,2021,11,10,7,0,62,62825,Rue de Douai,50.289178,3.040552,Nuit avec éclairage allumé,En agglomération,Hors intersection,Normale,Autre collision,3,2,2,0,1,1,1,0,1,30,,2,1,0,0,1,39.0,,,,5,2,1,1,6
202100008818,2021-11-09 19:00:00,2021,11,9,19,0,13,13081,A7-Sens Marseille vers Lyon,43.49153,5.2403,Nuit sans éclairage public,Hors agglomération,Hors intersection,Normale,Deux véhicules - arrière,1,1,3,0,1,1,1,0,1,110,,2,1,0,0,1,29.0,34.0,,,3,1,1,1,2
202100008819,2021-11-09 15:00:00,2021,11,9,15,0,13,13211,A50-Sens Aubagne vers Marseille,43.2881377701,5.4999439715,Plein jour,Hors agglomération,Hors intersection,Normale,Deux véhicules - arrière,1,1,3,0,1,1,1,0,1,90,,4,1,0,0,3,42.0,32.0,,,1,1,1,1,2
202100008820,2021-11-09 06:00:00,2021,11,9,6,0,13,13056,A55-Sens Martigues vers Marseille,43.3986139615,5.0456857681,Nuit sans éclairage public,Hors agglomération,Hors intersection,Normale,Deux véhicules - arrière,1,3,3,0,1,1,1,0,1,90,,2,0,0,0,2,52.0,32.0,,,3,1,1,1,2
202100008821,2021-11-08 07:55:00,2021,11,8,7,55,13,13055,A507 sens Aubagne- Marseille,43.30664,5.42531,Plein jour,Hors agglomération,Hors intersection,Normale,Deux véhicules - arrière,1,1,3,0,2,1,1,1,1,70,,4,2,0,0,2,31.0,28.0,,,1,1,1,1,2
202100008822,2021-11-08 00:25:00,2021,11,8,0,25,69,69290,A46S,45.68462,4.96192,Nuit sans éclairage public,Hors agglomération,Hors intersection,Pluie légère,Trois véhicules et plus - en chaîne,1,3,4,0,1,1,2,0,1,90,,4,2,0,0,2,19.0,40.0,,,3,1,1,2,4
202100008823,2021-11-08 06:45:00,2021,11,8,6,45,33,33249,Rocade Rive Droite N230 -E27-,44.87865,-0.50949,Nuit avec éclairage allumé,Hors agglomération,Hors intersection,Normale,Trois véhicules et plus - en chaîne,2,3,6,0,1,1,1,0,1,90,,6,4,0,0,2,35.0,50.0,,,5,1,1,1,4
202100008824,2021-11-08 21:20:00,2021,11,8,21,20,59,59343,AUTOROUTE A27,50.599916,3.135714,Nuit avec éclairage allumé,Hors agglomération,Hors intersection,Normale,Autre collision,1,-1,2,0,1,4,1,0,1,90,,2,1,1,0,0,38.0,21.0,,,5,1,1,1,6
202100008825,2021-11-09 18:00:00,2021,11,9,18,0,92,92002,AUTOROUTE A10,48.7353005213,2.3150518791,Nuit sans éclairage public,Hors agglomération,Hors intersection,Normale,Sans collision,1,3,6,0,2,3,1,0,1,90,,2,1,0,1,0,39.0,,,,3,1,1,1,7
202100008826,2021-11-09 18:15:00,2021,11,9,18,15,91,91136,AUTOROUTE A10,48.71348,2.27671,Nuit sans éclairage public,Hors agglomération,Hors intersection,Normale,Deux véhicules - arrière,1,-1,3,0,1,1,1,0,1,90,,2,1,0,0,1,44.0,25.0,,,3,1,1,1,2
202100008827,2021-11-09 09:00:00,2021,11,9,9,0,91,91179,AUTOROUTE A6,48.56242,2.48114,Plein jour,Hors agglomération,Hors intersection,Normale,Deux véhicules - arrière,1,3,6,0,1,1,1,0,1,110,,2,1,0,0,1,47.0,21.0,,,1,1,1,1,2
202100008828,2021-11-09 07:30:00,2021,11,9,7,30,91,91521,AUTOROUTE A6,48.632469,2.405723,Crépuscule ou aube,Hors agglomération,Hors intersection,Brouillard / fumée,Deux véhicules - arrière,1,1,3,0,1,1,2,0,1,110,,2,1,0,0,1,22.0,31.0,,,2,1,1,5,2
202100008829,2021-11-09 15:50:00,2021,11,9,15,50,78,78322,RN12,48.787061,2.149177,Plein jour,Hors agglomération,Hors intersection,Normale,Autre collision,2,-1,3,0,1,1,1,0,1,90,,1,0,0,0,1,30.0,,,,1,1,1,1,6
202100008830,2021-11-09 06:30:00,2021,11,9,6,30,92,92036,RN315 W,48.934791795,2.3020891821,Nuit sans éclairage public,Hors agglomération,Autre intersection,Normale,Deux véhicules - côté,2,1,2,0,1,1,1,0,1,70,,3,2,0,0,1,30.0,43.0,,,3,1,9,1,3
202100008831,2021-11-09 17:20:00,2021,11,9,17,20,95,95500, A15,49.038716,2.087101,Crépuscule ou aube,Hors agglomération,Hors intersection,Normale,Deux véhicules - arrière,1,3,9,0,1,1,1,0,1,90,,2,1,0,0,1,57.0,56.0,,,2,1,1,1,2
202100008832,2021-11-09 08:40:00,2021,11,9,8,40,95,95500,A15,49.0365498574,2.0940611695,Plein jour,Hors agglomération,Hors intersection,Normale,Trois véhicules et plus - en chaîne,1,3,8,0,1,1,1,0,1,110,,3,1,0,0,2,26.0,40.0,,,1,1,1,1,4
202100008833,2021-11-09 09:45:00,2021,11,9,9,45,92,92036,AUTOROUTE A86,48.9385170499,2.300017589,Plein jour,Hors agglomération,Autre intersection,Normale,Autre collision,1,1,2,0,1,1,1,9,1,90,,1,0,0,0,1,48.0,,,,1,1,9,1,6
202100008834,2021-11-09 09:30:00,2021,11,9,9,30,95,95256,RN 184,49.056575,2.205491,Plein jour,Hors agglomération,Hors intersection,Normale,Autre collision,2,3,6,0,1,1,1,0,1,90,,2,1,0,0,1,39.0,64.0,,,1,1,1,1,6
202100008835,2021-11-09 07:00:00,2021,11,9,7,0,95,95351,RN 104,49.040313,2.482885,Plein jour,Hors agglomération,Hors intersection,Normale,Deux véhicules - arrière,2,3,4,0,1,1,1,0,1,110,,2,1,0,0,1,43.0,36.0,,,1,1,1,1,2
202100008836,2021-11-09 03:30:00,2021,11,9,3,30,93,93027,AUTOROUTE A86,48.92849,2.41316,Nuit avec éclairage non allumé,Hors agglomération,Hors intersection,Normale,Deux véhicules - frontale,1,-1,0,0,1,1,1,0,1,110,,1,0,0,0,1,37.0,,,,4,1,1,1,1
202100008837,2021-08-15 20:15:00,2021,8,15,20,15,62,62031,rue du Moulin,50.855491,1.919281,Plein jour,Hors agglomération,Hors intersection,Normale,Sans collision,4,-1,2,0,3,1,1,0,1,50,,1,0,0,1,0,20.0,,,,1,1,1,1,7
202100008838,2021-11-08 11:45:00,2021,11,8,11,45,75,75120,BOULEVARD PERIPHERIQUE EXTERIEUR NORD  ,48.862621,2.413334,Plein jour,En agglomération,Intersection en Y,Normale,Autre collision,4,1,5,0,1,1,1,3,1,70,,2,0,0,2,0,19.0,,,,1,2,4,1,6
202100008839,2021-11-07 01:30:00,2021,11,7,1,30,75,75106,BOULEVARD SAINT GERMAIN,48.854472,2.330462,Nuit avec éclairage allumé,En agglomération,Intersection en X,Normale,Deux véhicules - côté,4,1,3,0,1,1,1,0,1,30,,7,1,0,0,6,54.0,26.0,,,5,2,2,1,3
202100008840,2021-11-08 20:10:00,2021,11,8,20,10,75,75120,RUE DES PYRENEES,48.85267,2.406117,Nuit avec éclairage allumé,En agglomération,Intersection en X,Normale,Deux véhicules - côté,4,2,4,0,1,1,1,0,1,30,,2,1,0,0,1,,53.0,,,5,2,2,1,3
202100008841,2021-11-08 08:50:00,2021,11,8,8,50,75,75120,AVENUE GAMBETTA,48.865013,2.395526,Plein jour,En agglomération,Intersection à plus de 4 branches,Normale,Deux véhicules - côté,4,2,2,1,2,1,1,0,5,30,,2,1,0,0,1,59.0,46.0,,,1,2,5,1,3
202100008842,2021-11-08 12:35:00,2021,11,8,12,35,75,75118,RUE RAMEY,48.89076,2.34541,Plein jour,En agglomération,Intersection en X,Normale,Deux véhicules - côté,4,1,1,0,3,2,1,5,1,30,,3,2,0,0,1,37.0,37.0,,,1,2,2,1,3
202100008843,2021-11-08 10:00:00,2021,11,8,10,0,75,75116,RUE DE LA POMPE,48.858767,2.275033,Plein jour,En agglomération,Hors intersection,Normale,Deux véhicules - arrière,4,2,2,0,1,1,1,0,1,30,,3,2,0,0,1,23.0,38.0,,,1,2,1,1,2