accident_id,datetime,annee,mois,jour,heure,minute,departement,commune_insee,adresse,latitude,longitude,luminosite,agglomeration,intersection,meteo,collision,catr,circ,nbv,vosp,prof,plan,surf,infra,situ,vma,nb_vehicules,nb_usagers,nb_indemnes,nb_tues,nb_blesses_hosp,nb_blesses_legers,age_cond_1,age_cond_2,veh_type_cond_1,veh_type_cond_2,lum_code,agg_code,int_code,atm_code,col_code
202100008844,2021-11-07 01:15:00,2021,11,7,1,15,75,75116,AVENUE PAUL DOUMER,48.861888,2.286131,Nuit avec éclairage allumé,En agglomération,Intersection en T,Normale,Deux véhicules - côté,4,2,2,0,2,2,1,0,1,30,,3,2,0,0,1,25.0,32.0,,,5,2,3,1,3
202100008845,2021-11-07 02:25:00,2021,11,7,2,25,75,75115,RUE BRANCION,48.828623,2.301422,Nuit avec éclairage allumé,En agglomération,Intersection en X,Normale,Deux véhicules - côté,4,1,3,1,1,1,2,-1,5,30,,3,2,0,0,1,27.0,18.0,,,5,2,2,1,3
202100008846,2021-11-08 11:30:00,2021,11,8,11,30,75,75112,AVENUE DE NOGENT,48.844307,2.441736,Plein jour,En agglomération,Hors intersection,Normale,Deux véhicules - côté,4,2,2,0,1,1,1,0,1,30,,3,1,0,0,2,31.0,71.0,,,1,2,1,1,3
202100008847,2021-11-08 08:35:00,2021,11,8,8,35,75,75112,ALLEE DE BERCY,48.843238,2.374567,Plein jour,En agglomération,Hors intersection,Normale,Autre collision,4,-1,2,0,1,1,1,0,1,30,,2,1,0,0,1,49.0,,,,1,2,1,1,6
202100008848,2021-11-08 13:30:00,2021,11,8,13,30,75,75109,RUE RODIER,48.880171,2.343767,Plein jour,En agglomération,Intersection en X,Normale,Autre collision,4,1,1,0,2,1,1,0,1,30,,2,1,0,1,0,,,,,1,2,2,1,6
202100008849,2021-11-08 09:30:00,2021,11,8,9,30,75,75108,BOULEVARD HAUSSMANN,48.874676,2.320048,Plein jour,En agglomération,Intersection en X,Normale,Trois véhicules et plus - en chaîne,4,1,4,3,1,1,1,5,1,30,,3,2,0,0,1,,55.0,,,1,2,2,1,4
202100008850,2021-11-08 08:00:00,2021,11,8,8,0,75,75107,AVENUE DUQUESNE,48.852699,2.308558,Plein jour,En agglomération,Intersection en X,Normale,Deux véhicules - côté,4,2,2,0,1,1,1,0,1,30,,2,1,0,0,1,48.0,16.0,,,1,2,2,1,3
202100008851,2021-11-08 10:20:00,2021,11,8,10,20,94,94052,Boulevard de Strasbourg,48.8406275871,2.481880188,Plein jour,En agglomération,Hors intersection,Normale,Deux véhicules - côté,3,2,2,0,2,1,1,0,1,50,,3,0,0,0,3,61.0,23.0,,,1,2,1,1,3
202100008852,2021-11-08 11:40:00,2021,11,8,11,40,94,94037,Avenue Jean Jaurès,48.81338,2.35106,Plein jour,En agglomération,Hors intersection,Normale,Deux véhicules - arrière,3,2,2,0,2,1,1,0,1,50,,2,1,0,0,1,27.0,58.0,,,1,2,1,1,2
202100008853,2021-11-06 11:52:00,2021,11,6,11,52,94,94017,Voie Sonia Delaunay,48.81307,2.52962,Plein jour,En agglomération,Hors intersection,Normale,Deux véhicules - arrière,3,2,2,0,4,1,1,0,1,50,,2,1,0,0,1,42.0,21.0,,,1,2,1,1,2
202100008854,2021-11-08 18:14:00,2021,11,8,18,14,94,94048,BUISSONS (AV DES),48.75,2.55,Nuit avec éclairage non allumé,En agglomération,Hors intersection,Normale,Deux véhicules - frontale,4,2,0,0,1,1,1,0,1,50,,3,2,0,0,1,53.0,37.0,,,4,2,1,1,1
202100008855,2021-11-08 11:20:00,2021,11,8,11,20,93,93066,CROISAT AMBROISE RD 29 BIS,48.92589,2.35609,Plein jour,En agglomération,Hors intersection,Normale,Deux véhicules - côté,3,2,4,0,1,1,1,0,1,50,,2,1,0,0,1,50.0,51.0,,,1,2,1,1,3
202100008856,2021-11-07 17:10:00,2021,11,7,17,10,93,93048,ROUGET DE L'ISLE (BOULEVARD),48.85959,2.4385,Crépuscule ou aube,En agglomération,Hors intersection,Normale,Autre collision,3,1,1,0,1,1,1,0,1,30,,2,1,0,0,1,23.0,,,,2,2,1,1,6
202100008857,2021-11-08 18:00:00,2021,11,8,18,0,92,92076,JARDY,48.82762,2.15149,Nuit avec éclairage allumé,En agglomération,Hors intersection,Normale,Deux véhicules - côté,3,3,2,0,1,1,1,0,1,70,,2,1,0,0,1,32.0,60.0,,,5,2,1,1,3
202100008858,2021-11-08 16:50:00,2021,11,8,16,50,92,92048,HENRI ETLIN (RUE),48.79391,2.21998,Plein jour,En agglomération,Hors intersection,Normale,Autre collision,4,2,2,0,1,1,1,0,8,30,,2,1,0,0,1,22.0,,,,1,2,1,1,6
202100008859,2021-11-03 18:50:00,2021,11,3,18,50,92,92036,GENERAL DE GAULLE (AVENUE) (PAIRS),48.933794507,2.3134025931,Nuit avec éclairage allumé,En agglomération,Intersection en T,Normale,Autre collision,3,2,2,0,1,1,1,0,1,50,,2,1,0,0,1,50.0,,,,5,2,3,1,6
202100008860,2021-11-08 15:30:00,2021,11,8,15,30,92,92026,LAMBRECHTS,48.8982858867,2.2583851218,Plein jour,En agglomération,Hors intersection,Normale,Autre collision,4,1,1,2,1,1,1,0,1,50,,2,1,0,0,1,,,,,1,2,1,1,6
202100008861,2021-11-08 09:30:00,2021,11,8,9,30,92,92026,MARECHAL JOFFRE (QUAI DU),48.900296,2.274264,Plein jour,En agglomération,Hors intersection,Normale,Trois véhicules et plus - en chaîne,3,3,4,0,1,1,1,0,1,70,,6,2,0,0,4,50.0,41.0,,,1,2,1,1,4
202100008862,2021-11-08 15:50:00,2021,11,8,15,50,92,92024,HENRI BARBUSSE (RUE) DE (1 A 73)   (2 A,48.899554273,2.305219152,Plein jour,En agglomération,Intersection en X,Normale,Deux véhicules - côté,4,2,2,0,1,1,1,0,1,50,,2,1,0,0,1,47.0,36.0,,,1,2,2,1,3
202100008863,2021-11-08 18:25:00,2021,11,8,18,25,92,92023,COMMANDANT DUVAL (RUE DU),48.78272,2.23403,Nuit avec éclairage allumé,En agglomération,Hors intersection,Normale,Autre collision,4,1,1,0,1,1,1,0,1,30,,2,0,0,0,2,60.0,,,,5,2,1,1,6
202100008864,2021-11-08 12:45:00,2021,11,8,12,45,92,92009,ABBE GLATZ  ( RUE DE L' ),48.9200552947,2.2766335309,Plein jour,En agglomération,Hors intersection,Normale,Deux véhicules - côté,4,-1,2,0,1,1,1,0,1,50,,2,1,0,0,1,29.0,44.0,,,1,2,1,1,3
202100008865,2021-11-08 09:20:00,2021,11,8,9,20,92,92014,GENERAL LECLERC (AV.) (135 A FIN - 134 A,48.77427,2.31331,Plein jour,En agglomération,Hors intersection,Autre,Deux véhicules - arrière,3,3,4,1,1,1,1,0,8,50,,2,1,0,0,1,56.0,29.0,,,1,2,1,9,2
202100008866,2021-10-28 19:40:00,2021,10,28,19,40,86,86174,1 Rue de la Grotte,46.757316,0.477918,Nuit avec éclairage allumé,En agglomération,Intersection en X,Normale,Deux véhicules - côté,4,2,2,0,1,1,1,0,1,50,,2,1,0,0,1,21.0,18.0,,,5,2,2,1,3
202100008867,2021-11-09 02:45:00,2021,11,9,2,45,988,98810,Tribu de boaoui,-20.680771,164.452758,Nuit sans éclairage public,Hors agglomération,Hors intersection,Brouillard / fumée,Sans collision,4,2,2,0,1,1,1,0,1,50,,4,1,1,2,0,18.0,,,,3,1,1,5,7
202100008868,2021-11-09 12:45:00,2021,11,9,12,45,26,26312,Autourte du Soleil,44.607182,4.793687,Plein jour,Hors agglomération,Hors intersection,Normale,Deux véhicules - arrière,1,3,5,0,1,1,1,0,1,130,,3,2,0,1,0,34.0,22.0,,,1,1,1,1,2
202100008869,2021-11-08 17:05:00,2021,11,8,17,5,23,23001,RD 942,46.088172,2.054978,Plein jour,Hors agglomération,Hors intersection,Autre,Deux véhicules - côté,3,2,2,0,1,3,9,9,1,90,,2,0,0,1,1,63.0,85.0,,,1,1,1,9,3
202100008870,2021-11-08 20:25:00,2021,11,8,20,25,87,87203,A20,45.663547,1.392603,Nuit sans éclairage public,Hors agglomération,Hors intersection,Normale,Trois véhicules et plus - en chaîne,1,3,4,0,1,1,1,0,1,130,,5,3,0,0,2,56.0,71.0,,,3,1,1,1,4
202100008871,2021-11-08 19:00:00,2021,11,8,19,0,974,97410,Rte Nationale 2,-21.047056,55.716771,Nuit avec éclairage allumé,En agglomération,Giratoire,Normale,Autre collision,2,3,1,0,1,3,1,0,1,50,,2,1,0,1,0,51.0,,,,5,2,6,1,6
202100008872,2021-11-09 06:00:00,2021,11,9,6,0,14,14760,A84,49.09697,-0.618238,Nuit sans éclairage public,Hors agglomération,Hors intersection,Normale,Autre collision,1,3,4,0,1,2,1,0,3,130,,1,0,0,0,1,48.0,,,,3,1,1,1,6
202100008873,2021-09-25 12:20:00,2021,9,25,12,20,34,34253,pk 260+000,43.8459738313,3.3096460103,Plein jour,Hors agglomération,Hors intersection,Brouillard / fumée,Deux véhicules - arrière,1,1,2,0,2,3,1,0,1,70,,3,1,0,0,2,30.0,23.0,,,1,1,1,5,2
202100008874,2021-11-08 17:25:00,2021,11,8,17,25,59,59194,35 Rue Victorien Cantineau,50.192225,3.639146,Crépuscule ou aube,En agglomération,Intersection en X,Normale,Autre collision,3,2,2,0,2,1,1,0,1,50,,2,1,0,0,1,22.0,,,,2,2,2,1,6
202100008875,2021-11-09 15:20:00,2021,11,9,15,20,67,67009,12 Rue Principale,48.929707,6.980299,Plein jour,En agglomération,Hors intersection,Temps éblouissant,Deux véhicules - frontale,3,2,2,0,1,1,1,0,1,30,,3,2,0,1,0,17.0,47.0,,,1,2,1,7,1
202100008876,2021-11-07 21:30:00,2021,11,7,21,30,65,65313,14 Rue des Pyrenees,43.175334,0.089084,Nuit avec éclairage allumé,En agglomération,Hors intersection,Pluie légère,Autre collision,3,2,2,0,1,2,2,0,8,50,,1,0,0,1,0,23.0,,,,5,2,1,2,6
202100008877,2021-11-08 15:40:00,2021,11,8,15,40,81,81145,lieu dit bongen,43.90754,1.774464,Plein jour,Hors agglomération,Hors intersection,Normale,Autre collision,3,2,2,0,2,2,1,0,3,90,,1,0,0,1,0,25.0,,,,1,1,1,1,6
202100008878,2021-11-09 08:40:00,2021,11,9,8,40,63,63047,Route de Saint Sauves,45.5885707183,2.7296902049,Plein jour,En agglomération,Hors intersection,Temps éblouissant,Deux véhicules - arrière,3,2,2,0,1,2,1,0,1,50,,2,1,0,1,0,58.0,55.0,,,1,2,1,7,2
202100008879,2021-11-06 13:25:00,2021,11,6,13,25,39,39241,,46.647823,5.489345,Plein jour,Hors agglomération,Intersection en T,Normale,Deux véhicules - côté,3,2,2,0,1,1,1,0,1,80,,4,1,0,0,3,55.0,37.0,,,1,1,3,1,3
202100008880,2021-11-08 20:30:00,2021,11,8,20,30,25,25157,N57,46.842324,6.368433,Nuit sans éclairage public,Hors agglomération,Hors intersection,Normale,Trois véhicules et plus - collisions multiples,2,2,2,0,1,2,1,0,1,80,,5,3,0,2,0,22.0,31.0,,,3,1,1,1,5
202100008881,2021-10-02 21:04:00,2021,10,2,21,4,29,29240,D47 - Lieu Dit les 3 Fontaines,48.26841676,-4.2384266853,Nuit sans éclairage public,Hors agglomération,Hors intersection,Pluie forte,Autre collision,3,2,2,0,1,1,2,0,3,80,,1,0,1,0,0,19.0,,,,3,1,1,3,6
202100008882,2021-11-07 10:45:00,2021,11,7,10,45,29,29069,Rue Laennec,48.425212,-4.560521,Plein jour,En agglomération,Intersection en X,Normale,Autre collision,4,4,2,2,1,1,1,0,1,50,,2,1,0,1,0,55.0,,,,1,2,2,1,6
202100008883,2021-11-08 15:00:00,2021,11,8,15,0,14,14100,Rue de Quilly,49.0504473312,-0.319895,Plein jour,En agglomération,Hors intersection,Normale,Deux véhicules - arrière,3,2,2,0,1,1,1,0,1,50,,2,1,0,0,1,51.0,37.0,,,1,2,1,1,2
202100008884,2021-11-09 07:30:00,2021,11,9,7,30,09,09285,D3,42.860043,1.198282,Crépuscule ou aube,En agglomération,Hors intersection,Normale,Autre collision,3,2,2,0,1,3,1,0,1,50,,1,0,1,0,0,51.0,,,,2,2,1,1,6
202100008885,2021-10-27 15:15:00,2021,10,27,15,15,45,45193,D108,47.78114,2.018598,Plein jour,Hors agglomération,Hors intersection,Temps éblouissant,Deux véhicules - côté,3,2,2,0,1,1,1,0,1,80,,2,1,0,0,1,73.0,75.0,,,1,1,1,7,3
202100008886,2021-11-09 16:15:00,2021,11,9,16,15,36,36018,2 Rue de Poitiers,46.630607,1.057461,Crépuscule ou aube,En agglomération,Hors intersection,Temps éblouissant,Autre collision,9,2,1,0,2,2,1,9,1,50,,3,1,0,1,1,42.0,,,,2,2,1,7,6
202100008887,2021-11-08 19:50:00,2021,11,8,19,50,07,07010,,45.24335,4.665044,Nuit avec éclairage allumé,En agglomération,Intersection en T,Normale,Deux véhicules - arrière,3,2,2,0,2,1,1,0,1,50,,3,1,0,0,2,54.0,17.0,,,5,2,3,1,2
202100008888,2021-06-29 09:30:00,2021,6,29,9,30,07,07058,Route de Largentiere,44.551332,4.31935,Plein jour,Hors agglomération,Intersection en Y,Normale,Deux véhicules - frontale,3,2,2,0,1,1,1,0,1,80,,2,1,1,0,0,43.0,18.0,,,1,1,4,1,1
202100008889,2021-10-03 14:30:00,2021,10,3,14,30,85,85047,la petite bénetière,46.805615,-1.800615,Plein jour,Hors agglomération,Intersection en T,Normale,Deux véhicules - côté,3,2,2,0,1,1,1,0,1,80,,2,1,0,1,0,64.0,31.0,,,1,1,3,1,3
202100008890,2021-11-08 07:30:00,2021,11,8,7,30,30,30336,RD2,43.865785,4.620287,Plein jour,Hors agglomération,Hors intersection,Normale,Trois véhicules et plus - en chaîne,3,2,2,0,1,1,1,0,1,80,,3,2,0,0,1,52.0,46.0,,,1,1,1,1,4
202100008891,2021-11-08 18:50:00,2021,11,8,18,50,973,97307,Route de Stoupan,4.80103,-52.362846,Nuit sans éclairage public,Hors agglomération,Autre intersection,Normale,Autre collision,3,2,2,0,1,1,1,0,1,80,,2,1,1,0,0,31.0,,,,3,1,9,1,6
202100008892,2021-11-08 18:38:00,2021,11,8,18,38,45,45073,A 19 - PK 038+000,48.03379,2.988367,Nuit sans éclairage public,Hors agglomération,Hors intersection,Normale,Autre collision,1,3,4,0,1,1,1,0,1,130,,1,0,0,1,0,56.0,,,,3,1,1,1,6
202100008893,2021-11-08 19:45:00,2021,11,8,19,45,49,49021,D347,47.442652,-0.240251,Nuit avec éclairage allumé,En agglomération,Giratoire,Normale,Deux véhicules - frontale,3,2,2,0,1,1,1,0,1,50,,3,2,0,1,0,28.0,28.0,,,5,2,6,1,1
202100008894,2021-11-09 00:35:00,2021,11,9,0,35,03,03158,"PK282+300, sens PARIS-Province Autoroute A71",46.499458,2.647366,Nuit sans éclairage public,Hors agglomération,Hors intersection,Normale,Sans collision,1,3,4,0,2,2,2,0,3,130,,3,0,0,0,3,48.0,,,,3,1,1,1,7
202100008895,2021-11-09 08:30:00,2021,11,9,8,30,34,34153,D68,43.7182010974,3.831497521,Plein jour,Hors agglomération,Hors intersection,Normale,Trois véhicules et plus - collisions multiples,3,2,2,0,1,1,1,0,1,80,,3,1,0,1,1,23.0,49.0,,,1,1,1,1,5
202100008896,2021-11-08 05:50:00,2021,11,8,5,50,74,74264,D1205,46.059861,6.562808,Nuit avec éclairage non allumé,Hors agglomération,Hors intersection,Normale,Deux véhicules - frontale,3,2,2,0,1,1,1,0,1,80,,2,1,0,1,0,54.0,46.0,,,4,1,1,1,1
202100008897,2021-11-08 09:20:00,2021,11,8,9,20,73,73296,Montée du Sarrasin,45.511369,6.921684,Plein jour,Hors agglomération,Hors intersection,Normale,Sans collision,4,2,2,0,2,1,7,0,1,50,,1,0,1,0,0,57.0,,,,1,1,1,1,7
202100008898,2021-11-09 05:40:00,2021,11,9,5,40,60,60369,A1,49.351957,2.701417,Nuit sans éclairage public,Hors agglomération,Hors intersection,Normale,Autre collision,1,1,3,0,1,1,1,0,1,130,,1,0,0,0,1,30.0,,,,3,1,1,1,6
202100008899,2021-11-08 15:30:00,2021,11,8,15,30,77,77333,A6,48.25887,2.725918,Plein jour,Hors agglomération,Hors intersection,Normale,Trois véhicules et plus - en chaîne,1,3,3,0,4,3,1,0,1,130,,3,2,0,0,1,87.0,50.0,,,1,1,1,1,4
202100008900,2021-11-09 14:50:00,2021,11,9,14,50,988,98811,RT1 - Avenue de LAPITA,-21.057795,164.850143,Plein jour,En agglomération,Hors intersection,Normale,Deux véhicules - frontale,2,2,2,0,1,1,1,0,1,50,,3,1,0,1,1,54.0,26.0,,,1,2,1,1,1
202100008901,2021-11-09 10:56:00,2021,11,9,10,56,974,97408,CD 41,-20.926951,55.344465,Nuit sans éclairage public,Hors agglomération,Hors intersection,Normale,Sans collision,3,2,2,0,1,1,1,0,1,70,,1,0,0,1,0,21.0,,,,3,1,1,1,7
202100008902,2021-11-08 18:00:00,2021,11,8,18,0,34,34022,D26e1,43.647457,4.012896,Nuit sans éclairage public,Hors agglomération,Intersection en T,Normale,Deux véhicules - côté,7,2,2,0,1,1,1,0,1,70,,2,1,0,0,1,54.0,36.0,,,3,1,3,1,3
202100008903,2021-11-09 10:29:00,2021,11,9,10,29,38,38507,Route de Crémieu,45.749401,5.206935,Plein jour,Hors agglomération,Hors intersection,Normale,Deux véhicules - côté,3,2,2,0,1,1,1,0,1,80,,2,1,1,0,0,26.0,78.0,,,1,1,1,1,3
202100008904,2021-11-08 17:40:00,2021,11,8,17,40,81,81195,RD50B,43.577515,2.222328,Crépuscule ou aube,Hors agglomération,Hors intersection,Normale,Sans collision,3,2,2,0,1,1,1,0,1,80,,5,1,1,0,3,25.0,,,,2,1,1,1,7
202100008905,2021-11-08 16:30:00,2021,11,8,16,30,76,76314,530 Route d Etainhus,49.571889,0.329433,Plein jour,En agglomération,Hors intersection,Normale,Deux véhicules - frontale,3,3,2,0,1,1,1,0,1,50,,2,1,0,1,0,28.0,28.0,,,1,2,1,1,1
202100008906,2021-11-09 13:00:00,2021,11,9,13,0,60,60139,D924,49.175467,2.239866,Plein jour,Hors agglomération,Hors intersection,Normale,Autre collision,3,2,2,0,1,3,1,0,1,80,,2,0,0,2,0,19.0,,,,1,1,1,1,6
202100008907,2021-11-09 09:00:00,2021,11,9,9,0,80,80785,D1c,49.895519,2.440118,Crépuscule ou aube,Hors agglomération,Hors intersection,Normale,Deux véhicules - arrière,3,2,2,0,1,1,1,0,1,80,,3,0,0,0,3,59.0,24.0,,,2,1,1,1,2
202100008908,2021-11-08 14:30:00,2021,11,8,14,30,13,13106,A51-Sens Aix en Provence vers Marseille,43.40303,5.35678,Plein jour,Hors agglomération,Hors intersection,Normale,Trois véhicules et plus - en chaîne,1,3,3,0,1,1,1,0,1,90,,4,3,0,0,1,65.0,30.0,,,1,1,1,1,4
202100008909,2021-11-08 09:31:00,2021,11,8,9,31,13,13005,A50-Sens Marseille vers Aubagne,43.288722,5.559893,Plein jour,Hors agglomération,Hors intersection,Normale,Deux véhicules - arrière,1,3,2,0,1,1,1,0,1,90,,3,1,0,0,2,37.0,46.0,,,1,1,1,1,2
202100008910,2021-11-07 05:55:00,2021,11,7,5,55,83,83144,A57,43.13444,5.98869,Nuit avec éclairage allumé,Hors agglomération,Hors intersection,Normale,Trois véhicules et plus - collisions multiples,1,3,4,0,1,1,2,8,1,70,,13,2,0,0,11,38.0,22.0,,,5,1,1,1,5
202100008911,2021-11-04 11:26:00,2021,11,4,11,26,69,69389,BPNL   34.614 A 36.285,45.77889,4.7955214,Plein jour,Hors agglomération,Hors intersection,Normale,Deux véhicules - côté,4,1,3,0,1,1,1,1,1,70,,2,1,0,0,1,24.0,49.0,,,1,1,1,1,3
202100008912,2021-11-08 15:00:00,2021,11,8,15,0,78,78242,A12 W,48.806844,2.051998,Plein jour,Hors agglomération,Hors intersection,Normale,Deux véhicules - arrière,1,3,2,0,1,1,1,1,1,90,,3,0,0,2,1,25.0,78.0,,,1,1,1,1,2
202100008913,2021-11-06 14:30:00,2021,11,6,14,30,92,92047,A13,48.8349273762,2.1744658284,Plein jour,Hors agglomération,Hors intersection,Normale,Trois véhicules et plus - collisions multiples,1,3,3,0,1,1,1,0,1,110,,12,10,1,1,0,24.0,27.0,,,1,1,1,1,5
202100008914,2021-11-05 13:02:00,2021,11,5,13,2,78,78133,A13,48.891884,2.009022,Plein jour,Hors agglomération,Hors intersection,Normale,Trois véhicules et plus - collisions multiples,1,3,2,0,2,1,1,0,1,110,,13,10,1,0,2,29.0,62.0,,,1,1,1,1,5
202100008915,2021-11-08 05:15:00,2021,11,8,5,15,93,93066,AUTOROUTE A1,48.9330286156,2.3763868249,Nuit sans éclairage public,Hors agglomération,Hors intersection,Normale,Autre collision,1,1,3,0,1,1,1,0,1,90,,2,1,0,0,1,54.0,31.0,,,3,1,1,1,6
202100008916,2021-11-06 04:30:00,2021,11,6,4,30,92,92036,AUTOROUTE A86,48.9383700387,2.3001401108,Nuit sans éclairage public,Hors agglomération,Hors intersection,Normale,Deux véhicules - arrière,1,1,6,0,3,1,1,0,1,90,,2,1,0,0,1,34.0,36.0,,,3,1,1,1,2
202100008917,2021-11-08 21:00:00,2021,11,8,21,0,94,94073,A86 INT,48.77098,2.38721,Nuit avec éclairage allumé,Hors agglomération,Hors intersection,Normale,Autre collision,1,1,3,0,1,1,1,1,1,90,,1,0,0,0,1,30.0,,,,5,1,1,1,6
202100008918,2021-05-31 21:20:00,2021,5,31,21,20,74,74010,LYCEE (BOULEVARD DU)(BROGNY A PARMELAN),45.906,6.1261,Crépuscule ou aube,En agglomération,Giratoire,Normale,Deux véhicules - côté,3,2,2,0,1,1,1,5,1,300,,2,1,0,0,1,36.0,33.0,,,2,2,6,1,3
202100008919,2021-05-30 14:10:00,2021,5,30,14,10,74,74010,BROGNY (AVENUE DE) (SECTEUR 110),45.9204,6.12561,Plein jour,En agglomération,Hors intersection,Normale,Deux véhicules - frontale,3,2,2,0,1,1,1,0,1,50,,4,1,0,1,2,33.0,37.0,,,1,2,1,1,1
202100008920,2021-05-22 12:10:00,2021,5,22,12,10,74,74010,Av de Periaz,45.873726,6.086994,Plein jour,En agglomération,Intersection en T,Normale,Deux véhicules - frontale,4,2,2,0,2,1,1,0,1,50,,2,1,0,0,1,58.0,61.0,,,1,2,3,1,1
202100008921,2021-05-12 14:00:00,2021,5,12,14,0,74,74281,HOTEL DIEU (RUE DE L'),46.36847,6.47852,Plein jour,En agglomération,Hors intersection,Normale,Autre collision,4,2,2,0,1,1,1,9,4,50,,2,1,0,1,0,78.0,,,,1,2,1,1,6
202100008922,2021-11-06 11:30:00,2021,11,6,11,30,29,29019,Rue Robespierre,48.4145,-4.4921,Plein jour,En agglomération,Hors intersection,Normale,Deux véhicules - côté,4,-1,2,0,2,2,1,0,4,50,,2,1,0,0,1,82.0,79.0,,,1,2,1,1,3
202100008923,2021-11-06 23:03:00,2021,11,6,23,3,974,97416,RECHERCHANT(RUE ADRIEN),-21.28415,55.47964,Nuit sans éclairage public,Hors agglomération,Hors intersection,Normale,Deux véhicules - côté,3,3,2,0,1,3,1,0,1,50,,2,1,0,0,1,28.0,55.0,,,3,1,1,1,3
202100008924,2021-11-07 20:50:00,2021,11,7,20,50,974,97416,LAMBRIQUET JOSEPH(RUE),-21.33086,55.48096,Nuit avec éclairage allumé,En agglomération,Intersection en X,Normale,Deux véhicules - côté,4,2,2,0,2,1,1,0,1,50,,2,1,0,0,1,27.0,26.0,,,5,2,2,1,3
202100008925,2021-11-06 20:15:00,2021,11,6,20,15,974,97409,MORIN(CHEMIN),-20.96966,55.64656,Nuit sans éclairage public,En agglomération,Hors intersection,Normale,Deux véhicules - frontale,4,2,2,0,1,3,1,0,1,50,,2,1,0,0,1,47.0,35.0,,,3,2,1,1,1
202100008926,2021-11-07 19:51:00,2021,11,7,19,51,973,97302,MANGO (ROUTE),4.9301389463,-52.3157991171,Nuit avec éclairage allumé,En agglomération,Hors intersection,Normale,Autre collision,4,2,2,0,1,1,1,9,1,50,,2,1,0,0,1,32.0,,,,5,2,1,1,6
202100008927,2021-11-07 19:40:00,2021,11,7,19,40,69,69386,TRONCHET (R),45.77045,4.85406,Nuit avec éclairage allumé,En agglomération,Intersection en X,Normale,Deux véhicules - côté,4,1,1,2,1,1,1,0,1,50,,2,1,0,0,1,21.0,18.0,,,5,2,2,1,3
202100008928,2021-11-07 18:45:00,2021,11,7,18,45,69,69386,BELGES (DES) (BD),45.7754,4.84691,Nuit avec éclairage allumé,En agglomération,Hors intersection,Normale,Trois véhicules et plus - en chaîne,4,2,2,3,1,1,1,0,1,50,,3,1,0,0,2,38.0,67.0,,,5,2,1,1,4
202100008929,2021-11-07 14:00:00,2021,11,7,14,0,69,69388,ETATS UNIS (DES) (BD),45.73713,4.8615,Plein jour,En agglomération,Intersection en X,Normale,Deux véhicules - arrière,4,2,4,3,1,1,1,0,1,50,,2,1,0,0,1,67.0,19.0,,,1,2,2,1,2
202100008930,2021-11-07 08:45:00,2021,11,7,8,45,69,69387,CHEVREUL (R),45.74955,4.83745,Plein jour,En agglomération,Intersection en X,Normale,Deux véhicules - côté,4,1,1,2,1,1,1,0,1,30,,4,2,0,0,2,58.0,60.0,,,1,2,2,1,3
202100008931,2021-11-07 03:45:00,2021,11,7,3,45,69,69385,PIERRE SCIZE (Q),45.76745,4.8254,Nuit avec éclairage allumé,En agglomération,Hors intersection,Normale,Autre collision,4,1,3,3,1,1,1,0,1,50,,1,0,0,1,0,23.0,,,,5,2,1,1,6
202100008932,2021-11-06 18:17:00,2021,11,6,18,17,971,97107,RUE DE GAMBETTA,16.0446466057,-61.5660148859,Nuit avec éclairage non allumé,En agglomération,Hors intersection,Normale,Deux véhicules - côté,4,2,2,0,2,1,1,0,1,30,,2,1,0,0,1,37.0,,,,4,2,1,1,3
202100008933,2021-11-07 09:15:00,2021,11,7,9,15,91,91457,N 449,48.5734,2.25906,Plein jour,Hors agglomération,Autre intersection,Autre,Autre collision,3,2,2,0,1,1,2,0,1,80,,1,0,0,1,0,44.0,,,,1,1,9,9,6
202100008934,2021-11-07 03:40:00,2021,11,7,3,40,81,81065,TOULOUSE RN 126 (RTE DE),43.5892120076,2.1953909396,Nuit sans éclairage public,En agglomération,Hors intersection,Normale,Autre collision,2,3,4,0,1,1,1,0,3,90,,1,0,0,0,1,41.0,,,,3,2,1,1,6
202100008935,2021-11-06 17:30:00,2021,11,6,17,30,77,77350,11 Rue Robert Schuman,48.7653778774,2.6869316234,Crépuscule ou aube,En agglomération,Hors intersection,Normale,Deux véhicules - côté,4,2,2,0,1,1,1,0,1,50,,2,1,0,0,1,69.0,17.0,,,2,2,1,1,3
202100008936,2021-11-06 11:20:00,2021,11,6,11,20,77,77037,VERDUN (RUE DES),48.471,2.70015,Plein jour,En agglomération,Intersection en T,Normale,Deux véhicules - côté,4,-1,2,0,1,1,1,0,1,50,,2,1,0,0,1,61.0,57.0,,,1,2,3,1,3
202100008937,2021-11-07 20:00:00,2021,11,7,20,0,76,76231,POUSSIN. RUE NICOLAS,49.285994,1.003411,Nuit avec éclairage allumé,En agglomération,Intersection en T,Normale,Deux véhicules - côté,4,2,2,0,1,1,1,0,1,50,,2,1,0,0,1,34.0,,,,5,2,3,1,3