accident_id,datetime,annee,mois,jour,heure,minute,departement,commune_insee,adresse,latitude,longitude,luminosite,agglomeration,intersection,meteo,collision,catr,circ,nbv,vosp,prof,plan,surf,infra,situ,vma,nb_vehicules,nb_usagers,nb_indemnes,nb_tues,nb_blesses_hosp,nb_blesses_legers,age_cond_1,age_cond_2,veh_type_cond_1,veh_type_cond_2,lum_code,agg_code,int_code,atm_code,col_code
202100008938,2021-11-07 07:00:00,2021,11,7,7,0,76,76540,PARIS. QUAI DE,49.43666,1.09974,Nuit avec éclairage allumé,En agglomération,Hors intersection,Normale,Deux véhicules - arrière,7,2,4,0,1,1,2,-1,1,50,,2,1,0,0,1,19.0,26.0,,,5,2,1,1,2
202100008939,2021-11-07 19:15:00,2021,11,7,19,15,74,74281,CARNOT (BOULEVARD),46.37091,6.47811,Nuit avec éclairage allumé,En agglomération,Hors intersection,Normale,Deux véhicules - côté,4,1,1,0,2,1,1,0,1,50,,2,1,0,0,1,,29.0,,,5,2,1,1,3
202100008940,2021-11-07 19:50:00,2021,11,7,19,50,69,69290,PROVENCE (DE) (R),45.69413,4.9235,Nuit avec éclairage allumé,En agglomération,Intersection en T,Normale,Deux véhicules - arrière,4,2,4,0,1,1,1,0,1,50,,2,1,0,0,1,34.0,42.0,,,5,2,3,1,2
202100008941,2021-11-06 16:30:00,2021,11,6,16,30,69,69290,GRENOBLE (DE) (RTE),45.71421,4.96619,Crépuscule ou aube,En agglomération,Hors intersection,Normale,Deux véhicules - arrière,7,2,4,0,1,1,1,0,1,70,,3,2,0,0,1,51.0,55.0,,,2,2,1,1,2
202100008942,2021-11-07 15:40:00,2021,11,7,15,40,64,64445,MONTARDON DE,43.3287014994,-0.3675216436,Plein jour,En agglomération,Intersection en X,Normale,Deux véhicules - côté,4,-1,2,0,1,1,1,0,1,50,,2,1,0,0,1,29.0,25.0,,,1,2,2,1,3
202100008943,2021-11-06 18:40:00,2021,11,6,18,40,64,64102,BOUFFLERS (ALLEES),43.49294,-1.47229,Nuit avec éclairage allumé,En agglomération,Hors intersection,Normale,Deux véhicules - côté,4,2,3,0,1,1,1,0,1,50,,2,1,0,0,1,24.0,25.0,,,5,2,1,1,3
202100008944,2021-11-07 20:30:00,2021,11,7,20,30,59,59599,GAMBETTA (BOULEVARD),50.71501,3.15862,Nuit avec éclairage allumé,En agglomération,Hors intersection,Normale,Deux véhicules - côté,7,2,2,1,1,1,1,0,1,50,,2,1,0,0,1,38.0,29.0,,,5,2,1,1,3
202100008945,2021-11-07 02:45:00,2021,11,7,2,45,59,59090,GAULLE (AVENUE DU GENERAL DE),50.71943,3.10936,Nuit avec éclairage allumé,En agglomération,Giratoire,Pluie légère,Autre collision,7,3,2,0,1,1,2,0,1,30,,2,1,0,0,1,29.0,,,,5,2,6,2,6
202100008946,2021-10-25 08:40:00,2021,10,25,8,40,59,59350,CHEVALIER FRANCAIS RUE DU,50.64406,3.0872,Crépuscule ou aube,En agglomération,Hors intersection,Normale,Deux véhicules - côté,4,1,0,0,1,1,1,0,1,50,,2,1,0,0,1,,30.0,,,2,2,1,1,3
202100008947,2021-11-06 12:30:00,2021,11,6,12,30,59,59183,MENDES FRANCE - BOULEVARD,51.0399323811,2.4055460257,Plein jour,En agglomération,Hors intersection,Normale,Sans collision,3,2,2,0,1,1,1,0,1,50,,2,1,0,1,0,20.0,,,,1,2,1,1,7
202100008948,2021-11-07 03:30:00,2021,11,7,3,30,37,37261,CHURCHILL (BOULEVARD WINSTON),47.37362,0.67906,Nuit avec éclairage allumé,En agglomération,Giratoire,Normale,Autre collision,4,3,2,0,1,1,1,9,1,50,,2,1,1,0,0,,,,,5,2,6,1,6
202100008949,2021-11-07 22:50:00,2021,11,7,22,50,35,35281,ROCADE 11-12,48.09454,-1.71007,Nuit sans éclairage public,Hors agglomération,Hors intersection,Normale,Autre collision,2,3,4,0,1,1,1,9,1,90,,2,1,0,0,1,28.0,,,,3,1,1,1,6
202100008950,2021-11-07 06:40:00,2021,11,7,6,40,35,35281,MERMOZ (BD JEAN),48.09631,-1.6927,Nuit avec éclairage allumé,En agglomération,Intersection en X,Pluie légère,Deux véhicules - arrière,4,2,2,0,1,1,2,5,1,50,,2,1,0,0,1,22.0,52.0,,,5,2,2,2,2
202100008951,2021-11-07 15:30:00,2021,11,7,15,30,33,33069,Avenue de Tivoli,44.86853,-0.59726,Plein jour,En agglomération,Giratoire,Normale,Deux véhicules - côté,4,2,2,0,1,1,1,0,1,50,,3,1,0,0,2,17.0,44.0,,,1,2,6,1,3
202100008952,2021-11-07 18:50:00,2021,11,7,18,50,29,29019,D112 - Pen Ar Chleuz,48.416,-4.47925,Nuit avec éclairage allumé,Hors agglomération,Hors intersection,Pluie légère,Trois véhicules et plus - en chaîne,7,2,4,0,1,1,2,0,1,90,,5,4,0,0,1,20.0,47.0,,,5,1,1,2,4
202100008953,2021-11-07 16:45:00,2021,11,7,16,45,13,13202,BASSINS DE RADOUB (BOULEVARD DES),43.31994,5.36231,Crépuscule ou aube,En agglomération,Hors intersection,Temps couvert,Deux véhicules - côté,4,2,4,0,1,1,1,0,1,50,,5,2,0,0,3,65.0,30.0,,,2,2,1,8,3
202100008954,2021-11-07 12:50:00,2021,11,7,12,50,13,13209,VALLON DE TOULOUSE (RUE),43.26,5.415,Plein jour,En agglomération,Intersection en X,Normale,Deux véhicules - côté,4,1,3,0,1,1,1,3,1,50,,4,0,0,1,3,30.0,22.0,,,1,2,2,1,3
202100008955,2021-11-07 12:10:00,2021,11,7,12,10,13,13201,HENRI BARBUSSE (RUE),43.29831,5.37402,Plein jour,En agglomération,Hors intersection,Normale,Deux véhicules - frontale,4,2,2,0,2,1,1,0,1,50,,2,1,0,0,1,,,,,1,2,1,1,1
202100008956,2021-11-06 16:20:00,2021,11,6,16,20,13,13211,SAINT LOUP (BOULEVARD DE),43.2834921354,5.4341131621,Plein jour,En agglomération,Hors intersection,Normale,Deux véhicules - côté,4,2,2,0,1,1,1,0,1,50,,2,1,0,1,0,88.0,,,,1,2,1,1,3
202100008957,2021-11-06 23:40:00,2021,11,6,23,40,13,13047,RD 569,43.53527,4.97584,Nuit sans éclairage public,Hors agglomération,Hors intersection,Normale,Deux véhicules - frontale,7,2,1,0,1,1,1,0,1,80,,2,0,0,0,2,23.0,,,,3,1,1,1,1
202100008958,2021-11-06 23:20:00,2021,11,6,23,20,13,13001,GARDANNE (ROUTE DE ),43.48310585,5.4157390101,Nuit sans éclairage public,En agglomération,Hors intersection,Normale,Sans collision,7,2,2,0,2,2,1,3,1,50,,2,0,0,2,0,20.0,,,,3,2,1,1,7
202100008959,2021-11-05 11:00:00,2021,11,5,11,0,04,04070,Parking Résidence Fontainebleau,44.08703,6.22901,Plein jour,En agglomération,Hors intersection,Normale,Autre collision,5,-1,0,0,1,1,1,9,8,10,,2,1,0,1,0,53.0,,,,1,2,1,1,6
202100008960,2021-11-06 18:55:00,2021,11,6,18,55,01,01283,CLEMENCEAU (RUE G. DU 1-2 AU16-17),46.2554,5.65385,Nuit avec éclairage allumé,En agglomération,Intersection en X,Normale,Trois véhicules et plus - collisions multiples,3,2,1,0,2,1,1,0,1,50,,9,5,0,1,3,22.0,42.0,,,5,2,2,1,5
202100008961,2021-11-07 23:00:00,2021,11,7,23,0,01,01053,KENNEDY BVD J  - IMPAIR DE DIMES A CROIX,46.20545,5.24255,Nuit avec éclairage allumé,En agglomération,Hors intersection,Temps couvert,Deux véhicules - côté,3,2,4,0,1,2,2,9,1,50,,3,0,0,0,3,26.0,23.0,,,5,2,1,8,3
202100008962,2021-11-06 19:35:00,2021,11,6,19,35,75,75120,AVENUE DE LA PORTE DE VINCENNES,48.846705,2.415823,Nuit avec éclairage allumé,En agglomération,Intersection à plus de 4 branches,Normale,Deux véhicules - côté,4,3,4,0,1,1,1,0,1,30,,3,2,0,0,1,61.0,42.0,,,5,2,5,1,3
202100008963,2021-11-07 15:45:00,2021,11,7,15,45,75,75119,PLACE DE LA BATAILLE DE STALINGRAD,48.883018,2.369588,Plein jour,En agglomération,Place,Normale,Deux véhicules - arrière,4,1,1,1,1,3,1,-1,5,30,,2,1,0,0,1,47.0,23.0,,,1,2,7,1,2
202100008964,2021-11-07 17:55:00,2021,11,7,17,55,75,75118,BOULEVARD NEY,48.897901,2.339277,Crépuscule ou aube,En agglomération,Intersection en Y,Normale,Autre collision,4,1,4,2,1,1,1,-1,5,50,,2,1,0,0,1,18.0,,,,2,2,4,1,6
202100008965,2021-11-07 18:25:00,2021,11,7,18,25,75,75117,AVENUE DE LA GRANDE ARMEE,48.876966,2.285552,Nuit avec éclairage allumé,En agglomération,Intersection en Y,Normale,Sans collision,4,2,5,0,1,1,1,0,1,30,,2,1,0,0,1,32.0,52.0,,,5,2,4,1,7
202100008966,2021-11-07 11:32:00,2021,11,7,11,32,75,75116,AVENUE DE VERSAILLES,48.841689,2.266865,Plein jour,En agglomération,Intersection en T,Normale,Deux véhicules - côté,4,3,3,3,1,1,1,0,1,50,,2,1,0,0,1,,34.0,,,1,2,3,1,3
202100008967,2021-11-06 16:10:00,2021,11,6,16,10,75,75113,AVENUE DE LA PORTE DE VITRY,48.82297,2.377809,Plein jour,En agglomération,Intersection en T,Temps couvert,Deux véhicules - côté,4,2,2,1,1,1,1,-1,5,30,,2,1,0,0,1,25.0,81.0,,,1,2,3,8,3
202100008968,2021-11-07 16:50:00,2021,11,7,16,50,75,75112,ROUTE DOM PERIGNON,48.828123,2.409682,Crépuscule ou aube,En agglomération,Hors intersection,Normale,Deux véhicules - côté,4,2,1,0,1,1,1,0,1,30,,2,1,0,0,1,28.0,10.0,,,2,2,1,1,3
202100008969,2021-11-07 01:30:00,2021,11,7,1,30,75,75112,BOULEVARD PONIATOWSKI,48.82919,2.390262,Nuit avec éclairage allumé,En agglomération,Intersection en T,Normale,Deux véhicules - côté,4,2,2,0,1,1,1,0,1,50,,2,1,0,0,1,25.0,,,,5,2,3,1,3
202100008970,2021-11-06 10:30:00,2021,11,6,10,30,75,75108,PLACE DE CLICHY,48.883593,2.327179,Plein jour,En agglomération,Place,Normale,Deux véhicules - côté,4,2,2,0,1,1,1,0,1,30,,2,1,0,0,1,27.0,,,,1,2,7,1,3
202100008971,2021-11-07 22:45:00,2021,11,7,22,45,75,75103,BOULEVARD DE SEBASTOPOL,48.865242,2.351978,Nuit avec éclairage allumé,En agglomération,Intersection en X,Normale,Deux véhicules - côté,4,1,3,1,1,1,1,0,1,30,,2,1,0,0,1,29.0,40.0,,,5,2,2,1,3
202100008972,2021-11-07 15:20:00,2021,11,7,15,20,94,94076,MAXIME GORKI (BD),48.79436,2.36904,Plein jour,En agglomération,Hors intersection,Normale,Deux véhicules - arrière,3,-1,0,0,1,1,1,0,1,50,,2,1,0,0,1,25.0,48.0,,,1,2,1,1,2
202100008973,2021-11-07 10:30:00,2021,11,7,10,30,94,94033,Avenue Louison Bobet,48.85238,2.48632,Plein jour,En agglomération,Hors intersection,Pluie légère,Deux véhicules - côté,3,3,4,2,1,1,2,0,1,50,,2,1,0,0,1,19.0,39.0,,,1,2,1,2,3
202100008974,2021-11-07 14:15:00,2021,11,7,14,15,93,93071,LEON JOUHAUX (AVENUE),48.93331,2.53333,Plein jour,En agglomération,Hors intersection,Normale,Deux véhicules - frontale,4,2,2,0,1,1,1,0,1,30,,4,3,0,0,1,57.0,34.0,,,1,2,1,1,1
202100008975,2021-11-07 11:40:00,2021,11,7,11,40,93,93064,Rue Jules Ferry,48.87539,2.47777,Plein jour,En agglomération,Autre intersection,Normale,Trois véhicules et plus - en chaîne,3,2,2,0,2,1,2,0,1,50,,5,3,0,0,2,,53.0,,,1,2,9,1,4
202100008976,2021-11-07 21:50:00,2021,11,7,21,50,93,93010,GALLIENI (AV.) DE 177 A 211,48.90724,2.48811,Nuit avec éclairage allumé,En agglomération,Intersection à plus de 4 branches,Normale,Deux véhicules - côté,3,3,4,0,1,1,1,5,8,50,,2,1,0,0,1,36.0,,,,5,2,5,1,3
202100008977,2021-11-07 16:00:00,2021,11,7,16,0,92,92046,JULES FERRY (AVENUE),48.819235656,2.2978538275,Plein jour,En agglomération,Intersection en X,Normale,Deux véhicules - côté,3,2,0,0,1,1,1,0,1,50,,2,1,0,0,1,12.0,60.0,,,1,2,2,1,3
202100008978,2021-11-07 18:05:00,2021,11,7,18,5,92,92019,MONNET CLAUDE (RUE),48.77086,2.28507,Nuit avec éclairage allumé,En agglomération,Hors intersection,Normale,Autre collision,4,2,2,0,1,1,1,0,1,50,,2,1,0,1,0,35.0,,,,5,2,1,1,6
202100008979,2021-11-06 22:47:00,2021,11,6,22,47,92,92012,PIERRE LEFAUCHEUX (AVENUE),48.8256965819,2.2389335381,Nuit avec éclairage allumé,En agglomération,Hors intersection,Normale,Sans collision,4,2,2,0,1,4,1,0,1,50,,1,0,0,1,0,22.0,,,,5,2,1,1,7
202100008980,2021-11-07 17:50:00,2021,11,7,17,50,92,92007,RAVERA (AVENUE HENRI) N° 1 A 109 ET 2 A,48.7980748783,2.3033201694,Nuit avec éclairage allumé,En agglomération,Hors intersection,Normale,Autre collision,3,-1,2,0,1,1,1,0,1,50,,2,1,0,1,0,24.0,,,,5,2,1,1,6
202100008981,2021-11-07 13:20:00,2021,11,7,13,20,92,92007,JAURES (AVENUE JEAN) N° 1 ET 2 A 24,48.8040313708,2.3031458259,Plein jour,En agglomération,Hors intersection,Normale,Autre collision,3,2,2,0,1,1,1,0,1,50,,1,0,0,0,1,17.0,,,,1,2,1,1,6
202100008982,2021-11-05 16:45:00,2021,11,5,16,45,31,31454,D3,43.411951,1.117282,Crépuscule ou aube,En agglomération,Hors intersection,Normale,Autre collision,3,2,2,0,1,1,1,0,1,50,,2,1,0,1,0,80.0,,,,2,2,1,1,6
202100008983,2021-10-22 16:10:00,2021,10,22,16,10,83,83148,4 avenue du président Wilson,43.427171,6.431111,Plein jour,En agglomération,Hors intersection,Normale,Autre collision,3,2,2,0,1,1,1,0,1,50,,2,1,0,0,1,67.0,,,,1,2,1,1,6
202100008984,2021-11-06 10:10:00,2021,11,6,10,10,63,63358,Lieu Dit Chamalet,46.056742,3.06084,Plein jour,En agglomération,Intersection en Y,Normale,Deux véhicules - frontale,4,2,1,0,2,1,1,0,1,50,,3,2,0,0,1,23.0,41.0,,,1,2,4,1,1
202100008985,2021-11-07 13:25:00,2021,11,7,13,25,79,79150,,46.134386,0.1768,Plein jour,Hors agglomération,Hors intersection,Pluie légère,Deux véhicules - côté,2,3,4,0,1,1,2,0,1,110,,3,1,0,2,0,49.0,22.0,,,1,1,1,2,3
202100008986,2021-11-07 19:15:00,2021,11,7,19,15,58,58303,Autoroute A77 PK 149+950,47.032373,3.152518,Nuit sans éclairage public,Hors agglomération,Hors intersection,Temps couvert,Deux véhicules - arrière,1,3,4,0,1,1,1,0,1,130,,2,0,0,2,0,50.0,69.0,,,3,1,1,8,2
202100008987,2021-11-07 17:30:00,2021,11,7,17,30,62,62870,127 route nationale,50.404608,1.725241,Crépuscule ou aube,En agglomération,Intersection en X,Normale,Deux véhicules - frontale,3,2,2,0,1,2,1,0,1,50,,2,1,0,0,1,19.0,21.0,,,2,2,2,1,1
202100008988,2021-11-08 08:55:00,2021,11,8,8,55,66,66028,Rue du 19 Mars 1962,42.680393,2.934602,Plein jour,En agglomération,Hors intersection,Temps éblouissant,Autre collision,4,2,2,0,1,1,1,0,1,50,,2,1,0,1,0,81.0,,,,1,2,1,7,6
202100008989,2021-11-08 16:00:00,2021,11,8,16,0,51,51146,D5,48.893682,4.236351,Plein jour,Hors agglomération,Intersection en X,Normale,Deux véhicules - côté,3,2,2,0,1,1,1,0,1,80,,2,1,0,0,1,21.0,73.0,,,1,1,2,1,3
202100008990,2021-11-07 14:30:00,2021,11,7,14,30,56,56033,Le Bois Faux,47.827145,-2.098839,Plein jour,Hors agglomération,Intersection en X,Normale,Deux véhicules - côté,4,2,2,0,1,1,1,0,1,80,,6,0,0,0,6,49.0,37.0,,,1,1,2,1,3
202100008991,2021-11-08 06:58:00,2021,11,8,6,58,79,79347,24 Route de la Berthonnière,46.693938,-0.272945,Crépuscule ou aube,Hors agglomération,Hors intersection,Brouillard / fumée,Deux véhicules - frontale,4,2,2,0,1,1,1,0,1,80,,3,2,0,1,0,21.0,69.0,,,2,1,1,5,1
202100008992,2021-11-05 21:30:00,2021,11,5,21,30,33,33108,Lieu Dit le Mounan D936,44.858732,-0.016828,Nuit sans éclairage public,Hors agglomération,Hors intersection,Normale,Deux véhicules - arrière,3,2,2,0,1,1,1,0,1,80,,4,0,0,1,3,48.0,48.0,,,3,1,1,1,2
202100008993,2021-11-07 11:20:00,2021,11,7,11,20,11,11010,D52,42.9587,2.220638,Plein jour,Hors agglomération,Hors intersection,Normale,Autre collision,3,2,2,0,1,2,1,0,1,80,,2,0,0,1,1,40.0,,,,1,1,1,1,6
202100008994,2021-11-07 23:20:00,2021,11,7,23,20,61,61081,Le Bourg Chailloue,48.655125,0.193934,Nuit avec éclairage allumé,En agglomération,Hors intersection,Normale,Autre collision,3,3,2,0,1,3,1,0,3,50,,1,0,0,1,0,34.0,,,,5,2,1,1,6
202100008995,2021-11-08 16:45:00,2021,11,8,16,45,55,55072,D908,49.163659,5.632306,Crépuscule ou aube,Hors agglomération,Hors intersection,Normale,Sans collision,3,2,2,0,1,1,1,0,3,80,,1,0,0,1,0,31.0,,,,2,1,1,1,7
202100008996,2021-11-07 16:06:00,2021,11,7,16,6,42,42067,Route du Pilât,45.344009,4.603261,Plein jour,Hors agglomération,Hors intersection,Autre,Sans collision,3,2,2,0,2,3,1,0,1,80,,1,0,0,0,1,19.0,,,,1,1,1,9,7
202100008997,2021-10-30 19:30:00,2021,10,30,19,30,46,46185,D840 - PK/PR : 72+200,44.919416,1.630182,Nuit sans éclairage public,Hors agglomération,Hors intersection,Temps couvert,Sans collision,3,2,2,0,1,1,2,0,1,-1,,2,1,0,0,1,21.0,,,,3,1,1,8,7
202100008998,2021-11-07 18:30:00,2021,11,7,18,30,58,58032,D16,47.482583,3.401942,Nuit sans éclairage public,Hors agglomération,Autre intersection,Pluie légère,Autre collision,3,2,2,0,2,3,2,0,3,80,,3,0,0,3,0,51.0,,,,3,1,9,2,6
202100008999,2021-11-08 08:45:00,2021,11,8,8,45,54,54449,d914,48.5732601181,6.4800801853,Plein jour,En agglomération,Intersection en T,Brouillard / fumée,Autre collision,3,2,2,0,1,1,1,0,1,70,,5,3,0,1,1,63.0,62.0,,,1,2,3,5,6
202100009000,2021-10-13 17:00:00,2021,10,13,17,0,14,14740,1795 Route des Monts,49.005073,0.396569,Plein jour,Hors agglomération,Hors intersection,Normale,Deux véhicules - frontale,3,2,2,0,1,1,1,0,1,80,,2,1,0,0,1,46.0,55.0,,,1,1,1,1,1
202100009001,2021-11-08 18:35:00,2021,11,8,18,35,05,05036,N94,44.622396,6.536393,Nuit sans éclairage public,Hors agglomération,Hors intersection,Normale,Deux véhicules - frontale,2,2,2,0,2,2,1,9,1,80,,2,0,0,2,0,37.0,52.0,,,3,1,1,1,1
202100009002,2021-11-08 02:10:00,2021,11,8,2,10,05,05123,Rd 994,44.562084,5.924635,Nuit sans éclairage public,Hors agglomération,Hors intersection,Normale,Deux véhicules - frontale,3,2,2,0,1,1,1,0,1,90,,3,0,2,0,1,44.0,35.0,,,3,1,1,1,1
202100009003,2021-11-08 15:30:00,2021,11,8,15,30,60,60525,D554,49.2759506813,2.7373361885,Plein jour,Hors agglomération,Hors intersection,Temps éblouissant,Sans collision,3,2,2,0,4,3,1,0,3,80,,1,0,0,0,1,54.0,,,,1,1,1,7,7
202100009004,2021-11-08 11:20:00,2021,11,8,11,20,60,60584,2 Rue Groupe Manouchian,49.2146201246,2.4072052864,Plein jour,En agglomération,Hors intersection,Normale,Deux véhicules - frontale,4,2,2,0,2,3,1,0,1,50,,4,2,0,0,2,45.0,47.0,,,1,2,1,1,1
202100009005,2021-11-08 07:50:00,2021,11,8,7,50,64,64259,route départementale 22,43.29206,-1.241047,Crépuscule ou aube,Hors agglomération,Hors intersection,Temps couvert,Deux véhicules - côté,3,2,2,0,2,2,2,0,1,80,,2,1,1,0,0,19.0,49.0,,,2,1,1,8,3
202100009006,2021-11-08 11:05:00,2021,11,8,11,5,64,64256,10 chemin Antsoenia,43.384345,-1.317576,Plein jour,En agglomération,Hors intersection,Normale,Deux véhicules - côté,4,2,2,0,2,2,1,0,1,50,,2,1,0,1,0,43.0,75.0,,,1,2,1,1,3
202100009007,2021-11-07 15:30:00,2021,11,7,15,30,64,64532,D16,43.557055,-0.201466,Plein jour,Hors agglomération,Hors intersection,Normale,Sans collision,3,2,2,0,3,2,1,0,3,80,,1,0,0,1,0,45.0,,,,1,1,1,1,7
202100009008,2021-11-07 20:15:00,2021,11,7,20,15,18,18082,Les rossignols,46.948402,3.04538,Nuit sans éclairage public,Hors agglomération,Hors intersection,Temps couvert,Autre collision,3,2,2,0,1,1,2,0,3,90,,1,0,0,1,0,39.0,,,,3,1,1,8,6
202100009009,2021-11-07 14:00:00,2021,11,7,14,0,07,07181,route départementale 86,44.733427,4.739957,Plein jour,Hors agglomération,Hors intersection,Normale,Deux véhicules - frontale,3,2,2,0,1,1,1,0,1,70,,2,1,0,0,1,65.0,60.0,,,1,1,1,1,1
202100009010,2021-11-06 16:00:00,2021,11,6,16,0,53,53125,RD 134,48.479859,-1.037897,Plein jour,Hors agglomération,Hors intersection,Normale,Deux véhicules - côté,3,2,2,0,1,1,1,0,3,80,,2,1,1,0,0,29.0,31.0,,,1,1,1,1,3
202100009011,2021-11-05 16:50:00,2021,11,5,16,50,40,40317,Avenue du Général de Gaulle,43.686884,-1.334799,Crépuscule ou aube,En agglomération,Intersection en Y,Normale,Deux véhicules - frontale,3,2,2,0,1,3,1,5,1,50,,2,1,0,0,1,64.0,33.0,,,2,2,4,1,1
202100009012,2021-11-07 21:30:00,2021,11,7,21,30,28,28046,route départementale  117.7,48.691258,0.89589,Nuit sans éclairage public,Hors agglomération,Hors intersection,Normale,Sans collision,3,2,2,0,2,4,1,0,8,80,,1,0,0,1,0,20.0,,,,3,1,1,1,7
202100009013,2021-10-29 17:00:00,2021,10,29,17,0,87,87041,Rue des Remparts,46.131267,1.277965,Plein jour,En agglomération,Autre intersection,Temps couvert,Deux véhicules - frontale,3,2,2,0,2,1,1,2,8,50,,1,0,0,1,0,63.0,,,,1,2,9,8,1
202100009014,2021-11-08 17:15:00,2021,11,8,17,15,48,48092,avenue du 19 mars 1962,44.559205,3.291913,Crépuscule ou aube,En agglomération,Intersection en X,Normale,Deux véhicules - côté,3,2,2,0,4,1,1,0,1,50,,5,3,0,0,2,18.0,64.0,,,2,2,2,1,3
202100009015,2021-11-08 07:45:00,2021,11,8,7,45,95,95392,38 Grande Rue,49.080026,2.205725,Crépuscule ou aube,En agglomération,Hors intersection,Normale,Deux véhicules - côté,3,2,2,0,1,1,1,0,1,50,,3,2,0,0,1,52.0,39.0,,,2,2,1,1,3
202100009016,2021-11-08 13:45:00,2021,11,8,13,45,69,69244,CLARISSES (DES) (RDPT),45.765789,4.751675,Plein jour,En agglomération,Giratoire,Normale,Deux véhicules - côté,7,1,1,0,1,2,1,9,1,50,,2,1,0,1,0,67.0,19.0,,,1,2,6,1,3
202100009017,2021-11-08 07:20:00,2021,11,8,7,20,79,79189,,46.408274,-0.144539,Crépuscule ou aube,Hors agglomération,Hors intersection,Normale,Trois véhicules et plus - collisions multiples,1,3,4,0,2,1,1,0,1,130,,5,4,0,1,0,52.0,59.0,,,2,1,1,1,5
202100009018,2021-11-06 02:55:00,2021,11,6,2,55,68,68118,A35 PK 106+000,47.730423,7.427141,Nuit sans éclairage public,Hors agglomération,Hors intersection,Brouillard / fumée,Deux véhicules - arrière,1,3,4,0,1,1,1,0,1,130,,4,3,0,0,1,24.0,24.0,,,3,1,1,5,2
202100009019,2021-11-04 20:00:00,2021,11,4,20,0,62,62224,A26,50.53661,2.546752,Nuit sans éclairage public,Hors agglomération,Hors intersection,Pluie forte,Trois véhicules et plus - collisions multiples,1,3,4,0,1,1,2,0,1,110,,4,2,0,2,0,28.0,52.0,,,3,1,1,3,5
202100009020,2021-11-07 21:00:00,2021,11,7,21,0,57,57119,RN4 PK18+500 sortie ABRESCHVILLER,48.718248,7.050519,Nuit sans éclairage public,Hors agglomération,Autre intersection,Temps couvert,Sans collision,2,1,1,0,2,3,2,0,3,70,,2,1,0,0,1,21.0,,,,3,1,9,8,7
202100009021,2021-11-06 08:00:00,2021,11,6,8,0,57,57320,route nationale 4,48.691113,6.956626,Nuit sans éclairage public,Hors agglomération,Hors intersection,Pluie légère,Autre collision,2,3,4,0,1,1,2,0,1,110,,3,0,0,1,2,21.0,,,,3,1,1,2,6
202100009022,2021-11-07 20:50:00,2021,11,7,20,50,34,34240,A709,43.631175,3.967953,Nuit sans éclairage public,Hors agglomération,Hors intersection,Normale,Deux véhicules - arrière,1,1,4,0,1,1,1,0,1,90,,2,1,0,0,1,44.0,23.0,,,3,1,1,1,2
202100009023,2021-11-08 07:33:00,2021,11,8,7,33,45,45020,"A10, PK 115+800",47.840382,1.673956,Crépuscule ou aube,Hors agglomération,Hors intersection,Normale,Trois véhicules et plus - collisions multiples,1,3,3,0,1,1,1,0,1,130,,5,2,0,0,3,41.0,36.0,,,2,1,1,1,5
202100009024,2021-11-08 09:05:00,2021,11,8,9,5,95,95580,RD 16,49.091578,2.531469,Plein jour,Hors agglomération,Hors intersection,Normale,Deux véhicules - côté,3,2,2,0,2,1,1,0,1,80,,2,1,0,1,0,44.0,34.0,,,1,1,1,1,3
202100009025,2021-11-04 16:10:00,2021,11,4,16,10,971,97116,Chemin de Brion Lebraire,16.33068,-61.458284,Plein jour,En agglomération,Hors intersection,Normale,Autre collision,3,2,2,0,2,1,1,0,1,50,,2,1,0,1,0,69.0,,,,1,2,1,1,6
202100009026,2021-11-06 18:10:00,2021,11,6,18,10,45,45324,Route de Jargeau,47.813291,2.171162,Nuit sans éclairage public,Hors agglomération,Hors intersection,Normale,Sans collision,3,2,2,0,1,1,1,0,3,80,,1,0,0,1,0,48.0,,,,3,1,1,1,7
202100009027,2021-10-31 18:00:00,2021,10,31,18,0,30,30206,D127,43.898944,4.422641,Nuit sans éclairage public,En agglomération,Hors intersection,Normale,Trois véhicules et plus - collisions multiples,3,2,2,0,2,3,1,0,1,50,,4,2,0,1,1,67.0,34.0,,,3,2,1,1,5
202100009028,2021-11-07 15:45:00,2021,11,7,15,45,13,13030,D8n,43.266214,5.674042,Plein jour,Hors agglomération,Hors intersection,Normale,Autre collision,7,2,2,0,2,2,1,0,3,80,,2,0,0,2,0,39.0,,,,1,1,1,1,6
202100009029,2021-11-06 08:45:00,2021,11,6,8,45,13,13004,N568,43.625763,4.748154,Plein jour,Hors agglomération,Intersection en X,Normale,Deux véhicules - côté,2,3,2,0,1,1,1,5,1,90,,2,1,0,1,0,50.0,69.0,,,1,1,2,1,3
202100009030,2021-11-07 10:25:00,2021,11,7,10,25,13,13110,Route de Peynier,43.449729,5.670147,Plein jour,Hors agglomération,Intersection en T,Normale,Deux véhicules - côté,7,2,2,0,1,1,1,0,1,80,,2,1,0,1,0,54.0,49.0,,,1,1,3,1,3
202100009031,2021-11-07 06:10:00,2021,11,7,6,10,88,88044,D74,48.2829334931,5.6419354677,Nuit sans éclairage public,Hors agglomération,Hors intersection,Normale,Sans collision,3,2,2,0,1,1,1,0,1,90,,1,0,0,1,0,18.0,,,,3,1,1,1,7