accident_id,datetime,annee,mois,jour,heure,minute,departement,commune_insee,adresse,latitude,longitude,luminosite,agglomeration,intersection,meteo,collision,catr,circ,nbv,vosp,prof,plan,surf,infra,situ,vma,nb_vehicules,nb_usagers,nb_indemnes,nb_tues,nb_blesses_hosp,nb_blesses_legers,age_cond_1,age_cond_2,veh_type_cond_1,veh_type_cond_2,lum_code,agg_code,int_code,atm_code,col_code
202100009032,2021-11-03 18:00:00,2021,11,3,18,0,38,38247,Grande Rue,45.811968,5.403256,Nuit sans éclairage public,En agglomération,Hors intersection,Pluie légère,Deux véhicules - frontale,3,2,2,0,1,1,2,0,1,50,,2,1,0,1,0,17.0,23.0,,,3,2,1,2,1
202100009033,2021-11-07 15:50:00,2021,11,7,15,50,69,69090,BRUYERES (DES) (RTE),45.91899,4.62915,Plein jour,Hors agglomération,Autre intersection,Normale,Autre collision,4,2,1,0,2,1,2,0,8,5,,1,0,0,1,0,34.0,,,,1,1,9,1,6
202100009034,2021-09-05 01:30:00,2021,9,5,1,30,09,09242,route de raissac 09,42.938486,1.825962,Nuit sans éclairage public,Hors agglomération,Hors intersection,Normale,Autre collision,3,2,2,0,2,1,1,0,1,80,,1,0,0,1,0,23.0,,,,3,1,1,1,6
202100009035,2021-11-06 17:00:00,2021,11,6,17,0,33,33273,Avenue du Colonel Pierre Bourgoin,44.842238,-0.768233,Plein jour,En agglomération,Giratoire,Normale,Deux véhicules - côté,4,2,2,2,1,3,1,9,5,50,,2,1,0,1,0,72.0,33.0,,,1,2,6,1,3
202100009036,2021-11-08 08:00:00,2021,11,8,8,0,60,60363,Départementale 153,49.1988870166,1.8801555628,Plein jour,Hors agglomération,Hors intersection,Normale,Deux véhicules - frontale,3,2,2,0,1,1,1,0,1,80,,3,1,0,0,2,41.0,51.0,,,1,1,1,1,1
202100009037,2021-11-07 13:20:00,2021,11,7,13,20,13,13019,A51-Sens Aix en Provence vers Marseille,43.42729,5.3835,Plein jour,Hors agglomération,Hors intersection,Normale,Deux véhicules - côté,1,-1,3,0,1,1,1,0,1,90,,3,2,0,0,1,30.0,19.0,,,1,1,1,1,3
202100009038,2021-11-06 07:33:00,2021,11,6,7,33,13,13071,A55 - Sens Marseille vers Martigues,43.39,5.29,Crépuscule ou aube,Hors agglomération,Hors intersection,Normale,Deux véhicules - arrière,1,-1,4,0,2,1,1,0,1,110,,4,0,0,0,4,20.0,58.0,,,2,1,1,1,2
202100009039,2021-11-05 17:45:00,2021,11,5,17,45,13,13001,A51-Sens Marseille vers Aix en Provence,43.51148,5.42164,Nuit sans éclairage public,Hors agglomération,Hors intersection,Normale,Trois véhicules et plus - collisions multiples,1,1,4,3,1,1,1,3,1,90,,3,2,0,1,0,53.0,24.0,,,3,1,1,1,5
202100009040,2021-11-05 12:46:00,2021,11,5,12,46,13,13071,A7-Sens Marseille vers Lyon,43.41429,5.27968,Plein jour,Hors agglomération,Hors intersection,Normale,Deux véhicules - arrière,1,-1,3,0,1,1,1,0,3,110,,3,1,0,0,2,42.0,47.0,,,1,1,1,1,2
202100009041,2021-11-02 19:04:00,2021,11,2,19,4,13,13019,A51-Sens Marseille vers Aix en Provence,43.424343,5.375447,Nuit sans éclairage public,Hors agglomération,Hors intersection,Normale,Deux véhicules - arrière,1,-1,3,0,1,1,1,0,1,90,,4,3,0,0,1,62.0,24.0,,,3,1,1,1,2
202100009042,2021-11-04 23:47:00,2021,11,4,23,47,13,13056,A55-Sens Marseille vers Martigues,43.40269,5.04242,Nuit sans éclairage public,Hors agglomération,Hors intersection,Vent fort / tempête,Trois véhicules et plus - collisions multiples,1,3,3,0,1,1,1,2,1,70,,5,2,0,0,3,29.0,23.0,,,3,1,1,6,5
202100009043,2021-11-06 11:05:00,2021,11,6,11,5,67,67365,M35,48.53403,7.69944,Plein jour,Hors agglomération,Hors intersection,Normale,Autre collision,7,3,3,0,1,1,1,0,1,90,,1,0,0,0,1,54.0,,,,1,1,1,1,6
202100009044,2021-11-07 21:50:00,2021,11,7,21,50,33,33318,Rocade Sud Ouest A630 -E14-,44.790092,-0.645369,Nuit avec éclairage non allumé,Hors agglomération,Hors intersection,Pluie légère,Autre collision,1,1,1,0,1,3,2,3,1,50,,1,0,0,0,1,20.0,,,,4,1,1,2,6
202100009045,2021-11-07 19:20:00,2021,11,7,19,20,94,94003,AUTOROUTE A6A,48.80943,2.33918,Nuit avec éclairage allumé,Hors agglomération,Hors intersection,Normale,Deux véhicules - arrière,1,1,3,0,1,1,1,0,1,70,,4,3,0,0,1,36.0,66.0,,,5,1,1,1,2
202100009046,2021-11-07 16:35:00,2021,11,7,16,35,94,94034,AUTOROUTE A86,48.75719,2.32983,Plein jour,Hors agglomération,Hors intersection,Normale,Deux véhicules - arrière,1,1,2,0,1,1,1,1,1,70,,5,2,0,0,3,54.0,37.0,,,1,1,1,1,2
202100009047,2021-11-07 13:05:00,2021,11,7,13,5,91,91434,AUTOROUTE A6,48.66565,2.36281,Plein jour,Hors agglomération,Hors intersection,Normale,Trois véhicules et plus - en chaîne,1,3,3,0,1,1,1,0,1,70,,5,3,0,0,2,34.0,34.0,,,1,1,1,1,4
202100009048,2021-11-07 10:20:00,2021,11,7,10,20,91,91521,RN 449,48.6355,2.4015,Plein jour,Hors agglomération,Hors intersection,Pluie légère,Deux véhicules - côté,2,1,3,0,1,1,2,3,1,70,,2,1,0,0,1,19.0,42.0,,,1,1,1,2,3
202100009049,2021-11-07 02:13:00,2021,11,7,2,13,77,77495,AUTOROUTE A5A,48.5946664119,2.6147641651,Nuit sans éclairage public,Hors agglomération,Autre intersection,Normale,Autre collision,1,1,6,0,1,3,1,3,3,70,,1,0,0,0,1,26.0,,,,3,1,9,1,6
202100009050,2021-11-06 23:00:00,2021,11,6,23,0,78,78646,RN12,48.792283,2.091662,Nuit avec éclairage non allumé,Hors agglomération,Hors intersection,Normale,Deux véhicules - arrière,2,3,6,0,1,1,1,0,1,110,,5,2,0,0,3,33.0,30.0,,,4,1,1,1,2
202100009051,2021-11-06 17:22:00,2021,11,6,17,22,92,92064,A13,48.8396033998,2.2123667999,Nuit avec éclairage allumé,Hors agglomération,Hors intersection,Normale,Trois véhicules et plus - en chaîne,1,1,4,0,3,1,1,1,1,70,,6,4,0,0,2,26.0,51.0,,,5,1,1,1,4
202100009052,2021-11-07 21:40:00,2021,11,7,21,40,95,95491,A115,49.00118,2.24619,Nuit sans éclairage public,Hors agglomération,Hors intersection,Normale,Deux véhicules - arrière,1,3,6,0,1,1,1,0,2,110,,3,0,0,0,3,37.0,25.0,,,3,1,1,1,2
202100009053,2021-11-07 19:30:00,2021,11,7,19,30,93,93066,AUTOROUTE A86,48.926535,2.337346,Nuit sans éclairage public,Hors agglomération,Hors intersection,Normale,Deux véhicules - arrière,1,-1,3,0,1,1,1,0,1,90,,3,2,0,1,0,36.0,22.0,,,3,1,1,1,2
202100009054,2021-11-07 13:00:00,2021,11,7,13,0,95,95488,A15,49.02298,2.13455,Plein jour,Hors agglomération,Hors intersection,Normale,Deux véhicules - côté,1,-1,6,0,1,1,1,0,1,110,,2,1,0,0,1,41.0,40.0,,,1,1,1,1,3
202100009055,2021-11-07 14:10:00,2021,11,7,14,10,93,93048,AUTOROUTE A3,48.8713,2.4324,Plein jour,Hors agglomération,Hors intersection,Normale,Trois véhicules et plus - en chaîne,1,1,4,0,1,1,1,0,1,90,,4,2,0,0,2,18.0,24.0,,,1,1,1,1,4
202100009056,2021-11-07 12:15:00,2021,11,7,12,15,93,93078,AUTOROUTE A104,48.9585723695,2.5335434729,Plein jour,Hors agglomération,Hors intersection,Pluie légère,Sans collision,1,3,6,0,1,1,2,0,1,110,,1,0,0,0,1,38.0,,,,1,1,1,2,7
202100009057,2021-11-07 05:00:00,2021,11,7,5,0,92,92036,AUTOROUTE A15,48.9492053212,2.2806984183,Nuit sans éclairage public,Hors agglomération,Hors intersection,Pluie légère,Deux véhicules - arrière,1,-1,8,0,1,1,2,0,1,110,,2,1,0,0,1,31.0,25.0,,,3,1,1,2,2
202100009058,2021-11-06 20:40:00,2021,11,6,20,40,95,95424,A15,48.990877,2.194055,Nuit sans éclairage public,Hors agglomération,Hors intersection,Normale,Autre collision,1,-1,6,0,1,1,1,0,1,110,,1,0,0,0,1,23.0,,,,3,1,1,1,6
202100009059,2021-11-06 18:30:00,2021,11,6,18,30,93,93005,AUTOROUTE A3,48.963685,2.473966,Nuit avec éclairage allumé,Hors agglomération,Autre intersection,Normale,Trois véhicules et plus - en chaîne,1,-1,10,0,1,1,1,0,1,90,,4,3,0,0,1,40.0,58.0,,,5,1,9,1,4
202100009060,2021-11-06 11:40:00,2021,11,6,11,40,38,38185,VIZILLE (AVENUE DE),45.18575,5.71676,Plein jour,En agglomération,Hors intersection,Normale,Autre collision,4,1,1,1,1,1,1,0,1,30,,2,1,0,1,0,56.0,,,,1,2,1,1,6
202100009061,2021-11-06 17:45:00,2021,11,6,17,45,91,91286,VLAMINCK (RUE),48.65581,2.39258,Crépuscule ou aube,En agglomération,Hors intersection,Normale,Autre collision,4,2,2,0,2,1,1,0,1,50,,2,1,0,0,1,28.0,,,,2,2,1,1,6
202100009062,2021-11-06 18:36:00,2021,11,6,18,36,971,97113,RN4 - SECTION RIVIERA,16.2177308443,-61.491959095,Crépuscule ou aube,En agglomération,Hors intersection,Normale,Autre collision,2,2,3,0,1,1,1,0,1,50,,2,0,0,0,2,26.0,,,,2,2,1,1,6
202100009063,2021-11-05 20:40:00,2021,11,5,20,40,37,37122,LAC (AVENUE DU),47.3499535957,0.6403023005,Nuit avec éclairage allumé,En agglomération,Hors intersection,Normale,Autre collision,4,2,2,0,4,3,1,9,1,50,,2,1,0,1,0,,,,,5,2,1,1,6
202100009064,2021-11-03 20:20:00,2021,11,3,20,20,14,14220,Rue Auguste Decaens,49.35576,0.08823,Nuit avec éclairage allumé,En agglomération,Hors intersection,Normale,Autre collision,3,2,4,0,1,2,1,0,1,50,,2,0,0,0,2,20.0,,,,5,2,1,1,6
202100009065,2021-11-07 04:50:00,2021,11,7,4,50,988,98818,RUE DE PAPEETE,-22.24688,166.44613,Plein jour,En agglomération,Hors intersection,Normale,Sans collision,4,2,2,0,1,1,1,0,1,50,,2,0,0,0,2,29.0,,,,1,2,1,1,7
202100009066,2021-11-05 21:00:00,2021,11,5,21,0,976,97611,passamanty-Vahibé ( route ),-12.80098,45.20699,Nuit avec éclairage allumé,En agglomération,Hors intersection,Normale,Deux véhicules - côté,3,2,2,0,1,1,1,0,1,50,,2,0,0,0,2,25.0,23.0,,,5,2,1,1,3
202100009067,2021-11-05 09:46:00,2021,11,5,9,46,973,97302,MARINGOUINS (ROND-POINT),4.9078050347,-52.3224298955,Plein jour,Hors agglomération,Giratoire,Normale,Deux véhicules - côté,2,2,2,0,1,2,1,0,1,50,,2,1,0,0,1,32.0,27.0,,,1,1,6,1,3
202100009068,2021-11-05 21:50:00,2021,11,5,21,50,973,97302,FELIX EBOUE(ROCADE),4.92864,-52.31668,Nuit sans éclairage public,En agglomération,Autre intersection,Pluie légère,Deux véhicules - côté,3,2,4,0,1,1,2,8,1,50,,2,1,0,0,1,52.0,,,,3,2,9,2,3
202100009069,2021-11-06 14:30:00,2021,11,6,14,30,69,69259,11 NOVEMBRE 1918 (DU) (AV),45.69082,4.86601,Plein jour,En agglomération,Intersection en X,Normale,Deux véhicules - côté,4,2,2,1,1,1,1,0,1,50,,2,1,0,0,1,61.0,60.0,,,1,2,2,1,3
202100009070,2021-11-06 06:15:00,2021,11,6,6,15,69,69387,GALLIENI (PT),45.7481780475,4.8326164484,Nuit avec éclairage allumé,En agglomération,Hors intersection,Normale,Deux véhicules - arrière,4,2,5,1,1,1,1,2,1,50,,2,1,0,0,1,,39.0,,,5,2,1,1,2
202100009071,2021-11-05 21:05:00,2021,11,5,21,5,972,97209,CHATEAUBOEUF (ROUTE DE),14.61846,-61.04564,Nuit avec éclairage allumé,En agglomération,Hors intersection,Normale,Autre collision,3,2,2,0,2,1,1,0,1,50,,2,0,1,1,0,20.0,,,,5,2,1,1,6
202100009072,2021-11-05 06:30:00,2021,11,5,6,30,971,97101,Rue des Orangers,16.29181,-61.49203,Plein jour,En agglomération,Intersection en X,Normale,Deux véhicules - côté,4,2,2,0,1,1,1,0,1,50,,2,1,0,0,1,23.0,52.0,,,1,2,2,1,3
202100009073,2021-11-01 21:45:00,2021,11,1,21,45,95,95288,MONTMAGNY (RUE DE),48.98326,2.35444,Nuit avec éclairage allumé,En agglomération,Hors intersection,Pluie légère,Deux véhicules - frontale,3,2,2,0,1,1,2,0,1,50,,3,2,0,1,0,48.0,21.0,,,5,2,1,2,1
202100009074,2021-11-06 17:02:00,2021,11,6,17,2,95,95210,DEPART (RUE DU),48.9748505939,2.3044561969,Crépuscule ou aube,En agglomération,Intersection en T,Normale,Deux véhicules - côté,4,2,2,0,1,1,1,0,1,50,,3,1,0,0,2,20.0,18.0,,,2,2,3,1,3
202100009075,2021-11-06 14:05:00,2021,11,6,14,5,91,91432,RUE DE SAVIGNY,48.700926,2.334746,Plein jour,En agglomération,Intersection en X,Normale,Deux véhicules - côté,4,2,2,0,1,1,1,9,3,50,,2,1,0,0,1,25.0,34.0,,,1,2,2,1,3
202100009076,2021-11-05 16:20:00,2021,11,5,16,20,83,83123,DOCTEUR RAPHAEL BOYER,43.11629,5.790967,Plein jour,En agglomération,Intersection en T,Normale,Deux véhicules - frontale,4,2,2,0,1,1,1,0,1,50,,3,2,0,1,0,34.0,45.0,,,1,2,3,1,1
202100009077,2021-11-05 13:00:00,2021,11,5,13,0,79,79191,Avenue Saint Jean d’Angely,46.31033,-0.46565,Plein jour,En agglomération,Intersection en X,Normale,Deux véhicules - côté,3,2,3,0,1,1,1,5,1,50,,3,0,0,0,3,19.0,56.0,,,1,2,2,1,3
202100009078,2021-11-06 19:30:00,2021,11,6,19,30,76,76540,EUROPE. BOULEVARD DE L',49.4282,1.08098,Nuit avec éclairage allumé,En agglomération,Intersection en X,Normale,Deux véhicules - côté,4,2,4,0,1,1,1,4,1,50,,2,1,0,0,1,17.0,30.0,,,5,2,2,1,3
202100009079,2021-11-05 18:30:00,2021,11,5,18,30,76,76322,SATIE. RUE ERIK,49.40703,1.04593,Nuit avec éclairage allumé,En agglomération,Hors intersection,Temps couvert,Autre collision,4,2,2,0,1,1,1,0,1,30,,2,1,0,0,1,51.0,,,,5,2,1,8,6
202100009080,2021-11-03 06:25:00,2021,11,3,6,25,74,74118,SAINT-JULIEN (ROUTE DE),46.17518,6.22145,Nuit avec éclairage allumé,En agglomération,Intersection en T,Pluie légère,Sans collision,3,3,2,0,1,1,2,0,1,50,,2,1,0,0,1,36.0,36.0,,,5,2,3,2,7
202100009081,2021-11-06 21:55:00,2021,11,6,21,55,71,71040,THIBOURINS (CHEMIN DES),46.684,4.408,Nuit sans éclairage public,Hors agglomération,Hors intersection,Normale,Autre collision,4,2,2,0,1,1,1,0,3,50,,3,0,0,2,1,22.0,,,,3,1,1,1,6
202100009082,2021-11-05 18:50:00,2021,11,5,18,50,71,71270,Rue de Sancé,46.3168773246,4.8330379906,Nuit avec éclairage allumé,En agglomération,Intersection en T,Normale,Deux véhicules - côté,3,2,2,1,1,1,1,0,1,50,,2,1,0,0,1,49.0,,,,5,2,3,1,3
202100009083,2021-11-05 14:00:00,2021,11,5,14,0,69,69256,EMILE ZOLA (R),45.77737,4.9197,Plein jour,En agglomération,Intersection en X,Normale,Deux véhicules - côté,4,2,2,3,1,1,1,0,1,50,,2,1,0,0,1,24.0,17.0,,,1,2,2,1,3
202100009084,2021-11-06 23:15:00,2021,11,6,23,15,67,67180,STRASBOURG (ROUTE DE),48.80938,7.78066,Nuit avec éclairage allumé,En agglomération,Autre intersection,Normale,Deux véhicules - frontale,3,2,2,0,1,1,1,0,1,50,,4,3,0,1,0,47.0,23.0,,,5,2,9,1,1
202100009085,2021-11-01 09:45:00,2021,11,1,9,45,62,62193,BOSSUET (Rue),50.954041,1.872014,Plein jour,En agglomération,Intersection en T,Normale,Deux véhicules - côté,4,2,2,0,1,1,1,0,1,50,,2,1,0,0,1,58.0,45.0,,,1,2,3,1,3
202100009086,2021-11-06 20:00:00,2021,11,6,20,0,60,60057,Avenue Jean Moulin,49.43451,2.1057,Nuit avec éclairage allumé,En agglomération,Intersection en X,Normale,Sans collision,4,2,-1,0,1,1,1,0,1,50,,2,1,0,0,1,25.0,,,,5,2,2,1,7
202100009087,2021-11-06 06:20:00,2021,11,6,6,20,59,59352,HAUTEVALLE (ROUTE),50.73799,3.08812,Nuit sans éclairage public,En agglomération,Hors intersection,Normale,Autre collision,7,2,2,1,1,2,1,0,1,50,,1,0,0,1,0,19.0,,,,3,2,1,1,6
202100009088,2021-11-06 08:50:00,2021,11,6,8,50,59,59512,GUESDE (RUE JULES),50.684446,3.183222,Plein jour,En agglomération,Intersection en X,Normale,Deux véhicules - côté,4,2,2,0,1,1,1,0,1,50,,3,2,0,0,1,36.0,31.0,,,1,2,2,1,3
202100009089,2021-11-06 05:30:00,2021,11,6,5,30,59,59350,HUGO VICTOR  BVD N°104 - 294,50.6203826455,3.0559868414,Nuit avec éclairage allumé,En agglomération,Hors intersection,Normale,Deux véhicules - arrière,4,3,1,0,1,1,1,0,1,50,,2,0,0,0,2,28.0,21.0,,,5,2,1,1,2
202100009090,2021-11-06 14:40:00,2021,11,6,14,40,54,54578,AIGUILLETTES  (BD 5A A 17A),48.670147,6.158659,Plein jour,En agglomération,Hors intersection,Normale,Deux véhicules - arrière,4,2,4,0,1,1,1,0,1,50,,4,3,0,0,1,42.0,55.0,,,1,2,1,1,2
202100009091,2021-11-06 20:45:00,2021,11,6,20,45,45,45235,BATE (RUE DE LA),47.932029,1.816912,Nuit sans éclairage public,Hors agglomération,Hors intersection,Normale,Autre collision,4,2,2,0,2,2,1,0,8,70,,1,0,0,1,0,23.0,,,,3,1,1,1,6
202100009092,2021-11-06 18:30:00,2021,11,6,18,30,45,45234,Place Domremy,47.88966,1.90521,Nuit sans éclairage public,En agglomération,Place,Normale,Autre collision,4,1,1,0,1,1,1,0,1,50,,2,1,0,0,1,82.0,,,,3,2,7,1,6
202100009093,2021-11-06 14:00:00,2021,11,6,14,0,44,44109,LUCE ( RTE DE SAINTE ),47.23568,-1.51895,Plein jour,En agglomération,Hors intersection,Normale,Deux véhicules - côté,4,2,0,2,1,1,1,0,1,50,,3,1,0,1,1,58.0,30.0,,,1,2,1,1,3
202100009094,2021-11-06 17:45:00,2021,11,6,17,45,38,38185,QUAI DE FRANCE,45.19351,5.72172,Crépuscule ou aube,En agglomération,Hors intersection,Normale,Deux véhicules - côté,4,2,2,0,1,1,1,0,1,30,,4,1,0,0,3,69.0,,,,2,2,1,1,3
202100009095,2021-11-06 00:10:00,2021,11,6,0,10,37,37233,DUCLOS (AVENUE JACQUES),47.3774486418,0.7155228406,Nuit avec éclairage allumé,En agglomération,Hors intersection,Normale,Deux véhicules - frontale,4,3,4,0,1,1,1,0,1,50,,2,1,0,1,0,52.0,29.0,,,5,2,1,1,1
202100009096,2021-11-06 02:40:00,2021,11,6,2,40,37,37233,BONNIN (AVENUE JEAN),47.3957377514,0.7107000083,Nuit avec éclairage allumé,En agglomération,Giratoire,Normale,Deux véhicules - frontale,4,1,4,0,1,2,1,5,1,50,,2,1,0,0,1,39.0,41.0,,,5,2,6,1,1
202100009097,2021-11-02 16:56:00,2021,11,2,16,56,34,34172,BABOTE (SQUARE DE LA),43.60624,3.87736,Plein jour,En agglomération,Intersection en X,Normale,Autre collision,4,1,2,0,1,1,1,5,1,50,,2,1,0,0,1,19.0,,,,1,2,2,1,6
202100009098,2021-11-06 11:00:00,2021,11,6,11,0,34,34172,CARRIEU (RUE MARIUS),43.61632,3.84114,Plein jour,En agglomération,Intersection en X,Normale,Deux véhicules - côté,4,2,2,0,2,2,1,0,1,50,,2,1,0,1,0,35.0,53.0,,,1,2,2,1,3
202100009099,2021-10-23 13:20:00,2021,10,23,13,20,33,33249,Quai Numa Sensine,44.87605,-0.53524,Plein jour,En agglomération,Hors intersection,Normale,Deux véhicules - arrière,4,2,4,0,1,1,1,0,1,50,,2,1,0,0,1,17.0,51.0,,,1,2,1,1,2
202100009100,2021-11-06 06:47:00,2021,11,6,6,47,33,33063,Rue du Bocage,44.852,-0.5997,Crépuscule ou aube,En agglomération,Hors intersection,Normale,Autre collision,4,2,2,0,1,1,2,0,1,50,,2,1,0,1,0,30.0,,,,2,2,1,1,6
202100009101,2021-11-06 07:00:00,2021,11,6,7,0,31,31555,AV DES ETATS UNIS,43.6596032539,1.4183306694,Nuit avec éclairage allumé,En agglomération,Hors intersection,Normale,Deux véhicules - arrière,7,3,2,0,1,1,1,0,1,50,,2,1,0,0,1,30.0,48.0,,,5,2,1,1,2
202100009102,2021-11-06 12:50:00,2021,11,6,12,50,27,27229,CONCHES (ROUTE DE),49.0191861,1.1187111,Plein jour,En agglomération,Intersection en T,Normale,Deux véhicules - arrière,3,2,3,0,1,1,1,0,1,50,,3,1,0,0,2,75.0,50.0,,,1,2,3,1,2
202100009103,2021-10-21 05:58:00,2021,10,21,5,58,25,25462,FEE VERTE DE LA,46.90976,6.33377,Nuit avec éclairage allumé,En agglomération,Hors intersection,Normale,Autre collision,4,1,1,0,1,2,1,9,4,50,,1,0,1,0,0,55.0,,,,5,2,1,1,6
202100009104,2021-11-06 15:15:00,2021,11,6,15,15,17,17461,ROYAN (DE),45.643619,-1.050481,Plein jour,En agglomération,Hors intersection,Normale,Deux véhicules - côté,4,2,2,0,1,1,1,0,1,50,,2,1,0,0,1,77.0,75.0,,,1,2,1,1,3
202100009105,2021-11-06 01:40:00,2021,11,6,1,40,17,17300,06 PK RN237 RE MOULIN JUSTICE,46.174658,-1.17843,Nuit sans éclairage public,Hors agglomération,Autre intersection,Normale,Autre collision,2,3,2,0,1,3,1,3,1,90,,4,1,0,0,3,23.0,,,,3,1,9,1,6
202100009106,2021-11-07 02:20:00,2021,11,7,2,20,14,14118,D79,49.20669,-0.3766,Nuit avec éclairage allumé,En agglomération,Hors intersection,Normale,Sans collision,3,1,2,0,1,1,1,0,1,50,,1,0,0,0,1,21.0,,,,5,2,1,1,7
202100009107,2021-11-06 14:40:00,2021,11,6,14,40,14,14137,BAYEUX (ROUTE DE ),49.18895,-0.41866,Plein jour,En agglomération,Hors intersection,Normale,Deux véhicules - frontale,3,2,2,0,1,1,1,0,1,50,,3,0,0,0,3,20.0,28.0,,,1,2,1,1,1
202100009108,2021-11-06 09:15:00,2021,11,6,9,15,14,14101,N814,49.1849,-0.4256,Plein jour,Hors agglomération,Hors intersection,Normale,Sans collision,2,1,4,0,2,3,1,3,3,110,,1,0,0,0,1,55.0,,,,1,1,1,1,7
202100009109,2021-11-06 20:50:00,2021,11,6,20,50,13,13203,PARIS (BOULEVARD DE),43.30876,5.37084,Nuit avec éclairage allumé,En agglomération,Intersection en X,Normale,Deux véhicules - arrière,4,1,3,3,1,1,1,0,1,50,,2,1,0,0,1,25.0,,,,5,2,2,1,2
202100009110,2021-11-06 17:16:00,2021,11,6,17,16,13,13201,BRETEUIL (RUE)  1 A 17,43.2925,5.37493,Plein jour,En agglomération,Hors intersection,Normale,Deux véhicules - frontale,4,1,2,0,2,1,1,0,1,50,,2,1,0,0,1,,,,,1,2,1,1,1
202100009111,2021-11-06 06:15:00,2021,11,6,6,15,13,13203,ROGER SALENGRO (AVENUE),43.3155548643,5.3698672884,Nuit sans éclairage public,En agglomération,Hors intersection,Normale,Deux véhicules - côté,4,2,2,0,2,1,1,0,1,50,,2,1,0,0,1,30.0,41.0,,,3,2,1,1,3
202100009112,2021-11-06 05:15:00,2021,11,6,5,15,13,13028,ROVARCH (AVENUE PIERRE),43.19233,5.60831,Nuit avec éclairage allumé,En agglomération,Hors intersection,Normale,Autre collision,7,1,2,0,1,1,1,0,1,50,,1,0,0,1,0,54.0,,,,5,2,1,1,6
202100009113,2021-11-05 07:30:00,2021,11,5,7,30,13,13004,AV DES ARCHES,43.66506,4.6471,Plein jour,En agglomération,Giratoire,Normale,Deux véhicules - côté,3,1,2,0,1,2,1,5,1,50,,2,1,0,1,0,31.0,31.0,,,1,2,6,1,3
202100009114,2021-11-02 16:14:00,2021,11,2,16,14,12,12013,POUDRIERE(COTE DE LA),44.52958,2.2425,Plein jour,En agglomération,Hors intersection,Pluie légère,Autre collision,3,2,2,0,2,2,2,0,1,50,,1,0,0,0,1,26.0,,,,1,2,1,2,6
202100009115,2021-11-06 04:30:00,2021,11,6,4,30,10,10387,LOMBARDS (AVENUE),48.278344352,4.0670143068,Nuit avec éclairage allumé,En agglomération,Giratoire,Normale,Autre collision,3,-1,2,0,1,1,1,0,4,50,,1,0,0,0,1,51.0,,,,5,2,6,1,6
202100009116,2021-11-06 17:55:00,2021,11,6,17,55,75,75114,PORTE D ORLEANS,48.817844,2.334024,Nuit avec éclairage allumé,En agglomération,Hors intersection,Normale,Deux véhicules - côté,4,1,2,0,1,1,1,0,1,70,,3,1,0,0,2,60.0,,,,5,2,1,1,3
202100009117,2021-11-04 19:19:00,2021,11,4,19,19,75,75116,PORTE D AUTEUIL,48.847335,2.254069,Crépuscule ou aube,En agglomération,Intersection en Y,Normale,Deux véhicules - arrière,4,1,4,0,1,1,2,1,1,70,,3,2,0,0,1,63.0,24.0,,,2,2,4,1,2
202100009118,2021-11-06 01:50:00,2021,11,6,1,50,75,75116,PLACE CHARLES DE GAULLE,48.873294,2.295539,Nuit avec éclairage allumé,En agglomération,Place,Normale,Deux véhicules - côté,4,1,5,0,1,2,1,0,1,50,,2,1,0,0,1,24.0,23.0,,,5,2,7,1,3
202100009119,2021-11-06 11:10:00,2021,11,6,11,10,75,75113,AVENUE DE LA PORTE D IVRY,48.820272,2.371818,Plein jour,En agglomération,Intersection en T,Normale,Deux véhicules - côté,4,2,4,0,1,1,1,0,1,30,,2,1,0,0,1,23.0,40.0,,,1,2,3,1,3
202100009120,2021-11-06 00:55:00,2021,11,6,0,55,75,75113,QUAI D AUSTERLITZ,48.84025,2.370215,Nuit avec éclairage allumé,En agglomération,Hors intersection,Normale,Sans collision,4,2,4,1,2,1,1,-1,5,30,,1,0,0,0,1,29.0,,,,5,2,1,1,7
202100009121,2021-11-06 08:30:00,2021,11,6,8,30,75,75111,AVENUE PARMENTIER,48.866671,2.373495,Plein jour,En agglomération,Intersection en X,Normale,Deux véhicules - côté,4,2,2,0,1,1,1,0,1,50,,2,1,0,0,1,26.0,58.0,,,1,2,2,1,3
202100009122,2021-11-06 17:10:00,2021,11,6,17,10,75,75108,RUE LA BOETIE,48.873935,2.315896,Nuit avec éclairage allumé,En agglomération,Intersection en X,Normale,Deux véhicules - côté,4,1,3,3,1,1,1,0,1,30,,3,1,0,0,2,19.0,44.0,,,5,2,2,1,3
202100009123,2021-11-06 14:05:00,2021,11,6,14,5,75,75108,RUE LA BOETIE,48.873379,2.312639,Plein jour,En agglomération,Hors intersection,Normale,Deux véhicules - côté,4,1,3,3,1,1,1,-1,6,30,,3,2,0,0,1,16.0,57.0,,,1,2,1,1,3
202100009124,2021-11-06 11:00:00,2021,11,6,11,0,94,94078,ANATOLE FRANCE (AV),48.7435569009,2.4522421359,Plein jour,En agglomération,Hors intersection,Normale,Deux véhicules - côté,4,2,2,1,1,1,1,0,1,50,,2,1,0,0,1,,,,,1,2,1,1,3
202100009125,2021-11-06 12:00:00,2021,11,6,12,0,94,94068,Avenue Jeanne d’Arc,48.79487,2.50342,Plein jour,En agglomération,Intersection en Y,Normale,Deux véhicules - côté,4,3,2,0,1,1,1,0,1,30,,2,1,0,0,1,25.0,,,,1,2,4,1,3
202100009126,2021-11-05 21:20:00,2021,11,5,21,20,94,94076,Avenue de Fontainebleau,48.80715,2.36314,Nuit avec éclairage allumé,En agglomération,Intersection en X,Normale,Deux véhicules - côté,3,2,2,0,1,1,1,0,1,50,,2,1,0,0,1,54.0,33.0,,,5,2,2,1,3