accident_id,datetime,annee,mois,jour,heure,minute,departement,commune_insee,adresse,latitude,longitude,luminosite,agglomeration,intersection,meteo,collision,catr,circ,nbv,vosp,prof,plan,surf,infra,situ,vma,nb_vehicules,nb_usagers,nb_indemnes,nb_tues,nb_blesses_hosp,nb_blesses_legers,age_cond_1,age_cond_2,veh_type_cond_1,veh_type_cond_2,lum_code,agg_code,int_code,atm_code,col_code
202100009127,2021-11-06 05:25:00,2021,11,6,5,25,94,94038,ARISTIDE BRIAND (AV),48.78141,2.33424,Nuit avec éclairage allumé,En agglomération,Hors intersection,Normale,Deux véhicules - côté,3,-1,2,0,2,3,1,0,1,50,,1,0,0,0,1,19.0,,,,5,2,1,1,3
202100009128,2021-11-06 01:40:00,2021,11,6,1,40,93,93005,ROBERT BREMOND (RUE),48.96001,2.46767,Nuit sans éclairage public,Hors agglomération,Autre intersection,Normale,Autre collision,9,-1,0,0,1,1,1,9,8,50,,3,2,0,0,1,,23.0,,,3,1,9,1,6
202100009129,2021-11-06 03:00:00,2021,11,6,3,0,93,93064,WALESA (AVENUE LECH),48.87704,2.4867,Nuit avec éclairage allumé,En agglomération,Hors intersection,Normale,Autre collision,3,1,3,1,1,4,1,0,5,30,,4,1,0,0,3,17.0,,,,5,2,1,1,6
202100009130,2021-11-05 18:30:00,2021,11,5,18,30,93,93050,MARX DORMOY (RUE),48.8547379734,2.532109414,Nuit avec éclairage allumé,Hors agglomération,Autre intersection,Normale,Deux véhicules - arrière,3,2,3,0,1,1,1,0,1,50,,2,1,0,0,1,32.0,48.0,,,5,1,9,1,2
202100009131,2021-11-06 07:10:00,2021,11,6,7,10,93,93046,LIBERATION PLACE DE LA,48.922359,2.54333,Crépuscule ou aube,En agglomération,Autre intersection,Normale,Deux véhicules - côté,3,3,4,0,1,1,1,9,1,50,,2,1,0,0,1,44.0,,,,2,2,9,1,3
202100009132,2021-11-05 22:40:00,2021,11,5,22,40,93,93001,MAGASINS GENERAUX (AVENUE DES),48.9027212126,2.3695606036,Nuit avec éclairage allumé,Hors agglomération,Hors intersection,Normale,Trois véhicules et plus - en chaîne,4,4,4,3,1,1,1,5,1,50,,3,2,0,0,1,22.0,26.0,,,5,1,1,1,4
202100009133,2021-11-06 09:20:00,2021,11,6,9,20,92,92064,COLONEL DE ROCHEBRUNE,48.8547248354,2.1980434656,Plein jour,En agglomération,Giratoire,Temps éblouissant,Deux véhicules - côté,3,2,2,0,1,2,1,5,1,50,,2,1,0,0,1,66.0,26.0,,,1,2,6,7,3
202100009134,2021-11-06 14:16:00,2021,11,6,14,16,92,92040,Boulevard Rodin,48.8188385989,2.2581169009,Plein jour,En agglomération,Hors intersection,Normale,Deux véhicules - côté,3,2,2,0,1,1,1,0,1,30,,2,1,0,0,1,22.0,39.0,,,1,2,1,1,3
202100009135,2021-11-06 03:00:00,2021,11,6,3,0,92,92060,RESISTANCE (AVENUE DE LA) (RD 75),48.7831613988,2.2746151686,Nuit avec éclairage allumé,En agglomération,Place,Normale,Autre collision,3,3,1,0,2,2,1,5,1,50,,3,2,0,0,1,40.0,,,,5,2,7,1,6
202100009136,2021-11-06 20:15:00,2021,11,6,20,15,92,92012,JEAN JAURES (BOULEVARD) 217/FIN - 210/FI,48.839365287,2.2402323927,Nuit avec éclairage allumé,En agglomération,Hors intersection,Normale,Deux véhicules - arrière,4,2,2,0,1,1,1,0,1,50,,2,1,0,0,1,62.0,44.0,,,5,2,1,1,2
202100009137,2021-11-06 20:00:00,2021,11,6,20,0,95,95229,Rue de la Gare,49.0246065832,2.3653150211,Nuit avec éclairage allumé,En agglomération,Hors intersection,Normale,Autre collision,3,2,2,0,1,1,1,0,4,50,,2,1,0,1,0,15.0,,,,5,2,1,1,6
202100009138,2021-11-06 17:30:00,2021,11,6,17,30,06,06161,D6098,43.637285,7.13505,Nuit avec éclairage allumé,En agglomération,Intersection en T,Normale,Deux véhicules - côté,3,2,1,1,1,1,1,5,1,50,,2,1,0,0,1,61.0,53.0,,,5,2,3,1,3
202100009139,2021-11-06 17:00:00,2021,11,6,17,0,62,62529,Rue des Tronchants,50.555567,2.802946,Crépuscule ou aube,En agglomération,Intersection en X,Normale,Deux véhicules - côté,3,2,2,0,1,1,1,0,1,50,,3,2,0,1,0,16.0,33.0,,,2,2,2,1,3
202100009140,2021-11-06 14:40:00,2021,11,6,14,40,22,22213,ROUTE NATIONALE,48.528951,-2.02996,Plein jour,Hors agglomération,Hors intersection,Normale,Deux véhicules - arrière,2,3,2,0,1,1,1,0,1,110,,5,4,0,0,1,35.0,78.0,,,1,1,1,1,2
202100009141,2021-11-07 07:20:00,2021,11,7,7,20,72,72231,la michetiere,47.939591,0.311072,Crépuscule ou aube,Hors agglomération,Hors intersection,Normale,Autre collision,3,2,2,0,1,1,2,0,8,70,,1,0,1,0,0,27.0,,,,2,1,1,1,6
202100009142,2021-11-06 14:00:00,2021,11,6,14,0,87,87202,D9,45.883905,1.096238,Plein jour,Hors agglomération,Intersection en X,Normale,Deux véhicules - côté,2,-1,-1,-1,1,-1,1,5,1,-1,,3,1,1,0,1,87.0,60.0,,,1,1,2,1,3
202100009143,2021-11-07 12:30:00,2021,11,7,12,30,62,62331,RD 939,50.275618,2.831932,Plein jour,Hors agglomération,Hors intersection,Normale,Autre collision,3,2,2,0,1,1,1,0,3,80,,1,0,0,1,0,22.0,,,,1,1,1,1,6
202100009144,2021-10-07 21:45:00,2021,10,7,21,45,59,59528,Rue Francois Mitterrand,50.2089460856,3.4160572959,Nuit avec éclairage allumé,En agglomération,Intersection en Y,Normale,Deux véhicules - côté,3,2,2,0,1,1,1,0,1,50,,2,1,0,0,1,47.0,22.0,,,5,2,4,1,3
202100009145,2021-11-07 16:50:00,2021,11,7,16,50,74,74306,route de la roche,46.051537,6.154897,Plein jour,Hors agglomération,Hors intersection,Normale,Deux véhicules - frontale,3,2,2,0,1,4,1,0,1,80,,6,0,0,5,1,74.0,18.0,,,1,1,1,1,1
202100009146,2021-11-07 16:30:00,2021,11,7,16,30,76,76436,1525 Route du Manoir,49.412617,0.864382,Plein jour,En agglomération,Hors intersection,Normale,Deux véhicules - côté,7,2,2,0,1,1,1,0,1,50,,3,2,0,1,0,57.0,77.0,,,1,2,1,1,3
202100009147,2021-11-05 20:17:00,2021,11,5,20,17,82,82089,D30e1,44.126928,0.824366,Nuit sans éclairage public,En agglomération,Intersection en Y,Normale,Autre collision,3,2,2,0,1,1,2,0,3,50,,1,0,0,1,0,36.0,,,,3,2,4,1,6
202100009148,2021-11-06 16:00:00,2021,11,6,16,0,82,82037,Route de Réalville,44.158263,1.522741,Plein jour,Hors agglomération,Intersection en T,Normale,Deux véhicules - frontale,3,2,2,0,1,2,1,0,1,80,,3,1,0,1,1,87.0,16.0,,,1,1,3,1,1
202100009149,2021-11-06 11:05:00,2021,11,6,11,5,33,33033,D10,44.72263,-0.428574,Plein jour,Hors agglomération,Autre intersection,Normale,Deux véhicules - côté,3,2,2,0,1,1,1,0,1,80,,2,0,0,1,1,26.0,89.0,,,1,1,9,1,3
202100009150,2021-11-06 04:00:00,2021,11,6,4,0,11,11288,D6113,43.25122,2.278504,Nuit sans éclairage public,Hors agglomération,Hors intersection,Temps couvert,Autre collision,3,-1,1,0,1,1,1,0,1,80,,2,1,1,0,0,23.0,,,,3,1,1,8,6
202100009151,2021-11-01 16:40:00,2021,11,1,16,40,61,61461,La Patte d Oie,48.823014,0.383475,Plein jour,Hors agglomération,Intersection en X,Normale,Deux véhicules - côté,3,2,2,0,1,1,1,0,1,90,,3,1,0,1,1,83.0,34.0,,,1,1,2,1,3
202100009152,2021-11-06 18:30:00,2021,11,6,18,30,49,49180,D347,47.380851,-0.104005,Nuit sans éclairage public,En agglomération,Autre intersection,Normale,Deux véhicules - frontale,3,2,2,0,4,3,1,0,1,80,,2,0,1,1,0,63.0,33.0,,,3,2,9,1,1
202100009153,2021-11-06 14:50:00,2021,11,6,14,50,34,34142,Route de Montpellier,43.72168,3.324067,Plein jour,Hors agglomération,Hors intersection,Normale,Deux véhicules - côté,3,2,2,0,1,3,1,0,3,-1,,2,1,0,1,0,51.0,26.0,,,1,1,1,1,3
202100009154,2021-11-07 15:00:00,2021,11,7,15,0,35,35023,Tournebride,48.208429,-1.941132,Plein jour,Hors agglomération,Intersection en X,Normale,Deux véhicules - côté,3,2,2,0,1,1,1,0,1,70,,2,0,1,1,0,31.0,25.0,,,1,1,2,1,3
202100009155,2021-11-07 06:00:00,2021,11,7,6,0,29,29153,34 route des Iris,47.798397,-3.785155,Nuit sans éclairage public,Hors agglomération,Hors intersection,Pluie légère,Autre collision,4,2,2,0,2,1,2,0,3,50,,2,0,0,1,1,23.0,,,,3,1,1,2,6
202100009156,2021-11-07 06:50:00,2021,11,7,6,50,31,31028,D23,43.222882,0.876342,Crépuscule ou aube,Hors agglomération,Hors intersection,Normale,Deux véhicules - frontale,3,2,2,0,1,1,1,0,1,80,,3,0,1,0,2,61.0,88.0,,,2,1,1,1,1
202100009157,2021-11-05 20:30:00,2021,11,5,20,30,31,31264,Route Départementale 12,43.35243,1.426989,Nuit sans éclairage public,Hors agglomération,Hors intersection,Normale,Deux véhicules - frontale,3,2,2,0,1,1,1,0,1,80,,3,0,0,0,3,49.0,51.0,,,3,1,1,1,1
202100009158,2021-11-06 16:38:00,2021,11,6,16,38,38,38395,D30c,45.369815,5.922575,Plein jour,Hors agglomération,Hors intersection,Normale,Sans collision,3,2,2,0,2,1,1,0,3,80,,1,0,1,0,0,73.0,,,,1,1,1,1,7
202100009159,2021-11-06 13:55:00,2021,11,6,13,55,70,70317,D486,47.535254,6.417754,Plein jour,Hors agglomération,Autre intersection,Normale,Autre collision,3,2,2,0,1,1,1,3,3,80,,1,0,0,1,0,74.0,,,,1,1,9,1,6
202100009160,2021-11-07 12:00:00,2021,11,7,12,0,50,50426,Départemental 2,49.388072,-1.521714,Plein jour,Hors agglomération,Hors intersection,Autre,Sans collision,3,3,4,0,4,2,1,0,3,70,,1,0,0,1,0,67.0,,,,1,1,1,9,7
202100009161,2021-11-06 02:25:00,2021,11,6,2,25,43,43152,Chambeyrac,45.085445,3.883088,Nuit sans éclairage public,Hors agglomération,Hors intersection,Normale,Sans collision,4,2,2,0,1,1,1,0,3,80,,1,0,0,1,0,26.0,,,,3,1,1,1,7
202100009162,2021-11-06 18:00:00,2021,11,6,18,0,10,10268,D619,48.482423,3.498266,Nuit sans éclairage public,Hors agglomération,Hors intersection,Normale,Deux véhicules - frontale,3,2,2,0,1,1,1,0,1,90,,3,1,0,1,1,89.0,63.0,,,3,1,1,1,1
202100009163,2021-11-07 09:30:00,2021,11,7,9,30,17,17187,48 Route de Clion,45.45344,-0.501139,Plein jour,Hors agglomération,Hors intersection,Normale,Sans collision,3,2,2,0,1,1,1,0,8,80,,1,0,0,1,0,73.0,,,,1,1,1,1,7
202100009164,2021-11-06 13:35:00,2021,11,6,13,35,37,37159,89 Rue du Val de l Indre,47.2829002412,0.6538836663,Plein jour,En agglomération,Intersection en T,Normale,Deux véhicules - côté,3,2,2,0,1,1,1,0,1,50,,2,1,0,1,0,45.0,25.0,,,1,2,3,1,3
202100009165,2021-09-06 03:45:00,2021,9,6,3,45,37,37211,16 Rue du Pont Picot,47.2247637695,0.7702272981,Nuit sans éclairage public,En agglomération,Hors intersection,Normale,Autre collision,4,2,1,0,1,1,1,0,3,50,,1,0,0,1,0,33.0,,,,3,2,1,1,6
202100009166,2021-11-06 15:00:00,2021,11,6,15,0,987,98734,PK 35+900,-17.723379,-149.50573,Plein jour,En agglomération,Hors intersection,Normale,Deux véhicules - frontale,9,2,2,0,2,1,1,0,1,60,,2,0,1,1,0,22.0,87.0,,,1,2,1,1,1
202100009167,2021-11-07 00:50:00,2021,11,7,0,50,38,38524,A51 pk 002+000,45.102699,5.676284,Nuit sans éclairage public,Hors agglomération,Hors intersection,Normale,Autre collision,1,3,2,0,1,1,1,9,3,110,,1,0,0,0,1,31.0,,,,3,1,1,1,6
202100009168,2021-11-07 04:45:00,2021,11,7,4,45,51,51211,A4,49.076888,4.816003,Nuit sans éclairage public,Hors agglomération,Hors intersection,Normale,Sans collision,1,3,4,0,1,1,1,0,3,130,,2,0,0,0,2,31.0,,,,3,1,1,1,7
202100009169,2021-11-07 12:30:00,2021,11,7,12,30,34,34202,Allee de la Liberte,43.579408,3.751574,Plein jour,En agglomération,Intersection en X,Normale,Deux véhicules - côté,4,2,2,0,1,1,1,5,1,50,,2,1,0,0,1,16.0,63.0,,,1,2,2,1,3
202100009170,2021-11-07 09:20:00,2021,11,7,9,20,974,97408,cd 41,-20.931621,55.389204,Plein jour,Hors agglomération,Hors intersection,Normale,Deux véhicules - frontale,3,2,2,3,2,3,1,0,1,90,,2,1,0,1,0,50.0,46.0,,,1,1,1,1,1
202100009171,2021-11-06 17:20:00,2021,11,6,17,20,33,33527,8 Avenue de la Côte d Argent,44.628641,-1.014426,Crépuscule ou aube,En agglomération,Hors intersection,Temps couvert,Deux véhicules - côté,3,2,2,0,1,1,1,0,1,50,,2,1,0,1,0,43.0,50.0,,,2,2,1,8,3
202100009172,2021-11-07 03:25:00,2021,11,7,3,25,45,45252,Route de Puiseaux,48.178421,2.259471,Nuit avec éclairage allumé,En agglomération,Hors intersection,Pluie légère,Autre collision,3,2,2,0,1,1,2,0,3,50,,4,3,0,1,0,20.0,,,,5,2,1,2,6
202100009173,2021-11-04 19:45:00,2021,11,4,19,45,45,45126,D2060 - pk85+400,47.906332,2.098217,Nuit sans éclairage public,Hors agglomération,Hors intersection,Normale,Autre collision,3,3,4,0,1,1,2,0,3,110,,3,0,0,0,3,20.0,,,,3,1,1,1,6
202100009174,2021-11-07 11:15:00,2021,11,7,11,15,83,83107,Le Perrussier,43.425071,6.676168,Plein jour,Hors agglomération,Hors intersection,Normale,Autre collision,3,2,2,2,1,1,1,0,3,80,,1,0,1,0,0,48.0,,,,1,1,1,1,6
202100009175,2021-11-07 13:45:00,2021,11,7,13,45,83,83066,D30,43.6344496904,5.8341479301,Plein jour,Hors agglomération,Hors intersection,Normale,Deux véhicules - frontale,3,2,2,0,1,2,1,0,1,80,,5,0,1,4,0,23.0,61.0,,,1,1,1,1,1
202100009176,2021-11-07 10:25:00,2021,11,7,10,25,69,69246,MERLOUP (DU) (RTE),45.935632,4.654942,Plein jour,Hors agglomération,Intersection en T,Brouillard / fumée,Deux véhicules - frontale,3,2,3,0,2,1,1,5,1,80,,2,0,0,1,1,55.0,89.0,,,1,1,3,5,1
202100009177,2021-11-05 05:00:00,2021,11,5,5,0,31,31417,211 Route de Lévignac,43.62803,1.240634,Nuit sans éclairage public,Hors agglomération,Hors intersection,Normale,Autre collision,7,2,2,0,1,1,1,0,3,80,,2,0,0,2,0,38.0,,,,3,1,1,1,6
202100009178,2021-11-07 20:16:00,2021,11,7,20,16,27,27489,D316,49.069536,1.215405,Nuit sans éclairage public,Hors agglomération,Hors intersection,Normale,Autre collision,3,2,2,0,1,1,1,0,1,80,,1,0,0,1,0,34.0,,,,3,1,1,1,6
202100009179,2021-10-10 09:00:00,2021,10,10,9,0,57,57124,D56,49.401978,6.248447,Plein jour,Hors agglomération,Autre intersection,Temps éblouissant,Deux véhicules - côté,3,2,2,0,1,2,1,0,1,50,,2,1,0,1,0,66.0,73.0,,,1,1,9,7,3
202100009180,2021-11-05 16:00:00,2021,11,5,16,0,13,13071,A7-Sens Marseille vers Lyon,43.41044,5.28419,Plein jour,Hors agglomération,Hors intersection,Normale,Trois véhicules et plus - en chaîne,1,-1,3,0,1,1,1,0,1,110,,3,2,0,0,1,38.0,34.0,,,1,1,1,1,4
202100009181,2021-11-06 02:46:00,2021,11,6,2,46,13,13207,Tunnel Prado Carénage,43.29124,5.36613,Nuit avec éclairage allumé,Hors agglomération,Intersection en Y,Normale,Sans collision,4,1,2,0,2,2,1,1,1,70,,3,0,0,0,3,24.0,,,,5,1,4,1,7
202100009182,2021-11-05 18:15:00,2021,11,5,18,15,13,13216,A55-Sens Marseille vers Martigues,43.3471809683,5.3448808193,Nuit sans éclairage public,Hors agglomération,Autre intersection,Normale,Deux véhicules - arrière,1,1,3,0,1,1,1,0,1,90,,2,1,0,0,1,36.0,19.0,,,3,1,9,1,2
202100009183,2021-10-22 20:50:00,2021,10,22,20,50,01,01249,A42   6.290 A 8.310,45.815278,4.962378,Nuit sans éclairage public,Hors agglomération,Hors intersection,Normale,Deux véhicules - arrière,1,1,4,0,1,1,1,0,1,110,,3,0,0,0,3,38.0,69.0,,,3,1,1,1,2
202100009184,2021-11-06 21:25:00,2021,11,6,21,25,91,91340,RN 104,48.611555,2.431311,Nuit sans éclairage public,Hors agglomération,Hors intersection,Normale,Deux véhicules - arrière,2,1,3,0,1,1,1,0,1,90,,2,1,0,0,1,42.0,40.0,,,3,1,1,1,2
202100009185,2021-11-06 02:25:00,2021,11,6,2,25,94,94021,AUTOROUTE A6B,48.77168,2.34526,Nuit avec éclairage non allumé,En agglomération,Autre intersection,Normale,Deux véhicules - frontale,1,1,8,0,1,3,1,3,1,90,,1,0,0,0,1,32.0,,,,4,2,9,1,1
202100009186,2021-11-05 23:10:00,2021,11,5,23,10,92,92050,A14,48.8945735128,2.2298811523,Nuit avec éclairage allumé,Hors agglomération,Hors intersection,Normale,Autre collision,1,1,1,0,1,3,3,0,1,50,,1,0,0,0,1,42.0,,,,5,1,1,1,6
202100009187,2021-11-06 10:35:00,2021,11,6,10,35,60,60494,AUTOROUTE A1,49.130233693,2.5591578482,Plein jour,Hors agglomération,Hors intersection,Normale,Trois véhicules et plus - en chaîne,1,3,6,0,1,1,1,0,1,110,,7,6,0,0,1,24.0,20.0,,,1,1,1,1,4
202100009188,2021-11-06 01:05:00,2021,11,6,1,5,92,92078,AUTOROUTE A86,48.9311292993,2.3235279586,Nuit sans éclairage public,Hors agglomération,Hors intersection,Normale,Deux véhicules - arrière,1,3,6,0,1,3,1,0,1,90,,2,1,0,0,1,45.0,33.0,,,3,1,1,1,2
202100009189,2021-11-06 00:10:00,2021,11,6,0,10,92,92078,AUTOROUTE A86,48.9305838435,2.324632313,Nuit avec éclairage non allumé,Hors agglomération,Hors intersection,Normale,Autre collision,1,1,6,0,1,1,1,0,1,90,,1,0,0,0,1,31.0,,,,4,1,1,1,6
202100009190,2021-11-06 19:00:00,2021,11,6,19,0,94,94033,A86.EXT,48.860366938,2.4850559235,Nuit sans éclairage public,Hors agglomération,Hors intersection,Normale,Deux véhicules - arrière,1,3,2,0,1,1,1,0,1,90,,4,3,0,0,1,56.0,35.0,,,3,1,1,1,2
202100009191,2021-11-05 08:55:00,2021,11,5,8,55,43,43157,5 Avenue Marechal Foch,45.04097,3.88856,Plein jour,En agglomération,Hors intersection,Normale,Autre collision,4,2,2,0,1,1,1,0,1,50,,2,1,0,1,0,35.0,,,,1,2,1,1,6
202100009192,2021-11-04 17:00:00,2021,11,4,17,0,64,64122,"""KENNEDY (AVENUE DU PRESIDENT J,F)""",43.4719,-1.55549,Plein jour,En agglomération,Hors intersection,Temps couvert,Autre collision,4,2,2,0,1,1,2,6,1,30,,2,1,0,1,0,18.0,,,,1,2,1,8,6
202100009193,2021-04-28 02:45:00,2021,4,28,2,45,02,02691,LONGUEVILLE (RUE),49.848065,3.28271,Nuit avec éclairage allumé,En agglomération,Intersection en X,Normale,Deux véhicules - côté,4,1,1,0,2,1,1,5,1,50,,3,0,0,0,3,30.0,22.0,,,5,2,2,1,3
202100009194,2021-08-28 01:10:00,2021,8,28,1,10,02,02408,CLERBOUT MARGUERITTE (RUE),49.55256,3.59835,Nuit avec éclairage allumé,En agglomération,Hors intersection,Normale,Autre collision,4,2,1,0,1,1,1,0,1,50,,1,0,0,0,1,74.0,,,,5,2,1,1,6
202100009195,2021-11-05 17:40:00,2021,11,5,17,40,974,97416,BONS ENFANTS (RUE DES),-21.33924,55.47204,Plein jour,En agglomération,Intersection en X,Normale,Deux véhicules - côté,4,1,1,0,1,1,1,9,1,50,,2,1,0,0,1,40.0,48.0,,,1,2,2,1,3
202100009196,2021-11-04 17:45:00,2021,11,4,17,45,974,97411,DODU 1 (RUE JULIETTE),-20.88069,55.45214,Plein jour,En agglomération,Hors intersection,Normale,Deux véhicules - côté,4,1,1,0,1,1,1,0,1,30,,3,2,0,0,1,30.0,,,,1,2,1,1,3
202100009197,2021-11-04 14:50:00,2021,11,4,14,50,974,97407,08 MARS(RUE DU),-20.94001,55.30002,Plein jour,En agglomération,Hors intersection,Normale,Deux véhicules - arrière,4,2,2,0,1,1,1,0,1,50,,4,2,0,0,2,51.0,29.0,,,1,2,1,1,2
202100009198,2021-11-05 13:09:00,2021,11,5,13,9,973,97302,MADELEINE (ROUTE DE LA),4.9138388742,-52.3207939267,Plein jour,En agglomération,Hors intersection,Normale,Deux véhicules - côté,3,2,2,0,1,1,1,0,1,50,,2,1,0,0,1,41.0,41.0,,,1,2,1,1,3
202100009199,2021-11-04 22:00:00,2021,11,4,22,0,973,97302,ARAGO (FRANCOIS),4.9367940617,-52.3312316537,Nuit avec éclairage allumé,En agglomération,Intersection en X,Normale,Deux véhicules - côté,4,3,2,0,1,1,1,0,1,50,,4,1,0,0,3,20.0,23.0,,,5,2,2,1,3
202100009200,2021-11-04 18:33:00,2021,11,4,18,33,973,97302,FLAMBOYANTS (RUE DES),4.9229294373,-52.3207787276,Crépuscule ou aube,En agglomération,Autre intersection,Normale,Deux véhicules - côté,4,2,1,0,1,1,1,0,1,50,,3,1,0,0,2,,18.0,,,2,2,9,1,3
202100009201,2021-11-05 22:30:00,2021,11,5,22,30,69,69386,VIABERT (DE LA) (R),45.76633,4.86575,Nuit avec éclairage allumé,En agglomération,Intersection en X,Normale,Deux véhicules - côté,4,1,1,0,1,1,1,0,1,50,,2,1,0,1,0,50.0,26.0,,,5,2,2,1,3
202100009202,2021-11-05 20:25:00,2021,11,5,20,25,69,69259,D301,45.6835674694,4.8833155632,Nuit avec éclairage allumé,En agglomération,Intersection en T,Normale,Deux véhicules - côté,7,2,2,0,1,1,1,0,1,50,,2,1,0,0,1,33.0,35.0,,,5,2,3,1,3
202100009203,2021-11-04 18:30:00,2021,11,4,18,30,69,69387,GARIBALDI (R),45.74526,4.84887,Nuit avec éclairage allumé,En agglomération,Intersection en X,Pluie légère,Autre collision,4,2,4,2,1,1,2,0,1,50,,2,1,0,0,1,31.0,,,,5,2,2,2,6
202100009204,2021-11-05 08:45:00,2021,11,5,8,45,69,69383,BONNEL (DE) (R),45.7628650669,4.8611658812,Plein jour,En agglomération,Hors intersection,Normale,Deux véhicules - côté,4,1,3,0,1,1,1,0,4,50,,2,1,0,0,1,37.0,30.0,,,1,2,1,1,3
202100009205,2021-11-05 15:00:00,2021,11,5,15,0,972,97213,Z I LA LEZARDE,14.60915,-61.00747,Plein jour,Hors agglomération,Hors intersection,Normale,Sans collision,5,2,2,0,1,1,9,9,1,30,,1,0,0,1,0,38.0,,,,1,1,1,1,7
202100009206,2021-11-05 10:03:00,2021,11,5,10,3,972,97213,ROUTE DEPARTEMENTALE 3 BIS,14.6146,-60.9941,Plein jour,En agglomération,Giratoire,Normale,Autre collision,3,2,4,0,1,2,1,9,1,30,,4,3,0,1,0,69.0,,,,1,2,6,1,6
202100009207,2021-11-05 14:00:00,2021,11,5,14,0,69,69385,ANTIQUAILLE (DE L') (R),45.7590193305,4.8213229776,Plein jour,En agglomération,Hors intersection,Normale,Sans collision,4,2,2,0,2,2,1,0,1,50,,1,0,0,0,1,35.0,,,,1,2,1,1,7
202100009208,2021-11-05 15:15:00,2021,11,5,15,15,69,69389,CHAMPAGNE (DE) (AV),45.7894315439,4.7945170105,Plein jour,En agglomération,Hors intersection,Normale,Autre collision,4,-1,2,1,1,1,1,0,1,50,,2,1,0,0,1,55.0,,,,1,2,1,1,6
202100009209,2021-11-03 08:05:00,2021,11,3,8,5,69,69202,LIBERATION (DE LA) (RTE),45.72303,4.78025,Plein jour,En agglomération,Intersection en X,Normale,Deux véhicules - côté,7,2,3,0,2,3,1,5,1,50,,2,1,0,0,1,43.0,61.0,,,1,2,2,1,3
202100009210,2021-11-05 11:50:00,2021,11,5,11,50,69,69382,PRESIDENT CARNOT (DU) (R),45.761124474,4.8362797762,Plein jour,En agglomération,Intersection en X,Normale,Deux véhicules - côté,4,1,1,2,1,1,1,0,1,30,,2,1,0,0,1,36.0,26.0,,,1,2,2,1,3
202100009211,2021-11-05 05:20:00,2021,11,5,5,20,69,69081,VALVERT (DU) (RDPT) ,45.77097,4.788,Nuit avec éclairage non allumé,Hors agglomération,Hors intersection,Normale,Autre collision,4,1,3,0,1,1,2,0,1,50,,5,0,0,0,5,22.0,,,,4,1,1,1,6
202100009212,2021-11-05 19:43:00,2021,11,5,19,43,971,97101,Frédéric JALTON,16.2795720542,-61.4978653193,Nuit avec éclairage allumé,En agglomération,Hors intersection,Normale,Deux véhicules - côté,3,2,1,0,1,1,1,6,1,50,,2,1,0,0,1,,14.0,,,5,2,1,1,3
202100009213,2021-11-05 19:05:00,2021,11,5,19,5,971,97101,TERRAIN SONIS,16.2403,-61.52858,Nuit avec éclairage allumé,Hors agglomération,Hors intersection,Normale,Deux véhicules - côté,9,-1,1,0,1,1,1,0,1,15,,2,1,0,0,1,36.0,16.0,,,5,1,1,1,3
202100009214,2021-11-05 17:45:00,2021,11,5,17,45,971,97101,ROUTE DES ABYMES,16.25299,-61.52438,Plein jour,En agglomération,Autre intersection,Normale,Deux véhicules - arrière,2,3,4,0,1,1,1,0,1,50,,3,2,0,0,1,27.0,49.0,,,1,2,9,1,2
202100009215,2021-11-05 16:55:00,2021,11,5,16,55,95,95585,DIVISION LECLERC (AVENUE DE LA),48.9824717028,2.370051336,Crépuscule ou aube,En agglomération,Hors intersection,Pluie légère,Autre collision,3,2,2,0,1,1,2,0,1,50,,2,1,0,0,1,55.0,,,,2,2,1,2,6
202100009216,2021-11-05 22:45:00,2021,11,5,22,45,95,95582,AV DE LA SABERNAUDE,48.9789634133,2.2441189468,Nuit sans éclairage public,En agglomération,Hors intersection,Normale,Autre collision,3,2,2,0,2,1,1,0,1,50,,2,1,0,0,1,47.0,,,,3,2,1,1,6
202100009217,2021-11-05 15:00:00,2021,11,5,15,0,95,95252,MARAIS (AVENUE DES),48.9909095986,2.2230792046,Plein jour,En agglomération,Hors intersection,Normale,Deux véhicules - côté,4,2,2,0,1,3,1,0,1,50,,6,3,0,0,3,30.0,16.0,,,1,2,1,1,3
202100009218,2021-11-05 13:00:00,2021,11,5,13,0,91,91377,RUE GALVANI,48.73333,2.28333,Plein jour,En agglomération,Hors intersection,Normale,Trois véhicules et plus - collisions multiples,3,-1,2,0,1,1,1,0,1,50,,3,2,0,0,1,45.0,47.0,,,1,2,1,1,5
202100009219,2021-11-04 18:04:00,2021,11,4,18,4,91,91691,GABRIEL PERI(RUE) DU N°4 AU N°69,48.70647,2.48808,Nuit avec éclairage allumé,En agglomération,Autre intersection,Pluie légère,Autre collision,3,2,2,0,1,1,2,0,1,30,,3,1,0,0,2,77.0,,,,5,2,9,2,6
202100009220,2021-11-05 18:00:00,2021,11,5,18,0,91,91027,RUE FERDINAND BUISSON,48.70075,2.36213,Nuit avec éclairage allumé,En agglomération,Intersection en X,Normale,Autre collision,4,1,1,0,1,1,1,0,1,50,,2,1,0,0,1,35.0,,,,5,2,2,1,6