accident_id,datetime,annee,mois,jour,heure,minute,departement,commune_insee,adresse,latitude,longitude,luminosite,agglomeration,intersection,meteo,collision,catr,circ,nbv,vosp,prof,plan,surf,infra,situ,vma,nb_vehicules,nb_usagers,nb_indemnes,nb_tues,nb_blesses_hosp,nb_blesses_legers,age_cond_1,age_cond_2,veh_type_cond_1,veh_type_cond_2,lum_code,agg_code,int_code,atm_code,col_code
202100009221,2021-10-30 04:52:00,2021,10,30,4,52,89,89263,R.N 77,47.83827,3.59796,Nuit sans éclairage public,Hors agglomération,Hors intersection,Normale,Deux véhicules - frontale,2,2,2,0,1,4,2,0,1,70,,2,1,0,1,0,28.0,25.0,,,3,1,1,1,1
202100009222,2021-11-04 17:15:00,2021,11,4,17,15,87,87085,LABUSSIERE (AVENUE EMILE),45.84111,1.25648,Plein jour,En agglomération,Hors intersection,Normale,Autre collision,4,2,2,0,1,1,1,0,1,50,,2,1,0,0,1,59.0,,,,1,2,1,1,6
202100009223,2021-10-27 11:25:00,2021,10,27,11,25,81,81065,FOSSE (RUE RICHARD),43.600446,2.257076,Plein jour,En agglomération,Hors intersection,Normale,Autre collision,4,1,1,0,1,1,1,0,1,50,,2,1,0,1,0,21.0,,,,1,2,1,1,6
202100009224,2021-11-05 17:45:00,2021,11,5,17,45,76,76217,D485,49.92275,1.11122,Nuit avec éclairage allumé,Hors agglomération,Giratoire,Normale,Trois véhicules et plus - en chaîne,3,-1,6,0,1,1,1,0,1,50,,3,1,0,0,2,60.0,74.0,,,5,1,6,1,4
202100009225,2021-11-05 22:30:00,2021,11,5,22,30,72,72181,DURAND GEORGES (AV) N° PAIRS 166 A 310,47.97122,0.21692,Nuit avec éclairage allumé,En agglomération,Intersection en X,Normale,Deux véhicules - côté,4,3,2,2,1,1,1,0,1,50,,2,1,0,0,1,76.0,17.0,,,5,2,2,1,3
202100009226,2021-11-05 17:10:00,2021,11,5,17,10,72,72320,ALENCON (RTE D'),48.0521680279,0.1687896251,Crépuscule ou aube,Hors agglomération,Hors intersection,Normale,Trois véhicules et plus - en chaîne,3,3,4,0,1,1,1,0,1,70,,4,2,0,0,2,47.0,20.0,,,2,1,1,1,4
202100009227,2021-11-04 16:50:00,2021,11,4,16,50,71,71076,BLUM (AVENUE LEON),46.7861113153,4.8633327964,Plein jour,En agglomération,Hors intersection,Normale,Deux véhicules - côté,4,2,2,0,1,1,1,0,1,50,,2,0,0,0,2,53.0,26.0,,,1,2,1,1,3
202100009228,2021-11-05 23:00:00,2021,11,5,23,0,69,69275,FRANKLIN ROOSEVELT                  (AV),45.7659050805,4.9369651079,Nuit avec éclairage allumé,En agglomération,Hors intersection,Normale,Trois véhicules et plus - en chaîne,7,2,2,2,1,1,1,0,1,50,,6,5,0,0,1,23.0,32.0,,,5,2,1,1,4
202100009229,2021-11-05 20:40:00,2021,11,5,20,40,69,69264,HERON  PHILIPPE (R),45.98902,4.70887,Nuit avec éclairage allumé,En agglomération,Hors intersection,Normale,Trois véhicules et plus - en chaîne,4,1,3,0,1,1,1,0,1,50,,3,2,0,0,1,27.0,37.0,,,5,2,1,1,4
202100009230,2021-11-05 05:30:00,2021,11,5,5,30,67,67482,ROMAINS (ROUTE DES),48.58006,7.6971,Nuit avec éclairage allumé,En agglomération,Intersection en T,Normale,Deux véhicules - côté,4,2,3,1,1,1,1,0,1,50,,3,1,0,0,2,19.0,44.0,,,5,2,3,1,3
202100009231,2021-11-04 14:20:00,2021,11,4,14,20,67,67482,JULES VERNE (RUE),48.59529,7.71869,Plein jour,En agglomération,Intersection en T,Normale,Deux véhicules - côté,4,2,4,1,1,1,1,0,1,50,,2,1,0,0,1,19.0,36.0,,,1,2,3,1,3
202100009232,2021-11-03 15:50:00,2021,11,3,15,50,66,66136,AGASSE PASCAL MARIE,42.6943078262,2.8724051267,Plein jour,En agglomération,Intersection en T,Normale,Autre collision,4,2,3,0,1,1,1,0,1,50,,2,1,0,1,0,21.0,,,,1,2,3,1,6
202100009233,2021-11-05 13:07:00,2021,11,5,13,7,65,65440,REFFYE (COURS),43.232336,0.071293,Plein jour,En agglomération,Autre intersection,Pluie forte,Autre collision,9,-1,0,0,1,1,2,0,4,-1,,2,1,0,0,1,28.0,,,,1,2,9,3,6
202100009234,2021-11-04 14:45:00,2021,11,4,14,45,64,64445,MARECHAL LECLERC DU,43.30569,-0.33701,Plein jour,En agglomération,Hors intersection,Pluie légère,Autre collision,4,-1,3,0,1,1,2,0,1,50,,2,1,0,1,0,51.0,,,,1,2,1,2,6
202100009235,2021-11-05 17:00:00,2021,11,5,17,0,64,64024,GUYNEMER (AVENUE),43.49778,-1.53851,Plein jour,En agglomération,Hors intersection,Normale,Deux véhicules - côté,4,2,2,0,1,1,1,0,1,50,,2,1,0,0,1,27.0,69.0,,,1,2,1,1,3
202100009236,2021-11-03 14:36:00,2021,11,3,14,36,63,63113,BLATIN (RUE),45.77689,3.07875,Plein jour,En agglomération,Intersection en X,Temps couvert,Autre collision,4,1,1,0,1,1,1,0,1,50,,2,1,0,0,1,39.0,,,,1,2,2,8,6
202100009237,2021-10-31 14:59:00,2021,10,31,14,59,59,59160,DEPORTES (RUE DES),50.403724,3.666046,Plein jour,En agglomération,Hors intersection,Temps couvert,Autre collision,3,2,2,1,1,1,2,0,3,50,,1,0,1,0,0,58.0,,,,1,2,1,8,6
202100009238,2021-11-05 16:30:00,2021,11,5,16,30,59,59152,ARMENTIERES (RUE D'),50.75755,2.99174,Plein jour,Hors agglomération,Autre intersection,Normale,Sans collision,7,2,2,0,1,1,1,0,3,50,,1,0,0,1,0,31.0,,,,1,1,9,1,7
202100009239,2021-11-05 08:50:00,2021,11,5,8,50,59,59646,FLANDRE (AVENUE DE),50.66473,3.1179,Plein jour,En agglomération,Passage à niveau,Temps couvert,Deux véhicules - frontale,7,2,8,1,1,1,2,4,1,50,,2,1,0,0,1,32.0,45.0,,,1,2,8,8,1
202100009240,2021-10-17 23:20:00,2021,10,17,23,20,59,59009,MARQUE AVENUE DE LA,50.64262,3.1449,Nuit sans éclairage public,Hors agglomération,Intersection en X,Normale,Deux véhicules - côté,7,1,2,0,1,1,1,0,1,50,,4,2,0,0,2,39.0,56.0,,,3,1,2,1,3
202100009241,2021-11-05 16:00:00,2021,11,5,16,0,54,54304,RESISTANCE (AV. DE LA -PAIR-),48.6944778025,6.1290474236,Plein jour,En agglomération,Hors intersection,Normale,Deux véhicules - côté,4,2,4,0,1,1,1,0,1,50,,4,1,0,0,3,37.0,53.0,,,1,2,1,1,3
202100009242,2021-11-05 10:38:00,2021,11,5,10,38,54,54526,HERBUVAUX (PLACE RENE),48.6865621113,6.2098038815,Plein jour,En agglomération,Hors intersection,Normale,Autre collision,9,1,1,0,1,1,1,0,8,30,,2,1,0,0,1,70.0,,,,1,2,1,1,6
202100009243,2021-11-04 13:15:00,2021,11,4,13,15,52,52121,VAL BARIZIEN (RUE DU),48.10486,5.13037,Plein jour,En agglomération,Hors intersection,Normale,Deux véhicules - côté,4,2,1,0,1,1,1,0,1,50,,2,1,0,0,1,29.0,16.0,,,1,2,1,1,3
202100009244,2021-11-03 09:30:00,2021,11,3,9,30,51,51504,Voie Chanteraine,48.9902,4.33835,Plein jour,En agglomération,Hors intersection,Pluie légère,Deux véhicules - frontale,3,2,2,0,1,1,2,0,1,50,,3,0,0,2,1,60.0,57.0,,,1,2,1,2,1
202100009245,2021-11-05 16:30:00,2021,11,5,16,30,44,44114,AVENUE DE LA MORLIERE,47.25298,-1.59744,Plein jour,En agglomération,Hors intersection,Normale,Deux véhicules - arrière,4,2,0,0,1,1,1,0,1,50,,2,1,0,1,0,54.0,20.0,,,1,2,1,1,2
202100009246,2021-11-02 18:45:00,2021,11,2,18,45,44,44109,BOULEVARD JULES VERNE,47.236271,-1.533911,Nuit avec éclairage allumé,En agglomération,Hors intersection,Normale,Deux véhicules - côté,4,2,2,2,1,1,1,0,1,50,,2,1,0,1,0,37.0,65.0,,,5,2,1,1,3
202100009247,2021-11-05 05:45:00,2021,11,5,5,45,38,38151,RUE DE L'ATLAS,45.15005,5.69938,Nuit avec éclairage allumé,En agglomération,Intersection en X,Normale,Deux véhicules - côté,4,2,-1,0,1,1,1,0,1,50,,2,0,0,0,2,42.0,27.0,,,5,2,2,1,3
202100009248,2021-11-05 05:00:00,2021,11,5,5,0,37,37261,FEBVOTTE (RUE),47.3756468417,0.67987293,Nuit avec éclairage allumé,En agglomération,Hors intersection,Temps couvert,Deux véhicules - côté,4,2,3,0,2,1,2,0,1,50,,3,2,0,0,1,56.0,25.0,,,5,2,1,8,3
202100009249,2021-11-05 22:22:00,2021,11,5,22,22,35,35238,ROOSEVELT (BD FRANKLIN),48.097236,-1.657908,Nuit avec éclairage allumé,En agglomération,Intersection à plus de 4 branches,Normale,Deux véhicules - côté,4,2,2,2,2,1,1,5,1,50,,2,1,0,0,1,28.0,,,,5,2,5,1,3
202100009250,2021-11-05 15:15:00,2021,11,5,15,15,35,35238,CHATEAUGIRON (DE),48.097463,-1.642222,Plein jour,En agglomération,Autre intersection,Normale,Autre collision,4,2,4,3,1,1,1,0,1,50,,2,1,0,0,1,56.0,,,,1,2,9,1,6
202100009251,2021-11-05 11:15:00,2021,11,5,11,15,35,35206,RN136,48.08149,-1.65806,Plein jour,En agglomération,Hors intersection,Temps éblouissant,Trois véhicules et plus - en chaîne,2,3,4,0,1,1,1,0,1,90,,4,3,0,0,1,68.0,25.0,,,1,2,1,7,4
202100009252,2021-11-05 11:30:00,2021,11,5,11,30,35,35238,ALLIES (COURS DES),48.10556,-1.67435,Plein jour,En agglomération,Hors intersection,Normale,Autre collision,4,2,2,1,1,1,1,0,4,50,,1,0,0,0,1,70.0,,,,1,2,1,1,6
202100009253,2021-11-05 08:45:00,2021,11,5,8,45,35,35051,RN 136,48.150102,-1.604421,Crépuscule ou aube,Hors agglomération,Hors intersection,Normale,Autre collision,2,3,4,0,1,1,2,0,1,90,,1,0,0,0,1,19.0,,,,2,1,1,1,6
202100009254,2021-11-05 07:45:00,2021,11,5,7,45,35,35278,LIBERATION (AVENUE DE LA),48.14593,-1.65691,Crépuscule ou aube,En agglomération,Hors intersection,Brouillard / fumée,Autre collision,7,2,2,0,1,1,2,0,1,50,,2,1,0,0,1,27.0,,,,2,2,1,5,6
202100009255,2021-11-04 14:37:00,2021,11,4,14,37,34,34172,TOULOUSE (AVENUE DE,43.59743,3.86427,Plein jour,En agglomération,Intersection en T,Normale,Deux véhicules - côté,4,2,4,1,1,1,1,5,1,50,,2,1,0,1,0,39.0,26.0,,,1,2,3,1,3
202100009256,2021-11-04 18:05:00,2021,11,4,18,5,33,33119,Rue du 8 Mai 1945,44.85249,-0.51539,Nuit avec éclairage allumé,En agglomération,Intersection en T,Normale,Deux véhicules - frontale,4,3,2,0,1,1,1,0,1,50,,2,1,0,0,1,32.0,53.0,,,5,2,3,1,1
202100009257,2021-10-16 13:35:00,2021,10,16,13,35,30,30189,FRANCAIS LIBRES (BD),43.8305,4.3232,Plein jour,En agglomération,Hors intersection,Normale,Deux véhicules - arrière,4,1,3,0,1,1,1,0,1,50,,2,1,0,1,0,17.0,78.0,,,1,2,1,1,2
202100009258,2021-11-04 13:50:00,2021,11,4,13,50,30,30007,UZES (ROUTE D'),44.1128745746,4.1066796183,Plein jour,En agglomération,Autre intersection,Normale,Autre collision,3,-1,1,0,1,3,1,9,1,50,,2,1,0,0,1,40.0,50.0,,,1,2,9,1,6
202100009259,2021-11-04 14:30:00,2021,11,4,14,30,29,29232,Boulevard President Allende,47.99363,-4.07331,Plein jour,En agglomération,Hors intersection,Normale,Trois véhicules et plus - en chaîne,4,2,4,0,1,1,1,2,1,70,,3,2,0,0,1,30.0,37.0,,,1,2,1,1,4
202100009260,2021-11-04 15:30:00,2021,11,4,15,30,29,29232,Rond Point de Trequeffelec,48.00341,-4.08392,Plein jour,Hors agglomération,Giratoire,Temps éblouissant,Deux véhicules - arrière,3,1,2,0,1,2,1,0,1,70,,2,1,0,0,1,36.0,32.0,,,1,1,6,7,2
202100009261,2021-11-05 02:47:00,2021,11,5,2,47,28,28134,RN 12 (ZONE COMMERCIALE),48.74643,1.35354,Nuit sans éclairage public,En agglomération,Intersection en X,Normale,Autre collision,2,2,0,0,1,2,1,0,1,70,,2,1,1,0,0,31.0,54.0,,,3,2,2,1,6
202100009262,2021-11-04 07:55:00,2021,11,4,7,55,27,27229,ARTOIS (RUE D'),49.0325905,1.1352107,Plein jour,En agglomération,Hors intersection,Temps couvert,Deux véhicules - côté,4,2,2,0,1,1,2,5,1,50,,3,2,0,0,1,28.0,36.0,,,1,2,1,8,3
202100009263,2021-11-04 12:10:00,2021,11,4,12,10,24,24322,PETIT CHANGE (BOULEVARD DU),45.18234,0.74433,Plein jour,Hors agglomération,Intersection en T,Normale,Deux véhicules - côté,4,2,2,0,1,1,1,0,1,50,,2,1,0,1,0,40.0,40.0,,,1,1,3,1,3
202100009264,2021-11-05 21:45:00,2021,11,5,21,45,14,14341,FALAISE (ROUTE DE),49.15041,-0.34163,Nuit avec éclairage allumé,En agglomération,Hors intersection,Normale,Deux véhicules - arrière,2,3,3,0,1,1,1,0,1,50,,3,1,0,0,2,21.0,35.0,,,5,2,1,1,2
202100009265,2021-11-05 19:00:00,2021,11,5,19,0,14,14101,RN814,49.1799,-0.4264,Nuit sans éclairage public,Hors agglomération,Autre intersection,Normale,Trois véhicules et plus - collisions multiples,2,3,2,0,1,1,1,0,1,90,,7,5,0,0,2,30.0,28.0,,,3,1,9,1,5
202100009266,2021-11-05 17:40:00,2021,11,5,17,40,13,13208,POMPIDOU (PROMENADE),43.26296,5.37409,Nuit avec éclairage allumé,En agglomération,Hors intersection,Normale,Autre collision,4,3,4,0,1,1,1,0,1,50,,2,1,0,0,1,,,,,5,2,1,1,6
202100009267,2021-11-05 18:05:00,2021,11,5,18,5,13,13209,SAINTE MARGUERITE (BOULEVARD),43.26175,5.41442,Nuit avec éclairage allumé,En agglomération,Autre intersection,Normale,Deux véhicules - côté,4,2,3,0,2,1,1,0,1,50,,2,1,0,0,1,27.0,46.0,,,5,2,9,1,3
202100009268,2021-11-05 10:10:00,2021,11,5,10,10,13,13215,SAINT JOSEPH (CHEMIN DE),43.3593444114,5.3649780714,Plein jour,En agglomération,Hors intersection,Normale,Deux véhicules - côté,4,2,4,0,1,1,1,0,1,50,,3,1,0,0,2,,55.0,,,1,2,1,1,3
202100009269,2021-11-05 08:37:00,2021,11,5,8,37,13,13211,SAINT LOUP (BOULEVARD DE),43.285,5.44248,Plein jour,En agglomération,Hors intersection,Normale,Deux véhicules - côté,7,2,3,0,1,1,1,0,1,50,,4,2,0,0,2,70.0,37.0,,,1,2,1,1,3
202100009270,2021-11-02 13:38:00,2021,11,2,13,38,12,12089,D 963,44.5732150007,2.2461903096,Plein jour,En agglomération,Hors intersection,Normale,Autre collision,3,2,2,0,2,3,2,0,3,70,,1,0,0,0,1,19.0,,,,1,2,1,1,6
202100009271,2021-11-04 17:20:00,2021,11,4,17,20,11,11069,ROCADE SUD RD 6161,43.2043,2.38428,Crépuscule ou aube,En agglomération,Hors intersection,Normale,Sans collision,3,2,2,0,1,3,1,0,3,80,,1,0,0,0,1,18.0,,,,2,2,1,1,7
202100009272,2021-11-04 08:40:00,2021,11,4,8,40,11,11069,AURIAC -CHEMIN-,43.19214,2.33598,Plein jour,En agglomération,Hors intersection,Temps couvert,Sans collision,3,2,2,0,2,3,2,0,1,50,,1,0,0,1,0,27.0,,,,1,2,1,8,7
202100009273,2021-11-05 17:26:00,2021,11,5,17,26,10,10333,CROIX BLANCHE (RUE DE LA ),48.27619,4.05639,Crépuscule ou aube,En agglomération,Intersection en X,Normale,Deux véhicules - côté,4,2,4,0,1,1,1,0,1,50,,2,1,0,0,1,16.0,49.0,,,2,2,2,1,3
202100009274,2021-11-05 01:50:00,2021,11,5,1,50,10,10387,HENRI BARBUSSE (RUE),48.29628,4.08451,Nuit avec éclairage allumé,En agglomération,Hors intersection,Normale,Deux véhicules - arrière,4,1,2,0,1,3,2,0,1,50,,2,1,0,0,1,25.0,32.0,,,5,2,1,1,2
202100009275,2021-11-05 10:05:00,2021,11,5,10,5,06,06088,ANGLAIS (A PARTIR DU N° 351),43.66904,7.22122,Plein jour,En agglomération,Hors intersection,Normale,Deux véhicules - côté,7,1,4,0,1,1,1,0,1,50,,2,1,0,1,0,85.0,45.0,,,1,2,1,1,3
202100009276,2021-11-05 04:50:00,2021,11,5,4,50,06,06088,FAURE (AV. FELIX),43.697689,7.271251,Nuit avec éclairage allumé,En agglomération,Hors intersection,Normale,Deux véhicules - frontale,4,1,2,2,1,1,1,0,1,50,,3,0,0,3,0,21.0,21.0,,,5,2,1,1,1
202100009277,2021-11-05 09:32:00,2021,11,5,9,32,06,06030,EST (RUE DE L'),43.57223,7.01678,Plein jour,En agglomération,Hors intersection,Normale,Autre collision,4,1,1,0,1,1,1,0,1,50,,2,1,0,1,0,51.0,,,,1,2,1,1,6
202100009278,2021-11-05 22:10:00,2021,11,5,22,10,06,06027,PLAGE BOULEVARD DE LA,43.65646,7.16346,Nuit avec éclairage allumé,En agglomération,Intersection en T,Normale,Autre collision,7,2,4,0,1,1,1,5,1,50,,1,0,0,0,1,48.0,,,,5,2,3,1,6
202100009279,2021-11-05 14:05:00,2021,11,5,14,5,06,06123,BORD DE MER RN 98,43.656684,7.178753,Plein jour,En agglomération,Intersection en X,Normale,Deux véhicules - côté,7,3,4,0,1,1,1,0,1,50,,2,1,0,0,1,30.0,18.0,,,1,2,2,1,3
202100009280,2021-09-12 00:45:00,2021,9,12,0,45,02,02691,PARIS DE 189-212 A FIN (RUE DE),49.836478,3.267819,Nuit sans éclairage public,Hors agglomération,Hors intersection,Normale,Deux véhicules - arrière,3,2,2,0,2,1,1,0,1,80,,2,1,0,1,0,18.0,,,,3,1,1,1,2
202100009281,2021-11-03 23:25:00,2021,11,3,23,25,75,75113,BOULEVARD PERIPHERIQUE,48.819066,2.371901,Nuit avec éclairage allumé,En agglomération,Hors intersection,Normale,Deux véhicules - arrière,4,1,4,0,1,1,1,0,1,70,,2,1,0,0,1,36.0,32.0,,,5,2,1,1,2
202100009282,2021-11-04 09:00:00,2021,11,4,9,0,75,75103,PLACE DE LA REPUBLIQUE,48.866466,2.364778,Plein jour,En agglomération,Place,Temps couvert,Deux véhicules - côté,4,2,4,1,1,3,2,-1,5,30,,2,1,1,0,0,58.0,31.0,,,1,2,7,8,3
202100009283,2021-11-05 13:45:00,2021,11,5,13,45,75,75105,RUE SOUFFLOT,48.847102,2.34195,Plein jour,En agglomération,Intersection en X,Normale,Autre collision,4,2,2,0,2,1,1,0,1,30,,2,1,0,0,1,32.0,,,,1,2,2,1,6
202100009284,2021-11-05 13:30:00,2021,11,5,13,30,75,75119,BOULEVARD MACDONALD,48.898899,2.380959,Plein jour,En agglomération,Hors intersection,Normale,Autre collision,4,1,1,1,1,1,1,-1,5,30,,2,1,0,0,1,46.0,,,,1,2,1,1,6
202100009285,2021-11-05 18:09:00,2021,11,5,18,9,75,75118,BOULEVARD DE LA CHAPELLE,48.884505,2.363706,Nuit avec éclairage allumé,En agglomération,Hors intersection,Normale,Trois véhicules et plus - en chaîne,4,1,1,0,1,1,1,0,1,30,,3,2,0,0,1,,44.0,,,5,2,1,1,4
202100009286,2021-11-05 08:20:00,2021,11,5,8,20,75,75118,AVENUE DE LA PORTE DE MONTMARTRE,48.899916,2.335818,Plein jour,En agglomération,Hors intersection,Temps couvert,Deux véhicules - arrière,4,2,4,0,2,1,1,0,1,30,,2,1,0,0,1,50.0,55.0,,,1,2,1,8,2
202100009287,2021-11-04 09:20:00,2021,11,4,9,20,75,75116,ALLEE DE LONGCHAMP,48.874933,2.271098,Plein jour,En agglomération,Intersection en X,Normale,Deux véhicules - côté,4,2,4,0,1,1,2,0,1,50,,2,1,0,1,0,28.0,25.0,,,1,2,2,1,3
202100009288,2021-11-05 20:15:00,2021,11,5,20,15,75,75115,RUE MADEMOISELLE,48.843612,2.295746,Nuit avec éclairage allumé,En agglomération,Intersection en X,Normale,Autre collision,4,1,1,0,1,1,1,0,1,50,,2,1,0,0,1,24.0,,,,5,2,2,1,6
202100009289,2021-11-05 17:45:00,2021,11,5,17,45,75,75115,BOULEVARD GARIBALDI,48.846983,2.305204,Nuit sans éclairage public,En agglomération,Intersection en T,Normale,Deux véhicules - arrière,4,1,2,0,1,1,1,0,1,30,,2,1,0,0,1,23.0,27.0,,,3,2,3,1,2
202100009290,2021-11-04 15:30:00,2021,11,4,15,30,75,75115,RUE DE VAUGIRARD,48.835966,2.29371,Plein jour,En agglomération,Place,Normale,Deux véhicules - arrière,4,1,1,0,1,1,1,0,1,50,,2,1,0,0,1,71.0,66.0,,,1,2,7,1,2
202100009291,2021-11-04 14:48:00,2021,11,4,14,48,75,75114,AVENUE DU MAINE,48.834077,2.324325,Plein jour,En agglomération,Intersection en T,Normale,Autre collision,4,2,3,0,1,1,1,0,1,30,,2,0,0,1,1,46.0,,,,1,2,3,1,6
202100009292,2021-11-05 15:50:00,2021,11,5,15,50,75,75111,RUE DE LA ROQUETTE,48.856591,2.377371,Plein jour,En agglomération,Hors intersection,Normale,Autre collision,4,1,1,0,1,1,1,0,1,30,,2,1,0,0,1,21.0,,,,1,2,1,1,6
202100009293,2021-11-05 10:00:00,2021,11,5,10,0,75,75111,AVENUE DE LA REPUBLIQUE,48.86664,2.367312,Plein jour,En agglomération,Intersection en Y,Temps couvert,Deux véhicules - côté,4,2,4,1,1,1,1,-1,5,30,,2,1,0,0,1,57.0,29.0,,,1,2,4,8,3
202100009294,2021-11-03 19:00:00,2021,11,3,19,0,75,75104,RUE DE RIVOLI,48.858229,2.349102,Nuit avec éclairage allumé,En agglomération,Intersection en T,Normale,Deux véhicules - frontale,4,2,4,1,1,1,1,-1,5,30,,2,1,0,0,1,38.0,43.0,,,5,2,3,1,1
202100009295,2021-11-03 17:11:00,2021,11,3,17,11,75,75101,BOULEVARD DE SEBASTOPOL,48.858508,2.348216,Crépuscule ou aube,En agglomération,Intersection en X,Normale,Autre collision,4,2,5,1,1,1,1,-1,5,30,,2,1,0,0,1,,,,,2,2,2,1,6
202100009296,2021-11-05 07:40:00,2021,11,5,7,40,94,94003,Rue du Colonel Fabien,48.80112,2.33676,Crépuscule ou aube,En agglomération,Intersection en T,Normale,Deux véhicules - côté,4,2,2,0,2,1,2,0,1,50,,2,1,0,0,1,47.0,28.0,,,2,2,3,1,3
202100009297,2021-11-05 21:05:00,2021,11,5,21,5,94,94041,Rue Gaston Monmousseau,48.80503,2.38122,Nuit avec éclairage allumé,En agglomération,Hors intersection,Normale,Deux véhicules - arrière,4,2,2,0,1,1,1,0,1,50,,2,1,0,0,1,38.0,26.0,,,5,2,1,1,2
202100009298,2021-11-05 05:50:00,2021,11,5,5,50,94,94041,Rue Maurice Gunsbourg,48.81261,2.40539,Nuit avec éclairage allumé,En agglomération,Intersection en X,Normale,Deux véhicules - côté,3,1,1,0,1,1,1,0,1,50,,3,1,0,2,0,66.0,53.0,,,5,2,2,1,3
202100009299,2021-11-04 19:30:00,2021,11,4,19,30,94,94041,Rue Marat,48.80812,2.38829,Nuit avec éclairage non allumé,En agglomération,Intersection en T,Pluie légère,Autre collision,4,1,1,0,1,2,2,0,1,50,,2,1,0,0,1,69.0,,,,4,2,3,2,6
202100009300,2021-11-05 21:15:00,2021,11,5,21,15,94,94033,Avenue de la République,48.85256,2.46081,Nuit avec éclairage allumé,En agglomération,Intersection en T,Normale,Deux véhicules - côté,3,2,2,0,2,1,1,5,1,50,,3,2,0,0,1,45.0,31.0,,,5,2,3,1,3
202100009301,2021-11-05 17:00:00,2021,11,5,17,0,94,94028,Carrefour de Pompadour,48.7747,2.43937,Plein jour,En agglomération,Giratoire,Temps couvert,Deux véhicules - côté,3,1,1,0,1,1,1,0,1,50,,2,1,0,0,1,61.0,29.0,,,1,2,6,8,3
202100009302,2021-11-05 12:30:00,2021,11,5,12,30,94,94028,Route de Choisy,48.78367,2.44733,Plein jour,En agglomération,Hors intersection,Normale,Deux véhicules - arrière,3,1,2,0,1,1,1,5,1,50,,2,1,0,0,1,31.0,,,,1,2,1,1,2
202100009303,2021-11-04 18:50:00,2021,11,4,18,50,94,94028,N406,48.77424,2.44445,Nuit avec éclairage allumé,Hors agglomération,Hors intersection,Pluie forte,Deux véhicules - frontale,2,1,2,0,2,1,3,0,1,50,,2,1,0,0,1,35.0,23.0,,,5,1,1,3,1
202100009304,2021-11-04 17:30:00,2021,11,4,17,30,94,94011,Avenue des Lys,48.77065,2.49435,Nuit avec éclairage allumé,En agglomération,Giratoire,Pluie légère,Autre collision,4,2,2,0,1,1,2,0,1,50,,2,1,0,0,1,44.0,,,,5,2,6,2,6
202100009305,2021-11-04 20:50:00,2021,11,4,20,50,94,94077,RAOUL DELATTRE (R),48.72765,2.43747,Nuit avec éclairage allumé,En agglomération,Intersection en T,Brouillard / fumée,Deux véhicules - côté,3,2,2,0,1,1,2,0,1,50,,2,1,0,0,1,21.0,,,,5,2,3,5,3
202100009306,2021-11-05 07:50:00,2021,11,5,7,50,94,94002,Avenue du General Malleret-Joinville,48.80235,2.42597,Crépuscule ou aube,En agglomération,Hors intersection,Normale,Autre collision,4,2,2,0,1,1,1,0,1,30,,2,1,0,0,1,49.0,,,,2,2,1,1,6
202100009307,2021-11-04 01:20:00,2021,11,4,1,20,95,95527,circuit 1,48.9983,2.5239,Nuit avec éclairage allumé,Hors agglomération,Autre intersection,Normale,Deux véhicules - côté,4,1,3,0,1,1,1,9,1,70,,3,1,1,1,0,23.0,30.0,,,5,1,9,1,3
202100009308,2021-11-05 19:10:00,2021,11,5,19,10,93,93039,PONT DE L'ILE SAINT DENIS,48.9357937711,2.3396571687,Nuit avec éclairage allumé,En agglomération,Hors intersection,Normale,Autre collision,3,2,4,3,1,1,1,2,6,50,,2,1,0,0,1,47.0,,,,5,2,1,1,6
202100009309,2021-11-05 09:05:00,2021,11,5,9,5,93,93051,NEUILLY (PONT),48.8529,2.5331,Plein jour,En agglomération,Hors intersection,Normale,Deux véhicules - arrière,3,1,1,0,1,1,1,2,8,50,,2,1,0,1,0,34.0,30.0,,,1,2,1,1,2
202100009310,2021-11-04 16:30:00,2021,11,4,16,30,93,93006,THOMAS RUE DU LIEUTENANT,48.8598,2.4198,Plein jour,En agglomération,Hors intersection,Pluie forte,Deux véhicules - côté,4,1,2,0,1,1,2,0,1,30,,2,1,0,0,1,38.0,57.0,,,1,2,1,3,3
202100009311,2021-11-04 16:50:00,2021,11,4,16,50,93,93029,JULES VERNE,48.922971,2.420959,Plein jour,En agglomération,Autre intersection,Pluie légère,Deux véhicules - côté,4,2,1,0,1,1,2,0,1,30,,3,2,0,0,1,19.0,51.0,,,1,2,9,2,3
202100009312,2021-11-05 14:25:00,2021,11,5,14,25,93,93057,ROBILLARD (AL.),48.9042737758,2.5047048302,Plein jour,En agglomération,Intersection en X,Normale,Autre collision,3,2,2,0,1,3,1,0,1,50,,2,1,0,0,1,80.0,,,,1,2,2,1,6
202100009313,2021-11-05 09:20:00,2021,11,5,9,20,93,93007,ARISTIDE BRIAND (AVENUE COTE PAIRS),48.9445895919,2.4484629929,Plein jour,En agglomération,Intersection en T,Normale,Deux véhicules - arrière,3,2,2,0,1,1,1,0,1,50,,2,1,0,0,1,19.0,33.0,,,1,2,3,1,2
202100009314,2021-11-05 22:15:00,2021,11,5,22,15,93,93005,HENRI BARBUSSE (RUE),48.9291669698,2.489367598,Nuit avec éclairage allumé,En agglomération,Intersection en X,Normale,Deux véhicules - côté,4,1,1,0,1,1,1,0,1,50,,2,1,0,0,1,26.0,33.0,,,5,2,2,1,3