accident_id,datetime,annee,mois,jour,heure,minute,departement,commune_insee,adresse,latitude,longitude,luminosite,agglomeration,intersection,meteo,collision,catr,circ,nbv,vosp,prof,plan,surf,infra,situ,vma,nb_vehicules,nb_usagers,nb_indemnes,nb_tues,nb_blesses_hosp,nb_blesses_legers,age_cond_1,age_cond_2,veh_type_cond_1,veh_type_cond_2,lum_code,agg_code,int_code,atm_code,col_code
202100009315,2021-11-05 20:00:00,2021,11,5,20,0,93,93005,ALESIA (RUE D'),48.9254886052,2.5031772064,Nuit avec éclairage allumé,En agglomération,Intersection en X,Normale,Autre collision,4,-1,0,0,1,1,1,9,8,50,,2,1,0,0,1,72.0,,,,5,2,2,1,6
202100009316,2021-11-05 11:35:00,2021,11,5,11,35,93,93001,ANDRE KARMAN (RUE)  => 136/143,48.90473,2.3839,Plein jour,En agglomération,Hors intersection,Normale,Deux véhicules - arrière,4,1,1,0,1,1,1,0,1,50,,2,1,0,0,1,41.0,62.0,,,1,2,1,1,2
202100009317,2021-11-05 19:50:00,2021,11,5,19,50,92,92064,MONT VALERIEN,48.8537855482,2.215783596,Nuit avec éclairage allumé,En agglomération,Hors intersection,Normale,Autre collision,4,2,2,0,1,1,1,0,1,50,,2,1,0,0,1,76.0,,,,5,2,1,1,6
202100009318,2021-11-05 13:00:00,2021,11,5,13,0,92,92026,Rue de l’Industrie,48.8919693807,2.2565585375,Plein jour,En agglomération,Hors intersection,Normale,Sans collision,4,1,1,0,1,1,1,0,8,50,,1,0,0,0,1,16.0,,,,1,2,1,1,7
202100009319,2021-11-05 10:00:00,2021,11,5,10,0,92,92050,VAILLANT COUTURIER PAUL RUE,48.8825254624,2.2044503453,Plein jour,En agglomération,Intersection en X,Normale,Autre collision,3,2,3,0,2,1,1,0,1,50,,2,1,0,0,1,35.0,,,,1,2,2,1,6
202100009320,2021-11-05 21:05:00,2021,11,5,21,5,92,92020,BROSSOLETTE RUE PIERRE AUTRES N°,48.7997701486,2.2856658697,Nuit avec éclairage allumé,En agglomération,Intersection en X,Normale,Deux véhicules - côté,3,2,2,0,1,1,1,0,1,50,,2,1,0,0,1,25.0,33.0,,,5,2,2,1,3
202100009321,2021-11-05 07:08:00,2021,11,5,7,8,92,92048,GARDES (ROUTE DES) N° 91 A 93,48.815228,2.221434,Plein jour,En agglomération,Autre intersection,Normale,Deux véhicules - côté,3,2,4,0,1,1,2,0,1,50,,2,1,0,1,0,47.0,30.0,,,1,2,9,1,3
202100009322,2021-10-24 00:55:00,2021,10,24,0,55,92,92044,VIC. HUGO(RUE)091A113 ET 112A146,48.89829,2.29434,Nuit avec éclairage allumé,En agglomération,Intersection à plus de 4 branches,Normale,Deux véhicules - côté,3,2,3,3,1,1,1,0,1,50,,2,1,0,0,1,27.0,23.0,,,5,2,5,1,3
202100009323,2021-10-15 09:35:00,2021,10,15,9,35,92,92044,J. GUESDERUE)141A151ET 150A158,48.90044,2.28649,Plein jour,En agglomération,Intersection en X,Normale,Deux véhicules - côté,4,1,2,0,1,1,1,0,1,50,,2,1,0,0,1,22.0,34.0,,,1,2,2,1,3
202100009324,2021-11-05 13:00:00,2021,11,5,13,0,92,92026,COUPOLE-REGNAULT (PARKINGS),48.8947151206,2.2433459759,Plein jour,En agglomération,Autre intersection,Normale,Sans collision,4,1,2,0,3,3,1,1,1,50,,1,0,0,0,1,16.0,,,,1,2,9,1,7
202100009325,2021-11-05 16:20:00,2021,11,5,16,20,92,92026,ARISTIDE BRIAND,48.899254,2.257751,Plein jour,En agglomération,Intersection en T,Normale,Deux véhicules - côté,4,2,2,0,1,1,1,0,1,30,,2,1,0,0,1,27.0,97.0,,,1,2,3,1,3
202100009326,2021-11-05 09:10:00,2021,11,5,9,10,92,92025,STALINGRAD (AV DE),48.935674861,2.2609828413,Plein jour,En agglomération,Intersection en X,Temps couvert,Deux véhicules - arrière,1,1,2,0,2,1,1,3,1,50,,2,1,0,0,1,22.0,43.0,,,1,2,2,8,2
202100009327,2021-11-03 16:00:00,2021,11,3,16,0,92,92025,ESTIENNE D'ORVES (RUE),48.915727,2.242405,Plein jour,En agglomération,Hors intersection,Normale,Deux véhicules - côté,4,1,1,0,1,1,1,0,1,30,,2,0,0,1,1,18.0,24.0,,,1,2,1,1,3
202100009328,2021-11-06 07:17:00,2021,11,6,7,17,974,97415,Route des Premiers Francais,-21.014136,55.264839,Plein jour,En agglomération,Hors intersection,Normale,Sans collision,2,1,1,0,1,2,1,0,1,50,,1,0,0,1,0,24.0,,,,1,2,1,1,7
202100009329,2021-11-06 19:14:00,2021,11,6,19,14,65,65301,D632,43.304351,0.226185,Nuit sans éclairage public,Hors agglomération,Hors intersection,Normale,Deux véhicules - frontale,3,2,2,0,1,1,1,2,1,50,,2,1,1,0,0,67.0,51.0,,,3,1,1,1,1
202100009330,2021-11-06 12:30:00,2021,11,6,12,30,50,50648,RN 13 Pk 38+400 SENS CHERBOURG CAEN,49.500981,-1.487081,Plein jour,Hors agglomération,Hors intersection,Normale,Autre collision,2,3,4,0,1,2,1,3,3,110,,1,0,0,1,0,31.0,,,,1,1,1,1,6
202100009331,2021-11-06 01:36:00,2021,11,6,1,36,62,62869,D60,50.258277,2.741341,Nuit sans éclairage public,En agglomération,Giratoire,Normale,Autre collision,3,1,1,1,4,2,1,5,8,80,,1,0,0,1,0,25.0,,,,3,2,6,1,6
202100009332,2021-11-03 13:15:00,2021,11,3,13,15,57,57556,20 Rue Robert Schuman,49.055888,6.927631,Plein jour,En agglomération,Hors intersection,Normale,Autre collision,3,2,2,0,1,1,2,0,1,50,,2,1,0,1,0,45.0,,,,1,2,1,1,6
202100009333,2021-11-05 12:45:00,2021,11,5,12,45,62,62005,D7,50.138461,2.760973,Plein jour,Hors agglomération,Hors intersection,Normale,Autre collision,3,2,2,0,1,1,1,0,3,80,,2,1,0,1,0,19.0,,,,1,1,1,1,6
202100009334,2021-11-05 17:30:00,2021,11,5,17,30,19,19068,D14,45.168605,1.65194,Nuit sans éclairage public,Hors agglomération,Hors intersection,Normale,Deux véhicules - côté,3,2,2,0,1,2,2,0,1,70,,3,0,0,1,2,49.0,20.0,,,3,1,1,1,3
202100009335,2021-11-06 01:25:00,2021,11,6,1,25,89,89093,3bis Route Nationale,48.330163,3.106792,Nuit sans éclairage public,En agglomération,Hors intersection,Normale,Autre collision,3,2,2,3,1,1,1,-1,3,70,,1,0,0,0,1,26.0,,,,3,2,1,1,6
202100009336,2021-11-05 14:10:00,2021,11,5,14,10,49,49030,D206,47.362207,-0.040794,Plein jour,Hors agglomération,Hors intersection,Normale,Deux véhicules - arrière,3,2,2,0,1,1,1,0,1,80,,2,1,0,1,0,18.0,,,,1,1,1,1,2
202100009337,2021-11-05 23:55:00,2021,11,5,23,55,12,12032,Chemin du Lezert,44.27757,2.363139,Nuit sans éclairage public,Hors agglomération,Hors intersection,Normale,Autre collision,4,2,2,0,2,3,1,0,3,50,,2,0,0,1,1,27.0,,,,3,1,1,1,6
202100009338,2021-11-05 13:15:00,2021,11,5,13,15,47,47265,Pressoire,44.488542,0.583354,Plein jour,Hors agglomération,Hors intersection,Normale,Deux véhicules - frontale,3,2,2,0,1,2,1,0,1,80,,2,1,0,1,0,57.0,58.0,,,1,1,1,1,1
202100009339,2021-11-06 14:45:00,2021,11,6,14,45,34,34228,D907,43.412717,2.741609,Plein jour,Hors agglomération,Hors intersection,Vent fort / tempête,Autre collision,3,2,2,0,1,2,1,0,3,80,,1,0,0,1,0,56.0,,,,1,1,1,6,6
202100009340,2021-11-05 15:50:00,2021,11,5,15,50,22,22264,RD 6,48.749299,-3.253471,Plein jour,Hors agglomération,Hors intersection,Normale,Deux véhicules - frontale,3,2,2,0,2,3,1,0,1,80,,3,0,0,2,1,57.0,80.0,,,1,1,1,1,1
202100009341,2021-11-05 18:10:00,2021,11,5,18,10,25,25240,1 Rue des Tilleuls,47.069599,6.619665,Nuit avec éclairage allumé,En agglomération,Hors intersection,Normale,Autre collision,4,2,2,0,1,1,2,0,1,50,,2,1,0,1,0,73.0,,,,5,2,1,1,6
202100009342,2021-11-02 15:45:00,2021,11,2,15,45,44,44098,La Chinoise,47.477735,-2.180035,Plein jour,Hors agglomération,Giratoire,Temps couvert,Deux véhicules - côté,3,2,2,0,1,1,2,0,1,70,,2,1,0,1,0,58.0,63.0,,,1,1,6,8,3
202100009343,2021-11-05 21:00:00,2021,11,5,21,0,29,29020,D785 - Menhir Al Leurguer,48.058506,-4.023077,Nuit sans éclairage public,Hors agglomération,Hors intersection,Normale,Deux véhicules - arrière,3,2,2,0,1,1,1,0,1,80,,2,1,0,0,1,22.0,33.0,,,3,1,1,1,2
202100009344,2021-11-02 14:30:00,2021,11,2,14,30,31,31592,Route de Bretx,43.728985,1.198475,Plein jour,Hors agglomération,Intersection en T,Normale,Deux véhicules - côté,3,2,1,0,1,1,1,0,1,80,,2,1,0,1,0,37.0,16.0,,,1,1,3,1,3
202100009345,2021-11-06 05:00:00,2021,11,6,5,0,38,38315,13 Rue Gambetta,45.535998,5.67225,Nuit avec éclairage allumé,En agglomération,Intersection en T,Temps couvert,Autre collision,3,2,1,0,1,1,2,2,8,50,,1,0,1,0,0,21.0,,,,5,2,3,8,6
202100009346,2021-11-05 09:15:00,2021,11,5,9,15,54,54059,Départementale 44,48.8737444698,6.2081873425,Plein jour,Hors agglomération,Hors intersection,Autre,Sans collision,3,2,2,0,2,2,2,0,8,80,,1,0,0,1,0,21.0,,,,1,1,1,9,7
202100009347,2021-11-05 20:45:00,2021,11,5,20,45,72,72013,68 Route du Lude,47.6824,0.24811,Nuit sans éclairage public,Hors agglomération,Hors intersection,Normale,Deux véhicules - côté,3,2,2,0,1,1,1,0,1,80,,5,2,0,3,0,33.0,33.0,,,3,1,1,1,3
202100009348,2021-11-05 17:30:00,2021,11,5,17,30,14,14726,Rue de Saint Quentin,48.813901,-0.749602,Plein jour,Hors agglomération,Hors intersection,Normale,Autre collision,3,2,1,0,2,2,1,0,1,80,,3,2,0,1,0,66.0,,,,1,1,1,1,6
202100009349,2021-11-05 18:35:00,2021,11,5,18,35,64,64437,RD933 PK54+500,43.2638547199,-1.0394954681,Nuit sans éclairage public,Hors agglomération,Hors intersection,Pluie légère,Trois véhicules et plus - collisions multiples,3,2,2,0,4,1,2,0,1,80,,3,2,0,0,1,36.0,18.0,,,3,1,1,2,5
202100009350,2021-11-06 17:30:00,2021,11,6,17,30,64,64495,D255,43.373939,-1.545897,Crépuscule ou aube,Hors agglomération,Hors intersection,Normale,Deux véhicules - frontale,3,2,2,0,2,3,1,0,1,80,,2,1,0,1,0,52.0,26.0,,,2,1,1,1,1
202100009351,2021-11-05 11:30:00,2021,11,5,11,30,10,10270,Intersection D48/D126,48.395331,4.280505,Plein jour,Hors agglomération,Intersection en X,Temps couvert,Deux véhicules - côté,3,2,2,0,4,1,1,0,1,50,,2,1,0,0,1,32.0,59.0,,,1,1,2,8,3
202100009352,2021-11-06 19:20:00,2021,11,6,19,20,07,07132,Place des Récollets,44.543475,4.294024,Nuit avec éclairage allumé,En agglomération,Hors intersection,Normale,Deux véhicules - frontale,3,2,2,0,1,1,1,0,1,50,,3,2,0,1,0,26.0,15.0,,,5,2,1,1,1
202100009353,2021-11-05 18:25:00,2021,11,5,18,25,85,85277,D73,46.529616,-1.42848,Nuit sans éclairage public,Hors agglomération,Hors intersection,Normale,Autre collision,3,2,2,0,1,1,1,0,1,80,,3,2,0,1,0,76.0,18.0,,,3,1,1,1,6
202100009354,2021-11-05 14:15:00,2021,11,5,14,15,87,87003,lieu dit Ruffec,46.277059,1.39977,Plein jour,Hors agglomération,Intersection en X,Normale,Deux véhicules - côté,3,2,2,0,2,1,1,5,1,90,,3,1,0,2,0,40.0,59.0,,,1,1,2,1,3
202100009355,2021-11-06 06:30:00,2021,11,6,6,30,30,30212,Route de Bagnols,43.951397,4.567373,Nuit avec éclairage allumé,Hors agglomération,Hors intersection,Vent fort / tempête,Deux véhicules - côté,3,2,2,0,1,1,1,0,1,70,,2,1,0,1,0,35.0,55.0,,,5,1,1,6,3
202100009356,2021-11-06 02:00:00,2021,11,6,2,0,08,08220,RD 980,49.308494,4.410303,Nuit sans éclairage public,Hors agglomération,Hors intersection,Normale,Autre collision,3,2,2,0,1,1,1,0,3,80,,1,0,1,0,0,21.0,,,,3,1,1,1,6
202100009357,2021-11-05 19:25:00,2021,11,5,19,25,973,97307,Route du Larivot,4.899045,-52.342526,Nuit avec éclairage allumé,En agglomération,Hors intersection,Pluie légère,Trois véhicules et plus - collisions multiples,3,2,2,0,1,1,2,0,1,-1,,3,2,0,1,0,20.0,53.0,,,5,2,1,2,5
202100009358,2021-11-05 01:58:00,2021,11,5,1,58,978,97801,RN 7 quartier d'orléans,18.070064,-63.034653,Nuit avec éclairage allumé,En agglomération,Hors intersection,Normale,Deux véhicules - frontale,2,2,2,0,1,1,1,0,1,50,,1,0,1,0,0,23.0,,,,5,2,1,1,1
202100009359,2021-11-05 22:15:00,2021,11,5,22,15,34,34213,Autoroute A9 PK 122+800,43.480492,3.679964,Nuit sans éclairage public,Hors agglomération,Hors intersection,Normale,Deux véhicules - arrière,1,1,3,0,1,1,1,3,1,130,,2,1,0,1,0,39.0,44.0,,,3,1,1,1,2
202100009360,2021-11-06 00:10:00,2021,11,6,0,10,59,59377,A26 PK 138+700,50.1019613481,3.1665058548,Nuit sans éclairage public,Hors agglomération,Hors intersection,Normale,Deux véhicules - arrière,1,1,2,0,2,1,1,0,1,130,,3,2,0,0,1,24.0,32.0,,,3,1,1,1,2
202100009361,2021-11-05 19:50:00,2021,11,5,19,50,987,98748,Vairao PK 10.500,-17.80782,-149.29184,Nuit avec éclairage allumé,Hors agglomération,Hors intersection,Pluie légère,Autre collision,2,2,2,0,1,1,2,0,3,70,,1,0,0,1,0,26.0,,,,5,1,1,2,6
202100009362,2021-11-06 14:28:00,2021,11,6,14,28,988,98803,RT1 NESSADIOU,-21.61999,165.548301,Plein jour,Hors agglomération,Hors intersection,Normale,Trois véhicules et plus - collisions multiples,2,2,2,0,1,1,1,0,1,70,,5,3,0,2,0,58.0,74.0,,,1,1,1,1,5
202100009363,2021-11-06 21:30:00,2021,11,6,21,30,974,97424,9 Chemin des Papayes,-21.170066,55.477105,Nuit sans éclairage public,En agglomération,Hors intersection,Normale,Autre collision,4,1,2,0,1,1,1,0,8,50,,1,0,0,1,0,20.0,,,,3,2,1,1,6
202100009364,2021-11-06 10:10:00,2021,11,6,10,10,971,97129,RN 2,16.327491,-61.691837,Plein jour,En agglomération,Hors intersection,Normale,Deux véhicules - arrière,2,2,2,0,1,1,1,0,1,50,,3,2,0,1,0,18.0,62.0,,,1,2,1,1,2
202100009365,2021-10-01 07:26:00,2021,10,1,7,26,91,91198,D449,48.462567,2.34047,Crépuscule ou aube,Hors agglomération,Hors intersection,Normale,Deux véhicules - frontale,3,2,2,0,1,1,1,0,1,80,,2,1,0,1,0,26.0,31.0,,,2,1,1,1,1
202100009366,2021-11-06 11:30:00,2021,11,6,11,30,2A,2A247,Avenue de Bastia,41.612795,9.279435,Plein jour,En agglomération,Intersection en T,Normale,Deux véhicules - côté,2,2,2,0,2,1,1,0,1,50,,2,1,0,1,0,41.0,32.0,,,1,2,3,1,3
202100009367,2021-11-02 08:15:00,2021,11,2,8,15,06,06065,89 route de gatière,43.719127,7.179267,Plein jour,En agglomération,Hors intersection,Normale,Deux véhicules - frontale,7,4,2,0,1,1,1,8,1,50,,2,1,0,0,1,29.0,23.0,,,1,2,1,1,1
202100009368,2021-11-05 07:30:00,2021,11,5,7,30,68,68287,4 Rue du Nord,47.960373,7.305756,Crépuscule ou aube,En agglomération,Intersection en T,Pluie légère,Deux véhicules - côté,4,2,2,0,1,1,2,0,1,50,,2,1,0,1,0,42.0,58.0,,,2,2,3,2,3
202100009369,2021-11-05 17:00:00,2021,11,5,17,0,73,73050,D1504,45.666973,5.854136,Crépuscule ou aube,Hors agglomération,Intersection en Y,Normale,Deux véhicules - côté,3,2,2,2,2,2,1,5,1,80,,2,0,0,1,1,23.0,46.0,,,2,1,4,1,3
202100009370,2021-11-03 10:00:00,2021,11,3,10,0,09,09194,Cours du Docteur Chabaud,43.087382,1.875073,Plein jour,En agglomération,Hors intersection,Normale,Autre collision,4,1,2,0,1,1,1,0,1,50,,3,1,0,1,1,55.0,,,,1,2,1,1,6
202100009371,2021-11-06 04:45:00,2021,11,6,4,45,50,50295,D89,48.956679,-1.200525,Nuit sans éclairage public,Hors agglomération,Intersection en X,Normale,Autre collision,3,2,2,0,1,1,1,0,8,80,,6,1,0,3,2,23.0,,,,3,1,2,1,6
202100009372,2021-11-05 17:25:00,2021,11,5,17,25,22,22008,Rue des Fougères,48.413903,-2.096323,Plein jour,Hors agglomération,Hors intersection,Temps éblouissant,Deux véhicules - côté,4,2,2,0,1,1,1,0,1,80,,2,1,0,1,0,76.0,39.0,,,1,1,1,7,3
202100009373,2021-11-05 17:15:00,2021,11,5,17,15,76,76239,D39,49.553311,0.331124,Plein jour,Hors agglomération,Hors intersection,Normale,Trois véhicules et plus - en chaîne,3,2,2,0,1,1,1,0,1,70,,4,2,0,0,2,73.0,58.0,,,1,1,1,1,4
202100009374,2021-10-25 21:45:00,2021,10,25,21,45,60,60090,D53,49.171379,1.884327,Nuit sans éclairage public,Hors agglomération,Intersection en T,Normale,Deux véhicules - frontale,3,2,2,0,1,1,2,5,1,80,,5,4,0,0,1,48.0,73.0,,,3,1,3,1,1
202100009375,2021-10-10 12:33:00,2021,10,10,12,33,60,60041,Rue Mont Cesar,49.385373,2.225874,Plein jour,En agglomération,Intersection en T,Normale,Deux véhicules - côté,4,1,2,0,1,1,1,0,1,30,,3,2,0,0,1,49.0,80.0,,,1,2,3,1,3
202100009376,2021-11-04 16:35:00,2021,11,4,16,35,13,13211,A50-Sens Marseille vers Aubagne,43.2863,5.43333,Plein jour,Hors agglomération,Hors intersection,Normale,Deux véhicules - côté,1,1,3,0,1,1,1,0,1,90,,2,1,0,0,1,23.0,21.0,,,1,1,1,1,3
202100009377,2021-11-03 08:30:00,2021,11,3,8,30,13,13056,A55-Sens Marseille vers Martigues,43.39404,5.05355,Plein jour,Hors agglomération,Hors intersection,Temps couvert,Deux véhicules - côté,1,1,2,0,1,1,1,0,1,90,,3,2,0,1,0,53.0,25.0,,,1,1,1,8,3
202100009378,2021-11-04 18:20:00,2021,11,4,18,20,83,83047,A570,43.13458,6.04716,Nuit sans éclairage public,Hors agglomération,Hors intersection,Normale,Deux véhicules - arrière,1,3,4,0,1,1,1,0,1,110,,2,1,0,0,1,81.0,44.0,,,3,1,1,1,2
202100009379,2021-11-01 19:45:00,2021,11,1,19,45,69,69029,RD383   7.640 A 11.044,45.72466,4.89244,Nuit avec éclairage allumé,Hors agglomération,Hors intersection,Normale,Deux véhicules - côté,7,1,4,0,2,4,2,0,1,70,,3,2,0,0,1,,50.0,,,5,1,1,1,3
202100009380,2021-11-04 17:40:00,2021,11,4,17,40,69,69290,A43   3.865 A 9.894,45.70098,4.97076,Nuit avec éclairage allumé,Hors agglomération,Hors intersection,Normale,Deux véhicules - arrière,1,3,4,0,1,1,1,0,1,90,,4,0,0,0,4,33.0,21.0,,,5,1,1,1,2
202100009381,2021-11-03 15:35:00,2021,11,3,15,35,33,33122,AUTOROUTE A 63,44.747177,-0.699684,Plein jour,Hors agglomération,Hors intersection,Normale,Trois véhicules et plus - en chaîne,1,3,4,0,1,1,1,0,1,110,,10,4,0,2,4,43.0,40.0,,,1,1,1,1,4
202100009382,2021-11-05 14:00:00,2021,11,5,14,0,91,91235,RN 104,48.625,2.36234,Plein jour,Hors agglomération,Hors intersection,Normale,Trois véhicules et plus - collisions multiples,2,1,2,0,1,1,1,0,1,110,,4,3,0,0,1,33.0,28.0,,,1,1,1,1,5
202100009383,2021-11-05 13:00:00,2021,11,5,13,0,77,77251,AUTOROUTE A5A,48.61929,2.55267,Plein jour,Hors agglomération,Hors intersection,Normale,Sans collision,1,3,5,0,4,3,1,9,2,50,,1,0,0,0,1,49.0,,,,1,1,1,1,7
202100009384,2021-11-05 05:15:00,2021,11,5,5,15,91,91363,RN 104,48.64022,2.20076,Nuit sans éclairage public,Hors agglomération,Hors intersection,Normale,Autre collision,2,3,2,0,1,1,2,0,3,110,,1,0,0,0,1,23.0,,,,3,1,1,1,6
202100009385,2021-11-04 21:50:00,2021,11,4,21,50,91,91689,AUTOROUTE A6,48.73859,2.31839,Nuit sans éclairage public,Hors agglomération,Hors intersection,Normale,Autre collision,1,1,3,0,1,3,1,0,1,110,,1,0,0,0,1,23.0,,,,3,1,1,1,6
202100009386,2021-11-05 03:00:00,2021,11,5,3,0,78,78322,A86 EXT,48.78088,2.17026,Nuit avec éclairage non allumé,Hors agglomération,Hors intersection,Normale,Autre collision,1,-1,2,0,1,1,2,3,1,70,,1,0,0,0,1,36.0,,,,4,1,1,1,6
202100009387,2021-11-05 13:00:00,2021,11,5,13,0,93,93006,AUTOROUTE A3,48.8667928044,2.4255566343,Plein jour,Hors agglomération,Hors intersection,Normale,Deux véhicules - arrière,1,3,10,0,1,1,1,0,1,90,,2,1,0,0,1,59.0,17.0,,,1,1,1,1,2
202100009388,2021-11-05 06:30:00,2021,11,5,6,30,95,95306, A15,48.998755,2.176823,Nuit sans éclairage public,Hors agglomération,Hors intersection,Normale,Autre collision,1,3,6,0,1,1,1,0,1,110,,1,0,0,0,1,46.0,,,,3,1,1,1,6
202100009389,2021-11-04 23:30:00,2021,11,4,23,30,95,95306, A15,49.00488,2.16641,Nuit sans éclairage public,Hors agglomération,Hors intersection,Pluie légère,Autre collision,1,3,6,0,1,1,2,0,1,110,,1,0,0,0,1,22.0,,,,3,1,1,2,6
202100009390,2021-11-04 23:30:00,2021,11,4,23,30,95,95306, A15,49.00488,2.16641,Nuit sans éclairage public,Hors agglomération,Hors intersection,Pluie légère,Autre collision,1,3,6,0,1,1,2,0,1,90,,3,0,0,0,3,30.0,,,,3,1,1,2,6
202100009391,2021-11-05 19:00:00,2021,11,5,19,0,94,94065,A86 INT,48.7536127064,2.3611575387,Nuit sans éclairage public,Hors agglomération,Hors intersection,Normale,Trois véhicules et plus - en chaîne,2,1,2,0,1,1,1,0,1,90,,4,2,0,0,2,59.0,29.0,,,3,1,1,1,4
202100009392,2021-11-05 15:43:00,2021,11,5,15,43,75,75112,A4,48.8219494658,2.4626004696,Plein jour,Hors agglomération,Hors intersection,Normale,Deux véhicules - côté,1,-1,2,0,2,2,1,0,1,90,,2,1,0,0,1,32.0,58.0,,,1,1,1,1,3
202100009393,2021-08-10 14:55:00,2021,8,10,14,55,75,75116,AVENUE MOZART,48.850233,2.266975,Plein jour,En agglomération,Hors intersection,Normale,Autre collision,4,1,2,0,4,1,1,0,1,50,,2,1,1,0,0,49.0,,,,1,2,1,1,6
202100009394,2021-11-05 10:30:00,2021,11,5,10,30,988,98818,RUE JULES FERRY/JAMES COOK,-22.26809,166.43747,Plein jour,En agglomération,Intersection en Y,Normale,Trois véhicules et plus - collisions multiples,4,1,3,0,1,1,1,0,1,50,,6,4,0,0,2,25.0,87.0,,,1,2,4,1,5
202100009395,2021-11-04 15:45:00,2021,11,4,15,45,988,98818,ROND POINT IEKAWE,-22.24511,166.46855,Plein jour,En agglomération,Autre intersection,Normale,Deux véhicules - arrière,4,1,2,0,1,3,1,9,1,50,,3,1,0,1,1,55.0,38.0,,,1,2,9,1,2
202100009396,2021-11-04 06:55:00,2021,11,4,6,55,974,97416,DIAGONALE(CHEMIN),-21.29219,55.47068,Plein jour,En agglomération,Intersection en Y,Normale,Deux véhicules - côté,4,2,2,0,1,1,1,0,1,50,,3,2,0,0,1,59.0,37.0,,,1,2,4,1,3
202100009397,2021-10-31 16:40:00,2021,10,31,16,40,974,97416,MORIN (CHEMIN),-21.31463,55.47194,Plein jour,Hors agglomération,Hors intersection,Normale,Autre collision,4,2,2,0,1,3,1,0,1,50,,1,0,0,0,1,35.0,,,,1,1,1,1,6
202100009398,2021-11-04 09:00:00,2021,11,4,9,0,974,97411,MONTAGNE (ROUTE DE LA),-20.885250931,55.4429554939,Plein jour,Hors agglomération,Hors intersection,Normale,Deux véhicules - côté,3,2,2,0,2,3,1,0,1,50,,2,1,0,0,1,19.0,40.0,,,1,1,1,1,3
202100009399,2021-11-03 19:50:00,2021,11,3,19,50,974,97407,CARPAYE(AVENUE),-20.95104,55.29837,Nuit avec éclairage allumé,En agglomération,Intersection en T,Normale,Deux véhicules - côté,4,3,2,0,1,1,1,0,1,50,,2,1,0,0,1,24.0,51.0,,,5,2,3,1,3
202100009400,2021-11-04 10:46:00,2021,11,4,10,46,973,97302,RABAN (ROUTE DE),4.9296908929,-52.3133309484,Plein jour,En agglomération,Hors intersection,Normale,Autre collision,4,-1,2,0,1,1,1,9,8,30,,2,1,0,0,1,44.0,,,,1,2,1,1,6
202100009401,2021-11-04 09:06:00,2021,11,4,9,6,973,97302,ROUTE NATIONALE 1,4.91981,-52.33056,Plein jour,Hors agglomération,Hors intersection,Pluie légère,Deux véhicules - arrière,2,3,4,0,1,4,2,0,1,90,,2,1,0,0,1,33.0,51.0,,,1,1,1,2,2
202100009402,2021-11-04 20:00:00,2021,11,4,20,0,69,69387,ANVERS (D') (R),45.74915,4.84186,Nuit avec éclairage allumé,En agglomération,Hors intersection,Pluie légère,Autre collision,4,1,1,2,1,1,2,0,1,50,,2,0,0,0,1,,,,,5,2,1,2,6
202100009403,2021-11-04 17:15:00,2021,11,4,17,15,69,69387,LECLERC (AV),45.74091,4.8274,Nuit avec éclairage allumé,En agglomération,Intersection en Y,Normale,Deux véhicules - côté,4,2,2,3,1,1,1,0,1,50,,2,1,0,0,1,28.0,33.0,,,5,2,4,1,3
202100009404,2021-11-04 10:00:00,2021,11,4,10,0,69,69383,FELIX FAURE (AV),45.75289,4.85334,Plein jour,En agglomération,Intersection en X,Normale,Deux véhicules - côté,4,2,3,2,1,1,2,0,1,50,,2,1,0,0,1,,29.0,,,1,2,2,1,3
202100009405,2021-11-04 09:15:00,2021,11,4,9,15,972,97213,ROUTE DEPARTEMENTALE 15,14.61895,-61.00516,Plein jour,Hors agglomération,Hors intersection,Normale,Deux véhicules - arrière,3,1,2,0,1,1,1,5,1,70,,2,1,0,0,1,38.0,39.0,,,1,1,1,1,2
202100009406,2021-11-04 15:50:00,2021,11,4,15,50,972,97209,BATTERIE (RUE DE LA),14.62795,-61.05492,Plein jour,En agglomération,Hors intersection,Temps éblouissant,Deux véhicules - côté,4,2,2,0,1,1,1,0,1,50,,2,1,0,0,1,13.0,89.0,,,1,2,1,7,3
202100009407,2021-11-04 11:33:00,2021,11,4,11,33,972,97209,RD 41 (ROCADE),14.6153,-61.0532,Plein jour,En agglomération,Hors intersection,Normale,Deux véhicules - côté,3,3,4,3,2,2,1,0,1,50,,2,1,0,0,1,40.0,62.0,,,1,2,1,1,3
202100009408,2021-11-04 13:30:00,2021,11,4,13,30,971,97120,CHANZY (BOULEVARD),16.2414,-61.53705,Plein jour,En agglomération,Hors intersection,Normale,Autre collision,3,3,4,0,1,1,1,0,8,50,,2,1,0,1,0,19.0,,,,1,2,1,1,6
202100009409,2021-11-03 19:25:00,2021,11,3,19,25,971,97101,Frédéric JALTON,16.27465,-61.5039,Nuit avec éclairage allumé,En agglomération,Hors intersection,Normale,Autre collision,4,3,2,0,1,1,1,0,1,50,,2,1,0,1,0,34.0,,,,5,2,1,1,6