accident_id,datetime,annee,mois,jour,heure,minute,departement,commune_insee,adresse,latitude,longitude,luminosite,agglomeration,intersection,meteo,collision,catr,circ,nbv,vosp,prof,plan,surf,infra,situ,vma,nb_vehicules,nb_usagers,nb_indemnes,nb_tues,nb_blesses_hosp,nb_blesses_legers,age_cond_1,age_cond_2,veh_type_cond_1,veh_type_cond_2,lum_code,agg_code,int_code,atm_code,col_code
202100009410,2021-10-28 10:50:00,2021,10,28,10,50,95,95427,VILLEBOIS MAREUIL (RUE),48.96219,2.33024,Plein jour,En agglomération,Intersection en T,Temps éblouissant,Deux véhicules - côté,4,2,1,0,1,1,1,0,1,50,,2,1,0,0,1,28.0,25.0,,,1,2,3,7,3
202100009411,2021-11-02 18:00:00,2021,11,2,18,0,87,87050,LIMOGES (AVENUE DE),45.87616,1.23779,Plein jour,En agglomération,Hors intersection,Pluie légère,Deux véhicules - côté,3,2,2,0,1,1,2,0,1,50,,2,1,0,0,1,23.0,19.0,,,1,2,1,2,3
202100009412,2021-11-02 17:20:00,2021,11,2,17,20,87,87085,GAMBETTA (BOULEVARD),45.82773,1.25816,Plein jour,En agglomération,Hors intersection,Pluie légère,Deux véhicules - arrière,4,2,2,0,2,1,2,0,1,50,,2,1,0,0,1,18.0,,,,1,2,1,2,2
202100009413,2021-11-03 15:25:00,2021,11,3,15,25,86,86194,Route de Gencay,46.567486,0.357563,Plein jour,En agglomération,Intersection en X,Pluie légère,Deux véhicules - côté,4,2,4,0,1,1,2,0,1,50,,3,1,0,0,2,67.0,50.0,,,1,2,2,2,3
202100009414,2021-11-03 11:15:00,2021,11,3,11,15,83,83069,JUIN ( BOULEVARD DU MARECHAL ),43.1162,6.1133,Plein jour,En agglomération,Hors intersection,Normale,Deux véhicules - arrière,7,2,2,0,1,1,1,0,1,50,,2,1,0,0,1,73.0,55.0,,,1,2,1,1,2
202100009415,2021-11-02 09:00:00,2021,11,2,9,0,80,80021,LAMARCK (RUE),49.89022,2.29826,Plein jour,En agglomération,Hors intersection,Normale,Deux véhicules - côté,4,1,1,0,1,1,1,0,1,30,,2,1,0,0,1,34.0,38.0,,,1,2,1,1,3
202100009416,2021-11-02 10:45:00,2021,11,2,10,45,80,80021,EUROPE (AVENUE DE L'),49.90754,2.30194,Plein jour,En agglomération,Intersection en X,Normale,Deux véhicules - côté,3,2,3,0,1,1,1,0,1,50,,2,1,0,0,1,73.0,37.0,,,1,2,2,1,3
202100009417,2021-11-04 09:15:00,2021,11,4,9,15,77,77048,D104,48.32428,2.69806,Plein jour,Hors agglomération,Hors intersection,Pluie légère,Autre collision,3,2,2,0,1,1,2,0,3,80,,1,0,0,0,1,22.0,,,,1,1,1,2,6
202100009418,2021-11-04 17:00:00,2021,11,4,17,0,76,76640,GRIOLET. RUE DE,49.280961,1.039197,Plein jour,En agglomération,Intersection en T,Pluie légère,Deux véhicules - côté,4,2,2,0,1,1,2,0,1,50,,2,1,0,0,1,16.0,84.0,,,1,2,3,2,3
202100009419,2021-11-04 08:55:00,2021,11,4,8,55,74,74012,BONNEVILLE (ROUTE DE),46.18417,6.24252,Plein jour,En agglomération,Hors intersection,Normale,Deux véhicules - côté,4,-1,2,1,1,1,2,0,1,50,,2,1,0,0,1,37.0,40.0,,,1,2,1,1,3
202100009420,2021-11-04 19:20:00,2021,11,4,19,20,64,64129,5 BIS AVENUE BEZIOU,43.3042614464,-0.3798812628,Nuit avec éclairage allumé,En agglomération,Hors intersection,Pluie légère,Deux véhicules - frontale,4,2,2,0,1,1,2,0,1,50,,2,1,0,1,0,67.0,61.0,,,5,2,1,2,1
202100009421,2021-11-04 17:40:00,2021,11,4,17,40,64,64132,REPUBLIQUE DE LA,43.28996,-0.33975,Crépuscule ou aube,En agglomération,Hors intersection,Pluie légère,Deux véhicules - frontale,4,2,2,0,1,1,2,0,1,50,,2,1,0,0,1,62.0,64.0,,,2,2,1,2,1
202100009422,2021-11-04 13:40:00,2021,11,4,13,40,59,59421,CARNOT (BLD) DE1 A 29,50.7035883121,3.1429213285,Plein jour,En agglomération,Hors intersection,Normale,Autre collision,7,1,2,0,1,1,1,0,6,50,,2,1,0,0,1,47.0,,,,1,2,1,1,6
202100009423,2021-11-04 12:05:00,2021,11,4,12,5,59,59009,SAULES RUE DES,50.61977,3.14882,Plein jour,En agglomération,Intersection en T,Pluie légère,Deux véhicules - côté,4,2,2,0,1,1,2,5,1,30,,2,0,0,0,2,44.0,38.0,,,1,2,3,2,3
202100009424,2021-11-04 06:40:00,2021,11,4,6,40,59,59220,ARBRISSEAU RUE DE L   N°IMPAIR,50.591324845,3.070439987,Nuit avec éclairage allumé,En agglomération,Hors intersection,Pluie légère,Autre collision,7,2,2,0,1,1,2,0,1,50,,2,1,0,0,1,,,,,5,2,1,2,6
202100009425,2021-11-03 13:05:00,2021,11,3,13,5,59,59195,HAUBOURDIN RUE D,50.62336,2.96163,Plein jour,En agglomération,Hors intersection,Normale,Deux véhicules - frontale,7,2,2,0,2,1,1,0,1,50,,2,0,0,0,2,68.0,61.0,,,1,2,1,1,1
202100009426,2021-11-03 08:49:00,2021,11,3,8,49,56,56121,Pénétrante de Lorient D465,47.73731,-3.37828,Plein jour,Hors agglomération,Hors intersection,Normale,Deux véhicules - arrière,3,2,2,0,1,1,1,0,1,70,,2,1,0,0,1,43.0,28.0,,,1,1,1,1,2
202100009427,2021-11-03 07:40:00,2021,11,3,7,40,55,55029,SAINT MIHIEL ( RUE DE ),48.77358,5.17343,Crépuscule ou aube,En agglomération,Hors intersection,Pluie légère,Autre collision,3,2,2,0,1,1,2,0,1,50,,2,1,0,0,1,32.0,,,,2,2,1,2,6
202100009428,2021-11-04 20:20:00,2021,11,4,20,20,54,54395,VINGTIEME CORPS (AVENUE DU),48.6959236639,6.1959437281,Nuit avec éclairage allumé,En agglomération,Hors intersection,Normale,Deux véhicules - arrière,4,1,2,0,1,1,1,0,1,50,,2,1,0,0,1,38.0,19.0,,,5,2,1,1,2
202100009429,2021-11-04 16:50:00,2021,11,4,16,50,54,54395,ADAM  (RUE SIGISBERT),48.69961,6.18188,Crépuscule ou aube,En agglomération,Hors intersection,Pluie légère,Deux véhicules - arrière,4,3,2,0,1,1,2,0,1,30,,2,1,0,0,1,46.0,46.0,,,2,2,1,2,2
202100009430,2021-11-02 14:00:00,2021,11,2,14,0,50,50129,DOLET (RUE ETIENNE),49.62701,-1.64673,Plein jour,En agglomération,Hors intersection,Normale,Autre collision,4,1,1,0,1,1,1,0,4,30,,4,2,0,0,2,25.0,,,,1,2,1,1,6
202100009431,2021-11-04 19:57:00,2021,11,4,19,57,49,49267,CHENE VERT,47.47022,-0.51596,Nuit avec éclairage allumé,En agglomération,Hors intersection,Normale,Deux véhicules - côté,4,2,2,0,1,1,1,0,1,50,,2,1,0,1,0,29.0,53.0,,,5,2,1,1,3
202100009432,2021-11-04 12:03:00,2021,11,4,12,3,49,49007,GRAND MONTREJEAU,47.468,-0.5211,Plein jour,En agglomération,Hors intersection,Normale,Autre collision,4,2,2,0,1,1,1,0,1,50,,2,1,0,0,1,62.0,21.0,,,1,2,1,1,6
202100009433,2021-11-04 14:00:00,2021,11,4,14,0,45,45169,Rue de la Mouchetière,47.91031,1.85751,Plein jour,En agglomération,Intersection en T,Pluie légère,Deux véhicules - côté,4,2,2,0,1,1,2,0,1,50,,2,1,0,0,1,21.0,43.0,,,1,2,3,2,3
202100009434,2021-11-03 17:25:00,2021,11,3,17,25,39,39198,Cours Georges Clemenceau,47.09112,5.48782,Crépuscule ou aube,En agglomération,Hors intersection,Pluie légère,Autre collision,4,2,2,0,1,1,2,0,1,50,,2,1,0,1,0,58.0,,,,2,2,1,2,6
202100009435,2021-11-04 20:20:00,2021,11,4,20,20,37,37261,DE GAULLE (AVENUE DU GENERAL),47.3808656002,0.6999380937,Nuit avec éclairage allumé,En agglomération,Intersection en T,Normale,Deux véhicules - côté,4,2,2,0,1,1,1,0,1,50,,2,1,0,0,1,72.0,35.0,,,5,2,3,1,3
202100009436,2021-11-04 17:40:00,2021,11,4,17,40,35,35238,VERN (DE),48.09782,-1.65523,Nuit avec éclairage allumé,En agglomération,Intersection en T,Normale,Deux véhicules - côté,4,2,4,1,1,1,2,0,1,50,,2,1,0,0,1,54.0,44.0,,,5,2,3,1,3
202100009437,2021-11-03 19:00:00,2021,11,3,19,0,35,35238,RN136,48.11411,-1.71902,Nuit avec éclairage allumé,Hors agglomération,Hors intersection,Pluie légère,Deux véhicules - arrière,2,3,4,0,1,1,2,0,1,90,,5,4,0,0,1,22.0,33.0,,,5,1,1,2,2
202100009438,2021-11-03 17:20:00,2021,11,3,17,20,33,33281,Avenue du Président John Fitzgerald Kennedy,44.83451,-0.67176,Plein jour,En agglomération,Hors intersection,Normale,Deux véhicules - arrière,4,2,2,0,1,1,1,0,1,50,,2,1,0,0,1,,30.0,,,1,2,1,1,2
202100009439,2021-11-03 07:42:00,2021,11,3,7,42,33,33119,Boulevard André Ricard,44.8602570418,-0.5382946651,Crépuscule ou aube,En agglomération,Intersection en Y,Pluie légère,Deux véhicules - côté,4,2,2,1,1,3,2,0,1,50,,2,1,0,0,1,35.0,28.0,,,2,2,4,2,3
202100009440,2021-11-04 16:55:00,2021,11,4,16,55,31,31555,RUE JULES AMILHAU,43.58281,1.41672,Plein jour,En agglomération,Hors intersection,Temps éblouissant,Autre collision,4,2,2,0,1,2,1,0,1,50,,2,1,1,0,0,59.0,,,,1,2,1,7,6
202100009441,2021-11-04 12:30:00,2021,11,4,12,30,29,29232,Avenue de Ty Bos,47.97643,-4.06878,Plein jour,En agglomération,Hors intersection,Temps couvert,Autre collision,4,-1,2,0,1,1,2,0,1,50,,1,0,0,0,1,16.0,,,,1,2,1,8,6
202100009442,2021-10-11 18:35:00,2021,10,11,18,35,28,28220,AVENUE DE LA REPUBLIQUE,48.41813,1.46573,Plein jour,En agglomération,Hors intersection,Normale,Deux véhicules - côté,3,2,2,0,1,1,1,0,1,50,,2,1,0,0,1,17.0,23.0,,,1,2,1,1,3
202100009443,2021-11-04 17:30:00,2021,11,4,17,30,26,26198,39 Avenue de Gournier,44.531289,4.744591,Nuit avec éclairage allumé,En agglomération,Hors intersection,Normale,Deux véhicules - frontale,2,2,2,1,1,1,1,0,1,50,,2,1,0,0,1,35.0,48.0,,,5,2,1,1,1
202100009444,2021-11-04 15:34:00,2021,11,4,15,34,17,17300,MONNET   AVENUE JEAN,46.14432,-1.15304,Plein jour,En agglomération,Hors intersection,Normale,Autre collision,4,2,4,2,1,1,1,6,1,50,,2,1,0,0,1,23.0,,,,1,2,1,1,6
202100009445,2021-11-03 16:05:00,2021,11,3,16,5,17,17291,QUATORZE JUILLET   RUE DU,46.17489,-1.11636,Plein jour,En agglomération,Hors intersection,Temps éblouissant,Autre collision,6,-1,-1,0,1,1,1,6,6,30,,2,1,0,1,0,71.0,,,,1,2,1,7,6
202100009446,2021-11-03 14:50:00,2021,11,3,14,50,14,14327,GAULLE (AVENUE DU GENERAL DE),49.2127,-0.34236,Plein jour,En agglomération,Autre intersection,Normale,Deux véhicules - côté,3,4,6,0,1,1,1,5,1,50,,3,2,0,0,1,72.0,48.0,,,1,2,9,1,3
202100009447,2021-10-31 02:38:00,2021,10,31,2,38,13,13056,KLEBER QUAI JEAN BAPTISTE,43.40663,5.05505,Nuit avec éclairage allumé,En agglomération,Hors intersection,Normale,Autre collision,4,2,2,0,1,1,1,0,1,30,,2,1,1,0,0,,,,,5,2,1,1,6
202100009448,2021-10-30 03:45:00,2021,10,30,3,45,13,13056,DENFERT ROCHEREAU RUE COLONEL PIERRE,43.40838,5.05472,Nuit avec éclairage allumé,En agglomération,Hors intersection,Pluie légère,Sans collision,4,1,1,0,1,1,2,6,1,30,,1,0,1,0,0,43.0,,,,5,2,1,2,7
202100009449,2021-11-04 15:51:00,2021,11,4,15,51,13,13206,EDMOND ROSTAND (RUE),43.28931,5.37987,Plein jour,En agglomération,Intersection en X,Normale,Deux véhicules - côté,4,1,0,0,1,1,1,0,1,50,,2,1,0,0,1,70.0,24.0,,,1,2,2,1,3
202100009450,2021-11-04 09:40:00,2021,11,4,9,40,13,13047,BORD DE CRAU CHEMIN DU,43.51968,4.96497,Plein jour,En agglomération,Hors intersection,Normale,Deux véhicules - côté,4,2,2,0,1,1,1,0,1,50,,2,1,0,1,0,23.0,63.0,,,1,2,1,1,3
202100009451,2021-11-04 09:10:00,2021,11,4,9,10,13,13005,DIX NEUF MARS 1962 (AVENUE DU),43.2879323812,5.5721860209,Plein jour,En agglomération,Hors intersection,Normale,Autre collision,7,2,2,0,2,1,1,6,1,50,,2,1,0,0,1,31.0,,,,1,2,1,1,6
202100009452,2021-11-04 05:31:00,2021,11,4,5,31,11,11069,ROCADE SUD RD 6161,43.1944141059,2.3431777954,Nuit sans éclairage public,Hors agglomération,Hors intersection,Pluie forte,Sans collision,3,-1,2,0,2,1,2,0,3,80,,1,0,0,0,1,30.0,,,,3,1,1,3,7
202100009453,2021-11-03 08:48:00,2021,11,3,8,48,10,10333,ROCADE OUEST (RD 610),48.26943,4.05029,Plein jour,En agglomération,Hors intersection,Pluie légère,Autre collision,3,1,1,0,2,2,2,0,3,50,,4,3,0,0,1,56.0,,,,1,2,1,2,6
202100009454,2021-11-04 14:00:00,2021,11,4,14,0,06,06088,ANGLAIS (DU N° 265 AU N° 350),43.677842,7.229306,Plein jour,En agglomération,Intersection en X,Normale,Deux véhicules - côté,7,1,3,0,1,1,1,0,1,50,,3,0,0,0,3,34.0,18.0,,,1,2,2,1,3
202100009455,2021-11-03 15:53:00,2021,11,3,15,53,02,02738,YSER (DE L'),49.663027,3.289022,Plein jour,En agglomération,Autre intersection,Normale,Deux véhicules - côté,4,2,2,0,1,1,1,0,1,50,,2,1,0,0,1,30.0,54.0,,,1,2,9,1,3
202100009456,2021-11-04 12:25:00,2021,11,4,12,25,75,75112,PORTE DOREE,48.838692,2.412999,Plein jour,En agglomération,Hors intersection,Normale,Deux véhicules - côté,4,1,4,0,1,1,2,0,1,70,,2,1,0,0,1,22.0,45.0,,,1,2,1,1,3
202100009457,2021-11-04 08:10:00,2021,11,4,8,10,75,75114,PORTE D ORLEANS,48.820678,2.323145,Plein jour,En agglomération,Hors intersection,Normale,Deux véhicules - côté,4,1,4,0,1,1,2,0,1,70,,2,1,0,0,1,19.0,57.0,,,1,2,1,1,3
202100009458,2021-11-03 18:00:00,2021,11,3,18,0,75,75116,BOULEVARD PERIPHERIQUE,48.848112,2.253383,Nuit avec éclairage allumé,En agglomération,Hors intersection,Normale,Deux véhicules - côté,4,1,4,0,1,1,1,1,1,70,,2,1,0,0,1,28.0,43.0,,,5,2,1,1,3
202100009459,2021-11-04 17:23:00,2021,11,4,17,23,75,75105,BOULEVARD DE PORT ROYAL,48.837694,2.345507,Nuit sans éclairage public,En agglomération,Intersection en X,Pluie légère,Deux véhicules - côté,4,2,4,0,1,1,2,0,1,30,,2,1,0,0,1,63.0,32.0,,,3,2,2,2,3
202100009460,2021-11-04 20:00:00,2021,11,4,20,0,75,75115,QUAI DE GRENELLE,48.84937,2.281565,Nuit avec éclairage allumé,En agglomération,Intersection en X,Pluie légère,Autre collision,4,2,4,0,1,1,2,0,1,50,,1,0,0,0,1,59.0,,,,5,2,2,2,6
202100009461,2021-11-04 17:00:00,2021,11,4,17,0,75,75115,BOULEVARD VICTOR,48.832699,2.288363,Crépuscule ou aube,En agglomération,Intersection en T,Pluie forte,Sans collision,4,1,1,1,1,1,2,-1,5,30,,1,0,0,0,1,49.0,,,,2,2,3,3,7
202100009462,2021-11-04 08:45:00,2021,11,4,8,45,75,75114,BOULEVARD JOURDAN,48.822839,2.327596,Plein jour,En agglomération,Hors intersection,Temps couvert,Autre collision,4,2,8,1,1,1,2,-1,5,50,,1,0,0,0,1,60.0,,,,1,2,1,8,6
202100009463,2021-11-03 17:40:00,2021,11,3,17,40,75,75114,AVENUE DU GENERAL LECLERC,48.828821,2.327718,Crépuscule ou aube,En agglomération,Intersection en Y,Normale,Autre collision,4,2,4,0,1,1,1,0,1,30,,2,1,0,0,1,22.0,,,,2,2,4,1,6
202100009464,2021-11-04 18:00:00,2021,11,4,18,0,75,75113,BOULEVARD DU GENERAL JEAN SIMON,48.825933,2.382723,Nuit avec éclairage allumé,En agglomération,Intersection en X,Pluie légère,Autre collision,4,2,5,0,1,1,2,8,1,50,,1,0,0,0,1,83.0,,,,5,2,2,2,6
202100009465,2021-11-04 14:05:00,2021,11,4,14,5,75,75111,BOULEVARD RICHARD LENOIR,48.857799,2.37094,Plein jour,En agglomération,Intersection en X,Temps couvert,Autre collision,4,1,2,1,1,1,1,-1,5,30,,1,0,0,0,1,36.0,,,,1,2,2,8,6
202100009466,2021-11-04 20:15:00,2021,11,4,20,15,75,75108,RUE DE ROME,48.878059,2.322628,Nuit avec éclairage allumé,En agglomération,Intersection en X,Pluie légère,Sans collision,4,2,4,0,2,1,2,0,1,30,,1,0,0,0,1,43.0,,,,5,2,2,2,7
202100009467,2021-11-03 18:27:00,2021,11,3,18,27,75,75104,BOULEVARD HENRI IV,48.850422,2.360109,Nuit avec éclairage allumé,En agglomération,Intersection en T,Temps couvert,Autre collision,4,2,4,2,1,1,2,0,1,30,,2,1,0,0,1,41.0,,,,5,2,3,8,6
202100009468,2021-11-03 14:20:00,2021,11,3,14,20,75,75101,RUE CROIX DES PETITS CHAMPS,48.864165,2.340108,Plein jour,En agglomération,Hors intersection,Normale,Autre collision,4,2,2,0,1,1,1,0,1,30,,1,0,0,0,1,22.0,,,,1,2,1,1,6
202100009469,2021-11-04 20:00:00,2021,11,4,20,0,94,94073,Avenue du Luxembourg,48.7562378032,2.3741111753,Nuit avec éclairage allumé,En agglomération,Hors intersection,Pluie légère,Deux véhicules - côté,4,2,4,3,1,1,2,5,1,50,,2,1,0,0,1,25.0,42.0,,,5,2,1,2,3
202100009470,2021-11-03 07:38:00,2021,11,3,7,38,94,94081,CHOISY (R DE),48.78346,2.40134,Nuit avec éclairage allumé,En agglomération,Intersection en X,Pluie légère,Autre collision,4,2,2,0,1,1,2,0,1,30,,2,1,0,0,1,57.0,,,,5,2,2,2,6
202100009471,2021-11-03 23:00:00,2021,11,3,23,0,94,94042,GENERAL GALLIENI - PONT DE JOINVILLE (AV,48.82011,2.47186,Nuit avec éclairage allumé,En agglomération,Hors intersection,Normale,Deux véhicules - arrière,3,2,4,3,1,1,1,2,1,50,,3,2,0,0,1,29.0,31.0,,,5,2,1,1,2
202100009472,2021-11-03 23:50:00,2021,11,3,23,50,94,94046,Avenue du Général Leclerc,48.80577,2.44093,Nuit avec éclairage allumé,En agglomération,Intersection en X,Normale,Deux véhicules - frontale,3,2,4,3,1,1,2,5,1,50,,2,1,0,0,1,35.0,48.0,,,5,2,2,1,1
202100009473,2021-11-04 17:20:00,2021,11,4,17,20,94,94076,Boulevard Maxime Gorki,48.79084,2.36959,Crépuscule ou aube,En agglomération,Hors intersection,Pluie légère,Deux véhicules - arrière,3,1,4,3,1,1,2,0,3,50,,2,1,0,0,1,,27.0,,,2,2,1,2,2
202100009474,2021-11-04 10:25:00,2021,11,4,10,25,94,94073,Boulevard du Nord,48.757101,2.368895,Plein jour,En agglomération,Intersection en T,Normale,Deux véhicules - frontale,3,1,1,0,1,1,2,0,1,50,,2,1,0,0,1,43.0,54.0,,,1,2,3,1,1
202100009475,2021-11-03 21:30:00,2021,11,3,21,30,94,94033,MARECHAL DE LATTRE DE TASSIGNY (AV DU),48.85295,2.494,Nuit avec éclairage allumé,En agglomération,Hors intersection,Normale,Deux véhicules - arrière,3,1,2,0,1,1,1,0,1,50,,2,1,0,0,1,39.0,44.0,,,5,2,1,1,2
202100009476,2021-11-03 12:30:00,2021,11,3,12,30,94,94011,Rue de la Commune,48.769604,2.484764,Plein jour,En agglomération,Hors intersection,Normale,Autre collision,4,2,0,0,1,1,1,0,1,50,,1,0,0,0,1,24.0,,,,1,2,1,1,6
202100009477,2021-11-04 11:50:00,2021,11,4,11,50,94,94022,STALINGRAD (BD DE),48.77251,2.40027,Plein jour,En agglomération,Intersection à plus de 4 branches,Pluie légère,Deux véhicules - côté,3,2,1,0,1,1,2,9,1,50,,3,2,0,0,1,26.0,27.0,,,1,2,5,2,3
202100009478,2021-11-04 10:00:00,2021,11,4,10,0,94,94054,Rue du Bas Marin,48.74646,2.38477,Plein jour,En agglomération,Hors intersection,Pluie forte,Deux véhicules - arrière,3,2,2,0,1,3,2,9,1,30,,2,1,0,1,0,33.0,22.0,,,1,2,1,3,2
202100009479,2021-11-04 17:55:00,2021,11,4,17,55,94,94019,Rue de Sucy,48.78657,2.51941,Crépuscule ou aube,En agglomération,Hors intersection,Pluie légère,Trois véhicules et plus - en chaîne,3,2,2,0,1,1,2,0,1,50,,3,2,0,0,1,68.0,29.0,,,2,2,1,2,4
202100009480,2021-11-04 17:00:00,2021,11,4,17,0,94,94002,Rue Louis Blanc,48.80835,2.42297,Crépuscule ou aube,En agglomération,Autre intersection,Pluie légère,Autre collision,4,2,2,0,1,1,2,0,1,50,,2,1,0,0,1,65.0,,,,2,2,9,2,6
202100009481,2021-11-04 10:20:00,2021,11,4,10,20,94,94002,Rue Emile Zola,48.79829,2.42014,Plein jour,En agglomération,Intersection en X,Pluie légère,Deux véhicules - côté,3,2,4,0,1,1,2,0,1,50,,3,1,0,0,2,33.0,40.0,,,1,2,2,2,3
202100009482,2021-11-04 11:50:00,2021,11,4,11,50,93,93077,CIRCULAIRE (RUE),48.8838,2.51449,Plein jour,En agglomération,Intersection à plus de 4 branches,Normale,Deux véhicules - côté,4,1,1,0,1,1,1,0,1,50,,2,1,0,0,1,30.0,30.0,,,1,2,5,1,3
202100009483,2021-11-04 19:00:00,2021,11,4,19,0,93,93047,CHARMILLES (AVENUE DES),48.8894293603,2.5484642386,Nuit avec éclairage allumé,En agglomération,Intersection en X,Pluie légère,Deux véhicules - côté,4,4,2,0,1,1,2,5,1,50,,5,3,0,0,2,54.0,25.0,,,5,2,2,2,3
202100009484,2021-11-04 11:30:00,2021,11,4,11,30,93,93057,FABIEN ( AL. DU COLONEL) 1 A 85,48.9098960402,2.4987036861,Plein jour,En agglomération,Hors intersection,Pluie légère,Autre collision,4,-1,1,0,1,1,2,0,1,30,,2,1,0,0,1,85.0,,,,1,2,1,2,6
202100009485,2021-11-04 09:30:00,2021,11,4,9,30,92,92050,REPUBLIQUE AVENUE DE LA,48.9119053555,2.2229665518,Plein jour,En agglomération,Intersection en T,Temps couvert,Autre collision,3,-1,2,0,1,1,2,0,1,50,,3,2,0,0,1,25.0,,,,1,2,3,8,6
202100009486,2021-11-04 16:40:00,2021,11,4,16,40,92,92044,BAUDIN (RUE) 27A83 ET 36 A84,48.898942968,2.2877258062,Crépuscule ou aube,En agglomération,Intersection en X,Pluie forte,Deux véhicules - côté,4,1,2,0,1,1,2,0,1,50,,2,1,0,0,1,21.0,32.0,,,2,2,2,3,3
202100009487,2021-11-04 06:30:00,2021,11,4,6,30,92,92040,VERDUN (AVENUE DE) DU 115 AU 149,48.8195376523,2.2559416294,Nuit avec éclairage allumé,En agglomération,Hors intersection,Pluie légère,Autre collision,3,2,2,1,1,1,2,0,1,30,,2,1,0,0,1,54.0,,,,5,2,1,2,6
202100009488,2021-11-03 13:50:00,2021,11,3,13,50,92,92025,AGRICULTURE (RUE DE L'),48.913205,2.239166,Plein jour,En agglomération,Intersection en X,Normale,Deux véhicules - côté,4,1,1,0,1,1,1,0,1,30,,2,1,0,0,1,33.0,21.0,,,1,2,2,1,3
202100009489,2021-11-03 18:40:00,2021,11,3,18,40,92,92024,CLICHY (QUAI DE) DE (8 A 60),48.903470802,2.289571166,Nuit avec éclairage allumé,En agglomération,Intersection en X,Temps couvert,Deux véhicules - arrière,3,2,4,0,3,1,2,5,1,50,,2,1,1,0,0,74.0,24.0,,,5,2,2,8,2
202100009490,2021-11-03 07:50:00,2021,11,3,7,50,92,92004,ROBERT DUPONT,48.9226026298,2.2858509421,Crépuscule ou aube,En agglomération,Hors intersection,Normale,Deux véhicules - arrière,3,2,0,0,1,1,1,0,1,50,,2,1,0,0,1,,42.0,,,2,2,1,1,2
202100009491,2021-10-30 19:15:00,2021,10,30,19,15,92,92004,DOCTEUR DERVAUX  ( QUAI DU ),48.9079988428,2.2924786806,Plein jour,En agglomération,Hors intersection,Normale,Deux véhicules - côté,3,-1,3,0,1,1,1,0,1,50,,2,1,0,0,1,46.0,25.0,,,1,2,1,1,3
202100009492,2021-11-04 01:54:00,2021,11,4,1,54,92,92002,RAYMON ARON (AVENUE),48.767728329,2.3107123375,Nuit avec éclairage allumé,En agglomération,Hors intersection,Normale,Autre collision,3,1,2,0,1,1,1,0,1,50,,1,0,0,0,1,50.0,,,,5,2,1,1,6
202100009493,2021-10-29 14:15:00,2021,10,29,14,15,51,51144,D16,48.735106,4.922905,Plein jour,Hors agglomération,Hors intersection,Normale,Deux véhicules - côté,3,2,2,0,1,1,1,0,1,80,,2,1,0,1,0,61.0,56.0,,,1,1,1,1,3
202100009494,2021-11-04 16:30:00,2021,11,4,16,30,62,62295,D130,50.596478,2.25666,Crépuscule ou aube,Hors agglomération,Hors intersection,Pluie forte,Autre collision,3,2,2,0,1,1,2,0,3,80,,1,0,0,1,0,24.0,,,,2,1,1,3,6
202100009495,2021-11-04 19:48:00,2021,11,4,19,48,91,91204,D26,48.570956,2.401543,Nuit sans éclairage public,Hors agglomération,Hors intersection,Pluie légère,Deux véhicules - frontale,3,2,2,0,1,1,2,5,1,-1,,2,0,0,1,1,56.0,42.0,,,3,1,1,2,1
202100009496,2021-11-05 16:10:00,2021,11,5,16,10,38,38425,Rue Louise Michel,45.3968,4.784342,Plein jour,En agglomération,Hors intersection,Normale,Deux véhicules - frontale,4,2,2,0,2,1,1,9,1,30,,2,1,0,0,1,27.0,,,,1,2,1,1,1
202100009497,2021-11-05 08:30:00,2021,11,5,8,30,95,95205,RD 316,49.03101,2.38995,Plein jour,Hors agglomération,Hors intersection,Normale,Deux véhicules - arrière,3,2,3,0,1,1,1,0,1,80,,2,1,0,1,0,42.0,20.0,,,1,1,1,1,2
202100009498,2021-09-10 11:45:00,2021,9,10,11,45,51,51425,D980,49.1322550383,3.6816370437,Plein jour,Hors agglomération,Hors intersection,Normale,Sans collision,3,2,2,0,1,1,1,0,1,90,,1,0,0,0,1,40.0,,,,1,1,1,1,7
202100009499,2021-11-05 10:50:00,2021,11,5,10,50,972,97232,Beaujolais,14.522335,-60.859473,Plein jour,Hors agglomération,Hors intersection,Normale,Autre collision,3,2,2,0,2,3,1,0,3,50,,2,1,1,0,0,34.0,,,,1,1,1,1,6
202100009500,2021-11-04 23:30:00,2021,11,4,23,30,62,62852,Rue de la Digue du Canal de Calais (Pont),50.903975,2.068942,Nuit sans éclairage public,En agglomération,Hors intersection,Autre,Autre collision,4,2,2,0,1,1,2,0,8,50,,2,1,0,0,1,19.0,,,,3,2,1,9,6
202100009501,2021-11-05 09:00:00,2021,11,5,9,0,11,11203,20 Avenue Maréchal Foch,43.200634,2.753446,Plein jour,En agglomération,Hors intersection,Normale,Deux véhicules - arrière,6,-1,-1,0,1,1,1,0,1,50,,3,2,0,1,0,77.0,72.0,,,1,2,1,1,2
202100009502,2021-11-05 15:25:00,2021,11,5,15,25,64,64410,9 Avenue de Monein,43.3653051236,-0.626116097,Plein jour,En agglomération,Intersection en X,Normale,Autre collision,3,2,2,0,1,1,2,0,1,50,,2,1,1,0,0,92.0,,,,1,2,2,1,6
202100009503,2021-11-05 17:20:00,2021,11,5,17,20,21,21214,Autoroute A6,47.189603,4.669919,Plein jour,Hors agglomération,Hors intersection,Normale,Autre collision,1,3,4,0,1,3,1,0,3,130,,2,0,0,2,0,64.0,,,,1,1,1,1,6