accident_id,datetime,annee,mois,jour,heure,minute,departement,commune_insee,adresse,latitude,longitude,luminosite,agglomeration,intersection,meteo,collision,catr,circ,nbv,vosp,prof,plan,surf,infra,situ,vma,nb_vehicules,nb_usagers,nb_indemnes,nb_tues,nb_blesses_hosp,nb_blesses_legers,age_cond_1,age_cond_2,veh_type_cond_1,veh_type_cond_2,lum_code,agg_code,int_code,atm_code,col_code
202100009504,2021-11-04 21:45:00,2021,11,4,21,45,62,62502,Route de Béthune,50.614515,2.688893,Nuit avec éclairage allumé,En agglomération,Hors intersection,Pluie forte,Deux véhicules - arrière,3,2,2,2,1,1,2,0,5,50,,2,1,0,0,1,21.0,55.0,,,5,2,1,3,2
202100009505,2021-11-05 14:02:00,2021,11,5,14,2,34,34270,"D 613, Route de Montpellier",43.578972,3.836283,Plein jour,En agglomération,Hors intersection,Normale,Deux véhicules - arrière,7,2,2,0,2,1,1,0,1,50,,2,1,0,1,0,22.0,17.0,,,1,2,1,1,2
202100009506,2021-11-01 05:50:00,2021,11,1,5,50,34,34217,980 Route de Mende,43.70355,3.867302,Nuit sans éclairage public,En agglomération,Hors intersection,Pluie légère,Deux véhicules - frontale,7,2,2,0,1,2,2,0,1,80,,2,1,0,1,0,47.0,32.0,,,3,2,1,2,1
202100009507,2021-11-05 03:10:00,2021,11,5,3,10,19,19229,25 Avenue de la Marquisie,45.1578775938,1.4697529157,Nuit avec éclairage allumé,Hors agglomération,Hors intersection,Normale,Autre collision,3,2,2,0,1,1,1,0,4,70,,1,0,0,1,0,32.0,,,,5,1,1,1,6
202100009508,2021-11-04 12:30:00,2021,11,4,12,30,32,32160,D654,43.62232,1.071894,Plein jour,Hors agglomération,Hors intersection,Temps couvert,Deux véhicules - arrière,3,2,2,0,1,1,1,0,1,70,,2,1,0,0,1,27.0,47.0,,,1,1,1,8,2
202100009509,2021-11-02 19:35:00,2021,11,2,19,35,42,42162,404 Route de Pouilly,46.019257,3.982397,Nuit avec éclairage allumé,En agglomération,Hors intersection,Pluie forte,Autre collision,3,2,2,0,1,1,2,9,1,50,,1,0,0,1,0,17.0,,,,5,2,1,3,6
202100009510,2021-11-04 23:05:00,2021,11,4,23,5,42,42323,115 Avenue du 8 Mai 1945,45.548411,4.28226,Nuit avec éclairage allumé,En agglomération,Hors intersection,Pluie légère,Deux véhicules - arrière,3,2,2,0,1,1,2,0,1,50,,4,2,0,0,2,33.0,54.0,,,5,2,1,2,2
202100009511,2021-11-03 17:50:00,2021,11,3,17,50,42,42097,M1082,45.492017,4.323544,Nuit sans éclairage public,Hors agglomération,Hors intersection,Normale,Trois véhicules et plus - en chaîne,7,2,2,0,2,1,1,0,1,80,,4,2,0,1,1,45.0,61.0,,,3,1,1,1,4
202100009512,2021-11-05 10:25:00,2021,11,5,10,25,68,68234,D201,47.952038,7.363994,Plein jour,Hors agglomération,Hors intersection,Temps couvert,Sans collision,3,2,2,0,1,2,2,0,4,80,,1,0,0,0,1,28.0,,,,1,1,1,8,7
202100009513,2021-11-03 19:00:00,2021,11,3,19,0,68,68248,rue principale,47.492595,7.391331,Nuit avec éclairage allumé,En agglomération,Intersection en T,Pluie légère,Deux véhicules - côté,3,2,2,0,1,1,2,0,8,50,,2,1,0,0,1,17.0,73.0,,,5,2,3,2,3
202100009514,2021-11-04 19:37:00,2021,11,4,19,37,25,25222,D492,47.185254,6.266615,Nuit sans éclairage public,Hors agglomération,Hors intersection,Pluie légère,Deux véhicules - frontale,3,2,2,0,1,1,2,0,1,80,,3,0,0,1,2,34.0,52.0,,,3,1,1,2,1
202100009515,2021-11-04 10:37:00,2021,11,4,10,37,44,44154,Avenue de la Combe des Bondres,47.2214092436,-2.1612864733,Plein jour,En agglomération,Intersection en X,Normale,Deux véhicules - côté,4,2,2,0,1,1,2,0,1,50,,2,1,0,1,0,76.0,69.0,,,1,2,2,1,3
202100009516,2021-11-04 05:55:00,2021,11,4,5,55,35,35069,D463,48.042555,-1.446495,Nuit sans éclairage public,Hors agglomération,Hors intersection,Normale,Autre collision,3,2,2,0,1,2,1,0,3,80,,1,0,0,1,0,55.0,,,,3,1,1,1,6
202100009517,2021-11-05 08:48:00,2021,11,5,8,48,13,13010,RD 35,43.899033,4.722866,Plein jour,Hors agglomération,Hors intersection,Normale,Sans collision,3,2,2,0,1,2,1,0,1,80,,2,1,1,0,0,48.0,18.0,,,1,1,1,1,7
202100009518,2021-11-05 15:05:00,2021,11,5,15,5,03,03029,N209,46.228938,3.432734,Plein jour,Hors agglomération,Hors intersection,Normale,Deux véhicules - frontale,2,2,2,0,1,1,1,0,1,80,,3,0,0,2,1,40.0,72.0,,,1,1,1,1,1
202100009519,2021-11-05 08:40:00,2021,11,5,8,40,01,01069,Chemin des Buclanes,46.153943,5.262194,Plein jour,En agglomération,Hors intersection,Normale,Deux véhicules - frontale,4,2,2,0,1,1,1,0,1,-1,,2,1,0,0,1,27.0,53.0,,,1,2,1,1,1
202100009520,2021-07-29 09:00:00,2021,7,29,9,0,06,06127,M2565,44.089693,7.249537,Plein jour,Hors agglomération,Hors intersection,Normale,Deux véhicules - arrière,7,2,2,0,1,1,1,0,1,50,,3,1,0,0,2,22.0,54.0,,,1,1,1,1,2
202100009521,2021-11-04 23:00:00,2021,11,4,23,0,14,14203,D675,49.23745,-0.07319111,Nuit sans éclairage public,Hors agglomération,Giratoire,Pluie légère,Sans collision,3,1,1,0,1,2,2,0,1,70,,1,0,0,0,1,29.0,,,,3,1,6,2,7
202100009522,2021-11-05 07:40:00,2021,11,5,7,40,36,36018,,46.6310289178,1.0623345728,Crépuscule ou aube,En agglomération,Intersection en X,Normale,Deux véhicules - côté,3,2,2,0,3,1,1,2,1,50,,2,1,0,1,0,15.0,63.0,,,2,2,2,1,3
202100009523,2021-11-05 08:15:00,2021,11,5,8,15,85,85051,D31,46.67082,-1.017866,Crépuscule ou aube,Hors agglomération,Hors intersection,Brouillard / fumée,Sans collision,3,2,2,0,1,1,2,0,3,80,,1,0,0,1,0,82.0,,,,2,1,1,5,7
202100009524,2021-10-24 18:20:00,2021,10,24,18,20,17,17057,D116,46.177334,-0.842514,Plein jour,Hors agglomération,Hors intersection,Normale,Sans collision,3,2,2,0,1,1,1,0,1,80,,2,1,0,0,1,45.0,,,,1,1,1,1,7
202100009525,2021-11-04 08:55:00,2021,11,4,8,55,35,35210,D125,48.130115,-1.805159,Plein jour,Hors agglomération,Intersection en X,Normale,Deux véhicules - côté,7,2,2,0,1,1,2,9,1,50,,2,1,0,1,0,24.0,27.0,,,1,1,2,1,3
202100009526,2021-11-01 11:30:00,2021,11,1,11,30,06,06027,"Autoroute A8 PK 180.300 NORD, sens NICE / CANNES",43.650405,7.14184,Plein jour,Hors agglomération,Hors intersection,Pluie forte,Deux véhicules - arrière,1,3,5,0,1,1,2,0,1,100,,2,1,0,0,1,47.0,53.0,,,1,1,1,3,2
202100009527,2021-11-04 20:15:00,2021,11,4,20,15,988,98811,RT1,-21.093469,164.887061,Nuit sans éclairage public,Hors agglomération,Hors intersection,Normale,Trois véhicules et plus - collisions multiples,2,2,2,0,1,1,1,0,1,90,,5,1,0,1,3,37.0,45.0,,,3,1,1,1,5
202100009528,2021-11-03 14:10:00,2021,11,3,14,10,971,97134,Route du Bouchu,16.065139,-61.761099,Plein jour,Hors agglomération,Hors intersection,Normale,Autre collision,2,2,2,0,1,1,1,0,3,70,,1,0,0,1,0,25.0,,,,1,1,1,1,6
202100009529,2021-11-04 20:40:00,2021,11,4,20,40,77,77308,D41,49.0379463542,2.7382165722,Nuit sans éclairage public,Hors agglomération,Hors intersection,Temps éblouissant,Deux véhicules - frontale,3,2,2,0,1,3,2,0,1,80,,4,0,0,2,2,39.0,19.0,,,3,1,1,7,1
202100009530,2021-11-05 09:25:00,2021,11,5,9,25,2B,2B055,T20,42.5084258716,9.321985245,Plein jour,Hors agglomération,Autre intersection,Temps couvert,Deux véhicules - côté,2,2,2,0,2,3,2,0,1,70,,2,1,1,0,0,29.0,36.0,,,1,1,9,8,3
202100009531,2021-11-05 12:40:00,2021,11,5,12,40,05,05053,route départementale 1075,44.352984,5.765972,Plein jour,Hors agglomération,Hors intersection,Normale,Autre collision,3,2,2,0,1,1,1,0,3,90,,2,0,0,1,1,78.0,,,,1,1,1,1,6
202100009532,2021-11-05 07:00:00,2021,11,5,7,0,13,13015,D6,43.446298,5.441548,Crépuscule ou aube,Hors agglomération,Hors intersection,Normale,Deux véhicules - côté,7,3,2,0,1,1,1,0,1,110,,2,1,0,0,1,24.0,22.0,,,2,1,1,1,3
202100009533,2021-11-02 17:07:00,2021,11,2,17,7,03,03254,intersection d46/d219,46.318372,3.3428,Crépuscule ou aube,Hors agglomération,Intersection en T,Pluie légère,Deux véhicules - arrière,3,2,2,0,1,1,2,0,1,90,,2,1,0,0,1,28.0,25.0,,,2,1,3,2,2
202100009534,2021-10-25 17:12:00,2021,10,25,17,12,73,73329,D1201,45.631716,5.89188,Crépuscule ou aube,Hors agglomération,Hors intersection,Normale,Deux véhicules - arrière,3,2,2,0,1,1,1,0,1,80,,2,1,0,1,0,73.0,64.0,,,2,1,1,1,2
202100009535,2021-11-04 15:00:00,2021,11,4,15,0,38,38344,2 Rue des Arnaudes,45.374071,4.812635,Plein jour,En agglomération,Hors intersection,Normale,Autre collision,3,2,2,0,1,1,1,0,1,50,,2,1,0,0,1,46.0,,,,1,2,1,1,6
202100009536,2021-10-30 13:38:00,2021,10,30,13,38,19,19038,RD 1089,45.225094,1.705674,Plein jour,Hors agglomération,Hors intersection,Pluie légère,Autre collision,3,3,2,0,1,2,2,0,3,90,,1,0,0,1,0,23.0,,,,1,1,1,2,6
202100009537,2021-10-16 23:45:00,2021,10,16,23,45,33,33146,D2,45.105925,-0.728703,Nuit sans éclairage public,Hors agglomération,Hors intersection,Normale,Deux véhicules - frontale,3,2,2,0,1,1,1,0,1,80,,2,1,0,1,0,32.0,20.0,,,3,1,1,1,1
202100009538,2021-11-04 22:15:00,2021,11,4,22,15,22,22008,2 Sentier des Briandais,48.41355,-2.103325,Nuit sans éclairage public,En agglomération,Hors intersection,Pluie légère,Autre collision,3,-1,0,0,1,1,2,0,8,50,,2,1,0,1,0,34.0,,,,3,2,1,2,6
202100009539,2021-11-05 15:00:00,2021,11,5,15,0,76,76718,D6015,49.615653,0.698243,Plein jour,Hors agglomération,Hors intersection,Normale,Trois véhicules et plus - collisions multiples,3,2,3,0,1,1,1,0,1,80,,3,0,0,1,2,35.0,52.0,,,1,1,1,1,5
202100009540,2021-11-03 18:15:00,2021,11,3,18,15,60,60139,Rue François Truffaut,49.1576184329,2.2579414858,Nuit avec éclairage allumé,Hors agglomération,Hors intersection,Pluie légère,Deux véhicules - côté,4,2,2,0,1,1,2,6,1,-1,,2,1,0,0,1,21.0,64.0,,,5,1,1,2,3
202100009541,2021-10-28 13:10:00,2021,10,28,13,10,60,60133,intersection RD 94 et RD 916,49.535915,2.384527,Plein jour,Hors agglomération,Intersection en X,Normale,Deux véhicules - côté,3,3,2,0,1,1,1,0,1,80,,2,0,0,1,1,44.0,51.0,,,1,1,2,1,3
202100009542,2021-11-05 15:25:00,2021,11,5,15,25,60,60143,Rue Pierre Budin,49.268911,1.887556,Plein jour,En agglomération,Intersection en X,Normale,Trois véhicules et plus - en chaîne,3,2,2,0,3,1,1,0,1,50,,3,1,0,0,2,30.0,20.0,,,1,2,2,1,4
202100009543,2021-11-04 18:00:00,2021,11,4,18,0,59,59136,RD 643,50.113623,3.499092,Nuit sans éclairage public,Hors agglomération,Hors intersection,Pluie légère,Trois véhicules et plus - en chaîne,3,2,3,0,1,1,2,0,1,90,,6,4,0,1,1,20.0,56.0,,,3,1,1,2,4
202100009544,2021-11-04 09:00:00,2021,11,4,9,0,13,13055,A507 sens Aubagne- Marseille,43.3299405761,5.4115204811,Plein jour,Hors agglomération,Hors intersection,Normale,Deux véhicules - arrière,1,1,3,0,1,1,1,1,1,70,,2,1,0,0,1,30.0,20.0,,,1,1,1,1,2
202100009545,2021-11-03 18:42:00,2021,11,3,18,42,13,13210,A50-Sens Marseille vers Aubagne,43.2846,5.41255,Nuit sans éclairage public,Hors agglomération,Hors intersection,Normale,Deux véhicules - arrière,1,3,3,0,1,1,1,0,1,90,,2,1,0,0,1,23.0,63.0,,,3,1,1,1,2
202100009546,2021-11-04 07:55:00,2021,11,4,7,55,33,33039,,44.80564,-0.53087,Crépuscule ou aube,Hors agglomération,Hors intersection,Brouillard / fumée,Deux véhicules - côté,2,3,7,0,1,1,1,3,1,90,,5,4,0,0,1,33.0,30.0,,,2,1,1,5,3
202100009547,2021-11-04 09:10:00,2021,11,4,9,10,77,77495,RN 105,48.5896,2.6372,Plein jour,Hors agglomération,Hors intersection,Normale,Sans collision,1,1,0,0,1,2,2,0,8,70,,1,0,0,0,1,20.0,,,,1,1,1,1,7
202100009548,2021-11-04 08:20:00,2021,11,4,8,20,94,94037,AUTOROUTE A6A,48.81428,2.35506,Nuit avec éclairage allumé,Hors agglomération,Hors intersection,Normale,Deux véhicules - côté,1,1,2,0,1,2,2,1,1,50,,1,0,0,0,1,23.0,,,,5,1,1,1,3
202100009549,2021-11-04 06:50:00,2021,11,4,6,50,94,94038,AUTOROUTE A6B,48.774,2.3461,Nuit avec éclairage allumé,Hors agglomération,Hors intersection,Pluie légère,Sans collision,1,1,3,0,1,1,2,0,1,90,,2,1,0,0,1,53.0,26.0,,,5,1,1,2,7
202100009550,2021-11-04 16:00:00,2021,11,4,16,0,78,78362,A13,48.976367,1.720469,Plein jour,Hors agglomération,Hors intersection,Normale,Autre collision,1,3,3,0,1,1,1,0,1,110,,1,0,0,0,1,48.0,,,,1,1,1,1,6
202100009551,2021-11-04 10:10:00,2021,11,4,10,10,78,78423,RN12,48.793608,2.051661,Plein jour,Hors agglomération,Hors intersection,Normale,Autre collision,2,1,2,0,1,3,1,0,3,70,,1,0,0,0,1,23.0,,,,1,1,1,1,6
202100009552,2021-11-04 09:30:00,2021,11,4,9,30,78,78640,A86 EXT,48.77774,2.219627,Plein jour,Hors agglomération,Hors intersection,Normale,Deux véhicules - arrière,1,3,3,0,2,1,2,0,1,90,,2,1,0,0,1,23.0,39.0,,,1,1,1,1,2
202100009553,2021-11-03 19:20:00,2021,11,3,19,20,92,92050,A86,48.904611,2.208195,Nuit sans éclairage public,Hors agglomération,Hors intersection,Normale,Trois véhicules et plus - en chaîne,1,3,3,0,1,1,1,0,1,90,,4,2,0,0,2,40.0,24.0,,,3,1,1,1,4
202100009554,2021-11-03 14:35:00,2021,11,3,14,35,92,92025,A86,48.9253996939,2.2332822352,Plein jour,Hors agglomération,Hors intersection,Normale,Deux véhicules - côté,1,-1,2,0,1,1,1,0,1,90,,2,1,0,0,1,52.0,26.0,,,1,1,1,1,3
202100009555,2021-11-03 08:00:00,2021,11,3,8,0,78,78206,A13,48.946925,1.947265,Crépuscule ou aube,Hors agglomération,Hors intersection,Normale,Autre collision,1,3,3,0,1,1,2,0,1,130,,1,0,0,0,1,27.0,,,,2,1,1,1,6
202100009556,2021-11-04 18:30:00,2021,11,4,18,30,93,93010,AUTOROUTE A3,48.8898955345,2.473500967,Nuit sans éclairage public,Hors agglomération,Hors intersection,Pluie légère,Deux véhicules - arrière,1,1,4,0,1,1,2,0,1,90,,2,0,0,0,2,46.0,25.0,,,3,1,1,2,2
202100009557,2021-11-04 18:30:00,2021,11,4,18,30,93,93064,AUTOROUTE A103,48.8867225004,2.4774731528,Nuit sans éclairage public,Hors agglomération,Hors intersection,Pluie légère,Autre collision,1,1,2,0,2,3,2,0,1,50,,1,0,0,0,1,26.0,,,,3,1,1,2,6
202100009558,2021-11-04 08:45:00,2021,11,4,8,45,93,93064,AUTOROUTE A86,48.87656,2.47824,Plein jour,Hors agglomération,Hors intersection,Pluie légère,Deux véhicules - arrière,1,1,6,0,1,1,2,0,1,90,,2,1,0,0,1,,44.0,,,1,1,1,2,2
202100009559,2021-11-04 08:15:00,2021,11,4,8,15,93,93064,AUTOROUTE A86,48.87656,2.47824,Plein jour,Hors agglomération,Hors intersection,Pluie légère,Deux véhicules - côté,1,1,6,0,2,3,2,0,1,90,,2,1,0,0,1,20.0,45.0,,,1,1,1,2,3
202100009560,2021-11-04 07:00:00,2021,11,4,7,0,93,93078,AUTOROUTE A104,48.95848,2.53321,Nuit sans éclairage public,Hors agglomération,Hors intersection,Pluie légère,Trois véhicules et plus - en chaîne,1,1,6,0,1,1,2,0,1,90,,3,2,0,0,1,29.0,22.0,,,3,1,1,2,4
202100009561,2021-11-03 23:27:00,2021,11,3,23,27,95,95572, A15,49.02819,2.12818,Nuit sans éclairage public,Hors agglomération,Hors intersection,Normale,Autre collision,1,1,6,0,1,2,1,0,1,90,,1,0,0,0,1,49.0,,,,3,1,1,1,6
202100009562,2021-11-03 15:00:00,2021,11,3,15,0,95,95028,RN 104,49.0624273836,2.3370220881,Plein jour,Hors agglomération,Hors intersection,Normale,Autre collision,2,1,2,0,1,1,1,0,1,90,,1,0,0,0,1,58.0,,,,1,1,1,1,6
202100009563,2021-11-04 22:10:00,2021,11,4,22,10,77,77258,A4.Y,48.82984,2.62289,Nuit sans éclairage public,Hors agglomération,Hors intersection,Normale,Deux véhicules - côté,1,1,3,0,1,1,2,0,2,110,,2,1,0,0,1,23.0,27.0,,,3,1,1,1,3
202100009564,2021-05-11 10:25:00,2021,5,11,10,25,14,14225,Boulevard Maurice Thorez,49.27617,-0.10198,Plein jour,En agglomération,Giratoire,Temps couvert,Autre collision,3,2,0,0,1,3,1,5,8,50,,2,0,0,1,1,77.0,,,,1,2,6,8,6
202100009565,2021-11-03 09:25:00,2021,11,3,9,25,971,97107,PAUL LACAVE ( AVENUE ),16.04619,-61.5628,Plein jour,En agglomération,Intersection en Y,Normale,Autre collision,3,1,1,0,1,3,1,0,1,50,,2,1,0,0,1,77.0,,,,1,2,4,1,6
202100009566,2021-05-31 18:05:00,2021,5,31,18,5,59,59122,SOLESMES (ROUTE DE),50.1788652689,3.2606137238,Plein jour,Hors agglomération,Hors intersection,Temps éblouissant,Trois véhicules et plus - collisions multiples,3,2,2,0,2,2,1,0,1,80,,6,2,1,2,1,26.0,25.0,,,1,1,1,7,5
202100009567,2021-10-28 20:00:00,2021,10,28,20,0,06,06083,EDOUARD VII (AVENUE),43.77182,7.49664,Nuit avec éclairage allumé,En agglomération,Intersection en X,Normale,Deux véhicules - côté,3,2,-1,0,1,1,1,0,1,50,,2,1,0,0,1,57.0,67.0,,,5,2,2,1,3
202100009568,2021-08-18 03:00:00,2021,8,18,3,0,83,83118,CHEMIN DES SANGLIERS,43.417909,6.841843,Nuit sans éclairage public,Hors agglomération,Hors intersection,Normale,Sans collision,4,-1,0,0,1,1,1,9,8,30,,5,0,5,0,0,22.0,,,,3,1,1,1,7
202100009569,2021-06-02 07:30:00,2021,6,2,7,30,74,74012,VALLEES (ROUTE DES),46.1927,6.24468,Plein jour,En agglomération,Autre intersection,Normale,Autre collision,3,2,2,0,1,1,1,0,1,50,,2,1,0,0,1,28.0,,,,1,2,9,1,6
202100009570,2021-11-02 22:02:00,2021,11,2,22,2,973,97302,BADUEL (ROUTE DE),4.9392893231,-52.3183321953,Nuit avec éclairage non allumé,En agglomération,Intersection en X,Normale,Deux véhicules - frontale,3,2,2,0,1,1,1,0,1,50,,2,1,0,0,1,42.0,26.0,,,4,2,2,1,1
202100009571,2021-11-03 18:00:00,2021,11,3,18,0,69,69388,HENRI BARBUSSE (R),45.73041,4.85676,Plein jour,En agglomération,Intersection en T,Normale,Deux véhicules - côté,4,2,2,2,1,1,1,0,1,50,,2,1,0,0,1,,38.0,,,1,2,3,1,3
202100009572,2021-11-03 08:25:00,2021,11,3,8,25,972,97213,ROUTE DEPARTEMENTALE 3 BIS,14.65669,-60.97463,Plein jour,En agglomération,Place,Normale,Deux véhicules - côté,3,2,2,0,1,1,1,0,1,50,,5,4,0,0,1,36.0,30.0,,,1,2,7,1,3
202100009573,2021-11-03 19:50:00,2021,11,3,19,50,69,69384,HENRI CHEVALIER (R),45.783283538,4.8274867237,Nuit avec éclairage allumé,En agglomération,Autre intersection,Normale,Deux véhicules - côté,4,2,2,0,1,1,1,0,1,50,,2,1,0,0,1,58.0,28.0,,,5,2,9,1,3
202100009574,2021-11-03 10:20:00,2021,11,3,10,20,2B,2B120,11 - RT,42.64976,9.44054,Plein jour,Hors agglomération,Hors intersection,Pluie légère,Trois véhicules et plus - en chaîne,2,2,4,0,1,1,2,0,1,70,,3,2,0,0,1,66.0,23.0,,,1,1,1,2,4
202100009575,2021-11-03 08:02:00,2021,11,3,8,2,95,95280,GARE (ROUTE DE LA),49.01428,2.47079,Plein jour,En agglomération,Hors intersection,Pluie légère,Autre collision,3,2,2,0,2,1,2,0,1,50,,2,0,0,0,2,57.0,,,,1,2,1,2,6
202100009576,2021-11-03 15:05:00,2021,11,3,15,5,91,91432,AV FERDINAND DE LESSEPS,48.703768,2.339585,Plein jour,En agglomération,Intersection en T,Normale,Deux véhicules - côté,3,2,2,0,1,1,1,0,1,50,,2,1,0,0,1,33.0,64.0,,,1,2,3,1,3
202100009577,2021-11-03 10:20:00,2021,11,3,10,20,91,91589,RUE DE PARIS,48.68512,2.34928,Plein jour,En agglomération,Intersection en X,Normale,Deux véhicules - côté,3,-1,2,0,1,1,1,0,1,50,,3,2,0,0,1,18.0,85.0,,,1,2,2,1,3
202100009578,2021-11-02 15:30:00,2021,11,2,15,30,89,89024,MONETEAU (ROUTE DE),47.82384,3.58387,Plein jour,Hors agglomération,Hors intersection,Normale,Deux véhicules - arrière,3,2,3,0,1,1,1,0,1,70,,2,0,0,1,1,71.0,73.0,,,1,1,1,1,2
202100009579,2021-11-03 13:30:00,2021,11,3,13,30,78,78551,PEREIRE,48.90149,2.07396,Plein jour,En agglomération,Intersection en X,Temps couvert,Deux véhicules - côté,2,4,4,0,1,1,2,0,1,45,,2,1,0,1,0,25.0,24.0,,,1,2,2,8,3
202100009580,2021-11-02 10:30:00,2021,11,2,10,30,72,72181,WILBUR WRIGHT (RUE),48.0084940063,0.1970028875,Plein jour,En agglomération,Giratoire,Normale,Deux véhicules - côté,4,-1,2,1,1,3,1,0,1,30,,2,1,0,0,1,26.0,28.0,,,1,2,6,1,3
202100009581,2021-11-03 18:00:00,2021,11,3,18,0,71,71306,Quai Jules Chagot,46.678222,4.36624,Crépuscule ou aube,En agglomération,Hors intersection,Pluie légère,Autre collision,4,2,2,0,1,1,2,0,1,50,,2,1,0,1,0,40.0,,,,2,2,1,2,6
202100009582,2021-11-02 08:05:00,2021,11,2,8,5,71,71540,Rond-Point du Vieux Saule,46.7680062947,4.4518350258,Plein jour,Hors agglomération,Hors intersection,Pluie légère,Sans collision,3,1,2,0,1,2,8,5,1,50,,1,0,0,0,1,37.0,,,,1,1,1,2,7
202100009583,2021-10-25 02:00:00,2021,10,25,2,0,70,70550,POINT DU JOUR (RUE DU),47.63118,6.16253,Nuit avec éclairage allumé,En agglomération,Hors intersection,Temps couvert,Autre collision,4,1,1,0,1,1,1,0,1,30,,4,3,0,1,0,26.0,,,,5,2,1,8,6
202100009584,2021-11-03 17:25:00,2021,11,3,17,25,69,69256,CANUTS (DES) (AV) ,45.76271,4.92926,Crépuscule ou aube,En agglomération,Intersection en X,Normale,Deux véhicules - frontale,4,2,3,1,1,1,1,0,1,50,,2,1,0,0,1,15.0,48.0,,,2,2,2,1,1
202100009585,2021-11-03 06:25:00,2021,11,3,6,25,69,69115,GRANGE ROLLIN (DE LA) (R),45.9729,4.71939,Nuit sans éclairage public,En agglomération,Hors intersection,Pluie légère,Trois véhicules et plus - collisions multiples,4,2,2,0,2,1,2,0,1,50,,3,2,0,0,1,33.0,44.0,,,3,2,1,2,5
202100009586,2021-11-02 18:34:00,2021,11,2,18,34,67,67482,RIBEAUVILLE (RUE DE),48.56356,7.76779,Nuit avec éclairage allumé,En agglomération,Passage à niveau,Normale,Deux véhicules - côté,4,3,6,3,1,1,1,4,1,50,,2,1,0,0,1,22.0,32.0,,,5,2,8,1,3
202100009587,2021-11-02 08:02:00,2021,11,2,8,2,66,66136,LANGUEDOC (AVENUE DU CD 88),42.72212,2.88645,Plein jour,En agglomération,Intersection en T,Normale,Deux véhicules - côté,4,2,2,0,1,1,1,0,1,50,,2,1,0,0,1,19.0,72.0,,,1,2,3,1,3
202100009588,2021-11-03 08:25:00,2021,11,3,8,25,56,56121,Rue de Lanveur,47.74437,-3.39495,Plein jour,En agglomération,Hors intersection,Normale,Autre collision,4,2,2,0,1,1,1,0,1,30,,1,0,0,0,1,42.0,,,,1,2,1,1,6
202100009589,2021-10-31 17:10:00,2021,10,31,17,10,56,56098,JAURES (RUE  JEAN ),47.76413,-3.36036,Plein jour,En agglomération,Hors intersection,Normale,Deux véhicules - côté,3,2,2,0,1,1,1,0,5,50,,2,1,0,0,1,25.0,27.0,,,1,2,1,1,3
202100009590,2021-10-29 17:25:00,2021,10,29,17,25,56,56121,CHAZELLES ( COURS LOUIS  DE ),47.75492,-3.36324,Plein jour,En agglomération,Hors intersection,Normale,Autre collision,4,2,4,3,1,1,1,5,1,30,,2,1,0,0,1,61.0,,,,1,2,1,1,6
202100009591,2021-10-29 13:45:00,2021,10,29,13,45,56,56098,CROIZAT ( AVE AMBROISE ),47.7736,-3.34724,Plein jour,En agglomération,Hors intersection,Normale,Deux véhicules - côté,3,2,2,0,1,1,1,0,1,50,,2,1,0,0,1,55.0,31.0,,,1,2,1,1,3
202100009592,2021-11-03 16:24:00,2021,11,3,16,24,51,51454,Rue Danton,49.2706077684,4.0235486173,Plein jour,En agglomération,Hors intersection,Normale,Sans collision,4,2,2,0,1,1,2,0,1,30,,2,1,0,0,1,54.0,,,,1,2,1,1,7
202100009593,2021-11-03 08:40:00,2021,11,3,8,40,51,51454,Rue Chanzy,49.2536359604,4.0307948918,Nuit avec éclairage allumé,En agglomération,Hors intersection,Pluie légère,Sans collision,4,1,1,3,1,1,2,0,1,30,,2,1,0,0,1,34.0,,,,5,2,1,2,7
202100009594,2021-10-07 06:28:00,2021,10,7,6,28,51,51230,Place de la République,49.04354,3.95737,Nuit avec éclairage allumé,En agglomération,Giratoire,Normale,Deux véhicules - côté,4,1,2,0,1,2,1,0,1,50,,2,1,0,1,0,51.0,38.0,,,5,2,6,1,3
202100009595,2021-11-03 19:05:00,2021,11,3,19,5,42,42316,Rue Thérèse Décline,45.40598,4.26273,Nuit avec éclairage allumé,En agglomération,Hors intersection,Pluie légère,Deux véhicules - frontale,7,2,1,0,2,1,2,0,1,50,,2,0,1,0,1,74.0,32.0,,,5,2,1,2,1
202100009596,2021-11-03 12:00:00,2021,11,3,12,0,37,37261,TANNEURS (RUE DES),47.39567537,0.6790111441,Plein jour,En agglomération,Hors intersection,Normale,Deux véhicules - arrière,4,2,4,0,1,1,1,0,1,50,,3,1,0,0,2,48.0,39.0,,,1,2,1,1,2
202100009597,2021-11-03 09:20:00,2021,11,3,9,20,37,37109,RD 37,47.4054984682,0.6408548355,Plein jour,En agglomération,Hors intersection,Normale,Autre collision,7,2,4,0,1,2,2,0,1,90,,1,0,0,0,1,20.0,,,,1,2,1,1,6
202100009598,2021-11-03 08:35:00,2021,11,3,8,35,33,33039,A631,44.81438,-0.53511,Plein jour,Hors agglomération,Hors intersection,Pluie légère,Sans collision,4,3,6,0,1,1,2,0,1,70,,1,0,0,0,1,44.0,,,,1,1,1,2,7
202100009599,2021-11-03 06:55:00,2021,11,3,6,55,33,33281,Avenue de Magudas,44.85657,-0.65331,Nuit avec éclairage allumé,En agglomération,Intersection en X,Pluie légère,Deux véhicules - côté,4,2,3,1,1,1,2,5,1,50,,2,1,0,0,1,,20.0,,,5,2,2,2,3