accident_id,datetime,annee,mois,jour,heure,minute,departement,commune_insee,adresse,latitude,longitude,luminosite,agglomeration,intersection,meteo,collision,catr,circ,nbv,vosp,prof,plan,surf,infra,situ,vma,nb_vehicules,nb_usagers,nb_indemnes,nb_tues,nb_blesses_hosp,nb_blesses_legers,age_cond_1,age_cond_2,veh_type_cond_1,veh_type_cond_2,lum_code,agg_code,int_code,atm_code,col_code
202100009600,2021-11-03 00:10:00,2021,11,3,0,10,33,33063,Quai de Paludate,44.825373,-0.546865,Nuit avec éclairage allumé,En agglomération,Hors intersection,Pluie légère,Autre collision,4,2,2,0,1,1,2,0,3,50,,2,1,0,0,1,51.0,,,,5,2,1,2,6
202100009601,2021-11-03 03:30:00,2021,11,3,3,30,31,31433,VA007307 FRANCAZAL A64 Sortie 37,43.54002,1.39567,Nuit sans éclairage public,Hors agglomération,Hors intersection,Pluie légère,Autre collision,1,3,3,0,1,1,2,0,1,90,,1,0,0,0,1,52.0,,,,3,1,1,2,6
202100009602,2021-11-02 08:35:00,2021,11,2,8,35,27,27229,POTIER (CHEMIN),49.001,1.12339,Plein jour,En agglomération,Hors intersection,Normale,Trois véhicules et plus - en chaîne,4,-1,2,0,2,2,1,0,1,50,,4,3,0,0,1,56.0,65.0,,,1,2,1,1,4
202100009603,2021-10-31 19:45:00,2021,10,31,19,45,25,25462,PAREUSES DES (+ CITE),46.90622,6.36215,Nuit avec éclairage allumé,En agglomération,Hors intersection,Normale,Autre collision,4,2,2,0,2,1,1,0,1,50,,1,0,0,0,1,22.0,,,,5,2,1,1,6
202100009604,2021-11-03 14:20:00,2021,11,3,14,20,25,25056,OUEST BOULEVARD,47.21916,5.98221,Plein jour,En agglomération,Intersection en X,Pluie légère,Trois véhicules et plus - en chaîne,2,2,2,0,1,1,2,0,1,50,,5,3,0,0,2,18.0,35.0,,,1,2,2,2,4
202100009605,2021-11-01 19:15:00,2021,11,1,19,15,25,25056,LECLERC   PLACE MARECHAL,47.24226,6.01476,Nuit avec éclairage allumé,En agglomération,Intersection à plus de 4 branches,Pluie légère,Deux véhicules - frontale,3,1,2,0,1,1,2,0,1,50,,2,1,0,0,1,20.0,29.0,,,5,2,5,2,1
202100009606,2021-10-31 17:55:00,2021,10,31,17,55,24,24322,HUGO ( RUE VICTOR),45.18929,0.71299,Crépuscule ou aube,En agglomération,Intersection en T,Pluie légère,Deux véhicules - côté,3,2,2,0,1,1,2,5,1,50,,2,1,0,1,0,19.0,28.0,,,2,2,3,2,3
202100009607,2021-11-02 18:30:00,2021,11,2,18,30,15,15014,Avenue du Général Leclerc,44.911724,2.442951,Nuit avec éclairage allumé,En agglomération,Hors intersection,Pluie forte,Deux véhicules - côté,4,2,2,0,1,1,2,0,1,50,,2,1,0,0,1,47.0,40.0,,,5,2,1,3,3
202100009608,2021-11-03 10:50:00,2021,11,3,10,50,13,13203,FORTUNÉ JOURDAN (RUE),43.3110901724,5.3862281847,Plein jour,En agglomération,Intersection en X,Normale,Deux véhicules - côté,4,1,1,0,1,1,1,0,1,50,,2,1,0,0,1,51.0,41.0,,,1,2,2,1,3
202100009609,2021-11-02 13:40:00,2021,11,2,13,40,11,11069,IENA -ALLEE D'- N° IMPAIRS APRES 51,43.21755,2.34521,Plein jour,En agglomération,Hors intersection,Normale,Autre collision,3,1,2,0,1,2,1,0,1,50,,2,1,0,0,1,33.0,,,,1,2,1,1,6
202100009610,2021-11-02 10:00:00,2021,11,2,10,0,10,10333,ECHENILLY (RUE),48.2743653347,4.0401488541,Plein jour,En agglomération,Giratoire,Temps couvert,Deux véhicules - côté,3,2,2,0,1,1,2,5,5,50,,2,1,0,0,1,28.0,71.0,,,1,2,6,8,3
202100009611,2021-11-03 16:30:00,2021,11,3,16,30,06,06069,POMPIDOU (AVENUE GEORGES) -RD 6085,43.647629,6.937358,Crépuscule ou aube,En agglomération,Hors intersection,Pluie légère,Deux véhicules - côté,4,2,2,0,2,2,2,0,1,50,,2,1,0,0,1,24.0,54.0,,,2,2,1,2,3
202100009612,2021-11-02 07:40:00,2021,11,2,7,40,75,75112,AVENUE DAUMESNIL,48.834203,2.410758,Crépuscule ou aube,En agglomération,Intersection à plus de 4 branches,Normale,Deux véhicules - côté,4,2,2,0,1,1,1,0,1,50,,2,1,0,1,0,16.0,57.0,,,2,2,5,1,3
202100009613,2021-11-03 16:15:00,2021,11,3,16,15,75,75120,RUE DE BAGNOLET,48.857599,2.399338,Plein jour,En agglomération,Intersection en X,Temps couvert,Deux véhicules - côté,4,2,2,0,1,1,2,0,1,30,,2,1,0,0,1,26.0,23.0,,,1,2,2,8,3
202100009614,2021-11-03 19:45:00,2021,11,3,19,45,75,75119,BOULEVARD PERIPHERIQUE,48.887361,2.396807,Nuit avec éclairage allumé,En agglomération,Hors intersection,Normale,Trois véhicules et plus - en chaîne,4,1,4,0,1,1,1,0,1,70,,3,2,0,0,1,70.0,48.0,,,5,2,1,1,4
202100009615,2021-11-03 16:20:00,2021,11,3,16,20,75,75118,BOULEVARD ORNANO,48.897309,2.344916,Plein jour,En agglomération,Hors intersection,Temps couvert,Trois véhicules et plus - collisions multiples,4,2,6,3,1,1,1,-1,6,30,,3,1,0,0,2,62.0,43.0,,,1,2,1,8,5
202100009616,2021-11-03 19:45:00,2021,11,3,19,45,75,75117,PLACE DU MARECHAL JUIN,48.884552,2.297714,Nuit avec éclairage allumé,En agglomération,Place,Normale,Deux véhicules - côté,4,1,4,1,1,2,1,-1,5,30,,2,1,0,0,1,32.0,,,,5,2,7,1,3
202100009617,2021-11-03 09:05:00,2021,11,3,9,5,75,75117,RUE NAVIER,48.895866,2.32302,Plein jour,En agglomération,Intersection en X,Normale,Autre collision,4,2,3,0,1,1,2,0,1,30,,2,0,0,0,2,55.0,,,,1,2,2,1,6
202100009618,2021-11-03 00:30:00,2021,11,3,0,30,75,75117,AVENUE NIEL,48.881913,2.295897,Nuit avec éclairage allumé,En agglomération,Intersection à plus de 4 branches,Pluie légère,Autre collision,4,2,2,0,1,1,2,0,1,30,,1,0,0,0,1,30.0,,,,5,2,5,2,6
202100009619,2021-10-31 04:50:00,2021,10,31,4,50,75,75116,AVENUE DE NEW YORK,48.862109,2.293266,Nuit avec éclairage allumé,En agglomération,Intersection en T,Pluie légère,Deux véhicules - arrière,4,1,1,0,1,1,2,0,1,30,,3,1,0,0,2,31.0,18.0,,,5,2,3,2,2
202100009620,2021-11-02 19:48:00,2021,11,2,19,48,75,75114,AVENUE ERNEST REYER,48.822657,2.322664,Nuit avec éclairage allumé,En agglomération,Intersection en X,Normale,Autre collision,4,2,2,0,1,1,1,0,1,30,,2,1,0,0,1,20.0,,,,5,2,2,1,6
202100009621,2021-11-02 23:20:00,2021,11,2,23,20,75,75113,AVENUE DE LA PORTE D ITALIE,48.8164252086,2.3603117466,Nuit avec éclairage allumé,En agglomération,Intersection en X,Pluie forte,Deux véhicules - arrière,4,1,4,0,1,1,2,0,1,30,,2,1,0,0,1,28.0,41.0,,,5,2,2,3,2
202100009622,2021-11-03 20:40:00,2021,11,3,20,40,75,75112,QUAI DE BERCY,48.838414,2.376119,Nuit avec éclairage allumé,En agglomération,Intersection en X,Normale,Deux véhicules - côté,4,3,2,0,1,1,1,0,1,30,,4,2,0,0,2,31.0,36.0,,,5,2,2,1,3
202100009623,2021-11-03 08:00:00,2021,11,3,8,0,75,75112,AVENUE DAUMESNIL,48.846632,2.376711,Plein jour,En agglomération,Intersection en X,Normale,Autre collision,4,2,3,0,1,1,2,0,1,30,,2,1,0,0,1,39.0,,,,1,2,2,1,6
202100009624,2021-11-03 11:40:00,2021,11,3,11,40,75,75110,RUE CIVIALE,48.872564,2.376232,Plein jour,En agglomération,Intersection en Y,Normale,Sans collision,4,2,2,1,1,1,1,-1,5,30,,1,0,0,0,1,17.0,,,,1,2,4,1,7
202100009625,2021-11-03 12:50:00,2021,11,3,12,50,75,75109,RUE LAMARTINE,48.876558,2.341292,Plein jour,En agglomération,Intersection en X,Normale,Autre collision,4,2,3,0,1,1,1,0,1,30,,2,1,0,0,1,25.0,,,,1,2,2,1,6
202100009626,2021-11-02 19:00:00,2021,11,2,19,0,75,75109,BOULEVARD HAUSSMANN,48.873417,2.329695,Nuit avec éclairage allumé,En agglomération,Intersection en T,Normale,Deux véhicules - côté,4,1,4,3,1,1,1,-1,6,50,,2,1,0,0,1,20.0,22.0,,,5,2,3,1,3
202100009627,2021-11-02 13:06:00,2021,11,2,13,6,75,75108,PLACE DE LA CONCORDE,48.864172,2.320219,Plein jour,En agglomération,Place,Normale,Deux véhicules - côté,4,2,3,0,1,1,1,0,1,30,,3,2,0,0,1,57.0,69.0,,,1,2,7,1,3
202100009628,2021-10-24 23:35:00,2021,10,24,23,35,94,94081,CARRIERES (R DES),48.798461,2.391216,Nuit avec éclairage allumé,En agglomération,Intersection en T,Normale,Autre collision,4,2,2,0,1,1,1,0,1,50,,2,1,0,0,1,43.0,25.0,,,5,2,3,1,6
202100009629,2021-11-02 19:10:00,2021,11,2,19,10,94,94068,Rue du Pont de Créteil,48.80723,2.47102,Nuit avec éclairage allumé,En agglomération,Autre intersection,Normale,Autre collision,3,1,2,0,1,1,1,5,1,50,,2,1,0,0,1,19.0,,,,5,2,9,1,6
202100009630,2021-11-02 14:30:00,2021,11,2,14,30,94,94068,RABELAIS (BD),48.80552,2.48228,Plein jour,En agglomération,Hors intersection,Normale,Sans collision,3,3,2,0,1,1,1,0,1,30,,1,0,0,0,1,48.0,,,,1,2,1,1,7
202100009631,2021-11-02 10:30:00,2021,11,2,10,30,94,94076,LILAS (ALL DES),48.78206,2.36388,Plein jour,En agglomération,Hors intersection,Normale,Deux véhicules - frontale,4,2,1,0,1,3,1,0,1,50,,1,0,0,0,1,23.0,,,,1,2,1,1,1
202100009632,2021-11-03 07:45:00,2021,11,3,7,45,94,94041,Quai Jean Compagnon,48.82074,2.39566,Nuit avec éclairage allumé,En agglomération,Hors intersection,Pluie légère,Deux véhicules - côté,3,2,1,0,1,1,2,0,1,50,,2,1,0,0,1,29.0,40.0,,,5,2,1,2,3
202100009633,2021-11-03 07:50:00,2021,11,3,7,50,94,94073,Rue Victor Basch,48.76107,2.39179,Plein jour,En agglomération,Hors intersection,Pluie légère,Autre collision,4,1,1,0,1,1,2,0,1,30,,2,1,0,0,1,37.0,,,,1,2,1,2,6
202100009634,2021-10-27 17:55:00,2021,10,27,17,55,94,94028,Avenue François Mitterrand,48.76967,2.46405,Plein jour,En agglomération,Hors intersection,Normale,Deux véhicules - arrière,3,2,2,0,1,1,1,2,1,50,,2,1,0,0,1,40.0,29.0,,,1,2,1,1,2
202100009635,2021-11-03 17:30:00,2021,11,3,17,30,93,93070,SEINE (QUAI DE),48.9147469341,2.3194442689,Nuit avec éclairage allumé,En agglomération,Intersection en T,Temps couvert,Deux véhicules - côté,3,2,1,0,1,1,1,0,1,50,,2,1,0,0,1,31.0,41.0,,,5,2,3,8,3
202100009636,2021-11-03 11:25:00,2021,11,3,11,25,93,93066,LENINE (AVENUE) NR 28 A 62 ET 13 A 41,48.94379,2.36223,Plein jour,En agglomération,Autre intersection,Pluie légère,Deux véhicules - arrière,3,1,1,0,3,2,2,3,1,50,,2,1,0,0,1,44.0,22.0,,,1,2,9,2,2
202100009637,2021-11-03 02:10:00,2021,11,3,2,10,93,93048,PARIS (RUE DE),48.85721,2.43137,Nuit avec éclairage allumé,En agglomération,Intersection en X,Pluie légère,Deux véhicules - arrière,3,2,1,0,1,1,2,0,1,50,,4,3,0,0,1,51.0,66.0,,,5,2,2,2,2
202100009638,2021-11-03 08:15:00,2021,11,3,8,15,93,93077,TOUR (ALLEE DE LA),48.89696,2.50399,Plein jour,En agglomération,Hors intersection,Temps couvert,Deux véhicules - côté,4,1,2,0,1,1,2,8,1,50,,3,2,0,0,1,64.0,29.0,,,1,2,1,8,3
202100009639,2021-11-02 22:40:00,2021,11,2,22,40,93,93077,RODET (AVENUE GUSTAVE),48.8857,2.51194,Nuit avec éclairage allumé,En agglomération,Intersection en X,Pluie légère,Deux véhicules - côté,4,1,0,0,2,1,2,0,1,50,,6,2,0,0,4,50.0,21.0,,,5,2,2,2,3
202100009640,2021-11-03 12:42:00,2021,11,3,12,42,93,93053,PARC (RUE DU),48.89457,2.4437,Plein jour,En agglomération,Autre intersection,Normale,Deux véhicules - côté,3,1,2,1,1,1,1,9,5,50,,2,1,0,0,1,65.0,38.0,,,1,2,9,1,3
202100009641,2021-11-01 22:24:00,2021,11,1,22,24,93,93050,LOUIS ARMAND (RUE),48.861202,2.520234,Nuit avec éclairage allumé,En agglomération,Hors intersection,Pluie légère,Deux véhicules - côté,4,2,0,0,1,4,2,0,1,50,,2,1,0,0,1,17.0,28.0,,,5,2,1,2,3
202100009642,2021-11-03 10:30:00,2021,11,3,10,30,93,93006,CARNOT RUE SADI,48.87266,2.42168,Plein jour,En agglomération,Hors intersection,Normale,Deux véhicules - côté,4,1,1,0,2,1,1,0,1,30,,2,1,0,0,1,65.0,39.0,,,1,2,1,1,3
202100009643,2021-09-24 15:40:00,2021,9,24,15,40,93,93027,Rue de l’Union,48.928348,2.383759,Plein jour,En agglomération,Autre intersection,Normale,Deux véhicules - côté,4,2,2,0,1,1,1,0,1,30,,2,0,0,0,2,34.0,51.0,,,1,2,9,1,3
202100009644,2021-11-03 19:20:00,2021,11,3,19,20,93,93014,ROMAIN ROLLAND (ALLEE),48.9046546635,2.5523799457,Nuit avec éclairage allumé,En agglomération,Autre intersection,Normale,Deux véhicules - côté,4,1,1,1,1,1,1,0,5,30,,3,1,0,0,2,14.0,33.0,,,5,2,9,1,3
202100009645,2021-11-03 08:15:00,2021,11,3,8,15,93,93010,AULNAY (ROUTE) DE 1 A 45 COTE IMPAIRE,48.9082328348,2.4801834324,Plein jour,En agglomération,Hors intersection,Normale,Autre collision,4,2,2,0,2,1,2,0,1,50,,2,1,0,0,1,32.0,,,,1,2,1,1,6
202100009646,2021-11-03 01:25:00,2021,11,3,1,25,93,93001,SADI CARNOT (RUE)  (RESTE),48.90762,2.38394,Nuit avec éclairage allumé,En agglomération,Hors intersection,Pluie légère,Deux véhicules - côté,4,1,1,0,1,1,2,8,1,50,,2,1,0,0,1,40.0,,,,5,2,1,2,3
202100009647,2021-11-02 09:20:00,2021,11,2,9,20,93,93001,LUCIEN LEFRANC (QUAI),48.9128508231,2.3728036881,Plein jour,En agglomération,Hors intersection,Normale,Deux véhicules - côté,3,2,3,0,1,1,1,0,1,50,,2,1,0,0,1,36.0,25.0,,,1,2,1,1,3
202100009648,2021-09-16 18:45:00,2021,9,16,18,45,92,92073,SELLIER (BOULEVARD HENRI),48.8680841537,2.2247689962,Plein jour,En agglomération,Autre intersection,Normale,Deux véhicules - côté,3,1,0,0,1,1,1,0,1,50,,2,1,0,0,1,23.0,43.0,,,1,2,9,1,3
202100009649,2021-11-03 16:45:00,2021,11,3,16,45,92,92063,DOUMER (AVENUE PAUL) EST,48.87947,2.17935,Crépuscule ou aube,En agglomération,Autre intersection,Normale,Autre collision,3,3,2,0,1,1,1,9,8,50,,2,1,0,0,1,27.0,,,,2,2,9,1,6
202100009650,2021-11-02 15:15:00,2021,11,2,15,15,92,92020,VERDUN AVENUE DE AUTRES N°,48.7996408665,2.2817310691,Plein jour,En agglomération,Autre intersection,Normale,Sans collision,3,2,2,0,2,1,1,0,1,50,,1,0,0,0,1,27.0,,,,1,2,9,1,7
202100009651,2021-11-03 05:51:00,2021,11,3,5,51,92,92007,BRIAND (AVENUE ARISTIDE) N° 162 A 300,48.79091,2.31976,Nuit avec éclairage allumé,En agglomération,Hors intersection,Pluie légère,Deux véhicules - côté,3,3,5,0,1,2,2,5,1,50,,2,1,0,0,1,,21.0,,,5,2,1,2,3
202100009652,2021-11-04 08:20:00,2021,11,4,8,20,76,76258,Route Departementale 926,49.680583,0.558908,Plein jour,Hors agglomération,Hors intersection,Pluie légère,Deux véhicules - côté,3,2,2,0,1,1,2,0,1,80,,2,1,0,1,0,36.0,16.0,,,1,1,1,2,3
202100009653,2021-11-03 19:10:00,2021,11,3,19,10,22,22323,la rochette,48.537237,-2.297396,Nuit sans éclairage public,Hors agglomération,Intersection en X,Pluie légère,Trois véhicules et plus - collisions multiples,3,-1,2,0,1,1,2,5,1,80,,4,2,0,0,2,59.0,20.0,,,3,1,2,2,5
202100009654,2021-10-28 17:15:00,2021,10,28,17,15,31,31022,Avenue du Parc,43.674899657,1.4324254293,Plein jour,En agglomération,Intersection en Y,Normale,Deux véhicules - côté,4,2,2,0,1,1,1,0,1,50,,2,1,0,1,0,46.0,39.0,,,1,2,4,1,3
202100009655,2021-11-03 20:25:00,2021,11,3,20,25,974,97412,Rue Raphaël Babet,-21.380761,55.614569,Nuit sans éclairage public,En agglomération,Intersection en X,Normale,Sans collision,2,2,2,0,2,1,1,0,1,50,,1,0,0,0,1,41.0,,,,3,2,2,1,7
202100009656,2021-11-04 16:30:00,2021,11,4,16,30,01,01194,Rue du Beaujolais,45.985425,4.753497,Plein jour,En agglomération,Hors intersection,Pluie légère,Autre collision,3,3,2,0,1,1,2,9,8,50,,3,1,0,0,2,27.0,,,,1,2,1,2,6
202100009657,2021-11-03 18:30:00,2021,11,3,18,30,971,97132,route de sapotille,15.987074,-61.617465,Nuit sans éclairage public,Hors agglomération,Hors intersection,Autre,Trois véhicules et plus - collisions multiples,2,2,2,0,2,2,2,0,1,70,,4,2,0,0,2,26.0,56.0,,,3,1,1,9,5
202100009658,2021-11-02 16:00:00,2021,11,2,16,0,66,66021,RD 31,42.726603,2.94661,Plein jour,Hors agglomération,Giratoire,Temps éblouissant,Deux véhicules - côté,3,1,1,0,1,3,1,0,1,80,,2,1,0,1,0,55.0,71.0,,,1,1,6,7,3
202100009659,2021-11-03 17:45:00,2021,11,3,17,45,11,11106,D1118,43.240692,3.043392,Nuit sans éclairage public,Hors agglomération,Hors intersection,Normale,Autre collision,3,2,2,0,1,3,1,0,1,80,,2,1,0,1,0,22.0,,,,3,1,1,1,6
202100009660,2021-11-04 09:00:00,2021,11,4,9,0,63,63276,Le Clos,45.847189,3.487164,Plein jour,Hors agglomération,Hors intersection,Pluie légère,Autre collision,3,2,2,0,1,1,2,2,1,80,,1,0,0,1,0,20.0,,,,1,1,1,2,6
202100009661,2021-11-02 08:15:00,2021,11,2,8,15,61,61464,Avenue du 8 Mai 1945,48.598948,0.170996,Plein jour,En agglomération,Hors intersection,Normale,Autre collision,3,2,2,0,1,1,1,0,1,50,,2,1,0,1,0,29.0,,,,1,2,1,1,6
202100009662,2021-11-03 17:35:00,2021,11,3,17,35,49,49125,D69,47.16941,-0.287383,Crépuscule ou aube,Hors agglomération,Hors intersection,Pluie légère,Sans collision,3,2,2,0,1,1,2,0,1,80,,1,0,0,0,1,40.0,,,,2,1,1,2,7
202100009663,2021-09-26 00:08:00,2021,9,26,0,8,86,86213,D611,46.415923,0.017359,Nuit sans éclairage public,Hors agglomération,Hors intersection,Pluie légère,Autre collision,3,2,2,0,1,3,2,0,8,90,,1,0,0,1,0,27.0,,,,3,1,1,2,6
202100009664,2021-11-03 17:53:00,2021,11,3,17,53,44,44064,Les Forges,47.114014,-1.282665,Crépuscule ou aube,Hors agglomération,Autre intersection,Normale,Deux véhicules - arrière,3,2,2,0,2,2,1,3,1,80,,2,1,0,0,1,21.0,40.0,,,2,1,9,1,2
202100009665,2021-11-03 11:00:00,2021,11,3,11,0,44,44154,Place de la Victoire,47.246967,-2.166447,Plein jour,En agglomération,Giratoire,Normale,Autre collision,4,1,2,3,1,1,2,0,6,50,,2,1,0,1,0,50.0,,,,1,2,6,1,6
202100009666,2021-11-03 18:10:00,2021,11,3,18,10,35,35069,D463,48.037637,-1.500951,Crépuscule ou aube,Hors agglomération,Hors intersection,Normale,Trois véhicules et plus - collisions multiples,3,2,2,0,1,1,1,0,1,80,,4,3,0,1,0,45.0,18.0,,,2,1,1,1,5
202100009667,2021-11-04 08:50:00,2021,11,4,8,50,29,29225,D143 - Kersaudy Bihan,47.9661396059,-4.3583765424,Plein jour,Hors agglomération,Intersection en T,Normale,Deux véhicules - côté,3,2,2,0,1,1,2,0,1,80,,3,1,0,2,0,60.0,47.0,,,1,1,3,1,3
202100009668,2021-11-03 18:31:00,2021,11,3,18,31,31,31232,Avenue du 8 Mai 1945,43.767522,1.296644,Nuit avec éclairage allumé,En agglomération,Giratoire,Pluie forte,Autre collision,3,2,2,0,1,1,2,5,1,50,,2,1,0,1,0,63.0,,,,5,2,6,3,6
202100009669,2021-11-02 08:07:00,2021,11,2,8,7,72,72334,85 Rue du Général de Gaulle,48.191649,-0.129147,Crépuscule ou aube,En agglomération,Autre intersection,Brouillard / fumée,Deux véhicules - côté,3,2,2,0,2,1,2,0,1,50,,2,1,0,1,0,23.0,45.0,,,2,2,9,5,3
202100009670,2021-11-03 15:50:00,2021,11,3,15,50,90,90007,RN1019,47.598538,6.819683,Plein jour,Hors agglomération,Hors intersection,Normale,Deux véhicules - frontale,2,2,2,0,1,1,1,0,1,80,,2,1,0,1,0,33.0,47.0,,,1,1,1,1,1
202100009671,2021-11-03 19:15:00,2021,11,3,19,15,73,73298,RN90,45.6590765619,6.4262627364,Nuit sans éclairage public,Hors agglomération,Hors intersection,Pluie légère,Autre collision,2,3,4,0,1,2,2,0,1,110,,1,0,0,1,0,47.0,,,,3,1,1,2,6
202100009672,2021-11-03 18:00:00,2021,11,3,18,0,18,18197,D10,46.725771,2.507002,Nuit avec éclairage allumé,En agglomération,Intersection en X,Pluie légère,Deux véhicules - côté,3,2,2,0,1,1,2,0,1,50,,2,1,0,0,1,20.0,,,,5,2,2,2,3
202100009673,2021-11-03 18:30:00,2021,11,3,18,30,43,43012,Route de Firminy,45.37251,4.210033,Nuit sans éclairage public,Hors agglomération,Hors intersection,Pluie légère,Autre collision,3,2,2,0,1,1,2,0,3,70,,3,1,0,0,2,19.0,,,,3,1,1,2,6
202100009674,2021-11-03 18:25:00,2021,11,3,18,25,16,16405,N10,45.49973,-0.122995,Crépuscule ou aube,Hors agglomération,Hors intersection,Normale,Trois véhicules et plus - en chaîne,2,3,2,0,1,1,2,0,1,110,,7,2,0,0,5,53.0,40.0,,,2,1,1,1,4
202100009675,2021-11-04 09:55:00,2021,11,4,9,55,17,17362,Moulin de Bergis,45.369895,-0.609044,Plein jour,Hors agglomération,Hors intersection,Normale,Autre collision,3,2,2,0,1,3,1,0,3,80,,1,0,1,0,0,94.0,,,,1,1,1,1,6
202100009676,2021-10-31 11:35:00,2021,10,31,11,35,40,40036,A63,43.623634,-1.401384,Plein jour,Hors agglomération,Autre intersection,Normale,Deux véhicules - arrière,1,3,3,0,1,1,1,0,1,130,,4,3,0,1,0,27.0,69.0,,,1,1,9,1,2
202100009677,2021-11-03 21:30:00,2021,11,3,21,30,13,13044,D69,43.616815,5.030558,Nuit sans éclairage public,Hors agglomération,Hors intersection,Normale,Deux véhicules - frontale,7,2,2,0,1,1,1,0,1,80,,2,0,0,0,2,41.0,34.0,,,3,1,1,1,1
202100009678,2021-11-03 09:48:00,2021,11,3,9,48,01,01151,Autoroute A.40 - PK 147+650,46.074736,5.309921,Plein jour,Hors agglomération,Hors intersection,Normale,Deux véhicules - arrière,1,4,4,0,1,1,1,0,1,130,,2,1,0,0,1,35.0,41.0,,,1,1,1,1,2
202100009679,2021-11-03 20:43:00,2021,11,3,20,43,67,67115,D1083 PK 051.500 EBERSHEIM,48.321675,7.503147,Nuit sans éclairage public,Hors agglomération,Hors intersection,Temps couvert,Sans collision,3,3,4,0,1,3,2,0,3,110,,2,0,0,1,1,21.0,,,,3,1,1,8,7
202100009680,2021-11-03 12:10:00,2021,11,3,12,10,33,33029,A63,44.684857,-0.781832,Plein jour,Hors agglomération,Hors intersection,Pluie légère,Trois véhicules et plus - en chaîne,1,3,4,0,1,1,2,0,1,130,,9,7,0,0,2,51.0,43.0,,,1,1,1,2,4
202100009681,2021-11-03 15:59:00,2021,11,3,15,59,44,44103,D213,47.296026,-2.177675,Plein jour,Hors agglomération,Hors intersection,Normale,Deux véhicules - arrière,3,4,3,0,2,1,1,2,1,70,,2,1,0,0,1,54.0,58.0,,,1,1,1,1,2
202100009682,2021-11-04 20:40:00,2021,11,4,20,40,974,97418,N2,-20.899225,55.52318,Nuit sans éclairage public,Hors agglomération,Hors intersection,Normale,Deux véhicules - arrière,2,3,4,3,1,1,1,0,1,110,,2,1,1,0,0,30.0,31.0,,,3,1,1,1,2
202100009683,2021-11-03 08:25:00,2021,11,3,8,25,977,97701,RTE DE LURIN,17.891061,-62.841529,Plein jour,En agglomération,Hors intersection,Normale,Autre collision,4,2,2,0,2,1,2,0,1,30,,2,1,0,1,0,32.0,32.0,,,1,2,1,1,6
202100009684,2021-11-03 14:00:00,2021,11,3,14,0,971,97114,N1,16.122305,-61.577747,Plein jour,Hors agglomération,Hors intersection,Normale,Deux véhicules - frontale,2,2,3,3,4,1,1,0,1,80,,4,1,0,2,1,48.0,30.0,,,1,1,1,1,1
202100009685,2021-11-03 09:30:00,2021,11,3,9,30,77,77176,D402,48.756636,3.017415,Plein jour,Hors agglomération,Hors intersection,Normale,Deux véhicules - frontale,3,2,2,0,1,1,1,0,1,80,,2,0,1,0,1,18.0,31.0,,,1,1,1,1,1
202100009686,2021-10-20 18:20:00,2021,10,20,18,20,91,91243,allée des marronniers,48.600918,2.160182,Crépuscule ou aube,En agglomération,Hors intersection,Normale,Deux véhicules - côté,3,2,1,0,1,1,2,0,1,50,,2,1,0,0,1,59.0,58.0,,,2,2,1,1,3
202100009687,2021-11-04 10:05:00,2021,11,4,10,5,84,84129,Allée de la Traille,43.99134,4.869085,Plein jour,En agglomération,Hors intersection,Normale,Deux véhicules - frontale,4,-1,2,0,1,4,1,0,1,50,,2,0,0,1,1,48.0,86.0,,,1,2,1,1,1
202100009688,2021-10-27 16:45:00,2021,10,27,16,45,06,06011,1 Avenue des Hellènes,43.705129,7.33369,Plein jour,En agglomération,Hors intersection,Normale,Autre collision,7,2,2,0,1,1,1,0,1,30,,2,1,0,1,0,71.0,,,,1,2,1,1,6
202100009689,2021-11-04 08:35:00,2021,11,4,8,35,55,55369,D28,48.808277,5.211725,Plein jour,Hors agglomération,Hors intersection,Brouillard / fumée,Autre collision,3,2,2,0,3,2,2,0,3,80,,1,0,0,1,0,28.0,,,,1,1,1,5,6
202100009690,2021-11-03 12:00:00,2021,11,3,12,0,74,74128,Route des Vallées,46.154806,6.345272,Plein jour,Hors agglomération,Hors intersection,Pluie légère,Trois véhicules et plus - collisions multiples,3,2,2,0,1,2,2,0,1,80,,5,3,0,0,2,75.0,26.0,,,1,1,1,2,5
202100009691,2021-11-03 23:49:00,2021,11,3,23,49,38,38449,Rue du Santoyon,45.660455,5.107617,Nuit avec éclairage allumé,Hors agglomération,Hors intersection,Pluie légère,Autre collision,4,2,1,0,1,3,2,0,4,50,,1,0,0,0,1,24.0,,,,5,1,1,2,6
202100009692,2021-11-03 23:30:00,2021,11,3,23,30,44,44209,15 Rue de Nantes,47.310722,-1.618413,Nuit avec éclairage allumé,En agglomération,Hors intersection,Normale,Autre collision,3,2,2,0,2,1,1,0,1,50,,1,0,0,1,0,34.0,,,,5,2,1,1,6
202100009693,2021-11-03 17:05:00,2021,11,3,17,5,01,01264,Route de TREVOUX - RD 936 PK 40.100 / Route du Palordet VC 1,46.18768,5.118001,Plein jour,Hors agglomération,Intersection en X,Pluie légère,Deux véhicules - côté,3,2,2,0,2,1,2,0,1,80,,7,4,0,1,2,32.0,63.0,,,1,1,2,2,3