accident_id,datetime,annee,mois,jour,heure,minute,departement,commune_insee,adresse,latitude,longitude,luminosite,agglomeration,intersection,meteo,collision,catr,circ,nbv,vosp,prof,plan,surf,infra,situ,vma,nb_vehicules,nb_usagers,nb_indemnes,nb_tues,nb_blesses_hosp,nb_blesses_legers,age_cond_1,age_cond_2,veh_type_cond_1,veh_type_cond_2,lum_code,agg_code,int_code,atm_code,col_code
202100009694,2021-10-06 17:15:00,2021,10,6,17,15,69,69254,RD313,45.966991,4.417233,Plein jour,Hors agglomération,Hors intersection,Normale,Trois véhicules et plus - en chaîne,3,2,2,0,2,1,2,0,1,80,,8,7,0,0,1,25.0,44.0,,,1,1,1,1,4
202100009695,2021-11-03 22:35:00,2021,11,3,22,35,79,79049,Boulevard de l’Europe,46.834912,-0.481505,Nuit avec éclairage allumé,En agglomération,Giratoire,Normale,Deux véhicules - côté,3,-1,2,0,1,1,1,5,1,50,,2,1,0,0,1,36.0,24.0,,,5,2,6,1,3
202100009696,2021-11-04 12:30:00,2021,11,4,12,30,14,14658,Lieu Dit la Hersandiere (Mesnil-Clinchamps),48.832888,-0.961593,Plein jour,Hors agglomération,Hors intersection,Pluie légère,Sans collision,4,2,2,0,1,2,2,0,3,80,,1,0,0,1,0,35.0,,,,1,1,1,2,7
202100009697,2021-11-03 11:00:00,2021,11,3,11,0,22,22388,D776,48.436518,-2.144641,Plein jour,Hors agglomération,Intersection en Y,Temps éblouissant,Deux véhicules - côté,2,3,4,0,1,1,1,3,1,-1,,2,1,0,0,1,72.0,67.0,,,1,1,4,7,3
202100009698,2021-10-30 16:05:00,2021,10,30,16,5,22,22210,Route de Loguivy de la Mer,48.803079,-3.065242,Plein jour,Hors agglomération,Intersection en X,Temps éblouissant,Deux véhicules - côté,3,2,2,0,1,1,1,5,1,80,,4,0,0,0,4,31.0,62.0,,,1,1,2,7,3
202100009699,2021-11-03 06:00:00,2021,11,3,6,0,83,83062,A57,43.143674515,6.0206848383,Nuit sans éclairage public,Hors agglomération,Hors intersection,Pluie légère,Sans collision,1,1,1,0,1,2,2,3,3,90,,3,0,0,1,2,20.0,,,,3,1,1,2,7
202100009700,2021-11-01 03:15:00,2021,11,1,3,15,13,13023,A50,43.20987,5.62421,Nuit sans éclairage public,Hors agglomération,Hors intersection,Normale,Autre collision,1,3,6,0,1,1,1,0,1,130,,2,1,0,0,1,39.0,,,,3,1,1,1,6
202100009701,2021-11-03 09:40:00,2021,11,3,9,40,69,69275,RN346   29.300 A 34.350,45.7734,4.98439,Plein jour,Hors agglomération,Hors intersection,Normale,Deux véhicules - arrière,2,3,6,0,1,3,2,0,1,90,,7,2,0,0,5,87.0,56.0,,,1,1,1,1,2
202100009702,2021-11-03 06:40:00,2021,11,3,6,40,69,69029,RD383   7.640 A 11.044,45.73196,4.89957,Nuit avec éclairage allumé,Hors agglomération,Hors intersection,Pluie légère,Trois véhicules et plus - collisions multiples,7,2,5,0,2,1,2,0,1,70,,4,2,0,1,1,22.0,24.0,,,5,1,1,2,5
202100009703,2021-11-24 10:50:00,2021,11,24,10,50,57,57303,Autoroute A31,49.2185,6.17469,Plein jour,Hors agglomération,Hors intersection,Normale,Trois véhicules et plus - en chaîne,1,3,6,0,1,1,1,0,1,110,,5,1,0,1,3,26.0,44.0,,,1,1,1,1,4
202100009704,2021-11-01 02:30:00,2021,11,1,2,30,59,59527,ROUTE DEPARTEMENTALE 652,50.6662104273,3.0277901888,Nuit sans éclairage public,Hors agglomération,Hors intersection,Temps couvert,Autre collision,7,-1,4,0,1,1,2,0,1,90,,1,0,0,1,0,27.0,,,,3,1,1,8,6
202100009705,2021-10-31 02:05:00,2021,10,31,2,5,59,59478,AUTOROUTE A25,50.9402919301,2.4579315499,Nuit sans éclairage public,Hors agglomération,Hors intersection,Normale,Autre collision,1,-1,4,0,1,1,1,0,1,130,,3,1,0,1,1,24.0,46.0,,,3,1,1,1,6
202100009706,2021-10-22 07:40:00,2021,10,22,7,40,59,59123,AUTOROUTE A1,50.500747,3.00838,Plein jour,Hors agglomération,Hors intersection,Normale,Autre collision,1,-1,6,0,1,1,1,0,1,130,,2,1,0,1,0,35.0,35.0,,,1,1,1,1,6
202100009707,2021-11-03 17:55:00,2021,11,3,17,55,91,91174,RN 104,48.612,2.449,Nuit sans éclairage public,Hors agglomération,Hors intersection,Normale,Deux véhicules - côté,2,3,6,0,1,1,1,0,1,90,,2,1,0,0,1,19.0,40.0,,,3,1,1,1,3
202100009708,2021-11-03 07:45:00,2021,11,3,7,45,91,91228,RN 104,48.61846,2.42684,Crépuscule ou aube,Hors agglomération,Hors intersection,Pluie légère,Deux véhicules - arrière,2,1,3,0,1,1,2,0,1,90,,2,1,0,0,1,33.0,51.0,,,2,1,1,2,2
202100009709,2021-11-03 08:50:00,2021,11,3,8,50,91,91471,RN 118,48.695,2.1925,Plein jour,Hors agglomération,Hors intersection,Pluie légère,Deux véhicules - arrière,2,1,2,0,2,1,2,0,1,90,,2,1,0,0,1,25.0,38.0,,,1,1,1,2,2
202100009710,2021-11-02 23:20:00,2021,11,2,23,20,91,91689,AUTOROUTE A6A,48.74947,2.32802,Nuit sans éclairage public,Hors agglomération,Hors intersection,Pluie légère,Deux véhicules - arrière,1,3,12,0,2,1,3,0,1,110,,2,1,0,0,1,26.0,,,,3,1,1,2,2
202100009711,2021-11-03 18:00:00,2021,11,3,18,0,92,92050,A86,48.907055,2.212029,Nuit sans éclairage public,Hors agglomération,Hors intersection,Normale,Sans collision,1,3,2,0,1,1,1,0,1,90,,1,0,0,0,1,36.0,,,,3,1,1,1,7
202100009712,2021-09-09 13:10:00,2021,9,9,13,10,92,92050,A86,48.9145462162,2.2193848208,Plein jour,Hors agglomération,Hors intersection,Normale,Deux véhicules - côté,1,3,2,0,1,1,1,0,1,90,,2,1,0,0,1,35.0,25.0,,,1,1,1,1,3
202100009713,2021-11-03 17:53:00,2021,11,3,17,53,95,95028,RN 104,49.0637406446,2.3670567336,Nuit sans éclairage public,Hors agglomération,Hors intersection,Normale,Deux véhicules - arrière,2,3,4,0,1,1,1,0,1,110,,2,1,0,0,1,42.0,23.0,,,3,1,1,1,2
202100009714,2021-11-03 18:30:00,2021,11,3,18,30,93,93066,AUTOROUTE A1,48.91894,2.35744,Nuit avec éclairage allumé,Hors agglomération,Hors intersection,Normale,Deux véhicules - côté,1,1,4,0,1,1,1,0,1,90,,2,1,0,0,1,57.0,61.0,,,5,1,1,1,3
202100009715,2021-11-03 07:00:00,2021,11,3,7,0,93,93053,AUTOROUTE A3,48.8972,2.46963,Crépuscule ou aube,Hors agglomération,Hors intersection,Normale,Trois véhicules et plus - collisions multiples,1,3,8,0,1,1,2,0,1,70,,4,3,0,0,1,41.0,62.0,,,2,1,1,1,5
202100009716,2021-11-03 10:00:00,2021,11,3,10,0,93,93010,AUTOROUTE A3,48.90156,2.47004,Plein jour,Hors agglomération,Hors intersection,Temps couvert,Sans collision,1,3,6,0,1,1,2,0,1,90,,1,0,0,0,1,45.0,,,,1,1,1,8,7
202100009717,2021-06-08 15:05:00,2021,6,8,15,5,06,06027,CANNES AVENUE DE (RN7),43.65431,7.14851,Plein jour,En agglomération,Hors intersection,Temps couvert,Deux véhicules - côté,7,2,2,1,2,1,1,0,1,50,,2,1,0,0,1,34.0,17.0,,,1,2,1,8,3
202100009718,2021-11-02 18:00:00,2021,11,2,18,0,85,85191,ITALIE BOULEVARD D',46.671207,-1.418239,Nuit avec éclairage allumé,En agglomération,Hors intersection,Pluie légère,Autre collision,3,2,2,0,1,1,1,0,1,50,,2,1,0,1,0,75.0,,,,5,2,1,2,6
202100009719,2021-11-01 18:25:00,2021,11,1,18,25,78,78498,MALADRERIE AV DE LA,48.920489,2.032035,Nuit avec éclairage allumé,En agglomération,Intersection en X,Normale,Autre collision,3,2,2,0,1,1,2,0,1,30,,2,1,0,1,0,46.0,,,,5,2,2,1,6
202100009720,2021-11-01 13:05:00,2021,11,1,13,5,44,44109,RUE MONDESIR,47.21725,-1.56927,Plein jour,En agglomération,Intersection en X,Pluie légère,Deux véhicules - côté,4,1,1,0,1,1,2,0,1,30,,2,1,0,1,0,27.0,30.0,,,1,2,2,2,3
202100009721,2021-11-02 21:35:00,2021,11,2,21,35,41,41269,COURTIRAS (RUE DE),47.80315,1.04166,Nuit avec éclairage allumé,En agglomération,Hors intersection,Pluie forte,Autre collision,4,-1,2,0,1,1,2,0,1,50,,2,1,0,1,0,72.0,,,,5,2,1,3,6
202100009722,2021-10-30 13:50:00,2021,10,30,13,50,03,03023,RAMIN (RUE GABRIEL),46.11637,3.40559,Plein jour,En agglomération,Hors intersection,Pluie légère,Autre collision,4,2,2,0,1,1,2,0,1,50,,2,1,0,1,0,22.0,,,,1,2,1,2,6
202100009723,2021-01-23 15:15:00,2021,1,23,15,15,43,43224,Rue de Saint-didier,45.249645,4.239693,Plein jour,En agglomération,Intersection en X,Pluie légère,Sans collision,3,2,2,0,1,1,2,0,1,50,,3,1,0,1,1,50.0,19.0,,,1,2,2,2,7
202100009724,2021-11-02 09:50:00,2021,11,2,9,50,974,97416,CHATEAU D'EAU (CHEMIN DU),-21.3257575163,55.4746922967,Plein jour,Hors agglomération,Hors intersection,Normale,Deux véhicules - frontale,4,2,2,0,1,1,1,0,1,50,,3,2,0,1,0,17.0,73.0,,,1,1,1,1,1
202100009725,2021-11-02 16:38:00,2021,11,2,16,38,973,97302,MADELEINE (ROUTE DE LA),4.90967,-52.32158,Plein jour,En agglomération,Hors intersection,Normale,Deux véhicules - côté,3,2,1,0,1,1,1,0,1,50,,3,2,0,0,1,36.0,38.0,,,1,2,1,1,3
202100009726,2021-11-02 18:00:00,2021,11,2,18,0,69,69383,ALBERT THOMAS (CR),45.7448164073,4.8734718561,Nuit avec éclairage allumé,En agglomération,Hors intersection,Normale,Deux véhicules - arrière,4,1,2,3,1,1,2,0,1,50,,2,1,0,0,1,35.0,23.0,,,5,2,1,1,2
202100009727,2021-11-02 17:55:00,2021,11,2,17,55,69,69259,MARCEL PAUL                         (AV),45.69975,4.88186,Nuit avec éclairage allumé,En agglomération,Intersection en X,Pluie légère,Autre collision,4,2,2,0,1,2,2,0,8,30,,4,3,0,0,1,26.0,,,,5,2,2,2,6
202100009728,2021-11-02 10:30:00,2021,11,2,10,30,69,69259,MARTYRS DE LA RESISTANCE (DES) (R),45.69128,4.87132,Plein jour,En agglomération,Autre intersection,Normale,Autre collision,4,2,2,0,2,1,1,5,1,50,,1,0,0,0,1,25.0,,,,1,2,9,1,6
202100009729,2021-11-02 10:00:00,2021,11,2,10,0,69,69383,VICTOR AUGAGNEUR (Q),45.7596016189,4.8410063982,Plein jour,En agglomération,Hors intersection,Normale,Deux véhicules - arrière,4,1,3,0,1,1,1,0,1,50,,2,1,0,0,1,22.0,46.0,,,1,2,1,1,2
202100009730,2021-11-02 07:30:00,2021,11,2,7,30,69,69199,CARNOT (R),45.70803,4.86045,Crépuscule ou aube,En agglomération,Autre intersection,Normale,Deux véhicules - côté,4,1,1,2,1,1,1,0,1,50,,3,2,0,0,1,44.0,40.0,,,2,2,9,1,3
202100009731,2021-11-02 16:40:00,2021,11,2,16,40,2A,2A004,MARECHAL JUIN AVENUE,41.93775,8.75084,Plein jour,En agglomération,Hors intersection,Temps couvert,Deux véhicules - arrière,4,-1,1,0,2,1,1,0,1,50,,3,0,0,0,3,27.0,19.0,,,1,2,1,8,2
202100009732,2021-11-02 15:45:00,2021,11,2,15,45,95,95539,LUAT  ( CHEMIN DU ),49.0126,2.35187,Plein jour,En agglomération,Hors intersection,Normale,Deux véhicules - côté,3,2,2,0,1,1,1,0,1,50,,2,1,0,0,1,44.0,78.0,,,1,2,1,1,3
202100009733,2021-11-02 06:48:00,2021,11,2,6,48,95,95280,SARRAUT ALBERT (AVENUE),49.03505,2.45697,Nuit avec éclairage allumé,En agglomération,Hors intersection,Pluie légère,Autre collision,4,2,2,0,1,1,2,0,1,50,,2,1,0,0,1,38.0,,,,5,2,1,2,6
202100009734,2021-11-02 07:50:00,2021,11,2,7,50,95,95598,Avenue de Paris,48.987882,2.294228,Crépuscule ou aube,En agglomération,Hors intersection,Pluie légère,Autre collision,3,3,4,0,1,1,2,0,1,50,,2,1,0,1,0,40.0,,,,2,2,1,2,6
202100009735,2021-11-02 18:20:00,2021,11,2,18,20,91,91691,PIERRE BROSSOLETTE(RUE),48.7001,2.47784,Nuit avec éclairage allumé,En agglomération,Hors intersection,Normale,Deux véhicules - arrière,4,2,0,0,1,1,1,0,1,30,,2,1,0,0,1,44.0,35.0,,,5,2,1,1,2
202100009736,2021-11-01 22:26:00,2021,11,1,22,26,91,91228,AV DE L ORME A MARTIN,48.63182,2.418872,Nuit sans éclairage public,En agglomération,Intersection en X,Pluie forte,Deux véhicules - côté,4,2,2,0,1,1,2,0,1,50,,5,3,0,1,1,25.0,54.0,,,3,2,2,3,3
202100009737,2021-11-01 08:59:00,2021,11,1,8,59,87,87085,SAINTE ANNE (RUE DE),45.81743,1.27469,Crépuscule ou aube,En agglomération,Hors intersection,Pluie légère,Deux véhicules - arrière,4,2,2,0,1,1,1,0,1,50,,2,1,0,0,1,,72.0,,,2,2,1,2,2
202100009738,2021-11-01 09:57:00,2021,11,1,9,57,87,87050,LIMOGES (AVENUE DE),45.89892,1.24016,Plein jour,Hors agglomération,Hors intersection,Pluie légère,Autre collision,3,2,2,0,2,2,2,0,1,70,,1,0,0,0,1,79.0,,,,1,1,1,2,6
202100009739,2021-10-30 18:14:00,2021,10,30,18,14,87,87085,BEAUBLANC (BOULEVARD DE),45.84536,1.24189,Plein jour,En agglomération,Hors intersection,Normale,Trois véhicules et plus - en chaîne,4,3,4,0,1,1,1,0,1,50,,4,3,0,0,1,23.0,37.0,,,1,2,1,1,4
202100009740,2021-10-28 16:10:00,2021,10,28,16,10,87,87085,BRIAND (RUE ARISTIDE),45.84608,1.27821,Plein jour,En agglomération,Hors intersection,Normale,Sans collision,4,2,2,0,1,1,1,0,1,50,,1,0,0,0,1,21.0,,,,1,2,1,1,7
202100009741,2021-10-30 14:00:00,2021,10,30,14,0,87,87065,AUTOROUTE A20,45.80415,1.29712,Plein jour,Hors agglomération,Hors intersection,Pluie légère,Deux véhicules - arrière,1,3,4,0,1,1,2,0,1,110,,3,0,0,0,3,48.0,22.0,,,1,1,1,2,2
202100009742,2021-11-02 18:15:00,2021,11,2,18,15,81,81004,ROCADE RN88 NORD,43.95206,2.15484,Nuit avec éclairage allumé,En agglomération,Giratoire,Normale,Autre collision,2,1,1,0,1,3,1,0,1,50,,3,2,0,0,1,57.0,55.0,,,5,2,6,1,6
202100009743,2021-10-29 14:00:00,2021,10,29,14,0,80,80021,SAINT FUSCIEN (RUE),49.87428,2.30655,Plein jour,En agglomération,Hors intersection,Normale,Autre collision,3,2,2,0,1,1,1,0,1,30,,2,1,0,0,1,64.0,,,,1,2,1,1,6
202100009744,2021-10-28 11:10:00,2021,10,28,11,10,80,80021,MARECHAL FOCH (PLACE),49.89365,2.28527,Plein jour,En agglomération,Hors intersection,Normale,Autre collision,4,2,3,0,1,1,1,0,1,50,,2,1,0,0,1,57.0,,,,1,2,1,1,6
202100009745,2021-10-30 05:57:00,2021,10,30,5,57,76,76351,JEAN JAURES (AVENUE),49.49827,0.14814,Nuit avec éclairage allumé,En agglomération,Intersection en T,Normale,Deux véhicules - côté,4,2,3,1,1,1,2,2,1,50,,2,1,0,0,1,17.0,46.0,,,5,2,3,1,3
202100009746,2021-10-29 20:41:00,2021,10,29,20,41,76,76447,FAUBOURG ASSIQUET,49.5474,0.1961,Nuit avec éclairage allumé,En agglomération,Hors intersection,Normale,Autre collision,3,2,2,0,1,2,1,0,4,50,,2,0,0,0,2,18.0,,,,5,2,1,1,6
202100009747,2021-11-01 09:50:00,2021,11,1,9,50,74,74305,TOURNELLES (RUE DES),46.19843,6.24466,Plein jour,En agglomération,Hors intersection,Pluie légère,Autre collision,4,2,2,0,1,1,2,0,1,50,,2,1,0,0,1,40.0,,,,1,2,1,2,6
202100009748,2021-11-02 08:30:00,2021,11,2,8,30,71,71040,MARECHAL LECLERC (AVENUE DU),46.6906247865,4.3808322117,Plein jour,En agglomération,Hors intersection,Pluie légère,Sans collision,4,1,3,0,1,2,2,2,1,50,,1,0,0,0,1,27.0,,,,1,2,1,2,7
202100009749,2021-11-02 19:00:00,2021,11,2,19,0,69,69264,MONPLAISIR (R),45.98988,4.72275,Nuit avec éclairage allumé,En agglomération,Hors intersection,Pluie légère,Autre collision,4,3,2,0,4,1,2,9,1,50,,2,1,0,0,1,20.0,,,,5,2,1,2,6
202100009750,2021-10-30 13:05:00,2021,10,30,13,5,67,67482,CHARLES PEGUY (RUE),48.58793,7.69978,Plein jour,En agglomération,Hors intersection,Pluie légère,Autre collision,4,-1,1,0,1,1,2,9,8,10,,2,1,0,0,1,52.0,,,,1,2,1,2,6
202100009751,2021-10-29 20:20:00,2021,10,29,20,20,67,67482,COLETTE (RUE),48.58753,7.69951,Nuit avec éclairage allumé,En agglomération,Intersection en T,Normale,Deux véhicules - frontale,4,1,2,1,1,1,1,0,1,50,,2,1,0,0,1,20.0,39.0,,,5,2,3,1,1
202100009752,2021-10-28 20:20:00,2021,10,28,20,20,67,67218,LYON (RTE DE),48.52886,7.71071,Nuit avec éclairage allumé,En agglomération,Hors intersection,Normale,Autre collision,4,2,5,1,1,2,1,0,1,50,,2,1,0,0,1,46.0,,,,5,2,1,1,6
202100009753,2021-10-28 18:30:00,2021,10,28,18,30,67,67482,MOLIERE (AVENUE),48.5968,7.7041,Nuit avec éclairage allumé,En agglomération,Intersection en T,Normale,Deux véhicules - côté,4,2,3,1,1,1,1,0,1,50,,2,1,0,0,1,23.0,71.0,,,5,2,3,1,3
202100009754,2021-10-28 08:50:00,2021,10,28,8,50,67,67482,MOLSHEIM (RUE DE),48.57497,7.73023,Plein jour,En agglomération,Passage à niveau,Brouillard / fumée,Deux véhicules - arrière,7,1,2,3,1,1,1,4,1,50,,2,1,0,0,1,35.0,35.0,,,1,2,8,5,2
202100009755,2021-10-31 13:50:00,2021,10,31,13,50,66,66136,R D 900,42.701511,2.885886,Plein jour,Hors agglomération,Hors intersection,Normale,Deux véhicules - arrière,3,3,4,0,1,1,1,0,1,70,,4,2,0,0,2,41.0,22.0,,,1,1,1,1,2
202100009756,2021-10-30 14:20:00,2021,10,30,14,20,66,66136,PALAIS-DES-EXPO (AVENUE DU),42.70755,2.90175,Plein jour,En agglomération,Hors intersection,Normale,Autre collision,3,2,2,0,1,1,1,0,1,50,,3,1,0,0,2,69.0,,,,1,2,1,1,6
202100009757,2021-11-02 11:35:00,2021,11,2,11,35,65,65440,ROND-POINT COGNAC,43.23744,0.046,Plein jour,En agglomération,Giratoire,Normale,Trois véhicules et plus - en chaîne,3,1,2,0,1,2,1,0,1,50,,4,1,0,0,3,26.0,25.0,,,1,2,6,1,4
202100009758,2021-11-02 08:30:00,2021,11,2,8,30,64,64445,CHAMPETIER DE RIBES,43.30246,-0.3794,Plein jour,En agglomération,Intersection à plus de 4 branches,Normale,Trois véhicules et plus - collisions multiples,4,2,2,0,1,3,1,5,1,50,,3,2,0,0,1,54.0,73.0,,,1,2,5,1,5
202100009759,2021-11-02 16:50:00,2021,11,2,16,50,64,64102,GRIMARD (AVENUE ANDRE),43.48584,-1.47398,Plein jour,En agglomération,Hors intersection,Normale,Trois véhicules et plus - en chaîne,4,2,4,0,1,1,1,2,1,50,,6,5,0,0,1,21.0,41.0,,,1,2,1,1,4
202100009760,2021-11-02 12:20:00,2021,11,2,12,20,61,61397,KOUTIALA (BOULEVARD),48.42242,0.0845,Plein jour,En agglomération,Intersection en T,Normale,Deux véhicules - arrière,3,2,2,0,1,1,1,0,1,50,,3,1,0,1,1,28.0,29.0,,,1,2,3,1,2
202100009761,2021-11-02 09:30:00,2021,11,2,9,30,59,59599,SPEYBROCK (RUE ROGER),50.731590603,3.1755923443,Plein jour,En agglomération,Hors intersection,Pluie légère,Autre collision,4,1,1,0,1,1,2,6,1,30,,2,1,0,0,1,58.0,,,,1,2,1,2,6
202100009762,2021-11-01 20:15:00,2021,11,1,20,15,58,58194,MARZY,46.98741,3.13259,Nuit avec éclairage allumé,En agglomération,Intersection en T,Normale,Deux véhicules - frontale,3,2,3,0,1,1,1,0,1,50,,2,1,0,0,1,16.0,70.0,,,5,2,3,1,1
202100009763,2021-11-02 14:37:00,2021,11,2,14,37,54,54547,RM 674,48.67021,6.19258,Plein jour,Hors agglomération,Hors intersection,Pluie légère,Deux véhicules - côté,7,1,2,0,2,1,2,0,1,50,,2,1,0,1,0,30.0,61.0,,,1,1,1,2,3
202100009764,2021-11-01 18:15:00,2021,11,1,18,15,54,54395,BOUFFLERS (AVENUE) DE 2 AU 72),48.6892239954,6.1616117751,Crépuscule ou aube,En agglomération,Intersection en T,Normale,Deux véhicules - arrière,4,2,2,0,1,1,1,0,1,50,,3,2,0,0,1,22.0,81.0,,,2,2,3,1,2
202100009765,2021-11-02 10:05:00,2021,11,2,10,5,51,51454,Rue Serge Kochman,49.2262674058,4.0198571113,Plein jour,Hors agglomération,Hors intersection,Normale,Deux véhicules - arrière,4,3,2,3,2,1,1,0,4,30,,2,1,0,0,1,88.0,39.0,,,1,1,1,1,2
202100009766,2021-11-02 08:35:00,2021,11,2,8,35,49,49267,PATIS,47.47597,-0.50722,Plein jour,En agglomération,Hors intersection,Normale,Autre collision,4,2,2,0,1,1,2,0,1,50,,2,1,0,0,1,53.0,,,,1,2,1,1,6
202100009767,2021-10-31 04:15:00,2021,10,31,4,15,44,44114,RENNES (RTE DE) RN 137,47.30125,-1.62834,Nuit sans éclairage public,Hors agglomération,Hors intersection,Normale,Sans collision,2,3,0,0,1,1,1,0,8,110,,1,0,1,0,0,19.0,,,,3,1,1,1,7
202100009768,2021-11-02 01:30:00,2021,11,2,1,30,42,42218,Avenue de Rochetaillée,45.4146,4.40188,Nuit avec éclairage allumé,En agglomération,Intersection en T,Normale,Deux véhicules - côté,4,2,2,0,1,1,1,5,1,50,,3,0,0,0,3,40.0,18.0,,,5,2,3,1,3
202100009769,2021-10-28 10:15:00,2021,10,28,10,15,42,42218,Rue des Alliés,45.441304,4.413598,Plein jour,En agglomération,Hors intersection,Normale,Deux véhicules - frontale,4,2,2,0,1,1,1,0,1,50,,2,1,0,0,1,32.0,50.0,,,1,2,1,1,1
202100009770,2021-11-02 20:00:00,2021,11,2,20,0,38,38185,AVENUE EDMOND ESMONIN,45.15951,5.72437,Nuit avec éclairage allumé,En agglomération,Intersection en X,Temps couvert,Deux véhicules - arrière,7,3,-1,3,1,1,1,0,1,50,,2,0,0,2,0,45.0,28.0,,,5,2,2,8,2
202100009771,2021-11-02 15:35:00,2021,11,2,15,35,37,37261,VAILLANT (RUE EDOUARD),47.3864655047,0.6986850144,Plein jour,En agglomération,Intersection en T,Normale,Trois véhicules et plus - collisions multiples,4,2,2,1,1,1,1,0,1,50,,3,2,0,0,1,45.0,29.0,,,1,2,3,1,5
202100009772,2021-11-02 13:05:00,2021,11,2,13,5,37,37261,PITARD (RUE STEPHANE),47.377709694,0.6853919034,Plein jour,En agglomération,Intersection en X,Normale,Deux véhicules - côté,4,2,2,0,1,1,1,0,1,50,,2,1,0,0,1,62.0,31.0,,,1,2,2,1,3
202100009773,2021-11-02 19:00:00,2021,11,2,19,0,35,35238,TILLON (AVENUE CHARLES),48.12434,-1.71314,Nuit avec éclairage allumé,En agglomération,Autre intersection,Pluie légère,Deux véhicules - côté,4,3,5,2,1,1,2,0,1,50,,2,1,0,0,1,,22.0,,,5,2,9,2,3
202100009774,2021-11-02 18:15:00,2021,11,2,18,15,35,35238,TILLON (AVENUE CHARLES),48.12453,-1.70977,Nuit avec éclairage allumé,En agglomération,Hors intersection,Pluie légère,Deux véhicules - côté,4,3,4,0,1,1,2,0,1,50,,2,1,0,0,1,29.0,56.0,,,5,2,1,2,3
202100009775,2021-11-02 09:00:00,2021,11,2,9,0,35,35238,FREVILLE (AVENUE HENRI),48.08318,-1.6751,Plein jour,En agglomération,Intersection en X,Normale,Deux véhicules - côté,4,3,4,2,1,1,1,0,1,50,,2,1,0,0,1,20.0,25.0,,,1,2,2,1,3
202100009776,2021-11-02 21:45:00,2021,11,2,21,45,33,33063,Rue d’Aviau,44.85035,-0.57751,Nuit avec éclairage allumé,En agglomération,Intersection en T,Pluie légère,Autre collision,4,2,3,3,1,1,2,0,1,30,,1,0,0,0,1,22.0,,,,5,2,3,2,6
202100009777,2021-11-02 17:37:00,2021,11,2,17,37,33,33063,Rue Georges Mandel,44.84187,-0.59558,Crépuscule ou aube,En agglomération,Intersection en T,Pluie forte,Deux véhicules - côté,4,1,1,2,1,1,2,0,5,50,,2,1,0,0,1,34.0,15.0,,,2,2,3,3,3
202100009778,2021-11-02 17:50:00,2021,11,2,17,50,33,33063,Cours Pasteur,44.83431,-0.57469,Plein jour,En agglomération,Hors intersection,Pluie légère,Deux véhicules - arrière,4,1,3,0,1,1,2,0,1,50,,2,1,0,0,1,33.0,21.0,,,1,2,1,2,2
202100009779,2021-11-02 11:05:00,2021,11,2,11,5,33,33009,PLAGE (BD DE LA) DU 02 AU 194,44.65997,-1.15368,Plein jour,En agglomération,Hors intersection,Pluie légère,Autre collision,3,1,1,0,1,1,2,0,4,50,,2,1,0,0,1,43.0,,,,1,2,1,2,6
202100009780,2021-11-02 16:20:00,2021,11,2,16,20,31,31555,RUE MATABIAU,43.61271,1.44875,Plein jour,En agglomération,Hors intersection,Normale,Autre collision,4,1,2,0,1,1,1,6,1,50,,2,1,0,1,0,,,,,1,2,1,1,6
202100009781,2021-11-01 23:05:00,2021,11,1,23,5,31,31555,RUE DE CUGNAUX,43.5922,1.42196,Nuit avec éclairage allumé,En agglomération,Hors intersection,Normale,Autre collision,4,2,2,0,1,1,1,0,1,50,,2,1,0,0,1,18.0,,,,5,2,1,1,6
202100009782,2021-10-14 04:51:00,2021,10,14,4,51,30,30189,TALABOT (BOULEVARD),43.833,4.3664,Nuit avec éclairage allumé,En agglomération,Hors intersection,Normale,Sans collision,4,2,3,0,1,4,1,8,1,50,,1,0,0,0,1,43.0,,,,5,2,1,1,7
202100009783,2021-11-01 06:45:00,2021,11,1,6,45,29,29039,N165 - Ech Coat Conq,47.9246,-3.89382,Crépuscule ou aube,Hors agglomération,Hors intersection,Temps couvert,Autre collision,2,1,1,0,2,3,2,3,1,50,,2,0,0,0,2,22.0,,,,2,1,1,8,6
202100009784,2021-11-02 18:50:00,2021,11,2,18,50,29,29019,Rue Maurice Le Flem,48.4067382632,-4.4962036908,Nuit avec éclairage allumé,En agglomération,Hors intersection,Normale,Autre collision,4,-1,2,0,1,1,1,0,1,50,,2,1,0,0,1,20.0,,,,5,2,1,1,6
202100009785,2021-11-02 12:35:00,2021,11,2,12,35,25,25056,FAURE AVENUE EDGAR,47.2428,6.01699,Plein jour,En agglomération,Hors intersection,Pluie légère,Deux véhicules - frontale,4,3,3,0,2,2,2,0,1,50,,2,1,0,0,1,43.0,43.0,,,1,2,1,2,1
202100009786,2021-10-31 18:05:00,2021,10,31,18,5,21,21231,MIRANDE (DE) (RUE),47.3172426956,5.0614562114,Crépuscule ou aube,En agglomération,Intersection en T,Normale,Deux véhicules - côté,4,2,2,0,1,1,1,0,1,50,,4,2,0,1,1,28.0,18.0,,,2,2,3,1,3
202100009787,2021-10-09 21:16:00,2021,10,9,21,16,17,17300,GRASSET   AVENUE EDMOND (159),46.164164,-1.175427,Nuit avec éclairage allumé,En agglomération,Hors intersection,Normale,Deux véhicules - frontale,4,4,1,0,1,1,1,8,1,50,,3,2,0,1,0,76.0,35.0,,,5,2,1,1,1