accident_id,datetime,annee,mois,jour,heure,minute,departement,commune_insee,adresse,latitude,longitude,luminosite,agglomeration,intersection,meteo,collision,catr,circ,nbv,vosp,prof,plan,surf,infra,situ,vma,nb_vehicules,nb_usagers,nb_indemnes,nb_tues,nb_blesses_hosp,nb_blesses_legers,age_cond_1,age_cond_2,veh_type_cond_1,veh_type_cond_2,lum_code,agg_code,int_code,atm_code,col_code
202100009788,2021-11-01 17:25:00,2021,11,1,17,25,17,17300,SARTRE   AVENUE JEAN-PAUL,46.15296,-1.13691,Crépuscule ou aube,En agglomération,Autre intersection,Pluie forte,Deux véhicules - frontale,4,2,2,1,1,1,2,0,8,50,,2,1,0,1,0,31.0,33.0,,,2,2,9,3,1
202100009789,2021-11-01 18:05:00,2021,11,1,18,5,15,15014,RN 122 ( LA SABLIERE),44.896938,2.405971,Nuit sans éclairage public,Hors agglomération,Hors intersection,Pluie légère,Deux véhicules - arrière,2,2,2,0,1,1,2,0,1,80,,2,1,0,0,1,81.0,64.0,,,3,1,1,2,2
202100009790,2021-11-01 14:15:00,2021,11,1,14,15,14,14118,Boulevard Dunois,49.18677,-0.38109,Plein jour,En agglomération,Hors intersection,Temps couvert,Trois véhicules et plus - en chaîne,4,3,4,0,1,1,2,0,1,50,,4,3,0,0,1,32.0,23.0,,,1,2,1,8,4
202100009791,2021-11-02 18:10:00,2021,11,2,18,10,13,13209,REGNY (TRAVERSE),43.26416,5.41839,Plein jour,En agglomération,Hors intersection,Normale,Deux véhicules - arrière,4,3,4,0,1,1,1,0,1,50,,2,1,0,0,1,57.0,31.0,,,1,2,1,1,2
202100009792,2021-11-01 16:45:00,2021,11,1,16,45,13,13210,ROMAIN ROLLAND (BOULEVARD),43.274426019,5.4150206037,Plein jour,En agglomération,Hors intersection,Normale,Deux véhicules - frontale,4,2,2,0,1,1,1,0,1,50,,2,1,0,1,0,28.0,27.0,,,1,2,1,1,1
202100009793,2021-11-01 10:02:00,2021,11,1,10,2,10,10387,GEORGES POMPIDOU (RUE),48.2962,4.0941,Plein jour,En agglomération,Hors intersection,Normale,Sans collision,4,1,2,0,1,3,2,0,3,70,,1,0,0,0,1,18.0,,,,1,2,1,1,7
202100009794,2021-11-02 23:00:00,2021,11,2,23,0,06,06083,GREVILLE (RUE HENRI),43.777024,7.502889,Nuit avec éclairage allumé,En agglomération,Intersection en Y,Normale,Deux véhicules - côté,3,1,1,0,1,1,1,0,1,50,,3,2,0,0,1,58.0,,,,5,2,4,1,3
202100009795,2021-11-02 12:05:00,2021,11,2,12,5,06,06069,POMPIDOU (AVENUE GEORGES) -RD 6085,43.64534,6.9399,Plein jour,En agglomération,Hors intersection,Normale,Autre collision,4,2,2,0,2,1,1,0,1,50,,2,1,0,0,1,18.0,,,,1,2,1,1,6
202100009796,2021-11-02 10:35:00,2021,11,2,10,35,04,04112,RD 907 - Av Majoral Raoum Arnaud,43.831,5.779,Plein jour,En agglomération,Hors intersection,Normale,Autre collision,3,2,2,0,2,1,1,0,1,50,,1,0,0,0,1,28.0,,,,1,2,1,1,6
202100009797,2021-11-02 18:50:00,2021,11,2,18,50,75,75120,PORTE DE BAGNOLET,48.860823,2.413832,Nuit avec éclairage allumé,En agglomération,Hors intersection,Normale,Deux véhicules - arrière,4,1,4,0,1,1,1,0,1,70,,2,1,0,0,1,24.0,30.0,,,5,2,1,1,2
202100009798,2021-11-02 16:30:00,2021,11,2,16,30,75,75114,PORTE DE CHATILLON,48.822087,2.316511,Plein jour,En agglomération,Intersection en Y,Temps couvert,Autre collision,4,1,3,0,1,1,1,0,1,70,,1,0,0,0,1,28.0,,,,1,2,4,8,6
202100009799,2021-11-01 01:00:00,2021,11,1,1,0,75,75119,PORTE DE LA VILLETTE,48.900426,2.388878,Nuit avec éclairage allumé,En agglomération,Hors intersection,Normale,Deux véhicules - arrière,4,1,4,0,1,3,2,0,1,70,,2,0,0,0,2,22.0,24.0,,,5,2,1,1,2
202100009800,2021-10-31 02:45:00,2021,10,31,2,45,75,75116,BOULEVARD PERIPHERIQUE,48.840349,2.253882,Nuit avec éclairage allumé,En agglomération,Intersection en Y,Normale,Deux véhicules - côté,4,1,4,0,1,1,1,1,1,70,,2,1,0,0,1,46.0,26.0,,,5,2,4,1,3
202100009801,2021-10-30 16:35:00,2021,10,30,16,35,75,75117,BOULEVARD PERIPHERIQUE,48.90053,2.326254,Plein jour,En agglomération,Hors intersection,Pluie légère,Deux véhicules - côté,4,1,4,0,1,1,2,0,1,70,,2,1,0,0,1,25.0,43.0,,,1,2,1,2,3
202100009802,2021-10-31 06:04:00,2021,10,31,6,4,75,75118,RUE JEAN HENRI FABRE,48.901242,2.341975,Crépuscule ou aube,En agglomération,Hors intersection,Normale,Autre collision,4,1,1,0,1,1,1,0,4,30,,6,2,1,1,2,32.0,,,,2,2,1,1,6
202100009803,2021-11-02 17:30:00,2021,11,2,17,30,75,75119,RUE DE CRIMEE,48.884173,2.384198,Nuit avec éclairage allumé,En agglomération,Intersection en X,Normale,Autre collision,4,2,4,0,1,1,1,0,1,30,,2,1,0,0,1,,,,,5,2,2,1,6
202100009804,2021-11-02 17:50:00,2021,11,2,17,50,75,75119,AVENUE SIMON BOLIVAR,48.875582,2.381871,Nuit avec éclairage allumé,En agglomération,Intersection en X,Normale,Sans collision,4,2,2,0,1,1,1,0,1,30,,1,0,0,0,1,37.0,,,,5,2,2,1,7
202100009805,2021-11-02 13:30:00,2021,11,2,13,30,75,75115,RUE DE VAUGIRARD,48.840879,2.305895,Plein jour,En agglomération,Intersection en T,Normale,Autre collision,4,1,1,1,1,1,1,-1,6,50,,2,1,0,0,1,,,,,1,2,3,1,6
202100009806,2021-11-02 19:20:00,2021,11,2,19,20,75,75114,BOULEVARD BRUNE,48.824651,2.319527,Nuit avec éclairage allumé,En agglomération,Intersection en X,Normale,Autre collision,4,1,2,1,1,1,1,0,1,50,,2,1,0,0,1,36.0,,,,5,2,2,1,6
202100009807,2021-11-02 10:10:00,2021,11,2,10,10,75,75114,BOULEVARD PERIPHERIQUE,48.817672,2.334507,Plein jour,En agglomération,Hors intersection,Normale,Trois véhicules et plus - collisions multiples,4,1,3,0,1,1,1,0,1,70,,3,2,0,1,0,,27.0,,,1,2,1,1,5
202100009808,2021-11-02 08:35:00,2021,11,2,8,35,75,75114,BOULEVARD BRUNE,48.823256,2.325539,Plein jour,En agglomération,Intersection en X,Normale,Deux véhicules - côté,4,3,4,3,1,1,1,0,1,50,,3,2,0,0,1,24.0,20.0,,,1,2,2,1,3
202100009809,2021-11-01 17:25:00,2021,11,1,17,25,75,75114,BOULEVARD JOURDAN,48.81976,2.342869,Crépuscule ou aube,En agglomération,Intersection en T,Temps couvert,Deux véhicules - côté,4,1,2,0,1,1,2,0,1,50,,2,1,0,0,1,51.0,,,,2,2,3,8,3
202100009810,2021-11-02 12:00:00,2021,11,2,12,0,75,75113,RUE DE PATAY,48.824938,2.37559,Plein jour,En agglomération,Hors intersection,Normale,Deux véhicules - côté,4,1,2,0,2,1,1,-1,6,30,,4,3,0,0,1,37.0,23.0,,,1,2,1,1,3
202100009811,2021-11-02 19:20:00,2021,11,2,19,20,75,75107,QUAI BRANLY,48.857493,2.291025,Nuit avec éclairage allumé,En agglomération,Intersection en T,Normale,Sans collision,4,2,-1,1,1,1,1,0,1,30,,1,0,0,0,1,32.0,,,,5,2,3,1,7
202100009812,2021-11-02 18:03:00,2021,11,2,18,3,94,94078,L'APPEL DU DIX-HUIT JUIN 1940 (AV DE),48.758497,2.443335,Nuit avec éclairage allumé,En agglomération,Hors intersection,Normale,Deux véhicules - arrière,2,1,2,0,1,1,1,0,1,50,,3,1,0,0,2,50.0,24.0,,,5,2,1,1,2
202100009813,2021-11-01 10:25:00,2021,11,1,10,25,94,94046,Avenue du Professeur Cadiot,48.80447,2.43245,Plein jour,En agglomération,Hors intersection,Normale,Deux véhicules - côté,3,-1,4,0,1,1,2,0,1,50,,2,1,0,1,0,65.0,50.0,,,1,2,1,1,3
202100009814,2021-11-02 04:50:00,2021,11,2,4,50,94,94065,RN 186,48.75316,2.36707,Nuit avec éclairage allumé,Hors agglomération,Autre intersection,Pluie légère,Sans collision,2,1,1,0,1,3,2,3,1,70,,1,0,0,0,1,46.0,,,,5,1,9,2,7
202100009815,2021-11-02 18:15:00,2021,11,2,18,15,93,93064,KENNEDY (AVENUE DU PRESIDENT),48.8788531865,2.4902591204,Nuit avec éclairage allumé,En agglomération,Passage à niveau,Normale,Deux véhicules - côté,3,2,2,1,1,1,1,0,1,50,,2,1,0,0,1,60.0,39.0,,,5,2,8,1,3
202100009816,2021-11-02 13:10:00,2021,11,2,13,10,93,93048,PARIS (RUE DE),48.8566540493,2.428150177,Plein jour,En agglomération,Autre intersection,Normale,Deux véhicules - côté,3,2,2,0,1,1,1,0,1,30,,2,1,0,0,1,12.0,49.0,,,1,2,9,1,3
202100009817,2021-11-02 21:40:00,2021,11,2,21,40,93,93007,ARISTIDE BRIAND (AVENUE COTE PAIRS),48.9432,2.4426,Nuit avec éclairage allumé,En agglomération,Hors intersection,Normale,Autre collision,3,2,2,0,1,1,1,0,1,50,,2,1,0,0,1,35.0,,,,5,2,1,1,6
202100009818,2021-11-02 19:51:00,2021,11,2,19,51,93,93007,8 MAI 45 (AVENUE DU 1 AU 182),48.9450720878,2.4351858154,Nuit avec éclairage allumé,En agglomération,Intersection en T,Normale,Deux véhicules - côté,3,2,4,1,1,1,1,0,1,50,,2,1,0,0,1,34.0,34.0,,,5,2,3,1,3
202100009819,2021-11-02 09:20:00,2021,11,2,9,20,92,92073,GALLIENI (QUAI),48.87066,2.23214,Plein jour,En agglomération,Hors intersection,Normale,Deux véhicules - côté,3,-1,4,0,1,1,1,0,1,50,,2,0,0,0,1,24.0,,,,1,2,1,1,3
202100009820,2021-10-28 09:00:00,2021,10,28,9,0,92,92035,Général de Gaulle  ( avenue du ),48.9063685636,2.2557009012,Plein jour,En agglomération,Intersection en T,Normale,Deux véhicules - côté,3,2,2,0,1,1,1,0,1,50,,2,1,0,0,1,27.0,33.0,,,1,2,3,1,3
202100009821,2021-10-29 20:50:00,2021,10,29,20,50,92,92025,ORGEMONT  ( AVENUE D' ),48.93132,2.2727,Nuit avec éclairage allumé,En agglomération,Intersection en T,Normale,Deux véhicules - côté,4,2,0,0,1,1,1,0,1,50,,2,1,0,0,1,16.0,55.0,,,5,2,3,1,3
202100009822,2021-11-02 16:45:00,2021,11,2,16,45,92,92002,MAURICE LABROUSSE (RUE),48.75449,2.29881,Crépuscule ou aube,En agglomération,Hors intersection,Normale,Autre collision,4,3,2,0,2,1,1,0,1,50,,2,1,0,0,1,59.0,,,,2,2,1,1,6
202100009823,2021-11-03 11:15:00,2021,11,3,11,15,86,86042,D5,46.974132,0.676248,Plein jour,En agglomération,Hors intersection,Temps couvert,Autre collision,3,2,2,0,1,1,2,0,1,50,,1,0,0,1,0,68.0,,,,1,2,1,8,6
202100009824,2021-11-02 13:50:00,2021,11,2,13,50,52,52017,RD10,47.956608,5.018016,Plein jour,Hors agglomération,Hors intersection,Normale,Autre collision,3,2,2,0,1,1,2,0,3,90,,1,0,0,1,0,28.0,,,,1,1,1,1,6
202100009825,2021-10-21 15:35:00,2021,10,21,15,35,31,31035,2c Route de Narbonne,43.535413,1.483905,Plein jour,En agglomération,Hors intersection,Normale,Deux véhicules - arrière,3,2,2,3,1,1,1,0,6,50,,2,1,0,1,0,21.0,43.0,,,1,2,1,1,2
202100009826,2021-10-27 15:30:00,2021,10,27,15,30,81,81266,Avenue Pierre Fabre,43.647255,1.976924,Plein jour,En agglomération,Hors intersection,Normale,Autre collision,3,2,2,0,1,1,1,6,1,50,,2,1,1,0,0,76.0,,,,1,2,1,1,6
202100009827,2021-11-02 22:14:00,2021,11,2,22,14,28,28141,"Autoroute A11, PK 076+400 vers Paris",48.321389,1.355277,Nuit sans éclairage public,Hors agglomération,Hors intersection,Pluie forte,Trois véhicules et plus - en chaîne,1,3,3,3,1,1,2,0,1,110,,5,3,0,1,1,63.0,65.0,,,3,1,1,3,4
202100009828,2021-11-02 18:15:00,2021,11,2,18,15,28,28021,D921,48.377818,1.348588,Crépuscule ou aube,Hors agglomération,Hors intersection,Normale,Deux véhicules - frontale,3,2,2,0,1,1,1,0,1,90,,2,1,0,1,0,20.0,15.0,,,2,1,1,1,1
202100009829,2021-11-03 00:00:00,2021,11,3,0,0,972,97220,quartier desfarges,14.482418,-60.902957,Nuit sans éclairage public,Hors agglomération,Hors intersection,Normale,Autre collision,3,2,2,0,1,2,1,0,3,80,,1,0,1,0,0,27.0,,,,3,1,1,1,6
202100009830,2021-11-02 08:45:00,2021,11,2,8,45,34,34114,47 Boulevard Saint-Louis,43.652778,3.549802,Plein jour,En agglomération,Place,Normale,Autre collision,6,-1,1,3,1,1,1,9,6,30,,2,1,0,1,0,54.0,,,,1,2,7,1,6
202100009831,2021-11-03 16:00:00,2021,11,3,16,0,51,51237,N4,48.7191495781,3.5298621655,Plein jour,Hors agglomération,Hors intersection,Normale,Deux véhicules - frontale,2,2,2,0,1,1,1,0,1,90,,2,1,1,0,0,45.0,56.0,,,1,1,1,1,1
202100009832,2021-10-23 20:15:00,2021,10,23,20,15,80,80694,D1,49.936237,2.604189,Nuit sans éclairage public,Hors agglomération,Intersection en X,Normale,Deux véhicules - frontale,3,2,1,0,1,1,1,0,1,80,,2,1,0,0,1,63.0,43.0,,,3,1,2,1,1
202100009833,2021-10-31 04:45:00,2021,10,31,4,45,82,82126,1171 Route du Traversié,44.1572686189,1.5651070083,Nuit sans éclairage public,Hors agglomération,Hors intersection,Temps couvert,Autre collision,3,2,2,0,1,1,2,0,3,80,,2,1,0,1,0,,,,,3,1,1,8,6
202100009834,2021-11-03 18:15:00,2021,11,3,18,15,55,55166,D34,49.114585,5.386627,Nuit sans éclairage public,Hors agglomération,Hors intersection,Pluie légère,Autre collision,3,2,2,0,1,1,2,0,1,80,,4,3,0,1,0,49.0,,,,3,1,1,2,6
202100009835,2021-11-03 07:50:00,2021,11,3,7,50,34,34029,D32,43.550683,3.486786,Plein jour,Hors agglomération,Intersection en X,Normale,Deux véhicules - côté,3,2,2,0,1,1,1,9,1,90,,2,1,0,1,0,17.0,60.0,,,1,1,2,1,3
202100009836,2021-11-02 18:45:00,2021,11,2,18,45,68,68140,D8,47.888597,7.448055,Nuit sans éclairage public,Hors agglomération,Intersection en X,Normale,Deux véhicules - côté,3,2,2,0,1,1,2,0,8,80,,5,4,0,0,1,31.0,30.0,,,3,1,2,1,3
202100009837,2021-11-02 08:15:00,2021,11,2,8,15,25,25367,Chemin des Paturages,47.428838,6.797774,Plein jour,En agglomération,Intersection en Y,Pluie légère,Deux véhicules - côté,9,2,2,0,3,1,2,0,1,40,,2,0,0,1,1,24.0,25.0,,,1,2,4,2,3
202100009838,2021-11-02 19:30:00,2021,11,2,19,30,29,29176,5 les Hauts de Sainte Anne,48.133172,-4.258296,Nuit avec éclairage allumé,Hors agglomération,Hors intersection,Pluie légère,Autre collision,3,2,2,0,2,3,2,0,3,50,,1,0,0,1,0,35.0,,,,5,1,1,2,6
202100009839,2021-11-02 08:00:00,2021,11,2,8,0,29,29026,Route de Dineault,48.199564,-4.10547,Crépuscule ou aube,Hors agglomération,Hors intersection,Pluie légère,Autre collision,4,2,2,0,2,2,2,0,3,70,,1,0,0,0,1,27.0,,,,2,1,1,2,6
202100009840,2021-11-02 17:20:00,2021,11,2,17,20,01,01265,Rue du Lyonnais,46.1697538049,5.574311614,Crépuscule ou aube,En agglomération,Intersection en T,Normale,Deux véhicules - côté,3,2,1,0,1,1,2,0,1,50,,2,1,0,0,1,23.0,22.0,,,2,2,3,1,3
202100009841,2021-11-02 08:50:00,2021,11,2,8,50,50,50480,route des isles  RD 650,49.485562,-1.790892,Plein jour,Hors agglomération,Intersection en T,Normale,Deux véhicules - côté,3,2,2,0,1,4,2,5,1,80,,2,1,0,0,1,70.0,28.0,,,1,1,3,1,3
202100009842,2021-10-29 19:15:00,2021,10,29,19,15,45,45300,1271 Route de Jargeau,47.850467,2.050031,Nuit sans éclairage public,Hors agglomération,Hors intersection,Pluie légère,Deux véhicules - arrière,3,2,2,0,1,1,2,0,1,70,,2,1,0,1,0,62.0,50.0,,,3,1,1,2,2
202100009843,2021-10-31 19:28:00,2021,10,31,19,28,10,10375,D161,48.295282,4.164081,Nuit sans éclairage public,Hors agglomération,Intersection en T,Normale,Sans collision,3,2,2,0,1,1,2,0,3,80,,2,0,0,2,0,26.0,,,,3,1,3,1,7
202100009844,2021-11-03 09:20:00,2021,11,3,9,20,16,16096,D94,45.80529,0.56865,Plein jour,Hors agglomération,Hors intersection,Temps couvert,Deux véhicules - frontale,3,2,2,0,1,2,2,0,1,80,,2,1,0,1,0,41.0,32.0,,,1,1,1,8,1
202100009845,2021-11-02 14:50:00,2021,11,2,14,50,53,53155,La Chatterie,48.282529,-0.877157,Plein jour,Hors agglomération,Hors intersection,Normale,Sans collision,4,2,2,0,2,1,1,0,3,80,,1,0,1,0,0,62.0,,,,1,1,1,1,7
202100009846,2021-11-01 11:00:00,2021,11,1,11,0,21,21663,34 Avenue de Dijon,47.538829,4.461683,Plein jour,En agglomération,Hors intersection,Normale,Deux véhicules - arrière,3,2,2,0,1,1,1,9,8,50,,3,2,0,0,1,44.0,36.0,,,1,2,1,1,2
202100009847,2021-11-03 09:59:00,2021,11,3,9,59,21,21476,pasquier,47.143124,4.61517,Plein jour,Hors agglomération,Intersection en X,Normale,Deux véhicules - côté,3,2,2,0,1,1,2,0,1,90,,3,0,1,0,2,64.0,61.0,,,1,1,2,1,3
202100009848,2021-11-01 09:30:00,2021,11,1,9,30,24,24172,route de sireuil,44.945361,1.064472,Plein jour,Hors agglomération,Hors intersection,Autre,Autre collision,3,2,2,0,2,2,2,0,3,80,,1,0,0,1,0,27.0,,,,1,1,1,9,6
202100009849,2021-11-02 18:20:00,2021,11,2,18,20,87,87032,Les Courrieres,45.661376,0.954587,Nuit sans éclairage public,Hors agglomération,Hors intersection,Pluie forte,Deux véhicules - frontale,3,2,2,0,2,3,2,0,1,80,,2,1,0,1,0,40.0,86.0,,,3,1,1,3,1
202100009850,2021-11-01 14:45:00,2021,11,1,14,45,88,88408,rond point de saulx,47.907155,6.696349,Plein jour,Hors agglomération,Giratoire,Pluie légère,Autre collision,2,3,2,0,1,2,2,5,3,70,,2,1,0,1,0,72.0,,,,1,1,6,2,6
202100009851,2021-11-03 07:15:00,2021,11,3,7,15,02,02676,A26,49.535201,3.859323,Crépuscule ou aube,Hors agglomération,Hors intersection,Pluie légère,Autre collision,1,1,4,0,1,1,2,0,2,90,,1,0,0,1,0,57.0,,,,2,1,1,2,6
202100009852,2021-11-02 08:53:00,2021,11,2,8,53,67,67471,56 Route de Brumath,48.624672,7.730191,Plein jour,En agglomération,Hors intersection,Pluie légère,Sans collision,7,2,3,3,2,1,2,0,1,50,,1,0,0,1,0,43.0,,,,1,2,1,2,7
202100009853,2021-10-19 16:15:00,2021,10,19,16,15,976,97613,D2,-12.761006,45.110073,Plein jour,Hors agglomération,Hors intersection,Normale,Deux véhicules - frontale,3,2,2,0,2,1,1,0,1,70,,2,1,0,1,0,,25.0,,,1,1,1,1,1
202100009854,2021-11-03 01:25:00,2021,11,3,1,25,76,76682,a13,49.320024,1.102627,Nuit sans éclairage public,Hors agglomération,Hors intersection,Normale,Sans collision,1,3,5,0,2,1,1,0,1,110,,1,0,0,0,1,19.0,,,,3,1,1,1,7
202100009855,2021-11-02 19:30:00,2021,11,2,19,30,13,13087,campagne blanche,43.46989,5.5892648,Nuit sans éclairage public,Hors agglomération,Hors intersection,Normale,Autre collision,7,2,2,0,2,4,1,2,1,80,,2,0,0,0,2,21.0,,,,3,1,1,1,6
202100009856,2021-11-02 14:15:00,2021,11,2,14,15,77,77235,D3,48.987581,3.069177,Plein jour,Hors agglomération,Hors intersection,Normale,Deux véhicules - arrière,3,2,2,0,1,1,1,0,1,90,,4,3,0,0,1,43.0,71.0,,,1,1,1,1,2
202100009857,2021-11-02 17:40:00,2021,11,2,17,40,77,77317,D619,48.600112,2.900219,Crépuscule ou aube,Hors agglomération,Hors intersection,Normale,Autre collision,3,2,2,0,1,1,2,0,3,90,,1,0,0,1,0,18.0,,,,2,1,1,1,6
202100009858,2021-11-03 09:00:00,2021,11,3,9,0,34,34299,CD64,43.278736,3.285856,Plein jour,Hors agglomération,Hors intersection,Normale,Deux véhicules - arrière,3,2,2,0,1,1,1,8,1,50,,2,1,0,1,0,70.0,49.0,,,1,1,1,1,2
202100009859,2021-11-02 18:45:00,2021,11,2,18,45,34,34145,Avenue des 4 Saisons,43.676699,4.116064,Nuit avec éclairage allumé,En agglomération,Intersection en T,Normale,Deux véhicules - frontale,4,2,2,0,1,1,1,0,1,50,,3,1,0,2,0,19.0,16.0,,,5,2,3,1,1
202100009860,2021-11-02 20:55:00,2021,11,2,20,55,34,34256,d610,43.699589,4.018207,Nuit sans éclairage public,Hors agglomération,Giratoire,Pluie légère,Autre collision,7,2,2,0,1,2,2,0,4,80,,2,1,0,1,0,19.0,,,,3,1,6,2,6
202100009861,2021-11-01 18:20:00,2021,11,1,18,20,83,83138,les clots RD562,43.5987715452,6.698795557,Nuit sans éclairage public,Hors agglomération,Hors intersection,Normale,Deux véhicules - côté,3,2,2,0,2,1,2,0,1,80,,6,4,0,0,2,26.0,79.0,,,3,1,1,1,3
202100009862,2021-11-02 18:00:00,2021,11,2,18,0,67,67303,24 Route de Haguenau,48.903064,7.746629,Nuit avec éclairage allumé,En agglomération,Hors intersection,Pluie forte,Autre collision,3,2,2,0,1,1,2,0,1,50,,2,1,0,0,1,54.0,,,,5,2,1,3,6
202100009863,2021-11-03 17:10:00,2021,11,3,17,10,79,79088,,46.814658,-0.396624,Plein jour,Hors agglomération,Intersection en X,Normale,Deux véhicules - côté,2,2,2,0,1,1,2,5,1,80,,2,1,0,0,1,24.0,42.0,,,1,1,2,1,3
202100009864,2021-11-02 19:15:00,2021,11,2,19,15,85,85113,Place du General Buat,46.72298,-2.350463,Nuit avec éclairage non allumé,En agglomération,Intersection en Y,Pluie légère,Autre collision,4,1,2,0,1,1,2,9,1,40,,3,1,0,1,1,84.0,,,,4,2,4,2,6
202100009865,2021-11-02 13:40:00,2021,11,2,13,40,27,27275,Rue du Général de Gaulle,49.160113,1.336395,Plein jour,En agglomération,Hors intersection,Normale,Autre collision,4,2,2,0,1,1,1,0,1,50,,2,1,0,1,0,52.0,,,,1,2,1,1,6
202100009866,2021-11-02 13:50:00,2021,11,2,13,50,59,59174,CD27,50.1885406821,4.0507149696,Plein jour,Hors agglomération,Hors intersection,Normale,Deux véhicules - frontale,3,2,2,0,3,1,1,0,1,80,,3,0,0,3,0,22.0,36.0,,,1,1,1,1,1
202100009867,2021-11-02 01:50:00,2021,11,2,1,50,13,13019,A51-Sens Marseille vers Aix en Provence,43.42221,5.3714,Nuit sans éclairage public,Hors agglomération,Hors intersection,Normale,Deux véhicules - côté,1,1,6,0,1,1,1,0,1,90,,2,1,0,0,1,33.0,24.0,,,3,1,1,1,3
202100009868,2021-11-02 01:10:00,2021,11,2,1,10,13,13019,A51-Sens Marseille vers Aix en Provence,43.42172,5.37072,Nuit sans éclairage public,Hors agglomération,Hors intersection,Normale,Deux véhicules - frontale,1,1,3,0,1,3,1,0,2,90,,2,0,0,2,0,21.0,,,,3,1,1,1,1
202100009869,2021-11-02 08:35:00,2021,11,2,8,35,33,33039,Rocade Sud Est A630,44.79698,-0.53803,Plein jour,Hors agglomération,Hors intersection,Pluie légère,Autre collision,1,3,6,0,1,1,2,3,1,90,,1,0,0,0,1,21.0,,,,1,1,1,2,6
202100009870,2021-10-30 02:45:00,2021,10,30,2,45,59,59356,ROUTE DEPARTEMENTALE 652,50.6531791788,3.0043530464,Nuit sans éclairage public,Hors agglomération,Hors intersection,Normale,Sans collision,7,-1,4,0,1,2,2,0,1,90,,1,0,0,0,1,23.0,,,,3,1,1,1,7
202100009871,2021-11-02 19:00:00,2021,11,2,19,0,92,92002,RN 385,48.7602583257,2.2818594708,Nuit sans éclairage public,Hors agglomération,Hors intersection,Normale,Deux véhicules - côté,2,1,2,0,1,1,1,0,1,90,,2,1,0,0,1,19.0,22.0,,,3,1,1,1,3
202100009872,2021-11-02 18:03:00,2021,11,2,18,3,91,91661,AUTOROUTE A10,48.69547,2.23451,Crépuscule ou aube,Hors agglomération,Hors intersection,Normale,Trois véhicules et plus - en chaîne,1,3,4,0,2,1,1,0,1,90,,4,3,0,0,1,58.0,31.0,,,2,1,1,1,4
202100009873,2021-11-02 06:15:00,2021,11,2,6,15,91,91086,RN 104,48.6232,2.38899,Nuit avec éclairage non allumé,Hors agglomération,Hors intersection,Pluie légère,Sans collision,2,3,2,0,1,1,2,0,1,110,,1,0,0,0,1,20.0,,,,4,1,1,2,7
202100009874,2021-11-02 01:40:00,2021,11,2,1,40,91,91086,RN 104,48.62381,2.37547,Nuit sans éclairage public,Hors agglomération,Hors intersection,Pluie légère,Deux véhicules - arrière,2,2,4,0,1,1,2,0,1,110,,5,1,0,0,4,21.0,59.0,,,3,1,1,2,2
202100009875,2021-11-01 21:15:00,2021,11,1,21,15,91,91521,RN 104,48.626879,2.39944,Nuit sans éclairage public,Hors agglomération,Hors intersection,Temps couvert,Deux véhicules - arrière,2,1,2,0,2,3,2,0,1,70,,2,1,0,0,1,48.0,25.0,,,3,1,1,8,2
202100009876,2021-11-01 04:31:00,2021,11,1,4,31,91,91477,AUTOROUTE A126,48.72372,2.24656,Nuit sans éclairage public,Hors agglomération,Autre intersection,Autre,Deux véhicules - frontale,1,1,1,0,2,3,2,3,1,70,,3,2,0,0,1,39.0,45.0,,,3,1,9,9,1
202100009877,2021-11-02 19:00:00,2021,11,2,19,0,92,92012,A13,48.8485611292,2.2295996632,Nuit sans éclairage public,Hors agglomération,Hors intersection,Normale,Deux véhicules - arrière,1,3,2,0,1,1,1,0,1,70,,2,1,0,0,1,22.0,22.0,,,3,1,1,1,2
202100009878,2021-11-02 17:50:00,2021,11,2,17,50,75,75116,A13Y,48.848391,2.247297,Nuit avec éclairage allumé,Hors agglomération,Hors intersection,Normale,Deux véhicules - côté,1,1,4,0,1,1,1,0,1,70,,2,1,0,0,1,19.0,35.0,,,5,1,1,1,3
202100009879,2021-11-02 20:30:00,2021,11,2,20,30,92,92078,AUTOROUTE A86,48.9302088519,2.3257934269,Nuit sans éclairage public,Hors agglomération,Hors intersection,Pluie légère,Deux véhicules - arrière,1,-1,6,0,1,1,2,1,1,90,,3,2,0,0,1,21.0,26.0,,,3,1,1,2,2
202100009880,2021-11-02 09:00:00,2021,11,2,9,0,95,95042,RN 104,49.056641,2.28842,Plein jour,Hors agglomération,Hors intersection,Normale,Autre collision,2,3,4,0,1,3,1,0,1,110,,1,0,0,0,1,34.0,,,,1,1,1,1,6
202100009881,2021-11-02 06:30:00,2021,11,2,6,30,60,60421,AUTOROUTE A1,49.1760860947,2.6022877692,Nuit sans éclairage public,Hors agglomération,Hors intersection,Normale,Deux véhicules - arrière,1,3,6,0,1,1,2,0,1,130,,2,1,0,0,1,52.0,31.0,,,3,1,1,1,2
202100009882,2021-11-02 06:30:00,2021,11,2,6,30,95,95572,RN 184,49.035598,2.117236,Nuit sans éclairage public,Hors agglomération,Hors intersection,Normale,Autre collision,2,3,6,0,1,1,1,0,1,110,,1,0,0,0,1,37.0,,,,3,1,1,1,6