accident_id,datetime,annee,mois,jour,heure,minute,departement,commune_insee,adresse,latitude,longitude,luminosite,agglomeration,intersection,meteo,collision,catr,circ,nbv,vosp,prof,plan,surf,infra,situ,vma,nb_vehicules,nb_usagers,nb_indemnes,nb_tues,nb_blesses_hosp,nb_blesses_legers,age_cond_1,age_cond_2,veh_type_cond_1,veh_type_cond_2,lum_code,agg_code,int_code,atm_code,col_code
202100009883,2021-11-01 20:28:00,2021,11,1,20,28,60,60612,AUTOROUTE A1,49.192802,2.603299,Nuit avec éclairage non allumé,Hors agglomération,Hors intersection,Temps couvert,Trois véhicules et plus - en chaîne,1,3,3,0,1,1,2,0,1,130,,4,1,0,0,3,30.0,22.0,,,4,1,1,8,4
202100009884,2021-11-01 19:50:00,2021,11,1,19,50,95,95572,RN 184,49.0338681278,2.1113988159,Nuit sans éclairage public,Hors agglomération,Hors intersection,Pluie légère,Autre collision,2,3,6,0,1,1,2,0,1,90,,1,0,0,0,1,53.0,,,,3,1,1,2,6
202100009885,2021-11-01 16:50:00,2021,11,1,16,50,93,93039,AUTOROUTE A86,48.9266789645,2.3358397729,Plein jour,Hors agglomération,Hors intersection,Temps couvert,Trois véhicules et plus - en chaîne,1,3,4,0,1,1,2,0,1,70,,4,3,0,0,1,37.0,28.0,,,1,1,1,8,4
202100009886,2021-10-10 12:50:00,2021,10,10,12,50,92,92036,AUTOROUTE A86,48.9339953804,2.3205880188,Plein jour,Hors agglomération,Hors intersection,Normale,Trois véhicules et plus - en chaîne,1,3,6,0,1,1,1,0,1,90,,6,4,0,0,2,35.0,52.0,,,1,1,1,1,4
202100009887,2021-11-02 17:05:00,2021,11,2,17,5,94,94028,A86 EXT,48.7981580773,2.4447797986,Plein jour,Hors agglomération,Hors intersection,Normale,Deux véhicules - arrière,1,1,4,0,1,1,1,0,1,90,,3,1,0,0,2,46.0,32.0,,,1,1,1,1,2
202100009888,2021-11-02 15:00:00,2021,11,2,15,0,77,77146,A4.Y,48.8319870876,2.6512725706,Plein jour,Hors agglomération,Hors intersection,Normale,Trois véhicules et plus - en chaîne,1,3,8,0,1,1,1,0,1,110,,4,3,0,0,1,30.0,61.0,,,1,1,1,1,4
202100009889,2021-11-02 00:10:00,2021,11,2,0,10,94,94073,A86 INT,48.7592916531,2.3835324056,Nuit sans éclairage public,Hors agglomération,Hors intersection,Pluie légère,Autre collision,1,-1,2,0,1,3,2,0,1,90,,1,0,0,0,1,37.0,,,,3,1,1,2,6
202100009890,2021-08-21 06:30:00,2021,8,21,6,30,78,78646,,48.798769,2.141398,Nuit avec éclairage allumé,En agglomération,Hors intersection,Normale,Autre collision,4,1,-1,-1,1,1,1,0,1,-1,,2,0,0,0,2,27.0,,,,5,2,1,1,6
202100009891,2021-10-31 12:30:00,2021,10,31,12,30,974,97411,VICTOIRE (AVENUE DE LA),-20.87666,55.44819,Plein jour,En agglomération,Intersection en X,Normale,Deux véhicules - côté,4,2,2,0,2,1,1,0,1,50,,4,3,0,0,1,59.0,55.0,,,1,2,2,1,3
202100009892,2021-10-31 10:15:00,2021,10,31,10,15,974,97411,LECONTE DE LISLE (AVENUE),-20.89136,55.40967,Plein jour,En agglomération,Hors intersection,Normale,Deux véhicules - côté,4,1,1,0,1,1,1,0,1,50,,2,1,0,0,1,47.0,,,,1,2,1,1,3
202100009893,2021-10-30 21:00:00,2021,10,30,21,0,972,97213,AUTOROUTE A1,14.608361,-61.005112,Nuit avec éclairage allumé,Hors agglomération,Hors intersection,Normale,Deux véhicules - arrière,1,2,6,0,1,1,1,0,1,70,,4,3,0,0,1,59.0,22.0,,,5,1,1,1,2
202100009894,2021-10-30 13:00:00,2021,10,30,13,0,971,97105,GASTON FEUILLARD(AVENUE),16.00487,-61.73002,Plein jour,En agglomération,Autre intersection,Normale,Trois véhicules et plus - collisions multiples,3,2,2,0,1,3,1,9,1,50,,4,2,0,0,2,56.0,44.0,,,1,2,9,1,5
202100009895,2021-10-31 20:15:00,2021,10,31,20,15,2A,2A004,ALATA ROUTE,41.9370814614,8.7359521064,Nuit avec éclairage allumé,Hors agglomération,Hors intersection,Normale,Deux véhicules - frontale,3,2,2,0,2,2,2,0,1,90,,2,0,0,0,2,23.0,21.0,,,5,1,1,1,1
202100009896,2021-11-01 19:00:00,2021,11,1,19,0,91,91377,AV M RAMOLFO GARNIER,48.722368,2.261992,Nuit avec éclairage allumé,En agglomération,Hors intersection,Normale,Autre collision,4,2,2,0,1,1,1,0,1,50,,2,1,0,1,0,61.0,,,,5,2,1,1,6
202100009897,2021-10-28 11:55:00,2021,10,28,11,55,91,91479,AV ARISTIDE BRIAND,48.71054,2.35814,Plein jour,En agglomération,Hors intersection,Normale,Trois véhicules et plus - en chaîne,4,-1,2,0,1,1,1,0,1,50,,4,3,0,0,1,34.0,30.0,,,1,2,1,1,4
202100009898,2021-10-28 17:15:00,2021,10,28,17,15,83,83126,LA SEYNE A OLLIOULES (CHEMIN DE),43.11465,5.85677,Plein jour,En agglomération,Hors intersection,Pluie légère,Trois véhicules et plus - collisions multiples,7,2,2,0,1,3,2,0,1,70,,5,0,0,0,5,44.0,35.0,,,1,2,1,2,5
202100009899,2021-10-22 17:10:00,2021,10,22,17,10,83,83009,BEAUSSET (ROUTE DU),43.1468,5.76526,Plein jour,En agglomération,Hors intersection,Normale,Autre collision,3,2,1,0,1,1,1,0,1,50,,2,1,0,1,0,,,,,1,2,1,1,6
202100009900,2021-10-31 19:40:00,2021,10,31,19,40,77,77243,D231,48.87642,2.72163,Nuit avec éclairage allumé,En agglomération,Hors intersection,Pluie légère,Autre collision,3,3,2,0,2,2,2,2,3,50,,1,0,0,0,1,24.0,,,,5,2,1,2,6
202100009901,2021-11-01 10:30:00,2021,11,1,10,30,76,76319,RN 138,49.35403,1.02975,Plein jour,Hors agglomération,Hors intersection,Normale,Sans collision,2,3,2,0,1,1,1,9,1,90,,1,0,0,1,0,34.0,,,,1,1,1,1,7
202100009902,2021-11-02 00:30:00,2021,11,2,0,30,69,69266,EMILE ZOLA (CO),45.76934,4.88032,Nuit avec éclairage allumé,En agglomération,Intersection en X,Normale,Deux véhicules - arrière,4,2,4,2,1,1,2,0,1,50,,2,1,0,0,1,33.0,26.0,,,5,2,2,1,2
202100009903,2021-11-01 16:50:00,2021,11,1,16,50,64,64102,SOULT (AVENUE MARECHAL),43.48736,-1.4848,Plein jour,En agglomération,Hors intersection,Normale,Deux véhicules - arrière,3,3,4,0,1,1,1,0,1,50,,4,2,0,0,2,44.0,24.0,,,1,2,1,1,2
202100009904,2021-11-01 16:55:00,2021,11,1,16,55,64,64102,GRENET (AVENUE HENRI),43.50135,-1.47896,Plein jour,En agglomération,Hors intersection,Normale,Sans collision,4,2,4,0,1,1,1,0,1,50,,1,0,0,0,1,22.0,,,,1,2,1,1,7
202100009905,2021-11-01 16:15:00,2021,11,1,16,15,59,59650,EGALITE (BOULEVARD DE L'),50.7098109131,3.1936320662,Plein jour,En agglomération,Intersection en X,Pluie légère,Deux véhicules - frontale,7,2,2,0,1,1,2,5,1,50,,4,1,0,0,3,33.0,23.0,,,1,2,2,2,1
202100009906,2021-11-01 08:45:00,2021,11,1,8,45,56,56260,ROHIC(RUE DU),47.66015,-2.70656,Plein jour,Hors agglomération,Hors intersection,Pluie légère,Sans collision,4,2,2,0,1,2,2,0,1,50,,2,1,0,0,1,21.0,,,,1,1,1,2,7
202100009907,2021-10-29 18:10:00,2021,10,29,18,10,44,44109,PERIPHERIQUE ROUTIER,47.26637,-1.58486,Plein jour,Hors agglomération,Hors intersection,Normale,Deux véhicules - arrière,1,3,0,0,1,1,1,0,1,80,,2,1,0,0,1,20.0,21.0,,,1,1,1,1,2
202100009908,2021-11-01 12:57:00,2021,11,1,12,57,33,33063,Rue Lucien Faure,44.86372,-0.55776,Plein jour,En agglomération,Hors intersection,Pluie légère,Deux véhicules - arrière,4,3,6,3,1,1,2,9,1,50,,2,1,0,0,1,48.0,,,,1,2,1,2,2
202100009909,2021-11-01 08:45:00,2021,11,1,8,45,31,31555,RUE DE GIRONIS,43.56358,1.41884,Crépuscule ou aube,En agglomération,Hors intersection,Pluie légère,Autre collision,4,2,2,0,2,2,2,0,3,50,,4,3,0,0,1,21.0,,,,2,2,1,2,6
202100009910,2021-11-01 05:30:00,2021,11,1,5,30,31,31555,RUE ARISTIDE MAILLOL,43.57973,1.39651,Nuit avec éclairage allumé,En agglomération,Hors intersection,Pluie légère,Deux véhicules - frontale,4,2,2,0,1,3,2,0,1,50,,5,2,0,0,3,50.0,19.0,,,5,2,1,2,1
202100009911,2021-11-01 15:45:00,2021,11,1,15,45,25,25056,DANTON RUE,47.24638,6.056155,Plein jour,En agglomération,Intersection en T,Temps éblouissant,Deux véhicules - côté,4,2,2,0,2,1,2,0,1,50,,2,1,0,0,1,49.0,23.0,,,1,2,3,7,3
202100009912,2021-10-31 02:34:00,2021,10,31,2,34,17,17333,CORDOUAN (AVENUE DE),45.609558,-1.00264,Nuit avec éclairage allumé,En agglomération,Autre intersection,Normale,Autre collision,4,2,2,0,1,1,1,0,1,50,,1,0,0,0,1,30.0,,,,5,2,9,1,6
202100009913,2021-11-01 09:44:00,2021,11,1,9,44,14,14715,D513,49.36278,0.08518,Plein jour,En agglomération,Autre intersection,Normale,Deux véhicules - côté,3,-1,4,0,1,1,1,0,1,30,,2,1,0,0,1,30.0,25.0,,,1,2,9,1,3
202100009914,2021-11-01 21:10:00,2021,11,1,21,10,13,13117,THALES (IMPASSE ),43.44107,5.23721,Nuit sans éclairage public,Hors agglomération,Autre intersection,Normale,Autre collision,9,-1,0,0,1,1,1,-1,8,50,,2,1,0,1,0,50.0,,,,3,1,9,1,6
202100009915,2021-11-01 07:10:00,2021,11,1,7,10,06,06088,VERANY (BD J.B.),43.71168,7.28433,Crépuscule ou aube,En agglomération,Intersection en X,Pluie légère,Deux véhicules - côté,7,1,3,0,1,1,2,0,1,50,,2,1,0,0,1,50.0,39.0,,,2,2,2,2,3
202100009916,2021-10-31 18:20:00,2021,10,31,18,20,75,75120,PORTE DES LILAS,48.876534,2.409645,Crépuscule ou aube,En agglomération,Intersection en Y,Pluie légère,Deux véhicules - arrière,4,1,4,0,1,1,2,0,1,70,,4,3,0,0,1,23.0,,,,2,2,4,2,2
202100009917,2021-11-01 06:04:00,2021,11,1,6,4,75,75114,AVENUE DU GENERAL LECLERC,48.831211,2.329784,Nuit sans éclairage public,En agglomération,Intersection en T,Normale,Autre collision,4,2,2,1,1,1,1,8,1,50,,1,0,0,1,0,29.0,,,,3,2,3,1,6
202100009918,2021-10-29 23:37:00,2021,10,29,23,37,75,75120,AVENUE GAMBETTA,48.863425,2.389646,Nuit avec éclairage allumé,En agglomération,Hors intersection,Pluie légère,Deux véhicules - côté,4,2,3,1,4,1,2,0,1,30,,5,1,0,3,1,25.0,40.0,,,5,2,1,2,3
202100009919,2021-11-01 01:20:00,2021,11,1,1,20,75,75106,QUAI DE CONTI,48.857666,2.337171,Nuit avec éclairage allumé,En agglomération,Place,Normale,Sans collision,4,1,3,1,1,1,1,-1,5,30,,1,0,0,1,0,36.0,,,,5,2,7,1,7
202100009920,2021-10-31 16:15:00,2021,10,31,16,15,75,75105,RUE CLOVIS,48.846522,2.347255,Plein jour,En agglomération,Place,Normale,Deux véhicules - arrière,4,1,2,0,2,1,2,0,1,30,,2,1,0,0,1,23.0,51.0,,,1,2,7,1,2
202100009921,2021-11-01 10:55:00,2021,11,1,10,55,75,75120,RUE D AVRON,48.853182,2.408811,Plein jour,En agglomération,Intersection en T,Normale,Autre collision,4,2,2,0,1,1,1,0,1,30,,2,1,0,0,1,47.0,,,,1,2,3,1,6
202100009922,2021-11-01 11:15:00,2021,11,1,11,15,75,75119,BOULEVARD DE LA VILLETTE,48.875178,2.373692,Plein jour,En agglomération,Intersection en Y,Normale,Deux véhicules - arrière,4,1,1,1,1,1,1,-1,5,30,,2,1,0,0,1,57.0,57.0,,,1,2,4,1,2
202100009923,2021-11-01 11:50:00,2021,11,1,11,50,75,75118,BOULEVARD NEY,48.897626,2.329014,Plein jour,En agglomération,Intersection en X,Normale,Deux véhicules - côté,4,1,1,0,1,1,1,0,1,30,,2,1,0,0,1,32.0,30.0,,,1,2,2,1,3
202100009924,2021-11-01 06:15:00,2021,11,1,6,15,75,75118,BOULEVARD ORNANO,48.892693,2.34875,Nuit avec éclairage allumé,En agglomération,Intersection en Y,Normale,Deux véhicules - côté,4,4,4,0,1,1,1,-1,6,30,,4,2,0,0,2,24.0,25.0,,,5,2,4,1,3
202100009925,2021-11-01 11:20:00,2021,11,1,11,20,75,75117,RUE BROCHANT,48.888944,2.317977,Plein jour,En agglomération,Intersection en X,Normale,Deux véhicules - côté,4,2,2,0,1,1,1,0,1,30,,2,1,0,0,1,55.0,25.0,,,1,2,2,1,3
202100009926,2021-10-31 11:55:00,2021,10,31,11,55,75,75116,AVENUE FOCH,48.873571,2.292331,Plein jour,En agglomération,Hors intersection,Pluie légère,Deux véhicules - côté,4,2,4,0,2,1,2,0,1,30,,4,3,0,0,1,52.0,33.0,,,1,2,1,2,3
202100009927,2021-11-01 19:20:00,2021,11,1,19,20,75,75105,BOULEVARD SAINT GERMAIN,48.850166,2.348147,Nuit avec éclairage allumé,En agglomération,Intersection en T,Pluie légère,Autre collision,4,1,3,3,1,1,2,0,1,30,,2,1,0,0,1,19.0,,,,5,2,3,2,6
202100009928,2021-11-01 07:30:00,2021,11,1,7,30,75,75110,RUE DU FAUBOURG SAINT DENIS,48.879531,2.357222,Plein jour,En agglomération,Intersection en X,Normale,Deux véhicules - arrière,4,1,2,3,3,1,1,0,1,30,,2,1,0,0,1,62.0,26.0,,,1,2,2,1,2
202100009929,2021-11-01 04:40:00,2021,11,1,4,40,75,75107,AVENUE BOSQUET,48.856234,2.304909,Nuit avec éclairage allumé,En agglomération,Intersection en X,Normale,Autre collision,4,1,4,0,1,1,1,0,1,30,,1,0,0,0,1,25.0,,,,5,2,2,1,6
202100009930,2021-11-01 17:00:00,2021,11,1,17,0,75,75103,RUE DES ARCHIVES,48.861243,2.358209,Nuit avec éclairage allumé,En agglomération,Intersection en X,Pluie légère,Sans collision,4,1,1,0,1,1,2,0,1,30,,1,0,0,0,1,36.0,,,,5,2,2,2,7
202100009931,2021-11-01 04:23:00,2021,11,1,4,23,75,75101,RUE DE RIVOLI,48.858541,2.348236,Nuit avec éclairage allumé,En agglomération,Intersection en X,Normale,Autre collision,4,2,3,1,1,1,2,-1,5,30,,1,0,0,0,1,45.0,,,,5,2,2,1,6
202100009932,2021-11-01 07:30:00,2021,11,1,7,30,94,94033,Avenue de Lattre de Tassigny,48.852197,2.494511,Crépuscule ou aube,En agglomération,Intersection en X,Normale,Deux véhicules - frontale,3,3,4,0,1,1,1,5,1,50,,3,1,0,0,2,29.0,40.0,,,2,2,2,1,1
202100009933,2021-11-01 06:00:00,2021,11,1,6,0,77,77291,CHAPIT RE ( RUE DU),49.0046,2.58453,Nuit sans éclairage public,En agglomération,Hors intersection,Normale,Deux véhicules - arrière,9,1,4,0,2,1,2,2,1,50,,3,2,0,0,1,37.0,73.0,,,3,2,1,1,2
202100009934,2021-11-01 17:48:00,2021,11,1,17,48,93,93059,AMIENS (RUE D') N° 02 AU N°128,48.956,2.36678,Crépuscule ou aube,En agglomération,Hors intersection,Pluie légère,Autre collision,3,1,1,1,1,1,2,0,1,50,,2,1,0,0,1,50.0,,,,2,2,1,2,6
202100009935,2021-11-01 13:58:00,2021,11,1,13,58,93,93072,GAMBETTA (AVENUE),48.9629740804,2.3772784951,Plein jour,En agglomération,Giratoire,Normale,Deux véhicules - côté,3,1,2,0,1,2,1,0,1,50,,2,1,0,0,1,70.0,,,,1,2,6,1,3
202100009936,2021-11-01 07:30:00,2021,11,1,7,30,93,93066,WILSON (AVENUE DU PRESIDENT),48.9188095789,2.3577934445,Crépuscule ou aube,En agglomération,Hors intersection,Normale,Trois véhicules et plus - collisions multiples,3,1,2,3,1,1,1,0,8,50,,4,2,0,1,1,58.0,21.0,,,2,2,1,1,5
202100009937,2021-11-01 17:10:00,2021,11,1,17,10,93,93047,GENERAL DE GAULLE (RUE DU),48.8993356434,2.5595596433,Plein jour,En agglomération,Intersection en T,Pluie légère,Deux véhicules - côté,4,2,2,0,1,1,2,0,1,50,,2,1,0,0,1,52.0,35.0,,,1,2,3,2,3
202100009938,2021-11-01 09:30:00,2021,11,1,9,30,92,92072,GRANDE RUE,48.8241772293,2.2105794938,Plein jour,En agglomération,Intersection en T,Normale,Autre collision,3,2,2,0,1,1,1,0,1,30,,2,1,0,1,0,64.0,,,,1,2,3,1,6
202100009939,2021-10-31 22:10:00,2021,10,31,22,10,92,92050,DIDEROT RUE,48.8867033333,2.2096413374,Nuit avec éclairage allumé,En agglomération,Intersection en X,Normale,Deux véhicules - côté,4,1,1,0,1,1,1,5,1,30,,3,2,0,0,1,18.0,,,,5,2,2,1,3
202100009940,2021-11-01 12:20:00,2021,11,1,12,20,92,92025,PDT S.ALLENDE> 278   147 (RUE DU),48.9222169667,2.2360342741,Plein jour,En agglomération,Autre intersection,Normale,Deux véhicules - côté,4,1,1,0,1,1,1,9,4,50,,2,1,0,0,1,,46.0,,,1,2,9,1,3
202100009941,2021-11-01 19:30:00,2021,11,1,19,30,92,92012,JEAN JAURES (BOULEVARD) 63/215 - 70/208,48.8273518454,2.2470836341,Nuit avec éclairage allumé,En agglomération,Hors intersection,Normale,Sans collision,4,2,0,0,1,1,2,0,1,50,,1,0,0,0,1,24.0,,,,5,2,1,1,7
202100009942,2021-11-02 15:00:00,2021,11,2,15,0,83,83148,Autoroute A8,43.407916,6.416016,Plein jour,Hors agglomération,Hors intersection,Normale,Autre collision,1,3,4,0,1,1,1,0,1,130,,2,0,0,1,1,23.0,,,,1,1,1,1,6
202100009943,2021-11-02 15:00:00,2021,11,2,15,0,71,71550,autoroute A6 PK 365+750 sens Paris/Lyon,46.496782,4.899452,Plein jour,Hors agglomération,Hors intersection,Normale,Deux véhicules - arrière,1,3,5,0,1,1,1,0,1,130,,2,1,0,1,0,20.0,39.0,,,1,1,1,1,2
202100009944,2021-10-30 17:50:00,2021,10,30,17,50,62,62520,Rue du 11 Novembre,50.570513,2.666341,Plein jour,En agglomération,Giratoire,Normale,Deux véhicules - côté,3,2,2,0,1,1,1,0,1,50,,2,1,0,0,1,46.0,16.0,,,1,2,6,1,3
202100009945,2021-11-02 06:32:00,2021,11,2,6,32,62,62839,Vaulx-Vraucourt,50.146601,2.917106,Crépuscule ou aube,Hors agglomération,Hors intersection,Normale,Autre collision,3,2,2,0,1,1,2,0,8,80,,1,0,0,1,0,21.0,,,,2,1,1,1,6
202100009946,2021-11-01 13:30:00,2021,11,1,13,30,51,51030,Rue du Prêche,49.0509542025,4.0069708228,Plein jour,En agglomération,Giratoire,Temps couvert,Sans collision,3,-1,2,0,1,3,2,0,1,50,,1,0,0,0,1,20.0,,,,1,2,6,8,7
202100009947,2021-11-02 00:30:00,2021,11,2,0,30,56,56240,Belle-Croix,47.540861,-2.693281,Nuit sans éclairage public,Hors agglomération,Hors intersection,Normale,Autre collision,3,2,2,0,1,3,1,0,3,70,,4,3,0,1,0,18.0,,,,3,1,1,1,6
202100009948,2021-10-07 06:45:00,2021,10,7,6,45,74,74165,Départementale 3,45.827805,5.988525,Nuit sans éclairage public,Hors agglomération,Hors intersection,Normale,Autre collision,3,2,2,0,1,2,1,0,1,50,,2,1,0,1,0,56.0,18.0,,,3,1,1,1,6
202100009949,2021-10-20 20:15:00,2021,10,20,20,15,76,76063,D23,49.725589,0.995679,Nuit sans éclairage public,Hors agglomération,Intersection en X,Pluie forte,Deux véhicules - côté,3,2,2,0,1,1,2,0,1,80,,2,1,0,1,0,22.0,67.0,,,3,1,2,3,3
202100009950,2021-11-01 20:50:00,2021,11,1,20,50,82,82136,Chemin du Clos de Jeannou,43.902871,1.380458,Nuit sans éclairage public,Hors agglomération,Hors intersection,Pluie légère,Autre collision,3,2,2,0,1,1,2,0,1,80,,1,0,0,1,0,25.0,,,,3,1,1,2,6
202100009951,2021-11-01 15:55:00,2021,11,1,15,55,32,32160,RD654 - PK 75+200,43.631727,1.065223,Plein jour,Hors agglomération,Hors intersection,Temps couvert,Deux véhicules - arrière,3,2,2,0,2,1,2,0,1,80,,2,1,0,1,0,21.0,48.0,,,1,1,1,8,2
202100009952,2021-10-31 16:20:00,2021,10,31,16,20,11,11397,rd610,43.204855,2.465605,Plein jour,Hors agglomération,Hors intersection,Normale,Trois véhicules et plus - collisions multiples,3,2,2,0,1,1,1,0,1,80,,7,6,0,1,0,18.0,20.0,,,1,1,1,1,5
202100009953,2021-11-02 09:45:00,2021,11,2,9,45,61,61214,Rue du Docteur Blaizot,48.756482,0.633693,Plein jour,En agglomération,Hors intersection,Normale,Autre collision,4,2,2,0,1,1,1,0,1,50,,3,1,0,2,0,87.0,,,,1,2,1,1,6
202100009954,2021-10-31 16:00:00,2021,10,31,16,0,61,61288,D222,48.625993,0.038613,Plein jour,Hors agglomération,Hors intersection,Normale,Autre collision,3,2,2,0,1,1,1,0,1,80,,2,0,0,2,0,55.0,,,,1,1,1,1,6
202100009955,2021-11-02 07:40:00,2021,11,2,7,40,46,46033,Rue de Bovila RD656,44.400338,1.172791,Plein jour,Hors agglomération,Hors intersection,Pluie légère,Autre collision,3,2,2,0,1,3,2,0,3,80,,1,0,1,0,0,37.0,,,,1,1,1,2,6
202100009956,2021-11-02 08:00:00,2021,11,2,8,0,47,47217,Naudou,44.192607,0.771628,Plein jour,Hors agglomération,Hors intersection,Pluie légère,Sans collision,3,2,2,0,1,1,2,0,3,80,,1,0,0,1,0,38.0,,,,1,1,1,2,7
202100009957,2021-10-23 01:30:00,2021,10,23,1,30,29,29093,Rue du Stade,48.574896,-4.414262,Nuit sans éclairage public,En agglomération,Hors intersection,Normale,Autre collision,4,2,2,0,1,2,1,0,4,50,,1,0,0,1,0,19.0,,,,3,2,1,1,6
202100009958,2021-10-29 19:15:00,2021,10,29,19,15,38,38189,D53a,45.611733,5.052423,Nuit sans éclairage public,Hors agglomération,Hors intersection,Vent fort / tempête,Deux véhicules - frontale,3,2,2,0,1,1,1,0,1,80,,2,0,2,0,0,60.0,64.0,,,3,1,1,6,1
202100009959,2021-07-29 08:00:00,2021,7,29,8,0,06,06103,M2565,43.997986,7.317023,Plein jour,Hors agglomération,Hors intersection,Normale,Deux véhicules - côté,7,3,2,0,1,3,1,0,3,50,,2,1,0,0,1,72.0,64.0,,,1,1,1,1,3
202100009960,2021-11-02 08:55:00,2021,11,2,8,55,06,06079,649 Avenue des Anciens Combattants,43.554993,6.941297,Plein jour,En agglomération,Hors intersection,Normale,Autre collision,3,3,2,0,1,1,1,0,1,50,,2,1,1,0,0,42.0,,,,1,2,1,1,6
202100009961,2021-11-02 12:15:00,2021,11,2,12,15,50,50168,18 Rue du Génie,48.619425,-1.291594,Plein jour,En agglomération,Hors intersection,Temps éblouissant,Autre collision,3,2,2,0,4,2,1,0,1,50,,3,2,0,1,0,63.0,,,,1,2,1,7,6
202100009962,2021-11-01 21:30:00,2021,11,1,21,30,50,50589,RN 175 PK 58.950,48.581182,-1.440958,Nuit sans éclairage public,Hors agglomération,Hors intersection,Normale,Deux véhicules - arrière,2,1,4,0,3,1,2,0,1,110,,3,2,1,0,0,29.0,37.0,,,3,1,1,1,2
202100009963,2021-11-02 18:54:00,2021,11,2,18,54,21,21150,Les Grandes Corvees,46.932096,4.740086,Nuit sans éclairage public,Hors agglomération,Intersection en T,Pluie légère,Deux véhicules - côté,3,2,1,0,1,1,2,0,1,90,,4,0,1,1,2,30.0,45.0,,,3,1,3,2,3
202100009964,2021-11-01 17:15:00,2021,11,1,17,15,40,40259,2375 Avenue du Bas-Armagnac,43.857341,-0.304602,Plein jour,Hors agglomération,Hors intersection,Temps couvert,Sans collision,3,2,2,0,1,1,2,0,3,80,,3,1,0,1,1,56.0,,,,1,1,1,8,7
202100009965,2021-10-31 05:25:00,2021,10,31,5,25,85,85034,D948,46.627129,-1.161413,Nuit sans éclairage public,Hors agglomération,Hors intersection,Pluie légère,Autre collision,3,3,4,0,1,1,2,0,2,110,,2,1,0,0,1,21.0,,,,3,1,1,2,6
202100009966,2021-11-02 09:13:00,2021,11,2,9,13,06,06084,310 Avenue de Grasse,43.622419,6.968615,Plein jour,En agglomération,Hors intersection,Temps éblouissant,Autre collision,4,2,2,0,1,1,1,0,1,30,,2,1,0,1,0,75.0,,,,1,2,1,7,6
202100009967,2021-10-27 11:50:00,2021,10,27,11,50,33,33042,,44.475604,-0.826758,Plein jour,Hors agglomération,Hors intersection,Normale,Deux véhicules - arrière,1,3,6,0,1,1,1,0,1,90,,2,1,1,0,0,48.0,54.0,,,1,1,1,1,2
202100009968,2021-11-01 21:10:00,2021,11,1,21,10,28,28363,A10,48.406999,1.895275,Nuit sans éclairage public,Hors agglomération,Autre intersection,Pluie légère,Deux véhicules - arrière,1,3,3,0,1,1,2,0,3,130,,8,4,0,0,4,58.0,21.0,,,3,1,9,2,2
202100009969,2021-10-31 13:30:00,2021,10,31,13,30,973,97308,23 Rue Alphonse Gueye,3.890367,-51.800774,Plein jour,En agglomération,Hors intersection,Pluie légère,Autre collision,4,1,1,0,1,1,2,0,1,50,,2,1,0,0,1,27.0,,,,1,2,1,2,6
202100009970,2021-11-01 15:00:00,2021,11,1,15,0,21,21171,Avenue de l Egalité,47.298256,5.13473,Plein jour,En agglomération,Giratoire,Normale,Deux véhicules - côté,4,1,1,0,1,3,1,0,1,20,,2,1,0,1,0,37.0,14.0,,,1,2,6,1,3
202100009971,2021-11-01 15:35:00,2021,11,1,15,35,45,45226,Rue des Cassines,47.796278,2.253498,Plein jour,En agglomération,Intersection en X,Normale,Deux véhicules - côté,4,2,2,0,1,1,1,0,1,50,,4,2,0,1,1,53.0,15.0,,,1,2,2,1,3
202100009972,2021-10-30 01:20:00,2021,10,30,1,20,11,11301,Intersection D111 et D610,43.222597,2.618909,Nuit avec éclairage allumé,En agglomération,Intersection en Y,Normale,Autre collision,3,2,2,0,1,1,1,0,3,80,,3,0,0,1,2,22.0,,,,5,2,4,1,6
202100009973,2021-10-29 19:00:00,2021,10,29,19,0,34,34023,D600 en direction de sète,43.448557,3.707457,Crépuscule ou aube,Hors agglomération,Autre intersection,Normale,Autre collision,3,3,2,0,2,1,1,3,1,90,,2,1,0,1,0,50.0,,,,2,1,9,1,6
202100009974,2021-11-01 12:25:00,2021,11,1,12,25,34,34081,avenue de BEZIERS,43.314031,3.140271,Plein jour,En agglomération,Intersection en T,Normale,Autre collision,3,2,2,0,1,1,1,0,1,50,,2,1,0,1,0,53.0,,,,1,2,3,1,6
202100009975,2021-11-02 15:10:00,2021,11,2,15,10,13,13066,6309 Route de Châteaurenard,43.885676,4.893985,Plein jour,Hors agglomération,Intersection en T,Normale,Deux véhicules - frontale,3,2,2,0,1,1,1,5,1,80,,2,1,0,1,0,17.0,32.0,,,1,1,3,1,1
202100009976,2021-11-01 22:00:00,2021,11,1,22,0,08,08142,A.34 Bretelle de sortie n°03 échangeur 05,49.714269,4.881063,Nuit sans éclairage public,Hors agglomération,Autre intersection,Normale,Autre collision,1,1,1,0,2,2,2,3,3,130,,2,0,0,1,1,19.0,,,,3,1,9,1,6
202100009977,2021-11-01 16:50:00,2021,11,1,16,50,69,69200,PLAT DU MONT,45.8549493677,4.4712146589,Crépuscule ou aube,En agglomération,Hors intersection,Autre,Autre collision,4,2,2,0,4,1,2,0,1,50,,2,1,0,0,1,93.0,,,,2,2,1,9,6