accident_id,datetime,annee,mois,jour,heure,minute,departement,commune_insee,adresse,latitude,longitude,luminosite,agglomeration,intersection,meteo,collision,catr,circ,nbv,vosp,prof,plan,surf,infra,situ,vma,nb_vehicules,nb_usagers,nb_indemnes,nb_tues,nb_blesses_hosp,nb_blesses_legers,age_cond_1,age_cond_2,veh_type_cond_1,veh_type_cond_2,lum_code,agg_code,int_code,atm_code,col_code
202100009978,2021-10-29 13:00:00,2021,10,29,13,0,69,69072,PORTE DE LYON (DE LA) (AV),45.821383,4.763893,Plein jour,En agglomération,Intersection en X,Normale,Deux véhicules - arrière,7,2,2,0,1,1,1,2,1,50,,2,1,0,0,1,50.0,31.0,,,1,2,2,1,2
202100009979,2021-11-02 18:30:00,2021,11,2,18,30,64,64422,11 Place de la Resistance,43.1932330176,-0.6047844887,Nuit avec éclairage allumé,En agglomération,Hors intersection,Pluie forte,Deux véhicules - côté,2,2,2,0,2,1,2,0,1,50,,3,1,0,2,0,62.0,32.0,,,5,2,1,3,3
202100009980,2021-10-21 08:00:00,2021,10,21,8,0,33,33227,D1562,44.554385,-0.25481,Nuit avec éclairage allumé,En agglomération,Intersection en X,Normale,Deux véhicules - côté,3,3,2,0,1,1,1,5,1,50,,2,1,0,1,0,16.0,64.0,,,5,2,2,1,3
202100009981,2021-10-19 15:20:00,2021,10,19,15,20,33,33438,,44.570904,-0.24686,Plein jour,Hors agglomération,Hors intersection,Normale,Trois véhicules et plus - en chaîne,3,2,2,0,1,1,1,0,1,70,,4,3,0,1,0,70.0,43.0,,,1,1,1,1,4
202100009982,2021-10-31 18:30:00,2021,10,31,18,30,56,56263,Route de Vannes,47.703639,-2.940822,Nuit sans éclairage public,Hors agglomération,Hors intersection,Autre,Deux véhicules - frontale,3,2,2,1,1,1,2,0,1,80,,6,0,0,1,5,52.0,45.0,,,3,1,1,9,1
202100009983,2021-11-01 10:30:00,2021,11,1,10,30,60,60612,D1330,49.2116174571,2.6071688775,Plein jour,Hors agglomération,Hors intersection,Normale,Deux véhicules - arrière,3,2,3,0,2,1,1,0,1,90,,2,1,0,0,1,,27.0,,,1,1,1,1,2
202100009984,2021-10-24 01:30:00,2021,10,24,1,30,59,59477,Rue Jules Guesde,50.512192,2.906592,Nuit sans éclairage public,En agglomération,Hors intersection,Normale,Autre collision,6,-1,-1,0,1,1,1,0,8,30,,2,1,0,0,1,51.0,,,,3,2,1,1,6
202100009985,2021-10-28 08:05:00,2021,10,28,8,5,13,13055,A507 sens Aubagne- Marseille,43.34537,5.37417,Crépuscule ou aube,Hors agglomération,Hors intersection,Normale,Trois véhicules et plus - en chaîne,1,1,2,0,1,1,1,0,1,70,,3,1,0,0,2,29.0,41.0,,,2,1,1,1,4
202100009986,2021-11-01 02:30:00,2021,11,1,2,30,91,91340,RN 104,48.60885,2.4354,Nuit sans éclairage public,Hors agglomération,Hors intersection,Temps couvert,Autre collision,2,1,6,0,2,3,2,0,1,70,,3,2,0,0,1,45.0,,,,3,1,1,8,6
202100009987,2021-11-01 00:50:00,2021,11,1,0,50,91,91521,RN 104,48.6322,2.401,Nuit sans éclairage public,Hors agglomération,Hors intersection,Normale,Autre collision,2,1,3,0,1,3,2,0,1,70,,1,0,0,0,1,25.0,,,,3,1,1,1,6
202100009988,2021-11-01 10:15:00,2021,11,1,10,15,60,60494,AUTOROUTE A1,49.116991,2.555607,Plein jour,Hors agglomération,Hors intersection,Normale,Trois véhicules et plus - en chaîne,1,3,6,0,1,1,1,0,1,110,,6,4,0,0,2,21.0,43.0,,,1,1,1,1,4
202100009989,2021-11-01 21:00:00,2021,11,1,21,0,94,94033,A86.EXT,48.8552845039,2.4893358452,Nuit avec éclairage allumé,Hors agglomération,Hors intersection,Pluie forte,Trois véhicules et plus - en chaîne,1,3,3,0,1,1,2,0,1,90,,5,1,0,0,4,40.0,32.0,,,5,1,1,3,4
202100009990,2021-11-01 20:00:00,2021,11,1,20,0,94,94004,RN19.Y,48.7507114953,2.5144422054,Nuit sans éclairage public,Hors agglomération,Hors intersection,Normale,Deux véhicules - arrière,2,1,4,0,1,1,2,0,1,90,,2,1,0,0,1,53.0,42.0,,,3,1,1,1,2
202100009991,2021-06-27 06:30:00,2021,6,27,6,30,62,62196,Rue des Fours Romains,50.479176,1.705493,Crépuscule ou aube,Hors agglomération,Hors intersection,Normale,Autre collision,3,2,2,0,3,4,1,0,3,80,,2,1,0,0,1,24.0,,,,2,1,1,1,6
202100009992,2021-10-31 19:35:00,2021,10,31,19,35,974,97416,BASSIN PLAT(CHEMIN),-21.3271,55.4935,Nuit sans éclairage public,Hors agglomération,Giratoire,Normale,Deux véhicules - côté,4,2,2,0,2,1,1,9,1,50,,3,2,0,0,1,26.0,,,,3,1,6,1,3
202100009993,2021-10-30 14:30:00,2021,10,30,14,30,974,97416,RN1 (ROUTE NATIONALE),-21.33107,55.45614,Plein jour,Hors agglomération,Hors intersection,Normale,Deux véhicules - arrière,2,3,4,0,3,1,1,0,1,110,,2,1,1,0,0,31.0,62.0,,,1,1,1,1,2
202100009994,2021-10-31 06:30:00,2021,10,31,6,30,69,69383,GARIBALDI (R),45.7579323962,4.8525989056,Crépuscule ou aube,En agglomération,Hors intersection,Normale,Sans collision,4,1,3,0,1,1,2,0,1,50,,4,2,0,0,2,25.0,,,,2,2,1,1,7
202100009995,2021-10-31 02:15:00,2021,10,31,2,15,69,69383,WILSON (PT),45.75985,4.8413,Nuit avec éclairage allumé,En agglomération,Hors intersection,Pluie légère,Deux véhicules - côté,4,1,3,0,1,1,2,0,1,50,,2,1,0,0,1,,19.0,,,5,2,1,2,3
202100009996,2021-10-30 19:40:00,2021,10,30,19,40,972,97213,AUTOROUTE A1,14.60594,-61.00322,Nuit sans éclairage public,Hors agglomération,Hors intersection,Normale,Autre collision,1,1,2,0,1,1,1,0,1,80,,2,0,1,0,1,23.0,,,,3,1,1,1,6
202100009997,2021-10-30 18:20:00,2021,10,30,18,20,972,97213,ROUTE DEPARTEMENTALE 3,14.61571,-60.98999,Nuit sans éclairage public,En agglomération,Hors intersection,Normale,Deux véhicules - frontale,3,1,2,0,1,2,1,9,1,50,,2,1,0,1,0,21.0,37.0,,,3,2,1,1,1
202100009998,2021-10-31 02:00:00,2021,10,31,2,0,69,69382,DOCTEUR GAILLETON (DU) (Q),45.752101,4.832837,Nuit avec éclairage allumé,En agglomération,Hors intersection,Pluie légère,Deux véhicules - arrière,4,1,4,0,1,1,2,0,1,50,,4,3,0,0,1,50.0,24.0,,,5,2,1,2,2
202100009999,2021-10-31 19:50:00,2021,10,31,19,50,971,97101,PALAIS ROYAL,16.2996,-61.49117,Nuit sans éclairage public,Hors agglomération,Intersection en T,Normale,Deux véhicules - côté,2,2,2,0,1,2,1,0,1,70,,2,1,0,1,0,47.0,30.0,,,3,1,3,1,3
202100010000,2021-10-31 18:50:00,2021,10,31,18,50,971,97101,ROUTE DE BOISVINS,16.26426,-61.47689,Nuit sans éclairage public,Hors agglomération,Hors intersection,Normale,Deux véhicules - frontale,3,2,2,0,3,3,1,0,1,50,,4,3,0,1,0,32.0,51.0,,,3,1,1,1,1
202100010001,2021-10-30 11:50:00,2021,10,30,11,50,971,97113,SECTION COCOYER,16.23411,-61.48169,Plein jour,Hors agglomération,Hors intersection,Normale,Deux véhicules - frontale,3,2,2,0,2,1,1,0,1,70,,3,2,1,0,0,45.0,45.0,,,1,1,1,1,1
202100010002,2021-10-31 18:50:00,2021,10,31,18,50,95,95019,MARAT (RUE),48.9843,2.42202,Nuit avec éclairage allumé,En agglomération,Hors intersection,Pluie légère,Autre collision,4,2,2,0,2,1,2,0,1,30,,2,1,0,0,1,28.0,,,,5,2,1,2,6
202100010003,2021-10-31 20:43:00,2021,10,31,20,43,91,91377,BAUDOT (RUE EMILE),48.71905,2.26434,Nuit avec éclairage allumé,En agglomération,Hors intersection,Normale,Sans collision,4,3,2,0,1,1,2,0,4,50,,1,0,0,1,0,26.0,,,,5,2,1,1,7
202100010004,2021-10-31 15:50:00,2021,10,31,15,50,91,91687,MOULIN JOLI (RUE DU),48.66343,2.37385,Plein jour,En agglomération,Hors intersection,Pluie forte,Autre collision,4,2,1,0,1,1,2,0,1,50,,2,1,0,0,1,30.0,,,,1,2,1,3,6
202100010005,2021-10-31 09:55:00,2021,10,31,9,55,91,91027,AV DE MORANGIS,48.705832,2.37062,Plein jour,En agglomération,Hors intersection,Normale,Autre collision,3,2,2,1,1,1,1,0,1,50,,2,1,0,0,1,27.0,,,,1,2,1,1,6
202100010006,2021-10-31 10:50:00,2021,10,31,10,50,91,91469,D721,48.39984,2.17456,Plein jour,Hors agglomération,Intersection en X,Normale,Deux véhicules - côté,3,2,2,0,1,1,1,0,1,70,,4,1,0,0,3,21.0,54.0,,,1,1,2,1,3
202100010007,2021-10-31 14:45:00,2021,10,31,14,45,83,83062,PAIX (AVENUE DE LA),43.12918,6.01191,Plein jour,En agglomération,Giratoire,Normale,Deux véhicules - arrière,7,3,2,0,1,3,2,0,1,30,,7,3,0,0,4,45.0,34.0,,,1,2,6,1,2
202100010008,2021-10-30 15:15:00,2021,10,30,15,15,83,83129,RAYOLET (CORNICHE DU),43.08845,5.8101,Plein jour,En agglomération,Hors intersection,Pluie forte,Deux véhicules - côté,7,2,0,0,1,1,2,0,1,50,,2,1,0,1,0,29.0,43.0,,,1,2,1,3,3
202100010009,2021-10-31 18:10:00,2021,10,31,18,10,78,78146,DOCTEUR ROUX (PLACE DU),48.90031,2.14802,Nuit avec éclairage allumé,En agglomération,Autre intersection,Pluie légère,Autre collision,3,1,1,0,1,3,2,0,1,50,,2,1,0,0,1,75.0,,,,5,2,9,2,6
202100010010,2021-10-29 12:40:00,2021,10,29,12,40,78,78486,CHARTRES (RUE DE,48.68914,1.85153,Plein jour,En agglomération,Hors intersection,Pluie légère,Autre collision,3,2,2,2,1,1,2,9,1,50,,2,1,1,0,0,51.0,52.0,,,1,2,1,2,6
202100010011,2021-10-30 17:05:00,2021,10,30,17,5,77,77495,D306,48.56121,2.633738,Plein jour,En agglomération,Hors intersection,Pluie forte,Autre collision,3,3,2,2,1,1,2,0,1,50,,2,1,0,1,0,44.0,,,,1,2,1,3,6
202100010012,2021-10-31 18:55:00,2021,10,31,18,55,76,76259,BERIGNY (QUAI),49.76017,0.36907,Nuit avec éclairage allumé,En agglomération,Autre intersection,Normale,Deux véhicules - côté,3,2,2,0,1,1,1,0,1,50,,2,1,0,1,0,16.0,55.0,,,5,2,9,1,3
202100010013,2021-10-26 13:10:00,2021,10,26,13,10,69,69266,GENAS (DE) (RTE),45.75207,4.90256,Plein jour,En agglomération,Intersection à plus de 4 branches,Normale,Deux véhicules - côté,4,2,5,1,1,1,1,0,1,50,,2,0,0,0,2,46.0,32.0,,,1,2,5,1,3
202100010014,2021-10-30 17:35:00,2021,10,30,17,35,64,64132,COMMANDANT RENE MOUCHOTTE DU,43.302742,-0.319609,Plein jour,En agglomération,Hors intersection,Pluie légère,Deux véhicules - côté,4,2,2,1,1,1,2,0,5,50,,2,1,0,0,1,32.0,44.0,,,1,2,1,2,3
202100010015,2021-10-30 13:40:00,2021,10,30,13,40,60,60159,Rue Solférino,49.41957,2.823792,Plein jour,En agglomération,Intersection en X,Pluie légère,Deux véhicules - côté,4,4,3,0,1,1,2,0,1,30,,5,2,0,0,3,79.0,30.0,,,1,2,2,2,3
202100010016,2021-10-30 04:00:00,2021,10,30,4,0,54,54274,REPUBLIQUE (RUE DE LA),48.6667937419,6.2121328712,Nuit avec éclairage allumé,En agglomération,Hors intersection,Pluie légère,Autre collision,7,2,2,0,1,1,2,0,4,50,,3,2,0,0,1,,,,,5,2,1,2,6
202100010017,2021-10-31 00:34:00,2021,10,31,0,34,51,51454,Boulevard Louis Roederer,49.257044552,4.0231485715,Nuit avec éclairage allumé,En agglomération,Intersection en T,Normale,Deux véhicules - arrière,4,3,3,0,3,1,2,1,1,50,,2,0,0,0,2,22.0,42.0,,,5,2,3,1,2
202100010018,2021-11-01 00:26:00,2021,11,1,0,26,49,49007,MOULIN BOULEVARD,47.48715,-0.53906,Nuit avec éclairage allumé,En agglomération,Hors intersection,Normale,Deux véhicules - frontale,4,2,2,0,1,1,1,0,1,50,,2,0,0,0,2,24.0,28.0,,,5,2,1,1,1
202100010019,2021-10-31 11:45:00,2021,10,31,11,45,49,49007,RD 323,47.46458,-0.57347,Plein jour,Hors agglomération,Hors intersection,Normale,Autre collision,3,1,1,0,1,3,1,0,1,70,,2,1,0,0,1,27.0,,,,1,1,1,1,6
202100010020,2021-10-31 22:25:00,2021,10,31,22,25,41,41269,TREMAULT (BOULEVARD DE),47.80162,1.06823,Nuit avec éclairage non allumé,En agglomération,Hors intersection,Normale,Autre collision,4,2,2,0,1,1,1,0,1,50,,2,1,0,1,0,29.0,,,,4,2,1,1,6
202100010021,2021-10-29 15:50:00,2021,10,29,15,50,33,33318,Avenue de Canéjan,44.78097,-0.65889,Plein jour,En agglomération,Hors intersection,Normale,Autre collision,4,1,1,0,1,1,1,0,3,50,,1,0,0,1,0,66.0,,,,1,2,1,1,6
202100010022,2021-10-31 23:50:00,2021,10,31,23,50,31,31069,A621,43.62569,1.38491,Nuit avec éclairage allumé,Hors agglomération,Hors intersection,Pluie légère,Deux véhicules - arrière,1,1,3,0,1,3,2,0,1,90,,4,2,0,0,2,56.0,26.0,,,5,1,1,2,2
202100010023,2021-10-31 02:20:00,2021,10,31,2,20,31,31555,DEMOISELLES (ALL DES) DU 2AU 80,43.59074,1.45328,Nuit avec éclairage allumé,En agglomération,Place,Normale,Sans collision,4,1,2,0,1,2,1,0,8,50,,2,1,0,1,0,36.0,,,,5,2,7,1,7
202100010024,2021-10-31 13:40:00,2021,10,31,13,40,27,27229,HARDENCOURT (RUE D'),49.02257,1.17239,Plein jour,En agglomération,Hors intersection,Pluie forte,Deux véhicules - côté,4,2,2,0,1,1,2,0,1,50,,4,2,0,0,2,32.0,23.0,,,1,2,1,3,3
202100010025,2021-10-30 18:45:00,2021,10,30,18,45,25,25031,BELFORT (RUE DE),47.483135,6.840446,Nuit avec éclairage allumé,En agglomération,Hors intersection,Pluie légère,Deux véhicules - arrière,3,2,2,0,1,2,2,0,1,50,,6,3,0,0,3,18.0,63.0,,,5,2,1,2,2
202100010026,2021-10-31 16:57:00,2021,10,31,16,57,25,25056,Rue des Cras,47.255241,6.032456,Plein jour,En agglomération,Hors intersection,Normale,Sans collision,4,2,2,0,4,4,1,0,1,30,,1,0,0,0,1,30.0,,,,1,2,1,1,7
202100010027,2021-10-28 15:00:00,2021,10,28,15,0,17,17306,Rue Font de Cherves,45.62803,-1.03116,Plein jour,En agglomération,Hors intersection,Normale,Autre collision,4,1,1,0,1,1,1,0,8,30,,2,1,0,1,0,28.0,,,,1,2,1,1,6
202100010028,2021-10-30 16:00:00,2021,10,30,16,0,14,14271,N814,49.13951,-0.36709,Plein jour,Hors agglomération,Hors intersection,Normale,Autre collision,2,3,4,3,1,1,1,0,1,90,,6,4,0,0,2,30.0,47.0,,,1,1,1,1,6
202100010029,2021-10-30 19:05:00,2021,10,30,19,5,13,13019,D9,43.46538,5.3399,Nuit sans éclairage public,Hors agglomération,Hors intersection,Pluie légère,Sans collision,7,1,4,0,1,3,2,0,1,90,,1,0,0,0,1,28.0,,,,3,1,1,2,7
202100010030,2021-10-31 17:30:00,2021,10,31,17,30,13,13215,LYON (RUE DE),43.3423708654,5.3597691433,Nuit avec éclairage allumé,En agglomération,Intersection en T,Normale,Deux véhicules - côté,4,2,3,0,1,1,1,0,1,50,,2,1,0,1,0,32.0,37.0,,,5,2,3,1,3
202100010031,2021-10-31 04:00:00,2021,10,31,4,0,13,13206,PIERRE PUGET (COURS),43.29033,5.37582,Nuit avec éclairage allumé,En agglomération,Intersection en X,Normale,Deux véhicules - côté,4,1,2,0,2,1,1,5,1,50,,2,1,0,0,1,23.0,38.0,,,5,2,2,1,3
202100010032,2021-10-31 17:42:00,2021,10,31,17,42,10,10387,JULES GUESDE (RUE),48.29487,4.08184,Nuit avec éclairage allumé,En agglomération,Intersection en X,Pluie légère,Deux véhicules - côté,4,2,2,0,1,2,2,0,1,50,,5,4,0,0,1,24.0,27.0,,,5,2,2,2,3
202100010033,2021-10-31 14:20:00,2021,10,31,14,20,10,10333,AUXERRE (ROUTE),48.27411,4.05831,Plein jour,En agglomération,Intersection en X,Normale,Deux véhicules - côté,3,2,4,0,1,1,1,0,1,50,,2,1,0,0,1,17.0,21.0,,,1,2,2,1,3
202100010034,2021-10-31 13:47:00,2021,10,31,13,47,10,10387,ST DOMINIQUE (MAIL),48.30522,4.07419,Plein jour,En agglomération,Intersection en X,Normale,Deux véhicules - côté,4,1,3,0,1,1,1,0,1,50,,3,1,0,0,2,65.0,42.0,,,1,2,2,1,3
202100010035,2021-10-31 23:45:00,2021,10,31,23,45,06,06069,DRAGUIGNAN (ROUTE DE) - D2562-,43.645203,6.894575,Nuit sans éclairage public,Hors agglomération,Hors intersection,Pluie légère,Autre collision,3,2,2,0,2,4,2,0,1,50,,3,1,0,0,2,19.0,,,,3,1,1,2,6
202100010036,2021-10-31 12:09:00,2021,10,31,12,9,04,04112,MISTRAL (AVENUE F.),43.8230751,5.7876289,Plein jour,En agglomération,Hors intersection,Pluie légère,Deux véhicules - côté,3,2,2,0,1,1,2,0,1,50,,3,2,0,1,0,44.0,17.0,,,1,2,1,2,3
202100010037,2021-10-31 12:15:00,2021,10,31,12,15,75,75118,PORTE DE CLIGNANCOURT,48.901041,2.350764,Plein jour,En agglomération,Hors intersection,Temps couvert,Deux véhicules - arrière,4,1,4,0,1,1,2,0,1,70,,2,1,0,0,1,59.0,52.0,,,1,2,1,8,2
202100010038,2021-10-31 05:32:00,2021,10,31,5,32,75,75120,BOULEVARD PERIPHERIQUE,48.868835,2.413258,Nuit avec éclairage allumé,En agglomération,Intersection en Y,Normale,Deux véhicules - côté,4,1,4,0,1,1,1,0,1,70,,3,1,0,0,2,34.0,24.0,,,5,2,4,1,3
202100010039,2021-10-30 08:45:00,2021,10,30,8,45,75,75120,BOULEVARD PERIPHERIQUE,48.853568,2.41404,Plein jour,En agglomération,Hors intersection,Pluie légère,Deux véhicules - côté,4,1,4,0,1,1,2,0,1,70,,2,1,0,0,1,46.0,22.0,,,1,2,1,2,3
202100010040,2021-10-31 05:40:00,2021,10,31,5,40,75,75117,BOULEVARD DE DOUAUMONT,48.896373,2.310323,Nuit avec éclairage allumé,En agglomération,Intersection en Y,Normale,Trois véhicules et plus - en chaîne,4,1,2,0,1,1,1,8,1,50,,5,4,0,0,1,54.0,29.0,,,5,2,4,1,4
202100010041,2021-10-31 12:48:00,2021,10,31,12,48,75,75115,BOULEVARD LEFEBVRE,48.8323993837,2.2889462113,Plein jour,En agglomération,Place,Pluie légère,Trois véhicules et plus - en chaîne,4,2,4,0,2,1,2,0,1,50,,4,3,0,0,1,39.0,43.0,,,1,2,7,2,4
202100010042,2021-10-31 14:30:00,2021,10,31,14,30,75,75112,BOULEVARD SOULT,48.8437,2.410097,Plein jour,En agglomération,Intersection en T,Pluie légère,Deux véhicules - côté,4,1,2,1,1,1,2,0,5,50,,2,1,0,0,1,49.0,20.0,,,1,2,3,2,3
202100010043,2021-10-31 18:10:00,2021,10,31,18,10,75,75110,RUE DU FAUBOURG SAINT MARTIN,48.87678,2.360987,Nuit avec éclairage non allumé,En agglomération,Hors intersection,Pluie légère,Deux véhicules - côté,4,2,3,0,2,1,2,0,1,30,,2,1,0,0,1,57.0,70.0,,,4,2,1,2,3
202100010044,2021-10-31 00:15:00,2021,10,31,0,15,75,75109,RUE JEAN BAPTISTE PIGALLE,48.881705,2.336844,Nuit avec éclairage allumé,En agglomération,Hors intersection,Normale,Deux véhicules - côté,4,1,2,1,2,1,1,0,5,30,,3,2,0,0,1,22.0,40.0,,,5,2,1,1,3
202100010045,2021-10-31 15:40:00,2021,10,31,15,40,75,75103,PLACE DE LA REPUBLIQUE,48.866462,2.364774,Plein jour,En agglomération,Intersection en Y,Pluie forte,Sans collision,4,2,5,0,1,1,2,0,1,30,,1,0,0,0,1,25.0,,,,1,2,4,3,7
202100010046,2021-10-31 01:30:00,2021,10,31,1,30,75,75101,BOULEVARD DE LA MADELEINE,48.86991,2.327889,Nuit avec éclairage allumé,En agglomération,Intersection à plus de 4 branches,Normale,Deux véhicules - arrière,4,2,5,0,1,1,1,0,1,30,,2,1,0,0,1,52.0,,,,5,2,5,1,2
202100010047,2021-10-31 01:10:00,2021,10,31,1,10,94,94060,Route de la Queue En Brie,48.78157,2.56564,Nuit sans éclairage public,Hors agglomération,Hors intersection,Temps couvert,Autre collision,3,2,2,0,1,1,2,0,1,50,,2,1,0,0,1,35.0,,,,3,1,1,8,6
202100010048,2021-10-31 02:35:00,2021,10,31,2,35,94,94017,Boulevard de Stalingrad,48.8292,2.49318,Nuit avec éclairage allumé,En agglomération,Hors intersection,Pluie légère,Deux véhicules - arrière,3,1,1,0,1,1,2,2,8,50,,4,0,0,0,4,33.0,33.0,,,5,2,1,2,2
202100010049,2021-10-31 15:00:00,2021,10,31,15,0,94,94071,WINSTON CHURCHILL (R),48.76629,2.52508,Plein jour,En agglomération,Hors intersection,Pluie légère,Sans collision,3,2,2,0,1,1,2,0,4,50,,2,1,0,0,1,22.0,,,,1,2,1,2,7
202100010050,2021-10-31 20:45:00,2021,10,31,20,45,93,93073,GARE (PLACE DE LA),48.94552,2.5667,Nuit avec éclairage allumé,En agglomération,Giratoire,Pluie légère,Autre collision,3,2,4,3,1,3,2,5,1,50,,2,1,0,0,1,25.0,,,,5,2,6,2,6
202100010051,2021-10-31 06:20:00,2021,10,31,6,20,93,93077,GRANDE RUE,48.8828,2.51427,Nuit avec éclairage allumé,En agglomération,Intersection en X,Normale,Deux véhicules - côté,3,2,2,0,1,1,1,0,1,50,,2,1,0,0,1,32.0,32.0,,,5,2,2,1,3
202100010052,2021-10-31 16:09:00,2021,10,31,16,9,93,93050,ROBERT SCHUMANN (AVENUE),48.8737615417,2.5317706158,Plein jour,En agglomération,Autre intersection,Pluie forte,Deux véhicules - côté,4,2,2,0,1,2,2,0,1,50,,4,2,0,0,2,26.0,24.0,,,1,2,9,3,3
202100010053,2021-10-31 20:15:00,2021,10,31,20,15,93,93048,COTE DU NORD (RUE DE LA),48.8622888708,2.4732945939,Nuit avec éclairage allumé,En agglomération,Hors intersection,Pluie légère,Deux véhicules - côté,4,2,2,0,1,1,2,6,1,50,,4,2,0,0,2,,27.0,,,5,2,1,2,3
202100010054,2021-10-31 06:15:00,2021,10,31,6,15,93,93046,GUTEMBERG BOULEVARD,48.91359,2.51778,Nuit avec éclairage allumé,En agglomération,Hors intersection,Normale,Deux véhicules - arrière,4,2,2,0,1,1,2,0,1,50,,2,1,0,0,1,26.0,31.0,,,5,2,1,1,2
202100010055,2021-10-31 16:40:00,2021,10,31,16,40,93,93010,AULNAY (ROUTE) COTE PAIRE DE 2 A FIN,48.908132,2.480186,Plein jour,En agglomération,Hors intersection,Pluie légère,Deux véhicules - arrière,3,2,2,0,2,1,2,0,1,30,,3,2,0,1,0,30.0,21.0,,,1,2,1,2,2
202100010056,2021-10-31 20:45:00,2021,10,31,20,45,92,92040,VERDUN (AVENUE DE) DU 115 AU 149,48.81969,2.25643,Nuit avec éclairage allumé,En agglomération,Hors intersection,Pluie légère,Deux véhicules - côté,3,2,2,0,1,1,2,0,1,30,,2,1,0,0,1,52.0,35.0,,,5,2,1,2,3
202100010057,2021-10-31 06:40:00,2021,10,31,6,40,92,92025,STALINGRAD (AV DE),48.931353,2.266948,Nuit avec éclairage allumé,En agglomération,Autre intersection,Temps couvert,Deux véhicules - côté,3,2,2,0,1,1,1,9,1,50,,2,1,0,0,1,19.0,19.0,,,5,2,9,8,3
202100010058,2021-10-31 02:29:00,2021,10,31,2,29,92,92002,RAYMON ARON (AVENUE),48.7649,2.30958,Nuit avec éclairage allumé,En agglomération,Hors intersection,Normale,Sans collision,3,3,4,0,1,1,1,0,1,50,,2,0,1,0,1,24.0,,,,5,2,1,1,7
202100010059,2021-11-01 11:00:00,2021,11,1,11,0,37,37035,D757,46.9850432541,0.3276259225,Plein jour,Hors agglomération,Intersection en X,Normale,Deux véhicules - côté,3,2,2,0,1,1,1,0,1,80,,2,0,0,0,2,61.0,67.0,,,1,1,2,1,3
202100010060,2021-10-31 15:45:00,2021,10,31,15,45,2A,2A211,RT40 PK 42+700,41.800539,8.967049,Plein jour,Hors agglomération,Hors intersection,Pluie légère,Autre collision,2,2,2,0,2,3,2,0,1,80,,2,1,1,0,0,71.0,,,,1,1,1,2,6
202100010061,2021-11-01 13:50:00,2021,11,1,13,50,41,41282,11 Route de Romorantin,47.359746,1.777427,Plein jour,En agglomération,Hors intersection,Normale,Deux véhicules - frontale,3,2,2,0,1,1,1,0,1,50,,3,1,0,1,1,54.0,48.0,,,1,2,1,1,1
202100010062,2021-11-01 10:59:00,2021,11,1,10,59,45,45187,45 Route de la Forêt,47.882643,2.51809,Plein jour,En agglomération,Giratoire,Normale,Trois véhicules et plus - en chaîne,4,2,2,0,1,1,1,0,1,50,,4,1,0,1,2,75.0,51.0,,,1,2,6,1,4
202100010063,2021-10-31 19:50:00,2021,10,31,19,50,84,84137,D151,44.236514,5.084996,Nuit avec éclairage allumé,En agglomération,Hors intersection,Normale,Sans collision,3,2,2,0,1,3,1,0,1,50,,1,0,0,1,0,58.0,,,,5,2,1,1,7
202100010064,2021-10-28 17:05:00,2021,10,28,17,5,86,86202,La Grand Maison,46.636109,0.753417,Plein jour,Hors agglomération,Hors intersection,Normale,Autre collision,3,2,2,0,2,3,1,0,3,80,,2,0,0,1,1,62.0,,,,1,1,1,1,6
202100010065,2021-11-01 17:45:00,2021,11,1,17,45,54,54476,D643,49.4566880645,5.4782724382,Nuit sans éclairage public,Hors agglomération,Intersection en T,Normale,Deux véhicules - frontale,3,2,2,0,3,1,1,0,1,80,,5,0,0,1,4,30.0,22.0,,,3,1,3,1,1
202100010066,2021-10-29 20:00:00,2021,10,29,20,0,34,34270,D132,43.591453,3.819262,Nuit sans éclairage public,En agglomération,Hors intersection,Temps couvert,Deux véhicules - frontale,7,2,2,0,1,3,2,0,1,70,,2,0,0,1,1,55.0,19.0,,,3,2,1,8,1
202100010067,2021-10-31 17:50:00,2021,10,31,17,50,34,34169,RD 17,43.665574,3.866158,Nuit sans éclairage public,En agglomération,Hors intersection,Pluie légère,Deux véhicules - frontale,7,2,2,0,2,2,2,0,1,80,,6,1,0,2,3,20.0,62.0,,,3,2,1,2,1
202100010068,2021-10-29 00:40:00,2021,10,29,0,40,91,91553,Avenue Antoine de Saint Exupery,48.626487,2.495832,Nuit avec éclairage allumé,En agglomération,Hors intersection,Pluie légère,Sans collision,4,2,2,0,2,1,2,0,1,50,,2,1,0,1,0,24.0,,,,5,2,1,2,7
202100010069,2021-10-19 16:00:00,2021,10,19,16,0,51,51367,Rue d’Oiry,48.9508083083,4.0299517168,Plein jour,En agglomération,Intersection en T,Normale,Deux véhicules - côté,3,2,2,0,1,1,1,0,1,50,,2,1,0,0,1,36.0,27.0,,,1,2,3,1,3
202100010070,2021-11-01 12:20:00,2021,11,1,12,20,2A,2A139,RT10,41.686398,9.321867,Plein jour,Hors agglomération,Hors intersection,Pluie légère,Autre collision,2,2,2,0,1,2,2,0,3,80,,1,0,0,0,1,41.0,,,,1,1,1,2,6
202100010071,2021-10-31 06:25:00,2021,10,31,6,25,61,61508,D 916,48.918861,0.187325,Nuit sans éclairage public,Hors agglomération,Hors intersection,Normale,Autre collision,3,2,2,0,2,2,1,0,1,90,,1,0,0,0,1,23.0,,,,3,1,1,1,6