accident_id,datetime,annee,mois,jour,heure,minute,departement,commune_insee,adresse,latitude,longitude,luminosite,agglomeration,intersection,meteo,collision,catr,circ,nbv,vosp,prof,plan,surf,infra,situ,vma,nb_vehicules,nb_usagers,nb_indemnes,nb_tues,nb_blesses_hosp,nb_blesses_legers,age_cond_1,age_cond_2,veh_type_cond_1,veh_type_cond_2,lum_code,agg_code,int_code,atm_code,col_code
202100010072,2021-10-30 06:30:00,2021,10,30,6,30,61,61284,D4,48.580713,0.341252,Nuit sans éclairage public,Hors agglomération,Hors intersection,Pluie forte,Sans collision,3,2,2,0,1,1,2,0,1,90,,2,0,0,2,0,33.0,,,,3,1,1,3,7
202100010073,2021-10-31 11:30:00,2021,10,31,11,30,68,68041,ROUTE DÉPARTEMENTALE 52,47.884733,7.553895,Plein jour,Hors agglomération,Autre intersection,Normale,Deux véhicules - arrière,3,2,2,0,1,1,1,0,1,80,,3,0,0,0,3,59.0,33.0,,,1,1,9,1,2
202100010074,2021-10-31 16:25:00,2021,10,31,16,25,39,39434,72 Grande Rue,46.835849,5.708564,Plein jour,En agglomération,Hors intersection,Normale,Sans collision,4,1,1,0,2,1,1,0,4,30,,1,0,0,1,0,41.0,,,,1,2,1,1,7
202100010075,2021-11-01 05:30:00,2021,11,1,5,30,25,25039,Rue du stade,47.135942,6.435944,Nuit sans éclairage public,En agglomération,Autre intersection,Pluie forte,Autre collision,6,-1,-1,0,1,1,2,9,8,-1,,2,1,0,1,0,49.0,,,,3,2,9,3,6
202100010076,2021-11-01 16:00:00,2021,11,1,16,0,25,25156,D683,47.39871,6.508713,Plein jour,Hors agglomération,Hors intersection,Pluie légère,Deux véhicules - côté,3,2,2,0,1,1,2,0,1,80,,3,2,0,0,1,54.0,60.0,,,1,1,1,2,3
202100010077,2021-10-31 16:20:00,2021,10,31,16,20,38,38504,D30,45.304003,5.986685,Plein jour,Hors agglomération,Hors intersection,Normale,Deux véhicules - côté,3,2,2,0,2,1,1,0,1,80,,2,1,0,0,1,31.0,62.0,,,1,1,1,1,3
202100010078,2021-10-31 17:00:00,2021,10,31,17,0,03,03264,30 Avenue des Sources,46.063847,3.45706,Plein jour,Hors agglomération,Hors intersection,Normale,Autre collision,3,2,2,0,1,1,1,0,4,50,,1,0,0,1,0,19.0,,,,1,1,1,1,6
202100010079,2021-10-31 16:30:00,2021,10,31,16,30,58,58131,Rue Masson,47.086806,3.196785,Plein jour,En agglomération,Hors intersection,Temps couvert,Deux véhicules - côté,4,2,2,0,1,1,2,0,1,30,,3,2,1,0,0,16.0,64.0,,,1,2,1,8,3
202100010080,2021-11-01 00:00:00,2021,11,1,0,0,54,54010,c1,48.5557903639,5.8220243456,Nuit sans éclairage public,Hors agglomération,Hors intersection,Pluie légère,Autre collision,4,2,2,0,1,1,2,0,1,80,,1,0,0,1,0,24.0,,,,3,1,1,2,6
202100010081,2021-10-04 18:44:00,2021,10,4,18,44,72,72051,8 chemin de la chapelle,47.823117,0.07165,Plein jour,En agglomération,Autre intersection,Normale,Deux véhicules - côté,4,2,2,0,1,1,1,0,1,50,,2,0,0,0,2,30.0,55.0,,,1,2,9,1,3
202100010082,2021-10-30 20:44:00,2021,10,30,20,44,14,14745,D30,49.366117,-0.905042,Nuit sans éclairage public,Hors agglomération,Hors intersection,Pluie légère,Sans collision,3,2,2,0,1,1,6,0,3,80,,1,0,0,1,0,32.0,,,,3,1,1,2,7
202100010083,2021-10-30 19:05:00,2021,10,30,19,5,14,14547,D208,49.28184,-0.890806,Nuit sans éclairage public,Hors agglomération,Hors intersection,Pluie légère,Sans collision,3,2,2,0,1,3,2,0,8,80,,1,0,0,0,1,21.0,,,,3,1,1,2,7
202100010084,2021-10-31 19:20:00,2021,10,31,19,20,83,83046,"RD 13, pk 026+000",43.517171,6.160471,Nuit sans éclairage public,Hors agglomération,Hors intersection,Normale,Sans collision,3,2,2,0,1,1,2,0,3,-1,,1,0,0,0,1,74.0,,,,3,1,1,1,7
202100010085,2021-10-30 13:22:00,2021,10,30,13,22,64,64256,D21,43.400018,-1.312757,Plein jour,En agglomération,Hors intersection,Pluie forte,Deux véhicules - côté,3,2,2,0,1,2,3,0,1,70,,3,1,0,2,0,51.0,59.0,,,1,2,1,3,3
202100010086,2021-10-31 14:30:00,2021,10,31,14,30,36,36012,Rue du 11 Novembre,46.4890871883,1.5627062915,Plein jour,En agglomération,Hors intersection,Normale,Deux véhicules - côté,3,2,2,0,2,1,1,0,1,50,,2,1,0,1,0,72.0,62.0,,,1,2,1,1,3
202100010087,2021-10-30 23:25:00,2021,10,30,23,25,16,16272,Lieu Dit les Prassets,45.872748,0.194932,Nuit sans éclairage public,Hors agglomération,Hors intersection,Normale,Sans collision,3,2,2,0,1,1,1,0,1,90,,1,0,0,1,0,35.0,,,,3,1,1,1,7
202100010088,2021-10-25 09:35:00,2021,10,25,9,35,21,21425,Route départementale 980,47.626883,4.338757,Plein jour,En agglomération,Hors intersection,Temps éblouissant,Autre collision,3,3,2,0,1,1,1,0,1,50,,2,1,0,1,0,70.0,,,,1,2,1,7,6
202100010089,2021-10-31 17:00:00,2021,10,31,17,0,85,85234,200 Route de Notre-Dame-de-Monts,46.806952,-2.100674,Plein jour,En agglomération,Hors intersection,Temps couvert,Autre collision,3,2,2,2,1,1,2,9,1,70,,4,2,0,1,1,39.0,,,,1,2,1,8,6
202100010090,2021-11-01 12:05:00,2021,11,1,12,5,27,27572,Les Chouquets,49.2171695883,0.8657666548,Plein jour,Hors agglomération,Autre intersection,Normale,Sans collision,4,2,1,0,1,3,1,0,3,80,,2,0,1,1,0,38.0,,,,1,1,9,1,7
202100010091,2021-10-25 23:20:00,2021,10,25,23,20,17,17485,D26e2,45.868646,-1.231005,Nuit sans éclairage public,Hors agglomération,Hors intersection,Normale,Autre collision,3,2,2,0,1,1,2,0,1,80,,1,0,0,1,0,60.0,,,,3,1,1,1,6
202100010092,2021-11-01 05:45:00,2021,11,1,5,45,52,52529,D26,47.739742,5.285583,Nuit sans éclairage public,En agglomération,Hors intersection,Pluie légère,Autre collision,3,2,2,0,1,1,2,0,8,50,,4,0,1,1,2,20.0,,,,3,2,1,2,6
202100010093,2021-11-01 16:00:00,2021,11,1,16,0,67,67498,8 Rue de l Etoile,48.878235,7.581143,Plein jour,En agglomération,Hors intersection,Temps couvert,Sans collision,4,2,2,0,1,2,2,0,1,50,,1,0,0,0,1,21.0,,,,1,2,1,8,7
202100010094,2021-10-31 19:10:00,2021,10,31,19,10,38,38553,Route de Vienne,45.610038,5.156316,Nuit sans éclairage public,En agglomération,Hors intersection,Pluie forte,Trois véhicules et plus - collisions multiples,3,2,2,0,1,1,2,0,1,70,,5,1,0,1,3,27.0,23.0,,,3,2,1,3,5
202100010095,2021-11-01 11:10:00,2021,11,1,11,10,95,95042,Route du Golf,49.057122,2.297087,Plein jour,Hors agglomération,Hors intersection,Temps éblouissant,Trois véhicules et plus - collisions multiples,3,2,2,0,1,3,1,0,1,50,,3,1,0,0,2,45.0,43.0,,,1,1,1,7,5
202100010096,2021-11-01 01:29:00,2021,11,1,1,29,01,01032,Autoroute A42,45.863071,5.154563,Nuit sans éclairage public,Hors agglomération,Hors intersection,Pluie forte,Deux véhicules - arrière,1,1,4,0,4,1,3,0,1,130,,2,1,0,0,1,29.0,28.0,,,3,1,1,3,2
202100010097,2021-11-01 16:25:00,2021,11,1,16,25,2B,2B059,Ponte Rosso,42.4824471171,9.1977882388,Plein jour,Hors agglomération,Hors intersection,Pluie légère,Deux véhicules - frontale,2,2,2,0,1,3,2,0,1,80,,8,6,0,0,2,48.0,81.0,,,1,1,1,2,1
202100010098,2021-11-01 07:50:00,2021,11,1,7,50,2B,2B289,RT20,42.357121,9.172318,Crépuscule ou aube,Hors agglomération,Hors intersection,Pluie légère,Sans collision,2,2,2,0,4,3,2,0,3,80,,1,0,0,0,1,21.0,,,,2,1,1,2,7
202100010099,2021-10-31 18:00:00,2021,10,31,18,0,13,13013,D908,43.416863,5.580052,Crépuscule ou aube,Hors agglomération,Hors intersection,Pluie légère,Deux véhicules - frontale,7,2,2,1,2,1,2,0,1,70,,2,0,0,1,1,41.0,25.0,,,2,1,1,2,1
202100010100,2021-10-28 12:00:00,2021,10,28,12,0,67,67266,D207,48.463624,7.651312,Plein jour,Hors agglomération,Hors intersection,Normale,Deux véhicules - arrière,3,2,2,0,1,1,1,0,1,80,,2,1,0,1,0,36.0,71.0,,,1,1,1,1,2
202100010101,2021-10-31 14:40:00,2021,10,31,14,40,69,69269,Départementale D25,45.698034,4.607778,Plein jour,Hors agglomération,Hors intersection,Normale,Deux véhicules - frontale,3,2,2,0,2,2,2,0,1,80,,2,1,0,0,1,16.0,62.0,,,1,1,1,1,1
202100010102,2021-08-25 03:15:00,2021,8,25,3,15,33,33496,D 936,44.830978,-0.399461,Nuit avec éclairage non allumé,Hors agglomération,Hors intersection,Normale,Sans collision,3,2,2,0,1,3,1,0,4,70,,1,0,0,1,0,31.0,,,,4,1,1,1,7
202100010103,2021-10-31 15:15:00,2021,10,31,15,15,35,35004,17 Rue de Pontorson,48.461223,-1.484249,Plein jour,En agglomération,Hors intersection,Normale,Sans collision,4,1,1,0,2,1,1,0,1,50,,1,0,0,1,0,53.0,,,,1,2,1,1,7
202100010104,2021-10-30 19:05:00,2021,10,30,19,5,60,60139,Chemin Herbu,49.161389,2.245288,Nuit avec éclairage allumé,En agglomération,Hors intersection,Normale,Deux véhicules - frontale,4,2,2,0,1,1,1,0,1,30,,2,1,0,0,1,24.0,38.0,,,5,2,1,1,1
202100010105,2021-10-31 12:15:00,2021,10,31,12,15,62,62867,autoroute A16,50.786432,1.67343,Plein jour,Hors agglomération,Hors intersection,Pluie forte,Autre collision,1,3,4,0,1,3,2,0,2,130,,2,1,0,1,0,21.0,,,,1,1,1,3,6
202100010106,2021-10-28 04:10:00,2021,10,28,4,10,59,59250,Route Nationale 41,50.584613,2.908309,Nuit sans éclairage public,Hors agglomération,Giratoire,Normale,Autre collision,2,3,4,0,1,1,1,0,3,70,,1,0,0,1,0,28.0,,,,3,1,6,1,6
202100010107,2021-10-31 01:00:00,2021,10,31,1,0,13,13043,A55-Sens Martigues vers Marseille,43.38382,5.23253,Nuit sans éclairage public,Hors agglomération,Hors intersection,Normale,Sans collision,1,3,2,0,1,1,1,0,3,110,,1,0,0,0,1,25.0,,,,3,1,1,1,7
202100010108,2021-10-30 11:25:00,2021,10,30,11,25,13,13001,A51-Sens Aix en Provence vers Marseille,43.514017,5.42695,Plein jour,Hors agglomération,Hors intersection,Pluie forte,Sans collision,1,-1,1,0,1,3,2,3,1,50,,1,0,0,0,1,30.0,,,,1,1,1,3,7
202100010109,2021-10-31 16:00:00,2021,10,31,16,0,33,33096,Autoroute A10,44.890751,-0.502531,Plein jour,Hors agglomération,Hors intersection,Pluie légère,Trois véhicules et plus - en chaîne,1,3,6,0,1,1,2,0,1,90,,5,4,0,0,1,53.0,34.0,,,1,1,1,2,4
202100010110,2021-10-31 01:05:00,2021,10,31,1,5,92,92050,A86,48.8920240083,2.1787115629,Nuit sans éclairage public,Hors agglomération,Hors intersection,Normale,Autre collision,1,3,3,0,2,1,1,0,1,90,,1,0,0,0,1,20.0,,,,3,1,1,1,6
202100010111,2021-10-31 19:00:00,2021,10,31,19,0,60,60494,AUTOROUTE A1,49.128183,2.558251,Nuit sans éclairage public,Hors agglomération,Hors intersection,Autre,Trois véhicules et plus - en chaîne,1,1,3,0,1,1,2,0,1,130,,4,2,0,0,2,42.0,19.0,,,3,1,1,9,4
202100010112,2021-10-31 16:20:00,2021,10,31,16,20,95,95582,RD 170,48.96278,2.26313,Plein jour,Hors agglomération,Hors intersection,Pluie légère,Autre collision,3,1,1,0,3,3,2,0,1,50,,1,0,0,0,1,24.0,,,,1,1,1,2,6
202100010113,2021-10-31 15:04:00,2021,10,31,15,4,93,93053,AUTOROUTE A3,48.89231,2.47278,Plein jour,Hors agglomération,Hors intersection,Pluie légère,Deux véhicules - arrière,1,1,6,0,1,1,2,0,1,70,,3,1,0,0,2,48.0,40.0,,,1,1,1,2,2
202100010114,2021-10-31 14:00:00,2021,10,31,14,0,95,95572,RN 184,49.034979,2.114681,Plein jour,Hors agglomération,Hors intersection,Pluie forte,Deux véhicules - arrière,2,1,2,0,2,2,2,0,1,90,,4,2,0,0,2,38.0,22.0,,,1,1,1,3,2
202100010115,2021-10-31 06:15:00,2021,10,31,6,15,95,95306,A15,49.00355,2.1683,Nuit sans éclairage public,Hors agglomération,Hors intersection,Normale,Deux véhicules - arrière,1,3,6,0,1,1,1,0,1,110,,4,3,0,0,1,22.0,21.0,,,3,1,1,1,2
202100010116,2021-10-30 20:00:00,2021,10,30,20,0,95,95572,A15,49.03404,2.11284,Nuit sans éclairage public,Hors agglomération,Hors intersection,Pluie légère,Autre collision,1,1,1,0,2,3,2,3,1,50,,1,0,0,0,1,26.0,,,,3,1,1,2,6
202100010117,2021-10-30 17:55:00,2021,10,30,17,55,95,95572,A15,49.03439,2.11322,Plein jour,Hors agglomération,Hors intersection,Normale,Deux véhicules - arrière,1,1,2,0,1,3,1,3,1,50,,4,2,0,0,2,36.0,50.0,,,1,1,1,1,2
202100010118,2021-10-30 12:45:00,2021,10,30,12,45,60,60494,AUTOROUTE A1,49.13533,2.56567,Plein jour,Hors agglomération,Intersection en T,Pluie légère,Deux véhicules - côté,1,1,2,0,1,2,2,0,1,50,,3,1,0,0,2,34.0,62.0,,,1,1,3,2,3
202100010119,2021-10-30 13:50:00,2021,10,30,13,50,93,93027,AUTOROUTE A86,48.92865,2.41547,Plein jour,Hors agglomération,Hors intersection,Pluie légère,Deux véhicules - côté,1,3,3,0,3,2,2,0,1,70,,3,2,0,0,1,59.0,36.0,,,1,1,1,2,3
202100010120,2021-10-30 12:15:00,2021,10,30,12,15,95,95572,RN 184,49.0338573374,2.1113688831,Plein jour,Hors agglomération,Hors intersection,Pluie légère,Autre collision,2,3,2,0,2,3,2,3,1,90,,1,0,0,0,1,37.0,,,,1,1,1,2,6
202100010121,2021-10-30 10:50:00,2021,10,30,10,50,93,93027,BDL,48.93203,2.40329,Plein jour,Hors agglomération,Hors intersection,Pluie forte,Deux véhicules - frontale,1,3,2,0,1,1,2,3,1,50,,2,1,0,0,1,30.0,,,,1,1,1,3,1
202100010122,2021-10-30 04:30:00,2021,10,30,4,30,95,95582,A15,48.9661269472,2.2572009594,Nuit sans éclairage public,Hors agglomération,Hors intersection,Pluie légère,Trois véhicules et plus - en chaîne,1,1,0,0,1,1,2,0,1,90,,4,1,0,0,3,23.0,40.0,,,3,1,1,2,4
202100010123,2021-10-31 02:20:00,2021,10,31,2,20,75,75112,A4,48.8188,2.4578,Nuit sans éclairage public,Hors agglomération,Hors intersection,Normale,Deux véhicules - arrière,1,1,4,0,1,1,2,0,1,90,,2,1,0,0,1,26.0,21.0,,,3,1,1,1,2
202100010124,2021-10-30 16:00:00,2021,10,30,16,0,94,94028,A86 EXT,48.799837147,2.4462785908,Plein jour,Hors agglomération,Hors intersection,Pluie légère,Deux véhicules - côté,1,1,3,0,1,1,2,0,1,90,,3,1,0,0,2,25.0,51.0,,,1,1,1,2,3
202100010125,2021-10-30 11:40:00,2021,10,30,11,40,94,94028,RN406.Y,48.77092,2.44735,Plein jour,Hors agglomération,Hors intersection,Pluie légère,Autre collision,2,-1,3,0,1,1,2,0,1,90,,5,0,0,2,3,70.0,33.0,,,1,1,1,2,6
202100010126,2021-10-30 06:30:00,2021,10,30,6,30,37,37261,RN 76 - Route de St Avertin,47.3641670015,0.7038908062,Nuit avec éclairage allumé,En agglomération,Intersection en T,Pluie légère,Deux véhicules - côté,4,3,4,0,1,1,2,5,1,50,,4,3,0,0,1,,,,,5,2,3,2,3
202100010127,2021-10-29 13:50:00,2021,10,29,13,50,971,97101,DOTHEMARE,16.27038,-61.51602,Plein jour,En agglomération,Hors intersection,Normale,Deux véhicules - arrière,4,2,2,0,1,1,1,0,1,30,,3,2,0,0,1,41.0,18.0,,,1,2,1,1,2
202100010128,2021-10-29 17:00:00,2021,10,29,17,0,974,97416,RN1 (ROUTE NATIONALE),-21.3322,55.4574,Plein jour,Hors agglomération,Autre intersection,Normale,Deux véhicules - arrière,2,1,1,0,2,3,1,9,1,50,,5,3,0,0,2,21.0,41.0,,,1,1,9,1,2
202100010129,2021-10-27 12:20:00,2021,10,27,12,20,973,97302,NEGRES MARONS (RUE DES) CITE BONHOMME,4.9214756076,-52.319385767,Plein jour,En agglomération,Intersection en X,Normale,Deux véhicules - côté,4,1,1,0,1,1,1,0,1,50,,3,1,0,0,2,17.0,21.0,,,1,2,2,1,3
202100010130,2021-10-30 14:00:00,2021,10,30,14,0,69,69383,MARIUS VIVIER MERLE (BD),45.75367,4.85941,Plein jour,En agglomération,Intersection en X,Normale,Deux véhicules - côté,4,1,3,0,1,1,1,0,1,50,,5,3,0,0,2,27.0,60.0,,,1,2,2,1,3
202100010131,2021-10-30 13:20:00,2021,10,30,13,20,69,69259,IRENE JOLIOT CURIE                  (BD),45.72422,4.87145,Plein jour,En agglomération,Intersection en X,Normale,Autre collision,4,2,3,3,1,1,1,0,1,50,,2,1,0,0,1,,,,,1,2,2,1,6
202100010132,2021-10-30 06:30:00,2021,10,30,6,30,69,69383,GAMBETTA (CR),45.7526549288,4.8508554697,Nuit avec éclairage allumé,En agglomération,Intersection en X,Normale,Deux véhicules - côté,4,2,4,3,1,1,1,5,1,50,,5,4,0,0,1,24.0,34.0,,,5,2,2,1,3
202100010133,2021-10-30 12:15:00,2021,10,30,12,15,972,97213,AUTOROUTE A1,14.6074,-61.00429,Plein jour,En agglomération,Hors intersection,Normale,Trois véhicules et plus - en chaîne,1,1,3,0,1,1,1,0,1,90,,7,5,0,0,2,40.0,35.0,,,1,2,1,1,4
202100010134,2021-10-30 10:25:00,2021,10,30,10,25,972,97209,REDOUTE (ROUTE DE LA),14.61745,-61.06189,Plein jour,En agglomération,Hors intersection,Pluie légère,Deux véhicules - côté,4,2,2,0,2,2,2,0,1,50,,2,1,0,0,1,23.0,69.0,,,1,2,1,2,3
202100010135,2021-10-29 20:20:00,2021,10,29,20,20,69,69385,DEBROUSSE                           (AV),45.7512,4.8159,Nuit avec éclairage allumé,En agglomération,Hors intersection,Normale,Sans collision,4,2,4,0,2,1,1,0,1,30,,2,0,0,0,2,58.0,,,,5,2,1,1,7
202100010136,2021-10-29 10:20:00,2021,10,29,10,20,69,69385,JOLIOT CURIE (R),45.75451,4.7879,Plein jour,En agglomération,Hors intersection,Normale,Autre collision,4,-1,2,0,1,3,1,0,1,50,,2,1,0,0,1,34.0,,,,1,2,1,1,6
202100010137,2021-10-30 14:20:00,2021,10,30,14,20,91,91027,AV FRANCOIS MITTERRAND,48.71301,2.37119,Plein jour,En agglomération,Hors intersection,Pluie légère,Deux véhicules - arrière,3,-1,1,0,2,1,2,1,1,50,,2,1,0,0,1,43.0,31.0,,,1,2,1,2,2
202100010138,2021-10-30 21:40:00,2021,10,30,21,40,76,76540,LA FAYETTE. RUE,49.43251,1.0895,Nuit avec éclairage allumé,En agglomération,Intersection en X,Normale,Deux véhicules - côté,4,1,1,3,1,1,1,-1,1,30,,2,1,0,0,1,67.0,23.0,,,5,2,2,1,3
202100010139,2021-10-30 21:00:00,2021,10,30,21,0,69,69275,JEAN JAURES                         (AV),45.76843,4.94034,Nuit avec éclairage allumé,En agglomération,Intersection en T,Normale,Autre collision,7,2,2,0,1,1,1,0,1,50,,2,1,0,0,1,36.0,,,,5,2,3,1,6
202100010140,2021-10-30 15:55:00,2021,10,30,15,55,69,69271,DECINES (DE) (CHM),45.74733,4.9735,Plein jour,En agglomération,Hors intersection,Normale,Sans collision,4,1,1,0,1,2,1,0,4,30,,1,0,0,1,0,46.0,,,,1,2,1,1,7
202100010141,2021-10-30 13:20:00,2021,10,30,13,20,69,69029,LIONEL TERRAY (R),45.7284621011,4.8946237564,Plein jour,En agglomération,Hors intersection,Normale,Deux véhicules - côté,4,1,3,2,1,1,1,0,1,50,,3,2,0,0,1,46.0,26.0,,,1,2,1,1,3
202100010142,2021-10-30 04:00:00,2021,10,30,4,0,64,64122,TAMAMES (AVENUE DE),43.47802,-1.54068,Nuit avec éclairage allumé,En agglomération,Hors intersection,Autre,Sans collision,4,2,2,0,2,1,2,0,1,50,,1,0,0,0,1,29.0,,,,5,2,1,9,7
202100010143,2021-10-30 07:10:00,2021,10,30,7,10,64,64102,SOULT (AVENUE MARECHAL),43.48535,-1.49375,Nuit avec éclairage allumé,En agglomération,Hors intersection,Normale,Autre collision,3,3,4,3,2,1,2,0,1,50,,2,1,0,0,1,58.0,,,,5,2,1,1,6
202100010144,2021-10-30 23:10:00,2021,10,30,23,10,59,59183,SAINTE BARBE - BOULEVARD,51.03464,2.38613,Nuit avec éclairage allumé,En agglomération,Autre intersection,Pluie légère,Autre collision,4,2,5,3,1,1,2,2,1,50,,2,0,0,0,2,54.0,,,,5,2,9,2,6
202100010145,2021-10-29 23:39:00,2021,10,29,23,39,57,57672,PAUL ALBERT (RUE) - PAIR,49.3565,6.15446,Nuit avec éclairage allumé,En agglomération,Hors intersection,Normale,Autre collision,4,2,2,0,1,1,1,0,1,50,,2,1,0,1,0,51.0,33.0,,,5,2,1,1,6
202100010146,2021-10-30 03:05:00,2021,10,30,3,5,51,51454,Rue de la Tirelire,49.2587231037,4.0283661605,Nuit avec éclairage allumé,En agglomération,Hors intersection,Pluie légère,Sans collision,4,1,1,0,1,1,2,9,1,30,,2,1,0,0,1,21.0,,,,5,2,1,2,7
202100010147,2021-10-30 18:12:00,2021,10,30,18,12,49,49007,MOULIN BOULEVARD,47.49092,-0.56156,Plein jour,En agglomération,Hors intersection,Normale,Deux véhicules - côté,4,2,2,0,1,1,1,0,1,50,,2,1,0,0,1,48.0,29.0,,,1,2,1,1,3
202100010148,2021-10-30 13:13:00,2021,10,30,13,13,49,49267,A87N,47.4663,-0.51626,Plein jour,En agglomération,Hors intersection,Normale,Trois véhicules et plus - en chaîne,1,3,5,0,1,1,2,0,1,70,,6,3,0,0,3,49.0,48.0,,,1,2,1,1,4
202100010149,2021-10-31 00:30:00,2021,10,31,0,30,37,37261,GANCE (BOULEVARD ABEL),47.40919708,0.7206867635,Nuit avec éclairage allumé,En agglomération,Hors intersection,Temps couvert,Deux véhicules - arrière,7,3,4,0,4,1,2,2,1,50,,3,2,0,0,1,18.0,18.0,,,5,2,1,8,2
202100010150,2021-10-29 20:00:00,2021,10,29,20,0,37,37261,SANITAS (PONT DU),47.37105,0.69662,Nuit sans éclairage public,En agglomération,Hors intersection,Normale,Trois véhicules et plus - en chaîne,4,2,4,3,1,1,2,2,1,50,,3,2,0,0,1,23.0,52.0,,,3,2,1,1,4
202100010151,2021-10-30 11:45:00,2021,10,30,11,45,35,35055,VOIE DE LA LIBERTE,48.07757,-1.6315,Plein jour,Hors agglomération,Hors intersection,Normale,Deux véhicules - arrière,7,3,4,0,1,1,1,0,1,90,,4,3,0,0,1,34.0,27.0,,,1,1,1,1,2
202100010152,2021-10-30 14:35:00,2021,10,30,14,35,34,34172,HUGO (BOULEVARD VICTOR),43.6063,3.87762,Plein jour,En agglomération,Hors intersection,Normale,Autre collision,4,1,2,0,1,1,1,0,1,30,,2,1,0,1,0,25.0,,,,1,2,1,1,6
202100010153,2021-10-30 09:30:00,2021,10,30,9,30,34,34172,PALAVAS (AVENUE DE),43.60185,3.88466,Plein jour,En agglomération,Intersection en T,Pluie légère,Deux véhicules - côté,4,1,2,3,2,1,2,5,1,30,,3,2,0,0,1,44.0,35.0,,,1,2,3,2,3
202100010154,2021-10-31 00:55:00,2021,10,31,0,55,33,33063,Rue de Cursol,44.83473,-0.57837,Nuit avec éclairage allumé,En agglomération,Intersection en X,Normale,Deux véhicules - côté,4,1,2,0,1,1,1,0,1,50,,2,1,0,0,1,24.0,44.0,,,5,2,2,1,3
202100010155,2021-10-29 20:00:00,2021,10,29,20,0,33,33075,Route du Médoc,44.87358,-0.61725,Nuit avec éclairage allumé,En agglomération,Intersection en X,Normale,Deux véhicules - côté,4,3,2,2,1,1,1,4,1,50,,2,1,0,1,0,29.0,75.0,,,5,2,2,1,3
202100010156,2021-10-29 12:00:00,2021,10,29,12,0,33,33063,Cours de la Marne,44.82846,-0.56209,Plein jour,En agglomération,Intersection en T,Normale,Deux véhicules - côté,4,2,4,3,1,1,1,0,1,50,,2,1,0,0,1,31.0,43.0,,,1,2,3,1,3
202100010157,2021-10-28 11:10:00,2021,10,28,11,10,23,23096,AUVERGNE (AVENUE),46.16431,1.88946,Plein jour,En agglomération,Hors intersection,Normale,Deux véhicules - arrière,3,2,2,0,2,1,1,0,1,50,,2,1,0,0,1,22.0,39.0,,,1,2,1,1,2
202100010158,2021-10-30 13:00:00,2021,10,30,13,0,18,18279,GUESDE (APRES RUE DES DONNEAUX),47.22833,2.04479,Plein jour,En agglomération,Hors intersection,Temps couvert,,4,2,2,0,1,1,1,9,8,50,,1,0,1,0,0,65.0,,,,1,2,1,8,-1
202100010159,2021-10-30 14:50:00,2021,10,30,14,50,13,13214,GIBBES (CHEMIN DE),43.3243833641,5.3823451116,Plein jour,En agglomération,Hors intersection,Pluie forte,Autre collision,4,1,2,0,2,1,2,0,4,50,,3,0,0,1,2,25.0,,,,1,2,1,3,6
202100010160,2021-09-30 03:00:00,2021,9,30,3,0,13,13203,PLOMBIERES (BOULEVARD DES),43.3163,5.38377,Nuit avec éclairage allumé,En agglomération,Hors intersection,Pluie légère,Sans collision,7,1,1,0,4,3,2,0,1,50,,2,0,0,0,2,26.0,,,,5,2,1,2,7
202100010161,2021-10-30 13:40:00,2021,10,30,13,40,06,06069,GOBY (RUE PAUL),43.66029,6.92387,Plein jour,En agglomération,Autre intersection,Pluie légère,Autre collision,4,1,1,0,2,1,2,9,1,30,,2,1,0,0,1,32.0,,,,1,2,9,2,6
202100010162,2021-10-31 01:03:00,2021,10,31,1,3,03,03185,COURTAIS   (DE  BOULEVARD),46.33853,2.60455,Nuit avec éclairage allumé,En agglomération,Hors intersection,Normale,Autre collision,3,2,2,0,1,1,1,0,1,50,,2,1,0,1,0,20.0,,,,5,2,1,1,6
202100010163,2021-10-29 22:10:00,2021,10,29,22,10,75,75120,PORTE DE BAGNOLET,48.861712,2.413697,Nuit avec éclairage allumé,En agglomération,Intersection en Y,Pluie légère,Sans collision,4,1,4,0,1,1,2,0,1,70,,1,0,0,0,1,60.0,,,,5,2,4,2,7
202100010164,2021-10-29 08:34:00,2021,10,29,8,34,75,75119,PORTE D AUBERVILLIERS,48.900327,2.379367,Plein jour,En agglomération,Hors intersection,Normale,Deux véhicules - arrière,4,3,4,0,1,1,1,0,1,70,,2,1,0,0,1,60.0,23.0,,,1,2,1,1,2
202100010165,2021-10-29 08:25:00,2021,10,29,8,25,75,75116,PORTE D AUTEUIL,48.846575,2.254875,Plein jour,En agglomération,Hors intersection,Normale,Deux véhicules - côté,4,1,4,0,1,1,1,0,1,70,,2,1,0,0,1,50.0,28.0,,,1,2,1,1,3
202100010166,2021-10-30 20:45:00,2021,10,30,20,45,75,75120,RUE DE BELLEVILLE,48.875982,2.402578,Nuit avec éclairage allumé,En agglomération,Intersection en X,Temps couvert,Deux véhicules - côté,4,2,2,0,1,1,2,0,1,30,,2,1,0,0,1,40.0,32.0,,,5,2,2,8,3