accident_id,datetime,annee,mois,jour,heure,minute,departement,commune_insee,adresse,latitude,longitude,luminosite,agglomeration,intersection,meteo,collision,catr,circ,nbv,vosp,prof,plan,surf,infra,situ,vma,nb_vehicules,nb_usagers,nb_indemnes,nb_tues,nb_blesses_hosp,nb_blesses_legers,age_cond_1,age_cond_2,veh_type_cond_1,veh_type_cond_2,lum_code,agg_code,int_code,atm_code,col_code
202100010167,2021-10-29 23:57:00,2021,10,29,23,57,75,75119,AVENUE DE FLANDRE,48.894771,2.382329,Nuit avec éclairage allumé,En agglomération,Intersection en T,Pluie légère,Deux véhicules - côté,4,3,5,1,1,1,2,0,1,30,,2,1,0,0,1,,41.0,,,5,2,3,2,3
202100010168,2021-10-30 22:55:00,2021,10,30,22,55,75,75118,AVENUE DE CLICHY,48.8850595795,2.3267425597,Nuit avec éclairage allumé,En agglomération,Intersection en Y,Normale,Deux véhicules - côté,4,2,3,0,1,1,2,0,1,30,,2,1,0,0,1,34.0,26.0,,,5,2,4,1,3
202100010169,2021-10-30 07:45:00,2021,10,30,7,45,75,75116,AVENUE RAYMOND POINCARE,48.870873,2.285045,Nuit avec éclairage allumé,En agglomération,Intersection en T,Normale,Deux véhicules - côté,4,2,2,0,1,1,1,0,1,30,,2,1,0,0,1,39.0,53.0,,,5,2,3,1,3
202100010170,2021-10-29 13:00:00,2021,10,29,13,0,75,75116,RUE RAYNOUARD,48.854044,2.277885,Plein jour,En agglomération,Intersection en T,Normale,Deux véhicules - côté,4,2,2,0,2,1,1,0,1,30,,2,1,0,0,1,23.0,35.0,,,1,2,3,1,3
202100010171,2021-10-30 04:10:00,2021,10,30,4,10,75,75111,BOULEVARD RICHARD LENOIR,48.8580422972,2.3716896772,Nuit avec éclairage allumé,En agglomération,Intersection en X,Pluie légère,Autre collision,4,3,2,0,1,2,2,0,1,30,,2,1,0,0,1,,,,,5,2,2,2,6
202100010172,2021-10-29 22:30:00,2021,10,29,22,30,75,75101,QUAI FRANCOIS MITTERRAND,48.860145,2.333361,Nuit avec éclairage allumé,En agglomération,Intersection en X,Pluie légère,Autre collision,4,1,5,3,1,1,2,0,1,30,,2,1,0,0,1,22.0,,,,5,2,2,2,6
202100010173,2021-10-28 19:35:00,2021,10,28,19,35,94,94081,Avenue Eugène Pelletan,48.7945294121,2.3846554756,Crépuscule ou aube,En agglomération,Autre intersection,Normale,Deux véhicules - côté,3,1,2,3,1,1,1,0,1,50,,2,1,0,0,1,59.0,24.0,,,2,2,9,1,3
202100010174,2021-10-30 20:35:00,2021,10,30,20,35,94,94028,POMPADOUR(ROUTE DE LA),48.7704,2.4561,Nuit avec éclairage allumé,En agglomération,Hors intersection,Normale,Deux véhicules - arrière,4,3,4,0,1,1,2,0,1,50,,3,2,0,0,1,42.0,25.0,,,5,2,1,1,2
202100010175,2021-10-30 11:00:00,2021,10,30,11,0,94,94068,GENERAL GIRAUD (BD DU),48.79801,2.47457,Plein jour,En agglomération,Intersection en T,Pluie forte,Sans collision,3,2,2,0,1,1,2,0,1,30,,1,0,1,0,0,79.0,,,,1,2,3,3,7
202100010176,2021-10-30 20:00:00,2021,10,30,20,0,94,94028,Rue de Cotonou,48.76882,2.47017,Nuit avec éclairage allumé,En agglomération,Intersection en X,Pluie légère,Deux véhicules - côté,4,2,2,0,2,1,2,0,1,50,,2,1,0,0,1,36.0,21.0,,,5,2,2,2,3
202100010177,2021-10-30 14:50:00,2021,10,30,14,50,94,94053,Rue du Général de Gaulle,48.77677,2.54085,Plein jour,En agglomération,Hors intersection,Pluie légère,Deux véhicules - frontale,4,2,2,0,2,2,2,0,1,50,,2,1,0,0,1,60.0,20.0,,,1,2,1,2,1
202100010178,2021-10-30 06:15:00,2021,10,30,6,15,94,94002,Quai Blanqui,48.80157,2.41632,Nuit avec éclairage allumé,En agglomération,Hors intersection,Pluie légère,Autre collision,3,2,3,0,1,1,2,0,1,50,,2,1,0,0,1,30.0,,,,5,2,1,2,6
202100010179,2021-10-30 15:10:00,2021,10,30,15,10,93,93066,WILSON (AVENUE DU PRESIDENT),48.91814,2.35789,Plein jour,En agglomération,Intersection en X,Pluie légère,Deux véhicules - côté,3,2,2,0,1,1,2,0,1,50,,2,1,0,0,1,42.0,38.0,,,1,2,2,2,3
202100010180,2021-10-30 00:05:00,2021,10,30,0,5,93,93048,THEOPHILE SUEUR (BOULEVARD),48.86334,2.46655,Nuit avec éclairage allumé,En agglomération,Intersection à plus de 4 branches,Pluie légère,Deux véhicules - côté,3,1,2,0,1,1,2,5,1,50,,6,4,0,0,2,62.0,26.0,,,5,2,5,2,3
202100010181,2021-10-30 19:40:00,2021,10,30,19,40,93,93048,DOUY DELCUPE (RUE),48.8553998871,2.432205677,Nuit avec éclairage non allumé,En agglomération,Hors intersection,Pluie légère,Autre collision,4,2,2,2,1,1,2,0,1,50,,2,1,0,0,1,30.0,,,,4,2,1,2,6
202100010182,2021-10-30 16:00:00,2021,10,30,16,0,93,93031,FOCH (BOULEVARD),48.94377,2.33916,Plein jour,En agglomération,Hors intersection,Pluie légère,Deux véhicules - arrière,3,2,4,0,1,1,2,0,1,50,,2,1,0,0,1,45.0,28.0,,,1,2,1,2,2
202100010183,2021-10-30 05:05:00,2021,10,30,5,5,93,93008,VAILLANT COUTURIER (AVENUE PAUL),48.90928,2.4488,Nuit avec éclairage allumé,En agglomération,Hors intersection,Pluie forte,Deux véhicules - côté,3,1,2,3,1,1,2,6,1,50,,1,0,0,1,0,25.0,,,,5,2,1,3,3
202100010184,2021-10-29 23:13:00,2021,10,29,23,13,93,93029,HENRI BARBUSSE (AVE) N°126-280,48.92083,2.45344,Nuit avec éclairage allumé,En agglomération,Hors intersection,Pluie légère,Deux véhicules - arrière,3,1,2,0,1,1,2,0,1,50,,2,1,0,0,1,33.0,48.0,,,5,2,1,2,2
202100010185,2021-10-30 20:55:00,2021,10,30,20,55,92,92072,GRANDE RUE,48.8264000924,2.219298631,Nuit avec éclairage allumé,En agglomération,Giratoire,Pluie légère,Autre collision,3,2,2,0,1,1,2,0,1,50,,2,1,0,0,1,18.0,22.0,,,5,2,6,2,6
202100010186,2021-10-30 07:54:00,2021,10,30,7,54,92,92062,JAURES (RUE JEAN) DU 97 AU 1,48.8855343039,2.2514234483,Crépuscule ou aube,En agglomération,Intersection en T,Pluie légère,Deux véhicules - côté,3,1,2,0,1,1,2,0,1,50,,2,1,0,0,1,,44.0,,,2,2,3,2,3
202100010187,2021-10-30 17:20:00,2021,10,30,17,20,92,92049,DORMOY AVENUE MARX N°102 A FIN,48.8110669391,2.3037332296,Plein jour,En agglomération,Hors intersection,Pluie légère,Deux véhicules - arrière,3,2,4,0,1,1,2,0,1,50,,2,1,0,0,1,33.0,51.0,,,1,2,1,2,2
202100010188,2021-10-28 18:22:00,2021,10,28,18,22,92,92020,PARIS AVENUE DE N°84 A FIN,48.806874,2.293398,Crépuscule ou aube,En agglomération,Hors intersection,Normale,Deux véhicules - arrière,3,1,2,2,2,1,1,0,1,30,,2,1,0,0,1,,29.0,,,2,2,1,1,2
202100010189,2021-10-31 21:13:00,2021,10,31,21,13,92,92020,DIVISION LECLERC AVENUE DE LA,48.796838,2.280476,Nuit avec éclairage allumé,En agglomération,Hors intersection,Normale,Autre collision,4,2,3,0,2,1,2,0,3,50,,1,0,0,0,1,50.0,,,,5,2,1,1,6
202100010190,2021-10-30 05:30:00,2021,10,30,5,30,92,92036,PEPINIERE (ALLEE DE LA ),48.9267730562,2.2902056349,Nuit sans éclairage public,En agglomération,Hors intersection,Pluie légère,Autre collision,4,1,1,0,1,1,2,0,1,50,,2,1,0,0,1,19.0,,,,3,2,1,2,6
202100010191,2021-10-30 13:30:00,2021,10,30,13,30,92,92004,GRESILLONS ( AVENUE DES  ),48.9168237819,2.3062625527,Plein jour,En agglomération,Hors intersection,Pluie légère,Deux véhicules - frontale,3,-1,2,0,1,1,2,0,1,50,,2,1,0,0,1,71.0,30.0,,,1,2,1,2,1
202100010192,2021-10-31 01:30:00,2021,10,31,1,30,01,01074,RD 904,45.98032,5.207514,Nuit sans éclairage public,Hors agglomération,Hors intersection,Pluie légère,Autre collision,3,2,2,0,3,1,2,0,3,80,,2,0,1,1,0,39.0,,,,3,1,1,2,6
202100010193,2021-10-30 11:00:00,2021,10,30,11,0,86,86070,D951,46.57186,0.733604,Plein jour,Hors agglomération,Intersection en T,Normale,Deux véhicules - côté,3,1,2,0,1,1,1,0,1,90,,2,1,0,1,0,61.0,40.0,,,1,1,3,1,3
202100010194,2021-10-31 01:25:00,2021,10,31,1,25,59,59088,521 Rue de la Chapelle,50.651791,2.880492,Nuit avec éclairage allumé,Hors agglomération,Hors intersection,Normale,Autre collision,7,2,2,0,1,3,2,0,3,70,,1,0,0,1,0,26.0,,,,5,1,1,1,6
202100010195,2021-10-31 07:25:00,2021,10,31,7,25,34,34114,"pk 27+000, autoroute A750",43.640299,3.574591,Nuit sans éclairage public,Hors agglomération,Hors intersection,Pluie légère,Deux véhicules - arrière,1,3,4,0,1,2,2,0,1,110,,6,4,0,0,2,20.0,53.0,,,3,1,1,2,2
202100010196,2021-10-31 07:25:00,2021,10,31,7,25,30,30290,"route de Saint Julien de Peyrolas, D343",44.263127,4.59059,Crépuscule ou aube,Hors agglomération,Hors intersection,Pluie légère,Autre collision,3,2,2,0,1,2,2,0,3,80,,4,1,0,2,1,21.0,,,,2,1,1,2,6
202100010197,2021-10-30 20:00:00,2021,10,30,20,0,50,50099,Route de Carentan,49.30806,-1.18007,Nuit sans éclairage public,Hors agglomération,Intersection en X,Normale,Deux véhicules - côté,3,2,2,0,1,1,2,0,1,80,,4,3,0,0,1,54.0,60.0,,,3,1,2,1,3
202100010198,2021-10-30 19:30:00,2021,10,30,19,30,83,83054,Chemin Alphonse Lavallee,43.1581523631,6.0487997532,Nuit avec éclairage allumé,En agglomération,Hors intersection,Pluie légère,Deux véhicules - frontale,3,2,2,0,1,3,2,0,1,50,,4,0,0,1,3,42.0,52.0,,,5,2,1,2,1
202100010199,2021-10-31 18:37:00,2021,10,31,18,37,77,77182,D934,48.783105,3.292943,Nuit avec éclairage allumé,En agglomération,Hors intersection,Pluie légère,Deux véhicules - frontale,3,3,2,0,1,1,2,0,1,50,,4,2,0,0,2,51.0,20.0,,,5,2,1,2,1
202100010200,2021-10-31 02:00:00,2021,10,31,2,0,66,66141,D900,42.761055,2.897805,Nuit sans éclairage public,Hors agglomération,Hors intersection,Normale,Autre collision,3,3,4,0,1,1,1,0,1,110,,2,1,1,0,0,41.0,,,,3,1,1,1,6
202100010201,2021-10-30 22:40:00,2021,10,30,22,40,56,56098,N165 sens Nantes/Brest,47.778631,-3.351527,Nuit sans éclairage public,Hors agglomération,Hors intersection,Normale,Autre collision,2,3,4,0,1,1,1,0,1,90,,2,1,1,0,0,21.0,,,,3,1,1,1,6
202100010202,2021-10-30 20:30:00,2021,10,30,20,30,76,76020,Route de Bourg Achard,49.441484,0.888576,Nuit sans éclairage public,Hors agglomération,Autre intersection,Normale,Sans collision,7,2,2,0,1,1,1,0,1,80,,1,0,0,0,1,16.0,,,,3,1,9,1,7
202100010203,2021-10-31 15:10:00,2021,10,31,15,10,80,80620,Rue de la Resistance,49.928779,2.932148,Plein jour,En agglomération,Hors intersection,Pluie forte,Autre collision,4,1,1,0,1,2,2,0,8,30,,1,0,0,0,1,53.0,,,,1,2,1,3,6
202100010204,2021-10-31 02:19:00,2021,10,31,2,19,32,32208,RN 21,43.916699,0.628077,Nuit sans éclairage public,Hors agglomération,Hors intersection,Brouillard / fumée,Autre collision,2,2,2,0,1,1,2,0,8,80,,2,1,0,1,0,27.0,,,,3,1,1,5,6
202100010205,2021-10-31 16:00:00,2021,10,31,16,0,71,71388,le bourg,46.4970998468,4.2107949434,Plein jour,En agglomération,Hors intersection,Normale,Deux véhicules - côté,4,2,2,0,1,3,1,0,1,50,,3,2,0,0,1,17.0,59.0,,,1,2,1,1,3
202100010206,2021-10-08 16:15:00,2021,10,8,16,15,63,63072,Rue de Lyon,45.877176,3.697675,Plein jour,En agglomération,Hors intersection,Normale,Autre collision,3,2,2,0,1,1,1,0,1,50,,2,1,0,1,0,63.0,,,,1,2,1,1,6
202100010207,2021-10-31 03:00:00,2021,10,31,3,0,49,49069,Le Patis (st Sauveur-de-Landemont),47.273195,-1.246991,Nuit sans éclairage public,Hors agglomération,Hors intersection,Normale,Autre collision,3,2,2,0,1,1,1,0,3,80,,1,0,0,1,0,19.0,,,,3,1,1,1,6
202100010208,2021-10-31 19:30:00,2021,10,31,19,30,39,39244,,46.783372,5.651627,Nuit sans éclairage public,Hors agglomération,Hors intersection,Pluie légère,Autre collision,9,2,2,-1,1,1,6,0,8,80,,2,1,0,1,0,65.0,,,,3,1,1,2,6
202100010209,2021-10-09 10:55:00,2021,10,9,10,55,44,44195,Moulin de la Pâquelais (Patrimoine national),47.341007,-1.896064,Plein jour,Hors agglomération,Hors intersection,Normale,Deux véhicules - frontale,4,2,2,0,1,2,1,0,3,70,,2,1,0,0,1,19.0,41.0,,,1,1,1,1,1
202100010210,2021-10-30 20:13:00,2021,10,30,20,13,44,44018,M751a,47.142124,-1.667733,Nuit sans éclairage public,Hors agglomération,Hors intersection,Normale,Trois véhicules et plus - collisions multiples,7,2,2,1,1,1,1,0,1,80,,3,1,1,1,0,31.0,37.0,,,3,1,1,1,5
202100010211,2021-10-30 19:00:00,2021,10,30,19,0,03,03311,D43,46.138259,3.091435,Crépuscule ou aube,En agglomération,Hors intersection,Normale,Deux véhicules - arrière,3,2,2,0,1,1,1,0,1,50,,3,2,0,1,0,40.0,59.0,,,2,2,1,1,2
202100010212,2021-10-25 11:50:00,2021,10,25,11,50,03,03085,RD 945,46.549819,3.245763,Plein jour,Hors agglomération,Intersection en T,Normale,Deux véhicules - côté,3,2,2,0,1,1,1,0,1,50,,3,2,0,1,0,41.0,20.0,,,1,1,3,1,3
202100010213,2021-10-31 17:20:00,2021,10,31,17,20,26,26017,20 Rue du Lavoir ,44.623488,5.345353,Plein jour,Hors agglomération,Hors intersection,Normale,Autre collision,3,2,2,0,3,3,1,0,1,80,,1,0,0,0,1,64.0,,,,1,1,1,1,6
202100010214,2021-10-31 02:20:00,2021,10,31,2,20,60,60508,D123,49.308001,2.683024,Nuit sans éclairage public,Hors agglomération,Giratoire,Pluie légère,Autre collision,3,1,1,1,1,2,2,5,8,50,,2,0,0,0,2,34.0,,,,3,1,6,2,6
202100010215,2021-10-30 17:42:00,2021,10,30,17,42,43,43007,lieu dit MONTBUZAT,45.050983,4.180448,Plein jour,Hors agglomération,Hors intersection,Normale,Sans collision,4,-1,1,0,1,1,1,0,1,80,,2,0,1,0,1,51.0,,,,1,1,1,1,7
202100010216,2021-10-31 05:10:00,2021,10,31,5,10,16,16216,"RN 141, PR 86+250",45.6871429662,-0.0809973478,Nuit sans éclairage public,Hors agglomération,Hors intersection,Normale,Autre collision,2,3,4,0,1,3,1,0,1,110,,1,0,1,0,0,35.0,,,,3,1,1,1,6
202100010217,2021-10-29 18:00:00,2021,10,29,18,0,40,40321,D2 route de geaune,43.644305,-0.435977,Plein jour,Hors agglomération,Hors intersection,Normale,Deux véhicules - frontale,3,2,2,0,2,3,1,0,1,80,,4,3,0,1,0,53.0,19.0,,,1,1,1,1,1
202100010218,2021-10-30 19:20:00,2021,10,30,19,20,24,24040,Le bourg,44.838427,1.148329,Nuit avec éclairage allumé,En agglomération,Hors intersection,Pluie légère,Deux véhicules - frontale,3,2,2,0,1,1,2,0,1,50,,2,1,0,1,0,16.0,44.0,,,5,2,1,2,1
202100010219,2021-10-31 15:45:00,2021,10,31,15,45,85,85047,Route d Apremont,46.834934,-1.850227,Plein jour,En agglomération,Intersection en X,Normale,Deux véhicules - côté,3,2,1,0,1,1,1,5,1,30,,3,2,0,1,0,61.0,21.0,,,1,2,2,1,3
202100010220,2021-10-22 18:30:00,2021,10,22,18,30,85,85046,Le Bois aux Moines,46.703206,-1.257969,Crépuscule ou aube,Hors agglomération,Hors intersection,Normale,Deux véhicules - frontale,3,2,2,0,1,1,1,0,1,80,,2,1,0,0,1,21.0,71.0,,,2,1,1,1,1
202100010221,2021-10-31 01:35:00,2021,10,31,1,35,85,85008,La Miltiere,46.587878,-1.476997,Nuit sans éclairage public,Hors agglomération,Hors intersection,Normale,Autre collision,3,2,2,0,1,1,1,0,8,80,,1,0,0,0,1,59.0,,,,3,1,1,1,6
202100010222,2021-10-31 02:15:00,2021,10,31,2,15,50,50446,le calvaire,49.128621,-1.0,Nuit sans éclairage public,Hors agglomération,Hors intersection,Temps couvert,Autre collision,3,2,2,0,1,1,2,0,3,80,,1,0,0,0,1,25.0,,,,3,1,1,8,6
202100010223,2021-10-29 00:30:00,2021,10,29,0,30,976,97606,RD 5  - sortie de Poroani,-12.899382,45.14485,Nuit sans éclairage public,Hors agglomération,Hors intersection,Normale,Deux véhicules - frontale,3,2,2,0,2,3,1,0,1,80,,4,1,0,0,3,41.0,62.0,,,3,1,1,1,1
202100010224,2021-10-30 23:50:00,2021,10,30,23,50,34,34270,A9,43.562742,3.831444,Nuit sans éclairage public,Hors agglomération,Hors intersection,Pluie forte,Autre collision,1,3,5,0,1,1,3,0,1,110,,2,0,0,1,1,26.0,,,,3,1,1,3,6
202100010225,2021-10-30 21:00:00,2021,10,30,21,0,987,98712,ROUTE D'ERIMA,-17.530842,-149.523067,Nuit avec éclairage allumé,Hors agglomération,Hors intersection,Normale,Deux véhicules - arrière,4,2,2,0,2,1,1,0,1,30,,2,1,1,0,0,20.0,43.0,,,5,1,1,1,2
202100010226,2021-10-30 00:15:00,2021,10,30,0,15,13,13090,d56,43.519,5.597,Nuit sans éclairage public,Hors agglomération,Hors intersection,Normale,Deux véhicules - frontale,7,2,2,0,1,1,1,0,3,-1,,3,1,0,2,0,17.0,,,,3,1,1,1,1
202100010227,2021-10-29 07:29:00,2021,10,29,7,29,77,77183,D402,48.947521,3.133213,Nuit avec éclairage allumé,En agglomération,Intersection en T,Normale,Deux véhicules - frontale,3,2,2,0,1,1,1,0,1,50,,2,1,0,1,0,46.0,73.0,,,5,2,3,1,1
202100010228,2021-10-31 03:40:00,2021,10,31,3,40,78,78262,RN 12,48.801972,1.799466,Nuit sans éclairage public,Hors agglomération,Hors intersection,Temps couvert,Deux véhicules - frontale,2,3,4,0,1,1,1,0,1,110,,6,0,0,2,4,28.0,22.0,,,3,1,1,8,1
202100010229,2021-10-30 10:00:00,2021,10,30,10,0,34,34023,avenue pasteur,43.437623,3.677068,Plein jour,En agglomération,Hors intersection,Normale,Autre collision,4,-1,2,0,1,1,2,0,8,20,,2,1,0,1,0,32.0,,,,1,2,1,1,6
202100010230,2021-10-30 16:20:00,2021,10,30,16,20,71,71360,33 Rue des Grandes Vignes,46.3225064284,4.7521418914,Plein jour,En agglomération,Hors intersection,Pluie légère,Sans collision,4,2,2,0,1,2,2,0,1,50,,1,0,0,1,0,14.0,,,,1,2,1,2,7
202100010231,2021-10-30 16:30:00,2021,10,30,16,30,74,74197,815 Route d Annecy,46.134984,6.31193,Plein jour,Hors agglomération,Hors intersection,Pluie légère,Deux véhicules - frontale,3,2,2,0,2,2,2,0,1,70,,3,1,0,2,0,38.0,16.0,,,1,1,1,2,1
202100010232,2021-10-31 06:45:00,2021,10,31,6,45,42,42147,Boulevard Lachèze,45.604962,4.06594,Nuit avec éclairage allumé,En agglomération,Hors intersection,Normale,Deux véhicules - frontale,3,2,3,0,1,2,2,0,1,50,,2,1,0,0,1,27.0,54.0,,,5,2,1,1,1
202100010233,2021-10-31 15:55:00,2021,10,31,15,55,38,38376,400 Route de Saint Laurent du Pont,45.426431,5.775257,Plein jour,Hors agglomération,Hors intersection,Normale,Deux véhicules - frontale,3,2,2,0,1,2,1,0,1,80,,2,1,0,1,0,51.0,63.0,,,1,1,1,1,1
202100010234,2021-10-31 06:55:00,2021,10,31,6,55,38,38376,D520,45.438559,5.765564,Crépuscule ou aube,Hors agglomération,Hors intersection,Temps couvert,Sans collision,3,2,2,0,1,1,2,0,8,80,,1,0,0,1,0,29.0,,,,2,1,1,8,7
202100010235,2021-10-30 15:40:00,2021,10,30,15,40,01,01043,Route de Genève,45.835669,5.000179,Plein jour,En agglomération,Hors intersection,Normale,Autre collision,6,-1,-1,0,1,1,1,9,1,30,,2,1,0,1,0,48.0,,,,1,2,1,1,6
202100010236,2021-10-31 10:50:00,2021,10,31,10,50,60,60241,Route Départementale 126,49.126522,2.635946,Plein jour,Hors agglomération,Hors intersection,Normale,Sans collision,3,2,2,0,2,1,2,0,1,80,,6,5,0,1,0,34.0,,,,1,1,1,1,7
202100010237,2021-10-30 13:00:00,2021,10,30,13,0,59,59197,D145,50.547908,3.145072,Plein jour,Hors agglomération,Hors intersection,Pluie légère,Deux véhicules - frontale,3,2,2,0,1,1,2,0,1,70,,2,0,0,0,2,56.0,25.0,,,1,1,1,2,1
202100010238,2021-10-30 16:30:00,2021,10,30,16,30,13,13071,A7-Sens Marseille vers Lyon,43.412329,5.281493,Plein jour,Hors agglomération,Hors intersection,Normale,Deux véhicules - arrière,1,1,3,0,1,1,1,0,1,90,,7,6,0,0,1,41.0,53.0,,,1,1,1,1,2
202100010239,2021-10-30 09:55:00,2021,10,30,9,55,13,13085,A50-Sens Toulon vers Aubagne,43.256989,5.593004,Plein jour,Hors agglomération,Hors intersection,Pluie forte,Autre collision,1,3,3,0,2,1,2,0,1,110,,1,0,0,0,1,20.0,,,,1,1,1,3,6
202100010240,2021-10-30 02:15:00,2021,10,30,2,15,13,13055,A507 sens Marseille - Aubagne,43.32443,5.42465,Nuit avec éclairage allumé,Hors agglomération,Hors intersection,Normale,Sans collision,1,1,3,0,1,3,1,1,1,70,,1,0,0,1,0,36.0,,,,5,1,1,1,7
202100010241,2021-10-29 18:30:00,2021,10,29,18,30,13,13071,A7-Sens Marseille vers Lyon,43.41254,5.281375,Plein jour,Hors agglomération,Hors intersection,Normale,Deux véhicules - arrière,1,1,3,0,1,1,1,0,1,90,,6,2,0,0,4,38.0,53.0,,,1,1,1,1,2
202100010242,2021-10-29 15:35:00,2021,10,29,15,35,13,13215,A7-Sens Marseille vers Lyon,43.342877,5.376156,Plein jour,Hors agglomération,Hors intersection,Normale,Deux véhicules - arrière,1,1,2,0,1,1,1,0,1,90,,2,1,0,0,1,42.0,43.0,,,1,1,1,1,2
202100010243,2021-10-29 11:06:00,2021,10,29,11,6,13,13202,A557-Liaison A7 Marseille-A55 Marseille,43.3170059801,5.3639681131,Plein jour,Hors agglomération,Hors intersection,Pluie légère,Autre collision,1,1,2,0,2,2,2,2,1,70,,1,0,0,0,1,20.0,,,,1,1,1,2,6
202100010244,2021-10-26 09:53:00,2021,10,26,9,53,42,42330,A72,45.47821,4.35296,Plein jour,Hors agglomération,Hors intersection,Normale,Deux véhicules - côté,1,3,4,0,1,1,1,0,1,90,,2,0,0,0,2,48.0,27.0,,,1,1,1,1,3
202100010245,2021-10-22 10:53:00,2021,10,22,10,53,54,54115,Autoroute A 31,48.69447,6.1046,Plein jour,Hors agglomération,Hors intersection,Normale,Deux véhicules - côté,1,3,4,0,1,1,1,0,1,90,,2,1,0,0,1,54.0,32.0,,,1,1,1,1,3
202100010246,2021-10-30 17:00:00,2021,10,30,17,0,94,94034,AUTOROUTE A86,48.76015,2.32107,Plein jour,Hors agglomération,Hors intersection,Pluie légère,Deux véhicules - arrière,1,3,4,0,2,1,2,0,1,70,,2,1,0,0,1,26.0,40.0,,,1,1,1,2,2
202100010247,2021-10-30 17:35:00,2021,10,30,17,35,94,94034,AUTOROUTE A86,48.7588,2.33688,Plein jour,Hors agglomération,Hors intersection,Normale,Autre collision,1,1,2,0,2,2,2,2,1,70,,2,0,0,0,2,29.0,,,,1,1,1,1,6
202100010248,2021-10-30 11:30:00,2021,10,30,11,30,94,94034,D86A,48.7602012934,2.3206169189,Plein jour,Hors agglomération,Hors intersection,Pluie légère,Trois véhicules et plus - en chaîne,1,3,4,0,2,1,2,1,1,70,,7,2,0,0,5,46.0,43.0,,,1,1,1,2,4
202100010249,2021-10-30 08:00:00,2021,10,30,8,0,92,92036,A86,48.9346445248,2.2690583247,Nuit avec éclairage allumé,Hors agglomération,Hors intersection,Pluie légère,Sans collision,1,1,2,0,1,1,2,0,2,90,,1,0,0,0,1,29.0,,,,5,1,1,2,7
202100010250,2021-10-30 06:10:00,2021,10,30,6,10,78,78297,RN12,48.787942,2.063854,Nuit sans éclairage public,Hors agglomération,Hors intersection,Pluie légère,Autre collision,2,3,2,0,1,2,2,0,2,110,,2,1,0,0,1,21.0,,,,3,1,1,2,6
202100010251,2021-10-29 20:30:00,2021,10,29,20,30,78,78007,A13 Y,48.898444,2.0058,Nuit sans éclairage public,Hors agglomération,Hors intersection,Pluie légère,Trois véhicules et plus - en chaîne,1,3,2,0,2,1,2,0,1,110,,6,4,0,1,1,20.0,33.0,,,3,1,1,2,4
202100010252,2021-10-29 20:25:00,2021,10,29,20,25,78,78640,A86 EXT,48.777192,2.22375,Nuit sans éclairage public,Hors agglomération,Hors intersection,Normale,Deux véhicules - côté,1,-1,3,0,1,1,1,0,1,90,,3,1,0,0,2,19.0,50.0,,,3,1,1,1,3
202100010253,2021-10-29 18:45:00,2021,10,29,18,45,93,93027,AUTOROUTE A1,48.9384,2.38807,Nuit sans éclairage public,Hors agglomération,Hors intersection,Pluie légère,Trois véhicules et plus - collisions multiples,1,3,4,0,1,1,2,0,1,50,,4,3,0,0,1,20.0,28.0,,,3,1,1,2,5
202100010254,2021-10-29 19:45:00,2021,10,29,19,45,93,93005,AUTOROUTE A3,48.9427982611,2.4781036377,Plein jour,Hors agglomération,Hors intersection,Pluie légère,Deux véhicules - arrière,1,3,3,0,1,1,2,0,1,110,,2,1,0,0,1,45.0,29.0,,,1,1,1,2,2
202100010255,2021-10-30 09:00:00,2021,10,30,9,0,93,93027,AUTOROUTE A86,48.9284,2.41689,Plein jour,Hors agglomération,Hors intersection,Pluie légère,Sans collision,1,3,6,0,1,2,2,0,1,90,,5,0,0,0,5,28.0,,,,1,1,1,2,7
202100010256,2021-10-30 05:00:00,2021,10,30,5,0,93,93027,AUTOROUTE A86,48.92792,2.41255,Nuit sans éclairage public,Hors agglomération,Hors intersection,Pluie forte,Autre collision,1,3,7,0,1,1,2,0,3,90,,1,0,0,0,1,24.0,,,,3,1,1,3,6
202100010257,2021-10-30 02:15:00,2021,10,30,2,15,93,93027,AUTOROUTE A86,48.92825,2.41193,Nuit sans éclairage public,Hors agglomération,Hors intersection,Pluie légère,Sans collision,1,3,8,0,1,1,2,0,1,90,,1,0,0,0,1,29.0,,,,3,1,1,2,7
202100010258,2021-10-30 01:50:00,2021,10,30,1,50,95,95277,A3,48.97333,2.48633,Nuit avec éclairage allumé,Hors agglomération,Hors intersection,Pluie légère,Autre collision,1,1,0,0,2,3,2,0,3,50,,5,3,0,0,2,21.0,,,,5,1,1,2,6
202100010259,2021-10-30 01:20:00,2021,10,30,1,20,95,95582,A15,48.96595,2.25859,Nuit sans éclairage public,Hors agglomération,Hors intersection,Temps couvert,Autre collision,1,-1,6,0,1,3,1,0,2,110,,5,0,0,0,5,21.0,,,,3,1,1,8,6