accident_id,datetime,annee,mois,jour,heure,minute,departement,commune_insee,adresse,latitude,longitude,luminosite,agglomeration,intersection,meteo,collision,catr,circ,nbv,vosp,prof,plan,surf,infra,situ,vma,nb_vehicules,nb_usagers,nb_indemnes,nb_tues,nb_blesses_hosp,nb_blesses_legers,age_cond_1,age_cond_2,veh_type_cond_1,veh_type_cond_2,lum_code,agg_code,int_code,atm_code,col_code
202100010260,2021-10-29 19:15:00,2021,10,29,19,15,95,95154,A1,49.03895,2.5423,Crépuscule ou aube,Hors agglomération,Hors intersection,Pluie forte,Trois véhicules et plus - en chaîne,1,3,8,0,1,1,2,0,1,110,,5,3,0,0,2,51.0,44.0,,,2,1,1,3,4
202100010261,2021-10-29 21:30:00,2021,10,29,21,30,76,76540,CHAMPLAIN. AVENUE,49.4347,1.09347,Nuit sans éclairage public,En agglomération,Intersection en X,Normale,Autre collision,4,1,3,3,1,1,2,-1,1,30,,2,1,0,0,1,36.0,,,,3,2,2,1,6
202100010262,2021-10-22 16:30:00,2021,10,22,16,30,91,91521,AV GAY LUSSAC,48.64227,2.41327,Plein jour,En agglomération,Hors intersection,Normale,Autre collision,4,2,1,0,1,1,1,0,1,30,,2,1,0,1,0,52.0,,,,1,2,1,1,6
202100010263,2021-10-29 08:45:00,2021,10,29,8,45,974,97411,LITTORAL (ROUTE 2 DU),-20.8908,55.38452,Plein jour,Hors agglomération,Hors intersection,Pluie légère,Sans collision,2,3,2,0,1,1,2,0,1,90,,1,0,0,0,1,50.0,,,,1,1,1,2,7
202100010264,2021-10-28 17:05:00,2021,10,28,17,5,973,97302,GALMOT (AVENUE),4.93238,-52.32692,Plein jour,En agglomération,Hors intersection,Normale,Deux véhicules - côté,4,2,2,0,1,1,1,8,1,50,,2,1,0,0,1,31.0,30.0,,,1,2,1,1,3
202100010265,2021-10-29 22:10:00,2021,10,29,22,10,69,69388,VIENNE (DE) (RTE),45.73687,4.8527,Nuit avec éclairage allumé,En agglomération,Hors intersection,Normale,Deux véhicules - arrière,4,2,2,2,1,1,1,0,1,50,,2,1,0,0,1,53.0,25.0,,,5,2,1,1,2
202100010266,2021-10-29 17:45:00,2021,10,29,17,45,69,69389,ROSA PARKS (AV),45.7867,4.79235,Plein jour,En agglomération,Hors intersection,Normale,Autre collision,4,2,2,0,2,1,1,0,1,50,,2,0,0,1,1,33.0,,,,1,2,1,1,6
202100010267,2021-10-29 16:00:00,2021,10,29,16,0,69,69149,EMILE ZOLA (BD),45.7195001452,4.8053904661,Plein jour,En agglomération,Hors intersection,Normale,Autre collision,7,2,2,0,1,1,1,0,1,50,,1,0,0,0,1,58.0,,,,1,2,1,1,6
202100010268,2021-10-29 05:50:00,2021,10,29,5,50,971,97120,FAIDHERBE (BOULEVARD),16.24006,-61.53204,Plein jour,En agglomération,Intersection en X,Pluie légère,Deux véhicules - côté,3,2,4,0,1,1,2,0,1,50,,2,0,0,2,0,51.0,20.0,,,1,2,2,2,3
202100010269,2021-10-27 10:37:00,2021,10,27,10,37,95,95598,AVENUE KELLERMANN,48.979933,2.29203,Plein jour,En agglomération,Giratoire,Temps éblouissant,Autre collision,3,2,2,0,1,1,1,0,1,50,,2,1,0,0,1,25.0,,,,1,2,6,7,6
202100010270,2021-10-29 22:10:00,2021,10,29,22,10,91,91191,Jean Jaures (Avenue),48.713963,2.46226,Nuit avec éclairage allumé,En agglomération,Autre intersection,Pluie légère,Deux véhicules - côté,3,2,2,0,1,1,2,0,1,30,,3,1,0,0,2,20.0,19.0,,,5,2,9,2,3
202100010271,2021-10-28 19:04:00,2021,10,28,19,4,91,91223,CD63,48.40473,2.21384,Crépuscule ou aube,Hors agglomération,Intersection en T,Normale,Deux véhicules - côté,3,2,2,0,1,1,1,0,1,80,,3,2,0,0,1,52.0,52.0,,,2,1,3,1,3
202100010272,2021-10-28 21:17:00,2021,10,28,21,17,87,87085,MONTJOVIS (AVENUE),45.84137,1.2461,Nuit avec éclairage allumé,En agglomération,Hors intersection,Normale,Autre collision,4,2,2,0,1,1,1,0,1,50,,2,1,0,1,0,38.0,,,,5,2,1,1,6
202100010273,2021-10-27 19:25:00,2021,10,27,19,25,87,87085,AUTOROUTE A20,45.8373,1.28313,Plein jour,En agglomération,Hors intersection,Normale,Deux véhicules - arrière,1,3,4,0,2,1,1,0,1,90,,3,1,0,0,2,53.0,57.0,,,1,2,1,1,2
202100010274,2021-10-28 12:21:00,2021,10,28,12,21,87,87085,CHARENTES (PLACE DES),45.83798,1.25239,Plein jour,En agglomération,Hors intersection,Normale,Autre collision,4,2,2,0,1,1,1,0,1,50,,2,1,0,0,1,24.0,84.0,,,1,2,1,1,6
202100010275,2021-10-26 17:11:00,2021,10,26,17,11,87,87085,DUTREIX (RUE ARMAND),45.83454,1.2265,Plein jour,En agglomération,Intersection en X,Normale,Deux véhicules - côté,3,3,4,0,1,1,1,5,1,50,,2,0,0,0,2,53.0,64.0,,,1,2,2,1,3
202100010276,2021-10-28 07:57:00,2021,10,28,7,57,87,87065,PAGNOL (AVENUE MARCEL-),45.81452,1.33792,Crépuscule ou aube,En agglomération,Intersection en T,Normale,Deux véhicules - côté,3,2,2,0,1,1,1,0,1,50,,2,1,1,0,0,37.0,26.0,,,2,2,3,1,3
202100010277,2021-10-27 09:05:00,2021,10,27,9,5,84,84007,MISTRAL7  (Parking C.Commercial),43.92128,4.86673,Plein jour,En agglomération,Hors intersection,Normale,Autre collision,6,-1,-1,0,1,3,1,9,1,30,,2,1,0,1,0,36.0,,,,1,2,1,1,6
202100010278,2021-10-29 16:55:00,2021,10,29,16,55,77,77378,FONTAINEBLEAU(AVENUE DE),48.526982,2.552774,Plein jour,En agglomération,Hors intersection,Pluie forte,Autre collision,3,2,3,0,2,1,2,0,1,50,,3,2,0,0,1,40.0,,,,1,2,1,3,6
202100010279,2021-10-26 12:50:00,2021,10,26,12,50,77,77296,RUE DENIS PAPIN,48.61142,2.59265,Plein jour,Hors agglomération,Hors intersection,Normale,Autre collision,4,2,1,1,1,1,1,0,5,50,,2,1,0,0,1,30.0,,,,1,1,1,1,6
202100010280,2021-10-29 22:50:00,2021,10,29,22,50,72,72181,TIRONNEAU ADRIEN (PL),47.98299,0.21062,Nuit avec éclairage allumé,En agglomération,Giratoire,Pluie légère,Deux véhicules - côté,4,4,4,0,1,3,2,9,1,50,,2,1,0,0,1,31.0,22.0,,,5,2,6,2,3
202100010281,2021-10-29 18:15:00,2021,10,29,18,15,72,72181,EDISON THOMAS (RUE),48.02499,0.17941,Plein jour,En agglomération,Hors intersection,Normale,Autre collision,4,-1,2,0,1,1,1,0,1,50,,2,1,0,0,1,63.0,,,,1,2,1,1,6
202100010282,2021-09-24 12:25:00,2021,9,24,12,25,70,70550,BARBIER (QUAI YVES),47.61953,6.149,Plein jour,En agglomération,Hors intersection,Normale,Deux véhicules - côté,4,2,2,1,1,3,1,0,4,30,,2,1,0,1,0,79.0,30.0,,,1,2,1,1,3
202100010283,2021-10-29 18:20:00,2021,10,29,18,20,69,69266,ETIENNE GAGNAIRE (R),45.772962113,4.8656372213,Nuit avec éclairage allumé,En agglomération,Hors intersection,Normale,Deux véhicules - côté,4,2,2,0,1,1,1,0,1,50,,2,1,0,0,1,,38.0,,,5,2,1,1,3
202100010284,2021-10-29 12:50:00,2021,10,29,12,50,69,69290,JULES FERRY (R),45.69611,4.94765,Plein jour,En agglomération,Intersection en T,Normale,Deux véhicules - côté,4,2,2,2,2,1,1,0,1,50,,2,1,0,0,1,38.0,37.0,,,1,2,3,1,3
202100010285,2021-10-28 18:40:00,2021,10,28,18,40,69,69029,FRANKLIN ROOSEVELT (AV),45.73473,4.90526,Nuit avec éclairage allumé,En agglomération,Giratoire,Normale,Deux véhicules - côté,4,1,2,0,1,2,1,9,1,50,,2,1,0,1,0,68.0,21.0,,,5,2,6,1,3
202100010286,2021-10-29 09:30:00,2021,10,29,9,30,69,69290,EDOUARD HERRIOT (BD),45.69436,4.94116,Plein jour,En agglomération,Intersection en X,Normale,Deux véhicules - côté,4,2,6,0,2,1,1,0,1,50,,2,0,0,1,1,53.0,20.0,,,1,2,2,1,3
202100010287,2021-10-28 11:05:00,2021,10,28,11,5,69,69266,SALVADOR ALLENDE (AV),45.7754,4.8639,Plein jour,En agglomération,Hors intersection,Normale,Autre collision,4,2,2,0,1,1,1,0,1,50,,2,1,0,0,1,25.0,,,,1,2,1,1,6
202100010288,2021-10-27 22:07:00,2021,10,27,22,7,66,66136,ABBE PIERRE,42.69245,2.87963,Nuit sans éclairage public,En agglomération,Hors intersection,Normale,Deux véhicules - côté,4,2,2,0,1,1,1,0,1,50,,2,1,0,0,1,22.0,25.0,,,3,2,1,1,3
202100010289,2021-10-29 15:45:00,2021,10,29,15,45,65,65440,DEVILLE (RUE),43.234785,0.079773,Plein jour,En agglomération,Intersection en X,Pluie légère,Deux véhicules - côté,4,2,1,0,1,1,2,0,1,50,,4,2,0,0,2,45.0,55.0,,,1,2,2,2,3
202100010290,2021-10-27 19:05:00,2021,10,27,19,5,65,65286,MARQUI (AVENUE ALEXANDRE),43.10499,-0.04147,Plein jour,En agglomération,Intersection en T,Normale,Deux véhicules - côté,3,3,2,0,1,1,1,0,1,50,,6,0,0,0,6,50.0,71.0,,,1,2,3,1,3
202100010291,2021-10-29 22:16:00,2021,10,29,22,16,64,64102,NAVARRE (AVENUE HENRI DE),43.51353,-1.43613,Nuit avec éclairage allumé,En agglomération,Hors intersection,Pluie légère,Trois véhicules et plus - collisions multiples,3,1,2,0,1,1,2,0,1,50,,5,1,0,0,4,23.0,32.0,,,5,2,1,2,5
202100010292,2021-10-29 12:50:00,2021,10,29,12,50,64,64024,20 rue du Phénix,43.49705,-1.50668,Plein jour,En agglomération,Hors intersection,Pluie légère,Deux véhicules - côté,4,1,1,0,2,1,2,0,1,30,,2,1,0,0,1,49.0,18.0,,,1,2,1,2,3
202100010293,2021-10-29 12:40:00,2021,10,29,12,40,64,64102,Rond-Point de la Pièce Noyée,43.50042,-1.48139,Plein jour,En agglomération,Giratoire,Pluie légère,Sans collision,4,2,2,0,1,2,2,5,1,50,,1,0,0,0,1,33.0,,,,1,2,6,2,7
202100010294,2021-10-28 17:35:00,2021,10,28,17,35,64,64024,BASSUSSARRY (ROUTE DE),43.45338,-1.49764,Plein jour,Hors agglomération,Hors intersection,Normale,Deux véhicules - arrière,4,2,2,0,3,1,1,0,1,30,,2,1,0,0,1,48.0,34.0,,,1,1,1,1,2
202100010295,2021-10-28 14:00:00,2021,10,28,14,0,63,63300,RD 2009,45.90116,3.13306,Plein jour,Hors agglomération,Hors intersection,Normale,Trois véhicules et plus - en chaîne,3,3,4,0,1,1,1,0,1,110,,4,3,0,1,0,41.0,27.0,,,1,1,1,1,4
202100010296,2021-10-19 19:55:00,2021,10,19,19,55,62,62498,DUSOUICH (R),50.437244,2.838592,Nuit avec éclairage allumé,En agglomération,Intersection en T,Normale,Deux véhicules - côté,4,1,1,0,1,1,1,0,1,50,,2,1,0,1,0,33.0,40.0,,,5,2,3,1,3
202100010297,2021-10-28 22:45:00,2021,10,28,22,45,62,62848,CD 937,50.506774,2.650584,Nuit sans éclairage public,En agglomération,Hors intersection,Normale,Autre collision,3,2,3,0,1,1,1,0,1,50,,2,1,0,0,1,34.0,,,,3,2,1,1,6
202100010298,2021-10-30 00:45:00,2021,10,30,0,45,59,59279,LINSELLES (ROUTE DE),50.76968,3.10509,Nuit avec éclairage allumé,Hors agglomération,Hors intersection,Normale,Sans collision,7,2,2,0,1,1,1,0,3,50,,1,0,0,0,1,24.0,,,,5,1,1,1,7
202100010299,2021-10-29 16:40:00,2021,10,29,16,40,59,59350,TOURNAI PONT DE,50.62194,3.08852,Plein jour,En agglomération,Hors intersection,Normale,Deux véhicules - côté,7,2,5,1,1,1,2,2,5,50,,2,1,0,1,0,,33.0,,,1,2,1,1,3
202100010300,2021-10-27 07:40:00,2021,10,27,7,40,59,59178,FERRER (RUE FRANCISCO),50.3974,3.1039,Crépuscule ou aube,En agglomération,Giratoire,Normale,Deux véhicules - côté,3,2,2,0,1,1,1,0,1,50,,2,1,0,1,0,21.0,59.0,,,2,2,6,1,3
202100010301,2021-10-28 20:30:00,2021,10,28,20,30,58,58194,CROIX JOYEUSE (CARREFOUR),46.9952,3.1683,Nuit sans éclairage public,En agglomération,Giratoire,Normale,Sans collision,3,1,1,0,1,2,1,0,1,30,,2,1,0,0,1,33.0,,,,3,2,6,1,7
202100010302,2021-10-28 20:40:00,2021,10,28,20,40,58,58194,MARZY,46.98736,3.13643,Nuit avec éclairage allumé,En agglomération,Intersection en T,Normale,Deux véhicules - côté,3,2,2,0,1,1,1,0,1,30,,2,1,0,1,0,25.0,43.0,,,5,2,3,1,3
202100010303,2021-10-29 09:55:00,2021,10,29,9,55,54,54431,DUROC (PLACE),48.9029,6.05557,Plein jour,En agglomération,Hors intersection,Normale,Autre collision,4,1,1,0,1,1,1,0,1,50,,2,1,0,0,1,60.0,,,,1,2,1,1,6
202100010304,2021-10-27 11:50:00,2021,10,27,11,50,54,54265,Route de Mirecourt,48.64744,6.18239,Plein jour,Hors agglomération,Intersection à plus de 4 branches,Normale,Deux véhicules - côté,7,2,2,1,1,1,1,-1,1,50,,2,1,0,0,1,26.0,58.0,,,1,1,5,1,3
202100010305,2021-10-29 19:00:00,2021,10,29,19,0,54,54159,SOMMERVILLER (ROUTE DE),48.62909,6.36344,Crépuscule ou aube,Hors agglomération,Hors intersection,Normale,Autre collision,3,2,2,0,1,1,1,0,1,80,,3,1,0,0,2,15.0,14.0,,,2,1,1,1,6
202100010306,2021-10-29 18:35:00,2021,10,29,18,35,51,51454,Rue Gustave Laurent,49.25453,4.04823,Nuit avec éclairage allumé,En agglomération,Intersection en X,Normale,Trois véhicules et plus - en chaîne,4,2,2,0,1,1,2,5,1,20,,4,2,0,0,2,19.0,20.0,,,5,2,2,1,4
202100010307,2021-10-29 18:10:00,2021,10,29,18,10,51,51454,Rue Ambroise Petit,49.2418586986,4.0410338625,Nuit avec éclairage allumé,En agglomération,Intersection en T,Pluie forte,Sans collision,4,2,1,0,1,1,2,6,1,50,,2,1,0,0,1,32.0,,,,5,2,3,3,7
202100010308,2021-10-28 18:51:00,2021,10,28,18,51,51,51172,Boulevard d’Alsace Lorraine,49.2163646916,4.0503668242,Nuit avec éclairage allumé,En agglomération,Giratoire,Normale,Sans collision,3,2,2,0,1,1,1,0,1,50,,3,1,0,0,2,81.0,,,,5,2,6,1,7
202100010309,2021-10-29 17:53:00,2021,10,29,17,53,49,49015,CHAMPS RUE DES,47.49702,-0.58908,Plein jour,En agglomération,Intersection en X,Normale,Deux véhicules - côté,4,3,2,0,1,1,1,0,1,50,,3,2,0,0,1,50.0,71.0,,,1,2,2,1,3
202100010310,2021-10-29 15:38:00,2021,10,29,15,38,49,49007,ROI RENE BOULEVARD,47.46679,-0.55384,Plein jour,En agglomération,Hors intersection,Normale,Sans collision,4,2,2,0,1,1,2,0,1,50,,1,0,0,0,1,27.0,,,,1,2,1,1,7
202100010311,2021-10-29 02:20:00,2021,10,29,2,20,49,49055,CANTENAY EPINARD ROUTE,47.51555,-0.56959,Nuit avec éclairage allumé,En agglomération,Hors intersection,Normale,Sans collision,3,2,2,0,1,1,1,0,1,70,,1,0,0,0,1,23.0,,,,5,2,1,1,7
202100010312,2021-10-29 01:31:00,2021,10,29,1,31,49,49007,GAMBETTA,47.47655,-0.55399,Nuit avec éclairage allumé,En agglomération,Hors intersection,Normale,Autre collision,4,2,2,0,1,1,1,0,1,50,,1,0,0,0,1,24.0,,,,5,2,1,1,6
202100010313,2021-10-28 17:30:00,2021,10,28,17,30,47,47323,LEYGUES (BLVD GEORGES),44.407966,0.707706,Plein jour,En agglomération,Intersection en X,Normale,Deux véhicules - côté,4,2,4,0,1,1,1,0,1,50,,2,1,0,1,0,26.0,45.0,,,1,2,2,1,3
202100010314,2021-10-29 18:57:00,2021,10,29,18,57,45,45234,Place Albert 1er,47.90753,1.90622,Nuit avec éclairage allumé,En agglomération,Place,Pluie légère,Deux véhicules - arrière,4,2,6,0,1,1,2,0,1,50,,2,1,0,0,1,42.0,23.0,,,5,2,7,2,2
202100010315,2021-10-29 18:12:00,2021,10,29,18,12,45,45234,FAUBOURG BANNIER (RUE DU ),47.9176,1.89863,Crépuscule ou aube,En agglomération,Intersection en X,Pluie légère,Deux véhicules - côté,7,2,2,0,3,1,2,0,1,50,,2,1,0,0,1,44.0,19.0,,,2,2,2,2,3
202100010316,2021-10-29 22:15:00,2021,10,29,22,15,37,37261,ALOUETTE (AVENUE),47.36281,0.69634,Nuit avec éclairage allumé,En agglomération,Hors intersection,Normale,Autre collision,4,3,4,0,2,3,2,9,1,50,,1,0,0,0,1,31.0,,,,5,2,1,1,6
202100010317,2021-10-28 23:05:00,2021,10,28,23,5,37,37261,MICHEL (RUE LOUISE),47.4103946447,0.7066217521,Nuit avec éclairage allumé,En agglomération,Intersection en T,Normale,Deux véhicules - côté,4,2,2,0,4,1,1,0,1,50,,2,1,0,0,1,16.0,18.0,,,5,2,3,1,3
202100010318,2021-10-29 15:45:00,2021,10,29,15,45,35,35238,BOURGEOIS (BOULEVARD LEON),48.10015,-1.65043,Plein jour,En agglomération,Hors intersection,Temps éblouissant,Deux véhicules - arrière,4,2,2,0,1,1,1,0,1,50,,2,1,0,0,1,48.0,64.0,,,1,2,1,7,2
202100010319,2021-10-28 15:00:00,2021,10,28,15,0,34,34032,ESCLARMONDE DE FOIX,43.33791,3.18362,Plein jour,En agglomération,Hors intersection,Normale,Deux véhicules - côté,4,2,2,0,1,1,1,0,1,30,,2,1,0,1,0,55.0,8.0,,,1,2,1,1,3
202100010320,2021-10-25 16:35:00,2021,10,25,16,35,34,34003,GENTILSHOMMES (H16 A L17,43.28572,3.51356,Plein jour,En agglomération,Giratoire,Normale,Deux véhicules - côté,4,1,2,0,1,2,1,0,1,50,,2,1,1,0,0,63.0,50.0,,,1,2,6,1,3
202100010321,2021-10-29 16:20:00,2021,10,29,16,20,33,33281,Avenue de la Somme,44.82955,-0.66216,Plein jour,En agglomération,Autre intersection,Temps couvert,Autre collision,4,2,2,0,1,1,1,6,1,50,,2,1,0,0,1,23.0,,,,1,2,9,8,6
202100010322,2021-10-28 14:05:00,2021,10,28,14,5,33,33032,Rue d'Ambarès,44.91583,-0.50949,Plein jour,En agglomération,Hors intersection,Normale,Deux véhicules - côté,4,2,2,0,1,1,1,0,1,50,,2,1,0,0,1,70.0,23.0,,,1,2,1,1,3
202100010323,2021-10-29 11:10:00,2021,10,29,11,10,31,31555,CHE DE GINESTOUS,43.63954,1.41114,Plein jour,En agglomération,Hors intersection,Normale,Deux véhicules - côté,4,2,2,0,1,1,1,0,1,50,,2,1,0,1,0,18.0,35.0,,,1,2,1,1,3
202100010324,2021-10-28 11:55:00,2021,10,28,11,55,27,27701,D6154,49.24914,1.18546,Plein jour,Hors agglomération,Hors intersection,Normale,Deux véhicules - arrière,3,2,3,0,1,1,1,0,1,50,,3,0,0,0,3,50.0,23.0,,,1,1,1,1,2
202100010325,2021-10-29 03:50:00,2021,10,29,3,50,27,27701,LACS (ROUTE DES) BLANCHE A GALION,49.27588,1.21111,Nuit avec éclairage allumé,En agglomération,Hors intersection,Normale,Deux véhicules - frontale,4,2,3,0,1,1,1,5,1,50,,6,5,0,1,0,,22.0,,,5,2,1,1,1
202100010326,2021-10-28 19:30:00,2021,10,28,19,30,19,19031,QUEUILLE (AVENUE HENRI),45.16871,1.53121,Crépuscule ou aube,En agglomération,Intersection en T,Normale,Deux véhicules - côté,3,2,2,0,2,1,1,5,1,50,,2,1,0,0,1,16.0,60.0,,,2,2,3,1,3
202100010327,2021-10-29 16:39:00,2021,10,29,16,39,17,17300,MONNET   AVENUE JEAN,46.14429,-1.15306,Plein jour,En agglomération,Hors intersection,Pluie légère,Deux véhicules - arrière,4,2,2,0,1,1,2,0,1,50,,2,1,0,0,1,22.0,23.0,,,1,2,1,2,2
202100010328,2021-10-29 02:00:00,2021,10,29,2,0,17,17300,VILLENEUVE   RUE,46.16037,-1.14718,Nuit avec éclairage allumé,En agglomération,Hors intersection,Normale,Autre collision,4,1,1,0,1,1,1,0,4,30,,1,0,0,0,1,36.0,,,,5,2,1,1,6
202100010329,2021-10-29 18:50:00,2021,10,29,18,50,14,14167,CD N°  402,49.204163,-0.308868,Nuit sans éclairage public,En agglomération,Hors intersection,Normale,Deux véhicules - côté,3,2,0,0,2,1,1,0,1,50,,2,1,0,0,1,27.0,37.0,,,3,2,1,1,3
202100010330,2021-10-29 14:00:00,2021,10,29,14,0,14,14118,VENDEUVRE (QUAI),49.1804,-0.35042,Plein jour,En agglomération,Hors intersection,Normale,Autre collision,4,2,2,0,1,1,1,0,1,50,,2,1,0,0,1,61.0,,,,1,2,1,1,6
202100010331,2021-10-28 17:55:00,2021,10,28,17,55,14,14437,D513,49.1829,-0.3192,Plein jour,En agglomération,Autre intersection,Normale,Deux véhicules - côté,3,3,2,0,1,1,1,0,1,70,,4,2,0,0,2,35.0,30.0,,,1,2,9,1,3
202100010332,2021-10-29 15:45:00,2021,10,29,15,45,13,13202,CARGO RHIN FIDELI (RUE),43.32728,5.35752,Plein jour,En agglomération,Hors intersection,Normale,Deux véhicules - arrière,7,1,2,0,2,1,1,0,1,50,,3,2,0,0,1,41.0,,,,1,2,1,1,2
202100010333,2021-10-29 14:30:00,2021,10,29,14,30,13,13202,REPUBLIQUE (RUE DE LA),43.2991,5.37166,Plein jour,En agglomération,Hors intersection,Normale,Deux véhicules - frontale,4,2,0,0,1,1,1,0,1,50,,2,1,0,0,1,50.0,,,,1,2,1,1,1
202100010334,2021-10-28 11:00:00,2021,10,28,11,0,13,13205,BAILLE (BOULEVARD),43.28777,5.39012,Plein jour,En agglomération,Intersection en X,Normale,Autre collision,4,2,4,1,1,1,1,0,1,50,,2,1,0,0,1,20.0,27.0,,,1,2,2,1,6
202100010335,2021-10-29 18:00:00,2021,10,29,18,0,10,10387,JEAN SIMONNET (RUE),48.30166,4.08215,Crépuscule ou aube,En agglomération,Hors intersection,Pluie légère,Sans collision,4,1,1,0,1,1,2,9,1,50,,2,1,0,0,1,35.0,,,,2,2,1,2,7
202100010336,2021-10-29 10:57:00,2021,10,29,10,57,10,10333,ROCADE OUEST (RD 610),48.270024,4.049852,Plein jour,En agglomération,Giratoire,Normale,Deux véhicules - côté,3,1,2,0,1,1,1,5,5,50,,2,1,0,0,1,22.0,30.0,,,1,2,6,1,3
202100010337,2021-10-28 19:30:00,2021,10,28,19,30,06,06088,MITTERAND (RUE FRANCOIS),43.709752,7.289428,Nuit sans éclairage public,En agglomération,Hors intersection,Normale,Autre collision,4,1,1,3,1,1,9,4,6,50,,2,1,0,0,1,58.0,,,,3,2,1,1,6
202100010338,2021-10-28 18:00:00,2021,10,28,18,0,06,06027,VERDUN AVENUE DE,43.663318,7.147116,Crépuscule ou aube,En agglomération,Hors intersection,Normale,Autre collision,7,2,2,0,1,1,1,0,1,50,,2,1,0,0,1,22.0,,,,2,2,1,1,6
202100010339,2021-10-22 13:15:00,2021,10,22,13,15,02,02691,TOUR-Y-VAL (RUE DE),49.83996,3.28807,Plein jour,En agglomération,Hors intersection,Normale,Autre collision,4,2,0,0,2,1,1,0,1,50,,2,1,0,1,0,34.0,,,,1,2,1,1,6
202100010340,2021-10-29 20:00:00,2021,10,29,20,0,75,75117,PORTE DE CLICHY,48.898986,2.317292,Nuit avec éclairage allumé,En agglomération,Hors intersection,Normale,Deux véhicules - arrière,4,1,4,0,1,1,1,0,1,70,,2,1,0,0,1,30.0,21.0,,,5,2,1,1,2
202100010341,2021-10-28 22:20:00,2021,10,28,22,20,75,75112,BOULEVARD PERIPHERIQUE,48.836786,2.412611,Nuit avec éclairage allumé,En agglomération,Hors intersection,Normale,Deux véhicules - côté,4,1,4,0,1,1,1,0,1,70,,3,2,0,0,1,,32.0,,,5,2,1,1,3
202100010342,2021-10-28 01:38:00,2021,10,28,1,38,75,75113,RUE DE LA GLACIERE,48.832827,2.34459,Nuit avec éclairage allumé,En agglomération,Hors intersection,Normale,Autre collision,4,2,2,0,1,1,1,0,1,30,,1,0,0,1,0,52.0,,,,5,2,1,1,6
202100010343,2021-10-27 13:35:00,2021,10,27,13,35,75,75105,BOULEVARD DE L HOPITAL,48.841858,2.363151,Plein jour,En agglomération,Intersection en T,Normale,Deux véhicules - côté,4,1,2,0,2,1,1,0,1,50,,2,1,0,0,1,20.0,24.0,,,1,2,3,1,3
202100010344,2021-10-29 01:05:00,2021,10,29,1,5,75,75120,AVENUE DU PERE LACHAISE,48.864421,2.398071,Nuit avec éclairage allumé,En agglomération,Intersection en X,Normale,Deux véhicules - côté,4,2,2,0,1,1,1,0,1,30,,2,1,0,0,1,41.0,26.0,,,5,2,2,1,3
202100010345,2021-10-29 19:30:00,2021,10,29,19,30,75,75119,AVENUE MATHURIN MOREAU,48.878443,2.37429,Nuit avec éclairage allumé,En agglomération,Intersection en X,Pluie légère,Deux véhicules - côté,4,2,2,0,2,1,2,0,1,30,,2,1,0,0,1,34.0,22.0,,,5,2,2,2,3
202100010346,2021-10-29 05:50:00,2021,10,29,5,50,75,75119,RUE LOUISE THULIEZ,48.877681,2.395613,Nuit avec éclairage allumé,En agglomération,Intersection à plus de 4 branches,Normale,Autre collision,4,2,3,1,1,1,1,0,1,30,,2,1,0,0,1,59.0,,,,5,2,5,1,6
202100010347,2021-10-29 09:50:00,2021,10,29,9,50,75,75116,AVENUE DE NEW YORK,48.85793,2.287914,Plein jour,En agglomération,Intersection en T,Normale,Deux véhicules - arrière,4,1,3,0,1,1,1,0,1,30,,2,1,0,0,1,17.0,50.0,,,1,2,3,1,2
202100010348,2021-10-29 09:30:00,2021,10,29,9,30,75,75115,RUE BRANCION,48.829685,2.301756,Plein jour,En agglomération,Intersection en Y,Normale,Sans collision,4,1,2,0,1,1,1,0,1,30,,1,0,0,0,1,27.0,,,,1,2,4,1,7
202100010349,2021-10-29 13:00:00,2021,10,29,13,0,75,75114,RUE FROIDEVAUX,48.837542,2.323024,Plein jour,En agglomération,Intersection en X,Pluie légère,Deux véhicules - côté,4,1,1,1,1,1,2,0,5,30,,2,1,0,0,1,24.0,63.0,,,1,2,2,2,3
202100010350,2021-10-29 07:55:00,2021,10,29,7,55,75,75114,RUE HENRI BARBUSSE,48.838689,2.336666,Crépuscule ou aube,En agglomération,Intersection en Y,Normale,Sans collision,4,1,1,0,1,1,1,0,1,30,,1,0,0,0,1,35.0,,,,2,2,4,1,7
202100010351,2021-10-29 21:00:00,2021,10,29,21,0,75,75113,BOULEVARD MASSENA,48.823172,2.374297,Nuit avec éclairage allumé,En agglomération,Hors intersection,Normale,Deux véhicules - arrière,4,2,2,0,2,1,2,0,1,30,,3,2,0,0,1,27.0,70.0,,,5,2,1,1,2
202100010352,2021-10-29 16:02:00,2021,10,29,16,2,75,75113,BOULEVARD DE L HOPITAL,48.838853,2.360993,Plein jour,En agglomération,Intersection en T,Pluie forte,Deux véhicules - arrière,4,2,2,0,2,1,2,0,1,30,,3,2,0,0,1,31.0,59.0,,,1,2,3,3,2
202100010353,2021-10-29 16:20:00,2021,10,29,16,20,75,75111,BOULEVARD RICHARD LENOIR,48.855484,2.381818,Plein jour,En agglomération,Intersection en T,Pluie forte,Autre collision,4,1,2,0,1,1,2,0,1,30,,2,1,0,0,1,32.0,,,,1,2,3,3,6
202100010354,2021-10-29 15:25:00,2021,10,29,15,25,75,75110,AVENUE CLAUDE VELLEFAUX,48.874079,2.370351,Plein jour,En agglomération,Intersection en T,Pluie légère,Autre collision,4,2,2,0,2,1,2,0,1,30,,1,0,0,0,1,27.0,,,,1,2,3,2,6
202100010355,2021-10-29 02:20:00,2021,10,29,2,20,75,75109,RUE DES MARTYRS,48.879947,2.340268,Nuit avec éclairage allumé,En agglomération,Intersection en T,Normale,Autre collision,4,1,2,0,1,1,1,0,1,30,,1,0,0,0,1,21.0,,,,5,2,3,1,6