accident_id,datetime,annee,mois,jour,heure,minute,departement,commune_insee,adresse,latitude,longitude,luminosite,agglomeration,intersection,meteo,collision,catr,circ,nbv,vosp,prof,plan,surf,infra,situ,vma,nb_vehicules,nb_usagers,nb_indemnes,nb_tues,nb_blesses_hosp,nb_blesses_legers,age_cond_1,age_cond_2,veh_type_cond_1,veh_type_cond_2,lum_code,agg_code,int_code,atm_code,col_code
202100010356,2021-10-29 17:30:00,2021,10,29,17,30,75,75102,RUE ETIENNE MARCEL,48.864754,2.345467,Plein jour,En agglomération,Intersection en Y,Normale,Deux véhicules - côté,4,2,4,0,1,1,2,0,1,30,,2,1,0,0,1,27.0,27.0,,,1,2,4,1,3
202100010357,2021-10-29 15:50:00,2021,10,29,15,50,75,75108,PLACE DE LA CONCORDE,48.866782,2.322081,Plein jour,En agglomération,Place,Pluie légère,Trois véhicules et plus - en chaîne,4,2,5,3,1,1,2,0,1,30,,6,5,0,0,1,42.0,62.0,,,1,2,7,2,4
202100010358,2021-10-29 14:25:00,2021,10,29,14,25,94,94068,Rue de la Varenne,48.80719,2.47533,Plein jour,En agglomération,Autre intersection,Pluie légère,Deux véhicules - côté,3,1,1,0,4,1,2,0,1,30,,2,1,0,0,1,59.0,48.0,,,1,2,9,2,3
202100010359,2021-10-29 13:30:00,2021,10,29,13,30,94,94028,Rue Edouard Manet,48.78281,2.464122,Plein jour,En agglomération,Intersection en T,Pluie légère,Autre collision,4,2,2,0,1,1,2,6,1,50,,2,1,0,0,1,82.0,,,,1,2,3,2,6
202100010360,2021-10-28 17:00:00,2021,10,28,17,0,94,94068,GENERAL GIRAUD (BD DU),48.79339,2.47863,Plein jour,En agglomération,Intersection en X,Temps éblouissant,Autre collision,4,-1,2,0,1,1,1,6,1,30,,2,1,0,0,1,72.0,,,,1,2,2,7,6
202100010361,2021-10-29 19:50:00,2021,10,29,19,50,94,94073,GEORGES HALGOULT (R),48.7604412986,2.3994555645,Nuit avec éclairage allumé,En agglomération,Intersection en X,Normale,Deux véhicules - côté,3,2,2,3,1,2,2,5,6,50,,2,1,0,0,1,50.0,23.0,,,5,2,2,1,3
202100010362,2021-10-29 10:20:00,2021,10,29,10,20,94,94073,Avenue de l’Europe,48.75658,2.36912,Plein jour,En agglomération,Autre intersection,Normale,Deux véhicules - côté,4,2,4,0,1,1,1,9,1,50,,2,1,0,0,1,53.0,24.0,,,1,2,9,1,3
202100010363,2021-10-28 19:30:00,2021,10,28,19,30,94,94028,Rue de la Basse Quinte,48.7745661383,2.4417757988,Crépuscule ou aube,En agglomération,Hors intersection,Normale,Autre collision,4,-1,1,0,1,1,1,0,1,50,,2,1,0,0,1,50.0,,,,2,2,1,1,6
202100010364,2021-10-28 18:30:00,2021,10,28,18,30,94,94028,Avenue du Général de Gaulle,48.79867,2.45115,Crépuscule ou aube,En agglomération,Hors intersection,Normale,Deux véhicules - frontale,3,1,2,0,2,1,1,0,1,50,,2,1,0,0,1,18.0,59.0,,,2,2,1,1,1
202100010365,2021-10-29 20:00:00,2021,10,29,20,0,94,94073,Boulevard de Stalingrad,48.77065,2.40133,Nuit avec éclairage allumé,En agglomération,Intersection en X,Pluie légère,Deux véhicules - côté,3,3,4,1,1,1,2,2,1,50,,6,5,0,0,1,41.0,20.0,,,5,2,2,2,3
202100010366,2021-10-29 11:45:00,2021,10,29,11,45,94,94073,Boulevard de Stalingrad,48.77336,2.39957,Plein jour,En agglomération,Hors intersection,Normale,Deux véhicules - côté,3,2,4,0,1,1,1,2,1,50,,2,1,0,0,1,29.0,57.0,,,1,2,1,1,3
202100010367,2021-10-28 04:30:00,2021,10,28,4,30,94,94048,Rue des Fouleurs,48.73074,2.55327,Nuit avec éclairage allumé,En agglomération,Intersection en Y,Normale,Autre collision,4,1,1,0,2,2,1,5,1,50,,3,1,0,0,2,,,,,5,2,4,1,6
202100010368,2021-10-29 14:05:00,2021,10,29,14,5,93,93071,PAIX (AVENUE DE LA),48.9390356505,2.5148505972,Plein jour,En agglomération,Intersection en X,Pluie légère,Deux véhicules - côté,4,2,1,0,1,1,2,0,1,50,,2,1,0,0,1,41.0,53.0,,,1,2,2,2,3
202100010369,2021-10-29 20:00:00,2021,10,29,20,0,93,93070,GABRIEL-PERI (AV),48.91137,2.3337,Nuit avec éclairage allumé,En agglomération,Autre intersection,Pluie légère,Deux véhicules - côté,3,-1,2,0,1,1,2,0,1,50,,2,1,0,0,1,21.0,,,,5,2,9,2,3
202100010370,2021-10-28 17:45:00,2021,10,28,17,45,93,93066,COLONEL FABIEN (AVENUE),48.9448942085,2.3537627008,Plein jour,En agglomération,Hors intersection,Normale,Autre collision,3,1,2,3,1,1,1,0,1,50,,2,1,0,0,1,27.0,,,,1,2,1,1,6
202100010371,2021-10-27 17:25:00,2021,10,27,17,25,93,93066,DE PRESSENSE FRANCIS,48.92311,2.37059,Plein jour,En agglomération,Intersection en X,Normale,Deux véhicules - côté,3,2,-1,0,1,1,1,0,1,50,,3,1,0,0,2,25.0,38.0,,,1,2,2,1,3
202100010372,2021-10-27 16:10:00,2021,10,27,16,10,93,93066,MITERRAND FRANCOIS (AVENUE),48.9181622246,2.3571313876,Plein jour,En agglomération,Intersection en T,Normale,Deux véhicules - côté,3,1,2,3,1,1,1,0,1,50,,2,1,0,1,0,51.0,32.0,,,1,2,3,1,3
202100010373,2021-10-28 17:15:00,2021,10,28,17,15,93,93053,JEAN JAURES (RUE),48.8904207548,2.4523967773,Plein jour,En agglomération,Hors intersection,Normale,Autre collision,3,1,1,0,1,1,1,6,1,30,,2,1,0,0,1,48.0,,,,1,2,1,1,6
202100010374,2021-10-27 20:55:00,2021,10,27,20,55,93,93053,ANATOLE FRANCE (RUE),48.8864484919,2.44685841,Nuit avec éclairage allumé,En agglomération,Hors intersection,Normale,Deux véhicules - frontale,3,2,2,0,2,3,1,0,1,50,,2,1,0,0,1,27.0,24.0,,,5,2,1,1,1
202100010375,2021-10-28 12:40:00,2021,10,28,12,40,93,93063,AVENUE GASTON ROUSSEL,48.893702238,2.4357463924,Plein jour,En agglomération,Autre intersection,Normale,Deux véhicules - côté,3,-1,2,0,1,1,1,0,1,50,,2,1,0,0,1,22.0,26.0,,,1,2,9,1,3
202100010376,2021-10-29 17:15:00,2021,10,29,17,15,93,93047,JEAN JAURES (AVENUE),48.89867,2.55003,Plein jour,En agglomération,Hors intersection,Pluie légère,Deux véhicules - côté,3,2,2,2,1,1,2,0,5,50,,2,1,0,0,1,17.0,51.0,,,1,2,1,2,3
202100010377,2021-10-29 09:10:00,2021,10,29,9,10,93,93005,CHARLES GOUPPY (RUE),48.9420056734,2.4977325894,Plein jour,En agglomération,Hors intersection,Normale,Autre collision,3,2,2,0,1,1,1,0,1,50,,12,1,0,0,11,24.0,,,,1,2,1,1,6
202100010378,2021-10-29 12:20:00,2021,10,29,12,20,93,93001,DANIELLE CASANOVA (RUE)  59 =>,48.9237047472,2.3692381382,Plein jour,En agglomération,Autre intersection,Pluie légère,Autre collision,3,2,3,3,1,1,2,0,1,50,,2,1,0,0,1,47.0,,,,1,2,9,2,6
202100010379,2021-10-28 16:25:00,2021,10,28,16,25,92,92022,SALENGRO (AVENUE ROGER),48.81763,2.19644,Plein jour,En agglomération,Hors intersection,Temps éblouissant,Autre collision,3,2,4,1,1,1,1,0,1,50,,2,1,1,0,0,33.0,,,,1,2,1,7,6
202100010380,2021-10-29 15:40:00,2021,10,29,15,40,92,92062,DE DION BOUTON (QUAI) DU 1 AU 28,48.880874,2.245695,Plein jour,En agglomération,Hors intersection,Pluie légère,Trois véhicules et plus - collisions multiples,3,1,2,0,1,1,2,0,3,50,,4,3,0,0,1,41.0,42.0,,,1,2,1,2,5
202100010381,2021-10-28 17:50:00,2021,10,28,17,50,92,92049,PERIER RUE N°1 A 33 ET 2 A 26,48.813519,2.318269,Plein jour,En agglomération,Hors intersection,Normale,Deux véhicules - côté,4,2,2,0,1,1,1,0,1,50,,2,1,0,0,1,38.0,83.0,,,1,2,1,1,3
202100010382,2021-10-29 15:25:00,2021,10,29,15,25,92,92040,RODIN (BOULEVARD),48.82058,2.26311,Plein jour,En agglomération,Hors intersection,Pluie légère,Autre collision,3,-1,2,0,2,3,2,0,1,50,,1,0,0,1,0,19.0,,,,1,2,1,2,6
202100010383,2021-10-29 12:45:00,2021,10,29,12,45,92,92040,Rue Camille Desmoulins,48.8298062073,2.2647634149,Plein jour,En agglomération,Hors intersection,Pluie légère,Sans collision,4,4,2,0,1,1,2,9,1,20,,1,0,0,0,1,55.0,,,,1,2,1,2,7
202100010384,2021-10-29 16:00:00,2021,10,29,16,0,92,92036,CAMELINAT (BOULEVARD) (1/47),48.928372,2.299047,Plein jour,En agglomération,Hors intersection,Pluie légère,Sans collision,3,2,2,0,1,1,2,0,1,50,,1,0,0,0,1,18.0,,,,1,2,1,2,7
202100010385,2021-10-29 00:30:00,2021,10,29,0,30,92,92024,VICTOR HUGO (BD),48.8994241727,2.3136810731,Nuit avec éclairage allumé,En agglomération,Hors intersection,Normale,Sans collision,3,2,2,0,1,1,1,0,1,30,,1,0,0,0,1,37.0,,,,5,2,1,1,7
202100010386,2021-10-28 22:40:00,2021,10,28,22,40,92,92024,GENERAL LECLERC (RUE DU) DE (59 ET PLUS),48.9053480213,2.3102394777,Nuit avec éclairage allumé,En agglomération,Intersection en X,Normale,Autre collision,4,2,2,1,1,1,1,5,8,50,,2,1,0,0,1,61.0,,,,5,2,2,1,6
202100010387,2021-10-29 17:52:00,2021,10,29,17,52,92,92023,GENERAL DE GAULLE (AV DU) N°440 A 544 ET,48.7885588615,2.2593346238,Plein jour,En agglomération,Hors intersection,Pluie légère,Autre collision,3,-1,2,0,1,1,2,0,1,50,,2,1,0,0,1,31.0,,,,1,2,1,2,6
202100010388,2021-10-29 16:05:00,2021,10,29,16,5,92,92012,BONTEMPS (rue Marcel),48.8263545059,2.24002745,Plein jour,En agglomération,Hors intersection,Pluie forte,Sans collision,4,2,2,0,1,1,2,0,1,50,,1,0,0,0,1,50.0,,,,1,2,1,3,7
202100010389,2021-10-29 13:30:00,2021,10,29,13,30,92,92004,PIERRE BROSSOLETTE,48.9112177214,2.2932667785,Plein jour,En agglomération,Autre intersection,Pluie légère,Deux véhicules - frontale,3,2,2,0,1,1,2,0,1,50,,2,1,0,0,1,49.0,44.0,,,1,2,9,2,1
202100010390,2021-10-30 15:45:00,2021,10,30,15,45,01,01443,Rue de Dombes,46.001284,5.022844,Plein jour,En agglomération,Hors intersection,Normale,Deux véhicules - côté,3,2,2,0,1,2,1,0,1,50,,3,2,0,0,1,32.0,63.0,,,1,2,1,1,3
202100010391,2021-10-25 07:20:00,2021,10,25,7,20,91,91079,D721,48.373659,2.164725,Nuit sans éclairage public,Hors agglomération,Intersection en X,Pluie légère,Deux véhicules - côté,3,2,2,0,4,1,2,3,1,-1,,2,1,0,1,0,26.0,35.0,,,3,1,2,2,3
202100010392,2021-10-29 19:00:00,2021,10,29,19,0,41,41223,D32,47.613989,1.221757,Nuit sans éclairage public,Hors agglomération,Hors intersection,Pluie légère,Sans collision,3,2,2,0,1,3,2,0,3,90,,1,0,0,1,0,26.0,,,,3,1,1,2,7
202100010393,2021-10-29 12:30:00,2021,10,29,12,30,83,83107,A8 PK 121+700,43.4592532005,6.6005086899,Plein jour,Hors agglomération,Hors intersection,Normale,Trois véhicules et plus - collisions multiples,1,3,3,0,1,1,1,0,1,130,,7,0,0,0,7,36.0,29.0,,,1,1,1,1,5
202100010394,2021-10-29 18:30:00,2021,10,29,18,30,972,97210,RN6,14.612602,-60.918342,Nuit sans éclairage public,Hors agglomération,Hors intersection,Normale,Deux véhicules - côté,2,2,2,0,1,1,1,0,1,80,,2,1,0,1,0,62.0,25.0,,,3,1,1,1,3
202100010395,2021-10-29 11:50:00,2021,10,29,11,50,12,12131,D988,44.410478,2.637255,Plein jour,Hors agglomération,Hors intersection,Normale,Autre collision,3,2,3,0,2,1,1,0,3,80,,1,0,1,0,0,74.0,,,,1,1,1,1,6
202100010396,2021-10-30 07:00:00,2021,10,30,7,0,22,22259,rn 176 PR 013+180,48.460387,-2.071888,Nuit sans éclairage public,Hors agglomération,Hors intersection,Pluie forte,Sans collision,2,3,4,0,1,1,2,0,8,110,,1,0,0,1,0,26.0,,,,3,1,1,3,7
202100010397,2021-10-30 01:55:00,2021,10,30,1,55,48,48099,A75 PR 157+757,44.542354,3.257151,Nuit sans éclairage public,Hors agglomération,Hors intersection,Pluie légère,Autre collision,1,3,4,0,2,3,2,0,1,130,,4,3,0,0,1,23.0,,,,3,1,1,2,6
202100010398,2021-10-29 15:00:00,2021,10,29,15,0,91,91225,N6,48.660795,2.517307,Plein jour,Hors agglomération,Hors intersection,Pluie légère,Deux véhicules - arrière,2,1,1,0,3,1,2,0,6,-1,,2,1,0,0,1,49.0,31.0,,,1,1,1,2,2
202100010399,2021-09-02 15:30:00,2021,9,2,15,30,51,51287,D386,49.0933360557,3.9403481312,Plein jour,Hors agglomération,Hors intersection,Normale,Sans collision,3,2,2,0,1,1,1,0,3,80,,1,0,0,0,1,28.0,,,,1,1,1,1,7
202100010400,2021-10-29 21:00:00,2021,10,29,21,0,56,56136,Bécihan,47.862928,-2.184885,Nuit sans éclairage public,Hors agglomération,Hors intersection,Pluie légère,Autre collision,3,2,2,0,2,2,2,0,3,80,,1,0,0,1,0,18.0,,,,3,1,1,2,6
202100010401,2021-10-29 23:55:00,2021,10,29,23,55,2B,2B343,Cruciata,42.493587,9.472371,Nuit sans éclairage public,En agglomération,Hors intersection,Normale,Autre collision,2,2,2,0,1,2,1,0,3,50,,1,0,0,1,0,33.0,,,,3,2,1,1,6
202100010402,2021-10-26 15:10:00,2021,10,26,15,10,82,82112,51 Avenue de Gascogne,44.1013720109,1.0736951675,Plein jour,En agglomération,Hors intersection,Normale,Deux véhicules - frontale,3,2,2,0,1,1,1,0,1,50,,4,3,0,1,0,49.0,91.0,,,1,2,1,1,1
202100010403,2021-10-29 11:50:00,2021,10,29,11,50,11,11304,D117,42.879423,2.168941,Plein jour,Hors agglomération,Hors intersection,Normale,Sans collision,3,2,2,0,2,3,6,0,1,80,,1,0,0,1,0,35.0,,,,1,1,1,1,7
202100010404,2021-10-29 21:50:00,2021,10,29,21,50,63,63207,"Route départementale 40,",45.658043,3.675013,Nuit avec éclairage allumé,Hors agglomération,Hors intersection,Normale,Autre collision,3,2,2,0,1,3,1,0,1,80,,5,1,1,0,3,18.0,,,,5,1,1,1,6
202100010405,2021-10-30 11:10:00,2021,10,30,11,10,76,76435,D78,49.9668875276,1.4559657289,Plein jour,Hors agglomération,Hors intersection,Temps couvert,Sans collision,3,2,2,0,1,1,2,0,3,70,,2,1,0,1,0,48.0,,,,1,1,1,8,7
202100010406,2021-10-30 00:45:00,2021,10,30,0,45,49,49223,7 Rampe d Érigné,47.405773,-0.526018,Nuit sans éclairage public,En agglomération,Hors intersection,Normale,Autre collision,3,2,2,0,1,2,2,0,1,50,,1,0,0,0,1,26.0,,,,3,2,1,1,6
202100010407,2021-10-30 06:30:00,2021,10,30,6,30,42,42172,Route de Bourg-Argental,45.3795341162,4.4397651988,Nuit sans éclairage public,Hors agglomération,Hors intersection,Vent fort / tempête,Autre collision,3,2,2,0,2,2,2,0,3,80,,1,0,0,1,0,24.0,,,,3,1,1,6,6
202100010408,2021-10-28 12:20:00,2021,10,28,12,20,44,44029,boulevard pasteur,47.267433,-1.342027,Plein jour,En agglomération,Giratoire,Normale,Deux véhicules - côté,3,1,1,0,1,1,1,5,1,50,,2,1,0,1,0,65.0,,,,1,2,6,1,3
202100010409,2021-10-29 17:40:00,2021,10,29,17,40,01,01266,Route de Bourg,46.3361060524,5.1291641593,Plein jour,En agglomération,Intersection en X,Normale,Sans collision,3,2,3,0,1,1,1,0,1,50,,4,3,0,0,1,53.0,23.0,,,1,2,2,1,7
202100010410,2021-10-30 16:25:00,2021,10,30,16,25,14,14623,RD 562 A,49.109121,-0.374222,Plein jour,En agglomération,Hors intersection,Normale,Deux véhicules - côté,3,3,2,0,1,1,1,0,1,50,,2,1,0,1,0,24.0,35.0,,,1,2,1,1,3
202100010411,2021-10-29 14:45:00,2021,10,29,14,45,05,05132,Avenue Premongil,44.678003,6.082909,Plein jour,En agglomération,Hors intersection,Normale,Autre collision,4,2,2,0,2,1,1,0,1,50,,2,1,0,0,1,36.0,,,,1,2,1,1,6
202100010412,2021-10-29 15:00:00,2021,10,29,15,0,83,83012,RD 560,43.5528922371,5.9974837303,Plein jour,Hors agglomération,Hors intersection,Normale,Autre collision,3,2,2,0,1,1,1,0,3,-1,,1,0,0,1,0,64.0,,,,1,1,1,1,6
202100010413,2021-10-29 23:50:00,2021,10,29,23,50,07,07181,D104,44.756036,4.765052,Nuit sans éclairage public,Hors agglomération,Hors intersection,Pluie légère,Sans collision,3,2,2,0,1,1,2,0,3,80,,1,0,0,1,0,17.0,,,,3,1,1,2,7
202100010414,2021-10-29 23:20:00,2021,10,29,23,20,53,53158,La Guéfrie,48.028642,-0.935994,Nuit sans éclairage public,Hors agglomération,Hors intersection,Normale,Sans collision,3,2,2,0,1,3,2,0,3,80,,1,0,0,1,0,62.0,,,,3,1,1,1,7
202100010415,2021-10-29 21:15:00,2021,10,29,21,15,24,24352,3bis Rue du 26 Mars 1944,45.248255,0.34012,Nuit avec éclairage allumé,En agglomération,Intersection en X,Temps couvert,Autre collision,4,1,-1,-1,2,1,2,0,4,-1,,1,0,0,0,1,60.0,,,,5,2,2,8,6
202100010416,2021-10-29 13:43:00,2021,10,29,13,43,04,04160,RD 4100,43.8661767535,5.6843733788,Plein jour,Hors agglomération,Hors intersection,Normale,Autre collision,3,2,2,0,1,1,1,0,1,80,,3,1,0,1,1,79.0,43.0,,,1,1,1,1,6
202100010417,2021-10-29 15:00:00,2021,10,29,15,0,04,04219,RD 908,44.0560785193,6.5786862373,Plein jour,Hors agglomération,Hors intersection,Temps couvert,Sans collision,3,2,2,0,1,1,1,0,8,80,,1,0,0,1,0,61.0,,,,1,1,1,8,7
202100010418,2021-10-29 19:35:00,2021,10,29,19,35,85,85234,D205,46.795823,-2.0106755,Nuit sans éclairage public,Hors agglomération,Giratoire,Normale,Autre collision,3,2,2,0,1,1,1,0,3,80,,1,0,0,0,1,36.0,,,,3,1,6,1,6
202100010419,2021-10-30 16:15:00,2021,10,30,16,15,85,85024,32 Rue de la Gare,46.938079,-1.87193,Plein jour,En agglomération,Hors intersection,Normale,Autre collision,3,2,2,0,1,1,1,0,3,50,,3,0,0,1,2,43.0,,,,1,2,1,1,6
202100010420,2021-10-29 21:15:00,2021,10,29,21,15,28,28191,Route de Gallardon,48.594107,1.678017,Nuit avec éclairage non allumé,En agglomération,Hors intersection,Normale,Deux véhicules - frontale,3,3,4,0,3,1,1,0,1,50,,2,1,0,1,0,53.0,,,,4,2,1,1,1
202100010421,2021-10-29 15:45:00,2021,10,29,15,45,52,52386,Perthes,48.660837,4.805617,Plein jour,Hors agglomération,Hors intersection,Normale,Sans collision,2,3,4,0,1,1,1,0,1,110,,1,0,0,1,0,48.0,,,,1,1,1,1,7
202100010422,2021-10-29 16:41:00,2021,10,29,16,41,35,35352,rond point du Pâtis Fraux,48.044693,-1.607695,Plein jour,Hors agglomération,Giratoire,Normale,Deux véhicules - côté,7,4,4,0,2,2,1,5,1,70,,2,1,0,0,1,21.0,45.0,,,1,1,6,1,3
202100010423,2021-10-29 19:30:00,2021,10,29,19,30,973,97309,RD 23,4.892423,-52.289665,Nuit sans éclairage public,Hors agglomération,Hors intersection,Normale,Deux véhicules - côté,3,2,2,0,1,1,1,0,1,80,,2,1,1,0,0,36.0,65.0,,,3,1,1,1,3
202100010424,2021-10-29 23:20:00,2021,10,29,23,20,987,98738,PK 8+200,-17.60476,-149.613168,Nuit avec éclairage allumé,Hors agglomération,Hors intersection,Normale,Deux véhicules - arrière,9,1,2,0,1,1,1,0,1,50,,2,1,0,1,0,35.0,34.0,,,5,1,1,1,2
202100010425,2021-10-27 11:22:00,2021,10,27,11,22,987,98745,TAPUAMU,-16.630833,-151.504028,Plein jour,En agglomération,Intersection en T,Pluie forte,Deux véhicules - côté,2,2,2,0,1,1,2,0,1,40,,3,0,0,1,2,23.0,16.0,,,1,2,3,3,3
202100010426,2021-10-29 12:35:00,2021,10,29,12,35,06,06085,A8,43.578106,6.984534,Plein jour,Hors agglomération,Hors intersection,Normale,Deux véhicules - arrière,1,3,1,0,1,1,1,0,1,-1,,3,1,0,1,1,20.0,,,,1,1,1,1,2
202100010427,2021-10-30 19:22:00,2021,10,30,19,22,33,33164,A62,44.559905,-0.292003,Nuit sans éclairage public,Hors agglomération,Hors intersection,Pluie légère,Deux véhicules - frontale,1,3,4,0,1,1,2,0,1,130,,3,2,1,0,0,40.0,34.0,,,3,1,1,2,1
202100010428,2021-10-29 21:20:00,2021,10,29,21,20,69,69077,"AUTOROUTE A6 PK 403,300 SENS PARIS-LYON",46.148517,4.769955,Nuit sans éclairage public,Hors agglomération,Hors intersection,Normale,Trois véhicules et plus - en chaîne,1,1,3,0,1,1,1,0,1,130,,10,0,1,2,7,21.0,46.0,,,3,1,1,1,4
202100010429,2021-10-29 20:40:00,2021,10,29,20,40,77,77477,"Autoroute A6, PK 060+800, dans le sens de circulation Paris/province",48.340363,2.5911,Nuit sans éclairage public,Hors agglomération,Hors intersection,Pluie légère,Deux véhicules - côté,1,3,5,0,1,1,2,0,1,130,,4,3,0,0,1,40.0,,,,3,1,1,2,3
202100010430,2021-10-29 21:35:00,2021,10,29,21,35,33,33229,,44.77837,-1.018244,Nuit sans éclairage public,Hors agglomération,Giratoire,Normale,Deux véhicules - arrière,3,3,4,0,1,1,1,0,1,80,,2,0,0,0,2,28.0,39.0,,,3,1,6,1,2
202100010431,2021-10-29 07:05:00,2021,10,29,7,5,77,77031,D201a,48.684005,2.938585,Nuit sans éclairage public,Hors agglomération,Hors intersection,Normale,Deux véhicules - côté,3,1,1,0,2,3,2,3,1,80,,2,0,0,1,1,18.0,33.0,,,3,1,1,1,3
202100010432,2021-10-29 13:05:00,2021,10,29,13,5,78,78033,D191,48.928611,1.847522,Plein jour,En agglomération,Intersection en T,Pluie légère,Deux véhicules - arrière,3,2,2,0,1,1,2,5,1,50,,2,1,0,1,0,40.0,88.0,,,1,2,3,2,2
202100010433,2021-10-30 02:20:00,2021,10,30,2,20,34,34249,Avenue de la Méditeranée D54,43.728272,3.983316,Nuit sans éclairage public,Hors agglomération,Hors intersection,Pluie légère,Autre collision,7,4,2,0,1,1,2,0,3,80,,1,0,0,0,1,40.0,,,,3,1,1,2,6
202100010434,2021-10-30 10:30:00,2021,10,30,10,30,05,05038,D947,44.767715,6.832021,Plein jour,Hors agglomération,Hors intersection,Pluie légère,Deux véhicules - frontale,3,2,2,0,1,1,2,0,1,90,,5,1,0,1,3,30.0,44.0,,,1,1,1,2,1
202100010435,2021-10-30 05:47:00,2021,10,30,5,47,13,13007,D45a,43.330095,5.682807,Nuit sans éclairage public,Hors agglomération,Hors intersection,Pluie légère,Autre collision,7,2,2,0,1,1,2,0,8,-1,,1,0,0,1,0,20.0,,,,3,1,1,2,6
202100010436,2021-10-29 11:50:00,2021,10,29,11,50,13,13022,D559 PR025.300,43.214872,5.580797,Plein jour,Hors agglomération,Hors intersection,Normale,Deux véhicules - frontale,7,2,2,0,2,3,1,0,1,80,,3,2,0,1,0,41.0,31.0,,,1,1,1,1,1
202100010437,2021-10-29 13:25:00,2021,10,29,13,25,13,13072,D908,43.420448,5.617082,Plein jour,Hors agglomération,Hors intersection,Normale,Sans collision,7,-1,2,0,2,3,1,0,8,80,,1,0,1,0,0,74.0,,,,1,1,1,1,7
202100010438,2021-10-29 07:38:00,2021,10,29,7,38,71,71555,D906,46.714161,4.863856,Crépuscule ou aube,En agglomération,Hors intersection,Normale,Deux véhicules - côté,3,2,2,0,1,1,1,0,1,70,,4,3,0,0,1,51.0,19.0,,,2,2,1,1,3
202100010439,2021-10-15 16:00:00,2021,10,15,16,0,21,21292,6 Rue de Franche-Comté,47.241439,5.223398,Plein jour,En agglomération,Hors intersection,Temps éblouissant,Autre collision,3,2,2,0,1,1,1,0,1,50,,2,1,0,0,1,66.0,,,,1,2,1,7,6
202100010440,2021-10-29 21:30:00,2021,10,29,21,30,52,52449,ROUTE DE DIJON,47.836241,5.331003,Nuit avec éclairage allumé,En agglomération,Intersection en T,Normale,Deux véhicules - frontale,3,2,2,0,1,1,1,0,1,50,,2,1,0,0,1,41.0,55.0,,,5,2,3,1,1
202100010441,2021-10-22 09:50:00,2021,10,22,9,50,67,67067,3 Rue Jacques Kablé,48.730835,7.708811,Plein jour,En agglomération,Hors intersection,Temps éblouissant,Autre collision,3,2,2,0,1,1,1,0,1,50,,2,1,0,0,1,71.0,,,,1,2,1,7,6
202100010442,2021-10-30 08:21:00,2021,10,30,8,21,38,38382,Avenue de Karben,45.24276,5.670689,Crépuscule ou aube,En agglomération,Intersection en X,Normale,Deux véhicules - côté,7,2,2,2,1,1,1,0,1,50,,2,1,0,1,0,25.0,18.0,,,2,2,2,1,3
202100010443,2021-10-29 17:20:00,2021,10,29,17,20,69,69069,TOURETTE (DE LA) (R),45.745918,4.732394,Plein jour,En agglomération,Intersection en T,Normale,Deux véhicules - côté,4,2,2,0,1,1,1,0,1,50,,2,1,0,1,0,56.0,40.0,,,1,2,3,1,3
202100010444,2021-10-27 17:25:00,2021,10,27,17,25,49,49020,Chemin Rural Dit du Pont,47.457962,-0.641436,Plein jour,Hors agglomération,Hors intersection,Normale,Deux véhicules - frontale,4,2,2,0,1,1,1,0,1,50,,3,2,0,1,0,53.0,65.0,,,1,1,1,1,1
202100010445,2021-10-29 14:00:00,2021,10,29,14,0,22,22093,D14 Le Tertre Hello Saint-Aaron,48.494796,-2.499046,Plein jour,Hors agglomération,Hors intersection,Normale,Deux véhicules - frontale,3,2,2,0,2,3,1,0,1,80,,3,0,0,1,2,25.0,19.0,,,1,1,1,1,1
202100010446,2021-10-29 17:42:00,2021,10,29,17,42,35,35218,Le Pont,47.927048,-1.616825,Plein jour,Hors agglomération,Intersection en X,Normale,Deux véhicules - côté,3,2,2,0,4,1,1,5,1,80,,3,2,0,0,1,35.0,38.0,,,1,1,2,1,3
202100010447,2021-10-29 12:00:00,2021,10,29,12,0,76,76385,Route de Pavilly,49.59889,0.94486,Plein jour,Hors agglomération,Hors intersection,Normale,Sans collision,3,2,2,0,1,1,2,0,3,80,,1,0,1,0,0,75.0,,,,1,1,1,1,7
202100010448,2021-10-30 08:25:00,2021,10,30,8,25,60,60257,RD 923,49.25628,1.990392,Plein jour,Hors agglomération,Hors intersection,Pluie légère,Deux véhicules - frontale,3,2,2,0,1,2,2,0,1,80,,5,0,0,1,4,19.0,19.0,,,1,1,1,2,1
202100010449,2021-10-29 16:30:00,2021,10,29,16,30,13,13215,A7-Sens Marseille vers Lyon,43.358262,5.362681,Plein jour,Hors agglomération,Hors intersection,Normale,Deux véhicules - arrière,1,1,3,0,1,1,1,0,1,90,,2,1,0,0,1,28.0,62.0,,,1,1,1,1,2
202100010450,2021-10-22 18:35:00,2021,10,22,18,35,13,13210,A50-Sens Marseille vers Aubagne,43.284798,5.417631,Plein jour,Hors agglomération,Hors intersection,Normale,Deux véhicules - arrière,1,1,3,0,1,1,1,0,1,90,,2,1,0,0,1,60.0,,,,1,1,1,1,2