accident_id,datetime,annee,mois,jour,heure,minute,departement,commune_insee,adresse,latitude,longitude,luminosite,agglomeration,intersection,meteo,collision,catr,circ,nbv,vosp,prof,plan,surf,infra,situ,vma,nb_vehicules,nb_usagers,nb_indemnes,nb_tues,nb_blesses_hosp,nb_blesses_legers,age_cond_1,age_cond_2,veh_type_cond_1,veh_type_cond_2,lum_code,agg_code,int_code,atm_code,col_code
202100010451,2021-10-28 19:45:00,2021,10,28,19,45,69,69029,A43   3.353 A 3.865,45.7275047962,4.909052543,Nuit sans éclairage public,Hors agglomération,Hors intersection,Normale,Deux véhicules - arrière,1,3,6,0,1,1,1,0,1,70,,2,1,0,0,1,,25.0,,,3,1,1,1,2
202100010452,2021-10-23 11:20:00,2021,10,23,11,20,69,69266,D383   3.750 A 7.640,45.7702595719,4.9027387798,Plein jour,Hors agglomération,Hors intersection,Normale,Deux véhicules - arrière,7,3,4,0,1,1,1,0,1,70,,4,3,0,0,1,40.0,50.0,,,1,1,1,1,2
202100010453,2021-10-28 11:45:00,2021,10,28,11,45,42,42186,A47,45.5256059548,4.6026885509,Plein jour,Hors agglomération,Hors intersection,Normale,Deux véhicules - côté,1,3,4,0,1,1,1,0,1,90,,3,1,0,0,2,28.0,64.0,,,1,1,1,1,3
202100010454,2021-06-22 05:50:00,2021,6,22,5,50,57,57226,Autoroute A30,49.3424584,5.9917608,Nuit sans éclairage public,Hors agglomération,Hors intersection,Normale,Sans collision,1,1,4,0,1,1,1,0,8,90,,1,0,1,0,0,54.0,,,,3,1,1,1,7
202100010455,2021-10-29 18:20:00,2021,10,29,18,20,92,92002,AUTOROUTE A86,48.7606003263,2.2855849717,Plein jour,Hors agglomération,Hors intersection,Normale,Deux véhicules - côté,2,3,4,0,2,1,2,0,1,90,,2,1,0,0,1,46.0,25.0,,,1,1,1,1,3
202100010456,2021-10-29 13:55:00,2021,10,29,13,55,94,94034,AUTOROUTE A86,48.760209,2.320581,Plein jour,Hors agglomération,Hors intersection,Pluie légère,Deux véhicules - côté,1,3,4,0,2,1,2,1,1,70,,2,1,0,0,1,22.0,29.0,,,1,1,1,2,3
202100010457,2021-10-29 13:30:00,2021,10,29,13,30,91,91661,AUTOROUTE A10,48.6977,2.2407,Plein jour,Hors agglomération,Hors intersection,Pluie légère,Deux véhicules - arrière,1,3,6,0,1,1,2,0,1,90,,2,1,0,0,1,39.0,54.0,,,1,1,1,2,2
202100010458,2021-10-29 13:40:00,2021,10,29,13,40,91,91687,AUTOROUTE A6,48.6591,2.37405,Plein jour,Hors agglomération,Hors intersection,Pluie légère,Sans collision,1,1,3,0,1,1,2,0,1,110,,1,0,0,0,1,47.0,,,,1,1,1,2,7
202100010459,2021-10-29 08:30:00,2021,10,29,8,30,91,91377,AUTOROUTE A10,48.72797,2.30404,Plein jour,Hors agglomération,Hors intersection,Normale,Deux véhicules - côté,1,3,6,0,1,1,1,0,1,110,,2,1,0,0,1,46.0,35.0,,,1,1,1,1,3
202100010460,2021-10-29 19:10:00,2021,10,29,19,10,93,93027,AUTOROUTE A86,48.92843,2.41269,Crépuscule ou aube,Hors agglomération,Hors intersection,Pluie légère,Sans collision,1,3,4,0,4,2,2,0,1,70,,3,0,0,0,3,19.0,,,,2,1,1,2,7
202100010461,2021-10-29 16:15:00,2021,10,29,16,15,93,93027,AUTOROUTE A86,48.9283642663,2.4146747589,Plein jour,Hors agglomération,Hors intersection,Pluie légère,Sans collision,1,1,3,0,2,2,2,0,1,90,,1,0,0,0,1,19.0,,,,1,1,1,2,7
202100010462,2021-10-29 11:10:00,2021,10,29,11,10,92,92036,AUTOROUTE A86,48.9383700387,2.3001401108,Plein jour,Hors agglomération,Hors intersection,Normale,Deux véhicules - côté,1,1,2,0,1,1,1,0,1,70,,2,1,0,0,1,25.0,22.0,,,1,1,1,1,3
202100010463,2021-10-29 10:35:00,2021,10,29,10,35,93,93066,AUTOROUTE A86,48.92374,2.34225,Plein jour,Hors agglomération,Hors intersection,Normale,Sans collision,1,-1,6,0,1,2,1,0,1,70,,1,0,0,0,1,36.0,,,,1,1,1,1,7
202100010464,2021-10-29 12:35:00,2021,10,29,12,35,94,94052,A86.EXT,48.8379348271,2.4939608574,Plein jour,Hors agglomération,Hors intersection,Pluie légère,Deux véhicules - arrière,1,1,3,0,1,1,2,1,1,90,,2,1,0,0,1,25.0,50.0,,,1,1,1,2,2
202100010465,2021-10-28 13:00:00,2021,10,28,13,0,94,94017,Avenue de la République,48.822142545,2.5106549263,Plein jour,En agglomération,Autre intersection,Normale,Autre collision,3,3,2,0,1,1,1,0,1,50,,2,1,0,0,1,,,,,1,2,9,1,6
202100010466,2021-08-27 20:00:00,2021,8,27,20,0,34,34016,A750 -PK:20,43.6255,3.647868,Plein jour,Hors agglomération,Hors intersection,Normale,Trois véhicules et plus - en chaîne,1,3,2,0,2,1,1,0,1,130,,9,7,0,0,2,23.0,32.0,,,1,1,1,1,4
202100010467,2021-10-28 18:20:00,2021,10,28,18,20,976,97611,m'tsapere-Maeventana (rue),-12.78782,45.21858,Nuit avec éclairage allumé,En agglomération,Autre intersection,Normale,Deux véhicules - côté,4,2,2,0,1,3,1,0,1,50,,2,1,0,1,0,27.0,,,,5,2,9,1,3
202100010468,2021-10-27 19:15:00,2021,10,27,19,15,974,97411,LAGRANGE (RUE LEO),-20.90463,55.48172,Nuit avec éclairage allumé,En agglomération,Intersection en X,Normale,Deux véhicules - frontale,4,2,2,0,4,3,1,0,1,50,,2,1,0,0,1,43.0,11.0,,,5,2,2,1,1
202100010469,2021-08-25 19:46:00,2021,8,25,19,46,973,97302,MONTABO (ROUTE DE) 4,4.93468,-52.2919,Plein jour,En agglomération,Intersection en T,Normale,Deux véhicules - côté,3,2,2,0,1,2,1,0,5,70,,2,1,0,1,0,19.0,35.0,,,1,2,3,1,3
202100010470,2021-10-28 17:45:00,2021,10,28,17,45,69,69259,CLOS VERGER (DU) (R),45.7217136949,4.8940175772,Crépuscule ou aube,Hors agglomération,Autre intersection,Normale,Deux véhicules - côté,4,2,2,0,1,1,1,0,1,30,,2,1,0,0,1,43.0,72.0,,,2,1,9,1,3
202100010471,2021-10-27 11:20:00,2021,10,27,11,20,69,69259,AMBROISE CROIZAT (BD),45.70042,4.88773,Plein jour,En agglomération,Intersection en X,Normale,Autre collision,7,2,4,0,1,1,1,0,1,50,,2,1,0,0,1,60.0,,,,1,2,2,1,6
202100010472,2021-10-28 13:25:00,2021,10,28,13,25,69,69382,TILSITT (Q),45.755197,4.82593,Plein jour,En agglomération,Hors intersection,Normale,Autre collision,4,1,3,0,1,1,1,5,1,50,,2,1,0,0,1,29.0,,,,1,2,1,1,6
202100010473,2021-10-27 09:20:00,2021,10,27,9,20,69,69034,LAVOISIER (R),45.7956447751,4.8469544842,Plein jour,En agglomération,Hors intersection,Normale,Deux véhicules - côté,4,2,2,1,2,1,1,0,1,30,,2,1,0,0,1,52.0,35.0,,,1,2,1,1,3
202100010474,2021-10-28 00:15:00,2021,10,28,0,15,69,69389,ST CYR (DE) (R),45.78359,4.80797,Nuit avec éclairage allumé,En agglomération,Hors intersection,Normale,Deux véhicules - arrière,4,2,0,0,1,1,1,0,1,50,,3,2,0,1,0,,19.0,,,5,2,1,1,2
202100010475,2021-10-27 17:20:00,2021,10,27,17,20,69,69389,ST PIERRE DE VAISE (R),45.7731,4.8073,Crépuscule ou aube,En agglomération,Hors intersection,Temps éblouissant,Autre collision,4,2,2,0,1,1,1,0,1,50,,2,1,0,0,1,39.0,,,,2,2,1,7,6
202100010476,2021-10-28 14:40:00,2021,10,28,14,40,971,97101,BAZIN,16.26877,-61.49007,Plein jour,Hors agglomération,Hors intersection,Normale,Deux véhicules - frontale,4,2,1,0,2,3,1,0,1,30,,2,1,0,0,1,41.0,53.0,,,1,1,1,1,1
202100010477,2021-10-28 16:00:00,2021,10,28,16,0,2A,2A004,T21,41.92961,8.76144,Plein jour,En agglomération,Giratoire,Normale,Deux véhicules - côté,2,4,2,0,1,2,1,0,1,50,,3,2,0,0,1,25.0,25.0,,,1,2,6,1,3
202100010478,2021-10-28 17:30:00,2021,10,28,17,30,95,95060,REPUBLIQUE (AVENUE DE LA),49.04042,2.20928,Plein jour,En agglomération,Intersection en T,Normale,Trois véhicules et plus - collisions multiples,3,2,2,0,1,1,1,0,1,30,,3,2,0,0,1,39.0,21.0,,,1,2,3,1,5
202100010479,2021-10-28 19:20:00,2021,10,28,19,20,91,91286,ROUTE NATIONALE 7,48.669301,2.394434,Nuit avec éclairage allumé,En agglomération,Hors intersection,Normale,Deux véhicules - arrière,3,3,4,0,1,1,1,0,1,50,,2,1,0,1,0,26.0,58.0,,,5,2,1,1,2
202100010480,2021-10-28 15:30:00,2021,10,28,15,30,91,91326,MONTTESSUY (RUE DE),48.688155,2.384687,Plein jour,En agglomération,Intersection en T,Normale,Autre collision,4,2,2,0,1,1,1,2,1,50,,2,1,0,0,1,88.0,,,,1,2,3,1,6
202100010481,2021-10-28 08:55:00,2021,10,28,8,55,91,91027,AV FRANCOIS MITTERRAND,48.70583,2.37111,Plein jour,En agglomération,Hors intersection,Normale,Autre collision,3,3,2,0,1,1,1,0,8,50,,2,1,0,0,1,34.0,,,,1,2,1,1,6
202100010482,2021-10-27 09:15:00,2021,10,27,9,15,91,91027,AV FRANCOIS MITTERRAND,48.71619,2.37071,Plein jour,En agglomération,Intersection en X,Normale,Deux véhicules - côté,3,2,6,0,1,1,1,0,1,50,,2,1,0,0,1,43.0,41.0,,,1,2,2,1,3
202100010483,2021-10-21 06:05:00,2021,10,21,6,5,91,91521,REMY (RUE ALBERT),48.65381,2.41151,Nuit avec éclairage non allumé,En agglomération,Hors intersection,Pluie forte,Autre collision,3,1,2,0,3,1,2,0,1,70,,2,1,0,0,1,21.0,,,,4,2,1,3,6
202100010484,2021-10-28 06:20:00,2021,10,28,6,20,91,91223,MAI 1945 (AVENUE DU 8),48.43727,2.16334,Nuit avec éclairage allumé,En agglomération,Giratoire,Normale,Deux véhicules - côté,3,1,1,0,1,3,1,5,1,30,,2,1,0,0,1,31.0,34.0,,,5,2,6,1,3
202100010485,2021-10-27 12:05:00,2021,10,27,12,5,86,86194,Grand Rue,46.58264,0.34568,Plein jour,En agglomération,Intersection en X,Normale,Deux véhicules - côté,4,1,1,0,2,1,1,0,1,30,,2,1,0,0,1,42.0,21.0,,,1,2,2,1,3
202100010486,2021-10-24 05:50:00,2021,10,24,5,50,84,84007,FONTCOUVERTE(Avenue de),43.93667,4.8461,Nuit avec éclairage non allumé,En agglomération,Hors intersection,Normale,Autre collision,4,3,4,3,1,1,1,5,4,50,,3,0,1,0,2,19.0,,,,4,2,1,1,6
202100010487,2021-10-27 14:15:00,2021,10,27,14,15,83,83062,DIGNE (AVENUE DE ),43.146444,6.034538,Plein jour,Hors agglomération,Hors intersection,Normale,Deux véhicules - côté,4,2,2,0,1,1,1,0,1,50,,2,1,0,0,1,22.0,21.0,,,1,1,1,1,3
202100010488,2021-10-27 07:45:00,2021,10,27,7,45,81,81065,MELOU (RUE DE),43.591283,2.216655,Crépuscule ou aube,En agglomération,Intersection en T,Normale,Deux véhicules - côté,4,2,2,0,1,1,1,0,1,50,,2,1,0,0,1,44.0,49.0,,,2,2,3,1,3
202100010489,2021-10-26 08:40:00,2021,10,26,8,40,80,80725,ALBERT CAMUS (RUE),49.87115,2.25895,Plein jour,En agglomération,Hors intersection,Normale,Deux véhicules - côté,4,2,2,0,1,1,1,0,1,50,,2,1,0,0,1,19.0,18.0,,,1,2,1,1,3
202100010490,2021-10-26 12:00:00,2021,10,26,12,0,80,80261,PARIS (RUE DE),49.86198,2.27843,Plein jour,En agglomération,Hors intersection,Normale,Autre collision,6,-1,-1,0,1,1,1,0,1,10,,2,1,0,0,1,53.0,,,,1,2,1,1,6
202100010491,2021-10-28 14:50:00,2021,10,28,14,50,77,77479,D934,48.8825750074,2.6367662681,Plein jour,En agglomération,Intersection en T,Normale,Deux véhicules - côté,3,2,2,0,1,1,1,5,1,50,,2,1,0,1,0,21.0,84.0,,,1,2,3,1,3
202100010492,2021-10-28 15:05:00,2021,10,28,15,5,77,77169,BEAUBOURG (BOULEVARD DE),48.81695,2.61688,Plein jour,En agglomération,Hors intersection,Normale,Deux véhicules - arrière,4,2,2,0,1,1,1,0,1,50,,2,1,0,0,1,56.0,56.0,,,1,2,1,1,2
202100010493,2021-10-28 18:05:00,2021,10,28,18,5,77,77186,MONT USSY (RUE DU),48.41481,2.70171,Plein jour,En agglomération,Hors intersection,Normale,Autre collision,4,1,1,0,1,1,1,0,1,50,,2,1,0,0,1,44.0,,,,1,2,1,1,6
202100010494,2021-10-28 16:10:00,2021,10,28,16,10,77,77186,D301,48.38229,2.74713,Plein jour,Hors agglomération,Hors intersection,Normale,Autre collision,3,2,2,0,1,1,1,0,1,80,,2,1,0,0,1,63.0,28.0,,,1,1,1,1,6
202100010495,2021-10-28 20:00:00,2021,10,28,20,0,76,76540,MERIDIENNE. RUE,49.42578,1.08261,Nuit sans éclairage public,En agglomération,Intersection en X,Normale,Trois véhicules et plus - collisions multiples,4,2,3,0,1,1,1,0,1,30,,4,3,0,0,1,31.0,28.0,,,3,2,2,1,5
202100010496,2021-10-27 22:00:00,2021,10,27,22,0,76,76351,RENE COTY,49.49814,0.11564,Nuit avec éclairage allumé,En agglomération,Hors intersection,Normale,Sans collision,4,2,2,0,1,1,1,0,1,30,,1,0,0,1,0,26.0,,,,5,2,1,1,7
202100010497,2021-10-28 15:40:00,2021,10,28,15,40,76,76026,RD 54B,49.87597,1.11733,Plein jour,Hors agglomération,Giratoire,Normale,Deux véhicules - côté,3,1,2,0,1,2,1,9,1,80,,2,1,0,0,1,39.0,37.0,,,1,1,6,1,3
202100010498,2021-10-28 08:30:00,2021,10,28,8,30,71,71059,PASTEUR (RUE LOUIS),46.8106,4.47494,Plein jour,En agglomération,Hors intersection,Brouillard / fumée,Sans collision,4,2,2,0,4,1,2,0,1,50,,1,0,0,0,1,32.0,,,,1,2,1,5,7
202100010499,2021-10-27 16:30:00,2021,10,27,16,30,71,71076,Avenue Edouard Herriot,46.79688,4.86846,Plein jour,En agglomération,Intersection en T,Normale,Deux véhicules - frontale,4,3,2,2,1,1,1,0,1,50,,2,1,0,0,1,36.0,29.0,,,1,2,3,1,1
202100010500,2021-10-27 12:35:00,2021,10,27,12,35,71,71076,PARE (RUE AMBROISE),46.7867234257,4.8489461358,Plein jour,En agglomération,Hors intersection,Normale,Sans collision,4,-1,2,0,1,1,1,0,1,50,,1,0,0,0,1,35.0,,,,1,2,1,1,7
202100010501,2021-10-27 09:50:00,2021,10,27,9,50,71,71076,Rue Georges Lapierre,46.795083,4.853821,Plein jour,En agglomération,Hors intersection,Normale,Autre collision,4,2,2,0,1,1,1,0,1,50,,3,1,0,1,1,37.0,,,,1,2,1,1,6
202100010502,2021-10-28 06:48:00,2021,10,28,6,48,69,69091,PAIX (DE LA) (R),45.58275,4.74343,Nuit avec éclairage allumé,Hors agglomération,Hors intersection,Brouillard / fumée,Deux véhicules - frontale,4,2,2,2,1,1,1,0,1,50,,3,1,0,1,1,28.0,45.0,,,5,1,1,5,1
202100010503,2021-10-28 11:50:00,2021,10,28,11,50,65,65440,HOCHE (AVENUE),43.2298543645,0.0857582688,Plein jour,En agglomération,Intersection en T,Normale,Autre collision,4,2,2,0,1,1,1,0,1,50,,2,1,0,0,1,69.0,,,,1,2,3,1,6
202100010504,2021-10-27 16:33:00,2021,10,27,16,33,65,65226,PAU (ROUTE DE),43.2429727482,0.0063729286,Plein jour,Hors agglomération,Hors intersection,Normale,Autre collision,3,2,2,0,1,1,1,0,3,80,,1,0,1,0,0,64.0,,,,1,1,1,1,6
202100010505,2021-10-24 16:00:00,2021,10,24,16,0,65,65286,CHAMP COMMUN (PLACE),43.09422,-0.0463,Plein jour,En agglomération,Intersection en T,Normale,Autre collision,4,1,1,0,1,1,1,0,1,30,,2,1,0,0,1,53.0,,,,1,2,3,1,6
202100010506,2021-10-28 16:55:00,2021,10,28,16,55,64,64284,RAUSKI,43.26433,-0.38993,Plein jour,En agglomération,Hors intersection,Normale,Trois véhicules et plus - en chaîne,2,2,2,0,1,1,1,0,1,50,,3,0,0,0,3,75.0,29.0,,,1,2,1,1,4
202100010507,2021-10-27 16:50:00,2021,10,27,16,50,64,64129,65 Route de Bayonne,43.30489,-0.40188,Plein jour,En agglomération,Giratoire,Normale,Deux véhicules - côté,3,2,4,0,1,3,1,9,1,50,,2,1,0,0,1,54.0,52.0,,,1,2,6,1,3
202100010508,2021-10-27 18:10:00,2021,10,27,18,10,64,64024,BIARRITZ (AVENUE DE),43.4803878444,-1.5163975954,Plein jour,En agglomération,Hors intersection,Normale,Deux véhicules - côté,4,2,2,1,1,1,1,0,1,30,,2,1,0,0,1,16.0,37.0,,,1,2,1,1,3
202100010509,2021-10-27 07:56:00,2021,10,27,7,56,63,63113,MERMOZ /Pré la reine,45.78793,3.12252,Nuit avec éclairage non allumé,En agglomération,Intersection à plus de 4 branches,Normale,Deux véhicules - frontale,7,2,3,0,1,1,1,5,1,-1,,2,1,1,0,0,45.0,44.0,,,4,2,5,1,1
202100010510,2021-10-28 19:20:00,2021,10,28,19,20,62,62525,BLUM (AVE LEON....N°53),50.740219,2.276148,Plein jour,En agglomération,Hors intersection,Normale,Deux véhicules - côté,4,1,2,0,1,1,1,0,1,50,,2,1,0,0,1,71.0,18.0,,,1,2,1,1,3
202100010511,2021-10-09 18:45:00,2021,10,9,18,45,62,62523,SPAS (R),50.45342,2.851538,Crépuscule ou aube,En agglomération,Hors intersection,Normale,Autre collision,4,2,2,0,1,1,1,0,1,30,,2,1,0,1,0,23.0,,,,2,2,1,1,6
202100010512,2021-10-28 11:45:00,2021,10,28,11,45,62,62193,SAINT OMER (ROUTE DE),50.93988,1.878311,Plein jour,En agglomération,Giratoire,Temps éblouissant,Autre collision,4,1,2,0,1,3,1,0,8,50,,2,0,0,1,1,82.0,,,,1,2,6,7,6
202100010513,2021-10-28 12:30:00,2021,10,28,12,30,61,61117,BEAUSÉJOUR(RUE DE),48.429,0.05995,Plein jour,En agglomération,Intersection en T,Normale,Deux véhicules - côté,3,-1,0,0,1,1,1,5,1,50,,2,1,0,0,1,37.0,65.0,,,1,2,3,1,3
202100010514,2021-10-27 13:45:00,2021,10,27,13,45,61,61001,DEMEES (RUE),48.43404,0.09421,Plein jour,En agglomération,Hors intersection,Normale,Autre collision,3,3,2,0,1,1,1,0,1,50,,2,1,0,1,0,78.0,,,,1,2,1,1,6
202100010515,2021-10-28 20:50:00,2021,10,28,20,50,60,60382,D 202,49.4344992557,2.7922911643,Nuit sans éclairage public,Hors agglomération,Hors intersection,Normale,Deux véhicules - frontale,3,2,2,0,1,1,1,0,1,80,,2,1,0,1,0,38.0,56.0,,,3,1,1,1,1
202100010516,2021-10-28 13:45:00,2021,10,28,13,45,59,59599,LEHOUCQ (RUE FIDELE),50.72037,3.15942,Plein jour,En agglomération,Hors intersection,Normale,Autre collision,4,2,2,1,1,1,1,0,4,50,,2,1,0,0,1,83.0,,,,1,2,1,1,6
202100010517,2021-10-28 17:30:00,2021,10,28,17,30,59,59220,DUNKERQUE RUE DE,50.59886,3.07236,Plein jour,En agglomération,Intersection en T,Normale,Autre collision,4,2,2,0,1,1,1,9,1,50,,3,2,0,0,1,18.0,,,,1,2,3,1,6
202100010518,2021-10-20 15:20:00,2021,10,20,15,20,59,59286,LHERMITTE FIDELE RUE,50.609837,2.975719,Plein jour,En agglomération,Hors intersection,Normale,Autre collision,4,2,2,0,1,1,1,0,1,50,,2,1,0,0,1,30.0,,,,1,2,1,1,6
202100010519,2021-10-26 16:30:00,2021,10,26,16,30,56,56162,Lieu-Dit Kergohel,47.73366,-3.47692,Plein jour,Hors agglomération,Intersection en T,Temps éblouissant,Deux véhicules - côté,3,2,2,0,1,1,1,0,1,70,,2,1,0,0,1,41.0,69.0,,,1,1,3,7,3
202100010520,2021-10-26 11:30:00,2021,10,26,11,30,49,49099,GIRARDIERE (RUE DE LA),47.04418,-0.89951,Plein jour,En agglomération,Intersection en X,Normale,Trois véhicules et plus - collisions multiples,4,2,2,0,1,1,1,0,1,50,,4,2,0,0,2,31.0,34.0,,,1,2,2,1,5
202100010521,2021-10-28 15:22:00,2021,10,28,15,22,49,49015,BRETELLE A11,47.495835,-0.623462,Plein jour,En agglomération,Hors intersection,Normale,Deux véhicules - côté,1,1,1,0,1,1,1,0,1,70,,2,1,0,0,1,47.0,36.0,,,1,2,1,1,3
202100010522,2021-10-28 08:50:00,2021,10,28,8,50,49,49007,FREMUR,47.46207,-0.55883,Plein jour,En agglomération,Hors intersection,Normale,Autre collision,4,2,2,0,2,1,1,0,1,50,,1,0,0,0,1,62.0,,,,1,2,1,1,6
202100010523,2021-10-28 08:17:00,2021,10,28,8,17,49,49007,BLANCHERAIE AVENUE,47.46661,-0.56191,Plein jour,En agglomération,Hors intersection,Normale,Deux véhicules - côté,4,2,2,0,1,1,1,0,1,50,,2,1,0,0,1,22.0,45.0,,,1,2,1,1,3
202100010524,2021-10-27 20:15:00,2021,10,27,20,15,49,49007,GASNIER AVENUE,47.490762,-0.576138,Nuit avec éclairage allumé,En agglomération,Intersection en T,Normale,Deux véhicules - frontale,4,2,2,0,1,1,1,0,1,50,,2,1,0,0,1,52.0,36.0,,,5,2,3,1,1
202100010525,2021-10-27 18:03:00,2021,10,27,18,3,49,49007,Boulevard Auguste Allonneau,47.480635,-0.527506,Plein jour,En agglomération,Hors intersection,Normale,Deux véhicules - côté,4,2,2,0,1,1,1,0,1,50,,2,1,0,0,1,64.0,,,,1,2,1,1,3
202100010526,2021-10-27 16:30:00,2021,10,27,16,30,45,45235,CHATAIGNIERS (RUE DES),47.9459,1.84441,Plein jour,En agglomération,Intersection en T,Normale,Deux véhicules - côté,4,2,2,0,1,1,1,5,1,50,,2,1,0,0,1,39.0,20.0,,,1,2,3,1,3
202100010527,2021-10-24 11:00:00,2021,10,24,11,0,42,42207,Panassa,45.4988974936,4.4594469666,Plein jour,Hors agglomération,Hors intersection,Normale,Sans collision,4,-1,0,0,2,1,9,9,8,50,,1,0,0,1,0,30.0,,,,1,1,1,1,7
202100010528,2021-10-09 16:42:00,2021,10,9,16,42,42,42186,Rue de la Barriére,45.5297327904,4.6163729822,Plein jour,En agglomération,Hors intersection,Normale,Autre collision,4,2,2,0,2,2,1,0,1,50,,1,0,0,1,0,42.0,,,,1,2,1,1,6
202100010529,2021-10-28 08:07:00,2021,10,28,8,7,42,42187,Rue Jean Jaurès,46.03593,4.0704,Plein jour,En agglomération,Intersection en Y,Normale,Autre collision,4,1,2,0,1,1,1,6,1,30,,2,1,0,0,1,46.0,,,,1,2,4,1,6
202100010530,2021-10-29 00:00:00,2021,10,29,0,0,37,37261,RONSARD (RUE),47.4177357022,0.705921881,Nuit avec éclairage allumé,En agglomération,Hors intersection,Normale,Autre collision,4,2,2,0,1,1,1,0,1,50,,2,1,0,1,0,24.0,,,,5,2,1,1,6
202100010531,2021-10-28 18:40:00,2021,10,28,18,40,35,35281,RN136,48.094223,-1.710131,Plein jour,Hors agglomération,Hors intersection,Normale,Deux véhicules - côté,2,3,4,0,2,1,1,0,1,90,,3,2,0,0,1,26.0,68.0,,,1,1,1,1,3
202100010532,2021-10-28 17:20:00,2021,10,28,17,20,35,35051,RENNES (RUE DE),48.11408,-1.6321,Plein jour,En agglomération,Hors intersection,Normale,Deux véhicules - côté,4,3,2,3,1,1,1,0,1,30,,2,1,0,0,1,46.0,41.0,,,1,2,1,1,3
202100010533,2021-10-28 08:45:00,2021,10,28,8,45,35,35238,BAS DES LICES (PLACE DU),48.11246,-1.68593,Plein jour,En agglomération,Intersection en T,Normale,Autre collision,4,3,2,2,4,1,1,0,1,50,,2,1,0,0,1,51.0,,,,1,2,3,1,6
202100010534,2021-10-28 19:40:00,2021,10,28,19,40,33,33162,Route du Médoc,44.87674,-0.62215,Nuit avec éclairage allumé,En agglomération,Intersection en X,Normale,Deux véhicules - frontale,4,2,2,3,1,1,1,4,1,50,,2,0,0,0,2,35.0,23.0,,,5,2,2,1,1
202100010535,2021-10-28 17:50:00,2021,10,28,17,50,31,31149,D980,43.6057017002,1.3352385163,Plein jour,Hors agglomération,Hors intersection,Normale,Deux véhicules - arrière,4,1,2,0,1,1,1,0,1,90,,3,0,0,0,3,50.0,23.0,,,1,1,1,1,2
202100010536,2021-10-28 15:00:00,2021,10,28,15,0,31,31555,ALL JEAN GRIFFON,43.559033542,1.4997112431,Plein jour,En agglomération,Hors intersection,Normale,Deux véhicules - côté,4,2,2,0,1,1,1,0,1,50,,2,1,0,1,0,42.0,60.0,,,1,2,1,1,3
202100010537,2021-10-28 21:35:00,2021,10,28,21,35,29,29232,Allée de Prad Ar C’Hras,48.001021,-4.154061,Nuit sans éclairage public,Hors agglomération,Autre intersection,Pluie légère,Deux véhicules - côté,4,-1,2,0,2,3,2,9,1,50,,2,1,0,0,1,49.0,38.0,,,3,1,9,2,3
202100010538,2021-10-28 16:30:00,2021,10,28,16,30,29,29039,Quai Peneroff,47.871926,-3.917335,Plein jour,En agglomération,Hors intersection,Normale,Deux véhicules - arrière,4,1,1,0,1,1,1,0,1,50,,2,1,0,0,1,21.0,54.0,,,1,2,1,1,2
202100010539,2021-10-28 19:15:00,2021,10,28,19,15,27,27299,BRIAND (AVENUE ARISTIDE),49.04052,1.15871,Crépuscule ou aube,En agglomération,Hors intersection,Normale,Deux véhicules - côté,3,2,2,0,1,2,1,0,1,50,,2,1,0,0,1,19.0,28.0,,,2,2,1,1,3
202100010540,2021-10-29 23:30:00,2021,10,29,23,30,25,25056,CHOPARD RUE ALEXIS,47.249066,6.03126,Nuit avec éclairage allumé,En agglomération,Intersection en X,Normale,Deux véhicules - côté,3,1,2,0,1,1,1,0,1,50,,2,1,0,0,1,46.0,21.0,,,5,2,2,1,3
202100010541,2021-10-28 21:05:00,2021,10,28,21,5,13,13208,PARADIS (RUE),43.27175,5.38598,Nuit avec éclairage allumé,En agglomération,Hors intersection,Normale,Deux véhicules - côté,4,2,2,0,1,1,1,0,1,50,,2,1,0,0,1,77.0,20.0,,,5,2,1,1,3
202100010542,2021-10-28 13:20:00,2021,10,28,13,20,13,13201,ATHENES (BOULEVARD D'),43.29954,5.38085,Plein jour,En agglomération,Hors intersection,Normale,Deux véhicules - frontale,4,2,2,0,1,1,1,0,1,50,,2,1,0,0,1,,,,,1,2,1,1,1
202100010543,2021-10-27 13:30:00,2021,10,27,13,30,13,13209,CABOT (BOULEVARD),43.26014,5.41595,Plein jour,En agglomération,Hors intersection,Normale,Autre collision,4,-1,1,0,1,1,1,0,1,50,,2,1,0,1,0,53.0,,,,1,2,1,1,6
202100010544,2021-10-28 22:00:00,2021,10,28,22,0,13,13001,BRIAND ARISTIDE (BD),43.53234,5.45063,Nuit avec éclairage allumé,En agglomération,Intersection en Y,Normale,Deux véhicules - arrière,7,1,3,0,1,1,1,0,1,50,,2,0,0,0,2,60.0,24.0,,,5,2,4,1,2
202100010545,2021-10-27 17:15:00,2021,10,27,17,15,11,11069,LIMOUX - ROUTE DE-,43.20498,2.33314,Plein jour,En agglomération,Hors intersection,Normale,Deux véhicules - côté,3,2,2,0,1,1,1,0,1,50,,2,1,0,0,1,36.0,18.0,,,1,2,1,1,3
202100010546,2021-10-27 17:26:00,2021,10,27,17,26,10,10081,ROCADE EST (RD 610),48.32924,4.04155,Plein jour,En agglomération,Hors intersection,Normale,Deux véhicules - arrière,3,3,4,0,1,1,1,0,1,110,,3,1,0,0,2,50.0,22.0,,,1,2,1,1,2