accident_id,datetime,annee,mois,jour,heure,minute,departement,commune_insee,adresse,latitude,longitude,luminosite,agglomeration,intersection,meteo,collision,catr,circ,nbv,vosp,prof,plan,surf,infra,situ,vma,nb_vehicules,nb_usagers,nb_indemnes,nb_tues,nb_blesses_hosp,nb_blesses_legers,age_cond_1,age_cond_2,veh_type_cond_1,veh_type_cond_2,lum_code,agg_code,int_code,atm_code,col_code
202100010547,2021-10-27 16:39:00,2021,10,27,16,39,10,10081,ROCADE OUEST (RD 610),48.32981,4.04507,Plein jour,Hors agglomération,Hors intersection,Normale,Deux véhicules - côté,3,1,3,0,1,1,1,0,1,110,,2,1,0,0,1,18.0,49.0,,,1,1,1,1,3
202100010548,2021-10-27 16:20:00,2021,10,27,16,20,07,07281,RHONE A MONNERON (CHEMIN DU),44.94515,4.87813,Plein jour,Hors agglomération,Autre intersection,Normale,Sans collision,5,2,1,1,1,1,1,0,5,20,,2,0,0,0,2,67.0,,,,1,1,9,1,7
202100010549,2021-10-28 07:45:00,2021,10,28,7,45,06,06029,VALLOMBROSA (BOULEBARD),43.5516996423,7.0061076432,Crépuscule ou aube,En agglomération,Hors intersection,Normale,Sans collision,4,2,4,0,2,2,1,0,1,50,,1,0,0,0,1,62.0,,,,2,2,1,1,7
202100010550,2021-10-27 09:40:00,2021,10,27,9,40,06,06030,JOURDAN (AVENUE MICHEL (LE CANNET),43.565166,6.965166,Plein jour,En agglomération,Hors intersection,Normale,Deux véhicules - côté,3,2,2,2,1,1,1,0,1,50,,2,1,0,0,1,32.0,70.0,,,1,2,1,1,3
202100010551,2021-10-28 17:50:00,2021,10,28,17,50,75,75120,RUE ORFILA,48.86543,2.394886,Plein jour,En agglomération,Intersection en X,Temps éblouissant,Autre collision,4,2,2,0,2,1,1,0,1,30,,2,1,0,0,1,36.0,,,,1,2,2,7,6
202100010552,2021-10-28 14:55:00,2021,10,28,14,55,75,75120,RUE DE MENILMONTANT,48.867941,2.386611,Plein jour,En agglomération,Intersection en T,Normale,Autre collision,4,2,2,0,2,1,1,0,1,30,,2,1,0,0,1,25.0,,,,1,2,3,1,6
202100010553,2021-10-27 18:30:00,2021,10,27,18,30,75,75120,RUE DE LA REUNION,48.854302,2.402062,Nuit avec éclairage allumé,En agglomération,Hors intersection,Normale,Autre collision,4,1,1,0,2,1,1,0,1,30,,2,1,0,0,1,58.0,,,,5,2,1,1,6
202100010554,2021-10-28 15:30:00,2021,10,28,15,30,75,75118,RUE PAJOL,48.888151,2.361476,Plein jour,En agglomération,Hors intersection,Normale,Autre collision,4,2,2,0,1,1,1,0,1,30,,2,1,0,0,1,,,,,1,2,1,1,6
202100010555,2021-10-28 09:20:00,2021,10,28,9,20,75,75118,RUE DANCOURT,48.882546,2.341931,Plein jour,En agglomération,Intersection en T,Normale,Sans collision,4,2,2,0,1,1,1,0,1,30,,1,0,0,0,1,28.0,,,,1,2,3,1,7
202100010556,2021-10-28 17:45:00,2021,10,28,17,45,75,75117,AVENUE DE VILLIERS,48.884445,2.301213,Plein jour,En agglomération,Intersection en T,Normale,Deux véhicules - arrière,4,2,4,0,1,1,1,0,1,30,,3,1,0,0,2,21.0,62.0,,,1,2,3,1,2
202100010557,2021-10-28 17:40:00,2021,10,28,17,40,75,75117,RUE JOUFFROY D ABBANS,48.886327,2.310849,Plein jour,En agglomération,Intersection en Y,Normale,Deux véhicules - côté,4,2,2,0,1,1,1,0,1,30,,2,1,0,0,1,63.0,35.0,,,1,2,4,1,3
202100010558,2021-10-28 15:15:00,2021,10,28,15,15,75,75117,RUE JOUFFROY D ABBANS,48.885682,2.30872,Plein jour,En agglomération,Hors intersection,Normale,Deux véhicules - côté,4,2,2,0,1,1,1,0,1,30,,2,1,0,0,1,68.0,22.0,,,1,2,1,1,3
202100010559,2021-10-27 16:40:00,2021,10,27,16,40,75,75117,BOULEVARD BERTHIER,48.894262,2.31361,Plein jour,En agglomération,Intersection en X,Normale,Autre collision,4,2,6,2,1,1,1,-1,5,30,,2,1,0,0,1,53.0,,,,1,2,2,1,6
202100010560,2021-10-28 16:40:00,2021,10,28,16,40,75,75116,BOULEVARD LANNES,48.864518,2.269821,Plein jour,En agglomération,Intersection en T,Normale,Autre collision,4,2,4,0,1,1,1,0,1,50,,2,1,0,1,0,33.0,,,,1,2,3,1,6
202100010561,2021-10-28 06:30:00,2021,10,28,6,30,75,75115,RUE CAMBRONNE,48.843087,2.302552,Nuit sans éclairage public,En agglomération,Hors intersection,Normale,Deux véhicules - arrière,4,2,1,0,1,1,1,0,1,30,,2,1,0,0,1,34.0,,,,3,2,1,1,2
202100010562,2021-10-28 00:15:00,2021,10,28,0,15,75,75115,QUAI ANDRE CITROEN,48.847365,2.278937,Nuit avec éclairage allumé,En agglomération,Intersection en T,Normale,Autre collision,4,2,6,0,1,1,1,0,1,30,,1,0,0,0,1,24.0,,,,5,2,3,1,6
202100010563,2021-10-27 20:30:00,2021,10,27,20,30,75,75114,AVENUE DU GENERAL LECLERC,48.824699,2.325971,Nuit avec éclairage allumé,En agglomération,Intersection en T,Normale,Deux véhicules - côté,4,2,3,1,1,1,1,-1,5,30,,2,1,0,0,1,26.0,,,,5,2,3,1,3
202100010564,2021-10-27 14:20:00,2021,10,27,14,20,75,75114,RUE VERCINGETORIX,48.82965,2.306948,Plein jour,En agglomération,Intersection en T,Normale,Deux véhicules - côté,4,1,2,0,1,1,1,0,1,30,,2,1,0,0,1,44.0,,,,1,2,3,1,3
202100010565,2021-10-28 15:30:00,2021,10,28,15,30,75,75113,QUAI PANHARD ET LEVASSOR,48.8290269717,2.3837649822,Plein jour,En agglomération,Hors intersection,Normale,Trois véhicules et plus - collisions multiples,4,2,4,0,1,1,1,0,1,30,,4,3,0,0,1,60.0,71.0,,,1,2,1,1,5
202100010566,2021-10-28 09:40:00,2021,10,28,9,40,75,75112,ECHANGEUR BERCY,48.828192,2.390298,Plein jour,En agglomération,Intersection en Y,Normale,Deux véhicules - côté,4,1,3,3,1,3,1,-1,6,50,,2,1,0,0,1,24.0,40.0,,,1,2,4,1,3
202100010567,2021-10-28 09:30:00,2021,10,28,9,30,75,75111,BOULEVARD DE MENILMONTANT,48.864035,2.385997,Plein jour,En agglomération,Intersection en X,Normale,Deux véhicules - arrière,4,3,2,1,1,1,1,0,1,30,,2,1,0,0,1,27.0,62.0,,,1,2,2,1,2
202100010568,2021-10-28 00:10:00,2021,10,28,0,10,75,75111,AVENUE PARMENTIER,48.868643,2.372068,Nuit avec éclairage allumé,En agglomération,Intersection en T,Normale,Deux véhicules - côté,4,2,3,0,1,1,1,0,1,30,,2,1,0,0,1,31.0,27.0,,,5,2,3,1,3
202100010569,2021-10-28 20:00:00,2021,10,28,20,0,75,75109,BOULEVARD HAUSSMANN,48.872241,2.33832,Nuit avec éclairage allumé,En agglomération,Intersection en X,Normale,Trois véhicules et plus - en chaîne,4,1,3,0,1,1,1,0,1,30,,3,2,0,0,1,54.0,27.0,,,5,2,2,1,4
202100010570,2021-10-27 20:45:00,2021,10,27,20,45,75,75102,PLACE DE L OPERA,48.870296,2.33269,Nuit avec éclairage allumé,En agglomération,Place,Normale,Deux véhicules - côté,4,1,2,3,1,1,1,-1,6,30,,2,1,0,0,1,26.0,23.0,,,5,2,7,1,3
202100010571,2021-10-28 08:40:00,2021,10,28,8,40,75,75107,QUAI VOLTAIRE,48.858436,2.332785,Plein jour,En agglomération,Intersection en T,Normale,Deux véhicules - côté,4,2,4,0,1,1,1,0,1,30,,2,1,0,0,1,30.0,51.0,,,1,2,3,1,3
202100010572,2021-10-28 17:50:00,2021,10,28,17,50,75,75103,RUE DE TURENNE,48.858157,2.36449,Plein jour,En agglomération,Intersection en X,Normale,Autre collision,4,2,2,0,1,1,1,0,1,30,,2,1,0,0,1,56.0,,,,1,2,2,1,6
202100010573,2021-10-26 20:45:00,2021,10,26,20,45,75,75101,RUE SAINT HONORE,48.862241,2.339186,Nuit avec éclairage allumé,En agglomération,Intersection en T,Normale,Autre collision,4,2,3,0,1,1,1,0,1,30,,2,0,0,0,2,29.0,,,,5,2,3,1,6
202100010574,2021-10-26 08:15:00,2021,10,26,8,15,94,94068,CHENNEVIERES (AV DE),48.78955,2.51607,Plein jour,En agglomération,Intersection en X,Brouillard / fumée,Deux véhicules - côté,4,2,2,0,1,1,2,0,1,30,,2,1,0,0,1,26.0,29.0,,,1,2,2,5,3
202100010575,2021-10-28 14:01:00,2021,10,28,14,1,94,94016,Rue Marcel Bonnet,48.79625,2.3222,Plein jour,En agglomération,Hors intersection,Normale,Deux véhicules - côté,3,-1,0,0,1,1,1,0,1,50,,2,1,0,0,1,27.0,49.0,,,1,2,1,1,3
202100010576,2021-10-27 09:35:00,2021,10,27,9,35,94,94076,Rue Ambroise Croizat,48.8014,2.3591,Plein jour,En agglomération,Hors intersection,Normale,Deux véhicules - arrière,4,2,2,0,3,1,1,0,1,50,,2,0,0,0,2,38.0,29.0,,,1,2,1,1,2
202100010577,2021-10-27 20:10:00,2021,10,27,20,10,94,94028,Avenue Jean-Baptiste Champeval,48.79546,2.4562,Nuit avec éclairage allumé,En agglomération,Intersection en T,Temps couvert,Deux véhicules - côté,4,2,2,0,1,1,1,0,1,50,,2,1,0,0,1,16.0,32.0,,,5,2,3,8,3
202100010578,2021-10-28 15:20:00,2021,10,28,15,20,94,94059,Avenue Maurice Berteaux,48.81212,2.56721,Plein jour,En agglomération,Intersection en T,Normale,Deux véhicules - côté,3,2,2,0,1,1,1,0,1,50,,2,1,0,0,1,25.0,43.0,,,1,2,3,1,3
202100010579,2021-10-28 19:50:00,2021,10,28,19,50,94,94070,Route de Paris,48.71615,2.57311,Nuit avec éclairage allumé,En agglomération,Hors intersection,Normale,Deux véhicules - arrière,2,2,2,0,1,1,1,0,1,50,,3,2,0,0,1,39.0,25.0,,,5,2,1,1,2
202100010580,2021-10-28 10:00:00,2021,10,28,10,0,93,93078,COUTURIER (AVENUE PAUL VAILLANT),48.9601,2.53347,Plein jour,En agglomération,Intersection en T,Normale,Deux véhicules - frontale,4,2,3,0,4,1,1,0,1,50,,4,2,0,0,2,36.0,82.0,,,1,2,3,1,1
202100010581,2021-10-28 07:45:00,2021,10,28,7,45,93,93070,Rue du Docteur Bauer,48.90877,2.33952,Plein jour,En agglomération,Autre intersection,Normale,Deux véhicules - arrière,3,2,2,0,1,1,1,0,1,50,,2,1,0,0,1,48.0,42.0,,,1,2,9,1,2
202100010582,2021-10-28 13:09:00,2021,10,28,13,9,93,93066,"""STRASBOURG, NR 36 ET SUIV ET 73 ET SUIV",48.9360812567,2.3695904028,Plein jour,En agglomération,Hors intersection,Normale,Autre collision,4,2,2,0,1,1,1,0,1,50,,3,2,0,0,1,28.0,,,,1,2,1,1,6
202100010583,2021-10-28 13:30:00,2021,10,28,13,30,93,93033,PRINCES,48.85652,2.58245,Plein jour,En agglomération,Hors intersection,Normale,Deux véhicules - frontale,3,2,2,0,2,1,1,0,1,50,,2,1,0,1,0,40.0,33.0,,,1,2,1,1,1
202100010584,2021-10-28 14:40:00,2021,10,28,14,40,93,93048,HENRI BARBUSSE (BOULEVARD),48.86478,2.4437,Plein jour,En agglomération,Hors intersection,Normale,Deux véhicules - côté,3,2,2,0,2,1,1,0,1,30,,2,1,0,0,1,51.0,43.0,,,1,2,1,1,3
202100010585,2021-10-28 16:20:00,2021,10,28,16,20,93,93048,ARISTIDE BRIAND (BOULEVARD),48.87111,2.45188,Plein jour,En agglomération,Intersection en X,Normale,Deux véhicules - côté,3,2,2,0,1,1,1,0,1,50,,2,1,0,0,1,24.0,19.0,,,1,2,2,1,3
202100010586,2021-10-28 07:00:00,2021,10,28,7,0,93,93006,CARNOT RUE SADI,48.878221,2.427198,Nuit avec éclairage allumé,En agglomération,Intersection en T,Normale,Deux véhicules - frontale,3,2,2,0,1,2,1,0,1,50,,2,1,0,0,1,52.0,,,,5,2,3,1,1
202100010587,2021-10-27 18:50:00,2021,10,27,18,50,93,93006,GIRARDOT RUE,48.87333,2.4299,Nuit avec éclairage allumé,En agglomération,Hors intersection,Normale,Deux véhicules - côté,3,1,1,0,1,1,1,0,1,30,,2,1,0,0,1,62.0,39.0,,,5,2,1,1,3
202100010588,2021-10-27 23:18:00,2021,10,27,23,18,93,93031,DE LATTRE DE TASSIGNY (1 A 51),48.9588,2.30734,Nuit avec éclairage allumé,En agglomération,Hors intersection,Normale,Autre collision,3,2,2,1,1,1,1,9,5,50,,1,0,1,0,0,32.0,,,,5,2,1,1,6
202100010589,2021-10-28 16:40:00,2021,10,28,16,40,93,93005,ANDRE CITROEN (BOULEVARD),48.9588172093,2.4858084638,Plein jour,Hors agglomération,Hors intersection,Normale,Deux véhicules - arrière,3,1,1,0,2,1,1,0,1,50,,2,1,0,0,1,44.0,25.0,,,1,1,1,1,2
202100010590,2021-10-27 12:36:00,2021,10,27,12,36,93,93005,NONNEVILLE (AVENUE DE),48.9241065686,2.5015997887,Plein jour,En agglomération,Hors intersection,Normale,Deux véhicules - côté,4,-1,1,0,1,1,1,0,1,50,,2,1,0,0,1,21.0,67.0,,,1,2,1,1,3
202100010591,2021-10-28 03:00:00,2021,10,28,3,0,92,92072,VILLE D'AVRAY (RUE DE ),48.8259003428,2.2009241581,Nuit avec éclairage allumé,En agglomération,Hors intersection,Normale,Autre collision,3,2,2,0,2,1,1,0,4,50,,1,0,0,0,1,23.0,,,,5,2,1,1,6
202100010592,2021-10-28 18:00:00,2021,10,28,18,0,92,92049,REPUBLIQUE AVENUE DE LA N°1 A 79,48.815323669,2.3176270723,Plein jour,En agglomération,Intersection en X,Normale,Autre collision,4,2,2,0,1,1,1,5,6,50,,3,1,0,0,2,32.0,,,,1,2,2,1,6
202100010593,2021-10-28 13:46:00,2021,10,28,13,46,92,92044,ANA.FRANCE(RUE)77A139 ET 74A124,48.8964999624,2.2810417414,Plein jour,En agglomération,Hors intersection,Normale,Deux véhicules - arrière,3,1,3,0,1,1,1,0,1,50,,2,0,0,0,2,32.0,32.0,,,1,2,1,1,2
202100010594,2021-10-27 10:00:00,2021,10,27,10,0,92,92026,11 NOVEMBRE ( AVENUE ),48.9023412622,2.2750604153,Plein jour,En agglomération,Hors intersection,Normale,Sans collision,3,2,3,0,1,1,1,0,1,50,,1,0,0,0,1,32.0,,,,1,2,1,1,7
202100010595,2021-10-27 15:25:00,2021,10,27,15,25,92,92004,PIERRE CURIE,48.9174052903,2.3148670793,Plein jour,En agglomération,Intersection en X,Normale,Deux véhicules - côté,4,2,0,0,1,1,1,0,1,50,,2,1,0,0,1,23.0,66.0,,,1,2,2,1,3
202100010596,2021-10-29 07:40:00,2021,10,29,7,40,49,49244,Allée de la Menancière (la Pommeraye),47.349066,-0.851762,Nuit avec éclairage allumé,En agglomération,Hors intersection,Pluie légère,Deux véhicules - côté,4,2,2,0,1,1,2,0,1,50,,2,1,0,0,1,42.0,57.0,,,5,2,1,2,3
202100010597,2021-10-28 14:00:00,2021,10,28,14,0,12,12208,D999,43.955866,2.859723,Plein jour,Hors agglomération,Intersection en X,Normale,Deux véhicules - côté,3,2,1,0,1,1,1,0,1,70,,2,1,0,0,1,14.0,64.0,,,1,1,2,1,3
202100010598,2021-10-29 08:45:00,2021,10,29,8,45,33,33352,D1113,44.580424,-0.02717,Plein jour,En agglomération,Intersection en T,Normale,Deux véhicules - frontale,3,2,2,0,2,1,1,0,1,50,,2,1,0,0,1,40.0,28.0,,,1,2,3,1,1
202100010599,2021-10-23 21:04:00,2021,10,23,21,4,33,33508,Lieu Dit Monet,44.519647,-0.117041,Nuit sans éclairage public,Hors agglomération,Hors intersection,Normale,Autre collision,3,2,2,0,1,2,1,0,1,80,,2,1,0,0,1,39.0,29.0,,,3,1,1,1,6
202100010600,2021-10-25 09:04:00,2021,10,25,9,4,06,06161,Route du Bord de Mer D6098,43.62847,7.134023,Plein jour,Hors agglomération,Hors intersection,Normale,Deux véhicules - frontale,3,2,2,2,1,1,1,0,1,70,,2,1,0,1,0,41.0,35.0,,,1,1,1,1,1
202100010601,2021-10-27 16:55:00,2021,10,27,16,55,28,28022,Route Departementale 939,48.473817,1.410949,Plein jour,Hors agglomération,Hors intersection,Normale,Deux véhicules - arrière,3,2,2,0,1,1,1,0,1,90,,2,1,0,1,0,43.0,24.0,,,1,1,1,1,2
202100010602,2021-10-28 13:58:00,2021,10,28,13,58,85,85215,Impasse des Fees,46.848443,-1.169616,Plein jour,En agglomération,Hors intersection,Normale,Deux véhicules - côté,4,1,2,0,1,1,1,0,1,50,,2,1,0,0,1,42.0,10.0,,,1,2,1,1,3
202100010603,2021-10-29 11:35:00,2021,10,29,11,35,23,23258,Route départementale 1,46.2939873013,1.4735627174,Plein jour,Hors agglomération,Hors intersection,Normale,Deux véhicules - frontale,3,2,2,0,1,3,1,0,1,90,,2,1,1,0,0,73.0,24.0,,,1,1,1,1,1
202100010604,2021-09-12 18:55:00,2021,9,12,18,55,51,51204,D22A,49.0825372917,3.8591990748,Plein jour,Hors agglomération,Hors intersection,Normale,Sans collision,3,2,2,0,1,2,6,0,1,80,,2,1,0,0,1,22.0,,,,1,1,1,1,7
202100010605,2021-10-16 19:30:00,2021,10,16,19,30,56,56081,Moulin Saint Yvinet,48.090915,-3.636618,Nuit sans éclairage public,Hors agglomération,Hors intersection,Normale,Autre collision,3,2,2,0,1,3,2,0,3,80,,1,0,0,0,1,22.0,,,,3,1,1,1,6
202100010606,2021-10-28 05:00:00,2021,10,28,5,0,74,74009,d23,46.080688,6.053456,Nuit sans éclairage public,Hors agglomération,Hors intersection,Brouillard / fumée,Sans collision,3,2,2,0,1,3,1,0,3,70,,1,0,0,1,0,32.0,,,,3,1,1,5,7
202100010607,2021-10-28 10:10:00,2021,10,28,10,10,2B,2B150,RT30,42.5726460633,8.8307976725,Plein jour,En agglomération,Intersection en T,Normale,Deux véhicules - arrière,2,2,2,0,2,1,1,0,1,50,,2,1,0,1,0,33.0,36.0,,,1,2,3,1,2
202100010608,2021-10-29 06:15:00,2021,10,29,6,15,80,80481,Rue de Framerville,49.826976,2.763083,Nuit sans éclairage public,Hors agglomération,Hors intersection,Normale,Autre collision,3,2,2,0,1,1,1,0,1,80,,1,0,0,1,0,33.0,,,,3,1,1,1,6
202100010609,2021-10-27 17:08:00,2021,10,27,17,8,32,32290,D15,43.954054,0.178871,Plein jour,Hors agglomération,Hors intersection,Normale,Autre collision,3,2,2,0,2,3,1,0,8,80,,2,1,0,1,0,57.0,,,,1,1,1,1,6
202100010610,2021-10-28 20:30:00,2021,10,28,20,30,32,32106,D654 / D116,43.719645,0.980739,Nuit sans éclairage public,En agglomération,Hors intersection,Normale,Autre collision,3,2,2,0,1,1,1,0,3,50,,3,0,0,2,1,42.0,,,,3,2,1,1,6
202100010611,2021-10-28 21:45:00,2021,10,28,21,45,63,63291,D906,45.950462,3.480473,Nuit sans éclairage public,Hors agglomération,Autre intersection,Normale,Autre collision,3,2,2,0,1,1,1,0,3,-1,,1,0,0,1,0,38.0,,,,3,1,9,1,6
202100010612,2021-10-29 17:10:00,2021,10,29,17,10,25,25132,RD 30 - PK 7+850 sens POULIGNEY-LUSANS vers CHATILLON GUYOTTE,47.332526,6.181784,Crépuscule ou aube,Hors agglomération,Hors intersection,Normale,Deux véhicules - côté,3,2,2,0,2,4,1,0,1,80,,2,1,0,1,0,31.0,32.0,,,2,1,1,1,3
202100010613,2021-10-29 17:35:00,2021,10,29,17,35,44,44069,Route de Herbignac,47.363806,-2.411821,Plein jour,Hors agglomération,Hors intersection,Normale,Deux véhicules - frontale,3,2,2,0,1,1,1,0,1,80,,4,0,1,3,0,32.0,36.0,,,1,1,1,1,1
202100010614,2021-10-29 05:00:00,2021,10,29,5,0,29,29279,CD769,48.608909,-3.864387,Nuit sans éclairage public,Hors agglomération,Hors intersection,Normale,Autre collision,3,2,2,0,2,3,1,0,3,70,,4,1,0,0,3,18.0,,,,3,1,1,1,6
202100010615,2021-10-28 17:00:00,2021,10,28,17,0,29,29228,Lieu Dit Kerscoulet,48.0363124786,-4.6105402708,Plein jour,Hors agglomération,Hors intersection,Temps couvert,Sans collision,5,1,1,0,2,4,6,0,8,30,,2,1,0,0,1,49.0,,,,1,1,1,8,7
202100010616,2021-10-28 16:45:00,2021,10,28,16,45,38,38416,rd 27,45.14733,5.307212,Plein jour,En agglomération,Giratoire,Normale,Deux véhicules - arrière,3,2,2,1,1,1,1,0,5,50,,2,1,0,0,1,23.0,54.0,,,1,2,6,1,2
202100010617,2021-10-29 14:45:00,2021,10,29,14,45,38,38497,D26,44.920304,5.810496,Plein jour,Hors agglomération,Hors intersection,Normale,Autre collision,3,2,2,0,1,3,1,0,3,80,,1,0,0,1,0,26.0,,,,1,1,1,1,6
202100010618,2021-10-28 15:00:00,2021,10,28,15,0,03,03254,7 Route de Briailles,46.303645,3.302883,Plein jour,En agglomération,Intersection en T,Normale,Deux véhicules - frontale,4,2,2,0,1,1,1,0,1,50,,2,1,0,1,0,18.0,65.0,,,1,2,3,1,1
202100010619,2021-10-29 19:20:00,2021,10,29,19,20,26,26165,Route Nationale 7,44.780822,4.848463,Nuit sans éclairage public,Hors agglomération,Hors intersection,Normale,Autre collision,2,2,3,3,1,1,1,0,1,70,,3,2,1,0,0,28.0,,,,3,1,1,1,6
202100010620,2021-10-28 18:00:00,2021,10,28,18,0,26,26124,Route de Charmes sur Rhone,44.85239,4.847888,Plein jour,Hors agglomération,Intersection en X,Normale,Deux véhicules - frontale,3,2,2,0,2,2,1,0,1,80,,2,1,0,1,0,38.0,56.0,,,1,1,2,1,1
202100010621,2021-10-29 07:30:00,2021,10,29,7,30,58,58273,Route de Nevers,46.942004,3.258621,Plein jour,En agglomération,Hors intersection,Normale,Sans collision,3,3,2,0,1,1,1,0,1,50,,1,0,0,1,0,18.0,,,,1,2,1,1,7
202100010622,2021-10-28 16:05:00,2021,10,28,16,5,72,72308,PN 57,48.412336,0.106248,Plein jour,Hors agglomération,Passage à niveau,Normale,Deux véhicules - côté,3,2,2,0,1,1,1,4,6,80,,2,1,0,0,1,46.0,29.0,,,1,1,8,1,3
202100010623,2021-10-28 14:40:00,2021,10,28,14,40,90,90044,D25,47.709233,6.965686,Plein jour,Hors agglomération,Intersection en T,Temps éblouissant,Deux véhicules - côté,3,2,2,0,2,1,1,0,1,80,,2,1,0,1,0,96.0,66.0,,,1,1,3,7,3
202100010624,2021-10-29 07:15:00,2021,10,29,7,15,36,36005,,46.745713,1.845961,Nuit sans éclairage public,Hors agglomération,Hors intersection,Normale,Autre collision,3,2,2,0,1,3,1,0,3,80,,1,0,0,1,0,60.0,,,,3,1,1,1,6
202100010625,2021-10-28 12:00:00,2021,10,28,12,0,16,16073,départementale 77,45.263107,0.058494,Plein jour,Hors agglomération,Intersection en X,Normale,Deux véhicules - côté,3,2,2,0,1,1,1,5,1,80,,3,1,0,2,0,90.0,68.0,,,1,1,2,1,3
202100010626,2021-10-28 12:15:00,2021,10,28,12,15,24,24171,2049 Route Napoléon,45.385197,0.90436,Plein jour,Hors agglomération,Intersection en X,Normale,Deux véhicules - côté,4,2,2,0,1,1,1,0,1,80,,2,1,0,1,0,15.0,69.0,,,1,1,2,1,3
202100010627,2021-10-28 18:45:00,2021,10,28,18,45,27,27075,D37,48.900281,0.699992,Plein jour,Hors agglomération,Hors intersection,Normale,Autre collision,3,2,2,0,1,3,1,0,1,80,,4,1,0,2,1,67.0,,,,1,1,1,1,6
202100010628,2021-10-28 12:44:00,2021,10,28,12,44,28,28071,D923,48.407967,1.096659,Plein jour,Hors agglomération,Hors intersection,Temps éblouissant,Deux véhicules - frontale,3,2,3,0,1,2,1,0,1,90,,4,0,1,1,2,32.0,41.0,,,1,1,1,7,1
202100010629,2021-10-25 23:28:00,2021,10,25,23,28,87,87110,N 141,45.905942,1.007068,Nuit sans éclairage public,Hors agglomération,Hors intersection,Pluie légère,Sans collision,2,3,4,0,4,2,2,0,8,110,,1,0,0,1,0,45.0,,,,3,1,1,2,7
202100010630,2021-10-29 03:45:00,2021,10,29,3,45,88,88099,RN57 échangeur Chavelot,48.22656,6.429877,Nuit sans éclairage public,Hors agglomération,Hors intersection,Normale,Autre collision,2,3,2,0,1,3,1,3,3,110,,3,0,0,1,2,25.0,,,,3,1,1,1,6
202100010631,2021-10-28 12:25:00,2021,10,28,12,25,95,95394,2 Avenue Marcel Perrin,49.069315,2.179375,Plein jour,En agglomération,Hors intersection,Normale,Autre collision,3,2,2,1,1,1,1,0,5,50,,2,1,0,0,1,72.0,,,,1,2,1,1,6
202100010632,2021-10-28 22:20:00,2021,10,28,22,20,38,38474,D1532,45.229161,5.649918,Nuit avec éclairage allumé,En agglomération,Hors intersection,Normale,Deux véhicules - frontale,7,2,2,0,1,1,1,0,1,50,,3,1,0,1,1,31.0,56.0,,,5,2,1,1,1
202100010633,2021-10-28 13:50:00,2021,10,28,13,50,25,25139,RD 48,47.012625,6.374731,Plein jour,Hors agglomération,Hors intersection,Normale,Autre collision,3,2,2,0,1,1,1,0,3,80,,1,0,0,0,1,25.0,,,,1,1,1,1,6
202100010634,2021-10-28 18:10:00,2021,10,28,18,10,38,38389,RD 53 intersection rue de l'europe,45.588591,5.061082,Crépuscule ou aube,Hors agglomération,Intersection en T,Normale,Deux véhicules - frontale,3,2,2,0,1,1,1,0,1,80,,2,1,0,1,0,26.0,39.0,,,2,1,3,1,1
202100010635,2021-10-28 09:00:00,2021,10,28,9,0,37,37003,1 avenue anatole france,47.4187019123,0.9826507385,Plein jour,En agglomération,Hors intersection,Normale,Deux véhicules - arrière,4,2,2,0,1,1,1,0,1,50,,2,1,0,0,1,15.0,44.0,,,1,2,1,1,2
202100010636,2021-09-25 01:25:00,2021,9,25,1,25,28,28349,RD 04 PR45+500,48.633447,1.609583,Nuit sans éclairage public,Hors agglomération,Hors intersection,Brouillard / fumée,Autre collision,3,2,2,0,1,1,1,0,3,-1,,1,0,0,0,1,37.0,,,,3,1,1,5,6
202100010637,2021-10-28 18:50:00,2021,10,28,18,50,95,95241,RD 47,49.0516438966,2.4442317247,Nuit sans éclairage public,En agglomération,Hors intersection,Normale,Deux véhicules - côté,3,2,2,0,1,1,1,0,1,90,,2,1,0,0,1,63.0,45.0,,,3,2,1,1,3
202100010638,2021-10-29 07:15:00,2021,10,29,7,15,34,34058,M610,43.6832703767,4.0043738057,Nuit sans éclairage public,Hors agglomération,Autre intersection,Pluie légère,Sans collision,7,2,2,0,1,3,2,0,3,80,,1,0,0,0,1,20.0,,,,3,1,9,2,7
202100010639,2021-10-28 17:40:00,2021,10,28,17,40,13,13066,D28,43.886498,4.890411,Plein jour,Hors agglomération,Hors intersection,Normale,Deux véhicules - côté,3,2,2,0,2,1,1,0,1,80,,3,0,0,1,2,73.0,22.0,,,1,1,1,1,3
202100010640,2021-10-28 18:00:00,2021,10,28,18,0,74,74087,1400 Route de Bonneville,46.115673,6.348429,Nuit sans éclairage public,Hors agglomération,Hors intersection,Normale,Deux véhicules - frontale,3,2,2,0,1,1,1,0,1,70,,2,0,0,1,1,77.0,54.0,,,3,1,1,1,1
202100010641,2021-10-29 12:45:00,2021,10,29,12,45,74,74079,D12,45.857447,6.329311,Plein jour,Hors agglomération,Intersection en Y,Normale,Deux véhicules - côté,3,2,2,0,2,1,1,0,1,80,,2,1,0,1,0,55.0,52.0,,,1,1,4,1,3
202100010642,2021-10-28 12:10:00,2021,10,28,12,10,44,44209,24 Rue de Nantes,47.309608,-1.618525,Plein jour,En agglomération,Hors intersection,Normale,Deux véhicules - côté,3,2,2,1,2,1,1,0,1,50,,2,1,0,0,1,32.0,,,,1,2,1,1,3