accident_id,datetime,annee,mois,jour,heure,minute,departement,commune_insee,adresse,latitude,longitude,luminosite,agglomeration,intersection,meteo,collision,catr,circ,nbv,vosp,prof,plan,surf,infra,situ,vma,nb_vehicules,nb_usagers,nb_indemnes,nb_tues,nb_blesses_hosp,nb_blesses_legers,age_cond_1,age_cond_2,veh_type_cond_1,veh_type_cond_2,lum_code,agg_code,int_code,atm_code,col_code
202100010643,2021-09-24 23:37:00,2021,9,24,23,37,38,38474,Rue de l Argentière,45.205611,5.682426,Nuit avec éclairage allumé,En agglomération,Intersection en X,Normale,Deux véhicules - frontale,7,-1,2,0,1,1,1,0,1,50,,3,2,0,1,0,30.0,41.0,,,5,2,2,1,1
202100010644,2021-10-28 19:50:00,2021,10,28,19,50,69,69171,SAIN-BEL (DE) (RTE),45.8044,4.604559,Nuit sans éclairage public,Hors agglomération,Hors intersection,Normale,Sans collision,3,2,2,0,2,4,1,0,3,80,,1,0,1,0,0,19.0,,,,3,1,1,1,7
202100010645,2021-10-26 14:30:00,2021,10,26,14,30,81,81038,rd 87,43.894452,1.89313,Plein jour,Hors agglomération,Intersection en X,Normale,Trois véhicules et plus - collisions multiples,3,2,1,0,2,1,1,0,1,80,,3,2,0,0,1,35.0,42.0,,,1,1,2,1,5
202100010646,2021-10-28 15:05:00,2021,10,28,15,5,09,09209,route de Sainte Croix Volvestre - rd 627,42.993776,1.161885,Plein jour,Hors agglomération,Intersection en Y,Normale,Deux véhicules - frontale,3,2,2,0,4,1,1,0,1,80,,2,1,0,0,1,16.0,39.0,,,1,1,4,1,1
202100010647,2021-10-29 12:20:00,2021,10,29,12,20,09,09185,D11,43.223973,1.704383,Plein jour,Hors agglomération,Hors intersection,Normale,Deux véhicules - frontale,3,3,2,0,1,1,1,0,1,80,,2,0,0,1,1,21.0,34.0,,,1,1,1,1,1
202100010648,2021-10-28 17:30:00,2021,10,28,17,30,09,09066,D11a,42.9601413696,1.558518441,Plein jour,En agglomération,Hors intersection,Normale,Sans collision,3,2,2,0,1,1,1,0,1,50,,1,0,0,0,1,56.0,,,,1,2,1,1,7
202100010649,2021-10-28 16:55:00,2021,10,28,16,55,44,44052,D773,47.37703,-2.097466,Plein jour,Hors agglomération,Intersection en X,Normale,Deux véhicules - côté,3,2,2,0,1,1,1,0,1,70,,3,0,0,1,2,20.0,40.0,,,1,1,2,1,3
202100010650,2021-10-28 19:13:00,2021,10,28,19,13,44,44037,La Petite Rochette,47.093829,-1.442323,Nuit sans éclairage public,Hors agglomération,Intersection en T,Pluie légère,Trois véhicules et plus - collisions multiples,3,2,2,0,1,1,2,0,1,90,,5,1,0,0,4,22.0,18.0,,,3,1,3,2,5
202100010651,2021-10-28 16:40:00,2021,10,28,16,40,44,44026,Chemin de Girouard,47.31155,-1.472292,Plein jour,Hors agglomération,Hors intersection,Normale,Autre collision,4,2,2,0,1,1,1,0,1,80,,2,1,0,1,0,90.0,,,,1,1,1,1,6
202100010652,2021-10-29 15:35:00,2021,10,29,15,35,14,14762,Berc. Bonnel - St Germain (Saint-Germain-de-Tallevende-la-Lande-Vaumont),48.782543,-0.896448,Plein jour,Hors agglomération,Hors intersection,Normale,Trois véhicules et plus - collisions multiples,3,2,2,0,2,1,1,0,1,80,,3,0,1,0,2,70.0,40.0,,,1,1,1,1,5
202100010653,2021-10-27 21:30:00,2021,10,27,21,30,56,56263,Lieu Dit Lescrezan,47.700087,-2.935549,Nuit sans éclairage public,Hors agglomération,Intersection en T,Normale,Deux véhicules - côté,3,2,2,0,1,1,1,0,1,80,,2,1,0,1,0,57.0,23.0,,,3,1,3,1,3
202100010654,2021-10-28 21:45:00,2021,10,28,21,45,29,29256,D108 - Rue du Menez hom,48.20217,-4.279577,Nuit sans éclairage public,Hors agglomération,Hors intersection,Pluie forte,Sans collision,3,2,2,0,2,2,2,0,1,80,,2,1,0,0,1,18.0,,,,3,1,1,3,7
202100010655,2021-10-29 14:50:00,2021,10,29,14,50,62,62865,Rue Nobled,50.326806,3.000512,Plein jour,Hors agglomération,Hors intersection,Pluie légère,Deux véhicules - côté,4,2,2,0,1,1,2,0,1,80,,2,1,0,0,1,16.0,27.0,,,1,1,1,2,3
202100010656,2021-10-28 12:00:00,2021,10,28,12,0,59,59133,14 rue salengro,50.52184306,2.96295052,Plein jour,En agglomération,Giratoire,Normale,Deux véhicules - côté,7,2,2,0,1,2,1,0,1,50,,2,1,0,0,1,26.0,43.0,,,1,2,6,1,3
202100010657,2021-10-24 18:28:00,2021,10,24,18,28,13,13117,A7-Sens Lyon vers Marseille,43.432041,5.257564,Plein jour,Hors agglomération,Hors intersection,Normale,Autre collision,1,-1,3,0,1,1,1,0,1,110,,2,1,0,0,1,35.0,46.0,,,1,1,1,1,6
202100010658,2021-10-27 10:56:00,2021,10,27,10,56,13,13106,A7-Sens Lyon vers Marseille,43.390791,5.351011,Plein jour,Hors agglomération,Hors intersection,Normale,Trois véhicules et plus - en chaîne,1,-1,3,0,2,1,1,0,1,50,,4,1,0,0,3,72.0,26.0,,,1,1,1,1,4
202100010659,2021-10-27 16:20:00,2021,10,27,16,20,13,13211,A50-Sens Marseille vers Aubagne,43.2928,5.4761,Plein jour,Hors agglomération,Hors intersection,Normale,Trois véhicules et plus - collisions multiples,1,3,3,0,1,1,1,0,1,90,,4,1,0,0,3,19.0,50.0,,,1,1,1,1,5
202100010660,2021-10-26 20:44:00,2021,10,26,20,44,13,13055,A507 sens Aubagne- Marseille,43.3308,5.38787,Nuit avec éclairage allumé,Hors agglomération,Hors intersection,Normale,Deux véhicules - frontale,1,1,3,0,1,3,1,1,1,70,,1,0,0,0,1,22.0,,,,5,1,1,1,1
202100010661,2021-10-27 16:40:00,2021,10,27,16,40,69,69276,D301   0.000 A 2.800,45.6823,4.85088,Plein jour,Hors agglomération,Hors intersection,Normale,Deux véhicules - côté,7,3,6,0,1,1,1,0,1,90,,2,1,0,0,1,35.0,25.0,,,1,1,1,1,3
202100010662,2021-10-27 09:05:00,2021,10,27,9,5,33,33249,ROCADE A 630,44.884691,-0.511765,Plein jour,Hors agglomération,Hors intersection,Normale,Trois véhicules et plus - en chaîne,1,3,6,0,1,1,1,0,1,90,,3,2,0,0,1,21.0,68.0,,,1,1,1,1,4
202100010663,2021-10-27 14:10:00,2021,10,27,14,10,59,59343,AUTOROUTE A1,50.589656,3.096583,Plein jour,Hors agglomération,Hors intersection,Normale,Trois véhicules et plus - collisions multiples,1,3,6,0,1,1,1,0,1,90,,3,2,0,0,1,53.0,43.0,,,1,1,1,1,5
202100010664,2021-10-28 19:30:00,2021,10,28,19,30,91,91434,AUTOROUTE A6,48.66799,2.35559,Nuit avec éclairage allumé,Hors agglomération,Hors intersection,Normale,Trois véhicules et plus - en chaîne,1,3,3,0,1,1,1,0,1,110,,5,4,0,0,1,42.0,27.0,,,5,1,1,1,4
202100010665,2021-10-28 13:57:00,2021,10,28,13,57,91,91235,RN 104,48.62486,2.36306,Plein jour,Hors agglomération,Hors intersection,Normale,Deux véhicules - côté,2,1,2,0,1,1,1,0,1,110,,3,2,0,0,1,21.0,32.0,,,1,1,1,1,3
202100010666,2021-10-28 06:55:00,2021,10,28,6,55,91,91340,RN 104,48.61004,2.43151,Nuit avec éclairage non allumé,Hors agglomération,Hors intersection,Normale,Trois véhicules et plus - collisions multiples,2,1,2,0,1,2,1,0,1,70,,7,4,0,0,3,55.0,31.0,,,4,1,1,1,5
202100010667,2021-10-28 08:05:00,2021,10,28,8,5,91,91161,AUTOROUTE A6,48.70215,2.30816,Crépuscule ou aube,Hors agglomération,Hors intersection,Normale,Deux véhicules - côté,1,1,4,0,1,1,1,0,1,110,,2,1,0,0,1,,39.0,,,2,1,1,1,3
202100010668,2021-10-27 15:00:00,2021,10,27,15,0,91,91689,AUTOROUTE A6,48.731965,2.315348,Plein jour,Hors agglomération,Hors intersection,Normale,Deux véhicules - arrière,2,3,3,0,1,1,1,0,1,110,,3,1,0,0,2,34.0,67.0,,,1,1,1,1,2
202100010669,2021-10-28 18:00:00,2021,10,28,18,0,78,78455,A13,48.85797,2.05277,Crépuscule ou aube,Hors agglomération,Hors intersection,Normale,Deux véhicules - arrière,1,3,4,0,1,1,1,0,1,110,,2,0,0,0,2,54.0,44.0,,,2,1,1,1,2
202100010670,2021-10-28 17:55:00,2021,10,28,17,55,78,78431,A13,48.942851,1.951567,Plein jour,Hors agglomération,Hors intersection,Normale,Deux véhicules - arrière,1,-1,3,0,1,1,1,0,1,130,,3,1,0,0,2,50.0,26.0,,,1,1,1,1,2
202100010671,2021-10-28 17:45:00,2021,10,28,17,45,93,93006,AUTOROUTE A3,48.867694451,2.4272502164,Plein jour,Hors agglomération,Hors intersection,Normale,Deux véhicules - arrière,1,3,6,0,1,1,1,0,1,90,,2,1,0,0,1,56.0,46.0,,,1,1,1,1,2
202100010672,2021-10-28 19:00:00,2021,10,28,19,0,93,93027,AUTOROUTE A1,48.9341878207,2.3905062963,Nuit avec éclairage non allumé,Hors agglomération,Hors intersection,Normale,Trois véhicules et plus - collisions multiples,1,3,10,0,1,1,1,0,1,90,,3,2,0,1,0,51.0,38.0,,,4,1,1,1,5
202100010673,2021-10-28 18:30:00,2021,10,28,18,30,93,93053,AUTOROUTE A3,48.881579,2.452949,Nuit sans éclairage public,Hors agglomération,Hors intersection,Normale,Deux véhicules - arrière,1,3,3,0,2,1,1,0,1,90,,2,1,0,0,1,49.0,29.0,,,3,1,1,1,2
202100010674,2021-10-28 15:45:00,2021,10,28,15,45,95,95277,A1,48.981734,2.500006,Plein jour,Hors agglomération,Hors intersection,Normale,Trois véhicules et plus - en chaîne,1,3,7,0,1,1,1,0,1,110,,5,0,0,0,5,47.0,23.0,,,1,1,1,1,4
202100010675,2021-10-28 16:15:00,2021,10,28,16,15,93,93013,AUTOROUTE A1,48.941269,2.427147,Plein jour,Hors agglomération,Hors intersection,Normale,Deux véhicules - arrière,1,3,8,0,1,1,1,0,1,90,,2,1,0,0,1,24.0,39.0,,,1,1,1,1,2
202100010676,2021-10-28 05:30:00,2021,10,28,5,30,93,93064,AUTOROUTE A86,48.88605,2.47277,Nuit sans éclairage public,Hors agglomération,Hors intersection,Temps couvert,Deux véhicules - arrière,1,-1,9,0,1,3,1,0,1,70,,2,1,0,0,1,49.0,35.0,,,3,1,1,8,2
202100010677,2021-10-27 18:20:00,2021,10,27,18,20,93,93051,A4,48.83509,2.57724,Nuit sans éclairage public,Hors agglomération,Hors intersection,Normale,Trois véhicules et plus - collisions multiples,1,3,6,0,1,1,1,0,1,110,,3,2,0,1,0,49.0,28.0,,,3,1,1,1,5
202100010678,2021-10-27 17:50:00,2021,10,27,17,50,94,94028,A86 INT,48.7941121614,2.4417938878,Nuit sans éclairage public,Hors agglomération,Hors intersection,Normale,Deux véhicules - arrière,1,1,0,0,1,1,1,0,1,90,,2,1,0,0,1,30.0,31.0,,,3,1,1,1,2
202100010679,2021-10-16 20:15:00,2021,10,16,20,15,92,92050,PICASSO PABLO AVENUE,48.890714356,2.2159540033,Nuit avec éclairage allumé,En agglomération,Hors intersection,Normale,Autre collision,4,-1,0,0,1,1,1,0,4,10,,2,1,0,0,1,,,,,5,2,1,1,6
202100010680,2021-10-26 07:55:00,2021,10,26,7,55,974,97407,GRENOBLE(RUE),-20.94544,55.29354,Plein jour,En agglomération,Autre intersection,Normale,Deux véhicules - frontale,4,2,2,0,1,1,1,9,1,30,,2,1,0,0,1,23.0,,,,1,2,9,1,1
202100010681,2021-10-27 14:45:00,2021,10,27,14,45,973,97302,CATAYEE (JUSTIN),4.92863,-52.32534,Plein jour,En agglomération,Hors intersection,Normale,Autre collision,3,2,2,0,1,1,1,0,1,50,,3,1,0,0,2,36.0,60.0,,,1,2,1,1,6
202100010682,2021-10-27 13:40:00,2021,10,27,13,40,973,97302,CATAYEE (JUSTIN),4.93011,-52.32595,Plein jour,En agglomération,Hors intersection,Normale,Autre collision,3,2,3,3,1,1,1,0,1,50,,4,1,0,0,3,34.0,,,,1,2,1,1,6
202100010683,2021-10-27 22:05:00,2021,10,27,22,5,69,69387,JEAN JAURES (AV),45.7482,4.84369,Nuit avec éclairage allumé,En agglomération,Intersection en X,Normale,Deux véhicules - côté,4,2,4,1,1,1,1,0,1,50,,3,1,0,0,2,30.0,18.0,,,5,2,2,1,3
202100010684,2021-10-27 19:00:00,2021,10,27,19,0,69,69383,FELIX FAURE                         (AV),45.75395,4.86128,Nuit avec éclairage allumé,En agglomération,Hors intersection,Normale,Deux véhicules - frontale,4,2,3,3,1,1,1,0,1,30,,2,1,0,1,0,32.0,39.0,,,5,2,1,1,1
202100010685,2021-10-27 07:40:00,2021,10,27,7,40,972,97209,CHATEAUBOEUF (ROUTE DE),14.61659,-61.04878,Plein jour,Hors agglomération,Hors intersection,Normale,Autre collision,3,2,2,0,1,1,1,9,1,50,,2,0,0,2,0,30.0,,,,1,1,1,1,6
202100010686,2021-10-27 03:44:00,2021,10,27,3,44,2B,2B033,TUNNEL,42.6948144393,9.4522243738,Nuit avec éclairage allumé,En agglomération,Hors intersection,Normale,Autre collision,2,2,2,0,1,1,1,1,6,50,,4,3,0,1,0,19.0,,,,5,2,1,1,6
202100010687,2021-10-27 17:09:00,2021,10,27,17,9,95,95598,GENERAL LECLERC   AVENUE DU,48.98038,2.30319,Plein jour,En agglomération,Hors intersection,Normale,Deux véhicules - arrière,3,2,2,0,1,1,1,0,1,50,,3,0,0,0,3,45.0,62.0,,,1,2,1,1,2
202100010688,2021-10-18 17:16:00,2021,10,18,17,16,88,88209,ABBE HAUSTETE (RUE),48.19755,6.43762,Plein jour,En agglomération,Intersection en T,Normale,Deux véhicules - côté,4,2,2,0,2,1,1,0,1,50,,2,1,0,0,1,51.0,52.0,,,1,2,3,1,3
202100010689,2021-10-27 07:45:00,2021,10,27,7,45,83,83137,VICTOIRE DU 8 MAI 1945 (AVE DE LA),43.13094,5.93791,Crépuscule ou aube,En agglomération,Intersection en Y,Normale,Autre collision,4,2,2,0,1,1,1,0,1,50,,2,1,0,0,1,71.0,,,,2,2,4,1,6
202100010690,2021-10-24 00:10:00,2021,10,24,0,10,78,78646,PONT COLBERT (RUE DU),48.789577,2.148481,Nuit avec éclairage allumé,En agglomération,Intersection en T,Normale,Deux véhicules - côté,4,2,2,0,2,1,1,0,1,50,,2,0,0,1,1,31.0,33.0,,,5,2,3,1,3
202100010691,2021-10-27 10:30:00,2021,10,27,10,30,77,77108,RUE HENRI BECQUEREL,48.892699,2.597744,Plein jour,En agglomération,Hors intersection,Normale,Autre collision,4,2,2,0,1,1,1,0,1,50,,2,1,0,1,0,36.0,,,,1,2,1,1,6
202100010692,2021-10-26 20:29:00,2021,10,26,20,29,77,77079,D210,48.4194,2.82635,Nuit sans éclairage public,Hors agglomération,Hors intersection,Normale,Deux véhicules - frontale,3,2,2,0,1,1,1,0,1,90,,2,0,0,0,2,37.0,31.0,,,3,1,1,1,1
202100010693,2021-10-27 17:00:00,2021,10,27,17,0,77,77085,AV DE LA FERME BRIARDE,48.85583,2.75319,Plein jour,En agglomération,Hors intersection,Normale,Autre collision,4,2,2,0,1,1,1,0,1,50,,2,1,0,0,1,20.0,,,,1,2,1,1,6
202100010694,2021-10-27 09:00:00,2021,10,27,9,0,76,76540,GAMBETTA. BOULEVARD,49.43867936,1.1079317167,Plein jour,En agglomération,Intersection en X,Normale,Deux véhicules - côté,7,2,2,0,1,1,1,-1,1,50,,2,1,0,0,1,45.0,26.0,,,1,2,2,1,3
202100010695,2021-09-27 05:02:00,2021,9,27,5,2,73,73065,GRAND VERGER (AVENUE DU),45.5809557352,5.9088997543,Nuit avec éclairage allumé,En agglomération,Hors intersection,Normale,Autre collision,3,2,2,0,1,1,1,0,4,50,,1,0,1,0,0,57.0,,,,5,2,1,1,6
202100010696,2021-10-27 13:00:00,2021,10,27,13,0,69,69275,ELISEE RECLUS (R),45.75492,4.95152,Plein jour,En agglomération,Hors intersection,Normale,Sans collision,4,2,2,1,1,3,1,0,5,50,,4,2,0,0,2,19.0,,,,1,2,1,1,7
202100010697,2021-10-26 16:30:00,2021,10,26,16,30,66,66136,SAUVY (ALFRED),42.68004,2.90348,Plein jour,En agglomération,Intersection en T,Normale,Deux véhicules - côté,4,2,3,0,1,1,1,0,1,50,,2,1,0,0,1,19.0,,,,1,2,3,1,3
202100010698,2021-10-26 07:36:00,2021,10,26,7,36,66,66136,SAINT-ASSISCLE (BOULEVARD DE),42.69586,2.87837,Nuit avec éclairage allumé,En agglomération,Hors intersection,Normale,Autre collision,4,2,2,0,1,1,1,0,1,50,,2,1,0,1,0,53.0,,,,5,2,1,1,6
202100010699,2021-10-26 13:32:00,2021,10,26,13,32,63,63164,AULNAT (RTE D),45.81208,3.15237,Plein jour,En agglomération,Hors intersection,Normale,Deux véhicules - arrière,7,2,2,0,1,1,1,0,1,50,,2,1,0,0,1,30.0,44.0,,,1,2,1,1,2
202100010700,2021-10-19 21:24:00,2021,10,19,21,24,63,63164,D 210 A (RTE),45.84423,3.16298,Nuit sans éclairage public,En agglomération,Hors intersection,Normale,Autre collision,7,2,2,0,1,1,1,0,1,50,,2,1,0,1,0,49.0,,,,3,2,1,1,6
202100010701,2021-10-19 14:41:00,2021,10,19,14,41,63,63113,FOREST (AVENUE FERNAND),45.79545,3.10436,Plein jour,Hors agglomération,Hors intersection,Normale,Deux véhicules - arrière,7,3,5,0,1,1,1,0,1,70,,2,1,1,0,0,31.0,77.0,,,1,1,1,1,2
202100010702,2021-10-26 11:35:00,2021,10,26,11,35,59,59178,POINCARE (BOULEVARD),50.36494,3.06968,Plein jour,En agglomération,Hors intersection,Normale,Autre collision,3,3,1,0,1,1,1,0,1,50,,3,2,0,1,0,36.0,,,,1,2,1,1,6
202100010703,2021-10-22 10:20:00,2021,10,22,10,20,57,57221,GRAND'RUE,49.3265,6.12039,Plein jour,En agglomération,Hors intersection,Temps éblouissant,Autre collision,3,-1,2,0,1,1,1,0,1,50,,2,1,0,1,0,51.0,,,,1,2,1,7,6
202100010704,2021-10-24 16:05:00,2021,10,24,16,5,52,52448,REPUBLIQUE (AVE DE LA) N° 90 A LA FIN,48.637698,4.939827,Plein jour,En agglomération,Hors intersection,Normale,Deux véhicules - côté,4,-1,2,0,1,1,1,0,1,50,,2,1,0,0,1,38.0,66.0,,,1,2,1,1,3
202100010705,2021-10-25 20:00:00,2021,10,25,20,0,50,50129,CARNOT (AVENUE),49.63884,-1.61645,Nuit avec éclairage allumé,En agglomération,Intersection en X,Normale,Deux véhicules - côté,3,2,2,1,1,1,1,5,1,50,,3,2,0,1,0,21.0,24.0,,,5,2,2,1,3
202100010706,2021-10-23 17:00:00,2021,10,23,17,0,49,49328,ESSARTS (CHEMIN DES),47.28936,-0.06502,Plein jour,En agglomération,Hors intersection,Normale,Deux véhicules - frontale,4,2,2,0,1,3,1,0,1,50,,2,0,0,0,2,39.0,39.0,,,1,2,1,1,1
202100010707,2021-10-22 08:00:00,2021,10,22,8,0,49,49328,PETON (AVENUE DU DOCTEUR),47.25631,-0.07677,Nuit avec éclairage allumé,En agglomération,Intersection en X,Normale,Deux véhicules - côté,4,2,2,0,2,1,1,0,1,50,,2,1,0,0,1,17.0,48.0,,,5,2,2,1,3
202100010708,2021-10-26 10:00:00,2021,10,26,10,0,49,49007,LEROY PLACE,47.4647,-0.54883,Plein jour,En agglomération,Intersection à plus de 4 branches,Normale,Deux véhicules - côté,4,1,2,0,1,2,1,0,1,30,,2,1,0,1,0,17.0,80.0,,,1,2,5,1,3
202100010709,2021-10-22 18:25:00,2021,10,22,18,25,44,44184,CÔTE D'AMOUR (RTE DE LA) 100 AU 362 - 13,47.25923,-2.24693,Plein jour,En agglomération,Intersection en X,Normale,Deux véhicules - côté,4,2,5,2,2,1,1,0,1,50,,2,1,0,0,1,31.0,29.0,,,1,2,2,1,3
202100010710,2021-10-27 14:29:00,2021,10,27,14,29,43,43157,6 Avenue de la Dentelle,45.04183,3.88861,Plein jour,En agglomération,Hors intersection,Normale,Deux véhicules - arrière,4,1,2,0,1,1,1,0,1,50,,4,3,0,1,0,76.0,37.0,,,1,2,1,1,2
202100010711,2021-10-24 04:20:00,2021,10,24,4,20,37,37233,CHER (LEVEE DU),47.3727560225,0.7588881254,Nuit sans éclairage public,En agglomération,Hors intersection,Normale,Autre collision,4,2,1,3,1,1,1,0,3,50,,2,0,0,2,0,18.0,,,,3,2,1,1,6
202100010712,2021-10-22 20:00:00,2021,10,22,20,0,36,36202,230 Avenue de Tours,46.82085,1.66589,Nuit avec éclairage allumé,En agglomération,Hors intersection,Normale,Autre collision,4,2,2,0,1,1,1,0,1,50,,1,0,0,1,0,27.0,,,,5,2,1,1,6
202100010713,2021-10-27 17:00:00,2021,10,27,17,0,35,35281,SOUVESTRE (RUE EMILE),48.06855,-1.69978,Plein jour,En agglomération,Intersection en T,Normale,Deux véhicules - arrière,4,2,2,0,1,2,1,0,1,50,,4,1,0,0,3,36.0,28.0,,,1,2,3,1,2
202100010714,2021-10-27 23:05:00,2021,10,27,23,5,33,33039,Cours Victor Hugo,44.81164,-0.5641,Nuit avec éclairage allumé,En agglomération,Intersection en T,Normale,Autre collision,4,2,2,0,1,2,1,0,1,30,,1,0,0,1,0,24.0,,,,5,2,3,1,6
202100010715,2021-10-24 03:32:00,2021,10,24,3,32,33,33063,Quai Louis XVIII,44.84355,-0.57019,Nuit avec éclairage allumé,En agglomération,Hors intersection,Normale,Deux véhicules - arrière,4,3,4,0,1,1,1,0,1,50,,2,1,0,0,1,26.0,24.0,,,5,2,1,1,2
202100010716,2021-10-27 14:40:00,2021,10,27,14,40,31,31555,BD DE LA GARE,43.604977904,1.4572106302,Plein jour,En agglomération,Hors intersection,Normale,Autre collision,4,1,3,3,1,1,1,5,1,50,,2,1,0,0,1,71.0,,,,1,2,1,1,6
202100010717,2021-10-27 08:00:00,2021,10,27,8,0,31,31555,RUE DES RENFORTS,43.59377,1.44329,Crépuscule ou aube,En agglomération,Hors intersection,Normale,Autre collision,4,2,1,0,1,1,1,0,1,50,,2,1,0,0,1,62.0,,,,2,2,1,1,6
202100010718,2021-10-26 12:45:00,2021,10,26,12,45,31,31555,VA007418 PONT JUMEAUX A620 Sortie 30,43.61101,1.41548,Plein jour,En agglomération,Autre intersection,Normale,Deux véhicules - côté,1,1,4,0,1,1,1,0,1,90,,4,2,0,0,2,46.0,21.0,,,1,2,9,1,3
202100010719,2021-10-26 15:12:00,2021,10,26,15,12,31,31483,FRANCOIS MITTERAND ( AVENUE),43.11263,0.75362,Plein jour,En agglomération,Hors intersection,Normale,Trois véhicules et plus - en chaîne,3,2,2,2,1,1,1,0,3,50,,7,4,0,0,3,67.0,50.0,,,1,2,1,1,4
202100010720,2021-10-27 19:00:00,2021,10,27,19,0,29,29051,Avenue de Lestonan,48.0124520578,-4.0141364335,Nuit sans éclairage public,Hors agglomération,Hors intersection,Normale,Autre collision,3,2,2,0,1,1,1,0,3,50,,1,0,0,0,1,39.0,,,,3,1,1,1,6
202100010721,2021-10-27 08:05:00,2021,10,27,8,5,27,27681,BONNARD (RUE PIERRE),49.09953,1.48841,Crépuscule ou aube,En agglomération,Intersection en Y,Brouillard / fumée,Autre collision,3,2,2,0,1,1,1,0,1,30,,2,1,0,1,0,43.0,,,,2,2,4,5,6
202100010722,2021-10-27 17:25:00,2021,10,27,17,25,70,70285,LÉON BLUM(AVENUE),47.58249,6.761206,Plein jour,En agglomération,Hors intersection,Normale,Autre collision,4,2,2,0,2,4,1,9,1,30,,2,1,0,1,0,52.0,,,,1,2,1,1,6
202100010723,2021-10-27 17:15:00,2021,10,27,17,15,18,18279,VOLTAIRE ( RUE ),47.2207854801,2.0674319965,Plein jour,En agglomération,Autre intersection,Normale,Deux véhicules - côté,4,2,1,0,1,1,1,0,1,50,,3,2,0,1,0,17.0,35.0,,,1,2,9,1,3
202100010724,2021-10-27 15:10:00,2021,10,27,15,10,18,18279,JUILLET (AVENUE DU 14),47.21558,2.0649,Plein jour,En agglomération,Autre intersection,Normale,Deux véhicules - côté,4,2,7,0,1,1,1,9,3,50,,2,1,0,0,1,19.0,18.0,,,1,2,9,1,3
202100010725,2021-10-27 15:38:00,2021,10,27,15,38,17,17200,HUIT MAI 1945   AVENUE DU,46.17901,-1.15258,Plein jour,En agglomération,Hors intersection,Normale,Autre collision,4,1,2,0,1,2,1,0,1,50,,1,0,0,0,1,55.0,,,,1,2,1,1,6
202100010726,2021-10-27 19:00:00,2021,10,27,19,0,13,13209,LÉON LACHAMP (ROUTE),43.2464,5.43345,Nuit avec éclairage allumé,En agglomération,Hors intersection,Normale,Deux véhicules - arrière,7,2,3,3,2,1,1,0,1,50,,2,0,0,0,2,29.0,17.0,,,5,2,1,1,2
202100010727,2021-10-27 21:20:00,2021,10,27,21,20,13,13206,ROGER BRUN (RUE),43.28529,5.39402,Nuit avec éclairage allumé,En agglomération,Hors intersection,Normale,Deux véhicules - côté,4,1,1,0,1,1,1,0,1,50,,2,1,0,0,1,22.0,32.0,,,5,2,1,1,3
202100010728,2021-09-27 17:45:00,2021,9,27,17,45,13,13201,LIEUTAUD (COURS)      2 A 52,43.29519,5.38175,Plein jour,En agglomération,Hors intersection,Normale,Deux véhicules - frontale,4,2,2,0,1,1,1,0,1,50,,2,1,0,0,1,,,,,1,2,1,1,1
202100010729,2021-10-27 15:52:00,2021,10,27,15,52,13,13204,FRANÇOISE DUPARC (BOULEVARD),43.30302,5.40007,Plein jour,En agglomération,Hors intersection,Normale,Deux véhicules - frontale,4,2,4,0,1,1,1,0,1,50,,2,1,0,0,1,49.0,,,,1,2,1,1,1
202100010730,2021-10-27 12:30:00,2021,10,27,12,30,13,13204,FRANÇOISE DUPARC (BOULEVARD),43.3052647711,5.4008747946,Plein jour,En agglomération,Hors intersection,Normale,Autre collision,4,2,5,3,1,1,1,0,4,50,,2,0,0,0,2,24.0,,,,1,2,1,1,6
202100010731,2021-10-27 11:15:00,2021,10,27,11,15,75,75118,PORTE DE CLIGNANCOURT,48.901013,2.349407,Plein jour,En agglomération,Hors intersection,Normale,Trois véhicules et plus - en chaîne,4,1,4,0,1,1,1,0,1,70,,5,4,0,0,1,48.0,44.0,,,1,2,1,1,4
202100010732,2021-10-27 07:40:00,2021,10,27,7,40,75,75116,ECHANGEUR AUTEUIL,48.853942,2.253986,Nuit sans éclairage public,En agglomération,Hors intersection,Normale,Deux véhicules - côté,4,1,3,0,1,1,1,1,1,70,,2,1,0,0,1,41.0,,,,3,2,1,1,3
202100010733,2021-10-26 13:40:00,2021,10,26,13,40,75,75115,BOULEVARD PERIPHERIQUE,48.8277,2.291932,Plein jour,En agglomération,Hors intersection,Normale,Autre collision,4,1,4,0,1,1,1,0,1,70,,1,0,0,0,1,40.0,,,,1,2,1,1,6
202100010734,2021-10-24 22:38:00,2021,10,24,22,38,75,75119,BOULEVARD PERIPHERIQUE,48.894488,2.39504,Nuit avec éclairage allumé,En agglomération,Hors intersection,Normale,Trois véhicules et plus - en chaîne,4,1,4,0,1,1,1,0,1,70,,4,2,0,0,2,,,,,5,2,1,1,4
202100010735,2021-10-27 14:15:00,2021,10,27,14,15,75,75119,RUE DE TANGER,48.887606,2.370296,Plein jour,En agglomération,Intersection en T,Normale,Autre collision,4,1,1,1,1,1,1,-1,5,30,,2,1,0,0,1,37.0,,,,1,2,3,1,6