accident_id,datetime,annee,mois,jour,heure,minute,departement,commune_insee,adresse,latitude,longitude,luminosite,agglomeration,intersection,meteo,collision,catr,circ,nbv,vosp,prof,plan,surf,infra,situ,vma,nb_vehicules,nb_usagers,nb_indemnes,nb_tues,nb_blesses_hosp,nb_blesses_legers,age_cond_1,age_cond_2,veh_type_cond_1,veh_type_cond_2,lum_code,agg_code,int_code,atm_code,col_code
202100010736,2021-10-27 02:45:00,2021,10,27,2,45,75,75116,PLACE CHARLES DE GAULLE,48.874011,2.29411,Nuit avec éclairage allumé,En agglomération,Place,Normale,Deux véhicules - côté,4,1,4,0,1,2,1,0,1,30,,2,1,0,0,1,,32.0,,,5,2,7,1,3
202100010737,2021-10-26 22:00:00,2021,10,26,22,0,75,75117,AVENUE DES TERNES,48.878643,2.294224,Nuit avec éclairage allumé,En agglomération,Intersection en X,Normale,Deux véhicules - côté,4,2,4,0,1,1,1,0,1,30,,2,1,0,0,1,28.0,,,,5,2,2,1,3
202100010738,2021-10-27 19:35:00,2021,10,27,19,35,75,75116,AVENUE DU PRESIDENT WILSON,48.863921,2.2905,Nuit avec éclairage allumé,En agglomération,Intersection en X,Normale,Deux véhicules - arrière,4,3,6,3,2,1,1,-1,6,50,,2,1,0,0,1,60.0,58.0,,,5,2,2,1,2
202100010739,2021-10-27 12:40:00,2021,10,27,12,40,75,75113,RUE DU JURA,48.838046,2.355939,Plein jour,En agglomération,Intersection en X,Normale,Autre collision,4,1,1,0,2,1,1,0,1,30,,2,1,0,0,1,54.0,,,,1,2,2,1,6
202100010740,2021-10-27 19:55:00,2021,10,27,19,55,75,75110,RUE DE LA GRANGE AUX BELLES,48.873704,2.364909,Nuit avec éclairage allumé,En agglomération,Intersection en X,Normale,Sans collision,4,1,1,0,1,1,1,0,1,30,,1,0,0,0,1,58.0,,,,5,2,2,1,7
202100010741,2021-10-26 22:50:00,2021,10,26,22,50,75,75108,AVENUE GEORGE V,48.870067,2.301004,Nuit avec éclairage allumé,En agglomération,Place,Normale,Deux véhicules - côté,4,2,4,0,1,1,1,0,1,30,,2,1,0,0,1,26.0,46.0,,,5,2,7,1,3
202100010742,2021-10-27 12:40:00,2021,10,27,12,40,75,75101,BOULEVARD DE SEBASTOPOL,48.860552,2.349354,Plein jour,En agglomération,Intersection en X,Normale,Autre collision,4,2,4,1,1,1,1,-1,5,15,,2,1,0,0,1,34.0,,,,1,2,2,1,6
202100010743,2021-10-25 17:15:00,2021,10,25,17,15,94,94052,STRASBOURG (BD DE),48.83638,2.47559,Plein jour,En agglomération,Hors intersection,Normale,Deux véhicules - côté,3,2,2,0,1,1,1,0,1,30,,2,1,0,0,1,57.0,18.0,,,1,2,1,1,3
202100010744,2021-10-27 20:15:00,2021,10,27,20,15,94,94041,Avenue Georges Gosnat,48.813278,2.388466,Nuit avec éclairage allumé,En agglomération,Intersection en T,Normale,Deux véhicules - arrière,3,2,3,3,1,1,1,0,1,50,,2,1,0,0,1,,37.0,,,5,2,3,1,2
202100010745,2021-10-27 05:45:00,2021,10,27,5,45,94,94021,Rue d’Agen,48.76212,2.34958,Nuit avec éclairage allumé,En agglomération,Hors intersection,Normale,Deux véhicules - côté,4,1,2,0,1,1,1,0,1,50,,2,1,0,0,1,32.0,30.0,,,5,2,1,1,3
202100010746,2021-10-26 20:15:00,2021,10,26,20,15,94,94011,Avenue de Paris,48.775791,2.480221,Nuit avec éclairage allumé,En agglomération,Autre intersection,Normale,Deux véhicules - côté,3,2,2,1,1,1,1,0,5,50,,2,1,0,0,1,46.0,45.0,,,5,2,9,1,3
202100010747,2021-10-27 21:00:00,2021,10,27,21,0,93,93073,BERRY (RUE DE),48.9438813996,2.5883325481,Nuit avec éclairage allumé,En agglomération,Hors intersection,Normale,Autre collision,4,2,2,0,2,1,1,0,1,50,,2,1,0,0,1,51.0,,,,5,2,1,1,6
202100010748,2021-10-27 19:17:00,2021,10,27,19,17,93,93073,POSTE (AVENUE DE LA),48.95567,2.58636,Nuit sans éclairage public,En agglomération,Hors intersection,Normale,Autre collision,4,2,2,0,1,1,1,0,1,50,,2,1,0,0,1,31.0,,,,3,2,1,1,6
202100010749,2021-10-27 13:00:00,2021,10,27,13,0,93,93070,Avenue Michelet,48.9077113049,2.3316415562,Plein jour,En agglomération,Hors intersection,Normale,Deux véhicules - côté,3,2,1,0,1,1,1,0,1,50,,2,1,0,0,1,58.0,57.0,,,1,2,1,1,3
202100010750,2021-10-26 09:45:00,2021,10,26,9,45,93,93066,"""MURGER HENRI, NR IMPAIRS""",48.918175204,2.3663284206,Plein jour,En agglomération,Hors intersection,Normale,Deux véhicules - côté,4,2,2,0,1,1,1,0,8,50,,2,1,0,0,1,35.0,40.0,,,1,2,1,1,3
202100010751,2021-10-27 16:15:00,2021,10,27,16,15,93,93055,BENJAMIN DELESSERT,48.8898814255,2.4194169044,Plein jour,En agglomération,Hors intersection,Normale,Deux véhicules - côté,4,2,0,1,1,1,1,0,1,50,,2,1,0,1,0,44.0,21.0,,,1,2,1,1,3
202100010752,2021-10-27 10:30:00,2021,10,27,10,30,93,93053,ROSNY (AVENUE DE) N° 53 A 243,48.88926,2.47121,Plein jour,En agglomération,Intersection en X,Normale,Deux véhicules - côté,3,-1,2,0,1,1,1,0,1,50,,2,1,0,0,1,30.0,24.0,,,1,2,2,1,3
202100010753,2021-10-27 20:10:00,2021,10,27,20,10,93,93046,JEAN JAURES BOULEVARD,48.92023,2.52657,Nuit avec éclairage allumé,En agglomération,Hors intersection,Normale,Autre collision,3,2,2,1,1,1,1,0,1,50,,2,1,0,0,1,22.0,,,,5,2,1,1,6
202100010754,2021-10-27 16:20:00,2021,10,27,16,20,93,93010,BAUDIN (RUE) DE 65 A 113,48.8990385974,2.471031181,Plein jour,En agglomération,Intersection en X,Normale,Deux véhicules - côté,3,2,2,-1,1,1,1,0,1,30,,2,1,0,0,1,53.0,25.0,,,1,2,2,1,3
202100010755,2021-10-27 14:38:00,2021,10,27,14,38,93,93001,JEAN JAURES  (AVE)  157 A 213,48.91164,2.4004,Plein jour,En agglomération,Hors intersection,Normale,Autre collision,3,2,2,0,1,1,1,0,1,50,,2,1,0,0,1,35.0,,,,1,2,1,1,6
202100010756,2021-10-26 22:24:00,2021,10,26,22,24,92,92051,"ACHILLE PERETTI (AVENUE, N° 90 A 96 ET 9",48.8843769762,2.2692802548,Nuit avec éclairage allumé,En agglomération,Autre intersection,Normale,Deux véhicules - côté,4,2,2,0,1,1,1,0,1,50,,3,2,0,0,1,45.0,79.0,,,5,2,9,1,3
202100010757,2021-10-27 19:20:00,2021,10,27,19,20,92,92007,BRIAND (AVENUE ARISTIDE) N° 162 A 300,48.7888936903,2.3189681768,Nuit avec éclairage allumé,En agglomération,Hors intersection,Normale,Deux véhicules - arrière,3,3,6,1,1,1,1,0,1,50,,2,1,0,0,1,61.0,31.0,,,5,2,1,1,2
202100010758,2021-10-22 11:50:00,2021,10,22,11,50,92,92004,BOURGUIGNONS ( RUE 33 A FIN ),48.913527,2.273226,Plein jour,En agglomération,Hors intersection,Normale,Autre collision,3,-1,0,0,1,1,1,0,4,30,,2,1,0,0,1,57.0,,,,1,2,1,1,6
202100010759,2021-10-28 01:00:00,2021,10,28,1,0,2A,2A198,D84 porto,42.268342,8.693801,Nuit avec éclairage allumé,En agglomération,Hors intersection,Normale,Sans collision,3,2,2,0,1,1,1,0,1,50,,1,0,0,1,0,28.0,,,,5,2,1,1,7
202100010760,2021-10-27 07:45:00,2021,10,27,7,45,83,83072,D562,43.480834,6.325593,Crépuscule ou aube,Hors agglomération,Hors intersection,Normale,Deux véhicules - côté,3,2,2,0,2,1,1,0,5,80,,2,1,0,0,1,29.0,31.0,,,2,1,1,1,3
202100010761,2021-10-27 16:40:00,2021,10,27,16,40,86,86183,D58,46.951979,0.6466357,Plein jour,Hors agglomération,Hors intersection,Normale,Deux véhicules - arrière,3,2,2,0,1,1,1,0,1,80,,2,1,0,1,0,37.0,72.0,,,1,1,1,1,2
202100010762,2021-10-27 21:30:00,2021,10,27,21,30,95,95134,RD 4,49.134778,2.237933,Nuit avec éclairage allumé,En agglomération,Hors intersection,Normale,Autre collision,3,2,2,0,1,1,1,0,3,-1,,1,0,0,0,1,37.0,,,,5,2,1,1,6
202100010763,2021-10-26 20:11:00,2021,10,26,20,11,95,95052,Rue de Senlis,49.143032,2.2939,Nuit sans éclairage public,En agglomération,Hors intersection,Normale,Deux véhicules - arrière,3,1,1,0,1,1,1,0,1,30,,4,2,0,0,1,,22.0,,,3,2,1,1,2
202100010764,2021-10-24 02:05:00,2021,10,24,2,5,33,33102,,44.586595,-0.110123,Nuit avec éclairage non allumé,En agglomération,Hors intersection,Normale,Autre collision,3,2,2,0,1,2,1,0,3,50,,1,0,0,1,0,34.0,,,,4,2,1,1,6
202100010765,2021-10-27 15:25:00,2021,10,27,15,25,68,68269,D106 PK 001+500,48.190367,7.346839,Plein jour,Hors agglomération,Hors intersection,Normale,Deux véhicules - frontale,3,2,2,0,1,1,1,0,1,80,,4,2,0,0,2,43.0,22.0,,,1,1,1,1,1
202100010766,2021-10-28 12:30:00,2021,10,28,12,30,63,63327,D2144,45.922162,3.12148,Plein jour,Hors agglomération,Hors intersection,Normale,Autre collision,3,2,2,0,1,2,1,0,3,80,,1,0,0,1,0,21.0,,,,1,1,1,1,6
202100010767,2021-10-27 08:45:00,2021,10,27,8,45,59,59641,Rue Haeghe Meulen Straete,50.965944,2.488091,Plein jour,Hors agglomération,Hors intersection,Normale,Sans collision,4,2,2,0,1,1,6,0,1,80,,1,0,0,1,0,15.0,,,,1,1,1,1,7
202100010768,2021-10-28 10:00:00,2021,10,28,10,0,62,62147,Rue de boisleux,50.206609,2.769456,Plein jour,Hors agglomération,Hors intersection,Normale,Autre collision,4,2,2,0,1,3,1,0,3,80,,1,0,1,0,0,22.0,,,,1,1,1,1,6
202100010769,2021-10-27 16:55:00,2021,10,27,16,55,51,51508,D412,48.6198627435,4.4175586945,Plein jour,Hors agglomération,Intersection en X,Temps éblouissant,Deux véhicules - côté,3,2,2,0,1,1,1,0,1,80,,2,1,1,0,0,81.0,27.0,,,1,1,2,7,3
202100010770,2021-10-26 17:10:00,2021,10,26,17,10,19,19125,D18,45.2850428277,2.0406280025,Crépuscule ou aube,Hors agglomération,Hors intersection,Temps éblouissant,Deux véhicules - côté,3,2,2,0,3,2,1,0,3,90,,2,1,0,1,0,51.0,29.0,,,2,1,1,7,3
202100010771,2021-10-28 12:00:00,2021,10,28,12,0,95,95612,RD 317,49.0041253063,2.4885207895,Plein jour,Hors agglomération,Hors intersection,Normale,Deux véhicules - arrière,3,3,4,0,2,1,1,0,1,90,,3,1,0,0,2,57.0,67.0,,,1,1,1,1,2
202100010772,2021-10-27 16:38:00,2021,10,27,16,38,56,56006,Les Placieux,47.901461,-2.295235,Plein jour,Hors agglomération,Hors intersection,Normale,Autre collision,4,2,1,0,1,3,1,0,3,80,,1,0,0,1,0,89.0,,,,1,1,1,1,6
202100010773,2021-10-28 17:15:00,2021,10,28,17,15,79,79066,,46.478477,-0.360532,Plein jour,Hors agglomération,Hors intersection,Normale,Deux véhicules - arrière,3,2,3,0,1,1,1,0,1,80,,2,1,0,1,0,32.0,24.0,,,1,1,1,1,2
202100010774,2021-10-27 14:30:00,2021,10,27,14,30,82,82137,D33,44.262666,1.858808,Plein jour,En agglomération,Hors intersection,Normale,Autre collision,3,2,2,0,2,1,1,0,3,80,,1,0,0,0,1,50.0,,,,1,2,1,1,6
202100010775,2021-10-24 16:45:00,2021,10,24,16,45,69,69174,D8,45.9289696756,4.3973447419,Plein jour,Hors agglomération,Hors intersection,Normale,Deux véhicules - frontale,3,2,2,0,2,3,1,0,1,80,,3,0,0,2,1,35.0,23.0,,,1,1,1,1,1
202100010776,2021-10-27 07:50:00,2021,10,27,7,50,32,32344,12 rue de la Menoue,43.652282,-0.085697,Crépuscule ou aube,En agglomération,Hors intersection,Brouillard / fumée,Autre collision,4,2,2,0,1,1,1,0,1,50,,2,0,1,0,1,15.0,,,,2,2,1,5,6
202100010777,2021-10-27 19:20:00,2021,10,27,19,20,71,71591,Route Départementale 906,46.443572,4.8836,Nuit sans éclairage public,Hors agglomération,Giratoire,Normale,Sans collision,3,1,2,0,1,2,1,0,1,80,,1,0,0,1,0,73.0,,,,3,1,6,1,7
202100010778,2021-10-27 17:00:00,2021,10,27,17,0,76,76374,Rue Guy de Maupassant,50.010345,1.495605,Plein jour,Hors agglomération,Hors intersection,Normale,Sans collision,9,-1,2,0,2,1,1,0,8,-1,,1,0,0,0,1,20.0,,,,1,1,1,1,7
202100010779,2021-10-14 13:23:00,2021,10,14,13,23,61,61214,Avenue Kennedy,48.764446,0.620508,Plein jour,En agglomération,Giratoire,Normale,Autre collision,3,2,2,0,1,1,1,0,1,30,,2,1,0,0,1,43.0,,,,1,2,6,1,6
202100010780,2021-10-21 07:30:00,2021,10,21,7,30,49,49228,D766,47.528699,0.194997,Plein jour,Hors agglomération,Intersection en T,Normale,Deux véhicules - côté,3,2,2,0,1,1,1,0,1,80,,2,1,0,1,0,53.0,53.0,,,1,1,3,1,3
202100010781,2021-10-28 12:40:00,2021,10,28,12,40,01,01034,D992,45.759262,5.712867,Plein jour,Hors agglomération,Hors intersection,Temps éblouissant,Deux véhicules - frontale,3,2,2,0,1,3,1,0,1,80,,2,1,1,0,0,49.0,43.0,,,1,1,1,7,1
202100010782,2021-10-28 18:45:00,2021,10,28,18,45,34,34142,D35,43.729305,3.280149,Crépuscule ou aube,Hors agglomération,Hors intersection,Normale,Deux véhicules - frontale,3,2,2,0,2,4,2,0,1,90,,5,0,0,0,5,35.0,74.0,,,2,1,1,1,1
202100010783,2021-10-27 15:15:00,2021,10,27,15,15,22,22085,Pont Begou,48.815398,-3.190906,Plein jour,Hors agglomération,Intersection en T,Normale,Deux véhicules - frontale,3,2,2,0,1,1,1,0,1,80,,2,1,0,1,0,67.0,17.0,,,1,1,3,1,1
202100010784,2021-10-28 18:45:00,2021,10,28,18,45,44,44019,D93,47.321207,-1.910445,Crépuscule ou aube,Hors agglomération,Hors intersection,Normale,Autre collision,3,2,2,0,1,1,1,0,1,80,,2,1,1,0,0,82.0,,,,2,1,1,1,6
202100010785,2021-10-27 15:40:00,2021,10,27,15,40,44,44128,Butte de Lance,47.537558,-1.927285,Plein jour,Hors agglomération,Intersection en X,Normale,Deux véhicules - côté,3,2,2,0,3,1,1,5,1,70,,2,1,0,1,0,62.0,65.0,,,1,1,2,1,3
202100010786,2021-10-28 03:00:00,2021,10,28,3,0,84,84089,RD 973,43.70066,5.454969,Nuit sans éclairage public,Hors agglomération,Hors intersection,Normale,,7,2,2,0,2,2,1,0,3,80,,1,0,0,0,1,33.0,,,,3,1,1,1,-1
202100010787,2021-09-06 07:00:00,2021,9,6,7,0,06,06151,M2565,43.91726,7.247225,Crépuscule ou aube,Hors agglomération,Hors intersection,Pluie légère,Deux véhicules - arrière,7,3,2,0,2,3,2,0,1,90,,2,1,0,0,1,22.0,46.0,,,2,1,1,2,2
202100010788,2021-10-28 19:40:00,2021,10,28,19,40,14,14278,D13,49.174704,-0.592543,Nuit sans éclairage public,Hors agglomération,Hors intersection,Normale,Deux véhicules - arrière,3,2,2,0,1,1,1,0,1,80,,2,1,0,1,0,19.0,23.0,,,3,1,1,1,2
202100010789,2021-10-27 16:15:00,2021,10,27,16,15,45,45135,Chambeaudoin,48.255277,2.040206,Plein jour,Hors agglomération,Hors intersection,Normale,Deux véhicules - arrière,3,2,2,0,1,1,1,0,1,80,,2,1,0,1,0,67.0,20.0,,,1,1,1,1,2
202100010790,2021-10-27 17:02:00,2021,10,27,17,2,45,45146,Route des Trays,47.719994,1.930992,Plein jour,Hors agglomération,Hors intersection,Temps éblouissant,Deux véhicules - côté,4,2,2,0,1,1,1,0,1,50,,2,1,0,0,1,41.0,61.0,,,1,1,1,7,3
202100010791,2021-10-27 21:30:00,2021,10,27,21,30,16,16287,RD 210,45.596211,0.069394,Nuit sans éclairage public,Hors agglomération,Autre intersection,Normale,Autre collision,3,1,1,0,2,3,1,3,1,70,,2,1,0,1,0,20.0,,,,3,1,9,1,6
202100010792,2021-10-28 10:20:00,2021,10,28,10,20,07,07095,rd538,44.995867,4.690819,Plein jour,Hors agglomération,Hors intersection,Normale,Deux véhicules - frontale,3,2,2,0,1,3,1,0,1,-1,,2,1,0,0,1,34.0,68.0,,,1,1,1,1,1
202100010793,2021-10-28 06:40:00,2021,10,28,6,40,07,07010,32 Rue Melchior de Voguë,45.241725,4.668267,Crépuscule ou aube,En agglomération,Hors intersection,Normale,Autre collision,3,2,2,0,1,1,1,0,1,50,,2,1,0,0,1,,,,,2,2,1,1,6
202100010794,2021-10-26 19:00:00,2021,10,26,19,0,21,21311,D 110,47.003542,5.236353,Nuit sans éclairage public,Hors agglomération,Hors intersection,Normale,Sans collision,3,2,2,0,2,4,1,0,1,80,,1,0,0,1,0,33.0,,,,3,1,1,1,7
202100010795,2021-10-28 14:45:00,2021,10,28,14,45,24,24547,Avenue Victor Hugo,45.131059,1.287546,Plein jour,En agglomération,Intersection en X,Normale,Deux véhicules - côté,3,2,2,0,1,1,1,5,1,50,,2,1,0,1,0,84.0,33.0,,,1,2,2,1,3
202100010796,2021-10-27 15:30:00,2021,10,27,15,30,85,85073,La Frise,46.497894,-1.193959,Plein jour,Hors agglomération,Intersection en X,Normale,Deux véhicules - côté,3,2,2,0,1,1,1,0,1,70,,4,1,0,0,3,70.0,16.0,,,1,1,2,1,3
202100010797,2021-10-27 19:00:00,2021,10,27,19,0,34,34320,D111,43.6637827676,3.7237268686,Nuit sans éclairage public,Hors agglomération,Intersection en T,Normale,Deux véhicules - côté,3,-1,1,0,1,1,1,0,1,80,,3,2,0,1,0,29.0,40.0,,,3,1,3,1,3
202100010798,2021-10-28 07:30:00,2021,10,28,7,30,68,68135,A35,47.589413,7.546368,Crépuscule ou aube,Hors agglomération,Hors intersection,Normale,Trois véhicules et plus - en chaîne,1,3,4,0,1,1,1,0,1,90,,6,5,0,0,1,22.0,24.0,,,2,1,1,1,4
202100010799,2021-10-10 16:15:00,2021,10,10,16,15,27,27102,A13,49.369827,0.767133,Plein jour,Hors agglomération,Hors intersection,Normale,Autre collision,1,3,4,0,1,1,1,0,3,130,,1,0,0,0,1,43.0,,,,1,1,1,1,6
202100010800,2021-10-28 12:00:00,2021,10,28,12,0,971,97134,Route du Bouchu,16.061238,-61.75893,Plein jour,Hors agglomération,Hors intersection,Normale,Autre collision,2,2,2,0,1,1,1,0,1,70,,2,1,0,1,0,58.0,,,,1,1,1,1,6
202100010801,2021-10-27 16:00:00,2021,10,27,16,0,30,30162,Route de Cardet,44.024468,4.033796,Plein jour,Hors agglomération,Autre intersection,Normale,Deux véhicules - côté,3,2,2,0,1,1,1,0,1,80,,4,3,0,0,1,86.0,27.0,,,1,1,9,1,3
202100010802,2021-10-27 20:45:00,2021,10,27,20,45,11,11076,Avenue des Pyrénées,43.312119,1.959311,Nuit avec éclairage allumé,En agglomération,Hors intersection,Normale,Autre collision,3,2,2,0,3,2,1,0,4,50,,1,0,0,1,0,25.0,,,,5,2,1,1,6
202100010803,2021-10-28 13:10:00,2021,10,28,13,10,34,34246,D118 - PK 09+450,43.729844,4.06095,Plein jour,Hors agglomération,Hors intersection,Temps couvert,Sans collision,3,2,2,0,2,4,1,0,3,80,,1,0,0,1,0,66.0,,,,1,1,1,8,7
202100010804,2021-10-27 20:40:00,2021,10,27,20,40,84,84092,Route de Sorgues,43.974032,4.858097,Nuit sans éclairage public,En agglomération,Intersection en Y,Normale,Autre collision,3,2,4,3,3,3,1,3,1,70,,2,1,1,0,0,34.0,41.0,,,3,2,4,1,6
202100010805,2021-10-28 19:35:00,2021,10,28,19,35,06,06048,182 Avenue Flaminius Raiberti,43.810515,7.313358,Nuit sans éclairage public,En agglomération,Hors intersection,Normale,Autre collision,3,2,2,0,1,1,1,0,1,50,,2,1,0,1,0,68.0,,,,3,2,1,1,6
202100010806,2021-10-27 10:15:00,2021,10,27,10,15,13,13110,Route Départementale 7n,43.464943,5.726538,Plein jour,Hors agglomération,Hors intersection,Normale,Deux véhicules - côté,7,2,2,0,1,1,1,0,8,80,,2,1,0,1,0,60.0,46.0,,,1,1,1,1,3
202100010807,2021-10-26 11:40:00,2021,10,26,11,40,67,67329,D426,48.451268,7.521225,Plein jour,Hors agglomération,Intersection en X,Normale,Deux véhicules - frontale,3,2,2,1,1,1,1,0,1,80,,2,1,0,0,1,37.0,13.0,,,1,1,2,1,1
202100010808,2021-10-27 15:00:00,2021,10,27,15,0,88,88104,D1,48.307926,5.690024,Plein jour,Hors agglomération,Hors intersection,Temps éblouissant,Deux véhicules - arrière,3,2,2,0,1,1,1,0,1,90,,2,1,0,1,0,72.0,51.0,,,1,1,1,7,2
202100010809,2021-10-27 15:20:00,2021,10,27,15,20,88,88090,11 Rue Marcel Goulette,48.373189,6.294077,Plein jour,En agglomération,Intersection en X,Normale,Deux véhicules - côté,3,2,2,0,2,1,1,0,1,50,,2,1,0,0,1,44.0,17.0,,,1,2,2,1,3
202100010810,2021-10-28 17:15:00,2021,10,28,17,15,54,54196,D913,48.559944,6.1852812762,Crépuscule ou aube,Hors agglomération,Intersection en X,Normale,Autre collision,3,2,1,0,2,1,1,0,1,80,,3,1,0,0,2,46.0,17.0,,,2,1,2,1,6
202100010811,2021-06-26 19:00:00,2021,6,26,19,0,07,07324,69 Route de Lamastre,45.06811,4.813008,Crépuscule ou aube,En agglomération,Intersection en T,Normale,Deux véhicules - côté,3,2,2,0,1,1,1,0,1,50,,3,1,0,2,0,59.0,37.0,,,2,2,3,1,3
202100010812,2021-10-27 17:05:00,2021,10,27,17,5,69,69242,PERRIERS (DES) (RTE),46.130267,4.762643,Plein jour,En agglomération,Intersection en T,Normale,Deux véhicules - côté,4,2,2,0,1,1,1,0,1,30,,2,1,0,1,0,14.0,29.0,,,1,2,3,1,3
202100010813,2021-10-27 18:00:00,2021,10,27,18,0,69,69052,LOZANNE (DE) (RTE),45.8749522221,4.7098141291,Plein jour,En agglomération,Intersection en T,Normale,Autre collision,3,2,2,0,1,1,1,0,1,50,,2,1,0,1,0,55.0,,,,1,2,3,1,6
202100010814,2021-08-24 13:33:00,2021,8,24,13,33,69,69010,REPUBLIQUE (DE LA) (PL),45.83617,4.615996,Plein jour,En agglomération,Hors intersection,Normale,Autre collision,4,2,2,0,2,1,1,0,4,30,,3,1,0,0,2,87.0,,,,1,2,1,1,6
202100010815,2021-10-28 07:10:00,2021,10,28,7,10,65,65147,RD 20,43.142575,0.228251,Nuit sans éclairage public,Hors agglomération,Hors intersection,Normale,Deux véhicules - frontale,3,2,2,0,1,1,1,0,1,80,,2,0,1,0,1,25.0,36.0,,,3,1,1,1,1
202100010816,2021-10-28 08:40:00,2021,10,28,8,40,33,33080,D1113,44.730866,-0.532258,Crépuscule ou aube,Hors agglomération,Intersection en T,Normale,Deux véhicules - côté,3,2,2,0,1,1,1,0,1,80,,2,1,0,1,0,43.0,34.0,,,2,1,3,1,3
202100010817,2021-10-28 09:08:00,2021,10,28,9,8,44,44215,Rond-point des échalonnières vertou,47.177375,-1.463413,Plein jour,En agglomération,Giratoire,Normale,Deux véhicules - côté,7,-1,1,0,1,1,1,5,1,50,,2,1,0,1,0,59.0,49.0,,,1,2,6,1,3
202100010818,2021-10-28 12:43:00,2021,10,28,12,43,22,22081,Rue des Grands Champs,48.481605,-2.644444,Plein jour,En agglomération,Hors intersection,Normale,Autre collision,6,-1,0,0,1,1,1,9,8,-1,,2,1,0,0,1,48.0,,,,1,2,1,1,6
202100010819,2021-10-24 11:45:00,2021,10,24,11,45,27,27412,D313,49.23868,1.119018,Plein jour,Hors agglomération,Intersection en T,Normale,Deux véhicules - arrière,3,2,2,0,1,1,1,0,1,80,,4,3,0,0,1,25.0,41.0,,,1,1,3,1,2
202100010820,2021-10-27 21:00:00,2021,10,27,21,0,60,60528,D153,49.243282,1.874585,Nuit sans éclairage public,Hors agglomération,Hors intersection,Normale,Sans collision,3,2,2,0,1,2,1,0,3,80,,1,0,0,0,1,26.0,,,,3,1,1,1,7
202100010821,2021-10-27 07:05:00,2021,10,27,7,5,59,59670,Rue Marcel Sembat,50.5497414671,2.9176922143,Nuit avec éclairage allumé,En agglomération,Hors intersection,Normale,Autre collision,4,-1,2,0,1,1,1,0,1,30,,2,1,0,0,1,28.0,,,,5,2,1,1,6
202100010822,2021-10-27 19:03:00,2021,10,27,19,3,13,13055,A507 sens Marseille - Aubagne,43.28786,5.42478,Nuit avec éclairage allumé,Hors agglomération,Hors intersection,Normale,Deux véhicules - arrière,1,3,4,0,1,1,1,1,1,70,,2,1,0,0,1,31.0,41.0,,,5,1,1,1,2
202100010823,2021-10-27 16:10:00,2021,10,27,16,10,13,13203,A557-Liaison A7 Marseille-A55 Marseille,43.32049,5.37297,Plein jour,En agglomération,Hors intersection,Normale,Deux véhicules - arrière,1,1,2,0,1,1,1,0,1,50,,4,3,0,0,1,21.0,25.0,,,1,2,1,1,2
202100010824,2021-10-27 17:50:00,2021,10,27,17,50,33,33065,ROUTE NATIONALE 230,44.82837,-0.50391,Plein jour,Hors agglomération,Hors intersection,Normale,Deux véhicules - côté,2,3,6,0,2,2,1,0,1,90,,2,1,0,0,1,30.0,37.0,,,1,1,1,1,3
202100010825,2021-10-27 14:10:00,2021,10,27,14,10,33,33162,ROCADE A 630,44.86447,-0.65368,Plein jour,Hors agglomération,Hors intersection,Normale,Trois véhicules et plus - en chaîne,1,3,4,0,1,1,1,3,1,70,,5,4,0,0,1,37.0,36.0,,,1,1,1,1,4
202100010826,2021-10-27 06:55:00,2021,10,27,6,55,33,33162,ROCADE A 630,44.871033,-0.642843,Nuit sans éclairage public,Hors agglomération,Hors intersection,Brouillard / fumée,Trois véhicules et plus - en chaîne,1,3,4,0,1,1,1,0,1,70,,3,2,0,0,1,35.0,23.0,,,3,1,1,5,4
202100010827,2021-10-27 19:35:00,2021,10,27,19,35,91,91377,AUTOROUTE A10,48.72051,2.29445,Nuit sans éclairage public,Hors agglomération,Hors intersection,Normale,Deux véhicules - arrière,1,1,3,0,1,1,1,0,1,110,,2,1,0,0,1,57.0,31.0,,,3,1,1,1,2
202100010828,2021-10-27 17:25:00,2021,10,27,17,25,91,91377,RD 188,48.73025,2.30035,Plein jour,En agglomération,Hors intersection,Normale,Deux véhicules - côté,3,4,2,0,1,1,1,5,1,50,,2,1,0,0,1,15.0,42.0,,,1,2,1,1,3
202100010829,2021-10-27 16:20:00,2021,10,27,16,20,94,94037,AUTOROUTE A6B,48.80959,2.34893,Plein jour,Hors agglomération,Hors intersection,Normale,Deux véhicules - côté,1,3,4,0,1,1,1,1,1,70,,2,1,0,0,1,32.0,24.0,,,1,1,1,1,3
202100010830,2021-10-27 08:05:00,2021,10,27,8,5,94,94038,AUTOROUTE A6B,48.774025289,2.3462096537,Plein jour,Hors agglomération,Hors intersection,Normale,Trois véhicules et plus - collisions multiples,1,3,3,0,1,1,1,0,1,90,,3,2,0,0,1,35.0,58.0,,,1,1,1,1,5
202100010831,2021-10-26 22:15:00,2021,10,26,22,15,91,91235,RN 104,48.62571,2.35303,Nuit sans éclairage public,Hors agglomération,Hors intersection,Normale,Sans collision,2,3,2,0,1,2,1,0,8,50,,2,0,0,0,2,20.0,,,,3,1,1,1,7
202100010832,2021-10-27 10:55:00,2021,10,27,10,55,78,78007,A13W,48.89743,2.00622,Plein jour,Hors agglomération,Hors intersection,Normale,Deux véhicules - arrière,1,1,2,0,2,1,1,0,1,110,,2,1,0,0,1,34.0,38.0,,,1,1,1,1,2