accident_id,datetime,annee,mois,jour,heure,minute,departement,commune_insee,adresse,latitude,longitude,luminosite,agglomeration,intersection,meteo,collision,catr,circ,nbv,vosp,prof,plan,surf,infra,situ,vma,nb_vehicules,nb_usagers,nb_indemnes,nb_tues,nb_blesses_hosp,nb_blesses_legers,age_cond_1,age_cond_2,veh_type_cond_1,veh_type_cond_2,lum_code,agg_code,int_code,atm_code,col_code
202100010833,2021-10-27 19:15:00,2021,10,27,19,15,93,93005,AUTOROUTE A1,48.9571638618,2.46145321,Crépuscule ou aube,Hors agglomération,Hors intersection,Normale,Deux véhicules - arrière,1,2,9,0,1,1,1,0,1,90,,2,1,0,0,1,30.0,39.0,,,2,1,1,1,2
202100010834,2021-10-27 13:20:00,2021,10,27,13,20,95,95572, A15,49.028201,2.12824,Plein jour,Hors agglomération,Hors intersection,Normale,Deux véhicules - côté,1,1,8,0,1,1,1,0,1,110,,2,1,0,0,1,45.0,22.0,,,1,1,1,1,3
202100010835,2021-10-27 02:00:00,2021,10,27,2,0,95,95607, A115,49.02144,2.21109,Nuit avec éclairage allumé,Hors agglomération,Hors intersection,Normale,Autre collision,1,-1,2,0,1,1,1,1,1,110,,1,0,0,0,1,22.0,,,,5,1,1,1,6
202100010836,2021-10-27 19:40:00,2021,10,27,19,40,77,77373,RN104,48.77754,2.61399,Nuit sans éclairage public,Hors agglomération,Hors intersection,Normale,Deux véhicules - arrière,2,-1,6,0,1,1,1,0,1,90,,3,2,0,0,1,63.0,32.0,,,3,1,1,1,2
202100010837,2021-10-27 17:05:00,2021,10,27,17,5,94,94017,A4,48.8273238388,2.5090636814,Plein jour,Hors agglomération,Hors intersection,Normale,Deux véhicules - arrière,1,3,8,0,1,1,1,1,1,90,,2,1,0,0,1,52.0,18.0,,,1,1,1,1,2
202100010838,2021-10-25 22:18:00,2021,10,25,22,18,79,79191,Rue du 14 Juillet,46.32303,-0.45616,Nuit avec éclairage allumé,En agglomération,Intersection en X,Normale,Deux véhicules - côté,4,2,2,0,1,1,1,5,1,30,,2,1,0,0,1,20.0,24.0,,,5,2,2,1,3
202100010839,2021-08-27 12:17:00,2021,8,27,12,17,36,36044,Rue Bourdillon,46.80777,1.69499,Plein jour,En agglomération,Hors intersection,Normale,Autre collision,4,2,2,0,1,2,1,0,1,50,,2,1,0,1,0,81.0,,,,1,2,1,1,6
202100010840,2021-10-25 07:35:00,2021,10,25,7,35,974,97411,RN2/043,-20.88654,55.48958,Plein jour,Hors agglomération,Hors intersection,Normale,Deux véhicules - arrière,2,1,4,3,1,1,1,0,1,70,,2,1,0,0,1,19.0,39.0,,,1,1,1,1,2
202100010841,2021-10-24 13:20:00,2021,10,24,13,20,974,97411,AUBER (RUE JULES),-20.8828,55.4543,Plein jour,En agglomération,Intersection en X,Normale,Deux véhicules - côté,4,1,1,0,1,1,1,0,1,50,,2,1,0,0,1,56.0,65.0,,,1,2,2,1,3
202100010842,2021-10-26 07:50:00,2021,10,26,7,50,974,97409,Grand Canal ( chemin),-20.96288,55.68689,Plein jour,En agglomération,Hors intersection,Normale,Deux véhicules - frontale,3,2,2,0,2,3,1,0,1,70,,4,2,0,1,1,25.0,30.0,,,1,2,1,1,1
202100010843,2021-10-25 17:35:00,2021,10,25,17,35,974,97409,BRAS DES CHEVRETTES (chemin),-20.967,55.62465,Crépuscule ou aube,Hors agglomération,Intersection en T,Normale,Deux véhicules - frontale,3,2,2,0,2,3,1,0,1,50,,2,1,0,0,1,31.0,39.0,,,2,1,3,1,1
202100010844,2021-10-25 16:30:00,2021,10,25,16,30,974,97407,CARPAYE(AVENUE),-20.94565,55.29838,Plein jour,En agglomération,Autre intersection,Temps couvert,Deux véhicules - frontale,4,2,2,0,1,1,1,9,1,50,,2,1,0,0,1,20.0,,,,1,2,9,8,1
202100010845,2021-10-26 16:30:00,2021,10,26,16,30,69,69386,VERGUIN (AV),45.77267,4.85659,Plein jour,En agglomération,Intersection en T,Normale,Deux véhicules - arrière,4,2,4,0,1,1,1,0,1,50,,2,1,0,0,1,67.0,49.0,,,1,2,3,1,2
202100010846,2021-10-26 07:15:00,2021,10,26,7,15,69,69383,LACASSAGNE                          (AV),45.75437,4.86676,Nuit avec éclairage allumé,En agglomération,Hors intersection,Normale,Autre collision,4,2,3,3,1,1,2,0,1,50,,2,1,0,0,1,37.0,,,,5,2,1,1,6
202100010847,2021-10-25 17:20:00,2021,10,25,17,20,69,69388,NARVIK (DE) (R),45.7290228101,4.8857545855,Plein jour,En agglomération,Intersection en T,Normale,Deux véhicules - côté,4,2,2,0,2,1,1,0,1,50,,2,1,0,0,1,44.0,43.0,,,1,2,3,1,3
202100010848,2021-10-25 06:40:00,2021,10,25,6,40,69,69385,CHAMPVERT (DE) (R),45.760549,4.7958,Nuit avec éclairage allumé,En agglomération,Hors intersection,Temps couvert,Deux véhicules - côté,4,2,2,0,2,1,1,0,1,50,,2,1,1,0,0,58.0,24.0,,,5,2,1,8,3
202100010849,2021-10-25 17:00:00,2021,10,25,17,0,971,97101,BOULEVARD DES HEROS,16.25179,-61.52107,Plein jour,En agglomération,Giratoire,Normale,Deux véhicules - côté,3,1,1,0,1,3,1,0,1,50,,2,1,0,0,1,23.0,17.0,,,1,2,6,1,3
202100010850,2021-10-26 07:00:00,2021,10,26,7,0,2A,2A004,BONAPARTE CHARLES  BD,41.9339735523,8.7525018454,Nuit avec éclairage allumé,En agglomération,Intersection en T,Normale,Deux véhicules - côté,2,3,5,0,1,1,1,0,1,50,,2,1,0,0,1,17.0,51.0,,,5,2,3,1,3
202100010851,2021-10-26 21:20:00,2021,10,26,21,20,91,91691,RUE DE VILLECRESNES,48.70745,2.4985,Nuit avec éclairage non allumé,En agglomération,Giratoire,Temps couvert,Sans collision,3,1,1,0,1,1,1,5,1,50,,1,0,0,0,1,31.0,,,,4,2,6,8,7
202100010852,2021-10-26 11:30:00,2021,10,26,11,30,91,91657,AV DE LA CONCORDE,48.7046,2.42278,Plein jour,En agglomération,Intersection en T,Normale,Autre collision,4,2,2,0,1,1,1,0,1,50,,2,1,0,0,1,,,,,1,2,3,1,6
202100010853,2021-10-25 08:50:00,2021,10,25,8,50,91,91114,RTE NATIONALE 6,48.67824,2.4965,Plein jour,Hors agglomération,Hors intersection,Pluie légère,Deux véhicules - arrière,2,3,4,0,1,1,2,0,1,50,,2,1,0,0,1,,27.0,,,1,1,1,2,2
202100010854,2021-10-22 15:40:00,2021,10,22,15,40,91,91521,BONTE (RUE),48.65847,2.41235,Plein jour,En agglomération,Hors intersection,Normale,Autre collision,3,-1,2,0,1,1,1,0,1,50,,2,1,0,0,1,70.0,,,,1,2,1,1,6
202100010855,2021-10-25 16:32:00,2021,10,25,16,32,87,87085,GRAND-TREUIL (RUE DU),45.8444,1.27057,Plein jour,En agglomération,Intersection en X,Normale,Deux véhicules - côté,4,2,2,0,1,1,1,5,1,50,,2,1,0,0,1,63.0,21.0,,,1,2,2,1,3
202100010856,2021-10-25 16:03:00,2021,10,25,16,3,87,87085,QUEUILLE (PLACE HENRI),45.81524,1.26942,Plein jour,En agglomération,Intersection en X,Pluie légère,Sans collision,4,1,2,0,1,3,2,5,1,50,,1,0,0,0,1,17.0,,,,1,2,2,2,7
202100010857,2021-10-26 16:20:00,2021,10,26,16,20,86,86066,Route de Lencloître,46.823042,0.509593,Plein jour,En agglomération,Intersection en X,Normale,Deux véhicules - frontale,3,-1,2,0,1,1,1,0,1,50,,3,1,0,0,2,47.0,88.0,,,1,2,2,1,1
202100010858,2021-10-22 19:35:00,2021,10,22,19,35,84,84080,VELLERON ROUTE DE,44.01251,5.00915,Plein jour,Hors agglomération,Autre intersection,Normale,Deux véhicules - côté,3,-1,1,0,1,1,1,0,1,80,,3,1,0,0,2,90.0,72.0,,,1,1,9,1,3
202100010859,2021-09-02 16:45:00,2021,9,2,16,45,84,84007,TARASCON ( Avenue de),43.91887,4.80933,Plein jour,En agglomération,Hors intersection,Pluie légère,Deux véhicules - côté,3,2,6,1,1,1,2,0,1,50,,4,3,0,1,0,64.0,41.0,,,1,2,1,2,3
202100010860,2021-10-25 11:45:00,2021,10,25,11,45,83,83061,D8,43.4348676761,6.7253279686,Plein jour,En agglomération,Autre intersection,Normale,Autre collision,3,-1,3,0,2,2,1,6,1,50,,5,3,0,0,2,65.0,,,,1,2,9,1,6
202100010861,2021-10-22 07:00:00,2021,10,22,7,0,80,80261,Rue Grimaux,49.84845,2.27206,Nuit avec éclairage allumé,En agglomération,Hors intersection,Normale,Deux véhicules - côté,3,2,2,0,1,1,1,0,1,50,,2,1,0,0,1,58.0,49.0,,,5,2,1,1,3
202100010862,2021-10-26 08:00:00,2021,10,26,8,0,77,77445,D150,48.5733,2.5905,Plein jour,En agglomération,Hors intersection,Brouillard / fumée,Deux véhicules - frontale,3,2,2,0,1,2,2,0,1,50,,2,1,0,0,1,36.0,37.0,,,1,2,1,5,1
202100010863,2021-10-24 07:49:00,2021,10,24,7,49,77,77431,FONTAINEBLEAU(AVENUE DE),48.278798,2.682572,Plein jour,En agglomération,Hors intersection,Brouillard / fumée,Autre collision,4,2,3,0,2,1,1,0,1,50,,2,1,0,1,0,20.0,,,,1,2,1,5,6
202100010864,2021-10-26 23:05:00,2021,10,26,23,5,77,77070,D934,48.79305,3.11173,Nuit sans éclairage public,Hors agglomération,Hors intersection,Normale,Deux véhicules - arrière,3,2,2,0,1,1,1,0,1,80,,2,1,0,0,1,33.0,,,,3,1,1,1,2
202100010865,2021-10-25 16:00:00,2021,10,25,16,0,76,76351,GUINEE (QUAI DE LA),49.48856,0.12123,Plein jour,En agglomération,Intersection en T,Normale,Deux véhicules - côté,4,2,2,0,1,1,1,0,1,50,,2,1,0,0,1,19.0,51.0,,,1,2,3,1,3
202100010866,2021-10-25 18:20:00,2021,10,25,18,20,74,74012,VAILLAT (RUE LEANDRE),46.19063,6.23714,Nuit avec éclairage allumé,En agglomération,Hors intersection,Normale,Deux véhicules - côté,4,2,2,0,1,1,1,0,1,50,,3,2,0,0,1,47.0,28.0,,,5,2,1,1,3
202100010867,2021-10-25 08:15:00,2021,10,25,8,15,73,73008,D1201 Boulevard Maréchal de Lattre de Tassigny,45.69656,5.90738,Plein jour,En agglomération,Giratoire,Normale,Deux véhicules - arrière,3,3,3,2,1,1,1,0,1,50,,2,1,0,1,0,20.0,24.0,,,1,2,6,1,2
202100010868,2021-10-26 17:30:00,2021,10,26,17,30,69,69029,GENAS (DE) (RTE),45.7479010381,4.9213546515,Plein jour,En agglomération,Hors intersection,Normale,Deux véhicules - côté,7,2,0,3,1,1,1,0,1,50,,2,1,0,0,1,32.0,35.0,,,1,2,1,1,3
202100010869,2021-10-26 16:45:00,2021,10,26,16,45,69,69013,SAINT JULIEN (DE) (RTE),46.0191926292,4.6807658672,Plein jour,Hors agglomération,Hors intersection,Normale,Autre collision,3,2,2,0,1,2,1,0,3,50,,2,0,0,0,2,27.0,,,,1,1,1,1,6
202100010870,2021-10-25 17:05:00,2021,10,25,17,5,67,67482,MITTELHAUSBERGEN (ROUTE DE),48.59777,7.71453,Plein jour,En agglomération,Intersection en T,Normale,Deux véhicules - arrière,4,2,3,0,1,1,1,0,1,50,,3,2,0,0,1,20.0,40.0,,,1,2,3,1,2
202100010871,2021-10-23 10:08:00,2021,10,23,10,8,66,66136,TORREILLES (AV DU DOCTEUR JEAN-LOUIS),42.69153,2.8724,Plein jour,En agglomération,Hors intersection,Normale,Autre collision,4,2,2,0,1,1,1,0,1,50,,2,1,0,1,0,57.0,,,,1,2,1,1,6
202100010872,2021-10-22 18:00:00,2021,10,22,18,0,66,66136,POINCARE (BOULEVARD HENRI),42.69115,2.89827,Plein jour,En agglomération,Hors intersection,Normale,Deux véhicules - côté,4,2,4,0,1,1,1,0,1,50,,2,1,0,0,1,52.0,38.0,,,1,2,1,1,3
202100010873,2021-10-25 15:29:00,2021,10,25,15,29,65,65440,DEBUSSY (BOULEVARD CLAUDE),43.22007,0.06574,Plein jour,En agglomération,Intersection en X,Temps éblouissant,Deux véhicules - côté,2,3,4,0,1,1,1,0,1,50,,2,0,0,0,2,47.0,51.0,,,1,2,2,7,3
202100010874,2021-10-26 15:55:00,2021,10,26,15,55,64,64260,LECLERC (BOULEVARD DU GENERAL),43.3684769444,-1.7709714174,Plein jour,En agglomération,Hors intersection,Normale,Deux véhicules - côté,3,2,2,0,1,1,1,0,1,50,,2,1,0,0,1,63.0,18.0,,,1,2,1,1,3
202100010875,2021-10-26 08:50:00,2021,10,26,8,50,64,64545,RD810,43.3466,-1.75735,Plein jour,Hors agglomération,Intersection en T,Normale,Deux véhicules - côté,3,2,2,0,2,1,2,0,1,70,,2,1,0,1,0,50.0,34.0,,,1,1,3,1,3
202100010876,2021-10-26 11:20:00,2021,10,26,11,20,64,64445,ALLEES DE MORLAAS DES,43.30773,-0.33913,Plein jour,En agglomération,Giratoire,Normale,Deux véhicules - côté,4,1,2,0,1,2,1,0,1,30,,2,1,0,0,1,81.0,26.0,,,1,2,6,1,3
202100010877,2021-10-26 10:45:00,2021,10,26,10,45,64,64102,ALSACE LORRAINE (BOULEVARD),43.4952,-1.46984,Plein jour,En agglomération,Hors intersection,Temps éblouissant,Autre collision,4,2,2,0,1,1,2,0,1,30,,2,1,0,0,1,69.0,,,,1,2,1,7,6
202100010878,2021-10-25 16:51:00,2021,10,25,16,51,64,64102,AQUITAINE  (Rond Point d'),43.487121,-1.46871,Plein jour,En agglomération,Hors intersection,Normale,Deux véhicules - côté,3,2,2,0,2,1,1,5,1,50,,3,1,0,0,2,67.0,48.0,,,1,2,1,1,3
202100010879,2021-10-24 04:26:00,2021,10,24,4,26,63,63075,BERGOUGNAN (AVENUE),45.77978,3.06821,Nuit avec éclairage allumé,En agglomération,Hors intersection,Normale,Autre collision,7,3,4,0,1,1,1,0,1,50,,1,0,0,0,1,23.0,,,,5,2,1,1,6
202100010880,2021-10-22 23:35:00,2021,10,22,23,35,63,63032,MONT-DORE (AVENUE DU),45.74739,3.07094,Nuit avec éclairage allumé,En agglomération,Intersection en Y,Normale,Autre collision,7,2,2,0,2,1,1,0,1,50,,1,0,0,0,1,24.0,,,,5,2,4,1,6
202100010881,2021-10-22 12:15:00,2021,10,22,12,15,63,63113,LAVOISIERS (BD),45.784,3.07614,Plein jour,En agglomération,Intersection en X,Normale,Deux véhicules - côté,7,1,3,0,1,1,1,0,1,50,,2,1,0,0,1,66.0,47.0,,,1,2,2,1,3
202100010882,2021-10-21 22:18:00,2021,10,21,22,18,63,63113,JOUHAUX (BD LEON),45.80043,3.11199,Nuit avec éclairage allumé,En agglomération,Intersection en X,Normale,Deux véhicules - côté,7,3,6,0,1,1,1,0,1,50,,3,1,0,0,2,19.0,26.0,,,5,2,2,1,3
202100010883,2021-10-18 11:41:00,2021,10,18,11,41,63,63014,ROUSSILLON (AVENUE DU),45.75526,3.12692,Plein jour,En agglomération,Hors intersection,Normale,Deux véhicules - côté,4,-1,2,0,1,1,1,0,1,50,,3,1,0,0,2,46.0,66.0,,,1,2,1,1,3
202100010884,2021-10-26 19:17:00,2021,10,26,19,17,62,62083,HOUCHIN (RUE D')  OU CD 171,50.465896,2.617282,Nuit sans éclairage public,Hors agglomération,Hors intersection,Pluie légère,Sans collision,3,2,2,0,1,1,6,0,1,80,,2,1,0,0,1,21.0,,,,3,1,1,2,7
202100010885,2021-10-25 16:00:00,2021,10,25,16,0,62,62617,LAC (AVENUE DU),50.476619,2.677968,Plein jour,En agglomération,Hors intersection,Normale,Autre collision,4,2,4,0,1,1,1,0,1,30,,2,1,0,0,1,85.0,,,,1,2,1,1,6
202100010886,2021-10-26 08:10:00,2021,10,26,8,10,61,61001,BOUCHER DE PERTHES (RUE),48.42977,0.10441,Crépuscule ou aube,En agglomération,Intersection en T,Temps couvert,Deux véhicules - arrière,4,2,2,0,1,1,2,0,1,30,,2,1,0,0,1,17.0,57.0,,,2,2,3,8,2
202100010887,2021-10-26 18:00:00,2021,10,26,18,0,59,59599,GAND (RUE DE),50.72673,3.15753,Crépuscule ou aube,En agglomération,Hors intersection,Pluie légère,Deux véhicules - côté,4,2,2,0,1,1,2,0,1,50,,2,1,0,0,1,48.0,27.0,,,2,2,1,2,3
202100010888,2021-10-26 02:50:00,2021,10,26,2,50,59,59350,LORRAINE BOULEVARD,50.63044,3.035,Nuit avec éclairage allumé,En agglomération,Intersection en X,Pluie légère,Autre collision,7,1,3,0,1,1,2,5,1,50,,2,1,1,0,0,31.0,18.0,,,5,2,2,2,6
202100010889,2021-10-24 16:20:00,2021,10,24,16,20,58,58194,VICTOR HUGO (BOULEVARD),46.9917,3.1531,Plein jour,En agglomération,Hors intersection,Normale,Deux véhicules - côté,4,2,2,0,1,1,1,0,8,50,,2,0,0,0,2,77.0,,,,1,2,1,1,3
202100010890,2021-10-25 14:40:00,2021,10,25,14,40,58,58194,MARECHAL LECLERC,46.998,3.1654,Plein jour,En agglomération,Intersection en T,Normale,Deux véhicules - arrière,3,2,3,3,1,1,1,0,1,50,,2,1,0,0,1,16.0,51.0,,,1,2,3,1,2
202100010891,2021-10-22 18:05:00,2021,10,22,18,5,58,58194,GRAND MOUESSE (FAUBOURG),46.98923,3.18754,Plein jour,En agglomération,Intersection en T,Normale,Deux véhicules - frontale,3,2,3,0,1,1,1,0,1,50,,2,1,0,1,0,38.0,50.0,,,1,2,3,1,1
202100010892,2021-10-25 08:40:00,2021,10,25,8,40,56,56121,Pénétrante de Lorient D465,47.76216,-3.38175,Plein jour,En agglomération,Hors intersection,Normale,Trois véhicules et plus - en chaîne,3,3,4,0,1,1,2,0,1,70,,3,2,0,0,1,25.0,28.0,,,1,2,1,1,4
202100010893,2021-10-26 17:20:00,2021,10,26,17,20,54,54547,MIRECOURT (ROUTE DE),48.6610073783,6.1877992228,Plein jour,En agglomération,Autre intersection,Normale,Deux véhicules - côté,7,2,3,1,1,4,1,0,5,50,,2,0,0,0,2,21.0,26.0,,,1,2,9,1,3
202100010894,2021-10-26 10:00:00,2021,10,26,10,0,54,54184,SOIXANTE NEUVIEME R.I. (AVENUE DU),48.70944,6.24011,Plein jour,En agglomération,Hors intersection,Normale,Deux véhicules - côté,4,2,2,0,1,1,1,0,1,50,,2,1,0,0,1,23.0,78.0,,,1,2,1,1,3
202100010895,2021-10-26 08:00:00,2021,10,26,8,0,54,54547,FORET DE HAYE (AVENUE DE LA),48.6510492604,6.1456717551,Plein jour,En agglomération,Hors intersection,Normale,Deux véhicules - arrière,7,2,4,0,1,1,1,0,1,50,,2,0,0,0,2,37.0,20.0,,,1,2,1,1,2
202100010896,2021-10-25 15:10:00,2021,10,25,15,10,52,52121,RD 674,48.11978,5.17223,Plein jour,Hors agglomération,Hors intersection,Normale,Deux véhicules - frontale,3,-1,2,0,1,1,1,0,1,80,,2,0,1,1,0,42.0,26.0,,,1,1,1,1,1
202100010897,2021-10-26 10:25:00,2021,10,26,10,25,51,51172,Rue des Remouleurs,49.2156001407,4.0639586104,Plein jour,En agglomération,Intersection en X,Normale,Deux véhicules - côté,4,2,2,0,1,1,1,0,1,50,,2,1,0,0,1,31.0,76.0,,,1,2,2,1,3
202100010898,2021-10-26 15:28:00,2021,10,26,15,28,50,50165,COUTANCES (ROUTE DE),48.84529,-1.5836,Plein jour,En agglomération,Giratoire,Normale,Autre collision,3,3,2,0,1,1,1,5,1,30,,1,0,0,0,1,90.0,,,,1,2,6,1,6
202100010899,2021-10-25 08:10:00,2021,10,25,8,10,50,50129,THIVET (AVENUE),49.63537,-1.656665,Plein jour,En agglomération,Hors intersection,Normale,Deux véhicules - côté,3,2,2,1,1,1,2,9,5,50,,2,1,0,0,1,36.0,38.0,,,1,2,1,1,3
202100010900,2021-10-24 05:40:00,2021,10,24,5,40,50,50129,CALIGNY (QUAI DE),49.64111,-1.62116,Nuit avec éclairage allumé,En agglomération,Hors intersection,Normale,Autre collision,4,2,4,0,1,3,1,0,3,50,,1,0,0,0,1,26.0,,,,5,2,1,1,6
202100010901,2021-10-25 16:44:00,2021,10,25,16,44,49,49267,ANGERS ROUTE,47.46711,-0.50018,Plein jour,En agglomération,Hors intersection,Normale,Sans collision,4,2,2,0,1,1,1,0,1,50,,1,0,0,0,1,20.0,,,,1,2,1,1,7
202100010902,2021-10-26 17:20:00,2021,10,26,17,20,44,44162,BOULEVARD SALVADOR ALLENDE,47.21912,-1.62166,Plein jour,En agglomération,Hors intersection,Normale,Deux véhicules - côté,4,3,0,0,1,3,1,0,1,50,,2,1,0,0,1,24.0,22.0,,,1,2,1,1,3
202100010903,2021-10-15 01:25:00,2021,10,15,1,25,42,42218,Rue Léon Nautin,45.4347832845,4.3898359067,Nuit avec éclairage allumé,En agglomération,Hors intersection,Normale,Autre collision,4,2,2,0,1,1,1,0,1,50,,2,1,0,0,1,26.0,,,,5,2,1,1,6
202100010904,2021-08-28 00:00:00,2021,8,28,0,0,42,42218,Rue Charles Perrault,45.4479450416,4.3682504296,Nuit avec éclairage allumé,En agglomération,Hors intersection,Normale,Deux véhicules - arrière,4,2,2,0,1,1,1,0,1,50,,2,1,0,0,1,22.0,45.0,,,5,2,1,1,2
202100010905,2021-10-20 06:30:00,2021,10,20,6,30,42,42218,Rue de Terrenoire,45.43328,4.41576,Nuit avec éclairage allumé,En agglomération,Hors intersection,Normale,Autre collision,4,2,2,0,1,2,1,0,4,50,,2,1,0,0,1,63.0,,,,5,2,1,1,6
202100010906,2021-09-28 20:45:00,2021,9,28,20,45,42,42218,Boulevard Jules Janin,45.4485582255,4.3902667246,Nuit avec éclairage allumé,En agglomération,Hors intersection,Normale,Autre collision,4,2,2,0,1,1,1,0,1,50,,2,1,0,0,1,31.0,,,,5,2,1,1,6
202100010907,2021-10-26 15:20:00,2021,10,26,15,20,37,37261,MARCEAU (RUE),47.3947347451,0.6845171147,Plein jour,En agglomération,Hors intersection,Normale,Deux véhicules - arrière,4,1,1,1,1,1,1,0,1,50,,2,1,0,0,1,62.0,13.0,,,1,2,1,1,2
202100010908,2021-10-26 21:45:00,2021,10,26,21,45,35,35238,GRIGNION (DU PERE),48.11123,-1.6868,Nuit avec éclairage allumé,En agglomération,Intersection en T,Normale,Autre collision,4,1,3,3,1,1,1,0,1,50,,2,1,0,1,0,,,,,5,2,3,1,6
202100010909,2021-10-26 17:30:00,2021,10,26,17,30,35,35051,BEAULIEU (PORTE DE),48.10506,-1.60288,Plein jour,En agglomération,Hors intersection,Normale,Deux véhicules - arrière,2,3,4,0,1,1,1,0,1,90,,5,3,0,0,2,30.0,34.0,,,1,2,1,1,2
202100010910,2021-10-26 08:15:00,2021,10,26,8,15,35,35051,FONTAINE (RUE DE LA),48.11405,-1.6073,Plein jour,En agglomération,Giratoire,Brouillard / fumée,Deux véhicules - côté,4,-1,2,0,1,1,1,0,1,50,,2,1,0,0,1,28.0,50.0,,,1,2,6,5,3
202100010911,2021-10-26 22:00:00,2021,10,26,22,0,33,33063,ACACIAS CAUD (RUE DES),44.86227,-0.61636,Nuit avec éclairage allumé,En agglomération,Intersection en Y,Normale,Deux véhicules - côté,4,2,2,0,1,1,1,0,1,50,,3,1,0,1,1,17.0,27.0,,,5,2,4,1,3
202100010912,2021-10-26 17:20:00,2021,10,26,17,20,33,33281,Avenue Marcel Dassault,44.84803,-0.70566,Plein jour,Hors agglomération,Hors intersection,Normale,Deux véhicules - côté,4,2,6,1,1,1,1,0,1,50,,2,1,0,0,1,29.0,58.0,,,1,1,1,1,3
202100010913,2021-10-25 16:20:00,2021,10,25,16,20,33,33522,Cours de la Libération,44.7982,-0.59992,Plein jour,En agglomération,Intersection en X,Normale,Trois véhicules et plus - en chaîne,4,1,4,0,2,1,1,0,1,50,,4,3,0,0,1,19.0,26.0,,,1,2,2,1,4
202100010914,2021-10-25 07:20:00,2021,10,25,7,20,33,33039,Avenue Lénine,44.7955,-0.55869,Nuit avec éclairage allumé,En agglomération,Giratoire,Pluie légère,Deux véhicules - côté,4,2,2,0,1,2,2,0,1,50,,2,1,0,1,0,20.0,18.0,,,5,2,6,2,3
202100010915,2021-10-25 17:00:00,2021,10,25,17,0,29,29232,Quai de l’Odet,47.99044056,-4.111961602,Plein jour,En agglomération,Hors intersection,Normale,Deux véhicules - côté,4,2,2,0,1,1,1,5,1,50,,2,1,0,0,1,22.0,77.0,,,1,2,1,1,3
202100010916,2021-08-30 16:38:00,2021,8,30,16,38,29,29019,Boulevard Léon Blum,48.4077,-4.4851,Plein jour,En agglomération,Hors intersection,Normale,Trois véhicules et plus - en chaîne,4,2,4,0,1,1,1,0,1,50,,3,2,0,0,1,22.0,24.0,,,1,2,1,1,4
202100010917,2021-10-26 19:10:00,2021,10,26,19,10,17,17200,Avenue de Lagord,46.181395,-1.158794,Crépuscule ou aube,En agglomération,Hors intersection,Normale,Deux véhicules - frontale,4,2,2,1,1,1,1,0,1,30,,2,1,0,0,1,36.0,50.0,,,2,2,1,1,1
202100010918,2021-10-25 19:40:00,2021,10,25,19,40,14,14137,GAULLE ( AVENUE CHARLES DE ),49.18958,-0.44182,Nuit sans éclairage public,En agglomération,Hors intersection,Normale,Autre collision,3,-1,1,0,1,1,2,0,1,1,,3,2,0,1,0,21.0,50.0,,,3,2,1,1,6
202100010919,2021-10-26 18:30:00,2021,10,26,18,30,13,13117,LONDRES (AVENUE DE),43.4339723449,5.2425869058,Crépuscule ou aube,En agglomération,Intersection en X,Normale,Deux véhicules - côté,3,1,1,0,1,1,1,0,1,50,,2,1,0,0,1,55.0,47.0,,,2,2,2,1,3
202100010920,2021-10-26 21:50:00,2021,10,26,21,50,13,13210,CAPELETTE (AVENUE DE LA),43.2806991632,5.4069969449,Nuit avec éclairage allumé,En agglomération,Hors intersection,Normale,Sans collision,4,3,2,0,1,3,1,0,1,50,,1,0,0,0,1,49.0,,,,5,2,1,1,7
202100010921,2021-10-26 13:40:00,2021,10,26,13,40,13,13215,LYON (RUE DE),43.3415,5.36032,Plein jour,En agglomération,Intersection en T,Normale,Deux véhicules - côté,4,2,2,0,2,1,1,5,1,50,,3,2,0,0,1,,48.0,,,1,2,3,1,3
202100010922,2021-10-25 17:20:00,2021,10,25,17,20,13,13047,D.5,43.4794714688,4.9963362897,Plein jour,Hors agglomération,Giratoire,Normale,Sans collision,7,2,4,0,2,3,1,0,1,50,,1,0,0,1,0,67.0,,,,1,1,6,1,7
202100010923,2021-10-25 20:45:00,2021,10,25,20,45,12,12176,RD 840,44.39666,2.5071,Nuit sans éclairage public,Hors agglomération,Hors intersection,Normale,Deux véhicules - arrière,3,2,2,0,1,1,1,0,1,90,,2,1,0,1,0,21.0,57.0,,,3,1,1,1,2
202100010924,2021-10-24 21:34:00,2021,10,24,21,34,12,12202,BRUXELLES (RUE DE),44.35873,2.56246,Nuit avec éclairage allumé,En agglomération,Hors intersection,Normale,Deux véhicules - frontale,4,2,2,0,2,2,1,0,1,50,,2,0,0,0,2,22.0,20.0,,,5,2,1,1,1
202100010925,2021-10-25 07:48:00,2021,10,25,7,48,10,10333,ROCADE OUEST (RD 610),48.2706,4.0489,Plein jour,En agglomération,Hors intersection,Normale,Deux véhicules - arrière,3,1,1,0,1,1,1,0,1,50,,2,1,0,0,1,19.0,45.0,,,1,2,1,1,2
202100010926,2021-10-25 23:20:00,2021,10,25,23,20,07,07070,BLACHES (CHEMIN DES GRANDES),44.957276,4.840082,Nuit sans éclairage public,En agglomération,Hors intersection,Normale,Sans collision,4,-1,2,0,3,2,1,0,1,50,,2,0,0,0,2,16.0,,,,3,2,1,1,7
202100010927,2021-10-26 23:30:00,2021,10,26,23,30,06,06104,FRANCE (AVENUE DE),43.753306,7.445747,Nuit avec éclairage allumé,En agglomération,Hors intersection,Normale,Sans collision,3,2,2,0,1,3,1,0,1,50,,1,0,0,0,1,15.0,,,,5,2,1,1,7