accident_id,datetime,annee,mois,jour,heure,minute,departement,commune_insee,adresse,latitude,longitude,luminosite,agglomeration,intersection,meteo,collision,catr,circ,nbv,vosp,prof,plan,surf,infra,situ,vma,nb_vehicules,nb_usagers,nb_indemnes,nb_tues,nb_blesses_hosp,nb_blesses_legers,age_cond_1,age_cond_2,veh_type_cond_1,veh_type_cond_2,lum_code,agg_code,int_code,atm_code,col_code
202100010928,2021-10-26 19:11:00,2021,10,26,19,11,75,75114,BOULEVARD PERIPHERIQUE,48.818788,2.331743,Crépuscule ou aube,En agglomération,Hors intersection,Normale,Sans collision,4,1,3,0,1,1,1,0,1,70,,1,0,0,0,1,48.0,,,,2,2,1,1,7
202100010929,2021-10-25 08:15:00,2021,10,25,8,15,75,75115,PORTE DE SEVRES,48.831424,2.282854,Plein jour,En agglomération,Hors intersection,Pluie légère,Sans collision,4,1,3,0,1,1,2,0,1,70,,1,0,0,0,1,40.0,,,,1,2,1,2,7
202100010930,2021-10-26 18:05:00,2021,10,26,18,5,75,75108,AVENUE DELCASSE,48.872587,2.314701,Crépuscule ou aube,En agglomération,Intersection en X,Normale,Autre collision,4,1,3,0,1,1,1,8,1,30,,2,1,0,1,0,33.0,,,,2,2,2,1,6
202100010931,2021-10-26 01:14:00,2021,10,26,1,14,75,75112,QUAI DE BERCY,48.829566102,2.3870962858,Nuit avec éclairage allumé,En agglomération,Intersection en Y,Normale,Autre collision,4,1,4,0,1,1,1,0,1,50,,1,0,0,1,0,38.0,,,,5,2,4,1,6
202100010932,2021-10-25 13:21:00,2021,10,25,13,21,75,75119,AVENUE DE FLANDRE,48.892439,2.378907,Plein jour,En agglomération,Intersection en X,Normale,Deux véhicules - arrière,4,1,3,3,1,1,1,-1,6,30,,2,1,0,0,1,47.0,31.0,,,1,2,2,1,2
202100010933,2021-10-26 18:33:00,2021,10,26,18,33,75,75118,BOULEVARD BARBES,48.884482,2.349494,Nuit avec éclairage allumé,En agglomération,Intersection en T,Normale,Deux véhicules - côté,4,2,6,0,1,1,1,0,1,30,,2,1,0,0,1,52.0,19.0,,,5,2,3,1,3
202100010934,2021-10-26 13:50:00,2021,10,26,13,50,75,75115,RUE DE L ABBE GROULT,48.839637,2.29654,Plein jour,En agglomération,Intersection en X,Normale,Deux véhicules - côté,4,1,1,0,1,1,1,0,1,30,,2,1,0,0,1,56.0,18.0,,,1,2,2,1,3
202100010935,2021-10-25 20:30:00,2021,10,25,20,30,75,75114,PLACE DES CINQ MARTYRS DU LYCEE BUFFON,48.838183,2.317432,Nuit avec éclairage allumé,En agglomération,Hors intersection,Normale,Deux véhicules - côté,4,2,2,0,1,1,1,8,1,50,,3,2,0,0,1,27.0,21.0,,,5,2,1,1,3
202100010936,2021-10-26 16:47:00,2021,10,26,16,47,75,75113,RUE DE TOLBIAC,48.825996,2.353653,Plein jour,En agglomération,Intersection en X,Normale,Sans collision,4,2,3,0,1,1,1,8,1,30,,1,0,0,0,1,27.0,,,,1,2,2,1,7
202100010937,2021-10-26 19:20:00,2021,10,26,19,20,75,75110,RUE DU FAUBOURG SAINT MARTIN,48.873775,2.358321,Nuit avec éclairage allumé,En agglomération,Intersection en X,Normale,Deux véhicules - côté,4,2,4,0,1,1,1,0,1,30,,2,1,0,0,1,21.0,45.0,,,5,2,2,1,3
202100010938,2021-10-26 09:25:00,2021,10,26,9,25,75,75110,RUE DES PETITES ECURIES,48.873969,2.348576,Plein jour,En agglomération,Hors intersection,Normale,Deux véhicules - frontale,4,2,2,1,1,1,1,-1,5,30,,2,1,0,0,1,24.0,37.0,,,1,2,1,1,1
202100010939,2021-10-26 12:40:00,2021,10,26,12,40,75,75107,AVENUE DE SUFFREN,48.852257,2.299195,Plein jour,En agglomération,Intersection en T,Normale,Deux véhicules - côté,4,2,2,0,1,1,1,0,1,30,,2,1,0,0,1,29.0,44.0,,,1,2,3,1,3
202100010940,2021-10-25 20:35:00,2021,10,25,20,35,75,75102,BOULEVARD DE SEBASTOPOL,48.867031,2.352976,Crépuscule ou aube,En agglomération,Intersection en X,Normale,Autre collision,4,1,3,2,1,1,1,-1,5,30,,2,1,0,0,1,41.0,42.0,,,2,2,2,1,6
202100010941,2021-10-25 20:50:00,2021,10,25,20,50,94,94046,Rue Jean Jaurès,48.78957,2.435357,Nuit avec éclairage allumé,En agglomération,Hors intersection,Pluie légère,Deux véhicules - côté,3,2,4,0,1,1,2,0,1,50,,2,1,0,0,1,51.0,52.0,,,5,2,1,2,3
202100010942,2021-10-26 21:35:00,2021,10,26,21,35,94,94021,Rue de Lorraine,48.76338,2.35513,Nuit avec éclairage allumé,En agglomération,Giratoire,Normale,Autre collision,4,1,1,0,1,4,1,5,3,50,,1,0,0,0,1,36.0,,,,5,2,6,1,6
202100010943,2021-10-26 14:30:00,2021,10,26,14,30,94,94038,Rue des Primevères,48.77739,2.35306,Plein jour,En agglomération,Intersection en X,Normale,Deux véhicules - côté,4,-1,1,0,1,1,1,0,1,50,,2,1,0,0,1,36.0,40.0,,,1,2,2,1,3
202100010944,2021-10-25 11:50:00,2021,10,25,11,50,94,94028,PASTEUR VALERY RADOT(IMPASSE ET RUE),48.77959,2.44318,Plein jour,En agglomération,Autre intersection,Normale,Deux véhicules - arrière,4,1,1,0,1,1,1,3,1,50,,2,1,0,0,1,22.0,42.0,,,1,2,9,1,2
202100010945,2021-10-26 16:35:00,2021,10,26,16,35,93,93078,BALLANGER (BD ROBERT),48.9539,2.53402,Plein jour,En agglomération,Intersection en T,Temps couvert,Deux véhicules - côté,3,2,2,0,1,1,2,0,1,50,,2,1,0,0,1,21.0,38.0,,,1,2,3,8,3
202100010946,2021-10-26 12:00:00,2021,10,26,12,0,93,93078,BALLANGER (BD ROBERT),48.95723,2.54417,Plein jour,En agglomération,Intersection en T,Temps couvert,Deux véhicules - côté,3,2,2,0,1,1,1,0,1,50,,3,2,0,0,1,48.0,32.0,,,1,2,3,8,3
202100010947,2021-10-26 09:10:00,2021,10,26,9,10,93,93059,MERCHER (PASSAGE),48.94933,2.35775,Plein jour,En agglomération,Intersection en T,Normale,Deux véhicules - côté,3,1,2,1,1,1,1,0,5,30,,2,1,0,0,1,38.0,38.0,,,1,2,3,1,3
202100010948,2021-10-26 10:15:00,2021,10,26,10,15,93,93013,KENNEDY (AVENUE JOHN FITZGERALD),48.93861,2.42615,Plein jour,En agglomération,Hors intersection,Normale,Deux véhicules - frontale,3,3,2,0,1,1,1,0,8,50,,1,0,0,0,1,57.0,,,,1,2,1,1,1
202100010949,2021-10-22 22:00:00,2021,10,22,22,0,93,93005,JEAN CHARCOT [CD115] (RUE),48.9331874767,2.4896155108,Nuit avec éclairage allumé,En agglomération,Intersection en T,Normale,Deux véhicules - frontale,3,2,4,0,1,1,1,0,1,50,,2,1,0,0,1,24.0,31.0,,,5,2,3,1,1
202100010950,2021-10-26 14:10:00,2021,10,26,14,10,92,92036,PORT CHARBONNIER (ROUTE DU),48.9377,2.2768,Plein jour,En agglomération,Intersection en X,Normale,Deux véhicules - côté,4,2,2,0,1,1,1,0,1,50,,2,1,0,1,0,43.0,30.0,,,1,2,2,1,3
202100010951,2021-10-26 03:00:00,2021,10,26,3,0,92,92036,COUTURE D'AUXERRE (RUE DE LA) (1/25),48.9250826021,2.2900177538,Nuit avec éclairage allumé,En agglomération,Intersection en T,Normale,Sans collision,3,3,2,0,1,1,1,0,1,50,,1,0,0,0,1,57.0,,,,5,2,3,1,7
202100010952,2021-10-24 13:25:00,2021,10,24,13,25,92,92024,VICTOR HUGO (BD),48.9017743293,2.3174643424,Plein jour,En agglomération,Intersection en T,Normale,Deux véhicules - côté,3,1,4,0,1,1,1,0,1,50,,2,1,0,0,1,49.0,55.0,,,1,2,3,1,3
202100010953,2021-10-26 16:55:00,2021,10,26,16,55,92,92019,DE VINCI LEONARD (AVENUE),48.7657009284,2.2509258986,Plein jour,En agglomération,Hors intersection,Normale,Autre collision,4,1,1,0,1,1,1,0,1,30,,2,1,0,0,1,26.0,,,,1,2,1,1,6
202100010954,2021-10-25 19:17:00,2021,10,25,19,17,92,92004,AULAGNIER ( QUAI ),48.9174035277,2.3198881745,Nuit avec éclairage allumé,En agglomération,Intersection en T,Normale,Autre collision,3,2,0,0,1,1,1,0,1,50,,2,1,0,0,1,,,,,5,2,3,1,6
202100010955,2021-10-26 16:00:00,2021,10,26,16,0,92,92002,ARISTIDE BRIAND (AVENUE),48.7604215504,2.307767272,Plein jour,En agglomération,Autre intersection,Normale,Deux véhicules - côté,3,3,2,1,1,1,1,0,1,50,,2,1,0,1,0,60.0,35.0,,,1,2,9,1,3
202100010956,2021-10-26 11:40:00,2021,10,26,11,40,92,92002,DIVISION LECLERC (53 A 217 - 58 A 186),48.73714,2.30177,Plein jour,En agglomération,Hors intersection,Normale,Deux véhicules - côté,3,3,2,0,2,1,1,0,1,50,,2,1,0,0,1,66.0,84.0,,,1,2,1,1,3
202100010957,2021-10-26 16:34:00,2021,10,26,16,34,66,66015,Village Catalan,42.577911,2.844794,Plein jour,Hors agglomération,Autre intersection,Normale,Autre collision,1,1,1,0,1,1,1,0,2,130,,2,1,0,1,0,33.0,,,,1,1,9,1,6
202100010958,2021-10-26 08:40:00,2021,10,26,8,40,974,97412,RN2,-21.377833,55.603427,Plein jour,En agglomération,Hors intersection,Normale,Deux véhicules - côté,2,2,2,0,1,1,1,0,1,50,,2,1,0,0,1,55.0,39.0,,,1,2,1,1,3
202100010959,2021-10-27 19:00:00,2021,10,27,19,0,11,11041,D67,43.32485,2.879856,Nuit sans éclairage public,Hors agglomération,Intersection en T,Normale,Deux véhicules - côté,3,2,2,0,1,1,1,0,1,80,,2,1,0,1,0,53.0,16.0,,,3,1,3,1,3
202100010960,2021-10-26 15:55:00,2021,10,26,15,55,01,01075,Chemin de Fournieux,46.023543,4.793893,Plein jour,Hors agglomération,Intersection en X,Normale,Deux véhicules - côté,4,3,2,0,1,1,1,0,1,50,,2,1,0,1,0,35.0,21.0,,,1,1,2,1,3
202100010961,2021-10-24 19:20:00,2021,10,24,19,20,71,71329,Route de Frontenard,46.927759,5.151547,Crépuscule ou aube,Hors agglomération,Hors intersection,Brouillard / fumée,Deux véhicules - frontale,3,2,2,0,1,3,2,0,1,80,,3,1,0,2,0,61.0,67.0,,,2,1,1,5,1
202100010962,2021-10-27 11:00:00,2021,10,27,11,0,30,30030,Hameau de Bézut,44.056062,4.271901,Plein jour,Hors agglomération,Intersection en T,Normale,Deux véhicules - côté,3,2,2,0,1,1,1,9,1,-1,,2,1,0,1,0,81.0,33.0,,,1,1,3,1,3
202100010963,2021-10-21 18:00:00,2021,10,21,18,0,74,74005,Avenue de Thonon,46.335888,6.478758,Plein jour,En agglomération,Hors intersection,Normale,Deux véhicules - côté,3,2,2,0,1,1,1,0,1,50,,2,1,0,0,1,33.0,48.0,,,1,2,1,1,3
202100010964,2021-10-27 13:30:00,2021,10,27,13,30,83,83057,RD 13 PK 49+950,43.37932,6.208949,Plein jour,Hors agglomération,Hors intersection,Normale,Deux véhicules - arrière,3,2,2,0,1,1,1,0,1,80,,2,1,0,1,0,19.0,89.0,,,1,1,1,1,2
202100010965,2021-10-14 17:50:00,2021,10,14,17,50,19,19192,Echaunie,45.111308,1.913815,Plein jour,Hors agglomération,Hors intersection,Normale,Trois véhicules et plus - collisions multiples,3,2,2,0,1,1,1,0,1,90,,4,1,0,0,3,69.0,48.0,,,1,1,1,1,5
202100010966,2021-10-26 15:05:00,2021,10,26,15,5,59,59018,Rue d Esquelbecq,50.854611,2.412765,Plein jour,Hors agglomération,Passage à niveau,Normale,Deux véhicules - frontale,4,2,2,0,1,1,6,4,1,70,,4,2,0,0,2,46.0,21.0,,,1,1,8,1,1
202100010967,2021-10-08 18:45:00,2021,10,8,18,45,79,79179,La Morinière,46.709571,-0.59645,Crépuscule ou aube,Hors agglomération,Intersection en X,Normale,Deux véhicules - côté,3,2,2,0,1,1,1,0,1,80,,2,1,0,1,0,26.0,62.0,,,2,1,2,1,3
202100010968,2021-10-27 08:15:00,2021,10,27,8,15,79,79077,27 Rue du Rivault,46.55927,-0.556043,Plein jour,En agglomération,Intersection en X,Normale,Deux véhicules - côté,4,2,2,0,1,1,1,0,1,50,,2,1,0,1,0,27.0,16.0,,,1,2,2,1,3
202100010969,2021-10-27 14:00:00,2021,10,27,14,0,2B,2B343,RT10,42.4928470377,9.4735622419,Plein jour,Hors agglomération,Hors intersection,Normale,Deux véhicules - arrière,2,2,2,0,1,1,1,0,1,70,,2,1,0,0,1,59.0,18.0,,,1,1,1,1,2
202100010970,2021-10-27 11:00:00,2021,10,27,11,0,2B,2B043,"RD 80, Erbalunga",42.774074,9.474925,Plein jour,En agglomération,Hors intersection,Normale,Deux véhicules - frontale,3,-1,2,0,1,1,1,0,1,30,,2,1,0,0,1,26.0,,,,1,2,1,1,1
202100010971,2021-10-27 09:10:00,2021,10,27,9,10,80,80754,D51,49.822452,1.95356,Plein jour,Hors agglomération,Hors intersection,Normale,Autre collision,3,2,2,0,1,3,1,0,3,80,,1,0,0,1,0,34.0,,,,1,1,1,1,6
202100010972,2021-10-26 19:00:00,2021,10,26,19,0,32,32165,RD12 - PK 15+330,43.590432,0.835176,Crépuscule ou aube,Hors agglomération,Hors intersection,Normale,Autre collision,3,2,2,0,2,1,1,0,3,80,,1,0,0,1,0,49.0,,,,2,1,1,1,6
202100010973,2021-10-25 10:14:00,2021,10,25,10,14,89,89464,Route de Bussy,48.076255,3.269899,Plein jour,Hors agglomération,Hors intersection,Normale,Deux véhicules - frontale,3,2,2,0,2,2,1,0,1,80,,2,1,1,0,0,67.0,19.0,,,1,1,1,1,1
202100010974,2021-10-26 20:00:00,2021,10,26,20,0,61,61344,Lieu Dit la Bruyere,48.673372,-0.236614,Nuit sans éclairage public,Hors agglomération,Hors intersection,Normale,Autre collision,3,2,2,0,1,1,1,0,1,90,,2,1,0,1,0,20.0,,,,3,1,1,1,6
202100010975,2021-10-26 18:00:00,2021,10,26,18,0,39,39478,30 Avenue de la Gare,46.390983,5.860884,Crépuscule ou aube,En agglomération,Hors intersection,Normale,Autre collision,4,2,2,0,1,1,1,0,1,50,,2,1,0,1,0,79.0,,,,2,2,1,1,6
202100010976,2021-10-24 16:45:00,2021,10,24,16,45,29,29010,5 Hameau de Creac H Guial,48.5126092124,-4.1260946909,Plein jour,Hors agglomération,Hors intersection,Normale,Autre collision,4,2,2,0,1,1,1,0,3,30,,2,1,0,0,1,9.0,,,,1,1,1,1,6
202100010977,2021-10-27 08:00:00,2021,10,27,8,0,29,29020,ZI des Pays-Bas,48.100509,-4.027579,Crépuscule ou aube,Hors agglomération,Intersection en T,Normale,Deux véhicules - frontale,3,2,2,0,1,1,1,5,1,70,,2,1,0,1,0,32.0,18.0,,,2,1,3,1,1
202100010978,2021-10-26 18:50:00,2021,10,26,18,50,38,38140,rond point croix des hayes,45.276895,5.87263,Nuit avec éclairage allumé,En agglomération,Giratoire,Autre,Deux véhicules - côté,3,1,2,2,1,2,1,0,1,50,,2,1,0,0,1,25.0,63.0,,,5,2,6,9,3
202100010979,2021-10-25 10:45:00,2021,10,25,10,45,38,38140,103 Avenue Joliot Curie,45.283966,5.882783,Plein jour,En agglomération,Hors intersection,Temps éblouissant,Deux véhicules - côté,3,-1,2,0,1,1,1,0,1,50,,2,1,0,0,1,28.0,54.0,,,1,2,1,7,3
202100010980,2021-10-23 10:40:00,2021,10,23,10,40,03,03082,14 Place du Champ de Foire,46.293906,2.742798,Plein jour,En agglomération,Hors intersection,Temps éblouissant,Autre collision,3,2,2,0,1,1,1,0,1,50,,2,1,0,1,0,66.0,,,,1,2,1,7,6
202100010981,2021-10-26 20:00:00,2021,10,26,20,0,72,72282,Lieu-dit l'Aumone,48.300939,-0.104145,Nuit sans éclairage public,Hors agglomération,Hors intersection,Normale,Autre collision,3,2,2,0,1,1,1,0,3,-1,,1,0,0,1,0,58.0,,,,3,1,1,1,6
202100010982,2021-10-27 07:55:00,2021,10,27,7,55,72,72054,Les Parcs,48.005946,0.357785,Crépuscule ou aube,Hors agglomération,Hors intersection,Normale,Deux véhicules - côté,3,2,2,0,1,1,1,0,1,80,,2,1,0,1,0,52.0,30.0,,,2,1,1,1,3
202100010983,2021-10-25 17:30:00,2021,10,25,17,30,72,72023,Rue de Villeneuve,48.169119,0.249531,Plein jour,Hors agglomération,Autre intersection,Pluie légère,Sans collision,3,2,2,0,2,2,2,0,1,70,,1,0,0,1,0,44.0,,,,1,1,9,2,7
202100010984,2021-10-26 15:10:00,2021,10,26,15,10,14,14172,D514,49.336952,-0.732694,Plein jour,Hors agglomération,Hors intersection,Normale,Sans collision,3,2,2,0,3,1,1,0,3,50,,1,0,0,1,0,68.0,,,,1,1,1,1,7
202100010985,2021-10-26 15:30:00,2021,10,26,15,30,50,50487,D40 - PK9+830 VILLIERS LE PRE,48.533445,-1.390007,Plein jour,Hors agglomération,Intersection en X,Normale,Deux véhicules - côté,3,2,2,0,1,1,1,0,1,80,,3,1,0,1,1,60.0,24.0,,,1,1,2,1,3
202100010986,2021-10-27 07:15:00,2021,10,27,7,15,60,60029,D981,49.366285,1.979095,Nuit sans éclairage public,Hors agglomération,Hors intersection,Brouillard / fumée,Deux véhicules - arrière,3,2,2,0,2,3,2,0,1,80,,2,0,0,0,2,20.0,29.0,,,3,1,1,5,2
202100010987,2021-10-27 07:30:00,2021,10,27,7,30,45,45203,D3,47.854725,1.713009,Crépuscule ou aube,Hors agglomération,Hors intersection,Brouillard / fumée,Deux véhicules - côté,3,2,2,0,1,1,2,0,1,80,,2,1,0,0,1,20.0,58.0,,,2,1,1,5,3
202100010988,2021-10-26 08:15:00,2021,10,26,8,15,16,16414,voie communale,45.85203,0.10996,Crépuscule ou aube,Hors agglomération,Hors intersection,Normale,Sans collision,4,2,2,0,1,2,1,0,3,80,,1,0,0,1,0,50.0,,,,2,1,1,1,7
202100010989,2021-10-27 08:45:00,2021,10,27,8,45,07,07078,17 rue des Alpes,45.254511,4.688153,Plein jour,En agglomération,Giratoire,Temps éblouissant,Autre collision,3,2,1,0,1,3,1,6,8,50,,2,1,0,0,1,31.0,21.0,,,1,2,6,7,6
202100010990,2021-10-27 13:45:00,2021,10,27,13,45,40,40069,D933s,43.596244,-0.646906,Plein jour,Hors agglomération,Hors intersection,Normale,Deux véhicules - frontale,3,2,2,0,2,1,1,0,1,80,,3,2,0,1,0,39.0,61.0,,,1,1,1,1,1
202100010991,2021-10-26 18:15:00,2021,10,26,18,15,24,24042,D 939 - gare de biras,45.297154,0.659931,Plein jour,Hors agglomération,Intersection en T,Normale,Deux véhicules - frontale,3,2,2,0,4,3,1,5,8,80,,2,0,0,1,1,42.0,82.0,,,1,1,3,1,1
202100010992,2021-10-25 09:00:00,2021,10,25,9,0,87,87180,RN 145,46.194983,1.268406,Plein jour,Hors agglomération,Hors intersection,Normale,Deux véhicules - frontale,2,2,2,0,1,1,1,0,1,80,,3,2,1,0,0,61.0,55.0,,,1,1,1,1,1
202100010993,2021-10-27 17:50:00,2021,10,27,17,50,49,49377,a11 pk 253.000,47.518324,-0.43249,Crépuscule ou aube,Hors agglomération,Autre intersection,Normale,Trois véhicules et plus - en chaîne,1,3,4,0,1,2,1,3,1,110,,6,4,0,1,1,45.0,48.0,,,2,1,9,1,4
202100010994,2021-10-21 01:11:00,2021,10,21,1,11,01,01451,A 40,46.242373,5.270348,Nuit sans éclairage public,Hors agglomération,Hors intersection,Vent fort / tempête,Autre collision,1,1,4,0,1,1,2,0,1,130,,1,0,0,1,0,52.0,,,,3,1,1,6,6
202100010995,2021-10-27 13:45:00,2021,10,27,13,45,988,98803,RT1,-21.601328,165.552517,Plein jour,Hors agglomération,Hors intersection,Normale,Autre collision,2,2,2,0,2,2,1,0,3,110,,1,0,0,1,0,52.0,,,,1,1,1,1,6
202100010996,2021-10-26 19:45:00,2021,10,26,19,45,973,97304,8 Avenue Auguste Boudinot,5.1755634617,-52.6497318596,Nuit sans éclairage public,En agglomération,Hors intersection,Normale,Deux véhicules - frontale,4,2,2,0,1,1,1,5,8,50,,2,1,1,0,0,72.0,30.0,,,3,2,1,1,1
202100010997,2021-10-19 00:53:00,2021,10,19,0,53,77,77142,Route de Serbonne,48.847537,2.923533,Nuit sans éclairage public,En agglomération,Hors intersection,Normale,Sans collision,4,1,2,0,1,3,1,0,8,50,,1,0,1,0,0,36.0,,,,3,2,1,1,7
202100010998,2021-10-26 14:40:00,2021,10,26,14,40,06,06002,D2211a,43.878812,6.792577,Plein jour,Hors agglomération,Hors intersection,Normale,Deux véhicules - frontale,3,2,2,0,1,4,1,0,1,80,,2,1,0,1,0,48.0,80.0,,,1,1,1,1,1
202100010999,2021-10-26 15:30:00,2021,10,26,15,30,13,13094,Laurade,43.792047,4.711901,Plein jour,Hors agglomération,Giratoire,Normale,Deux véhicules - côté,3,1,2,0,1,2,1,5,1,-1,,2,1,0,1,0,19.0,26.0,,,1,1,6,1,3
202100011000,2021-10-26 20:00:00,2021,10,26,20,0,13,13096,D38,43.463853,4.396119,Nuit sans éclairage public,Hors agglomération,Hors intersection,Normale,Deux véhicules - arrière,3,2,2,0,1,1,1,0,1,80,,3,1,0,2,0,58.0,57.0,,,3,1,1,1,2
202100011001,2021-10-27 16:00:00,2021,10,27,16,0,38,38344,Autoroute A7 PK 018.400,45.371323,4.807707,Plein jour,Hors agglomération,Hors intersection,Normale,Deux véhicules - côté,1,3,3,0,2,3,1,0,1,110,,3,1,0,0,2,85.0,51.0,,,1,1,1,1,3
202100011002,2021-10-22 04:30:00,2021,10,22,4,30,21,21609,D905,47.207325,5.310087,Nuit sans éclairage public,Hors agglomération,Hors intersection,Normale,Autre collision,3,2,2,0,1,1,1,0,3,90,,1,0,0,1,0,49.0,,,,3,1,1,1,6
202100011003,2021-10-26 16:30:00,2021,10,26,16,30,67,67300,Rue des Sports,48.542694,7.498056,Plein jour,En agglomération,Hors intersection,Temps éblouissant,Deux véhicules - frontale,4,2,2,0,1,2,1,0,1,50,,3,1,0,0,2,72.0,16.0,,,1,2,1,7,1
202100011004,2021-10-26 16:10:00,2021,10,26,16,10,38,38170,6 Rue de l Industrie,45.245306,5.659687,Plein jour,En agglomération,Hors intersection,Normale,Autre collision,4,2,2,0,1,1,1,0,1,50,,1,0,0,0,1,16.0,,,,1,2,1,1,6
202100011005,2021-10-26 21:20:00,2021,10,26,21,20,01,01049,1884 Route Nationale,45.84259,5.02697,Nuit avec éclairage allumé,En agglomération,Hors intersection,Normale,Autre collision,3,2,2,0,1,1,1,0,1,50,,1,0,0,1,0,37.0,,,,5,2,1,1,6
202100011006,2021-10-25 08:00:00,2021,10,25,8,0,69,69028,D311,45.720383,4.697642,Plein jour,En agglomération,Hors intersection,Normale,Deux véhicules - côté,3,2,2,0,1,1,1,0,1,70,,2,1,0,1,0,28.0,56.0,,,1,2,1,1,3
202100011007,2021-10-26 09:40:00,2021,10,26,9,40,69,69204,MARECHAL JOFFRE (PL),45.6945548589,4.7927641869,Plein jour,En agglomération,Intersection en X,Normale,Autre collision,7,2,2,0,1,1,1,0,1,50,,2,1,0,1,0,61.0,,,,1,2,2,1,6
202100011008,2021-10-26 17:15:00,2021,10,26,17,15,24,24223,29 Avenue Eugène le Roy,44.837506,0.74552,Plein jour,En agglomération,Autre intersection,Normale,Autre collision,6,-1,-1,0,1,1,1,0,8,50,,2,1,0,1,0,23.0,,,,1,2,9,1,6
202100011009,2021-10-26 15:15:00,2021,10,26,15,15,24,24223,Avenue d Aquitaine,44.834166,0.709873,Plein jour,En agglomération,Hors intersection,Normale,Deux véhicules - frontale,3,2,2,0,1,3,1,0,1,50,,3,0,0,1,2,74.0,65.0,,,1,2,1,1,1
202100011010,2021-10-04 13:45:00,2021,10,4,13,45,33,33003,Lotissement Place du Canton,44.938275,-0.490521,Plein jour,En agglomération,Hors intersection,Normale,Deux véhicules - côté,4,2,1,0,1,1,1,0,1,50,,2,1,0,1,0,32.0,49.0,,,1,2,1,1,3
202100011011,2021-10-26 09:40:00,2021,10,26,9,40,14,14658,Bocagnerie -Msl Clinchamps (Mesnil-Clinchamps),48.848732,-0.963629,Plein jour,Hors agglomération,Hors intersection,Temps éblouissant,Autre collision,4,2,1,0,1,1,6,0,1,80,,1,0,0,1,0,83.0,,,,1,1,1,7,6
202100011012,2021-10-27 10:10:00,2021,10,27,10,10,80,80685,26 Rue de Paris,49.696552,2.78949,Plein jour,En agglomération,Hors intersection,Normale,Autre collision,3,-1,2,0,2,1,1,0,1,50,,2,1,0,0,1,38.0,,,,1,2,1,1,6
202100011013,2021-10-27 05:00:00,2021,10,27,5,0,80,80002,Autoroute A1 sens Paris/Lille pk 116+100,49.838259,2.830696,Nuit sans éclairage public,Hors agglomération,Hors intersection,Normale,Sans collision,1,3,3,0,1,1,1,0,3,130,,1,0,0,0,1,30.0,,,,3,1,1,1,7
202100011014,2021-10-27 17:30:00,2021,10,27,17,30,62,62627,Rue de Tortequenne,50.305133,3.027779,Plein jour,En agglomération,Hors intersection,Normale,Autre collision,4,2,2,0,1,2,1,0,1,50,,4,3,0,1,0,26.0,,,,1,2,1,1,6
202100011015,2021-10-26 20:40:00,2021,10,26,20,40,59,59249,78 Rue Léo Lagrange,50.020824,4.048247,Nuit avec éclairage allumé,En agglomération,Hors intersection,Pluie légère,Autre collision,4,2,2,0,2,1,2,0,1,-1,,2,1,1,0,0,34.0,,,,5,2,1,2,6
202100011016,2021-10-26 13:13:00,2021,10,26,13,13,13,13005,A52-Sens Pont de l'Etoile vers Toulon,43.307,5.592,Plein jour,Hors agglomération,Hors intersection,Normale,Trois véhicules et plus - collisions multiples,1,1,2,0,1,1,1,0,2,130,,3,0,0,0,3,49.0,,,,1,1,1,1,5
202100011017,2021-10-26 14:00:00,2021,10,26,14,0,13,13071,A7-Sens Lyon vers Marseille,43.4076516388,5.2885542977,Plein jour,Hors agglomération,Hors intersection,Normale,Deux véhicules - arrière,1,1,3,0,1,1,1,0,1,90,,2,1,0,0,1,24.0,,,,1,1,1,1,2
202100011018,2021-10-26 11:45:00,2021,10,26,11,45,13,13117,A7-Sens Lyon vers Marseille,43.4523010037,5.2380806208,Plein jour,Hors agglomération,Hors intersection,Normale,Deux véhicules - arrière,1,1,2,0,1,1,1,0,1,110,,3,1,0,0,2,57.0,32.0,,,1,1,1,1,2
202100011019,2021-10-26 07:55:00,2021,10,26,7,55,13,13215,A7-Sens Lyon vers Marseille,43.36997,5.36097,Crépuscule ou aube,Hors agglomération,Hors intersection,Brouillard / fumée,Deux véhicules - arrière,1,1,3,0,1,1,1,0,1,90,,2,1,0,0,1,49.0,40.0,,,2,1,1,5,2
202100011020,2021-10-25 18:00:00,2021,10,25,18,0,13,13070,A50-Sens Aubagne vers Marseille,43.286,5.531,Plein jour,Hors agglomération,Hors intersection,Normale,Deux véhicules - arrière,1,3,3,0,1,1,1,0,1,90,,3,2,0,0,1,46.0,21.0,,,1,1,1,1,2
202100011021,2021-10-25 14:18:00,2021,10,25,14,18,13,13210,A50-Sens Aubagne vers Marseille,43.2844437906,5.4054918,Plein jour,Hors agglomération,Hors intersection,Normale,Deux véhicules - côté,1,1,3,0,1,1,1,0,1,90,,3,1,0,0,2,66.0,26.0,,,1,1,1,1,3
202100011022,2021-10-24 16:51:00,2021,10,24,16,51,83,83137,A57,43.123469,5.959749,Plein jour,Hors agglomération,Hors intersection,Normale,Deux véhicules - arrière,1,3,4,0,1,1,1,8,1,70,,2,1,0,1,0,27.0,31.0,,,1,1,1,1,2