accident_id,datetime,annee,mois,jour,heure,minute,departement,commune_insee,adresse,latitude,longitude,luminosite,agglomeration,intersection,meteo,collision,catr,circ,nbv,vosp,prof,plan,surf,infra,situ,vma,nb_vehicules,nb_usagers,nb_indemnes,nb_tues,nb_blesses_hosp,nb_blesses_legers,age_cond_1,age_cond_2,veh_type_cond_1,veh_type_cond_2,lum_code,agg_code,int_code,atm_code,col_code
202100011023,2021-10-26 15:55:00,2021,10,26,15,55,33,33397,AUTOROUTE A 10,44.918398,-0.476729,Plein jour,Hors agglomération,Hors intersection,Normale,Trois véhicules et plus - en chaîne,1,3,6,0,2,1,1,0,1,130,,3,2,0,0,1,58.0,53.0,,,1,1,1,1,4
202100011024,2021-10-26 09:00:00,2021,10,26,9,0,91,91692,RD 118,48.6795825375,2.191439867,Plein jour,Hors agglomération,Hors intersection,Normale,Deux véhicules - arrière,2,3,4,0,1,1,1,0,1,90,,2,1,0,0,1,33.0,43.0,,,1,1,1,1,2
202100011025,2021-10-25 19:10:00,2021,10,25,19,10,91,91434,AUTOROUTE A6,48.669231,2.351462,Nuit sans éclairage public,Hors agglomération,Hors intersection,Normale,Deux véhicules - arrière,1,3,6,0,2,1,1,0,1,110,,2,1,0,0,1,34.0,32.0,,,3,1,1,1,2
202100011026,2021-10-25 09:00:00,2021,10,25,9,0,92,92036,RN315 W,48.934791795,2.3020891821,Plein jour,Hors agglomération,Hors intersection,Normale,Autre collision,2,3,2,0,1,1,1,0,1,90,,1,0,0,0,1,30.0,,,,1,1,1,1,6
202100011027,2021-10-26 16:10:00,2021,10,26,16,10,93,93066,AUTOROUTE A1,48.907492,2.358115,Plein jour,Hors agglomération,Hors intersection,Normale,Deux véhicules - arrière,1,3,8,0,1,1,1,0,1,90,,2,1,0,0,1,26.0,19.0,,,1,1,1,1,2
202100011028,2021-10-26 08:20:00,2021,10,26,8,20,93,93078,AUTOROUTE A104,48.96487,2.5192,Plein jour,Hors agglomération,Hors intersection,Normale,Autre collision,1,3,6,0,1,4,2,0,1,90,,1,0,0,0,1,19.0,,,,1,1,1,1,6
202100011029,2021-10-26 08:10:00,2021,10,26,8,10,93,93066,AUTOROUTE A86,48.92219,2.36125,Crépuscule ou aube,Hors agglomération,Hors intersection,Normale,Trois véhicules et plus - collisions multiples,1,3,8,0,1,1,1,0,1,90,,3,2,0,0,1,,57.0,,,2,1,1,1,5
202100011030,2021-10-26 08:05:00,2021,10,26,8,5,93,93007,AUTOROUTE A1,48.95075,2.44942,Plein jour,Hors agglomération,Hors intersection,Normale,Deux véhicules - arrière,1,3,8,0,1,1,1,0,1,110,,2,1,0,0,1,40.0,47.0,,,1,1,1,1,2
202100011031,2021-10-26 06:30:00,2021,10,26,6,30,93,93048,AUTOROUTE A86,48.8654454247,2.4818530668,Nuit sans éclairage public,Hors agglomération,Hors intersection,Autre,Deux véhicules - côté,1,3,6,0,2,3,1,0,1,70,,2,1,0,0,1,28.0,54.0,,,3,1,1,9,3
202100011032,2021-10-25 22:00:00,2021,10,25,22,0,95,95527, A1,48.99853,2.52015,Nuit avec éclairage non allumé,Hors agglomération,Hors intersection,Normale,Trois véhicules et plus - collisions multiples,1,3,0,0,1,1,1,0,1,110,,5,1,0,0,4,41.0,26.0,,,4,1,1,1,5
202100011033,2021-10-25 18:10:00,2021,10,25,18,10,93,93010,AUTOROUTE A3,48.89182,2.4732,Plein jour,Hors agglomération,Hors intersection,Normale,Deux véhicules - arrière,1,1,3,0,1,1,1,0,1,90,,2,1,0,0,1,53.0,30.0,,,1,1,1,1,2
202100011034,2021-10-25 08:40:00,2021,10,25,8,40,95,95582,A15,48.97334,2.2462,Plein jour,Hors agglomération,Hors intersection,Pluie légère,Trois véhicules et plus - collisions multiples,1,3,6,0,1,1,2,0,1,110,,3,2,0,0,1,58.0,49.0,,,1,1,1,2,5
202100011035,2021-10-25 08:50:00,2021,10,25,8,50,93,93064,AUTOROUTE A86,48.86718,2.48166,Plein jour,Hors agglomération,Hors intersection,Pluie légère,Trois véhicules et plus - collisions multiples,1,1,3,0,1,1,2,0,1,90,,4,2,0,0,2,,35.0,,,1,1,1,2,5
202100011036,2021-10-26 17:15:00,2021,10,26,17,15,77,77169,A4.Y,48.83129,2.60279,Crépuscule ou aube,Hors agglomération,Hors intersection,Normale,Deux véhicules - arrière,1,1,3,0,1,1,1,0,1,110,,2,1,0,0,1,64.0,26.0,,,2,1,1,1,2
202100011037,2021-10-26 09:00:00,2021,10,26,9,0,77,77294,RN104,48.9557745296,2.6266009959,Plein jour,Hors agglomération,Hors intersection,Normale,Autre collision,1,1,2,0,1,1,2,0,1,90,,3,2,0,0,1,26.0,46.0,,,1,1,1,1,6
202100011038,2021-10-17 20:20:00,2021,10,17,20,20,94,94046,A86 EXT,48.8129273331,2.4489557692,Nuit sans éclairage public,Hors agglomération,Hors intersection,Normale,Deux véhicules - côté,1,3,8,0,1,1,1,0,1,90,,2,1,0,0,1,31.0,56.0,,,3,1,1,1,3
202100011039,2021-10-25 09:45:00,2021,10,25,9,45,69,69266,ROGER SALENGRO (AV),45.77659,4.87422,Plein jour,En agglomération,Intersection en X,Normale,Autre collision,4,3,2,3,1,1,1,0,1,50,,2,1,0,1,0,,,,,1,2,2,1,6
202100011040,2021-10-25 17:50:00,2021,10,25,17,50,06,06123,DE GAULLE GENERAL AVENUE,43.667543,7.192388,Plein jour,En agglomération,Hors intersection,Normale,Deux véhicules - côté,7,2,2,0,1,1,1,6,4,50,,2,1,0,0,1,16.0,71.0,,,1,2,1,1,3
202100011041,2021-10-22 14:45:00,2021,10,22,14,45,05,05061,JEAN JAURES ( AVENUE ),44.55459,6.07427,Plein jour,En agglomération,Hors intersection,Temps éblouissant,Autre collision,2,2,2,0,1,1,1,0,1,50,,2,1,0,0,1,88.0,,,,1,2,1,7,6
202100011042,2021-10-20 10:05:00,2021,10,20,10,5,33,33009,,44.656925,-1.148044,Plein jour,En agglomération,Hors intersection,Normale,Autre collision,3,2,2,0,1,1,1,0,1,50,,2,1,0,0,1,63.0,,,,1,2,1,1,6
202100011043,2021-10-25 12:20:00,2021,10,25,12,20,976,97611,kaweni-Kaweni nord ( Z I ),-12.76403,45.22555,Plein jour,En agglomération,Intersection en T,Normale,Deux véhicules - côté,2,2,2,0,1,1,1,0,1,50,,2,1,0,0,1,41.0,62.0,,,1,2,3,1,3
202100011044,2021-10-25 05:20:00,2021,10,25,5,20,974,97409,DE LA GARE(RUE),-20.96196,55.65691,Nuit sans éclairage public,En agglomération,Giratoire,Normale,Deux véhicules - côté,4,1,1,0,1,1,1,0,1,50,,2,1,0,1,0,19.0,,,,3,2,6,1,3
202100011045,2021-10-25 15:55:00,2021,10,25,15,55,69,69388,PROFESSEUR BEAUVISAGE (DU)  (R),45.7293196723,4.8674568416,Plein jour,En agglomération,Intersection en X,Normale,Autre collision,4,2,2,0,1,1,1,9,1,20,,2,1,0,0,1,,,,,1,2,2,1,6
202100011046,2021-10-22 19:00:00,2021,10,22,19,0,69,69383,GARIBALDI (R),45.7570191466,4.852711168,Crépuscule ou aube,En agglomération,Intersection en X,Normale,Autre collision,4,1,3,3,1,1,1,0,1,50,,2,1,0,0,1,44.0,,,,2,2,2,1,6
202100011047,2021-10-25 19:05:00,2021,10,25,19,5,69,69389,ARLOING (Q),45.77074,4.81209,Nuit avec éclairage allumé,En agglomération,Hors intersection,Normale,Autre collision,4,2,2,3,1,1,1,0,1,50,,4,3,1,0,0,23.0,,,,5,2,1,1,6
202100011048,2021-10-25 17:20:00,2021,10,25,17,20,69,69034,CASTELLANE                          (MO),45.7985,4.8423,Crépuscule ou aube,En agglomération,Hors intersection,Normale,Deux véhicules - frontale,7,-1,1,0,2,2,1,0,1,50,,4,2,0,0,2,29.0,22.0,,,2,2,1,1,1
202100011049,2021-10-25 08:50:00,2021,10,25,8,50,69,69382,VERDUN RAMBAUD                      (VO),45.7504467617,4.8229067984,Plein jour,En agglomération,Intersection en X,Temps éblouissant,Deux véhicules - côté,7,1,2,0,1,1,1,0,1,30,,2,1,0,0,1,24.0,27.0,,,1,2,2,7,3
202100011050,2021-10-25 08:00:00,2021,10,25,8,0,69,69152,EUROPE (DE L')                      (BD),45.70709,4.82124,Plein jour,En agglomération,Autre intersection,Normale,Deux véhicules - côté,7,3,3,1,1,1,1,0,1,50,,2,1,0,1,0,22.0,24.0,,,1,2,9,1,3
202100011051,2021-10-25 03:45:00,2021,10,25,3,45,2B,2B037,D 82,42.59487,9.43908,Nuit avec éclairage allumé,Hors agglomération,Giratoire,Normale,Autre collision,2,3,4,0,1,2,1,5,8,50,,2,0,0,1,1,20.0,,,,5,1,6,1,6
202100011052,2021-10-24 23:55:00,2021,10,24,23,55,971,97101,RN1 ROCADE DE CHAUVEL,16.2393432169,-61.5220752438,Nuit avec éclairage allumé,Hors agglomération,Hors intersection,Normale,Deux véhicules - frontale,2,3,2,0,1,1,1,0,1,90,,3,0,1,2,0,65.0,28.0,,,5,1,1,1,1
202100011053,2021-10-24 16:50:00,2021,10,24,16,50,971,97101,PALAIS ROYAL,16.2936412447,-61.4948773384,Plein jour,En agglomération,Intersection en T,Normale,Deux véhicules - côté,2,2,2,0,1,1,1,5,1,70,,4,1,0,1,2,26.0,34.0,,,1,2,3,1,3
202100011054,2021-10-25 02:45:00,2021,10,25,2,45,2A,2A004,CAMPI LOUIS BD,41.9422282228,8.7501606607,Nuit avec éclairage allumé,En agglomération,Giratoire,Pluie légère,Sans collision,4,1,2,0,2,3,2,9,8,50,,1,0,0,0,1,21.0,,,,5,2,6,2,7
202100011055,2021-10-25 21:31:00,2021,10,25,21,31,95,95424,FRANCES(AVENUE DES),49.00069,2.20631,Nuit avec éclairage allumé,En agglomération,Giratoire,Normale,Deux véhicules - côté,3,3,2,0,1,3,1,0,1,50,,2,1,0,0,1,22.0,,,,5,2,6,1,3
202100011056,2021-10-25 21:40:00,2021,10,25,21,40,91,91421,GENERAL LECLERC (RUE DU),48.70587,2.46173,Nuit avec éclairage allumé,En agglomération,Hors intersection,Pluie légère,Sans collision,3,2,2,0,2,3,2,0,1,30,,2,1,0,0,1,35.0,63.0,,,5,2,1,2,7
202100011057,2021-10-22 11:20:00,2021,10,22,11,20,87,87085,CARMES (PLACE DES),45.82998,1.25146,Plein jour,En agglomération,Intersection en X,Normale,Autre collision,4,1,2,1,1,1,1,0,1,50,,2,1,0,0,1,68.0,57.0,,,1,2,2,1,6
202100011058,2021-10-25 08:52:00,2021,10,25,8,52,87,87085,BAC (RUE THEODORE),45.83766,1.26505,Plein jour,En agglomération,Hors intersection,Pluie légère,Deux véhicules - arrière,4,2,2,0,1,1,2,0,1,50,,2,1,0,0,1,20.0,39.0,,,1,2,1,2,2
202100011059,2021-10-23 16:30:00,2021,10,23,16,30,85,85194,AMIS DE LA NATURE (ROUTE DES),46.54778,-1.80503,Plein jour,En agglomération,Hors intersection,Normale,Deux véhicules - côté,3,2,2,0,1,1,1,9,1,50,,2,1,0,1,0,28.0,29.0,,,1,2,1,1,3
202100011060,2021-10-25 10:15:00,2021,10,25,10,15,83,83069,PERRON (AVENUE JEAN JACQUES),43.1194231584,6.1263021827,Plein jour,En agglomération,Hors intersection,Normale,Deux véhicules - côté,4,1,1,0,1,1,1,9,1,30,,2,0,0,0,2,82.0,43.0,,,1,2,1,1,3
202100011061,2021-10-25 00:05:00,2021,10,25,0,5,83,83069,MARINE (BOULEVARD DE LA),43.0972,6.16765,Nuit avec éclairage allumé,En agglomération,Hors intersection,Normale,Autre collision,7,2,2,0,1,1,1,0,4,50,,3,0,1,2,0,23.0,,,,5,2,1,1,6
202100011062,2021-10-24 17:20:00,2021,10,24,17,20,77,77131,MARGATS (RUE DES),48.80875,3.10129,Plein jour,En agglomération,Intersection en T,Normale,Deux véhicules - arrière,9,2,2,0,1,1,1,0,1,50,,3,1,0,0,2,42.0,44.0,,,1,2,3,1,2
202100011063,2021-10-25 13:28:00,2021,10,25,13,28,76,76540,PORET DE BLOSSEVILLE. RUE,49.43804,1.08293,Plein jour,En agglomération,Intersection en T,Normale,Autre collision,4,2,2,0,1,1,2,0,1,30,,2,1,0,0,1,59.0,,,,1,2,3,1,6
202100011064,2021-10-24 00:00:00,2021,10,24,0,0,76,76351,VIVIANI,49.4929,0.15557,Nuit avec éclairage allumé,En agglomération,Hors intersection,Normale,Autre collision,4,2,2,0,1,1,1,0,1,50,,1,0,0,0,1,33.0,,,,5,2,1,1,6
202100011065,2021-10-22 18:00:00,2021,10,22,18,0,76,76351,CHARLES ROMME,49.51517,0.17191,Plein jour,En agglomération,Hors intersection,Normale,Autre collision,4,2,2,0,1,1,1,0,1,50,,2,1,0,0,1,,,,,1,2,1,1,6
202100011066,2021-10-23 14:35:00,2021,10,23,14,35,74,74012,ARAVIS (RUE DES),46.18797,6.23403,Plein jour,En agglomération,Hors intersection,Normale,Deux véhicules - côté,4,1,2,0,1,1,1,0,1,50,,6,5,0,0,1,32.0,43.0,,,1,2,1,1,3
202100011067,2021-10-24 10:10:00,2021,10,24,10,10,71,71540,D680,46.7674,4.45135,Plein jour,Hors agglomération,Hors intersection,Normale,Deux véhicules - frontale,3,2,2,0,2,3,1,5,1,50,,3,0,0,0,3,18.0,74.0,,,1,1,1,1,1
202100011068,2021-10-25 20:00:00,2021,10,25,20,0,68,68056,AV D'ALTKIRCH,47.71366,7.31477,Nuit avec éclairage allumé,En agglomération,Hors intersection,Normale,Deux véhicules - arrière,3,2,2,0,1,1,1,0,1,50,,2,0,0,1,1,31.0,80.0,,,5,2,1,1,2
202100011069,2021-10-23 11:40:00,2021,10,23,11,40,67,67043,JEAN ZIMMERMANN (RUE),48.61412,7.75214,Plein jour,En agglomération,Hors intersection,Normale,Autre collision,7,1,1,0,1,1,1,0,1,30,,2,1,0,0,1,63.0,,,,1,2,1,1,6
202100011070,2021-10-22 19:30:00,2021,10,22,19,30,67,67482,ROMAINS (ROUTE DES),48.578,7.70409,Nuit avec éclairage allumé,En agglomération,Intersection en T,Normale,Autre collision,4,2,5,1,1,1,1,0,1,50,,2,1,0,0,1,11.0,,,,5,2,3,1,6
202100011071,2021-10-22 08:15:00,2021,10,22,8,15,67,67043,BISCHWILLER (ROUTE DE),48.6161888209,7.7533891797,Plein jour,En agglomération,Hors intersection,Normale,Autre collision,7,2,2,0,1,1,1,0,1,50,,2,1,0,0,1,54.0,,,,1,2,1,1,6
202100011072,2021-10-22 08:45:00,2021,10,22,8,45,67,67482,JEAN JAURES (AVENUE),48.567277,7.771845,Plein jour,En agglomération,Passage à niveau,Normale,Deux véhicules - côté,4,3,6,3,1,1,1,4,6,50,,2,1,0,0,1,36.0,33.0,,,1,2,8,1,3
202100011073,2021-10-25 11:40:00,2021,10,25,11,40,64,64545,BIXIKENEA (CHEMIN DE),43.37427,-1.70736,Plein jour,Hors agglomération,Hors intersection,Normale,Deux véhicules - arrière,4,2,2,0,2,1,1,0,1,50,,2,1,0,0,1,38.0,44.0,,,1,1,1,1,2
202100011074,2021-10-22 20:25:00,2021,10,22,20,25,59,59350,FRANCE ANATOLE RUE,50.637474,3.065563,Nuit avec éclairage allumé,En agglomération,Intersection en T,Normale,Deux véhicules - côté,4,1,2,2,1,1,1,0,1,50,,3,1,0,1,1,47.0,27.0,,,5,2,3,1,3
202100011075,2021-10-23 11:15:00,2021,10,23,11,15,59,59560,DE GIRARD PHILLIPE RUE,50.54796,3.03138,Plein jour,En agglomération,Intersection en X,Normale,Deux véhicules - côté,4,1,2,2,1,1,1,0,1,30,,4,2,0,0,2,50.0,21.0,,,1,2,2,1,3
202100011076,2021-10-24 15:00:00,2021,10,24,15,0,59,59178,VIEILLE ECLUSE (RUE DE LA),50.4036791201,3.1428824365,Plein jour,En agglomération,Hors intersection,Normale,Autre collision,4,2,2,0,1,1,1,0,1,50,,2,1,0,1,0,31.0,,,,1,2,1,1,6
202100011077,2021-10-23 19:00:00,2021,10,23,19,0,59,59456,BARROIS (AVENUE),50.37195,3.18941,Nuit avec éclairage allumé,En agglomération,Hors intersection,Normale,Deux véhicules - côté,4,2,2,0,1,3,1,0,1,50,,2,1,0,0,1,49.0,,,,5,2,1,1,3
202100011078,2021-10-22 07:50:00,2021,10,22,7,50,59,59654,LARUE (RUE GEORGES),50.385776,3.108602,Nuit avec éclairage allumé,En agglomération,Hors intersection,Normale,Autre collision,4,1,1,0,1,1,1,0,1,50,,2,1,0,0,1,23.0,,,,5,2,1,1,6
202100011079,2021-10-24 12:35:00,2021,10,24,12,35,56,56260,GUILLAUDOT(BOULEVARD DU GENERAL MAURICE),47.666972,-2.7457143,Plein jour,En agglomération,Intersection en T,Normale,Deux véhicules - côté,4,2,2,2,1,1,1,5,1,50,,2,0,0,2,0,47.0,64.0,,,1,2,3,1,3
202100011080,2021-10-22 17:30:00,2021,10,22,17,30,56,56162,PERELLO (ROUTE DU),47.70167,-3.436009,Plein jour,En agglomération,Hors intersection,Normale,Autre collision,4,2,2,0,1,1,1,0,1,50,,2,1,0,0,1,19.0,,,,1,2,1,1,6
202100011081,2021-10-24 20:35:00,2021,10,24,20,35,56,56121,BELGIQUE (RUE  DE ),47.75916,-3.37939,Nuit avec éclairage allumé,En agglomération,Hors intersection,Pluie légère,Sans collision,4,2,2,0,1,1,2,0,1,30,,1,0,0,0,1,15.0,,,,5,2,1,2,7
202100011082,2021-10-23 09:35:00,2021,10,23,9,35,56,56107,MINIO (GIRATOIRE DU),47.71785,-3.38392,Plein jour,En agglomération,Giratoire,Normale,Deux véhicules - côté,3,-1,2,0,3,1,1,5,1,50,,2,1,0,1,0,75.0,63.0,,,1,2,6,1,3
202100011083,2021-10-22 18:50:00,2021,10,22,18,50,56,56121,FRANCE ( AVE ANATOLE ),47.74551,-3.36789,Crépuscule ou aube,En agglomération,Giratoire,Normale,Deux véhicules - côté,4,2,3,3,1,1,1,5,6,30,,2,1,0,0,1,45.0,25.0,,,2,2,6,1,3
202100011084,2021-10-22 14:47:00,2021,10,22,14,47,56,56121,CARNEL (RUE  DE ),47.73922,-3.369,Plein jour,En agglomération,Hors intersection,Normale,Autre collision,4,2,2,0,1,1,1,0,1,30,,2,1,0,0,1,67.0,,,,1,2,1,1,6
202100011085,2021-10-25 14:00:00,2021,10,25,14,0,54,54482,BARTHOU (RUE LOUIS),48.69773,6.20692,Plein jour,En agglomération,Hors intersection,Normale,Deux véhicules - arrière,4,2,2,0,1,1,1,0,1,30,,3,1,0,0,2,18.0,42.0,,,1,2,1,1,2
202100011086,2021-10-25 09:52:00,2021,10,25,9,52,54,54357,REPUBLIQUE (RUE DE LA),48.7097704541,6.1457656324,Plein jour,En agglomération,Autre intersection,Normale,Deux véhicules - côté,7,2,2,0,2,1,1,0,1,70,,2,0,0,0,2,43.0,19.0,,,1,2,9,1,3
202100011087,2021-10-25 14:48:00,2021,10,25,14,48,38,38185,MARCELIN BERTHELOT (AVENUE),45.17823,5.73128,Plein jour,En agglomération,Intersection en T,Normale,Deux véhicules - frontale,4,3,4,3,1,1,1,0,1,50,,4,3,0,1,0,80.0,,,,1,2,3,1,1
202100011088,2021-10-25 16:25:00,2021,10,25,16,25,37,37261,MAGINOT (AV. ANDRE),47.4149399973,0.6882285848,Plein jour,En agglomération,Intersection en T,Normale,Autre collision,4,2,2,0,1,1,1,0,1,50,,3,1,0,0,2,49.0,23.0,,,1,2,3,1,6
202100011089,2021-10-24 05:00:00,2021,10,24,5,0,37,37195,RD 88,47.3841785112,0.6508433819,Nuit avec éclairage allumé,Hors agglomération,Hors intersection,Normale,Sans collision,7,2,2,0,1,2,1,0,4,50,,1,0,0,0,1,33.0,,,,5,1,1,1,7
202100011090,2021-10-25 17:00:00,2021,10,25,17,0,35,35051,RD 29,48.15465,-1.62454,Plein jour,Hors agglomération,Giratoire,Pluie forte,Deux véhicules - côté,7,1,2,0,1,1,2,9,1,50,,2,1,0,0,1,26.0,36.0,,,1,1,6,3,3
202100011091,2021-10-25 19:00:00,2021,10,25,19,0,33,33069,AVE DE L'HIPPODROME,44.87542,-0.62473,Nuit avec éclairage allumé,En agglomération,Hors intersection,Pluie légère,Deux véhicules - arrière,4,1,1,0,1,1,2,0,1,30,,3,2,0,0,1,43.0,72.0,,,5,2,1,2,2
202100011092,2021-10-25 15:14:00,2021,10,25,15,14,33,33318,Avenue de Saige,44.78997,-0.63459,Plein jour,En agglomération,Giratoire,Normale,Deux véhicules - côté,4,2,2,2,1,1,1,0,1,50,,2,1,0,0,1,44.0,25.0,,,1,2,6,1,3
202100011093,2021-10-07 19:15:00,2021,10,7,19,15,31,31555,AV DIDIER DAURAT,43.57261,1.49309,Plein jour,En agglomération,Hors intersection,Normale,Deux véhicules - côté,4,2,2,0,1,1,1,0,1,50,,2,1,0,1,0,23.0,31.0,,,1,2,1,1,3
202100011094,2021-09-13 15:25:00,2021,9,13,15,25,29,29019,Rue du Château,48.3864028957,-4.4871103764,Plein jour,En agglomération,Hors intersection,Normale,Autre collision,4,2,2,0,1,1,1,0,1,50,,2,1,0,0,1,53.0,,,,1,2,1,1,6
202100011095,2021-10-25 08:35:00,2021,10,25,8,35,29,29019,Rue de Lesneven,48.407118944,-4.520136416,Crépuscule ou aube,En agglomération,Intersection en T,Normale,Deux véhicules - côté,4,2,2,0,1,1,1,0,1,50,,2,1,0,0,1,47.0,35.0,,,2,2,3,1,3
202100011096,2021-10-20 18:10:00,2021,10,20,18,10,28,28134,BAS BUISSONS (RUE DES),48.750363,1.347032,Plein jour,En agglomération,Hors intersection,Normale,Deux véhicules - arrière,4,-1,1,0,1,1,1,0,1,50,,3,2,0,0,1,19.0,52.0,,,1,2,1,1,2
202100011097,2021-10-24 17:50:00,2021,10,24,17,50,22,22187,RN12,48.54505,-2.78747,Plein jour,Hors agglomération,Giratoire,Normale,Autre collision,2,1,1,0,2,3,1,3,1,50,,3,0,0,2,1,27.0,,,,1,1,6,1,6
202100011098,2021-10-24 18:10:00,2021,10,24,18,10,21,21231,CHEVREUL (RUE),47.3059142423,5.0472969422,Plein jour,En agglomération,Intersection en X,Normale,Deux véhicules - côté,4,3,3,0,1,1,1,6,1,50,,3,1,0,1,1,16.0,20.0,,,1,2,2,1,3
202100011099,2021-10-24 12:10:00,2021,10,24,12,10,17,17380,EXPRESS (VOIE),45.65512,-1.09759,Plein jour,Hors agglomération,Hors intersection,Normale,Deux véhicules - côté,3,2,2,0,1,1,1,0,1,80,,6,0,0,0,6,58.0,51.0,,,1,1,1,1,3
202100011100,2021-10-25 20:30:00,2021,10,25,20,30,13,13117,CONSTANT ( AVENUE JEAN ETIENNE ),43.43947,5.2559,Nuit avec éclairage allumé,En agglomération,Intersection en X,Normale,Deux véhicules - côté,4,2,2,0,1,1,1,0,1,50,,2,1,0,0,1,35.0,,,,5,2,2,1,3
202100011101,2021-10-25 17:50:00,2021,10,25,17,50,13,13210,ROMAIN ROLLAND (BOULEVARD),43.274708466,5.415358829,Plein jour,En agglomération,Hors intersection,Normale,Deux véhicules - côté,4,2,2,0,1,1,1,0,1,50,,2,0,0,0,2,24.0,46.0,,,1,2,1,1,3
202100011102,2021-10-25 07:10:00,2021,10,25,7,10,13,13211,LÉON BANCAL (RUE),43.2877763625,5.4804950984,Nuit avec éclairage allumé,En agglomération,Hors intersection,Normale,Deux véhicules - arrière,4,1,2,0,1,1,1,0,1,50,,2,1,0,0,1,42.0,52.0,,,5,2,1,1,2
202100011103,2021-10-25 00:00:00,2021,10,25,0,0,13,13208,PRADO (AVENUE DU),43.28024,5.38698,Nuit avec éclairage allumé,En agglomération,Hors intersection,Normale,Deux véhicules - côté,4,2,6,3,1,1,1,0,1,50,,2,1,0,0,1,31.0,21.0,,,5,2,1,1,3
202100011104,2021-10-24 08:25:00,2021,10,24,8,25,13,13205,FERNAND PAURIOL (RUE),43.28883,5.39101,Plein jour,En agglomération,Hors intersection,Normale,Deux véhicules - côté,4,2,2,0,1,1,1,0,1,50,,1,0,0,0,1,36.0,,,,1,2,1,1,3
202100011105,2021-10-25 10:10:00,2021,10,25,10,10,09,09122,LECLERC (AVENUE DU GENERAL),42.978033,1.609647,Plein jour,En agglomération,Hors intersection,Normale,Deux véhicules - arrière,3,2,0,0,1,1,1,0,1,50,,2,1,0,0,1,69.0,58.0,,,1,2,1,1,2
202100011106,2021-10-25 15:00:00,2021,10,25,15,0,07,07281,CRUSSOL (RUE DE),44.944474,4.84276,Plein jour,En agglomération,Hors intersection,Normale,Sans collision,4,1,1,0,1,1,1,0,1,30,,1,0,0,0,1,27.0,,,,1,2,1,1,7
202100011107,2021-10-22 16:40:00,2021,10,22,16,40,03,03023,Route de Charmeil,46.142,3.397,Plein jour,En agglomération,Hors intersection,Normale,Deux véhicules - arrière,3,2,2,0,1,1,1,0,1,50,,2,1,0,1,0,35.0,35.0,,,1,2,1,1,2
202100011108,2021-10-24 05:40:00,2021,10,24,5,40,75,75116,BOULEVARD PERIPHERIQUE,48.869897,2.271506,Nuit avec éclairage allumé,En agglomération,Intersection en Y,Normale,Deux véhicules - arrière,4,1,4,0,1,1,1,0,1,70,,3,1,0,0,2,23.0,,,,5,2,4,1,2
202100011109,2021-10-25 11:05:00,2021,10,25,11,5,75,75106,RUE MAZARINE,48.855278,2.337756,Plein jour,En agglomération,Intersection en X,Normale,Autre collision,4,-1,1,0,1,1,1,0,1,30,,2,1,0,0,1,31.0,,,,1,2,2,1,6
202100011110,2021-10-24 03:00:00,2021,10,24,3,0,75,75106,QUAI DES GRANDS AUGUSTINS,48.854103,2.343585,Nuit avec éclairage allumé,En agglomération,Hors intersection,Normale,Deux véhicules - frontale,4,2,4,1,1,1,1,-1,5,30,,2,1,0,0,1,26.0,,,,5,2,1,1,1
202100011111,2021-10-25 20:50:00,2021,10,25,20,50,75,75120,AVENUE GAMBETTA,48.863147,2.388526,Nuit avec éclairage allumé,En agglomération,Hors intersection,Normale,Autre collision,4,2,2,0,2,1,1,0,1,30,,2,1,0,0,1,44.0,,,,5,2,1,1,6
202100011112,2021-10-25 18:25:00,2021,10,25,18,25,75,75119,RUE AUGUSTIN THIERRY,48.876364,2.393129,Crépuscule ou aube,En agglomération,Intersection en X,Normale,Autre collision,4,1,1,0,2,1,1,0,4,30,,2,1,0,0,1,46.0,,,,2,2,2,1,6
202100011113,2021-10-25 10:06:00,2021,10,25,10,6,75,75110,RUE LOUIS BLANC,48.880746,2.365823,Plein jour,En agglomération,Hors intersection,Temps couvert,Deux véhicules - arrière,4,1,1,0,1,1,2,0,1,30,,2,1,0,0,1,50.0,25.0,,,1,2,1,8,2
202100011114,2021-10-24 13:49:00,2021,10,24,13,49,75,75113,BOULEVARD SAINT MARCEL,48.838382,2.357,Plein jour,En agglomération,Intersection en X,Normale,Autre collision,4,2,4,0,1,1,1,-1,6,30,,2,1,0,0,1,52.0,,,,1,2,2,1,6
202100011115,2021-10-25 15:00:00,2021,10,25,15,0,75,75110,RUE LA FAYETTE,48.88116,2.364143,Plein jour,En agglomération,Hors intersection,Temps couvert,Autre collision,4,2,2,0,1,1,1,0,1,30,,2,1,0,0,1,32.0,,,,1,2,1,8,6
202100011116,2021-10-25 16:40:00,2021,10,25,16,40,75,75109,RUE CONDORCET,48.879983,2.344611,Plein jour,En agglomération,Hors intersection,Normale,Autre collision,4,2,2,0,2,1,1,0,1,30,,2,1,0,0,1,,,,,1,2,1,1,6
202100011117,2021-10-25 12:05:00,2021,10,25,12,5,75,75108,BOULEVARD DES BATIGNOLLES,48.882988,2.325442,Plein jour,En agglomération,Intersection en T,Temps couvert,Autre collision,4,1,3,3,1,1,2,-1,6,30,,2,1,0,0,1,18.0,,,,1,2,3,8,6