accident_id,datetime,annee,mois,jour,heure,minute,departement,commune_insee,adresse,latitude,longitude,luminosite,agglomeration,intersection,meteo,collision,catr,circ,nbv,vosp,prof,plan,surf,infra,situ,vma,nb_vehicules,nb_usagers,nb_indemnes,nb_tues,nb_blesses_hosp,nb_blesses_legers,age_cond_1,age_cond_2,veh_type_cond_1,veh_type_cond_2,lum_code,agg_code,int_code,atm_code,col_code
202100011118,2021-10-24 23:25:00,2021,10,24,23,25,94,94081,Rue des Carrières,48.79918,2.39165,Nuit avec éclairage allumé,En agglomération,Intersection en X,Normale,Deux véhicules - côté,4,2,2,0,2,1,1,0,1,50,,3,1,0,0,2,25.0,43.0,,,5,2,2,1,3
202100011119,2021-10-23 01:50:00,2021,10,23,1,50,94,94033,Avenue des Charmes,48.8453348634,2.4552083015,Nuit avec éclairage allumé,En agglomération,Hors intersection,Normale,Autre collision,4,1,1,0,1,1,1,0,1,50,,1,0,0,1,0,25.0,,,,5,2,1,1,6
202100011120,2021-10-25 07:50:00,2021,10,25,7,50,94,94028,Carrefour de Pompadour,48.77412,2.43894,Nuit avec éclairage allumé,En agglomération,Autre intersection,Pluie légère,Deux véhicules - côté,3,1,1,0,1,2,2,5,1,50,,3,2,0,0,1,40.0,19.0,,,5,2,9,2,3
202100011121,2021-10-25 09:52:00,2021,10,25,9,52,94,94078,Rue de Paris,48.75503,2.44439,Plein jour,En agglomération,Autre intersection,Pluie légère,Deux véhicules - côté,2,3,4,0,1,1,2,5,1,50,,3,1,0,0,2,36.0,30.0,,,1,2,9,2,3
202100011122,2021-10-25 20:50:00,2021,10,25,20,50,94,94046,Avenue de Verdun,48.80926,2.45958,Nuit sans éclairage public,En agglomération,Intersection en T,Normale,Deux véhicules - côté,3,2,4,2,1,1,2,0,1,50,,2,1,0,1,0,59.0,25.0,,,3,2,3,1,3
202100011123,2021-10-25 17:10:00,2021,10,25,17,10,93,93078,SAUSSET (AVENUE DU),48.9629,2.5175,Plein jour,Hors agglomération,Autre intersection,Normale,Deux véhicules - frontale,4,2,2,0,1,1,1,6,1,50,,2,1,0,0,1,45.0,,,,1,1,9,1,1
202100011124,2021-10-25 14:50:00,2021,10,25,14,50,93,93066,COLONEL FABIEN (AVENUE),48.945504284,2.3504133215,Plein jour,En agglomération,Hors intersection,Normale,Trois véhicules et plus - en chaîne,3,1,2,3,1,1,1,0,1,30,,4,3,0,0,1,18.0,52.0,,,1,2,1,1,4
202100011125,2021-10-25 08:14:00,2021,10,25,8,14,93,93062,PLATEAU (ALLEE DU),48.8971803284,2.5300137699,Crépuscule ou aube,En agglomération,Intersection en X,Pluie légère,Deux véhicules - côté,4,1,1,0,1,1,2,0,1,30,,2,0,0,0,2,51.0,26.0,,,2,2,2,2,3
202100011126,2021-10-25 18:00:00,2021,10,25,18,0,93,93055,JEAN LOLIVE (AVENUE)(137/FIN ET 134/FIN),48.8931442561,2.4131098454,Plein jour,En agglomération,Hors intersection,Normale,Deux véhicules - côté,3,-1,2,0,1,1,1,9,1,50,,2,1,0,0,1,30.0,35.0,,,1,2,1,1,3
202100011127,2021-10-25 13:30:00,2021,10,25,13,30,93,93055,JEAN LOLIVE (AVENUE)(137/FIN ET 134/FIN),48.8931489293,2.4125713414,Plein jour,En agglomération,Hors intersection,Normale,Autre collision,3,4,5,0,1,1,2,0,1,50,,2,1,0,0,1,69.0,28.0,,,1,2,1,1,6
202100011128,2021-10-25 08:00:00,2021,10,25,8,0,93,93051,RU DE NESLE (BOULEVARD),48.83758,2.58215,Nuit avec éclairage non allumé,En agglomération,Giratoire,Pluie légère,Autre collision,3,2,1,0,1,1,2,0,1,30,,2,1,0,0,1,42.0,,,,4,2,6,2,6
202100011129,2021-10-25 07:50:00,2021,10,25,7,50,93,93048,MARCEAU (RUE),48.8526148185,2.4261094062,Nuit avec éclairage allumé,En agglomération,Hors intersection,Pluie légère,Autre collision,4,1,1,0,1,1,2,0,1,30,,2,1,0,0,1,46.0,,,,5,2,1,2,6
202100011130,2021-10-25 14:35:00,2021,10,25,14,35,92,92075,JEAN BLEUZEN (RUE),48.8247419668,2.2995281965,Plein jour,En agglomération,Autre intersection,Normale,Deux véhicules - côté,3,2,2,0,1,1,1,0,1,50,,2,1,0,1,0,26.0,46.0,,,1,2,9,1,3
202100011131,2021-10-25 08:55:00,2021,10,25,8,55,92,92044,ARISTIDE BRIAND(RUE)85 +  ET  98+,48.8936,2.29114,Crépuscule ou aube,En agglomération,Intersection en X,Pluie légère,Sans collision,4,1,2,3,1,1,2,5,1,50,,2,1,0,0,1,49.0,46.0,,,2,2,2,2,7
202100011132,2021-10-25 12:00:00,2021,10,25,12,0,92,92025,STALINGRAD (AV DE),48.9334015958,2.2646782547,Plein jour,En agglomération,Autre intersection,Pluie légère,Deux véhicules - côté,3,2,1,0,1,1,2,5,1,50,,2,1,0,0,1,63.0,32.0,,,1,2,9,2,3
202100011133,2021-10-21 09:45:00,2021,10,21,9,45,92,92024,JEAN JAURES (BD) DE 47 A 109)   (56 A 14,48.9037028494,2.3032351282,Plein jour,En agglomération,Intersection en T,Normale,Deux véhicules - côté,3,1,3,3,1,1,1,0,5,50,,2,1,0,0,1,45.0,52.0,,,1,2,3,1,3
202100011134,2021-10-25 11:21:00,2021,10,25,11,21,92,92012,MARCEL SEMBAT (PLACE),48.8336919746,2.2433552086,Plein jour,En agglomération,Giratoire,Normale,Deux véhicules - côté,3,1,-1,0,1,2,1,9,1,50,,2,1,0,0,1,21.0,59.0,,,1,2,6,1,3
202100011135,2021-10-25 08:15:00,2021,10,25,8,15,92,92002,PRESIDENT KENNEDY (50 A LA FIN),48.7368591441,2.2936950624,Crépuscule ou aube,En agglomération,Intersection en T,Pluie légère,Deux véhicules - côté,3,2,2,1,1,1,2,0,1,50,,2,1,0,0,1,24.0,49.0,,,2,2,3,2,3
202100011136,2021-10-26 13:20:00,2021,10,26,13,20,37,37123,Route de la Cueilleminaut,47.3117068698,0.3683272837,Plein jour,Hors agglomération,Hors intersection,Pluie légère,Deux véhicules - frontale,3,2,2,0,1,1,2,0,1,70,,3,0,0,0,3,86.0,20.0,,,1,1,1,2,1
202100011137,2021-10-22 23:00:00,2021,10,22,23,0,24,24543,D6089,45.051347,0.395663,Nuit avec éclairage allumé,En agglomération,Hors intersection,Normale,Autre collision,3,2,2,0,1,1,1,6,1,30,,2,1,0,1,0,39.0,,,,5,2,1,1,6
202100011138,2021-10-25 10:10:00,2021,10,25,10,10,33,33337,,44.575658,-0.290322,Plein jour,Hors agglomération,Hors intersection,Normale,Deux véhicules - frontale,3,2,2,0,1,3,2,0,1,70,,2,1,0,1,0,22.0,66.0,,,1,1,1,1,1
202100011139,2021-10-24 19:10:00,2021,10,24,19,10,972,97206,RD7,14.492484,-60.990171,Nuit sans éclairage public,Hors agglomération,Hors intersection,Normale,Autre collision,3,2,2,0,2,3,1,0,1,-1,,4,2,0,1,1,21.0,31.0,,,3,1,1,1,6
202100011140,2021-10-24 15:45:00,2021,10,24,15,45,62,62038,Avenue de Rouville,50.854807,1.978593,Plein jour,En agglomération,Hors intersection,Normale,Deux véhicules - côté,3,2,2,0,1,1,1,0,1,50,,3,1,0,1,1,15.0,15.0,,,1,2,1,1,3
202100011141,2021-10-26 00:08:00,2021,10,26,0,8,50,50214,A84,48.917226,-1.089406,Nuit sans éclairage public,Hors agglomération,Hors intersection,Normale,Sans collision,1,3,4,3,2,1,1,0,8,90,,1,0,0,1,0,47.0,,,,3,1,1,1,7
202100011142,2021-10-25 16:00:00,2021,10,25,16,0,36,36101,,46.716739,1.596901,Plein jour,Hors agglomération,Hors intersection,Normale,Autre collision,1,3,4,0,1,1,1,0,3,130,,5,3,0,1,1,72.0,,,,1,1,1,1,6
202100011143,2021-10-24 18:25:00,2021,10,24,18,25,22,22020,7 Route de Rennes,48.315503,-2.25342,Plein jour,En agglomération,Hors intersection,Pluie légère,Deux véhicules - arrière,3,2,2,0,1,1,2,0,1,50,,2,1,0,0,1,40.0,33.0,,,1,2,1,2,2
202100011144,2021-10-25 15:00:00,2021,10,25,15,0,56,56013,Route d’Etel,47.660412,-3.185003,Plein jour,En agglomération,Intersection en T,Normale,Deux véhicules - côté,3,2,2,0,1,2,1,5,1,50,,2,0,0,1,1,59.0,74.0,,,1,2,3,1,3
202100011145,2021-10-24 01:15:00,2021,10,24,1,15,2B,2B251,RT 10 Casamozza,41.983723,9.400724,Nuit avec éclairage allumé,En agglomération,Hors intersection,Normale,Trois véhicules et plus - collisions multiples,2,2,2,0,1,1,1,0,1,50,,2,1,0,0,1,,23.0,,,5,2,1,1,5
202100011146,2021-10-25 14:55:00,2021,10,25,14,55,2B,2B329,RT 20,42.345223,9.174056,Plein jour,Hors agglomération,Hors intersection,Normale,Sans collision,2,2,2,0,2,1,1,0,3,80,,1,0,0,1,0,69.0,,,,1,1,1,1,7
202100011147,2021-10-25 15:10:00,2021,10,25,15,10,32,32160,Le Haillau du Haut,43.624341,1.071301,Plein jour,Hors agglomération,Hors intersection,Normale,Deux véhicules - arrière,3,2,2,0,2,1,1,0,1,80,,3,2,0,1,0,56.0,39.0,,,1,1,1,1,2
202100011148,2021-10-26 00:30:00,2021,10,26,0,30,11,11436,Avenue de la Mairie,43.0150141315,2.8534230071,Nuit avec éclairage allumé,En agglomération,Hors intersection,Normale,Autre collision,4,2,2,0,1,2,1,0,1,50,,3,0,0,1,2,15.0,,,,5,2,1,1,6
202100011149,2021-10-16 17:18:00,2021,10,16,17,18,49,49307,Rue (grande) (brain-sur-Authion),47.447975,-0.409477,Crépuscule ou aube,En agglomération,Intersection en T,Normale,Deux véhicules - côté,3,2,2,0,1,1,1,0,1,50,,2,1,0,0,1,13.0,25.0,,,2,2,3,1,3
202100011150,2021-10-26 03:15:00,2021,10,26,3,15,49,49167,RD 748,47.381781,-0.477546,Nuit sans éclairage public,Hors agglomération,Hors intersection,Brouillard / fumée,Sans collision,3,3,4,0,1,1,2,0,1,110,,2,0,2,0,0,43.0,,,,3,1,1,5,7
202100011151,2021-10-25 12:30:00,2021,10,25,12,30,42,42021,Route de Saint Marcellin,45.508753,4.113908,Plein jour,Hors agglomération,Hors intersection,Normale,Autre collision,3,2,2,0,2,3,1,0,8,80,,1,0,0,0,1,19.0,,,,1,1,1,1,6
202100011152,2021-10-25 13:45:00,2021,10,25,13,45,68,68121,D12b4,47.522135,7.442197,Plein jour,Hors agglomération,Hors intersection,Normale,Autre collision,3,2,2,0,2,3,1,0,1,80,,1,0,0,1,0,41.0,,,,1,1,1,1,6
202100011153,2021-10-25 17:40:00,2021,10,25,17,40,68,68192,Rue de Romagny,47.631308,7.059317,Crépuscule ou aube,En agglomération,Intersection en T,Temps éblouissant,Deux véhicules - côté,3,2,2,0,1,1,1,2,1,50,,2,1,0,0,1,58.0,55.0,,,2,2,3,7,3
202100011154,2021-10-26 13:55:00,2021,10,26,13,55,44,44150,Route du Champ de Foire,47.125586,-1.625226,Plein jour,En agglomération,Intersection en T,Normale,Deux véhicules - côté,7,2,2,0,1,1,1,0,1,50,,2,1,0,1,0,19.0,62.0,,,1,2,3,1,3
202100011155,2021-10-26 13:10:00,2021,10,26,13,10,35,35133,D30,48.13728,-2.001896,Plein jour,Hors agglomération,Hors intersection,Normale,Sans collision,3,2,2,0,3,2,1,0,3,80,,1,0,0,1,0,48.0,,,,1,1,1,1,7
202100011156,2021-10-26 08:00:00,2021,10,26,8,0,70,70116,pk 007+030 rd 16,47.622819,6.722753,Crépuscule ou aube,Hors agglomération,Hors intersection,Temps couvert,Autre collision,3,2,2,0,4,2,2,2,3,80,,1,0,1,0,0,56.0,,,,2,1,1,8,6
202100011157,2021-10-25 16:15:00,2021,10,25,16,15,06,06032,M6007,43.725999,7.396342,Plein jour,En agglomération,Hors intersection,Normale,Deux véhicules - côté,7,2,2,0,2,1,1,9,1,50,,3,2,0,0,1,27.0,53.0,,,1,2,1,1,3
202100011158,2021-10-26 16:40:00,2021,10,26,16,40,50,50639,Intersection D999 - Rue des artisans,48.848172,-1.208829,Plein jour,Hors agglomération,Intersection en X,Normale,Deux véhicules - côté,3,2,1,0,1,2,1,5,1,70,,3,0,0,1,2,41.0,74.0,,,1,1,2,1,3
202100011159,2021-10-10 14:00:00,2021,10,10,14,0,73,73010,Route du Sauvage,45.749468,5.93671,Plein jour,Hors agglomération,Hors intersection,Normale,Deux véhicules - frontale,4,2,2,0,1,1,1,0,1,-1,,2,0,0,2,0,19.0,17.0,,,1,1,1,1,1
202100011160,2021-10-24 13:55:00,2021,10,24,13,55,43,43216,Avenue de la Rochelambert,45.134132,3.812116,Plein jour,En agglomération,Intersection en T,Normale,Deux véhicules - frontale,3,2,2,0,1,1,1,0,1,50,,2,1,0,1,0,72.0,60.0,,,1,2,3,1,1
202100011161,2021-10-24 17:25:00,2021,10,24,17,25,43,43192,D31,44.84943,3.759261,Crépuscule ou aube,Hors agglomération,Hors intersection,Normale,Sans collision,3,2,2,0,2,1,1,0,1,80,,1,0,0,1,0,51.0,,,,2,1,1,1,7
202100011162,2021-10-26 10:20:00,2021,10,26,10,20,36,36010,,46.8511774183,1.0567633162,Plein jour,Hors agglomération,Hors intersection,Pluie légère,Deux véhicules - côté,3,2,2,0,1,1,2,0,1,80,,2,1,1,0,0,44.0,61.0,,,1,1,1,2,3
202100011163,2021-10-26 17:30:00,2021,10,26,17,30,04,04116,RD 4,44.032945,5.985532,Plein jour,En agglomération,Hors intersection,Normale,Deux véhicules - frontale,3,2,2,0,1,1,1,0,1,50,,2,0,0,0,2,42.0,49.0,,,1,2,1,1,1
202100011164,2021-10-25 14:55:00,2021,10,25,14,55,53,53042,La Reculée,48.40754,-0.746748,Plein jour,Hors agglomération,Intersection en T,Normale,Sans collision,3,2,1,0,1,1,1,0,3,80,,1,0,0,1,0,46.0,,,,1,1,3,1,7
202100011165,2021-10-26 10:30:00,2021,10,26,10,30,07,07129,d578,44.982589,4.572651,Plein jour,En agglomération,Intersection en Y,Normale,Deux véhicules - côté,3,2,2,0,1,2,1,0,1,50,,3,2,0,1,0,79.0,59.0,,,1,2,4,1,3
202100011166,2021-10-25 17:45:00,2021,10,25,17,45,72,72065,RD338,48.03457,0.17728,Plein jour,Hors agglomération,Hors intersection,Pluie forte,Deux véhicules - côté,3,1,4,0,2,1,2,0,1,70,,2,1,0,0,1,43.0,37.0,,,1,1,1,3,3
202100011167,2021-10-25 18:10:00,2021,10,25,18,10,24,24565,Le grand moulin RD 75,45.589357,0.5189,Plein jour,Hors agglomération,Hors intersection,Pluie légère,Deux véhicules - frontale,3,2,2,0,1,3,2,0,1,70,,2,0,1,0,1,63.0,33.0,,,1,1,1,2,1
202100011168,2021-10-26 06:55:00,2021,10,26,6,55,987,98724,District de Maeva,-16.699237,-150.994871,Plein jour,Hors agglomération,Hors intersection,Normale,Deux véhicules - frontale,2,2,2,0,1,3,1,0,1,60,,2,0,0,1,1,38.0,47.0,,,1,1,1,1,1
202100011169,2021-10-25 15:00:00,2021,10,25,15,0,66,66175,Avenue des albères,42.546989,2.92146,Plein jour,En agglomération,Hors intersection,Normale,Deux véhicules - côté,3,2,2,0,1,1,1,0,1,-1,,2,1,0,1,0,90.0,71.0,,,1,2,1,1,3
202100011170,2021-10-23 20:45:00,2021,10,23,20,45,67,67336,PR 95.9 - RD83,48.457043,7.660346,Nuit sans éclairage public,Hors agglomération,Hors intersection,Normale,Deux véhicules - arrière,3,3,4,0,1,1,1,0,1,110,,2,1,0,1,0,66.0,25.0,,,3,1,1,1,2
202100011171,2021-08-25 15:10:00,2021,8,25,15,10,54,54355,ROUTE DÉPARTEMENTALE 106,48.847967,5.943232,Plein jour,Hors agglomération,Autre intersection,Temps éblouissant,Deux véhicules - côté,3,3,2,0,1,2,1,0,1,80,,2,1,0,1,0,54.0,65.0,,,1,1,9,7,3
202100011172,2021-10-26 16:00:00,2021,10,26,16,0,42,42304,Route de Saint Romain,45.535904,4.150128,Plein jour,Hors agglomération,Intersection en X,Normale,Deux véhicules - frontale,3,2,2,0,1,1,1,0,1,80,,3,1,0,1,1,65.0,49.0,,,1,1,2,1,1
202100011173,2021-10-26 09:50:00,2021,10,26,9,50,38,38236,Rue du Bourg,45.424201,5.705091,Plein jour,Hors agglomération,Intersection en Y,Normale,Deux véhicules - côté,3,2,2,0,1,1,1,0,1,70,,2,1,0,1,0,48.0,46.0,,,1,1,4,1,3
202100011174,2021-10-25 17:15:00,2021,10,25,17,15,69,69273,Sortie Corbas les Taillis,45.671738,4.910417,Plein jour,Hors agglomération,Hors intersection,Normale,Deux véhicules - arrière,7,1,1,0,2,3,1,3,1,-1,,3,2,0,0,1,,39.0,,,1,1,1,1,2
202100011175,2021-10-25 14:55:00,2021,10,25,14,55,31,31395,Route de Rieumes,43.464632,1.289091,Plein jour,Hors agglomération,Hors intersection,Normale,Deux véhicules - frontale,3,2,2,0,1,1,1,0,1,80,,3,1,0,0,2,31.0,42.0,,,1,1,1,1,1
202100011176,2021-10-24 10:30:00,2021,10,24,10,30,33,33003,Rue du Président Coty,44.925998,-0.488755,Plein jour,En agglomération,Intersection en T,Normale,Autre collision,4,2,2,0,1,2,1,0,1,50,,2,1,0,1,0,72.0,,,,1,2,3,1,6
202100011177,2021-10-19 11:34:00,2021,10,19,11,34,33,33339,La Croix Blanche,45.039313,-0.495313,Plein jour,En agglomération,Hors intersection,Normale,Autre collision,3,2,1,0,1,2,1,0,8,50,,1,0,0,0,1,22.0,,,,1,2,1,1,6
202100011178,2021-10-26 17:35:00,2021,10,26,17,35,59,59228,64 Rue de Goeulzin,50.324263,3.079852,Crépuscule ou aube,En agglomération,Hors intersection,Pluie légère,Autre collision,4,2,2,0,1,1,2,0,8,30,,1,0,1,0,0,84.0,,,,2,2,1,2,6
202100011179,2021-10-24 23:10:00,2021,10,24,23,10,13,13207,Tunnel Prado Carénage,43.29116,5.36629,Nuit avec éclairage allumé,Hors agglomération,Hors intersection,Normale,Sans collision,1,1,1,0,1,3,1,1,1,50,,2,1,0,0,1,23.0,,,,5,1,1,1,7
202100011180,2021-10-25 08:15:00,2021,10,25,8,15,13,13117,A7-Sens Lyon vers Marseille,43.418806,5.273338,Crépuscule ou aube,Hors agglomération,Hors intersection,Normale,Trois véhicules et plus - en chaîne,1,1,1,0,1,1,1,0,1,110,,5,2,0,0,3,33.0,26.0,,,2,1,1,1,4
202100011181,2021-10-23 22:55:00,2021,10,23,22,55,83,83047,A570,43.1335831315,6.0512137413,Nuit sans éclairage public,Hors agglomération,Hors intersection,Normale,Autre collision,1,3,4,0,1,1,1,0,1,110,,1,0,0,0,1,44.0,,,,3,1,1,1,6
202100011182,2021-10-25 08:37:00,2021,10,25,8,37,33,33249,Rocade Rive Droite N230,44.883926,-0.510391,Plein jour,Hors agglomération,Hors intersection,Pluie légère,Autre collision,1,3,4,0,1,3,2,3,1,70,,1,0,0,0,1,21.0,,,,1,1,1,2,6
202100011183,2021-10-25 09:50:00,2021,10,25,9,50,94,94034,AUTOROUTE A86,48.75977,2.33849,Plein jour,Hors agglomération,Hors intersection,Pluie légère,Sans collision,1,1,1,0,4,3,2,3,1,50,,1,0,0,0,1,22.0,,,,1,1,1,2,7
202100011184,2021-10-25 11:10:00,2021,10,25,11,10,78,78126,A13,48.835703,2.129837,Plein jour,Hors agglomération,Hors intersection,Normale,Trois véhicules et plus - collisions multiples,1,-1,4,0,1,1,1,0,1,110,,3,2,0,0,1,34.0,23.0,,,1,1,1,1,5
202100011185,2021-10-25 14:00:00,2021,10,25,14,0,93,93006,AUTOROUTE A3,48.86627,2.41461,Plein jour,Hors agglomération,Hors intersection,Normale,Deux véhicules - arrière,1,1,3,0,1,1,1,3,1,90,,2,1,0,0,1,32.0,26.0,,,1,1,1,1,2
202100011186,2021-10-25 06:00:00,2021,10,25,6,0,93,93064,AUTOROUTE A3,48.88485,2.47114,Nuit sans éclairage public,Hors agglomération,Hors intersection,Pluie légère,Autre collision,1,3,6,0,1,1,2,0,1,90,,1,0,0,0,1,47.0,,,,3,1,1,2,6
202100011187,2021-06-19 00:30:00,2021,6,19,0,30,28,28134,ROND POINT DES ORIELS,48.73495,1.36139,Nuit avec éclairage allumé,En agglomération,Giratoire,Normale,Deux véhicules - frontale,3,2,1,0,1,3,1,0,1,50,,2,1,0,0,1,47.0,41.0,,,5,2,6,1,1
202100011188,2021-10-24 21:30:00,2021,10,24,21,30,94,94022,STALINGRAD (BD DE),48.77282,2.40011,Nuit avec éclairage allumé,En agglomération,Intersection en X,Normale,Deux véhicules - côté,1,1,2,0,1,1,1,0,1,50,,5,4,0,0,1,41.0,77.0,,,5,2,2,1,3
202100011189,2021-06-27 14:25:00,2021,6,27,14,25,07,07096,Le mareton,44.844429,4.541645,Plein jour,Hors agglomération,Hors intersection,Normale,Deux véhicules - frontale,3,2,2,0,2,2,1,0,3,80,,2,0,0,1,1,20.0,,,,1,1,1,1,1
202100011190,2021-10-24 06:50:00,2021,10,24,6,50,69,69276,LYON (DE) (RTE)    ,45.6877,4.86149,Nuit avec éclairage allumé,Hors agglomération,Hors intersection,Normale,Deux véhicules - frontale,7,2,2,0,2,1,1,0,1,50,,4,1,0,0,3,32.0,27.0,,,5,1,1,1,1
202100011191,2021-10-24 05:10:00,2021,10,24,5,10,95,95197,GEORGES DESSAILLY (RUE),48.97082,2.33081,Nuit avec éclairage allumé,En agglomération,Hors intersection,Normale,Autre collision,4,2,2,0,1,3,1,0,1,50,,4,3,0,0,1,20.0,,,,5,2,1,1,6
202100011192,2021-10-24 03:45:00,2021,10,24,3,45,91,91425,RTE D ORLEANS RN 20,48.639072,2.267876,Nuit avec éclairage allumé,En agglomération,Hors intersection,Normale,Deux véhicules - arrière,3,1,3,0,1,1,1,0,1,50,,5,3,0,0,2,42.0,31.0,,,5,2,1,1,2
202100011193,2021-10-24 07:13:00,2021,10,24,7,13,91,91425,RTE D ORLEANS RN 20,48.64045,2.26842,Nuit avec éclairage allumé,En agglomération,Intersection en X,Normale,Deux véhicules - frontale,3,3,4,0,1,1,1,5,1,50,,4,0,0,0,4,33.0,26.0,,,5,2,2,1,1
202100011194,2021-10-22 19:45:00,2021,10,22,19,45,83,83047,TOULON RD 46 ( ROUTE DE ),43.1266382371,6.084584713,Crépuscule ou aube,Hors agglomération,Hors intersection,Normale,Trois véhicules et plus - collisions multiples,7,2,2,1,1,1,1,0,1,70,,4,1,0,2,1,45.0,47.0,,,2,1,1,1,5
202100011195,2021-10-21 19:00:00,2021,10,21,19,0,83,83118,AVENUE DU 8 MAI 1945,43.4302241739,6.792576313,Nuit avec éclairage allumé,En agglomération,Hors intersection,Normale,Deux véhicules - arrière,4,4,2,0,2,1,1,0,1,50,,2,1,0,1,0,16.0,32.0,,,5,2,1,1,2
202100011196,2021-10-25 00:21:00,2021,10,25,0,21,79,79191,Rue du Vieux-Fourneau,46.33143,-0.45965,Nuit avec éclairage allumé,En agglomération,Hors intersection,Normale,Sans collision,4,2,2,0,1,2,1,0,4,50,,1,0,0,1,0,41.0,,,,5,2,1,1,7
202100011197,2021-10-24 11:35:00,2021,10,24,11,35,76,76108,NEUFCHATEL. ROUTE DE (RN 28),49.45869,1.10868,Plein jour,En agglomération,Hors intersection,Normale,Autre collision,7,2,2,3,1,1,1,-1,4,50,,2,1,0,1,0,85.0,,,,1,2,1,1,6
202100011198,2021-10-24 12:20:00,2021,10,24,12,20,73,73065,Rond point de La Poste,45.5705726649,5.9175278843,Plein jour,En agglomération,Giratoire,Normale,Deux véhicules - côté,4,1,2,0,1,1,1,5,1,50,,2,1,0,1,0,58.0,39.0,,,1,2,6,1,3
202100011199,2021-10-23 21:15:00,2021,10,23,21,15,73,73011,FONTANET (AV.) RUISSEAU CHIRIAC A WINNED,45.6609283823,6.3703451778,Nuit avec éclairage allumé,En agglomération,Hors intersection,Normale,Autre collision,4,2,2,2,1,1,1,-1,1,50,,2,0,0,0,2,16.0,,,,5,2,1,1,6
202100011200,2021-10-24 09:30:00,2021,10,24,9,30,69,69029,CHRISTIAN LACOUTURE (R),45.75008,4.91145,Plein jour,En agglomération,Intersection en T,Normale,Autre collision,7,2,2,3,1,1,1,0,1,50,,2,1,1,0,0,77.0,,,,1,2,3,1,6
202100011201,2021-10-23 20:08:00,2021,10,23,20,8,69,69290,JEAN JACQUES ROUSSEAU (R),45.7002581024,4.9458672662,Nuit avec éclairage allumé,En agglomération,Intersection en T,Normale,Autre collision,4,2,2,0,1,1,1,0,1,30,,1,0,0,0,1,35.0,,,,5,2,3,1,6
202100011202,2021-10-24 19:55:00,2021,10,24,19,55,65,65440,CRONSTADT (RUE DE),43.22875,0.07268,Nuit avec éclairage non allumé,En agglomération,Intersection en Y,Normale,Deux véhicules - côté,4,2,2,0,1,3,1,5,1,50,,3,2,0,0,1,31.0,32.0,,,4,2,4,1,3
202100011203,2021-10-24 20:20:00,2021,10,24,20,20,59,59350,ARRAS RUE D,50.6176903877,3.0635772115,Nuit avec éclairage allumé,En agglomération,Intersection en T,Normale,Deux véhicules - côté,7,-1,1,0,1,1,1,9,1,50,,3,2,0,1,0,29.0,20.0,,,5,2,3,1,3
202100011204,2021-10-24 18:00:00,2021,10,24,18,0,59,59350,ESQUERMES RUE D' N° IMPAIRS 37 - 113,50.62275,3.04075,Crépuscule ou aube,En agglomération,Hors intersection,Normale,Autre collision,4,2,0,0,1,1,1,0,1,50,,2,1,0,0,1,53.0,,,,2,2,1,1,6
202100011205,2021-10-24 14:15:00,2021,10,24,14,15,59,59378,NATIONALE RUE,50.66691,3.07631,Plein jour,En agglomération,Intersection en X,Normale,Deux véhicules - frontale,7,-1,4,0,1,1,1,0,1,50,,2,1,0,0,1,55.0,,,,1,2,2,1,1
202100011206,2021-10-19 10:00:00,2021,10,19,10,0,59,59220,HAUBOURDIN RUE D   N°IMPAIR,50.5996543418,3.0538760126,Plein jour,En agglomération,Hors intersection,Normale,Deux véhicules - côté,7,2,2,0,1,1,1,0,1,50,,2,1,0,0,1,48.0,54.0,,,1,2,1,1,3
202100011207,2021-10-06 16:00:00,2021,10,6,16,0,59,59350,CARREL ARMAND RUE,50.6167698333,3.0740342325,Plein jour,En agglomération,Hors intersection,Normale,Deux véhicules - côté,7,3,4,3,1,1,1,0,6,30,,2,1,0,0,1,24.0,20.0,,,1,2,1,1,3
202100011208,2021-10-23 13:45:00,2021,10,23,13,45,59,59317,SAINT EXUPERY  (RUE),50.69563,2.92054,Plein jour,En agglomération,Hors intersection,Normale,Deux véhicules - frontale,7,2,2,0,1,1,1,0,1,50,,2,1,0,1,0,55.0,68.0,,,1,2,1,1,1
202100011209,2021-10-24 13:05:00,2021,10,24,13,5,56,56121,62° R.I. ( DU ),47.7524371,-3.3630556,Plein jour,En agglomération,Intersection en X,Pluie légère,Deux véhicules - côté,4,2,2,0,1,1,2,0,1,30,,2,1,0,0,1,19.0,46.0,,,1,2,2,2,3
202100011210,2021-10-23 18:40:00,2021,10,23,18,40,50,50502,STRASBOURG (bld),49.0993,-1.08444,Plein jour,En agglomération,Hors intersection,Normale,Deux véhicules - côté,3,2,2,0,1,1,1,0,1,70,,2,1,0,1,0,30.0,19.0,,,1,2,1,1,3
202100011211,2021-10-24 15:45:00,2021,10,24,15,45,47,47323,RD 233,44.42784,0.75161,Plein jour,Hors agglomération,Hors intersection,Normale,Deux véhicules - frontale,3,2,2,0,1,2,1,0,1,80,,2,1,0,0,1,14.0,54.0,,,1,1,1,1,1
202100011212,2021-10-23 13:15:00,2021,10,23,13,15,47,47215,RD 821,44.35901,0.7057,Plein jour,Hors agglomération,Hors intersection,Normale,Autre collision,3,2,2,0,2,2,1,0,1,50,,2,1,0,1,0,69.0,,,,1,1,1,1,6