accident_id,datetime,annee,mois,jour,heure,minute,departement,commune_insee,adresse,latitude,longitude,luminosite,agglomeration,intersection,meteo,collision,catr,circ,nbv,vosp,prof,plan,surf,infra,situ,vma,nb_vehicules,nb_usagers,nb_indemnes,nb_tues,nb_blesses_hosp,nb_blesses_legers,age_cond_1,age_cond_2,veh_type_cond_1,veh_type_cond_2,lum_code,agg_code,int_code,atm_code,col_code
202100011213,2021-10-24 16:31:00,2021,10,24,16,31,45,45234,POIRIER ROND (RUE DU ),47.91487,1.9219,Plein jour,En agglomération,Intersection en X,Normale,Deux véhicules - côté,4,2,2,0,1,1,1,0,1,50,,3,2,0,0,1,48.0,21.0,,,1,2,2,1,3
202100011214,2021-10-24 13:16:00,2021,10,24,13,16,45,45147,RN 60,47.9394,1.9131,Plein jour,Hors agglomération,Hors intersection,Normale,Trois véhicules et plus - collisions multiples,7,1,2,0,1,1,1,0,1,70,,3,2,0,0,1,20.0,26.0,,,1,1,1,1,5
202100011215,2021-10-24 12:56:00,2021,10,24,12,56,45,45147,BROSSOLETTE (RUE PIERRE BROSSOLETTE) F,47.9231079772,1.9120931625,Plein jour,En agglomération,Intersection en T,Normale,Deux véhicules - côté,4,2,2,0,1,1,1,0,1,50,,2,1,0,0,1,31.0,56.0,,,1,2,3,1,3
202100011216,2021-10-24 10:08:00,2021,10,24,10,8,45,45285,17 Rue Charles Beauhaire,47.90995,1.88152,Plein jour,En agglomération,Hors intersection,Normale,Deux véhicules - côté,4,3,2,0,1,1,1,0,1,50,,2,1,0,0,1,19.0,28.0,,,1,2,1,1,3
202100011217,2021-10-24 21:40:00,2021,10,24,21,40,44,44109,BOULEVARD HENRY ORRION,47.23306,-1.55831,Nuit avec éclairage allumé,En agglomération,Hors intersection,Pluie légère,Autre collision,4,2,2,2,2,1,2,0,1,30,,2,1,0,0,1,26.0,,,,5,2,1,2,6
202100011218,2021-10-24 18:40:00,2021,10,24,18,40,35,35238,LEGRAVEREND,48.1178001083,-1.6852394009,Nuit avec éclairage allumé,En agglomération,Hors intersection,Normale,Deux véhicules - côté,4,2,2,0,2,1,1,9,1,30,,2,1,0,0,1,21.0,33.0,,,5,2,1,1,3
202100011219,2021-10-24 02:15:00,2021,10,24,2,15,35,35051,MORAND (ROUTE DU CHENE),48.099554,-1.608151,Nuit avec éclairage allumé,En agglomération,Hors intersection,Normale,Autre collision,7,2,2,0,1,2,1,0,3,50,,2,0,0,0,2,39.0,,,,5,2,1,1,6
202100011220,2021-10-23 19:20:00,2021,10,23,19,20,34,34172,EUROPE (AVENUE DE L'),43.63575,3.82247,Nuit avec éclairage allumé,En agglomération,Hors intersection,Normale,Autre collision,4,2,4,1,1,1,1,0,1,50,,3,2,0,1,0,24.0,,,,5,2,1,1,6
202100011221,2021-10-24 11:10:00,2021,10,24,11,10,31,31555,RTE D AGDE,43.62808,1.47932,Plein jour,En agglomération,Intersection en X,Normale,Deux véhicules - côté,1,1,2,0,1,1,1,2,1,2,,2,1,0,0,1,27.0,26.0,,,1,2,2,1,3
202100011222,2021-10-24 04:25:00,2021,10,24,4,25,31,31483,CIRCUIT (ROUTE DU ),43.10671,0.69472,Nuit sans éclairage public,Hors agglomération,Hors intersection,Brouillard / fumée,Autre collision,3,2,2,0,1,2,1,0,3,70,,3,0,0,0,3,23.0,,,,3,1,1,5,6
202100011223,2021-10-23 19:10:00,2021,10,23,19,10,30,30007,PRES RASCLAUX (QUAI),44.1201,4.0771,Plein jour,En agglomération,Place,Normale,Deux véhicules - arrière,3,2,2,0,1,1,1,0,1,50,,2,1,0,0,1,41.0,40.0,,,1,2,7,1,2
202100011224,2021-10-24 14:15:00,2021,10,24,14,15,27,27375,CHAMP DE VILLE (PLACE DU),49.21024,1.16383,Plein jour,En agglomération,Place,Temps éblouissant,Deux véhicules - côté,3,2,-1,-1,1,1,1,0,1,-1,,2,1,0,1,0,42.0,41.0,,,1,2,7,7,3
202100011225,2021-10-24 06:30:00,2021,10,24,6,30,13,13001,LEDOUX CLAUDE NICOLAS (RUE),43.47549,5.39795,Nuit sans éclairage public,En agglomération,Hors intersection,Brouillard / fumée,Deux véhicules - frontale,7,2,2,0,1,4,1,0,1,70,,3,1,0,0,2,23.0,31.0,,,3,2,1,5,1
202100011226,2021-10-24 02:00:00,2021,10,24,2,0,13,13001,EUROPE (AV),43.52365,5.43708,Nuit avec éclairage allumé,En agglomération,Intersection en X,Normale,Deux véhicules - côté,2,2,5,0,1,1,1,0,1,50,,4,1,0,0,3,23.0,21.0,,,5,2,2,1,3
202100011227,2021-10-24 18:05:00,2021,10,24,18,5,11,11069,Allee de l’Orme,43.1995,2.39442,Plein jour,En agglomération,Intersection en T,Normale,Autre collision,4,2,2,0,1,1,1,0,4,50,,3,2,0,0,1,45.0,,,,1,2,3,1,6
202100011228,2021-10-23 12:10:00,2021,10,23,12,10,01,01053,Rue des Pres de Brou,46.20106,5.24281,Plein jour,En agglomération,Hors intersection,Normale,Deux véhicules - côté,4,2,2,0,1,1,1,0,1,50,,2,1,0,1,0,18.0,56.0,,,1,2,1,1,3
202100011229,2021-10-24 14:30:00,2021,10,24,14,30,75,75112,BOULEVARD PERIPHERIQUE,48.845831,2.414445,Plein jour,En agglomération,Hors intersection,Normale,Deux véhicules - côté,4,1,4,0,1,1,1,0,1,70,,3,1,0,0,2,38.0,37.0,,,1,2,1,1,3
202100011230,2021-10-23 15:20:00,2021,10,23,15,20,75,75120,BOULEVARD PERIPHERIQUE,48.847428,2.41456,Plein jour,En agglomération,Hors intersection,Normale,Autre collision,4,1,4,0,1,1,1,0,1,70,,1,0,0,1,0,28.0,,,,1,2,1,1,6
202100011231,2021-10-23 17:31:00,2021,10,23,17,31,75,75120,PLACE DE LA PORTE DE MONTREUIL,48.853369,2.413824,Plein jour,En agglomération,Intersection en Y,Normale,Autre collision,4,1,4,0,1,3,1,0,1,30,,2,1,0,1,0,60.0,,,,1,2,4,1,6
202100011232,2021-10-24 19:13:00,2021,10,24,19,13,75,75119,AVENUE JEAN JAURES,48.888292,2.391154,Nuit avec éclairage allumé,En agglomération,Hors intersection,Normale,Deux véhicules - côté,4,2,5,0,1,1,1,0,1,30,,2,1,0,0,1,45.0,36.0,,,5,2,1,1,3
202100011233,2021-10-24 00:55:00,2021,10,24,0,55,75,75118,BOULEVARD BARBES,48.888351,2.349604,Nuit avec éclairage allumé,En agglomération,Intersection en T,Normale,Deux véhicules - côté,4,2,4,1,1,1,1,-1,5,30,,3,2,0,0,1,25.0,28.0,,,5,2,3,1,3
202100011234,2021-10-23 23:15:00,2021,10,23,23,15,75,75117,AVENUE DE CLICHY,48.889699,2.321721,Nuit avec éclairage allumé,En agglomération,Intersection en X,Normale,Deux véhicules - côté,4,2,3,3,2,1,1,0,6,30,,3,0,0,0,3,44.0,34.0,,,5,2,2,1,3
202100011235,2021-10-24 20:00:00,2021,10,24,20,0,75,75116,AVENUE DE NEW YORK,48.862166,2.293124,Nuit avec éclairage allumé,En agglomération,Intersection en T,Normale,Deux véhicules - côté,4,2,6,0,1,1,1,1,1,30,,2,1,0,0,1,18.0,49.0,,,5,2,3,1,3
202100011236,2021-10-24 11:20:00,2021,10,24,11,20,75,75116,BOULEVARD MURAT,48.844431,2.257105,Plein jour,En agglomération,Intersection en T,Normale,Deux véhicules - arrière,4,2,4,0,1,1,1,0,1,50,,2,1,0,0,1,29.0,23.0,,,1,2,3,1,2
202100011237,2021-10-24 13:45:00,2021,10,24,13,45,75,75115,RUE DU HAMEAU,48.835667,2.289725,Plein jour,En agglomération,Intersection en Y,Normale,Autre collision,4,1,2,0,1,1,1,0,1,30,,2,1,0,0,1,67.0,,,,1,2,4,1,6
202100011238,2021-10-24 06:20:00,2021,10,24,6,20,75,75115,QUAI D ISSY LES MOULINEAUX,48.83459,2.265667,Nuit avec éclairage non allumé,En agglomération,Intersection en Y,Normale,Deux véhicules - côté,4,2,4,0,1,1,1,0,1,30,,2,1,0,0,1,36.0,41.0,,,4,2,4,1,3
202100011239,2021-10-24 03:45:00,2021,10,24,3,45,75,75115,RUE DE LA CONVENTION,48.835951,2.300857,Nuit avec éclairage allumé,En agglomération,Intersection en T,Normale,Deux véhicules - côté,4,2,3,3,2,1,1,-1,6,30,,2,1,0,0,1,40.0,22.0,,,5,2,3,1,3
202100011240,2021-10-24 18:30:00,2021,10,24,18,30,75,75111,BOULEVARD RICHARD LENOIR,48.862305,2.372572,Plein jour,En agglomération,Intersection en X,Normale,Deux véhicules - côté,4,3,2,1,1,2,1,-1,5,30,,2,1,0,0,1,31.0,,,,1,2,2,1,3
202100011241,2021-10-24 11:15:00,2021,10,24,11,15,75,75115,AVENUE FELIX FAURE,48.84209,2.290377,Plein jour,En agglomération,Intersection en X,Normale,Autre collision,4,2,2,0,1,1,1,0,1,30,,2,1,0,0,1,,,,,1,2,2,1,6
202100011242,2021-10-24 09:20:00,2021,10,24,9,20,75,75111,RUE OBERKAMPF,48.865894,2.378357,Plein jour,En agglomération,Hors intersection,Temps couvert,Deux véhicules - côté,4,1,1,0,2,1,2,0,1,30,,2,1,0,0,1,31.0,37.0,,,1,2,1,8,3
202100011243,2021-10-24 06:15:00,2021,10,24,6,15,75,75110,BOULEVARD SAINT DENIS,48.869319,2.354299,Nuit avec éclairage allumé,En agglomération,Intersection en X,Normale,Deux véhicules - côté,4,2,5,1,1,1,1,-1,5,30,,2,1,0,0,1,26.0,38.0,,,5,2,2,1,3
202100011244,2021-10-23 17:15:00,2021,10,23,17,15,75,75104,QUAI HENRI IV,48.84712,2.364974,Plein jour,En agglomération,Intersection en Y,Normale,Deux véhicules - frontale,4,2,0,1,1,1,1,0,5,30,,2,1,0,0,1,,49.0,,,1,2,4,1,1
202100011245,2021-10-24 11:00:00,2021,10,24,11,0,94,94073,Avenue du Général de Gaulle,48.76651,2.38611,Plein jour,En agglomération,Hors intersection,Normale,Autre collision,3,2,2,0,2,1,1,0,1,50,,2,1,0,0,1,88.0,,,,1,2,1,1,6
202100011246,2021-10-24 18:00:00,2021,10,24,18,0,94,94022,Rue Camille Desmoulins,48.76346,2.41878,Plein jour,En agglomération,Intersection en T,Normale,Deux véhicules - frontale,4,2,2,0,1,1,1,0,1,30,,2,1,0,0,1,23.0,49.0,,,1,2,3,1,1
202100011247,2021-10-24 12:20:00,2021,10,24,12,20,94,94002,JOFFRIN (R),48.79996,2.42709,Plein jour,En agglomération,Hors intersection,Normale,Autre collision,4,2,2,0,2,1,1,0,1,50,,2,1,0,0,1,47.0,,,,1,2,1,1,6
202100011248,2021-10-24 16:50:00,2021,10,24,16,50,93,93078,BALLANGER (BD ROBERT),48.96151,2.55631,Plein jour,En agglomération,Hors intersection,Normale,Deux véhicules - arrière,3,1,2,0,1,1,1,0,1,50,,2,1,0,0,1,40.0,60.0,,,1,2,1,1,2
202100011249,2021-10-24 16:30:00,2021,10,24,16,30,93,93070,ALBERT-DHALENNE (RUE),48.91538,2.33132,Plein jour,En agglomération,Hors intersection,Normale,Deux véhicules - arrière,3,1,2,1,1,1,1,0,1,30,,2,1,0,0,1,,36.0,,,1,2,1,1,2
202100011250,2021-10-24 21:48:00,2021,10,24,21,48,93,93053,PROGRES (RUE DU) N° 33 A ... - N° PAIRS,48.88549,2.46189,Nuit avec éclairage allumé,En agglomération,Intersection en T,Normale,Deux véhicules - côté,4,2,2,0,2,1,1,0,1,50,,5,4,0,1,0,24.0,50.0,,,5,2,3,1,3
202100011251,2021-10-23 23:45:00,2021,10,23,23,45,93,93046,CONSUL GENERAL NORDLING AVENUE,48.9170917996,2.5330065218,Nuit avec éclairage allumé,En agglomération,Hors intersection,Normale,Trois véhicules et plus - collisions multiples,3,1,2,0,1,1,1,0,1,50,,4,3,0,0,1,,44.0,,,5,2,1,1,5
202100011252,2021-10-24 00:30:00,2021,10,24,0,30,93,93005,PAUL CEZANNE (RUE),48.95207,2.48631,Nuit avec éclairage allumé,En agglomération,Hors intersection,Normale,Deux véhicules - frontale,3,1,2,3,1,2,1,9,3,50,,3,2,0,0,1,,19.0,,,5,2,1,1,1
202100011253,2021-10-24 14:45:00,2021,10,24,14,45,93,93001,ANDRE KARMAN (RUE)  138/145 =>,48.90738,2.3847,Plein jour,En agglomération,Autre intersection,Normale,Deux véhicules - côté,4,1,1,0,1,1,1,0,1,30,,3,2,0,0,1,25.0,33.0,,,1,2,9,1,3
202100011254,2021-10-24 11:03:00,2021,10,24,11,3,93,93001,JEAN JAURES (AVE)  => 53,48.9029892398,2.3913214035,Plein jour,En agglomération,Hors intersection,Normale,Autre collision,3,1,1,0,1,1,1,0,1,50,,2,1,0,0,1,,,,,1,2,1,1,6
202100011255,2021-10-24 12:50:00,2021,10,24,12,50,92,92076,REPUBLIQUE,48.8375446408,2.15518713,Plein jour,En agglomération,Autre intersection,Normale,Deux véhicules - arrière,3,2,2,0,1,1,1,9,1,50,,3,2,0,0,1,53.0,31.0,,,1,2,9,1,2
202100011256,2021-10-24 21:00:00,2021,10,24,21,0,92,92050,ARAGO FRANCOIS AVENUE,48.9029242835,2.2281914949,Nuit avec éclairage allumé,En agglomération,Intersection en X,Normale,Deux véhicules - arrière,3,2,4,0,1,1,1,0,1,50,,4,3,0,0,1,42.0,38.0,,,5,2,2,1,2
202100011257,2021-10-14 23:15:00,2021,10,14,23,15,60,60495,D938,49.528447,2.45538,Nuit sans éclairage public,Hors agglomération,Intersection en X,Normale,Deux véhicules - côté,3,2,2,0,1,1,1,0,1,80,,2,1,0,0,1,20.0,31.0,,,3,1,2,1,3
202100011258,2021-10-24 17:50:00,2021,10,24,17,50,35,35236,Place de la République,47.651497,-2.084893,Plein jour,En agglomération,Place,Pluie légère,Autre collision,6,-1,-1,0,1,1,2,9,1,50,,2,1,0,1,0,20.0,,,,1,2,7,2,6
202100011259,2021-10-24 20:50:00,2021,10,24,20,50,80,80065,17 Rue d Hamel,50.077549,2.682434,Nuit avec éclairage allumé,En agglomération,Hors intersection,Normale,Autre collision,3,2,2,0,1,3,9,0,4,50,,1,0,1,0,0,35.0,,,,5,2,1,1,6
202100011260,2021-10-24 00:30:00,2021,10,24,0,30,86,86262,La Grange,46.426045,0.794733,Nuit sans éclairage public,Hors agglomération,Hors intersection,Normale,Autre collision,4,2,2,0,1,1,1,0,3,80,,1,0,0,1,0,27.0,,,,3,1,1,1,6
202100011261,2021-10-24 18:20:00,2021,10,24,18,20,83,83100,au troute A57 Pk 30+500,43.282196,6.188189,Nuit sans éclairage public,Hors agglomération,Hors intersection,Normale,Sans collision,1,3,4,0,2,2,1,0,1,130,,1,0,0,0,1,26.0,,,,3,1,1,1,7
202100011262,2021-10-24 17:30:00,2021,10,24,17,30,28,28127,Cormeray,48.193461,1.277675,Plein jour,Hors agglomération,Hors intersection,Normale,Sans collision,3,2,2,0,1,2,1,0,1,80,,1,0,0,0,1,44.0,,,,1,1,1,1,7
202100011263,2021-10-25 10:05:00,2021,10,25,10,5,972,97222,RN1,14.667043,-60.964669,Plein jour,Hors agglomération,Hors intersection,Normale,Autre collision,2,2,2,0,2,1,1,9,1,90,,2,1,0,1,0,49.0,,,,1,1,1,1,6
202100011264,2021-10-23 18:05:00,2021,10,23,18,5,01,01075,Route de Messimy,46.046697,4.784074,Crépuscule ou aube,Hors agglomération,Hors intersection,Normale,Autre collision,3,2,2,0,1,1,1,0,3,80,,1,0,0,1,0,34.0,,,,2,1,1,1,6
202100011265,2021-10-23 23:06:00,2021,10,23,23,6,59,59462,CD925,50.531462,3.013945,Nuit sans éclairage public,Hors agglomération,Hors intersection,Normale,Deux véhicules - frontale,3,2,2,1,1,3,1,0,1,80,,3,0,1,2,0,70.0,31.0,,,3,1,1,1,1
202100011266,2021-10-23 23:00:00,2021,10,23,23,0,58,58086,D163,47.38474,2.9644846916,Nuit sans éclairage public,Hors agglomération,Hors intersection,Normale,Sans collision,3,2,2,0,1,1,1,0,1,80,,1,0,0,0,1,26.0,,,,3,1,1,1,7
202100011267,2021-10-22 16:20:00,2021,10,22,16,20,30,30295,D23,44.057708,4.438434,Plein jour,Hors agglomération,Hors intersection,Normale,Sans collision,3,2,2,0,1,3,1,0,1,80,,1,0,0,1,0,54.0,,,,1,1,1,1,7
202100011268,2021-10-25 11:05:00,2021,10,25,11,5,57,57497,D29,48.977161,6.858602,Plein jour,Hors agglomération,Hors intersection,Temps éblouissant,Deux véhicules - frontale,3,2,2,0,2,1,1,0,1,80,,2,1,1,0,0,81.0,25.0,,,1,1,1,7,1
202100011269,2021-10-23 16:35:00,2021,10,23,16,35,56,56057,Kermaguer,48.073083,-3.516341,Plein jour,Hors agglomération,Hors intersection,Normale,Deux véhicules - côté,9,2,2,0,2,3,1,0,1,80,,2,1,0,1,0,16.0,31.0,,,1,1,1,1,3
202100011270,2021-10-25 12:10:00,2021,10,25,12,10,76,76646,D925,49.809749,0.668449,Plein jour,Hors agglomération,Intersection en X,Normale,Trois véhicules et plus - collisions multiples,3,2,2,0,3,1,1,0,1,80,,5,4,0,1,0,48.0,23.0,,,1,1,2,1,5
202100011271,2021-10-23 10:20:00,2021,10,23,10,20,76,76655,Place du Marché,49.868651,0.713376,Plein jour,En agglomération,Autre intersection,Temps couvert,Autre collision,6,-1,-1,0,1,2,1,0,1,50,,2,1,0,1,0,80.0,,,,1,2,9,8,6
202100011272,2021-10-22 20:15:00,2021,10,22,20,15,79,79005,,46.815451,-0.085423,Nuit sans éclairage public,Hors agglomération,Hors intersection,Normale,Deux véhicules - frontale,3,2,2,0,1,3,1,0,1,80,,3,0,0,1,2,33.0,57.0,,,3,1,1,1,1
202100011273,2021-10-23 11:15:00,2021,10,23,11,15,82,82079,Route de Campsas,43.900393,1.370013,Plein jour,Hors agglomération,Intersection en X,Normale,Deux véhicules - côté,3,2,2,0,1,1,1,0,1,80,,2,1,0,1,0,20.0,66.0,,,1,1,2,1,3
202100011274,2021-09-29 13:25:00,2021,9,29,13,25,33,33382,L Ombrière,45.135237,-0.485179,Plein jour,Hors agglomération,Hors intersection,Normale,Autre collision,3,2,2,0,1,2,1,0,3,80,,1,0,0,1,0,68.0,,,,1,1,1,1,6
202100011275,2021-10-21 16:30:00,2021,10,21,16,30,69,69292,PAUL DELORME (AV),45.821255,4.871828,Plein jour,En agglomération,Hors intersection,Normale,Autre collision,7,1,2,3,1,1,1,0,1,15,,2,1,0,0,1,45.0,,,,1,2,1,1,6
202100011276,2021-10-09 09:25:00,2021,10,9,9,25,68,68195,Rue Théodore Boch,47.760472,7.277673,Plein jour,En agglomération,Place,Normale,Autre collision,6,-1,-1,0,1,1,1,0,4,45,,2,1,0,1,0,75.0,,,,1,2,7,1,6
202100011277,2021-10-16 15:25:00,2021,10,16,15,25,39,39261,,46.461591,5.438677,Plein jour,Hors agglomération,Hors intersection,Normale,Sans collision,3,2,2,0,2,1,1,0,1,80,,1,0,0,1,0,71.0,,,,1,1,1,1,7
202100011278,2021-10-23 15:45:00,2021,10,23,15,45,38,38144,D36,45.596181,5.095328,Plein jour,En agglomération,Hors intersection,Normale,Deux véhicules - côté,3,2,2,0,1,1,1,0,1,80,,2,1,0,0,1,50.0,47.0,,,1,2,1,1,3
202100011279,2021-10-25 09:30:00,2021,10,25,9,30,38,38069,D1085,45.43644,5.298859,Plein jour,Hors agglomération,Intersection en X,Normale,Deux véhicules - côté,3,2,2,0,1,1,1,0,1,80,,3,2,0,1,0,30.0,62.0,,,1,1,2,1,3
202100011280,2021-10-25 17:00:00,2021,10,25,17,0,84,84014,D198,43.768523,5.693671,Plein jour,Hors agglomération,Hors intersection,Normale,Deux véhicules - frontale,9,2,1,0,2,3,1,0,1,80,,2,1,0,1,0,66.0,18.0,,,1,1,1,1,1
202100011281,2021-10-25 06:30:00,2021,10,25,6,30,03,03162,RD 53 PK 52+400,46.574129,3.224659,Nuit sans éclairage public,Hors agglomération,Hors intersection,Brouillard / fumée,Deux véhicules - arrière,3,2,2,0,1,1,2,0,1,90,,2,0,1,0,1,19.0,36.0,,,3,1,1,5,2
202100011282,2021-10-17 08:00:00,2021,10,17,8,0,01,01231,Grand Route,46.353045,4.903346,Plein jour,En agglomération,Intersection en X,Brouillard / fumée,Deux véhicules - côté,3,2,2,0,2,1,1,0,1,50,,2,1,0,1,0,83.0,59.0,,,1,2,2,5,3
202100011283,2021-10-25 08:25:00,2021,10,25,8,25,85,85097,a87,46.925707,-1.02396,Crépuscule ou aube,Hors agglomération,Hors intersection,Brouillard / fumée,Autre collision,1,3,4,0,1,1,2,0,1,130,,1,0,0,0,1,45.0,,,,2,1,1,5,6
202100011284,2021-10-24 16:15:00,2021,10,24,16,15,70,70356,D3,47.379871,5.933454,Plein jour,Hors agglomération,Hors intersection,Normale,Deux véhicules - côté,3,2,2,0,1,1,1,0,1,80,,2,1,1,0,0,83.0,33.0,,,1,1,1,1,3
202100011285,2021-10-21 11:45:00,2021,10,21,11,45,14,14174,Route de Vire,48.8531103017,-0.5767312644,Plein jour,Hors agglomération,Intersection en T,Pluie légère,Deux véhicules - côté,3,2,2,0,2,1,2,0,5,90,,4,2,0,0,2,48.0,43.0,,,1,1,3,2,3
202100011286,2021-10-24 22:30:00,2021,10,24,22,30,64,64268,chemin forestier,43.177204,-0.90502,Nuit sans éclairage public,Hors agglomération,Intersection en T,Normale,Sans collision,9,2,1,0,1,1,9,9,8,50,,4,1,0,2,1,59.0,,,,3,1,3,1,7
202100011287,2021-10-25 07:10:00,2021,10,25,7,10,10,10061,D50,48.333245,4.389617,Nuit sans éclairage public,Hors agglomération,Hors intersection,Normale,Sans collision,3,2,2,0,1,2,1,0,3,80,,1,0,0,1,0,24.0,,,,3,1,1,1,7
202100011288,2021-10-25 14:40:00,2021,10,25,14,40,16,16393,Allee des Platanes,45.758691,0.140966,Plein jour,Hors agglomération,Hors intersection,Normale,Autre collision,3,3,1,0,1,2,1,5,1,90,,1,0,0,1,0,59.0,,,,1,1,1,1,6
202100011289,2021-10-24 17:05:00,2021,10,24,17,5,07,07040,Route de Lamastre,45.021058,4.691613,Plein jour,Hors agglomération,Hors intersection,Normale,Deux véhicules - frontale,3,2,2,0,1,3,9,0,1,80,,2,1,0,1,0,32.0,23.0,,,1,1,1,1,1
202100011290,2021-10-25 09:20:00,2021,10,25,9,20,27,27638,intersection D85 et D26,49.243849,0.919043,Plein jour,Hors agglomération,Intersection en X,Pluie légère,Deux véhicules - côté,3,2,2,0,1,1,2,0,1,80,,2,0,0,0,2,51.0,26.0,,,1,1,2,2,3
202100011291,2021-10-25 07:30:00,2021,10,25,7,30,28,28341,D928,48.628115,1.264608,Crépuscule ou aube,Hors agglomération,Hors intersection,Brouillard / fumée,Deux véhicules - frontale,3,2,2,0,1,1,2,0,1,80,,2,0,0,1,1,27.0,21.0,,,2,1,1,5,1
202100011292,2021-10-22 18:15:00,2021,10,22,18,15,87,87154,Avenue Henri Barbusse,45.892415,0.906706,Plein jour,En agglomération,Autre intersection,Normale,Autre collision,3,2,2,0,2,1,1,0,1,50,,2,0,0,1,1,16.0,,,,1,2,9,1,6
202100011293,2021-10-25 16:20:00,2021,10,25,16,20,30,30071,D982,44.011738,4.111869,Plein jour,Hors agglomération,Hors intersection,Normale,Autre collision,3,2,2,0,1,1,1,0,3,80,,1,0,0,1,0,75.0,,,,1,1,1,1,6
202100011294,2021-10-21 21:50:00,2021,10,21,21,50,38,38048,cd36,45.600325,5.125337,Nuit sans éclairage public,En agglomération,Hors intersection,Normale,Autre collision,3,2,2,0,1,1,1,5,8,70,,1,0,1,0,0,25.0,,,,3,2,1,1,6
202100011295,2021-09-13 07:10:00,2021,9,13,7,10,33,33122,Cheminement Bretelle Acces Autoroute,44.755501,-0.68535,Plein jour,Hors agglomération,Hors intersection,Normale,Deux véhicules - arrière,1,2,2,1,1,1,1,0,1,80,,2,1,0,0,1,33.0,40.0,,,1,1,1,1,2
202100011296,2021-10-24 08:40:00,2021,10,24,8,40,89,89341,"autoroute A6, PK 179+937 sens PARIS/LYON",47.713313,3.775349,Plein jour,Hors agglomération,Hors intersection,Normale,Deux véhicules - arrière,1,3,4,0,2,1,1,0,1,130,,4,2,0,1,1,59.0,34.0,,,1,1,1,1,2
202100011297,2021-10-24 23:45:00,2021,10,24,23,45,21,21347,PK306+600,47.000919,4.860163,Nuit sans éclairage public,Hors agglomération,Hors intersection,Normale,Deux véhicules - côté,1,3,4,0,1,1,1,0,1,130,,6,2,0,4,0,36.0,63.0,,,3,1,1,1,3
202100011298,2021-10-25 10:25:00,2021,10,25,10,25,38,38377,Route de Faverges,45.575217,5.481191,Plein jour,En agglomération,Hors intersection,Normale,Deux véhicules - côté,3,2,2,0,2,1,1,0,1,50,,3,0,0,0,3,63.0,27.0,,,1,2,1,1,3
202100011299,2021-10-24 17:30:00,2021,10,24,17,30,987,98714,RT 101,-16.475308,-151.761897,Crépuscule ou aube,Hors agglomération,Hors intersection,Pluie légère,Sans collision,2,2,2,0,1,2,2,0,3,40,,1,0,0,1,0,41.0,,,,2,1,1,2,7
202100011300,2021-10-21 18:30:00,2021,10,21,18,30,987,98729,pk 21,-17.533189,-149.838611,Nuit sans éclairage public,En agglomération,Hors intersection,Pluie forte,Sans collision,2,2,2,0,1,1,2,0,1,60,,1,0,1,0,0,39.0,,,,3,2,1,3,7
202100011301,2021-10-09 18:00:00,2021,10,9,18,0,988,98814,Tribu de Traput,-20.933064,167.311016,Crépuscule ou aube,En agglomération,Hors intersection,Normale,Autre collision,4,2,2,0,1,1,1,0,3,90,,2,1,0,1,0,45.0,,,,2,2,1,1,6
202100011302,2021-10-22 19:00:00,2021,10,22,19,0,971,97128,Rue Abbé Grégoire,16.2267207698,-61.3830265403,Nuit sans éclairage public,En agglomération,Hors intersection,Normale,Autre collision,4,1,2,0,1,1,1,0,1,50,,2,0,1,1,0,24.0,,,,3,2,1,1,6
202100011303,2021-10-25 17:15:00,2021,10,25,17,15,29,29234,Lieu Dit Kerfleury,47.844083,-3.50215,Plein jour,Hors agglomération,Hors intersection,Normale,Autre collision,2,1,1,0,1,3,1,3,3,70,,1,0,1,0,0,28.0,,,,1,1,1,1,6
202100011304,2021-10-22 21:23:00,2021,10,22,21,23,77,77264,D402,48.703622,2.920732,Nuit sans éclairage public,Hors agglomération,Hors intersection,Normale,Autre collision,3,3,2,0,1,1,1,0,1,80,,1,0,1,0,0,48.0,,,,3,1,1,1,6
202100011305,2021-10-25 04:00:00,2021,10,25,4,0,2A,2A247,rue Henri Frenay,41.599109,9.277933,Nuit sans éclairage public,En agglomération,Hors intersection,Normale,Deux véhicules - frontale,3,2,2,0,1,1,1,0,1,50,,2,1,0,1,0,47.0,13.0,,,3,2,1,1,1
202100011306,2021-10-16 14:35:00,2021,10,16,14,35,06,06157,228 Avenue Colonel Meyère,43.720298,7.11609,Plein jour,En agglomération,Hors intersection,Normale,Deux véhicules - frontale,7,2,2,0,2,1,1,0,1,30,,2,1,0,1,0,19.0,17.0,,,1,2,1,1,1
202100011307,2021-10-24 14:15:00,2021,10,24,14,15,13,13004,"d570, d37",43.608387,4.47769,Plein jour,Hors agglomération,Intersection en Y,Normale,Deux véhicules - côté,3,2,2,3,1,1,1,5,1,80,,3,1,0,2,0,65.0,50.0,,,1,1,4,1,3
202100011308,2021-10-21 20:50:00,2021,10,21,20,50,26,26295,Autoroute du Soleil,45.164958,4.889045,Nuit sans éclairage public,Hors agglomération,Hors intersection,Normale,Trois véhicules et plus - collisions multiples,1,3,3,0,1,1,1,0,1,130,,4,1,0,0,3,51.0,55.0,,,3,1,1,1,5