accident_id,datetime,annee,mois,jour,heure,minute,departement,commune_insee,adresse,latitude,longitude,luminosite,agglomeration,intersection,meteo,collision,catr,circ,nbv,vosp,prof,plan,surf,infra,situ,vma,nb_vehicules,nb_usagers,nb_indemnes,nb_tues,nb_blesses_hosp,nb_blesses_legers,age_cond_1,age_cond_2,veh_type_cond_1,veh_type_cond_2,lum_code,agg_code,int_code,atm_code,col_code
202100011309,2021-10-24 14:50:00,2021,10,24,14,50,89,89013,Rue En Bas les Bries,47.860678,3.529894,Plein jour,En agglomération,Hors intersection,Normale,Sans collision,3,2,2,0,1,1,1,0,1,50,,1,0,0,1,0,25.0,,,,1,2,1,1,7
202100011310,2021-10-20 16:15:00,2021,10,20,16,15,89,89023,D606,47.763554,3.611262,Plein jour,En agglomération,Intersection en T,Pluie légère,Deux véhicules - côté,3,2,2,0,1,1,2,0,1,50,,2,1,0,0,1,40.0,58.0,,,1,2,3,2,3
202100011311,2021-10-21 19:30:00,2021,10,21,19,30,67,67550,Grand Rue,48.938278,7.743403,Nuit avec éclairage allumé,En agglomération,Hors intersection,Pluie forte,Autre collision,3,2,2,3,1,1,2,0,1,40,,2,1,0,1,0,55.0,,,,5,2,1,3,6
202100011312,2021-10-24 17:30:00,2021,10,24,17,30,74,74033,Route de Grange Blanche,46.356558,6.662951,Crépuscule ou aube,Hors agglomération,Autre intersection,Normale,Deux véhicules - côté,3,2,2,0,2,3,1,0,1,70,,2,1,0,0,1,70.0,15.0,,,2,1,9,1,3
202100011313,2021-10-25 07:30:00,2021,10,25,7,30,74,74197,Route d Annemasse,46.154263,6.305294,Crépuscule ou aube,En agglomération,Hors intersection,Normale,Deux véhicules - côté,3,2,2,0,1,1,1,0,1,50,,2,1,0,1,0,37.0,65.0,,,2,2,1,1,3
202100011314,2021-10-23 05:00:00,2021,10,23,5,0,69,69078,RD 34,45.6849466033,4.5299935341,Nuit sans éclairage public,Hors agglomération,Hors intersection,Normale,Sans collision,3,2,2,0,2,2,2,0,3,80,,2,0,0,1,1,30.0,,,,3,1,1,1,7
202100011315,2021-10-07 17:40:00,2021,10,7,17,40,69,69204,CHARLES LUIZET (R),45.6982495822,4.790430901,Plein jour,En agglomération,Hors intersection,Normale,Autre collision,4,2,2,0,1,1,1,0,1,50,,2,1,0,0,1,44.0,,,,1,2,1,1,6
202100011316,2021-10-24 15:35:00,2021,10,24,15,35,31,31395,Chemin de Podio,43.437985235,1.3119435793,Plein jour,En agglomération,Hors intersection,Normale,Deux véhicules - arrière,4,2,2,0,1,1,1,0,1,50,,3,2,0,1,0,61.0,33.0,,,1,2,1,1,2
202100011317,2021-10-22 16:30:00,2021,10,22,16,30,86,86121,Rue de la Frugerie,46.63196,0.079013,Plein jour,En agglomération,Intersection en T,Normale,Deux véhicules - côté,3,2,2,0,2,1,1,0,1,50,,2,1,0,1,0,57.0,53.0,,,1,2,3,1,3
202100011318,2021-10-24 21:24:00,2021,10,24,21,24,27,27118,Rue des Collets,49.113407,1.112881,Nuit sans éclairage public,En agglomération,Hors intersection,Normale,Deux véhicules - frontale,4,2,2,0,2,2,1,0,1,50,,2,0,1,1,0,32.0,34.0,,,3,2,1,1,1
202100011319,2021-10-24 21:30:00,2021,10,24,21,30,02,02163,Route de Pavant,48.973407,3.282225,Nuit avec éclairage allumé,En agglomération,Hors intersection,Normale,Autre collision,4,2,2,0,1,1,1,0,3,50,,4,2,0,2,0,22.0,,,,5,2,1,1,6
202100011320,2021-10-22 16:43:00,2021,10,22,16,43,13,13117,A7-Sens Marseille vers Lyon,43.473169976,5.2351288686,Plein jour,Hors agglomération,Hors intersection,Normale,Trois véhicules et plus - en chaîne,1,1,2,0,2,1,1,0,1,110,,6,3,0,0,3,28.0,28.0,,,1,1,1,1,4
202100011321,2021-10-23 18:05:00,2021,10,23,18,5,13,13106,A51-Sens Aix en Provence vers Marseille,43.402604,5.355875,Plein jour,Hors agglomération,Hors intersection,Normale,Deux véhicules - arrière,1,-1,2,0,1,1,1,0,1,90,,3,1,0,0,2,34.0,33.0,,,1,1,1,1,2
202100011322,2021-10-24 19:20:00,2021,10,24,19,20,92,92002,AUTOROUTE A10,48.7368422947,2.3178362846,Nuit sans éclairage public,Hors agglomération,Hors intersection,Normale,Trois véhicules et plus - en chaîne,1,1,3,0,1,1,1,0,2,90,,5,4,0,0,1,35.0,77.0,,,3,1,1,1,4
202100011323,2021-10-24 14:10:00,2021,10,24,14,10,94,94038,AUTOROUTE A6A,48.78001,2.34689,Plein jour,Hors agglomération,Hors intersection,Normale,Deux véhicules - arrière,1,3,3,0,2,1,1,0,1,90,,4,1,0,0,3,32.0,20.0,,,1,1,1,1,2
202100011324,2021-10-24 12:30:00,2021,10,24,12,30,91,91340,RN 104,48.60884,2.43751,Plein jour,Hors agglomération,Hors intersection,Normale,Trois véhicules et plus - collisions multiples,2,1,4,0,1,3,1,0,1,70,,4,2,0,0,2,41.0,37.0,,,1,1,1,1,5
202100011325,2021-10-24 19:45:00,2021,10,24,19,45,78,78524,A13,48.8413,2.10324,Nuit sans éclairage public,Hors agglomération,Hors intersection,Normale,Trois véhicules et plus - collisions multiples,1,1,3,0,1,2,1,0,1,110,,5,4,0,1,0,58.0,63.0,,,3,1,1,1,5
202100011326,2021-10-24 16:00:00,2021,10,24,16,0,92,92064,A13,48.837171827,2.188013395,Plein jour,Hors agglomération,Hors intersection,Normale,Trois véhicules et plus - en chaîne,1,1,3,0,1,1,1,0,1,110,,7,5,0,0,2,26.0,46.0,,,1,1,1,1,4
202100011327,2021-10-24 17:00:00,2021,10,24,17,0,93,93078,AUTOROUTE A104,48.9629669714,2.5486509873,Plein jour,Hors agglomération,Hors intersection,Normale,Trois véhicules et plus - en chaîne,1,3,6,0,1,1,1,0,1,110,,5,3,0,0,2,55.0,22.0,,,1,1,1,1,4
202100011328,2021-10-24 12:40:00,2021,10,24,12,40,92,92036,AUTOROUTE A86,48.9339953804,2.3205880188,Plein jour,Hors agglomération,Hors intersection,Normale,Deux véhicules - arrière,1,-1,6,0,1,1,1,0,1,90,,3,2,0,0,1,42.0,48.0,,,1,1,1,1,2
202100011329,2021-10-23 22:40:00,2021,10,23,22,40,95,95277,RD 170 ,48.97661,2.47875,Nuit sans éclairage public,Hors agglomération,Hors intersection,Normale,Deux véhicules - arrière,3,3,2,0,1,1,1,0,1,90,,2,1,0,0,1,58.0,29.0,,,3,1,1,1,2
202100011330,2021-10-23 09:20:00,2021,10,23,9,20,92,92036,AUTOROUTE A86,48.935417355,2.3198823491,Plein jour,Hors agglomération,Hors intersection,Normale,Deux véhicules - côté,1,3,6,0,1,1,1,0,1,90,,3,2,0,0,1,27.0,51.0,,,1,1,1,1,3
202100011331,2021-10-24 18:10:00,2021,10,24,18,10,77,77372,A104,48.8914,2.6671,Crépuscule ou aube,Hors agglomération,Hors intersection,Normale,Autre collision,1,3,6,0,1,1,1,0,1,90,,1,0,0,0,1,30.0,,,,2,1,1,1,6
202100011332,2021-10-24 18:25:00,2021,10,24,18,25,94,94073,A86 INT,48.7633,2.3809,Plein jour,Hors agglomération,Hors intersection,Normale,Deux véhicules - arrière,1,3,6,0,1,1,1,1,1,70,,3,2,0,0,1,50.0,23.0,,,1,1,1,1,2
202100011333,2021-10-24 15:15:00,2021,10,24,15,15,94,94073,A86 INT,48.7706496736,2.3853272779,Plein jour,Hors agglomération,Hors intersection,Normale,Autre collision,1,-1,6,0,1,1,1,0,1,70,,3,2,0,0,1,28.0,37.0,,,1,1,1,1,6
202100011334,2021-10-23 19:30:00,2021,10,23,19,30,94,94073,A86 INT,48.7634311379,2.3812866211,Nuit avec éclairage allumé,Hors agglomération,Hors intersection,Temps couvert,Autre collision,1,1,3,0,1,1,1,1,1,90,,3,2,0,0,1,56.0,21.0,,,5,1,1,8,6
202100011335,2021-10-23 06:50:00,2021,10,23,6,50,94,94069,A4,48.81657,2.44498,Nuit sans éclairage public,Hors agglomération,Hors intersection,Normale,Deux véhicules - arrière,1,1,2,0,3,3,1,2,1,70,,2,1,0,0,1,37.0,18.0,,,3,1,1,1,2
202100011336,2021-10-22 09:23:00,2021,10,22,9,23,94,94069,A4,48.8171389327,2.4422619339,Crépuscule ou aube,Hors agglomération,Hors intersection,Temps couvert,Trois véhicules et plus - collisions multiples,1,1,3,0,1,1,1,0,1,90,,3,2,0,0,1,65.0,30.0,,,2,1,1,8,5
202100011337,2021-05-18 11:55:00,2021,5,18,11,55,02,02294,RN2,49.520288,3.586921,Plein jour,Hors agglomération,Hors intersection,Pluie légère,Sans collision,2,3,2,0,1,1,2,0,3,80,,4,0,0,0,4,41.0,,,,1,1,1,2,7
202100011338,2021-10-23 12:00:00,2021,10,23,12,0,976,97611,cavani-Cavani (route de),-12.78255,45.22354,Plein jour,En agglomération,Hors intersection,Normale,Autre collision,4,2,2,0,1,1,1,0,1,50,,2,1,0,0,1,30.0,,,,1,2,1,1,6
202100011339,2021-10-23 12:30:00,2021,10,23,12,30,972,97209,REPUBLIQUE (RUE DE LA ),14.60531,-61.0703,Plein jour,En agglomération,Autre intersection,Normale,Autre collision,9,-1,0,0,1,1,1,9,6,10,,2,1,0,0,1,,,,,1,2,9,1,6
202100011340,2021-10-23 14:00:00,2021,10,23,14,0,91,91326,JEAN MOULIN (ALLEE),48.691073,2.376133,Plein jour,En agglomération,Hors intersection,Normale,Autre collision,4,2,2,0,1,1,1,9,1,50,,2,1,0,0,1,55.0,,,,1,2,1,1,6
202100011341,2021-10-23 19:50:00,2021,10,23,19,50,72,72181,BOLLEE (AV) N° IMP 347 ET >,48.0021699674,0.2072703836,Nuit avec éclairage allumé,En agglomération,Hors intersection,Normale,Autre collision,4,2,2,2,1,1,1,0,1,50,,3,1,0,0,2,29.0,21.0,,,5,2,1,1,6
202100011342,2021-10-23 14:00:00,2021,10,23,14,0,64,64445,CHAMPETIER DE RIBES,43.30407,-0.37766,Plein jour,En agglomération,Hors intersection,Normale,Autre collision,4,-1,-1,0,1,1,1,0,1,50,,3,2,0,0,1,26.0,,,,1,2,1,1,6
202100011343,2021-10-23 15:50:00,2021,10,23,15,50,75,75118,PLACE ALBERT KAHN,48.895985,2.346029,Plein jour,En agglomération,Place,Temps couvert,Deux véhicules - arrière,4,2,4,0,1,1,1,0,1,30,,2,1,0,0,1,59.0,42.0,,,1,2,7,8,2
202100011344,2021-10-18 12:40:00,2021,10,18,12,40,973,97302,CHARLERY (GUSTAVE),4.93932,-52.31839,Plein jour,En agglomération,Intersection en X,Normale,Deux véhicules - côté,3,2,2,0,1,1,1,0,1,50,,2,1,0,0,1,23.0,31.0,,,1,2,2,1,3
202100011345,2021-10-22 17:05:00,2021,10,22,17,5,54,54274,GOUNOD (RUE CHARLES),48.6734893895,6.2065241804,Plein jour,En agglomération,Hors intersection,Normale,Autre collision,4,2,2,0,1,1,1,0,1,50,,3,2,0,0,1,20.0,,,,1,2,1,1,6
202100011346,2021-10-22 08:15:00,2021,10,22,8,15,987,98736,L'ABBE ROUGIER (RUE),-17.52923,-149.55114,Plein jour,Hors agglomération,Hors intersection,Normale,Deux véhicules - côté,4,3,2,0,1,1,1,0,1,50,,3,2,0,1,0,21.0,47.0,,,1,1,1,1,3
202100011347,2021-10-22 17:05:00,2021,10,22,17,5,974,97407,ROUTE NATIONALE1,-20.95318,55.3155,Plein jour,Hors agglomération,Autre intersection,Normale,Deux véhicules - arrière,2,1,2,0,1,1,1,0,1,110,,2,1,0,1,0,56.0,58.0,,,1,1,9,1,2
202100011348,2021-10-23 20:24:00,2021,10,23,20,24,973,97302,ZEPHIR (ROCADE),4.9380317613,-52.3063445092,Nuit avec éclairage non allumé,En agglomération,Hors intersection,Normale,Autre collision,3,2,1,0,1,1,1,0,1,50,,2,1,0,0,1,24.0,,,,4,2,1,1,6
202100011349,2021-10-23 15:24:00,2021,10,23,15,24,973,97302,ROUTE NATIONALE 3,4.90544,-52.32016,Plein jour,Hors agglomération,Hors intersection,Normale,Deux véhicules - arrière,3,2,2,0,1,1,1,0,8,90,,2,1,0,1,0,63.0,27.0,,,1,1,1,1,2
202100011350,2021-10-18 10:59:00,2021,10,18,10,59,973,97302,HEDER (place),4.94099,-52.33379,Plein jour,En agglomération,Hors intersection,Normale,Autre collision,4,1,2,0,1,1,1,0,1,50,,2,1,0,0,1,52.0,61.0,,,1,2,1,1,6
202100011351,2021-10-23 23:30:00,2021,10,23,23,30,69,69383,BELLECOMBE (DE) (R),45.76294,4.8638,Nuit avec éclairage allumé,En agglomération,Intersection en X,Normale,Deux véhicules - côté,4,1,1,1,1,1,1,0,1,50,,2,1,0,0,1,,25.0,,,5,2,2,1,3
202100011352,2021-10-23 16:20:00,2021,10,23,16,20,69,69388,MARIUS BERLIET (R),45.74057,4.86386,Plein jour,En agglomération,Intersection en X,Normale,Deux véhicules - côté,4,1,1,3,1,1,1,0,1,50,,2,1,0,1,0,72.0,25.0,,,1,2,2,1,3
202100011353,2021-10-23 00:11:00,2021,10,23,0,11,972,97209,AUTOROUTE A1,14.616507,-61.042677,Nuit avec éclairage allumé,Hors agglomération,Hors intersection,Normale,Autre collision,1,2,8,3,1,1,1,0,1,90,,2,1,0,0,1,24.0,,,,5,1,1,1,6
202100011354,2021-10-22 20:00:00,2021,10,22,20,0,972,97209,BALATA (ROUTE DE),14.67708,-61.09069,Nuit sans éclairage public,Hors agglomération,Hors intersection,Normale,Deux véhicules - côté,2,2,2,0,2,1,1,0,1,70,,2,1,0,0,1,32.0,22.0,,,3,1,1,1,3
202100011355,2021-10-22 16:00:00,2021,10,22,16,0,972,97209,CHATEAUBOEUF (ROUTE DE),14.61437,-61.05158,Plein jour,Hors agglomération,Hors intersection,Normale,Deux véhicules - côté,3,1,2,0,1,1,1,0,1,50,,2,1,0,0,1,21.0,37.0,,,1,1,1,1,3
202100011356,2021-10-23 02:15:00,2021,10,23,2,15,69,69384,JOSEPH GILLET (Q),45.78648,4.81671,Nuit avec éclairage allumé,En agglomération,Hors intersection,Normale,Deux véhicules - frontale,4,2,4,1,1,1,1,0,1,50,,2,1,1,0,0,35.0,25.0,,,5,2,1,1,1
202100011357,2021-10-23 13:15:00,2021,10,23,13,15,971,97101,RN1 ROCADE DE CHAUVEL,16.23864,-61.52319,Plein jour,Hors agglomération,Hors intersection,Normale,Deux véhicules - arrière,2,3,2,0,2,1,1,2,1,90,,4,3,0,0,1,,29.0,,,1,1,1,1,2
202100011358,2021-10-23 05:20:00,2021,10,23,5,20,2A,2A004,GEORGES POMPIDOU AVENUE,41.93318,8.75456,Nuit avec éclairage allumé,En agglomération,Hors intersection,Normale,Sans collision,2,3,6,0,1,2,1,3,1,30,,2,0,0,0,2,27.0,,,,5,2,1,1,7
202100011359,2021-10-23 07:20:00,2021,10,23,7,20,95,95680,PIERRE SEMARD (AVENUE),49.0013099487,2.4073511404,Nuit avec éclairage allumé,En agglomération,Hors intersection,Normale,Deux véhicules - côté,3,2,2,0,1,1,1,0,1,50,,3,0,0,0,3,31.0,19.0,,,5,2,1,1,3
202100011360,2021-10-22 16:00:00,2021,10,22,16,0,91,91667,CORBEIL (ROUTE),48.650916,2.336894,Plein jour,En agglomération,Hors intersection,Normale,Trois véhicules et plus - collisions multiples,4,2,3,0,2,1,1,0,1,50,,6,0,0,0,6,25.0,29.0,,,1,2,1,1,5
202100011361,2021-10-23 13:00:00,2021,10,23,13,0,91,91027,IMP DU QUAI DE L'INDUSTRIE,48.69948,2.39656,Plein jour,En agglomération,Hors intersection,Normale,Deux véhicules - arrière,3,2,1,0,1,1,1,0,1,50,,2,1,0,0,1,45.0,32.0,,,1,2,1,1,2
202100011362,2021-10-23 04:55:00,2021,10,23,4,55,91,91434,JEAN RAYNAL (RUE),48.65973,2.34235,Nuit avec éclairage allumé,En agglomération,Intersection en X,Normale,Deux véhicules - côté,3,-1,2,0,1,1,1,0,1,50,,3,2,1,0,0,29.0,22.0,,,5,2,2,1,3
202100011363,2021-10-23 16:50:00,2021,10,23,16,50,86,86157,D12,46.538605,0.402962,Plein jour,En agglomération,Hors intersection,Normale,Deux véhicules - côté,3,4,3,0,1,1,1,0,1,50,,3,2,0,0,1,48.0,26.0,,,1,2,1,1,3
202100011364,2021-10-22 13:30:00,2021,10,22,13,30,86,86066,Allée d’Argenson,46.844876,0.549996,Plein jour,En agglomération,Intersection en T,Normale,Deux véhicules - côté,3,2,2,0,1,1,1,0,1,50,,2,1,0,0,1,16.0,36.0,,,1,2,3,1,3
202100011365,2021-10-23 09:35:00,2021,10,23,9,35,83,83137,MOULINS (AVE DES DE 18 A 23,43.137538,5.91431,Plein jour,En agglomération,Hors intersection,Normale,Deux véhicules - côté,9,2,0,0,1,1,1,0,1,50,,2,0,0,0,2,23.0,34.0,,,1,2,1,1,3
202100011366,2021-10-23 08:00:00,2021,10,23,8,0,83,83144,Boulevard du General Leclerc,43.1363,5.98738,Plein jour,En agglomération,Giratoire,Normale,Deux véhicules - côté,4,2,2,0,1,1,1,0,8,50,,2,1,0,0,1,70.0,16.0,,,1,2,6,1,3
202100011367,2021-10-23 05:45:00,2021,10,23,5,45,83,83069,NICE (ROUTE DE),43.13197,6.17102,Nuit sans éclairage public,Hors agglomération,Hors intersection,Normale,Sans collision,7,2,2,0,1,2,1,0,3,70,,2,0,0,0,2,22.0,,,,3,1,1,1,7
202100011368,2021-10-22 14:20:00,2021,10,22,14,20,82,82121,DUMAS (RUE ALEX),44.0219536859,1.3740044546,Plein jour,En agglomération,Intersection en X,Normale,Deux véhicules - côté,4,-1,2,0,1,1,1,0,1,50,,2,1,0,1,0,63.0,42.0,,,1,2,2,1,3
202100011369,2021-10-22 12:10:00,2021,10,22,12,10,73,73011,CHARRETTE (CHEMIN DE LA),45.6627972166,6.3652843677,Plein jour,En agglomération,Intersection en T,Normale,Deux véhicules - côté,4,2,2,2,1,1,1,0,1,50,,2,0,0,1,1,17.0,38.0,,,1,2,3,1,3
202100011370,2021-10-23 19:45:00,2021,10,23,19,45,65,65100,DEPARTEMENTALE 2 (ROUTE),43.26802,0.07647,Crépuscule ou aube,Hors agglomération,Intersection en X,Normale,Deux véhicules - côté,3,2,2,0,1,1,1,0,1,70,,2,1,0,0,1,43.0,60.0,,,2,1,2,1,3
202100011371,2021-10-23 12:33:00,2021,10,23,12,33,65,65440,LACAUSSADE (BOULEVARD),43.23278,0.05479,Plein jour,Hors agglomération,Autre intersection,Normale,Deux véhicules - côté,3,2,2,0,1,1,1,0,1,50,,2,0,0,0,2,23.0,55.0,,,1,1,9,1,3
202100011372,2021-10-22 10:30:00,2021,10,22,10,30,64,64024,PONT FRANÇOIS DOMMAIN,43.49436,-1.52821,Plein jour,En agglomération,Hors intersection,Temps éblouissant,Autre collision,4,2,3,0,3,3,2,2,1,50,,2,1,0,1,0,53.0,,,,1,2,1,7,6
202100011373,2021-10-18 19:15:00,2021,10,18,19,15,62,62193,GAMBETTA (BOULEVARD),50.94712,1.84826,Crépuscule ou aube,En agglomération,Hors intersection,Temps couvert,Deux véhicules - côté,4,2,2,0,1,1,1,0,1,50,,2,1,0,0,1,20.0,33.0,,,2,2,1,8,3
202100011374,2021-10-23 17:50:00,2021,10,23,17,50,59,59508,LOEUL (AVENUE ALPHONSE),50.7574387346,3.1227892877,Nuit avec éclairage allumé,En agglomération,Hors intersection,Normale,Deux véhicules - côté,7,2,2,0,1,1,1,0,1,50,,2,1,0,0,1,20.0,40.0,,,5,2,1,1,3
202100011375,2021-10-23 02:40:00,2021,10,23,2,40,59,59598,NECHIN (RUE DE),50.6614,3.23562,Nuit avec éclairage allumé,En agglomération,Hors intersection,Temps couvert,Deux véhicules - frontale,4,2,1,0,1,1,2,0,1,50,,4,1,0,0,3,33.0,18.0,,,5,2,1,8,1
202100011376,2021-10-22 19:40:00,2021,10,22,19,40,59,59392,CHARLES DE GAULLE (BOULEVARD),50.27952,3.98147,Nuit avec éclairage allumé,En agglomération,Hors intersection,Normale,Trois véhicules et plus - collisions multiples,3,1,2,0,1,3,1,0,1,70,,5,1,1,0,3,20.0,45.0,,,5,2,1,1,5
202100011377,2021-10-24 00:20:00,2021,10,24,0,20,54,54439,MENDES FRANCE (RUE),48.704630259,6.255545581,Nuit avec éclairage allumé,En agglomération,Intersection en X,Normale,Autre collision,7,2,2,0,1,2,1,0,1,50,,2,1,0,0,1,44.0,,,,5,2,2,1,6
202100011378,2021-10-23 16:35:00,2021,10,23,16,35,54,54304,BARROIS (RUE DU),48.6933,6.12816,Plein jour,En agglomération,Intersection en X,Normale,Autre collision,4,2,2,0,2,1,1,0,1,50,,2,1,0,0,1,60.0,,,,1,2,2,1,6
202100011379,2021-10-22 20:25:00,2021,10,22,20,25,54,54395,GARENNE (ALLEE ET AVENUE DE LA),48.6802550984,6.1775343775,Nuit avec éclairage allumé,En agglomération,Intersection en X,Normale,Deux véhicules - côté,4,2,2,0,1,1,1,0,1,50,,2,1,0,0,1,33.0,38.0,,,5,2,2,1,3
202100011380,2021-10-22 12:20:00,2021,10,22,12,20,51,51230,Avenue de Champagne,49.0420432633,3.9655441046,Plein jour,En agglomération,Hors intersection,Normale,Deux véhicules - côté,4,2,2,0,1,1,1,0,1,30,,2,1,0,1,0,15.0,38.0,,,1,2,1,1,3
202100011381,2021-10-23 16:11:00,2021,10,23,16,11,49,49267,A87N,47.48502,-0.49792,Plein jour,En agglomération,Hors intersection,Normale,Trois véhicules et plus - en chaîne,1,3,4,0,1,1,1,0,1,80,,3,1,0,1,1,23.0,34.0,,,1,2,1,1,4
202100011382,2021-10-23 16:00:00,2021,10,23,16,0,38,38185,RUE DES ALLIÉS,45.16909,5.73162,Plein jour,En agglomération,Hors intersection,Normale,Deux véhicules - frontale,7,3,4,2,1,1,1,0,5,50,,2,0,0,0,2,33.0,79.0,,,1,2,1,1,1
202100011383,2021-10-23 19:10:00,2021,10,23,19,10,37,37261,HEURTELOUP (BOULEVARD),47.3937078989,0.7026341335,Nuit avec éclairage allumé,En agglomération,Intersection en Y,Normale,Deux véhicules - côté,4,1,2,0,1,1,1,0,1,50,,2,1,0,0,1,9.0,61.0,,,5,2,4,1,3
202100011384,2021-10-22 14:00:00,2021,10,22,14,0,37,37208,BRULON (RUE LEON),47.3632060649,0.7259965167,Plein jour,En agglomération,Hors intersection,Normale,Deux véhicules - côté,4,2,2,0,1,1,1,0,1,50,,2,1,0,0,1,58.0,59.0,,,1,2,1,1,3
202100011385,2021-10-23 18:30:00,2021,10,23,18,30,34,34129,AGAU (AVENUE DE L'),43.58991,3.90838,Plein jour,En agglomération,Hors intersection,Normale,Deux véhicules - côté,4,2,2,0,1,1,1,0,1,50,,3,2,0,1,0,51.0,66.0,,,1,2,1,1,3
202100011386,2021-10-23 04:30:00,2021,10,23,4,30,30,30007,SAINT JEAN DU PIN,44.1231,4.0608,Nuit avec éclairage allumé,En agglomération,Hors intersection,Normale,Deux véhicules - frontale,4,2,2,0,2,1,1,0,1,30,,2,1,0,0,1,42.0,26.0,,,5,2,1,1,1
202100011387,2021-10-22 19:40:00,2021,10,22,19,40,29,29232,Lieu dit Park Poullig,48.030736711,-4.085073173,Nuit sans éclairage public,Hors agglomération,Giratoire,Normale,Sans collision,3,-1,2,0,1,1,1,2,3,80,,1,0,0,0,1,24.0,,,,3,1,6,1,7
202100011388,2021-10-24 00:22:00,2021,10,24,0,22,29,29019,Avenue Victor le Gorgeu,48.41049,-4.51608,Nuit avec éclairage allumé,En agglomération,Hors intersection,Normale,Deux véhicules - côté,4,3,4,0,2,2,1,0,1,50,,2,1,0,0,1,28.0,21.0,,,5,2,1,1,3
202100011389,2021-10-23 11:10:00,2021,10,23,11,10,27,27681,MENDES FRANCE (AVENUE PIERRE),49.09023,1.48374,Plein jour,En agglomération,Hors intersection,Normale,Autre collision,4,2,3,0,2,1,1,0,3,50,,1,0,0,0,1,84.0,,,,1,2,1,1,6
202100011390,2021-10-22 09:30:00,2021,10,22,9,30,21,21231,PASCAL (BOULEVARD),47.33664,5.05585,Plein jour,En agglomération,Intersection en T,Normale,Deux véhicules - côté,4,2,2,0,1,1,1,5,1,50,,2,1,0,1,0,19.0,28.0,,,1,2,3,1,3
202100011391,2021-10-20 14:00:00,2021,10,20,14,0,17,17306,DE LATTRE DE TASSIGNY (BD),45.62824,-1.01733,Plein jour,En agglomération,Giratoire,Normale,Deux véhicules - côté,4,-1,2,0,1,3,1,0,1,30,,2,1,0,0,1,25.0,73.0,,,1,2,6,1,3
202100011392,2021-10-23 11:40:00,2021,10,23,11,40,17,17300,SCHWEITZER   RUE DU DOCTEUR ALB,46.15851,-1.14559,Plein jour,En agglomération,Intersection en T,Normale,Deux véhicules - côté,4,1,1,0,1,3,1,9,1,30,,2,1,0,0,1,51.0,52.0,,,1,2,3,1,3
202100011393,2021-10-23 03:50:00,2021,10,23,3,50,14,14437,D513,49.18259,-0.31788,Nuit sans éclairage public,Hors agglomération,Hors intersection,Normale,Autre collision,3,3,4,0,1,3,1,0,3,70,,2,0,0,0,2,34.0,,,,3,1,1,1,6
202100011394,2021-10-23 21:45:00,2021,10,23,21,45,13,13207,CORSE (AVENUE DE LA),43.28986,5.36621,Nuit avec éclairage allumé,En agglomération,Hors intersection,Normale,Autre collision,4,2,4,0,1,1,1,0,1,50,,2,1,0,0,1,,,,,5,2,1,1,6
202100011395,2021-10-23 20:00:00,2021,10,23,20,0,13,13206,BRETEUIL (RUE),43.28642,5.37738,Nuit avec éclairage allumé,En agglomération,Hors intersection,Normale,Deux véhicules - arrière,4,1,2,0,4,1,1,0,1,50,,5,1,0,0,4,20.0,43.0,,,5,2,1,1,2
202100011396,2021-10-23 18:30:00,2021,10,23,18,30,13,13212,GUEY (BOULEVARD),43.30655,5.42234,Crépuscule ou aube,En agglomération,Hors intersection,Normale,Deux véhicules - côté,4,2,2,0,2,1,1,0,1,50,,3,2,0,0,1,50.0,47.0,,,2,2,1,1,3
202100011397,2021-10-23 15:30:00,2021,10,23,15,30,13,13206,LOUIS SALVATOR (BOULEVARD),43.29085,5.38116,Plein jour,En agglomération,Intersection en X,Normale,Deux véhicules - frontale,4,2,3,3,2,1,1,0,1,50,,2,1,0,0,1,27.0,,,,1,2,2,1,1
202100011398,2021-10-23 13:20:00,2021,10,23,13,20,13,13206,PARADIS (RUE),43.289219352,5.3785322261,Plein jour,En agglomération,Intersection en T,Normale,Deux véhicules - côté,4,1,2,0,2,1,1,0,1,50,,2,1,0,0,1,62.0,48.0,,,1,2,3,1,3
202100011399,2021-10-23 06:15:00,2021,10,23,6,15,13,13206,MENPENTI (RUE),43.28313,5.3928,Nuit avec éclairage allumé,En agglomération,Intersection en X,Normale,Deux véhicules - côté,4,1,2,0,2,3,1,0,1,50,,4,3,0,0,1,44.0,41.0,,,5,2,2,1,3
202100011400,2021-10-23 00:18:00,2021,10,23,0,18,13,13213,FRÉDÉRIC MISTRAL (AVENUE),43.32333,5.449,Nuit avec éclairage allumé,En agglomération,Giratoire,Normale,Autre collision,7,2,4,0,1,1,1,5,1,50,,1,0,0,0,1,46.0,,,,5,2,6,1,6
202100011401,2021-10-23 21:20:00,2021,10,23,21,20,13,13001,RD9,43.50545,5.39955,Nuit avec éclairage allumé,En agglomération,Hors intersection,Normale,Sans collision,7,3,6,0,1,1,1,0,1,90,,1,0,0,0,1,19.0,,,,5,2,1,1,7
202100011402,2021-10-23 21:45:00,2021,10,23,21,45,11,11069,ROCADE SUD RD 6161,43.20421,2.3868,Nuit sans éclairage public,En agglomération,Intersection en T,Normale,Autre collision,3,1,2,0,2,2,1,5,3,80,,2,1,0,0,1,23.0,59.0,,,3,2,3,1,6