accident_id,datetime,annee,mois,jour,heure,minute,departement,commune_insee,adresse,latitude,longitude,luminosite,agglomeration,intersection,meteo,collision,catr,circ,nbv,vosp,prof,plan,surf,infra,situ,vma,nb_vehicules,nb_usagers,nb_indemnes,nb_tues,nb_blesses_hosp,nb_blesses_legers,age_cond_1,age_cond_2,veh_type_cond_1,veh_type_cond_2,lum_code,agg_code,int_code,atm_code,col_code
202100011403,2021-10-23 09:25:00,2021,10,23,9,25,11,11069,RD33,43.2337,2.2659,Plein jour,Hors agglomération,Hors intersection,Normale,Deux véhicules - arrière,3,2,2,0,1,1,1,0,1,80,,3,0,0,0,3,49.0,87.0,,,1,1,1,1,2
202100011404,2021-10-23 12:45:00,2021,10,23,12,45,10,10387,PIERRE BROSSOLETTE (RUE),48.29894,4.0767,Plein jour,En agglomération,Intersection en T,Normale,Deux véhicules - frontale,4,2,2,0,1,1,1,0,1,50,,2,1,0,0,1,49.0,17.0,,,1,2,3,1,1
202100011405,2021-10-23 14:40:00,2021,10,23,14,40,06,06088,DIABLES BLEUS (AV. DES),43.70829,7.28985,Plein jour,En agglomération,Hors intersection,Normale,Autre collision,4,2,2,1,1,1,1,0,1,50,,2,1,0,0,1,21.0,,,,1,2,1,1,6
202100011406,2021-10-23 11:30:00,2021,10,23,11,30,06,06123,VESPINS ROUTE DES,43.660092,7.188251,Plein jour,En agglomération,Hors intersection,Normale,Deux véhicules - arrière,7,2,2,0,1,1,1,0,1,50,,3,2,0,0,1,27.0,46.0,,,1,2,1,1,2
202100011407,2021-10-23 06:20:00,2021,10,23,6,20,01,01053,,46.2039383858,5.2343059827,Crépuscule ou aube,En agglomération,Intersection en T,Normale,Deux véhicules - arrière,3,2,2,0,4,2,1,0,1,50,,3,2,0,0,1,22.0,19.0,,,2,2,3,1,2
202100011408,2021-10-23 14:50:00,2021,10,23,14,50,75,75120,BOULEVARD PERIPHERIQUE,48.872376,2.412504,Plein jour,En agglomération,Hors intersection,Normale,Deux véhicules - arrière,4,1,4,0,1,1,1,1,1,70,,2,1,0,0,1,73.0,30.0,,,1,2,1,1,2
202100011409,2021-10-22 20:55:00,2021,10,22,20,55,75,75116,PORTE D AUTEUIL,48.850649,2.252218,Crépuscule ou aube,En agglomération,Hors intersection,Normale,Trois véhicules et plus - en chaîne,4,1,3,0,1,1,1,1,1,70,,3,2,0,0,1,43.0,47.0,,,2,2,1,1,4
202100011410,2021-10-22 05:25:00,2021,10,22,5,25,75,75120,PORTE DE BAGNOLET,48.868765,2.413467,Nuit avec éclairage allumé,En agglomération,Hors intersection,Normale,Deux véhicules - arrière,4,1,5,0,1,1,1,0,1,70,,2,1,0,0,1,54.0,60.0,,,5,2,1,1,2
202100011411,2021-10-22 02:00:00,2021,10,22,2,0,75,75116,PORTE D AUTEUIL,48.84454,2.25535,Nuit avec éclairage allumé,En agglomération,Intersection en Y,Normale,Deux véhicules - arrière,4,1,2,0,2,1,1,1,1,50,,3,2,0,0,1,32.0,27.0,,,5,2,4,1,2
202100011412,2021-10-21 08:50:00,2021,10,21,8,50,75,75116,PORTE MAILLOT,48.876429,2.278361,Plein jour,En agglomération,Hors intersection,Normale,Deux véhicules - côté,4,1,4,0,1,1,1,0,1,70,,3,1,0,0,2,20.0,46.0,,,1,2,1,1,3
202100011413,2021-10-23 09:57:00,2021,10,23,9,57,75,75115,ECHANGEUR BRANCION,48.826794,2.296557,Plein jour,En agglomération,Hors intersection,Normale,Autre collision,4,1,2,0,2,1,1,0,1,50,,1,0,0,1,0,49.0,,,,1,2,1,1,6
202100011414,2021-10-21 20:01:00,2021,10,21,20,1,75,75117,AVENUE NIEL,48.88298,2.296384,Nuit avec éclairage allumé,En agglomération,Intersection en X,Normale,Autre collision,4,2,1,3,1,1,1,0,4,30,,3,1,0,1,1,37.0,,,,5,2,2,1,6
202100011415,2021-10-22 18:35:00,2021,10,22,18,35,75,75105,RUE DES CARMES,48.848899,2.347463,Plein jour,En agglomération,Intersection en X,Normale,Sans collision,4,1,2,0,1,1,1,0,1,30,,1,0,0,0,1,21.0,,,,1,2,2,1,7
202100011416,2021-10-23 14:40:00,2021,10,23,14,40,75,75119,RUE DE BELLEVILLE,48.873944,2.385404,Plein jour,En agglomération,Intersection en X,Normale,Autre collision,4,2,2,0,2,1,1,5,1,30,,2,1,0,0,1,61.0,21.0,,,1,2,2,1,6
202100011417,2021-10-23 16:00:00,2021,10,23,16,0,75,75119,AVENUE SIMON BOLIVAR,48.876324,2.375838,Plein jour,En agglomération,Hors intersection,Normale,Deux véhicules - côté,4,2,2,0,2,1,1,0,1,30,,2,1,0,0,1,35.0,18.0,,,1,2,1,1,3
202100011418,2021-10-23 14:00:00,2021,10,23,14,0,75,75119,RUE COMPANS,48.876146,2.394925,Plein jour,En agglomération,Intersection en T,Normale,Sans collision,4,2,4,0,1,3,1,0,1,30,,2,1,0,0,1,27.0,,,,1,2,3,1,7
202100011419,2021-10-23 16:15:00,2021,10,23,16,15,75,75118,RUE ORDENER,48.89088,2.353246,Plein jour,En agglomération,Intersection en Y,Normale,Deux véhicules - côté,4,2,2,0,1,1,1,0,1,30,,2,1,0,0,1,51.0,37.0,,,1,2,4,1,3
202100011420,2021-10-22 22:45:00,2021,10,22,22,45,75,75117,RUE LEGENDRE,48.883817,2.313634,Nuit avec éclairage allumé,En agglomération,Intersection en X,Normale,Autre collision,4,1,1,1,1,1,2,0,1,30,,2,0,0,0,2,42.0,,,,5,2,2,1,6
202100011421,2021-10-23 00:40:00,2021,10,23,0,40,75,75117,BOULEVARD BERTHIER,48.894364,2.313674,Nuit avec éclairage allumé,En agglomération,Intersection en X,Normale,Deux véhicules - côté,4,3,3,0,1,1,1,0,1,50,,3,2,0,0,1,26.0,33.0,,,5,2,2,1,3
202100011422,2021-10-23 13:16:00,2021,10,23,13,16,75,75116,AVENUE DE VERSAILLES,48.85128,2.278413,Plein jour,En agglomération,Intersection en X,Normale,Deux véhicules - côté,4,2,6,0,1,1,1,0,1,30,,2,1,0,0,1,28.0,50.0,,,1,2,2,1,3
202100011423,2021-10-23 00:15:00,2021,10,23,0,15,75,75116,AVENUE DU PRESIDENT WILSON,48.864851,2.294225,Nuit avec éclairage allumé,En agglomération,Place,Normale,Deux véhicules - frontale,4,3,3,0,2,1,1,0,1,30,,3,1,0,0,2,23.0,37.0,,,5,2,7,1,1
202100011424,2021-10-22 16:22:00,2021,10,22,16,22,75,75113,RUE DE LA GLACIERE,48.826963,2.342031,Plein jour,En agglomération,Hors intersection,Temps couvert,Autre collision,4,1,2,0,1,1,1,0,1,30,,2,1,0,0,1,53.0,,,,1,2,1,8,6
202100011425,2021-10-23 01:00:00,2021,10,23,1,0,75,75111,BOULEVARD VOLTAIRE,48.851609,2.390568,Nuit avec éclairage allumé,En agglomération,Intersection en T,Normale,Deux véhicules - côté,4,2,4,0,1,1,1,0,1,30,,2,1,0,0,1,49.0,28.0,,,5,2,3,1,3
202100011426,2021-10-23 14:40:00,2021,10,23,14,40,75,75108,RUE LA BOETIE,48.874181,2.317537,Plein jour,En agglomération,Intersection en X,Normale,Deux véhicules - côté,4,1,2,0,2,1,1,0,1,30,,2,1,0,0,1,24.0,34.0,,,1,2,2,1,3
202100011427,2021-10-23 05:50:00,2021,10,23,5,50,75,75104,BOULEVARD HENRI IV,48.85104,2.362246,Nuit avec éclairage allumé,En agglomération,Intersection en T,Normale,Sans collision,4,2,3,1,1,1,1,0,5,30,,1,0,0,0,1,39.0,,,,5,2,3,1,7
202100011428,2021-10-22 22:14:00,2021,10,22,22,14,75,75104,RUE DE TURENNE,48.856472,2.364354,Nuit avec éclairage allumé,En agglomération,Intersection en X,Normale,Deux véhicules - côté,4,1,1,0,1,1,1,5,1,30,,2,1,0,0,1,29.0,56.0,,,5,2,2,1,3
202100011429,2021-10-23 13:00:00,2021,10,23,13,0,94,94080,PARIS (AV DE),48.84,2.43,Plein jour,En agglomération,Hors intersection,Normale,Autre collision,4,2,2,1,1,1,1,0,1,50,,2,0,0,0,2,31.0,27.0,,,1,2,1,1,6
202100011430,2021-10-23 21:19:00,2021,10,23,21,19,94,94078,L'APPEL DU DIX-HUIT JUIN 1940 (AV DE),48.75935,2.44338,Nuit avec éclairage allumé,En agglomération,Autre intersection,Normale,Deux véhicules - côté,2,3,6,0,1,1,1,0,1,50,,4,3,0,1,0,15.0,36.0,,,5,2,9,1,3
202100011431,2021-10-23 05:15:00,2021,10,23,5,15,94,94058,ARTOIS (QU D),48.83023,2.51291,Nuit avec éclairage allumé,En agglomération,Hors intersection,Normale,Deux véhicules - frontale,4,1,1,1,1,1,1,0,4,50,,1,0,0,0,1,24.0,,,,5,2,1,1,1
202100011432,2021-10-23 01:45:00,2021,10,23,1,45,94,94011,Carrefour du-Général-de-Gaulle,48.76797,2.48778,Nuit avec éclairage allumé,En agglomération,Autre intersection,Normale,Deux véhicules - arrière,3,1,2,0,1,3,1,5,1,50,,2,1,0,0,1,58.0,19.0,,,5,2,9,1,2
202100011433,2021-10-23 11:00:00,2021,10,23,11,0,94,94055,Avenue de Pince Vent,48.79154,2.55396,Plein jour,En agglomération,Hors intersection,Normale,Autre collision,3,-1,2,0,1,1,1,0,1,50,,2,1,0,0,1,62.0,,,,1,2,1,1,6
202100011434,2021-10-23 11:55:00,2021,10,23,11,55,94,94017,Rue Guy Môquet,48.81927,2.51469,Plein jour,En agglomération,Intersection en X,Normale,Deux véhicules - côté,4,2,2,0,1,1,1,0,1,50,,2,1,0,0,1,67.0,38.0,,,1,2,2,1,3
202100011435,2021-10-23 20:40:00,2021,10,23,20,40,93,93074,EUROPE AVENUE DE L',48.93447,2.57676,Nuit sans éclairage public,Hors agglomération,Hors intersection,Normale,Deux véhicules - arrière,3,1,2,0,1,1,1,0,1,90,,5,3,0,1,1,46.0,29.0,,,3,1,1,1,2
202100011436,2021-10-23 18:05:00,2021,10,23,18,5,93,93070,JEAN-JAURES (BD),48.91257,2.33465,Crépuscule ou aube,En agglomération,Intersection en X,Normale,Deux véhicules - arrière,3,1,2,0,1,1,1,0,1,50,,3,2,0,0,1,63.0,31.0,,,2,2,2,1,2
202100011437,2021-10-22 19:38:00,2021,10,22,19,38,93,93066,WILSON (AVENUE DU PRESIDENT),48.9238,2.35669,Nuit avec éclairage allumé,Hors agglomération,Autre intersection,Temps couvert,Deux véhicules - côté,3,1,2,0,1,1,1,0,1,50,,3,2,1,0,0,25.0,24.0,,,5,1,9,8,3
202100011438,2021-10-23 16:11:00,2021,10,23,16,11,93,93008,BARBUSSE (AVENUE HENRI) A30,48.90626,2.42304,Plein jour,En agglomération,Autre intersection,Normale,Deux véhicules - côté,3,2,2,0,1,1,1,0,1,50,,2,1,0,0,1,37.0,53.0,,,1,2,9,1,3
202100011439,2021-10-23 21:35:00,2021,10,23,21,35,92,92022,SALENGRO (AVENUE ROGER),48.818735261,2.1980676055,Nuit avec éclairage allumé,En agglomération,Hors intersection,Normale,Deux véhicules - côté,3,3,2,0,1,1,1,0,1,50,,2,1,0,0,1,36.0,59.0,,,5,2,1,1,3
202100011440,2021-10-23 18:46:00,2021,10,23,18,46,92,92062,PUTEAUX (PONT DE),48.8781257887,2.2427693009,Crépuscule ou aube,En agglomération,Autre intersection,Normale,Deux véhicules - côté,3,3,6,1,1,1,1,2,1,50,,2,1,0,0,1,83.0,55.0,,,2,2,9,1,3
202100011441,2021-10-23 10:30:00,2021,10,23,10,30,92,92049,BARBES RUE,48.8172823499,2.3288306594,Plein jour,En agglomération,Intersection en X,Normale,Autre collision,3,3,4,0,2,1,1,0,4,50,,1,0,0,0,1,21.0,,,,1,2,2,1,6
202100011442,2021-10-23 18:15:00,2021,10,23,18,15,92,92024,GENERAL LECLERC (BD DU) (9 A 59)   (4 A,48.9002654139,2.3173186183,Plein jour,En agglomération,Hors intersection,Normale,Deux véhicules - côté,4,2,4,0,1,1,1,0,1,50,,2,1,0,0,1,38.0,29.0,,,1,2,1,1,3
202100011443,2021-10-24 09:15:00,2021,10,24,9,15,37,37276,D910,47.567159,0.887339,Plein jour,Hors agglomération,Hors intersection,Normale,Autre collision,3,2,2,0,1,1,1,0,3,90,,5,3,1,1,0,35.0,,,,1,1,1,1,6
202100011444,2021-10-23 09:50:00,2021,10,23,9,50,12,12301,RD 922,44.442237,2.02996,Plein jour,Hors agglomération,Intersection en X,Normale,Trois véhicules et plus - collisions multiples,3,2,2,0,1,1,1,5,1,90,,6,3,0,1,2,52.0,67.0,,,1,1,2,1,5
202100011445,2021-10-23 23:15:00,2021,10,23,23,15,54,54100,voie verte,48.77007,6.35622,Nuit sans éclairage public,Hors agglomération,Hors intersection,Normale,Autre collision,9,-1,1,1,1,1,1,6,5,20,,2,1,0,1,0,21.0,,,,3,1,1,1,6
202100011446,2021-10-23 19:45:00,2021,10,23,19,45,62,62447,8 Rue du Pont Cacheleux,50.371874,2.044031,Nuit sans éclairage public,En agglomération,Intersection en T,Normale,Deux véhicules - frontale,3,2,2,0,1,1,1,0,1,50,,2,1,0,1,0,41.0,21.0,,,3,2,3,1,1
202100011447,2021-10-23 14:45:00,2021,10,23,14,45,17,17010,AVENUE EDMOND GRASSET,46.107497,-1.105255,Plein jour,En agglomération,Giratoire,Normale,Deux véhicules - côté,3,2,2,0,1,1,1,0,1,50,,2,1,0,1,0,23.0,42.0,,,1,2,6,1,3
202100011448,2021-10-24 05:00:00,2021,10,24,5,0,31,31044,Avenue Saint-Martin de Boville,43.59765,1.504666,Nuit avec éclairage allumé,En agglomération,Hors intersection,Normale,Autre collision,7,2,2,0,2,1,1,0,1,50,,1,0,0,1,0,19.0,,,,5,2,1,1,6
202100011449,2021-10-23 22:05:00,2021,10,23,22,5,974,97412,N1002,-21.372605,55.622687,Nuit sans éclairage public,Hors agglomération,Hors intersection,Normale,Deux véhicules - frontale,2,2,2,0,1,1,1,0,1,70,,4,0,0,0,4,41.0,26.0,,,3,1,1,1,1
202100011450,2021-10-23 22:30:00,2021,10,23,22,30,972,97227,Pointe Fusette,14.469074,-60.914243,Nuit sans éclairage public,Hors agglomération,Hors intersection,Normale,Autre collision,2,2,2,0,1,3,1,0,1,80,,4,3,0,1,0,34.0,76.0,,,3,1,1,1,6
202100011451,2021-10-24 15:45:00,2021,10,24,15,45,63,63264,RD 983,45.639248,2.844987,Plein jour,Hors agglomération,Hors intersection,Normale,Sans collision,3,2,2,0,2,2,1,0,1,80,,1,0,0,1,0,33.0,,,,1,1,1,1,7
202100011452,2021-10-23 18:15:00,2021,10,23,18,15,51,51538,D2,48.88909,4.396323,Plein jour,Hors agglomération,Hors intersection,Normale,Sans collision,3,2,2,0,3,2,1,0,3,80,,1,0,0,0,1,40.0,,,,1,1,1,1,7
202100011453,2021-10-24 12:00:00,2021,10,24,12,0,76,76709,rue worms route de la marre pigeonniere,49.4800038175,0.8181484043,Plein jour,Hors agglomération,Hors intersection,Normale,Deux véhicules - côté,9,-1,2,0,1,1,6,0,8,-1,,2,1,0,1,0,25.0,19.0,,,1,1,1,1,3
202100011454,2021-10-24 15:45:00,2021,10,24,15,45,80,80288,rue de chaulnes,49.869193,2.816845,Plein jour,Hors agglomération,Intersection en X,Normale,Deux véhicules - côté,3,2,2,0,1,1,1,0,1,80,,2,1,0,1,0,39.0,76.0,,,1,1,2,1,3
202100011455,2021-10-23 04:30:00,2021,10,23,4,30,80,80736,D901,50.009642,1.904261,Nuit avec éclairage non allumé,En agglomération,Hors intersection,Normale,Autre collision,3,2,2,0,3,3,1,0,3,50,,1,0,0,1,0,40.0,,,,4,2,1,1,6
202100011456,2021-10-24 12:10:00,2021,10,24,12,10,82,82117,Cap de Montsembosc,44.322417,1.052987,Plein jour,Hors agglomération,Intersection en T,Normale,Deux véhicules - côté,3,2,2,0,1,1,1,0,1,80,,2,1,0,0,1,59.0,62.0,,,1,1,3,1,3
202100011457,2021-10-22 17:00:00,2021,10,22,17,0,82,82189,D 109,44.178957,1.277193,Plein jour,Hors agglomération,Hors intersection,Normale,Autre collision,3,2,2,0,1,1,1,0,3,80,,3,2,0,1,0,20.0,,,,1,1,1,1,6
202100011458,2021-10-23 17:15:00,2021,10,23,17,15,32,32231,D 132 / PK 000.530,43.770335,0.318679,Plein jour,Hors agglomération,Hors intersection,Normale,Deux véhicules - frontale,3,2,2,0,2,4,1,0,1,80,,2,0,0,1,1,34.0,48.0,,,1,1,1,1,1
202100011459,2021-10-23 21:30:00,2021,10,23,21,30,32,32444,D654,43.686293,0.999026,Nuit sans éclairage public,Hors agglomération,Hors intersection,Normale,Autre collision,3,2,2,0,1,3,1,0,3,80,,1,0,0,1,0,31.0,,,,3,1,1,1,6
202100011460,2021-10-24 12:30:00,2021,10,24,12,30,61,61345,Rue Marcel Louvel,48.432279,0.775411,Plein jour,En agglomération,Hors intersection,Normale,Sans collision,3,2,2,0,2,1,1,0,1,50,,2,1,1,0,0,76.0,68.0,,,1,2,1,1,7
202100011461,2021-10-24 12:15:00,2021,10,24,12,15,61,61005,D285,48.345561,0.556564,Plein jour,En agglomération,Hors intersection,Normale,Autre collision,3,2,2,0,1,1,1,0,3,50,,1,0,0,0,1,18.0,,,,1,2,1,1,6
202100011462,2021-10-23 16:55:00,2021,10,23,16,55,49,49055,Le Périneau,47.523381,-0.580881,Plein jour,Hors agglomération,Hors intersection,Normale,Autre collision,4,2,2,0,1,2,1,0,1,90,,4,1,0,0,3,,,,,1,1,1,1,6
202100011463,2021-10-24 10:00:00,2021,10,24,10,0,12,12062,lieu-dit les bouscaillous,44.146606,3.011208,Plein jour,Hors agglomération,Giratoire,Normale,Sans collision,3,2,2,0,1,2,1,5,1,90,,1,0,0,1,0,36.0,,,,1,1,6,1,7
202100011464,2021-10-23 14:30:00,2021,10,23,14,30,68,68138,Rue de Lattre de Tassigny,47.587623278,7.2543755919,Plein jour,En agglomération,Autre intersection,Normale,Sans collision,3,2,2,0,1,3,1,5,1,50,,1,0,0,1,0,57.0,,,,1,2,9,1,7
202100011465,2021-10-19 21:00:00,2021,10,19,21,0,44,44163,D723,47.371744,-1.16549,Nuit avec éclairage allumé,En agglomération,Hors intersection,Normale,Deux véhicules - arrière,3,2,2,0,1,1,1,0,1,50,,3,2,0,1,0,18.0,32.0,,,5,2,1,1,2
202100011466,2021-10-01 20:15:00,2021,10,1,20,15,35,35068,Rue de Rennes,48.104942,-1.411641,Nuit avec éclairage allumé,En agglomération,Intersection en T,Pluie légère,Deux véhicules - côté,3,2,2,0,1,1,2,0,1,50,,6,1,0,1,4,27.0,40.0,,,5,2,3,2,3
202100011467,2021-10-23 00:22:00,2021,10,23,0,22,29,29260,D27 - Rue de Aber ,48.439636,-4.640286,Nuit sans éclairage public,Hors agglomération,Hors intersection,Pluie légère,Autre collision,3,2,2,0,1,1,2,0,1,80,,2,1,0,0,1,20.0,,,,3,1,1,2,6
202100011468,2021-10-24 09:00:00,2021,10,24,9,0,03,03320,route départementale 953,46.563681,2.981447,Crépuscule ou aube,Hors agglomération,Hors intersection,Normale,Sans collision,3,2,2,0,2,1,1,0,3,90,,1,0,1,0,0,86.0,,,,2,1,1,1,7
202100011469,2021-10-16 10:35:00,2021,10,16,10,35,70,70561,711 Rue du 13 Septembre 1944,47.545123,6.431288,Plein jour,En agglomération,Hors intersection,Temps éblouissant,Autre collision,6,-1,-1,0,1,1,1,0,1,50,,2,1,0,0,1,77.0,,,,1,2,1,7,6
202100011470,2021-10-23 16:30:00,2021,10,23,16,30,70,70514,3 Rue de l Abreuvoir,47.335943,5.640431,Plein jour,En agglomération,Hors intersection,Normale,Autre collision,4,2,1,0,2,1,1,0,1,50,,1,0,0,1,0,22.0,,,,1,2,1,1,6
202100011471,2021-10-24 16:00:00,2021,10,24,16,0,70,70427,13 grande rue,47.749635,6.00097,Plein jour,En agglomération,Hors intersection,Normale,Sans collision,3,2,2,0,2,1,1,0,1,50,,1,0,1,0,0,70.0,,,,1,2,1,1,7
202100011472,2021-10-24 06:00:00,2021,10,24,6,0,58,58299,D233,47.452934,3.439965,Nuit sans éclairage public,Hors agglomération,Hors intersection,Brouillard / fumée,Autre collision,3,2,2,0,1,2,2,0,8,80,,3,2,0,0,1,26.0,,,,3,1,1,5,6
202100011473,2021-10-23 20:50:00,2021,10,23,20,50,54,54189,Rue du Saintois,48.465452134,5.9526371951,Nuit avec éclairage allumé,En agglomération,Hors intersection,Normale,Autre collision,3,2,2,0,1,3,1,0,3,50,,2,1,0,1,0,25.0,,,,5,2,1,1,6
202100011474,2021-10-24 13:15:00,2021,10,24,13,15,72,72122,Route départementale 29,48.07438,0.560946,Plein jour,Hors agglomération,Hors intersection,Normale,Deux véhicules - côté,3,2,2,0,1,2,1,0,1,-1,,2,0,1,0,1,81.0,23.0,,,1,1,1,1,3
202100011475,2021-10-23 11:45:00,2021,10,23,11,45,43,43102,route du chasseur,45.202981,4.195533,Plein jour,Hors agglomération,Intersection en Y,Normale,Sans collision,3,2,2,0,2,1,1,0,1,-1,,3,0,0,1,2,19.0,,,,1,1,4,1,7
202100011476,2021-10-23 14:10:00,2021,10,23,14,10,10,10063,D443,48.36362,4.532547,Plein jour,Hors agglomération,Hors intersection,Normale,Deux véhicules - côté,3,2,2,0,1,1,1,0,3,80,,2,1,0,1,0,67.0,72.0,,,1,1,1,1,3
202100011477,2021-10-24 17:20:00,2021,10,24,17,20,24,24412,Le Petit Pech,44.985138,1.280787,Plein jour,Hors agglomération,Hors intersection,Normale,Deux véhicules - côté,3,2,2,0,1,1,1,0,1,80,,3,1,0,2,0,15.0,25.0,,,1,1,1,1,3
202100011478,2021-10-24 04:45:00,2021,10,24,4,45,04,04130,"RD 951, lieu-dit l'Espinasse",44.048717,5.805888,Nuit sans éclairage public,Hors agglomération,Hors intersection,Normale,Sans collision,3,2,2,0,2,1,1,0,3,80,,1,0,0,1,0,21.0,,,,3,1,1,1,7
202100011479,2021-10-24 00:00:00,2021,10,24,0,0,85,85288,Avenue des Sports,46.463984,-1.634485,Nuit avec éclairage allumé,En agglomération,Giratoire,Normale,Autre collision,4,2,1,0,1,1,1,0,1,50,,1,0,0,1,0,35.0,,,,5,2,6,1,6
202100011480,2021-10-21 08:45:00,2021,10,21,8,45,27,27341,D23,48.790399,1.006936,Plein jour,Hors agglomération,Intersection en X,Normale,Deux véhicules - côté,3,2,2,0,1,1,3,0,1,80,,2,1,0,0,1,54.0,38.0,,,1,1,2,1,3
202100011481,2021-10-24 15:50:00,2021,10,24,15,50,17,17288,D950,45.94877,-0.462981,Plein jour,Hors agglomération,Intersection en T,Normale,Deux véhicules - côté,3,2,2,0,1,1,1,0,1,80,,3,1,0,1,1,43.0,59.0,,,1,1,3,1,3
202100011482,2021-10-24 17:30:00,2021,10,24,17,30,37,37211,4 Rue de la Primaudière,47.2293534568,0.7631675315,Plein jour,En agglomération,Hors intersection,Normale,Autre collision,4,2,2,0,1,1,1,0,1,50,,3,2,0,0,1,59.0,,,,1,2,1,1,6
202100011483,2021-10-23 06:00:00,2021,10,23,6,0,30,30284,D906,44.185743,4.081807,Nuit sans éclairage public,Hors agglomération,Hors intersection,Normale,Autre collision,3,2,2,0,1,1,1,0,3,70,,1,0,0,1,0,43.0,,,,3,1,1,1,6
202100011484,2021-10-24 11:30:00,2021,10,24,11,30,08,08355,RD 22,49.931869,4.424111,Plein jour,Hors agglomération,Hors intersection,Normale,Sans collision,3,2,2,0,1,2,1,0,8,80,,1,0,0,1,0,46.0,,,,1,1,1,1,7
202100011485,2021-10-24 14:55:00,2021,10,24,14,55,88,88182,RN 159,48.28864,7.07011,Plein jour,Hors agglomération,Hors intersection,Normale,Deux véhicules - frontale,2,2,2,0,1,1,1,0,1,80,,7,0,0,7,0,74.0,48.0,,,1,1,1,1,1
202100011486,2021-10-21 15:50:00,2021,10,21,15,50,88,88075,38 Route de Gerardmer,48.014175,6.885424,Plein jour,Hors agglomération,Intersection en T,Normale,Deux véhicules - côté,3,2,2,0,2,1,1,0,1,80,,2,1,0,1,0,69.0,23.0,,,1,1,3,1,3
202100011487,2021-10-23 10:40:00,2021,10,23,10,40,88,88157,Le Haut du Bas,48.093144,6.436336,Plein jour,Hors agglomération,Intersection en X,Normale,Deux véhicules - côté,3,2,2,0,1,1,1,5,1,90,,3,2,0,1,0,62.0,75.0,,,1,1,2,1,3
202100011488,2021-10-23 08:30:00,2021,10,23,8,30,04,04209,A 51,44.193775,5.953002,Plein jour,Hors agglomération,Hors intersection,Normale,Autre collision,1,3,4,0,1,2,1,0,2,130,,1,0,0,1,0,25.0,,,,1,1,1,1,6
202100011489,2021-10-23 20:20:00,2021,10,23,20,20,95,95250,RD 922,49.097296,2.51817,Nuit avec éclairage allumé,En agglomération,Hors intersection,Normale,Deux véhicules - frontale,3,2,2,0,1,1,1,0,1,50,,3,1,0,1,1,35.0,39.0,,,5,2,1,1,1
202100011490,2021-10-24 12:10:00,2021,10,24,12,10,974,97417,78 Route Nationale 2 Ravine Ango,-21.347878,55.792608,Plein jour,Hors agglomération,Hors intersection,Normale,Deux véhicules - arrière,2,2,2,0,1,3,1,0,1,50,,3,2,0,1,0,71.0,43.0,,,1,1,1,1,2
202100011491,2021-10-20 08:00:00,2021,10,20,8,0,33,33199,Cours de la Marne,44.633757,-1.059633,Crépuscule ou aube,En agglomération,Giratoire,Normale,Deux véhicules - côté,4,2,2,0,1,3,1,0,1,50,,2,1,0,0,1,15.0,50.0,,,2,2,6,1,3
202100011492,2021-10-23 17:00:00,2021,10,23,17,0,2B,2B034,RT 30 - Capicciolo,42.640668,9.000823,Plein jour,Hors agglomération,Hors intersection,Normale,Trois véhicules et plus - collisions multiples,2,-1,2,0,2,2,1,0,1,80,,5,1,1,1,2,75.0,75.0,,,1,1,1,1,5
202100011493,2021-10-22 23:50:00,2021,10,22,23,50,30,30027,D 910 A,44.076017,4.059502,Nuit sans éclairage public,En agglomération,Hors intersection,Normale,Deux véhicules - frontale,3,2,2,0,2,1,1,0,1,50,,2,1,0,1,0,18.0,32.0,,,3,2,1,1,1
202100011494,2021-10-24 07:50:00,2021,10,24,7,50,34,34164,Avenue de Teyran,43.746329,3.959859,Plein jour,Hors agglomération,Hors intersection,Normale,Autre collision,7,2,2,0,2,1,1,0,3,80,,1,0,0,0,1,19.0,,,,1,1,1,1,6
202100011495,2021-10-22 19:15:00,2021,10,22,19,15,83,83143,Départementale 554,43.432182,6.071792,Nuit sans éclairage public,Hors agglomération,Hors intersection,Normale,Trois véhicules et plus - collisions multiples,3,2,2,0,2,1,1,0,1,80,,4,3,0,1,0,,31.0,,,3,1,1,1,5
202100011496,2021-10-22 06:55:00,2021,10,22,6,55,67,67339,Rue de l Avenir,48.896327,7.911567,Nuit avec éclairage allumé,En agglomération,Intersection en T,Normale,Deux véhicules - côté,4,2,2,0,1,1,1,0,1,30,,2,1,0,1,0,15.0,60.0,,,5,2,3,1,3
202100011497,2021-10-23 16:45:00,2021,10,23,16,45,69,69204,MARECHAL FOCH (AV),45.689619,4.788258,Plein jour,En agglomération,Hors intersection,Temps éblouissant,Deux véhicules - frontale,7,2,2,1,1,1,1,0,1,50,,2,1,0,0,1,43.0,69.0,,,1,2,1,7,1
202100011498,2021-10-24 14:30:00,2021,10,24,14,30,86,86220,D1,46.098987,0.268693,Plein jour,Hors agglomération,Hors intersection,Normale,Deux véhicules - arrière,3,2,2,0,1,1,1,0,1,80,,3,2,1,0,0,45.0,34.0,,,1,1,1,1,2