accident_id,datetime,annee,mois,jour,heure,minute,departement,commune_insee,adresse,latitude,longitude,luminosite,agglomeration,intersection,meteo,collision,catr,circ,nbv,vosp,prof,plan,surf,infra,situ,vma,nb_vehicules,nb_usagers,nb_indemnes,nb_tues,nb_blesses_hosp,nb_blesses_legers,age_cond_1,age_cond_2,veh_type_cond_1,veh_type_cond_2,lum_code,agg_code,int_code,atm_code,col_code
202100011499,2021-10-22 19:45:00,2021,10,22,19,45,33,33213,,44.681833,-0.530543,Nuit avec éclairage allumé,En agglomération,Hors intersection,Normale,Deux véhicules - côté,3,2,2,0,1,1,1,0,1,30,,3,2,0,1,0,15.0,27.0,,,5,2,1,1,3
202100011500,2021-10-23 19:15:00,2021,10,23,19,15,33,33422,D211e2,44.820758,-0.755835,Crépuscule ou aube,Hors agglomération,Hors intersection,Normale,Autre collision,3,2,2,0,1,3,1,0,1,70,,3,2,1,0,0,33.0,49.0,,,2,1,1,1,6
202100011501,2021-10-13 14:40:00,2021,10,13,14,40,14,14762,4 Rue Emile Desvaux,48.837174,-0.884829,Plein jour,En agglomération,Hors intersection,Normale,Autre collision,3,2,2,0,2,1,1,0,1,50,,2,1,0,1,0,86.0,,,,1,2,1,1,6
202100011502,2021-10-24 10:00:00,2021,10,24,10,0,22,22214,Kermanach,48.751174,-2.987208,Plein jour,En agglomération,Intersection en T,Normale,Deux véhicules - frontale,3,2,2,0,3,1,1,0,1,50,,2,1,0,1,0,82.0,16.0,,,1,2,3,1,1
202100011503,2021-10-24 17:15:00,2021,10,24,17,15,35,35253,PK 33,48.257749,-1.414114,Plein jour,Hors agglomération,Hors intersection,Normale,Autre collision,3,2,2,0,1,3,1,0,8,-1,,1,0,0,1,0,27.0,,,,1,1,1,1,6
202100011504,2021-10-23 22:30:00,2021,10,23,22,30,02,02470,route departementale 1043,49.875759,4.145097,Nuit sans éclairage public,Hors agglomération,Hors intersection,Normale,Sans collision,3,2,2,0,1,2,1,0,8,80,,1,0,0,1,0,43.0,,,,3,1,1,1,7
202100011505,2021-10-21 14:15:00,2021,10,21,14,15,59,59597,RD 643,50.201761,3.197864,Plein jour,Hors agglomération,Hors intersection,Temps couvert,Deux véhicules - côté,3,2,3,0,1,1,2,0,1,90,,2,1,0,1,0,33.0,54.0,,,1,1,1,8,3
202100011506,2021-10-22 17:47:00,2021,10,22,17,47,13,13019,A51-Sens Marseille vers Aix en Provence,43.418326,5.366307,Plein jour,Hors agglomération,Hors intersection,Normale,Trois véhicules et plus - en chaîne,1,1,3,0,1,1,1,0,1,90,,5,2,0,0,3,38.0,57.0,,,1,1,1,1,4
202100011507,2021-10-23 01:30:00,2021,10,23,1,30,13,13056,A55-Sens Martigues vers Marseille,43.411896,5.025331,Nuit avec éclairage allumé,Hors agglomération,Hors intersection,Normale,Autre collision,1,1,2,0,1,3,1,1,1,50,,1,0,0,0,1,33.0,,,,5,1,1,1,6
202100011508,2021-10-18 07:34:00,2021,10,18,7,34,13,13070,A50-Sens Marseille vers Aubagne,43.2855957891,5.5130041665,Crépuscule ou aube,Hors agglomération,Hors intersection,Normale,Autre collision,1,-1,3,0,1,1,1,0,1,90,,1,0,0,1,0,62.0,,,,2,1,1,1,6
202100011509,2021-10-19 07:45:00,2021,10,19,7,45,13,13055,A507 sens Marseille - Aubagne,43.294983,5.424519,Plein jour,Hors agglomération,Hors intersection,Normale,Deux véhicules - arrière,1,-1,3,0,1,1,1,1,1,70,,2,1,0,0,1,47.0,54.0,,,1,1,1,1,2
202100011510,2021-10-23 12:45:00,2021,10,23,12,45,94,94034,AUTOROUTE A86,48.7596,2.3215,Plein jour,Hors agglomération,Hors intersection,Normale,Deux véhicules - arrière,1,1,2,0,2,1,1,0,1,90,,2,1,0,0,1,37.0,39.0,,,1,1,1,1,2
202100011511,2021-10-22 14:25:00,2021,10,22,14,25,91,91312,RD 444,48.73204,2.23636,Plein jour,Hors agglomération,Hors intersection,Normale,Deux véhicules - côté,3,3,2,0,1,1,1,0,1,70,,2,1,0,0,1,60.0,24.0,,,1,1,1,1,3
202100011512,2021-10-23 12:45:00,2021,10,23,12,45,78,78206,A13,48.95474,1.9381,Plein jour,Hors agglomération,Hors intersection,Normale,Deux véhicules - côté,1,1,3,0,1,1,1,0,1,130,,5,4,0,0,1,57.0,20.0,,,1,1,1,1,3
202100011513,2021-10-23 12:45:00,2021,10,23,12,45,92,92047,A13,48.8331791707,2.1600237106,Plein jour,Hors agglomération,Hors intersection,Normale,Deux véhicules - arrière,1,1,3,0,1,1,1,0,1,110,,8,7,0,0,1,27.0,28.0,,,1,1,1,1,2
202100011514,2021-10-22 21:15:00,2021,10,22,21,15,78,78117,RN12,48.78812,2.14036,Nuit sans éclairage public,Hors agglomération,Hors intersection,Normale,Trois véhicules et plus - collisions multiples,2,1,6,0,1,1,1,0,1,110,,7,0,0,1,6,23.0,23.0,,,3,1,1,1,5
202100011515,2021-10-22 20:55:00,2021,10,22,20,55,92,92050,A86,48.902437478,2.2041828545,Nuit avec éclairage allumé,Hors agglomération,Hors intersection,Normale,Trois véhicules et plus - collisions multiples,1,1,4,0,1,1,1,1,1,70,,4,3,0,0,1,26.0,24.0,,,5,1,1,1,5
202100011516,2021-10-22 20:25:00,2021,10,22,20,25,92,92050,A86,48.9064397664,2.2110575438,Nuit avec éclairage allumé,Hors agglomération,Hors intersection,Normale,Deux véhicules - côté,1,3,2,0,1,1,1,0,1,70,,3,2,0,1,0,22.0,26.0,,,5,1,1,1,3
202100011517,2021-10-22 13:30:00,2021,10,22,13,30,78,78043,A13Y,48.84757,2.07683,Plein jour,Hors agglomération,Hors intersection,Normale,Trois véhicules et plus - en chaîne,1,3,2,0,1,1,1,0,1,110,,3,2,0,0,1,39.0,32.0,,,1,1,1,1,4
202100011518,2021-10-23 19:30:00,2021,10,23,19,30,93,93066,AUTOROUTE A1,48.9193634411,2.3575464282,Nuit avec éclairage allumé,Hors agglomération,Hors intersection,Normale,Sans collision,1,3,8,0,1,1,1,1,1,110,,1,0,0,0,1,35.0,,,,5,1,1,1,7
202100011519,2021-10-23 07:30:00,2021,10,23,7,30,93,93053,AUTOROUTE A86,48.89532,2.47073,Nuit sans éclairage public,Hors agglomération,Hors intersection,Normale,Deux véhicules - côté,1,-1,9,0,1,3,1,2,1,70,,2,1,0,0,1,44.0,,,,3,1,1,1,3
202100011520,2021-10-23 03:55:00,2021,10,23,3,55,75,75112,A4,48.81888,2.45731,Nuit avec éclairage non allumé,Hors agglomération,Hors intersection,Pluie légère,Autre collision,1,3,5,0,1,1,2,0,1,90,,2,1,0,1,0,49.0,30.0,,,4,1,1,2,6
202100011521,2021-10-22 15:20:00,2021,10,22,15,20,93,93051,A4,48.835,2.57587,Plein jour,Hors agglomération,Hors intersection,Normale,Autre collision,1,3,8,0,1,1,1,3,1,110,,2,1,0,0,1,55.0,47.0,,,1,1,1,1,6
202100011522,2021-10-22 08:44:00,2021,10,22,8,44,94,94069,A4,48.8171389327,2.4422619339,Plein jour,Hors agglomération,Hors intersection,Normale,Autre collision,1,1,3,0,1,1,2,0,1,90,,1,0,0,0,1,25.0,,,,1,1,1,1,6
202100011523,2021-07-29 22:45:00,2021,7,29,22,45,75,75117,RUE GUY MOQUET,48.891708,2.321219,Nuit avec éclairage allumé,En agglomération,Intersection en X,Normale,Autre collision,4,1,1,0,1,1,1,0,1,30,,6,2,1,1,2,47.0,24.0,,,5,2,2,1,6
202100011524,2021-10-22 17:30:00,2021,10,22,17,30,973,97302,ROUTE NATIONALE 1,4.90287,-52.32451,Crépuscule ou aube,Hors agglomération,Hors intersection,Normale,Deux véhicules - côté,2,3,4,0,1,1,1,3,2,90,,2,1,0,0,1,58.0,39.0,,,2,1,1,1,3
202100011525,2021-10-22 07:32:00,2021,10,22,7,32,973,97302,MONTABO (ROUTE DE) 2,4.9354239936,-52.2946801187,Plein jour,En agglomération,Autre intersection,Normale,Deux véhicules - côté,3,2,1,0,1,1,1,0,1,50,,2,1,0,0,1,16.0,22.0,,,1,2,9,1,3
202100011526,2021-10-22 22:50:00,2021,10,22,22,50,69,69386,JULES FAVRE (BD),45.766247334,4.8592078961,Nuit avec éclairage allumé,En agglomération,Intersection en X,Normale,Deux véhicules - côté,4,2,4,3,1,1,1,0,6,50,,2,1,0,0,1,37.0,34.0,,,5,2,2,1,3
202100011527,2021-10-22 23:15:00,2021,10,22,23,15,69,69383,PAUL BERT (R),45.75679,4.84947,Nuit avec éclairage allumé,En agglomération,Hors intersection,Normale,Deux véhicules - côté,4,1,1,0,1,1,1,0,1,50,,2,1,0,0,1,29.0,19.0,,,5,2,1,1,3
202100011528,2021-10-22 14:00:00,2021,10,22,14,0,69,69387,GERLAND (DE) (R),45.73531,4.83959,Plein jour,En agglomération,Intersection en T,Normale,Deux véhicules - côté,4,2,2,0,1,1,1,0,1,50,,2,1,0,1,0,51.0,34.0,,,1,2,3,1,3
202100011529,2021-10-22 14:30:00,2021,10,22,14,30,69,69387,TONY GARNIER                        (AV),45.72664,4.83037,Plein jour,En agglomération,Intersection en X,Normale,Deux véhicules - côté,4,3,6,0,1,1,1,5,1,50,,2,1,0,0,1,19.0,53.0,,,1,2,2,1,3
202100011530,2021-10-22 08:40:00,2021,10,22,8,40,972,97209,FAISSAL VAINDUC (RUE),14.61602,-61.06979,Plein jour,En agglomération,Hors intersection,Normale,Autre collision,4,1,1,0,1,1,1,0,1,30,,2,1,0,0,1,,,,,1,2,1,1,6
202100011531,2021-10-23 00:10:00,2021,10,23,0,10,69,69034,GENERAL LECLERC                     (AV),45.80465,4.86427,Nuit avec éclairage allumé,En agglomération,Hors intersection,Normale,Autre collision,7,2,-1,0,1,1,1,0,1,50,,1,0,0,0,1,34.0,,,,5,2,1,1,6
202100011532,2021-10-22 19:05:00,2021,10,22,19,5,69,69152,EUROPE (DE L')                      (BD),45.69994,4.82319,Nuit avec éclairage allumé,En agglomération,Hors intersection,Normale,Deux véhicules - côté,7,2,2,1,1,1,1,0,1,50,,3,2,0,0,1,17.0,57.0,,,5,2,1,1,3
202100011533,2021-10-22 17:15:00,2021,10,22,17,15,69,69389,LAURE DIEBOLD (R),45.7777358212,4.8015393936,Plein jour,En agglomération,Intersection en X,Normale,Deux véhicules - frontale,4,2,2,1,1,1,1,2,1,50,,2,1,0,0,1,73.0,21.0,,,1,2,2,1,1
202100011534,2021-10-21 20:20:00,2021,10,21,20,20,69,69382,BELLECOUR (PL),45.7567032583,4.8319811565,Nuit avec éclairage allumé,En agglomération,Hors intersection,Normale,Autre collision,4,-1,0,0,1,1,1,0,4,30,,2,1,0,1,0,21.0,,,,5,2,1,1,6
202100011535,2021-10-22 08:50:00,2021,10,22,8,50,69,69389,MARIETTON (R),45.7757451736,4.8019795941,Plein jour,En agglomération,Intersection en X,Normale,Deux véhicules - côté,4,2,1,0,1,1,1,0,1,50,,2,1,0,1,0,37.0,18.0,,,1,2,2,1,3
202100011536,2021-10-18 15:00:00,2021,10,18,15,0,69,69142,STEPHANE DECHANT (R),45.7259,4.81394,Plein jour,En agglomération,Intersection en Y,Normale,Deux véhicules - frontale,7,2,3,0,2,3,1,5,1,50,,2,0,0,0,2,32.0,46.0,,,1,2,4,1,1
202100011537,2021-10-22 01:40:00,2021,10,22,1,40,69,69382,PERRACHE (Q),45.73837,4.82161,Nuit avec éclairage allumé,En agglomération,Intersection en T,Normale,Deux véhicules - arrière,4,2,2,0,1,1,1,0,1,30,,2,1,0,0,1,60.0,24.0,,,5,2,3,1,2
202100011538,2021-10-21 14:37:00,2021,10,21,14,37,69,69152,EUROPE (DE L') (BD),45.70533,4.82065,Plein jour,En agglomération,Autre intersection,Normale,Deux véhicules - côté,7,2,3,2,1,1,1,0,1,50,,3,1,0,0,2,17.0,43.0,,,1,2,9,1,3
202100011539,2021-10-21 09:39:00,2021,10,21,9,39,2B,2B033,11 - RT,42.7,9.45,Plein jour,En agglomération,Hors intersection,Normale,Deux véhicules - arrière,2,3,2,0,1,1,1,0,1,50,,2,1,0,0,1,50.0,23.0,,,1,2,1,1,2
202100011540,2021-10-22 23:30:00,2021,10,22,23,30,2A,2A004,T21,41.93316,8.75459,Nuit avec éclairage allumé,En agglomération,Hors intersection,Normale,Sans collision,2,1,1,0,1,2,1,0,3,50,,2,0,0,0,2,20.0,,,,5,2,1,1,7
202100011541,2021-10-22 22:44:00,2021,10,22,22,44,91,91216,BALLAINVILLIERS (RUE),48.67195,2.30453,Nuit sans éclairage public,Hors agglomération,Hors intersection,Normale,Deux véhicules - frontale,3,2,2,0,1,1,1,0,1,70,,2,1,0,0,1,,20.0,,,3,1,1,1,1
202100011542,2021-10-22 08:25:00,2021,10,22,8,25,91,91312,EGLISE (RUE DE L'),48.7418,2.22457,Crépuscule ou aube,En agglomération,Hors intersection,Autre,Autre collision,3,2,2,0,2,1,2,6,8,30,,3,2,0,0,1,56.0,,,,2,2,1,9,6
202100011543,2021-10-21 07:50:00,2021,10,21,7,50,91,91645,MARIUS HUE (RUE),48.74523,2.28294,Crépuscule ou aube,En agglomération,Intersection en X,Normale,Deux véhicules - côté,3,-1,2,0,1,1,1,5,1,50,,3,1,0,0,2,36.0,26.0,,,2,2,2,1,3
202100011544,2021-10-22 15:20:00,2021,10,22,15,20,91,91114,AV DU GAL LECLERC,48.688698,2.494467,Plein jour,En agglomération,Hors intersection,Normale,Trois véhicules et plus - en chaîne,4,2,2,0,1,1,1,0,1,50,,4,2,0,0,2,52.0,62.0,,,1,2,1,1,4
202100011545,2021-10-22 15:10:00,2021,10,22,15,10,91,91421,REPUBLIQUE (AVENUE DE LA),48.70409,2.46065,Plein jour,En agglomération,Intersection en T,Temps couvert,Deux véhicules - côté,3,2,2,0,1,1,1,0,1,30,,3,2,0,0,1,17.0,46.0,,,1,2,3,8,3
202100011546,2021-10-22 07:20:00,2021,10,22,7,20,91,91286,PREMIERE ARMEE (AVENUE),48.65135,2.39428,Nuit avec éclairage allumé,En agglomération,Autre intersection,Autre,Autre collision,3,3,3,0,1,1,1,5,1,50,,2,1,0,0,1,34.0,,,,5,2,9,9,6
202100011547,2021-10-22 07:56:00,2021,10,22,7,56,87,87085,DONZELOT (RUE),45.83257,1.27131,Nuit avec éclairage allumé,En agglomération,Hors intersection,Normale,Autre collision,4,2,2,0,1,1,1,0,1,50,,2,1,0,0,1,28.0,,,,5,2,1,1,6
202100011548,2021-10-21 15:33:00,2021,10,21,15,33,87,87065,PONTEIX (AVENUE DU),45.80828,1.29916,Plein jour,En agglomération,Intersection en X,Normale,Deux véhicules - côté,1,1,1,0,1,1,2,3,1,50,,3,2,0,0,1,65.0,46.0,,,1,2,2,1,3
202100011549,2021-10-20 19:25:00,2021,10,20,19,25,87,87085,DUMAS (AVENUE GEORGES),45.82696,1.26239,Nuit avec éclairage non allumé,En agglomération,Intersection en X,Pluie forte,Deux véhicules - côté,4,2,2,0,1,1,2,0,1,50,,2,1,0,0,1,20.0,43.0,,,4,2,2,3,3
202100011550,2021-10-22 13:40:00,2021,10,22,13,40,86,86194,Avenue Jacques Coeur,46.567191,0.376138,Plein jour,En agglomération,Hors intersection,Normale,Deux véhicules - frontale,4,2,4,2,1,1,1,0,1,50,,4,0,0,0,4,34.0,21.0,,,1,2,1,1,1
202100011551,2021-10-20 11:45:00,2021,10,20,11,45,86,86194,Avenue de Nantes,46.589508,0.329711,Plein jour,En agglomération,Hors intersection,Pluie légère,Deux véhicules - arrière,4,-1,2,0,2,1,2,0,1,50,,4,3,0,0,1,28.0,32.0,,,1,2,1,2,2
202100011552,2021-10-19 10:45:00,2021,10,19,10,45,83,83050,PERI(BOULEVARD GABRIEL),43.535629,6.465511,Plein jour,En agglomération,Hors intersection,Normale,Autre collision,4,1,2,0,1,1,1,0,1,50,,2,1,0,1,0,,,,,1,2,1,1,6
202100011553,2021-10-22 15:59:00,2021,10,22,15,59,76,76540,BOISGUILBERT. QUAI DE,49.44207,1.07762,Plein jour,En agglomération,Hors intersection,Normale,Autre collision,4,1,1,0,1,1,1,0,1,30,,4,3,0,0,1,18.0,,,,1,2,1,1,6
202100011554,2021-10-22 07:45:00,2021,10,22,7,45,76,76575,RENAN. RUE ERNEST,49.398526,1.07414,Nuit avec éclairage allumé,En agglomération,Intersection en X,Normale,Autre collision,4,2,2,3,1,1,1,0,1,50,,2,1,0,1,0,29.0,,,,5,2,2,1,6
202100011555,2021-10-21 20:20:00,2021,10,21,20,20,72,72181,CUGNOT NICOLAS (BD),47.99363,0.22496,Nuit avec éclairage allumé,En agglomération,Hors intersection,Normale,Autre collision,4,3,4,0,2,1,1,0,1,70,,2,1,0,0,1,50.0,,,,5,2,1,1,6
202100011556,2021-10-22 19:00:00,2021,10,22,19,0,71,71306,LUCY (RUE DE),46.6650188471,4.3365707745,Crépuscule ou aube,En agglomération,Hors intersection,Normale,Deux véhicules - frontale,3,3,2,0,1,1,1,5,1,50,,2,1,0,0,1,18.0,20.0,,,2,2,1,1,1
202100011557,2021-10-14 17:00:00,2021,10,14,17,0,68,68066,WILHELM (RUE HENRY),48.08324,7.35567,Plein jour,En agglomération,Intersection en X,Normale,Autre collision,3,1,1,0,1,1,1,0,1,50,,2,1,0,0,1,54.0,,,,1,2,2,1,6
202100011558,2021-10-21 23:00:00,2021,10,21,23,0,67,67482,ROMAINS (ROUTE DES),48.58063,7.72295,Nuit avec éclairage allumé,En agglomération,Hors intersection,Normale,Autre collision,7,2,2,1,1,1,1,9,1,50,,1,0,0,1,0,22.0,,,,5,2,1,1,6
202100011559,2021-10-22 13:20:00,2021,10,22,13,20,66,66136,ESPAGNE (ROUTE D'),42.67676,2.89015,Plein jour,En agglomération,Hors intersection,Normale,Deux véhicules - arrière,4,3,2,0,1,1,1,0,1,50,,2,1,0,0,1,46.0,42.0,,,1,2,1,1,2
202100011560,2021-10-22 12:04:00,2021,10,22,12,4,66,66136,DESNOYE (BOULEVARD DR. JOSEPH),42.71567,2.88788,Plein jour,En agglomération,Hors intersection,Normale,Autre collision,4,2,4,0,1,1,1,0,1,50,,2,0,0,0,2,27.0,,,,1,2,1,1,6
202100011561,2021-10-21 12:00:00,2021,10,21,12,0,66,66136,SAINT-NAZAIRE (DE),42.6832,2.90386,Plein jour,En agglomération,Hors intersection,Normale,Autre collision,4,1,1,0,1,1,1,0,1,30,,2,1,0,1,0,41.0,,,,1,2,1,1,6
202100011562,2021-10-22 11:40:00,2021,10,22,11,40,65,65440,FORGES (AVENUE DES),43.23876,0.08602,Plein jour,En agglomération,Intersection en T,Normale,Trois véhicules et plus - en chaîne,3,3,2,0,1,1,1,0,1,50,,3,2,0,0,1,50.0,65.0,,,1,2,3,1,4
202100011563,2021-10-22 10:00:00,2021,10,22,10,0,65,65440,MAQUIS DE PAYOLLE (RUE DU),43.22282,0.084785,Plein jour,En agglomération,Autre intersection,Normale,Deux véhicules - arrière,4,2,2,0,1,1,1,0,1,50,,2,1,0,0,1,25.0,50.0,,,1,2,9,1,2
202100011564,2021-10-22 07:55:00,2021,10,22,7,55,65,65331,LOURDES (AVENUE DE),43.21298,0.05078,Crépuscule ou aube,En agglomération,Intersection en T,Normale,Deux véhicules - côté,3,2,3,0,1,1,1,0,1,50,,2,1,0,0,1,16.0,77.0,,,2,2,3,1,3
202100011565,2021-10-22 11:30:00,2021,10,22,11,30,64,64445,ALSACE LORRAINE D',43.3045,-0.36816,Plein jour,En agglomération,Autre intersection,Normale,Sans collision,4,2,1,3,1,1,1,5,1,50,,2,1,0,0,1,69.0,,,,1,2,9,1,7
202100011566,2021-10-22 09:00:00,2021,10,22,9,0,64,64445,PAIX,43.31646,-0.3397,Plein jour,En agglomération,Hors intersection,Normale,Deux véhicules - arrière,4,2,3,0,1,1,1,0,1,50,,2,1,0,0,1,28.0,37.0,,,1,2,1,1,2
202100011567,2021-10-22 19:40:00,2021,10,22,19,40,64,64102,PLANTOUN (AVENUE),43.49417,-1.45823,Nuit avec éclairage allumé,En agglomération,Hors intersection,Normale,Deux véhicules - arrière,4,2,3,1,1,1,1,0,1,50,,2,1,0,0,1,21.0,49.0,,,5,2,1,1,2
202100011568,2021-10-22 18:45:00,2021,10,22,18,45,64,64102,HAMBOUM (CHEMIN DE),43.4977505637,-1.4600149541,Plein jour,Hors agglomération,Hors intersection,Normale,Deux véhicules - côté,6,-1,-1,0,1,2,1,0,2,30,,3,1,0,0,2,14.0,42.0,,,1,1,1,1,3
202100011569,2021-10-22 08:30:00,2021,10,22,8,30,64,64102,LACHEPAILLET (RUE DES REMPARTS),43.4885,-1.47842,Plein jour,En agglomération,Autre intersection,Pluie légère,Sans collision,4,2,2,0,2,3,2,0,1,30,,1,0,0,0,1,15.0,,,,1,2,9,2,7
202100011570,2021-10-22 20:00:00,2021,10,22,20,0,61,61497,D.501,48.4567,0.10319,Nuit sans éclairage public,Hors agglomération,Hors intersection,Normale,Sans collision,3,-1,2,0,1,1,1,0,1,90,,4,0,0,0,4,19.0,,,,3,1,1,1,7
202100011571,2021-10-22 08:30:00,2021,10,22,8,30,61,61001,PAUL CLAUDEL (RUE),48.41654,0.09424,Plein jour,En agglomération,Intersection en X,Normale,Deux véhicules - frontale,4,2,2,1,1,2,1,5,5,50,,2,1,0,0,1,33.0,28.0,,,1,2,2,1,1
202100011572,2021-10-22 17:45:00,2021,10,22,17,45,59,59599,NATIONALE (RUE),50.7245210242,3.153865767,Plein jour,En agglomération,Hors intersection,Normale,Autre collision,4,2,1,0,1,1,1,0,1,50,,2,1,0,0,1,,,,,1,2,1,1,6
202100011573,2021-10-22 07:45:00,2021,10,22,7,45,59,59350,BELFORT BOULEVARD DE,50.6212,3.07929,Crépuscule ou aube,En agglomération,Hors intersection,Normale,Deux véhicules - côté,7,1,1,0,1,1,1,6,1,30,,2,1,0,0,1,21.0,22.0,,,2,2,1,1,3
202100011574,2021-10-16 15:50:00,2021,10,16,15,50,59,59560,FLANDRE RUE DES COMTESSES DE,50.54694,3.02693,Plein jour,En agglomération,Intersection en X,Normale,Deux véhicules - côté,7,2,4,1,1,1,1,0,1,50,,3,1,0,0,2,16.0,59.0,,,1,2,2,1,3
202100011575,2021-10-21 17:50:00,2021,10,21,17,50,59,59350,TACQ ANTOINE PLACE,50.62089,3.03469,Plein jour,En agglomération,Intersection en X,Pluie légère,Deux véhicules - côté,7,1,1,1,1,1,2,0,5,50,,2,1,0,0,1,17.0,,,,1,2,2,2,3
202100011576,2021-10-21 19:35:00,2021,10,21,19,35,56,56098,JAURES (RUE  JEAN ),47.76533,-3.35852,Nuit avec éclairage allumé,En agglomération,Intersection en T,Normale,Deux véhicules - côté,3,2,2,0,1,1,1,0,1,50,,2,1,0,0,1,22.0,19.0,,,5,2,3,1,3
202100011577,2021-10-21 22:57:00,2021,10,21,22,57,54,54482,MARIN (VIADUC LOUIS),48.7044479715,6.1951357126,Nuit avec éclairage allumé,En agglomération,Hors intersection,Normale,Autre collision,4,2,-1,1,2,3,2,0,3,50,,4,0,0,4,0,26.0,,,,5,2,1,1,6
202100011578,2021-10-21 14:20:00,2021,10,21,14,20,54,54547,EUROPE (BOULEVARD DE L'),48.6622322166,6.1742718583,Plein jour,En agglomération,Autre intersection,Normale,Autre collision,4,1,1,0,1,1,1,0,1,30,,2,1,0,0,1,48.0,,,,1,2,9,1,6
202100011579,2021-10-20 16:48:00,2021,10,20,16,48,54,54197,LUDRES (RUE DE),48.6243463833,6.194744525,Plein jour,Hors agglomération,Hors intersection,Pluie légère,Deux véhicules - frontale,7,2,2,0,2,4,2,0,1,70,,2,0,0,0,2,56.0,65.0,,,1,1,1,2,1
202100011580,2021-10-19 18:30:00,2021,10,19,18,30,54,54321,voie verte,49.54008,5.8086,Crépuscule ou aube,Hors agglomération,Hors intersection,Normale,Autre collision,5,-1,1,1,1,1,1,2,5,30,,1,0,0,1,0,24.0,,,,2,1,1,1,6
202100011581,2021-10-22 07:55:00,2021,10,22,7,55,51,51454,Avenue d’Epernay,49.2297840599,4.0147393106,Crépuscule ou aube,En agglomération,Giratoire,Normale,Deux véhicules - côté,4,1,2,0,1,2,2,5,1,50,,2,1,0,0,1,29.0,41.0,,,2,2,6,1,3
202100011582,2021-10-21 08:35:00,2021,10,21,8,35,51,51454,Rue des Essillards,49.23496,4.05098,Plein jour,En agglomération,Intersection en T,Normale,Trois véhicules et plus - collisions multiples,4,2,2,0,1,1,2,0,1,50,,3,2,0,0,1,27.0,36.0,,,1,2,3,1,5
202100011583,2021-10-21 07:30:00,2021,10,21,7,30,51,51454,Rue d’Italie,49.266,4.05282,Crépuscule ou aube,En agglomération,Intersection en X,Pluie légère,Sans collision,4,2,2,0,1,1,2,0,1,50,,2,1,0,0,1,53.0,,,,2,2,2,2,7
202100011584,2021-10-22 01:20:00,2021,10,22,1,20,50,50502,GERHARDT (Général),49.11798,-1.08309,Nuit avec éclairage allumé,En agglomération,Hors intersection,Normale,Autre collision,3,2,2,0,1,1,1,0,4,50,,2,1,0,1,0,24.0,,,,5,2,1,1,6
202100011585,2021-10-21 22:20:00,2021,10,21,22,20,49,49328,CHAMPIGNY (ROUTE DE) D 145,47.23882,-0.04347,Nuit sans éclairage public,Hors agglomération,Hors intersection,Normale,Autre collision,4,2,2,0,1,4,2,0,1,80,,5,0,0,2,3,20.0,,,,3,1,1,1,6
202100011586,2021-10-22 18:20:00,2021,10,22,18,20,49,49007,COUBERTIN BOULEVARD,47.46737,-0.5299,Plein jour,En agglomération,Hors intersection,Normale,Deux véhicules - côté,4,2,2,0,1,1,1,0,1,50,,2,1,0,0,1,34.0,30.0,,,1,2,1,1,3
202100011587,2021-10-22 11:22:00,2021,10,22,11,22,49,49007,,47.46975,-0.56169,Plein jour,En agglomération,Hors intersection,Normale,Deux véhicules - côté,4,2,2,0,1,1,1,0,1,30,,2,1,0,1,0,30.0,55.0,,,1,2,1,1,3
202100011588,2021-10-22 07:50:00,2021,10,22,7,50,49,49007,NOTRE DAME DU LAC AVENUE,47.48013,-0.59158,Crépuscule ou aube,En agglomération,Hors intersection,Normale,Autre collision,4,2,2,0,1,1,1,0,1,30,,2,1,0,0,1,23.0,20.0,,,2,2,1,1,6
202100011589,2021-10-21 17:43:00,2021,10,21,17,43,49,49007,PASTEUR AVENUE,47.4812,-0.524,Plein jour,En agglomération,Hors intersection,Normale,Deux véhicules - arrière,4,2,2,0,1,1,1,0,1,50,,2,1,0,0,1,41.0,16.0,,,1,2,1,1,2
202100011590,2021-10-21 10:20:00,2021,10,21,10,20,49,49007,HARAS ALLEE ET RUE,47.46622,-0.55316,Plein jour,En agglomération,Hors intersection,Normale,Sans collision,4,2,2,2,1,1,1,0,5,50,,1,0,0,0,1,54.0,,,,1,2,1,1,7
202100011591,2021-10-22 16:45:00,2021,10,22,16,45,45,45234,MARNE (AVENUE DE LA),47.91458,1.92887,Plein jour,En agglomération,Hors intersection,Normale,Deux véhicules - arrière,4,2,2,1,1,1,1,0,1,30,,2,1,0,0,1,18.0,17.0,,,1,2,1,1,2
202100011592,2021-10-22 08:50:00,2021,10,22,8,50,45,45234,Rue Fernand Rabier,47.90381,1.90976,Plein jour,En agglomération,Intersection en X,Normale,Sans collision,4,2,2,0,1,1,1,0,1,50,,1,0,0,0,1,19.0,,,,1,2,2,1,7
202100011593,2021-10-21 12:05:00,2021,10,21,12,5,38,38421,CACHIN(AVENUE M.)N°IMPAIRS(U2 A LENINE),45.16456,5.74995,Plein jour,En agglomération,Hors intersection,Normale,Deux véhicules - côté,7,1,2,1,1,1,1,0,4,50,,2,1,0,0,1,38.0,35.0,,,1,2,1,1,3