accident_id,datetime,annee,mois,jour,heure,minute,departement,commune_insee,adresse,latitude,longitude,luminosite,agglomeration,intersection,meteo,collision,catr,circ,nbv,vosp,prof,plan,surf,infra,situ,vma,nb_vehicules,nb_usagers,nb_indemnes,nb_tues,nb_blesses_hosp,nb_blesses_legers,age_cond_1,age_cond_2,veh_type_cond_1,veh_type_cond_2,lum_code,agg_code,int_code,atm_code,col_code
202100011594,2021-10-22 22:05:00,2021,10,22,22,5,37,37261,VAILLANT (RUE EDOUARD),47.37901567,0.7100414917,Nuit avec éclairage allumé,En agglomération,Intersection en T,Normale,Deux véhicules - côté,4,2,2,1,1,1,1,0,1,50,,2,1,0,1,0,32.0,23.0,,,5,2,3,1,3
202100011595,2021-10-22 18:50:00,2021,10,22,18,50,37,37122,RD 37,47.3407123145,0.6601271778,Nuit avec éclairage allumé,En agglomération,Autre intersection,Normale,Autre collision,7,1,1,0,2,3,1,9,8,50,,1,0,0,1,0,38.0,,,,5,2,9,1,6
202100011596,2021-10-22 07:40:00,2021,10,22,7,40,37,37261,MOZART (AVENUE),47.3671533837,0.7081587315,Plein jour,En agglomération,Hors intersection,Normale,Autre collision,4,2,2,0,1,1,1,0,1,50,,2,1,0,0,1,21.0,,,,1,2,1,1,6
202100011597,2021-10-21 18:35:00,2021,10,21,18,35,37,37261,POMPIDOU (AVENUE GEORGES),47.3809632918,0.7127021626,Crépuscule ou aube,En agglomération,Hors intersection,Temps couvert,Deux véhicules - arrière,4,2,3,0,2,1,2,2,1,50,,2,0,0,0,2,23.0,59.0,,,2,2,1,8,2
202100011598,2021-10-16 15:15:00,2021,10,16,15,15,35,35093,VILLOU ( BOULEVARD DU),48.63142,-2.07612,Plein jour,En agglomération,Intersection en T,Normale,Deux véhicules - côté,3,2,0,0,2,1,1,0,1,50,,2,1,0,0,1,59.0,78.0,,,1,2,3,1,3
202100011599,2021-10-22 16:25:00,2021,10,22,16,25,35,35051,CHALOTAIS (RUE DE LA),48.12276,-1.60214,Plein jour,En agglomération,Hors intersection,Normale,Deux véhicules - côté,4,2,2,0,1,1,1,0,1,30,,2,1,0,0,1,52.0,,,,1,2,1,1,3
202100011600,2021-10-22 07:50:00,2021,10,22,7,50,35,35238,FOULON (AVENUE PROFESSEUR CHARLES),48.11948,-1.64827,Crépuscule ou aube,En agglomération,Autre intersection,Normale,Deux véhicules - côté,4,2,0,1,1,1,1,0,1,50,,3,1,0,0,2,47.0,56.0,,,2,2,9,1,3
202100011601,2021-10-21 21:30:00,2021,10,21,21,30,35,35238,VERN (DE),48.098117,-1.655669,Nuit avec éclairage allumé,En agglomération,Intersection en X,Normale,Deux véhicules - côté,4,2,2,3,1,1,1,5,1,50,,2,1,0,0,1,51.0,25.0,,,5,2,2,1,3
202100011602,2021-10-23 00:15:00,2021,10,23,0,15,34,34172,PONT JUVENAL (AVENUE DU),43.605914,3.894084,Nuit avec éclairage allumé,En agglomération,Intersection en X,Normale,Deux véhicules - frontale,4,2,2,0,1,1,1,9,1,50,,2,1,0,0,1,26.0,19.0,,,5,2,2,1,1
202100011603,2021-10-22 21:28:00,2021,10,22,21,28,34,34172,NIMES (AVENUE DE),43.61693,3.88556,Nuit avec éclairage allumé,En agglomération,Hors intersection,Normale,Deux véhicules - arrière,4,1,1,0,1,1,1,0,1,50,,4,3,0,1,0,19.0,21.0,,,5,2,1,1,2
202100011604,2021-10-22 19:20:00,2021,10,22,19,20,34,34172,MOUREZE (RUE DE),43.607657,3.830278,Plein jour,En agglomération,Hors intersection,Normale,Deux véhicules - frontale,4,-1,0,0,1,1,1,0,1,50,,2,1,0,0,1,30.0,73.0,,,1,2,1,1,1
202100011605,2021-10-21 00:30:00,2021,10,21,0,30,34,34172,DUBOUT (AVENUE ALBERT),43.60244,3.89148,Nuit avec éclairage allumé,En agglomération,Hors intersection,Normale,Deux véhicules - côté,4,1,2,0,1,3,1,0,1,50,,2,1,0,0,1,25.0,32.0,,,5,2,1,1,3
202100011606,2021-10-22 08:10:00,2021,10,22,8,10,33,33281,Avenue François Mitterrand,44.82665,-0.61933,Crépuscule ou aube,Hors agglomération,Intersection en X,Normale,Deux véhicules - côté,4,2,4,0,1,1,1,0,1,50,,2,1,0,0,1,41.0,18.0,,,2,1,2,1,3
202100011607,2021-10-21 08:45:00,2021,10,21,8,45,33,33032,Rue du Maréchal Joffre,44.89904,-0.51381,Plein jour,En agglomération,Intersection en X,Normale,Deux véhicules - côté,4,2,2,2,1,1,2,5,1,50,,3,1,0,0,2,46.0,34.0,,,1,2,2,1,3
202100011608,2021-10-22 18:15:00,2021,10,22,18,15,33,33529,DE GAULLE ( AVE CHARLES) 01 AU 85,44.63303,-1.14471,Plein jour,En agglomération,Hors intersection,Temps couvert,Autre collision,3,2,2,0,1,1,1,0,1,50,,2,1,0,0,1,31.0,27.0,,,1,2,1,8,6
202100011609,2021-10-22 15:00:00,2021,10,22,15,0,33,33529,Centre Commercial Cap Océan,44.635835,-1.153801,Plein jour,En agglomération,Hors intersection,Normale,Deux véhicules - côté,6,-1,-1,0,1,1,1,0,1,30,,2,1,0,0,1,22.0,56.0,,,1,2,1,1,3
202100011610,2021-10-22 20:40:00,2021,10,22,20,40,31,31555,SEYSSES (RTE DE) DU 1AU 65,43.54829,1.3907,Nuit avec éclairage allumé,En agglomération,Giratoire,Normale,Deux véhicules - frontale,7,1,2,0,1,2,1,9,1,50,,2,1,0,0,1,,37.0,,,5,2,6,1,1
202100011611,2021-10-22 07:25:00,2021,10,22,7,25,31,31557,DOUMERGUE (RUE GASTON),43.58786,1.35534,Crépuscule ou aube,En agglomération,Intersection en X,Normale,Deux véhicules - côté,4,3,6,3,1,1,1,5,1,50,,2,1,0,0,1,26.0,49.0,,,2,2,2,1,3
202100011612,2021-10-22 07:35:00,2021,10,22,7,35,30,30007,ONZE NOVEMBRE 1918 (QUAI DU),44.1276,4.0731,Nuit avec éclairage allumé,En agglomération,Intersection en T,Normale,Deux véhicules - côté,4,1,1,0,1,1,1,0,1,50,,2,1,0,0,1,29.0,62.0,,,5,2,3,1,3
202100011613,2021-10-22 11:50:00,2021,10,22,11,50,25,25056,OUEST BOULEVARD,47.212244,5.99029,Plein jour,Hors agglomération,Hors intersection,Normale,Deux véhicules - frontale,2,2,2,0,1,1,1,0,1,70,,2,1,1,0,0,36.0,25.0,,,1,1,1,1,1
202100011614,2021-10-23 02:17:00,2021,10,23,2,17,17,17300,N237,46.173402,-1.179345,Nuit sans éclairage public,Hors agglomération,Hors intersection,Normale,Autre collision,2,3,4,0,1,3,1,0,1,90,,1,0,0,0,1,47.0,,,,3,1,1,1,6
202100011615,2021-10-22 17:13:00,2021,10,22,17,13,17,17300,DAUPHINE  AVENUE DE LA PORTE,46.16728,-1.15039,Plein jour,En agglomération,Hors intersection,Normale,Sans collision,4,2,4,1,1,1,1,0,5,30,,1,0,0,0,1,29.0,,,,1,2,1,1,7
202100011616,2021-10-22 09:25:00,2021,10,22,9,25,17,17300,NORMANDIN   RUE EMILE,46.1421,-1.14026,Plein jour,En agglomération,Hors intersection,Normale,Deux véhicules - arrière,4,3,2,0,1,1,1,5,1,30,,2,1,0,0,1,68.0,50.0,,,1,2,1,1,2
202100011617,2021-10-22 21:30:00,2021,10,22,21,30,15,15014,Lascanaux,44.9287,2.425991,Nuit sans éclairage public,En agglomération,Hors intersection,Normale,Sans collision,3,3,0,0,2,1,1,9,3,90,,3,2,0,0,1,18.0,,,,3,2,1,1,7
202100011618,2021-10-22 21:45:00,2021,10,22,21,45,13,13211,CAMOINS ((RUE LES),43.2907,5.4384,Nuit avec éclairage allumé,En agglomération,Hors intersection,Normale,Deux véhicules - côté,7,2,2,0,1,1,1,0,1,50,,2,1,0,0,1,30.0,24.0,,,5,2,1,1,3
202100011619,2021-10-22 21:50:00,2021,10,22,21,50,13,13215,SAINT ANTOINE (AVENUE DE),43.37863,5.35689,Nuit avec éclairage allumé,En agglomération,Intersection en T,Normale,Deux véhicules - arrière,7,2,3,0,1,1,1,0,1,50,,2,1,0,0,1,22.0,32.0,,,5,2,3,1,2
202100011620,2021-10-22 17:00:00,2021,10,22,17,0,13,13209,SCHLOESING (BOULEVARD),43.27318,5.40079,Plein jour,En agglomération,Hors intersection,Normale,Sans collision,4,2,4,0,1,1,1,0,4,50,,1,0,0,0,1,28.0,,,,1,2,1,1,7
202100011621,2021-10-22 16:45:00,2021,10,22,16,45,13,13206,LIEUTAUD (COURS),43.29367,5.38239,Plein jour,En agglomération,Hors intersection,Normale,Deux véhicules - arrière,4,1,1,0,1,1,1,0,1,50,,2,1,0,0,1,30.0,,,,1,2,1,1,2
202100011622,2021-10-16 10:30:00,2021,10,16,10,30,13,13214,ANATOLE DE LA FORGE (BOULEVARD),43.3403169012,5.3870329371,Plein jour,En agglomération,Intersection en X,Normale,Trois véhicules et plus - collisions multiples,3,1,2,0,2,1,1,0,1,50,,4,3,0,0,1,47.0,52.0,,,1,2,2,1,5
202100011623,2021-10-21 15:10:00,2021,10,21,15,10,11,11069,Bretelle d'accés A61 - Carcassonne Ouest,43.20168,2.31369,Plein jour,En agglomération,Giratoire,Normale,Deux véhicules - arrière,1,-1,0,0,1,1,1,3,1,50,,3,1,0,0,2,24.0,38.0,,,1,2,6,1,2
202100011624,2021-10-22 13:27:00,2021,10,22,13,27,10,10325,DENIS PAPIN (RUE),48.2611,4.0481,Plein jour,En agglomération,Hors intersection,Normale,Deux véhicules - côté,4,2,2,0,1,1,1,0,1,50,,2,1,0,1,0,45.0,36.0,,,1,2,1,1,3
202100011625,2021-10-22 09:08:00,2021,10,22,9,8,10,10297,JEAN JAURES (RUE),48.3180479188,4.098278582,Plein jour,En agglomération,Hors intersection,Normale,Autre collision,3,2,2,0,1,1,1,0,1,50,,2,1,0,0,1,21.0,,,,1,2,1,1,6
202100011626,2021-10-22 07:48:00,2021,10,22,7,48,10,10387,AUXERRE (RUE),48.2786484035,4.0670335293,Nuit avec éclairage allumé,En agglomération,Hors intersection,Temps couvert,Autre collision,3,2,2,0,1,1,1,5,1,50,,2,1,0,0,1,66.0,,,,5,2,1,8,6
202100011627,2021-10-22 05:25:00,2021,10,22,5,25,10,10357,CELESTIN PHILBOIS (RUE),48.300417,4.108746,Nuit avec éclairage allumé,En agglomération,Giratoire,Temps couvert,Deux véhicules - côté,3,-1,2,0,1,1,2,5,1,50,,2,1,0,0,1,35.0,52.0,,,5,2,6,8,3
202100011628,2021-10-22 17:15:00,2021,10,22,17,15,06,06088,NOTRE-DAME (AV.),43.703946,7.267851,Plein jour,En agglomération,Intersection en X,Normale,Deux véhicules - côté,4,2,2,0,1,1,1,0,1,50,,2,1,0,1,0,57.0,22.0,,,1,2,2,1,3
202100011629,2021-10-22 10:23:00,2021,10,22,10,23,06,06027,ALPES AVENUE DES,43.660445,7.143681,Plein jour,En agglomération,Giratoire,Normale,Autre collision,7,3,4,1,1,3,1,6,1,50,,2,0,0,2,0,73.0,,,,1,2,6,1,6
202100011630,2021-10-21 12:30:00,2021,10,21,12,30,75,75112,PORTE DE CHARENTON,48.830276,2.402037,Plein jour,En agglomération,Hors intersection,Temps couvert,Deux véhicules - arrière,4,1,4,0,1,1,1,0,1,70,,2,1,0,0,1,69.0,29.0,,,1,2,1,8,2
202100011631,2021-10-20 13:35:00,2021,10,20,13,35,75,75114,PORTE DE VANVES,48.824936,2.303477,Plein jour,En agglomération,Hors intersection,Normale,Deux véhicules - arrière,4,1,3,0,1,1,1,1,1,70,,2,1,0,0,1,37.0,38.0,,,1,2,1,1,2
202100011632,2021-10-20 08:30:00,2021,10,20,8,30,75,75116,PORTE DAUPHINE,48.870597,2.272352,Plein jour,En agglomération,Hors intersection,Pluie légère,Sans collision,4,1,4,0,1,1,2,0,1,70,,1,0,0,0,1,20.0,,,,1,2,1,2,7
202100011633,2021-10-21 18:15:00,2021,10,21,18,15,75,75120,PLACE DE LA PORTE DE MONTREUIL,48.853947,2.41303,Plein jour,En agglomération,Place,Normale,Sans collision,4,1,3,1,2,2,2,0,1,30,,1,0,0,0,1,54.0,,,,1,2,7,1,7
202100011634,2021-10-22 20:00:00,2021,10,22,20,0,75,75119,BOULEVARD SERURIER,48.88949,2.395792,Nuit avec éclairage allumé,En agglomération,Intersection en X,Normale,Deux véhicules - côté,4,1,3,0,1,3,2,0,1,50,,2,1,0,0,1,25.0,20.0,,,5,2,2,1,3
202100011635,2021-10-22 14:45:00,2021,10,22,14,45,75,75119,AVENUE SECRETAN,48.880141,2.375682,Plein jour,En agglomération,Intersection à plus de 4 branches,Normale,Deux véhicules - côté,4,1,1,0,2,1,1,0,1,30,,2,1,0,0,1,28.0,35.0,,,1,2,5,1,3
202100011636,2021-10-22 21:00:00,2021,10,22,21,0,75,75118,BOULEVARD DE LA CHAPELLE,48.88434,2.356139,Nuit avec éclairage allumé,En agglomération,Intersection en Y,Normale,Deux véhicules - arrière,4,1,2,0,1,1,1,0,1,30,,2,1,0,0,1,64.0,53.0,,,5,2,4,1,2
202100011637,2021-10-22 11:25:00,2021,10,22,11,25,75,75116,AVENUE INGRES,48.857343,2.264668,Plein jour,En agglomération,Intersection en X,Normale,Deux véhicules - côté,4,2,3,0,1,1,1,0,1,30,,2,1,0,0,1,52.0,38.0,,,1,2,2,1,3
202100011638,2021-10-22 08:25:00,2021,10,22,8,25,75,75116,ROUTE D AUTEUIL AUX LACS,48.85042,2.25292,Plein jour,En agglomération,Hors intersection,Temps couvert,Autre collision,4,2,2,0,2,1,1,0,1,30,,1,0,0,0,1,25.0,,,,1,2,1,8,6
202100011639,2021-10-21 13:40:00,2021,10,21,13,40,75,75116,AVENUE DU PRESIDENT WILSON,48.864787,2.295959,Plein jour,En agglomération,Hors intersection,Pluie forte,Deux véhicules - côté,4,1,3,3,2,1,2,0,1,30,,2,1,0,0,1,40.0,72.0,,,1,2,1,3,3
202100011640,2021-10-22 16:00:00,2021,10,22,16,0,75,75115,RUE DES VOLONTAIRES,48.843063,2.306853,Plein jour,En agglomération,Intersection en X,Normale,Sans collision,4,1,1,0,1,1,1,0,1,30,,2,1,0,0,1,14.0,,,,1,2,2,1,7
202100011641,2021-10-22 08:00:00,2021,10,22,8,0,75,75114,AVENUE DENFERT ROCHEREAU,48.834526,2.332655,Plein jour,En agglomération,Place,Normale,Deux véhicules - côté,4,2,2,2,1,1,1,6,5,30,,2,1,0,0,1,16.0,28.0,,,1,2,7,1,3
202100011642,2021-10-22 14:10:00,2021,10,22,14,10,75,75113,RUE DE PATAY,48.825578,2.374615,Plein jour,En agglomération,Intersection en X,Normale,Autre collision,4,2,2,3,2,1,1,0,1,30,,2,1,0,0,1,49.0,,,,1,2,2,1,6
202100011643,2021-10-21 09:05:00,2021,10,21,9,5,75,75113,BOULEVARD ARAGO,48.834815,2.341596,Plein jour,En agglomération,Intersection en X,Normale,Autre collision,4,2,2,2,1,1,1,0,1,30,,2,1,0,0,1,58.0,,,,1,2,2,1,6
202100011644,2021-10-21 23:50:00,2021,10,21,23,50,75,75108,AVENUE HOCHE,48.875199,2.298551,Nuit avec éclairage allumé,En agglomération,Intersection en X,Normale,Deux véhicules - côté,4,2,2,0,1,1,1,0,1,50,,2,1,0,0,1,22.0,31.0,,,5,2,2,1,3
202100011645,2021-10-22 09:07:00,2021,10,22,9,7,75,75114,BOULEVARD DU MONTPARNASSE,48.841956,2.329593,Plein jour,En agglomération,Intersection en X,Normale,Autre collision,4,1,1,3,1,1,1,0,1,30,,1,0,0,0,1,25.0,,,,1,2,2,1,6
202100011646,2021-10-22 01:00:00,2021,10,22,1,0,75,75101,AVENUE DE L OPERA,48.867308,2.333708,Nuit avec éclairage allumé,En agglomération,Intersection en Y,Normale,Deux véhicules - arrière,4,2,4,3,1,1,1,0,1,30,,2,1,0,0,1,37.0,57.0,,,5,2,4,1,2
202100011647,2021-10-22 21:10:00,2021,10,22,21,10,94,94074,Avenue Henri Barbusse,48.76381,2.44195,Nuit avec éclairage allumé,En agglomération,Hors intersection,Normale,Deux véhicules - arrière,2,2,5,0,1,1,1,0,1,50,,2,1,0,0,1,28.0,29.0,,,5,2,1,1,2
202100011648,2021-10-22 08:30:00,2021,10,22,8,30,94,94042,PIERRE MENDES FRANCE (AV),48.81223,2.459,Crépuscule ou aube,En agglomération,Hors intersection,Normale,Deux véhicules - côté,3,2,4,1,1,1,1,0,8,30,,2,1,0,1,0,43.0,51.0,,,2,2,1,1,3
202100011649,2021-10-22 09:30:00,2021,10,22,9,30,94,94043,Avenue de Fontainebleau,48.80898,2.36258,Plein jour,En agglomération,Hors intersection,Normale,Deux véhicules - côté,3,2,2,0,1,1,1,0,1,50,,2,1,0,0,1,43.0,50.0,,,1,2,1,1,3
202100011650,2021-10-21 23:09:00,2021,10,21,23,9,94,94076,Av du President Salvador Allende,48.79687,2.35021,Nuit avec éclairage allumé,En agglomération,Hors intersection,Normale,Deux véhicules - côté,3,2,2,0,2,1,1,0,1,50,,2,1,0,0,1,32.0,19.0,,,5,2,1,1,3
202100011651,2021-10-22 08:50:00,2021,10,22,8,50,94,94038,Rue de la Cosarde,48.77793,2.33329,Plein jour,En agglomération,Hors intersection,Normale,Autre collision,4,1,1,0,2,1,1,0,1,30,,2,1,0,0,1,34.0,,,,1,2,1,1,6
202100011652,2021-10-22 18:35:00,2021,10,22,18,35,94,94028,Route de Choisy,48.77523,2.44012,Nuit avec éclairage allumé,En agglomération,Autre intersection,Normale,Trois véhicules et plus - en chaîne,3,1,1,0,2,1,1,0,1,50,,3,2,0,0,1,33.0,55.0,,,5,2,9,1,4
202100011653,2021-10-08 13:30:00,2021,10,8,13,30,94,94011,Avenue de Choisy,48.77122,2.47744,Plein jour,En agglomération,Autre intersection,Normale,Deux véhicules - côté,3,-1,1,0,1,1,1,9,8,50,,2,1,0,0,1,76.0,,,,1,2,9,1,3
202100011654,2021-10-22 09:25:00,2021,10,22,9,25,94,94028,VERDUN.(AVENUE DE),48.79609,2.46346,Plein jour,En agglomération,Hors intersection,Normale,Autre collision,3,2,2,0,1,1,1,0,1,50,,2,1,0,0,1,23.0,,,,1,2,1,1,6
202100011655,2021-10-22 08:55:00,2021,10,22,8,55,94,94028,PARIS.(RUE DE),48.79524,2.45908,Plein jour,En agglomération,Hors intersection,Normale,Deux véhicules - arrière,3,2,4,0,1,1,1,0,1,50,,2,1,0,0,1,36.0,29.0,,,1,2,1,1,2
202100011656,2021-10-22 11:14:00,2021,10,22,11,14,94,94001,MARECHAL FOCH (R),48.72446,2.41883,Plein jour,En agglomération,Hors intersection,Normale,Deux véhicules - frontale,3,-1,2,0,2,1,1,0,1,30,,2,1,0,0,1,25.0,,,,1,2,1,1,1
202100011657,2021-10-22 09:00:00,2021,10,22,9,0,94,94077,PAUL DOUMER (AV),48.736186,2.4241032,Plein jour,En agglomération,Hors intersection,Normale,Autre collision,4,-1,2,0,1,1,1,0,1,30,,2,1,0,0,1,83.0,,,,1,2,1,1,6
202100011658,2021-10-22 19:30:00,2021,10,22,19,30,94,94059,Avenue André Rouy,48.81934,2.55795,Nuit avec éclairage allumé,En agglomération,Intersection en T,Normale,Deux véhicules - côté,3,2,2,0,1,1,1,0,1,50,,2,1,0,0,1,40.0,81.0,,,5,2,3,1,3
202100011659,2021-10-20 21:00:00,2021,10,20,21,0,94,94060,Rue du Général de Gaulle,48.780936,2.573074,Nuit sans éclairage public,En agglomération,Hors intersection,Normale,Deux véhicules - arrière,3,3,2,0,1,1,1,8,1,30,,2,1,0,0,1,50.0,45.0,,,3,2,1,1,2
202100011660,2021-10-22 08:30:00,2021,10,22,8,30,94,94017,ALBERT THOMAS (R),48.8145,2.5117,Plein jour,En agglomération,Hors intersection,Normale,Deux véhicules - côté,3,1,1,0,2,1,1,0,1,50,,2,1,0,0,1,22.0,47.0,,,1,2,1,1,3
202100011661,2021-10-21 07:45:00,2021,10,21,7,45,94,94017,Rue Jean Jaurès,48.81523,2.5072,Nuit avec éclairage allumé,En agglomération,Hors intersection,Vent fort / tempête,Deux véhicules - côté,3,2,2,1,1,1,1,0,1,50,,2,1,0,0,1,78.0,49.0,,,5,2,1,6,3
202100011662,2021-10-22 12:45:00,2021,10,22,12,45,94,94002,CARNOT (BD),48.79572,2.42515,Plein jour,En agglomération,Intersection en X,Normale,Trois véhicules et plus - collisions multiples,4,2,2,0,1,1,1,0,1,50,,3,2,0,0,1,42.0,45.0,,,1,2,2,1,5
202100011663,2021-10-22 08:00:00,2021,10,22,8,0,94,94002,Quai de la Révolution,48.77906,2.4176,Crépuscule ou aube,En agglomération,Hors intersection,Normale,Deux véhicules - côté,3,2,1,1,1,1,1,0,5,50,,2,0,0,0,2,29.0,60.0,,,2,2,1,1,3
202100011664,2021-10-21 21:40:00,2021,10,21,21,40,77,77294,CHAPIT RE ( RUE DU),48.99122,2.59973,Nuit sans éclairage public,Hors agglomération,Autre intersection,Normale,Deux véhicules - côté,3,4,3,0,1,1,2,5,1,70,,2,1,0,0,1,32.0,24.0,,,3,1,9,1,3
202100011665,2021-10-22 10:00:00,2021,10,22,10,0,93,93005,AUGUSTE RENOIR (RUE),48.9570177685,2.4936271327,Plein jour,En agglomération,Hors intersection,Normale,Trois véhicules et plus - collisions multiples,4,2,2,0,1,1,1,0,1,50,,5,3,0,0,2,24.0,54.0,,,1,2,1,1,5
202100011666,2021-10-22 14:14:00,2021,10,22,14,14,93,93066,CROIZAT AMBROISE RD 29 BIS,48.929552,2.351074,Plein jour,En agglomération,Hors intersection,Normale,Deux véhicules - côté,3,-1,1,0,1,1,1,0,1,50,,2,1,0,0,1,23.0,20.0,,,1,2,1,1,3
202100011667,2021-10-19 08:15:00,2021,10,19,8,15,93,93066,COLONEL FABIEN (AVENUE),48.9448213773,2.3535231297,Plein jour,En agglomération,Intersection en T,Pluie légère,Deux véhicules - côté,3,1,4,3,1,1,2,5,1,50,,2,1,0,0,1,45.0,16.0,,,1,2,3,2,3
202100011668,2021-10-22 06:00:00,2021,10,22,6,0,93,93050,GENERAL DE GAULLE (AVENUE),48.858275972,2.5344776362,Nuit avec éclairage allumé,En agglomération,Intersection en X,Normale,Deux véhicules - côté,3,2,4,0,1,1,1,0,1,50,,2,1,0,0,1,53.0,48.0,,,5,2,2,1,3
202100011669,2021-10-22 08:25:00,2021,10,22,8,25,93,93046,SULLY AVENUE,48.9179,2.52709,Plein jour,En agglomération,Intersection en T,Normale,Deux véhicules - côté,4,1,1,1,1,1,1,0,1,50,,2,1,0,0,1,33.0,44.0,,,1,2,3,1,3
202100011670,2021-10-22 07:28:00,2021,10,22,7,28,93,93006,PASTEUR AV.,48.876,2.419,Nuit avec éclairage allumé,En agglomération,Hors intersection,Normale,Autre collision,3,2,2,0,1,1,1,6,8,30,,2,1,0,0,1,49.0,,,,5,2,1,1,6
202100011671,2021-10-21 23:30:00,2021,10,21,23,30,93,93029,MARCEAU (AVENUE) N° 29-FIN,48.9289117254,2.434694767,Nuit avec éclairage allumé,En agglomération,Intersection en T,Temps couvert,Deux véhicules - arrière,3,2,2,0,1,1,2,0,1,50,,2,1,0,0,1,40.0,32.0,,,5,2,3,8,2
202100011672,2021-10-22 19:37:00,2021,10,22,19,37,93,93010,PONT (CHEM. DU),48.9071717561,2.4888619309,Nuit avec éclairage allumé,En agglomération,Intersection en X,Temps couvert,Autre collision,3,2,4,-1,1,1,1,0,1,50,,2,1,0,1,0,25.0,,,,5,2,2,8,6
202100011673,2021-10-22 16:50:00,2021,10,22,16,50,93,93008,Av du President Salvador Allende,48.904591,2.444457,Plein jour,En agglomération,Hors intersection,Normale,Deux véhicules - arrière,3,3,2,2,1,1,1,0,1,50,,4,2,0,2,0,22.0,17.0,,,1,2,1,1,2
202100011674,2021-10-21 22:35:00,2021,10,21,22,35,93,93007,GAMBETTA (AVENUE),48.9358942391,2.4789458513,Nuit avec éclairage allumé,En agglomération,Hors intersection,Normale,Autre collision,4,2,1,0,1,1,1,0,1,50,,2,1,0,0,1,46.0,,,,5,2,1,1,6
202100011675,2021-10-21 21:30:00,2021,10,21,21,30,93,93001,JEAN JAURES  (AVE)  157 A 213,48.91134,2.40032,Nuit avec éclairage allumé,En agglomération,Autre intersection,Normale,Deux véhicules - frontale,3,2,2,0,1,1,2,5,1,50,,2,1,0,0,1,53.0,69.0,,,5,2,9,1,1
202100011676,2021-10-22 08:55:00,2021,10,22,8,55,92,92078,GEORGES POMPIDOU (AVENUE),48.9413101466,2.3267760873,Plein jour,En agglomération,Hors intersection,Normale,Sans collision,4,2,2,0,1,1,2,0,1,50,,1,0,0,0,1,21.0,,,,1,2,1,1,7
202100011677,2021-10-22 10:14:00,2021,10,22,10,14,92,92073,SELLIER (BOULEVARD HENRI),48.864483,2.218907,Plein jour,En agglomération,Hors intersection,Normale,Autre collision,3,2,2,0,1,1,1,6,1,50,,2,1,0,0,1,28.0,,,,1,2,1,1,6
202100011678,2021-10-21 10:35:00,2021,10,21,10,35,92,92051,"HOTEL DE VILLE (RUE DE L', N° 1 A 19)",48.8838295876,2.2685533762,Plein jour,En agglomération,Autre intersection,Normale,Deux véhicules - côté,4,2,2,0,1,1,1,0,1,30,,2,1,0,0,1,38.0,30.0,,,1,2,9,1,3
202100011679,2021-09-17 02:25:00,2021,9,17,2,25,92,92040,PDT ROOSEVELT (QUAI DU),48.83131,2.26202,Nuit avec éclairage allumé,En agglomération,Hors intersection,Normale,Sans collision,4,1,2,0,1,1,1,0,1,50,,2,1,0,0,1,25.0,,,,5,2,1,1,7
202100011680,2021-10-22 15:50:00,2021,10,22,15,50,92,92025,PAUL BERT (RUE),48.928671,2.246628,Plein jour,En agglomération,Intersection en T,Normale,Autre collision,3,3,4,1,1,1,1,0,2,50,,3,2,0,0,1,22.0,51.0,,,1,2,3,1,6
202100011681,2021-10-22 17:40:00,2021,10,22,17,40,92,92024,VILLENEUVE (RUE) DE (1 A 45)   (2 A 44),48.9032674396,2.3052620888,Plein jour,En agglomération,Hors intersection,Temps couvert,Autre collision,4,1,1,1,1,1,1,0,1,30,,2,1,0,0,1,16.0,,,,1,2,1,8,6
202100011682,2021-10-22 17:40:00,2021,10,22,17,40,92,92012,VICTOR GRIFFUELHES (RUE) - COTE IMPAIR,48.8313093574,2.2423078954,Plein jour,En agglomération,Hors intersection,Normale,Autre collision,4,2,2,0,1,1,1,0,1,50,,2,1,0,0,1,34.0,,,,1,2,1,1,6
202100011683,2021-10-22 17:50:00,2021,10,22,17,50,37,37077,Chanderry,47.3670243212,0.417617932,Plein jour,Hors agglomération,Intersection en Y,Normale,Deux véhicules - côté,3,2,1,0,1,1,1,0,1,80,,2,1,0,1,0,46.0,36.0,,,1,1,4,1,3
202100011684,2021-10-22 23:00:00,2021,10,22,23,0,06,06044,409 Route du Pont de Pierre,43.684347,7.094289,Nuit avec éclairage allumé,En agglomération,Hors intersection,Normale,Deux véhicules - frontale,3,2,2,0,2,2,1,0,1,50,,4,3,0,0,1,26.0,28.0,,,5,2,1,1,1
202100011685,2021-10-23 05:20:00,2021,10,23,5,20,71,71105,a6 pk 387+600 sens lyon/paris,46.316999,4.798172,Nuit sans éclairage public,Hors agglomération,Hors intersection,Normale,Trois véhicules et plus - collisions multiples,1,3,5,0,1,1,1,0,1,130,,6,3,0,2,1,40.0,60.0,,,3,1,1,1,5
202100011686,2021-10-23 02:15:00,2021,10,23,2,15,63,63090,Route du Château,46.03,3.184855,Nuit sans éclairage public,En agglomération,Hors intersection,Normale,Autre collision,3,2,2,0,1,2,1,0,3,50,,2,1,0,1,0,18.0,,,,3,2,1,1,6
202100011687,2021-10-23 04:05:00,2021,10,23,4,5,71,71204,A6,46.850888,4.827719,Nuit sans éclairage public,Hors agglomération,Hors intersection,Normale,Autre collision,1,3,5,0,1,1,1,0,2,130,,2,1,0,1,0,33.0,,,,3,1,1,1,6