accident_id,datetime,annee,mois,jour,heure,minute,departement,commune_insee,adresse,latitude,longitude,luminosite,agglomeration,intersection,meteo,collision,catr,circ,nbv,vosp,prof,plan,surf,infra,situ,vma,nb_vehicules,nb_usagers,nb_indemnes,nb_tues,nb_blesses_hosp,nb_blesses_legers,age_cond_1,age_cond_2,veh_type_cond_1,veh_type_cond_2,lum_code,agg_code,int_code,atm_code,col_code
202100011688,2021-10-23 17:15:00,2021,10,23,17,15,83,83100,D97,43.28666,6.139957,Plein jour,Hors agglomération,Intersection en X,Normale,Deux véhicules - côté,3,2,1,0,1,1,1,5,1,80,,2,1,0,1,0,49.0,64.0,,,1,1,2,1,3
202100011689,2021-10-21 07:55:00,2021,10,21,7,55,30,30060,RD 42,43.790058,4.387177,Crépuscule ou aube,En agglomération,Giratoire,Normale,Autre collision,3,2,1,0,1,3,1,0,1,50,,2,1,0,0,1,29.0,,,,2,2,6,1,6
202100011690,2021-10-23 07:30:00,2021,10,23,7,30,62,62353,D930,50.111094,2.891625,Crépuscule ou aube,Hors agglomération,Hors intersection,Normale,Deux véhicules - frontale,3,2,2,0,1,1,1,0,1,80,,2,0,0,2,0,26.0,41.0,,,2,1,1,1,1
202100011691,2021-10-23 16:20:00,2021,10,23,16,20,74,74183,D907,46.129583,6.507318,Plein jour,Hors agglomération,Hors intersection,Normale,Sans collision,3,2,2,0,3,3,1,0,3,80,,1,0,0,1,0,55.0,,,,1,1,1,1,7
202100011692,2021-10-23 00:40:00,2021,10,23,0,40,74,74311,1403 Avenue de Savoie,46.150966,6.41093,Nuit avec éclairage allumé,En agglomération,Hors intersection,Normale,Autre collision,3,2,2,0,1,3,1,0,4,50,,1,0,0,1,0,29.0,,,,5,2,1,1,6
202100011693,2021-10-22 15:45:00,2021,10,22,15,45,2A,2A139,D668,41.655599,9.320719,Plein jour,En agglomération,Hors intersection,Normale,Sans collision,3,2,2,0,1,2,1,0,3,80,,1,0,0,1,0,68.0,,,,1,2,1,1,7
202100011694,2021-10-23 14:45:00,2021,10,23,14,45,82,82064,D77,43.808422,1.032838,Plein jour,Hors agglomération,Hors intersection,Normale,Deux véhicules - côté,3,2,2,0,1,1,1,0,1,80,,2,1,0,1,0,24.0,18.0,,,1,1,1,1,3
202100011695,2021-10-21 13:30:00,2021,10,21,13,30,32,32290,route départementale D113,43.949165,0.214298,Plein jour,Hors agglomération,Hors intersection,Temps couvert,Sans collision,3,2,2,0,1,2,2,0,1,80,,1,0,0,1,0,59.0,,,,1,1,1,8,7
202100011696,2021-10-22 23:50:00,2021,10,22,23,50,89,89133,Hameau d Arblay,47.978311,3.142209,Nuit sans éclairage public,Hors agglomération,Hors intersection,Normale,Sans collision,3,2,2,0,1,2,1,0,3,80,,1,0,0,1,0,43.0,,,,3,1,1,1,7
202100011697,2021-10-22 18:45:00,2021,10,22,18,45,12,12185,D911,44.273668,2.727227,Plein jour,Hors agglomération,Hors intersection,Normale,Deux véhicules - frontale,3,2,3,0,2,2,1,0,1,90,,3,1,1,1,0,89.0,32.0,,,1,1,1,1,1
202100011698,2021-10-23 17:30:00,2021,10,23,17,30,42,42177,Rue de la République,46.142721,4.108192,Plein jour,En agglomération,Hors intersection,Temps éblouissant,Autre collision,3,2,2,0,1,1,1,9,8,50,,2,1,0,0,1,62.0,,,,1,2,1,7,6
202100011699,2021-10-21 21:10:00,2021,10,21,21,10,41,41059,route de Seur,47.496778,1.336491,Nuit sans éclairage public,Hors agglomération,Hors intersection,Normale,Autre collision,4,2,2,0,1,1,1,0,1,90,,1,0,1,0,0,50.0,,,,3,1,1,1,6
202100011700,2021-10-22 16:15:00,2021,10,22,16,15,39,39211,,46.909303,5.419344,Plein jour,Hors agglomération,Hors intersection,Normale,Deux véhicules - côté,3,2,2,0,2,1,1,0,1,80,,3,2,0,1,0,52.0,20.0,,,1,1,1,1,3
202100011701,2021-10-23 03:19:00,2021,10,23,3,19,44,44154,Avenue du Maréchal Foch,47.239669,-2.169057,Nuit avec éclairage allumé,En agglomération,Giratoire,Normale,Autre collision,4,2,2,0,1,1,1,0,1,30,,4,0,0,3,1,18.0,,,,5,2,6,1,6
202100011702,2021-10-22 07:30:00,2021,10,22,7,30,44,44061,RD 723 lieu dit la jutière,47.23041,-1.932542,Nuit sans éclairage public,Hors agglomération,Hors intersection,Normale,Deux véhicules - frontale,3,2,2,0,1,1,1,0,1,80,,2,0,0,0,2,49.0,29.0,,,3,1,1,1,1
202100011703,2021-10-11 14:30:00,2021,10,11,14,30,01,01138,590 rue du Rhône,45.84345,5.788636,Plein jour,En agglomération,Hors intersection,Normale,Autre collision,3,2,1,0,1,1,1,0,3,30,,1,0,0,1,0,32.0,,,,1,2,1,1,6
202100011704,2021-10-22 13:35:00,2021,10,22,13,35,06,06162,D43,44.077038,7.641656,Plein jour,Hors agglomération,Hors intersection,Normale,Deux véhicules - frontale,3,2,2,0,1,2,1,0,1,80,,2,1,0,1,0,49.0,53.0,,,1,1,1,1,1
202100011705,2021-10-23 09:15:00,2021,10,23,9,15,06,06038,Route de Gourdon,43.683511,6.973223,Plein jour,Hors agglomération,Hors intersection,Normale,Deux véhicules - côté,3,2,2,0,2,4,1,0,1,50,,2,1,0,1,0,29.0,46.0,,,1,1,1,1,3
202100011706,2021-10-22 15:00:00,2021,10,22,15,0,06,06112,60 Route de Nice,43.674381,7.008921,Plein jour,En agglomération,Intersection en T,Normale,Deux véhicules - côté,3,2,2,0,1,1,1,0,1,50,,2,1,0,1,0,85.0,49.0,,,1,2,3,1,3
202100011707,2021-10-22 21:00:00,2021,10,22,21,0,14,14191,Route de Caen,49.320283,-0.453765,Nuit sans éclairage public,Hors agglomération,Hors intersection,Normale,Deux véhicules - côté,3,2,2,0,1,1,1,0,1,80,,2,1,0,1,0,20.0,26.0,,,3,1,1,1,3
202100011708,2021-10-22 16:00:00,2021,10,22,16,0,14,14342,Rupalley (isigny) (Isigny-sur-Mer),49.30288,-1.112452,Plein jour,Hors agglomération,Intersection en X,Normale,Deux véhicules - côté,3,2,1,0,1,3,1,0,1,90,,3,1,0,1,1,88.0,47.0,,,1,1,2,1,3
202100011709,2021-10-23 12:15:00,2021,10,23,12,15,07,07327,Route d Ales d104,44.520231,4.3324187,Plein jour,Hors agglomération,Hors intersection,Normale,Trois véhicules et plus - en chaîne,3,2,2,0,2,3,1,0,1,70,,3,0,0,0,3,35.0,46.0,,,1,1,1,1,4
202100011710,2021-10-23 14:40:00,2021,10,23,14,40,53,53002,La Pommeraie,48.23595,-0.751877,Plein jour,Hors agglomération,Hors intersection,Normale,Sans collision,3,2,2,0,1,3,1,0,3,80,,1,0,0,1,0,41.0,,,,1,1,1,1,7
202100011711,2021-10-17 17:40:00,2021,10,17,17,40,24,24326,pk 23+ 900 rd 706,44.987834,1.061879,Plein jour,Hors agglomération,Intersection en T,Normale,Deux véhicules - frontale,3,2,2,0,2,2,1,0,1,80,,2,0,0,1,1,78.0,83.0,,,1,1,3,1,1
202100011712,2021-10-20 08:45:00,2021,10,20,8,45,24,24064,Avenue des Martyrs,45.367652,0.648848,Crépuscule ou aube,En agglomération,Intersection en T,Normale,Deux véhicules - frontale,3,3,2,0,1,1,1,0,1,50,,2,1,0,1,0,93.0,69.0,,,2,2,3,1,1
202100011713,2021-10-23 18:45:00,2021,10,23,18,45,24,24115,D939,45.271353,0.672097,Nuit sans éclairage public,Hors agglomération,Hors intersection,Normale,Autre collision,3,3,2,0,2,2,1,9,3,90,,1,0,0,1,0,24.0,,,,3,1,1,1,6
202100011714,2021-10-17 22:55:00,2021,10,17,22,55,37,37050,porte de st avertin,47.3324801243,0.74659552,Nuit sans éclairage public,Hors agglomération,Giratoire,Normale,Autre collision,7,3,4,0,1,3,1,0,4,90,,4,3,0,1,0,29.0,,,,3,1,6,1,6
202100011715,2021-10-22 18:20:00,2021,10,22,18,20,30,30161,D6110,44.024684,4.111547,Crépuscule ou aube,Hors agglomération,Intersection en T,Normale,Trois véhicules et plus - collisions multiples,3,2,2,0,1,3,1,0,1,80,,4,3,0,0,1,48.0,19.0,,,2,1,3,1,5
202100011716,2021-10-23 17:30:00,2021,10,23,17,30,48,48072,D808,44.504249,3.340402,Plein jour,Hors agglomération,Hors intersection,Normale,Sans collision,3,2,2,0,2,1,1,0,3,90,,1,0,0,1,0,59.0,,,,1,1,1,1,7
202100011717,2021-10-23 04:25:00,2021,10,23,4,25,52,52021,14 grande rue,48.525285,4.929506,Nuit avec éclairage non allumé,En agglomération,Intersection en T,Normale,Deux véhicules - côté,3,2,2,0,4,1,1,0,1,50,,3,2,0,1,0,29.0,74.0,,,4,2,3,1,3
202100011718,2021-10-21 10:10:00,2021,10,21,10,10,987,98715,"RT1 PK 6, face garage MIKLUS",-17.584522,-149.568578,Plein jour,En agglomération,Hors intersection,Normale,Deux véhicules - arrière,3,2,2,0,1,1,1,0,1,50,,4,3,0,1,0,25.0,45.0,,,1,2,1,1,2
202100011719,2021-10-22 19:30:00,2021,10,22,19,30,973,97304,RN1-PK 55+800,5.121037,-52.741241,Nuit sans éclairage public,Hors agglomération,Hors intersection,Normale,Deux véhicules - frontale,2,2,2,0,1,1,1,0,1,90,,9,0,2,0,7,66.0,47.0,,,3,1,1,1,1
202100011720,2021-10-23 12:05:00,2021,10,23,12,5,971,97116,Boulevard Nelson Mandela,16.334781,-61.46003,Plein jour,En agglomération,Hors intersection,Normale,Deux véhicules - côté,2,3,2,0,1,1,1,9,1,50,,5,4,0,1,0,46.0,25.0,,,1,2,1,1,3
202100011721,2021-10-19 18:50:00,2021,10,19,18,50,971,97128,Maudette,16.225708,-61.409669,Nuit avec éclairage allumé,En agglomération,Hors intersection,Normale,Deux véhicules - frontale,4,2,2,0,4,3,1,0,1,70,,3,2,0,1,0,29.0,19.0,,,5,2,1,1,1
202100011722,2021-10-22 21:30:00,2021,10,22,21,30,28,28001,D928,48.806044,1.406829,Nuit sans éclairage public,Hors agglomération,Giratoire,Normale,Deux véhicules - frontale,3,2,2,0,1,1,1,5,8,70,,1,0,0,1,0,23.0,,,,3,1,6,1,1
202100011723,2021-08-21 00:25:00,2021,8,21,0,25,45,45335,D14-PR 21 + 280,47.805027,2.109461,Nuit sans éclairage public,Hors agglomération,Hors intersection,Normale,Autre collision,3,2,2,0,1,1,1,0,3,70,,3,0,0,1,2,15.0,,,,3,1,1,1,6
202100011724,2021-10-22 11:20:00,2021,10,22,11,20,66,66037,Avenue des Floralies,42.695006,3.028831,Plein jour,En agglomération,Intersection en T,Normale,Autre collision,4,2,2,0,1,1,1,0,6,50,,2,1,0,1,0,86.0,,,,1,2,3,1,6
202100011725,2021-10-22 20:30:00,2021,10,22,20,30,21,21173,D 974 ROUTE DE dijon,47.0632753132,4.8664610027,Nuit avec éclairage allumé,Hors agglomération,Hors intersection,Normale,Autre collision,3,3,2,0,1,1,1,9,8,90,,1,0,0,1,0,61.0,,,,5,1,1,1,6
202100011726,2021-10-22 19:20:00,2021,10,22,19,20,88,88367,Rue Carnot,48.34406,6.635088,Nuit avec éclairage allumé,En agglomération,Intersection en T,Normale,Deux véhicules - frontale,3,2,2,0,1,1,1,0,1,50,,2,1,0,0,1,56.0,16.0,,,5,2,3,1,1
202100011727,2021-10-23 17:00:00,2021,10,23,17,0,55,55069,D75,48.84383,4.990776,Plein jour,Hors agglomération,Hors intersection,Temps éblouissant,Deux véhicules - côté,3,2,2,0,1,3,1,0,3,80,,2,1,0,0,1,45.0,42.0,,,1,1,1,7,3
202100011728,2021-10-23 03:15:00,2021,10,23,3,15,03,03298,53 Rue Jean Jaurès,46.311312,3.406078,Nuit avec éclairage allumé,En agglomération,Hors intersection,Normale,Autre collision,2,2,2,0,2,3,1,0,4,50,,2,1,0,1,0,26.0,,,,5,2,1,1,6
202100011729,2021-10-22 10:00:00,2021,10,22,10,0,69,69243,VOLTAIRE (BD),45.893906,4.435832,Plein jour,En agglomération,Hors intersection,Normale,Autre collision,2,1,2,0,1,1,1,0,1,50,,2,1,0,1,0,61.0,,,,1,2,1,1,6
202100011730,2021-10-20 17:30:00,2021,10,20,17,30,69,69272,Route Nationale 7,45.592352,4.857695,Plein jour,Hors agglomération,Hors intersection,Vent fort / tempête,Deux véhicules - frontale,2,2,2,0,1,1,1,0,1,80,,2,0,0,0,2,32.0,37.0,,,1,1,1,6,1
202100011731,2021-10-22 20:20:00,2021,10,22,20,20,35,35257,Rue Joseph Tronchot,48.41052,-1.365834,Nuit avec éclairage allumé,En agglomération,Giratoire,Normale,Deux véhicules - arrière,3,2,2,0,1,1,2,0,1,30,,2,1,0,1,0,16.0,18.0,,,5,2,6,1,2
202100011732,2021-09-25 04:45:00,2021,9,25,4,45,38,38544,A7   25.770 A 27.460,45.5439548581,4.8425352573,Nuit sans éclairage public,Hors agglomération,Hors intersection,Normale,Autre collision,1,3,3,0,2,3,1,0,2,110,,2,1,0,1,0,18.0,,,,3,1,1,1,6
202100011733,2021-10-22 08:00:00,2021,10,22,8,0,33,33550,AUTOROUTE A 62,44.76278,-0.54763,Crépuscule ou aube,Hors agglomération,Hors intersection,Autre,Deux véhicules - côté,1,3,4,0,1,1,1,0,1,110,,3,2,0,0,1,37.0,53.0,,,2,1,1,9,3
202100011734,2021-10-22 07:30:00,2021,10,22,7,30,33,33487,AUTOROUTE A 10,44.940495,-0.46643,Plein jour,Hors agglomération,Hors intersection,Normale,Trois véhicules et plus - collisions multiples,1,3,6,0,1,1,1,0,1,130,,3,2,0,0,1,23.0,38.0,,,1,1,1,1,5
202100011735,2021-09-29 20:15:00,2021,9,29,20,15,33,33249,ROCADE A 630,44.87929,-0.5337,Crépuscule ou aube,Hors agglomération,Hors intersection,Normale,Trois véhicules et plus - en chaîne,1,3,6,0,2,1,1,0,1,70,,3,2,0,0,1,21.0,21.0,,,2,1,1,1,4
202100011736,2021-10-20 10:20:00,2021,10,20,10,20,59,59082,ROUTE NATIONALE 225,50.9707367371,2.3949309319,Plein jour,Hors agglomération,Hors intersection,Pluie légère,Trois véhicules et plus - en chaîne,2,-1,4,0,1,1,2,0,1,90,,4,2,0,1,1,58.0,26.0,,,1,1,1,2,4
202100011737,2021-10-04 11:50:00,2021,10,4,11,50,59,59588,AUTOROUTE A16,51.0262356046,2.4222484823,Plein jour,Hors agglomération,Hors intersection,Normale,Deux véhicules - arrière,1,-1,4,0,1,1,1,0,1,130,,2,1,1,0,0,75.0,41.0,,,1,1,1,1,2
202100011738,2021-10-22 13:35:00,2021,10,22,13,35,91,91434,AUTOROUTE A6,48.66821,2.35454,Plein jour,Hors agglomération,Hors intersection,Normale,Trois véhicules et plus - en chaîne,1,3,6,0,2,1,1,0,1,110,,5,4,0,0,1,51.0,20.0,,,1,1,1,1,4
202100011739,2021-10-22 13:35:00,2021,10,22,13,35,91,91434,AUTOROUTE A6,48.6690193032,2.3516964912,Plein jour,Hors agglomération,Hors intersection,Normale,Deux véhicules - arrière,1,3,6,0,2,1,1,0,1,110,,2,1,0,0,1,48.0,56.0,,,1,1,1,1,2
202100011740,2021-10-22 13:35:00,2021,10,22,13,35,91,91689,AUTOROUTE A6,48.72965,2.31474,Plein jour,Hors agglomération,Hors intersection,Normale,Trois véhicules et plus - collisions multiples,1,3,6,0,1,1,1,0,1,110,,7,3,0,0,4,57.0,71.0,,,1,1,1,1,5
202100011741,2021-10-22 13:30:00,2021,10,22,13,30,77,77251,AUTOROUTE A5A,48.62887,2.53683,Plein jour,Hors agglomération,Hors intersection,Normale,Autre collision,1,-1,4,0,1,2,1,0,1,90,,1,0,0,0,1,43.0,,,,1,1,1,1,6
202100011742,2021-10-22 08:20:00,2021,10,22,8,20,91,91570,RN 104,48.62503,2.30812,Plein jour,Hors agglomération,Hors intersection,Normale,Deux véhicules - arrière,2,1,2,0,1,1,2,2,1,110,,2,1,0,0,1,49.0,53.0,,,1,1,1,1,2
202100011743,2021-10-21 16:30:00,2021,10,21,16,30,91,91286,AUTOROUTE A6,48.65297,2.38144,Plein jour,Hors agglomération,Hors intersection,Pluie légère,Trois véhicules et plus - en chaîne,1,1,4,0,1,1,2,0,1,110,,9,5,0,0,4,35.0,47.0,,,1,1,1,2,4
202100011744,2021-10-22 11:15:00,2021,10,22,11,15,78,78455,A13,48.86058,2.0474,Plein jour,Hors agglomération,Hors intersection,Normale,Trois véhicules et plus - en chaîne,1,1,2,0,1,1,1,0,1,110,,4,1,0,0,3,30.0,21.0,,,1,1,1,1,4
202100011745,2021-10-22 08:32:00,2021,10,22,8,32,78,78206,A13,48.946237,1.947874,Plein jour,Hors agglomération,Hors intersection,Normale,Trois véhicules et plus - en chaîne,1,-1,3,0,1,1,1,0,1,130,,3,1,0,0,2,59.0,32.0,,,1,1,1,1,4
202100011746,2021-10-21 21:45:00,2021,10,21,21,45,78,78043,A12 W,48.83063,2.08225,Nuit sans éclairage public,Hors agglomération,Hors intersection,Normale,Autre collision,1,3,3,0,1,1,1,0,1,110,,4,3,0,1,0,34.0,,,,3,1,1,1,6
202100011747,2021-10-21 07:50:00,2021,10,21,7,50,78,78396,A14,48.917677,2.118493,Plein jour,Hors agglomération,Hors intersection,Normale,Autre collision,1,-1,2,0,1,1,1,0,1,90,,2,0,0,0,2,45.0,47.0,,,1,1,1,1,6
202100011748,2021-10-22 15:00:00,2021,10,22,15,0,93,93005,AUTOROUTE A3,48.9469503739,2.4759894608,Plein jour,Hors agglomération,Hors intersection,Normale,Deux véhicules - arrière,1,2,6,0,1,1,1,0,1,90,,2,1,0,0,1,31.0,38.0,,,1,1,1,1,2
202100011749,2021-10-22 08:50:00,2021,10,22,8,50,93,93005,AUTOROUTE A3,48.9508885757,2.4745512892,Plein jour,En agglomération,Hors intersection,Normale,Autre collision,1,1,2,0,2,3,6,3,1,50,,1,0,0,0,1,21.0,,,,1,2,1,1,6
202100011750,2021-10-22 01:00:00,2021,10,22,1,0,95,95306, A15,48.995386753,2.1822940651,Nuit sans éclairage public,Hors agglomération,Hors intersection,Normale,Trois véhicules et plus - collisions multiples,1,3,6,0,1,1,1,2,1,110,,6,1,0,1,4,,28.0,,,3,1,1,1,5
202100011751,2021-10-22 06:20:00,2021,10,22,6,20,94,94017,A4,48.8302008945,2.4957669959,Nuit sans éclairage public,Hors agglomération,Hors intersection,Normale,Deux véhicules - côté,1,3,3,0,1,1,1,0,1,90,,2,1,0,0,1,39.0,26.0,,,3,1,1,1,3
202100011752,2021-10-21 11:20:00,2021,10,21,11,20,69,69387,YVES FARGES (BD),45.73978,4.83115,Plein jour,En agglomération,Hors intersection,Normale,Autre collision,4,-1,1,0,1,1,1,0,4,50,,2,1,0,0,1,17.0,,,,1,2,1,1,6
202100011753,2021-10-21 16:15:00,2021,10,21,16,15,86,86194,Rue du Commerce,46.566184,0.350389,Plein jour,En agglomération,Hors intersection,Normale,Autre collision,4,2,2,0,1,1,1,0,1,50,,2,1,0,0,1,30.0,,,,1,2,1,1,6
202100011754,2021-10-20 17:55:00,2021,10,20,17,55,76,76351,FELIX FAURE,49.50006,0.10067,Plein jour,En agglomération,Hors intersection,Normale,Autre collision,4,2,2,0,1,1,1,0,1,50,,2,1,0,0,1,62.0,,,,1,2,1,1,6
202100011755,2021-10-18 08:20:00,2021,10,18,8,20,77,77326,COLLYBIES (RUE DES),48.5805326318,2.5593297202,Plein jour,En agglomération,Intersection en T,Normale,Autre collision,4,2,2,0,1,1,1,0,1,30,,4,1,0,0,3,21.0,,,,1,2,3,1,6
202100011756,2021-08-20 13:30:00,2021,8,20,13,30,86,86157,Route de Beauvoir,46.536697,0.425766,Plein jour,En agglomération,Hors intersection,Normale,Deux véhicules - côté,2,-1,2,0,1,1,1,0,1,80,,2,1,0,0,1,20.0,50.0,,,1,2,1,1,3
202100011757,2021-08-21 20:15:00,2021,8,21,20,15,86,86194,Rue de la Vincenderie,46.593539,0.340447,Plein jour,En agglomération,Hors intersection,Normale,Deux véhicules - arrière,3,2,2,0,1,1,1,0,1,50,,2,1,0,0,1,17.0,16.0,,,1,2,1,1,2
202100011758,2021-06-10 09:00:00,2021,6,10,9,0,02,02168,JULES LEFEBVRE (AVENUE),49.043777,3.399093,Plein jour,En agglomération,Autre intersection,Normale,Autre collision,3,2,2,0,1,1,1,0,1,30,,2,1,0,1,0,80.0,,,,1,2,9,1,6
202100011759,2021-04-15 16:45:00,2021,4,15,16,45,02,02168,ESSOMES (AVENUE D'),49.042908,3.391584,Plein jour,En agglomération,Autre intersection,Normale,Deux véhicules - arrière,4,1,1,0,1,1,1,9,8,50,,2,1,0,0,1,20.0,29.0,,,1,2,9,1,2
202100011760,2021-07-29 16:15:00,2021,7,29,16,15,74,74118,A40,46.180948,6.230198,Plein jour,Hors agglomération,Hors intersection,Normale,Trois véhicules et plus - collisions multiples,1,3,4,0,1,1,1,0,1,70,,3,2,0,0,1,52.0,42.0,,,1,1,1,1,5
202100011761,2021-06-03 17:50:00,2021,6,3,17,50,74,74042,route de brizon,46.055692,6.442451,Plein jour,Hors agglomération,Hors intersection,Normale,Autre collision,3,2,2,0,2,1,1,0,1,50,,1,0,0,0,1,56.0,,,,1,1,1,1,6
202100011762,2021-10-20 15:15:00,2021,10,20,15,15,976,97611,kaweni-Kaweni nord ( Z I ),-12.75863,45.23096,Plein jour,En agglomération,Hors intersection,Normale,Autre collision,2,2,2,0,2,1,2,0,1,50,,2,0,1,0,1,45.0,28.0,,,1,2,1,1,6
202100011763,2021-10-21 18:00:00,2021,10,21,18,0,974,97416,RN2 (2),-21.34969,55.50396,Crépuscule ou aube,Hors agglomération,Hors intersection,Normale,Deux véhicules - côté,2,2,2,0,1,1,1,0,1,80,,2,1,0,1,0,64.0,31.0,,,2,1,1,1,3
202100011764,2021-10-21 04:20:00,2021,10,21,4,20,974,97416,RN1 (ROUTE NATIONALE),-21.32881,55.45235,Nuit sans éclairage public,En agglomération,Hors intersection,Normale,Autre collision,4,2,3,0,1,1,1,0,3,50,,2,1,0,1,0,,,,,3,2,1,1,6
202100011765,2021-10-20 15:30:00,2021,10,20,15,30,974,97411,JAURES (BOULEVARD JEAN),-20.89592,55.47367,Plein jour,Hors agglomération,Hors intersection,Normale,Trois véhicules et plus - en chaîne,2,3,2,2,1,1,1,0,1,50,,4,3,0,0,1,21.0,52.0,,,1,1,1,1,4
202100011766,2021-10-22 00:55:00,2021,10,22,0,55,69,69387,LECLERC (AV),45.73915,4.82595,Nuit avec éclairage allumé,En agglomération,Hors intersection,Normale,Sans collision,4,2,2,2,1,1,1,0,4,50,,1,0,0,0,1,26.0,,,,5,2,1,1,7
202100011767,2021-10-21 09:00:00,2021,10,21,9,0,69,69259,CHAUSSON (R),45.72834,4.85438,Plein jour,En agglomération,Hors intersection,Temps couvert,Deux véhicules - côté,4,1,1,0,1,1,1,0,1,50,,2,0,0,0,2,30.0,30.0,,,1,2,1,8,3
202100011768,2021-10-21 08:10:00,2021,10,21,8,10,972,97213,ROUTE NATIONALE 1,14.62951,-60.9781,Plein jour,En agglomération,Hors intersection,Normale,Deux véhicules - côté,2,2,4,0,1,1,1,0,1,90,,3,2,0,0,1,58.0,27.0,,,1,2,1,1,3
202100011769,2021-10-21 20:05:00,2021,10,21,20,5,69,69389,JOANNES MASSET (AV),45.7714468558,4.7998982595,Nuit avec éclairage allumé,En agglomération,Intersection en T,Normale,Autre collision,4,2,3,1,1,1,1,0,1,50,,2,1,0,0,1,31.0,,,,5,2,3,1,6
202100011770,2021-10-20 21:25:00,2021,10,20,21,25,69,69381,BAT D'ARGENT (DU) (R),45.7662780102,4.8380666971,Nuit avec éclairage allumé,En agglomération,Intersection en T,Normale,Deux véhicules - côté,4,1,1,0,1,1,1,0,1,50,,3,1,0,0,2,22.0,48.0,,,5,2,3,1,3
202100011771,2021-10-21 08:38:00,2021,10,21,8,38,91,91103,RUE DE LA COTE VALORGE,48.610594,2.279988,Plein jour,Hors agglomération,Hors intersection,Normale,Trois véhicules et plus - collisions multiples,4,2,2,0,2,1,1,0,1,50,,3,2,0,0,1,44.0,26.0,,,1,1,1,1,5
202100011772,2021-10-21 11:05:00,2021,10,21,11,5,91,91114,RUE DU VAL FLEURI,48.70794,2.51888,Plein jour,En agglomération,Intersection en T,Normale,Deux véhicules - côté,4,2,2,0,3,1,1,0,1,30,,3,2,0,0,1,35.0,77.0,,,1,2,3,1,3
202100011773,2021-10-21 19:20:00,2021,10,21,19,20,91,91687,MARMONT (AVENUE),48.66346,2.37524,Nuit avec éclairage allumé,En agglomération,Autre intersection,Pluie légère,Autre collision,3,1,2,0,1,1,2,0,1,50,,2,1,0,0,1,40.0,,,,5,2,9,2,6
202100011774,2021-09-14 11:45:00,2021,9,14,11,45,91,91228,AV DE MOUSSEAU,48.630687,2.450234,Plein jour,En agglomération,Intersection en X,Normale,Autre collision,4,2,3,0,1,1,1,0,1,50,,2,1,0,0,1,86.0,,,,1,2,2,1,6
202100011775,2021-07-19 07:45:00,2021,7,19,7,45,85,85194,RD 80,46.5282,-1.75255,Plein jour,Hors agglomération,Hors intersection,Temps éblouissant,Deux véhicules - frontale,3,-1,2,0,1,4,1,0,1,50,,2,1,0,1,0,17.0,57.0,,,1,1,1,7,1
202100011776,2021-10-21 07:10:00,2021,10,21,7,10,84,84087,ROUTE DE ROQUEMAURE,44.10981,4.79237,Nuit sans éclairage public,Hors agglomération,Hors intersection,Pluie légère,Deux véhicules - côté,3,2,2,0,1,1,2,0,1,80,,2,1,0,1,0,38.0,33.0,,,3,1,1,2,3
202100011777,2021-10-21 18:25:00,2021,10,21,18,25,83,83137,BRIAND (AVE ARISTIDE DE 1 A 1219,43.12751,5.90519,Crépuscule ou aube,En agglomération,Hors intersection,Normale,Deux véhicules - côté,7,2,3,3,1,1,1,0,6,50,,2,1,0,1,0,31.0,26.0,,,2,2,1,1,3
202100011778,2021-10-21 20:21:00,2021,10,21,20,21,81,81004,GAMBETTA (AV),43.92122,2.14643,Nuit avec éclairage allumé,En agglomération,Hors intersection,Normale,Autre collision,3,2,2,0,1,1,1,0,4,50,,1,0,0,0,1,71.0,,,,5,2,1,1,6
202100011779,2021-10-20 14:40:00,2021,10,20,14,40,80,80021,PARIS (RUE DE),49.88387,2.2865,Plein jour,En agglomération,Hors intersection,Normale,Autre collision,4,2,2,0,2,1,1,0,1,50,,2,1,0,0,1,29.0,,,,1,2,1,1,6
202100011780,2021-10-19 16:10:00,2021,10,19,16,10,80,80021,CARNOT (BOULEVARD),49.89188,2.28829,Plein jour,En agglomération,Hors intersection,Normale,Trois véhicules et plus - collisions multiples,4,2,3,0,1,1,1,0,1,50,,4,1,0,0,3,51.0,48.0,,,1,2,1,1,5
202100011781,2021-10-19 14:45:00,2021,10,19,14,45,80,80021,DEJEAN (RUE),49.89187,2.3125,Plein jour,En agglomération,Hors intersection,Normale,Autre collision,4,2,2,0,1,1,1,0,4,50,,2,1,0,0,1,45.0,,,,1,2,1,1,6
202100011782,2021-10-20 16:05:00,2021,10,20,16,5,77,77445,TRIOLET (RUE ELSA),48.6054231015,2.576343947,Plein jour,En agglomération,Hors intersection,Normale,Deux véhicules - arrière,4,2,1,0,1,1,1,0,1,50,,2,1,0,1,0,30.0,54.0,,,1,2,1,1,2
202100011783,2021-10-21 18:50:00,2021,10,21,18,50,77,77186,D58,48.38912,2.71193,Crépuscule ou aube,Hors agglomération,Hors intersection,Pluie légère,Sans collision,3,2,2,0,1,1,2,0,1,90,,1,0,0,0,1,38.0,,,,2,1,1,2,7