accident_id,datetime,annee,mois,jour,heure,minute,departement,commune_insee,adresse,latitude,longitude,luminosite,agglomeration,intersection,meteo,collision,catr,circ,nbv,vosp,prof,plan,surf,infra,situ,vma,nb_vehicules,nb_usagers,nb_indemnes,nb_tues,nb_blesses_hosp,nb_blesses_legers,age_cond_1,age_cond_2,veh_type_cond_1,veh_type_cond_2,lum_code,agg_code,int_code,atm_code,col_code
202100011784,2021-10-21 14:35:00,2021,10,21,14,35,77,77431,RUE DE LA DEMI LIEUE,48.278798,2.682572,Plein jour,En agglomération,Hors intersection,Normale,Deux véhicules - arrière,9,2,2,0,1,1,1,9,1,50,,2,1,0,0,1,19.0,60.0,,,1,2,1,1,2
202100011785,2021-10-20 10:30:00,2021,10,20,10,30,76,76391,CD 132,49.3091043973,0.9789617483,Plein jour,Hors agglomération,Hors intersection,Normale,Sans collision,7,2,2,0,2,4,2,0,1,80,,1,0,0,0,1,37.0,,,,1,1,1,1,7
202100011786,2021-10-20 11:00:00,2021,10,20,11,0,76,76351,EDITH PIAF (RUE),49.5232,0.11382,Plein jour,En agglomération,Intersection en T,Normale,Deux véhicules - côté,4,1,1,0,1,1,1,0,1,30,,2,1,0,0,1,31.0,24.0,,,1,2,3,1,3
202100011787,2021-10-19 16:45:00,2021,10,19,16,45,76,76351,VERDUN (RUE DE),49.5022,0.18468,Plein jour,En agglomération,Intersection en T,Normale,Deux véhicules - côté,3,2,3,0,1,1,1,0,1,50,,6,1,0,0,5,26.0,38.0,,,1,2,3,1,3
202100011788,2021-10-20 16:20:00,2021,10,20,16,20,76,76217,DUMAS (ALEXANDRE),49.92585,1.0706,Plein jour,En agglomération,Hors intersection,Normale,Autre collision,9,-1,0,0,1,1,1,6,4,30,,2,1,0,1,0,14.0,,,,1,2,1,1,6
202100011789,2021-10-16 05:40:00,2021,10,16,5,40,71,71076,SENTIERS (RUE ),46.79742,4.85504,Nuit avec éclairage allumé,En agglomération,Intersection en X,Normale,Autre collision,4,2,2,0,1,1,1,0,1,50,,2,1,0,1,0,,,,,5,2,2,1,6
202100011790,2021-10-21 21:30:00,2021,10,21,21,30,69,69266,JEAN JAURES (R),45.75691,4.88023,Nuit avec éclairage allumé,En agglomération,Intersection en T,Normale,Deux véhicules - côté,4,2,2,2,1,1,1,0,1,50,,2,1,0,0,1,21.0,,,,5,2,3,1,3
202100011791,2021-10-21 16:37:00,2021,10,21,16,37,68,68224,SINNE (RUE DE LA),47.744,7.335,Plein jour,En agglomération,Hors intersection,Normale,Autre collision,4,2,2,0,1,1,1,0,1,50,,2,1,0,1,0,69.0,,,,1,2,1,1,6
202100011792,2021-10-20 15:35:00,2021,10,20,15,35,67,67482,DANUBE (PONT DU),48.57376,7.77108,Plein jour,En agglomération,Hors intersection,Normale,Deux véhicules - côté,4,2,4,0,3,1,1,2,1,50,,2,1,0,0,1,20.0,25.0,,,1,2,1,1,3
202100011793,2021-10-21 08:15:00,2021,10,21,8,15,66,66136,Départementale  617,42.70947,2.91462,Plein jour,Hors agglomération,Hors intersection,Normale,Deux véhicules - arrière,3,3,2,0,1,1,1,0,1,70,,2,1,0,0,1,38.0,43.0,,,1,1,1,1,2
202100011794,2021-10-20 12:45:00,2021,10,20,12,45,66,66136,DALBIEZ (AVENUE VICTOR),42.68629,2.88196,Plein jour,En agglomération,Hors intersection,Normale,Autre collision,4,2,2,0,1,1,1,0,1,50,,2,1,0,0,1,74.0,,,,1,2,1,1,6
202100011795,2021-10-21 17:08:00,2021,10,21,17,8,65,65440,VERDUN (PLACE DE),43.233604,0.074303,Plein jour,En agglomération,Hors intersection,Normale,Autre collision,4,1,2,0,1,1,1,0,1,50,,2,1,1,0,0,61.0,,,,1,2,1,1,6
202100011796,2021-10-21 09:55:00,2021,10,21,9,55,64,64483,SAINT PEE (VIEILLE ROUTE DE),43.38899,-1.63985,Plein jour,En agglomération,Hors intersection,Pluie légère,Deux véhicules - frontale,3,2,2,0,1,2,2,0,1,50,,2,1,0,0,1,38.0,25.0,,,1,2,1,2,1
202100011797,2021-10-11 09:25:00,2021,10,11,9,25,62,62033,LILLE (RTE DE),50.463191,2.89767,Plein jour,En agglomération,Hors intersection,Normale,Autre collision,3,2,2,0,1,1,1,0,1,70,,1,0,0,1,0,23.0,,,,1,2,1,1,6
202100011798,2021-10-21 20:45:00,2021,10,21,20,45,62,62193,VICTOR HUGO (BOULEVARD),50.9432,1.87163,Nuit avec éclairage allumé,En agglomération,Hors intersection,Temps couvert,Deux véhicules - côté,4,2,2,0,1,1,1,0,1,50,,2,1,0,1,0,20.0,23.0,,,5,2,1,8,3
202100011799,2021-10-20 07:37:00,2021,10,20,7,37,57,57441,D 653 ,49.38709,6.16855,Nuit sans éclairage public,Hors agglomération,Hors intersection,Pluie légère,Deux véhicules - arrière,3,2,2,1,3,1,2,6,1,80,,2,1,0,0,1,11.0,36.0,,,3,1,1,2,2
202100011800,2021-10-19 14:05:00,2021,10,19,14,5,56,56083,LIBERATION ( AV. DE LA ),47.8042308,-3.268971,Plein jour,En agglomération,Hors intersection,Normale,Deux véhicules - frontale,3,2,2,0,1,2,1,0,1,50,,2,1,0,0,1,59.0,64.0,,,1,2,1,1,1
202100011801,2021-10-20 17:30:00,2021,10,20,17,30,50,50129,ANCIEN QUAI (RUE DE L'),49.63763,-1.62417,Plein jour,En agglomération,Hors intersection,Normale,Sans collision,4,1,1,0,1,2,1,0,1,50,,2,1,0,0,1,30.0,,,,1,2,1,1,7
202100011802,2021-10-19 08:45:00,2021,10,19,8,45,49,49328,TOURS (ROUTE DE),47.26709,-0.06971,Plein jour,En agglomération,Hors intersection,Normale,Autre collision,3,2,2,0,1,1,1,0,1,70,,2,1,0,0,1,83.0,,,,1,2,1,1,6
202100011803,2021-10-21 07:55:00,2021,10,21,7,55,49,49099,COUBERTIN (BOULEVARD PIERRE DE),47.05011,-0.87237,Nuit avec éclairage allumé,En agglomération,Giratoire,Normale,Autre collision,3,3,6,0,1,1,1,0,1,50,,2,1,0,0,1,,,,,5,2,6,1,6
202100011804,2021-10-20 17:45:00,2021,10,20,17,45,49,49007,RECOUVREUR,47.45345,-0.55779,Plein jour,En agglomération,Hors intersection,Normale,Deux véhicules - côté,4,2,2,0,1,1,1,0,1,50,,3,2,0,0,1,10.0,47.0,,,1,2,1,1,3
202100011805,2021-10-20 14:34:00,2021,10,20,14,34,49,49007,PATTON AVENUE,47.47355,-0.58569,Plein jour,En agglomération,Hors intersection,Normale,Deux véhicules - arrière,4,2,2,0,1,1,1,0,1,50,,2,1,0,0,1,30.0,67.0,,,1,2,1,1,2
202100011806,2021-10-20 09:02:00,2021,10,20,9,2,49,49007,MILLOT BOULEVARD JACQUES,47.45421,-0.53412,Plein jour,En agglomération,Hors intersection,Pluie légère,Sans collision,4,2,2,0,1,1,2,0,1,50,,1,0,0,0,1,26.0,,,,1,2,1,2,7
202100011807,2021-10-19 18:27:00,2021,10,19,18,27,49,49007,ROE,47.47393,-0.55442,Plein jour,En agglomération,Hors intersection,Normale,Sans collision,4,1,1,0,2,1,1,0,1,30,,1,0,0,0,1,18.0,,,,1,2,1,1,7
202100011808,2021-10-21 17:55:00,2021,10,21,17,55,45,45234,Rue du Faubourg Madeleine,47.8996259281,1.8790376186,Plein jour,En agglomération,Hors intersection,Normale,Deux véhicules - côté,4,1,1,3,1,1,2,0,6,20,,2,1,0,0,1,47.0,13.0,,,1,2,1,1,3
202100011809,2021-10-21 12:45:00,2021,10,21,12,45,45,45234,Rue Eugene Vignat,47.91288,1.91249,Plein jour,En agglomération,Intersection en X,Normale,Deux véhicules - frontale,4,2,3,0,1,1,1,5,1,50,,2,1,0,0,1,24.0,62.0,,,1,2,2,1,1
202100011810,2021-10-20 21:50:00,2021,10,20,21,50,44,44184,RD 492 DU PONT BD HÔPITAL A ÉCHANGEUR CR,47.28582,-2.250032,Nuit sans éclairage public,Hors agglomération,Giratoire,Pluie forte,Autre collision,3,1,2,0,1,2,2,5,1,70,,1,0,0,0,1,42.0,,,,3,1,6,3,6
202100011811,2021-10-21 20:59:00,2021,10,21,20,59,44,44109,RUE GUILLAUME GROOTAERS,47.23778,-1.58597,Nuit avec éclairage allumé,En agglomération,Hors intersection,Normale,Autre collision,4,2,0,3,1,1,1,0,1,30,,2,1,0,0,1,46.0,,,,5,2,1,1,6
202100011812,2021-10-21 20:09:00,2021,10,21,20,9,44,44109,BOULEVARD ROBERT SCHUMAN,47.24506,-1.57598,Nuit avec éclairage allumé,En agglomération,Hors intersection,Pluie légère,Autre collision,4,2,2,3,1,1,2,0,1,50,,3,0,0,0,3,22.0,,,,5,2,1,2,6
202100011813,2021-10-21 15:45:00,2021,10,21,15,45,44,44109,PAINLEVE ( RUE PAUL ),47.225876,-1.570717,Plein jour,En agglomération,Giratoire,Normale,Deux véhicules - côté,4,1,0,0,1,1,2,0,1,30,,2,1,0,0,1,60.0,22.0,,,1,2,6,1,3
202100011814,2021-10-16 14:00:00,2021,10,16,14,0,42,42218,Rue Pierre Blachon,45.42783,4.40646,Plein jour,En agglomération,Hors intersection,Normale,Deux véhicules - frontale,4,2,2,0,2,1,1,0,1,50,,2,1,0,0,1,38.0,22.0,,,1,2,1,1,1
202100011815,2021-10-21 20:05:00,2021,10,21,20,5,37,37233,JEAN MOULIN (RUE),47.3897708163,0.7261218816,Nuit avec éclairage allumé,En agglomération,Hors intersection,Normale,Autre collision,4,2,2,0,1,1,2,6,1,50,,2,1,0,0,1,22.0,17.0,,,5,2,1,1,6
202100011816,2021-10-21 11:15:00,2021,10,21,11,15,37,37233,LEMARCHAND (RUE EDOUARD),47.3899833909,0.7172194947,Plein jour,En agglomération,Autre intersection,Normale,Autre collision,4,1,1,0,1,1,1,0,1,50,,2,1,0,0,1,72.0,,,,1,2,9,1,6
202100011817,2021-10-20 09:30:00,2021,10,20,9,30,37,37214,VOISIN (BOULEVARD ANDRE-GEORGES),47.4291034026,0.6630527973,Plein jour,En agglomération,Hors intersection,Temps couvert,Autre collision,7,3,4,0,1,1,2,0,1,50,,2,1,0,0,1,29.0,18.0,,,1,2,1,8,6
202100011818,2021-10-21 16:40:00,2021,10,21,16,40,35,35238,CHATEAU (AVENUE FRANCOIS),48.11109,-1.64914,Plein jour,En agglomération,Hors intersection,Temps couvert,Autre collision,4,3,2,3,1,1,2,0,3,30,,1,0,0,0,1,19.0,,,,1,2,1,8,6
202100011819,2021-10-21 09:45:00,2021,10,21,9,45,35,35238,YSER (BD DE L'),48.09081,-1.68061,Plein jour,En agglomération,Hors intersection,Normale,Autre collision,4,2,2,0,1,1,1,0,1,50,,2,1,0,0,1,27.0,,,,1,2,1,1,6
202100011820,2021-10-21 08:30:00,2021,10,21,8,30,35,35238,RN136,48.11082,-1.71807,Plein jour,Hors agglomération,Autre intersection,Normale,Deux véhicules - arrière,2,3,6,0,1,1,1,0,1,90,,2,1,0,0,1,24.0,30.0,,,1,1,9,1,2
202100011821,2021-10-21 06:45:00,2021,10,21,6,45,35,35238,VILLEBOIS MAREUIL (BD),48.1053,-1.65062,Nuit avec éclairage allumé,En agglomération,Hors intersection,Normale,Autre collision,4,2,2,1,1,1,1,0,5,50,,2,1,0,0,1,44.0,25.0,,,5,2,1,1,6
202100011822,2021-10-21 20:00:00,2021,10,21,20,0,35,35115,FRESNEL (RUE AUGUSTIN),48.350035,-1.181337,Nuit avec éclairage allumé,En agglomération,Hors intersection,Normale,Autre collision,4,2,2,0,1,1,1,0,1,50,,2,1,0,0,1,33.0,,,,5,2,1,1,6
202100011823,2021-10-20 15:55:00,2021,10,20,15,55,31,31149,D980,43.59692,1.36379,Plein jour,En agglomération,Intersection en X,Normale,Deux véhicules - arrière,7,1,2,0,3,4,1,9,1,70,,4,0,0,0,4,21.0,26.0,,,1,2,2,1,2
202100011824,2021-10-21 08:00:00,2021,10,21,8,0,28,28085,ORLEANS (AVENUE D'),48.4292,1.51331,Nuit avec éclairage allumé,En agglomération,Hors intersection,Normale,Deux véhicules - côté,3,2,2,0,1,1,1,0,1,30,,2,1,0,0,1,22.0,18.0,,,5,2,1,1,3
202100011825,2021-10-20 14:45:00,2021,10,20,14,45,22,22113,TREBEURDEN (ROUTE DE),48.7506965216,-3.4922704695,Plein jour,En agglomération,Hors intersection,Normale,Sans collision,3,2,2,0,1,1,1,0,1,30,,1,0,0,0,1,15.0,,,,1,2,1,1,7
202100011826,2021-10-21 00:50:00,2021,10,21,0,50,15,15014,lieu dit Toulousette,44.937669,2.426584,Nuit sans éclairage public,Hors agglomération,Hors intersection,Pluie forte,Autre collision,4,2,2,0,2,2,2,0,3,50,,1,0,0,0,1,25.0,,,,3,1,1,3,6
202100011827,2021-10-21 20:10:00,2021,10,21,20,10,13,13209,MARÉCHAL DE LATTRE (AVENUE),43.2461395339,5.4175267586,Nuit avec éclairage allumé,En agglomération,Hors intersection,Normale,Deux véhicules - côté,4,2,2,0,1,1,1,0,1,50,,2,1,0,0,1,,25.0,,,5,2,1,1,3
202100011828,2021-10-21 18:15:00,2021,10,21,18,15,13,13215,LE CHATELIER,43.347032577,5.3679226097,Nuit avec éclairage allumé,En agglomération,Autre intersection,Normale,Deux véhicules - côté,7,2,4,0,2,1,1,9,1,50,,2,0,0,1,1,84.0,28.0,,,5,2,9,1,3
202100011829,2021-10-21 16:40:00,2021,10,21,16,40,13,13211,SAINT MENET (AVENUE DE),43.2869501681,5.51420331,Plein jour,En agglomération,Autre intersection,Normale,Deux véhicules - côté,7,2,2,0,1,1,1,2,1,50,,2,1,0,0,1,81.0,27.0,,,1,2,9,1,3
202100011830,2021-10-21 08:30:00,2021,10,21,8,30,13,13210,ROMAIN ROLLAND (BOULEVARD),43.2748685995,5.4156565539,Plein jour,En agglomération,Hors intersection,Pluie légère,Autre collision,4,2,2,0,1,1,2,0,1,50,,2,0,0,0,2,16.0,,,,1,2,1,2,6
202100011831,2021-10-20 12:15:00,2021,10,20,12,15,13,13205,CAMAS (RUE DU),43.29842,5.39243,Plein jour,En agglomération,Hors intersection,Normale,Autre collision,4,1,1,0,4,2,1,0,1,50,,1,0,0,0,1,19.0,,,,1,2,1,1,6
202100011832,2021-10-20 18:25:00,2021,10,20,18,25,13,13047,SAINT PIERRE CHEMIN DE,43.49275,4.99984,Crépuscule ou aube,En agglomération,Hors intersection,Normale,Deux véhicules - arrière,4,2,1,0,2,1,1,0,1,50,,3,1,0,0,2,15.0,16.0,,,2,2,1,1,2
202100011833,2021-10-20 18:20:00,2021,10,20,18,20,13,13005,NAPOLLON (ROUTE DE),43.3164037751,5.5869655204,Plein jour,En agglomération,Intersection en X,Normale,Deux véhicules - arrière,7,2,2,0,1,1,1,2,1,50,,2,1,0,0,1,74.0,15.0,,,1,2,2,1,2
202100011834,2021-10-21 17:35:00,2021,10,21,17,35,10,10387,SOMME (RUE DE LA),48.28004,4.07728,Plein jour,En agglomération,Intersection en X,Pluie légère,Deux véhicules - côté,4,2,2,0,2,1,2,0,1,50,,2,1,0,0,1,47.0,20.0,,,1,2,2,2,3
202100011835,2021-10-21 09:08:00,2021,10,21,9,8,10,10387,MAROTS (RUE DES),48.30543,4.05179,Plein jour,En agglomération,Hors intersection,Temps éblouissant,Trois véhicules et plus - en chaîne,4,2,2,0,1,1,1,0,1,50,,5,1,0,0,4,54.0,22.0,,,1,2,1,7,4
202100011836,2021-10-20 12:15:00,2021,10,20,12,15,10,10362,GENERAL GALLIENI (RUE DU),48.29371,4.05357,Plein jour,En agglomération,Hors intersection,Normale,Deux véhicules - côté,4,2,2,0,1,1,1,0,4,50,,2,1,0,0,1,11.0,20.0,,,1,2,1,1,3
202100011837,2021-10-22 01:00:00,2021,10,22,1,0,06,06083,ST ROCH (PLACE),43.77442,7.50126,Nuit avec éclairage allumé,En agglomération,Giratoire,Normale,Autre collision,4,1,2,0,1,4,1,9,8,50,,1,0,0,0,1,38.0,,,,5,2,6,1,6
202100011838,2021-10-21 19:10:00,2021,10,21,19,10,75,75120,PORTE DE MONTREUIL,48.851814,2.415215,Nuit avec éclairage allumé,En agglomération,Hors intersection,Normale,Trois véhicules et plus - en chaîne,4,1,4,0,1,1,1,0,1,70,,5,3,0,0,2,57.0,33.0,,,5,2,1,1,4
202100011839,2021-10-19 18:15:00,2021,10,19,18,15,75,75112,BOULEVARD PERIPHERIQUE,48.830131,2.402131,Plein jour,En agglomération,Intersection en Y,Normale,Deux véhicules - côté,4,1,4,0,1,1,1,0,1,70,,2,1,0,0,1,38.0,42.0,,,1,2,4,1,3
202100011840,2021-10-21 14:22:00,2021,10,21,14,22,75,75119,BOULEVARD DE LA VILLETTE,48.884395,2.36609,Plein jour,En agglomération,Hors intersection,Pluie forte,Autre collision,4,1,1,0,1,1,2,0,1,30,,2,1,0,1,0,34.0,,,,1,2,1,3,6
202100011841,2021-10-21 03:01:00,2021,10,21,3,1,75,75106,RUE DE RENNES,48.844215,2.324233,Nuit avec éclairage allumé,En agglomération,Place,Vent fort / tempête,Deux véhicules - frontale,4,2,3,1,1,1,1,0,1,30,,2,1,0,1,0,54.0,24.0,,,5,2,7,6,1
202100011842,2021-10-21 12:08:00,2021,10,21,12,8,75,75120,RUE DE BELLEVILLE,48.872675,2.379098,Plein jour,En agglomération,Hors intersection,Normale,Autre collision,4,2,2,3,2,1,1,-1,6,30,,2,1,0,1,0,27.0,,,,1,2,1,1,6
202100011843,2021-10-21 10:50:00,2021,10,21,10,50,75,75120,RUE D AVRON,48.852146,2.403015,Plein jour,En agglomération,Hors intersection,Normale,Trois véhicules et plus - collisions multiples,4,2,2,0,1,1,1,0,1,30,,3,2,0,1,0,41.0,43.0,,,1,2,1,1,5
202100011844,2021-10-20 08:30:00,2021,10,20,8,30,75,75120,AVENUE GAMBETTA,48.864778,2.395745,Plein jour,En agglomération,Intersection en X,Pluie légère,Deux véhicules - côté,4,2,1,1,2,1,2,-1,5,30,,2,1,0,0,1,34.0,39.0,,,1,2,2,2,3
202100011845,2021-10-21 15:00:00,2021,10,21,15,0,75,75118,BOULEVARD DE CLICHY,48.883182,2.335058,Plein jour,En agglomération,Hors intersection,Pluie forte,Autre collision,4,3,2,3,1,1,2,-1,6,30,,2,0,1,0,1,22.0,,,,1,2,1,3,6
202100011846,2021-10-21 10:45:00,2021,10,21,10,45,75,75118,BOULEVARD BARBES,48.88383,2.349469,Plein jour,En agglomération,Intersection en X,Normale,Deux véhicules - côté,4,1,2,0,1,1,1,-1,6,50,,2,1,0,0,1,44.0,59.0,,,1,2,2,1,3
202100011847,2021-10-15 19:45:00,2021,10,15,19,45,75,75117,PORTE D ASNIERES,48.89322,2.303036,Nuit avec éclairage allumé,En agglomération,Intersection en Y,Normale,Sans collision,4,1,3,0,2,1,1,0,1,50,,1,0,0,0,1,24.0,,,,5,2,4,1,7
202100011848,2021-10-21 07:40:00,2021,10,21,7,40,75,75117,AVENUE DES TERNES,48.879298,2.291451,Nuit avec éclairage allumé,En agglomération,Place,Normale,Autre collision,4,1,4,0,1,1,1,0,1,50,,1,0,0,0,1,36.0,,,,5,2,7,1,6
202100011849,2021-10-21 18:25:00,2021,10,21,18,25,75,75115,RUE DE VAUGIRARD,48.833903,2.290131,Plein jour,En agglomération,Intersection en Y,Normale,Autre collision,4,1,3,1,1,1,2,-1,5,30,,2,1,0,0,1,46.0,,,,1,2,4,1,6
202100011850,2021-10-21 00:01:00,2021,10,21,0,1,75,75114,RUE EMILE FAGUET,48.822167,2.330368,Nuit avec éclairage allumé,En agglomération,Intersection en X,Vent fort / tempête,Sans collision,4,2,2,0,1,1,2,0,1,30,,1,0,0,0,1,21.0,,,,5,2,2,6,7
202100011851,2021-10-20 22:00:00,2021,10,20,22,0,75,75114,RUE FROIDEVAUX,48.836017,2.327642,Nuit avec éclairage allumé,En agglomération,Intersection en X,Normale,Autre collision,4,2,0,1,2,1,1,-1,5,30,,2,1,0,0,1,41.0,,,,5,2,2,1,6
202100011852,2021-10-21 15:00:00,2021,10,21,15,0,75,75113,AVENUE DE LA PORTE DE VITRY,48.822872,2.377755,Plein jour,En agglomération,Intersection en T,Pluie forte,Deux véhicules - côté,4,2,4,1,1,1,2,-1,5,30,,2,1,0,0,1,35.0,75.0,,,1,2,3,3,3
202100011853,2021-10-21 09:47:00,2021,10,21,9,47,75,75112,BOULEVARD DE PICPUS,48.848056,2.399116,Plein jour,En agglomération,Intersection en X,Normale,Autre collision,4,-1,2,0,1,1,1,0,1,30,,2,1,0,0,1,31.0,,,,1,2,2,1,6
202100011854,2021-10-21 04:08:00,2021,10,21,4,8,75,75111,PLACE DE LA BASTILLE,48.8535315274,2.3693400621,Nuit avec éclairage allumé,En agglomération,Place,Vent fort / tempête,Deux véhicules - frontale,4,2,2,0,1,3,2,0,1,30,,2,1,0,0,1,30.0,34.0,,,5,2,7,6,1
202100011855,2021-10-21 19:15:00,2021,10,21,19,15,75,75110,BOULEVARD DE STRASBOURG,48.872223,2.355873,Nuit avec éclairage allumé,En agglomération,Intersection en X,Normale,Autre collision,4,1,4,2,2,1,2,0,1,30,,2,1,0,0,1,23.0,,,,5,2,2,1,6
202100011856,2021-10-21 14:30:00,2021,10,21,14,30,75,75110,RUE LA FAYETTE,48.879753,2.358741,Plein jour,En agglomération,Intersection en T,Pluie forte,Deux véhicules - arrière,4,2,1,0,1,1,2,0,1,30,,2,1,0,0,1,27.0,27.0,,,1,2,3,3,2
202100011857,2021-10-21 14:15:00,2021,10,21,14,15,75,75103,RUE DES FONTAINES DU TEMPLE,48.865903,2.358133,Plein jour,En agglomération,Intersection en X,Pluie forte,Deux véhicules - côté,4,2,2,1,1,1,2,-1,5,30,,2,1,0,0,1,35.0,16.0,,,1,2,2,3,3
202100011858,2021-10-20 17:30:00,2021,10,20,17,30,94,94078,Rue Saint-Exupéry,48.75404,2.44871,Plein jour,En agglomération,Autre intersection,Normale,Deux véhicules - frontale,3,2,2,-1,1,1,1,0,1,50,,2,1,0,0,1,23.0,,,,1,2,9,1,1
202100011859,2021-10-20 12:50:00,2021,10,20,12,50,94,94042,Avenue Joyeuse,48.81786,2.47593,Plein jour,En agglomération,Intersection en T,Normale,Deux véhicules - côté,4,-1,2,0,1,1,1,0,1,30,,2,1,0,0,1,58.0,30.0,,,1,2,3,1,3
202100011860,2021-10-20 23:25:00,2021,10,20,23,25,94,94037,PAUL VAILLANT COUTURIER (AV),48.81652,2.338,Nuit avec éclairage allumé,En agglomération,Hors intersection,Pluie légère,Deux véhicules - côté,3,-1,2,0,1,1,2,0,1,50,,2,1,0,0,1,51.0,44.0,,,5,2,1,2,3
202100011861,2021-10-21 14:54:00,2021,10,21,14,54,94,94018,BERCY (QU DE),48.82163,2.39947,Plein jour,En agglomération,Intersection en T,Pluie forte,Deux véhicules - frontale,3,3,3,0,1,1,2,0,1,50,,2,1,0,0,1,,,,,1,2,3,3,1
202100011862,2021-10-21 15:15:00,2021,10,21,15,15,94,94017,Rue Eugéne Varlin,48.82605,2.52122,Plein jour,En agglomération,Hors intersection,Pluie légère,Deux véhicules - côté,3,3,2,0,1,3,2,5,1,50,,3,2,0,0,1,39.0,60.0,,,1,2,1,2,3
202100011863,2021-10-21 16:30:00,2021,10,21,16,30,94,94004,Allee des F F I,48.75559,2.50725,Plein jour,En agglomération,Hors intersection,Pluie forte,Trois véhicules et plus - en chaîne,3,1,2,0,1,1,2,2,1,50,,3,2,0,0,1,,40.0,,,1,2,1,3,4
202100011864,2021-10-20 19:30:00,2021,10,20,19,30,94,94075,Avenue du Mal de Lattre de Tassigny,48.727457,2.531126,Nuit avec éclairage allumé,En agglomération,Intersection en T,Normale,Deux véhicules - côté,2,2,4,0,1,1,1,0,1,50,,3,0,0,0,3,39.0,40.0,,,5,2,3,1,3
202100011865,2021-10-21 13:30:00,2021,10,21,13,30,93,93070,Avenue Michelet,48.9025,2.34387,Plein jour,En agglomération,Hors intersection,Pluie forte,Deux véhicules - côté,3,2,4,3,1,1,2,0,1,50,,2,1,0,0,1,49.0,36.0,,,1,2,1,3,3
202100011866,2021-10-21 08:19:00,2021,10,21,8,19,93,93070,SEINE (QUAI DE),48.91503,2.32079,Plein jour,En agglomération,Autre intersection,Temps couvert,Deux véhicules - arrière,3,-1,2,0,1,1,2,0,8,50,,2,1,0,0,1,17.0,59.0,,,1,2,9,8,2
202100011867,2021-10-21 08:40:00,2021,10,21,8,40,93,93064,JAURES (AVENUE JEAN),48.863415,2.488579,Plein jour,En agglomération,Hors intersection,Normale,Deux véhicules - arrière,3,2,2,0,1,1,1,0,1,50,,3,2,0,0,1,49.0,23.0,,,1,2,1,1,2
202100011868,2021-10-21 14:50:00,2021,10,21,14,50,93,93077,POUSSIN (RUE),48.88617,2.50698,Plein jour,En agglomération,Intersection en X,Pluie forte,Autre collision,4,1,1,0,1,1,2,0,1,50,,1,0,0,0,1,22.0,,,,1,2,2,3,6
202100011869,2021-10-21 15:51:00,2021,10,21,15,51,93,93048,PARIS (RUE DE),48.8574493559,2.4324417114,Plein jour,En agglomération,Autre intersection,Pluie légère,Autre collision,3,2,2,0,1,1,2,6,8,50,,2,1,0,0,1,,,,,1,2,9,2,6
202100011870,2021-10-21 14:25:00,2021,10,21,14,25,93,93046,ROBERT SCHUMANN BOULEVARD,48.92816,2.54947,Plein jour,En agglomération,Intersection en X,Pluie forte,Trois véhicules et plus - collisions multiples,3,4,4,0,1,1,2,0,1,50,,3,2,0,0,1,57.0,36.0,,,1,2,2,3,5
202100011871,2021-10-21 20:05:00,2021,10,21,20,5,93,93079,UNIVERSITE,48.95966,2.34261,Nuit avec éclairage allumé,En agglomération,Intersection en T,Pluie légère,Autre collision,3,2,2,-1,1,1,2,1,4,50,,2,1,0,0,1,20.0,,,,5,2,3,2,6
202100011872,2021-10-21 08:40:00,2021,10,21,8,40,93,93031,SAINT LEU (ROUTE DE) > 159,48.95642,2.33199,Plein jour,En agglomération,Hors intersection,Normale,Sans collision,3,2,2,1,1,1,2,0,1,50,,1,0,0,0,1,43.0,,,,1,2,1,1,7
202100011873,2021-10-20 16:00:00,2021,10,20,16,0,93,93029,JEAN JAURES (AVENUE) N°,48.9218859126,2.4466942979,Plein jour,En agglomération,Hors intersection,Normale,Autre collision,4,3,4,0,1,1,1,0,1,50,,2,1,1,0,0,44.0,,,,1,2,1,1,6
202100011874,2021-10-21 19:05:00,2021,10,21,19,5,93,93014,POSTES (CHEMIN DES),48.90839,2.53596,Nuit avec éclairage allumé,En agglomération,Hors intersection,Temps couvert,Autre collision,4,2,2,0,1,1,2,0,1,50,,2,1,0,1,0,35.0,,,,5,2,1,8,6
202100011875,2021-10-21 15:40:00,2021,10,21,15,40,93,93047,Rue du Général de Gaulle / Avenue Daniel Perdrigé,48.89938,2.559524,Plein jour,En agglomération,Intersection en X,Pluie légère,Deux véhicules - côté,4,2,2,0,1,1,2,0,1,50,,2,1,0,0,1,32.0,39.0,,,1,2,2,2,3
202100011876,2021-10-21 11:50:00,2021,10,21,11,50,93,93007,"""PAUL VAILLANT COUTURIER (AVENUE """"DU 01",48.9266853054,2.4714052052,Plein jour,En agglomération,Autre intersection,Pluie légère,Autre collision,6,-1,0,0,1,1,2,9,1,10,,2,1,0,0,1,61.0,,,,1,2,9,2,6
202100011877,2021-10-21 03:30:00,2021,10,21,3,30,93,93071,GENERAL LECLERC (AVENUE DU),48.93878,2.5274,Nuit avec éclairage allumé,En agglomération,Intersection en T,Pluie légère,Deux véhicules - côté,3,1,1,0,1,3,2,0,1,50,,6,5,0,0,1,26.0,42.0,,,5,2,3,2,3
202100011878,2021-10-21 20:50:00,2021,10,21,20,50,92,92064,FRANCIS CHAVETON,48.8593651999,2.2099323571,Nuit sans éclairage public,En agglomération,Hors intersection,Normale,Deux véhicules - côté,4,-1,1,0,2,1,1,0,4,30,,2,1,0,0,1,22.0,48.0,,,3,2,1,1,3