accident_id,datetime,annee,mois,jour,heure,minute,departement,commune_insee,adresse,latitude,longitude,luminosite,agglomeration,intersection,meteo,collision,catr,circ,nbv,vosp,prof,plan,surf,infra,situ,vma,nb_vehicules,nb_usagers,nb_indemnes,nb_tues,nb_blesses_hosp,nb_blesses_legers,age_cond_1,age_cond_2,veh_type_cond_1,veh_type_cond_2,lum_code,agg_code,int_code,atm_code,col_code
202100011879,2021-10-21 18:20:00,2021,10,21,18,20,92,92033,BRETIGNY,48.84019,2.17558,Crépuscule ou aube,En agglomération,Hors intersection,Pluie légère,Autre collision,4,2,1,0,2,1,2,0,1,30,,1,0,0,0,1,26.0,,,,2,2,1,2,6
202100011880,2021-10-21 13:55:00,2021,10,21,13,55,92,92050,COMMUNE DE PARIS AVENUE DE LA,48.90812,2.21301,Plein jour,En agglomération,Intersection en Y,Pluie forte,Deux véhicules - côté,3,1,3,0,1,1,3,0,1,50,,2,1,0,0,1,44.0,19.0,,,1,2,4,3,3
202100011881,2021-10-21 19:34:00,2021,10,21,19,34,92,92024,JEAN JAURES (BD) DE (111 A 159),48.9069763407,2.3005588353,Nuit avec éclairage allumé,En agglomération,Hors intersection,Normale,Autre collision,3,1,3,3,1,1,1,9,4,50,,2,1,0,0,1,32.0,,,,5,2,1,1,6
202100011882,2021-10-21 22:00:00,2021,10,21,22,0,92,92023,PIERRE CORBY (AVENUE),48.8002498192,2.2692386806,Nuit avec éclairage allumé,En agglomération,Intersection en T,Normale,Deux véhicules - côté,4,2,2,0,1,1,1,0,1,30,,2,1,0,0,1,27.0,23.0,,,5,2,3,1,3
202100011883,2021-10-22 07:50:00,2021,10,22,7,50,47,47015,Faubourg Corné,44.061787,0.650779,Nuit sans éclairage public,En agglomération,Hors intersection,Pluie légère,Autre collision,2,2,2,0,1,1,2,9,1,50,,2,1,0,1,0,26.0,,,,3,2,1,2,6
202100011884,2021-10-22 16:00:00,2021,10,22,16,0,01,01235,D1083,46.037046,5.066156,Plein jour,Hors agglomération,Hors intersection,Normale,Deux véhicules - frontale,3,2,2,0,1,1,1,0,1,80,,2,0,0,1,1,55.0,34.0,,,1,1,1,1,1
202100011885,2021-10-14 11:00:00,2021,10,14,11,0,22,22048,18 Rue de l Arguenon,48.481438,-2.169403,Plein jour,En agglomération,Autre intersection,Temps éblouissant,Autre collision,3,2,2,0,2,2,1,9,1,50,,2,1,0,1,0,87.0,,,,1,2,9,7,6
202100011886,2021-10-22 15:40:00,2021,10,22,15,40,43,43040,52 Avenue d’Auvergne,45.30362,3.37827,Plein jour,En agglomération,Hors intersection,Normale,Autre collision,3,2,2,0,1,1,1,9,1,50,,3,2,1,0,0,64.0,59.0,,,1,2,1,1,6
202100011887,2021-10-22 17:12:00,2021,10,22,17,12,28,28198,D927,48.080538,1.411947,Plein jour,Hors agglomération,Hors intersection,Normale,Deux véhicules - frontale,3,2,2,0,1,1,1,0,3,80,,3,0,1,1,1,76.0,54.0,,,1,1,1,1,1
202100011888,2021-10-22 17:00:00,2021,10,22,17,0,27,27154,D833,48.887432,1.172935,Plein jour,Hors agglomération,Hors intersection,Normale,Deux véhicules - frontale,3,2,2,0,2,1,1,0,1,80,,2,0,0,2,0,55.0,46.0,,,1,1,1,1,1
202100011889,2021-10-21 09:30:00,2021,10,21,9,30,42,42199,9 Rue Pierre Durantet,46.032409,3.934098,Plein jour,En agglomération,Hors intersection,Normale,Autre collision,3,2,2,0,2,1,1,0,4,50,,1,0,0,1,0,80.0,,,,1,2,1,1,6
202100011890,2021-10-22 08:20:00,2021,10,22,8,20,974,97414,194 Route de Cilaos,-21.271573,55.439835,Plein jour,En agglomération,Hors intersection,Normale,Autre collision,2,2,3,0,4,2,1,0,1,50,,2,1,0,0,1,25.0,,,,1,2,1,1,6
202100011891,2021-10-21 12:55:00,2021,10,21,12,55,974,97414,Rue Francois Cudenet,-21.293623,55.402384,Plein jour,En agglomération,Intersection en X,Normale,Deux véhicules - côté,2,2,-1,-1,1,1,1,0,1,-1,,2,1,0,1,0,25.0,34.0,,,1,2,2,1,3
202100011892,2021-10-20 23:45:00,2021,10,20,23,45,41,41223,autoroute A10 PK 158+830,47.617251,1.215459,Nuit sans éclairage public,Hors agglomération,Autre intersection,Vent fort / tempête,Autre collision,1,2,3,0,3,1,2,8,1,50,,1,0,0,0,1,58.0,,,,3,1,9,6,6
202100011893,2021-10-19 07:25:00,2021,10,19,7,25,59,59371,Rue du Bas,50.618617,2.880221,Nuit sans éclairage public,En agglomération,Hors intersection,Pluie légère,Deux véhicules - côté,4,2,2,0,1,2,2,0,1,50,,2,1,0,0,1,52.0,,,,3,2,1,2,3
202100011894,2021-10-19 09:00:00,2021,10,19,9,0,62,62770,rue de guarbecque,50.620935,2.518755,Plein jour,En agglomération,Intersection en T,Pluie légère,Deux véhicules - arrière,3,2,2,0,1,1,2,0,1,50,,2,1,0,1,0,59.0,33.0,,,1,2,3,2,2
202100011895,2021-10-20 06:03:00,2021,10,20,6,3,51,51248,D5,48.7580323004,3.9991557353,Nuit sans éclairage public,Hors agglomération,Hors intersection,Normale,Deux véhicules - frontale,3,2,2,0,1,1,1,0,1,80,,2,0,0,1,1,26.0,47.0,,,3,1,1,1,1
202100011896,2021-10-22 07:40:00,2021,10,22,7,40,56,56151,Rue de la Madeleine,48.064594,-2.890627,Nuit avec éclairage allumé,En agglomération,Hors intersection,Normale,Autre collision,3,2,2,0,2,1,1,0,1,50,,2,1,0,1,0,75.0,,,,5,2,1,1,6
202100011897,2021-10-22 05:45:00,2021,10,22,5,45,56,56226,Le Bout du Pont -,47.961781,-2.149077,Nuit sans éclairage public,Hors agglomération,Hors intersection,Pluie légère,Deux véhicules - frontale,3,2,2,0,2,1,2,0,1,80,,2,1,0,0,1,31.0,44.0,,,3,1,1,2,1
202100011898,2021-10-21 12:15:00,2021,10,21,12,15,76,76700,Route du Havre,49.678876,1.033804,Plein jour,Hors agglomération,Intersection en X,Pluie légère,Deux véhicules - côté,3,2,2,0,1,1,2,0,1,70,,2,0,0,1,1,28.0,48.0,,,1,1,2,2,3
202100011899,2021-10-22 10:45:00,2021,10,22,10,45,76,76675,Route de Dieppe,49.5746764911,1.0496097431,Plein jour,Hors agglomération,Hors intersection,Normale,Deux véhicules - frontale,3,2,2,0,2,1,1,0,1,80,,3,0,0,2,1,27.0,61.0,,,1,1,1,1,1
202100011900,2021-10-21 15:00:00,2021,10,21,15,0,2A,2A001,"RT 22, zone industrielle de Baleon",41.960049,8.806465,Plein jour,Hors agglomération,Hors intersection,Pluie légère,Deux véhicules - côté,2,2,2,0,1,1,2,0,1,50,,2,0,0,1,1,24.0,26.0,,,1,1,1,2,3
202100011901,2021-10-22 09:00:00,2021,10,22,9,0,82,82038,D926,44.2322064814,1.7677761039,Plein jour,Hors agglomération,Hors intersection,Brouillard / fumée,Autre collision,3,2,3,0,2,3,2,0,3,50,,2,1,0,1,0,40.0,,,,1,1,1,5,6
202100011902,2021-10-21 21:50:00,2021,10,21,21,50,41,41110,A85 Pk 187+600,47.315986,1.806628,Nuit sans éclairage public,Hors agglomération,Hors intersection,Normale,Trois véhicules et plus - collisions multiples,1,3,2,0,1,1,1,0,1,130,,4,3,0,0,1,39.0,24.0,,,3,1,1,1,5
202100011903,2021-10-15 19:35:00,2021,10,15,19,35,65,65127,RD 817,43.111957,0.355114,Nuit sans éclairage public,En agglomération,Autre intersection,Normale,Deux véhicules - côté,6,-1,-1,0,1,1,1,0,1,50,,2,1,0,1,0,73.0,18.0,,,3,2,9,1,3
202100011904,2021-10-19 22:00:00,2021,10,19,22,0,32,32388,pk 10+100 rd 12,43.649173,0.880741,Nuit sans éclairage public,Hors agglomération,Hors intersection,Normale,Autre collision,3,2,2,0,4,4,1,0,3,80,,1,0,0,1,0,72.0,,,,3,1,1,1,6
202100011905,2021-10-22 11:30:00,2021,10,22,11,30,71,71070,D977,46.711332,4.734378,Plein jour,Hors agglomération,Hors intersection,Normale,Deux véhicules - frontale,3,2,2,0,1,1,1,0,1,80,,2,1,1,0,0,71.0,32.0,,,1,1,1,1,1
202100011906,2021-10-22 08:30:00,2021,10,22,8,30,63,63306,Intersection D1/D117,45.706397,3.21849,Plein jour,Hors agglomération,Hors intersection,Temps couvert,Deux véhicules - arrière,3,2,2,0,1,1,2,0,1,80,,2,1,0,1,0,18.0,38.0,,,1,1,1,8,2
202100011907,2021-10-22 11:30:00,2021,10,22,11,30,61,61096,D916,48.527658,-0.408221,Plein jour,Hors agglomération,Intersection en T,Temps éblouissant,Deux véhicules - côté,3,2,2,0,1,1,1,0,1,90,,4,2,0,1,1,72.0,85.0,,,1,1,3,7,3
202100011908,2021-09-24 14:10:00,2021,9,24,14,10,49,49248,Rue Gustave Lariviere,47.711285,-0.98782,Plein jour,En agglomération,Intersection en T,Normale,Deux véhicules - côté,4,2,2,0,1,1,1,0,1,-1,,2,1,0,0,1,37.0,16.0,,,1,2,3,1,3
202100011909,2021-10-20 22:10:00,2021,10,20,22,10,49,49228,D58,47.480088,-0.0103,Nuit sans éclairage public,Hors agglomération,Hors intersection,Normale,Autre collision,3,2,2,0,1,1,1,0,3,90,,1,0,0,1,0,32.0,,,,3,1,1,1,6
202100011910,2021-10-13 11:25:00,2021,10,13,11,25,49,49323,La Millardière,47.511875,-0.476232,Plein jour,En agglomération,Hors intersection,Normale,Autre collision,6,-1,-1,0,1,1,1,0,8,30,,2,1,0,0,1,50.0,,,,1,2,1,1,6
202100011911,2021-10-22 00:30:00,2021,10,22,0,30,12,12208,D993,43.97636,2.913437,Nuit sans éclairage public,Hors agglomération,Hors intersection,Normale,Autre collision,3,2,2,0,2,2,1,0,3,90,,2,1,0,0,1,52.0,23.0,,,3,1,1,1,6
202100011912,2021-10-21 19:35:00,2021,10,21,19,35,12,12161,Mouret,44.530917,2.53237,Nuit sans éclairage public,Hors agglomération,Hors intersection,Normale,Autre collision,4,2,2,0,2,3,1,0,3,80,,1,0,1,0,0,88.0,,,,3,1,1,1,6
202100011913,2021-10-20 12:00:00,2021,10,20,12,0,41,41073,D24,47.901028,1.038896,Plein jour,Hors agglomération,Hors intersection,Pluie légère,Autre collision,3,2,2,0,1,2,2,0,8,80,,1,0,0,1,0,72.0,,,,1,1,1,2,6
202100011914,2021-10-22 03:08:00,2021,10,22,3,8,44,44131,départementale 751,47.112269,-2.047534,Nuit sans éclairage public,En agglomération,Giratoire,Normale,Sans collision,3,2,2,0,1,2,1,5,1,80,,1,0,0,0,1,57.0,,,,3,2,6,1,7
202100011915,2021-10-18 19:30:00,2021,10,18,19,30,03,03217,D33 et D2371,46.337432,2.671909,Nuit sans éclairage public,Hors agglomération,Intersection en T,Normale,Deux véhicules - côté,3,4,2,0,1,1,1,0,1,90,,2,1,0,1,0,,53.0,,,3,1,3,1,3
202100011916,2021-10-22 10:05:00,2021,10,22,10,5,14,14654,11 Rue de la Vicomte,49.017513,-0.036241,Plein jour,En agglomération,Hors intersection,Temps éblouissant,Autre collision,4,2,2,0,1,1,1,0,1,50,,2,1,0,1,0,69.0,,,,1,2,1,7,6
202100011917,2021-10-18 12:50:00,2021,10,18,12,50,14,14691,Rue de la Castine,49.111004,-0.305927,Plein jour,En agglomération,Giratoire,Normale,Deux véhicules - frontale,3,2,2,0,1,1,1,5,1,30,,2,1,0,0,1,56.0,58.0,,,1,2,6,1,1
202100011918,2021-10-22 11:15:00,2021,10,22,11,15,14,14578,D579,49.3499,0.19564,Plein jour,Hors agglomération,Hors intersection,Normale,Autre collision,3,2,2,0,1,2,1,0,3,90,,1,0,0,1,0,21.0,,,,1,1,1,1,6
202100011919,2021-10-21 11:20:00,2021,10,21,11,20,24,24008,Lieu Dit les Noches,45.412223,1.146242,Plein jour,Hors agglomération,Hors intersection,Normale,Autre collision,3,2,2,0,2,1,1,0,1,90,,2,1,0,1,0,38.0,,,,1,1,1,1,6
202100011920,2021-10-22 08:30:00,2021,10,22,8,30,04,04158,RD 11,43.710153,6.044905,Plein jour,Hors agglomération,Hors intersection,Normale,Deux véhicules - frontale,3,2,2,0,2,3,1,0,1,80,,3,1,0,1,1,33.0,61.0,,,1,1,1,1,1
202100011921,2021-10-20 15:40:00,2021,10,20,15,40,27,27316,Route de Bourg-Achard,49.373889,0.746496,Plein jour,Hors agglomération,Hors intersection,Normale,Autre collision,3,2,2,0,1,1,1,0,1,70,,3,2,0,1,0,32.0,78.0,,,1,1,1,1,6
202100011922,2021-09-28 07:50:00,2021,9,28,7,50,76,76305,A131,49.496988,0.230308,Crépuscule ou aube,Hors agglomération,Hors intersection,Normale,Deux véhicules - arrière,1,1,2,0,1,1,1,0,1,-1,,2,1,0,0,1,40.0,22.0,,,2,1,1,1,2
202100011923,2021-10-21 21:30:00,2021,10,21,21,30,34,34337,RD 612 PK 6+400,43.54074,3.823092,Nuit sans éclairage public,Hors agglomération,Hors intersection,Normale,Deux véhicules - frontale,7,3,4,0,1,1,1,0,1,110,,2,1,0,0,1,25.0,21.0,,,3,1,1,1,1
202100011924,2021-10-19 16:20:00,2021,10,19,16,20,74,74067,route des creuses,45.880747,6.029649,Plein jour,Hors agglomération,Hors intersection,Normale,Deux véhicules - côté,3,2,2,0,3,2,1,0,1,50,,2,1,0,0,1,37.0,36.0,,,1,1,1,1,3
202100011925,2021-10-20 20:25:00,2021,10,20,20,25,33,33122,20 Avenue du Maréchal de Lattre de Tassigny,44.781278,-0.691101,Nuit avec éclairage allumé,En agglomération,Hors intersection,Temps couvert,Autre collision,3,2,2,2,1,1,1,0,3,50,,2,1,0,1,0,44.0,,,,5,2,1,8,6
202100011926,2021-10-21 18:30:00,2021,10,21,18,30,38,38289,Le Boulangeard,45.134117,6.05145,Crépuscule ou aube,Hors agglomération,Hors intersection,Normale,Sans collision,3,2,2,0,1,2,1,0,3,80,,1,0,0,1,0,18.0,,,,2,1,1,1,7
202100011927,2021-10-22 08:45:00,2021,10,22,8,45,37,37131,route départementale 31,47.460819595,1.0123042777,Crépuscule ou aube,Hors agglomération,Intersection en X,Normale,Deux véhicules - arrière,3,2,2,0,3,2,1,0,1,90,,2,1,0,0,1,67.0,43.0,,,2,1,2,1,2
202100011928,2021-10-17 14:00:00,2021,10,17,14,0,2A,2A247,T101,41.583775,9.275755,Plein jour,En agglomération,Hors intersection,Normale,Deux véhicules - côté,2,2,2,0,2,1,1,0,1,50,,2,1,0,1,0,65.0,63.0,,,1,2,1,1,3
202100011929,2021-10-22 09:00:00,2021,10,22,9,0,34,34145,Avenue de Mauguio,43.67406,4.127469,Plein jour,En agglomération,Intersection en T,Normale,Deux véhicules - frontale,3,2,2,0,1,1,1,0,1,50,,2,1,0,0,1,35.0,16.0,,,1,2,3,1,1
202100011930,2021-08-22 18:40:00,2021,8,22,18,40,71,71069,Route du Moulin Cabot,46.3338746406,4.697511926,Plein jour,Hors agglomération,Intersection en Y,Temps éblouissant,Deux véhicules - arrière,3,2,2,0,1,1,1,0,1,80,,4,1,0,0,3,42.0,38.0,,,1,1,4,7,2
202100011931,2021-10-22 11:25:00,2021,10,22,11,25,67,67137,Rue de l Industrie,48.499716,7.693906,Plein jour,En agglomération,Intersection en T,Normale,Deux véhicules - côté,4,2,2,2,1,1,1,0,1,40,,2,1,0,0,1,68.0,28.0,,,1,2,3,1,3
202100011932,2021-10-22 01:44:00,2021,10,22,1,44,42,42005,Rue de la Baume,45.5291436103,4.2571227778,Nuit avec éclairage allumé,En agglomération,Giratoire,Normale,Autre collision,4,2,2,0,1,1,1,0,1,50,,1,0,0,1,0,24.0,,,,5,2,6,1,6
202100011933,2021-10-22 15:20:00,2021,10,22,15,20,38,38455,2840 Route du Bugey,45.6444,5.299845,Plein jour,En agglomération,Hors intersection,Normale,Autre collision,3,2,2,0,1,1,1,0,1,50,,2,1,0,1,0,19.0,,,,1,2,1,1,6
202100011934,2021-09-30 14:40:00,2021,9,30,14,40,69,69055,RD306,45.890206,4.742725,Plein jour,En agglomération,Hors intersection,Normale,Autre collision,3,2,2,0,1,1,1,0,1,50,,2,1,0,1,0,27.0,,,,1,2,1,1,6
202100011935,2021-10-22 07:50:00,2021,10,22,7,50,79,79270,Avenue de Blossac,46.415768,-0.198392,Crépuscule ou aube,En agglomération,Hors intersection,Normale,Sans collision,3,2,2,0,1,1,1,0,1,50,,3,2,1,0,0,43.0,,,,2,2,1,1,7
202100011936,2021-10-20 07:50:00,2021,10,20,7,50,60,60383,D15,49.5188444773,2.798616886,Crépuscule ou aube,Hors agglomération,Intersection en T,Pluie légère,Trois véhicules et plus - collisions multiples,3,2,2,0,1,1,6,0,1,80,,3,2,0,1,0,44.0,36.0,,,2,1,3,2,5
202100011937,2021-10-21 18:45:00,2021,10,21,18,45,60,60518,D151,49.5743166465,2.1829190095,Crépuscule ou aube,Hors agglomération,Intersection en X,Normale,Deux véhicules - côté,3,2,2,0,1,1,1,0,1,80,,3,0,0,2,1,19.0,65.0,,,2,1,2,1,3
202100011938,2021-10-21 09:10:00,2021,10,21,9,10,13,13215,A7-Sens Lyon vers Marseille,43.3771,5.3582,Plein jour,Hors agglomération,Hors intersection,Pluie forte,Deux véhicules - arrière,1,1,3,0,1,1,2,0,1,90,,2,1,0,0,1,38.0,47.0,,,1,1,1,3,2
202100011939,2021-10-21 09:54:00,2021,10,21,9,54,13,13085,A50-Sens Toulon vers Aubagne,43.25152,5.59582,Plein jour,Hors agglomération,Hors intersection,Pluie légère,Autre collision,1,1,3,0,1,1,2,0,1,110,,1,0,0,0,1,21.0,,,,1,1,1,2,6
202100011940,2021-10-21 08:08:00,2021,10,21,8,8,13,13015,A51-Sens Marseille vers Aix en Provence,43.43457,5.39556,Plein jour,Hors agglomération,Hors intersection,Pluie forte,Deux véhicules - arrière,1,1,2,0,2,2,2,0,1,70,,2,1,0,0,1,33.0,32.0,,,1,1,1,3,2
202100011941,2021-10-20 18:30:00,2021,10,20,18,30,69,69287,A43   9.894 A 13.029,45.6828357277,5.0114822388,Plein jour,Hors agglomération,Hors intersection,Normale,Autre collision,1,3,4,0,1,1,1,0,1,130,,1,0,0,0,1,39.0,,,,1,1,1,1,6
202100011942,2021-10-17 16:40:00,2021,10,17,16,40,69,69382,M7,45.74349,4.82652,Plein jour,Hors agglomération,Hors intersection,Normale,Trois véhicules et plus - collisions multiples,7,1,3,0,1,1,1,0,1,70,,4,3,0,0,1,39.0,31.0,,,1,1,1,1,5
202100011943,2021-10-19 19:15:00,2021,10,19,19,15,59,59160,AUTOROUTE A2,50.426891126,3.6435073614,Nuit sans éclairage public,Hors agglomération,Hors intersection,Normale,Trois véhicules et plus - en chaîne,1,-1,4,0,1,1,1,0,1,130,,4,3,0,1,0,43.0,46.0,,,3,1,1,1,4
202100011944,2021-10-21 18:45:00,2021,10,21,18,45,91,91689,AUTOROUTE A6,48.72863,2.31406,Crépuscule ou aube,Hors agglomération,Hors intersection,Normale,Deux véhicules - arrière,1,1,3,0,1,1,2,0,1,110,,2,1,0,0,1,19.0,46.0,,,2,1,1,1,2
202100011945,2021-10-21 16:50:00,2021,10,21,16,50,94,94034,AUTOROUTE A86,48.75849,2.326,Plein jour,Hors agglomération,Hors intersection,Normale,Deux véhicules - côté,1,3,4,0,1,1,2,1,1,70,,2,1,0,0,1,22.0,35.0,,,1,1,1,1,3
202100011946,2021-10-21 11:55:00,2021,10,21,11,55,91,91689,AUTOROUTE A6,48.738371,2.31795,Plein jour,Hors agglomération,Hors intersection,Normale,Deux véhicules - côté,1,3,4,0,1,1,1,0,1,110,,2,1,0,0,1,73.0,64.0,,,1,1,1,1,3
202100011947,2021-10-20 19:54:00,2021,10,20,19,54,94,94034,AUTOROUTE A86,48.75845,2.32669,Nuit avec éclairage allumé,Hors agglomération,Hors intersection,Normale,Deux véhicules - arrière,1,1,2,0,1,1,1,1,1,70,,3,1,0,0,2,33.0,21.0,,,5,1,1,1,2
202100011948,2021-10-21 19:00:00,2021,10,21,19,0,93,93048,AUTOROUTE A86,48.86544,2.48193,Crépuscule ou aube,Hors agglomération,Hors intersection,Normale,Deux véhicules - côté,1,3,6,0,1,3,1,0,1,90,,2,1,0,0,1,23.0,,,,2,1,1,1,3
202100011949,2021-10-21 18:25:00,2021,10,21,18,25,95,95582, A15,48.9633926985,2.264357074,Nuit sans éclairage public,Hors agglomération,Hors intersection,Temps couvert,Autre collision,1,1,2,0,4,2,1,3,1,50,,1,0,0,0,1,21.0,,,,3,1,1,8,6
202100011950,2021-10-21 16:50:00,2021,10,21,16,50,93,93027,AUTOROUTE A86,48.92848,2.41263,Plein jour,Hors agglomération,Hors intersection,Temps couvert,Autre collision,1,1,6,0,2,2,2,0,1,70,,1,0,0,0,1,19.0,,,,1,1,1,8,6
202100011951,2021-10-21 13:18:00,2021,10,21,13,18,93,93008,AUTOROUTE A86,48.91161,2.439657,Plein jour,Hors agglomération,Hors intersection,Pluie légère,Deux véhicules - arrière,1,3,6,0,1,1,2,1,1,90,,2,1,0,0,1,25.0,61.0,,,1,1,1,2,2
202100011952,2021-10-20 17:36:00,2021,10,20,17,36,93,93005,AUTOROUTE A3,48.94616,2.47622,Plein jour,Hors agglomération,Hors intersection,Normale,Deux véhicules - côté,1,3,8,0,1,1,1,0,1,90,,2,1,0,0,1,19.0,22.0,,,1,1,1,1,3
202100011953,2021-10-21 17:40:00,2021,10,21,17,40,75,75112,A4,48.8193498912,2.458781004,Plein jour,Hors agglomération,Hors intersection,Temps couvert,Deux véhicules - arrière,1,1,3,0,2,1,2,0,1,90,,2,1,0,0,1,60.0,21.0,,,1,1,1,8,2
202100011954,2021-10-21 10:00:00,2021,10,21,10,0,94,94022,A86 INT,48.7767878581,2.4174608997,Plein jour,Hors agglomération,Hors intersection,Normale,Trois véhicules et plus - en chaîne,1,3,3,0,1,2,2,0,1,90,,3,2,0,0,1,42.0,27.0,,,1,1,1,1,4
202100011955,2021-10-20 08:25:00,2021,10,20,8,25,93,93051,A4,48.83615,2.55554,Plein jour,Hors agglomération,Hors intersection,Normale,Deux véhicules - côté,1,1,3,0,1,1,1,0,1,110,,2,1,0,0,1,34.0,31.0,,,1,1,1,1,3
202100011956,2021-06-04 17:50:00,2021,6,4,17,50,48,48095,,44.508754,3.515973,Plein jour,Hors agglomération,Hors intersection,Pluie légère,Autre collision,3,2,2,-1,1,1,2,0,3,-1,,3,0,0,1,2,22.0,,,,1,1,1,2,6
202100011957,2021-06-09 09:40:00,2021,6,9,9,40,45,45234,Rue Chateaubriand,47.82385,1.93303,Plein jour,En agglomération,Giratoire,Normale,Deux véhicules - côté,4,-1,0,0,1,2,1,5,1,50,,2,1,0,0,1,62.0,46.0,,,1,2,6,1,3
202100011958,2021-05-15 18:45:00,2021,5,15,18,45,48,48095,,44.5116,3.5179,Crépuscule ou aube,Hors agglomération,Hors intersection,Normale,Autre collision,3,2,2,-1,2,2,-1,0,3,90,,1,0,0,1,0,24.0,,,,2,1,1,1,6
202100011959,2021-10-19 16:45:00,2021,10,19,16,45,47,47201,BEME (AVENUE PAUL),44.19105,0.5989,Plein jour,En agglomération,Hors intersection,Normale,Deux véhicules - arrière,4,2,2,0,2,1,1,0,1,30,,2,1,0,1,0,78.0,,,,1,2,1,1,2
202100011960,2021-08-19 16:45:00,2021,8,19,16,45,69,69112,A89,45.8369630556,4.6830710801,Plein jour,Hors agglomération,Hors intersection,Normale,Deux véhicules - arrière,1,3,4,0,1,1,1,0,1,110,,4,2,0,1,1,63.0,58.0,,,1,1,1,1,2
202100011961,2021-07-21 19:40:00,2021,7,21,19,40,74,74220,75 R Saint Ange,46.13811,6.271219,Plein jour,En agglomération,Hors intersection,Normale,Deux véhicules - côté,4,2,2,0,1,1,1,0,1,50,,2,1,0,0,1,22.0,52.0,,,1,2,1,1,3
202100011962,2021-07-30 02:50:00,2021,7,30,2,50,74,74201,Che des Fillinges,46.105427,6.095792,Nuit sans éclairage public,Hors agglomération,Hors intersection,Normale,Autre collision,4,2,2,0,2,1,9,0,3,50,,2,0,0,2,0,31.0,,,,3,1,1,1,6
202100011963,2021-07-29 11:10:00,2021,7,29,11,10,74,74080,Rte du Col des Aravis,45.875187,6.454178,Plein jour,Hors agglomération,Hors intersection,Normale,Trois véhicules et plus - collisions multiples,3,2,2,0,2,3,1,0,1,80,,3,1,1,0,1,64.0,67.0,,,1,1,1,1,5
202100011964,2021-10-20 14:40:00,2021,10,20,14,40,974,97416,LIGNE PARADIS(ROUTE DE LA),-21.32372,55.48588,Plein jour,En agglomération,Hors intersection,Normale,Deux véhicules - arrière,4,2,2,0,1,1,1,0,1,50,,2,1,0,0,1,17.0,25.0,,,1,2,1,1,2
202100011965,2021-10-19 22:20:00,2021,10,19,22,20,974,97411,JAURES (BOULEVARD JEAN),-20.900298,55.484266,Nuit avec éclairage allumé,En agglomération,Hors intersection,Normale,Deux véhicules - arrière,2,3,4,0,1,1,1,0,1,70,,2,1,0,0,1,,18.0,,,5,2,1,1,2
202100011966,2021-10-19 19:20:00,2021,10,19,19,20,974,97411,SOURCE (RUE DE LA),-20.89052,55.44806,Nuit sans éclairage public,En agglomération,Intersection en T,Normale,Deux véhicules - côté,4,2,2,0,1,1,1,0,1,50,,2,1,0,0,1,60.0,21.0,,,3,2,3,1,3
202100011967,2021-10-20 18:20:00,2021,10,20,18,20,973,97302,MONTABO (ROUTE DE) 3,4.93631,-52.29642,Nuit avec éclairage allumé,En agglomération,Hors intersection,Normale,Deux véhicules - côté,3,2,2,0,1,1,1,0,1,70,,2,0,0,0,2,25.0,23.0,,,5,2,1,1,3
202100011968,2021-10-20 08:45:00,2021,10,20,8,45,973,97302,UNIVERSITE CHICAGO (RUE DE),4.9340908883,-52.2991169393,Plein jour,En agglomération,Hors intersection,Normale,Deux véhicules - côté,4,2,2,0,1,1,1,0,1,50,,2,1,0,0,1,27.0,40.0,,,1,2,1,1,3
202100011969,2021-10-21 00:10:00,2021,10,21,0,10,69,69388,JEAN XXIII (BD),45.73996,4.87425,Nuit avec éclairage allumé,En agglomération,Hors intersection,Vent fort / tempête,Autre collision,4,2,3,3,1,1,1,0,1,50,,2,0,0,1,1,20.0,,,,5,2,1,6,6
202100011970,2021-10-20 23:00:00,2021,10,20,23,0,69,69259,FRERES LANFRANCHI (DES) (R),45.71315,4.87675,Nuit avec éclairage allumé,En agglomération,Intersection en T,Vent fort / tempête,Deux véhicules - côté,4,1,2,0,1,1,1,0,1,50,,2,1,0,0,1,,52.0,,,5,2,3,6,3
202100011971,2021-10-20 16:50:00,2021,10,20,16,50,69,69383,ETIENNE RICHERAND (R),45.7575563113,4.8658047616,Plein jour,En agglomération,Hors intersection,Normale,Deux véhicules - côté,4,1,1,0,1,1,1,0,1,50,,2,1,0,0,1,25.0,13.0,,,1,2,1,1,3
202100011972,2021-10-20 17:20:00,2021,10,20,17,20,69,69383,FERDINAND BUISSON (R),45.74977,4.88975,Plein jour,En agglomération,Intersection en X,Vent fort / tempête,Deux véhicules - côté,4,1,1,2,1,1,1,0,1,50,,2,1,0,0,1,24.0,37.0,,,1,2,2,6,3
202100011973,2021-10-20 10:45:00,2021,10,20,10,45,69,69383,VERLET HANUS (R),45.75796,4.85004,Plein jour,En agglomération,Intersection en X,Normale,Deux véhicules - côté,4,1,1,0,1,1,1,0,1,50,,3,2,0,0,1,42.0,27.0,,,1,2,2,1,3