accident_id,datetime,annee,mois,jour,heure,minute,departement,commune_insee,adresse,latitude,longitude,luminosite,agglomeration,intersection,meteo,collision,catr,circ,nbv,vosp,prof,plan,surf,infra,situ,vma,nb_vehicules,nb_usagers,nb_indemnes,nb_tues,nb_blesses_hosp,nb_blesses_legers,age_cond_1,age_cond_2,veh_type_cond_1,veh_type_cond_2,lum_code,agg_code,int_code,atm_code,col_code
202100011974,2021-10-20 14:25:00,2021,10,20,14,25,972,97213,FOUR A CHAUX (CHEMIN DU),14.612695,-61.002872,Plein jour,En agglomération,Hors intersection,Normale,Autre collision,4,1,1,0,1,1,1,0,1,30,,4,3,0,1,0,42.0,50.0,,,1,2,1,1,6
202100011975,2021-10-20 09:10:00,2021,10,20,9,10,2B,2B033,ROUTE ROYALE,42.67946,9.42919,Plein jour,En agglomération,Hors intersection,Normale,Deux véhicules - frontale,3,2,2,0,2,1,1,0,1,50,,2,1,0,0,1,38.0,,,,1,2,1,1,1
202100011976,2021-10-20 14:30:00,2021,10,20,14,30,95,95268,RUE EUGENE VARLIN,48.963821,2.402277,Plein jour,En agglomération,Hors intersection,Temps couvert,Deux véhicules - frontale,4,-1,2,0,1,1,1,0,1,50,,2,1,0,0,1,52.0,35.0,,,1,2,1,8,1
202100011977,2021-10-19 19:35:00,2021,10,19,19,35,95,95680,ERABLES (AVENUE DES),49.00035,2.39451,Nuit avec éclairage allumé,En agglomération,Hors intersection,Normale,Autre collision,3,3,4,0,1,1,1,0,1,50,,3,2,0,0,1,28.0,,,,5,2,1,1,6
202100011978,2021-10-14 17:30:00,2021,10,14,17,30,95,95598,CLOS RENAUD    RUE DU,48.9902196699,2.296475172,Plein jour,En agglomération,Giratoire,Normale,Deux véhicules - côté,3,2,2,0,1,1,1,0,1,50,,2,1,0,0,1,15.0,46.0,,,1,2,6,1,3
202100011979,2021-10-20 18:05:00,2021,10,20,18,5,95,95018,ENGHIEN (ROUTE D' ),48.956596,2.282648,Plein jour,En agglomération,Hors intersection,Normale,Deux véhicules - côté,3,2,2,0,1,1,1,0,1,50,,2,1,0,0,1,29.0,24.0,,,1,2,1,1,3
202100011980,2021-10-20 21:30:00,2021,10,20,21,30,91,91687,ANDRE MALRAUX (AVENUE),48.673518,2.361793,Nuit sans éclairage public,En agglomération,Giratoire,Normale,Autre collision,3,3,2,0,1,1,1,0,1,50,,2,1,0,0,1,61.0,,,,3,2,6,1,6
202100011981,2021-10-20 16:30:00,2021,10,20,16,30,91,91432,RD 118,48.7068128519,2.3274171352,Plein jour,En agglomération,Hors intersection,Normale,Trois véhicules et plus - en chaîne,3,1,2,0,1,2,1,0,1,50,,3,2,0,0,1,24.0,53.0,,,1,2,1,1,4
202100011982,2021-10-19 13:22:00,2021,10,19,13,22,87,87065,TOULOUSE (RUE DE),45.7982,1.29564,Plein jour,En agglomération,Hors intersection,Normale,Deux véhicules - côté,3,3,3,0,2,2,1,3,1,50,,3,2,0,0,1,53.0,21.0,,,1,2,1,1,3
202100011983,2021-10-14 12:05:00,2021,10,14,12,5,84,84087,FOCH (AVENUE MARECHAL),44.132834,4.813811,Plein jour,En agglomération,Hors intersection,Normale,Deux véhicules - côté,2,2,2,0,1,1,1,0,1,50,,2,1,0,1,0,16.0,48.0,,,1,2,1,1,3
202100011984,2021-10-17 06:00:00,2021,10,17,6,0,30,30351,GENERAL LECLERC AVENUE DU,43.9577,4.7819,Nuit avec éclairage non allumé,En agglomération,Hors intersection,Normale,Sans collision,3,2,2,0,2,3,1,0,1,50,,1,0,1,0,0,22.0,,,,4,2,1,1,7
202100011985,2021-10-16 07:20:00,2021,10,16,7,20,84,84007,MORIERES (ROUTE DE) - MONTFAVET,43.94489,4.87961,Plein jour,En agglomération,Hors intersection,Normale,Deux véhicules - frontale,3,2,2,0,1,1,1,0,1,50,,4,0,0,0,4,20.0,79.0,,,1,2,1,1,1
202100011986,2021-10-15 07:15:00,2021,10,15,7,15,84,84007,DOCTEUR PONS (Route touristique),43.958949,4.83354,Crépuscule ou aube,Hors agglomération,Hors intersection,Normale,Trois véhicules et plus - collisions multiples,3,2,2,0,1,2,1,0,1,70,,4,3,0,1,0,51.0,39.0,,,2,1,1,1,5
202100011987,2021-10-17 00:05:00,2021,10,17,0,5,83,83137,PICOT (AVE DU COLONEL),43.12707,5.96183,Nuit avec éclairage allumé,En agglomération,Intersection en T,Normale,Deux véhicules - côté,7,2,1,0,2,1,1,0,1,50,,2,1,0,0,1,29.0,,,,5,2,3,1,3
202100011988,2021-10-15 22:40:00,2021,10,15,22,40,83,83069,EUROPE ( PLACE DE ),43.10921,6.1245,Nuit avec éclairage allumé,En agglomération,Intersection en X,Normale,Autre collision,4,2,1,0,1,1,1,0,8,50,,2,0,0,0,2,31.0,,,,5,2,2,1,6
202100011989,2021-10-20 12:50:00,2021,10,20,12,50,83,83069,AEROPORT (AVENUE DE L'),43.0977,6.1343,Plein jour,Hors agglomération,Autre intersection,Normale,Trois véhicules et plus - en chaîne,7,2,2,0,1,1,1,0,1,70,,4,3,0,1,0,54.0,27.0,,,1,1,9,1,4
202100011990,2021-10-19 12:39:00,2021,10,19,12,39,83,83069,ALMANARRE (ROUTE DE L'),43.0847911602,6.1099755764,Plein jour,En agglomération,Intersection en T,Normale,Deux véhicules - frontale,7,2,2,0,2,1,1,0,1,50,,2,1,0,1,0,54.0,27.0,,,1,2,3,1,1
202100011991,2021-10-19 13:19:00,2021,10,19,13,19,72,72181,CHAPALAIN JEAN YVES (BD),47.9717,0.2286,Plein jour,En agglomération,Hors intersection,Normale,Autre collision,4,2,2,0,1,1,1,0,1,50,,1,0,0,0,1,76.0,,,,1,2,1,1,6
202100011992,2021-10-19 21:49:00,2021,10,19,21,49,72,72181,LIBERATION (AV DE LA) N° IMP 147 ET+,48.0059888891,0.1889437436,Nuit avec éclairage allumé,En agglomération,Intersection en T,Normale,Deux véhicules - côté,4,2,2,1,1,1,1,0,1,50,,2,1,0,0,1,25.0,52.0,,,5,2,3,1,3
202100011993,2021-10-19 18:20:00,2021,10,19,18,20,72,72181,BOLLEE (AV) N° IMP 201 A 255,47.9975371112,0.2254343031,Plein jour,En agglomération,Hors intersection,Normale,Deux véhicules - arrière,4,-1,4,0,1,1,1,0,1,50,,2,1,0,0,1,18.0,36.0,,,1,2,1,1,2
202100011994,2021-10-19 17:35:00,2021,10,19,17,35,72,72181,CUGNOT NICOLAS (BD),47.98436,0.22249,Plein jour,En agglomération,Hors intersection,Normale,Autre collision,4,3,4,0,1,1,1,0,1,70,,2,1,0,0,1,31.0,,,,1,2,1,1,6
202100011995,2021-10-20 15:50:00,2021,10,20,15,50,71,71076,Avenue Edouard Herriot,46.7969292398,4.8684360087,Plein jour,En agglomération,Intersection en T,Normale,Deux véhicules - côté,4,3,2,2,1,1,1,5,1,50,,2,1,0,0,1,20.0,58.0,,,1,2,3,1,3
202100011996,2021-10-20 21:30:00,2021,10,20,21,30,69,69290,INDUSTRIE (DE L') (R),45.68797,4.93326,Nuit avec éclairage allumé,En agglomération,Intersection en T,Vent fort / tempête,Deux véhicules - côté,4,2,2,1,1,1,1,0,1,50,,2,1,0,0,1,53.0,24.0,,,5,2,3,6,3
202100011997,2021-10-20 08:15:00,2021,10,20,8,15,66,66136,R D 900,42.70868,2.87821,Plein jour,Hors agglomération,Hors intersection,Normale,Trois véhicules et plus - en chaîne,3,3,4,0,1,3,1,0,1,90,,4,3,0,0,1,48.0,51.0,,,1,1,1,1,4
202100011998,2021-10-20 07:45:00,2021,10,20,7,45,66,66136,D 616,42.71083,2.87473,Crépuscule ou aube,Hors agglomération,Intersection en T,Normale,Deux véhicules - côté,3,1,1,1,1,1,1,0,1,50,,2,1,0,1,0,22.0,50.0,,,2,1,3,1,3
202100011999,2021-10-19 08:15:00,2021,10,19,8,15,66,66172,R D 900,42.70362,2.86579,Plein jour,Hors agglomération,Hors intersection,Normale,Deux véhicules - arrière,3,3,3,0,1,1,1,0,1,80,,2,0,0,0,2,44.0,34.0,,,1,1,1,1,2
202100012000,2021-10-20 22:18:00,2021,10,20,22,18,65,65440,ALSACE LORRAINE (AVENUE),43.25005,0.072204,Nuit sans éclairage public,En agglomération,Hors intersection,Normale,Deux véhicules - frontale,6,-1,-1,0,1,1,1,9,8,30,,3,2,0,0,1,17.0,21.0,,,3,2,1,1,1
202100012001,2021-10-20 00:30:00,2021,10,20,0,30,65,65440,BRIAND (AVENUE ARISTIDE),43.22662,0.06786,Nuit avec éclairage allumé,En agglomération,Hors intersection,Normale,Autre collision,4,2,2,0,1,1,1,0,1,50,,1,0,0,0,1,24.0,,,,5,2,1,1,6
202100012002,2021-10-20 18:40:00,2021,10,20,18,40,64,64445,MONTPENSIER,43.30141,-0.37338,Plein jour,En agglomération,Intersection en X,Normale,Deux véhicules - côté,4,2,2,0,1,1,1,0,1,50,,2,1,0,0,1,19.0,19.0,,,1,2,2,1,3
202100012003,2021-10-20 14:00:00,2021,10,20,14,0,64,64335,SALIE,43.336166014,-0.4343032837,Plein jour,En agglomération,Giratoire,Temps éblouissant,Deux véhicules - côté,4,2,2,0,1,1,1,0,1,50,,2,1,0,0,1,81.0,32.0,,,1,2,6,7,3
202100012004,2021-10-20 12:50:00,2021,10,20,12,50,64,64348,ERCKMAN CHATRIAN,43.32781,-0.39392,Plein jour,Hors agglomération,Intersection en T,Normale,Deux véhicules - côté,4,2,2,0,1,1,1,0,1,50,,2,1,0,0,1,36.0,36.0,,,1,1,3,1,3
202100012005,2021-10-20 08:55:00,2021,10,20,8,55,64,64445,DIDIER DAURAT,43.32584,-0.37959,Plein jour,Hors agglomération,Intersection en T,Normale,Deux véhicules - côté,4,2,3,1,1,1,1,0,1,50,,2,1,0,0,1,35.0,17.0,,,1,1,3,1,3
202100012006,2021-10-19 18:15:00,2021,10,19,18,15,64,64024,BAB (BOULEVARD DU),43.496,-1.51244,Plein jour,En agglomération,Hors intersection,Normale,Deux véhicules - arrière,4,2,4,0,1,1,1,0,1,50,,2,1,0,0,1,30.0,63.0,,,1,2,1,1,2
202100012007,2021-10-19 17:45:00,2021,10,19,17,45,64,64102,SOULT (AVENUE MARECHAL),43.485737,-1.49138,Plein jour,En agglomération,Autre intersection,Normale,Deux véhicules - arrière,3,2,4,3,1,1,1,0,1,50,,2,1,0,0,1,16.0,22.0,,,1,2,9,1,2
202100012008,2021-10-19 18:50:00,2021,10,19,18,50,63,63113,CRISTAL (AVENUE ERNEST),45.75943,3.14311,Crépuscule ou aube,En agglomération,Hors intersection,Normale,Trois véhicules et plus - en chaîne,7,2,2,0,1,1,1,0,1,50,,3,2,0,0,1,56.0,20.0,,,2,2,1,1,4
202100012009,2021-10-19 17:15:00,2021,10,19,17,15,63,63113,CHATEAU DES VERGNES/ charmes,45.80768,3.12829,Crépuscule ou aube,En agglomération,Intersection en T,Normale,Deux véhicules - côté,4,2,2,0,1,1,1,0,1,50,,3,1,0,0,2,41.0,77.0,,,2,2,3,1,3
202100012010,2021-10-20 19:10:00,2021,10,20,19,10,59,59599,GRAMME (CHAUSSEE),50.73778,3.16397,Nuit avec éclairage allumé,En agglomération,Hors intersection,Normale,Deux véhicules - arrière,7,1,2,1,1,1,1,0,1,50,,3,2,0,0,1,20.0,71.0,,,5,2,1,1,2
202100012011,2021-10-20 08:00:00,2021,10,20,8,0,59,59599,PARIS (RUE DE),50.72001,3.14268,Nuit avec éclairage allumé,En agglomération,Intersection en X,Pluie légère,Deux véhicules - frontale,4,2,2,0,1,1,2,0,1,50,,2,1,0,0,1,19.0,43.0,,,5,2,2,2,1
202100012012,2021-10-20 10:03:00,2021,10,20,10,3,59,59512,METZ (BOULEVARD DE),50.702744,3.182172,Plein jour,En agglomération,Hors intersection,Pluie légère,Autre collision,7,2,2,0,1,1,2,0,1,50,,2,1,1,0,0,55.0,,,,1,2,1,2,6
202100012013,2021-10-20 07:30:00,2021,10,20,7,30,59,59350,NAPOLEON CHEMIN DU PAVE,50.61809,3.10932,Nuit avec éclairage allumé,En agglomération,Intersection en T,Pluie forte,Autre collision,7,3,3,2,1,1,3,0,1,50,,2,1,0,0,1,52.0,,,,5,2,3,3,6
202100012014,2021-10-19 18:15:00,2021,10,19,18,15,59,59431,MENEGATTE (RUE DE LA),50.69958,2.81029,Plein jour,Hors agglomération,Hors intersection,Temps couvert,Autre collision,4,2,2,0,1,1,6,0,3,70,,2,1,0,1,0,18.0,,,,1,1,1,8,6
202100012015,2021-10-15 17:23:00,2021,10,15,17,23,57,57672,MERLIN (AVENUE) - PAIR,49.35608,6.15738,Plein jour,En agglomération,Hors intersection,Normale,Autre collision,4,2,2,0,1,1,1,0,1,50,,2,1,0,1,0,52.0,41.0,,,1,2,1,1,6
202100012016,2021-10-20 14:10:00,2021,10,20,14,10,51,51454,Avenue de l’Europe,49.25269,4.06243,Plein jour,En agglomération,Hors intersection,Temps couvert,Sans collision,4,3,4,0,1,1,2,0,1,50,,2,1,0,0,1,22.0,,,,1,2,1,8,7
202100012017,2021-10-18 17:10:00,2021,10,18,17,10,49,49328,BALZAC (SQUARE),47.25234,-0.08236,Plein jour,En agglomération,Hors intersection,Normale,Autre collision,4,1,1,3,1,1,1,0,1,30,,2,1,0,0,1,32.0,,,,1,2,1,1,6
202100012018,2021-10-20 20:15:00,2021,10,20,20,15,49,49007,BOREAU,47.4771,-0.54429,Nuit avec éclairage allumé,En agglomération,Hors intersection,Normale,Deux véhicules - côté,4,2,2,0,1,1,1,0,1,50,,3,1,0,0,2,20.0,18.0,,,5,2,1,1,3
202100012019,2021-10-19 18:35:00,2021,10,19,18,35,47,47001,LECLERC (AV. DU GENERAL),44.1855,0.62133,Plein jour,En agglomération,Giratoire,Normale,Deux véhicules - côté,4,2,0,0,1,1,1,0,1,50,,2,1,0,0,1,73.0,17.0,,,1,2,6,1,3
202100012020,2021-10-20 18:20:00,2021,10,20,18,20,44,44109,BOULEVARD DE LA PRAIRIE DE MAUVES,47.22416,-1.49962,Plein jour,Hors agglomération,Hors intersection,Normale,Deux véhicules - côté,4,2,0,0,1,1,1,0,1,80,,2,1,0,1,0,52.0,22.0,,,1,1,1,1,3
202100012021,2021-10-20 07:50:00,2021,10,20,7,50,42,42187,Rue de Charlieu,46.0565975284,4.0868322518,Plein jour,En agglomération,Intersection en T,Normale,Deux véhicules - côté,3,3,6,0,1,1,1,5,1,50,,2,1,0,1,0,35.0,57.0,,,1,2,3,1,3
202100012022,2021-09-11 19:50:00,2021,9,11,19,50,34,34003,POUGET,43.30115,3.47309,Crépuscule ou aube,En agglomération,Intersection en X,Normale,Deux véhicules - côté,4,2,2,0,1,1,1,0,1,50,,3,1,0,2,0,55.0,32.0,,,2,2,2,1,3
202100012023,2021-10-20 14:05:00,2021,10,20,14,5,33,33075,Rue de Daugère,44.88414,-0.59309,Plein jour,En agglomération,Giratoire,Normale,Deux véhicules - arrière,4,-1,2,0,1,1,1,0,1,50,,2,1,0,0,1,20.0,63.0,,,1,2,6,1,2
202100012024,2021-10-20 14:47:00,2021,10,20,14,47,33,33069,Rue Molière,44.8670951529,-0.6003963535,Plein jour,En agglomération,Intersection en X,Normale,Deux véhicules - côté,4,1,1,0,1,1,1,0,1,30,,2,0,0,0,2,38.0,39.0,,,1,2,2,1,3
202100012025,2021-10-20 09:15:00,2021,10,20,9,15,33,33200,Avenue des Satellites,44.85889,-0.67289,Plein jour,En agglomération,Giratoire,Normale,Deux véhicules - côté,4,2,2,0,1,1,1,9,8,50,,2,1,0,0,1,39.0,44.0,,,1,2,6,1,3
202100012026,2021-10-20 15:40:00,2021,10,20,15,40,29,29232,Rue Haute,47.98873,-4.11096,Plein jour,En agglomération,Hors intersection,Pluie légère,Deux véhicules - frontale,4,3,4,0,2,3,2,5,1,50,,2,1,0,0,1,36.0,27.0,,,1,2,1,2,1
202100012027,2021-10-19 09:45:00,2021,10,19,9,45,28,28134,POTEZ (RUE HENRY),48.75122,1.35078,Plein jour,En agglomération,Hors intersection,Temps couvert,Deux véhicules - frontale,6,2,2,0,1,1,1,6,1,10,,3,2,0,0,1,86.0,,,,1,2,1,8,1
202100012028,2021-10-20 10:45:00,2021,10,20,10,45,27,27681,GISORS (ROUTE DE),49.10275102,1.4856846,Plein jour,En agglomération,Hors intersection,Normale,Trois véhicules et plus - en chaîne,3,2,2,0,1,1,1,0,1,50,,3,2,0,0,1,72.0,44.0,,,1,2,1,1,4
202100012029,2021-10-21 01:25:00,2021,10,21,1,25,17,17300,REMPARTS   CHEMIN DES,46.16582,-1.1539,Nuit avec éclairage allumé,En agglomération,Hors intersection,Vent fort / tempête,Autre collision,4,1,2,3,1,3,2,0,1,30,,1,0,0,0,1,19.0,,,,5,2,1,6,6
202100012030,2021-10-20 07:19:00,2021,10,20,7,19,13,13117,LONDRES (AVENUE DE),43.42718,5.23536,Plein jour,En agglomération,Intersection en X,Temps couvert,Deux véhicules - côté,7,2,2,0,1,1,1,2,1,50,,2,0,0,1,1,46.0,49.0,,,1,2,2,8,3
202100012031,2021-10-20 19:45:00,2021,10,20,19,45,13,13206,PRADO (AVENUE DU),43.28404,5.38478,Nuit avec éclairage allumé,En agglomération,Intersection en X,Normale,Deux véhicules - côté,4,2,4,3,1,1,1,0,1,50,,2,1,0,0,1,52.0,65.0,,,5,2,2,1,3
202100012032,2021-10-20 14:00:00,2021,10,20,14,0,13,13201,VILLENEUVE (RUE),43.30175,5.3825,Plein jour,En agglomération,Intersection en X,Normale,Deux véhicules - côté,4,1,2,0,2,1,1,0,1,50,,2,1,0,0,1,41.0,,,,1,2,2,1,3
202100012033,2021-10-20 07:20:00,2021,10,20,7,20,13,13212,CAILLOLS (AVENUE DES),43.3038524945,5.4357341007,Crépuscule ou aube,En agglomération,Hors intersection,Normale,Deux véhicules - frontale,4,2,2,0,1,3,1,0,1,50,,2,0,0,2,0,40.0,41.0,,,2,2,1,1,1
202100012034,2021-10-15 15:50:00,2021,10,15,15,50,13,13208,MICHELET (BOULEVARD),43.2617151426,5.3974283713,Plein jour,En agglomération,Autre intersection,Normale,Deux véhicules - frontale,4,2,4,0,1,1,1,0,1,50,,2,1,0,1,0,23.0,,,,1,2,9,1,1
202100012035,2021-10-19 14:00:00,2021,10,19,14,0,13,13203,ROGER SALENGRO (AVENUE),43.31452,5.37054,Plein jour,En agglomération,Intersection en X,Normale,Deux véhicules - côté,4,1,2,0,1,1,1,0,1,50,,2,1,0,0,1,61.0,41.0,,,1,2,2,1,3
202100012036,2021-10-19 07:35:00,2021,10,19,7,35,11,11037,PYRENEES  (AVENUE DES),43.21073,2.3999,Nuit avec éclairage allumé,En agglomération,Autre intersection,Normale,Deux véhicules - côté,3,2,2,0,1,1,1,5,1,50,,3,2,0,0,1,20.0,36.0,,,5,2,9,1,3
202100012037,2021-10-20 01:03:00,2021,10,20,1,3,06,06088,BEAUMONT (RUE),43.702968,7.288133,Nuit avec éclairage allumé,En agglomération,Intersection à plus de 4 branches,Normale,Deux véhicules - côté,4,1,2,0,1,1,1,0,1,50,,4,2,0,2,0,32.0,35.0,,,5,2,5,1,3
202100012038,2021-10-20 16:00:00,2021,10,20,16,0,06,06029,MIDI (BOULEVARD DU),43.54916,6.99849,Plein jour,En agglomération,Hors intersection,Normale,Deux véhicules - frontale,4,2,2,0,1,1,1,0,1,50,,1,0,0,0,1,60.0,,,,1,2,1,1,1
202100012039,2021-10-20 09:00:00,2021,10,20,9,0,06,06027,CITRONNIERS AVENUE DES,43.661354,7.165557,Plein jour,En agglomération,Hors intersection,Normale,Autre collision,4,2,2,0,3,1,1,2,1,50,,2,1,0,0,1,20.0,,,,1,2,1,1,6
202100012040,2021-10-19 19:40:00,2021,10,19,19,40,75,75114,BOULEVARD PERIPHERIQUE,48.820562,2.32342,Nuit avec éclairage allumé,En agglomération,Hors intersection,Normale,Trois véhicules et plus - en chaîne,4,1,3,0,1,1,1,0,1,70,,4,2,0,0,2,22.0,25.0,,,5,2,1,1,4
202100012041,2021-10-19 15:00:00,2021,10,19,15,0,75,75117,BOULEVARD PERIPHERIQUE,48.900645,2.32473,Plein jour,En agglomération,Hors intersection,Normale,Trois véhicules et plus - en chaîne,4,1,4,0,1,1,1,0,1,70,,5,4,0,0,1,29.0,53.0,,,1,2,1,1,4
202100012042,2021-10-18 21:00:00,2021,10,18,21,0,75,75106,BOULEVARD DU MONTPARNASSE,48.842821,2.327126,Nuit avec éclairage allumé,En agglomération,Intersection en T,Pluie forte,Deux véhicules - arrière,4,3,2,0,1,1,2,0,1,30,,3,2,0,0,1,25.0,23.0,,,5,2,3,3,2
202100012043,2021-10-20 14:00:00,2021,10,20,14,0,75,75120,RUE BELGRAND,48.864482,2.408397,Plein jour,En agglomération,Place,Normale,Deux véhicules - côté,4,1,1,1,1,1,1,-1,5,30,,2,1,0,0,1,35.0,31.0,,,1,2,7,1,3
202100012044,2021-10-20 09:30:00,2021,10,20,9,30,75,75120,RUE DES PYRENEES,48.871529,2.392544,Plein jour,En agglomération,Place,Normale,Sans collision,4,2,2,1,2,1,8,0,1,30,,1,0,0,0,1,48.0,,,,1,2,7,1,7
202100012045,2021-10-20 14:25:00,2021,10,20,14,25,75,75118,BOULEVARD NEY,48.897679,2.32898,Plein jour,En agglomération,Intersection en X,Normale,Deux véhicules - côté,4,2,4,2,1,1,1,-1,6,50,,5,3,0,0,2,55.0,35.0,,,1,2,2,1,3
202100012046,2021-10-20 06:10:00,2021,10,20,6,10,75,75118,AVENUE DE LA PORTE D AUBERVILLIERS,48.900387,2.370348,Nuit avec éclairage allumé,En agglomération,Place,Normale,Deux véhicules - côté,4,1,2,0,1,1,1,0,1,50,,2,1,0,0,1,22.0,,,,5,2,7,1,3
202100012047,2021-10-20 09:45:00,2021,10,20,9,45,75,75114,RUE DE LA TOMBE ISSOIRE,48.831542,2.335005,Plein jour,En agglomération,Hors intersection,Temps couvert,Autre collision,4,1,3,1,1,1,2,0,1,30,,2,1,0,0,1,86.0,,,,1,2,1,8,6
202100012048,2021-10-20 12:40:00,2021,10,20,12,40,75,75112,BOULEVARD DE PICPUS,48.84652,2.4002,Plein jour,En agglomération,Intersection en T,Temps couvert,Deux véhicules - arrière,4,1,2,1,1,1,1,0,1,50,,2,1,0,0,1,59.0,44.0,,,1,2,3,8,2
202100012049,2021-10-20 14:40:00,2021,10,20,14,40,75,75111,BOULEVARD RICHARD LENOIR,48.862885,2.37224,Plein jour,En agglomération,Hors intersection,Normale,Autre collision,4,1,2,0,1,1,1,0,1,30,,2,1,0,0,1,23.0,,,,1,2,1,1,6
202100012050,2021-10-20 20:37:00,2021,10,20,20,37,75,75108,AVENUE FRANKLIN D ROOSEVELT,48.864921,2.31028,Nuit avec éclairage allumé,En agglomération,Intersection en X,Temps couvert,Autre collision,4,2,3,0,1,1,1,0,1,30,,2,1,0,0,1,59.0,,,,5,2,2,8,6
202100012051,2021-10-20 17:00:00,2021,10,20,17,0,75,75108,PLACE DU GENERAL BROCARD,48.8781,2.305404,Plein jour,En agglomération,Place,Normale,Sans collision,4,1,2,0,1,1,1,0,1,30,,1,0,0,0,1,46.0,,,,1,2,7,1,7
202100012052,2021-10-20 17:30:00,2021,10,20,17,30,75,75107,PONT DES INVALIDES,48.862618,2.310387,Plein jour,En agglomération,Intersection en X,Temps couvert,Deux véhicules - côté,4,2,2,2,1,1,1,-1,5,30,,2,1,0,0,1,25.0,25.0,,,1,2,2,8,3
202100012053,2021-10-20 14:20:00,2021,10,20,14,20,75,75101,RUE SAINT HONORE,48.864189,2.333481,Plein jour,En agglomération,Hors intersection,Normale,Deux véhicules - côté,4,1,1,0,1,1,1,0,1,30,,2,1,0,0,1,37.0,42.0,,,1,2,1,1,3
202100012054,2021-10-19 22:30:00,2021,10,19,22,30,94,94068,Avenue Foch,48.7986,2.50114,Nuit avec éclairage allumé,En agglomération,Hors intersection,Normale,Deux véhicules - frontale,3,2,2,0,1,1,1,0,1,30,,4,3,0,0,1,24.0,47.0,,,5,2,1,1,1
202100012055,2021-10-19 14:45:00,2021,10,19,14,45,94,94068,Boulevard de Créteil,48.79811,2.48402,Plein jour,En agglomération,Intersection en X,Normale,Deux véhicules - côté,3,2,2,0,1,1,1,0,1,30,,3,2,0,0,1,24.0,22.0,,,1,2,2,1,3
202100012056,2021-10-20 04:55:00,2021,10,20,4,55,94,94081,Avenue Jean Jaurès,48.79317,2.39596,Nuit avec éclairage allumé,En agglomération,Autre intersection,Normale,Deux véhicules - côté,3,2,2,0,1,1,1,0,1,50,,2,0,0,1,1,37.0,19.0,,,5,2,9,1,3
202100012057,2021-10-20 17:00:00,2021,10,20,17,0,94,94065,Avenue des Trois Marches Min,48.758956,2.350894,Plein jour,En agglomération,Hors intersection,Temps couvert,Deux véhicules - côté,4,1,2,0,1,1,1,5,1,50,,3,2,0,0,1,46.0,27.0,,,1,2,1,8,3
202100012058,2021-10-20 12:40:00,2021,10,20,12,40,94,94073,Avenue de Fontainebleau,48.74787,2.36934,Plein jour,En agglomération,Intersection en T,Normale,Deux véhicules - côté,3,1,1,0,1,1,1,0,1,50,,2,1,0,0,1,41.0,38.0,,,1,2,3,1,3
202100012059,2021-10-19 16:40:00,2021,10,19,16,40,94,94011,Grande Allée,48.76849,2.49423,Plein jour,En agglomération,Hors intersection,Normale,Deux véhicules - côté,5,2,2,0,1,1,1,0,1,50,,4,0,0,0,4,40.0,39.0,,,1,2,1,1,3
202100012060,2021-10-20 08:45:00,2021,10,20,8,45,94,94022,Avenue d’Alfortville,48.77303,2.41464,Crépuscule ou aube,En agglomération,Hors intersection,Pluie forte,Autre collision,3,2,2,0,1,1,2,0,1,50,,2,1,0,0,1,44.0,,,,2,2,1,3,6
202100012061,2021-10-19 17:20:00,2021,10,19,17,20,94,94079,BRY (RTE DE),48.8311,2.53525,Plein jour,En agglomération,Hors intersection,Normale,Deux véhicules - frontale,3,2,2,0,1,1,1,0,1,50,,2,1,0,0,1,48.0,,,,1,2,1,1,1
202100012062,2021-10-20 10:30:00,2021,10,20,10,30,94,94070,Route de Paris,48.71524,2.5747,Plein jour,En agglomération,Giratoire,Pluie légère,Sans collision,2,2,2,0,1,1,2,5,1,50,,1,0,0,0,1,23.0,,,,1,2,6,2,7
202100012063,2021-10-20 11:25:00,2021,10,20,11,25,94,94002,Quai Blanqui,48.7982,2.42037,Plein jour,En agglomération,Place,Pluie légère,Autre collision,3,2,3,0,1,1,2,2,1,50,,2,1,0,0,1,,,,,1,2,7,2,6
202100012064,2021-10-20 12:30:00,2021,10,20,12,30,93,93073,STATION (AVENUE DE LA),48.9564,2.57251,Plein jour,En agglomération,Intersection en T,Normale,Deux véhicules - côté,4,2,2,0,1,1,1,0,1,50,,4,3,0,0,1,18.0,42.0,,,1,2,3,1,3
202100012065,2021-10-20 09:20:00,2021,10,20,9,20,93,93066,LE ROY DES BARRES,48.9288227963,2.3669334253,Plein jour,En agglomération,Hors intersection,Normale,Autre collision,4,2,2,0,1,1,2,0,1,50,,2,1,0,0,1,36.0,,,,1,2,1,1,6
202100012066,2021-10-19 07:30:00,2021,10,19,7,30,93,93066,DE PRESSENSE FRANCIS,48.921251452,2.3656922579,Nuit avec éclairage allumé,En agglomération,Hors intersection,Pluie légère,Trois véhicules et plus - en chaîne,3,-1,1,0,1,1,2,0,1,50,,3,2,0,0,1,,35.0,,,5,2,1,2,4
202100012067,2021-10-20 07:30:00,2021,10,20,7,30,93,93079,RAYMOND BROSSE,48.9573713266,2.3487782478,Crépuscule ou aube,En agglomération,Hors intersection,Normale,Deux véhicules - frontale,4,2,2,0,1,1,1,0,1,50,,3,2,0,0,1,27.0,,,,2,2,1,1,1
202100012068,2021-10-20 16:30:00,2021,10,20,16,30,93,93010,GALLIENI (AV.) DE 1 A 109,48.9059666531,2.480580223,Plein jour,En agglomération,Hors intersection,Normale,Deux véhicules - arrière,3,3,7,0,1,1,1,2,1,30,,2,1,0,1,0,44.0,21.0,,,1,2,1,1,2