accident_id,datetime,annee,mois,jour,heure,minute,departement,commune_insee,adresse,latitude,longitude,luminosite,agglomeration,intersection,meteo,collision,catr,circ,nbv,vosp,prof,plan,surf,infra,situ,vma,nb_vehicules,nb_usagers,nb_indemnes,nb_tues,nb_blesses_hosp,nb_blesses_legers,age_cond_1,age_cond_2,veh_type_cond_1,veh_type_cond_2,lum_code,agg_code,int_code,atm_code,col_code
202100012069,2021-10-19 14:45:00,2021,10,19,14,45,93,93005,GENERAL LECLERC (PLACE DU),48.92759,2.49062,Plein jour,En agglomération,Hors intersection,Normale,Deux véhicules - côté,4,1,1,2,1,2,1,0,1,30,,2,1,0,0,1,21.0,,,,1,2,1,1,3
202100012070,2021-10-18 12:20:00,2021,10,18,12,20,92,92072,TROYON (RUE),48.82883,2.22552,Plein jour,En agglomération,Hors intersection,Normale,Sans collision,5,-1,1,0,1,1,1,6,8,30,,1,0,0,0,1,33.0,,,,1,2,1,1,7
202100012071,2021-10-19 18:30:00,2021,10,19,18,30,92,92048,COLONEL MORAINE (ROUTE DU),48.7890421514,2.2218105197,Plein jour,En agglomération,Giratoire,Normale,Deux véhicules - côté,4,2,2,0,1,3,1,0,1,50,,2,1,0,0,1,61.0,33.0,,,1,2,6,1,3
202100012072,2021-10-20 19:06:00,2021,10,20,19,6,92,92040,RESISTANCE (PLACE DE LA),48.8217487038,2.2500032187,Crépuscule ou aube,En agglomération,Giratoire,Normale,Deux véhicules - arrière,3,1,3,0,1,1,1,0,1,30,,3,2,0,0,1,28.0,26.0,,,2,2,6,1,2
202100012073,2021-10-20 09:10:00,2021,10,20,9,10,92,92035,Général de Gaulle  ( avenue du ),48.909338083,2.2551490366,Plein jour,En agglomération,Hors intersection,Pluie légère,Sans collision,3,3,2,0,1,1,2,0,1,50,,1,0,0,0,1,27.0,,,,1,2,1,2,7
202100012074,2021-10-20 13:30:00,2021,10,20,13,30,92,92026,VICTOR HUGO (DE 01 A 45),48.8930857085,2.2553220391,Plein jour,En agglomération,Hors intersection,Normale,Deux véhicules - côté,3,2,3,0,1,1,1,0,1,50,,2,1,0,0,1,34.0,24.0,,,1,2,1,1,3
202100012075,2021-10-20 07:55:00,2021,10,20,7,55,92,92026,AJOUX,48.9013644757,2.2744864225,Nuit avec éclairage allumé,En agglomération,Hors intersection,Normale,Autre collision,4,2,2,0,2,1,1,0,3,50,,1,0,0,1,0,31.0,,,,5,2,1,1,6
202100012076,2021-10-18 20:45:00,2021,10,18,20,45,92,92025,STALINGRAD (AV DE),48.9321539904,2.2662252188,Nuit sans éclairage public,En agglomération,Hors intersection,Pluie légère,Autre collision,3,1,2,0,1,1,2,8,1,50,,2,1,0,0,1,32.0,,,,3,2,1,2,6
202100012077,2021-10-18 08:38:00,2021,10,18,8,38,92,92025,CHARLES DE GAULLE (BD),48.914941,2.228568,Plein jour,En agglomération,Hors intersection,Normale,Deux véhicules - frontale,3,1,4,1,1,1,1,2,5,8,,2,0,0,0,2,29.0,43.0,,,1,2,1,1,1
202100012078,2021-10-20 18:48:00,2021,10,20,18,48,92,92012,JEAN JAURES (BOULEVARD) 1/61 - COTE IMPA,48.8450435946,2.2372211516,Nuit avec éclairage allumé,En agglomération,Intersection en X,Normale,Autre collision,4,2,2,0,1,1,1,0,1,50,,2,1,0,0,1,48.0,,,,5,2,2,1,6
202100012079,2021-10-20 19:15:00,2021,10,20,19,15,92,92004,AULAGNIER ( QUAI ),48.9121013473,2.3017501883,Crépuscule ou aube,En agglomération,Hors intersection,Normale,Deux véhicules - arrière,3,2,4,0,1,3,1,0,1,50,,2,1,0,0,1,29.0,21.0,,,2,2,1,1,2
202100012080,2021-10-21 05:30:00,2021,10,21,5,30,976,97610,RN 1 LONGONI,-12.730788,45.162263,Crépuscule ou aube,En agglomération,Hors intersection,Normale,Deux véhicules - frontale,2,2,2,0,1,1,1,0,1,50,,2,1,1,0,0,31.0,43.0,,,2,2,1,1,1
202100012081,2021-10-19 07:40:00,2021,10,19,7,40,76,76503,A151 - PK 01+950 - DIRECTION ROUEN,49.518313126,0.9991996036,Crépuscule ou aube,Hors agglomération,Hors intersection,Pluie légère,Trois véhicules et plus - en chaîne,1,3,2,0,1,1,2,0,1,130,,3,0,0,0,3,33.0,47.0,,,2,1,1,2,4
202100012082,2021-10-21 12:35:00,2021,10,21,12,35,80,80546,D925,50.100607,1.725605,Plein jour,Hors agglomération,Hors intersection,Pluie légère,Deux véhicules - côté,3,4,2,0,3,2,2,0,8,80,,6,5,0,1,0,33.0,46.0,,,1,1,1,2,3
202100012083,2021-10-21 19:15:00,2021,10,21,19,15,81,81132,Avenue de Cocagne,43.642628,2.048998,Nuit avec éclairage allumé,En agglomération,Intersection en X,Normale,Deux véhicules - côté,3,2,1,0,1,1,9,0,1,30,,2,1,0,1,0,62.0,41.0,,,5,2,2,1,3
202100012084,2021-10-21 07:45:00,2021,10,21,7,45,35,35085,51 Avenue de la Liberation,48.413561,-1.736843,Nuit avec éclairage non allumé,En agglomération,Hors intersection,Pluie légère,Autre collision,3,2,2,0,3,1,2,0,1,50,,2,1,0,1,0,27.0,,,,4,2,1,2,6
202100012085,2021-10-21 13:30:00,2021,10,21,13,30,26,26166,Autoroute A 7,44.755144,4.792865,Plein jour,Hors agglomération,Hors intersection,Normale,Deux véhicules - arrière,1,2,5,0,1,1,1,0,1,130,,3,1,0,0,2,31.0,83.0,,,1,1,1,1,2
202100012086,2021-10-19 18:00:00,2021,10,19,18,0,64,64410,Avenue Henri IV,43.372132,-0.630086,Plein jour,En agglomération,Hors intersection,Normale,Autre collision,3,2,2,0,1,1,1,0,1,50,,2,1,0,0,1,60.0,,,,1,2,1,1,6
202100012087,2021-10-21 00:35:00,2021,10,21,0,35,26,26002,Creux de la Thine,45.250422,4.821679,Nuit sans éclairage public,Hors agglomération,Hors intersection,Vent fort / tempête,Autre collision,2,2,2,0,1,1,2,0,4,80,,1,0,0,1,0,25.0,,,,3,1,1,6,6
202100012088,2021-10-21 11:30:00,2021,10,21,11,30,60,60176,Rue Emile Zola,49.223795,2.884217,Plein jour,En agglomération,Hors intersection,Normale,Sans collision,4,2,2,0,1,1,1,0,1,50,,1,0,0,0,1,19.0,,,,1,2,1,1,7
202100012089,2021-08-25 17:50:00,2021,8,25,17,50,85,85242,La Croix Bara,46.85033,-0.93149,Plein jour,Hors agglomération,Intersection en X,Normale,Deux véhicules - côté,3,2,2,0,2,1,1,5,1,70,,2,1,0,1,0,22.0,87.0,,,1,1,2,1,3
202100012090,2021-10-20 12:30:00,2021,10,20,12,30,87,87191,Rue Mozart,45.77678,1.085887,Plein jour,En agglomération,Intersection en T,Normale,Deux véhicules - côté,4,2,2,0,1,1,1,0,1,50,,3,1,0,2,0,77.0,12.0,,,1,2,3,1,3
202100012091,2021-10-21 00:30:00,2021,10,21,0,30,30,30331,Route Départementale N 6086,44.1006765437,4.6045911312,Nuit sans éclairage public,Hors agglomération,Hors intersection,Normale,Autre collision,3,2,2,0,1,1,1,0,1,80,,2,0,0,1,1,19.0,,,,3,1,1,1,6
202100012092,2021-10-18 19:50:00,2021,10,18,19,50,59,59094,D2,50.953531758,2.2629871219,Nuit sans éclairage public,Hors agglomération,Intersection en T,Pluie légère,Deux véhicules - arrière,3,2,2,0,1,4,2,0,1,70,,2,1,0,1,0,34.0,16.0,,,3,1,3,2,2
202100012093,2021-10-21 18:00:00,2021,10,21,18,0,74,74183,D907,46.111032,6.557438,Plein jour,Hors agglomération,Hors intersection,Temps couvert,Autre collision,3,2,2,0,1,2,1,0,1,80,,1,0,0,1,0,27.0,,,,1,1,1,8,6
202100012094,2021-10-20 16:15:00,2021,10,20,16,15,80,80180,Cavillon,49.904959,2.101049,Plein jour,Hors agglomération,Intersection en X,Pluie légère,Deux véhicules - côté,4,2,1,0,1,1,2,0,1,80,,2,1,0,1,0,66.0,48.0,,,1,1,2,2,3
202100012095,2021-10-21 01:00:00,2021,10,21,1,0,63,63003,PK4  - D106,45.560646,3.754771,Nuit sans éclairage public,Hors agglomération,Hors intersection,Pluie forte,Autre collision,3,2,2,0,2,1,2,0,3,80,,1,0,0,1,0,26.0,,,,3,1,1,3,6
202100012096,2021-10-21 13:35:00,2021,10,21,13,35,44,44063,Maupay,47.067107,-1.200793,Plein jour,Hors agglomération,Hors intersection,Normale,Deux véhicules - arrière,3,2,2,0,1,1,1,0,1,80,,2,1,1,0,0,19.0,69.0,,,1,1,1,1,2
202100012097,2021-10-21 12:15:00,2021,10,21,12,15,29,29077,D10 -  moulin de Kergoniou,48.6133,-4.429078,Plein jour,Hors agglomération,Intersection en T,Pluie légère,Deux véhicules - côté,3,2,2,0,2,2,2,0,1,80,,2,0,0,1,1,78.0,39.0,,,1,1,3,2,3
202100012098,2021-10-20 14:20:00,2021,10,20,14,20,38,38450,RD45,45.28353,5.533226,Plein jour,Hors agglomération,Intersection en T,Normale,Deux véhicules - arrière,3,2,1,0,1,1,1,0,1,80,,2,1,0,1,0,17.0,67.0,,,1,1,3,1,2
202100012099,2021-10-20 14:30:00,2021,10,20,14,30,09,09029,D8f,42.777614,1.377926,Plein jour,Hors agglomération,Hors intersection,Normale,Sans collision,3,2,2,0,4,1,1,0,3,-1,,1,0,0,1,0,70.0,,,,1,1,1,1,7
202100012100,2021-10-21 17:30:00,2021,10,21,17,30,60,60471,Boulevard Carnot,49.5783908765,3.0047366023,Plein jour,En agglomération,Giratoire,Temps éblouissant,Autre collision,3,2,2,0,1,1,2,9,1,30,,2,1,0,1,0,49.0,,,,1,2,6,7,6
202100012101,2021-10-20 07:15:00,2021,10,20,7,15,64,64141,3171 route de Bordeaux,43.546658,-0.291728,Crépuscule ou aube,Hors agglomération,Hors intersection,Normale,Sans collision,3,2,2,0,1,1,1,0,1,80,,1,0,1,0,0,50.0,,,,2,1,1,1,7
202100012102,2021-08-26 16:30:00,2021,8,26,16,30,85,85213,D88/ Rte de l'imbretière,46.628575,-1.32411,Plein jour,Hors agglomération,Intersection en T,Normale,Deux véhicules - côté,3,2,2,0,3,1,1,5,1,80,,2,1,0,1,0,35.0,68.0,,,1,1,3,1,3
202100012103,2021-10-20 20:10:00,2021,10,20,20,10,27,27052,D438,49.207617,0.745096,Nuit sans éclairage public,Hors agglomération,Hors intersection,Normale,Deux véhicules - frontale,3,2,2,0,3,3,2,0,1,80,,2,0,0,1,1,30.0,34.0,,,3,1,1,1,1
202100012104,2021-10-21 09:40:00,2021,10,21,9,40,28,28405,RN 12 intersection RD 311-4,48.743526,1.291001,Plein jour,Hors agglomération,Autre intersection,Normale,Deux véhicules - côté,2,3,2,0,1,1,1,0,1,110,,2,0,1,0,1,79.0,21.0,,,1,1,9,1,3
202100012105,2021-10-20 15:30:00,2021,10,20,15,30,17,17349,D114,46.261292,-0.864701,Plein jour,Hors agglomération,Intersection en X,Normale,Deux véhicules - côté,3,2,2,0,1,1,1,0,1,80,,2,0,0,2,0,65.0,22.0,,,1,1,2,1,3
202100012106,2021-10-21 13:30:00,2021,10,21,13,30,49,49023,D756,47.185629,-1.029389,Plein jour,Hors agglomération,Autre intersection,Pluie légère,Deux véhicules - côté,3,2,2,0,2,2,2,0,1,70,,2,0,0,0,2,23.0,46.0,,,1,1,9,2,3
202100012107,2021-10-21 12:30:00,2021,10,21,12,30,69,69244,CHARLES DE GAULLE (AV),45.750973,4.766425,Plein jour,En agglomération,Hors intersection,Pluie légère,Deux véhicules - frontale,7,-1,1,0,1,1,2,6,4,50,,2,1,0,0,1,43.0,37.0,,,1,2,1,2,1
202100012108,2021-10-21 07:10:00,2021,10,21,7,10,44,44180,"Lieu dit Mondésir, Le Pin , D163 PR 007.200",47.526226,-1.172791,Nuit avec éclairage non allumé,Hors agglomération,Hors intersection,Temps couvert,Deux véhicules - frontale,3,2,2,0,1,1,2,0,1,80,,4,0,2,1,1,36.0,36.0,,,4,1,1,8,1
202100012109,2021-10-20 14:40:00,2021,10,20,14,40,06,06088,Autoroute A8 chaussée Nord PK 190.099,43.713643,7.213554,Plein jour,Hors agglomération,Hors intersection,Normale,Autre collision,1,-1,4,0,2,1,1,0,3,90,,1,0,0,0,1,49.0,,,,1,1,1,1,6
202100012110,2021-10-20 22:07:00,2021,10,20,22,7,11,11262,A9,43.177636,3.037081,Nuit sans éclairage public,Hors agglomération,Hors intersection,Normale,Trois véhicules et plus - collisions multiples,1,3,3,0,1,1,1,3,1,130,,6,4,0,2,0,21.0,49.0,,,3,1,1,1,5
202100012111,2021-10-21 08:55:00,2021,10,21,8,55,74,74118,A40,46.18327,6.224173,Plein jour,Hors agglomération,Hors intersection,Temps couvert,Deux véhicules - côté,1,1,4,0,2,2,2,2,1,70,,2,1,0,0,1,21.0,31.0,,,1,1,1,8,3
202100012112,2021-10-20 21:30:00,2021,10,20,21,30,60,60100,A1,49.2538158341,2.6825318783,Nuit sans éclairage public,Hors agglomération,Hors intersection,Vent fort / tempête,Autre collision,1,3,3,0,1,1,1,0,1,130,,4,3,0,1,0,19.0,26.0,,,3,1,1,6,6
202100012113,2021-10-20 17:15:00,2021,10,20,17,15,45,45085,Faubourg de Montargis,47.828999,2.844656,Plein jour,Hors agglomération,Hors intersection,Pluie légère,Autre collision,3,2,2,0,1,2,2,0,1,80,,1,0,0,1,0,36.0,,,,1,1,1,2,6
202100012114,2021-10-21 12:05:00,2021,10,21,12,5,2B,2B265,D82,42.5979413679,9.407168357,Plein jour,Hors agglomération,Hors intersection,Normale,Deux véhicules - frontale,3,2,2,0,2,1,1,0,1,-1,,5,0,0,0,5,58.0,38.0,,,1,1,1,1,1
202100012115,2021-10-21 19:50:00,2021,10,21,19,50,34,34227,D610,43.708757,4.027133,Nuit sans éclairage public,Hors agglomération,Hors intersection,Normale,Deux véhicules - frontale,7,2,2,0,1,1,1,0,1,80,,2,0,0,0,2,19.0,21.0,,,3,1,1,1,1
202100012116,2021-10-20 15:15:00,2021,10,20,15,15,13,13082,D543,43.659583,5.353872,Plein jour,En agglomération,Hors intersection,Normale,Deux véhicules - arrière,7,2,2,0,1,1,1,0,1,50,,2,1,0,0,1,65.0,40.0,,,1,2,1,1,2
202100012117,2021-10-20 13:50:00,2021,10,20,13,50,70,70310,44 Avenue de la République,47.68571,6.49515,Plein jour,En agglomération,Hors intersection,Normale,Autre collision,4,2,2,0,1,1,1,0,1,50,,2,1,0,1,0,95.0,,,,1,2,1,1,6
202100012118,2021-10-20 13:10:00,2021,10,20,13,10,89,89085,Rue Paul Bert,47.954441,3.493574,Plein jour,Hors agglomération,Intersection en X,Normale,Deux véhicules - côté,3,2,2,0,1,1,1,0,1,80,,2,1,0,0,1,68.0,62.0,,,1,1,2,1,3
202100012119,2021-10-20 17:10:00,2021,10,20,17,10,68,68292,12 Rue Rene Biery,47.870907,7.036803,Plein jour,En agglomération,Hors intersection,Normale,Autre collision,4,2,2,0,2,1,1,0,1,50,,2,0,0,0,1,,,,,1,2,1,1,6
202100012120,2021-10-20 12:11:00,2021,10,20,12,11,67,67451,D249,48.98713,8.019773,Plein jour,Hors agglomération,Hors intersection,Normale,Sans collision,3,2,2,0,1,1,1,0,1,80,,1,0,0,1,0,19.0,,,,1,1,1,1,7
202100012121,2021-10-19 18:10:00,2021,10,19,18,10,74,74094,Route de Taninges,46.182824,6.282305,Plein jour,Hors agglomération,Hors intersection,Normale,Deux véhicules - côté,3,2,2,0,2,1,1,0,1,80,,3,2,0,1,0,26.0,25.0,,,1,1,1,1,3
202100012122,2021-10-20 13:45:00,2021,10,20,13,45,73,73179,Route de Montaugier,45.588016,5.842125,Plein jour,Hors agglomération,Hors intersection,Normale,Deux véhicules - frontale,4,2,2,0,2,2,1,0,1,50,,2,1,0,1,0,14.0,38.0,,,1,1,1,1,1
202100012123,2021-10-21 13:55:00,2021,10,21,13,55,26,26313,Chemin des Grandes Terres,44.97698,4.961749,Plein jour,Hors agglomération,Intersection en T,Normale,Deux véhicules - arrière,3,2,2,0,1,1,1,0,1,80,,2,1,0,0,1,50.0,56.0,,,1,1,3,1,2
202100012124,2021-10-21 15:55:00,2021,10,21,15,55,09,09334,Lotissement Jean Nayrou (Vicdessos),42.773996,1.485227,Plein jour,En agglomération,Autre intersection,Normale,Autre collision,3,2,2,0,2,1,1,0,4,50,,2,1,0,1,0,49.0,,,,1,2,9,1,6
202100012125,2021-10-19 06:10:00,2021,10,19,6,10,86,86274,Route de Roiffé,47.089167,0.028857,Nuit sans éclairage public,Hors agglomération,Hors intersection,Normale,Autre collision,3,2,2,0,1,2,1,0,8,80,,1,0,1,0,0,67.0,,,,3,1,1,1,6
202100012126,2021-10-19 15:45:00,2021,10,19,15,45,85,85092,Rue de Chamiraud,46.465406,-0.822505,Plein jour,En agglomération,Intersection en T,Normale,Deux véhicules - frontale,6,-1,-1,-1,-1,-1,1,0,-1,-1,,2,1,0,0,1,64.0,72.0,,,1,2,3,1,1
202100012127,2021-10-20 13:40:00,2021,10,20,13,40,49,49020,D323,47.49216,-0.622176,Plein jour,Hors agglomération,Hors intersection,Vent fort / tempête,Trois véhicules et plus - en chaîne,3,3,4,0,1,1,1,0,1,-1,,4,2,0,2,0,58.0,32.0,,,1,1,1,6,4
202100012128,2021-10-21 07:35:00,2021,10,21,7,35,50,50025,Rue du Commandant Bindel,48.683364,-1.351957,Nuit avec éclairage allumé,En agglomération,Giratoire,Normale,Deux véhicules - frontale,3,2,2,0,4,2,2,5,1,50,,2,1,0,1,0,46.0,23.0,,,5,2,6,1,1
202100012129,2021-10-21 13:25:00,2021,10,21,13,25,60,60213,RN330,49.133142,2.691731,Plein jour,Hors agglomération,Hors intersection,Normale,Deux véhicules - frontale,2,2,2,0,1,2,1,0,1,50,,3,1,0,1,1,20.0,35.0,,,1,1,1,1,1
202100012130,2021-10-20 12:50:00,2021,10,20,12,50,02,02495,1 Route Nationale,49.950119,4.065357,Plein jour,Hors agglomération,Hors intersection,Pluie légère,Deux véhicules - côté,3,2,2,0,1,1,2,0,1,80,,2,1,0,0,1,21.0,31.0,,,1,1,1,2,3
202100012131,2021-10-21 17:00:00,2021,10,21,17,0,59,59249,Rue Jean Jaurès,50.015599,4.048499,Plein jour,En agglomération,Hors intersection,Temps éblouissant,Autre collision,3,2,1,0,1,1,2,0,1,50,,2,1,0,0,1,64.0,,,,1,2,1,7,6
202100012132,2021-10-21 14:10:00,2021,10,21,14,10,59,59523,rue de lille,50.585764,3.167281,Plein jour,En agglomération,Giratoire,Temps couvert,Deux véhicules - côté,7,-1,1,0,1,3,2,9,1,50,,2,1,0,0,1,83.0,25.0,,,1,2,6,8,3
202100012133,2021-10-20 16:40:00,2021,10,20,16,40,13,13216,A55-Sens Martigues vers Marseille,43.34135,5.34802,Plein jour,Hors agglomération,Hors intersection,Temps couvert,Sans collision,1,3,3,0,1,1,1,0,2,90,,1,0,0,0,1,38.0,,,,1,1,1,8,7
202100012134,2021-10-12 10:54:00,2021,10,12,10,54,78,78073,A12 W,48.80226,2.04774,Plein jour,Hors agglomération,Hors intersection,Normale,Autre collision,1,3,6,0,1,1,1,0,1,90,,2,1,0,0,1,50.0,,,,1,1,1,1,6
202100012135,2021-10-20 08:10:00,2021,10,20,8,10,78,78126,A13,48.838598,2.121817,Plein jour,Hors agglomération,Hors intersection,Pluie légère,Deux véhicules - côté,1,1,4,0,1,1,2,0,1,110,,2,1,0,1,0,53.0,22.0,,,1,1,1,2,3
202100012136,2021-10-20 07:35:00,2021,10,20,7,35,92,92050,A86,48.9163343351,2.221083583,Plein jour,Hors agglomération,Hors intersection,Normale,Deux véhicules - côté,1,-1,3,0,1,1,1,9,1,90,,2,1,0,0,1,34.0,19.0,,,1,1,1,1,3
202100012137,2021-10-20 00:50:00,2021,10,20,0,50,78,78043,A12 W,48.8248,2.07434,Nuit sans éclairage public,Hors agglomération,Hors intersection,Normale,Deux véhicules - arrière,1,1,4,0,1,1,1,0,2,110,,3,2,0,0,1,20.0,61.0,,,3,1,1,1,2
202100012138,2021-10-20 11:45:00,2021,10,20,11,45,93,93027,BDL,48.92683,2.40336,Plein jour,Hors agglomération,Hors intersection,Normale,Autre collision,1,1,2,0,1,2,2,2,1,70,,2,0,0,0,2,34.0,,,,1,1,1,1,6
202100012139,2021-10-20 09:53:00,2021,10,20,9,53,93,93066,AUTOROUTE A1,48.919966,2.357664,Plein jour,Hors agglomération,Hors intersection,Pluie légère,Deux véhicules - côté,1,3,4,0,1,1,1,0,1,90,,2,1,0,0,1,31.0,68.0,,,1,1,1,2,3
202100012140,2021-10-20 13:05:00,2021,10,20,13,5,77,77438,A104,48.86449,2.66891,Plein jour,Hors agglomération,Hors intersection,Normale,Deux véhicules - côté,1,-1,4,0,1,1,1,0,1,90,,2,1,0,0,1,51.0,37.0,,,1,1,1,1,3
202100012141,2021-10-20 05:30:00,2021,10,20,5,30,94,94042,A4,48.82692,2.46755,Crépuscule ou aube,Hors agglomération,Hors intersection,Normale,Autre collision,1,3,1,0,1,1,1,0,1,90,,1,0,0,0,1,50.0,,,,2,1,1,1,6
202100012142,2021-10-19 16:30:00,2021,10,19,16,30,971,97101,ROND POINT IGNACE,16.24293,-61.53062,Plein jour,En agglomération,Intersection en Y,Normale,Autre collision,3,-1,2,0,1,1,1,0,1,30,,3,1,0,0,2,43.0,,,,1,2,4,1,6
202100012143,2021-10-18 22:50:00,2021,10,18,22,50,93,93048,PASTEUR S2  (AVENUE),48.86843,2.43354,Nuit avec éclairage allumé,En agglomération,Hors intersection,Pluie forte,Autre collision,3,1,2,0,2,1,2,0,1,50,,2,1,0,0,1,,,,,5,2,1,3,6
202100012144,2021-10-18 18:25:00,2021,10,18,18,25,75,75118,BOULEVARD DE ROCHECHOUART,48.882547,2.341912,Nuit avec éclairage allumé,En agglomération,Intersection en T,Normale,Autre collision,4,3,2,1,1,1,1,0,5,30,,2,1,0,0,1,37.0,,,,5,2,3,1,6
202100012145,2021-10-16 17:20:00,2021,10,16,17,20,33,33529,AERODROME (AVE DE L'),44.6042,-1.12404,Plein jour,En agglomération,Intersection en T,Normale,Deux véhicules - côté,4,2,2,0,1,1,1,0,1,50,,2,1,0,0,1,23.0,17.0,,,1,2,3,1,3
202100012146,2021-10-16 18:00:00,2021,10,16,18,0,60,60057,Rue d’Amiens,49.4432722292,2.0919374227,Plein jour,En agglomération,Hors intersection,Normale,Autre collision,4,2,2,0,2,1,1,0,1,50,,2,1,0,0,1,43.0,,,,1,2,1,1,6
202100012147,2021-10-15 08:40:00,2021,10,15,8,40,63,63103,EUROPE (AVENUE DE L'),45.91905,3.07338,Plein jour,En agglomération,Hors intersection,Normale,Autre collision,3,3,3,0,1,1,1,0,1,50,,2,1,0,1,0,53.0,,,,1,2,1,1,6
202100012148,2021-10-15 19:10:00,2021,10,15,19,10,971,97120,BD LEGITIMUS,16.24371,-61.53445,Nuit avec éclairage allumé,En agglomération,Hors intersection,Normale,Autre collision,3,1,2,0,1,1,1,0,1,50,,2,1,0,0,1,55.0,,,,5,2,1,1,6
202100012149,2021-10-15 15:35:00,2021,10,15,15,35,44,44109,RUE DU COUDRAY,47.23372,-1.54191,Plein jour,En agglomération,Hors intersection,Normale,Autre collision,4,2,0,0,1,1,1,0,1,30,,2,1,0,1,0,40.0,,,,1,2,1,1,6
202100012150,2021-10-14 19:25:00,2021,10,14,19,25,75,75109,RUE DE CAUMARTIN,48.87231,2.328247,Nuit avec éclairage allumé,En agglomération,Intersection en T,Normale,Autre collision,4,1,1,0,1,1,1,0,1,30,,2,1,0,1,0,18.0,,,,5,2,3,1,6
202100012151,2021-10-14 08:00:00,2021,10,14,8,0,06,06104,HUGO (RUE VICTOR),43.76588,7.483645,Plein jour,En agglomération,Hors intersection,Normale,Autre collision,3,1,1,0,1,1,1,0,1,50,,2,1,1,0,0,44.0,,,,1,2,1,1,6
202100012152,2021-10-14 19:36:00,2021,10,14,19,36,63,63113,TORPILLEUR SIROCCO (RUE DU),45.81116,3.1073,Crépuscule ou aube,En agglomération,Intersection en T,Normale,Autre collision,4,3,3,0,1,1,1,0,1,50,,2,1,1,0,0,19.0,,,,2,2,3,1,6
202100012153,2021-10-13 18:30:00,2021,10,13,18,30,59,59009,CIMAISE RUE DE LA,50.64677,3.15084,Plein jour,En agglomération,Hors intersection,Normale,Deux véhicules - côté,4,2,2,0,1,1,1,0,1,50,,2,1,0,1,0,25.0,21.0,,,1,2,1,1,3
202100012154,2021-10-13 09:50:00,2021,10,13,9,50,34,34032,STRASBOURG (BD DE),43.34724,3.21854,Plein jour,En agglomération,Intersection en X,Normale,Autre collision,4,2,2,0,1,1,1,0,1,50,,3,2,0,1,0,22.0,,,,1,2,2,1,6
202100012155,2021-10-13 17:15:00,2021,10,13,17,15,44,44184,VILLE HALLUARD (RUE DE LA),47.28496,-2.20667,Plein jour,En agglomération,Intersection en T,Normale,Autre collision,4,2,2,0,1,1,1,0,1,50,,2,1,0,0,1,18.0,,,,1,2,3,1,6
202100012156,2021-10-13 07:46:00,2021,10,13,7,46,76,76351,PABLO NERUDA (RUE),49.50434,0.15432,Crépuscule ou aube,En agglomération,Hors intersection,Normale,Autre collision,4,2,2,0,1,1,2,0,1,50,,2,1,0,0,1,45.0,,,,2,2,1,1,6
202100012157,2021-10-13 18:05:00,2021,10,13,18,5,92,92004,DOCTEUR DERVAUX  ( QUAI DU ),48.9060219469,2.2897798011,Crépuscule ou aube,En agglomération,Hors intersection,Normale,Deux véhicules - côté,3,3,0,0,1,1,1,0,1,70,,2,1,0,0,1,30.0,40.0,,,2,2,1,1,3
202100012158,2021-10-12 12:40:00,2021,10,12,12,40,73,73008,BURNET CHEMIN DES,45.669944776,5.9115991295,Plein jour,En agglomération,Giratoire,Normale,Autre collision,4,-1,2,0,1,2,1,8,4,30,,3,2,0,0,1,15.0,,,,1,2,6,1,6
202100012159,2021-10-07 17:50:00,2021,10,7,17,50,74,74133,GENOT (RUE DU LIEUTENANT Y.),46.18352,6.19672,Plein jour,En agglomération,Autre intersection,Normale,Autre collision,4,2,2,0,1,1,1,9,8,50,,2,1,0,1,0,41.0,,,,1,2,9,1,6
202100012160,2021-05-18 17:41:00,2021,5,18,17,41,36,36044,Rue 3e Rgt d’Aviation de Chasse,46.8193,1.70818,Plein jour,En agglomération,Hors intersection,Normale,Deux véhicules - arrière,4,2,2,0,1,1,1,0,1,50,,2,1,0,0,1,27.0,43.0,,,1,2,1,1,2
202100012161,2021-08-18 11:45:00,2021,8,18,11,45,26,26198,198 Route de Marseille,44.5349,4.74604,Plein jour,En agglomération,Hors intersection,Normale,Deux véhicules - côté,4,2,2,0,1,1,1,0,3,50,,2,1,0,0,1,54.0,15.0,,,1,2,1,1,3
202100012162,2021-06-12 21:40:00,2021,6,12,21,40,02,02408,ARDON (RAMPE D'),49.559839,3.627279,Plein jour,En agglomération,Hors intersection,Normale,Autre collision,4,2,2,0,2,1,1,0,4,50,,1,0,0,1,0,29.0,,,,1,2,1,1,6
202100012163,2021-07-28 13:35:00,2021,7,28,13,35,75,75112,RUE DE DIJON,48.835703,2.386081,Plein jour,En agglomération,Intersection en T,Normale,Trois véhicules et plus - collisions multiples,4,2,4,0,1,1,1,0,1,30,,4,3,1,0,0,30.0,53.0,,,1,2,3,1,5
202100012164,2021-10-20 01:05:00,2021,10,20,1,5,69,69386,VITTON                              (CO),45.7700954553,4.8591759967,Nuit avec éclairage allumé,En agglomération,Intersection en T,Normale,Deux véhicules - côté,4,1,2,1,1,1,1,0,5,50,,2,1,0,0,1,20.0,56.0,,,5,2,3,1,3