accident_id,datetime,annee,mois,jour,heure,minute,departement,commune_insee,adresse,latitude,longitude,luminosite,agglomeration,intersection,meteo,collision,catr,circ,nbv,vosp,prof,plan,surf,infra,situ,vma,nb_vehicules,nb_usagers,nb_indemnes,nb_tues,nb_blesses_hosp,nb_blesses_legers,age_cond_1,age_cond_2,veh_type_cond_1,veh_type_cond_2,lum_code,agg_code,int_code,atm_code,col_code
202100012165,2021-10-19 19:00:00,2021,10,19,19,0,69,69259,FRANCIS DE PRESSENSE (AV),45.720163187,4.8679035902,Nuit avec éclairage allumé,En agglomération,Autre intersection,Normale,Deux véhicules - frontale,4,2,2,2,1,1,1,0,5,50,,2,1,0,0,1,70.0,49.0,,,5,2,9,1,1
202100012166,2021-10-19 17:30:00,2021,10,19,17,30,69,69388,CHALLEMEL LACOUR (R),45.7297926571,4.8536422849,Plein jour,En agglomération,Intersection en X,Normale,Autre collision,4,2,3,2,1,1,1,0,1,50,,2,1,0,1,0,30.0,,,,1,2,2,1,6
202100012167,2021-10-19 07:00:00,2021,10,19,7,0,69,69259,COTE (DE LA) (CHM),45.68653,4.89171,Nuit avec éclairage allumé,En agglomération,Intersection en T,Normale,Deux véhicules - côté,7,2,2,0,3,2,1,0,1,50,,3,1,0,2,0,21.0,32.0,,,5,2,3,1,3
202100012168,2021-10-19 17:25:00,2021,10,19,17,25,69,69389,BOURGOGNE (DE) (R),45.78039,4.80086,Plein jour,En agglomération,Intersection en X,Normale,Deux véhicules - côté,4,2,4,0,1,1,1,0,1,50,,2,1,0,0,1,20.0,27.0,,,1,2,2,1,3
202100012169,2021-10-18 19:15:00,2021,10,18,19,15,69,69034,BOUCLE (DE LA) (MO),45.7810999747,4.8397806287,Crépuscule ou aube,En agglomération,Hors intersection,Normale,Deux véhicules - frontale,4,2,4,1,2,1,1,0,5,50,,2,1,0,0,1,31.0,21.0,,,2,2,1,1,1
202100012170,2021-10-02 00:17:00,2021,10,2,0,17,971,97101,Frédéric JALTON,16.2743,-61.5041,Nuit avec éclairage allumé,En agglomération,Intersection en X,Normale,Deux véhicules - côté,3,3,2,0,1,1,1,0,8,50,,3,2,0,0,1,19.0,24.0,,,5,2,2,1,3
202100012171,2021-10-19 13:28:00,2021,10,19,13,28,2A,2A004,VITTULO ROUTE DU,41.92917,8.73163,Plein jour,En agglomération,Hors intersection,Normale,Sans collision,3,2,2,0,1,1,1,0,1,30,,2,1,0,0,1,55.0,,,,1,2,1,1,7
202100012172,2021-10-19 07:00:00,2021,10,19,7,0,2A,2A004,BIANCAMARIA COLONEL ET CAPITAINE AVE,41.93297,8.73741,Nuit avec éclairage allumé,En agglomération,Intersection en T,Normale,Deux véhicules - côté,4,2,2,0,2,1,1,0,1,50,,2,1,0,0,1,21.0,72.0,,,5,2,3,1,3
202100012173,2021-10-19 19:45:00,2021,10,19,19,45,95,95018,Boulevard du General Leclerc,48.946238,2.235347,Crépuscule ou aube,En agglomération,Intersection en T,Normale,Deux véhicules - côté,3,3,2,1,1,1,1,0,1,50,,2,1,0,0,1,52.0,34.0,,,2,2,3,1,3
202100012174,2021-10-19 05:45:00,2021,10,19,5,45,91,91425,RTE D ORLEANS RN 20,48.63983,2.26812,Nuit avec éclairage allumé,En agglomération,Hors intersection,Normale,Deux véhicules - frontale,3,2,6,0,1,1,1,0,1,50,,2,1,0,0,1,29.0,44.0,,,5,2,1,1,1
202100012175,2021-10-19 18:25:00,2021,10,19,18,25,91,91201,BD HENRI BARBUSSE,48.67129,2.41378,Plein jour,En agglomération,Hors intersection,Normale,Deux véhicules - côté,3,2,2,0,1,1,1,0,1,50,,3,2,0,0,1,41.0,43.0,,,1,2,1,1,3
202100012176,2021-10-19 17:40:00,2021,10,19,17,40,91,91201,RUE PIERRE BROSSOLETTE,48.6902,2.42427,Plein jour,En agglomération,Hors intersection,Normale,Deux véhicules - arrière,4,2,2,0,1,1,1,0,1,50,,2,1,0,0,1,16.0,40.0,,,1,2,1,1,2
202100012177,2021-10-16 23:23:00,2021,10,16,23,23,87,87085,MONTMAILLER (RUE),45.83607,1.25058,Nuit avec éclairage allumé,En agglomération,Intersection en X,Normale,Deux véhicules - côté,4,2,2,0,1,1,1,0,1,50,,3,2,0,0,1,19.0,28.0,,,5,2,2,1,3
202100012178,2021-10-15 16:45:00,2021,10,15,16,45,87,87085,BASTIAT (RUE FREDERIC),45.88788,1.29072,Plein jour,En agglomération,Intersection en T,Normale,Deux véhicules - côté,4,2,2,0,1,1,1,0,1,50,,2,1,0,1,0,26.0,53.0,,,1,2,3,1,3
202100012179,2021-10-18 07:20:00,2021,10,18,7,20,80,80021,PARMENTIER (PLACE),49.8953,2.30615,Nuit sans éclairage public,En agglomération,Intersection en X,Normale,Deux véhicules - côté,4,2,2,0,1,1,1,0,1,50,,2,1,0,0,1,40.0,18.0,,,3,2,2,1,3
202100012180,2021-10-19 18:10:00,2021,10,19,18,10,77,77410,D636,48.58473,2.71658,Plein jour,En agglomération,Hors intersection,Normale,Autre collision,3,2,2,0,1,1,1,0,1,80,,3,2,0,0,1,19.0,21.0,,,1,2,1,1,6
202100012181,2021-10-14 16:45:00,2021,10,14,16,45,77,77487,D605,48.53637,2.70341,Plein jour,Hors agglomération,Intersection en T,Normale,Deux véhicules - côté,3,2,2,0,1,1,1,0,1,90,,5,2,0,3,0,47.0,25.0,,,1,1,3,1,3
202100012182,2021-10-19 12:30:00,2021,10,19,12,30,77,77333,D607,48.266806,2.689863,Plein jour,En agglomération,Hors intersection,Normale,Autre collision,3,2,0,0,1,1,1,0,1,50,,2,1,0,0,1,65.0,,,,1,2,1,1,6
202100012183,2021-10-19 14:55:00,2021,10,19,14,55,77,77131,PATRAS (RUE),48.81407,3.08329,Plein jour,En agglomération,Intersection en T,Normale,Deux véhicules - frontale,4,1,1,0,1,1,1,0,1,50,,3,2,0,0,1,28.0,17.0,,,1,2,3,1,1
202100012184,2021-10-18 03:08:00,2021,10,18,3,8,76,76540,DOCTEUR ANDRE CAUCHOIS. RUE DU,49.45031,1.12559,Nuit avec éclairage allumé,En agglomération,Hors intersection,Normale,Sans collision,4,2,1,0,1,1,1,0,1,50,,2,1,0,0,1,18.0,,,,5,2,1,1,7
202100012185,2021-10-18 08:30:00,2021,10,18,8,30,76,76351,GUSTAVE BRINDEAU (RUE),49.48794,0.14464,Plein jour,En agglomération,Intersection en X,Normale,Deux véhicules - arrière,4,2,2,0,1,1,1,0,1,50,,2,1,0,0,1,23.0,52.0,,,1,2,2,1,2
202100012186,2021-10-19 17:10:00,2021,10,19,17,10,74,74281,PRES VERTS (AVENUE DES),46.37724,6.49063,Plein jour,En agglomération,Intersection en X,Temps éblouissant,Autre collision,4,2,1,1,1,1,1,0,8,50,,2,1,0,1,0,35.0,,,,1,2,2,7,6
202100012187,2021-10-18 09:20:00,2021,10,18,9,20,73,73011,WINNENDEN (AVENUE DE),45.6668423445,6.3711301982,Plein jour,En agglomération,Giratoire,Temps éblouissant,Autre collision,3,2,2,2,1,1,1,0,8,50,,2,1,0,0,1,58.0,,,,1,2,6,7,6
202100012188,2021-10-18 17:35:00,2021,10,18,17,35,72,72181,PIAF EDITH (RUE),48.0209029467,0.1556539533,Plein jour,En agglomération,Intersection en X,Pluie légère,Deux véhicules - côté,4,2,2,1,1,1,2,0,1,30,,2,1,0,0,1,46.0,62.0,,,1,2,2,2,3
202100012189,2021-10-19 14:10:00,2021,10,19,14,10,69,69290,ARISTIDE BRIAND (R),45.69313,4.93153,Plein jour,En agglomération,Hors intersection,Normale,Deux véhicules - côté,7,2,2,0,1,1,1,0,1,50,,2,1,0,0,1,38.0,51.0,,,1,2,1,1,3
202100012190,2021-10-19 07:35:00,2021,10,19,7,35,69,69266,ANTONIN PERRIN (R),45.75913,4.88499,Crépuscule ou aube,En agglomération,Hors intersection,Normale,Autre collision,4,2,4,2,1,1,1,0,1,50,,2,0,0,0,2,20.0,,,,2,2,1,1,6
202100012191,2021-10-18 17:10:00,2021,10,18,17,10,67,67482,LIEPVRE (RUE DE),48.569461,7.769103,Plein jour,En agglomération,Hors intersection,Normale,Deux véhicules - frontale,4,1,2,1,1,1,1,0,1,30,,2,1,0,0,1,42.0,28.0,,,1,2,1,1,1
202100012192,2021-10-19 18:20:00,2021,10,19,18,20,65,65440,REGIMENT D'INFANTERIE (PLACE DU 12EME),43.23634,0.06528,Plein jour,En agglomération,Place,Normale,Deux véhicules - côté,4,1,1,0,1,1,1,0,1,50,,3,2,0,0,1,4.0,34.0,,,1,2,7,1,3
202100012193,2021-10-19 15:45:00,2021,10,19,15,45,65,65440,CARNOT (RUE),43.222705,0.070121,Plein jour,En agglomération,Hors intersection,Normale,Deux véhicules - arrière,4,2,2,0,1,1,1,0,1,50,,2,1,0,0,1,66.0,78.0,,,1,2,1,1,2
202100012194,2021-10-19 13:30:00,2021,10,19,13,30,64,64445,PAIX,43.3185717566,-0.3455489874,Plein jour,En agglomération,Hors intersection,Normale,Deux véhicules - arrière,4,2,2,0,1,1,1,0,1,50,,2,1,0,0,1,44.0,79.0,,,1,2,1,1,2
202100012195,2021-10-08 23:55:00,2021,10,8,23,55,64,64024,BAYONNE (AVENUE DE),43.48044,-1.51482,Nuit avec éclairage allumé,En agglomération,Hors intersection,Normale,Deux véhicules - côté,3,2,2,0,2,2,2,0,1,50,,2,1,0,1,0,38.0,20.0,,,5,2,1,1,3
202100012196,2021-10-15 21:30:00,2021,10,15,21,30,62,62637,ROUSSEAU (R JEAN JACQUES),50.470742,2.992909,Nuit avec éclairage allumé,En agglomération,Intersection en T,Normale,Deux véhicules - côté,4,2,2,0,1,1,1,0,1,50,,5,0,0,1,4,38.0,58.0,,,5,2,3,1,3
202100012197,2021-10-18 19:26:00,2021,10,18,19,26,56,56121,BLUM ( BD LEON ),47.74758,-3.37582,Crépuscule ou aube,En agglomération,Hors intersection,Normale,Trois véhicules et plus - en chaîne,4,2,2,0,1,1,1,0,1,30,,5,4,0,0,1,38.0,41.0,,,2,2,1,1,4
202100012198,2021-10-20 00:40:00,2021,10,20,0,40,54,54395,POINCARE (RUE RAYMOND 31-32 A FIN),48.6894,6.16973,Nuit avec éclairage allumé,En agglomération,Intersection en X,Normale,Deux véhicules - côté,4,1,2,0,1,1,1,0,1,50,,4,2,0,0,2,27.0,20.0,,,5,2,2,1,3
202100012199,2021-10-19 17:15:00,2021,10,19,17,15,54,54395,HAGUENAUER (RUE DU GRAND RABBIN),48.68734,6.18018,Plein jour,En agglomération,Hors intersection,Normale,Deux véhicules - côté,4,2,2,0,1,1,1,8,1,30,,2,1,0,0,1,27.0,34.0,,,1,2,1,1,3
202100012200,2021-10-19 16:00:00,2021,10,19,16,0,53,53130,RUISSEAUX ( RUE DES ),48.0706,-0.77606,Plein jour,En agglomération,Intersection en Y,Normale,Autre collision,4,2,2,0,1,2,1,0,1,50,,2,1,0,1,0,20.0,,,,1,2,4,1,6
202100012201,2021-10-19 08:30:00,2021,10,19,8,30,51,51454,Voie Jean Taittinger,49.2416,4.03215,Plein jour,Hors agglomération,Hors intersection,Normale,Deux véhicules - arrière,1,1,3,0,1,1,2,0,1,90,,2,1,0,0,1,,31.0,,,1,1,1,1,2
202100012202,2021-10-18 18:05:00,2021,10,18,18,5,51,51055,Rue de la Ferme Pierquin,49.2853621762,4.0286121165,Plein jour,En agglomération,Hors intersection,Normale,Deux véhicules - côté,4,2,2,0,1,1,1,0,1,50,,2,1,0,0,1,19.0,73.0,,,1,2,1,1,3
202100012203,2021-10-18 08:20:00,2021,10,18,8,20,49,49015,La Piardière,47.5037898672,-0.6194724284,Crépuscule ou aube,En agglomération,Hors intersection,Brouillard / fumée,Sans collision,4,2,2,0,1,2,1,0,1,80,,1,0,0,0,1,50.0,,,,2,2,1,5,7
202100012204,2021-10-19 08:35:00,2021,10,19,8,35,43,43157,54 Avenue d’’Ours Mons,45.0381,3.9013,Plein jour,En agglomération,Hors intersection,Temps couvert,Autre collision,4,2,2,0,1,1,1,0,1,50,,2,1,0,0,1,60.0,,,,1,2,1,8,6
202100012205,2021-10-18 09:15:00,2021,10,18,9,15,43,43157,9 Place du Breuil,45.042,3.883,Plein jour,En agglomération,Hors intersection,Normale,Deux véhicules - côté,3,2,4,0,1,1,1,0,1,50,,2,1,0,0,1,50.0,26.0,,,1,2,1,1,3
202100012206,2021-10-09 18:00:00,2021,10,9,18,0,42,42218,Rue de la Richelandière,45.4369877042,4.4076594942,Plein jour,En agglomération,Hors intersection,Normale,Trois véhicules et plus - en chaîne,4,1,2,0,2,2,1,0,1,50,,3,2,0,0,1,61.0,33.0,,,1,2,1,1,4
202100012207,2021-10-18 18:20:00,2021,10,18,18,20,37,37050,BORDEAUX (AVENUE DE),47.3540748317,0.699271474,Crépuscule ou aube,En agglomération,Intersection en T,Normale,Deux véhicules - côté,4,2,4,0,1,1,1,0,1,50,,3,1,0,0,2,17.0,47.0,,,2,2,3,1,3
202100012208,2021-10-14 08:15:00,2021,10,14,8,15,36,36044,Rue Eugène Delacroix,46.8031,1.70638,Plein jour,En agglomération,Hors intersection,Normale,Autre collision,4,2,2,0,1,1,1,9,1,50,,2,1,0,0,1,36.0,,,,1,2,1,1,6
202100012209,2021-10-19 19:15:00,2021,10,19,19,15,35,35238,REDON (DE),48.105056,-1.691546,Nuit avec éclairage allumé,En agglomération,Intersection en T,Normale,Deux véhicules - côté,4,2,2,0,1,1,1,0,1,50,,3,1,0,0,2,28.0,29.0,,,5,2,3,1,3
202100012210,2021-10-19 11:30:00,2021,10,19,11,30,35,35238,SAINT-HELIER,48.102672,-1.661295,Plein jour,En agglomération,Hors intersection,Normale,Autre collision,4,1,2,1,4,1,1,0,1,50,,3,2,0,0,1,38.0,,,,1,2,1,1,6
202100012211,2021-10-18 17:15:00,2021,10,18,17,15,35,35238,STRASBOURG (BOULEVARD DE),48.1133,-1.6566,Plein jour,En agglomération,Intersection en T,Temps couvert,Trois véhicules et plus - collisions multiples,4,-1,1,1,2,1,2,0,5,50,,3,1,0,0,2,34.0,39.0,,,1,2,3,8,5
202100012212,2021-10-19 22:30:00,2021,10,19,22,30,33,33318,Avenue André Danglade,44.80737,-0.63529,Nuit avec éclairage allumé,En agglomération,Intersection en X,Normale,Deux véhicules - côté,4,2,2,0,1,1,1,0,1,50,,2,1,0,0,1,39.0,85.0,,,5,2,2,1,3
202100012213,2021-10-18 17:00:00,2021,10,18,17,0,33,33249,AVE DE PARIS,44.88149,-0.51013,Plein jour,En agglomération,Hors intersection,Normale,Deux véhicules - arrière,4,3,4,0,2,1,1,0,1,50,,2,1,0,0,1,52.0,27.0,,,1,2,1,1,2
202100012214,2021-10-19 09:40:00,2021,10,19,9,40,29,29232,Rue Theodore le Hars,47.993802524,-4.099777937,Plein jour,En agglomération,Autre intersection,Normale,Autre collision,4,2,2,0,1,1,1,0,8,50,,2,1,0,1,0,78.0,,,,1,2,9,1,6
202100012215,2021-10-19 07:46:00,2021,10,19,7,46,29,29039,Avenue Alain le Lay,47.87487,-3.91843,Nuit avec éclairage allumé,En agglomération,Hors intersection,Pluie légère,Sans collision,4,1,2,0,1,1,2,0,1,50,,1,0,0,0,1,14.0,,,,5,2,1,2,7
202100012216,2021-10-19 08:30:00,2021,10,19,8,30,28,28404,LIBERTE (AVENUE DE LA),48.73695,1.33118,Plein jour,Hors agglomération,Hors intersection,Temps couvert,Deux véhicules - côté,3,2,2,0,1,3,2,0,3,50,,2,1,0,0,1,24.0,,,,1,1,1,8,3
202100012217,2021-10-19 16:05:00,2021,10,19,16,5,27,27229,VERNON (RUE DE),49.02318,1.16907,Plein jour,En agglomération,Giratoire,Temps éblouissant,Autre collision,4,2,2,0,2,1,1,0,1,50,,2,1,0,0,1,67.0,,,,1,2,6,7,6
202100012218,2021-10-19 13:55:00,2021,10,19,13,55,27,27229,VERNON (RUE DE),49.02309,1.16938,Plein jour,En agglomération,Hors intersection,Normale,Sans collision,4,1,1,0,1,2,1,0,1,30,,1,0,0,0,1,46.0,,,,1,2,1,1,7
202100012219,2021-10-19 08:55:00,2021,10,19,8,55,27,27229,DOUCERAIN (PLACE AIME),49.03,1.136,Plein jour,En agglomération,Hors intersection,Normale,Deux véhicules - côté,4,2,2,0,3,1,2,0,1,50,,2,1,0,0,1,38.0,40.0,,,1,2,1,1,3
202100012220,2021-10-19 07:15:00,2021,10,19,7,15,27,27229,CORBEAU (RUE CHARLES),49.02427,1.14979,Crépuscule ou aube,En agglomération,Hors intersection,Pluie légère,Sans collision,4,1,1,0,1,1,2,0,4,50,,1,0,0,0,1,58.0,,,,2,2,1,2,7
202100012221,2021-10-19 12:54:00,2021,10,19,12,54,21,21054,SAINT-JACQUES (BOULEVARD),47.020753133,4.8375905094,Plein jour,En agglomération,Hors intersection,Normale,Deux véhicules - côté,4,1,2,0,1,1,1,9,1,50,,2,1,0,0,1,65.0,16.0,,,1,2,1,1,3
202100012222,2021-10-14 09:30:00,2021,10,14,9,30,18,18033,VOISINS (RUE DES FRERES),47.06974,2.37799,Plein jour,En agglomération,Intersection en T,Normale,Deux véhicules - côté,4,2,2,0,2,1,1,0,1,50,,2,1,0,1,0,49.0,,,,1,2,3,1,3
202100012223,2021-10-19 18:43:00,2021,10,19,18,43,17,17461,BOUIN JEAN,45.641897,-1.060733,Plein jour,En agglomération,Intersection en T,Normale,Deux véhicules - frontale,4,2,2,0,1,2,1,0,1,50,,2,1,0,1,0,40.0,58.0,,,1,2,3,1,1
202100012224,2021-10-19 11:55:00,2021,10,19,11,55,15,15014,PRADES (AVENUE DES),44.916539,2.436734,Plein jour,En agglomération,Intersection en T,Normale,Deux véhicules - côté,4,-1,2,0,2,1,1,0,1,50,,2,1,0,0,1,28.0,59.0,,,1,2,3,1,3
202100012225,2021-10-18 11:35:00,2021,10,18,11,35,15,15014,MOULIN (RUE JEAN),44.918356,2.424784,Plein jour,En agglomération,Giratoire,Normale,Deux véhicules - côté,4,1,1,0,1,2,1,5,1,50,,2,1,0,0,1,36.0,60.0,,,1,2,6,1,3
202100012226,2021-10-19 10:20:00,2021,10,19,10,20,14,14118,Avenue de la Côte de Nacre,49.20372,-0.36066,Plein jour,En agglomération,Hors intersection,Normale,Autre collision,3,3,4,0,1,1,2,0,8,50,,2,1,0,0,1,91.0,,,,1,2,1,1,6
202100012227,2021-10-19 19:55:00,2021,10,19,19,55,13,13215,LYON (RUE DE),43.32322,5.36788,Nuit avec éclairage allumé,En agglomération,Hors intersection,Normale,Autre collision,4,1,1,0,1,1,1,0,1,50,,2,1,0,0,1,26.0,,,,5,2,1,1,6
202100012228,2021-10-19 13:30:00,2021,10,19,13,30,13,13212,LAZARINE (RUE),43.3044360634,5.4167758849,Plein jour,En agglomération,Hors intersection,Normale,Deux véhicules - côté,4,1,1,0,1,2,1,0,1,50,,2,1,0,0,1,,,,,1,2,1,1,3
202100012229,2021-10-18 17:45:00,2021,10,18,17,45,13,13209,MARÉCHAL DE LATTRE (AVENUE),43.2501,5.40448,Plein jour,En agglomération,Hors intersection,Normale,Deux véhicules - côté,7,2,3,3,1,1,1,0,1,50,,2,1,0,0,1,22.0,16.0,,,1,2,1,1,3
202100012230,2021-10-18 08:30:00,2021,10,18,8,30,13,13215,BOSPHORE (BOULEVARD DU),43.37244,5.36529,Crépuscule ou aube,En agglomération,Hors intersection,Normale,Deux véhicules - frontale,9,3,0,0,2,1,1,0,1,50,,2,1,0,1,0,21.0,,,,2,2,1,1,1
202100012231,2021-10-19 09:15:00,2021,10,19,9,15,13,13001,HUGO VICTOR (AV),43.523,5.446,Plein jour,En agglomération,Intersection en X,Normale,Deux véhicules - côté,4,2,3,0,1,1,1,0,1,50,,2,1,0,0,1,65.0,70.0,,,1,2,2,1,3
202100012232,2021-10-18 13:29:00,2021,10,18,13,29,13,13001,EUROPE (AV),43.52478,5.42945,Plein jour,En agglomération,Hors intersection,Normale,Autre collision,4,3,4,3,1,1,1,0,1,50,,2,1,0,0,1,62.0,,,,1,2,1,1,6
202100012233,2021-10-18 14:25:00,2021,10,18,14,25,11,11069,ROCADE SUD RD 6161,43.2041,2.38635,Plein jour,Hors agglomération,Intersection en T,Temps éblouissant,Deux véhicules - côté,3,3,2,0,2,2,1,5,1,80,,3,2,0,0,1,76.0,74.0,,,1,1,3,7,3
202100012234,2021-10-18 17:50:00,2021,10,18,17,50,10,10387,EDOUARD VAILLANT (RUE),48.2798705417,4.0774512291,Plein jour,En agglomération,Hors intersection,Normale,Autre collision,4,2,2,0,2,1,1,0,1,50,,3,0,0,0,3,62.0,33.0,,,1,2,1,1,6
202100012235,2021-10-18 17:00:00,2021,10,18,17,0,10,10081,PRESIDENT RENE COTY,48.325106,4.030496,Plein jour,Hors agglomération,Giratoire,Normale,Deux véhicules - arrière,3,-1,2,0,1,1,1,5,1,50,,2,1,0,0,1,52.0,35.0,,,1,1,6,1,2
202100012236,2021-10-18 11:19:00,2021,10,18,11,19,06,06123,CURIE PIERRE ET MARIE AVENUE,43.68622,7.187386,Plein jour,En agglomération,Hors intersection,Normale,Trois véhicules et plus - collisions multiples,7,2,2,0,1,1,1,0,1,50,,3,2,0,0,1,71.0,36.0,,,1,2,1,1,5
202100012237,2021-10-19 08:09:00,2021,10,19,8,9,01,01451,PARIS (ROUTE DE),46.22501,5.20644,Plein jour,En agglomération,Giratoire,Normale,Deux véhicules - côté,3,3,4,0,1,1,1,0,1,70,,2,1,0,0,1,21.0,47.0,,,1,2,6,1,3
202100012238,2021-10-19 12:15:00,2021,10,19,12,15,75,75118,BOULEVARD PERIPHERIQUE,48.900856,2.364249,Plein jour,En agglomération,Intersection en Y,Normale,Autre collision,4,1,4,0,1,1,1,0,1,70,,2,0,0,0,2,67.0,,,,1,2,4,1,6
202100012239,2021-10-19 09:50:00,2021,10,19,9,50,75,75118,BOULEVARD PERIPHERIQUE,48.900862,2.366131,Plein jour,En agglomération,Intersection en Y,Normale,Deux véhicules - côté,4,1,4,0,1,1,1,0,1,70,,2,1,0,0,1,40.0,48.0,,,1,2,4,1,3
202100012240,2021-10-19 09:15:00,2021,10,19,9,15,75,75116,BOULEVARD PERIPHERIQUE,48.8635,2.265922,Plein jour,En agglomération,Hors intersection,Normale,Deux véhicules - arrière,4,1,4,0,1,1,1,1,1,70,,2,1,0,0,1,36.0,40.0,,,1,2,1,1,2
202100012241,2021-10-19 08:00:00,2021,10,19,8,0,75,75118,PORTE DE CLIGNANCOURT,48.901134,2.348011,Plein jour,En agglomération,Hors intersection,Normale,Deux véhicules - côté,4,1,4,0,1,1,1,0,1,70,,2,1,0,1,0,56.0,62.0,,,1,2,1,1,3
202100012242,2021-10-19 17:25:00,2021,10,19,17,25,75,75105,QUAI SAINT MICHEL,48.853507,2.345226,Plein jour,En agglomération,Hors intersection,Normale,Autre collision,4,2,5,1,1,1,1,0,5,30,,2,1,0,0,1,23.0,,,,1,2,1,1,6
202100012243,2021-10-19 22:00:00,2021,10,19,22,0,75,75120,BOULEVARD DAVOUT,48.861127,2.409383,Nuit avec éclairage allumé,En agglomération,Hors intersection,Normale,Autre collision,4,3,2,0,1,1,1,0,1,50,,2,1,0,0,1,,,,,5,2,1,1,6
202100012244,2021-10-18 20:05:00,2021,10,18,20,5,75,75120,RUE SAINT FARGEAU,48.871206,2.400833,Nuit avec éclairage allumé,En agglomération,Intersection en T,Pluie légère,Deux véhicules - frontale,4,2,2,0,2,1,2,0,1,30,,2,1,0,1,0,33.0,,,,5,2,3,2,1
202100012245,2021-10-19 21:30:00,2021,10,19,21,30,75,75118,RUE DU POTEAU,48.896758,2.338458,Nuit avec éclairage allumé,En agglomération,Intersection en X,Normale,Deux véhicules - côté,4,2,3,0,1,2,1,0,1,30,,3,2,0,0,1,23.0,36.0,,,5,2,2,1,3
202100012246,2021-10-19 16:38:00,2021,10,19,16,38,75,75118,RUE ORDENER,48.890283,2.358836,Plein jour,En agglomération,Hors intersection,Normale,Deux véhicules - côté,4,2,4,0,1,1,1,0,1,30,,2,1,0,0,1,27.0,32.0,,,1,2,1,1,3
202100012247,2021-10-19 18:10:00,2021,10,19,18,10,75,75118,BOULEVARD DE CLICHY,48.883415,2.334312,Crépuscule ou aube,En agglomération,Intersection en T,Normale,Deux véhicules - côté,4,3,2,3,1,1,1,0,6,30,,2,1,0,0,1,21.0,27.0,,,2,2,3,1,3
202100012248,2021-10-19 17:30:00,2021,10,19,17,30,75,75116,BOULEVARD EXELMANS,48.841433,2.263454,Plein jour,En agglomération,Hors intersection,Normale,Autre collision,4,3,2,1,1,1,1,0,5,30,,2,1,0,0,1,48.0,,,,1,2,1,1,6
202100012249,2021-10-19 15:50:00,2021,10,19,15,50,75,75115,AVENUE EMILE ZOLA,48.846377,2.282629,Plein jour,En agglomération,Hors intersection,Normale,Autre collision,4,2,2,0,1,1,1,0,1,30,,2,1,0,0,1,75.0,,,,1,2,1,1,6
202100012250,2021-10-19 19:55:00,2021,10,19,19,55,75,75114,AVENUE PAUL APPELL,48.82175,2.326695,Nuit avec éclairage allumé,En agglomération,Intersection en T,Normale,Autre collision,4,3,1,0,1,1,1,0,1,30,,2,1,0,0,1,64.0,,,,5,2,3,1,6
202100012251,2021-10-18 20:20:00,2021,10,18,20,20,75,75114,RUE JULES GUESDE,48.836762,2.32075,Nuit avec éclairage allumé,En agglomération,Intersection en X,Pluie légère,Deux véhicules - côté,4,2,2,0,1,1,2,0,1,30,,2,1,0,0,1,23.0,49.0,,,5,2,2,2,3
202100012252,2021-10-19 16:45:00,2021,10,19,16,45,75,75113,BOULEVARD ARAGO,48.836567,2.351175,Plein jour,En agglomération,Intersection en T,Normale,Deux véhicules - côté,4,1,3,3,2,3,1,0,6,30,,2,1,0,0,1,57.0,80.0,,,1,2,3,1,3
202100012253,2021-10-19 17:14:00,2021,10,19,17,14,94,94078,Avenue de Melun,48.723271,2.444135,Plein jour,En agglomération,Autre intersection,Normale,Sans collision,4,3,4,0,1,1,1,0,4,50,,1,0,0,0,1,16.0,,,,1,2,9,1,7
202100012254,2021-10-19 19:15:00,2021,10,19,19,15,94,94041,Quai Jean Compagnon,48.82076,2.39545,Nuit avec éclairage allumé,En agglomération,Intersection en T,Normale,Deux véhicules - côté,3,2,2,0,1,1,1,0,1,50,,2,1,0,1,0,30.0,,,,5,2,3,1,3
202100012255,2021-10-19 12:20:00,2021,10,19,12,20,94,94041,Avenue Maurice Thorez,48.81596,2.37718,Plein jour,En agglomération,Hors intersection,Normale,Autre collision,3,1,2,0,1,1,1,0,1,30,,2,1,0,0,1,65.0,,,,1,2,1,1,6
202100012256,2021-10-19 08:15:00,2021,10,19,8,15,94,94065,Avenue de la Gare,48.74157,2.35277,Plein jour,En agglomération,Hors intersection,Normale,Autre collision,3,2,2,0,2,1,1,0,1,50,,2,1,0,0,1,29.0,,,,1,2,1,1,6
202100012257,2021-10-18 19:00:00,2021,10,18,19,0,94,94028,CHOISY(ROUTE DE),48.78004,2.44449,Nuit avec éclairage allumé,En agglomération,Autre intersection,Normale,Deux véhicules - côté,3,3,4,0,1,1,1,0,1,50,,2,1,0,0,1,21.0,55.0,,,5,2,9,1,3
202100012258,2021-10-18 18:25:00,2021,10,18,18,25,94,94079,Avenue de la Haute Futaie,48.824291,2.56152,Plein jour,En agglomération,Intersection en X,Normale,Deux véhicules - côté,4,2,2,0,1,1,1,0,1,50,,2,1,0,0,1,25.0,19.0,,,1,2,2,1,3
202100012259,2021-10-19 17:45:00,2021,10,19,17,45,93,93066,GARCIA CHRISTINO,48.91653,2.36297,Plein jour,En agglomération,Intersection en T,Normale,Deux véhicules - côté,4,1,1,0,1,1,1,0,1,50,,2,1,0,0,1,17.0,37.0,,,1,2,3,1,3
202100012260,2021-10-18 10:00:00,2021,10,18,10,0,93,93066,MONTJOIE,48.9107388002,2.3619709597,Plein jour,En agglomération,Hors intersection,Normale,Autre collision,4,1,1,0,1,1,1,0,1,50,,2,1,0,0,1,61.0,27.0,,,1,2,1,1,6