accident_id,datetime,annee,mois,jour,heure,minute,departement,commune_insee,adresse,latitude,longitude,luminosite,agglomeration,intersection,meteo,collision,catr,circ,nbv,vosp,prof,plan,surf,infra,situ,vma,nb_vehicules,nb_usagers,nb_indemnes,nb_tues,nb_blesses_hosp,nb_blesses_legers,age_cond_1,age_cond_2,veh_type_cond_1,veh_type_cond_2,lum_code,agg_code,int_code,atm_code,col_code
202100012261,2021-10-19 18:08:00,2021,10,19,18,8,93,93051,EMILE COSSONNEAU (AVE),48.84991,2.57668,Plein jour,En agglomération,Intersection en Y,Normale,Trois véhicules et plus - collisions multiples,3,1,2,0,1,1,1,5,1,30,,3,1,0,0,2,73.0,32.0,,,1,2,4,1,5
202100012262,2021-10-19 14:55:00,2021,10,19,14,55,93,93051,RESEAU ROBERT KELLER,48.8529244131,2.5684458017,Plein jour,En agglomération,Hors intersection,Normale,Autre collision,4,1,1,0,1,1,1,0,1,50,,3,2,0,0,1,,21.0,,,1,2,1,1,6
202100012263,2021-10-19 13:15:00,2021,10,19,13,15,93,93048,SAINT DENIS (PASSAGE),48.8756331615,2.4498530312,Plein jour,En agglomération,Hors intersection,Normale,Autre collision,4,3,1,0,1,1,1,0,1,30,,2,1,0,0,1,38.0,,,,1,2,1,1,6
202100012264,2021-10-19 03:45:00,2021,10,19,3,45,93,93048,PARIS (RUE DE),48.85586,2.42435,Nuit sans éclairage public,En agglomération,Hors intersection,Temps couvert,Autre collision,3,1,2,0,1,1,2,0,1,50,,2,1,0,1,0,28.0,,,,3,2,1,8,6
202100012265,2021-10-18 14:40:00,2021,10,18,14,40,93,93048,COLONEL FABIEN (AVENUE DU),48.8765,2.45467,Plein jour,En agglomération,Intersection en X,Normale,Deux véhicules - côté,4,1,2,0,1,1,1,5,1,30,,2,1,0,0,1,58.0,46.0,,,1,2,2,1,3
202100012266,2021-10-19 17:35:00,2021,10,19,17,35,93,93074,DE GAULLE AVENUE DU GENERAL,48.9394,2.57127,Plein jour,En agglomération,Hors intersection,Normale,Deux véhicules - arrière,4,2,2,0,1,1,1,0,1,50,,2,1,0,0,1,28.0,18.0,,,1,2,1,1,2
202100012267,2021-10-19 09:37:00,2021,10,19,9,37,93,93079,SAINT LEU (ROUTE),48.9532237186,2.3366170444,Plein jour,En agglomération,Intersection en T,Normale,Deux véhicules - côté,3,2,2,2,1,1,1,0,1,50,,2,1,0,0,1,29.0,21.0,,,1,2,3,1,3
202100012268,2021-10-19 13:20:00,2021,10,19,13,20,93,93029,STALINGRAD (DE),48.91745,2.41911,Plein jour,En agglomération,Autre intersection,Normale,Deux véhicules - côté,3,1,2,0,1,1,1,0,1,50,,2,1,0,0,1,18.0,34.0,,,1,2,9,1,3
202100012269,2021-10-19 09:15:00,2021,10,19,9,15,93,93066,CASANOVA DANIELLE NR 52-SUIV ET 21-SUIV,48.92884,2.36234,Plein jour,En agglomération,Hors intersection,Normale,Deux véhicules - côté,3,2,1,0,1,1,1,0,1,50,,2,0,0,0,2,34.0,47.0,,,1,2,1,1,3
202100012270,2021-10-19 12:20:00,2021,10,19,12,20,93,93014,GAGARINE (BOULEVARD),48.905,2.54632,Plein jour,En agglomération,Hors intersection,Normale,Deux véhicules - arrière,3,3,2,1,1,1,1,0,1,50,,2,1,0,0,1,,,,,1,2,1,1,2
202100012271,2021-10-19 13:50:00,2021,10,19,13,50,93,93010,FERRY (RUE JULES),48.8931092508,2.4732595682,Plein jour,En agglomération,Giratoire,Normale,Deux véhicules - frontale,4,-1,1,0,1,2,1,0,1,50,,3,2,0,0,1,39.0,62.0,,,1,2,6,1,1
202100012272,2021-10-18 22:15:00,2021,10,18,22,15,93,93057,HUGO (AV. VICTOR),48.9097417007,2.5143249038,Nuit avec éclairage allumé,En agglomération,Hors intersection,Pluie légère,Autre collision,4,1,4,0,1,2,2,9,1,50,,2,1,0,0,1,22.0,,,,5,2,1,2,6
202100012273,2021-10-19 16:30:00,2021,10,19,16,30,92,92076,BOIS DE LA MARCHE,48.8352348444,2.154712379,Plein jour,En agglomération,Intersection en T,Normale,Sans collision,3,2,2,0,2,1,1,0,8,1,,1,0,0,0,1,64.0,,,,1,2,3,1,7
202100012274,2021-10-19 19:00:00,2021,10,19,19,0,92,92050,JOFFRE MARECHAL AVENUE DU,48.8854114202,2.1960194651,Crépuscule ou aube,En agglomération,Intersection en X,Normale,Autre collision,3,2,2,0,1,1,1,0,1,50,,2,1,0,0,1,18.0,,,,2,2,2,1,6
202100012275,2021-10-19 09:15:00,2021,10,19,9,15,92,92049,BARBES RUE,48.8171351424,2.3307484388,Plein jour,En agglomération,Intersection en T,Normale,Deux véhicules - côté,3,2,4,1,1,1,1,0,1,50,,2,1,0,0,1,28.0,35.0,,,1,2,3,1,3
202100012276,2021-10-17 02:28:00,2021,10,17,2,28,92,92040,VICTOR CRESSON (AVENUE) DU 02 AU 40,48.8239649113,2.2728449106,Nuit avec éclairage allumé,En agglomération,Intersection en T,Normale,Deux véhicules - côté,3,2,2,0,1,1,1,0,1,50,,3,1,0,0,2,32.0,34.0,,,5,2,3,1,3
202100012277,2021-10-19 18:50:00,2021,10,19,18,50,92,92035,Charlebourg ( rue de ),48.9070574263,2.2403901815,Crépuscule ou aube,En agglomération,Giratoire,Normale,Deux véhicules - côté,3,1,1,0,1,3,1,0,5,50,,2,0,0,0,2,23.0,28.0,,,2,2,6,1,3
202100012278,2021-10-18 22:30:00,2021,10,18,22,30,92,92023,GENERAL DE GAULLE (AV DU) N°130 A 340 ET,48.785257,2.251174,Nuit avec éclairage allumé,En agglomération,Hors intersection,Pluie légère,Autre collision,3,2,2,0,1,1,2,0,3,50,,2,1,0,0,1,,,,,5,2,1,2,6
202100012279,2021-10-19 09:40:00,2021,10,19,9,40,92,92012,QUATRE SEPTEMBRE (QUAI DU),48.848143101,2.2273385525,Plein jour,En agglomération,Hors intersection,Normale,Sans collision,3,2,4,0,1,1,2,2,1,50,,1,0,0,0,1,20.0,,,,1,2,1,1,7
202100012280,2021-10-19 17:30:00,2021,10,19,17,30,92,92007,HUGO (AVENUE VICTOR),48.80493,2.32279,Plein jour,En agglomération,Intersection en X,Normale,Deux véhicules - côté,3,2,4,2,1,1,1,5,1,50,,4,3,0,0,1,41.0,25.0,,,1,2,2,1,3
202100012281,2021-10-19 12:00:00,2021,10,19,12,0,92,92014,GENERAL LECLERC (AV.) (1 A 55BIS - 2 A 4,48.782800861,2.3167392612,Plein jour,En agglomération,Hors intersection,Normale,Deux véhicules - arrière,3,1,1,0,2,1,1,0,1,50,,2,1,0,0,1,32.0,48.0,,,1,2,1,1,2
202100012282,2021-10-17 13:30:00,2021,10,17,13,30,974,97415,16 Chemin Bien Aime,-21.07103,55.259885,Plein jour,En agglomération,Hors intersection,Normale,Deux véhicules - frontale,4,2,2,0,1,1,1,0,1,50,,1,0,0,1,0,42.0,,,,1,2,1,1,1
202100012283,2021-10-17 12:20:00,2021,10,17,12,20,86,86112,D11,46.244235,0.691146,Plein jour,Hors agglomération,Hors intersection,Normale,Autre collision,3,2,2,0,1,4,1,0,3,80,,2,0,0,1,1,23.0,,,,1,1,1,1,6
202100012284,2021-10-19 19:30:00,2021,10,19,19,30,2A,2A211,RT 40,41.78421,8.980882,Nuit sans éclairage public,Hors agglomération,Hors intersection,Normale,Deux véhicules - frontale,3,2,2,0,2,3,1,0,1,80,,2,0,0,1,1,81.0,20.0,,,3,1,1,1,1
202100012285,2021-10-19 18:00:00,2021,10,19,18,0,38,38160,D41,45.482576,4.989931,Plein jour,Hors agglomération,Hors intersection,Normale,Autre collision,3,2,2,0,1,1,1,0,1,80,,4,0,0,1,3,43.0,,,,1,1,1,1,6
202100012286,2021-10-18 10:45:00,2021,10,18,10,45,33,33138,,45.039207,-0.105561,Plein jour,En agglomération,Hors intersection,Normale,Deux véhicules - côté,3,2,2,0,1,1,1,0,1,50,,2,1,0,0,1,47.0,,,,1,2,1,1,3
202100012287,2021-10-19 07:45:00,2021,10,19,7,45,40,40036,D810,43.641246,-1.343615,Crépuscule ou aube,Hors agglomération,Hors intersection,Normale,Autre collision,3,2,2,0,1,1,1,0,1,80,,1,0,0,1,0,49.0,,,,2,1,1,1,6
202100012288,2021-10-18 11:15:00,2021,10,18,11,15,17,17469,66 Rue de Port des Barques,45.607335,-0.62754,Plein jour,Hors agglomération,Hors intersection,Normale,Autre collision,3,2,2,0,2,2,1,0,3,70,,1,0,0,1,0,49.0,,,,1,1,1,1,6
202100012289,2021-10-19 13:25:00,2021,10,19,13,25,12,12197,RD 902 ,44.047298,2.528991,Plein jour,Hors agglomération,Hors intersection,Normale,Autre collision,3,2,2,0,2,4,1,0,3,90,,1,0,0,1,0,23.0,,,,1,1,1,1,6
202100012290,2021-10-20 16:30:00,2021,10,20,16,30,67,67202,route départementale 421,48.751294,7.530388,Plein jour,Hors agglomération,Hors intersection,Pluie légère,Autre collision,3,2,2,0,1,1,2,0,1,80,,1,0,0,0,1,46.0,,,,1,1,1,2,6
202100012291,2021-10-19 20:00:00,2021,10,19,20,0,74,74019,Route du Barioz,45.943085,6.137742,Nuit sans éclairage public,Hors agglomération,Passage à niveau,Normale,Autre collision,3,3,2,0,2,1,1,4,6,50,,1,0,1,0,0,18.0,,,,3,1,8,1,6
202100012292,2021-10-20 12:55:00,2021,10,20,12,55,42,42052,36 Route de Saint-Bonnet,46.1625498652,4.1720689642,Plein jour,En agglomération,Hors intersection,Normale,Autre collision,3,2,2,0,4,1,1,0,1,50,,2,1,0,1,0,15.0,,,,1,2,1,1,6
202100012293,2021-10-19 09:00:00,2021,10,19,9,0,59,59553,N41,50.5972452885,2.9357908186,Plein jour,Hors agglomération,Hors intersection,Normale,Deux véhicules - côté,2,3,4,0,1,1,2,0,1,110,,2,1,0,0,1,35.0,54.0,,,1,1,1,1,3
202100012294,2021-10-19 16:00:00,2021,10,19,16,0,42,42210,Route du Barrage,45.489258,4.634101,Plein jour,Hors agglomération,Hors intersection,Normale,Deux véhicules - frontale,7,2,2,0,2,2,1,0,1,80,,2,1,0,0,1,63.0,60.0,,,1,1,1,1,1
202100012295,2021-10-19 18:30:00,2021,10,19,18,30,44,44086,La Grenetterie,47.6967,-1.589402,Plein jour,Hors agglomération,Intersection en T,Normale,Deux véhicules - arrière,3,2,2,0,1,1,1,0,1,80,,2,1,0,1,0,81.0,50.0,,,1,1,3,1,2
202100012296,2021-10-19 17:10:00,2021,10,19,17,10,51,51576,Avenue de Champagne,49.049982,4.120683,Plein jour,En agglomération,Intersection en T,Normale,Deux véhicules - côté,3,2,2,0,1,1,1,0,1,50,,2,0,0,0,2,50.0,46.0,,,1,2,3,1,3
202100012297,2021-10-20 19:40:00,2021,10,20,19,40,56,56165,La Croix Adeline,47.958117,-2.390315,Crépuscule ou aube,Hors agglomération,Intersection en X,Pluie légère,Deux véhicules - côté,3,2,2,0,1,1,2,0,1,80,,3,1,1,0,1,19.0,36.0,,,2,1,2,2,3
202100012298,2021-10-20 17:00:00,2021,10,20,17,0,56,56165,21 rue de la gare,47.93265,-2.401213,Plein jour,En agglomération,Hors intersection,Pluie légère,Autre collision,4,2,2,0,2,1,2,0,1,30,,2,1,1,0,0,59.0,,,,1,2,1,2,6
202100012299,2021-10-05 20:45:00,2021,10,5,20,45,56,56094,Kernours,47.754703,-3.287573,Nuit avec éclairage allumé,Hors agglomération,Hors intersection,Normale,Trois véhicules et plus - collisions multiples,3,2,2,0,1,1,1,0,1,80,,3,0,0,1,2,21.0,18.0,,,5,1,1,1,5
202100012300,2021-10-19 19:40:00,2021,10,19,19,40,56,56184,"intersection rue des bruyères, rue de beau soleil",47.65384,-2.441196,Crépuscule ou aube,En agglomération,Intersection en T,Normale,Deux véhicules - côté,4,2,2,0,4,1,1,5,1,50,,2,1,0,0,1,23.0,31.0,,,2,2,3,1,3
202100012301,2021-10-19 11:45:00,2021,10,19,11,45,74,74289,Route de Verlioz,45.910585,5.953957,Plein jour,Hors agglomération,Intersection en X,Normale,Deux véhicules - côté,3,2,2,0,1,1,1,0,1,-1,,2,1,0,0,1,56.0,35.0,,,1,1,2,1,3
202100012302,2021-10-16 15:30:00,2021,10,16,15,30,61,61261,RD 326,48.484578,0.235412,Plein jour,Hors agglomération,Hors intersection,Normale,Autre collision,3,2,2,0,2,4,1,0,3,80,,1,0,0,1,0,51.0,,,,1,1,1,1,6
202100012303,2021-10-19 13:40:00,2021,10,19,13,40,46,46228,Lieu Dit Nicole,44.890507,1.805521,Plein jour,Hors agglomération,Hors intersection,Normale,Autre collision,3,3,2,0,1,1,1,2,1,30,,1,0,0,1,0,52.0,,,,1,1,1,1,6
202100012304,2021-10-17 13:30:00,2021,10,17,13,30,44,44169,route départementale 74,47.260286,-1.381145,Plein jour,Hors agglomération,Intersection en T,Normale,Deux véhicules - côté,3,2,2,0,1,1,1,0,1,80,,2,1,0,1,0,57.0,22.0,,,1,1,3,1,3
202100012305,2021-10-02 17:50:00,2021,10,2,17,50,44,44169,RD104,47.246997,-1.400323,Plein jour,Hors agglomération,Hors intersection,Vent fort / tempête,Deux véhicules - arrière,3,2,2,0,1,2,2,0,1,70,,3,1,0,0,2,31.0,47.0,,,1,1,1,6,2
202100012306,2021-10-18 18:00:00,2021,10,18,18,0,29,29302,Lieu-Dit Moulin de Kergaeric,48.257006,-4.11181,Plein jour,Hors agglomération,Autre intersection,Pluie forte,Deux véhicules - frontale,4,2,2,0,2,3,2,0,1,80,,2,0,0,0,2,47.0,19.0,,,1,1,9,3,1
202100012307,2021-10-18 13:10:00,2021,10,18,13,10,29,29061,Boulevard Gabriel Lippmann,48.42596,-4.457416,Plein jour,En agglomération,Giratoire,Pluie forte,Deux véhicules - arrière,4,2,1,0,1,2,2,5,1,50,,2,1,0,1,0,44.0,35.0,,,1,2,6,3,2
202100012308,2021-10-11 10:35:00,2021,10,11,10,35,31,31033,D35,43.361639,1.476181,Plein jour,Hors agglomération,Hors intersection,Normale,Autre collision,3,2,2,0,1,1,1,0,1,80,,1,0,0,1,0,43.0,,,,1,1,1,1,6
202100012309,2021-10-14 19:00:00,2021,10,14,19,0,31,31232,D 20,43.7704,1.333846,Plein jour,Hors agglomération,Intersection en T,Temps éblouissant,Deux véhicules - frontale,3,2,2,0,1,1,1,0,1,80,,2,1,0,1,0,51.0,33.0,,,1,1,3,7,1
202100012310,2021-10-20 13:35:00,2021,10,20,13,35,38,38006,8 Boulevard Jules Ferry,45.394777,6.072183,Plein jour,En agglomération,Intersection en X,Temps éblouissant,Deux véhicules - côté,3,2,2,0,3,1,1,0,1,50,,2,1,0,0,1,73.0,50.0,,,1,2,2,7,3
202100012311,2021-10-20 07:39:00,2021,10,20,7,39,02,02461,D1032,49.597805,3.131447,Nuit sans éclairage public,Hors agglomération,Intersection en X,Pluie légère,Deux véhicules - côté,3,2,2,0,1,1,2,5,1,80,,2,1,0,0,1,48.0,47.0,,,3,1,2,2,3
202100012312,2021-10-20 17:05:00,2021,10,20,17,5,60,60664,4 Rue de Beauvais,49.6106055902,2.2899382148,Plein jour,En agglomération,Hors intersection,Temps couvert,Deux véhicules - frontale,3,2,2,0,1,1,2,0,1,50,,2,1,0,0,1,22.0,,,,1,2,1,8,1
202100012313,2021-10-19 23:20:00,2021,10,19,23,20,60,60393,D12,49.278584,2.371252,Nuit sans éclairage public,Hors agglomération,Hors intersection,Normale,Autre collision,3,2,2,0,1,1,1,0,4,80,,4,2,0,0,2,18.0,,,,3,1,1,1,6
202100012314,2021-10-20 16:35:00,2021,10,20,16,35,18,18075,Route de Nevers,47.012333,3.07232,Plein jour,Hors agglomération,Hors intersection,Pluie forte,Sans collision,3,2,2,0,1,1,3,2,1,80,,1,0,0,0,1,18.0,,,,1,1,1,3,7
202100012315,2021-10-19 09:45:00,2021,10,19,9,45,27,27116,D613,49.150935,0.73175,Plein jour,Hors agglomération,Hors intersection,Normale,Sans collision,3,2,2,0,2,1,1,0,3,80,,1,0,0,1,0,34.0,,,,1,1,1,1,7
202100012316,2021-10-13 20:25:00,2021,10,13,20,25,27,27017,Rue de la Ferme,48.990887,1.157818,Nuit avec éclairage allumé,En agglomération,Intersection en T,Normale,Deux véhicules - côté,4,2,2,0,1,1,1,0,1,50,,2,1,0,1,0,56.0,44.0,,,5,2,3,1,3
202100012317,2021-10-17 05:20:00,2021,10,17,5,20,37,37067,"carrefour D57, D17",47.251621,0.47282,Nuit sans éclairage public,Hors agglomération,Hors intersection,Normale,Autre collision,3,2,2,0,4,2,1,0,3,70,,1,0,0,1,0,23.0,,,,3,1,1,1,6
202100012318,2021-10-19 07:50:00,2021,10,19,7,50,37,37179,La Coudrière,47.4486482994,0.7275679921,Crépuscule ou aube,Hors agglomération,Giratoire,Normale,Deux véhicules - côté,7,2,2,0,1,2,1,5,1,50,,2,1,0,1,0,56.0,41.0,,,2,1,6,1,3
202100012319,2021-10-08 12:35:00,2021,10,8,12,35,37,37021,RD 766,47.5886219543,0.7084885357,Plein jour,Hors agglomération,Hors intersection,Temps éblouissant,Autre collision,3,2,2,0,1,1,1,0,1,90,,2,1,0,1,0,71.0,,,,1,1,1,7,6
202100012320,2021-10-19 08:10:00,2021,10,19,8,10,37,37099,Les Quatre Tourelles,47.2892201592,0.5252792927,Crépuscule ou aube,Hors agglomération,Hors intersection,Normale,Trois véhicules et plus - en chaîne,7,2,3,0,1,1,1,0,1,90,,3,2,0,0,1,55.0,42.0,,,2,1,1,1,4
202100012321,2021-10-19 18:33:00,2021,10,19,18,33,38,38310,autoroute A 49 - PK 013.500,45.250903,5.504494,Crépuscule ou aube,Hors agglomération,Hors intersection,Normale,Deux véhicules - côté,1,3,4,0,1,3,1,0,1,130,,5,3,0,1,1,38.0,71.0,,,2,1,1,1,3
202100012322,2021-10-20 07:45:00,2021,10,20,7,45,06,06085,Chemin de Carimail,43.574733,6.976007,Crépuscule ou aube,En agglomération,Hors intersection,Normale,Sans collision,3,2,2,0,1,2,1,0,1,80,,1,0,0,1,0,28.0,,,,2,2,1,1,7
202100012323,2021-10-20 05:30:00,2021,10,20,5,30,37,37072,D751,47.18206,0.272752,Nuit sans éclairage public,Hors agglomération,Hors intersection,Normale,Trois véhicules et plus - en chaîne,3,2,2,0,2,3,1,8,1,50,,3,1,0,0,2,53.0,31.0,,,3,1,1,1,4
202100012324,2021-09-01 13:46:00,2021,9,1,13,46,38,38005,Route du Villaret,45.14808,6.044508,Plein jour,Hors agglomération,Hors intersection,Normale,Autre collision,3,2,2,0,1,1,1,0,8,80,,1,0,0,0,1,37.0,,,,1,1,1,1,6
202100012325,2021-10-19 13:55:00,2021,10,19,13,55,45,45008,A10,48.084218,1.851572,Plein jour,Hors agglomération,Hors intersection,Normale,Deux véhicules - arrière,1,3,3,0,1,1,1,0,1,130,,3,1,0,2,0,63.0,45.0,,,1,1,1,1,2
202100012326,2021-10-19 02:30:00,2021,10,19,2,30,988,98808,Paraouyé (Tribu),-21.273909,165.64442,Nuit sans éclairage public,Hors agglomération,Hors intersection,Pluie légère,Autre collision,3,2,2,0,1,1,2,0,3,90,,1,0,0,1,0,34.0,,,,3,1,1,2,6
202100012327,2021-10-20 13:50:00,2021,10,20,13,50,2B,2B148,D507,42.550109,9.462254,Plein jour,Hors agglomération,Hors intersection,Normale,Deux véhicules - côté,3,2,2,0,2,1,1,0,1,-1,,2,1,0,0,1,53.0,21.0,,,1,1,1,1,3
202100012328,2021-10-20 09:45:00,2021,10,20,9,45,06,06121,avenue jean monnet,43.701497,7.326658,Plein jour,En agglomération,Intersection à plus de 4 branches,Normale,Deux véhicules - arrière,7,2,2,0,2,2,1,0,1,30,,3,1,0,0,2,68.0,33.0,,,1,2,5,1,2
202100012329,2021-10-19 13:15:00,2021,10,19,13,15,13,13014,Rue Pasteur,43.474836,5.168665,Plein jour,En agglomération,Hors intersection,Normale,Deux véhicules - frontale,4,1,2,0,1,1,1,0,1,30,,2,1,0,1,0,48.0,,,,1,2,1,1,1
202100012330,2021-10-15 21:00:00,2021,10,15,21,0,13,13086,4 Avenue des Allies,43.350998,5.604182,Nuit avec éclairage allumé,En agglomération,Hors intersection,Normale,Deux véhicules - frontale,7,2,2,0,1,1,1,0,1,50,,3,1,0,1,1,30.0,18.0,,,5,2,1,1,1
202100012331,2021-10-20 08:00:00,2021,10,20,8,0,58,58051,Route de Bourges,46.956191,3.144971,Plein jour,En agglomération,Hors intersection,Normale,Deux véhicules - côté,3,2,2,0,1,1,1,0,1,70,,2,1,0,1,0,31.0,39.0,,,1,2,1,1,3
202100012332,2021-10-13 05:35:00,2021,10,13,5,35,68,68174,D6b,47.6821666309,7.3810744286,Nuit sans éclairage public,Hors agglomération,Hors intersection,Pluie légère,Autre collision,3,2,2,0,3,2,2,0,1,80,,1,0,0,1,0,45.0,,,,3,1,1,2,6
202100012333,2021-10-20 12:50:00,2021,10,20,12,50,69,69243,EDOUARD HERRIOT (AV),45.889291,4.456072,Plein jour,En agglomération,Intersection en T,Normale,Deux véhicules - côté,2,3,5,1,1,1,1,5,1,50,,3,1,0,1,1,16.0,53.0,,,1,2,3,1,3
202100012334,2021-10-20 17:00:00,2021,10,20,17,0,31,31291,Chemin de Mader,43.579155,1.221328,Plein jour,Hors agglomération,Hors intersection,Normale,Deux véhicules - côté,3,2,2,0,1,1,1,0,1,80,,2,1,0,1,0,34.0,21.0,,,1,1,1,1,3
202100012335,2021-10-20 07:40:00,2021,10,20,7,40,33,33442,,45.0386115357,-0.2091508951,Crépuscule ou aube,Hors agglomération,Hors intersection,Normale,Deux véhicules - arrière,3,2,2,0,2,1,1,0,1,80,,2,1,1,0,0,22.0,59.0,,,2,1,1,1,2
202100012336,2021-10-19 09:45:00,2021,10,19,9,45,33,33243,Av Anciens Combattants En Afn,44.915351,-0.234645,Plein jour,En agglomération,Hors intersection,Temps éblouissant,Autre collision,4,2,2,0,1,1,1,0,1,50,,2,1,1,0,0,44.0,,,,1,2,1,7,6
202100012337,2021-10-14 17:45:00,2021,10,14,17,45,33,33243,Avenue du Parc des Sports,44.906332,-0.234296,Plein jour,En agglomération,Intersection en X,Normale,Deux véhicules - côté,4,2,2,1,1,1,1,0,1,50,,2,1,0,1,0,57.0,71.0,,,1,2,2,1,3
202100012338,2021-10-20 07:20:00,2021,10,20,7,20,33,33256,,44.967933,-0.625963,Nuit sans éclairage public,Hors agglomération,Intersection en T,Normale,Deux véhicules - côté,3,-1,2,0,1,1,1,0,1,80,,2,1,0,0,1,45.0,31.0,,,3,1,3,1,3
202100012339,2021-10-17 22:15:00,2021,10,17,22,15,33,33056,Avenue du Général de Gaulle,44.931842,-0.634627,Nuit avec éclairage allumé,En agglomération,Hors intersection,Normale,Deux véhicules - côté,4,-1,2,0,1,1,1,0,1,50,,2,1,0,0,1,25.0,57.0,,,5,2,1,1,3
202100012340,2021-10-14 16:30:00,2021,10,14,16,30,49,49193,bec d'oiseau,47.134024,-0.883028,Plein jour,Hors agglomération,Hors intersection,Normale,Deux véhicules - frontale,4,2,1,0,1,1,1,0,1,-1,,2,0,0,1,1,19.0,34.0,,,1,1,1,1,1
202100012341,2021-10-19 07:45:00,2021,10,19,7,45,49,49138,Mare Chartier (Brion),47.4509795435,-0.1614689827,Crépuscule ou aube,Hors agglomération,Intersection en X,Normale,Deux véhicules - côté,3,2,2,0,1,1,1,0,1,80,,2,1,0,1,0,48.0,18.0,,,2,1,2,1,3
202100012342,2021-10-19 16:45:00,2021,10,19,16,45,50,50446,La Boulaye,49.120565,-1.028793,Plein jour,Hors agglomération,Intersection en X,Normale,Deux véhicules - côté,3,2,2,0,1,1,1,0,1,80,,3,1,0,1,1,70.0,81.0,,,1,1,2,1,3
202100012343,2021-10-19 19:30:00,2021,10,19,19,30,13,13215,A7-Sens Lyon vers Marseille,43.37696,5.35845,Nuit sans éclairage public,Hors agglomération,Hors intersection,Normale,Trois véhicules et plus - en chaîne,1,1,3,0,1,1,1,0,1,110,,6,4,0,0,2,75.0,23.0,,,3,1,1,1,4
202100012344,2021-10-19 13:30:00,2021,10,19,13,30,13,13117,A7-Sens Marseille vers Lyon,43.47675,5.23789,Plein jour,Hors agglomération,Hors intersection,Normale,Deux véhicules - arrière,1,1,2,0,1,1,1,0,1,110,,3,1,0,0,2,46.0,37.0,,,1,1,1,1,2
202100012345,2021-10-18 14:25:00,2021,10,18,14,25,13,13215,A7-Sens Lyon vers Marseille,43.36806,5.3608,Plein jour,Hors agglomération,Hors intersection,Normale,Trois véhicules et plus - en chaîne,1,1,3,0,1,1,1,1,1,90,,3,2,0,0,1,44.0,33.0,,,1,1,1,1,4
202100012346,2021-10-18 15:10:00,2021,10,18,15,10,13,13106,A51-Sens Aix en Provence vers Marseille,43.40403,5.35836,Plein jour,Hors agglomération,Hors intersection,Normale,Trois véhicules et plus - en chaîne,1,1,4,3,1,1,1,0,1,90,,5,4,0,1,0,35.0,59.0,,,1,1,1,1,4
202100012347,2021-10-19 07:32:00,2021,10,19,7,32,13,13211,A50-Sens Aubagne vers Marseille,43.28613,5.51032,Plein jour,Hors agglomération,Autre intersection,Normale,Deux véhicules - côté,1,1,3,0,1,1,1,0,1,90,,2,1,0,1,0,58.0,51.0,,,1,1,9,1,3
202100012348,2021-10-13 17:35:00,2021,10,13,17,35,13,13056,A55-Sens Martigues vers Marseille,43.3940464156,5.053279613,Plein jour,Hors agglomération,Hors intersection,Normale,Trois véhicules et plus - collisions multiples,1,3,2,0,1,1,1,3,1,70,,3,1,0,0,2,51.0,21.0,,,1,1,1,1,5
202100012349,2021-10-19 19:15:00,2021,10,19,19,15,69,69290,A43   3.865 A 9.894,45.7061493159,4.9590826035,Nuit avec éclairage non allumé,Hors agglomération,Hors intersection,Normale,Deux véhicules - arrière,1,1,5,0,1,1,1,0,1,90,,2,0,0,0,2,35.0,31.0,,,4,1,1,1,2
202100012350,2021-10-19 07:15:00,2021,10,19,7,15,33,33397,AUTOROUTE A10,44.906723,-0.491555,Nuit avec éclairage allumé,Hors agglomération,Hors intersection,Normale,Autre collision,1,3,6,0,1,1,1,0,1,110,,3,2,0,0,1,57.0,24.0,,,5,1,1,1,6
202100012351,2021-10-16 00:30:00,2021,10,16,0,30,59,59586,AUTOROUTE A23,50.5525316808,3.1800006508,Nuit sans éclairage public,Hors agglomération,Hors intersection,Normale,Deux véhicules - arrière,1,-1,2,0,1,1,1,0,1,130,,2,1,0,1,0,20.0,52.0,,,3,1,1,1,2
202100012352,2021-10-19 19:50:00,2021,10,19,19,50,91,91225,RN 104,48.6260350768,2.473962307,Nuit sans éclairage public,Hors agglomération,Hors intersection,Normale,Trois véhicules et plus - en chaîne,2,3,8,0,1,1,1,0,1,90,,4,3,0,0,1,29.0,38.0,,,3,1,1,1,4
202100012353,2021-10-19 19:15:00,2021,10,19,19,15,94,94003,AUTOROUTE A6A,48.8097,2.3388,Crépuscule ou aube,Hors agglomération,Hors intersection,Normale,Deux véhicules - côté,1,1,3,0,1,1,1,0,1,90,,2,1,0,0,1,47.0,21.0,,,2,1,1,1,3
202100012354,2021-10-19 17:45:00,2021,10,19,17,45,91,91174,RN 104,48.62485,2.47032,Crépuscule ou aube,Hors agglomération,Hors intersection,Normale,Trois véhicules et plus - en chaîne,2,3,3,0,1,1,1,0,1,90,,4,1,0,0,3,34.0,19.0,,,2,1,1,1,4