accident_id,datetime,annee,mois,jour,heure,minute,departement,commune_insee,adresse,latitude,longitude,luminosite,agglomeration,intersection,meteo,collision,catr,circ,nbv,vosp,prof,plan,surf,infra,situ,vma,nb_vehicules,nb_usagers,nb_indemnes,nb_tues,nb_blesses_hosp,nb_blesses_legers,age_cond_1,age_cond_2,veh_type_cond_1,veh_type_cond_2,lum_code,agg_code,int_code,atm_code,col_code
202100012355,2021-10-19 07:50:00,2021,10,19,7,50,94,94034,AUTOROUTE A86,48.75678,2.33104,Plein jour,Hors agglomération,Hors intersection,Normale,Deux véhicules - côté,1,-1,2,0,3,1,2,0,1,70,,2,1,0,0,1,,20.0,,,1,1,1,1,3
202100012356,2021-10-18 10:00:00,2021,10,18,10,0,91,91377,RD 444,48.726681,2.24443,Plein jour,Hors agglomération,Hors intersection,Normale,Deux véhicules - arrière,3,-1,0,0,1,1,1,0,1,70,,2,1,0,0,1,39.0,29.0,,,1,1,1,1,2
202100012357,2021-10-19 14:50:00,2021,10,19,14,50,92,92050,A14,48.8999607132,2.2100781197,Plein jour,Hors agglomération,Hors intersection,Normale,Sans collision,1,-1,4,0,1,2,2,1,1,70,,1,0,0,0,1,41.0,,,,1,1,1,1,7
202100012358,2021-10-18 23:08:00,2021,10,18,23,8,78,78029,A13W,48.967763,1.856937,Nuit sans éclairage public,Hors agglomération,Autre intersection,Pluie légère,Trois véhicules et plus - collisions multiples,1,3,3,0,1,1,2,0,1,130,,6,5,0,0,1,35.0,34.0,,,3,1,9,2,5
202100012359,2021-10-18 22:40:00,2021,10,18,22,40,78,78029,A13Y,48.966697,1.853108,Nuit sans éclairage public,Hors agglomération,Hors intersection,Normale,Deux véhicules - frontale,1,1,3,0,1,1,2,0,1,130,,2,1,0,0,1,39.0,73.0,,,3,1,1,1,1
202100012360,2021-10-19 21:10:00,2021,10,19,21,10,93,93064,AUTOROUTE A86,48.8842701357,2.4695885075,Nuit sans éclairage public,Hors agglomération,Hors intersection,Normale,Deux véhicules - arrière,1,3,8,0,1,1,1,0,1,70,,2,1,0,0,1,20.0,60.0,,,3,1,1,1,2
202100012361,2021-10-19 19:50:00,2021,10,19,19,50,95,95351,RN 104,49.027587,2.51907,Nuit sans éclairage public,Hors agglomération,Hors intersection,Normale,Deux véhicules - arrière,2,3,4,0,2,1,1,0,1,70,,2,1,0,0,1,24.0,58.0,,,3,1,1,1,2
202100012362,2021-10-19 18:20:00,2021,10,19,18,20,93,93027,AUTOROUTE A86,48.9281618107,2.4123246905,Crépuscule ou aube,Hors agglomération,Hors intersection,Normale,Sans collision,1,2,7,0,2,1,1,0,1,90,,1,0,0,0,1,24.0,,,,2,1,1,1,7
202100012363,2021-10-19 11:10:00,2021,10,19,11,10,93,93066,AUTOROUTE A1,48.9252822732,2.357055749,Plein jour,Hors agglomération,Hors intersection,Normale,Deux véhicules - côté,1,3,6,0,1,1,1,0,1,90,,2,1,0,0,1,21.0,58.0,,,1,1,1,1,3
202100012364,2021-10-19 08:50:00,2021,10,19,8,50,95,95306, A15,48.998589,2.177137,Plein jour,Hors agglomération,Hors intersection,Normale,Autre collision,1,-1,6,0,1,1,1,0,1,110,,1,0,0,0,1,26.0,,,,1,1,1,1,6
202100012365,2021-10-19 07:45:00,2021,10,19,7,45,95,95241,RN 104,49.0543900566,2.424834504,Plein jour,Hors agglomération,Hors intersection,Normale,Trois véhicules et plus - en chaîne,2,3,6,0,1,1,1,0,1,90,,3,1,0,0,2,26.0,44.0,,,1,1,1,1,4
202100012366,2021-10-19 06:00:00,2021,10,19,6,0,95,95582,RD 170,48.9648875322,2.2698569298,Nuit sans éclairage public,Hors agglomération,Hors intersection,Normale,Autre collision,3,-1,2,0,1,3,1,0,1,70,,1,0,0,0,1,24.0,,,,3,1,1,1,6
202100012367,2021-10-19 05:30:00,2021,10,19,5,30,93,93027,AUTOROUTE A86,48.92817,2.41161,Nuit sans éclairage public,Hors agglomération,Hors intersection,Autre,Deux véhicules - côté,1,1,6,0,1,1,2,0,1,70,,1,0,0,0,1,37.0,,,,3,1,1,9,3
202100012368,2021-10-18 17:20:00,2021,10,18,17,20,93,93066,AUTOROUTE A86,48.9229344984,2.3450405446,Plein jour,Hors agglomération,Hors intersection,Normale,Deux véhicules - arrière,1,1,2,0,2,1,1,3,1,70,,2,1,0,0,1,54.0,50.0,,,1,1,1,1,2
202100012369,2021-10-18 16:00:00,2021,10,18,16,0,92,92036,AUTOROUTE A15,48.9452569232,2.2843730158,Plein jour,Hors agglomération,Hors intersection,Temps couvert,Deux véhicules - arrière,1,3,8,0,1,1,1,0,1,90,,2,1,0,0,1,59.0,66.0,,,1,1,1,8,2
202100012370,2021-10-18 12:50:00,2021,10,18,12,50,92,92036,AUTOROUTE A15,48.9435578314,2.2873807879,Plein jour,Hors agglomération,Hors intersection,Normale,Trois véhicules et plus - en chaîne,1,3,8,0,1,1,1,2,1,110,,3,2,0,0,1,83.0,21.0,,,1,1,1,1,4
202100012371,2021-10-19 18:10:00,2021,10,19,18,10,77,77146,A4.Y,48.8316,2.64976,Plein jour,Hors agglomération,Hors intersection,Normale,Deux véhicules - arrière,1,-1,8,0,1,1,1,0,1,110,,2,1,0,0,1,32.0,23.0,,,1,1,1,1,2
202100012372,2021-10-19 15:15:00,2021,10,19,15,15,77,77363,A104,48.92545,2.6293,Plein jour,Hors agglomération,Hors intersection,Normale,Autre collision,1,3,4,0,1,1,1,0,1,90,,2,1,0,0,1,36.0,45.0,,,1,1,1,1,6
202100012373,2021-10-19 13:25:00,2021,10,19,13,25,94,94073,A86 INT,48.7619341283,2.3819786134,Plein jour,Hors agglomération,Hors intersection,Normale,Autre collision,1,-1,6,0,1,1,1,1,1,90,,3,2,0,0,1,34.0,48.0,,,1,1,1,1,6
202100012374,2021-10-19 08:20:00,2021,10,19,8,20,94,94028,RN406.W,48.7821742781,2.4410995834,Crépuscule ou aube,Hors agglomération,Hors intersection,Normale,Trois véhicules et plus - en chaîne,2,-1,2,0,1,1,2,0,1,70,,3,2,0,0,1,55.0,49.0,,,2,1,1,1,4
202100012375,2021-10-19 07:50:00,2021,10,19,7,50,93,93051,A4,48.8362535434,2.5518789629,Nuit sans éclairage public,Hors agglomération,Hors intersection,Pluie légère,Deux véhicules - côté,1,3,3,0,1,1,2,0,1,110,,2,1,0,0,1,22.0,23.0,,,3,1,1,2,3
202100012376,2021-10-18 18:30:00,2021,10,18,18,30,974,97416,VANILLE (ALLEE DE LA),-21.32158,55.47865,Nuit avec éclairage allumé,Hors agglomération,Hors intersection,Normale,Autre collision,4,4,2,0,2,1,1,0,8,30,,1,0,0,1,0,28.0,,,,5,1,1,1,6
202100012377,2021-10-18 17:00:00,2021,10,18,17,0,974,97411,PROVIDENCE (BOULEVARD DE LA),-20.89357,55.45678,Plein jour,En agglomération,Intersection en T,Normale,Deux véhicules - côté,4,2,2,0,1,1,1,0,1,50,,2,1,0,0,1,31.0,41.0,,,1,2,3,1,3
202100012378,2021-10-18 16:47:00,2021,10,18,16,47,973,97302,CATAYEE (JUSTIN),4.9400774578,-52.3307697773,Plein jour,En agglomération,Hors intersection,Normale,Deux véhicules - côté,4,2,1,0,1,1,1,0,1,50,,3,1,0,2,0,28.0,30.0,,,1,2,1,1,3
202100012379,2021-10-18 15:02:00,2021,10,18,15,2,973,97302,CATAYEE (JUSTIN),4.9394360294,-52.3306197524,Plein jour,En agglomération,Hors intersection,Normale,Trois véhicules et plus - collisions multiples,4,2,1,0,1,1,1,0,1,50,,3,2,0,0,1,50.0,20.0,,,1,2,1,1,5
202100012380,2021-10-18 19:45:00,2021,10,18,19,45,69,69259,ANDRE SENTUC (R),45.71002,4.86779,Nuit avec éclairage allumé,En agglomération,Intersection en T,Normale,Deux véhicules - côté,4,2,2,2,1,1,1,0,1,50,,2,1,0,0,1,31.0,48.0,,,5,2,3,1,3
202100012381,2021-10-18 17:20:00,2021,10,18,17,20,69,69259,PROFESSEUR ROUX (DU) (R),45.7250816413,4.8582315445,Plein jour,En agglomération,Hors intersection,Normale,Sans collision,4,2,2,0,1,1,1,0,1,50,,1,0,0,0,1,57.0,,,,1,2,1,1,7
202100012382,2021-10-18 12:55:00,2021,10,18,12,55,69,69383,GARIBALDI (R),45.76065,4.85202,Plein jour,En agglomération,Autre intersection,Normale,Deux véhicules - côté,4,1,3,3,1,1,1,0,6,50,,2,0,0,0,2,42.0,16.0,,,1,2,9,1,3
202100012383,2021-10-18 11:30:00,2021,10,18,11,30,69,69386,DUGUESCLIN (R),45.7640352491,4.8482108116,Plein jour,En agglomération,Hors intersection,Normale,Deux véhicules - côté,4,2,2,1,1,1,1,0,1,30,,2,1,0,0,1,60.0,78.0,,,1,2,1,1,3
202100012384,2021-10-18 09:10:00,2021,10,18,9,10,972,97207,ROUTE NATIONALE 5,14.574673,-60.985144,Plein jour,Hors agglomération,Hors intersection,Normale,Trois véhicules et plus - en chaîne,2,3,1,0,1,1,1,0,1,70,,3,0,0,3,0,30.0,48.0,,,1,1,1,1,4
202100012385,2021-10-18 06:30:00,2021,10,18,6,30,972,97213,NELSON MANDELA,14.612528,-60.995934,Plein jour,En agglomération,Hors intersection,Temps éblouissant,Autre collision,4,2,1,0,1,1,1,9,1,30,,2,1,0,1,0,73.0,,,,1,2,1,7,6
202100012386,2021-10-16 10:50:00,2021,10,16,10,50,972,97213,ROUTE DEPARTEMENTALE 15,14.63851,-61.01002,Plein jour,Hors agglomération,Intersection en T,Normale,Deux véhicules - frontale,3,2,2,0,1,1,1,0,1,50,,5,4,0,0,1,30.0,38.0,,,1,1,3,1,1
202100012387,2021-10-18 10:50:00,2021,10,18,10,50,69,69385,SAINT BARTHELEMY (MO),45.76036,4.82336,Plein jour,En agglomération,Hors intersection,Normale,Deux véhicules - arrière,4,1,1,2,2,1,1,8,1,30,,2,1,0,0,1,60.0,,,,1,2,1,1,2
202100012388,2021-10-18 11:25:00,2021,10,18,11,25,69,69034,SOLDATS (DES) (MO),45.79327,4.86003,Plein jour,En agglomération,Hors intersection,Normale,Deux véhicules - côté,7,2,2,3,2,1,1,0,1,50,,2,1,0,0,1,58.0,22.0,,,1,2,1,1,3
202100012389,2021-10-18 11:00:00,2021,10,18,11,0,69,69389,MARIETTON (R),45.77609,4.79938,Plein jour,En agglomération,Autre intersection,Normale,Deux véhicules - arrière,4,-1,2,0,1,1,1,0,1,50,,2,1,0,0,1,53.0,45.0,,,1,2,9,1,2
202100012390,2021-10-17 18:50:00,2021,10,17,18,50,971,97113,ROUTE DE PERINET-RD 119,16.2108,-61.47816,Crépuscule ou aube,Hors agglomération,Hors intersection,Normale,Deux véhicules - frontale,3,2,2,0,2,2,1,0,1,50,,4,2,0,2,0,62.0,43.0,,,2,1,1,1,1
202100012391,2021-10-18 08:40:00,2021,10,18,8,40,2A,2A004,MEZZAVIA ROUTE DE,41.9498677344,8.7706072106,Plein jour,En agglomération,Hors intersection,Normale,Trois véhicules et plus - en chaîne,2,2,2,0,1,1,1,0,1,50,,3,1,0,0,2,57.0,40.0,,,1,2,1,1,4
202100012392,2021-10-18 12:35:00,2021,10,18,12,35,95,95268,AV DIVISION LECLERC,48.96707,2.40317,Plein jour,En agglomération,Autre intersection,Normale,Sans collision,4,1,1,0,1,1,1,0,4,30,,1,0,0,0,1,16.0,,,,1,2,9,1,7
202100012393,2021-10-18 08:50:00,2021,10,18,8,50,95,95607,DIVISION LECLERC (AVENUE DE LA),49.013385,2.215878,Plein jour,En agglomération,Hors intersection,Normale,Deux véhicules - côté,3,3,2,0,1,1,1,0,1,50,,2,1,0,0,1,57.0,42.0,,,1,2,1,1,3
202100012394,2021-10-18 13:25:00,2021,10,18,13,25,95,95063,AV GABRIEL PERI,48.934229,2.209174,Plein jour,En agglomération,Intersection en X,Normale,Trois véhicules et plus - collisions multiples,3,4,3,0,1,1,1,0,1,50,,3,1,0,0,2,16.0,52.0,,,1,2,2,1,5
202100012395,2021-10-18 08:30:00,2021,10,18,8,30,91,91347,RUE ANDRE CHERMETTE,48.652439,2.278158,Plein jour,En agglomération,Hors intersection,Normale,Trois véhicules et plus - collisions multiples,4,2,2,0,1,1,1,0,1,50,,3,2,0,0,1,42.0,43.0,,,1,2,1,1,5
202100012396,2021-10-18 20:57:00,2021,10,18,20,57,91,91161,RTE DE MASSY,48.71205,2.30828,Nuit avec éclairage non allumé,Hors agglomération,Hors intersection,Pluie légère,Deux véhicules - frontale,3,-1,2,0,1,1,2,2,8,50,,2,1,0,0,1,55.0,24.0,,,4,1,1,2,1
202100012397,2021-10-18 07:25:00,2021,10,18,7,25,91,91433,R.D. 20,48.45622,2.17605,Crépuscule ou aube,Hors agglomération,Hors intersection,Normale,Trois véhicules et plus - en chaîne,3,3,4,0,1,1,1,0,1,90,,3,2,0,0,1,50.0,24.0,,,2,1,1,1,4
202100012398,2021-10-15 07:52:00,2021,10,15,7,52,87,87085,PRIEUR (RUE DU),45.87539,1.29941,Crépuscule ou aube,En agglomération,Hors intersection,Normale,Autre collision,4,2,2,0,1,1,1,0,1,50,,2,1,0,0,1,47.0,,,,2,2,1,1,6
202100012399,2021-10-16 14:28:00,2021,10,16,14,28,87,87085,LECLERC (AVENUE DU GENERAL),45.85659,1.26913,Plein jour,En agglomération,Hors intersection,Normale,Autre collision,4,3,4,0,1,1,1,5,1,50,,2,1,0,0,1,,52.0,,,1,2,1,1,6
202100012400,2021-10-16 10:10:00,2021,10,16,10,10,87,87085,CHENIEUX (RUE FRANCOIS),45.83944,1.25726,Plein jour,En agglomération,Hors intersection,Pluie légère,Deux véhicules - arrière,4,2,2,0,1,1,1,0,1,50,,3,2,0,1,0,25.0,43.0,,,1,2,1,2,2
202100012401,2021-10-18 22:05:00,2021,10,18,22,5,83,83009,CAPELAN (BOULEVARD DU),43.135615,5.739086,Nuit avec éclairage allumé,En agglomération,Intersection en T,Normale,Sans collision,4,2,2,0,2,3,1,0,1,30,,1,0,0,0,1,66.0,,,,5,2,3,1,7
202100012402,2021-10-16 14:30:00,2021,10,16,14,30,80,80021,GRAND MARAIS (RUE DU),49.91995,2.26839,Plein jour,En agglomération,Autre intersection,Normale,Deux véhicules - arrière,4,1,2,0,1,1,1,0,1,50,,2,1,0,0,1,46.0,31.0,,,1,2,9,1,2
202100012403,2021-10-16 20:05:00,2021,10,16,20,5,80,80131,RD 934,49.8531,2.40113,Nuit sans éclairage public,Hors agglomération,Hors intersection,Normale,Trois véhicules et plus - en chaîne,3,1,2,0,1,1,1,0,1,80,,4,1,0,0,3,22.0,67.0,,,3,1,1,1,4
202100012404,2021-10-16 13:25:00,2021,10,16,13,25,80,80021,ROBERT LE COQ (RUE),49.90031,2.26867,Plein jour,En agglomération,Intersection en T,Normale,Deux véhicules - côté,4,1,1,0,1,1,1,0,1,50,,2,1,0,0,1,16.0,37.0,,,1,2,3,1,3
202100012405,2021-10-14 19:50:00,2021,10,14,19,50,80,80021,PARIS (RUE DE),49.88155,2.28512,Nuit avec éclairage allumé,En agglomération,Hors intersection,Normale,Autre collision,4,2,1,0,1,1,1,0,1,50,,2,1,0,0,1,41.0,,,,5,2,1,1,6
202100012406,2021-10-14 18:20:00,2021,10,14,18,20,80,80021,LIN (RUE AU),49.89585,2.2951,Plein jour,En agglomération,Hors intersection,Normale,Deux véhicules - côté,4,1,1,0,1,1,1,0,4,30,,2,1,0,0,1,42.0,56.0,,,1,2,1,1,3
202100012407,2021-10-18 10:36:00,2021,10,18,10,36,76,76540,pont jeanne d arc,49.43826,1.08837,Plein jour,En agglomération,Hors intersection,Normale,Autre collision,5,2,4,2,2,1,1,4,6,50,,2,1,0,0,1,40.0,,,,1,2,1,1,6
202100012408,2021-10-16 18:00:00,2021,10,16,18,0,76,76351,BLEUETS (DES),49.50792,0.15704,Plein jour,En agglomération,Intersection en X,Normale,Deux véhicules - côté,4,2,2,0,1,1,1,0,1,50,,2,1,0,0,1,21.0,28.0,,,1,2,2,1,3
202100012409,2021-10-18 23:25:00,2021,10,18,23,25,74,74298,LIVRON (ROUTE DE),46.18588,6.25155,Nuit avec éclairage allumé,En agglomération,Intersection en T,Normale,Deux véhicules - côté,4,2,2,0,2,1,1,0,1,50,,2,1,0,0,1,39.0,,,,5,2,3,1,3
202100012410,2021-10-16 04:15:00,2021,10,16,4,15,71,71306,MACON (RUE DE),46.672240992,4.3781985989,Nuit avec éclairage allumé,En agglomération,Autre intersection,Normale,Autre collision,4,2,2,0,1,1,1,9,8,50,,1,0,0,1,0,40.0,,,,5,2,9,1,6
202100012411,2021-10-17 09:35:00,2021,10,17,9,35,71,71153,Rue Maréchal Foch,46.8043753556,4.4410809077,Plein jour,En agglomération,Intersection en Y,Temps éblouissant,Autre collision,4,2,2,0,1,1,1,0,1,50,,2,1,0,0,1,28.0,,,,1,2,4,7,6
202100012412,2021-10-16 11:50:00,2021,10,16,11,50,71,71059,C.D. 61,46.820609,4.460218,Plein jour,Hors agglomération,Intersection en X,Normale,Trois véhicules et plus - collisions multiples,3,2,2,0,1,1,1,0,1,80,,3,2,0,1,0,76.0,54.0,,,1,1,2,1,5
202100012413,2021-10-18 05:35:00,2021,10,18,5,35,71,71445,PONT DE BOURGOGNE (AVENUE DU),46.78239,4.873,Nuit sans éclairage public,Hors agglomération,Hors intersection,Brouillard / fumée,Deux véhicules - frontale,3,2,2,0,1,1,2,0,1,80,,2,1,1,0,0,28.0,37.0,,,3,1,1,5,1
202100012414,2021-10-17 03:10:00,2021,10,17,3,10,69,69013,D306,46.03828,4.71537,Nuit sans éclairage public,Hors agglomération,Hors intersection,Brouillard / fumée,Autre collision,3,2,3,0,1,1,1,0,1,90,,3,2,0,0,1,24.0,,,,3,1,1,5,6
202100012415,2021-10-09 17:27:00,2021,10,9,17,27,68,68066,HASLINGER (PLACE),48.08206,7.35853,Crépuscule ou aube,En agglomération,Hors intersection,Normale,Autre collision,4,-1,1,0,1,1,1,0,8,50,,3,2,0,0,1,54.0,,,,2,2,1,1,6
202100012416,2021-10-16 00:15:00,2021,10,16,0,15,67,67482,FORET NOIRE (AVENUE DE LA),48.58615,7.76289,Nuit avec éclairage allumé,En agglomération,Intersection en T,Normale,Deux véhicules - côté,4,2,4,0,1,1,1,0,1,50,,5,0,0,0,5,48.0,19.0,,,5,2,3,1,3
202100012417,2021-10-16 11:00:00,2021,10,16,11,0,67,67482,ANDRE MAUROIS (PLACE),48.5907,7.69477,Plein jour,En agglomération,Hors intersection,Normale,Autre collision,6,-1,-1,0,1,1,1,1,8,30,,2,1,0,0,1,62.0,,,,1,2,1,1,6
202100012418,2021-10-15 21:11:00,2021,10,15,21,11,67,67482,DUCS (RUE DES),48.58996,7.71551,Nuit avec éclairage allumé,En agglomération,Passage à niveau,Normale,Autre collision,4,2,4,3,2,1,1,4,6,50,,3,1,0,0,2,50.0,,,,5,2,8,1,6
202100012419,2021-10-15 19:40:00,2021,10,15,19,40,67,67118,ROMAINS (ROUTE DES),48.5814811074,7.6940573752,Nuit avec éclairage non allumé,En agglomération,Hors intersection,Normale,Deux véhicules - côté,4,2,2,1,1,1,1,0,1,50,,2,0,0,0,2,26.0,44.0,,,4,2,1,1,3
202100012420,2021-10-14 15:30:00,2021,10,14,15,30,67,67482,MINOTERIE (RUE DE LA),48.57939,7.79074,Plein jour,En agglomération,Hors intersection,Normale,Deux véhicules - côté,4,2,2,0,1,1,1,9,1,50,,3,2,0,0,1,28.0,54.0,,,1,2,1,1,3
202100012421,2021-10-17 02:00:00,2021,10,17,2,0,66,66136,R D 900,42.67463,2.86411,Nuit sans éclairage public,Hors agglomération,Hors intersection,Normale,Autre collision,3,2,4,0,1,1,1,0,1,70,,1,0,0,0,1,35.0,,,,3,1,1,1,6
202100012422,2021-10-16 12:45:00,2021,10,16,12,45,66,66136,PRADES (AVENUE DE),42.68906,2.82962,Plein jour,Hors agglomération,Intersection en T,Normale,Deux véhicules - côté,3,2,2,0,1,1,1,0,1,70,,2,1,0,1,0,46.0,32.0,,,1,1,3,1,3
202100012423,2021-10-15 17:35:00,2021,10,15,17,35,66,66136,SCHWEITZER (AVENUE DU DOCTEUR ALBERT),42.71828,2.87897,Plein jour,En agglomération,Intersection en T,Normale,Deux véhicules - côté,4,2,2,0,1,1,1,0,1,50,,2,1,0,0,1,21.0,57.0,,,1,2,3,1,3
202100012424,2021-10-18 22:05:00,2021,10,18,22,5,65,65100,CD 902,43.2553,0.06518,Nuit sans éclairage public,Hors agglomération,Hors intersection,Normale,Deux véhicules - arrière,3,2,2,0,1,1,1,0,1,80,,4,3,0,0,1,45.0,72.0,,,3,1,1,1,2
202100012425,2021-10-18 14:00:00,2021,10,18,14,0,65,65433,PIC DU MIDI (BOULEVARD DU),43.20016,0.0967,Plein jour,Hors agglomération,Hors intersection,Normale,Autre collision,3,-1,2,0,1,2,1,0,8,90,,1,0,0,0,1,45.0,,,,1,1,1,1,6
202100012426,2021-10-18 08:25:00,2021,10,18,8,25,65,65440,N21  Giratoire de l'Université,43.222839,0.045956,Plein jour,En agglomération,Giratoire,Normale,Deux véhicules - arrière,2,3,2,0,1,2,1,0,1,70,,3,2,0,0,1,23.0,35.0,,,1,2,6,1,2
202100012427,2021-10-18 16:05:00,2021,10,18,16,5,64,64249,RD810,43.425562,-1.604116,Plein jour,En agglomération,Hors intersection,Normale,Deux véhicules - côté,3,2,2,0,1,1,1,0,1,50,,2,1,0,1,0,68.0,52.0,,,1,2,1,1,3
202100012428,2021-10-18 12:40:00,2021,10,18,12,40,64,64483,PASSICOT JEAN MARTIN (BD DU COMMANDANT),43.38598,-1.66213,Plein jour,En agglomération,Giratoire,Normale,Deux véhicules - côté,3,1,2,0,1,2,1,0,1,50,,2,1,1,0,0,52.0,52.0,,,1,2,6,1,3
202100012429,2021-10-18 18:00:00,2021,10,18,18,0,64,64269,BEARN DU,43.30123,-0.30711,Plein jour,En agglomération,Giratoire,Normale,Deux véhicules - côté,4,-1,1,0,1,1,1,0,1,50,,2,1,0,0,1,75.0,40.0,,,1,2,6,1,3
202100012430,2021-10-18 14:00:00,2021,10,18,14,0,64,64129,FARADAY,43.30055,-0.40611,Plein jour,En agglomération,Intersection en Y,Normale,Deux véhicules - côté,4,2,2,0,1,2,1,0,1,50,,2,1,0,0,1,31.0,41.0,,,1,2,4,1,3
202100012431,2021-10-18 12:00:00,2021,10,18,12,0,64,64024,Rue de Mirambeau,43.4799038779,-1.509976387,Plein jour,En agglomération,Hors intersection,Normale,Deux véhicules - côté,4,2,2,0,2,2,1,0,1,30,,5,1,0,0,4,46.0,18.0,,,1,2,1,1,3
202100012432,2021-10-16 18:30:00,2021,10,16,18,30,63,63113,MARIVAUX (RUE),45.77223,3.09582,Crépuscule ou aube,En agglomération,Hors intersection,Normale,Sans collision,4,1,1,0,2,1,1,0,1,50,,1,0,0,0,1,25.0,,,,2,2,1,1,7
202100012433,2021-10-14 20:30:00,2021,10,14,20,30,63,63113,REPUBLIQUE / ,45.78755,3.10576,Nuit avec éclairage allumé,En agglomération,Intersection en X,Normale,Deux véhicules - côté,4,3,2,0,1,1,1,0,1,50,,3,1,0,0,2,20.0,35.0,,,5,2,2,1,3
202100012434,2021-10-14 18:15:00,2021,10,14,18,15,63,63113,REPUBLIQUE (AVENUE DE LA),45.78743,3.10596,Crépuscule ou aube,En agglomération,Intersection en X,Normale,Autre collision,4,2,2,0,1,1,1,0,1,30,,3,1,0,0,2,23.0,,,,2,2,2,1,6
202100012435,2021-10-14 08:11:00,2021,10,14,8,11,63,63113,MONTLOSIER (RUE),45.7812772442,3.0915570437,Crépuscule ou aube,En agglomération,Intersection à plus de 4 branches,Normale,Autre collision,4,2,2,0,1,1,1,0,1,30,,2,1,0,0,1,33.0,,,,2,2,5,1,6
202100012436,2021-10-18 08:20:00,2021,10,18,8,20,59,59350,GUESDE JULES N°27 - 175 ET N°160 A N°228,50.62321,3.05064,Plein jour,En agglomération,Intersection en T,Normale,Autre collision,4,1,1,0,1,1,1,0,1,50,,3,2,0,0,1,42.0,,,,1,2,3,1,6
202100012437,2021-10-15 21:40:00,2021,10,15,21,40,56,56098,ARAGO (RUE  DOMINIQUE ),47.77889,-3.34374,Nuit avec éclairage allumé,En agglomération,Hors intersection,Normale,Autre collision,4,1,2,0,1,1,1,0,3,70,,1,0,0,0,1,25.0,,,,5,2,1,1,6
202100012438,2021-10-15 20:25:00,2021,10,15,20,25,56,56162,KERLIR (CHEMIN DE),47.70898,-3.42102,Nuit avec éclairage allumé,En agglomération,Hors intersection,Normale,Autre collision,4,2,2,0,1,1,1,0,1,50,,2,1,0,0,1,16.0,16.0,,,5,2,1,1,6
202100012439,2021-10-15 15:50:00,2021,10,15,15,50,56,56121,CHAZELLES ( COURS LOUIS  DE ),47.75672,-3.36454,Plein jour,En agglomération,Giratoire,Normale,Autre collision,4,2,4,3,1,1,1,0,1,30,,2,1,0,0,1,75.0,,,,1,2,6,1,6
202100012440,2021-10-17 16:30:00,2021,10,17,16,30,54,54159,BATHELENE (RUE DE),48.61244,6.37374,Plein jour,Hors agglomération,Intersection en Y,Normale,Deux véhicules - côté,3,2,2,0,2,3,1,0,1,80,,4,2,0,0,2,23.0,26.0,,,1,1,4,1,3
202100012441,2021-10-18 09:10:00,2021,10,18,9,10,54,54273,PATTON (AVENUE),49.16115,5.87326,Plein jour,En agglomération,Hors intersection,Temps éblouissant,Autre collision,3,2,2,0,1,1,1,0,1,50,,2,1,0,1,0,73.0,,,,1,2,1,7,6
202100012442,2021-10-13 17:25:00,2021,10,13,17,25,50,50129,LEMONNIER (AVENUE AMIRAL),49.63461,-1.60217,Plein jour,En agglomération,Intersection en T,Normale,Deux véhicules - arrière,3,3,4,0,1,1,1,0,1,50,,2,1,0,0,1,24.0,17.0,,,1,2,3,1,2
202100012443,2021-10-18 08:30:00,2021,10,18,8,30,44,44109,PLACE ARMAND FALLIERES,47.2248,-1.578907,Plein jour,En agglomération,Giratoire,Normale,Deux véhicules - côté,4,4,0,0,1,2,1,0,1,30,,2,1,0,0,1,64.0,67.0,,,1,2,6,1,3
202100012444,2021-09-30 07:38:00,2021,9,30,7,38,42,42095,Rue Victor Hugo,45.3853533072,4.2824826081,Crépuscule ou aube,En agglomération,Intersection en T,Normale,Deux véhicules - côté,7,2,2,0,2,1,1,0,1,30,,2,1,0,0,1,,15.0,,,2,2,3,1,3
202100012445,2021-10-17 04:25:00,2021,10,17,4,25,37,37261,SALENGRO (RUE ROGER),47.3860261012,0.6879202336,Nuit avec éclairage allumé,En agglomération,Intersection en X,Normale,Deux véhicules - côté,4,2,2,0,1,1,1,0,1,50,,4,2,0,0,2,21.0,25.0,,,5,2,2,1,3
202100012446,2021-10-18 15:55:00,2021,10,18,15,55,35,35278,DE GAULLE (AVENUE GENERAL),48.15685,-1.68731,Plein jour,En agglomération,Hors intersection,Temps couvert,Autre collision,4,2,2,0,4,1,2,0,1,50,,2,1,0,1,0,59.0,,,,1,2,1,8,6
202100012447,2021-10-18 12:15:00,2021,10,18,12,15,35,35334,RN136,48.14548,-1.590283,Plein jour,Hors agglomération,Hors intersection,Temps couvert,Sans collision,2,3,6,0,1,1,1,0,3,110,,1,0,0,0,1,64.0,,,,1,1,1,8,7
202100012448,2021-10-18 11:35:00,2021,10,18,11,35,35,35051,LECLERC (AVENUE DU GENERAL),48.11494,-1.58675,Plein jour,En agglomération,Autre intersection,Temps couvert,Autre collision,9,-1,1,0,1,1,1,9,1,30,,2,1,0,0,1,50.0,,,,1,2,9,8,6
202100012449,2021-10-18 08:00:00,2021,10,18,8,0,35,35238,BOIS LABBE (AVENUE DU),48.12887,-1.70335,Crépuscule ou aube,En agglomération,Intersection en X,Temps couvert,Autre collision,4,2,1,0,1,1,1,0,1,30,,2,1,0,0,1,21.0,,,,2,2,2,8,6