accident_id,datetime,annee,mois,jour,heure,minute,departement,commune_insee,adresse,latitude,longitude,luminosite,agglomeration,intersection,meteo,collision,catr,circ,nbv,vosp,prof,plan,surf,infra,situ,vma,nb_vehicules,nb_usagers,nb_indemnes,nb_tues,nb_blesses_hosp,nb_blesses_legers,age_cond_1,age_cond_2,veh_type_cond_1,veh_type_cond_2,lum_code,agg_code,int_code,atm_code,col_code
202100012450,2021-10-18 08:10:00,2021,10,18,8,10,35,35238,BERNARD (CLAUDE),48.10506,-1.69353,Crépuscule ou aube,En agglomération,Hors intersection,Normale,Deux véhicules - côté,4,2,2,0,1,1,1,0,8,30,,2,1,0,0,1,54.0,10.0,,,2,2,1,1,3
202100012451,2021-10-18 17:45:00,2021,10,18,17,45,33,33063,Cours de la Somme,44.81601,-0.57233,Plein jour,En agglomération,Hors intersection,Normale,Deux véhicules - côté,4,2,2,0,1,1,1,0,1,50,,2,1,0,1,0,30.0,57.0,,,1,2,1,1,3
202100012452,2021-10-18 11:20:00,2021,10,18,11,20,33,33063,Avenue du Maréchal de Lattre de Tassigny,44.85632,-0.61785,Plein jour,En agglomération,Hors intersection,Normale,Deux véhicules - arrière,4,2,2,2,1,1,1,0,5,50,,2,1,0,0,1,66.0,,,,1,2,1,1,2
202100012453,2021-10-17 07:20:00,2021,10,17,7,20,33,33249,Quai Carriet,44.88402,-0.53046,Nuit avec éclairage allumé,En agglomération,Hors intersection,Normale,Deux véhicules - côté,4,2,2,0,1,1,1,0,1,50,,3,1,0,0,2,30.0,50.0,,,5,2,1,1,3
202100012454,2021-10-18 20:00:00,2021,10,18,20,0,31,31149,RD POINT GASCOGNE,43.60857,1.32686,Nuit avec éclairage allumé,En agglomération,Giratoire,Normale,Deux véhicules - côté,7,1,2,0,1,3,1,0,1,30,,2,1,0,0,1,24.0,34.0,,,5,2,6,1,3
202100012455,2021-10-18 10:50:00,2021,10,18,10,50,31,31555,DESBALS (RUE HENRI),43.57908,1.411,Plein jour,En agglomération,Hors intersection,Normale,Autre collision,4,3,4,0,1,1,1,0,1,50,,2,1,0,1,0,67.0,,,,1,2,1,1,6
202100012456,2021-10-17 08:50:00,2021,10,17,8,50,29,29019,D67 - Rond Point de Kervalguen,48.44902,-4.51137,Plein jour,Hors agglomération,Giratoire,Normale,Deux véhicules - côté,7,1,2,0,1,2,1,5,1,50,,2,1,0,0,1,58.0,24.0,,,1,1,6,1,3
202100012457,2021-10-18 17:22:00,2021,10,18,17,22,22,22278,APOLLINAIRE (GUILLAUME),48.49776,-2.74623,Plein jour,En agglomération,Hors intersection,Normale,Deux véhicules - arrière,3,3,4,0,1,1,1,0,1,50,,2,1,0,0,1,58.0,48.0,,,1,2,1,1,2
202100012458,2021-10-17 05:38:00,2021,10,17,5,38,21,21231,MARECHAL GALLIENI (BOULEVARD),47.33974,5.0398,Nuit avec éclairage allumé,En agglomération,Hors intersection,Normale,Autre collision,4,-1,4,0,1,1,1,0,4,50,,1,0,1,0,0,24.0,,,,5,2,1,1,6
202100012459,2021-10-18 15:18:00,2021,10,18,15,18,17,17300,SCHWEITZER   RUE DU DOCTEUR ALB,46.15792,-1.14381,Plein jour,En agglomération,Autre intersection,Normale,Autre collision,6,-1,-1,0,1,4,1,9,8,10,,2,1,0,0,1,35.0,,,,1,2,9,1,6
202100012460,2021-10-18 19:47:00,2021,10,18,19,47,14,14118,BRIAND (BOULEVARD ARISTIDE),49.17805,-0.363635,Nuit avec éclairage allumé,En agglomération,Autre intersection,Pluie légère,Autre collision,4,1,1,0,1,3,2,6,1,50,,2,1,0,0,1,29.0,,,,5,2,9,2,6
202100012461,2021-10-17 16:30:00,2021,10,17,16,30,14,14437,N814,49.1769,-0.31625,Plein jour,Hors agglomération,Hors intersection,Normale,Autre collision,2,3,4,0,1,1,1,0,1,90,,3,2,0,0,1,46.0,30.0,,,1,1,1,1,6
202100012462,2021-09-09 21:00:00,2021,9,9,21,0,13,13039,GUIGONNET (Route du),43.45018,4.92535,Crépuscule ou aube,Hors agglomération,Hors intersection,Normale,Autre collision,4,2,2,0,1,1,1,0,1,50,,1,0,0,1,0,31.0,,,,2,1,1,1,6
202100012463,2021-10-18 21:02:00,2021,10,18,21,2,13,13203,CLOVIS HUGUES (RUE),43.3103,5.38543,Nuit avec éclairage allumé,En agglomération,Intersection en X,Normale,Deux véhicules - côté,4,2,2,0,2,1,1,0,1,50,,2,1,0,1,0,43.0,22.0,,,5,2,2,1,3
202100012464,2021-10-18 19:15:00,2021,10,18,19,15,13,13208,PARADIS (RUE),43.27715,5.38364,Crépuscule ou aube,En agglomération,Hors intersection,Normale,Deux véhicules - frontale,4,2,3,0,2,1,1,0,1,50,,3,1,0,0,2,56.0,74.0,,,2,2,1,1,1
202100012465,2021-10-18 12:40:00,2021,10,18,12,40,13,13206,LIEUTAUD (COURS),43.28834,5.38442,Plein jour,En agglomération,Hors intersection,Normale,Autre collision,4,2,2,0,1,1,1,6,1,50,,2,1,0,0,1,75.0,,,,1,2,1,1,6
202100012466,2021-10-17 19:55:00,2021,10,17,19,55,10,10362,GENERAL GALLIENI (RUE DU),48.2941248238,4.057232067,Nuit avec éclairage allumé,En agglomération,Hors intersection,Normale,Deux véhicules - côté,4,2,2,0,1,1,1,0,1,50,,2,1,0,0,1,17.0,65.0,,,5,2,1,1,3
202100012467,2021-10-18 08:55:00,2021,10,18,8,55,09,09225,PAIX AVENUE DE LA,43.11088,1.61886,Plein jour,En agglomération,Hors intersection,Normale,Autre collision,4,2,2,0,1,1,1,0,4,50,,2,1,0,0,1,,,,,1,2,1,1,6
202100012468,2021-10-14 16:15:00,2021,10,14,16,15,08,08409,STRASBOURG (RUE DE),49.69879,4.94398,Plein jour,En agglomération,Hors intersection,Temps éblouissant,Deux véhicules - côté,4,2,4,0,1,1,1,9,1,50,,2,1,0,1,0,33.0,49.0,,,1,2,1,7,3
202100012469,2021-10-17 23:58:00,2021,10,17,23,58,06,06088,ANGLAIS (DU N° 114 AU N° 263),43.694913,7.266332,Nuit avec éclairage allumé,En agglomération,Hors intersection,Normale,Trois véhicules et plus - collisions multiples,7,3,6,1,1,1,1,0,1,50,,4,2,0,0,2,26.0,21.0,,,5,2,1,1,5
202100012470,2021-10-18 16:00:00,2021,10,18,16,0,06,06029,MONTE-CARLO (AVENUE),43.553896,6.97047,Plein jour,En agglomération,Hors intersection,Normale,Autre collision,4,2,2,0,1,1,1,0,1,50,,2,1,0,0,1,23.0,,,,1,2,1,1,6
202100012471,2021-10-16 18:15:00,2021,10,16,18,15,03,03310,AILES (ALLEE DES),46.14268,3.4151,Plein jour,En agglomération,Hors intersection,Normale,Autre collision,3,3,2,0,1,1,1,0,1,50,,2,1,0,1,0,14.0,,,,1,2,1,1,6
202100012472,2021-10-18 08:45:00,2021,10,18,8,45,03,03190,Quai d’Allier,46.56079,3.3265,Plein jour,En agglomération,Intersection en T,Normale,Deux véhicules - côté,4,1,1,1,1,1,1,0,1,50,,2,1,0,1,0,54.0,80.0,,,1,2,3,1,3
202100012473,2021-07-29 02:30:00,2021,7,29,2,30,75,75116,VOIE GEORGES POMPIDOU,48.840206,2.267982,Nuit avec éclairage allumé,En agglomération,Hors intersection,Normale,Autre collision,4,1,3,0,1,1,1,0,1,50,,1,0,1,0,0,49.0,,,,5,2,1,1,6
202100012474,2021-10-17 22:40:00,2021,10,17,22,40,75,75119,RUE FESSART,48.876785,2.383892,Nuit avec éclairage allumé,En agglomération,Intersection en X,Normale,Autre collision,4,1,1,0,1,1,1,0,1,30,,5,4,0,0,1,41.0,38.0,,,5,2,2,1,6
202100012475,2021-10-16 18:06:00,2021,10,16,18,6,75,75116,BOULEVARD SUCHET,48.858344,2.26531,Plein jour,En agglomération,Hors intersection,Normale,Trois véhicules et plus - collisions multiples,4,2,5,0,1,1,1,0,1,50,,4,3,0,1,0,67.0,23.0,,,1,2,1,1,5
202100012476,2021-10-16 09:44:00,2021,10,16,9,44,75,75110,RUE DU FAUBOURG SAINT MARTIN,48.873773,2.358316,Plein jour,En agglomération,Intersection en X,Normale,Autre collision,4,1,1,0,1,1,1,0,1,30,,2,1,1,0,0,37.0,,,,1,2,2,1,6
202100012477,2021-10-18 20:40:00,2021,10,18,20,40,75,75119,RUE D AUBERVILLIERS,48.895271,2.371927,Nuit avec éclairage allumé,En agglomération,Intersection en X,Pluie forte,Deux véhicules - côté,4,2,2,1,1,3,2,0,5,30,,2,1,0,0,1,33.0,49.0,,,5,2,2,3,3
202100012478,2021-10-18 16:10:00,2021,10,18,16,10,75,75119,RUE DU MAROC,48.885806,2.370665,Plein jour,En agglomération,Intersection en T,Normale,Deux véhicules - arrière,4,2,2,0,1,1,1,0,1,30,,4,2,0,0,2,44.0,44.0,,,1,2,3,1,2
202100012479,2021-10-18 20:00:00,2021,10,18,20,0,75,75118,RUE DE L EVANGILE,48.894942,2.368271,Nuit avec éclairage allumé,En agglomération,Hors intersection,Pluie légère,Deux véhicules - arrière,4,1,1,0,1,1,2,0,1,30,,2,1,0,0,1,37.0,32.0,,,5,2,1,2,2
202100012480,2021-10-18 11:05:00,2021,10,18,11,5,75,75118,PLACE DE LA CHAPELLE,48.884826,2.358444,Plein jour,En agglomération,Place,Normale,Trois véhicules et plus - en chaîne,4,1,1,0,1,1,1,0,1,30,,3,2,0,1,0,51.0,40.0,,,1,2,7,1,4
202100012481,2021-10-17 14:20:00,2021,10,17,14,20,75,75117,AVENUE DES TERNES,48.878346,2.295561,Plein jour,En agglomération,Intersection en X,Normale,Autre collision,4,2,4,0,1,1,1,0,1,30,,2,1,0,0,1,34.0,,,,1,2,2,1,6
202100012482,2021-10-18 16:18:00,2021,10,18,16,18,75,75116,AVENUE D IENA,48.86795,2.295699,Plein jour,En agglomération,Place,Temps couvert,Deux véhicules - côté,4,3,2,0,1,2,1,0,1,30,,2,1,0,0,1,38.0,33.0,,,1,2,7,8,3
202100012483,2021-10-17 04:30:00,2021,10,17,4,30,75,75116,AVENUE DU PRESIDENT WILSON,48.865071,2.299971,Nuit avec éclairage allumé,En agglomération,Intersection à plus de 4 branches,Normale,Deux véhicules - côté,4,1,2,0,4,1,1,0,1,50,,2,1,0,0,1,,22.0,,,5,2,5,1,3
202100012484,2021-10-18 13:15:00,2021,10,18,13,15,75,75115,RUE LINOIS,48.847697,2.284131,Plein jour,En agglomération,Intersection en T,Normale,Deux véhicules - côté,4,2,4,0,1,1,1,0,1,30,,3,2,0,0,1,42.0,30.0,,,1,2,3,1,3
202100012485,2021-10-17 03:00:00,2021,10,17,3,0,75,75106,BOULEVARD DU MONTPARNASSE,48.845097,2.320127,Nuit avec éclairage allumé,En agglomération,Intersection à plus de 4 branches,Normale,Deux véhicules - arrière,4,2,2,0,1,1,1,0,1,50,,6,3,0,0,3,19.0,33.0,,,5,2,5,1,2
202100012486,2021-10-18 17:40:00,2021,10,18,17,40,75,75113,AVENUE DE CHOISY,48.826176,2.360006,Plein jour,En agglomération,Intersection à plus de 4 branches,Temps couvert,Deux véhicules - côté,4,2,3,1,1,1,1,0,5,30,,2,1,0,0,1,26.0,57.0,,,1,2,5,8,3
202100012487,2021-10-18 20:05:00,2021,10,18,20,5,75,75112,QUAI DE LA RAPEE,48.846827,2.366371,Crépuscule ou aube,En agglomération,Hors intersection,Pluie légère,Autre collision,4,2,5,0,1,1,2,0,1,30,,3,2,0,0,1,29.0,,,,2,2,1,2,6
202100012488,2021-10-18 10:50:00,2021,10,18,10,50,75,75120,RUE PELLEPORT,48.870782,2.399221,Plein jour,En agglomération,Intersection en X,Normale,Deux véhicules - côté,4,2,2,0,2,1,1,0,1,30,,3,2,0,0,1,57.0,25.0,,,1,2,2,1,3
202100012489,2021-10-17 17:30:00,2021,10,17,17,30,75,75107,AVENUE JOSEPH BOUVARD,48.854945,2.296251,Plein jour,En agglomération,Intersection en X,Normale,Deux véhicules - arrière,4,1,1,0,1,1,1,0,1,30,,2,1,0,0,1,25.0,43.0,,,1,2,2,1,2
202100012490,2021-10-18 18:30:00,2021,10,18,18,30,75,75104,QUAI DE L HOTEL DE VILLE,48.854369,2.354971,Crépuscule ou aube,En agglomération,Intersection en X,Normale,Deux véhicules - côté,4,2,6,0,1,1,1,0,1,30,,2,1,0,0,1,32.0,36.0,,,2,2,2,1,3
202100012491,2021-10-18 07:15:00,2021,10,18,7,15,94,94074,Avenue Julien Duranton,48.765352,2.447691,Nuit avec éclairage allumé,En agglomération,Intersection en X,Normale,Autre collision,3,2,0,0,1,1,1,6,1,50,,2,1,0,1,0,36.0,,,,5,2,2,1,6
202100012492,2021-10-18 20:27:00,2021,10,18,20,27,94,94046,Avenue de la République,48.806601,2.443341,Nuit avec éclairage allumé,En agglomération,Intersection en X,Pluie légère,Deux véhicules - côté,3,2,2,0,1,1,2,0,1,50,,2,1,0,0,1,20.0,,,,5,2,2,2,3
202100012493,2021-10-18 16:48:00,2021,10,18,16,48,94,94043,Avenue Charles Gide,48.80552,2.34813,Plein jour,En agglomération,Hors intersection,Normale,Autre collision,3,2,2,1,1,1,1,5,1,50,,2,1,0,0,1,,,,,1,2,1,1,6
202100012494,2021-10-16 22:45:00,2021,10,16,22,45,94,94028,Avenue du Maréchal Foch,48.78448,2.436874,Nuit avec éclairage non allumé,En agglomération,Giratoire,Normale,Deux véhicules - côté,3,3,4,0,1,1,1,5,1,50,,4,3,0,0,1,63.0,22.0,,,4,2,6,1,3
202100012495,2021-10-17 00:20:00,2021,10,17,0,20,94,94019,Rue du Pont,48.7902,2.52244,Nuit avec éclairage allumé,En agglomération,Intersection en X,Normale,Deux véhicules - côté,3,2,4,0,2,1,1,5,1,50,,3,2,0,0,1,21.0,29.0,,,5,2,2,1,3
202100012496,2021-10-16 15:30:00,2021,10,16,15,30,94,94002,Quai Jean-Baptiste Clément,48.79516,2.42249,Plein jour,En agglomération,Hors intersection,Normale,Deux véhicules - arrière,3,2,2,0,1,1,1,0,1,50,,2,1,0,0,1,41.0,25.0,,,1,2,1,1,2
202100012497,2021-10-18 13:55:00,2021,10,18,13,55,93,93049,COMMANDANT RAYNAL (RUE),48.857046,2.501449,Plein jour,En agglomération,Intersection en X,Normale,Deux véhicules - côté,4,1,1,0,1,1,1,0,1,50,,2,1,0,0,1,28.0,43.0,,,1,2,2,1,3
202100012498,2021-10-18 15:05:00,2021,10,18,15,5,93,93047,JARDINS  (RUE DES),48.8992760368,2.5749193314,Plein jour,En agglomération,Hors intersection,Normale,Autre collision,4,-1,2,0,1,1,1,0,1,30,,2,1,0,0,1,84.0,,,,1,2,1,1,6
202100012499,2021-10-17 21:40:00,2021,10,17,21,40,93,93010,GALLIENI (AV.) DE 1 A 109,48.9054062311,2.4754783522,Nuit avec éclairage allumé,En agglomération,Hors intersection,Normale,Autre collision,3,1,3,0,1,1,1,3,1,50,,4,2,0,0,2,33.0,,,,5,2,1,1,6
202100012500,2021-10-18 13:50:00,2021,10,18,13,50,93,93007,"""PAUL VAILLANT COUTURIER (AVENUE """"DU 13",48.9265835459,2.4709139719,Plein jour,En agglomération,Hors intersection,Normale,Deux véhicules - côté,3,2,2,0,1,1,1,0,1,50,,2,1,0,0,1,44.0,44.0,,,1,2,1,1,3
202100012501,2021-10-18 11:35:00,2021,10,18,11,35,93,93005,DROITS DE LHOMME (CARREFOUR DES),48.9304390769,2.4817852635,Plein jour,En agglomération,Intersection en T,Normale,Deux véhicules - côté,3,1,2,0,1,1,1,0,1,50,,2,1,0,0,1,53.0,56.0,,,1,2,3,1,3
202100012502,2021-10-18 17:55:00,2021,10,18,17,55,92,92022,STALINGRAD (RUE DE),48.81012,2.19233,Plein jour,En agglomération,Hors intersection,Normale,Autre collision,4,2,2,0,1,1,1,0,1,30,,2,1,0,1,0,51.0,,,,1,2,1,1,6
202100012503,2021-10-16 23:38:00,2021,10,16,23,38,92,92050,CLEMENCEAU GEORGES AVENUE N° PAIR,48.885944369,2.2157500684,Nuit avec éclairage allumé,En agglomération,Hors intersection,Normale,Deux véhicules - côté,3,3,5,1,1,1,1,0,1,50,,2,1,0,0,1,35.0,25.0,,,5,2,1,1,3
202100012504,2021-10-18 12:15:00,2021,10,18,12,15,92,92049,JAURES AVENUE JEAN N°53 A FIN,48.816532,2.312746,Plein jour,En agglomération,Hors intersection,Normale,Deux véhicules - arrière,4,1,2,0,1,3,1,8,1,30,,2,1,0,0,1,30.0,71.0,,,1,2,1,1,2
202100012505,2021-10-18 15:05:00,2021,10,18,15,5,92,92048,GARDES (ROUTE DES) N° 53,48.8183855533,2.2309488058,Plein jour,En agglomération,Passage à niveau,Normale,Autre collision,3,2,2,0,2,1,1,4,1,30,,2,1,0,0,1,50.0,,,,1,2,8,1,6
202100012506,2021-10-18 07:10:00,2021,10,18,7,10,92,92025,CHARLES DE GAULLE (BD),48.914384,2.229367,Nuit avec éclairage allumé,En agglomération,Hors intersection,Normale,Autre collision,3,1,4,0,2,1,1,0,1,50,,2,0,0,0,2,20.0,,,,5,2,1,1,6
202100012507,2021-10-14 08:30:00,2021,10,14,8,30,92,92024,CLICHY (QUAI DE) DE (104 A 202),48.91301,2.31377,Plein jour,En agglomération,Hors intersection,Normale,Deux véhicules - côté,3,2,2,0,1,1,1,0,1,50,,2,1,0,0,1,23.0,19.0,,,1,2,1,1,3
202100012508,2021-10-18 10:30:00,2021,10,18,10,30,92,92012,GENERAL LECLERC (AVENUE DU) 35/FIN - 60/,48.8319209074,2.2381554878,Plein jour,En agglomération,Intersection en X,Normale,Deux véhicules - arrière,3,2,6,0,1,1,1,0,1,50,,2,1,0,0,1,56.0,32.0,,,1,2,2,1,2
202100012509,2021-10-16 16:35:00,2021,10,16,16,35,47,47192,RD 241 La Grèze,44.555127,0.554101,Plein jour,Hors agglomération,Hors intersection,Temps éblouissant,Deux véhicules - frontale,3,2,2,0,2,2,1,0,1,80,,2,1,0,1,0,24.0,32.0,,,1,1,1,7,1
202100012510,2021-10-18 15:30:00,2021,10,18,15,30,52,52538,RD143,47.986192,5.191302,Plein jour,Hors agglomération,Hors intersection,Normale,Deux véhicules - arrière,3,2,2,0,1,1,1,0,1,80,,2,1,1,0,0,75.0,68.0,,,1,1,1,1,2
202100012511,2021-10-19 09:15:00,2021,10,19,9,15,33,33478,,45.013004,-0.002315,Crépuscule ou aube,En agglomération,Hors intersection,Temps éblouissant,Autre collision,3,2,2,0,1,1,1,0,1,50,,2,1,0,1,0,82.0,,,,2,2,1,7,6
202100012512,2021-10-17 09:20:00,2021,10,17,9,20,06,06161,Avenue des Plans,43.649587,7.131772,Plein jour,En agglomération,Hors intersection,Normale,Sans collision,3,2,2,1,1,1,1,9,3,50,,1,0,1,0,0,77.0,,,,1,2,1,1,7
202100012513,2021-10-18 11:00:00,2021,10,18,11,0,974,97422,Rue Hubert Delisle,-21.275497,55.513628,Plein jour,En agglomération,Hors intersection,Normale,Deux véhicules - frontale,6,-1,2,0,1,1,1,0,1,50,,2,1,0,0,1,14.0,66.0,,,1,2,1,1,1
202100012514,2021-10-18 19:30:00,2021,10,18,19,30,972,97216,19 Rue Bellevue,14.81527,-61.028371,Nuit avec éclairage allumé,En agglomération,Hors intersection,Normale,Autre collision,3,2,1,0,2,1,1,0,3,50,,3,0,0,3,0,18.0,,,,5,2,1,1,6
202100012515,2021-10-18 16:15:00,2021,10,18,16,15,83,83086,1100 route d'aix,43.4674465738,6.5486159921,Plein jour,Hors agglomération,Hors intersection,Normale,Deux véhicules - arrière,3,2,2,0,1,1,1,0,1,70,,2,1,0,1,0,51.0,74.0,,,1,1,1,1,2
202100012516,2021-10-15 08:29:00,2021,10,15,8,29,41,41223,A10,47.618951,1.250768,Crépuscule ou aube,Hors agglomération,Hors intersection,Autre,Deux véhicules - arrière,1,4,3,0,2,1,1,8,1,80,,2,1,0,0,1,39.0,30.0,,,2,1,1,9,2
202100012517,2021-08-25 18:30:00,2021,8,25,18,30,41,41252,"Autoroute A10, PK138.650",47.690844,1.43142,Plein jour,Hors agglomération,Hors intersection,Normale,Autre collision,1,2,3,0,1,2,1,0,1,-1,,1,0,0,1,0,34.0,,,,1,1,1,1,6
202100012518,2021-10-14 17:45:00,2021,10,14,17,45,58,58086,D118,47.379435,2.952833,Plein jour,Hors agglomération,Hors intersection,Normale,Sans collision,3,2,2,0,2,1,1,0,3,80,,1,0,0,1,0,20.0,,,,1,1,1,1,7
202100012519,2021-10-15 12:45:00,2021,10,15,12,45,62,62118,D74,50.370762,2.551129,Plein jour,Hors agglomération,Intersection en X,Normale,Deux véhicules - côté,3,2,2,0,1,1,1,0,1,80,,2,1,0,0,1,42.0,70.0,,,1,1,2,1,3
202100012520,2021-10-17 17:00:00,2021,10,17,17,0,34,34169,route de saint clement,43.670975,3.861254,Plein jour,En agglomération,Autre intersection,Normale,Autre collision,7,2,2,1,1,2,1,9,3,50,,2,1,0,1,0,37.0,,,,1,2,9,1,6
202100012521,2021-10-19 20:00:00,2021,10,19,20,0,62,62786,RD 215,50.693005,1.885829,Nuit sans éclairage public,Hors agglomération,Hors intersection,Normale,Autre collision,3,2,2,0,1,4,1,0,3,80,,3,1,0,0,2,21.0,,,,3,1,1,1,6
202100012522,2021-10-19 12:20:00,2021,10,19,12,20,76,76752,Place du General Leclerc,49.6683393303,0.8974057312,Plein jour,En agglomération,Intersection en T,Normale,Autre collision,3,2,2,0,1,1,1,6,1,-1,,2,1,0,1,0,37.0,,,,1,2,3,1,6
202100012523,2021-10-18 15:15:00,2021,10,18,15,15,80,80163,D 925,50.10891,1.781266,Plein jour,Hors agglomération,Hors intersection,Normale,Deux véhicules - frontale,3,2,2,0,1,1,1,0,1,70,,4,1,0,2,1,43.0,36.0,,,1,1,1,1,1
202100012524,2021-10-19 17:00:00,2021,10,19,17,0,80,80738,RD 936,49.953332,2.055044,Plein jour,Hors agglomération,Hors intersection,Normale,Deux véhicules - frontale,3,2,2,0,2,3,1,0,1,80,,2,0,0,1,1,58.0,55.0,,,1,1,1,1,1
202100012525,2021-10-19 07:59:00,2021,10,19,7,59,80,80606,Avenue Francois Mitterrand,49.958475,1.773603,Crépuscule ou aube,En agglomération,Intersection en X,Normale,Deux véhicules - frontale,3,3,2,0,1,1,2,0,1,-1,,2,1,1,0,0,54.0,46.0,,,2,2,2,1,1
202100012526,2021-10-19 09:00:00,2021,10,19,9,0,82,82155,D926,44.192959,1.679878,Plein jour,Hors agglomération,Hors intersection,Normale,Sans collision,3,2,2,0,1,1,1,0,3,80,,1,0,1,0,0,76.0,,,,1,1,1,1,7
202100012527,2021-10-17 21:30:00,2021,10,17,21,30,33,33437,Rue de la Corderie,44.856918,-0.058837,Nuit sans éclairage public,Hors agglomération,Hors intersection,Normale,Deux véhicules - frontale,4,2,2,0,1,1,1,0,1,70,,3,0,0,3,0,42.0,22.0,,,3,1,1,1,1
202100012528,2021-10-19 10:25:00,2021,10,19,10,25,33,33523,,44.744053,-0.274226,Plein jour,Hors agglomération,Intersection en T,Normale,Deux véhicules - côté,3,2,2,0,1,1,1,0,1,80,,3,2,0,1,0,31.0,37.0,,,1,1,3,1,3
202100012529,2021-10-18 19:00:00,2021,10,18,19,0,69,69088,JEAN BAPTISTE SIMON (Q),45.831049,4.851161,Nuit avec éclairage allumé,En agglomération,Intersection en T,Normale,Autre collision,7,2,2,0,1,1,1,0,1,50,,2,1,0,0,1,54.0,,,,5,2,3,1,6
202100012530,2021-08-25 10:00:00,2021,8,25,10,0,32,32027,Chemin de Miqueou,43.682026,-0.167316,Plein jour,Hors agglomération,Intersection en T,Normale,Deux véhicules - côté,4,2,1,0,1,2,1,0,1,50,,2,1,0,1,0,62.0,31.0,,,1,1,3,1,3
202100012531,2021-10-17 18:00:00,2021,10,17,18,0,61,61232,La Menardiere Nord,48.64461,-0.665628,Plein jour,Hors agglomération,Intersection en X,Normale,Deux véhicules - côté,3,2,2,0,1,1,1,0,1,80,,5,4,1,0,0,83.0,73.0,,,1,1,2,1,3
202100012532,2021-09-07 10:45:00,2021,9,7,10,45,46,46273,Rd 803,44.869014,1.875246,Plein jour,Hors agglomération,Giratoire,Normale,Deux véhicules - arrière,3,1,1,0,1,1,1,5,1,80,,2,1,0,1,0,84.0,49.0,,,1,1,6,1,2
202100012533,2021-10-18 02:39:00,2021,10,18,2,39,86,86293,Peuchault,46.406271,0.238436,Nuit sans éclairage public,Hors agglomération,Intersection en X,Normale,Deux véhicules - côté,2,3,0,0,1,1,1,5,1,90,,3,1,0,1,1,63.0,21.0,,,3,1,2,1,3
202100012534,2021-10-18 12:37:00,2021,10,18,12,37,22,22079,Les Aulnays,48.386963,-2.705373,Plein jour,Hors agglomération,Hors intersection,Pluie légère,Sans collision,3,2,2,0,1,1,2,0,3,80,,1,0,0,1,0,43.0,,,,1,1,1,2,7
202100012535,2021-10-15 17:08:00,2021,10,15,17,8,39,39500,16 Rue de la République,46.936393,5.877348,Plein jour,En agglomération,Hors intersection,Normale,Autre collision,3,2,2,0,1,1,1,0,1,50,,2,1,0,0,1,45.0,,,,1,2,1,1,6
202100012536,2021-10-19 03:00:00,2021,10,19,3,0,38,38015,Route de Roche,45.53752,5.161203,Nuit sans éclairage public,Hors agglomération,Hors intersection,Normale,Autre collision,3,2,2,0,2,3,1,0,3,80,,1,0,1,0,0,19.0,,,,3,1,1,1,6
202100012537,2021-08-27 18:50:00,2021,8,27,18,50,38,38001,1536 Rte de Saint Geoire En Valdaine,45.498974,5.607054,Plein jour,Hors agglomération,Hors intersection,Normale,Deux véhicules - frontale,3,-1,2,0,1,1,1,0,1,50,,2,1,0,0,1,53.0,54.0,,,1,1,1,1,1
202100012538,2021-10-15 16:55:00,2021,10,15,16,55,70,70478,D100,47.702556,6.261992,Plein jour,Hors agglomération,Hors intersection,Normale,Deux véhicules - frontale,3,2,2,0,1,1,1,0,1,80,,3,2,0,1,0,54.0,27.0,,,1,1,1,1,1
202100012539,2021-10-19 06:15:00,2021,10,19,6,15,26,26252, 10 Rue Marcel Champion,44.8578869,4.871865,Nuit avec éclairage allumé,Hors agglomération,Giratoire,Normale,Deux véhicules - côté,3,1,2,0,1,2,1,0,1,80,,2,1,0,1,0,64.0,45.0,,,5,1,6,1,3
202100012540,2021-10-17 11:25:00,2021,10,17,11,25,58,58189,D38,47.230474,3.090894,Plein jour,Hors agglomération,Hors intersection,Normale,Autre collision,3,2,2,0,1,1,1,0,3,80,,1,0,0,1,0,32.0,,,,1,1,1,1,6
202100012541,2021-10-19 11:40:00,2021,10,19,11,40,58,58057,Place de l'église,46.733004,3.183267,Plein jour,En agglomération,Place,Normale,Autre collision,6,2,1,0,1,1,1,0,1,30,,2,1,0,1,0,73.0,,,,1,2,7,1,6
202100012542,2021-10-19 08:10:00,2021,10,19,8,10,72,72137,Route de Mamers (La Fresnaye-sur-Chédouet),48.409228,0.167676,Crépuscule ou aube,Hors agglomération,Hors intersection,Brouillard / fumée,Autre collision,3,2,2,0,1,1,1,0,1,90,,2,1,1,0,0,45.0,22.0,,,2,1,1,5,6
202100012543,2021-10-18 22:00:00,2021,10,18,22,0,72,72344,D323,47.932367,0.160686,Nuit sans éclairage public,Hors agglomération,Hors intersection,Pluie légère,Autre collision,3,2,2,0,1,1,2,3,3,-1,,1,0,0,1,0,58.0,,,,3,1,1,2,6
202100012544,2021-10-19 09:15:00,2021,10,19,9,15,06,06059,M6007,43.727026,7.350326,Plein jour,Hors agglomération,Hors intersection,Normale,Deux véhicules - frontale,7,3,1,0,2,2,1,0,3,70,,2,0,1,0,1,21.0,65.0,,,1,1,1,1,1