accident_id,datetime,annee,mois,jour,heure,minute,departement,commune_insee,adresse,latitude,longitude,luminosite,agglomeration,intersection,meteo,collision,catr,circ,nbv,vosp,prof,plan,surf,infra,situ,vma,nb_vehicules,nb_usagers,nb_indemnes,nb_tues,nb_blesses_hosp,nb_blesses_legers,age_cond_1,age_cond_2,veh_type_cond_1,veh_type_cond_2,lum_code,agg_code,int_code,atm_code,col_code
202100012545,2021-10-19 10:30:00,2021,10,19,10,30,14,14055,D675,49.259224,0.09539,Plein jour,Hors agglomération,Intersection en T,Pluie légère,Deux véhicules - arrière,3,2,2,0,1,1,2,0,1,90,,2,1,0,0,1,52.0,31.0,,,1,1,3,2,2
202100012546,2021-10-19 17:40:00,2021,10,19,17,40,14,14605,carrefour CD 514 et CD 517,49.35932,-0.881736,Plein jour,En agglomération,Giratoire,Normale,Deux véhicules - côté,3,2,2,0,1,1,1,0,1,50,,4,3,0,0,1,68.0,68.0,,,1,2,6,1,3
202100012547,2021-07-01 14:15:00,2021,7,1,14,15,50,50236,Place du General de Gaulle,49.290412,-1.544003,Plein jour,En agglomération,Place,Normale,Autre collision,3,2,2,0,1,1,1,0,1,50,,2,1,0,0,1,39.0,,,,1,2,7,1,6
202100012548,2021-10-18 14:45:00,2021,10,18,14,45,50,50320,"La motiniere , RD 7",48.851035,-1.381917,Plein jour,Hors agglomération,Hors intersection,Pluie forte,Deux véhicules - frontale,3,2,2,0,2,3,2,0,1,80,,2,1,0,1,0,56.0,55.0,,,1,1,1,3,1
202100012549,2021-10-19 10:05:00,2021,10,19,10,5,60,60029,Route de Gisors,49.368517,1.986305,Plein jour,En agglomération,Giratoire,Temps couvert,Sans collision,3,2,2,0,2,3,2,9,1,50,,1,0,0,0,1,41.0,,,,1,2,6,8,7
202100012550,2021-10-17 17:00:00,2021,10,17,17,0,07,07073,RD 534,45.008157,4.631531,Plein jour,Hors agglomération,Hors intersection,Normale,Deux véhicules - frontale,3,2,2,0,1,3,1,0,1,80,,3,2,1,0,0,33.0,24.0,,,1,1,1,1,1
202100012551,2021-10-19 14:00:00,2021,10,19,14,0,07,07240,D86,44.845479,4.818867,Plein jour,En agglomération,Intersection en T,Normale,Deux véhicules - côté,3,2,2,0,1,1,1,0,1,80,,2,1,0,0,1,55.0,26.0,,,1,2,3,1,3
202100012552,2021-10-10 19:00:00,2021,10,10,19,0,37,37099,Route départementale 751,47.2917798589,0.531441623,Plein jour,Hors agglomération,Hors intersection,Normale,Autre collision,7,2,2,0,1,1,1,0,1,90,,2,0,0,2,0,55.0,,,,1,1,1,1,6
202100012553,2021-10-17 18:25:00,2021,10,17,18,25,52,52119,D308,47.830516,5.500417,Plein jour,Hors agglomération,Hors intersection,Normale,Autre collision,3,2,2,0,1,2,1,0,3,80,,1,0,0,0,1,21.0,,,,1,1,1,1,6
202100012554,2021-10-17 16:00:00,2021,10,17,16,0,19,19002,autoroute A 89,45.604386,2.433751,Plein jour,Hors agglomération,Hors intersection,Normale,Autre collision,1,3,4,0,1,3,1,0,3,-1,,2,0,0,1,1,20.0,,,,1,1,1,1,6
202100012555,2021-10-19 15:10:00,2021,10,19,15,10,49,49021,Route des Bois d Anjou,47.454646,-0.198524,Plein jour,Hors agglomération,Intersection en T,Normale,Deux véhicules - côté,3,2,2,0,1,1,1,0,1,80,,2,1,0,1,0,32.0,61.0,,,1,1,3,1,3
202100012556,2021-10-18 16:53:00,2021,10,18,16,53,60,60003,Autoroute A16,49.5210942836,2.1865339191,Plein jour,Hors agglomération,Hors intersection,Normale,Sans collision,1,3,4,0,1,1,1,0,1,130,,1,0,0,1,0,26.0,,,,1,1,1,1,7
202100012557,2021-10-19 07:15:00,2021,10,19,7,15,13,13103,A7 - PK 230.000 - SENS SUD NORD,43.661275,5.100596,Crépuscule ou aube,Hors agglomération,Hors intersection,Normale,Autre collision,1,2,3,0,1,1,1,0,1,-1,,3,1,0,0,2,39.0,23.0,,,2,1,1,1,6
202100012558,2021-10-15 16:15:00,2021,10,15,16,15,62,62323,A1,50.28124,2.875692,Plein jour,Hors agglomération,Hors intersection,Normale,Deux véhicules - arrière,1,3,3,0,1,1,1,0,1,130,,3,1,0,1,1,47.0,39.0,,,1,1,1,1,2
202100012559,2021-10-17 22:40:00,2021,10,17,22,40,986,98613,Tepa,-13.300022,-176.217137,Nuit sans éclairage public,En agglomération,Hors intersection,Normale,Trois véhicules et plus - collisions multiples,2,2,2,0,1,1,1,0,3,70,,1,0,1,0,0,35.0,,,,3,2,1,1,5
202100012560,2021-10-16 22:00:00,2021,10,16,22,0,971,97119,Balin,16.3695428475,-61.4614033699,Nuit sans éclairage public,Hors agglomération,Hors intersection,Pluie légère,Autre collision,2,2,2,0,2,2,2,0,3,80,,1,0,0,1,0,32.0,,,,3,1,1,2,6
202100012561,2021-10-17 13:10:00,2021,10,17,13,10,971,97129,Départementale 35 MORNE ROUGE,16.305878,-61.655788,Plein jour,En agglomération,Intersection en T,Normale,Deux véhicules - frontale,3,2,2,0,1,1,1,0,1,50,,2,0,0,0,2,71.0,19.0,,,1,2,3,1,1
202100012562,2021-10-19 08:30:00,2021,10,19,8,30,2B,2B042,RT 11,42.559758,9.458284,Plein jour,Hors agglomération,Hors intersection,Normale,Trois véhicules et plus - en chaîne,2,3,2,0,1,1,1,0,1,110,,4,3,0,1,0,27.0,57.0,,,1,1,1,1,4
202100012563,2021-10-19 07:40:00,2021,10,19,7,40,2B,2B042,RT 11,42.571761,9.441075,Plein jour,Hors agglomération,Intersection en Y,Normale,Trois véhicules et plus - collisions multiples,2,1,2,0,1,3,1,3,1,110,,4,2,0,0,2,,19.0,,,1,1,4,1,5
202100012564,2021-10-15 05:30:00,2021,10,15,5,30,34,34176,D24,43.635376,4.054084,Nuit sans éclairage public,Hors agglomération,Intersection en X,Normale,Deux véhicules - côté,3,2,2,0,1,1,1,0,1,80,,2,1,0,0,1,42.0,,,,3,1,2,1,3
202100012565,2021-10-18 18:00:00,2021,10,18,18,0,34,34327,Avenue de Nimes,43.653479,3.970347,Plein jour,En agglomération,Intersection en T,Normale,Deux véhicules - côté,7,2,2,0,1,1,1,0,1,50,,2,1,0,0,1,37.0,32.0,,,1,2,3,1,3
202100012566,2021-10-18 19:45:00,2021,10,18,19,45,34,34327,Route Départementale 610,43.658162,3.96306,Nuit sans éclairage public,Hors agglomération,Autre intersection,Normale,Deux véhicules - côté,7,1,2,0,1,2,1,0,1,50,,2,0,0,0,2,27.0,21.0,,,3,1,9,1,3
202100012567,2021-10-18 08:25:00,2021,10,18,8,25,13,13072,Chemin Departemental 6,43.460684,5.623509,Plein jour,Hors agglomération,Hors intersection,Normale,Deux véhicules - frontale,7,2,2,0,1,3,1,0,1,70,,3,2,0,1,0,28.0,25.0,,,1,1,1,1,1
202100012568,2021-08-25 08:25:00,2021,8,25,8,25,13,13087,D56c,43.504802,5.622129,Plein jour,Hors agglomération,Hors intersection,Normale,Deux véhicules - arrière,7,2,2,1,4,1,1,0,1,-1,,2,1,0,1,0,24.0,47.0,,,1,1,1,1,2
202100012569,2021-10-19 17:00:00,2021,10,19,17,0,89,89083,D31,47.841563,3.495755,Plein jour,Hors agglomération,Autre intersection,Normale,Deux véhicules - arrière,3,2,2,0,1,1,1,0,1,80,,2,1,1,0,0,55.0,56.0,,,1,1,9,1,2
202100012570,2021-10-17 13:45:00,2021,10,17,13,45,68,68309,D201,47.668386,7.44121,Plein jour,En agglomération,Giratoire,Normale,Sans collision,3,2,2,0,1,3,1,0,1,50,,1,0,0,0,1,15.0,,,,1,2,6,1,7
202100012571,2021-10-15 17:20:00,2021,10,15,17,20,68,68309,D201,47.665293,7.444139,Plein jour,En agglomération,Giratoire,Normale,Sans collision,3,2,1,0,1,1,8,0,1,50,,1,0,0,0,1,18.0,,,,1,2,6,1,7
202100012572,2021-10-19 07:50:00,2021,10,19,7,50,68,68111,7 Rue de Rouffach,48.002912,7.282291,Crépuscule ou aube,En agglomération,Intersection en T,Normale,Autre collision,3,2,2,0,2,1,2,0,1,50,,2,1,0,1,0,46.0,,,,2,2,3,1,6
202100012573,2021-10-18 05:15:00,2021,10,18,5,15,54,54269,Route Nationale 4,48.5989124596,6.3898855457,Nuit sans éclairage public,Hors agglomération,Hors intersection,Temps couvert,Sans collision,2,3,4,0,1,1,1,0,8,110,,1,0,0,1,0,23.0,,,,3,1,1,8,7
202100012574,2021-10-09 12:00:00,2021,10,9,12,0,54,54305,D322a,48.7445627142,6.185544134,Plein jour,Hors agglomération,Hors intersection,Normale,Autre collision,3,2,2,0,1,4,1,0,1,80,,1,0,0,1,0,19.0,,,,1,1,1,1,6
202100012575,2021-10-17 14:40:00,2021,10,17,14,40,74,74056,738 Route des Praz,45.936012,6.877196,Plein jour,Hors agglomération,Hors intersection,Temps éblouissant,Deux véhicules - arrière,4,2,2,0,1,1,1,0,1,70,,2,1,0,1,0,65.0,46.0,,,1,1,1,7,2
202100012576,2021-10-19 07:00:00,2021,10,19,7,0,38,38553,D313,45.618409,5.145888,Nuit avec éclairage allumé,En agglomération,Autre intersection,Normale,Deux véhicules - frontale,3,3,3,0,1,1,1,5,1,70,,2,1,0,0,1,51.0,26.0,,,5,2,9,1,1
202100012577,2021-10-19 16:55:00,2021,10,19,16,55,38,38381,Route du Stade,45.56018,5.477538,Plein jour,Hors agglomération,Intersection en T,Normale,Deux véhicules - côté,3,2,2,0,1,1,1,0,1,50,,2,0,0,1,1,23.0,48.0,,,1,1,3,1,3
202100012578,2021-10-19 15:45:00,2021,10,19,15,45,26,26313,Chemin de Laye,44.961169,4.937292,Plein jour,En agglomération,Hors intersection,Normale,Autre collision,6,-1,-1,0,1,1,1,6,8,30,,1,0,0,1,0,70.0,,,,1,2,1,1,6
202100012579,2021-10-17 06:25:00,2021,10,17,6,25,26,26085, 37 Avenue de Montelimar,44.489556,4.719588,Nuit avec éclairage allumé,En agglomération,Hors intersection,Normale,Autre collision,3,2,2,0,1,1,1,0,3,50,,3,0,2,1,0,19.0,,,,5,2,1,1,6
202100012580,2021-10-13 18:35:00,2021,10,13,18,35,09,09282,RD 820,43.254518,1.563985,Plein jour,Hors agglomération,Intersection en T,Normale,Deux véhicules - arrière,3,2,2,0,1,1,1,0,1,80,,2,1,0,1,0,35.0,53.0,,,1,1,3,1,2
202100012581,2021-10-15 23:15:00,2021,10,15,23,15,33,33230,Lieu Dit Peuchaud,45.092096,-0.285999,Nuit avec éclairage allumé,En agglomération,Intersection en X,Normale,Deux véhicules - côté,3,2,2,0,1,1,1,0,1,30,,4,1,0,3,0,48.0,37.0,,,5,2,2,1,3
202100012582,2021-10-17 11:05:00,2021,10,17,11,5,85,85009,Route de Chaix,46.436423,-0.866482,Plein jour,Hors agglomération,Hors intersection,Normale,Sans collision,4,2,2,0,2,1,1,0,1,80,,1,0,1,0,0,76.0,,,,1,1,1,1,7
202100012583,2021-10-17 04:00:00,2021,10,17,4,0,14,14679,D99,49.232028,-0.753062,Nuit sans éclairage public,Hors agglomération,Hors intersection,Normale,Autre collision,3,2,2,0,1,1,1,0,3,90,,1,0,0,0,1,33.0,,,,3,1,1,1,6
202100012584,2021-10-18 11:00:00,2021,10,18,11,0,35,35196,La Guichardais du Meu,48.067146,-1.822008,Plein jour,Hors agglomération,Autre intersection,Pluie légère,Deux véhicules - côté,2,1,1,0,3,2,2,3,1,-1,,2,1,0,1,0,48.0,26.0,,,1,1,9,2,3
202100012585,2021-10-17 13:25:00,2021,10,17,13,25,35,35001,3 Rue des Verdaudais,48.134709,-1.53371,Plein jour,En agglomération,Hors intersection,Normale,Autre collision,4,2,2,0,1,1,1,0,8,50,,1,0,0,1,0,49.0,,,,1,2,1,1,6
202100012586,2021-10-17 11:55:00,2021,10,17,11,55,76,76714,D6015,49.545373,0.393448,Plein jour,Hors agglomération,Intersection en X,Normale,Deux véhicules - côté,3,2,2,0,1,1,1,8,1,80,,3,0,0,1,2,78.0,81.0,,,1,1,2,1,3
202100012587,2021-10-18 10:45:00,2021,10,18,10,45,60,60589,route départementale 44,49.205665,2.463155,Plein jour,En agglomération,Giratoire,Normale,Deux véhicules - arrière,3,2,2,0,1,1,1,0,1,50,,4,2,0,0,2,23.0,38.0,,,1,2,6,1,2
202100012588,2021-10-18 18:40:00,2021,10,18,18,40,60,60141,Avenue du Général Leclerc,49.1776394589,2.4552766979,Nuit avec éclairage allumé,En agglomération,Intersection en T,Normale,Deux véhicules - côté,3,-1,1,1,1,1,1,0,1,50,,2,1,0,0,1,63.0,16.0,,,5,2,3,1,3
202100012589,2021-10-19 08:00:00,2021,10,19,8,0,60,60570,D5,49.2535496174,2.0784324433,Crépuscule ou aube,Hors agglomération,Hors intersection,Normale,Deux véhicules - côté,3,2,2,0,1,1,2,0,1,80,,3,2,0,0,1,20.0,32.0,,,2,1,1,1,3
202100012590,2021-10-19 11:00:00,2021,10,19,11,0,80,80307,"Autoroute A1, PK 127+800, sens PARIS-LILLE",49.936607,2.852111,Plein jour,Hors agglomération,Hors intersection,Pluie légère,Deux véhicules - arrière,1,3,3,0,1,1,2,0,1,130,,3,1,0,2,0,31.0,37.0,,,1,1,1,2,2
202100012591,2021-10-08 08:10:00,2021,10,8,8,10,62,62073,176 Rue d Arras,50.33838,2.849343,Crépuscule ou aube,En agglomération,Hors intersection,Brouillard / fumée,Deux véhicules - côté,3,2,2,0,1,1,1,0,1,50,,2,1,0,0,1,54.0,26.0,,,2,2,1,5,3
202100012592,2021-10-18 20:45:00,2021,10,18,20,45,13,13055,A507 sens Marseille - Aubagne,43.287123,5.424801,Nuit sans éclairage public,Hors agglomération,Hors intersection,Normale,Deux véhicules - arrière,1,1,3,0,1,1,1,0,1,70,,2,0,0,0,2,22.0,33.0,,,3,1,1,1,2
202100012593,2021-10-14 08:35:00,2021,10,14,8,35,13,13081,A7-Sens Lyon vers Marseille,43.4753559619,5.2367148399,Plein jour,Hors agglomération,Hors intersection,Normale,Deux véhicules - côté,1,1,2,0,1,1,1,0,1,110,,2,1,0,0,1,22.0,19.0,,,1,1,1,1,3
202100012594,2021-10-17 21:10:00,2021,10,17,21,10,13,13055,A507 sens Aubagne- Marseille,43.3245,5.42278,Nuit sans éclairage public,Hors agglomération,Hors intersection,Normale,Deux véhicules - arrière,1,-1,3,0,2,1,1,0,1,50,,4,2,0,0,2,21.0,28.0,,,3,1,1,1,2
202100012595,2021-10-13 21:00:00,2021,10,13,21,0,69,69194,BPNL   36.318 A 37.781,45.7891228855,4.8077470064,Nuit avec éclairage allumé,Hors agglomération,Autre intersection,Normale,Trois véhicules et plus - en chaîne,9,1,2,0,1,1,1,1,1,70,,4,1,0,0,3,18.0,44.0,,,5,1,9,1,4
202100012596,2021-10-18 17:20:00,2021,10,18,17,20,33,33281,ROCADE A 630,44.850346,-0.667415,Plein jour,Hors agglomération,Hors intersection,Normale,Deux véhicules - côté,1,3,6,0,1,1,1,0,1,90,,2,1,0,0,1,33.0,55.0,,,1,1,1,1,3
202100012597,2021-10-18 16:00:00,2021,10,18,16,0,33,33249,ROCADE A 630,44.88389,-0.519216,Plein jour,Hors agglomération,Hors intersection,Normale,Deux véhicules - côté,1,3,6,0,1,3,1,0,1,90,,2,1,0,0,1,57.0,54.0,,,1,1,1,1,3
202100012598,2021-10-18 08:00:00,2021,10,18,8,0,33,33080,AUTOROUTE A 62,44.731908,-0.530658,Plein jour,Hors agglomération,Hors intersection,Normale,Autre collision,1,3,4,0,1,1,1,0,1,130,,2,1,0,0,1,29.0,30.0,,,1,1,1,1,6
202100012599,2021-10-18 12:15:00,2021,10,18,12,15,94,94003,AUTOROUTE A6A,48.81302,2.33612,Plein jour,Hors agglomération,Hors intersection,Normale,Trois véhicules et plus - en chaîne,1,3,6,0,1,1,1,0,1,50,,3,2,0,0,1,36.0,47.0,,,1,1,1,1,4
202100012600,2021-10-17 21:39:00,2021,10,17,21,39,94,94016,AUTOROUTE A6B,48.79505,2.34454,Nuit sans éclairage public,Hors agglomération,Hors intersection,Normale,Autre collision,1,1,2,0,1,1,1,0,8,70,,1,0,0,0,1,32.0,,,,3,1,1,1,6
202100012601,2021-10-17 06:45:00,2021,10,17,6,45,78,78043,A12 Y,48.822906,2.071772,Nuit avec éclairage allumé,Hors agglomération,Hors intersection,Normale,Autre collision,1,-1,4,0,1,1,1,0,1,110,,1,0,0,0,1,27.0,,,,5,1,1,1,6
202100012602,2021-10-18 17:15:00,2021,10,18,17,15,93,93008,AUTOROUTE A86,48.9056607807,2.4635386402,Plein jour,Hors agglomération,Hors intersection,Normale,Trois véhicules et plus - en chaîne,1,3,4,0,1,1,1,0,1,90,,3,2,0,0,1,39.0,50.0,,,1,1,1,1,4
202100012603,2021-10-18 00:20:00,2021,10,18,0,20,93,93078,AUTOROUTE A104,48.95872,2.52691,Nuit sans éclairage public,Hors agglomération,Hors intersection,Pluie légère,Autre collision,1,1,3,0,1,1,2,0,1,70,,1,0,0,0,1,29.0,,,,3,1,1,2,6
202100012604,2021-10-17 22:15:00,2021,10,17,22,15,93,93066,AUTOROUTE A1,48.92306,2.35745,Nuit avec éclairage allumé,Hors agglomération,Hors intersection,Normale,Autre collision,1,3,8,0,1,1,1,0,8,90,,3,1,0,0,2,52.0,60.0,,,5,1,1,1,6
202100012605,2021-10-18 08:40:00,2021,10,18,8,40,77,77294,A104,48.9654214003,2.6081129225,Plein jour,Hors agglomération,Hors intersection,Normale,Autre collision,1,1,2,0,1,1,1,0,1,90,,3,2,0,1,0,25.0,39.0,,,1,1,1,1,6
202100012606,2021-06-18 10:10:00,2021,6,18,10,10,43,43157,CLUNY (BD. DE),45.049,3.8915,Plein jour,En agglomération,Hors intersection,Temps couvert,Deux véhicules - arrière,3,2,3,-1,1,1,1,0,1,50,,2,1,0,0,1,77.0,60.0,,,1,2,1,8,2
202100012607,2021-06-17 09:10:00,2021,6,17,9,10,43,43157,FARIGOULE (RUE PIERRE),45.04116,3.890135,Plein jour,En agglomération,Intersection en T,Temps couvert,Deux véhicules - côté,4,2,3,0,2,1,1,5,1,50,,2,1,0,1,0,55.0,43.0,,,1,2,3,8,3
202100012608,2021-03-23 17:00:00,2021,3,23,17,0,60,60684,avenue Frédéric et Irène Joliot Curie,49.27941,2.49635,Plein jour,En agglomération,Hors intersection,Normale,Deux véhicules - côté,4,2,2,0,1,1,1,0,1,70,,2,1,0,0,1,25.0,22.0,,,1,2,1,1,3
202100012609,2021-04-23 19:00:00,2021,4,23,19,0,60,60057,Rue Condorcet,49.43541,2.07776,Plein jour,En agglomération,Intersection en T,Normale,Deux véhicules - côté,4,2,2,2,1,1,1,0,1,50,,6,0,0,0,6,47.0,24.0,,,1,2,3,1,3
202100012610,2021-07-15 14:50:00,2021,7,15,14,50,74,74006,A41,45.985095,6.128585,Plein jour,Hors agglomération,Hors intersection,Pluie forte,Deux véhicules - côté,1,2,3,0,2,1,2,0,1,110,,2,1,1,0,0,68.0,26.0,,,1,1,1,3,3
202100012611,2021-06-15 18:55:00,2021,6,15,18,55,74,74278,Av des Iles,46.083523,6.523846,Plein jour,En agglomération,Hors intersection,Normale,Sans collision,4,2,2,2,1,1,1,0,4,50,,1,0,1,0,0,52.0,,,,1,2,1,1,7
202100012612,2021-07-03 16:30:00,2021,7,3,16,30,74,74161,Rte de Rumilly,45.880523,5.990081,Plein jour,Hors agglomération,Hors intersection,Pluie forte,Autre collision,3,2,2,0,2,3,2,0,1,70,,5,1,0,0,4,38.0,53.0,,,1,1,1,3,6
202100012613,2021-06-13 20:30:00,2021,6,13,20,30,74,74290,Che de Loriaz,46.024696,6.911945,Crépuscule ou aube,Hors agglomération,Hors intersection,Normale,Sans collision,4,-1,2,0,2,1,1,0,1,-1,,1,0,0,1,0,22.0,,,,2,1,1,1,7
202100012614,2021-06-03 11:20:00,2021,6,3,11,20,69,69003,GABRIEL PERI (AV),45.870204,4.832204,Plein jour,En agglomération,Autre intersection,Normale,Deux véhicules - frontale,4,2,2,0,2,3,1,0,1,50,,2,1,0,0,1,46.0,87.0,,,1,2,9,1,1
202100012615,2021-10-17 18:05:00,2021,10,17,18,5,976,97611,kaweni-GEOLE (la),-12.76638,45.22484,Nuit sans éclairage public,En agglomération,Hors intersection,Normale,Sans collision,2,2,0,0,1,1,9,8,1,50,,2,0,0,0,2,23.0,,,,3,2,1,1,7
202100012616,2021-10-17 11:24:00,2021,10,17,11,24,974,97416,ANCIENNE RN 1,-21.305976,55.429166,Plein jour,En agglomération,Hors intersection,Normale,Sans collision,2,-1,2,0,1,1,1,0,1,50,,1,0,0,0,1,20.0,,,,1,2,1,1,7
202100012617,2021-10-17 05:30:00,2021,10,17,5,30,974,97409,PENTE SASSY (chemin de la),-20.96674,55.65952,Plein jour,En agglomération,Hors intersection,Normale,Deux véhicules - côté,4,2,2,0,1,1,1,0,1,50,,2,1,0,0,1,44.0,34.0,,,1,2,1,1,3
202100012618,2021-10-17 20:45:00,2021,10,17,20,45,973,97302,ROUTE NATIONALE 1,4.90651,-52.32286,Nuit avec éclairage allumé,Hors agglomération,Hors intersection,Normale,Deux véhicules - arrière,2,1,2,1,1,1,1,0,5,90,,2,1,0,0,1,46.0,30.0,,,5,1,1,1,2
202100012619,2021-10-16 13:30:00,2021,10,16,13,30,973,97302,TIGRE (ROUTE DU),4.914903538,-52.3106002809,Plein jour,Hors agglomération,Intersection en T,Normale,Trois véhicules et plus - collisions multiples,3,2,2,0,1,4,1,0,1,50,,4,2,0,0,2,50.0,36.0,,,1,1,3,1,5
202100012620,2021-10-17 12:30:00,2021,10,17,12,30,69,69387,PRE GAUDRY (DU) (R),45.73816,4.83771,Plein jour,En agglomération,Intersection en X,Normale,Deux véhicules - côté,4,2,2,2,1,1,1,0,1,50,,2,1,0,0,1,30.0,47.0,,,1,2,2,1,3
202100012621,2021-10-17 18:35:00,2021,10,17,18,35,972,97213,ROUTE NATIONALE 5,14.5962,-60.9898,Crépuscule ou aube,Hors agglomération,Hors intersection,Normale,Deux véhicules - arrière,2,1,6,0,1,1,1,0,1,70,,2,0,0,1,1,35.0,40.0,,,2,1,1,1,2
202100012622,2021-10-08 23:45:00,2021,10,8,23,45,69,69034,ROCHETTE (DE LA) (MO),45.78846,4.82729,Nuit avec éclairage allumé,En agglomération,Autre intersection,Normale,Deux véhicules - arrière,4,1,1,0,2,1,1,0,1,50,,2,1,0,0,1,24.0,,,,5,2,9,1,2
202100012623,2021-10-17 23:00:00,2021,10,17,23,0,69,69381,ST VINCENT (Q),45.76751,4.82898,Nuit avec éclairage allumé,En agglomération,Intersection en T,Normale,Deux véhicules - côté,4,1,4,1,1,1,1,0,5,50,,2,1,0,0,1,44.0,20.0,,,5,2,3,1,3
202100012624,2021-09-22 06:45:00,2021,9,22,6,45,69,69389,DUCHERE (DE LA) (BD),45.7756101463,4.7950011492,Crépuscule ou aube,En agglomération,Intersection en T,Normale,Autre collision,4,2,4,0,4,3,1,0,1,50,,2,1,0,0,1,21.0,,,,2,2,3,1,6
202100012625,2021-10-13 16:45:00,2021,10,13,16,45,69,69149,FRANCISQUE JOMARD (R),45.7176,4.79062,Plein jour,En agglomération,Intersection en X,Normale,Deux véhicules - côté,4,2,2,0,2,1,1,0,1,50,,2,1,0,0,1,20.0,22.0,,,1,2,2,1,3
202100012626,2021-10-16 17:30:00,2021,10,16,17,30,69,69286,EUROPE (DE L') (AV),45.81475,4.89505,Plein jour,En agglomération,Hors intersection,Normale,Autre collision,4,1,1,0,1,1,1,6,1,50,,2,1,0,0,1,,,,,1,2,1,1,6
202100012627,2021-10-16 18:30:00,2021,10,16,18,30,2A,2A004,PIETRI FRANCOIS RUE,41.9351368734,8.7471578848,Plein jour,En agglomération,Hors intersection,Normale,Deux véhicules - côté,4,2,2,0,1,1,1,0,1,50,,2,1,0,0,1,44.0,19.0,,,1,2,1,1,3
202100012628,2021-10-12 08:00:00,2021,10,12,8,0,95,95585,BROSSELETTE (RUE PIERRE),48.9940704732,2.3783576488,Plein jour,En agglomération,Hors intersection,Normale,Autre collision,4,2,2,0,1,1,1,6,1,50,,2,1,0,0,1,46.0,,,,1,2,1,1,6
202100012629,2021-10-17 18:00:00,2021,10,17,18,0,95,95555,CASANOVA (AVENUE DANIELLE),48.97437,2.29067,Plein jour,En agglomération,Hors intersection,Normale,Autre collision,3,2,1,0,1,1,1,0,1,30,,2,1,0,0,1,73.0,,,,1,2,1,1,6
202100012630,2021-10-17 12:50:00,2021,10,17,12,50,91,91667,CORBEIL (ROUTE DE),48.656499,2.339011,Plein jour,En agglomération,Hors intersection,Normale,Deux véhicules - arrière,3,2,2,0,1,1,1,0,1,50,,2,1,0,0,1,41.0,38.0,,,1,2,1,1,2
202100012631,2021-10-17 16:50:00,2021,10,17,16,50,83,83137,TIRAILLEURS SENEGALAIS (AVE DES),43.110256,5.931972,Plein jour,En agglomération,Hors intersection,Normale,Deux véhicules - arrière,4,2,2,0,1,1,1,0,1,50,,2,1,0,0,1,42.0,21.0,,,1,2,1,1,2
202100012632,2021-10-17 10:35:00,2021,10,17,10,35,83,83137,BAZEILLES (BD / ROND POINT DE),43.1120847849,5.9357392788,Plein jour,En agglomération,Intersection en T,Normale,Deux véhicules - côté,4,-1,2,0,1,1,1,0,1,50,,3,2,0,0,1,34.0,77.0,,,1,2,3,1,3
202100012633,2021-10-15 17:00:00,2021,10,15,17,0,83,83137,RD46,43.131831,5.918982,Plein jour,Hors agglomération,Hors intersection,Normale,Deux véhicules - frontale,7,2,2,0,1,1,1,0,1,80,,4,0,0,1,3,46.0,26.0,,,1,1,1,1,1
202100012634,2021-10-17 11:10:00,2021,10,17,11,10,83,83069,QUINZIEME CORPS (RUE DU),43.122244974,6.1414217949,Plein jour,En agglomération,Hors intersection,Normale,Deux véhicules - arrière,4,2,2,0,1,1,1,0,3,30,,2,1,0,0,1,69.0,20.0,,,1,2,1,1,2
202100012635,2021-10-16 13:10:00,2021,10,16,13,10,83,83069,CASTEUIL (RUE ALEXANDRE),43.119082,6.127221,Plein jour,En agglomération,Hors intersection,Normale,Deux véhicules - arrière,4,1,1,0,1,1,1,0,1,50,,2,1,0,0,1,54.0,26.0,,,1,2,1,1,2
202100012636,2021-10-17 10:00:00,2021,10,17,10,0,81,81018,BERGES DU TARN AVAL DU PONT,43.95155,2.23393,Plein jour,Hors agglomération,Hors intersection,Normale,Deux véhicules - côté,3,2,2,0,1,1,1,0,1,80,,2,1,0,1,0,48.0,52.0,,,1,1,1,1,3
202100012637,2021-10-17 20:14:00,2021,10,17,20,14,78,78643,JAURES RUE JEAN,48.978057,1.995954,Nuit avec éclairage allumé,En agglomération,Intersection en T,Normale,Deux véhicules - frontale,3,2,-1,-1,1,1,1,0,1,-1,,2,1,0,0,1,,34.0,,,5,2,3,1,1
202100012638,2021-10-17 20:30:00,2021,10,17,20,30,77,77186,D607,48.36461,2.69154,Nuit sans éclairage public,Hors agglomération,Hors intersection,Normale,Deux véhicules - arrière,3,3,4,0,2,1,1,0,1,90,,2,0,0,1,1,29.0,33.0,,,3,1,1,1,2
202100012639,2021-10-17 07:20:00,2021,10,17,7,20,76,76545,CHAMP DE COURSES (RUE DU),49.90845,1.08769,Nuit avec éclairage allumé,En agglomération,Intersection en T,Normale,Deux véhicules - côté,3,-1,2,0,1,1,1,0,1,50,,4,2,0,0,2,39.0,23.0,,,5,2,3,1,3
202100012640,2021-10-17 10:50:00,2021,10,17,10,50,74,74008,NEGOCIANTS (RUE DES),46.19398,6.22811,Plein jour,En agglomération,Hors intersection,Normale,Autre collision,4,3,0,0,2,1,1,0,1,50,,1,0,0,0,1,50.0,,,,1,2,1,1,6