accident_id,datetime,annee,mois,jour,heure,minute,departement,commune_insee,adresse,latitude,longitude,luminosite,agglomeration,intersection,meteo,collision,catr,circ,nbv,vosp,prof,plan,surf,infra,situ,vma,nb_vehicules,nb_usagers,nb_indemnes,nb_tues,nb_blesses_hosp,nb_blesses_legers,age_cond_1,age_cond_2,veh_type_cond_1,veh_type_cond_2,lum_code,agg_code,int_code,atm_code,col_code
202100012641,2021-10-15 20:30:00,2021,10,15,20,30,69,69266,LEON BLUM (R),45.7602858286,4.9010280038,Nuit avec éclairage allumé,En agglomération,Intersection à plus de 4 branches,Normale,Deux véhicules - côté,4,2,2,3,1,1,1,0,1,50,,2,1,0,0,1,34.0,20.0,,,5,2,5,1,3
202100012642,2021-10-16 14:51:00,2021,10,16,14,51,69,69266,LEON BLUM (R),45.75983,4.89577,Plein jour,En agglomération,Hors intersection,Normale,Autre collision,4,2,2,3,1,1,1,0,6,50,,2,1,0,0,1,19.0,,,,1,2,1,1,6
202100012643,2021-10-16 13:00:00,2021,10,16,13,0,69,69264,D306,45.9821322528,4.7415447235,Plein jour,En agglomération,Hors intersection,Normale,Autre collision,3,-1,0,0,1,1,1,0,8,50,,1,0,0,0,1,68.0,,,,1,2,1,1,6
202100012644,2021-10-17 15:30:00,2021,10,17,15,30,64,64445,CATHERINE DE BOURBON,43.32482,-0.35738,Plein jour,En agglomération,Autre intersection,Normale,Deux véhicules - côté,4,3,1,0,1,1,1,5,1,50,,6,4,0,0,2,37.0,31.0,,,1,2,9,1,3
202100012645,2021-10-17 00:30:00,2021,10,17,0,30,62,62083,GARE (RUE DE LA),50.46358,2.61554,Nuit avec éclairage allumé,En agglomération,Intersection en T,Normale,Deux véhicules - côté,3,2,2,0,1,1,1,8,1,50,,2,0,0,0,2,19.0,31.0,,,5,2,3,1,3
202100012646,2021-10-12 16:45:00,2021,10,12,16,45,61,61169,Rue de Paris,48.750921,-0.550656,Plein jour,En agglomération,Autre intersection,Temps éblouissant,Deux véhicules - côté,3,1,1,0,1,3,1,5,1,50,,2,1,0,1,0,67.0,15.0,,,1,2,9,7,3
202100012647,2021-10-17 19:20:00,2021,10,17,19,20,61,61001,KOUTIALA (BOULEVARD),48.42439,0.07944,Crépuscule ou aube,En agglomération,Hors intersection,Normale,Deux véhicules - côté,3,2,2,0,1,1,1,0,1,50,,3,1,0,1,1,55.0,24.0,,,2,2,1,1,3
202100012648,2021-10-17 19:10:00,2021,10,17,19,10,59,59350,STRASBOURG BOULEVARD,50.61745,3.06093,Nuit sans éclairage public,En agglomération,Giratoire,Normale,Deux véhicules - côté,7,1,1,0,1,3,1,5,1,30,,2,1,0,0,1,21.0,26.0,,,3,2,6,1,3
202100012649,2021-08-29 21:20:00,2021,8,29,21,20,59,59009,BOUDERIEZ MARCEL RUE,50.6175515104,3.1473724544,Crépuscule ou aube,En agglomération,Hors intersection,Normale,Autre collision,7,2,2,0,1,1,1,0,1,50,,2,0,0,0,1,,,,,2,2,1,1,6
202100012650,2021-10-17 16:40:00,2021,10,17,16,40,59,59043,PHILIPPE VAN TIEGHEM (RUE),50.73455,2.7287,Plein jour,En agglomération,Hors intersection,Normale,Autre collision,4,1,0,1,2,1,1,0,1,50,,2,1,0,1,0,26.0,,,,1,2,1,1,6
202100012651,2021-10-17 18:30:00,2021,10,17,18,30,57,57480,HAUT RHELE (RUE DU ),49.09684,6.13596,Crépuscule ou aube,En agglomération,Hors intersection,Temps couvert,Deux véhicules - frontale,4,2,2,0,1,1,1,0,1,30,,4,2,0,0,2,42.0,32.0,,,2,2,1,8,1
202100012652,2021-10-17 16:50:00,2021,10,17,16,50,54,54395,ARC ( RUE JEANNE D'N,48.67977,6.17612,Plein jour,En agglomération,Intersection en X,Normale,Deux véhicules - côté,4,1,3,0,1,1,1,0,1,50,,2,1,0,0,1,16.0,59.0,,,1,2,2,1,3
202100012653,2021-10-17 17:17:00,2021,10,17,17,17,38,38421,AVENUE AMBROISE CROIZAT,45.18161,5.76312,Plein jour,En agglomération,Intersection en X,Normale,Deux véhicules - frontale,7,2,3,0,1,1,1,5,1,50,,2,1,0,0,1,14.0,72.0,,,1,2,2,1,1
202100012654,2021-10-17 07:05:00,2021,10,17,7,5,33,33281,AVE DE MAGUDAS,44.85875,-0.67338,Nuit avec éclairage allumé,En agglomération,Hors intersection,Normale,Sans collision,4,2,4,1,1,1,1,0,1,50,,2,1,0,0,1,44.0,,,,5,2,1,1,7
202100012655,2021-10-17 11:40:00,2021,10,17,11,40,31,31555,AV CAMILLE PUJOL,43.6017,1.45891,Plein jour,En agglomération,Hors intersection,Normale,Autre collision,7,2,2,3,4,2,1,0,1,50,,2,1,0,0,1,19.0,,,,1,2,1,1,6
202100012656,2021-10-17 03:53:00,2021,10,17,3,53,31,31555,NARBONNE (ROUTE DE),43.56181,1.46221,Nuit avec éclairage allumé,En agglomération,Hors intersection,Normale,Autre collision,7,2,2,1,2,1,1,0,1,50,,2,1,0,0,1,,,,,5,2,1,1,6
202100012657,2021-10-16 16:40:00,2021,10,16,16,40,31,31555,LOGE (CHE DE LA) DU 1AU 18,43.57747,1.43429,Plein jour,En agglomération,Hors intersection,Normale,Autre collision,4,3,2,0,1,1,1,0,1,50,,2,0,0,0,2,31.0,48.0,,,1,2,1,1,6
202100012658,2021-10-16 17:15:00,2021,10,16,17,15,30,30007,CARNOT (AVE),44.12153,4.08417,Plein jour,En agglomération,Hors intersection,Normale,Autre collision,4,2,2,0,1,1,1,0,1,30,,2,1,0,0,1,65.0,,,,1,2,1,1,6
202100012659,2021-10-17 15:30:00,2021,10,17,15,30,27,27375,RD313,49.23394,1.13393,Plein jour,Hors agglomération,Hors intersection,Normale,Deux véhicules - frontale,3,2,2,0,2,4,1,0,1,80,,6,0,0,6,0,39.0,33.0,,,1,1,1,1,1
202100012660,2021-10-17 05:00:00,2021,10,17,5,0,25,25056,RN 1057 (BD CHURCHIL-ROUTE DE GRAY),47.24163,5.98236,Nuit sans éclairage public,En agglomération,Hors intersection,Normale,Autre collision,2,3,4,0,1,2,1,0,1,90,,3,1,0,0,2,22.0,,,,3,2,1,1,6
202100012661,2021-10-17 12:40:00,2021,10,17,12,40,15,15012,TOYRE (RUE JEAN),44.906829,2.487621,Plein jour,En agglomération,Hors intersection,Normale,Autre collision,3,-1,2,0,1,1,1,9,1,50,,2,1,0,0,1,21.0,,,,1,2,1,1,6
202100012662,2021-10-17 06:00:00,2021,10,17,6,0,13,13211,COMMANDANT DE ROBIEN (RUE),43.29,5.48,Nuit avec éclairage allumé,En agglomération,Hors intersection,Normale,Deux véhicules - arrière,7,2,0,0,2,1,1,0,1,50,,4,1,0,1,2,,22.0,,,5,2,1,1,2
202100012663,2021-10-17 16:45:00,2021,10,17,16,45,13,13214,BISKRA (RUE DE),43.3276,5.37516,Plein jour,En agglomération,Intersection en T,Normale,Deux véhicules - côté,4,1,2,0,1,1,1,0,1,50,,2,1,0,0,1,24.0,,,,1,2,3,1,3
202100012664,2021-10-17 12:30:00,2021,10,17,12,30,13,13201,HENRI BARBUSSE (RUE),43.29859,5.37385,Plein jour,En agglomération,Hors intersection,Normale,Deux véhicules - côté,4,2,2,1,1,1,1,0,1,50,,3,2,0,0,1,21.0,37.0,,,1,2,1,1,3
202100012665,2021-10-16 16:15:00,2021,10,16,16,15,13,13047,D.5,43.47125,4.99913,Plein jour,Hors agglomération,Hors intersection,Normale,Autre collision,7,1,2,0,1,1,1,0,1,90,,3,1,0,0,2,53.0,24.0,,,1,1,1,1,6
202100012666,2021-10-17 07:22:00,2021,10,17,7,22,09,09225,JEU DU MAIL AVENUE DU,43.122767,1.602556,Nuit avec éclairage allumé,En agglomération,Intersection en Y,Normale,Deux véhicules - côté,3,2,4,0,1,3,1,0,1,50,,3,1,0,0,2,22.0,40.0,,,5,2,4,1,3
202100012667,2021-10-17 02:00:00,2021,10,17,2,0,06,06069,CHEVREFEUILLES (CHEMIN DES),43.640659,6.917758,Nuit avec éclairage allumé,En agglomération,Hors intersection,Normale,Deux véhicules - arrière,4,2,2,0,2,3,1,0,1,50,,2,1,0,0,1,17.0,,,,5,2,1,1,2
202100012668,2021-10-16 08:30:00,2021,10,16,8,30,75,75105,BOULEVARD SAINT GERMAIN,48.849438,2.354409,Plein jour,En agglomération,Intersection en X,Normale,Deux véhicules - côté,4,1,3,0,1,1,1,0,1,30,,2,1,0,0,1,23.0,54.0,,,1,2,2,1,3
202100012669,2021-10-17 16:45:00,2021,10,17,16,45,75,75119,RUE ROUVET,48.893445,2.384607,Plein jour,En agglomération,Intersection en X,Normale,Deux véhicules - côté,4,1,1,0,1,1,1,0,1,30,,4,2,0,0,2,53.0,39.0,,,1,2,2,1,3
202100012670,2021-10-16 23:20:00,2021,10,16,23,20,75,75119,PLACE DE LA PORTE DE PANTIN,48.889507,2.395756,Nuit avec éclairage allumé,En agglomération,Place,Normale,Deux véhicules - côté,4,1,3,0,1,1,1,0,1,30,,2,1,0,0,1,28.0,17.0,,,5,2,7,1,3
202100012671,2021-10-17 13:10:00,2021,10,17,13,10,75,75118,RUE GANNERON,48.885811,2.326377,Plein jour,En agglomération,Intersection en Y,Normale,Deux véhicules - arrière,4,1,1,0,2,1,1,0,1,30,,3,2,0,0,1,33.0,38.0,,,1,2,4,1,2
202100012672,2021-10-17 01:31:00,2021,10,17,1,31,75,75108,BOULEVARD MALESHERBES,48.880849,2.312539,Nuit avec éclairage allumé,En agglomération,Intersection en X,Normale,Deux véhicules - côté,4,1,2,0,1,1,1,0,1,30,,3,1,0,0,2,51.0,33.0,,,5,2,2,1,3
202100012673,2021-10-15 23:30:00,2021,10,15,23,30,75,75117,BOULEVARD DE COURCELLES,48.880863,2.312644,Nuit avec éclairage allumé,En agglomération,Intersection en X,Normale,Deux véhicules - côté,4,2,1,1,1,1,1,0,1,30,,2,1,0,0,1,23.0,23.0,,,5,2,2,1,3
202100012674,2021-10-17 18:00:00,2021,10,17,18,0,75,75116,RUE DU GENERAL NIOX,48.836717,2.26291,Plein jour,En agglomération,Intersection en X,Normale,Deux véhicules - côté,4,1,1,0,1,1,1,0,1,30,,2,1,0,0,1,55.0,29.0,,,1,2,2,1,3
202100012675,2021-10-17 00:00:00,2021,10,17,0,0,75,75116,RUE CHANEZ,48.84533,2.25886,Nuit avec éclairage allumé,En agglomération,Intersection en T,Normale,Autre collision,4,1,1,0,1,1,1,0,1,50,,1,0,0,0,1,45.0,,,,5,2,3,1,6
202100012676,2021-10-17 16:30:00,2021,10,17,16,30,75,75114,AVENUE MARC SANGNIER,48.826692,2.304891,Plein jour,En agglomération,Place,Normale,Autre collision,4,1,1,0,1,1,1,0,1,30,,3,2,0,0,1,43.0,,,,1,2,7,1,6
202100012677,2021-10-17 11:45:00,2021,10,17,11,45,75,75110,BOULEVARD SAINT DENIS,48.869324,2.354254,Plein jour,En agglomération,Intersection en X,Normale,Deux véhicules - côté,4,2,0,0,1,1,1,0,1,30,,2,1,0,0,1,28.0,52.0,,,1,2,2,1,3
202100012678,2021-10-17 12:00:00,2021,10,17,12,0,75,75110,RUE D HAUTEVILLE,48.875314,2.350921,Plein jour,En agglomération,Intersection en X,Normale,Deux véhicules - frontale,4,1,2,0,1,1,1,0,1,30,,2,1,0,1,0,28.0,18.0,,,1,2,2,1,1
202100012679,2021-10-17 05:35:00,2021,10,17,5,35,75,75110,BOULEVARD DE MAGENTA,48.873766,2.358327,Nuit avec éclairage allumé,En agglomération,Intersection en X,Normale,Sans collision,4,2,4,3,1,1,1,0,1,30,,1,0,0,0,1,26.0,,,,5,2,2,1,7
202100012680,2021-10-16 20:45:00,2021,10,16,20,45,75,75109,BOULEVARD DE CLICHY,48.881929,2.339702,Nuit avec éclairage allumé,En agglomération,Intersection en X,Normale,Sans collision,4,1,2,3,1,1,9,-1,6,30,,1,0,0,0,1,33.0,,,,5,2,2,1,7
202100012681,2021-10-17 11:00:00,2021,10,17,11,0,75,75108,RUE LA BOETIE,48.872137,2.309051,Plein jour,En agglomération,Intersection en Y,Normale,Trois véhicules et plus - en chaîne,4,1,1,0,1,1,1,0,1,30,,4,2,0,0,2,45.0,41.0,,,1,2,4,1,4
202100012682,2021-10-17 09:45:00,2021,10,17,9,45,75,75108,PLACE SAINT AUGUSTIN,48.874754,2.319784,Plein jour,En agglomération,Place,Normale,Deux véhicules - arrière,4,-1,2,0,1,1,1,0,1,30,,3,2,0,0,1,34.0,65.0,,,1,2,7,1,2
202100012683,2021-10-17 14:50:00,2021,10,17,14,50,75,75107,RUE DE GRENELLE,48.855,2.324579,Plein jour,En agglomération,Intersection en X,Normale,Deux véhicules - côté,4,-1,1,0,1,1,1,-1,5,30,,2,1,0,0,1,16.0,22.0,,,1,2,2,1,3
202100012684,2021-10-17 12:55:00,2021,10,17,12,55,75,75107,QUAI D ORSAY,48.862876,2.31519,Plein jour,En agglomération,Intersection en T,Normale,Deux véhicules - frontale,4,2,2,1,1,1,1,-1,5,1,,2,1,0,0,1,42.0,26.0,,,1,2,3,1,1
202100012685,2021-10-17 00:51:00,2021,10,17,0,51,75,75103,RUE SAINT MARTIN,48.867923,2.355024,Nuit avec éclairage allumé,En agglomération,Intersection en T,Normale,Deux véhicules - arrière,4,1,2,3,1,1,1,0,1,30,,2,1,0,0,1,27.0,53.0,,,5,2,3,1,2
202100012686,2021-10-17 21:00:00,2021,10,17,21,0,94,94003,Avenue Aristide Briand,48.80858,2.32625,Nuit avec éclairage non allumé,En agglomération,Hors intersection,Normale,Deux véhicules - arrière,3,1,3,0,1,1,1,0,1,50,,2,0,0,0,2,31.0,33.0,,,4,2,1,1,2
202100012687,2021-10-17 16:55:00,2021,10,17,16,55,94,94043,Rue Edmond Michelet,48.8108108469,2.3637127876,Plein jour,En agglomération,Hors intersection,Normale,Sans collision,3,2,0,0,1,1,1,6,1,30,,2,1,0,0,1,,33.0,,,1,2,1,1,7
202100012688,2021-10-17 18:10:00,2021,10,17,18,10,93,93077,ROSNY (AVENUE DE),48.8848,2.50233,Plein jour,En agglomération,Intersection en T,Normale,Deux véhicules - arrière,3,2,4,0,1,1,1,5,1,50,,2,0,0,0,2,37.0,36.0,,,1,2,3,1,2
202100012689,2021-10-17 19:39:00,2021,10,17,19,39,93,93055,DIDEROT,48.9031593135,2.4048214776,Nuit avec éclairage allumé,Hors agglomération,Hors intersection,Normale,Autre collision,4,2,2,0,1,1,1,0,3,50,,1,0,0,0,1,51.0,,,,5,1,1,1,6
202100012690,2021-10-17 08:33:00,2021,10,17,8,33,93,93010,VAILLANT (RUE EDOUARD) 1 A 25,48.89522,2.48711,Crépuscule ou aube,En agglomération,Intersection en T,Normale,Autre collision,4,1,2,0,1,1,1,0,1,50,,2,1,0,0,1,55.0,,,,2,2,3,1,6
202100012691,2021-10-17 19:15:00,2021,10,17,19,15,93,93051,NEUILLY (ROUTE),48.85115,2.53444,Nuit avec éclairage allumé,En agglomération,Hors intersection,Normale,Deux véhicules - côté,3,2,3,0,1,1,1,0,1,30,,3,2,0,0,1,45.0,44.0,,,5,2,1,1,3
202100012692,2021-10-17 15:30:00,2021,10,17,15,30,92,92062,DE DION BOUTON (QUAI) DU 29 AU 65,48.8836326602,2.2492682934,Plein jour,En agglomération,Hors intersection,Normale,Deux véhicules - arrière,3,1,4,0,1,1,1,0,1,50,,4,3,0,0,1,58.0,59.0,,,1,2,1,1,2
202100012693,2021-10-16 19:40:00,2021,10,16,19,40,92,92051,"VICTOR HUGO (BOULEVARD, N° 9 A 49 ET 16",48.8872097178,2.2787913173,Nuit avec éclairage allumé,En agglomération,Hors intersection,Normale,Deux véhicules - côté,4,2,2,0,1,1,1,0,1,50,,3,2,0,0,1,30.0,24.0,,,5,2,1,1,3
202100012694,2021-10-17 11:00:00,2021,10,17,11,0,92,92050,CASTEL MARLY RUE DU,48.8891301295,2.1953324229,Plein jour,En agglomération,Hors intersection,Normale,Autre collision,4,1,1,0,1,1,1,0,1,30,,2,1,0,0,1,33.0,,,,1,2,1,1,6
202100012695,2021-10-17 11:30:00,2021,10,17,11,30,47,47146,Avenue de Casseneuil,44.43029,0.686147,Plein jour,Hors agglomération,Intersection en T,Normale,Deux véhicules - frontale,3,2,2,0,1,3,1,0,1,80,,2,1,0,1,0,19.0,77.0,,,1,1,3,1,1
202100012696,2021-10-14 05:35:00,2021,10,14,5,35,47,47060,Route de Saint Sixte,44.116958,0.740987,Nuit sans éclairage public,Hors agglomération,Hors intersection,Brouillard / fumée,Autre collision,4,2,2,0,1,2,1,0,1,-1,,2,1,1,0,0,29.0,,,,3,1,1,5,6
202100012697,2021-10-17 12:25:00,2021,10,17,12,25,35,35195,Lieu Dit Langager,48.30415,-1.685227,Plein jour,Hors agglomération,Intersection en T,Normale,Deux véhicules - frontale,3,2,2,0,4,1,1,0,1,50,,2,1,0,0,1,46.0,19.0,,,1,1,3,1,1
202100012698,2021-10-17 16:20:00,2021,10,17,16,20,11,11195,A61 - PK 292.850,43.270706,2.003803,Plein jour,Hors agglomération,Hors intersection,Normale,Autre collision,1,3,4,0,1,1,1,0,1,130,,11,6,0,1,4,38.0,49.0,,,1,1,1,1,6
202100012699,2021-10-16 10:55:00,2021,10,16,10,55,68,68173,Les Cottis,48.102119,7.193629,Plein jour,En agglomération,Intersection en Y,Normale,Autre collision,3,2,1,0,2,2,1,0,3,50,,1,0,0,1,0,47.0,,,,1,2,4,1,6
202100012700,2021-10-14 13:45:00,2021,10,14,13,45,974,97422,Rue Jules Bertaut,-21.284946,55.511169,Plein jour,En agglomération,Hors intersection,Normale,Deux véhicules - côté,4,2,2,0,2,1,1,0,1,50,,2,1,0,1,0,60.0,29.0,,,1,2,1,1,3
202100012701,2021-10-17 15:50:00,2021,10,17,15,50,63,63048,d987,45.639758,2.557733,Plein jour,Hors agglomération,Hors intersection,Normale,Sans collision,3,2,2,0,1,2,1,0,1,80,,2,1,0,0,1,29.0,,,,1,1,1,1,7
202100012702,2021-10-16 15:00:00,2021,10,16,15,0,83,83036,Departemental 559,43.174211,6.533464,Plein jour,En agglomération,Intersection en T,Normale,Deux véhicules - côté,3,2,2,0,1,1,1,0,1,50,,2,1,0,0,1,91.0,14.0,,,1,2,3,1,3
202100012703,2021-10-17 21:30:00,2021,10,17,21,30,71,71384,A6 - PK342+730 SENS LYON/PARIS,46.687558,4.844713,Nuit sans éclairage public,Hors agglomération,Hors intersection,Temps couvert,Deux véhicules - arrière,1,3,5,0,1,1,1,0,1,130,,5,1,0,3,1,42.0,68.0,,,3,1,1,8,2
202100012704,2021-10-18 16:50:00,2021,10,18,16,50,38,38239,Rue du 8 Mai 1945,45.326836,5.562821,Plein jour,En agglomération,Hors intersection,Normale,Deux véhicules - arrière,3,1,1,0,1,1,1,0,1,50,,2,1,0,0,1,20.0,17.0,,,1,2,1,1,2
202100012705,2021-10-13 11:05:00,2021,10,13,11,5,44,44224,La Noe de la Barre,47.507401,-1.704542,Plein jour,Hors agglomération,Intersection en X,Normale,Deux véhicules - côté,2,2,1,0,1,1,1,0,1,80,,2,1,0,1,0,67.0,34.0,,,1,1,2,1,3
202100012706,2021-10-18 10:30:00,2021,10,18,10,30,83,83054,Chemin Alphonse Lavallee,43.157776,6.048354,Plein jour,En agglomération,Hors intersection,Normale,Deux véhicules - frontale,4,2,2,0,1,1,1,0,1,50,,2,1,0,1,0,47.0,86.0,,,1,2,1,1,1
202100012707,2021-10-16 15:30:00,2021,10,16,15,30,83,83087,D560,43.390622,5.775526,Plein jour,Hors agglomération,Hors intersection,Normale,Trois véhicules et plus - collisions multiples,3,2,2,0,1,1,1,0,1,80,,3,2,0,1,0,25.0,31.0,,,1,1,1,1,5
202100012708,2021-10-16 00:33:00,2021,10,16,0,33,51,51657,D26,49.23235,3.911473,Nuit avec éclairage allumé,En agglomération,Hors intersection,Normale,Sans collision,3,2,2,0,2,2,1,0,8,80,,1,0,0,0,1,24.0,,,,5,2,1,1,7
202100012709,2021-09-02 17:45:00,2021,9,2,17,45,56,56173,Kermouellic,47.996929,-3.055621,Plein jour,Hors agglomération,Intersection en X,Temps éblouissant,Deux véhicules - côté,3,2,2,0,1,1,1,0,1,70,,2,1,0,1,0,22.0,58.0,,,1,1,2,7,3
202100012710,2021-10-04 11:15:00,2021,10,4,11,15,56,56186,Rue du Point du Jour,47.487415,-3.127477,Plein jour,En agglomération,Intersection en X,Normale,Deux véhicules - côté,4,2,2,0,1,1,1,0,1,50,,2,1,0,1,0,30.0,64.0,,,1,2,2,1,3
202100012711,2021-10-15 20:20:00,2021,10,15,20,20,77,77019,D411,48.391399,3.157089,Nuit sans éclairage public,Hors agglomération,Hors intersection,Normale,Deux véhicules - frontale,3,2,2,0,3,1,1,0,1,80,,2,1,0,0,1,24.0,35.0,,,3,1,1,1,1
202100012712,2021-10-17 14:30:00,2021,10,17,14,30,2A,2A362,RT10 -PK: 43  - lieu dit sainte lucie de porto vecchio,41.707162,9.382759,Plein jour,Hors agglomération,Hors intersection,Normale,Deux véhicules - côté,2,2,2,0,1,1,1,0,1,70,,2,1,0,0,1,,15.0,,,1,1,1,1,3
202100012713,2021-10-14 14:40:00,2021,10,14,14,40,82,82035,D12,44.035406,1.008993,Plein jour,Hors agglomération,Intersection en X,Normale,Deux véhicules - côté,3,2,2,0,1,1,1,0,1,80,,5,0,0,2,3,45.0,77.0,,,1,1,2,1,3
202100012714,2021-10-17 19:00:00,2021,10,17,19,0,65,65257,route départemantale 216,43.163976,0.001035,Crépuscule ou aube,Hors agglomération,Hors intersection,Normale,Sans collision,3,2,2,0,2,3,1,0,3,80,,1,0,0,1,0,28.0,,,,2,1,1,1,7
202100012715,2021-10-17 18:00:00,2021,10,17,18,0,33,33316,,44.732546,0.088821,Plein jour,Hors agglomération,Hors intersection,Normale,Deux véhicules - frontale,3,2,2,0,2,2,1,0,1,80,,2,1,0,1,0,66.0,82.0,,,1,1,1,1,1
202100012716,2021-10-17 16:00:00,2021,10,17,16,0,32,32064,Lieu Dit Higué,43.88672,0.133322,Plein jour,En agglomération,Hors intersection,Normale,Autre collision,4,2,2,0,1,1,1,0,3,50,,1,0,0,1,0,55.0,,,,1,2,1,1,6
202100012717,2021-10-14 08:45:00,2021,10,14,8,45,61,61294,33 Grande Rue,48.639761,0.077414,Plein jour,En agglomération,Hors intersection,Temps éblouissant,Autre collision,3,2,2,0,1,1,1,6,1,50,,2,1,1,0,0,49.0,,,,1,2,1,7,6
202100012718,2021-10-16 10:41:00,2021,10,16,10,41,49,49373,Le Plessis Tremont,47.15468,-0.4579737,Plein jour,Hors agglomération,Intersection en X,Normale,Deux véhicules - côté,4,2,2,0,1,1,1,0,1,80,,2,1,1,0,0,35.0,74.0,,,1,1,2,1,3
202100012719,2021-09-21 11:30:00,2021,9,21,11,30,49,49307,D55,47.414422,-0.311603,Plein jour,Hors agglomération,Intersection en X,Normale,Deux véhicules - côté,3,2,2,0,1,1,1,0,1,80,,3,0,0,1,2,81.0,72.0,,,1,1,2,1,3
202100012720,2021-10-17 17:15:00,2021,10,17,17,15,47,47095,D813,44.428463,0.278971,Plein jour,Hors agglomération,Intersection en T,Normale,Deux véhicules - côté,3,2,2,0,1,1,1,0,1,80,,2,1,0,1,0,67.0,28.0,,,1,1,3,1,3
202100012721,2021-10-17 07:40:00,2021,10,17,7,40,34,34223,D154,43.451723,3.188602,Crépuscule ou aube,Hors agglomération,Intersection en X,Normale,Autre collision,3,2,2,0,3,2,1,0,3,80,,4,0,0,3,1,21.0,,,,2,1,2,1,6
202100012722,2021-10-14 19:50:00,2021,10,14,19,50,44,44041,Rue des Landes de Trejet,47.111756,-1.59551,Nuit sans éclairage public,En agglomération,Hors intersection,Normale,Sans collision,4,2,2,0,1,1,1,0,1,50,,1,0,0,1,0,58.0,,,,3,2,1,1,7
202100012723,2021-10-01 13:00:00,2021,10,1,13,0,35,35264,La Croix Charron,48.080634,-1.372813,Plein jour,Hors agglomération,Hors intersection,Pluie forte,Deux véhicules - frontale,4,2,2,0,1,1,2,0,1,80,,2,1,0,1,0,39.0,36.0,,,1,1,1,3,1
202100012724,2021-10-16 21:30:00,2021,10,16,21,30,29,29023,Route de la Grande Grêve,48.66044,-3.923955,Nuit sans éclairage public,En agglomération,Hors intersection,Normale,Autre collision,4,2,2,0,2,2,1,0,3,50,,2,0,1,0,1,28.0,,,,3,2,1,1,6
202100012725,2021-10-18 11:50:00,2021,10,18,11,50,31,31143,D8,43.068182,0.613099,Plein jour,Hors agglomération,Intersection en X,Normale,Deux véhicules - côté,3,2,3,0,1,1,1,5,1,80,,2,0,1,1,0,19.0,70.0,,,1,1,2,1,3
202100012726,2021-10-17 18:20:00,2021,10,17,18,20,38,38453,957 Route du Stade,45.108113,5.310141,Crépuscule ou aube,Hors agglomération,Hors intersection,Normale,Autre collision,4,2,2,0,1,1,1,0,1,50,,2,1,0,0,1,57.0,,,,2,1,1,1,6
202100012727,2021-10-16 11:40:00,2021,10,16,11,40,38,38095,Rte de Saint Bonnet de Chavagne,45.13302,5.255316,Plein jour,Hors agglomération,Hors intersection,Normale,Autre collision,3,2,2,0,1,4,1,0,3,90,,2,1,0,1,0,15.0,,,,1,1,1,1,6
202100012728,2021-10-18 17:00:00,2021,10,18,17,0,03,03312,Les Cinq Chenes,46.491955,2.901329,Plein jour,Hors agglomération,Hors intersection,Normale,Deux véhicules - arrière,3,2,2,0,1,1,1,0,1,90,,2,1,0,1,0,54.0,25.0,,,1,1,1,1,2
202100012729,2021-10-18 11:30:00,2021,10,18,11,30,54,54369,D40,48.8032455333,6.1161446566,Plein jour,Hors agglomération,Hors intersection,Normale,Autre collision,3,1,2,0,1,1,1,0,3,70,,1,0,1,0,0,84.0,,,,1,1,1,1,6
202100012730,2021-10-17 19:00:00,2021,10,17,19,0,83,83041,D55,43.597895,6.546736,Nuit sans éclairage public,Hors agglomération,Hors intersection,Normale,Deux véhicules - frontale,3,2,2,0,1,3,1,0,1,-1,,3,1,0,2,0,58.0,68.0,,,3,1,1,1,1
202100012731,2021-10-17 17:00:00,2021,10,17,17,0,73,73247,D201,45.545478,6.11564,Crépuscule ou aube,Hors agglomération,Hors intersection,Temps éblouissant,Deux véhicules - arrière,3,2,2,0,3,1,1,0,1,80,,4,3,0,0,1,37.0,45.0,,,2,1,1,7,2
202100012732,2021-10-17 12:30:00,2021,10,17,12,30,18,18001,les petites fougeres,47.269373,2.438825,Plein jour,Hors agglomération,Hors intersection,Normale,Autre collision,4,-1,2,0,1,1,9,0,3,50,,1,0,0,1,0,49.0,,,,1,1,1,1,6
202100012733,2021-10-18 10:00:00,2021,10,18,10,0,43,43239,Rue Gal J Baptiste de Morangies,45.092171,3.634897,Plein jour,En agglomération,Hors intersection,Temps éblouissant,Deux véhicules - frontale,3,2,2,0,2,2,1,0,1,50,,2,0,0,1,1,42.0,18.0,,,1,2,1,7,1
202100012734,2021-10-17 17:55:00,2021,10,17,17,55,10,10238,Route Departementale 619,48.242339,4.349427,Plein jour,Hors agglomération,Intersection en T,Normale,Deux véhicules - côté,3,2,2,0,2,1,1,0,1,90,,2,1,0,1,0,42.0,78.0,,,1,1,3,1,3
202100012735,2021-10-16 09:00:00,2021,10,16,9,0,36,36031,Chamboise,46.877613,1.395539,Plein jour,Hors agglomération,Hors intersection,Normale,Autre collision,3,2,2,0,1,1,1,0,8,80,,1,0,0,1,0,16.0,,,,1,1,1,1,6
202100012736,2021-10-17 09:50:00,2021,10,17,9,50,07,07188,rond-point du Pontet,45.190657,4.686913,Plein jour,En agglomération,Giratoire,Normale,Deux véhicules - côté,3,1,1,0,1,2,1,0,1,50,,2,1,0,0,1,73.0,,,,1,2,6,1,3