accident_id,datetime,annee,mois,jour,heure,minute,departement,commune_insee,adresse,latitude,longitude,luminosite,agglomeration,intersection,meteo,collision,catr,circ,nbv,vosp,prof,plan,surf,infra,situ,vma,nb_vehicules,nb_usagers,nb_indemnes,nb_tues,nb_blesses_hosp,nb_blesses_legers,age_cond_1,age_cond_2,veh_type_cond_1,veh_type_cond_2,lum_code,agg_code,int_code,atm_code,col_code
202100012737,2021-10-16 16:10:00,2021,10,16,16,10,85,85090,RUE DES TUMULUS,46.857711,-0.822258,Plein jour,Hors agglomération,Intersection en Y,Normale,Trois véhicules et plus - collisions multiples,4,2,2,0,2,3,1,0,1,50,,3,2,0,0,1,,38.0,,,1,1,4,1,5
202100012738,2021-10-16 15:49:00,2021,10,16,15,49,28,28052,D327,48.545329,1.520383,Plein jour,Hors agglomération,Autre intersection,Normale,Sans collision,3,2,2,0,1,1,9,0,1,80,,1,0,0,1,0,57.0,,,,1,1,9,1,7
202100012739,2021-10-06 07:00:00,2021,10,6,7,0,17,17016,Route de Barbezieux,45.524597,-0.297226,Crépuscule ou aube,En agglomération,Intersection en X,Normale,Deux véhicules - côté,3,2,2,0,1,1,2,0,1,50,,2,1,0,1,0,68.0,20.0,,,2,2,2,1,3
202100012740,2021-10-14 09:35:00,2021,10,14,9,35,987,98752,PK 45+500 RT1,-17.722055,-149.404653,Plein jour,Hors agglomération,Hors intersection,Normale,Deux véhicules - côté,2,2,2,0,1,1,1,0,1,60,,2,1,0,1,0,28.0,32.0,,,1,1,1,1,3
202100012741,2021-10-18 08:05:00,2021,10,18,8,5,60,60030,A16 pk 58+880 sens PARIS-BOULOGNE,49.3280970576,2.0949854849,Crépuscule ou aube,Hors agglomération,Hors intersection,Normale,Trois véhicules et plus - en chaîne,1,3,4,0,2,1,1,0,1,130,,6,4,0,1,1,35.0,23.0,,,2,1,1,1,4
202100012742,2021-10-16 16:55:00,2021,10,16,16,55,03,03277,A71 PK 327+750,46.277908,3.052359,Plein jour,Hors agglomération,Hors intersection,Normale,Sans collision,1,3,4,0,1,1,1,0,3,90,,1,0,0,1,0,56.0,,,,1,1,1,1,7
202100012743,2021-10-17 16:30:00,2021,10,17,16,30,53,53213,RD 33,48.396528,-1.057777,Plein jour,Hors agglomération,Hors intersection,Normale,Deux véhicules - frontale,3,2,2,0,1,4,1,0,1,80,,4,2,0,2,0,57.0,19.0,,,1,1,1,1,1
202100012744,2021-10-17 11:45:00,2021,10,17,11,45,49,49188,A11 - PK 237+500,47.59534,-0.31517,Plein jour,Hors agglomération,Hors intersection,Normale,Sans collision,1,3,2,0,4,1,1,0,3,130,,1,0,0,0,1,41.0,,,,1,1,1,1,7
202100012745,2021-10-18 12:15:00,2021,10,18,12,15,73,73304,D902 rond point de l'office,45.448928,6.979886,Plein jour,En agglomération,Giratoire,Normale,Autre collision,3,2,2,0,1,3,1,0,1,30,,2,1,0,1,0,36.0,,,,1,2,6,1,6
202100012746,2021-10-18 17:05:00,2021,10,18,17,5,74,74262,A40,46.134824,6.319113,Plein jour,Hors agglomération,Hors intersection,Normale,Autre collision,1,3,4,0,1,1,1,0,1,130,,4,1,0,1,2,41.0,,,,1,1,1,1,6
202100012747,2021-09-24 21:30:00,2021,9,24,21,30,84,84087,A7 PK 171+500,44.111624,4.829586,Nuit sans éclairage public,Hors agglomération,Hors intersection,Normale,Autre collision,1,3,3,0,1,1,1,0,1,130,,2,1,1,0,0,30.0,,,,3,1,1,1,6
202100012748,2021-10-17 17:15:00,2021,10,17,17,15,77,77370,"A77, PK 0+700",48.22146,2.770025,Plein jour,Hors agglomération,Hors intersection,Normale,Deux véhicules - côté,1,1,4,0,1,2,1,0,1,130,,3,1,0,1,1,31.0,54.0,,,1,1,1,1,3
202100012749,2021-10-09 11:35:00,2021,10,9,11,35,987,98714,quartier Amanahune - rte 101,-16.495417,-151.738889,Plein jour,Hors agglomération,Hors intersection,Pluie légère,Deux véhicules - côté,2,2,2,0,1,1,2,0,3,60,,2,1,0,1,0,61.0,,,,1,1,1,2,3
202100012750,2021-10-18 02:24:00,2021,10,18,2,24,988,98808,Nékoué (Tribu),-21.253734,165.604515,Nuit sans éclairage public,Hors agglomération,Hors intersection,Normale,Sans collision,2,2,2,0,1,1,1,0,3,70,,3,2,0,1,0,26.0,,,,3,1,1,1,7
202100012751,2021-10-18 14:00:00,2021,10,18,14,0,988,98803,RT1,-21.477311,165.362391,Plein jour,Hors agglomération,Hors intersection,Pluie forte,Autre collision,2,2,2,0,1,1,2,0,3,110,,2,1,1,0,0,50.0,,,,1,1,1,3,6
202100012752,2021-10-18 03:20:00,2021,10,18,3,20,974,97415,Route de Saint Pierre,-21.087698,55.237756,Nuit avec éclairage allumé,Hors agglomération,Giratoire,Normale,Deux véhicules - frontale,2,2,2,1,4,1,1,5,3,70,,3,0,0,1,2,41.0,,,,5,1,6,1,1
202100012753,2021-10-16 13:00:00,2021,10,16,13,0,971,97128,Route de Surgy,16.256883,-61.34646,Plein jour,Hors agglomération,Hors intersection,Normale,Deux véhicules - arrière,3,2,2,0,1,3,1,0,1,80,,2,1,0,1,0,45.0,32.0,,,1,1,1,1,2
202100012754,2021-10-18 07:15:00,2021,10,18,7,15,33,33199,76 Route des Lacs,44.63056,-1.110009,Nuit avec éclairage allumé,En agglomération,Intersection en T,Normale,Deux véhicules - côté,3,2,2,1,1,1,1,0,1,50,,2,1,0,0,1,37.0,43.0,,,5,2,3,1,3
202100012755,2021-10-17 17:05:00,2021,10,17,17,5,28,28208,Départementale 910,48.503192,1.742642,Plein jour,Hors agglomération,Hors intersection,Normale,Deux véhicules - arrière,3,2,3,0,1,1,1,0,1,90,,6,5,0,1,0,46.0,58.0,,,1,1,1,1,2
202100012756,2021-10-14 17:38:00,2021,10,14,17,38,77,77171,D5,48.900179,2.811486,Plein jour,En agglomération,Hors intersection,Normale,Deux véhicules - arrière,3,2,2,0,2,1,1,0,1,50,,4,2,0,0,2,35.0,26.0,,,1,2,1,1,2
202100012757,2021-05-27 18:15:00,2021,5,27,18,15,77,77474,Trilbardou,48.957707,2.80323,Plein jour,Hors agglomération,Hors intersection,Normale,Deux véhicules - arrière,2,1,1,0,1,1,1,0,1,70,,2,1,0,0,1,46.0,46.0,,,1,1,1,1,2
202100012758,2021-10-18 17:45:00,2021,10,18,17,45,77,77142,D21,48.861736,2.933822,Plein jour,Hors agglomération,Hors intersection,Normale,Autre collision,3,2,2,0,1,1,1,0,1,80,,3,1,0,2,0,51.0,80.0,,,1,1,1,1,6
202100012759,2021-10-16 23:05:00,2021,10,16,23,5,95,95040,RD 14,49.1057207761,1.8858639902,Nuit sans éclairage public,Hors agglomération,Hors intersection,Normale,Deux véhicules - arrière,3,3,4,0,1,1,1,0,1,110,,3,2,0,0,1,,67.0,,,3,1,1,1,2
202100012760,2021-10-16 21:50:00,2021,10,16,21,50,95,95002,RD14,49.070808,1.967454,Nuit sans éclairage public,Hors agglomération,Hors intersection,Normale,Sans collision,3,3,4,0,1,2,1,0,3,110,,2,0,0,2,0,28.0,,,,3,1,1,1,7
202100012761,2021-10-16 18:10:00,2021,10,16,18,10,78,78090,Rue de Flins,48.966782,1.889077,Plein jour,Hors agglomération,Hors intersection,Normale,Autre collision,4,2,2,0,2,1,1,0,3,70,,2,0,0,2,0,27.0,,,,1,1,1,1,6
202100012762,2021-10-17 15:15:00,2021,10,17,15,15,30,30105,départementale 48,44.088618,3.538864,Plein jour,Hors agglomération,Hors intersection,Normale,Autre collision,3,2,2,0,2,2,1,0,1,-1,,1,0,0,0,1,59.0,,,,1,1,1,1,6
202100012763,2021-10-17 11:14:00,2021,10,17,11,14,34,34023,Route de Sète,43.443385,3.696685,Plein jour,En agglomération,Intersection en X,Normale,Autre collision,3,2,2,2,1,1,1,0,1,50,,2,1,0,1,0,71.0,,,,1,2,2,1,6
202100012764,2021-10-14 18:34:00,2021,10,14,18,34,34,34327,D613,43.649988,3.957632,Plein jour,En agglomération,Hors intersection,Normale,Deux véhicules - côté,7,2,2,0,1,1,1,0,1,70,,2,1,0,0,1,48.0,29.0,,,1,2,1,1,3
202100012765,2021-10-17 15:30:00,2021,10,17,15,30,63,63204,RD 54,45.826792,3.199017,Plein jour,Hors agglomération,Intersection en Y,Normale,Deux véhicules - côté,3,2,2,0,1,2,1,0,1,80,,2,1,1,0,0,54.0,58.0,,,1,1,4,1,3
202100012766,2021-09-12 18:39:00,2021,9,12,18,39,74,74243,2 R des Muguets,46.137598,6.079513,Plein jour,En agglomération,Hors intersection,Normale,Sans collision,9,2,2,0,2,3,1,0,3,50,,1,0,0,1,0,65.0,,,,1,2,1,1,7
202100012767,2021-10-17 07:50:00,2021,10,17,7,50,38,38051,D519,45.327892,4.879818,Plein jour,Hors agglomération,Hors intersection,Brouillard / fumée,Deux véhicules - frontale,3,2,2,0,1,1,1,0,1,80,,4,0,0,2,2,21.0,18.0,,,1,1,1,5,1
202100012768,2021-10-17 05:30:00,2021,10,17,5,30,38,38348,Impasse des Moulins,45.578428,5.305928,Nuit avec éclairage allumé,En agglomération,Hors intersection,Brouillard / fumée,Sans collision,3,2,2,0,2,1,2,0,1,80,,1,0,0,0,1,26.0,,,,5,2,1,5,7
202100012769,2021-10-12 20:15:00,2021,10,12,20,15,38,38087,D4,45.572596,4.811572,Nuit sans éclairage public,Hors agglomération,Hors intersection,Normale,Deux véhicules - frontale,3,2,2,0,1,1,1,0,1,80,,2,1,0,1,0,49.0,49.0,,,3,1,1,1,1
202100012770,2021-10-16 15:55:00,2021,10,16,15,55,69,69241,ESSES (DES) (RTE),45.6339860319,4.7321677208,Plein jour,Hors agglomération,Intersection en T,Normale,Deux véhicules - côté,3,2,2,0,1,1,1,0,1,80,,5,0,0,3,2,20.0,71.0,,,1,1,3,1,3
202100012771,2021-10-14 18:54:00,2021,10,14,18,54,69,69143,PARENTY (DE) (CHM),45.871317,4.846916,Crépuscule ou aube,Hors agglomération,Hors intersection,Normale,Deux véhicules - côté,9,2,2,0,1,1,1,0,8,50,,2,1,0,0,1,49.0,53.0,,,2,1,1,1,3
202100012772,2021-10-17 12:40:00,2021,10,17,12,40,79,79270,8 Avenue de Blossac,46.415942,-0.197796,Plein jour,En agglomération,Hors intersection,Normale,Deux véhicules - côté,3,2,2,0,1,1,1,0,1,50,,2,1,0,1,0,69.0,45.0,,,1,2,1,1,3
202100012773,2021-10-17 11:30:00,2021,10,17,11,30,17,17051,Rue de Bel-Air,46.19105,-1.369807,Plein jour,En agglomération,Intersection en X,Normale,Deux véhicules - côté,4,-1,2,0,1,1,1,0,1,50,,2,1,0,1,0,60.0,74.0,,,1,2,2,1,3
202100012774,2021-10-08 23:45:00,2021,10,8,23,45,40,40179,RD824,43.720048,-1.125004,Nuit sans éclairage public,Hors agglomération,Hors intersection,Normale,Autre collision,3,1,4,0,1,1,1,0,1,110,,1,0,0,0,1,24.0,,,,3,1,1,1,6
202100012775,2021-09-29 16:00:00,2021,9,29,16,0,33,33056,Avenue du 11 Novembre,44.911826,-0.624987,Plein jour,En agglomération,Hors intersection,Normale,Autre collision,4,2,3,0,1,1,1,0,1,50,,2,1,0,0,1,41.0,,,,1,2,1,1,6
202100012776,2021-10-17 18:50:00,2021,10,17,18,50,50,50048,D975,48.868748,-1.173359,Crépuscule ou aube,Hors agglomération,Intersection en X,Normale,Deux véhicules - côté,3,2,2,0,1,1,1,0,1,80,,3,0,0,1,2,24.0,18.0,,,2,1,2,1,3
202100012777,2021-10-17 14:01:00,2021,10,17,14,1,22,22155,La Biche,48.235631,-2.720709,Plein jour,Hors agglomération,Autre intersection,Normale,Deux véhicules - arrière,3,2,2,0,2,3,1,9,1,80,,2,1,0,1,0,45.0,38.0,,,1,1,9,1,2
202100012778,2021-10-17 20:40:00,2021,10,17,20,40,35,35228,D 266 PK 4,48.602733,-2.056917,Nuit sans éclairage public,Hors agglomération,Hors intersection,Normale,Deux véhicules - frontale,3,2,2,0,2,1,2,0,1,80,,5,4,0,1,0,42.0,27.0,,,3,1,1,1,1
202100012779,2021-10-17 14:15:00,2021,10,17,14,15,27,27701,D110,49.286616,1.221322,Plein jour,Hors agglomération,Intersection en T,Normale,Deux véhicules - arrière,3,2,2,0,1,1,1,0,1,70,,2,1,0,1,0,34.0,21.0,,,1,1,3,1,2
202100012780,2021-10-13 20:35:00,2021,10,13,20,35,27,27517,c17,49.127105,1.358083,Nuit sans éclairage public,Hors agglomération,Hors intersection,Normale,Sans collision,4,2,2,0,1,1,1,0,1,80,,1,0,0,1,0,64.0,,,,3,1,1,1,7
202100012781,2021-10-08 14:05:00,2021,10,8,14,5,59,59581,Rue du pont de pierre,50.7065921847,2.7650366677,Plein jour,En agglomération,Hors intersection,Normale,Deux véhicules - frontale,3,2,2,0,1,1,1,0,1,50,,2,0,0,1,1,61.0,62.0,,,1,2,1,1,1
202100012782,2021-10-16 15:00:00,2021,10,16,15,0,13,13055,A507 sens Aubagne- Marseille,43.32981,5.41235,Plein jour,Hors agglomération,Hors intersection,Normale,Deux véhicules - arrière,1,1,2,0,1,1,1,0,1,70,,3,1,0,0,2,49.0,21.0,,,1,1,1,1,2
202100012783,2021-10-16 23:12:00,2021,10,16,23,12,13,13055,A507 sens Marseille - Aubagne,43.287805,5.424682,Nuit avec éclairage allumé,Hors agglomération,Hors intersection,Normale,Deux véhicules - arrière,1,1,2,0,1,2,1,1,1,70,,2,1,0,0,1,25.0,22.0,,,5,1,1,1,2
202100012784,2021-10-15 23:00:00,2021,10,15,23,0,13,13211,A50-Sens Aubagne vers Marseille,43.285369,5.424662,Nuit avec éclairage allumé,Hors agglomération,Hors intersection,Normale,Deux véhicules - côté,1,3,2,0,2,1,1,1,1,70,,2,1,0,0,1,43.0,55.0,,,5,1,1,1,3
202100012785,2021-10-15 20:35:00,2021,10,15,20,35,13,13215,A55-Sens Martigues vers Marseille,43.33285,5.3541,Nuit avec éclairage allumé,Hors agglomération,Hors intersection,Normale,Deux véhicules - arrière,1,1,3,0,1,1,1,0,1,90,,2,1,0,0,1,20.0,49.0,,,5,1,1,1,2
202100012786,2021-10-16 06:45:00,2021,10,16,6,45,13,13210,A50-Sens Aubagne vers Marseille,43.28394,5.40256,Nuit avec éclairage allumé,Hors agglomération,Hors intersection,Normale,Autre collision,1,1,3,0,1,1,1,0,1,70,,2,1,0,0,1,39.0,,,,5,1,1,1,6
202100012787,2021-10-12 18:10:00,2021,10,12,18,10,69,69271,N346   34.850 A 36.215,45.7504970901,4.986576587,Plein jour,Hors agglomération,Hors intersection,Normale,Deux véhicules - arrière,2,3,4,0,3,1,1,0,1,90,,2,1,0,0,1,41.0,22.0,,,1,1,1,1,2
202100012788,2021-10-17 12:30:00,2021,10,17,12,30,33,33063,ROCADE A 630,44.882465,-0.550574,Plein jour,Hors agglomération,Hors intersection,Normale,Trois véhicules et plus - en chaîne,1,3,6,0,1,1,1,0,1,70,,6,5,0,0,1,27.0,51.0,,,1,1,1,1,4
202100012789,2021-10-17 15:10:00,2021,10,17,15,10,91,91689,AUTOROUTE A6A,48.74157,2.32078,Plein jour,Hors agglomération,Hors intersection,Normale,Deux véhicules - frontale,1,1,5,0,1,1,1,0,1,90,,2,0,0,0,2,24.0,31.0,,,1,1,1,1,1
202100012790,2021-10-17 09:40:00,2021,10,17,9,40,91,91645,RN 385 Extèrieure,48.7607440032,2.2527298445,Plein jour,Hors agglomération,Hors intersection,Normale,Autre collision,2,3,4,0,1,1,1,0,1,110,,1,0,0,0,1,32.0,,,,1,1,1,1,6
202100012791,2021-10-16 19:30:00,2021,10,16,19,30,91,91179,AUTOROUTE A6,48.56709,2.47275,Nuit sans éclairage public,Hors agglomération,Hors intersection,Normale,Sans collision,1,1,3,0,1,1,1,0,1,110,,3,0,0,0,3,30.0,,,,3,1,1,1,7
202100012792,2021-10-16 20:15:00,2021,10,16,20,15,95,95572,RN 184,49.04744,2.13217,Nuit sans éclairage public,Hors agglomération,Hors intersection,Normale,Trois véhicules et plus - collisions multiples,2,1,6,0,1,1,1,0,1,90,,3,2,0,0,1,58.0,60.0,,,3,1,1,1,5
202100012793,2021-10-16 20:10:00,2021,10,16,20,10,93,93078,AUTOROUTE A104,48.96174,2.5456,Nuit sans éclairage public,Hors agglomération,Hors intersection,Normale,Trois véhicules et plus - en chaîne,1,3,6,0,1,1,1,0,1,90,,4,3,0,0,1,36.0,36.0,,,3,1,1,1,4
202100012794,2021-10-17 08:45:00,2021,10,17,8,45,93,93064,AUTOROUTE A86,48.87365,2.47956,Plein jour,Hors agglomération,Hors intersection,Normale,Deux véhicules - arrière,1,3,3,0,1,1,1,0,1,90,,3,2,0,0,1,,41.0,,,1,1,1,1,2
202100012795,2021-10-17 06:15:00,2021,10,17,6,15,93,93006,AUTOROUTE A3,48.86657,2.42461,Nuit sans éclairage public,Hors agglomération,Hors intersection,Normale,Trois véhicules et plus - en chaîne,1,1,4,0,1,1,1,1,1,90,,4,2,0,0,2,41.0,34.0,,,3,1,1,1,4
202100012796,2021-10-16 23:10:00,2021,10,16,23,10,93,93039,AUTOROUTE A86,48.92728,2.33487,Nuit avec éclairage allumé,Hors agglomération,Hors intersection,Normale,Deux véhicules - arrière,1,3,6,0,1,1,1,2,1,70,,5,4,0,0,1,23.0,50.0,,,5,1,1,1,2
202100012797,2021-10-16 16:00:00,2021,10,16,16,0,93,93066,AUTOROUTE A1,48.91939,2.35752,Plein jour,Hors agglomération,Hors intersection,Normale,Deux véhicules - arrière,1,3,8,0,1,1,1,0,1,90,,2,1,0,0,1,33.0,47.0,,,1,1,1,1,2
202100012798,2021-10-17 17:00:00,2021,10,17,17,0,77,77121,RN104,48.834077,2.665679,Plein jour,Hors agglomération,Hors intersection,Normale,Autre collision,1,1,3,0,1,3,9,0,1,90,,2,1,0,0,1,20.0,,,,1,1,1,1,6
202100012799,2021-10-17 08:20:00,2021,10,17,8,20,94,94073,A86 EXT,48.7536989552,2.3792266846,Crépuscule ou aube,Hors agglomération,Hors intersection,Normale,Deux véhicules - arrière,1,1,5,0,1,1,1,0,1,90,,2,0,0,0,2,30.0,24.0,,,2,1,1,1,2
202100012800,2021-10-17 07:50:00,2021,10,17,7,50,77,77169,RN104,48.820545,2.615646,Crépuscule ou aube,Hors agglomération,Hors intersection,Normale,Sans collision,2,2,4,0,1,1,1,0,1,110,,2,1,0,0,1,33.0,,,,2,1,1,1,7
202100012801,2021-10-17 01:10:00,2021,10,17,1,10,94,94028,A86 INT,48.78689,2.43995,Nuit sans éclairage public,Hors agglomération,Hors intersection,Normale,Deux véhicules - arrière,1,3,4,0,1,1,1,0,1,90,,1,0,0,0,1,29.0,,,,3,1,1,1,2
202100012802,2021-10-16 05:20:00,2021,10,16,5,20,94,94081,A86 EXT,48.7740997838,2.4089615958,Nuit sans éclairage public,Hors agglomération,Hors intersection,Normale,Deux véhicules - arrière,1,1,3,0,1,1,1,0,1,90,,2,1,0,0,1,30.0,33.0,,,3,1,1,1,2
202100012803,2021-10-16 15:45:00,2021,10,16,15,45,974,97411,CHATEL (JEAN),-20.88097,55.45065,Plein jour,En agglomération,Intersection en X,Normale,Deux véhicules - côté,4,1,2,0,1,1,1,0,1,30,,3,1,0,0,2,69.0,45.0,,,1,2,2,1,3
202100012804,2021-10-15 16:30:00,2021,10,15,16,30,974,97407,BELLEAU REMI(RUELLE),-20.94001,55.29731,Plein jour,En agglomération,Autre intersection,Normale,Autre collision,4,1,1,0,1,2,1,0,1,30,,4,3,0,0,1,14.0,26.0,,,1,2,9,1,6
202100012805,2021-10-17 02:00:00,2021,10,17,2,0,973,97309,TROUBIRAN (CHEMIN DE),4.9152,-52.31064,Nuit avec éclairage allumé,Hors agglomération,Intersection en T,Normale,Sans collision,3,2,2,0,2,1,1,5,1,50,,1,0,0,0,1,47.0,,,,5,1,3,1,7
202100012806,2021-10-14 09:55:00,2021,10,14,9,55,973,97302,MADELEINE (ROUTE DE LA),4.9143533906,-52.3209475279,Plein jour,En agglomération,Hors intersection,Normale,Sans collision,3,2,2,0,1,4,1,0,1,50,,1,0,0,0,1,25.0,,,,1,2,1,1,7
202100012807,2021-10-16 11:20:00,2021,10,16,11,20,973,97302,MADELEINE (ROUTE DE LA),4.9136518092,-52.3207104207,Plein jour,En agglomération,Hors intersection,Normale,Autre collision,4,2,2,0,1,1,1,0,1,50,,2,1,0,0,1,38.0,,,,1,2,1,1,6
202100012808,2021-10-16 10:37:00,2021,10,16,10,37,973,97302,MENTEL,4.93602,-52.3357,Plein jour,En agglomération,Hors intersection,Normale,Deux véhicules - côté,4,1,1,0,2,1,1,0,1,50,,2,1,0,0,1,31.0,32.0,,,1,2,1,1,3
202100012809,2021-10-16 23:35:00,2021,10,16,23,35,69,69387,GAMBETTA (CR),45.7502668044,4.857378602,Nuit avec éclairage allumé,En agglomération,Hors intersection,Normale,Deux véhicules - arrière,4,1,2,3,1,1,1,0,1,50,,2,0,0,0,2,35.0,34.0,,,5,2,1,1,2
202100012810,2021-10-16 15:30:00,2021,10,16,15,30,69,69383,VICTOR AUGAGNEUR (Q),45.76203,4.84125,Plein jour,En agglomération,Hors intersection,Normale,Deux véhicules - frontale,4,1,3,1,1,1,1,0,5,50,,2,0,0,0,2,29.0,35.0,,,1,2,1,1,1
202100012811,2021-10-15 16:09:00,2021,10,15,16,9,972,97209,BALATA (ROUTE DE),14.61814,-61.07105,Plein jour,En agglomération,Hors intersection,Normale,Deux véhicules - côté,2,2,2,0,4,1,1,0,1,50,,2,1,0,0,1,61.0,36.0,,,1,2,1,1,3
202100012812,2021-10-17 02:25:00,2021,10,17,2,25,69,69266,LAURENT BONNEVAY (BD),45.7848483675,4.8640680313,Nuit avec éclairage allumé,En agglomération,Hors intersection,Brouillard / fumée,Sans collision,4,3,4,0,1,3,1,0,1,50,,1,0,0,0,1,26.0,,,,5,2,1,5,7
202100012813,2021-10-16 16:05:00,2021,10,16,16,5,69,69381,LATTRE DE TASSIGNY (DE) (PT),45.7724460153,4.839206636,Plein jour,En agglomération,Hors intersection,Normale,Deux véhicules - arrière,4,2,5,3,1,1,1,0,1,50,,4,2,0,0,2,55.0,31.0,,,1,2,1,1,2
202100012814,2021-10-16 03:20:00,2021,10,16,3,20,95,95277,EUROPE (ROUTE DE L'),48.986851,2.478541,Nuit sans éclairage public,Hors agglomération,Hors intersection,Temps couvert,Autre collision,3,2,2,1,1,1,1,0,3,80,,1,0,1,0,0,24.0,,,,3,1,1,8,6
202100012815,2021-10-16 14:05:00,2021,10,16,14,5,91,91549,EPERON (AVENUE DE L'),48.64072,2.33645,Plein jour,En agglomération,Intersection en X,Normale,Deux véhicules - côté,4,2,2,0,1,1,1,0,1,50,,4,3,0,0,1,50.0,35.0,,,1,2,2,1,3
202100012816,2021-10-13 18:00:00,2021,10,13,18,0,91,91425,RTE DES TEMPLIERS,48.64732,2.26536,Plein jour,En agglomération,Autre intersection,Normale,Autre collision,4,2,2,0,1,1,1,9,1,30,,2,1,0,0,1,26.0,,,,1,2,9,1,6
202100012817,2021-10-16 16:40:00,2021,10,16,16,40,91,91326,MONTTESSUY (RUE DE),48.68448,2.38279,Plein jour,En agglomération,Intersection en T,Normale,Deux véhicules - côté,3,2,2,0,1,1,1,0,1,50,,2,1,0,0,1,30.0,23.0,,,1,2,3,1,3
202100012818,2021-10-16 16:35:00,2021,10,16,16,35,91,91479,RTE DE FONTAINEBLEAU,48.718924,2.370727,Plein jour,En agglomération,Hors intersection,Normale,Deux véhicules - arrière,3,1,2,0,1,1,1,0,1,50,,4,3,0,0,1,35.0,31.0,,,1,2,1,1,2
202100012819,2021-10-16 17:05:00,2021,10,16,17,5,77,77181,ROTHSCHILD (RUE DE  ),48.8264787929,2.7059938933,Plein jour,En agglomération,Autre intersection,Normale,Autre collision,4,2,0,0,1,3,1,0,1,30,,3,1,0,0,2,39.0,,,,1,2,9,1,6
202100012820,2021-10-16 17:00:00,2021,10,16,17,0,76,76681,EAUPLET. RUE D',49.4208098964,1.1042458111,Plein jour,Hors agglomération,Hors intersection,Normale,Deux véhicules - arrière,4,3,4,0,1,1,1,0,1,50,,3,1,0,0,2,50.0,28.0,,,1,1,1,1,2
202100012821,2021-10-15 07:40:00,2021,10,15,7,40,74,74012,VAILLAT (RUE LEANDRE),46.19062,6.23712,Crépuscule ou aube,En agglomération,Hors intersection,Normale,Autre collision,4,2,2,0,1,1,1,9,1,50,,2,1,0,0,1,25.0,,,,2,2,1,1,6
202100012822,2021-10-16 13:00:00,2021,10,16,13,0,71,71076,ARNAL (RUE RAYMOND),46.79246129,4.8538901429,Plein jour,En agglomération,Intersection en X,Normale,Deux véhicules - côté,4,3,2,0,1,1,1,5,1,50,,2,1,0,0,1,44.0,58.0,,,1,2,2,1,3
202100012823,2021-10-16 23:30:00,2021,10,16,23,30,69,69256,PAUL MARCELLIN (R),45.76801,4.9365,Nuit avec éclairage allumé,En agglomération,Intersection en X,Brouillard / fumée,Deux véhicules - arrière,7,2,2,0,1,1,1,0,1,50,,4,2,0,0,2,26.0,24.0,,,5,2,2,5,2
202100012824,2021-10-16 05:40:00,2021,10,16,5,40,69,69282,REPUBLIQUE (DE) (R),45.7601,5.031,Nuit avec éclairage allumé,En agglomération,Autre intersection,Normale,Deux véhicules - côté,7,1,2,0,1,2,1,9,1,50,,2,1,0,0,1,19.0,54.0,,,5,2,9,1,3
202100012825,2021-10-15 08:25:00,2021,10,15,8,25,69,69266,BIENVENUS (DES) (R),45.77451,4.8846,Plein jour,En agglomération,Intersection en T,Normale,Autre collision,4,1,1,0,1,1,1,0,1,50,,2,1,0,0,1,45.0,,,,1,2,3,1,6
202100012826,2021-10-16 09:00:00,2021,10,16,9,0,69,69264,THIZY (DE) (R),45.9839864128,4.7393667698,Plein jour,En agglomération,Hors intersection,Temps éblouissant,Autre collision,3,1,2,0,1,1,1,0,1,50,,1,0,0,0,1,87.0,,,,1,2,1,7,6
202100012827,2021-10-13 12:20:00,2021,10,13,12,20,68,68376,SCHWEITZER (RUE DU DR ALBERT),47.81649,7.32674,Plein jour,En agglomération,Giratoire,Normale,Autre collision,3,2,2,0,1,1,1,5,1,50,,2,1,0,1,0,56.0,11.0,,,1,2,6,1,6
202100012828,2021-10-16 01:20:00,2021,10,16,1,20,64,64122,MAC CROSKEY ( AVENUE DU GENERAL),43.49279,-1.54799,Nuit avec éclairage allumé,En agglomération,Hors intersection,Normale,Sans collision,4,2,2,0,1,1,1,0,1,30,,1,0,0,0,1,19.0,,,,5,2,1,1,7
202100012829,2021-10-16 13:05:00,2021,10,16,13,5,60,60175,VAN GOGH (ALLEE),49.2503471216,2.4726993053,Plein jour,Hors agglomération,Hors intersection,Normale,Sans collision,4,1,1,0,1,1,1,0,1,30,,2,1,0,0,1,,,,,1,1,1,1,7
202100012830,2021-10-16 03:35:00,2021,10,16,3,35,59,59350,GAMBETTA LEON RUE,50.6312754544,3.0591022968,Nuit avec éclairage allumé,En agglomération,Hors intersection,Normale,Autre collision,4,2,2,0,1,1,1,0,1,30,,2,1,0,0,1,28.0,,,,5,2,1,1,6
202100012831,2021-10-16 18:00:00,2021,10,16,18,0,54,54304,ZOLA (RUE EMILE),48.6814245596,6.1566675633,Plein jour,En agglomération,Hors intersection,Normale,Autre collision,4,2,2,0,1,1,1,0,1,50,,2,1,0,0,1,30.0,,,,1,2,1,1,6
202100012832,2021-10-16 14:50:00,2021,10,16,14,50,54,54578,OUDILLE (RUE CHARLES),48.67212,6.14424,Plein jour,En agglomération,Intersection en T,Normale,Deux véhicules - côté,7,1,1,2,2,1,1,-1,1,50,,2,1,0,0,1,56.0,52.0,,,1,2,3,1,3