accident_id,datetime,annee,mois,jour,heure,minute,departement,commune_insee,adresse,latitude,longitude,luminosite,agglomeration,intersection,meteo,collision,catr,circ,nbv,vosp,prof,plan,surf,infra,situ,vma,nb_vehicules,nb_usagers,nb_indemnes,nb_tues,nb_blesses_hosp,nb_blesses_legers,age_cond_1,age_cond_2,veh_type_cond_1,veh_type_cond_2,lum_code,agg_code,int_code,atm_code,col_code
202100012833,2021-10-16 17:30:00,2021,10,16,17,30,51,51454,Rue Germaine Tillion,49.26662023,4.0756192803,Plein jour,En agglomération,Hors intersection,Normale,Deux véhicules - frontale,4,-1,0,0,1,1,9,0,8,50,,2,0,0,2,0,15.0,15.0,,,1,2,1,1,1
202100012834,2021-10-16 14:05:00,2021,10,16,14,5,45,45234,Rue de la Republique,47.90507,1.90464,Plein jour,En agglomération,Intersection en T,Normale,Deux véhicules - côté,4,1,1,2,1,1,1,6,1,30,,2,1,0,0,1,17.0,47.0,,,1,2,3,1,3
202100012835,2021-10-16 21:05:00,2021,10,16,21,5,37,37261,VENIEN (RUE THEOPHANE),47.3806035008,0.6985269172,Nuit avec éclairage allumé,En agglomération,Intersection en T,Normale,Deux véhicules - côté,4,2,2,0,1,1,1,0,1,50,,6,5,0,0,1,21.0,26.0,,,5,2,3,1,3
202100012836,2021-10-16 20:00:00,2021,10,16,20,0,37,37261,COLOMBIER (RUE),47.4220156382,0.7050404325,Nuit avec éclairage allumé,En agglomération,Hors intersection,Normale,Autre collision,4,2,2,0,1,1,1,0,1,50,,3,2,0,1,0,26.0,20.0,,,5,2,1,1,6
202100012837,2021-10-16 05:45:00,2021,10,16,5,45,37,37261,BERANGER (BOULEVARD),47.38899,0.67899,Nuit sans éclairage public,En agglomération,Hors intersection,Normale,Autre collision,4,2,4,0,1,1,1,0,1,50,,1,0,0,0,1,28.0,,,,3,2,1,1,6
202100012838,2021-10-15 19:45:00,2021,10,15,19,45,37,37261,WAGNER (BOULEVARD RICHARD),47.3768828614,0.7133978605,Nuit avec éclairage allumé,En agglomération,Intersection en T,Normale,Deux véhicules - côté,4,3,2,0,1,1,1,5,1,50,,3,2,0,0,1,51.0,40.0,,,5,2,3,1,3
202100012839,2021-10-15 17:00:00,2021,10,15,17,0,37,37261,FRANCE (PLACE ANATOLE),47.396767957,0.6861933511,Plein jour,En agglomération,Intersection en X,Normale,Autre collision,4,2,2,3,1,1,1,9,6,50,,2,1,0,1,0,30.0,,,,1,2,2,1,6
202100012840,2021-10-16 11:25:00,2021,10,16,11,25,35,35238,VERN (DE),48.09709,-1.65378,Plein jour,En agglomération,Intersection en T,Normale,Deux véhicules - côté,4,2,4,3,2,1,1,0,1,50,,2,1,0,0,1,21.0,53.0,,,1,2,3,1,3
202100012841,2021-10-16 06:30:00,2021,10,16,6,30,35,35238,BRETAGNE (PLACE DE),48.10933,-1.68448,Nuit avec éclairage allumé,En agglomération,Place,Normale,Autre collision,4,1,1,0,1,1,1,0,1,50,,2,1,0,0,1,19.0,,,,5,2,7,1,6
202100012842,2021-10-16 08:50:00,2021,10,16,8,50,33,33281,Avenue René Cassin,44.832197,-0.673,Plein jour,Hors agglomération,Intersection en X,Temps éblouissant,Deux véhicules - côté,1,1,2,0,1,1,1,0,1,50,,2,1,0,1,0,22.0,60.0,,,1,1,2,7,3
202100012843,2021-10-16 05:00:00,2021,10,16,5,0,33,33522,RUE DE LA MISSION DU HAUT BRION,44.81772,-0.60179,Nuit avec éclairage allumé,En agglomération,Hors intersection,Normale,Deux véhicules - arrière,4,3,6,1,1,2,1,0,1,50,,2,1,0,0,1,,41.0,,,5,2,1,1,2
202100012844,2021-10-16 19:35:00,2021,10,16,19,35,31,31555,AV JEAN RIEUX,43.59836,1.45685,Nuit avec éclairage allumé,En agglomération,Intersection en X,Normale,Deux véhicules - côté,4,2,0,0,1,1,1,0,1,50,,3,1,0,2,0,51.0,22.0,,,5,2,2,1,3
202100012845,2021-10-16 11:05:00,2021,10,16,11,5,29,29232,Rue Jean Jaures,47.99357,-4.09917,Plein jour,En agglomération,Intersection en T,Normale,Deux véhicules - côté,4,1,2,0,1,1,1,5,1,30,,2,1,0,0,1,23.0,59.0,,,1,2,3,1,3
202100012846,2021-10-16 16:23:00,2021,10,16,16,23,29,29039,Rue de Quimper,47.889182,-3.917816,Plein jour,En agglomération,Hors intersection,Normale,Deux véhicules - arrière,4,3,2,0,1,1,1,0,1,50,,2,1,0,0,1,46.0,20.0,,,1,2,1,1,2
202100012847,2021-10-16 12:00:00,2021,10,16,12,0,29,29019,Avenue Georges Pompidou,48.41397,-4.47943,Plein jour,En agglomération,Giratoire,Normale,Deux véhicules - arrière,4,3,2,0,3,1,1,5,1,50,,2,1,0,0,1,32.0,30.0,,,1,2,6,1,2
202100012848,2021-10-16 04:50:00,2021,10,16,4,50,29,29019,Avenue Salaun Penquer,48.38415,-4.48437,Nuit avec éclairage allumé,En agglomération,Hors intersection,Normale,Autre collision,4,2,0,0,3,2,1,0,4,50,,2,1,0,0,1,22.0,,,,5,2,1,1,6
202100012849,2021-10-16 21:20:00,2021,10,16,21,20,26,26252,Route Nationale 7,44.873386,4.865474,Nuit sans éclairage public,Hors agglomération,Hors intersection,Normale,Deux véhicules - frontale,2,2,3,0,1,2,1,0,1,70,,2,1,0,0,1,46.0,56.0,,,3,1,1,1,1
202100012850,2021-10-16 22:10:00,2021,10,16,22,10,26,26362,Chemin de Porte Maure,44.895315,4.910972,Nuit sans éclairage public,Hors agglomération,Hors intersection,Normale,Autre collision,4,2,2,0,1,1,1,0,1,80,,3,2,1,0,0,27.0,,,,3,1,1,1,6
202100012851,2021-10-16 17:45:00,2021,10,16,17,45,25,25539,BANNOT (RUE DU),47.4592,6.8568,Plein jour,En agglomération,Intersection en Y,Normale,Autre collision,3,2,2,0,2,3,1,0,1,50,,2,0,0,2,0,65.0,,,,1,2,4,1,6
202100012852,2021-10-15 16:50:00,2021,10,15,16,50,22,22113,PARK NEVEZ (AVENUE DE),48.72978,-3.44866,Plein jour,En agglomération,Hors intersection,Normale,Deux véhicules - arrière,4,2,2,0,1,1,1,0,1,30,,2,1,0,1,0,50.0,14.0,,,1,2,1,1,2
202100012853,2021-10-16 13:32:00,2021,10,16,13,32,17,17333,COTE DE BEAUTE (BOULEVARD),45.58939,-0.98879,Plein jour,En agglomération,Hors intersection,Normale,Autre collision,3,3,2,0,1,1,1,0,4,30,,3,1,0,0,2,14.0,,,,1,2,1,1,6
202100012854,2021-10-16 09:20:00,2021,10,16,9,20,17,17028,LYSIACK   AVENUE DU COMMANDANT,46.137032,-1.126104,Plein jour,En agglomération,Hors intersection,Temps éblouissant,Deux véhicules - arrière,4,3,4,2,1,1,1,0,1,30,,2,1,0,0,1,28.0,79.0,,,1,2,1,7,2
202100012855,2021-10-15 17:57:00,2021,10,15,17,57,17,17300,CARNOT   AVENUE,46.1651,-1.18516,Plein jour,En agglomération,Hors intersection,Normale,Deux véhicules - côté,4,2,4,1,1,1,1,0,5,50,,2,1,0,0,1,45.0,56.0,,,1,2,1,1,3
202100012856,2021-10-16 08:00:00,2021,10,16,8,0,14,14118,COLBERT (RUE JEAN-BAPTISTE),49.21021,-0.36758,Plein jour,En agglomération,Intersection en T,Brouillard / fumée,Autre collision,3,2,4,2,1,1,2,5,1,50,,2,1,0,0,1,32.0,,,,1,2,3,5,6
202100012857,2021-10-16 20:30:00,2021,10,16,20,30,13,13210,RABATAU (BOULEVARD),43.2763771351,5.3973902002,Nuit avec éclairage allumé,En agglomération,Hors intersection,Normale,Deux véhicules - côté,4,2,2,0,1,1,1,0,1,50,,2,1,0,0,1,40.0,35.0,,,5,2,1,1,3
202100012858,2021-10-16 06:25:00,2021,10,16,6,25,13,13214,CAPITAINE GEZE (BOULEVARD),43.3305302812,5.3710457246,Nuit avec éclairage allumé,En agglomération,Hors intersection,Normale,Autre collision,7,1,2,0,1,1,1,0,1,50,,2,1,0,0,1,,,,,5,2,1,1,6
202100012859,2021-10-16 00:30:00,2021,10,16,0,30,13,13213,CHATEAU GOMBERT CHEMIN,43.34929,5.4311,Nuit avec éclairage allumé,En agglomération,Autre intersection,Normale,Deux véhicules - frontale,4,2,2,0,1,1,1,0,1,50,,2,1,0,0,1,40.0,44.0,,,5,2,9,1,1
202100012860,2021-10-16 09:47:00,2021,10,16,9,47,10,10387,QUATORZE JUILLET (RUE DU),48.2941468325,4.0778331086,Plein jour,En agglomération,Intersection en X,Brouillard / fumée,Autre collision,4,1,2,1,1,1,1,0,5,50,,2,1,0,0,1,27.0,23.0,,,1,2,2,5,6
202100012861,2021-10-16 15:00:00,2021,10,16,15,0,75,75112,ECHANGEUR BERCY,48.827765,2.393486,Plein jour,En agglomération,Hors intersection,Normale,Deux véhicules - arrière,4,1,4,0,1,1,1,0,1,70,,2,1,0,0,1,54.0,33.0,,,1,2,1,1,2
202100012862,2021-10-15 19:30:00,2021,10,15,19,30,75,75117,PORTE D ASNIERES,48.890115,2.29852,Crépuscule ou aube,En agglomération,Hors intersection,Normale,Deux véhicules - côté,4,1,4,0,1,1,1,1,1,70,,2,1,0,0,1,26.0,56.0,,,2,2,1,1,3
202100012863,2021-10-15 17:10:00,2021,10,15,17,10,75,75117,PORTE D ASNIERES,48.891371,2.300476,Plein jour,En agglomération,Hors intersection,Normale,Deux véhicules - arrière,4,-1,4,0,1,1,1,0,1,70,,2,1,0,1,0,50.0,59.0,,,1,2,1,1,2
202100012864,2021-10-15 04:00:00,2021,10,15,4,0,75,75112,PORTE DOREE,48.834557,2.410471,Nuit avec éclairage allumé,En agglomération,Hors intersection,Normale,Deux véhicules - arrière,4,1,4,3,1,1,1,0,1,70,,2,1,0,0,1,28.0,43.0,,,5,2,1,1,2
202100012865,2021-10-16 20:00:00,2021,10,16,20,0,75,75120,RUE DE MENILMONTANT,48.870085,2.399753,Nuit avec éclairage allumé,En agglomération,Intersection en X,Normale,Autre collision,4,2,2,0,3,1,1,0,1,30,,2,1,0,0,1,46.0,,,,5,2,2,1,6
202100012866,2021-10-16 16:15:00,2021,10,16,16,15,75,75118,AVENUE DE LA PORTE DE CLIGNANCOURT,48.899337,2.344059,Plein jour,En agglomération,Intersection en T,Normale,Deux véhicules - arrière,4,2,5,0,1,1,1,0,1,30,,2,1,0,0,1,40.0,,,,1,2,3,1,2
202100012867,2021-10-16 09:55:00,2021,10,16,9,55,75,75117,BOULEVARD BESSIERES,48.897578,2.324176,Plein jour,En agglomération,Intersection à plus de 4 branches,Normale,Deux véhicules - côté,4,2,2,0,1,1,1,0,1,30,,2,1,0,0,1,17.0,56.0,,,1,2,5,1,3
202100012868,2021-10-16 17:00:00,2021,10,16,17,0,75,75116,ROUTE DE LA PTE DAUPHINE A LA PTE DES SA,48.874406,2.271366,Plein jour,En agglomération,Hors intersection,Normale,Deux véhicules - côté,4,3,2,0,1,1,1,0,1,50,,2,1,0,0,1,55.0,65.0,,,1,2,1,1,3
202100012869,2021-10-16 21:10:00,2021,10,16,21,10,75,75116,AVENUE GEORGES MANDEL,48.863492,2.281584,Nuit avec éclairage allumé,En agglomération,Intersection en X,Normale,Deux véhicules - arrière,4,1,2,0,1,1,1,0,1,30,,4,3,0,0,1,63.0,27.0,,,5,2,2,1,2
202100012870,2021-10-16 05:30:00,2021,10,16,5,30,75,75116,BOULEVARD THIERRY DE MARTEL,48.875535,2.27907,Nuit avec éclairage allumé,En agglomération,Intersection en T,Normale,Autre collision,4,2,2,0,1,2,1,8,1,50,,1,0,0,0,1,46.0,,,,5,2,3,1,6
202100012871,2021-10-15 09:25:00,2021,10,15,9,25,75,75116,PLACE CHARLES DE GAULLE,48.874089,2.294165,Plein jour,En agglomération,Place,Normale,Deux véhicules - côté,4,1,6,0,1,1,1,0,1,50,,2,1,0,0,1,43.0,23.0,,,1,2,7,1,3
202100012872,2021-10-15 17:39:00,2021,10,15,17,39,75,75114,AVENUE MAURICE D OCAGNE,48.824803,2.31268,Plein jour,En agglomération,Hors intersection,Normale,Deux véhicules - côté,4,2,2,0,1,1,1,0,1,30,,2,1,0,0,1,79.0,31.0,,,1,2,1,1,3
202100012873,2021-10-16 18:10:00,2021,10,16,18,10,75,75113,RUE DE TOLBIAC,48.828234,2.37248,Plein jour,En agglomération,Hors intersection,Normale,Autre collision,4,2,3,3,2,1,1,0,1,30,,2,1,0,0,1,,,,,1,2,1,1,6
202100012874,2021-10-16 17:35:00,2021,10,16,17,35,75,75113,BOULEVARD MASSENA,48.822666,2.372837,Plein jour,En agglomération,Intersection en T,Normale,Deux véhicules - côté,4,3,2,1,2,1,1,0,1,30,,2,1,0,0,1,38.0,66.0,,,1,2,3,1,3
202100012875,2021-10-16 13:00:00,2021,10,16,13,0,75,75112,AVENUE DU TREMBLAY,48.827057,2.464548,Plein jour,En agglomération,Intersection en X,Normale,Deux véhicules - arrière,4,3,2,0,1,1,1,0,1,50,,2,1,0,0,1,65.0,44.0,,,1,2,2,1,2
202100012876,2021-10-15 09:35:00,2021,10,15,9,35,75,75112,ROUTE DE LA PYRAMIDE,48.834597,2.444204,Plein jour,En agglomération,Hors intersection,Normale,Deux véhicules - côté,4,2,2,0,1,1,1,0,1,50,,2,1,0,0,1,28.0,27.0,,,1,2,1,1,3
202100012877,2021-10-16 16:00:00,2021,10,16,16,0,75,75111,BOULEVARD VOLTAIRE,48.85702,2.381444,Plein jour,En agglomération,Hors intersection,Normale,Autre collision,4,2,4,1,1,1,1,0,1,30,,3,2,0,0,1,73.0,,,,1,2,1,1,6
202100012878,2021-10-16 04:25:00,2021,10,16,4,25,75,75111,RUE DE CHARONNE,48.854557,2.384728,Nuit sans éclairage public,En agglomération,Intersection en T,Normale,Deux véhicules - arrière,4,2,2,0,1,1,1,0,1,30,,3,1,0,0,2,40.0,,,,3,2,3,1,2
202100012879,2021-10-16 08:36:00,2021,10,16,8,36,75,75102,AVENUE DE L OPERA,48.869041,2.332954,Plein jour,En agglomération,Intersection en T,Normale,Deux véhicules - côté,4,2,4,3,1,1,1,-1,6,30,,2,1,0,0,1,25.0,27.0,,,1,2,3,1,3
202100012880,2021-10-16 03:30:00,2021,10,16,3,30,75,75109,RUE TAITBOUT,48.87684,2.335467,Nuit avec éclairage allumé,En agglomération,Intersection en X,Normale,Deux véhicules - côté,4,1,1,1,2,1,2,0,1,30,,4,2,0,0,2,42.0,32.0,,,5,2,2,1,3
202100012881,2021-10-16 04:00:00,2021,10,16,4,0,75,75109,BOULEVARD DE LA MADELEINE,48.86973,2.326492,Nuit avec éclairage allumé,En agglomération,Intersection en T,Normale,Sans collision,4,2,4,0,1,1,1,0,1,30,,2,0,0,0,2,34.0,,,,5,2,3,1,7
202100012882,2021-10-16 15:15:00,2021,10,16,15,15,75,75101,PLACE DU CHATELET,48.857704,2.347757,Plein jour,En agglomération,Place,Normale,Deux véhicules - arrière,4,1,4,0,1,1,1,0,1,30,,2,1,0,0,1,31.0,37.0,,,1,2,7,1,2
202100012883,2021-10-16 01:25:00,2021,10,16,1,25,75,75104,QUAI HENRI IV,48.847386,2.364797,Nuit avec éclairage allumé,En agglomération,Hors intersection,Normale,Autre collision,4,1,2,0,2,1,1,0,1,30,,1,0,0,0,1,33.0,,,,5,2,1,1,6
202100012884,2021-10-16 13:35:00,2021,10,16,13,35,94,94074,Rue du Colonel Fabien,48.745399,2.469167,Plein jour,En agglomération,Autre intersection,Normale,Autre collision,4,2,2,0,1,1,1,0,8,50,,2,1,0,0,1,31.0,,,,1,2,9,1,6
202100012885,2021-10-16 12:50:00,2021,10,16,12,50,94,94043,Avenue de Fontainebleau,48.812336,2.361597,Plein jour,En agglomération,Hors intersection,Normale,Autre collision,3,1,1,3,1,1,1,0,5,30,,2,1,0,0,1,46.0,,,,1,2,1,1,6
202100012886,2021-10-15 22:15:00,2021,10,15,22,15,94,94043,Avenue Charles Gide,48.8071,2.352352,Nuit avec éclairage allumé,En agglomération,Hors intersection,Normale,Deux véhicules - côté,3,2,4,1,1,1,1,0,1,30,,2,1,0,0,1,24.0,56.0,,,5,2,1,1,3
202100012887,2021-10-16 08:30:00,2021,10,16,8,30,94,94022,Rue Jules Vallès,48.7546021901,2.4102653051,Plein jour,En agglomération,Intersection en X,Normale,Deux véhicules - côté,4,-1,2,0,1,1,1,0,1,50,,2,1,0,1,0,25.0,22.0,,,1,2,2,1,3
202100012888,2021-10-16 14:37:00,2021,10,16,14,37,94,94019,Rue Rabelais,48.80298,2.55308,Plein jour,En agglomération,Hors intersection,Normale,Autre collision,6,-1,0,0,1,1,1,0,1,10,,2,1,0,0,1,51.0,,,,1,2,1,1,6
202100012889,2021-10-16 13:32:00,2021,10,16,13,32,94,94071,Rue de Villeneuve,48.765248,2.51066,Plein jour,En agglomération,Hors intersection,Normale,Deux véhicules - arrière,3,2,1,0,1,1,1,0,1,50,,2,1,0,0,1,47.0,54.0,,,1,2,1,1,2
202100012890,2021-10-16 14:30:00,2021,10,16,14,30,93,93078,CLEMENCEAU (AVENUE GEORGES),48.95344,2.56268,Plein jour,En agglomération,Intersection en X,Normale,Deux véhicules - côté,3,3,4,0,1,1,1,0,1,50,,2,1,0,0,1,25.0,23.0,,,1,2,2,1,3
202100012891,2021-10-16 12:20:00,2021,10,16,12,20,93,93078,PARC EXPO,48.9770047637,2.5268161297,Plein jour,Hors agglomération,Autre intersection,Normale,Deux véhicules - côté,9,1,2,0,1,1,1,9,1,50,,2,1,0,0,1,43.0,62.0,,,1,1,9,1,3
202100012892,2021-10-16 21:30:00,2021,10,16,21,30,93,93059,JEAN MERMOZ (BOULEVARD) N°59AU185 ET 76A,48.96842,2.36507,Nuit avec éclairage allumé,En agglomération,Hors intersection,Normale,Deux véhicules - frontale,3,1,2,0,1,1,1,0,1,50,,2,1,0,0,1,28.0,26.0,,,5,2,1,1,1
202100012893,2021-10-16 00:25:00,2021,10,16,0,25,93,93005,DOCTEUR CLAUDE BERNARD (RUE DU),48.951,2.5183,Nuit avec éclairage allumé,En agglomération,Intersection en T,Normale,Autre collision,4,2,2,0,1,3,1,0,4,30,,2,0,0,0,2,28.0,,,,5,2,3,1,6
202100012894,2021-10-16 11:54:00,2021,10,16,11,54,93,93077,DROYLSDEN (ROND POINT DE),48.88419,2.51672,Plein jour,En agglomération,Giratoire,Temps éblouissant,Deux véhicules - côté,4,1,1,0,1,3,1,0,1,30,,2,1,0,0,1,30.0,17.0,,,1,2,6,7,3
202100012895,2021-10-16 19:20:00,2021,10,16,19,20,93,93005,ROBERT BREMOND (RUE),48.9597218768,2.4674391747,Crépuscule ou aube,En agglomération,Hors intersection,Normale,Deux véhicules - frontale,6,-1,0,0,1,1,1,0,8,50,,2,0,0,1,1,17.0,14.0,,,2,2,1,1,1
202100012896,2021-10-16 07:00:00,2021,10,16,7,0,93,93046,D933,48.93025,2.55461,Nuit sans éclairage public,Hors agglomération,Hors intersection,Normale,Trois véhicules et plus - en chaîne,3,3,4,0,2,3,1,0,1,110,,5,3,0,0,2,26.0,43.0,,,3,1,1,1,4
202100012897,2021-10-16 14:10:00,2021,10,16,14,10,93,93031,SAINT LEU (ROUTE DE) 1 à 157,48.9499861629,2.3410417322,Plein jour,En agglomération,Intersection en T,Normale,Deux véhicules - côté,3,2,2,1,1,1,1,0,1,50,,2,1,0,0,1,41.0,28.0,,,1,2,3,1,3
202100012898,2021-10-16 11:20:00,2021,10,16,11,20,92,92072,GRANDE RUE,48.82405397,2.2100789692,Plein jour,En agglomération,Hors intersection,Normale,Deux véhicules - côté,3,2,2,0,1,1,1,0,1,30,,2,1,0,0,1,33.0,59.0,,,1,2,1,1,3
202100012899,2021-10-16 21:45:00,2021,10,16,21,45,92,92026,BAUDIN,48.895578,2.250516,Nuit avec éclairage allumé,En agglomération,Hors intersection,Normale,Autre collision,3,3,2,0,1,2,1,9,1,50,,1,0,0,1,0,65.0,,,,5,2,1,1,6
202100012900,2021-10-16 16:50:00,2021,10,16,16,50,92,92026,PUVIS DE CHAVANNES,48.8986,2.23367,Plein jour,En agglomération,Hors intersection,Normale,Autre collision,4,1,1,0,1,1,1,0,1,30,,1,0,0,0,1,28.0,,,,1,2,1,1,6
202100012901,2021-10-16 11:20:00,2021,10,16,11,20,92,92025,JULIEN GALLE (RUE),48.9233187071,2.25836467,Plein jour,En agglomération,Intersection en X,Normale,Autre collision,3,-1,5,0,1,1,1,0,1,50,,2,1,0,0,1,35.0,,,,1,2,2,1,6
202100012902,2021-10-16 19:15:00,2021,10,16,19,15,92,92007,RAVERA (AVENUE HENRI) N° 111 A 217 ET 10,48.8097309623,2.3173293471,Crépuscule ou aube,En agglomération,Giratoire,Normale,Sans collision,3,-1,1,0,1,1,1,0,1,50,,2,1,0,0,1,31.0,,,,2,2,6,1,7
202100012903,2021-10-16 18:26:00,2021,10,16,18,26,92,92002,PRIMEVERES (RUE DES),48.7607664372,2.2895616003,Plein jour,En agglomération,Hors intersection,Normale,Autre collision,4,2,1,0,1,1,1,0,1,30,,2,1,0,0,1,27.0,,,,1,2,1,1,6
202100012904,2021-10-16 12:50:00,2021,10,16,12,50,92,92071,GENERAL LECLERC (AV.) (135 A FIN - 134 A,48.7718879137,2.3122457644,Plein jour,En agglomération,Hors intersection,Normale,Deux véhicules - arrière,3,3,2,1,1,1,1,8,1,50,,4,2,0,0,2,23.0,28.0,,,1,2,1,1,2
202100012905,2021-10-15 15:45:00,2021,10,15,15,45,22,22065,Kerneun,48.59904,-3.037087,Plein jour,Hors agglomération,Hors intersection,Normale,Sans collision,3,2,2,0,3,1,1,0,3,80,,1,0,1,0,0,56.0,,,,1,1,1,1,7
202100012906,2021-10-15 16:54:00,2021,10,15,16,54,22,22206,Rue du College,48.539327,-2.980857,Plein jour,En agglomération,Hors intersection,Normale,Autre collision,4,3,2,0,1,1,1,0,1,30,,2,1,0,1,0,40.0,,,,1,2,1,1,6
202100012907,2021-10-16 06:50:00,2021,10,16,6,50,33,33253,84 Route de Saint-Macaire,44.612429,-0.30044,Nuit avec éclairage allumé,Hors agglomération,Hors intersection,Brouillard / fumée,Trois véhicules et plus - collisions multiples,3,2,2,3,1,2,1,0,1,70,,3,0,0,1,2,32.0,29.0,,,5,1,1,5,5
202100012908,2021-10-15 08:10:00,2021,10,15,8,10,49,49343,48 Avenue Georges Clémenceau,47.005984,-0.85254,Plein jour,En agglomération,Hors intersection,Normale,Autre collision,3,2,2,0,1,1,1,0,4,30,,1,0,1,0,0,20.0,,,,1,2,1,1,6
202100012909,2021-10-15 23:30:00,2021,10,15,23,30,974,97404,RN 1,-21.261275,55.336853,Nuit sans éclairage public,Hors agglomération,Hors intersection,Normale,Autre collision,2,3,4,0,1,1,1,3,1,110,,2,1,1,0,0,33.0,,,,3,1,1,1,6
202100012910,2021-10-16 04:00:00,2021,10,16,4,0,52,52014,Auroute A 31,47.782351,5.218163,Nuit sans éclairage public,Hors agglomération,Hors intersection,Normale,Deux véhicules - arrière,1,3,5,0,1,1,1,0,1,130,,2,1,1,0,0,40.0,29.0,,,3,1,1,1,2
202100012911,2021-10-03 15:15:00,2021,10,3,15,15,37,37228,"A85,PK 49+860, ANGERS",47.274490236,0.1037197938,Plein jour,Hors agglomération,Hors intersection,Normale,Sans collision,1,2,4,0,1,1,1,0,3,130,,1,0,0,1,0,40.0,,,,1,1,1,1,7
202100012912,2021-10-16 12:40:00,2021,10,16,12,40,62,62113,D939,50.349318,2.537472,Plein jour,Hors agglomération,Intersection en T,Normale,Deux véhicules - arrière,3,2,2,0,1,1,1,0,1,80,,4,3,0,1,0,18.0,51.0,,,1,1,3,1,2
202100012913,2021-10-15 09:10:00,2021,10,15,9,10,41,41120,La Prazerie,47.797561,0.941777,Plein jour,Hors agglomération,Intersection en X,Normale,Deux véhicules - frontale,3,2,2,0,2,1,1,0,1,80,,3,0,0,3,0,65.0,25.0,,,1,1,2,1,1
202100012914,2021-10-16 09:40:00,2021,10,16,9,40,69,69260,PONT (DU) (R),45.64714,4.813809,Plein jour,En agglomération,Hors intersection,Normale,Autre collision,7,2,1,0,2,1,1,4,1,30,,2,1,0,0,1,60.0,,,,1,2,1,1,6
202100012915,2021-10-15 18:10:00,2021,10,15,18,10,74,74263,Avenue de Geneve,46.331988,6.377918,Plein jour,Hors agglomération,Intersection en T,Normale,Deux véhicules - frontale,3,2,3,0,2,2,1,0,1,80,,3,2,0,1,0,31.0,42.0,,,1,1,3,1,1
202100012916,2021-10-16 10:15:00,2021,10,16,10,15,83,83031,4750 Route du Thoronet,43.427928,6.331215,Plein jour,Hors agglomération,Hors intersection,Normale,Deux véhicules - côté,3,2,2,0,1,1,1,0,1,80,,2,1,0,1,0,53.0,57.0,,,1,1,1,1,3
202100012917,2021-10-05 14:00:00,2021,10,5,14,0,56,56140,Le Guernevin,47.961745,-2.826962,Plein jour,Hors agglomération,Hors intersection,Normale,Deux véhicules - arrière,3,2,2,0,3,2,1,0,1,80,,2,1,0,0,1,52.0,54.0,,,1,1,1,1,2
202100012918,2021-10-16 03:20:00,2021,10,16,3,20,56,56205,RD 780,47.564626,-2.709374,Nuit sans éclairage public,Hors agglomération,Hors intersection,Normale,Autre collision,3,2,2,0,1,1,1,0,3,80,,4,3,0,1,0,21.0,,,,3,1,1,1,6
202100012919,2021-10-16 16:20:00,2021,10,16,16,20,79,79080,23 Rue de l’Ebeaupin,46.66211,-0.238116,Plein jour,En agglomération,Hors intersection,Normale,Autre collision,4,4,1,0,1,1,1,0,1,50,,1,0,0,0,1,17.0,,,,1,2,1,1,6
202100012920,2021-10-15 19:30:00,2021,10,15,19,30,79,79079,20 Rue du Cardinal de Sourdis,46.919673,-0.743707,Nuit avec éclairage allumé,En agglomération,Hors intersection,Normale,Sans collision,3,2,2,0,2,1,1,8,1,50,,1,0,0,0,1,18.0,,,,5,2,1,1,7
202100012921,2021-10-16 07:00:00,2021,10,16,7,0,79,79062,110 Avenue du 25 Aout 1944,46.816156,-0.6837,Crépuscule ou aube,En agglomération,Hors intersection,Normale,Autre collision,4,2,2,0,1,1,1,0,4,50,,3,0,0,0,3,18.0,,,,2,2,1,1,6
202100012922,2021-10-16 16:00:00,2021,10,16,16,0,80,80585,Route de Ham,49.76049,2.925689,Plein jour,Hors agglomération,Hors intersection,Normale,Sans collision,3,2,2,0,1,1,1,0,1,80,,1,0,0,1,0,24.0,,,,1,1,1,1,7
202100012923,2021-10-16 14:33:00,2021,10,16,14,33,32,32290,D15,43.951177,0.213815,Plein jour,Hors agglomération,Hors intersection,Normale,Deux véhicules - frontale,3,2,2,0,3,1,1,0,1,80,,3,1,0,1,1,49.0,53.0,,,1,1,1,1,1
202100012924,2021-10-16 02:20:00,2021,10,16,2,20,71,71209,Route de Biône,46.564489,5.27848,Nuit sans éclairage public,Hors agglomération,Hors intersection,Brouillard / fumée,Autre collision,4,2,2,0,1,1,2,0,3,80,,1,0,0,1,0,32.0,,,,3,1,1,5,6
202100012925,2021-10-15 20:30:00,2021,10,15,20,30,71,71221,Avenue de Mortières,46.7744076796,4.7379883311,Nuit avec éclairage allumé,En agglomération,Hors intersection,Normale,Sans collision,3,2,2,0,3,2,1,0,1,50,,1,0,0,1,0,25.0,,,,5,2,1,1,7
202100012926,2021-10-16 01:00:00,2021,10,16,1,0,71,71100,Route de Gratay,46.506896,4.83083,Nuit sans éclairage public,Hors agglomération,Hors intersection,Normale,Autre collision,3,2,2,0,1,1,1,0,3,80,,1,0,0,1,0,35.0,,,,3,1,1,1,6