accident_id,datetime,annee,mois,jour,heure,minute,departement,commune_insee,adresse,latitude,longitude,luminosite,agglomeration,intersection,meteo,collision,catr,circ,nbv,vosp,prof,plan,surf,infra,situ,vma,nb_vehicules,nb_usagers,nb_indemnes,nb_tues,nb_blesses_hosp,nb_blesses_legers,age_cond_1,age_cond_2,veh_type_cond_1,veh_type_cond_2,lum_code,agg_code,int_code,atm_code,col_code
202100012927,2021-10-16 13:15:00,2021,10,16,13,15,89,89464,Rue de la Grosse Pierre,48.085914,3.299383,Plein jour,En agglomération,Intersection en T,Normale,Deux véhicules - frontale,3,2,2,0,1,3,1,0,1,50,,2,1,0,0,1,30.0,16.0,,,1,2,3,1,1
202100012928,2021-10-16 16:45:00,2021,10,16,16,45,63,63091,D76,45.417322,3.289845,Plein jour,Hors agglomération,Hors intersection,Normale,Deux véhicules - côté,3,2,2,0,2,2,1,0,1,80,,5,3,0,2,0,72.0,21.0,,,1,1,1,1,3
202100012929,2021-10-15 16:45:00,2021,10,15,16,45,49,49003,D156 - PR 17+96,47.242411,-0.366637,Plein jour,Hors agglomération,Hors intersection,Normale,Deux véhicules - frontale,3,2,2,0,3,1,1,0,1,90,,3,1,0,1,1,36.0,31.0,,,1,1,1,1,1
202100012930,2021-10-16 19:04:00,2021,10,16,19,4,12,12266,Lieu-dit Prunhac,44.266546,2.880027,Nuit sans éclairage public,Hors agglomération,Hors intersection,Normale,Sans collision,3,2,2,0,1,2,1,0,1,90,,2,0,0,1,1,42.0,31.0,,,3,1,1,1,7
202100012931,2021-10-11 16:15:00,2021,10,11,16,15,42,42138,Route de Bellegarde,45.647198,4.357667,Plein jour,Hors agglomération,Hors intersection,Normale,Autre collision,3,2,2,0,2,2,9,0,1,80,,1,0,0,1,0,37.0,,,,1,1,1,1,6
202100012932,2021-10-16 11:55:00,2021,10,16,11,55,42,42262,Route de Chambles,45.421091,4.215016,Plein jour,Hors agglomération,Hors intersection,Temps éblouissant,Deux véhicules - frontale,4,2,2,0,3,3,1,0,1,80,,7,6,0,0,1,42.0,37.0,,,1,1,1,7,1
202100012933,2021-10-16 08:50:00,2021,10,16,8,50,41,41267,D30,47.418005,1.130176,Plein jour,Hors agglomération,Hors intersection,Temps éblouissant,Sans collision,3,2,2,0,3,2,1,0,3,80,,1,0,0,0,1,21.0,,,,1,1,1,7,7
202100012934,2021-10-14 16:14:00,2021,10,14,16,14,68,68011,D83,47.749561,7.150544,Plein jour,Hors agglomération,Hors intersection,Normale,Trois véhicules et plus - en chaîne,3,2,4,0,1,3,1,0,1,110,,4,3,0,1,0,51.0,80.0,,,1,1,1,1,4
202100012935,2021-10-15 21:15:00,2021,10,15,21,15,39,39475,,46.424909,5.316659,Nuit sans éclairage public,Hors agglomération,Hors intersection,Brouillard / fumée,Deux véhicules - frontale,4,2,2,0,1,3,1,0,1,80,,2,1,0,0,1,63.0,19.0,,,3,1,1,5,1
202100012936,2021-10-14 13:20:00,2021,10,14,13,20,25,25411,34 Rue de la Louhiere,47.062056,6.606074,Plein jour,En agglomération,Autre intersection,Normale,Deux véhicules - côté,3,2,2,0,2,1,1,0,1,50,,2,1,0,0,1,17.0,51.0,,,1,2,9,1,3
202100012937,2021-10-16 21:15:00,2021,10,16,21,15,44,44062,Rue du Haut Luc - LES ROTYS,47.541491,-1.7443,Nuit sans éclairage public,Hors agglomération,Hors intersection,Normale,Deux véhicules - arrière,4,2,2,0,1,1,1,0,1,80,,3,1,1,1,0,15.0,40.0,,,3,1,1,1,2
202100012938,2021-10-15 18:10:00,2021,10,15,18,10,44,44015,56 Le Guesny,47.441327,-1.710903,Plein jour,En agglomération,Hors intersection,Normale,Deux véhicules - frontale,3,2,2,0,1,1,1,0,1,50,,2,1,0,1,0,16.0,54.0,,,1,2,1,1,1
202100012939,2021-09-24 07:10:00,2021,9,24,7,10,29,29031,Lieu dit Kersalut,47.8018851,-3.603939,Crépuscule ou aube,Hors agglomération,Intersection en X,Brouillard / fumée,Deux véhicules - côté,3,2,2,0,1,1,1,5,1,70,,4,1,0,0,3,47.0,27.0,,,2,1,2,5,3
202100012940,2021-10-15 21:05:00,2021,10,15,21,5,29,29202,D785 - Ty Grean,48.466043,-3.876919,Nuit sans éclairage public,Hors agglomération,Hors intersection,Normale,Autre collision,3,2,2,0,1,1,1,0,1,80,,2,1,1,0,0,59.0,,,,3,1,1,1,6
202100012941,2021-10-16 14:30:00,2021,10,16,14,30,29,29003,Rue Victor Hugo,48.023853,-4.540102,Plein jour,En agglomération,Hors intersection,Normale,Autre collision,3,2,2,0,1,1,1,6,6,30,,2,1,0,1,0,59.0,,,,1,2,1,1,6
202100012942,2021-10-17 00:47:00,2021,10,17,0,47,31,31210,Route de Mirepoix,43.389498,1.693809,Nuit sans éclairage public,Hors agglomération,Hors intersection,Normale,Autre collision,3,2,2,0,1,1,1,0,3,80,,1,0,1,0,0,60.0,,,,3,1,1,1,6
202100012943,2021-10-16 11:33:00,2021,10,16,11,33,31,31206,D25,43.275143,1.492537,Plein jour,Hors agglomération,Hors intersection,Normale,Deux véhicules - arrière,3,2,2,0,1,1,1,0,1,70,,2,0,0,1,1,66.0,17.0,,,1,1,1,1,2
202100012944,2021-10-16 18:45:00,2021,10,16,18,45,31,31232,Route de Toulouse,43.758518,1.301239,Crépuscule ou aube,En agglomération,Giratoire,Normale,Deux véhicules - arrière,3,2,1,0,1,2,1,0,1,-1,,2,1,0,0,1,39.0,77.0,,,2,2,6,1,2
202100012945,2021-10-16 13:15:00,2021,10,16,13,15,38,38035,CD518,45.529817,5.087099,Plein jour,Hors agglomération,Hors intersection,Normale,Sans collision,3,2,2,0,1,1,1,0,8,80,,1,0,0,1,0,20.0,,,,1,1,1,1,7
202100012946,2021-10-16 19:15:00,2021,10,16,19,15,38,38463,rd518,45.196812,5.347252,Nuit sans éclairage public,Hors agglomération,Hors intersection,Normale,Deux véhicules - arrière,3,2,2,0,1,1,1,0,1,80,,2,1,0,0,1,16.0,,,,3,1,1,1,2
202100012947,2021-10-15 19:10:00,2021,10,15,19,10,38,38214,D1090,45.300588,5.901911,Crépuscule ou aube,Hors agglomération,Intersection en T,Normale,Deux véhicules - côté,3,2,2,0,1,1,1,0,1,80,,3,2,0,0,1,19.0,20.0,,,2,1,3,1,3
202100012948,2021-10-16 18:40:00,2021,10,16,18,40,03,03018,RD35 - PR 002.800,46.25527,3.269989,Crépuscule ou aube,Hors agglomération,Hors intersection,Normale,Deux véhicules - frontale,3,2,2,0,2,1,1,0,1,90,,3,2,0,0,1,60.0,80.0,,,2,1,1,1,1
202100012949,2021-10-16 11:30:00,2021,10,16,11,30,58,58050,Challementeau,47.320251,3.592642,Plein jour,Hors agglomération,Hors intersection,Normale,Sans collision,3,2,2,0,2,1,1,0,1,-1,,1,0,1,0,0,76.0,,,,1,1,1,1,7
202100012950,2021-10-16 13:55:00,2021,10,16,13,55,58,58280,D981,46.846405,3.406786,Plein jour,Hors agglomération,Hors intersection,Normale,Deux véhicules - frontale,3,2,2,0,3,1,1,0,1,80,,2,0,1,0,1,22.0,41.0,,,1,1,1,1,1
202100012951,2021-10-16 14:15:00,2021,10,16,14,15,66,66015,"Route départementale 900, Lô plan",42.571287,2.850995,Plein jour,Hors agglomération,Hors intersection,Normale,Deux véhicules - frontale,3,2,2,0,1,1,1,0,1,80,,3,0,1,2,0,77.0,42.0,,,1,1,1,1,1
202100012952,2021-10-16 22:34:00,2021,10,16,22,34,72,72363,Lieu dit bonneveau,48.09343,0.51191,Nuit sans éclairage public,Hors agglomération,Hors intersection,Brouillard / fumée,Autre collision,3,2,2,0,1,1,1,0,3,-1,,1,0,0,1,0,25.0,,,,3,1,1,5,6
202100012953,2021-10-16 04:30:00,2021,10,16,4,30,50,50076,Rue du Bocage,48.90136,-1.502262,Nuit avec éclairage non allumé,En agglomération,Hors intersection,Normale,Deux véhicules - frontale,3,2,2,0,1,1,1,0,1,50,,3,0,0,0,3,45.0,26.0,,,4,2,1,1,1
202100012954,2021-10-16 23:30:00,2021,10,16,23,30,50,50217,La Forge Cocquelin,48.672139,-1.174437,Nuit sans éclairage public,Hors agglomération,Hors intersection,Normale,Autre collision,3,2,2,0,3,1,1,0,3,80,,1,0,0,1,0,58.0,,,,3,1,1,1,6
202100012955,2021-10-14 12:45:00,2021,10,14,12,45,64,64368,D11,43.394674,-1.098182,Plein jour,Hors agglomération,Hors intersection,Normale,Sans collision,3,2,2,0,2,3,1,0,8,80,,1,0,0,1,0,79.0,,,,1,1,1,1,7
202100012956,2021-10-16 17:35:00,2021,10,16,17,35,64,64495,D3,43.349076,-1.551368,Plein jour,Hors agglomération,Hors intersection,Normale,Deux véhicules - frontale,3,2,2,0,1,1,1,0,1,50,,3,2,0,0,1,47.0,58.0,,,1,1,1,1,1
202100012957,2021-10-15 19:40:00,2021,10,15,19,40,10,10323,rd440,48.528628,3.735223,Crépuscule ou aube,Hors agglomération,Hors intersection,Normale,Deux véhicules - frontale,3,2,2,0,1,1,1,0,1,80,,3,2,0,0,1,19.0,40.0,,,2,1,1,1,1
202100012958,2021-10-16 13:50:00,2021,10,16,13,50,07,07056,Rue principale,45.33778,4.734067,Plein jour,Hors agglomération,Hors intersection,Normale,Sans collision,3,2,2,0,1,1,1,0,3,80,,1,0,0,1,0,29.0,,,,1,1,1,1,7
202100012959,2021-09-12 20:10:00,2021,9,12,20,10,07,07346,Chemin de la Breche,44.482698,4.691817,Nuit sans éclairage public,En agglomération,Hors intersection,Normale,Deux véhicules - frontale,4,1,2,0,1,2,1,0,1,50,,2,1,0,0,1,35.0,14.0,,,3,2,1,1,1
202100012960,2021-10-16 18:10:00,2021,10,16,18,10,21,21584,rue Courtépée,47.284437,4.226866,Plein jour,En agglomération,Intersection en T,Normale,Deux véhicules - côté,3,2,2,0,1,1,1,0,1,50,,2,1,0,0,1,40.0,16.0,,,1,2,3,1,3
202100012961,2021-10-16 10:05:00,2021,10,16,10,5,21,21363,D981 Hameau de fontaine,47.11454,4.449366,Plein jour,En agglomération,Hors intersection,Normale,Autre collision,3,2,2,0,1,3,1,0,3,50,,2,0,0,1,1,73.0,,,,1,2,1,1,6
202100012962,2021-10-14 14:45:00,2021,10,14,14,45,27,27115,Rue du Fond du Val,48.770177,1.079911,Plein jour,En agglomération,Hors intersection,Normale,Autre collision,4,2,2,0,1,1,1,0,3,50,,1,0,0,1,0,23.0,,,,1,2,1,1,6
202100012963,2021-10-17 05:20:00,2021,10,17,5,20,68,68309,A35 - PK 111+000,47.670055,7.473643,Nuit sans éclairage public,Hors agglomération,Hors intersection,Brouillard / fumée,Deux véhicules - arrière,1,3,4,0,1,1,2,0,1,130,,3,2,0,1,0,25.0,47.0,,,3,1,1,5,2
202100012964,2021-10-15 18:15:00,2021,10,15,18,15,63,63265,A89 PK 432+000,45.86217,3.435944,Crépuscule ou aube,Hors agglomération,Hors intersection,Normale,Trois véhicules et plus - en chaîne,1,3,4,0,1,1,1,0,1,90,,3,2,0,1,0,57.0,47.0,,,2,1,1,1,4
202100012965,2021-10-15 21:00:00,2021,10,15,21,0,38,38214,PK016.000 - A41S,45.303282,5.926137,Nuit sans éclairage public,Hors agglomération,Hors intersection,Normale,Deux véhicules - arrière,1,3,4,0,1,1,1,0,1,130,,3,1,1,1,0,43.0,49.0,,,3,1,1,1,2
202100012966,2021-10-16 10:40:00,2021,10,16,10,40,06,06012,Aire de Beausoleil (Aire de repos),43.753855,7.42024,Plein jour,Hors agglomération,Intersection en T,Normale,Deux véhicules - côté,1,1,1,0,1,1,1,0,1,50,,4,3,0,1,0,54.0,61.0,,,1,1,3,1,3
202100012967,2021-10-13 10:40:00,2021,10,13,10,40,976,97617,"Quartier lotissement, miréréni",-12.785745,45.14235,Plein jour,En agglomération,Hors intersection,Normale,Deux véhicules - frontale,4,2,2,0,1,1,1,0,1,50,,2,1,0,1,0,63.0,,,,1,2,1,1,1
202100012968,2021-10-16 02:15:00,2021,10,16,2,15,77,77001,A6,48.352656,2.584963,Nuit sans éclairage public,Hors agglomération,Hors intersection,Brouillard / fumée,Autre collision,1,3,3,0,1,3,1,0,1,-1,,1,0,0,0,1,29.0,,,,3,1,1,5,6
202100012969,2021-10-15 22:06:00,2021,10,15,22,6,973,97304,Avenue du Bois Chaudat,5.1578150935,-52.6522843838,Nuit avec éclairage allumé,En agglomération,Hors intersection,Normale,Autre collision,4,2,2,0,1,2,1,0,4,50,,1,0,1,0,0,35.0,,,,5,2,1,1,6
202100012970,2021-10-17 12:25:00,2021,10,17,12,25,77,77460,D3,49.003181,3.060057,Plein jour,Hors agglomération,Intersection en X,Normale,Deux véhicules - arrière,3,2,2,0,1,1,1,0,1,80,,2,1,0,0,1,35.0,60.0,,,1,1,2,1,2
202100012971,2021-10-15 19:30:00,2021,10,15,19,30,78,78246,D913,49.035566,1.742993,Crépuscule ou aube,Hors agglomération,Hors intersection,Normale,Deux véhicules - arrière,3,2,2,0,1,1,1,0,1,80,,2,1,0,0,1,,26.0,,,2,1,1,1,2
202100012972,2021-10-16 11:30:00,2021,10,16,11,30,2A,2A041,route territoriale 10,41.401198,9.16749,Plein jour,En agglomération,Hors intersection,Normale,Sans collision,2,-1,2,0,1,1,1,0,1,50,,1,0,0,1,0,49.0,,,,1,2,1,1,7
202100012973,2021-10-16 07:15:00,2021,10,16,7,15,34,34022,Rue du Colombier,43.65695,4.008375,Nuit avec éclairage allumé,En agglomération,Intersection en T,Normale,Deux véhicules - côté,2,2,2,0,1,1,1,0,1,50,,2,1,0,1,0,51.0,16.0,,,5,2,3,1,3
202100012974,2021-10-16 20:09:00,2021,10,16,20,9,84,84092,16 avenue de la République,43.961206,4.857824,Nuit avec éclairage allumé,En agglomération,Hors intersection,Normale,Deux véhicules - côté,4,2,1,0,1,1,1,0,1,30,,2,1,0,0,1,15.0,23.0,,,5,2,1,1,3
202100012975,2021-10-16 17:15:00,2021,10,16,17,15,83,83107,chemin du lac / RD7,43.451797,6.633317,Plein jour,En agglomération,Intersection en X,Normale,Deux véhicules - côté,3,2,2,0,1,1,1,0,1,50,,2,1,0,1,0,36.0,50.0,,,1,2,2,1,3
202100012976,2021-10-02 11:15:00,2021,10,2,11,15,13,13020,D7,43.392731,5.54816,Plein jour,En agglomération,Hors intersection,Normale,Deux véhicules - côté,7,-1,2,1,1,1,1,0,5,80,,2,1,0,0,1,46.0,50.0,,,1,2,1,1,3
202100012977,2021-10-16 18:30:00,2021,10,16,18,30,13,13062,D8,43.421268,5.495463,Crépuscule ou aube,En agglomération,Hors intersection,Normale,Deux véhicules - frontale,7,2,2,0,1,3,1,5,1,50,,4,2,0,1,1,61.0,31.0,,,2,2,1,1,1
202100012978,2021-10-12 08:39:00,2021,10,12,8,39,21,21261,D905,47.261131,5.139434,Plein jour,Hors agglomération,Hors intersection,Normale,Trois véhicules et plus - en chaîne,3,2,2,0,3,1,1,0,1,90,,3,1,0,0,2,39.0,19.0,,,1,1,1,1,4
202100012979,2021-10-17 08:30:00,2021,10,17,8,30,08,08367,"A304, PR 009+000",49.891054,4.520112,Plein jour,Hors agglomération,Hors intersection,Brouillard / fumée,Sans collision,1,3,4,0,1,1,2,0,3,130,,3,2,0,1,0,25.0,,,,1,1,1,5,7
202100012980,2021-10-15 18:30:00,2021,10,15,18,30,51,51308,D28E3,49.288435,3.806393,Plein jour,En agglomération,Intersection en T,Normale,Deux véhicules - côté,3,2,2,0,1,1,1,0,1,50,,2,1,0,1,0,74.0,57.0,,,1,2,3,1,3
202100012981,2021-10-15 16:45:00,2021,10,15,16,45,68,68298,D48,48.197991,7.128539,Plein jour,Hors agglomération,Hors intersection,Normale,Sans collision,3,2,2,0,2,1,9,0,1,80,,1,0,0,0,1,45.0,,,,1,1,1,1,7
202100012982,2021-10-15 14:28:00,2021,10,15,14,28,88,88080,D46B,48.297199,6.600938,Plein jour,Hors agglomération,Hors intersection,Normale,Autre collision,3,-1,2,0,1,4,1,0,1,80,,2,1,0,1,0,36.0,,,,1,1,1,1,6
202100012983,2021-10-15 22:15:00,2021,10,15,22,15,74,74136,Route de la Colombière,45.989605,6.469789,Nuit sans éclairage public,Hors agglomération,Hors intersection,Normale,Sans collision,3,2,2,0,2,2,1,0,3,80,,5,0,0,2,3,18.0,,,,3,1,1,1,7
202100012984,2021-10-17 00:00:00,2021,10,17,0,0,42,42285,Route de Montbrison,45.575893,4.117427,Nuit avec éclairage allumé,Hors agglomération,Intersection en X,Brouillard / fumée,Trois véhicules et plus - en chaîne,3,-1,1,3,3,1,1,5,3,80,,7,2,0,0,5,56.0,25.0,,,5,1,2,5,4
202100012985,2021-10-17 06:40:00,2021,10,17,6,40,07,07279,RD 86 - LA CONCHE,44.417283,4.653879,Nuit sans éclairage public,Hors agglomération,Hors intersection,Normale,Autre collision,3,2,2,0,1,1,1,0,1,80,,2,1,0,0,1,32.0,,,,3,1,1,1,6
202100012986,2021-10-16 17:10:00,2021,10,16,17,10,01,01049,,45.841686,5.023713,Plein jour,En agglomération,Hors intersection,Temps éblouissant,Autre collision,3,3,2,0,1,1,1,0,1,50,,1,0,0,1,0,55.0,,,,1,2,1,7,6
202100012987,2021-09-13 17:00:00,2021,9,13,17,0,69,69160,CHANSAYE NORD,46.1649808112,4.4709078588,Plein jour,En agglomération,Autre intersection,Normale,Deux véhicules - côté,3,2,2,0,1,3,1,0,1,-1,,3,2,0,0,1,56.0,84.0,,,1,2,9,1,3
202100012988,2021-10-16 15:10:00,2021,10,16,15,10,69,69140,BEAULIEU (DE) (MO),45.887458,4.701816,Plein jour,En agglomération,Intersection en T,Normale,Sans collision,4,2,2,0,2,2,9,0,1,50,,1,0,0,0,1,17.0,,,,1,2,3,1,7
202100012989,2021-10-16 16:00:00,2021,10,16,16,0,69,69009,EUROPE (DE L') (AV),45.949001,4.712641,Plein jour,En agglomération,Hors intersection,Temps éblouissant,Deux véhicules - frontale,3,-1,1,0,2,3,1,0,8,50,,2,1,0,0,1,59.0,47.0,,,1,2,1,7,1
202100012990,2021-10-17 11:30:00,2021,10,17,11,30,81,81219,en berail,43.586293,2.035319,Plein jour,Hors agglomération,Hors intersection,Normale,Autre collision,4,2,2,0,4,1,1,2,3,80,,1,0,1,0,0,79.0,,,,1,1,1,1,6
202100012991,2021-10-16 04:15:00,2021,10,16,4,15,81,81219,Lieu dit Mongagnes,43.608081,2.030445,Nuit sans éclairage public,Hors agglomération,Hors intersection,Normale,Sans collision,4,2,2,0,1,3,1,0,8,80,,2,1,0,1,0,20.0,,,,3,1,1,1,7
202100012992,2021-10-11 12:15:00,2021,10,11,12,15,69,69069,VOIE ROMAINE,45.749487,4.730977,Plein jour,En agglomération,Intersection en X,Normale,Autre collision,4,2,2,2,1,1,1,6,1,50,,2,1,0,1,0,94.0,,,,1,2,2,1,6
202100012993,2021-10-16 20:20:00,2021,10,16,20,20,79,79088,16 Route de Clessé,46.794243,-0.35845,Nuit sans éclairage public,En agglomération,Hors intersection,Normale,Autre collision,3,2,2,0,1,1,1,0,4,80,,1,0,0,1,0,61.0,,,,3,2,1,1,6
202100012994,2021-10-15 09:05:00,2021,10,15,9,5,14,14758,rue de cambes,49.240098,-0.40084,Plein jour,Hors agglomération,Hors intersection,Temps éblouissant,Deux véhicules - frontale,4,2,2,0,1,1,1,0,3,80,,2,1,0,1,0,23.0,78.0,,,1,1,1,7,1
202100012995,2021-10-16 11:50:00,2021,10,16,11,50,14,14516,N158 - sens CAEN/FALAISE - PR 017+000,48.9659522837,-0.2337464689,Plein jour,Hors agglomération,Hors intersection,Brouillard / fumée,Autre collision,2,3,4,0,1,2,1,0,1,110,,1,0,1,0,0,61.0,,,,1,1,1,5,6
202100012996,2021-10-15 17:05:00,2021,10,15,17,5,56,56007,Avenue President Wilson,47.668541,-2.977826,Plein jour,En agglomération,Intersection en T,Temps éblouissant,Deux véhicules - côté,4,2,2,0,2,1,1,0,1,50,,2,1,0,0,1,23.0,28.0,,,1,2,3,7,3
202100012997,2021-10-15 14:41:00,2021,10,15,14,41,22,22259,Le Champ Han,48.46192,-2.092434,Plein jour,En agglomération,Autre intersection,Normale,Autre collision,3,-1,2,0,2,1,1,0,4,80,,2,1,0,1,0,58.0,,,,1,2,9,1,6
202100012998,2021-10-16 05:45:00,2021,10,16,5,45,76,76312,Boulevard de Verdun,49.4853747157,1.7283539265,Nuit avec éclairage allumé,En agglomération,Hors intersection,Brouillard / fumée,Deux véhicules - frontale,2,2,2,0,1,1,1,0,1,50,,6,0,0,0,6,39.0,21.0,,,5,2,1,5,1
202100012999,2021-10-14 16:36:00,2021,10,14,16,36,60,60589,Rue Claire Lacombe,49.241469,2.46763,Plein jour,En agglomération,Hors intersection,Normale,Deux véhicules - côté,4,2,2,0,1,1,1,0,1,50,,2,1,0,0,1,20.0,44.0,,,1,2,1,1,3
202100013000,2021-10-16 17:50:00,2021,10,16,17,50,62,62693,rue du moulin,50.437056,2.554096,Plein jour,En agglomération,Hors intersection,Normale,Deux véhicules - frontale,4,2,2,0,2,1,1,0,1,50,,2,0,0,0,2,16.0,22.0,,,1,2,1,1,1
202100013001,2021-10-15 13:40:00,2021,10,15,13,40,59,59435,Cd 938,50.494194,3.264243,Plein jour,En agglomération,Hors intersection,Pluie légère,Deux véhicules - arrière,3,2,2,0,1,1,2,0,1,70,,2,1,0,1,0,29.0,34.0,,,1,2,1,2,2
202100013002,2021-10-12 13:50:00,2021,10,12,13,50,59,59215,D350,50.355962,3.605018,Plein jour,Hors agglomération,Intersection en T,Normale,Deux véhicules - côté,3,2,2,0,1,1,1,0,1,80,,2,1,0,1,0,31.0,20.0,,,1,1,3,1,3
202100013003,2021-10-16 22:00:00,2021,10,16,22,0,59,59051,Chemin des Trois Maisons,50.546123,2.807485,Nuit sans éclairage public,Hors agglomération,Hors intersection,Normale,Autre collision,4,2,1,0,1,1,1,0,3,50,,1,0,0,1,0,55.0,,,,3,1,1,1,6
202100013004,2021-10-15 19:10:00,2021,10,15,19,10,13,13215,A7-Sens Lyon vers Marseille,43.37766,5.35741,Nuit avec éclairage allumé,Hors agglomération,Hors intersection,Normale,Sans collision,1,1,3,0,2,1,1,0,1,90,,1,0,0,0,1,37.0,,,,5,1,1,1,7
202100013005,2021-10-15 19:40:00,2021,10,15,19,40,13,13071,A51-Sens Aix en Provence vers Marseille,43.41585,5.3648,Nuit avec éclairage allumé,Hors agglomération,Hors intersection,Normale,Deux véhicules - côté,1,1,4,0,1,1,1,0,1,90,,3,2,0,0,1,24.0,51.0,,,5,1,1,1,3
202100013006,2021-10-16 04:55:00,2021,10,16,4,55,69,69273,URBAIN SUD (BD),45.66483,4.9206,Nuit sans éclairage public,Hors agglomération,Hors intersection,Normale,Autre collision,7,3,3,0,1,1,1,0,1,90,,5,2,0,0,3,22.0,,,,3,1,1,1,6
202100013007,2021-10-14 23:05:00,2021,10,14,23,5,69,69259,D383   11.750 A 14.250,45.7187321818,4.8732552121,Nuit avec éclairage allumé,Hors agglomération,Hors intersection,Normale,Autre collision,7,3,6,0,1,1,1,0,1,70,,2,1,0,0,1,24.0,,,,5,1,1,1,6
202100013008,2021-10-12 08:30:00,2021,10,12,8,30,42,42186,A47,45.5385212267,4.639219619,Plein jour,Hors agglomération,Hors intersection,Normale,Deux véhicules - arrière,1,-1,6,0,1,1,1,0,1,90,,2,0,0,1,1,41.0,48.0,,,1,1,1,1,2
202100013009,2021-10-16 06:30:00,2021,10,16,6,30,94,94034,AUTOROUTE A6A,48.75631,2.33422,Nuit sans éclairage public,Hors agglomération,Hors intersection,Normale,Deux véhicules - côté,1,3,6,0,1,1,1,2,1,110,,2,0,0,0,2,35.0,,,,3,1,1,1,3
202100013010,2021-10-16 01:42:00,2021,10,16,1,42,91,91477,RD 444,48.72465,2.2455,Nuit sans éclairage public,Hors agglomération,Hors intersection,Normale,Deux véhicules - frontale,3,1,1,0,1,1,1,0,1,50,,2,1,0,0,1,33.0,27.0,,,3,1,1,1,1
202100013011,2021-10-15 11:45:00,2021,10,15,11,45,94,94034,AUTOROUTE A86,48.76124,2.31729,Plein jour,Hors agglomération,Hors intersection,Normale,Trois véhicules et plus - en chaîne,1,3,2,0,1,1,1,1,1,70,,2,1,0,0,1,39.0,53.0,,,1,1,1,1,4
202100013012,2021-10-16 11:30:00,2021,10,16,11,30,78,78455,A13,48.858978,2.05078,Plein jour,Hors agglomération,Hors intersection,Normale,Deux véhicules - arrière,1,3,2,0,1,1,1,0,1,110,,3,2,0,0,1,38.0,87.0,,,1,1,1,1,2
202100013013,2021-10-16 04:55:00,2021,10,16,4,55,78,78133,A14,48.915449,2.032319,Nuit sans éclairage public,Hors agglomération,Hors intersection,Normale,Autre collision,1,1,2,0,1,1,1,9,1,110,,1,0,0,0,1,22.0,,,,3,1,1,1,6
202100013014,2021-10-16 15:15:00,2021,10,16,15,15,92,92036,RN 315 ,48.937244648,2.2991555846,Plein jour,Hors agglomération,Hors intersection,Normale,Trois véhicules et plus - en chaîne,2,3,4,0,1,1,1,3,1,90,,5,3,0,0,2,48.0,37.0,,,1,1,1,1,4
202100013015,2021-10-16 17:20:00,2021,10,16,17,20,93,93066,AUTOROUTE A86,48.9219218049,2.3636414699,Plein jour,Hors agglomération,Hors intersection,Normale,Sans collision,1,1,8,0,3,2,1,2,1,90,,1,0,0,0,1,25.0,,,,1,1,1,1,7
202100013016,2021-10-16 15:20:00,2021,10,16,15,20,92,92036,AUTOROUTE A15,48.9435578314,2.2873807879,Plein jour,Hors agglomération,Hors intersection,Normale,Deux véhicules - côté,1,3,4,0,1,1,1,2,1,90,,3,2,0,0,1,50.0,,,,1,1,1,1,3
202100013017,2021-10-16 14:30:00,2021,10,16,14,30,95,95607, A115,49.0137781954,2.2191116081,Plein jour,Hors agglomération,Hors intersection,Normale,Deux véhicules - côté,1,1,4,0,1,1,1,0,1,90,,4,1,0,0,3,31.0,35.0,,,1,1,1,1,3
202100013018,2021-10-16 05:30:00,2021,10,16,5,30,95,95306, A15,49.0020597419,2.1709628262,Nuit sans éclairage public,Hors agglomération,Hors intersection,Normale,Deux véhicules - arrière,1,1,3,0,1,1,1,0,1,110,,3,2,0,0,1,21.0,28.0,,,3,1,1,1,2
202100013019,2021-10-15 19:45:00,2021,10,15,19,45,93,93007,AUTOROUTE A3,48.93293,2.48115,Nuit sans éclairage public,Hors agglomération,Hors intersection,Normale,Deux véhicules - côté,1,3,6,0,1,1,1,0,1,90,,3,2,0,0,1,42.0,18.0,,,3,1,1,1,3
202100013020,2021-10-15 06:30:00,2021,10,15,6,30,95,95277,AUTOROUTE A3,48.9681117476,2.4778245103,Nuit sans éclairage public,Hors agglomération,Hors intersection,Normale,Deux véhicules - arrière,1,3,4,0,1,1,1,0,1,110,,2,1,0,0,1,59.0,33.0,,,3,1,1,1,2
202100013021,2021-10-16 05:20:00,2021,10,16,5,20,94,94018,A4,48.8176187265,2.4186579611,Nuit sans éclairage public,Hors agglomération,Hors intersection,Normale,Autre collision,1,1,5,0,1,1,1,0,1,90,,1,0,0,0,1,29.0,,,,3,1,1,1,6
202100013022,2021-10-15 06:00:00,2021,10,15,6,0,974,97416,LIGNE PARADIS(ROUTE DE LA),-21.31623,55.47856,Plein jour,Hors agglomération,Hors intersection,Normale,Deux véhicules - arrière,3,2,2,0,1,1,1,0,1,50,,2,1,0,0,1,63.0,49.0,,,1,1,1,1,2