accident_id,datetime,annee,mois,jour,heure,minute,departement,commune_insee,adresse,latitude,longitude,luminosite,agglomeration,intersection,meteo,collision,catr,circ,nbv,vosp,prof,plan,surf,infra,situ,vma,nb_vehicules,nb_usagers,nb_indemnes,nb_tues,nb_blesses_hosp,nb_blesses_legers,age_cond_1,age_cond_2,veh_type_cond_1,veh_type_cond_2,lum_code,agg_code,int_code,atm_code,col_code
202100013023,2021-10-12 13:45:00,2021,10,12,13,45,973,97302,PASTEUR (CITE),4.9382807266,-52.3137227297,Plein jour,En agglomération,Autre intersection,Normale,Autre collision,4,1,1,0,1,1,1,0,1,50,,2,1,0,0,1,,,,,1,2,9,1,6
202100013024,2021-10-15 14:35:00,2021,10,15,14,35,69,69386,GENERAL SARRAIL (DU) (Q),45.76468,4.84151,Plein jour,En agglomération,Intersection en T,Normale,Autre collision,4,1,3,1,1,1,1,0,5,50,,2,0,0,0,2,41.0,,,,1,2,3,1,6
202100013025,2021-10-14 16:10:00,2021,10,14,16,10,69,69259,EMILE ZOLA (R),45.70314,4.88744,Plein jour,En agglomération,Intersection en X,Normale,Deux véhicules - côté,7,1,3,0,1,1,1,0,1,50,,2,0,0,1,1,39.0,30.0,,,1,2,2,1,3
202100013026,2021-10-15 10:30:00,2021,10,15,10,30,69,69259,CHARLES DE GAULLE (AV),45.71954,4.88845,Plein jour,En agglomération,Hors intersection,Normale,Autre collision,7,1,2,0,1,3,1,1,1,50,,1,0,0,1,0,59.0,,,,1,2,1,1,6
202100013027,2021-10-15 00:30:00,2021,10,15,0,30,69,69259,LAURENT BONNEVAY (BD),45.71723,4.85516,Nuit avec éclairage allumé,En agglomération,Hors intersection,Normale,Autre collision,7,1,4,0,2,1,1,9,3,50,,2,0,0,2,0,27.0,,,,5,2,1,1,6
202100013028,2021-10-15 21:30:00,2021,10,15,21,30,69,69389,SERGENT MICHEL BERTHET (DU) (R),45.7681610376,4.8054027975,Nuit avec éclairage allumé,En agglomération,Giratoire,Normale,Deux véhicules - côté,4,2,3,3,1,1,1,5,1,50,,2,1,0,0,1,19.0,23.0,,,5,2,6,1,3
202100013029,2021-10-15 18:00:00,2021,10,15,18,0,69,69034,GENERAL LECLERC (AV),45.7988476362,4.8523789644,Plein jour,En agglomération,Autre intersection,Normale,Deux véhicules - côté,7,2,2,3,2,1,1,0,1,50,,2,1,0,1,0,43.0,31.0,,,1,2,9,1,3
202100013030,2021-10-15 16:10:00,2021,10,15,16,10,69,69202,COMMANDANT CHARCOT (DU) (R),45.7483103518,4.7926434875,Plein jour,En agglomération,Hors intersection,Normale,Deux véhicules - côté,4,2,2,0,1,1,1,0,1,50,,2,1,0,0,1,18.0,76.0,,,1,2,1,1,3
202100013031,2021-10-14 10:20:00,2021,10,14,10,20,2A,2A004,ALBERT 1ER BD,41.9129217709,8.7254166839,Plein jour,En agglomération,Hors intersection,Normale,Deux véhicules - frontale,3,2,3,0,1,1,1,0,1,50,,2,1,0,0,1,23.0,31.0,,,1,2,1,1,1
202100013032,2021-10-15 10:00:00,2021,10,15,10,0,91,91097,PL DE L ESPLANADE,48.69056,2.52906,Plein jour,En agglomération,Hors intersection,Normale,Autre collision,6,-1,0,0,1,1,1,9,1,30,,2,1,0,0,1,22.0,,,,1,2,1,1,6
202100013033,2021-10-14 17:26:00,2021,10,14,17,26,91,91223,SABLIERE (RUE DE LA)   ZI,48.45057,2.15966,Plein jour,En agglomération,Hors intersection,Normale,Deux véhicules - arrière,4,-1,2,0,1,1,1,0,1,50,,2,1,0,0,1,32.0,29.0,,,1,2,1,1,2
202100013034,2021-10-15 10:23:00,2021,10,15,10,23,87,87085,CASSEAUX (AVE DES) (VC),45.84001,1.28416,Plein jour,En agglomération,Hors intersection,Normale,Sans collision,4,2,2,0,1,1,1,0,1,50,,1,0,0,0,1,54.0,,,,1,2,1,1,7
202100013035,2021-10-14 15:22:00,2021,10,14,15,22,87,87050,RD947,45.86155,1.24097,Plein jour,Hors agglomération,Hors intersection,Normale,Sans collision,3,2,2,0,1,1,1,0,1,80,,2,1,0,0,1,58.0,47.0,,,1,1,1,1,7
202100013036,2021-10-13 17:31:00,2021,10,13,17,31,87,87085,MONNET (RUE JEAN),45.86055,1.28557,Plein jour,Hors agglomération,Hors intersection,Normale,Trois véhicules et plus - en chaîne,3,2,2,0,1,1,1,0,1,50,,3,2,0,0,1,45.0,48.0,,,1,1,1,1,4
202100013037,2021-10-14 14:45:00,2021,10,14,14,45,86,86194,Route de Nouaille,46.563809,0.365284,Plein jour,En agglomération,Giratoire,Normale,Deux véhicules - côté,3,1,2,0,1,4,1,0,1,50,,2,1,0,0,1,62.0,22.0,,,1,2,6,1,3
202100013038,2021-10-14 16:20:00,2021,10,14,16,20,83,83069,TOULON RD 554 (AVENUE DE),43.12332,6.11528,Plein jour,En agglomération,Hors intersection,Normale,Deux véhicules - frontale,7,2,2,0,1,1,1,0,1,50,,2,0,0,1,1,65.0,33.0,,,1,2,1,1,1
202100013039,2021-10-05 17:19:00,2021,10,5,17,19,83,83069,AICARD (RUE JEAN),43.11764,6.13029,Plein jour,En agglomération,Intersection en X,Normale,Autre collision,4,2,2,0,1,3,1,0,1,30,,2,1,0,0,1,31.0,,,,1,2,2,1,6
202100013040,2021-10-15 08:30:00,2021,10,15,8,30,78,78299,MICHELET (BOULEVARD),49.004196,1.899492,Crépuscule ou aube,En agglomération,Hors intersection,Normale,Deux véhicules - côté,3,2,2,0,1,1,1,0,1,50,,2,1,0,0,1,19.0,28.0,,,2,2,1,1,3
202100013041,2021-10-14 18:10:00,2021,10,14,18,10,77,77040,D24,48.50065,2.5629,Plein jour,En agglomération,Hors intersection,Normale,Deux véhicules - frontale,3,2,2,0,1,1,1,9,1,30,,1,0,0,1,0,63.0,,,,1,2,1,1,1
202100013042,2021-10-15 14:01:00,2021,10,15,14,1,77,77268,D344,48.86696,2.80749,Plein jour,En agglomération,Intersection en X,Normale,Deux véhicules - côté,3,3,2,0,1,1,1,5,1,50,,4,2,0,0,2,19.0,47.0,,,1,2,2,1,3
202100013043,2021-10-15 19:20:00,2021,10,15,19,20,72,72181,LEFEUVRE HENRI AV N° PAIRS,47.9926,0.19486,Crépuscule ou aube,En agglomération,Giratoire,Normale,Deux véhicules - côté,4,2,2,0,1,1,1,0,1,50,,2,1,0,0,1,23.0,32.0,,,2,2,6,1,3
202100013044,2021-10-14 13:55:00,2021,10,14,13,55,72,72181,WILBUR WRIGHT (RUE),48.00794,0.19808,Plein jour,En agglomération,Hors intersection,Normale,Deux véhicules - arrière,4,2,2,2,2,1,1,0,1,50,,2,1,0,0,1,17.0,36.0,,,1,2,1,1,2
202100013045,2021-10-12 07:40:00,2021,10,12,7,40,71,71270,RN 6 (ROUTE NATIONALE),46.362897,4.851525,Plein jour,En agglomération,Intersection en T,Normale,Deux véhicules - côté,3,2,3,0,1,1,1,5,1,70,,3,2,0,0,1,50.0,57.0,,,1,2,3,1,3
202100013046,2021-10-14 12:15:00,2021,10,14,12,15,71,71076,MONGE (RUE ),46.79709,4.84202,Plein jour,En agglomération,Intersection en T,Normale,Deux véhicules - côté,4,-1,2,0,1,1,1,0,1,50,,2,1,0,0,1,26.0,88.0,,,1,2,3,1,3
202100013047,2021-10-15 19:05:00,2021,10,15,19,5,69,69256,MAURICE THOREZ (AV),45.782410868,4.9127817165,Nuit avec éclairage allumé,En agglomération,Intersection en T,Normale,Deux véhicules - côté,4,2,2,0,1,1,1,0,1,50,,3,2,0,1,0,18.0,68.0,,,5,2,3,1,3
202100013048,2021-10-15 13:30:00,2021,10,15,13,30,69,69266,FONTANIERES (DE) (R),45.7718,4.8842,Plein jour,En agglomération,Hors intersection,Normale,Deux véhicules - frontale,4,2,2,0,1,1,1,0,1,50,,3,2,0,0,1,61.0,,,,1,2,1,1,1
202100013049,2021-10-15 14:50:00,2021,10,15,14,50,69,69266,CROIX LUIZET (DE) (PT),45.7826288775,4.8920863867,Plein jour,En agglomération,Hors intersection,Normale,Deux véhicules - frontale,4,2,2,0,4,2,1,2,1,50,,2,1,0,1,0,33.0,27.0,,,1,2,1,1,1
202100013050,2021-10-15 09:00:00,2021,10,15,9,0,69,69264,FRANS (DE) (RTE),45.984506123,4.7336941467,Plein jour,En agglomération,Hors intersection,Temps éblouissant,Deux véhicules - côté,3,1,1,2,1,2,1,0,1,50,,2,1,0,0,1,21.0,44.0,,,1,2,1,7,3
202100013051,2021-10-15 08:25:00,2021,10,15,8,25,66,66136,BAZY DU COMMANDANT,42.69179,2.88836,Plein jour,En agglomération,Intersection en X,Normale,Deux véhicules - côté,4,1,1,0,1,1,1,0,1,50,,2,0,0,0,2,32.0,29.0,,,1,2,2,1,3
202100013052,2021-10-14 16:45:00,2021,10,14,16,45,66,66136,R D 900,42.69634,2.86337,Plein jour,Hors agglomération,Hors intersection,Normale,Deux véhicules - arrière,3,3,4,0,1,1,1,3,1,90,,2,1,0,0,1,29.0,27.0,,,1,1,1,1,2
202100013053,2021-10-14 13:55:00,2021,10,14,13,55,65,65440,GARIGLIANO (BOULEVARD),43.245333,0.06348,Plein jour,En agglomération,Hors intersection,Normale,Autre collision,4,2,2,0,1,1,1,6,1,50,,2,1,0,0,1,34.0,,,,1,2,1,1,6
202100013054,2021-10-15 18:12:00,2021,10,15,18,12,64,64189,PAUL GELOS (RUE),43.37853,-1.67073,Plein jour,En agglomération,Hors intersection,Normale,Deux véhicules - côté,3,2,3,3,1,1,1,0,1,50,,2,1,0,0,1,40.0,16.0,,,1,2,1,1,3
202100013055,2021-10-14 12:25:00,2021,10,14,12,25,64,64024,ROUTE DE PITOYS,43.46322,-1.51889,Plein jour,En agglomération,Hors intersection,Normale,Sans collision,4,2,2,0,4,1,1,0,1,50,,1,0,0,0,1,52.0,,,,1,2,1,1,7
202100013056,2021-10-15 13:30:00,2021,10,15,13,30,63,63300,RD2029,45.8913065486,3.1102305651,Plein jour,En agglomération,Intersection en Y,Normale,Deux véhicules - côté,3,3,2,0,1,1,1,0,1,50,,2,0,0,2,0,54.0,50.0,,,1,2,4,1,3
202100013057,2021-10-13 12:00:00,2021,10,13,12,0,62,62193,GUYNEMER (AVENUE G.),50.9498,1.893009,Plein jour,En agglomération,Hors intersection,Normale,Deux véhicules - côté,4,3,0,2,1,1,1,0,1,50,,2,1,0,0,1,58.0,24.0,,,1,2,1,1,3
202100013058,2021-10-10 02:00:00,2021,10,10,2,0,59,59526,RTE DE CONDE,50.4571260637,3.4717011452,Nuit sans éclairage public,Hors agglomération,Hors intersection,Normale,Autre collision,3,2,2,0,1,1,1,0,3,90,,2,1,0,1,0,51.0,,,,3,1,1,1,6
202100013059,2021-10-15 14:30:00,2021,10,15,14,30,59,59599,GUERRE (RUE FIN DE LA),50.72998,3.14151,Plein jour,En agglomération,Intersection en T,Normale,Autre collision,4,2,2,0,1,1,1,0,1,50,,2,1,0,0,1,12.0,39.0,,,1,2,3,1,6
202100013060,2021-10-14 19:15:00,2021,10,14,19,15,59,59508,BILLEMONT (RUE),50.75957,3.1338,Crépuscule ou aube,En agglomération,Intersection en X,Normale,Deux véhicules - côté,7,2,2,0,1,1,1,0,1,50,,5,1,0,0,4,56.0,32.0,,,2,2,2,1,3
202100013061,2021-10-15 18:17:00,2021,10,15,18,17,59,59512,DE GAULLE  (BOULEVARD DU GENERAL),50.6843699288,3.1713719823,Plein jour,En agglomération,Autre intersection,Normale,Deux véhicules - côté,7,-1,1,0,2,1,1,0,1,50,,2,1,0,1,0,23.0,25.0,,,1,2,9,1,3
202100013062,2021-10-15 17:40:00,2021,10,15,17,40,59,59350,MOSELLE BOULEVARD N°IMPAIRS,50.62384,3.02857,Plein jour,En agglomération,Autre intersection,Normale,Deux véhicules - arrière,7,1,3,0,1,1,1,0,8,50,,2,0,0,1,1,47.0,42.0,,,1,2,9,1,2
202100013063,2021-10-15 13:10:00,2021,10,15,13,10,59,59247,TRESSIN RUE DE,50.62841,3.19581,Plein jour,En agglomération,Hors intersection,Pluie légère,Deux véhicules - frontale,4,2,2,0,1,1,2,0,1,50,,2,0,0,2,0,48.0,22.0,,,1,2,1,2,1
202100013064,2021-10-15 13:30:00,2021,10,15,13,30,59,59360,JOFFRE RUE DU MARECHAL,50.61493,3.00711,Plein jour,En agglomération,Hors intersection,Pluie forte,Deux véhicules - arrière,4,-1,2,0,1,1,2,0,1,50,,2,1,0,0,1,21.0,17.0,,,1,2,1,3,2
202100013065,2021-10-14 12:54:00,2021,10,14,12,54,59,59378,LISFRANC-CROISE LAROCHE PLACE,50.66498,3.10217,Plein jour,En agglomération,Intersection en T,Temps couvert,Deux véhicules - côté,7,2,8,1,1,1,1,9,1,50,,2,1,0,0,1,50.0,23.0,,,1,2,3,8,3
202100013066,2021-10-14 09:15:00,2021,10,14,9,15,56,56121,CHAZELLES ( COURS LOUIS  DE ),47.75481,-3.3635,Plein jour,En agglomération,Intersection en T,Normale,Deux véhicules - arrière,4,2,4,3,1,1,1,0,1,30,,2,1,0,0,1,35.0,22.0,,,1,2,3,1,2
202100013067,2021-10-14 17:30:00,2021,10,14,17,30,56,56121,COLBERT (RUE),47.7511905,-3.3586319,Plein jour,En agglomération,Intersection en T,Normale,Deux véhicules - frontale,4,4,2,2,1,1,1,0,5,30,,2,1,0,0,1,35.0,51.0,,,1,2,3,1,1
202100013068,2021-10-14 17:45:00,2021,10,14,17,45,56,56083,Toul Douar,47.7963,-3.30153,Plein jour,En agglomération,Hors intersection,Normale,Deux véhicules - côté,3,3,4,0,1,1,1,0,1,50,,2,1,0,0,1,22.0,56.0,,,1,2,1,1,3
202100013069,2021-10-14 17:00:00,2021,10,14,17,0,56,56162,Boulevard des Sables Blancs,47.7278,-3.49388,Plein jour,Hors agglomération,Hors intersection,Normale,Deux véhicules - côté,3,2,2,0,1,1,1,0,1,30,,2,1,0,0,1,76.0,25.0,,,1,1,1,1,3
202100013070,2021-10-13 18:05:00,2021,10,13,18,5,56,56121,MERVILLE (RUE  JEAN DE ),47.7448066,-3.37790027,Plein jour,En agglomération,Intersection en T,Temps éblouissant,Deux véhicules - arrière,4,2,2,0,1,1,1,0,1,30,,2,1,0,0,1,40.0,18.0,,,1,2,3,7,2
202100013071,2021-10-12 18:32:00,2021,10,12,18,32,56,56121,SCORFF ( BD DU ),47.76224,-3.36672,Plein jour,En agglomération,Giratoire,Normale,Deux véhicules - côté,4,3,4,3,1,1,1,5,1,30,,2,1,0,0,1,27.0,34.0,,,1,2,6,1,3
202100013072,2021-10-15 14:00:00,2021,10,15,14,0,54,54395,Rue Lecreulx,48.6987863288,6.1877179329,Plein jour,En agglomération,Intersection en X,Normale,Autre collision,4,3,4,2,1,1,1,-1,1,50,,2,1,0,0,1,50.0,,,,1,2,2,1,6
202100013073,2021-10-14 19:45:00,2021,10,14,19,45,51,51454,Rue Gambetta,49.2454632875,4.0401100253,Nuit avec éclairage allumé,En agglomération,Intersection en X,Normale,Deux véhicules - côté,4,2,3,3,1,1,1,9,1,50,,2,1,0,1,0,26.0,56.0,,,5,2,2,1,3
202100013074,2021-10-14 12:05:00,2021,10,14,12,5,51,51454,Rue Notre Dame de l’Epine,49.257523779,4.0353308227,Plein jour,En agglomération,Hors intersection,Normale,Sans collision,4,1,1,0,1,1,1,6,1,50,,4,3,0,0,1,19.0,,,,1,2,1,1,7
202100013075,2021-10-13 12:30:00,2021,10,13,12,30,51,51573,Rue Pasteur,49.2484750555,4.0004509243,Plein jour,En agglomération,Hors intersection,Normale,Deux véhicules - côté,4,2,2,0,1,1,1,0,1,50,,4,3,0,0,1,28.0,43.0,,,1,2,1,1,3
202100013076,2021-09-17 08:30:00,2021,9,17,8,30,50,50129,PAUL (RUE MARCEL),49.63242,-1.62696,Plein jour,En agglomération,Hors intersection,Normale,Sans collision,4,2,1,0,2,1,1,0,1,50,,2,1,0,0,1,35.0,49.0,,,1,2,1,1,7
202100013077,2021-10-15 12:23:00,2021,10,15,12,23,49,49007,RABELAIS,47.4611,-0.54656,Plein jour,En agglomération,Hors intersection,Normale,Deux véhicules - côté,4,2,2,0,1,1,1,0,1,50,,3,2,0,0,1,20.0,16.0,,,1,2,1,1,3
202100013078,2021-10-14 14:57:00,2021,10,14,14,57,49,49007,DAGUENET,47.475165,-0.527389,Plein jour,En agglomération,Hors intersection,Normale,Deux véhicules - arrière,4,2,2,0,1,1,1,0,1,50,,2,1,0,0,1,33.0,54.0,,,1,2,1,1,2
202100013079,2021-10-13 17:45:00,2021,10,13,17,45,49,49007,FOCH BOULEVARD,47.46926,-0.54946,Plein jour,En agglomération,Hors intersection,Normale,Autre collision,4,3,2,0,1,1,1,0,1,30,,2,1,0,1,0,19.0,,,,1,2,1,1,6
202100013080,2021-10-15 16:15:00,2021,10,15,16,15,44,44143,RUE DE LA CALIFORNIE,47.19226,-1.58393,Plein jour,En agglomération,Hors intersection,Normale,Trois véhicules et plus - collisions multiples,4,2,0,0,1,1,1,0,1,30,,3,1,0,0,2,57.0,65.0,,,1,2,1,1,5
202100013081,2021-10-09 05:25:00,2021,10,9,5,25,44,44109,QUAI DE LA FOSSE,47.208824,-1.568112,Nuit avec éclairage allumé,En agglomération,Hors intersection,Normale,Autre collision,4,3,7,3,1,1,1,0,1,30,,2,1,1,0,0,29.0,,,,5,2,1,1,6
202100013082,2021-10-15 15:30:00,2021,10,15,15,30,44,44109,MALAKOFF ( QUAI DE ),47.21313,-1.53712,Plein jour,En agglomération,Giratoire,Normale,Deux véhicules - côté,4,1,0,0,1,2,1,0,1,50,,2,1,0,1,0,22.0,22.0,,,1,2,6,1,3
202100013083,2021-10-15 13:10:00,2021,10,15,13,10,37,37208,MOULIN A VENT (RUE DU),47.3503007562,0.74046379,Plein jour,En agglomération,Intersection en X,Normale,Autre collision,4,2,2,0,1,1,1,0,1,50,,2,1,0,0,1,67.0,61.0,,,1,2,2,1,6
202100013084,2021-10-15 20:30:00,2021,10,15,20,30,35,35238,CHATEAUGIRON (DE),48.09874,-1.64487,Nuit avec éclairage allumé,En agglomération,Hors intersection,Normale,Sans collision,4,2,2,1,1,1,1,0,1,50,,1,0,0,0,1,61.0,,,,5,2,1,1,7
202100013085,2021-10-15 09:20:00,2021,10,15,9,20,35,35238,NANTES (DE),48.10096,-1.68517,Plein jour,En agglomération,Intersection en T,Normale,Deux véhicules - côté,4,2,3,3,2,1,1,0,1,50,,2,1,0,0,1,22.0,53.0,,,1,2,3,1,3
202100013086,2021-10-15 12:10:00,2021,10,15,12,10,33,33249,QUAI ELISABETH DUPEYRON,44.87288,-0.53723,Plein jour,En agglomération,Hors intersection,Normale,Deux véhicules - côté,4,2,3,0,1,1,1,0,1,50,,2,1,0,1,0,47.0,34.0,,,1,2,1,1,3
202100013087,2021-10-15 12:50:00,2021,10,15,12,50,33,33063,Avenue d'Eysines,44.8581,-0.60518,Plein jour,En agglomération,Intersection en X,Normale,Deux véhicules - côté,4,2,2,0,1,1,1,0,1,30,,3,1,0,1,1,52.0,50.0,,,1,2,2,1,3
202100013088,2021-10-15 12:40:00,2021,10,15,12,40,33,33167,Rue Aristide Bergès,44.82116,-0.53015,Plein jour,En agglomération,Hors intersection,Normale,Deux véhicules - côté,4,2,2,0,1,1,1,0,1,50,,2,1,0,0,1,31.0,28.0,,,1,2,1,1,3
202100013089,2021-10-15 05:40:00,2021,10,15,5,40,31,31555,POLE (RUE DU) DU 1AU 2,43.64737,1.42017,Nuit avec éclairage allumé,En agglomération,Hors intersection,Normale,Deux véhicules - côté,4,2,2,0,2,1,1,0,1,50,,3,1,0,0,2,42.0,31.0,,,5,2,1,1,3
202100013090,2021-10-15 02:20:00,2021,10,15,2,20,31,31555,ECHANGEUR ST MARTIN ( A624-RD 901),43.61087,1.3841,Nuit avec éclairage non allumé,Hors agglomération,Hors intersection,Normale,Sans collision,1,1,2,0,2,3,1,3,1,70,,1,0,0,0,1,26.0,,,,4,1,1,1,7
202100013091,2021-10-15 10:52:00,2021,10,15,10,52,27,27681,ARDECHE (AVENUE DE L'),49.084,1.478,Plein jour,En agglomération,Intersection en X,Normale,Deux véhicules - côté,4,2,2,0,1,1,1,0,1,50,,2,1,0,1,0,38.0,48.0,,,1,2,2,1,3
202100013092,2021-10-15 13:30:00,2021,10,15,13,30,27,27375,CLEMENCEAU (BOULEVARD GEORGES),49.21015,1.17043,Plein jour,En agglomération,Giratoire,Normale,Autre collision,3,2,1,0,1,1,1,0,1,50,,2,1,0,0,1,59.0,,,,1,2,6,1,6
202100013093,2021-10-15 23:20:00,2021,10,15,23,20,18,18033,VAUVERT (RUE DE),47.08389,2.37559,Nuit avec éclairage allumé,En agglomération,Intersection en T,Normale,Deux véhicules - arrière,4,2,2,0,1,1,1,9,1,30,,2,1,0,1,0,26.0,65.0,,,5,2,3,1,2
202100013094,2021-10-15 21:10:00,2021,10,15,21,10,13,13201,LÉON GAMBETTA (ALLEE),43.29921,5.38106,Nuit avec éclairage allumé,En agglomération,Intersection en T,Normale,Deux véhicules - côté,4,-1,6,0,1,1,1,0,1,50,,2,1,0,0,1,,45.0,,,5,2,3,1,3
202100013095,2021-10-15 08:30:00,2021,10,15,8,30,13,13211,PEINTRES ROUX (avenue),43.29997,5.47694,Plein jour,En agglomération,Hors intersection,Normale,Deux véhicules - arrière,7,3,4,0,2,1,1,0,8,30,,2,1,0,0,1,24.0,36.0,,,1,2,1,1,2
202100013096,2021-10-14 15:30:00,2021,10,14,15,30,13,13202,DAMES (BOULEVARD DES),43.30316,5.36548,Plein jour,En agglomération,Hors intersection,Normale,Deux véhicules - côté,4,2,4,0,1,1,1,0,1,50,,2,1,0,0,1,26.0,16.0,,,1,2,1,1,3
202100013097,2021-10-15 14:10:00,2021,10,15,14,10,11,11069,COLLINES -BD-,43.20186,2.39093,Plein jour,En agglomération,Hors intersection,Normale,Sans collision,4,2,2,0,1,1,1,0,8,50,,3,2,0,0,1,21.0,,,,1,2,1,1,7
202100013098,2021-10-15 18:32:00,2021,10,15,18,32,10,10081,TILLEULS (RUE DES),48.3288,4.046,Plein jour,En agglomération,Hors intersection,Normale,Autre collision,4,2,2,0,1,2,1,0,4,50,,1,0,0,0,1,21.0,,,,1,2,1,1,6
202100013099,2021-10-15 18:13:00,2021,10,15,18,13,10,10081,ROCADE EST (RD 610),48.32781,4.06099,Plein jour,Hors agglomération,Hors intersection,Normale,Deux véhicules - arrière,3,3,4,0,1,1,1,0,1,110,,2,1,0,0,1,59.0,36.0,,,1,1,1,1,2
202100013100,2021-10-15 15:00:00,2021,10,15,15,0,07,07102,CHARLES DE GAULLE (BOULEVARD),44.93205,4.8816,Plein jour,En agglomération,Hors intersection,Normale,Sans collision,4,2,2,0,1,2,1,0,1,50,,1,0,0,0,1,15.0,,,,1,2,1,1,7
202100013101,2021-10-16 01:02:00,2021,10,16,1,2,06,06029,REPUBLIQUE (BOULEVARD DE LA),43.553592,7.02501,Nuit avec éclairage allumé,En agglomération,Hors intersection,Normale,Autre collision,3,2,2,0,1,1,1,0,1,50,,2,1,0,1,0,19.0,,,,5,2,1,1,6
202100013102,2021-10-14 12:15:00,2021,10,14,12,15,05,05023,GAP (ROUTE DE   RN94),44.89467,6.63009,Plein jour,En agglomération,Intersection en X,Normale,Deux véhicules - côté,2,2,4,0,1,1,1,9,1,50,,3,1,0,1,1,65.0,23.0,,,1,2,2,1,3
202100013103,2021-09-17 11:34:00,2021,9,17,11,34,03,03310,LYAUTEY (RUE DU MARECHAL),46.119691,3.4333668,Plein jour,En agglomération,Intersection en X,Normale,Deux véhicules - côté,3,2,2,0,2,1,1,0,1,50,,2,1,0,1,0,21.0,73.0,,,1,2,2,1,3
202100013104,2021-10-15 08:00:00,2021,10,15,8,0,75,75116,BOULEVARD PERIPHERIQUE INTERIEUR OUEST,48.849763,2.252406,Plein jour,En agglomération,Hors intersection,Normale,Deux véhicules - côté,4,1,4,0,1,1,1,0,1,70,,2,1,0,0,1,48.0,26.0,,,1,2,1,1,3
202100013105,2021-10-13 16:33:00,2021,10,13,16,33,75,75108,AVENUE DES CHAMPS ELYSEES,48.869376,2.308938,Plein jour,En agglomération,Hors intersection,Temps éblouissant,Autre collision,4,2,4,1,1,1,1,0,1,50,,2,1,1,0,0,62.0,,,,1,2,1,7,6
202100013106,2021-10-15 13:20:00,2021,10,15,13,20,75,75120,RUE DE TERRE NEUVE,48.854334,2.397925,Plein jour,En agglomération,Intersection en X,Normale,Deux véhicules - côté,4,1,1,0,1,1,1,0,1,30,,3,2,0,0,1,45.0,29.0,,,1,2,2,1,3
202100013107,2021-10-15 10:45:00,2021,10,15,10,45,75,75119,RUE DE BELLEVILLE,48.873287,2.381915,Plein jour,En agglomération,Intersection en T,Normale,Autre collision,4,2,2,0,2,1,1,0,1,30,,2,0,0,0,2,18.0,,,,1,2,3,1,6
202100013108,2021-10-14 19:30:00,2021,10,14,19,30,75,75116,ALLEE DE LONGCHAMP,48.872151,2.263386,Nuit avec éclairage allumé,En agglomération,Hors intersection,Normale,Deux véhicules - frontale,4,2,2,1,1,1,1,-1,5,50,,2,1,0,0,1,55.0,54.0,,,5,2,1,1,1
202100013109,2021-10-14 09:40:00,2021,10,14,9,40,75,75116,AVENUE DE L HIPPODROME,48.857831,2.250269,Plein jour,En agglomération,Intersection en X,Normale,Deux véhicules - arrière,4,2,2,0,1,1,1,0,1,50,,2,0,0,2,0,61.0,28.0,,,1,2,2,1,2
202100013110,2021-10-15 17:35:00,2021,10,15,17,35,75,75115,RUE DE VAUGIRARD,48.836095,2.293983,Plein jour,En agglomération,Intersection en T,Normale,Autre collision,4,1,3,1,1,1,1,0,1,30,,2,1,0,0,1,26.0,,,,1,2,3,1,6
202100013111,2021-10-15 08:55:00,2021,10,15,8,55,75,75114,RUE DE LA TOMBE ISSOIRE,48.825948,2.331703,Plein jour,En agglomération,Intersection en X,Normale,Deux véhicules - côté,4,2,2,1,2,1,1,-1,5,50,,2,1,0,0,1,26.0,28.0,,,1,2,2,1,3
202100013112,2021-10-15 15:10:00,2021,10,15,15,10,75,75113,BOULEVARD VINCENT AURIOL,48.835482,2.369294,Plein jour,En agglomération,Hors intersection,Normale,Deux véhicules - côté,4,1,2,1,2,1,1,0,1,30,,2,1,0,0,1,34.0,36.0,,,1,2,1,1,3
202100013113,2021-10-15 06:50:00,2021,10,15,6,50,75,75112,PLACE LACHAMBEAUDIE,48.835901,2.386498,Nuit avec éclairage allumé,En agglomération,Place,Normale,Sans collision,4,1,2,3,1,2,1,0,1,30,,1,0,0,0,1,24.0,,,,5,2,7,1,7
202100013114,2021-10-15 14:35:00,2021,10,15,14,35,75,75109,RUE DE LA VICTOIRE,48.875018,2.331403,Plein jour,En agglomération,Intersection en X,Normale,Deux véhicules - côté,4,1,1,0,1,1,1,0,1,30,,3,2,0,0,1,17.0,,,,1,2,2,1,3
202100013115,2021-10-15 08:50:00,2021,10,15,8,50,75,75109,BOULEVARD HAUSSMANN,48.872958,2.333291,Plein jour,En agglomération,Intersection à plus de 4 branches,Normale,Deux véhicules - côté,4,1,3,0,1,1,1,0,1,30,,2,1,0,0,1,52.0,62.0,,,1,2,5,1,3
202100013116,2021-10-15 07:40:00,2021,10,15,7,40,94,94068,Rue Béranger,48.79281,2.49436,Crépuscule ou aube,En agglomération,Hors intersection,Normale,Autre collision,4,2,1,0,1,1,1,0,1,30,,2,1,0,0,1,22.0,,,,2,2,1,1,6
202100013117,2021-10-14 18:30:00,2021,10,14,18,30,94,94076,Rue Henri Barbusse,48.804634,2.369361,Nuit avec éclairage allumé,En agglomération,Hors intersection,Normale,Deux véhicules - frontale,4,2,2,0,1,1,1,0,1,50,,3,1,0,0,2,23.0,22.0,,,5,2,1,1,1
202100013118,2021-10-15 20:00:00,2021,10,15,20,0,94,94041,Quai Marcel Boyer,48.824453,2.39005,Nuit avec éclairage allumé,En agglomération,Hors intersection,Normale,Deux véhicules - côté,3,-1,2,0,1,1,1,0,1,50,,2,1,0,0,1,33.0,56.0,,,5,2,1,1,3