accident_id,datetime,annee,mois,jour,heure,minute,departement,commune_insee,adresse,latitude,longitude,luminosite,agglomeration,intersection,meteo,collision,catr,circ,nbv,vosp,prof,plan,surf,infra,situ,vma,nb_vehicules,nb_usagers,nb_indemnes,nb_tues,nb_blesses_hosp,nb_blesses_legers,age_cond_1,age_cond_2,veh_type_cond_1,veh_type_cond_2,lum_code,agg_code,int_code,atm_code,col_code
202100013119,2021-10-15 23:15:00,2021,10,15,23,15,94,94073,Avenue du Luxembourg,48.7563773797,2.3741412163,Nuit avec éclairage allumé,En agglomération,Autre intersection,Normale,Deux véhicules - côté,4,1,1,0,1,1,1,9,8,15,,3,2,0,0,1,41.0,18.0,,,5,2,9,1,3
202100013120,2021-10-15 15:45:00,2021,10,15,15,45,94,94034,Avenue Edouard Herriot,48.75598,2.3281,Plein jour,En agglomération,Hors intersection,Normale,Autre collision,3,3,1,0,1,1,1,6,1,30,,6,5,0,0,1,38.0,,,,1,2,1,1,6
202100013121,2021-10-14 23:20:00,2021,10,14,23,20,94,94073,Boulevard de Stalingrad,48.769227,2.402218,Nuit avec éclairage allumé,En agglomération,Hors intersection,Normale,Autre collision,3,1,2,0,1,1,1,0,1,50,,2,1,0,0,1,41.0,,,,5,2,1,1,6
202100013122,2021-10-15 11:30:00,2021,10,15,11,30,94,94018,Rue de Paris,48.828827,2.403164,Plein jour,En agglomération,Hors intersection,Normale,Deux véhicules - côté,3,2,2,2,1,1,1,0,5,30,,2,1,0,0,1,57.0,30.0,,,1,2,1,1,3
202100013123,2021-10-13 15:30:00,2021,10,13,15,30,94,94002,VAILLANT COUTURIER (R),48.80922,2.41697,Plein jour,En agglomération,Hors intersection,Normale,Deux véhicules - frontale,4,1,1,0,1,1,2,0,1,50,,2,1,0,0,1,42.0,,,,1,2,1,1,1
202100013124,2021-10-15 15:20:00,2021,10,15,15,20,93,93073,HOTEL DE VILLE (BOULEVARD DE L'),48.95093,2.5677,Plein jour,En agglomération,Hors intersection,Normale,Deux véhicules - arrière,4,1,1,0,1,1,1,0,1,50,,2,1,0,0,1,47.0,23.0,,,1,2,1,1,2
202100013125,2021-10-15 14:00:00,2021,10,15,14,0,93,93073,CHAPIT RE ( RUE DU),49.0,2.54,Plein jour,Hors agglomération,Autre intersection,Normale,Autre collision,9,1,2,0,1,1,1,9,8,50,,1,0,0,0,1,54.0,,,,1,1,9,1,6
202100013126,2021-10-15 20:15:00,2021,10,15,20,15,93,93072,JULES GUESDE (AVENUE) COTE N° IMPAIRS,48.96324,2.38577,Nuit avec éclairage allumé,En agglomération,Intersection en T,Normale,Deux véhicules - côté,3,2,1,0,1,1,1,0,1,50,,3,1,0,0,2,27.0,29.0,,,5,2,3,1,3
202100013127,2021-10-13 01:25:00,2021,10,13,1,25,93,93070,CHARLES SCHMIDT(RUE) : APRES 49,48.90159,2.33479,Nuit avec éclairage allumé,En agglomération,Intersection en Y,Normale,Deux véhicules - côté,4,2,2,0,1,1,1,0,1,50,,2,1,0,0,1,18.0,36.0,,,5,2,4,1,3
202100013128,2021-10-13 13:30:00,2021,10,13,13,30,93,93066,METALLURGIE (AVENUE),48.9091,2.36476,Plein jour,En agglomération,Autre intersection,Normale,Deux véhicules - côté,4,2,2,0,1,1,1,5,1,50,,2,1,0,0,1,24.0,66.0,,,1,2,9,1,3
202100013129,2021-10-15 18:15:00,2021,10,15,18,15,93,93050,MARECHAL LECLERCQ (AVENUE) COTE PAIR,48.86021,2.5393,Plein jour,En agglomération,Hors intersection,Normale,Deux véhicules - arrière,3,1,2,0,1,1,1,0,1,50,,2,1,0,0,1,48.0,48.0,,,1,2,1,1,2
202100013130,2021-10-14 23:35:00,2021,10,14,23,35,93,93048,DESGRANGES (RUE),48.8537507183,2.4439029367,Nuit avec éclairage allumé,En agglomération,Hors intersection,Normale,Autre collision,4,2,1,0,1,1,1,0,1,50,,2,0,0,0,2,40.0,,,,5,2,1,1,6
202100013131,2021-10-14 08:25:00,2021,10,14,8,25,93,93048,DOCTEUR FERNAND LAMAZE (AVENUE DU),48.8769756312,2.45149837,Plein jour,En agglomération,Hors intersection,Normale,Trois véhicules et plus - collisions multiples,4,1,1,0,1,1,1,0,1,30,,3,2,0,0,1,46.0,27.0,,,1,2,1,1,5
202100013132,2021-10-15 17:00:00,2021,10,15,17,0,93,93074,Route Nationale 3,48.93384,2.58546,Plein jour,En agglomération,Hors intersection,Normale,Autre collision,3,1,4,0,1,1,1,0,1,110,,1,0,0,0,1,22.0,,,,1,2,1,1,6
202100013133,2021-10-15 07:40:00,2021,10,15,7,40,93,93079,SAINT LEU (ROUTE),48.9510547932,2.3394885184,Nuit avec éclairage allumé,En agglomération,Intersection en T,Normale,Deux véhicules - côté,3,2,2,0,1,1,1,0,1,50,,4,3,0,0,1,20.0,20.0,,,5,2,3,1,3
202100013134,2021-10-11 07:59:00,2021,10,11,7,59,93,93029,BOIS DE GROSLAY (DES),48.91826,2.46549,Plein jour,En agglomération,Hors intersection,Temps couvert,Sans collision,4,2,2,0,1,1,1,9,1,30,,2,1,0,0,1,,14.0,,,1,2,1,8,7
202100013135,2021-10-13 13:00:00,2021,10,13,13,0,93,93027,ROCHET (RUE WALDECK),48.9408720904,2.4091923237,Plein jour,En agglomération,Hors intersection,Normale,Trois véhicules et plus - en chaîne,3,2,2,0,3,1,1,0,1,50,,4,3,0,0,1,25.0,23.0,,,1,2,1,1,4
202100013136,2021-10-15 18:05:00,2021,10,15,18,5,93,93014,GAGARINE (BOULEVARD),48.9056170804,2.5404392207,Plein jour,En agglomération,Hors intersection,Normale,Deux véhicules - côté,3,2,4,1,2,3,1,0,4,50,,2,1,0,0,1,58.0,,,,1,2,1,1,3
202100013137,2021-10-15 08:00:00,2021,10,15,8,0,93,93047,MUGUETS  (AVENUE DES),48.894247,2.551038,Crépuscule ou aube,En agglomération,Intersection en X,Normale,Deux véhicules - côté,4,2,2,0,1,1,1,5,1,30,,2,1,0,1,0,26.0,,,,2,2,2,1,3
202100013138,2021-10-15 15:00:00,2021,10,15,15,0,93,93010,STAINS (RTE DE),48.9040903932,2.4709189566,Plein jour,En agglomération,Intersection en X,Normale,Autre collision,3,1,3,0,4,1,1,0,1,50,,2,1,0,0,1,64.0,,,,1,2,2,1,6
202100013139,2021-10-15 13:10:00,2021,10,15,13,10,93,93057,SCHACHER (AL.),48.9154955162,2.5086511444,Plein jour,En agglomération,Hors intersection,Normale,Deux véhicules - côté,4,2,2,0,1,1,1,0,1,30,,2,1,0,1,0,38.0,14.0,,,1,2,1,1,3
202100013140,2021-10-15 19:25:00,2021,10,15,19,25,93,93005,TURGOT (RUE),48.9306273664,2.4832001601,Nuit avec éclairage allumé,En agglomération,Intersection en X,Normale,Deux véhicules - côté,3,3,0,0,1,1,1,0,1,50,,2,1,0,0,1,,23.0,,,5,2,2,1,3
202100013141,2021-10-15 07:57:00,2021,10,15,7,57,93,93027,JEAN JAURES (AVE) 55 A 129,48.91801,2.4077,Crépuscule ou aube,En agglomération,Intersection en T,Normale,Deux véhicules - frontale,3,3,2,0,1,1,1,0,1,30,,2,1,0,0,1,18.0,60.0,,,2,2,3,1,1
202100013142,2021-10-15 21:53:00,2021,10,15,21,53,92,92064,BUZENVAL,48.85125,2.20711,Nuit avec éclairage allumé,En agglomération,Autre intersection,Normale,Sans collision,4,2,2,1,2,1,1,9,1,50,,1,0,0,0,1,31.0,,,,5,2,9,1,7
202100013143,2021-10-08 14:57:00,2021,10,8,14,57,92,92063,DOUMER (AVENUE PAUL) EST,48.8830315111,2.1894858778,Plein jour,En agglomération,Intersection en X,Normale,Deux véhicules - côté,3,2,2,0,1,1,1,5,1,50,,2,1,0,0,1,76.0,26.0,,,1,2,2,1,3
202100013144,2021-10-14 10:05:00,2021,10,14,10,5,92,92063,FOUILLEUSE (AVENUE DE),48.8621732541,2.1960452199,Plein jour,En agglomération,Hors intersection,Normale,Autre collision,4,2,0,0,1,1,1,0,1,50,,2,1,0,0,1,26.0,,,,1,2,1,1,6
202100013145,2021-10-15 00:45:00,2021,10,15,0,45,92,92040,GENERAL DE GAULLE (AVE DU) 78 A 158,48.81952,2.27891,Nuit avec éclairage allumé,En agglomération,Intersection en X,Normale,Deux véhicules - côté,3,2,2,0,1,1,1,0,1,50,,2,1,0,0,1,44.0,33.0,,,5,2,2,1,3
202100013146,2021-10-15 19:50:00,2021,10,15,19,50,92,92025,HENRI BARBUSSE (AV),48.921561,2.252669,Nuit avec éclairage non allumé,En agglomération,Hors intersection,Normale,Autre collision,3,2,2,0,1,1,1,0,1,50,,2,1,0,0,1,34.0,46.0,,,4,2,1,1,6
202100013147,2021-10-15 18:20:00,2021,10,15,18,20,92,92025,HENRI BARBUSSE (AV),48.918705,2.252646,Crépuscule ou aube,En agglomération,Hors intersection,Normale,Sans collision,3,2,2,1,1,1,1,0,1,50,,1,0,0,0,1,60.0,,,,2,2,1,1,7
202100013148,2021-10-15 08:25:00,2021,10,15,8,25,92,92025,GABRIEL PERI (RUE),48.9182,2.238866,Plein jour,En agglomération,Hors intersection,Normale,Autre collision,4,3,4,3,1,1,1,6,8,50,,2,1,0,0,1,,,,,1,2,1,1,6
202100013149,2021-10-15 09:20:00,2021,10,15,9,20,92,92019,GENERAL LECLERC (PLACE DU - aucun n°),48.77667,2.23043,Plein jour,En agglomération,Hors intersection,Normale,Deux véhicules - côté,3,1,4,0,1,1,1,0,1,50,,2,1,0,0,1,59.0,25.0,,,1,2,1,1,3
202100013150,2021-10-15 15:35:00,2021,10,15,15,35,76,76715,D6015,49.59679,0.606265,Plein jour,Hors agglomération,Hors intersection,Normale,Deux véhicules - côté,3,2,2,0,1,1,1,0,1,80,,2,1,0,1,0,40.0,63.0,,,1,1,1,1,3
202100013151,2021-10-08 11:45:00,2021,10,8,11,45,60,60365,,49.5945505057,2.0318062595,Plein jour,Hors agglomération,Intersection en T,Normale,Deux véhicules - frontale,3,2,1,0,3,1,1,0,1,80,,2,1,0,0,1,54.0,36.0,,,1,1,3,1,1
202100013152,2021-10-14 19:20:00,2021,10,14,19,20,68,68209,Route du Vin,48.155064,7.319963,Nuit avec éclairage allumé,Hors agglomération,Hors intersection,Normale,Autre collision,3,2,2,0,1,1,1,0,1,80,,2,0,0,1,1,16.0,,,,5,1,1,1,6
202100013153,2021-10-15 17:45:00,2021,10,15,17,45,30,30005,D901,44.298513,4.535613,Plein jour,Hors agglomération,Hors intersection,Normale,Deux véhicules - frontale,3,2,2,0,1,1,1,0,1,80,,2,1,0,0,1,70.0,43.0,,,1,1,1,1,1
202100013154,2021-10-13 19:45:00,2021,10,13,19,45,56,56257,Rue du Point du Jour,48.096856,-2.536865,Nuit sans éclairage public,En agglomération,Intersection en T,Normale,Deux véhicules - côté,4,2,2,0,1,1,1,0,1,50,,2,1,0,0,1,21.0,42.0,,,3,2,3,1,3
202100013155,2021-10-16 03:00:00,2021,10,16,3,0,80,80481,D28,49.826356,2.751045,Nuit sans éclairage public,Hors agglomération,Hors intersection,Normale,Sans collision,3,2,2,0,1,1,1,0,3,80,,1,0,0,1,0,32.0,,,,3,1,1,1,7
202100013156,2021-10-13 16:15:00,2021,10,13,16,15,32,32155,RD 32,43.760229,-0.194079,Plein jour,Hors agglomération,Hors intersection,Normale,Deux véhicules - côté,3,2,2,0,2,2,1,0,1,80,,3,1,0,0,2,79.0,74.0,,,1,1,1,1,3
202100013157,2021-10-14 17:35:00,2021,10,14,17,35,71,71313,D681,46.938279,4.219286,Plein jour,Hors agglomération,Intersection en T,Temps éblouissant,Deux véhicules - côté,3,2,2,0,1,1,1,0,1,80,,2,1,0,1,0,46.0,15.0,,,1,1,3,7,3
202100013158,2021-10-15 19:45:00,2021,10,15,19,45,47,47106,Avenue Gambetta,44.497837,0.98502,Crépuscule ou aube,En agglomération,Hors intersection,Normale,Autre collision,3,2,2,0,1,1,1,0,4,30,,1,0,1,0,0,62.0,,,,2,2,1,1,6
202100013159,2021-10-16 01:40:00,2021,10,16,1,40,31,31091,D4,43.712126,1.403879,Nuit avec éclairage allumé,Hors agglomération,Hors intersection,Normale,Deux véhicules - arrière,7,2,2,0,1,3,1,0,1,70,,3,0,0,0,3,60.0,45.0,,,5,1,1,1,2
202100013160,2021-10-15 23:30:00,2021,10,15,23,30,31,31091,rd4,43.712611,1.403857,Nuit avec éclairage allumé,Hors agglomération,Hors intersection,Normale,Deux véhicules - frontale,7,2,2,0,1,2,1,0,1,70,,3,1,0,1,1,32.0,52.0,,,5,1,1,1,1
202100013161,2021-10-14 16:50:00,2021,10,14,16,50,70,70309,Route de Montbozon,47.4540031,6.22671402,Plein jour,Hors agglomération,Hors intersection,Temps éblouissant,Trois véhicules et plus - en chaîne,3,2,2,0,3,1,1,0,1,80,,3,2,0,0,1,36.0,20.0,,,1,1,1,7,4
202100013162,2021-10-14 17:30:00,2021,10,14,17,30,50,50401,Route de Saint Marcouf,49.470589,-1.766025,Plein jour,Hors agglomération,Hors intersection,Normale,Autre collision,3,2,2,0,1,1,1,0,1,80,,1,0,0,1,0,23.0,,,,1,1,1,1,6
202100013163,2021-10-14 23:00:00,2021,10,14,23,0,50,50185,D9,48.851098,-1.233966,Nuit avec éclairage non allumé,Hors agglomération,Giratoire,Normale,Sans collision,3,2,2,0,1,1,1,5,1,-1,,1,0,0,0,1,38.0,,,,4,1,6,1,7
202100013164,2021-10-15 14:50:00,2021,10,15,14,50,83,83082,D955,43.634425,6.482958,Plein jour,Hors agglomération,Hors intersection,Normale,Deux véhicules - côté,3,2,2,0,2,3,1,0,1,80,,3,1,0,0,2,75.0,31.0,,,1,1,1,1,3
202100013165,2021-10-13 19:00:00,2021,10,13,19,0,73,73191,D36 Route du Banchet,45.5828898167,5.7577967048,Plein jour,En agglomération,Hors intersection,Temps éblouissant,Deux véhicules - frontale,3,2,2,0,2,3,1,0,1,80,,2,1,0,1,0,23.0,32.0,,,1,2,1,7,1
202100013166,2021-10-14 18:50:00,2021,10,14,18,50,36,36006,,46.5779,1.51253,Crépuscule ou aube,En agglomération,Hors intersection,Normale,Deux véhicules - côté,3,2,2,0,1,1,1,0,1,50,,3,1,0,1,1,32.0,60.0,,,2,2,1,1,3
202100013167,2021-10-15 13:00:00,2021,10,15,13,0,36,36225,,46.9817646597,1.247145251,Plein jour,Hors agglomération,Hors intersection,Normale,Deux véhicules - frontale,3,2,2,0,1,1,1,0,1,80,,2,1,0,1,0,47.0,51.0,,,1,1,1,1,1
202100013168,2021-10-15 16:45:00,2021,10,15,16,45,53,53150,La Grande Comte,47.788097,-0.680246,Plein jour,Hors agglomération,Hors intersection,Normale,Autre collision,3,2,2,0,1,1,1,0,1,80,,2,1,1,0,0,72.0,41.0,,,1,1,1,1,6
202100013169,2021-10-14 13:55:00,2021,10,14,13,55,85,85288,Rue du Chai,46.471785,-1.604503,Plein jour,En agglomération,Hors intersection,Normale,Sans collision,3,2,2,0,1,1,1,0,1,50,,1,0,0,1,0,58.0,,,,1,2,1,1,7
202100013170,2021-10-15 08:00:00,2021,10,15,8,0,85,85047,Boulevard Jean XXIII,46.839623,-1.865445,Crépuscule ou aube,En agglomération,Giratoire,Normale,Deux véhicules - frontale,3,1,2,0,1,2,1,5,1,50,,2,1,0,1,0,13.0,76.0,,,2,2,6,1,1
202100013171,2021-10-14 11:00:00,2021,10,14,11,0,27,27252,D22,49.170257,0.427378,Plein jour,Hors agglomération,Intersection en X,Normale,Deux véhicules - côté,3,2,2,0,1,1,1,0,1,80,,2,0,1,0,1,40.0,84.0,,,1,1,2,1,3
202100013172,2021-10-12 19:20:00,2021,10,12,19,20,17,17267,D109,46.226093,-0.924217,Crépuscule ou aube,En agglomération,Intersection en T,Normale,Deux véhicules - arrière,3,2,2,0,1,3,1,0,1,80,,2,1,0,1,0,56.0,52.0,,,2,2,3,1,2
202100013173,2021-10-16 00:45:00,2021,10,16,0,45,53,53116,RN 12,48.362323,-0.44632,Nuit sans éclairage public,Hors agglomération,Hors intersection,Normale,Deux véhicules - frontale,2,2,2,0,1,2,1,0,1,80,,2,1,0,1,0,57.0,24.0,,,3,1,1,1,1
202100013174,2021-10-12 07:30:00,2021,10,12,7,30,34,34157,A9,43.451283774,3.5947195103,Crépuscule ou aube,Hors agglomération,Hors intersection,Normale,Deux véhicules - côté,1,2,3,0,1,1,9,0,1,130,,2,1,0,0,1,38.0,36.0,,,2,1,1,1,3
202100013175,2021-10-14 19:00:00,2021,10,14,19,0,971,97103,Rue Thomas Edison,16.252948,-61.557067,Nuit avec éclairage non allumé,En agglomération,Hors intersection,Normale,Autre collision,4,2,2,0,1,1,3,0,4,50,,2,0,1,1,0,44.0,,,,4,2,1,1,6
202100013176,2021-10-15 17:15:00,2021,10,15,17,15,95,95371,102 avenue Henri Barbusse,49.0956886788,2.5136429071,Plein jour,En agglomération,Hors intersection,Normale,Sans collision,3,3,2,0,1,1,1,0,1,50,,1,0,0,0,1,53.0,,,,1,2,1,1,7
202100013177,2021-10-15 22:00:00,2021,10,15,22,0,60,60369,A1,49.320898,2.687638,Nuit sans éclairage public,Hors agglomération,Hors intersection,Normale,Trois véhicules et plus - en chaîne,1,1,3,0,1,1,1,0,1,130,,4,0,1,3,0,70.0,58.0,,,3,1,1,1,4
202100013178,2021-10-15 08:40:00,2021,10,15,8,40,77,77185,D637,48.465068,2.549343,Plein jour,Hors agglomération,Hors intersection,Brouillard / fumée,Deux véhicules - arrière,3,2,2,0,1,1,1,0,1,90,,2,0,0,0,2,45.0,39.0,,,1,1,1,5,2
202100013179,2021-10-14 21:00:00,2021,10,14,21,0,2A,2A247,Route de Sotta,41.592093,9.213828,Nuit sans éclairage public,En agglomération,Hors intersection,Normale,Deux véhicules - côté,3,2,2,0,1,1,1,0,1,50,,2,1,0,0,1,55.0,19.0,,,3,2,1,1,3
202100013180,2021-10-12 09:00:00,2021,10,12,9,0,83,83065,Route de la Mort du Luc,43.241819,6.562507,Plein jour,En agglomération,Hors intersection,Normale,Deux véhicules - frontale,4,2,2,0,3,2,1,0,1,50,,2,0,1,0,1,23.0,22.0,,,1,2,1,1,1
202100013181,2021-10-15 12:15:00,2021,10,15,12,15,88,88321,D674,48.38557,5.719231,Plein jour,Hors agglomération,Hors intersection,Normale,Sans collision,3,2,2,0,1,1,1,5,1,90,,2,1,0,1,0,18.0,60.0,,,1,1,1,1,7
202100013182,2021-10-15 15:50:00,2021,10,15,15,50,38,38061,2022 Route de Grenoble,45.316317,5.62205,Plein jour,Hors agglomération,Autre intersection,Normale,Deux véhicules - frontale,3,2,2,0,1,1,1,0,1,70,,2,1,0,0,1,55.0,40.0,,,1,1,9,1,1
202100013183,2021-10-08 11:50:00,2021,10,8,11,50,69,69136,LYON (DE) (RTE),45.6126235023,4.7703418945,Plein jour,En agglomération,Autre intersection,Normale,Deux véhicules - côté,3,-1,2,1,1,3,1,9,1,30,,2,1,0,0,1,22.0,71.0,,,1,2,9,1,3
202100013184,2021-10-12 03:20:00,2021,10,12,3,20,79,79116,La Catin,46.833253,-0.377462,Nuit sans éclairage public,Hors agglomération,Hors intersection,Normale,Autre collision,3,2,2,0,1,1,1,0,3,80,,2,0,0,0,2,27.0,,,,3,1,1,1,6
202100013185,2021-10-15 18:00:00,2021,10,15,18,0,33,33312,Avenue de Labarde ,44.950768,-0.55481,Plein jour,Hors agglomération,Hors intersection,Normale,Deux véhicules - frontale,4,2,2,0,1,1,1,0,1,70,,2,0,0,0,2,52.0,20.0,,,1,1,1,1,1
202100013186,2021-10-14 23:10:00,2021,10,14,23,10,27,27412,Rue Pasteur (Montaure),49.249417,1.084589,Nuit sans éclairage public,En agglomération,Hors intersection,Normale,Autre collision,3,2,2,0,1,1,1,0,3,70,,3,2,0,0,1,,,,,3,2,1,1,6
202100013187,2021-10-15 00:50:00,2021,10,15,0,50,27,27022,Route Departementale 6015 (Vieux-Villez),49.17166,1.285347,Nuit avec éclairage allumé,En agglomération,Hors intersection,Normale,Autre collision,3,2,1,0,3,1,1,0,8,70,,1,0,0,0,1,20.0,,,,5,2,1,1,6
202100013188,2021-10-14 15:00:00,2021,10,14,15,0,59,59438,D29,50.13421,3.183117,Plein jour,Hors agglomération,Hors intersection,Normale,Sans collision,3,2,2,0,2,1,1,0,1,80,,1,0,0,0,1,42.0,,,,1,1,1,1,7
202100013189,2021-10-05 19:18:00,2021,10,5,19,18,13,13019,A51-Sens Aix en Provence vers Marseille,43.41828,5.366032,Nuit sans éclairage public,Hors agglomération,Hors intersection,Normale,Trois véhicules et plus - collisions multiples,1,-1,4,3,1,1,1,0,1,90,,4,3,0,0,1,24.0,26.0,,,3,1,1,1,5
202100013190,2021-10-12 22:30:00,2021,10,12,22,30,69,69266,D383   3.750 A 7.640,45.7530441329,4.9081070885,Nuit avec éclairage allumé,Hors agglomération,Hors intersection,Normale,Trois véhicules et plus - collisions multiples,7,3,8,0,1,1,1,0,1,70,,7,1,0,1,5,31.0,28.0,,,5,1,1,1,5
202100013191,2021-10-15 18:10:00,2021,10,15,18,10,33,33249,ROUTE NATIONALE 230,44.882968,-0.511536,Plein jour,Hors agglomération,Hors intersection,Normale,Deux véhicules - arrière,2,3,8,0,1,1,1,0,1,90,,2,0,0,0,2,36.0,84.0,,,1,1,1,1,2
202100013192,2021-10-15 18:10:00,2021,10,15,18,10,33,33487,AUTOROUTE A 10,44.95292,-0.458601,Plein jour,Hors agglomération,Hors intersection,Normale,Deux véhicules - arrière,1,3,6,0,2,1,1,2,1,130,,2,0,0,0,2,22.0,19.0,,,1,1,1,1,2
202100013193,2021-10-15 17:20:00,2021,10,15,17,20,33,33122,AUTOROUTE A 63,44.74609,-0.701548,Plein jour,Hors agglomération,Hors intersection,Normale,Trois véhicules et plus - en chaîne,1,3,4,0,1,1,1,0,1,110,,3,1,0,0,2,30.0,25.0,,,1,1,1,1,4
202100013194,2021-10-15 17:05:00,2021,10,15,17,5,33,33192,AUTOROUTE A 63,44.778778,-0.642724,Plein jour,Hors agglomération,Hors intersection,Normale,Deux véhicules - arrière,1,3,6,0,1,1,1,0,1,110,,2,0,0,0,2,49.0,66.0,,,1,1,1,1,2
202100013195,2021-10-14 17:20:00,2021,10,14,17,20,77,77384,AUTOROUTE A5A,48.60112,2.60208,Plein jour,Hors agglomération,Hors intersection,Normale,Trois véhicules et plus - collisions multiples,1,1,3,0,1,1,1,0,1,110,,3,2,0,0,1,24.0,48.0,,,1,1,1,1,5
202100013196,2021-10-15 08:40:00,2021,10,15,8,40,78,78208,RN12 INT,48.800011,1.981446,Plein jour,Hors agglomération,Hors intersection,Normale,Trois véhicules et plus - en chaîne,2,3,2,0,1,1,1,0,1,110,,3,2,0,0,1,39.0,49.0,,,1,1,1,1,4
202100013197,2021-10-14 19:19:00,2021,10,14,19,19,92,92050,A14,48.8994409346,2.2132295911,Plein jour,Hors agglomération,Hors intersection,Normale,Trois véhicules et plus - en chaîne,1,-1,3,0,1,1,1,1,1,70,,3,2,0,0,1,60.0,31.0,,,1,1,1,1,4
202100013198,2021-10-14 09:50:00,2021,10,14,9,50,92,92050,A86,48.9144082563,2.2192671027,Plein jour,Hors agglomération,Hors intersection,Normale,Deux véhicules - côté,1,2,2,0,1,1,1,0,1,90,,2,1,0,0,1,24.0,41.0,,,1,1,1,1,3
202100013199,2021-10-14 06:18:00,2021,10,14,6,18,92,92047,A13,48.8337781136,2.1637831213,Nuit avec éclairage allumé,Hors agglomération,Hors intersection,Normale,Deux véhicules - arrière,1,3,3,0,1,1,1,0,1,110,,2,1,0,0,1,36.0,82.0,,,5,1,1,1,2
202100013200,2021-10-13 17:04:00,2021,10,13,17,4,92,92036,A86,48.9353585481,2.2851630231,Plein jour,Hors agglomération,Hors intersection,Normale,Trois véhicules et plus - en chaîne,1,3,3,0,1,1,1,0,1,90,,7,5,0,0,2,30.0,42.0,,,1,1,1,1,4
202100013201,2021-10-15 00:00:00,2021,10,15,0,0,92,92078,AUTOROUTE A86,48.9292825328,2.3293871689,Nuit sans éclairage public,Hors agglomération,Hors intersection,Normale,Autre collision,1,-1,3,0,2,2,1,1,1,70,,3,1,0,0,2,,,,,3,1,1,1,6
202100013202,2021-06-18 14:25:00,2021,6,18,14,25,69,69259,VIENNE (DE) (RTE),45.719359242,4.8544791341,Plein jour,En agglomération,Intersection en X,Normale,Deux véhicules - arrière,4,2,2,0,1,1,1,0,1,50,,2,1,0,0,1,31.0,43.0,,,1,2,2,1,2
202100013203,2021-06-22 11:00:00,2021,6,22,11,0,11,11069,LIMOUX -ROUTE DE-,43.20573,2.33403,Plein jour,En agglomération,Intersection en T,Normale,Deux véhicules - côté,3,2,2,0,1,1,1,0,1,50,,2,1,0,0,1,,55.0,,,1,2,3,1,3
202100013204,2021-10-14 11:50:00,2021,10,14,11,50,976,97611,kaweni-Mangrove (route de la),-12.77807,45.22556,Plein jour,En agglomération,Hors intersection,Temps couvert,Deux véhicules - côté,2,2,2,0,1,1,1,0,1,50,,1,0,0,0,1,47.0,,,,1,2,1,8,3
202100013205,2021-10-14 21:00:00,2021,10,14,21,0,974,97416,HERMANN (CHEMIN PAUL),-21.34245,55.4859,Nuit avec éclairage allumé,En agglomération,Hors intersection,Normale,Deux véhicules - frontale,4,1,1,0,1,1,1,0,1,30,,2,1,0,0,1,22.0,,,,5,2,1,1,1
202100013206,2021-10-14 16:30:00,2021,10,14,16,30,974,97411,CHATEL (JEAN),-20.87897,55.45008,Plein jour,En agglomération,Intersection en X,Normale,Autre collision,4,1,1,0,1,1,1,0,1,30,,2,1,0,0,1,43.0,,,,1,2,2,1,6
202100013207,2021-10-15 00:30:00,2021,10,15,0,30,69,69386,WALDECK ROUSSEAU (R),45.76423,4.85836,Nuit avec éclairage allumé,En agglomération,Intersection en T,Normale,Deux véhicules - côté,4,1,1,0,1,1,1,0,1,50,,2,0,0,0,2,48.0,53.0,,,5,2,3,1,3
202100013208,2021-10-14 17:15:00,2021,10,14,17,15,69,69259,JULES GUESDE (AV),45.72027,4.88529,Plein jour,En agglomération,Hors intersection,Normale,Deux véhicules - côté,4,1,3,1,1,1,1,0,1,50,,2,1,0,0,1,58.0,73.0,,,1,2,1,1,3
202100013209,2021-10-14 15:30:00,2021,10,14,15,30,69,69259,MARCEL SEMBAT (BD),45.71566,4.88155,Plein jour,En agglomération,Hors intersection,Normale,Deux véhicules - côté,4,1,3,0,1,1,1,0,1,50,,2,1,0,0,1,45.0,31.0,,,1,2,1,1,3
202100013210,2021-10-14 17:15:00,2021,10,14,17,15,69,69259,MARCEL SEMBAT (BD),45.71309,4.87682,Plein jour,En agglomération,Intersection en Y,Temps éblouissant,Deux véhicules - frontale,4,1,2,0,1,1,1,0,1,50,,2,1,0,0,1,40.0,50.0,,,1,2,4,7,1
202100013211,2021-10-13 16:40:00,2021,10,13,16,40,972,97213,ROUTE DEPARTEMENTALE 13,14.632795,-61.023553,Plein jour,Hors agglomération,Hors intersection,Normale,Deux véhicules - côté,3,3,1,0,1,4,1,0,1,50,,6,3,0,2,1,52.0,33.0,,,1,1,1,1,3
202100013212,2021-10-14 19:00:00,2021,10,14,19,0,69,69382,CENTRE ECHANGE LYON PERRACHE ,45.74925,4.82841,Nuit avec éclairage allumé,Hors agglomération,Autre intersection,Normale,Autre collision,7,1,2,0,1,2,1,0,1,70,,2,0,0,0,2,35.0,,,,5,1,9,1,6
202100013213,2021-10-14 16:15:00,2021,10,14,16,15,69,69381,ANDRE LASSAGNE (Q),45.7711424071,4.8380580539,Plein jour,En agglomération,Hors intersection,Normale,Deux véhicules - côté,4,3,5,3,1,1,1,0,1,50,,2,1,0,0,1,21.0,23.0,,,1,2,1,1,3