accident_id,datetime,annee,mois,jour,heure,minute,departement,commune_insee,adresse,latitude,longitude,luminosite,agglomeration,intersection,meteo,collision,catr,circ,nbv,vosp,prof,plan,surf,infra,situ,vma,nb_vehicules,nb_usagers,nb_indemnes,nb_tues,nb_blesses_hosp,nb_blesses_legers,age_cond_1,age_cond_2,veh_type_cond_1,veh_type_cond_2,lum_code,agg_code,int_code,atm_code,col_code
202100013214,2021-10-14 11:20:00,2021,10,14,11,20,69,69149,PIERRE SEMARD (R),45.7173542447,4.8116160929,Plein jour,En agglomération,Hors intersection,Normale,Deux véhicules - côté,4,2,2,0,1,1,1,0,1,50,,2,1,0,0,1,43.0,18.0,,,1,2,1,1,3
202100013215,2021-10-14 10:00:00,2021,10,14,10,0,69,69384,SERIN (DE) (CHM),45.773411,4.8124,Plein jour,En agglomération,Giratoire,Normale,Autre collision,4,2,5,0,1,1,1,0,8,50,,2,1,0,0,1,74.0,,,,1,2,6,1,6
202100013216,2021-10-14 15:30:00,2021,10,14,15,30,2B,2B037,TOUTES RUES,42.62164,9.44358,Plein jour,En agglomération,Hors intersection,Normale,Deux véhicules - côté,4,2,2,0,1,4,1,2,1,30,,2,1,0,1,0,54.0,16.0,,,1,2,1,1,3
202100013217,2021-10-13 16:25:00,2021,10,13,16,25,95,95218,PIERRELAYE (RUE DE),49.022235,2.105249,Plein jour,En agglomération,Hors intersection,Normale,Autre collision,4,2,2,0,1,1,1,0,6,30,,2,1,0,0,1,45.0,,,,1,2,1,1,6
202100013218,2021-10-14 13:45:00,2021,10,14,13,45,95,95018,GRANDE CEINTURE (RUE DE LA),48.9497,2.26144,Plein jour,En agglomération,Hors intersection,Normale,Autre collision,3,2,2,0,1,1,1,0,1,50,,2,1,0,1,0,44.0,,,,1,2,1,1,6
202100013219,2021-10-14 09:00:00,2021,10,14,9,0,95,95176,THIERS PROLONGEE (RUE),48.9634412952,2.2008995156,Plein jour,En agglomération,Intersection en T,Normale,Deux véhicules - côté,3,-1,2,0,1,1,1,0,1,50,,2,1,0,0,1,53.0,21.0,,,1,2,3,1,3
202100013220,2021-10-14 08:10:00,2021,10,14,8,10,91,91345,RUE LEONTINE SOHIER,48.69233,2.30054,Plein jour,En agglomération,Hors intersection,Normale,Autre collision,4,-1,2,0,1,1,1,0,1,30,,2,1,0,0,1,17.0,,,,1,2,1,1,6
202100013221,2021-10-14 08:18:00,2021,10,14,8,18,91,91326,COUR DE FRANCE (AVENUE DE LA),48.69515,2.37109,Plein jour,En agglomération,Hors intersection,Normale,Autre collision,3,3,0,0,1,1,1,0,1,50,,2,1,0,1,0,59.0,,,,1,2,1,1,6
202100013222,2021-10-14 04:47:00,2021,10,14,4,47,87,87085,NEXON (RUE DE),45.8188,1.26433,Nuit avec éclairage allumé,En agglomération,Hors intersection,Normale,Sans collision,3,2,2,0,1,1,1,0,1,50,,1,0,0,0,1,19.0,,,,5,2,1,1,7
202100013223,2021-10-14 17:50:00,2021,10,14,17,50,86,86194,Rue de la Plaine,46.570932,0.3545585,Plein jour,En agglomération,Intersection en X,Normale,Deux véhicules - côté,4,2,2,0,1,1,1,0,1,50,,2,1,0,1,0,40.0,53.0,,,1,2,2,1,3
202100013224,2021-10-09 22:30:00,2021,10,9,22,30,84,84007,ITALIENS (avenue des ),43.9529,4.8199,Nuit sans éclairage public,En agglomération,Hors intersection,Normale,Deux véhicules - côté,3,2,2,1,1,1,1,0,1,30,,2,1,0,1,0,22.0,,,,3,2,1,1,3
202100013225,2021-10-14 17:30:00,2021,10,14,17,30,83,83069,DENIS (AVENUE ALPHONSE),43.12102,6.13459,Plein jour,En agglomération,Hors intersection,Normale,Deux véhicules - côté,4,2,2,0,1,1,1,0,1,30,,2,1,0,1,0,17.0,43.0,,,1,2,1,1,3
202100013226,2021-10-13 14:10:00,2021,10,13,14,10,80,80021,ROUEN (RUE DE),49.88564,2.27089,Plein jour,En agglomération,Hors intersection,Normale,Deux véhicules - côté,3,2,2,0,2,1,1,0,1,50,,2,1,0,0,1,18.0,44.0,,,1,2,1,1,3
202100013227,2021-07-03 04:55:00,2021,7,3,4,55,78,78490,DEUX PLATEAUX (ROUTE DES),48.81576,1.95889,Nuit avec éclairage allumé,Hors agglomération,Hors intersection,Pluie légère,Trois véhicules et plus - collisions multiples,3,2,4,0,3,3,2,0,1,70,,3,1,0,0,2,23.0,31.0,,,5,1,1,2,5
202100013228,2021-10-14 07:50:00,2021,10,14,7,50,77,77083,REPUBLIQUE (BOULEVARD DE LA),48.85552,2.58493,Plein jour,En agglomération,Intersection en T,Normale,Deux véhicules - côté,4,2,2,0,1,1,1,0,1,50,,2,1,1,0,0,57.0,40.0,,,1,2,3,1,3
202100013229,2021-10-14 16:30:00,2021,10,14,16,30,77,77333,D607,48.267,2.69868,Plein jour,En agglomération,Hors intersection,Normale,Deux véhicules - côté,3,2,2,0,1,1,1,0,1,50,,2,1,0,0,1,51.0,51.0,,,1,2,1,1,3
202100013230,2021-10-14 10:45:00,2021,10,14,10,45,77,77186,D417,48.406027,2.689132,Plein jour,En agglomération,Hors intersection,Normale,Autre collision,3,2,2,0,1,1,1,0,1,50,,2,1,0,0,1,62.0,,,,1,2,1,1,6
202100013231,2021-10-14 16:50:00,2021,10,14,16,50,76,76575,ANEMONES. RUE DES,49.3919030356,1.0914553373,Plein jour,En agglomération,Hors intersection,Normale,Autre collision,4,2,2,0,2,1,1,0,1,50,,2,1,0,0,1,34.0,,,,1,2,1,1,6
202100013232,2021-10-14 08:35:00,2021,10,14,8,35,76,76382,D6015,49.5879204449,0.5361843109,Plein jour,Hors agglomération,Hors intersection,Normale,Deux véhicules - côté,3,2,2,0,1,1,1,0,1,70,,2,1,0,0,1,70.0,34.0,,,1,1,1,1,3
202100013233,2021-10-14 15:00:00,2021,10,14,15,0,74,74008,SANGNIER (RUE MARC),46.1976564357,6.222547653,Plein jour,En agglomération,Hors intersection,Normale,Deux véhicules - côté,4,2,2,0,1,1,1,0,1,50,,2,1,0,0,1,70.0,43.0,,,1,2,1,1,3
202100013234,2021-10-13 17:55:00,2021,10,13,17,55,74,74118,LIBERATION (ROUTE DE LA),46.177,6.23485,Plein jour,En agglomération,Giratoire,Normale,Deux véhicules - côté,3,1,1,0,1,2,1,5,1,50,,2,1,0,0,1,27.0,28.0,,,1,2,6,1,3
202100013235,2021-10-13 07:40:00,2021,10,13,7,40,72,72181,LECLERC GENERAL (AV) IMPAIRS 61 ET plus,47.9968,0.19359,Nuit avec éclairage allumé,En agglomération,Hors intersection,Normale,Deux véhicules - côté,4,2,0,3,1,1,1,9,6,30,,2,1,0,0,1,13.0,51.0,,,5,2,1,1,3
202100013236,2021-10-14 16:45:00,2021,10,14,16,45,69,69266,FRANCIS DE PRESSENSE (R),45.77153,4.88145,Plein jour,En agglomération,Hors intersection,Normale,Autre collision,4,-1,2,0,1,1,1,0,1,50,,2,1,0,0,1,71.0,,,,1,2,1,1,6
202100013237,2021-10-14 15:25:00,2021,10,14,15,25,69,69264,ANSE (D') (R),45.97956,4.7176,Plein jour,En agglomération,Hors intersection,Normale,Deux véhicules - arrière,3,2,3,0,1,1,1,0,1,50,,2,1,0,0,1,22.0,31.0,,,1,2,1,1,2
202100013238,2021-10-14 11:39:00,2021,10,14,11,39,66,66136,KENNEDY (BD JOHN-FITZGERALD),42.68709,2.9061,Plein jour,En agglomération,Hors intersection,Normale,Autre collision,4,3,4,0,1,1,1,0,1,50,,2,1,0,0,1,72.0,,,,1,2,1,1,6
202100013239,2021-10-13 18:15:00,2021,10,13,18,15,66,66136,VIELLEDENT (JEAN),42.69487,2.90105,Plein jour,En agglomération,Intersection en T,Normale,Deux véhicules - côté,4,2,2,0,1,1,1,0,1,50,,2,1,0,0,1,61.0,43.0,,,1,2,3,1,3
202100013240,2021-10-14 11:10:00,2021,10,14,11,10,65,65440,KLEBER (RUE),43.248272,0.075483,Plein jour,En agglomération,Autre intersection,Normale,Deux véhicules - côté,4,2,2,0,1,1,1,0,1,50,,2,1,0,0,1,55.0,41.0,,,1,2,9,1,3
202100013241,2021-10-14 07:35:00,2021,10,14,7,35,64,64445,PRESIDENT PIERRE ANGOT DU,43.3197842405,-0.3672909737,Crépuscule ou aube,En agglomération,Intersection en T,Normale,Deux véhicules - côté,4,2,2,0,1,1,1,0,1,50,,2,1,0,0,1,62.0,19.0,,,2,2,3,1,3
202100013242,2021-10-13 07:30:00,2021,10,13,7,30,64,64269,Route de Tarbes,43.2992975574,-0.3069761395,Nuit avec éclairage allumé,Hors agglomération,Hors intersection,Normale,Deux véhicules - arrière,3,2,2,1,1,3,1,0,1,50,,2,1,0,1,0,51.0,55.0,,,5,1,1,1,2
202100013243,2021-10-13 08:10:00,2021,10,13,8,10,60,60463,Boulevard Pierre de Coubertin,49.2663,2.46296,Plein jour,En agglomération,Hors intersection,Brouillard / fumée,Autre collision,4,-1,2,0,1,1,1,0,1,30,,2,1,0,0,1,35.0,,,,1,2,1,5,6
202100013244,2021-10-14 17:00:00,2021,10,14,17,0,59,59599,AVESNES (RUE D'),50.7279563812,3.1688700973,Plein jour,En agglomération,Hors intersection,Normale,Autre collision,4,1,1,0,1,1,1,0,1,50,,2,1,0,0,1,20.0,,,,1,2,1,1,6
202100013245,2021-10-13 17:30:00,2021,10,13,17,30,59,59456,CHAMBERY(RUE DE),50.37415,3.22596,Plein jour,En agglomération,Intersection en T,Normale,Deux véhicules - côté,4,2,2,0,1,1,1,0,1,50,,2,1,0,1,0,68.0,13.0,,,1,2,3,1,3
202100013246,2021-10-12 19:00:00,2021,10,12,19,0,58,58194,MARECHAL JUIN,47.00325,3.15454,Nuit avec éclairage allumé,En agglomération,Hors intersection,Normale,Deux véhicules - arrière,3,2,2,0,1,1,1,0,1,50,,2,1,0,0,1,42.0,19.0,,,5,2,1,1,2
202100013247,2021-10-13 11:30:00,2021,10,13,11,30,57,57463,VOIE RAPIDE EST,49.11578,6.19069,Plein jour,En agglomération,Intersection en T,Normale,Autre collision,7,3,6,0,1,2,1,5,4,50,,2,1,0,1,0,42.0,,,,1,2,3,1,6
202100013248,2021-10-12 07:50:00,2021,10,12,7,50,56,56260,JOURDAN (RUE EMILE),47.67101,-2.76835,Crépuscule ou aube,En agglomération,Intersection en T,Normale,Deux véhicules - frontale,4,1,1,0,2,1,1,0,1,30,,2,1,0,0,1,50.0,24.0,,,2,2,3,1,1
202100013249,2021-10-13 11:35:00,2021,10,13,11,35,56,56251,N165 sens Brest/Nantes,47.64328,-2.6932,Plein jour,Hors agglomération,Hors intersection,Normale,Deux véhicules - arrière,2,3,4,0,1,1,1,0,1,110,,2,1,0,0,1,65.0,33.0,,,1,1,1,1,2
202100013250,2021-10-14 18:08:00,2021,10,14,18,8,54,54079,PETITE-SUISSE (AVENUE DE LA),48.88343,6.04519,Plein jour,En agglomération,Hors intersection,Normale,Autre collision,3,2,2,2,1,1,1,-1,1,50,,2,1,0,1,0,11.0,46.0,,,1,2,1,1,6
202100013251,2021-10-14 17:40:00,2021,10,14,17,40,54,54328,SAINT BLAINE (RUE DE),48.6237622575,6.1737610999,Plein jour,En agglomération,Intersection en Y,Normale,Deux véhicules - côté,4,2,2,0,3,2,1,0,1,50,,2,1,0,0,1,37.0,49.0,,,1,2,4,1,3
202100013252,2021-10-14 10:19:00,2021,10,14,10,19,54,54304,RESISTANCE (AV. DE LA -IMPAIR-),48.6941943614,6.1316525361,Plein jour,En agglomération,Intersection en X,Temps éblouissant,Deux véhicules - côté,4,2,2,0,1,1,1,0,1,50,,3,2,0,0,1,27.0,80.0,,,1,2,2,7,3
202100013253,2021-10-13 18:20:00,2021,10,13,18,20,54,54547,JAURES (AVENUE JEAN),48.6603709737,6.1596169498,Plein jour,En agglomération,Hors intersection,Normale,Deux véhicules - côté,4,2,2,0,1,1,1,0,1,50,,2,1,0,0,1,22.0,32.0,,,1,2,1,1,3
202100013254,2021-10-13 16:45:00,2021,10,13,16,45,54,54395,ALBERT 1ER  (BD),48.693345,6.167855,Plein jour,En agglomération,Place,Normale,Deux véhicules - arrière,4,2,4,3,1,1,1,0,1,50,,3,2,0,0,1,21.0,19.0,,,1,2,7,1,2
202100013255,2021-10-07 19:31:00,2021,10,7,19,31,54,54395,QUATRE EGLISES (RUE,48.6865,6.18423,Nuit avec éclairage allumé,En agglomération,Intersection en X,Normale,Sans collision,4,2,3,3,1,1,1,0,1,30,,6,2,0,0,4,29.0,,,,5,2,2,1,7
202100013256,2021-10-12 13:47:00,2021,10,12,13,47,51,51454,Rue de Neufchatel,49.27248,4.02641,Plein jour,En agglomération,Hors intersection,Normale,Autre collision,3,2,2,0,1,1,1,0,1,50,,2,1,0,0,1,41.0,,,,1,2,1,1,6
202100013257,2021-10-14 17:25:00,2021,10,14,17,25,49,49007,ATLANTIQUE  AVENUE DE L',47.469466,-0.595122,Plein jour,Hors agglomération,Hors intersection,Normale,Deux véhicules - arrière,3,3,4,0,1,1,1,0,1,90,,2,1,0,0,1,,51.0,,,1,1,1,1,2
202100013258,2021-10-14 18:27:00,2021,10,14,18,27,49,49007,BERGES VOIE,47.4835,-0.5491,Plein jour,Hors agglomération,Hors intersection,Normale,Trois véhicules et plus - en chaîne,3,3,4,0,1,1,1,0,1,80,,3,2,0,0,1,39.0,35.0,,,1,1,1,1,4
202100013259,2021-10-13 12:26:00,2021,10,13,12,26,49,49007,VERNE,47.44612,-0.5621,Plein jour,En agglomération,Hors intersection,Normale,Sans collision,4,1,1,0,1,1,1,0,1,50,,1,0,0,0,1,13.0,,,,1,2,1,1,7
202100013260,2021-10-14 08:23:00,2021,10,14,8,23,45,45285,BERT (PLACE PAUL),47.89882,1.87358,Plein jour,En agglomération,Hors intersection,Normale,Autre collision,7,3,4,0,1,1,1,5,1,50,,2,1,0,0,1,56.0,,,,1,2,1,1,6
202100013261,2021-10-14 08:30:00,2021,10,14,8,30,44,44109,RUE DU VELODROME DE LONGCHAMP,47.23973,-1.5743,Plein jour,En agglomération,Hors intersection,Normale,Autre collision,4,2,0,0,1,1,1,0,1,30,,2,1,0,0,1,44.0,,,,1,2,1,1,6
202100013262,2021-10-14 19:30:00,2021,10,14,19,30,42,42183,M201,45.4187872366,4.3702336451,Nuit sans éclairage public,Hors agglomération,Hors intersection,Normale,Deux véhicules - arrière,7,1,2,0,1,1,1,0,1,90,,2,1,0,0,1,20.0,25.0,,,3,1,1,1,2
202100013263,2021-10-14 14:50:00,2021,10,14,14,50,38,38185,PERI (RUE G.)           1 A 20-17,45.188796,5.718303,Plein jour,En agglomération,Hors intersection,Normale,Deux véhicules - côté,4,3,3,0,1,1,1,0,1,50,,2,1,0,0,1,61.0,20.0,,,1,2,1,1,3
202100013264,2021-10-14 14:35:00,2021,10,14,14,35,37,37208,BEAUGAILLARD (AVENUE),47.365084548,0.7185852528,Plein jour,En agglomération,Hors intersection,Normale,Autre collision,4,1,2,0,4,1,1,0,1,50,,2,1,0,0,1,83.0,,,,1,2,1,1,6
202100013265,2021-10-14 13:00:00,2021,10,14,13,0,37,37122,JEAN JAURES,47.3483838189,0.6604690321,Plein jour,En agglomération,Hors intersection,Normale,Autre collision,4,2,4,2,1,1,1,5,1,50,,2,1,0,0,1,39.0,,,,1,2,1,1,6
202100013266,2021-10-13 19:45:00,2021,10,13,19,45,37,37261,GRAMMONT (AVENUE DE),47.3710503377,0.6966233253,Nuit avec éclairage allumé,En agglomération,Hors intersection,Normale,Deux véhicules - arrière,4,2,4,0,1,1,1,0,1,50,,2,1,0,0,1,32.0,21.0,,,5,2,1,1,2
202100013267,2021-10-13 14:00:00,2021,10,13,14,0,37,37214,BERGSON (RUE HENRI),47.4121442112,0.6595250219,Plein jour,En agglomération,Hors intersection,Normale,Deux véhicules - côté,4,2,2,2,1,1,1,0,1,30,,2,1,0,0,1,39.0,77.0,,,1,2,1,1,3
202100013268,2021-10-11 16:53:00,2021,10,11,16,53,36,36202,,46.77579,1.64866,Plein jour,En agglomération,Hors intersection,Normale,Deux véhicules - arrière,3,2,2,0,1,1,1,0,1,50,,2,1,0,0,1,36.0,14.0,,,1,2,1,1,2
202100013269,2021-10-14 18:50:00,2021,10,14,18,50,35,35238,SEVIGNE (BD DE),48.1161,-1.66456,Crépuscule ou aube,En agglomération,Intersection en X,Normale,Deux véhicules - côté,4,2,2,2,2,1,1,9,1,50,,2,1,0,1,0,19.0,54.0,,,2,2,2,1,3
202100013270,2021-10-14 16:45:00,2021,10,14,16,45,35,35238,DUBOIS (DU LT-COL),48.10714,-1.73389,Plein jour,En agglomération,Intersection en T,Normale,Deux véhicules - côté,4,2,1,0,1,1,1,0,1,50,,2,1,0,0,1,57.0,45.0,,,1,2,3,1,3
202100013271,2021-10-14 08:55:00,2021,10,14,8,55,35,35051,ALLIES (BOULEVARD DES),48.1347,-1.62298,Plein jour,En agglomération,Intersection en T,Temps éblouissant,Autre collision,7,4,4,0,1,1,1,0,1,50,,2,1,0,0,1,27.0,,,,1,2,3,7,6
202100013272,2021-10-14 19:25:00,2021,10,14,19,25,33,33063,Cours Aristide Briand,44.8318,-0.57689,Nuit avec éclairage allumé,En agglomération,Hors intersection,Normale,Autre collision,4,2,3,1,1,1,1,0,1,50,,2,1,0,0,1,22.0,23.0,,,5,2,1,1,6
202100013273,2021-10-14 07:58:00,2021,10,14,7,58,33,33249,RUE PROFESSEUR JEAN AURIAC,44.87573,-0.51865,Crépuscule ou aube,En agglomération,Hors intersection,Normale,Autre collision,4,-1,0,0,1,1,1,0,8,50,,2,1,0,1,0,44.0,,,,2,2,1,1,6
202100013274,2021-10-13 18:35:00,2021,10,13,18,35,33,33063,Cours Victor Hugo,44.83584,-0.56753,Plein jour,En agglomération,Hors intersection,Normale,Autre collision,4,2,4,3,2,1,1,0,1,50,,2,1,0,0,1,57.0,,,,1,2,1,1,6
202100013275,2021-10-10 02:16:00,2021,10,10,2,16,33,33063,Quai de Paludate,44.82946,-0.55493,Nuit avec éclairage allumé,En agglomération,Intersection en X,Normale,Trois véhicules et plus - collisions multiples,4,2,2,0,1,1,1,0,1,50,,9,3,0,0,6,33.0,53.0,,,5,2,2,1,5
202100013276,2021-10-14 21:15:00,2021,10,14,21,15,33,33529,Avenue de la Pinède de Conteau,44.63043,-1.13026,Nuit avec éclairage allumé,En agglomération,Intersection en T,Normale,Deux véhicules - côté,4,2,2,0,1,1,1,0,1,50,,2,1,0,0,1,17.0,18.0,,,5,2,3,1,3
202100013277,2021-10-14 14:45:00,2021,10,14,14,45,31,31483,GAMBETTA (BOULEVARD),43.10521,0.72891,Plein jour,En agglomération,Hors intersection,Normale,Sans collision,4,-1,2,0,1,1,1,0,1,50,,1,0,0,1,0,64.0,,,,1,2,1,1,7
202100013278,2021-10-12 16:00:00,2021,10,12,16,0,30,30189,ALLENDE SALVADOR (RUE),43.82797,4.37591,Plein jour,En agglomération,Hors intersection,Normale,Deux véhicules - arrière,4,1,2,0,1,1,1,0,1,70,,2,1,0,1,0,73.0,38.0,,,1,2,1,1,2
202100013279,2021-10-14 15:00:00,2021,10,14,15,0,30,30243,MOULIN (AVENUE J.),44.0816,4.0777,Plein jour,En agglomération,Giratoire,Normale,Deux véhicules - côté,3,3,2,0,1,1,1,9,1,50,,2,1,0,0,1,15.0,59.0,,,1,2,6,1,3
202100013280,2021-10-14 07:45:00,2021,10,14,7,45,29,29232,Rond Point de Ludugris,47.97971,-4.12224,Nuit sans éclairage public,En agglomération,Giratoire,Normale,Deux véhicules - côté,3,1,2,0,1,2,1,0,1,50,,2,1,0,0,1,40.0,18.0,,,3,2,6,1,3
202100013281,2021-10-16 14:45:00,2021,10,16,14,45,29,29019,Avenue Georges Clemenceau,48.3898969642,-4.4855429381,Plein jour,En agglomération,Intersection en T,Normale,Deux véhicules - côté,4,2,4,0,1,1,1,0,1,30,,2,1,0,0,1,26.0,17.0,,,1,2,3,1,3
202100013282,2021-10-14 18:00:00,2021,10,14,18,0,22,22360,RD700,48.464928,-2.779157,Crépuscule ou aube,Hors agglomération,Hors intersection,Normale,Deux véhicules - côté,3,3,4,0,1,1,1,0,1,50,,2,1,0,0,1,29.0,24.0,,,2,1,1,1,3
202100013283,2021-10-13 09:00:00,2021,10,13,9,0,22,22113,AERODROME (RUE DE L'),48.7463448143,-3.4666628837,Plein jour,En agglomération,Giratoire,Normale,Deux véhicules - côté,4,2,2,0,1,1,1,0,1,50,,2,1,0,0,1,74.0,49.0,,,1,2,6,1,3
202100013284,2021-10-08 13:30:00,2021,10,8,13,30,22,22113,FRERES LAGADEC (RUE DES),48.72803,-3.4653,Plein jour,En agglomération,Intersection en X,Normale,Sans collision,4,2,2,0,4,1,1,0,1,50,,1,0,0,0,1,15.0,,,,1,2,2,1,7
202100013285,2021-10-10 09:25:00,2021,10,10,9,25,17,17028,Boulevard de la Mer,46.12766,-1.12831,Plein jour,En agglomération,Hors intersection,Normale,Deux véhicules - frontale,4,2,2,0,1,3,1,9,1,30,,4,1,0,0,3,21.0,39.0,,,1,2,1,1,1
202100013286,2021-10-14 18:15:00,2021,10,14,18,15,14,14566,DEBARQUEMENT (ROND POINT DU ),49.20297,-0.392,Plein jour,En agglomération,Giratoire,Normale,Deux véhicules - côté,3,1,2,1,1,3,1,5,1,50,,2,1,0,0,1,25.0,25.0,,,1,2,6,1,3
202100013287,2021-10-13 21:05:00,2021,10,13,21,5,14,14437,D513,49.180699,-0.326762,Nuit avec éclairage allumé,En agglomération,Autre intersection,Normale,Deux véhicules - frontale,3,2,4,0,2,4,1,0,1,70,,3,1,0,0,2,78.0,60.0,,,5,2,9,1,1
202100013288,2021-10-13 16:28:00,2021,10,13,16,28,14,14327,LION CD60 (ROUTE DE),49.211031,-0.343864,Plein jour,En agglomération,Autre intersection,Normale,Deux véhicules - côté,3,1,1,0,1,1,1,3,1,50,,2,0,0,0,2,67.0,25.0,,,1,2,9,1,3
202100013289,2021-10-14 20:21:00,2021,10,14,20,21,13,13117,DROITS DE L'HOMME (AVENUE),43.4289043503,5.2693682474,Nuit avec éclairage allumé,En agglomération,Hors intersection,Normale,Autre collision,4,1,1,0,1,3,1,3,1,50,,3,0,0,2,1,24.0,25.0,,,5,2,1,1,6
202100013290,2021-10-14 18:05:00,2021,10,14,18,5,13,13210,CAPELETTE (AVENUE DE LA),43.28328,5.40146,Plein jour,En agglomération,Intersection en T,Normale,Deux véhicules - côté,7,2,2,0,1,1,1,0,1,50,,3,2,0,1,0,32.0,64.0,,,1,2,3,1,3
202100013291,2021-10-14 03:44:00,2021,10,14,3,44,13,13208,MADRAGUE DE MONTREDON (AVE DE LA) ,43.23201,5.35567,Nuit avec éclairage allumé,En agglomération,Hors intersection,Normale,Sans collision,4,2,2,0,1,1,1,0,1,50,,6,3,0,0,3,,,,,5,2,1,1,7
202100013292,2021-10-13 11:00:00,2021,10,13,11,0,13,13204,ALEXIS CARREL (RUE),43.31125,5.4013,Plein jour,En agglomération,Intersection en T,Normale,Deux véhicules - frontale,4,2,2,0,2,1,1,0,1,50,,2,1,0,1,0,28.0,,,,1,2,3,1,1
202100013293,2021-10-05 12:00:00,2021,10,5,12,0,13,13210,RABATAU (BOULEVARD),43.2762834008,5.39720781,Plein jour,En agglomération,Hors intersection,Normale,Deux véhicules - frontale,4,2,4,0,1,1,1,0,1,50,,3,1,0,1,1,60.0,,,,1,2,1,1,1
202100013294,2021-10-14 08:06:00,2021,10,14,8,6,13,13001,GARDANNE (ROUTE DE ),43.48966,5.40748,Plein jour,Hors agglomération,Autre intersection,Normale,Deux véhicules - frontale,7,2,2,0,1,1,1,2,1,70,,2,0,0,0,2,46.0,23.0,,,1,1,9,1,1
202100013295,2021-10-05 13:20:00,2021,10,5,13,20,07,07229,CHEMIN DU LAC,44.617177,4.410408,Plein jour,En agglomération,Hors intersection,Normale,Deux véhicules - côté,4,2,2,0,1,2,1,0,1,50,,2,1,0,1,0,49.0,21.0,,,1,2,1,1,3
202100013296,2021-10-14 17:20:00,2021,10,14,17,20,06,06088,JOLY (CORNICHE ANDRE DE),43.701784,7.294649,Plein jour,En agglomération,Hors intersection,Normale,Autre collision,7,2,2,0,2,1,1,0,1,50,,2,0,0,0,2,17.0,,,,1,2,1,1,6
202100013297,2021-10-14 11:30:00,2021,10,14,11,30,06,06029,GRASSE (AVENUE DE),43.554928,7.00897,Plein jour,En agglomération,Hors intersection,Normale,Deux véhicules - frontale,4,2,2,0,2,2,1,0,1,30,,2,1,0,1,0,79.0,52.0,,,1,2,1,1,1
202100013298,2021-10-14 16:00:00,2021,10,14,16,0,06,06027,PASQUALINI RUE J.P.,43.660551,7.149463,Plein jour,En agglomération,Hors intersection,Normale,Autre collision,4,1,2,0,2,1,1,0,1,50,,4,3,0,0,1,27.0,27.0,,,1,2,1,1,6
202100013299,2021-10-14 09:51:00,2021,10,14,9,51,06,06004,CHATAIGNIERS AV.DU,43.580905,7.112865,Plein jour,En agglomération,Hors intersection,Normale,Deux véhicules - côté,4,2,2,0,2,1,1,0,1,50,,2,1,0,0,1,46.0,63.0,,,1,2,1,1,3
202100013300,2021-10-13 20:10:00,2021,10,13,20,10,03,03310,CELESTINS (AVENUE DES),46.12448,3.42966,Nuit avec éclairage allumé,En agglomération,Hors intersection,Normale,Deux véhicules - côté,3,2,2,0,2,1,1,0,1,50,,2,1,0,1,0,36.0,46.0,,,5,2,1,1,3
202100013301,2021-10-14 09:30:00,2021,10,14,9,30,75,75118,BOULEVARD ORNANO,48.893759,2.347886,Plein jour,En agglomération,Intersection en Y,Normale,Autre collision,4,2,4,0,1,1,1,0,1,30,,2,1,0,0,1,26.0,,,,1,2,4,1,6
202100013302,2021-10-14 12:55:00,2021,10,14,12,55,75,75117,AVENUE DE LA PORTE DES TERNES,48.878995,2.292782,Plein jour,En agglomération,Intersection en T,Normale,Autre collision,4,2,4,0,1,1,1,0,1,30,,2,1,0,0,1,40.0,,,,1,2,3,1,6
202100013303,2021-10-14 07:30:00,2021,10,14,7,30,75,75117,RUE LEGENDRE,48.886207,2.31772,Crépuscule ou aube,En agglomération,Intersection en X,Normale,Deux véhicules - côté,4,1,2,1,1,1,1,0,1,30,,2,1,0,0,1,30.0,48.0,,,2,2,2,1,3
202100013304,2021-10-14 21:05:00,2021,10,14,21,5,75,75116,ALLEE DU BORD DE L EAU,48.862294,2.229339,Nuit avec éclairage allumé,En agglomération,Intersection en T,Normale,Autre collision,4,2,2,0,1,1,1,0,1,50,,1,0,0,0,1,34.0,,,,5,2,3,1,6
202100013305,2021-10-14 11:30:00,2021,10,14,11,30,75,75116,BOULEVARD MURAT,48.837202,2.259601,Plein jour,En agglomération,Intersection en T,Normale,Deux véhicules - côté,4,1,1,1,1,1,1,-1,5,50,,2,1,0,0,1,47.0,28.0,,,1,2,3,1,3
202100013306,2021-10-14 19:50:00,2021,10,14,19,50,75,75114,AVENUE DU GENERAL LECLERC,48.827322,2.326697,Nuit avec éclairage allumé,En agglomération,Hors intersection,Normale,Autre collision,4,2,5,3,1,1,1,-1,6,50,,1,0,0,0,1,56.0,,,,5,2,1,1,6
202100013307,2021-10-13 18:00:00,2021,10,13,18,0,75,75114,RUE DES SUISSES,48.831007,2.314735,Plein jour,En agglomération,Hors intersection,Normale,Autre collision,4,1,1,0,1,1,1,0,1,30,,2,1,1,0,0,79.0,,,,1,2,1,1,6
202100013308,2021-10-14 13:55:00,2021,10,14,13,55,75,75112,BOULEVARD DIDEROT,48.8477918851,2.3906207085,Plein jour,En agglomération,Intersection en T,Normale,Deux véhicules - côté,4,-1,2,0,1,1,1,8,1,30,,4,2,0,0,2,36.0,31.0,,,1,2,3,1,3
202100013309,2021-10-14 03:05:00,2021,10,14,3,5,75,75112,RUE DE CHARENTON,48.837816,2.390598,Nuit avec éclairage allumé,En agglomération,Hors intersection,Normale,Autre collision,4,-1,2,0,1,1,1,0,1,50,,1,0,0,0,1,41.0,,,,5,2,1,1,6