accident_id,datetime,annee,mois,jour,heure,minute,departement,commune_insee,adresse,latitude,longitude,luminosite,agglomeration,intersection,meteo,collision,catr,circ,nbv,vosp,prof,plan,surf,infra,situ,vma,nb_vehicules,nb_usagers,nb_indemnes,nb_tues,nb_blesses_hosp,nb_blesses_legers,age_cond_1,age_cond_2,veh_type_cond_1,veh_type_cond_2,lum_code,agg_code,int_code,atm_code,col_code
202100013310,2021-10-13 21:50:00,2021,10,13,21,50,75,75112,BOULEVARD PONIATOWSKI,48.829225,2.390373,Nuit avec éclairage allumé,En agglomération,Intersection en T,Normale,Deux véhicules - côté,4,3,4,0,1,1,1,0,1,50,,2,1,0,0,1,28.0,44.0,,,5,2,3,1,3
202100013311,2021-10-13 06:50:00,2021,10,13,6,50,75,75112,RUE VILLIOT,48.840826,2.373921,Nuit avec éclairage allumé,En agglomération,Intersection en T,Normale,Deux véhicules - côté,4,2,2,0,1,1,1,0,1,30,,2,1,0,0,1,37.0,57.0,,,5,2,3,1,3
202100013312,2021-10-14 20:40:00,2021,10,14,20,40,75,75111,AVENUE PARMENTIER,48.863099,2.376192,Nuit avec éclairage allumé,En agglomération,Intersection en T,Normale,Autre collision,4,1,2,0,1,1,1,8,1,30,,2,1,0,0,1,,,,,5,2,3,1,6
202100013313,2021-10-14 20:25:00,2021,10,14,20,25,75,75110,BOULEVARD DE STRASBOURG,48.872278,2.355935,Nuit avec éclairage allumé,En agglomération,Intersection en X,Normale,Autre collision,4,2,4,0,1,1,1,0,1,30,,2,1,0,0,1,44.0,,,,5,2,2,1,6
202100013314,2021-10-14 13:06:00,2021,10,14,13,6,75,75108,RUE DE ROME,48.880021,2.321557,Plein jour,En agglomération,Intersection en T,Normale,Deux véhicules - côté,4,2,2,0,2,1,1,0,1,30,,2,1,0,0,1,38.0,15.0,,,1,2,3,1,3
202100013315,2021-10-14 11:10:00,2021,10,14,11,10,75,75104,QUAI HENRI IV,48.847081,2.364986,Plein jour,En agglomération,Intersection en Y,Normale,Sans collision,4,1,2,0,1,1,1,0,1,50,,1,0,0,0,1,57.0,,,,1,2,4,1,7
202100013316,2021-10-14 08:20:00,2021,10,14,8,20,75,75104,QUAI DE L HOTEL DE VILLE,48.855347,2.352838,Plein jour,En agglomération,Intersection en X,Normale,Deux véhicules - côté,4,2,4,1,1,1,1,-1,5,30,,2,1,0,1,0,45.0,28.0,,,1,2,2,1,3
202100013317,2021-10-14 18:15:00,2021,10,14,18,15,94,94078,Rue de Paris,48.74824,2.44597,Plein jour,En agglomération,Hors intersection,Normale,Deux véhicules - côté,2,3,4,0,1,1,1,0,1,50,,2,1,0,0,1,,28.0,,,1,2,1,1,3
202100013318,2021-10-13 16:20:00,2021,10,13,16,20,94,94068,Avenue de la Libération,48.81286,2.47963,Plein jour,En agglomération,Intersection en X,Normale,Deux véhicules - côté,3,2,2,0,1,1,1,0,1,30,,2,1,0,0,1,68.0,26.0,,,1,2,2,1,3
202100013319,2021-10-13 06:00:00,2021,10,13,6,0,94,94046,GEORGES MEDERIC (R),48.79974,2.43761,Nuit avec éclairage allumé,En agglomération,Hors intersection,Normale,Deux véhicules - arrière,4,2,2,0,2,1,2,0,1,50,,2,1,0,0,1,,,,,5,2,1,1,2
202100013320,2021-10-14 09:00:00,2021,10,14,9,0,94,94073,RN 186,48.75347,2.37704,Plein jour,Hors agglomération,Hors intersection,Normale,Deux véhicules - côté,2,1,3,0,1,1,1,0,1,70,,2,1,0,0,1,26.0,33.0,,,1,1,1,1,3
202100013321,2021-10-14 08:15:00,2021,10,14,8,15,94,94073,Boulevard de Stalingrad,48.77275,2.40006,Plein jour,En agglomération,Hors intersection,Normale,Deux véhicules - côté,3,1,2,0,1,1,1,0,1,50,,2,1,0,0,1,35.0,46.0,,,1,2,1,1,3
202100013322,2021-10-09 13:30:00,2021,10,9,13,30,94,94033,Rue Médéric,48.8513,2.4511,Plein jour,En agglomération,Hors intersection,Normale,Deux véhicules - arrière,4,1,-1,0,1,1,1,0,1,50,,2,1,0,0,1,32.0,29.0,,,1,2,1,1,2
202100013323,2021-10-13 18:45:00,2021,10,13,18,45,94,94028,Avenue Pierre Brossolette,48.79357,2.46127,Plein jour,En agglomération,Intersection en X,Normale,Autre collision,3,3,4,0,1,1,1,0,1,50,,2,1,0,0,1,37.0,,,,1,2,2,1,6
202100013324,2021-10-14 17:45:00,2021,10,14,17,45,94,94022,Avenue du Général Leclerc,48.76244,2.40662,Plein jour,En agglomération,Intersection en T,Normale,Autre collision,3,1,2,0,1,1,1,0,1,50,,2,1,0,0,1,38.0,,,,1,2,3,1,6
202100013325,2021-10-13 08:10:00,2021,10,13,8,10,94,94079,Rue Jean Jaurès,48.827,2.533,Plein jour,En agglomération,Hors intersection,Normale,Deux véhicules - arrière,4,2,2,0,1,1,1,0,1,50,,2,1,0,0,1,34.0,21.0,,,1,2,1,1,2
202100013326,2021-10-14 13:00:00,2021,10,14,13,0,94,94017,Avenue du Général de Gaulle,48.82701,2.51037,Plein jour,En agglomération,Giratoire,Normale,Trois véhicules et plus - en chaîne,3,4,3,0,1,2,1,0,1,50,,3,2,0,0,1,51.0,29.0,,,1,2,6,1,4
202100013327,2021-10-13 20:45:00,2021,10,13,20,45,94,94002,EUROPE (PL DE L),48.7889,2.4289,Nuit avec éclairage allumé,En agglomération,Intersection en X,Normale,Sans collision,4,2,2,0,1,1,1,0,1,50,,1,0,0,0,1,30.0,,,,5,2,2,1,7
202100013328,2021-10-12 21:29:00,2021,10,12,21,29,94,94002,CARNOT (BD),48.79632,2.42891,Nuit avec éclairage allumé,En agglomération,Intersection en T,Normale,Deux véhicules - côté,4,2,2,0,3,1,1,0,1,50,,2,1,0,0,1,32.0,51.0,,,5,2,3,1,3
202100013329,2021-10-12 11:55:00,2021,10,12,11,55,93,93048,PARIS (RUE DE),48.85753,2.4332,Plein jour,En agglomération,Hors intersection,Normale,Deux véhicules - côté,3,2,0,0,1,1,1,0,1,30,,2,1,0,0,1,80.0,21.0,,,1,2,1,1,3
202100013330,2021-10-14 14:10:00,2021,10,14,14,10,93,93006,STALINGRAD AV.,48.8711,2.4308,Plein jour,En agglomération,Hors intersection,Normale,Autre collision,3,1,1,0,1,1,1,0,6,50,,2,1,0,0,1,32.0,,,,1,2,1,1,6
202100013331,2021-10-14 10:30:00,2021,10,14,10,30,93,93031,REPUBLIQUE (AVENUE),48.9489356728,2.3331490159,Plein jour,En agglomération,Intersection en X,Temps éblouissant,Deux véhicules - frontale,3,2,4,1,1,1,1,0,1,50,,2,1,0,1,0,25.0,75.0,,,1,2,2,7,1
202100013332,2021-10-14 09:20:00,2021,10,14,9,20,93,93029,HOCHE,48.92849,2.43045,Plein jour,En agglomération,Intersection en X,Normale,Deux véhicules - côté,4,1,1,0,1,1,1,9,1,50,,4,2,0,0,2,29.0,45.0,,,1,2,2,1,3
202100013333,2021-10-13 11:45:00,2021,10,13,11,45,93,93029,RAYMOND BERTOUT,48.9189930173,2.4513586849,Plein jour,En agglomération,Hors intersection,Normale,Trois véhicules et plus - collisions multiples,4,1,1,0,1,1,1,0,8,30,,6,4,0,0,2,,22.0,,,1,2,1,1,5
202100013334,2021-10-14 17:00:00,2021,10,14,17,0,93,93010,FRANCE (AV. ANATOLE) DE 32 A 56,48.89453,2.4992,Plein jour,En agglomération,Hors intersection,Normale,Autre collision,3,1,1,0,1,1,1,0,1,30,,2,1,0,0,1,26.0,,,,1,2,1,1,6
202100013335,2021-06-11 18:55:00,2021,6,11,18,55,92,92064,FOUILLEUSE (AVENUE DE),48.8606330854,2.2080668807,Plein jour,En agglomération,Hors intersection,Normale,Autre collision,4,1,2,0,1,1,1,0,1,50,,4,3,0,0,1,31.0,,,,1,2,1,1,6
202100013336,2021-10-14 18:39:00,2021,10,14,18,39,92,92050,HEBERT CELESTIN RUE,48.89688,2.22403,Plein jour,En agglomération,Intersection en Y,Normale,Deux véhicules - côté,3,1,2,0,1,1,1,0,1,50,,2,1,0,0,1,21.0,22.0,,,1,2,4,1,3
202100013337,2021-10-13 23:35:00,2021,10,13,23,35,92,92050,VAILLANT COUTURIER PAUL RUE,48.879477706,2.2081384855,Nuit avec éclairage allumé,En agglomération,Hors intersection,Normale,Autre collision,3,2,2,2,2,2,1,0,1,50,,1,0,0,0,1,39.0,,,,5,2,1,1,6
202100013338,2021-10-13 11:00:00,2021,10,13,11,0,92,92050,THOREZ MAURICE RUE,48.8925373891,2.195853826,Plein jour,En agglomération,Hors intersection,Normale,Autre collision,4,1,1,0,1,2,1,0,1,30,,3,0,0,1,2,80.0,,,,1,2,1,1,6
202100013339,2021-10-14 18:40:00,2021,10,14,18,40,92,92020,EXUPERY AVENUE SAINT,48.80909,2.29839,Crépuscule ou aube,En agglomération,Hors intersection,Normale,Deux véhicules - côté,3,2,2,0,1,1,1,0,1,50,,3,2,0,0,1,37.0,75.0,,,2,2,1,1,3
202100013340,2021-10-14 15:20:00,2021,10,14,15,20,92,92049,BARBES RUE,48.817198,2.328802,Plein jour,En agglomération,Intersection en X,Normale,Deux véhicules - côté,3,1,2,0,2,1,1,0,1,50,,2,1,0,0,1,20.0,19.0,,,1,2,2,1,3
202100013341,2021-10-15 13:20:00,2021,10,15,13,20,54,54314,19 Rue de Longwy,49.5030953953,5.7335811861,Plein jour,En agglomération,Hors intersection,Normale,Autre collision,3,2,2,0,1,1,1,9,1,50,,3,2,0,0,1,20.0,,,,1,2,1,1,6
202100013342,2021-10-15 14:15:00,2021,10,15,14,15,974,97414,25 D3 au niveau du chemin Graviter,-21.28028,55.451439,Plein jour,En agglomération,Hors intersection,Normale,Deux véhicules - frontale,3,2,2,0,2,2,1,0,1,50,,2,1,0,0,1,31.0,29.0,,,1,2,1,1,1
202100013343,2021-10-14 17:05:00,2021,10,14,17,5,63,63426,D922,45.585783,2.646847,Plein jour,Hors agglomération,Intersection en X,Temps éblouissant,Deux véhicules - côté,3,2,2,0,3,1,1,5,1,80,,2,1,0,0,1,60.0,71.0,,,1,1,2,7,3
202100013344,2021-10-09 01:30:00,2021,10,9,1,30,31,31202,800 Route de Toulouse,43.830974,1.390715,Nuit avec éclairage allumé,En agglomération,Hors intersection,Normale,Autre collision,6,-1,-1,0,1,1,1,0,8,50,,2,1,1,0,0,38.0,,,,5,2,1,1,6
202100013345,2021-10-15 07:15:00,2021,10,15,7,15,72,72080,Les carrières,48.169735,0.669222,Nuit avec éclairage allumé,En agglomération,Giratoire,Normale,Deux véhicules - côté,3,2,1,0,1,3,1,5,1,50,,2,1,0,0,1,17.0,19.0,,,5,2,6,1,3
202100013346,2021-10-14 17:40:00,2021,10,14,17,40,72,72084,D323,47.74713,0.00189,Plein jour,Hors agglomération,Hors intersection,Normale,Deux véhicules - côté,3,2,2,0,2,1,1,0,1,-1,,2,1,0,1,0,31.0,56.0,,,1,1,1,1,3
202100013347,2021-10-14 17:30:00,2021,10,14,17,30,60,60636,D1032,49.488568,2.873684,Plein jour,Hors agglomération,Hors intersection,Normale,Deux véhicules - arrière,3,3,4,0,1,1,1,0,1,110,,2,1,0,1,0,45.0,33.0,,,1,1,1,1,2
202100013348,2021-10-09 17:00:00,2021,10,9,17,0,16,16105,pk38+500,45.418094,-0.148745,Plein jour,Hors agglomération,Hors intersection,Normale,Sans collision,3,-1,2,0,1,2,1,0,1,90,,1,0,0,1,0,61.0,,,,1,1,1,1,7
202100013349,2021-10-14 12:30:00,2021,10,14,12,30,973,97309,Route de Rémire,4.900023,-52.273743,Plein jour,En agglomération,Hors intersection,Normale,Deux véhicules - côté,3,2,2,2,1,1,1,0,5,50,,2,1,0,0,1,46.0,49.0,,,1,2,1,1,3
202100013350,2021-10-15 05:51:00,2021,10,15,5,51,01,01142,autoroute A42 - PK 015+800 - sens LYON/GENEVE,45.842643,5.064096,Nuit sans éclairage public,Hors agglomération,Hors intersection,Normale,Deux véhicules - arrière,1,3,5,0,1,1,1,0,1,130,,6,2,0,1,3,21.0,30.0,,,3,1,1,1,2
202100013351,2021-10-15 11:00:00,2021,10,15,11,0,21,21086,Aire Beaune Tailly,46.969067,4.838512,Plein jour,Hors agglomération,Hors intersection,Normale,Sans collision,1,1,1,0,2,3,1,0,3,50,,2,1,0,0,1,24.0,,,,1,1,1,1,7
202100013352,2021-10-14 18:10:00,2021,10,14,18,10,38,38351,Route Départementale 522,45.548491,5.256261,Crépuscule ou aube,Hors agglomération,Hors intersection,Normale,Deux véhicules - frontale,3,2,2,0,1,1,1,0,1,70,,2,0,1,0,1,54.0,73.0,,,2,1,1,1,1
202100013353,2021-10-14 19:20:00,2021,10,14,19,20,974,97421,Route Departementale 48,-21.00822,55.565178,Nuit sans éclairage public,Hors agglomération,Hors intersection,Normale,Autre collision,3,2,2,0,2,3,1,0,1,70,,2,0,0,1,1,23.0,,,,3,1,1,1,6
202100013354,2021-10-12 17:45:00,2021,10,12,17,45,26,26235,77 Avenue du General de Gaulle,44.370564,4.695899,Plein jour,En agglomération,Giratoire,Normale,Deux véhicules - côté,4,2,2,0,1,1,1,0,1,50,,2,1,0,0,1,38.0,41.0,,,1,2,6,1,3
202100013355,2021-10-15 03:00:00,2021,10,15,3,0,46,46085,Gours,44.576021,2.131401,Nuit sans éclairage public,Hors agglomération,Hors intersection,Normale,Autre collision,3,2,2,0,1,1,1,0,8,80,,4,0,0,1,3,22.0,,,,3,1,1,1,6
202100013356,2021-10-13 17:25:00,2021,10,13,17,25,33,33238,11 avenue de Bordeaux,44.734997,-0.59854,Plein jour,En agglomération,Hors intersection,Normale,Deux véhicules - côté,3,2,2,0,1,1,1,0,1,50,,2,1,0,1,0,26.0,53.0,,,1,2,1,1,3
202100013357,2021-10-12 22:00:00,2021,10,12,22,0,13,13112,A7-Sens Lyon vers Marseille,43.515034,5.231394,Nuit sans éclairage public,Hors agglomération,Hors intersection,Normale,Deux véhicules - arrière,1,1,2,0,1,1,1,0,1,110,,2,1,0,0,1,21.0,24.0,,,3,1,1,1,2
202100013358,2021-10-13 22:16:00,2021,10,13,22,16,13,13005,A50-Sens Aubagne vers Marseille,43.2891,5.5505,Nuit sans éclairage public,Hors agglomération,Hors intersection,Normale,Deux véhicules - arrière,1,1,3,0,1,1,1,0,1,90,,3,1,0,0,2,55.0,25.0,,,3,1,1,1,2
202100013359,2021-10-13 02:50:00,2021,10,13,2,50,13,13117,A7-Sens Marseille vers Lyon,43.43237,5.25726,Nuit sans éclairage public,Hors agglomération,Hors intersection,Normale,Deux véhicules - frontale,1,1,2,0,1,1,1,0,1,90,,6,5,0,1,0,51.0,29.0,,,3,1,1,1,1
202100013360,2021-10-14 08:10:00,2021,10,14,8,10,33,33122,AUTOROUTE A 63,44.754907,-0.687886,Plein jour,Hors agglomération,Hors intersection,Normale,Autre collision,1,3,4,0,1,1,1,0,1,90,,2,1,0,1,0,20.0,37.0,,,1,1,1,1,6
202100013361,2021-10-14 07:00:00,2021,10,14,7,0,33,33039,ROCADE A 630,44.807688,-0.527605,Nuit avec éclairage allumé,Hors agglomération,Hors intersection,Normale,Trois véhicules et plus - collisions multiples,1,3,6,0,1,1,1,0,1,900,,3,2,0,0,1,34.0,45.0,,,5,1,1,1,5
202100013362,2021-10-14 17:20:00,2021,10,14,17,20,77,77384,AUTOROUTE A5A,48.60378,2.59317,Plein jour,Hors agglomération,Hors intersection,Normale,Deux véhicules - arrière,1,1,3,0,1,1,1,0,1,110,,2,1,0,0,1,21.0,57.0,,,1,1,1,1,2
202100013363,2021-10-14 17:30:00,2021,10,14,17,30,91,91689,AUTOROUTE A6A,48.72596,2.3131,Plein jour,Hors agglomération,Hors intersection,Normale,Deux véhicules - arrière,1,3,3,0,1,1,1,0,1,110,,3,1,0,2,0,21.0,51.0,,,1,1,1,1,2
202100013364,2021-10-14 14:50:00,2021,10,14,14,50,94,94038,AUTOROUTE A6A,48.77467,2.34591,Plein jour,Hors agglomération,Hors intersection,Normale,Deux véhicules - arrière,1,1,2,0,1,1,1,0,1,90,,2,1,0,0,1,45.0,32.0,,,1,1,1,1,2
202100013365,2021-10-13 20:22:00,2021,10,13,20,22,91,91377,AUTOROUTE A10,48.7243,2.29917,Nuit sans éclairage public,Hors agglomération,Hors intersection,Normale,Trois véhicules et plus - en chaîne,1,1,3,0,1,1,1,0,1,110,,4,3,0,0,1,58.0,55.0,,,3,1,1,1,4
202100013366,2021-10-14 02:50:00,2021,10,14,2,50,78,78524,A13,48.84044,2.11407,Nuit avec éclairage allumé,Hors agglomération,Hors intersection,Normale,Autre collision,1,1,1,0,1,1,1,3,1,70,,1,0,0,0,1,34.0,,,,5,1,1,1,6
202100013367,2021-10-14 19:15:00,2021,10,14,19,15,92,92078,AUTOROUTE A86,48.9311292993,2.3235279586,Nuit sans éclairage public,Hors agglomération,Hors intersection,Normale,Autre collision,1,3,3,0,1,1,1,0,1,90,,3,2,0,1,0,31.0,35.0,,,3,1,1,1,6
202100013368,2021-10-14 10:45:00,2021,10,14,10,45,93,93066,AUTOROUTE A86,48.9219293849,2.3630047717,Plein jour,Hors agglomération,Hors intersection,Normale,Deux véhicules - côté,1,1,4,0,1,1,1,0,1,90,,2,1,0,0,1,59.0,21.0,,,1,1,1,1,3
202100013369,2021-10-13 20:30:00,2021,10,13,20,30,93,93008,AUTOROUTE A86,48.9069,2.4558,Nuit avec éclairage allumé,Hors agglomération,Hors intersection,Normale,Deux véhicules - côté,1,-1,3,0,1,1,1,1,1,90,,2,1,0,0,1,31.0,35.0,,,5,1,1,1,3
202100013370,2021-10-14 08:30:00,2021,10,14,8,30,93,93006,AUTOROUTE A3,48.8695473617,2.4299369253,Plein jour,Hors agglomération,Hors intersection,Normale,Trois véhicules et plus - collisions multiples,1,3,6,0,1,1,1,1,1,110,,4,3,0,0,1,46.0,47.0,,,1,1,1,1,5
202100013371,2021-10-14 08:50:00,2021,10,14,8,50,95,95582, A115,48.980713,2.241055,Plein jour,Hors agglomération,Hors intersection,Normale,Trois véhicules et plus - collisions multiples,1,3,4,0,1,1,1,0,1,90,,3,2,0,0,1,,41.0,,,1,1,1,1,5
202100013372,2021-10-14 01:05:00,2021,10,14,1,5,93,93078,AUTOROUTE A104,48.9609,2.52433,Nuit sans éclairage public,Hors agglomération,Hors intersection,Normale,Sans collision,1,3,3,0,2,3,1,0,1,90,,1,0,0,0,1,37.0,,,,3,1,1,1,7
202100013373,2021-10-13 13:45:00,2021,10,13,13,45,93,93027,AUTOROUTE A86,48.9281222552,2.4177539349,Plein jour,Hors agglomération,Hors intersection,Normale,Trois véhicules et plus - collisions multiples,1,3,3,0,3,2,1,0,1,70,,4,2,0,0,2,25.0,33.0,,,1,1,1,1,5
202100013374,2021-10-14 15:00:00,2021,10,14,15,0,94,94079,A4,48.8354458972,2.5387118132,Plein jour,Hors agglomération,Hors intersection,Normale,Trois véhicules et plus - en chaîne,1,3,4,0,2,2,1,0,1,110,,3,2,0,0,1,28.0,42.0,,,1,1,1,1,4
202100013375,2021-10-14 11:50:00,2021,10,14,11,50,94,94028,A86 EXT,48.8030108828,2.4483130603,Plein jour,Hors agglomération,Autre intersection,Normale,Deux véhicules - arrière,1,1,1,0,2,1,1,0,1,70,,2,1,0,0,1,29.0,24.0,,,1,1,9,1,2
202100013376,2021-10-14 11:10:00,2021,10,14,11,10,77,77055,A104,48.9013,2.6516,Plein jour,Hors agglomération,Hors intersection,Normale,Deux véhicules - arrière,1,3,4,0,1,1,1,0,1,90,,2,0,0,0,2,23.0,35.0,,,1,1,1,1,2
202100013377,2021-10-13 23:30:00,2021,10,13,23,30,77,77018,A4,48.84316,2.815,Nuit sans éclairage public,En agglomération,Hors intersection,Normale,Deux véhicules - arrière,1,1,2,0,1,3,1,0,1,70,,2,1,0,0,1,30.0,22.0,,,3,2,1,1,2
202100013378,2021-10-13 06:20:00,2021,10,13,6,20,75,75112,A4,48.82208,2.46278,Nuit sans éclairage public,Hors agglomération,Hors intersection,Normale,Trois véhicules et plus - en chaîne,1,-1,8,0,1,2,1,0,1,90,,5,4,0,0,1,49.0,62.0,,,3,1,1,1,4
202100013379,2021-03-03 12:25:00,2021,3,3,12,25,05,05023,rue des toulouzannes,44.89174,6.63688,Plein jour,En agglomération,Intersection en Y,Normale,Deux véhicules - côté,4,2,2,0,2,1,1,0,1,50,,2,1,0,0,1,41.0,18.0,,,1,2,4,1,3
202100013380,2021-05-01 10:13:00,2021,5,1,10,13,05,05023,REPUBLIQUE (AVENUE DE LA),44.89666,6.63489,Plein jour,En agglomération,Hors intersection,Pluie légère,Autre collision,3,2,2,0,4,1,2,0,1,30,,2,1,0,0,1,57.0,,,,1,2,1,2,6
202100013381,2021-10-13 19:50:00,2021,10,13,19,50,75,75120,PORTE DE MONTREUIL,48.858133,2.41411,Nuit avec éclairage allumé,En agglomération,Hors intersection,Normale,Deux véhicules - arrière,4,1,4,0,1,1,1,0,1,70,,2,1,0,0,1,45.0,55.0,,,5,2,1,1,2
202100013382,2021-10-13 17:05:00,2021,10,13,17,5,75,75118,PORTE DE SAINT OUEN,48.900616,2.330349,Plein jour,En agglomération,Hors intersection,Normale,Deux véhicules - côté,4,1,4,0,1,1,1,0,1,70,,2,1,0,0,1,21.0,46.0,,,1,2,1,1,3
202100013383,2021-10-13 10:05:00,2021,10,13,10,5,75,75112,BOULEVARD PERIPHERIQUE EXTERIEUR SUD,48.828353,2.397596,Plein jour,En agglomération,Hors intersection,Normale,Deux véhicules - côté,4,1,4,0,1,1,1,0,1,70,,2,1,0,0,1,33.0,36.0,,,1,2,1,1,3
202100013384,2021-10-13 09:10:00,2021,10,13,9,10,75,75117,RUE DE ROME,48.884034,2.318494,Plein jour,En agglomération,Intersection en X,Normale,Deux véhicules - arrière,4,2,2,2,1,1,1,0,1,30,,2,1,0,0,1,43.0,26.0,,,1,2,2,1,2
202100013385,2021-10-12 07:10:00,2021,10,12,7,10,75,75116,PLACE DE LA PORTE DE PASSY,48.857345,2.264704,Crépuscule ou aube,En agglomération,Intersection en X,Normale,Deux véhicules - côté,4,2,7,0,1,1,1,0,1,50,,3,2,0,0,1,34.0,66.0,,,2,2,2,1,3
202100013386,2021-10-12 09:30:00,2021,10,12,9,30,75,75112,BOULEVARD DIDEROT,48.848031,2.392891,Plein jour,En agglomération,Intersection en X,Normale,Deux véhicules - côté,4,2,2,0,1,1,1,0,1,30,,3,2,0,0,1,29.0,24.0,,,1,2,2,1,3
202100013387,2021-10-13 19:50:00,2021,10,13,19,50,75,75111,BOULEVARD VOLTAIRE,48.860989,2.374841,Nuit avec éclairage allumé,En agglomération,Intersection en T,Normale,Autre collision,4,2,4,0,1,1,1,0,1,30,,2,0,0,0,2,29.0,,,,5,2,3,1,6
202100013388,2021-10-13 14:05:00,2021,10,13,14,5,75,75110,RUE ALBERT THOMAS,48.86933,2.363385,Plein jour,En agglomération,Intersection en X,Normale,Autre collision,4,1,2,1,1,1,1,0,1,30,,2,1,0,0,1,51.0,,,,1,2,2,1,6
202100013389,2021-10-13 10:10:00,2021,10,13,10,10,75,75108,PONT ALEXANDRE III,48.8640277937,2.3135447502,Plein jour,En agglomération,Hors intersection,Normale,Deux véhicules - côté,4,2,3,1,1,1,1,2,1,30,,2,1,0,0,1,29.0,61.0,,,1,2,1,1,3
202100013390,2021-10-13 09:43:00,2021,10,13,9,43,75,75108,AVENUE WINSTON CHURCHILL,48.866279,2.313842,Plein jour,En agglomération,Hors intersection,Normale,Deux véhicules - côté,4,2,5,1,1,1,1,-1,5,30,,2,1,0,0,1,55.0,28.0,,,1,2,1,1,3
202100013391,2021-10-13 17:35:00,2021,10,13,17,35,75,75103,RUE DE TURENNE,48.856459,2.364312,Crépuscule ou aube,En agglomération,Intersection en T,Normale,Sans collision,4,2,2,0,1,1,1,0,1,30,,1,0,0,0,1,68.0,,,,2,2,3,1,7
202100013392,2021-10-13 14:10:00,2021,10,13,14,10,75,75102,RUE ETIENNE MARCEL,48.865111,2.343907,Plein jour,En agglomération,Intersection en T,Normale,Deux véhicules - côté,4,2,3,0,1,1,1,0,1,30,,3,2,0,0,1,25.0,43.0,,,1,2,3,1,3
202100013393,2021-10-13 09:15:00,2021,10,13,9,15,94,94078,Rue de Paris,48.75535,2.44431,Plein jour,En agglomération,Intersection en Y,Normale,Deux véhicules - arrière,2,2,4,0,1,1,1,0,1,50,,2,1,0,0,1,60.0,38.0,,,1,2,4,1,2
202100013394,2021-10-12 13:00:00,2021,10,12,13,0,94,94068,VARENNE (R DE LA),48.80803,2.47342,Plein jour,En agglomération,Hors intersection,Normale,Trois véhicules et plus - en chaîne,3,2,2,0,1,1,1,0,1,30,,4,2,0,0,2,31.0,35.0,,,1,2,1,1,4
202100013395,2021-10-13 10:25:00,2021,10,13,10,25,94,94058,Avenue Montaigne,48.8373,2.503673,Plein jour,En agglomération,Intersection en X,Normale,Autre collision,3,1,1,1,1,1,1,6,1,30,,2,1,0,0,1,42.0,,,,1,2,2,1,6
202100013396,2021-10-13 15:00:00,2021,10,13,15,0,94,94003,PAUL VAILLANT COUTURIER (AV),48.79863,2.34587,Plein jour,En agglomération,Hors intersection,Normale,Autre collision,3,2,2,0,2,1,1,0,1,50,,2,1,0,1,0,35.0,,,,1,2,1,1,6
202100013397,2021-10-13 18:10:00,2021,10,13,18,10,94,94033,CARNOT (R),48.85334,2.49202,Plein jour,En agglomération,Hors intersection,Normale,Deux véhicules - côté,3,3,2,0,1,1,1,0,1,50,,3,2,0,0,1,24.0,37.0,,,1,2,1,1,3
202100013398,2021-10-11 18:00:00,2021,10,11,18,0,94,94028,Rue Saint-Simon,48.794753,2.445528,Plein jour,En agglomération,Hors intersection,Normale,Autre collision,4,2,1,0,1,1,1,0,1,50,,2,1,0,0,1,20.0,,,,1,2,1,1,6
202100013399,2021-10-13 19:58:00,2021,10,13,19,58,94,94022,Avenue de Lugo,48.7695259945,2.4094390868,Nuit avec éclairage non allumé,En agglomération,Hors intersection,Normale,Deux véhicules - arrière,3,1,3,0,1,1,1,0,1,50,,2,1,0,0,1,20.0,31.0,,,4,2,1,1,2
202100013400,2021-10-12 21:29:00,2021,10,12,21,29,94,94002,Cours Beethoven,48.795898,2.429064,Nuit sans éclairage public,En agglomération,Autre intersection,Normale,Deux véhicules - arrière,4,-1,3,0,1,1,1,0,1,30,,2,1,0,0,1,32.0,51.0,,,3,2,9,1,2
202100013401,2021-10-12 11:30:00,2021,10,12,11,30,94,94002,Rue Etienne Dolet,48.795068,2.425342,Plein jour,En agglomération,Hors intersection,Normale,Autre collision,4,2,2,0,1,1,1,0,1,50,,2,1,0,0,1,60.0,,,,1,2,1,1,6
202100013402,2021-10-12 21:30:00,2021,10,12,21,30,93,93073,SALENGRO (AVENUE ROGER),48.94255,2.57585,Nuit avec éclairage non allumé,En agglomération,Intersection en X,Normale,Deux véhicules - côté,4,2,2,0,1,1,1,5,1,50,,3,1,0,0,2,30.0,24.0,,,4,2,2,1,3
202100013403,2021-10-12 18:30:00,2021,10,12,18,30,93,93039,SEINE (QUAI DE ),48.9347748002,2.3425877094,Plein jour,En agglomération,Hors intersection,Normale,Trois véhicules et plus - collisions multiples,3,3,4,0,3,3,1,0,1,50,,3,2,0,0,1,25.0,55.0,,,1,2,1,1,5
202100013404,2021-10-13 20:40:00,2021,10,13,20,40,93,93064,RHIN (RUE DU),48.8668948454,2.4977683383,Nuit avec éclairage allumé,En agglomération,Intersection en X,Normale,Autre collision,4,1,1,0,1,1,1,0,1,50,,2,1,0,0,1,61.0,,,,5,2,2,1,6