accident_id,datetime,annee,mois,jour,heure,minute,departement,commune_insee,adresse,latitude,longitude,luminosite,agglomeration,intersection,meteo,collision,catr,circ,nbv,vosp,prof,plan,surf,infra,situ,vma,nb_vehicules,nb_usagers,nb_indemnes,nb_tues,nb_blesses_hosp,nb_blesses_legers,age_cond_1,age_cond_2,veh_type_cond_1,veh_type_cond_2,lum_code,agg_code,int_code,atm_code,col_code
202100013405,2021-10-13 18:58:00,2021,10,13,18,58,93,93055,JEAN LOLIVE (AVENUE)(137/FIN ET 134/FIN),48.8944582801,2.4193766713,Crépuscule ou aube,En agglomération,Hors intersection,Normale,Deux véhicules - côté,3,2,2,1,1,1,1,0,1,50,,2,0,0,0,2,27.0,47.0,,,2,2,1,1,3
202100013406,2021-10-13 10:30:00,2021,10,13,10,30,93,93051,MONTAIGNE (AVE),48.84512,2.53875,Plein jour,En agglomération,Hors intersection,Normale,Autre collision,4,2,2,0,1,1,1,0,1,30,,2,1,0,0,1,22.0,,,,1,2,1,1,6
202100013407,2021-10-13 08:40:00,2021,10,13,8,40,93,93048,PIERRE DE MONTREUIL (RUE),48.86288,2.45824,Crépuscule ou aube,En agglomération,Hors intersection,Normale,Sans collision,3,2,2,0,1,1,1,0,1,50,,1,0,0,0,1,22.0,,,,2,2,1,1,7
202100013408,2021-10-13 20:30:00,2021,10,13,20,30,93,93077,GRANDE RUE,48.8835156911,2.5114792585,Nuit avec éclairage allumé,En agglomération,Hors intersection,Normale,Deux véhicules - arrière,3,2,2,0,1,1,1,0,1,50,,2,1,0,0,1,27.0,34.0,,,5,2,1,1,2
202100013409,2021-10-13 15:30:00,2021,10,13,15,30,93,93079,JEAN JAURES (AV),48.9645063815,2.3441771744,Plein jour,En agglomération,Intersection en X,Temps éblouissant,Deux véhicules - frontale,4,2,2,0,1,1,1,5,1,50,,2,1,0,0,1,48.0,65.0,,,1,2,2,7,1
202100013410,2021-10-12 18:30:00,2021,10,12,18,30,93,93008,SEMARD (RUE PIERRE),48.908647041,2.4454772472,Plein jour,En agglomération,Autre intersection,Normale,Deux véhicules - côté,3,1,2,0,1,1,1,6,1,50,,2,1,0,1,0,14.0,56.0,,,1,2,9,1,3
202100013411,2021-10-13 14:30:00,2021,10,13,14,30,93,93027,SALENGRO (AVENUE ROGER),48.93557,2.38734,Plein jour,En agglomération,Giratoire,Normale,Deux véhicules - arrière,3,1,2,0,1,1,1,0,1,50,,2,1,0,0,1,36.0,57.0,,,1,2,6,1,2
202100013412,2021-10-13 14:15:00,2021,10,13,14,15,93,93010,PHILOSOPHIE (RUE DE LA),48.89127,2.49575,Plein jour,En agglomération,Autre intersection,Normale,Deux véhicules - arrière,3,-1,1,0,1,1,1,0,1,50,,2,1,0,0,1,25.0,33.0,,,1,2,9,1,2
202100013413,2021-10-13 10:15:00,2021,10,13,10,15,93,93057,LUXEMBOURG (AL. DE),48.9137290953,2.4980247784,Plein jour,En agglomération,Hors intersection,Normale,Deux véhicules - frontale,4,2,2,0,1,1,1,0,1,40,,3,2,0,0,1,52.0,34.0,,,1,2,1,1,1
202100013414,2021-10-13 11:20:00,2021,10,13,11,20,92,92046,PIERRE LAROUSSE (AVENUE),48.8195535467,2.3061525822,Plein jour,En agglomération,Intersection en T,Normale,Deux véhicules - côté,3,-1,1,0,1,1,1,0,1,50,,2,1,0,0,1,47.0,53.0,,,1,2,3,1,3
202100013415,2021-10-13 17:10:00,2021,10,13,17,10,92,92073,BLUM (QUAI LEON),48.864377,2.226617,Plein jour,En agglomération,Hors intersection,Normale,Deux véhicules - côté,3,4,4,0,1,1,1,0,1,50,,3,2,0,0,1,38.0,43.0,,,1,2,1,1,3
202100013416,2021-10-12 19:10:00,2021,10,12,19,10,92,92022,LIBERATION (BOULEVARD DE LA),48.8015868506,2.1853761993,Plein jour,En agglomération,Hors intersection,Normale,Autre collision,4,2,1,0,1,1,1,0,1,30,,1,0,0,0,1,17.0,,,,1,2,1,1,6
202100013417,2021-10-13 10:07:00,2021,10,13,10,7,92,92064,PASTEUR,48.84232,2.20668,Plein jour,En agglomération,Hors intersection,Normale,Deux véhicules - côté,3,3,3,0,1,1,1,0,1,50,,2,1,0,0,1,41.0,12.0,,,1,2,1,1,3
202100013418,2021-10-11 20:10:00,2021,10,11,20,10,92,92050,ONZE NOVEMBRE RUE DU,48.9068811292,2.218696475,Plein jour,En agglomération,Intersection en Y,Normale,Deux véhicules - arrière,4,2,2,0,1,2,1,0,1,50,,2,1,0,0,1,27.0,41.0,,,1,2,4,1,2
202100013419,2021-10-13 18:20:00,2021,10,13,18,20,92,92049,PASTEUR RUE,48.820251715,2.3157120067,Plein jour,En agglomération,Hors intersection,Normale,Deux véhicules - côté,4,1,1,0,1,1,1,0,1,50,,2,1,0,0,1,47.0,22.0,,,1,2,1,1,3
202100013420,2021-10-13 20:30:00,2021,10,13,20,30,92,92048,REPUBLIQUE (RUE DE LA) N° 1 A 45,48.8099646861,2.23624999,Nuit avec éclairage allumé,En agglomération,Hors intersection,Normale,Sans collision,3,2,2,0,2,1,1,0,1,30,,1,0,0,0,1,57.0,,,,5,2,1,1,7
202100013421,2021-10-13 12:30:00,2021,10,13,12,30,92,92048,DUMONT D'URVILLE (RUE),48.81894,2.2293,Plein jour,En agglomération,Hors intersection,Normale,Autre collision,4,2,1,0,1,1,1,0,1,30,,2,1,0,0,1,45.0,,,,1,2,1,1,6
202100013422,2021-07-30 20:30:00,2021,7,30,20,30,92,92044,VIC. HUGO(RUE)069A075 ET 080A088,48.89585,2.29655,Crépuscule ou aube,En agglomération,Intersection en X,Normale,Trois véhicules et plus - en chaîne,3,2,3,3,1,1,1,0,1,50,,3,2,0,0,1,21.0,33.0,,,2,2,2,1,4
202100013423,2021-10-13 13:45:00,2021,10,13,13,45,92,92026,JOFFRE ( DE 30 A 50 ET DE 31 A 55 ),48.8994796118,2.2717854381,Plein jour,En agglomération,Hors intersection,Normale,Deux véhicules - arrière,3,2,4,0,1,1,1,0,1,70,,4,3,0,0,1,41.0,34.0,,,1,2,1,1,2
202100013424,2021-10-12 11:45:00,2021,10,12,11,45,92,92025,PRESIDENT KENNEDY (RUE DU),48.9323446475,2.2578634322,Plein jour,En agglomération,Hors intersection,Normale,Autre collision,4,1,1,0,1,1,1,0,1,30,,2,1,0,0,1,24.0,,,,1,2,1,1,6
202100013425,2021-10-13 17:40:00,2021,10,13,17,40,92,92024,MARTRE (RUE) DE (59 A 109)   (58 A 120),48.9017158431,2.3073620469,Plein jour,En agglomération,Intersection en T,Normale,Deux véhicules - côté,3,1,3,1,1,1,1,0,1,50,,2,1,0,0,1,21.0,16.0,,,1,2,3,1,3
202100013426,2021-10-13 13:30:00,2021,10,13,13,30,92,92012,JEAN JAURES (BOULEVARD) 1/61 - COTE IMPA,48.8402650902,2.2397638857,Plein jour,En agglomération,Hors intersection,Normale,Deux véhicules - côté,4,3,2,0,1,1,1,0,1,50,,2,1,0,0,1,21.0,87.0,,,1,2,1,1,3
202100013427,2021-10-11 12:20:00,2021,10,11,12,20,01,01333,Place Victor Hugo,45.928117,4.952585,Plein jour,En agglomération,Hors intersection,Normale,Autre collision,4,-1,2,0,1,1,1,0,1,50,,2,1,0,0,1,30.0,,,,1,2,1,1,6
202100013428,2021-10-14 07:30:00,2021,10,14,7,30,43,43178,La Vernede,45.3106971192,3.5377974808,Plein jour,En agglomération,Intersection en T,Normale,Deux véhicules - côté,3,2,2,0,1,1,1,0,1,50,,3,2,0,1,0,18.0,22.0,,,1,2,3,1,3
202100013429,2021-10-13 16:08:00,2021,10,13,16,8,11,11067,D6113,43.212542,2.843775,Plein jour,Hors agglomération,Intersection en X,Normale,Deux véhicules - côté,3,2,1,0,1,1,1,0,1,80,,2,1,1,0,0,27.0,86.0,,,1,1,2,1,3
202100013430,2021-09-30 15:45:00,2021,9,30,15,45,28,28158,D921,48.40928,1.4204,Plein jour,Hors agglomération,Hors intersection,Normale,Deux véhicules - frontale,9,2,2,1,1,3,1,0,5,50,,2,0,0,1,1,18.0,69.0,,,1,1,1,1,1
202100013431,2021-10-13 13:10:00,2021,10,13,13,10,42,42032,Route du Val Fleury,45.529708,4.51456,Plein jour,Hors agglomération,Hors intersection,Normale,Sans collision,7,2,2,0,1,4,1,0,3,80,,1,0,0,1,0,62.0,,,,1,1,1,1,7
202100013432,2021-10-13 12:45:00,2021,10,13,12,45,974,97413,Pointe au Sel les Bas,-21.199209,55.284598,Plein jour,Hors agglomération,Hors intersection,Normale,Trois véhicules et plus - collisions multiples,2,2,2,2,1,3,1,9,8,80,,1,0,0,1,0,58.0,,,,1,1,1,1,5
202100013433,2021-10-14 07:50:00,2021,10,14,7,50,50,50420,Hotel Hochu,49.060929,-1.202472,Crépuscule ou aube,Hors agglomération,Intersection en X,Normale,Deux véhicules - arrière,3,2,2,0,1,1,1,0,1,80,,2,1,0,0,1,34.0,49.0,,,2,1,2,1,2
202100013434,2021-10-13 09:00:00,2021,10,13,9,0,47,47156,Lamouliere,44.489384,0.082982,Plein jour,Hors agglomération,Hors intersection,Normale,Autre collision,3,2,2,0,1,1,1,0,3,80,,1,0,0,1,0,24.0,,,,1,1,1,1,6
202100013435,2021-09-06 17:30:00,2021,9,6,17,30,37,37142,A10,47.0413226783,0.5802447146,Plein jour,Hors agglomération,Hors intersection,Normale,Deux véhicules - côté,1,3,2,0,1,1,1,0,1,130,,2,1,0,1,0,46.0,37.0,,,1,1,1,1,3
202100013436,2021-10-13 19:30:00,2021,10,13,19,30,57,57490,RD 955,48.773815,6.56984,Nuit sans éclairage public,Hors agglomération,Intersection en T,Normale,Deux véhicules - côté,3,2,2,0,2,1,1,5,1,80,,4,0,0,2,2,51.0,58.0,,,3,1,3,1,3
202100013437,2021-10-14 15:00:00,2021,10,14,15,0,56,56078,Route Départementale N°152,47.755079,-3.51408,Plein jour,Hors agglomération,Hors intersection,Normale,Deux véhicules - côté,3,2,2,0,2,1,1,0,1,70,,2,1,0,1,0,67.0,28.0,,,1,1,1,1,3
202100013438,2021-10-13 08:15:00,2021,10,13,8,15,56,56231,Le Grayo,47.714573879,-2.64908507,Plein jour,Hors agglomération,Hors intersection,Normale,Autre collision,3,2,2,0,1,2,1,0,1,50,,1,0,0,1,0,16.0,,,,1,1,1,1,6
202100013439,2021-10-14 13:53:00,2021,10,14,13,53,76,76509,1065 Route du Puits de l Aire,49.467999,1.230136,Plein jour,Hors agglomération,Hors intersection,Normale,Deux véhicules - côté,3,2,2,0,1,3,1,0,1,80,,2,1,1,0,0,52.0,77.0,,,1,1,1,1,3
202100013440,2021-10-14 15:55:00,2021,10,14,15,55,80,80062,D1015,49.837097,1.765473,Plein jour,Hors agglomération,Intersection en X,Normale,Deux véhicules - côté,3,2,2,0,1,1,1,0,1,80,,2,0,1,0,1,42.0,64.0,,,1,1,2,1,3
202100013441,2021-10-13 16:45:00,2021,10,13,16,45,32,32406,carrefour D928 et D105,43.689346,0.82597,Plein jour,Hors agglomération,Intersection en X,Temps éblouissant,Deux véhicules - côté,3,2,2,0,1,1,1,5,1,80,,2,1,0,1,0,58.0,36.0,,,1,1,2,7,3
202100013442,2021-10-13 17:10:00,2021,10,13,17,10,42,42019,10 Rue de Clermont,45.747585,4.000799,Plein jour,En agglomération,Hors intersection,Normale,Autre collision,3,2,2,0,1,2,1,0,4,50,,1,0,0,1,0,16.0,,,,1,2,1,1,6
202100013443,2021-10-13 08:15:00,2021,10,13,8,15,47,47049,Avenue Saint-Jean,44.442413,0.625035,Plein jour,En agglomération,Hors intersection,Normale,Autre collision,3,2,2,0,1,1,1,0,1,50,,2,1,0,0,1,,,,,1,2,1,1,6
202100013444,2021-10-13 19:00:00,2021,10,13,19,0,29,29225,Lieu Dit Moriou,47.9600885605,-4.3561316651,Plein jour,En agglomération,Intersection en X,Normale,Autre collision,3,2,2,0,2,1,1,0,3,50,,1,0,0,1,0,87.0,,,,1,2,2,1,6
202100013445,2021-10-13 19:30:00,2021,10,13,19,30,31,31182,Intersection route de paris / Chemin de lespinasse,43.672763,1.409844,Nuit avec éclairage allumé,En agglomération,Intersection en T,Normale,Deux véhicules - frontale,7,4,2,0,1,1,1,0,1,70,,2,1,0,0,1,33.0,45.0,,,5,2,3,1,1
202100013446,2021-10-14 11:40:00,2021,10,14,11,40,02,02318,22 Rue Bernard Lefèvre,49.544572,3.290496,Plein jour,En agglomération,Hors intersection,Normale,Autre collision,3,2,2,0,1,1,1,0,1,50,,3,2,0,0,1,64.0,,,,1,2,1,1,6
202100013447,2021-10-12 19:15:00,2021,10,12,19,15,84,84020,D943,43.811707,5.343561,Crépuscule ou aube,Hors agglomération,Hors intersection,Normale,Autre collision,3,2,2,0,2,1,1,0,1,80,,1,0,0,1,0,59.0,,,,2,1,1,1,6
202100013448,2021-10-13 16:00:00,2021,10,13,16,0,01,01305,Rd933A Pk 0002.350,46.446374,4.905497,Plein jour,Hors agglomération,Hors intersection,Normale,Autre collision,3,2,2,0,1,1,1,0,8,80,,1,0,0,1,0,39.0,,,,1,1,1,1,6
202100013449,2021-10-14 07:28:00,2021,10,14,7,28,26,26166,Boulevard Frederic Mistral,44.740896,4.806755,Crépuscule ou aube,Hors agglomération,Intersection en X,Normale,Deux véhicules - côté,2,2,3,0,1,1,1,0,1,80,,2,0,0,1,1,54.0,16.0,,,2,1,2,1,3
202100013450,2021-10-08 20:00:00,2021,10,8,20,0,58,58110,D985,47.178451,3.725261,Nuit sans éclairage public,Hors agglomération,Hors intersection,Normale,Sans collision,3,2,2,0,1,1,1,0,3,80,,1,0,0,0,1,54.0,,,,3,1,1,1,7
202100013451,2021-10-12 12:00:00,2021,10,12,12,0,72,72351,Route de Sille,48.14272,-0.05037,Plein jour,Hors agglomération,Intersection en T,Normale,Deux véhicules - côté,3,2,1,0,1,1,1,0,1,80,,3,1,0,1,1,68.0,68.0,,,1,1,3,1,3
202100013452,2021-10-13 19:40:00,2021,10,13,19,40,60,60029,Route de Villotran,49.357869,1.983637,Nuit sans éclairage public,Hors agglomération,Hors intersection,Normale,Deux véhicules - arrière,3,2,2,0,1,3,1,0,1,90,,2,1,0,0,1,64.0,48.0,,,3,1,1,1,2
202100013453,2021-10-09 19:23:00,2021,10,9,19,23,45,45222,Route des Gourdets,48.093438,2.736626,Crépuscule ou aube,Hors agglomération,Hors intersection,Normale,Sans collision,4,2,2,0,1,1,1,0,1,80,,2,0,0,1,1,53.0,,,,2,1,1,1,7
202100013454,2021-10-14 12:50:00,2021,10,14,12,50,36,36030,,46.617021,1.77706,Plein jour,Hors agglomération,Intersection en Y,Normale,Deux véhicules - côté,3,2,2,3,2,1,1,5,1,80,,6,4,0,1,1,59.0,74.0,,,1,1,4,1,3
202100013455,2021-10-14 14:50:00,2021,10,14,14,50,07,07334,D 295,44.413348,4.157279,Plein jour,Hors agglomération,Hors intersection,Normale,Sans collision,3,2,2,0,2,3,9,0,1,-1,,1,0,0,1,0,65.0,,,,1,1,1,1,7
202100013456,2021-10-13 07:50:00,2021,10,13,7,50,53,53147,Rue de Normandie,48.308857,-0.623249,Crépuscule ou aube,En agglomération,Intersection en X,Normale,Deux véhicules - côté,3,2,2,0,1,1,1,5,1,50,,2,1,0,0,1,40.0,16.0,,,2,2,2,1,3
202100013457,2021-10-13 15:20:00,2021,10,13,15,20,27,27050,Route de Nassandres,49.096267,0.758014,Plein jour,Hors agglomération,Hors intersection,Normale,Autre collision,3,2,2,0,1,2,1,0,3,-1,,1,0,0,0,1,24.0,,,,1,1,1,1,6
202100013458,2021-10-14 10:15:00,2021,10,14,10,15,88,88141,D13,48.267127,5.896976,Plein jour,Hors agglomération,Hors intersection,Brouillard / fumée,Deux véhicules - frontale,3,2,2,0,4,3,1,0,1,80,,2,1,1,0,0,52.0,22.0,,,1,1,1,5,1
202100013459,2021-10-13 16:25:00,2021,10,13,16,25,49,49092,Autoroute A87 - PK : 016.00,47.276274,-0.615535,Plein jour,Hors agglomération,Hors intersection,Normale,Deux véhicules - arrière,1,3,4,0,1,1,1,0,1,130,,2,1,0,0,1,49.0,47.0,,,1,1,1,1,2
202100013460,2021-10-14 14:30:00,2021,10,14,14,30,01,01304,autoroute A42,46.047256,5.325612,Plein jour,Hors agglomération,Hors intersection,Normale,Deux véhicules - arrière,1,1,2,0,1,1,1,0,1,90,,4,3,0,0,1,31.0,38.0,,,1,1,1,1,2
202100013461,2021-10-13 16:55:00,2021,10,13,16,55,66,66195,D916,42.68425,2.807312,Plein jour,Hors agglomération,Hors intersection,Normale,Deux véhicules - côté,3,2,2,0,1,1,1,0,1,70,,2,1,0,1,0,62.0,16.0,,,1,1,1,1,3
202100013462,2021-10-14 17:30:00,2021,10,14,17,30,06,06083,A8 PK 220.000 sens MENTON NICE,43.797236,7.482526,Plein jour,Hors agglomération,Hors intersection,Normale,Deux véhicules - arrière,1,1,1,0,2,1,1,3,1,50,,3,2,0,0,1,64.0,82.0,,,1,1,1,1,2
202100013463,2021-10-11 15:40:00,2021,10,11,15,40,95,95379,Route de la Grand Mare,49.112155,1.785729,Plein jour,Hors agglomération,Hors intersection,Normale,Deux véhicules - frontale,4,2,2,0,1,1,1,0,1,80,,2,1,0,0,1,29.0,17.0,,,1,1,1,1,1
202100013464,2021-10-11 15:15:00,2021,10,11,15,15,34,34327,D65,43.662714,3.978907,Plein jour,Hors agglomération,Intersection en T,Normale,Deux véhicules - côté,7,2,2,0,1,1,1,0,1,70,,2,1,0,1,0,21.0,83.0,,,1,1,3,1,3
202100013465,2021-10-13 18:30:00,2021,10,13,18,30,89,89427,N151,47.751657,3.545012,Plein jour,Hors agglomération,Hors intersection,Normale,Trois véhicules et plus - en chaîne,2,2,2,0,1,3,1,0,1,80,,5,2,0,1,2,21.0,54.0,,,1,1,1,1,4
202100013466,2021-10-13 20:35:00,2021,10,13,20,35,58,58160,Route de Corcelles,47.00018,3.0774,Nuit sans éclairage public,Hors agglomération,Hors intersection,Normale,Deux véhicules - côté,3,-1,2,0,2,3,1,0,1,80,,2,1,0,1,0,,16.0,,,3,1,1,1,3
202100013467,2021-10-14 17:50:00,2021,10,14,17,50,21,21038,12 Rue du Colonel Redoutey,47.191741,5.391409,Plein jour,En agglomération,Intersection en X,Normale,Deux véhicules - côté,3,2,2,0,1,1,1,0,1,50,,2,1,0,1,0,40.0,16.0,,,1,2,2,1,3
202100013468,2021-10-13 07:56:00,2021,10,13,7,56,57,57481,Rue du 6 Septembre,49.220831,6.013824,Crépuscule ou aube,En agglomération,Intersection en T,Brouillard / fumée,Sans collision,3,2,2,0,2,1,2,0,1,50,,1,0,0,0,1,46.0,,,,2,2,3,5,7
202100013469,2021-10-09 18:35:00,2021,10,9,18,35,01,01202,Route départementale 1075,45.8969,5.337929,Plein jour,Hors agglomération,Hors intersection,Normale,Autre collision,3,2,2,0,1,1,1,0,3,80,,1,0,1,0,0,49.0,,,,1,1,1,1,6
202100013470,2021-10-13 17:46:00,2021,10,13,17,46,17,17283,RD 137,45.593861,-0.551162,Plein jour,Hors agglomération,Hors intersection,Normale,Deux véhicules - côté,3,2,2,0,1,1,1,0,1,90,,3,0,0,2,1,67.0,75.0,,,1,1,1,1,3
202100013471,2021-10-14 10:45:00,2021,10,14,10,45,22,22162,Quai Armand Dayot,48.782013,-3.042837,Plein jour,En agglomération,Hors intersection,Normale,Sans collision,4,-1,1,0,1,1,1,0,8,30,,1,0,1,0,0,65.0,,,,1,2,1,1,7
202100013472,2021-10-13 17:50:00,2021,10,13,17,50,35,35067,Chene des Plaids,48.216652,-1.591467,Plein jour,Hors agglomération,Intersection en X,Normale,Deux véhicules - côté,3,2,2,0,1,1,1,0,1,80,,2,1,0,1,0,16.0,79.0,,,1,1,2,1,3
202100013473,2021-10-14 12:20:00,2021,10,14,12,20,27,27343,Les Bruyères,49.064335,1.374439,Plein jour,Hors agglomération,Intersection à plus de 4 branches,Normale,Deux véhicules - côté,3,2,2,0,1,1,1,0,1,80,,3,2,0,1,0,15.0,81.0,,,1,1,5,1,3
202100013474,2021-10-14 17:35:00,2021,10,14,17,35,60,60141,Rue d Orgemont,49.189199,2.460042,Plein jour,En agglomération,Hors intersection,Normale,Autre collision,4,2,2,0,1,1,1,0,1,50,,2,1,0,1,0,38.0,37.0,,,1,2,1,1,6
202100013475,2021-10-14 17:39:00,2021,10,14,17,39,59,59602,Rue Nationale,50.609392,3.180177,Crépuscule ou aube,En agglomération,Intersection en X,Normale,Deux véhicules - côté,7,2,2,1,1,1,1,5,1,50,,2,1,0,1,0,65.0,19.0,,,2,2,2,1,3
202100013476,2021-10-13 14:55:00,2021,10,13,14,55,59,59581,grand chemin,50.6805745001,2.7584983899,Plein jour,Hors agglomération,Hors intersection,Normale,Trois véhicules et plus - collisions multiples,3,2,2,0,1,1,1,0,1,80,,3,1,0,0,2,48.0,17.0,,,1,1,1,1,5
202100013477,2021-01-08 19:45:00,2021,1,8,19,45,83,83086,Route de Fréjus,43.4680252239,6.5909309382,Nuit avec éclairage non allumé,Hors agglomération,Hors intersection,Normale,Autre collision,3,2,-1,0,1,1,1,0,1,-1,,2,0,0,0,2,30.0,19.0,,,4,1,1,1,6
202100013478,2021-05-07 15:40:00,2021,5,7,15,40,19,19031,MICHELET (BOULEVARD),45.16539,1.52133,Plein jour,En agglomération,Hors intersection,Normale,Deux véhicules - frontale,4,2,2,0,1,1,1,0,1,50,,3,1,0,0,2,23.0,74.0,,,1,2,1,1,1
202100013479,2021-10-13 04:30:00,2021,10,13,4,30,974,97411,LITTORAL (ROUTE 1 DU),-20.89344,55.37901,Nuit sans éclairage public,Hors agglomération,Hors intersection,Normale,Autre collision,2,2,4,0,1,1,1,0,1,90,,3,2,1,0,0,45.0,,,,3,1,1,1,6
202100013480,2021-10-13 17:00:00,2021,10,13,17,0,69,69388,AMBROISE PARE (BD),45.73975,4.88506,Plein jour,En agglomération,Intersection en T,Normale,Deux véhicules - arrière,4,2,2,2,2,2,1,0,1,50,,2,1,0,0,1,53.0,32.0,,,1,2,3,1,2
202100013481,2021-10-13 16:00:00,2021,10,13,16,0,69,69383,ANDRE PHILIP (R ),45.7584014815,4.8510152979,Plein jour,En agglomération,Hors intersection,Normale,Deux véhicules - arrière,4,1,2,2,1,1,1,0,1,50,,3,1,0,0,2,31.0,22.0,,,1,2,1,1,2
202100013482,2021-10-13 15:15:00,2021,10,13,15,15,69,69387,SAINT JEROME (R),45.74974,4.84408,Plein jour,En agglomération,Intersection en X,Normale,Deux véhicules - côté,4,1,1,2,1,1,1,0,1,50,,2,1,0,0,1,58.0,64.0,,,1,2,2,1,3
202100013483,2021-10-13 12:05:00,2021,10,13,12,5,69,69386,CUVIER (R),45.7675,4.8527,Plein jour,En agglomération,Intersection en X,Normale,Deux véhicules - côté,4,1,1,0,1,1,1,0,5,50,,2,1,0,0,1,35.0,40.0,,,1,2,2,1,3
202100013484,2021-10-13 07:00:00,2021,10,13,7,0,69,69383,LAFAYETTE (CR),45.76363,4.86206,Nuit avec éclairage allumé,En agglomération,Intersection en X,Normale,Deux véhicules - côté,4,1,2,2,1,1,1,0,5,50,,2,1,0,0,1,34.0,,,,5,2,2,1,3
202100013485,2021-10-13 12:20:00,2021,10,13,12,20,69,69389,LOUIS LOUCHEUR (R),45.76817,4.80538,Plein jour,En agglomération,Intersection en X,Normale,Deux véhicules - frontale,4,2,2,2,1,1,1,0,1,50,,2,0,0,0,2,19.0,46.0,,,1,2,2,1,1
202100013486,2021-10-13 08:25:00,2021,10,13,8,25,95,95014,CROIX BLANCHE   ROUTE DE LA,49.00783,2.29839,Crépuscule ou aube,En agglomération,Hors intersection,Normale,Deux véhicules - côté,3,2,1,0,2,1,1,0,1,50,,2,1,0,0,1,58.0,43.0,,,2,2,1,1,3
202100013487,2021-10-12 17:45:00,2021,10,12,17,45,91,91103,AV SALVADOR ALLENDE,48.61975,2.31074,Plein jour,En agglomération,Hors intersection,Normale,Autre collision,4,2,2,0,1,1,1,0,1,50,,2,1,0,1,0,48.0,,,,1,2,1,1,6
202100013488,2021-10-13 07:45:00,2021,10,13,7,45,91,91432,AV BLAISE PASCAL,48.69626,2.33369,Plein jour,En agglomération,Hors intersection,Normale,Deux véhicules - côté,4,2,2,0,1,1,1,0,1,50,,2,1,0,0,1,19.0,21.0,,,1,2,1,1,3
202100013489,2021-10-09 20:15:00,2021,10,9,20,15,88,88383,Boulevard Thiers,48.01738,6.59332,Nuit avec éclairage allumé,En agglomération,Intersection en T,Normale,Deux véhicules - côté,4,2,2,0,1,1,1,0,1,30,,3,2,0,1,0,76.0,18.0,,,5,2,3,1,3
202100013490,2021-10-13 11:50:00,2021,10,13,11,50,83,83137,ARMARIS (BD DES),43.12793,5.98181,Plein jour,En agglomération,Hors intersection,Normale,Autre collision,4,2,0,0,1,1,1,0,1,30,,2,1,0,0,1,46.0,,,,1,2,1,1,6
202100013491,2021-10-08 18:20:00,2021,10,8,18,20,82,82121,GIRATOIRE DE ROME,43.98266,1.33152,Crépuscule ou aube,En agglomération,Giratoire,Normale,Deux véhicules - côté,4,1,2,0,1,2,1,5,1,50,,2,1,0,0,1,19.0,31.0,,,2,2,6,1,3
202100013492,2021-10-12 20:45:00,2021,10,12,20,45,80,80021,SAINT FUSCIEN (RUE),49.88697,2.3034,Nuit avec éclairage allumé,En agglomération,Hors intersection,Pluie légère,Autre collision,4,2,2,0,1,1,2,0,1,50,,2,1,0,0,1,54.0,,,,5,2,1,2,6
202100013493,2021-10-11 09:50:00,2021,10,11,9,50,78,78124,BEZONS (RUE DE),48.90965,2.18714,Plein jour,En agglomération,Giratoire,Temps éblouissant,Deux véhicules - côté,4,2,2,0,1,1,1,0,1,50,,3,2,0,0,1,66.0,37.0,,,1,2,6,7,3
202100013494,2021-10-13 14:30:00,2021,10,13,14,30,78,78551,RN 184,48.9463,2.09523,Plein jour,Hors agglomération,Hors intersection,Normale,Trois véhicules et plus - collisions multiples,2,2,3,0,1,1,1,0,1,80,,4,1,0,0,3,27.0,46.0,,,1,1,1,1,5
202100013495,2021-10-13 17:50:00,2021,10,13,17,50,77,77053,D216,48.692182,2.600918,Plein jour,En agglomération,Giratoire,Temps éblouissant,Deux véhicules - frontale,3,2,2,0,1,1,1,0,1,30,,2,1,0,1,0,22.0,,,,1,2,6,7,1
202100013496,2021-10-12 21:30:00,2021,10,12,21,30,77,77152,D376,48.53079,2.63983,Nuit avec éclairage allumé,En agglomération,Intersection en Y,Temps couvert,Autre collision,3,2,2,0,1,2,2,0,4,50,,4,2,0,0,2,26.0,,,,5,2,4,8,6
202100013497,2021-10-13 01:53:00,2021,10,13,1,53,74,74012,ETREMBIERES (ROUTE D'),46.18937,6.23302,Nuit avec éclairage allumé,En agglomération,Hors intersection,Normale,Deux véhicules - frontale,3,2,3,0,2,1,1,0,1,50,,2,1,0,0,1,43.0,,,,5,2,1,1,1
202100013498,2021-10-12 11:00:00,2021,10,12,11,0,71,71076,Avenue de Paris,46.7943840183,4.8487190008,Plein jour,En agglomération,Intersection en X,Normale,Deux véhicules - côté,4,3,2,0,1,1,1,0,1,50,,2,1,0,0,1,48.0,48.0,,,1,2,2,1,3
202100013499,2021-10-13 20:15:00,2021,10,13,20,15,69,69029,PINEL (BD),45.7350086339,4.889793098,Nuit avec éclairage allumé,En agglomération,Hors intersection,Normale,Deux véhicules - côté,4,2,5,0,1,1,1,6,1,50,,2,1,0,0,1,28.0,39.0,,,5,2,1,1,3
202100013500,2021-10-13 17:30:00,2021,10,13,17,30,69,69266,FRANCIS DE PRESSENSE (R),45.77211,4.869,Plein jour,En agglomération,Hors intersection,Normale,Deux véhicules - côté,4,2,2,2,1,1,1,0,1,50,,2,1,0,0,1,64.0,,,,1,2,1,1,3