accident_id,datetime,annee,mois,jour,heure,minute,departement,commune_insee,adresse,latitude,longitude,luminosite,agglomeration,intersection,meteo,collision,catr,circ,nbv,vosp,prof,plan,surf,infra,situ,vma,nb_vehicules,nb_usagers,nb_indemnes,nb_tues,nb_blesses_hosp,nb_blesses_legers,age_cond_1,age_cond_2,veh_type_cond_1,veh_type_cond_2,lum_code,agg_code,int_code,atm_code,col_code
202100013501,2021-10-12 22:10:00,2021,10,12,22,10,69,69266,8 MAI 1945 (DU) (R),45.78215,4.89097,Nuit avec éclairage allumé,En agglomération,Intersection en X,Normale,Deux véhicules - côté,7,1,1,0,1,2,1,3,1,50,,5,3,0,0,2,41.0,36.0,,,5,2,2,1,3
202100013502,2021-10-12 07:50:00,2021,10,12,7,50,67,67482,OBERHAUSBERGEN (ROUTE D ),48.5993724248,7.7010914683,Plein jour,En agglomération,Hors intersection,Pluie légère,Deux véhicules - côté,4,2,2,1,1,1,2,0,1,50,,2,1,0,0,1,49.0,54.0,,,1,2,1,2,3
202100013503,2021-10-13 16:50:00,2021,10,13,16,50,64,64545,ORIO (ROUTE D'),43.3559246329,-1.7461535648,Plein jour,Hors agglomération,Hors intersection,Normale,Trois véhicules et plus - collisions multiples,4,2,2,0,1,2,1,0,1,50,,5,1,0,1,3,42.0,41.0,,,1,1,1,1,5
202100013504,2021-10-13 08:05:00,2021,10,13,8,5,64,64545,RD810,43.37558,-1.67756,Crépuscule ou aube,En agglomération,Hors intersection,Normale,Deux véhicules - frontale,3,2,3,0,1,1,1,5,1,50,,2,1,0,0,1,56.0,16.0,,,2,2,1,1,1
202100013505,2021-10-13 17:20:00,2021,10,13,17,20,64,64335,Avenue Santos Dumont,43.3206246391,-0.4232686758,Plein jour,En agglomération,Giratoire,Normale,Deux véhicules - côté,4,2,2,0,1,1,1,0,1,50,,2,1,0,0,1,16.0,53.0,,,1,2,6,1,3
202100013506,2021-10-12 21:00:00,2021,10,12,21,0,64,64445,COURS LEON BERARD,43.313926,-0.370097,Nuit avec éclairage allumé,En agglomération,Hors intersection,Normale,Deux véhicules - côté,4,2,2,0,1,1,1,0,1,50,,2,1,0,0,1,22.0,57.0,,,5,2,1,1,3
202100013507,2021-10-13 20:00:00,2021,10,13,20,0,64,64024,Rue des Mouettes,43.49355,-1.5101,Nuit avec éclairage allumé,En agglomération,Intersection en X,Normale,Deux véhicules - côté,4,2,2,0,1,1,1,0,1,30,,2,1,0,1,0,53.0,55.0,,,5,2,2,1,3
202100013508,2021-10-13 20:03:00,2021,10,13,20,3,64,64140,Côte du Moulin,43.51921,-1.464361,Nuit sans éclairage public,En agglomération,Hors intersection,Normale,Trois véhicules et plus - collisions multiples,3,2,2,0,2,1,1,0,1,80,,3,2,0,1,0,19.0,52.0,,,3,2,1,1,5
202100013509,2021-10-13 14:00:00,2021,10,13,14,0,64,64102,GRENET (PONT),43.497,-1.48272,Plein jour,En agglomération,Hors intersection,Normale,Sans collision,4,2,4,0,4,3,8,2,1,30,,1,0,0,0,1,59.0,,,,1,2,1,1,7
202100013510,2021-10-13 07:45:00,2021,10,13,7,45,64,64102,LOUIS DE FOIX (AVENUE),43.51163,-1.46852,Crépuscule ou aube,En agglomération,Hors intersection,Brouillard / fumée,Deux véhicules - côté,3,2,2,0,3,2,1,0,1,50,,2,1,0,0,1,52.0,17.0,,,2,2,1,5,3
202100013511,2021-10-13 07:40:00,2021,10,13,7,40,64,64024,Avenue de Maignon,43.48022,-1.50893,Nuit avec éclairage allumé,En agglomération,Hors intersection,Brouillard / fumée,Autre collision,4,2,2,0,1,1,1,0,1,30,,2,1,0,0,1,18.0,,,,5,2,1,5,6
202100013512,2021-10-13 05:45:00,2021,10,13,5,45,64,64102,ALSACE LORRAINE (BOULEVARD),43.49472,-1.46872,Nuit avec éclairage allumé,En agglomération,Hors intersection,Normale,Deux véhicules - arrière,4,2,2,0,1,1,1,0,1,50,,2,1,0,0,1,46.0,60.0,,,5,2,1,1,2
202100013513,2021-10-12 07:50:00,2021,10,12,7,50,64,64102,JACQUES LOEB (AVENUE DE L'INTERNE),43.480756,-1.48304,Plein jour,En agglomération,Hors intersection,Normale,Autre collision,4,2,2,0,1,1,1,0,1,50,,2,1,0,0,1,15.0,,,,1,2,1,1,6
202100013514,2021-10-12 22:17:00,2021,10,12,22,17,63,63014,MAERTE (RUE ROGER),45.75857,3.12135,Nuit avec éclairage allumé,En agglomération,Hors intersection,Normale,Deux véhicules - côté,7,2,2,0,1,1,1,0,1,50,,2,1,0,0,1,24.0,60.0,,,5,2,1,1,3
202100013515,2021-10-12 18:44:00,2021,10,12,18,44,63,63113,ESTIENNE (RUE PIERRE),45.77129,3.12746,Crépuscule ou aube,En agglomération,Hors intersection,Normale,Deux véhicules - côté,4,2,2,1,1,1,1,0,5,50,,2,1,0,0,1,19.0,24.0,,,2,2,1,1,3
202100013516,2021-09-11 11:00:00,2021,9,11,11,0,62,62842,JAURES (R JEAN),50.47502,2.865458,Plein jour,En agglomération,Intersection en X,Normale,Deux véhicules - côté,4,2,2,0,1,1,1,0,1,50,,3,1,0,1,1,17.0,63.0,,,1,2,2,1,3
202100013517,2021-10-04 10:20:00,2021,10,4,10,20,59,59346,FAIDHERBE RUE,50.6179531441,3.1157398224,Plein jour,En agglomération,Intersection en T,Normale,Deux véhicules - côté,7,-1,2,0,1,1,1,0,5,50,,2,1,0,1,0,29.0,29.0,,,1,2,3,1,3
202100013518,2021-10-08 09:00:00,2021,10,8,9,0,58,58194,CHAMEANE (PLACE),46.9939,3.1654,Plein jour,En agglomération,Place,Normale,Deux véhicules - côté,4,1,1,0,1,1,1,0,1,30,,2,1,0,0,1,22.0,24.0,,,1,2,7,1,3
202100013519,2021-10-02 17:50:00,2021,10,2,17,50,58,58194,ROTONDE,46.9897,3.1469,Plein jour,En agglomération,Hors intersection,Normale,Deux véhicules - frontale,4,1,1,0,1,3,1,0,1,50,,2,1,0,0,1,79.0,,,,1,2,1,1,1
202100013520,2021-10-06 12:20:00,2021,10,6,12,20,58,58194,MONTAPINS,46.97984,3.13829,Plein jour,En agglomération,Hors intersection,Normale,Deux véhicules - côté,4,2,2,0,2,3,1,0,1,50,,2,1,0,0,1,75.0,20.0,,,1,2,1,1,3
202100013521,2021-10-10 17:50:00,2021,10,10,17,50,53,53054,RD 31 VERS LAVAL,48.114989,-0.853804,Plein jour,Hors agglomération,Giratoire,Normale,Sans collision,3,2,2,0,1,2,1,5,1,90,,1,0,0,0,1,54.0,,,,1,1,6,1,7
202100013522,2021-10-12 09:30:00,2021,10,12,9,30,51,51454,Avenue Nicéphore Niépce,49.2244442188,4.0671172226,Plein jour,En agglomération,Hors intersection,Normale,Deux véhicules - arrière,2,1,2,0,1,1,1,3,1,70,,2,0,0,0,2,40.0,54.0,,,1,2,1,1,2
202100013523,2021-10-12 21:27:00,2021,10,12,21,27,49,49007,DE LATTRE DE TASSIGNY,47.45306,-0.541232,Nuit sans éclairage public,En agglomération,Hors intersection,Normale,Deux véhicules - arrière,4,3,2,0,1,1,1,0,1,50,,2,1,0,0,1,44.0,19.0,,,3,2,1,1,2
202100013524,2021-10-12 06:17:00,2021,10,12,6,17,49,49007,MONTESQUIEU PASSAGE,47.47344,-0.57961,Nuit avec éclairage allumé,En agglomération,Hors intersection,Normale,Deux véhicules - côté,4,2,2,0,1,1,1,0,1,50,,2,1,0,0,1,44.0,42.0,,,5,2,1,1,3
202100013525,2021-10-13 19:55:00,2021,10,13,19,55,45,45234,Rue du Faubourg Bannier,47.9089346854,1.9009537697,Nuit avec éclairage allumé,En agglomération,Intersection en X,Normale,Deux véhicules - côté,4,2,2,0,1,1,1,0,1,50,,2,1,0,0,1,19.0,62.0,,,5,2,2,1,3
202100013526,2021-10-07 16:45:00,2021,10,7,16,45,44,44184,VECQUERIE (RUE DE LA),47.257,-2.2616,Plein jour,En agglomération,Hors intersection,Normale,Deux véhicules - côté,4,1,2,1,2,1,1,0,5,50,,2,1,0,0,1,88.0,48.0,,,1,2,1,1,3
202100013527,2021-10-09 22:30:00,2021,10,9,22,30,42,42218,Rue Désiré Claude,45.4263254326,4.3896942528,Nuit avec éclairage allumé,En agglomération,Intersection en X,Normale,Deux véhicules - côté,4,1,1,0,1,1,1,0,1,50,,5,0,0,3,2,19.0,22.0,,,5,2,2,1,3
202100013528,2021-10-13 19:05:00,2021,10,13,19,5,35,35278,COUESNON (AVENUE DU),48.14152,-1.6718,Plein jour,Hors agglomération,Hors intersection,Normale,Sans collision,4,2,2,0,4,1,1,1,8,50,,2,0,0,0,2,39.0,,,,1,1,1,1,7
202100013529,2021-10-12 21:45:00,2021,10,12,21,45,34,34172,PALAVAS (AVENUE DE),43.59762,3.8862,Nuit avec éclairage allumé,En agglomération,Intersection en X,Normale,Deux véhicules - côté,4,2,2,0,2,1,1,0,1,50,,2,1,1,0,0,20.0,45.0,,,5,2,2,1,3
202100013530,2021-10-11 17:35:00,2021,10,11,17,35,34,34172,LODEVE (AVENUE DE,43.61369,3.83921,Plein jour,En agglomération,Hors intersection,Normale,Deux véhicules - côté,4,2,3,0,1,1,1,0,1,50,,3,2,0,1,0,42.0,17.0,,,1,2,1,1,3
202100013531,2021-10-13 09:45:00,2021,10,13,9,45,33,33318,Avenue du Docteur Roger Marcadé,44.80905,-0.62938,Plein jour,En agglomération,Giratoire,Normale,Deux véhicules - côté,4,3,2,0,1,3,1,0,1,50,,2,1,0,0,1,20.0,25.0,,,1,2,6,1,3
202100013532,2021-10-13 06:50:00,2021,10,13,6,50,33,33032,Rue d’Ambares,44.91617,-0.50933,Nuit sans éclairage public,Hors agglomération,Hors intersection,Normale,Autre collision,4,2,2,0,1,1,1,0,1,50,,4,3,0,0,1,59.0,37.0,,,3,1,1,1,6
202100013533,2021-10-12 18:05:00,2021,10,12,18,5,33,33063,BD GODARD,44.85552,-0.60795,Plein jour,En agglomération,Hors intersection,Normale,Autre collision,4,1,4,1,1,1,1,0,1,50,,2,1,0,1,0,57.0,,,,1,2,1,1,6
202100013534,2021-10-13 13:50:00,2021,10,13,13,50,32,32013,ROCADE (RN 124 EST),43.66134,0.64494,Plein jour,Hors agglomération,Hors intersection,Normale,Deux véhicules - côté,2,1,4,0,1,1,1,9,3,70,,2,1,0,1,0,33.0,56.0,,,1,1,1,1,3
202100013535,2021-10-13 10:50:00,2021,10,13,10,50,31,31555,21 DEMOISELLES  (PERIPH OUEST A620),43.5732,1.47266,Plein jour,Hors agglomération,Hors intersection,Normale,Deux véhicules - côté,1,3,7,0,2,1,1,3,1,70,,3,1,0,0,2,26.0,44.0,,,1,1,1,1,3
202100013536,2021-10-06 08:10:00,2021,10,6,8,10,30,30189,BEAUCAIRE (ROUTE),43.83647,4.39279,Plein jour,En agglomération,Hors intersection,Normale,Autre collision,3,1,2,0,1,1,1,0,1,70,,2,1,1,0,0,46.0,,,,1,2,1,1,6
202100013537,2021-10-13 10:55:00,2021,10,13,10,55,29,29232,Avenue de la France Libre,48.00596,-4.09723,Plein jour,En agglomération,Giratoire,Normale,Deux véhicules - côté,4,-1,2,0,1,1,1,5,1,30,,2,1,0,0,1,68.0,72.0,,,1,2,6,1,3
202100013538,2021-10-11 11:53:00,2021,10,11,11,53,29,29039,Rue de Trégunc,47.8652473283,-3.9016424417,Plein jour,En agglomération,Giratoire,Normale,Deux véhicules - côté,4,2,2,3,1,2,1,5,6,50,,2,1,0,0,1,57.0,49.0,,,1,2,6,1,3
202100013539,2021-10-13 15:50:00,2021,10,13,15,50,29,29019,Rue Saint-Martin,48.394619,-4.479254,Plein jour,En agglomération,Intersection en X,Normale,Autre collision,4,2,2,0,1,1,1,5,1,50,,2,1,0,0,1,40.0,,,,1,2,2,1,6
202100013540,2021-10-09 11:15:00,2021,10,9,11,15,27,27681,EVREUX (PLACE D'),49.09195,1.48223,Plein jour,En agglomération,Giratoire,Normale,Deux véhicules - arrière,4,1,1,0,1,2,1,0,1,50,,3,1,0,0,2,57.0,58.0,,,1,2,6,1,2
202100013541,2021-10-12 17:35:00,2021,10,12,17,35,27,27681,BONNARD (RUE PIERRE),49.0991111,1.4886653,Plein jour,En agglomération,Autre intersection,Normale,Autre collision,3,-1,2,0,1,1,1,0,1,50,,2,1,0,0,1,37.0,58.0,,,1,2,9,1,6
202100013542,2021-10-09 22:55:00,2021,10,9,22,55,27,27229,CORBEAU (RUE CHARLES),49.02445,1.15119,Nuit avec éclairage allumé,En agglomération,Hors intersection,Normale,Autre collision,4,-1,1,0,1,1,1,0,1,30,,1,0,0,0,1,27.0,,,,5,2,1,1,6
202100013543,2021-10-13 19:15:00,2021,10,13,19,15,17,17028,DOUX   CHEMIN DU PUITS,46.13175,-1.13755,Crépuscule ou aube,En agglomération,Intersection en T,Normale,Deux véhicules - côté,4,2,1,0,1,1,1,5,1,50,,2,1,0,0,1,22.0,54.0,,,2,2,3,1,3
202100013544,2021-10-13 17:35:00,2021,10,13,17,35,17,17300,VERDUN   PLACE DE,46.16191,-1.15298,Plein jour,En agglomération,Autre intersection,Normale,Autre collision,4,4,1,3,1,1,1,9,6,10,,2,1,0,1,0,60.0,,,,1,2,9,1,6
202100013545,2021-10-13 16:10:00,2021,10,13,16,10,14,14715,D513,49.36138,0.08595,Plein jour,En agglomération,Hors intersection,Temps éblouissant,Autre collision,3,1,2,0,1,1,1,2,1,50,,3,1,0,0,2,62.0,63.0,,,1,2,1,7,6
202100013546,2021-10-13 13:40:00,2021,10,13,13,40,13,13215,AYGALADES (AVENUE DES),43.3557546266,5.3697588686,Plein jour,En agglomération,Hors intersection,Normale,Deux véhicules - côté,4,2,2,0,1,1,1,0,1,50,,2,1,0,1,0,39.0,29.0,,,1,2,1,1,3
202100013547,2021-10-13 20:20:00,2021,10,13,20,20,13,13063,MARECHAL DE LATTRE DE TASSIGNY  ROND POI,43.5877,5.00279,Nuit avec éclairage allumé,En agglomération,Autre intersection,Normale,Deux véhicules - côté,4,-1,1,0,1,1,1,0,1,50,,4,3,0,0,1,63.0,18.0,,,5,2,9,1,3
202100013548,2021-10-12 17:25:00,2021,10,12,17,25,10,10387,MARIE DE CHAMPAGNE (RUE),48.30414,4.0615,Plein jour,En agglomération,Hors intersection,Normale,Deux véhicules - côté,9,2,2,0,1,1,1,0,1,50,,3,2,0,0,1,81.0,12.0,,,1,2,1,1,3
202100013549,2021-10-13 19:20:00,2021,10,13,19,20,06,06088,MERCANTOUR (BD),43.705128,7.188972,Nuit avec éclairage allumé,En agglomération,Hors intersection,Normale,Deux véhicules - côté,7,1,2,0,1,1,1,0,1,50,,2,1,0,0,1,25.0,50.0,,,5,2,1,1,3
202100013550,2021-10-13 10:45:00,2021,10,13,10,45,06,06069,CANNES (ROUTE DE)  -RD 6085-,43.638664,6.950172,Plein jour,En agglomération,Hors intersection,Normale,Autre collision,4,2,2,0,1,1,1,0,1,50,,2,1,0,0,1,,,,,1,2,1,1,6
202100013551,2021-10-13 08:00:00,2021,10,13,8,0,06,06123,POMPIDOU GEORGES BOULEVARD,43.673295,7.193374,Plein jour,En agglomération,Hors intersection,Normale,Trois véhicules et plus - collisions multiples,7,2,2,0,1,1,1,0,1,50,,3,2,0,1,0,,29.0,,,1,2,1,1,5
202100013552,2021-10-12 20:17:00,2021,10,12,20,17,05,05061,BELLEVUE (BOULEVARD),44.55971,6.08648,Nuit avec éclairage allumé,En agglomération,Intersection en T,Normale,Deux véhicules - côté,4,2,2,0,2,1,1,0,1,50,,2,1,0,0,1,20.0,45.0,,,5,2,3,1,3
202100013553,2021-10-12 14:15:00,2021,10,12,14,15,05,05061,LUYE ( ROUTE DE LA ),44.5177,6.0644,Plein jour,Hors agglomération,Hors intersection,Normale,Sans collision,3,2,2,0,1,1,9,0,1,80,,1,0,0,0,1,72.0,,,,1,1,1,1,7
202100013554,2021-10-12 12:45:00,2021,10,12,12,45,05,05061,COMMANDANT DUMONT ( AVENUE),44.56739,6.08337,Plein jour,En agglomération,Intersection en T,Normale,Deux véhicules - côté,2,2,2,0,2,1,1,0,1,50,,2,0,0,0,2,59.0,20.0,,,1,2,3,1,3
202100013555,2021-10-12 10:55:00,2021,10,12,10,55,05,05061,Route de la Luye,44.5177,6.06432,Plein jour,Hors agglomération,Intersection en T,Normale,Sans collision,3,2,2,0,1,1,9,8,1,80,,2,0,0,0,2,67.0,,,,1,1,3,1,7
202100013556,2021-10-12 21:45:00,2021,10,12,21,45,03,03310,CROIX SAINT MARTIN (AVENUE DE LA),46.11411,3.43684,Nuit avec éclairage allumé,En agglomération,Hors intersection,Normale,Deux véhicules - frontale,3,2,2,0,1,1,1,0,1,50,,2,1,0,0,1,67.0,53.0,,,5,2,1,1,1
202100013557,2021-10-01 13:20:00,2021,10,1,13,20,69,69276,RD 301,45.6867205954,4.8641431332,Plein jour,Hors agglomération,Hors intersection,Normale,Trois véhicules et plus - en chaîne,7,3,6,0,1,1,1,0,1,70,,3,2,0,0,1,59.0,29.0,,,1,1,1,1,4
202100013558,2021-10-13 19:30:00,2021,10,13,19,30,57,57647,Autoroute A30,49.31411,6.09471,Crépuscule ou aube,Hors agglomération,Hors intersection,Temps couvert,Autre collision,1,3,5,3,2,1,1,0,1,110,,1,0,0,1,0,33.0,,,,2,1,1,8,6
202100013559,2021-10-13 17:30:00,2021,10,13,17,30,33,33003,AUTOROUTE A 10,44.92833,-0.470599,Plein jour,Hors agglomération,Hors intersection,Normale,Deux véhicules - arrière,1,3,6,0,1,1,1,0,1,130,,2,0,0,0,2,42.0,29.0,,,1,1,1,1,2
202100013560,2021-10-12 23:30:00,2021,10,12,23,30,59,59009,ROUTE NATIONALE 227,50.64239,3.14451,Nuit avec éclairage allumé,Hors agglomération,Hors intersection,Normale,Autre collision,2,-1,4,0,1,3,2,0,1,90,,2,1,0,1,0,38.0,,,,5,1,1,1,6
202100013561,2021-10-08 17:15:00,2021,10,8,17,15,59,59288,AUTOROUTE A2,50.314651,3.404951,Plein jour,Hors agglomération,Hors intersection,Normale,Trois véhicules et plus - en chaîne,1,-1,4,0,1,1,1,0,1,130,,4,2,0,2,0,40.0,72.0,,,1,1,1,1,4
202100013562,2021-10-13 15:44:00,2021,10,13,15,44,77,77251,RN 104,48.644676,2.543219,Plein jour,Hors agglomération,Hors intersection,Normale,Deux véhicules - côté,2,1,2,0,1,1,1,0,1,110,,2,1,0,0,1,22.0,35.0,,,1,1,1,1,3
202100013563,2021-10-13 13:20:00,2021,10,13,13,20,94,94038,AUTOROUTE A6B,48.78321,2.34721,Plein jour,Hors agglomération,Hors intersection,Normale,Deux véhicules - côté,1,1,2,0,1,1,1,0,1,70,,2,1,0,0,1,23.0,57.0,,,1,1,1,1,3
202100013564,2021-10-12 09:55:00,2021,10,12,9,55,92,92062,A14,48.893157495,2.2336139391,Plein jour,Hors agglomération,Hors intersection,Normale,Autre collision,1,-1,2,0,1,1,1,0,1,70,,1,0,0,0,1,50.0,,,,1,1,1,1,6
202100013565,2021-10-12 08:55:00,2021,10,12,8,55,92,92050,A86,48.903506681,2.2061786056,Plein jour,Hors agglomération,Hors intersection,Normale,Sans collision,1,-1,4,0,1,1,1,0,1,110,,1,0,0,0,1,32.0,,,,1,1,1,1,7
202100013566,2021-10-13 09:00:00,2021,10,13,9,0,93,93005,AUTOROUTE A3,48.9653374753,2.4745631267,Plein jour,Hors agglomération,Hors intersection,Normale,Deux véhicules - côté,1,3,3,0,1,1,1,0,1,900,,3,1,0,0,2,31.0,22.0,,,1,1,1,1,3
202100013567,2021-10-13 08:35:00,2021,10,13,8,35,93,93010,AUTOROUTE A3,48.8909408086,2.4731648485,Crépuscule ou aube,Hors agglomération,Hors intersection,Normale,Deux véhicules - côté,1,2,8,0,2,2,1,2,1,70,,2,1,0,0,1,24.0,28.0,,,2,1,1,1,3
202100013568,2021-10-13 18:45:00,2021,10,13,18,45,77,77294,A104,48.970317,2.570495,Plein jour,Hors agglomération,Hors intersection,Normale,Deux véhicules - côté,1,-1,4,0,1,1,1,3,1,90,,2,1,0,0,1,39.0,31.0,,,1,1,1,1,3
202100013569,2021-10-12 20:15:00,2021,10,12,20,15,94,94028,A86 INT,48.7978767905,2.4442674715,Nuit sans éclairage public,Hors agglomération,Hors intersection,Normale,Autre collision,1,3,4,0,1,1,1,0,2,90,,2,1,0,1,0,23.0,,,,3,1,1,1,6
202100013570,2021-05-26 16:41:00,2021,5,26,16,41,80,80021,EDMOND ROSTAND (RUE),49.87358,2.32553,Plein jour,En agglomération,Hors intersection,Normale,Deux véhicules - arrière,4,2,2,0,1,1,1,0,1,50,,2,1,0,0,1,29.0,22.0,,,1,2,1,1,2
202100013571,2021-05-26 08:15:00,2021,5,26,8,15,80,80021,ROGER DUMOULIN (AVENUE),49.93526,2.28417,Plein jour,En agglomération,Intersection en X,Normale,Deux véhicules - côté,4,-1,2,0,2,1,1,0,1,50,,3,0,0,0,3,58.0,38.0,,,1,2,2,1,3
202100013572,2021-05-23 09:00:00,2021,5,23,9,0,80,80021,QUATORZE JUILLET 1789 (AVENUE DU),49.8776153679,2.2828602791,Plein jour,En agglomération,Intersection en X,Normale,Deux véhicules - côté,4,-1,2,0,1,1,1,0,1,50,,2,1,0,0,1,70.0,19.0,,,1,2,2,1,3
202100013573,2021-06-03 09:56:00,2021,6,3,9,56,65,65100,BORDEAUX (ROUTE DE) CD 935,43.278395,0.07015,Plein jour,Hors agglomération,Hors intersection,Pluie légère,Autre collision,3,2,2,0,1,1,2,0,3,90,,1,0,1,0,0,90.0,,,,1,1,1,2,6
202100013574,2021-10-11 16:30:00,2021,10,11,16,30,95,95210,MALLEVILLE (RUE DE),48.965757,2.302879,Plein jour,En agglomération,Intersection en X,Temps éblouissant,Deux véhicules - côté,4,2,2,0,1,1,1,5,1,30,,2,1,0,0,1,11.0,54.0,,,1,2,2,7,3
202100013575,2021-08-13 19:50:00,2021,8,13,19,50,971,97101,BOULEVARD DES HEROS,16.24732,-61.52877,Nuit avec éclairage non allumé,En agglomération,Hors intersection,Normale,Autre collision,3,1,2,0,1,1,1,0,1,50,,4,3,1,0,0,22.0,,,,4,2,1,1,6
202100013576,2021-06-11 22:53:00,2021,6,11,22,53,32,32013,VERDUN (PLACE DE),43.64828,0.593,Nuit avec éclairage allumé,En agglomération,Giratoire,Normale,Deux véhicules - côté,2,4,2,0,1,2,1,5,1,50,,2,1,0,0,1,69.0,69.0,,,5,2,6,1,3
202100013577,2021-10-11 14:40:00,2021,10,11,14,40,988,98818,AVENUE FOCH/AVENUE DE LA VICTOIRE H. LAFLEUR,-22.27439,166.44279,Plein jour,En agglomération,Intersection en T,Normale,Trois véhicules et plus - collisions multiples,4,3,5,0,1,1,1,0,1,50,,3,2,0,0,1,35.0,26.0,,,1,2,3,1,5
202100013578,2021-10-11 15:50:00,2021,10,11,15,50,976,97611,cavani-Rond point du Stade,-12.78307,45.22349,Plein jour,En agglomération,Hors intersection,Normale,Deux véhicules - frontale,4,2,2,0,2,1,1,0,1,50,,2,1,0,0,1,49.0,26.0,,,1,2,1,1,1
202100013579,2021-10-11 15:40:00,2021,10,11,15,40,974,97416,OCEANITES (AVENUE DES),-21.3265,55.4703,Plein jour,Hors agglomération,Hors intersection,Pluie légère,Deux véhicules - frontale,9,1,1,0,2,1,2,9,1,30,,2,1,0,1,0,27.0,,,,1,1,1,2,1
202100013580,2021-10-12 11:00:00,2021,10,12,11,0,974,97411,NONGE (AVENUE EUDOXIE),-20.89738,55.49283,Plein jour,En agglomération,Hors intersection,Pluie légère,Trois véhicules et plus - en chaîne,3,2,2,0,1,1,2,0,1,30,,3,2,0,0,1,28.0,27.0,,,1,2,1,2,4
202100013581,2021-10-12 08:55:00,2021,10,12,8,55,974,97411,DODU 2 (RUE JULIETTE),-20.87778,55.45106,Plein jour,En agglomération,Intersection en X,Pluie forte,Deux véhicules - côté,4,-1,1,0,2,1,2,0,1,40,,2,1,0,0,1,30.0,33.0,,,1,2,2,3,3
202100013582,2021-10-12 09:15:00,2021,10,12,9,15,974,97407,14 JUILLET 1789(AVENUE DU),-20.93237,55.29502,Plein jour,En agglomération,Giratoire,Pluie légère,Autre collision,4,1,2,0,1,1,2,9,1,50,,3,1,0,0,2,40.0,,,,1,2,6,2,6
202100013583,2021-10-12 22:35:00,2021,10,12,22,35,69,69199,LOUIS AULAGNE (Q),45.70393,4.8452,Nuit sans éclairage public,En agglomération,Intersection en T,Normale,Deux véhicules - frontale,4,2,2,0,1,1,1,0,1,50,,2,1,0,0,1,,28.0,,,3,2,3,1,1
202100013584,2021-10-12 16:05:00,2021,10,12,16,5,69,69387,JEAN JAURES (AV),45.7482779484,4.843685925,Plein jour,En agglomération,Intersection en X,Normale,Autre collision,4,1,2,3,1,1,1,0,1,50,,2,1,0,0,1,42.0,,,,1,2,2,1,6
202100013585,2021-10-12 14:45:00,2021,10,12,14,45,69,69383,PART DIEU (DE LA) (R),45.7593,4.8437,Plein jour,En agglomération,Intersection en X,Normale,Deux véhicules - côté,4,1,1,1,1,1,1,0,5,50,,2,1,0,0,1,30.0,,,,1,2,2,1,3
202100013586,2021-10-12 08:42:00,2021,10,12,8,42,69,69199,JEAN JAURES (AV),45.71112,4.8551,Plein jour,En agglomération,Intersection en T,Normale,Deux véhicules - côté,7,2,2,0,1,1,1,0,1,50,,2,0,0,0,2,16.0,30.0,,,1,2,3,1,3
202100013587,2021-07-23 12:00:00,2021,7,23,12,0,69,69383,ARSONVAL (D')                       (PL),45.743139255,4.8784285784,Plein jour,En agglomération,Hors intersection,Normale,Autre collision,4,1,2,3,1,3,1,9,6,50,,2,1,0,1,0,61.0,,,,1,2,1,1,6
202100013588,2021-10-12 15:00:00,2021,10,12,15,0,69,69381,ANDRE LASSAGNE (Q),45.77106,4.83822,Plein jour,En agglomération,Hors intersection,Normale,Deux véhicules - arrière,4,4,5,3,1,3,1,0,1,50,,2,1,0,1,0,45.0,34.0,,,1,2,1,1,2
202100013589,2021-09-17 18:20:00,2021,9,17,18,20,69,69382,GALLIENI (PT),45.7485973025,4.8312216997,Plein jour,En agglomération,Hors intersection,Normale,Deux véhicules - frontale,4,2,5,1,1,1,1,2,5,30,,2,1,0,0,1,25.0,29.0,,,1,2,1,1,1
202100013590,2021-10-12 07:30:00,2021,10,12,7,30,69,69385,PIERRE SCIZE (Q),45.7667326662,4.8203181218,Plein jour,En agglomération,Hors intersection,Normale,Autre collision,4,1,1,1,1,1,1,0,5,30,,2,1,0,0,1,47.0,,,,1,2,1,1,6
202100013591,2021-10-06 09:00:00,2021,10,6,9,0,69,69034,PIERRE TERRASSE (AV),45.79871,4.84915,Plein jour,En agglomération,Hors intersection,Normale,Sans collision,7,2,2,0,1,1,1,0,4,50,,1,0,1,0,0,78.0,,,,1,2,1,1,7
202100013592,2021-10-10 14:25:00,2021,10,10,14,25,971,97101,CHAUVEL,16.2395078716,-61.5200686455,Plein jour,Hors agglomération,Autre intersection,Pluie légère,Deux véhicules - arrière,3,1,2,0,2,1,2,0,1,50,,2,1,0,1,0,45.0,61.0,,,1,1,9,2,2
202100013593,2021-10-12 13:40:00,2021,10,12,13,40,95,95598,EGALITE (RUE DE L'),48.993241,2.294315,Plein jour,En agglomération,Hors intersection,Normale,Autre collision,4,2,2,0,1,1,1,0,1,50,,2,1,0,0,1,36.0,,,,1,2,1,1,6
202100013594,2021-10-11 14:45:00,2021,10,11,14,45,91,91552,AV DE LA DIVISION LECLERC,48.597477,2.245913,Plein jour,En agglomération,Autre intersection,Normale,Autre collision,4,3,1,0,3,1,1,6,1,30,,2,1,0,0,1,,,,,1,2,9,1,6
202100013595,2021-10-12 05:40:00,2021,10,12,5,40,91,91477,HUIT MAI 1945 (AVENUE DU),48.708467,2.241272,Nuit avec éclairage allumé,En agglomération,Intersection en X,Normale,Deux véhicules - côté,3,2,2,2,2,1,1,0,1,50,,2,1,0,0,1,18.0,42.0,,,5,2,2,1,3