accident_id,datetime,annee,mois,jour,heure,minute,departement,commune_insee,adresse,latitude,longitude,luminosite,agglomeration,intersection,meteo,collision,catr,circ,nbv,vosp,prof,plan,surf,infra,situ,vma,nb_vehicules,nb_usagers,nb_indemnes,nb_tues,nb_blesses_hosp,nb_blesses_legers,age_cond_1,age_cond_2,veh_type_cond_1,veh_type_cond_2,lum_code,agg_code,int_code,atm_code,col_code
202100013596,2021-10-12 08:10:00,2021,10,12,8,10,91,91097,AV DU GAL CHARLES DE GAULLE,48.6846,2.53104,Plein jour,En agglomération,Hors intersection,Normale,Sans collision,3,2,4,0,1,1,1,0,1,50,,2,0,0,0,1,,,,,1,2,1,1,7
202100013597,2021-10-09 21:05:00,2021,10,9,21,5,91,91228,RUE HONORE D ESTIENNE D ORVES,48.62484,2.433683,Nuit avec éclairage allumé,En agglomération,Intersection en T,Normale,Autre collision,3,-1,2,0,1,1,1,9,1,50,,2,1,0,1,0,46.0,,,,5,2,3,1,6
202100013598,2021-10-09 00:05:00,2021,10,9,0,5,89,89024,R.N.6,47.788497,3.601574,Nuit sans éclairage public,Hors agglomération,Hors intersection,Normale,Deux véhicules - frontale,3,2,2,0,2,1,1,0,1,80,,2,1,0,1,0,60.0,35.0,,,3,1,1,1,1
202100013599,2021-10-11 17:32:00,2021,10,11,17,32,87,87085,GUERIN (RUE CAMILLE),45.8182,1.22924,Plein jour,En agglomération,Intersection en T,Normale,Trois véhicules et plus - collisions multiples,4,2,2,0,1,3,1,0,1,50,,5,4,0,1,0,19.0,33.0,,,1,2,3,1,5
202100013600,2021-10-08 14:12:00,2021,10,8,14,12,87,87085,GRAND-TREUIL (RUE DU),45.84514,1.27117,Plein jour,En agglomération,Hors intersection,Normale,Autre collision,4,2,2,0,2,1,1,0,1,50,,1,0,0,0,1,25.0,,,,1,2,1,1,6
202100013601,2021-10-12 19:25:00,2021,10,12,19,25,83,83137,WEYGAND (AVE GENERAL),43.12042,5.94984,Nuit avec éclairage allumé,En agglomération,Hors intersection,Normale,Deux véhicules - arrière,9,1,4,3,1,1,1,0,1,50,,3,1,0,0,2,26.0,31.0,,,5,2,1,1,2
202100013602,2021-10-12 08:55:00,2021,10,12,8,55,83,83009,MARSEILLE (BD DE),43.14605,5.7484,Plein jour,En agglomération,Hors intersection,Normale,Sans collision,3,3,2,0,2,3,1,0,1,50,,2,1,0,0,1,15.0,,,,1,2,1,1,7
202100013603,2021-10-12 15:45:00,2021,10,12,15,45,83,83061,D100 A,43.44432,6.73541,Plein jour,Hors agglomération,Hors intersection,Normale,Deux véhicules - frontale,3,2,2,0,1,1,1,2,1,70,,2,0,1,1,0,44.0,49.0,,,1,1,1,1,1
202100013604,2021-10-07 17:40:00,2021,10,7,17,40,80,80021,DURY (BOULEVARD DE),49.88014,2.28965,Plein jour,En agglomération,Hors intersection,Normale,Deux véhicules - arrière,4,2,3,0,1,1,1,0,1,50,,2,1,0,0,1,18.0,46.0,,,1,2,1,1,2
202100013605,2021-10-12 18:48:00,2021,10,12,18,48,78,78624,POISSY AVENUE DE,48.95574,2.019878,Plein jour,Hors agglomération,Hors intersection,Normale,Deux véhicules - frontale,3,2,2,0,1,1,1,0,1,80,,4,2,0,1,1,58.0,40.0,,,1,1,1,1,1
202100013606,2021-10-12 08:45:00,2021,10,12,8,45,77,77288,D415A,48.53706,2.66073,Plein jour,En agglomération,Hors intersection,Normale,Autre collision,3,2,3,0,2,1,1,0,1,50,,1,0,0,0,1,16.0,,,,1,2,1,1,6
202100013607,2021-10-12 16:40:00,2021,10,12,16,40,76,76322,RAVEL. BOULEVARD MAURICE,49.40716,1.04518,Plein jour,En agglomération,Intersection en T,Normale,Autre collision,4,2,3,3,1,3,1,4,1,50,,2,1,0,0,1,28.0,,,,1,2,3,1,6
202100013608,2021-10-12 12:40:00,2021,10,12,12,40,76,76351,RICHELIEU,49.48917,0.10865,Plein jour,En agglomération,Intersection en X,Normale,Deux véhicules - côté,4,2,2,0,1,1,1,0,1,50,,2,1,0,0,1,36.0,28.0,,,1,2,2,1,3
202100013609,2021-10-11 19:30:00,2021,10,11,19,30,76,76351,JULES LECESNE (RUE),49.493139,0.12017,Plein jour,En agglomération,Intersection en X,Normale,Deux véhicules - côté,4,2,2,0,1,1,1,0,1,50,,2,1,0,0,1,36.0,52.0,,,1,2,2,1,3
202100013610,2021-10-10 00:30:00,2021,10,10,0,30,76,76351,ALBERT 1ER,49.49776,0.09216,Nuit avec éclairage allumé,En agglomération,Hors intersection,Normale,Deux véhicules - arrière,4,3,4,0,1,1,1,0,1,50,,2,1,0,0,1,25.0,,,,5,2,1,1,2
202100013611,2021-10-07 18:20:00,2021,10,7,18,20,74,74281,CORNICHE (BD DE LA) SUPERIEUR N°20,46.370557,6.470524,Plein jour,En agglomération,Hors intersection,Temps éblouissant,Autre collision,4,2,2,0,1,1,1,0,1,50,,2,1,0,0,1,35.0,,,,1,2,1,7,6
202100013612,2021-10-11 23:50:00,2021,10,11,23,50,72,72181,ESTIENNE D'ORVES (BD D'),47.98288,0.18826,Nuit avec éclairage allumé,Hors agglomération,Hors intersection,Normale,Sans collision,4,3,4,2,1,1,1,0,1,70,,1,0,0,0,1,35.0,,,,5,1,1,1,7
202100013613,2021-10-11 19:00:00,2021,10,11,19,0,72,72065,PATTON GENERAL RTE ST-AUBIN A RUE KLOTZ,48.0267032877,0.1694476602,Plein jour,Hors agglomération,Hors intersection,Normale,Deux véhicules - arrière,3,3,4,0,1,1,1,0,1,90,,2,1,0,0,1,50.0,20.0,,,1,1,1,1,2
202100013614,2021-10-12 20:15:00,2021,10,12,20,15,69,69266,EMILE ZOLA (CR),45.76507,4.90396,Nuit avec éclairage allumé,En agglomération,Hors intersection,Normale,Deux véhicules - côté,4,1,2,3,1,1,1,0,6,50,,2,1,0,0,1,21.0,35.0,,,5,2,1,1,3
202100013615,2021-10-04 19:10:00,2021,10,4,19,10,69,69282,LUCIEN BUISSON (AV),45.76513,4.996558,Nuit avec éclairage allumé,En agglomération,Hors intersection,Pluie légère,Trois véhicules et plus - en chaîne,4,2,2,0,1,1,2,0,1,50,,5,3,0,0,2,23.0,35.0,,,5,2,1,2,4
202100013616,2021-09-21 11:40:00,2021,9,21,11,40,69,69282,JEAN JAURES (R),45.7739398562,5.0179255843,Plein jour,En agglomération,Intersection en T,Normale,Deux véhicules - arrière,4,2,4,1,1,1,1,0,1,50,,2,1,0,0,1,23.0,50.0,,,1,2,3,1,2
202100013617,2021-10-12 07:10:00,2021,10,12,7,10,69,69092,ROGER SALENGRO (BD),46.0023978662,4.719171196,Nuit avec éclairage allumé,En agglomération,Hors intersection,Normale,Autre collision,3,2,2,0,1,1,1,0,1,50,,2,1,0,0,1,18.0,,,,5,2,1,1,6
202100013618,2021-10-11 08:05:00,2021,10,11,8,5,67,67482,CLEMENCEAU (BOULEVARD),48.5918048328,7.753238976,Plein jour,En agglomération,Hors intersection,Normale,Autre collision,4,3,2,3,1,1,1,0,1,50,,2,1,0,1,0,40.0,19.0,,,1,2,1,1,6
202100013619,2021-10-11 07:20:00,2021,10,11,7,20,67,67482,ROBERTSAU (ALLEE DE LA),48.586769,7.763662,Plein jour,En agglomération,Hors intersection,Brouillard / fumée,Deux véhicules - côté,4,3,4,1,1,1,1,0,1,50,,2,1,0,0,1,60.0,54.0,,,1,2,1,5,3
202100013620,2021-10-12 08:21:00,2021,10,12,8,21,66,66136,,42.66375,2.9205,Plein jour,En agglomération,Hors intersection,Normale,Deux véhicules - arrière,3,1,0,0,2,2,1,0,1,90,,2,1,0,0,1,48.0,32.0,,,1,2,1,1,2
202100013621,2021-10-12 08:05:00,2021,10,12,8,5,66,66136,POU-DE-LES-COULOBRES (CHEMIN DU),42.6656725877,2.9196073115,Plein jour,Hors agglomération,Hors intersection,Normale,Deux véhicules - arrière,4,2,2,0,1,3,1,0,1,70,,2,1,0,0,1,17.0,29.0,,,1,1,1,1,2
202100013622,2021-10-11 17:23:00,2021,10,11,17,23,66,66136,R D 900,42.672448,2.859934,Plein jour,Hors agglomération,Hors intersection,Normale,Trois véhicules et plus - en chaîne,3,3,2,0,1,1,1,0,1,90,,4,2,0,1,1,25.0,74.0,,,1,1,1,1,4
202100013623,2021-10-09 02:25:00,2021,10,9,2,25,66,66136,PAS-DE-LA-PAILLE (CHEMIN DU),42.68623,2.86592,Nuit sans éclairage public,En agglomération,Hors intersection,Normale,Deux véhicules - frontale,4,2,2,0,1,2,1,0,1,50,,3,2,0,0,1,,41.0,,,3,2,1,1,1
202100013624,2021-10-09 11:23:00,2021,10,9,11,23,66,66136,DALBIEZ (AVENUE VICTOR),42.6901,2.88505,Plein jour,En agglomération,Hors intersection,Normale,Deux véhicules - côté,4,2,2,0,1,1,1,0,1,50,,2,0,0,2,0,44.0,35.0,,,1,2,1,1,3
202100013625,2021-10-08 17:14:00,2021,10,8,17,14,66,66136,R D 900,42.67489,2.8854,Plein jour,Hors agglomération,Hors intersection,Normale,Autre collision,3,2,4,0,1,1,1,0,1,90,,2,1,0,1,0,43.0,52.0,,,1,1,1,1,6
202100013626,2021-10-12 07:50:00,2021,10,12,7,50,64,64445,ROND POINT DES DROITS DE L'HOMME,43.31276,-0.36841,Crépuscule ou aube,En agglomération,Giratoire,Normale,Deux véhicules - côté,4,1,1,0,1,2,1,0,1,50,,2,1,0,0,1,22.0,53.0,,,2,2,6,1,3
202100013627,2021-10-11 10:20:00,2021,10,11,10,20,63,63113,MEUNIERS (RUE DES),45.7626,3.1048,Plein jour,En agglomération,Hors intersection,Normale,Deux véhicules - arrière,4,2,2,0,1,1,1,0,1,50,,2,1,0,0,1,18.0,18.0,,,1,2,1,1,2
202100013628,2021-10-11 09:08:00,2021,10,11,9,8,63,63113,CARNOT (AVENUE),45.77627,3.0931,Plein jour,En agglomération,Hors intersection,Normale,Autre collision,4,4,3,3,3,1,1,0,6,50,,2,1,0,0,1,58.0,,,,1,2,1,1,6
202100013629,2021-10-09 12:57:00,2021,10,9,12,57,63,63113,SUGNY (PLACE),45.77742,3.08451,Plein jour,En agglomération,Hors intersection,Normale,Autre collision,4,2,2,0,2,1,1,0,1,50,,1,0,0,0,1,26.0,,,,1,2,1,1,6
202100013630,2021-10-08 17:58:00,2021,10,8,17,58,63,63014,AURIOL (RUE JACQUELINE),45.75062,3.13911,Crépuscule ou aube,En agglomération,Hors intersection,Normale,Deux véhicules - arrière,4,2,2,0,1,1,1,0,1,50,,2,0,0,0,2,30.0,24.0,,,2,2,1,1,2
202100013631,2021-10-08 15:00:00,2021,10,8,15,0,63,63113,PARDIEU (ROND-POINT DE LA),45.7612,3.13264,Plein jour,En agglomération,Hors intersection,Normale,Deux véhicules - côté,7,1,2,0,1,2,1,0,1,50,,2,1,0,0,1,24.0,88.0,,,1,2,1,1,3
202100013632,2021-10-12 10:25:00,2021,10,12,10,25,62,62193,EGALITE (BOULEVARD DE L'),50.945719,1.871869,Plein jour,En agglomération,Hors intersection,Normale,Deux véhicules - arrière,4,2,2,0,1,1,1,0,1,50,,3,1,0,1,1,57.0,22.0,,,1,2,1,1,2
202100013633,2021-10-12 09:10:00,2021,10,12,9,10,61,61001,CLEMENCEAU (COURS),48.43275,0.08586,Plein jour,En agglomération,Hors intersection,Normale,Autre collision,4,2,2,0,1,1,1,0,1,30,,2,1,0,0,1,39.0,,,,1,2,1,1,6
202100013634,2021-10-12 17:20:00,2021,10,12,17,20,59,59599,NATIONALE (RUE),50.7245447897,3.1536691332,Plein jour,En agglomération,Hors intersection,Pluie légère,Deux véhicules - côté,4,2,2,0,1,1,2,0,6,50,,2,1,0,0,1,55.0,42.0,,,1,2,1,2,3
202100013635,2021-10-11 18:40:00,2021,10,11,18,40,59,59648,BLERIOT LOUIS RUE,50.58892,3.03958,Plein jour,En agglomération,Autre intersection,Normale,Deux véhicules - côté,4,4,5,3,1,1,1,9,6,50,,2,1,0,0,1,56.0,31.0,,,1,2,9,1,3
202100013636,2021-10-08 17:20:00,2021,10,8,17,20,59,59017,BEAUVAIS (QUAI DE),50.6881860462,2.8845959287,Plein jour,En agglomération,Hors intersection,Normale,Autre collision,4,2,2,0,1,1,1,0,1,50,,2,1,0,1,0,54.0,,,,1,2,1,1,6
202100013637,2021-10-12 20:59:00,2021,10,12,20,59,57,57463,ROI GEORGE (PLACE DU ),49.1109957,6.1698343,Nuit avec éclairage allumé,En agglomération,Intersection en X,Pluie légère,Deux véhicules - côté,4,3,2,0,3,2,2,0,1,50,,2,1,0,0,1,23.0,34.0,,,5,2,2,2,3
202100013638,2021-10-12 07:00:00,2021,10,12,7,0,56,56121,MARNE ( AV DE LA ),47.74388,-3.36814,Nuit avec éclairage allumé,En agglomération,Intersection en T,Normale,Deux véhicules - côté,4,2,2,0,1,1,1,0,1,30,,2,1,0,0,1,37.0,27.0,,,5,2,3,1,3
202100013639,2021-10-11 09:38:00,2021,10,11,9,38,56,56083,VANNES ( ROUTE DE ),47.79858,-3.25376,Plein jour,En agglomération,Hors intersection,Normale,Deux véhicules - côté,3,2,2,0,1,1,1,0,1,70,,2,1,0,0,1,15.0,,,,1,2,1,1,3
202100013640,2021-10-12 17:30:00,2021,10,12,17,30,54,54395,LECLERC (AVENUE DU GENERAL),48.66962,6.16981,Plein jour,En agglomération,Intersection en T,Normale,Deux véhicules - côté,4,1,3,3,1,1,1,0,1,50,,2,1,0,0,1,23.0,42.0,,,1,2,3,1,3
202100013641,2021-10-11 19:30:00,2021,10,11,19,30,54,54578,MULLER (AVENUE PAUL),48.6682966896,6.1475418337,Nuit avec éclairage allumé,En agglomération,Intersection en X,Normale,Deux véhicules - frontale,4,2,2,0,3,1,1,0,1,50,,2,1,0,1,0,25.0,44.0,,,5,2,2,1,1
202100013642,2021-10-12 11:56:00,2021,10,12,11,56,51,51454,Avenue de Champagne,49.21841,4.0199,Plein jour,En agglomération,Hors intersection,Normale,Trois véhicules et plus - en chaîne,3,3,4,1,1,1,1,0,1,70,,3,1,0,0,2,31.0,35.0,,,1,2,1,1,4
202100013643,2021-10-11 11:58:00,2021,10,11,11,58,49,49007,MELGRANI IMPASSE ET RUE,47.47571,-0.59391,Plein jour,En agglomération,Hors intersection,Normale,Deux véhicules - côté,4,2,2,0,1,1,1,0,1,50,,2,0,0,0,2,16.0,21.0,,,1,2,1,1,3
202100013644,2021-10-12 11:50:00,2021,10,12,11,50,45,45234,DAVOUST (RUE EMILE DAVOUST),47.90388,1.91026,Plein jour,En agglomération,Intersection en T,Normale,Deux véhicules - côté,4,1,1,2,1,1,1,6,1,30,,2,1,0,0,1,54.0,22.0,,,1,2,3,1,3
202100013645,2021-10-11 17:05:00,2021,10,11,17,5,45,45169,CHAPELLE (RUE DE LA),47.90982,1.83091,Plein jour,En agglomération,Hors intersection,Normale,Deux véhicules - arrière,4,2,2,0,1,1,1,0,1,50,,4,3,0,0,1,47.0,61.0,,,1,2,1,1,2
202100013646,2021-10-12 11:40:00,2021,10,12,11,40,44,44114,PERIPHERIQUE ROUTIER,47.26153,-1.61325,Plein jour,Hors agglomération,Hors intersection,Normale,Deux véhicules - côté,2,2,0,0,1,1,1,0,1,90,,3,1,0,0,2,32.0,22.0,,,1,1,1,1,3
202100013647,2021-10-06 12:30:00,2021,10,6,12,30,42,42207,Rue Jules Duclos,45.47387,4.50831,Plein jour,En agglomération,Intersection en T,Normale,Deux véhicules - côté,4,1,1,0,1,1,1,0,1,50,,2,1,0,1,0,52.0,30.0,,,1,2,3,1,3
202100013648,2021-10-10 11:45:00,2021,10,10,11,45,37,37261,LURCAT (RUE JEAN),47.4110787511,0.7052285355,Plein jour,En agglomération,Hors intersection,Normale,Autre collision,4,1,1,0,2,1,1,0,1,50,,1,0,0,0,1,19.0,,,,1,2,1,1,6
202100013649,2021-10-12 08:30:00,2021,10,12,8,30,35,35238,LE GUILLOUX (HENRI),48.11756,-1.69375,Plein jour,En agglomération,Hors intersection,Normale,Autre collision,4,2,2,0,1,1,1,0,8,50,,1,0,0,1,0,47.0,,,,1,2,1,1,6
202100013650,2021-10-12 07:30:00,2021,10,12,7,30,35,35278,MELESSE (ROND POINT DE),48.161341,-1.689935,Nuit sans éclairage public,Hors agglomération,Hors intersection,Brouillard / fumée,Deux véhicules - arrière,7,2,0,0,1,1,1,0,1,80,,3,0,0,0,3,50.0,48.0,,,3,1,1,5,2
202100013651,2021-10-12 16:30:00,2021,10,12,16,30,33,33281,Rue Alphonse Daudet,44.85272,-0.65689,Plein jour,En agglomération,Hors intersection,Normale,Deux véhicules - côté,4,1,1,0,1,1,1,0,1,30,,2,1,0,0,1,47.0,31.0,,,1,2,1,1,3
202100013652,2021-10-12 08:30:00,2021,10,12,8,30,33,33119,Rue Albert Dupeyron,44.85706,-0.53724,Plein jour,En agglomération,Intersection en T,Normale,Deux véhicules - frontale,4,2,2,0,1,1,1,0,1,30,,3,1,0,0,2,47.0,30.0,,,1,2,3,1,1
202100013653,2021-10-12 11:30:00,2021,10,12,11,30,33,33529,DIGNAC (RUE PIERRE),44.63166,-1.148,Plein jour,En agglomération,Intersection en T,Normale,Autre collision,4,1,1,0,1,1,1,0,1,30,,2,1,0,1,0,92.0,,,,1,2,3,1,6
202100013654,2021-10-12 19:08:00,2021,10,12,19,8,31,31555,MINIMES (BD DES) DU 1AU 76,43.615653,1.44643,Nuit avec éclairage allumé,En agglomération,Hors intersection,Normale,Autre collision,4,1,3,3,1,1,1,0,4,50,,3,1,0,0,2,12.0,22.0,,,5,2,1,1,6
202100013655,2021-10-12 13:00:00,2021,10,12,13,0,31,31555,AV DE GRANDE BRETAGNE,43.59851,1.41861,Plein jour,En agglomération,Hors intersection,Normale,Deux véhicules - côté,4,2,4,1,1,1,1,0,1,50,,2,1,0,0,1,52.0,11.0,,,1,2,1,1,3
202100013656,2021-10-12 09:50:00,2021,10,12,9,50,31,31555,RUE DANTON,43.57644,1.448836,Plein jour,En agglomération,Intersection en T,Normale,Deux véhicules - frontale,4,1,2,1,1,1,1,0,1,50,,2,1,0,0,1,51.0,19.0,,,1,2,3,1,1
202100013657,2021-10-11 09:18:00,2021,10,11,9,18,31,31555,D980,43.59796,1.36407,Plein jour,Hors agglomération,Hors intersection,Normale,Deux véhicules - arrière,7,3,4,0,1,1,1,0,1,90,,2,1,0,0,1,25.0,54.0,,,1,1,1,1,2
202100013658,2021-10-11 08:30:00,2021,10,11,8,30,31,31555,ECHANGEUR PALAYS,43.56245,1.48772,Plein jour,Hors agglomération,Hors intersection,Normale,Deux véhicules - arrière,1,3,8,0,1,3,1,3,1,90,,2,1,0,1,0,26.0,26.0,,,1,1,1,1,2
202100013659,2021-10-11 00:50:00,2021,10,11,0,50,31,31555,VA007440 LES MINIMES A620 Sortie 31,43.62049,1.41836,Nuit avec éclairage non allumé,Hors agglomération,Hors intersection,Normale,Autre collision,1,3,0,0,1,1,1,0,1,90,,2,1,1,0,0,22.0,,,,4,1,1,1,6
202100013660,2021-09-27 11:55:00,2021,9,27,11,55,30,30189,MONTPELLIER (ROUTE DE),43.807,4.3226,Plein jour,Hors agglomération,Hors intersection,Normale,Autre collision,6,-1,0,0,1,1,1,0,1,30,,2,1,0,1,0,53.0,,,,1,1,1,1,6
202100013661,2021-10-11 07:38:00,2021,10,11,7,38,29,29019,Rue Robespierre,48.41261,-4.491214,Nuit avec éclairage allumé,En agglomération,Hors intersection,Normale,Autre collision,4,2,2,0,2,1,1,0,1,50,,2,1,0,1,0,29.0,,,,5,2,1,1,6
202100013662,2021-10-12 18:25:00,2021,10,12,18,25,28,28134,VIEUX PRE (PLACE DU),48.73255,1.36494,Crépuscule ou aube,En agglomération,Hors intersection,Temps couvert,Deux véhicules - arrière,4,2,2,0,1,1,1,0,1,50,,2,1,0,0,1,41.0,15.0,,,2,2,1,8,2
202100013663,2021-10-12 17:30:00,2021,10,12,17,30,28,28134,DUNANT (RUE HENRI),48.7373326498,1.3870453835,Plein jour,En agglomération,Intersection en X,Normale,Deux véhicules - côté,4,2,2,0,1,1,1,0,1,50,,3,2,0,1,0,36.0,67.0,,,1,2,2,1,3
202100013664,2021-10-11 14:05:00,2021,10,11,14,5,25,25462,CHARDONNET (COMTE DE),46.91084,6.35209,Plein jour,En agglomération,Intersection en X,Temps éblouissant,Deux véhicules - côté,4,2,2,0,1,1,1,0,1,50,,3,1,0,1,1,46.0,15.0,,,1,2,2,7,3
202100013665,2021-10-12 17:20:00,2021,10,12,17,20,25,25056,DOLE RUE DE (sup 200),47.22617,5.97672,Plein jour,En agglomération,Hors intersection,Normale,Deux véhicules - frontale,3,2,4,0,1,1,1,0,4,50,,2,1,0,0,1,50.0,20.0,,,1,2,1,1,1
202100013666,2021-10-12 07:10:00,2021,10,12,7,10,19,19275,BUSSIERTAS (RUE DE),45.565173977,2.3172518143,Nuit sans éclairage public,Hors agglomération,Intersection en X,Normale,Deux véhicules - côté,3,2,2,0,2,1,1,0,1,90,,3,1,0,0,2,56.0,20.0,,,3,1,2,1,3
202100013667,2021-10-11 10:50:00,2021,10,11,10,50,17,17306,BOUCHET LOUIS (AVENUE),45.6280211257,-0.996142283,Plein jour,En agglomération,Hors intersection,Normale,Deux véhicules - arrière,4,2,2,0,1,1,1,0,1,50,,2,1,0,0,1,53.0,34.0,,,1,2,1,1,2
202100013668,2021-10-12 08:15:00,2021,10,12,8,15,17,17300,BRIAND   AVENUE ARISTIDE,46.16474,-1.16455,Crépuscule ou aube,En agglomération,Intersection en T,Normale,Deux véhicules - frontale,4,2,4,1,2,1,1,0,5,50,,2,1,0,0,1,29.0,35.0,,,2,2,3,1,1
202100013669,2021-10-12 09:45:00,2021,10,12,9,45,15,15014,Boulevard de Lescudilliers,44.9138477931,2.4323706329,Plein jour,En agglomération,Hors intersection,Normale,Deux véhicules - arrière,2,3,4,0,1,1,1,0,1,50,,2,0,0,0,2,25.0,39.0,,,1,2,1,1,2
202100013670,2021-10-12 08:50:00,2021,10,12,8,50,13,13103,AVENUE DE LATTRE DE TASSIGNY-RD 17-,43.6524203915,5.0893843174,Plein jour,En agglomération,Intersection en X,Normale,Deux véhicules - frontale,7,2,2,0,1,1,1,0,1,50,,2,0,0,2,0,68.0,59.0,,,1,2,2,1,1
202100013671,2021-10-12 19:30:00,2021,10,12,19,30,13,13207,Corniche John Fitzgérald Kennedy,43.289,5.354,Nuit avec éclairage allumé,En agglomération,Hors intersection,Normale,Deux véhicules - côté,4,2,2,0,1,1,1,0,1,50,,2,1,0,0,1,36.0,,,,5,2,1,1,3
202100013672,2021-10-12 19:50:00,2021,10,12,19,50,13,13204,MARÉCHAL JUIN (BOULEVARD),43.31247,5.40411,Nuit avec éclairage allumé,En agglomération,Hors intersection,Normale,Deux véhicules - arrière,4,2,6,0,4,2,1,0,1,50,,3,1,0,0,2,,47.0,,,5,2,1,1,2
202100013673,2021-10-11 14:15:00,2021,10,11,14,15,13,13208,MICHELET (BOULEVARD),43.26,5.39,Plein jour,En agglomération,Autre intersection,Normale,Trois véhicules et plus - collisions multiples,4,2,6,3,1,1,1,0,1,50,,6,2,0,0,4,62.0,37.0,,,1,2,9,1,5
202100013674,2021-10-12 15:20:00,2021,10,12,15,20,13,13047,RADOLFZELL AVENUE DE,43.49825,4.98623,Plein jour,En agglomération,Hors intersection,Normale,Deux véhicules - arrière,4,1,2,0,1,3,1,0,1,50,,3,1,0,0,2,25.0,30.0,,,1,2,1,1,2
202100013675,2021-10-12 22:45:00,2021,10,12,22,45,13,13004,RUE JEAN COCTEAU,43.6776933438,4.6438143423,Nuit avec éclairage allumé,En agglomération,Autre intersection,Normale,Deux véhicules - côté,4,3,2,0,1,1,1,9,1,30,,2,1,0,0,1,17.0,21.0,,,5,2,9,1,3
202100013676,2021-10-12 16:15:00,2021,10,12,16,15,06,06123,BORD DE MER RN 98,43.656971,7.180718,Plein jour,En agglomération,Hors intersection,Normale,Trois véhicules et plus - en chaîne,7,3,6,1,1,1,1,0,1,50,,7,5,0,0,2,79.0,61.0,,,1,2,1,1,4
202100013677,2021-10-12 07:45:00,2021,10,12,7,45,06,06027,CANNES AVENUE DE (RN7),43.654051,7.147623,Plein jour,En agglomération,Hors intersection,Normale,Deux véhicules - arrière,7,2,2,1,2,1,1,0,5,50,,3,2,0,0,1,35.0,37.0,,,1,2,1,1,2
202100013678,2021-10-11 16:25:00,2021,10,11,16,25,06,06155,IMPINIERS TRAV.CH.ET MONTEE DES,43.588288,7.05234,Plein jour,En agglomération,Hors intersection,Normale,Deux véhicules - frontale,4,2,2,0,2,1,1,0,1,50,,2,1,0,1,0,36.0,52.0,,,1,2,1,1,1
202100013679,2021-10-11 12:15:00,2021,10,11,12,15,05,05061,plaine de lachaup,44.509754,6.045914,Plein jour,En agglomération,Hors intersection,Normale,Trois véhicules et plus - en chaîne,2,2,2,0,1,1,1,0,1,70,,3,2,0,0,1,31.0,40.0,,,1,2,1,1,4
202100013680,2021-10-12 08:00:00,2021,10,12,8,0,75,75120,RUE BELGRAND,48.864659,2.405655,Plein jour,En agglomération,Intersection à plus de 4 branches,Normale,Deux véhicules - côté,4,1,2,1,1,1,1,-1,5,30,,2,1,0,0,1,60.0,32.0,,,1,2,5,1,3
202100013681,2021-10-12 19:35:00,2021,10,12,19,35,75,75119,AVENUE JEAN JAURES,48.888775,2.39306,Nuit avec éclairage allumé,En agglomération,Intersection en T,Normale,Deux véhicules - côté,4,2,0,0,2,1,1,0,1,50,,2,1,0,0,1,35.0,32.0,,,5,2,3,1,3
202100013682,2021-10-12 18:50:00,2021,10,12,18,50,75,75119,AVENUE JEAN JAURES,48.887004,2.386344,Plein jour,En agglomération,Intersection en T,Normale,Deux véhicules - côté,4,2,2,1,1,1,1,0,1,30,,2,1,0,0,1,,34.0,,,1,2,3,1,3
202100013683,2021-10-08 23:35:00,2021,10,8,23,35,75,75119,AVENUE CORENTIN CARIOU,48.895495,2.38318,Nuit avec éclairage allumé,En agglomération,Hors intersection,Normale,Deux véhicules - côté,4,2,3,0,1,1,1,0,1,30,,2,1,0,0,1,44.0,38.0,,,5,2,1,1,3
202100013684,2021-10-12 19:40:00,2021,10,12,19,40,75,75118,RUE DE CLIGNANCOURT,48.886361,2.347558,Nuit avec éclairage allumé,En agglomération,Intersection en Y,Normale,Autre collision,4,1,1,3,1,1,1,-1,6,30,,2,1,0,0,1,,,,,5,2,4,1,6
202100013685,2021-10-12 17:40:00,2021,10,12,17,40,75,75118,BOULEVARD ORNANO,48.893149,2.34842,Plein jour,En agglomération,Hors intersection,Normale,Autre collision,4,2,2,0,1,1,1,0,1,30,,2,1,0,0,1,34.0,,,,1,2,1,1,6
202100013686,2021-10-11 08:30:00,2021,10,11,8,30,75,75118,RUE LEIBNIZ,48.895976,2.330887,Plein jour,En agglomération,Intersection en X,Normale,Deux véhicules - côté,4,2,1,0,1,1,1,0,1,30,,2,1,0,0,1,32.0,10.0,,,1,2,2,1,3
202100013687,2021-10-12 18:15:00,2021,10,12,18,15,75,75117,AVENUE DES TERNES,48.880347,2.286768,Plein jour,En agglomération,Intersection à plus de 4 branches,Normale,Deux véhicules - côté,4,3,2,0,2,1,1,0,1,30,,2,1,0,0,1,53.0,27.0,,,1,2,5,1,3
202100013688,2021-10-11 11:25:00,2021,10,11,11,25,75,75117,BOULEVARD BERTHIER,48.889873,2.303853,Plein jour,En agglomération,Intersection en X,Normale,Deux véhicules - côté,4,1,2,0,1,1,1,0,1,50,,4,3,0,0,1,36.0,30.0,,,1,2,2,1,3
202100013689,2021-10-11 07:15:00,2021,10,11,7,15,75,75116,ROUTE DES MOULINS,48.865084,2.234472,Crépuscule ou aube,En agglomération,Intersection en X,Normale,Deux véhicules - côté,4,2,2,0,1,1,1,0,1,50,,2,1,0,0,1,31.0,57.0,,,2,2,2,1,3