accident_id,datetime,annee,mois,jour,heure,minute,departement,commune_insee,adresse,latitude,longitude,luminosite,agglomeration,intersection,meteo,collision,catr,circ,nbv,vosp,prof,plan,surf,infra,situ,vma,nb_vehicules,nb_usagers,nb_indemnes,nb_tues,nb_blesses_hosp,nb_blesses_legers,age_cond_1,age_cond_2,veh_type_cond_1,veh_type_cond_2,lum_code,agg_code,int_code,atm_code,col_code
202100013690,2021-10-12 08:40:00,2021,10,12,8,40,75,75112,AVENUE LEDRU ROLLIN,48.84934,2.373801,Plein jour,En agglomération,Hors intersection,Normale,Deux véhicules - côté,4,2,2,0,1,1,1,0,1,30,,2,0,0,0,2,32.0,49.0,,,1,2,1,1,3
202100013691,2021-10-11 23:45:00,2021,10,11,23,45,75,75111,BOULEVARD RICHARD LENOIR,48.864,2.370687,Nuit avec éclairage allumé,En agglomération,Intersection en X,Normale,Deux véhicules - côté,4,1,2,1,1,1,1,0,1,30,,2,1,0,0,1,30.0,32.0,,,5,2,2,1,3
202100013692,2021-10-12 08:40:00,2021,10,12,8,40,75,75110,RUE DU FAUBOURG SAINT MARTIN,48.876823,2.361007,Plein jour,En agglomération,Hors intersection,Temps couvert,Autre collision,4,2,4,1,2,1,1,-1,5,30,,2,1,0,0,1,23.0,,,,1,2,1,8,6
202100013693,2021-10-12 18:40:00,2021,10,12,18,40,75,75109,RUE DU CONSERVATOIRE,48.873072,2.34684,Plein jour,En agglomération,Intersection en T,Normale,Deux véhicules - côté,4,1,1,2,1,1,1,-1,5,30,,2,1,0,0,1,25.0,47.0,,,1,2,3,1,3
202100013694,2021-10-12 08:30:00,2021,10,12,8,30,75,75109,RUE LA FAYETTE,48.875845,2.343869,Plein jour,En agglomération,Intersection en X,Normale,Deux véhicules - côté,4,1,2,1,1,1,1,0,1,30,,2,1,0,0,1,33.0,46.0,,,1,2,2,1,3
202100013695,2021-10-11 09:44:00,2021,10,11,9,44,75,75108,AVENUE DES CHAMPS ELYSEES,48.872481,2.298346,Plein jour,En agglomération,Hors intersection,Normale,Sans collision,4,2,6,1,1,1,1,0,1,50,,1,0,0,0,1,38.0,,,,1,2,1,1,7
202100013696,2021-10-12 07:45:00,2021,10,12,7,45,75,75107,AVENUE DE LA BOURDONNAIS,48.855783,2.303044,Crépuscule ou aube,En agglomération,Intersection en T,Normale,Deux véhicules - côté,4,2,2,3,1,1,1,-1,6,30,,2,1,0,0,1,44.0,34.0,,,2,2,3,1,3
202100013697,2021-10-12 15:50:00,2021,10,12,15,50,75,75102,RUE VIVIENNE,48.867752,2.339466,Plein jour,En agglomération,Intersection en T,Normale,Autre collision,4,1,1,0,1,1,1,8,1,30,,2,1,0,0,1,58.0,,,,1,2,3,1,6
202100013698,2021-10-12 00:40:00,2021,10,12,0,40,94,94078,Avenue de Choisy,48.74589,2.43749,Nuit avec éclairage allumé,En agglomération,Hors intersection,Normale,Deux véhicules - frontale,3,3,2,0,1,1,1,0,1,50,,4,1,0,1,2,39.0,40.0,,,5,2,1,1,1
202100013699,2021-10-12 21:10:00,2021,10,12,21,10,94,94046,REPUBLIQUE (AV DE LA),48.8098,2.4549,Nuit avec éclairage allumé,En agglomération,Hors intersection,Normale,Sans collision,3,2,2,0,1,1,1,0,1,50,,1,0,0,1,0,36.0,,,,5,2,1,1,7
202100013700,2021-10-12 00:38:00,2021,10,12,0,38,94,94076,Boulevard Maxime Gorki,48.78843,2.36817,Nuit avec éclairage allumé,En agglomération,Intersection en T,Normale,Deux véhicules - côté,3,2,4,0,1,1,1,8,1,50,,2,1,0,0,1,29.0,47.0,,,5,2,3,1,3
202100013701,2021-10-11 16:40:00,2021,10,11,16,40,94,94041,Rue Molière,48.81589,2.39286,Plein jour,En agglomération,Hors intersection,Normale,Autre collision,3,1,2,0,1,1,1,9,1,50,,2,1,0,1,0,38.0,,,,1,2,1,1,6
202100013702,2021-10-12 09:20:00,2021,10,12,9,20,94,94034,Avenue du Parc Médicis,48.75381,2.33361,Plein jour,En agglomération,Giratoire,Normale,Deux véhicules - côté,4,2,2,3,1,1,1,5,1,50,,2,1,0,0,1,34.0,63.0,,,1,2,6,1,3
202100013703,2021-10-12 07:20:00,2021,10,12,7,20,94,94028,MECHES.(RUE DES),48.79287,2.45922,Crépuscule ou aube,En agglomération,Hors intersection,Normale,Deux véhicules - arrière,3,3,4,0,1,1,1,5,1,50,,2,0,0,0,2,54.0,58.0,,,2,2,1,1,2
202100013704,2021-10-11 07:40:00,2021,10,11,7,40,94,94028,Rue de Falkirk,48.77136,2.46046,Crépuscule ou aube,En agglomération,Hors intersection,Normale,Deux véhicules - côté,4,2,2,0,1,1,1,0,1,50,,2,1,0,0,1,42.0,44.0,,,2,2,1,1,3
202100013705,2021-10-12 17:50:00,2021,10,12,17,50,94,94022,STALINGRAD (BD DE),48.76817,2.4032,Plein jour,En agglomération,Intersection en T,Normale,Deux véhicules - côté,3,1,2,0,1,3,1,0,1,50,,2,1,0,0,1,21.0,48.0,,,1,2,3,1,3
202100013706,2021-10-12 20:00:00,2021,10,12,20,0,94,94017,MAURICE THOREZ (AV),48.81386,2.53746,Crépuscule ou aube,En agglomération,Hors intersection,Normale,Deux véhicules - côté,3,2,2,0,1,1,1,0,1,50,,2,1,0,0,1,19.0,18.0,,,2,2,1,1,3
202100013707,2021-10-12 07:45:00,2021,10,12,7,45,94,94011,N406,48.7616,2.49448,Crépuscule ou aube,En agglomération,Hors intersection,Normale,Deux véhicules - arrière,2,-1,0,0,1,1,1,0,1,70,,3,1,0,0,2,22.0,30.0,,,2,2,1,1,2
202100013708,2021-10-12 19:00:00,2021,10,12,19,0,93,93073,PARC (AVENUE DU),48.95594,2.5666,Crépuscule ou aube,En agglomération,Hors intersection,Normale,Autre collision,4,2,2,0,1,1,1,0,1,50,,2,1,0,0,1,31.0,,,,2,2,1,1,6
202100013709,2021-10-12 08:20:00,2021,10,12,8,20,93,93066,BAILLY,48.91186,2.3565,Plein jour,En agglomération,Hors intersection,Normale,Autre collision,3,1,1,0,1,1,1,0,1,30,,2,0,0,0,2,25.0,,,,1,2,1,1,6
202100013710,2021-10-12 00:10:00,2021,10,12,0,10,93,93064,WALESA (AVENUE LECH),48.87282,2.48641,Nuit avec éclairage allumé,En agglomération,Intersection en T,Normale,Deux véhicules - côté,3,3,2,0,1,1,1,0,1,50,,2,1,0,0,1,33.0,36.0,,,5,2,3,1,3
202100013711,2021-10-12 18:40:00,2021,10,12,18,40,93,93055,JEAN LOLIVE (AVENUE)(107/135 ET 108/132),48.8926547563,2.4103676015,Plein jour,En agglomération,Hors intersection,Normale,Deux véhicules - arrière,3,3,1,2,1,1,1,0,1,50,,3,2,0,0,1,24.0,77.0,,,1,2,1,1,2
202100013712,2021-10-12 08:45:00,2021,10,12,8,45,93,93051,CHAMPY RICHARDETS (BOULEVARD),48.83721,2.57745,Plein jour,En agglomération,Giratoire,Normale,Deux véhicules - côté,4,1,1,1,1,2,1,5,1,50,,2,1,0,0,1,58.0,23.0,,,1,2,6,1,3
202100013713,2021-10-12 07:35:00,2021,10,12,7,35,93,93074,MEAUX RUE DE,48.9364679764,2.5819439517,Crépuscule ou aube,En agglomération,Intersection en T,Normale,Deux véhicules - frontale,4,2,2,0,1,1,1,0,1,50,,2,1,0,0,1,11.0,30.0,,,2,2,3,1,1
202100013714,2021-10-12 05:00:00,2021,10,12,5,0,93,93007,"""PAUL VAILLANT COUTURIER (AVENUE """"DU 01",48.9292968727,2.4797059728,Nuit avec éclairage allumé,En agglomération,Hors intersection,Normale,Autre collision,3,2,2,0,1,1,1,0,1,50,,1,0,0,0,1,21.0,,,,5,2,1,1,6
202100013715,2021-10-12 17:15:00,2021,10,12,17,15,93,93063,AVENUE GASTON ROUSSEL,48.8937830496,2.4351154688,Plein jour,En agglomération,Hors intersection,Normale,Autre collision,3,2,2,0,1,1,1,0,1,50,,2,1,0,0,1,36.0,,,,1,2,1,1,6
202100013716,2021-10-10 17:00:00,2021,10,10,17,0,93,93045,PARIS RUE DE,48.8811867539,2.4206567249,Plein jour,En agglomération,Hors intersection,Normale,Deux véhicules - frontale,3,2,2,0,1,1,1,0,1,50,,3,1,0,0,1,,29.0,,,1,2,1,1,1
202100013717,2021-10-12 10:10:00,2021,10,12,10,10,93,93032,ARTS  (AVENUE DES - COTE PAIR),48.88606,2.54869,Plein jour,En agglomération,Hors intersection,Normale,Deux véhicules - frontale,4,2,2,0,1,1,1,0,1,50,,3,1,0,0,2,61.0,54.0,,,1,2,1,1,1
202100013718,2021-10-12 16:10:00,2021,10,12,16,10,93,93001,SAINT-DENIS (RUE DE),48.9220459402,2.373311258,Plein jour,En agglomération,Hors intersection,Normale,Autre collision,3,2,2,0,1,1,1,0,1,50,,2,1,0,0,1,33.0,,,,1,2,1,1,6
202100013719,2021-10-12 15:35:00,2021,10,12,15,35,92,92073,SELLIER (BOULEVARD HENRI),48.864599,2.218954,Plein jour,En agglomération,Autre intersection,Normale,Autre collision,3,3,4,0,2,2,1,9,1,50,,2,1,0,0,1,46.0,,,,1,2,9,1,6
202100013720,2021-10-12 18:14:00,2021,10,12,18,14,92,92062,MONGE (RUE),48.88498,2.23559,Crépuscule ou aube,En agglomération,Hors intersection,Normale,Deux véhicules - frontale,4,1,1,0,4,2,1,0,1,50,,2,1,0,0,1,48.0,48.0,,,2,2,1,1,1
202100013721,2021-10-12 04:55:00,2021,10,12,4,55,92,92049,GINOUX AV. HENRI N°1 A 95 ET 2 A 104,48.81461,2.32058,Nuit avec éclairage allumé,En agglomération,Hors intersection,Normale,Autre collision,4,1,1,1,1,3,1,0,1,50,,2,0,0,1,1,19.0,,,,5,2,1,1,6
202100013722,2021-10-11 19:05:00,2021,10,11,19,5,92,92036,PIERRE DE COUBERTIN (BOULEVARD) (PORT ->,48.9305240809,2.2845742106,Plein jour,En agglomération,Giratoire,Normale,Autre collision,3,2,4,0,1,1,1,0,1,50,,2,1,0,0,1,49.0,75.0,,,1,2,6,1,6
202100013723,2021-10-12 09:55:00,2021,10,12,9,55,92,92012,POINT DU JOUR (QUAI DU),48.8338477149,2.2610753775,Plein jour,En agglomération,Hors intersection,Normale,Autre collision,3,3,3,0,1,1,1,0,1,50,,2,1,0,0,1,38.0,,,,1,2,1,1,6
202100013724,2021-10-12 07:55:00,2021,10,12,7,55,92,92012,VICTOR HUGO (AVENUE) 49/FIN - 60/FIN,48.835046862,2.2444300485,Crépuscule ou aube,En agglomération,Hors intersection,Normale,Deux véhicules - côté,4,2,4,2,1,1,1,0,1,50,,2,1,0,0,1,37.0,58.0,,,2,2,1,1,3
202100013725,2021-10-11 08:35:00,2021,10,11,8,35,92,92012,ABONDANCES (RUE DES),48.8428914213,2.2294535541,Plein jour,En agglomération,Hors intersection,Normale,Trois véhicules et plus - en chaîne,4,1,1,3,1,1,1,0,1,50,,4,3,0,0,1,58.0,34.0,,,1,2,1,1,4
202100013726,2021-10-12 18:00:00,2021,10,12,18,0,92,92004,EMBRANCHEMENT ( RUE DE L' ),48.9044437787,2.2830004245,Plein jour,En agglomération,Intersection en X,Normale,Autre collision,4,1,1,0,1,1,1,0,1,20,,2,1,0,0,1,29.0,,,,1,2,2,1,6
202100013727,2021-10-10 22:00:00,2021,10,10,22,0,92,92004,ARGENTEUIL AV D',48.9125787397,2.2844535112,Nuit avec éclairage allumé,En agglomération,Intersection en Y,Normale,Deux véhicules - arrière,3,2,2,0,1,1,1,0,1,50,,2,0,0,0,2,29.0,31.0,,,5,2,4,1,2
202100013728,2021-10-12 18:10:00,2021,10,12,18,10,92,92002,ARISTIDE BRIAND (AVENUE),48.7568,2.30636,Plein jour,En agglomération,Intersection en T,Normale,Deux véhicules - côté,3,2,2,1,1,1,1,0,1,50,,2,1,0,0,1,34.0,18.0,,,1,2,3,1,3
202100013729,2021-10-13 03:15:00,2021,10,13,3,15,60,60242,D7,49.5868270604,1.944773197,Nuit sans éclairage public,Hors agglomération,Hors intersection,Brouillard / fumée,Autre collision,3,2,2,0,1,1,2,0,8,80,,2,0,1,0,1,28.0,,,,3,1,1,5,6
202100013730,2021-10-11 07:06:00,2021,10,11,7,6,38,38199,Route de Bérardier,45.505324,4.911747,Nuit avec éclairage allumé,En agglomération,Intersection en T,Normale,Deux véhicules - côté,3,2,2,0,1,1,1,0,1,50,,2,1,0,0,1,22.0,,,,5,2,3,1,3
202100013731,2021-10-13 16:25:00,2021,10,13,16,25,01,01004,125 Rue de la République,45.9627235062,5.3528111129,Plein jour,En agglomération,Hors intersection,Normale,Autre collision,4,2,2,0,1,1,1,0,3,50,,1,0,0,1,0,15.0,,,,1,2,1,1,6
202100013732,2021-10-12 16:12:00,2021,10,12,16,12,84,84104,Chemin des Combes,44.193588,4.9946,Plein jour,En agglomération,Autre intersection,Normale,Deux véhicules - côté,3,-1,2,0,1,1,1,0,1,50,,3,2,0,0,1,40.0,28.0,,,1,2,9,1,3
202100013733,2021-10-12 18:30:00,2021,10,12,18,30,31,31448,D35,43.488533,1.465001,Crépuscule ou aube,Hors agglomération,Hors intersection,Normale,Sans collision,3,2,2,0,2,3,9,0,1,80,,1,0,0,1,0,40.0,,,,2,1,1,1,7
202100013734,2021-10-13 07:45:00,2021,10,13,7,45,28,28021,D30.2,48.363414,1.311733,Plein jour,Hors agglomération,Hors intersection,Normale,Deux véhicules - côté,3,2,2,0,1,1,1,0,1,80,,2,1,0,0,1,57.0,48.0,,,1,1,1,1,3
202100013735,2021-10-06 14:00:00,2021,10,6,14,0,63,63116,D19,45.990343,3.076022,Plein jour,Hors agglomération,Hors intersection,Normale,Autre collision,3,2,2,0,2,3,1,9,8,80,,1,0,0,1,0,55.0,,,,1,1,1,1,6
202100013736,2021-09-30 14:00:00,2021,9,30,14,0,28,28358,D134.12,48.490764,1.538193,Plein jour,En agglomération,Hors intersection,Normale,Deux véhicules - arrière,3,2,2,0,1,1,1,0,3,50,,4,2,0,1,1,30.0,,,,1,2,1,1,2
202100013737,2021-10-12 17:46:00,2021,10,12,17,46,01,01033,,46.097731,5.8454836,Plein jour,Hors agglomération,Hors intersection,Normale,Deux véhicules - côté,3,2,3,0,2,1,1,0,1,90,,2,1,0,1,0,61.0,44.0,,,1,1,1,1,3
202100013738,2021-10-13 15:30:00,2021,10,13,15,30,60,60176,entrée parking Monoprix Rue Charles de Gaulle,49.233558,2.886988,Plein jour,En agglomération,Autre intersection,Normale,Autre collision,4,2,2,3,1,1,1,0,4,50,,2,1,0,0,1,41.0,,,,1,2,9,1,6
202100013739,2021-10-13 13:25:00,2021,10,13,13,25,48,48009,A75 PK 133+700 en direction de millau,44.73355,3.29039,Plein jour,Hors agglomération,Hors intersection,Autre,Autre collision,1,3,2,0,2,3,1,0,1,110,,1,0,0,1,0,54.0,,,,1,1,1,9,6
202100013740,2021-10-13 11:30:00,2021,10,13,11,30,71,71117,Route de Dole,46.788627,4.916039,Plein jour,Hors agglomération,Intersection en X,Normale,Deux véhicules - côté,3,2,2,0,1,1,1,5,1,70,,2,1,0,1,0,48.0,69.0,,,1,1,2,1,3
202100013741,2021-10-13 03:40:00,2021,10,13,3,40,74,74263,D1005,46.328891,6.364649,Nuit sans éclairage public,Hors agglomération,Intersection en T,Temps couvert,Deux véhicules - côté,3,2,2,0,1,1,1,0,1,80,,2,1,0,1,0,21.0,41.0,,,3,1,3,8,3
202100013742,2021-10-13 11:15:00,2021,10,13,11,15,83,83120,8 RUE JEAN jaures,43.382852,5.706609,Plein jour,En agglomération,Intersection en T,Normale,Deux véhicules - côté,7,2,2,0,1,1,1,0,1,50,,2,1,0,1,0,57.0,44.0,,,1,2,3,1,3
202100013743,2021-10-12 16:35:00,2021,10,12,16,35,51,51555,N4,48.7350238234,4.3002274632,Plein jour,En agglomération,Intersection en T,Normale,Deux véhicules - frontale,2,2,2,0,1,1,1,0,1,80,,2,0,0,0,2,46.0,59.0,,,1,2,3,1,1
202100013744,2021-10-04 06:46:00,2021,10,4,6,46,79,79079,,46.937385,-0.747601,Crépuscule ou aube,Hors agglomération,Hors intersection,Normale,Deux véhicules - côté,2,3,4,0,1,1,1,2,1,110,,2,1,0,1,0,50.0,56.0,,,2,1,1,1,3
202100013745,2021-10-13 15:15:00,2021,10,13,15,15,80,80190,D 925,50.084959,1.657133,Plein jour,Hors agglomération,Hors intersection,Normale,Deux véhicules - frontale,3,2,2,0,1,1,1,0,1,80,,2,1,1,0,0,49.0,35.0,,,1,1,1,1,1
202100013746,2021-10-13 15:14:00,2021,10,13,15,14,80,80336,D25,49.918121,1.731602,Plein jour,Hors agglomération,Intersection en X,Normale,Deux véhicules - côté,3,2,2,0,1,1,1,0,1,80,,3,1,2,0,0,45.0,71.0,,,1,1,2,1,3
202100013747,2021-10-12 15:00:00,2021,10,12,15,0,33,33540,route vendays,45.375302,-1.132557,Plein jour,Hors agglomération,Hors intersection,Normale,Deux véhicules - côté,3,2,2,0,1,1,1,0,1,80,,3,1,0,1,1,74.0,69.0,,,1,1,1,1,3
202100013748,2021-10-13 11:00:00,2021,10,13,11,0,11,11263,D117,42.90192,2.11019,Plein jour,Hors agglomération,Hors intersection,Normale,Sans collision,3,2,2,0,1,1,1,0,3,80,,2,0,0,0,2,23.0,,,,1,1,1,1,7
202100013749,2021-10-13 07:15:00,2021,10,13,7,15,39,39149,,47.073775,5.754658,Crépuscule ou aube,Hors agglomération,Hors intersection,Pluie légère,Autre collision,3,2,2,0,1,1,2,0,1,80,,1,0,0,0,1,40.0,,,,2,1,1,2,6
202100013750,2021-10-12 17:45:00,2021,10,12,17,45,29,29037,Le Lannou,47.88451,-4.169151,Plein jour,Hors agglomération,Giratoire,Normale,Deux véhicules - côté,3,2,2,0,1,1,1,9,1,80,,2,1,0,1,0,68.0,63.0,,,1,1,6,1,3
202100013751,2021-10-12 11:30:00,2021,10,12,11,30,66,66024,,42.51673,2.833314,Plein jour,Hors agglomération,Hors intersection,Normale,Sans collision,3,1,1,0,1,3,1,0,3,80,,1,0,0,1,0,72.0,,,,1,1,1,1,7
202100013752,2021-10-05 17:00:00,2021,10,5,17,0,54,54205,Canal de la Marne au Rhin Ouest,48.676519,5.802239,Nuit sans éclairage public,Hors agglomération,Hors intersection,Pluie légère,Sans collision,9,2,2,0,1,1,2,9,8,-1,,1,0,1,0,0,74.0,,,,3,1,1,2,7
202100013753,2021-10-12 20:30:00,2021,10,12,20,30,54,54193,D3,48.9045193048,5.9493970873,Nuit sans éclairage public,Hors agglomération,Hors intersection,Normale,Deux véhicules - frontale,3,2,2,0,2,1,1,0,1,80,,2,0,0,1,1,19.0,24.0,,,3,1,1,1,1
202100013754,2021-10-12 18:20:00,2021,10,12,18,20,14,14203,D675,49.227211,-0.057678,Crépuscule ou aube,Hors agglomération,Hors intersection,Normale,Sans collision,3,2,2,0,1,1,1,0,3,90,,1,0,0,0,1,54.0,,,,2,1,1,1,7
202100013755,2021-10-13 13:45:00,2021,10,13,13,45,50,50484,D977e,48.568404,-1.085882,Plein jour,Hors agglomération,Intersection en T,Normale,Deux véhicules - côté,3,2,2,0,1,1,1,0,1,80,,2,1,1,0,0,83.0,22.0,,,1,1,3,1,3
202100013756,2021-10-13 07:46:00,2021,10,13,7,46,60,60558,Rue Saint Martin,49.586629,2.768238,Crépuscule ou aube,Hors agglomération,Hors intersection,Brouillard / fumée,Autre collision,3,2,2,0,1,1,1,0,1,80,,2,0,0,1,1,39.0,19.0,,,2,1,1,5,6
202100013757,2021-10-12 23:00:00,2021,10,12,23,0,40,40126,Route de Dax,43.705593,-0.948805,Nuit sans éclairage public,Hors agglomération,Intersection en T,Brouillard / fumée,Deux véhicules - côté,3,2,2,0,1,1,1,0,1,80,,3,0,0,1,2,54.0,37.0,,,3,1,3,5,3
202100013758,2021-10-05 11:24:00,2021,10,5,11,24,04,04006,RD 908,44.301754,6.582956,Plein jour,Hors agglomération,Hors intersection,Normale,Sans collision,3,2,2,0,1,2,1,0,3,80,,1,0,0,1,0,46.0,,,,1,1,1,1,7
202100013759,2021-10-12 15:55:00,2021,10,12,15,55,85,85154,Rue de la Chenelière,46.690057,-0.846773,Plein jour,Hors agglomération,Hors intersection,Normale,Deux véhicules - frontale,4,2,1,0,3,1,1,0,1,80,,2,1,0,1,0,19.0,41.0,,,1,1,1,1,1
202100013760,2021-10-13 07:25:00,2021,10,13,7,25,27,27206,rue des granges - RC40,48.7813477,1.0751772,Crépuscule ou aube,Hors agglomération,Hors intersection,Brouillard / fumée,Deux véhicules - frontale,4,2,2,0,1,1,9,0,1,80,,2,0,0,1,1,18.0,19.0,,,2,1,1,5,1
202100013761,2021-10-10 16:30:00,2021,10,10,16,30,37,37263,Tour Carrée,47.2751997322,0.8309715112,Plein jour,En agglomération,Giratoire,Normale,Deux véhicules - frontale,3,2,2,0,1,1,1,0,1,50,,2,1,0,0,1,59.0,63.0,,,1,2,6,1,1
202100013762,2021-08-02 16:30:00,2021,8,2,16,30,30,30212,RD6086,43.934495,4.557111,Plein jour,En agglomération,Hors intersection,Normale,Deux véhicules - arrière,3,2,2,0,1,1,1,5,1,50,,2,1,0,1,0,65.0,59.0,,,1,2,1,1,2
202100013763,2021-10-12 16:50:00,2021,10,12,16,50,03,03305,A71 PK 290+600,46.411829,2.706366,Plein jour,Hors agglomération,Hors intersection,Normale,Autre collision,1,3,4,0,1,2,1,0,1,130,,1,0,1,0,0,40.0,,,,1,1,1,1,6
202100013764,2021-10-12 16:25:00,2021,10,12,16,25,42,42042,Route de Périgneux,45.442293,4.204481,Plein jour,Hors agglomération,Hors intersection,Normale,Deux véhicules - arrière,3,2,2,0,2,3,1,0,1,80,,2,1,0,1,0,83.0,39.0,,,1,1,1,1,2
202100013765,2021-10-12 16:00:00,2021,10,12,16,0,987,98715,"RT1 face à la blanchisserie MEAMA, à la sortie de l'aéroport",-17.584522,-149.568578,Plein jour,En agglomération,Autre intersection,Normale,Deux véhicules - côté,2,2,2,0,1,1,1,0,1,50,,3,2,0,0,1,44.0,21.0,,,1,2,9,1,3
202100013766,2021-10-10 15:55:00,2021,10,10,15,55,987,98715,PK 5.5 SAINT HILAIRE - MONT-MARAU,-17.5794943,-149.582392,Plein jour,Hors agglomération,Hors intersection,Normale,Deux véhicules - côté,4,-1,1,0,2,1,1,0,1,-1,,3,1,0,1,1,29.0,22.0,,,1,1,1,1,3
202100013767,2021-10-12 22:45:00,2021,10,12,22,45,63,63284,A711 - Pk 7+700,45.793442,3.20466,Nuit sans éclairage public,Hors agglomération,Hors intersection,Normale,Deux véhicules - arrière,1,3,4,0,1,2,1,0,1,130,,2,1,0,0,1,46.0,23.0,,,3,1,1,1,2
202100013768,2021-10-09 02:15:00,2021,10,9,2,15,13,13109,A8,43.513172,5.479388,Nuit sans éclairage public,Hors agglomération,Hors intersection,Normale,Deux véhicules - côté,1,3,5,0,1,1,1,0,1,90,,4,2,0,0,2,51.0,27.0,,,3,1,1,1,3
202100013769,2021-10-12 23:30:00,2021,10,12,23,30,38,38485,21 Avenue Pierre de Coubertin,45.173403,5.67913,Nuit avec éclairage allumé,En agglomération,Hors intersection,Normale,Autre collision,7,2,2,0,1,2,1,2,1,50,,2,1,0,1,0,57.0,,,,5,2,1,1,6
202100013770,2021-10-13 11:55:00,2021,10,13,11,55,973,97311,Avenue Gaston Monnerville,5.4869053814,-53.9962341786,Plein jour,Hors agglomération,Hors intersection,Normale,Sans collision,2,2,2,0,1,2,1,0,3,70,,3,2,0,1,0,27.0,,,,1,1,1,1,7
202100013771,2021-10-12 13:50:00,2021,10,12,13,50,973,97304,Route de l Espace,5.17471,-52.653469,Plein jour,En agglomération,Hors intersection,Normale,Sans collision,3,2,2,1,1,1,1,0,1,50,,2,0,0,1,1,14.0,55.0,,,1,2,1,1,7
202100013772,2021-10-13 07:20:00,2021,10,13,7,20,13,13035,D17d,43.678732,5.065432,Nuit sans éclairage public,Hors agglomération,Hors intersection,Normale,Deux véhicules - arrière,7,2,2,0,1,1,1,0,3,80,,2,1,0,1,0,45.0,,,,3,1,1,1,2
202100013773,2021-10-11 13:30:00,2021,10,11,13,30,13,13100,Avenue Albert Gleizes,43.791272,4.819061,Plein jour,En agglomération,Hors intersection,Normale,Deux véhicules - côté,3,2,2,0,1,1,1,0,1,50,,2,1,0,1,0,31.0,64.0,,,1,2,1,1,3
202100013774,2021-10-13 06:50:00,2021,10,13,6,50,89,89108,A6 PK170+400,47.775078,3.709738,Nuit sans éclairage public,Hors agglomération,Hors intersection,Normale,Deux véhicules - arrière,1,3,4,0,1,1,1,0,1,130,,4,3,0,1,0,42.0,32.0,,,3,1,1,1,2
202100013775,2021-10-13 10:05:00,2021,10,13,10,5,71,71342,Rue Louis Desrichard,46.4548537492,4.1155359148,Plein jour,En agglomération,Hors intersection,Temps éblouissant,Autre collision,4,1,2,0,1,1,1,0,1,50,,2,1,0,1,0,73.0,,,,1,2,1,7,6
202100013776,2021-10-10 16:10:00,2021,10,10,16,10,67,67411,D204,48.486566,7.384969,Plein jour,Hors agglomération,Hors intersection,Normale,Autre collision,3,2,2,0,2,3,1,0,3,70,,1,0,0,0,1,45.0,,,,1,1,1,1,6
202100013777,2021-10-10 15:20:00,2021,10,10,15,20,88,88531,La Roche du Diable,48.062475,6.986441,Plein jour,Hors agglomération,Hors intersection,Normale,Autre collision,3,2,2,0,2,2,1,9,1,80,,1,0,0,1,0,31.0,,,,1,1,1,1,6
202100013778,2021-09-11 17:30:00,2021,9,11,17,30,54,54397,rue jean jaures,48.6181475918,6.105249525,Plein jour,En agglomération,Hors intersection,Temps éblouissant,Deux véhicules - arrière,3,2,2,0,2,2,1,0,1,50,,2,1,0,0,1,60.0,68.0,,,1,2,1,7,2
202100013779,2021-10-11 10:37:00,2021,10,11,10,37,57,57430,D910,49.024081,6.551113,Plein jour,Hors agglomération,Hors intersection,Temps couvert,Deux véhicules - frontale,3,2,2,0,1,1,1,0,1,80,,2,0,0,1,1,44.0,64.0,,,1,1,1,8,1
202100013780,2021-10-12 19:00:00,2021,10,12,19,0,38,38348,116 Avenue de la Vieille Borne,45.588422,5.311309,Crépuscule ou aube,En agglomération,Hors intersection,Normale,Deux véhicules - frontale,3,2,2,0,1,1,1,0,1,50,,2,1,0,1,0,16.0,30.0,,,2,2,1,1,1
202100013781,2021-10-13 07:45:00,2021,10,13,7,45,17,17351,RD 728,45.821248,-1.084347,Crépuscule ou aube,Hors agglomération,Intersection en Y,Normale,Deux véhicules - côté,3,1,1,0,2,1,1,5,1,80,,2,0,0,1,1,31.0,55.0,,,2,1,4,1,3
202100013782,2021-10-13 09:30:00,2021,10,13,9,30,29,29057,Route de Port la Forêt,47.896471,-3.970699,Plein jour,Hors agglomération,Intersection en T,Normale,Deux véhicules - côté,4,2,2,0,1,1,1,0,1,50,,2,1,0,0,1,81.0,55.0,,,1,1,3,1,3
202100013783,2021-10-12 20:00:00,2021,10,12,20,0,13,13005,A50-Sens Aubagne vers Marseille,43.28892,5.54977,Nuit sans éclairage public,Hors agglomération,Hors intersection,Normale,Autre collision,1,3,3,0,1,1,1,0,1,90,,3,2,0,0,1,66.0,28.0,,,3,1,1,1,6
202100013784,2021-10-12 10:45:00,2021,10,12,10,45,13,13215,A7-Sens Lyon vers Marseille,43.3738,5.35459,Plein jour,Hors agglomération,Hors intersection,Normale,Deux véhicules - arrière,1,1,3,0,2,3,1,3,8,90,,2,1,0,0,1,40.0,21.0,,,1,1,1,1,2
202100013785,2021-10-12 08:05:00,2021,10,12,8,5,13,13211,A50-Sens Marseille vers Aubagne,43.295,5.463,Plein jour,Hors agglomération,Hors intersection,Normale,Deux véhicules - arrière,1,1,3,0,1,1,1,0,1,90,,4,3,0,1,0,33.0,54.0,,,1,1,1,1,2