accident_id,datetime,annee,mois,jour,heure,minute,departement,commune_insee,adresse,latitude,longitude,luminosite,agglomeration,intersection,meteo,collision,catr,circ,nbv,vosp,prof,plan,surf,infra,situ,vma,nb_vehicules,nb_usagers,nb_indemnes,nb_tues,nb_blesses_hosp,nb_blesses_legers,age_cond_1,age_cond_2,veh_type_cond_1,veh_type_cond_2,lum_code,agg_code,int_code,atm_code,col_code
202100013786,2021-10-11 18:30:00,2021,10,11,18,30,13,13055,A507 sens Marseille - Aubagne,43.329966,5.402623,Plein jour,Hors agglomération,Hors intersection,Normale,Deux véhicules - arrière,1,-1,3,0,1,1,1,1,1,70,,2,1,0,0,1,37.0,34.0,,,1,1,1,1,2
202100013787,2021-10-07 22:00:00,2021,10,7,22,0,69,69275,RN346,45.7615549858,4.9851107597,Nuit sans éclairage public,Hors agglomération,Hors intersection,Normale,Deux véhicules - côté,2,3,4,0,1,1,1,0,1,90,,2,1,0,0,1,20.0,38.0,,,3,1,1,1,3
202100013788,2021-10-12 07:45:00,2021,10,12,7,45,69,69259,URBAIN SUD (BD),45.68565,4.87687,Crépuscule ou aube,Hors agglomération,Hors intersection,Normale,Deux véhicules - arrière,7,3,4,0,1,1,1,0,1,90,,2,1,0,1,0,26.0,34.0,,,2,1,1,1,2
202100013789,2021-10-12 09:00:00,2021,10,12,9,0,33,33318,ROCADE A 630,44.78822,-0.630699,Plein jour,Hors agglomération,Hors intersection,Normale,Trois véhicules et plus - en chaîne,1,3,6,0,1,1,1,0,1,90,,3,2,0,0,1,72.0,50.0,,,1,1,1,1,4
202100013790,2021-10-09 01:40:00,2021,10,9,1,40,59,59508,AUTOROUTE A22,50.7351423553,3.1286251545,Nuit sans éclairage public,Hors agglomération,Hors intersection,Normale,Autre collision,1,1,1,0,1,3,1,0,1,90,,1,0,0,1,0,34.0,,,,3,1,1,1,6
202100013791,2021-10-08 15:49:00,2021,10,8,15,49,59,59288,AUTOROUTE A2,50.320201,3.422417,Plein jour,Hors agglomération,Hors intersection,Normale,Trois véhicules et plus - collisions multiples,1,3,4,0,1,1,1,0,1,110,,7,6,0,0,1,35.0,30.0,,,1,1,1,1,5
202100013792,2021-10-12 18:30:00,2021,10,12,18,30,91,91161,AUTOROUTE A126,48.710235,2.303357,Plein jour,Hors agglomération,Hors intersection,Normale,Deux véhicules - côté,1,3,1,0,1,1,1,0,1,90,,2,1,0,0,1,30.0,57.0,,,1,1,1,1,3
202100013793,2021-10-12 08:40:00,2021,10,12,8,40,91,91161,AUTOROUTE A6,48.7061,2.306,Plein jour,Hors agglomération,Hors intersection,Normale,Deux véhicules - côté,1,3,6,0,1,1,1,0,1,110,,3,2,0,0,1,31.0,63.0,,,1,1,1,1,3
202100013794,2021-10-12 20:20:00,2021,10,12,20,20,60,60494,AUTOROUTE A1,49.1324469179,2.560923001,Nuit sans éclairage public,Hors agglomération,Hors intersection,Normale,Deux véhicules - côté,1,1,6,0,1,1,1,0,1,110,,2,1,0,0,1,24.0,37.0,,,3,1,1,1,3
202100013795,2021-10-12 11:50:00,2021,10,12,11,50,93,93005,AUTOROUTE A3,48.9612028252,2.4736985999,Plein jour,Hors agglomération,Hors intersection,Normale,Trois véhicules et plus - en chaîne,1,3,6,0,1,1,1,0,1,90,,3,2,0,0,1,47.0,34.0,,,1,1,1,1,4
202100013796,2021-10-12 08:35:00,2021,10,12,8,35,95,95488, A15,49.01083,2.15397,Plein jour,Hors agglomération,Hors intersection,Normale,Deux véhicules - arrière,1,1,3,0,1,1,1,0,1,110,,2,1,0,0,1,33.0,26.0,,,1,1,1,1,2
202100013797,2021-10-12 07:00:00,2021,10,12,7,0,93,93008,AUTOROUTE A86,48.91462,2.43415,Crépuscule ou aube,Hors agglomération,Hors intersection,Normale,Deux véhicules - côté,1,1,3,0,1,1,1,1,1,90,,2,1,0,0,1,25.0,31.0,,,2,1,1,1,3
202100013798,2021-10-12 08:00:00,2021,10,12,8,0,95,95500, A15,49.038346,2.088129,Plein jour,Hors agglomération,Hors intersection,Normale,Deux véhicules - arrière,1,3,8,0,1,1,1,0,1,90,,2,1,0,0,1,24.0,19.0,,,1,1,1,1,2
202100013799,2021-10-11 09:45:00,2021,10,11,9,45,95,95572,A15,49.031956,2.114932,Plein jour,Hors agglomération,Hors intersection,Normale,Deux véhicules - arrière,1,3,8,0,1,1,1,0,1,90,,2,1,0,0,1,44.0,36.0,,,1,1,1,1,2
202100013800,2021-10-12 13:50:00,2021,10,12,13,50,94,94028,A86 EXT,48.77629,2.43042,Plein jour,Hors agglomération,Hors intersection,Normale,Deux véhicules - côté,1,-1,4,0,1,1,1,0,1,90,,3,2,0,0,1,40.0,47.0,,,1,1,1,1,3
202100013801,2021-10-11 16:20:00,2021,10,11,16,20,94,94017,A4,48.830054266,2.4955528834,Plein jour,Hors agglomération,Hors intersection,Normale,Deux véhicules - arrière,1,1,0,0,1,1,1,1,1,90,,3,1,0,0,2,52.0,63.0,,,1,1,1,1,2
202100013802,2021-10-11 14:00:00,2021,10,11,14,0,75,75112,A4,48.8229195622,2.4629276991,Plein jour,Hors agglomération,Hors intersection,Normale,Deux véhicules - arrière,1,-1,4,0,1,1,1,0,1,90,,3,1,0,0,2,28.0,30.0,,,1,1,1,1,2
202100013803,2021-10-11 08:45:00,2021,10,11,8,45,77,77249,RN104,48.735557,2.611678,Plein jour,Hors agglomération,Hors intersection,Normale,Deux véhicules - arrière,2,3,4,0,1,1,1,0,1,90,,3,1,0,1,1,28.0,37.0,,,1,1,1,1,2
202100013804,2021-05-29 10:20:00,2021,5,29,10,20,88,88413,Route des 2 Hameaux,48.3116346783,6.9210675359,Plein jour,Hors agglomération,Autre intersection,Normale,Autre collision,4,-1,0,0,1,1,1,0,8,50,,1,0,0,0,1,42.0,,,,1,1,9,1,6
202100013805,2021-03-24 20:25:00,2021,3,24,20,25,02,02691,HUIT-OCTOBRE (PLACE DU),49.8422,3.29491,Crépuscule ou aube,En agglomération,Giratoire,Normale,Deux véhicules - côté,4,3,2,0,1,2,1,5,1,50,,2,1,0,1,0,22.0,43.0,,,2,2,6,1,3
202100013806,2021-10-11 18:20:00,2021,10,11,18,20,64,64545,CAMIETA (ALLEE DE),43.3763670165,-1.6693227802,Plein jour,Hors agglomération,Hors intersection,Normale,Autre collision,4,2,2,0,1,1,1,0,1,30,,2,1,0,0,1,84.0,,,,1,1,1,1,6
202100013807,2021-06-17 16:09:00,2021,6,17,16,9,74,74013,CORZENT (ROUTE),46.35659,6.43447,Plein jour,En agglomération,Hors intersection,Normale,Sans collision,4,2,2,0,1,1,1,0,1,50,,2,1,0,0,1,30.0,21.0,,,1,2,1,1,7
202100013808,2021-10-11 18:03:00,2021,10,11,18,3,973,97302,BADUEL (ROND POINT DE),4.93275,-52.30668,Crépuscule ou aube,En agglomération,Giratoire,Normale,Deux véhicules - arrière,3,2,2,0,1,2,1,0,1,50,,2,1,0,0,1,69.0,58.0,,,2,2,6,1,2
202100013809,2021-10-11 15:02:00,2021,10,11,15,2,973,97302,ZEPHIR (ROCADE),4.9352775531,-52.3081662655,Plein jour,En agglomération,Hors intersection,Normale,Deux véhicules - côté,3,2,2,0,1,1,1,0,1,50,,2,1,0,0,1,21.0,50.0,,,1,2,1,1,3
202100013810,2021-10-11 08:30:00,2021,10,11,8,30,69,69386,GENERAL SARRAIL (DU)                (QU),45.76768,4.8413,Plein jour,En agglomération,Intersection en T,Normale,Deux véhicules - côté,4,1,2,1,1,1,1,5,1,50,,2,1,0,0,1,36.0,38.0,,,1,2,3,1,3
202100013811,2021-10-11 18:00:00,2021,10,11,18,0,972,97209,JOSEPH GAILLARD (RUE),14.601484,-61.082402,Nuit sans éclairage public,En agglomération,Hors intersection,Normale,Autre collision,4,2,2,0,1,1,1,9,1,50,,2,0,0,1,1,20.0,,,,3,2,1,1,6
202100013812,2021-10-08 06:55:00,2021,10,8,6,55,69,69382,DOCTEUR GAILLETON (DU) (Q),45.7504,4.83175,Nuit avec éclairage allumé,En agglomération,Hors intersection,Normale,Trois véhicules et plus - en chaîne,4,2,4,3,1,1,1,0,1,50,,4,3,0,0,1,37.0,52.0,,,5,2,1,1,4
202100013813,2021-10-09 18:33:00,2021,10,9,18,33,971,97101,RN5-BOISRIPEAUX,16.2794021261,-61.5079021454,Nuit sans éclairage public,Hors agglomération,Autre intersection,Pluie légère,Deux véhicules - arrière,2,3,1,0,1,1,2,0,1,70,,3,1,0,0,2,66.0,35.0,,,3,1,9,2,2
202100013814,2021-10-09 13:35:00,2021,10,9,13,35,971,97113,BAS DU FORT,16.21651,-61.51996,Plein jour,En agglomération,Intersection en T,Normale,Deux véhicules - côté,4,2,2,0,1,1,1,0,1,50,,2,1,0,0,1,37.0,75.0,,,1,2,3,1,3
202100013815,2021-10-08 16:30:00,2021,10,8,16,30,971,97113,SECTION DUNOYER,16.20824,-61.467,Plein jour,Hors agglomération,Hors intersection,Normale,Deux véhicules - côté,2,2,2,0,1,1,1,0,1,70,,3,1,0,1,1,39.0,54.0,,,1,1,1,1,3
202100013816,2021-10-11 16:10:00,2021,10,11,16,10,2A,2A004,ASPRETTO ROUTE,41.929937846,8.7570518835,Plein jour,En agglomération,Giratoire,Normale,Deux véhicules - côté,2,3,4,0,2,1,1,9,1,50,,2,1,0,0,1,17.0,43.0,,,1,2,6,1,3
202100013817,2021-10-11 15:15:00,2021,10,11,15,15,95,95268,AV DE STALINGRAD,48.9607,2.40055,Plein jour,En agglomération,Hors intersection,Normale,Deux véhicules - arrière,3,2,2,0,1,1,1,0,1,50,,4,3,0,0,1,24.0,85.0,,,1,2,1,1,2
202100013818,2021-10-11 23:50:00,2021,10,11,23,50,91,91312,REPUBLIQUE (AVENUE DE LA),48.73617,2.22927,Nuit sans éclairage public,Hors agglomération,Hors intersection,Normale,Sans collision,3,-1,2,0,1,1,1,2,6,90,,1,0,0,0,1,37.0,,,,3,1,1,1,7
202100013819,2021-10-11 14:10:00,2021,10,11,14,10,91,91687,MOULIN (CHEMIN DU),48.66056,2.37655,Plein jour,En agglomération,Hors intersection,Normale,Deux véhicules - côté,4,2,2,0,1,1,1,0,1,50,,2,1,0,0,1,24.0,40.0,,,1,2,1,1,3
202100013820,2021-10-10 15:50:00,2021,10,10,15,50,91,91027,AV DE MORANGIS,48.70579,2.36761,Plein jour,En agglomération,Intersection en X,Normale,Deux véhicules - côté,3,2,2,2,1,1,1,5,1,50,,3,1,0,0,2,25.0,27.0,,,1,2,2,1,3
202100013821,2021-10-11 15:12:00,2021,10,11,15,12,88,88160,BLUM (AV. LEON),48.19053,6.45987,Plein jour,En agglomération,Intersection en X,Normale,Deux véhicules - côté,4,2,2,0,3,1,1,0,1,50,,3,1,0,0,2,55.0,51.0,,,1,2,2,1,3
202100013822,2021-10-10 03:25:00,2021,10,10,3,25,84,84007,C.De GAULLE (Rocade),43.93402,4.83137,Nuit avec éclairage allumé,En agglomération,Autre intersection,Normale,Deux véhicules - côté,3,1,2,0,1,1,1,0,1,50,,4,1,0,3,0,19.0,,,,5,2,9,1,3
202100013823,2021-10-10 03:17:00,2021,10,10,3,17,84,84007,CHARLES DE GAULLE,43.926249,4.79766,Nuit avec éclairage allumé,En agglomération,Hors intersection,Normale,Autre collision,3,-1,2,0,1,1,1,0,1,50,,3,0,2,1,0,20.0,,,,5,2,1,1,6
202100013824,2021-10-11 12:30:00,2021,10,11,12,30,83,83137,BRIAND (AVE ARISTIDE DE 1 A 1219,43.126327,5.899273,Plein jour,En agglomération,Hors intersection,Normale,Deux véhicules - côté,7,2,1,0,1,1,1,0,1,50,,3,1,0,0,2,38.0,46.0,,,1,2,1,1,3
202100013825,2021-10-10 12:10:00,2021,10,10,12,10,83,83069,GODILLOT  ( AVENUE ALEXIS ),43.1114608128,6.1239981651,Plein jour,En agglomération,Intersection en X,Normale,Deux véhicules - arrière,4,2,2,0,1,1,1,0,1,50,,2,1,0,0,1,66.0,23.0,,,1,2,2,1,2
202100013826,2021-10-09 16:15:00,2021,10,9,16,15,80,80489,GREAT EASTERN (AVENUE),49.8681,2.37695,Plein jour,Hors agglomération,Hors intersection,Normale,Deux véhicules - arrière,3,2,2,0,1,1,1,0,1,80,,5,1,0,0,4,36.0,20.0,,,1,1,1,1,2
202100013827,2021-10-09 12:40:00,2021,10,9,12,40,80,80021,JEAN CALVIN (RUE),49.89566,2.29104,Plein jour,En agglomération,Hors intersection,Normale,Autre collision,6,-1,-1,0,1,1,1,0,1,30,,2,1,0,1,0,61.0,,,,1,2,1,1,6
202100013828,2021-10-09 19:37:00,2021,10,9,19,37,80,80021,ROUBAIX (BOULEVARD DE ),49.91548,2.30836,Nuit avec éclairage allumé,En agglomération,Hors intersection,Normale,Deux véhicules - frontale,4,2,4,0,1,1,1,0,1,50,,3,1,0,0,2,63.0,,,,5,2,1,1,1
202100013829,2021-10-07 19:55:00,2021,10,7,19,55,77,77468,D128,48.84366,2.65469,Crépuscule ou aube,En agglomération,Intersection en T,Normale,Deux véhicules - côté,3,4,3,0,1,1,1,5,1,50,,2,1,0,0,1,32.0,27.0,,,2,2,3,1,3
202100013830,2021-09-27 22:25:00,2021,9,27,22,25,77,77495,D306,48.56057,2.6345,Nuit avec éclairage allumé,En agglomération,Hors intersection,Normale,Deux véhicules - arrière,3,2,2,1,1,1,1,0,1,50,,2,1,0,1,0,,31.0,,,5,2,1,1,2
202100013831,2021-10-11 07:20:00,2021,10,11,7,20,77,77058,ANTOINE GIROUST (BOULEVARD ),48.840314,2.710622,Nuit avec éclairage allumé,En agglomération,Hors intersection,Normale,Autre collision,4,2,2,0,1,1,1,0,1,50,,3,1,0,0,2,,,,,5,2,1,1,6
202100013832,2021-10-11 19:30:00,2021,10,11,19,30,76,76540,TOUR DE BEURRE. RUE DE LA,49.439107,1.09334,Nuit sans éclairage public,En agglomération,Hors intersection,Normale,Autre collision,4,1,1,0,1,1,1,0,1,30,,2,1,0,0,1,,,,,3,2,1,1,6
202100013833,2021-10-11 18:10:00,2021,10,11,18,10,76,76540,SERRES. AVENUE OLIVIER DE,49.44901,1.12,Plein jour,En agglomération,Intersection en T,Normale,Deux véhicules - arrière,4,2,2,1,2,2,1,-1,1,50,,2,1,0,0,1,34.0,45.0,,,1,2,3,1,2
202100013834,2021-10-10 22:40:00,2021,10,10,22,40,76,76540,BELGES. BOULEVARD DES,49.4432,1.08471,Nuit avec éclairage allumé,En agglomération,Hors intersection,Normale,Autre collision,7,2,4,3,2,1,1,-1,1,50,,2,1,1,0,0,20.0,,,,5,2,1,1,6
202100013835,2021-10-09 04:20:00,2021,10,9,4,20,76,76447,Avenue Antoine de Saint-Exupéry,49.54996,0.1764,Nuit avec éclairage allumé,En agglomération,Intersection en T,Normale,Autre collision,3,2,2,0,1,1,1,0,1,50,,1,0,0,0,1,49.0,,,,5,2,3,1,6
202100013836,2021-10-08 18:10:00,2021,10,8,18,10,76,76351,RENE BAZILLE,49.50609,0.12332,Plein jour,En agglomération,Hors intersection,Normale,Autre collision,4,2,1,0,1,1,1,0,1,50,,1,0,0,1,0,59.0,,,,1,2,1,1,6
202100013837,2021-10-10 11:41:00,2021,10,10,11,41,72,72181,BOLLEE (AV) N° PAIRS 154 A 222,47.9978,0.21277,Plein jour,En agglomération,Hors intersection,Normale,Deux véhicules - côté,4,2,3,2,1,1,1,0,1,50,,2,1,0,0,1,52.0,38.0,,,1,2,1,1,3
202100013838,2021-10-10 22:20:00,2021,10,10,22,20,67,67482,CHARMILLE (RUE DE LA),48.58031,7.71883,Nuit avec éclairage allumé,En agglomération,Hors intersection,Normale,Deux véhicules - arrière,4,2,2,0,1,1,1,0,1,50,,2,1,0,0,1,43.0,,,,5,2,1,1,2
202100013839,2021-10-08 12:00:00,2021,10,8,12,0,67,67218,FORT UHRICH (ROUTE DU),48.51287,7.72215,Plein jour,En agglomération,Intersection en T,Normale,Deux véhicules - arrière,4,3,4,0,1,3,1,0,1,50,,2,0,0,0,2,19.0,45.0,,,1,2,3,1,2
202100013840,2021-10-11 10:00:00,2021,10,11,10,0,64,64189,RAVEL MAURICE (QUA)I,43.38673,-1.66879,Plein jour,En agglomération,Hors intersection,Normale,Deux véhicules - côté,3,2,1,2,1,1,1,0,1,30,,2,1,0,0,1,16.0,72.0,,,1,2,1,1,3
202100013841,2021-10-05 18:44:00,2021,10,5,18,44,63,63113,PAULINES (AVENUE DES),45.77565,3.09651,Crépuscule ou aube,En agglomération,Hors intersection,Normale,Deux véhicules - côté,4,3,4,0,1,1,1,0,1,50,,2,1,0,0,1,20.0,41.0,,,2,2,1,1,3
202100013842,2021-10-05 18:08:00,2021,10,5,18,8,63,63113,CARMES DECHAUX (PLACE),45.78346,3.09441,Crépuscule ou aube,En agglomération,Intersection en X,Normale,Deux véhicules - côté,4,1,1,0,1,1,1,0,1,50,,2,1,0,0,1,60.0,19.0,,,2,2,2,1,3
202100013843,2021-10-05 10:53:00,2021,10,5,10,53,63,63113,COTE BLATIN (BD),45.76937,3.09086,Plein jour,En agglomération,Hors intersection,Normale,Deux véhicules - côté,4,1,2,0,1,1,1,0,1,50,,2,1,0,0,1,38.0,50.0,,,1,2,1,1,3
202100013844,2021-10-03 18:27:00,2021,10,3,18,27,63,63063,CLEMENTEL (BD ETIENNE),45.81734,3.10938,Crépuscule ou aube,En agglomération,Hors intersection,Normale,Deux véhicules - arrière,7,3,4,0,1,1,1,0,1,70,,2,1,0,0,1,39.0,32.0,,,2,2,1,1,2
202100013845,2021-10-11 09:35:00,2021,10,11,9,35,59,59599,CLOCHE (RUE DE LA),50.72281,3.16356,Plein jour,En agglomération,Hors intersection,Normale,Autre collision,4,1,1,0,1,1,1,0,1,50,,2,1,0,0,1,67.0,,,,1,2,1,1,6
202100013846,2021-10-11 05:20:00,2021,10,11,5,20,59,59599,CURIE (CHAUSSEE PIERRE),50.733791057,3.1805419922,Nuit avec éclairage allumé,En agglomération,Hors intersection,Normale,Autre collision,7,1,2,0,1,1,1,0,1,50,,2,1,0,0,1,,,,,5,2,1,1,6
202100013847,2021-10-08 17:58:00,2021,10,8,17,58,57,57019,CIMENTERIE (RUE DE LA),49.25659,6.11965,Plein jour,En agglomération,Hors intersection,Normale,Deux véhicules - côté,3,2,2,0,1,1,1,0,1,50,,2,1,0,1,0,50.0,52.0,,,1,2,1,1,3
202100013848,2021-10-08 20:38:00,2021,10,8,20,38,56,56098,CHAPELLE (ROUTE DE LA),47.77875,-3.30274,Nuit sans éclairage public,Hors agglomération,Hors intersection,Pluie légère,Autre collision,4,2,2,0,1,2,2,0,3,50,,1,0,0,0,1,68.0,,,,3,1,1,2,6
202100013849,2021-10-11 13:20:00,2021,10,11,13,20,50,50147,ARQUERIE,49.06001,-1.43141,Plein jour,En agglomération,Hors intersection,Normale,Autre collision,3,1,1,0,1,2,1,0,1,50,,2,1,0,1,0,34.0,,,,1,2,1,1,6
202100013850,2021-10-09 23:50:00,2021,10,9,23,50,50,50129,ZOLA (RUE EMILE),49.63637,-1.62973,Nuit avec éclairage allumé,En agglomération,Intersection en T,Normale,Autre collision,4,2,2,0,1,1,1,0,1,30,,2,1,0,0,1,,,,,5,2,3,1,6
202100013851,2021-10-10 15:40:00,2021,10,10,15,40,49,49099,,47.02313,-0.9244,Plein jour,Hors agglomération,Hors intersection,Normale,Sans collision,4,2,2,0,1,2,1,0,3,50,,1,0,0,0,1,29.0,,,,1,1,1,1,7
202100013852,2021-10-09 18:24:00,2021,10,9,18,24,49,49007,BLANDEAU,47.45625,-0.54645,Plein jour,En agglomération,Hors intersection,Normale,Deux véhicules - côté,4,2,2,0,1,1,1,0,1,50,,2,1,0,0,1,18.0,79.0,,,1,2,1,1,3
202100013853,2021-10-10 16:47:00,2021,10,10,16,47,49,49007,FAURE QUAI,47.47953,-0.5516,Plein jour,En agglomération,Hors intersection,Normale,Deux véhicules - arrière,3,1,1,0,1,1,1,0,1,70,,2,1,0,0,1,23.0,47.0,,,1,2,1,1,2
202100013854,2021-10-10 04:45:00,2021,10,10,4,45,45,45004,GROS MOULIN (RUE DU),47.968,2.77415,Nuit avec éclairage allumé,En agglomération,Intersection en T,Brouillard / fumée,Sans collision,3,2,2,0,1,2,1,0,4,50,,2,0,0,0,2,23.0,,,,5,2,3,5,7
202100013855,2021-10-11 08:00:00,2021,10,11,8,0,44,44162,BOULEVARD CHARLES DE GAULLE,47.21084,-1.62582,Crépuscule ou aube,En agglomération,Hors intersection,Normale,Deux véhicules - côté,7,2,0,0,1,1,1,0,1,50,,2,1,0,0,1,35.0,,,,2,2,1,1,3
202100013856,2021-10-11 16:27:00,2021,10,11,16,27,38,38151,AVENUE DE HONHOUÉ,45.15169,5.70769,Plein jour,En agglomération,Hors intersection,Normale,Deux véhicules - frontale,9,-1,2,0,1,1,1,4,6,90,,2,1,0,1,0,29.0,,,,1,2,1,1,1
202100013857,2021-10-11 07:50:00,2021,10,11,7,50,38,38169,MAIL MARCEL CACHIN,45.1931,5.68748,Crépuscule ou aube,En agglomération,Hors intersection,Normale,Deux véhicules - côté,4,2,2,1,1,1,1,0,8,30,,2,1,0,1,0,51.0,54.0,,,2,2,1,1,3
202100013858,2021-10-11 19:40:00,2021,10,11,19,40,35,35238,CLOTEAUX (SQUARE DES),48.085036,-1.695797,Nuit avec éclairage allumé,En agglomération,Giratoire,Normale,Autre collision,7,2,2,0,1,1,1,0,1,50,,2,1,0,0,1,30.0,,,,5,2,6,1,6
202100013859,2021-10-11 11:10:00,2021,10,11,11,10,35,35051,BRAY (RUE DE),48.10771,-1.61573,Plein jour,Hors agglomération,Hors intersection,Normale,Deux véhicules - arrière,4,2,2,0,1,1,1,0,1,50,,4,3,0,0,1,34.0,23.0,,,1,1,1,1,2
202100013860,2021-10-10 10:14:00,2021,10,10,10,14,35,35024,ROCADE 10-11,48.155598,-1.624206,Plein jour,Hors agglomération,Giratoire,Brouillard / fumée,Sans collision,7,2,2,0,1,3,1,0,1,50,,1,0,1,0,0,37.0,,,,1,1,6,5,7
202100013861,2021-10-11 17:25:00,2021,10,11,17,25,33,33119,Chemin de Lissandre,44.86022,-0.53824,Plein jour,En agglomération,Intersection en Y,Normale,Autre collision,4,2,4,1,1,3,1,0,1,50,,2,1,0,1,0,56.0,,,,1,2,4,1,6
202100013862,2021-10-11 07:45:00,2021,10,11,7,45,33,33069,Route du Médoc,44.8743458825,-0.6185522676,Plein jour,En agglomération,Intersection en X,Normale,Deux véhicules - côté,4,2,3,3,1,1,1,4,6,50,,2,1,0,0,1,38.0,74.0,,,1,2,2,1,3
202100013863,2021-10-11 09:20:00,2021,10,11,9,20,33,33281,Avenue des Eyquems,44.82796,-0.64606,Plein jour,En agglomération,Intersection en X,Normale,Autre collision,4,2,2,0,1,1,1,5,1,50,,2,1,0,0,1,31.0,,,,1,2,2,1,6
202100013864,2021-10-11 06:30:00,2021,10,11,6,30,33,33075,Rue André Malraux,44.88307,-0.59979,Nuit avec éclairage allumé,En agglomération,Hors intersection,Normale,Autre collision,4,2,2,0,1,1,1,0,1,50,,1,0,0,0,1,20.0,,,,5,2,1,1,6
202100013865,2021-10-11 03:53:00,2021,10,11,3,53,33,33039,Boulevard Albert 1er,44.81234,-0.55781,Nuit avec éclairage allumé,En agglomération,Hors intersection,Normale,Autre collision,4,3,4,3,2,1,1,0,1,50,,1,0,0,1,0,30.0,,,,5,2,1,1,6
202100013866,2021-10-11 12:20:00,2021,10,11,12,20,33,33009,Boulevard Maréchal Leclerc,44.65923,-1.16447,Plein jour,En agglomération,Hors intersection,Normale,Autre collision,4,2,3,0,1,1,1,0,1,50,,2,1,0,0,1,51.0,,,,1,2,1,1,6
202100013867,2021-10-07 14:00:00,2021,10,7,14,0,31,31555,RTE DE SAINT SIMON,43.58586,1.40395,Plein jour,En agglomération,Hors intersection,Normale,Deux véhicules - arrière,4,3,2,0,1,1,1,9,1,50,,2,1,0,1,0,58.0,62.0,,,1,2,1,1,2
202100013868,2021-10-11 09:50:00,2021,10,11,9,50,31,31555,RUE DE L AUDE,43.583114,1.481589,Plein jour,En agglomération,Intersection en X,Normale,Deux véhicules - côté,4,2,2,0,3,1,1,0,1,50,,2,1,0,0,1,65.0,46.0,,,1,2,2,1,3
202100013869,2021-10-11 20:05:00,2021,10,11,20,5,29,29019,Avenue Victor le Gorgeu,48.40231,-4.50292,Crépuscule ou aube,En agglomération,Hors intersection,Normale,Deux véhicules - arrière,4,3,4,0,1,1,1,0,1,50,,2,1,0,0,1,27.0,21.0,,,2,2,1,1,2
202100013870,2021-10-11 17:45:00,2021,10,11,17,45,29,29019,Rue du Moulin à Poudre,48.4011204858,-4.4897518955,Plein jour,En agglomération,Intersection en T,Normale,Deux véhicules - côté,4,-1,2,0,1,1,1,0,1,50,,2,1,0,0,1,29.0,24.0,,,1,2,3,1,3
202100013871,2021-10-11 10:00:00,2021,10,11,10,0,27,27229,LEPOUZE (RUE),49.02571884,1.1557002,Plein jour,En agglomération,Hors intersection,Normale,Autre collision,4,2,2,0,1,1,1,0,1,50,,2,1,0,0,1,57.0,,,,1,2,1,1,6
202100013872,2021-10-11 09:05:00,2021,10,11,9,5,27,27229,COCHEREL (RUE DE),49.02044,1.18201,Crépuscule ou aube,En agglomération,Hors intersection,Normale,Deux véhicules - côté,4,1,1,0,1,1,1,0,1,50,,2,1,0,0,1,52.0,59.0,,,2,2,1,1,3
202100013873,2021-10-09 16:00:00,2021,10,9,16,0,25,25462,ROCADE G.POMPIDOU (DU 25 A LA FIN),46.90131,6.34423,Plein jour,En agglomération,Hors intersection,Normale,Trois véhicules et plus - en chaîne,2,2,2,0,1,1,1,0,1,50,,4,3,0,0,1,49.0,68.0,,,1,2,1,1,4
202100013874,2021-10-11 16:55:00,2021,10,11,16,55,22,22360,LECLERC (AVENUE DU GENERAL),48.4887152724,-2.7273559486,Plein jour,En agglomération,Intersection en X,Normale,Autre collision,4,2,2,0,1,1,1,0,1,50,,2,1,0,1,0,27.0,,,,1,2,2,1,6
202100013875,2021-09-10 08:45:00,2021,9,10,8,45,22,22360,RD700,48.4837545433,-2.7653961166,Plein jour,Hors agglomération,Hors intersection,Pluie légère,Trois véhicules et plus - en chaîne,3,3,4,0,1,1,2,0,1,90,,3,0,0,0,3,38.0,39.0,,,1,1,1,2,4
202100013876,2021-10-11 11:50:00,2021,10,11,11,50,13,13103,BOULEVARD DU ROY RENE,43.63289,5.0981,Plein jour,En agglomération,Hors intersection,Normale,Autre collision,4,3,5,1,1,1,1,6,1,30,,2,1,0,0,1,29.0,,,,1,2,1,1,6
202100013877,2021-10-11 18:40:00,2021,10,11,18,40,13,13210,CAPELETTE (AVENUE DE LA),43.28048,5.40836,Plein jour,En agglomération,Hors intersection,Normale,Deux véhicules - arrière,4,-1,2,0,1,1,1,0,1,50,,2,1,0,0,1,39.0,13.0,,,1,2,1,1,2
202100013878,2021-10-11 07:10:00,2021,10,11,7,10,13,13214,ALEX ANSALDI (RUE),43.33589,5.39858,Plein jour,En agglomération,Autre intersection,Normale,Deux véhicules - côté,7,2,7,0,2,1,1,0,1,50,,2,1,0,0,1,44.0,,,,1,2,9,1,3
202100013879,2021-10-11 15:00:00,2021,10,11,15,0,13,13005,GOUMS (AVENUE DES),43.2918341738,5.5614820229,Plein jour,En agglomération,Hors intersection,Normale,Deux véhicules - arrière,7,2,1,0,1,3,9,0,1,520,,3,2,0,0,1,30.0,33.0,,,1,2,1,1,2
202100013880,2021-10-11 12:10:00,2021,10,11,12,10,13,13001,ANCIENNE ROUTE DES ALPES (RTE),43.5490594226,5.4569818425,Plein jour,En agglomération,Hors intersection,Normale,Deux véhicules - côté,4,2,3,1,2,1,1,0,1,50,,3,1,0,0,2,63.0,27.0,,,1,2,1,1,3