accident_id,datetime,annee,mois,jour,heure,minute,departement,commune_insee,adresse,latitude,longitude,luminosite,agglomeration,intersection,meteo,collision,catr,circ,nbv,vosp,prof,plan,surf,infra,situ,vma,nb_vehicules,nb_usagers,nb_indemnes,nb_tues,nb_blesses_hosp,nb_blesses_legers,age_cond_1,age_cond_2,veh_type_cond_1,veh_type_cond_2,lum_code,agg_code,int_code,atm_code,col_code
202100013881,2021-10-11 09:30:00,2021,10,11,9,30,13,13001,ST JOHN PERSE (AV),43.5256034823,5.4175051954,Plein jour,En agglomération,Giratoire,Normale,Deux véhicules - côté,4,4,1,0,1,2,1,5,1,50,,2,1,0,0,1,19.0,20.0,,,1,2,6,1,3
202100013882,2021-10-10 17:04:00,2021,10,10,17,4,10,10081,ROCADE OUEST (RD 610),48.30763,4.02211,Plein jour,En agglomération,Hors intersection,Normale,Deux véhicules - arrière,3,1,2,0,1,1,1,0,1,110,,7,5,0,0,2,19.0,20.0,,,1,2,1,1,2
202100013883,2021-10-11 09:35:00,2021,10,11,9,35,06,06069,PAOUTE (ROUTE ET TRAVERSE DE LA),43.633109,6.957532,Plein jour,Hors agglomération,Hors intersection,Normale,Sans collision,3,2,2,0,1,1,1,0,1,50,,2,1,0,0,1,22.0,17.0,,,1,1,1,1,7
202100013884,2021-10-10 00:40:00,2021,10,10,0,40,05,05061,route Napoléon,44.57979,6.08204,Nuit sans éclairage public,Hors agglomération,Hors intersection,Normale,Deux véhicules - frontale,2,2,2,0,2,3,1,0,1,80,,3,1,0,0,2,78.0,49.0,,,3,1,1,1,1
202100013885,2021-10-08 12:34:00,2021,10,8,12,34,05,05061,D942 A,44.54063,6.09112,Plein jour,Hors agglomération,Intersection en T,Normale,Deux véhicules - côté,3,2,2,0,2,1,1,0,1,80,,2,1,0,0,1,20.0,47.0,,,1,1,3,1,3
202100013886,2021-10-10 13:35:00,2021,10,10,13,35,75,75114,BOULEVARD PERIPHERIQUE,48.820387,2.324441,Plein jour,En agglomération,Hors intersection,Normale,Deux véhicules - arrière,4,1,3,0,1,1,1,0,1,70,,2,1,0,0,1,49.0,38.0,,,1,2,1,1,2
202100013887,2021-10-09 11:45:00,2021,10,9,11,45,75,75114,PORTE DE CHATILLON,48.823131,2.31157,Plein jour,En agglomération,Intersection en Y,Normale,Sans collision,4,1,3,0,1,1,1,0,1,70,,1,0,0,0,1,55.0,,,,1,2,4,1,7
202100013888,2021-10-09 20:58:00,2021,10,9,20,58,75,75116,ROUTE DE SURESNES,48.865043,2.234433,Nuit avec éclairage allumé,En agglomération,Intersection en X,Normale,Deux véhicules - côté,4,2,6,1,1,1,1,0,1,50,,2,1,0,1,0,41.0,59.0,,,5,2,2,1,3
202100013889,2021-10-11 19:20:00,2021,10,11,19,20,75,75105,RUE BLAINVILLE,48.844513,2.349248,Nuit avec éclairage allumé,En agglomération,Place,Normale,Autre collision,4,1,1,0,2,1,1,0,1,30,,2,1,0,0,1,,,,,5,2,7,1,6
202100013890,2021-10-11 09:27:00,2021,10,11,9,27,75,75119,AVENUE DE FLANDRE,48.888382,2.374157,Plein jour,En agglomération,Intersection en X,Normale,Deux véhicules - côté,4,2,6,1,1,1,1,-1,5,30,,2,1,0,0,1,27.0,22.0,,,1,2,2,1,3
202100013891,2021-10-11 19:05:00,2021,10,11,19,5,75,75108,RUE DE COURCELLES,48.878147,2.305076,Crépuscule ou aube,En agglomération,Place,Normale,Deux véhicules - côté,4,2,2,0,1,1,1,0,1,30,,2,1,0,0,1,40.0,50.0,,,2,2,7,1,3
202100013892,2021-10-11 14:30:00,2021,10,11,14,30,75,75115,RUE LECOURBE,48.842015,2.300628,Plein jour,En agglomération,Intersection en X,Normale,Autre collision,4,1,0,1,1,1,1,0,1,30,,1,0,0,0,1,15.0,,,,1,2,2,1,6
202100013893,2021-10-11 11:55:00,2021,10,11,11,55,75,75115,RUE DE LA CROIX NIVERT,48.845336,2.297826,Plein jour,En agglomération,Intersection en T,Normale,Autre collision,4,2,1,0,1,1,1,0,1,30,,2,1,0,0,1,27.0,,,,1,2,3,1,6
202100013894,2021-10-11 18:15:00,2021,10,11,18,15,75,75113,AVENUE D ITALIE,48.822215,2.358524,Plein jour,En agglomération,Intersection en X,Normale,Autre collision,4,2,2,2,1,1,1,0,1,30,,3,2,0,0,1,48.0,,,,1,2,2,1,6
202100013895,2021-10-11 00:30:00,2021,10,11,0,30,75,75112,AVENUE DE NOGENT,48.842104,2.449033,Nuit avec éclairage allumé,En agglomération,Intersection en X,Normale,Deux véhicules - côté,4,2,6,1,1,3,1,0,1,50,,2,1,0,0,1,23.0,16.0,,,5,2,2,1,3
202100013896,2021-10-11 16:30:00,2021,10,11,16,30,94,94043,PROFESSEUR BERGONIE (R DU),48.80493,2.34594,Plein jour,En agglomération,Hors intersection,Normale,Autre collision,3,2,2,0,2,1,1,9,1,50,,2,1,0,0,1,44.0,,,,1,2,1,1,6
202100013897,2021-10-11 21:45:00,2021,10,11,21,45,94,94022,Avenue Victor Hugo,48.76873,2.42049,Nuit avec éclairage allumé,En agglomération,Hors intersection,Normale,Autre collision,3,2,2,3,1,1,1,0,1,30,,3,1,0,0,2,35.0,,,,5,2,1,1,6
202100013898,2021-10-11 21:00:00,2021,10,11,21,0,94,94022,AUGUSTE FRANCHOT (R),48.76762,2.40632,Nuit avec éclairage non allumé,En agglomération,Intersection en T,Normale,Deux véhicules - côté,3,2,1,0,1,1,1,0,1,50,,3,2,0,0,1,54.0,29.0,,,4,2,3,1,3
202100013899,2021-10-10 23:25:00,2021,10,10,23,25,94,94071,Rue Maurice Berteaux,48.77261,2.51922,Nuit avec éclairage allumé,En agglomération,Hors intersection,Normale,Autre collision,3,2,2,0,2,1,1,8,1,30,,1,0,0,0,1,70.0,,,,5,2,1,1,6
202100013900,2021-10-11 16:00:00,2021,10,11,16,0,93,93078,GARE (AVENUE DE LA),48.9457,2.56463,Plein jour,En agglomération,Hors intersection,Normale,Trois véhicules et plus - collisions multiples,4,1,1,0,1,1,1,0,1,50,,3,2,0,0,1,41.0,81.0,,,1,2,1,1,5
202100013901,2021-10-11 09:30:00,2021,10,11,9,30,93,93073,PASTEUR (AVENUE),48.94163,2.5751,Plein jour,En agglomération,Hors intersection,Normale,Autre collision,4,1,1,0,1,1,1,0,1,30,,2,1,0,0,1,24.0,,,,1,2,1,1,6
202100013902,2021-10-11 17:00:00,2021,10,11,17,0,93,93071,SAVIGNY (CHEMIN DE),48.93897,2.53871,Plein jour,En agglomération,Intersection en X,Normale,Deux véhicules - côté,4,2,8,0,1,1,1,0,1,50,,2,1,0,0,1,32.0,16.0,,,1,2,2,1,3
202100013903,2021-10-11 19:50:00,2021,10,11,19,50,93,93077,BOURDONNAIS (AVENUE DE LA),48.88214,2.52315,Nuit avec éclairage allumé,En agglomération,Intersection en T,Normale,Deux véhicules - côté,3,2,0,0,1,1,1,0,1,50,,2,1,0,0,1,,25.0,,,5,2,3,1,3
202100013904,2021-10-11 16:35:00,2021,10,11,16,35,93,93053,PARC (RUE DU),48.89359,2.44419,Plein jour,En agglomération,Hors intersection,Normale,Deux véhicules - frontale,3,1,4,3,1,1,1,0,1,50,,2,1,0,1,0,27.0,,,,1,2,1,1,1
202100013905,2021-10-11 13:00:00,2021,10,11,13,0,93,93048,FRANKLIN (RUE),48.8617517992,2.4437068307,Plein jour,En agglomération,Hors intersection,Normale,Deux véhicules - côté,4,2,2,0,1,1,1,0,1,50,,2,1,0,0,1,39.0,23.0,,,1,2,1,1,3
202100013906,2021-10-11 09:00:00,2021,10,11,9,0,93,93031,SAINT LEU (ROUTE),48.94894,2.34213,Plein jour,En agglomération,Intersection en X,Normale,Deux véhicules - côté,3,1,2,0,1,1,1,0,1,50,,2,1,0,0,1,30.0,33.0,,,1,2,2,1,3
202100013907,2021-10-10 23:20:00,2021,10,10,23,20,93,93031,JEAN JAURES (AVENUE),48.9544781896,2.3176592588,Nuit avec éclairage allumé,En agglomération,Intersection en X,Normale,Deux véhicules - côté,3,2,2,0,1,1,1,0,1,50,,2,1,0,0,1,32.0,21.0,,,5,2,2,1,3
202100013908,2021-10-11 19:11:00,2021,10,11,19,11,92,92064,CAMP CANADIEN,48.852899,2.205848,Nuit avec éclairage allumé,En agglomération,Intersection en T,Normale,Deux véhicules - frontale,3,-1,2,0,1,1,1,0,1,50,,2,1,0,0,1,58.0,52.0,,,5,2,3,1,1
202100013909,2021-10-11 07:00:00,2021,10,11,7,0,92,92036,LOUISE MICHEL (IMPAIRS),48.9226621335,2.3205882311,Crépuscule ou aube,En agglomération,Intersection en T,Normale,Sans collision,3,2,2,0,1,1,1,0,1,50,,1,0,0,0,1,38.0,,,,2,2,3,1,7
202100013910,2021-10-09 17:30:00,2021,10,9,17,30,92,92036,PRINCIPALE DU PORT (ROUTE) (1/17),48.93951019,2.2862264514,Plein jour,En agglomération,Hors intersection,Normale,Deux véhicules - arrière,4,3,4,0,1,1,1,0,1,50,,5,0,0,0,5,40.0,61.0,,,1,2,1,1,2
202100013911,2021-10-11 12:50:00,2021,10,11,12,50,92,92026,MARECHAL JOFFRE (QUAI DU),48.8990651614,2.2706079483,Plein jour,En agglomération,Hors intersection,Normale,Sans collision,3,1,2,0,1,1,1,2,1,70,,1,0,0,0,1,32.0,,,,1,2,1,1,7
202100013912,2021-10-11 16:20:00,2021,10,11,16,20,92,92012,QUATRE SEPTEMBRE (QUAI DU),48.8528267195,2.2264078259,Plein jour,En agglomération,Intersection en T,Temps couvert,Deux véhicules - arrière,3,3,4,0,1,1,1,0,1,50,,3,2,0,0,1,28.0,34.0,,,1,2,3,8,2
202100013913,2021-10-11 18:10:00,2021,10,11,18,10,65,65429,D935,43.484563,0.017509,Plein jour,Hors agglomération,Hors intersection,Normale,Deux véhicules - arrière,3,2,2,0,2,2,1,0,1,90,,2,1,0,1,0,34.0,54.0,,,1,1,1,1,2
202100013914,2021-10-05 16:25:00,2021,10,5,16,25,47,47048,Avenue de la Prune,44.538519,0.617675,Plein jour,En agglomération,Intersection en Y,Normale,Deux véhicules - frontale,3,2,2,0,2,1,1,0,1,50,,3,2,0,1,0,51.0,49.0,,,1,2,4,1,1
202100013915,2021-10-11 17:40:00,2021,10,11,17,40,38,38157,Rue de l Europe,45.516869,4.958777,Plein jour,En agglomération,Hors intersection,Normale,Deux véhicules - côté,4,2,2,0,1,1,1,0,1,50,,2,1,0,1,0,42.0,,,,1,2,1,1,3
202100013916,2021-10-12 07:45:00,2021,10,12,7,45,38,38353,D37b,45.414557,4.750301,Plein jour,Hors agglomération,Hors intersection,Temps couvert,Autre collision,3,2,2,0,1,3,1,0,1,80,,3,2,0,1,0,48.0,33.0,,,1,1,1,8,6
202100013917,2021-10-12 12:30:00,2021,10,12,12,30,36,36034,15 Rue du Pont,47.256383,1.654652,Plein jour,En agglomération,Hors intersection,Normale,Autre collision,3,2,2,0,1,1,1,0,1,50,,2,1,0,1,0,68.0,,,,1,2,1,1,6
202100013918,2021-10-11 08:05:00,2021,10,11,8,5,31,31389,Route de Lavaur,43.643863,1.518259,Plein jour,En agglomération,Hors intersection,Normale,Autre collision,7,2,2,0,1,1,1,0,1,50,,2,1,0,1,0,60.0,,,,1,2,1,1,6
202100013919,2021-10-11 19:50:00,2021,10,11,19,50,11,11203,CD11,43.230321,2.795463,Nuit sans éclairage public,Hors agglomération,Intersection en X,Normale,Deux véhicules - côté,3,2,2,0,1,1,1,0,1,-1,,2,1,0,1,0,17.0,35.0,,,3,1,2,1,3
202100013920,2021-10-11 14:10:00,2021,10,11,14,10,84,84038,D973,43.778291,5.109244,Plein jour,Hors agglomération,Hors intersection,Normale,Deux véhicules - côté,3,2,2,0,1,3,1,0,1,80,,2,1,0,1,0,36.0,54.0,,,1,1,1,1,3
202100013921,2021-10-12 19:30:00,2021,10,12,19,30,85,85215,Avenue de Bretagne,46.858826,-1.184131,Nuit avec éclairage allumé,En agglomération,Intersection en T,Normale,Deux véhicules - côté,3,2,2,1,1,1,1,5,1,50,,2,1,0,1,0,56.0,15.0,,,5,2,3,1,3
202100013922,2021-10-10 07:15:00,2021,10,10,7,15,44,44052,RN 165 - PK 080+000,47.338008,-2.11195,Nuit sans éclairage public,Hors agglomération,Hors intersection,Normale,Deux véhicules - arrière,2,3,4,0,1,1,1,0,1,90,,2,1,0,1,0,44.0,23.0,,,3,1,1,1,2
202100013923,2021-10-11 08:07:00,2021,10,11,8,7,30,30226,RN 86,44.235822,4.637454,Plein jour,Hors agglomération,Hors intersection,Normale,Trois véhicules et plus - collisions multiples,2,2,2,0,1,1,1,0,1,80,,3,1,0,1,1,32.0,48.0,,,1,1,1,1,5
202100013924,2021-10-12 07:35:00,2021,10,12,7,35,62,62302,D131 E3,50.591622,1.9817,Nuit sans éclairage public,Hors agglomération,Hors intersection,Brouillard / fumée,Deux véhicules - frontale,3,2,2,0,1,2,1,0,1,80,,2,1,0,1,0,34.0,52.0,,,3,1,1,5,1
202100013925,2021-10-11 00:00:00,2021,10,11,0,0,40,40200,Avenue Antoine Duluc,44.410769,-0.75266,Nuit sans éclairage public,Hors agglomération,Hors intersection,Normale,Autre collision,3,2,2,0,2,1,1,2,1,-1,,3,0,0,0,3,41.0,,,,3,1,1,1,6
202100013926,2021-10-11 04:30:00,2021,10,11,4,30,57,57197,Rue de Nancy,49.061523,6.984478,Nuit sans éclairage public,Hors agglomération,Autre intersection,Brouillard / fumée,Autre collision,3,2,2,0,1,1,1,0,1,70,,1,0,0,1,0,60.0,,,,3,1,9,5,6
202100013927,2021-10-06 18:45:00,2021,10,6,18,45,57,57374,Rue de la 2e Db,48.608777,7.032913,Nuit sans éclairage public,Hors agglomération,Hors intersection,Pluie forte,Autre collision,3,2,1,0,1,3,2,0,1,80,,1,0,0,1,0,25.0,,,,3,1,1,3,6
202100013928,2021-10-12 09:40:00,2021,10,12,9,40,51,51492,D440,48.5573857665,3.7802356482,Plein jour,Hors agglomération,Intersection en T,Normale,Deux véhicules - côté,3,2,2,0,1,1,1,0,1,70,,2,1,0,1,0,27.0,75.0,,,1,1,3,1,3
202100013929,2021-10-12 08:15:00,2021,10,12,8,15,76,76591,Route de Gournay,49.451674,1.210207,Plein jour,Hors agglomération,Intersection en X,Normale,Deux véhicules - côté,2,2,2,0,1,1,1,0,1,80,,2,1,0,0,1,27.0,36.0,,,1,1,2,1,3
202100013930,2021-10-08 20:15:00,2021,10,8,20,15,33,33123,Berniard,45.09508,-0.437817,Nuit avec éclairage non allumé,Hors agglomération,Intersection en X,Normale,Deux véhicules - frontale,3,2,2,0,1,1,1,0,1,50,,5,2,0,1,2,35.0,18.0,,,4,1,2,1,1
202100013931,2021-08-28 16:00:00,2021,8,28,16,0,61,61411,D931,48.451155,0.473662,Plein jour,En agglomération,Intersection en X,Normale,Deux véhicules - arrière,3,2,2,0,1,1,1,0,1,50,,2,1,0,1,0,69.0,94.0,,,1,2,2,1,2
202100013932,2021-10-08 18:28:00,2021,10,8,18,28,47,47069,D813,44.221999,0.560067,Crépuscule ou aube,En agglomération,Intersection en Y,Normale,Autre collision,3,2,2,0,1,1,1,0,4,50,,2,1,0,0,1,35.0,,,,2,2,4,1,6
202100013933,2021-10-11 16:30:00,2021,10,11,16,30,39,39035,,46.452036,5.333648,Plein jour,Hors agglomération,Hors intersection,Normale,Autre collision,9,2,2,0,4,3,1,9,3,80,,1,0,0,1,0,20.0,,,,1,1,1,1,6
202100013934,2021-10-11 07:55:00,2021,10,11,7,55,35,35243,Rue Nationale,48.341027,-1.278241,Crépuscule ou aube,En agglomération,Hors intersection,Brouillard / fumée,Deux véhicules - côté,3,3,2,0,1,1,1,0,1,50,,2,1,0,1,0,30.0,16.0,,,2,2,1,5,3
202100013935,2021-10-12 14:30:00,2021,10,12,14,30,29,29220,Rue du Petit Train,47.866413,-4.229304,Plein jour,En agglomération,Giratoire,Normale,Deux véhicules - côté,4,2,1,0,1,3,1,0,1,30,,2,1,0,0,1,28.0,71.0,,,1,2,6,1,3
202100013936,2021-10-12 12:30:00,2021,10,12,12,30,02,02648,41 rue condorcet,49.795346,3.458695,Plein jour,En agglomération,Hors intersection,Normale,Autre collision,3,2,2,0,2,1,1,0,1,50,,2,1,0,1,0,24.0,,,,1,2,1,1,6
202100013937,2021-10-12 01:30:00,2021,10,12,1,30,26,26159, 395 Route de Gap,44.715789,5.400632,Nuit sans éclairage public,Hors agglomération,Hors intersection,Normale,Sans collision,3,2,2,0,1,2,1,0,1,80,,1,0,0,0,1,24.0,,,,3,1,1,1,7
202100013938,2021-10-10 15:25:00,2021,10,10,15,25,05,05168,D219,44.485607,5.942466,Plein jour,Hors agglomération,Hors intersection,Normale,Sans collision,3,2,2,0,2,1,1,0,1,80,,1,0,0,1,0,18.0,,,,1,1,1,1,7
202100013939,2021-10-12 14:19:00,2021,10,12,14,19,60,60509,D1017,49.3010211509,2.6044335364,Plein jour,En agglomération,Intersection en T,Normale,Deux véhicules - côté,3,2,2,1,1,1,1,0,1,50,,2,1,0,0,1,67.0,59.0,,,1,2,3,1,3
202100013940,2021-10-09 14:00:00,2021,10,9,14,0,45,45008,D620,48.084042,1.86729,Plein jour,Hors agglomération,Hors intersection,Normale,Deux véhicules - frontale,3,2,2,0,1,2,1,0,1,70,,2,1,0,1,0,43.0,65.0,,,1,1,1,1,1
202100013941,2021-10-09 15:50:00,2021,10,9,15,50,73,73105,D1006 - 2853 Route de Lyon,45.464812,5.736656,Plein jour,Hors agglomération,Hors intersection,Normale,Deux véhicules - côté,3,2,2,0,1,1,1,0,1,80,,2,0,0,1,1,41.0,36.0,,,1,1,1,1,3
202100013942,2021-10-09 14:50:00,2021,10,9,14,50,18,18271,Route de Saint-Éloy-de-Gy,47.150034,2.372759,Plein jour,Hors agglomération,Intersection en X,Normale,Deux véhicules - côté,4,2,2,0,1,3,1,0,1,80,,2,0,0,1,1,16.0,62.0,,,1,1,2,1,3
202100013943,2021-10-12 11:30:00,2021,10,12,11,30,43,43135,Route départementale 535,44.953619,3.986492,Plein jour,Hors agglomération,Hors intersection,Normale,Deux véhicules - frontale,3,2,2,0,2,3,1,0,1,80,,2,1,1,0,0,87.0,71.0,,,1,1,1,1,1
202100013944,2021-10-10 20:00:00,2021,10,10,20,0,16,16074,D24,45.44073,-0.086635,Nuit sans éclairage public,Hors agglomération,Hors intersection,Normale,Autre collision,3,2,2,0,1,1,1,0,8,90,,2,0,0,2,0,37.0,,,,3,1,1,1,6
202100013945,2021-10-11 03:00:00,2021,10,11,3,0,40,40310,D79,43.748824,-1.402366,Nuit sans éclairage public,Hors agglomération,Autre intersection,Normale,Deux véhicules - frontale,3,2,2,1,1,1,1,0,3,80,,1,0,1,0,0,21.0,,,,3,1,9,1,1
202100013946,2021-10-09 00:30:00,2021,10,9,0,30,40,40062,CD 38,43.915856,-0.580323,Nuit sans éclairage public,Hors agglomération,Hors intersection,Normale,Deux véhicules - frontale,3,2,2,0,1,2,1,0,3,80,,1,0,0,1,0,25.0,,,,3,1,1,1,1
202100013947,2021-10-10 18:20:00,2021,10,10,18,20,48,48045,Axe n°1 RN88 Axe n°2 voie communale,44.659411,3.752861,Crépuscule ou aube,Hors agglomération,Intersection en T,Normale,Deux véhicules - côté,2,2,2,0,1,1,1,0,1,80,,2,1,0,0,1,84.0,56.0,,,2,1,3,1,3
202100013948,2021-10-10 19:45:00,2021,10,10,19,45,52,52529,D974,47.722513,5.300978,Nuit avec éclairage allumé,Hors agglomération,Intersection en X,Normale,Deux véhicules - côté,3,2,2,0,1,1,1,0,1,90,,2,1,0,1,0,26.0,63.0,,,5,1,2,1,3
202100013949,2021-10-12 03:50:00,2021,10,12,3,50,46,46290,A20 PK 321.200,44.769158,1.539257,Nuit sans éclairage public,Hors agglomération,Hors intersection,Normale,Deux véhicules - arrière,1,3,4,0,1,1,1,0,1,130,,5,3,0,1,1,34.0,56.0,,,3,1,1,1,2
202100013950,2021-10-11 13:00:00,2021,10,11,13,0,67,67194,"A.35, sens STRASBOURG-LAUTERBOURG, P.K. 236+650",48.7172667003,7.8753197193,Plein jour,Hors agglomération,Hors intersection,Normale,Deux véhicules - arrière,1,3,4,0,1,1,1,0,1,130,,2,1,0,1,0,34.0,29.0,,,1,1,1,1,2
202100013951,2021-10-11 20:15:00,2021,10,11,20,15,978,97801,Intersection Impasse des Barry / RN7,18.0701,-63.034645,Nuit avec éclairage allumé,En agglomération,Hors intersection,Normale,Deux véhicules - frontale,2,2,2,0,1,1,1,0,1,50,,2,1,0,0,1,,19.0,,,5,2,1,1,1
202100013952,2021-10-10 22:55:00,2021,10,10,22,55,67,67506,Autoroute A4,48.684841,7.730255,Nuit sans éclairage public,Hors agglomération,Hors intersection,Normale,Autre collision,1,3,4,0,1,1,1,0,2,90,,1,0,0,0,1,24.0,,,,3,1,1,1,6
202100013953,2021-10-11 11:55:00,2021,10,11,11,55,57,57614,"N4, point routier 030+000",48.756684,7.206999,Plein jour,Hors agglomération,Hors intersection,Normale,Deux véhicules - côté,2,3,4,0,2,3,1,0,1,110,,3,1,0,1,1,82.0,57.0,,,1,1,1,1,3
202100013954,2021-10-10 15:35:00,2021,10,10,15,35,976,97604,ccd4,-12.947087,45.100497,Plein jour,En agglomération,Hors intersection,Normale,Deux véhicules - frontale,3,2,2,0,2,3,1,0,1,-1,,3,1,0,0,2,20.0,42.0,,,1,2,1,1,1
202100013955,2021-10-12 15:40:00,2021,10,12,15,40,01,01004,70 Avenue de la Liberation,45.96814,5.339313,Plein jour,En agglomération,Autre intersection,Normale,Deux véhicules - frontale,4,2,2,0,1,1,1,0,1,50,,4,1,0,0,3,28.0,51.0,,,1,2,9,1,1
202100013956,2021-10-10 01:00:00,2021,10,10,1,0,987,98731,"RT 425, après le belvédère Tekeika.",-8.885983,-140.116303,Nuit sans éclairage public,Hors agglomération,Hors intersection,Normale,Sans collision,3,2,2,0,2,1,1,0,1,60,,3,0,0,1,2,24.0,,,,3,1,1,1,7
202100013957,2021-10-04 17:10:00,2021,10,4,17,10,971,97117,Rue Amedee Fengarol,16.332028,-61.349625,Plein jour,En agglomération,Hors intersection,Normale,Sans collision,9,1,2,0,1,1,1,0,1,30,,1,0,0,1,0,17.0,,,,1,2,1,1,7
202100013958,2021-10-10 11:29:00,2021,10,10,11,29,77,77203,D17,48.983935,2.970825,Plein jour,Hors agglomération,Hors intersection,Normale,Deux véhicules - arrière,3,2,2,0,1,1,1,0,1,80,,2,1,0,0,1,21.0,80.0,,,1,1,1,1,2
202100013959,2021-10-12 13:45:00,2021,10,12,13,45,66,66164,chemin de tuchan,42.782772,2.874706,Plein jour,En agglomération,Hors intersection,Normale,Autre collision,4,2,1,0,1,3,1,0,1,80,,1,0,0,1,0,62.0,,,,1,2,1,1,6
202100013960,2021-10-12 13:10:00,2021,10,12,13,10,21,21038,Avenue du General de Gaulle,47.188925,5.396765,Plein jour,En agglomération,Intersection en X,Temps couvert,Deux véhicules - côté,3,2,2,1,1,1,1,0,1,50,,2,1,0,1,0,39.0,36.0,,,1,2,2,8,3
202100013961,2021-10-11 18:05:00,2021,10,11,18,5,69,69059,VALLEE (DE LA) (RTE),45.857836,4.710966,Plein jour,En agglomération,Hors intersection,Temps éblouissant,Autre collision,3,2,2,0,1,1,1,9,1,50,,2,1,0,1,0,53.0,,,,1,2,1,7,6
202100013962,2021-10-11 06:20:00,2021,10,11,6,20,60,60213,RD 922,49.124591,2.701848,Nuit sans éclairage public,Hors agglomération,Intersection en T,Normale,Autre collision,3,-1,2,0,2,1,1,5,1,80,,2,1,0,0,1,50.0,48.0,,,3,1,3,1,6
202100013963,2021-10-11 13:50:00,2021,10,11,13,50,62,62014,Route Departementale 943,50.653429,2.394676,Plein jour,En agglomération,Hors intersection,Normale,Autre collision,3,2,2,0,1,1,1,0,1,70,,3,2,0,1,0,41.0,49.0,,,1,2,1,1,6
202100013964,2021-10-12 08:45:00,2021,10,12,8,45,62,62474,rue du merle blanc,50.675785,1.649314,Plein jour,En agglomération,Intersection en X,Temps éblouissant,Autre collision,3,2,2,0,1,1,1,0,1,50,,2,1,0,1,0,22.0,,,,1,2,2,7,6
202100013965,2021-10-11 08:20:00,2021,10,11,8,20,33,33192,ROCADE A 630,44.78981,-0.61506,Plein jour,Hors agglomération,Hors intersection,Normale,Trois véhicules et plus - collisions multiples,1,3,8,0,1,1,1,0,1,90,,3,2,0,0,1,39.0,44.0,,,1,1,1,1,5
202100013966,2021-10-11 08:00:00,2021,10,11,8,0,33,33039,Rocade Sud Est A630,44.7914,-0.54044,Plein jour,Hors agglomération,Hors intersection,Normale,Deux véhicules - côté,1,3,6,0,1,1,1,0,1,90,,3,2,0,0,1,57.0,24.0,,,1,1,1,1,3
202100013967,2021-10-08 17:50:00,2021,10,8,17,50,62,62274,AUTOROUTE A21,50.429915,2.969514,Plein jour,Hors agglomération,Hors intersection,Normale,Deux véhicules - arrière,1,3,4,0,1,1,1,0,1,110,,2,1,0,0,1,58.0,49.0,,,1,1,1,1,2
202100013968,2021-10-11 10:45:00,2021,10,11,10,45,91,91534,RN 118,48.72261,2.16834,Plein jour,Hors agglomération,Hors intersection,Normale,Deux véhicules - arrière,2,1,2,0,1,1,1,9,1,110,,3,0,0,0,3,47.0,84.0,,,1,1,1,1,2
202100013969,2021-10-11 07:00:00,2021,10,11,7,0,91,91377,AUTOROUTE A10,48.71769,2.29166,Crépuscule ou aube,Hors agglomération,Hors intersection,Normale,Sans collision,1,2,6,0,1,1,1,0,1,90,,1,0,0,0,1,26.0,,,,2,1,1,1,7
202100013970,2021-09-26 00:10:00,2021,9,26,0,10,92,92002,AUTOROUTE A10,48.7322167656,2.3110771179,Nuit sans éclairage public,Hors agglomération,Hors intersection,Normale,Autre collision,1,1,4,0,1,1,1,0,1,110,,4,0,0,0,4,33.0,,,,3,1,1,1,6
202100013971,2021-10-10 21:50:00,2021,10,10,21,50,78,78646,RN12,48.79092,2.10767,Nuit sans éclairage public,Hors agglomération,Autre intersection,Normale,Deux véhicules - arrière,2,1,2,0,1,1,1,3,1,110,,4,3,0,0,1,73.0,45.0,,,3,1,9,1,2
202100013972,2021-10-10 19:35:00,2021,10,10,19,35,78,78646,RN12,48.78897,2.131708,Nuit sans éclairage public,Hors agglomération,Hors intersection,Normale,Deux véhicules - côté,2,3,3,0,1,1,1,0,1,110,,2,1,0,0,1,35.0,54.0,,,3,1,1,1,3
202100013973,2021-10-10 08:10:00,2021,10,10,8,10,78,78291,A13,48.96551,1.750828,Plein jour,Hors agglomération,Hors intersection,Normale,Deux véhicules - arrière,1,3,3,0,1,1,1,0,1,110,,2,1,0,0,1,36.0,,,,1,1,1,1,2
202100013974,2021-10-11 00:25:00,2021,10,11,0,25,94,94017,A4,48.8302582522,2.4893581867,Nuit sans éclairage public,Hors agglomération,Hors intersection,Normale,Autre collision,1,-1,2,0,4,3,1,3,1,50,,1,0,0,0,1,21.0,,,,3,1,1,1,6
202100013975,2021-10-10 22:45:00,2021,10,10,22,45,75,75112,A4,48.8233480941,2.4628150463,Nuit sans éclairage public,Hors agglomération,Hors intersection,Normale,Autre collision,1,1,4,0,1,1,1,0,1,90,,3,1,0,0,2,24.0,31.0,,,3,1,1,1,6
202100013976,2021-04-25 06:50:00,2021,4,25,6,50,13,13001,CARNOT (BD),43.52568,5.45507,Crépuscule ou aube,En agglomération,Hors intersection,Normale,Deux véhicules - frontale,4,1,3,3,2,2,1,6,4,50,,4,0,1,3,0,22.0,,,,2,2,1,1,1