accident_id,datetime,annee,mois,jour,heure,minute,departement,commune_insee,adresse,latitude,longitude,luminosite,agglomeration,intersection,meteo,collision,catr,circ,nbv,vosp,prof,plan,surf,infra,situ,vma,nb_vehicules,nb_usagers,nb_indemnes,nb_tues,nb_blesses_hosp,nb_blesses_legers,age_cond_1,age_cond_2,veh_type_cond_1,veh_type_cond_2,lum_code,agg_code,int_code,atm_code,col_code
202100013977,2021-05-26 13:40:00,2021,5,26,13,40,78,78498,DEVAUX BD,48.93,2.04406,Plein jour,En agglomération,Intersection en X,Pluie légère,Deux véhicules - côté,4,2,3,0,1,1,2,5,1,50,,2,1,0,0,1,29.0,32.0,,,1,2,2,2,3
202100013978,2021-05-28 14:40:00,2021,5,28,14,40,32,32013,AIME CESAIRE(RUE),43.66553,0.61622,Plein jour,En agglomération,Hors intersection,Normale,Deux véhicules - frontale,4,2,2,-1,1,1,1,0,1,-1,,2,1,0,0,1,70.0,28.0,,,1,2,1,1,1
202100013979,2021-10-09 15:55:00,2021,10,9,15,55,30,30007,MAS D'HOURS (QUAI DU),44.1189,4.0943,Plein jour,En agglomération,Hors intersection,Normale,Deux véhicules - frontale,4,2,2,0,1,1,1,0,1,50,,2,1,0,1,0,28.0,36.0,,,1,2,1,1,1
202100013980,2021-10-10 22:15:00,2021,10,10,22,15,974,97411,ANANAS (ROUTE DES),-20.91923,55.48291,Nuit avec éclairage allumé,Hors agglomération,Passage à niveau,Normale,Deux véhicules - côté,4,2,2,0,2,1,1,0,1,50,,4,2,0,1,1,18.0,22.0,,,5,1,8,1,3
202100013981,2021-10-10 20:25:00,2021,10,10,20,25,69,69259,IRENE JOLIOT CURIE (BD),45.71136,4.88165,Nuit avec éclairage allumé,En agglomération,Intersection en X,Normale,Deux véhicules - côté,7,2,2,3,1,1,1,0,1,50,,4,1,0,0,3,27.0,21.0,,,5,2,2,1,3
202100013982,2021-10-10 13:20:00,2021,10,10,13,20,69,69388,VILLON (R),45.7464036658,4.8668628931,Plein jour,En agglomération,Hors intersection,Normale,Deux véhicules - côté,4,1,1,0,1,1,1,0,1,50,,2,1,0,0,1,22.0,20.0,,,1,2,1,1,3
202100013983,2021-10-10 09:35:00,2021,10,10,9,35,972,97213,ROUTE DEPARTEMENTALE 13,14.63443,-61.0182,Plein jour,En agglomération,Intersection en T,Pluie forte,Autre collision,3,2,2,0,1,1,3,0,1,50,,1,0,0,0,1,77.0,,,,1,2,3,3,6
202100013984,2021-09-26 10:00:00,2021,9,26,10,0,972,97209,JEAN JAURES (AVENUE),14.60809,-61.06982,Plein jour,En agglomération,Intersection en T,Normale,Deux véhicules - côté,4,1,1,0,1,1,1,0,1,30,,2,1,0,0,1,57.0,41.0,,,1,2,3,1,3
202100013985,2021-09-16 12:30:00,2021,9,16,12,30,972,97209,LEOPOLD BISSOL (BOULEVARD),14.608,-61.0695,Plein jour,Hors agglomération,Hors intersection,Normale,Sans collision,2,2,2,0,2,2,1,0,1,30,,1,0,0,1,0,24.0,,,,1,1,1,1,7
202100013986,2021-10-10 13:05:00,2021,10,10,13,5,69,69149,GRANDE RUE,45.71237,4.80332,Plein jour,En agglomération,Intersection en T,Normale,Deux véhicules - frontale,7,2,2,0,2,1,1,0,1,30,,3,2,0,0,1,42.0,19.0,,,1,2,3,1,1
202100013987,2021-10-09 07:20:00,2021,10,9,7,20,69,69286,GENEVE (DE) (RTE),45.80801,4.91587,Crépuscule ou aube,En agglomération,Hors intersection,Temps couvert,Trois véhicules et plus - collisions multiples,7,2,2,2,2,1,1,0,1,50,,3,2,0,0,1,31.0,27.0,,,2,2,1,8,5
202100013988,2021-10-09 12:45:00,2021,10,9,12,45,91,91589,RUE DE MORSANG,48.67227,2.35419,Plein jour,En agglomération,Autre intersection,Normale,Autre collision,4,2,0,0,1,4,1,9,8,5,,2,1,0,0,1,41.0,,,,1,2,9,1,6
202100013989,2021-10-10 03:15:00,2021,10,10,3,15,81,81065,PERAUDEL (RUE),43.60771,2.24942,Nuit avec éclairage allumé,En agglomération,Hors intersection,Normale,Autre collision,4,1,1,0,2,1,1,0,4,50,,2,0,0,1,1,20.0,,,,5,2,1,1,6
202100013990,2021-10-09 05:45:00,2021,10,9,5,45,79,79329,3 Rue Jean Devaux,46.992284,-0.19964,Nuit avec éclairage allumé,En agglomération,Autre intersection,Normale,Deux véhicules - côté,4,2,2,0,1,2,1,0,1,50,,2,1,0,0,1,24.0,38.0,,,5,2,9,1,3
202100013991,2021-10-10 10:20:00,2021,10,10,10,20,78,78551,SCHNAPPER,48.89038,2.08811,Plein jour,En agglomération,Hors intersection,Normale,Autre collision,4,2,1,0,2,1,1,0,1,50,,2,1,0,0,1,,,,,1,2,1,1,6
202100013992,2021-10-09 20:10:00,2021,10,9,20,10,76,76259,BERIGNY (QUAI),49.7600797515,0.3694863617,Nuit avec éclairage allumé,En agglomération,Autre intersection,Normale,Autre collision,3,3,2,2,1,1,1,0,1,50,,2,1,0,0,1,19.0,,,,5,2,9,1,6
202100013993,2021-10-09 18:50:00,2021,10,9,18,50,76,76217,AVENUE JEAN JAURES,49.915051727,1.0747497529,Plein jour,En agglomération,Intersection en X,Normale,Deux véhicules - côté,3,2,-1,-1,1,1,1,0,1,-1,,2,1,0,0,1,28.0,57.0,,,1,2,2,1,3
202100013994,2021-10-09 19:08:00,2021,10,9,19,8,67,67462,CHATEAUX (CARREFOUR LES),48.26314,7.441,Nuit avec éclairage allumé,En agglomération,Autre intersection,Normale,Deux véhicules - côté,3,2,10,0,1,1,1,5,1,50,,3,2,0,1,0,19.0,61.0,,,5,2,9,1,3
202100013995,2021-10-10 16:50:00,2021,10,10,16,50,59,59017,LECLERC (RUE DU GENERAL ),50.68324,2.88756,Plein jour,En agglomération,Hors intersection,Normale,Autre collision,4,2,2,0,1,1,1,0,1,50,,2,1,0,0,1,50.0,37.0,,,1,2,1,1,6
202100013996,2021-10-10 04:25:00,2021,10,10,4,25,59,59431,BAILLEUL (RUE DE),50.713129,2.818968,Nuit avec éclairage allumé,En agglomération,Giratoire,Brouillard / fumée,Autre collision,3,1,2,0,1,4,1,9,4,50,,1,0,0,1,0,49.0,,,,5,2,6,5,6
202100013997,2021-10-10 02:30:00,2021,10,10,2,30,46,46042,LOUIS-PHILIPPE (PONT),44.442666,1.442388,Nuit avec éclairage allumé,En agglomération,Hors intersection,Normale,Sans collision,3,2,2,0,1,1,1,2,4,50,,2,0,0,0,2,24.0,,,,5,2,1,1,7
202100013998,2021-10-10 23:25:00,2021,10,10,23,25,44,44162,RUE PIERRE BLARD,47.21202,-1.65516,Nuit avec éclairage allumé,En agglomération,Hors intersection,Normale,Deux véhicules - côté,4,4,0,0,1,1,1,0,1,50,,2,1,0,1,0,31.0,,,,5,2,1,1,3
202100013999,2021-10-10 07:15:00,2021,10,10,7,15,34,34198,D66  VOIE RAPIDE,43.57689,3.9485,Nuit sans éclairage public,Hors agglomération,Hors intersection,Normale,Deux véhicules - frontale,7,1,2,0,1,1,1,0,1,90,,6,0,0,6,0,25.0,24.0,,,3,1,1,1,1
202100014000,2021-10-10 18:20:00,2021,10,10,18,20,33,33119,Rue Fernand Favre,44.85441,-0.53539,Plein jour,En agglomération,Hors intersection,Normale,Autre collision,4,1,1,0,1,1,1,0,1,50,,2,1,0,0,1,26.0,,,,1,2,1,1,6
202100014001,2021-10-10 20:00:00,2021,10,10,20,0,31,31557,DOUMERGUE (RUE GASTON),43.58845,1.35882,Nuit avec éclairage allumé,En agglomération,Autre intersection,Normale,Deux véhicules - côté,7,2,3,1,1,1,1,5,1,50,,2,1,0,0,1,20.0,28.0,,,5,2,9,1,3
202100014002,2021-10-09 00:00:00,2021,10,9,0,0,31,31555,DEMOISELLES (ALL DES) DU 2AU 80,43.59101,1.45267,Nuit avec éclairage allumé,En agglomération,Hors intersection,Normale,Deux véhicules - frontale,4,1,2,0,1,1,1,0,1,50,,3,2,0,0,1,52.0,,,,5,2,1,1,1
202100014003,2021-10-10 18:00:00,2021,10,10,18,0,25,25056,CAUSSES RUE DES,47.21793,5.96477,Plein jour,En agglomération,Giratoire,Normale,Deux véhicules - côté,4,-1,1,1,1,3,1,0,5,30,,2,1,0,0,1,48.0,65.0,,,1,2,6,1,3
202100014004,2021-10-09 17:20:00,2021,10,9,17,20,14,14118,STIRN (PONT ALEXANDRE),49.17942,-0.34905,Plein jour,En agglomération,Hors intersection,Normale,Deux véhicules - côté,4,1,4,1,1,1,1,2,8,50,,2,1,0,0,1,52.0,13.0,,,1,2,1,1,3
202100014005,2021-10-10 09:00:00,2021,10,10,9,0,13,13215,SAINT ANTOINE (AVENUE DE),43.38075,5.35758,Plein jour,En agglomération,Hors intersection,Normale,Deux véhicules - côté,4,2,2,0,1,1,1,0,1,50,,2,0,0,0,2,26.0,51.0,,,1,2,1,1,3
202100014006,2021-10-09 23:15:00,2021,10,9,23,15,13,13204,DE ROUX (BD ET IMPASSE),43.306,5.406,Nuit avec éclairage allumé,En agglomération,Hors intersection,Normale,Deux véhicules - arrière,4,2,2,0,2,1,1,0,1,50,,2,0,0,1,1,21.0,31.0,,,5,2,1,1,2
202100014007,2021-10-09 21:50:00,2021,10,9,21,50,13,13206,PRADO (AVENUE DU),43.283,5.384,Nuit avec éclairage allumé,En agglomération,Hors intersection,Normale,Deux véhicules - arrière,4,2,6,3,1,1,1,0,1,50,,3,2,0,0,1,36.0,23.0,,,5,2,1,1,2
202100014008,2021-10-10 13:00:00,2021,10,10,13,0,13,13001,PASCALIS PIERRE (CH),43.56168,5.46616,Plein jour,Hors agglomération,Hors intersection,Normale,Sans collision,4,2,2,0,1,3,1,0,8,50,,1,0,0,0,1,30.0,,,,1,1,1,1,7
202100014009,2021-10-10 09:22:00,2021,10,10,9,22,06,06088,TRACHEL (RUE),43.706175,7.260823,Plein jour,En agglomération,Intersection en X,Normale,Deux véhicules - côté,4,1,2,0,1,1,1,0,1,50,,3,1,0,0,2,,62.0,,,1,2,2,1,3
202100014010,2021-10-09 15:40:00,2021,10,9,15,40,06,06069,BASSES MOULIERES (CHEMIN DES),43.629378,6.925387,Plein jour,En agglomération,Intersection en X,Normale,Deux véhicules - côté,4,2,2,0,2,1,1,0,1,50,,2,1,0,0,1,19.0,21.0,,,1,2,2,1,3
202100014011,2021-10-09 23:30:00,2021,10,9,23,30,75,75120,PORTE DE VINCENNES,48.849145,2.41514,Nuit avec éclairage allumé,En agglomération,Intersection en Y,Normale,Deux véhicules - arrière,4,1,4,0,1,1,1,0,1,70,,2,1,0,0,1,32.0,32.0,,,5,2,4,1,2
202100014012,2021-10-10 08:13:00,2021,10,10,8,13,75,75116,BOULEVARD PERIPHERIQUE,48.835219,2.260359,Plein jour,En agglomération,Intersection en Y,Normale,Trois véhicules et plus - collisions multiples,4,1,4,0,1,1,1,0,1,70,,4,0,1,0,3,58.0,28.0,,,1,2,4,1,5
202100014013,2021-10-10 13:30:00,2021,10,10,13,30,75,75120,BOULEVARD DAVOUT,48.856284,2.409986,Plein jour,En agglomération,Intersection en Y,Normale,Deux véhicules - côté,4,3,2,0,1,1,1,0,1,30,,2,1,0,0,1,54.0,31.0,,,1,2,4,1,3
202100014014,2021-10-10 03:40:00,2021,10,10,3,40,75,75120,PLACE DE LA PORTE DE BAGNOLET,48.864618,2.409124,Nuit avec éclairage allumé,En agglomération,Place,Normale,Deux véhicules - côté,4,1,3,0,1,2,1,0,1,30,,2,1,0,0,1,19.0,,,,5,2,7,1,3
202100014015,2021-10-10 16:20:00,2021,10,10,16,20,75,75119,AVENUE CORENTIN CARIOU,48.895155,2.382776,Plein jour,En agglomération,Intersection en T,Normale,Deux véhicules - côté,4,2,3,0,1,1,1,0,1,30,,3,1,0,0,2,30.0,,,,1,2,3,1,3
202100014016,2021-10-10 00:30:00,2021,10,10,0,30,75,75118,BOULEVARD BARBES,48.883834,2.349481,Nuit avec éclairage allumé,En agglomération,Intersection en X,Normale,Autre collision,4,2,4,0,1,1,1,0,1,30,,2,1,0,0,1,28.0,,,,5,2,2,1,6
202100014017,2021-10-09 13:00:00,2021,10,9,13,0,75,75117,AVENUE DE VILLIERS,48.881973,2.313621,Plein jour,En agglomération,Intersection en X,Normale,Trois véhicules et plus - collisions multiples,4,2,2,0,1,1,1,0,1,30,,3,2,0,0,1,67.0,56.0,,,1,2,2,1,5
202100014018,2021-10-10 12:00:00,2021,10,10,12,0,75,75115,BOULEVARD DE GRENELLE,48.850533,2.293721,Plein jour,En agglomération,Hors intersection,Normale,Autre collision,4,3,2,0,1,1,1,0,1,50,,2,0,0,0,2,65.0,,,,1,2,1,1,6
202100014019,2021-10-09 10:45:00,2021,10,9,10,45,75,75113,BOULEVARD MASSENA,48.819285,2.36202,Plein jour,En agglomération,Intersection en X,Normale,Deux véhicules - côté,4,2,4,0,1,1,1,0,1,30,,2,1,0,0,1,50.0,44.0,,,1,2,2,1,3
202100014020,2021-10-10 15:50:00,2021,10,10,15,50,75,75108,BOULEVARD HAUSSMANN,48.87525,2.314786,Plein jour,En agglomération,Intersection en T,Normale,Deux véhicules - côté,4,2,5,0,1,1,1,0,1,30,,2,1,0,0,1,25.0,67.0,,,1,2,3,1,3
202100014021,2021-10-10 14:40:00,2021,10,10,14,40,75,75107,AVENUE DE LA BOURDONNAIS,48.856142,2.302455,Plein jour,En agglomération,Intersection en X,Normale,Deux véhicules - arrière,4,2,4,0,1,1,1,0,1,30,,2,1,0,0,1,34.0,67.0,,,1,2,2,1,2
202100014022,2021-10-10 15:48:00,2021,10,10,15,48,75,75102,AVENUE DE L OPERA,48.869343,2.332899,Plein jour,En agglomération,Intersection en T,Normale,Sans collision,4,2,4,0,1,1,1,0,1,30,,2,1,0,0,1,26.0,,,,1,2,3,1,7
202100014023,2021-10-10 03:19:00,2021,10,10,3,19,75,75103,PLACE DE LA REPUBLIQUE,48.867324,2.363367,Nuit avec éclairage allumé,En agglomération,Place,Normale,Sans collision,4,2,6,2,1,1,1,0,1,30,,1,0,0,0,1,52.0,,,,5,2,7,1,7
202100014024,2021-10-09 11:47:00,2021,10,9,11,47,75,75104,QUAI DE GESVRES,48.856743,2.348953,Plein jour,En agglomération,Intersection en X,Normale,Autre collision,4,1,2,0,1,1,1,0,1,50,,2,0,0,0,2,31.0,,,,1,2,2,1,6
202100014025,2021-10-10 11:30:00,2021,10,10,11,30,94,94058,Avenue du 11 Novembre,48.8468,2.49683,Plein jour,En agglomération,Intersection en X,Normale,Deux véhicules - côté,3,2,2,0,1,1,1,0,1,50,,2,1,0,0,1,83.0,39.0,,,1,2,2,1,3
202100014026,2021-10-10 03:15:00,2021,10,10,3,15,94,94046,JEAN JAURES (R),48.79,2.43,Nuit avec éclairage allumé,En agglomération,Hors intersection,Normale,Deux véhicules - frontale,3,2,4,0,2,2,1,0,4,50,,1,0,0,0,1,33.0,,,,5,2,1,1,1
202100014027,2021-10-09 17:30:00,2021,10,9,17,30,94,94078,Rue Francis Martin,48.73736,2.45249,Plein jour,En agglomération,Hors intersection,Normale,Trois véhicules et plus - en chaîne,4,2,2,0,1,1,1,0,1,50,,4,1,0,1,2,62.0,35.0,,,1,2,1,1,4
202100014028,2021-10-10 16:25:00,2021,10,10,16,25,93,93066,EL OUAFI HAMED BOUGERA,48.9227682089,2.3639904857,Plein jour,En agglomération,Hors intersection,Normale,Autre collision,4,2,4,0,1,1,1,0,1,50,,2,1,0,0,1,40.0,,,,1,2,1,1,6
202100014029,2021-10-10 16:00:00,2021,10,10,16,0,93,93066,"""BARBUSSE HENRI, NR 35 A 137""",48.9407920448,2.3718623187,Plein jour,En agglomération,Hors intersection,Normale,Autre collision,4,-1,2,0,1,1,1,0,1,50,,2,1,0,0,1,27.0,,,,1,2,1,1,6
202100014030,2021-10-10 14:00:00,2021,10,10,14,0,93,93027,SALENGRO (AVENUE ROGER),48.93344,2.38705,Plein jour,En agglomération,Hors intersection,Normale,Trois véhicules et plus - en chaîne,3,1,1,0,1,1,1,0,1,30,,5,2,0,0,3,43.0,42.0,,,1,2,1,1,4
202100014031,2021-10-10 01:10:00,2021,10,10,1,10,92,92012,VIEUX PONT DE SEVRES (RUE DU) - DEBUT/15,48.8309450662,2.2406664491,Nuit avec éclairage allumé,En agglomération,Autre intersection,Normale,Autre collision,4,1,1,0,1,1,1,0,1,30,,1,0,0,0,1,43.0,,,,5,2,9,1,6
202100014032,2021-10-10 00:20:00,2021,10,10,0,20,35,35333,"D173 , PK 20 + 550",47.911934,-1.404689,Nuit avec éclairage non allumé,Hors agglomération,Hors intersection,Brouillard / fumée,Autre collision,3,3,4,0,1,1,1,0,3,110,,1,0,1,0,0,18.0,,,,4,1,1,5,6
202100014033,2021-10-11 07:55:00,2021,10,11,7,55,57,57438,D1,49.179747,6.209829,Plein jour,Hors agglomération,Intersection en T,Brouillard / fumée,Deux véhicules - côté,3,2,2,0,1,1,2,5,1,80,,2,0,0,0,2,25.0,31.0,,,1,1,3,5,3
202100014034,2021-10-10 17:00:00,2021,10,10,17,0,62,62787,Rue de l Eglise,50.497698,1.877686,Plein jour,En agglomération,Intersection en T,Normale,Deux véhicules - frontale,3,2,2,0,1,1,1,0,1,50,,2,1,0,0,1,36.0,49.0,,,1,2,3,1,1
202100014035,2021-10-07 17:20:00,2021,10,7,17,20,01,01384,Avenue de l Europe,45.945879,5.435545,Plein jour,En agglomération,Autre intersection,Normale,Deux véhicules - frontale,3,2,2,0,1,1,1,0,1,50,,3,0,0,0,3,26.0,48.0,,,1,2,9,1,1
202100014036,2021-10-10 16:00:00,2021,10,10,16,0,81,81238,Avenue de la Méditerranée,43.475653,2.495334,Plein jour,En agglomération,Hors intersection,Normale,Deux véhicules - arrière,3,3,2,0,1,1,1,9,1,50,,4,3,0,1,0,63.0,21.0,,,1,2,1,1,2
202100014037,2021-10-10 06:30:00,2021,10,10,6,30,81,81209,30 avenue de castres,43.51847,2.370145,Nuit avec éclairage allumé,En agglomération,Hors intersection,Normale,Autre collision,3,2,2,0,1,1,1,0,4,50,,1,0,0,1,0,18.0,,,,5,2,1,1,6
202100014038,2021-10-10 18:50:00,2021,10,10,18,50,35,35006,La Gueusserie,48.04082,-1.108482,Plein jour,Hors agglomération,Intersection en T,Normale,Deux véhicules - arrière,4,2,2,0,1,1,1,0,1,80,,4,1,0,0,3,44.0,43.0,,,1,1,3,1,2
202100014039,2021-10-06 16:45:00,2021,10,6,16,45,974,97413,148 Rue Alexandre Bègue,-21.145537,55.317294,Plein jour,En agglomération,Hors intersection,Normale,Deux véhicules - côté,3,2,2,0,2,3,1,0,1,50,,2,1,0,0,1,40.0,25.0,,,1,2,1,1,3
202100014040,2021-10-10 12:05:00,2021,10,10,12,5,44,44113,Route de Nort-sur-Erdre,47.563036,-1.626223,Plein jour,En agglomération,Hors intersection,Normale,Deux véhicules - côté,3,2,2,0,1,1,1,0,1,50,,2,1,0,1,0,57.0,67.0,,,1,2,1,1,3
202100014041,2021-10-10 06:40:00,2021,10,10,6,40,59,59213,D643 pr 29 +700,50.158233,3.306584,Nuit sans éclairage public,Hors agglomération,Hors intersection,Brouillard / fumée,Deux véhicules - frontale,3,2,3,0,1,1,2,0,1,80,,4,1,1,2,0,19.0,46.0,,,3,1,1,5,1
202100014042,2021-10-10 14:30:00,2021,10,10,14,30,67,67261,route du rhin,48.9651786714,8.1847715378,Plein jour,Hors agglomération,Giratoire,Normale,Deux véhicules - côté,3,2,2,1,1,2,1,0,1,-1,,2,1,0,0,1,79.0,71.0,,,1,1,6,1,3
202100014043,2021-10-10 17:20:00,2021,10,10,17,20,71,71558,Route du Bois Chevret,46.479194,5.244974,Plein jour,En agglomération,Hors intersection,Normale,Deux véhicules - frontale,3,2,2,0,1,3,1,0,1,50,,4,3,0,0,1,26.0,59.0,,,1,2,1,1,1
202100014044,2021-10-10 05:30:00,2021,10,10,5,30,71,71305,D933A,46.447867,4.895332,Nuit sans éclairage public,Hors agglomération,Hors intersection,Normale,Autre collision,3,2,2,0,1,1,1,0,1,80,,1,0,0,1,0,20.0,,,,3,1,1,1,6
202100014045,2021-10-11 18:55:00,2021,10,11,18,55,76,76255,Route de Mers,50.0601188372,1.4117049074,Plein jour,En agglomération,Hors intersection,Normale,Autre collision,3,2,2,0,1,2,1,0,3,50,,1,0,1,0,0,20.0,,,,1,2,1,1,6
202100014046,2021-10-10 07:00:00,2021,10,10,7,0,41,41229,D976,47.301741,1.351029,Nuit sans éclairage public,Hors agglomération,Hors intersection,Brouillard / fumée,Deux véhicules - frontale,3,2,2,0,1,1,1,0,1,90,,4,3,0,1,0,19.0,62.0,,,3,1,1,5,1
202100014047,2021-10-09 11:10:00,2021,10,9,11,10,44,44056,Rue Georges Sicard,47.415311,-1.792172,Plein jour,En agglomération,Intersection à plus de 4 branches,Temps éblouissant,Autre collision,3,2,2,0,1,2,1,6,1,50,,2,1,0,0,1,30.0,,,,1,2,5,7,6
202100014048,2021-10-09 14:55:00,2021,10,9,14,55,38,38261,Route d Argent,45.672281,5.48045,Plein jour,Hors agglomération,Intersection en Y,Normale,Deux véhicules - arrière,3,2,2,0,1,1,1,0,1,80,,4,0,0,0,4,32.0,35.0,,,1,1,4,1,2
202100014049,2021-10-11 18:30:00,2021,10,11,18,30,01,01304,Rue Brillat Savarin,46.047937,5.335917,Plein jour,En agglomération,Intersection en T,Normale,Deux véhicules - côté,3,2,2,0,1,1,1,9,1,50,,2,1,0,1,0,26.0,50.0,,,1,2,3,1,3
202100014050,2021-10-10 15:37:00,2021,10,10,15,37,14,14149,Chemin du Coudray,49.096727,-0.12006,Plein jour,Hors agglomération,Hors intersection,Normale,Sans collision,4,-1,1,0,2,1,1,0,1,20,,1,0,0,0,1,9.0,,,,1,1,1,1,7
202100014051,2021-10-09 17:20:00,2021,10,9,17,20,18,18069,Route départementale 2144,46.690351,2.545604,Plein jour,Hors agglomération,Hors intersection,Normale,Deux véhicules - frontale,3,2,2,0,1,1,1,0,1,90,,2,1,1,0,0,41.0,62.0,,,1,1,1,1,1
202100014052,2021-10-11 07:40:00,2021,10,11,7,40,10,10074,Route Nationale 77,48.121958,3.951817,Plein jour,Hors agglomération,Hors intersection,Brouillard / fumée,Deux véhicules - frontale,2,2,2,0,1,1,1,0,1,80,,2,1,0,1,0,26.0,62.0,,,1,1,1,5,1
202100014053,2021-10-11 14:12:00,2021,10,11,14,12,07,07007,lartilleul,44.965344,4.710646,Plein jour,Hors agglomération,Hors intersection,Normale,Deux véhicules - frontale,3,2,2,0,2,4,1,0,1,80,,3,2,0,0,1,29.0,79.0,,,1,1,1,1,1
202100014054,2021-10-10 18:15:00,2021,10,10,18,15,07,07160,,45.200894,4.507388,Plein jour,Hors agglomération,Hors intersection,Normale,Deux véhicules - frontale,4,2,2,0,2,3,1,0,1,80,,4,3,0,0,1,39.0,73.0,,,1,1,1,1,1
202100014055,2021-10-11 06:10:00,2021,10,11,6,10,07,07260,intersection RD 2 RD 22,44.709376,4.696516,Nuit avec éclairage allumé,Hors agglomération,Giratoire,Normale,Sans collision,3,2,2,0,1,4,1,5,4,80,,1,0,0,1,0,29.0,,,,5,1,6,1,7
202100014056,2021-10-10 16:05:00,2021,10,10,16,5,40,40305,Chemin du Loy,43.631565,-0.331082,Plein jour,En agglomération,Hors intersection,Normale,Sans collision,4,2,2,0,1,1,1,0,1,80,,1,0,0,0,1,63.0,,,,1,2,1,1,7
202100014057,2021-10-11 14:50:00,2021,10,11,14,50,04,04031,RD 108 La Bastide Neuve,43.911134,6.112824,Plein jour,Hors agglomération,Hors intersection,Normale,Sans collision,3,2,2,0,1,2,1,0,3,80,,1,0,0,1,0,35.0,,,,1,1,1,1,7
202100014058,2021-10-10 12:20:00,2021,10,10,12,20,27,27378,route départementale 6154,48.799938,1.190128,Plein jour,Hors agglomération,Intersection en X,Normale,Deux véhicules - côté,3,2,2,0,1,1,1,0,1,80,,3,2,0,1,0,41.0,78.0,,,1,1,2,1,3
202100014059,2021-10-10 16:10:00,2021,10,10,16,10,37,37154,113 Rue Nationale,47.2822631819,0.711723335,Plein jour,En agglomération,Hors intersection,Normale,Deux véhicules - arrière,4,2,2,0,2,1,1,0,1,50,,2,1,0,0,1,43.0,16.0,,,1,2,1,1,2
202100014060,2021-10-11 07:30:00,2021,10,11,7,30,02,02013,Autoroute A26 PK 237+200 dans le sens de circualtion CALAIS/REIMS,49.464619,3.916752,Crépuscule ou aube,Hors agglomération,Hors intersection,Normale,Deux véhicules - arrière,1,1,4,0,1,1,1,0,1,130,,2,1,0,0,1,49.0,54.0,,,2,1,1,1,2
202100014061,2021-10-11 14:00:00,2021,10,11,14,0,01,01038,A39 - PK 133.500,46.345621,5.286338,Plein jour,Hors agglomération,Hors intersection,Normale,Sans collision,1,1,2,0,1,2,1,0,3,90,,1,0,0,0,1,38.0,,,,1,1,1,1,7
202100014062,2021-10-09 23:35:00,2021,10,9,23,35,973,97309,Route de la Matourienne,4.874506,-52.302657,Nuit sans éclairage public,Hors agglomération,Hors intersection,Normale,Autre collision,3,2,2,0,1,1,1,0,3,90,,2,1,0,1,0,37.0,,,,3,1,1,1,6
202100014063,2021-10-11 08:00:00,2021,10,11,8,0,89,89379,autoroute A6,47.50472,4.06776,Crépuscule ou aube,Hors agglomération,Hors intersection,Brouillard / fumée,Autre collision,1,3,4,0,1,1,1,0,3,-1,,2,0,0,2,0,42.0,,,,2,1,1,5,6
202100014064,2021-10-10 22:05:00,2021,10,10,22,5,66,66172,29 Boulevard du Canigou,42.717156,2.844756,Nuit avec éclairage allumé,En agglomération,Hors intersection,Normale,Sans collision,4,3,2,0,1,1,1,0,4,50,,1,0,0,1,0,36.0,,,,5,2,1,1,7
202100014065,2021-10-07 13:45:00,2021,10,7,13,45,95,95580,RD 10,49.088254,2.557197,Plein jour,En agglomération,Hors intersection,Normale,Autre collision,3,2,2,0,1,1,1,0,1,50,,2,1,0,0,1,76.0,,,,1,2,1,1,6
202100014066,2021-10-11 08:35:00,2021,10,11,8,35,77,77477,Autoroute A6,48.344755,2.589211,Crépuscule ou aube,Hors agglomération,Hors intersection,Brouillard / fumée,Autre collision,1,1,5,0,1,3,1,0,5,130,,3,1,0,0,2,31.0,32.0,,,2,1,1,5,6
202100014067,2021-10-10 00:00:00,2021,10,10,0,0,988,98813,RT1 - Forêt noire,-21.79185,165.85762,Nuit sans éclairage public,Hors agglomération,Hors intersection,Normale,Autre collision,2,2,2,0,1,2,1,0,3,110,,3,2,0,1,0,31.0,,,,3,1,1,1,6
202100014068,2021-10-10 21:10:00,2021,10,10,21,10,978,97801,rue de hollande,18.06883,-63.083271,Nuit avec éclairage allumé,En agglomération,Hors intersection,Pluie légère,Autre collision,2,2,2,0,1,1,2,0,1,50,,2,1,0,0,1,39.0,,,,5,2,1,2,6
202100014069,2021-10-09 01:15:00,2021,10,9,1,15,33,33199,51 Rue Aime Broustaud,44.632559,-1.083489,Nuit avec éclairage allumé,En agglomération,Intersection en T,Normale,Autre collision,4,2,2,0,1,4,1,0,8,30,,4,1,2,0,1,19.0,,,,5,2,3,1,6
202100014070,2021-10-10 19:30:00,2021,10,10,19,30,45,45191,D25-PR0+250,48.284792,2.416563,Crépuscule ou aube,Hors agglomération,Hors intersection,Normale,Sans collision,3,2,2,0,2,3,1,0,3,50,,1,0,1,0,0,62.0,,,,2,1,1,1,7
202100014071,2021-10-10 10:25:00,2021,10,10,10,25,45,45346,Route des Caduels,47.944446,2.278113,Plein jour,En agglomération,Hors intersection,Normale,Autre collision,9,2,2,0,1,1,1,0,1,70,,3,1,0,1,1,54.0,65.0,,,1,2,1,1,6