accident_id,datetime,annee,mois,jour,heure,minute,departement,commune_insee,adresse,latitude,longitude,luminosite,agglomeration,intersection,meteo,collision,catr,circ,nbv,vosp,prof,plan,surf,infra,situ,vma,nb_vehicules,nb_usagers,nb_indemnes,nb_tues,nb_blesses_hosp,nb_blesses_legers,age_cond_1,age_cond_2,veh_type_cond_1,veh_type_cond_2,lum_code,agg_code,int_code,atm_code,col_code
202100014072,2021-10-08 04:20:00,2021,10,8,4,20,34,34022,N113,43.65503,4.001507,Nuit sans éclairage public,En agglomération,Hors intersection,Normale,Deux véhicules - côté,2,2,3,0,1,1,1,0,1,50,,3,2,0,0,1,52.0,31.0,,,3,2,1,1,3
202100014073,2021-10-10 14:10:00,2021,10,10,14,10,54,54196,RD115,48.5838150399,6.1965841063,Plein jour,Hors agglomération,Hors intersection,Normale,Sans collision,3,2,2,0,2,4,1,0,3,80,,1,0,0,0,1,54.0,,,,1,1,1,1,7
202100014074,2021-10-10 16:30:00,2021,10,10,16,30,74,74090,Route de Thonon,46.08333,6.312987,Plein jour,Hors agglomération,Hors intersection,Normale,Deux véhicules - frontale,3,2,2,0,1,1,1,0,1,80,,2,1,0,1,0,27.0,61.0,,,1,1,1,1,1
202100014075,2021-10-10 19:10:00,2021,10,10,19,10,74,74280,Rue des Clefs,45.869573,6.324005,Crépuscule ou aube,En agglomération,Intersection en Y,Normale,Deux véhicules - frontale,3,2,2,2,1,1,1,0,1,50,,6,0,0,1,5,33.0,33.0,,,2,2,4,1,1
202100014076,2021-10-11 12:15:00,2021,10,11,12,15,38,38557,Rue des Ormeaux,45.791396,5.121555,Plein jour,En agglomération,Intersection en T,Normale,Deux véhicules - côté,4,2,2,0,3,1,1,0,1,50,,3,2,0,0,1,59.0,62.0,,,1,2,3,1,3
202100014077,2021-10-09 21:50:00,2021,10,9,21,50,38,38565,Chemin Departemental 3,45.27309,5.626652,Nuit avec éclairage allumé,Hors agglomération,Giratoire,Normale,Deux véhicules - arrière,3,2,2,0,1,1,1,5,1,80,,2,1,0,1,0,19.0,21.0,,,5,1,6,1,2
202100014078,2021-10-11 11:30:00,2021,10,11,11,30,81,81139,Route Départementale 83 - PK 15+250,43.707628,2.137788,Plein jour,En agglomération,Hors intersection,Normale,Autre collision,3,2,2,0,4,1,1,0,1,50,,2,1,0,1,0,55.0,,,,1,2,1,1,6
202100014079,2021-10-07 18:45:00,2021,10,7,18,45,09,09282,d214,43.240935,1.585808,Crépuscule ou aube,Hors agglomération,Hors intersection,Normale,Deux véhicules - côté,3,2,2,0,3,1,1,0,1,80,,4,3,0,0,1,24.0,16.0,,,2,1,1,1,3
202100014080,2021-10-10 18:20:00,2021,10,10,18,20,09,09042,Unjat,43.022659,1.467769,Plein jour,Hors agglomération,Hors intersection,Normale,Autre collision,3,2,2,0,1,3,1,0,1,70,,2,1,0,0,1,58.0,,,,1,1,1,1,6
202100014081,2021-10-10 16:30:00,2021,10,10,16,30,17,17237,D3,45.874488,-1.059939,Plein jour,Hors agglomération,Hors intersection,Normale,Deux véhicules - frontale,3,2,2,0,1,2,1,0,1,80,,2,0,0,1,1,49.0,21.0,,,1,1,1,1,1
202100014082,2021-10-11 10:15:00,2021,10,11,10,15,17,17369,Avenue des Corsaires,46.198328,-1.354167,Plein jour,En agglomération,Hors intersection,Normale,Autre collision,4,2,2,0,1,3,1,0,4,50,,2,0,1,0,1,80.0,,,,1,2,1,1,6
202100014083,2021-10-10 01:30:00,2021,10,10,1,30,53,53062,N162,47.844872,-0.696824,Nuit sans éclairage public,Hors agglomération,Hors intersection,Brouillard / fumée,Deux véhicules - frontale,2,2,2,0,1,1,1,0,1,90,,4,3,0,0,1,68.0,23.0,,,3,1,1,5,1
202100014084,2021-10-10 03:00:00,2021,10,10,3,0,44,44094,Quai des Mariniers,47.294359,-1.383408,Nuit sans éclairage public,En agglomération,Intersection en T,Normale,Autre collision,7,2,2,1,1,1,1,2,3,50,,1,0,1,0,0,24.0,,,,3,2,3,1,6
202100014085,2021-08-25 12:50:00,2021,8,25,12,50,61,61279,La Coupe,48.403808,0.002977,Plein jour,Hors agglomération,Hors intersection,Normale,Deux véhicules - frontale,3,2,2,0,2,2,1,0,1,80,,2,1,0,1,0,50.0,62.0,,,1,1,1,1,1
202100014086,2021-10-10 10:15:00,2021,10,10,10,15,29,29006,Rue de Penfoul,47.879322,-4.106607,Plein jour,En agglomération,Giratoire,Normale,Deux véhicules - côté,3,1,2,0,1,1,1,5,1,50,,2,1,0,0,1,74.0,73.0,,,1,2,6,1,3
202100014087,2021-10-09 18:20:00,2021,10,9,18,20,22,22161,Rue de l Armor,48.566008,-3.144203,Plein jour,En agglomération,Hors intersection,Normale,Autre collision,3,2,2,0,2,1,1,0,1,50,,1,0,0,1,0,30.0,,,,1,2,1,1,6
202100014088,2021-10-10 12:25:00,2021,10,10,12,25,22,22273,D786,48.5508873781,-2.5486907938,Plein jour,Hors agglomération,Hors intersection,Normale,Deux véhicules - côté,3,2,2,0,1,1,1,0,1,80,,2,0,0,0,2,36.0,34.0,,,1,1,1,1,3
202100014089,2021-10-08 08:06:00,2021,10,8,8,6,13,13055,A507 sens Aubagne- Marseille,43.341942,5.376159,Plein jour,Hors agglomération,Hors intersection,Normale,Deux véhicules - côté,1,1,2,0,1,1,1,0,2,70,,2,1,0,0,1,33.0,29.0,,,1,1,1,1,3
202100014090,2021-10-10 17:20:00,2021,10,10,17,20,33,33249,Autoroute A10,44.887147,-0.506138,Plein jour,Hors agglomération,Hors intersection,Normale,Deux véhicules - arrière,1,3,6,0,1,1,1,0,1,90,,5,3,0,0,2,27.0,27.0,,,1,1,1,1,2
202100014091,2021-10-10 03:25:00,2021,10,10,3,25,33,33167,Rocade Rive Droite N230,44.8252,-0.51034,Nuit avec éclairage allumé,Hors agglomération,Hors intersection,Normale,Autre collision,2,3,6,0,2,3,1,0,1,90,,1,0,0,1,0,23.0,,,,5,1,1,1,6
202100014092,2021-10-10 18:10:00,2021,10,10,18,10,91,91161,AUTOROUTE A6,48.69582,2.31748,Crépuscule ou aube,Hors agglomération,Hors intersection,Normale,Deux véhicules - arrière,1,3,6,0,1,1,1,0,1,110,,3,2,0,0,1,27.0,31.0,,,2,1,1,1,2
202100014093,2021-10-10 16:20:00,2021,10,10,16,20,94,94034,AUTOROUTE A86,48.76063,2.31917,Plein jour,Hors agglomération,Hors intersection,Normale,Deux véhicules - arrière,1,1,2,0,1,1,1,0,1,70,,2,1,0,0,1,28.0,37.0,,,1,1,1,1,2
202100014094,2021-10-09 17:40:00,2021,10,9,17,40,94,94034,AUTOROUTE A86,48.7581,2.3267,Plein jour,Hors agglomération,Hors intersection,Normale,Deux véhicules - arrière,1,1,2,0,1,1,1,1,1,70,,3,1,0,0,2,51.0,20.0,,,1,1,1,1,2
202100014095,2021-10-10 01:58:00,2021,10,10,1,58,94,94043,AUTOROUTE A6B,48.805047,2.344679,Nuit avec éclairage allumé,Hors agglomération,Hors intersection,Normale,Autre collision,1,1,2,0,2,3,1,1,1,50,,1,0,0,0,1,24.0,,,,5,1,1,1,6
202100014096,2021-10-09 20:30:00,2021,10,9,20,30,91,91339,RN 104,48.62833,2.25672,Nuit sans éclairage public,Hors agglomération,Hors intersection,Normale,Deux véhicules - arrière,2,1,2,0,1,1,1,0,1,110,,4,0,0,0,4,46.0,51.0,,,3,1,1,1,2
202100014097,2021-10-09 17:50:00,2021,10,9,17,50,91,91689,AUTOROUTE A6,48.7383602982,2.3179686934,Plein jour,Hors agglomération,Hors intersection,Normale,Autre collision,1,3,6,0,1,1,1,0,1,90,,2,0,0,0,2,53.0,,,,1,1,1,1,6
202100014098,2021-10-09 13:30:00,2021,10,9,13,30,94,94038,AUTOROUTE A6A,48.775,2.346,Plein jour,Hors agglomération,Hors intersection,Normale,Trois véhicules et plus - en chaîne,1,1,3,0,1,1,1,0,1,90,,7,5,0,0,2,29.0,32.0,,,1,1,1,1,4
202100014099,2021-10-10 20:00:00,2021,10,10,20,0,78,78531,A13,48.990337,1.64613,Nuit avec éclairage allumé,Hors agglomération,Hors intersection,Normale,Sans collision,1,1,3,0,1,1,1,0,1,130,,1,0,0,0,1,27.0,,,,5,1,1,1,7
202100014100,2021-10-10 15:30:00,2021,10,10,15,30,78,78531,A13,48.990774,1.64392,Plein jour,Hors agglomération,Hors intersection,Normale,Deux véhicules - arrière,1,1,1,0,1,1,1,7,1,70,,4,3,0,0,1,85.0,63.0,,,1,1,1,1,2
202100014101,2021-10-10 20:20:00,2021,10,10,20,20,93,93005,AUTOROUTE A3,48.962348,2.47374,Nuit sans éclairage public,Hors agglomération,Hors intersection,Normale,Deux véhicules - arrière,1,-1,-1,0,1,1,1,0,1,90,,2,1,0,0,1,37.0,39.0,,,3,1,1,1,2
202100014102,2021-10-10 17:30:00,2021,10,10,17,30,93,93013,AUTOROUTE A1,48.9388824189,2.4179720876,Plein jour,Hors agglomération,Hors intersection,Normale,Deux véhicules - arrière,1,3,4,0,1,1,1,0,1,90,,3,2,0,0,1,41.0,40.0,,,1,1,1,1,2
202100014103,2021-10-10 14:00:00,2021,10,10,14,0,93,93007,AUTOROUTE A3,48.9201587099,2.4793481827,Plein jour,Hors agglomération,Hors intersection,Normale,Trois véhicules et plus - en chaîne,1,3,6,0,1,1,1,0,1,110,,7,5,0,0,2,27.0,23.0,,,1,1,1,1,4
202100014104,2021-10-10 14:00:00,2021,10,10,14,0,93,93010,AUTOROUTE A3,48.9185788468,2.4785404654,Plein jour,Hors agglomération,Hors intersection,Normale,Deux véhicules - arrière,1,3,6,0,1,1,1,0,1,110,,2,1,0,0,1,38.0,,,,1,1,1,1,2
202100014105,2021-10-10 06:40:00,2021,10,10,6,40,95,95018, A15,48.962105,2.267579,Plein jour,Hors agglomération,Hors intersection,Normale,Deux véhicules - arrière,1,3,8,0,1,1,1,0,1,110,,2,1,0,0,1,54.0,27.0,,,1,1,1,1,2
202100014106,2021-10-10 07:00:00,2021,10,10,7,0,93,93007,AUTOROUTE A1,48.9491803375,2.4469619685,Nuit sans éclairage public,Hors agglomération,Hors intersection,Normale,Deux véhicules - arrière,1,3,8,0,1,1,1,0,1,110,,2,1,0,0,1,29.0,57.0,,,3,1,1,1,2
202100014107,2021-10-10 03:35:00,2021,10,10,3,35,93,93013,AUTOROUTE A1,48.94041,2.42382,Nuit avec éclairage allumé,Hors agglomération,Hors intersection,Normale,Trois véhicules et plus - collisions multiples,1,3,8,0,1,1,1,0,1,110,,8,1,0,0,7,25.0,21.0,,,5,1,1,1,5
202100014108,2021-10-09 18:45:00,2021,10,9,18,45,93,93064,AUTOROUTE A86,48.87908,2.47638,Crépuscule ou aube,Hors agglomération,Hors intersection,Normale,Deux véhicules - côté,1,3,4,0,1,1,1,0,1,90,,5,4,0,0,1,28.0,42.0,,,2,1,1,1,3
202100014109,2021-10-09 17:50:00,2021,10,9,17,50,95,95018, A15,48.9549,2.2782,Plein jour,Hors agglomération,Hors intersection,Normale,Trois véhicules et plus - collisions multiples,1,3,6,0,1,1,1,0,1,90,,3,2,0,0,1,21.0,49.0,,,1,1,1,1,5
202100014110,2021-10-09 13:00:00,2021,10,9,13,0,95,95500, A15,49.036315,2.095081,Plein jour,Hors agglomération,Hors intersection,Normale,Trois véhicules et plus - en chaîne,1,3,6,0,1,1,1,0,1,110,,4,3,0,0,1,21.0,51.0,,,1,1,1,1,4
202100014111,2021-10-10 21:05:00,2021,10,10,21,5,77,77122,RN104,48.661334,2.61348,Nuit sans éclairage public,Hors agglomération,Hors intersection,Normale,Deux véhicules - arrière,2,3,4,0,1,1,1,0,1,90,,3,1,0,0,2,52.0,61.0,,,3,1,1,1,2
202100014112,2021-10-09 23:15:00,2021,10,9,23,15,94,94081,A86 INT,48.7740034256,2.4056004171,Nuit sans éclairage public,Hors agglomération,Hors intersection,Normale,Deux véhicules - arrière,1,1,3,0,1,1,1,0,1,90,,2,1,0,0,1,19.0,22.0,,,3,1,1,1,2
202100014113,2021-10-09 12:40:00,2021,10,9,12,40,77,77294,A104,48.973633,2.578754,Plein jour,Hors agglomération,Hors intersection,Normale,Trois véhicules et plus - en chaîne,1,-1,8,0,1,1,1,9,1,90,,4,3,0,0,1,23.0,37.0,,,1,1,1,1,4
202100014114,2021-10-09 04:55:00,2021,10,9,4,55,94,94069,A4,48.81705,2.44352,Nuit sans éclairage public,Hors agglomération,Hors intersection,Normale,Trois véhicules et plus - en chaîne,1,3,6,0,1,1,1,0,1,90,,5,3,1,1,0,33.0,21.0,,,3,1,1,1,4
202100014115,2021-10-08 08:00:00,2021,10,8,8,0,93,93051,A4,48.83656,2.544,Plein jour,Hors agglomération,Autre intersection,Normale,Trois véhicules et plus - collisions multiples,1,-1,8,0,1,1,1,9,1,110,,3,2,0,0,1,30.0,37.0,,,1,1,9,1,5
202100014116,2021-10-09 09:20:00,2021,10,9,9,20,974,97411,JAURES (BOULEVARD JEAN),-20.88839,55.44639,Plein jour,En agglomération,Intersection en X,Normale,Deux véhicules - côté,4,1,3,0,1,1,1,0,1,50,,7,0,0,0,7,32.0,48.0,,,1,2,2,1,3
202100014117,2021-10-09 02:30:00,2021,10,9,2,30,64,64024,BAYONNE (AVENUE DE),43.4814,-1.5108,Nuit avec éclairage allumé,En agglomération,Hors intersection,Normale,Sans collision,3,2,2,3,1,1,1,0,1,30,,1,0,0,0,1,56.0,,,,5,2,1,1,7
202100014118,2021-10-09 19:45:00,2021,10,9,19,45,54,54395,LIBERATION (AVENUE DE LA),48.69652,6.14645,Nuit avec éclairage allumé,En agglomération,Hors intersection,Normale,Autre collision,4,3,2,0,2,1,1,9,1,50,,5,4,0,0,1,36.0,,,,5,2,1,1,6
202100014119,2021-10-08 18:35:00,2021,10,8,18,35,48,48095,PONT ROUPT (AVENUE DU),44.517772,3.490408,Crépuscule ou aube,En agglomération,Hors intersection,Normale,Autre collision,3,2,2,0,1,1,1,0,1,50,,2,1,0,1,0,54.0,,,,2,2,1,1,6
202100014120,2021-10-09 17:47:00,2021,10,9,17,47,92,92026,CAMILLE SAINT SAENS,48.9030123951,2.2821843624,Plein jour,En agglomération,Hors intersection,Normale,Autre collision,4,1,1,0,1,1,1,0,4,50,,1,0,0,0,1,19.0,,,,1,2,1,1,6
202100014121,2021-10-09 18:25:00,2021,10,9,18,25,974,97416,PAVE(RUE),-21.34237,55.48457,Crépuscule ou aube,En agglomération,Intersection en T,Normale,Deux véhicules - frontale,4,2,2,0,2,1,1,0,1,30,,2,1,0,0,1,72.0,18.0,,,2,2,3,1,1
202100014122,2021-10-09 15:10:00,2021,10,9,15,10,974,97411,MONTAGNE (ROUTE DE LA),-20.885863,55.4388957,Plein jour,Hors agglomération,Hors intersection,Normale,Sans collision,3,2,2,0,2,3,1,0,8,70,,2,1,0,0,1,20.0,,,,1,1,1,1,7
202100014123,2021-10-09 20:35:00,2021,10,9,20,35,973,97302,MADELEINE (ROUTE DE LA),4.9283,-52.32516,Nuit avec éclairage allumé,En agglomération,Hors intersection,Normale,Deux véhicules - arrière,3,2,2,0,1,1,1,0,1,50,,2,1,0,0,1,63.0,55.0,,,5,2,1,1,2
202100014124,2021-10-09 17:10:00,2021,10,9,17,10,973,97302,MANGUES (RUE DES - CITE MANGUIERS),4.9342560347,-52.323471129,Plein jour,En agglomération,Intersection en X,Normale,Deux véhicules - côté,4,2,2,0,1,1,1,0,1,50,,2,1,0,0,1,65.0,10.0,,,1,2,2,1,3
202100014125,2021-10-09 08:20:00,2021,10,9,8,20,973,97302,MADELEINE (ROUTE DE LA),4.9214600187,-52.3224048615,Plein jour,En agglomération,Hors intersection,Normale,Deux véhicules - côté,4,2,2,0,1,1,1,0,1,50,,3,2,0,0,1,48.0,19.0,,,1,2,1,1,3
202100014126,2021-10-09 06:30:00,2021,10,9,6,30,973,97302,MADELEINE (ROUTE DE LA),4.9219214396,-52.3249855055,Plein jour,En agglomération,Hors intersection,Normale,Deux véhicules - frontale,4,2,2,0,1,1,1,0,1,50,,3,1,0,0,2,40.0,34.0,,,1,2,1,1,1
202100014127,2021-10-09 03:00:00,2021,10,9,3,0,973,97302,ROUTE NATIONALE 1,4.92038,-52.33041,Nuit avec éclairage allumé,Hors agglomération,Hors intersection,Normale,Autre collision,2,3,4,0,1,1,1,9,1,90,,1,0,0,0,1,19.0,,,,5,1,1,1,6
202100014128,2021-10-10 00:15:00,2021,10,10,0,15,69,69383,GAMBETTA (CR),45.7539512998,4.8469099402,Nuit avec éclairage allumé,En agglomération,Intersection en X,Normale,Deux véhicules - côté,4,1,2,3,1,1,1,0,1,50,,2,1,0,0,1,,47.0,,,5,2,2,1,3
202100014129,2021-09-11 04:50:00,2021,9,11,4,50,69,69387,GUILLOTIERE (DE LA) (GR),45.74849,4.85468,Nuit avec éclairage allumé,En agglomération,Intersection en X,Normale,Deux véhicules - côté,4,1,2,2,2,1,1,0,1,50,,2,1,0,0,1,23.0,,,,5,2,2,1,3
202100014130,2021-10-09 22:00:00,2021,10,9,22,0,69,69259,MARTYRS DE LA RESISTANCE (DES) (R),45.69034,4.8669,Nuit avec éclairage allumé,En agglomération,Hors intersection,Normale,Autre collision,4,2,2,0,2,2,1,0,1,50,,1,0,0,0,1,48.0,,,,5,2,1,1,6
202100014131,2021-10-09 20:05:00,2021,10,9,20,5,69,69386,VITTON (CR),45.77016,4.85964,Nuit avec éclairage allumé,En agglomération,Autre intersection,Normale,Deux véhicules - côté,4,1,3,2,1,1,1,0,1,50,,2,1,0,0,1,25.0,28.0,,,5,2,9,1,3
202100014132,2021-10-09 03:45:00,2021,10,9,3,45,69,69259,MARTYRS DE LA RESISTANCE (DES) (AV),45.69239,4.87295,Nuit avec éclairage allumé,En agglomération,Intersection en X,Normale,Deux véhicules - arrière,4,2,2,0,1,1,1,0,1,50,,2,1,0,0,1,23.0,23.0,,,5,2,2,1,2
202100014133,2021-10-08 09:32:00,2021,10,8,9,32,972,97213,AUTOROUTE A1,14.6183,-61.03538,Plein jour,Hors agglomération,Hors intersection,Normale,Deux véhicules - arrière,1,3,6,3,1,1,1,0,1,90,,3,2,0,0,1,36.0,67.0,,,1,1,1,1,2
202100014134,2021-10-09 17:00:00,2021,10,9,17,0,69,69202,BRIGNAIS (DE) (RTE),45.7247469389,4.7805333138,Plein jour,Hors agglomération,Intersection en T,Normale,Trois véhicules et plus - collisions multiples,7,2,2,0,1,1,1,0,1,50,,4,2,0,0,2,21.0,58.0,,,1,1,3,1,5
202100014135,2021-10-09 14:13:00,2021,10,9,14,13,69,69382,JEAN MOULIN (Q),45.7650331865,4.8380827904,Plein jour,Hors agglomération,Intersection en X,Normale,Deux véhicules - côté,4,2,5,3,1,1,1,0,1,50,,2,1,0,0,1,20.0,54.0,,,1,1,2,1,3
202100014136,2021-10-09 10:18:00,2021,10,9,10,18,971,97113,BAS DU FORT,16.21783,-61.51575,Plein jour,Hors agglomération,Hors intersection,Normale,Autre collision,6,-1,-1,0,1,1,1,0,1,30,,2,1,0,0,1,69.0,,,,1,1,1,1,6
202100014137,2021-10-10 02:00:00,2021,10,10,2,0,2A,2A004,T40,41.93218,8.80382,Nuit avec éclairage non allumé,Hors agglomération,Hors intersection,Normale,Sans collision,2,2,3,0,1,4,1,8,1,80,,1,0,0,0,1,28.0,,,,4,1,1,1,7
202100014138,2021-10-09 13:10:00,2021,10,9,13,10,2A,2A004,NAPOLEON COURS AVANT BEVERINI,41.9236309482,8.7376730178,Plein jour,En agglomération,Intersection en T,Normale,Deux véhicules - côté,2,2,2,0,3,1,1,0,1,50,,2,1,0,0,1,31.0,81.0,,,1,2,3,1,3
202100014139,2021-10-09 03:30:00,2021,10,9,3,30,91,91339,RTE NATIONALE 20,48.62824,2.26257,Nuit sans éclairage public,Hors agglomération,Hors intersection,Normale,Deux véhicules - frontale,3,3,4,0,2,1,1,3,1,70,,2,0,0,0,2,18.0,47.0,,,3,1,1,1,1
202100014140,2021-10-09 15:35:00,2021,10,9,15,35,91,91286,CORBEIL (ROUTE DE),48.65392,2.3944,Plein jour,En agglomération,Giratoire,Normale,Autre collision,4,2,1,0,2,2,1,0,1,30,,2,1,1,0,0,45.0,,,,1,2,6,1,6
202100014141,2021-10-09 10:20:00,2021,10,9,10,20,91,91326,ESTIENNE D'ORVES (AVENUE D'),48.69197,2.37726,Plein jour,En agglomération,Hors intersection,Normale,Autre collision,4,1,1,0,1,1,1,0,1,50,,2,1,0,1,0,73.0,,,,1,2,1,1,6
202100014142,2021-10-09 21:40:00,2021,10,9,21,40,83,83069,GAMBETTA (AVENUE),43.1169993213,6.1286222935,Nuit avec éclairage allumé,En agglomération,Hors intersection,Normale,Deux véhicules - côté,4,2,2,0,2,1,1,0,1,50,,2,1,0,0,1,28.0,33.0,,,5,2,1,1,3
202100014143,2021-10-08 16:00:00,2021,10,8,16,0,83,83069,EUGENIE (RUE),43.12159,6.11455,Plein jour,En agglomération,Hors intersection,Normale,Deux véhicules - côté,4,2,2,0,1,1,1,0,4,50,,2,1,0,0,1,44.0,12.0,,,1,2,1,1,3
202100014144,2021-10-09 17:10:00,2021,10,9,17,10,82,82121,allée de l'empereur,44.01663,1.35665,Plein jour,En agglomération,Autre intersection,Normale,Deux véhicules - côté,4,2,2,0,1,1,1,0,1,50,,2,1,0,0,1,47.0,15.0,,,1,2,9,1,3
202100014145,2021-10-09 10:38:00,2021,10,9,10,38,80,80001,GENERAL LECLERC (du),50.10778,1.84107,Plein jour,En agglomération,Hors intersection,Normale,Deux véhicules - frontale,4,2,2,0,1,1,1,9,1,50,,2,1,0,1,0,58.0,,,,1,2,1,1,1
202100014146,2021-10-08 11:59:00,2021,10,8,11,59,78,78418,ONZE NOVEMBRE 1918 (RUE DU),48.91728,2.15033,Plein jour,Hors agglomération,Hors intersection,Normale,Autre collision,4,2,2,0,1,1,1,0,1,70,,2,1,0,1,0,55.0,,,,1,1,1,1,6
202100014147,2021-10-09 16:50:00,2021,10,9,16,50,77,77152,POUVREAU(AVENUE MARCEL),48.519947,2.636761,Plein jour,En agglomération,Hors intersection,Normale,Deux véhicules - côté,4,2,2,0,1,1,1,0,1,30,,2,1,0,1,0,45.0,,,,1,2,1,1,3
202100014148,2021-10-09 10:20:00,2021,10,9,10,20,74,74133,LIBERATION (RUE DE LA),46.1856,6.20699,Plein jour,En agglomération,Hors intersection,Normale,Autre collision,4,2,2,0,1,1,1,0,8,50,,2,1,0,0,1,40.0,,,,1,2,1,1,6
202100014149,2021-10-09 15:45:00,2021,10,9,15,45,72,72257,PRUILLE (RTE DE),47.98384,0.14719,Plein jour,En agglomération,Hors intersection,Normale,Autre collision,4,2,2,0,1,1,1,0,1,50,,2,1,0,1,0,28.0,,,,1,2,1,1,6
202100014150,2021-10-09 21:25:00,2021,10,9,21,25,69,69256,GABRIEL PERI (AV),45.77256,4.91233,Nuit avec éclairage allumé,En agglomération,Intersection en X,Normale,Trois véhicules et plus - collisions multiples,4,2,2,3,1,2,1,0,1,50,,8,4,0,0,4,43.0,22.0,,,5,2,2,1,5
202100014151,2021-10-09 13:25:00,2021,10,9,13,25,65,65047,BOIS (RUE DU),43.243232,0.096755,Plein jour,En agglomération,Hors intersection,Normale,Deux véhicules - côté,4,2,2,0,1,1,1,0,1,50,,2,1,0,0,1,15.0,29.0,,,1,2,1,1,3
202100014152,2021-10-08 16:48:00,2021,10,8,16,48,65,65440,LASSALLE (RUE GEORGES),43.23442,0.07239,Plein jour,En agglomération,Hors intersection,Normale,Autre collision,4,2,2,0,1,1,1,0,1,50,,2,1,0,0,1,68.0,,,,1,2,1,1,6
202100014153,2021-10-09 17:15:00,2021,10,9,17,15,64,64024,BAYONNE (AVENUE DE),43.48293,-1.50397,Plein jour,En agglomération,Hors intersection,Normale,Sans collision,3,2,4,3,1,1,1,0,1,50,,2,1,0,0,1,14.0,,,,1,2,1,1,7
202100014154,2021-10-09 12:50:00,2021,10,9,12,50,64,64024,MER (BOULEVARD DE LA),43.4963267243,-1.5391346812,Plein jour,En agglomération,Hors intersection,Normale,Deux véhicules - arrière,4,2,2,0,2,1,1,0,1,50,,2,1,0,1,0,65.0,43.0,,,1,2,1,1,2
202100014155,2021-10-09 06:00:00,2021,10,9,6,0,64,64102,AMADE  (ROND POINT),43.50214,-1.47867,Nuit sans éclairage public,En agglomération,Giratoire,Normale,Sans collision,3,-1,2,0,1,1,1,0,1,50,,1,0,0,0,1,17.0,,,,3,2,6,1,7
202100014156,2021-10-10 00:05:00,2021,10,10,0,5,59,59599,GRAMME (CHAUSSEE),50.737456,3.165275,Nuit avec éclairage allumé,En agglomération,Hors intersection,Normale,Deux véhicules - côté,7,3,4,0,1,1,1,0,1,50,,2,1,0,0,1,34.0,21.0,,,5,2,1,1,3
202100014157,2021-10-09 11:12:00,2021,10,9,11,12,59,59656,BONPAIN (RUE DE L'ABBE),50.77207,3.04102,Plein jour,En agglomération,Intersection en X,Normale,Autre collision,4,2,2,0,1,1,1,0,1,50,,1,0,0,0,1,42.0,,,,1,2,2,1,6
202100014158,2021-10-09 08:50:00,2021,10,9,8,50,59,59352,CASTELNAU (RUE),50.73553,3.07402,Plein jour,En agglomération,Hors intersection,Normale,Autre collision,7,2,2,0,1,4,1,0,3,50,,1,0,0,0,1,30.0,,,,1,2,1,1,6
202100014159,2021-10-09 14:15:00,2021,10,9,14,15,59,59350,ERFURT PONT,50.640047,3.076879,Plein jour,En agglomération,Intersection en X,Normale,Deux véhicules - arrière,4,2,2,1,1,2,1,2,1,50,,2,1,0,0,1,46.0,31.0,,,1,2,2,1,2
202100014160,2021-10-09 11:10:00,2021,10,9,11,10,59,59350,RATISBONNE RUE,50.62928,3.0518,Plein jour,En agglomération,Intersection en X,Normale,Deux véhicules - côté,4,1,1,1,1,1,1,0,1,30,,4,1,0,0,3,44.0,19.0,,,1,2,2,1,3
202100014161,2021-10-09 12:20:00,2021,10,9,12,20,56,56260,Rue du Lt Francois Fromentin,47.64898,-2.76686,Plein jour,En agglomération,Hors intersection,Normale,Autre collision,4,2,2,0,2,1,1,0,4,30,,2,1,0,0,1,21.0,,,,1,2,1,1,6
202100014162,2021-10-09 16:05:00,2021,10,9,16,5,51,51454,Boulevard Pommery,49.25044,4.05272,Plein jour,En agglomération,Intersection en X,Normale,Deux véhicules - côté,2,-1,4,0,1,1,1,0,1,50,,4,2,0,0,2,47.0,18.0,,,1,2,2,1,3
202100014163,2021-10-09 16:30:00,2021,10,9,16,30,45,45286,Place Saint Charles,47.893946,1.913712,Plein jour,En agglomération,Intersection en T,Normale,Deux véhicules - côté,4,2,2,0,1,1,1,0,1,50,,2,1,0,0,1,36.0,89.0,,,1,2,3,1,3
202100014164,2021-10-09 09:55:00,2021,10,9,9,55,45,45302,ROUTE NATIONALE 20,47.94993,1.89192,Plein jour,En agglomération,Hors intersection,Normale,Deux véhicules - arrière,7,1,3,3,1,1,1,0,1,50,,2,1,0,0,1,27.0,17.0,,,1,2,1,1,2
202100014165,2021-10-08 12:15:00,2021,10,8,12,15,45,45147,BERTHELOT (RUE MARCELIN BERTHELOT),47.92372,1.91441,Plein jour,En agglomération,Hors intersection,Normale,Deux véhicules - côté,7,2,2,0,1,1,1,0,1,50,,2,1,0,1,0,38.0,19.0,,,1,2,1,1,3
202100014166,2021-10-08 19:39:00,2021,10,8,19,39,45,45068,Rue de la Forêt,48.01563,2.73728,Crépuscule ou aube,En agglomération,Intersection en X,Normale,Deux véhicules - côté,4,2,0,0,1,1,1,0,1,50,,2,1,0,1,0,9.0,22.0,,,2,2,2,1,3
202100014167,2021-10-09 09:00:00,2021,10,9,9,0,45,45004,Avenue du Docteur Schweitzer,48.00134,2.77135,Plein jour,En agglomération,Giratoire,Normale,Autre collision,3,1,2,0,1,2,1,0,1,50,,2,1,0,0,1,62.0,,,,1,2,6,1,6