accident_id,datetime,annee,mois,jour,heure,minute,departement,commune_insee,adresse,latitude,longitude,luminosite,agglomeration,intersection,meteo,collision,catr,circ,nbv,vosp,prof,plan,surf,infra,situ,vma,nb_vehicules,nb_usagers,nb_indemnes,nb_tues,nb_blesses_hosp,nb_blesses_legers,age_cond_1,age_cond_2,veh_type_cond_1,veh_type_cond_2,lum_code,agg_code,int_code,atm_code,col_code
202100014168,2021-10-09 23:24:00,2021,10,9,23,24,44,44109,BOULEVARD DE L'EGALITE,47.20872,-1.58709,Nuit avec éclairage allumé,En agglomération,Hors intersection,Normale,Deux véhicules - côté,4,2,2,2,1,1,1,0,1,50,,2,1,0,0,1,,19.0,,,5,2,1,1,3
202100014169,2021-10-09 14:30:00,2021,10,9,14,30,44,44109,PLACE DELORME,47.21507,-1.56359,Plein jour,En agglomération,Place,Normale,Deux véhicules - frontale,4,2,0,0,1,1,1,0,1,30,,2,1,0,1,0,29.0,20.0,,,1,2,7,1,1
202100014170,2021-10-09 10:00:00,2021,10,9,10,0,44,44162,BOULEVARD CHARLES DE GAULLE,47.22007,-1.65522,Plein jour,En agglomération,Hors intersection,Pluie légère,Deux véhicules - côté,7,3,0,0,1,1,2,0,1,70,,4,1,0,2,1,50.0,24.0,,,1,2,1,2,3
202100014171,2021-10-09 19:00:00,2021,10,9,19,0,38,38185,STALINGRAD (RUE DE),45.17097,5.72382,Nuit avec éclairage allumé,En agglomération,Intersection en Y,Normale,Deux véhicules - côté,7,2,2,1,1,1,1,0,5,50,,2,1,0,0,1,16.0,56.0,,,5,2,4,1,3
202100014172,2021-10-08 23:50:00,2021,10,8,23,50,37,37233,STALINGRAD (AVENUE),47.38762,0.72698,Nuit avec éclairage allumé,En agglomération,Hors intersection,Normale,Deux véhicules - frontale,4,2,2,0,1,2,1,0,1,50,,6,3,0,0,3,,27.0,,,5,2,1,1,1
202100014173,2021-10-09 17:40:00,2021,10,9,17,40,35,35238,ROOSEVELT (BD FRANKLIN),48.09698,-1.65847,Plein jour,En agglomération,Hors intersection,Normale,Trois véhicules et plus - en chaîne,9,2,2,0,1,1,1,0,1,50,,3,2,0,0,1,29.0,46.0,,,1,2,1,1,4
202100014174,2021-10-09 17:20:00,2021,10,9,17,20,35,35238,PETRI (LOUIS),48.094562,-1.639245,Plein jour,En agglomération,Hors intersection,Normale,Autre collision,4,2,2,0,1,1,1,0,1,30,,2,1,0,0,1,25.0,,,,1,2,1,1,6
202100014175,2021-10-09 06:00:00,2021,10,9,6,0,35,35238,VERN (DE),48.09819,-1.65574,Nuit avec éclairage allumé,En agglomération,Intersection en X,Normale,Autre collision,4,2,3,2,2,1,1,0,1,50,,1,0,0,0,1,30.0,,,,5,2,2,1,6
202100014176,2021-10-09 17:44:00,2021,10,9,17,44,33,33522,Route de Toulouse,44.80615,-0.57293,Plein jour,En agglomération,Hors intersection,Normale,Deux véhicules - arrière,4,2,2,0,1,1,1,0,1,50,,2,1,0,0,1,51.0,61.0,,,1,2,1,1,2
202100014177,2021-10-09 07:25:00,2021,10,9,7,25,33,33039,Route de Courrejean,44.79182,-0.53785,Crépuscule ou aube,En agglomération,Hors intersection,Normale,Deux véhicules - côté,4,3,2,0,1,1,1,0,1,50,,3,1,0,0,2,23.0,41.0,,,2,2,1,1,3
202100014178,2021-10-09 09:45:00,2021,10,9,9,45,33,33529,PORT (RUE DU),44.63693,-1.14456,Plein jour,En agglomération,Intersection en T,Normale,Deux véhicules - arrière,4,2,2,0,1,1,1,0,1,50,,3,1,0,0,2,72.0,40.0,,,1,2,3,1,2
202100014179,2021-10-09 10:35:00,2021,10,9,10,35,33,33529,BISCAROSSE (AVE) DUNE VERS BISCA,44.602763,-1.198439,Plein jour,Hors agglomération,Hors intersection,Normale,Sans collision,3,2,2,0,2,2,1,0,1,80,,2,0,0,0,2,35.0,,,,1,1,1,1,7
202100014180,2021-10-09 20:50:00,2021,10,9,20,50,30,30007,CASSIN (RUE RENE),44.11174,4.10504,Nuit avec éclairage allumé,En agglomération,Hors intersection,Normale,Deux véhicules - arrière,3,2,2,0,1,1,1,0,1,50,,2,0,0,0,2,59.0,36.0,,,5,2,1,1,2
202100014181,2021-10-09 23:30:00,2021,10,9,23,30,29,29019,Rue Jean Jaurès,48.40032,-4.47065,Nuit avec éclairage allumé,En agglomération,Intersection en T,Normale,Deux véhicules - côté,4,1,2,0,1,1,1,5,1,30,,3,0,0,1,2,19.0,26.0,,,5,2,3,1,3
202100014182,2021-10-09 14:30:00,2021,10,9,14,30,29,29019,Avenue Maréchal Foch,48.3974657299,-4.4890076077,Plein jour,En agglomération,Hors intersection,Normale,Autre collision,4,2,2,0,1,1,1,5,1,50,,2,1,0,0,1,23.0,,,,1,2,1,1,6
202100014183,2021-10-09 04:20:00,2021,10,9,4,20,21,21231,THIERS (BOULEVARD),47.3232170843,5.0501060456,Nuit avec éclairage allumé,En agglomération,Intersection en X,Normale,Autre collision,4,2,2,0,1,1,1,0,1,50,,2,1,0,0,1,21.0,,,,5,2,2,1,6
202100014184,2021-10-09 11:00:00,2021,10,9,11,0,14,14125,D79B,49.23074,-0.37625,Plein jour,Hors agglomération,Hors intersection,Normale,Deux véhicules - côté,3,2,2,0,1,1,1,0,1,50,,2,1,0,0,1,40.0,63.0,,,1,1,1,1,3
202100014185,2021-10-09 23:20:00,2021,10,9,23,20,13,13206,JEAN JAURES (PLACE),43.29505,5.38608,Nuit avec éclairage allumé,En agglomération,Autre intersection,Normale,Deux véhicules - côté,4,2,2,0,1,3,1,0,8,50,,2,1,0,0,1,28.0,25.0,,,5,2,9,1,3
202100014186,2021-10-09 23:20:00,2021,10,9,23,20,13,13212,CAILLOLS (AVENUE DES),43.30369,5.44138,Nuit avec éclairage allumé,En agglomération,Hors intersection,Normale,Deux véhicules - côté,4,2,2,0,2,3,1,0,3,50,,4,3,0,0,1,19.0,,,,5,2,1,1,3
202100014187,2021-10-09 21:50:00,2021,10,9,21,50,13,13214,DANIEL CASANOVA (BOULEVARD),43.32986,5.37599,Nuit avec éclairage allumé,En agglomération,Intersection en Y,Normale,Deux véhicules - côté,4,1,2,0,1,1,1,0,1,50,,6,2,0,1,3,21.0,21.0,,,5,2,4,1,3
202100014188,2021-10-09 17:30:00,2021,10,9,17,30,13,13204,PROVENCE (RUE DE),43.30171,5.3971,Plein jour,En agglomération,Hors intersection,Normale,Autre collision,4,1,2,0,2,1,1,0,1,50,,2,1,0,0,1,27.0,26.0,,,1,2,1,1,6
202100014189,2021-10-09 11:15:00,2021,10,9,11,15,13,13205,HORACE BERTIN (RUE),43.29613,5.39781,Plein jour,En agglomération,Intersection en X,Normale,Deux véhicules - côté,4,1,1,0,1,1,1,0,1,50,,3,1,0,0,2,28.0,52.0,,,1,2,2,1,3
202100014190,2021-10-09 01:45:00,2021,10,9,1,45,13,13201,CANEBIERE     70 A FIN,43.29898,5.38509,Nuit avec éclairage allumé,En agglomération,Hors intersection,Normale,Deux véhicules - arrière,4,1,1,1,2,1,1,0,1,50,,3,2,0,0,1,30.0,23.0,,,5,2,1,1,2
202100014191,2021-10-09 22:00:00,2021,10,9,22,0,06,06029,BLANC (RUE LOUIS),43.5531,7.01266,Nuit avec éclairage allumé,En agglomération,Hors intersection,Normale,Deux véhicules - arrière,4,2,4,0,1,1,1,0,1,50,,2,1,0,0,1,18.0,37.0,,,5,2,1,1,2
202100014192,2021-10-09 12:47:00,2021,10,9,12,47,06,06029,LIEGEARD (AVENUE STEPHANE),43.550707,7.000688,Plein jour,En agglomération,Hors intersection,Normale,Deux véhicules - côté,4,2,2,0,1,1,1,0,1,50,,2,1,0,0,1,32.0,57.0,,,1,2,1,1,3
202100014193,2021-10-08 12:30:00,2021,10,8,12,30,04,04112,RD 5 (bd Martin Bret),43.8369213627,5.7811917365,Plein jour,En agglomération,Hors intersection,Normale,Autre collision,3,2,2,0,2,1,1,0,1,30,,2,1,0,1,0,82.0,,,,1,2,1,1,6
202100014194,2021-10-09 07:45:00,2021,10,9,7,45,03,03321,rond point de l'Europe,46.54991,3.35765,Crépuscule ou aube,En agglomération,Giratoire,Normale,Deux véhicules - côté,4,1,1,0,1,2,1,0,1,50,,2,1,0,1,0,42.0,49.0,,,2,2,6,1,3
202100014195,2021-10-09 20:00:00,2021,10,9,20,0,75,75118,PORTE D AUBERVILLIERS,48.900802,2.369807,Crépuscule ou aube,En agglomération,Hors intersection,Normale,Trois véhicules et plus - en chaîne,4,1,4,0,1,1,1,0,1,70,,3,2,0,0,1,45.0,55.0,,,2,2,1,1,4
202100014196,2021-10-08 15:30:00,2021,10,8,15,30,75,75119,BOULEVARD PERIPHERIQUE,48.900223,2.382005,Plein jour,En agglomération,Hors intersection,Normale,Deux véhicules - côté,4,1,4,0,1,1,1,0,1,70,,2,1,0,0,1,43.0,29.0,,,1,2,1,1,3
202100014197,2021-10-08 08:30:00,2021,10,8,8,30,75,75120,PORTE DE MONTREUIL,48.85724,2.414025,Plein jour,En agglomération,Hors intersection,Normale,Deux véhicules - côté,4,1,4,0,1,1,1,0,1,70,,2,1,0,0,1,43.0,23.0,,,1,2,1,1,3
202100014198,2021-10-09 18:20:00,2021,10,9,18,20,75,75106,BOULEVARD RASPAIL,48.84517,2.32854,Plein jour,En agglomération,Intersection en X,Normale,Deux véhicules - côté,4,2,4,1,2,1,1,0,1,30,,2,1,0,0,1,49.0,36.0,,,1,2,2,1,3
202100014199,2021-10-09 07:30:00,2021,10,9,7,30,75,75112,AVENUE DU DOCTEUR ARNOLD NETTER,48.843331,2.405388,Crépuscule ou aube,En agglomération,Intersection en T,Normale,Deux véhicules - côté,4,2,2,3,1,1,1,0,1,30,,2,1,0,0,1,43.0,58.0,,,2,2,3,1,3
202100014200,2021-10-09 17:05:00,2021,10,9,17,5,75,75119,AVENUE DE FLANDRE,48.889835,2.37599,Plein jour,En agglomération,Intersection en T,Normale,Deux véhicules - côté,4,1,2,3,1,1,1,0,1,30,,3,2,0,0,1,23.0,38.0,,,1,2,3,1,3
202100014201,2021-10-09 15:00:00,2021,10,9,15,0,75,75119,AVENUE MATHURIN MOREAU,48.878277,2.372947,Plein jour,En agglomération,Intersection en X,Normale,Deux véhicules - côté,4,-1,1,0,2,1,1,0,1,30,,3,2,0,0,1,,56.0,,,1,2,2,1,3
202100014202,2021-10-08 13:55:00,2021,10,8,13,55,75,75118,BOULEVARD NEY,48.898488,2.356199,Plein jour,En agglomération,Hors intersection,Normale,Deux véhicules - côté,4,3,2,0,1,1,1,0,1,50,,2,1,0,0,1,50.0,32.0,,,1,2,1,1,3
202100014203,2021-10-07 13:10:00,2021,10,7,13,10,75,75116,RUE BOILEAU,48.840871,2.26237,Plein jour,En agglomération,Intersection en T,Normale,Autre collision,4,1,1,0,1,1,1,0,1,30,,2,1,0,0,1,50.0,,,,1,2,3,1,6
202100014204,2021-10-09 19:30:00,2021,10,9,19,30,75,75115,AVENUE DE LA PORTE BRANCION,48.828494,2.301386,Nuit avec éclairage allumé,En agglomération,Intersection en X,Normale,Deux véhicules - côté,4,2,1,1,4,1,1,0,1,50,,2,1,0,0,1,32.0,64.0,,,5,2,2,1,3
202100014205,2021-10-09 17:05:00,2021,10,9,17,5,75,75114,AVENUE DU GENERAL LECLERC,48.830078,2.328795,Plein jour,En agglomération,Intersection en X,Normale,Sans collision,4,2,5,0,1,1,1,0,1,50,,1,0,0,0,1,18.0,,,,1,2,2,1,7
202100014206,2021-10-09 09:50:00,2021,10,9,9,50,75,75112,RUE DU RENDEZ VOUS,48.84654,2.401222,Plein jour,En agglomération,Hors intersection,Normale,Autre collision,4,1,2,0,2,1,1,0,1,30,,2,1,0,0,1,57.0,,,,1,2,1,1,6
202100014207,2021-10-09 16:55:00,2021,10,9,16,55,75,75111,BOULEVARD DE MENILMONTANT,48.861836,2.387818,Plein jour,En agglomération,Hors intersection,Normale,Trois véhicules et plus - collisions multiples,4,1,2,1,1,1,1,0,1,30,,3,2,0,0,1,26.0,26.0,,,1,2,1,1,5
202100014208,2021-10-09 14:30:00,2021,10,9,14,30,75,75108,PLACE DE LA CONCORDE,48.864095,2.320145,Plein jour,En agglomération,Place,Normale,Deux véhicules - côté,4,2,3,1,1,1,1,0,1,50,,3,1,0,0,2,31.0,37.0,,,1,2,7,1,3
202100014209,2021-10-09 12:30:00,2021,10,9,12,30,75,75108,RUE DE VIENNE,48.876856,2.321674,Plein jour,En agglomération,Intersection en X,Normale,Deux véhicules - côté,4,1,1,1,1,1,1,0,1,30,,2,1,0,0,1,38.0,37.0,,,1,2,2,1,3
202100014210,2021-10-09 15:40:00,2021,10,9,15,40,75,75107,QUAI ANATOLE FRANCE,48.860001,2.327909,Plein jour,En agglomération,Hors intersection,Normale,Sans collision,4,1,3,1,1,1,1,0,1,30,,1,0,0,0,1,52.0,,,,1,2,1,1,7
202100014211,2021-10-09 05:30:00,2021,10,9,5,30,75,75107,PLACE JACQUES RUEFF,48.85598,2.298065,Nuit avec éclairage allumé,En agglomération,Place,Normale,Autre collision,4,1,1,0,1,1,1,0,1,50,,1,0,0,0,1,49.0,,,,5,2,7,1,6
202100014212,2021-10-09 15:30:00,2021,10,9,15,30,75,75101,RUE DU LOUVRE,48.862391,2.341639,Plein jour,En agglomération,Intersection en T,Normale,Autre collision,4,1,1,0,1,1,1,0,1,30,,2,1,0,0,1,,,,,1,2,3,1,6
202100014213,2021-10-08 08:20:00,2021,10,8,8,20,75,75102,RUE DE GRAMONT,48.8704,2.336884,Plein jour,En agglomération,Intersection en T,Normale,Deux véhicules - côté,4,2,2,0,1,1,1,0,1,30,,2,1,0,0,1,22.0,35.0,,,1,2,3,1,3
202100014214,2021-10-09 18:34:00,2021,10,9,18,34,94,94068,Boulevard des Corneilles,48.78602,2.49217,Crépuscule ou aube,En agglomération,Hors intersection,Normale,Deux véhicules - côté,4,4,1,0,1,1,1,0,1,30,,3,1,0,0,2,31.0,27.0,,,2,2,1,1,3
202100014215,2021-10-09 22:30:00,2021,10,9,22,30,94,94058,LEDRU ROLLIN (AV),48.84217,2.50135,Nuit avec éclairage allumé,En agglomération,Intersection en X,Normale,Deux véhicules - côté,3,2,2,0,1,1,1,0,1,50,,2,1,0,1,0,22.0,18.0,,,5,2,2,1,3
202100014216,2021-10-09 18:20:00,2021,10,9,18,20,94,94058,HUIT MAI 1945 (AV DU),48.8488,2.50859,Crépuscule ou aube,En agglomération,Hors intersection,Normale,Deux véhicules - côté,3,2,2,0,1,1,1,9,1,50,,2,1,0,0,1,29.0,,,,2,2,1,1,3
202100014217,2021-10-09 18:30:00,2021,10,9,18,30,94,94046,GENERAL LECLERC (AV DU),48.8141,2.42528,Plein jour,En agglomération,Hors intersection,Normale,Autre collision,3,3,4,0,1,1,1,0,1,50,,4,3,0,0,1,47.0,41.0,,,1,2,1,1,6
202100014218,2021-10-08 22:30:00,2021,10,8,22,30,94,94041,Rue Lénine,48.817813,2.397418,Nuit avec éclairage allumé,En agglomération,Hors intersection,Normale,Deux véhicules - arrière,3,1,2,0,1,1,1,0,1,50,,2,1,0,0,1,66.0,34.0,,,5,2,1,1,2
202100014219,2021-10-09 01:18:00,2021,10,9,1,18,94,94073,Boulevard de Stalingrad,48.7708610313,2.4010062218,Nuit avec éclairage allumé,En agglomération,Hors intersection,Normale,Autre collision,3,3,4,0,1,1,1,0,1,70,,2,1,0,0,1,21.0,30.0,,,5,2,1,1,6
202100014220,2021-10-09 21:35:00,2021,10,9,21,35,94,94033,Rue Dalayrac,48.84935,2.45797,Nuit avec éclairage allumé,En agglomération,Intersection en X,Normale,Deux véhicules - côté,3,-1,2,0,1,1,1,0,1,50,,2,1,0,0,1,,21.0,,,5,2,2,1,3
202100014221,2021-10-09 22:50:00,2021,10,9,22,50,94,94022,Boulevard des Alliés,48.76595,2.40436,Nuit avec éclairage allumé,En agglomération,Hors intersection,Normale,Deux véhicules - côté,3,-1,2,0,1,1,1,0,1,50,,2,1,0,0,1,,57.0,,,5,2,1,1,3
202100014222,2021-10-09 18:30:00,2021,10,9,18,30,94,94078,pont de villeneuve le roi,48.72768,2.44542,Plein jour,Hors agglomération,Intersection en T,Normale,Deux véhicules - côté,2,2,5,0,1,1,1,9,8,50,,3,2,0,0,1,42.0,41.0,,,1,1,3,1,3
202100014223,2021-10-09 12:40:00,2021,10,9,12,40,94,94019,Avenue de Pince Vent,48.79461,2.55812,Plein jour,En agglomération,Hors intersection,Normale,Autre collision,4,2,2,0,1,1,1,0,1,50,,2,1,0,0,1,69.0,,,,1,2,1,1,6
202100014224,2021-10-09 16:55:00,2021,10,9,16,55,94,94017,STALINGRAD - PONT DE NOGENT (BD DE),48.82956,2.49316,Plein jour,En agglomération,Autre intersection,Normale,Deux véhicules - côté,3,1,3,0,1,1,1,0,1,50,,2,1,0,0,1,29.0,42.0,,,1,2,9,1,3
202100014225,2021-10-09 07:30:00,2021,10,9,7,30,94,94017,François Mittérrand (avenue),48.81575,2.51394,Nuit avec éclairage non allumé,En agglomération,Hors intersection,Normale,Trois véhicules et plus - en chaîne,3,2,3,0,2,1,1,0,1,50,,4,1,0,0,3,34.0,50.0,,,4,2,1,1,4
202100014226,2021-10-09 15:50:00,2021,10,9,15,50,93,93066,CASANOVA DANIELLE NR 2 A 50 ET 1 A 19,48.929738,2.358401,Plein jour,En agglomération,Hors intersection,Normale,Deux véhicules - arrière,3,3,2,1,1,1,1,0,1,50,,2,1,0,0,1,25.0,54.0,,,1,2,1,1,2
202100014227,2021-10-09 14:10:00,2021,10,9,14,10,93,93066,WILSON (AVENUE DU PRESIDENT),48.9181767613,2.3579439878,Plein jour,En agglomération,Intersection en X,Normale,Deux véhicules - côté,3,1,2,0,1,1,1,0,1,50,,2,1,0,0,1,34.0,,,,1,2,2,1,3
202100014228,2021-10-09 15:18:00,2021,10,9,15,18,93,93077,GRANDE RUE,48.88251,2.51815,Plein jour,En agglomération,Intersection en T,Normale,Deux véhicules - côté,3,2,2,0,1,1,1,0,1,50,,2,1,0,0,1,46.0,33.0,,,1,2,3,1,3
202100014229,2021-10-08 15:30:00,2021,10,8,15,30,93,93005,ROBERT SCHUMAN (CARREFOUR),48.94832,2.51688,Plein jour,En agglomération,Hors intersection,Normale,Trois véhicules et plus - collisions multiples,3,1,1,1,1,3,1,0,1,50,,3,2,0,0,1,51.0,34.0,,,1,2,1,1,5
202100014230,2021-10-09 16:30:00,2021,10,9,16,30,93,93001,ANDRE KARMAN (RUE)  => 136/143,48.90743,2.38477,Plein jour,En agglomération,Intersection en X,Normale,Deux véhicules - côté,4,1,2,0,1,1,1,0,1,30,,2,1,0,0,1,30.0,43.0,,,1,2,2,1,3
202100014231,2021-10-09 05:00:00,2021,10,9,5,0,93,93001,JEAN JAURES  (AVE)  157 A 213,48.9094417786,2.3982749626,Nuit avec éclairage allumé,En agglomération,Hors intersection,Normale,Deux véhicules - côté,3,2,2,3,1,1,1,0,1,50,,2,1,0,0,1,46.0,19.0,,,5,2,1,1,3
202100014232,2021-10-09 17:11:00,2021,10,9,17,11,92,92051,"BINEAU (BOULEVARD, N°133 A 217 ET 134 A",48.89245,2.26879,Plein jour,En agglomération,Hors intersection,Normale,Deux véhicules - arrière,3,3,4,0,1,1,1,0,1,50,,4,3,0,0,1,36.0,65.0,,,1,2,1,1,2
202100014233,2021-10-09 01:15:00,2021,10,9,1,15,92,92035,République ( boulevard de la ),48.906615,2.246596,Nuit avec éclairage allumé,En agglomération,Hors intersection,Normale,Deux véhicules - côté,3,2,2,0,1,1,1,0,1,50,,2,1,0,0,1,34.0,30.0,,,5,2,1,1,3
202100014234,2021-10-09 01:42:00,2021,10,9,1,42,92,92012,SEVRES (RUE DE) 1/55 - 2/40,48.8315559782,2.230052948,Nuit avec éclairage non allumé,En agglomération,Hors intersection,Normale,Sans collision,4,2,0,0,1,1,1,0,1,50,,1,0,0,0,1,23.0,,,,4,2,1,1,7
202100014235,2021-10-09 09:50:00,2021,10,9,9,50,47,47044,Seguinel,44.662163,0.572142,Plein jour,Hors agglomération,Intersection en X,Normale,Deux véhicules - arrière,3,2,2,0,2,1,1,0,1,80,,2,1,0,1,0,22.0,17.0,,,1,1,2,1,2
202100014236,2021-10-09 19:35:00,2021,10,9,19,35,24,24418,route départementale 41,45.136736,0.467863,Nuit sans éclairage public,Hors agglomération,Hors intersection,Normale,Autre collision,3,2,2,0,2,1,1,0,3,80,,3,2,1,0,0,27.0,27.0,,,3,1,1,1,6
202100014237,2021-10-06 13:20:00,2021,10,6,13,20,41,41194,Rond point de chatlievre,47.342212,1.749012,Plein jour,En agglomération,Giratoire,Normale,Deux véhicules - côté,3,1,1,0,1,2,1,0,1,50,,2,1,0,0,1,25.0,40.0,,,1,2,6,1,3
202100014238,2021-10-10 16:15:00,2021,10,10,16,15,95,95116,Chemin du Jacloret,49.1501543427,2.3401717092,Plein jour,Hors agglomération,Hors intersection,Normale,Deux véhicules - frontale,4,2,2,0,1,2,1,0,1,50,,2,1,0,1,0,62.0,22.0,,,1,1,1,1,1
202100014239,2021-10-10 11:30:00,2021,10,10,11,30,18,18200,Le Chateau de la Grange,47.270832,2.899299,Plein jour,Hors agglomération,Hors intersection,Normale,Autre collision,3,2,2,0,1,1,1,0,3,80,,3,0,0,3,0,33.0,,,,1,1,1,1,6
202100014240,2021-10-09 23:30:00,2021,10,9,23,30,974,97422,Chemin de Kerveguen,-21.28715,55.520568,Nuit sans éclairage public,En agglomération,Intersection en T,Normale,Sans collision,4,2,2,0,2,2,1,0,3,50,,1,0,0,1,0,32.0,,,,3,2,3,1,7
202100014241,2021-10-10 15:30:00,2021,10,10,15,30,54,54118,rue de velosnes,49.4821539361,5.5047297485,Plein jour,Hors agglomération,Hors intersection,Normale,Deux véhicules - arrière,3,2,2,0,2,1,1,0,1,80,,2,1,0,1,0,65.0,64.0,,,1,1,1,1,2
202100014242,2021-10-09 20:30:00,2021,10,9,20,30,85,85109,"D160, pk 22",46.84493,-1.073506,Nuit sans éclairage public,Hors agglomération,Hors intersection,Normale,Deux véhicules - arrière,3,2,2,0,2,1,1,0,1,80,,2,1,0,1,0,18.0,44.0,,,3,1,1,1,2
202100014243,2021-10-03 04:00:00,2021,10,3,4,0,57,57656,rd 999,49.04469,6.327814,Nuit sans éclairage public,Hors agglomération,Hors intersection,Normale,Autre collision,3,2,2,0,1,1,1,0,3,80,,1,0,0,1,0,34.0,,,,3,1,1,1,6
202100014244,2021-10-09 12:10:00,2021,10,9,12,10,79,79195,42 Avenue Saint-Hubert,46.947129,-0.594254,Plein jour,En agglomération,Autre intersection,Normale,Deux véhicules - côté,3,2,2,0,2,1,1,0,1,50,,2,1,0,1,0,54.0,67.0,,,1,2,9,1,3
202100014245,2021-10-09 15:50:00,2021,10,9,15,50,71,71483,Montgelly,46.3135249763,4.2862528438,Plein jour,Hors agglomération,Hors intersection,Normale,Sans collision,4,2,2,0,2,1,6,0,1,80,,1,0,0,0,1,16.0,,,,1,1,1,1,7
202100014246,2021-10-09 11:46:00,2021,10,9,11,46,61,61491,Lieu Dit la Vigne,48.591781,0.641364,Plein jour,Hors agglomération,Hors intersection,Normale,Sans collision,3,2,2,0,2,2,1,0,3,90,,1,0,0,1,0,54.0,,,,1,1,1,1,7
202100014247,2021-10-09 10:50:00,2021,10,9,10,50,61,61005,D385,48.334596,0.580596,Plein jour,Hors agglomération,Hors intersection,Normale,Sans collision,3,2,2,0,2,1,1,0,1,80,,1,0,0,0,1,18.0,,,,1,1,1,1,7
202100014248,2021-10-09 16:35:00,2021,10,9,16,35,61,61145,D907,48.599459,-0.738831,Plein jour,Hors agglomération,Hors intersection,Normale,Deux véhicules - côté,3,-1,2,0,1,1,1,0,1,90,,4,2,0,1,1,52.0,61.0,,,1,1,1,1,3
202100014249,2021-10-09 21:16:00,2021,10,9,21,16,46,46317,D11,44.816893,1.756412,Nuit sans éclairage public,Hors agglomération,Hors intersection,Normale,Trois véhicules et plus - collisions multiples,3,2,2,0,1,1,1,0,1,70,,1,0,0,1,0,33.0,,,,3,1,1,1,5
202100014250,2021-10-10 09:00:00,2021,10,10,9,0,46,46034,D940,44.716329,1.912748,Plein jour,Hors agglomération,Hors intersection,Normale,Deux véhicules - arrière,3,2,2,0,1,1,1,0,1,80,,2,1,0,1,0,45.0,27.0,,,1,1,1,1,2
202100014251,2021-10-10 17:15:00,2021,10,10,17,15,47,47100,Chemin du Roude,44.255884,0.657367,Plein jour,Hors agglomération,Hors intersection,Normale,Deux véhicules - côté,2,2,2,0,2,1,1,0,1,80,,2,0,1,0,1,68.0,49.0,,,1,1,1,1,3
202100014252,2021-10-10 11:10:00,2021,10,10,11,10,34,34228,D907,43.425497,2.737913,Plein jour,Hors agglomération,Hors intersection,Normale,Deux véhicules - frontale,3,2,2,0,2,3,1,0,1,80,,2,0,0,2,0,46.0,20.0,,,1,1,1,1,1
202100014253,2021-10-10 10:10:00,2021,10,10,10,10,68,68094,Rue de Hagenthal,47.544967,7.446783,Plein jour,En agglomération,Hors intersection,Brouillard / fumée,Autre collision,3,2,2,0,2,2,1,0,4,50,,2,0,0,0,2,19.0,,,,1,2,1,5,6
202100014254,2021-10-08 18:20:00,2021,10,8,18,20,22,22251,Rue des Grands Clos (Pordic),48.571763,-2.823757,Plein jour,Hors agglomération,Intersection en T,Normale,Deux véhicules - côté,3,2,2,0,2,1,1,5,1,50,,2,1,0,1,0,15.0,39.0,,,1,1,3,1,3
202100014255,2021-10-09 14:50:00,2021,10,9,14,50,35,35284,RN 137-PK 111+300 sens RENNES / SAINT MALO,48.608536,-1.978741,Plein jour,Hors agglomération,Autre intersection,Normale,Deux véhicules - arrière,3,3,4,0,1,1,1,0,1,90,,3,1,0,2,0,77.0,20.0,,,1,1,9,1,2
202100014256,2021-10-10 06:45:00,2021,10,10,6,45,03,03275,intersection D137 / D34,46.513544,3.229964,Crépuscule ou aube,Hors agglomération,Intersection en T,Brouillard / fumée,Autre collision,3,2,2,0,1,1,1,0,8,90,,1,0,0,0,1,45.0,,,,2,1,3,5,6
202100014257,2021-10-10 17:15:00,2021,10,10,17,15,54,54294,D10d,48.849401,6.139909,Plein jour,Hors agglomération,Hors intersection,Normale,Sans collision,3,2,2,0,3,1,1,0,3,80,,1,0,1,0,0,55.0,,,,1,1,1,1,7
202100014258,2021-10-10 06:15:00,2021,10,10,6,15,14,14371,Rue du Général Leclerc (Livarot),48.986835587,0.1505684852,Nuit sans éclairage public,Hors agglomération,Hors intersection,Brouillard / fumée,Autre collision,3,2,2,0,1,3,1,0,3,80,,5,2,0,0,3,19.0,,,,3,1,1,5,6
202100014259,2021-10-09 14:15:00,2021,10,9,14,15,50,50215,Rue du Hameau Noël,49.085581,-1.597041,Plein jour,Hors agglomération,Intersection en T,Normale,Deux véhicules - côté,3,2,2,0,1,1,1,0,1,80,,2,1,0,1,0,55.0,78.0,,,1,1,3,1,3
202100014260,2021-10-09 18:50:00,2021,10,9,18,50,50,50256,D48 - Route du Marabout,48.654494,-1.143726,Plein jour,Hors agglomération,Hors intersection,Normale,Autre collision,3,2,2,0,2,2,1,0,1,80,,1,0,0,1,0,52.0,,,,1,1,1,1,6
202100014261,2021-10-09 20:00:00,2021,10,9,20,0,09,09173,d11,43.048804,1.559787,Nuit sans éclairage public,Hors agglomération,Hors intersection,Normale,Autre collision,3,2,2,0,1,1,9,0,3,80,,1,0,1,0,0,21.0,,,,3,1,1,1,6
202100014262,2021-10-09 20:00:00,2021,10,9,20,0,60,60518,D151,49.5743487576,2.1828002058,Nuit sans éclairage public,Hors agglomération,Intersection en X,Normale,Deux véhicules - côté,3,2,2,0,1,1,1,0,1,80,,5,0,0,0,5,35.0,50.0,,,3,1,2,1,3