accident_id,datetime,annee,mois,jour,heure,minute,departement,commune_insee,adresse,latitude,longitude,luminosite,agglomeration,intersection,meteo,collision,catr,circ,nbv,vosp,prof,plan,surf,infra,situ,vma,nb_vehicules,nb_usagers,nb_indemnes,nb_tues,nb_blesses_hosp,nb_blesses_legers,age_cond_1,age_cond_2,veh_type_cond_1,veh_type_cond_2,lum_code,agg_code,int_code,atm_code,col_code
202100014263,2021-10-10 12:50:00,2021,10,10,12,50,36,36194,Brisepaille,46.912286,1.330622,Plein jour,Hors agglomération,Hors intersection,Normale,Autre collision,3,2,2,0,1,1,1,0,3,90,,1,0,0,1,0,56.0,,,,1,1,1,1,6
202100014264,2021-10-10 15:00:00,2021,10,10,15,0,16,16068,Chavagnac,45.873999,0.426879,Plein jour,Hors agglomération,Hors intersection,Normale,Autre collision,3,2,2,0,4,2,1,0,3,80,,5,2,0,2,1,44.0,,,,1,1,1,1,6
202100014265,2021-10-10 12:40:00,2021,10,10,12,40,16,16101,D7,45.53891,0.038592,Plein jour,Hors agglomération,Intersection en X,Normale,Deux véhicules - côté,3,2,2,0,1,1,1,5,1,80,,2,1,0,1,0,67.0,18.0,,,1,1,2,1,3
202100014266,2021-10-10 04:55:00,2021,10,10,4,55,40,40026,Avenue de la Chalosse,43.786207,-0.560753,Nuit sans éclairage public,Hors agglomération,Hors intersection,Brouillard / fumée,Autre collision,3,2,2,0,1,1,1,0,3,90,,3,0,1,1,1,23.0,,,,3,1,1,5,6
202100014267,2021-10-10 00:30:00,2021,10,10,0,30,24,24147,Départementale 5,45.227294,0.952216,Nuit sans éclairage public,Hors agglomération,Hors intersection,Normale,Sans collision,3,2,2,0,1,1,1,0,1,70,,1,0,0,1,0,25.0,,,,3,1,1,1,7
202100014268,2021-10-10 16:15:00,2021,10,10,16,15,04,04018,RD 5 lieu-dit Dauban,44.007686,5.645658,Plein jour,Hors agglomération,Hors intersection,Normale,Autre collision,3,2,2,0,1,3,1,0,3,70,,1,0,0,0,1,29.0,,,,1,1,1,1,6
202100014269,2021-10-09 19:00:00,2021,10,9,19,0,87,87051,D43,45.62242,1.585529,Crépuscule ou aube,Hors agglomération,Hors intersection,Normale,Sans collision,3,3,2,0,1,2,1,0,3,50,,1,0,0,1,0,46.0,,,,2,1,1,1,7
202100014270,2021-10-10 12:14:00,2021,10,10,12,14,30,30033,Rue du Jeu de Mail,43.720676,4.321184,Plein jour,En agglomération,Intersection en X,Normale,Deux véhicules - côté,3,2,2,0,2,3,1,0,1,50,,3,1,0,1,1,33.0,76.0,,,1,2,2,1,3
202100014271,2021-10-10 05:47:00,2021,10,10,5,47,52,52062,D974,47.783851,5.314626,Nuit sans éclairage public,Hors agglomération,Hors intersection,Normale,Autre collision,3,2,3,0,2,1,1,0,3,90,,3,1,0,0,2,34.0,,,,3,1,1,1,6
202100014272,2021-10-10 10:30:00,2021,10,10,10,30,38,38214,A41S pk 018+200,45.305803,5.92839,Plein jour,Hors agglomération,Hors intersection,Normale,Sans collision,1,2,4,0,1,1,1,0,2,130,,1,0,0,1,0,56.0,,,,1,1,1,1,7
202100014273,2021-10-06 17:30:00,2021,10,6,17,30,11,11170,Les Ayguades,43.134752324,3.1329059601,Plein jour,Hors agglomération,Hors intersection,Normale,Trois véhicules et plus - en chaîne,3,2,2,0,1,1,1,0,1,80,,3,1,0,1,1,50.0,71.0,,,1,1,1,1,4
202100014274,2021-10-08 08:13:00,2021,10,8,8,13,66,66008,Avenue molière,42.553481,3.026991,Plein jour,En agglomération,Hors intersection,Normale,Autre collision,4,2,2,2,1,1,1,9,1,50,,3,1,0,0,2,66.0,,,,1,2,1,1,6
202100014275,2021-10-09 19:30:00,2021,10,9,19,30,988,98821,RT1 non loin du Pont de la tontouta,-21.98086,166.19599,Nuit sans éclairage public,Hors agglomération,Intersection en T,Normale,Deux véhicules - frontale,2,2,2,0,2,3,1,0,1,70,,4,1,1,1,1,29.0,27.0,,,3,1,3,1,1
202100014276,2021-10-09 21:00:00,2021,10,9,21,0,33,33199,Boulevard de la Côte d Argent,44.640568,-1.049392,Nuit avec éclairage allumé,En agglomération,Intersection en X,Normale,Autre collision,3,2,2,0,1,1,1,0,3,50,,1,0,0,1,0,27.0,,,,5,2,2,1,6
202100014277,2021-10-09 15:50:00,2021,10,9,15,50,78,78557,Route de Rambouillet,48.616117,1.716955,Plein jour,En agglomération,Hors intersection,Normale,Deux véhicules - arrière,3,2,2,0,1,1,1,0,1,50,,2,1,0,0,1,21.0,48.0,,,1,2,1,1,2
202100014278,2021-10-09 12:50:00,2021,10,9,12,50,05,05007,Route de l’Izoard,44.803534,6.737494,Plein jour,Hors agglomération,Hors intersection,Normale,Deux véhicules - frontale,3,-1,2,0,2,2,1,0,1,80,,2,1,0,1,0,54.0,30.0,,,1,1,1,1,1
202100014279,2021-10-09 16:00:00,2021,10,9,16,0,13,13027,Châteaurenard,43.895527,4.819093,Plein jour,Hors agglomération,Intersection en T,Normale,Deux véhicules - côté,3,3,2,0,1,1,1,0,1,-1,,2,1,0,1,0,23.0,64.0,,,1,1,3,1,3
202100014280,2021-10-09 16:50:00,2021,10,9,16,50,13,13066,D7n,43.873295,4.914515,Plein jour,Hors agglomération,Intersection en T,Normale,Deux véhicules - côté,3,2,2,0,1,1,1,0,1,80,,2,1,0,1,0,30.0,48.0,,,1,1,3,1,3
202100014281,2021-10-09 16:15:00,2021,10,9,16,15,13,13004,D36,43.615068,4.639256,Plein jour,En agglomération,Hors intersection,Normale,Deux véhicules - frontale,3,2,2,0,1,3,1,0,1,80,,4,1,0,2,1,42.0,59.0,,,1,2,1,1,1
202100014282,2021-10-09 22:30:00,2021,10,9,22,30,68,68163,30 rue de l'artisanat,47.677517,7.500669,Nuit avec éclairage allumé,En agglomération,Hors intersection,Normale,Sans collision,3,2,2,0,1,3,1,0,1,50,,1,0,0,1,0,37.0,,,,5,2,1,1,7
202100014283,2021-10-10 16:00:00,2021,10,10,16,0,67,67203,Croisement RD 139 RD 519,48.783625,7.673264,Plein jour,Hors agglomération,Giratoire,Normale,Deux véhicules - côté,3,2,2,0,2,1,1,5,1,80,,2,1,0,0,1,42.0,58.0,,,1,1,6,1,3
202100014284,2021-10-09 06:30:00,2021,10,9,6,30,73,73248,Avenue d Italie,45.266456,6.371314,Nuit avec éclairage allumé,En agglomération,Giratoire,Normale,Autre collision,4,2,2,0,1,1,1,0,1,50,,1,0,0,1,0,31.0,,,,5,2,6,1,6
202100014285,2021-10-09 17:45:00,2021,10,9,17,45,81,81105,Boulevard Georges Ravari,43.768386,1.980613,Plein jour,En agglomération,Giratoire,Normale,Deux véhicules - arrière,3,2,2,0,1,1,1,5,1,50,,3,1,1,0,1,16.0,56.0,,,1,2,6,1,2
202100014286,2021-10-08 09:00:00,2021,10,8,9,0,65,65370,Rue du Mourrou,43.089576,0.133917,Plein jour,En agglomération,Hors intersection,Normale,Deux véhicules - arrière,3,1,2,0,1,1,1,0,1,50,,2,1,0,1,0,34.0,17.0,,,1,2,1,1,2
202100014287,2021-10-08 12:05:00,2021,10,8,12,5,65,65320,Darre Capdeville,43.118628,0.087939,Plein jour,Hors agglomération,Hors intersection,Normale,Sans collision,3,2,2,0,2,2,1,0,1,80,,1,0,0,0,1,71.0,,,,1,1,1,1,7
202100014288,2021-10-09 17:45:00,2021,10,9,17,45,46,46221,route départementale 840  pk 20+300,44.636028,2.019367,Plein jour,Hors agglomération,Hors intersection,Temps éblouissant,Deux véhicules - frontale,3,2,2,0,2,2,1,0,1,50,,3,1,2,0,0,41.0,81.0,,,1,1,1,7,1
202100014289,2021-10-10 17:50:00,2021,10,10,17,50,64,64324,7 Rue de la République,43.2211441209,-0.4779779333,Plein jour,En agglomération,Intersection en T,Normale,Sans collision,3,2,2,0,1,1,1,0,1,50,,1,0,0,1,0,62.0,,,,1,2,3,1,7
202100014290,2021-10-09 05:30:00,2021,10,9,5,30,33,33555,D1250,44.685643,-0.867802,Nuit sans éclairage public,Hors agglomération,Giratoire,Normale,Sans collision,3,2,2,0,1,1,1,5,8,50,,2,0,0,2,0,31.0,,,,3,1,6,1,7
202100014291,2021-10-09 16:30:00,2021,10,9,16,30,61,61182,RD201,48.471627,-0.089457,Plein jour,Hors agglomération,Hors intersection,Normale,Deux véhicules - frontale,3,2,2,0,3,3,1,0,1,80,,2,0,1,0,1,44.0,65.0,,,1,1,1,1,1
202100014292,2021-10-10 08:00:00,2021,10,10,8,0,50,50034,D86 le bourg,49.090548,-1.073238,Nuit sans éclairage public,En agglomération,Hors intersection,Brouillard / fumée,Autre collision,3,2,2,0,1,1,1,0,3,-1,,2,1,0,1,0,21.0,,,,3,2,1,5,6
202100014293,2021-10-09 16:30:00,2021,10,9,16,30,76,76164,D81,49.519943,0.69422,Plein jour,Hors agglomération,Hors intersection,Normale,Deux véhicules - frontale,3,2,2,0,1,3,1,0,1,70,,3,2,0,0,1,70.0,36.0,,,1,1,1,1,1
202100014294,2021-10-10 03:30:00,2021,10,10,3,30,76,76678,D915,49.640138,1.432952,Nuit sans éclairage public,Hors agglomération,Hors intersection,Brouillard / fumée,Sans collision,3,2,2,0,1,1,1,0,1,80,,1,0,0,1,0,44.0,,,,3,1,1,5,7
202100014295,2021-10-09 16:40:00,2021,10,9,16,40,59,59400,60 Rue Victorine Deroide,50.649078,2.640117,Plein jour,En agglomération,Hors intersection,Normale,Autre collision,3,2,2,0,1,2,1,0,1,30,,1,0,0,1,0,17.0,,,,1,2,1,1,6
202100014296,2021-10-08 08:55:00,2021,10,8,8,55,67,67218,M353,48.502937,7.718281,Plein jour,Hors agglomération,Hors intersection,Normale,Deux véhicules - arrière,7,3,4,0,1,1,1,0,1,110,,2,1,0,0,1,30.0,40.0,,,1,1,1,1,2
202100014297,2021-10-09 08:45:00,2021,10,9,8,45,91,91534,RN 118,48.7157,2.1727,Plein jour,Hors agglomération,Hors intersection,Normale,Sans collision,2,1,2,0,1,3,1,0,1,30,,2,0,0,0,2,21.0,,,,1,1,1,1,7
202100014298,2021-10-08 20:45:00,2021,10,8,20,45,91,91661,RD 188 CHEVREUSE,48.696387,2.220981,Nuit sans éclairage public,Hors agglomération,Hors intersection,Normale,Sans collision,3,2,2,0,1,1,1,2,3,90,,1,0,0,0,1,25.0,,,,3,1,1,1,7
202100014299,2021-10-09 05:15:00,2021,10,9,5,15,78,78291,A13,48.96748,1.74591,Nuit sans éclairage public,Hors agglomération,Hors intersection,Normale,Deux véhicules - côté,1,-1,3,0,3,1,1,0,1,90,,3,0,0,0,3,26.0,35.0,,,3,1,1,1,3
202100014300,2021-10-08 01:12:00,2021,10,8,1,12,92,92072,N118,48.8277327133,2.224768635,Nuit avec éclairage allumé,Hors agglomération,Hors intersection,Normale,Deux véhicules - arrière,2,-1,2,0,2,2,1,0,1,70,,2,1,0,0,1,22.0,26.0,,,5,1,1,1,2
202100014301,2021-10-08 20:00:00,2021,10,8,20,0,95,95527, A1,49.022309,2.534376,Nuit avec éclairage allumé,Hors agglomération,Hors intersection,Normale,Deux véhicules - arrière,1,3,8,0,1,1,1,1,1,90,,2,1,0,0,1,39.0,29.0,,,5,1,1,1,2
202100014302,2021-10-08 21:00:00,2021,10,8,21,0,93,93010,AUTOROUTE A3,48.9048,2.47162,Nuit sans éclairage public,Hors agglomération,Hors intersection,Normale,Deux véhicules - côté,1,-1,6,0,1,1,1,0,1,90,,2,1,0,0,1,43.0,22.0,,,3,1,1,1,3
202100014303,2021-10-08 23:40:00,2021,10,8,23,40,60,60494,AUTOROUTE A1,49.1386929284,2.5687451096,Nuit sans éclairage public,Hors agglomération,Hors intersection,Normale,Deux véhicules - arrière,1,3,6,0,1,1,1,0,2,130,,2,1,0,0,1,39.0,61.0,,,3,1,1,1,2
202100014304,2021-10-06 21:35:00,2021,10,6,21,35,971,97101,JEAN  IGNACE (RUE) ,16.25166,-61.52075,Nuit sans éclairage public,En agglomération,Giratoire,Normale,Autre collision,3,3,2,0,1,1,1,0,1,50,,2,1,0,0,1,65.0,21.0,,,3,2,6,1,6
202100014305,2021-10-08 14:20:00,2021,10,8,14,20,76,76391,138 RN,49.32701,0.90956,Plein jour,Hors agglomération,Hors intersection,Normale,Autre collision,7,2,2,0,3,1,1,9,1,80,,2,1,1,0,0,31.0,,,,1,1,1,1,6
202100014306,2021-10-07 10:00:00,2021,10,7,10,0,76,76351,GEORGES LAFAURIE (RUE),49.50176,0.11602,Plein jour,En agglomération,Intersection en X,Normale,Autre collision,4,2,5,0,1,1,1,0,1,50,,3,1,0,0,2,42.0,,,,1,2,2,1,6
202100014307,2021-10-08 08:00:00,2021,10,8,8,0,72,72181,CHURCHILL WINSTON (BD) N° IMP 41 ET >,47.99063,0.22916,Plein jour,En agglomération,Hors intersection,Normale,Autre collision,4,3,2,3,1,1,1,0,1,50,,2,1,0,0,1,46.0,,,,1,2,1,1,6
202100014308,2021-10-07 17:50:00,2021,10,7,17,50,64,64445,RECTEUR JEAN SARRAILH,43.309762,-0.36987,Plein jour,En agglomération,Intersection en T,Normale,Autre collision,4,2,4,0,1,1,1,0,1,50,,2,0,1,0,1,75.0,,,,1,2,3,1,6
202100014309,2021-10-07 19:40:00,2021,10,7,19,40,45,45004,Rue de la Libération,47.97853,2.76943,Nuit avec éclairage allumé,En agglomération,Intersection en T,Normale,Deux véhicules - côté,4,2,2,0,1,1,1,0,1,50,,2,1,0,1,0,35.0,50.0,,,5,2,3,1,3
202100014310,2021-10-08 09:20:00,2021,10,8,9,20,93,93066,AUTOROUTE A1,48.9162304301,2.3575208466,Plein jour,Hors agglomération,Hors intersection,Normale,Trois véhicules et plus - collisions multiples,1,3,4,0,1,1,1,1,1,90,,3,2,0,1,0,35.0,27.0,,,1,1,1,1,5
202100014311,2021-07-29 12:40:00,2021,7,29,12,40,74,74010,SEMNOZ (ROUTE DU),45.8915,6.13273,Plein jour,En agglomération,Intersection en Y,Normale,Deux véhicules - frontale,3,2,2,0,2,2,1,0,1,50,,2,1,0,1,0,40.0,67.0,,,1,2,4,1,1
202100014312,2021-07-22 08:00:00,2021,7,22,8,0,74,74010,PRELEVET (AVENUE DE),45.89924,6.10275,Plein jour,En agglomération,Intersection en Y,Normale,Deux véhicules - côté,3,2,0,0,2,3,1,3,1,50,,2,1,0,1,0,59.0,30.0,,,1,2,4,1,3
202100014313,2021-07-08 14:28:00,2021,7,8,14,28,74,74010,FIER (BOULEVARD DU)),45.91913,6.11851,Plein jour,En agglomération,Hors intersection,Pluie légère,Autre collision,4,2,2,0,1,1,2,0,1,50,,2,1,0,0,1,20.0,,,,1,2,1,2,6
202100014314,2021-06-11 06:54:00,2021,6,11,6,54,74,74010,LOVERCHY (CIMETIERE/AVENUE),45.8933,6.1156,Plein jour,En agglomération,Hors intersection,Temps éblouissant,Deux véhicules - côté,4,2,4,1,1,1,1,0,1,50,,2,1,0,0,1,42.0,23.0,,,1,2,1,7,3
202100014315,2021-10-08 19:25:00,2021,10,8,19,25,974,97411,BOSSE (RUE DE L'AMIRAL),-20.89192,55.48732,Nuit avec éclairage allumé,En agglomération,Intersection en X,Normale,Deux véhicules - côté,4,1,1,0,2,1,1,9,1,30,,2,1,0,0,1,25.0,7.0,,,5,2,2,1,3
202100014316,2021-10-08 03:45:00,2021,10,8,3,45,69,69383,BANNIERE (DE LA) (R),45.75655,4.85571,Nuit avec éclairage allumé,En agglomération,Intersection en T,Normale,Deux véhicules - côté,4,1,1,0,1,1,1,0,1,50,,2,1,0,0,1,23.0,46.0,,,5,2,3,1,3
202100014317,2021-10-08 16:30:00,2021,10,8,16,30,69,69259,JEAN DUCLOS (R),45.69735,4.89096,Plein jour,En agglomération,Giratoire,Normale,Deux véhicules - côté,4,1,1,0,1,3,1,0,1,50,,2,1,0,0,1,47.0,39.0,,,1,2,6,1,3
202100014318,2021-10-08 08:25:00,2021,10,8,8,25,69,69259,SAVOIES (DES) (ALL),45.7171869292,4.8594385386,Plein jour,En agglomération,Hors intersection,Normale,Deux véhicules - côté,4,1,2,0,1,1,1,0,1,50,,2,0,1,0,1,33.0,50.0,,,1,2,1,1,3
202100014319,2021-10-08 05:40:00,2021,10,8,5,40,69,69383,BONNEL (DE) (R),45.7616001292,4.8453515768,Nuit avec éclairage allumé,En agglomération,Intersection en X,Normale,Deux véhicules - côté,4,1,3,3,1,1,1,0,1,50,,2,1,0,0,1,24.0,41.0,,,5,2,2,1,3
202100014320,2021-10-08 18:35:00,2021,10,8,18,35,972,97213,ROUTE DEPARTEMENTALE 3,14.60367,-60.99746,Nuit sans éclairage public,Hors agglomération,Hors intersection,Pluie légère,Deux véhicules - côté,3,2,2,0,1,1,1,0,1,50,,2,0,0,0,2,38.0,68.0,,,3,1,1,2,3
202100014321,2021-10-08 17:00:00,2021,10,8,17,0,69,69382,DOCTEUR GAILLETON (DU) (Q),45.75022,4.83142,Plein jour,En agglomération,Intersection en T,Normale,Deux véhicules - côté,4,2,4,3,1,1,1,0,1,50,,2,1,0,0,1,18.0,24.0,,,1,2,3,1,3
202100014322,2021-10-08 16:45:00,2021,10,8,16,45,69,69389,PLATEAU (DU) (AV),45.7845,4.79478,Crépuscule ou aube,En agglomération,Autre intersection,Normale,Autre collision,4,2,2,0,1,1,1,0,1,50,,2,1,0,0,1,,,,,2,2,9,1,6
202100014323,2021-10-08 16:50:00,2021,10,8,16,50,69,69081,VERDUN (DE) (AV) ,45.77375,4.78787,Plein jour,En agglomération,Hors intersection,Normale,Deux véhicules - arrière,4,2,2,2,2,1,1,0,1,50,,3,2,0,0,1,32.0,44.0,,,1,2,1,1,2
202100014324,2021-10-08 08:15:00,2021,10,8,8,15,69,69389,VINGT CINQUIEME R.T.S. (AV),45.78061,4.80075,Plein jour,En agglomération,Intersection en X,Normale,Autre collision,4,2,4,0,1,1,1,0,1,50,,2,1,1,0,0,51.0,,,,1,2,2,1,6
202100014325,2021-10-08 17:15:00,2021,10,8,17,15,2B,2B033,TOUTES RUES,42.70006,9.45123,Plein jour,En agglomération,Hors intersection,Normale,Deux véhicules - frontale,5,-1,0,0,1,1,1,6,8,1,,2,0,0,0,2,18.0,,,,1,2,1,1,1
202100014326,2021-10-07 17:06:00,2021,10,7,17,6,971,97107,GERMAIN ST RUF (AVENUE ),16.0521923318,-61.5622329712,Plein jour,En agglomération,Autre intersection,Normale,Deux véhicules - frontale,4,2,2,0,1,1,1,8,1,50,,2,1,0,0,1,36.0,56.0,,,1,2,9,1,1
202100014327,2021-10-08 09:20:00,2021,10,8,9,20,971,97105,MAURICE MARIE-CLAIRE(RUE),15.99603,-61.73057,Plein jour,En agglomération,Intersection en X,Normale,Autre collision,4,1,2,0,1,2,1,0,1,30,,2,1,0,1,0,77.0,,,,1,2,2,1,6
202100014328,2021-10-07 17:20:00,2021,10,7,17,20,2A,2A004,CALVI  ROUTE,41.95852,8.78059,Plein jour,Hors agglomération,Intersection en T,Normale,Deux véhicules - côté,3,2,2,0,1,1,1,0,1,50,,2,1,0,1,0,74.0,43.0,,,1,1,3,1,3
202100014329,2021-10-07 19:00:00,2021,10,7,19,0,91,91570,SAINTE GENEVIEVE (RUE),48.63836,2.31492,Plein jour,En agglomération,Hors intersection,Normale,Deux véhicules - frontale,3,2,3,0,1,1,1,0,1,50,,2,1,0,0,1,42.0,63.0,,,1,2,1,1,1
202100014330,2021-10-07 10:00:00,2021,10,7,10,0,91,91691,PIERRE BROSSOLETTE(RUE),48.70037,2.47967,Plein jour,En agglomération,Hors intersection,Normale,Deux véhicules - arrière,4,2,2,0,1,1,1,0,1,50,,2,1,0,0,1,60.0,57.0,,,1,2,1,1,2
202100014331,2021-10-08 16:40:00,2021,10,8,16,40,91,91326,MONTTESSUY (RUE DE),48.68607,2.38364,Plein jour,En agglomération,Hors intersection,Normale,Autre collision,3,2,1,0,1,1,1,0,1,50,,2,1,0,0,1,27.0,,,,1,2,1,1,6
202100014332,2021-10-08 15:40:00,2021,10,8,15,40,91,91479,AV D ALSACE LORRAINE,48.70869,2.36811,Plein jour,En agglomération,Hors intersection,Normale,Autre collision,4,2,2,0,1,1,1,0,1,50,,2,1,0,0,1,43.0,,,,1,2,1,1,6
202100014333,2021-10-07 12:50:00,2021,10,7,12,50,91,91223,REPUBLIQUE (RUE DE LA),48.4326,2.16864,Plein jour,En agglomération,Intersection en T,Normale,Deux véhicules - côté,4,2,2,0,1,1,1,0,1,50,,3,2,0,1,0,64.0,64.0,,,1,2,3,1,3
202100014334,2021-10-07 07:53:00,2021,10,7,7,53,87,87065,TOULOUSE (RUE DE),45.80015,1.29549,Nuit sans éclairage public,Hors agglomération,Hors intersection,Normale,Deux véhicules - côté,3,2,2,0,1,2,2,0,1,50,,2,1,0,0,1,38.0,40.0,,,3,1,1,1,3
202100014335,2021-10-07 13:52:00,2021,10,7,13,52,87,87085,LEBON (RUE PHILIPPE),45.88093,1.2788,Plein jour,En agglomération,Hors intersection,Normale,Autre collision,4,2,2,0,1,1,1,0,1,50,,1,0,0,0,1,24.0,,,,1,2,1,1,6
202100014336,2021-10-06 16:18:00,2021,10,6,16,18,87,87050,RN520 (COUZEIX),45.892433,1.251642,Plein jour,Hors agglomération,Intersection en T,Normale,Deux véhicules - côté,2,2,2,0,1,1,1,0,1,80,,2,1,0,0,1,66.0,61.0,,,1,1,3,1,3
202100014337,2021-10-07 18:45:00,2021,10,7,18,45,83,83126,BRUN (AV ROBERT),43.11617,5.87179,Crépuscule ou aube,En agglomération,Hors intersection,Normale,Autre collision,4,2,2,0,1,1,1,0,3,50,,1,0,0,1,0,25.0,,,,2,2,1,1,6
202100014338,2021-10-08 19:05:00,2021,10,8,19,5,78,78029,AVENUE DE L'UNION,48.96023,1.84399,Crépuscule ou aube,Hors agglomération,Hors intersection,Normale,Deux véhicules - arrière,3,1,1,0,1,1,1,0,1,50,,3,2,0,0,1,77.0,23.0,,,2,1,1,1,2
202100014339,2021-10-08 12:50:00,2021,10,8,12,50,77,77390,D361,48.79792,2.64009,Plein jour,En agglomération,Hors intersection,Normale,Deux véhicules - frontale,3,2,2,0,1,1,1,0,1,50,,2,1,0,0,1,40.0,,,,1,2,1,1,1
202100014340,2021-10-07 21:30:00,2021,10,7,21,30,77,77039,D39,48.52526,2.59577,Nuit sans éclairage public,En agglomération,Hors intersection,Normale,Autre collision,3,2,2,0,1,3,1,0,3,80,,2,1,0,0,1,18.0,,,,3,2,1,1,6
202100014341,2021-10-08 17:50:00,2021,10,8,17,50,77,77333,RUE DES CHAUDINS,48.26168,2.7035,Plein jour,En agglomération,Hors intersection,Normale,Deux véhicules - frontale,4,-1,2,0,1,1,1,0,4,50,,1,0,0,0,1,27.0,,,,1,2,1,1,1
202100014342,2021-10-08 09:00:00,2021,10,8,9,0,76,76540,SAINT GERVAIS. CAVEE,49.44991,1.08381,Plein jour,En agglomération,Intersection en X,Normale,Deux véhicules - côté,4,1,2,0,2,1,1,0,1,30,,2,1,0,1,0,15.0,36.0,,,1,2,2,1,3
202100014343,2021-10-08 19:15:00,2021,10,8,19,15,69,69266,GENAS (DE) (RTE),45.7485555702,4.9176887423,Nuit avec éclairage allumé,En agglomération,Intersection en X,Normale,Deux véhicules - côté,7,2,4,3,1,1,1,0,1,50,,2,1,0,1,0,21.0,32.0,,,5,2,2,1,3
202100014344,2021-10-08 19:10:00,2021,10,8,19,10,69,69282,FOYER FRANCAIS (DU) (AV),45.77662,4.99376,Nuit avec éclairage allumé,En agglomération,Hors intersection,Normale,Deux véhicules - côté,4,2,2,0,1,1,1,0,1,50,,2,1,0,0,1,39.0,48.0,,,5,2,1,1,3
202100014345,2021-10-07 10:40:00,2021,10,7,10,40,69,69264,THIZY DE (R),45.98705,4.71439,Plein jour,En agglomération,Hors intersection,Normale,Deux véhicules - côté,3,1,3,0,1,1,1,0,1,50,,2,1,0,0,1,71.0,77.0,,,1,2,1,1,3
202100014346,2021-10-07 11:55:00,2021,10,7,11,55,67,67482,PETITES FERMES (RUE DES),48.58016,7.71343,Plein jour,En agglomération,Hors intersection,Normale,Autre collision,4,2,2,0,1,1,1,0,1,30,,2,1,0,0,1,63.0,,,,1,2,1,1,6
202100014347,2021-10-07 14:50:00,2021,10,7,14,50,66,66136,ALDUY (Paul),42.66992,2.90501,Plein jour,En agglomération,Giratoire,Normale,Deux véhicules - côté,4,2,2,0,1,1,1,0,1,50,,2,1,0,0,1,61.0,71.0,,,1,2,6,1,3
202100014348,2021-10-07 13:19:00,2021,10,7,13,19,66,66136,CABRIT IMPASSE RUE JOSEPH,42.69891,2.88152,Plein jour,En agglomération,Intersection en T,Normale,Deux véhicules - côté,4,1,1,0,1,1,1,0,1,50,,2,1,0,0,1,18.0,56.0,,,1,2,3,1,3
202100014349,2021-10-07 17:39:00,2021,10,7,17,39,65,65440,ALSACE LORRAINE (AVENUE),43.257493,0.072078,Plein jour,En agglomération,Hors intersection,Normale,Deux véhicules - arrière,3,2,2,0,1,1,1,0,1,50,,2,1,1,0,0,70.0,25.0,,,1,2,1,1,2
202100014350,2021-10-08 08:45:00,2021,10,8,8,45,64,64260,IRANDATZ ( RUE D'),43.353551,-1.773398,Plein jour,En agglomération,Hors intersection,Temps éblouissant,Autre collision,4,2,0,0,1,1,1,0,6,50,,2,1,0,0,1,47.0,,,,1,2,1,7,6
202100014351,2021-10-08 12:40:00,2021,10,8,12,40,64,64122,DASSAULT MARCEL (BD),43.45004,-1.55979,Plein jour,Hors agglomération,Hors intersection,Normale,Autre collision,3,2,2,0,1,1,1,0,1,50,,2,1,0,1,0,25.0,,,,1,1,1,1,6
202100014352,2021-10-07 15:15:00,2021,10,7,15,15,64,64122,"""KENNEDY (AVENUE DU PRESIDENT J,F)""",43.466423,-1.553905,Plein jour,En agglomération,Hors intersection,Normale,Autre collision,4,2,2,0,1,2,1,0,4,50,,3,1,0,1,1,31.0,,,,1,2,1,1,6
202100014353,2021-10-07 20:00:00,2021,10,7,20,0,64,64024,BIARRITZ (AVENUE DE),43.4806878885,-1.5302786976,Nuit avec éclairage allumé,En agglomération,Hors intersection,Normale,Deux véhicules - côté,4,2,2,0,1,1,1,0,1,50,,2,1,0,0,1,85.0,25.0,,,5,2,1,1,3
202100014354,2021-10-08 17:55:00,2021,10,8,17,55,62,62735,LILLE ( ROUTE DE ) OU PETIT SAILLY,50.51183,2.70619,Plein jour,En agglomération,Hors intersection,Normale,Autre collision,3,2,3,0,1,1,1,0,1,70,,3,0,0,1,2,21.0,,,,1,2,1,1,6
202100014355,2021-10-08 01:27:00,2021,10,8,1,27,60,60159,Place Saint-Clément,49.41664,2.82253,Nuit sans éclairage public,En agglomération,Intersection en X,Normale,Deux véhicules - côté,4,2,2,0,1,1,1,5,1,30,,6,4,0,1,1,23.0,43.0,,,3,2,2,1,3
202100014356,2021-10-09 01:00:00,2021,10,9,1,0,59,59650,VOLTAIRE (RUE),50.7112913585,3.1963298562,Nuit avec éclairage allumé,En agglomération,Autre intersection,Temps couvert,Autre collision,4,2,2,0,1,1,1,0,1,30,,2,0,0,0,2,22.0,,,,5,2,9,8,6
202100014357,2021-10-08 18:20:00,2021,10,8,18,20,59,59512,NATIONS UNIES (AVENUE DES),50.694186,3.176686,Plein jour,En agglomération,Autre intersection,Normale,Autre collision,7,2,2,3,1,1,1,0,1,50,,2,1,0,1,0,61.0,,,,1,2,9,1,6
202100014358,2021-10-08 19:00:00,2021,10,8,19,0,59,59350,MAILLOTTE JEANNE RUE,50.6321221508,3.0626267195,Crépuscule ou aube,En agglomération,Intersection en X,Normale,Deux véhicules - côté,4,1,1,1,1,1,1,0,5,30,,2,1,0,0,1,32.0,83.0,,,2,2,2,1,3
202100014359,2021-10-08 09:20:00,2021,10,8,9,20,59,59636,BONDUES RUE DE,50.6874786876,3.0612813571,Plein jour,En agglomération,Intersection en T,Normale,Deux véhicules - côté,4,2,2,0,1,2,1,0,1,50,,2,1,0,0,1,27.0,54.0,,,1,2,3,1,3