accident_id,datetime,annee,mois,jour,heure,minute,departement,commune_insee,adresse,latitude,longitude,luminosite,agglomeration,intersection,meteo,collision,catr,circ,nbv,vosp,prof,plan,surf,infra,situ,vma,nb_vehicules,nb_usagers,nb_indemnes,nb_tues,nb_blesses_hosp,nb_blesses_legers,age_cond_1,age_cond_2,veh_type_cond_1,veh_type_cond_2,lum_code,agg_code,int_code,atm_code,col_code
202100014360,2021-10-07 23:15:00,2021,10,7,23,15,59,59328,BONTE AUGUSTE RUE,50.64507,3.02236,Nuit avec éclairage allumé,En agglomération,Intersection en X,Normale,Deux véhicules - côté,7,2,2,2,1,1,1,5,1,50,,2,0,0,0,2,18.0,54.0,,,5,2,2,1,3
202100014361,2021-10-06 17:59:00,2021,10,6,17,59,57,57672,ASIE (CHAUSSEE D') - IMPAIR,49.3639687,6.1469658,Plein jour,En agglomération,Hors intersection,Pluie légère,Deux véhicules - frontale,4,1,1,0,1,1,2,0,1,30,,2,1,0,0,1,34.0,28.0,,,1,2,1,2,1
202100014362,2021-10-08 07:30:00,2021,10,8,7,30,54,54304,RESISTANCE (AV. DE LA -PAIR-),48.694194442,6.131652549,Crépuscule ou aube,En agglomération,Intersection en X,Normale,Autre collision,4,2,4,0,1,1,1,0,1,50,,2,1,0,1,0,23.0,,,,2,2,2,1,6
202100014363,2021-10-08 06:05:00,2021,10,8,6,5,54,54395,LEOPOLD (COURS),48.69629,6.176175,Nuit avec éclairage allumé,En agglomération,Hors intersection,Normale,Sans collision,7,1,2,2,1,1,1,-1,1,30,,1,0,0,0,1,58.0,,,,5,2,1,1,7
202100014364,2021-10-08 14:12:00,2021,10,8,14,12,51,51454,Boulevard Paul Doumer,49.2467999543,4.0298945752,Plein jour,En agglomération,Intersection en X,Normale,Deux véhicules - frontale,4,2,2,0,1,2,1,0,1,30,,3,1,0,1,1,47.0,60.0,,,1,2,2,1,1
202100014365,2021-10-08 08:22:00,2021,10,8,8,22,49,49007,CARNOT,47.47524,-0.54881,Plein jour,En agglomération,Hors intersection,Normale,Deux véhicules - arrière,4,2,2,0,1,1,1,0,1,50,,2,1,0,0,1,31.0,47.0,,,1,2,1,1,2
202100014366,2021-10-06 11:40:00,2021,10,6,11,40,44,44184,ETANG (ROUTE DE L'),47.28748,-2.26699,Plein jour,En agglomération,Hors intersection,Normale,Deux véhicules - côté,4,2,1,0,1,1,1,0,1,50,,2,1,0,0,1,21.0,65.0,,,1,2,1,1,3
202100014367,2021-10-08 07:33:00,2021,10,8,7,33,41,41047,RD 2152,47.6208,1.36974,Nuit avec éclairage allumé,En agglomération,Hors intersection,Normale,Autre collision,3,2,2,0,1,1,1,0,1,50,,2,1,0,0,1,85.0,,,,5,2,1,1,6
202100014368,2021-10-08 20:45:00,2021,10,8,20,45,37,37261,HEURTELOUP (BOULEVARD),47.3912044567,0.6968679537,Nuit avec éclairage allumé,En agglomération,Hors intersection,Normale,Autre collision,4,1,2,0,1,1,1,0,1,50,,2,1,0,0,1,47.0,,,,5,2,1,1,6
202100014369,2021-10-08 13:56:00,2021,10,8,13,56,37,37122,RD 37,47.3549592066,0.6457468718,Plein jour,Hors agglomération,Hors intersection,Normale,Deux véhicules - arrière,7,1,4,0,1,1,1,0,1,90,,3,0,0,0,3,72.0,20.0,,,1,1,1,1,2
202100014370,2021-10-08 08:35:00,2021,10,8,8,35,37,37261,GAUTHIER (RUE MARCEL),47.4047384734,0.7109922767,Plein jour,En agglomération,Hors intersection,Normale,Sans collision,4,2,2,0,2,1,1,0,1,50,,1,0,0,0,1,38.0,,,,1,2,1,1,7
202100014371,2021-10-07 17:15:00,2021,10,7,17,15,37,37261,DANEMARK (AVENUE DU),47.4301909918,0.6830937825,Plein jour,Hors agglomération,Hors intersection,Normale,Trois véhicules et plus - collisions multiples,7,3,4,0,1,1,1,0,1,50,,4,3,0,0,1,27.0,44.0,,,1,1,1,1,5
202100014372,2021-10-07 06:45:00,2021,10,7,6,45,37,37122,RD 37,47.350796746,0.6460357737,Nuit avec éclairage non allumé,En agglomération,Hors intersection,Normale,Deux véhicules - côté,7,3,4,0,1,1,1,0,1,90,,2,1,0,1,0,38.0,64.0,,,4,2,1,1,3
202100014373,2021-10-08 13:45:00,2021,10,8,13,45,35,35281,ROCADE 11-12,48.086801,-1.700668,Plein jour,Hors agglomération,Hors intersection,Normale,Deux véhicules - arrière,2,3,4,0,1,1,1,0,1,90,,3,1,0,0,2,30.0,27.0,,,1,1,1,1,2
202100014374,2021-10-08 08:35:00,2021,10,8,8,35,35,35238,SAINT-HELIER,48.10736,-1.66591,Plein jour,En agglomération,Hors intersection,Normale,Deux véhicules - arrière,4,2,3,2,2,1,1,0,1,30,,2,0,0,0,2,49.0,55.0,,,1,2,1,1,2
202100014375,2021-10-06 13:54:00,2021,10,6,13,54,34,34172,BLUM (RUE LEON),43.608009,3.890589,Plein jour,En agglomération,Hors intersection,Normale,Trois véhicules et plus - collisions multiples,4,1,2,0,1,1,1,0,1,30,,3,1,0,2,0,21.0,21.0,,,1,2,1,1,5
202100014376,2021-10-07 14:00:00,2021,10,7,14,0,34,34032,RHIN ET DANUBE (AV.),43.35515,3.23697,Plein jour,En agglomération,Intersection en T,Normale,Autre collision,4,-1,2,0,1,1,1,0,1,50,,2,1,0,1,0,66.0,,,,1,2,3,1,6
202100014377,2021-10-08 20:00:00,2021,10,8,20,0,33,33063,Quai de Brazza,44.85519,-0.55096,Nuit avec éclairage non allumé,En agglomération,Intersection en T,Normale,Deux véhicules - frontale,4,2,2,0,1,1,1,0,1,50,,2,1,0,0,1,30.0,34.0,,,4,2,3,1,1
202100014378,2021-10-08 12:05:00,2021,10,8,12,5,33,33167,Route de Bergerac,44.8431,-0.50392,Plein jour,Hors agglomération,Giratoire,Normale,Deux véhicules - côté,4,2,5,0,1,1,1,0,1,50,,2,1,0,1,0,43.0,52.0,,,1,1,6,1,3
202100014379,2021-10-08 18:00:00,2021,10,8,18,0,31,31069,GRAND NOBLE (PORTE DU),43.63903,1.3763,Plein jour,En agglomération,Hors intersection,Normale,Sans collision,7,1,1,0,1,3,1,0,8,50,,1,0,0,0,1,21.0,,,,1,2,1,1,7
202100014380,2021-10-08 11:15:00,2021,10,8,11,15,30,30007,CARNOT (AVE),44.1213,4.0871,Plein jour,En agglomération,Hors intersection,Normale,Autre collision,4,2,2,0,1,1,1,0,1,50,,2,1,0,1,0,60.0,,,,1,2,1,1,6
202100014381,2021-10-08 19:04:00,2021,10,8,19,4,29,29019,Rue de Kermenguy,48.403908,-4.500316,Plein jour,En agglomération,Intersection en T,Normale,Deux véhicules - côté,4,2,2,0,1,1,1,0,1,30,,2,1,0,0,1,34.0,43.0,,,1,2,3,1,3
202100014382,2021-10-07 20:00:00,2021,10,7,20,0,29,29019,Boulevard de l’Europe,48.4161501076,-4.4683113096,Crépuscule ou aube,En agglomération,Intersection en T,Normale,Deux véhicules - frontale,4,1,5,0,1,1,1,0,1,50,,2,1,0,1,0,26.0,72.0,,,2,2,3,1,1
202100014383,2021-10-08 16:10:00,2021,10,8,16,10,27,27375,CHURCHILL (AVENUE WINSTON),49.226679,1.1683348,Plein jour,En agglomération,Intersection en T,Normale,Deux véhicules - côté,4,2,0,0,1,1,1,8,1,50,,2,1,0,0,1,50.0,56.0,,,1,2,3,1,3
202100014384,2021-10-08 09:45:00,2021,10,8,9,45,26,26362,49 Rue Madier de Montjau,44.932674,4.893894,Plein jour,En agglomération,Intersection en T,Normale,Autre collision,4,2,1,0,1,1,1,6,6,30,,2,1,0,1,0,37.0,,,,1,2,3,1,6
202100014385,2021-10-01 16:30:00,2021,10,1,16,30,26,26362,101 Boulevard Maréchal Juin,44.91309,4.898001,Plein jour,En agglomération,Hors intersection,Normale,Deux véhicules - côté,4,2,2,1,1,1,1,0,1,50,,2,1,0,0,1,36.0,40.0,,,1,2,1,1,3
202100014386,2021-10-08 21:42:00,2021,10,8,21,42,26,26198,2 Rue de la Libération,44.542957,4.746691,Nuit avec éclairage allumé,En agglomération,Intersection en T,Normale,Autre collision,4,2,2,0,1,1,1,0,1,50,,2,1,0,1,0,20.0,,,,5,2,3,1,6
202100014387,2021-10-08 09:00:00,2021,10,8,9,0,26,26198,15 Av John Fitzgerald Kennedy,44.55375,4.74443,Plein jour,En agglomération,Hors intersection,Normale,Deux véhicules - frontale,3,-1,2,0,1,1,1,0,8,50,,2,1,0,0,1,40.0,25.0,,,1,2,1,1,1
202100014388,2021-10-08 08:03:00,2021,10,8,8,3,22,22278,CHAPTAL,48.50943,-2.73451,Plein jour,En agglomération,Hors intersection,Normale,Deux véhicules - côté,4,2,4,0,1,1,1,0,1,50,,4,1,0,1,2,16.0,16.0,,,1,2,1,1,3
202100014389,2021-10-08 16:28:00,2021,10,8,16,28,21,21054,SEURRE (ROUTE DE),47.01975,4.84722,Plein jour,En agglomération,Giratoire,Temps éblouissant,Deux véhicules - côté,4,-1,0,0,1,1,1,0,1,50,,2,1,0,1,0,69.0,15.0,,,1,2,6,7,3
202100014390,2021-10-04 05:45:00,2021,10,4,5,45,19,19031,GRIVEL (BOULEVARD AMIRAL),45.15541,1.54013,Nuit avec éclairage allumé,En agglomération,Hors intersection,Normale,Deux véhicules - frontale,4,2,2,0,1,3,2,0,1,50,,4,1,0,0,3,21.0,55.0,,,5,2,1,1,1
202100014391,2021-10-08 06:40:00,2021,10,8,6,40,14,14118,FRANCAISE (AVENUE DE LA 1ERE ARMEE),49.18868,-0.38297,Nuit avec éclairage allumé,En agglomération,Hors intersection,Normale,Autre collision,6,-1,-1,3,1,1,1,9,4,30,,2,1,0,0,1,41.0,,,,5,2,1,1,6
202100014392,2021-10-08 10:50:00,2021,10,8,10,50,13,13019,TRAVERSE DE LA FERIGOULO,43.46071,5.35399,Plein jour,En agglomération,Hors intersection,Normale,Deux véhicules - arrière,7,1,1,0,1,1,1,9,3,50,,2,1,0,1,0,58.0,,,,1,2,1,1,2
202100014393,2021-10-08 08:45:00,2021,10,8,8,45,13,13211,PEINTRES ROUX (avenue),43.304383005,5.472034276,Plein jour,En agglomération,Hors intersection,Normale,Trois véhicules et plus - collisions multiples,4,2,2,0,2,4,1,0,1,50,,4,2,0,2,0,56.0,26.0,,,1,2,1,1,5
202100014394,2021-10-08 06:45:00,2021,10,8,6,45,13,13205,BAILLE (BOULEVARD),43.28891,5.39545,Nuit avec éclairage allumé,En agglomération,Hors intersection,Normale,Deux véhicules - arrière,4,-1,4,0,1,1,1,0,1,50,,2,1,0,0,1,42.0,29.0,,,5,2,1,1,2
202100014395,2021-10-08 20:24:00,2021,10,8,20,24,13,13005,MANOUCHIAN (AVENUE),43.28691,5.54861,Nuit avec éclairage allumé,En agglomération,Hors intersection,Normale,Autre collision,7,3,0,0,1,1,1,0,1,50,,2,1,0,1,0,25.0,49.0,,,5,2,1,1,6
202100014396,2021-10-08 08:05:00,2021,10,8,8,5,13,13070,VOLTAIRE (BOULEVARD),43.2813929342,5.5167814853,Plein jour,En agglomération,Hors intersection,Normale,Autre collision,4,2,3,0,1,1,1,0,1,50,,2,1,0,0,1,44.0,,,,1,2,1,1,6
202100014397,2021-10-06 08:05:00,2021,10,6,8,5,13,13004,RTE N113 MARSEILLE A BORBEAUX,43.66922,4.62609,Plein jour,Hors agglomération,Hors intersection,Normale,Deux véhicules - côté,2,1,2,0,1,1,1,0,1,90,,2,0,0,0,2,27.0,51.0,,,1,1,1,1,3
202100014398,2021-10-07 16:38:00,2021,10,7,16,38,05,05061,Boulevard d’Orient,44.56421,6.10034,Plein jour,En agglomération,Giratoire,Normale,Trois véhicules et plus - en chaîne,4,2,2,0,1,1,1,0,1,50,,4,2,0,0,2,44.0,85.0,,,1,2,6,1,4
202100014399,2021-10-08 19:00:00,2021,10,8,19,0,75,75116,BOULEVARD PERIPHERIQUE,48.860277,2.263373,Crépuscule ou aube,En agglomération,Hors intersection,Normale,Deux véhicules - arrière,4,1,4,0,1,3,1,0,1,70,,2,1,0,0,1,58.0,31.0,,,2,2,1,1,2
202100014400,2021-10-08 22:15:00,2021,10,8,22,15,75,75116,AVENUE KLEBER,48.868907,2.291505,Nuit avec éclairage allumé,En agglomération,Intersection en X,Normale,Deux véhicules - côté,4,2,3,0,1,1,1,0,1,30,,2,1,1,0,0,27.0,19.0,,,5,2,2,1,3
202100014401,2021-10-07 14:03:00,2021,10,7,14,3,75,75116,PLACE CLEMENT ADER,48.851319,2.278479,Plein jour,En agglomération,Place,Normale,Trois véhicules et plus - collisions multiples,4,2,4,0,1,1,1,5,1,30,,5,4,0,0,1,57.0,53.0,,,1,2,7,1,5
202100014402,2021-10-08 16:40:00,2021,10,8,16,40,75,75106,RUE DAUPHINE,48.855749,2.340195,Plein jour,En agglomération,Hors intersection,Normale,Autre collision,4,2,2,1,1,1,1,-1,5,30,,2,1,0,0,1,,,,,1,2,1,1,6
202100014403,2021-10-07 08:30:00,2021,10,7,8,30,75,75105,RUE SAINT JACQUES,48.851915,2.346145,Plein jour,En agglomération,Hors intersection,Normale,Autre collision,4,1,3,1,1,1,1,0,5,30,,1,0,0,0,1,29.0,,,,1,2,1,1,6
202100014404,2021-10-08 17:05:00,2021,10,8,17,5,75,75117,RUE DE LEVIS,48.884191,2.312853,Plein jour,En agglomération,Hors intersection,Normale,Deux véhicules - arrière,4,2,2,0,1,1,1,0,1,30,,2,1,0,0,1,52.0,25.0,,,1,2,1,1,2
202100014405,2021-10-07 17:40:00,2021,10,7,17,40,75,75117,AVENUE DES TERNES,48.878643,2.294226,Plein jour,En agglomération,Intersection en X,Normale,Trois véhicules et plus - en chaîne,4,2,4,0,1,1,1,0,1,30,,9,5,0,0,4,53.0,28.0,,,1,2,2,1,4
202100014406,2021-10-08 14:45:00,2021,10,8,14,45,75,75116,PLACE CHARLES DE GAULLE,48.873726,2.294139,Plein jour,En agglomération,Place,Normale,Deux véhicules - côté,4,1,5,0,1,2,1,0,1,30,,2,1,0,0,1,26.0,39.0,,,1,2,7,1,3
202100014407,2021-10-07 19:30:00,2021,10,7,19,30,75,75115,AVENUE FELIX FAURE,48.839053,2.282826,Nuit avec éclairage allumé,En agglomération,Hors intersection,Normale,Deux véhicules - côté,4,2,2,0,1,1,1,0,1,30,,2,1,0,0,1,73.0,40.0,,,5,2,1,1,3
202100014408,2021-10-07 18:10:00,2021,10,7,18,10,75,75115,RUE DE LA CONVENTION,48.8411,2.287943,Plein jour,En agglomération,Intersection en X,Normale,Deux véhicules - côté,4,2,3,2,1,1,1,0,5,30,,2,1,0,0,1,22.0,36.0,,,1,2,2,1,3
202100014409,2021-10-07 22:50:00,2021,10,7,22,50,75,75114,AVENUE DU MAINE,48.840121,2.321801,Nuit avec éclairage allumé,En agglomération,Intersection en T,Normale,Deux véhicules - côté,4,3,2,0,1,1,1,0,1,30,,2,1,0,0,1,54.0,50.0,,,5,2,3,1,3
202100014410,2021-10-08 09:23:00,2021,10,8,9,23,75,75113,BOULEVARD SAINT MARCEL,48.837148,2.35303,Plein jour,En agglomération,Intersection en T,Normale,Deux véhicules - côté,4,2,5,3,1,1,1,-1,6,30,,4,2,0,0,2,,37.0,,,1,2,3,1,3
202100014411,2021-10-08 16:40:00,2021,10,8,16,40,75,75112,RUE CORBINEAU,48.838593,2.381221,Plein jour,En agglomération,Intersection en T,Normale,Deux véhicules - côté,4,2,2,0,1,1,1,0,1,30,,2,1,0,0,1,35.0,6.0,,,1,2,3,1,3
202100014412,2021-10-08 15:10:00,2021,10,8,15,10,75,75111,BOULEVARD VOLTAIRE,48.866388,2.365704,Plein jour,En agglomération,Hors intersection,Normale,Autre collision,4,2,4,0,1,1,1,0,1,30,,2,1,0,0,1,25.0,,,,1,2,1,1,6
202100014413,2021-10-08 14:00:00,2021,10,8,14,0,75,75111,RUE OBERKAMPF,48.867037,2.382742,Plein jour,En agglomération,Intersection en X,Normale,Autre collision,4,1,2,0,1,1,1,0,1,30,,2,1,0,0,1,53.0,,,,1,2,2,1,6
202100014414,2021-10-07 20:35:00,2021,10,7,20,35,75,75108,AVENUE DES CHAMPS ELYSEES,48.8677998,2.313906,Nuit avec éclairage allumé,En agglomération,Place,Normale,Deux véhicules - côté,4,2,8,0,1,1,1,0,1,30,,2,1,0,0,1,27.0,30.0,,,5,2,7,1,3
202100014415,2021-10-08 16:45:00,2021,10,8,16,45,75,75104,RUE DE RIVOLI,48.855956,2.357983,Plein jour,En agglomération,Intersection en X,Normale,Deux véhicules - côté,4,2,4,1,1,1,1,-1,5,30,,2,1,0,0,1,53.0,39.0,,,1,2,2,1,3
202100014416,2021-10-08 13:10:00,2021,10,8,13,10,75,75102,BOULEVARD DES ITALIENS,48.871431,2.336891,Plein jour,En agglomération,Intersection en T,Normale,Deux véhicules - côté,4,2,4,0,1,1,1,0,1,30,,2,1,0,0,1,27.0,,,,1,2,3,1,3
202100014417,2021-10-08 15:50:00,2021,10,8,15,50,94,94081,ABBE ROGER DERRY (AV DE L),48.790793,2.391116,Plein jour,En agglomération,Intersection en T,Normale,Deux véhicules - côté,4,2,3,3,2,1,1,0,1,50,,2,1,0,0,1,38.0,44.0,,,1,2,3,1,3
202100014418,2021-10-08 20:30:00,2021,10,8,20,30,94,94067,Avenue Daumesnil,48.84641,2.41748,Nuit avec éclairage allumé,En agglomération,Intersection en X,Normale,Deux véhicules - côté,3,2,0,0,1,1,1,0,1,50,,2,1,0,1,0,,34.0,,,5,2,2,1,3
202100014419,2021-10-08 20:55:00,2021,10,8,20,55,94,94078,Rue de Paris,48.7364195561,2.4466950886,Nuit avec éclairage allumé,En agglomération,Hors intersection,Normale,Trois véhicules et plus - en chaîne,2,2,2,0,1,1,1,0,1,50,,3,2,0,0,1,38.0,59.0,,,5,2,1,1,4
202100014420,2021-10-06 16:15:00,2021,10,6,16,15,94,94068,Avenue de l’Alma,48.78601,2.49523,Plein jour,En agglomération,Intersection en X,Normale,Deux véhicules - côté,3,1,2,0,1,1,1,0,1,30,,2,1,0,0,1,29.0,34.0,,,1,2,2,1,3
202100014421,2021-10-08 06:15:00,2021,10,8,6,15,94,94015,PASTEUR (BD),48.83259,2.52783,Nuit avec éclairage allumé,En agglomération,Intersection en T,Normale,Autre collision,3,4,2,0,1,1,1,0,1,50,,2,1,0,0,1,23.0,41.0,,,5,2,3,1,6
202100014422,2021-10-07 12:20:00,2021,10,7,12,20,94,94042,Boulevard de Polangis,48.82048,2.48137,Plein jour,En agglomération,Hors intersection,Normale,Deux véhicules - arrière,3,1,1,0,1,1,1,0,1,30,,2,1,0,0,1,44.0,58.0,,,1,2,1,1,2
202100014423,2021-10-08 09:30:00,2021,10,8,9,30,94,94046,Rue Victor Hugo,48.79969,2.43935,Plein jour,En agglomération,Hors intersection,Normale,Autre collision,3,2,2,0,1,1,1,0,1,50,,2,1,0,0,1,21.0,,,,1,2,1,1,6
202100014424,2021-10-08 09:10:00,2021,10,8,9,10,94,94021,rue de Toulouse,48.761704,2.351776,Plein jour,En agglomération,Intersection en X,Normale,Deux véhicules - côté,4,1,2,0,1,1,1,0,8,30,,2,1,0,0,1,45.0,58.0,,,1,2,2,1,3
202100014425,2021-10-06 15:30:00,2021,10,6,15,30,94,94033,MARAIS (R DES),48.8579,2.49179,Plein jour,En agglomération,Hors intersection,Normale,Deux véhicules - côté,3,2,2,0,1,2,1,5,1,50,,2,1,0,0,1,40.0,33.0,,,1,2,1,1,3
202100014426,2021-10-07 16:05:00,2021,10,7,16,5,94,94028,TASSIGNY(AVE DU MARECHAL DE LATTRE DE),48.80103,2.45502,Plein jour,En agglomération,Hors intersection,Normale,Deux véhicules - arrière,4,1,3,0,1,1,1,0,1,50,,3,2,0,0,1,46.0,34.0,,,1,2,1,1,2
202100014427,2021-10-06 12:55:00,2021,10,6,12,55,94,94028,Rue Saussure,48.7697574754,2.471794456,Plein jour,En agglomération,Autre intersection,Normale,Deux véhicules - côté,4,2,2,0,1,1,1,0,1,50,,2,1,0,0,1,19.0,25.0,,,1,2,9,1,3
202100014428,2021-10-08 09:14:00,2021,10,8,9,14,94,94077,Avenue de la République,48.73224,2.40884,Plein jour,En agglomération,Intersection en X,Normale,Deux véhicules - côté,3,2,4,0,2,1,1,0,1,50,,5,2,0,0,3,31.0,26.0,,,1,2,2,1,3
202100014429,2021-10-07 16:35:00,2021,10,7,16,35,94,94017,BOIS L ABBE (R DU),48.811,2.53972,Plein jour,En agglomération,Hors intersection,Normale,Autre collision,3,2,2,1,1,1,1,0,4,50,,2,1,0,0,1,27.0,,,,1,2,1,1,6
202100014430,2021-10-08 09:05:00,2021,10,8,9,5,94,94071,Rue du Grand Val,48.77379,2.51722,Plein jour,En agglomération,Intersection en T,Normale,Autre collision,3,2,3,0,2,1,1,0,1,50,,2,1,0,0,1,22.0,,,,1,2,3,1,6
202100014431,2021-10-08 18:18:00,2021,10,8,18,18,93,93066,PHARMA. CINGALA 40 BD JULES GUESDE,48.936338,2.349992,Plein jour,En agglomération,Hors intersection,Normale,Deux véhicules - côté,4,2,1,0,1,1,1,0,1,50,,3,2,0,0,1,35.0,29.0,,,1,2,1,1,3
202100014432,2021-10-08 09:47:00,2021,10,8,9,47,93,93053,PARIS (RUE DE),48.89877,2.44371,Plein jour,En agglomération,Autre intersection,Normale,Deux véhicules - frontale,3,3,6,3,1,1,1,0,1,50,,2,1,0,1,0,38.0,,,,1,2,9,1,1
202100014433,2021-10-08 20:25:00,2021,10,8,20,25,93,93045,JUIN AVENUE DU MARECHAL,48.87873,2.42234,Nuit avec éclairage allumé,En agglomération,Hors intersection,Normale,Deux véhicules - côté,3,2,2,0,1,1,1,0,1,30,,2,0,0,0,2,37.0,28.0,,,5,2,1,1,3
202100014434,2021-10-08 14:45:00,2021,10,8,14,45,93,93063,BRANLY BD EDOUARD,48.8739632001,2.4404792383,Plein jour,En agglomération,Giratoire,Normale,Deux véhicules - arrière,3,1,2,0,1,1,1,8,1,30,,2,1,0,0,1,,46.0,,,1,2,6,1,2
202100014435,2021-10-08 14:00:00,2021,10,8,14,0,93,93045,PARIS RUE DE,48.88222,2.42386,Plein jour,En agglomération,Hors intersection,Normale,Autre collision,3,3,4,0,1,1,1,0,1,50,,2,1,0,0,1,20.0,,,,1,2,1,1,6
202100014436,2021-10-08 09:30:00,2021,10,8,9,30,93,93006,STALINGRAD AV.,48.8711365121,2.4311127652,Plein jour,En agglomération,Intersection en X,Normale,Deux véhicules - côté,3,2,2,0,1,1,1,5,1,50,,2,1,0,0,1,34.0,24.0,,,1,2,2,1,3
202100014437,2021-10-08 21:30:00,2021,10,8,21,30,93,93029,MAURICE NILES (PLACE),48.9270359362,2.4384373585,Nuit avec éclairage allumé,En agglomération,Intersection en X,Normale,Deux véhicules - côté,3,2,4,0,1,1,1,0,1,50,,2,1,0,0,1,36.0,20.0,,,5,2,2,1,3
202100014438,2021-10-08 12:35:00,2021,10,8,12,35,93,93005,GENERAL LECLERC (PLACE DU),48.9276074428,2.4904458984,Plein jour,En agglomération,Giratoire,Normale,Autre collision,4,1,1,0,1,2,1,0,1,50,,2,1,0,0,1,71.0,,,,1,2,6,1,6
202100014439,2021-10-08 17:00:00,2021,10,8,17,0,93,93001,EDGARD QUINET (RUE),48.91641,2.37738,Plein jour,En agglomération,Hors intersection,Normale,Deux véhicules - frontale,4,1,1,0,1,1,1,0,1,30,,2,1,0,0,1,31.0,,,,1,2,1,1,1
202100014440,2021-10-08 08:40:00,2021,10,8,8,40,93,93001,REPUBLIQUE (AVE DE LA ) => NO 41/50,48.91085113,2.3849902972,Plein jour,En agglomération,Place,Normale,Autre collision,4,2,4,3,1,1,1,0,1,50,,3,2,0,0,1,,,,,1,2,7,1,6
202100014441,2021-10-08 17:10:00,2021,10,8,17,10,92,92073,JAURES (AVENUE JEAN),48.8644523856,2.2076457739,Plein jour,En agglomération,Hors intersection,Normale,Autre collision,3,2,2,0,1,1,1,0,6,50,,2,1,0,0,1,45.0,,,,1,2,1,1,6
202100014442,2021-10-08 16:50:00,2021,10,8,16,50,92,92072,GRANDE RUE,48.8267956219,2.2205083072,Plein jour,En agglomération,Hors intersection,Temps éblouissant,Trois véhicules et plus - collisions multiples,3,2,3,0,1,1,1,0,1,50,,4,2,0,0,2,38.0,24.0,,,1,2,1,7,5
202100014443,2021-10-08 20:30:00,2021,10,8,20,30,92,92047,RAYMOND POINCARE,48.8383799864,2.1848376095,Nuit avec éclairage allumé,En agglomération,Hors intersection,Normale,Deux véhicules - côté,3,1,2,0,1,1,1,0,1,50,,3,1,0,1,1,27.0,28.0,,,5,2,1,1,3
202100014444,2021-10-08 18:00:00,2021,10,8,18,0,92,92064,GOUNOD,48.842841,2.211969,Plein jour,En agglomération,Hors intersection,Normale,Deux véhicules - arrière,3,2,2,0,2,1,1,0,1,50,,2,1,0,1,0,31.0,54.0,,,1,2,1,1,2
202100014445,2021-10-08 12:47:00,2021,10,8,12,47,92,92064,MONT VALERIEN,48.852477,2.216289,Plein jour,En agglomération,Intersection en T,Normale,Deux véhicules - côté,4,-1,2,0,1,1,1,0,1,30,,2,1,0,0,1,27.0,35.0,,,1,2,3,1,3
202100014446,2021-10-08 18:25:00,2021,10,8,18,25,92,92062,BAS-ROGERS (RUE DES) N° 2 AU 38,48.8797974494,2.233850956,Plein jour,En agglomération,Intersection en T,Normale,Deux véhicules - côté,3,2,3,0,2,1,1,0,1,50,,2,1,0,0,1,22.0,45.0,,,1,2,3,1,3
202100014447,2021-10-08 21:35:00,2021,10,8,21,35,92,92049,REPUBLIQUE AVENUE DE LA N°92 A FIN,48.8146384461,2.3172029506,Nuit avec éclairage allumé,En agglomération,Intersection en T,Normale,Autre collision,4,2,4,0,1,1,1,0,1,50,,2,1,0,0,1,28.0,,,,5,2,3,1,6
202100014448,2021-10-08 13:45:00,2021,10,8,13,45,92,92044,MARIUS AUFAN(RUE) 1A67 ET 2A78,48.888368248,2.2868353128,Plein jour,En agglomération,Intersection en T,Normale,Autre collision,4,1,2,1,1,1,1,0,1,50,,2,1,0,0,1,26.0,,,,1,2,3,1,6
202100014449,2021-10-08 13:05:00,2021,10,8,13,5,92,92036,LOUIS ROCHE (AVENUE) (1/45),48.9233604648,2.3213151097,Plein jour,En agglomération,Intersection en X,Normale,Deux véhicules - côté,3,2,2,0,1,1,1,0,1,50,,2,1,0,0,1,48.0,39.0,,,1,2,2,1,3
202100014450,2021-10-08 10:55:00,2021,10,8,10,55,92,92026,MARCEAU,48.9002724446,2.245041132,Plein jour,En agglomération,Hors intersection,Normale,Autre collision,4,2,2,0,1,1,1,0,1,50,,2,1,0,0,1,27.0,37.0,,,1,2,1,1,6
202100014451,2021-10-06 17:40:00,2021,10,6,17,40,92,92025,CHARLES DE GAULLE (BD),48.91421,2.229568,Plein jour,En agglomération,Hors intersection,Normale,Deux véhicules - côté,3,1,1,0,1,3,1,0,1,50,,2,1,0,0,1,19.0,22.0,,,1,2,1,1,3
202100014452,2021-10-08 17:20:00,2021,10,8,17,20,92,92019,VERNE JULES (RUE),48.7673813373,2.2686311603,Plein jour,En agglomération,Hors intersection,Normale,Autre collision,4,1,1,0,2,1,1,0,1,30,,2,1,0,0,1,,,,,1,2,1,1,6
202100014453,2021-10-08 21:00:00,2021,10,8,21,0,92,92004,PONT DE CLICHY,48.9102159496,2.2992324829,Nuit avec éclairage allumé,En agglomération,Hors intersection,Normale,Autre collision,3,2,4,0,1,1,1,0,1,50,,2,1,0,1,0,61.0,,,,5,2,1,1,6
202100014454,2021-10-08 23:35:00,2021,10,8,23,35,14,14427,le pont des vers,48.851084,-0.389671,Nuit sans éclairage public,Hors agglomération,Hors intersection,Normale,Autre collision,3,-1,2,0,1,1,1,0,3,80,,1,0,0,1,0,22.0,,,,3,1,1,1,6