accident_id,datetime,annee,mois,jour,heure,minute,departement,commune_insee,adresse,latitude,longitude,luminosite,agglomeration,intersection,meteo,collision,catr,circ,nbv,vosp,prof,plan,surf,infra,situ,vma,nb_vehicules,nb_usagers,nb_indemnes,nb_tues,nb_blesses_hosp,nb_blesses_legers,age_cond_1,age_cond_2,veh_type_cond_1,veh_type_cond_2,lum_code,agg_code,int_code,atm_code,col_code
202100014455,2021-10-08 12:15:00,2021,10,8,12,15,51,51649,Avenue Jean Juif,48.72135906,4.60474065,Plein jour,Hors agglomération,Intersection en T,Normale,Deux véhicules - côté,3,2,2,1,2,1,1,0,1,50,,2,1,0,1,0,32.0,27.0,,,1,1,3,1,3
202100014456,2021-10-08 07:50:00,2021,10,8,7,50,51,51122,D982/D60,48.7734701904,4.6787756681,Plein jour,Hors agglomération,Intersection en T,Normale,Deux véhicules - frontale,3,2,2,0,2,1,1,0,1,80,,2,1,0,1,0,41.0,76.0,,,1,1,3,1,1
202100014457,2021-09-10 08:40:00,2021,9,10,8,40,13,13078,Avenue du Port,43.391939,4.799738,Crépuscule ou aube,En agglomération,Hors intersection,Pluie légère,Deux véhicules - frontale,7,2,2,0,1,1,2,0,5,50,,2,1,0,1,0,25.0,,,,2,2,1,2,1
202100014458,2021-10-09 08:40:00,2021,10,9,8,40,35,35125,Rue du 8 Mai,47.943454,-1.232341,Plein jour,En agglomération,Intersection en T,Normale,Autre collision,4,2,2,0,1,2,1,0,1,50,,2,1,0,1,0,50.0,,,,1,2,3,1,6
202100014459,2021-10-08 23:20:00,2021,10,8,23,20,974,97414,25 Rue Leconte de Lisle,-21.274958,55.414889,Nuit avec éclairage non allumé,En agglomération,Hors intersection,Pluie légère,Autre collision,3,2,2,0,2,1,2,6,4,50,,1,0,0,1,0,23.0,,,,4,2,1,2,6
202100014460,2021-10-09 15:25:00,2021,10,9,15,25,14,14098,RN 13 PK 081+800,49.218298,-0.535798,Plein jour,Hors agglomération,Hors intersection,Normale,Autre collision,2,3,4,0,1,1,1,0,1,110,,1,0,0,1,0,37.0,,,,1,1,1,1,6
202100014461,2021-10-08 10:00:00,2021,10,8,10,0,974,97413,8b Rue Adrien Lagourgue,-21.21486,55.306023,Plein jour,En agglomération,Hors intersection,Normale,Deux véhicules - frontale,3,2,2,0,2,1,1,0,1,50,,2,1,0,1,0,26.0,68.0,,,1,2,1,1,1
202100014462,2021-10-08 18:20:00,2021,10,8,18,20,34,34088,Avenue de la Gare du Midi,43.55076,3.729874,Crépuscule ou aube,Hors agglomération,Hors intersection,Normale,Deux véhicules - frontale,7,2,2,0,1,1,1,0,1,70,,2,1,0,1,0,44.0,56.0,,,2,1,1,1,1
202100014463,2021-10-09 10:55:00,2021,10,9,10,55,69,69046,SAINT-ABDON (DE) (RTE),45.6644714561,4.7933861947,Plein jour,En agglomération,Hors intersection,Normale,Deux véhicules - côté,7,2,2,0,1,1,1,0,4,50,,2,1,0,0,1,51.0,36.0,,,1,2,1,1,3
202100014464,2021-10-08 15:00:00,2021,10,8,15,0,31,31157,Route de Portet,43.533644,1.36443,Plein jour,En agglomération,Hors intersection,Normale,Autre collision,7,3,2,0,2,1,1,0,1,50,,1,0,0,1,0,45.0,,,,1,2,1,1,6
202100014465,2021-10-09 14:30:00,2021,10,9,14,30,51,51183,D966,49.311205,4.023271,Plein jour,Hors agglomération,Hors intersection,Normale,Deux véhicules - côté,3,2,2,0,1,1,1,0,1,90,,4,1,2,0,1,57.0,28.0,,,1,1,1,1,3
202100014466,2021-10-09 08:20:00,2021,10,9,8,20,59,59533,D942,50.190824,3.399743,Plein jour,Hors agglomération,Hors intersection,Brouillard / fumée,Deux véhicules - frontale,3,2,2,0,3,3,1,0,1,80,,2,1,1,0,0,32.0,21.0,,,1,1,1,5,1
202100014467,2021-10-08 17:50:00,2021,10,8,17,50,59,59094,124 Rue de Bergues,50.9490638042,2.2126078606,Plein jour,En agglomération,Intersection en T,Temps éblouissant,Deux véhicules - côté,3,2,2,0,1,1,1,0,1,50,,2,1,0,1,0,16.0,66.0,,,1,2,3,7,3
202100014468,2021-10-09 11:40:00,2021,10,9,11,40,76,76738,D919,49.582504,1.303639,Plein jour,Hors agglomération,Hors intersection,Temps éblouissant,Deux véhicules - côté,3,2,2,0,1,1,1,0,1,80,,3,1,1,1,0,26.0,58.0,,,1,1,1,7,3
202100014469,2021-07-29 17:30:00,2021,7,29,17,30,2B,2B046,Porticciolo,42.871358,9.477985,Plein jour,En agglomération,Hors intersection,Normale,Sans collision,3,2,2,0,2,3,9,0,1,30,,1,0,0,1,0,34.0,,,,1,2,1,1,7
202100014470,2021-10-09 20:00:00,2021,10,9,20,0,80,80486,D32,50.048914,1.985779,Nuit sans éclairage public,Hors agglomération,Hors intersection,Normale,Sans collision,3,2,2,0,1,1,1,0,8,80,,1,0,0,1,0,37.0,,,,3,1,1,1,7
202100014471,2021-10-08 10:00:00,2021,10,8,10,0,32,32256,Avenue de Chanzy (N21),43.511489,0.404281,Plein jour,En agglomération,Intersection en T,Normale,Deux véhicules - côté,2,2,2,0,1,1,1,0,1,50,,2,1,0,0,1,26.0,57.0,,,1,2,3,1,3
202100014472,2021-10-09 15:10:00,2021,10,9,15,10,61,61422,Lieu Dit Percher,48.696994,0.636156,Plein jour,Hors agglomération,Hors intersection,Normale,Deux véhicules - côté,3,2,2,0,1,1,1,0,3,90,,2,1,0,0,1,56.0,33.0,,,1,1,1,1,3
202100014473,2021-10-09 09:55:00,2021,10,9,9,55,61,61208,Route de Bresolette,48.653555,0.673583,Plein jour,Hors agglomération,Intersection en Y,Normale,Sans collision,3,2,2,0,2,2,1,0,1,90,,1,0,0,0,1,49.0,,,,1,1,4,1,7
202100014474,2021-10-08 16:45:00,2021,10,8,16,45,42,42006,Route d’Usson,45.383916,3.991492,Plein jour,Hors agglomération,Hors intersection,Normale,Autre collision,3,2,2,0,1,1,1,0,1,80,,1,0,0,1,0,50.0,,,,1,1,1,1,6
202100014475,2021-10-08 16:50:00,2021,10,8,16,50,47,47216,Renard,44.507004,0.280725,Plein jour,Hors agglomération,Intersection en X,Normale,Deux véhicules - côté,3,2,2,0,3,1,1,5,1,80,,2,1,0,0,1,27.0,53.0,,,1,1,2,1,3
202100014476,2021-10-09 15:30:00,2021,10,9,15,30,34,34228,D907,43.411298,2.746131,Plein jour,Hors agglomération,Hors intersection,Normale,Autre collision,3,2,2,0,2,2,1,0,3,90,,1,0,0,1,0,33.0,,,,1,1,1,1,6
202100014477,2021-10-08 17:55:00,2021,10,8,17,55,34,34140,369 Avenue Jean Moulin,43.385589,3.169663,Plein jour,En agglomération,Hors intersection,Normale,Autre collision,3,2,2,0,1,1,1,0,4,50,,1,0,0,1,0,69.0,,,,1,2,1,1,6
202100014478,2021-10-08 14:45:00,2021,10,8,14,45,22,22042,Penn Ar Hra,48.754417,-3.314411,Plein jour,Hors agglomération,Hors intersection,Normale,Deux véhicules - frontale,3,2,2,0,1,3,1,0,1,80,,2,1,0,1,0,26.0,77.0,,,1,1,1,1,1
202100014479,2021-10-08 22:30:00,2021,10,8,22,30,22,22101,Porz Ru,48.7475743525,-3.318454743,Nuit sans éclairage public,Hors agglomération,Hors intersection,Normale,Sans collision,3,2,2,0,1,1,1,0,3,80,,2,0,0,1,1,18.0,,,,3,1,1,1,7
202100014480,2021-10-09 09:45:00,2021,10,9,9,45,22,22137,Keroguiou,48.273197,-3.444895,Plein jour,Hors agglomération,Hors intersection,Normale,Deux véhicules - frontale,3,2,2,0,1,1,1,0,1,80,,3,1,0,0,2,79.0,30.0,,,1,1,1,1,1
202100014481,2021-10-08 11:30:00,2021,10,8,11,30,25,25148,D437,47.111471,6.690474,Plein jour,Hors agglomération,Hors intersection,Normale,Autre collision,3,2,2,0,1,1,1,0,3,80,,1,0,0,1,0,21.0,,,,1,1,1,1,6
202100014482,2021-10-09 04:45:00,2021,10,9,4,45,25,25112,Route de Belfort,47.26349,6.055902,Nuit avec éclairage allumé,En agglomération,Autre intersection,Normale,Autre collision,3,3,4,0,1,1,1,0,1,50,,2,1,0,1,0,30.0,,,,5,2,9,1,6
202100014483,2021-10-09 11:10:00,2021,10,9,11,10,29,29208,Lieu Dit Kerguerezen,48.50632,-4.662108,Plein jour,Hors agglomération,Intersection en X,Normale,Deux véhicules - frontale,4,2,2,0,2,1,1,0,1,80,,5,1,0,0,4,32.0,51.0,,,1,1,2,1,1
202100014484,2021-10-09 07:30:00,2021,10,9,7,30,31,31144,RD 125,42.918391,0.647179,Nuit sans éclairage public,Hors agglomération,Hors intersection,Normale,Autre collision,3,2,2,0,1,1,1,0,1,80,,1,0,0,1,0,24.0,,,,3,1,1,1,6
202100014485,2021-10-08 16:35:00,2021,10,8,16,35,03,03193,D2144 PK 036+400,46.50289,2.628731,Plein jour,Hors agglomération,Hors intersection,Normale,Deux véhicules - côté,3,2,2,0,1,3,1,0,1,90,,2,1,0,1,0,65.0,35.0,,,1,1,1,1,3
202100014486,2021-09-29 18:10:00,2021,9,29,18,10,01,01273,Route de Chateauvieux,46.088654,5.358678,Plein jour,En agglomération,Hors intersection,Normale,Sans collision,4,2,2,0,2,3,9,0,1,50,,1,0,0,1,0,55.0,,,,1,2,1,1,7
202100014487,2021-10-08 21:00:00,2021,10,8,21,0,70,70111,N19,47.64298,6.282479,Nuit avec éclairage non allumé,Hors agglomération,Hors intersection,Normale,Sans collision,2,2,3,0,2,3,1,0,3,80,,1,0,0,1,0,38.0,,,,4,1,1,1,7
202100014488,2021-10-09 14:35:00,2021,10,9,14,35,66,66016,D914,42.478095,3.142734,Plein jour,Hors agglomération,Hors intersection,Normale,Deux véhicules - frontale,3,2,2,0,2,2,1,0,1,-1,,3,2,0,1,0,24.0,24.0,,,1,1,1,1,1
202100014489,2021-10-08 11:30:00,2021,10,8,11,30,54,54146,route départementale 674,48.5783107172,5.887298584,Plein jour,Hors agglomération,Hors intersection,Normale,Deux véhicules - frontale,3,2,2,0,3,1,1,0,1,80,,2,1,0,1,0,22.0,52.0,,,1,1,1,1,1
202100014490,2021-10-09 06:15:00,2021,10,9,6,15,54,54073,route départementale 904,48.6307033944,5.9087669844,Nuit sans éclairage public,Hors agglomération,Hors intersection,Normale,Deux véhicules - côté,3,2,2,0,1,3,1,0,1,80,,4,3,0,1,0,20.0,34.0,,,3,1,1,1,3
202100014491,2021-10-07 00:30:00,2021,10,7,0,30,06,06148,1475 Route de Grasse,43.709941,7.051412,Nuit sans éclairage public,Hors agglomération,Hors intersection,Normale,Autre collision,3,2,2,0,1,1,1,0,3,70,,1,0,0,1,0,80.0,,,,3,1,1,1,6
202100014492,2021-10-09 17:15:00,2021,10,9,17,15,50,50252,Village Courtoise,48.887016,-1.459841,Plein jour,Hors agglomération,Hors intersection,Temps éblouissant,Deux véhicules - côté,3,2,2,0,4,3,1,0,1,80,,2,1,0,1,0,71.0,79.0,,,1,1,1,7,3
202100014493,2021-10-09 14:20:00,2021,10,9,14,20,60,60681,Route d Ons En Bray,49.4084938784,1.9472215642,Plein jour,Hors agglomération,Hors intersection,Normale,Sans collision,3,2,2,0,2,4,1,0,3,80,,2,1,0,1,0,21.0,,,,1,1,1,1,7
202100014494,2021-10-08 17:00:00,2021,10,8,17,0,18,18159,D29,47.317774,2.147779,Plein jour,Hors agglomération,Intersection en X,Normale,Deux véhicules - côté,3,2,2,0,1,2,1,0,1,80,,2,0,1,0,1,49.0,58.0,,,1,1,2,1,3
202100014495,2021-10-08 17:55:00,2021,10,8,17,55,18,18087,RD 14,46.88269,2.565233,Plein jour,En agglomération,Giratoire,Temps éblouissant,Autre collision,3,2,2,0,1,4,1,0,1,50,,2,1,0,0,1,55.0,,,,1,2,6,7,6
202100014496,2021-10-08 16:45:00,2021,10,8,16,45,10,10224,7 Rue Roger Salengro,48.405328,3.736927,Plein jour,En agglomération,Hors intersection,Normale,Deux véhicules - arrière,3,2,2,0,1,1,1,0,1,50,,2,1,0,0,1,20.0,54.0,,,1,2,1,1,2
202100014497,2021-10-09 10:25:00,2021,10,9,10,25,53,53007,Lieu-dit la carie,48.090941,-0.666287,Plein jour,Hors agglomération,Intersection en T,Normale,Deux véhicules - arrière,3,2,2,0,1,1,1,0,1,80,,3,2,0,1,0,58.0,23.0,,,1,1,3,1,2
202100014498,2021-10-09 15:35:00,2021,10,9,15,35,85,85216,D137,46.479767,-1.112001,Plein jour,En agglomération,Intersection en Y,Normale,Deux véhicules - côté,3,2,2,0,1,1,1,0,1,50,,2,0,0,1,1,21.0,15.0,,,1,2,4,1,3
202100014499,2021-10-08 14:48:00,2021,10,8,14,48,27,27133,Route Nationale,49.354923,0.899414,Plein jour,Hors agglomération,Hors intersection,Normale,Autre collision,3,2,2,0,1,1,1,0,1,80,,6,5,0,1,0,30.0,27.0,,,1,1,1,1,6
202100014500,2021-10-09 19:45:00,2021,10,9,19,45,17,17256,D129,45.857925,-0.462751,Crépuscule ou aube,Hors agglomération,Hors intersection,Normale,Autre collision,3,2,2,0,1,1,1,0,1,80,,3,2,1,0,0,45.0,,,,2,1,1,1,6
202100014501,2021-10-09 15:10:00,2021,10,9,15,10,08,08363,Avenue Danton,49.93862,4.640629,Plein jour,En agglomération,Intersection en T,Normale,Deux véhicules - frontale,3,2,2,0,1,1,1,0,1,50,,2,1,0,1,0,29.0,71.0,,,1,2,3,1,1
202100014502,2021-10-08 15:30:00,2021,10,8,15,30,31,31291,D37,43.576536,1.212385,Plein jour,Hors agglomération,Hors intersection,Normale,Deux véhicules - frontale,3,2,2,0,1,3,1,0,1,80,,2,1,0,1,0,36.0,30.0,,,1,1,1,1,1
202100014503,2021-10-02 10:45:00,2021,10,2,10,45,69,69044,LAMARTINE (AV),45.781778,4.738071,Plein jour,En agglomération,Intersection en T,Normale,Deux véhicules - côté,4,2,2,0,1,1,1,0,1,-1,,2,1,0,0,1,43.0,48.0,,,1,2,3,1,3
202100014504,2021-10-06 12:10:00,2021,10,6,12,10,69,69112,NOUVELLE ROUTE,45.814634,4.663144,Plein jour,En agglomération,Hors intersection,Normale,Autre collision,3,3,2,0,1,1,1,2,8,50,,2,1,0,0,1,52.0,,,,1,2,1,1,6
202100014505,2021-10-09 02:00:00,2021,10,9,2,0,13,13109,autoroute A8,43.51258,5.487757,Nuit sans éclairage public,Hors agglomération,Hors intersection,Normale,Deux véhicules - frontale,1,3,3,0,1,1,1,0,1,90,,4,3,1,0,0,24.0,23.0,,,3,1,1,1,1
202100014506,2021-10-09 06:00:00,2021,10,9,6,0,34,34163,1919 Route de Saint-Paul,43.633218,3.693107,Nuit sans éclairage public,Hors agglomération,Hors intersection,Normale,Sans collision,3,2,2,0,1,1,1,0,8,90,,2,0,0,0,2,20.0,,,,3,1,1,1,7
202100014507,2021-10-08 16:15:00,2021,10,8,16,15,973,97311,7489 Avenue Christophe Colomb (route de saint jean),5.435426,-54.037671,Plein jour,Hors agglomération,Hors intersection,Normale,Deux véhicules - frontale,3,2,2,0,1,3,1,0,1,50,,4,2,0,0,2,24.0,19.0,,,1,1,1,1,1
202100014508,2021-10-09 07:50:00,2021,10,9,7,50,95,95169,RD 43,49.132286,1.88805,Crépuscule ou aube,Hors agglomération,Hors intersection,Normale,Autre collision,3,2,2,0,1,1,1,0,3,80,,2,0,0,2,0,24.0,,,,2,1,1,1,6
202100014509,2021-10-09 10:30:00,2021,10,9,10,30,78,78588,D11,48.842478,1.841369,Plein jour,Hors agglomération,Intersection en X,Normale,Deux véhicules - côté,3,2,2,3,1,1,1,0,5,80,,2,1,0,1,0,68.0,41.0,,,1,1,2,1,3
202100014510,2021-10-09 19:45:00,2021,10,9,19,45,83,83016,D 26,43.2073289745,5.793056488,Nuit sans éclairage public,Hors agglomération,Hors intersection,Normale,Deux véhicules - frontale,3,2,2,0,2,4,1,0,1,70,,4,0,0,2,2,59.0,37.0,,,3,1,1,1,1
202100014511,2021-10-09 16:58:00,2021,10,9,16,58,05,05052,Route nationale 94,44.678388,6.61613,Plein jour,En agglomération,Intersection en X,Normale,Deux véhicules - côté,2,2,2,0,1,1,1,0,1,50,,5,3,1,1,0,30.0,42.0,,,1,2,2,1,3
202100014512,2021-10-09 06:00:00,2021,10,9,6,0,13,13066,D30,43.846051,4.898234,Nuit sans éclairage public,Hors agglomération,Hors intersection,Normale,Autre collision,3,2,2,0,1,2,1,0,3,80,,1,0,0,1,0,22.0,,,,3,1,1,1,6
202100014513,2021-10-09 10:45:00,2021,10,9,10,45,67,67492,D225,48.594158,7.47095,Plein jour,Hors agglomération,Intersection en T,Normale,Deux véhicules - frontale,3,2,2,0,2,1,1,0,1,80,,2,1,0,1,0,55.0,47.0,,,1,1,3,1,1
202100014514,2021-10-08 16:00:00,2021,10,8,16,0,67,67028,49 Faubourg du Rhin,48.369451,7.601391,Plein jour,En agglomération,Hors intersection,Normale,Sans collision,3,2,2,0,1,1,1,0,1,50,,2,1,0,1,0,44.0,48.0,,,1,2,1,1,7
202100014515,2021-10-09 09:15:00,2021,10,9,9,15,38,38535,Route Départementale 65B,45.774423,5.259855,Plein jour,Hors agglomération,Hors intersection,Normale,Deux véhicules - frontale,3,2,1,0,1,1,1,0,1,80,,2,0,0,1,1,20.0,33.0,,,1,1,1,1,1
202100014516,2021-10-08 18:55:00,2021,10,8,18,55,69,69140,CHAZAY (DE) (RTE),45.8871137813,4.7034481256,Crépuscule ou aube,Hors agglomération,Hors intersection,Normale,Deux véhicules - côté,3,2,2,0,1,1,1,0,1,80,,2,0,0,0,2,27.0,68.0,,,2,1,1,1,3
202100014517,2021-10-09 15:30:00,2021,10,9,15,30,69,69074,MONTMELAS (DE) (RTE),46.008357,4.636885,Plein jour,Hors agglomération,Intersection en X,Normale,Deux véhicules - côté,3,2,2,0,1,1,1,0,1,90,,2,1,0,0,1,41.0,38.0,,,1,1,2,1,3
202100014518,2021-10-08 16:40:00,2021,10,8,16,40,69,69072,PEUPLIERS (DES) (CHM),45.8143214514,4.7582763433,Plein jour,En agglomération,Autre intersection,Normale,Deux véhicules - côté,4,2,2,0,1,1,1,0,1,50,,2,1,0,0,1,66.0,15.0,,,1,2,9,1,3
202100014519,2021-09-29 08:00:00,2021,9,29,8,0,09,09282,Rue du hippocrate le grand,43.240857,1.572944,Plein jour,En agglomération,Hors intersection,Normale,Deux véhicules - frontale,4,2,1,0,1,1,2,0,1,30,,2,1,0,0,1,34.0,14.0,,,1,2,1,1,1
202100014520,2021-10-09 15:50:00,2021,10,9,15,50,49,49294,Terrières,47.486103,-0.650591,Plein jour,Hors agglomération,Hors intersection,Normale,Trois véhicules et plus - collisions multiples,3,2,2,0,2,1,1,0,1,80,,3,2,0,1,0,49.0,24.0,,,1,1,1,1,5
202100014521,2021-10-08 18:40:00,2021,10,8,18,40,22,22050,Rue de Brest,48.452323,-2.059672,Crépuscule ou aube,En agglomération,Hors intersection,Temps éblouissant,Autre collision,3,2,2,0,1,1,1,9,8,30,,3,2,0,1,0,27.0,,,,2,2,1,7,6
202100014522,2021-10-09 11:30:00,2021,10,9,11,30,76,76718,Route Departementale 6015,49.61803,0.741191,Plein jour,Hors agglomération,Hors intersection,Normale,Deux véhicules - côté,3,2,2,0,1,1,1,0,1,70,,2,1,0,1,0,59.0,52.0,,,1,1,1,1,3
202100014523,2021-10-09 06:15:00,2021,10,9,6,15,62,62369,D950,50.325183,2.867657,Nuit sans éclairage public,Hors agglomération,Hors intersection,Brouillard / fumée,Autre collision,3,3,4,0,1,1,2,0,1,-1,,5,3,1,1,0,34.0,38.0,,,3,1,1,5,6
202100014524,2021-10-05 18:30:00,2021,10,5,18,30,13,13210,A50-Sens Marseille vers Aubagne,43.28398,5.40339,Crépuscule ou aube,Hors agglomération,Hors intersection,Normale,Deux véhicules - côté,1,1,3,0,1,1,1,0,1,90,,2,1,0,0,1,27.0,32.0,,,2,1,1,1,3
202100014525,2021-10-08 08:10:00,2021,10,8,8,10,83,83137,BRETELLE17  ACCES TOULON CENTRE N -T,43.12118,5.95212,Plein jour,Hors agglomération,Hors intersection,Normale,Trois véhicules et plus - en chaîne,1,1,2,0,1,1,1,0,1,70,,4,3,0,0,1,52.0,64.0,,,1,1,1,1,4
202100014526,2021-10-07 13:20:00,2021,10,7,13,20,69,69029,RD383 ,45.72526,4.89607,Plein jour,Hors agglomération,Hors intersection,Normale,Autre collision,7,3,4,0,3,2,1,3,1,70,,2,1,0,0,1,45.0,53.0,,,1,1,1,1,6
202100014527,2021-10-08 18:00:00,2021,10,8,18,0,91,91553,RN 104,48.631734,2.5038,Plein jour,Hors agglomération,Hors intersection,Normale,Deux véhicules - arrière,2,1,2,0,1,1,1,0,1,110,,2,1,0,0,1,42.0,28.0,,,1,1,1,1,2
202100014528,2021-10-08 14:00:00,2021,10,8,14,0,91,91471,RN 118,48.7075,2.19061,Plein jour,Hors agglomération,Hors intersection,Normale,Deux véhicules - arrière,2,1,2,0,2,1,1,0,1,90,,2,1,0,0,1,30.0,24.0,,,1,1,1,1,2
202100014529,2021-10-08 16:40:00,2021,10,8,16,40,92,92050,A86,48.9075479699,2.2127471953,Plein jour,Hors agglomération,Hors intersection,Normale,Deux véhicules - côté,1,3,2,0,1,1,1,0,1,90,,2,1,0,0,1,48.0,23.0,,,1,1,1,1,3
202100014530,2021-10-08 14:30:00,2021,10,8,14,30,92,92072,N118,48.8151379116,2.2146828412,Plein jour,Hors agglomération,Hors intersection,Normale,Sans collision,2,1,3,0,1,1,1,0,1,70,,1,0,0,0,1,22.0,,,,1,1,1,1,7
202100014531,2021-10-08 06:05:00,2021,10,8,6,5,92,92025,A86,48.9286506492,2.2394569664,Nuit avec éclairage non allumé,Hors agglomération,Hors intersection,Normale,Deux véhicules - côté,1,3,2,0,1,1,1,0,1,90,,2,1,0,0,1,,43.0,,,4,1,1,1,3
202100014532,2021-10-08 08:45:00,2021,10,8,8,45,92,92062,RN1014 W,48.8882278311,2.2491295607,Plein jour,Hors agglomération,Hors intersection,Normale,Deux véhicules - arrière,2,1,3,0,1,1,1,1,1,70,,2,1,0,0,1,26.0,46.0,,,1,1,1,1,2
202100014533,2021-10-08 17:50:00,2021,10,8,17,50,95,95488, A15,49.0213432664,2.1365176404,Plein jour,Hors agglomération,Hors intersection,Normale,Deux véhicules - côté,1,3,6,0,1,1,1,0,1,110,,2,1,0,0,1,25.0,30.0,,,1,1,1,1,3
202100014534,2021-10-08 09:00:00,2021,10,8,9,0,95,95277, A3,48.978055,2.494861,Plein jour,Hors agglomération,Hors intersection,Normale,Autre collision,1,3,7,0,1,1,1,0,1,110,,1,0,0,0,1,24.0,,,,1,1,1,1,6
202100014535,2021-10-08 08:00:00,2021,10,8,8,0,93,93007,AUTOROUTE A3,48.926831,2.481107,Plein jour,Hors agglomération,Hors intersection,Normale,Deux véhicules - arrière,1,3,6,0,1,1,1,0,1,110,,2,1,0,0,1,31.0,39.0,,,1,1,1,1,2
202100014536,2021-10-08 21:20:00,2021,10,8,21,20,94,94017,A4,48.8299683308,2.4970322965,Nuit sans éclairage public,Hors agglomération,Hors intersection,Normale,Deux véhicules - arrière,1,1,5,0,1,1,1,3,1,90,,2,1,0,0,1,24.0,32.0,,,3,1,1,1,2
202100014537,2021-10-08 21:00:00,2021,10,8,21,0,94,94069,A4,48.8176026373,2.4211764336,Nuit sans éclairage public,Hors agglomération,Hors intersection,Normale,Trois véhicules et plus - en chaîne,1,-1,5,0,1,1,1,0,1,90,,7,0,0,0,7,37.0,25.0,,,3,1,1,1,4
202100014538,2021-10-08 18:30:00,2021,10,8,18,30,77,77468,A4.W,48.832479,2.663401,Crépuscule ou aube,Hors agglomération,Hors intersection,Normale,Deux véhicules - arrière,1,-1,3,0,1,1,1,0,1,110,,2,1,0,0,1,26.0,29.0,,,2,1,1,1,2
202100014539,2021-10-08 14:00:00,2021,10,8,14,0,94,94033,A86.INT,48.8593412312,2.486201098,Plein jour,Hors agglomération,Hors intersection,Normale,Trois véhicules et plus - collisions multiples,1,3,2,0,1,3,1,0,1,90,,4,3,0,0,1,35.0,28.0,,,1,1,1,1,5
202100014540,2021-10-06 16:50:00,2021,10,6,16,50,59,59343,JAURES JEAN RUE,50.5850733575,3.10426265,Plein jour,En agglomération,Hors intersection,Normale,Deux véhicules - arrière,7,-1,1,0,1,3,1,0,6,50,,2,1,0,0,1,26.0,,,,1,2,1,1,2
202100014541,2021-10-07 08:15:00,2021,10,7,8,15,38,38185,RUE DES ALLIÉS,45.16942,5.73053,Plein jour,En agglomération,Hors intersection,Normale,Deux véhicules - côté,7,2,4,1,1,1,1,0,1,50,,2,1,0,1,0,62.0,,,,1,2,1,1,3
202100014542,2021-06-26 16:00:00,2021,6,26,16,0,74,74183,Rte de Sommand,46.15537,6.513605,Plein jour,Hors agglomération,Hors intersection,Normale,Deux véhicules - frontale,3,2,2,0,2,3,1,0,1,80,,2,1,0,1,0,77.0,71.0,,,1,1,1,1,1
202100014543,2021-06-27 22:00:00,2021,6,27,22,0,74,74002,D1201,45.819005,6.004736,Nuit avec éclairage allumé,Hors agglomération,Hors intersection,Normale,Deux véhicules - frontale,3,2,2,0,1,1,1,0,1,80,,3,0,0,2,1,52.0,38.0,,,5,1,1,1,1
202100014544,2021-10-07 17:50:00,2021,10,7,17,50,988,98818,ROUTE DE L'AQUARIUM/PROMENADE ROGER LAROQUE,-22.30275,166.43854,Plein jour,En agglomération,Intersection en T,Normale,Deux véhicules - côté,4,3,4,0,1,1,1,0,1,50,,2,1,0,0,1,53.0,43.0,,,1,2,3,1,3
202100014545,2021-10-06 07:15:00,2021,10,6,7,15,974,97411,LORY LES BAS (RUE),-20.8895273216,55.4821443556,Plein jour,En agglomération,Hors intersection,Normale,Autre collision,4,2,2,0,1,1,1,0,1,30,,2,1,0,0,1,43.0,,,,1,2,1,1,6
202100014546,2021-10-06 14:50:00,2021,10,6,14,50,974,97407,VERDUN (BOULEVARD),-20.93988,55.29522,Plein jour,En agglomération,Hors intersection,Normale,Deux véhicules - arrière,4,3,2,0,1,1,1,0,1,50,,2,1,0,0,1,30.0,42.0,,,1,2,1,1,2
202100014547,2021-10-07 20:10:00,2021,10,7,20,10,69,69386,BROTTEAUX (DES) (BD),45.7686592908,4.8569977283,Nuit avec éclairage allumé,En agglomération,Hors intersection,Normale,Autre collision,4,1,2,2,1,1,1,0,1,50,,1,0,0,0,1,28.0,,,,5,2,1,1,6
202100014548,2021-10-07 16:45:00,2021,10,7,16,45,69,69388,PAUL CAZENEUVE (R),45.7340052465,4.8627722729,Plein jour,En agglomération,Intersection en T,Normale,Autre collision,4,2,2,2,1,1,1,0,1,50,,2,1,0,0,1,,,,,1,2,3,1,6
202100014549,2021-10-07 13:35:00,2021,10,7,13,35,69,69259,PIERRE SEMARD (AV),45.70866,4.87616,Plein jour,En agglomération,Hors intersection,Normale,Deux véhicules - arrière,4,3,4,2,1,1,1,0,1,50,,2,1,0,0,1,34.0,24.0,,,1,2,1,1,2
202100014550,2021-10-07 11:19:00,2021,10,7,11,19,69,69387,TONY GARNIER (AV),45.7262,4.8377,Plein jour,En agglomération,Intersection en T,Normale,Deux véhicules - côté,4,2,7,0,1,1,1,5,8,50,,2,1,0,1,0,23.0,56.0,,,1,2,3,1,3
202100014551,2021-10-07 22:15:00,2021,10,7,22,15,69,69034,BOUCLE (DE LA) (MO),45.7828,4.83589,Nuit avec éclairage non allumé,En agglomération,Hors intersection,Normale,Deux véhicules - arrière,4,1,2,0,2,1,1,0,1,50,,2,1,0,0,1,45.0,42.0,,,4,2,1,1,2