accident_id,datetime,annee,mois,jour,heure,minute,departement,commune_insee,adresse,latitude,longitude,luminosite,agglomeration,intersection,meteo,collision,catr,circ,nbv,vosp,prof,plan,surf,infra,situ,vma,nb_vehicules,nb_usagers,nb_indemnes,nb_tues,nb_blesses_hosp,nb_blesses_legers,age_cond_1,age_cond_2,veh_type_cond_1,veh_type_cond_2,lum_code,agg_code,int_code,atm_code,col_code
202100014552,2021-10-07 17:20:00,2021,10,7,17,20,69,69381,LUCIEN SPORTISSE (R),45.7703199374,4.8307091285,Plein jour,En agglomération,Hors intersection,Normale,Deux véhicules - frontale,4,2,2,0,2,2,1,0,1,50,,2,1,0,0,1,26.0,20.0,,,1,2,1,1,1
202100014553,2021-10-07 14:30:00,2021,10,7,14,30,69,69142,STEPHANE DECHANT (R),45.72337,4.81219,Plein jour,En agglomération,Hors intersection,Normale,Sans collision,7,2,2,3,1,1,1,0,1,50,,1,0,0,0,1,35.0,,,,1,2,1,1,7
202100014554,2021-10-07 08:50:00,2021,10,7,8,50,69,69382,JULES COURMONT (Q),45.76035,4.83791,Plein jour,En agglomération,Intersection à plus de 4 branches,Normale,Trois véhicules et plus - en chaîne,4,3,7,3,1,1,1,2,1,50,,3,2,0,0,1,33.0,28.0,,,1,2,5,1,4
202100014555,2021-10-07 04:05:00,2021,10,7,4,5,69,69389,ST CYR (DE) (R),45.7966,4.81714,Nuit avec éclairage allumé,En agglomération,Hors intersection,Normale,Autre collision,7,2,2,0,1,1,1,0,1,50,,1,0,0,0,1,33.0,,,,5,2,1,1,6
202100014556,2021-10-07 15:00:00,2021,10,7,15,0,971,97113,BAS DU FORT,16.21595,-61.51808,Plein jour,Hors agglomération,Hors intersection,Normale,Autre collision,4,2,0,0,2,2,1,0,1,50,,1,0,0,0,1,86.0,,,,1,1,1,1,6
202100014557,2021-10-02 18:20:00,2021,10,2,18,20,2A,2A004,PRINCE IMPERIAL COURS,41.93421,8.7475,Plein jour,En agglomération,Intersection en T,Normale,Deux véhicules - côté,2,3,4,3,1,1,1,0,1,50,,2,1,0,0,1,71.0,30.0,,,1,2,3,1,3
202100014558,2021-10-06 18:00:00,2021,10,6,18,0,95,95424,ESPÉRANCE(RUE DE L'),49.00309,2.20682,Crépuscule ou aube,En agglomération,Hors intersection,Temps couvert,Autre collision,4,2,2,0,2,1,1,0,1,50,,2,1,0,1,0,54.0,,,,2,2,1,8,6
202100014559,2021-10-08 00:45:00,2021,10,8,0,45,91,91657,ALL DE LA BOURBONNAIS,48.718158,2.436805,Nuit avec éclairage allumé,En agglomération,Hors intersection,Normale,Sans collision,4,1,1,0,1,1,1,2,1,50,,1,0,0,0,1,47.0,,,,5,2,1,1,7
202100014560,2021-10-06 07:35:00,2021,10,6,7,35,91,91097,RUE DE ROCHOPT,48.690897,2.527226,Plein jour,En agglomération,Intersection en T,Normale,Deux véhicules - arrière,4,2,2,0,1,1,1,0,1,50,,2,1,0,0,1,58.0,53.0,,,1,2,3,1,2
202100014561,2021-10-07 20:10:00,2021,10,7,20,10,91,91687,DE FLEURY (ROUTE ),48.64707,2.36602,Nuit avec éclairage allumé,En agglomération,Hors intersection,Normale,Deux véhicules - frontale,3,2,2,0,1,1,1,0,1,50,,2,1,0,1,0,41.0,36.0,,,5,2,1,1,1
202100014562,2021-10-07 16:55:00,2021,10,7,16,55,91,91479,PL HENRI BARBUSSE,48.71295,2.36242,Plein jour,En agglomération,Place,Normale,Autre collision,4,1,1,0,1,2,1,0,1,30,,2,1,0,0,1,65.0,,,,1,2,7,1,6
202100014563,2021-10-07 08:48:00,2021,10,7,8,48,91,91027,RTE NATIONALE 7,48.71606,2.37092,Plein jour,En agglomération,Autre intersection,Normale,Deux véhicules - côté,2,4,4,0,1,1,1,5,1,50,,2,1,0,0,1,34.0,79.0,,,1,2,9,1,3
202100014564,2021-10-05 16:50:00,2021,10,5,16,50,90,90010,LECLERC (AVENUE),47.63634,6.83766,Plein jour,En agglomération,Hors intersection,Normale,Deux véhicules - côté,3,2,3,0,1,1,1,5,1,50,,2,1,0,0,1,27.0,51.0,,,1,2,1,1,3
202100014565,2021-10-06 10:21:00,2021,10,6,10,21,87,87085,LE GRECO (ALLEE),45.84576,1.2326,Plein jour,En agglomération,Hors intersection,Normale,Autre collision,4,2,2,0,1,1,1,0,1,30,,2,1,0,0,1,26.0,,,,1,2,1,1,6
202100014566,2021-09-28 07:50:00,2021,9,28,7,50,84,84031,MISTRAL AVENUE FREDERIC,44.05063,5.04104,Plein jour,En agglomération,Autre intersection,Normale,Deux véhicules - côté,4,2,2,0,1,1,1,0,1,50,,2,1,0,1,0,15.0,47.0,,,1,2,9,1,3
202100014567,2021-10-07 18:00:00,2021,10,7,18,0,83,83144,BLANC (BD DR EUGENE),43.13702,5.99943,Plein jour,Hors agglomération,Hors intersection,Normale,Autre collision,7,1,4,0,1,1,1,0,1,50,,2,1,0,0,1,25.0,,,,1,1,1,1,6
202100014568,2021-10-07 07:40:00,2021,10,7,7,40,83,83137,NOGUES (AVE DU GENERAL),43.127794,5.920789,Plein jour,En agglomération,Hors intersection,Normale,Autre collision,4,1,1,0,2,1,1,0,1,50,,2,1,0,0,1,16.0,,,,1,2,1,1,6
202100014569,2021-10-07 08:30:00,2021,10,7,8,30,83,83126,MENDES FRANCE (AV PIERRE),43.110255,5.87447,Plein jour,En agglomération,Hors intersection,Temps éblouissant,Autre collision,4,2,2,0,1,1,1,0,1,50,,2,1,0,1,0,38.0,,,,1,2,1,7,6
202100014570,2021-10-07 08:37:00,2021,10,7,8,37,78,78481,SAINT GERMAIN (DE),48.894419,2.101199,Plein jour,En agglomération,Hors intersection,Normale,Deux véhicules - côté,4,1,0,0,2,1,1,0,1,30,,2,1,0,0,1,36.0,51.0,,,1,2,1,1,3
202100014571,2021-10-06 21:10:00,2021,10,6,21,10,78,78118,Route départementale 110,48.983157,1.665236,Nuit sans éclairage public,Hors agglomération,Hors intersection,Normale,Autre collision,3,2,2,0,1,1,1,0,1,70,,2,1,0,0,1,21.0,,,,3,1,1,1,6
202100014572,2021-10-07 18:00:00,2021,10,7,18,0,77,77059,D217B,48.85017,2.66357,Plein jour,En agglomération,Hors intersection,Normale,Deux véhicules - côté,3,2,2,0,2,1,1,0,1,50,,2,1,0,1,0,53.0,45.0,,,1,2,1,1,3
202100014573,2021-10-06 17:45:00,2021,10,6,17,45,76,76305,ESTUAIRE,49.4578625851,0.209646821,Plein jour,Hors agglomération,Hors intersection,Normale,Sans collision,4,2,2,0,1,1,1,0,1,70,,1,0,0,0,1,19.0,,,,1,1,1,1,7
202100014574,2021-10-06 09:10:00,2021,10,6,9,10,76,76351,FELIX FAURE,49.5017,0.11644,Plein jour,En agglomération,Intersection en Y,Normale,Autre collision,4,2,2,0,1,1,2,0,1,50,,2,1,0,1,0,41.0,,,,1,2,4,1,6
202100014575,2021-10-07 07:55:00,2021,10,7,7,55,76,76349,DIEPPE (ROUTE DE),49.90147,1.05173,Crépuscule ou aube,En agglomération,Intersection en X,Normale,Deux véhicules - côté,3,2,2,0,1,1,1,0,1,50,,3,1,0,2,0,52.0,42.0,,,2,2,2,1,3
202100014576,2021-10-07 18:55:00,2021,10,7,18,55,74,74012,LECLERC (AVENUE DU MARECHAL),46.188,6.24852,Plein jour,En agglomération,Hors intersection,Temps couvert,Deux véhicules - arrière,4,1,2,1,1,1,1,0,1,50,,2,1,0,0,1,15.0,35.0,,,1,2,1,8,2
202100014577,2021-10-06 17:30:00,2021,10,6,17,30,74,74008,GENEVE (RUE DE),46.19182,6.22097,Plein jour,En agglomération,Intersection en X,Pluie légère,Deux véhicules - côté,4,1,3,3,1,1,2,0,1,50,,2,1,0,0,1,43.0,27.0,,,1,2,2,2,3
202100014578,2021-10-07 15:45:00,2021,10,7,15,45,72,72181,BREGUET LOUIS (RUE),47.97592,0.16615,Plein jour,Hors agglomération,Hors intersection,Normale,Deux véhicules - frontale,4,2,2,2,1,1,1,0,1,50,,2,1,0,0,1,57.0,68.0,,,1,1,1,1,1
202100014579,2021-10-07 08:25:00,2021,10,7,8,25,72,72181,POINTE (RUE DE LA),47.9842,0.18992,Plein jour,En agglomération,Hors intersection,Temps éblouissant,Deux véhicules - frontale,4,1,1,2,1,1,1,0,1,50,,2,1,0,1,0,25.0,35.0,,,1,2,1,7,1
202100014580,2021-10-07 12:15:00,2021,10,7,12,15,71,71306,OISEAUX (RUE DES),46.67079,4.36181,Plein jour,En agglomération,Intersection en Y,Normale,Deux véhicules - côté,4,2,3,0,2,3,1,0,1,50,,3,0,0,0,3,32.0,60.0,,,1,2,4,1,3
202100014581,2021-10-07 15:10:00,2021,10,7,15,10,71,71475,PONT PARON (PLACE DU),46.7735989244,4.8331950701,Plein jour,En agglomération,Hors intersection,Normale,Autre collision,4,-1,1,1,1,1,1,-1,1,50,,1,0,0,0,1,81.0,,,,1,2,1,1,6
202100014582,2021-10-07 14:15:00,2021,10,7,14,15,69,69275,SULLY (R),45.7713,4.97584,Plein jour,En agglomération,Hors intersection,Normale,Autre collision,4,2,2,1,1,1,1,6,1,30,,2,1,0,0,1,43.0,,,,1,2,1,1,6
202100014583,2021-10-06 17:20:00,2021,10,6,17,20,67,67482,WISSEMBOURG (RUE DE),48.59119,7.74208,Plein jour,En agglomération,Intersection en T,Pluie légère,Deux véhicules - côté,4,1,1,0,1,3,2,0,1,50,,2,1,0,0,1,24.0,72.0,,,1,2,3,2,3
202100014584,2021-10-06 16:25:00,2021,10,6,16,25,67,67482,LANGEVIN (RUE),48.603618,7.714924,Plein jour,En agglomération,Intersection en T,Pluie légère,Deux véhicules - côté,4,2,2,0,1,1,2,0,1,50,,2,1,0,0,1,,19.0,,,1,2,3,2,3
202100014585,2021-10-06 11:30:00,2021,10,6,11,30,67,67447,SELESTAT (RUE DE),48.61017,7.73949,Plein jour,En agglomération,Intersection en T,Normale,Deux véhicules - arrière,4,2,3,0,1,1,1,0,1,30,,2,1,0,0,1,81.0,56.0,,,1,2,3,1,2
202100014586,2021-10-07 09:52:00,2021,10,7,9,52,66,66136,BOUSSIRON AVENUE SIMON,42.69825,2.92847,Plein jour,En agglomération,Intersection en T,Normale,Autre collision,4,2,2,0,1,1,1,0,1,50,,2,1,0,0,1,61.0,,,,1,2,3,1,6
202100014587,2021-10-05 18:32:00,2021,10,5,18,32,66,66136,MERCADER (BOULEVARD FELIX),42.6937,2.89049,Plein jour,En agglomération,Hors intersection,Normale,Autre collision,4,2,4,0,1,1,1,0,1,50,,2,1,0,1,0,35.0,,,,1,2,1,1,6
202100014588,2021-10-07 11:30:00,2021,10,7,11,30,65,65440,MARNE (AVENUE DE LA),43.231785,0.085769,Plein jour,En agglomération,Autre intersection,Normale,Autre collision,4,1,1,0,1,1,1,0,1,50,,3,1,0,0,2,37.0,,,,1,2,9,1,6
202100014589,2021-09-07 12:20:00,2021,9,7,12,20,64,64445,LOUP DU,43.31474,-0.3545,Plein jour,En agglomération,Intersection en X,Normale,Deux véhicules - côté,4,2,2,0,1,1,1,0,1,50,,2,1,0,0,1,27.0,52.0,,,1,2,2,1,3
202100014590,2021-09-29 07:50:00,2021,9,29,7,50,62,62498,LANOY (R RENE),50.433512,2.834547,Nuit avec éclairage allumé,En agglomération,Hors intersection,Pluie légère,Sans collision,4,3,4,0,1,1,2,0,1,50,,2,1,0,1,0,51.0,,,,5,2,1,2,7
202100014591,2021-10-01 12:40:00,2021,10,1,12,40,62,62193,VERON (RUE A.),50.944911,1.822467,Plein jour,En agglomération,Hors intersection,Pluie légère,Autre collision,9,3,0,0,1,1,2,0,1,50,,2,1,0,0,1,27.0,,,,1,2,1,2,6
202100014592,2021-09-29 10:09:00,2021,9,29,10,9,62,62193,LOIRE (QUAI DE LA),50.956462,1.864292,Plein jour,En agglomération,Giratoire,Normale,Deux véhicules - côté,4,1,1,0,1,2,1,5,1,40,,2,1,0,1,0,71.0,78.0,,,1,2,6,1,3
202100014593,2021-10-03 23:30:00,2021,10,3,23,30,62,62755,PETIT CAPORAL ( Lieudit),50.70394,1.62924,Nuit avec éclairage allumé,Hors agglomération,Hors intersection,Pluie forte,Autre collision,2,1,2,0,3,1,2,0,3,110,,1,0,1,0,0,37.0,,,,5,1,1,3,6
202100014594,2021-10-07 15:40:00,2021,10,7,15,40,59,59599,BRUN PAIN (RUE DU),50.72719,3.13892,Plein jour,En agglomération,Intersection en X,Normale,Deux véhicules - côté,4,2,2,0,1,1,1,0,1,30,,2,1,0,0,1,23.0,35.0,,,1,2,2,1,3
202100014595,2021-10-07 12:15:00,2021,10,7,12,15,59,59599,TESTELIN (RUE ACHILLE),50.73462,3.18537,Plein jour,En agglomération,Intersection en X,Temps éblouissant,Deux véhicules - côté,4,2,1,0,1,1,1,0,1,50,,2,1,0,0,1,50.0,31.0,,,1,2,2,7,3
202100014596,2021-10-07 08:00:00,2021,10,7,8,0,59,59599,FOREST (CHAUSSEE FERNAND),50.736799,3.15381,Plein jour,En agglomération,Hors intersection,Normale,Autre collision,7,3,4,0,1,1,1,0,1,50,,2,1,0,0,1,24.0,,,,1,2,1,1,6
202100014597,2021-10-04 08:55:00,2021,10,4,8,55,59,59360,POTIE GEORGES RUE,50.61349,3.00573,Plein jour,En agglomération,Intersection en T,Normale,Autre collision,7,2,2,0,1,1,1,0,1,50,,2,1,0,0,1,47.0,,,,1,2,3,1,6
202100014598,2021-09-30 09:32:00,2021,9,30,9,32,54,54528,TROIS EVECHES (PLACE DES ),48.67388,5.89015,Plein jour,En agglomération,Place,Autre,Autre collision,9,1,2,0,1,1,1,5,1,30,,2,1,0,1,0,69.0,,,,1,2,7,9,6
202100014599,2021-10-06 11:57:00,2021,10,6,11,57,51,51454,Rue de Betheny,49.2660720222,4.0451669611,Plein jour,En agglomération,Hors intersection,Normale,Deux véhicules - côté,3,2,2,0,1,1,1,0,1,50,,2,1,0,0,1,12.0,77.0,,,1,2,1,1,3
202100014600,2021-10-07 07:55:00,2021,10,7,7,55,51,51454,Rue Saint Maurice,49.2470794136,4.0415899984,Plein jour,En agglomération,Intersection en X,Normale,Deux véhicules - côté,4,1,1,0,1,1,1,0,5,30,,2,1,0,0,1,23.0,18.0,,,1,2,2,1,3
202100014601,2021-10-06 08:31:00,2021,10,6,8,31,49,49007,POMPIDOU ALLEE ET SQUARE,47.4766,-0.5428,Plein jour,En agglomération,Hors intersection,Normale,Autre collision,4,2,2,0,1,1,1,0,1,50,,2,1,0,0,1,23.0,,,,1,2,1,1,6
202100014602,2021-10-07 17:20:00,2021,10,7,17,20,45,45284,Avenue Louis-Joseph Soulas,47.90806,1.96823,Plein jour,En agglomération,Hors intersection,Normale,Autre collision,4,2,3,0,1,1,1,0,1,50,,2,1,0,0,1,78.0,,,,1,2,1,1,6
202100014603,2021-10-07 08:50:00,2021,10,7,8,50,45,45284,VERDUN (AVENUE DE),47.92545,1.99412,Plein jour,En agglomération,Intersection en T,Normale,Deux véhicules - côté,7,2,4,0,1,1,1,5,1,50,,2,1,0,0,1,61.0,21.0,,,1,2,3,1,3
202100014604,2021-10-07 13:40:00,2021,10,7,13,40,44,44109,RUE DOS D'ANE,47.19773,-1.54217,Plein jour,En agglomération,Hors intersection,Normale,Deux véhicules - côté,4,1,4,3,1,1,1,0,1,50,,2,1,0,1,0,46.0,46.0,,,1,2,1,1,3
202100014605,2021-10-06 16:48:00,2021,10,6,16,48,37,37261,MAGINOT (AV. ANDRE),47.4103004187,0.6828840282,Plein jour,En agglomération,Hors intersection,Normale,Deux véhicules - côté,4,2,2,1,1,1,1,9,5,50,,2,1,0,0,1,33.0,,,,1,2,1,1,3
202100014606,2021-10-05 04:20:00,2021,10,5,4,20,37,37261,JAURES (PLACE JEAN),47.3900814189,0.6889123845,Nuit avec éclairage allumé,En agglomération,Place,Normale,Autre collision,4,-1,0,3,1,1,1,5,6,40,,1,0,0,1,0,31.0,,,,5,2,7,1,6
202100014607,2021-10-07 06:50:00,2021,10,7,6,50,35,35051,RN157,48.1144181502,-1.5582652688,Nuit sans éclairage public,Hors agglomération,Hors intersection,Normale,Deux véhicules - côté,2,3,4,0,1,1,1,0,1,110,,2,0,0,0,2,36.0,53.0,,,3,1,1,1,3
202100014608,2021-10-07 10:25:00,2021,10,7,10,25,33,33063,Cours de la Marne,44.82866,-0.56293,Plein jour,En agglomération,Place,Temps éblouissant,Deux véhicules - côté,4,2,2,3,1,1,1,-1,1,50,,2,1,0,0,1,74.0,50.0,,,1,2,7,7,3
202100014609,2021-10-06 18:50:00,2021,10,6,18,50,33,33063,Cours du Raccordement,44.86572,-0.56213,Crépuscule ou aube,En agglomération,Intersection en T,Normale,Deux véhicules - arrière,4,2,3,2,1,1,1,-1,1,50,,2,1,0,0,1,20.0,69.0,,,2,2,3,1,2
202100014610,2021-10-07 23:04:00,2021,10,7,23,4,29,29019,Avenue Salaun Penquer,48.38335,-4.48555,Nuit avec éclairage allumé,En agglomération,Giratoire,Normale,Autre collision,4,1,2,0,1,3,1,5,1,50,,2,1,0,0,1,36.0,,,,5,2,6,1,6
202100014611,2021-10-07 06:50:00,2021,10,7,6,50,29,29019,Boulevard Montaigne,48.399754,-4.486097,Nuit avec éclairage allumé,En agglomération,Intersection en X,Normale,Deux véhicules - frontale,4,2,3,0,2,1,1,9,1,50,,2,1,0,1,0,44.0,42.0,,,5,2,2,1,1
202100014612,2021-10-06 16:45:00,2021,10,6,16,45,27,27681,PARIS (AVENUE DE),49.08585,1.49764,Plein jour,En agglomération,Autre intersection,Normale,Sans collision,9,-1,1,1,1,1,1,0,5,20,,1,0,0,1,0,41.0,,,,1,2,9,1,7
202100014613,2021-10-07 16:30:00,2021,10,7,16,30,25,25056,MONTBOUCONS CHEMIN DES,47.255742,5.994008,Plein jour,En agglomération,Hors intersection,Normale,Deux véhicules - côté,4,1,1,0,1,1,1,9,1,50,,2,0,0,1,1,19.0,38.0,,,1,2,1,1,3
202100014614,2021-10-07 07:15:00,2021,10,7,7,15,25,25056,BLUM  BOULEVARD LEON (inf 51),47.26335,6.04739,Nuit avec éclairage allumé,En agglomération,Intersection en X,Normale,Autre collision,4,3,4,0,2,1,1,0,1,50,,2,1,0,1,0,45.0,,,,5,2,2,1,6
202100014615,2021-10-07 15:00:00,2021,10,7,15,0,17,17300,CARNOT   AVENUE,46.1645,-1.17994,Plein jour,En agglomération,Hors intersection,Normale,Deux véhicules - arrière,4,2,4,1,1,1,1,0,1,50,,2,1,0,0,1,76.0,23.0,,,1,2,1,1,2
202100014616,2021-10-07 09:10:00,2021,10,7,9,10,17,17300,CARNOT   AVENUE,46.16422,-1.17632,Plein jour,En agglomération,Hors intersection,Temps éblouissant,Autre collision,4,1,2,3,1,1,1,6,1,50,,2,1,0,0,1,57.0,,,,1,2,1,7,6
202100014617,2021-10-06 17:00:00,2021,10,6,17,0,13,13043,DEPARTEMENTALE 48 (RTE ),43.3968,5.21953,Plein jour,En agglomération,Hors intersection,Normale,Deux véhicules - arrière,7,2,0,0,1,3,1,0,1,50,,3,0,0,0,3,68.0,77.0,,,1,2,1,1,2
202100014618,2021-10-07 22:10:00,2021,10,7,22,10,13,13047,RD 569,43.55093,4.97376,Nuit sans éclairage public,Hors agglomération,Hors intersection,Normale,Deux véhicules - côté,7,2,2,0,1,1,1,0,1,80,,2,1,0,0,1,24.0,32.0,,,3,1,1,1,3
202100014619,2021-10-07 15:10:00,2021,10,7,15,10,13,13028,FONTSAINTE (AVENUE DE),43.19015,5.6369,Plein jour,En agglomération,Hors intersection,Normale,Deux véhicules - arrière,7,2,2,0,1,1,1,0,3,50,,2,1,0,1,0,14.0,42.0,,,1,2,1,1,2
202100014620,2021-10-07 07:45:00,2021,10,7,7,45,13,13005,PAGNOL (AVENUE MARCEL),43.29586,5.56954,Plein jour,En agglomération,Intersection en T,Normale,Deux véhicules - côté,4,2,2,0,1,1,1,0,1,50,,2,1,0,1,0,53.0,20.0,,,1,2,3,1,3
202100014621,2021-10-06 18:20:00,2021,10,6,18,20,10,10081,NECKARBISCHOFSHEIM (CD),48.31256,4.0359,Plein jour,En agglomération,Hors intersection,Normale,Deux véhicules - frontale,4,2,2,0,1,1,1,0,1,50,,2,1,0,0,1,20.0,54.0,,,1,2,1,1,1
202100014622,2021-10-07 19:25:00,2021,10,7,19,25,06,06088,JUSSIEU (R. DE),43.70225,7.25381,Nuit sans éclairage public,En agglomération,Hors intersection,Normale,Autre collision,4,2,2,0,1,1,1,0,1,50,,5,4,0,0,1,24.0,28.0,,,3,2,1,1,6
202100014623,2021-10-07 09:30:00,2021,10,7,9,30,06,06069,ORME (CHEMIN DE L'),43.649808,6.944882,Plein jour,En agglomération,Hors intersection,Normale,Deux véhicules - arrière,4,2,2,0,1,1,1,0,1,50,,3,2,0,0,1,40.0,24.0,,,1,2,1,1,2
202100014624,2021-09-10 07:06:00,2021,9,10,7,6,02,02168,CARNOT (RUE),49.04206,3.40402,Nuit avec éclairage allumé,En agglomération,Autre intersection,Pluie légère,Autre collision,4,2,3,0,1,1,2,0,1,50,,2,1,0,0,1,54.0,,,,5,2,9,2,6
202100014625,2021-10-07 14:35:00,2021,10,7,14,35,01,01053,CRETES DU REVERMONT (BOULEVARD),46.2224551502,5.2421383794,Plein jour,Hors agglomération,Hors intersection,Normale,Deux véhicules - frontale,3,-1,2,0,1,1,1,0,1,80,,3,2,0,0,1,71.0,71.0,,,1,1,1,1,1
202100014626,2021-10-07 13:30:00,2021,10,7,13,30,01,01053,KENNEDY BVD J  - IMPAIR DE DIMES A CROIX,46.2036,5.24247,Plein jour,En agglomération,Intersection en X,Normale,Deux véhicules - côté,3,2,6,0,1,1,1,0,1,50,,2,0,0,0,2,25.0,26.0,,,1,2,2,1,3
202100014627,2021-10-07 09:35:00,2021,10,7,9,35,75,75113,PORTE D ITALIE,48.817614,2.367469,Plein jour,En agglomération,Hors intersection,Normale,Sans collision,4,1,4,0,1,1,1,0,1,70,,1,0,0,0,1,49.0,,,,1,2,1,1,7
202100014628,2021-10-06 13:50:00,2021,10,6,13,50,75,75119,PORTE D AUBERVILLIERS,48.900327,2.379367,Plein jour,En agglomération,Hors intersection,Normale,Sans collision,4,1,4,0,1,1,1,0,1,70,,1,0,0,0,1,48.0,,,,1,2,1,1,7
202100014629,2021-10-07 00:48:00,2021,10,7,0,48,75,75107,PLACE DE LA RESISTANCE,48.862243,2.301525,Nuit avec éclairage allumé,En agglomération,Place,Normale,Autre collision,4,3,3,0,1,1,1,0,1,30,,1,0,0,1,0,28.0,,,,5,2,7,1,6
202100014630,2021-10-07 08:40:00,2021,10,7,8,40,75,75119,AVENUE JEAN JAURES,48.888656,2.392559,Plein jour,En agglomération,Hors intersection,Normale,Deux véhicules - côté,4,2,5,1,1,1,1,0,5,30,,2,1,0,0,1,40.0,57.0,,,1,2,1,1,3
202100014631,2021-10-07 14:00:00,2021,10,7,14,0,75,75117,RUE DE ROME,48.884027,2.318508,Plein jour,En agglomération,Intersection en X,Normale,Deux véhicules - arrière,4,2,3,0,1,1,1,0,1,30,,4,2,0,1,1,26.0,27.0,,,1,2,2,1,2
202100014632,2021-10-07 19:00:00,2021,10,7,19,0,75,75115,RUE SAINT CHARLES,48.843724,2.282998,Nuit avec éclairage allumé,En agglomération,Hors intersection,Normale,Autre collision,4,1,1,0,1,1,1,0,1,30,,2,1,0,0,1,21.0,,,,5,2,1,1,6
202100014633,2021-10-07 11:55:00,2021,10,7,11,55,75,75115,RUE DU HAMEAU,48.834014,2.297406,Plein jour,En agglomération,Hors intersection,Normale,Deux véhicules - côté,4,1,2,3,1,1,1,0,6,50,,2,1,0,0,1,22.0,59.0,,,1,2,1,1,3
202100014634,2021-10-06 13:25:00,2021,10,6,13,25,75,75114,BOULEVARD EDGAR QUINET,48.839455,2.330252,Plein jour,En agglomération,Intersection en T,Temps éblouissant,Deux véhicules - côté,4,2,2,0,1,1,1,0,1,30,,2,1,0,0,1,38.0,19.0,,,1,2,3,7,3
202100014635,2021-10-07 15:55:00,2021,10,7,15,55,75,75113,AVENUE DE CHOISY,48.829028,2.357702,Plein jour,En agglomération,Intersection en T,Normale,Deux véhicules - côté,4,2,3,0,1,1,1,0,1,30,,2,1,0,0,1,16.0,34.0,,,1,2,3,1,3
202100014636,2021-10-06 20:15:00,2021,10,6,20,15,75,75113,RUE DE TOLBIAC,48.827105,2.367132,Nuit avec éclairage allumé,En agglomération,Intersection en T,Normale,Deux véhicules - côté,4,2,3,3,1,1,1,0,6,30,,2,1,0,0,1,13.0,60.0,,,5,2,3,1,3
202100014637,2021-10-06 23:41:00,2021,10,6,23,41,75,75112,BOULEVARD DIDEROT,48.847379,2.386757,Nuit avec éclairage allumé,En agglomération,Intersection en X,Normale,Deux véhicules - côté,4,2,2,1,1,1,1,0,1,30,,2,1,0,0,1,28.0,41.0,,,5,2,2,1,3
202100014638,2021-10-07 22:15:00,2021,10,7,22,15,75,75111,AVENUE PARMENTIER,48.869319,2.371568,Nuit avec éclairage allumé,En agglomération,Intersection en T,Normale,Deux véhicules - côté,4,2,2,0,1,1,1,0,1,30,,2,1,0,0,1,25.0,27.0,,,5,2,3,1,3
202100014639,2021-10-07 16:00:00,2021,10,7,16,0,75,75110,BOULEVARD DE LA VILLETTE,48.882624,2.369965,Plein jour,En agglomération,Intersection en X,Normale,Deux véhicules - côté,4,3,2,0,1,1,1,0,1,30,,3,2,0,0,1,20.0,23.0,,,1,2,2,1,3
202100014640,2021-10-07 12:55:00,2021,10,7,12,55,75,75101,RUE DE RIVOLI,48.866024,2.325025,Plein jour,En agglomération,Intersection en T,Normale,Deux véhicules - côté,4,2,6,1,1,1,1,0,5,30,,2,1,0,0,1,,33.0,,,1,2,3,1,3
202100014641,2021-10-07 10:15:00,2021,10,7,10,15,75,75104,BOULEVARD BEAUMARCHAIS,48.854807,2.368743,Plein jour,En agglomération,Intersection en T,Normale,Deux véhicules - côté,4,2,4,3,1,1,1,0,6,30,,2,1,0,0,1,70.0,61.0,,,1,2,3,1,3
202100014642,2021-10-07 19:30:00,2021,10,7,19,30,94,94080,Avenue de Paris,48.84652,2.4196,Nuit avec éclairage allumé,En agglomération,Hors intersection,Normale,Deux véhicules - côté,3,2,1,0,1,1,1,0,1,50,,2,1,0,0,1,66.0,29.0,,,5,2,1,1,3
202100014643,2021-10-05 10:00:00,2021,10,5,10,0,94,94042,Avenue du Général Galliéni,48.8202211402,2.4713745116,Plein jour,En agglomération,Hors intersection,Pluie légère,Deux véhicules - arrière,3,1,1,0,1,1,2,2,1,50,,2,0,0,0,2,46.0,47.0,,,1,2,1,2,2
202100014644,2021-10-07 09:20:00,2021,10,7,9,20,94,94046,GENERAL DE GAULLE (AV DU),48.8151,2.4204,Plein jour,En agglomération,Hors intersection,Normale,Autre collision,3,2,4,0,1,1,1,0,1,50,,2,1,0,0,1,58.0,,,,1,2,1,1,6
202100014645,2021-10-07 18:20:00,2021,10,7,18,20,94,94021,Boulevard Jean Mermoz,48.76959,2.33745,Plein jour,En agglomération,Hors intersection,Normale,Deux véhicules - arrière,3,1,2,0,1,1,1,0,1,50,,2,1,0,0,1,31.0,60.0,,,1,2,1,1,2
202100014646,2021-10-05 19:30:00,2021,10,5,19,30,94,94033,GEORGES GUYNEMER (R),48.84777,2.48784,Crépuscule ou aube,En agglomération,Intersection en X,Pluie légère,Deux véhicules - côté,3,2,2,0,2,1,2,0,1,50,,2,1,0,0,1,46.0,35.0,,,2,2,2,2,3
202100014647,2021-10-07 17:30:00,2021,10,7,17,30,94,94028,DEMENITROUX(RUE MAURICE),48.78863,2.45496,Plein jour,En agglomération,Hors intersection,Normale,Deux véhicules - côté,4,2,2,0,1,1,1,0,1,50,,2,1,0,0,1,32.0,,,,1,2,1,1,3
202100014648,2021-10-07 12:35:00,2021,10,7,12,35,93,93078,Place de la Gare,48.945052315,2.5664641856,Plein jour,En agglomération,Hors intersection,Normale,Autre collision,3,1,2,0,1,2,1,0,1,50,,2,1,0,0,1,34.0,,,,1,2,1,1,6