accident_id,datetime,annee,mois,jour,heure,minute,departement,commune_insee,adresse,latitude,longitude,luminosite,agglomeration,intersection,meteo,collision,catr,circ,nbv,vosp,prof,plan,surf,infra,situ,vma,nb_vehicules,nb_usagers,nb_indemnes,nb_tues,nb_blesses_hosp,nb_blesses_legers,age_cond_1,age_cond_2,veh_type_cond_1,veh_type_cond_2,lum_code,agg_code,int_code,atm_code,col_code
202100014649,2021-10-07 20:40:00,2021,10,7,20,40,93,93059,JEAN MERMOZ (BOULEVARD) N°59AU185 ET 76A,48.9711877332,2.3662027716,Nuit avec éclairage allumé,En agglomération,Intersection en T,Normale,Deux véhicules - arrière,3,1,2,0,1,1,1,9,6,50,,2,1,0,0,1,43.0,19.0,,,5,2,3,1,2
202100014650,2021-10-07 07:10:00,2021,10,7,7,10,93,93072,MARCEL CACHIN (AVENUE) COTE N°16 AU 50,48.95779,2.38255,Nuit sans éclairage public,En agglomération,Hors intersection,Normale,Autre collision,3,2,2,1,1,1,1,0,1,50,,2,1,0,1,0,45.0,,,,3,2,1,1,6
202100014651,2021-10-06 23:50:00,2021,10,6,23,50,93,93055,Avenue du Général Leclerc,48.897017,2.403559,Nuit avec éclairage allumé,En agglomération,Hors intersection,Normale,Trois véhicules et plus - en chaîne,3,3,2,2,1,1,1,1,1,50,,4,3,0,1,0,49.0,19.0,,,5,2,1,1,4
202100014652,2021-10-07 17:50:00,2021,10,7,17,50,93,93048,Boulevard Aristide Briand / Rue de la Demi-Lune,48.876274183,2.4561309814,Plein jour,En agglomération,Intersection en X,Normale,Deux véhicules - côté,3,2,2,1,1,1,1,5,1,50,,2,1,0,0,1,59.0,36.0,,,1,2,2,1,3
202100014653,2021-10-07 15:10:00,2021,10,7,15,10,93,93048,Rue Saint Antoine / Rue de Rosny,48.865,2.45365,Plein jour,En agglomération,Intersection en T,Normale,Autre collision,3,2,2,0,2,1,1,0,1,50,,2,1,0,0,1,31.0,,,,1,2,3,1,6
202100014654,2021-10-07 09:50:00,2021,10,7,9,50,93,93048,Avenue Gabriel Péri / Rue Condorcet,48.8568,2.4431,Plein jour,En agglomération,Intersection en X,Normale,Deux véhicules - côté,3,2,2,1,1,1,1,0,1,50,,2,1,0,0,1,61.0,22.0,,,1,2,2,1,3
202100014655,2021-10-07 08:36:00,2021,10,7,8,36,93,93029,ARTHUR FONTAINE,48.92038,2.4565,Plein jour,En agglomération,Hors intersection,Temps éblouissant,Deux véhicules - arrière,4,2,2,0,1,1,1,0,1,30,,2,1,0,0,1,81.0,,,,1,2,1,7,2
202100014656,2021-10-07 13:34:00,2021,10,7,13,34,93,93010,GALLIENI (AV.) DE 177 A 211,48.90676,2.48623,Plein jour,En agglomération,Hors intersection,Normale,Deux véhicules - frontale,3,1,3,0,1,1,1,9,1,50,,2,1,0,0,1,30.0,,,,1,2,1,1,1
202100014657,2021-10-07 10:15:00,2021,10,7,10,15,93,93010,GALLIENI (AV.) DE 1 A 109,48.905853,2.479034,Plein jour,En agglomération,Hors intersection,Normale,Sans collision,3,1,3,0,1,1,1,9,1,50,,2,1,0,0,1,27.0,,,,1,2,1,1,7
202100014658,2021-10-07 13:45:00,2021,10,7,13,45,93,93008,VAILLANT COUTURIER (AVENUE PAUL),48.9121057556,2.4391812086,Plein jour,En agglomération,Hors intersection,Normale,Deux véhicules - côté,3,3,1,1,1,1,1,0,5,50,,2,1,0,0,1,64.0,25.0,,,1,2,1,1,3
202100014659,2021-10-07 20:35:00,2021,10,7,20,35,93,93007,Rue Pierre Sémard / Avenue Paul Vaillant Couturier,48.929398,2.480097,Nuit avec éclairage allumé,En agglomération,Intersection en X,Normale,Deux véhicules - côté,4,2,2,0,1,2,1,0,1,50,,2,1,0,0,1,35.0,19.0,,,5,2,2,1,3
202100014660,2021-10-07 11:55:00,2021,10,7,11,55,92,92064,MILONS,48.8494944905,2.2238892317,Plein jour,En agglomération,Intersection en T,Normale,Deux véhicules - côté,3,2,2,0,1,1,1,0,1,50,,2,1,0,0,1,36.0,19.0,,,1,2,3,1,3
202100014661,2021-10-06 17:00:00,2021,10,6,17,0,92,92020,BERTHELOT AVENUE MARCELIN,48.809268,2.29511,Plein jour,En agglomération,Hors intersection,Temps couvert,Autre collision,4,-1,1,0,2,1,1,0,1,10,,2,1,0,0,1,82.0,,,,1,2,1,8,6
202100014662,2021-10-07 16:50:00,2021,10,7,16,50,92,92044,JEAN JAURES(RUE) 1A55 ET 2A54,48.8901295281,2.2913549885,Plein jour,En agglomération,Hors intersection,Normale,Autre collision,4,1,2,1,1,1,1,0,1,50,,2,1,0,0,1,32.0,,,,1,2,1,1,6
202100014663,2021-10-06 11:00:00,2021,10,6,11,0,92,92025,PIERRE DE COUBERTIN (BD),48.9285452807,2.2509719806,Plein jour,En agglomération,Autre intersection,Temps couvert,Autre collision,3,1,1,0,1,1,1,8,4,50,,2,1,0,0,1,62.0,,,,1,2,9,8,6
202100014664,2021-10-07 08:22:00,2021,10,7,8,22,92,92024,JEAN JAURES (BD) DE 47 A 109)   (56 A 14,48.90139,2.30512,Plein jour,En agglomération,Hors intersection,Normale,Deux véhicules - côté,3,2,3,1,1,1,1,0,5,50,,2,1,0,0,1,55.0,41.0,,,1,2,1,1,3
202100014665,2021-10-06 19:25:00,2021,10,6,19,25,92,92023,GENERAL DE GAULLE (AV DU) N°130 A 340 ET,48.7857531889,2.2524166152,Crépuscule ou aube,En agglomération,Hors intersection,Normale,Deux véhicules - côté,3,2,0,0,1,1,1,0,1,50,,2,1,0,0,1,26.0,56.0,,,2,2,1,1,3
202100014666,2021-10-07 17:10:00,2021,10,7,17,10,92,92007,BRIAND (AVENUE ARISTIDE) N° 100 A 160,48.7967927758,2.3219963908,Plein jour,En agglomération,Hors intersection,Normale,Deux véhicules - côté,3,3,6,2,1,1,1,0,5,50,,2,1,0,0,1,43.0,49.0,,,1,2,1,1,3
202100014667,2021-10-06 08:15:00,2021,10,6,8,15,35,35236,16 Rue de Normandie,47.662649,-2.069694,Plein jour,En agglomération,Hors intersection,Normale,Autre collision,4,2,1,0,2,1,1,0,1,50,,2,1,0,1,0,34.0,,,,1,2,1,1,6
202100014668,2021-10-07 13:45:00,2021,10,7,13,45,2B,2B121,D81b,42.425137,8.672487,Plein jour,Hors agglomération,Hors intersection,Normale,Deux véhicules - frontale,3,2,2,0,1,3,3,0,1,80,,2,1,0,1,0,42.0,27.0,,,1,1,1,1,1
202100014669,2021-10-08 13:00:00,2021,10,8,13,0,50,50565,D35 la Croix,48.77138,-1.431055,Plein jour,Hors agglomération,Hors intersection,Normale,Deux véhicules - frontale,3,2,2,0,1,1,1,0,1,80,,2,0,0,2,0,51.0,22.0,,,1,1,1,1,1
202100014670,2021-07-19 12:00:00,2021,7,19,12,0,33,33334,Route des Graves,44.692806,-0.432017,Plein jour,En agglomération,Intersection en X,Normale,Deux véhicules - frontale,3,2,2,0,1,1,1,0,1,50,,2,1,0,1,0,76.0,49.0,,,1,2,2,1,1
202100014671,2021-10-08 10:05:00,2021,10,8,10,5,87,87154,Avenue d Oradour-sur-Glane,45.894787,0.911114,Plein jour,En agglomération,Hors intersection,Normale,Deux véhicules - frontale,3,2,2,0,1,1,1,9,1,50,,2,1,0,1,0,81.0,,,,1,2,1,1,1
202100014672,2021-10-08 14:10:00,2021,10,8,14,10,21,21171,A39 Pk 004+400,47.280947,5.124843,Plein jour,Hors agglomération,Hors intersection,Normale,Deux véhicules - côté,1,1,2,0,1,1,1,0,1,110,,2,1,0,0,1,42.0,38.0,,,1,1,1,1,3
202100014673,2021-10-06 14:00:00,2021,10,6,14,0,974,97422,22 Rue des Muriers,-21.280972,55.533992,Plein jour,En agglomération,Hors intersection,Temps couvert,Deux véhicules - frontale,9,-1,1,0,2,2,2,0,1,50,,1,0,0,1,0,84.0,,,,1,2,1,8,1
202100014674,2021-10-08 07:30:00,2021,10,8,7,30,83,83148,Boulevard des Pins Parasols,43.42965,6.436502,Plein jour,En agglomération,Hors intersection,Normale,Deux véhicules - côté,4,2,2,0,1,1,1,0,1,50,,2,1,0,0,1,10.0,60.0,,,1,2,1,1,3
202100014675,2021-10-08 08:40:00,2021,10,8,8,40,14,14098,"RN13, PR80+550",49.223287,-0.550979,Crépuscule ou aube,Hors agglomération,Hors intersection,Temps éblouissant,Deux véhicules - arrière,2,3,4,0,2,1,1,0,1,110,,2,0,0,0,2,77.0,38.0,,,2,1,1,7,2
202100014676,2021-10-06 01:00:00,2021,10,6,1,0,68,68043,D83,47.856208,7.242125,Nuit sans éclairage public,Hors agglomération,Hors intersection,Normale,Deux véhicules - arrière,3,3,4,0,1,1,2,0,1,110,,3,0,0,2,1,19.0,19.0,,,3,1,1,1,2
202100014677,2021-10-07 13:20:00,2021,10,7,13,20,85,85109,Rue Monseigneur Masse,46.84964,-1.003873,Plein jour,Hors agglomération,Hors intersection,Normale,Deux véhicules - côté,3,2,2,0,1,1,1,0,1,80,,2,1,0,0,1,58.0,53.0,,,1,1,1,1,3
202100014678,2021-10-08 07:20:00,2021,10,8,7,20,67,67194,D29,48.747913,7.914818,Plein jour,Hors agglomération,Intersection en X,Normale,Deux véhicules - côté,1,1,-1,-1,3,1,1,3,1,-1,,2,1,0,1,0,40.0,60.0,,,1,1,2,1,3
202100014679,2021-10-08 17:15:00,2021,10,8,17,15,62,62011,D54,50.318225,2.64098,Plein jour,Hors agglomération,Hors intersection,Normale,Deux véhicules - frontale,3,2,2,0,1,1,1,0,1,80,,2,0,0,1,1,31.0,15.0,,,1,1,1,1,1
202100014680,2021-10-06 23:40:00,2021,10,6,23,40,74,74263,D1005,46.330195,6.369034,Nuit sans éclairage public,Hors agglomération,Hors intersection,Normale,Autre collision,3,2,2,0,1,1,1,0,1,80,,1,0,0,1,0,29.0,,,,3,1,1,1,6
202100014681,2021-10-08 07:30:00,2021,10,8,7,30,83,83031,RD 558 PR 6+800,43.355001,6.410866,Crépuscule ou aube,Hors agglomération,Hors intersection,Normale,Deux véhicules - frontale,3,2,2,0,1,1,1,0,1,80,,2,1,0,1,0,22.0,27.0,,,2,1,1,1,1
202100014682,2021-10-07 19:00:00,2021,10,7,19,0,57,57102,Bousse,49.277689,6.215917,Crépuscule ou aube,En agglomération,Hors intersection,Normale,Deux véhicules - côté,3,2,1,0,2,1,1,0,1,80,,2,1,0,1,0,46.0,52.0,,,2,2,1,1,3
202100014683,2021-10-08 15:00:00,2021,10,8,15,0,80,80227,Route departementale 141,49.782916,1.989083,Plein jour,Hors agglomération,Hors intersection,Normale,Autre collision,3,2,2,2,2,1,1,6,5,80,,2,1,0,1,0,52.0,,,,1,1,1,1,6
202100014684,2021-10-05 11:30:00,2021,10,5,11,30,65,65223,7 rue du pic du midi,43.1958,0.08059,Plein jour,En agglomération,Hors intersection,Normale,Deux véhicules - arrière,3,2,2,0,1,1,2,0,1,80,,2,1,0,0,1,64.0,56.0,,,1,2,1,1,2
202100014685,2021-10-04 21:35:00,2021,10,4,21,35,89,89025,Rue de Lyon,47.4913,3.91303,Nuit avec éclairage allumé,En agglomération,Hors intersection,Normale,Autre collision,4,2,2,0,1,1,1,0,4,50,,2,1,0,0,1,,,,,5,2,1,1,6
202100014686,2021-10-06 16:50:00,2021,10,6,16,50,63,63178,913 Route de Perrier,45.543509,3.226724,Plein jour,En agglomération,Hors intersection,Normale,Deux véhicules - côté,3,2,2,0,1,1,1,0,1,50,,2,1,0,0,1,17.0,68.0,,,1,2,1,1,3
202100014687,2021-10-08 08:40:00,2021,10,8,8,40,61,61345,La Houssaie,48.420607,0.720913,Plein jour,Hors agglomération,Hors intersection,Normale,Sans collision,3,2,1,0,2,2,1,0,3,80,,1,0,0,1,0,61.0,,,,1,1,1,1,7
202100014688,2021-10-08 17:20:00,2021,10,8,17,20,41,41235,D921,47.933805,0.862352,Plein jour,Hors agglomération,Intersection en T,Normale,Deux véhicules - côté,3,2,2,0,1,1,1,0,1,80,,2,1,1,0,0,22.0,52.0,,,1,1,3,1,3
202100014689,2021-10-08 07:30:00,2021,10,8,7,30,41,41175,59 rue de vendome,47.864295,1.137509,Plein jour,En agglomération,Hors intersection,Normale,Deux véhicules - côté,3,1,2,0,1,1,1,0,1,-1,,2,1,0,1,0,22.0,18.0,,,1,2,1,1,3
202100014690,2021-10-04 12:45:00,2021,10,4,12,45,34,34221,RD 32,43.7189200782,3.6236657189,Plein jour,Hors agglomération,Hors intersection,Pluie légère,Deux véhicules - frontale,3,2,2,0,2,1,2,0,1,80,,3,0,0,0,3,71.0,20.0,,,1,1,1,2,1
202100014691,2021-09-04 17:00:00,2021,9,4,17,0,44,44068,Bas Epaud,47.485583,-1.921025,Plein jour,Hors agglomération,Intersection en X,Normale,Deux véhicules - côté,3,2,2,0,1,1,1,0,1,80,,2,1,0,0,1,78.0,40.0,,,1,1,2,1,3
202100014692,2021-10-07 23:34:00,2021,10,7,23,34,44,44131,route départementale 86,47.1352546023,-2.0885825157,Nuit sans éclairage public,Hors agglomération,Hors intersection,Normale,Autre collision,3,2,2,0,1,1,1,0,1,80,,1,0,0,1,0,20.0,,,,3,1,1,1,6
202100014693,2021-10-06 21:55:00,2021,10,6,21,55,29,29016,Rue de la Mairie,48.2997666168,-3.9552074387,Nuit avec éclairage non allumé,En agglomération,Hors intersection,Normale,Autre collision,4,2,2,0,1,1,1,0,1,50,,1,0,0,1,0,19.0,,,,4,2,1,1,6
202100014694,2021-10-07 21:15:00,2021,10,7,21,15,50,50359,8a Avenue de l Abbaye Blanche,48.652518,-0.941182,Nuit avec éclairage allumé,En agglomération,Hors intersection,Normale,Autre collision,3,2,2,0,1,1,1,0,1,50,,1,0,0,1,0,45.0,,,,5,2,1,1,6
202100014695,2021-10-07 18:00:00,2021,10,7,18,0,09,09177,D119,43.107672,1.546733,Crépuscule ou aube,Hors agglomération,Hors intersection,Temps éblouissant,Autre collision,3,2,2,0,1,1,1,0,1,80,,1,0,0,0,1,64.0,,,,2,1,1,7,6
202100014696,2021-10-08 17:30:00,2021,10,8,17,30,60,60183,Rue d Amiens,49.697846,2.172025,Plein jour,En agglomération,Hors intersection,Normale,Deux véhicules - frontale,3,2,2,0,1,1,1,0,1,50,,2,0,0,0,2,44.0,20.0,,,1,2,1,1,1
202100014697,2021-10-08 18:20:00,2021,10,8,18,20,60,60516,Rue Michelet,49.4006896289,1.7953065633,Crépuscule ou aube,En agglomération,Intersection en Y,Normale,Sans collision,4,2,2,0,2,3,1,0,3,50,,2,1,0,0,1,18.0,49.0,,,2,2,4,1,7
202100014698,2021-10-04 23:55:00,2021,10,4,23,55,45,45182,D19,47.704275,1.76867,Nuit sans éclairage public,Hors agglomération,Hors intersection,Normale,Sans collision,3,2,2,0,1,1,1,0,3,80,,1,0,0,1,0,23.0,,,,3,1,1,1,7
202100014699,2021-10-07 15:10:00,2021,10,7,15,10,16,16069,3 route de MANSLE,45.878178,0.144067,Plein jour,Hors agglomération,Hors intersection,Normale,Deux véhicules - frontale,3,2,2,0,1,1,1,0,1,-1,,3,1,2,0,0,39.0,52.0,,,1,1,1,1,1
202100014700,2021-10-06 09:25:00,2021,10,6,9,25,17,17008,D137,46.260016,-1.010839,Plein jour,Hors agglomération,Hors intersection,Normale,Autre collision,3,2,2,0,1,1,1,0,1,90,,11,5,0,2,4,48.0,26.0,,,1,1,1,1,6
202100014701,2021-10-08 16:05:00,2021,10,8,16,5,49,49125,D69,47.150472,-0.295885,Plein jour,Hors agglomération,Hors intersection,Normale,Deux véhicules - frontale,3,2,2,0,1,1,1,0,1,80,,2,1,1,0,0,32.0,63.0,,,1,1,1,1,1
202100014702,2021-10-07 15:40:00,2021,10,7,15,40,84,84083,"AUTOROUTE A7, 157+400, SENS NORD-SUD",44.204728,4.724271,Plein jour,Hors agglomération,Hors intersection,Vent fort / tempête,Deux véhicules - arrière,1,3,5,3,1,1,1,0,1,130,,5,2,0,2,1,40.0,38.0,,,1,1,1,6,2
202100014703,2021-10-08 05:00:00,2021,10,8,5,0,62,62259,A1,50.188509,2.872903,Nuit avec éclairage non allumé,Hors agglomération,Hors intersection,Normale,Deux véhicules - arrière,1,1,3,0,3,1,1,0,1,130,,3,2,0,1,0,33.0,30.0,,,4,1,1,1,2
202100014704,2021-10-07 08:05:00,2021,10,7,8,5,77,77382,D85P,48.89997,2.853268,Plein jour,En agglomération,Hors intersection,Normale,Sans collision,3,2,2,0,1,1,1,0,1,50,,1,0,0,0,1,41.0,,,,1,2,1,1,7
202100014705,2021-10-08 14:50:00,2021,10,8,14,50,77,77183,D603,48.943411,3.122038,Plein jour,En agglomération,Autre intersection,Normale,Autre collision,3,2,2,3,1,1,1,6,1,50,,2,1,0,1,0,91.0,,,,1,2,9,1,6
202100014706,2021-10-07 13:29:00,2021,10,7,13,29,77,77100,D605,48.505188715,2.7916432707,Plein jour,En agglomération,Hors intersection,Temps éblouissant,Autre collision,3,1,2,0,1,1,1,0,8,50,,2,1,0,1,0,63.0,,,,1,2,1,7,6
202100014707,2021-10-08 11:55:00,2021,10,8,11,55,2B,2B289,rt 20,42.357632,9.171594,Plein jour,Hors agglomération,Hors intersection,Temps couvert,Deux véhicules - frontale,2,2,2,0,2,3,1,0,1,80,,2,1,0,0,1,55.0,53.0,,,1,1,1,8,1
202100014708,2021-10-08 09:25:00,2021,10,8,9,25,84,84092,CD907,43.972218,4.857008,Plein jour,Hors agglomération,Hors intersection,Normale,Deux véhicules - côté,3,1,4,0,1,2,1,0,1,90,,2,1,0,1,0,60.0,23.0,,,1,1,1,1,3
202100014709,2021-10-07 23:30:00,2021,10,7,23,30,71,71176,Avenue des Platanes,46.483328,3.976493,Nuit avec éclairage allumé,En agglomération,Hors intersection,Normale,Deux véhicules - frontale,3,2,2,0,1,2,1,0,1,70,,2,1,0,1,0,41.0,20.0,,,5,2,1,1,1
202100014710,2021-09-30 11:40:00,2021,9,30,11,40,69,69234,PONTCHARRA (DE) (RTE),45.86571,4.509389,Plein jour,Hors agglomération,Hors intersection,Normale,Deux véhicules - arrière,3,2,2,0,1,1,1,0,1,80,,2,1,0,1,0,69.0,73.0,,,1,1,1,1,2
202100014711,2021-10-07 14:50:00,2021,10,7,14,50,81,81105,Avenue Gambetta,43.761064,1.989475,Plein jour,En agglomération,Hors intersection,Normale,Autre collision,4,1,2,0,2,2,1,9,1,50,,2,1,0,1,0,48.0,,,,1,2,1,1,6
202100014712,2021-10-08 02:15:00,2021,10,8,2,15,79,79189,Route de Poitiers,46.416492,-0.178485,Nuit sans éclairage public,Hors agglomération,Hors intersection,Normale,Autre collision,3,2,3,0,4,2,1,0,1,70,,1,0,0,1,0,32.0,,,,3,1,1,1,6
202100014713,2021-10-06 17:18:00,2021,10,6,17,18,17,17219,La Cayenne,45.789028,-1.125412,Plein jour,En agglomération,Hors intersection,Normale,Sans collision,4,-1,2,0,1,2,1,9,8,50,,1,0,1,0,0,94.0,,,,1,2,1,1,7
202100014714,2021-10-08 13:09:00,2021,10,8,13,9,14,14762,Giratoire de la gare,48.845779,-0.884684,Plein jour,En agglomération,Giratoire,Normale,Sans collision,3,1,1,0,1,2,1,5,1,50,,1,0,0,1,0,49.0,,,,1,2,6,1,7
202100014715,2021-10-08 11:45:00,2021,10,8,11,45,14,14762,Avenue de Bischwiller,48.856661,-0.872877,Plein jour,En agglomération,Intersection en T,Normale,Deux véhicules - côté,4,2,2,0,1,1,1,0,1,50,,2,1,0,0,1,55.0,70.0,,,1,2,3,1,3
202100014716,2021-10-08 17:30:00,2021,10,8,17,30,22,22155,Le Pignon Blanc,48.244779,-2.720109,Plein jour,Hors agglomération,Intersection en T,Normale,Deux véhicules - côté,3,2,2,0,2,1,1,0,1,80,,2,1,0,1,0,21.0,61.0,,,1,1,3,1,3
202100014717,2021-10-07 19:20:00,2021,10,7,19,20,76,76420,rte de rouen,49.604353327,1.4862053096,Crépuscule ou aube,En agglomération,Intersection en X,Normale,Deux véhicules - côté,3,2,2,0,1,1,1,0,1,70,,2,1,0,1,0,22.0,48.0,,,2,2,2,1,3
202100014718,2021-10-07 13:09:00,2021,10,7,13,9,60,60612,D1324,49.2102879176,2.6181237996,Plein jour,Hors agglomération,Hors intersection,Normale,Trois véhicules et plus - en chaîne,3,2,2,0,1,1,1,0,1,80,,4,2,0,0,2,44.0,23.0,,,1,1,1,1,4
202100014719,2021-07-15 19:01:00,2021,7,15,19,1,59,59518,Rue de Bermerain,50.258824,3.581658,Plein jour,Hors agglomération,Hors intersection,Pluie légère,Autre collision,3,2,2,0,1,1,2,0,3,80,,1,0,0,1,0,47.0,,,,1,1,1,2,6
202100014720,2021-09-27 16:40:00,2021,9,27,16,40,59,59228,Route Nationale 43,50.3409455977,3.0959012598,Plein jour,En agglomération,Hors intersection,Normale,Sans collision,3,2,2,0,1,1,1,0,3,70,,1,0,1,0,0,66.0,,,,1,2,1,1,7
202100014721,2021-10-07 18:15:00,2021,10,7,18,15,13,13203,A7-Sens Lyon vers Marseille,43.321,5.3779,Plein jour,Hors agglomération,Hors intersection,Normale,Trois véhicules et plus - collisions multiples,1,1,2,0,1,1,1,0,1,70,,1,0,0,0,1,24.0,,,,1,1,1,1,5
202100014722,2021-10-06 18:39:00,2021,10,6,18,39,13,13055,A507 sens Marseille - Aubagne,43.298,5.4251,Crépuscule ou aube,Hors agglomération,Hors intersection,Normale,Trois véhicules et plus - en chaîne,1,1,3,0,1,1,1,1,1,70,,4,2,0,0,2,23.0,77.0,,,2,1,1,1,4
202100014723,2021-10-06 16:10:00,2021,10,6,16,10,13,13071,A51-Sens Aix en Provence vers Marseille,43.41036,5.36389,Plein jour,Hors agglomération,Hors intersection,Vent fort / tempête,Deux véhicules - côté,1,-1,4,3,1,1,1,0,1,70,,3,2,0,0,1,22.0,53.0,,,1,1,1,6,3
202100014724,2021-10-05 23:41:00,2021,10,5,23,41,13,13211,A50-Sens Marseille vers Aubagne,43.2882,5.50004,Nuit sans éclairage public,Hors agglomération,Hors intersection,Normale,Deux véhicules - arrière,1,1,3,0,1,1,1,0,2,90,,2,1,0,0,1,49.0,35.0,,,3,1,1,1,2
202100014725,2021-06-23 20:50:00,2021,6,23,20,50,69,69266,RD383 2.321 A 3.750,45.7835,4.8916,Plein jour,Hors agglomération,Hors intersection,Pluie forte,Deux véhicules - arrière,7,1,3,0,1,1,2,0,1,70,,2,1,0,0,1,30.0,39.0,,,1,1,1,3,2
202100014726,2021-09-23 07:30:00,2021,9,23,7,30,69,69259,RD383   11.750 A 14.250,45.72249,4.88824,Plein jour,Hors agglomération,Hors intersection,Normale,Deux véhicules - arrière,7,3,8,0,1,1,1,0,1,70,,2,1,0,0,1,36.0,31.0,,,1,1,1,1,2
202100014727,2021-10-06 10:40:00,2021,10,6,10,40,42,42330,A72,45.47582,4.35854,Plein jour,Hors agglomération,Hors intersection,Normale,Trois véhicules et plus - en chaîne,1,3,6,0,1,1,1,0,1,90,,4,3,0,0,1,60.0,24.0,,,1,1,1,1,4
202100014728,2021-10-07 02:20:00,2021,10,7,2,20,57,57672,Autoroute A31,49.34976,6.10888,Nuit sans éclairage public,Hors agglomération,Hors intersection,Normale,Deux véhicules - arrière,1,3,4,0,1,3,1,0,1,90,,2,1,1,0,0,46.0,49.0,,,3,1,1,1,2
202100014729,2021-10-05 12:20:00,2021,10,5,12,20,33,33192,Autoroute A63,44.783389,-0.632054,Plein jour,Hors agglomération,Hors intersection,Normale,Trois véhicules et plus - en chaîne,1,3,6,0,1,1,2,0,1,110,,4,3,0,0,1,48.0,24.0,,,1,1,1,1,4
202100014730,2021-10-07 16:30:00,2021,10,7,16,30,94,94034,AUTOROUTE A86,48.7576104442,2.3283290863,Plein jour,Hors agglomération,Hors intersection,Normale,Deux véhicules - côté,1,3,2,0,2,1,1,0,1,90,,2,1,0,0,1,24.0,57.0,,,1,1,1,1,3
202100014731,2021-10-07 07:00:00,2021,10,7,7,0,91,91521,RN 104,48.627972,2.40062,Nuit sans éclairage public,Hors agglomération,Hors intersection,Normale,Trois véhicules et plus - en chaîne,2,1,2,0,1,1,1,0,1,70,,5,1,0,0,4,53.0,46.0,,,3,1,1,1,4
202100014732,2021-10-07 01:26:00,2021,10,7,1,26,94,94038,AUTOROUTE A6A,48.77755,2.34652,Nuit sans éclairage public,En agglomération,Hors intersection,Normale,Deux véhicules - arrière,1,1,3,0,1,1,1,0,1,90,,2,1,0,1,0,23.0,28.0,,,3,2,1,1,2
202100014733,2021-10-06 16:15:00,2021,10,6,16,15,91,91689,AUTOROUTE A6B,48.74824,2.32786,Plein jour,Hors agglomération,Hors intersection,Normale,Deux véhicules - côté,1,2,3,0,2,1,1,0,1,110,,3,1,0,0,2,38.0,,,,1,1,1,1,3
202100014734,2021-10-07 16:10:00,2021,10,7,16,10,78,78490,RN12 EXT,48.798707,1.924454,Plein jour,Hors agglomération,Hors intersection,Normale,Autre collision,2,-1,3,0,1,1,1,0,1,110,,1,0,0,0,1,31.0,,,,1,1,1,1,6
202100014735,2021-10-07 10:05:00,2021,10,7,10,5,92,92047,A13,48.8363263584,2.184758125,Plein jour,Hors agglomération,Hors intersection,Normale,Deux véhicules - arrière,1,-1,3,0,1,1,1,0,1,110,,2,1,0,0,1,31.0,31.0,,,1,1,1,1,2
202100014736,2021-10-07 09:15:00,2021,10,7,9,15,78,78158,A13,48.831766,2.142014,Plein jour,Hors agglomération,Hors intersection,Normale,Deux véhicules - arrière,1,-1,3,0,1,1,1,0,1,110,,2,1,0,0,1,52.0,44.0,,,1,1,1,1,2
202100014737,2021-10-07 08:35:00,2021,10,7,8,35,78,78524,A13W,48.841212,2.105106,Plein jour,Hors agglomération,Hors intersection,Normale,Deux véhicules - côté,1,-1,3,0,1,1,1,0,1,110,,2,1,0,0,1,57.0,28.0,,,1,1,1,1,3
202100014738,2021-10-06 18:10:00,2021,10,6,18,10,92,92064,A13,48.8424553232,2.2221676172,Plein jour,Hors agglomération,Hors intersection,Normale,Autre collision,1,1,0,0,1,1,1,2,1,70,,2,1,0,0,1,25.0,22.0,,,1,1,1,1,6
202100014739,2021-10-06 17:45:00,2021,10,6,17,45,78,78545,A12 W,48.815469,2.061694,Plein jour,Hors agglomération,Hors intersection,Normale,Deux véhicules - arrière,1,-1,5,0,1,1,1,0,1,110,,2,1,0,0,1,32.0,59.0,,,1,1,1,1,2
202100014740,2021-10-06 12:10:00,2021,10,6,12,10,92,92025,A86,48.9199371784,2.2244346596,Plein jour,Hors agglomération,Hors intersection,Normale,Deux véhicules - arrière,1,3,2,0,1,1,1,0,1,110,,2,1,0,0,1,35.0,34.0,,,1,1,1,1,2
202100014741,2021-10-05 23:15:00,2021,10,5,23,15,92,92050,A86,48.8924951011,2.186339167,Nuit avec éclairage allumé,Hors agglomération,Hors intersection,Normale,Autre collision,1,1,2,0,1,2,2,1,1,90,,2,0,0,0,2,42.0,,,,5,1,1,1,6
202100014742,2021-10-07 09:40:00,2021,10,7,9,40,93,93008,AUTOROUTE A86,48.9091277259,2.4483409523,Plein jour,Hors agglomération,Hors intersection,Normale,Deux véhicules - arrière,1,-1,3,0,1,1,1,1,1,90,,2,1,0,0,1,37.0,21.0,,,1,1,1,1,2
202100014743,2021-10-06 09:50:00,2021,10,6,9,50,93,93066,AUTOROUTE A86,48.92277,2.34898,Plein jour,Hors agglomération,Hors intersection,Normale,Deux véhicules - côté,1,3,6,0,1,1,1,0,1,90,,2,1,0,0,1,50.0,22.0,,,1,1,1,1,3
202100014744,2021-10-06 07:20:00,2021,10,6,7,20,92,92036,AUTOROUTE A15,48.9417367365,2.290604533,Nuit sans éclairage public,Hors agglomération,Hors intersection,Normale,Deux véhicules - arrière,1,3,4,0,1,1,1,0,1,110,,4,0,0,0,4,51.0,23.0,,,3,1,1,1,2