accident_id,datetime,annee,mois,jour,heure,minute,departement,commune_insee,adresse,latitude,longitude,luminosite,agglomeration,intersection,meteo,collision,catr,circ,nbv,vosp,prof,plan,surf,infra,situ,vma,nb_vehicules,nb_usagers,nb_indemnes,nb_tues,nb_blesses_hosp,nb_blesses_legers,age_cond_1,age_cond_2,veh_type_cond_1,veh_type_cond_2,lum_code,agg_code,int_code,atm_code,col_code
202100014745,2021-10-07 07:30:00,2021,10,7,7,30,77,77083,A4.W,48.83305,2.59539,Crépuscule ou aube,Hors agglomération,Hors intersection,Normale,Sans collision,1,3,6,0,1,1,1,0,1,110,,1,0,0,0,1,45.0,,,,2,1,1,1,7
202100014746,2021-10-07 05:00:00,2021,10,7,5,0,94,94052,A86.EXT,48.83491,2.49378,Nuit avec éclairage allumé,Hors agglomération,Hors intersection,Normale,Deux véhicules - côté,1,3,3,0,1,1,1,1,1,90,,2,1,0,0,1,31.0,47.0,,,5,1,1,1,3
202100014747,2021-10-06 06:45:00,2021,10,6,6,45,77,77251,RN104,48.64462,2.54381,Nuit avec éclairage allumé,Hors agglomération,Hors intersection,Normale,Deux véhicules - côté,2,1,3,0,1,1,9,0,1,90,,2,1,0,0,1,24.0,42.0,,,5,1,1,1,3
202100014748,2021-07-30 10:10:00,2021,7,30,10,10,14,14437,N814,49.16542,-0.30444,Plein jour,Hors agglomération,Hors intersection,Temps couvert,Deux véhicules - arrière,2,1,4,0,1,1,1,3,1,70,,2,1,0,0,1,31.0,26.0,,,1,1,1,8,2
202100014749,2021-10-06 20:15:00,2021,10,6,20,15,69,69034,HENRI CHEVALIER (R),45.7840439071,4.824747853,Nuit avec éclairage allumé,En agglomération,Hors intersection,Normale,Autre collision,4,2,2,0,1,1,1,0,1,50,,2,0,0,0,1,,,,,5,2,1,1,6
202100014750,2021-10-06 18:30:00,2021,10,6,18,30,92,92023,GENERAL DE GAULLE (AV DU) N°130 A 340 ET,48.7837369726,2.2474832833,Plein jour,En agglomération,Hors intersection,Normale,Autre collision,3,2,2,0,1,1,1,6,1,50,,2,1,0,0,1,55.0,,,,1,2,1,1,6
202100014751,2021-05-11 13:10:00,2021,5,11,13,10,26,26281,4 Quai Dauphin,45.042249,5.04855,Plein jour,En agglomération,Hors intersection,Normale,Autre collision,4,3,1,0,2,2,1,5,1,50,,2,1,0,0,1,87.0,,,,1,2,1,1,6
202100014752,2021-03-20 11:25:00,2021,3,20,11,25,39,39198,14 Rue Jules Machard,47.09489,5.48429,Plein jour,En agglomération,Hors intersection,Normale,Autre collision,5,-1,1,0,1,1,1,0,8,50,,2,1,0,1,0,44.0,,,,1,2,1,1,6
202100014753,2021-07-06 10:35:00,2021,7,6,10,35,35,35115,LECLERC (BOULEVARD DU MARECHAL),48.35463,-1.20089,Plein jour,En agglomération,Hors intersection,Normale,Autre collision,4,2,2,0,2,1,1,6,1,30,,2,1,0,0,1,61.0,,,,1,2,1,1,6
202100014754,2021-05-29 12:45:00,2021,5,29,12,45,14,14333,D580,49.41247,0.26679,Plein jour,Hors agglomération,Hors intersection,Normale,Trois véhicules et plus - collisions multiples,3,2,2,0,1,1,1,0,1,80,,3,2,0,0,1,23.0,34.0,,,1,1,1,1,5
202100014755,2021-10-06 07:15:00,2021,10,6,7,15,976,97611,tsoundzou-Kadjifouni ( rue ),-12.807444,45.20563,Plein jour,En agglomération,Intersection en T,Normale,Deux véhicules - côté,2,2,2,0,1,1,1,0,1,50,,3,1,0,0,2,32.0,45.0,,,1,2,3,1,3
202100014756,2021-09-03 14:35:00,2021,9,3,14,35,976,97611,kaweni-Massakini (rue),-12.76058,45.22648,Plein jour,En agglomération,Hors intersection,Normale,Sans collision,4,2,2,0,1,1,1,0,1,50,,1,0,0,0,1,19.0,,,,1,2,1,1,7
202100014757,2021-09-18 05:50:00,2021,9,18,5,50,976,97611,mgombani-Mahabou (rue de ),-12.78349,45.23338,Crépuscule ou aube,En agglomération,Hors intersection,Normale,Sans collision,2,2,2,0,1,1,1,0,1,50,,2,0,0,1,0,,,,,2,2,1,1,7
202100014758,2021-10-06 15:30:00,2021,10,6,15,30,974,97416,PRESIDENT MITTERAND(AVENUE),-21.34744,55.49336,Plein jour,En agglomération,Hors intersection,Normale,Sans collision,4,3,2,0,1,1,1,0,1,50,,1,0,0,0,1,17.0,,,,1,2,1,1,7
202100014759,2021-10-06 14:50:00,2021,10,6,14,50,974,97411,LECLERC (DU MARECHAL),-20.879776,55.450915,Plein jour,En agglomération,Hors intersection,Normale,Deux véhicules - côté,4,2,4,3,1,1,1,0,1,50,,2,1,0,0,1,62.0,31.0,,,1,2,1,1,3
202100014760,2021-10-04 19:40:00,2021,10,4,19,40,974,97411,JAURES (BLD 1 JEAN),-20.8953,55.47287,Nuit avec éclairage allumé,En agglomération,Hors intersection,Normale,Autre collision,2,1,4,1,1,1,1,0,1,60,,3,2,0,1,0,21.0,,,,5,2,1,1,6
202100014761,2021-10-06 18:15:00,2021,10,6,18,15,973,97302,BADUEL (ROUTE DE),4.9275767541,-52.2914743424,Crépuscule ou aube,En agglomération,Hors intersection,Normale,Deux véhicules - arrière,3,2,2,0,1,1,1,0,1,50,,3,2,0,1,0,30.0,84.0,,,2,2,1,1,2
202100014762,2021-10-06 15:09:00,2021,10,6,15,9,973,97302,ARON (ANDRE),4.94345,-52.31882,Plein jour,En agglomération,Hors intersection,Normale,Deux véhicules - côté,3,2,2,0,1,1,1,0,1,50,,2,1,0,0,1,37.0,53.0,,,1,2,1,1,3
202100014763,2021-10-06 12:00:00,2021,10,6,12,0,973,97302,MARINGOUINS (ROND-POINT),4.9077360873,-52.3224976659,Plein jour,Hors agglomération,Giratoire,Normale,Deux véhicules - côté,2,1,2,0,1,1,1,0,1,50,,2,1,0,0,1,44.0,21.0,,,1,1,6,1,3
202100014764,2021-10-06 23:45:00,2021,10,6,23,45,69,69383,FEUILLAT (R),45.74979,4.87573,Nuit avec éclairage allumé,En agglomération,Intersection en X,Normale,Autre collision,4,2,3,2,1,1,1,0,1,50,,2,1,0,0,1,68.0,,,,5,2,2,1,6
202100014765,2021-10-06 16:30:00,2021,10,6,16,30,69,69259,JULES GUESDE (AV),45.70828,4.88705,Plein jour,En agglomération,Intersection en Y,Normale,Autre collision,4,2,4,1,1,1,1,0,1,50,,2,1,0,0,1,20.0,,,,1,2,4,1,6
202100014766,2021-10-06 14:45:00,2021,10,6,14,45,69,69387,JEAN JAURES (AV),45.7482056186,4.8436938169,Plein jour,En agglomération,Intersection en X,Temps couvert,Trois véhicules et plus - collisions multiples,4,1,2,3,1,1,1,5,1,50,,3,2,0,0,1,29.0,79.0,,,1,2,2,8,5
202100014767,2021-10-06 13:30:00,2021,10,6,13,30,69,69388,PINEL (BD),45.7246698557,4.8871028423,Plein jour,En agglomération,Hors intersection,Normale,Autre collision,4,2,2,1,1,1,2,0,1,50,,2,1,0,1,0,51.0,,,,1,2,1,1,6
202100014768,2021-10-06 15:20:00,2021,10,6,15,20,95,95280,SALENGRO ROGER ( BOULEVARD),49.0335339182,2.4726957587,Plein jour,En agglomération,Hors intersection,Normale,Autre collision,4,2,2,0,1,1,1,0,1,50,,2,1,0,0,1,49.0,,,,1,2,1,1,6
202100014769,2021-10-06 08:30:00,2021,10,6,8,30,95,95428,CHARLES DE GAULLE  AVENUE,48.9742770234,2.3115456495,Plein jour,En agglomération,Hors intersection,Normale,Autre collision,4,2,2,0,1,1,1,0,1,50,,2,1,0,0,1,29.0,,,,1,2,1,1,6
202100014770,2021-10-06 08:40:00,2021,10,6,8,40,91,91477,PARMENTIER (RUE),48.706001,2.208818,Plein jour,En agglomération,Hors intersection,Normale,Deux véhicules - côté,4,2,0,0,1,1,1,0,1,30,,2,1,0,0,1,62.0,41.0,,,1,2,1,1,3
202100014771,2021-10-06 14:15:00,2021,10,6,14,15,91,91326,COUR DE FRANCE (AVENUE DE LA),48.68984,2.37072,Plein jour,En agglomération,Hors intersection,Normale,Deux véhicules - côté,3,3,4,0,2,1,1,0,1,50,,2,1,0,0,1,30.0,14.0,,,1,2,1,1,3
202100014772,2021-10-05 13:00:00,2021,10,5,13,0,91,91223,BERCHERE (BOULEVARD),48.43109,2.15961,Plein jour,En agglomération,Hors intersection,Normale,Autre collision,4,2,2,0,1,1,1,0,1,30,,2,1,0,0,1,41.0,35.0,,,1,2,1,1,6
202100014773,2021-10-05 19:41:00,2021,10,5,19,41,87,87085,DUSSOUBS (PLACE DENIS),45.83296,1.2558,Plein jour,En agglomération,Intersection en X,Pluie légère,Deux véhicules - côté,4,1,1,0,1,1,2,0,1,50,,2,1,0,0,1,19.0,34.0,,,1,2,2,2,3
202100014774,2021-10-06 12:35:00,2021,10,6,12,35,83,83069,EUGENIE (RUE),43.121656,6.115,Plein jour,En agglomération,Hors intersection,Normale,Deux véhicules - arrière,4,2,2,0,1,1,1,0,1,50,,2,1,0,0,1,16.0,66.0,,,1,2,1,1,2
202100014775,2021-10-04 22:25:00,2021,10,4,22,25,83,83118,BD DU CERCERON,43.43806,6.783755,Nuit avec éclairage allumé,En agglomération,Hors intersection,Pluie légère,Sans collision,3,2,2,0,2,3,2,0,3,50,,3,1,0,1,1,30.0,,,,5,2,1,2,7
202100014776,2021-10-06 17:40:00,2021,10,6,17,40,82,82121,MOURETS (AVENUE DES),44.02028,1.37453,Plein jour,En agglomération,Intersection en T,Normale,Deux véhicules - côté,4,2,2,0,1,1,1,9,1,30,,2,1,0,1,0,33.0,65.0,,,1,2,3,1,3
202100014777,2021-10-06 15:50:00,2021,10,6,15,50,78,78551,RN 13,48.90134,2.06236,Plein jour,Hors agglomération,Hors intersection,Normale,Trois véhicules et plus - en chaîne,2,3,4,0,1,1,1,0,1,50,,5,3,0,0,2,44.0,38.0,,,1,1,1,1,4
202100014778,2021-10-03 05:30:00,2021,10,3,5,30,78,78172,LIBERTE (PLACE DE LA),49.0056,2.1162,Nuit avec éclairage allumé,En agglomération,Place,Pluie forte,Deux véhicules - côté,4,-1,0,0,1,1,2,5,1,50,,2,1,0,0,1,34.0,21.0,,,5,2,7,3,3
202100014779,2021-10-06 15:50:00,2021,10,6,15,50,77,77243,RAYMOND POINCARE  (AVENUE),48.8729025282,2.7264454718,Plein jour,En agglomération,Hors intersection,Normale,Deux véhicules - frontale,3,2,2,0,1,1,1,0,1,50,,2,1,0,1,0,50.0,78.0,,,1,2,1,1,1
202100014780,2021-10-06 16:35:00,2021,10,6,16,35,69,69282,REPUBLIQUE (DE) (R),45.76172,5.02294,Plein jour,En agglomération,Autre intersection,Normale,Deux véhicules - côté,4,4,3,0,1,1,1,0,1,50,,2,1,0,0,1,39.0,23.0,,,1,2,9,1,3
202100014781,2021-10-05 18:40:00,2021,10,5,18,40,69,69256,GEORGES DIMITROV (AV),45.7784,4.9292,Plein jour,En agglomération,Intersection en X,Temps couvert,Deux véhicules - côté,4,2,2,0,1,1,2,0,1,50,,5,3,0,0,2,44.0,41.0,,,1,2,2,8,3
202100014782,2021-10-05 17:35:00,2021,10,5,17,35,67,67482,GENERAL KOENIG (QUAI DU),48.5753,7.75488,Plein jour,En agglomération,Hors intersection,Pluie légère,Autre collision,4,2,4,1,1,1,2,0,1,50,,2,1,0,0,1,48.0,,,,1,2,1,2,6
202100014783,2021-10-03 03:30:00,2021,10,3,3,30,67,67482,GENERAL KOENIG (QUAI DU),48.5753,7.75488,Nuit avec éclairage allumé,En agglomération,Hors intersection,Normale,Autre collision,4,2,5,0,1,1,1,0,1,50,,2,1,0,1,0,21.0,,,,5,2,1,1,6
202100014784,2021-10-04 20:31:00,2021,10,4,20,31,66,66136,CLEMENCEAU (BOULEVARD),42.70027,2.88966,Nuit avec éclairage allumé,En agglomération,Intersection en T,Normale,Deux véhicules - côté,4,2,3,0,1,1,1,0,1,50,,2,1,0,0,1,25.0,22.0,,,5,2,3,1,3
202100014785,2021-10-04 18:15:00,2021,10,4,18,15,66,66136,BALEARES AVENUE DES,42.6934509716,2.8930817727,Plein jour,En agglomération,Hors intersection,Normale,Autre collision,4,2,2,0,4,1,1,0,1,50,,2,1,0,1,0,73.0,,,,1,2,1,1,6
202100014786,2021-10-06 13:28:00,2021,10,6,13,28,65,65433,BARBUSSE (AVENUE HENRI),43.216156,0.096627,Plein jour,En agglomération,Hors intersection,Normale,Deux véhicules - arrière,3,2,2,0,1,1,1,0,1,50,,2,1,0,0,1,57.0,21.0,,,1,2,1,1,2
202100014787,2021-10-06 10:25:00,2021,10,6,10,25,65,65440,PAU (ROUTE DE),43.237406,0.046979,Plein jour,En agglomération,Hors intersection,Normale,Deux véhicules - arrière,3,2,2,0,1,1,1,0,1,50,,2,0,0,0,2,38.0,24.0,,,1,2,1,1,2
202100014788,2021-10-06 07:50:00,2021,10,6,7,50,62,62193,SAINT EXUPERY (AVENUE. 220 A ...),50.9465,1.9006,Plein jour,En agglomération,Hors intersection,Temps couvert,Autre collision,4,2,2,0,1,1,1,0,1,50,,2,1,0,1,0,73.0,,,,1,2,1,8,6
202100014789,2021-10-06 11:40:00,2021,10,6,11,40,60,60382,Avenue Octave Butin,49.4360900187,2.8050370215,Plein jour,En agglomération,Hors intersection,Normale,Autre collision,3,2,2,0,1,1,1,0,1,50,,2,1,0,1,0,84.0,,,,1,2,1,1,6
202100014790,2021-10-04 07:40:00,2021,10,4,7,40,60,60382,Rue de la République,49.428575,2.821448,Plein jour,En agglomération,Intersection en T,Normale,Deux véhicules - côté,4,2,2,0,1,1,2,0,1,50,,2,1,0,1,0,17.0,,,,1,2,3,1,3
202100014791,2021-09-19 06:20:00,2021,9,19,6,20,59,59350,HEGEL RUE,50.63116,3.02188,Nuit avec éclairage allumé,En agglomération,Intersection en T,Normale,Deux véhicules - arrière,7,2,2,0,1,1,1,0,1,50,,2,1,0,0,1,23.0,33.0,,,5,2,3,1,2
202100014792,2021-09-18 22:00:00,2021,9,18,22,0,59,59360,GHESQUIERE RUE DE,50.6073801856,3.0305421352,Nuit avec éclairage allumé,En agglomération,Intersection en T,Normale,Deux véhicules - côté,4,4,3,0,1,1,1,5,1,50,,2,1,0,0,1,37.0,28.0,,,5,2,3,1,3
202100014793,2021-10-06 20:14:00,2021,10,6,20,14,57,57630,RD 955,48.71802,7.04237,Nuit sans éclairage public,Hors agglomération,Hors intersection,Pluie légère,Deux véhicules - frontale,3,3,2,0,2,1,2,0,3,70,,2,1,1,0,0,55.0,19.0,,,3,1,1,2,1
202100014794,2021-10-03 19:40:00,2021,10,3,19,40,54,54395,AIGUILLETTES  (BD DES),48.6671652537,6.1647704244,Nuit avec éclairage allumé,En agglomération,Intersection en T,Pluie légère,Autre collision,4,2,4,0,1,1,2,0,1,50,,2,1,0,0,1,50.0,,,,5,2,3,2,6
202100014795,2021-10-06 07:23:00,2021,10,6,7,23,54,54273,GAMBETTA (RUE),49.15683,5.88257,Nuit avec éclairage allumé,En agglomération,Place,Temps couvert,Autre collision,3,2,1,0,1,1,2,0,1,50,,2,1,0,0,1,49.0,,,,5,2,7,8,6
202100014796,2021-10-06 12:10:00,2021,10,6,12,10,51,51454,Rue du Petit Delbourg,49.2524566617,4.0514523492,Plein jour,En agglomération,Intersection en X,Normale,Deux véhicules - côté,4,2,2,0,1,1,1,0,1,50,,2,1,0,0,1,69.0,19.0,,,1,2,2,1,3
202100014797,2021-10-05 17:55:00,2021,10,5,17,55,51,51454,Avenue de Champagne,49.22477,4.02597,Plein jour,En agglomération,Hors intersection,Pluie légère,Trois véhicules et plus - en chaîne,3,1,2,0,1,1,2,0,1,70,,4,1,0,0,3,20.0,63.0,,,1,2,1,2,4
202100014798,2021-10-05 07:50:00,2021,10,5,7,50,51,51454,Boulevard Saint Marceaux,49.2554196062,4.0463954485,Plein jour,En agglomération,Intersection en Y,Normale,Deux véhicules - frontale,4,2,2,0,1,1,1,0,1,50,,2,1,0,0,1,62.0,25.0,,,1,2,4,1,1
202100014799,2021-10-05 07:53:00,2021,10,5,7,53,49,49007,RD 323,47.46961,-0.59486,Crépuscule ou aube,Hors agglomération,Hors intersection,Pluie forte,Trois véhicules et plus - en chaîne,3,2,2,0,1,1,2,0,1,90,,5,4,0,0,1,20.0,21.0,,,2,1,1,3,4
202100014800,2021-10-06 07:50:00,2021,10,6,7,50,45,45234,SAINT LAURENT (QUAI ),47.898,1.89178,Crépuscule ou aube,En agglomération,Hors intersection,Normale,Deux véhicules - côté,7,2,4,0,1,1,1,0,1,50,,2,1,0,0,1,17.0,40.0,,,2,2,1,1,3
202100014801,2021-10-06 08:50:00,2021,10,6,8,50,45,45234,Rue Royale,47.89824,1.90418,Plein jour,En agglomération,Intersection en X,Normale,Deux véhicules - côté,4,2,2,3,1,1,1,0,1,30,,2,0,0,0,2,31.0,27.0,,,1,2,2,1,3
202100014802,2021-10-05 12:25:00,2021,10,5,12,25,41,41018,BELLE JARDINIERE (AVENUE DE LA),47.56776,1.32563,Plein jour,En agglomération,Hors intersection,Normale,Deux véhicules - côté,3,2,2,1,1,1,2,0,1,50,,2,1,0,0,1,26.0,53.0,,,1,2,1,1,3
202100014803,2021-10-06 12:20:00,2021,10,6,12,20,35,35051,BRAY (RUE DE),48.10749,-1.61675,Plein jour,En agglomération,Giratoire,Normale,Deux véhicules - arrière,7,2,2,0,1,3,1,5,1,50,,2,1,0,0,1,41.0,32.0,,,1,2,6,1,2
202100014804,2021-10-06 18:35:00,2021,10,6,18,35,33,33063,Rue de Belfort,44.83575,-0.58237,Plein jour,En agglomération,Intersection en X,Normale,Autre collision,4,1,1,2,1,1,1,0,1,50,,2,0,0,1,1,72.0,,,,1,2,2,1,6
202100014805,2021-10-06 19:40:00,2021,10,6,19,40,31,31557,LABITRIE (RUE PIERRE),43.5782023353,1.3268150389,Crépuscule ou aube,En agglomération,Hors intersection,Normale,Autre collision,4,2,2,2,1,1,1,0,8,50,,2,1,0,1,0,59.0,,,,2,2,1,1,6
202100014806,2021-10-06 14:50:00,2021,10,6,14,50,29,29232,Rue du Chateau,48.01075,-4.11404,Plein jour,En agglomération,Hors intersection,Normale,Autre collision,4,2,2,1,2,1,1,-1,1,50,,1,0,0,0,1,24.0,,,,1,2,1,1,6
202100014807,2021-10-05 19:35:00,2021,10,5,19,35,25,25580,VILLEDIEU (RUE),47.45559,6.83755,Nuit avec éclairage allumé,En agglomération,Hors intersection,Pluie forte,Deux véhicules - frontale,3,-1,2,0,1,1,2,0,1,50,,2,1,0,0,1,48.0,59.0,,,5,2,1,3,1
202100014808,2021-10-04 19:45:00,2021,10,4,19,45,25,25056,FAURE AVENUE EDGAR,47.244281,6.017961,Nuit avec éclairage allumé,En agglomération,Hors intersection,Pluie légère,Deux véhicules - côté,4,2,3,0,2,3,2,0,1,50,,4,0,0,4,0,19.0,25.0,,,5,2,1,2,3
202100014809,2021-10-05 14:20:00,2021,10,5,14,20,19,19272,Dunant (Pont),45.26109,1.75791,Plein jour,En agglomération,Hors intersection,Pluie légère,Autre collision,4,1,2,0,1,2,2,2,4,50,,1,0,0,0,1,51.0,,,,1,2,1,2,6
202100014810,2021-10-06 10:30:00,2021,10,6,10,30,14,14118,Quai Vendeuvre,49.1834,-0.35654,Plein jour,En agglomération,Hors intersection,Normale,Deux véhicules - côté,4,2,1,0,1,1,1,0,1,50,,2,0,0,0,2,60.0,19.0,,,1,2,1,1,3
202100014811,2021-10-05 18:45:00,2021,10,5,18,45,14,14118,Avenue Georges Clemenceau,49.18808,-0.35206,Plein jour,En agglomération,Intersection en T,Normale,Deux véhicules - arrière,4,2,0,0,1,1,1,5,1,50,,3,2,0,0,1,75.0,34.0,,,1,2,3,1,2
202100014812,2021-10-05 13:50:00,2021,10,5,13,50,14,14118,RETHEL (BOULEVARD DE),49.17064,-0.333,Plein jour,En agglomération,Hors intersection,Pluie légère,Deux véhicules - côté,4,2,2,1,1,1,2,0,5,50,,2,1,0,0,1,49.0,16.0,,,1,2,1,2,3
202100014813,2021-10-06 14:45:00,2021,10,6,14,45,13,13203,PLOMBIERES (RUE DE),43.31704,5.38154,Plein jour,En agglomération,Hors intersection,Normale,Deux véhicules - côté,7,2,4,0,1,1,1,0,1,50,,3,2,0,0,1,24.0,21.0,,,1,2,1,1,3
202100014814,2021-10-06 14:35:00,2021,10,6,14,35,13,13201,ATHENES (BOULEVARD D'),43.30022,5.38064,Plein jour,En agglomération,Intersection en X,Normale,Deux véhicules - frontale,4,2,3,0,2,1,1,0,1,50,,2,1,0,1,0,51.0,,,,1,2,2,1,1
202100014815,2021-10-06 08:15:00,2021,10,6,8,15,13,13213,CROIX ROUGE (AVENUE),43.3323271544,5.435508212,Plein jour,En agglomération,Hors intersection,Normale,Deux véhicules - côté,4,2,2,0,1,1,1,0,1,50,,2,1,1,0,0,43.0,,,,1,2,1,1,3
202100014816,2021-10-06 08:20:00,2021,10,6,8,20,13,13002,GÉNÉRAL DE GAULLE (AVENUE DU),43.3374703445,5.4834910946,Plein jour,En agglomération,Hors intersection,Normale,Deux véhicules - côté,4,2,2,0,2,2,1,0,1,50,,2,1,0,0,1,62.0,,,,1,2,1,1,3
202100014817,2021-10-05 21:30:00,2021,10,5,21,30,13,13206,BRETEUIL (RUE),43.29042,5.37576,Nuit avec éclairage allumé,En agglomération,Intersection en T,Normale,Deux véhicules - côté,4,1,2,0,1,1,1,0,1,50,,2,1,0,1,0,35.0,44.0,,,5,2,3,1,3
202100014818,2021-08-20 18:40:00,2021,8,20,18,40,13,13206,CASTELLANE (PLACE),43.2857821257,5.383508743,Plein jour,En agglomération,Place,Normale,Deux véhicules - côté,4,1,3,0,2,3,2,0,2,50,,2,1,0,0,1,23.0,57.0,,,1,2,7,1,3
202100014819,2021-10-06 11:55:00,2021,10,6,11,55,07,07102,PASTEUR (RUE LOUIS),44.93282,4.88176,Plein jour,En agglomération,Hors intersection,Normale,Deux véhicules - côté,4,1,1,0,1,3,1,0,1,50,,2,1,0,0,1,28.0,42.0,,,1,2,1,1,3
202100014820,2021-10-04 09:45:00,2021,10,4,9,45,07,07102,BEAUCAIRE (AVENUE DE),44.92855,4.85751,Plein jour,En agglomération,Autre intersection,Pluie légère,Deux véhicules - côté,3,2,2,0,1,1,2,0,1,50,,3,2,0,0,1,34.0,67.0,,,1,2,9,2,3
202100014821,2021-10-07 00:53:00,2021,10,7,0,53,06,06083,VICTORIA (Square),43.778807,7.506524,Nuit avec éclairage allumé,En agglomération,Autre intersection,Normale,Autre collision,3,2,2,0,1,1,1,1,1,50,,1,0,0,0,1,28.0,,,,5,2,9,1,6
202100014822,2021-10-06 17:45:00,2021,10,6,17,45,06,06123,SAUVAIGO PIERRE AVENUE,43.661976,7.181706,Plein jour,En agglomération,Hors intersection,Normale,Sans collision,7,2,2,0,1,1,1,0,1,50,,1,0,0,0,1,50.0,,,,1,2,1,1,7
202100014823,2021-10-06 14:05:00,2021,10,6,14,5,06,06004,SAINT CLAUDE CH.DE,43.599626,7.100152,Plein jour,En agglomération,Hors intersection,Normale,Deux véhicules - arrière,4,2,2,0,1,1,1,0,1,50,,2,1,0,1,0,30.0,16.0,,,1,2,1,1,2
202100014824,2021-10-01 15:35:00,2021,10,1,15,35,06,06004,CAP BD DU,43.57318,7.12427,Plein jour,En agglomération,Giratoire,Normale,Autre collision,4,2,2,0,4,1,1,5,1,50,,2,1,0,1,0,29.0,,,,1,2,6,1,6
202100014825,2021-01-21 08:45:00,2021,1,21,8,45,91,91326,PETIT (RUE),48.692933,2.370661,Crépuscule ou aube,En agglomération,Intersection en X,Normale,Deux véhicules - côté,3,2,4,0,1,1,2,9,1,50,,2,1,0,0,1,41.0,25.0,,,2,2,2,1,3
202100014826,2021-07-29 21:45:00,2021,7,29,21,45,74,74242,route d'epagny,45.835243,6.15052,Nuit avec éclairage allumé,Hors agglomération,Hors intersection,Normale,Sans collision,3,2,2,0,1,1,1,9,1,50,,1,0,1,0,0,22.0,,,,5,1,1,1,7
202100014827,2021-07-25 13:00:00,2021,7,25,13,0,74,74123,1074 Rte de Viuz,45.753848,6.29471,Plein jour,En agglomération,Hors intersection,Normale,Deux véhicules - arrière,4,2,2,0,1,1,1,0,1,50,,4,2,0,1,1,17.0,17.0,,,1,2,1,1,2
202100014828,2021-10-05 09:00:00,2021,10,5,9,0,75,75119,PORTE DE LA VILLETTE,48.900344,2.380454,Plein jour,En agglomération,Intersection en Y,Pluie légère,Deux véhicules - côté,4,1,2,0,2,2,2,0,1,70,,2,1,0,0,1,54.0,21.0,,,1,2,4,2,3
202100014829,2021-10-06 11:00:00,2021,10,6,11,0,75,75105,BOULEVARD SAINT GERMAIN,48.849503,2.352864,Plein jour,En agglomération,Intersection en X,Normale,Deux véhicules - côté,4,1,3,0,1,1,1,0,1,30,,2,1,0,0,1,33.0,21.0,,,1,2,2,1,3
202100014830,2021-10-05 17:35:00,2021,10,5,17,35,75,75105,RUE CLAUDE BERNARD,48.840979,2.344242,Plein jour,En agglomération,Hors intersection,Normale,Autre collision,4,1,1,1,2,1,2,8,5,30,,2,1,0,0,1,43.0,,,,1,2,1,1,6
202100014831,2021-10-06 17:05:00,2021,10,6,17,5,75,75120,BOULEVARD DE BELLEVILLE,48.869037,2.380675,Plein jour,En agglomération,Intersection en X,Normale,Deux véhicules - côté,4,1,2,3,1,1,1,0,6,30,,3,0,0,0,3,26.0,24.0,,,1,2,2,1,3
202100014832,2021-10-06 12:40:00,2021,10,6,12,40,75,75120,RUE DES PYRENEES,48.873712,2.389506,Plein jour,En agglomération,Intersection en T,Normale,Autre collision,4,2,3,0,1,1,1,0,1,30,,2,1,0,0,1,,,,,1,2,3,1,6
202100014833,2021-10-06 14:10:00,2021,10,6,14,10,75,75119,RUE FESSART,48.876822,2.385308,Plein jour,En agglomération,Intersection en T,Normale,Sans collision,4,2,2,2,1,1,1,0,5,30,,2,1,0,0,1,26.0,,,,1,2,3,1,7
202100014834,2021-10-06 19:00:00,2021,10,6,19,0,75,75118,RUE ORDENER,48.892407,2.344991,Crépuscule ou aube,En agglomération,Intersection en X,Normale,Autre collision,4,2,2,0,1,1,1,0,1,30,,2,1,0,0,1,24.0,,,,2,2,2,1,6
202100014835,2021-10-06 17:00:00,2021,10,6,17,0,75,75118,BOULEVARD BARBES,48.883851,2.349476,Plein jour,En agglomération,Intersection en X,Normale,Deux véhicules - côté,4,3,6,0,1,2,1,0,1,30,,4,3,0,0,1,21.0,29.0,,,1,2,2,1,3
202100014836,2021-10-06 12:10:00,2021,10,6,12,10,75,75117,AVENUE DE LA PORTE D ASNIERES,48.891073,2.302541,Plein jour,En agglomération,Intersection en X,Normale,Deux véhicules - côté,4,-1,2,0,1,1,1,0,1,30,,2,1,0,0,1,11.0,28.0,,,1,2,2,1,3
202100014837,2021-10-06 18:50:00,2021,10,6,18,50,75,75116,ALLEE DE LA REINE MARGUERITE,48.857504,2.244176,Crépuscule ou aube,En agglomération,Hors intersection,Normale,Deux véhicules - côté,4,2,1,0,2,1,1,0,1,30,,2,1,0,0,1,59.0,25.0,,,2,2,1,1,3
202100014838,2021-10-05 13:55:00,2021,10,5,13,55,75,75116,ALLEE DE LONGCHAMP,48.87252,2.264429,Plein jour,En agglomération,Intersection en X,Pluie légère,Deux véhicules - côté,4,3,2,0,1,1,2,0,1,30,,2,1,0,0,1,27.0,54.0,,,1,2,2,2,3
202100014839,2021-10-05 09:15:00,2021,10,5,9,15,75,75116,AVENUE DU PRESIDENT WILSON,48.864982,2.299838,Plein jour,En agglomération,Intersection en X,Pluie légère,Autre collision,4,2,6,3,1,1,2,0,1,30,,2,1,0,0,1,19.0,,,,1,2,2,2,6
202100014840,2021-10-06 20:30:00,2021,10,6,20,30,75,75115,RUE DE LA FEDERATION,48.852801,2.298337,Nuit avec éclairage allumé,En agglomération,Intersection en Y,Normale,Autre collision,4,1,1,0,1,2,1,0,1,30,,2,1,0,0,1,61.0,,,,5,2,4,1,6