accident_id,datetime,annee,mois,jour,heure,minute,departement,commune_insee,adresse,latitude,longitude,luminosite,agglomeration,intersection,meteo,collision,catr,circ,nbv,vosp,prof,plan,surf,infra,situ,vma,nb_vehicules,nb_usagers,nb_indemnes,nb_tues,nb_blesses_hosp,nb_blesses_legers,age_cond_1,age_cond_2,veh_type_cond_1,veh_type_cond_2,lum_code,agg_code,int_code,atm_code,col_code
202100014841,2021-10-06 15:00:00,2021,10,6,15,0,75,75115,RUE DE VOUILLE,48.833878,2.308103,Plein jour,En agglomération,Intersection en X,Normale,Autre collision,4,2,2,0,1,1,1,0,1,30,,2,1,0,0,1,,,,,1,2,2,1,6
202100014842,2021-10-06 09:30:00,2021,10,6,9,30,75,75115,BOULEVARD VICTOR,48.834283,2.283949,Plein jour,En agglomération,Intersection en X,Normale,Autre collision,4,1,0,0,1,1,1,0,1,50,,2,1,0,0,1,37.0,,,,1,2,2,1,6
202100014843,2021-10-06 09:05:00,2021,10,6,9,5,75,75114,BOULEVARD JOURDAN,48.82137,2.334353,Plein jour,En agglomération,Intersection en X,Normale,Deux véhicules - côté,4,3,2,3,1,1,1,-1,6,50,,2,1,0,0,1,52.0,34.0,,,1,2,2,1,3
202100014844,2021-10-05 21:15:00,2021,10,5,21,15,75,75112,AVENUE DAUMESNIL,48.835893,2.405637,Nuit avec éclairage allumé,En agglomération,Intersection en T,Pluie légère,Deux véhicules - arrière,4,3,1,2,1,1,2,0,5,30,,2,1,0,0,1,19.0,47.0,,,5,2,3,2,2
202100014845,2021-10-06 12:15:00,2021,10,6,12,15,75,75111,BOULEVARD VOLTAIRE,48.862122,2.372873,Plein jour,En agglomération,Intersection à plus de 4 branches,Normale,Deux véhicules - côté,4,2,4,1,1,1,1,0,5,30,,2,1,0,0,1,26.0,35.0,,,1,2,5,1,3
202100014846,2021-10-06 11:05:00,2021,10,6,11,5,94,94081,Boulevard de Stalingrad,48.7984,2.38169,Plein jour,En agglomération,Intersection en X,Normale,Deux véhicules - côté,3,2,2,0,1,1,1,0,1,50,,3,1,0,0,2,71.0,27.0,,,1,2,2,1,3
202100014847,2021-10-06 10:43:00,2021,10,6,10,43,94,94078,HUIT MAI 1945 (AV DU),48.72776,2.4453,Plein jour,En agglomération,Hors intersection,Normale,Trois véhicules et plus - en chaîne,2,2,2,0,1,1,1,2,1,50,,4,3,0,0,1,59.0,44.0,,,1,2,1,1,4
202100014848,2021-10-06 16:15:00,2021,10,6,16,15,94,94081,Avenue du Colonel Fabien,48.7871,2.37651,Plein jour,En agglomération,Hors intersection,Normale,Deux véhicules - côté,4,2,2,0,1,1,1,0,1,30,,3,2,0,0,1,20.0,59.0,,,1,2,1,1,3
202100014849,2021-10-06 17:12:00,2021,10,6,17,12,94,94041,PIERRE ET MARIE CURIE (R),48.81418,2.37329,Plein jour,En agglomération,Hors intersection,Normale,Deux véhicules - frontale,3,2,2,0,1,1,1,0,1,50,,2,1,0,0,1,21.0,,,,1,2,1,1,1
202100014850,2021-10-06 07:10:00,2021,10,6,7,10,94,94073,Avenue de Versailles,48.75827,2.39291,Nuit avec éclairage allumé,En agglomération,Hors intersection,Normale,Autre collision,3,-1,1,0,3,1,1,0,1,50,,2,1,0,0,1,43.0,,,,5,2,1,1,6
202100014851,2021-10-06 07:00:00,2021,10,6,7,0,94,94028,Chemin des Boeufs,48.77259,2.43556,Nuit sans éclairage public,En agglomération,Hors intersection,Normale,Autre collision,4,1,0,0,1,2,1,9,1,30,,2,1,0,0,1,27.0,,,,3,2,1,1,6
202100014852,2021-10-06 15:30:00,2021,10,6,15,30,94,94077,Avenue de la République,48.732031,2.41078,Plein jour,En agglomération,Hors intersection,Normale,Autre collision,3,2,2,0,2,1,1,0,1,50,,1,0,0,0,1,36.0,,,,1,2,1,1,6
202100014853,2021-10-06 13:20:00,2021,10,6,13,20,94,94053,GENERAL DE GAULLE (R DU),48.77729,2.53994,Plein jour,En agglomération,Hors intersection,Normale,Deux véhicules - frontale,4,2,2,0,2,1,1,0,1,50,,3,1,0,0,2,39.0,,,,1,2,1,1,1
202100014854,2021-10-06 18:00:00,2021,10,6,18,0,93,93078,BALLANGER (BD ROBERT),48.96115,2.55488,Plein jour,En agglomération,Autre intersection,Normale,Trois véhicules et plus - en chaîne,3,-1,2,0,1,1,1,0,1,50,,3,2,0,0,1,30.0,57.0,,,1,2,9,1,4
202100014855,2021-10-06 15:00:00,2021,10,6,15,0,93,93078,Avenue Georges Clémenceau,48.95892,2.55781,Plein jour,En agglomération,Hors intersection,Normale,Deux véhicules - arrière,3,3,4,1,1,1,1,0,1,50,,2,1,0,0,1,32.0,23.0,,,1,2,1,1,2
202100014856,2021-10-06 14:10:00,2021,10,6,14,10,93,93070,VICTOR-HUGO (BD),48.90902,2.32933,Plein jour,En agglomération,Hors intersection,Normale,Deux véhicules - côté,3,2,4,1,1,1,1,0,8,50,,2,1,0,0,1,46.0,55.0,,,1,2,1,1,3
202100014857,2021-10-06 13:30:00,2021,10,6,13,30,93,93048,ARISTIDE BRIAND (BOULEVARD),48.877516,2.457003,Plein jour,En agglomération,Hors intersection,Normale,Deux véhicules - frontale,3,2,1,0,1,1,1,0,1,30,,2,1,0,1,0,32.0,,,,1,2,1,1,1
202100014858,2021-10-05 23:05:00,2021,10,5,23,5,93,93048,Place du Général de Gaulle,48.867901,2.434348,Nuit avec éclairage allumé,En agglomération,Hors intersection,Normale,Autre collision,3,1,1,0,2,1,2,0,1,50,,2,0,0,1,1,24.0,,,,5,2,1,1,6
202100014859,2021-10-06 11:00:00,2021,10,6,11,0,93,93029,Avenue Marceau,48.928342,2.436177,Plein jour,En agglomération,Hors intersection,Normale,Deux véhicules - côté,3,2,2,0,1,1,1,0,1,50,,3,2,0,0,1,29.0,40.0,,,1,2,1,1,3
202100014860,2021-10-05 09:00:00,2021,10,5,9,0,93,93013,Avenue John Fitzgerald Kennedy / Avenue de la Division Leclerc,48.937845,2.42868,Plein jour,En agglomération,Intersection en X,Pluie forte,Autre collision,3,3,5,0,1,1,2,6,1,50,,2,1,0,0,1,21.0,,,,1,2,2,3,6
202100014861,2021-10-06 22:40:00,2021,10,6,22,40,93,93057,ESTIENNE (AL. ROBERT),48.90646,2.5119,Nuit avec éclairage non allumé,En agglomération,Intersection en X,Normale,Deux véhicules - frontale,3,2,2,0,1,1,1,0,1,50,,2,1,0,0,1,23.0,22.0,,,4,2,2,1,1
202100014862,2021-10-06 21:49:00,2021,10,6,21,49,93,93005,Route des Petits Ponts,48.931427,2.486249,Nuit avec éclairage allumé,En agglomération,Autre intersection,Normale,Deux véhicules - arrière,4,1,1,0,1,1,1,0,1,50,,2,1,0,0,1,46.0,22.0,,,5,2,9,1,2
202100014863,2021-10-06 20:10:00,2021,10,6,20,10,92,92076,REPUBLIQUE,48.8375275887,2.1558981351,Nuit avec éclairage allumé,En agglomération,Giratoire,Normale,Deux véhicules - arrière,3,3,-1,0,1,2,1,9,1,50,,2,0,0,0,2,44.0,62.0,,,5,2,6,1,2
202100014864,2021-09-03 17:35:00,2021,9,3,17,35,92,92063,FLAUBERT (RUE GUSTAVE),48.8692479892,2.2035634518,Plein jour,En agglomération,Intersection en X,Normale,Deux véhicules - arrière,4,2,0,0,1,1,1,0,1,50,,2,1,0,0,1,42.0,23.0,,,1,2,2,1,2
202100014865,2021-10-06 08:57:00,2021,10,6,8,57,92,92048,VERD DE SAINT JULIEN (BOULEVARD),48.816302,2.232338,Plein jour,En agglomération,Hors intersection,Normale,Deux véhicules - côté,3,2,2,0,1,1,1,0,1,30,,2,1,0,0,1,24.0,47.0,,,1,2,1,1,3
202100014866,2021-10-06 10:40:00,2021,10,6,10,40,92,92036,LAURENT CELY (AVENUE) (145/329),48.921819,2.305811,Plein jour,En agglomération,Intersection en T,Normale,Deux véhicules - côté,3,3,2,0,1,1,1,0,1,50,,3,2,0,0,1,32.0,20.0,,,1,2,3,1,3
202100014867,2021-10-06 19:00:00,2021,10,6,19,0,92,92026,SAINT DENIS BD (120 A 174 / 199 A 315),48.90318,2.27599,Plein jour,En agglomération,Hors intersection,Normale,Deux véhicules - arrière,3,2,2,0,1,1,1,0,1,50,,4,2,0,0,2,18.0,62.0,,,1,2,1,1,2
202100014868,2021-10-02 23:50:00,2021,10,2,23,50,92,92024,GENERAL ROGUET (RUE DU) DE (1 A 57)   (2,48.90513,2.31295,Nuit avec éclairage allumé,En agglomération,Hors intersection,Normale,Sans collision,4,2,2,0,1,1,1,0,1,50,,1,0,0,0,1,31.0,,,,5,2,1,1,7
202100014869,2021-10-01 11:55:00,2021,10,1,11,55,92,92024,BATELIER (RUE DES) DE (1 A 19),48.9064177731,2.3045647144,Plein jour,En agglomération,Hors intersection,Normale,Sans collision,4,1,1,0,1,1,1,0,1,30,,1,0,0,0,1,36.0,,,,1,2,1,1,7
202100014870,2021-10-06 16:25:00,2021,10,6,16,25,92,92012,SILLY (RUE DE) 89/FIN - 90/FIN,48.833368452,2.2334541815,Plein jour,En agglomération,Intersection en X,Normale,Deux véhicules - arrière,4,2,2,0,1,1,1,0,1,30,,2,1,0,0,1,73.0,14.0,,,1,2,2,1,2
202100014871,2021-10-06 08:56:00,2021,10,6,8,56,92,92012,GENERAL LECLERC (AVENUE DU) 35/FIN - 60/,48.8298202887,2.2302943468,Plein jour,En agglomération,Hors intersection,Normale,Deux véhicules - côté,3,1,3,0,1,1,1,0,1,50,,2,1,0,0,1,59.0,34.0,,,1,2,1,1,3
202100014872,2021-10-05 21:05:00,2021,10,5,21,5,92,92004,ARGENTEUIL AV D',48.9186567233,2.2812925279,Nuit avec éclairage allumé,En agglomération,Intersection en T,Normale,Autre collision,3,2,0,0,1,1,1,0,1,50,,2,1,0,0,1,36.0,,,,5,2,3,1,6
202100014873,2021-10-06 19:30:00,2021,10,6,19,30,92,92014,MONTROUGE (AVENUE DE),48.7854105925,2.3104669154,Crépuscule ou aube,En agglomération,Hors intersection,Normale,Deux véhicules - arrière,3,2,2,1,1,1,1,0,1,50,,4,1,0,0,3,61.0,34.0,,,2,2,1,1,2
202100014874,2021-10-06 08:30:00,2021,10,6,8,30,92,92002,DIVISION LECLERC (53 A 217 - 58 A 186),48.7468308337,2.303684871,Crépuscule ou aube,En agglomération,Intersection en T,Normale,Deux véhicules - côté,3,3,4,0,1,1,1,0,1,50,,2,1,0,0,1,33.0,39.0,,,2,2,3,1,3
202100014875,2021-10-07 13:15:00,2021,10,7,13,15,21,21021,"A31, PK 044+250",47.318054,5.171497,Plein jour,Hors agglomération,Hors intersection,Normale,Deux véhicules - arrière,1,1,3,0,1,1,1,0,1,130,,4,1,0,1,2,40.0,27.0,,,1,1,1,1,2
202100014876,2021-10-06 15:50:00,2021,10,6,15,50,23,23245,D33,46.219809,1.85495,Plein jour,Hors agglomération,Hors intersection,Normale,Sans collision,3,2,2,0,1,1,1,0,3,90,,2,1,1,0,0,90.0,,,,1,1,1,1,7
202100014877,2021-08-25 18:00:00,2021,8,25,18,0,974,97410,Route Nationale 2 Bourbier les Bas,-21.0247,55.704423,Crépuscule ou aube,Hors agglomération,Hors intersection,Normale,Deux véhicules - arrière,2,3,2,1,4,1,1,0,1,50,,2,1,0,1,0,49.0,29.0,,,2,1,1,1,2
202100014878,2021-10-06 18:00:00,2021,10,6,18,0,19,19125,D978,45.276155,1.996808,Crépuscule ou aube,Hors agglomération,Hors intersection,Normale,Autre collision,3,2,2,0,2,3,1,0,3,90,,2,0,1,1,0,65.0,,,,2,1,1,1,6
202100014879,2021-10-07 15:53:00,2021,10,7,15,53,79,79178,,46.963649,-0.168808,Plein jour,Hors agglomération,Hors intersection,Normale,Sans collision,3,2,2,0,1,1,1,0,8,80,,1,0,0,0,1,28.0,,,,1,1,1,1,7
202100014880,2021-10-07 17:30:00,2021,10,7,17,30,80,80798,Rue Neuve,49.995833,2.318303,Plein jour,En agglomération,Intersection en T,Normale,Deux véhicules - côté,3,2,2,0,1,1,1,8,1,50,,2,1,0,1,0,17.0,40.0,,,1,2,3,1,3
202100014881,2021-10-06 16:00:00,2021,10,6,16,0,65,65218,Rebouc,42.993909,0.374463,Plein jour,Hors agglomération,Hors intersection,Normale,Deux véhicules - frontale,3,2,2,0,1,1,1,0,1,90,,2,0,0,0,2,30.0,28.0,,,1,1,1,1,1
202100014882,2021-10-06 15:50:00,2021,10,6,15,50,32,32208,RN21,43.949829,0.654212,Plein jour,Hors agglomération,Hors intersection,Normale,Deux véhicules - arrière,2,2,2,0,1,1,1,0,1,80,,2,1,0,1,0,47.0,60.0,,,1,1,1,1,2
202100014883,2021-10-06 18:00:00,2021,10,6,18,0,44,44056,La Chênaie,47.374454,-1.790096,Plein jour,Hors agglomération,Hors intersection,Normale,Deux véhicules - frontale,3,2,2,0,1,1,1,0,1,80,,3,0,0,1,2,57.0,63.0,,,1,1,1,1,1
202100014884,2021-10-07 12:10:00,2021,10,7,12,10,02,02810,Rue du 18 Juillet,49.2544323275,3.0955070257,Plein jour,En agglomération,Autre intersection,Normale,Deux véhicules - frontale,3,2,1,0,1,1,1,0,1,50,,2,1,0,1,0,20.0,34.0,,,1,2,9,1,1
202100014885,2021-10-06 23:30:00,2021,10,6,23,30,03,03108,RD 998,46.184198,2.951975,Nuit sans éclairage public,Hors agglomération,Hors intersection,Normale,Deux véhicules - frontale,3,2,2,0,2,1,2,0,1,90,,2,0,0,1,1,38.0,36.0,,,3,1,1,1,1
202100014886,2021-10-06 17:00:00,2021,10,6,17,0,64,64010,route départementale 933,43.333126,-1.015388,Plein jour,Hors agglomération,Hors intersection,Normale,Trois véhicules et plus - collisions multiples,3,2,2,0,2,1,1,5,1,80,,4,3,0,0,1,50.0,51.0,,,1,1,1,1,5
202100014887,2021-08-25 07:00:00,2021,8,25,7,0,64,64368,CD 11,43.380006,-1.088108,Plein jour,Hors agglomération,Intersection en T,Normale,Deux véhicules - frontale,3,2,2,0,3,1,1,0,1,80,,3,2,0,0,1,22.0,23.0,,,1,1,3,1,1
202100014888,2021-10-07 10:50:00,2021,10,7,10,50,64,64371,34 boulevard gambetta,43.222882,-0.891282,Plein jour,En agglomération,Intersection en X,Normale,Autre collision,3,2,2,0,1,1,1,0,1,50,,2,1,0,1,0,57.0,,,,1,2,2,1,6
202100014889,2021-10-06 20:30:00,2021,10,6,20,30,64,64519,D834 - PR 025.830,43.39061,-0.380616,Nuit avec éclairage allumé,Hors agglomération,Hors intersection,Normale,Deux véhicules - arrière,3,2,2,0,1,1,1,0,1,80,,2,1,0,0,1,57.0,52.0,,,5,1,1,1,2
202100014890,2021-08-25 10:25:00,2021,8,25,10,25,36,36088,Avenue du 11 Novembre,46.9390177196,2.0052328706,Plein jour,En agglomération,Hors intersection,Normale,Deux véhicules - côté,4,2,2,0,1,3,1,0,1,50,,2,1,0,1,0,60.0,35.0,,,1,2,1,1,3
202100014891,2021-10-06 18:00:00,2021,10,6,18,0,16,16400,D56,45.963859,0.21808,Plein jour,Hors agglomération,Intersection en X,Normale,Deux véhicules - côté,3,2,2,0,2,1,1,0,1,80,,2,1,0,1,0,42.0,13.0,,,1,1,2,1,3
202100014892,2021-09-25 17:15:00,2021,9,25,17,15,07,07058,Route de Valgorge,44.55208,4.28952,Plein jour,Hors agglomération,Hors intersection,Pluie légère,Deux véhicules - frontale,3,2,2,0,1,3,2,0,1,80,,2,1,0,0,1,56.0,41.0,,,1,1,1,2,1
202100014893,2021-10-06 21:00:00,2021,10,6,21,0,17,17385,Route Rd 734,45.954969,-1.335483,Nuit sans éclairage public,Hors agglomération,Hors intersection,Normale,Deux véhicules - frontale,3,2,2,0,1,1,1,0,1,80,,2,1,0,0,1,55.0,23.0,,,3,1,1,1,1
202100014894,2021-10-07 19:30:00,2021,10,7,19,30,23,23131,D941 PK 2+900,45.891785,2.47098,Crépuscule ou aube,Hors agglomération,Hors intersection,Normale,Deux véhicules - arrière,3,2,2,0,1,1,1,0,1,90,,2,1,0,1,0,74.0,43.0,,,2,1,1,1,2
202100014895,2021-10-03 17:45:00,2021,10,3,17,45,87,87003,La gorce,46.271824,1.354178,Plein jour,Hors agglomération,Hors intersection,Normale,Sans collision,3,2,2,0,1,1,1,0,1,80,,2,1,0,1,0,20.0,,,,1,1,1,1,7
202100014896,2021-10-03 03:02:00,2021,10,3,3,2,30,30003,D62,43.559994,4.153004,Nuit sans éclairage public,Hors agglomération,Giratoire,Normale,Sans collision,3,1,2,0,1,1,1,0,6,90,,1,0,0,0,1,19.0,,,,3,1,6,1,7
202100014897,2021-08-25 14:15:00,2021,8,25,14,15,30,30012,D2,43.907835,4.717652,Plein jour,Hors agglomération,Autre intersection,Normale,Deux véhicules - frontale,3,2,2,0,1,1,1,0,1,80,,2,0,0,1,1,25.0,47.0,,,1,1,9,1,1
202100014898,2021-10-07 13:05:00,2021,10,7,13,5,08,08222,42 rue de l'espérance,50.003188,4.71064,Plein jour,En agglomération,Intersection en T,Pluie légère,Sans collision,4,2,2,0,2,1,2,0,1,50,,1,0,0,0,1,17.0,,,,1,2,3,2,7
202100014899,2021-10-07 17:10:00,2021,10,7,17,10,88,88524,intersection D1- D17,48.158271,5.68594,Plein jour,Hors agglomération,Intersection en X,Normale,Deux véhicules - frontale,3,2,2,0,1,1,1,0,1,80,,2,1,0,1,0,36.0,32.0,,,1,1,2,1,1
202100014900,2021-10-02 02:00:00,2021,10,2,2,0,43,43137,Route de Gournier Bas,45.290598,4.144988,Nuit sans éclairage public,Hors agglomération,Hors intersection,Normale,Autre collision,4,2,2,0,2,1,1,0,3,90,,2,1,1,0,0,24.0,,,,3,1,1,1,6
202100014901,2021-09-30 17:10:00,2021,9,30,17,10,13,13044,Route Nationale 569,43.63722,5.02124,Plein jour,Hors agglomération,Intersection en T,Normale,Deux véhicules - côté,2,2,2,0,1,1,1,0,1,-1,,3,2,0,0,1,35.0,55.0,,,1,1,3,1,3
202100014902,2021-10-06 18:35:00,2021,10,6,18,35,78,78233,Rue de Poissy,48.891951,1.991336,Crépuscule ou aube,Hors agglomération,Intersection en T,Normale,Sans collision,3,2,2,0,1,1,1,0,1,80,,1,0,0,1,0,35.0,,,,2,1,3,1,7
202100014903,2021-10-06 12:17:00,2021,10,6,12,17,06,06085,889 Avenue Marechal Juin,43.591991,6.992822,Plein jour,En agglomération,Intersection en T,Normale,Deux véhicules - frontale,4,2,2,1,2,3,1,0,5,50,,2,1,0,1,0,47.0,33.0,,,1,2,3,1,1
202100014904,2021-10-06 23:25:00,2021,10,6,23,25,971,97128,D115,16.272883,-61.356014,Nuit sans éclairage public,Hors agglomération,Hors intersection,Normale,Autre collision,3,2,2,0,1,2,1,0,1,80,,3,0,2,0,1,23.0,,,,3,1,1,1,6
202100014905,2021-10-07 04:10:00,2021,10,7,4,10,978,97801,R FICHAUT,18.070054,-63.083552,Nuit avec éclairage allumé,En agglomération,Hors intersection,Normale,Deux véhicules - côté,4,-1,1,0,2,2,1,0,1,30,,1,0,0,0,1,30.0,,,,5,2,1,1,3
202100014906,2021-10-06 17:45:00,2021,10,6,17,45,95,95489,RD 301B4,49.019142,2.351139,Plein jour,Hors agglomération,Hors intersection,Normale,Trois véhicules et plus - collisions multiples,3,1,1,0,1,1,1,2,1,50,,7,4,0,0,3,42.0,64.0,,,1,1,1,1,5
202100014907,2021-10-06 23:30:00,2021,10,6,23,30,2B,2B220,T20,42.439801,9.201822,Nuit sans éclairage public,Hors agglomération,Hors intersection,Normale,Autre collision,2,2,2,0,1,1,1,0,8,80,,1,0,1,0,0,33.0,,,,3,1,1,1,6
202100014908,2021-10-06 19:00:00,2021,10,6,19,0,2B,2B042,Borgo,42.570509,9.441547,Crépuscule ou aube,Hors agglomération,Autre intersection,Normale,Trois véhicules et plus - en chaîne,2,1,1,0,2,3,1,0,1,70,,4,3,0,0,1,37.0,36.0,,,2,1,9,1,4
202100014909,2021-10-07 10:30:00,2021,10,7,10,30,52,52205,D143,48.035041,5.15983,Plein jour,Hors agglomération,Hors intersection,Pluie légère,Autre collision,3,2,2,0,2,3,2,0,3,80,,1,0,0,1,0,70.0,,,,1,1,1,2,6
202100014910,2021-10-07 08:00:00,2021,10,7,8,0,88,88203,pk 14 D420,48.237432,6.598594,Plein jour,Hors agglomération,Hors intersection,Temps couvert,Deux véhicules - côté,3,2,2,0,1,2,2,0,1,80,,3,1,0,1,1,35.0,20.0,,,1,1,1,8,3
202100014911,2021-10-06 19:45:00,2021,10,6,19,45,88,88064,13 Maillefaing,48.253627,6.788317,Nuit sans éclairage public,En agglomération,Hors intersection,Pluie légère,Deux véhicules - côté,3,2,2,0,2,4,2,0,1,80,,2,1,0,0,1,30.0,23.0,,,3,2,1,2,3
202100014912,2021-10-06 19:00:00,2021,10,6,19,0,63,63213,D1093,45.834141,3.269343,Plein jour,Hors agglomération,Hors intersection,Normale,Deux véhicules - côté,3,2,2,0,2,1,1,0,1,80,,2,1,0,0,1,61.0,58.0,,,1,1,1,1,3
202100014913,2021-10-02 10:50:00,2021,10,2,10,50,07,07264,Chemin de Fontaynes,44.339266,4.608316,Plein jour,Hors agglomération,Hors intersection,Normale,Deux véhicules - frontale,3,2,1,0,2,2,1,0,1,80,,2,1,0,1,0,18.0,15.0,,,1,1,1,1,1
202100014914,2021-10-02 11:25:00,2021,10,2,11,25,65,65320,RD 8,43.120411,0.118629,Plein jour,Hors agglomération,Hors intersection,Normale,Deux véhicules - arrière,3,2,2,2,1,1,1,0,5,90,,2,1,0,1,0,43.0,39.0,,,1,1,1,1,2
202100014915,2021-08-25 23:35:00,2021,8,25,23,35,17,17219,Rue des Martyrs,45.792765,-1.123202,Nuit sans éclairage public,Hors agglomération,Hors intersection,Normale,Sans collision,4,2,2,0,1,1,1,0,3,30,,1,0,0,1,0,17.0,,,,3,1,1,1,7
202100014916,2021-09-22 12:00:00,2021,9,22,12,0,22,22299,Le Bois du Rocher D795,48.482352,-1.961676,Plein jour,Hors agglomération,Intersection en X,Normale,Deux véhicules - côté,3,2,2,0,1,1,1,5,1,80,,3,2,0,1,0,61.0,93.0,,,1,1,2,1,3
202100014917,2021-10-05 13:25:00,2021,10,5,13,25,62,62543,59 bis grand rue,50.633999,2.323753,Plein jour,En agglomération,Hors intersection,Normale,Autre collision,3,2,2,0,1,1,1,0,3,50,,1,0,0,0,1,22.0,,,,1,2,1,1,6
202100014918,2021-10-06 16:30:00,2021,10,6,16,30,62,62128,Rue Parmentier,50.311032,2.936993,Plein jour,En agglomération,Intersection en Y,Normale,Deux véhicules - côté,4,2,2,0,1,1,1,0,1,50,,2,1,0,1,0,71.0,15.0,,,1,2,4,1,3
202100014919,2021-10-06 07:10:00,2021,10,6,7,10,59,59387,Rue François Mitterrand,50.290916,3.272424,Nuit sans éclairage public,Hors agglomération,Hors intersection,Temps couvert,Autre collision,3,2,2,0,2,1,2,0,3,-1,,1,0,0,1,0,31.0,,,,3,1,1,8,6
202100014920,2021-10-03 15:40:00,2021,10,3,15,40,42,42097,A72,45.50865,4.30179,Plein jour,Hors agglomération,Hors intersection,Pluie forte,Sans collision,1,3,6,0,2,2,2,0,2,110,,5,4,0,1,0,21.0,,,,1,1,1,3,7
202100014921,2021-10-06 07:25:00,2021,10,6,7,25,33,33013,,44.86853,-0.49637,Crépuscule ou aube,Hors agglomération,Hors intersection,Normale,Trois véhicules et plus - en chaîne,2,3,6,0,1,1,1,0,1,90,,4,3,0,0,1,32.0,26.0,,,2,1,1,1,4
202100014922,2021-10-06 04:28:00,2021,10,6,4,28,94,94076,AUTOROUTE A6A,48.7854,2.34638,Nuit sans éclairage public,Hors agglomération,Hors intersection,Normale,Deux véhicules - arrière,1,1,3,0,1,1,2,3,3,70,,3,0,1,2,0,28.0,36.0,,,3,1,1,1,2
202100014923,2021-10-05 19:20:00,2021,10,5,19,20,78,78029,A13W,48.963548,1.841649,Nuit sans éclairage public,Hors agglomération,Hors intersection,Pluie légère,Deux véhicules - côté,1,1,3,0,1,1,2,0,1,130,,3,2,0,0,1,19.0,41.0,,,3,1,1,2,3
202100014924,2021-10-06 07:35:00,2021,10,6,7,35,95,95018,A15,48.95962,2.27201,Nuit sans éclairage public,Hors agglomération,Hors intersection,Normale,Deux véhicules - arrière,1,1,11,0,1,1,1,0,1,110,,2,1,0,0,1,36.0,32.0,,,3,1,1,1,2
202100014925,2021-10-05 23:50:00,2021,10,5,23,50,95,95582, A115,48.97737,2.24099,Nuit sans éclairage public,Hors agglomération,Hors intersection,Normale,Autre collision,1,1,2,0,2,3,1,0,1,90,,1,0,0,0,1,21.0,,,,3,1,1,1,6
202100014926,2021-10-05 22:20:00,2021,10,5,22,20,95,95582, A115,48.97465,2.24234,Nuit sans éclairage public,Hors agglomération,Hors intersection,Pluie légère,Autre collision,1,1,2,0,4,3,2,0,1,50,,1,0,0,0,1,37.0,,,,3,1,1,2,6
202100014927,2021-10-06 18:45:00,2021,10,6,18,45,93,93051,A4,48.8357622127,2.5613654673,Plein jour,Hors agglomération,Hors intersection,Normale,Deux véhicules - côté,1,3,4,0,1,1,1,0,1,110,,2,1,0,0,1,33.0,33.0,,,1,1,1,1,3
202100014928,2021-10-06 18:35:00,2021,10,6,18,35,94,94015,A4,48.8274267837,2.5250410209,Plein jour,Hors agglomération,Hors intersection,Normale,Trois véhicules et plus - en chaîne,1,3,4,0,1,1,1,0,1,90,,3,2,0,0,1,48.0,55.0,,,1,1,1,1,4
202100014929,2021-10-06 16:00:00,2021,10,6,16,0,94,94073,A86 INT,48.753601,2.376143,Plein jour,Hors agglomération,Hors intersection,Normale,Deux véhicules - arrière,1,3,4,0,1,1,1,0,1,90,,2,0,0,0,2,26.0,30.0,,,1,1,1,1,2
202100014930,2021-10-05 23:50:00,2021,10,5,23,50,94,94018,A4,48.8176679679,2.414811413,Nuit sans éclairage public,Hors agglomération,Hors intersection,Normale,Deux véhicules - arrière,1,1,5,0,1,1,1,0,1,90,,2,1,0,0,1,38.0,54.0,,,3,1,1,1,2
202100014931,2021-06-18 21:15:00,2021,6,18,21,15,13,13103,AVENUE BOUCHAGA BOUALEM-RD 69,43.6303592803,5.0673596538,Crépuscule ou aube,Hors agglomération,Hors intersection,Normale,Deux véhicules - arrière,7,2,2,0,1,1,1,0,1,70,,2,0,1,0,1,36.0,23.0,,,2,1,1,1,2
202100014932,2021-10-05 14:00:00,2021,10,5,14,0,971,97107,GERMAIN ST RUF (AVENUE ),16.0507,-61.56258,Plein jour,En agglomération,Hors intersection,Normale,Autre collision,2,2,2,0,1,1,1,0,1,50,,3,1,0,0,2,74.0,,,,1,2,1,1,6
202100014933,2021-10-05 19:55:00,2021,10,5,19,55,38,38185,RUE PAUL CLAUDEL,45.17204,5.7351,Nuit avec éclairage allumé,En agglomération,Hors intersection,Pluie légère,Autre collision,4,2,2,0,1,1,2,0,1,50,,3,1,0,2,0,26.0,,,,5,2,1,2,6
202100014934,2021-10-05 07:20:00,2021,10,5,7,20,33,33318,Avenue Antoine Becquerel,44.78944,-0.64795,Nuit avec éclairage allumé,En agglomération,Intersection en T,Pluie légère,Autre collision,1,2,-1,-1,1,1,2,3,1,80,,2,1,0,0,1,25.0,,,,5,2,3,2,6
202100014935,2021-10-04 17:10:00,2021,10,4,17,10,72,72181,NEGRIER GENERAL (BD) N° PAIRS,48.00963,0.20705,Plein jour,En agglomération,Hors intersection,Normale,Autre collision,4,2,2,0,2,1,1,0,1,50,,2,1,0,0,1,21.0,,,,1,2,1,1,6
202100014936,2021-09-29 13:20:00,2021,9,29,13,20,60,60159,Avenue Marcelin Berthelot,49.387158,2.78598,Plein jour,Hors agglomération,Hors intersection,Normale,Autre collision,3,3,4,0,1,1,1,0,1,70,,4,1,0,0,3,24.0,,,,1,1,1,1,6