accident_id,datetime,annee,mois,jour,heure,minute,departement,commune_insee,adresse,latitude,longitude,luminosite,agglomeration,intersection,meteo,collision,catr,circ,nbv,vosp,prof,plan,surf,infra,situ,vma,nb_vehicules,nb_usagers,nb_indemnes,nb_tues,nb_blesses_hosp,nb_blesses_legers,age_cond_1,age_cond_2,veh_type_cond_1,veh_type_cond_2,lum_code,agg_code,int_code,atm_code,col_code
202100014937,2021-06-28 19:40:00,2021,6,28,19,40,62,62276,DULIEUX ( RUE DU CAPITAINE ),50.50181,2.84391,Plein jour,En agglomération,Hors intersection,Normale,Sans collision,3,2,2,2,1,1,1,0,1,50,,1,0,1,0,0,30.0,,,,1,2,1,1,7
202100014938,2021-07-25 11:10:00,2021,7,25,11,10,14,14304,D579,49.379847,0.239359,Plein jour,Hors agglomération,Hors intersection,Pluie légère,Sans collision,3,2,2,0,1,1,2,0,1,80,,1,0,0,0,1,18.0,,,,1,1,1,2,7
202100014939,2021-03-30 06:55:00,2021,3,30,6,55,14,14243,D579A,49.396299,0.211661,Crépuscule ou aube,En agglomération,Hors intersection,Normale,Sans collision,3,2,2,0,3,2,1,0,1,50,,1,0,0,0,1,15.0,,,,2,2,1,1,7
202100014940,2021-02-15 15:57:00,2021,2,15,15,57,91,91326,MONTTESSUY (RUE DE),48.68885,2.385,Plein jour,En agglomération,Intersection en X,Normale,Autre collision,3,2,4,0,1,1,1,0,1,50,,2,1,0,0,1,48.0,,,,1,2,2,1,6
202100014941,2021-07-27 23:05:00,2021,7,27,23,5,74,74299,31 Rte du Port,45.8871305391,6.1742037535,Nuit avec éclairage allumé,En agglomération,Hors intersection,Pluie légère,Sans collision,3,-1,2,0,2,1,2,0,1,50,,2,1,0,1,0,25.0,60.0,,,5,2,1,2,7
202100014942,2021-07-26 20:14:00,2021,7,26,20,14,74,74063,CD22 PK48,46.278146,6.828228,Plein jour,Hors agglomération,Hors intersection,Normale,Deux véhicules - côté,3,2,2,0,2,2,1,0,1,80,,2,1,0,1,0,30.0,57.0,,,1,1,1,1,3
202100014943,2021-07-16 22:30:00,2021,7,16,22,30,69,69029,A43   0.550 A 3.353,45.72873,4.89967,Nuit sans éclairage public,Hors agglomération,Hors intersection,Pluie légère,Deux véhicules - arrière,1,3,5,3,1,1,2,0,1,70,,3,1,0,0,2,41.0,23.0,,,3,1,1,2,2
202100014944,2021-10-05 10:17:00,2021,10,5,10,17,976,97611,mamoudzou centre-Commandant Passot (Plac,-12.78157,45.23481,Plein jour,En agglomération,Giratoire,Normale,Deux véhicules - côté,2,2,2,0,1,1,1,0,1,50,,3,2,0,0,1,26.0,38.0,,,1,2,6,1,3
202100014945,2021-10-04 07:39:00,2021,10,4,7,39,976,97611,kaweni-Mangrove (route de la),-12.77581,45.22655,Plein jour,En agglomération,Hors intersection,Pluie légère,Deux véhicules - frontale,2,2,2,0,1,1,1,0,1,50,,2,1,0,0,1,28.0,33.0,,,1,2,1,2,1
202100014946,2021-10-05 18:45:00,2021,10,5,18,45,974,97416,ENTRE DEUX (CHEMIN) CD26,-21.29042,55.45129,Nuit sans éclairage public,Hors agglomération,Hors intersection,Normale,Deux véhicules - frontale,4,2,2,0,1,3,1,0,1,50,,3,0,0,0,3,29.0,,,,3,1,1,1,1
202100014947,2021-10-04 20:00:00,2021,10,4,20,0,974,97411,GIMART (AVENUE STANISLAS),-20.89122,55.47492,Nuit avec éclairage allumé,En agglomération,Hors intersection,Normale,Deux véhicules - frontale,4,2,2,0,2,1,1,0,1,30,,2,1,0,1,0,40.0,,,,5,2,1,1,1
202100014948,2021-10-03 21:30:00,2021,10,3,21,30,974,97411,BOIS DE NEFLES (ROUTE DE),-20.8974,55.4767,Nuit avec éclairage allumé,En agglomération,Hors intersection,Pluie légère,Deux véhicules - frontale,4,-1,2,0,2,1,2,0,1,50,,2,1,0,0,1,37.0,21.0,,,5,2,1,2,1
202100014949,2021-10-03 10:25:00,2021,10,3,10,25,974,97411,MONTAGNE (ROUTE DE LA),-20.878657,55.44365,Plein jour,Hors agglomération,Hors intersection,Pluie légère,Sans collision,3,2,2,0,2,4,2,0,1,70,,1,0,0,0,1,16.0,,,,1,1,1,2,7
202100014950,2021-10-04 18:09:00,2021,10,4,18,9,973,97302,MIRZA (CITE),4.93254,-52.3254,Nuit avec éclairage allumé,En agglomération,Intersection en X,Normale,Deux véhicules - côté,4,2,1,0,1,1,1,0,1,50,,2,1,0,1,0,36.0,25.0,,,5,2,2,1,3
202100014951,2021-10-05 22:13:00,2021,10,5,22,13,69,69199,ALBERT RAMBOZ (AV),45.69453,4.84421,Nuit sans éclairage public,En agglomération,Intersection en X,Pluie légère,Deux véhicules - côté,7,1,1,0,1,2,2,0,1,50,,3,0,0,0,3,22.0,36.0,,,3,2,2,2,3
202100014952,2021-10-05 10:00:00,2021,10,5,10,0,69,69259,MARCEL SEMBAT (BD),45.7163881151,4.8827080372,Plein jour,En agglomération,Hors intersection,Normale,Autre collision,4,2,2,2,1,1,1,0,1,30,,2,1,0,0,1,52.0,,,,1,2,1,1,6
202100014953,2021-10-05 01:40:00,2021,10,5,1,40,69,69387,BERTHELOT (AV),45.7445,4.8443,Nuit avec éclairage allumé,En agglomération,Hors intersection,Pluie légère,Sans collision,4,1,2,3,1,1,2,0,6,50,,2,1,0,0,1,24.0,,,,5,2,1,2,7
202100014954,2021-10-04 20:20:00,2021,10,4,20,20,69,69383,VILLETTE (DE LA) (R),45.76291,4.86194,Crépuscule ou aube,En agglomération,Intersection en X,Pluie légère,Deux véhicules - côté,4,2,4,0,1,1,2,5,1,30,,3,1,0,0,2,31.0,38.0,,,2,2,2,2,3
202100014955,2021-10-04 18:00:00,2021,10,4,18,0,69,69388,BATAILLE (R),45.73717,4.87588,Plein jour,En agglomération,Hors intersection,Pluie légère,Deux véhicules - arrière,4,1,1,0,1,1,2,0,1,50,,3,2,0,0,1,60.0,29.0,,,1,2,1,2,2
202100014956,2021-10-04 08:15:00,2021,10,4,8,15,69,69383,CUIRASSIERS (DES) (R),45.75756,4.85642,Plein jour,En agglomération,Intersection en X,Pluie forte,Autre collision,4,1,2,0,1,1,2,0,1,50,,2,1,0,0,1,46.0,,,,1,2,2,3,6
202100014957,2021-10-05 13:00:00,2021,10,5,13,0,972,97213,ROUTE DEPARTEMENTALE 3,14.67652,-60.98806,Plein jour,En agglomération,Hors intersection,Normale,Deux véhicules - frontale,3,2,2,0,3,4,1,0,1,70,,5,0,0,0,5,34.0,22.0,,,1,2,1,1,1
202100014958,2021-10-05 10:00:00,2021,10,5,10,0,972,97209,RD 41 (ROCADE),14.60238,-61.07326,Plein jour,Hors agglomération,Hors intersection,Normale,Deux véhicules - côté,3,1,2,0,2,1,1,0,1,60,,2,1,0,0,1,25.0,54.0,,,1,1,1,1,3
202100014959,2021-10-04 06:45:00,2021,10,4,6,45,972,97209,RELIGIEUSES (ROUTE DES),14.61284,-61.05978,Plein jour,En agglomération,Hors intersection,Normale,Trois véhicules et plus - collisions multiples,3,2,2,0,1,1,1,0,1,30,,3,1,0,0,2,33.0,21.0,,,1,2,1,1,5
202100014960,2021-10-05 21:14:00,2021,10,5,21,14,69,69381,JEAN MOULIN (Q),45.7685869312,4.8378339411,Nuit avec éclairage allumé,En agglomération,Hors intersection,Pluie légère,Deux véhicules - côté,4,1,4,3,1,1,2,0,1,50,,3,0,0,0,3,53.0,42.0,,,5,2,1,2,3
202100014961,2021-10-05 15:00:00,2021,10,5,15,0,69,69152,MURIERS (DES) (CHM),45.695050743,4.8238858581,Plein jour,En agglomération,Hors intersection,Pluie légère,Trois véhicules et plus - collisions multiples,4,2,2,2,1,1,2,0,1,30,,3,1,0,0,2,27.0,72.0,,,1,2,1,2,5
202100014962,2021-10-05 15:00:00,2021,10,5,15,0,69,69389,PAUL SEDAILLIAN (Q),45.79293,4.82119,Plein jour,En agglomération,Hors intersection,Pluie légère,Deux véhicules - arrière,4,2,2,1,1,1,2,0,1,50,,2,1,0,0,1,21.0,39.0,,,1,2,1,2,2
202100014963,2021-10-05 07:56:00,2021,10,5,7,56,69,69389,BEN GOURION  (AV),45.78919,4.78914,Plein jour,En agglomération,Intersection en X,Normale,Autre collision,4,2,4,0,1,1,1,0,4,50,,2,1,0,0,1,36.0,,,,1,2,2,1,6
202100014964,2021-10-05 08:10:00,2021,10,5,8,10,69,69385,POINT DU JOUR (DU) (AV),45.75626,4.80291,Plein jour,En agglomération,Intersection en T,Normale,Deux véhicules - frontale,4,2,3,2,1,1,2,0,1,50,,2,1,0,0,1,16.0,50.0,,,1,2,3,1,1
202100014965,2021-10-03 12:00:00,2021,10,3,12,0,69,69149,SALVADOR ALLENDE (R),45.71959,4.78289,Plein jour,En agglomération,Hors intersection,Normale,Autre collision,4,2,2,0,2,2,2,0,1,30,,1,0,0,0,1,36.0,,,,1,2,1,1,6
202100014966,2021-10-04 07:00:00,2021,10,4,7,0,69,69034,GEORGES CLEMENCEAU (Q),45.79642,4.83337,Nuit sans éclairage public,En agglomération,Hors intersection,Pluie légère,Deux véhicules - arrière,7,2,2,0,1,1,2,0,1,50,,2,1,0,0,1,,62.0,,,3,2,1,2,2
202100014967,2021-10-04 18:15:00,2021,10,4,18,15,2B,2B033,FAVALE - COURS,42.69304,9.45045,Crépuscule ou aube,En agglomération,Hors intersection,Pluie légère,Autre collision,4,2,2,0,2,3,2,0,1,50,,2,1,0,0,1,70.0,,,,2,2,1,2,6
202100014968,2021-10-03 22:05:00,2021,10,3,22,5,971,97113,Chemin de la BOUAYE,16.23591,-61.4852,Nuit avec éclairage allumé,Hors agglomération,Hors intersection,Normale,Deux véhicules - frontale,4,2,0,0,3,1,1,9,1,50,,2,1,0,1,0,27.0,47.0,,,5,1,1,1,1
202100014969,2021-10-03 11:10:00,2021,10,3,11,10,971,97113,Rue du Bas du Fort,16.2159795132,-61.523630619,Plein jour,Hors agglomération,Autre intersection,Normale,Deux véhicules - côté,4,4,1,0,1,3,1,5,1,30,,2,1,0,1,0,37.0,60.0,,,1,1,9,1,3
202100014970,2021-10-05 19:47:00,2021,10,5,19,47,2A,2A004,SEBASTIANU COSTA BD,41.9420755333,8.7495008653,Nuit avec éclairage allumé,En agglomération,Hors intersection,Pluie légère,Trois véhicules et plus - collisions multiples,4,3,4,0,1,1,2,0,1,50,,4,2,0,0,2,32.0,57.0,,,5,2,1,2,5
202100014971,2021-10-04 15:10:00,2021,10,4,15,10,2A,2A004,SAMPIERO BD,41.9204097076,8.7296912671,Plein jour,En agglomération,Hors intersection,Normale,Autre collision,3,1,2,0,1,1,1,0,1,50,,2,1,0,0,1,29.0,54.0,,,1,2,1,1,6
202100014972,2021-10-04 12:05:00,2021,10,4,12,5,2A,2A004,SCAMARONI FRED BD,41.9148720261,8.7263868742,Plein jour,En agglomération,Hors intersection,Normale,Sans collision,4,2,2,0,1,1,1,0,1,30,,2,1,0,0,1,35.0,,,,1,2,1,1,7
202100014973,2021-10-03 16:45:00,2021,10,3,16,45,2A,2A004,T20,41.9393,8.8045,Plein jour,Hors agglomération,Hors intersection,Normale,Deux véhicules - frontale,2,2,1,0,1,3,1,0,1,90,,2,0,1,1,0,80.0,35.0,,,1,1,1,1,1
202100014974,2021-10-04 17:50:00,2021,10,4,17,50,91,91570,CONDORCET (AVENUE),48.6221,2.32412,Plein jour,En agglomération,Hors intersection,Normale,Deux véhicules - côté,4,3,0,0,1,1,1,0,1,50,,2,1,0,0,1,21.0,32.0,,,1,2,1,1,3
202100014975,2021-10-05 19:00:00,2021,10,5,19,0,91,91657,AV HENRI BARBUSSE,48.69813,2.41642,Plein jour,En agglomération,Hors intersection,Normale,Trois véhicules et plus - en chaîne,3,2,2,0,1,1,2,0,1,50,,3,2,0,0,1,40.0,45.0,,,1,2,1,1,4
202100014976,2021-10-05 12:39:00,2021,10,5,12,39,87,87085,BELLAC (RUE DE),45.84596,1.24559,Plein jour,En agglomération,Hors intersection,Normale,Sans collision,4,2,2,0,1,1,2,0,1,50,,1,0,0,0,1,21.0,,,,1,2,1,1,7
202100014977,2021-10-05 15:38:00,2021,10,5,15,38,87,87085,21 AOUT 1944 (BD DU),45.80811,1.26414,Plein jour,En agglomération,Giratoire,Normale,Sans collision,4,3,4,0,1,2,2,0,1,50,,1,0,0,0,1,24.0,,,,1,2,6,1,7
202100014978,2021-10-05 07:58:00,2021,10,5,7,58,87,87085,DUTREIX (RUE ARMAND),45.8342,1.2279,Crépuscule ou aube,En agglomération,Hors intersection,Pluie légère,Autre collision,4,2,2,0,1,1,2,0,1,50,,2,1,0,0,1,,,,,2,2,1,2,6
202100014979,2021-10-01 15:43:00,2021,10,1,15,43,87,87085,GARIBALDI (AVENUE),45.83521,1.26053,Plein jour,En agglomération,Intersection en T,Normale,Deux véhicules - côté,4,4,3,0,1,1,1,0,1,50,,2,0,0,0,2,21.0,49.0,,,1,2,3,1,3
202100014980,2021-10-01 11:54:00,2021,10,1,11,54,87,87085,WILSON (PLACE),45.82964,1.26257,Plein jour,En agglomération,Hors intersection,Normale,Autre collision,4,2,3,0,1,1,1,0,1,50,,2,1,0,0,1,36.0,,,,1,2,1,1,6
202100014981,2021-10-04 06:51:00,2021,10,4,6,51,87,87085,SAINT MARTIAL (QUAI),45.82133,1.2631,Nuit avec éclairage allumé,En agglomération,Intersection en T,Normale,Deux véhicules - arrière,2,4,6,0,1,1,2,0,1,50,,2,1,0,0,1,47.0,30.0,,,5,2,3,1,2
202100014982,2021-10-01 17:18:00,2021,10,1,17,18,87,87085,ORADOUR SUR GLANE (CARREFOUR D'),45.83426,1.22651,Plein jour,En agglomération,Hors intersection,Normale,Autre collision,4,2,2,0,1,1,1,0,1,50,,2,1,0,0,1,50.0,22.0,,,1,2,1,1,6
202100014983,2021-10-04 11:37:00,2021,10,4,11,37,84,84087,DUNANT (RUE HENRI),44.13185,4.83383,Plein jour,En agglomération,Intersection en X,Temps couvert,Deux véhicules - côté,4,2,2,0,1,1,2,0,1,50,,2,1,0,1,0,78.0,58.0,,,1,2,2,8,3
202100014984,2021-10-05 08:10:00,2021,10,5,8,10,83,83090,FAVEYROLLES (ROUTE DE),43.13809,5.87857,Plein jour,En agglomération,Hors intersection,Normale,Deux véhicules - côté,7,2,2,0,2,1,1,0,1,50,,2,1,0,0,1,27.0,17.0,,,1,2,1,1,3
202100014985,2021-10-04 12:40:00,2021,10,4,12,40,83,83126,RUE JEAN-PIERRE MARGIER,43.11031,5.867707,Plein jour,En agglomération,Hors intersection,Pluie légère,Autre collision,4,1,1,0,1,1,2,0,1,20,,2,1,0,0,1,37.0,,,,1,2,1,2,6
202100014986,2021-10-05 21:50:00,2021,10,5,21,50,83,83069,QUINZIEME CORPS (RUE DU),43.12194,6.14086,Nuit avec éclairage allumé,En agglomération,Intersection en T,Normale,Deux véhicules - frontale,4,2,2,0,1,1,1,0,1,50,,2,1,0,1,0,28.0,43.0,,,5,2,3,1,1
202100014987,2021-10-04 08:00:00,2021,10,4,8,0,83,83069,TOULON RD 554 (ROUTE DE),43.12621,6.10056,Plein jour,En agglomération,Hors intersection,Temps couvert,Autre collision,7,3,2,0,1,1,2,0,1,50,,1,0,0,0,1,17.0,,,,1,2,1,8,6
202100014988,2021-10-02 22:05:00,2021,10,2,22,5,80,80021,PRES FORETS (RUE DES),49.9015,2.28363,Nuit avec éclairage allumé,En agglomération,Hors intersection,Pluie forte,Autre collision,4,2,5,1,1,1,2,0,8,50,,2,1,0,0,1,44.0,,,,5,2,1,3,6
202100014989,2021-10-01 16:50:00,2021,10,1,16,50,80,80021,ABBEVILLE (RUE D'),49.90612,2.27028,Plein jour,En agglomération,Hors intersection,Pluie forte,Trois véhicules et plus - en chaîne,3,2,3,0,1,1,2,0,1,50,,8,4,0,0,4,47.0,26.0,,,1,2,1,3,4
202100014990,2021-09-08 23:15:00,2021,9,8,23,15,78,78646,YVES LE COZ RUE),48.79339,2.15324,Nuit avec éclairage allumé,En agglomération,Hors intersection,Normale,Autre collision,4,2,2,0,2,1,1,0,1,30,,2,1,0,1,0,17.0,,,,5,2,1,1,6
202100014991,2021-10-05 08:15:00,2021,10,5,8,15,78,78551,ROOSEVELT (DU PRESIDENT),48.8995,2.0768,Plein jour,En agglomération,Intersection en T,Pluie forte,Sans collision,4,2,2,0,1,1,2,0,1,50,,1,0,0,0,1,46.0,,,,1,2,3,3,7
202100014992,2021-10-05 22:00:00,2021,10,5,22,0,78,78138,POISSY (AVENUE DE),48.97467,2.03205,Nuit avec éclairage allumé,En agglomération,Hors intersection,Normale,Deux véhicules - côté,3,2,2,0,2,1,1,0,1,50,,2,0,0,1,1,24.0,21.0,,,5,2,1,1,3
202100014993,2021-10-05 17:37:00,2021,10,5,17,37,77,77111,AV HERGE,48.857191,2.77216,Plein jour,En agglomération,Intersection en X,Normale,Sans collision,4,2,2,0,1,1,1,0,1,50,,2,1,0,0,1,24.0,29.0,,,1,2,2,1,7
202100014994,2021-10-04 13:10:00,2021,10,4,13,10,77,77216,D104,48.31754,2.67568,Plein jour,Hors agglomération,Autre intersection,Normale,Deux véhicules - frontale,3,2,2,0,1,3,1,1,1,50,,2,1,0,0,1,52.0,25.0,,,1,1,9,1,1
202100014995,2021-09-10 15:40:00,2021,9,10,15,40,76,76178,EGLISE. RUE DE L',49.31432,1.033,Plein jour,En agglomération,Hors intersection,Normale,Autre collision,4,2,2,0,1,1,1,0,1,50,,2,1,0,0,1,25.0,,,,1,2,1,1,6
202100014996,2021-10-03 08:00:00,2021,10,3,8,0,76,76481,RD 6382,49.5315,0.10342,Nuit sans éclairage public,En agglomération,Giratoire,Pluie légère,Autre collision,3,3,4,0,1,1,2,0,4,50,,2,1,0,1,0,30.0,,,,3,2,6,2,6
202100014997,2021-10-03 06:30:00,2021,10,3,6,30,76,76351,MARECHAL JOFFRE (RUE),49.49859,0.11816,Nuit avec éclairage allumé,En agglomération,Intersection en X,Pluie légère,Deux véhicules - frontale,4,2,2,0,1,1,2,0,1,30,,2,1,0,0,1,21.0,24.0,,,5,2,2,2,1
202100014998,2021-10-04 15:10:00,2021,10,4,15,10,74,74012,FERRY (AVENUE JULES),46.19298,6.23741,Plein jour,En agglomération,Hors intersection,Normale,Deux véhicules - côté,4,2,2,3,1,1,1,0,1,50,,5,4,0,0,1,16.0,36.0,,,1,2,1,1,3
202100014999,2021-10-05 13:05:00,2021,10,5,13,5,72,72181,LIBERATION (AV DE LA) N° IMP 147 ET+,48.0034512848,0.1862749819,Plein jour,En agglomération,Intersection en T,Normale,Deux véhicules - arrière,4,2,2,2,1,1,1,0,1,50,,2,1,0,1,0,58.0,42.0,,,1,2,3,1,2
202100015000,2021-10-05 14:30:00,2021,10,5,14,30,71,71306,GENERAL DE GAULLE (QUAI DU),46.674327127,4.362485406,Plein jour,En agglomération,Autre intersection,Normale,Autre collision,6,-1,-1,0,1,1,1,9,8,30,,2,1,0,1,0,33.0,,,,1,2,9,1,6
202100015001,2021-10-03 01:30:00,2021,10,3,1,30,71,71306,PLESSIS (BOULEVARD DU),46.676,4.38371,Nuit avec éclairage allumé,En agglomération,Hors intersection,Pluie légère,Autre collision,4,2,2,0,1,1,2,0,4,50,,5,0,1,4,0,22.0,,,,5,2,1,2,6
202100015002,2021-10-04 13:35:00,2021,10,4,13,35,71,71153,ACACIAS (RUE DES) N°2 A 16 ET 1 A 3,46.7994026308,4.4230392597,Plein jour,En agglomération,Hors intersection,Normale,Deux véhicules - arrière,4,2,2,0,1,1,1,0,1,50,,2,1,0,0,1,30.0,14.0,,,1,2,1,1,2
202100015003,2021-10-05 07:15:00,2021,10,5,7,15,69,69290,ST BONNET DE MURE (DE) (CHM),45.689669508,4.9787388059,Plein jour,Hors agglomération,Hors intersection,Temps éblouissant,Deux véhicules - frontale,4,4,2,0,1,1,2,6,1,30,,2,1,0,0,1,42.0,18.0,,,1,1,1,7,1
202100015004,2021-10-04 20:45:00,2021,10,4,20,45,69,69266,ROGER SALENGRO (AV),45.781,4.884,Nuit avec éclairage allumé,En agglomération,Intersection en X,Pluie légère,Deux véhicules - frontale,4,2,4,0,1,1,2,5,1,50,,3,2,0,0,1,40.0,,,,5,2,2,2,1
202100015005,2021-10-05 18:10:00,2021,10,5,18,10,69,69264,BURDEAU (BD),45.99655,4.72784,Plein jour,En agglomération,Hors intersection,Pluie légère,Trois véhicules et plus - en chaîne,3,2,2,2,1,1,2,0,1,50,,3,2,0,0,1,30.0,44.0,,,1,2,1,2,4
202100015006,2021-10-05 12:00:00,2021,10,5,12,0,69,69264,RENAN ERNEST (R),45.9928571516,4.7071909904,Plein jour,Hors agglomération,Intersection en T,Normale,Deux véhicules - côté,3,2,2,0,1,1,1,0,1,50,,2,1,0,0,1,39.0,17.0,,,1,1,3,1,3
202100015007,2021-10-04 07:30:00,2021,10,4,7,30,68,68066,CARLOVINGIENS (RUE DES),48.09292,7.35603,Crépuscule ou aube,En agglomération,Giratoire,Pluie forte,Autre collision,3,2,3,0,1,1,2,0,1,50,,2,1,0,0,1,27.0,,,,2,2,6,3,6
202100015008,2021-10-04 20:20:00,2021,10,4,20,20,67,67482,KOCH (QUAI),48.58594,7.75874,Nuit avec éclairage allumé,En agglomération,Hors intersection,Pluie légère,Autre collision,4,1,1,1,1,1,2,0,1,50,,1,0,0,0,1,37.0,,,,5,2,1,2,6
202100015009,2021-10-04 09:35:00,2021,10,4,9,35,67,67218,ALFRED KASTLER (ROUTE),48.53343,7.74369,Plein jour,Hors agglomération,Hors intersection,Pluie légère,Deux véhicules - frontale,7,2,2,0,1,3,2,0,1,70,,2,0,0,0,2,29.0,46.0,,,1,1,1,2,1
202100015010,2021-10-04 11:10:00,2021,10,4,11,10,67,67482,CONSEIL DES QUINZE (RUE DU),48.58892,7.78297,Plein jour,En agglomération,Intersection en T,Pluie légère,Deux véhicules - frontale,4,2,2,0,1,2,2,0,1,50,,3,2,0,0,1,60.0,73.0,,,1,2,3,2,1
202100015011,2021-10-03 03:57:00,2021,10,3,3,57,67,67482,JACQUES PEIROTES (RUE),48.57619,7.75414,Nuit avec éclairage allumé,En agglomération,Intersection en T,Normale,Deux véhicules - côté,4,2,2,1,1,1,1,0,5,30,,2,1,0,0,1,28.0,25.0,,,5,2,3,1,3
202100015012,2021-10-01 13:00:00,2021,10,1,13,0,66,66136,HONDRAT (ISIDORE),42.7042,2.88345,Plein jour,En agglomération,Hors intersection,Normale,Autre collision,3,1,1,0,1,1,1,0,1,30,,2,1,0,0,1,26.0,,,,1,2,1,1,6
202100015013,2021-09-30 21:40:00,2021,9,30,21,40,66,66136,INDUSTRIE (AVENUE DE L'),42.7301768914,2.8990237446,Nuit avec éclairage allumé,En agglomération,Hors intersection,Normale,Autre collision,3,2,2,0,1,1,1,0,1,50,,2,0,0,0,2,31.0,,,,5,2,1,1,6
202100015014,2021-09-30 17:19:00,2021,9,30,17,19,66,66136,CLEMENCEAU (BOULEVARD),42.7010094765,2.8923962226,Plein jour,En agglomération,Intersection en X,Normale,Deux véhicules - frontale,4,2,4,0,1,1,1,0,1,50,,2,1,0,1,0,33.0,15.0,,,1,2,2,1,1
202100015015,2021-10-04 17:43:00,2021,10,4,17,43,64,64335,BENEHARNUM DE,43.33062,-0.43524,Plein jour,En agglomération,Hors intersection,Normale,Deux véhicules - côté,4,2,1,0,1,1,1,0,1,50,,2,1,0,0,1,15.0,28.0,,,1,2,1,1,3
202100015016,2021-10-04 10:20:00,2021,10,4,10,20,64,64445,DUFAU,43.3093198343,-0.3636339828,Plein jour,En agglomération,Intersection en T,Normale,Sans collision,4,2,2,0,1,1,1,0,1,50,,4,1,0,0,3,27.0,,,,1,2,3,1,7
202100015017,2021-10-03 02:39:00,2021,10,3,2,39,63,63113,FOREST (AVENUE FERNAND),45.80004,3.11237,Nuit avec éclairage allumé,En agglomération,Intersection en X,Normale,Deux véhicules - côté,7,3,4,0,1,1,1,0,1,50,,2,0,0,0,2,36.0,29.0,,,5,2,2,1,3
202100015018,2021-10-01 21:11:00,2021,10,1,21,11,63,63113,BERGIER (RUE),45.78242,3.08427,Nuit avec éclairage allumé,En agglomération,Hors intersection,Normale,Sans collision,4,2,2,0,2,1,1,0,1,50,,1,0,0,0,1,23.0,,,,5,2,1,1,7
202100015019,2021-10-01 15:10:00,2021,10,1,15,10,63,63164,D 210 A (RTE),45.82322,3.15612,Plein jour,En agglomération,Hors intersection,Normale,Deux véhicules - arrière,7,2,2,0,1,1,1,0,1,50,,2,1,0,0,1,81.0,20.0,,,1,2,1,1,2
202100015020,2021-10-01 11:42:00,2021,10,1,11,42,63,63113,DE GAULLE (BD CHARLES),45.77219,3.08309,Plein jour,En agglomération,Intersection en T,Normale,Deux véhicules - côté,4,1,2,0,1,1,1,0,1,50,,2,1,0,0,1,34.0,25.0,,,1,2,3,1,3
202100015021,2021-10-01 07:56:00,2021,10,1,7,56,63,63113,BLUM (AVENUE LEON),45.76297,3.09932,Crépuscule ou aube,En agglomération,Hors intersection,Normale,Deux véhicules - arrière,7,2,2,0,1,1,1,0,1,50,,2,1,0,0,1,58.0,39.0,,,2,2,1,1,2
202100015022,2021-09-30 18:25:00,2021,9,30,18,25,63,63113,BELLOY (RUE DU),45.78405,3.08021,Crépuscule ou aube,En agglomération,Intersection en T,Normale,Deux véhicules - frontale,4,2,2,0,1,1,1,0,1,50,,2,1,0,0,1,21.0,28.0,,,2,2,3,1,1
202100015023,2021-09-30 16:35:00,2021,9,30,16,35,63,63113,RECLUS (AVENUE ELISEE),45.7834,3.14405,Plein jour,En agglomération,Giratoire,Normale,Deux véhicules - côté,7,1,2,0,1,1,1,5,1,50,,2,1,0,0,1,19.0,28.0,,,1,2,6,1,3
202100015024,2021-09-30 14:20:00,2021,9,30,14,20,62,62842,BUISSE (CHE DE LA),50.487863,2.879872,Plein jour,En agglomération,Hors intersection,Normale,Autre collision,4,2,1,0,1,1,1,0,1,30,,2,1,1,0,0,32.0,,,,1,2,1,1,6
202100015025,2021-08-28 18:30:00,2021,8,28,18,30,62,62573,GARE (CITE DE LA),50.499886,2.892521,Plein jour,En agglomération,Hors intersection,Normale,Sans collision,4,2,1,0,1,2,1,0,1,30,,2,1,0,1,0,47.0,,,,1,2,1,1,7
202100015026,2021-10-04 13:49:00,2021,10,4,13,49,62,62041,KENNEDY ( AVENUE JOHN ),50.287499,2.749913,Plein jour,En agglomération,Hors intersection,Normale,Autre collision,4,3,2,0,1,1,1,0,8,50,,4,1,0,2,1,57.0,,,,1,2,1,1,6
202100015027,2021-10-04 09:00:00,2021,10,4,9,0,61,61006,FALAISE (ROUTE DE),48.7521,-0.0321,Plein jour,En agglomération,Giratoire,Normale,Autre collision,3,2,2,0,1,1,1,0,1,50,,2,1,0,1,0,67.0,,,,1,2,6,1,6
202100015028,2021-09-29 15:00:00,2021,9,29,15,0,59,59646,MICHELET (RUE),50.6698983305,3.1309747696,Plein jour,En agglomération,Hors intersection,Normale,Autre collision,4,2,2,0,1,1,1,0,1,50,,1,0,1,0,0,76.0,,,,1,2,1,1,6
202100015029,2021-10-04 18:35:00,2021,10,4,18,35,59,59654,COET (RUE ANTOINE),50.38707,3.11311,Plein jour,En agglomération,Hors intersection,Normale,Deux véhicules - côté,3,1,1,0,1,1,1,0,1,50,,2,1,0,0,1,59.0,11.0,,,1,2,1,1,3
202100015030,2021-10-01 14:16:00,2021,10,1,14,16,57,57666,VERDUN (ROUTE DE),49.34211,6.13387,Plein jour,En agglomération,Intersection en T,Normale,Trois véhicules et plus - collisions multiples,4,2,2,0,1,1,1,0,1,50,,3,1,0,0,2,23.0,27.0,,,1,2,3,1,5
202100015031,2021-10-04 10:20:00,2021,10,4,10,20,56,56260,BERNUS (RUE DE),47.6556,-2.76682,Plein jour,En agglomération,Intersection en X,Pluie légère,Deux véhicules - côté,4,1,2,0,1,1,2,0,1,30,,2,1,0,0,1,76.0,51.0,,,1,2,2,2,3