accident_id,datetime,annee,mois,jour,heure,minute,departement,commune_insee,adresse,latitude,longitude,luminosite,agglomeration,intersection,meteo,collision,catr,circ,nbv,vosp,prof,plan,surf,infra,situ,vma,nb_vehicules,nb_usagers,nb_indemnes,nb_tues,nb_blesses_hosp,nb_blesses_legers,age_cond_1,age_cond_2,veh_type_cond_1,veh_type_cond_2,lum_code,agg_code,int_code,atm_code,col_code
202100015032,2021-10-04 18:05:00,2021,10,4,18,5,56,56098,KESLER-DEVILLERS ( AV. ),47.76803,-3.34267,Plein jour,En agglomération,Intersection en T,Normale,Deux véhicules - arrière,3,2,2,0,1,1,2,0,1,50,,3,1,0,0,2,17.0,37.0,,,1,2,3,1,2
202100015033,2021-10-04 08:15:00,2021,10,4,8,15,56,56036,RN 165 sens Brest/Nantes,47.77599,-3.36368,Crépuscule ou aube,Hors agglomération,Hors intersection,Pluie légère,Autre collision,2,3,8,0,1,1,2,0,1,90,,1,0,0,0,1,34.0,,,,2,1,1,2,6
202100015034,2021-10-03 18:30:00,2021,10,3,18,30,56,56107,KERPAPE (RUE DE),47.70599,-3.38873,Plein jour,En agglomération,Giratoire,Normale,Deux véhicules - côté,4,2,2,0,1,1,1,5,1,50,,4,1,0,0,3,32.0,58.0,,,1,2,6,1,3
202100015035,2021-10-01 17:10:00,2021,10,1,17,10,56,56083,Avenue Edouard Vaillant,47.81671,-3.25665,Plein jour,En agglomération,Hors intersection,Normale,Autre collision,3,2,2,0,2,1,1,0,3,50,,1,0,0,0,1,41.0,,,,1,2,1,1,6
202100015036,2021-10-05 09:52:00,2021,10,5,9,52,54,54395,MANGIN (AVENUE DU GENERAL),48.668936233,6.1639109967,Plein jour,En agglomération,Giratoire,Normale,Autre collision,4,2,2,0,1,3,1,0,1,30,,2,1,0,0,1,63.0,,,,1,2,6,1,6
202100015037,2021-10-03 16:45:00,2021,10,3,16,45,54,54547,CREVIC (RUE DE),48.6551956735,6.1765025073,Plein jour,En agglomération,Hors intersection,Pluie légère,Deux véhicules - frontale,4,2,2,0,3,1,2,0,1,30,,3,0,0,0,3,20.0,33.0,,,1,2,1,2,1
202100015038,2021-10-03 18:09:00,2021,10,3,18,9,54,54575,RD26B,49.48039,5.85982,Crépuscule ou aube,Hors agglomération,Hors intersection,Pluie légère,Autre collision,3,2,2,0,1,2,2,0,1,80,,1,0,0,0,1,24.0,,,,2,1,1,2,6
202100015039,2021-10-05 19:50:00,2021,10,5,19,50,51,51454,Rue Libergier,49.2520356107,4.0290640313,Nuit avec éclairage allumé,En agglomération,Intersection en X,Pluie légère,Deux véhicules - côté,4,2,2,0,1,3,2,0,1,30,,2,1,0,1,0,21.0,22.0,,,5,2,2,2,3
202100015040,2021-10-05 15:35:00,2021,10,5,15,35,51,51454,Rue Ledru Rollin,49.24035,4.03292,Plein jour,En agglomération,Intersection en T,Pluie légère,Sans collision,4,2,2,0,1,1,2,0,1,50,,2,1,0,0,1,71.0,,,,1,2,3,2,7
202100015041,2021-10-03 13:00:00,2021,10,3,13,0,51,51454,Avenue Jean Jaurès,49.26354,4.05605,Plein jour,En agglomération,Intersection en X,Pluie légère,Deux véhicules - côté,4,4,4,0,1,1,2,5,1,50,,4,3,0,0,1,20.0,25.0,,,1,2,2,2,3
202100015042,2021-10-01 14:30:00,2021,10,1,14,30,50,50129,CONQUERANT (BOULEVARD GUILLAUME LE),49.63598,-1.63219,Plein jour,En agglomération,Hors intersection,Normale,Deux véhicules - côté,3,3,4,0,1,1,1,0,1,50,,2,1,0,0,1,42.0,30.0,,,1,2,1,1,3
202100015043,2021-10-02 12:30:00,2021,10,2,12,30,49,49328,LOUCHEUR (RUE),47.24589,-0.07034,Plein jour,En agglomération,Hors intersection,Temps couvert,Autre collision,4,2,2,0,2,1,1,0,1,50,,5,0,0,3,2,34.0,,,,1,2,1,8,6
202100015044,2021-10-04 14:35:00,2021,10,4,14,35,49,49099,RD 752,47.07517,-0.90088,Plein jour,Hors agglomération,Hors intersection,Normale,Deux véhicules - côté,3,3,4,0,1,1,1,0,1,90,,2,1,0,0,1,56.0,73.0,,,1,1,1,1,3
202100015045,2021-10-05 18:19:00,2021,10,5,18,19,49,49015,ETANG ROUTE,47.511352,-0.613032,Plein jour,En agglomération,Hors intersection,Pluie forte,Deux véhicules - frontale,4,2,2,0,1,1,2,0,1,50,,3,1,0,1,1,22.0,54.0,,,1,2,1,3,1
202100015046,2021-10-02 07:03:00,2021,10,2,7,3,47,47323,MICHAUD (RUE VICTOR),44.41579,0.7295,Nuit avec éclairage allumé,En agglomération,Intersection en X,Normale,Deux véhicules - côté,3,2,2,0,1,1,1,8,1,50,,2,0,0,0,2,37.0,56.0,,,5,2,2,1,3
202100015047,2021-10-05 15:00:00,2021,10,5,15,0,45,45284,D2060-89+930,47.9208000365,1.9981976152,Plein jour,Hors agglomération,Hors intersection,Pluie légère,Deux véhicules - arrière,7,3,4,0,1,1,2,0,1,110,,2,1,0,0,1,20.0,49.0,,,1,1,1,2,2
202100015048,2021-10-04 07:55:00,2021,10,4,7,55,45,45004,Route d'Amilly,48.0132,2.77358,Plein jour,Hors agglomération,Intersection en X,Normale,Deux véhicules - côté,4,2,2,0,1,1,1,0,1,70,,2,1,0,0,1,16.0,43.0,,,1,1,2,1,3
202100015049,2021-10-05 22:00:00,2021,10,5,22,0,44,44109,PLACE SOPHIE TREBUCHET,47.2206,-1.54572,Nuit avec éclairage allumé,En agglomération,Hors intersection,Normale,Deux véhicules - côté,4,2,2,0,1,1,1,0,1,30,,3,1,0,0,2,,21.0,,,5,2,1,1,3
202100015050,2021-10-05 10:30:00,2021,10,5,10,30,44,44143,AVENUE DU MARECHAL DE LATTRE DE TASSIGNY,47.19294,-1.57052,Plein jour,En agglomération,Hors intersection,Temps éblouissant,Autre collision,4,3,2,2,1,1,1,0,1,50,,2,1,0,0,1,53.0,,,,1,2,1,7,6
202100015051,2021-10-05 10:45:00,2021,10,5,10,45,44,44162,RUE DU 16 SEPTEMBRE,47.2084,-1.64801,Plein jour,En agglomération,Hors intersection,Temps éblouissant,Autre collision,4,2,0,0,1,1,1,0,1,50,,2,1,0,1,0,25.0,,,,1,2,1,7,6
202100015052,2021-10-04 15:10:00,2021,10,4,15,10,43,43157,14 Boulevard de Cluny,45.04883,3.89176,Plein jour,En agglomération,Hors intersection,Normale,Deux véhicules - côté,3,2,2,0,1,1,1,0,1,50,,2,1,0,0,1,19.0,59.0,,,1,2,1,1,3
202100015053,2021-10-04 17:40:00,2021,10,4,17,40,41,41295,RD 956,47.5694,1.37048,Plein jour,Hors agglomération,Hors intersection,Normale,Trois véhicules et plus - en chaîne,3,3,4,0,1,1,1,0,1,90,,6,3,0,0,3,48.0,42.0,,,1,1,1,1,4
202100015054,2021-10-02 18:42:00,2021,10,2,18,42,41,41212,RD 956,47.57466,1.35316,Nuit avec éclairage allumé,En agglomération,Hors intersection,Pluie légère,Trois véhicules et plus - en chaîne,4,2,4,0,1,1,2,2,1,70,,5,1,0,0,4,55.0,29.0,,,5,2,1,2,4
202100015055,2021-10-04 07:40:00,2021,10,4,7,40,38,38185,IRVOY (RUE)            13 A FIN,45.1811,5.7138,Nuit avec éclairage allumé,En agglomération,Autre intersection,Pluie forte,Deux véhicules - côté,7,-1,2,0,1,2,2,1,1,50,,2,1,0,0,1,57.0,,,,5,2,9,3,3
202100015056,2021-10-05 07:40:00,2021,10,5,7,40,37,37261,PAILHOU (PLACE GASTON),47.3909392634,0.6817755016,Crépuscule ou aube,En agglomération,Hors intersection,Pluie légère,Sans collision,4,2,2,1,1,1,2,6,1,30,,1,0,0,0,1,28.0,,,,2,2,1,2,7
202100015057,2021-10-04 10:28:00,2021,10,4,10,28,37,37261,DE GAULLE (AVENUE DU GENERAL),47.3810792016,0.7007918888,Plein jour,En agglomération,Hors intersection,Normale,Autre collision,4,2,2,0,1,1,1,0,1,50,,2,1,0,1,0,61.0,,,,1,2,1,1,6
202100015058,2021-10-03 19:45:00,2021,10,3,19,45,37,37233,ATELIERS (RUE DES),47.385538,0.712369,Crépuscule ou aube,En agglomération,Hors intersection,Normale,Deux véhicules - arrière,4,2,3,0,1,1,1,0,1,50,,2,1,0,0,1,55.0,28.0,,,2,2,1,1,2
202100015059,2021-10-03 12:40:00,2021,10,3,12,40,37,37261,ALOUETTE (AVENUE),47.3625860282,0.6959813382,Plein jour,En agglomération,Hors intersection,Pluie légère,Sans collision,4,2,2,0,2,3,2,0,1,50,,1,0,0,0,1,24.0,,,,1,2,1,2,7
202100015060,2021-10-01 12:30:00,2021,10,1,12,30,35,35241,La Ville Biais (rue de ),48.61477,-2.0571,Plein jour,En agglomération,Hors intersection,Pluie forte,Autre collision,6,-1,0,0,1,1,2,0,8,20,,2,1,0,1,0,51.0,,,,1,2,1,3,6
202100015061,2021-10-05 17:50:00,2021,10,5,17,50,35,35051,RN157,48.114382,-1.577173,Plein jour,Hors agglomération,Hors intersection,Normale,Trois véhicules et plus - en chaîne,2,3,4,0,1,1,1,3,1,90,,4,2,0,0,2,47.0,23.0,,,1,1,1,1,4
202100015062,2021-10-05 16:45:00,2021,10,5,16,45,35,35055,BERRY (RUE DE),48.090722,-1.619869,Plein jour,En agglomération,Hors intersection,Normale,Deux véhicules - frontale,4,3,2,0,1,1,1,0,1,30,,2,1,0,0,1,47.0,34.0,,,1,2,1,1,1
202100015063,2021-10-05 08:50:00,2021,10,5,8,50,35,35238,DUNANT (HENRY),48.13043,-1.6589,Plein jour,En agglomération,Hors intersection,Normale,Autre collision,4,1,1,0,1,2,2,0,1,50,,2,1,0,0,1,28.0,,,,1,2,1,1,6
202100015064,2021-10-04 08:45:00,2021,10,4,8,45,35,35238,BREST (DE),48.11253,-1.69197,Plein jour,En agglomération,Intersection en X,Normale,Deux véhicules - côté,4,1,2,1,1,1,1,2,5,50,,2,1,0,0,1,38.0,39.0,,,1,2,2,1,3
202100015065,2021-10-04 06:40:00,2021,10,4,6,40,35,35051,RN136,48.106313,-1.599941,Nuit sans éclairage public,Hors agglomération,Hors intersection,Normale,Deux véhicules - arrière,2,3,4,0,1,1,1,0,1,90,,2,1,0,0,1,31.0,53.0,,,3,1,1,1,2
202100015066,2021-09-14 15:15:00,2021,9,14,15,15,35,35115,CANROBERT (RUE),48.350972,-1.191228,Plein jour,En agglomération,Intersection en X,Normale,Autre collision,4,2,2,0,1,1,1,0,1,30,,2,1,0,0,1,76.0,60.0,,,1,2,2,1,6
202100015067,2021-10-05 19:20:00,2021,10,5,19,20,34,34172,DUNANT (RUE HENRI),43.62682,3.86934,Plein jour,En agglomération,Hors intersection,Normale,Deux véhicules - côté,4,2,4,3,1,1,1,9,6,30,,2,1,0,1,0,36.0,32.0,,,1,2,1,1,3
202100015068,2021-10-01 13:45:00,2021,10,1,13,45,34,34032,Route de Narbonne,43.33469,3.19783,Plein jour,Hors agglomération,Hors intersection,Normale,Deux véhicules - côté,3,2,3,0,1,1,1,0,1,90,,2,1,0,1,0,74.0,20.0,,,1,1,1,1,3
202100015069,2021-10-05 21:20:00,2021,10,5,21,20,33,33063,Rue Blanqui,44.87359,-0.54934,Nuit avec éclairage allumé,En agglomération,Intersection en X,Normale,Deux véhicules - côté,4,2,2,0,1,1,2,5,1,50,,3,2,0,0,1,53.0,29.0,,,5,2,2,1,3
202100015070,2021-10-04 18:35:00,2021,10,4,18,35,33,33063,AVE DU MAL DE LATTRE DE TASSIGNY CAUD.,44.85883,-0.628,Plein jour,En agglomération,Intersection en T,Normale,Deux véhicules - côté,4,2,3,2,1,1,1,0,1,50,,2,1,0,0,1,20.0,36.0,,,1,2,3,1,3
202100015071,2021-10-04 18:00:00,2021,10,4,18,0,33,33281,AVE JEAN PERRIN,44.83843,-0.670561,Plein jour,En agglomération,Hors intersection,Normale,Autre collision,4,2,2,0,1,1,1,0,1,50,,2,1,0,0,1,60.0,44.0,,,1,2,1,1,6
202100015072,2021-09-28 09:15:00,2021,9,28,9,15,33,33063,CRS BALGUERIE STUTTENBERG,44.86327,-0.55984,Plein jour,En agglomération,Intersection en X,Normale,Deux véhicules - côté,4,1,1,0,1,1,1,0,1,50,,2,0,0,0,2,66.0,21.0,,,1,2,2,1,3
202100015073,2021-10-05 11:45:00,2021,10,5,11,45,31,31555,RUE PAULE RAYMONDIS,43.638435,1.482087,Plein jour,En agglomération,Giratoire,Pluie légère,Deux véhicules - côté,4,2,2,0,1,3,2,0,1,50,,2,1,0,0,1,78.0,21.0,,,1,2,6,2,3
202100015074,2021-10-04 07:20:00,2021,10,4,7,20,31,31557,AV JEAN JAURES,43.5885,1.35902,Plein jour,En agglomération,Hors intersection,Normale,Autre collision,7,2,4,1,1,1,1,5,1,50,,2,1,0,0,1,56.0,,,,1,2,1,1,6
202100015075,2021-09-22 12:45:00,2021,9,22,12,45,30,30189,MAS DE CHEYLON,43.813,4.3286,Plein jour,En agglomération,Hors intersection,Normale,Autre collision,3,1,2,0,1,1,1,0,1,50,,1,0,0,0,1,90.0,,,,1,2,1,1,6
202100015076,2021-10-05 15:10:00,2021,10,5,15,10,30,30243,CAMPELLO (AVENUE DE),44.08122,4.0707,Plein jour,En agglomération,Intersection en X,Normale,Deux véhicules - côté,3,2,2,0,1,1,1,0,1,50,,2,0,0,0,2,36.0,20.0,,,1,2,2,1,3
202100015077,2021-10-04 08:50:00,2021,10,4,8,50,29,29232,Hent Glaz,47.99746,-4.08397,Plein jour,En agglomération,Hors intersection,Normale,Deux véhicules - arrière,4,2,2,0,1,2,2,0,1,50,,3,2,0,0,1,58.0,48.0,,,1,2,1,1,2
202100015078,2021-10-05 12:30:00,2021,10,5,12,30,26,26362,14 Rue Barthélémy de Laffemas,44.91907,4.91713,Plein jour,En agglomération,Autre intersection,Normale,Autre collision,4,2,2,0,1,1,1,0,1,20,,2,1,0,1,0,46.0,,,,1,2,9,1,6
202100015079,2021-10-02 19:25:00,2021,10,2,19,25,21,21231,EDGAR QUINET (RUE),47.32689,5.05974,Nuit avec éclairage allumé,En agglomération,Intersection en T,Normale,Deux véhicules - côté,4,2,2,0,2,1,1,0,1,50,,4,2,0,2,0,25.0,82.0,,,5,2,3,1,3
202100015080,2021-10-05 17:57:00,2021,10,5,17,57,17,17300,REPUBLIQUE   BOULEVARD DE LA,46.13952,-1.15544,Plein jour,En agglomération,Hors intersection,Temps couvert,Sans collision,4,2,2,3,2,2,1,0,6,30,,1,0,0,0,1,21.0,,,,1,2,1,8,7
202100015081,2021-10-05 07:55:00,2021,10,5,7,55,14,14366,ROSE HAREL (RUE),49.14248,0.22273,Crépuscule ou aube,En agglomération,Hors intersection,Pluie forte,Autre collision,4,3,1,0,1,1,2,0,1,50,,2,1,0,0,1,79.0,,,,2,2,1,3,6
202100015082,2021-10-02 18:05:00,2021,10,2,18,5,14,14069,La Val Barree,49.11927,0.24781,Plein jour,En agglomération,Hors intersection,Pluie forte,Sans collision,4,2,2,0,1,4,2,0,1,30,,3,1,0,1,1,40.0,,,,1,2,1,3,7
202100015083,2021-10-01 19:00:00,2021,10,1,19,0,13,13056,TURCAN FRANCIS,43.41182,5.04428,Plein jour,En agglomération,Hors intersection,Normale,Trois véhicules et plus - en chaîne,7,3,4,0,1,1,1,0,1,50,,3,2,0,0,1,84.0,55.0,,,1,2,1,1,4
202100015084,2021-10-05 18:30:00,2021,10,5,18,30,13,13209,MARÉCHAL DE LATTRE (AVENUE),43.24549,5.4115,Plein jour,En agglomération,Hors intersection,Normale,Autre collision,7,2,3,3,1,1,1,0,6,50,,2,1,0,1,0,15.0,,,,1,2,1,1,6
202100015085,2021-10-05 19:15:00,2021,10,5,19,15,13,13210,ELIE WIESEL (BD),43.2723692953,5.4228145095,Crépuscule ou aube,En agglomération,Hors intersection,Normale,Deux véhicules - côté,4,2,6,3,1,1,1,0,1,50,,2,1,0,1,0,34.0,19.0,,,2,2,1,1,3
202100015086,2021-10-05 07:00:00,2021,10,5,7,0,13,13208,ALEX DELABRE (BOULEVARD),43.2147810688,5.3486120365,Crépuscule ou aube,Hors agglomération,Hors intersection,Normale,Autre collision,4,2,2,0,1,4,1,0,1,50,,4,1,0,2,1,28.0,,,,2,1,1,1,6
202100015087,2021-10-04 21:40:00,2021,10,4,21,40,13,13209,MARÉCHAL DE LATTRE (AVENUE),43.24783,5.40652,Nuit avec éclairage allumé,En agglomération,Hors intersection,Normale,Autre collision,7,2,2,0,1,1,2,0,1,50,,1,0,0,0,1,22.0,,,,5,2,1,1,6
202100015088,2021-10-03 21:30:00,2021,10,3,21,30,13,13028,ROND-POINT DES ARMENIENS,43.18,5.59,Nuit avec éclairage allumé,En agglomération,Giratoire,Pluie légère,Deux véhicules - côté,7,1,1,0,2,1,2,5,1,50,,3,1,0,0,2,27.0,62.0,,,5,2,6,2,3
202100015089,2021-09-28 09:00:00,2021,9,28,9,0,13,13005,VERDUN (AVENUE DE),43.28817,5.57492,Plein jour,En agglomération,Hors intersection,Normale,Deux véhicules - arrière,7,2,2,0,1,1,1,0,1,50,,2,1,0,0,1,22.0,43.0,,,1,2,1,1,2
202100015090,2021-09-30 16:35:00,2021,9,30,16,35,12,12089,14 Rue Gambetta,44.5606102133,2.2501348704,Plein jour,En agglomération,Hors intersection,Normale,Deux véhicules - frontale,3,2,2,0,1,1,1,0,1,30,,2,1,0,0,1,37.0,14.0,,,1,2,1,1,1
202100015091,2021-10-02 11:30:00,2021,10,2,11,30,11,11262,SOURCE (AVENUE DE ST JEAN DE LA),43.18765,2.98046,Plein jour,En agglomération,Autre intersection,Normale,Autre collision,4,2,2,0,1,1,1,0,1,50,,2,1,0,0,1,76.0,92.0,,,1,2,9,1,6
202100015092,2021-10-01 17:00:00,2021,10,1,17,0,11,11262,FRANCE (AVENUE ANATOLE),43.18968,2.98532,Plein jour,En agglomération,Hors intersection,Normale,Autre collision,4,2,2,0,1,1,1,0,1,50,,2,1,0,0,1,81.0,19.0,,,1,2,1,1,6
202100015093,2021-10-03 02:00:00,2021,10,3,2,0,11,11069,RD 6113,43.2059,2.39367,Nuit sans éclairage public,Hors agglomération,Hors intersection,Normale,Autre collision,3,3,3,0,1,2,1,8,1,50,,1,0,0,0,1,60.0,,,,3,1,1,1,6
202100015094,2021-10-05 09:05:00,2021,10,5,9,5,07,07281,JUIN (RUE MARECHAL),44.9496822837,4.8470445774,Plein jour,En agglomération,Intersection en X,Temps couvert,Deux véhicules - côté,4,1,1,0,1,1,2,0,1,50,,2,1,0,0,1,39.0,52.0,,,1,2,2,8,3
202100015095,2021-10-05 15:10:00,2021,10,5,15,10,06,06027,BOULEAUX ALLEE DES,43.653382,7.154107,Plein jour,En agglomération,Hors intersection,Normale,Deux véhicules - côté,4,1,1,1,1,1,1,0,1,50,,2,1,0,0,1,75.0,75.0,,,1,2,1,1,3
202100015096,2021-10-01 13:25:00,2021,10,1,13,25,05,05061,RN 94,44.57325,6.10888,Plein jour,En agglomération,Hors intersection,Normale,Deux véhicules - côté,2,2,2,0,1,1,1,0,1,50,,2,1,0,1,0,40.0,37.0,,,1,2,1,1,3
202100015097,2021-10-04 09:50:00,2021,10,4,9,50,05,05023,DE GAULLE (AVENUE DU GENERAL),44.89564,6.63285,Plein jour,En agglomération,Giratoire,Pluie forte,Autre collision,3,2,2,0,1,1,2,0,1,50,,2,1,0,0,1,91.0,,,,1,2,6,3,6
202100015098,2021-10-05 06:30:00,2021,10,5,6,30,04,04112,RD 907,43.8421,5.75135,Nuit sans éclairage public,Hors agglomération,Hors intersection,Temps couvert,Deux véhicules - frontale,3,2,2,0,2,3,2,0,1,80,,2,0,0,1,1,29.0,59.0,,,3,1,1,8,1
202100015099,2021-10-05 13:00:00,2021,10,5,13,0,03,03321,BRIAND (RUE ARISTIDE),46.55939,3.34458,Plein jour,En agglomération,Hors intersection,Pluie forte,Autre collision,4,2,1,0,1,3,2,0,1,50,,2,1,0,1,0,57.0,,,,1,2,1,3,6
202100015100,2021-10-05 20:30:00,2021,10,5,20,30,01,01053,,46.2278128614,5.2339406312,Nuit sans éclairage public,Hors agglomération,Autre intersection,Pluie légère,Autre collision,9,2,1,0,2,1,2,0,1,30,,1,0,0,0,1,52.0,,,,3,1,9,2,6
202100015101,2021-10-05 19:00:00,2021,10,5,19,0,75,75116,PORTE DAUPHINE,48.873578,2.275295,Nuit avec éclairage allumé,En agglomération,Intersection en Y,Pluie légère,Sans collision,4,1,4,0,1,1,2,0,1,70,,1,0,0,0,1,50.0,,,,5,2,4,2,7
202100015102,2021-10-05 17:40:00,2021,10,5,17,40,75,75117,PORTE DE CLICHY,48.895031,2.306589,Plein jour,En agglomération,Hors intersection,Temps couvert,Trois véhicules et plus - collisions multiples,4,1,4,0,1,1,1,0,1,70,,3,2,0,0,1,28.0,54.0,,,1,2,1,8,5
202100015103,2021-10-05 14:20:00,2021,10,5,14,20,75,75116,PORTE MAILLOT,48.876429,2.278361,Plein jour,En agglomération,Hors intersection,Normale,Deux véhicules - arrière,4,1,4,0,1,1,2,0,1,70,,3,2,0,0,1,31.0,36.0,,,1,2,1,1,2
202100015104,2021-10-04 06:52:00,2021,10,4,6,52,75,75116,ECHANGEUR MUETTE,48.862014,2.264393,Nuit avec éclairage allumé,En agglomération,Hors intersection,Normale,Deux véhicules - arrière,4,1,4,0,1,1,1,0,1,70,,2,1,0,0,1,47.0,27.0,,,5,2,1,1,2
202100015105,2021-10-05 00:10:00,2021,10,5,0,10,75,75119,AVENUE DE FLANDRE,48.888386,2.374138,Nuit avec éclairage allumé,En agglomération,Intersection en X,Temps couvert,Deux véhicules - arrière,4,2,4,1,1,1,1,0,1,30,,6,0,0,0,6,39.0,41.0,,,5,2,2,8,2
202100015106,2021-10-05 18:35:00,2021,10,5,18,35,75,75120,AVENUE GAMBETTA,48.871724,2.404377,Plein jour,En agglomération,Intersection à plus de 4 branches,Pluie légère,Deux véhicules - côté,4,2,1,0,2,1,2,0,1,30,,2,1,0,0,1,40.0,18.0,,,1,2,5,2,3
202100015107,2021-10-05 07:30:00,2021,10,5,7,30,75,75120,PORTE DE MONTREUIL,48.854361,2.41306,Plein jour,En agglomération,Place,Temps couvert,Deux véhicules - côté,4,1,2,1,1,1,1,5,5,30,,2,1,0,0,1,49.0,23.0,,,1,2,7,8,3
202100015108,2021-10-05 20:09:00,2021,10,5,20,9,75,75118,BOULEVARD ORNANO,48.894625,2.347148,Nuit avec éclairage allumé,En agglomération,Intersection en X,Pluie légère,Deux véhicules - côté,4,2,5,1,1,1,2,0,1,30,,2,1,0,0,1,48.0,36.0,,,5,2,2,2,3
202100015109,2021-10-05 17:25:00,2021,10,5,17,25,75,75118,RUE DOUDEAUVILLE,48.888987,2.359102,Plein jour,En agglomération,Hors intersection,Normale,Autre collision,4,1,1,2,1,1,2,0,1,30,,2,1,0,0,1,47.0,,,,1,2,1,1,6
202100015110,2021-10-05 10:40:00,2021,10,5,10,40,75,75117,AVENUE DE WAGRAM,48.87841,2.298397,Plein jour,En agglomération,Place,Pluie légère,Sans collision,4,2,2,0,1,1,2,0,1,30,,1,0,0,0,1,46.0,,,,1,2,7,2,7
202100015111,2021-10-05 09:50:00,2021,10,5,9,50,75,75116,RUE LE MAROIS,48.839491,2.262515,Plein jour,En agglomération,Intersection en Y,Pluie forte,Autre collision,4,1,1,0,1,1,2,0,1,30,,2,1,0,0,1,28.0,,,,1,2,4,3,6
202100015112,2021-10-05 07:10:00,2021,10,5,7,10,75,75113,QUAI FRANCOIS MAURIAC,48.832235,2.379778,Crépuscule ou aube,En agglomération,Intersection en X,Normale,Deux véhicules - côté,4,2,4,1,1,1,1,5,5,30,,2,1,0,0,1,58.0,21.0,,,2,2,2,1,3
202100015113,2021-10-05 13:00:00,2021,10,5,13,0,75,75112,COURS DES MARECHAUX,48.842484,2.439077,Plein jour,En agglomération,Intersection en X,Normale,Deux véhicules - côté,4,1,1,0,1,1,2,0,1,30,,2,1,0,0,1,41.0,58.0,,,1,2,2,1,3
202100015114,2021-10-05 09:15:00,2021,10,5,9,15,75,75111,RUE DE MONTREUIL,48.850412,2.391922,Plein jour,En agglomération,Intersection en T,Pluie forte,Deux véhicules - côté,4,1,0,0,2,1,2,0,1,30,,2,1,0,0,1,45.0,33.0,,,1,2,3,3,3
202100015115,2021-10-05 11:20:00,2021,10,5,11,20,75,75108,AVENUE DE WAGRAM,48.877206,2.297532,Plein jour,En agglomération,Hors intersection,Pluie forte,Autre collision,4,1,2,1,2,1,2,0,5,30,,2,0,0,0,2,16.0,,,,1,2,1,3,6
202100015116,2021-10-03 14:10:00,2021,10,3,14,10,75,75108,AVENUE MONTAIGNE,48.865858,2.304002,Plein jour,En agglomération,Intersection en T,Pluie légère,Deux véhicules - côté,4,2,4,3,1,1,2,0,1,30,,2,1,0,0,1,21.0,58.0,,,1,2,3,2,3
202100015117,2021-10-05 09:50:00,2021,10,5,9,50,75,75107,QUAI D ORSAY,48.862457,2.305405,Plein jour,En agglomération,Intersection en T,Pluie forte,Deux véhicules - arrière,4,2,3,1,1,1,2,0,1,30,,2,1,0,0,1,29.0,29.0,,,1,2,3,3,2
202100015118,2021-10-05 20:30:00,2021,10,5,20,30,75,75101,QUAI DES TUILERIES,48.862443,2.325168,Nuit avec éclairage allumé,En agglomération,Hors intersection,Pluie légère,Autre collision,4,1,3,3,1,1,2,0,1,30,,2,1,0,0,1,26.0,,,,5,2,1,2,6
202100015119,2021-10-05 18:50:00,2021,10,5,18,50,75,75104,RUE VIEILLE DU TEMPLE,48.858449,2.358485,Crépuscule ou aube,En agglomération,Intersection en T,Pluie légère,Sans collision,4,1,0,0,1,1,2,0,1,30,,1,0,0,0,1,40.0,,,,2,2,3,2,7
202100015120,2021-10-05 13:30:00,2021,10,5,13,30,75,75103,RUE DES QUATRE FILS,48.860455,2.359718,Plein jour,En agglomération,Intersection en T,Temps couvert,Deux véhicules - côté,4,1,1,0,1,1,2,0,1,30,,3,2,0,0,1,36.0,65.0,,,1,2,3,8,3
202100015121,2021-10-05 13:10:00,2021,10,5,13,10,94,94067,GENERAL DE GAULLE (AV DU),48.8404402284,2.4176230429,Plein jour,En agglomération,Hors intersection,Normale,Autre collision,3,2,2,0,1,1,2,0,1,50,,2,1,0,0,1,46.0,,,,1,2,1,1,6
202100015122,2021-10-04 23:30:00,2021,10,4,23,30,94,94046,JEAN JAURES (R),48.79246,2.43455,Nuit avec éclairage allumé,En agglomération,Hors intersection,Normale,Deux véhicules - côté,3,2,4,0,1,1,1,0,1,50,,2,1,0,0,1,24.0,19.0,,,5,2,1,1,3
202100015123,2021-10-05 08:55:00,2021,10,5,8,55,94,94076,Rue Edouard Tremblay,48.779909,2.368728,Plein jour,En agglomération,Hors intersection,Pluie forte,Deux véhicules - frontale,4,2,0,0,1,1,2,0,1,50,,2,1,0,0,1,42.0,30.0,,,1,2,1,3,1
202100015124,2021-10-02 07:05:00,2021,10,2,7,5,94,94073,GEORGES HALGOULT (R),48.76169,2.40046,Crépuscule ou aube,En agglomération,Hors intersection,Normale,Autre collision,3,1,2,0,1,1,1,0,1,50,,1,0,0,0,1,22.0,,,,2,2,1,1,6
202100015125,2021-10-01 02:20:00,2021,10,1,2,20,94,94073,RN 186,48.75349,2.37678,Nuit sans éclairage public,Hors agglomération,Hors intersection,Normale,Autre collision,2,1,2,0,1,1,1,0,1,70,,2,1,0,1,0,26.0,41.0,,,3,1,1,1,6
202100015126,2021-10-05 07:50:00,2021,10,5,7,50,94,94021,Rue du Pont des Halles,48.76003,2.34533,Crépuscule ou aube,En agglomération,Autre intersection,Pluie légère,Deux véhicules - côté,4,2,2,0,1,1,2,0,1,50,,2,1,0,0,1,34.0,40.0,,,2,2,9,2,3
202100015127,2021-10-05 19:20:00,2021,10,5,19,20,94,94071,GENERAL LECLERC (R DU),48.77741,2.51156,Crépuscule ou aube,En agglomération,Hors intersection,Normale,Deux véhicules - côté,3,2,2,0,1,1,2,0,1,50,,2,1,0,1,0,62.0,40.0,,,2,2,1,1,3