accident_id,datetime,annee,mois,jour,heure,minute,departement,commune_insee,adresse,latitude,longitude,luminosite,agglomeration,intersection,meteo,collision,catr,circ,nbv,vosp,prof,plan,surf,infra,situ,vma,nb_vehicules,nb_usagers,nb_indemnes,nb_tues,nb_blesses_hosp,nb_blesses_legers,age_cond_1,age_cond_2,veh_type_cond_1,veh_type_cond_2,lum_code,agg_code,int_code,atm_code,col_code
202100015128,2021-09-22 07:40:00,2021,9,22,7,40,94,94070,Route de Paris,48.72171,2.56302,Plein jour,Hors agglomération,Hors intersection,Normale,Deux véhicules - côté,2,-1,1,0,1,1,1,0,1,50,,3,0,0,2,1,29.0,21.0,,,1,1,1,1,3
202100015129,2021-10-01 22:40:00,2021,10,1,22,40,94,94011,BOISSY (RTE DE),48.7651284185,2.4915361404,Nuit avec éclairage allumé,Hors agglomération,Hors intersection,Pluie légère,Deux véhicules - arrière,3,1,2,0,1,1,2,0,1,50,,2,0,0,0,2,22.0,42.0,,,5,1,1,2,2
202100015130,2021-10-05 07:10:00,2021,10,5,7,10,94,94071,Rue de Paris,48.77419,2.50858,Nuit avec éclairage allumé,En agglomération,Hors intersection,Normale,Autre collision,3,2,2,0,3,1,1,2,1,50,,2,1,0,0,1,77.0,,,,5,2,1,1,6
202100015131,2021-10-05 17:00:00,2021,10,5,17,0,93,93059,ELYSEE RECLUS (AVENUE) N° 23 AU 217,48.95236,2.358,Plein jour,En agglomération,Intersection en T,Normale,Deux véhicules - côté,3,1,2,0,1,1,1,0,1,50,,2,1,0,0,1,33.0,28.0,,,1,2,3,1,3
202100015132,2021-10-05 15:30:00,2021,10,5,15,30,93,93066,Rue du Landy / Rue de la Procession,48.915426,2.362984,Plein jour,En agglomération,Intersection en T,Normale,Autre collision,4,2,2,0,1,1,1,0,1,50,,2,1,0,0,1,76.0,,,,1,2,3,1,6
202100015133,2021-10-04 08:30:00,2021,10,4,8,30,93,93066,Avenue Jean Moulin / Rue Guy Moquet,48.94089,2.36388,Plein jour,En agglomération,Intersection en T,Normale,Deux véhicules - côté,4,2,2,1,1,1,1,0,1,50,,2,1,0,0,1,25.0,26.0,,,1,2,3,1,3
202100015134,2021-10-05 14:50:00,2021,10,5,14,50,93,93006,Boulevard Galliéni,48.85926,2.414907,Plein jour,En agglomération,Autre intersection,Pluie légère,Deux véhicules - côté,3,2,2,0,1,1,2,0,6,50,,3,2,0,0,1,35.0,31.0,,,1,2,9,2,3
202100015135,2021-10-05 21:45:00,2021,10,5,21,45,93,93005,Boulevard André Citroën,48.956024,2.480609,Nuit avec éclairage allumé,En agglomération,Giratoire,Pluie légère,Deux véhicules - côté,3,1,3,0,1,1,2,0,1,50,,2,1,0,0,1,21.0,,,,5,2,6,2,3
202100015136,2021-10-05 11:45:00,2021,10,5,11,45,93,93005,Avenue Jules Jouy / Avenue Lelièvre,48.92648,2.49407,Plein jour,En agglomération,Intersection en X,Pluie forte,Deux véhicules - côté,4,2,2,0,1,1,2,0,1,50,,2,0,0,0,1,,63.0,,,1,2,2,3,3
202100015137,2021-10-05 12:30:00,2021,10,5,12,30,93,93005,Rue Louise Michel,48.931694,2.501664,Plein jour,En agglomération,Hors intersection,Pluie légère,Deux véhicules - côté,4,2,2,0,1,1,2,0,4,50,,2,1,0,0,1,34.0,54.0,,,1,2,1,2,3
202100015138,2021-10-05 09:40:00,2021,10,5,9,40,92,92046,TOUR (RUE DE LA),48.82272,2.3044,Plein jour,En agglomération,Hors intersection,Pluie forte,Sans collision,4,2,2,2,1,1,2,0,3,50,,1,0,0,0,1,46.0,,,,1,2,1,3,7
202100015139,2021-10-02 13:30:00,2021,10,2,13,30,92,92063,RICHELIEU (BOULEVARD),48.870571816,2.1842300892,Plein jour,En agglomération,Intersection en T,Normale,Deux véhicules - côté,3,2,2,0,1,1,1,0,1,50,,2,1,0,1,0,17.0,35.0,,,1,2,3,1,3
202100015140,2021-10-05 17:30:00,2021,10,5,17,30,92,92050,SURESNES RUE DE,48.8844598514,2.213947013,Plein jour,En agglomération,Intersection en X,Temps couvert,Deux véhicules - côté,4,2,2,0,2,1,2,0,1,30,,2,1,0,0,1,21.0,62.0,,,1,2,2,8,3
202100015141,2021-10-04 21:20:00,2021,10,4,21,20,92,92050,PROVINCES FRANCAISES BD DES,48.9001843283,2.2143191099,Nuit avec éclairage allumé,En agglomération,Autre intersection,Normale,Autre collision,4,2,4,0,1,2,1,9,1,50,,2,1,0,0,1,32.0,,,,5,2,9,1,6
202100015142,2021-10-04 16:51:00,2021,10,4,16,51,92,92050,PICASSO PABLO AVENUE,48.8892605697,2.229564786,Plein jour,En agglomération,Hors intersection,Normale,Deux véhicules - côté,4,2,2,1,2,1,1,9,5,50,,2,1,0,0,1,44.0,41.0,,,1,2,1,1,3
202100015143,2021-10-05 12:55:00,2021,10,5,12,55,92,92040,ROUGET DE L'ISLE,48.82838,2.26586,Plein jour,En agglomération,Hors intersection,Normale,Deux véhicules - côté,3,2,4,0,1,1,1,0,1,30,,2,1,0,0,1,28.0,17.0,,,1,2,1,1,3
202100015144,2021-10-01 16:40:00,2021,10,1,16,40,92,92036,GENERAL DE GAULLE (AVENUE) (PAIRS),48.9344869782,2.3196011782,Plein jour,En agglomération,Giratoire,Normale,Deux véhicules - arrière,3,1,3,0,1,2,1,0,1,50,,2,1,0,0,1,44.0,36.0,,,1,2,6,1,2
202100015145,2021-10-04 10:15:00,2021,10,4,10,15,92,92025,COLBERT  115 A 131   104 A 124 (RUE),48.914738377,2.2337367609,Plein jour,En agglomération,Autre intersection,Normale,Deux véhicules - côté,4,1,1,0,1,1,1,0,1,50,,3,1,0,0,2,30.0,26.0,,,1,2,9,1,3
202100015146,2021-10-05 17:00:00,2021,10,5,17,0,92,92024,GENERAL ROGUET (RUE DU) DE (1 A 57)   (2,48.9071754921,2.3129360903,Plein jour,En agglomération,Intersection en Y,Normale,Deux véhicules - arrière,4,2,1,0,1,1,1,0,1,50,,2,1,0,0,1,60.0,20.0,,,1,2,4,1,2
202100015147,2021-09-30 13:55:00,2021,9,30,13,55,37,37119,La boucherie,47.1256878336,0.4286337644,Plein jour,En agglomération,Hors intersection,Normale,Deux véhicules - frontale,4,2,2,0,1,3,1,0,1,50,,2,1,0,1,0,30.0,21.0,,,1,2,1,1,1
202100015148,2021-10-06 16:00:00,2021,10,6,16,0,54,54563,Rue de la Liberation,48.4887308766,6.0795110472,Plein jour,En agglomération,Intersection en X,Pluie légère,Deux véhicules - frontale,3,2,2,0,1,1,2,0,1,50,,2,1,0,0,1,53.0,22.0,,,1,2,2,2,1
202100015149,2021-09-25 09:35:00,2021,9,25,9,35,38,38238,Route des Cerisiers,45.493347,5.046756,Plein jour,Hors agglomération,Intersection en X,Normale,Deux véhicules - côté,3,2,2,0,1,1,1,0,1,80,,2,1,0,1,0,23.0,29.0,,,1,1,2,1,3
202100015150,2021-09-29 19:10:00,2021,9,29,19,10,22,22105,route départementale 44,48.506682,-2.136412,Crépuscule ou aube,Hors agglomération,Hors intersection,Normale,Sans collision,3,-1,1,0,1,2,1,0,3,80,,1,0,0,0,1,19.0,,,,2,1,1,1,7
202100015151,2021-10-06 05:00:00,2021,10,6,5,0,95,95058,Route de Clermont,49.1586344765,2.2876372933,Nuit sans éclairage public,Hors agglomération,Hors intersection,Pluie légère,Deux véhicules - frontale,3,2,2,0,1,3,2,0,1,70,,2,1,0,0,1,28.0,21.0,,,3,1,1,2,1
202100015152,2021-10-06 16:00:00,2021,10,6,16,0,84,84028,D8,44.223291,4.93417,Plein jour,Hors agglomération,Hors intersection,Normale,Sans collision,3,2,2,0,1,1,1,0,3,80,,1,0,1,0,0,68.0,,,,1,1,1,1,7
202100015153,2021-10-06 08:30:00,2021,10,6,8,30,28,28177,D339.7,48.41143,1.51805,Plein jour,Hors agglomération,Hors intersection,Temps éblouissant,Deux véhicules - frontale,3,2,2,0,1,2,1,0,1,80,,2,0,0,1,1,28.0,30.0,,,1,1,1,7,1
202100015154,2021-09-06 08:15:00,2021,9,6,8,15,68,68300,56 Rue de Mulhouse,47.779554,7.364713,Crépuscule ou aube,En agglomération,Giratoire,Normale,Deux véhicules - côté,3,2,2,2,1,1,1,0,5,50,,2,1,0,0,1,38.0,19.0,,,2,2,6,1,3
202100015155,2021-10-02 17:45:00,2021,10,2,17,45,86,86117,D5,46.503721,0.850282,Plein jour,Hors agglomération,Hors intersection,Pluie légère,Sans collision,3,2,2,0,1,1,2,0,3,80,,1,0,0,1,0,65.0,,,,1,1,1,2,7
202100015156,2021-10-05 21:45:00,2021,10,5,21,45,72,72053,Route de Surfonds,47.935004,0.419567,Nuit sans éclairage public,Hors agglomération,Hors intersection,Temps couvert,Autre collision,4,2,2,0,1,2,2,0,3,80,,1,0,0,1,0,43.0,,,,3,1,1,8,6
202100015157,2021-08-24 17:40:00,2021,8,24,17,40,19,19250,Le breuil,45.471259,1.546229,Plein jour,Hors agglomération,Hors intersection,Normale,Sans collision,3,2,2,0,1,2,1,0,3,90,,1,0,0,1,0,24.0,,,,1,1,1,1,7
202100015158,2021-10-06 07:00:00,2021,10,6,7,0,71,71102,D977,46.732602,4.787913,Crépuscule ou aube,Hors agglomération,Hors intersection,Temps couvert,Deux véhicules - frontale,3,2,1,0,1,1,2,0,1,80,,2,1,0,1,0,17.0,67.0,,,2,1,1,8,1
202100015159,2021-10-05 10:45:00,2021,10,5,10,45,44,44128,carrefour de lancé,47.537543,-1.927285,Plein jour,Hors agglomération,Intersection en X,Normale,Deux véhicules - côté,3,2,2,0,2,1,1,5,1,70,,2,1,0,1,0,47.0,77.0,,,1,1,2,1,3
202100015160,2021-10-06 15:00:00,2021,10,6,15,0,44,44099,D178,47.594675,-1.383896,Plein jour,Hors agglomération,Hors intersection,Normale,Deux véhicules - frontale,3,2,2,0,1,1,1,0,1,80,,3,2,1,0,0,59.0,42.0,,,1,1,1,1,1
202100015161,2021-10-06 16:40:00,2021,10,6,16,40,29,29068,D712 - Kerriou,48.521806,-3.963876,Plein jour,Hors agglomération,Intersection en T,Normale,Deux véhicules - côté,3,2,2,0,1,1,1,0,1,80,,2,1,0,1,0,41.0,60.0,,,1,1,3,1,3
202100015162,2021-10-06 14:00:00,2021,10,6,14,0,38,38120,route de Lancey,45.2365115541,5.8946250379,Plein jour,Hors agglomération,Intersection en Y,Normale,Deux véhicules - arrière,3,2,2,0,2,1,2,0,1,80,,3,1,1,0,1,82.0,86.0,,,1,1,4,1,2
202100015163,2021-09-30 20:00:00,2021,9,30,20,0,84,84089,Route de la Bonde,43.727321,5.508716,Crépuscule ou aube,Hors agglomération,Intersection en X,Normale,Deux véhicules - côté,7,2,2,0,2,1,1,0,1,80,,2,1,0,1,0,49.0,40.0,,,2,1,2,1,3
202100015164,2021-10-06 06:35:00,2021,10,6,6,35,72,72112,Départementale 27 PK 9,48.244004,0.25733,Nuit sans éclairage public,Hors agglomération,Hors intersection,Normale,Deux véhicules - arrière,3,3,2,0,1,3,2,0,3,80,,2,1,0,1,0,,42.0,,,3,1,1,1,2
202100015165,2021-10-06 13:30:00,2021,10,6,13,30,72,72042,Lieut-dit le moulin de l'étang,47.979617,0.560582,Plein jour,Hors agglomération,Hors intersection,Normale,Deux véhicules - frontale,3,2,2,0,1,3,9,0,1,80,,5,3,0,0,2,17.0,59.0,,,1,1,1,1,1
202100015166,2021-10-06 07:45:00,2021,10,6,7,45,14,14520,D50 - Route du Coupe Gorge - Lieu dit Gaugy,49.13737,0.11409,Crépuscule ou aube,Hors agglomération,Hors intersection,Pluie légère,Trois véhicules et plus - collisions multiples,3,2,2,0,1,1,2,0,1,70,,4,1,0,0,3,70.0,41.0,,,2,1,1,2,5
202100015167,2021-10-06 07:30:00,2021,10,6,7,30,14,14538,D658,49.10104,-0.3081,Crépuscule ou aube,Hors agglomération,Hors intersection,Normale,Deux véhicules - côté,3,2,2,2,1,1,1,9,1,70,,2,1,0,1,0,56.0,24.0,,,2,1,1,1,3
202100015168,2021-10-06 16:45:00,2021,10,6,16,45,60,60187,,49.441043,1.852612,Plein jour,Hors agglomération,Hors intersection,Normale,Trois véhicules et plus - collisions multiples,2,2,2,0,1,1,1,0,1,90,,4,0,0,4,0,52.0,60.0,,,1,1,1,1,5
202100015169,2021-10-06 11:25:00,2021,10,6,11,25,73,73154,D64,45.668581,6.339433,Plein jour,En agglomération,Hors intersection,Normale,Deux véhicules - frontale,3,2,2,0,2,2,2,0,1,50,,2,1,0,1,0,51.0,16.0,,,1,2,1,1,1
202100015170,2021-10-05 10:45:00,2021,10,5,10,45,40,40266,RD 652,44.091353,-1.231627,Plein jour,Hors agglomération,Hors intersection,Pluie légère,Deux véhicules - arrière,3,2,2,0,1,1,2,0,1,80,,2,0,0,0,2,75.0,51.0,,,1,1,1,2,2
202100015171,2021-10-05 11:10:00,2021,10,5,11,10,24,24547,Avenue Victor Hugo,45.130026,1.299345,Plein jour,En agglomération,Hors intersection,Pluie forte,Autre collision,3,2,2,0,1,1,2,9,1,50,,2,1,0,1,0,71.0,,,,1,2,1,3,6
202100015172,2021-10-06 09:00:00,2021,10,6,9,0,24,24366,Les Filolies,44.890437,1.131186,Plein jour,Hors agglomération,Hors intersection,Normale,Deux véhicules - frontale,3,2,2,0,1,3,2,0,1,80,,3,2,1,0,0,44.0,15.0,,,1,1,1,1,1
202100015173,2021-10-06 14:10:00,2021,10,6,14,10,04,04081,Rte de Quisson,43.731323,5.995027,Plein jour,Hors agglomération,Hors intersection,Normale,Sans collision,4,2,2,0,2,2,1,0,3,80,,1,0,0,0,1,53.0,,,,1,1,1,1,7
202100015174,2021-10-06 12:00:00,2021,10,6,12,0,28,28401,Les Haies d Alleray,48.469158,0.965289,Plein jour,Hors agglomération,Hors intersection,Temps couvert,Deux véhicules - frontale,3,2,2,0,1,3,1,0,1,50,,2,1,0,1,0,49.0,14.0,,,1,1,1,8,1
202100015175,2021-10-05 18:00:00,2021,10,5,18,0,48,48147,N106,44.432543,3.553852,Plein jour,Hors agglomération,Hors intersection,Temps couvert,Deux véhicules - frontale,2,2,2,0,2,4,2,0,1,90,,2,1,0,1,0,52.0,17.0,,,1,1,1,8,1
202100015176,2021-10-06 18:22:00,2021,10,6,18,22,88,88114,Rue de la Gde Duchesse Wladimir,48.1806526625,5.8945512773,Plein jour,En agglomération,Hors intersection,Pluie légère,Autre collision,4,2,2,0,1,1,2,0,1,50,,2,1,0,0,1,52.0,,,,1,2,1,2,6
202100015177,2021-10-05 12:15:00,2021,10,5,12,15,978,97801,RN7 Quartier d'Orléans,18.070145,-63.034594,Plein jour,En agglomération,Hors intersection,Normale,Deux véhicules - frontale,2,2,2,0,1,1,1,0,1,50,,2,0,0,1,1,19.0,32.0,,,1,2,1,1,1
202100015178,2021-09-08 16:55:00,2021,9,8,16,55,69,69244,REPUBLIQUE (DE LA ) (AV),45.763728,4.775915,Plein jour,En agglomération,Hors intersection,Normale,Autre collision,4,2,4,0,1,1,1,0,1,50,,2,1,0,1,0,45.0,,,,1,2,1,1,6
202100015179,2021-10-05 14:00:00,2021,10,5,14,0,18,18063,A71 - PK231+500,46.881902,2.420683,Plein jour,Hors agglomération,Hors intersection,Normale,Autre collision,1,3,4,0,1,2,1,0,3,130,,2,1,0,0,1,71.0,,,,1,1,1,1,6
202100015180,2021-10-03 13:30:00,2021,10,3,13,30,45,45006,Aire de repos du Bois du Télégraphe - Autoroute A71 - PK 110+000 - Sens Province vers PARIS,47.80848,1.854855,Plein jour,Hors agglomération,Hors intersection,Normale,Autre collision,1,1,1,0,1,2,2,9,3,50,,2,0,0,1,1,81.0,,,,1,1,1,1,6
202100015181,2021-10-04 11:20:00,2021,10,4,11,20,27,27580,"A13, PK 124.710 vers CAEN",49.349555,0.899988,Plein jour,Hors agglomération,Hors intersection,Normale,Deux véhicules - arrière,1,1,5,0,1,1,1,0,1,130,,3,2,0,1,0,64.0,83.0,,,1,1,1,1,2
202100015182,2021-10-03 19:40:00,2021,10,3,19,40,77,77219,D216,48.795161,2.953176,Nuit sans éclairage public,Hors agglomération,Hors intersection,Normale,Autre collision,3,2,2,0,1,1,1,0,1,80,,3,2,0,0,1,20.0,80.0,,,3,1,1,1,6
202100015183,2021-10-05 20:10:00,2021,10,5,20,10,77,77327,D619,48.571553,2.999632,Nuit sans éclairage public,Hors agglomération,Hors intersection,Pluie légère,Sans collision,3,2,2,0,1,1,2,0,1,90,,1,0,0,1,0,54.0,,,,3,1,1,2,7
202100015184,2021-10-05 15:05:00,2021,10,5,15,5,91,91577,grand Rue Charles de Gaulle,48.596716,2.492872,Plein jour,En agglomération,Hors intersection,Normale,Sans collision,4,1,1,0,1,1,1,9,1,30,,2,1,0,1,0,51.0,,,,1,2,1,1,7
202100015185,2021-10-06 07:55:00,2021,10,6,7,55,83,83065,RD98A,43.2632752682,6.5803384781,Plein jour,Hors agglomération,Hors intersection,Vent fort / tempête,Deux véhicules - côté,3,2,2,1,1,1,1,0,1,70,,2,1,0,1,0,70.0,14.0,,,1,1,1,6,3
202100015186,2021-10-02 23:57:00,2021,10,2,23,57,69,69270,HENRI VALENCIN (R),45.633561,4.93962,Nuit avec éclairage allumé,En agglomération,Hors intersection,Normale,Sans collision,3,2,2,0,1,4,1,0,3,50,,2,1,0,0,1,22.0,,,,5,2,1,1,7
202100015187,2021-10-04 11:45:00,2021,10,4,11,45,81,81187,Route de Saint-Paul Cap de Joux,43.703149,2.004109,Plein jour,Hors agglomération,Hors intersection,Normale,Deux véhicules - arrière,3,2,2,0,2,3,1,0,1,80,,2,1,0,1,0,33.0,74.0,,,1,1,1,1,2
202100015188,2021-10-05 17:00:00,2021,10,5,17,0,23,23178,Lieu dit Le Logis,45.828336,2.336617,Plein jour,En agglomération,Intersection en X,Temps couvert,Deux véhicules - frontale,3,2,2,0,1,2,2,0,1,70,,3,1,0,2,0,20.0,65.0,,,1,2,2,8,1
202100015189,2021-10-01 14:30:00,2021,10,1,14,30,60,60143,Rond point candellier,49.269054,1.869586,Plein jour,En agglomération,Giratoire,Pluie forte,Sans collision,3,-1,1,0,1,1,2,9,8,50,,2,1,0,0,1,21.0,17.0,,,1,2,6,3,7
202100015190,2021-10-05 14:50:00,2021,10,5,14,50,60,60614,,49.219503,1.840703,Plein jour,Hors agglomération,Intersection en T,Normale,Deux véhicules - côté,3,2,2,0,1,1,2,0,1,80,,2,1,0,0,1,26.0,30.0,,,1,1,3,1,3
202100015191,2021-10-04 11:30:00,2021,10,4,11,30,13,13215,A7-Sens Marseille vers Lyon,43.36885,5.36106,Plein jour,Hors agglomération,Hors intersection,Pluie légère,Deux véhicules - arrière,1,1,3,0,1,1,1,0,1,90,,2,1,0,0,1,50.0,35.0,,,1,1,1,2,2
202100015192,2021-10-04 08:22:00,2021,10,4,8,22,13,13055,A507 sens Marseille - Aubagne,43.30811,5.42507,Plein jour,Hors agglomération,Hors intersection,Pluie légère,Deux véhicules - arrière,1,1,3,0,2,1,2,1,1,70,,2,0,0,0,2,35.0,45.0,,,1,1,1,2,2
202100015193,2021-10-04 14:30:00,2021,10,4,14,30,69,69029,RD383   7.640 A 11.044,45.73888,4.90453,Plein jour,Hors agglomération,Hors intersection,Normale,Deux véhicules - arrière,7,3,8,0,1,1,2,0,1,70,,3,2,0,0,1,71.0,51.0,,,1,1,1,1,2
202100015194,2021-09-25 05:50:00,2021,9,25,5,50,69,69199,RD383   14.250 A 18.000,45.69452,4.84421,Nuit sans éclairage public,Hors agglomération,Autre intersection,Normale,Deux véhicules - côté,7,1,2,0,1,2,1,0,1,50,,2,1,0,0,1,51.0,,,,3,1,9,1,3
202100015195,2021-09-19 04:40:00,2021,9,19,4,40,42,42044,RN88,45.39518,4.33598,Nuit sans éclairage public,Hors agglomération,Hors intersection,Temps couvert,Deux véhicules - arrière,2,3,4,0,2,1,2,3,1,110,,2,1,0,0,1,50.0,,,,3,1,1,8,2
202100015196,2021-10-05 18:20:00,2021,10,5,18,20,33,33192,Rocade Sud Ouest A630 -E16-,44.79016,-0.6089,Plein jour,Hors agglomération,Hors intersection,Normale,Trois véhicules et plus - collisions multiples,1,3,6,0,1,1,1,0,1,90,,3,2,0,1,0,56.0,20.0,,,1,1,1,1,5
202100015197,2021-10-05 16:46:00,2021,10,5,16,46,91,91037,AUTOROUTE A6,48.532918,2.500758,Plein jour,Hors agglomération,Hors intersection,Pluie légère,Deux véhicules - arrière,1,2,6,0,1,1,2,0,1,130,,2,0,0,0,2,24.0,63.0,,,1,1,1,2,2
202100015198,2021-10-05 14:00:00,2021,10,5,14,0,91,91345,AUTOROUTE A6,48.68876,2.32466,Plein jour,Hors agglomération,Hors intersection,Normale,Deux véhicules - arrière,1,1,3,0,1,1,1,0,1,110,,2,1,0,0,1,61.0,58.0,,,1,1,1,1,2
202100015199,2021-10-05 07:50:00,2021,10,5,7,50,91,91687,AUTOROUTE A6,48.664,2.3658,Nuit sans éclairage public,Hors agglomération,Hors intersection,Pluie légère,Deux véhicules - côté,1,1,3,0,1,1,2,0,1,110,,2,1,0,0,1,45.0,21.0,,,3,1,1,2,3
202100015200,2021-10-04 21:26:00,2021,10,4,21,26,91,91661,AUTOROUTE A10,48.68593,2.21482,Nuit sans éclairage public,Hors agglomération,Hors intersection,Normale,Deux véhicules - frontale,1,1,2,0,1,1,1,0,1,110,,2,0,1,1,0,60.0,41.0,,,3,1,1,1,1
202100015201,2021-10-05 18:10:00,2021,10,5,18,10,92,92025,A86,48.9274239062,2.2374158506,Plein jour,Hors agglomération,Hors intersection,Temps couvert,Deux véhicules - côté,1,-1,2,0,2,1,2,2,1,90,,2,1,0,0,1,23.0,47.0,,,1,1,1,8,3
202100015202,2021-10-05 12:35:00,2021,10,5,12,35,78,78640,A86 EXT,48.777181,2.224158,Plein jour,Hors agglomération,Hors intersection,Normale,Trois véhicules et plus - en chaîne,1,3,4,0,1,1,2,0,1,90,,3,2,0,0,1,31.0,57.0,,,1,1,1,1,4
202100015203,2021-10-05 12:35:00,2021,10,5,12,35,92,92047,A13,48.8360747161,2.183497178,Plein jour,Hors agglomération,Hors intersection,Temps couvert,Trois véhicules et plus - en chaîne,1,1,3,0,1,1,2,0,1,90,,4,3,0,0,1,46.0,23.0,,,1,1,1,8,4
202100015204,2021-10-05 09:50:00,2021,10,5,9,50,78,78640,A86 INT,48.7775,2.22023,Plein jour,Hors agglomération,Hors intersection,Pluie forte,Trois véhicules et plus - en chaîne,1,1,3,0,1,1,2,0,1,90,,3,1,0,0,2,31.0,18.0,,,1,1,1,3,4
202100015205,2021-10-05 07:30:00,2021,10,5,7,30,92,92072,N118,48.8211533023,2.2194239697,Crépuscule ou aube,Hors agglomération,Hors intersection,Pluie légère,Deux véhicules - côté,2,2,2,0,1,1,2,0,2,90,,2,1,0,0,1,33.0,53.0,,,2,1,1,2,3
202100015206,2021-10-04 10:00:00,2021,10,4,10,0,78,78043,A12 W,48.83346,2.08564,Plein jour,Hors agglomération,Hors intersection,Normale,Deux véhicules - arrière,1,3,4,0,1,1,1,0,1,110,,3,2,0,0,1,53.0,31.0,,,1,1,1,1,2
202100015207,2021-10-05 19:50:00,2021,10,5,19,50,93,93048,AUTOROUTE A3,48.8730079962,2.4352838986,Nuit sans éclairage public,Hors agglomération,Hors intersection,Pluie légère,Trois véhicules et plus - en chaîne,1,-1,8,0,1,1,2,0,1,70,,3,2,0,0,1,46.0,40.0,,,3,1,1,2,4
202100015208,2021-10-05 21:30:00,2021,10,5,21,30,93,93027,AUTOROUTE A86,48.928469859,2.4132638547,Nuit sans éclairage public,Hors agglomération,Hors intersection,Pluie légère,Sans collision,1,1,3,0,1,1,2,0,1,70,,1,0,0,0,1,35.0,,,,3,1,1,2,7
202100015209,2021-10-05 17:50:00,2021,10,5,17,50,60,60631,AUTOROUTE A1,49.1499596936,2.5829930304,Plein jour,Hors agglomération,Hors intersection,Pluie légère,Trois véhicules et plus - collisions multiples,1,1,3,0,1,1,2,0,1,110,,3,1,0,0,2,56.0,33.0,,,1,1,1,2,5
202100015210,2021-10-05 13:00:00,2021,10,5,13,0,93,93027,AUTOROUTE A86,48.92839,2.41677,Plein jour,Hors agglomération,Hors intersection,Pluie légère,Deux véhicules - arrière,1,1,6,0,3,2,2,0,1,70,,2,0,0,0,2,26.0,22.0,,,1,1,1,2,2
202100015211,2021-10-05 11:00:00,2021,10,5,11,0,93,93010,AUTOROUTE A3,48.9063225808,2.4723963713,Plein jour,Hors agglomération,Hors intersection,Pluie forte,Deux véhicules - arrière,1,3,6,0,1,3,2,0,1,90,,2,1,0,0,1,50.0,35.0,,,1,1,1,3,2
202100015212,2021-09-01 14:00:00,2021,9,1,14,0,95,95582, A15,48.963927,2.263203,Plein jour,Hors agglomération,Hors intersection,Normale,Deux véhicules - arrière,1,3,4,0,1,3,1,3,2,90,,3,1,0,0,2,,35.0,,,1,1,1,1,2
202100015213,2021-10-05 03:10:00,2021,10,5,3,10,93,93005,AUTOROUTE A1,48.9579,2.46301,Nuit sans éclairage public,Hors agglomération,Hors intersection,Normale,Autre collision,1,3,6,0,1,1,1,0,2,110,,2,1,1,0,0,42.0,,,,3,1,1,1,6
202100015214,2021-10-05 16:40:00,2021,10,5,16,40,77,77122,A5b,48.653604,2.616322,Plein jour,Hors agglomération,Hors intersection,Normale,Sans collision,1,-1,2,0,1,1,1,0,1,110,,1,0,0,0,1,62.0,,,,1,1,1,1,7
202100015215,2021-10-05 09:30:00,2021,10,5,9,30,94,94033,A86.INT,48.84879,2.49089,Plein jour,Hors agglomération,Hors intersection,Pluie forte,Trois véhicules et plus - collisions multiples,1,1,3,0,1,1,2,0,1,90,,4,3,1,0,0,35.0,51.0,,,1,1,1,3,5
202100015216,2021-10-02 22:50:00,2021,10,2,22,50,94,94044,RN406.W,48.7573897525,2.4765319865,Nuit sans éclairage public,Hors agglomération,Hors intersection,Pluie légère,Deux véhicules - arrière,2,1,2,0,1,3,2,0,1,90,,4,2,0,0,2,,45.0,,,3,1,1,2,2
202100015217,2021-06-26 16:45:00,2021,6,26,16,45,09,09160,63 avenue Alsace Lorraine,42.944726,1.857663,Plein jour,En agglomération,Hors intersection,Normale,Deux véhicules - arrière,3,2,2,0,1,1,1,0,1,50,,2,1,0,1,0,75.0,62.0,,,1,2,1,1,2
202100015218,2021-10-03 05:35:00,2021,10,3,5,35,75,75120,ECHANGEUR BAGNOLET,48.866962,2.413435,Nuit sans éclairage public,En agglomération,Intersection en Y,Pluie légère,Autre collision,4,1,2,0,2,3,2,0,1,50,,2,1,0,0,1,24.0,,,,3,2,4,2,6
202100015219,2021-10-04 16:05:00,2021,10,4,16,5,75,75119,PLACE DE LA PORTE DE PANTIN,48.889541,2.39563,Plein jour,En agglomération,Place,Normale,Deux véhicules - côté,4,3,2,0,1,1,1,5,1,30,,2,1,0,0,1,43.0,25.0,,,1,2,7,1,3
202100015220,2021-10-04 16:30:00,2021,10,4,16,30,75,75116,BOULEVARD SUCHET,48.850891,2.260512,Plein jour,En agglomération,Intersection en T,Normale,Autre collision,4,2,4,0,1,1,1,0,1,30,,1,0,0,0,1,50.0,,,,1,2,3,1,6
202100015221,2021-10-04 13:30:00,2021,10,4,13,30,75,75116,AVENUE KLEBER,48.866149,2.289482,Plein jour,En agglomération,Intersection en T,Normale,Deux véhicules - côté,4,2,2,0,1,1,1,0,1,30,,2,1,0,0,1,25.0,44.0,,,1,2,3,1,3
202100015222,2021-10-04 10:50:00,2021,10,4,10,50,75,75116,ALLEE DU BORD DE L EAU,48.86811,2.23494,Plein jour,En agglomération,Hors intersection,Normale,Autre collision,4,2,2,0,1,1,1,0,1,30,,1,0,0,0,1,31.0,,,,1,2,1,1,6