accident_id,datetime,annee,mois,jour,heure,minute,departement,commune_insee,adresse,latitude,longitude,luminosite,agglomeration,intersection,meteo,collision,catr,circ,nbv,vosp,prof,plan,surf,infra,situ,vma,nb_vehicules,nb_usagers,nb_indemnes,nb_tues,nb_blesses_hosp,nb_blesses_legers,age_cond_1,age_cond_2,veh_type_cond_1,veh_type_cond_2,lum_code,agg_code,int_code,atm_code,col_code
202100015223,2021-10-03 12:25:00,2021,10,3,12,25,75,75116,ALLEE DE LONGCHAMP,48.875798,2.2734586,Plein jour,En agglomération,Hors intersection,Pluie légère,Deux véhicules - côté,4,2,2,0,1,1,2,0,1,50,,6,1,0,0,5,18.0,31.0,,,1,2,1,2,3
202100015224,2021-10-03 19:35:00,2021,10,3,19,35,75,75113,RUE DES TERRES AU CURE,48.824095,2.372249,Nuit avec éclairage allumé,En agglomération,Hors intersection,Normale,Deux véhicules - arrière,4,1,1,2,1,1,1,0,1,30,,2,1,0,0,1,46.0,46.0,,,5,2,1,1,2
202100015225,2021-10-04 17:10:00,2021,10,4,17,10,75,75111,AVENUE DE LA REPUBLIQUE,48.865129,2.374926,Plein jour,En agglomération,Intersection à plus de 4 branches,Normale,Deux véhicules - côté,4,2,4,0,1,1,1,0,1,30,,2,1,0,0,1,49.0,40.0,,,1,2,5,1,3
202100015226,2021-10-04 13:45:00,2021,10,4,13,45,75,75110,RUE DU FAUBOURG SAINT DENIS,48.881279,2.358131,Plein jour,En agglomération,Intersection en T,Normale,Autre collision,4,2,2,0,1,1,1,0,1,30,,2,1,0,0,1,16.0,,,,1,2,3,1,6
202100015227,2021-10-04 16:30:00,2021,10,4,16,30,75,75107,QUAI D ORSAY,48.862574,2.319008,Plein jour,En agglomération,Intersection en T,Normale,Sans collision,4,2,4,1,1,1,1,2,5,30,,1,0,0,0,1,49.0,,,,1,2,3,1,7
202100015228,2021-10-04 06:18:00,2021,10,4,6,18,75,75107,QUAI D ORSAY,48.862829,2.313445,Nuit avec éclairage allumé,En agglomération,Intersection en X,Normale,Deux véhicules - côté,4,-1,-1,0,1,1,1,0,1,30,,2,0,0,0,2,59.0,40.0,,,5,2,2,1,3
202100015229,2021-10-04 09:50:00,2021,10,4,9,50,75,75107,AVENUE DE SUFFREN,48.851164,2.300995,Plein jour,En agglomération,Place,Normale,Deux véhicules - frontale,4,2,4,0,1,1,1,0,1,30,,2,1,0,0,1,36.0,41.0,,,1,2,7,1,1
202100015230,2021-10-04 09:20:00,2021,10,4,9,20,75,75107,RUE DE SAINT SIMON,48.856406,2.324098,Plein jour,En agglomération,Intersection en X,Normale,Autre collision,4,1,1,0,1,1,1,0,1,30,,2,1,0,0,1,59.0,,,,1,2,2,1,6
202100015231,2021-10-04 19:00:00,2021,10,4,19,0,75,75101,RUE DE L AMIRAL DE COLIGNY,48.860914,2.340802,Plein jour,En agglomération,Intersection en X,Normale,Sans collision,4,2,2,0,1,1,1,0,1,30,,1,0,0,0,1,28.0,,,,1,2,2,1,7
202100015232,2021-10-04 08:55:00,2021,10,4,8,55,75,75104,RUE MORNAY,48.849515,2.365643,Plein jour,En agglomération,Intersection en X,Normale,Deux véhicules - côté,4,1,1,0,1,1,1,0,1,30,,3,2,0,0,1,22.0,41.0,,,1,2,2,1,3
202100015233,2021-10-04 06:40:00,2021,10,4,6,40,75,75103,RUE MESLAY,48.867178,2.362952,Nuit avec éclairage allumé,En agglomération,Intersection en X,Normale,Autre collision,4,1,1,0,1,1,2,0,1,30,,1,0,0,0,1,33.0,,,,5,2,2,1,6
202100015234,2021-10-04 12:30:00,2021,10,4,12,30,94,94046,Avenue de la République,48.8028,2.43405,Plein jour,En agglomération,Intersection en X,Normale,Deux véhicules - frontale,3,2,2,0,1,1,1,0,1,50,,2,1,0,0,1,46.0,23.0,,,1,2,2,1,1
202100015235,2021-10-04 13:20:00,2021,10,4,13,20,94,94076,Rue de Verdun,48.791,2.35365,Plein jour,En agglomération,Hors intersection,Normale,Autre collision,4,2,2,0,1,1,1,0,1,50,,2,1,0,0,1,63.0,,,,1,2,1,1,6
202100015236,2021-10-03 16:30:00,2021,10,3,16,30,94,94022,Avenue Anatole France,48.75637,2.41349,Plein jour,En agglomération,Hors intersection,Normale,Deux véhicules - frontale,4,2,2,0,1,1,1,0,1,30,,2,1,0,1,0,60.0,45.0,,,1,2,1,1,1
202100015237,2021-10-04 09:10:00,2021,10,4,9,10,93,93066,Rue du Landy,48.915323,2.353326,Plein jour,En agglomération,Autre intersection,Normale,Deux véhicules - frontale,3,2,2,0,1,1,1,0,1,50,,2,1,0,0,1,47.0,19.0,,,1,2,9,1,1
202100015238,2021-10-03 11:08:00,2021,10,3,11,8,93,93066,Rue Brise Echalas,48.938205,2.345665,Plein jour,En agglomération,Hors intersection,Pluie légère,Deux véhicules - côté,4,1,1,3,2,1,2,4,6,30,,3,1,0,0,2,36.0,44.0,,,1,2,1,2,3
202100015239,2021-10-04 08:40:00,2021,10,4,8,40,93,93064,CENTRE VILLE (MAIL),48.87516,2.482912,Plein jour,En agglomération,Autre intersection,Normale,Deux véhicules - côté,4,1,0,3,1,1,1,0,1,30,,2,1,0,0,1,,,,,1,2,9,1,3
202100015240,2021-10-03 23:45:00,2021,10,3,23,45,93,93048,PARIS (RUE DE),48.85525,2.41996,Nuit avec éclairage allumé,En agglomération,Hors intersection,Normale,Deux véhicules - côté,3,2,2,0,2,1,1,0,1,30,,5,4,0,0,1,24.0,29.0,,,5,2,1,1,3
202100015241,2021-10-04 17:40:00,2021,10,4,17,40,93,93051,Rue de la Plaine,48.8497124674,2.5265378955,Plein jour,En agglomération,Hors intersection,Normale,Deux véhicules - côté,4,2,2,0,1,1,1,0,1,50,,2,1,0,0,1,18.0,36.0,,,1,2,1,1,3
202100015242,2021-10-04 10:15:00,2021,10,4,10,15,93,93029,Rue Marcellin Berthelot / Avenue Henri Barbusse,48.917448,2.446362,Plein jour,En agglomération,Intersection en T,Normale,Autre collision,3,2,2,0,1,1,1,0,1,50,,2,0,0,0,2,45.0,,,,1,2,3,1,6
202100015243,2021-10-04 07:50:00,2021,10,4,7,50,93,93047,Boulevard Bargue / Rue Corot,48.900792,2.5576,Plein jour,En agglomération,Intersection en X,Normale,Deux véhicules - frontale,4,2,2,0,1,1,1,0,1,30,,2,1,0,0,1,54.0,28.0,,,1,2,2,1,1
202100015244,2021-10-04 14:38:00,2021,10,4,14,38,93,93001,REPUBLIQUE (AVE DE LA ) DE 52 A 104,48.9084854399,2.3872348666,Plein jour,En agglomération,Hors intersection,Normale,Autre collision,3,2,3,3,1,1,1,0,6,50,,2,0,0,0,2,23.0,,,,1,2,1,1,6
202100015245,2021-10-01 00:10:00,2021,10,1,0,10,92,92020,REPUBLIQUE AV. N°27 A 105 ET 26 A 178,48.8039497979,2.2977653146,Nuit avec éclairage allumé,En agglomération,Hors intersection,Normale,Sans collision,4,2,2,0,1,1,1,0,1,50,,1,0,0,0,1,44.0,,,,5,2,1,1,7
202100015246,2021-10-04 16:35:00,2021,10,4,16,35,92,92048,REPUBLIQUE (RUE DE LA) N° 1 A 45,48.8114,2.23696,Plein jour,En agglomération,Place,Normale,Autre collision,3,2,2,0,1,1,1,0,8,30,,2,1,0,0,1,,,,,1,2,7,1,6
202100015247,2021-09-30 16:04:00,2021,9,30,16,4,92,92044,VOLTAIRE(RUE)1A51 ET2A40,48.8916692099,2.2835898399,Plein jour,En agglomération,Intersection en X,Normale,Deux véhicules - côté,4,1,2,0,1,1,1,0,1,50,,2,1,0,0,1,21.0,34.0,,,1,2,2,1,3
202100015248,2021-10-04 19:25:00,2021,10,4,19,25,92,92040,CAMILLE DESMOULINS,48.83002,2.265045,Crépuscule ou aube,En agglomération,Hors intersection,Normale,Autre collision,4,-1,2,0,1,1,1,0,1,30,,3,2,0,0,1,22.0,,,,2,2,1,1,6
202100015249,2021-10-04 11:50:00,2021,10,4,11,50,92,92002,GABRIEL PERI (AVENUE),48.7540160677,2.3007814586,Plein jour,En agglomération,Hors intersection,Normale,Autre collision,4,1,1,1,1,2,1,0,1,50,,2,1,0,0,1,19.0,,,,1,2,1,1,6
202100015250,2021-10-05 00:53:00,2021,10,5,0,53,974,97415,Fleurimont,-21.034078,55.27756,Nuit avec éclairage allumé,Hors agglomération,Hors intersection,Normale,Autre collision,3,2,2,0,2,3,1,0,3,70,,1,0,0,1,0,37.0,,,,5,1,1,1,6
202100015251,2021-10-04 16:50:00,2021,10,4,16,50,12,12300,Avenue Etienne Soulie,44.35613,2.038884,Plein jour,En agglomération,Hors intersection,Temps couvert,Deux véhicules - arrière,4,2,2,0,2,1,1,0,1,50,,2,1,0,0,1,15.0,69.0,,,1,2,1,8,2
202100015252,2021-10-04 13:00:00,2021,10,4,13,0,45,45256,RD 2060,47.968462,2.55239,Plein jour,Hors agglomération,Hors intersection,Normale,Deux véhicules - arrière,3,3,4,0,1,1,1,0,1,90,,4,0,0,2,2,30.0,45.0,,,1,1,1,1,2
202100015253,2021-10-05 01:45:00,2021,10,5,1,45,49,49092,"le plessis, chanzeaux",47.269511,-0.6215,Nuit sans éclairage public,Hors agglomération,Intersection en Y,Pluie légère,Sans collision,3,2,2,0,1,3,2,0,3,80,,1,0,0,1,0,40.0,,,,3,1,4,2,7
202100015254,2021-10-04 07:00:00,2021,10,4,7,0,974,97412,1 Rue Victor Hugo,-21.379758,55.635556,Plein jour,En agglomération,Hors intersection,Normale,Deux véhicules - côté,2,2,2,0,1,1,1,0,1,50,,2,1,0,1,0,,,,,1,2,1,1,3
202100015255,2021-10-04 16:55:00,2021,10,4,16,55,74,74098,Route de Burgaz,45.978333,6.121525,Plein jour,En agglomération,Hors intersection,Pluie forte,Autre collision,3,2,2,0,2,1,2,0,1,-1,,2,1,0,0,1,47.0,,,,1,2,1,3,6
202100015256,2021-10-02 21:05:00,2021,10,2,21,5,83,83070,Quai Baptistin Pins,43.13781,6.377386,Nuit avec éclairage allumé,En agglomération,Hors intersection,Normale,Deux véhicules - frontale,4,2,2,0,1,3,1,0,1,30,,2,1,0,1,0,43.0,25.0,,,5,2,1,1,1
202100015257,2021-09-24 07:45:00,2021,9,24,7,45,24,24372,"A89, pk 105+100",45.142972,0.557213,Crépuscule ou aube,Hors agglomération,Hors intersection,Normale,Trois véhicules et plus - collisions multiples,3,3,4,3,1,1,1,0,1,110,,4,3,0,0,1,,32.0,,,2,1,1,1,5
202100015258,2021-10-01 20:15:00,2021,10,1,20,15,56,56251,N165 sens Brest/Nantes,47.608698,-2.60869,Crépuscule ou aube,Hors agglomération,Hors intersection,Pluie forte,Autre collision,2,3,4,0,1,1,2,0,1,110,,1,0,0,1,0,33.0,,,,2,1,1,3,6
202100015259,2021-10-04 15:55:00,2021,10,4,15,55,74,74183,Route de Sommand,46.145964,6.515868,Plein jour,Hors agglomération,Hors intersection,Brouillard / fumée,Sans collision,3,2,2,0,2,2,2,0,3,80,,1,0,0,1,0,38.0,,,,1,1,1,5,7
202100015260,2021-10-02 17:40:00,2021,10,2,17,40,76,76611,D467,49.650612,0.877469,Plein jour,Hors agglomération,Intersection en X,Pluie forte,Deux véhicules - côté,3,2,2,0,1,1,2,0,1,80,,4,0,0,0,4,37.0,20.0,,,1,1,2,3,3
202100015261,2021-10-05 00:00:00,2021,10,5,0,0,79,79195,,46.945135,-0.541077,Nuit sans éclairage public,Hors agglomération,Hors intersection,Normale,Autre collision,3,2,2,0,1,2,2,0,3,80,,1,0,1,0,0,58.0,,,,3,1,1,1,6
202100015262,2021-10-04 17:00:00,2021,10,4,17,0,33,33157,,44.817814,-0.253978,Plein jour,Hors agglomération,Intersection en T,Normale,Deux véhicules - frontale,3,2,3,0,4,1,1,0,1,80,,3,2,0,1,0,31.0,91.0,,,1,1,3,1,1
202100015263,2021-10-03 14:30:00,2021,10,3,14,30,33,33540,Rue des Anciens Combattants,45.355282,-1.060706,Plein jour,En agglomération,Hors intersection,Temps couvert,Autre collision,4,1,1,0,1,1,1,0,1,50,,1,0,1,0,0,73.0,,,,1,2,1,8,6
202100015264,2021-10-04 11:00:00,2021,10,4,11,0,32,32133,la barrique,43.984941,0.249209,Plein jour,Hors agglomération,Hors intersection,Normale,Deux véhicules - frontale,3,2,2,0,1,1,1,0,1,80,,2,1,0,0,1,31.0,67.0,,,1,1,1,1,1
202100015265,2021-09-26 14:45:00,2021,9,26,14,45,49,49364,Chemin sous les Clos,47.150472,-0.244939,Plein jour,En agglomération,Hors intersection,Normale,Sans collision,9,-1,2,0,1,3,6,0,8,50,,1,0,0,1,0,14.0,,,,1,2,1,1,7
202100015266,2021-10-03 17:00:00,2021,10,3,17,0,49,49345,Chemin du Grand Bonnezeaux,47.276783,-0.484825,Plein jour,En agglomération,Intersection en T,Normale,Deux véhicules - côté,3,2,2,0,1,1,1,5,1,50,,2,1,0,0,1,55.0,53.0,,,1,2,3,1,3
202100015267,2021-10-02 00:25:00,2021,10,2,0,25,68,68325,Rue de Waldighoffen,47.549551,7.331103,Nuit avec éclairage allumé,Hors agglomération,Hors intersection,Pluie légère,Sans collision,3,3,2,0,1,1,2,0,1,50,,1,0,0,1,0,69.0,,,,5,1,1,2,7
202100015268,2021-10-04 15:55:00,2021,10,4,15,55,25,25139,Rue du Docteur Girard - D 395,47.021,6.442337,Plein jour,Hors agglomération,Hors intersection,Pluie légère,Sans collision,3,2,2,0,1,1,2,0,1,80,,1,0,0,1,0,33.0,,,,1,1,1,2,7
202100015269,2021-10-04 12:50:00,2021,10,4,12,50,35,35049,Avenue Olivier Biard,48.665514,-1.865187,Plein jour,Hors agglomération,Hors intersection,Temps éblouissant,Sans collision,3,2,2,0,1,2,1,0,3,80,,1,0,0,1,0,23.0,,,,1,1,1,7,7
202100015270,2021-10-03 15:00:00,2021,10,3,15,0,35,35358,Rue de la Rance,48.541266,-1.961371,Plein jour,Hors agglomération,Intersection en T,Normale,Deux véhicules - côté,3,2,2,0,1,1,1,0,1,80,,2,1,0,0,1,73.0,40.0,,,1,1,3,1,3
202100015271,2021-10-04 09:30:00,2021,10,4,9,30,31,31592,Chemin de Landery,43.728902,1.237931,Plein jour,Hors agglomération,Intersection en X,Normale,Deux véhicules - côté,3,2,2,0,1,1,1,5,1,80,,2,1,0,1,0,19.0,74.0,,,1,1,2,1,3
202100015272,2021-10-05 11:45:00,2021,10,5,11,45,03,03173,"RN 79, pk 85+500",46.455983,3.918557,Plein jour,Hors agglomération,Hors intersection,Pluie forte,Deux véhicules - frontale,2,2,2,0,1,1,2,8,1,70,,2,1,0,1,0,24.0,51.0,,,1,1,1,3,1
202100015273,2021-10-04 15:25:00,2021,10,4,15,25,15,15259,RD 909,45.115965,3.144665,Plein jour,Hors agglomération,Hors intersection,Normale,Deux véhicules - arrière,3,2,2,0,2,1,1,0,1,90,,2,1,0,0,1,31.0,74.0,,,1,1,1,1,2
202100015274,2021-10-05 06:15:00,2021,10,5,6,15,54,54540,D993a,48.5698348095,6.9633793825,Crépuscule ou aube,Hors agglomération,Hors intersection,Brouillard / fumée,Autre collision,3,2,2,0,1,1,2,0,3,80,,1,0,1,0,0,21.0,,,,2,1,1,5,6
202100015275,2021-09-29 16:30:00,2021,9,29,16,30,06,06023,1146 Chemin de Bourgémo,43.944576,7.50598,Plein jour,Hors agglomération,Hors intersection,Normale,Autre collision,9,2,1,0,1,3,1,0,1,50,,2,1,0,0,1,60.0,,,,1,1,1,1,6
202100015276,2021-10-04 15:30:00,2021,10,4,15,30,14,14678,D91a,48.978136,-0.23362,Plein jour,En agglomération,Intersection en X,Pluie légère,Deux véhicules - côté,3,2,2,0,1,1,2,0,1,50,,2,1,0,1,0,88.0,65.0,,,1,2,2,2,3
202100015277,2021-10-05 01:30:00,2021,10,5,1,30,85,85029,8 Rue du Grand Vitrail,46.973818,-1.998729,Nuit avec éclairage allumé,En agglomération,Intersection en T,Pluie légère,Autre collision,3,2,2,0,1,1,2,0,8,50,,1,0,0,1,0,30.0,,,,5,2,3,2,6
202100015278,2021-10-04 10:30:00,2021,10,4,10,30,27,27096,Route départementale 21,48.882892,0.668989,Plein jour,Hors agglomération,Intersection en X,Normale,Deux véhicules - arrière,3,2,2,0,1,1,2,0,1,80,,2,1,0,0,1,15.0,30.0,,,1,1,2,1,2
202100015279,2021-10-02 07:30:00,2021,10,2,7,30,06,06085,Route d Antibes,43.602091,7.035937,Plein jour,Hors agglomération,Giratoire,Normale,Autre collision,3,3,2,0,1,3,1,0,1,70,,1,0,0,1,0,27.0,,,,1,1,6,1,6
202100015280,2021-10-05 15:20:00,2021,10,5,15,20,72,72198,A11 - PK 174+700,48.04366,0.152435,Plein jour,Hors agglomération,Hors intersection,Pluie légère,Deux véhicules - arrière,1,3,2,0,1,1,2,0,1,130,,3,2,0,0,1,31.0,51.0,,,1,1,1,2,2
202100015281,2021-10-05 08:45:00,2021,10,5,8,45,07,07142,Route Nationale 102,44.761575,3.921223,Plein jour,Hors agglomération,Hors intersection,Normale,Deux véhicules - frontale,2,2,2,0,2,3,2,0,1,80,,3,0,1,1,1,59.0,52.0,,,1,1,1,1,1
202100015282,2021-09-30 06:40:00,2021,9,30,6,40,06,06088,"A8, chaussée sud, pk 186.000,",43.670541,7.201452,Crépuscule ou aube,Hors agglomération,Hors intersection,Normale,Autre collision,1,3,4,0,1,2,1,0,2,90,,1,0,0,1,0,19.0,,,,2,1,1,1,6
202100015283,2021-10-03 21:50:00,2021,10,3,21,50,11,11441,Autoroute A9,43.211502,3.089336,Nuit sans éclairage public,Hors agglomération,Hors intersection,Pluie légère,Trois véhicules et plus - en chaîne,1,1,5,0,2,1,2,0,1,130,,5,4,0,1,0,40.0,40.0,,,3,1,1,2,4
202100015284,2021-10-04 18:30:00,2021,10,4,18,30,976,97615,20 route nationale 4,-12.794837,45.272904,Nuit avec éclairage allumé,En agglomération,Hors intersection,Normale,Deux véhicules - arrière,2,2,2,0,2,1,1,0,1,50,,4,3,0,0,1,37.0,,,,5,2,1,1,2
202100015285,2021-09-21 03:50:00,2021,9,21,3,50,971,97116,D106,16.338461,-61.509581,Nuit avec éclairage allumé,Hors agglomération,Hors intersection,Normale,Autre collision,3,2,2,0,2,1,1,0,3,80,,1,0,0,1,0,37.0,,,,5,1,1,1,6
202100015286,2021-08-25 16:30:00,2021,8,25,16,30,37,37011,D749,47.233914349,0.1606064539,Plein jour,Hors agglomération,Intersection en Y,Normale,Deux véhicules - côté,3,2,2,0,2,1,1,5,1,70,,2,1,0,1,0,75.0,27.0,,,1,1,4,1,3
202100015287,2021-09-15 09:15:00,2021,9,15,9,15,66,66008,760 Avenue du Tech,42.561035,3.041046,Plein jour,En agglomération,Hors intersection,Normale,Deux véhicules - côté,3,2,2,0,1,1,1,0,1,50,,2,1,0,1,0,60.0,46.0,,,1,2,1,1,3
202100015288,2021-08-25 09:00:00,2021,8,25,9,0,84,84068,Rond-point D27 / D943,43.76512,5.365448,Plein jour,En agglomération,Giratoire,Temps éblouissant,Deux véhicules - arrière,3,2,2,0,1,2,1,0,1,50,,2,1,0,1,0,78.0,36.0,,,1,2,6,7,2
202100015289,2021-10-02 15:35:00,2021,10,2,15,35,04,04019,Av Porfirio Diaz,44.386623,6.654475,Plein jour,En agglomération,Hors intersection,Normale,Deux véhicules - arrière,4,1,1,0,1,1,1,0,1,30,,2,0,0,1,1,61.0,17.0,,,1,2,1,1,2
202100015290,2021-08-25 06:00:00,2021,8,25,6,0,52,52269,D74 - pk 19+670,47.878833,5.340278,Crépuscule ou aube,En agglomération,Intersection en T,Temps couvert,Autre collision,3,2,1,0,2,2,1,0,4,50,,1,0,0,1,0,22.0,,,,2,2,3,8,6
202100015291,2021-10-05 17:15:00,2021,10,5,17,15,57,57222,D30,49.157404,6.880167,Plein jour,Hors agglomération,Intersection en Y,Pluie légère,Deux véhicules - arrière,3,2,2,0,2,1,2,0,1,80,,5,0,0,0,5,74.0,33.0,,,1,1,4,2,2
202100015292,2021-08-23 07:05:00,2021,8,23,7,5,32,32013,D626,43.628745,0.633924,Plein jour,Hors agglomération,Hors intersection,Normale,Autre collision,3,2,2,0,1,1,1,0,1,80,,1,0,0,1,0,57.0,,,,1,1,1,1,6
202100015293,2021-10-03 03:45:00,2021,10,3,3,45,17,17118,RD 145E1,45.239723,-0.389414,Nuit sans éclairage public,Hors agglomération,Hors intersection,Normale,Autre collision,3,2,2,0,1,1,2,0,3,80,,3,1,0,1,1,20.0,,,,3,1,1,1,6
202100015294,2021-07-22 03:00:00,2021,7,22,3,0,33,33487,Avenue Paul Princeteau,44.957282,-0.468882,Nuit sans éclairage public,En agglomération,Hors intersection,Normale,Autre collision,4,2,2,0,3,2,1,0,3,50,,2,1,0,1,0,23.0,,,,3,2,1,1,6
202100015295,2021-10-05 06:25:00,2021,10,5,6,25,14,14762,D407,48.8358129665,-0.8627001023,Nuit sans éclairage public,Hors agglomération,Hors intersection,Pluie forte,Deux véhicules - frontale,3,2,3,0,2,2,2,0,1,90,,2,1,0,1,0,22.0,57.0,,,3,1,1,3,1
202100015296,2021-09-26 19:25:00,2021,9,26,19,25,13,13216,A55-Sens Marseille vers Martigues,43.35631,5.3468,Nuit sans éclairage public,Hors agglomération,Hors intersection,Normale,Deux véhicules - côté,1,1,4,0,1,1,1,0,1,70,,2,1,0,0,1,23.0,25.0,,,3,1,1,1,3
202100015297,2021-09-27 22:20:00,2021,9,27,22,20,67,67218,M35,48.54971,7.73112,Nuit sans éclairage public,En agglomération,Hors intersection,Pluie légère,Trois véhicules et plus - en chaîne,7,3,3,0,1,1,2,0,1,90,,3,1,0,0,2,37.0,24.0,,,3,2,1,2,4
202100015298,2021-10-01 18:50:00,2021,10,1,18,50,59,59566,AUTOROUTE A25,50.622277526,2.9689436571,Plein jour,Hors agglomération,Hors intersection,Pluie légère,Deux véhicules - arrière,1,-1,4,0,1,1,2,0,1,90,,2,1,0,0,1,65.0,25.0,,,1,1,1,2,2
202100015299,2021-10-04 08:30:00,2021,10,4,8,30,91,91345,AUTOROUTE A6,48.68931,2.32417,Plein jour,Hors agglomération,Hors intersection,Normale,Deux véhicules - arrière,1,3,3,0,1,1,1,0,1,110,,2,1,0,0,1,45.0,30.0,,,1,1,1,1,2
202100015300,2021-10-04 00:20:00,2021,10,4,0,20,94,94065,AUTOROUTE A106,48.7553968079,2.3507115036,Nuit sans éclairage public,Hors agglomération,Hors intersection,Normale,Deux véhicules - arrière,1,1,6,0,1,1,1,0,1,110,,2,1,0,0,1,59.0,43.0,,,3,1,1,1,2
202100015301,2021-10-03 23:23:00,2021,10,3,23,23,94,94065,AUTOROUTE A106,48.7550727749,2.3510336101,Nuit sans éclairage public,Hors agglomération,Hors intersection,Normale,Deux véhicules - arrière,1,1,6,0,1,1,1,0,1,110,,2,1,0,0,1,45.0,31.0,,,3,1,1,1,2
202100015302,2021-10-04 18:24:00,2021,10,4,18,24,78,78423,RN12,48.796475,2.027825,Plein jour,Hors agglomération,Hors intersection,Normale,Deux véhicules - arrière,2,-1,2,0,1,1,1,0,1,110,,2,1,0,0,1,44.0,61.0,,,1,1,1,1,2
202100015303,2021-10-04 17:50:00,2021,10,4,17,50,92,92025,A86,48.9217509309,2.2261054261,Plein jour,Hors agglomération,Hors intersection,Normale,Deux véhicules - côté,1,1,2,0,1,1,1,0,1,90,,2,1,0,0,1,23.0,47.0,,,1,1,1,1,3
202100015304,2021-10-04 08:35:00,2021,10,4,8,35,78,78362,A13,48.977709,1.712311,Plein jour,Hors agglomération,Hors intersection,Normale,Deux véhicules - arrière,1,3,3,0,1,1,1,1,1,130,,5,0,0,0,5,36.0,37.0,,,1,1,1,1,2
202100015305,2021-10-03 02:55:00,2021,10,3,2,55,92,92047,A13,48.8364383711,2.1847164237,Nuit sans éclairage public,Hors agglomération,Hors intersection,Pluie forte,Trois véhicules et plus - collisions multiples,1,1,3,0,1,1,2,0,1,110,,8,3,0,0,5,37.0,35.0,,,3,1,1,3,5
202100015306,2021-10-04 10:15:00,2021,10,4,10,15,95,95572,RN 184,49.038206,2.124044,Plein jour,Hors agglomération,Hors intersection,Normale,Deux véhicules - arrière,2,3,4,0,1,1,1,0,1,90,,2,0,0,0,2,37.0,58.0,,,1,1,1,1,2
202100015307,2021-10-04 09:30:00,2021,10,4,9,30,95,95351,RN 104,49.0355234247,2.487180233,Plein jour,Hors agglomération,Hors intersection,Normale,Deux véhicules - arrière,2,3,4,0,1,1,1,0,1,110,,2,1,0,0,1,23.0,30.0,,,1,1,1,1,2
202100015308,2021-10-04 09:00:00,2021,10,4,9,0,93,93010,AUTOROUTE A3,48.9147396278,2.4776225854,Plein jour,Hors agglomération,Hors intersection,Normale,Deux véhicules - côté,1,2,6,0,1,1,1,0,1,90,,2,1,0,1,0,33.0,35.0,,,1,1,1,1,3
202100015309,2021-10-04 10:40:00,2021,10,4,10,40,93,93051,A4,48.83491,2.57564,Plein jour,Hors agglomération,Hors intersection,Normale,Autre collision,1,-1,4,0,1,1,1,0,1,110,,3,2,0,0,1,31.0,74.0,,,1,1,1,1,6
202100015310,2021-10-03 11:15:00,2021,10,3,11,15,78,78043,A12 W,48.839764,2.094399,Plein jour,Hors agglomération,Hors intersection,Normale,Autre collision,1,3,7,0,1,1,1,0,1,110,,2,1,0,0,1,66.0,,,,1,1,1,1,6
202100015311,2021-10-03 15:40:00,2021,10,3,15,40,69,69389,PAUL SEDAILLIAN (Q),45.79377,4.822383,Plein jour,En agglomération,Hors intersection,Pluie légère,Autre collision,4,2,2,1,1,1,2,0,4,50,,2,1,0,0,1,39.0,,,,1,2,1,2,6
202100015312,2021-10-03 05:20:00,2021,10,3,5,20,69,69382,PERRACHE (Q),45.74111,4.82389,Nuit avec éclairage non allumé,En agglomération,Autre intersection,Temps couvert,Autre collision,4,1,4,1,1,1,1,2,8,50,,3,1,0,0,2,,19.0,,,4,2,9,8,6
202100015313,2021-10-03 08:50:00,2021,10,3,8,50,2B,2B033,MIOT - RUE,42.6939,9.4498,Plein jour,En agglomération,Intersection en X,Normale,Deux véhicules - côté,4,2,2,0,1,1,1,0,1,50,,2,1,0,1,0,68.0,,,,1,2,2,1,3
202100015314,2021-10-02 20:08:00,2021,10,2,20,8,91,91691,GENERAL LECLER(RUE),48.715381,2.476237,Nuit avec éclairage allumé,En agglomération,Hors intersection,Pluie légère,Deux véhicules - frontale,3,2,2,0,1,1,2,0,1,50,,4,1,0,0,3,50.0,31.0,,,5,2,1,2,1
202100015315,2021-10-03 06:10:00,2021,10,3,6,10,91,91421,NATIONALE 6 (PARTIE FORET),48.69025,2.46418,Nuit sans éclairage public,Hors agglomération,Hors intersection,Pluie légère,Deux véhicules - arrière,2,1,2,0,1,1,2,0,1,90,,3,1,0,0,2,56.0,23.0,,,3,1,1,2,2
202100015316,2021-10-02 11:15:00,2021,10,2,11,15,91,91027,RUE PAUL LAFARGUE,48.695921,2.382352,Plein jour,En agglomération,Intersection en X,Normale,Deux véhicules - côté,4,2,2,0,1,1,1,0,1,50,,2,1,0,0,1,29.0,26.0,,,1,2,2,1,3
202100015317,2021-10-03 12:30:00,2021,10,3,12,30,83,83069,MACRI (CHEMIN SOLDAT),43.11652,6.1467,Plein jour,En agglomération,Hors intersection,Normale,Deux véhicules - côté,4,1,1,0,1,2,1,0,1,50,,2,1,0,0,1,54.0,24.0,,,1,2,1,1,3
202100015318,2021-10-03 20:00:00,2021,10,3,20,0,81,81065,Route de Lautrec,43.65196,2.1824,Nuit avec éclairage allumé,Hors agglomération,Hors intersection,Normale,Sans collision,3,2,2,0,1,1,2,0,3,80,,2,0,0,0,2,41.0,,,,5,1,1,1,7