accident_id,datetime,annee,mois,jour,heure,minute,departement,commune_insee,adresse,latitude,longitude,luminosite,agglomeration,intersection,meteo,collision,catr,circ,nbv,vosp,prof,plan,surf,infra,situ,vma,nb_vehicules,nb_usagers,nb_indemnes,nb_tues,nb_blesses_hosp,nb_blesses_legers,age_cond_1,age_cond_2,veh_type_cond_1,veh_type_cond_2,lum_code,agg_code,int_code,atm_code,col_code
202100015319,2021-10-03 07:30:00,2021,10,3,7,30,73,73065,D12 VERCORS (CHEMIN DU),45.56026,5.93432,Crépuscule ou aube,En agglomération,Hors intersection,Normale,Deux véhicules - frontale,3,2,2,0,2,3,1,0,1,50,,2,0,0,0,2,23.0,73.0,,,2,2,1,1,1
202100015320,2021-10-02 09:20:00,2021,10,2,9,20,69,69266,ANATOLE FRANCE (R),45.767,4.871,Plein jour,En agglomération,Intersection en X,Normale,Deux véhicules - côté,4,1,1,0,1,1,1,0,1,50,,2,0,0,0,2,31.0,46.0,,,1,2,2,1,3
202100015321,2021-10-03 13:20:00,2021,10,3,13,20,64,64483,ITHURRALDE ANDRE (AVENUE),43.3977,-1.64297,Plein jour,En agglomération,Hors intersection,Pluie légère,Deux véhicules - frontale,3,2,2,0,1,3,2,0,1,50,,2,1,0,0,1,68.0,28.0,,,1,2,1,2,1
202100015322,2021-10-03 21:20:00,2021,10,3,21,20,64,64024,DUFOURG (RUE AMEDE),43.4803489195,-1.5155003965,Nuit avec éclairage allumé,En agglomération,Intersection en T,Pluie légère,Deux véhicules - côté,3,2,1,0,1,1,2,0,1,30,,2,1,0,0,1,47.0,19.0,,,5,2,3,2,3
202100015323,2021-10-01 16:15:00,2021,10,1,16,15,61,61497,D.501,48.4538,0.10718,Plein jour,Hors agglomération,Intersection en T,Pluie légère,Deux véhicules - côté,3,2,2,0,1,1,2,0,1,80,,2,1,0,0,1,28.0,84.0,,,1,1,3,2,3
202100015324,2021-10-03 13:25:00,2021,10,3,13,25,59,59599,PORT (RUE DU),50.716901,3.154258,Plein jour,En agglomération,Hors intersection,Pluie légère,Autre collision,4,2,1,0,1,1,2,0,1,50,,2,1,0,1,0,42.0,,,,1,2,1,2,6
202100015325,2021-10-03 06:40:00,2021,10,3,6,40,59,59508,FLANDRES (RESIDENCE DES),50.7469108094,3.1280994415,Nuit avec éclairage allumé,En agglomération,Hors intersection,Pluie forte,Deux véhicules - frontale,4,2,2,1,1,2,2,0,1,50,,2,0,0,1,1,39.0,40.0,,,5,2,1,3,1
202100015326,2021-10-02 17:00:00,2021,10,2,17,0,59,59350,MARAIS RUE DU,50.637792,3.023696,Plein jour,En agglomération,Intersection en T,Pluie légère,Sans collision,7,2,2,0,1,2,2,0,3,50,,1,0,0,0,1,58.0,,,,1,2,3,2,7
202100015327,2021-10-03 02:45:00,2021,10,3,2,45,59,59328,DUNKERQUE AVENUE DE,50.6384616835,3.0224566162,Nuit avec éclairage allumé,En agglomération,Hors intersection,Pluie légère,Autre collision,7,2,2,0,1,1,2,0,1,50,,2,1,0,0,1,44.0,,,,5,2,1,2,6
202100015328,2021-10-03 15:10:00,2021,10,3,15,10,59,59183,FORT MARDYCK - ROUTE,51.0264214084,2.3121686287,Plein jour,En agglomération,Hors intersection,Normale,Autre collision,3,2,1,0,4,3,1,0,1,50,,3,2,0,0,1,28.0,,,,1,2,1,1,6
202100015329,2021-10-03 03:30:00,2021,10,3,3,30,57,57616,PAUL LANGEVIN (AVENUE ),49.14077,6.19975,Nuit avec éclairage allumé,Hors agglomération,Hors intersection,Normale,Autre collision,3,2,2,0,1,1,1,0,1,80,,2,1,0,1,0,56.0,,,,5,1,1,1,6
202100015330,2021-10-03 05:00:00,2021,10,3,5,0,51,51454,Avenue Jean Jaurès,49.2621590464,4.0523889642,Nuit avec éclairage allumé,En agglomération,Intersection en T,Pluie légère,Sans collision,4,2,2,0,1,1,2,0,3,50,,2,1,0,0,1,21.0,,,,5,2,3,2,7
202100015331,2021-10-03 19:00:00,2021,10,3,19,0,49,49007,SAINT JACQUES,47.4738,-0.56945,Plein jour,En agglomération,Hors intersection,Normale,Sans collision,4,2,2,0,1,1,1,0,1,50,,1,0,0,0,1,20.0,,,,1,2,1,1,7
202100015332,2021-10-03 15:08:00,2021,10,3,15,8,49,49267,A87N,47.47786,-0.50158,Plein jour,En agglomération,Hors intersection,Normale,Deux véhicules - côté,1,3,4,0,1,1,1,0,1,80,,2,1,0,0,1,25.0,30.0,,,1,2,1,1,3
202100015333,2021-10-03 09:20:00,2021,10,3,9,20,49,49007,ESTIENNE D'ORVES BOULEVARD,47.46143,-0.51694,Plein jour,En agglomération,Hors intersection,Normale,Sans collision,1,1,2,0,1,3,2,0,1,50,,1,0,0,0,1,32.0,,,,1,2,1,1,7
202100015334,2021-10-03 13:00:00,2021,10,3,13,0,45,45284,RN 60,47.92041,1.9992,Plein jour,Hors agglomération,Hors intersection,Normale,Autre collision,3,3,4,0,1,2,2,0,3,110,,4,0,0,0,4,35.0,,,,1,1,1,1,6
202100015335,2021-10-03 06:15:00,2021,10,3,6,15,45,45284,105 Rue du Faubourg de Bourgogne,47.90303,1.93048,Nuit avec éclairage allumé,En agglomération,Hors intersection,Pluie légère,Deux véhicules - arrière,4,2,2,0,1,1,2,0,1,50,,2,1,0,0,1,,19.0,,,5,2,1,2,2
202100015336,2021-10-02 17:20:00,2021,10,2,17,20,45,45234,SECRETAIN (AVENUE ROGER),47.88049,1.90665,Plein jour,En agglomération,Hors intersection,Pluie légère,Deux véhicules - côté,4,3,2,0,1,1,2,0,1,70,,2,1,0,1,0,56.0,32.0,,,1,2,1,2,3
202100015337,2021-10-03 21:35:00,2021,10,3,21,35,35,35055,AVENUE D'ORIENT,48.08766,-1.60531,Nuit avec éclairage allumé,En agglomération,Hors intersection,Normale,Autre collision,7,2,2,0,1,1,3,0,1,50,,1,0,0,0,1,24.0,,,,5,2,1,1,6
202100015338,2021-10-03 13:10:00,2021,10,3,13,10,33,33522,Cours de la Libération,44.8065,-0.59181,Plein jour,En agglomération,Hors intersection,Pluie légère,Deux véhicules - arrière,4,3,2,0,1,1,2,0,1,50,,2,1,0,0,1,19.0,24.0,,,1,2,1,2,2
202100015339,2021-10-03 17:52:00,2021,10,3,17,52,32,32013,BARRAN (CHEMIN DE),43.65213,0.53109,Plein jour,Hors agglomération,Hors intersection,Pluie légère,Sans collision,3,2,2,0,1,4,2,0,3,80,,1,0,1,0,0,21.0,,,,1,1,1,2,7
202100015340,2021-10-03 13:30:00,2021,10,3,13,30,31,31555,BD PIERRE ET MARIE CURIE,43.62615,1.43711,Plein jour,En agglomération,Intersection à plus de 4 branches,Pluie forte,Deux véhicules - côté,7,1,3,3,1,1,2,0,1,50,,5,1,0,0,4,26.0,49.0,,,1,2,5,3,3
202100015341,2021-10-03 09:30:00,2021,10,3,9,30,31,31555,ARCOLE (BD D) DU 1AU 79,43.61059,1.44291,Plein jour,En agglomération,Hors intersection,Normale,Deux véhicules - arrière,4,1,5,3,1,1,1,0,6,50,,5,3,0,0,2,59.0,30.0,,,1,2,1,1,2
202100015342,2021-10-02 19:55:00,2021,10,2,19,55,22,22360,GAMMERTINGEN (ROND-POINT DE),48.48594,-2.74267,Nuit avec éclairage allumé,En agglomération,Giratoire,Pluie légère,Sans collision,4,1,2,0,1,2,2,5,1,50,,1,0,0,0,1,15.0,,,,5,2,6,2,7
202100015343,2021-10-01 17:20:00,2021,10,1,17,20,17,17306,COQUELICOTS (DES),45.6481757292,-1.0342017307,Plein jour,En agglomération,Intersection en X,Pluie légère,Deux véhicules - côté,4,2,2,0,1,1,2,0,1,50,,2,0,0,0,2,26.0,33.0,,,1,2,2,2,3
202100015344,2021-10-03 17:50:00,2021,10,3,17,50,13,13210,TOULON (AVENUE DE),43.28338,5.39795,Plein jour,En agglomération,Hors intersection,Normale,Deux véhicules - côté,4,2,2,3,2,1,1,0,1,50,,2,1,0,0,1,38.0,,,,1,2,1,1,3
202100015345,2021-10-03 11:15:00,2021,10,3,11,15,13,13214,CAPITAINE GEZE (BOULEVARD),43.33019,5.37021,Plein jour,En agglomération,Hors intersection,Normale,Deux véhicules - frontale,4,2,4,0,1,1,1,0,1,50,,2,0,0,0,2,28.0,,,,1,2,1,1,1
202100015346,2021-10-03 21:50:00,2021,10,3,21,50,13,13047,RAYMOND FILIPPI AVENUE,43.49587,4.98121,Nuit avec éclairage allumé,En agglomération,Giratoire,Pluie légère,Deux véhicules - côté,4,2,2,0,1,2,2,5,1,50,,2,1,0,0,1,23.0,55.0,,,5,2,6,2,3
202100015347,2021-10-03 16:20:00,2021,10,3,16,20,11,11069,MOULIN JEAN -AVENUE-,43.20885,2.37741,Plein jour,En agglomération,Intersection en T,Normale,Deux véhicules - arrière,3,2,2,0,1,1,1,0,8,50,,2,0,0,0,2,44.0,38.0,,,1,2,3,1,2
202100015348,2021-10-02 12:00:00,2021,10,2,12,0,07,07102,SADI-CARNOT (AVEN.) [DU N° AU N°],44.924769,4.868263,Plein jour,En agglomération,Hors intersection,Normale,Sans collision,4,2,2,0,1,1,1,0,1,50,,1,0,0,1,0,20.0,,,,1,2,1,1,7
202100015349,2021-10-03 20:30:00,2021,10,3,20,30,06,06027,GAUDE AVENUE DE LA,43.667754,7.152013,Nuit sans éclairage public,En agglomération,Hors intersection,Normale,Autre collision,7,2,2,0,2,1,2,0,1,50,,4,0,0,0,4,19.0,39.0,,,3,2,1,1,6
202100015350,2021-10-02 11:00:00,2021,10,2,11,0,06,06027,PLAGE BOULEVARD DE LA,43.657816,7.170693,Plein jour,En agglomération,Hors intersection,Normale,Autre collision,7,3,5,1,1,1,1,0,1,50,,2,0,0,1,1,20.0,,,,1,2,1,1,6
202100015351,2021-10-03 13:55:00,2021,10,3,13,55,01,01053,SAINT ROCH (RUE),46.193488,5.224897,Plein jour,En agglomération,Giratoire,Normale,Deux véhicules - côté,4,2,7,0,1,1,1,0,1,50,,2,1,0,0,1,16.0,25.0,,,1,2,6,1,3
202100015352,2021-10-02 19:40:00,2021,10,2,19,40,75,75119,PORTE DE PANTIN,48.890958,2.396033,Nuit avec éclairage allumé,En agglomération,Hors intersection,Pluie légère,Deux véhicules - arrière,4,1,4,0,1,1,2,0,1,70,,3,2,0,0,1,25.0,74.0,,,5,2,1,2,2
202100015353,2021-10-03 00:30:00,2021,10,3,0,30,75,75111,RUE GODEFROY CAVAIGNAC,48.856233,2.38051,Nuit avec éclairage allumé,En agglomération,Hors intersection,Pluie légère,Deux véhicules - arrière,4,1,2,2,1,1,2,0,1,30,,5,4,0,0,1,33.0,39.0,,,5,2,1,2,2
202100015354,2021-10-03 02:25:00,2021,10,3,2,25,75,75120,PLACE DE LA PORTE DE BAGNOLET,48.864527,2.408727,Nuit avec éclairage allumé,En agglomération,Place,Pluie légère,Deux véhicules - côté,4,1,1,0,1,3,2,0,1,30,,2,1,0,0,1,31.0,35.0,,,5,2,7,2,3
202100015355,2021-10-02 16:33:00,2021,10,2,16,33,75,75118,RUE DE LA CHAPELLE,48.898537,2.359065,Plein jour,En agglomération,Intersection en X,Pluie légère,Autre collision,4,1,2,0,1,1,2,5,1,30,,2,1,0,0,1,34.0,,,,1,2,2,2,6
202100015356,2021-10-03 12:30:00,2021,10,3,12,30,75,75117,BOULEVARD PEREIRE,48.882621,2.293242,Plein jour,En agglomération,Hors intersection,Pluie légère,Deux véhicules - arrière,4,1,1,0,1,1,2,0,1,30,,2,1,0,0,1,,29.0,,,1,2,1,2,2
202100015357,2021-10-03 20:10:00,2021,10,3,20,10,75,75114,AVENUE DU GENERAL LECLERC,48.823972,2.325726,Nuit avec éclairage allumé,En agglomération,Intersection en T,Normale,Deux véhicules - côté,4,2,5,1,1,1,1,0,1,50,,2,1,0,0,1,30.0,28.0,,,5,2,3,1,3
202100015358,2021-10-03 20:45:00,2021,10,3,20,45,75,75113,BOULEVARD VINCENT AURIOL,48.836193,2.37152,Nuit avec éclairage allumé,En agglomération,Intersection en X,Normale,Autre collision,4,3,4,1,2,1,2,0,1,30,,4,1,0,0,3,52.0,,,,5,2,2,1,6
202100015359,2021-10-02 23:00:00,2021,10,2,23,0,75,75113,RUE DE LA GLACIERE,48.830816,2.34411,Nuit avec éclairage allumé,En agglomération,Intersection en X,Pluie forte,Trois véhicules et plus - en chaîne,4,2,2,0,1,1,2,0,1,30,,4,1,0,0,3,,53.0,,,5,2,2,3,4
202100015360,2021-10-02 20:50:00,2021,10,2,20,50,75,75108,AVENUE GEORGE V,48.866206,2.301454,Nuit avec éclairage allumé,En agglomération,Intersection en Y,Pluie légère,Autre collision,4,2,-1,0,1,1,2,0,1,30,,2,1,0,0,1,62.0,,,,5,2,4,2,6
202100015361,2021-10-02 17:55:00,2021,10,2,17,55,75,75104,QUAI DES CELESTINS,48.851064,2.362256,Plein jour,En agglomération,Intersection en X,Pluie légère,Deux véhicules - arrière,4,1,2,0,1,2,2,0,1,30,,2,1,0,0,1,33.0,69.0,,,1,2,2,2,2
202100015362,2021-10-03 13:00:00,2021,10,3,13,0,94,94065,Rue de la Vanne,48.75257,2.35448,Plein jour,En agglomération,Hors intersection,Pluie légère,Trois véhicules et plus - en chaîne,4,1,2,0,2,1,2,0,1,50,,5,3,0,0,2,22.0,47.0,,,1,2,1,2,4
202100015363,2021-10-03 14:40:00,2021,10,3,14,40,94,94017,Avenue du 8 Mai 1945,48.80734,2.53739,Plein jour,En agglomération,Hors intersection,Pluie légère,Deux véhicules - côté,3,2,2,0,1,1,2,0,1,50,,2,1,0,0,1,23.0,53.0,,,1,2,1,2,3
202100015364,2021-10-03 14:20:00,2021,10,3,14,20,93,93073,Rue du Chapitre,49.0015740352,2.5370424986,Plein jour,Hors agglomération,Autre intersection,Temps couvert,Autre collision,4,1,2,0,1,3,2,0,3,70,,1,0,0,0,1,47.0,,,,1,1,9,8,6
202100015365,2021-10-03 01:20:00,2021,10,3,1,20,93,93072,MARCEL CACHIN (AVENUE) COTE N°16 AU 50,48.9598,2.38206,Nuit avec éclairage allumé,En agglomération,Hors intersection,Vent fort / tempête,Deux véhicules - frontale,3,2,2,0,1,1,2,0,1,50,,2,1,0,1,0,34.0,59.0,,,5,2,1,6,1
202100015366,2021-10-03 13:59:00,2021,10,3,13,59,93,93070,CAPITAINE-GLARNER (AV),48.90312,2.32983,Plein jour,En agglomération,Hors intersection,Normale,Deux véhicules - arrière,3,2,2,0,1,1,1,0,1,50,,2,1,0,0,1,22.0,18.0,,,1,2,1,1,2
202100015367,2021-10-03 02:30:00,2021,10,3,2,30,93,93066,Avenue du Président Wilson,48.907291,2.358046,Nuit avec éclairage allumé,En agglomération,Hors intersection,Pluie forte,Autre collision,3,3,2,3,1,1,2,5,1,50,,1,0,0,1,0,35.0,,,,5,2,1,3,6
202100015368,2021-10-03 12:00:00,2021,10,3,12,0,93,93048,Boulevard Théophile Sueur,48.85951,2.466699,Plein jour,En agglomération,Hors intersection,Pluie forte,Autre collision,3,2,2,0,1,1,2,0,1,30,,3,2,0,0,1,44.0,23.0,,,1,2,1,3,6
202100015369,2021-10-03 00:15:00,2021,10,3,0,15,93,93048,Rue de Paris,48.8562470089,2.4260076284,Nuit avec éclairage allumé,En agglomération,Hors intersection,Pluie légère,Deux véhicules - côté,3,2,2,0,1,1,2,0,1,50,,2,1,0,0,1,30.0,40.0,,,5,2,1,2,3
202100015370,2021-10-03 14:40:00,2021,10,3,14,40,93,93008,ALLENDE (AVE DU P. SALVADOR),48.9066945767,2.445641309,Plein jour,En agglomération,Intersection en X,Pluie légère,Deux véhicules - côté,3,1,3,0,1,1,2,0,6,50,,2,1,0,0,1,33.0,51.0,,,1,2,2,2,3
202100015371,2021-10-03 15:40:00,2021,10,3,15,40,92,92012,RHIN ET DANUBE (ROND POINT),48.8406879613,2.2288774922,Plein jour,En agglomération,Giratoire,Normale,Deux véhicules - arrière,3,2,3,0,1,3,1,9,1,30,,2,1,0,0,1,24.0,38.0,,,1,2,6,1,2
202100015372,2021-09-26 23:25:00,2021,9,26,23,25,39,39259,,46.996181,5.838278,Nuit sans éclairage public,Hors agglomération,Hors intersection,Normale,Sans collision,2,2,2,0,1,2,1,0,3,80,,1,0,1,0,0,41.0,,,,3,1,1,1,7
202100015373,2021-10-04 07:25:00,2021,10,4,7,25,974,97415,Chaussee Royale,-20.999767,55.283589,Plein jour,En agglomération,Intersection en T,Normale,Deux véhicules - côté,2,2,2,0,1,1,1,0,1,50,,2,1,0,1,0,33.0,38.0,,,1,2,3,1,3
202100015374,2021-10-04 07:45:00,2021,10,4,7,45,95,95313,A16,49.113256,2.254451,Plein jour,Hors agglomération,Hors intersection,Normale,Deux véhicules - côté,1,3,4,3,1,1,1,0,1,110,,2,1,0,1,0,35.0,59.0,,,1,1,1,1,3
202100015375,2021-09-29 23:15:00,2021,9,29,23,15,80,80043,D124,50.131756,2.486379,Nuit sans éclairage public,Hors agglomération,Hors intersection,Normale,Sans collision,3,2,2,0,2,1,1,0,3,80,,1,0,0,1,0,34.0,,,,3,1,1,1,7
202100015376,2021-10-04 18:05:00,2021,10,4,18,5,37,37123,D952,47.3219752446,0.4063181978,Plein jour,En agglomération,Hors intersection,Normale,Deux véhicules - frontale,3,2,2,0,1,1,1,5,1,50,,2,1,0,1,0,15.0,59.0,,,1,2,1,1,1
202100015377,2021-10-04 17:50:00,2021,10,4,17,50,83,83004,A8,43.4518231896,6.5177199769,Plein jour,Hors agglomération,Hors intersection,Pluie forte,Autre collision,1,3,4,0,2,2,2,0,2,130,,2,0,0,0,2,57.0,,,,1,1,1,3,6
202100015378,2021-10-04 13:10:00,2021,10,4,13,10,83,83086,Route d Aix En Provence,43.468081,6.551156,Plein jour,Hors agglomération,Hors intersection,Normale,Trois véhicules et plus - collisions multiples,3,2,2,0,1,1,1,0,1,70,,3,1,1,0,1,51.0,53.0,,,1,1,1,1,5
202100015379,2021-08-24 14:00:00,2021,8,24,14,0,54,54408,AUTOROUTE A4 ,49.1695553201,5.7545614244,Plein jour,Hors agglomération,Hors intersection,Normale,Deux véhicules - arrière,1,3,4,0,1,1,1,0,1,130,,3,1,0,0,2,29.0,39.0,,,1,1,1,1,2
202100015380,2021-10-03 15:50:00,2021,10,3,15,50,974,97413,Chemin des Camélias,-21.167704,55.319713,Plein jour,Hors agglomération,Hors intersection,Normale,Sans collision,4,2,2,0,2,1,1,0,1,-1,,1,0,0,1,0,36.0,,,,1,1,1,1,7
202100015381,2021-10-04 12:35:00,2021,10,4,12,35,62,62042,Rue de Fampoux,50.303571,2.837048,Plein jour,En agglomération,Giratoire,Normale,Deux véhicules - côté,3,2,2,0,2,3,1,9,1,50,,2,1,0,0,1,38.0,23.0,,,1,2,6,1,3
202100015382,2021-10-04 00:15:00,2021,10,4,0,15,57,57103,9 Rue Paul Glath,49.120452,7.464432,Nuit avec éclairage allumé,En agglomération,Hors intersection,Normale,Autre collision,3,2,2,0,1,3,2,0,3,50,,4,2,0,2,0,25.0,,,,5,2,1,1,6
202100015383,2021-09-08 17:15:00,2021,9,8,17,15,51,51662,Rue Léon Bourgeois,49.2931302971,4.1222915823,Plein jour,En agglomération,Intersection en X,Normale,Deux véhicules - côté,4,-1,2,0,2,1,1,5,1,30,,2,1,0,0,1,47.0,28.0,,,1,2,2,1,3
202100015384,2021-10-04 06:25:00,2021,10,4,6,25,74,74009,route de genève D1201,46.075717,6.092649,Nuit sans éclairage public,Hors agglomération,Hors intersection,Pluie légère,Deux véhicules - côté,3,2,3,0,1,1,2,0,1,80,,2,1,0,1,0,51.0,22.0,,,3,1,1,2,3
202100015385,2021-10-03 18:15:00,2021,10,3,18,15,79,79286,,46.623715,-0.58474,Plein jour,Hors agglomération,Intersection en X,Normale,Deux véhicules - frontale,3,2,2,0,1,2,1,0,1,80,,6,0,0,2,4,41.0,41.0,,,1,1,2,1,1
202100015386,2021-10-04 08:45:00,2021,10,4,8,45,79,79216,42 Rue Saint Martin,46.255439,-0.343932,Plein jour,En agglomération,Hors intersection,Normale,Deux véhicules - frontale,3,2,2,0,1,2,1,0,1,50,,2,1,1,0,0,72.0,36.0,,,1,2,1,1,1
202100015387,2021-10-04 20:30:00,2021,10,4,20,30,2B,2B207,hameau de FOLELLI,42.449705,9.506521,Nuit avec éclairage allumé,En agglomération,Hors intersection,Temps couvert,Deux véhicules - arrière,2,2,2,0,1,1,2,0,1,50,,3,2,0,0,1,40.0,37.0,,,5,2,1,8,2
202100015388,2021-10-02 15:00:00,2021,10,2,15,0,63,63295,52 rue du commerce,46.017909,3.354993,Plein jour,En agglomération,Hors intersection,Normale,Autre collision,3,2,2,0,1,1,1,0,1,50,,2,1,0,0,1,93.0,,,,1,2,1,1,6
202100015389,2021-10-01 12:10:00,2021,10,1,12,10,49,49036,Place de l Eglise,47.741845,-0.966663,Plein jour,En agglomération,Intersection en X,Normale,Deux véhicules - côté,3,2,2,0,1,2,2,0,1,50,,2,1,0,0,1,24.0,43.0,,,1,2,2,1,3
202100015390,2021-09-23 17:50:00,2021,9,23,17,50,49,49283,RD723,47.413496,-0.751748,Plein jour,Hors agglomération,Hors intersection,Temps éblouissant,Deux véhicules - arrière,3,2,2,0,1,1,1,0,1,90,,2,1,0,1,0,42.0,75.0,,,1,1,1,7,2
202100015391,2021-10-02 13:46:00,2021,10,2,13,46,47,47143,D930,44.173879,0.29206,Plein jour,En agglomération,Giratoire,Normale,Autre collision,3,2,2,0,1,2,1,5,4,50,,1,0,1,0,0,88.0,,,,1,2,6,1,6
202100015392,2021-09-26 20:45:00,2021,9,26,20,45,86,86100,D611,46.517218,0.243744,Nuit sans éclairage public,Hors agglomération,Intersection en X,Normale,Deux véhicules - côté,3,2,3,0,1,1,1,5,1,90,,3,2,0,1,0,35.0,26.0,,,3,1,2,1,3
202100015393,2021-10-04 16:25:00,2021,10,4,16,25,68,68090,D473,47.497988,7.316422,Plein jour,Hors agglomération,Hors intersection,Pluie légère,Deux véhicules - frontale,3,2,1,0,2,3,2,0,1,80,,2,1,0,0,1,63.0,29.0,,,1,1,1,2,1
202100015394,2021-10-04 10:05:00,2021,10,4,10,5,44,44087,ROUTE DEPARTEMENTALE 13,47.002894,-1.832333,Plein jour,En agglomération,Intersection en Y,Pluie légère,Trois véhicules et plus - en chaîne,3,2,2,0,1,1,2,0,1,70,,6,4,1,1,0,57.0,35.0,,,1,2,4,2,4
202100015395,2021-10-02 12:33:00,2021,10,2,12,33,70,70210,Route du Lavoir,47.796519,6.567721,Plein jour,En agglomération,Hors intersection,Normale,Sans collision,4,2,2,0,2,1,1,0,1,50,,1,0,1,0,0,76.0,,,,1,2,1,1,7
202100015396,2021-10-03 18:00:00,2021,10,3,18,0,58,58244,D37,47.042562,3.862832,Crépuscule ou aube,Hors agglomération,Hors intersection,Pluie légère,Sans collision,3,2,2,0,1,3,2,0,1,80,,2,0,0,1,1,68.0,30.0,,,2,1,1,2,7
202100015397,2021-09-26 16:15:00,2021,9,26,16,15,14,14200,Rue des druides,49.283083,-0.537947,Plein jour,En agglomération,Hors intersection,Normale,Deux véhicules - côté,4,2,2,0,1,3,1,0,1,30,,2,0,0,1,1,14.0,59.0,,,1,2,1,1,3
202100015398,2021-10-04 10:40:00,2021,10,4,10,40,09,09159,RN20,42.769821,1.737084,Plein jour,Hors agglomération,Hors intersection,Normale,Trois véhicules et plus - collisions multiples,2,2,2,0,1,3,2,0,1,80,,6,2,1,0,3,70.0,64.0,,,1,1,1,1,5
202100015399,2021-09-25 08:40:00,2021,9,25,8,40,45,45300,36 Route d Orléans,47.845516,2.032578,Plein jour,En agglomération,Hors intersection,Temps éblouissant,Autre collision,3,2,2,0,1,1,1,6,1,30,,2,1,0,1,0,56.0,,,,1,2,1,7,6
202100015400,2021-10-01 08:30:00,2021,10,1,8,30,64,64522,Chemin Laguangue,43.152451,-0.366037,Plein jour,Hors agglomération,Hors intersection,Normale,Sans collision,4,2,1,0,1,4,1,0,8,80,,1,0,1,0,0,32.0,,,,1,1,1,1,7
202100015401,2021-10-03 15:00:00,2021,10,3,15,0,43,43051,grangeneuve,45.02871,4.290397,Plein jour,Hors agglomération,Intersection en X,Pluie forte,Deux véhicules - côté,3,2,2,0,1,1,2,0,1,80,,3,2,0,1,0,58.0,24.0,,,1,1,2,3,3
202100015402,2021-10-04 10:00:00,2021,10,4,10,0,43,43025,RD 42,45.282828,4.110196,Plein jour,Hors agglomération,Hors intersection,Pluie légère,Deux véhicules - frontale,3,2,2,0,2,3,2,0,1,90,,3,1,1,1,0,32.0,30.0,,,1,1,1,2,1
202100015403,2021-10-02 16:14:00,2021,10,2,16,14,07,07349,D86,44.806918,4.793537,Plein jour,Hors agglomération,Intersection en T,Normale,Deux véhicules - côté,3,2,2,0,1,1,1,5,1,80,,5,1,0,1,3,,50.0,,,1,1,3,1,3
202100015404,2021-10-02 14:35:00,2021,10,2,14,35,21,21614,D120B,47.441615,5.210395,Plein jour,Hors agglomération,Intersection en T,Normale,Deux véhicules - côté,3,2,2,0,1,1,1,0,1,80,,5,1,0,1,3,25.0,28.0,,,1,1,3,1,3
202100015405,2021-10-01 14:00:00,2021,10,1,14,0,24,24520,Avenue Joséphine Baker,44.870692,1.20618,Plein jour,En agglomération,Intersection en T,Normale,Deux véhicules - côté,3,2,2,0,2,1,1,0,1,50,,3,1,0,0,2,16.0,46.0,,,1,2,3,1,3
202100015406,2021-06-26 12:40:00,2021,6,26,12,40,87,87154,"place de perissat, codille",45.877842,0.884485,Plein jour,En agglomération,Intersection en X,Normale,Deux véhicules - frontale,3,2,2,0,1,1,1,0,1,70,,2,1,0,1,0,51.0,27.0,,,1,2,2,1,1
202100015407,2021-09-28 11:30:00,2021,9,28,11,30,37,37133,Lieu dit Les brosses,47.1082074699,1.1463413303,Plein jour,Hors agglomération,Intersection en X,Normale,Deux véhicules - côté,3,2,2,0,1,1,1,0,1,90,,2,1,0,1,0,49.0,39.0,,,1,1,2,1,3
202100015408,2021-10-03 22:12:00,2021,10,3,22,12,38,38394,autoroute A 49 -PK 039.500,45.106667,5.252323,Nuit sans éclairage public,Hors agglomération,Hors intersection,Pluie forte,Autre collision,1,3,2,0,1,2,2,0,1,110,,4,3,0,0,1,45.0,61.0,,,3,1,1,3,6
202100015409,2021-09-10 18:40:00,2021,9,10,18,40,978,97801,route nationale 7 - quartier d'Orléans,18.069473,-63.03512,Nuit sans éclairage public,En agglomération,Hors intersection,Normale,Autre collision,2,2,2,0,1,1,1,0,1,50,,1,0,0,1,0,27.0,,,,3,2,1,1,6
202100015410,2021-10-03 16:00:00,2021,10,3,16,0,42,42209,A89,45.866921,4.264546,Plein jour,Hors agglomération,Hors intersection,Pluie forte,Autre collision,1,3,3,3,1,1,2,0,1,130,,1,0,0,1,0,25.0,,,,1,1,1,3,6
202100015411,2021-10-02 23:30:00,2021,10,2,23,30,49,49311,Route de Longué,47.38667,-0.069099,Nuit sans éclairage public,En agglomération,Intersection en T,Vent fort / tempête,Sans collision,3,2,2,0,1,1,2,0,1,50,,1,0,0,1,0,47.0,,,,3,2,3,6,7
202100015412,2021-10-03 18:35:00,2021,10,3,18,35,976,97602,Avenue de Mgouedajou - Dzoumogne,-12.722662,45.12556,Nuit sans éclairage public,Hors agglomération,Hors intersection,Normale,Deux véhicules - frontale,2,2,2,0,1,1,1,0,1,30,,2,0,1,0,1,23.0,37.0,,,3,1,1,1,1
202100015413,2021-09-30 10:20:00,2021,9,30,10,20,30,30036,Autoroute A9 pk 61.700 sens 2 direction NIMES,43.775231,4.284389,Plein jour,Hors agglomération,Hors intersection,Normale,Autre collision,1,3,5,0,1,1,1,0,3,90,,1,0,0,1,0,46.0,,,,1,1,1,1,6