accident_id,datetime,annee,mois,jour,heure,minute,departement,commune_insee,adresse,latitude,longitude,luminosite,agglomeration,intersection,meteo,collision,catr,circ,nbv,vosp,prof,plan,surf,infra,situ,vma,nb_vehicules,nb_usagers,nb_indemnes,nb_tues,nb_blesses_hosp,nb_blesses_legers,age_cond_1,age_cond_2,veh_type_cond_1,veh_type_cond_2,lum_code,agg_code,int_code,atm_code,col_code
202100015414,2021-09-27 19:15:00,2021,9,27,19,15,68,68118,D56.2,47.728402,7.420809,Plein jour,En agglomération,Giratoire,Normale,Deux véhicules - côté,3,2,2,0,1,3,1,0,1,30,,2,1,0,0,1,40.0,19.0,,,1,2,6,1,3
202100015415,2021-10-04 07:30:00,2021,10,4,7,30,13,13112,"A7, Pk 249.100, sens MARSEILLE / LYON",43.538905,5.221424,Crépuscule ou aube,Hors agglomération,Hors intersection,Pluie forte,Deux véhicules - arrière,1,3,4,0,2,3,2,0,1,130,,3,1,1,1,0,26.0,,,,2,1,1,3,2
202100015416,2021-10-03 01:40:00,2021,10,3,1,40,28,28185,Route nationale 12,48.769343,1.537271,Nuit sans éclairage public,Hors agglomération,Hors intersection,Vent fort / tempête,Sans collision,2,3,4,0,1,1,2,0,8,110,,4,0,1,3,0,22.0,,,,3,1,1,6,7
202100015417,2021-08-20 11:50:00,2021,8,20,11,50,77,77235,Route départementale 3 Pk 4+183,48.99289,3.065035,Plein jour,Hors agglomération,Intersection en X,Normale,Deux véhicules - côté,3,2,2,0,3,2,1,0,1,80,,4,2,0,0,2,71.0,21.0,,,1,1,2,1,3
202100015418,2021-10-03 22:05:00,2021,10,3,22,5,2A,2A247,D768,41.584578,9.280915,Nuit avec éclairage allumé,En agglomération,Intersection en T,Normale,Deux véhicules - frontale,3,2,2,0,3,2,1,0,1,50,,3,2,0,1,0,15.0,56.0,,,5,2,3,1,1
202100015419,2021-10-03 17:00:00,2021,10,3,17,0,66,66065,route de perpignan,42.610997,2.961137,Plein jour,Hors agglomération,Intersection en T,Pluie légère,Deux véhicules - côté,3,2,2,0,1,1,2,0,1,-1,,2,1,1,0,0,19.0,25.0,,,1,1,3,2,3
202100015420,2021-09-29 18:53:00,2021,9,29,18,53,84,84074,D973,43.75428,5.180113,Crépuscule ou aube,En agglomération,Hors intersection,Normale,Autre collision,3,2,2,0,1,1,1,0,1,50,,2,1,0,0,1,50.0,,,,2,2,1,1,6
202100015421,2021-08-25 16:00:00,2021,8,25,16,0,84,84054,Route de Velleron,43.938327,5.036649,Plein jour,Hors agglomération,Hors intersection,Normale,Deux véhicules - frontale,4,2,2,0,1,3,1,2,1,80,,2,1,0,1,0,25.0,24.0,,,1,1,1,1,1
202100015422,2021-10-03 05:15:00,2021,10,3,5,15,84,84034,Chemin des Prévieux,43.892174,4.983001,Nuit sans éclairage public,Hors agglomération,Hors intersection,Normale,Autre collision,4,-1,1,0,1,1,1,0,3,80,,2,1,0,1,0,27.0,41.0,,,3,1,1,1,6
202100015423,2021-10-04 13:20:00,2021,10,4,13,20,83,83023,D12,43.399899,6.083529,Plein jour,Hors agglomération,Hors intersection,Pluie forte,Sans collision,3,2,2,0,2,3,2,0,1,-1,,1,0,0,0,1,23.0,,,,1,1,1,3,7
202100015424,2021-10-03 21:45:00,2021,10,3,21,45,68,68334,47 rue curiale,47.811836,7.099003,Nuit avec éclairage allumé,En agglomération,Hors intersection,Pluie légère,Autre collision,3,1,1,0,1,1,2,0,8,30,,2,1,0,0,1,60.0,,,,5,2,1,2,6
202100015425,2021-10-02 15:10:00,2021,10,2,15,10,67,67130,D468,48.418207,7.701353,Plein jour,En agglomération,Intersection en T,Normale,Deux véhicules - côté,3,2,2,0,1,1,1,0,1,50,,3,1,0,0,2,60.0,56.0,,,1,2,3,1,3
202100015426,2021-10-03 18:15:00,2021,10,3,18,15,03,03056,Route de Cusset,46.071969,3.558401,Crépuscule ou aube,Hors agglomération,Hors intersection,Pluie forte,Sans collision,3,2,2,0,1,1,3,0,3,90,,1,0,0,0,1,21.0,,,,2,1,1,3,7
202100015427,2021-10-03 17:30:00,2021,10,3,17,30,74,74243,Rte d Annecy,46.139403,6.078546,Plein jour,En agglomération,Giratoire,Pluie forte,Deux véhicules - frontale,3,2,2,0,2,3,2,0,1,50,,3,0,0,3,0,41.0,37.0,,,1,2,6,3,1
202100015428,2021-10-01 17:30:00,2021,10,1,17,30,19,19101,Avenue de Coulaud,45.247413078,1.7715668678,Plein jour,En agglomération,Hors intersection,Pluie légère,Trois véhicules et plus - en chaîne,3,2,2,0,1,1,2,2,1,50,,5,2,0,2,1,52.0,48.0,,,1,2,1,2,4
202100015429,2021-10-02 12:50:00,2021,10,2,12,50,86,86095,Chemin de Puygremier,46.699476,0.415281,Plein jour,Hors agglomération,Hors intersection,Normale,Sans collision,4,2,2,0,2,3,1,0,8,-1,,3,2,0,1,0,20.0,,,,1,1,1,1,7
202100015430,2021-10-04 11:00:00,2021,10,4,11,0,29,29021,Rue Poulpry,48.670676,-4.338967,Plein jour,Hors agglomération,Intersection en X,Normale,Sans collision,4,2,2,0,1,1,9,0,1,80,,1,0,0,1,0,64.0,,,,1,1,2,1,7
202100015431,2021-10-04 12:05:00,2021,10,4,12,5,60,60450,Route de Crouy,49.223925,2.290885,Plein jour,En agglomération,Intersection en T,Normale,Deux véhicules - frontale,3,2,2,0,1,1,1,0,1,50,,2,1,0,0,1,56.0,22.0,,,1,2,3,1,1
202100015432,2021-10-03 17:45:00,2021,10,3,17,45,59,59212,49 Rue du General de Gaulle,50.644203,2.723785,Plein jour,En agglomération,Hors intersection,Temps couvert,Autre collision,3,2,2,0,1,1,1,9,1,50,,3,2,0,0,1,46.0,,,,1,2,1,8,6
202100015433,2021-10-03 05:43:00,2021,10,3,5,43,13,13106,A7-Sens Marseille vers Lyon,43.388,5.35157,Nuit sans éclairage public,Hors agglomération,Hors intersection,Temps couvert,Autre collision,1,-1,3,0,2,1,1,0,1,90,,2,0,0,0,2,24.0,,,,3,1,1,8,6
202100015434,2021-10-03 05:05:00,2021,10,3,5,5,13,13106,A51-Sens Marseille vers Aix en Provence,43.40498,5.35922,Nuit sans éclairage public,Hors agglomération,Hors intersection,Normale,Autre collision,1,1,3,0,1,1,1,0,2,90,,1,0,0,0,1,32.0,,,,3,1,1,1,6
202100015435,2021-10-02 12:44:00,2021,10,2,12,44,13,13215,A7-Sens Marseille vers Lyon,43.3499553521,5.3688884818,Plein jour,Hors agglomération,Hors intersection,Normale,Deux véhicules - arrière,1,-1,4,0,1,1,1,0,1,90,,2,1,0,0,1,29.0,21.0,,,1,1,1,1,2
202100015436,2021-10-01 21:00:00,2021,10,1,21,0,13,13055,A507 sens Aubagne- Marseille,43.29509,5.42479,Nuit avec éclairage allumé,Hors agglomération,Hors intersection,Normale,Deux véhicules - arrière,1,3,2,0,3,1,1,0,1,70,,6,3,0,0,3,45.0,25.0,,,5,1,1,1,2
202100015437,2021-10-02 11:00:00,2021,10,2,11,0,13,13106,A7-Sens Marseille vers Lyon,43.38613,5.35105,Plein jour,Hors agglomération,Hors intersection,Normale,Deux véhicules - arrière,1,1,3,0,2,1,1,0,1,90,,2,1,0,0,1,54.0,49.0,,,1,1,1,1,2
202100015438,2021-09-28 16:00:00,2021,9,28,16,0,13,13216,A55-Sens Marseille vers Martigues,43.34503,5.34636,Plein jour,Hors agglomération,Hors intersection,Normale,Deux véhicules - côté,1,-1,3,0,1,2,1,0,1,90,,2,1,0,0,1,32.0,24.0,,,1,1,1,1,3
202100015439,2021-09-27 11:10:00,2021,9,27,11,10,69,69081,M6   451.640 A 451.790,45.77264,4.78688,Plein jour,Hors agglomération,Hors intersection,Normale,Deux véhicules - côté,7,1,4,0,1,2,1,3,1,70,,2,1,0,0,1,72.0,20.0,,,1,1,1,1,3
202100015440,2021-09-28 06:20:00,2021,9,28,6,20,69,69297,A47   0.000  A 1.657,45.58818,4.78942,Nuit sans éclairage public,Hors agglomération,Hors intersection,Normale,Deux véhicules - côté,1,3,4,0,1,1,1,0,1,70,,2,1,0,0,1,46.0,22.0,,,3,1,1,1,3
202100015441,2021-10-03 10:25:00,2021,10,3,10,25,91,91161,AUTOROUTE A6,48.69462,2.31897,Plein jour,Hors agglomération,Hors intersection,Pluie forte,Trois véhicules et plus - collisions multiples,1,3,6,0,1,1,4,0,1,110,,4,1,0,1,2,40.0,23.0,,,1,1,1,3,5
202100015442,2021-10-02 18:30:00,2021,10,2,18,30,91,91340,AUTOROUTE A6,48.60136,2.43882,Crépuscule ou aube,Hors agglomération,Hors intersection,Pluie légère,Deux véhicules - arrière,1,3,6,0,1,1,2,0,1,110,,3,2,0,0,1,41.0,40.0,,,2,1,1,2,2
202100015443,2021-10-02 11:55:00,2021,10,2,11,55,91,91687,AUTOROUTE A6,48.66572,2.36264,Plein jour,Hors agglomération,Hors intersection,Normale,Deux véhicules - arrière,1,3,6,0,1,1,1,0,1,110,,3,0,0,0,3,24.0,32.0,,,1,1,1,1,2
202100015444,2021-10-03 13:50:00,2021,10,3,13,50,78,78423,RN12,48.794487,2.049665,Plein jour,Hors agglomération,Hors intersection,Normale,Autre collision,2,-1,2,0,1,1,1,0,1,90,,1,0,0,0,1,57.0,,,,1,1,1,1,6
202100015445,2021-10-02 08:00:00,2021,10,2,8,0,92,92063,A86,48.8913920044,2.1758972497,Plein jour,Hors agglomération,Hors intersection,Normale,Deux véhicules - frontale,1,3,4,0,1,1,2,0,1,90,,2,1,0,0,1,27.0,41.0,,,1,1,1,1,1
202100015446,2021-10-03 10:50:00,2021,10,3,10,50,78,78646,RN12,48.790919,2.107671,Plein jour,Hors agglomération,Hors intersection,Pluie forte,Deux véhicules - arrière,2,1,3,0,1,1,2,0,1,90,,2,1,0,0,1,36.0,36.0,,,1,1,1,3,2
202100015447,2021-10-02 06:05:00,2021,10,2,6,5,78,78531,A13,48.988462,1.657215,Nuit sans éclairage public,Hors agglomération,Hors intersection,Temps couvert,Deux véhicules - arrière,1,-1,3,0,1,3,2,0,1,110,,2,1,0,0,1,,46.0,,,3,1,1,8,2
202100015448,2021-10-03 12:35:00,2021,10,3,12,35,95,95218, A15,49.0351184028,2.0985061907,Plein jour,Hors agglomération,Hors intersection,Pluie légère,Autre collision,1,3,6,0,1,1,2,0,1,70,,1,0,0,0,1,24.0,,,,1,1,1,2,6
202100015449,2021-10-03 12:00:00,2021,10,3,12,0,93,93066,AUTOROUTE A1,48.92,2.3575,Plein jour,Hors agglomération,Hors intersection,Pluie forte,Trois véhicules et plus - en chaîne,1,3,10,0,1,1,2,0,1,90,,3,2,0,0,1,24.0,31.0,,,1,1,1,3,4
202100015450,2021-10-03 14:00:00,2021,10,3,14,0,95,95018,A15,48.958979,2.2737,Plein jour,Hors agglomération,Hors intersection,Normale,Autre collision,1,3,8,0,1,1,1,0,1,110,,1,0,0,0,1,30.0,,,,1,1,1,1,6
202100015451,2021-10-03 10:15:00,2021,10,3,10,15,93,93027,AUTOROUTE A86,48.92858,2.41474,Plein jour,Hors agglomération,Hors intersection,Pluie forte,Autre collision,1,3,6,0,1,1,3,0,1,110,,1,0,0,0,1,31.0,,,,1,1,1,3,6
202100015452,2021-10-02 18:00:00,2021,10,2,18,0,95,95500,A15,49.0377548777,2.0892307029,Plein jour,Hors agglomération,Hors intersection,Pluie légère,Deux véhicules - arrière,1,3,4,0,1,1,2,0,1,90,,2,1,0,0,1,41.0,23.0,,,1,1,1,2,2
202100015453,2021-09-28 11:00:00,2021,9,28,11,0,93,93008,AUTOROUTE A86,48.91149,2.44041,Plein jour,Hors agglomération,Hors intersection,Normale,Deux véhicules - arrière,1,1,3,0,1,1,1,1,1,90,,2,1,0,0,1,37.0,38.0,,,1,1,1,1,2
202100015454,2021-10-03 02:35:00,2021,10,3,2,35,93,93066,AUTOROUTE A1,48.92177,2.35738,Nuit avec éclairage allumé,Hors agglomération,Hors intersection,Pluie forte,Deux véhicules - arrière,1,3,8,0,1,1,2,0,1,90,,3,2,0,0,1,,24.0,,,5,1,1,3,2
202100015455,2021-10-02 19:20:00,2021,10,2,19,20,93,93027,AUTOROUTE A86,48.92847,2.41659,Nuit sans éclairage public,Hors agglomération,Hors intersection,Pluie légère,Sans collision,1,3,6,0,1,2,2,0,1,90,,1,0,0,0,1,28.0,,,,3,1,1,2,7
202100015456,2021-10-02 12:10:00,2021,10,2,12,10,95,95607, A115,49.0136296465,2.2190451622,Plein jour,Hors agglomération,Hors intersection,Normale,Trois véhicules et plus - collisions multiples,1,3,4,0,2,1,1,0,1,70,,6,5,0,0,1,24.0,19.0,,,1,1,1,1,5
202100015457,2021-10-01 19:00:00,2021,10,1,19,0,95,95572,A15,49.02665,2.13028,Plein jour,Hors agglomération,Hors intersection,Pluie légère,Trois véhicules et plus - en chaîne,1,3,6,0,1,1,2,0,1,110,,3,2,0,0,1,40.0,32.0,,,1,1,1,2,4
202100015458,2021-10-01 08:15:00,2021,10,1,8,15,95,95365,RN 104,49.06604,2.40522,Plein jour,Hors agglomération,Hors intersection,Normale,Trois véhicules et plus - collisions multiples,2,3,4,0,1,1,1,0,1,90,,3,2,0,0,1,47.0,20.0,,,1,1,1,1,5
202100015459,2021-10-03 07:15:00,2021,10,3,7,15,94,94046,A86 INT,48.80853,2.44875,Crépuscule ou aube,Hors agglomération,Hors intersection,Pluie forte,Deux véhicules - arrière,1,3,9,0,1,1,2,0,1,90,,4,2,0,0,2,45.0,37.0,,,2,1,1,3,2
202100015460,2021-10-03 00:05:00,2021,10,3,0,5,94,94069,A4,48.8167102311,2.452692539,Nuit sans éclairage public,Hors agglomération,Hors intersection,Pluie forte,Trois véhicules et plus - en chaîne,1,1,4,0,1,1,2,0,1,90,,3,2,0,0,1,54.0,36.0,,,3,1,1,3,4
202100015461,2021-10-02 16:25:00,2021,10,2,16,25,77,77514,A104,48.9317759692,2.6280077907,Plein jour,Hors agglomération,Hors intersection,Pluie légère,Deux véhicules - côté,1,3,2,0,1,1,2,0,1,90,,2,1,0,0,1,21.0,29.0,,,1,1,1,2,3
202100015462,2021-05-30 15:50:00,2021,5,30,15,50,04,04174,,43.9709931862,6.7599539459,Plein jour,Hors agglomération,Intersection en Y,Normale,Deux véhicules - côté,3,2,-1,-1,1,1,1,5,1,80,,2,1,0,0,1,60.0,30.0,,,1,1,4,1,3
202100015463,2021-06-17 18:15:00,2021,6,17,18,15,76,76239,A29 - PK 30+500,49.537479,0.316704,Plein jour,Hors agglomération,Hors intersection,Normale,Autre collision,1,3,3,3,2,1,1,0,1,130,,2,1,0,1,0,73.0,,,,1,1,1,1,6
202100015464,2021-10-02 15:13:00,2021,10,2,15,13,37,37214,DE GAULLE (BD CHARLES),47.41173,0.67501,Plein jour,En agglomération,Hors intersection,Pluie légère,Deux véhicules - arrière,4,2,2,2,1,1,2,0,1,50,,3,1,0,0,2,41.0,45.0,,,1,2,1,2,2
202100015465,2021-09-28 18:10:00,2021,9,28,18,10,27,27681,POTERIE (RUE DE LA),49.08125,1.4842,Plein jour,En agglomération,Giratoire,Normale,Deux véhicules - arrière,4,2,2,0,1,2,1,9,8,50,,3,2,0,0,1,22.0,53.0,,,1,2,6,1,2
202100015466,2021-10-01 18:40:00,2021,10,1,18,40,27,27229,FOCH (AVENUE DU MARECHAL),49.02343,1.13504,Crépuscule ou aube,En agglomération,Hors intersection,Pluie forte,Autre collision,4,3,4,0,1,1,2,0,1,50,,2,1,0,0,1,37.0,,,,2,2,1,3,6
202100015467,2021-10-02 09:30:00,2021,10,2,9,30,976,97611,kaweni-Pendu (Place),-12.7658135438,45.2250565238,Plein jour,Hors agglomération,Hors intersection,Normale,Deux véhicules - côté,2,2,2,0,2,1,1,0,1,50,,2,1,0,1,0,33.0,22.0,,,1,1,1,1,3
202100015468,2021-10-02 00:57:00,2021,10,2,0,57,974,97416,PERE FAVRON(RUE DU),-21.3375,55.46609,Nuit avec éclairage allumé,En agglomération,Hors intersection,Normale,Sans collision,4,2,3,3,1,1,1,9,1,30,,1,0,1,0,0,23.0,,,,5,2,1,1,7
202100015469,2021-10-01 11:40:00,2021,10,1,11,40,974,97411,PROVIDENCE (BOULEVARD DE LA),-20.89287,55.45576,Plein jour,En agglomération,Hors intersection,Normale,Deux véhicules - arrière,4,2,2,0,1,1,1,0,1,50,,2,1,0,0,1,34.0,43.0,,,1,2,1,1,2
202100015470,2021-09-30 07:35:00,2021,9,30,7,35,974,97411,LECLERC (DU MARECHAL),-20.87964,55.45582,Plein jour,En agglomération,Intersection en Y,Normale,Deux véhicules - côté,4,1,1,0,1,1,1,0,1,30,,2,1,0,0,1,47.0,,,,1,2,4,1,3
202100015471,2021-10-02 02:30:00,2021,10,2,2,30,974,97407,ROUTE DU SACRE COEUR,-20.94994,55.30164,Nuit sans éclairage public,Hors agglomération,Hors intersection,Normale,Sans collision,4,-1,2,1,1,1,1,0,5,30,,1,0,0,0,1,29.0,,,,3,1,1,1,7
202100015472,2021-09-29 11:40:00,2021,9,29,11,40,974,97407,DE GAULLE(RUE),-20.94353,55.29752,Plein jour,En agglomération,Hors intersection,Normale,Deux véhicules - côté,4,2,2,0,2,1,1,6,1,30,,2,1,0,0,1,17.0,32.0,,,1,2,1,1,3
202100015473,2021-10-02 06:00:00,2021,10,2,6,0,973,97302,RABAN (ROUTE DE),4.92243,-52.31262,Plein jour,En agglomération,Hors intersection,Normale,Sans collision,4,2,1,0,1,1,1,0,1,50,,1,0,0,0,1,20.0,,,,1,2,1,1,7
202100015474,2021-10-01 20:50:00,2021,10,1,20,50,973,97302,BADUEL (ROUTE DE),4.9276861398,-52.2915623188,Nuit sans éclairage public,En agglomération,Autre intersection,Normale,Deux véhicules - côté,3,2,2,0,1,1,1,9,1,50,,3,1,0,0,2,22.0,57.0,,,3,2,9,1,3
202100015475,2021-10-02 14:45:00,2021,10,2,14,45,69,69386,CREQUI (DE) (R),45.76369,4.84706,Plein jour,En agglomération,Hors intersection,Normale,Autre collision,4,1,2,2,1,1,1,0,1,30,,2,1,0,0,1,23.0,,,,1,2,1,1,6
202100015476,2021-10-01 14:50:00,2021,10,1,14,50,69,69276,LYON (DE) (RTE)              ,45.6790310265,4.861127144,Plein jour,Hors agglomération,Hors intersection,Normale,Deux véhicules - arrière,7,2,2,1,1,1,1,0,1,50,,2,1,0,0,1,,52.0,,,1,1,1,1,2
202100015477,2021-10-01 12:10:00,2021,10,1,12,10,69,69383,MARECHAL DE SAXE (AV),45.75531,4.84661,Plein jour,En agglomération,Intersection en T,Normale,Deux véhicules - côté,4,1,1,3,1,1,1,0,6,50,,4,2,0,0,2,42.0,91.0,,,1,2,3,1,3
202100015478,2021-10-02 14:50:00,2021,10,2,14,50,69,69389,JAYR (Q),45.78041,4.80917,Plein jour,En agglomération,Intersection à plus de 4 branches,Normale,Deux véhicules - côté,4,2,3,1,1,1,1,0,5,50,,3,2,0,0,1,35.0,42.0,,,1,2,5,1,3
202100015479,2021-10-01 22:15:00,2021,10,1,22,15,69,69389,OBSERVANCE (DE L') (MO),45.76675,4.81157,Nuit avec éclairage allumé,En agglomération,Hors intersection,Normale,Autre collision,4,2,2,0,2,1,2,0,1,50,,2,1,0,0,1,27.0,,,,5,2,1,1,6
202100015480,2021-10-01 19:20:00,2021,10,1,19,20,69,69382,QUIVOGNE (R),45.74505,4.82508,Crépuscule ou aube,En agglomération,Intersection en X,Normale,Deux véhicules - côté,4,1,1,2,1,1,1,0,1,50,,3,2,0,0,1,24.0,27.0,,,2,2,2,1,3
202100015481,2021-10-01 09:30:00,2021,10,1,9,30,69,69389,DUCHERE (DE LA) (BD),45.78252,4.79709,Plein jour,En agglomération,Intersection en T,Normale,Deux véhicules - côté,4,2,2,3,2,3,1,0,1,50,,2,1,0,0,1,44.0,25.0,,,1,2,3,1,3
202100015482,2021-10-01 05:45:00,2021,10,1,5,45,69,69034,BAC A TRAILLE (DU) (CHM),45.79166,4.86901,Nuit avec éclairage allumé,En agglomération,Hors intersection,Normale,Autre collision,4,2,2,0,1,2,1,0,3,30,,2,0,1,1,0,18.0,,,,5,2,1,1,6
202100015483,2021-09-30 19:30:00,2021,9,30,19,30,69,69382,JULES COURMONT (Q),45.7580123363,4.8368420125,Crépuscule ou aube,En agglomération,Hors intersection,Normale,Autre collision,4,1,1,1,2,1,1,0,4,50,,2,1,0,0,1,,,,,2,2,1,1,6
202100015484,2021-09-30 12:20:00,2021,9,30,12,20,69,69389,MARIETTON (R),45.77507,4.80722,Plein jour,En agglomération,Intersection en X,Normale,Deux véhicules - côté,4,1,3,3,1,1,1,0,6,50,,2,1,0,1,0,21.0,48.0,,,1,2,2,1,3
202100015485,2021-10-01 16:40:00,2021,10,1,16,40,971,97120,CHANZY (BOULEVARD),16.24111,-61.53558,Plein jour,En agglomération,Intersection en X,Normale,Autre collision,3,1,2,0,1,1,1,0,8,50,,2,1,0,0,1,69.0,,,,1,2,2,1,6
202100015486,2021-10-01 21:55:00,2021,10,1,21,55,2A,2A004,NAPOLEON COURS AVANT BEVERINI,41.9235,8.7377,Nuit avec éclairage allumé,En agglomération,Intersection en T,Normale,Deux véhicules - frontale,2,2,2,0,2,1,1,0,1,50,,2,1,0,0,1,17.0,50.0,,,5,2,3,1,1
202100015487,2021-10-01 01:15:00,2021,10,1,1,15,2A,2A004,NAPOLEON III AVENUE IMPAIR,41.92388,8.73533,Nuit avec éclairage allumé,En agglomération,Hors intersection,Normale,Deux véhicules - frontale,4,2,2,0,2,2,1,0,1,50,,2,0,0,1,1,40.0,51.0,,,5,2,1,1,1
202100015488,2021-09-30 17:34:00,2021,9,30,17,34,2A,2A004,T21,41.92862,8.7659,Plein jour,En agglomération,Hors intersection,Normale,Deux véhicules - côté,2,3,4,0,1,1,1,0,1,70,,2,1,0,0,1,69.0,47.0,,,1,2,1,1,3
202100015489,2021-10-02 08:50:00,2021,10,2,8,50,95,95088,RD 170,48.97659,2.42988,Plein jour,Hors agglomération,Hors intersection,Temps couvert,Trois véhicules et plus - en chaîne,3,3,4,0,2,3,1,0,1,70,,3,1,0,0,2,26.0,22.0,,,1,1,1,8,4
202100015490,2021-10-01 12:10:00,2021,10,1,12,10,95,95555,RD 14,48.9642143706,2.2887049998,Plein jour,En agglomération,Giratoire,Normale,Deux véhicules - côté,3,2,2,0,1,1,1,5,1,30,,2,1,0,0,1,75.0,46.0,,,1,2,6,1,3
202100015491,2021-10-01 07:30:00,2021,10,1,7,30,95,95555,LECLERC (RUE DU GENERAL),48.9669203172,2.2906785404,Plein jour,En agglomération,Hors intersection,Normale,Deux véhicules - arrière,4,2,2,0,1,1,1,0,1,30,,2,1,0,0,1,41.0,49.0,,,1,2,1,1,2
202100015492,2021-10-01 03:15:00,2021,10,1,3,15,95,95555,ERMONT (RUE D'),48.9731630689,2.2759321509,Nuit avec éclairage allumé,En agglomération,Autre intersection,Normale,Autre collision,3,3,4,0,1,1,1,0,1,50,,2,0,0,0,2,20.0,,,,5,2,9,1,6
202100015493,2021-10-01 18:45:00,2021,10,1,18,45,91,91021,RTE D'EGLY,48.585285,2.240901,Plein jour,En agglomération,Hors intersection,Pluie forte,Trois véhicules et plus - collisions multiples,4,2,2,0,2,1,2,9,8,50,,4,3,0,0,1,25.0,57.0,,,1,2,1,3,5
202100015494,2021-10-02 09:10:00,2021,10,2,9,10,91,91549,LIERS (RUE DE),48.62936,2.33522,Plein jour,En agglomération,Hors intersection,Normale,Autre collision,4,2,0,0,1,1,1,0,1,50,,1,0,0,0,1,21.0,,,,1,2,1,1,6
202100015495,2021-09-30 08:50:00,2021,9,30,8,50,91,91494,DEVI DU CD 19,48.612015,2.340134,Crépuscule ou aube,Hors agglomération,Giratoire,Normale,Deux véhicules - côté,3,1,3,0,1,2,1,0,1,50,,2,1,0,0,1,42.0,24.0,,,2,1,6,1,3
202100015496,2021-10-01 12:45:00,2021,10,1,12,45,91,91471,VERSAILLES (RUE DE),48.711828,2.183203,Plein jour,En agglomération,Hors intersection,Normale,Autre collision,3,-1,2,0,2,1,1,0,1,50,,2,1,0,0,1,23.0,,,,1,2,1,1,6
202100015497,2021-10-01 20:55:00,2021,10,1,20,55,91,91191,Jean Jaures (Avenue),48.714584,2.460758,Nuit sans éclairage public,En agglomération,Hors intersection,Pluie légère,Autre collision,3,2,2,0,1,1,2,0,1,50,,1,0,0,0,1,34.0,,,,3,2,1,2,6
202100015498,2021-10-02 19:25:00,2021,10,2,19,25,91,91326,GABRIEL PERI (AVENUE),48.69582,2.36772,Nuit avec éclairage allumé,En agglomération,Hors intersection,Pluie légère,Trois véhicules et plus - en chaîne,3,2,2,0,1,1,2,0,1,50,,2,1,0,0,1,33.0,40.0,,,5,2,1,2,4
202100015499,2021-10-02 15:30:00,2021,10,2,15,30,91,91027,AV ARISTIDE BRIAND,48.705952,2.387846,Plein jour,En agglomération,Hors intersection,Pluie légère,Deux véhicules - côté,4,2,2,0,1,1,2,0,1,50,,5,4,0,0,1,26.0,44.0,,,1,2,1,2,3
202100015500,2021-10-01 18:57:00,2021,10,1,18,57,91,91479,AV DE VERDUN,48.705624,2.357123,Plein jour,En agglomération,Intersection en T,Pluie légère,Deux véhicules - arrière,3,2,2,0,1,1,2,0,1,50,,2,1,0,0,1,30.0,38.0,,,1,2,3,2,2
202100015501,2021-09-30 18:08:00,2021,9,30,18,8,87,87085,THOMAS (AVENUE ALBERT),45.83642,1.24267,Plein jour,En agglomération,Hors intersection,Normale,Deux véhicules - arrière,4,2,2,0,1,1,1,0,1,50,,2,1,0,0,1,48.0,18.0,,,1,2,1,1,2
202100015502,2021-09-30 17:03:00,2021,9,30,17,3,87,87085,RUCHOUX (AVENUE DES),45.83807,1.24584,Plein jour,En agglomération,Hors intersection,Normale,Autre collision,4,2,2,0,1,1,1,0,4,50,,2,1,0,0,1,47.0,,,,1,2,1,1,6
202100015503,2021-09-30 12:43:00,2021,9,30,12,43,87,87065,RD 704A,45.79821,1.29565,Plein jour,Hors agglomération,Intersection en T,Normale,Deux véhicules - côté,3,3,3,0,2,2,1,0,1,70,,2,0,0,0,2,57.0,62.0,,,1,1,3,1,3
202100015504,2021-09-29 12:38:00,2021,9,29,12,38,87,87075,AURENCE (RUE DE L'),45.81595,1.1742,Plein jour,En agglomération,Hors intersection,Normale,Deux véhicules - arrière,3,2,2,0,1,1,1,0,1,50,,2,1,0,0,1,45.0,30.0,,,1,2,1,1,2
202100015505,2021-10-02 05:00:00,2021,10,2,5,0,85,85191,MOREAU BOULEVARD STEPHANE,46.66687,-1.40963,Nuit avec éclairage allumé,En agglomération,Autre intersection,Normale,Deux véhicules - côté,3,-1,1,0,1,3,1,0,1,50,,2,0,0,1,1,20.0,26.0,,,5,2,9,1,3
202100015506,2021-10-02 15:45:00,2021,10,2,15,45,83,83137,VERT COTEAU (AVE DU),43.12548,5.94471,Plein jour,En agglomération,Hors intersection,Normale,Autre collision,4,2,2,0,1,1,1,0,1,30,,2,1,0,1,0,75.0,,,,1,2,1,1,6
202100015507,2021-10-01 09:00:00,2021,10,1,9,0,83,83144,COUPIANE (AVE DE LA),43.13112,5.988983,Plein jour,En agglomération,Hors intersection,Normale,Autre collision,4,2,2,0,1,1,1,0,1,50,,2,0,0,1,1,75.0,,,,1,2,1,1,6
202100015508,2021-09-30 19:20:00,2021,9,30,19,20,83,83126,PACHA (CORNICHE MICHEL),43.092862,5.904039,Plein jour,En agglomération,Hors intersection,Normale,Autre collision,4,2,2,0,1,1,1,0,1,50,,2,1,0,0,1,31.0,46.0,,,1,2,1,1,6
202100015509,2021-09-29 11:05:00,2021,9,29,11,5,83,83129,KENNEDY (AVENUE J.)N°PAIRS 2A2560,43.107984,5.814983,Plein jour,En agglomération,Intersection en T,Normale,Trois véhicules et plus - collisions multiples,7,2,2,0,1,1,1,0,1,50,,5,1,0,1,3,20.0,39.0,,,1,2,3,1,5