accident_id,datetime,annee,mois,jour,heure,minute,departement,commune_insee,adresse,latitude,longitude,luminosite,agglomeration,intersection,meteo,collision,catr,circ,nbv,vosp,prof,plan,surf,infra,situ,vma,nb_vehicules,nb_usagers,nb_indemnes,nb_tues,nb_blesses_hosp,nb_blesses_legers,age_cond_1,age_cond_2,veh_type_cond_1,veh_type_cond_2,lum_code,agg_code,int_code,atm_code,col_code
202100015510,2021-10-01 13:45:00,2021,10,1,13,45,83,83069,GIENS (ROUTE DE ),43.065,6.147,Plein jour,En agglomération,Hors intersection,Normale,Deux véhicules - arrière,7,2,2,0,1,1,1,0,1,50,,2,1,0,0,1,27.0,43.0,,,1,2,1,1,2
202100015511,2021-10-01 05:45:00,2021,10,1,5,45,81,81065,SIZAIRE (BD.HENRI),43.60143,2.23896,Nuit avec éclairage allumé,En agglomération,Hors intersection,Normale,Deux véhicules - côté,4,1,2,0,1,1,1,0,1,50,,6,4,0,0,2,34.0,30.0,,,5,2,1,1,3
202100015512,2021-09-27 16:40:00,2021,9,27,16,40,80,80021,FRANKLIN ROOSEVELT (RUE),49.91531,2.29442,Plein jour,En agglomération,Hors intersection,Normale,Trois véhicules et plus - en chaîne,4,2,2,0,2,1,1,0,1,50,,3,0,0,0,3,64.0,36.0,,,1,2,1,1,4
202100015513,2021-09-28 07:15:00,2021,9,28,7,15,80,80164,DEPORTES (RUE DES),49.8952181096,2.3403410582,Crépuscule ou aube,En agglomération,Hors intersection,Normale,Deux véhicules - côté,4,2,2,0,1,1,1,0,1,50,,3,2,0,0,1,18.0,44.0,,,2,2,1,1,3
202100015514,2021-09-30 07:10:00,2021,9,30,7,10,77,77152,D372,48.521149,2.633105,Crépuscule ou aube,En agglomération,Intersection en T,Normale,Deux véhicules - arrière,3,2,2,0,1,1,1,0,1,50,,2,1,0,0,1,26.0,54.0,,,2,2,3,1,2
202100015515,2021-10-02 14:15:00,2021,10,2,14,15,77,77458,D207,48.18553,2.73194,Plein jour,En agglomération,Hors intersection,Normale,Deux véhicules - arrière,3,2,2,0,1,1,1,0,1,50,,2,1,0,0,1,59.0,20.0,,,1,2,1,1,2
202100015516,2021-10-01 17:30:00,2021,10,1,17,30,77,77186,D142,48.48084,2.66696,Plein jour,Hors agglomération,Intersection en X,Pluie légère,Deux véhicules - côté,3,2,2,0,1,1,2,0,1,80,,2,1,0,0,1,55.0,22.0,,,1,1,2,2,3
202100015517,2021-09-30 11:25:00,2021,9,30,11,25,77,77014,D210,48.415706,2.721146,Plein jour,En agglomération,Hors intersection,Normale,Trois véhicules et plus - en chaîne,3,3,2,0,1,1,1,0,1,50,,3,2,0,0,1,37.0,34.0,,,1,2,1,1,4
202100015518,2021-10-02 13:43:00,2021,10,2,13,43,76,76429,PARIS. ROUTE DE (RN 14),49.40651,1.15207,Plein jour,En agglomération,Hors intersection,Pluie légère,Sans collision,6,-1,-1,0,1,1,2,9,8,50,,1,0,0,0,1,20.0,,,,1,2,1,2,7
202100015519,2021-09-30 15:55:00,2021,9,30,15,55,76,76351,LUCIEN CORBEAUX (AVENUE),49.48542,0.11552,Plein jour,En agglomération,Hors intersection,Normale,Autre collision,4,2,2,0,1,3,1,0,1,50,,1,0,0,1,0,69.0,,,,1,2,1,1,6
202100015520,2021-10-01 16:16:00,2021,10,1,16,16,71,71475,BUXY (ROUTE DE ),46.7397541064,4.8099563848,Plein jour,Hors agglomération,Intersection en T,Normale,Deux véhicules - frontale,3,2,3,0,3,3,1,0,1,80,,3,2,1,0,0,72.0,60.0,,,1,1,3,1,1
202100015521,2021-10-02 19:10:00,2021,10,2,19,10,69,69029,LIONEL TERRAY (R),45.7264979602,4.9067406356,Crépuscule ou aube,En agglomération,Hors intersection,Normale,Deux véhicules - arrière,4,2,2,0,1,1,1,0,1,50,,3,1,0,0,2,26.0,21.0,,,2,2,1,1,2
202100015522,2021-10-02 00:10:00,2021,10,2,0,10,69,69029,UNIVERSITE  (DE L') (BD),45.72679,4.92767,Nuit avec éclairage allumé,En agglomération,Hors intersection,Normale,Trois véhicules et plus - en chaîne,4,4,3,0,1,1,1,0,1,50,,6,3,0,3,0,26.0,26.0,,,5,2,1,1,4
202100015523,2021-10-01 18:15:00,2021,10,1,18,15,69,69290,ROBESPIERRE (R),45.70458,4.94624,Plein jour,En agglomération,Hors intersection,Normale,Deux véhicules - côté,4,2,2,0,1,1,1,0,1,50,,2,1,0,0,1,36.0,12.0,,,1,2,1,1,3
202100015524,2021-10-01 12:55:00,2021,10,1,12,55,69,69029,FRANCOIS MITTERRAND (AV),45.73796,4.92273,Plein jour,En agglomération,Intersection en X,Normale,Deux véhicules - côté,4,2,2,0,1,1,1,0,1,50,,2,1,0,0,1,65.0,37.0,,,1,2,2,1,3
202100015525,2021-10-01 07:20:00,2021,10,1,7,20,69,69266,TOLSTOI (CR),45.7605070858,4.8861694336,Plein jour,En agglomération,Hors intersection,Normale,Autre collision,4,2,2,3,1,2,1,0,6,50,,2,0,0,0,2,48.0,,,,1,2,1,1,6
202100015526,2021-09-28 12:50:00,2021,9,28,12,50,69,69092,BEAUJOLAIS (DU) (AV),45.997145388,4.7067672014,Plein jour,Hors agglomération,Autre intersection,Normale,Deux véhicules - côté,3,-1,2,0,1,3,1,9,1,50,,3,2,0,0,1,58.0,72.0,,,1,1,9,1,3
202100015527,2021-10-01 00:50:00,2021,10,1,0,50,67,67447,LIBERTE (PLACE DE LA),48.60645,7.75344,Nuit avec éclairage allumé,En agglomération,Hors intersection,Normale,Autre collision,4,1,1,0,1,1,1,0,4,50,,1,0,0,0,1,37.0,,,,5,2,1,1,6
202100015528,2021-09-30 11:40:00,2021,9,30,11,40,67,67482,COLMAR (AVENUE DE),48.55357,7.74471,Plein jour,En agglomération,Passage à niveau,Normale,Autre collision,4,3,6,3,1,1,1,4,1,50,,2,1,0,0,1,33.0,,,,1,2,8,1,6
202100015529,2021-09-30 08:40:00,2021,9,30,8,40,67,67482,JACQUES KABLE (RUE),48.59332,7.75263,Plein jour,En agglomération,Intersection en T,Normale,Deux véhicules - côté,4,2,3,0,1,1,1,0,1,50,,2,1,0,0,1,68.0,39.0,,,1,2,3,1,3
202100015530,2021-09-29 14:32:00,2021,9,29,14,32,66,66136,KENNEDY (BD JOHN-FITZGERALD),42.69012,2.90219,Plein jour,En agglomération,Hors intersection,Temps éblouissant,Deux véhicules - côté,4,3,4,0,1,1,1,0,1,50,,2,1,0,0,1,33.0,21.0,,,1,2,1,7,3
202100015531,2021-10-02 18:27:00,2021,10,2,18,27,64,64545,Route de Ciboure a Olhette,43.3456699436,-1.6666603088,Plein jour,Hors agglomération,Hors intersection,Normale,Deux véhicules - côté,3,2,2,0,4,1,1,0,1,70,,2,1,0,1,0,38.0,38.0,,,1,1,1,1,3
202100015532,2021-10-01 12:50:00,2021,10,1,12,50,64,64545,Route de la Corniche,43.3816,-1.7296,Plein jour,Hors agglomération,Hors intersection,Normale,Trois véhicules et plus - en chaîne,3,2,2,0,1,1,1,0,1,50,,3,2,0,0,1,20.0,24.0,,,1,1,1,1,4
202100015533,2021-10-02 17:10:00,2021,10,2,17,10,64,64445,25 Avenue Honoré Baradat,43.30538,-0.3611,Plein jour,En agglomération,Intersection en X,Normale,Deux véhicules - frontale,4,2,2,0,1,1,1,0,1,50,,3,2,0,0,1,62.0,22.0,,,1,2,2,1,1
202100015534,2021-10-02 09:00:00,2021,10,2,9,0,64,64335,Avenue Marguerite de Navarre,43.3207,-0.42756,Plein jour,En agglomération,Intersection en T,Normale,Deux véhicules - côté,4,2,2,0,1,1,1,0,1,50,,2,1,0,0,1,18.0,32.0,,,1,2,3,1,3
202100015535,2021-10-01 20:25:00,2021,10,1,20,25,64,64445,14 JUILLET DU,43.29215,-0.37825,Nuit avec éclairage allumé,En agglomération,Intersection en T,Normale,Deux véhicules - côté,4,2,0,0,1,1,1,0,1,50,,2,1,0,0,1,33.0,52.0,,,5,2,3,1,3
202100015536,2021-10-01 14:05:00,2021,10,1,14,5,64,64284,OLLE LAPRUNE,43.28351,-0.38641,Plein jour,En agglomération,Intersection en X,Normale,Trois véhicules et plus - en chaîne,4,2,2,1,1,1,1,0,1,50,,4,3,0,0,1,33.0,21.0,,,1,2,2,1,4
202100015537,2021-10-01 23:23:00,2021,10,1,23,23,64,64122,PITCHOT (RUE DE),43.46604,-1.53707,Nuit avec éclairage allumé,Hors agglomération,Giratoire,Pluie légère,Deux véhicules - côté,4,-1,2,0,2,1,2,5,1,50,,2,1,0,1,0,28.0,20.0,,,5,1,6,2,3
202100015538,2021-10-02 16:42:00,2021,10,2,16,42,64,64102,LACHEPAILLET (ROND POINT DE),43.48499,-1.49011,Plein jour,En agglomération,Hors intersection,Normale,Deux véhicules - côté,4,2,2,0,1,2,1,0,1,50,,3,1,0,0,2,30.0,44.0,,,1,2,1,1,3
202100015539,2021-10-01 14:40:00,2021,10,1,14,40,64,64102,ALLEES MARINES (AVENUE DES),43.49999,-1.49057,Plein jour,En agglomération,Hors intersection,Normale,Deux véhicules - côté,4,2,2,0,1,1,1,0,1,30,,2,1,0,0,1,33.0,31.0,,,1,2,1,1,3
202100015540,2021-10-01 12:25:00,2021,10,1,12,25,64,64102,SOULT (AVENUE MARECHAL),43.48745,-1.48463,Plein jour,En agglomération,Hors intersection,Normale,Deux véhicules - arrière,3,3,4,0,2,1,1,0,1,50,,2,1,0,0,1,38.0,17.0,,,1,2,1,1,2
202100015541,2021-09-30 18:10:00,2021,9,30,18,10,64,64102,HENRI DE NAVARRE (AVENUE),43.50935,-1.44384,Plein jour,En agglomération,Hors intersection,Normale,Deux véhicules - arrière,3,2,2,0,1,1,1,0,1,50,,2,1,0,1,0,25.0,15.0,,,1,2,1,1,2
202100015542,2021-09-30 05:30:00,2021,9,30,5,30,64,64102,SOULT (AVENUE MARECHAL),43.48338,-1.50159,Nuit avec éclairage allumé,En agglomération,Hors intersection,Normale,Deux véhicules - côté,3,3,4,0,1,2,1,0,1,50,,2,1,0,0,1,40.0,52.0,,,5,2,1,1,3
202100015543,2021-09-29 21:50:00,2021,9,29,21,50,64,64024,BARTHES (RUE DES),43.4834424046,-1.5110587707,Nuit avec éclairage allumé,En agglomération,Intersection en T,Pluie légère,Deux véhicules - côté,4,2,2,0,1,1,2,0,1,30,,3,2,0,0,1,24.0,19.0,,,5,2,3,2,3
202100015544,2021-08-21 01:45:00,2021,8,21,1,45,62,62498,MAES (AV. ALFRED ),50.42721,2.80925,Nuit avec éclairage allumé,En agglomération,Intersection en X,Normale,Deux véhicules - côté,3,2,2,0,1,1,1,0,1,50,,2,0,0,0,2,20.0,34.0,,,5,2,2,1,3
202100015545,2021-10-02 13:00:00,2021,10,2,13,0,62,62193,MARTIN LUTHER KING,50.954132,1.890835,Plein jour,En agglomération,Hors intersection,Pluie légère,Autre collision,4,3,4,0,1,1,2,0,1,50,,1,0,0,1,0,82.0,,,,1,2,1,2,6
202100015546,2021-09-08 21:25:00,2021,9,8,21,25,62,62041,DE GAULLE ( BOULEVARD DU GENERAL ),50.28463,2.76339,Nuit avec éclairage allumé,En agglomération,Hors intersection,Normale,Deux véhicules - frontale,4,3,6,1,1,3,1,0,1,50,,2,1,0,0,1,30.0,41.0,,,5,2,1,1,1
202100015547,2021-10-01 17:15:00,2021,10,1,17,15,59,59507,JAURES JEAN RUE,50.60837,3.07604,Plein jour,En agglomération,Autre intersection,Pluie légère,Deux véhicules - côté,7,2,4,3,1,1,2,0,1,50,,2,1,0,1,0,56.0,,,,1,2,9,2,3
202100015548,2021-10-01 15:35:00,2021,10,1,15,35,59,59560,PERI GABRIEL RUE,50.5492659844,3.0347405237,Plein jour,En agglomération,Autre intersection,Normale,Autre collision,4,2,1,3,1,1,1,1,8,5,,2,1,0,0,1,,,,,1,2,9,1,6
202100015549,2021-09-28 13:45:00,2021,9,28,13,45,59,59024,DOUAI (RUE DE),50.33354,3.23709,Plein jour,En agglomération,Giratoire,Normale,Deux véhicules - côté,3,1,1,0,1,1,1,0,1,50,,2,1,0,1,0,74.0,83.0,,,1,2,6,1,3
202100015550,2021-09-30 19:40:00,2021,9,30,19,40,57,57751,BRIEY (RUE DE ),49.1528804,6.1384687,Nuit avec éclairage allumé,En agglomération,Hors intersection,Normale,Deux véhicules - arrière,4,2,2,1,1,1,1,0,1,50,,2,1,0,0,1,34.0,38.0,,,5,2,1,1,2
202100015551,2021-10-01 09:03:00,2021,10,1,9,3,56,56121,MERVILLE (RUE  JEAN DE ),47.74506,-3.37646,Plein jour,En agglomération,Intersection en T,Pluie légère,Deux véhicules - frontale,4,2,2,0,1,1,2,0,1,30,,2,1,0,0,1,27.0,19.0,,,1,2,3,2,1
202100015552,2021-10-01 08:30:00,2021,10,1,8,30,56,56162,Boulevard François Mitterrand,47.7324,-3.42909,Crépuscule ou aube,En agglomération,Hors intersection,Pluie légère,Autre collision,3,2,2,0,1,1,2,5,1,30,,3,1,0,0,2,48.0,,,,2,2,1,2,6
202100015553,2021-09-30 19:30:00,2021,9,30,19,30,56,56121,ORADOUR SUR GLANE ( BD D'),47.75741,-3.37186,Plein jour,En agglomération,Hors intersection,Normale,Autre collision,4,2,4,3,1,1,1,0,1,30,,2,1,0,0,1,25.0,,,,1,2,1,1,6
202100015554,2021-09-30 18:10:00,2021,9,30,18,10,56,56121,SVOB ( BOULEVARD EMMANUEL),47.75084,-3.36804,Plein jour,En agglomération,Hors intersection,Temps couvert,Deux véhicules - arrière,4,2,2,0,1,1,1,0,1,30,,2,1,0,0,1,43.0,19.0,,,1,2,1,8,2
202100015555,2021-09-30 17:30:00,2021,9,30,17,30,55,55545,SEPTIENE DIVISION BLINDEE USA ( DE LA ),49.147,5.34224,Plein jour,En agglomération,Hors intersection,Temps éblouissant,Sans collision,3,2,2,0,1,1,1,6,1,30,,2,1,0,0,1,20.0,,,,1,2,1,7,7
202100015556,2021-10-01 17:30:00,2021,10,1,17,30,54,54439,RD 83,48.70559,6.25925,Plein jour,En agglomération,Intersection en T,Normale,Deux véhicules - côté,7,2,2,0,1,1,1,0,1,50,,2,1,0,0,1,71.0,26.0,,,1,2,3,1,3
202100015557,2021-09-30 12:30:00,2021,9,30,12,30,54,54395,JAURES (BOULEVARD JEAN),48.68065,6.1789,Plein jour,En agglomération,Intersection en X,Normale,Deux véhicules - frontale,4,1,2,0,1,1,1,0,1,30,,2,1,0,0,1,72.0,20.0,,,1,2,2,1,1
202100015558,2021-10-02 15:45:00,2021,10,2,15,45,51,51454,Rue des Romains,49.2623234679,4.0190517347,Plein jour,En agglomération,Intersection en T,Normale,Deux véhicules - côté,3,2,2,0,1,1,1,0,1,50,,2,1,0,0,1,14.0,49.0,,,1,2,3,1,3
202100015559,2021-10-01 20:55:00,2021,10,1,20,55,51,51454,Place Aristide Briand,49.257520166,4.0387696916,Nuit avec éclairage allumé,En agglomération,Giratoire,Pluie forte,Deux véhicules - frontale,3,1,3,1,1,2,2,5,1,50,,2,1,0,0,1,30.0,20.0,,,5,2,6,3,1
202100015560,2021-10-02 19:31:00,2021,10,2,19,31,49,49267,CROIX BLANCHE RUE ET SQUARE,47.468377,-0.514733,Plein jour,En agglomération,Hors intersection,Pluie forte,Sans collision,4,1,2,0,1,3,2,0,1,50,,2,1,0,0,1,20.0,,,,1,2,1,3,7
202100015561,2021-10-02 02:15:00,2021,10,2,2,15,49,49007,auriol,47.493507,-0.565346,Nuit avec éclairage allumé,En agglomération,Hors intersection,Normale,Sans collision,4,3,2,0,1,1,2,0,1,50,,1,0,0,0,1,23.0,,,,5,2,1,1,7
202100015562,2021-10-01 21:00:00,2021,10,1,21,0,49,49007,CLEMENCEAU BOULEVARD,47.476579,-0.566245,Nuit avec éclairage allumé,En agglomération,Hors intersection,Normale,Sans collision,4,2,2,0,1,1,2,0,1,50,,1,0,0,0,1,25.0,,,,5,2,1,1,7
202100015563,2021-10-01 16:39:00,2021,10,1,16,39,49,49267,REUX,47.47089,-0.50596,Plein jour,En agglomération,Hors intersection,Normale,Autre collision,4,2,2,0,1,1,1,0,1,50,,2,1,0,0,1,70.0,,,,1,2,1,1,6
202100015564,2021-10-01 06:08:00,2021,10,1,6,8,49,49007,GAMBETTA,47.47594,-0.55427,Nuit sans éclairage public,En agglomération,Hors intersection,Normale,Autre collision,4,1,1,0,1,1,1,0,1,50,,2,1,0,1,0,42.0,,,,3,2,1,1,6
202100015565,2021-09-30 15:26:00,2021,9,30,15,26,49,49007,VILAR PLACE,47.44566,-0.56245,Plein jour,En agglomération,Hors intersection,Normale,Autre collision,4,2,2,0,1,1,1,0,1,50,,2,1,0,0,1,39.0,,,,1,2,1,1,6
202100015566,2021-08-25 03:25:00,2021,8,25,3,25,46,46042,JAURES (AVENUE JEAN),44.44932,1.433925,Nuit avec éclairage allumé,En agglomération,Hors intersection,Normale,Deux véhicules - côté,4,-1,2,0,1,1,1,0,1,50,,1,0,0,0,1,40.0,,,,5,2,1,1,3
202100015567,2021-10-01 07:35:00,2021,10,1,7,35,45,45302,Ancienne Route de Chartres,47.94135,1.88887,Crépuscule ou aube,En agglomération,Intersection en T,Normale,Deux véhicules - côté,3,2,2,0,1,3,1,0,1,50,,2,1,0,0,1,50.0,56.0,,,2,2,3,1,3
202100015568,2021-10-01 13:15:00,2021,10,1,13,15,45,45004,Avenue d’Antibes,47.9785466685,2.7331495285,Plein jour,En agglomération,Giratoire,Normale,Deux véhicules - côté,4,4,2,0,1,2,1,0,1,50,,2,1,0,0,1,65.0,71.0,,,1,2,6,1,3
202100015569,2021-09-30 15:00:00,2021,9,30,15,0,45,45208,18 Boulevard du Rempart,47.99807,2.73581,Plein jour,En agglomération,Hors intersection,Normale,Deux véhicules - arrière,4,1,1,0,1,1,1,0,1,50,,2,0,0,0,2,20.0,49.0,,,1,2,1,1,2
202100015570,2021-10-01 08:10:00,2021,10,1,8,10,44,44109,PONT DE CHEVIRE,47.19293,-1.61354,Crépuscule ou aube,Hors agglomération,Hors intersection,Normale,Trois véhicules et plus - en chaîne,2,3,6,0,1,1,1,0,1,70,,3,2,1,0,0,54.0,50.0,,,2,1,1,1,4
202100015571,2021-09-30 22:35:00,2021,9,30,22,35,42,42095,Rue Dorian,45.3906443475,4.2779329643,Nuit avec éclairage allumé,En agglomération,Hors intersection,Normale,Deux véhicules - côté,7,2,2,0,1,1,1,0,1,50,,2,1,0,0,1,35.0,20.0,,,5,2,1,1,3
202100015572,2021-09-28 18:05:00,2021,9,28,18,5,40,40192,JUIN (V DU MARECHAL),43.90195,-0.48084,Plein jour,En agglomération,Hors intersection,Normale,Deux véhicules - frontale,3,3,2,0,1,1,1,0,1,50,,1,0,0,0,1,57.0,,,,1,2,1,1,1
202100015573,2021-10-02 02:00:00,2021,10,2,2,0,38,38544,AQUEDUCS(CHEMIN DES),45.5247946789,4.8844132846,Nuit sans éclairage public,Hors agglomération,Hors intersection,Pluie légère,Deux véhicules - frontale,3,2,2,0,2,4,2,0,1,70,,2,0,0,0,2,25.0,38.0,,,3,1,1,2,1
202100015574,2021-10-02 23:44:00,2021,10,2,23,44,38,38421,AVENUE GABRIEL PÉRI,45.1845,5.76777,Nuit avec éclairage allumé,En agglomération,Intersection en T,Normale,Deux véhicules - frontale,7,1,2,0,1,1,1,0,1,50,,6,1,0,0,5,27.0,19.0,,,5,2,3,1,1
202100015575,2021-10-02 16:00:00,2021,10,2,16,0,38,38185,JEUX OLYMPIQUES (AV. DES),45.17413,5.74302,Plein jour,En agglomération,Intersection en T,Normale,Deux véhicules - côté,4,2,3,0,1,1,1,0,1,30,,2,1,0,1,0,44.0,11.0,,,1,2,3,1,3
202100015576,2021-10-01 01:50:00,2021,10,1,1,50,38,38185,LESDIGUIERES (RUE)      36 A FIN,45.18617,5.72465,Nuit avec éclairage allumé,En agglomération,Intersection en X,Normale,Deux véhicules - frontale,7,2,4,1,1,1,1,0,1,50,,2,1,0,0,1,23.0,27.0,,,5,2,2,1,1
202100015577,2021-10-02 03:30:00,2021,10,2,3,30,37,37261,MARNE (CARREFOUR DE LA),47.4237873474,0.6976536959,Nuit avec éclairage allumé,En agglomération,Hors intersection,Temps couvert,Sans collision,4,2,6,0,1,3,2,9,8,50,,2,1,0,0,1,21.0,,,,5,2,1,8,7
202100015578,2021-10-01 13:15:00,2021,10,1,13,15,37,37261,VAILLANT (RUE EDOUARD),47.3850237644,0.7002834077,Plein jour,En agglomération,Hors intersection,Normale,Sans collision,4,2,2,2,1,1,1,0,1,50,,1,0,0,0,1,63.0,,,,1,2,1,1,7
202100015579,2021-10-01 07:30:00,2021,10,1,7,30,37,37261,STRAUSS (RUE JOHANN),47.3683312815,0.7102780381,Plein jour,En agglomération,Intersection en X,Normale,Deux véhicules - côté,4,2,6,0,1,1,1,0,1,30,,3,2,0,0,1,25.0,44.0,,,1,2,2,1,3
202100015580,2021-09-30 17:20:00,2021,9,30,17,20,37,37261,BERANGER (BOULEVARD),47.3891968251,0.682411537,Plein jour,En agglomération,Hors intersection,Normale,Trois véhicules et plus - en chaîne,4,2,4,0,1,1,1,0,1,50,,5,4,0,0,1,71.0,40.0,,,1,2,1,1,4
202100015581,2021-09-30 08:45:00,2021,9,30,8,45,37,37122,RD 37,47.3666659165,0.6542263039,Plein jour,Hors agglomération,Hors intersection,Normale,Trois véhicules et plus - en chaîne,7,3,3,0,4,3,1,3,1,90,,3,2,0,0,1,22.0,23.0,,,1,1,1,1,4
202100015582,2021-09-29 14:45:00,2021,9,29,14,45,37,37261,PROUDHON (AVENUE),47.3945237498,0.6692828107,Plein jour,En agglomération,Hors intersection,Normale,Trois véhicules et plus - en chaîne,4,2,2,0,1,1,1,0,1,50,,4,2,0,0,2,21.0,25.0,,,1,2,1,1,4
202100015583,2021-10-02 12:20:00,2021,10,2,12,20,35,35238,BRIAND (AVENUE ARISTIDE),48.1102,-1.66566,Plein jour,En agglomération,Intersection en X,Pluie légère,Autre collision,4,1,2,2,1,1,2,0,1,50,,2,1,0,0,1,59.0,,,,1,2,2,2,6
202100015584,2021-10-01 13:59:00,2021,10,1,13,59,35,35051,D 175,48.15431,-1.62449,Plein jour,Hors agglomération,Hors intersection,Pluie légère,Autre collision,7,3,4,0,1,4,2,0,1,90,,1,0,0,0,1,33.0,,,,1,1,1,2,6
202100015585,2021-10-01 12:30:00,2021,10,1,12,30,35,35238,DE LESSEPS (FERDINAND),48.09907,-1.70594,Plein jour,En agglomération,Hors intersection,Pluie légère,Autre collision,4,2,2,0,2,2,2,0,1,50,,2,1,0,0,1,22.0,,,,1,2,1,2,6
202100015586,2021-10-02 06:05:00,2021,10,2,6,5,33,33063,QUAI DE PALUDATE,44.828002,-0.552299,Nuit avec éclairage allumé,En agglomération,Hors intersection,Normale,Autre collision,4,2,2,0,1,1,1,0,1,50,,2,1,0,0,1,52.0,19.0,,,5,2,1,1,6
202100015587,2021-10-02 02:00:00,2021,10,2,2,0,33,33063,Quai de Bacalan,44.86005,-0.55406,Nuit avec éclairage allumé,En agglomération,Intersection en X,Normale,Deux véhicules - côté,4,2,2,0,1,1,1,0,1,50,,2,1,0,0,1,30.0,28.0,,,5,2,2,1,3
202100015588,2021-10-02 01:00:00,2021,10,2,1,0,33,33063,RUE LUCIEN FAURE,44.86199,-0.55599,Nuit avec éclairage allumé,En agglomération,Autre intersection,Normale,Deux véhicules - côté,4,3,8,0,1,1,1,0,1,50,,5,4,0,0,1,23.0,21.0,,,5,2,9,1,3
202100015589,2021-10-01 19:50:00,2021,10,1,19,50,33,33063,Boulevard Alfred Daney,44.86786,-0.57137,Nuit avec éclairage allumé,En agglomération,Hors intersection,Normale,Deux véhicules - côté,4,3,4,3,1,1,1,0,6,50,,2,1,0,0,1,45.0,43.0,,,5,2,1,1,3
202100015590,2021-10-01 15:45:00,2021,10,1,15,45,33,33063,Rue Condorcet,44.8564,-0.5774,Plein jour,En agglomération,Intersection en X,Normale,Trois véhicules et plus - collisions multiples,4,1,1,0,1,1,1,0,1,50,,3,2,0,0,1,55.0,51.0,,,1,2,2,1,5
202100015591,2021-10-01 12:58:00,2021,10,1,12,58,33,33281,Avenue de Verdun,44.84136,-0.64438,Plein jour,En agglomération,Intersection en T,Normale,Deux véhicules - côté,4,2,2,0,1,1,1,0,1,50,,2,1,0,0,1,24.0,24.0,,,1,2,3,1,3
202100015592,2021-10-02 09:15:00,2021,10,2,9,15,33,33529,BISCAROSSE (AVE) DUNE VERS BISCA,44.5725,-1.2196,Plein jour,Hors agglomération,Hors intersection,Autre,Deux véhicules - frontale,3,2,2,0,4,1,2,0,1,70,,4,0,0,0,4,60.0,43.0,,,1,1,1,9,1
202100015593,2021-10-02 01:45:00,2021,10,2,1,45,31,31555,33 B SESQUIERES  (PERIPH OUEST A620),43.64967,1.42204,Nuit avec éclairage non allumé,Hors agglomération,Hors intersection,Normale,Sans collision,1,1,3,0,1,3,1,0,1,90,,1,0,0,1,0,40.0,,,,4,1,1,1,7
202100015594,2021-10-01 23:45:00,2021,10,1,23,45,31,31555,VA007313 LE CHAPITRE A64 Sortie 38,43.5531,1.40957,Nuit avec éclairage allumé,Hors agglomération,Hors intersection,Normale,Autre collision,1,1,1,0,2,4,1,3,1,50,,1,0,0,0,1,39.0,,,,5,1,1,1,6
202100015595,2021-10-01 19:20:00,2021,10,1,19,20,31,31557,BD VINCENT AURIOL,43.5853936392,1.3459183245,Plein jour,En agglomération,Hors intersection,Normale,Autre collision,7,3,2,3,1,1,1,6,6,50,,2,1,0,0,1,29.0,,,,1,2,1,1,6
202100015596,2021-10-01 16:25:00,2021,10,1,16,25,31,31555,RUE CLAUDE VERNET,43.62811,1.45566,Plein jour,En agglomération,Hors intersection,Normale,Autre collision,4,2,1,0,1,1,1,0,1,30,,2,1,0,1,0,32.0,,,,1,2,1,1,6
202100015597,2021-10-01 13:41:00,2021,10,1,13,41,29,29232,Rue du Stade,48.00231,-4.08161,Plein jour,En agglomération,Intersection en Y,Normale,Autre collision,4,2,2,0,3,3,1,5,8,50,,1,0,0,0,1,22.0,,,,1,2,4,1,6
202100015598,2021-10-02 19:30:00,2021,10,2,19,30,29,29039,N165 - Echangeur de Coat Conq,47.925025055,-3.8969429182,Crépuscule ou aube,Hors agglomération,Hors intersection,Pluie légère,Autre collision,2,1,1,0,2,3,2,3,1,70,,1,0,0,0,1,23.0,,,,2,1,1,2,6
202100015599,2021-10-02 00:20:00,2021,10,2,0,20,29,29039,RD 783,47.874201,-3.898287,Nuit sans éclairage public,Hors agglomération,Intersection en X,Normale,Autre collision,3,2,2,0,1,1,2,5,3,70,,1,0,0,0,1,41.0,,,,3,1,2,1,6
202100015600,2021-10-01 09:55:00,2021,10,1,9,55,29,29019,Rue Comtesse de Maleyssie,48.39527,-4.46063,Plein jour,En agglomération,Intersection en X,Pluie légère,Deux véhicules - côté,4,2,2,0,1,1,2,5,1,50,,2,1,0,0,1,57.0,38.0,,,1,2,2,2,3
202100015601,2021-10-01 08:05:00,2021,10,1,8,5,29,29019,Avenue Georges Clemenceau,48.38881,-4.48395,Plein jour,En agglomération,Giratoire,Pluie légère,Deux véhicules - côté,4,2,2,0,1,1,2,0,1,30,,2,1,0,0,1,43.0,18.0,,,1,2,6,2,3
202100015602,2021-10-01 07:55:00,2021,10,1,7,55,27,27375,DUNANT (AVENUE HENRI),49.20738,1.16973,Crépuscule ou aube,En agglomération,Autre intersection,Normale,Deux véhicules - côté,3,2,2,0,2,2,1,0,1,50,,2,1,0,0,1,53.0,32.0,,,2,2,9,1,3
202100015603,2021-10-01 20:20:00,2021,10,1,20,20,27,27229,BOIS DES COMMUNES (RUE DU),49.03091,1.17903,Nuit avec éclairage allumé,En agglomération,Hors intersection,Pluie légère,Deux véhicules - frontale,4,2,2,0,1,4,2,0,1,50,,3,2,0,0,1,27.0,,,,5,2,1,2,1