accident_id,datetime,annee,mois,jour,heure,minute,departement,commune_insee,adresse,latitude,longitude,luminosite,agglomeration,intersection,meteo,collision,catr,circ,nbv,vosp,prof,plan,surf,infra,situ,vma,nb_vehicules,nb_usagers,nb_indemnes,nb_tues,nb_blesses_hosp,nb_blesses_legers,age_cond_1,age_cond_2,veh_type_cond_1,veh_type_cond_2,lum_code,agg_code,int_code,atm_code,col_code
202100015604,2021-10-02 12:30:00,2021,10,2,12,30,26,26281,rond point de l' EUROPE,45.04576,5.055437,Plein jour,En agglomération,Giratoire,Normale,Deux véhicules - côté,4,1,1,0,1,1,1,5,1,50,,2,1,0,0,1,22.0,58.0,,,1,2,6,1,3
202100015605,2021-09-24 16:30:00,2021,9,24,16,30,24,24102,REYNATS (AVENUE DES),45.20038,0.67049,Plein jour,En agglomération,Giratoire,Normale,Deux véhicules - côté,3,2,2,0,1,2,1,9,1,50,,2,1,0,0,1,59.0,60.0,,,1,2,6,1,3
202100015606,2021-09-29 16:55:00,2021,9,29,16,55,24,24138,CHURCHILL ( AVENUE WINSTON),45.18513,0.69895,Plein jour,Hors agglomération,Hors intersection,Normale,Trois véhicules et plus - en chaîne,3,2,2,0,4,2,1,0,1,50,,5,3,0,1,1,38.0,59.0,,,1,1,1,1,4
202100015607,2021-10-02 22:25:00,2021,10,2,22,25,17,17306,REUTIN (BD FELIX),45.6364651334,-1.0287373646,Nuit avec éclairage allumé,En agglomération,Giratoire,Pluie forte,Sans collision,4,2,2,2,1,2,2,9,1,50,,1,0,0,1,0,40.0,,,,5,2,6,3,7
202100015608,2021-09-30 10:50:00,2021,9,30,10,50,17,17306,QUEBEC (AVENUE),45.63273,-1.01894,Plein jour,En agglomération,Hors intersection,Normale,Autre collision,4,-1,1,0,1,3,1,5,1,30,,2,1,0,0,1,77.0,,,,1,2,1,1,6
202100015609,2021-09-30 14:58:00,2021,9,30,14,58,17,17306,HEDDE (AVENUE DANIEL),45.62876,-1.03209,Plein jour,En agglomération,Hors intersection,Normale,Autre collision,4,3,2,0,1,1,1,0,1,30,,3,2,0,0,1,85.0,,,,1,2,1,1,6
202100015610,2021-09-28 23:30:00,2021,9,28,23,30,14,14715,FERNAND MOUREAUX (BOULEVARD),49.365411,0.081537,Nuit avec éclairage allumé,En agglomération,Intersection en Y,Pluie légère,Sans collision,3,3,1,0,1,3,2,0,1,30,,1,0,0,0,1,34.0,,,,5,2,4,2,7
202100015611,2021-10-01 13:45:00,2021,10,1,13,45,14,14167,CD N°  402,49.204896,-0.310322,Plein jour,Hors agglomération,Hors intersection,Pluie forte,Deux véhicules - frontale,3,2,2,0,1,3,2,0,1,80,,3,2,0,0,1,39.0,26.0,,,1,1,1,3,1
202100015612,2021-10-01 23:30:00,2021,10,1,23,30,13,13106,8 MAI 1945 (AVENUE DU),43.3984229881,5.3660132965,Nuit avec éclairage allumé,En agglomération,Autre intersection,Normale,Deux véhicules - frontale,4,2,1,0,1,1,1,0,1,50,,1,0,0,0,1,25.0,,,,5,2,9,1,1
202100015613,2021-10-02 08:00:00,2021,10,2,8,0,13,13211,MARTINE (TRAVERSE LA),43.3011859644,5.4664060184,Plein jour,En agglomération,Hors intersection,Normale,Deux véhicules - frontale,4,-1,1,0,1,4,1,0,1,50,,4,2,0,1,1,,,,,1,2,1,1,1
202100015614,2021-10-02 06:05:00,2021,10,2,6,5,13,13211,VALBARELLE (BOULEVARD DE LA ),43.288,5.452,Nuit avec éclairage allumé,En agglomération,Hors intersection,Normale,Deux véhicules - frontale,7,2,2,0,1,1,1,0,1,50,,1,0,0,1,0,34.0,,,,5,2,1,1,1
202100015615,2021-10-01 18:30:00,2021,10,1,18,30,13,13213,CROIX ROUGE (AVENUE),43.3330316596,5.4369338378,Plein jour,En agglomération,Hors intersection,Normale,Deux véhicules - côté,4,2,2,0,1,1,1,0,1,50,,2,1,0,0,1,20.0,28.0,,,1,2,1,1,3
202100015616,2021-10-01 16:30:00,2021,10,1,16,30,13,13204,FRANÇOISE DUPARC (BOULEVARD),43.304496848,5.4010477711,Plein jour,En agglomération,Hors intersection,Normale,Deux véhicules - côté,4,2,4,0,1,1,1,0,1,50,,2,1,0,0,1,24.0,19.0,,,1,2,1,1,3
202100015617,2021-10-01 15:00:00,2021,10,1,15,0,13,13205,SAKAKINI (BOULEVARD),43.29247,5.40113,Plein jour,En agglomération,Intersection en X,Normale,Deux véhicules - côté,7,2,5,0,1,1,1,0,1,50,,2,1,0,0,1,41.0,68.0,,,1,2,2,1,3
202100015618,2021-10-01 14:50:00,2021,10,1,14,50,13,13207,RIVE NEUVE (QUAI DE),43.29239,5.36638,Plein jour,En agglomération,Hors intersection,Normale,Deux véhicules - côté,4,2,4,0,1,1,1,0,1,50,,3,2,0,1,0,21.0,59.0,,,1,2,1,1,3
202100015619,2021-09-30 17:40:00,2021,9,30,17,40,13,13214,CENTRAL (BOULEVARD),43.34649,5.38173,Plein jour,En agglomération,Hors intersection,Normale,Trois véhicules et plus - en chaîne,7,3,4,0,1,1,1,0,1,50,,3,2,0,0,1,20.0,30.0,,,1,2,1,1,4
202100015620,2021-10-01 09:00:00,2021,10,1,9,0,13,13063,MARECHAL JUIN AVENUE,43.581660704,4.9977368279,Plein jour,En agglomération,Hors intersection,Normale,Deux véhicules - côté,4,-1,-1,0,1,1,1,0,1,50,,2,1,0,0,1,66.0,67.0,,,1,2,1,1,3
202100015621,2021-10-02 15:00:00,2021,10,2,15,0,13,13028,CRETES (ROUTES DES),43.18007,5.57262,Plein jour,Hors agglomération,Hors intersection,Normale,Deux véhicules - côté,7,2,2,0,2,3,1,0,1,80,,2,0,0,1,1,60.0,24.0,,,1,1,1,1,3
202100015622,2021-10-03 21:20:00,2021,10,3,21,20,13,13004,RTE N113 MARSEILLE A BORBEAUX,43.65335,4.663711,Nuit sans éclairage public,Hors agglomération,Hors intersection,Normale,Deux véhicules - arrière,2,3,4,0,1,1,1,0,1,110,,5,2,0,0,3,55.0,36.0,,,3,1,1,1,2
202100015623,2021-10-01 05:40:00,2021,10,1,5,40,13,13004,RTE N113 MARSEILLE A BORBEAUX,43.6523,4.66834,Nuit sans éclairage public,Hors agglomération,Hors intersection,Normale,Deux véhicules - frontale,2,3,4,0,1,1,1,0,1,110,,4,3,1,0,0,69.0,44.0,,,3,1,1,1,1
202100015624,2021-10-01 10:00:00,2021,10,1,10,0,13,13001,PETITE RTE DES MILLES (RTE),43.51022,5.39574,Plein jour,Hors agglomération,Autre intersection,Normale,Deux véhicules - côté,7,2,2,0,1,1,1,0,1,70,,2,1,0,0,1,50.0,35.0,,,1,1,9,1,3
202100015625,2021-09-30 07:50:00,2021,9,30,7,50,11,11069,LIMOUX -ROUTE DE-,43.1993,2.3273,Plein jour,En agglomération,Intersection en X,Normale,Deux véhicules - côté,3,2,3,0,1,1,1,0,1,50,,2,1,0,1,0,47.0,56.0,,,1,2,2,1,3
202100015626,2021-10-02 23:00:00,2021,10,2,23,0,10,10387,GEORGES POMPIDOU (RUE),48.2909624564,4.0884447096,Nuit avec éclairage allumé,En agglomération,Giratoire,Pluie légère,Autre collision,4,1,1,1,1,3,2,0,8,50,,2,1,0,0,1,,,,,5,2,6,2,6
202100015627,2021-10-01 17:54:00,2021,10,1,17,54,10,10387,VICTOR HUGO (RUE),48.294016,4.068195,Plein jour,En agglomération,Hors intersection,Normale,Autre collision,4,2,2,0,1,1,1,0,1,50,,2,1,0,0,1,,,,,1,2,1,1,6
202100015628,2021-10-01 14:15:00,2021,10,1,14,15,09,09122,RD 919,42.98763,1.61567,Plein jour,En agglomération,Hors intersection,Normale,Trois véhicules et plus - en chaîne,3,-1,3,0,1,1,1,0,1,70,,5,2,0,0,3,36.0,50.0,,,1,2,1,1,4
202100015629,2021-10-01 15:15:00,2021,10,1,15,15,07,07281,C.D. 287 (VERS ST ROMAIN DE LERPS),44.9517499329,4.8252445161,Plein jour,Hors agglomération,Hors intersection,Normale,Deux véhicules - côté,3,2,2,0,2,3,1,0,1,80,,2,1,0,1,0,65.0,40.0,,,1,1,1,1,3
202100015630,2021-10-01 12:20:00,2021,10,1,12,20,06,06027,GAUDE AVENUE DE LA,43.66694,7.152678,Plein jour,Hors agglomération,Hors intersection,Normale,Autre collision,7,2,2,0,2,4,1,0,1,50,,2,0,0,2,0,70.0,,,,1,1,1,1,6
202100015631,2021-10-01 10:05:00,2021,10,1,10,5,06,06027,ALPES AVENUE DES,43.659946,7.138107,Plein jour,En agglomération,Autre intersection,Normale,Autre collision,7,3,4,0,1,1,1,9,1,50,,2,1,0,0,1,22.0,,,,1,2,9,1,6
202100015632,2021-10-01 08:40:00,2021,10,1,8,40,06,06123,AICARD AVENUE,43.682697,7.18671,Plein jour,En agglomération,Hors intersection,Normale,Deux véhicules - côté,4,2,2,0,1,1,1,0,1,50,,2,1,0,0,1,21.0,35.0,,,1,2,1,1,3
202100015633,2021-10-01 17:34:00,2021,10,1,17,34,01,01053,EDOUARD HERRIOT ( BD),46.211056539,5.2195667293,Plein jour,En agglomération,Hors intersection,Normale,Sans collision,3,1,0,1,1,1,1,6,5,50,,2,1,0,1,0,,12.0,,,1,2,1,1,7
202100015634,2021-10-02 16:30:00,2021,10,2,16,30,75,75113,PORTE D ITALIE,48.817866,2.368227,Plein jour,En agglomération,Hors intersection,Pluie légère,Deux véhicules - côté,4,1,4,0,1,1,2,0,1,70,,2,1,0,0,1,54.0,42.0,,,1,2,1,2,3
202100015635,2021-10-01 07:10:00,2021,10,1,7,10,75,75112,BOULEVARD PERIPHERIQUE,48.827141,2.39103,Plein jour,En agglomération,Hors intersection,Normale,Deux véhicules - arrière,4,1,4,0,1,1,1,0,1,70,,2,1,0,0,1,44.0,27.0,,,1,2,1,1,2
202100015636,2021-10-02 08:20:00,2021,10,2,8,20,75,75118,AVENUE DE LA PORTE DE LA CHAPELLE,48.898682,2.35933,Plein jour,En agglomération,Intersection en X,Temps couvert,Deux véhicules - arrière,4,4,2,0,1,3,1,0,1,30,,3,0,0,0,3,23.0,34.0,,,1,2,2,8,2
202100015637,2021-10-02 14:40:00,2021,10,2,14,40,75,75117,RUE TORRICELLI,48.880916,2.292124,Plein jour,En agglomération,Intersection en X,Pluie légère,Autre collision,4,1,1,0,1,1,2,0,1,30,,2,1,0,0,1,35.0,,,,1,2,2,2,6
202100015638,2021-10-01 10:00:00,2021,10,1,10,0,75,75117,AVENUE DE LA PORTE D ASNIERES,48.891817,2.301619,Plein jour,En agglomération,Intersection en X,Normale,Sans collision,4,2,6,0,1,1,1,0,1,30,,1,0,0,0,1,58.0,,,,1,2,2,1,7
202100015639,2021-10-02 18:00:00,2021,10,2,18,0,75,75115,QUAI DE GRENELLE,48.851929,2.285209,Plein jour,En agglomération,Intersection en T,Pluie légère,Deux véhicules - arrière,4,2,3,1,1,1,2,0,1,30,,2,0,0,0,2,45.0,29.0,,,1,2,3,2,2
202100015640,2021-10-01 06:00:00,2021,10,1,6,0,75,75115,RUE DE JAVEL,48.842089,2.290388,Nuit avec éclairage allumé,En agglomération,Intersection en X,Normale,Deux véhicules - côté,4,1,2,0,1,1,1,0,1,30,,3,1,0,0,2,36.0,30.0,,,5,2,2,1,3
202100015641,2021-10-01 21:40:00,2021,10,1,21,40,75,75114,AVENUE DU GENERAL LECLERC,48.830794,2.329406,Nuit avec éclairage allumé,En agglomération,Intersection en T,Pluie légère,Deux véhicules - côté,4,2,4,0,1,1,2,0,1,50,,2,1,0,0,1,44.0,44.0,,,5,2,3,2,3
202100015642,2021-10-02 01:27:00,2021,10,2,1,27,75,75114,BOULEVARD EDGAR QUINET,48.842026,2.322817,Nuit avec éclairage allumé,En agglomération,Intersection en T,Pluie légère,Autre collision,4,1,2,0,2,1,2,0,1,30,,3,2,0,0,1,45.0,30.0,,,5,2,3,2,6
202100015643,2021-10-02 14:00:00,2021,10,2,14,0,75,75111,BOULEVARD VOLTAIRE,48.858719,2.378579,Plein jour,En agglomération,Intersection en X,Temps couvert,Deux véhicules - côté,4,2,2,0,1,1,1,0,1,30,,2,1,0,0,1,31.0,22.0,,,1,2,2,8,3
202100015644,2021-10-01 22:40:00,2021,10,1,22,40,75,75111,RUE SAINT MAUR,48.861095,2.381153,Nuit avec éclairage allumé,En agglomération,Intersection en X,Pluie légère,Deux véhicules - côté,4,2,2,0,1,1,2,0,1,30,,3,2,0,0,1,32.0,36.0,,,5,2,2,2,3
202100015645,2021-10-02 19:10:00,2021,10,2,19,10,75,75108,RUE DU FAUBOURG SAINT HONORE,48.877465,2.299248,Nuit avec éclairage allumé,En agglomération,Intersection en T,Pluie légère,Deux véhicules - frontale,4,2,4,0,2,1,2,0,1,30,,2,1,0,0,1,25.0,29.0,,,5,2,3,2,1
202100015646,2021-10-02 02:40:00,2021,10,2,2,40,75,75107,QUAI D ORSAY,48.862851,2.313436,Nuit avec éclairage allumé,En agglomération,Intersection en X,Pluie légère,Trois véhicules et plus - en chaîne,4,2,2,0,1,1,2,5,1,30,,3,2,0,0,1,39.0,22.0,,,5,2,2,2,4
202100015647,2021-10-02 14:25:00,2021,10,2,14,25,94,94068,Rue Bourdignon,48.80593,2.47836,Plein jour,En agglomération,Hors intersection,Temps couvert,Autre collision,4,2,2,0,1,1,1,0,4,30,,1,0,0,0,1,67.0,,,,1,2,1,8,6
202100015648,2021-10-02 19:30:00,2021,10,2,19,30,94,94042,GENERAL GALLIENI (AV DU),48.82006,2.47657,Nuit avec éclairage allumé,En agglomération,Hors intersection,Pluie légère,Autre collision,3,2,4,3,1,1,2,0,1,50,,2,1,0,0,1,41.0,,,,5,2,1,2,6
202100015649,2021-10-02 21:30:00,2021,10,2,21,30,94,94041,Avenue de Verdun,48.81673,2.36725,Nuit avec éclairage allumé,En agglomération,Hors intersection,Pluie légère,Deux véhicules - côté,3,1,1,0,1,1,2,0,1,50,,2,1,0,0,1,32.0,54.0,,,5,2,1,2,3
202100015650,2021-10-01 22:35:00,2021,10,1,22,35,94,94073,RN 186,48.7537,2.3759,Nuit sans éclairage public,Hors agglomération,Hors intersection,Pluie légère,Autre collision,2,1,1,0,1,3,2,3,1,50,,2,1,0,0,1,21.0,,,,3,1,1,2,6
202100015651,2021-10-02 12:16:00,2021,10,2,12,16,94,94028,Avenue de Verdun,48.79959,2.46709,Plein jour,En agglomération,Hors intersection,Normale,Trois véhicules et plus - collisions multiples,3,1,2,0,1,1,1,0,1,50,,3,2,0,0,1,23.0,56.0,,,1,2,1,1,5
202100015652,2021-10-02 20:15:00,2021,10,2,20,15,94,94017,BOILEAU (AV),48.80324,2.551,Nuit avec éclairage allumé,En agglomération,Giratoire,Pluie forte,Deux véhicules - côté,3,2,2,0,1,1,2,0,1,50,,3,2,0,0,1,48.0,23.0,,,5,2,6,3,3
202100015653,2021-10-02 14:45:00,2021,10,2,14,45,93,93073,CHAPIT RE ( RUE DU),49.00242,2.53289,Plein jour,Hors agglomération,Hors intersection,Pluie légère,Deux véhicules - arrière,4,2,2,0,1,1,2,0,1,70,,3,1,0,0,2,44.0,33.0,,,1,1,1,2,2
202100015654,2021-10-02 18:50:00,2021,10,2,18,50,93,93064,JAURES (AVENUE JEAN),48.86762,2.48642,Crépuscule ou aube,En agglomération,Hors intersection,Pluie légère,Deux véhicules - côté,3,2,1,0,1,1,2,0,1,50,,2,1,0,0,1,70.0,37.0,,,2,2,1,2,3
202100015655,2021-10-02 20:35:00,2021,10,2,20,35,93,93077,Place de la Gare,48.8892895808,2.5112208724,Nuit avec éclairage allumé,En agglomération,Giratoire,Pluie légère,Deux véhicules - côté,3,2,8,0,1,1,2,0,1,50,,2,1,0,0,1,29.0,23.0,,,5,2,6,2,3
202100015656,2021-10-02 19:00:00,2021,10,2,19,0,93,93077,FREDY (AVENUE DE),48.88043,2.51907,Crépuscule ou aube,En agglomération,Autre intersection,Pluie légère,Deux véhicules - côté,4,2,2,0,1,1,2,0,1,50,,2,1,0,0,1,14.0,45.0,,,2,2,9,2,3
202100015657,2021-10-01 22:57:00,2021,10,1,22,57,93,93055,Avenue Jean Lolive,48.8928671858,2.4120247364,Nuit avec éclairage allumé,En agglomération,Autre intersection,Pluie légère,Deux véhicules - côté,3,2,2,0,1,1,2,0,1,50,,2,1,0,0,1,55.0,36.0,,,5,2,9,2,3
202100015658,2021-10-02 13:00:00,2021,10,2,13,0,93,93006,Rue Sesto Fiorentino,48.8634,2.418,Plein jour,En agglomération,Hors intersection,Normale,Deux véhicules - frontale,4,2,2,0,2,1,1,0,1,50,,2,1,0,0,1,27.0,29.0,,,1,2,1,1,1
202100015659,2021-10-02 07:40:00,2021,10,2,7,40,93,93013,Avenue John Fitzgerald Kennedy,48.93859,2.42602,Crépuscule ou aube,En agglomération,Hors intersection,Temps couvert,Autre collision,3,3,4,0,1,1,2,0,1,50,,1,0,0,0,1,18.0,,,,2,2,1,8,6
202100015660,2021-10-02 10:00:00,2021,10,2,10,0,93,93001,JEAN JAURES (AVE)  => 53,48.9033856879,2.391621424,Plein jour,En agglomération,Hors intersection,Normale,Deux véhicules - frontale,3,2,4,1,1,1,1,0,1,50,,2,1,0,0,1,,38.0,,,1,2,1,1,1
202100015661,2021-10-02 12:00:00,2021,10,2,12,0,92,92072,CHATAIGNERAIE (RUE DE LA),48.81808,2.20477,Plein jour,En agglomération,Hors intersection,Temps couvert,Deux véhicules - arrière,4,2,1,0,2,1,1,0,1,30,,3,2,0,0,1,85.0,46.0,,,1,2,1,8,2
202100015662,2021-10-02 06:50:00,2021,10,2,6,50,92,92026,GAMBETTA (RUE),48.89279,2.24524,Crépuscule ou aube,En agglomération,Intersection en T,Pluie légère,Deux véhicules - côté,3,1,1,0,1,1,2,5,4,50,,2,0,0,0,2,53.0,23.0,,,2,2,3,2,3
202100015663,2021-10-02 16:09:00,2021,10,2,16,9,92,92048,REPUBLIQUE (RUE DE LA) N° 1 A 45,48.8073858163,2.2360019479,Plein jour,En agglomération,Hors intersection,Pluie forte,Deux véhicules - côté,3,2,4,0,1,1,2,0,1,50,,2,1,0,1,0,25.0,33.0,,,1,2,1,3,3
202100015664,2021-10-02 12:40:00,2021,10,2,12,40,92,92025,GENERAL LECLERC (PLACE DU),48.922916,2.252656,Plein jour,En agglomération,Intersection en X,Temps couvert,Deux véhicules - côté,3,2,1,0,1,1,2,5,1,50,,3,1,0,0,2,23.0,36.0,,,1,2,2,8,3
202100015665,2021-10-01 12:45:00,2021,10,1,12,45,92,92012,QUATRE SEPTEMBRE (QUAI DU),48.8412778518,2.2248311983,Plein jour,En agglomération,Intersection en Y,Normale,Deux véhicules - côté,3,-1,2,1,3,3,1,2,1,50,,2,1,0,0,1,42.0,27.0,,,1,2,4,1,3
202100015666,2021-10-02 22:40:00,2021,10,2,22,40,54,54374,RD674,48.7622147192,6.4059734346,Nuit sans éclairage public,Hors agglomération,Hors intersection,Normale,Sans collision,3,2,2,0,2,1,1,0,3,80,,1,0,0,1,0,43.0,,,,3,1,1,1,7
202100015667,2021-10-02 11:21:00,2021,10,2,11,21,81,81074,D999,43.925424,2.205677,Plein jour,Hors agglomération,Hors intersection,Normale,Deux véhicules - arrière,3,2,2,0,1,1,1,0,1,70,,3,2,0,0,1,22.0,44.0,,,1,1,1,1,2
202100015668,2021-10-02 15:10:00,2021,10,2,15,10,62,62204,Campagne-lès-Hesdin,50.409502,1.84845,Plein jour,Hors agglomération,Intersection en X,Pluie forte,Deux véhicules - côté,3,2,2,0,1,1,2,0,1,80,,2,1,1,0,0,48.0,66.0,,,1,1,2,3,3
202100015669,2021-10-02 16:00:00,2021,10,2,16,0,83,83036,rond point wolfach,43.173581,6.529183,Plein jour,En agglomération,Giratoire,Normale,Deux véhicules - côté,4,2,2,0,1,1,1,5,1,50,,2,1,0,0,1,32.0,49.0,,,1,2,6,1,3
202100015670,2021-10-02 12:30:00,2021,10,2,12,30,29,29181,N12 - PK 54+450,48.488609756,-4.2556379674,Plein jour,Hors agglomération,Hors intersection,Pluie forte,Sans collision,2,3,4,0,1,1,2,0,3,110,,3,0,0,1,2,20.0,,,,1,1,1,3,7
202100015671,2021-10-02 15:48:00,2021,10,2,15,48,57,57097,D19,49.19497,6.480389,Plein jour,Hors agglomération,Hors intersection,Normale,Deux véhicules - côté,3,2,2,0,1,1,1,0,1,90,,2,1,0,1,0,22.0,76.0,,,1,1,1,1,3
202100015672,2021-10-01 14:00:00,2021,10,1,14,0,91,91272,Chemin des vignes,48.705602,2.119277,Plein jour,En agglomération,Hors intersection,Normale,Autre collision,4,2,2,0,2,1,1,9,4,50,,4,1,1,0,2,71.0,,,,1,2,1,1,6
202100015673,2021-10-02 15:40:00,2021,10,2,15,40,67,67547,"RD 82, PR 1",48.272197,7.598441,Plein jour,Hors agglomération,Hors intersection,Normale,Deux véhicules - frontale,3,2,2,0,1,3,1,0,1,80,,5,4,1,0,0,20.0,42.0,,,1,1,1,1,1
202100015674,2021-06-24 07:00:00,2021,6,24,7,0,2A,2A269,SORTIE VILLAGE,41.846371,9.400563,Plein jour,Hors agglomération,Hors intersection,Normale,Deux véhicules - arrière,2,2,2,0,1,1,1,0,1,50,,2,1,0,0,1,24.0,34.0,,,1,1,1,1,2
202100015675,2021-10-02 17:14:00,2021,10,2,17,14,31,31032,1686 Chemin de l’Enseigure,43.67802,1.347397,Plein jour,En agglomération,Hors intersection,Normale,Deux véhicules - frontale,4,2,2,0,1,1,1,0,1,50,,2,1,0,0,1,68.0,44.0,,,1,2,1,1,1
202100015676,2021-10-02 11:40:00,2021,10,2,11,40,65,65360,6 Route de Loubajac,43.104857,-0.117888,Plein jour,En agglomération,Hors intersection,Normale,Sans collision,3,2,2,0,2,2,1,0,3,50,,1,0,0,1,0,44.0,,,,1,2,1,1,7
202100015677,2021-10-03 09:30:00,2021,10,3,9,30,89,89267,D115,47.557009,4.058461,Plein jour,Hors agglomération,Hors intersection,Vent fort / tempête,Autre collision,3,2,2,0,1,2,2,0,3,80,,1,0,0,0,1,20.0,,,,1,1,1,6,6
202100015678,2021-10-02 12:10:00,2021,10,2,12,10,63,63270,pk 67 D996,45.535288,3.293983,Plein jour,Hors agglomération,Hors intersection,Normale,Autre collision,3,2,2,0,1,2,1,0,1,80,,1,0,0,0,1,76.0,,,,1,1,1,1,6
202100015679,2021-10-02 09:30:00,2021,10,2,9,30,63,63040,D997,45.723703,3.354234,Plein jour,Hors agglomération,Intersection en X,Normale,Deux véhicules - frontale,3,2,2,0,1,1,1,0,1,80,,3,2,0,0,1,32.0,62.0,,,1,1,2,1,1
202100015680,2021-10-02 19:35:00,2021,10,2,19,35,26,26338,8 Grand Rue,44.602147,4.819024,Crépuscule ou aube,En agglomération,Hors intersection,Normale,Autre collision,4,2,2,0,1,2,1,0,4,50,,1,0,0,1,0,21.0,,,,2,2,1,1,6
202100015681,2021-09-23 14:00:00,2021,9,23,14,0,47,47065,la bique,44.370772,0.406537,Plein jour,Hors agglomération,Hors intersection,Normale,Sans collision,3,2,2,0,1,2,1,0,3,-1,,2,0,0,1,1,28.0,,,,1,1,1,1,7
202100015682,2021-10-03 06:15:00,2021,10,3,6,15,03,03217,le corret,46.338706,2.663069,Nuit sans éclairage public,Hors agglomération,Hors intersection,Normale,Deux véhicules - frontale,3,2,2,0,1,1,1,0,1,90,,2,0,0,1,1,39.0,33.0,,,3,1,1,1,1
202100015683,2021-10-03 05:00:00,2021,10,3,5,0,58,58282,D233,47.519606,3.521065,Nuit sans éclairage public,Hors agglomération,Hors intersection,Pluie légère,Autre collision,3,3,2,0,1,1,2,0,3,80,,1,0,1,0,0,23.0,,,,3,1,1,2,6
202100015684,2021-10-03 15:50:00,2021,10,3,15,50,05,05074,D942,44.473188,6.075383,Plein jour,Hors agglomération,Hors intersection,Normale,Deux véhicules - côté,3,2,2,0,1,1,1,0,1,90,,2,1,0,0,1,20.0,51.0,,,1,1,1,1,3
202100015685,2021-10-03 18:00:00,2021,10,3,18,0,24,24571,D45,45.024683,0.755353,Plein jour,Hors agglomération,Hors intersection,Normale,Autre collision,3,2,2,0,1,2,2,0,1,80,,1,0,0,1,0,36.0,,,,1,1,1,1,6
202100015686,2021-10-02 16:59:00,2021,10,2,16,59,04,04006,RD 908,44.301785,6.582951,Plein jour,Hors agglomération,Hors intersection,Normale,Sans collision,3,2,2,0,2,2,1,0,8,80,,1,0,0,1,0,33.0,,,,1,1,1,1,7
202100015687,2021-10-03 19:45:00,2021,10,3,19,45,85,85172,Chemin de la Jalonnière,46.837797,-1.989742,Crépuscule ou aube,Hors agglomération,Intersection en T,Normale,Deux véhicules - frontale,3,2,2,0,1,1,1,0,1,80,,2,1,0,1,0,22.0,18.0,,,2,1,3,1,1
202100015688,2021-09-30 11:30:00,2021,9,30,11,30,28,28252,D955,48.252659,0.997117,Plein jour,Hors agglomération,Hors intersection,Autre,Autre collision,3,2,2,0,1,1,1,0,8,80,,1,0,0,1,0,58.0,,,,1,1,1,9,6
202100015689,2021-09-25 19:20:00,2021,9,25,19,20,28,28378,D9,48.279844,0.851057,Crépuscule ou aube,Hors agglomération,Hors intersection,Pluie légère,Sans collision,3,2,2,0,1,3,2,0,1,70,,2,1,0,1,0,20.0,,,,2,1,1,2,7
202100015690,2021-10-02 18:45:00,2021,10,2,18,45,87,87174,le breuil,45.775037,1.438726,Plein jour,Hors agglomération,Hors intersection,Pluie légère,Sans collision,3,2,2,0,2,1,2,0,8,80,,1,0,0,1,0,62.0,,,,1,1,1,2,7
202100015691,2021-10-01 22:00:00,2021,10,1,22,0,68,68103,A35,47.681195,7.459348,Nuit sans éclairage public,Hors agglomération,Hors intersection,Normale,Deux véhicules - arrière,1,3,4,0,1,1,1,0,1,130,,4,3,0,0,1,24.0,51.0,,,3,1,1,1,2
202100015692,2021-10-02 21:00:00,2021,10,2,21,0,33,33205,Autoroute 62 - sens Bordeaux / Toulouse - PK 023.800,44.608985,-0.37431,Nuit sans éclairage public,Hors agglomération,Hors intersection,Normale,Deux véhicules - arrière,1,3,4,0,1,1,1,0,1,130,,2,1,0,0,1,74.0,26.0,,,3,1,1,1,2
202100015693,2021-10-03 15:00:00,2021,10,3,15,0,971,97112,Beaurenon,15.880173,-61.310481,Plein jour,En agglomération,Intersection en X,Normale,Deux véhicules - côté,2,2,2,0,1,1,1,5,1,50,,2,1,0,1,0,24.0,20.0,,,1,2,2,1,3
202100015694,2021-10-01 18:40:00,2021,10,1,18,40,977,97701,D209 - St Jean - face station service de l'Aéroport,17.903991,-62.84299,Nuit sans éclairage public,En agglomération,Hors intersection,Normale,Deux véhicules - côté,3,2,2,0,1,1,1,0,1,30,,3,1,0,1,1,17.0,56.0,,,3,2,1,1,3
202100015695,2021-10-02 11:45:00,2021,10,2,11,45,971,97104,Rue du Père Labat,16.020769,-61.746841,Plein jour,En agglomération,Intersection en T,Normale,Autre collision,2,2,2,0,1,2,1,0,1,50,,4,3,0,0,1,28.0,36.0,,,1,2,3,1,6
202100015696,2021-09-28 05:30:00,2021,9,28,5,30,77,77102,D403,48.232969,2.63515,Nuit sans éclairage public,Hors agglomération,Hors intersection,Normale,Autre collision,3,2,2,0,1,1,1,0,3,90,,2,0,0,1,1,22.0,,,,3,1,1,1,6
202100015697,2021-10-02 17:40:00,2021,10,2,17,40,2B,2B148,Route de l Aeroport,42.549966,9.453435,Plein jour,En agglomération,Hors intersection,Normale,Sans collision,3,2,2,0,1,1,1,0,4,50,,1,0,0,0,1,26.0,,,,1,2,1,1,7
202100015698,2021-10-02 21:40:00,2021,10,2,21,40,2A,2A114,D322,41.517186,9.108304,Nuit sans éclairage public,En agglomération,Hors intersection,Normale,Autre collision,3,2,2,0,1,4,1,0,3,50,,6,5,0,1,0,24.0,,,,3,2,1,1,6
202100015699,2021-10-02 15:20:00,2021,10,2,15,20,34,34002,Avenue du General de Gaulle,43.536649,3.429955,Plein jour,En agglomération,Hors intersection,Normale,Sans collision,3,2,2,0,1,1,1,0,1,50,,1,0,0,1,0,49.0,,,,1,2,1,1,7