accident_id,datetime,annee,mois,jour,heure,minute,departement,commune_insee,adresse,latitude,longitude,luminosite,agglomeration,intersection,meteo,collision,catr,circ,nbv,vosp,prof,plan,surf,infra,situ,vma,nb_vehicules,nb_usagers,nb_indemnes,nb_tues,nb_blesses_hosp,nb_blesses_legers,age_cond_1,age_cond_2,veh_type_cond_1,veh_type_cond_2,lum_code,agg_code,int_code,atm_code,col_code
202100015700,2021-10-03 05:40:00,2021,10,3,5,40,34,34327,D610,43.662319,3.967345,Nuit sans éclairage public,Hors agglomération,Hors intersection,Normale,Autre collision,7,2,2,0,1,1,1,0,1,70,,1,0,0,1,0,27.0,,,,3,1,1,1,6
202100015701,2021-09-28 10:45:00,2021,9,28,10,45,13,13105,Boulevard Maréchal Gallieni,43.746177,5.078339,Plein jour,En agglomération,Hors intersection,Normale,Deux véhicules - frontale,7,2,2,0,1,1,1,9,1,50,,2,1,0,1,0,80.0,,,,1,2,1,1,1
202100015702,2021-10-01 20:25:00,2021,10,1,20,25,68,68327,D21,47.630354,7.425073,Nuit sans éclairage public,Hors agglomération,Hors intersection,Normale,Autre collision,3,2,2,0,2,1,1,0,3,90,,1,0,0,1,0,21.0,,,,3,1,1,1,6
202100015703,2021-10-02 19:45:00,2021,10,2,19,45,74,74155,Rte du Col des Arces,46.27776,6.508391,Nuit sans éclairage public,Hors agglomération,Hors intersection,Normale,Autre collision,4,2,2,0,2,2,1,2,1,80,,1,0,0,0,1,49.0,,,,3,1,1,1,6
202100015704,2021-10-01 12:40:00,2021,10,1,12,40,74,74280,Av d Annecy,45.884902,6.318963,Plein jour,En agglomération,Autre intersection,Normale,Trois véhicules et plus - collisions multiples,3,2,2,0,1,1,1,9,8,-1,,3,2,0,1,0,32.0,52.0,,,1,2,9,1,5
202100015705,2021-10-01 14:40:00,2021,10,1,14,40,65,65123,Quartier Espiadet Payolle,42.94375,0.286868,Plein jour,Hors agglomération,Hors intersection,Normale,Deux véhicules - côté,3,2,2,0,2,1,1,0,1,80,,2,1,0,1,0,54.0,83.0,,,1,1,1,1,3
202100015706,2021-10-02 19:30:00,2021,10,2,19,30,33,33042,Route de Bayonne,44.489074,-0.791574,Crépuscule ou aube,En agglomération,Intersection en X,Normale,Deux véhicules - côté,3,2,2,0,1,1,1,5,1,50,,3,1,0,2,0,17.0,38.0,,,2,2,2,1,3
202100015707,2021-10-02 13:45:00,2021,10,2,13,45,13,13055,A507 sens Marseille - Aubagne,43.31899,5.42235,Plein jour,Hors agglomération,Hors intersection,Normale,Deux véhicules - côté,1,1,3,0,1,2,1,1,1,70,,4,1,0,0,3,31.0,,,,1,1,1,1,3
202100015708,2021-10-02 14:35:00,2021,10,2,14,35,13,13211,A50-Sens Aubagne vers Marseille,43.29451,5.46677,Plein jour,Hors agglomération,Hors intersection,Normale,Trois véhicules et plus - en chaîne,1,1,3,0,1,1,1,0,1,90,,5,2,0,0,3,57.0,38.0,,,1,1,1,1,4
202100015709,2021-10-01 20:15:00,2021,10,1,20,15,13,13215,A7-Sens Lyon vers Marseille,43.37062,5.36102,Nuit avec éclairage allumé,Hors agglomération,Hors intersection,Normale,Deux véhicules - arrière,1,1,0,0,1,1,1,0,1,90,,3,2,0,0,1,24.0,32.0,,,5,1,1,1,2
202100015710,2021-10-01 17:00:00,2021,10,1,17,0,13,13215,A7-Sens Marseille vers Lyon,43.365753,5.36069,Plein jour,Hors agglomération,Hors intersection,Normale,Deux véhicules - arrière,1,1,3,0,1,1,1,0,1,90,,2,1,0,0,1,73.0,38.0,,,1,1,1,1,2
202100015711,2021-10-01 07:40:00,2021,10,1,7,40,13,13215,A7-Sens Lyon vers Marseille,43.34761,5.37166,Plein jour,Hors agglomération,Hors intersection,Normale,Deux véhicules - arrière,1,1,3,0,2,1,1,0,1,90,,2,1,0,0,1,,24.0,,,1,1,1,1,2
202100015712,2021-09-30 21:20:00,2021,9,30,21,20,69,69142,M7   2.278 A 3.690,45.7307,4.81541,Nuit avec éclairage allumé,Hors agglomération,Hors intersection,Normale,Autre collision,7,2,6,0,2,2,1,3,8,50,,1,0,0,1,0,47.0,,,,5,1,1,1,6
202100015713,2021-10-02 05:07:00,2021,10,2,5,7,69,69256,A42,45.8000104624,4.9280482522,Nuit sans éclairage public,Hors agglomération,Hors intersection,Normale,Deux véhicules - arrière,1,3,8,0,1,1,1,3,1,90,,3,2,1,0,0,21.0,39.0,,,3,1,1,1,2
202100015714,2021-10-02 21:30:00,2021,10,2,21,30,94,94021,AUTOROUTE A6B,48.771371548,2.3450994762,Nuit sans éclairage public,Hors agglomération,Hors intersection,Pluie légère,Deux véhicules - côté,1,-1,2,0,1,3,2,0,1,70,,2,1,0,0,1,39.0,29.0,,,3,1,1,2,3
202100015715,2021-10-02 18:10:00,2021,10,2,18,10,77,77251,AUTOROUTE A5A,48.6180219631,2.5551232951,Plein jour,Hors agglomération,Hors intersection,Pluie forte,Autre collision,1,1,3,0,2,3,2,3,1,50,,2,1,0,0,1,28.0,,,,1,1,1,3,6
202100015716,2021-10-02 13:45:00,2021,10,2,13,45,94,94034,AUTOROUTE A86,48.76198,2.3151,Plein jour,Hors agglomération,Hors intersection,Normale,Deux véhicules - arrière,1,2,4,0,1,1,1,0,1,70,,3,2,0,0,1,46.0,38.0,,,1,1,1,1,2
202100015717,2021-10-02 10:30:00,2021,10,2,10,30,91,91661,AUTOROUTE A10,48.696303,2.236382,Plein jour,Hors agglomération,Hors intersection,Normale,Deux véhicules - côté,1,1,3,0,2,1,1,0,1,110,,2,1,0,0,1,65.0,24.0,,,1,1,1,1,3
202100015718,2021-10-02 07:00:00,2021,10,2,7,0,91,91136,AUTOROUTE A10,48.71079,2.28729,Nuit sans éclairage public,Hors agglomération,Hors intersection,Normale,Autre collision,1,1,2,0,4,2,2,0,1,70,,1,0,0,0,1,30.0,,,,3,1,1,1,6
202100015719,2021-10-01 21:00:00,2021,10,1,21,0,78,78321,RN12 EXT,48.797923,1.912266,Nuit avec éclairage allumé,Hors agglomération,Hors intersection,Pluie légère,Deux véhicules - arrière,2,3,2,0,1,1,2,1,1,70,,5,4,0,0,1,22.0,56.0,,,5,1,1,2,2
202100015720,2021-10-02 18:50:00,2021,10,2,18,50,95,95572,RN 184,49.033977,2.11149,Plein jour,Hors agglomération,Hors intersection,Pluie légère,Autre collision,2,3,4,0,1,2,2,0,1,90,,1,0,0,0,1,50.0,,,,1,1,1,2,6
202100015721,2021-10-02 08:15:00,2021,10,2,8,15,92,92036,AUTOROUTE A15,48.9407552111,2.2929279506,Plein jour,Hors agglomération,Hors intersection,Autre,Sans collision,1,1,2,0,2,3,2,0,1,50,,1,0,0,0,1,23.0,,,,1,1,1,9,7
202100015722,2021-10-02 06:30:00,2021,10,2,6,30,95,95277,RD 170 ,48.97447,2.48746,Nuit sans éclairage public,Hors agglomération,Hors intersection,Pluie légère,Deux véhicules - arrière,3,1,2,0,1,1,2,0,1,50,,3,1,0,0,2,20.0,47.0,,,3,1,1,2,2
202100015723,2021-10-02 05:05:00,2021,10,2,5,5,93,93005,AUTOROUTE A3,48.96414,2.47373,Nuit sans éclairage public,Hors agglomération,Hors intersection,Normale,Deux véhicules - arrière,1,1,1,0,1,1,2,3,1,70,,2,1,0,1,0,25.0,59.0,,,3,1,1,1,2
202100015724,2021-10-02 04:40:00,2021,10,2,4,40,93,93053,AUTOROUTE A3,48.89854,2.46975,Nuit sans éclairage public,Hors agglomération,Hors intersection,Normale,Autre collision,1,3,10,0,1,3,2,0,1,70,,1,0,0,0,1,27.0,,,,3,1,1,1,6
202100015725,2021-10-02 00:40:00,2021,10,2,0,40,93,93027,AUTOROUTE A86,48.92864,2.41465,Nuit avec éclairage non allumé,Hors agglomération,Hors intersection,Pluie légère,Trois véhicules et plus - collisions multiples,1,3,6,0,1,2,2,0,1,90,,6,5,0,0,1,24.0,32.0,,,4,1,1,2,5
202100015726,2021-10-01 21:40:00,2021,10,1,21,40,93,93010,AUTOROUTE A3,48.90941,2.4741,Nuit sans éclairage public,Hors agglomération,Hors intersection,Pluie légère,Deux véhicules - arrière,1,3,6,0,1,1,2,0,1,110,,2,0,0,0,2,22.0,37.0,,,3,1,1,2,2
202100015727,2021-10-01 22:00:00,2021,10,1,22,0,95,95572, A15,49.02875,2.12722,Nuit sans éclairage public,Hors agglomération,Hors intersection,Pluie forte,Autre collision,1,3,8,0,1,1,2,0,2,110,,2,1,1,0,0,,,,,3,1,1,3,6
202100015728,2021-09-28 09:00:00,2021,9,28,9,0,92,92036,AUTOROUTE A15,48.9436471157,2.2877561673,Plein jour,Hors agglomération,Hors intersection,Normale,Trois véhicules et plus - en chaîne,1,1,8,0,1,1,1,2,1,110,,3,2,0,0,1,68.0,68.0,,,1,1,1,1,4
202100015729,2021-10-01 09:00:00,2021,10,1,9,0,93,93008,AUTOROUTE A86,48.908288309,2.4514767908,Plein jour,Hors agglomération,Hors intersection,Normale,Autre collision,1,3,6,0,1,1,1,1,1,90,,1,0,0,0,1,21.0,,,,1,1,1,1,6
202100015730,2021-10-01 09:50:00,2021,10,1,9,50,95,95582, A15,48.9640200874,2.2634734115,Plein jour,Hors agglomération,Hors intersection,Normale,Trois véhicules et plus - en chaîne,1,3,8,0,1,3,1,0,1,110,,5,3,0,0,2,36.0,48.0,,,1,1,1,1,4
202100015731,2021-10-02 22:05:00,2021,10,2,22,5,77,77169,RN104,48.8139923741,2.627040126,Nuit avec éclairage non allumé,Hors agglomération,Hors intersection,Pluie légère,Sans collision,2,1,2,0,1,2,2,0,1,70,,4,2,0,0,2,21.0,,,,4,1,1,2,7
202100015732,2021-10-02 17:30:00,2021,10,2,17,30,75,75112,A4,48.8199009001,2.459435463,Plein jour,Hors agglomération,Hors intersection,Pluie légère,Deux véhicules - arrière,1,1,4,0,1,1,2,0,1,90,,3,1,0,0,2,24.0,28.0,,,1,1,1,2,2
202100015733,2021-10-02 04:35:00,2021,10,2,4,35,77,77169,RN104,48.82355,2.61454,Nuit avec éclairage allumé,Hors agglomération,Hors intersection,Pluie légère,Autre collision,2,1,2,0,1,2,2,0,1,70,,3,2,0,1,0,22.0,26.0,,,5,1,1,2,6
202100015734,2021-10-02 00:50:00,2021,10,2,0,50,94,94044,RN406.W,48.7574142875,2.4755237102,Nuit sans éclairage public,Hors agglomération,Hors intersection,Pluie légère,Autre collision,2,1,2,0,1,1,2,0,1,70,,4,0,0,1,3,23.0,,,,3,1,1,2,6
202100015735,2021-09-30 19:15:00,2021,9,30,19,15,75,75120,BD PERIPHERIQUE EXTERIEUR,48.848263,2.414947,Crépuscule ou aube,En agglomération,Hors intersection,Normale,Trois véhicules et plus - en chaîne,4,1,4,0,1,1,1,0,1,70,,4,2,0,0,2,32.0,52.0,,,2,2,1,1,4
202100015736,2021-09-30 00:10:00,2021,9,30,0,10,75,75112,BD PERIPHERIQUE INTERIEUR,48.844352,2.413894,Nuit avec éclairage allumé,En agglomération,Intersection en Y,Normale,Deux véhicules - côté,4,1,4,0,1,1,1,0,1,70,,3,1,0,0,2,64.0,37.0,,,5,2,4,1,3
202100015737,2021-09-30 13:20:00,2021,9,30,13,20,75,75117,RUE NOLLET,48.888938,2.317969,Plein jour,En agglomération,Intersection en X,Normale,Deux véhicules - côté,4,1,1,2,2,1,1,0,1,30,,3,2,0,0,1,51.0,61.0,,,1,2,2,1,3
202100015738,2021-10-01 20:00:00,2021,10,1,20,0,75,75116,AVENUE DE LA PORTE DE SAINT CLOUD,48.838633,2.254656,Nuit avec éclairage allumé,En agglomération,Intersection en Y,Normale,Autre collision,4,2,4,0,1,3,2,0,1,30,,2,1,0,0,1,33.0,,,,5,2,4,1,6
202100015739,2021-10-01 13:15:00,2021,10,1,13,15,75,75116,AVENUE FOCH,48.871283,2.276198,Plein jour,En agglomération,Intersection en X,Normale,Autre collision,4,3,1,0,1,1,1,0,1,30,,2,1,0,0,1,20.0,,,,1,2,2,1,6
202100015740,2021-10-01 10:10:00,2021,10,1,10,10,75,75116,AVENUE DE VERSAILLES,48.840798,2.26516,Plein jour,En agglomération,Intersection en X,Normale,Deux véhicules - côté,4,2,4,1,1,1,1,-1,5,30,,2,1,0,0,1,38.0,28.0,,,1,2,2,1,3
202100015741,2021-10-01 18:00:00,2021,10,1,18,0,75,75115,RUE DE DANTZIG,48.832544,2.297616,Plein jour,En agglomération,Intersection en T,Pluie forte,Autre collision,4,2,2,0,2,1,2,0,1,30,,3,2,0,0,1,41.0,,,,1,2,3,3,6
202100015742,2021-09-30 01:40:00,2021,9,30,1,40,75,75115,RUE DE LA CONVENTION,48.836757,2.298063,Nuit avec éclairage allumé,En agglomération,Intersection en X,Normale,Deux véhicules - côté,4,2,3,3,2,1,1,0,1,30,,2,0,0,0,2,37.0,36.0,,,5,2,2,1,3
202100015743,2021-10-01 20:10:00,2021,10,1,20,10,75,75114,BOULEVARD RASPAIL,48.840608,2.330161,Nuit sans éclairage public,En agglomération,Intersection en Y,Pluie légère,Autre collision,4,2,4,3,1,1,2,-1,6,30,,2,1,0,0,1,68.0,,,,3,2,4,2,6
202100015744,2021-10-01 18:15:00,2021,10,1,18,15,75,75114,AVENUE DU COLONEL HENRI ROL TANGUY,48.83369,2.331947,Crépuscule ou aube,En agglomération,Place,Pluie forte,Sans collision,4,2,4,3,1,1,2,-1,6,50,,1,0,0,0,1,22.0,,,,2,2,7,3,7
202100015745,2021-09-30 22:40:00,2021,9,30,22,40,75,75114,AVENUE DE LA PORTE DE CHATILLON,48.823346,2.316211,Nuit avec éclairage allumé,En agglomération,Hors intersection,Normale,Sans collision,4,2,2,0,1,1,1,0,1,30,,2,0,0,0,2,46.0,,,,5,2,1,1,7
202100015746,2021-10-01 19:35:00,2021,10,1,19,35,75,75112,PONT DE TOLBIAC,48.833524,2.382109,Crépuscule ou aube,En agglomération,Intersection en X,Pluie légère,Deux véhicules - côté,4,2,3,1,1,1,2,-1,5,30,,2,1,0,0,1,22.0,46.0,,,2,2,2,2,3
202100015747,2021-10-01 13:05:00,2021,10,1,13,5,75,75113,QUAI D IVRY,48.825129,2.388763,Plein jour,En agglomération,Intersection en T,Normale,Deux véhicules - côté,4,1,2,0,1,1,1,0,1,30,,2,1,0,0,1,41.0,49.0,,,1,2,3,1,3
202100015748,2021-10-01 08:00:00,2021,10,1,8,0,75,75111,AVENUE DE LA REPUBLIQUE,48.866358,2.368831,Crépuscule ou aube,En agglomération,Intersection en X,Temps couvert,Autre collision,4,2,4,0,1,1,1,0,1,30,,2,1,0,0,1,23.0,,,,2,2,2,8,6
202100015749,2021-10-01 14:20:00,2021,10,1,14,20,75,75110,BOULEVARD DE MAGENTA,48.874804,2.357392,Plein jour,En agglomération,Intersection à plus de 4 branches,Normale,Autre collision,4,2,6,0,1,1,1,0,4,30,,2,1,0,0,1,17.0,,,,1,2,5,1,6
202100015750,2021-10-01 14:30:00,2021,10,1,14,30,75,75108,BOULEVARD HAUSSMANN,48.875248,2.314818,Plein jour,En agglomération,Place,Temps couvert,Deux véhicules - arrière,4,2,6,0,1,1,1,0,1,30,,2,1,0,0,1,35.0,20.0,,,1,2,7,8,2
202100015751,2021-10-01 02:26:00,2021,10,1,2,26,75,75108,RUE SAINT LAZARE,48.875249,2.324273,Nuit avec éclairage allumé,En agglomération,Place,Normale,Autre collision,4,2,5,3,1,1,1,-1,6,30,,2,1,0,0,1,44.0,,,,5,2,7,1,6
202100015752,2021-10-01 08:31:00,2021,10,1,8,31,75,75107,AVENUE DU MARECHAL GALLIENI,48.861059,2.313239,Plein jour,En agglomération,Intersection en X,Normale,Deux véhicules - arrière,4,2,4,0,1,1,1,0,1,50,,2,1,0,0,1,41.0,22.0,,,1,2,2,1,2
202100015753,2021-09-30 14:20:00,2021,9,30,14,20,75,75104,PONT DE SULLY,48.85082,2.361435,Plein jour,En agglomération,Intersection en X,Normale,Deux véhicules - côté,4,1,2,0,1,1,1,2,1,30,,2,1,0,0,1,55.0,24.0,,,1,2,2,1,3
202100015754,2021-10-01 19:35:00,2021,10,1,19,35,94,94081,Rue Paul Armangot,48.778824,2.379772,Nuit avec éclairage allumé,En agglomération,Hors intersection,Pluie légère,Deux véhicules - côté,4,1,1,0,1,1,2,0,1,30,,2,0,0,0,2,29.0,35.0,,,5,2,1,2,3
202100015755,2021-10-01 14:20:00,2021,10,1,14,20,94,94068,LOUIS BLANC (AV),48.79208,2.49714,Plein jour,En agglomération,Intersection en X,Normale,Deux véhicules - côté,3,2,2,0,1,1,1,0,1,30,,2,1,0,0,1,26.0,31.0,,,1,2,2,1,3
202100015756,2021-10-01 14:20:00,2021,10,1,14,20,94,94043,Avenue de Fontainebleau,48.812492,2.36155,Plein jour,En agglomération,Hors intersection,Normale,Deux véhicules - arrière,3,-1,4,0,1,1,1,0,1,50,,2,1,0,0,1,30.0,33.0,,,1,2,1,1,2
202100015757,2021-10-01 14:30:00,2021,10,1,14,30,94,94016,Rue Camille Desmoulins,48.7924655894,2.3328137398,Plein jour,En agglomération,Hors intersection,Normale,Deux véhicules - côté,3,2,2,0,1,1,1,0,1,50,,2,1,0,0,1,31.0,22.0,,,1,2,1,1,3
202100015758,2021-09-28 07:45:00,2021,9,28,7,45,94,94033,EMILE ZOLA (R),48.85731,2.47081,Plein jour,En agglomération,Intersection en X,Temps couvert,Deux véhicules - frontale,3,2,2,0,2,2,1,0,1,50,,2,1,0,0,1,41.0,45.0,,,1,2,2,8,1
202100015759,2021-10-01 08:35:00,2021,10,1,8,35,94,94028,Rue Marc Seguin,48.7853,2.43404,Plein jour,En agglomération,Hors intersection,Normale,Autre collision,4,2,2,0,1,1,1,0,1,50,,1,0,0,0,1,29.0,,,,1,2,1,1,6
202100015760,2021-09-30 18:00:00,2021,9,30,18,0,94,94017,ROGER SALENGRO (AV),48.8183354893,2.4926271848,Plein jour,En agglomération,Hors intersection,Normale,Autre collision,3,1,0,0,1,1,1,5,1,50,,3,0,0,0,3,49.0,,,,1,2,1,1,6
202100015761,2021-09-30 21:15:00,2021,9,30,21,15,94,94075,Avenue du Mal de Lattre de Tassigny,48.72749,2.53106,Nuit avec éclairage allumé,En agglomération,Intersection en X,Normale,Deux véhicules - côté,2,2,6,0,1,1,1,5,1,50,,2,1,0,1,0,60.0,48.0,,,5,2,2,1,3
202100015762,2021-08-30 01:40:00,2021,8,30,1,40,93,93072,STALINGRAD (AVENUE DE) DES N° 126 A 156,48.9571,2.3958,Nuit avec éclairage allumé,En agglomération,Hors intersection,Normale,Deux véhicules - frontale,3,1,2,0,1,1,1,0,1,50,,2,1,0,1,0,32.0,22.0,,,5,2,1,1,1
202100015763,2021-09-30 17:30:00,2021,9,30,17,30,93,93066,Avenue de la Métallurgie,48.909289,2.361364,Plein jour,En agglomération,Intersection en X,Normale,Deux véhicules - côté,4,2,2,1,1,1,1,0,1,50,,2,1,0,0,1,50.0,39.0,,,1,2,2,1,3
202100015764,2021-09-29 18:50:00,2021,9,29,18,50,93,93066,Rue Ambroise Croizat,48.93224,2.34893,Plein jour,En agglomération,Autre intersection,Normale,Trois véhicules et plus - collisions multiples,3,2,2,0,1,1,1,0,1,50,,3,2,0,0,1,43.0,53.0,,,1,2,9,1,5
202100015765,2021-10-01 13:00:00,2021,10,1,13,0,93,93064,DHUYS (RUE DE LA),48.8771,2.468853,Plein jour,En agglomération,Hors intersection,Normale,Deux véhicules - côté,4,2,1,0,1,1,1,0,1,50,,2,1,0,1,0,19.0,27.0,,,1,2,1,1,3
202100015766,2021-10-01 09:45:00,2021,10,1,9,45,93,93064,ALSACE-LORRAINE (BOULEVARD),48.884105,2.487147,Plein jour,En agglomération,Hors intersection,Normale,Deux véhicules - arrière,3,3,4,0,1,1,1,0,1,50,,2,1,0,0,1,44.0,32.0,,,1,2,1,1,2
202100015767,2021-09-30 00:50:00,2021,9,30,0,50,93,93053,ANATOLE FRANCE (RUE),48.886293,2.445549,Nuit avec éclairage allumé,En agglomération,Intersection en Y,Normale,Deux véhicules - frontale,3,1,1,0,3,1,1,0,1,50,,3,1,0,1,1,35.0,67.0,,,5,2,4,1,1
202100015768,2021-10-01 19:33:00,2021,10,1,19,33,93,93048,Bd Paul Vaillant Couturier / Place Francois Mitterrand,48.865294,2.443536,Nuit avec éclairage allumé,En agglomération,Giratoire,Pluie légère,Autre collision,3,2,2,0,2,1,2,5,1,50,,2,1,0,1,0,24.0,,,,5,2,6,2,6
202100015769,2021-10-01 06:30:00,2021,10,1,6,30,93,93031,Rue des Solivats / Avenue de la République,48.9485307924,2.3360871077,Nuit avec éclairage allumé,En agglomération,Intersection en T,Normale,Deux véhicules - côté,3,3,2,1,1,1,1,0,5,50,,2,1,0,0,1,29.0,35.0,,,5,2,3,1,3
202100015770,2021-10-01 22:40:00,2021,10,1,22,40,93,93005,Avenue Jules Jouy / Avenue Lelièvre,48.9265059299,2.4940804839,Nuit avec éclairage allumé,En agglomération,Intersection en X,Pluie légère,Deux véhicules - côté,4,2,2,0,1,1,2,5,1,50,,2,1,0,0,1,31.0,38.0,,,5,2,2,2,3
202100015771,2021-10-01 09:30:00,2021,10,1,9,30,93,93001,REPUBLIQUE (AVE DE LA ) 43/106 =>,48.908414,2.387489,Plein jour,En agglomération,Hors intersection,Normale,Deux véhicules - côté,3,2,2,0,1,1,1,0,1,50,,2,1,0,0,1,51.0,30.0,,,1,2,1,1,3
202100015772,2021-10-01 11:30:00,2021,10,1,11,30,92,92046,GABRIEL PERI,48.8192951042,2.3042334954,Plein jour,En agglomération,Hors intersection,Pluie légère,Autre collision,3,2,2,0,1,1,2,0,1,50,,2,1,0,0,1,21.0,,,,1,2,1,2,6
202100015773,2021-10-01 15:15:00,2021,10,1,15,15,92,92064,GATE - CEPS,48.8515533906,2.2181588104,Plein jour,En agglomération,Hors intersection,Pluie légère,Autre collision,4,-1,2,0,2,1,2,0,1,50,,2,1,0,0,1,,,,,1,2,1,2,6
202100015774,2021-09-25 17:30:00,2021,9,25,17,30,92,92064,REPUBLIQUE,48.8467175416,2.2141490524,Plein jour,En agglomération,Hors intersection,Normale,Deux véhicules - côté,3,3,4,1,1,1,1,0,1,50,,2,1,0,0,1,55.0,15.0,,,1,2,1,1,3
202100015775,2021-10-01 09:11:00,2021,10,1,9,11,92,92076,SURESNES,48.845825,2.179968,Plein jour,En agglomération,Hors intersection,Normale,Deux véhicules - côté,4,2,1,0,1,1,1,0,1,30,,2,1,0,0,1,50.0,48.0,,,1,2,1,1,3
202100015776,2021-09-30 09:36:00,2021,9,30,9,36,92,92062,DE DION BOUTON (QUAI) DU 29 AU 65,48.8843064254,2.2498530149,Plein jour,En agglomération,Autre intersection,Normale,Deux véhicules - côté,3,-1,0,0,1,1,1,0,8,50,,2,1,0,0,1,24.0,46.0,,,1,2,9,1,3
202100015777,2021-10-01 16:55:00,2021,10,1,16,55,92,92050,PICASSO PABLO AVENUE,48.8932147497,2.2128653526,Plein jour,En agglomération,Hors intersection,Pluie légère,Autre collision,4,3,4,1,1,1,2,0,6,50,,3,2,0,0,1,44.0,,,,1,2,1,2,6
202100015778,2021-09-30 22:45:00,2021,9,30,22,45,92,92040,BAS MEUDON (AVENUE DU),48.8219211952,2.2440889478,Nuit avec éclairage allumé,En agglomération,Intersection en X,Normale,Deux véhicules - côté,4,1,1,0,1,1,1,0,1,30,,4,1,0,0,3,23.0,41.0,,,5,2,2,1,3
202100015779,2021-10-01 18:30:00,2021,10,1,18,30,92,92026,SAINT-DENIS BD (120 A 174 / DE 199 A 315,48.90217,2.27369,Crépuscule ou aube,En agglomération,Intersection en T,Pluie forte,Deux véhicules - côté,3,2,3,0,1,1,2,0,1,50,,2,1,0,0,1,28.0,58.0,,,2,2,3,3,3
202100015780,2021-10-01 13:00:00,2021,10,1,13,0,92,92025,STALINGRAD (AV DE),48.9334,2.264665,Plein jour,En agglomération,Intersection en Y,Normale,Deux véhicules - côté,3,2,2,0,1,1,1,0,1,50,,3,2,0,0,1,28.0,51.0,,,1,2,4,1,3
202100015781,2021-09-30 19:30:00,2021,9,30,19,30,92,92024,GASTON PAYMAL (RUE) DE (1A 3)   (2   4),48.9030952134,2.3093777423,Plein jour,En agglomération,Intersection en X,Normale,Autre collision,4,1,1,0,1,1,1,0,1,30,,2,1,0,0,1,31.0,,,,1,2,2,1,6
202100015782,2021-09-25 20:00:00,2021,9,25,20,0,92,92024,JEAN JAURES (BD) DE (1 A 45)   (2 A 54),48.89739,2.30864,Nuit avec éclairage allumé,En agglomération,Hors intersection,Normale,Autre collision,3,1,3,3,1,1,1,0,1,50,,2,1,0,0,1,,,,,5,2,1,1,6
202100015783,2021-10-01 12:10:00,2021,10,1,12,10,92,92012,EDOUARD VAILLANT (AVENUE) - DEBUT/55 - C,48.8354435105,2.2495135444,Plein jour,En agglomération,Intersection en X,Normale,Autre collision,3,2,6,0,1,1,1,0,1,50,,2,1,0,0,1,52.0,,,,1,2,2,1,6
202100015784,2021-09-30 18:15:00,2021,9,30,18,15,92,92012,ANCIENS COMBATTANT (ROND - POINT DES),48.8479077756,2.2418090701,Plein jour,En agglomération,Giratoire,Normale,Deux véhicules - arrière,4,1,2,0,1,2,1,9,1,50,,2,1,0,0,1,60.0,56.0,,,1,2,6,1,2
202100015785,2021-08-24 18:22:00,2021,8,24,18,22,76,76281,1 Rue de Freneuse,49.520122,0.574854,Plein jour,Hors agglomération,Intersection en Y,Normale,Deux véhicules - frontale,3,2,3,0,2,1,1,5,1,90,,2,1,0,0,1,46.0,29.0,,,1,1,4,1,1
202100015786,2021-10-02 20:00:00,2021,10,2,20,0,35,35126,90 Rue de Fagues,47.963617,-1.791217,Nuit avec éclairage allumé,En agglomération,Hors intersection,Pluie forte,Deux véhicules - frontale,4,2,2,0,1,1,2,0,1,50,,2,0,0,0,2,47.0,48.0,,,5,2,1,3,1
202100015787,2021-10-02 12:15:00,2021,10,2,12,15,16,16012,RD731,45.599176,-0.319934,Plein jour,Hors agglomération,Hors intersection,Temps couvert,Deux véhicules - arrière,3,2,2,0,1,1,1,0,1,90,,2,1,0,1,0,30.0,52.0,,,1,1,1,8,2
202100015788,2021-10-02 14:10:00,2021,10,2,14,10,68,68296,Rte départemental 481,48.245682,7.321787,Plein jour,Hors agglomération,Hors intersection,Normale,Autre collision,3,2,2,0,2,1,1,0,8,80,,1,0,0,1,0,31.0,,,,1,1,1,1,6
202100015789,2021-10-02 11:10:00,2021,10,2,11,10,972,97222,RN 1,14.689253,-60.939982,Plein jour,Hors agglomération,Hors intersection,Normale,Trois véhicules et plus - collisions multiples,2,3,4,3,2,1,1,0,1,90,,3,2,0,0,1,74.0,72.0,,,1,1,1,1,5
202100015790,2021-10-01 16:30:00,2021,10,1,16,30,64,64450,D945,43.486182,-0.564723,Plein jour,Hors agglomération,Intersection en T,Normale,Deux véhicules - côté,3,2,2,0,1,1,1,0,1,80,,2,1,0,0,1,25.0,80.0,,,1,1,3,1,3
202100015791,2021-10-01 19:20:00,2021,10,1,19,20,42,42308,Rue Joannes Callet,45.45201,4.582179,Crépuscule ou aube,En agglomération,Hors intersection,Normale,Autre collision,7,2,2,0,1,1,1,0,1,50,,1,0,0,1,0,18.0,,,,2,2,1,1,6
202100015792,2021-08-02 13:30:00,2021,8,2,13,30,34,34199,a75,43.454866,3.43106,Plein jour,Hors agglomération,Hors intersection,Normale,Deux véhicules - côté,1,3,4,0,1,1,1,0,2,130,,2,1,0,1,0,24.0,19.0,,,1,1,1,1,3