accident_id,datetime,annee,mois,jour,heure,minute,departement,commune_insee,adresse,latitude,longitude,luminosite,agglomeration,intersection,meteo,collision,catr,circ,nbv,vosp,prof,plan,surf,infra,situ,vma,nb_vehicules,nb_usagers,nb_indemnes,nb_tues,nb_blesses_hosp,nb_blesses_legers,age_cond_1,age_cond_2,veh_type_cond_1,veh_type_cond_2,lum_code,agg_code,int_code,atm_code,col_code
202100015793,2021-10-01 20:15:00,2021,10,1,20,15,83,83130,Quartier le Logis Neuf,43.1805739918,6.0454447355,Nuit sans éclairage public,En agglomération,Hors intersection,Normale,Autre collision,3,2,2,0,1,1,1,0,1,50,,4,1,0,1,2,26.0,23.0,,,3,2,1,1,6
202100015794,2021-10-01 15:45:00,2021,10,1,15,45,66,66050,Route du Barcares,42.777165,2.92968,Plein jour,Hors agglomération,Hors intersection,Normale,Deux véhicules - arrière,4,2,2,0,1,1,1,0,1,90,,2,1,1,0,0,81.0,39.0,,,1,1,1,1,2
202100015795,2021-09-30 12:00:00,2021,9,30,12,0,51,51536,D944,49.194332,4.154742,Plein jour,Hors agglomération,Hors intersection,Normale,Trois véhicules et plus - en chaîne,3,2,2,0,1,1,1,0,1,90,,4,2,0,2,0,24.0,76.0,,,1,1,1,1,4
202100015796,2021-10-02 15:30:00,2021,10,2,15,30,51,51573,A344,49.2534881179,4.0116432309,Plein jour,Hors agglomération,Hors intersection,Normale,Deux véhicules - côté,1,1,1,0,1,3,1,3,1,70,,5,4,0,1,0,26.0,25.0,,,1,1,1,1,3
202100015797,2021-10-01 11:30:00,2021,10,1,11,30,56,56237,D768,48.040596,-2.950135,Plein jour,Hors agglomération,Hors intersection,Temps couvert,Deux véhicules - frontale,3,2,2,0,1,1,2,2,1,80,,2,0,0,2,0,24.0,35.0,,,1,1,1,8,1
202100015798,2021-10-02 16:20:00,2021,10,2,16,20,77,77239,N4,48.691768,3.16196,Plein jour,Hors agglomération,Hors intersection,Pluie légère,Deux véhicules - frontale,2,2,2,0,2,1,2,0,1,80,,2,1,1,0,0,60.0,24.0,,,1,1,1,2,1
202100015799,2021-10-02 14:20:00,2021,10,2,14,20,67,67235,D87,48.882589,8.05005,Plein jour,Hors agglomération,Hors intersection,Normale,Deux véhicules - arrière,3,2,2,0,1,1,1,0,1,80,,2,1,0,1,0,21.0,54.0,,,1,1,1,1,2
202100015800,2021-10-02 19:00:00,2021,10,2,19,0,79,79161,Route de Parthenay,46.942879,-0.203419,Crépuscule ou aube,Hors agglomération,Intersection en X,Pluie forte,Deux véhicules - côté,3,2,2,0,1,1,2,5,1,80,,5,1,0,0,4,35.0,30.0,,,2,1,2,3,3
202100015801,2021-10-02 12:45:00,2021,10,2,12,45,2B,2B123,40 Route de Vadina,42.0763544186,9.4675862802,Plein jour,Hors agglomération,Hors intersection,Normale,Sans collision,2,2,2,0,1,1,9,8,3,80,,1,0,0,1,0,39.0,,,,1,1,1,1,7
202100015802,2021-10-02 17:20:00,2021,10,2,17,20,2B,2B171,D343,42.186048,9.191415,Plein jour,Hors agglomération,Hors intersection,Normale,Autre collision,3,2,2,0,2,2,1,0,1,80,,1,0,0,1,0,60.0,,,,1,1,1,1,6
202100015803,2021-10-02 11:00:00,2021,10,2,11,0,2B,2B207,D 506 route d'orezza,42.444148,9.496586,Plein jour,En agglomération,Hors intersection,Normale,Autre collision,3,2,2,0,1,1,1,9,4,30,,1,0,0,0,1,15.0,,,,1,2,1,1,6
202100015804,2021-10-02 01:20:00,2021,10,2,1,20,82,82075,Route d Agen,43.835306,1.294713,Nuit sans éclairage public,En agglomération,Hors intersection,Normale,Autre collision,3,2,2,0,1,2,1,0,1,50,,1,0,0,1,0,37.0,,,,3,2,1,1,6
202100015805,2021-08-26 07:45:00,2021,8,26,7,45,11,11253,D629,43.290701,2.225182,Plein jour,Hors agglomération,Hors intersection,Normale,Sans collision,3,2,2,0,2,2,1,0,1,80,,3,0,0,1,2,20.0,,,,1,1,1,1,7
202100015806,2021-09-30 14:30:00,2021,9,30,14,30,63,63125,D7 Lafayette/Rue de la Côte Bonjour,45.7565372665,3.5515650173,Plein jour,En agglomération,Intersection en T,Normale,Deux véhicules - côté,3,2,2,0,2,1,1,0,1,50,,2,1,0,1,0,45.0,28.0,,,1,2,3,1,3
202100015807,2021-10-01 19:40:00,2021,10,1,19,40,61,61133,D31,48.63976,0.369381,Nuit sans éclairage public,Hors agglomération,Hors intersection,Pluie légère,Autre collision,3,2,2,0,1,2,2,0,3,90,,3,2,0,1,0,20.0,,,,3,1,1,2,6
202100015808,2021-10-02 00:10:00,2021,10,2,0,10,55,55405,Rue Hameau de Chatillon,49.381426,5.589128,Nuit sans éclairage public,Hors agglomération,Hors intersection,Pluie légère,Sans collision,3,2,2,0,1,1,2,2,3,80,,4,1,0,1,2,22.0,,,,3,1,1,2,7
202100015809,2021-10-01 04:00:00,2021,10,1,4,0,47,47049,Les Moulins,44.447871,0.635185,Nuit sans éclairage public,Hors agglomération,Intersection en Y,Normale,Autre collision,3,2,2,0,1,3,1,0,3,80,,1,0,0,1,0,19.0,,,,3,1,4,1,6
202100015810,2021-10-02 12:15:00,2021,10,2,12,15,41,41256,RD2020,47.292751,2.058685,Plein jour,Hors agglomération,Autre intersection,Normale,Deux véhicules - frontale,3,2,2,0,1,1,1,0,1,90,,4,0,3,1,0,61.0,78.0,,,1,1,9,1,1
202100015811,2021-10-01 18:20:00,2021,10,1,18,20,34,34144,D35,43.711378,3.204575,Plein jour,Hors agglomération,Hors intersection,Normale,Sans collision,3,2,2,0,2,1,1,0,1,-1,,1,0,0,1,0,44.0,,,,1,1,1,1,7
202100015812,2021-10-02 12:05:00,2021,10,2,12,5,22,22115,Lan Croajou,48.350749,-3.219432,Plein jour,Hors agglomération,Hors intersection,Pluie forte,Sans collision,3,2,2,0,2,2,2,0,3,80,,1,0,1,0,0,65.0,,,,1,1,1,3,7
202100015813,2021-09-29 17:05:00,2021,9,29,17,5,44,44041,D65,47.099428,-1.608451,Plein jour,En agglomération,Intersection en T,Normale,Deux véhicules - arrière,3,2,2,0,1,1,1,0,1,50,,2,1,0,1,0,26.0,21.0,,,1,2,3,1,2
202100015814,2021-10-01 20:20:00,2021,10,1,20,20,38,38408,Route du Stade,45.5840265,4.998779,Crépuscule ou aube,En agglomération,Hors intersection,Normale,Deux véhicules - arrière,3,2,2,0,1,1,1,0,1,50,,3,2,0,0,1,42.0,,,,2,2,1,1,2
202100015815,2021-10-02 09:30:00,2021,10,2,9,30,02,02569,23 Rue du Canal,50.021045,3.669938,Plein jour,En agglomération,Hors intersection,Normale,Autre collision,3,2,2,0,1,2,1,0,4,50,,3,2,0,1,0,24.0,32.0,,,1,2,1,1,6
202100015816,2021-10-01 17:15:00,2021,10,1,17,15,01,01115,30 Route de Bourg,46.255611,5.061861,Plein jour,En agglomération,Hors intersection,Normale,Deux véhicules - côté,3,2,2,0,1,1,1,0,1,50,,2,1,0,1,0,22.0,22.0,,,1,2,1,1,3
202100015817,2021-10-02 10:45:00,2021,10,2,10,45,01,01001,,46.162694,4.933981,Plein jour,Hors agglomération,Hors intersection,Normale,Sans collision,3,2,2,0,1,1,1,0,1,80,,1,0,0,1,0,30.0,,,,1,1,1,1,7
202100015818,2021-09-29 15:40:00,2021,9,29,15,40,72,72211,Lieu Dit la Vallas,48.270955,-0.10224,Plein jour,Hors agglomération,Hors intersection,Normale,Deux véhicules - frontale,3,2,2,0,2,3,1,0,1,-1,,2,0,0,0,2,35.0,56.0,,,1,1,1,1,1
202100015819,2021-10-01 00:27:00,2021,10,1,0,27,64,64364,D252,43.325916,-1.335145,Nuit avec éclairage non allumé,Hors agglomération,Hors intersection,Normale,Sans collision,3,-1,2,0,4,3,1,0,1,70,,1,0,0,1,0,25.0,,,,4,1,1,1,7
202100015820,2021-09-30 22:30:00,2021,9,30,22,30,85,85213,Rue Georges Clemenceau,46.593325,-1.315452,Nuit avec éclairage allumé,En agglomération,Hors intersection,Normale,Autre collision,3,3,2,0,1,1,1,5,1,50,,2,1,0,0,1,21.0,,,,5,2,1,1,6
202100015821,2021-10-02 07:40:00,2021,10,2,7,40,60,60652,"Autoroute A16, pk 56+300 sens PARIS-BOULOGNE",49.2997140592,2.0730247853,Crépuscule ou aube,Hors agglomération,Hors intersection,Temps couvert,Autre collision,1,1,4,0,1,1,2,0,1,110,,3,0,1,1,1,19.0,,,,2,1,1,8,6
202100015822,2021-10-01 10:55:00,2021,10,1,10,55,34,34337,Cd 185,43.53794,3.864398,Plein jour,Hors agglomération,Intersection en T,Normale,Deux véhicules - côté,7,-1,2,1,1,1,1,0,5,70,,2,1,0,1,0,75.0,63.0,,,1,1,3,1,3
202100015823,2021-10-01 20:10:00,2021,10,1,20,10,973,97309,Route de Montjoly (rd1),4.921172,-52.280197,Nuit sans éclairage public,En agglomération,Hors intersection,Normale,Deux véhicules - côté,3,2,2,3,1,1,1,0,1,50,,2,1,0,0,1,39.0,18.0,,,3,2,1,1,3
202100015824,2021-10-01 09:35:00,2021,10,1,9,35,06,06088,"A8, bretelle d'entrée 51 sens NICE -CANNES",43.675283,7.195905,Plein jour,Hors agglomération,Hors intersection,Normale,Sans collision,1,3,4,0,2,3,1,3,1,50,,1,0,0,0,1,50.0,,,,1,1,1,1,7
202100015825,2021-10-02 14:50:00,2021,10,2,14,50,63,63113,pk 000+500 A75 en direction de Paris,45.767433,3.139043,Plein jour,Hors agglomération,Hors intersection,Normale,Deux véhicules - côté,1,3,4,0,1,1,1,0,1,-1,,2,1,0,1,0,50.0,77.0,,,1,1,1,1,3
202100015826,2021-08-28 06:40:00,2021,8,28,6,40,30,30107,"autoroute A9, PK 25+000, sens Sud-Nord",43.961859,4.634439,Crépuscule ou aube,Hors agglomération,Hors intersection,Normale,Autre collision,1,3,4,0,1,1,1,0,3,130,,3,1,0,0,2,18.0,,,,2,1,1,1,6
202100015827,2021-10-01 17:20:00,2021,10,1,17,20,77,77359,Perthes,48.480503,2.514582,Plein jour,Hors agglomération,Hors intersection,Pluie légère,Trois véhicules et plus - collisions multiples,1,3,3,0,3,3,2,0,1,130,,3,2,0,0,1,54.0,,,,1,1,1,2,5
202100015828,2021-10-01 15:10:00,2021,10,1,15,10,971,97117,D114,16.325676,-61.353756,Plein jour,En agglomération,Hors intersection,Normale,Autre collision,3,2,2,0,1,1,1,0,3,50,,1,0,1,0,0,75.0,,,,1,2,1,1,6
202100015829,2021-10-01 20:15:00,2021,10,1,20,15,77,77381,D201,48.615076,2.975428,Nuit sans éclairage public,Hors agglomération,Hors intersection,Pluie légère,Deux véhicules - côté,3,2,1,0,1,1,2,0,1,90,,3,2,0,1,0,44.0,42.0,,,3,1,1,2,3
202100015830,2021-10-02 13:30:00,2021,10,2,13,30,83,83059,D15 route de sainte anastasie,43.338351,6.09974,Plein jour,Hors agglomération,Hors intersection,Normale,Deux véhicules - frontale,3,2,2,0,1,3,1,0,1,70,,2,1,1,0,0,60.0,45.0,,,1,1,1,1,1
202100015831,2021-10-02 12:39:00,2021,10,2,12,39,04,04096,Route de la Bonette,44.3472,6.78703,Plein jour,Hors agglomération,Hors intersection,Normale,Sans collision,4,2,2,0,2,2,1,0,1,50,,1,0,0,1,0,59.0,,,,1,1,1,1,7
202100015832,2021-09-01 08:40:00,2021,9,1,8,40,13,13079,Chemin Départemental 57 b,43.508176,5.650406,Plein jour,Hors agglomération,Hors intersection,Normale,Deux véhicules - frontale,7,2,2,0,1,1,1,0,1,80,,2,1,0,1,0,64.0,16.0,,,1,1,1,1,1
202100015833,2021-10-02 16:00:00,2021,10,2,16,0,25,25097,Allee Henri Hugoniot,47.523874,6.870017,Plein jour,Hors agglomération,Autre intersection,Normale,Deux véhicules - frontale,4,2,2,0,2,4,1,2,1,50,,2,1,0,1,0,23.0,21.0,,,1,1,9,1,1
202100015834,2021-10-02 13:55:00,2021,10,2,13,55,74,74032,Rte de la Cote,46.258206,6.530063,Plein jour,Hors agglomération,Hors intersection,Normale,Deux véhicules - frontale,4,2,2,0,2,2,1,0,1,80,,2,1,0,1,0,39.0,14.0,,,1,1,1,1,1
202100015835,2021-10-01 12:30:00,2021,10,1,12,30,69,69154,LENTILLY (DE) (RTE),45.788953,4.669232,Plein jour,Hors agglomération,Intersection en X,Normale,Deux véhicules - côté,3,2,2,0,2,2,1,0,1,-1,,2,1,0,1,0,61.0,54.0,,,1,1,2,1,3
202100015836,2021-10-02 09:50:00,2021,10,2,9,50,64,64126,RUE LOUIS BARTHOU,43.175752,-0.606715,Plein jour,En agglomération,Intersection en T,Temps éblouissant,Autre collision,3,2,2,0,2,3,1,0,1,50,,3,2,0,1,0,62.0,,,,1,2,3,7,6
202100015837,2021-10-01 20:05:00,2021,10,1,20,5,33,33449,Route du Temple,44.852461,-0.849895,Nuit sans éclairage public,Hors agglomération,Hors intersection,Pluie légère,Deux véhicules - arrière,7,2,2,0,1,1,2,0,1,80,,2,1,0,0,1,44.0,45.0,,,3,1,1,2,2
202100015838,2021-10-01 21:35:00,2021,10,1,21,35,22,22081,rue de brest,48.485147,-2.65646,Nuit sans éclairage public,Hors agglomération,Hors intersection,Normale,Autre collision,3,2,2,3,2,1,1,0,1,70,,2,1,0,1,0,24.0,,,,3,1,1,1,6
202100015839,2021-10-02 09:00:00,2021,10,2,9,0,35,35196,Rue du Frère Emilien,48.072613,-1.848793,Plein jour,En agglomération,Intersection en T,Pluie légère,Autre collision,7,2,1,0,1,1,2,0,1,50,,2,1,0,1,0,23.0,,,,1,2,3,2,6
202100015840,2021-10-01 16:30:00,2021,10,1,16,30,60,60533,Rue de Gournay,49.536207,2.741888,Plein jour,En agglomération,Intersection en X,Pluie forte,Deux véhicules - arrière,3,2,2,0,2,1,2,0,1,50,,3,0,0,1,2,19.0,40.0,,,1,2,2,3,2
202100015841,2021-10-01 14:15:00,2021,10,1,14,15,13,13015,A51-Sens Marseille vers Aix en Provence,43.467468,5.407419,Plein jour,Hors agglomération,Hors intersection,Normale,Sans collision,1,1,1,0,1,1,1,0,1,70,,1,0,0,0,1,65.0,,,,1,1,1,1,7
202100015842,2021-09-28 17:40:00,2021,9,28,17,40,13,13071,A51-Sens Aix en Provence vers Marseille,43.41544,5.36472,Plein jour,Hors agglomération,Hors intersection,Normale,Autre collision,1,-1,3,3,1,1,1,0,1,90,,3,2,0,0,1,42.0,41.0,,,1,1,1,1,6
202100015843,2021-09-30 17:45:00,2021,9,30,17,45,13,13055,A507 sens Marseille - Aubagne,43.33464,5.38255,Plein jour,Hors agglomération,Hors intersection,Normale,Deux véhicules - arrière,1,1,3,0,2,1,1,1,1,70,,3,1,0,0,2,47.0,20.0,,,1,1,1,1,2
202100015844,2021-09-25 19:30:00,2021,9,25,19,30,01,01275,A42 4.329 A 5.760   LYON/GEN,45.8121,4.9413,Crépuscule ou aube,Hors agglomération,Hors intersection,Normale,Deux véhicules - arrière,1,3,4,0,1,1,1,0,1,90,,4,1,0,0,3,30.0,20.0,,,2,1,1,1,2
202100015845,2021-10-01 17:15:00,2021,10,1,17,15,33,33065,ROUTE NATIONALE 230,44.81153,-0.52195,Plein jour,Hors agglomération,Hors intersection,Normale,Deux véhicules - arrière,2,3,6,0,1,2,1,0,1,90,,2,1,0,0,1,45.0,51.0,,,1,1,1,1,2
202100015846,2021-10-01 08:06:00,2021,10,1,8,6,33,33318,ROCADE A 630,44.788013,-0.630476,Plein jour,Hors agglomération,Hors intersection,Normale,Sans collision,1,3,4,0,1,4,1,3,1,70,,1,0,0,0,1,47.0,,,,1,1,1,1,7
202100015847,2021-09-30 08:05:00,2021,9,30,8,5,62,62427,AUTOROUTE A1,50.397456,2.982774,Plein jour,Hors agglomération,Hors intersection,Normale,Deux véhicules - arrière,1,3,6,0,1,1,1,0,1,130,,2,1,0,0,1,36.0,,,,1,1,1,1,2
202100015848,2021-09-30 21:25:00,2021,9,30,21,25,91,91377,RD 188,48.723197,2.277102,Nuit avec éclairage non allumé,Hors agglomération,Hors intersection,Normale,Deux véhicules - arrière,3,1,4,0,1,1,1,0,1,70,,2,1,0,0,1,32.0,50.0,,,4,1,1,1,2
202100015849,2021-09-30 01:20:00,2021,9,30,1,20,92,92050,A86,48.9047425947,2.2079595923,Nuit sans éclairage public,Hors agglomération,Hors intersection,Normale,Deux véhicules - arrière,1,3,2,0,1,1,1,0,1,110,,3,2,0,0,1,25.0,,,,3,1,1,1,2
202100015850,2021-09-28 17:50:00,2021,9,28,17,50,93,93001,AUTOROUTE A86,48.9209812067,2.3722743988,Plein jour,Hors agglomération,Hors intersection,Normale,Deux véhicules - arrière,1,3,8,0,1,1,1,0,1,90,,2,1,0,0,1,49.0,22.0,,,1,1,1,1,2
202100015851,2021-10-01 22:20:00,2021,10,1,22,20,75,75112,A4,48.8239788177,2.4631047249,Nuit sans éclairage public,Hors agglomération,Hors intersection,Pluie forte,Trois véhicules et plus - en chaîne,1,3,4,0,1,1,2,0,1,90,,3,2,0,0,1,26.0,43.0,,,3,1,1,3,4
202100015852,2021-10-01 16:45:00,2021,10,1,16,45,94,94065,A86 INT,48.7537748866,2.3678954755,Plein jour,Hors agglomération,Hors intersection,Pluie légère,Deux véhicules - arrière,2,1,2,0,1,1,2,0,1,90,,2,1,0,0,1,23.0,30.0,,,1,1,1,2,2
202100015853,2021-10-01 07:25:00,2021,10,1,7,25,94,94065,A86 EXT,48.7541617479,2.3503539663,Nuit sans éclairage public,Hors agglomération,Hors intersection,Normale,Deux véhicules - côté,1,1,5,0,1,1,1,0,1,90,,2,1,0,0,1,27.0,69.0,,,3,1,1,1,3
202100015854,2021-09-29 09:20:00,2021,9,29,9,20,29,29019,Avenue Victor le Gorgeu,48.4048660313,-4.5063017283,Plein jour,En agglomération,Intersection en T,Normale,Autre collision,4,2,1,0,1,1,1,0,1,50,,2,1,0,1,0,62.0,,,,1,2,3,1,6
202100015855,2021-09-30 14:22:00,2021,9,30,14,22,66,66136,AGASSE PASCAL MARIE,42.69491,2.86551,Plein jour,En agglomération,Hors intersection,Normale,Autre collision,6,-1,-1,0,2,1,1,9,8,10,,2,1,0,0,1,53.0,,,,1,2,1,1,6
202100015856,2021-09-29 18:05:00,2021,9,29,18,5,29,29254,Rue de Kerelisa,48.5727851234,-3.8560402819,Plein jour,Hors agglomération,Hors intersection,Normale,Autre collision,4,2,2,0,1,1,1,0,8,50,,1,0,0,0,1,47.0,,,,1,1,1,1,6
202100015857,2021-09-30 18:00:00,2021,9,30,18,0,18,18033,JURANVILLE (BOULEVARD),47.0856245457,2.3884937362,Plein jour,En agglomération,Intersection en T,Normale,Deux véhicules - côté,4,2,3,0,1,1,1,5,1,50,,2,1,0,1,0,29.0,25.0,,,1,2,3,1,3
202100015858,2021-09-30 18:30:00,2021,9,30,18,30,15,15014,Place du Square,44.92806,2.4433,Plein jour,En agglomération,Hors intersection,Normale,Autre collision,4,2,2,0,1,1,1,0,1,50,,2,1,0,0,1,26.0,,,,1,2,1,1,6
202100015859,2021-09-29 17:05:00,2021,9,29,17,5,92,92036,CAMELINAT (BOULEVARD) (1/47),48.927615,2.297064,Plein jour,En agglomération,Hors intersection,Normale,Sans collision,3,2,2,0,1,1,2,0,1,50,,1,0,0,0,1,18.0,,,,1,2,1,1,7
202100015860,2021-09-29 14:17:00,2021,9,29,14,17,93,93070,Rue des Rosiers,48.9048894345,2.3378463686,Plein jour,En agglomération,Hors intersection,Normale,Autre collision,4,2,2,0,1,1,1,8,1,50,,2,1,0,0,1,53.0,,,,1,2,1,1,6
202100015861,2021-09-30 07:30:00,2021,9,30,7,30,974,97409,Ravine creuse (chemin),-20.96391,55.66478,Plein jour,En agglomération,Hors intersection,Normale,Deux véhicules - arrière,4,2,0,0,1,1,1,0,1,50,,2,1,0,0,1,50.0,48.0,,,1,2,1,1,2
202100015862,2021-09-30 14:00:00,2021,9,30,14,0,69,69383,ALBERT THOMAS (CR),45.74754,4.86551,Plein jour,En agglomération,Hors intersection,Normale,Deux véhicules - côté,4,1,2,2,1,1,1,0,5,50,,2,1,0,0,1,26.0,,,,1,2,1,1,3
202100015863,2021-09-30 11:30:00,2021,9,30,11,30,69,69383,MAURICE FLANDIN (R),45.7596896398,4.8629733606,Plein jour,En agglomération,Hors intersection,Normale,Deux véhicules - côté,4,2,2,1,1,1,1,0,4,50,,2,0,0,0,2,19.0,37.0,,,1,2,1,1,3
202100015864,2021-09-30 08:15:00,2021,9,30,8,15,69,69387,LIEUTENANT COLONEL GIRARD (R),45.7369,4.8269,Plein jour,En agglomération,Hors intersection,Normale,Deux véhicules - frontale,4,2,2,0,1,1,1,0,4,30,,4,2,0,0,2,13.0,42.0,,,1,2,1,1,1
202100015865,2021-09-30 08:25:00,2021,9,30,8,25,69,69388,MARIUS BERLIET (R),45.74601,4.85926,Plein jour,En agglomération,Intersection en T,Normale,Deux véhicules - côté,4,1,1,1,1,1,1,0,1,30,,2,1,0,0,1,25.0,15.0,,,1,2,3,1,3
202100015866,2021-09-30 12:30:00,2021,9,30,12,30,972,97213,ROUTE DEPARTEMENTALE 3,14.63327,-61.02243,Plein jour,Hors agglomération,Hors intersection,Pluie légère,Autre collision,3,3,1,0,3,4,2,0,1,50,,2,1,0,0,1,25.0,,,,1,1,1,2,6
202100015867,2021-09-30 10:20:00,2021,9,30,10,20,972,97213,ROUTE NATIONALE 1,14.62122,-60.99195,Plein jour,Hors agglomération,Hors intersection,Pluie légère,Deux véhicules - arrière,2,3,1,0,1,1,2,0,1,50,,2,1,0,1,0,62.0,22.0,,,1,1,1,2,2
202100015868,2021-09-30 11:40:00,2021,9,30,11,40,972,97209,BALATA (ROUTE DE),14.6254097997,-61.0724025965,Plein jour,Hors agglomération,Giratoire,Normale,Trois véhicules et plus - collisions multiples,3,2,2,0,2,1,1,0,1,30,,4,3,0,0,1,56.0,74.0,,,1,1,6,1,5
202100015869,2021-09-29 22:30:00,2021,9,29,22,30,972,97209,RELIGIEUSES (ROUTE DES),14.60961,-61.06005,Nuit avec éclairage allumé,En agglomération,Intersection en T,Normale,Autre collision,3,2,2,0,2,1,1,0,1,50,,3,0,0,1,2,21.0,,,,5,2,3,1,6
202100015870,2021-09-29 12:00:00,2021,9,29,12,0,69,69149,AUGUSTE BLANQUI (R),45.7119586194,4.8101353295,Plein jour,En agglomération,Hors intersection,Normale,Autre collision,4,2,2,0,1,1,1,0,1,30,,2,1,0,0,1,,,,,1,2,1,1,6
202100015871,2021-09-30 03:35:00,2021,9,30,3,35,69,69382,PERRACHE (Q),45.7411431119,4.8242257377,Nuit avec éclairage allumé,En agglomération,Hors intersection,Normale,Sans collision,7,2,2,0,1,1,1,8,1,50,,1,0,0,0,1,38.0,,,,5,2,1,1,7
202100015872,2021-09-28 11:58:00,2021,9,28,11,58,69,69034,VIADUC JOSEPH PICOT,45.79401,4.87179,Plein jour,Hors agglomération,Hors intersection,Normale,Deux véhicules - frontale,4,3,4,0,2,3,1,2,1,50,,2,1,0,0,1,58.0,36.0,,,1,1,1,1,1
202100015873,2021-09-29 07:10:00,2021,9,29,7,10,69,69149,RHONE (DU) (AV),45.7171519327,4.8150104284,Crépuscule ou aube,En agglomération,Hors intersection,Normale,Autre collision,4,2,2,3,1,1,1,0,6,50,,2,1,0,0,1,,,,,2,2,1,1,6
202100015874,2021-09-30 17:13:00,2021,9,30,17,13,971,97101,PATRICK SAINT ELOI ( AVENUE ),16.25427,-61.523,Plein jour,En agglomération,Autre intersection,Normale,Deux véhicules - arrière,2,3,3,0,1,1,1,0,1,50,,3,1,0,0,2,24.0,27.0,,,1,2,9,1,2
202100015875,2021-09-30 14:13:00,2021,9,30,14,13,2A,2A004,MEZZAVIA ROUTE DE,41.9458,8.76011,Plein jour,En agglomération,Hors intersection,Normale,Trois véhicules et plus - collisions multiples,2,2,2,0,2,1,1,0,1,50,,3,2,0,0,1,20.0,46.0,,,1,2,1,1,5
202100015876,2021-09-30 18:55:00,2021,9,30,18,55,95,95585,FAURE (RUE FELIX),48.99583,2.37222,Plein jour,En agglomération,Hors intersection,Normale,Autre collision,4,2,2,0,1,1,1,0,1,30,,1,0,0,0,1,33.0,,,,1,2,1,1,6
202100015877,2021-09-30 20:40:00,2021,9,30,20,40,91,91103,BOELE (ROUTE),48.62627,2.297155,Nuit sans éclairage public,Hors agglomération,Intersection en X,Normale,Deux véhicules - côté,3,2,4,0,1,1,1,0,1,50,,2,1,0,0,1,16.0,34.0,,,3,1,2,1,3
202100015878,2021-09-30 21:00:00,2021,9,30,21,0,91,91161,RTE DE LONGJUMEAU,48.713757,2.298242,Nuit sans éclairage public,En agglomération,Hors intersection,Normale,Autre collision,3,-1,0,0,1,1,1,0,8,50,,2,1,0,1,0,53.0,,,,3,2,1,1,6
202100015879,2021-09-30 16:55:00,2021,9,30,16,55,91,91645,VOIE DE LA VALLEE DE LA BIEVRE,48.737893,2.255556,Plein jour,En agglomération,Hors intersection,Normale,Deux véhicules - côté,3,2,3,0,1,1,1,0,1,50,,2,1,0,1,0,26.0,35.0,,,1,2,1,1,3
202100015880,2021-09-30 19:50:00,2021,9,30,19,50,91,91657,AV DE LA CONCORDE,48.70393,2.42476,Nuit avec éclairage allumé,En agglomération,Hors intersection,Normale,Trois véhicules et plus - en chaîne,4,2,2,0,1,1,1,0,1,50,,4,2,0,0,2,53.0,62.0,,,5,2,1,1,4
202100015881,2021-09-30 13:47:00,2021,9,30,13,47,87,87085,LANDOUGE (AVENUE DE),45.8398,1.21095,Plein jour,En agglomération,Hors intersection,Normale,Deux véhicules - arrière,4,2,2,0,1,1,1,0,1,50,,2,0,0,0,2,70.0,52.0,,,1,2,1,1,2
202100015882,2021-09-30 10:25:00,2021,9,30,10,25,87,87085,ROUSSILLON (AVENUE DU),45.82054,1.2242,Plein jour,En agglomération,Giratoire,Normale,Deux véhicules - côté,4,2,2,0,1,2,1,0,1,50,,2,1,0,0,1,74.0,62.0,,,1,2,6,1,3
202100015883,2021-07-10 13:10:00,2021,7,10,13,10,85,85194,Rue du Taillis,46.52499,-1.79167,Plein jour,En agglomération,Hors intersection,Pluie légère,Deux véhicules - côté,4,-1,2,0,1,1,2,0,1,50,,2,1,0,1,0,49.0,22.0,,,1,2,1,2,3
202100015884,2021-08-04 00:30:00,2021,8,4,0,30,84,84007,CHARLES DE GAULLE,43.930013,4.823986,Nuit avec éclairage allumé,En agglomération,Hors intersection,Normale,Sans collision,3,3,2,0,1,3,1,0,1,50,,2,0,1,1,0,17.0,,,,5,2,1,1,7
202100015885,2021-09-30 13:15:00,2021,9,30,13,15,83,83137,MOROSELLI (RUE JULES),43.13595,5.91968,Plein jour,En agglomération,Intersection en X,Normale,Deux véhicules - côté,4,1,1,0,1,1,1,0,1,50,,2,1,0,0,1,45.0,33.0,,,1,2,2,1,3
202100015886,2021-09-30 12:05:00,2021,9,30,12,5,78,78638,GENERAL DE GAULLE (RUE DU),49.00366,1.96938,Plein jour,En agglomération,Hors intersection,Normale,Autre collision,3,-1,1,0,1,1,1,0,1,30,,2,1,0,0,1,21.0,,,,1,2,1,1,6
202100015887,2021-09-30 19:00:00,2021,9,30,19,0,76,76095,JUIN. AVENUE DU MARECHAL,49.46208,1.12622,Crépuscule ou aube,En agglomération,Intersection en X,Normale,Deux véhicules - côté,7,2,4,0,1,1,1,-1,1,50,,2,1,0,0,1,,71.0,,,2,2,2,1,3
202100015888,2021-09-29 18:00:00,2021,9,29,18,0,72,72181,EINSTEIN ALBERT (RUE),48.032,0.174,Plein jour,En agglomération,Hors intersection,Normale,Autre collision,4,2,2,0,2,1,1,0,1,50,,2,1,0,0,1,57.0,27.0,,,1,2,1,1,6