accident_id,datetime,annee,mois,jour,heure,minute,departement,commune_insee,adresse,latitude,longitude,luminosite,agglomeration,intersection,meteo,collision,catr,circ,nbv,vosp,prof,plan,surf,infra,situ,vma,nb_vehicules,nb_usagers,nb_indemnes,nb_tues,nb_blesses_hosp,nb_blesses_legers,age_cond_1,age_cond_2,veh_type_cond_1,veh_type_cond_2,lum_code,agg_code,int_code,atm_code,col_code
202100015889,2021-09-29 10:55:00,2021,9,29,10,55,72,72181,DURAND GEORGES (AV) N° PAIRS 312 A 460,47.96679,0.21987,Plein jour,En agglomération,Hors intersection,Normale,Deux véhicules - arrière,4,3,2,2,1,1,1,0,1,50,,2,1,0,0,1,78.0,20.0,,,1,2,1,1,2
202100015890,2021-09-29 05:55:00,2021,9,29,5,55,72,72003,RD 23 (RTE),47.97232,0.14736,Nuit avec éclairage allumé,En agglomération,Hors intersection,Pluie légère,Sans collision,4,2,2,0,1,1,2,0,1,50,,1,0,0,0,1,18.0,,,,5,2,1,2,7
202100015891,2021-09-29 23:45:00,2021,9,29,23,45,69,69266,POUDRETTE (DE LA) (R),45.76053,4.92057,Nuit avec éclairage allumé,En agglomération,Intersection en X,Normale,Deux véhicules - côté,4,2,3,1,1,1,1,0,1,50,,3,2,0,0,1,19.0,60.0,,,5,2,2,1,3
202100015892,2021-09-23 15:28:00,2021,9,23,15,28,68,68066,FECHT (CHEMIN DE LA),48.106155,7.341335,Plein jour,En agglomération,Hors intersection,Normale,Autre collision,4,2,1,0,1,1,1,0,3,50,,2,1,0,0,1,58.0,,,,1,2,1,1,6
202100015893,2021-09-29 14:42:00,2021,9,29,14,42,66,66136,LANGUEDOC (AVENUE DU CD 88),42.72214,2.88634,Plein jour,En agglomération,Hors intersection,Normale,Autre collision,4,2,2,0,1,1,1,9,4,50,,1,0,0,1,0,18.0,,,,1,2,1,1,6
202100015894,2021-09-29 13:00:00,2021,9,29,13,0,64,64237,D 802,43.27887,-0.37522,Plein jour,Hors agglomération,Giratoire,Normale,Deux véhicules - arrière,3,-1,2,0,1,2,1,0,1,70,,2,1,0,0,1,42.0,68.0,,,1,1,6,1,2
202100015895,2021-09-29 12:09:00,2021,9,29,12,9,61,61001,GENERAL LECLERC (AVENUE DU),48.423208,0.08975,Plein jour,En agglomération,Autre intersection,Normale,Deux véhicules - côté,3,2,2,0,1,2,1,5,1,50,,2,1,0,0,1,45.0,62.0,,,1,2,9,1,3
202100015896,2021-09-29 13:45:00,2021,9,29,13,45,60,60463,RD200 RN16,49.268741,2.456888,Plein jour,Hors agglomération,Hors intersection,Normale,Deux véhicules - frontale,3,2,4,0,2,1,1,2,1,90,,2,0,0,2,0,24.0,58.0,,,1,1,1,1,1
202100015897,2021-09-30 11:30:00,2021,9,30,11,30,59,59599,CURIE (CHAUSSEE PIERRE),50.7338505302,3.1805810771,Plein jour,En agglomération,Hors intersection,Normale,Autre collision,7,3,2,1,1,1,1,0,1,50,,2,1,0,0,1,34.0,,,,1,2,1,1,6
202100015898,2021-09-29 16:35:00,2021,9,29,16,35,58,58194,PRE PLANTIN (BOULEVARD),46.98306,3.12321,Plein jour,En agglomération,Hors intersection,Normale,Trois véhicules et plus - en chaîne,4,2,2,0,1,1,1,0,1,50,,3,1,0,0,2,40.0,57.0,,,1,2,1,1,4
202100015899,2021-09-29 19:48:00,2021,9,29,19,48,56,56121,ORADOUR SUR GLANE ( BD D'),47.7534,-3.37101,Crépuscule ou aube,En agglomération,Hors intersection,Normale,Autre collision,4,4,5,1,1,1,1,5,3,30,,1,0,0,0,1,25.0,,,,2,2,1,1,6
202100015900,2021-09-28 18:00:00,2021,9,28,18,0,56,56098,SEMBAT (RUE MARCEL),47.76325,-3.34602,Plein jour,En agglomération,Hors intersection,Temps couvert,Autre collision,4,2,2,0,1,1,1,0,3,50,,1,0,0,0,1,33.0,,,,1,2,1,8,6
202100015901,2021-09-28 11:00:00,2021,9,28,11,0,56,56185,N165 bretelle échangeur,47.77103,-3.37804,Plein jour,Hors agglomération,Hors intersection,Pluie légère,Deux véhicules - arrière,2,1,2,0,1,3,2,3,1,70,,2,0,0,0,2,49.0,50.0,,,1,1,1,2,2
202100015902,2021-09-26 07:20:00,2021,9,26,7,20,56,56098,JAURES (RUE  JEAN ),47.76668,-3.356173,Nuit avec éclairage allumé,En agglomération,Hors intersection,Normale,Autre collision,3,2,2,0,1,1,1,0,3,50,,1,0,0,0,1,29.0,,,,5,2,1,1,6
202100015903,2021-10-01 02:10:00,2021,10,1,2,10,54,54547,EUROPE (BOULEVARD DE L'),48.6626317228,6.1727575431,Nuit avec éclairage allumé,En agglomération,Giratoire,Normale,Autre collision,4,1,2,0,1,3,1,0,1,50,,2,0,1,1,0,26.0,,,,5,2,6,1,6
202100015904,2021-09-30 13:55:00,2021,9,30,13,55,54,54328,FLEVILLE (ROUTE DE),48.6220325691,6.1794655542,Plein jour,En agglomération,Intersection en X,Normale,Deux véhicules - côté,7,2,2,0,1,1,1,0,1,50,,2,1,0,0,1,42.0,26.0,,,1,2,2,1,3
202100015905,2021-09-29 09:35:00,2021,9,29,9,35,54,54549,PERI (RUE GABRIEL),48.63443,6.31973,Plein jour,En agglomération,Hors intersection,Pluie légère,Deux véhicules - côté,3,2,2,0,1,1,2,0,1,50,,2,0,0,0,2,59.0,27.0,,,1,2,1,2,3
202100015906,2021-09-30 17:15:00,2021,9,30,17,15,51,51454,Avenue Salvador Allende Gossens,49.2838684275,4.015654444,Plein jour,En agglomération,Hors intersection,Normale,Deux véhicules - arrière,3,3,4,0,1,3,1,0,1,70,,2,1,0,0,1,19.0,19.0,,,1,2,1,1,2
202100015907,2021-09-29 19:14:00,2021,9,29,19,14,49,49007,MEIGNANNE,47.4786,-0.56973,Plein jour,En agglomération,Hors intersection,Normale,Deux véhicules - arrière,4,2,2,0,1,1,1,0,1,50,,2,1,0,0,1,64.0,38.0,,,1,2,1,1,2
202100015908,2021-09-29 14:04:00,2021,9,29,14,4,49,49246,HUGO VICTOR RUE,47.42753,-0.52701,Plein jour,En agglomération,Hors intersection,Normale,Trois véhicules et plus - en chaîne,3,2,2,0,1,1,1,0,1,50,,4,3,0,0,1,70.0,44.0,,,1,2,1,1,4
202100015909,2021-09-29 12:59:00,2021,9,29,12,59,42,42207,Rue Jean-Louis Loubet,45.47113,4.50575,Plein jour,En agglomération,Hors intersection,Normale,Deux véhicules - frontale,4,2,2,0,2,1,1,0,1,50,,2,0,0,0,2,48.0,26.0,,,1,2,1,1,1
202100015910,2021-09-30 09:00:00,2021,9,30,9,0,37,37261,Daniel Mayer,47.4186450092,0.6942616693,Plein jour,En agglomération,Hors intersection,Normale,Deux véhicules - arrière,4,2,2,1,1,1,1,0,1,50,,2,1,0,0,1,43.0,29.0,,,1,2,1,1,2
202100015911,2021-09-29 18:00:00,2021,9,29,18,0,37,37122,ROUTE DE SAVONNIERES,47.36739,0.65267,Plein jour,Hors agglomération,Giratoire,Normale,Autre collision,3,1,2,0,1,2,1,0,1,50,,2,1,0,0,1,64.0,55.0,,,1,1,6,1,6
202100015912,2021-09-30 20:45:00,2021,9,30,20,45,35,35238,VANEAU,48.11046,-1.69274,Nuit avec éclairage allumé,En agglomération,Intersection en T,Normale,Deux véhicules - côté,4,2,5,0,1,1,1,0,1,50,,2,1,0,0,1,27.0,54.0,,,5,2,3,1,3
202100015913,2021-09-30 22:20:00,2021,9,30,22,20,33,33063,Cours de la Somme,44.82958,-0.57223,Nuit avec éclairage allumé,En agglomération,Hors intersection,Normale,Deux véhicules - frontale,4,2,3,3,1,1,1,0,6,50,,2,0,0,1,1,36.0,30.0,,,5,2,1,1,1
202100015914,2021-09-30 08:40:00,2021,9,30,8,40,33,33281,AVE DE VERDUN,44.840264,-0.639849,Plein jour,En agglomération,Giratoire,Normale,Deux véhicules - côté,4,2,4,2,2,1,1,0,1,50,,2,1,0,1,0,28.0,28.0,,,1,2,6,1,3
202100015915,2021-09-29 15:30:00,2021,9,29,15,30,33,33119,Cours de Verdun,44.85146,-0.53787,Plein jour,En agglomération,Intersection en T,Normale,Deux véhicules - côté,4,1,2,0,1,1,1,0,1,50,,2,1,0,0,1,57.0,40.0,,,1,2,3,1,3
202100015916,2021-09-20 20:05:00,2021,9,20,20,5,30,30189,ALLENDE SALVADOR (RUE),43.8474,4.397,Nuit avec éclairage allumé,En agglomération,Hors intersection,Pluie légère,Autre collision,4,2,4,0,1,1,2,0,1,70,,2,1,0,1,0,69.0,,,,5,2,1,2,6
202100015917,2021-09-30 11:42:00,2021,9,30,11,42,29,29039,Rond Point Villeneuve,47.8946193932,-3.9138740301,Plein jour,Hors agglomération,Giratoire,Normale,Autre collision,3,-1,0,0,1,3,1,9,1,70,,3,2,0,0,1,52.0,,,,1,1,6,1,6
202100015918,2021-09-23 12:30:00,2021,9,23,12,30,25,25388,LUDWIGSBURG (ROND POINT DE),47.502929,6.812213,Plein jour,En agglomération,Autre intersection,Normale,Deux véhicules - côté,3,3,4,0,1,3,1,5,8,50,,2,1,0,0,1,42.0,59.0,,,1,2,9,1,3
202100015919,2021-09-30 23:55:00,2021,9,30,23,55,25,25056,FAURE AVENUE EDGAR,47.24438,6.0184,Nuit avec éclairage allumé,En agglomération,Hors intersection,Normale,Autre collision,4,2,3,0,2,3,1,0,4,50,,4,0,0,0,4,21.0,,,,5,2,1,1,6
202100015920,2021-09-30 09:40:00,2021,9,30,9,40,22,22278,74° RIT (PL. DU),48.510414,-2.767337,Plein jour,En agglomération,Place,Normale,Deux véhicules - côté,4,1,2,0,1,1,1,0,1,30,,2,1,0,0,1,28.0,40.0,,,1,2,7,1,3
202100015921,2021-09-29 17:25:00,2021,9,29,17,25,17,17028,117 PK RN137 JUSTICE ROCHEFORT,46.13877,-1.10427,Plein jour,Hors agglomération,Hors intersection,Normale,Trois véhicules et plus - en chaîne,2,3,4,0,1,1,1,0,1,90,,6,5,0,0,1,52.0,79.0,,,1,1,1,1,4
202100015922,2021-09-30 11:15:00,2021,9,30,11,15,17,17300,SCIERIE   RUE DE LA,46.14798,-1.15327,Plein jour,En agglomération,Hors intersection,Normale,Trois véhicules et plus - collisions multiples,4,2,2,0,1,1,1,0,1,30,,3,2,0,0,1,56.0,42.0,,,1,2,1,1,5
202100015923,2021-09-29 13:30:00,2021,9,29,13,30,14,14118,JUIN (BOULEVARD MARECHAL),49.21104,-0.36362,Plein jour,En agglomération,Giratoire,Normale,Deux véhicules - côté,3,-1,2,0,1,1,1,5,1,50,,2,1,0,0,1,42.0,20.0,,,1,2,6,1,3
202100015924,2021-09-29 12:59:00,2021,9,29,12,59,13,13077,THOREZ MAURICE (avenue),43.4065,4.98084,Plein jour,En agglomération,Hors intersection,Normale,Autre collision,4,2,2,0,1,1,1,0,1,50,,2,1,0,0,1,14.0,42.0,,,1,2,1,1,6
202100015925,2021-09-30 17:00:00,2021,9,30,17,0,13,13202,CARGO RHIN FIDELI (RUE),43.32707,5.35807,Plein jour,En agglomération,Hors intersection,Normale,Deux véhicules - côté,7,2,7,0,2,4,1,0,1,50,,2,1,0,0,1,54.0,55.0,,,1,2,1,1,3
202100015926,2021-09-30 12:15:00,2021,9,30,12,15,13,13202,DAMES (BOULEVARD DES),43.30262,5.36997,Plein jour,En agglomération,Hors intersection,Normale,Deux véhicules - côté,4,2,4,0,2,1,1,0,1,50,,4,3,0,0,1,42.0,56.0,,,1,2,1,1,3
202100015927,2021-09-30 10:15:00,2021,9,30,10,15,13,13005,RN 96 (ROUTE NATIONALE ),43.30519,5.57258,Plein jour,En agglomération,Hors intersection,Normale,Deux véhicules - arrière,7,1,1,0,2,3,1,0,1,50,,3,2,0,1,0,55.0,74.0,,,1,2,1,1,2
202100015928,2021-09-29 17:15:00,2021,9,29,17,15,12,12145,MARTEL EDOUARD ALFRED (AVENUE),44.11176,3.08205,Plein jour,En agglomération,Intersection en T,Normale,Deux véhicules - côté,3,2,2,0,1,1,1,0,1,50,,2,1,0,0,1,16.0,78.0,,,1,2,3,1,3
202100015929,2021-09-29 21:25:00,2021,9,29,21,25,10,10387,VERNIER (RUE),48.29784,4.07595,Nuit avec éclairage allumé,En agglomération,Autre intersection,Normale,Deux véhicules - côté,4,-1,0,0,1,1,1,0,8,5,,2,1,0,0,1,,48.0,,,5,2,9,1,3
202100015930,2021-09-26 10:00:00,2021,9,26,10,0,07,07281,BOUVAT (QUAI JULES),44.94367,4.84138,Plein jour,En agglomération,Hors intersection,Normale,Autre collision,3,1,1,0,1,2,1,5,1,50,,2,1,0,0,1,53.0,,,,1,2,1,1,6
202100015931,2021-09-30 19:00:00,2021,9,30,19,0,06,06159,CONDAMINE (AVENUE DE LA),43.716582,7.321658,Crépuscule ou aube,Hors agglomération,Intersection en Y,Normale,Deux véhicules - frontale,7,2,2,0,2,1,1,0,1,70,,2,1,0,1,0,77.0,30.0,,,2,1,4,1,1
202100015932,2021-09-29 01:30:00,2021,9,29,1,30,06,06088,ANGLAIS (DU N° 265 AU N° 350),43.686615,7.238068,Nuit avec éclairage allumé,En agglomération,Hors intersection,Normale,Autre collision,4,1,3,0,1,1,1,0,1,50,,2,1,1,0,0,27.0,,,,5,2,1,1,6
202100015933,2021-09-30 16:35:00,2021,9,30,16,35,06,06069,PLAN (ROUTE DU) -D304-,43.652132,6.947605,Plein jour,Hors agglomération,Hors intersection,Normale,Deux véhicules - côté,3,2,2,0,1,1,1,0,1,50,,3,1,0,0,2,18.0,41.0,,,1,1,1,1,3
202100015934,2021-09-30 18:05:00,2021,9,30,18,5,06,06004,C.D. 35 BIS,43.59519,7.09073,Plein jour,Hors agglomération,Hors intersection,Normale,Trois véhicules et plus - collisions multiples,3,3,3,1,2,1,1,0,1,50,,3,2,0,1,0,23.0,28.0,,,1,1,1,1,5
202100015935,2021-09-29 18:24:00,2021,9,29,18,24,05,05061,GEORGES POMPIDOU ( BD),44.555196,6.076422,Plein jour,En agglomération,Hors intersection,Normale,Autre collision,4,1,1,0,1,1,1,6,8,50,,3,2,1,0,0,55.0,,,,1,2,1,1,6
202100015936,2021-09-30 13:55:00,2021,9,30,13,55,05,05023,DE GAULLE (AVENUE DU GENERAL),44.89543,6.63304,Plein jour,En agglomération,Hors intersection,Normale,Autre collision,3,2,2,0,1,1,1,0,1,50,,2,1,0,1,0,39.0,54.0,,,1,2,1,1,6
202100015937,2021-09-30 18:30:00,2021,9,30,18,30,04,04112,RD 907,43.82272,5.79149,Plein jour,En agglomération,Giratoire,Normale,Autre collision,3,2,1,0,1,1,1,5,1,50,,2,1,0,0,1,61.0,,,,1,2,6,1,6
202100015938,2021-09-30 19:20:00,2021,9,30,19,20,03,03013,CENTRE COMMERCIAL DES PORTES D'AVERMES,46.59047,3.322182,Crépuscule ou aube,En agglomération,Giratoire,Temps éblouissant,Deux véhicules - côté,4,2,2,0,1,1,1,0,1,50,,2,1,0,0,1,61.0,44.0,,,2,2,6,7,3
202100015939,2021-09-30 07:10:00,2021,9,30,7,10,01,01053,ALSACE LORRAINE (AVENUE ),46.20195,5.22085,Crépuscule ou aube,En agglomération,Intersection en X,Normale,Deux véhicules - côté,4,2,3,0,1,1,1,0,1,50,,2,1,0,1,0,20.0,45.0,,,2,2,2,1,3
202100015940,2021-09-30 11:15:00,2021,9,30,11,15,75,75106,BOULEVARD SAINT GERMAIN,48.854192,2.331617,Plein jour,En agglomération,Intersection en T,Normale,Deux véhicules - arrière,4,1,3,3,1,1,1,0,1,50,,2,1,0,0,1,48.0,54.0,,,1,2,3,1,2
202100015941,2021-09-29 13:20:00,2021,9,29,13,20,75,75105,BOULEVARD SAINT GERMAIN,48.8495034053,2.3528393849,Plein jour,En agglomération,Intersection en X,Pluie légère,Deux véhicules - arrière,4,1,3,0,1,1,2,0,1,30,,3,1,0,0,2,38.0,52.0,,,1,2,2,2,2
202100015942,2021-09-30 14:10:00,2021,9,30,14,10,75,75118,RUE DOUDEAUVILLE,48.888982,2.35901,Plein jour,En agglomération,Hors intersection,Normale,Deux véhicules - côté,4,1,1,2,1,1,1,0,1,30,,3,2,0,0,1,40.0,35.0,,,1,2,1,1,3
202100015943,2021-09-30 20:10:00,2021,9,30,20,10,75,75116,BD PERIPHERIQUE INTERIEUR,48.84332,2.254611,Nuit avec éclairage allumé,En agglomération,Intersection en Y,Normale,Deux véhicules - arrière,4,1,4,0,1,1,1,0,1,70,,2,1,0,0,1,59.0,44.0,,,5,2,4,1,2
202100015944,2021-09-30 09:25:00,2021,9,30,9,25,75,75116,AVENUE DE LA GRANDE ARMEE,48.874827,2.291727,Plein jour,En agglomération,Intersection en T,Normale,Deux véhicules - arrière,4,2,4,0,1,1,1,0,1,30,,2,1,0,0,1,41.0,42.0,,,1,2,3,1,2
202100015945,2021-09-30 10:20:00,2021,9,30,10,20,75,75116,RUE DE LA TOUR,48.862799,2.276325,Plein jour,En agglomération,Intersection en X,Normale,Autre collision,4,1,1,0,1,1,1,0,1,30,,2,1,0,0,1,44.0,,,,1,2,2,1,6
202100015946,2021-09-30 19:45:00,2021,9,30,19,45,75,75115,QUAI BRANLY,48.856417,2.290003,Nuit avec éclairage allumé,En agglomération,Hors intersection,Normale,Autre collision,4,2,1,1,1,1,1,0,5,30,,2,1,0,0,1,48.0,,,,5,2,1,1,6
202100015947,2021-09-30 19:20:00,2021,9,30,19,20,75,75115,RUE DE LA CONVENTION,48.837231,2.296438,Crépuscule ou aube,En agglomération,Intersection en X,Normale,Autre collision,4,-1,0,0,1,1,1,0,1,30,,2,1,0,0,1,31.0,,,,2,2,2,1,6
202100015948,2021-09-30 17:17:00,2021,9,30,17,17,75,75115,RUE LOUIS ARMAND,48.832676,2.278938,Plein jour,En agglomération,Intersection en T,Normale,Deux véhicules - arrière,4,2,2,0,1,1,1,0,1,50,,3,1,0,0,2,37.0,32.0,,,1,2,3,1,2
202100015949,2021-09-30 14:55:00,2021,9,30,14,55,75,75115,BOULEVARD GARIBALDI,48.848071,2.301526,Plein jour,En agglomération,Place,Normale,Autre collision,4,2,0,0,1,1,1,0,1,30,,2,1,0,0,1,,,,,1,2,7,1,6
202100015950,2021-09-30 08:45:00,2021,9,30,8,45,75,75114,AVENUE DE LA PORTE DE MONTROUGE,48.823686,2.323173,Plein jour,En agglomération,Intersection en X,Normale,Sans collision,4,2,3,3,1,1,1,0,1,50,,1,0,0,0,1,33.0,,,,1,2,2,1,7
202100015951,2021-09-30 15:00:00,2021,9,30,15,0,75,75112,RUE DE REUILLY,48.849127,2.385397,Plein jour,En agglomération,Hors intersection,Normale,Autre collision,4,2,2,0,1,1,1,0,1,30,,2,1,0,0,1,52.0,,,,1,2,1,1,6
202100015952,2021-09-30 09:30:00,2021,9,30,9,30,75,75111,AVENUE PHILIPPE AUGUSTE,48.854169,2.392334,Plein jour,En agglomération,Hors intersection,Normale,Deux véhicules - côté,4,2,2,0,1,1,1,0,1,30,,2,1,0,0,1,36.0,35.0,,,1,2,1,1,3
202100015953,2021-09-29 11:05:00,2021,9,29,11,5,75,75110,RUE LA FAYETTE,48.880747,2.362464,Plein jour,En agglomération,Intersection en X,Temps couvert,Deux véhicules - côté,4,2,2,0,1,1,2,8,1,30,,2,0,0,2,0,24.0,29.0,,,1,2,2,8,3
202100015954,2021-09-30 13:29:00,2021,9,30,13,29,75,75109,RUE DE CAUMARTIN,48.875775,2.328512,Plein jour,En agglomération,Intersection en Y,Normale,Autre collision,4,2,1,3,1,1,1,6,1,30,,2,1,0,0,1,68.0,,,,1,2,4,1,6
202100015955,2021-09-30 16:45:00,2021,9,30,16,45,75,75108,AVENUE DES CHAMPS ELYSEES,48.871925,2.300844,Plein jour,En agglomération,Intersection en Y,Normale,Deux véhicules - arrière,4,2,6,0,1,1,1,0,1,30,,3,2,0,0,1,38.0,52.0,,,1,2,4,1,2
202100015956,2021-09-30 11:45:00,2021,9,30,11,45,75,75108,AVENUE GEORGE V,48.870883,2.301118,Plein jour,En agglomération,Intersection en X,Normale,Autre collision,4,2,2,0,2,1,1,0,1,30,,2,1,0,0,1,45.0,,,,1,2,2,1,6
202100015957,2021-09-30 13:00:00,2021,9,30,13,0,75,75101,PLACE DU CHATELET,48.857182,2.347333,Plein jour,En agglomération,Place,Normale,Deux véhicules - côté,4,1,3,2,1,1,1,0,1,30,,3,2,0,1,0,67.0,20.0,,,1,2,7,1,3
202100015958,2021-09-28 17:50:00,2021,9,28,17,50,75,75104,BOULEVARD HENRI IV,48.8508224054,2.3614320844,Plein jour,En agglomération,Intersection en X,Normale,Deux véhicules - côté,4,2,5,0,1,1,1,0,1,30,,2,1,0,0,1,21.0,66.0,,,1,2,2,1,3
202100015959,2021-09-30 12:15:00,2021,9,30,12,15,94,94044,PIERRE CURIE (R),48.74698,2.48973,Plein jour,En agglomération,Giratoire,Normale,Deux véhicules - côté,4,2,2,0,1,1,1,5,1,50,,2,1,0,0,1,65.0,59.0,,,1,2,6,1,3
202100015960,2021-09-30 10:25:00,2021,9,30,10,25,94,94041,Rue Marat,48.811033,2.384301,Plein jour,En agglomération,Intersection en X,Normale,Deux véhicules - côté,3,2,2,0,1,1,1,0,1,50,,2,1,0,0,1,,51.0,,,1,2,2,1,3
202100015961,2021-09-30 17:20:00,2021,9,30,17,20,93,93078,BALLANGER (BD ROBERT),48.95547,2.53887,Plein jour,En agglomération,Hors intersection,Normale,Deux véhicules - côté,3,2,2,0,1,1,1,0,1,50,,2,1,0,0,1,47.0,,,,1,2,1,1,3
202100015962,2021-09-30 08:15:00,2021,9,30,8,15,93,93078,Rue de l’Eglise,48.9637305305,2.5358998776,Plein jour,En agglomération,Hors intersection,Normale,Autre collision,4,2,2,0,1,1,1,6,1,50,,2,1,0,0,1,24.0,,,,1,2,1,1,6
202100015963,2021-09-30 08:30:00,2021,9,30,8,30,93,93070,ALBERT-DHALENNE (RUE),48.917269,2.329914,Plein jour,En agglomération,Autre intersection,Normale,Deux véhicules - côté,4,2,2,1,1,2,1,5,8,20,,2,1,0,0,1,36.0,,,,1,2,9,1,3
202100015964,2021-09-30 08:40:00,2021,9,30,8,40,93,93077,GALLIENI (AVENUE DU GENERAL),48.89083,2.50852,Plein jour,En agglomération,Intersection en T,Normale,Deux véhicules - côté,4,2,2,1,1,1,1,0,1,50,,2,1,0,0,1,43.0,35.0,,,1,2,3,1,3
202100015965,2021-09-28 16:35:00,2021,9,28,16,35,93,93053,DUQUESNE (ALLEE),48.89945,2.467964,Plein jour,En agglomération,Autre intersection,Normale,Deux véhicules - côté,4,1,1,0,1,1,1,0,1,30,,3,2,0,0,1,67.0,,,,1,2,9,1,3
202100015966,2021-09-29 14:55:00,2021,9,29,14,55,93,93007,"""HENRI BARBUSSE (AVENUE """"DU 01 AU 80"""")",48.93777,2.45968,Plein jour,En agglomération,Hors intersection,Pluie légère,Deux véhicules - côté,4,-1,2,0,1,1,1,9,1,50,,2,1,0,0,1,24.0,39.0,,,1,2,1,2,3
202100015967,2021-09-30 09:15:00,2021,9,30,9,15,92,92062,PUTEAUX (PONT DE),48.87812,2.24274,Plein jour,En agglomération,Autre intersection,Normale,Deux véhicules - côté,3,3,4,0,1,3,1,2,1,50,,2,1,0,0,1,49.0,61.0,,,1,2,9,1,3
202100015968,2021-09-30 16:18:00,2021,9,30,16,18,92,92044,VIC. HUGO(RUE)001A067 ET002A078,48.8941761279,2.2986052697,Plein jour,En agglomération,Hors intersection,Normale,Deux véhicules - côté,3,2,6,3,1,1,1,0,1,50,,2,1,0,0,1,68.0,60.0,,,1,2,1,1,3
202100015969,2021-09-28 15:00:00,2021,9,28,15,0,92,92036,GABRIEL PERI (AVENUE) (2/58),48.9158080373,2.2958904505,Plein jour,En agglomération,Intersection en Y,Normale,Deux véhicules - côté,3,2,5,0,1,1,1,0,1,50,,2,1,0,0,1,,32.0,,,1,2,4,1,3
202100015970,2021-09-30 00:00:00,2021,9,30,0,0,92,92026,VERDUN (DE 01 A 61),48.9002522118,2.2609104216,Nuit avec éclairage allumé,En agglomération,Autre intersection,Normale,Deux véhicules - côté,3,2,2,0,1,1,1,0,1,50,,2,1,0,0,1,31.0,56.0,,,5,2,9,1,3
202100015971,2021-09-30 17:40:00,2021,9,30,17,40,92,92024,JEAN JAURES (BD) DE (1 A 45)   (2 A 54),48.89834,2.30757,Plein jour,En agglomération,Hors intersection,Normale,Deux véhicules - arrière,3,1,3,1,1,1,1,0,5,50,,2,1,0,0,1,45.0,39.0,,,1,2,1,1,2
202100015972,2021-09-30 17:10:00,2021,9,30,17,10,92,92024,VICTOR HUGO (BD),48.9014267412,2.3168970057,Plein jour,En agglomération,Hors intersection,Normale,Autre collision,3,2,0,0,1,1,1,0,1,50,,2,0,0,0,2,18.0,11.0,,,1,2,1,1,6
202100015973,2021-09-29 12:00:00,2021,9,29,12,0,92,92012,LE CORBUSIER (RUE),48.8377469444,2.2403802828,Plein jour,En agglomération,Intersection en X,Normale,Autre collision,4,2,2,1,1,1,1,0,1,30,,2,1,0,1,0,49.0,,,,1,2,2,1,6
202100015974,2021-09-29 08:10:00,2021,9,29,8,10,92,92004,MARNE   ( AVENUE DE LA ),48.9093863095,2.2860165126,Plein jour,En agglomération,Hors intersection,Normale,Deux véhicules - côté,3,2,2,0,1,1,1,0,1,50,,2,1,0,0,1,15.0,57.0,,,1,2,1,1,3
202100015975,2021-10-01 14:00:00,2021,10,1,14,0,80,80016,Départementale 929,49.992319,2.617021,Plein jour,Hors agglomération,Hors intersection,Pluie légère,Deux véhicules - côté,3,2,2,0,1,1,2,0,1,80,,3,2,1,0,0,52.0,63.0,,,1,1,1,2,3
202100015976,2021-09-28 18:25:00,2021,9,28,18,25,24,24462,Rue de la Liberté,45.036538,0.356948,Plein jour,En agglomération,Intersection en T,Normale,Deux véhicules - frontale,3,2,2,0,1,1,1,0,1,50,,3,1,0,2,0,59.0,16.0,,,1,2,3,1,1
202100015977,2021-09-22 17:25:00,2021,9,22,17,25,17,17420,RN137,46.08298,-1.078527,Plein jour,Hors agglomération,Hors intersection,Normale,Deux véhicules - arrière,3,3,4,0,1,1,1,0,1,110,,2,0,0,0,2,20.0,49.0,,,1,1,1,1,2
202100015978,2021-10-01 03:49:00,2021,10,1,3,49,74,74186,A41,45.864702,6.058413,Nuit sans éclairage public,Hors agglomération,Hors intersection,Normale,Deux véhicules - frontale,1,4,1,0,1,4,1,8,1,50,,2,0,0,1,1,31.0,25.0,,,3,1,1,1,1
202100015979,2021-09-29 05:55:00,2021,9,29,5,55,972,97204,nationale 2 - Route de Choisy,14.693939,-61.165545,Crépuscule ou aube,Hors agglomération,Hors intersection,Normale,Deux véhicules - frontale,2,2,2,0,2,2,1,0,1,70,,2,0,0,1,1,58.0,62.0,,,2,1,1,1,1
202100015980,2021-09-30 15:00:00,2021,9,30,15,0,86,86165,Le Sejour,46.44171,0.868956,Plein jour,Hors agglomération,Hors intersection,Normale,Deux véhicules - frontale,3,2,2,0,1,4,1,0,1,80,,2,0,0,2,0,47.0,83.0,,,1,1,1,1,1
202100015981,2021-10-01 15:05:00,2021,10,1,15,5,30,30221,N 580,44.037743,4.729335,Plein jour,Hors agglomération,Hors intersection,Normale,Sans collision,2,2,2,0,1,1,1,0,3,80,,1,0,0,1,0,42.0,,,,1,1,1,1,7
202100015982,2021-10-01 01:00:00,2021,10,1,1,0,69,69027,D342,45.677446,4.770051,Nuit avec éclairage allumé,En agglomération,Giratoire,Normale,Autre collision,3,3,4,0,1,1,1,0,8,70,,2,1,0,1,0,,,,,5,2,6,1,6
202100015983,2021-09-30 10:40:00,2021,9,30,10,40,83,83018,Avenue de la Gare,43.3448600052,6.1724656668,Plein jour,Hors agglomération,Giratoire,Temps éblouissant,Deux véhicules - côté,3,1,2,0,1,2,1,0,1,70,,2,1,0,1,0,69.0,68.0,,,1,1,6,7,3
202100015984,2021-09-30 19:30:00,2021,9,30,19,30,44,44071,Rue du Château,47.198337,-1.421378,Crépuscule ou aube,En agglomération,Hors intersection,Normale,Deux véhicules - arrière,3,2,2,0,1,1,1,0,1,50,,2,1,0,1,0,26.0,55.0,,,2,2,1,1,2
202100015985,2021-10-01 14:45:00,2021,10,1,14,45,57,57154,départementale 72,49.198321,6.593127,Plein jour,Hors agglomération,Hors intersection,Normale,Autre collision,3,2,2,0,1,3,1,0,8,80,,1,0,1,0,0,22.0,,,,1,1,1,1,6