accident_id,datetime,annee,mois,jour,heure,minute,departement,commune_insee,adresse,latitude,longitude,luminosite,agglomeration,intersection,meteo,collision,catr,circ,nbv,vosp,prof,plan,surf,infra,situ,vma,nb_vehicules,nb_usagers,nb_indemnes,nb_tues,nb_blesses_hosp,nb_blesses_legers,age_cond_1,age_cond_2,veh_type_cond_1,veh_type_cond_2,lum_code,agg_code,int_code,atm_code,col_code
202100015986,2021-09-30 18:15:00,2021,9,30,18,15,51,51027,D3,49.0306081754,4.6758851742,Plein jour,Hors agglomération,Hors intersection,Normale,Deux véhicules - arrière,3,2,2,0,1,1,1,0,1,90,,2,1,0,0,1,27.0,14.0,,,1,1,1,1,2
202100015987,2021-10-01 10:20:00,2021,10,1,10,20,51,51013,D25,49.191962,3.70221,Plein jour,Hors agglomération,Hors intersection,Normale,Deux véhicules - frontale,3,2,2,0,1,1,1,0,1,80,,3,0,0,1,2,45.0,27.0,,,1,1,1,1,1
202100015988,2021-09-29 19:50:00,2021,9,29,19,50,19,19286,la croix,45.3168792151,1.3914422236,Crépuscule ou aube,En agglomération,Hors intersection,Temps couvert,Deux véhicules - frontale,3,2,2,0,2,3,1,0,1,50,,2,1,0,1,0,26.0,57.0,,,2,2,1,8,1
202100015989,2021-09-30 11:40:00,2021,9,30,11,40,76,76208,Route de Dampierre,49.503085,1.707366,Plein jour,Hors agglomération,Hors intersection,Normale,Trois véhicules et plus - collisions multiples,3,2,2,0,1,3,1,0,1,80,,3,2,0,1,0,50.0,23.0,,,1,1,1,1,5
202100015990,2021-10-01 17:00:00,2021,10,1,17,0,79,79131,Route de Thouars,46.881007,-0.32554,Plein jour,En agglomération,Intersection en X,Temps couvert,Autre collision,3,2,2,0,1,2,2,0,4,50,,1,0,0,1,0,30.0,,,,1,2,2,8,6
202100015991,2021-10-01 14:30:00,2021,10,1,14,30,80,80273,D1029,49.784406,1.943593,Plein jour,Hors agglomération,Intersection en X,Pluie légère,Deux véhicules - frontale,3,2,2,0,1,1,2,5,1,80,,3,0,0,1,2,29.0,63.0,,,1,1,2,2,1
202100015992,2021-10-01 03:05:00,2021,10,1,3,5,82,82179,9 Route de Caylus,44.177988,1.623363,Nuit sans éclairage public,En agglomération,Hors intersection,Normale,Autre collision,3,2,2,0,1,1,1,0,3,50,,1,0,0,0,1,27.0,,,,3,2,1,1,6
202100015993,2021-10-01 17:20:00,2021,10,1,17,20,32,32413,D12 PK45.358,43.373,0.678,Plein jour,Hors agglomération,Hors intersection,Normale,Sans collision,3,2,2,0,1,3,1,0,3,80,,1,0,0,1,0,63.0,,,,1,1,1,1,7
202100015994,2021-10-01 10:45:00,2021,10,1,10,45,89,89478,Route Départementale 606,47.69587,3.636593,Plein jour,Hors agglomération,Hors intersection,Normale,Deux véhicules - côté,3,2,2,0,1,1,1,0,1,80,,2,1,0,1,0,50.0,63.0,,,1,1,1,1,3
202100015995,2021-10-01 18:30:00,2021,10,1,18,30,63,63178,Boulevard de Barrière,45.540702,3.242834,Plein jour,En agglomération,Intersection en X,Normale,Deux véhicules - côté,3,2,2,1,1,1,1,0,1,50,,4,3,0,1,0,29.0,70.0,,,1,2,2,1,3
202100015996,2021-09-22 17:00:00,2021,9,22,17,0,49,49307,Rue des Méjuteaux,47.465247,-0.399703,Plein jour,Hors agglomération,Autre intersection,Normale,Deux véhicules - côté,4,2,2,0,1,3,1,0,1,70,,3,2,0,1,0,29.0,24.0,,,1,1,9,1,3
202100015997,2021-10-01 16:45:00,2021,10,1,16,45,42,42311,Route de Bayard,45.479091,4.40276,Plein jour,Hors agglomération,Intersection en T,Normale,Deux véhicules - arrière,7,2,1,0,1,2,1,5,1,70,,2,1,0,0,1,64.0,28.0,,,1,1,3,1,2
202100015998,2021-09-14 07:45:00,2021,9,14,7,45,34,34096,Départementale 909,43.544224,3.183975,Plein jour,Hors agglomération,Hors intersection,Pluie légère,Deux véhicules - frontale,3,-1,2,0,2,1,2,0,1,90,,3,2,0,1,0,19.0,74.0,,,1,1,1,2,1
202100015999,2021-09-30 06:55:00,2021,9,30,6,55,44,44173,D117,47.073458,-1.375732,Crépuscule ou aube,Hors agglomération,Intersection en X,Normale,Deux véhicules - côté,3,2,2,0,1,1,1,0,1,50,,2,1,0,1,0,58.0,52.0,,,2,1,2,1,3
202100016000,2021-09-29 20:25:00,2021,9,29,20,25,35,35184,RN 12,48.2167574507,-2.0982538656,Nuit sans éclairage public,Hors agglomération,Autre intersection,Normale,Deux véhicules - arrière,2,3,4,0,4,1,1,0,1,110,,2,1,0,1,0,34.0,44.0,,,3,1,9,1,2
202100016001,2021-09-30 11:25:00,2021,9,30,11,25,29,29216,Rue Menez Izella,47.9845911457,-4.1796125472,Plein jour,En agglomération,Hors intersection,Normale,Autre collision,4,-1,2,0,1,1,1,9,3,30,,1,0,0,1,0,61.0,,,,1,2,1,1,6
202100016002,2021-10-01 17:09:00,2021,10,1,17,9,31,31426,2 rue principale,43.08647,0.614994,Plein jour,En agglomération,Intersection en X,Normale,Deux véhicules - côté,3,2,2,0,1,1,1,5,1,50,,2,1,0,0,1,16.0,55.0,,,1,2,2,1,3
202100016003,2021-09-30 18:15:00,2021,9,30,18,15,02,02374,D93,49.906438,3.27384,Plein jour,Hors agglomération,Hors intersection,Normale,Sans collision,3,2,2,0,1,1,1,0,1,80,,1,0,0,0,1,22.0,,,,1,1,1,1,7
202100016004,2021-09-19 04:05:00,2021,9,19,4,5,01,01320,D933,46.305246,4.871275,Nuit avec éclairage allumé,En agglomération,Intersection en X,Pluie légère,Deux véhicules - côté,3,2,2,0,1,1,2,0,1,50,,4,2,0,0,2,22.0,47.0,,,5,2,2,2,3
202100016005,2021-09-30 10:05:00,2021,9,30,10,5,54,54426,route départementale 904,48.6454110921,5.900629161,Plein jour,Hors agglomération,Intersection en T,Temps éblouissant,Deux véhicules - côté,3,2,2,0,1,1,1,0,1,80,,2,1,0,0,1,79.0,48.0,,,1,1,3,7,3
202100016006,2021-09-30 18:55:00,2021,9,30,18,55,72,72023,Rue Carnot,48.173599,0.239092,Plein jour,En agglomération,Intersection en T,Normale,Deux véhicules - côté,3,2,2,0,1,1,1,0,1,50,,2,1,0,0,1,15.0,72.0,,,1,2,3,1,3
202100016007,2021-10-01 19:32:00,2021,10,1,19,32,09,09255,D136 route de Saverdun,43.160329,1.546127,Crépuscule ou aube,Hors agglomération,Hors intersection,Normale,Deux véhicules - frontale,3,2,2,0,2,3,1,0,1,80,,2,1,0,1,0,14.0,35.0,,,2,1,1,1,1
202100016008,2021-09-30 17:15:00,2021,9,30,17,15,64,64010,D29 PK 4 + 700,43.361585,-1.01969,Plein jour,Hors agglomération,Intersection en T,Normale,Deux véhicules - côté,3,2,2,0,2,1,1,5,1,80,,4,3,0,0,1,31.0,83.0,,,1,1,3,1,3
202100016009,2021-10-01 13:25:00,2021,10,1,13,25,16,16207,Carrefour D737 - D736,45.865867,0.011029,Plein jour,Hors agglomération,Intersection en T,Normale,Deux véhicules - côté,3,2,2,0,2,1,1,0,1,90,,3,0,1,1,1,73.0,71.0,,,1,1,3,1,3
202100016010,2021-09-30 16:45:00,2021,9,30,16,45,07,07265,,45.284188,4.631879,Plein jour,Hors agglomération,Hors intersection,Temps éblouissant,Deux véhicules - côté,3,2,2,0,1,1,1,0,1,70,,2,1,0,1,0,88.0,70.0,,,1,1,1,7,3
202100016011,2021-09-30 16:50:00,2021,9,30,16,50,07,07313,,45.312903,4.767734,Plein jour,Hors agglomération,Hors intersection,Normale,Deux véhicules - arrière,3,2,2,0,2,3,1,0,1,-1,,4,2,0,1,1,66.0,37.0,,,1,1,1,1,2
202100016012,2021-08-25 14:15:00,2021,8,25,14,15,53,53124,route départementale 22,47.844314,-0.876642,Plein jour,Hors agglomération,Hors intersection,Normale,Sans collision,3,2,2,0,3,1,1,0,3,90,,1,0,1,0,0,64.0,,,,1,1,1,1,7
202100016013,2021-09-30 15:30:00,2021,9,30,15,30,27,27185,D84,49.21103,0.977086,Plein jour,Hors agglomération,Intersection en X,Normale,Deux véhicules - côté,3,2,2,0,1,1,1,0,1,80,,2,1,0,1,0,58.0,19.0,,,1,1,2,1,3
202100016014,2021-10-01 15:25:00,2021,10,1,15,25,27,27425,rd 613,49.148752,0.70069,Plein jour,Hors agglomération,Hors intersection,Normale,Deux véhicules - frontale,3,2,2,0,2,1,2,0,1,80,,3,0,2,1,0,75.0,76.0,,,1,1,1,1,1
202100016015,2021-08-25 17:30:00,2021,8,25,17,30,27,27455,Route de Moyaux,49.175027,0.404134,Plein jour,Hors agglomération,Intersection en X,Normale,Deux véhicules - côté,3,2,2,0,1,1,1,0,1,-1,,3,1,0,1,1,,46.0,,,1,1,2,1,3
202100016016,2021-09-27 17:35:00,2021,9,27,17,35,08,08017,D946,49.2708894848,4.9960799216,Plein jour,Hors agglomération,Intersection en T,Normale,Autre collision,3,3,2,0,1,1,1,5,3,80,,2,1,0,1,0,30.0,,,,1,1,3,1,6
202100016017,2021-09-30 17:15:00,2021,9,30,17,15,88,88371,Etang de la Morte,48.060779,6.513541,Plein jour,Hors agglomération,Hors intersection,Normale,Autre collision,3,2,2,0,1,4,2,0,3,80,,1,0,0,1,0,40.0,,,,1,1,1,1,6
202100016018,2021-10-01 09:00:00,2021,10,1,9,0,78,78233,D307,48.867984,1.965162,Plein jour,Hors agglomération,Hors intersection,Normale,Deux véhicules - arrière,3,3,2,0,1,1,1,0,1,80,,2,1,0,0,1,61.0,23.0,,,1,1,1,1,2
202100016019,2021-09-30 17:10:00,2021,9,30,17,10,78,78571,D 307,48.853491,2.022589,Plein jour,Hors agglomération,Hors intersection,Normale,Autre collision,3,3,1,0,2,1,1,1,1,70,,1,0,0,1,0,87.0,,,,1,1,1,1,6
202100016020,2021-09-30 11:20:00,2021,9,30,11,20,21,21054,Autoroute A6,47.0158267865,4.8680537568,Plein jour,Hors agglomération,Hors intersection,Normale,Deux véhicules - arrière,1,3,3,0,1,1,1,8,1,90,,3,2,0,0,1,75.0,21.0,,,1,1,1,1,2
202100016021,2021-09-28 13:30:00,2021,9,28,13,30,30,30333,Autoroute A9 au point kilométrique 64,43.7605564357,4.2639935017,Plein jour,Hors agglomération,Hors intersection,Normale,Trois véhicules et plus - collisions multiples,1,1,5,0,1,1,1,0,1,-1,,3,2,0,1,0,48.0,58.0,,,1,1,1,1,5
202100016022,2021-09-30 06:30:00,2021,9,30,6,30,77,77191,D408,48.55611,2.941203,Nuit avec éclairage non allumé,Hors agglomération,Hors intersection,Normale,Deux véhicules - côté,3,2,2,0,1,3,1,0,1,90,,2,0,0,2,0,59.0,56.0,,,4,1,1,1,3
202100016023,2021-10-01 06:50:00,2021,10,1,6,50,83,83053,route de toulon - pk 16+800,43.165052,5.829513,Plein jour,Hors agglomération,Autre intersection,Normale,Deux véhicules - frontale,3,2,2,0,1,1,1,0,1,70,,2,1,1,0,0,30.0,80.0,,,1,1,9,1,1
202100016024,2021-09-30 15:20:00,2021,9,30,15,20,67,67520,D75,48.620368,7.446653,Plein jour,Hors agglomération,Hors intersection,Temps éblouissant,Deux véhicules - frontale,3,2,2,0,4,1,1,0,1,80,,3,1,0,1,1,66.0,60.0,,,1,1,1,7,1
202100016025,2021-10-01 16:10:00,2021,10,1,16,10,01,01249,D1083,45.861362,4.911366,Plein jour,En agglomération,Hors intersection,Normale,Deux véhicules - arrière,3,2,2,0,1,1,1,0,1,50,,2,1,0,0,1,42.0,33.0,,,1,2,1,1,2
202100016026,2021-09-30 12:00:00,2021,9,30,12,0,69,69140,CHERES (DES) (RTE),45.8927515501,4.7094513414,Plein jour,Hors agglomération,Hors intersection,Normale,Sans collision,3,2,2,0,1,2,1,0,1,70,,1,0,0,1,0,62.0,,,,1,1,1,1,7
202100016027,2021-09-29 07:55:00,2021,9,29,7,55,09,09214,D618,42.960113,1.086874,Crépuscule ou aube,Hors agglomération,Hors intersection,Normale,Deux véhicules - frontale,3,2,2,0,1,1,2,0,1,80,,3,0,0,1,2,60.0,30.0,,,2,1,1,1,1
202100016028,2021-09-29 08:10:00,2021,9,29,8,10,33,33243,Place Jean Moulin,44.91869,-0.24208,Plein jour,En agglomération,Giratoire,Pluie légère,Deux véhicules - côté,3,-1,2,0,1,2,2,0,1,50,,2,1,0,1,0,39.0,19.0,,,1,2,6,2,3
202100016029,2021-09-30 21:22:00,2021,9,30,21,22,61,61182,Villeneuve,48.468924,-0.093781,Nuit sans éclairage public,Hors agglomération,Hors intersection,Normale,Autre collision,3,2,2,0,2,3,1,0,3,80,,1,0,0,1,0,27.0,,,,3,1,1,1,6
202100016030,2021-10-01 08:10:00,2021,10,1,8,10,35,35360,route departementale 178,48.124908,-1.232582,Crépuscule ou aube,Hors agglomération,Hors intersection,Temps couvert,Deux véhicules - côté,3,2,2,0,2,1,1,3,1,80,,3,1,1,1,0,88.0,53.0,,,2,1,1,8,3
202100016031,2021-09-30 18:05:00,2021,9,30,18,5,60,60434,D935,49.5773218848,2.6673659309,Crépuscule ou aube,Hors agglomération,Hors intersection,Normale,Deux véhicules - côté,3,2,2,0,2,1,1,0,1,80,,2,1,1,0,0,24.0,51.0,,,2,1,1,1,3
202100016032,2021-10-01 13:20:00,2021,10,1,13,20,80,80170,D26,49.670509,2.489299,Plein jour,Hors agglomération,Hors intersection,Temps couvert,Sans collision,3,2,2,0,1,3,1,0,1,80,,1,0,0,1,0,51.0,,,,1,1,1,8,7
202100016033,2021-09-30 15:45:00,2021,9,30,15,45,13,13211,A50-Sens Marseille vers Aubagne,43.29458,5.46618,Plein jour,Hors agglomération,Hors intersection,Normale,Deux véhicules - arrière,1,3,3,0,1,1,1,0,1,90,,2,1,0,0,1,39.0,38.0,,,1,1,1,1,2
202100016034,2021-09-29 13:58:00,2021,9,29,13,58,13,13206,Tunnel Prado Carénage,43.28592,5.37963,Plein jour,Hors agglomération,Hors intersection,Normale,Sans collision,4,1,2,0,2,2,1,1,1,50,,1,0,0,0,1,21.0,,,,1,1,1,1,7
202100016035,2021-09-30 08:00:00,2021,9,30,8,0,13,13211,A50-Sens Marseille vers Aubagne,43.2862,5.43125,Plein jour,Hors agglomération,Hors intersection,Normale,Deux véhicules - arrière,1,1,4,0,1,1,1,0,1,70,,2,1,0,0,1,42.0,,,,1,1,1,1,2
202100016036,2021-09-30 08:53:00,2021,9,30,8,53,13,13215,A7-Sens Lyon vers Marseille,43.3500442678,5.3687067031,Plein jour,Hors agglomération,Hors intersection,Normale,Deux véhicules - arrière,1,1,3,0,1,1,1,0,1,90,,3,2,0,0,1,49.0,38.0,,,1,1,1,1,2
202100016037,2021-09-29 08:15:00,2021,9,29,8,15,13,13211,A50-Sens Aubagne vers Marseille,43.29404,5.458,Plein jour,Hors agglomération,Hors intersection,Normale,Deux véhicules - côté,1,1,3,0,1,2,1,0,1,90,,2,1,0,0,1,23.0,47.0,,,1,1,1,1,3
202100016038,2021-09-29 12:17:00,2021,9,29,12,17,13,13071,A7-Sens Marseille vers Lyon,43.404706,5.303648,Plein jour,Hors agglomération,Hors intersection,Normale,Deux véhicules - arrière,1,-1,3,0,1,1,1,0,2,110,,2,0,0,1,1,41.0,44.0,,,1,1,1,1,2
202100016039,2021-09-30 06:40:00,2021,9,30,6,40,83,83137,A57,43.1237750225,5.9609671565,Crépuscule ou aube,Hors agglomération,Hors intersection,Normale,Deux véhicules - côté,1,3,6,0,1,1,1,0,1,70,,2,1,0,0,1,52.0,50.0,,,2,1,1,1,3
202100016040,2021-09-30 17:24:00,2021,9,30,17,24,33,33039,ROCADE A 630,44.79224,-0.53999,Plein jour,Hors agglomération,Hors intersection,Normale,Deux véhicules - arrière,1,3,6,0,1,1,1,0,1,90,,2,1,0,0,1,22.0,59.0,,,1,1,1,1,2
202100016041,2021-09-30 08:55:00,2021,9,30,8,55,33,33080,AUTOROUTE A 62,44.756217,-0.544838,Plein jour,Hors agglomération,Hors intersection,Normale,Deux véhicules - côté,1,3,0,0,1,1,1,0,1,90,,2,1,0,0,1,28.0,40.0,,,1,1,1,1,3
202100016042,2021-09-30 19:50:00,2021,9,30,19,50,91,91161,AUTOROUTE A6,48.6982,2.3137,Nuit sans éclairage public,Hors agglomération,Hors intersection,Normale,Deux véhicules - côté,1,3,6,0,1,1,1,0,1,110,,2,1,0,0,1,38.0,26.0,,,3,1,1,1,3
202100016043,2021-09-30 18:25:00,2021,9,30,18,25,94,94021,AUTOROUTE A6A,48.7609,2.339,Plein jour,Hors agglomération,Hors intersection,Normale,Trois véhicules et plus - collisions multiples,1,1,3,0,1,1,1,0,1,90,,3,2,0,0,1,39.0,31.0,,,1,1,1,1,5
202100016044,2021-09-30 09:50:00,2021,9,30,9,50,91,91573,RN 104,48.631643,2.506285,Plein jour,Hors agglomération,Hors intersection,Normale,Trois véhicules et plus - collisions multiples,2,1,2,0,1,1,1,0,1,110,,3,2,0,0,1,50.0,37.0,,,1,1,1,1,5
202100016045,2021-09-30 17:30:00,2021,9,30,17,30,92,92036,A86,48.9373756521,2.2943117859,Plein jour,Hors agglomération,Hors intersection,Normale,Trois véhicules et plus - en chaîne,1,3,4,0,1,1,1,0,1,90,,3,1,0,0,2,38.0,21.0,,,1,1,1,1,4
202100016046,2021-09-30 16:40:00,2021,9,30,16,40,92,92036,A86,48.9357613185,2.2630026617,Plein jour,Hors agglomération,Hors intersection,Normale,Deux véhicules - arrière,1,3,4,0,1,1,1,0,1,90,,3,2,0,0,1,57.0,21.0,,,1,1,1,1,2
202100016047,2021-09-29 09:00:00,2021,9,29,9,0,78,78297,RN12,48.78863,2.06095,Plein jour,Hors agglomération,Hors intersection,Normale,Deux véhicules - côté,2,3,2,0,1,1,1,0,1,110,,2,1,0,0,1,21.0,54.0,,,1,1,1,1,3
202100016048,2021-09-29 08:15:00,2021,9,29,8,15,78,78524,A13,48.841059,2.106997,Plein jour,Hors agglomération,Hors intersection,Normale,Deux véhicules - côté,1,3,3,0,1,1,2,0,1,110,,2,1,0,0,1,40.0,41.0,,,1,1,1,1,3
202100016049,2021-09-30 16:35:00,2021,9,30,16,35,95,95572,RN 184,49.050813,2.147383,Plein jour,Hors agglomération,Hors intersection,Normale,Autre collision,2,2,4,0,1,1,1,0,1,90,,1,0,0,0,1,58.0,,,,1,1,1,1,6
202100016050,2021-09-30 10:00:00,2021,9,30,10,0,93,93010,AUTOROUTE A3,48.9099462068,2.4748394787,Plein jour,Hors agglomération,Hors intersection,Normale,Deux véhicules - côté,1,1,3,0,1,1,1,0,1,90,,2,1,0,0,1,24.0,44.0,,,1,1,1,1,3
202100016051,2021-09-30 09:00:00,2021,9,30,9,0,92,92036,AUTOROUTE A15,48.9424432251,2.2899144727,Plein jour,Hors agglomération,Hors intersection,Normale,Deux véhicules - arrière,1,-1,4,0,1,1,1,2,1,90,,2,1,0,0,1,26.0,31.0,,,1,1,1,1,2
202100016052,2021-09-30 07:30:00,2021,9,30,7,30,95,95582,A15,48.97082,2.24922,Crépuscule ou aube,Hors agglomération,Hors intersection,Normale,Trois véhicules et plus - collisions multiples,1,3,8,0,1,1,1,0,1,90,,5,4,0,1,0,48.0,29.0,,,2,1,1,1,5
202100016053,2021-09-29 08:10:00,2021,9,29,8,10,93,93066,AUTOROUTE A1,48.933231262,2.3775453112,Plein jour,Hors agglomération,Hors intersection,Pluie légère,Trois véhicules et plus - en chaîne,1,-1,8,0,1,1,2,0,1,90,,3,2,0,0,1,47.0,44.0,,,1,1,1,2,4
202100016054,2021-09-29 12:40:00,2021,9,29,12,40,94,94018,A4,48.8203988353,2.4015747159,Plein jour,Hors agglomération,Autre intersection,Normale,Autre collision,1,1,5,0,1,1,1,9,1,90,,1,0,0,0,1,26.0,,,,1,1,9,1,6
202100016055,2021-09-28 00:05:00,2021,9,28,0,5,77,77294,A104,48.96862,2.60078,Nuit sans éclairage public,Hors agglomération,Hors intersection,Normale,Sans collision,1,1,2,0,1,1,1,0,3,90,,3,0,0,1,2,32.0,,,,3,1,1,1,7
202100016056,2021-10-04 23:40:00,2021,10,4,23,40,34,34172,MARES (AVENUE HENRI),43.62008,3.85342,Nuit avec éclairage allumé,En agglomération,Hors intersection,Normale,Autre collision,4,2,4,3,2,1,1,0,1,30,,4,2,0,1,1,34.0,21.0,,,5,2,1,1,6
202100016057,2021-09-29 09:42:00,2021,9,29,9,42,06,06083,DELATTRE DE TASSIGNY (ALLEE),43.78723,7.49363,Plein jour,En agglomération,Hors intersection,Normale,Deux véhicules - côté,4,2,2,0,2,1,1,0,1,50,,3,2,0,1,0,,16.0,,,1,2,1,1,3
202100016058,2021-09-28 05:03:00,2021,9,28,5,3,62,62548,PASCAL (RUE),50.94107,1.93201,Nuit avec éclairage allumé,En agglomération,Hors intersection,Pluie légère,Autre collision,4,2,2,0,1,3,2,0,1,50,,2,1,1,0,0,29.0,,,,5,2,1,2,6
202100016059,2021-09-28 08:30:00,2021,9,28,8,30,42,42183,Rue Paul Langevin,45.4039950682,4.3672347106,Plein jour,En agglomération,Place,Normale,Autre collision,7,1,1,0,2,2,1,0,1,30,,2,1,0,0,1,37.0,,,,1,2,7,1,6
202100016060,2021-09-27 17:10:00,2021,9,27,17,10,07,07019,DELATTRE DE TASSIGNY(AVENUE),44.61053,4.38985,Plein jour,En agglomération,Hors intersection,Normale,Autre collision,4,2,2,0,2,1,1,0,1,50,,2,1,0,1,0,19.0,,,,1,2,1,1,6
202100016061,2021-09-24 14:45:00,2021,9,24,14,45,24,24557,GRANDOU (AVENUE MICHEL),45.18974,0.74724,Plein jour,En agglomération,Hors intersection,Normale,Autre collision,3,2,0,0,1,1,1,0,1,50,,2,1,0,0,1,74.0,,,,1,2,1,1,6
202100016062,2021-05-05 21:30:00,2021,5,5,21,30,973,97302,EBOUE (ROCADE FELIX),4.9295489054,-52.3151085377,Nuit avec éclairage allumé,En agglomération,Intersection en T,Normale,Deux véhicules - côté,3,2,2,0,1,1,1,0,1,50,,2,1,0,0,1,45.0,29.0,,,5,2,3,1,3
202100016063,2021-06-22 11:30:00,2021,6,22,11,30,13,13077,RN 568,43.4136116445,5.0030107498,Plein jour,Hors agglomération,Hors intersection,Normale,Autre collision,2,3,5,0,1,1,1,0,3,90,,1,0,0,1,0,44.0,,,,1,1,1,1,6
202100016064,2021-09-28 18:20:00,2021,9,28,18,20,974,97416,RN02,-21.34905,55.50259,Nuit sans éclairage public,Hors agglomération,Hors intersection,Normale,Deux véhicules - arrière,2,2,2,0,1,1,1,0,1,70,,4,3,0,0,1,30.0,66.0,,,3,1,1,1,2
202100016065,2021-09-27 07:00:00,2021,9,27,7,0,974,97411,VICTOIRE (AVENUE DE LA),-20.87661,55.44782,Plein jour,En agglomération,Intersection en X,Pluie légère,Deux véhicules - côté,4,2,2,0,2,1,2,0,1,50,,3,2,0,0,1,60.0,46.0,,,1,2,2,2,3
202100016066,2021-09-28 09:50:00,2021,9,28,9,50,974,97407,ROUTE NATIONALE N° 4,-20.94969,55.30228,Plein jour,En agglomération,Hors intersection,Normale,Deux véhicules - arrière,2,2,2,0,1,1,1,0,1,50,,2,1,0,0,1,25.0,26.0,,,1,2,1,1,2
202100016067,2021-09-29 21:15:00,2021,9,29,21,15,69,69383,VILLETTE (DE LA) (R),45.7572,4.86143,Nuit avec éclairage allumé,En agglomération,Intersection en T,Normale,Deux véhicules - côté,4,2,4,3,1,1,1,0,1,50,,2,1,0,0,1,27.0,20.0,,,5,2,3,1,3
202100016068,2021-09-29 17:30:00,2021,9,29,17,30,69,69259,PIERRE COT  (AV),45.7032636184,4.8946746051,Plein jour,En agglomération,Intersection en Y,Normale,Deux véhicules - frontale,4,-1,2,0,1,1,1,0,1,50,,2,1,0,0,1,59.0,26.0,,,1,2,4,1,1
202100016069,2021-09-28 19:55:00,2021,9,28,19,55,69,69259,FRANCIS DE PRESSENSE                (AV),45.7148297104,4.8724150658,Nuit avec éclairage allumé,En agglomération,Hors intersection,Normale,Deux véhicules - arrière,4,2,2,0,1,1,1,0,1,50,,3,2,0,0,1,20.0,30.0,,,5,2,1,1,2
202100016070,2021-09-28 18:15:00,2021,9,28,18,15,69,69386,VITTON (CR),45.76949,4.8527,Plein jour,En agglomération,Hors intersection,Normale,Deux véhicules - côté,4,1,1,2,1,1,1,0,1,50,,2,1,0,0,1,26.0,31.0,,,1,2,1,1,3
202100016071,2021-09-28 13:45:00,2021,9,28,13,45,69,69383,DAUPHINE (DU) (R),45.74995,4.86064,Plein jour,En agglomération,Intersection en T,Normale,Deux véhicules - côté,4,2,2,1,1,1,1,0,5,50,,2,1,0,0,1,21.0,27.0,,,1,2,3,1,3
202100016072,2021-09-28 13:40:00,2021,9,28,13,40,69,69259,FRANCIS DE PRESSENSE (AV),45.72659,4.86258,Plein jour,En agglomération,Intersection en X,Normale,Autre collision,4,2,3,2,1,1,1,0,5,50,,2,1,0,0,1,80.0,,,,1,2,2,1,6
202100016073,2021-09-28 09:10:00,2021,9,28,9,10,69,69387,GUILLOTIERE (DE LA) (GR),45.74749,4.8582,Plein jour,En agglomération,Intersection en X,Normale,Deux véhicules - frontale,4,1,1,2,1,1,1,0,1,50,,2,1,0,0,1,71.0,52.0,,,1,2,2,1,1
202100016074,2021-09-28 12:16:00,2021,9,28,12,16,972,97213,AUTOROUTE A1,14.61523,-61.01318,Plein jour,Hors agglomération,Hors intersection,Normale,Trois véhicules et plus - en chaîne,1,2,6,0,1,1,1,0,1,90,,4,3,0,0,1,41.0,66.0,,,1,1,1,1,4
202100016075,2021-09-29 16:40:00,2021,9,29,16,40,69,69034,BAC A TRAILLE (DU) (CHM),45.79097,4.86786,Plein jour,En agglomération,Hors intersection,Normale,Deux véhicules - côté,4,2,2,0,1,1,1,0,1,50,,2,1,0,0,1,35.0,33.0,,,1,2,1,1,3
202100016076,2021-09-28 08:10:00,2021,9,28,8,10,69,69381,LATTRE DE TASSIGNY ( DE) (PT),45.77248,4.83862,Plein jour,En agglomération,Hors intersection,Normale,Trois véhicules et plus - en chaîne,4,4,6,1,1,1,1,1,1,50,,4,3,0,1,0,24.0,36.0,,,1,2,1,1,4
202100016077,2021-09-27 19:30:00,2021,9,27,19,30,971,97120,L'ASSAINISSEMENT (RUE DE),16.2439379564,-61.532439828,Nuit avec éclairage allumé,En agglomération,Hors intersection,Normale,Deux véhicules - côté,4,1,0,0,1,1,1,0,1,50,,3,2,0,1,0,42.0,28.0,,,5,2,1,1,3
202100016078,2021-09-27 17:00:00,2021,9,27,17,0,971,97101,Rue Hubert FAROUIL,16.2741,-61.49963,Plein jour,Hors agglomération,Autre intersection,Normale,Deux véhicules - côté,4,-1,2,0,1,1,1,0,1,50,,2,1,0,0,1,58.0,17.0,,,1,1,9,1,3
202100016079,2021-09-27 14:23:00,2021,9,27,14,23,971,97101,ROUTE DE BOULIQUI,16.2580964432,-61.4552235603,Plein jour,Hors agglomération,Hors intersection,Normale,Deux véhicules - arrière,3,-1,0,0,1,3,1,0,1,50,,2,1,0,1,0,46.0,29.0,,,1,1,1,1,2
202100016080,2021-09-29 10:08:00,2021,9,29,10,8,2A,2A004,PIETRI FRANCOIS RUE,41.93507,8.7521,Plein jour,En agglomération,Autre intersection,Normale,Trois véhicules et plus - collisions multiples,4,3,1,0,1,1,1,0,1,50,,3,1,0,0,2,26.0,32.0,,,1,2,9,1,5
202100016081,2021-09-28 11:18:00,2021,9,28,11,18,95,95018,RD 41,48.93404,2.22561,Plein jour,En agglomération,Hors intersection,Normale,Autre collision,3,2,2,0,1,1,1,0,1,50,,2,1,0,0,1,41.0,,,,1,2,1,1,6