accident_id,datetime,annee,mois,jour,heure,minute,departement,commune_insee,adresse,latitude,longitude,luminosite,agglomeration,intersection,meteo,collision,catr,circ,nbv,vosp,prof,plan,surf,infra,situ,vma,nb_vehicules,nb_usagers,nb_indemnes,nb_tues,nb_blesses_hosp,nb_blesses_legers,age_cond_1,age_cond_2,veh_type_cond_1,veh_type_cond_2,lum_code,agg_code,int_code,atm_code,col_code
202100016082,2021-09-29 20:20:00,2021,9,29,20,20,91,91339,AV ROBERT BENOIST,48.6276,2.2624,Nuit sans éclairage public,Hors agglomération,Hors intersection,Normale,Deux véhicules - arrière,3,1,2,0,2,1,1,0,1,70,,2,1,0,0,1,27.0,27.0,,,3,1,1,1,2
202100016083,2021-09-27 20:42:00,2021,9,27,20,42,91,91570,FAURE (RUE GABRIEL),48.632926,2.315515,Nuit avec éclairage allumé,En agglomération,Hors intersection,Normale,Autre collision,4,-1,0,0,2,1,1,6,1,30,,2,1,0,0,1,40.0,,,,5,2,1,1,6
202100016084,2021-09-29 10:50:00,2021,9,29,10,50,91,91161,RUE SAINT EXUPERY,48.71438,2.30049,Plein jour,En agglomération,Hors intersection,Normale,Autre collision,4,2,1,2,1,3,1,9,5,30,,2,1,0,1,0,22.0,,,,1,2,1,1,6
202100016085,2021-09-29 08:09:00,2021,9,29,8,9,91,91471,JOFFRE (AVENUE DU MARECHAL),48.69387,2.17718,Plein jour,En agglomération,Hors intersection,Pluie légère,Autre collision,4,2,1,0,2,1,2,9,4,50,,4,0,0,0,4,26.0,,,,1,2,1,2,6
202100016086,2021-09-29 08:38:00,2021,9,29,8,38,91,91161,RUE DE LA MONTAGNE,48.69645,2.30677,Plein jour,En agglomération,Giratoire,Pluie forte,Deux véhicules - côté,4,1,0,0,1,1,2,0,1,50,,2,0,0,0,2,48.0,30.0,,,1,2,6,3,3
202100016087,2021-09-29 14:50:00,2021,9,29,14,50,91,91691,RAYMOND POINCARE(RUE),48.71875,2.50021,Plein jour,En agglomération,Hors intersection,Normale,Autre collision,3,2,2,0,2,1,2,0,1,50,,4,3,0,0,1,34.0,,,,1,2,1,1,6
202100016088,2021-09-28 08:00:00,2021,9,28,8,0,91,91201,RUE PIERRE BROSSOLETTE,48.68393,2.415201,Crépuscule ou aube,En agglomération,Intersection en T,Temps couvert,Deux véhicules - côté,4,2,1,0,1,1,1,0,1,50,,2,1,0,0,1,22.0,27.0,,,2,2,3,8,3
202100016089,2021-09-29 14:15:00,2021,9,29,14,15,91,91687,DOCTEUR CALMETTE (RUE DU),48.677053,2.369191,Plein jour,En agglomération,Intersection en X,Normale,Deux véhicules - côté,4,2,1,0,1,1,1,5,1,50,,2,1,0,0,1,20.0,38.0,,,1,2,2,1,3
202100016090,2021-09-28 18:10:00,2021,9,28,18,10,91,91687,DOCTEUR CALMETTE (RUE DU),48.678052,2.371015,Plein jour,En agglomération,Intersection en X,Normale,Deux véhicules - côté,4,2,1,0,1,1,1,0,1,50,,2,1,0,0,1,46.0,20.0,,,1,2,2,1,3
202100016091,2021-09-28 15:45:00,2021,9,28,15,45,91,91286,NATIONALE 7 (ROUTE),48.667024,2.395832,Plein jour,En agglomération,Autre intersection,Normale,Deux véhicules - arrière,3,1,2,0,1,1,1,5,1,50,,2,1,0,0,1,44.0,30.0,,,1,2,9,1,2
202100016092,2021-09-25 16:55:00,2021,9,25,16,55,89,89354,CAVES(RUE DES),48.20123,3.24966,Plein jour,Hors agglomération,Hors intersection,Normale,Autre collision,4,2,2,0,1,1,1,0,3,80,,1,0,0,0,1,60.0,,,,1,1,1,1,6
202100016093,2021-09-22 11:00:00,2021,9,22,11,0,89,89387,GARE (AVENUE DE LA),48.19725,3.26811,Plein jour,En agglomération,Hors intersection,Normale,Deux véhicules - côté,4,1,1,2,1,1,1,0,1,30,,2,1,0,0,1,,18.0,,,1,2,1,1,3
202100016094,2021-09-27 10:36:00,2021,9,27,10,36,88,88413,rue de l'Evêché,48.28696,6.95044,Plein jour,En agglomération,Intersection en T,Normale,Autre collision,4,2,2,0,1,1,1,0,1,50,,2,1,0,1,0,88.0,,,,1,2,3,1,6
202100016095,2021-09-27 18:43:00,2021,9,27,18,43,87,87085,THOMAS (AVENUE ALBERT),45.8404,1.23474,Plein jour,En agglomération,Hors intersection,Normale,Deux véhicules - arrière,4,2,2,0,1,3,1,0,1,50,,2,1,0,0,1,26.0,91.0,,,1,2,1,1,2
202100016096,2021-09-29 08:50:00,2021,9,29,8,50,86,86158,N147,46.619338,0.334687,Plein jour,En agglomération,Hors intersection,Normale,Trois véhicules et plus - collisions multiples,2,3,4,0,1,1,2,0,1,110,,5,4,0,1,0,31.0,39.0,,,1,2,1,1,5
202100016097,2021-09-29 19:07:00,2021,9,29,19,7,83,83137,PRUNEAU (AVE GENERAL),43.119259,5.95021,Crépuscule ou aube,En agglomération,Intersection en X,Normale,Deux véhicules - côté,4,2,3,3,1,3,1,0,6,50,,2,1,0,0,1,32.0,16.0,,,2,2,2,1,3
202100016098,2021-09-29 17:50:00,2021,9,29,17,50,83,83137,Voie Tessé Roosevelt,43.12156,5.93835,Plein jour,En agglomération,Hors intersection,Normale,Sans collision,4,1,1,0,1,2,9,0,1,50,,1,0,0,0,1,23.0,,,,1,2,1,1,7
202100016099,2021-09-29 09:45:00,2021,9,29,9,45,83,83144,TREMOLIERE (AVE),43.1366642739,5.981228071,Plein jour,En agglomération,Hors intersection,Normale,Autre collision,4,2,1,0,1,1,1,0,1,50,,3,2,1,0,0,33.0,,,,1,2,1,1,6
202100016100,2021-09-28 19:02:00,2021,9,28,19,2,83,83137,ESCARTEFIGUE (CORNICHE DU 2 A 422,43.13544,5.93271,Plein jour,En agglomération,Hors intersection,Normale,Deux véhicules - frontale,4,2,2,0,1,1,1,0,1,50,,3,2,0,0,1,55.0,22.0,,,1,2,1,1,1
202100016101,2021-09-28 13:15:00,2021,9,28,13,15,83,83137,GASQUET (AVE JOSEPH DE 1408 A FIN,43.1177707309,5.9811544418,Plein jour,En agglomération,Hors intersection,Normale,Autre collision,7,-1,2,0,1,1,1,0,1,50,,2,1,0,0,1,71.0,,,,1,2,1,1,6
202100016102,2021-09-28 10:00:00,2021,9,28,10,0,83,83034,RUE DES 3 PINS,43.1023316595,6.0556536104,Plein jour,Hors agglomération,Hors intersection,Normale,Deux véhicules - frontale,4,2,2,1,1,1,1,0,5,20,,2,1,0,0,1,15.0,59.0,,,1,1,1,1,1
202100016103,2021-09-27 19:00:00,2021,9,27,19,0,83,83069,LOUBES (ROUTE DES),43.1156,6.09344,Plein jour,Hors agglomération,Hors intersection,Normale,Deux véhicules - arrière,7,-1,0,0,1,1,1,0,1,70,,2,1,0,1,0,30.0,64.0,,,1,1,1,1,2
202100016104,2021-09-29 16:40:00,2021,9,29,16,40,82,82033,COMMANDANT DEFRAUX (RUE DU),44.03776,1.11518,Plein jour,En agglomération,Hors intersection,Temps éblouissant,Autre collision,3,2,2,0,2,2,1,2,1,50,,2,0,0,1,1,73.0,,,,1,2,1,7,6
202100016105,2021-09-25 15:30:00,2021,9,25,15,30,80,80021,GEORGES GUYNEMER (RUE),49.9106004466,2.3006344711,Plein jour,En agglomération,Hors intersection,Normale,Autre collision,4,2,2,0,1,1,1,0,1,50,,2,1,0,0,1,37.0,,,,1,2,1,1,6
202100016106,2021-09-24 07:25:00,2021,9,24,7,25,80,80021,ALEXANDRE DUMAS (RUE),49.8725246109,2.2938204513,Nuit avec éclairage allumé,En agglomération,Hors intersection,Normale,Autre collision,4,2,2,0,1,1,1,0,1,50,,2,1,0,0,1,72.0,,,,5,2,1,1,6
202100016107,2021-09-23 19:40:00,2021,9,23,19,40,80,80021,PAUL CLAUDEL (AVENUE),49.87465,2.27013,Plein jour,En agglomération,Hors intersection,Normale,Deux véhicules - arrière,4,2,3,0,1,1,1,0,1,50,,2,1,0,0,1,20.0,45.0,,,1,2,1,1,2
202100016108,2021-09-23 17:25:00,2021,9,23,17,25,80,80021,ABBEVILLE (RUE D'),49.9102750491,2.2577588986,Plein jour,En agglomération,Hors intersection,Normale,Autre collision,3,2,3,0,1,1,1,0,1,50,,2,1,0,0,1,71.0,,,,1,2,1,1,6
202100016109,2021-09-23 14:55:00,2021,9,23,14,55,80,80021,MERCEY (RUE DE),49.87979,2.32804,Plein jour,En agglomération,Intersection en T,Normale,Deux véhicules - côté,4,1,1,0,1,1,1,0,1,50,,2,1,0,0,1,42.0,25.0,,,1,2,3,1,3
202100016110,2021-09-29 21:50:00,2021,9,29,21,50,78,78551,FRANKLIN,48.90334,2.0832,Nuit avec éclairage allumé,En agglomération,Hors intersection,Normale,Autre collision,4,2,2,0,1,1,1,0,1,50,,1,0,0,0,1,26.0,,,,5,2,1,1,6
202100016111,2021-09-29 10:40:00,2021,9,29,10,40,78,78440,PAUL RAOULT (AVENUE),48.98852,1.91253,Plein jour,En agglomération,Intersection en T,Normale,Deux véhicules - côté,3,-1,1,1,1,1,1,-1,1,50,,2,1,0,0,1,29.0,55.0,,,1,2,3,1,3
202100016112,2021-09-28 16:10:00,2021,9,28,16,10,78,78029,JULES FERRY(RUE),48.954873,1.854616,Plein jour,En agglomération,Hors intersection,Normale,Autre collision,4,1,2,0,1,1,1,0,1,30,,2,1,0,0,1,57.0,,,,1,2,1,1,6
202100016113,2021-09-25 17:00:00,2021,9,25,17,0,78,78118,Bld  DE LA COMMUNAUTE,48.983238,1.674052,Plein jour,En agglomération,Intersection en T,Normale,Deux véhicules - côté,3,2,2,0,1,1,1,5,1,50,,2,1,0,1,0,29.0,73.0,,,1,2,3,1,3
202100016114,2021-08-12 23:45:00,2021,8,12,23,45,78,78688,TILLEULS (RUE DES),48.76046,2.04368,Nuit avec éclairage allumé,En agglomération,Hors intersection,Normale,Sans collision,4,2,2,0,1,1,1,0,1,50,,1,0,1,0,0,56.0,,,,5,2,1,1,7
202100016115,2021-09-28 16:33:00,2021,9,28,16,33,78,78624,POISSY AVENUE DE,48.969045,2.010187,Plein jour,En agglomération,Hors intersection,Normale,Autre collision,3,2,2,0,1,1,1,0,1,30,,2,1,0,0,1,53.0,,,,1,2,1,1,6
202100016116,2021-09-26 17:55:00,2021,9,26,17,55,77,77373,RTE NATIONALE N 4,48.775963,2.601083,Plein jour,Hors agglomération,Hors intersection,Normale,Deux véhicules - frontale,3,2,5,0,1,1,2,0,1,70,,2,1,0,0,1,64.0,27.0,,,1,1,1,1,1
202100016117,2021-09-28 16:35:00,2021,9,28,16,35,77,77373,RUE DES PRES SAINT MARTIN,48.7915880156,2.6133362983,Plein jour,En agglomération,Hors intersection,Normale,Deux véhicules - arrière,4,3,2,0,1,1,1,0,1,50,,2,1,0,0,1,32.0,16.0,,,1,2,1,1,2
202100016118,2021-09-28 08:00:00,2021,9,28,8,0,77,77372,D334,48.881912,2.697491,Plein jour,En agglomération,Intersection en T,Normale,Deux véhicules - côté,3,2,2,0,1,1,1,0,1,50,,2,1,0,0,1,43.0,19.0,,,1,2,3,1,3
202100016119,2021-09-29 23:55:00,2021,9,29,23,55,76,76540,RENARD. RUE DU,49.44897,1.07932,Nuit avec éclairage allumé,En agglomération,Hors intersection,Normale,Autre collision,4,1,1,0,1,1,1,0,1,30,,1,0,0,0,1,34.0,,,,5,2,1,1,6
202100016120,2021-09-28 18:00:00,2021,9,28,18,0,76,76351,LA MAILLERAYE (DE),49.48782,0.10176,Plein jour,En agglomération,Intersection en X,Normale,Deux véhicules - côté,4,2,2,0,1,1,1,0,1,50,,3,1,0,0,2,18.0,18.0,,,1,2,2,1,3
202100016121,2021-09-28 10:00:00,2021,9,28,10,0,72,72181,MOULIN JEAN (BD) N° IMP,47.97841,0.21304,Plein jour,En agglomération,Hors intersection,Normale,Deux véhicules - côté,4,3,4,2,1,1,1,0,1,50,,2,1,0,0,1,24.0,18.0,,,1,2,1,1,3
202100016122,2021-09-28 07:50:00,2021,9,28,7,50,72,72181,RHIN ET DANUBE (AV) N° IMP 1 A 269,48.02009,0.18397,Crépuscule ou aube,En agglomération,Hors intersection,Normale,Deux véhicules - côté,4,2,2,2,1,1,1,0,1,50,,2,1,0,0,1,46.0,35.0,,,2,2,1,1,3
202100016123,2021-09-27 15:25:00,2021,9,27,15,25,72,72181,Robert Jarry (Bd),47.99677,0.19077,Plein jour,En agglomération,Giratoire,Normale,Autre collision,4,2,2,0,1,1,1,0,1,50,,2,1,0,0,1,74.0,,,,1,2,6,1,6
202100016124,2021-09-28 18:20:00,2021,9,28,18,20,71,71153,EUROPE (AVENUE DE L'),46.8085007415,4.4288931866,Plein jour,En agglomération,Hors intersection,Normale,Deux véhicules - arrière,4,2,2,0,1,1,1,0,1,50,,2,1,0,0,1,39.0,20.0,,,1,2,1,1,2
202100016125,2021-09-27 17:45:00,2021,9,27,17,45,71,71445,Rue de la Noue,46.7789605461,4.8956683178,Plein jour,En agglomération,Giratoire,Normale,Deux véhicules - côté,4,-1,0,0,1,1,1,0,1,50,,2,1,0,1,0,28.0,15.0,,,1,2,6,1,3
202100016126,2021-09-29 12:45:00,2021,9,29,12,45,69,69266,EMILE ZOLA (CR),45.77074,4.86562,Plein jour,En agglomération,Intersection en T,Normale,Autre collision,4,2,3,2,1,1,1,0,1,50,,2,1,0,0,1,87.0,,,,1,2,3,1,6
202100016127,2021-09-18 19:10:00,2021,9,18,19,10,69,69275,FRANKLIN ROOSEVELT (AV),45.74679,4.93344,Crépuscule ou aube,En agglomération,Hors intersection,Normale,Deux véhicules - côté,4,2,2,0,1,1,1,0,5,50,,2,1,0,0,1,30.0,42.0,,,2,2,1,1,3
202100016128,2021-09-29 13:05:00,2021,9,29,13,5,69,69264,BONNEVAY LAURENT (R),45.9832431826,4.7061065841,Plein jour,En agglomération,Hors intersection,Normale,Deux véhicules - frontale,4,2,2,0,1,1,1,0,1,50,,2,0,0,0,2,39.0,22.0,,,1,2,1,1,1
202100016129,2021-09-29 00:20:00,2021,9,29,0,20,67,67482,RHIN (AVENUE DU),48.56942,7.77828,Nuit avec éclairage allumé,Hors agglomération,Intersection en T,Normale,Deux véhicules - côté,4,2,4,1,2,3,1,0,1,50,,2,1,0,0,1,30.0,28.0,,,5,1,3,1,3
202100016130,2021-09-28 15:10:00,2021,9,28,15,10,67,67482,MINOTERIE (RUE DE LA),48.57821,7.79087,Plein jour,En agglomération,Hors intersection,Normale,Deux véhicules - côté,4,2,2,0,1,1,1,0,1,50,,2,1,1,0,0,31.0,31.0,,,1,2,1,1,3
202100016131,2021-09-28 20:10:00,2021,9,28,20,10,66,66136,FRANCE LIBRE (BOULEVARD DE LA),42.70543,2.90185,Nuit sans éclairage public,En agglomération,Giratoire,Normale,Deux véhicules - côté,4,2,2,0,1,1,1,0,1,50,,2,1,0,0,1,45.0,55.0,,,3,2,6,1,3
202100016132,2021-09-28 17:30:00,2021,9,28,17,30,66,66136,FRANCE LIBRE (BOULEVARD DE LA),42.70719,2.90702,Plein jour,En agglomération,Hors intersection,Normale,Trois véhicules et plus - en chaîne,4,2,2,0,1,1,1,0,1,50,,3,2,0,0,1,37.0,50.0,,,1,2,1,1,4
202100016133,2021-09-24 18:11:00,2021,9,24,18,11,66,66136,NOBEL (QUAI ALFRED),42.69698,2.88727,Plein jour,En agglomération,Hors intersection,Normale,Deux véhicules - côté,4,1,2,1,1,1,1,0,1,50,,2,1,0,0,1,34.0,32.0,,,1,2,1,1,3
202100016134,2021-09-22 18:45:00,2021,9,22,18,45,66,66136,MERMOZ (AVENUE JEAN),42.6949,2.91139,Plein jour,En agglomération,Hors intersection,Normale,Deux véhicules - arrière,4,2,2,0,1,1,1,0,1,50,,2,1,0,0,1,70.0,32.0,,,1,2,1,1,2
202100016135,2021-09-27 07:55:00,2021,9,27,7,55,64,64445,SERGENT BERNES CAMBOT DU,43.30494,-0.37052,Plein jour,En agglomération,Intersection en X,Temps couvert,Autre collision,4,2,3,1,1,1,1,0,1,30,,2,1,0,0,1,20.0,,,,1,2,2,8,6
202100016136,2021-09-29 10:22:00,2021,9,29,10,22,63,63113,GIROD (RUE JOSEPH),45.76788,3.08408,Plein jour,En agglomération,Intersection en X,Normale,Autre collision,4,2,2,0,1,1,1,0,1,50,,2,1,0,0,1,28.0,,,,1,2,2,1,6
202100016137,2021-09-29 07:55:00,2021,9,29,7,55,63,63113,LAFAYETTE (BD),45.76502,3.10977,Plein jour,En agglomération,Intersection en T,Normale,Deux véhicules - côté,7,3,4,0,1,1,1,0,1,50,,2,1,0,0,1,49.0,21.0,,,1,2,3,1,3
202100016138,2021-09-29 09:08:00,2021,9,29,9,8,63,63113,COTE BLATIN (BD),45.76852,3.08966,Plein jour,En agglomération,Hors intersection,Normale,Deux véhicules - côté,4,1,3,0,1,1,1,0,1,50,,2,1,0,0,1,28.0,41.0,,,1,2,1,1,3
202100016139,2021-09-28 08:45:00,2021,9,28,8,45,61,61001,COLBERT (BOULEVARD),48.43459,0.07643,Plein jour,En agglomération,Intersection en T,Normale,Deux véhicules - arrière,3,2,2,1,1,1,1,0,1,50,,2,1,0,0,1,49.0,19.0,,,1,2,3,1,2
202100016140,2021-09-27 16:55:00,2021,9,27,16,55,60,60175,Rue Henri Bergson,49.2543,2.4872,Plein jour,En agglomération,Hors intersection,Normale,Autre collision,4,2,2,0,1,1,2,0,1,30,,2,1,0,0,1,27.0,,,,1,2,1,1,6
202100016141,2021-09-20 13:00:00,2021,9,20,13,0,60,60057,Avenue Pierre Bérégovoy,49.4403646241,2.1035179978,Plein jour,En agglomération,Giratoire,Normale,Autre collision,4,2,-1,-1,1,1,1,0,1,-1,,2,1,0,0,1,72.0,,,,1,2,6,1,6
202100016142,2021-09-29 22:40:00,2021,9,29,22,40,59,59009,VILLES RUE ENTRE 2,50.6162,3.13613,Nuit avec éclairage allumé,En agglomération,Intersection en X,Normale,Deux véhicules - côté,7,1,1,0,1,1,1,0,1,50,,3,1,0,0,2,24.0,24.0,,,5,2,2,1,3
202100016143,2021-09-28 17:50:00,2021,9,28,17,50,59,59350,CALMETTE BV.DU DOCTEUR,50.62908,3.07545,Plein jour,En agglomération,Hors intersection,Normale,Deux véhicules - côté,4,3,4,0,1,1,1,0,1,50,,2,1,0,0,1,21.0,31.0,,,1,2,1,1,3
202100016144,2021-09-27 17:50:00,2021,9,27,17,50,59,59122,Rue Jules Massenet,50.1656,3.25923,Plein jour,En agglomération,Intersection en T,Normale,Deux véhicules - côté,4,2,2,0,1,1,1,0,1,50,,2,0,0,1,1,71.0,36.0,,,1,2,3,1,3
202100016145,2021-09-11 19:00:00,2021,9,11,19,0,58,58194,CHAUVELLES,46.9972,3.1589,Plein jour,En agglomération,Intersection en T,Normale,Deux véhicules - côté,4,1,1,0,1,1,1,0,1,50,,2,1,0,0,1,23.0,33.0,,,1,2,3,1,3
202100016146,2021-09-27 18:00:00,2021,9,27,18,0,58,58194,SAINT EXUPERY (BOULEVARD),47.00405,3.15627,Plein jour,En agglomération,Autre intersection,Normale,Deux véhicules - arrière,4,2,2,0,1,1,1,0,1,30,,2,1,0,0,1,55.0,65.0,,,1,2,9,1,2
202100016147,2021-09-29 22:15:00,2021,9,29,22,15,54,54328,MARVINGT (RUE MARIE),48.62025,6.16771,Nuit avec éclairage allumé,En agglomération,Giratoire,Normale,Autre collision,4,2,2,2,1,1,2,-1,1,50,,2,1,0,0,1,19.0,,,,5,2,6,1,6
202100016148,2021-09-28 18:35:00,2021,9,28,18,35,54,54395,MON DESERT (RUE),48.6841026455,6.176717955,Nuit avec éclairage allumé,En agglomération,Intersection en X,Normale,Deux véhicules - côté,7,1,1,0,1,1,1,0,1,50,,2,1,0,0,1,40.0,25.0,,,5,2,2,1,3
202100016149,2021-09-27 20:12:00,2021,9,27,20,12,54,54395,FERRI III (RUE DU DUC),48.6843449823,6.1743188703,Nuit avec éclairage allumé,En agglomération,Intersection en T,Normale,Deux véhicules - côté,4,1,1,0,1,1,1,0,1,50,,2,1,0,0,1,28.0,24.0,,,5,2,3,1,3
202100016150,2021-09-28 08:20:00,2021,9,28,8,20,54,54300,BAYON (ROUTE DE),48.6409016028,6.253689852,Plein jour,Hors agglomération,Passage à niveau,Normale,Deux véhicules - côté,7,2,2,0,1,1,1,4,6,50,,2,0,0,0,2,51.0,42.0,,,1,1,8,1,3
202100016151,2021-09-27 10:50:00,2021,9,27,10,50,54,54578,MULLER (AVENUE PAUL),48.6568403785,6.131567359,Plein jour,En agglomération,Intersection en T,Normale,Deux véhicules - côté,7,2,3,0,1,1,1,0,1,50,,3,0,0,0,3,54.0,20.0,,,1,2,3,1,3
202100016152,2021-09-28 11:40:00,2021,9,28,11,40,51,51454,Rue Francis Jammes,49.2139954756,4.0195966522,Plein jour,Hors agglomération,Intersection en X,Normale,Sans collision,4,2,2,0,2,1,1,0,1,50,,2,1,0,0,1,55.0,,,,1,1,2,1,7
202100016153,2021-09-26 20:20:00,2021,9,26,20,20,50,50602,LAUBEUF (RUE MAXIME),49.65285,-1.55261,Crépuscule ou aube,En agglomération,Intersection en X,Normale,Deux véhicules - côté,3,2,2,0,1,3,1,0,1,50,,2,1,0,0,1,16.0,38.0,,,2,2,2,1,3
202100016154,2021-09-27 14:05:00,2021,9,27,14,5,50,50602,EST (BOULEVARD DE L'),49.63594,-1.58108,Plein jour,En agglomération,Hors intersection,Normale,Deux véhicules - côté,3,3,4,1,1,1,1,0,1,70,,2,1,0,0,1,39.0,24.0,,,1,2,1,1,3
202100016155,2021-09-28 11:44:00,2021,9,28,11,44,49,49007,ROI RENE BOULEVARD,47.4668,-0.55431,Plein jour,En agglomération,Hors intersection,Normale,Autre collision,4,1,1,0,1,1,1,0,1,30,,2,1,0,0,1,23.0,,,,1,2,1,1,6
202100016156,2021-09-27 18:08:00,2021,9,27,18,8,49,49007,PATTON AVENUE,47.47354,-0.58735,Plein jour,En agglomération,Hors intersection,Normale,Deux véhicules - côté,4,2,2,0,1,1,1,0,1,50,,2,1,0,0,1,47.0,21.0,,,1,2,1,1,3
202100016157,2021-09-23 19:37:00,2021,9,23,19,37,49,49007,ATLANTIQUE  AVENUE DE L',47.46907,-0.60764,Plein jour,Hors agglomération,Hors intersection,Normale,Deux véhicules - arrière,3,3,4,0,1,1,1,0,1,90,,2,0,0,0,2,59.0,59.0,,,1,1,1,1,2
202100016158,2021-09-29 10:27:00,2021,9,29,10,27,45,45234,Rue du Faubourg Saint Vincent,47.91252,1.91565,Plein jour,En agglomération,Intersection en X,Normale,Autre collision,4,2,2,0,1,1,1,0,1,50,,2,1,0,0,1,,,,,1,2,2,1,6
202100016159,2021-09-28 09:40:00,2021,9,28,9,40,45,45286,DEMAY (RUE),47.888,1.9213,Plein jour,En agglomération,Hors intersection,Normale,Deux véhicules - côté,4,2,1,0,1,1,1,0,1,50,,2,1,0,1,0,44.0,17.0,,,1,2,1,1,3
202100016160,2021-09-28 09:50:00,2021,9,28,9,50,45,45232,HUGO (AVENUE VICTOR),47.85685,1.90317,Plein jour,En agglomération,Giratoire,Normale,Deux véhicules - côté,7,2,2,2,1,1,1,0,1,50,,3,2,0,0,1,62.0,34.0,,,1,2,6,1,3
202100016161,2021-09-28 14:40:00,2021,9,28,14,40,44,44184,SUNDERLAND (BD DE),47.27014,-2.24,Plein jour,En agglomération,Hors intersection,Normale,Autre collision,4,3,2,3,1,1,1,0,1,50,,2,1,0,0,1,69.0,,,,1,2,1,1,6
202100016162,2021-09-29 07:50:00,2021,9,29,7,50,44,44162,RUE DES PILIERS DE LA CHAUVINIERE,47.22995,-1.63451,Plein jour,En agglomération,Hors intersection,Normale,Deux véhicules - frontale,4,2,2,0,1,1,2,0,1,50,,2,1,0,1,0,52.0,25.0,,,1,2,1,1,1
202100016163,2021-09-28 19:50:00,2021,9,28,19,50,44,44109,STALINGRAD ( BD DE ),47.21892,-1.53687,Crépuscule ou aube,En agglomération,Hors intersection,Normale,Autre collision,4,2,2,2,1,1,1,0,1,30,,2,1,0,0,1,24.0,,,,2,2,1,1,6
202100016164,2021-09-28 13:15:00,2021,9,28,13,15,44,44109,ERDRE ( RTE CHAPELLE SUR),47.25948,-1.57501,Plein jour,En agglomération,Hors intersection,Normale,Deux véhicules - côté,4,2,2,2,1,1,1,0,1,50,,2,1,0,1,0,13.0,23.0,,,1,2,1,1,3
202100016165,2021-09-24 17:16:00,2021,9,24,17,16,44,44109,BOULEVARD DE LA PRAIRIE DE MAUVES,47.225649,-1.495856,Plein jour,Hors agglomération,Hors intersection,Normale,Deux véhicules - frontale,4,3,2,0,1,1,1,0,1,80,,2,1,0,1,0,24.0,37.0,,,1,1,1,1,1
202100016166,2021-09-29 19:30:00,2021,9,29,19,30,38,38185,Avenue Marie Reynoard,45.16711,5.72849,Crépuscule ou aube,En agglomération,Hors intersection,Normale,Deux véhicules - côté,7,2,2,0,1,1,1,0,1,50,,2,1,0,0,1,68.0,68.0,,,2,2,1,1,3
202100016167,2021-09-29 13:45:00,2021,9,29,13,45,38,38169,Boulevard Paul Langevin,45.19799,5.67154,Plein jour,En agglomération,Hors intersection,Normale,Deux véhicules - côté,7,2,2,0,1,1,1,0,1,10,,2,1,0,0,1,11.0,36.0,,,1,2,1,1,3
202100016168,2021-09-23 04:50:00,2021,9,23,4,50,37,37261,COMMERCE (RUE DU),47.3950168601,0.6847243513,Nuit avec éclairage allumé,En agglomération,Hors intersection,Normale,Autre collision,4,1,2,1,1,1,1,0,4,30,,1,0,1,0,0,56.0,,,,5,2,1,1,6
202100016169,2021-09-28 19:00:00,2021,9,28,19,0,37,37233,DUCLOS (AVENUE JACQUES),47.3792844727,0.7223211564,Plein jour,En agglomération,Hors intersection,Normale,Trois véhicules et plus - en chaîne,4,2,2,0,1,1,1,0,1,50,,4,3,0,0,1,52.0,34.0,,,1,2,1,1,4
202100016170,2021-09-28 17:35:00,2021,9,28,17,35,37,37122,GAMARD (RUE),47.3500665339,0.6628820235,Plein jour,En agglomération,Hors intersection,Normale,Autre collision,4,2,2,3,1,1,1,0,1,50,,2,1,0,0,1,23.0,,,,1,2,1,1,6
202100016171,2021-09-28 07:25:00,2021,9,28,7,25,37,37261,MONTJOYEUX (AVENUE),47.3605698107,0.7053723449,Plein jour,En agglomération,Hors intersection,Normale,Autre collision,4,2,2,0,1,2,1,5,1,50,,2,1,0,0,1,22.0,64.0,,,1,2,1,1,6
202100016172,2021-09-28 08:50:00,2021,9,28,8,50,37,37233,Quai de la Loire,47.3967454895,0.7221452594,Plein jour,En agglomération,Hors intersection,Normale,Autre collision,4,2,2,0,1,1,1,0,1,50,,2,1,0,1,0,40.0,25.0,,,1,2,1,1,6
202100016173,2021-09-28 07:55:00,2021,9,28,7,55,37,37261,EUROPE (AVENUE DE L'),47.4236709681,0.6930945106,Plein jour,En agglomération,Intersection en X,Normale,Autre collision,4,4,4,0,1,2,1,5,1,50,,2,1,0,0,1,48.0,78.0,,,1,2,2,1,6
202100016174,2021-09-24 17:15:00,2021,9,24,17,15,35,35241,D168,48.614,-2.03528,Plein jour,En agglomération,Hors intersection,Temps éblouissant,Autre collision,3,1,2,0,2,1,1,3,1,50,,2,1,1,0,0,70.0,30.0,,,1,2,1,7,6
202100016175,2021-09-29 12:15:00,2021,9,29,12,15,35,35238,PORTUGAL (BD DU),48.08373,-1.669999,Plein jour,En agglomération,Hors intersection,Normale,Autre collision,4,3,2,0,1,1,1,0,1,50,,2,1,0,0,1,41.0,,,,1,2,1,1,6
202100016176,2021-09-28 16:00:00,2021,9,28,16,0,35,35238,LIBERTE (BD DE LA),48.10837,-1.6836,Plein jour,En agglomération,Hors intersection,Normale,Trois véhicules et plus - en chaîne,4,3,4,3,1,1,2,0,1,30,,3,2,0,0,1,28.0,33.0,,,1,2,1,1,4
202100016177,2021-09-28 14:20:00,2021,9,28,14,20,35,35238,8 MAI 1945 (SQUARE DU),48.13553,-1.65593,Plein jour,En agglomération,Hors intersection,Normale,Autre collision,4,2,2,0,1,1,1,0,8,50,,3,1,0,0,2,6.0,,,,1,2,1,1,6