accident_id,datetime,annee,mois,jour,heure,minute,departement,commune_insee,adresse,latitude,longitude,luminosite,agglomeration,intersection,meteo,collision,catr,circ,nbv,vosp,prof,plan,surf,infra,situ,vma,nb_vehicules,nb_usagers,nb_indemnes,nb_tues,nb_blesses_hosp,nb_blesses_legers,age_cond_1,age_cond_2,veh_type_cond_1,veh_type_cond_2,lum_code,agg_code,int_code,atm_code,col_code
202100016178,2021-09-28 08:45:00,2021,9,28,8,45,35,35281,NICEPHORE NIEPCE (JOSEPH),48.0936,-1.7049,Plein jour,En agglomération,Intersection en T,Normale,Deux véhicules - côté,4,2,2,1,1,1,1,0,1,30,,2,1,0,0,1,26.0,22.0,,,1,2,3,1,3
202100016179,2021-09-20 19:40:00,2021,9,20,19,40,34,34301,ARAGO (RUE),43.4053745349,3.6913077968,Nuit avec éclairage allumé,En agglomération,Autre intersection,Normale,Deux véhicules - côté,4,1,1,0,2,1,1,0,1,30,,3,2,1,0,0,49.0,56.0,,,5,2,9,1,3
202100016180,2021-10-14 08:40:00,2021,10,14,8,40,34,34003,MITTERRAND (K19 A O24,43.30283,3.4862,Plein jour,En agglomération,Hors intersection,Normale,Autre collision,4,3,4,0,1,1,1,0,1,50,,2,1,0,1,0,74.0,,,,1,2,1,1,6
202100016181,2021-09-27 15:05:00,2021,9,27,15,5,34,34003,BELLE-ISLE (I12 A H15,43.28489,3.50249,Plein jour,En agglomération,Hors intersection,Normale,Deux véhicules - côté,4,3,2,0,1,1,1,0,1,50,,2,1,0,1,0,53.0,47.0,,,1,2,1,1,3
202100016182,2021-09-29 16:40:00,2021,9,29,16,40,33,33063,Boulevard George V,44.8259,-0.59022,Plein jour,En agglomération,Hors intersection,Normale,Deux véhicules - côté,4,3,4,3,1,1,1,0,1,50,,2,1,0,1,0,22.0,47.0,,,1,2,1,1,3
202100016183,2021-09-28 22:30:00,2021,9,28,22,30,33,33039,Chemin de Courrejean,44.79051,-0.53535,Nuit avec éclairage allumé,En agglomération,Giratoire,Normale,Deux véhicules - côté,4,1,2,0,1,3,1,0,1,50,,2,1,0,0,1,22.0,43.0,,,5,2,6,1,3
202100016184,2021-09-28 11:30:00,2021,9,28,11,30,33,33550,Route de Léognan,44.76569,-0.58007,Plein jour,En agglomération,Giratoire,Normale,Deux véhicules - arrière,4,2,2,0,1,1,1,0,1,50,,2,1,0,0,1,76.0,59.0,,,1,2,6,1,2
202100016185,2021-09-28 02:45:00,2021,9,28,2,45,33,33522,Avenue du Haut-Brion,44.81235,-0.60632,Nuit sans éclairage public,En agglomération,Hors intersection,Normale,Autre collision,4,2,2,1,1,3,1,0,3,50,,1,0,0,1,0,28.0,,,,3,2,1,1,6
202100016186,2021-09-27 19:00:00,2021,9,27,19,0,33,33063,Place Ferdinand Buisson,44.82378,-0.5514,Plein jour,En agglomération,Place,Normale,Autre collision,4,1,1,0,1,1,1,0,1,30,,2,1,0,0,1,22.0,,,,1,2,7,1,6
202100016187,2021-09-27 08:50:00,2021,9,27,8,50,33,33249,AVE DE PARIS,44.86906,-0.51233,Plein jour,En agglomération,Intersection en T,Normale,Deux véhicules - côté,4,3,2,1,2,1,1,0,1,50,,2,1,0,0,1,28.0,28.0,,,1,2,3,1,3
202100016188,2021-09-28 10:10:00,2021,9,28,10,10,33,33529,Avenue de l’Europe,44.616648,-1.113405,Plein jour,Hors agglomération,Intersection en X,Normale,Deux véhicules - arrière,4,2,2,0,1,1,1,0,1,50,,2,1,0,0,1,67.0,41.0,,,1,1,2,1,2
202100016189,2021-09-29 19:30:00,2021,9,29,19,30,31,31069,ARAGON (AV LOUIS),43.64389,1.37911,Nuit avec éclairage allumé,En agglomération,Hors intersection,Normale,Autre collision,4,4,2,0,1,2,1,6,4,30,,2,1,0,1,0,21.0,49.0,,,5,2,1,1,6
202100016190,2021-09-29 15:30:00,2021,9,29,15,30,31,31555,AV MAURICE HAURIOU,43.59351,1.4425,Plein jour,En agglomération,Intersection en T,Normale,Deux véhicules - côté,4,2,2,0,1,1,1,5,1,50,,2,1,0,0,1,44.0,18.0,,,1,2,3,1,3
202100016191,2021-09-28 23:00:00,2021,9,28,23,0,31,31555,BD DE SUISSE,43.6217,1.42497,Nuit avec éclairage allumé,En agglomération,Hors intersection,Normale,Deux véhicules - côté,4,2,3,0,1,1,1,5,1,50,,2,1,0,1,0,24.0,53.0,,,5,2,1,1,3
202100016192,2021-09-28 20:30:00,2021,9,28,20,30,31,31555,BD DE STRASBOURG,43.6105238941,1.4436181962,Nuit avec éclairage allumé,En agglomération,Hors intersection,Normale,Deux véhicules - côté,4,2,5,0,1,1,1,0,1,50,,3,0,0,2,1,48.0,43.0,,,5,2,1,1,3
202100016193,2021-09-28 21:40:00,2021,9,28,21,40,31,31555,AV PAUL SEJOURNE,43.60672,1.42821,Nuit avec éclairage allumé,En agglomération,Hors intersection,Normale,Autre collision,4,3,4,0,1,1,1,2,1,50,,1,0,0,1,0,40.0,,,,5,2,1,1,6
202100016194,2021-09-28 10:00:00,2021,9,28,10,0,31,31555,RUE DU COLONEL TOUSSAINT,43.61956,1.45741,Plein jour,En agglomération,Hors intersection,Normale,Sans collision,4,1,1,0,2,1,1,0,1,30,,1,0,0,1,0,53.0,,,,1,2,1,1,7
202100016195,2021-09-29 09:50:00,2021,9,29,9,50,30,30028,QUARTIER (IMPASSE DU),44.15926,4.6264,Plein jour,En agglomération,Autre intersection,Normale,Autre collision,4,1,0,0,1,1,1,0,1,50,,2,1,0,0,1,74.0,,,,1,2,9,1,6
202100016196,2021-09-28 15:00:00,2021,9,28,15,0,29,29232,D783 - Boulevard d' Ergué Armel,47.98772202,-4.074452519,Plein jour,Hors agglomération,Hors intersection,Normale,Autre collision,3,3,4,0,2,1,2,0,1,70,,3,0,0,0,3,20.0,,,,1,1,1,1,6
202100016197,2021-09-28 10:57:00,2021,9,28,10,57,29,29232,D365 - Avenue du Morbihan,47.97874,-4.0495,Plein jour,Hors agglomération,Hors intersection,Normale,Deux véhicules - arrière,3,3,4,0,1,1,1,0,2,110,,2,0,0,2,0,20.0,53.0,,,1,1,1,1,2
202100016198,2021-09-27 10:00:00,2021,9,27,10,0,29,29232,Rue de Stang Bihan,48.01076,-4.09791,Plein jour,En agglomération,Hors intersection,Normale,Autre collision,4,2,2,0,1,1,1,0,1,50,,2,1,0,1,0,57.0,,,,1,2,1,1,6
202100016199,2021-09-28 07:45:00,2021,9,28,7,45,29,29039,Rond point de la Villeneuve,47.8946069454,-3.9141100787,Crépuscule ou aube,Hors agglomération,Hors intersection,Normale,Trois véhicules et plus - en chaîne,3,1,1,0,2,3,1,5,1,70,,3,2,0,0,1,36.0,55.0,,,2,1,1,1,4
202100016200,2021-09-28 18:03:00,2021,9,28,18,3,29,29019,TROUDE AMIRAL,48.3871583554,-4.4736586677,Plein jour,En agglomération,Intersection en T,Pluie forte,Deux véhicules - côté,4,2,2,0,1,1,2,0,1,50,,2,1,0,0,1,32.0,45.0,,,1,2,3,3,3
202100016201,2021-09-29 18:50:00,2021,9,29,18,50,25,25056,DOLE RUE DE (sup 200),47.22367,5.96746,Crépuscule ou aube,En agglomération,Hors intersection,Pluie légère,Deux véhicules - arrière,3,2,4,0,1,1,2,0,1,50,,2,1,0,0,1,37.0,34.0,,,2,2,1,2,2
202100016202,2021-09-28 18:05:00,2021,9,28,18,5,25,25056,MONTRAPON AVENUE DE,47.24646,6.00846,Crépuscule ou aube,En agglomération,Intersection en T,Normale,Deux véhicules - arrière,4,2,2,0,2,1,1,5,1,50,,2,1,0,0,1,54.0,19.0,,,2,2,3,1,2
202100016203,2021-09-28 08:20:00,2021,9,28,8,20,25,25056,CHURCHILL BD WINSTON (sup19),47.25027,6.00515,Plein jour,En agglomération,Intersection en X,Normale,Autre collision,4,2,4,0,1,1,1,0,1,50,,2,1,0,0,1,55.0,,,,1,2,2,1,6
202100016204,2021-09-28 17:50:00,2021,9,28,17,50,24,24037,LECLERC (RUE GENERAL),44.84347,0.47642,Plein jour,En agglomération,Hors intersection,Temps couvert,Deux véhicules - arrière,4,2,2,0,1,1,1,0,1,30,,2,1,0,1,0,59.0,15.0,,,1,2,1,8,2
202100016205,2021-09-28 08:34:00,2021,9,28,8,34,22,22215,MAUPASSANT (Rue Guy de),48.49675,-2.76873,Plein jour,Hors agglomération,Hors intersection,Normale,Deux véhicules - arrière,3,2,2,0,1,1,1,0,1,50,,4,1,0,0,3,51.0,20.0,,,1,1,1,1,2
202100016206,2021-09-28 08:05:00,2021,9,28,8,5,22,22106,BREST (RUE DE),48.49481,-2.71499,Plein jour,En agglomération,Hors intersection,Normale,Deux véhicules - frontale,3,2,2,0,1,1,1,0,1,50,,2,1,0,0,1,37.0,17.0,,,1,2,1,1,1
202100016207,2021-09-23 17:20:00,2021,9,23,17,20,22,22278,HERAULT (BD),48.5180199045,-2.7549068094,Plein jour,En agglomération,Hors intersection,Normale,Deux véhicules - frontale,4,2,2,0,1,1,1,9,1,50,,2,1,0,0,1,56.0,,,,1,2,1,1,1
202100016208,2021-09-28 16:00:00,2021,9,28,16,0,17,17291,N11,46.17315,-1.1168,Plein jour,Hors agglomération,Hors intersection,Normale,Trois véhicules et plus - en chaîne,2,2,4,0,1,1,1,0,1,50,,3,2,0,0,1,54.0,49.0,,,1,1,1,1,4
202100016209,2021-09-28 14:19:00,2021,9,28,14,19,17,17300,DURAND  QUAI LOUIS,46.1586,-1.14825,Plein jour,En agglomération,Hors intersection,Normale,Autre collision,4,-1,1,0,1,1,1,0,1,30,,2,1,0,0,1,19.0,,,,1,2,1,1,6
202100016210,2021-09-27 14:40:00,2021,9,27,14,40,17,17300,GUITON   AVENUE JEAN (167-341),46.16036,-1.19251,Plein jour,En agglomération,Hors intersection,Normale,Deux véhicules - côté,4,2,2,0,1,1,1,0,1,50,,2,1,0,1,0,80.0,47.0,,,1,2,1,1,3
202100016211,2021-09-27 09:42:00,2021,9,27,9,42,17,17274,PASCAL   RUE BLAISE,46.15852,-1.1131,Plein jour,En agglomération,Intersection en T,Autre,Deux véhicules - côté,4,2,2,1,1,1,2,0,1,30,,2,1,0,1,0,51.0,51.0,,,1,2,3,9,3
202100016212,2021-09-28 16:15:00,2021,9,28,16,15,14,14437,CALMETTE (RUE),49.18101,-0.31668,Plein jour,En agglomération,Hors intersection,Temps couvert,Autre collision,4,3,2,0,1,4,1,9,1,50,,3,2,0,0,1,74.0,42.0,,,1,2,1,8,6
202100016213,2021-09-28 12:55:00,2021,9,28,12,55,14,14437,Chemin de la Cavée,49.169665,-0.321755,Plein jour,En agglomération,Hors intersection,Normale,Autre collision,4,-1,2,0,1,1,1,0,1,50,,1,0,0,0,1,36.0,,,,1,2,1,1,6
202100016214,2021-09-28 12:50:00,2021,9,28,12,50,14,14118,MARIE (RUE ARMAND),49.16302,-0.35824,Plein jour,En agglomération,Intersection en T,Normale,Deux véhicules - côté,4,2,2,1,1,1,1,0,1,50,,2,1,0,0,1,37.0,19.0,,,1,2,3,1,3
202100016215,2021-09-27 22:37:00,2021,9,27,22,37,14,14566,D126,49.20073,-0.39837,Nuit avec éclairage allumé,En agglomération,Hors intersection,Normale,Autre collision,3,2,2,0,1,1,1,0,3,50,,1,0,0,0,1,38.0,,,,5,2,1,1,6
202100016216,2021-09-29 15:00:00,2021,9,29,15,0,13,13202,CARGO RHIN FIDELI (RUE),43.32693,5.35655,Plein jour,En agglomération,Intersection en T,Normale,Deux véhicules - côté,7,2,4,0,2,4,1,3,1,50,,3,1,0,0,2,22.0,,,,1,2,3,1,3
202100016217,2021-09-28 14:00:00,2021,9,28,14,0,13,13208,PRADO (AVENUE DU),43.2695315236,5.3863810866,Plein jour,En agglomération,Autre intersection,Normale,Autre collision,4,1,1,0,1,1,1,0,1,50,,2,1,0,0,1,23.0,,,,1,2,9,1,6
202100016218,2021-09-28 09:20:00,2021,9,28,9,20,13,13208,HAMBOURG (BOULEVARD),43.2495844925,5.3900544299,Plein jour,En agglomération,Hors intersection,Temps éblouissant,Autre collision,4,3,4,0,1,1,1,0,1,50,,2,1,0,0,1,63.0,,,,1,2,1,7,6
202100016219,2021-09-28 08:40:00,2021,9,28,8,40,13,13210,VALLON DE TOULOUSE (RUE),43.266,5.41999,Plein jour,En agglomération,Hors intersection,Normale,Autre collision,4,1,2,1,1,1,1,0,1,50,,2,1,0,0,1,,68.0,,,1,2,1,1,6
202100016220,2021-09-27 09:45:00,2021,9,27,9,45,13,13212,24 AVRIL 15 (AVENUE DU),43.3,5.43,Plein jour,En agglomération,Intersection en T,Normale,Deux véhicules - côté,4,2,2,0,2,1,1,0,1,50,,2,1,0,1,0,19.0,66.0,,,1,2,3,1,3
202100016221,2021-08-05 19:50:00,2021,8,5,19,50,13,13063,D 10,43.5787929288,5.0047607453,Plein jour,Hors agglomération,Hors intersection,Normale,Deux véhicules - côté,7,2,2,0,1,1,1,0,1,80,,3,2,0,0,1,72.0,20.0,,,1,1,1,1,3
202100016222,2021-09-27 08:50:00,2021,9,27,8,50,13,13001,CARDINALE (RUE),43.5253954396,5.4509483732,Plein jour,En agglomération,Intersection en X,Normale,Deux véhicules - côté,4,1,2,1,1,1,1,0,1,30,,2,1,0,0,1,38.0,22.0,,,1,2,2,1,3
202100016223,2021-09-28 21:25:00,2021,9,28,21,25,06,06083,"SOSPEL (AVENUE DE, N° 1 A 55)",43.77933,7.49359,Nuit avec éclairage allumé,En agglomération,Intersection en T,Normale,Deux véhicules - côté,4,3,2,0,2,1,1,0,1,50,,2,1,0,0,1,56.0,20.0,,,5,2,3,1,3
202100016224,2021-09-29 08:10:00,2021,9,29,8,10,06,06069,SAINT MATHIEU (ROUTE ET PLACE),43.660015,6.950599,Plein jour,Hors agglomération,Hors intersection,Normale,Deux véhicules - côté,3,2,2,0,2,1,1,0,1,50,,3,1,0,0,2,18.0,43.0,,,1,1,1,1,3
202100016225,2021-09-29 17:45:00,2021,9,29,17,45,06,06027,GRASSE AVENUE DE,43.658378,7.141399,Plein jour,En agglomération,Intersection en T,Normale,Deux véhicules - côté,7,2,2,0,1,1,1,0,1,50,,2,1,0,0,1,56.0,17.0,,,1,2,3,1,3
202100016226,2021-09-28 12:17:00,2021,9,28,12,17,05,05061,FAUVINS ( ROUTE  DES ),44.5641,6.09349,Plein jour,En agglomération,Giratoire,Temps éblouissant,Deux véhicules - côté,4,1,1,0,1,2,1,0,1,50,,2,1,0,0,1,51.0,49.0,,,1,2,6,7,3
202100016227,2021-09-28 08:15:00,2021,9,28,8,15,05,05061,GEORGES POMPIDOU ( BD),44.55913,6.0838,Plein jour,En agglomération,Hors intersection,Normale,Deux véhicules - arrière,4,2,3,0,1,1,1,0,1,50,,3,1,0,0,2,46.0,22.0,,,1,2,1,1,2
202100016228,2021-09-27 17:05:00,2021,9,27,17,5,05,05061,LUYE ( ROUTE DE LA ),44.51014,6.06805,Plein jour,Hors agglomération,Hors intersection,Normale,Sans collision,3,2,2,0,1,1,1,0,1,80,,1,0,0,0,1,69.0,,,,1,1,1,1,7
202100016229,2021-09-28 16:15:00,2021,9,28,16,15,05,05023,PETSCHE (AVENUE MAURICE),44.89577,6.63261,Plein jour,En agglomération,Hors intersection,Normale,Autre collision,3,2,2,0,1,1,1,0,1,50,,2,1,0,0,1,65.0,,,,1,2,1,1,6
202100016230,2021-09-27 18:15:00,2021,9,27,18,15,04,04112,RD 4096 (Av frederic Mistral),43.8241282804,5.7876686306,Plein jour,En agglomération,Hors intersection,Normale,Deux véhicules - côté,3,2,2,0,1,1,1,0,1,50,,4,2,0,0,2,34.0,38.0,,,1,2,1,1,3
202100016231,2021-09-28 19:45:00,2021,9,28,19,45,03,03094,INDUSTRIE (RUE DE L'),46.15436,3.41082,Crépuscule ou aube,Hors agglomération,Hors intersection,Normale,Autre collision,3,2,2,0,2,1,1,0,3,50,,1,0,0,1,0,37.0,,,,2,1,1,1,6
202100016232,2021-09-28 17:35:00,2021,9,28,17,35,01,01053,VICAIRE (RUE GABRIEL),46.20793,5.22375,Plein jour,En agglomération,Intersection en Y,Normale,Autre collision,4,1,1,1,2,1,1,9,1,50,,2,1,0,1,0,55.0,19.0,,,1,2,4,1,6
202100016233,2021-09-27 14:40:00,2021,9,27,14,40,01,01053,DE GAULLE ( BD GAL) PAIR,46.20352,5.242581,Plein jour,En agglomération,Intersection en X,Normale,Trois véhicules et plus - collisions multiples,3,2,6,0,2,1,1,0,1,50,,6,3,0,0,3,69.0,47.0,,,1,2,2,1,5
202100016234,2021-09-29 10:40:00,2021,9,29,10,40,75,75114,BD PERIPHERIQUE EXTERIEUR,48.8193200683,2.3286869919,Plein jour,En agglomération,Intersection en Y,Normale,Deux véhicules - côté,4,1,3,0,1,1,1,0,1,70,,2,1,0,0,1,46.0,44.0,,,1,2,4,1,3
202100016235,2021-09-28 09:10:00,2021,9,28,9,10,75,75116,BD PERIPHERIQUE INTERIEUR,48.867343,2.269366,Plein jour,En agglomération,Hors intersection,Normale,Trois véhicules et plus - en chaîne,4,1,4,0,1,1,1,0,1,70,,5,2,0,0,3,30.0,30.0,,,1,2,1,1,4
202100016236,2021-09-28 06:45:00,2021,9,28,6,45,75,75118,ECHANGEUR CHAPELLE,48.9003664709,2.3577470484,Crépuscule ou aube,En agglomération,Intersection en Y,Normale,Deux véhicules - côté,4,1,4,0,1,1,1,0,1,50,,2,1,0,0,1,47.0,55.0,,,2,2,4,1,3
202100016237,2021-09-29 18:30:00,2021,9,29,18,30,75,75106,RUE DE RENNES,48.84626,2.326175,Plein jour,En agglomération,Hors intersection,Temps couvert,Deux véhicules - arrière,4,2,4,0,1,1,1,0,1,30,,3,2,0,0,1,34.0,46.0,,,1,2,1,8,2
202100016238,2021-09-29 07:50:00,2021,9,29,7,50,75,75105,BOULEVARD SAINT MARCEL,48.838074,2.355924,Plein jour,En agglomération,Intersection en X,Pluie légère,Autre collision,4,2,4,0,1,1,2,0,1,30,,2,0,0,0,2,27.0,,,,1,2,2,2,6
202100016239,2021-09-29 08:30:00,2021,9,29,8,30,75,75120,BOULEVARD MORTIER,48.867934,2.409004,Plein jour,En agglomération,Intersection en X,Normale,Deux véhicules - côté,4,3,2,1,1,1,1,0,5,50,,2,1,0,0,1,26.0,26.0,,,1,2,2,1,3
202100016240,2021-09-29 17:54:00,2021,9,29,17,54,75,75118,BOULEVARD ORNANO,48.892327,2.349073,Plein jour,En agglomération,Intersection en Y,Normale,Autre collision,4,2,4,0,1,1,1,0,1,50,,2,1,0,1,0,29.0,,,,1,2,4,1,6
202100016241,2021-09-29 09:03:00,2021,9,29,9,3,75,75118,PLACE DE CLICHY,48.8836707843,2.3273608223,Plein jour,En agglomération,Place,Temps couvert,Trois véhicules et plus - en chaîne,4,1,3,3,1,3,2,0,6,30,,3,2,0,0,1,27.0,52.0,,,1,2,7,8,4
202100016242,2021-09-29 14:55:00,2021,9,29,14,55,75,75118,AVENUE DE SAINT OUEN,48.8958836125,2.3284120508,Plein jour,En agglomération,Intersection en T,Temps couvert,Autre collision,4,2,5,1,2,1,2,0,5,30,,2,0,0,0,2,33.0,,,,1,2,3,8,6
202100016243,2021-09-29 22:15:00,2021,9,29,22,15,75,75114,AVENUE DU GENERAL LECLERC,48.8304372775,2.3291287231,Nuit avec éclairage allumé,En agglomération,Hors intersection,Normale,Deux véhicules - côté,4,2,2,3,1,1,1,0,6,50,,2,1,0,0,1,32.0,22.0,,,5,2,1,1,3
202100016244,2021-09-29 11:45:00,2021,9,29,11,45,75,75114,AVENUE JEAN MOULIN,48.826759,2.324314,Plein jour,En agglomération,Intersection en T,Normale,Deux véhicules - arrière,4,1,2,0,1,1,1,0,1,30,,2,1,0,0,1,48.0,28.0,,,1,2,3,1,2
202100016245,2021-09-29 17:44:00,2021,9,29,17,44,75,75113,BOULEVARD DU GENERAL JEAN SIMON,48.827026,2.385419,Plein jour,En agglomération,Hors intersection,Normale,Deux véhicules - côté,4,3,5,0,1,1,1,0,1,50,,2,1,0,0,1,22.0,20.0,,,1,2,1,1,3
202100016246,2021-09-29 12:53:00,2021,9,29,12,53,75,75113,PLACE ABBE GEORGES HENOCQUE,48.8239523259,2.3535811549,Plein jour,En agglomération,Place,Normale,Deux véhicules - côté,4,1,1,0,2,1,1,0,1,30,,2,1,0,0,1,,16.0,,,1,2,7,1,3
202100016247,2021-09-28 19:05:00,2021,9,28,19,5,75,75113,QUAI DE LA GARE,48.8356792795,2.3753664827,Crépuscule ou aube,En agglomération,Intersection en T,Normale,Deux véhicules - côté,4,2,4,1,1,1,1,0,5,30,,2,1,0,0,1,,28.0,,,2,2,3,1,3
202100016248,2021-09-29 02:34:00,2021,9,29,2,34,75,75103,BOULEVARD DE SEBASTOPOL,48.86936,2.35428,Nuit avec éclairage allumé,En agglomération,Intersection en X,Normale,Deux véhicules - côté,4,2,5,1,1,1,1,0,5,30,,3,2,0,0,1,23.0,23.0,,,5,2,2,1,3
202100016249,2021-09-28 23:34:00,2021,9,28,23,34,75,75108,AVENUE FRANKLIN D ROOSEVELT,48.8695622255,2.310078759,Nuit avec éclairage allumé,En agglomération,Hors intersection,Normale,Deux véhicules - côté,4,2,3,3,1,1,1,0,6,30,,2,1,0,0,1,38.0,40.0,,,5,2,1,1,3
202100016250,2021-09-29 09:00:00,2021,9,29,9,0,75,75107,BOULEVARD SAINT GERMAIN,48.858507,2.323118,Plein jour,En agglomération,Intersection en X,Normale,Deux véhicules - arrière,4,2,4,0,1,1,1,0,1,30,,2,1,0,0,1,55.0,23.0,,,1,2,2,1,2
202100016251,2021-09-29 11:40:00,2021,9,29,11,40,75,75103,BOULEVARD SAINT DENIS,48.869332,2.354263,Plein jour,En agglomération,Intersection en X,Normale,Deux véhicules - côté,4,2,4,0,1,1,1,0,1,30,,2,1,0,0,1,34.0,40.0,,,1,2,2,1,3
202100016252,2021-09-29 10:40:00,2021,9,29,10,40,75,75104,BOULEVARD BEAUMARCHAIS,48.8548154171,2.3687320498,Plein jour,En agglomération,Intersection en T,Normale,Deux véhicules - côté,4,2,5,0,1,1,1,0,1,50,,2,1,0,0,1,29.0,38.0,,,1,2,3,1,3
202100016253,2021-09-29 19:45:00,2021,9,29,19,45,94,94076,Avenue de Paris,48.801555,2.364934,Nuit avec éclairage allumé,En agglomération,Hors intersection,Normale,Deux véhicules - frontale,3,3,0,0,1,1,1,0,1,50,,2,1,0,0,1,29.0,35.0,,,5,2,1,1,1
202100016254,2021-09-27 18:35:00,2021,9,27,18,35,94,94041,Boulevard de Stalingrad,48.80541,2.3764,Crépuscule ou aube,En agglomération,Hors intersection,Normale,Deux véhicules - côté,3,3,4,0,1,1,1,0,5,50,,2,1,0,0,1,39.0,24.0,,,2,2,1,1,3
202100016255,2021-09-29 14:50:00,2021,9,29,14,50,94,94021,STALINGRAD (AV DE),48.76895,2.36779,Plein jour,En agglomération,Intersection à plus de 4 branches,Normale,Autre collision,3,-1,2,0,1,1,1,5,4,50,,1,0,0,0,1,48.0,,,,1,2,5,1,6
202100016256,2021-09-28 10:45:00,2021,9,28,10,45,94,94022,Rue Carnot,48.766199,2.408583,Plein jour,En agglomération,Hors intersection,Normale,Autre collision,4,-1,1,0,1,1,1,0,1,30,,2,1,0,0,1,21.0,,,,1,2,1,1,6
202100016257,2021-09-27 08:13:00,2021,9,27,8,13,94,94059,Avenue Maurice Berteaux,48.8145,2.56463,Plein jour,En agglomération,Hors intersection,Normale,Autre collision,3,2,-1,0,1,1,1,0,1,50,,2,1,0,0,1,34.0,,,,1,2,1,1,6
202100016258,2021-09-29 10:30:00,2021,9,29,10,30,93,93048,Boulevard Henri Barbusse,48.86836,2.44151,Plein jour,En agglomération,Hors intersection,Normale,Autre collision,3,2,2,1,1,1,1,6,1,30,,4,1,0,0,3,74.0,,,,1,2,1,1,6
202100016259,2021-09-29 08:45:00,2021,9,29,8,45,93,93048,Boulevard Aristide Briand / Rue de Romainville,48.86826,2.44699,Plein jour,En agglomération,Intersection à plus de 4 branches,Pluie légère,Deux véhicules - arrière,3,2,2,1,1,1,2,0,1,30,,2,1,0,0,1,,15.0,,,1,2,5,2,2
202100016260,2021-09-29 08:05:00,2021,9,29,8,5,93,93048,Rue de Rosny / Boulevard de la Boissière,48.87115,2.47085,Plein jour,En agglomération,Intersection en X,Pluie légère,Deux véhicules - côté,3,2,2,0,1,1,2,0,1,30,,2,1,0,0,1,27.0,49.0,,,1,2,2,2,3
202100016261,2021-09-29 18:00:00,2021,9,29,18,0,93,93029,HENRI LANGLOIS,48.9130025818,2.4501415991,Plein jour,En agglomération,Hors intersection,Normale,Deux véhicules - frontale,4,2,2,0,1,1,1,9,1,50,,2,1,0,0,1,16.0,22.0,,,1,2,1,1,1
202100016262,2021-09-25 19:45:00,2021,9,25,19,45,92,92077,RONCE (RUE DE LA),48.8240298742,2.1973601729,Nuit avec éclairage allumé,En agglomération,Intersection en Y,Pluie légère,Autre collision,4,2,2,0,2,3,2,0,4,50,,2,0,0,0,2,59.0,,,,5,2,4,2,6
202100016263,2021-09-28 08:30:00,2021,9,28,8,30,92,92048,LE CORBEILLER (AVENUE) N° 1 A 45,48.8130624041,2.2402973231,Plein jour,En agglomération,Intersection en X,Normale,Trois véhicules et plus - collisions multiples,4,4,2,0,1,1,1,0,1,30,,3,2,0,0,1,45.0,22.0,,,1,2,2,1,5
202100016264,2021-09-29 08:00:00,2021,9,29,8,0,92,92035,Verdun 1916 ( avenue de ),48.9044458283,2.2324924171,Plein jour,En agglomération,Intersection en X,Temps couvert,Sans collision,3,2,4,0,1,1,2,9,1,50,,1,0,0,0,1,55.0,,,,1,2,2,8,7
202100016265,2021-09-27 00:10:00,2021,9,27,0,10,92,92025,HENRI BARBUSSE (AV),48.9169593938,2.2527064415,Nuit avec éclairage allumé,En agglomération,Hors intersection,Normale,Deux véhicules - côté,3,2,2,0,1,1,1,0,1,50,,4,3,0,0,1,21.0,20.0,,,5,2,1,1,3
202100016266,2021-09-26 20:20:00,2021,9,26,20,20,92,92025,CHARLES DE GAULLE (BD),48.9104281091,2.2347065806,Crépuscule ou aube,En agglomération,Intersection en T,Normale,Autre collision,3,2,4,3,1,1,1,4,1,50,,2,1,0,0,1,30.0,,,,2,2,3,1,6
202100016267,2021-09-28 17:20:00,2021,9,28,17,20,92,92025,BOURNARD (RUE DU),48.9231025819,2.2540453076,Plein jour,En agglomération,Intersection en T,Normale,Autre collision,3,2,2,3,1,1,1,9,6,50,,2,1,0,0,1,22.0,,,,1,2,3,1,6
202100016268,2021-09-29 19:40:00,2021,9,29,19,40,92,92024,MOZART (RUE),48.904049711,2.318791151,Nuit avec éclairage allumé,En agglomération,Hors intersection,Normale,Deux véhicules - frontale,4,-1,1,0,1,1,1,0,8,30,,2,1,0,0,1,35.0,,,,5,2,1,1,1
202100016269,2021-09-29 04:40:00,2021,9,29,4,40,92,92064,DAILLY,48.84365,2.21738,Nuit avec éclairage allumé,En agglomération,Hors intersection,Pluie légère,Autre collision,3,2,2,0,2,2,2,0,1,50,,4,1,0,0,3,27.0,,,,5,2,1,2,6
202100016270,2021-09-29 20:35:00,2021,9,29,20,35,92,92049,DORMOY (AVENUE MARX),48.80965,2.32538,Nuit avec éclairage allumé,En agglomération,Hors intersection,Normale,Deux véhicules - côté,3,2,4,1,1,1,1,0,1,50,,2,1,0,0,1,35.0,50.0,,,5,2,1,1,3
202100016271,2021-09-29 14:05:00,2021,9,29,14,5,92,92007,PASTEUR (AVENUE LOUIS) AUTRES NUMEROS,48.8026269035,2.3189802468,Plein jour,En agglomération,Hors intersection,Normale,Deux véhicules - côté,4,2,2,0,1,1,1,0,1,50,,2,1,0,0,1,17.0,39.0,,,1,2,1,1,3
202100016272,2021-09-30 08:00:00,2021,9,30,8,0,2A,2A189,RT 40 station essence TOTAL,41.684649,8.920845,Plein jour,Hors agglomération,Hors intersection,Normale,Deux véhicules - côté,2,2,2,0,1,1,1,0,1,70,,2,1,0,0,1,69.0,23.0,,,1,1,1,1,3