accident_id,datetime,annee,mois,jour,heure,minute,departement,commune_insee,adresse,latitude,longitude,luminosite,agglomeration,intersection,meteo,collision,catr,circ,nbv,vosp,prof,plan,surf,infra,situ,vma,nb_vehicules,nb_usagers,nb_indemnes,nb_tues,nb_blesses_hosp,nb_blesses_legers,age_cond_1,age_cond_2,veh_type_cond_1,veh_type_cond_2,lum_code,agg_code,int_code,atm_code,col_code
202100016273,2021-09-30 08:25:00,2021,9,30,8,25,35,35125,3 RUE DU PONCEAU,47.949286,-1.231633,Plein jour,En agglomération,Hors intersection,Normale,Autre collision,4,2,2,0,1,1,1,0,1,50,,2,1,0,1,0,22.0,,,,1,2,1,1,6
202100016274,2021-09-29 16:30:00,2021,9,29,16,30,84,84037,D17,44.042694,4.849509,Plein jour,Hors agglomération,Autre intersection,Normale,Deux véhicules - frontale,3,2,2,0,1,1,1,0,1,80,,4,1,0,2,1,69.0,37.0,,,1,1,9,1,1
202100016275,2021-09-26 17:40:00,2021,9,26,17,40,62,62652,Rue de Lillers,50.483808,2.414659,Plein jour,En agglomération,Intersection en T,Normale,Autre collision,3,2,2,0,2,3,1,0,1,50,,2,1,0,1,0,59.0,,,,1,2,3,1,6
202100016276,2021-09-29 14:30:00,2021,9,29,14,30,83,83057,Dn7,43.382065,6.184171,Plein jour,Hors agglomération,Hors intersection,Normale,Autre collision,3,3,2,0,1,1,1,0,1,110,,3,2,0,1,0,42.0,55.0,,,1,1,1,1,6
202100016277,2021-09-26 13:22:00,2021,9,26,13,22,19,19174,D113e2,45.196963,1.973253,Plein jour,Hors agglomération,Hors intersection,Normale,Sans collision,3,2,2,0,2,3,1,0,3,90,,1,0,0,1,0,71.0,,,,1,1,1,1,7
202100016278,2021-09-29 12:00:00,2021,9,29,12,0,19,19070,LIEU DIT LA BARRIERE,45.432371,2.086372,Plein jour,Hors agglomération,Hors intersection,Pluie légère,Deux véhicules - frontale,3,2,3,0,2,2,2,0,1,90,,3,1,0,2,0,19.0,90.0,,,1,1,1,2,1
202100016279,2021-09-29 16:00:00,2021,9,29,16,0,56,56236,La Belle Etoile,47.916344,-2.524353,Plein jour,Hors agglomération,Intersection en X,Normale,Deux véhicules - côté,3,2,2,0,1,1,1,0,1,80,,3,2,0,0,1,86.0,55.0,,,1,1,2,1,3
202100016280,2021-09-29 16:30:00,2021,9,29,16,30,56,56070,Le Petit Rouvran,47.916047,-2.527927,Plein jour,Hors agglomération,Intersection en T,Normale,Deux véhicules - côté,3,2,2,0,1,2,1,0,1,70,,2,1,0,1,0,52.0,70.0,,,1,1,3,1,3
202100016281,2021-09-29 11:45:00,2021,9,29,11,45,56,56094,Lieu Dit Branjouan,47.774817,-3.235779,Plein jour,Hors agglomération,Hors intersection,Normale,Deux véhicules - frontale,4,2,2,0,1,2,1,0,1,50,,2,0,0,0,2,51.0,85.0,,,1,1,1,1,1
202100016282,2021-09-30 17:20:00,2021,9,30,17,20,80,80422,D1001,50.172183,1.810222,Plein jour,Hors agglomération,Hors intersection,Normale,Deux véhicules - frontale,3,2,2,0,1,1,1,0,1,80,,2,0,0,1,1,82.0,32.0,,,1,1,1,1,1
202100016283,2021-09-28 16:30:00,2021,9,28,16,30,80,80553,D11,49.988028,2.367489,Plein jour,Hors agglomération,Intersection en X,Normale,Deux véhicules - côté,3,2,2,0,4,1,1,5,1,80,,3,2,0,0,1,74.0,76.0,,,1,1,2,1,3
202100016284,2021-09-30 00:30:00,2021,9,30,0,30,33,33236,86 route de bordeaux,44.723667,-1.203459,Nuit avec éclairage allumé,En agglomération,Hors intersection,Normale,Autre collision,3,2,2,0,1,1,1,0,4,30,,2,1,0,1,0,21.0,,,,5,2,1,1,6
202100016285,2021-09-30 17:20:00,2021,9,30,17,20,63,63350,RD 212,45.721993,3.266566,Plein jour,Hors agglomération,Intersection en T,Normale,Trois véhicules et plus - en chaîne,3,2,2,0,1,1,1,0,1,80,,5,1,0,1,3,57.0,59.0,,,1,1,3,1,4
202100016286,2021-09-29 12:00:00,2021,9,29,12,0,49,49080,D108,47.698816,-0.459366,Plein jour,Hors agglomération,Hors intersection,Normale,Sans collision,3,2,2,0,1,3,1,0,3,80,,1,0,0,1,0,62.0,,,,1,1,1,1,7
202100016287,2021-09-30 08:30:00,2021,9,30,8,30,39,39327,,46.663339,5.515963,Plein jour,En agglomération,Hors intersection,Temps éblouissant,Deux véhicules - frontale,3,2,2,0,1,1,1,0,1,50,,4,3,0,1,0,35.0,44.0,,,1,2,1,7,1
202100016288,2021-09-11 11:20:00,2021,9,11,11,20,44,44097,Rue de Lozepienne,47.407691,-2.480813,Plein jour,En agglomération,Intersection en T,Normale,Deux véhicules - côté,3,2,2,0,1,1,1,0,1,50,,2,1,0,1,0,71.0,77.0,,,1,2,3,1,3
202100016289,2021-09-29 16:40:00,2021,9,29,16,40,35,35040,Launay Quero,48.136437,-1.938314,Plein jour,Hors agglomération,Autre intersection,Normale,Autre collision,6,-1,-1,0,1,1,1,0,8,-1,,2,1,0,1,0,67.0,,,,1,1,9,1,6
202100016290,2021-09-30 19:20:00,2021,9,30,19,20,26,26204,1770 Route des Noyers,44.630741,5.430931,Crépuscule ou aube,En agglomération,Intersection en T,Normale,Autre collision,3,2,2,0,1,1,1,0,1,50,,3,1,0,0,2,26.0,43.0,,,2,2,3,1,6
202100016291,2021-09-29 23:20:00,2021,9,29,23,20,72,72006,Route du Mans,48.408964,0.089092,Nuit avec éclairage allumé,En agglomération,Hors intersection,Normale,Deux véhicules - côté,3,2,2,0,1,1,1,0,1,50,,2,1,0,0,1,18.0,,,,5,2,1,1,3
202100016292,2021-09-30 08:35:00,2021,9,30,8,35,72,72321,Lieu Dit la Relandiere,48.066541,-0.142795,Plein jour,Hors agglomération,Hors intersection,Normale,Sans collision,4,2,1,0,1,1,1,0,1,80,,1,0,0,1,0,20.0,,,,1,1,1,1,7
202100016293,2021-08-25 01:20:00,2021,8,25,1,20,06,06032,24 avenue Prince Rainier 3,43.72578,7.406891,Nuit avec éclairage allumé,En agglomération,Hors intersection,Normale,Autre collision,7,2,2,0,2,2,1,0,4,50,,1,0,0,0,1,40.0,,,,5,2,1,1,6
202100016294,2021-09-29 15:50:00,2021,9,29,15,50,50,50593,Hameau Es Gendres,49.591543,-1.413465,Plein jour,Hors agglomération,Hors intersection,Normale,Deux véhicules - côté,3,2,2,0,1,1,1,0,1,80,,2,1,0,1,0,42.0,12.0,,,1,1,1,1,3
202100016295,2021-09-29 16:00:00,2021,9,29,16,0,60,60222,D9,49.471129,2.260641,Plein jour,Hors agglomération,Intersection en T,Normale,Deux véhicules - frontale,3,2,2,0,1,1,1,0,1,80,,2,1,0,0,1,26.0,19.0,,,1,1,3,1,1
202100016296,2021-09-30 17:10:00,2021,9,30,17,10,64,64538,D933 route d'Arnéguy,43.162955,-1.243676,Plein jour,En agglomération,Intersection en T,Normale,Trois véhicules et plus - en chaîne,3,2,2,0,2,1,1,0,1,50,,3,2,0,0,1,60.0,65.0,,,1,2,3,1,4
202100016297,2021-09-29 17:10:00,2021,9,29,17,10,16,16337,Route des Bouriats,45.984871,0.711,Plein jour,Hors agglomération,Intersection en X,Normale,Deux véhicules - côté,3,2,2,0,1,1,1,0,1,80,,7,6,0,0,1,22.0,38.0,,,1,1,2,1,3
202100016298,2021-09-30 11:50:00,2021,9,30,11,50,27,27011,D81,49.218799,0.941123,Plein jour,En agglomération,Hors intersection,Normale,Deux véhicules - côté,3,2,2,0,1,3,1,0,1,-1,,2,1,0,1,0,43.0,25.0,,,1,2,1,1,3
202100016299,2021-09-30 07:35:00,2021,9,30,7,35,48,48140,69 Rue Théophile Roussel,44.802171,3.275626,Plein jour,En agglomération,Hors intersection,Normale,Autre collision,4,1,1,0,2,1,1,0,1,50,,2,1,0,1,0,23.0,,,,1,2,1,1,6
202100016300,2021-08-26 10:36:00,2021,8,26,10,36,88,88447,Lieu-dit l'envers de la poirie 88290,47.945161,6.768769,Plein jour,Hors agglomération,Hors intersection,Normale,Autre collision,3,2,2,0,1,2,1,2,8,90,,1,0,1,0,0,53.0,,,,1,1,1,1,6
202100016301,2021-09-25 18:40:00,2021,9,25,18,40,88,88250,D42,48.108821,6.585252,Plein jour,Hors agglomération,Hors intersection,Normale,Deux véhicules - frontale,3,2,2,0,1,2,1,0,1,70,,3,2,0,1,0,32.0,66.0,,,1,1,1,1,1
202100016302,2021-09-30 00:30:00,2021,9,30,0,30,72,72022,A11 pk 214.500 sens ANGERS vers LE MANS,47.782928,-0.195608,Nuit sans éclairage public,Hors agglomération,Hors intersection,Normale,Autre collision,1,1,4,0,1,1,1,0,3,130,,1,0,1,0,0,61.0,,,,3,1,1,1,6
202100016303,2021-09-12 23:45:00,2021,9,12,23,45,89,89333,,47.50447,4.046745,Nuit sans éclairage public,Hors agglomération,Hors intersection,Normale,Deux véhicules - côté,1,3,5,0,1,1,1,0,1,130,,4,1,0,1,2,40.0,39.0,,,3,1,1,1,3
202100016304,2021-09-30 11:40:00,2021,9,30,11,40,06,06149,"A8, PK 202.000 chaussée nord",43.732081,7.305479,Plein jour,Hors agglomération,Hors intersection,Normale,Autre collision,1,1,4,0,2,1,1,2,1,110,,1,0,1,0,0,52.0,,,,1,1,1,1,6
202100016305,2021-09-29 11:15:00,2021,9,29,11,15,51,51409,A26,48.891838,4.288273,Plein jour,Hors agglomération,Hors intersection,Normale,Autre collision,1,3,4,0,1,1,1,0,3,130,,4,1,0,1,2,51.0,,,,1,1,1,1,6
202100016306,2021-09-29 18:00:00,2021,9,29,18,0,988,98826,RPN1,-20.250063,164.075,Plein jour,Hors agglomération,Hors intersection,Normale,Deux véhicules - frontale,3,2,2,0,3,1,1,0,1,110,,2,1,0,1,0,41.0,27.0,,,1,1,1,1,1
202100016307,2021-09-30 15:55:00,2021,9,30,15,55,988,98817,ROUTE DE LA COULEE,-22.236368,166.594368,Plein jour,En agglomération,Hors intersection,Normale,Autre collision,3,2,2,0,1,2,1,0,1,70,,2,0,0,2,0,49.0,,,,1,2,1,1,6
202100016308,2021-09-29 16:40:00,2021,9,29,16,40,971,97128,Durivage,16.223684,-61.397535,Plein jour,En agglomération,Hors intersection,Normale,Deux véhicules - côté,2,2,2,0,1,1,1,0,1,50,,2,1,0,1,0,36.0,59.0,,,1,2,1,1,3
202100016309,2021-09-29 19:15:00,2021,9,29,19,15,971,97122,Lalanne,16.414598,-61.519006,Nuit avec éclairage allumé,En agglomération,Hors intersection,Normale,Autre collision,2,2,2,0,2,3,1,0,3,50,,2,0,1,1,0,23.0,,,,5,2,1,1,6
202100016310,2021-09-28 14:05:00,2021,9,28,14,5,971,97122,Belin,16.419805,-61.492066,Plein jour,Hors agglomération,Hors intersection,Normale,Deux véhicules - frontale,3,2,2,0,3,2,1,0,1,90,,2,1,0,1,0,87.0,43.0,,,1,1,1,1,1
202100016311,2021-09-28 12:20:00,2021,9,28,12,20,95,95253,RD 43,49.058837,1.869081,Plein jour,Hors agglomération,Hors intersection,Normale,Autre collision,3,2,2,0,3,2,1,0,3,80,,1,0,0,0,1,83.0,,,,1,1,1,1,6
202100016312,2021-09-30 03:55:00,2021,9,30,3,55,78,78531,autoroute A13 PK 050.000 sens Paris-> province,48.988505,1.656915,Nuit sans éclairage public,Hors agglomération,Autre intersection,Normale,Deux véhicules - arrière,1,3,3,0,1,1,1,0,1,130,,2,1,1,0,0,54.0,58.0,,,3,1,9,1,2
202100016313,2021-09-29 14:50:00,2021,9,29,14,50,2B,2B093,T30,42.610283,8.889195,Plein jour,Hors agglomération,Intersection en T,Normale,Deux véhicules - arrière,2,3,2,0,2,1,1,5,1,70,,2,1,0,0,1,71.0,36.0,,,1,1,3,1,2
202100016314,2021-09-29 15:40:00,2021,9,29,15,40,2B,2B148,RT 20 route de Precoghju,42.5310258827,9.4432854655,Plein jour,Hors agglomération,Hors intersection,Normale,Deux véhicules - côté,2,2,2,0,1,1,1,0,1,50,,3,0,0,0,3,71.0,31.0,,,1,1,1,1,3
202100016315,2021-09-29 12:50:00,2021,9,29,12,50,66,66217,Cami de Ponteilla,42.6167378846,2.8112719599,Plein jour,En agglomération,Giratoire,Normale,Sans collision,3,2,2,0,2,1,1,0,1,50,,1,0,0,1,0,84.0,,,,1,2,6,1,7
202100016316,2021-09-30 10:40:00,2021,9,30,10,40,66,66180,90 Allees de la Mediterranee,42.7718831973,3.0050584674,Plein jour,En agglomération,Hors intersection,Normale,Autre collision,3,2,2,0,1,1,1,6,1,50,,2,1,0,1,0,78.0,,,,1,2,1,1,6
202100016317,2021-09-30 12:20:00,2021,9,30,12,20,04,04039,RD 4085,43.865073,6.461334,Plein jour,Hors agglomération,Hors intersection,Normale,Sans collision,3,2,2,0,2,2,1,0,3,80,,1,0,0,0,1,32.0,,,,1,1,1,1,7
202100016318,2021-09-30 13:10:00,2021,9,30,13,10,04,04039,RD 4085,43.844099,6.541758,Plein jour,Hors agglomération,Hors intersection,Normale,Sans collision,3,2,2,0,2,3,1,0,1,80,,1,0,0,1,0,30.0,,,,1,1,1,1,7
202100016319,2021-09-29 21:05:00,2021,9,29,21,5,04,04242,RD 4096,43.893478,5.874778,Nuit sans éclairage public,Hors agglomération,Intersection en X,Normale,Deux véhicules - côté,3,2,2,0,1,1,1,0,1,80,,5,4,0,1,0,44.0,31.0,,,3,1,2,1,3
202100016320,2021-09-30 07:10:00,2021,9,30,7,10,13,13092,Chemin Départemental 21b,43.515335,5.121324,Crépuscule ou aube,Hors agglomération,Intersection en T,Normale,Deux véhicules - frontale,7,2,2,0,1,1,1,0,1,80,,2,1,0,1,0,57.0,69.0,,,2,1,3,1,1
202100016321,2021-09-25 11:45:00,2021,9,25,11,45,13,13042,Route de Saint Pons,43.297266,5.632417,Plein jour,Hors agglomération,Hors intersection,Normale,Deux véhicules - frontale,7,2,2,0,2,3,1,0,3,80,,1,0,0,1,0,25.0,,,,1,1,1,1,1
202100016322,2021-09-30 08:40:00,2021,9,30,8,40,13,13099,CEA Cadarache,43.69862,5.743961,Plein jour,Hors agglomération,Intersection en X,Temps éblouissant,Deux véhicules - côté,4,2,-1,-1,1,1,1,0,1,-1,,2,1,0,0,1,40.0,,,,1,1,2,7,3
202100016323,2021-09-29 13:15:00,2021,9,29,13,15,71,71025,lieu dit les Carges,46.403702,4.413103,Plein jour,Hors agglomération,Hors intersection,Normale,Deux véhicules - frontale,4,2,2,0,1,1,1,0,1,80,,2,1,0,1,0,27.0,27.0,,,1,1,1,1,1
202100016324,2021-08-24 04:36:00,2021,8,24,4,36,67,67519,M468,48.644819,7.794006,Nuit sans éclairage public,Hors agglomération,Hors intersection,Normale,Autre collision,7,2,2,0,1,3,1,0,3,80,,1,0,0,1,0,37.0,,,,3,1,1,1,6
202100016325,2021-08-25 11:25:00,2021,8,25,11,25,67,67458,D919,48.814653,7.766631,Plein jour,Hors agglomération,Hors intersection,Normale,Deux véhicules - côté,3,2,2,0,1,1,1,0,1,80,,2,1,0,1,0,26.0,63.0,,,1,1,1,1,3
202100016326,2021-09-25 17:45:00,2021,9,25,17,45,73,73114,D218B,45.81896,6.529999,Plein jour,Hors agglomération,Hors intersection,Normale,Autre collision,3,2,2,0,2,2,2,0,1,80,,1,0,0,1,0,56.0,,,,1,1,1,1,6
202100016327,2021-09-26 18:15:00,2021,9,26,18,15,69,69236,D488,45.564147,4.699595,Plein jour,Hors agglomération,Hors intersection,Normale,Deux véhicules - frontale,3,2,2,0,1,3,1,0,1,80,,3,2,0,1,0,34.0,27.0,,,1,1,1,1,1
202100016328,2021-09-30 13:50:00,2021,9,30,13,50,50,50023,Route du Grand Chemin,49.289787,-1.307649,Plein jour,Hors agglomération,Hors intersection,Normale,Sans collision,3,2,2,0,1,1,1,0,3,80,,2,0,0,1,1,59.0,,,,1,1,1,1,7
202100016329,2021-09-30 09:30:00,2021,9,30,9,30,14,14751,D129/D148,48.85465,-0.102764584,Plein jour,Hors agglomération,Intersection en X,Temps éblouissant,Deux véhicules - côté,3,2,2,0,3,1,1,0,1,80,,2,0,1,0,1,50.0,39.0,,,1,1,2,7,3
202100016330,2021-09-29 20:30:00,2021,9,29,20,30,60,60116,D137,49.317583,2.378916,Nuit sans éclairage public,Hors agglomération,Hors intersection,Normale,Sans collision,3,2,2,0,1,1,1,0,1,80,,2,0,0,2,0,46.0,,,,3,1,1,1,7
202100016331,2021-09-30 15:55:00,2021,9,30,15,55,60,60575,D1001,49.3032798997,2.1981521861,Plein jour,Hors agglomération,Hors intersection,Normale,Deux véhicules - arrière,3,2,3,0,2,1,1,0,1,80,,2,1,0,1,0,22.0,15.0,,,1,1,1,1,2
202100016332,2021-09-30 01:00:00,2021,9,30,1,0,60,60010,D121,49.2222828644,2.1005816458,Nuit sans éclairage public,Hors agglomération,Hors intersection,Normale,Sans collision,3,2,2,0,1,1,1,0,8,80,,4,1,0,2,1,18.0,,,,3,1,1,1,7
202100016333,2021-08-25 18:50:00,2021,8,25,18,50,59,59263,D643,50.325909,3.109732,Crépuscule ou aube,Hors agglomération,Giratoire,Temps éblouissant,Deux véhicules - côté,3,1,2,0,1,3,1,0,1,50,,2,1,0,0,1,23.0,30.0,,,2,1,6,7,3
202100016334,2021-09-24 23:45:00,2021,9,24,23,45,13,13088,A55-Sens Martigues vers Marseille,43.3799675652,5.2184459842,Nuit sans éclairage public,Hors agglomération,Hors intersection,Normale,Deux véhicules - frontale,1,1,2,0,1,1,1,0,1,110,,2,0,0,0,2,23.0,24.0,,,3,1,1,1,1
202100016335,2021-09-21 19:00:00,2021,9,21,19,0,13,13106,A7-Sens Marseille vers Lyon,43.39292,5.35139,Plein jour,Hors agglomération,Hors intersection,Normale,Deux véhicules - arrière,1,1,4,0,1,1,1,0,1,90,,2,1,0,0,1,19.0,29.0,,,1,1,1,1,2
202100016336,2021-09-29 08:40:00,2021,9,29,8,40,33,33318,ROCADE A 630,44.788981,-0.622697,Plein jour,Hors agglomération,Hors intersection,Pluie légère,Deux véhicules - arrière,1,3,6,0,1,1,2,0,1,90,,2,1,0,0,1,19.0,42.0,,,1,1,1,2,2
202100016337,2021-09-29 13:48:00,2021,9,29,13,48,92,92002,AUTOROUTE A10,48.7322640013,2.3108035326,Plein jour,Hors agglomération,Hors intersection,Normale,Trois véhicules et plus - en chaîne,1,-1,3,0,1,1,1,0,1,90,,3,2,0,0,1,30.0,24.0,,,1,1,1,1,4
202100016338,2021-09-29 08:55:00,2021,9,29,8,55,94,94034,AUTOROUTE A86,48.7597943467,2.3218478062,Plein jour,Hors agglomération,Hors intersection,Normale,Trois véhicules et plus - en chaîne,1,1,0,0,1,1,1,0,1,70,,4,3,0,0,1,48.0,27.0,,,1,1,1,1,4
202100016339,2021-09-29 08:48:00,2021,9,29,8,48,91,91687,AUTOROUTE A6,48.66009,2.37305,Plein jour,Hors agglomération,Hors intersection,Temps couvert,Deux véhicules - arrière,1,1,3,0,1,1,2,0,1,110,,2,1,0,0,1,29.0,62.0,,,1,1,1,8,2
202100016340,2021-09-29 00:30:00,2021,9,29,0,30,91,91549,RN 104,48.62523,2.33457,Nuit sans éclairage public,Hors agglomération,Hors intersection,Normale,Deux véhicules - arrière,2,1,2,0,1,1,1,0,2,110,,2,1,0,0,1,35.0,35.0,,,3,1,1,1,2
202100016341,2021-09-29 18:00:00,2021,9,29,18,0,94,94033,A86.INT,48.8606307802,2.4846398604,Plein jour,Hors agglomération,Hors intersection,Normale,Deux véhicules - arrière,1,3,4,0,1,1,1,0,1,90,,2,1,0,0,1,66.0,22.0,,,1,1,1,1,2
202100016342,2021-09-29 18:00:00,2021,9,29,18,0,77,77514,A104,48.94942,2.62877,Plein jour,Hors agglomération,Hors intersection,Normale,Deux véhicules - arrière,1,-1,5,0,1,1,1,0,1,90,,2,1,0,0,1,43.0,20.0,,,1,1,1,1,2
202100016343,2021-09-29 12:45:00,2021,9,29,12,45,77,77294,RN104,48.9579257245,2.6243545389,Plein jour,Hors agglomération,Hors intersection,Normale,Trois véhicules et plus - en chaîne,1,3,2,0,1,1,1,0,1,90,,3,2,0,0,1,39.0,50.0,,,1,1,1,1,4
202100016344,2021-09-28 07:55:00,2021,9,28,7,55,93,93071,AULNAY (RUE D'),48.939824,2.515129,Plein jour,En agglomération,Autre intersection,Normale,Deux véhicules - frontale,3,2,2,0,1,1,1,0,1,50,,2,1,0,0,1,,,,,1,2,9,1,1
202100016345,2021-09-27 13:20:00,2021,9,27,13,20,92,92004,ARGENTEUIL AV D',48.9112901352,2.2853654623,Plein jour,En agglomération,Intersection en T,Pluie forte,Autre collision,3,2,2,0,1,1,2,9,1,50,,2,0,0,0,2,40.0,,,,1,2,3,3,6
202100016346,2021-09-28 16:20:00,2021,9,28,16,20,75,75116,AVENUE PAUL DOUMER,48.861015,2.283393,Plein jour,En agglomération,Intersection en X,Normale,Autre collision,4,2,2,0,2,1,1,0,1,30,,3,2,0,0,1,29.0,,,,1,2,2,1,6
202100016347,2021-09-28 09:15:00,2021,9,28,9,15,75,75120,RUE DES PYRENEES,48.856963,2.404467,Plein jour,En agglomération,Hors intersection,Normale,Deux véhicules - arrière,4,2,3,0,1,1,1,0,1,30,,3,2,0,0,1,31.0,30.0,,,1,2,1,1,2
202100016348,2021-09-28 13:35:00,2021,9,28,13,35,75,75118,RUE DE CHARTRES,48.884594,2.354094,Plein jour,En agglomération,Intersection en X,Normale,Deux véhicules - côté,4,1,1,0,2,1,1,0,1,30,,2,1,0,0,1,38.0,38.0,,,1,2,2,1,3
202100016349,2021-09-28 09:30:00,2021,9,28,9,30,75,75118,BOULEVARD DE CLICHY,48.884413,2.33056,Plein jour,En agglomération,Intersection en T,Normale,Deux véhicules - côté,4,3,2,0,1,1,1,0,1,30,,2,1,0,0,1,,41.0,,,1,2,3,1,3
202100016350,2021-09-27 23:05:00,2021,9,27,23,5,75,75117,RUE DE PRONY,48.882214,2.304511,Nuit avec éclairage allumé,En agglomération,Intersection en X,Normale,Deux véhicules - côté,4,2,2,0,1,1,1,0,1,30,,3,2,0,0,1,38.0,15.0,,,5,2,2,1,3
202100016351,2021-09-27 11:30:00,2021,9,27,11,30,75,75116,PLACE DE LA PORTE D AUTEUIL,48.8479119088,2.2589282691,Plein jour,En agglomération,Place,Normale,Deux véhicules - côté,4,2,8,0,1,1,1,0,1,30,,2,1,0,0,1,48.0,30.0,,,1,2,7,1,3
202100016352,2021-09-28 21:18:00,2021,9,28,21,18,75,75114,AVENUE MAURICE D OCAGNE,48.8246719168,2.313564137,Nuit avec éclairage allumé,En agglomération,Intersection en T,Normale,Deux véhicules - arrière,4,2,2,0,1,1,1,0,1,30,,2,1,0,0,1,,17.0,,,5,2,3,1,2
202100016353,2021-09-27 09:40:00,2021,9,27,9,40,75,75114,RUE LIARD,48.8213083226,2.3426564941,Plein jour,En agglomération,Intersection à plus de 4 branches,Pluie légère,Deux véhicules - arrière,4,1,2,0,2,1,2,0,1,30,,2,1,0,0,1,51.0,19.0,,,1,2,5,2,2
202100016354,2021-09-28 08:43:00,2021,9,28,8,43,75,75113,BOULEVARD ARAGO,48.8365508568,2.3511728868,Plein jour,En agglomération,Intersection en T,Normale,Deux véhicules - côté,4,2,4,1,1,1,1,0,5,30,,2,1,0,0,1,52.0,20.0,,,1,2,3,1,3
202100016355,2021-09-27 12:16:00,2021,9,27,12,16,75,75113,AVENUE D ITALIE,48.823529,2.35811,Plein jour,En agglomération,Hors intersection,Pluie légère,Autre collision,4,2,4,0,2,1,2,0,1,30,,2,0,0,0,2,60.0,,,,1,2,1,2,6
202100016356,2021-09-27 11:09:00,2021,9,27,11,9,75,75113,RUE DE PATAY,48.827674,2.371382,Plein jour,En agglomération,Intersection en X,Temps couvert,Deux véhicules - côté,4,2,2,0,1,3,2,0,1,30,,2,1,0,0,1,50.0,69.0,,,1,2,2,8,3
202100016357,2021-09-28 16:50:00,2021,9,28,16,50,75,75112,BOULEVARD DE BERCY,48.8395,2.384897,Plein jour,En agglomération,Hors intersection,Normale,Autre collision,4,2,4,1,1,1,1,0,5,50,,1,0,0,0,1,34.0,,,,1,2,1,1,6
202100016358,2021-09-28 12:25:00,2021,9,28,12,25,75,75112,AVENUE DAUMESNIL,48.8379536578,2.425993681,Plein jour,En agglomération,Hors intersection,Normale,Deux véhicules - arrière,4,2,2,0,1,1,1,0,1,50,,2,1,0,0,1,39.0,32.0,,,1,2,1,1,2
202100016359,2021-09-27 07:13:00,2021,9,27,7,13,75,75112,AVENUE COURTELINE,48.8440504325,2.413094995,Nuit avec éclairage allumé,En agglomération,Intersection à plus de 4 branches,Normale,Deux véhicules - côté,4,2,6,0,1,1,2,0,1,30,,2,1,0,0,1,54.0,31.0,,,5,2,5,1,3
202100016360,2021-09-28 19:00:00,2021,9,28,19,0,75,75111,BOULEVARD RICHARD LENOIR,48.865778,2.36999,Plein jour,En agglomération,Intersection en X,Normale,Deux véhicules - côté,4,3,2,0,1,1,1,0,1,30,,2,1,0,0,1,55.0,35.0,,,1,2,2,1,3
202100016361,2021-09-28 09:40:00,2021,9,28,9,40,75,75110,BOULEVARD DE MAGENTA,48.8757838351,2.3565210427,Plein jour,En agglomération,Intersection en Y,Normale,Deux véhicules - arrière,4,2,4,1,1,1,1,0,5,30,,2,1,0,0,1,29.0,26.0,,,1,2,4,1,2
202100016362,2021-09-28 15:00:00,2021,9,28,15,0,75,75108,RUE DU FAUBOURG SAINT HONORE,48.8771467944,2.3003201187,Plein jour,En agglomération,Intersection à plus de 4 branches,Normale,Deux véhicules - côté,4,2,3,3,1,1,1,0,6,30,,2,1,0,0,1,39.0,60.0,,,1,2,5,1,3
202100016363,2021-09-28 18:00:00,2021,9,28,18,0,94,94081,Avenue Anatole France,48.80349,2.40422,Plein jour,En agglomération,Hors intersection,Normale,Deux véhicules - côté,3,2,2,0,1,1,1,0,1,50,,3,2,0,0,1,19.0,30.0,,,1,2,1,1,3
202100016364,2021-09-28 19:15:00,2021,9,28,19,15,94,94003,GABRIEL PERI (AV),48.79993,2.34396,Crépuscule ou aube,En agglomération,Intersection en X,Normale,Deux véhicules - côté,3,1,1,0,1,1,1,0,1,50,,2,1,0,1,0,64.0,44.0,,,2,2,2,1,3
202100016365,2021-09-28 18:35:00,2021,9,28,18,35,94,94041,Quai Marcel Boyer,48.82369,2.39064,Plein jour,En agglomération,Hors intersection,Normale,Autre collision,3,2,6,1,1,1,1,0,3,30,,1,0,0,1,0,38.0,,,,1,2,1,1,6
202100016366,2021-09-28 09:50:00,2021,9,28,9,50,94,94011,BICENTENAIRE.(AVENUE DU),48.76475,2.48825,Plein jour,En agglomération,Hors intersection,Normale,Deux véhicules - arrière,4,1,1,0,1,1,1,0,1,50,,2,1,0,0,1,47.0,36.0,,,1,2,1,1,2
202100016367,2021-09-27 18:20:00,2021,9,27,18,20,94,94028,Rue Saint-Simon,48.79538,2.44379,Plein jour,En agglomération,Hors intersection,Normale,Deux véhicules - arrière,4,2,2,0,2,1,1,0,1,50,,2,1,0,0,1,31.0,36.0,,,1,2,1,1,2
202100016368,2021-09-28 09:10:00,2021,9,28,9,10,94,94077,RAOUL DELATTRE (R),48.73,2.44,Plein jour,En agglomération,Hors intersection,Normale,Autre collision,4,2,2,0,1,3,1,0,8,30,,4,2,0,0,2,33.0,,,,1,2,1,1,6
202100016369,2021-09-28 14:10:00,2021,9,28,14,10,94,94069,Avenue Saint Maurice du Valais,48.81502,2.46308,Plein jour,En agglomération,Intersection en X,Normale,Deux véhicules - côté,3,4,4,0,1,1,1,0,1,50,,2,1,0,0,1,38.0,25.0,,,1,2,2,1,3
202100016370,2021-09-28 17:20:00,2021,9,28,17,20,94,94011,Avenue de Boissy,48.7645,2.49241,Plein jour,En agglomération,Hors intersection,Normale,Deux véhicules - arrière,3,2,4,0,1,1,1,0,1,50,,2,1,0,0,1,48.0,22.0,,,1,2,1,1,2