accident_id,datetime,annee,mois,jour,heure,minute,departement,commune_insee,adresse,latitude,longitude,luminosite,agglomeration,intersection,meteo,collision,catr,circ,nbv,vosp,prof,plan,surf,infra,situ,vma,nb_vehicules,nb_usagers,nb_indemnes,nb_tues,nb_blesses_hosp,nb_blesses_legers,age_cond_1,age_cond_2,veh_type_cond_1,veh_type_cond_2,lum_code,agg_code,int_code,atm_code,col_code
202100016371,2021-09-28 16:37:00,2021,9,28,16,37,93,93071,Rue d’Aulnay,48.93981,2.515354,Plein jour,En agglomération,Hors intersection,Normale,Deux véhicules - frontale,4,2,2,0,1,1,1,0,1,50,,5,0,0,2,3,41.0,19.0,,,1,2,1,1,1
202100016372,2021-09-28 18:07:00,2021,9,28,18,7,93,93066,88-114bis Avenue de Stalingrad,48.947221,2.372975,Plein jour,En agglomération,Hors intersection,Normale,Deux véhicules - arrière,3,3,2,0,1,3,1,9,1,50,,3,1,0,0,2,34.0,25.0,,,1,2,1,1,2
202100016373,2021-09-27 21:50:00,2021,9,27,21,50,93,93046,LIBERATION PLACE DE LA,48.9227,2.5443,Nuit avec éclairage allumé,En agglomération,Autre intersection,Normale,Deux véhicules - côté,3,2,2,0,1,1,1,0,1,50,,4,0,0,1,3,20.0,26.0,,,5,2,9,1,3
202100016374,2021-09-28 19:10:00,2021,9,28,19,10,93,93008,ODESSA (RUE D'),48.9092930819,2.4661383035,Plein jour,En agglomération,Intersection en X,Normale,Deux véhicules - côté,4,2,4,0,1,1,1,0,1,50,,3,2,0,0,1,23.0,,,,1,2,2,1,3
202100016375,2021-09-28 07:25:00,2021,9,28,7,25,93,93008,VELLARD (RUE ALCIDE),48.909078,2.443136,Plein jour,En agglomération,Intersection en T,Normale,Deux véhicules - frontale,4,1,1,0,1,1,1,0,1,50,,2,1,0,0,1,62.0,,,,1,2,3,1,1
202100016376,2021-09-28 14:35:00,2021,9,28,14,35,93,93001,JEAN JAURES  (AVE)  157 A 213,48.912683,2.401741,Plein jour,En agglomération,Hors intersection,Normale,Deux véhicules - côté,3,2,2,0,1,1,1,0,1,50,,2,1,0,0,1,44.0,46.0,,,1,2,1,1,3
202100016377,2021-09-27 21:50:00,2021,9,27,21,50,93,93001,LANDY (RUE DU) 34/29 =>,48.91538,2.37092,Nuit avec éclairage allumé,En agglomération,Intersection en X,Normale,Deux véhicules - côté,3,2,2,0,2,1,1,5,1,50,,2,1,0,0,1,32.0,28.0,,,5,2,2,1,3
202100016378,2021-09-28 20:08:00,2021,9,28,20,8,92,92062,GENERAL DE GAULLE (AV) DU 63 AU 107,48.8875284339,2.2330042885,Nuit avec éclairage allumé,En agglomération,Intersection en X,Normale,Deux véhicules - côté,3,2,7,1,1,1,1,0,1,50,,2,1,1,0,0,37.0,29.0,,,5,2,2,1,3
202100016379,2021-09-28 18:10:00,2021,9,28,18,10,92,92051,"JEAN MERMOZ (BOULEVARD, N° 5 A 15)",48.8857556513,2.2692574561,Plein jour,En agglomération,Hors intersection,Normale,Autre collision,4,2,2,0,1,1,1,0,1,50,,2,1,0,0,1,59.0,,,,1,2,1,1,6
202100016380,2021-09-28 14:30:00,2021,9,28,14,30,92,92049,DORMOY AVENUE MARX N°2 A 100,48.809835511,2.3214358091,Plein jour,En agglomération,Hors intersection,Normale,Deux véhicules - côté,3,1,2,3,1,1,1,0,1,50,,2,1,0,0,1,73.0,31.0,,,1,2,1,1,3
202100016381,2021-09-28 07:40:00,2021,9,28,7,40,92,92046,MARNE AVENUE DE LA,48.8177106576,2.307870537,Plein jour,En agglomération,Intersection en X,Normale,Deux véhicules - frontale,3,2,2,0,1,1,1,0,1,50,,2,1,0,0,1,51.0,51.0,,,1,2,2,1,1
202100016382,2021-09-28 10:20:00,2021,9,28,10,20,92,92036,BAS TILLIERS (ALLEE DES),48.9349991451,2.3055155575,Plein jour,En agglomération,Hors intersection,Normale,Deux véhicules - frontale,4,2,2,0,1,1,1,0,1,50,,2,1,0,0,1,,32.0,,,1,2,1,1,1
202100016383,2021-09-27 08:40:00,2021,9,27,8,40,92,92036,NOELS (RUE DES),48.9255352111,2.3171684146,Plein jour,En agglomération,Intersection en T,Normale,Deux véhicules - côté,3,2,2,0,1,1,1,0,1,50,,2,1,0,0,1,56.0,52.0,,,1,2,3,1,3
202100016384,2021-09-24 11:10:00,2021,9,24,11,10,92,92036,GENEAL DE GAULLE (AVENUE) (1/41),48.9337799082,2.3133716792,Plein jour,En agglomération,Intersection en T,Normale,Deux véhicules - côté,3,2,2,0,1,1,1,0,1,50,,2,1,0,1,0,25.0,25.0,,,1,2,3,1,3
202100016385,2021-09-23 17:45:00,2021,9,23,17,45,92,92036,ALEXANDRE (RUE),48.9226,2.32051,Plein jour,En agglomération,Intersection en T,Normale,Deux véhicules - côté,3,2,2,0,1,1,1,0,1,50,,2,1,0,0,1,37.0,37.0,,,1,2,3,1,3
202100016386,2021-09-27 22:30:00,2021,9,27,22,30,92,92032,ESTIENNE D'ORVES (RUE D'),48.7881243774,2.2842199314,Nuit avec éclairage allumé,En agglomération,Hors intersection,Normale,Autre collision,4,2,2,0,1,1,1,0,1,30,,1,0,0,0,1,38.0,,,,5,2,1,1,6
202100016387,2021-09-28 15:00:00,2021,9,28,15,0,92,92012,ANDRE MORIZET (AVENUE) 1/47 - 2/52,48.83515,2.24108,Plein jour,En agglomération,Hors intersection,Normale,Deux véhicules - arrière,3,2,2,0,1,1,1,0,1,50,,2,1,0,0,1,40.0,39.0,,,1,2,1,1,2
202100016388,2021-09-27 19:25:00,2021,9,27,19,25,92,92012,POINT DU JOUR (QUAI DU),48.8339942112,2.2611290216,Nuit avec éclairage allumé,En agglomération,Intersection en T,Normale,Deux véhicules - côté,3,2,2,1,1,1,1,0,5,50,,3,1,0,0,2,19.0,33.0,,,5,2,3,1,3
202100016389,2021-09-27 09:06:00,2021,9,27,9,6,92,92012,LE CORBUSIER (RUE),48.8377599139,2.2404592373,Plein jour,En agglomération,Intersection en X,Pluie légère,Deux véhicules - côté,4,2,2,0,1,1,2,0,1,50,,2,1,1,0,0,30.0,49.0,,,1,2,2,2,3
202100016390,2021-09-29 06:30:00,2021,9,29,6,30,976,97610,Majikavo Koropa,-12.746412,45.226631,Plein jour,Hors agglomération,Hors intersection,Normale,Deux véhicules - côté,2,2,2,0,1,1,1,0,1,70,,3,1,0,0,2,33.0,41.0,,,1,1,1,1,3
202100016391,2021-09-07 17:26:00,2021,9,7,17,26,80,80766,D114,50.0545763118,2.4858283997,Plein jour,Hors agglomération,Hors intersection,Normale,Sans collision,3,2,2,0,1,1,1,0,1,80,,1,0,1,0,0,53.0,,,,1,1,1,1,7
202100016392,2021-09-29 07:55:00,2021,9,29,7,55,41,41194,boulevard du maréchal lyautey,47.361407,1.739246,Plein jour,En agglomération,Intersection en X,Pluie légère,Deux véhicules - côté,3,2,2,0,1,1,2,0,1,50,,2,1,0,0,1,18.0,38.0,,,1,2,2,2,3
202100016393,2021-09-29 12:45:00,2021,9,29,12,45,11,11397,bretelle echangeur Carcassonne EST,43.2029,2.416906,Plein jour,Hors agglomération,Autre intersection,Normale,Deux véhicules - arrière,1,2,4,0,1,1,1,3,1,80,,2,1,0,1,0,82.0,73.0,,,1,1,9,1,2
202100016394,2021-09-28 14:55:00,2021,9,28,14,55,13,13078,D268,43.449981,4.837496,Plein jour,Hors agglomération,Hors intersection,Normale,Deux véhicules - arrière,7,3,3,0,1,1,1,0,1,50,,3,0,0,0,3,53.0,34.0,,,1,1,1,1,2
202100016395,2021-09-23 18:20:00,2021,9,23,18,20,67,67437,36 rue du maréchal Joffre,48.742628,7.372904,Plein jour,En agglomération,Autre intersection,Normale,Autre collision,3,2,2,0,1,1,1,9,8,40,,2,1,0,0,1,17.0,,,,1,2,9,1,6
202100016396,2021-09-26 12:45:00,2021,9,26,12,45,35,35363,RN 137  point kilomètrique 35+600 vers rennes,48.022367,-1.690435,Plein jour,Hors agglomération,Hors intersection,Normale,Deux véhicules - côté,2,3,4,0,1,1,1,0,1,110,,2,1,0,0,1,30.0,53.0,,,1,1,1,1,3
202100016397,2021-09-28 14:45:00,2021,9,28,14,45,59,59067,rue du port,50.971015,2.427147,Plein jour,En agglomération,Hors intersection,Normale,Autre collision,4,2,2,0,1,1,1,0,1,50,,2,1,0,1,0,20.0,,,,1,2,1,1,6
202100016398,2021-09-27 22:35:00,2021,9,27,22,35,30,30286,D981,43.98562,4.457445,Nuit sans éclairage public,Hors agglomération,Hors intersection,Normale,Autre collision,3,2,2,0,1,1,1,0,1,80,,1,0,0,1,0,48.0,,,,3,1,1,1,6
202100016399,2021-09-25 10:30:00,2021,9,25,10,30,79,79351,11 Chemin des Devises,46.436891,-0.559726,Plein jour,En agglomération,Hors intersection,Normale,Sans collision,4,2,2,0,1,1,1,0,1,50,,2,0,0,0,2,44.0,,,,1,2,1,1,7
202100016400,2021-09-25 19:00:00,2021,9,25,19,0,81,81288,Route de Dourgne,43.458285,2.077618,Plein jour,En agglomération,Hors intersection,Normale,Autre collision,3,2,2,0,2,2,1,0,3,50,,1,0,0,1,0,56.0,,,,1,2,1,1,6
202100016401,2021-09-29 13:14:00,2021,9,29,13,14,61,61199,D29-D239,48.786014,-0.161576,Plein jour,Hors agglomération,Intersection en X,Normale,Deux véhicules - arrière,3,2,2,0,1,1,1,0,1,90,,2,0,0,1,1,32.0,68.0,,,1,1,2,1,2
202100016402,2021-09-29 12:20:00,2021,9,29,12,20,55,55291,Boulevard Raymond Poincaré,48.687529,5.320505,Plein jour,En agglomération,Intersection en X,Pluie légère,Sans collision,2,2,2,0,1,1,2,5,1,50,,1,0,0,1,0,74.0,,,,1,2,2,2,7
202100016403,2021-09-26 08:22:00,2021,9,26,8,22,42,42026,Route de Melay,46.174452,4.077001,Plein jour,Hors agglomération,Hors intersection,Normale,Autre collision,3,2,2,0,2,3,2,0,8,80,,2,0,0,1,1,20.0,,,,1,1,1,1,6
202100016404,2021-09-28 16:55:00,2021,9,28,16,55,39,39415,23 Rue du Centre,46.935103,5.343177,Plein jour,En agglomération,Hors intersection,Normale,Autre collision,3,2,2,0,1,3,1,0,3,30,,2,0,0,1,1,77.0,,,,1,2,1,1,6
202100016405,2021-09-28 20:41:00,2021,9,28,20,41,72,72088,Lieu Dit le Petit Clos,48.208452,0.237746,Nuit sans éclairage public,Hors agglomération,Hors intersection,Pluie légère,Sans collision,3,2,2,0,1,1,2,9,1,90,,1,0,0,0,1,35.0,,,,3,1,1,2,7
202100016406,2021-09-28 08:30:00,2021,9,28,8,30,06,06059,RM 6007,43.720994,7.34333,Plein jour,Hors agglomération,Hors intersection,Normale,Trois véhicules et plus - collisions multiples,7,2,2,0,1,3,1,0,1,70,,4,1,1,1,1,43.0,44.0,,,1,1,1,1,5
202100016407,2021-09-26 16:20:00,2021,9,26,16,20,07,07240,,44.846882,4.820526,Plein jour,Hors agglomération,Hors intersection,Normale,Deux véhicules - arrière,3,2,2,0,1,1,1,0,1,80,,3,1,0,1,1,61.0,75.0,,,1,1,1,1,2
202100016408,2021-09-25 17:20:00,2021,9,25,17,20,24,24296,Saint-Cybard,44.851343,0.616372,Plein jour,En agglomération,Giratoire,Normale,Autre collision,3,2,2,0,1,1,1,0,8,50,,2,1,0,1,0,80.0,,,,1,2,6,1,6
202100016409,2021-09-28 17:55:00,2021,9,28,17,55,04,04081,RD 82,43.739957,5.973124,Plein jour,En agglomération,Hors intersection,Normale,Deux véhicules - côté,3,2,2,0,1,2,1,0,1,50,,3,1,0,0,2,80.0,36.0,,,1,2,1,1,3
202100016410,2021-09-28 07:35:00,2021,9,28,7,35,85,85026,11 La Grande Alouette,46.552796,-1.427901,Crépuscule ou aube,Hors agglomération,Intersection en T,Normale,Deux véhicules - côté,3,2,2,0,1,1,9,0,1,80,,2,1,0,1,0,19.0,46.0,,,2,1,3,1,3
202100016411,2021-09-29 03:15:00,2021,9,29,3,15,27,27248,Route departementale 613,49.151889,0.561097,Nuit sans éclairage public,Hors agglomération,Hors intersection,Pluie forte,Autre collision,3,2,3,0,1,1,2,0,3,90,,1,0,0,1,0,24.0,,,,3,1,1,3,6
202100016412,2021-09-29 08:45:00,2021,9,29,8,45,13,13113,A51 pk 23.500,43.5895847008,5.4797994649,Plein jour,Hors agglomération,Hors intersection,Normale,Trois véhicules et plus - en chaîne,1,3,2,0,1,1,1,0,1,130,,5,0,0,1,4,58.0,50.0,,,1,1,1,1,4
202100016413,2021-09-29 15:30:00,2021,9,29,15,30,66,66108,rd 612,42.714133,2.674956,Plein jour,Hors agglomération,Hors intersection,Normale,Trois véhicules et plus - collisions multiples,3,2,2,0,2,2,1,0,1,80,,3,2,0,1,0,27.0,24.0,,,1,1,1,1,5
202100016414,2021-09-29 14:10:00,2021,9,29,14,10,34,34324,Avenue Charles Cauquil,43.2554052451,3.2860601912,Plein jour,En agglomération,Hors intersection,Normale,Sans collision,4,2,2,0,2,1,1,0,1,50,,3,2,1,0,0,21.0,,,,1,2,1,1,7
202100016415,2021-09-27 07:26:00,2021,9,27,7,26,88,88417,D159bis,48.323301,6.638532,Plein jour,Hors agglomération,Hors intersection,Normale,Sans collision,3,2,2,0,1,2,1,0,3,80,,28,27,1,0,0,61.0,,,,1,1,1,1,7
202100016416,2021-09-27 22:32:00,2021,9,27,22,32,54,54352,D92,48.6481082914,6.0797309875,Nuit sans éclairage public,Hors agglomération,Hors intersection,Pluie légère,Sans collision,3,2,2,0,2,1,2,0,8,80,,2,0,0,0,2,22.0,,,,3,1,1,2,7
202100016417,2021-09-28 15:00:00,2021,9,28,15,0,57,57148,Rue de Pange,49.098684,6.324531,Plein jour,En agglomération,Hors intersection,Normale,Autre collision,3,2,2,0,1,1,1,0,1,50,,2,0,0,1,1,60.0,,,,1,2,1,1,6
202100016418,2021-09-28 17:20:00,2021,9,28,17,20,63,63092,D16,45.901597,2.993915,Plein jour,Hors agglomération,Hors intersection,Normale,Deux véhicules - côté,3,2,2,0,1,1,1,0,1,80,,2,1,0,1,0,21.0,52.0,,,1,1,1,1,3
202100016419,2021-09-28 16:20:00,2021,9,28,16,20,07,07034,2759 Route Touristique des Gorges Vers Vallon Pont d Arc,44.330798,4.541994,Plein jour,Hors agglomération,Hors intersection,Normale,Sans collision,3,2,2,0,2,2,1,0,1,80,,1,0,0,1,0,78.0,,,,1,1,1,1,7
202100016420,2021-09-28 07:30:00,2021,9,28,7,30,69,69204,MOULINS (DES) (CHM),45.696558,4.812012,Crépuscule ou aube,En agglomération,Hors intersection,Normale,Deux véhicules - frontale,4,2,2,0,1,1,1,0,1,50,,2,1,0,1,0,37.0,30.0,,,2,2,1,1,1
202100016421,2021-09-20 11:20:00,2021,9,20,11,20,33,33415,Rue de la Croix de l Avocat,45.012837,-0.451715,Plein jour,Hors agglomération,Intersection en T,Normale,Deux véhicules - frontale,3,2,2,0,1,1,1,0,1,80,,2,1,0,1,0,53.0,21.0,,,1,1,3,1,1
202100016422,2021-09-28 13:35:00,2021,9,28,13,35,59,59212,147 Rue de Merville,50.6424953693,2.7128288059,Plein jour,En agglomération,Autre intersection,Normale,Autre collision,3,2,2,0,1,1,1,0,1,50,,2,1,0,0,1,49.0,,,,1,2,9,1,6
202100016423,2021-09-28 09:00:00,2021,9,28,9,0,13,13071,A7-Sens Lyon vers Marseille,43.41243,5.28141,Plein jour,Hors agglomération,Hors intersection,Normale,Trois véhicules et plus - en chaîne,1,1,3,0,1,1,1,0,1,110,,4,0,0,0,4,28.0,37.0,,,1,1,1,1,4
202100016424,2021-09-27 08:40:00,2021,9,27,8,40,13,13005,A50-Sens Aubagne vers Marseille,43.289511,5.560173,Plein jour,Hors agglomération,Hors intersection,Normale,Trois véhicules et plus - en chaîne,1,1,2,0,1,1,1,0,1,90,,4,3,0,0,1,46.0,44.0,,,1,1,1,1,4
202100016425,2021-09-28 08:30:00,2021,9,28,8,30,33,33075,ROCADE A 630,44.88803,-0.58121,Plein jour,Hors agglomération,Hors intersection,Normale,Deux véhicules - arrière,1,3,4,0,1,1,1,0,1,90,,2,0,0,0,2,41.0,40.0,,,1,1,1,1,2
202100016426,2021-09-28 15:00:00,2021,9,28,15,0,92,92012,A13,48.8485101306,2.2270096797,Plein jour,Hors agglomération,Hors intersection,Normale,Autre collision,1,3,4,0,1,1,1,0,1,110,,1,0,0,0,1,67.0,,,,1,1,1,1,6
202100016427,2021-09-28 09:30:00,2021,9,28,9,30,78,78158,A13,48.83143,2.14661,Plein jour,Hors agglomération,Hors intersection,Normale,Trois véhicules et plus - collisions multiples,1,3,3,0,1,1,1,0,2,110,,3,2,0,0,1,35.0,42.0,,,1,1,1,1,5
202100016428,2021-09-28 07:30:00,2021,9,28,7,30,78,78043,A12 W,48.84021,2.09562,Plein jour,Hors agglomération,Hors intersection,Normale,Deux véhicules - côté,1,3,3,0,1,1,1,0,1,90,,2,0,0,0,2,50.0,59.0,,,1,1,1,1,3
202100016429,2021-09-27 15:05:00,2021,9,27,15,5,92,92036,RN315 W,48.9328054756,2.3021252038,Plein jour,Hors agglomération,Hors intersection,Normale,Deux véhicules - arrière,2,-1,2,0,1,1,1,0,1,90,,3,2,0,0,1,39.0,26.0,,,1,1,1,1,2
202100016430,2021-09-27 17:20:00,2021,9,27,17,20,93,93005,AUTOROUTE A1,48.9655,2.47636,Plein jour,Hors agglomération,Hors intersection,Normale,Deux véhicules - arrière,1,1,2,0,1,2,1,0,1,70,,2,1,0,0,1,47.0,61.0,,,1,1,1,1,2
202100016431,2021-09-27 05:10:00,2021,9,27,5,10,95,95306,A15,49.0071283415,2.1621105752,Nuit sans éclairage public,Hors agglomération,Hors intersection,Normale,Deux véhicules - arrière,1,3,7,0,1,1,1,0,1,110,,2,1,0,0,1,,24.0,,,3,1,1,1,2
202100016432,2021-09-28 18:30:00,2021,9,28,18,30,77,77373,RN104,48.77326,2.61318,Plein jour,Hors agglomération,Hors intersection,Normale,Deux véhicules - côté,2,1,2,0,1,1,1,0,1,90,,2,1,0,0,1,44.0,25.0,,,1,1,1,1,3
202100016433,2021-09-28 17:00:00,2021,9,28,17,0,77,77438,A104,48.872896,2.670174,Plein jour,Hors agglomération,Hors intersection,Normale,Deux véhicules - arrière,1,1,3,0,1,1,1,0,1,90,,2,1,0,0,1,51.0,35.0,,,1,1,1,1,2
202100016434,2021-09-28 12:00:00,2021,9,28,12,0,94,94018,A4,48.82444,2.39361,Plein jour,Hors agglomération,Hors intersection,Normale,Deux véhicules - arrière,1,3,5,0,1,1,1,0,1,90,,2,1,0,0,1,19.0,19.0,,,1,1,1,1,2
202100016435,2021-09-28 11:45:00,2021,9,28,11,45,94,94042,A4,48.8273,2.4691,Plein jour,Hors agglomération,Hors intersection,Normale,Deux véhicules - côté,1,1,4,0,1,1,1,0,1,110,,2,1,0,0,1,29.0,39.0,,,1,1,1,1,3
202100016436,2021-09-27 16:30:00,2021,9,27,16,30,77,77450,RN104,48.706973,2.598406,Plein jour,Hors agglomération,Hors intersection,Normale,Trois véhicules et plus - collisions multiples,2,1,3,0,1,1,2,0,1,90,,6,3,0,1,2,44.0,51.0,,,1,1,1,1,5
202100016437,2021-09-27 12:45:00,2021,9,27,12,45,76,76351,REPUBLIQUE (COURS DE LA),49.49608,0.12684,Plein jour,En agglomération,Intersection en X,Normale,Autre collision,4,2,4,0,1,1,1,0,1,50,,2,1,0,0,1,24.0,,,,1,2,2,1,6
202100016438,2021-09-27 08:15:00,2021,9,27,8,15,09,09225,ROUTE DEPARTEMENTALE 29,43.11929,1.65228,Plein jour,Hors agglomération,Hors intersection,Normale,Deux véhicules - côté,3,2,2,0,1,1,1,0,1,80,,2,1,0,1,0,57.0,54.0,,,1,1,1,1,3
202100016439,2021-04-30 10:00:00,2021,4,30,10,0,74,74008,RAVIER (RUE),46.20056,6.23025,Plein jour,En agglomération,Hors intersection,Pluie forte,Deux véhicules - arrière,4,2,2,0,1,1,2,0,1,50,,2,0,0,0,2,38.0,27.0,,,1,2,1,3,2
202100016440,2021-09-25 19:20:00,2021,9,25,19,20,974,97411,LORY LES HAUTS (RUE),-20.8877,55.4805,Nuit avec éclairage allumé,En agglomération,Hors intersection,Normale,Deux véhicules - frontale,4,2,2,0,2,1,1,0,1,50,,2,1,0,1,0,46.0,,,,5,2,1,1,1
202100016441,2021-09-27 08:12:00,2021,9,27,8,12,69,69388,PROFESSEUR BEAUVISAGE (DU) (R),45.7286370733,4.8653787099,Plein jour,En agglomération,Hors intersection,Normale,Trois véhicules et plus - en chaîne,4,2,2,3,1,1,1,0,1,50,,4,3,0,0,1,51.0,24.0,,,1,2,1,1,4
202100016442,2021-09-27 17:40:00,2021,9,27,17,40,972,97209,SALVADOR ALLENDE (AVENUE),14.61036,-61.04771,Plein jour,En agglomération,Hors intersection,Normale,Autre collision,4,2,2,0,1,1,1,0,1,50,,2,1,0,1,0,59.0,,,,1,2,1,1,6
202100016443,2021-09-25 18:30:00,2021,9,25,18,30,971,97101,ACHILLE RENE BOISNEUF (RUE),16.26947,-61.50632,Nuit avec éclairage allumé,En agglomération,Hors intersection,Normale,Autre collision,3,2,2,0,1,1,1,0,1,30,,2,1,0,0,1,76.0,,,,5,2,1,1,6
202100016444,2021-09-27 10:30:00,2021,9,27,10,30,2A,2A004,T40,41.9333667934,8.8074850932,Plein jour,Hors agglomération,Hors intersection,Normale,Deux véhicules - arrière,2,1,2,0,1,3,1,0,1,90,,2,1,0,0,1,33.0,28.0,,,1,1,1,1,2
202100016445,2021-09-27 14:15:00,2021,9,27,14,15,91,91549,ANNE FRANCK (RUE),48.63867,2.3422,Plein jour,En agglomération,Hors intersection,Pluie forte,Autre collision,4,2,2,0,1,1,2,0,1,50,,2,1,0,0,1,43.0,,,,1,2,1,3,6
202100016446,2021-09-27 15:30:00,2021,9,27,15,30,91,91589,AV CHARLES DE GAULLE,48.678582,2.346676,Plein jour,En agglomération,Hors intersection,Normale,Deux véhicules - arrière,4,2,2,0,2,1,1,0,1,50,,3,2,0,0,1,21.0,39.0,,,1,2,1,1,2
202100016447,2021-09-27 11:20:00,2021,9,27,11,20,91,91027,AV JULES VALLES,48.70195,2.37809,Plein jour,En agglomération,Hors intersection,Temps couvert,Trois véhicules et plus - en chaîne,3,2,2,0,1,1,2,0,1,50,,3,2,0,0,1,93.0,34.0,,,1,2,1,8,4
202100016448,2021-09-23 10:30:00,2021,9,23,10,30,91,91174,RUE DE LA DAUPHINE,48.60076,2.47088,Plein jour,En agglomération,Intersection en X,Normale,Autre collision,3,-1,2,0,1,1,1,0,1,50,,2,1,0,0,1,71.0,,,,1,2,2,1,6
202100016449,2021-09-26 00:35:00,2021,9,26,0,35,87,87065,AUTOROUTE A20,45.79888,1.29617,Nuit sans éclairage public,Hors agglomération,Hors intersection,Normale,Autre collision,1,3,4,0,1,1,1,0,1,110,,2,1,0,0,1,25.0,25.0,,,3,1,1,1,6
202100016450,2021-09-26 23:20:00,2021,9,26,23,20,87,87085,SAGNES (RUE DES),45.87447,1.29517,Nuit avec éclairage allumé,En agglomération,Intersection en T,Normale,Autre collision,4,2,2,0,1,1,1,0,1,50,,1,0,0,1,0,19.0,,,,5,2,3,1,6
202100016451,2021-09-25 10:20:00,2021,9,25,10,20,86,86194,Rue Georges Guynemer,46.577563,0.322326,Plein jour,En agglomération,Hors intersection,Normale,Deux véhicules - côté,4,2,1,0,2,1,1,0,1,50,,3,2,0,0,1,47.0,23.0,,,1,2,1,1,3
202100016452,2021-09-24 08:30:00,2021,9,24,8,30,86,86194,Avenue d'Iassy,46.573786,0.391614,Plein jour,En agglomération,Hors intersection,Normale,Autre collision,4,2,3,0,1,1,1,0,1,50,,3,2,0,0,1,20.0,,,,1,2,1,1,6
202100016453,2021-09-26 18:50:00,2021,9,26,18,50,84,84007,GARE TGV (Parking),43.92238,4.78162,Plein jour,Hors agglomération,Hors intersection,Normale,Autre collision,6,-1,0,0,1,1,1,0,8,30,,2,1,1,0,0,13.0,,,,1,1,1,1,6
202100016454,2021-09-27 15:00:00,2021,9,27,15,0,83,83137,CD 46 (DEBUT TLN A ARTHEMYSE),43.134374,5.916672,Plein jour,En agglomération,Hors intersection,Normale,Trois véhicules et plus - en chaîne,7,3,2,0,1,1,1,9,1,50,,3,2,0,0,1,47.0,59.0,,,1,2,1,1,4
202100016455,2021-09-20 15:50:00,2021,9,20,15,50,83,83118,D100,43.435437,6.802575,Plein jour,En agglomération,Autre intersection,Normale,Deux véhicules - côté,3,3,2,0,2,1,1,3,1,50,,2,1,0,1,0,20.0,79.0,,,1,2,9,1,3
202100016456,2021-09-27 11:30:00,2021,9,27,11,30,81,81004,ROCADE RN88 NORD,43.95151,2.15538,Plein jour,Hors agglomération,Giratoire,Normale,Deux véhicules - côté,2,3,1,0,1,1,1,9,1,50,,2,1,0,0,1,59.0,72.0,,,1,1,6,1,3
202100016457,2021-09-27 17:00:00,2021,9,27,17,0,78,78551,route forestière des pavillons,48.963067,2.114554,Plein jour,Hors agglomération,Intersection en T,Normale,Deux véhicules - frontale,4,2,2,0,1,1,2,0,1,50,,2,1,0,0,1,76.0,31.0,,,1,1,3,1,1
202100016458,2021-09-22 10:05:00,2021,9,22,10,5,78,78361,BLD DES CYGNES,48.997476,1.714264,Plein jour,En agglomération,Hors intersection,Normale,Deux véhicules - frontale,4,2,2,0,1,1,1,0,1,50,,2,1,0,0,1,20.0,,,,1,2,1,1,1
202100016459,2021-09-27 15:00:00,2021,9,27,15,0,77,77288,ROND POINT DE L'EUROPE,48.55235,2.64402,Plein jour,En agglomération,Giratoire,Normale,Autre collision,3,1,2,0,1,1,1,9,1,50,,1,0,0,0,1,32.0,,,,1,2,6,1,6
202100016460,2021-09-27 14:45:00,2021,9,27,14,45,77,77111,AV HERGE,48.85995,2.77702,Plein jour,En agglomération,Hors intersection,Pluie légère,Deux véhicules - arrière,4,2,2,0,1,1,2,0,1,50,,2,1,0,0,1,58.0,47.0,,,1,2,1,2,2
202100016461,2021-09-28 00:25:00,2021,9,28,0,25,76,76540,RONDEAUX. AVENUE JEAN,49.43388,1.07611,Nuit avec éclairage allumé,En agglomération,Intersection en X,Normale,Deux véhicules - côté,2,2,4,0,1,1,1,0,1,50,,4,3,0,0,1,20.0,20.0,,,5,2,2,1,3
202100016462,2021-09-27 18:05:00,2021,9,27,18,5,76,76497,BRIAND. RUE ARISTIDE (CD 3),49.38461,1.02162,Plein jour,En agglomération,Intersection en T,Normale,Deux véhicules - côté,4,2,2,0,1,1,1,0,1,30,,2,1,0,1,0,23.0,27.0,,,1,2,3,1,3
202100016463,2021-09-26 01:00:00,2021,9,26,1,0,76,76270,RD 31,49.55284,0.14015,Nuit sans éclairage public,Hors agglomération,Hors intersection,Normale,Autre collision,3,2,2,0,1,1,1,8,1,50,,1,0,0,1,0,39.0,,,,3,1,1,1,6
202100016464,2021-09-24 20:30:00,2021,9,24,20,30,76,76351,Rue Andreï Sakharov,49.50482,0.16877,Nuit avec éclairage allumé,En agglomération,Intersection en X,Normale,Deux véhicules - frontale,4,2,3,0,1,1,1,0,1,50,,2,1,1,0,0,62.0,23.0,,,5,2,2,1,1
202100016465,2021-09-27 13:45:00,2021,9,27,13,45,68,68224,COLMAR (AVENUE DE),47.75496,7.33644,Plein jour,En agglomération,Intersection en X,Normale,Autre collision,3,2,2,0,1,1,1,0,1,50,,6,1,0,2,3,35.0,48.0,,,1,2,2,1,6
202100016466,2021-09-25 19:50:00,2021,9,25,19,50,67,67482,VIRGILE (RUE),48.58136,7.69927,Nuit avec éclairage allumé,En agglomération,Intersection en T,Normale,Deux véhicules - côté,4,2,2,0,1,1,1,0,1,30,,2,1,0,0,1,14.0,43.0,,,5,2,3,1,3