accident_id,datetime,annee,mois,jour,heure,minute,departement,commune_insee,adresse,latitude,longitude,luminosite,agglomeration,intersection,meteo,collision,catr,circ,nbv,vosp,prof,plan,surf,infra,situ,vma,nb_vehicules,nb_usagers,nb_indemnes,nb_tues,nb_blesses_hosp,nb_blesses_legers,age_cond_1,age_cond_2,veh_type_cond_1,veh_type_cond_2,lum_code,agg_code,int_code,atm_code,col_code
202100016467,2021-09-24 12:10:00,2021,9,24,12,10,67,67482,GENERAL DE GAULLE (AVENUE DU),48.57814,7.76926,Plein jour,En agglomération,Hors intersection,Normale,Deux véhicules - arrière,4,3,3,1,1,2,1,0,5,50,,2,1,0,0,1,20.0,25.0,,,1,2,1,1,2
202100016468,2021-09-24 09:40:00,2021,9,24,9,40,67,67482,DRESDE (BOULEVARD DE),48.59929,7.76152,Plein jour,En agglomération,Hors intersection,Normale,Deux véhicules - arrière,4,3,4,1,1,1,1,0,4,50,,2,1,0,0,1,56.0,23.0,,,1,2,1,1,2
202100016469,2021-09-23 08:24:00,2021,9,23,8,24,66,66136,POINCARE (BOULEVARD HENRI),42.6913,2.89664,Plein jour,En agglomération,Hors intersection,Normale,Trois véhicules et plus - en chaîne,4,2,2,0,2,1,1,0,1,50,,3,2,0,0,1,61.0,41.0,,,1,2,1,1,4
202100016470,2021-09-26 21:25:00,2021,9,26,21,25,64,64024,BAYONNE (AVENUE DE),43.4819,-1.5074,Nuit avec éclairage allumé,Hors agglomération,Hors intersection,Normale,Autre collision,3,1,2,0,1,1,1,0,1,30,,1,0,0,0,1,18.0,,,,5,1,1,1,6
202100016471,2021-09-26 11:40:00,2021,9,26,11,40,64,64102,NAVARRE (AVENUE HENRI DE),43.500924,-1.445838,Plein jour,En agglomération,Hors intersection,Normale,Sans collision,3,3,2,0,1,2,1,0,1,50,,2,1,0,0,1,65.0,,,,1,2,1,1,7
202100016472,2021-09-25 07:40:00,2021,9,25,7,40,63,63113,BORDEAUX (AVENUE DE),45.78544,3.06468,Crépuscule ou aube,En agglomération,Intersection en X,Normale,Deux véhicules - côté,7,2,2,0,1,1,1,0,1,50,,2,1,0,0,1,23.0,,,,2,2,2,1,3
202100016473,2021-09-25 12:24:00,2021,9,25,12,24,63,63113,BERTHELOT (BOULEVARD),45.7816,3.07081,Plein jour,En agglomération,Hors intersection,Normale,Autre collision,7,3,4,0,1,1,1,0,1,50,,3,2,0,0,1,54.0,,,,1,2,1,1,6
202100016474,2021-09-23 17:12:00,2021,9,23,17,12,63,63070,MONT-DORE (AVENUE DU),45.74735,3.07073,Plein jour,En agglomération,Intersection en X,Normale,Deux véhicules - côté,7,2,2,0,1,1,1,0,1,50,,2,1,0,0,1,51.0,41.0,,,1,2,2,1,3
202100016475,2021-09-23 12:45:00,2021,9,23,12,45,63,63113,SERBIE (RUE DE),45.78166,3.08012,Plein jour,En agglomération,Intersection en X,Normale,Deux véhicules - côté,4,2,2,0,1,1,1,0,1,500,,2,1,0,0,1,43.0,31.0,,,1,2,2,1,3
202100016476,2021-09-23 07:33:00,2021,9,23,7,33,63,63019,FERNAND ALBOS (RUE),45.7945785207,3.1628099084,Crépuscule ou aube,En agglomération,Intersection à plus de 4 branches,Normale,Deux véhicules - côté,4,2,2,0,1,1,1,0,1,50,,2,1,0,0,1,47.0,20.0,,,2,2,5,1,3
202100016477,2021-09-22 19:16:00,2021,9,22,19,16,63,63113,BOUSQUET (RUE DR),45.80217,3.10451,Plein jour,En agglomération,Intersection en X,Normale,Deux véhicules - côté,4,2,2,0,1,1,1,0,1,50,,4,1,0,0,3,17.0,24.0,,,1,2,2,1,3
202100016478,2021-09-16 19:50:00,2021,9,16,19,50,63,63113,ITALIE (AVENUE DE L'),45.7820044988,3.0954529345,Crépuscule ou aube,En agglomération,Intersection à plus de 4 branches,Pluie légère,Autre collision,4,1,1,0,2,2,2,0,1,50,,2,1,0,1,0,50.0,,,,2,2,5,2,6
202100016479,2021-09-09 12:40:00,2021,9,9,12,40,63,63070,RD 2089,45.73954,3.07266,Plein jour,Hors agglomération,Hors intersection,Normale,Trois véhicules et plus - collisions multiples,7,3,4,0,2,1,1,0,1,70,,4,1,0,0,3,60.0,43.0,,,1,1,1,1,5
202100016480,2021-09-01 17:20:00,2021,9,1,17,20,62,62587,CD 46,50.43204,2.92203,Plein jour,Hors agglomération,Intersection en Y,Normale,Deux véhicules - côté,1,1,1,0,1,1,1,3,1,50,,2,1,0,1,0,66.0,55.0,,,1,1,4,1,3
202100016481,2021-09-16 09:00:00,2021,9,16,9,0,62,62510,CARPENTIER (R GEORGES),50.423955,2.755937,Plein jour,En agglomération,Intersection en Y,Normale,Autre collision,4,2,1,0,1,1,1,6,1,50,,3,1,0,0,2,38.0,,,,1,2,4,1,6
202100016482,2021-09-27 13:05:00,2021,9,27,13,5,59,59378,MARNE AVENUE DE LA,50.67938,3.11403,Plein jour,Hors agglomération,Hors intersection,Pluie forte,Autre collision,7,3,0,0,1,1,2,0,1,70,,2,1,0,0,1,25.0,41.0,,,1,1,1,3,6
202100016483,2021-09-26 06:20:00,2021,9,26,6,20,56,56121,ZAY (RUE  JEAN ),47.74543,-3.38652,Nuit avec éclairage allumé,En agglomération,Hors intersection,Normale,Autre collision,4,2,2,0,2,1,2,0,3,50,,2,0,0,0,2,22.0,,,,5,2,1,1,6
202100016484,2021-09-25 07:15:00,2021,9,25,7,15,56,56162,Kerscouet,47.70967,-3.43869,Nuit sans éclairage public,Hors agglomération,Giratoire,Normale,Autre collision,3,2,2,0,1,2,1,5,3,50,,1,0,0,0,1,48.0,,,,3,1,6,1,6
202100016485,2021-09-24 17:35:00,2021,9,24,17,35,56,56107,ROUTE DEPARTEMENTALE 29,47.72216,-3.38222,Plein jour,Hors agglomération,Hors intersection,Normale,Deux véhicules - arrière,3,3,4,0,2,1,1,0,1,70,,3,1,0,0,2,72.0,49.0,,,1,1,1,1,2
202100016486,2021-09-24 13:30:00,2021,9,24,13,30,56,56121,COSMAO-DUMANOIR ( BD ),47.75307,-3.3756,Plein jour,En agglomération,Intersection en T,Normale,Deux véhicules - côté,4,2,2,0,1,1,1,0,1,50,,2,1,0,0,1,22.0,20.0,,,1,2,3,1,3
202100016487,2021-09-26 14:15:00,2021,9,26,14,15,54,54578,AIGUILLETTES  (BD 5A A 17A),48.6688401171,6.161065441,Plein jour,En agglomération,Intersection en T,Normale,Deux véhicules - côté,4,2,4,0,1,1,1,0,1,50,,2,1,0,0,1,75.0,46.0,,,1,2,3,1,3
202100016488,2021-09-23 17:00:00,2021,9,23,17,0,54,54273,PEGUY (RUE CHARLES),49.15385,5.87587,Plein jour,En agglomération,Intersection en X,Normale,Deux véhicules - côté,4,2,2,0,1,1,1,0,1,50,,2,1,0,0,1,75.0,21.0,,,1,2,2,1,3
202100016489,2021-09-25 16:15:00,2021,9,25,16,15,52,52235,VILLIERS EN LIEU (ROUTE DE),48.646142,4.905856,Plein jour,Hors agglomération,Hors intersection,Normale,Autre collision,3,-1,2,0,1,2,1,0,1,80,,2,1,0,0,1,18.0,,,,1,1,1,1,6
202100016490,2021-09-27 18:15:00,2021,9,27,18,15,51,51454,Rue Gerbert,49.25074,4.0401,Plein jour,En agglomération,Hors intersection,Normale,Deux véhicules - côté,4,2,2,2,2,1,2,0,1,50,,2,1,0,0,1,85.0,20.0,,,1,2,1,1,3
202100016491,2021-09-27 08:05:00,2021,9,27,8,5,50,50147,MARECHAL JOFFRE,49.05204,-1.44348,Crépuscule ou aube,En agglomération,Intersection en X,Pluie forte,Autre collision,3,2,2,0,1,1,2,5,1,50,,2,1,0,1,0,61.0,,,,2,2,2,3,6
202100016492,2021-09-26 18:35:00,2021,9,26,18,35,49,49328,HOCHE (RUE),47.25306,-0.08041,Plein jour,En agglomération,Giratoire,Pluie légère,Deux véhicules - côté,4,2,2,0,1,1,2,0,1,50,,2,1,0,0,1,25.0,,,,1,2,6,2,3
202100016493,2021-09-26 15:35:00,2021,9,26,15,35,49,49328,DE LATTRE DE TASSIGNY (BLD),47.26626,-0.09124,Plein jour,En agglomération,Autre intersection,Temps couvert,Deux véhicules - frontale,6,-1,-1,0,1,1,1,1,1,20,,2,0,0,1,1,16.0,15.0,,,1,2,9,8,1
202100016494,2021-09-25 16:05:00,2021,9,25,16,5,49,49099,KOENIG (AVENUE DU MARECHAL),47.05175,-0.84997,Plein jour,En agglomération,Giratoire,Pluie forte,Deux véhicules - côté,4,2,3,0,1,1,2,0,1,50,,3,2,0,1,0,86.0,12.0,,,1,2,6,3,3
202100016495,2021-09-27 13:22:00,2021,9,27,13,22,49,49007,DAVIERS BOULEVARD,47.479412,-0.558465,Plein jour,En agglomération,Hors intersection,Normale,Deux véhicules - frontale,4,3,2,0,1,1,1,0,1,50,,3,2,0,0,1,68.0,36.0,,,1,2,1,1,1
202100016496,2021-09-27 08:46:00,2021,9,27,8,46,49,49353,RIOTTEAU,47.4408,-0.49859,Plein jour,En agglomération,Giratoire,Normale,Deux véhicules - côté,4,1,2,0,1,2,1,0,1,30,,2,0,0,1,1,66.0,70.0,,,1,2,6,1,3
202100016497,2021-09-27 12:50:00,2021,9,27,12,50,45,45234,Rue Brise Pain,47.90228,1.88637,Plein jour,En agglomération,Hors intersection,Temps couvert,Deux véhicules - côté,7,2,2,0,1,1,1,0,1,50,,2,1,0,0,1,80.0,14.0,,,1,2,1,8,3
202100016498,2021-09-26 22:40:00,2021,9,26,22,40,45,45004,Rue de la Fontaine,47.9763357691,2.7843300104,Nuit avec éclairage allumé,En agglomération,Giratoire,Normale,Autre collision,4,2,2,0,1,1,1,0,4,50,,1,0,1,0,0,43.0,,,,5,2,6,1,6
202100016499,2021-09-27 14:35:00,2021,9,27,14,35,44,44109,BOULEVARD ROBERT SCHUMAN,47.23654,-1.5686,Plein jour,En agglomération,Hors intersection,Normale,Autre collision,7,2,2,0,1,1,1,0,2,50,,2,1,0,0,1,81.0,,,,1,2,1,1,6
202100016500,2021-09-26 20:40:00,2021,9,26,20,40,41,41018,BAS-RIVIERE (RUE),47.56854,1.32221,Nuit sans éclairage public,En agglomération,Hors intersection,Normale,Autre collision,4,2,2,0,1,1,1,0,4,50,,1,0,0,1,0,68.0,,,,3,2,1,1,6
202100016501,2021-09-27 17:55:00,2021,9,27,17,55,37,37261,WEDELLS (RUE JEANNE),47.406349663,0.7115225465,Plein jour,En agglomération,Hors intersection,Normale,Sans collision,4,2,2,0,2,1,1,0,1,50,,1,0,0,0,1,14.0,,,,1,2,1,1,7
202100016502,2021-09-27 17:00:00,2021,9,27,17,0,33,33522,Cours de la Libération,44.81223,-0.59097,Plein jour,En agglomération,Hors intersection,Normale,Autre collision,4,3,2,2,1,1,1,0,1,50,,2,1,0,0,1,20.0,,,,1,2,1,1,6
202100016503,2021-09-27 08:00:00,2021,9,27,8,0,33,33069,AVE MAL DE LATTRE DE TASSIGNY,44.86437,-0.60482,Plein jour,En agglomération,Hors intersection,Normale,Trois véhicules et plus - collisions multiples,4,3,2,1,1,1,1,0,1,50,,3,2,0,0,1,40.0,20.0,,,1,2,1,1,5
202100016504,2021-09-26 02:50:00,2021,9,26,2,50,33,33063,Cours de l’Yser,44.81953,-0.57235,Nuit avec éclairage allumé,En agglomération,Intersection en X,Normale,Autre collision,4,2,2,0,1,1,2,5,1,30,,5,0,0,4,1,34.0,23.0,,,5,2,2,1,6
202100016505,2021-09-27 08:40:00,2021,9,27,8,40,31,31555,RTE DE SAINT SIMON,43.59012,1.41598,Plein jour,En agglomération,Hors intersection,Temps couvert,Deux véhicules - côté,4,2,5,1,1,1,1,0,5,50,,4,3,0,0,1,20.0,45.0,,,1,2,1,8,3
202100016506,2021-09-27 14:30:00,2021,9,27,14,30,29,29232,Rond point de Kerroue,48.01711,-4.09521,Plein jour,En agglomération,Giratoire,Normale,Deux véhicules - côté,4,1,2,0,1,2,1,5,1,50,,2,1,0,0,1,21.0,57.0,,,1,2,6,1,3
202100016507,2021-09-27 17:30:00,2021,9,27,17,30,27,27229,POLITZER (RUE GEORGES),49.0059694495,1.1430801086,Plein jour,En agglomération,Intersection en T,Normale,Deux véhicules - côté,4,2,5,1,1,1,1,9,1,50,,2,1,0,0,1,45.0,69.0,,,1,2,3,1,3
202100016508,2021-09-27 13:30:00,2021,9,27,13,30,25,25580,DONZELOT (ALLEE P.),47.47638,6.82532,Plein jour,En agglomération,Hors intersection,Normale,Deux véhicules - côté,4,2,1,0,1,1,1,0,1,30,,3,2,0,0,1,28.0,32.0,,,1,2,1,1,3
202100016509,2021-09-26 17:45:00,2021,9,26,17,45,24,24037,D709 (Rte de Mussidan),44.86935,0.45662,Plein jour,Hors agglomération,Hors intersection,Normale,Trois véhicules et plus - collisions multiples,3,2,2,0,1,1,1,0,1,80,,6,3,1,1,1,74.0,31.0,,,1,1,1,1,5
202100016510,2021-09-27 22:47:00,2021,9,27,22,47,17,17306,JOLIOT CURIE (DOCTEUR) (AV),45.6232136328,-1.003244941,Nuit avec éclairage allumé,En agglomération,Intersection en X,Temps couvert,Deux véhicules - côté,4,2,2,1,3,1,1,9,1,50,,2,0,0,0,2,23.0,52.0,,,5,2,2,8,3
202100016511,2021-09-27 08:40:00,2021,9,27,8,40,13,13210,ANDRE BARDON (rue),43.2833701852,5.4266676633,Plein jour,En agglomération,Hors intersection,Normale,Deux véhicules - côté,4,1,4,0,1,1,1,0,1,50,,2,1,0,0,1,30.0,,,,1,2,1,1,3
202100016512,2021-09-26 21:45:00,2021,9,26,21,45,13,13212,BOUYALA D'ARNAUD (BOULEVARD),43.2968476834,5.4426975579,Nuit sans éclairage public,En agglomération,Hors intersection,Normale,Deux véhicules - arrière,4,2,1,1,1,3,1,0,1,50,,2,0,0,0,2,56.0,54.0,,,3,2,1,1,2
202100016513,2021-09-25 15:30:00,2021,9,25,15,30,13,13207,FÉLIX FREGIER (RUE),43.28778,5.35367,Plein jour,En agglomération,Intersection en X,Normale,Deux véhicules - côté,4,2,2,0,1,1,1,5,1,50,,4,2,0,0,2,15.0,56.0,,,1,2,2,1,3
202100016514,2021-09-26 07:00:00,2021,9,26,7,0,13,13205,JEAN MOULIN (BOULEVARD),43.28707,5.40238,Nuit sans éclairage public,En agglomération,Hors intersection,Pluie légère,Autre collision,4,1,2,0,1,2,3,0,1,50,,2,0,0,0,2,28.0,,,,3,2,1,2,6
202100016515,2021-09-23 17:30:00,2021,9,23,17,30,13,13028,CROZET (AVENUE LOUIS ),43.17942,5.59974,Plein jour,En agglomération,Hors intersection,Normale,Deux véhicules - arrière,4,2,2,0,1,1,1,0,1,50,,2,0,0,0,2,28.0,16.0,,,1,2,1,1,2
202100016516,2021-09-24 17:40:00,2021,9,24,17,40,11,11262,RD 6009 NARBONNE - PERPIGNAN,43.19204,3.02875,Plein jour,En agglomération,Hors intersection,Normale,Deux véhicules - côté,3,2,2,0,1,1,1,9,1,50,,2,1,0,0,1,69.0,,,,1,2,1,1,3
202100016517,2021-09-27 12:45:00,2021,9,27,12,45,10,10343,DIJON (RUE DE),48.26714,4.08963,Plein jour,En agglomération,Intersection en X,Normale,Deux véhicules - côté,3,2,2,0,1,1,1,0,1,50,,2,1,0,0,1,20.0,45.0,,,1,2,2,1,3
202100016518,2021-09-25 12:30:00,2021,9,25,12,30,06,06027,JAURES AVENUE JEAN,43.65866,7.16953,Plein jour,En agglomération,Hors intersection,Normale,Autre collision,7,2,4,0,1,1,1,0,1,50,,2,1,0,0,1,32.0,,,,1,2,1,1,6
202100016519,2021-09-24 20:40:00,2021,9,24,20,40,92,92036,G.PERI (RUE)194 A 416 249 A 435 ,48.913760247,2.2961150855,Plein jour,En agglomération,Hors intersection,Normale,Deux véhicules - côté,3,2,2,0,1,1,1,0,1,50,,2,1,0,0,1,42.0,48.0,,,1,2,1,1,3
202100016520,2021-09-24 06:32:00,2021,9,24,6,32,976,97611,passamanty-Mnadzi moja (rue ),-12.80099,45.20831,Plein jour,En agglomération,Hors intersection,Normale,Autre collision,4,2,2,0,1,1,1,9,1,50,,2,0,0,0,2,41.0,,,,1,2,1,1,6
202100016521,2021-09-24 16:55:00,2021,9,24,16,55,91,91161,RUE DE GRAVIGNY,48.695297,2.308085,Plein jour,En agglomération,Hors intersection,Normale,Autre collision,4,2,2,0,1,1,1,6,8,50,,2,1,0,0,1,70.0,,,,1,2,1,1,6
202100016522,2021-09-26 09:05:00,2021,9,26,9,5,78,78350,VERSAILLES (ROUTE DE),48.84845,2.10881,Plein jour,Hors agglomération,Hors intersection,Normale,Autre collision,2,3,4,0,1,1,1,0,1,70,,2,1,0,0,1,53.0,,,,1,1,1,1,6
202100016523,2021-09-24 16:10:00,2021,9,24,16,10,77,77186,D417,48.40159,2.69665,Plein jour,En agglomération,Intersection en T,Normale,Autre collision,3,2,2,0,1,1,1,0,1,50,,4,2,0,0,2,44.0,71.0,,,1,2,3,1,6
202100016524,2021-09-23 10:25:00,2021,9,23,10,25,68,68066,FRIBOURG (AVENUE DE),48.06947,7.36058,Plein jour,En agglomération,Intersection en X,Normale,Autre collision,4,2,2,0,1,1,1,0,1,50,,3,1,0,0,2,80.0,,,,1,2,2,1,6
202100016525,2021-09-23 17:25:00,2021,9,23,17,25,52,52121,2 Rue Faraday,48.0911,5.13867,Plein jour,En agglomération,Hors intersection,Normale,Autre collision,4,2,1,0,1,1,1,0,1,50,,3,1,0,0,2,55.0,,,,1,2,1,1,6
202100016526,2021-09-23 16:25:00,2021,9,23,16,25,42,42095,Rue Jean Jaurès,45.391227,4.289563,Plein jour,En agglomération,Hors intersection,Normale,Autre collision,7,2,2,0,1,1,1,0,1,30,,2,1,0,0,1,23.0,,,,1,2,1,1,6
202100016527,2021-09-23 21:35:00,2021,9,23,21,35,35,35238,GUILLOUX (LOUIS),48.112,-1.70233,Nuit avec éclairage allumé,En agglomération,Intersection en X,Normale,Deux véhicules - frontale,4,2,5,0,1,1,1,0,1,50,,2,1,0,1,0,20.0,18.0,,,5,2,2,1,1
202100016528,2021-09-26 01:30:00,2021,9,26,1,30,94,94003,FABIEN (BOULEVARD DU COLONEL),48.8018175789,2.3357587865,Nuit avec éclairage allumé,En agglomération,Autre intersection,Normale,Deux véhicules - frontale,4,2,2,0,1,1,1,9,1,50,,2,1,0,0,1,20.0,38.0,,,5,2,9,1,1
202100016529,2021-09-25 20:10:00,2021,9,25,20,10,94,94017,A4,48.8275,2.50832,Nuit avec éclairage allumé,Hors agglomération,Hors intersection,Normale,Trois véhicules et plus - en chaîne,1,3,8,0,1,1,1,1,1,90,,8,5,0,0,3,21.0,25.0,,,5,1,1,1,4
202100016530,2021-06-02 11:38:00,2021,6,2,11,38,17,17415,GAMBETTA 74 A 162 ET 29 A 183 AVENUE,45.74667,-0.62426,Plein jour,En agglomération,Hors intersection,Normale,Autre collision,4,2,2,0,1,1,1,6,8,50,,2,1,0,1,0,20.0,,,,1,2,1,1,6
202100016531,2021-05-09 17:15:00,2021,5,9,17,15,92,92044,MARIUS AUFAN(RUE) 1A67 ET 2A78,48.888372657,2.2868379951,Plein jour,En agglomération,Intersection en X,Normale,Deux véhicules - côté,4,1,1,0,1,1,1,0,1,50,,2,1,0,0,1,58.0,51.0,,,1,2,2,1,3
202100016532,2021-09-27 18:05:00,2021,9,27,18,5,75,75119,RUE DU CHEMIN DE FER,48.8996790975,2.3891969106,Plein jour,En agglomération,Hors intersection,Normale,Autre collision,4,2,2,0,1,1,2,0,1,30,,2,1,0,0,1,30.0,,,,1,2,1,1,6
202100016533,2021-09-27 05:45:00,2021,9,27,5,45,75,75117,BOULEVARD DE COURCELLES,48.878854,2.30176,Nuit avec éclairage allumé,En agglomération,Intersection en T,Normale,Deux véhicules - côté,4,2,4,0,1,1,2,0,1,30,,2,1,0,0,1,22.0,,,,5,2,3,1,3
202100016534,2021-09-24 23:58:00,2021,9,24,23,58,75,75117,RUE LA CONDAMINE,48.886379,2.322376,Nuit avec éclairage allumé,En agglomération,Intersection en X,Normale,Deux véhicules - côté,4,2,2,0,1,1,1,0,1,30,,3,1,0,0,2,24.0,42.0,,,5,2,2,1,3
202100016535,2021-09-27 17:05:00,2021,9,27,17,5,75,75115,RUE DUTOT,48.8382240598,2.3083367293,Plein jour,En agglomération,Intersection en X,Temps couvert,Autre collision,4,2,2,0,1,1,2,0,1,30,,2,1,0,0,1,49.0,,,,1,2,2,8,6
202100016536,2021-09-27 17:45:00,2021,9,27,17,45,75,75113,RUE DE TOLBIAC,48.830159,2.376014,Plein jour,En agglomération,Hors intersection,Normale,Autre collision,4,2,4,0,1,1,1,0,1,30,,2,1,0,0,1,55.0,,,,1,2,1,1,6
202100016537,2021-09-27 08:20:00,2021,9,27,8,20,75,75113,AVENUE DE LA PORTE D ITALIE,48.8164500047,2.3603002277,Plein jour,En agglomération,Intersection en X,Normale,Deux véhicules - côté,4,2,6,0,1,2,2,0,1,30,,2,1,0,0,1,35.0,23.0,,,1,2,2,1,3
202100016538,2021-09-27 00:15:00,2021,9,27,0,15,75,75113,PLACE VALHUBERT,48.8442337908,2.3647702631,Nuit avec éclairage allumé,En agglomération,Place,Normale,Deux véhicules - côté,4,2,3,0,1,2,1,0,1,30,,2,1,0,0,1,41.0,29.0,,,5,2,7,1,3
202100016539,2021-09-27 20:00:00,2021,9,27,20,0,75,75112,RUE DU RENDEZ VOUS,48.845059,2.404911,Nuit avec éclairage allumé,En agglomération,Hors intersection,Normale,Autre collision,4,2,2,0,1,1,2,0,1,30,,2,1,0,0,1,58.0,,,,5,2,1,1,6
202100016540,2021-09-27 18:05:00,2021,9,27,18,5,75,75111,BOULEVARD VOLTAIRE,48.850398,2.392517,Plein jour,En agglomération,Intersection à plus de 4 branches,Normale,Deux véhicules - côté,4,2,4,1,1,1,1,0,5,30,,2,1,0,0,1,16.0,63.0,,,1,2,5,1,3
202100016541,2021-09-27 11:50:00,2021,9,27,11,50,75,75108,AVENUE DES CHAMPS ELYSEES,48.8710888101,2.3034878377,Plein jour,En agglomération,Intersection en T,Pluie légère,Deux véhicules - côté,4,2,8,1,1,1,2,0,5,30,,2,1,0,1,0,30.0,28.0,,,1,2,3,2,3
202100016542,2021-09-27 05:50:00,2021,9,27,5,50,75,75103,BOULEVARD DES FILLES DU CALVAIRE,48.8624707594,2.3668895303,Nuit avec éclairage allumé,En agglomération,Intersection en X,Normale,Autre collision,4,2,4,0,1,1,1,0,1,50,,1,0,0,0,1,30.0,,,,5,2,2,1,6
202100016543,2021-09-26 12:00:00,2021,9,26,12,0,94,94080,PAIX (R DE LA),48.84996,2.43201,Plein jour,En agglomération,Hors intersection,Normale,Deux véhicules - arrière,4,1,0,0,1,1,1,0,1,50,,2,1,0,0,1,42.0,54.0,,,1,2,1,1,2
202100016544,2021-09-26 10:00:00,2021,9,26,10,0,94,94042,Avenue Pierre Mendès- France,48.81429,2.46251,Plein jour,En agglomération,Hors intersection,Normale,Deux véhicules - côté,3,2,2,0,1,1,1,0,1,50,,2,1,0,0,1,20.0,43.0,,,1,2,1,1,3
202100016545,2021-09-27 09:25:00,2021,9,27,9,25,94,94046,GENERAL DE GAULLE (AV DU),48.8151,2.4204,Plein jour,En agglomération,Hors intersection,Pluie légère,Deux véhicules - côté,3,3,4,0,1,1,2,0,1,50,,2,0,0,0,2,27.0,,,,1,2,1,2,3
202100016546,2021-09-27 08:45:00,2021,9,27,8,45,94,94016,Boulevard de la Vanne,48.78643,2.33876,Plein jour,En agglomération,Giratoire,Pluie légère,Deux véhicules - côté,4,2,2,0,1,1,2,0,1,50,,2,1,0,0,1,15.0,55.0,,,1,2,6,2,3
202100016547,2021-09-09 18:55:00,2021,9,9,18,55,94,94021,Rue du Père Mazurié,48.77135,2.35576,Plein jour,En agglomération,Hors intersection,Normale,Autre collision,3,1,1,0,1,1,1,0,1,50,,2,1,0,0,1,27.0,,,,1,2,1,1,6
202100016548,2021-09-27 14:15:00,2021,9,27,14,15,94,94077,Avenue Victor Hugo,48.73255,2.41981,Plein jour,En agglomération,Autre intersection,Temps couvert,Deux véhicules - côté,4,2,2,0,1,1,2,0,1,50,,2,1,0,0,1,58.0,57.0,,,1,2,9,8,3
202100016549,2021-09-26 20:35:00,2021,9,26,20,35,94,94077,PASTEUR (AV),48.7374441887,2.4192329401,Nuit avec éclairage allumé,En agglomération,Intersection en X,Normale,Deux véhicules - côté,4,1,1,0,2,1,1,0,1,50,,3,2,0,0,1,26.0,21.0,,,5,2,2,1,3
202100016550,2021-09-26 23:55:00,2021,9,26,23,55,94,94041,Avenue de Verdun,48.81304,2.37049,Nuit avec éclairage allumé,En agglomération,Intersection en X,Normale,Deux véhicules - côté,3,3,4,0,1,1,1,0,1,50,,3,1,0,0,2,20.0,33.0,,,5,2,2,1,3
202100016551,2021-09-27 15:45:00,2021,9,27,15,45,93,93077,Rue Laënnec / Avenue de Rosny,48.8812,2.4953,Plein jour,En agglomération,Intersection en X,Normale,Deux véhicules - côté,3,2,3,0,1,1,1,0,1,50,,2,1,0,0,1,,65.0,,,1,2,2,1,3
202100016552,2021-09-27 12:25:00,2021,9,27,12,25,93,93055,Avenue Jean Lolive,48.89183,2.4066,Plein jour,En agglomération,Hors intersection,Pluie forte,Deux véhicules - côté,3,3,2,1,1,1,2,0,1,50,,2,1,0,0,1,53.0,39.0,,,1,2,1,3,3
202100016553,2021-09-27 13:00:00,2021,9,27,13,0,93,93063,Avenue Paul Vaillant - Couturier,48.885,2.434,Plein jour,En agglomération,Hors intersection,Pluie forte,Autre collision,3,2,2,0,1,1,2,0,1,30,,2,1,0,0,1,50.0,,,,1,2,1,3,6
202100016554,2021-09-26 21:15:00,2021,9,26,21,15,93,93032,Avenue Jean Jaurès,48.88284,2.52628,Nuit avec éclairage allumé,En agglomération,Hors intersection,Pluie légère,Autre collision,3,2,2,0,1,1,2,0,1,50,,3,2,0,0,1,43.0,,,,5,2,1,2,6
202100016555,2021-09-27 17:30:00,2021,9,27,17,30,93,93027,Avenue Jean Jaurès,48.92438,2.40173,Plein jour,En agglomération,Hors intersection,Normale,Autre collision,3,3,3,1,1,1,1,0,1,50,,2,1,0,0,1,36.0,,,,1,2,1,1,6
202100016556,2021-09-27 00:19:00,2021,9,27,0,19,93,93001,PONT BLANC.CHARLES TILLON (RUE)  3/80 =>,48.916,2.3925,Nuit avec éclairage allumé,En agglomération,Hors intersection,Pluie légère,Autre collision,3,1,2,1,1,1,2,0,1,50,,2,1,0,0,1,55.0,,,,5,2,1,2,6
202100016557,2021-09-27 15:30:00,2021,9,27,15,30,92,92075,SADI CARNOT (RUE),48.8224101195,2.2899373474,Plein jour,En agglomération,Intersection en X,Normale,Deux véhicules - côté,4,1,1,1,1,1,2,0,1,20,,2,1,0,0,1,58.0,62.0,,,1,2,2,1,3
202100016558,2021-09-27 11:20:00,2021,9,27,11,20,92,92051,"VICTOR HUGO (BOULEVARD, N° 51 A 75 ET 62",48.89135,2.27523,Plein jour,En agglomération,Hors intersection,Normale,Deux véhicules - côté,4,2,2,0,1,1,2,0,1,50,,2,1,0,0,1,47.0,90.0,,,1,2,1,1,3
202100016559,2021-09-24 19:45:00,2021,9,24,19,45,92,92049,BRIAND AVENUE ARISTIDE N°2 A 114,48.8155671199,2.3256442929,Nuit avec éclairage allumé,En agglomération,Hors intersection,Normale,Deux véhicules - côté,3,2,8,1,1,1,1,0,1,50,,2,1,0,0,1,28.0,65.0,,,5,2,1,1,3
202100016560,2021-09-21 19:40:00,2021,9,21,19,40,92,92036,BASSIN N°5 (ROUTE DU),48.944703,2.295239,Plein jour,En agglomération,Intersection en T,Normale,Deux véhicules - côté,4,2,2,0,1,1,1,0,1,50,,2,1,0,1,0,52.0,21.0,,,1,2,3,1,3
202100016561,2021-09-27 19:30:00,2021,9,27,19,30,92,92035,National ( boulevard ),48.904737614,2.2394151986,Nuit avec éclairage allumé,En agglomération,Hors intersection,Normale,Autre collision,3,2,4,1,1,1,1,0,4,50,,2,1,0,0,1,43.0,,,,5,2,1,1,6