accident_id,datetime,annee,mois,jour,heure,minute,departement,commune_insee,adresse,latitude,longitude,luminosite,agglomeration,intersection,meteo,collision,catr,circ,nbv,vosp,prof,plan,surf,infra,situ,vma,nb_vehicules,nb_usagers,nb_indemnes,nb_tues,nb_blesses_hosp,nb_blesses_legers,age_cond_1,age_cond_2,veh_type_cond_1,veh_type_cond_2,lum_code,agg_code,int_code,atm_code,col_code
202100016562,2021-09-24 19:50:00,2021,9,24,19,50,92,92004,HOTEL DE VILLE   ( PLACE ),48.9100668863,2.2882763571,Crépuscule ou aube,En agglomération,Intersection en T,Normale,Deux véhicules - côté,3,2,0,0,1,1,1,0,1,50,,2,1,0,0,1,11.0,39.0,,,2,2,3,1,3
202100016563,2021-09-23 18:15:00,2021,9,23,18,15,92,92004,DOCTEUR FLEMING ( AVNUE DU ),48.9328433126,2.2794900835,Crépuscule ou aube,En agglomération,Hors intersection,Normale,Autre collision,4,-1,0,0,1,1,1,9,8,50,,3,1,0,1,1,27.0,,,,2,2,1,1,6
202100016564,2021-09-28 05:40:00,2021,9,28,5,40,51,51340,N4,48.7434700141,4.5076158776,Nuit sans éclairage public,Hors agglomération,Hors intersection,Brouillard / fumée,Trois véhicules et plus - en chaîne,2,2,2,0,1,1,2,0,1,80,,5,1,1,3,0,28.0,57.0,,,3,1,1,5,4
202100016565,2021-09-21 09:10:00,2021,9,21,9,10,73,73330,D1504 Route de chambery,45.703519,5.77287,Plein jour,Hors agglomération,Hors intersection,Normale,Autre collision,3,3,2,0,1,1,1,0,1,50,,2,1,0,1,0,60.0,,,,1,1,1,1,6
202100016566,2021-09-26 08:00:00,2021,9,26,8,0,31,31547,3730 route de saint lys Les Aujoulets,43.503523,1.259673,Crépuscule ou aube,En agglomération,Hors intersection,Normale,Deux véhicules - arrière,3,2,2,0,1,1,1,0,1,50,,2,0,0,0,2,18.0,21.0,,,2,2,1,1,2
202100016567,2021-09-28 07:50:00,2021,9,28,7,50,23,23247,Lavaud,46.224503,1.741258,Plein jour,Hors agglomération,Hors intersection,Normale,Autre collision,3,2,2,0,4,1,1,0,1,90,,1,0,0,1,0,54.0,,,,1,1,1,1,6
202100016568,2021-09-28 08:46:00,2021,9,28,8,46,40,40100,D.11 PR 013.700,43.932957,-0.233052,Plein jour,Hors agglomération,Hors intersection,Pluie légère,Deux véhicules - frontale,3,2,2,0,2,2,2,0,1,80,,2,1,0,0,1,71.0,18.0,,,1,1,1,2,1
202100016569,2021-09-25 16:55:00,2021,9,25,16,55,41,41103,Rue René Lelièvre,47.720701,1.010147,Plein jour,En agglomération,Intersection en T,Pluie forte,Deux véhicules - côté,3,2,2,0,1,3,2,0,1,50,,2,1,0,0,1,44.0,26.0,,,1,2,3,3,3
202100016570,2021-09-24 19:10:00,2021,9,24,19,10,56,56001,Bois de Coueslay,47.634583,-2.152162,Crépuscule ou aube,Hors agglomération,Hors intersection,Normale,Sans collision,3,-1,2,0,2,3,1,0,3,80,,1,0,0,1,0,24.0,,,,2,1,1,1,7
202100016571,2021-09-28 09:30:00,2021,9,28,9,30,80,80684,D930,49.756855,2.948971,Plein jour,Hors agglomération,Hors intersection,Normale,Deux véhicules - frontale,3,2,2,0,1,1,1,0,1,80,,3,0,0,0,3,23.0,24.0,,,1,1,1,1,1
202100016572,2021-09-28 15:18:00,2021,9,28,15,18,65,65031,D929,42.905539,0.357329,Plein jour,En agglomération,Hors intersection,Normale,Sans collision,3,2,2,0,2,1,1,0,1,50,,1,0,1,0,0,74.0,,,,1,2,1,1,7
202100016573,2021-09-27 16:10:00,2021,9,27,16,10,69,69248,D308,46.018009,4.31487,Plein jour,Hors agglomération,Intersection en T,Temps couvert,Deux véhicules - côté,3,2,2,0,2,1,1,0,1,80,,3,2,0,1,0,35.0,82.0,,,1,1,3,8,3
202100016574,2021-09-28 09:45:00,2021,9,28,9,45,61,61483,Avenue de la Ferté-Macé,48.55703,-0.412626,Plein jour,En agglomération,Hors intersection,Normale,Autre collision,3,2,2,0,1,1,1,0,1,50,,3,2,0,1,0,69.0,,,,1,2,1,1,6
202100016575,2021-09-25 14:30:00,2021,9,25,14,30,68,68090,2 Rue Zuber,47.496374,7.313443,Plein jour,En agglomération,Hors intersection,Normale,Deux véhicules - frontale,3,2,2,0,2,3,1,0,1,50,,6,5,0,0,1,37.0,40.0,,,1,2,1,1,1
202100016576,2021-09-28 09:45:00,2021,9,28,9,45,25,25309,32 Grande Rue,46.916389,6.308321,Plein jour,En agglomération,Hors intersection,Normale,Autre collision,3,2,2,0,1,1,1,0,1,50,,2,1,1,0,0,22.0,,,,1,2,1,1,6
202100016577,2021-09-27 21:30:00,2021,9,27,21,30,29,29171,D785 - Route de Pont l’Abbé,47.843975,-4.278874,Nuit avec éclairage allumé,En agglomération,Hors intersection,Normale,Sans collision,4,2,2,1,1,1,1,-1,1,30,,1,0,0,1,0,17.0,,,,5,2,1,1,7
202100016578,2021-09-26 18:10:00,2021,9,26,18,10,31,31424,Rue du Languedoc,43.569534,1.2918,Plein jour,En agglomération,Intersection en X,Normale,Deux véhicules - côté,4,2,2,0,2,1,1,0,1,50,,7,6,1,0,0,82.0,36.0,,,1,2,2,1,3
202100016579,2021-09-24 10:15:00,2021,9,24,10,15,38,38547,Avenue Robert Huant,45.26122,5.903767,Plein jour,En agglomération,Intersection en Y,Normale,Deux véhicules - côté,3,2,2,0,1,1,1,0,1,50,,2,1,0,0,1,32.0,45.0,,,1,2,4,1,3
202100016580,2021-09-27 07:00:00,2021,9,27,7,0,38,38229,Chemin du Vieux Chêne,45.208684,5.791147,Crépuscule ou aube,En agglomération,Hors intersection,Normale,Deux véhicules - côté,7,2,2,1,1,1,1,0,5,50,,2,1,0,1,0,26.0,29.0,,,2,2,1,1,3
202100016581,2021-09-26 16:10:00,2021,9,26,16,10,70,70335,Départementale 31,47.429815,6.260405,Plein jour,Hors agglomération,Hors intersection,Normale,Deux véhicules - frontale,3,2,2,0,1,3,1,2,1,80,,6,4,0,0,2,32.0,19.0,,,1,1,1,1,1
202100016582,2021-08-25 00:10:00,2021,8,25,0,10,70,70179,6 Route de Villeparois,47.645207,6.180458,Nuit sans éclairage public,En agglomération,Hors intersection,Normale,Autre collision,3,2,2,0,2,2,1,0,4,30,,4,1,0,1,2,21.0,,,,3,2,1,1,6
202100016583,2021-09-27 19:30:00,2021,9,27,19,30,26,26191,Route de Dieulefit,44.548414,4.793601,Crépuscule ou aube,Hors agglomération,Intersection en T,Normale,Deux véhicules - côté,3,2,2,0,1,1,1,0,1,80,,3,2,0,0,1,25.0,19.0,,,2,1,3,1,3
202100016584,2021-09-17 02:00:00,2021,9,17,2,0,07,07126,Chemin de Lacessas,44.421264,4.424143,Plein jour,Hors agglomération,Autre intersection,Normale,Sans collision,4,2,1,0,1,1,1,0,8,80,,1,0,0,1,0,48.0,,,,1,1,9,1,7
202100016585,2021-09-27 10:25:00,2021,9,27,10,25,40,40234,Route de Bordeaux,43.965641,-0.314988,Plein jour,Hors agglomération,Intersection en X,Normale,Deux véhicules - côté,3,2,2,0,1,1,1,8,1,50,,2,1,0,1,0,82.0,37.0,,,1,1,2,1,3
202100016586,2021-09-27 20:15:00,2021,9,27,20,15,24,24087,Rue de Luziers,44.866185,1.050557,Nuit avec éclairage allumé,En agglomération,Autre intersection,Normale,Autre collision,3,2,2,0,1,1,1,0,4,50,,1,0,0,1,0,37.0,,,,5,2,9,1,6
202100016587,2021-09-25 17:20:00,2021,9,25,17,20,04,04022,RN 202,43.95294,6.367355,Plein jour,En agglomération,Hors intersection,Normale,Sans collision,2,2,2,0,1,1,1,9,1,30,,2,1,0,1,0,63.0,,,,1,2,1,1,7
202100016588,2021-09-27 19:00:00,2021,9,27,19,0,04,04108,RN 85 / Ch du pont triple,44.052002,6.022997,Crépuscule ou aube,En agglomération,Intersection en T,Normale,Trois véhicules et plus - en chaîne,2,2,2,0,1,1,1,0,1,50,,3,2,0,0,1,45.0,42.0,,,2,2,3,1,4
202100016589,2021-09-24 16:50:00,2021,9,24,16,50,28,28172,D28,48.552932,1.669278,Plein jour,Hors agglomération,Giratoire,Normale,Sans collision,3,2,2,0,1,3,1,0,1,80,,1,0,0,0,1,47.0,,,,1,1,6,1,7
202100016590,2021-09-27 18:00:00,2021,9,27,18,0,37,37050,174 Avenue du Grand Sud,47.333546,0.705539,Plein jour,En agglomération,Hors intersection,Normale,Autre collision,6,-1,-1,0,1,1,1,0,1,-1,,2,1,1,0,0,28.0,,,,1,2,1,1,6
202100016591,2021-08-25 01:25:00,2021,8,25,1,25,29,29230,Lieu Dit le Moustoir,47.9502638074,-3.52020326,Nuit sans éclairage public,Hors agglomération,Hors intersection,Normale,Autre collision,3,2,2,0,1,3,1,5,3,70,,1,0,0,1,0,35.0,,,,3,1,1,1,6
202100016592,2021-09-28 10:00:00,2021,9,28,10,0,73,73151,A41 à hauteur de l'aire des Marches,45.460528,6.01025,Plein jour,Hors agglomération,Hors intersection,Normale,Autre collision,1,3,6,0,1,1,1,0,1,130,,1,0,0,1,0,28.0,,,,1,1,1,1,6
202100016593,2021-09-23 12:10:00,2021,9,23,12,10,67,67471,28c Route de Brumath,48.629108,7.729075,Plein jour,En agglomération,Intersection en X,Normale,Autre collision,7,4,3,0,1,1,1,5,4,50,,2,1,0,1,0,86.0,,,,1,2,2,1,6
202100016594,2021-09-27 09:00:00,2021,9,27,9,0,13,13032,Rue du Grand Logis,43.56846,5.354993,Plein jour,En agglomération,Hors intersection,Normale,Deux véhicules - frontale,7,2,2,0,2,1,1,0,1,30,,2,1,0,1,0,42.0,,,,1,2,1,1,1
202100016595,2021-09-27 19:30:00,2021,9,27,19,30,986,98613,Mat 'utu,-13.282039,-176.174018,Nuit avec éclairage allumé,En agglomération,Intersection en X,Normale,Deux véhicules - côté,2,2,2,0,1,1,1,5,1,50,,2,1,0,0,1,61.0,20.0,,,5,2,2,1,3
202100016596,2021-08-26 16:00:00,2021,8,26,16,0,29,29147,Route du Trevoux,47.8975086241,-3.5907412787,Plein jour,Hors agglomération,Hors intersection,Normale,Autre collision,4,2,2,0,1,1,1,0,1,80,,2,1,0,1,0,22.0,,,,1,1,1,1,6
202100016597,2021-09-26 16:05:00,2021,9,26,16,5,30,30258,5 Route d Arles,43.671589,4.437243,Plein jour,En agglomération,Hors intersection,Normale,Deux véhicules - frontale,3,2,2,0,1,1,1,0,1,50,,4,1,0,0,3,34.0,35.0,,,1,2,1,1,1
202100016598,2021-09-28 04:30:00,2021,9,28,4,30,83,83068,Route Departementale 558,43.2895532935,6.4943835189,Nuit sans éclairage public,Hors agglomération,Hors intersection,Normale,Deux véhicules - frontale,3,2,2,0,2,3,1,0,1,70,,2,1,0,1,0,20.0,52.0,,,3,1,1,1,1
202100016599,2021-09-25 12:10:00,2021,9,25,12,10,19,19009,RD 1089 / D58,45.30569,1.818803,Plein jour,Hors agglomération,Intersection en T,Normale,Deux véhicules - arrière,3,2,2,3,1,1,1,0,1,90,,2,1,0,0,1,33.0,61.0,,,1,1,3,1,2
202100016600,2021-09-27 14:30:00,2021,9,27,14,30,59,59341,Rue de Crèvecoeur,50.099458,3.270246,Plein jour,En agglomération,Hors intersection,Pluie légère,Deux véhicules - côté,3,2,2,0,2,3,2,0,1,50,,2,1,0,0,1,18.0,28.0,,,1,2,1,2,3
202100016601,2021-09-27 18:30:00,2021,9,27,18,30,59,59400,68 Rue Jean Jaures,50.6417953353,2.6513184842,Plein jour,En agglomération,Hors intersection,Normale,Autre collision,4,2,2,0,1,1,1,0,1,50,,2,0,0,1,1,34.0,,,,1,2,1,1,6
202100016602,2021-09-27 09:55:00,2021,9,27,9,55,33,33249,ROUTE NATIONALE 230,44.871727,-0.505852,Plein jour,Hors agglomération,Hors intersection,Normale,Trois véhicules et plus - en chaîne,2,3,6,0,1,1,1,0,1,90,,3,2,0,0,1,32.0,44.0,,,1,1,1,1,4
202100016603,2021-09-24 08:40:00,2021,9,24,8,40,59,59426,AUTOROUTE A22,50.7483975102,3.1439039283,Plein jour,Hors agglomération,Hors intersection,Normale,Deux véhicules - arrière,1,3,4,0,1,1,1,0,1,110,,2,1,0,1,0,29.0,25.0,,,1,1,1,1,2
202100016604,2021-09-27 13:10:00,2021,9,27,13,10,91,91136,AUTOROUTE A10,48.71193,2.28948,Plein jour,Hors agglomération,Hors intersection,Pluie légère,Autre collision,1,1,4,0,2,2,2,0,1,70,,1,0,0,0,1,58.0,,,,1,1,1,2,6
202100016605,2021-09-27 11:35:00,2021,9,27,11,35,91,91174,RN 104,48.61046,2.4441,Plein jour,Hors agglomération,Hors intersection,Pluie légère,Sans collision,2,3,6,0,1,1,2,0,1,90,,2,0,0,0,2,19.0,,,,1,1,1,2,7
202100016606,2021-09-27 07:30:00,2021,9,27,7,30,91,91339,RN 104,48.6225,2.2728,Crépuscule ou aube,Hors agglomération,Hors intersection,Normale,Deux véhicules - arrière,2,3,4,0,1,1,1,0,1,110,,2,1,0,0,1,37.0,52.0,,,2,1,1,1,2
202100016607,2021-09-27 00:55:00,2021,9,27,0,55,91,91553,RN 104,48.630554,2.486585,Nuit sans éclairage public,Hors agglomération,Hors intersection,Normale,Autre collision,2,1,8,0,3,1,1,0,1,90,,1,0,0,0,1,42.0,,,,3,1,1,1,6
202100016608,2021-09-27 00:25:00,2021,9,27,0,25,91,91286,AUTOROUTE A6,48.65725,2.376913,Nuit sans éclairage public,Hors agglomération,Hors intersection,Normale,Autre collision,1,1,6,0,1,1,1,0,2,110,,2,1,0,0,1,21.0,,,,3,1,1,1,6
202100016609,2021-09-27 00:05:00,2021,9,27,0,5,92,92076,A13,48.8316944107,2.1492061257,Nuit avec éclairage allumé,Hors agglomération,Hors intersection,Normale,Autre collision,1,-1,3,0,1,1,2,0,1,110,,4,0,0,0,4,39.0,,,,5,1,1,1,6
202100016610,2021-09-27 18:15:00,2021,9,27,18,15,93,93029,AUTOROUTE A86,48.91405,2.43355,Plein jour,Hors agglomération,Hors intersection,Normale,Autre collision,1,3,1,0,2,1,1,1,1,50,,1,0,0,0,1,20.0,,,,1,1,1,1,6
202100016611,2021-09-27 14:18:00,2021,9,27,14,18,93,93029,AUTOROUTE A86,48.92686166,2.420565784,Plein jour,Hors agglomération,Hors intersection,Normale,Sans collision,1,3,6,0,1,2,2,0,1,70,,2,0,0,0,2,24.0,,,,1,1,1,1,7
202100016612,2021-09-27 13:40:00,2021,9,27,13,40,93,93005,AUTOROUTE A3,48.95436,2.47356,Plein jour,Hors agglomération,Hors intersection,Normale,Autre collision,1,1,3,0,1,1,2,0,1,110,,1,0,0,0,1,32.0,,,,1,1,1,1,6
202100016613,2021-09-27 11:00:00,2021,9,27,11,0,93,93053,AUTOROUTE A103,48.88772,2.4728,Plein jour,Hors agglomération,Hors intersection,Pluie légère,Autre collision,1,-1,0,0,1,2,2,0,1,70,,1,0,0,0,1,26.0,,,,1,1,1,2,6
202100016614,2021-09-26 19:00:00,2021,9,26,19,0,93,93008,AUTOROUTE A86,48.9127345676,2.4368072152,Plein jour,Hors agglomération,Hors intersection,Normale,Trois véhicules et plus - en chaîne,1,1,2,0,3,2,2,0,1,50,,7,4,0,0,3,32.0,35.0,,,1,1,1,1,4
202100016615,2021-09-27 16:00:00,2021,9,27,16,0,77,77249,RN104,48.757091,2.615526,Plein jour,Hors agglomération,Hors intersection,Normale,Deux véhicules - côté,2,3,4,0,1,1,2,0,1,90,,2,1,0,0,1,25.0,22.0,,,1,1,1,1,3
202100016616,2021-09-27 13:30:00,2021,9,27,13,30,77,77517,A104,48.898055,2.658831,Plein jour,Hors agglomération,Hors intersection,Pluie légère,Deux véhicules - arrière,1,1,2,0,1,1,2,0,1,90,,2,1,0,0,1,36.0,37.0,,,1,1,1,2,2
202100016617,2021-09-23 14:30:00,2021,9,23,14,30,91,91549,HUREPOIX (AVENUE DU),48.625014,2.345577,Plein jour,En agglomération,Autre intersection,Normale,Autre collision,4,2,2,0,1,1,1,0,8,30,,2,1,0,0,1,55.0,,,,1,2,9,1,6
202100016618,2021-09-22 12:05:00,2021,9,22,12,5,25,25056,CHOPIN RUE FREDERIC,47.26516,6.04208,Plein jour,En agglomération,Hors intersection,Normale,Autre collision,9,-1,1,0,1,1,1,9,6,30,,2,1,0,0,1,44.0,,,,1,2,1,1,6
202100016619,2021-09-16 17:30:00,2021,9,16,17,30,83,83050,MAUDUECH (RUE RENE),43.53526,6.46362,Plein jour,En agglomération,Intersection en Y,Pluie forte,Autre collision,4,-1,2,0,1,3,2,0,1,50,,2,1,0,1,0,47.0,,,,1,2,4,3,6
202100016620,2021-09-03 14:10:00,2021,9,3,14,10,59,59350,MORISSON SQUARE,50.63467,3.06108,Plein jour,En agglomération,Autre intersection,Normale,Autre collision,4,1,0,0,1,2,1,0,1,50,,2,1,0,0,1,23.0,23.0,,,1,2,9,1,6
202100016621,2021-06-18 06:45:00,2021,6,18,6,45,73,73007,Les Gabelins,45.564237,6.230718,Plein jour,Hors agglomération,Hors intersection,Normale,Deux véhicules - côté,6,-1,-1,0,1,1,1,0,1,50,,2,1,0,0,1,27.0,54.0,,,1,1,1,1,3
202100016622,2021-06-17 08:00:00,2021,6,17,8,0,73,73235,D213,45.4322780392,6.3669295469,Plein jour,Hors agglomération,Hors intersection,Normale,Autre collision,3,2,2,0,2,3,3,0,1,80,,1,0,0,1,0,51.0,,,,1,1,1,1,6
202100016623,2021-09-26 11:45:00,2021,9,26,11,45,974,97411,JAURES (BOULEVARD JEAN),-20.88874,55.44725,Plein jour,En agglomération,Intersection en T,Normale,Deux véhicules - arrière,2,3,4,0,1,1,1,0,1,70,,3,2,0,0,1,74.0,67.0,,,1,2,3,1,2
202100016624,2021-09-26 00:40:00,2021,9,26,0,40,69,69259,MARTYRS DE LA RESISTANCE (DES)      (AV),45.69067,4.86986,Nuit avec éclairage allumé,En agglomération,Autre intersection,Normale,Deux véhicules - côté,4,2,2,0,2,1,1,0,1,50,,2,1,0,0,1,59.0,29.0,,,5,2,9,1,3
202100016625,2021-09-26 19:00:00,2021,9,26,19,0,69,69388,JEAN MERMOZ (AV),45.73517,4.87321,Plein jour,En agglomération,Hors intersection,Normale,Deux véhicules - côté,4,2,2,0,1,1,1,0,1,50,,2,1,0,0,1,23.0,,,,1,2,1,1,3
202100016626,2021-09-26 05:20:00,2021,9,26,5,20,69,69386,MARECHAL FOCH (AV),45.77247,4.8431,Nuit avec éclairage allumé,En agglomération,Intersection en X,Temps couvert,Deux véhicules - côté,4,2,3,3,1,1,2,0,1,50,,7,4,0,0,3,31.0,24.0,,,5,2,2,8,3
202100016627,2021-09-26 12:55:00,2021,9,26,12,55,972,97213,BARRIERES (RUE DES),14.615998,-61.00024,Plein jour,En agglomération,Intersection en X,Normale,Deux véhicules - côté,4,-1,1,0,1,1,1,0,1,50,,2,0,0,0,2,42.0,42.0,,,1,2,2,1,3
202100016628,2021-09-26 15:40:00,2021,9,26,15,40,972,97209,PROFESSEUR RAYMOND GARCIN (RUE DU),14.61952,-61.07804,Plein jour,En agglomération,Hors intersection,Normale,Trois véhicules et plus - en chaîne,3,2,2,0,1,1,1,0,1,50,,3,2,0,0,1,61.0,61.0,,,1,2,1,1,4
202100016629,2021-09-26 14:15:00,2021,9,26,14,15,69,69034,GENERAL LECLERC (AV),45.80329,4.86004,Plein jour,En agglomération,Hors intersection,Normale,Autre collision,4,3,2,3,1,1,1,9,1,50,,2,1,0,0,1,48.0,,,,1,2,1,1,6
202100016630,2021-06-25 19:00:00,2021,6,25,19,0,69,69381,PIERRE DUPONT (R),45.77015,4.81786,Crépuscule ou aube,En agglomération,Intersection en T,Normale,Autre collision,4,1,1,1,2,1,1,0,1,50,,3,1,0,0,2,15.0,,,,2,2,3,1,6
202100016631,2021-09-25 18:30:00,2021,9,25,18,30,91,91377,VOIE DE LA VALLEE DE LA BIEVRE,48.73739,2.27012,Plein jour,En agglomération,Hors intersection,Normale,Deux véhicules - frontale,3,2,2,0,1,1,1,0,1,50,,2,1,0,1,0,34.0,27.0,,,1,2,1,1,1
202100016632,2021-09-25 15:30:00,2021,9,25,15,30,91,91657,AV HENRI BARBUSSE,48.69926,2.41723,Plein jour,En agglomération,Autre intersection,Normale,Deux véhicules - côté,3,-1,4,0,1,1,1,0,1,50,,2,1,0,0,1,40.0,40.0,,,1,2,9,1,3
202100016633,2021-09-27 00:00:00,2021,9,27,0,0,88,88160,ARCHETTES (CH. D'),48.1476044917,6.4999178052,Nuit sans éclairage public,Hors agglomération,Intersection en T,Pluie légère,Sans collision,3,2,2,0,1,1,2,0,1,70,,2,0,0,1,1,23.0,,,,3,1,3,2,7
202100016634,2021-09-26 02:00:00,2021,9,26,2,0,83,83137,GUILLEMARD (RUE ROBERT),43.125378,5.924207,Nuit avec éclairage allumé,En agglomération,Hors intersection,Autre,Deux véhicules - arrière,4,3,1,0,1,1,2,0,1,50,,6,1,0,0,5,28.0,26.0,,,5,2,1,9,2
202100016635,2021-09-21 00:10:00,2021,9,21,0,10,83,83098,GANZIN (AVENUE DE),43.10914,6.04426,Nuit sans éclairage public,Hors agglomération,Hors intersection,Normale,Deux véhicules - frontale,7,2,2,0,1,4,1,0,1,90,,3,0,0,1,2,24.0,38.0,,,3,1,1,1,1
202100016636,2021-09-25 18:45:00,2021,9,25,18,45,78,78440,BECHEVILLE (RUE DE),48.98745,1.9122,Plein jour,En agglomération,Giratoire,Normale,Deux véhicules - côté,3,2,-1,-1,1,1,1,-1,1,-1,,2,1,0,0,1,14.0,37.0,,,1,2,6,1,3
202100016637,2021-09-26 14:15:00,2021,9,26,14,15,77,77083,EDOUARD BRANLY (ALLEE),48.850391,2.582891,Plein jour,En agglomération,Intersection en T,Pluie légère,Deux véhicules - côté,4,2,2,0,2,1,2,1,1,50,,3,2,0,1,0,30.0,20.0,,,1,2,3,2,3
202100016638,2021-09-26 00:15:00,2021,9,26,0,15,77,77407,D607,48.54487,2.513035,Nuit sans éclairage public,Hors agglomération,Intersection en T,Normale,Deux véhicules - arrière,3,2,2,0,1,1,1,5,1,90,,4,3,0,1,0,30.0,22.0,,,3,1,3,1,2
202100016639,2021-09-26 03:30:00,2021,9,26,3,30,76,76429,DARNETAL. ROUTE DE,49.4123172891,1.1544024758,Nuit avec éclairage allumé,Hors agglomération,Giratoire,Normale,Sans collision,7,2,2,0,1,1,2,0,1,80,,1,0,0,1,0,23.0,,,,5,1,6,1,7
202100016640,2021-09-26 14:15:00,2021,9,26,14,15,72,72181,ITALIENS (BD DES),47.9562315049,0.2070973419,Plein jour,En agglomération,Hors intersection,Normale,Deux véhicules - côté,3,2,2,0,1,1,2,0,1,70,,3,1,0,2,0,77.0,54.0,,,1,2,1,1,3
202100016641,2021-09-26 03:30:00,2021,9,26,3,30,69,69256,PAUL MARCELLIN (AV),45.7831650532,4.9292376637,Nuit avec éclairage allumé,En agglomération,Hors intersection,Pluie légère,Autre collision,4,2,2,0,1,1,2,0,4,50,,1,0,0,0,1,15.0,,,,5,2,1,2,6
202100016642,2021-09-26 17:55:00,2021,9,26,17,55,65,65440,PALAY (RUE SIMIN),43.23161,0.0615,Plein jour,En agglomération,Giratoire,Normale,Deux véhicules - côté,4,2,2,0,1,1,1,0,1,50,,2,1,0,0,1,52.0,65.0,,,1,2,6,1,3
202100016643,2021-09-25 20:35:00,2021,9,25,20,35,59,59599,MORTAGNE (RUE GUILLAUME DE),50.738642884,3.176691257,Nuit avec éclairage allumé,En agglomération,Intersection en T,Normale,Deux véhicules - frontale,4,2,2,0,1,1,1,0,1,50,,2,1,0,0,1,39.0,,,,5,2,3,1,1
202100016644,2021-09-25 12:30:00,2021,9,25,12,30,59,59599,FOREST (CHAUSSEE FERNAND),50.7377769355,3.1608653069,Plein jour,En agglomération,Hors intersection,Normale,Autre collision,7,1,3,1,1,1,1,0,5,50,,2,1,0,0,1,33.0,42.0,,,1,2,1,1,6
202100016645,2021-09-11 05:20:00,2021,9,11,5,20,59,59350,LEBON PHILLIPE RUE,50.626395,3.096819,Nuit avec éclairage allumé,En agglomération,Intersection en T,Normale,Deux véhicules - frontale,4,2,0,0,1,1,1,0,1,50,,4,2,0,0,2,23.0,,,,5,2,3,1,1
202100016646,2021-09-26 08:02:00,2021,9,26,8,2,49,49007,MEIGNANNE,47.47888,-0.57016,Plein jour,En agglomération,Intersection en X,Temps couvert,Deux véhicules - côté,4,3,2,0,1,1,1,0,1,50,,3,0,0,0,3,20.0,24.0,,,1,2,2,8,3
202100016647,2021-09-26 18:50:00,2021,9,26,18,50,44,44109,ROUTE DE PARIS,47.25008,-1.51967,Plein jour,En agglomération,Hors intersection,Normale,Autre collision,4,2,4,3,1,1,1,0,1,50,,3,1,0,1,1,24.0,,,,1,2,1,1,6
202100016648,2021-09-26 15:30:00,2021,9,26,15,30,35,35051,PORTE DE NORMANDIE,48.14998,-1.60704,Plein jour,Hors agglomération,Hors intersection,Normale,Deux véhicules - arrière,2,3,4,0,1,1,1,0,1,90,,3,1,0,0,2,66.0,56.0,,,1,1,1,1,2
202100016649,2021-09-26 12:50:00,2021,9,26,12,50,35,35281,POTTIER (RUE EUGENE),48.06731,-1.71898,Plein jour,En agglomération,Hors intersection,Normale,Autre collision,4,2,2,0,1,1,1,0,1,50,,2,1,0,0,1,25.0,,,,1,2,1,1,6
202100016650,2021-09-26 18:15:00,2021,9,26,18,15,31,31555,29 PURPAN  (PERIPH OUEST A620),43.5962,1.3969,Plein jour,Hors agglomération,Hors intersection,Normale,Trois véhicules et plus - collisions multiples,1,1,4,0,1,1,1,0,1,90,,4,3,0,0,1,,20.0,,,1,1,1,1,5
202100016651,2021-09-26 11:10:00,2021,9,26,11,10,31,31555,Pont de Constantine,43.60652,1.45615,Plein jour,En agglomération,Hors intersection,Normale,Trois véhicules et plus - collisions multiples,4,2,2,0,3,1,1,2,1,50,,10,4,0,0,6,58.0,50.0,,,1,2,1,1,5
202100016652,2021-09-26 04:20:00,2021,9,26,4,20,31,31555,VA007644 EMPALOT A620 Sortie 24,43.5729185295,1.4376133759,Nuit avec éclairage non allumé,En agglomération,Hors intersection,Pluie légère,Autre collision,1,1,4,0,1,1,2,9,1,90,,1,0,0,1,0,27.0,,,,4,2,1,2,6
202100016653,2021-09-26 17:20:00,2021,9,26,17,20,27,27701,avenue des métiers,49.237495,1.1712543,Plein jour,En agglomération,Hors intersection,Temps couvert,Sans collision,4,2,2,0,1,1,2,0,1,70,,1,0,0,0,1,17.0,,,,1,2,1,8,7
202100016654,2021-09-25 10:20:00,2021,9,25,10,20,25,25462,Vuillecin  (rue de ),46.91817,6.34363,Plein jour,En agglomération,Intersection en Y,Normale,Deux véhicules - côté,4,2,2,0,1,1,1,0,1,50,,2,1,0,0,1,29.0,78.0,,,1,2,4,1,3
202100016655,2021-09-26 20:55:00,2021,9,26,20,55,17,17299,PELTIER RUE DU DOCTEUR,45.9352958207,-0.9645703343,Nuit avec éclairage allumé,En agglomération,Intersection en X,Normale,Deux véhicules - côté,4,2,2,0,1,1,1,0,1,30,,2,1,0,1,0,60.0,21.0,,,5,2,2,1,3
202100016656,2021-09-21 16:07:00,2021,9,21,16,7,16,16089,BREGUET (RUE LOUIS),45.6789291954,-0.3112944961,Plein jour,En agglomération,Giratoire,Normale,Deux véhicules - côté,4,1,2,0,1,2,1,0,1,50,,2,1,0,0,1,75.0,86.0,,,1,2,6,1,3
202100016657,2021-09-25 18:15:00,2021,9,25,18,15,13,13054,PRESIDENT KENNEDY (AV ),43.41751,5.2218,Plein jour,En agglomération,Place,Normale,Deux véhicules - frontale,4,2,2,0,1,1,1,9,1,50,,3,1,0,2,0,22.0,46.0,,,1,2,7,1,1