accident_id,datetime,annee,mois,jour,heure,minute,departement,commune_insee,adresse,latitude,longitude,luminosite,agglomeration,intersection,meteo,collision,catr,circ,nbv,vosp,prof,plan,surf,infra,situ,vma,nb_vehicules,nb_usagers,nb_indemnes,nb_tues,nb_blesses_hosp,nb_blesses_legers,age_cond_1,age_cond_2,veh_type_cond_1,veh_type_cond_2,lum_code,agg_code,int_code,atm_code,col_code
202100016658,2021-09-26 19:20:00,2021,9,26,19,20,13,13215,VISTE (AVENUE DE LA),43.35848,5.35762,Nuit avec éclairage allumé,En agglomération,Hors intersection,Normale,Deux véhicules - frontale,4,2,2,0,1,1,1,0,1,50,,4,0,0,0,4,25.0,32.0,,,5,2,1,1,1
202100016659,2021-09-25 23:00:00,2021,9,25,23,0,13,13207,Corniche John Fitzgérald Kennedy,43.268,5.369,Nuit avec éclairage allumé,En agglomération,Hors intersection,Pluie légère,Trois véhicules et plus - collisions multiples,4,2,3,0,2,2,2,0,1,50,,1,0,0,1,0,55.0,,,,5,2,1,2,5
202100016660,2021-09-25 14:45:00,2021,9,25,14,45,13,13209,CABOT (BOULEVARD),43.26018,5.4158,Plein jour,En agglomération,Intersection en T,Normale,Deux véhicules - côté,4,2,2,0,1,1,1,0,1,50,,2,1,0,0,1,35.0,39.0,,,1,2,3,1,3
202100016661,2021-09-25 22:00:00,2021,9,25,22,0,13,13005,FOCH (COURS MARECHAL),43.29368,5.5679,Nuit sans éclairage public,En agglomération,Hors intersection,Pluie légère,Deux véhicules - côté,4,1,1,0,1,1,2,6,1,30,,2,0,0,0,2,17.0,,,,3,2,1,2,3
202100016662,2021-09-23 17:29:00,2021,9,23,17,29,10,10387,GEORGES POMPIDOU (RUE),48.30123,4.09793,Plein jour,En agglomération,Hors intersection,Normale,Deux véhicules - arrière,4,1,2,0,1,1,1,0,1,50,,3,2,0,0,1,16.0,33.0,,,1,2,1,1,2
202100016663,2021-09-25 17:55:00,2021,9,25,17,55,06,06069,THIERS (AVENUE),43.661501,6.922893,Plein jour,En agglomération,Hors intersection,Normale,Autre collision,3,2,2,0,1,1,1,0,1,50,,2,1,0,0,1,88.0,,,,1,2,1,1,6
202100016664,2021-09-26 14:00:00,2021,9,26,14,0,06,06029,FERRAGE (BOULEVARD DE LA),43.553413,7.014688,Plein jour,En agglomération,Hors intersection,Pluie légère,Deux véhicules - côté,4,3,-1,0,1,1,2,0,1,50,,2,1,0,0,1,35.0,35.0,,,1,2,1,2,3
202100016665,2021-09-24 13:36:00,2021,9,24,13,36,06,06027,ALPES AVENUE DES,43.660024,7.138986,Plein jour,En agglomération,Hors intersection,Normale,Trois véhicules et plus - collisions multiples,7,3,4,1,1,1,1,0,1,50,,3,2,0,0,1,46.0,77.0,,,1,2,1,1,5
202100016666,2021-09-24 12:20:00,2021,9,24,12,20,01,01283,LEVA (RUE / IMPASSE),46.26558,5.657514,Plein jour,En agglomération,Hors intersection,Normale,Autre collision,4,2,2,0,1,1,1,0,1,50,,2,1,0,0,1,20.0,,,,1,2,1,1,6
202100016667,2021-09-24 18:15:00,2021,9,24,18,15,01,01451,D117A,46.23327,5.20034,Plein jour,Hors agglomération,Giratoire,Normale,Deux véhicules - côté,3,1,1,0,1,2,1,9,1,80,,3,2,0,1,0,44.0,31.0,,,1,1,6,1,3
202100016668,2021-09-24 19:00:00,2021,9,24,19,0,75,75120,BD PERIPHERIQUE INTERIEUR,48.850099,2.415106,Crépuscule ou aube,En agglomération,Hors intersection,Normale,Trois véhicules et plus - en chaîne,4,1,4,0,1,1,1,0,1,70,,4,3,0,0,1,40.0,37.0,,,2,2,1,1,4
202100016669,2021-09-25 04:25:00,2021,9,25,4,25,75,75103,BOULEVARD SAINT MARTIN,48.868313,2.359889,Nuit avec éclairage allumé,En agglomération,Hors intersection,Normale,Autre collision,4,2,4,0,1,1,1,0,1,30,,1,0,0,1,0,30.0,,,,5,2,1,1,6
202100016670,2021-09-26 17:39:00,2021,9,26,17,39,75,75120,BOULEVARD MORTIER,48.867945736,2.4088806592,Plein jour,En agglomération,Intersection en X,Pluie légère,Autre collision,4,1,2,0,2,1,2,0,1,50,,2,1,0,0,1,26.0,,,,1,2,2,2,6
202100016671,2021-09-26 17:25:00,2021,9,26,17,25,75,75119,AVENUE SIMON BOLIVAR,48.8792869984,2.3743818243,Plein jour,En agglomération,Intersection en T,Normale,Deux véhicules - arrière,4,2,3,0,2,1,1,0,1,30,,4,1,0,0,3,24.0,44.0,,,1,2,3,1,2
202100016672,2021-09-26 18:40:00,2021,9,26,18,40,75,75117,BOULEVARD DE COURCELLES,48.880815,2.31261,Crépuscule ou aube,En agglomération,Intersection en X,Pluie légère,Deux véhicules - arrière,4,2,5,0,1,1,2,0,1,50,,2,1,0,0,1,52.0,27.0,,,2,2,2,2,2
202100016673,2021-09-25 23:47:00,2021,9,25,23,47,75,75117,BOULEVARD DE REIMS,48.8922674967,2.3010157143,Nuit avec éclairage allumé,En agglomération,Intersection en X,Normale,Deux véhicules - côté,4,1,3,0,1,1,1,0,1,30,,2,1,0,0,1,30.0,,,,5,2,2,1,3
202100016674,2021-09-25 06:04:00,2021,9,25,6,4,75,75117,AVENUE DE LA GRANDE ARMEE,48.876951,2.285051,Nuit avec éclairage allumé,En agglomération,Hors intersection,Normale,Deux véhicules - arrière,4,2,8,0,1,1,1,0,1,50,,4,0,0,0,4,30.0,30.0,,,5,2,1,1,2
202100016675,2021-09-26 18:00:00,2021,9,26,18,0,75,75107,AVENUE DE LA MOTTE PICQUET,48.8553517013,2.3071362635,Plein jour,En agglomération,Intersection en T,Temps couvert,Sans collision,4,2,3,0,1,1,2,0,1,30,,2,1,0,0,1,53.0,,,,1,2,3,8,7
202100016676,2021-09-26 15:00:00,2021,9,26,15,0,75,75115,RUE LINOIS,48.848529,2.282887,Plein jour,En agglomération,Intersection en T,Pluie forte,Autre collision,4,2,5,1,2,1,2,0,5,30,,2,0,0,0,2,28.0,,,,1,2,3,3,6
202100016677,2021-09-26 10:00:00,2021,9,26,10,0,75,75114,RUE DES PLANTES,48.8298849231,2.3231232922,Plein jour,En agglomération,Intersection à plus de 4 branches,Normale,Autre collision,4,3,1,0,1,1,1,0,1,50,,2,1,0,0,1,30.0,,,,1,2,5,1,6
202100016678,2021-09-25 19:35:00,2021,9,25,19,35,75,75114,AVENUE DU GENERAL LECLERC,48.830072,2.328806,Crépuscule ou aube,En agglomération,Intersection en X,Pluie légère,Trois véhicules et plus - collisions multiples,4,2,5,0,1,1,2,0,1,30,,3,2,0,0,1,,53.0,,,2,2,2,2,5
202100016679,2021-09-26 04:20:00,2021,9,26,4,20,75,75119,BOULEVARD DE LA VILLETTE,48.8784387356,2.3704496026,Nuit avec éclairage allumé,En agglomération,Place,Normale,Autre collision,4,1,2,0,1,1,1,0,1,30,,1,0,0,1,0,36.0,,,,5,2,7,1,6
202100016680,2021-09-26 15:15:00,2021,9,26,15,15,75,75109,RUE DE CLICHY,48.879683,2.329223,Plein jour,En agglomération,Intersection en T,Pluie légère,Deux véhicules - côté,4,1,2,0,2,1,2,0,1,30,,3,1,0,0,2,,18.0,,,1,2,3,2,3
202100016681,2021-09-26 15:35:00,2021,9,26,15,35,75,75104,RUE DE LA CITE,48.855667,2.348358,Plein jour,En agglomération,Intersection en X,Pluie forte,Autre collision,4,1,3,0,1,1,2,0,1,30,,2,1,0,0,1,37.0,,,,1,2,2,3,6
202100016682,2021-09-26 14:50:00,2021,9,26,14,50,94,94015,Boulevard du General Gallieni,48.841516,2.522453,Plein jour,En agglomération,Hors intersection,Normale,Autre collision,3,2,2,0,1,1,1,0,4,50,,3,0,0,2,1,67.0,,,,1,2,1,1,6
202100016683,2021-09-30 21:30:00,2021,9,30,21,30,92,92050,CLEMENCEAU GEORGES AVENUE N°IMPAIR,48.8866045667,2.2072327137,Nuit avec éclairage allumé,En agglomération,Hors intersection,Normale,Trois véhicules et plus - en chaîne,3,2,3,0,2,1,1,0,1,50,,3,2,0,0,1,54.0,19.0,,,5,2,1,1,4
202100016684,2021-09-26 17:40:00,2021,9,26,17,40,92,92040,STALINGRAD (QUAI DE),48.8227927499,2.2535046449,Plein jour,En agglomération,Hors intersection,Normale,Deux véhicules - côté,3,1,2,0,1,1,1,0,1,50,,2,1,0,0,1,,19.0,,,1,2,1,1,3
202100016685,2021-09-21 10:40:00,2021,9,21,10,40,92,92035,Général de Gaulle  ( avenue du ),48.909955046,2.2549974918,Plein jour,En agglomération,Hors intersection,Normale,Sans collision,3,2,2,1,1,1,1,0,1,50,,1,0,0,0,1,44.0,,,,1,2,1,1,7
202100016686,2021-09-26 15:20:00,2021,9,26,15,20,92,92060,CHARLES DE GAULLE (AVENUE) RD75 N°1 A 35,48.7781925536,2.259521526,Plein jour,En agglomération,Hors intersection,Pluie forte,Trois véhicules et plus - en chaîne,3,3,3,1,1,1,2,0,1,50,,4,3,0,0,1,33.0,24.0,,,1,2,1,3,4
202100016687,2021-09-26 10:57:00,2021,9,26,10,57,92,92023,FLEURY (RUE DE),48.8140019357,2.2673222423,Plein jour,En agglomération,Intersection en X,Normale,Autre collision,4,2,2,0,2,1,1,0,1,50,,4,0,0,0,4,60.0,19.0,,,1,2,2,1,6
202100016688,2021-09-27 07:10:00,2021,9,27,7,10,976,97610,Pointe Koungou,-12.738642,45.211262,Plein jour,Hors agglomération,Hors intersection,Normale,Deux véhicules - côté,2,2,2,0,1,1,1,0,1,50,,4,3,0,0,1,36.0,53.0,,,1,1,1,1,3
202100016689,2021-09-27 11:55:00,2021,9,27,11,55,35,35120,avenue de beauvais,48.21864,-1.790922,Plein jour,En agglomération,Giratoire,Normale,Deux véhicules - frontale,7,1,1,0,1,3,1,5,1,50,,2,1,0,1,0,18.0,38.0,,,1,2,6,1,1
202100016690,2021-09-14 13:04:00,2021,9,14,13,4,01,01004,Avenue de Verdun,45.959703,5.348834,Plein jour,En agglomération,Hors intersection,Normale,Autre collision,3,2,2,0,2,1,1,0,1,50,,2,1,0,0,1,74.0,,,,1,2,1,1,6
202100016691,2021-09-25 19:15:00,2021,9,25,19,15,43,43074,intersection RN 2102 ET RD14,45.337381,3.362975,Plein jour,Hors agglomération,Intersection en T,Normale,Sans collision,3,2,2,0,1,2,1,0,1,80,,1,0,0,1,0,41.0,,,,1,1,3,1,7
202100016692,2021-09-25 01:15:00,2021,9,25,1,15,40,40296,Avenue des Lacs,43.708129,-1.422536,Nuit sans éclairage public,Hors agglomération,Hors intersection,Normale,Autre collision,3,2,2,0,1,1,1,0,3,80,,1,0,0,1,0,25.0,,,,3,1,1,1,6
202100016693,2021-09-23 12:20:00,2021,9,23,12,20,31,31035,D813,43.530683,1.4875,Plein jour,En agglomération,Hors intersection,Normale,Deux véhicules - frontale,3,3,1,0,1,1,1,0,1,50,,2,1,0,1,0,61.0,20.0,,,1,2,1,1,1
202100016694,2021-09-23 14:20:00,2021,9,23,14,20,21,21599,A31,47.607407,5.193615,Plein jour,Hors agglomération,Hors intersection,Normale,Trois véhicules et plus - collisions multiples,1,3,3,0,1,1,1,0,1,130,,7,3,0,2,2,76.0,32.0,,,1,1,1,1,5
202100016695,2021-09-26 20:35:00,2021,9,26,20,35,22,22185,RN.12,48.375366,-2.358182,Nuit sans éclairage public,Hors agglomération,Autre intersection,Normale,Deux véhicules - arrière,2,3,4,3,1,1,1,0,1,110,,2,1,0,0,1,22.0,39.0,,,3,1,9,1,2
202100016696,2021-09-26 13:55:00,2021,9,26,13,55,26,26010,Route d Epinouze,45.286768,4.91003,Plein jour,Hors agglomération,Intersection en Y,Normale,Deux véhicules - frontale,3,2,2,0,1,1,1,0,1,80,,4,0,0,2,2,69.0,35.0,,,1,1,4,1,1
202100016697,2021-09-25 16:19:00,2021,9,25,16,19,68,68315,D431,47.873089,7.128542,Plein jour,Hors agglomération,Hors intersection,Normale,Sans collision,3,2,2,0,2,4,1,0,1,70,,1,0,1,0,0,61.0,,,,1,1,1,1,7
202100016698,2021-09-24 10:45:00,2021,9,24,10,45,44,44194,RN 165 - PK 011+450,47.256542,-1.687836,Plein jour,Hors agglomération,Autre intersection,Normale,Autre collision,2,3,5,0,1,1,1,0,1,110,,1,0,0,1,0,59.0,,,,1,1,9,1,6
202100016699,2021-09-24 18:00:00,2021,9,24,18,0,47,47165,D116,44.524286,0.021361,Plein jour,Hors agglomération,Hors intersection,Normale,Sans collision,3,2,2,0,2,1,9,0,1,80,,1,0,0,1,0,24.0,,,,1,1,1,1,7
202100016700,2021-09-20 15:15:00,2021,9,20,15,15,30,30356,Mas de Peyre,43.825061,4.419615,Plein jour,Hors agglomération,Giratoire,Normale,Deux véhicules - côté,3,2,2,0,1,3,1,5,1,80,,2,1,0,0,1,62.0,70.0,,,1,1,6,1,3
202100016701,2021-09-21 15:50:00,2021,9,21,15,50,57,57465,D918,49.317164,6.293492,Plein jour,Hors agglomération,Intersection en X,Normale,Trois véhicules et plus - collisions multiples,3,2,2,0,1,1,1,0,1,80,,4,1,0,2,1,21.0,56.0,,,1,1,2,1,5
202100016702,2021-09-27 15:40:00,2021,9,27,15,40,51,51507,Rue Chanzy,49.090861,4.893486,Plein jour,En agglomération,Hors intersection,Normale,Sans collision,3,2,2,0,1,1,1,0,4,50,,2,0,1,0,1,28.0,,,,1,2,1,1,7
202100016703,2021-09-26 21:45:00,2021,9,26,21,45,76,76141,D910,49.63562,0.385079,Nuit sans éclairage public,Hors agglomération,Hors intersection,Normale,Trois véhicules et plus - en chaîne,3,2,2,0,2,1,1,0,1,80,,5,2,2,1,0,20.0,23.0,,,3,1,1,1,4
202100016704,2021-09-25 15:20:00,2021,9,25,15,20,76,76636,D43,49.49595,0.907187,Plein jour,Hors agglomération,Hors intersection,Normale,Trois véhicules et plus - en chaîne,7,2,2,0,2,3,1,0,1,80,,4,2,0,2,0,39.0,28.0,,,1,1,1,1,4
202100016705,2021-09-27 09:20:00,2021,9,27,9,20,79,79351,Route de Faye,46.416193,-0.534956,Plein jour,Hors agglomération,Intersection en X,Temps couvert,Deux véhicules - côté,4,2,2,0,1,1,1,0,1,80,,2,1,0,1,0,42.0,59.0,,,1,1,2,8,3
202100016706,2021-08-25 12:00:00,2021,8,25,12,0,2B,2B096,22 Avenue President Pierucci,42.303858,9.151204,Plein jour,En agglomération,Hors intersection,Normale,Deux véhicules - arrière,2,2,2,0,1,1,1,0,1,50,,2,1,0,0,1,57.0,23.0,,,1,2,1,1,2
202100016707,2021-09-27 13:20:00,2021,9,27,13,20,80,80574,D1001,50.046833,2.051294,Plein jour,Hors agglomération,Intersection en T,Pluie légère,Deux véhicules - côté,3,2,2,0,1,1,2,0,1,80,,3,1,0,0,2,80.0,23.0,,,1,1,3,2,3
202100016708,2021-09-24 05:30:00,2021,9,24,5,30,81,81289,Avenue de Castres,43.5561767926,2.116802673,Nuit avec éclairage allumé,En agglomération,Giratoire,Normale,Deux véhicules - arrière,3,2,2,0,1,1,1,0,1,50,,2,1,0,0,1,21.0,42.0,,,5,2,6,1,2
202100016709,2021-09-27 08:30:00,2021,9,27,8,30,71,71263,86 Rue de Beaufort,46.6239962887,5.2421968376,Crépuscule ou aube,En agglomération,Intersection en T,Normale,Trois véhicules et plus - collisions multiples,3,2,2,0,3,1,1,0,1,50,,4,3,0,1,0,61.0,36.0,,,2,2,3,1,5
202100016710,2021-09-26 10:50:00,2021,9,26,10,50,71,71282,route de st sernin D61,46.831455,4.374511,Plein jour,Hors agglomération,Hors intersection,Normale,Autre collision,3,2,2,0,1,1,2,0,3,70,,1,0,0,1,0,29.0,,,,1,1,1,1,6
202100016711,2021-09-27 13:40:00,2021,9,27,13,40,61,61456,Les Parcs Tuboeuf,48.793696,0.633381,Plein jour,Hors agglomération,Intersection en Y,Normale,Deux véhicules - côté,3,2,2,0,1,1,1,0,1,90,,2,1,0,1,0,58.0,38.0,,,1,1,4,1,3
202100016712,2021-09-24 21:10:00,2021,9,24,21,10,49,49237,les petits chenes cd62,47.461225,0.119412,Nuit sans éclairage public,Hors agglomération,Hors intersection,Normale,Autre collision,3,2,2,0,1,2,1,0,3,80,,1,0,1,0,0,79.0,,,,3,1,1,1,6
202100016713,2021-08-14 20:30:00,2021,8,14,20,30,49,49283,D 961,47.404907,-0.74972,Plein jour,Hors agglomération,Hors intersection,Normale,Autre collision,3,2,2,0,1,2,1,0,3,70,,2,1,0,1,0,42.0,,,,1,1,1,1,6
202100016714,2021-09-27 09:25:00,2021,9,27,9,25,47,47168,Avenue Marcel Cerdan,44.593581,0.363603,Plein jour,En agglomération,Hors intersection,Normale,Autre collision,3,2,2,0,1,1,1,0,1,30,,2,1,0,1,0,,,,,1,2,1,1,6
202100016715,2021-09-13 08:30:00,2021,9,13,8,30,35,35069,18 Rue du Prieuré,48.046512,-1.501522,Plein jour,En agglomération,Hors intersection,Normale,Autre collision,4,2,2,0,3,1,1,0,1,50,,2,1,0,0,1,46.0,,,,1,2,1,1,6
202100016716,2021-09-26 07:08:00,2021,9,26,7,8,35,35297,rue louison Bobet,48.184829531,-2.1859121324,Nuit avec éclairage allumé,En agglomération,Intersection en Y,Pluie légère,Deux véhicules - frontale,3,2,-1,0,1,1,2,0,1,50,,2,1,0,1,0,19.0,49.0,,,5,2,4,2,1
202100016717,2021-09-27 10:50:00,2021,9,27,10,50,29,29274,D4 - Rue Henri Cario,48.018664,-3.720675,Plein jour,En agglomération,Hors intersection,Normale,Deux véhicules - frontale,4,2,2,0,1,1,1,0,1,50,,2,0,0,0,2,53.0,59.0,,,1,2,1,1,1
202100016718,2021-09-25 14:35:00,2021,9,25,14,35,15,15151,N122,45.192589,3.082768,Plein jour,Hors agglomération,Hors intersection,Normale,Autre collision,2,2,2,0,1,3,1,0,3,80,,2,1,0,1,0,81.0,,,,1,1,1,1,6
202100016719,2021-09-26 19:45:00,2021,9,26,19,45,26,26166,2105 Route du Pouzin,44.75545,4.787142,Crépuscule ou aube,Hors agglomération,Hors intersection,Normale,Deux véhicules - frontale,3,2,2,0,1,1,1,0,1,80,,4,0,0,4,0,46.0,74.0,,,2,1,1,1,1
202100016720,2021-09-25 17:20:00,2021,9,25,17,20,58,58224,Le Poteau,47.313777,3.668329,Plein jour,Hors agglomération,Hors intersection,Normale,Sans collision,3,2,2,0,2,1,9,0,3,50,,5,1,0,0,4,42.0,,,,1,1,1,1,7
202100016721,2021-09-26 16:40:00,2021,9,26,16,40,66,66209,Route Nationale 116,42.526345,2.237016,Plein jour,Hors agglomération,Hors intersection,Normale,Sans collision,2,2,2,0,1,4,1,0,3,-1,,1,0,0,0,1,30.0,,,,1,1,1,1,7
202100016722,2021-09-27 12:30:00,2021,9,27,12,30,50,50142,D 116,49.696742,-1.388971,Plein jour,Hors agglomération,Intersection en Y,Normale,Deux véhicules - côté,3,2,2,0,1,1,1,0,1,80,,2,1,0,0,1,65.0,39.0,,,1,1,4,1,3
202100016723,2021-09-27 07:10:00,2021,9,27,7,10,09,09103,D919,43.027584,1.575208,Nuit sans éclairage public,Hors agglomération,Hors intersection,Normale,Deux véhicules - côté,3,2,2,0,2,1,1,0,1,80,,2,1,0,1,0,52.0,33.0,,,3,1,1,1,3
202100016724,2021-08-26 09:28:00,2021,8,26,9,28,60,60392,D1032,49.4829971053,2.8618483542,Plein jour,Hors agglomération,Hors intersection,Temps couvert,Autre collision,3,3,4,0,1,1,1,0,3,110,,1,0,1,0,0,29.0,,,,1,1,1,8,6
202100016725,2021-09-25 11:15:00,2021,9,25,11,15,07,07130,N102,44.724025,4.004967,Plein jour,Hors agglomération,Hors intersection,Normale,Deux véhicules - frontale,2,2,2,0,2,3,1,0,1,80,,2,1,0,1,0,51.0,73.0,,,1,1,1,1,1
202100016726,2021-09-26 19:05:00,2021,9,26,19,5,53,53218,D552,48.20409,-0.377215,Plein jour,Hors agglomération,Hors intersection,Normale,Deux véhicules - frontale,3,2,2,0,2,3,1,0,1,80,,2,1,0,1,0,15.0,19.0,,,1,1,1,1,1
202100016727,2021-09-26 17:30:00,2021,9,26,17,30,88,88247,Rue de Lorraine,48.274743,6.395604,Plein jour,En agglomération,Intersection en X,Normale,Deux véhicules - arrière,3,2,2,0,1,3,1,0,1,50,,2,0,0,1,1,30.0,22.0,,,1,2,2,1,2
202100016728,2021-08-24 18:30:00,2021,8,24,18,30,10,10095,Autoroute A26 Calais Troyes,48.567339,4.191975,Plein jour,Hors agglomération,Hors intersection,Normale,Deux véhicules - arrière,1,1,4,0,1,1,1,0,1,130,,3,1,0,0,2,22.0,64.0,,,1,1,1,1,2
202100016729,2021-09-19 11:50:00,2021,9,19,11,50,35,35131,RD 125,48.130568,-1.817199,Plein jour,Hors agglomération,Intersection en X,Normale,Deux véhicules - côté,7,2,2,0,1,1,1,0,1,80,,2,1,0,1,0,45.0,29.0,,,1,1,2,1,3
202100016730,2021-09-27 16:11:00,2021,9,27,16,11,69,69244,LIEUTENANT AUDRAS (R),45.760813,4.757933,Plein jour,En agglomération,Intersection en Y,Normale,Autre collision,4,1,1,0,1,1,1,0,1,30,,4,3,0,0,1,36.0,,,,1,2,4,1,6
202100016731,2021-09-26 15:10:00,2021,9,26,15,10,06,06152,D103,43.608096,7.054896,Plein jour,Hors agglomération,Intersection en X,Temps couvert,Deux véhicules - côté,3,1,2,0,1,1,2,5,1,70,,3,1,0,0,2,47.0,60.0,,,1,1,2,8,3
202100016732,2021-09-27 05:15:00,2021,9,27,5,15,79,79276,Autoroute A10,46.392959,-0.19054,Nuit sans éclairage public,Hors agglomération,Hors intersection,Autre,Trois véhicules et plus - collisions multiples,1,3,4,0,2,3,9,0,2,130,,6,5,0,1,0,39.0,24.0,,,3,1,1,9,5
202100016733,2021-09-26 22:30:00,2021,9,26,22,30,17,17354,A10,45.615962,-0.605192,Nuit sans éclairage public,Hors agglomération,Hors intersection,Normale,Trois véhicules et plus - en chaîne,1,3,4,0,2,1,1,9,1,130,,11,9,0,1,1,70.0,21.0,,,3,1,1,1,4
202100016734,2021-09-13 13:20:00,2021,9,13,13,20,84,84019,Autoroute A7 sens bretelle de Bollène1,44.297446,4.746185,Plein jour,Hors agglomération,Autre intersection,Normale,Sans collision,1,1,1,0,1,1,1,0,3,130,,4,0,0,0,4,22.0,,,,1,1,9,1,7
202100016735,2021-09-26 21:00:00,2021,9,26,21,0,973,97311,Stade Municipal Long René,5.500344,-54.028224,Nuit avec éclairage allumé,En agglomération,Giratoire,Normale,Sans collision,3,2,1,1,1,1,1,9,8,50,,2,0,0,1,1,37.0,,,,5,2,6,1,7
202100016736,2021-09-22 11:20:00,2021,9,22,11,20,971,97119,Boulevard de Démérée,16.380844,-61.455897,Plein jour,Hors agglomération,Hors intersection,Normale,Trois véhicules et plus - en chaîne,2,2,2,0,3,4,1,0,1,80,,3,1,0,1,1,72.0,72.0,,,1,1,1,1,4
202100016737,2021-09-24 21:25:00,2021,9,24,21,25,77,77104,N4,48.720202,2.843635,Nuit sans éclairage public,Hors agglomération,Hors intersection,Normale,Sans collision,2,3,4,0,1,3,1,0,1,110,,1,0,0,1,0,23.0,,,,3,1,1,1,7
202100016738,2021-09-26 16:05:00,2021,9,26,16,5,95,95002,Rue Louis Pasteur,49.093843,1.976954,Plein jour,En agglomération,Hors intersection,Pluie légère,Deux véhicules - frontale,3,2,2,0,2,3,2,0,1,50,,2,1,0,1,0,26.0,50.0,,,1,2,1,2,1
202100016739,2021-09-24 16:40:00,2021,9,24,16,40,78,78683,6 Route de Saint-Germain,48.809746,1.882959,Plein jour,En agglomération,Hors intersection,Normale,Autre collision,6,-1,-1,0,1,1,1,6,8,30,,2,1,0,1,0,,,,,1,2,1,1,6
202100016740,2021-09-27 08:30:00,2021,9,27,8,30,21,21606,D974,47.080612,4.891063,Crépuscule ou aube,Hors agglomération,Hors intersection,Normale,Autre collision,3,2,3,0,2,2,1,0,3,90,,1,0,1,0,0,56.0,,,,2,1,1,1,6
202100016741,2021-09-25 09:56:00,2021,9,25,9,56,21,21038,80 Rue de la Petite Plaine,47.188433,5.414114,Plein jour,En agglomération,Hors intersection,Normale,Sans collision,4,2,2,0,1,1,1,0,1,50,,1,0,0,1,0,38.0,,,,1,2,1,1,7
202100016742,2021-09-21 23:50:00,2021,9,21,23,50,67,67348,RD 426,48.453919,7.474426,Nuit sans éclairage public,Hors agglomération,Hors intersection,Normale,Autre collision,3,2,2,0,1,1,1,0,1,80,,2,0,1,1,0,30.0,,,,3,1,1,1,6
202100016743,2021-09-27 17:35:00,2021,9,27,17,35,42,42155,Route de Saint Germain Laval,45.806457,4.140515,Plein jour,Hors agglomération,Intersection en X,Temps couvert,Deux véhicules - frontale,3,2,1,0,1,1,1,0,1,80,,2,1,0,0,1,74.0,55.0,,,1,1,2,8,1
202100016744,2021-09-27 10:00:00,2021,9,27,10,0,42,42147,Avenue de Pleuvey,45.6059088327,4.0773921442,Plein jour,En agglomération,Hors intersection,Normale,Autre collision,4,2,2,0,3,1,1,0,1,50,,1,0,0,1,0,52.0,,,,1,2,1,1,6
202100016745,2021-08-24 19:10:00,2021,8,24,19,10,38,38298,Avenue Jacques Prévert,45.371259,4.801165,Plein jour,En agglomération,Intersection en X,Normale,Deux véhicules - côté,2,1,2,1,1,1,1,5,1,50,,2,1,0,1,0,18.0,18.0,,,1,2,2,1,3
202100016746,2021-09-25 16:45:00,2021,9,25,16,45,26,26085,Route des iles,44.523177,4.715517,Plein jour,Hors agglomération,Hors intersection,Pluie légère,Sans collision,3,2,2,0,1,1,2,0,8,80,,1,0,1,0,0,61.0,,,,1,1,1,2,7
202100016747,2021-09-27 09:20:00,2021,9,27,9,20,26,26064,Rond point de la Fusée,44.90306,5.008693,Plein jour,Hors agglomération,Giratoire,Normale,Deux véhicules - côté,3,2,3,0,1,3,1,0,1,80,,2,1,0,0,1,72.0,26.0,,,1,1,6,1,3
202100016748,2021-09-26 16:50:00,2021,9,26,16,50,69,69197,CRISTALE (DE LA) (R),46.06441,4.64686,Plein jour,En agglomération,Hors intersection,Normale,Autre collision,3,2,2,0,1,1,1,0,1,50,,2,1,0,0,1,76.0,,,,1,2,1,1,6
202100016749,2021-09-27 14:00:00,2021,9,27,14,0,17,17219,Avenue André DULIN,45.818033,-1.131527,Plein jour,Hors agglomération,Autre intersection,Normale,Sans collision,3,-1,2,1,1,1,1,0,5,30,,1,0,1,0,0,23.0,,,,1,1,9,1,7
202100016750,2021-09-23 19:46:00,2021,9,23,19,46,44,44073,Sainte Anne,47.427441,-1.602266,Crépuscule ou aube,Hors agglomération,Intersection en X,Normale,Deux véhicules - frontale,3,2,2,0,1,1,1,5,1,80,,3,0,0,1,2,59.0,22.0,,,2,1,2,1,1
202100016751,2021-09-24 12:00:00,2021,9,24,12,0,22,22225,Rue Jean jaurès,48.532016,-3.114492,Plein jour,Hors agglomération,Intersection en T,Normale,Deux véhicules - frontale,4,2,2,0,1,1,1,0,1,50,,2,1,0,1,0,45.0,52.0,,,1,1,3,1,1
202100016752,2021-09-26 12:45:00,2021,9,26,12,45,13,13202,A557-Liaison A7 Marseille-A55 Marseille,43.3167141725,5.3640602711,Plein jour,Hors agglomération,Hors intersection,Temps couvert,Trois véhicules et plus - collisions multiples,1,1,2,0,2,2,2,2,1,50,,2,0,0,0,2,32.0,,,,1,1,1,8,5
202100016753,2021-09-26 04:15:00,2021,9,26,4,15,13,13055,A507 sens Aubagne- Marseille,43.3261,5.42118,Nuit avec éclairage allumé,Hors agglomération,Hors intersection,Pluie légère,Deux véhicules - frontale,1,1,2,0,2,2,2,2,1,70,,5,0,0,1,4,21.0,,,,5,1,1,2,1