accident_id,datetime,annee,mois,jour,heure,minute,departement,commune_insee,adresse,latitude,longitude,luminosite,agglomeration,intersection,meteo,collision,catr,circ,nbv,vosp,prof,plan,surf,infra,situ,vma,nb_vehicules,nb_usagers,nb_indemnes,nb_tues,nb_blesses_hosp,nb_blesses_legers,age_cond_1,age_cond_2,veh_type_cond_1,veh_type_cond_2,lum_code,agg_code,int_code,atm_code,col_code
202100016754,2021-09-25 05:40:00,2021,9,25,5,40,13,13211,A50-Sens Aubagne vers Marseille,43.2925,5.4548,Nuit sans éclairage public,Hors agglomération,Hors intersection,Normale,Deux véhicules - arrière,1,3,3,0,2,2,1,0,1,90,,3,1,0,0,2,61.0,,,,3,1,1,1,2
202100016755,2021-09-25 04:15:00,2021,9,25,4,15,13,13055,A507 sens Marseille - Aubagne,43.2857,5.42727,Nuit avec éclairage allumé,Hors agglomération,Autre intersection,Normale,Sans collision,1,1,2,0,1,2,1,1,1,70,,4,3,0,0,1,19.0,,,,5,1,9,1,7
202100016756,2021-09-24 18:15:00,2021,9,24,18,15,13,13106,A51-Sens Marseille vers Aix en Provence,43.409462,5.363832,Plein jour,Hors agglomération,Hors intersection,Normale,Deux véhicules - arrière,1,1,3,0,1,1,1,0,1,90,,2,1,0,0,1,30.0,,,,1,1,1,1,2
202100016757,2021-09-20 08:27:00,2021,9,20,8,27,13,13055,A507 sens Marseille - Aubagne,43.33216,5.38634,Plein jour,Hors agglomération,Hors intersection,Normale,Trois véhicules et plus - en chaîne,1,1,3,0,1,1,1,1,1,70,,3,1,0,0,2,50.0,49.0,,,1,1,1,1,4
202100016758,2021-09-26 22:10:00,2021,9,26,22,10,69,69279,RD302   5.000 A 6.350,45.7684,5.03856,Nuit sans éclairage public,Hors agglomération,Hors intersection,Normale,Deux véhicules - arrière,7,2,4,0,1,1,2,0,1,90,,2,1,0,0,1,30.0,26.0,,,3,1,1,1,2
202100016759,2021-09-26 20:15:00,2021,9,26,20,15,94,94038,AUTOROUTE A6B,48.77526,2.34635,Nuit sans éclairage public,Hors agglomération,Hors intersection,Temps couvert,Trois véhicules et plus - collisions multiples,1,1,3,0,1,1,2,0,1,90,,4,2,0,0,2,47.0,34.0,,,3,1,1,8,5
202100016760,2021-09-26 17:42:00,2021,9,26,17,42,91,91689,AUTOROUTE A6,48.7278,2.3141,Plein jour,Hors agglomération,Hors intersection,Temps couvert,Deux véhicules - arrière,1,-1,3,0,1,1,2,0,1,110,,4,2,0,0,2,50.0,50.0,,,1,1,1,8,2
202100016761,2021-09-26 14:05:00,2021,9,26,14,5,91,91228,AUTOROUTE A6,48.615589,2.429778,Plein jour,Hors agglomération,Hors intersection,Pluie légère,Trois véhicules et plus - en chaîne,1,-1,3,0,1,1,2,0,1,110,,4,3,0,0,1,18.0,62.0,,,1,1,1,2,4
202100016762,2021-09-26 02:09:00,2021,9,26,2,9,92,92051,RN13,48.8860757655,2.2566510737,Nuit avec éclairage allumé,Hors agglomération,Hors intersection,Normale,Deux véhicules - côté,2,-1,2,0,1,1,1,0,2,90,,2,1,0,0,1,22.0,,,,5,1,1,1,3
202100016763,2021-09-25 23:55:00,2021,9,25,23,55,78,78206,A13,48.95116,1.94288,Nuit sans éclairage public,Hors agglomération,Hors intersection,Normale,Deux véhicules - côté,1,1,3,0,1,1,1,0,2,130,,2,1,0,0,1,20.0,26.0,,,3,1,1,1,3
202100016764,2021-09-26 19:50:00,2021,9,26,19,50,93,93005,AUTOROUTE A3,48.955932012,2.4732244334,Plein jour,Hors agglomération,Hors intersection,Normale,Deux véhicules - arrière,1,3,2,0,1,1,2,0,1,90,,2,1,0,0,1,59.0,38.0,,,1,1,1,1,2
202100016765,2021-09-26 16:15:00,2021,9,26,16,15,95,95582, A15,48.9640694995,2.2628438307,Plein jour,Hors agglomération,Hors intersection,Normale,Trois véhicules et plus - collisions multiples,1,3,8,0,1,1,1,0,1,110,,6,3,0,0,3,24.0,31.0,,,1,1,1,1,5
202100016766,2021-09-26 02:10:00,2021,9,26,2,10,95,95277,RD 170 ,48.97591,2.48224,Nuit sans éclairage public,Hors agglomération,Hors intersection,Normale,Deux véhicules - arrière,3,3,4,0,1,1,1,0,1,90,,2,1,0,0,1,26.0,18.0,,,3,1,1,1,2
202100016767,2021-09-24 15:20:00,2021,9,24,15,20,93,93005,AUTOROUTE A3,48.9569851718,2.4731607511,Plein jour,Hors agglomération,Hors intersection,Normale,Deux véhicules - côté,1,3,9,0,1,1,1,0,1,90,,2,1,0,0,1,38.0,53.0,,,1,1,1,1,3
202100016768,2021-09-25 23:30:00,2021,9,25,23,30,94,94017,A4,48.8296,2.4822,Nuit sans éclairage public,Hors agglomération,Hors intersection,Normale,Trois véhicules et plus - en chaîne,1,1,3,0,1,1,1,0,1,90,,6,0,0,0,6,27.0,20.0,,,3,1,1,1,4
202100016769,2021-09-25 16:45:00,2021,9,25,16,45,94,94046,A86 INT,48.80364,2.44807,Plein jour,Hors agglomération,Hors intersection,Normale,Deux véhicules - arrière,1,3,10,0,1,1,1,0,1,90,,2,1,0,0,1,30.0,27.0,,,1,1,1,1,2
202100016770,2021-07-24 00:15:00,2021,7,24,0,15,74,74010,CRET DU MAURE (AVENUE DU),45.89541,6.126,Nuit avec éclairage allumé,En agglomération,Hors intersection,Normale,Trois véhicules et plus - en chaîne,3,2,2,0,2,3,1,0,1,50,,7,5,0,0,2,21.0,29.0,,,5,2,1,1,4
202100016771,2021-05-29 16:40:00,2021,5,29,16,40,94,94017,Avenue Roger Salengro,48.81992,2.48309,Plein jour,En agglomération,Hors intersection,Normale,Deux véhicules - côté,3,2,2,0,1,1,1,0,1,50,,5,4,1,0,0,54.0,50.0,,,1,2,1,1,3
202100016772,2021-09-24 07:10:00,2021,9,24,7,10,976,97611,mamoudzou centre-Haladi Selemani ( rue ),-12.78421,45.22941,Plein jour,En agglomération,Autre intersection,Normale,Deux véhicules - arrière,2,2,2,0,1,1,1,0,1,50,,3,2,0,0,1,43.0,34.0,,,1,2,9,1,2
202100016773,2021-09-23 15:20:00,2021,9,23,15,20,974,97416,RN02,-21.334,55.4844,Plein jour,Hors agglomération,Hors intersection,Normale,Deux véhicules - arrière,2,2,2,0,1,1,1,0,1,90,,2,1,0,0,1,26.0,29.0,,,1,1,1,1,2
202100016774,2021-09-23 08:20:00,2021,9,23,8,20,974,97411,JAURES (BOULEVARD JEAN),-20.90244,55.50343,Plein jour,En agglomération,Giratoire,Normale,Deux véhicules - côté,2,1,2,0,1,2,1,0,1,50,,2,1,0,0,1,52.0,28.0,,,1,2,6,1,3
202100016775,2021-09-22 13:25:00,2021,9,22,13,25,974,97411,VIGIE (CHEMIN DE LA),-20.88478,55.43391,Plein jour,Hors agglomération,Hors intersection,Normale,Deux véhicules - côté,4,2,2,0,1,2,1,0,1,80,,2,1,0,1,0,54.0,17.0,,,1,1,1,1,3
202100016776,2021-09-22 07:00:00,2021,9,22,7,0,974,97411,GOLF (ALLEE DU),-20.876919,55.421795,Plein jour,Hors agglomération,Hors intersection,Normale,Deux véhicules - frontale,4,2,2,0,2,2,1,0,1,30,,4,3,0,0,1,27.0,60.0,,,1,1,1,1,1
202100016777,2021-09-25 05:45:00,2021,9,25,5,45,973,97302,ROUTE NATIONALE 3,4.9025,-52.3137,Crépuscule ou aube,Hors agglomération,Hors intersection,Normale,Deux véhicules - côté,3,2,1,0,1,1,1,0,1,50,,2,1,0,0,1,35.0,50.0,,,2,1,1,1,3
202100016778,2021-09-24 23:20:00,2021,9,24,23,20,973,97302,EUGENE GOBERT(RUE),4.93213,-52.33055,Nuit avec éclairage allumé,En agglomération,Hors intersection,Normale,Sans collision,4,-1,0,0,1,1,1,0,3,50,,2,1,0,0,1,,,,,5,2,1,1,7
202100016779,2021-09-24 17:30:00,2021,9,24,17,30,973,97302,MONTABO (ROUTE DE) 2,4.93388,-52.2909,Plein jour,En agglomération,Intersection en T,Normale,Deux véhicules - côté,3,2,1,0,1,1,1,0,1,50,,2,1,0,0,1,24.0,52.0,,,1,2,3,1,3
202100016780,2021-09-24 21:00:00,2021,9,24,21,0,973,97309,TIGRE (ROUTE DU),4.9058,-52.30481,Plein jour,Hors agglomération,Intersection en T,Normale,Deux véhicules - côté,3,-1,1,0,1,1,1,0,1,50,,2,1,0,0,1,37.0,34.0,,,1,1,3,1,3
202100016781,2021-09-23 16:51:00,2021,9,23,16,51,973,97302,TIGRE (ROUTE DU),4.9187431546,-52.3160283566,Plein jour,En agglomération,Hors intersection,Normale,Trois véhicules et plus - collisions multiples,3,2,1,0,1,1,1,0,1,50,,3,2,0,0,1,15.0,33.0,,,1,2,1,1,5
202100016782,2021-09-25 22:30:00,2021,9,25,22,30,69,69388,EPARGNE (DE L') (R),45.74192,4.85986,Nuit avec éclairage allumé,En agglomération,Hors intersection,Normale,Deux véhicules - frontale,4,1,3,0,1,1,1,0,1,50,,2,1,0,1,0,20.0,28.0,,,5,2,1,1,1
202100016783,2021-09-25 17:18:00,2021,9,25,17,18,69,69383,FELIX FAURE (AV),45.75286,4.8524,Plein jour,En agglomération,Hors intersection,Normale,Deux véhicules - arrière,4,2,2,3,1,1,1,0,1,50,,2,1,0,0,1,74.0,80.0,,,1,2,1,1,2
202100016784,2021-09-25 08:30:00,2021,9,25,8,30,69,69259,VIVIANI (AV),45.7230257646,4.8761460185,Plein jour,En agglomération,Autre intersection,Normale,Autre collision,4,2,2,2,1,1,1,0,1,-1,,1,0,0,0,1,42.0,,,,1,2,9,1,6
202100016785,2021-09-23 12:00:00,2021,9,23,12,0,69,69388,MARIUS BERLIET (R),45.7459892505,4.8592953857,Plein jour,En agglomération,Intersection en X,Normale,Autre collision,4,1,1,1,1,1,1,0,5,50,,2,1,0,0,1,,,,,1,2,2,1,6
202100016786,2021-09-24 17:30:00,2021,9,24,17,30,69,69259,VIENNE (DE) (RTE),45.7233927781,4.8541358113,Plein jour,En agglomération,Hors intersection,Normale,Autre collision,4,3,2,2,1,1,1,0,1,50,,2,1,0,0,1,53.0,,,,1,2,1,1,6
202100016787,2021-09-23 20:30:00,2021,9,23,20,30,69,69383,BONNAND (R),45.75404,4.88564,Nuit avec éclairage non allumé,En agglomération,Intersection en X,Autre,Deux véhicules - côté,4,2,4,0,1,1,1,0,1,50,,3,2,0,0,1,30.0,23.0,,,4,2,2,9,3
202100016788,2021-09-25 04:05:00,2021,9,25,4,5,972,97213,ROUTE DEPARTEMENTALE 15,14.64323,-61.01068,Nuit avec éclairage non allumé,Hors agglomération,Hors intersection,Normale,Autre collision,3,2,1,0,2,2,1,0,8,50,,1,0,0,0,1,35.0,,,,4,1,1,1,6
202100016789,2021-09-24 13:19:00,2021,9,24,13,19,972,97213,ROUTE DEPARTEMENTALE 3,14.62889,-60.98877,Plein jour,Hors agglomération,Hors intersection,Normale,Deux véhicules - côté,3,2,2,0,1,1,1,0,1,70,,2,1,0,0,1,29.0,55.0,,,1,1,1,1,3
202100016790,2021-09-24 08:50:00,2021,9,24,8,50,972,97213,ROUTE NATIONALE 1,14.61779,-61.00737,Plein jour,Hors agglomération,Hors intersection,Normale,Deux véhicules - arrière,2,3,1,0,1,1,1,0,1,50,,2,1,0,0,1,69.0,29.0,,,1,1,1,1,2
202100016791,2021-09-23 08:30:00,2021,9,23,8,30,972,97209,SALVADOR ALLENDE (AVENUE),14.61041,-61.04764,Plein jour,Hors agglomération,Hors intersection,Normale,Autre collision,4,2,2,0,1,1,1,0,1,30,,2,1,0,0,1,63.0,,,,1,1,1,1,6
202100016792,2021-09-23 07:40:00,2021,9,23,7,40,972,97209,CLUNY (ROUTE DE),14.61427,-61.08169,Plein jour,Hors agglomération,Hors intersection,Normale,Deux véhicules - arrière,3,2,2,0,2,1,1,0,1,50,,2,1,0,0,1,58.0,41.0,,,1,1,1,1,2
202100016793,2021-09-24 20:00:00,2021,9,24,20,0,69,69381,SAINT VINCENT (Q),45.76822,4.82218,Nuit avec éclairage allumé,En agglomération,Hors intersection,Normale,Deux véhicules - côté,4,1,2,2,1,1,1,0,1,50,,2,1,0,1,0,31.0,37.0,,,5,2,1,1,3
202100016794,2021-09-23 11:50:00,2021,9,23,11,50,69,69286,EUROPE (DE L')                      (AV),45.81814,4.90362,Plein jour,En agglomération,Autre intersection,Normale,Autre collision,4,3,4,0,1,1,1,0,1,50,,2,1,0,1,0,40.0,,,,1,2,9,1,6
202100016795,2021-09-23 13:38:00,2021,9,23,13,38,69,69382,GRENETTE (R),45.76341,4.83519,Plein jour,En agglomération,Intersection en T,Normale,Deux véhicules - arrière,4,1,2,0,1,1,1,9,1,30,,2,1,0,0,1,26.0,37.0,,,1,2,3,1,2
202100016796,2021-09-23 08:00:00,2021,9,23,8,0,69,69034,CALUIRE (DE) (TU),45.78825,4.85657,Plein jour,En agglomération,Hors intersection,Normale,Autre collision,4,1,2,0,1,1,1,1,4,70,,1,0,0,0,1,32.0,,,,1,2,1,1,6
202100016797,2021-09-22 11:50:00,2021,9,22,11,50,69,69384,JACQUES-LOUIS HENON (R),45.7796,4.82053,Plein jour,En agglomération,Hors intersection,Normale,Deux véhicules - arrière,4,2,2,0,1,1,1,0,1,50,,3,2,0,1,0,26.0,38.0,,,1,2,1,1,2
202100016798,2021-09-25 18:00:00,2021,9,25,18,0,2B,2B033,ROUTE ROYALE,42.67886,9.43048,Plein jour,En agglomération,Hors intersection,Normale,Deux véhicules - arrière,3,2,2,0,2,1,1,0,1,50,,2,1,0,0,1,17.0,18.0,,,1,2,1,1,2
202100016799,2021-09-25 01:40:00,2021,9,25,1,40,2B,2B033,PAOLI DU NR 21 AU 45 -BLD,42.69955,9.44979,Nuit avec éclairage allumé,En agglomération,Intersection en X,Normale,Deux véhicules - côté,4,2,2,0,2,1,1,0,1,50,,3,2,0,0,1,24.0,34.0,,,5,2,2,1,3
202100016800,2021-09-23 20:04:00,2021,9,23,20,4,2B,2B033,ST FLORENT-ANCIENNE RT DE,42.68093,9.4166,Nuit sans éclairage public,Hors agglomération,Hors intersection,Normale,Deux véhicules - frontale,3,2,2,0,2,3,1,0,1,50,,2,0,1,0,1,32.0,46.0,,,3,1,1,1,1
202100016801,2021-09-22 07:50:00,2021,9,22,7,50,2B,2B037,TOUTES RUES,42.6112087913,9.4376448192,Crépuscule ou aube,En agglomération,Hors intersection,Normale,Deux véhicules - côté,3,2,2,0,1,1,1,0,1,50,,2,1,0,0,1,35.0,44.0,,,2,2,1,1,3
202100016802,2021-09-03 20:35:00,2021,9,3,20,35,971,97101,PETIT PEROU,16.2531362408,-61.5143389595,Nuit avec éclairage allumé,Hors agglomération,Autre intersection,Normale,Autre collision,3,-1,2,0,2,1,1,0,8,70,,3,2,0,0,1,30.0,42.0,,,5,1,9,1,6
202100016803,2021-09-18 01:17:00,2021,9,18,1,17,971,97101,N5-BOISRIPEAUX,16.26352,-61.5131,Nuit sans éclairage public,En agglomération,Hors intersection,Normale,Autre collision,2,3,4,0,1,1,1,9,1,50,,1,0,1,0,0,35.0,,,,3,2,1,1,6
202100016804,2021-08-12 18:15:00,2021,8,12,18,15,971,97101,CARAQUE,16.25983,-61.49702,Plein jour,Hors agglomération,Autre intersection,Normale,Autre collision,4,2,2,0,1,2,1,0,3,50,,4,3,1,0,0,20.0,,,,1,1,9,1,6
202100016805,2021-09-21 12:05:00,2021,9,21,12,5,971,97101,CHAUVEL,16.23845,-61.52835,Plein jour,Hors agglomération,Intersection en T,Normale,Autre collision,3,-1,2,0,1,1,1,0,1,50,,2,1,0,0,1,49.0,,,,1,1,3,1,6
202100016806,2021-09-23 16:20:00,2021,9,23,16,20,95,95277,Avenue Alexandre Gassien,49.000256,2.42751,Plein jour,En agglomération,Hors intersection,Normale,Sans collision,4,2,2,0,1,1,1,0,1,50,,2,1,0,0,1,20.0,,,,1,2,1,1,7
202100016807,2021-09-23 18:35:00,2021,9,23,18,35,95,95427,VILLETANEUSE (RUE DE),48.97233,2.34826,Crépuscule ou aube,En agglomération,Hors intersection,Normale,Autre collision,4,2,0,0,1,1,1,0,1,30,,2,1,0,1,0,52.0,,,,2,2,1,1,6
202100016808,2021-09-23 09:00:00,2021,9,23,9,0,95,95288,STATION (RUE DE LA),48.9841068532,2.3518153959,Plein jour,En agglomération,Giratoire,Temps éblouissant,Autre collision,4,1,1,0,2,1,1,0,1,50,,2,0,0,1,1,41.0,,,,1,2,6,7,6
202100016809,2021-09-22 10:35:00,2021,9,22,10,35,95,95598,GAVIGNOT (AVENUE),48.9766444469,2.3009222746,Plein jour,En agglomération,Intersection en X,Normale,Deux véhicules - côté,4,2,2,0,1,1,1,0,1,30,,2,1,0,0,1,68.0,61.0,,,1,2,2,1,3
202100016810,2021-09-25 16:30:00,2021,9,25,16,30,91,91339,AV GEORGES BOILLOT,48.622446,2.24761,Plein jour,Hors agglomération,Hors intersection,Normale,Deux véhicules - côté,5,-1,1,0,1,1,1,9,1,10,,2,1,0,0,1,60.0,56.0,,,1,1,1,1,3
202100016811,2021-09-25 13:10:00,2021,9,25,13,10,91,91103,PL DU CENTRE ESSONNE,48.61148,2.30604,Plein jour,En agglomération,Hors intersection,Normale,Deux véhicules - arrière,3,1,2,0,1,2,1,0,1,50,,4,3,0,0,1,43.0,28.0,,,1,2,1,1,2
202100016812,2021-09-24 17:25:00,2021,9,24,17,25,91,91216,BALLAINVILLIERS (RUE),48.67178,2.30413,Plein jour,Hors agglomération,Hors intersection,Normale,Deux véhicules - côté,3,2,2,0,1,1,1,0,1,80,,2,1,0,0,1,91.0,37.0,,,1,1,1,1,3
202100016813,2021-09-24 12:45:00,2021,9,24,12,45,91,91549,MARE AU CHANVRE (RUE DE LA),48.62407,2.34124,Plein jour,En agglomération,Hors intersection,Normale,Deux véhicules - côté,4,3,2,0,1,3,1,0,1,50,,2,1,0,0,1,36.0,57.0,,,1,2,1,1,3
202100016814,2021-09-23 16:47:00,2021,9,23,16,47,91,91347,RTE DE MONTLHERY,48.63524,2.28567,Plein jour,En agglomération,Intersection en T,Normale,Deux véhicules - côté,3,2,2,0,4,1,1,0,1,50,,2,1,0,0,1,68.0,23.0,,,1,2,3,1,3
202100016815,2021-09-22 18:00:00,2021,9,22,18,0,91,91377,AV DU PDT SALVADOR ALLENDE,48.730045,2.258691,Plein jour,En agglomération,Hors intersection,Normale,Deux véhicules - côté,3,3,2,0,1,1,1,0,1,50,,2,1,0,0,1,16.0,30.0,,,1,2,1,1,3
202100016816,2021-09-23 11:20:00,2021,9,23,11,20,91,91377,IMP DE L'AULNAYE DRACOURT,48.7333,2.28333,Plein jour,En agglomération,Hors intersection,Temps éblouissant,Autre collision,3,1,1,0,1,1,1,6,1,30,,2,1,0,0,1,75.0,,,,1,2,1,7,6
202100016817,2021-09-25 05:55:00,2021,9,25,5,55,91,91421,JEAN JAURES (AVENUE),48.71321,2.44892,Nuit sans éclairage public,En agglomération,Intersection en T,Normale,Deux véhicules - côté,3,2,2,2,1,1,1,0,1,30,,2,1,0,0,1,37.0,31.0,,,3,2,3,1,3
202100016818,2021-09-24 19:40:00,2021,9,24,19,40,91,91191,François Mitterrand (Avenue),48.722896,2.465477,Crépuscule ou aube,En agglomération,Hors intersection,Normale,Autre collision,4,2,2,0,1,1,1,0,1,50,,2,0,0,2,0,55.0,,,,2,2,1,1,6
202100016819,2021-09-24 19:00:00,2021,9,24,19,0,91,91691,CHEVALIER DE LA BARRE(RUE),48.69436,2.48526,Plein jour,En agglomération,Hors intersection,Normale,Autre collision,4,2,2,0,1,1,1,0,1,50,,2,0,0,0,2,19.0,,,,1,2,1,1,6
202100016820,2021-09-24 17:45:00,2021,9,24,17,45,91,91691,PASTEUR(RUE),48.69403,2.48533,Plein jour,En agglomération,Intersection en X,Normale,Deux véhicules - côté,4,2,2,0,1,1,1,0,1,50,,2,1,0,0,1,23.0,63.0,,,1,2,2,1,3
202100016821,2021-09-24 18:00:00,2021,9,24,18,0,91,91434,JEAN RAYNAL (RUE),48.660989,2.345127,Plein jour,En agglomération,Hors intersection,Normale,Autre collision,4,2,4,0,1,1,1,0,1,50,,2,1,0,0,1,35.0,,,,1,2,1,1,6
202100016822,2021-09-18 11:20:00,2021,9,18,11,20,91,91228,AVENUE  DE LA GARENNE,48.621312,2.403257,Plein jour,En agglomération,Hors intersection,Normale,Autre collision,4,1,1,0,1,1,1,0,1,30,,2,1,0,1,0,24.0,,,,1,2,1,1,6
202100016823,2021-07-28 17:20:00,2021,7,28,17,20,91,91228,RUE DU BOIS SAUVAGE,48.64108,2.42141,Plein jour,En agglomération,Hors intersection,Normale,Deux véhicules - côté,4,4,2,0,1,1,1,0,1,50,,2,1,0,0,1,32.0,17.0,,,1,2,1,1,3
202100016824,2021-09-04 15:10:00,2021,9,4,15,10,91,91174,RUE FERAY,48.60513,2.47006,Plein jour,En agglomération,Hors intersection,Normale,Autre collision,4,-1,1,0,1,1,1,0,1,50,,2,1,0,0,1,58.0,,,,1,2,1,1,6
202100016825,2021-09-25 17:35:00,2021,9,25,17,35,91,91223,MAI 1945 (AVENUE DU 8),48.44017,2.15573,Plein jour,En agglomération,Hors intersection,Normale,Trois véhicules et plus - collisions multiples,3,2,2,0,2,1,1,0,1,50,,5,2,0,0,3,32.0,39.0,,,1,2,1,1,5
202100016826,2021-09-24 13:29:00,2021,9,24,13,29,91,91223,R.D.20,48.4196043355,2.1329551935,Plein jour,Hors agglomération,Autre intersection,Normale,Sans collision,3,1,1,0,2,1,1,0,3,50,,1,0,0,0,1,21.0,,,,1,1,9,1,7
202100016827,2021-09-23 08:54:00,2021,9,23,8,54,87,87085,BRIAND (RUE ARISTIDE),45.85463,1.28386,Plein jour,En agglomération,Giratoire,Normale,Sans collision,4,1,2,0,1,3,1,0,1,50,,1,0,0,0,1,24.0,,,,1,2,6,1,7
202100016828,2021-09-20 09:24:00,2021,9,20,9,24,87,87085,MAUROIS (ALLEE ANDRE),45.83545,1.23046,Plein jour,En agglomération,Hors intersection,Normale,Autre collision,4,2,2,0,2,2,1,0,1,50,,2,1,0,0,1,58.0,,,,1,2,1,1,6
202100016829,2021-09-25 08:45:00,2021,9,25,8,45,85,85191,LIEU DIT LA COUTANCIERE,46.70544,-1.42514,Plein jour,Hors agglomération,Hors intersection,Normale,Deux véhicules - frontale,4,2,2,0,1,3,1,0,1,50,,2,1,0,1,0,24.0,56.0,,,1,1,1,1,1
202100016830,2021-09-25 11:45:00,2021,9,25,11,45,83,83137,BRIAND (AVE ARISTIDE DE 1221 A FIN,43.1228714464,5.8952647448,Plein jour,En agglomération,Hors intersection,Normale,Deux véhicules - côté,7,2,3,0,1,1,1,0,1,50,,2,1,0,0,1,26.0,39.0,,,1,2,1,1,3
202100016831,2021-09-24 10:20:00,2021,9,24,10,20,83,83062,8 MAI 1945 (AVENUE DU),43.12332,6.00465,Plein jour,En agglomération,Hors intersection,Normale,Autre collision,4,3,2,0,1,1,1,0,1,50,,2,1,0,0,1,84.0,,,,1,2,1,1,6
202100016832,2021-09-24 08:45:00,2021,9,24,8,45,83,83062,JAURES (AVENUE JEAN),43.121894,6.010133,Plein jour,En agglomération,Hors intersection,Normale,Autre collision,7,2,2,0,1,1,1,0,1,30,,4,2,0,0,2,45.0,,,,1,2,1,1,6
202100016833,2021-09-23 19:40:00,2021,9,23,19,40,83,83137,FOCH (AVE DU MARECHAL),43.12684,5.92271,Crépuscule ou aube,En agglomération,Hors intersection,Normale,Autre collision,4,3,6,3,1,1,1,0,1,50,,2,1,0,0,1,39.0,34.0,,,2,2,1,1,6
202100016834,2021-09-23 14:00:00,2021,9,23,14,0,83,83137,CUZIN (AVE FRANCOIS),43.121928,5.942842,Plein jour,En agglomération,Intersection en T,Normale,Deux véhicules - côté,7,2,2,0,1,1,1,0,1,50,,2,1,0,0,1,22.0,19.0,,,1,2,3,1,3
202100016835,2021-09-23 08:40:00,2021,9,23,8,40,83,83090,NATIONALE (RUE),43.13883,5.84859,Plein jour,En agglomération,Hors intersection,Normale,Autre collision,4,1,1,0,1,1,1,0,1,50,,2,1,0,0,1,39.0,,,,1,2,1,1,6
202100016836,2021-09-22 17:15:00,2021,9,22,17,15,83,83144,BLANC (BD DR EUGENE),43.13766,5.99417,Plein jour,Hors agglomération,Hors intersection,Normale,Deux véhicules - côté,7,2,3,0,1,1,1,2,1,50,,2,1,0,0,1,30.0,20.0,,,1,1,1,1,3
202100016837,2021-09-11 18:00:00,2021,9,11,18,0,83,83126,EUROPE (BD DE L'),43.11207,5.85926,Plein jour,En agglomération,Hors intersection,Normale,Deux véhicules - côté,4,3,4,0,1,1,1,0,1,50,,2,0,0,0,2,23.0,52.0,,,1,2,1,1,3
202100016838,2021-09-21 18:20:00,2021,9,21,18,20,83,83009,DE GAULLE (QUAI CHARLES),43.13629,5.7573,Crépuscule ou aube,En agglomération,Hors intersection,Temps éblouissant,Autre collision,4,2,2,0,1,1,1,0,1,30,,2,1,0,0,1,48.0,,,,2,2,1,7,6
202100016839,2021-09-24 09:15:00,2021,9,24,9,15,83,83069,BROSSET (AVENUE 1ERE DIVISION),43.121043143,6.1381201469,Plein jour,En agglomération,Hors intersection,Normale,Autre collision,4,2,2,0,1,1,1,0,1,50,,2,1,0,0,1,62.0,,,,1,2,1,1,6
202100016840,2021-09-24 14:30:00,2021,9,24,14,30,83,83061,AVENUE DE PROVENCE,43.427542,6.745957,Plein jour,En agglomération,Hors intersection,Normale,Autre collision,3,3,2,0,1,1,1,0,1,50,,2,1,0,1,0,70.0,,,,1,2,1,1,6
202100016841,2021-09-24 20:40:00,2021,9,24,20,40,81,81257,JAURES ( AVENUE JEAN ),43.94423,2.19731,Nuit avec éclairage allumé,En agglomération,Hors intersection,Normale,Autre collision,3,2,2,0,1,1,1,0,6,50,,1,0,0,1,0,77.0,,,,5,2,1,1,6
202100016842,2021-09-23 09:00:00,2021,9,23,9,0,78,78358,LONGUEIL (AVENUE DE),48.94685,2.14632,Plein jour,En agglomération,Hors intersection,Normale,Autre collision,3,3,2,0,1,1,1,0,1,50,,2,1,1,0,0,51.0,,,,1,2,1,1,6
202100016843,2021-09-25 17:00:00,2021,9,25,17,0,77,77449,RUE EMILE CLOUD,48.843116,2.789044,Plein jour,En agglomération,Giratoire,Normale,Deux véhicules - frontale,4,2,2,0,1,1,1,0,1,30,,2,1,0,0,1,56.0,,,,1,2,6,1,1
202100016844,2021-09-25 17:37:00,2021,9,25,17,37,77,77155,REPUBLIQUE (RUE DE  LA),48.88748,2.734567,Plein jour,En agglomération,Hors intersection,Normale,Autre collision,4,1,1,0,2,1,1,0,1,30,,2,1,0,0,1,46.0,,,,1,2,1,1,6
202100016845,2021-09-25 06:35:00,2021,9,25,6,35,77,77431,RUE DES ROCHERS GREAU,48.259574,2.678076,Nuit sans éclairage public,Hors agglomération,Hors intersection,Normale,Autre collision,9,2,2,0,1,2,2,0,3,30,,1,0,0,0,1,26.0,,,,3,1,1,1,6
202100016846,2021-09-24 18:30:00,2021,9,24,18,30,76,76212,LEFEBVRE. RUE PIERRE,49.4403,1.14781,Crépuscule ou aube,En agglomération,Hors intersection,Normale,Deux véhicules - arrière,6,-1,-1,0,1,1,1,1,8,30,,2,1,0,0,1,,25.0,,,2,2,1,1,2
202100016847,2021-09-23 16:25:00,2021,9,23,16,25,76,76319,Boulevard Maritime,49.36589,1.00019,Plein jour,En agglomération,Intersection en T,Normale,Autre collision,4,2,2,0,1,1,1,0,1,50,,2,1,0,1,0,27.0,26.0,,,1,2,3,1,6
202100016848,2021-09-23 13:40:00,2021,9,23,13,40,76,76561,FOCH. RUE DU MARECHAL,49.30137,1.02303,Plein jour,En agglomération,Giratoire,Normale,Deux véhicules - côté,4,2,2,0,1,1,1,5,1,50,,2,0,0,0,2,21.0,26.0,,,1,2,6,1,3