accident_id,datetime,annee,mois,jour,heure,minute,departement,commune_insee,adresse,latitude,longitude,luminosite,agglomeration,intersection,meteo,collision,catr,circ,nbv,vosp,prof,plan,surf,infra,situ,vma,nb_vehicules,nb_usagers,nb_indemnes,nb_tues,nb_blesses_hosp,nb_blesses_legers,age_cond_1,age_cond_2,veh_type_cond_1,veh_type_cond_2,lum_code,agg_code,int_code,atm_code,col_code
202100016849,2021-09-22 17:30:00,2021,9,22,17,30,76,76351,SEIZIEME PORT (AVENUE DU),49.48337,0.16499,Plein jour,En agglomération,Giratoire,Normale,Sans collision,4,2,2,0,1,2,1,0,1,50,,1,0,0,1,0,21.0,,,,1,2,6,1,7
202100016850,2021-09-24 13:45:00,2021,9,24,13,45,73,73065,D991 ROPS DANIEL (AVENUE),45.59674,5.91692,Plein jour,En agglomération,Hors intersection,Normale,Deux véhicules - arrière,3,1,4,2,1,1,1,-1,1,50,,2,0,0,0,2,19.0,69.0,,,1,2,1,1,2
202100016851,2021-09-25 16:00:00,2021,9,25,16,0,72,72181,LETOUZE (RUE DE),47.98724,0.20816,Plein jour,En agglomération,Hors intersection,Normale,Autre collision,4,1,1,0,1,1,1,0,1,50,,3,0,0,3,0,64.0,,,,1,2,1,1,6
202100016852,2021-09-24 22:50:00,2021,9,24,22,50,72,72003,CHAMP DU VERGER (RUE DU),47.9449743792,0.1588261125,Nuit avec éclairage allumé,En agglomération,Hors intersection,Normale,Deux véhicules - côté,4,2,2,0,1,1,1,0,1,50,,2,0,0,0,2,20.0,21.0,,,5,2,1,1,3
202100016853,2021-09-24 17:55:00,2021,9,24,17,55,72,72181,SABLE (RTE DE ),47.986016261,0.1638772312,Plein jour,Hors agglomération,Hors intersection,Normale,Autre collision,4,2,2,0,1,1,1,0,1,50,,3,2,0,0,1,22.0,,,,1,1,1,1,6
202100016854,2021-09-23 16:40:00,2021,9,23,16,40,71,71486,ANATOLE FRANCE (RUE),46.6635060776,4.3760370179,Plein jour,En agglomération,Intersection en T,Normale,Deux véhicules - côté,4,2,2,0,1,1,1,0,1,50,,2,1,1,0,0,50.0,19.0,,,1,2,3,1,3
202100016855,2021-09-23 11:20:00,2021,9,23,11,20,71,71153,PRESIDENT WILSON (RUE DU),46.79757,4.43339,Plein jour,En agglomération,Intersection en X,Normale,Sans collision,4,2,3,0,1,2,1,0,1,50,,1,0,0,0,1,65.0,,,,1,2,2,1,7
202100016856,2021-09-24 16:20:00,2021,9,24,16,20,71,71445,BOURGOGNE (PONT DE ),46.7841052228,4.8704941744,Plein jour,Hors agglomération,Hors intersection,Temps éblouissant,Trois véhicules et plus - en chaîne,3,2,2,0,1,1,1,2,1,70,,3,2,0,0,1,68.0,68.0,,,1,1,1,7,4
202100016857,2021-09-22 07:55:00,2021,9,22,7,55,71,71076,CHURCHILL (RUE WINSTON),46.7967935888,4.8656958909,Plein jour,En agglomération,Hors intersection,Temps éblouissant,Autre collision,4,2,2,0,1,1,1,0,1,50,,2,1,0,1,0,37.0,,,,1,2,1,7,6
202100016858,2021-09-25 20:00:00,2021,9,25,20,0,69,69275,N346,45.7699,4.98437,Nuit avec éclairage allumé,En agglomération,Giratoire,Normale,Autre collision,2,1,1,0,1,1,1,3,1,50,,3,1,0,1,1,73.0,,,,5,2,6,1,6
202100016859,2021-09-23 16:00:00,2021,9,23,16,0,69,69266,ANDRE PHILIP (CR),45.7728,4.86102,Plein jour,En agglomération,Intersection en X,Normale,Deux véhicules - arrière,4,-1,2,2,1,1,1,0,1,50,,2,1,0,1,0,69.0,54.0,,,1,2,2,1,2
202100016860,2021-09-24 12:05:00,2021,9,24,12,5,69,69256,BOLHEN (DE) (AV),45.76539,4.92406,Plein jour,En agglomération,Hors intersection,Normale,Deux véhicules - côté,4,2,4,0,1,1,1,0,1,50,,2,0,0,1,1,38.0,41.0,,,1,2,1,1,3
202100016861,2021-09-23 19:20:00,2021,9,23,19,20,69,69282,REPUBLIQUE (DE LA) (R),45.76842,4.99117,Crépuscule ou aube,En agglomération,Giratoire,Normale,Autre collision,4,2,2,0,1,1,1,0,8,50,,2,1,0,0,1,77.0,,,,2,2,6,1,6
202100016862,2021-09-23 13:05:00,2021,9,23,13,5,69,69029,GENAS (DE) (RTE),45.75108,4.90714,Plein jour,En agglomération,Hors intersection,Normale,Deux véhicules - côté,7,3,6,0,1,1,1,0,1,50,,2,1,0,0,1,42.0,20.0,,,1,2,1,1,3
202100016863,2021-09-23 10:00:00,2021,9,23,10,0,69,69256,LOUIS SAILLANT (R),45.7763718814,4.9399241858,Plein jour,En agglomération,Intersection en T,Normale,Deux véhicules - côté,4,2,2,0,1,1,1,0,1,50,,2,1,0,0,1,37.0,24.0,,,1,2,3,1,3
202100016864,2021-09-01 18:37:00,2021,9,1,18,37,68,68066,ROUFFACH (ROUTE DE),48.06697,7.34311,Plein jour,En agglomération,Intersection en T,Temps éblouissant,Deux véhicules - côté,4,2,2,0,1,1,1,9,1,50,,2,1,0,0,1,60.0,51.0,,,1,2,3,7,3
202100016865,2021-09-13 14:15:00,2021,9,13,14,15,68,68066,PREISS (RUE JACQUES),48.07666,7.34954,Plein jour,En agglomération,Autre intersection,Normale,Autre collision,4,2,2,0,1,2,1,0,8,50,,2,1,0,1,0,72.0,,,,1,2,9,1,6
202100016866,2021-09-23 16:50:00,2021,9,23,16,50,67,67482,PRESIDENT POINCARE (BOULEVARD DU),48.58986,7.74237,Plein jour,En agglomération,Intersection en T,Normale,Deux véhicules - côté,4,3,2,3,1,1,1,0,1,50,,2,1,0,0,1,23.0,23.0,,,1,2,3,1,3
202100016867,2021-09-23 08:30:00,2021,9,23,8,30,67,67482,LOUIS PASTEUR (PONT),48.57484,7.73598,Plein jour,En agglomération,Hors intersection,Temps éblouissant,Autre collision,4,3,4,1,3,1,1,2,1,50,,2,0,0,0,2,29.0,,,,1,2,1,7,6
202100016868,2021-09-23 04:55:00,2021,9,23,4,55,67,67482,EUROPE (PONT DE L ),48.5732,7.799744,Nuit avec éclairage allumé,En agglomération,Hors intersection,Normale,Autre collision,4,2,2,1,2,2,1,2,3,50,,2,0,0,0,2,29.0,,,,5,2,1,1,6
202100016869,2021-09-21 15:30:00,2021,9,21,15,30,67,67482,BOUSSINGAULT (RUE),48.590619,7.782028,Plein jour,En agglomération,Intersection en T,Normale,Deux véhicules - côté,4,3,3,1,4,3,1,0,1,50,,3,1,0,0,2,34.0,87.0,,,1,2,3,1,3
202100016870,2021-09-21 15:53:00,2021,9,21,15,53,67,67482,GENERAL OFFENSTEIN (RUE DU),48.555537,7.752658,Plein jour,En agglomération,Hors intersection,Normale,Autre collision,4,2,1,1,1,1,9,9,1,30,,3,0,0,0,3,47.0,,,,1,2,1,1,6
202100016871,2021-09-24 06:35:00,2021,9,24,6,35,66,66136,BLANC AVENUE ROSETTE,42.70035,2.92077,Nuit sans éclairage public,Hors agglomération,Hors intersection,Normale,Deux véhicules - frontale,3,2,2,0,2,3,1,0,1,70,,2,1,0,1,0,29.0,43.0,,,3,1,1,1,1
202100016872,2021-09-23 15:26:00,2021,9,23,15,26,66,66136,PALAIS-DES-EXPO (AVENUE DU),42.7078,2.90234,Plein jour,En agglomération,Hors intersection,Normale,Deux véhicules - côté,4,2,2,0,1,1,1,0,1,50,,2,1,0,1,0,21.0,53.0,,,1,2,1,1,3
202100016873,2021-09-23 11:05:00,2021,9,23,11,5,66,66136,R D 900,42.65922,2.88297,Plein jour,Hors agglomération,Hors intersection,Normale,Deux véhicules - côté,3,2,4,0,1,1,1,0,1,70,,3,1,0,1,1,,33.0,,,1,1,1,1,3
202100016874,2021-09-22 18:58:00,2021,9,22,18,58,66,66136,MASSOT (PAUL),42.69492,2.8845,Plein jour,En agglomération,Intersection en T,Normale,Autre collision,4,2,2,0,1,1,1,0,6,30,,2,1,0,1,0,20.0,,,,1,2,3,1,6
202100016875,2021-09-24 16:50:00,2021,9,24,16,50,65,65440,MAGNOAC (RUE GEORGES),43.233852,0.077655,Plein jour,En agglomération,Intersection en T,Normale,Autre collision,4,1,1,0,1,1,1,0,1,50,,2,1,0,0,1,44.0,,,,1,2,3,1,6
202100016876,2021-09-23 11:25:00,2021,9,23,11,25,65,65440,FOCH (RUE DU MARECHAL),43.231941,0.080348,Plein jour,En agglomération,Hors intersection,Normale,Deux véhicules - côté,4,1,1,0,1,1,1,0,1,50,,2,1,0,0,1,58.0,48.0,,,1,2,1,1,3
202100016877,2021-09-24 09:10:00,2021,9,24,9,10,64,64260,HAPETENIA (RUE DE),43.35205,-1.770301,Plein jour,En agglomération,Hors intersection,Normale,Autre collision,4,2,2,0,1,1,1,0,1,50,,2,1,0,0,1,42.0,,,,1,2,1,1,6
202100016878,2021-09-24 11:30:00,2021,9,24,11,30,64,64445,ALSACE LORRAINE D',43.30457,-0.36794,Plein jour,En agglomération,Hors intersection,Normale,Deux véhicules - côté,4,1,1,2,1,1,1,0,5,50,,2,1,0,0,1,25.0,73.0,,,1,2,1,1,3
202100016879,2021-09-24 11:15:00,2021,9,24,11,15,64,64445,MONNAIE,43.294,-0.376,Plein jour,En agglomération,Hors intersection,Normale,Deux véhicules - arrière,4,-1,0,0,1,1,1,0,1,30,,4,2,0,0,2,23.0,47.0,,,1,2,1,1,2
202100016880,2021-09-22 17:25:00,2021,9,22,17,25,64,64122,MARCEL DASSAULT (BD),43.4606,-1.54709,Plein jour,Hors agglomération,Hors intersection,Normale,Deux véhicules - côté,3,2,3,0,1,1,1,0,1,70,,2,1,0,0,1,17.0,20.0,,,1,1,1,1,3
202100016881,2021-09-25 15:50:00,2021,9,25,15,50,64,64102,AVRIL (AVENUE DU 14),43.50255,-1.45651,Plein jour,En agglomération,Hors intersection,Normale,Deux véhicules - arrière,3,2,2,0,2,3,1,5,1,50,,3,2,0,0,1,38.0,50.0,,,1,2,1,1,2
202100016882,2021-09-25 12:15:00,2021,9,25,12,15,64,64102,SAINT BERNARD (CHEMIN DE),43.50148,-1.48236,Plein jour,En agglomération,Intersection en T,Normale,Deux véhicules - côté,4,2,2,0,1,1,1,0,1,50,,3,2,0,0,1,22.0,25.0,,,1,2,3,1,3
202100016883,2021-09-24 20:40:00,2021,9,24,20,40,64,64024,SALIS (RUE DE),43.48491,-1.51669,Nuit avec éclairage allumé,En agglomération,Hors intersection,Normale,Sans collision,4,-1,1,0,1,4,1,0,1,30,,1,0,0,0,1,70.0,,,,5,2,1,1,7
202100016884,2021-09-23 10:00:00,2021,9,23,10,0,64,64102,GRENET (AVENUE HENRI),43.50347,-1.46876,Plein jour,En agglomération,Hors intersection,Normale,Sans collision,4,2,2,0,2,1,1,0,1,50,,1,0,0,0,1,33.0,,,,1,2,1,1,7
202100016885,2021-09-22 22:55:00,2021,9,22,22,55,64,64102,SOUSBIELLE (RUE RAYMOND),43.4841637862,-1.4775899347,Nuit avec éclairage allumé,En agglomération,Hors intersection,Normale,Deux véhicules - arrière,4,1,1,0,2,2,1,0,1,30,,2,1,0,0,1,37.0,,,,5,2,1,1,2
202100016886,2021-09-22 17:40:00,2021,9,22,17,40,62,62119,MARRONNIERS ( ROND POINT DES ),50.544692,2.636395,Plein jour,En agglomération,Giratoire,Normale,Deux véhicules - arrière,3,1,2,0,1,4,1,0,1,50,,2,1,0,0,1,40.0,32.0,,,1,2,6,1,2
202100016887,2021-09-23 13:55:00,2021,9,23,13,55,61,61001,STRASBOURG (BOULEVARD DE),48.43559,0.09121,Plein jour,En agglomération,Hors intersection,Normale,Deux véhicules - côté,3,2,2,0,1,1,1,0,1,20,,2,1,0,0,1,37.0,43.0,,,1,2,1,1,3
202100016888,2021-09-23 14:30:00,2021,9,23,14,30,59,59350,DUNKERQUE AVENUE DE,50.64578,2.99055,Plein jour,En agglomération,Hors intersection,Normale,Deux véhicules - côté,7,2,2,0,1,1,1,0,1,50,,2,1,0,0,1,29.0,22.0,,,1,2,1,1,3
202100016889,2021-09-23 17:35:00,2021,9,23,17,35,59,59350,BELFORT BOULEVARD DE,50.6203194412,3.0783399362,Plein jour,En agglomération,Hors intersection,Normale,Autre collision,7,3,3,1,1,1,1,0,5,50,,2,0,0,1,1,20.0,,,,1,2,1,1,6
202100016890,2021-09-22 06:45:00,2021,9,22,6,45,59,59654,TOURNAI (ROUTE DE),50.393199166,3.1091311437,Crépuscule ou aube,En agglomération,Giratoire,Normale,Deux véhicules - côté,3,1,2,0,1,2,1,2,1,50,,2,1,0,1,0,,35.0,,,2,2,6,1,3
202100016891,2021-09-21 16:45:00,2021,9,21,16,45,58,58194,MARECHAL LECLERC,46.99947,3.16274,Plein jour,En agglomération,Hors intersection,Normale,Deux véhicules - arrière,3,2,2,0,1,1,1,0,1,50,,4,2,0,0,2,35.0,62.0,,,1,2,1,1,2
202100016892,2021-09-22 16:00:00,2021,9,22,16,0,57,57672,BRIQUERIE (ROUTE DE LA),49.36361,6.16086,Plein jour,En agglomération,Hors intersection,Normale,Autre collision,4,2,2,0,1,1,1,6,1,50,,3,1,0,0,2,52.0,,,,1,2,1,1,6
202100016893,2021-09-23 17:55:00,2021,9,23,17,55,54,54578,MALRAUX (AVENUE ANDRE),48.67169,6.15265,Plein jour,En agglomération,Hors intersection,Normale,Autre collision,4,2,2,0,2,1,1,0,1,50,,2,1,0,0,1,30.0,,,,1,2,1,1,6
202100016894,2021-09-23 18:45:00,2021,9,23,18,45,54,54184,FOCH (AVENUE),48.70497,6.22831,Plein jour,En agglomération,Hors intersection,Normale,Autre collision,7,2,2,0,1,1,1,0,1,50,,2,1,0,0,1,22.0,,,,1,2,1,1,6
202100016895,2021-09-23 08:23:00,2021,9,23,8,23,54,54578,MULLER (AVENUE PAUL),48.65854,6.11788,Plein jour,En agglomération,Hors intersection,Temps éblouissant,Deux véhicules - arrière,7,2,2,0,2,1,1,0,1,50,,2,0,0,0,2,30.0,50.0,,,1,2,1,7,2
202100016896,2021-09-22 09:48:00,2021,9,22,9,48,54,54395,PINCHARD (AVENUE OMBELLES A LIBE),48.7000290466,6.1427977018,Plein jour,En agglomération,Giratoire,Normale,Autre collision,4,2,2,2,1,1,1,-1,1,30,,2,1,0,0,1,71.0,,,,1,2,6,1,6
202100016897,2021-09-21 21:25:00,2021,9,21,21,25,53,53054,RD 561 VERS LOUVERNE,48.103359,-0.757489,Nuit sans éclairage public,Hors agglomération,Intersection en T,Normale,Deux véhicules - côté,3,-1,2,0,1,1,1,0,1,80,,2,1,0,1,0,50.0,26.0,,,3,1,3,1,3
202100016898,2021-09-24 16:46:00,2021,9,24,16,46,51,51172,Rue Pierre Bérégovoy,49.21909,4.0346,Plein jour,En agglomération,Hors intersection,Normale,Deux véhicules - côté,4,2,2,0,2,1,1,0,1,30,,3,2,0,0,1,52.0,27.0,,,1,2,1,1,3
202100016899,2021-09-24 12:25:00,2021,9,24,12,25,51,51454,Boulevard Saint Marceaux,49.25313,4.04471,Plein jour,En agglomération,Intersection en T,Normale,Trois véhicules et plus - collisions multiples,4,2,2,2,1,1,1,0,1,50,,4,1,0,0,3,68.0,18.0,,,1,2,3,1,5
202100016900,2021-09-22 20:45:00,2021,9,22,20,45,51,51454,Rond Point Georges Clignet,49.2523103718,4.0629221805,Nuit avec éclairage allumé,En agglomération,Giratoire,Normale,Deux véhicules - côté,4,3,4,0,1,3,1,0,1,50,,2,1,0,0,1,36.0,32.0,,,5,2,6,1,3
202100016901,2021-09-23 19:00:00,2021,9,23,19,0,50,50173,LEDENTU (RUE EUGENE),49.65323,-1.65735,Plein jour,En agglomération,Hors intersection,Normale,Deux véhicules - frontale,4,2,2,0,1,1,1,0,1,50,,2,1,0,1,0,36.0,22.0,,,1,2,1,1,1
202100016902,2021-09-23 14:30:00,2021,9,23,14,30,49,49099,LATTRE DE TASSIGNY (PONT DE),47.05655,-0.87764,Plein jour,En agglomération,Intersection en X,Normale,Deux véhicules - côté,4,2,6,0,4,1,1,0,1,50,,3,1,0,1,1,26.0,14.0,,,1,2,2,1,3
202100016903,2021-09-25 18:56:00,2021,9,25,18,56,49,49267,A87N,47.46659,-0.51549,Plein jour,En agglomération,Hors intersection,Pluie légère,Sans collision,1,3,4,0,1,1,2,0,1,80,,1,0,0,0,1,26.0,,,,1,2,1,2,7
202100016904,2021-09-24 12:40:00,2021,9,24,12,40,49,49007,NOTRE DAME DU LAC AVENUE,47.475569,-0.583445,Plein jour,En agglomération,Hors intersection,Normale,Deux véhicules - côté,4,1,2,0,1,2,1,0,1,30,,2,1,0,0,1,23.0,18.0,,,1,2,1,1,3
202100016905,2021-09-24 08:55:00,2021,9,24,8,55,49,49007,BEAUREPAIRE,47.47443,-0.56024,Plein jour,En agglomération,Hors intersection,Normale,Deux véhicules - côté,4,2,2,0,1,1,1,0,1,30,,2,1,0,0,1,,61.0,,,1,2,1,1,3
202100016906,2021-09-24 08:32:00,2021,9,24,8,32,49,49267,PELLERINIERE,47.46048,-0.48786,Plein jour,En agglomération,Hors intersection,Normale,Deux véhicules - frontale,4,2,2,0,1,1,1,0,1,50,,2,1,0,0,1,45.0,33.0,,,1,2,1,1,1
202100016907,2021-09-24 06:59:00,2021,9,24,6,59,49,49007,BOURG LA CROIX PLACE ET RUE,47.45155,-0.524685,Crépuscule ou aube,En agglomération,Hors intersection,Normale,Deux véhicules - frontale,4,2,2,0,1,1,1,0,1,50,,2,1,0,0,1,53.0,44.0,,,2,2,1,1,1
202100016908,2021-09-23 17:34:00,2021,9,23,17,34,49,49246,GALLIENI AVENUE,47.4371,-0.5147,Plein jour,En agglomération,Giratoire,Normale,Deux véhicules - arrière,3,1,2,0,1,2,1,0,1,30,,2,1,0,0,1,27.0,60.0,,,1,2,6,1,2
202100016909,2021-09-23 09:38:00,2021,9,23,9,38,49,49007,BICHON PLACE,47.478677,-0.564907,Plein jour,En agglomération,Hors intersection,Normale,Deux véhicules - côté,4,3,2,0,1,1,1,0,1,50,,2,1,0,1,0,50.0,44.0,,,1,2,1,1,3
202100016910,2021-09-22 12:38:00,2021,9,22,12,38,49,49007,POISSONNERIE,47.4723678952,-0.5570687272,Plein jour,En agglomération,Hors intersection,Normale,Deux véhicules - côté,4,1,1,0,1,1,1,0,1,50,,2,1,0,0,1,46.0,21.0,,,1,2,1,1,3
202100016911,2021-09-24 17:07:00,2021,9,24,17,7,45,45285,CLOS DU MOINE (RUE DU),47.915,1.8691,Plein jour,En agglomération,Hors intersection,Normale,Deux véhicules - arrière,7,1,1,0,1,1,1,5,1,50,,4,1,0,0,3,44.0,44.0,,,1,2,1,1,2
202100016912,2021-09-24 16:55:00,2021,9,24,16,55,45,45234,Rue Jeanne d’Arc,47.90141,1.90539,Plein jour,En agglomération,Intersection en X,Normale,Deux véhicules - côté,4,2,2,3,1,1,1,0,6,30,,4,3,0,0,1,27.0,26.0,,,1,2,2,1,3
202100016913,2021-09-24 08:50:00,2021,9,24,8,50,45,45308,ST JEAN DE BRAYE (ROUTE),47.92348,1.95653,Plein jour,En agglomération,Intersection en T,Normale,Deux véhicules - côté,3,1,1,0,2,2,1,0,1,50,,3,1,0,0,2,21.0,45.0,,,1,2,3,1,3
202100016914,2021-09-23 16:45:00,2021,9,23,16,45,45,45234,Rue Vieille Levée,47.8925,1.89577,Plein jour,En agglomération,Intersection en T,Normale,Deux véhicules - frontale,4,2,4,0,1,1,1,0,1,50,,4,3,0,0,1,14.0,28.0,,,1,2,3,1,1
202100016915,2021-09-25 14:44:00,2021,9,25,14,44,45,45208,Place Victor Hugo,47.99499,2.73244,Plein jour,En agglomération,Giratoire,Normale,Deux véhicules - côté,4,1,1,0,1,1,1,0,1,30,,2,1,0,0,1,63.0,65.0,,,1,2,6,1,3
202100016916,2021-09-25 00:25:00,2021,9,25,0,25,45,45004,436 Rue des Bleuets,47.98653,2.73067,Nuit avec éclairage allumé,En agglomération,Hors intersection,Normale,Autre collision,4,2,1,0,1,2,1,0,1,50,,1,0,0,0,1,37.0,,,,5,2,1,1,6
202100016917,2021-09-22 11:35:00,2021,9,22,11,35,44,44184,CARDURAND (RUE DE) DU 82 AU 126 - DU 57,47.28345,-2.21126,Plein jour,En agglomération,Intersection en X,Normale,Deux véhicules - côté,4,2,2,0,1,1,1,0,1,30,,3,1,0,0,2,28.0,57.0,,,1,2,2,1,3
202100016918,2021-09-24 17:45:00,2021,9,24,17,45,44,44109,SCHUMAN ( BD ROBERT ),47.23759,-1.56966,Plein jour,En agglomération,Hors intersection,Normale,Deux véhicules - côté,4,2,2,0,1,1,1,0,5,50,,2,1,0,0,1,35.0,59.0,,,1,2,1,1,3
202100016919,2021-09-22 10:05:00,2021,9,22,10,5,44,44109,RUE GAETAN RONDEAU,47.20513,-1.53754,Plein jour,En agglomération,Hors intersection,Normale,Autre collision,4,3,3,2,1,1,1,0,8,30,,2,1,1,0,0,53.0,,,,1,2,1,1,6
202100016920,2021-09-24 14:00:00,2021,9,24,14,0,42,42095,Boulevard Saint Charles,45.3849216833,4.2841321908,Plein jour,En agglomération,Intersection à plus de 4 branches,Normale,Deux véhicules - côté,4,2,2,0,2,1,1,0,1,50,,2,1,0,0,1,33.0,71.0,,,1,2,5,1,3
202100016921,2021-09-24 11:00:00,2021,9,24,11,0,41,41018,LAIGRET (AVENUE DU DOCTEUR JEAN),47.58596,1.32705,Plein jour,En agglomération,Hors intersection,Normale,Deux véhicules - côté,4,1,3,3,4,3,1,0,1,50,,2,1,0,0,1,74.0,46.0,,,1,2,1,1,3
202100016922,2021-09-24 00:57:00,2021,9,24,0,57,38,38185,Cours Jean Jaurès,45.18473,5.71782,Nuit avec éclairage allumé,En agglomération,Hors intersection,Normale,Deux véhicules - arrière,7,1,-1,1,2,2,1,0,5,30,,2,1,0,1,0,32.0,21.0,,,5,2,1,1,2
202100016923,2021-09-25 20:20:00,2021,9,25,20,20,37,37261,PONT CHER (AVENUE DE),47.3724202574,0.6781704614,Nuit avec éclairage allumé,En agglomération,Hors intersection,Pluie légère,Deux véhicules - arrière,4,1,2,0,1,1,2,0,1,50,,2,1,0,0,1,41.0,23.0,,,5,2,1,2,2
202100016924,2021-09-25 05:13:00,2021,9,25,5,13,37,37261,BERANGER (BOULEVARD),47.3900145525,0.686359153,Nuit avec éclairage allumé,En agglomération,Hors intersection,Normale,Deux véhicules - côté,4,3,4,0,1,1,1,0,1,50,,2,1,0,0,1,21.0,20.0,,,5,2,1,1,3
202100016925,2021-09-24 20:10:00,2021,9,24,20,10,37,37261,ALOUETTE (AVENUE),47.3625889831,0.6958617831,Nuit avec éclairage allumé,En agglomération,Hors intersection,Normale,Deux véhicules - côté,4,3,4,0,1,3,1,0,1,50,,4,3,0,0,1,18.0,,,,5,2,1,1,3
202100016926,2021-09-24 19:55:00,2021,9,24,19,55,37,37261,DE GAULLE (AVENUE DU GENERAL),47.3797681473,0.694330864,Crépuscule ou aube,En agglomération,Hors intersection,Normale,Autre collision,4,-1,0,0,1,1,1,0,1,50,,2,1,0,0,1,,,,,2,2,1,1,6
202100016927,2021-09-24 07:00:00,2021,9,24,7,0,37,37261,JAURES (PLACE JEAN),47.3900372326,0.6896029836,Nuit avec éclairage allumé,En agglomération,Hors intersection,Normale,Autre collision,4,3,1,0,1,2,1,0,1,50,,2,1,0,0,1,28.0,,,,5,2,1,1,6
202100016928,2021-09-24 01:10:00,2021,9,24,1,10,37,37261,CHOISEUL (PLACE),47.4017102003,0.6842836589,Nuit avec éclairage allumé,En agglomération,Place,Normale,Autre collision,4,2,3,0,1,1,1,5,6,50,,2,1,0,0,1,18.0,18.0,,,5,2,7,1,6
202100016929,2021-09-23 17:54:00,2021,9,23,17,54,37,37261,HEURTELOUP (BOULEVARD),47.3924279751,0.7003933434,Plein jour,En agglomération,Intersection en X,Normale,Autre collision,4,1,3,0,1,1,1,5,8,50,,2,1,0,0,1,37.0,14.0,,,1,2,2,1,6
202100016930,2021-09-22 18:20:00,2021,9,22,18,20,37,37261,TRANCHEE (AVENUE DE LA),47.4080880479,0.6814726091,Plein jour,En agglomération,Hors intersection,Normale,Autre collision,4,2,4,3,2,1,1,9,6,50,,2,1,0,0,1,,,,,1,2,1,1,6
202100016931,2021-09-22 14:30:00,2021,9,22,14,30,37,37261,DE GAULLE (AVENUE DU GENERAL),47.379807199,0.6945661518,Plein jour,En agglomération,Intersection en T,Normale,Autre collision,4,2,3,2,1,1,1,0,4,50,,2,1,0,0,1,18.0,53.0,,,1,2,3,1,6
202100016932,2021-09-22 13:10:00,2021,9,22,13,10,37,37261,POMPIDOU (AVENUE GEORGES),47.3880300803,0.7084655408,Plein jour,En agglomération,Hors intersection,Normale,Sans collision,4,2,4,0,2,1,1,0,1,50,,3,0,0,0,3,20.0,,,,1,2,1,1,7
202100016933,2021-09-23 17:20:00,2021,9,23,17,20,35,35051,ALLIES (BOULEVARD DES),48.12654,-1.62107,Plein jour,En agglomération,Giratoire,Normale,Deux véhicules - arrière,4,2,2,0,1,1,1,0,1,50,,3,2,0,0,1,25.0,65.0,,,1,2,6,1,2
202100016934,2021-09-23 16:30:00,2021,9,23,16,30,35,35238,VERN (DE),48.08584,-1.64403,Plein jour,En agglomération,Hors intersection,Normale,Deux véhicules - arrière,4,3,4,0,1,1,1,0,1,50,,4,3,0,0,1,20.0,42.0,,,1,2,1,1,2
202100016935,2021-09-24 18:10:00,2021,9,24,18,10,33,33318,Avenue du Docteur Nancel Pénard,44.80912,-0.63302,Plein jour,En agglomération,Autre intersection,Normale,Deux véhicules - côté,4,2,2,0,1,1,1,0,1,50,,2,1,0,1,0,38.0,40.0,,,1,2,9,1,3
202100016936,2021-09-24 18:10:00,2021,9,24,18,10,33,33162,Avenue de Magudas,44.85821,-0.66515,Plein jour,En agglomération,Hors intersection,Normale,Autre collision,4,3,5,0,1,1,1,0,1,50,,1,0,0,0,1,46.0,,,,1,2,1,1,6
202100016937,2021-09-24 08:35:00,2021,9,24,8,35,33,33249,Quai Carriet,44.88539,-0.5299,Plein jour,En agglomération,Intersection en X,Normale,Deux véhicules - côté,4,3,4,0,1,1,1,0,1,50,,2,1,0,0,1,20.0,58.0,,,1,2,2,1,3
202100016938,2021-09-23 19:00:00,2021,9,23,19,0,33,33063,RUE CAMILLE GODARD,44.85503,-0.5738,Plein jour,En agglomération,Intersection à plus de 4 branches,Normale,Autre collision,4,1,2,1,1,1,1,0,1,50,,2,1,0,0,1,54.0,32.0,,,1,2,5,1,6
202100016939,2021-09-23 15:25:00,2021,9,23,15,25,33,33039,Avenue Maréchal de Lattre de Tassigny,44.80865,-0.5423,Plein jour,En agglomération,Intersection en X,Normale,Deux véhicules - côté,4,2,2,0,1,1,1,0,8,30,,2,1,0,0,1,,31.0,,,1,2,2,1,3
202100016940,2021-09-23 13:30:00,2021,9,23,13,30,33,33281,Avenue Montesquieu,44.84635,-0.63505,Plein jour,En agglomération,Intersection en T,Normale,Deux véhicules - frontale,4,2,2,2,1,1,1,0,1,50,,2,0,0,2,0,70.0,82.0,,,1,2,3,1,1
202100016941,2021-09-23 08:20:00,2021,9,23,8,20,33,33281,Avenue de l’Yser,44.8412576755,-0.6538560243,Plein jour,En agglomération,Giratoire,Normale,Deux véhicules - côté,4,3,2,2,1,1,1,0,1,50,,2,1,0,1,0,31.0,55.0,,,1,2,6,1,3
202100016942,2021-09-22 01:43:00,2021,9,22,1,43,33,33063,Cours de l’Argonne,44.8274,-0.57574,Nuit avec éclairage allumé,En agglomération,Intersection en X,Normale,Deux véhicules - côté,4,1,2,0,1,1,1,0,1,30,,2,1,0,0,1,18.0,22.0,,,5,2,2,1,3
202100016943,2021-09-25 02:45:00,2021,9,25,2,45,33,33529,Avenue Charles de Gaulle,44.637153,-1.128803,Nuit avec éclairage allumé,En agglomération,Hors intersection,Normale,Autre collision,3,2,2,0,1,1,1,0,1,50,,1,0,0,0,1,31.0,,,,5,2,1,1,6
202100016944,2021-09-25 01:35:00,2021,9,25,1,35,33,33529,,44.64133,-1.15694,Nuit avec éclairage allumé,En agglomération,Hors intersection,Normale,Autre collision,3,2,3,1,1,1,1,0,1,50,,1,0,0,1,0,19.0,,,,5,2,1,1,6
202100016945,2021-09-23 14:56:00,2021,9,23,14,56,33,33529,,44.6173,-1.136,Plein jour,Hors agglomération,Hors intersection,Normale,Deux véhicules - arrière,2,2,3,0,1,1,1,0,1,70,,2,1,0,0,1,34.0,24.0,,,1,1,1,1,2