accident_id,datetime,annee,mois,jour,heure,minute,departement,commune_insee,adresse,latitude,longitude,luminosite,agglomeration,intersection,meteo,collision,catr,circ,nbv,vosp,prof,plan,surf,infra,situ,vma,nb_vehicules,nb_usagers,nb_indemnes,nb_tues,nb_blesses_hosp,nb_blesses_legers,age_cond_1,age_cond_2,veh_type_cond_1,veh_type_cond_2,lum_code,agg_code,int_code,atm_code,col_code
202100016946,2021-09-24 16:15:00,2021,9,24,16,15,31,31555,BD LASCROSSES,43.609228,1.430932,Plein jour,En agglomération,Hors intersection,Normale,Autre collision,4,2,6,3,1,1,1,0,1,50,,2,1,0,0,1,,,,,1,2,1,1,6
202100016947,2021-09-24 15:00:00,2021,9,24,15,0,31,31555,FITTE (ALL CHARLES DE) DU 2AU 76,43.5962,1.4322,Plein jour,En agglomération,Autre intersection,Normale,Deux véhicules - côté,4,1,2,0,1,1,1,0,1,50,,2,1,0,0,1,54.0,29.0,,,1,2,9,1,3
202100016948,2021-09-24 15:10:00,2021,9,24,15,10,31,31555,24 EMPALOT  (PERIPH OUEST A620),43.57057,1.4328,Plein jour,Hors agglomération,Hors intersection,Normale,Trois véhicules et plus - collisions multiples,1,1,4,0,1,1,1,2,1,90,,3,1,0,0,2,40.0,40.0,,,1,1,1,1,5
202100016949,2021-09-23 22:15:00,2021,9,23,22,15,31,31555,SAINT PIERRE (PL) DU 8AU 17,43.60357,1.43503,Nuit avec éclairage allumé,En agglomération,Place,Normale,Autre collision,4,1,1,0,1,2,1,0,4,20,,3,0,0,1,2,20.0,,,,5,2,7,1,6
202100016950,2021-09-23 17:15:00,2021,9,23,17,15,31,31555,RUE FEDERICO GARCIA LORCA,43.6361,1.42745,Plein jour,En agglomération,Hors intersection,Normale,Sans collision,4,2,4,1,1,3,8,0,1,50,,2,1,0,0,1,23.0,,,,1,2,1,1,7
202100016951,2021-09-20 17:05:00,2021,9,20,17,5,30,30028,BAINS ROMAINS (RUE DES),44.16304,4.6111,Plein jour,En agglomération,Intersection en Y,Normale,Deux véhicules - côté,4,2,2,0,1,1,1,0,1,50,,2,1,0,1,0,60.0,58.0,,,1,2,4,1,3
202100016952,2021-09-25 23:00:00,2021,9,25,23,0,30,30007,GAMBETTA (BOULEVARD),44.12286,4.0846,Nuit avec éclairage allumé,En agglomération,Hors intersection,Pluie légère,Autre collision,4,2,2,0,1,1,2,0,1,50,,1,0,0,0,1,19.0,,,,5,2,1,2,6
202100016953,2021-09-23 23:25:00,2021,9,23,23,25,29,29254,lieu dit Lannuguy,48.607272,-3.855472,Nuit sans éclairage public,Hors agglomération,Autre intersection,Pluie légère,Autre collision,3,2,2,0,1,1,2,2,1,80,,1,0,0,0,1,30.0,,,,3,1,9,2,6
202100016954,2021-09-25 17:45:00,2021,9,25,17,45,29,29019,Rue de Lyon,48.3892138148,-4.4896276601,Plein jour,En agglomération,Intersection en X,Brouillard / fumée,Autre collision,4,2,2,0,1,1,1,0,1,50,,2,1,0,0,1,47.0,,,,1,2,2,5,6
202100016955,2021-09-24 14:45:00,2021,9,24,14,45,29,29019,Rue de Gouesnou,48.4064212427,-4.4678794213,Plein jour,En agglomération,Passage à niveau,Temps couvert,Deux véhicules - côté,4,2,2,0,1,1,1,4,1,30,,2,1,0,0,1,44.0,66.0,,,1,2,8,8,3
202100016956,2021-09-08 08:13:00,2021,9,8,8,13,29,29019,Avenue Victor le Gorgeu,48.40995,-4.51485,Plein jour,En agglomération,Intersection en X,Normale,Deux véhicules - côté,4,2,4,1,1,1,1,5,1,50,,2,1,0,0,1,41.0,25.0,,,1,2,2,1,3
202100016957,2021-09-24 11:00:00,2021,9,24,11,0,27,27562,LAGRANGE (RUE LEO),49.10231,1.45139,Plein jour,En agglomération,Giratoire,Normale,Autre collision,4,2,2,0,1,2,1,0,1,50,,2,1,0,0,1,44.0,,,,1,2,6,1,6
202100016958,2021-09-24 22:40:00,2021,9,24,22,40,27,27701,avenue des métiers,49.24837,1.17426,Nuit sans éclairage public,En agglomération,Hors intersection,Normale,Deux véhicules - frontale,4,2,2,0,2,1,1,0,1,50,,3,0,0,0,3,25.0,43.0,,,3,2,1,1,1
202100016959,2021-09-24 18:00:00,2021,9,24,18,0,27,27229,NORMANDIE (BOULEVARD DE),49.01954,1.13912,Plein jour,En agglomération,Hors intersection,Normale,Deux véhicules - arrière,4,-1,4,0,1,1,1,0,1,50,,3,2,0,0,1,25.0,19.0,,,1,2,1,1,2
202100016960,2021-09-23 18:00:00,2021,9,23,18,0,27,27229,ROCHETTE (RUE DE LA),49.026986,1.141623,Plein jour,En agglomération,Intersection en X,Temps éblouissant,Trois véhicules et plus - en chaîne,4,1,2,0,1,1,1,0,1,50,,3,2,0,0,1,65.0,66.0,,,1,2,2,7,4
202100016961,2021-09-23 08:15:00,2021,9,23,8,15,27,27684,NATIONALE 13 (ROUTE),49.0155,1.18574,Crépuscule ou aube,Hors agglomération,Hors intersection,Normale,Autre collision,4,1,-1,0,1,1,1,0,1,50,,1,0,0,0,1,41.0,,,,2,1,1,1,6
202100016962,2021-09-23 14:38:00,2021,9,23,14,38,26,26198,52 Rue Gustave Monod,44.545504,4.740669,Plein jour,En agglomération,Intersection en T,Normale,Deux véhicules - côté,4,2,1,0,1,1,1,0,1,50,,2,1,0,0,1,35.0,11.0,,,1,2,3,1,3
202100016963,2021-09-24 11:25:00,2021,9,24,11,25,25,25462,GARE (DE LA),46.90234,6.35458,Plein jour,En agglomération,Intersection en T,Normale,Autre collision,4,1,1,0,1,1,1,5,6,30,,3,1,0,0,2,46.0,,,,1,2,3,1,6
202100016964,2021-09-24 08:15:00,2021,9,24,8,15,25,25056,CHALEZEULE RUE DE (entre 51 ET 72),47.24753,6.03779,Plein jour,En agglomération,Hors intersection,Normale,Autre collision,4,2,2,2,2,1,1,0,5,50,,3,2,0,0,1,43.0,55.0,,,1,2,1,1,6
202100016965,2021-09-24 16:50:00,2021,9,24,16,50,17,17291,HUIT MAI 1945,46.1776,-1.1136,Plein jour,Hors agglomération,Hors intersection,Normale,Deux véhicules - côté,4,2,2,0,2,1,1,0,1,50,,2,1,0,0,1,14.0,42.0,,,1,1,1,1,3
202100016966,2021-09-22 16:30:00,2021,9,22,16,30,14,14487,VALLEE (ROUTE),49.19247,0.22249,Plein jour,En agglomération,Hors intersection,Normale,Autre collision,4,2,2,0,1,1,1,0,1,50,,2,1,0,0,1,66.0,28.0,,,1,2,1,1,6
202100016967,2021-09-25 20:00:00,2021,9,25,20,0,14,14167,MOUGIN (RUE EMILE),49.20457,-0.29218,Nuit avec éclairage allumé,En agglomération,Hors intersection,Normale,Deux véhicules - côté,4,2,0,0,1,1,1,0,1,50,,2,1,0,0,1,31.0,34.0,,,5,2,1,1,3
202100016968,2021-09-24 18:10:00,2021,9,24,18,10,14,14118,VAUCELLES (PONT DE),49.17674,-0.35448,Plein jour,En agglomération,Hors intersection,Normale,Deux véhicules - côté,4,2,3,0,1,1,1,9,8,50,,2,1,0,0,1,24.0,21.0,,,1,2,1,1,3
202100016969,2021-09-24 17:10:00,2021,9,24,17,10,14,14101,D675,49.16313,-0.42607,Plein jour,En agglomération,Hors intersection,Normale,Deux véhicules - côté,3,2,0,0,1,1,1,0,1,50,,2,1,0,0,1,49.0,63.0,,,1,2,1,1,3
202100016970,2021-09-21 13:00:00,2021,9,21,13,0,14,14118,GUILLOU (BOULEVARD YVES),49.1722,-0.38419,Plein jour,En agglomération,Hors intersection,Normale,Deux véhicules - côté,3,3,4,0,2,1,1,9,1,50,,2,1,0,0,1,30.0,60.0,,,1,2,1,1,3
202100016971,2021-09-23 17:30:00,2021,9,23,17,30,14,14271,HARCOURT (ROUTE D'),49.157,-0.37,Plein jour,En agglomération,Autre intersection,Normale,Autre collision,3,2,2,0,1,1,1,0,1,50,,3,2,0,0,1,23.0,84.0,,,1,2,9,1,6
202100016972,2021-09-22 17:50:00,2021,9,22,17,50,14,14118,RICHEMOND (BOULEVARD),49.19072,-0.3759,Plein jour,En agglomération,Autre intersection,Normale,Deux véhicules - côté,4,1,2,1,1,1,1,0,5,50,,2,1,0,0,1,16.0,23.0,,,1,2,9,1,3
202100016973,2021-09-21 10:10:00,2021,9,21,10,10,14,14327,GRANDE CAVEE (AVENUE DE LA),49.20315,-0.34071,Plein jour,En agglomération,Autre intersection,Normale,Autre collision,4,2,4,0,1,1,1,0,1,50,,1,0,0,0,1,34.0,,,,1,2,9,1,6
202100016974,2021-09-25 13:15:00,2021,9,25,13,15,13,13117,ESPAGNE ( VOIE D' ),43.42125,5.26665,Plein jour,En agglomération,Intersection en X,Normale,Deux véhicules - côté,4,2,2,0,1,1,1,0,1,50,,3,0,0,1,2,18.0,58.0,,,1,2,2,1,3
202100016975,2021-09-01 15:20:00,2021,9,1,15,20,13,13103,ALLEES DE CRAPONNE,43.63764,5.09925,Plein jour,En agglomération,Hors intersection,Normale,Deux véhicules - côté,4,2,2,0,1,1,1,0,1,30,,2,1,0,0,1,34.0,,,,1,2,1,1,3
202100016976,2021-09-21 17:15:00,2021,9,21,17,15,13,13056,GENERAL DE GAULLE(Avenue),43.39927,5.06569,Plein jour,En agglomération,Hors intersection,Normale,Deux véhicules - côté,4,2,2,0,1,1,1,0,1,30,,2,1,0,0,1,38.0,43.0,,,1,2,1,1,3
202100016977,2021-09-25 17:05:00,2021,9,25,17,5,13,13210,PAUL CLAUDEL (BOULEVARD),43.26927,5.42098,Plein jour,En agglomération,Hors intersection,Normale,Deux véhicules - côté,4,2,4,0,1,1,1,0,1,50,,3,1,0,0,2,28.0,35.0,,,1,2,1,1,3
202100016978,2021-09-25 17:30:00,2021,9,25,17,30,13,13211,JEAN LOMBARD (AVENUE),43.2889757983,5.4322869751,Plein jour,En agglomération,Intersection en T,Normale,Deux véhicules - côté,4,2,2,0,1,1,1,0,1,50,,2,1,0,0,1,41.0,,,,1,2,3,1,3
202100016979,2021-09-25 14:55:00,2021,9,25,14,55,13,13204,FRANÇOISE DUPARC (BOULEVARD),43.30342,5.40092,Plein jour,En agglomération,Hors intersection,Normale,Deux véhicules - côté,4,2,4,0,1,1,1,0,1,50,,2,1,0,0,1,41.0,38.0,,,1,2,1,1,3
202100016980,2021-09-25 10:15:00,2021,9,25,10,15,13,13202,PARIS (BOULEVARD DE),43.30623,5.37229,Plein jour,En agglomération,Intersection en X,Normale,Deux véhicules - côté,4,1,3,3,2,1,1,0,1,50,,2,1,0,0,1,51.0,,,,1,2,2,1,3
202100016981,2021-09-24 17:50:00,2021,9,24,17,50,13,13209,LUMINY (AVENUE DE),43.2316,5.43672,Plein jour,En agglomération,Intersection en X,Normale,Deux véhicules - côté,4,1,2,0,1,2,1,0,1,50,,3,2,0,0,1,20.0,19.0,,,1,2,2,1,3
202100016982,2021-09-23 23:43:00,2021,9,23,23,43,13,13207,Corniche John Fitzgérald Kennedy,43.271,5.362,Nuit avec éclairage allumé,En agglomération,Hors intersection,Normale,Deux véhicules - frontale,4,2,3,0,1,3,1,0,1,50,,4,1,0,3,0,19.0,51.0,,,5,2,1,1,1
202100016983,2021-09-24 18:55:00,2021,9,24,18,55,13,13204,BLANCARDE (BOULEVARD),43.29614,5.40611,Plein jour,En agglomération,Intersection en T,Normale,Deux véhicules - arrière,4,2,4,0,1,1,1,0,1,50,,2,1,0,0,1,,25.0,,,1,2,3,1,2
202100016984,2021-09-24 07:20:00,2021,9,24,7,20,13,13213,SAINT JEROME (AVENUE DE),43.328,5.4188,Crépuscule ou aube,En agglomération,Giratoire,Normale,Autre collision,3,2,1,0,1,1,1,0,1,50,,2,1,0,1,0,59.0,,,,2,2,6,1,6
202100016985,2021-09-23 17:30:00,2021,9,23,17,30,13,13211,SAINT MARCEL (BOULEVARD DE ),43.2874782328,5.4652842346,Plein jour,En agglomération,Hors intersection,Normale,Deux véhicules - côté,4,2,2,0,1,1,1,0,1,50,,2,1,0,0,1,61.0,,,,1,2,1,1,3
202100016986,2021-09-22 23:27:00,2021,9,22,23,27,13,13210,TIMONE (AVENUE DE LA),43.2853549512,5.3989118146,Nuit avec éclairage allumé,En agglomération,Intersection en T,Normale,Deux véhicules - côté,4,-1,1,0,1,1,1,0,1,50,,2,1,0,0,1,40.0,33.0,,,5,2,3,1,3
202100016987,2021-09-22 20:15:00,2021,9,22,20,15,13,13201,ATHENES (BOULEVARD D'),43.3002529147,5.3807415768,Nuit avec éclairage allumé,En agglomération,Hors intersection,Normale,Deux véhicules - frontale,4,2,4,0,2,1,1,0,1,50,,2,1,0,0,1,,,,,5,2,1,1,1
202100016988,2021-09-23 16:08:00,2021,9,23,16,8,13,13047,FELIX GOUIN AVENUE,43.5026654738,4.9858916294,Plein jour,En agglomération,Hors intersection,Normale,Deux véhicules - côté,4,2,-1,0,1,1,1,0,1,50,,2,1,0,0,1,49.0,52.0,,,1,2,1,1,3
202100016989,2021-09-04 14:30:00,2021,9,4,14,30,13,13028,PEPINIERE (CHEMIN DE LA),43.18972,5.60158,Plein jour,En agglomération,Hors intersection,Normale,Deux véhicules - frontale,9,1,1,0,1,2,1,9,8,10,,2,1,0,1,0,55.0,,,,1,2,1,1,1
202100016990,2021-09-25 05:25:00,2021,9,25,5,25,13,13004,RTE N113 MARSEILLE A BORBEAUX,43.65745,4.64905,Nuit sans éclairage public,Hors agglomération,Hors intersection,Normale,Deux véhicules - arrière,2,3,4,0,1,1,1,0,1,110,,2,0,0,0,2,29.0,39.0,,,3,1,1,1,2
202100016991,2021-09-25 15:00:00,2021,9,25,15,0,11,11069,NARBONNE -ROUTE DE-,43.20506,2.39763,Plein jour,En agglomération,Hors intersection,Normale,Deux véhicules - arrière,3,2,2,0,1,1,1,8,1,50,,2,1,0,0,1,17.0,55.0,,,1,2,1,1,2
202100016992,2021-09-24 13:25:00,2021,9,24,13,25,10,10387,KLEBER (RUE),48.30262,4.08321,Plein jour,En agglomération,Hors intersection,Temps éblouissant,Deux véhicules - côté,4,2,2,0,1,1,1,0,1,50,,3,2,0,0,1,60.0,56.0,,,1,2,1,7,3
202100016993,2021-09-23 09:45:00,2021,9,23,9,45,10,10387,PIERRE BROSSOLETTE (RUE),48.29023,4.07611,Plein jour,En agglomération,Intersection en T,Temps éblouissant,Autre collision,4,2,4,0,2,1,1,0,1,50,,2,1,0,0,1,69.0,,,,1,2,3,7,6
202100016994,2021-09-23 13:45:00,2021,9,23,13,45,07,07316,MENAFAURIES (CHEMIN DES),44.88404,4.83732,Plein jour,Hors agglomération,Hors intersection,Normale,Deux véhicules - arrière,4,2,2,0,1,1,1,0,1,50,,2,1,0,0,1,37.0,35.0,,,1,1,1,1,2
202100016995,2021-09-25 23:00:00,2021,9,25,23,0,06,06088,MONTEL (BD PAUL),43.67534,7.20715,Nuit avec éclairage allumé,En agglomération,Hors intersection,Pluie légère,Deux véhicules - côté,4,1,4,3,1,1,2,0,1,50,,3,1,0,0,2,17.0,28.0,,,5,2,1,2,3
202100016996,2021-09-25 13:50:00,2021,9,25,13,50,06,06069,MARIGARDE (ROUTE DE LA),43.654218,6.937595,Plein jour,En agglomération,Hors intersection,Normale,Sans collision,3,2,2,0,1,2,1,0,1,50,,1,0,0,0,1,26.0,,,,1,2,1,1,7
202100016997,2021-09-24 18:45:00,2021,9,24,18,45,06,06029,COUBERTIN (AVENUE PIERRE),43.55516,6.967014,Crépuscule ou aube,En agglomération,Hors intersection,Normale,Deux véhicules - côté,4,2,4,0,1,1,1,0,1,50,,2,1,0,0,1,53.0,48.0,,,2,2,1,1,3
202100016998,2021-09-24 20:20:00,2021,9,24,20,20,06,06123,PUGETS AVENUE DES,43.677437,7.188599,Nuit avec éclairage allumé,En agglomération,Intersection en T,Normale,Deux véhicules - côté,7,2,2,0,1,1,1,0,1,50,,2,1,0,0,1,17.0,20.0,,,5,2,3,1,3
202100016999,2021-09-23 22:35:00,2021,9,23,22,35,05,05061,MARECHAL FOCH ( AVENUE DU ),44.56403,6.08864,Nuit avec éclairage allumé,En agglomération,Hors intersection,Normale,Sans collision,2,2,3,0,1,1,1,0,1,50,,1,0,0,0,1,49.0,,,,5,2,1,1,7
202100017000,2021-09-22 09:12:00,2021,9,22,9,12,05,05061,RN 94,44.5747,6.11082,Plein jour,En agglomération,Hors intersection,Normale,Deux véhicules - arrière,2,-1,2,0,1,1,1,0,1,50,,2,1,0,0,1,31.0,55.0,,,1,2,1,1,2
202100017001,2021-09-25 18:40:00,2021,9,25,18,40,75,75119,BD PERIPHERIQUE INTERIEUR,48.900188,2.379269,Plein jour,En agglomération,Hors intersection,Normale,Deux véhicules - arrière,4,1,4,0,1,1,1,0,1,70,,2,1,0,1,0,41.0,21.0,,,1,2,1,1,2
202100017002,2021-09-25 16:35:00,2021,9,25,16,35,75,75117,BD PERIPHERIQUE EXTERIEUR,48.8859,2.288119,Plein jour,En agglomération,Hors intersection,Normale,Deux véhicules - côté,4,1,4,0,1,1,1,0,1,70,,2,1,0,0,1,45.0,55.0,,,1,2,1,1,3
202100017003,2021-09-25 14:30:00,2021,9,25,14,30,75,75117,BD PERIPHERIQUE INTERIEUR,48.8901699829,2.2984445112,Plein jour,En agglomération,Hors intersection,Normale,Deux véhicules - côté,4,1,4,0,1,1,1,1,1,70,,2,1,0,0,1,63.0,24.0,,,1,2,1,1,3
202100017004,2021-09-24 14:30:00,2021,9,24,14,30,75,75118,BD PERIPHERIQUE EXTERIEUR,48.900819,2.333069,Plein jour,En agglomération,Hors intersection,Normale,Deux véhicules - arrière,4,1,4,0,1,1,1,0,1,70,,2,1,0,0,1,20.0,47.0,,,1,2,1,1,2
202100017005,2021-09-24 16:30:00,2021,9,24,16,30,75,75112,BD PERIPHERIQUE INTERIEUR,48.833191,2.406946,Plein jour,En agglomération,Hors intersection,Normale,Deux véhicules - côté,4,1,4,0,1,1,1,0,1,70,,2,1,0,0,1,47.0,35.0,,,1,2,1,1,3
202100017006,2021-09-24 06:45:00,2021,9,24,6,45,75,75116,BD PERIPHERIQUE EXTERIEUR,48.8696811597,2.2712409024,Crépuscule ou aube,En agglomération,Intersection en Y,Normale,Deux véhicules - côté,4,1,4,0,1,2,1,0,1,70,,2,1,0,0,1,40.0,30.0,,,2,2,4,1,3
202100017007,2021-09-23 15:00:00,2021,9,23,15,0,75,75118,BD PERIPHERIQUE INTERIEUR,48.900896,2.344014,Plein jour,En agglomération,Hors intersection,Normale,Trois véhicules et plus - en chaîne,4,1,4,0,1,1,1,0,1,70,,3,2,0,0,1,63.0,43.0,,,1,2,1,1,4
202100017008,2021-09-23 14:20:00,2021,9,23,14,20,75,75112,BD PERIPHERIQUE EXTERIEUR,48.8268044693,2.3900614679,Plein jour,En agglomération,Intersection en Y,Normale,Autre collision,4,1,3,0,1,1,1,0,1,70,,1,0,0,0,1,35.0,,,,1,2,4,1,6
202100017009,2021-09-23 12:10:00,2021,9,23,12,10,75,75116,ECHANGEUR MAILLOT,48.8750625024,2.2766418429,Plein jour,En agglomération,Intersection en Y,Normale,Deux véhicules - côté,4,1,2,0,1,3,1,0,1,50,,2,1,0,0,1,40.0,29.0,,,1,2,4,1,3
202100017010,2021-09-23 08:20:00,2021,9,23,8,20,75,75112,BD PERIPHERIQUE INTERIEUR,48.83687,2.412401,Plein jour,En agglomération,Hors intersection,Normale,Trois véhicules et plus - en chaîne,4,1,4,0,1,1,1,0,1,70,,4,3,0,0,1,35.0,57.0,,,1,2,1,1,4
202100017011,2021-09-23 08:40:00,2021,9,23,8,40,75,75114,BD PERIPHERIQUE INTERIEUR,48.824394,2.306463,Plein jour,En agglomération,Hors intersection,Normale,Deux véhicules - arrière,4,3,3,0,1,1,1,0,1,70,,2,1,0,0,1,,21.0,,,1,2,1,1,2
202100017012,2021-09-22 18:25:00,2021,9,22,18,25,75,75112,BD PERIPHERIQUE INTERIEUR,48.832022,2.404875,Plein jour,En agglomération,Hors intersection,Normale,Trois véhicules et plus - en chaîne,4,1,4,0,1,1,1,1,1,70,,4,3,0,0,1,57.0,27.0,,,1,2,1,1,4
202100017013,2021-09-22 03:00:00,2021,9,22,3,0,75,75120,BD PERIPHERIQUE EXTERIEUR,48.8521142048,2.4150773106,Nuit avec éclairage allumé,En agglomération,Intersection en Y,Normale,Deux véhicules - côté,4,1,4,0,1,1,1,0,1,70,,3,1,0,0,2,51.0,22.0,,,5,2,4,1,3
202100017014,2021-09-21 17:00:00,2021,9,21,17,0,75,75118,ECHANGEUR CHAPELLE,48.901118,2.354841,Plein jour,En agglomération,Intersection en Y,Normale,Deux véhicules - arrière,4,1,2,0,2,1,1,0,1,50,,2,1,0,1,0,49.0,29.0,,,1,2,4,1,2
202100017015,2021-09-21 16:10:00,2021,9,21,16,10,75,75117,BD PERIPHERIQUQE INTERIEUR,48.891371,2.300476,Plein jour,En agglomération,Hors intersection,Normale,Sans collision,4,1,4,0,1,1,1,0,1,70,,1,0,0,0,1,62.0,,,,1,2,1,1,7
202100017016,2021-09-22 09:14:00,2021,9,22,9,14,75,75107,AVENUE DE LOWENDAL,48.8534018494,2.3095683656,Plein jour,En agglomération,Intersection en Y,Normale,Deux véhicules - côté,4,2,2,0,1,1,1,0,1,30,,2,0,0,1,1,39.0,47.0,,,1,2,4,1,3
202100017017,2021-09-21 20:57:00,2021,9,21,20,57,75,75108,AVENUE DES CHAMPS ELYSEES,48.8731252082,2.2970622993,Nuit avec éclairage allumé,En agglomération,Intersection en X,Normale,Autre collision,4,2,6,0,1,1,1,0,1,50,,6,2,0,3,1,20.0,,,,5,2,2,1,6
202100017018,2021-09-21 03:40:00,2021,9,21,3,40,75,75116,ALLEE DU BORD DE L EAU,48.8659,2.23129,Nuit avec éclairage allumé,En agglomération,Hors intersection,Normale,Autre collision,4,2,4,0,1,1,1,0,1,50,,1,0,1,0,0,23.0,,,,5,2,1,1,6
202100017019,2021-09-25 04:52:00,2021,9,25,4,52,75,75106,BOULEVARD SAINT MICHEL,48.852767,2.343829,Nuit avec éclairage allumé,En agglomération,Intersection en T,Normale,Autre collision,4,2,4,0,1,1,1,0,1,30,,3,1,0,1,1,,,,,5,2,3,1,6
202100017020,2021-09-23 10:39:00,2021,9,23,10,39,75,75113,BOULEVARD MASSENA,48.823401,2.375032,Plein jour,En agglomération,Intersection en T,Normale,Sans collision,4,3,2,1,2,1,1,0,5,30,,1,0,0,1,0,42.0,,,,1,2,3,1,7
202100017021,2021-09-25 19:55:00,2021,9,25,19,55,75,75119,BOULEVARD MACDONALD,48.898721,2.371041,Nuit avec éclairage allumé,En agglomération,Intersection en X,Normale,Deux véhicules - côté,4,3,3,1,2,1,1,0,5,30,,2,1,0,0,1,58.0,40.0,,,5,2,2,1,3
202100017022,2021-09-25 17:15:00,2021,9,25,17,15,75,75119,AVENUE JEAN JAURES,48.883093,2.371481,Plein jour,En agglomération,Intersection en T,Normale,Deux véhicules - côté,4,2,3,0,1,1,1,0,1,30,,2,1,0,0,1,27.0,27.0,,,1,2,3,1,3
202100017023,2021-09-25 17:15:00,2021,9,25,17,15,75,75119,AVENUE DE FLANDRE,48.885808,2.37067,Plein jour,En agglomération,Intersection en T,Normale,Deux véhicules - arrière,4,3,3,0,1,1,1,0,1,30,,2,1,0,0,1,26.0,37.0,,,1,2,3,1,2
202100017024,2021-09-24 18:10:00,2021,9,24,18,10,75,75119,BOULEVARD DE LA VILLETTE,48.88114,2.370436,Plein jour,En agglomération,Hors intersection,Normale,Autre collision,4,3,2,0,1,1,1,0,1,30,,1,0,0,0,1,60.0,,,,1,2,1,1,6
202100017025,2021-09-23 18:25:00,2021,9,23,18,25,75,75119,AVENUE DE LA PORTE DE LA VILLETTE,48.8983575337,2.3862178156,Plein jour,En agglomération,Intersection en T,Normale,Deux véhicules - côté,4,3,4,0,1,1,1,0,1,30,,2,1,0,0,1,25.0,24.0,,,1,2,3,1,3
202100017026,2021-09-23 10:20:00,2021,9,23,10,20,75,75119,AVENUE JEAN JAURES,48.886613,2.384834,Plein jour,En agglomération,Intersection en T,Normale,Deux véhicules - côté,4,2,4,0,1,1,1,0,1,30,,2,1,0,0,1,35.0,53.0,,,1,2,3,1,3
202100017027,2021-09-25 14:30:00,2021,9,25,14,30,75,75118,BOULEVARD NEY,48.897786,2.340258,Plein jour,En agglomération,Hors intersection,Normale,Deux véhicules - côté,4,3,3,0,1,1,1,0,1,50,,3,1,0,0,2,,48.0,,,1,2,1,1,3
202100017028,2021-09-23 18:00:00,2021,9,23,18,0,75,75118,RUE D AUBERVILLIERS,48.8987138032,2.3703834414,Plein jour,En agglomération,Intersection en X,Normale,Deux véhicules - côté,4,3,3,1,1,1,1,5,5,30,,2,1,0,0,1,22.0,53.0,,,1,2,2,1,3
202100017029,2021-09-23 12:30:00,2021,9,23,12,30,75,75117,AVENUE DE CLICHY,48.889364,2.322315,Plein jour,En agglomération,Intersection en T,Normale,Autre collision,4,2,2,0,2,1,1,0,1,30,,2,1,0,0,1,20.0,,,,1,2,3,1,6
202100017030,2021-09-25 19:00:00,2021,9,25,19,0,75,75116,RUE DUMONT D URVILLE,48.8716628354,2.2953830631,Crépuscule ou aube,En agglomération,Intersection en Y,Normale,Autre collision,4,1,1,0,1,1,1,0,1,50,,2,1,0,0,1,29.0,,,,2,2,4,1,6
202100017031,2021-09-25 12:00:00,2021,9,25,12,0,75,75116,RUE CLAUDE TERRASSE,48.83854,2.262028,Plein jour,En agglomération,Intersection en X,Normale,Deux véhicules - côté,4,2,2,0,1,1,1,0,1,30,,2,1,0,0,1,40.0,69.0,,,1,2,2,1,3
202100017032,2021-09-24 23:05:00,2021,9,24,23,5,75,75116,AVENUE KLEBER,48.867258,2.290325,Nuit avec éclairage allumé,En agglomération,Intersection en T,Normale,Deux véhicules - côté,4,2,3,0,1,1,1,0,1,50,,2,1,0,0,1,26.0,21.0,,,5,2,3,1,3
202100017033,2021-09-24 16:15:00,2021,9,24,16,15,75,75116,PLACE CHARLES DE GAULLE,48.8737315277,2.2941631079,Plein jour,En agglomération,Place,Normale,Deux véhicules - côté,4,1,5,0,1,2,1,0,1,30,,2,1,0,0,1,23.0,55.0,,,1,2,7,1,3
202100017034,2021-09-23 13:30:00,2021,9,23,13,30,75,75116,RUE DE L AMIRAL D ESTAING,48.867185,2.293289,Plein jour,En agglomération,Hors intersection,Normale,Autre collision,4,1,1,0,1,1,1,0,4,30,,2,1,0,0,1,70.0,,,,1,2,1,1,6
202100017035,2021-09-22 11:45:00,2021,9,22,11,45,75,75116,AVENUE FOCH,48.873537,2.287966,Plein jour,En agglomération,Intersection en T,Normale,Autre collision,4,1,1,0,1,1,1,0,1,50,,2,1,0,0,1,51.0,,,,1,2,3,1,6
202100017036,2021-09-24 16:55:00,2021,9,24,16,55,75,75115,PLACE DU GENERAL BEURET,48.841834,2.303267,Plein jour,En agglomération,Place,Normale,Autre collision,4,2,2,0,1,1,1,0,1,50,,3,2,0,1,0,24.0,,,,1,2,7,1,6
202100017037,2021-09-24 01:15:00,2021,9,24,1,15,75,75115,RUE DE LA CONVENTION,48.837639,2.295544,Nuit avec éclairage allumé,En agglomération,Hors intersection,Normale,Sans collision,4,2,2,0,2,1,1,0,1,30,,1,0,0,0,1,31.0,,,,5,2,1,1,7
202100017038,2021-09-23 10:35:00,2021,9,23,10,35,75,75115,RUE DE VAUGIRARD,48.840893,2.305873,Plein jour,En agglomération,Intersection en T,Normale,Autre collision,4,2,4,1,1,1,1,0,5,30,,2,1,0,0,1,27.0,,,,1,2,3,1,6
202100017039,2021-09-23 08:00:00,2021,9,23,8,0,75,75115,RUE BRANCION,48.832852,2.303589,Plein jour,En agglomération,Hors intersection,Normale,Sans collision,4,1,1,0,1,1,1,8,1,30,,1,0,0,0,1,24.0,,,,1,2,1,1,7
202100017040,2021-09-23 06:50:00,2021,9,23,6,50,75,75115,RUE DE LA PORTE D ISSY,48.832071,2.280679,Nuit avec éclairage allumé,En agglomération,Intersection en X,Normale,Autre collision,4,2,5,0,1,1,1,0,1,30,,2,1,0,0,1,55.0,,,,5,2,2,1,6