accident_id,datetime,annee,mois,jour,heure,minute,departement,commune_insee,adresse,latitude,longitude,luminosite,agglomeration,intersection,meteo,collision,catr,circ,nbv,vosp,prof,plan,surf,infra,situ,vma,nb_vehicules,nb_usagers,nb_indemnes,nb_tues,nb_blesses_hosp,nb_blesses_legers,age_cond_1,age_cond_2,veh_type_cond_1,veh_type_cond_2,lum_code,agg_code,int_code,atm_code,col_code
202100017041,2021-09-23 00:20:00,2021,9,23,0,20,75,75115,PLACE DU MOULIN DE JAVEL,48.8402274342,2.2719624789,Nuit avec éclairage allumé,En agglomération,Place,Normale,Autre collision,4,1,3,0,1,2,1,0,1,30,,1,0,0,0,1,41.0,,,,5,2,7,1,6
202100017042,2021-09-25 09:05:00,2021,9,25,9,5,75,75114,BOULEVARD DE PORT ROYAL,48.839671,2.336648,Plein jour,En agglomération,Intersection en X,Normale,Autre collision,4,2,6,0,1,1,1,0,1,30,,2,1,0,0,1,85.0,,,,1,2,2,1,6
202100017043,2021-09-24 20:50:00,2021,9,24,20,50,75,75114,BD PERIPHERIQUE EXTERIEUR,48.81644,2.343045,Nuit avec éclairage allumé,En agglomération,Hors intersection,Normale,Deux véhicules - arrière,4,1,3,0,1,1,1,0,1,70,,2,1,0,0,1,26.0,43.0,,,5,2,1,1,2
202100017044,2021-09-24 20:15:00,2021,9,24,20,15,75,75114,AVENUE DU MAINE,48.841039,2.321554,Nuit avec éclairage allumé,En agglomération,Intersection en Y,Normale,Autre collision,4,3,3,0,2,3,1,0,1,50,,2,1,0,0,1,51.0,,,,5,2,4,1,6
202100017045,2021-09-24 10:40:00,2021,9,24,10,40,75,75114,BOULEVARD JOURDAN,48.8198922981,2.3416325339,Plein jour,En agglomération,Intersection en T,Normale,Deux véhicules - côté,4,3,2,1,1,1,1,0,5,50,,2,1,0,0,1,21.0,24.0,,,1,2,3,1,3
202100017046,2021-09-24 09:00:00,2021,9,24,9,0,75,75114,PLACE DE LA PORTE DE VANVES,48.8272021096,2.3046073481,Plein jour,En agglomération,Place,Normale,Deux véhicules - côté,4,2,4,0,1,1,1,0,1,30,,2,0,0,0,2,28.0,48.0,,,1,2,7,1,3
202100017047,2021-09-23 21:05:00,2021,9,23,21,5,75,75114,RUE VERCINGETORIX,48.8323754823,2.3109386134,Nuit avec éclairage allumé,En agglomération,Hors intersection,Normale,Deux véhicules - frontale,4,1,3,1,1,1,1,0,5,30,,2,1,0,0,1,35.0,25.0,,,5,2,1,1,1
202100017048,2021-09-23 16:50:00,2021,9,23,16,50,75,75114,RUE D ALESIA,48.8306302199,2.3189225793,Plein jour,En agglomération,Intersection en Y,Normale,Autre collision,4,2,4,1,1,1,1,0,5,30,,2,1,0,0,1,30.0,,,,1,2,4,1,6
202100017049,2021-09-23 10:04:00,2021,9,23,10,4,75,75114,RUE DE LA LEGION ETRANGERE,48.8205597611,2.3242083622,Plein jour,En agglomération,Intersection en X,Normale,Deux véhicules - côté,4,2,4,0,1,1,1,0,1,50,,2,1,0,0,1,,47.0,,,1,2,2,1,3
202100017050,2021-09-23 21:35:00,2021,9,23,21,35,75,75113,BOULEVARD DE L HOPITAL,48.8388736752,2.3609940989,Nuit avec éclairage allumé,En agglomération,Intersection en Y,Normale,Deux véhicules - côté,4,2,5,0,2,1,1,0,1,50,,2,1,0,0,1,42.0,30.0,,,5,2,4,1,3
202100017051,2021-09-23 14:50:00,2021,9,23,14,50,75,75113,AVENUE LEON BOLLEE,48.818045,2.362784,Plein jour,En agglomération,Intersection en T,Normale,Deux véhicules - côté,4,1,1,0,1,1,1,0,1,30,,2,1,0,0,1,61.0,41.0,,,1,2,3,1,3
202100017052,2021-09-23 13:57:00,2021,9,23,13,57,75,75113,BOULEVARD VINCENT AURIOL,48.8333169825,2.3636532497,Plein jour,En agglomération,Intersection en X,Normale,Autre collision,4,3,2,0,2,1,1,0,1,30,,2,1,0,0,1,,,,,1,2,2,1,6
202100017053,2021-09-23 00:45:00,2021,9,23,0,45,75,75113,Rue de l’Amiral Mouchez,48.826448,2.34181,Nuit avec éclairage allumé,En agglomération,Intersection en X,Normale,Deux véhicules - côté,4,1,2,0,1,1,1,0,1,30,,2,1,0,0,1,33.0,40.0,,,5,2,2,1,3
202100017054,2021-09-25 19:00:00,2021,9,25,19,0,75,75112,RUE BARON LE ROY,48.835192,2.387347,Crépuscule ou aube,En agglomération,Intersection en X,Normale,Autre collision,4,2,2,0,1,1,1,0,1,30,,2,1,0,0,1,31.0,,,,2,2,2,1,6
202100017055,2021-09-23 21:55:00,2021,9,23,21,55,75,75112,RUE DE LYON,48.8514299413,2.3699014575,Nuit avec éclairage allumé,En agglomération,Intersection en T,Normale,Deux véhicules - côté,4,2,5,3,1,1,1,0,6,30,,2,1,0,0,1,,25.0,,,5,2,3,1,3
202100017056,2021-09-25 21:25:00,2021,9,25,21,25,75,75111,BOULEVARD VOLTAIRE,48.859754,2.376844,Nuit avec éclairage allumé,En agglomération,Intersection en X,Pluie légère,Deux véhicules - côté,4,2,4,0,1,1,2,0,1,30,,2,1,0,0,1,,54.0,,,5,2,2,2,3
202100017057,2021-09-25 15:00:00,2021,9,25,15,0,75,75111,BOULEVARD VOLTAIRE,48.857357,2.380886,Plein jour,En agglomération,Intersection en Y,Normale,Deux véhicules - côté,4,2,4,1,1,1,1,0,5,30,,2,1,0,0,1,63.0,37.0,,,1,2,4,1,3
202100017058,2021-09-24 17:30:00,2021,9,24,17,30,75,75115,RUE LECOURBE,48.841287,2.298214,Plein jour,En agglomération,Intersection en T,Normale,Deux véhicules - côté,4,2,3,0,1,1,1,0,1,30,,2,1,0,0,1,54.0,36.0,,,1,2,3,1,3
202100017059,2021-09-24 13:15:00,2021,9,24,13,15,75,75111,RUE DU CHEMIN VERT,48.861576,2.382588,Plein jour,En agglomération,Intersection en X,Normale,Deux véhicules - côté,4,1,1,0,1,1,1,0,1,30,,2,1,0,0,1,52.0,58.0,,,1,2,2,1,3
202100017060,2021-09-24 11:05:00,2021,9,24,11,5,75,75120,RUE DES PYRENEES,48.8710702175,2.3930613193,Plein jour,En agglomération,Intersection en Y,Normale,Deux véhicules - côté,4,2,3,0,2,1,1,0,1,30,,2,1,0,0,1,51.0,38.0,,,1,2,4,1,3
202100017061,2021-09-23 15:40:00,2021,9,23,15,40,75,75111,RUE DE LA ROQUETTE,48.855518,2.374416,Plein jour,En agglomération,Intersection en T,Normale,Sans collision,4,1,1,0,1,1,1,0,1,30,,2,1,0,0,1,,,,,1,2,3,1,7
202100017062,2021-09-24 23:40:00,2021,9,24,23,40,75,75110,QUAI DE VALMY,48.868655,2.367064,Nuit avec éclairage allumé,En agglomération,Intersection en X,Normale,Trois véhicules et plus - en chaîne,4,1,3,0,1,1,1,0,1,30,,5,2,0,0,3,,27.0,,,5,2,2,1,4
202100017063,2021-09-24 17:20:00,2021,9,24,17,20,75,75110,QUAI DE JEMMAPES,48.876099,2.364767,Plein jour,En agglomération,Hors intersection,Normale,Deux véhicules - côté,4,1,2,0,1,1,1,0,1,30,,2,0,0,0,2,51.0,50.0,,,1,2,1,1,3
202100017064,2021-09-24 00:01:00,2021,9,24,0,1,75,75110,BOULEVARD DE MAGENTA,48.879487,2.353191,Nuit avec éclairage allumé,En agglomération,Intersection en T,Normale,Deux véhicules - côté,4,2,4,0,1,1,1,0,1,30,,3,1,0,0,2,19.0,,,,5,2,3,1,3
202100017065,2021-09-23 12:29:00,2021,9,23,12,29,75,75110,PLACE JACQUES BONSERGENT,48.8712807187,2.3605403511,Plein jour,En agglomération,Place,Normale,Autre collision,4,1,1,0,1,2,1,0,1,30,,2,1,0,0,1,31.0,,,,1,2,7,1,6
202100017066,2021-09-25 13:50:00,2021,9,25,13,50,75,75109,BOULEVARD DE CLICHY,48.883402,2.333465,Plein jour,En agglomération,Hors intersection,Normale,Deux véhicules - côté,4,3,2,0,1,1,1,0,1,30,,4,3,0,0,1,21.0,52.0,,,1,2,1,1,3
202100017067,2021-09-24 08:51:00,2021,9,24,8,51,75,75109,RUE DU HAVRE,48.874179,2.326962,Plein jour,En agglomération,Intersection en X,Normale,Autre collision,4,2,5,1,1,1,1,0,5,30,,2,1,0,0,1,51.0,,,,1,2,2,1,6
202100017068,2021-09-23 09:15:00,2021,9,23,9,15,75,75109,RUE DU FAUBOURG POISSONNIERE,48.881086,2.349831,Plein jour,En agglomération,Intersection en X,Normale,Autre collision,4,2,2,0,1,1,1,0,1,30,,2,1,0,0,1,22.0,,,,1,2,2,1,6
202100017069,2021-09-23 06:45:00,2021,9,23,6,45,75,75109,RUE DE DUNKERQUE,48.881722,2.347613,Crépuscule ou aube,En agglomération,Hors intersection,Normale,Deux véhicules - côté,4,2,2,1,1,1,1,0,5,30,,2,1,0,0,1,39.0,29.0,,,2,2,1,1,3
202100017070,2021-09-22 22:15:00,2021,9,22,22,15,75,75109,BOULEVARD MONTMARTRE,48.8719675911,2.3400136215,Nuit avec éclairage allumé,En agglomération,Intersection à plus de 4 branches,Normale,Deux véhicules - côté,4,2,5,0,1,1,1,0,1,30,,2,1,0,0,1,26.0,68.0,,,5,2,5,1,3
202100017071,2021-09-24 23:15:00,2021,9,24,23,15,75,75108,BOULEVARD MALESHERBES,48.880103,2.313473,Nuit avec éclairage allumé,En agglomération,Intersection en T,Normale,Autre collision,4,2,6,0,1,1,1,0,1,30,,1,0,0,0,1,28.0,,,,5,2,3,1,6
202100017072,2021-09-23 20:25:00,2021,9,23,20,25,75,75108,ROND POINT CHAMPS ELYSEES,48.8688656098,2.3099139776,Nuit avec éclairage allumé,En agglomération,Place,Normale,Autre collision,4,2,8,1,2,1,1,0,5,50,,1,0,0,0,1,56.0,,,,5,2,7,1,6
202100017073,2021-09-23 01:15:00,2021,9,23,1,15,75,75108,COURS ALBERT 1ER,48.864284104,2.3022396214,Nuit avec éclairage allumé,En agglomération,Place,Normale,Deux véhicules - côté,4,3,3,0,1,1,1,0,1,30,,2,1,0,0,1,34.0,32.0,,,5,2,7,1,3
202100017074,2021-09-22 23:45:00,2021,9,22,23,45,75,75107,PONT ALEXANDRE III,48.8628607485,2.3134619228,Nuit avec éclairage allumé,En agglomération,Intersection en X,Normale,Deux véhicules - côté,4,2,6,0,1,1,1,2,1,30,,2,1,0,0,1,34.0,46.0,,,5,2,2,1,3
202100017075,2021-09-23 17:15:00,2021,9,23,17,15,75,75107,RUE DU BAC,48.856438,2.326548,Plein jour,En agglomération,Intersection en T,Autre,Autre collision,4,2,2,0,1,1,1,0,1,30,,2,1,0,0,1,25.0,,,,1,2,3,9,6
202100017076,2021-09-23 09:10:00,2021,9,23,9,10,75,75114,RUE VERCINGETORIX,48.8274472158,2.3050528765,Plein jour,En agglomération,Intersection en Y,Normale,Deux véhicules - côté,4,2,3,1,2,1,1,0,5,30,,2,1,0,0,1,40.0,61.0,,,1,2,4,1,3
202100017077,2021-09-22 08:38:00,2021,9,22,8,38,75,75107,AVENUE DE BRETEUIL,48.852351,2.312623,Plein jour,En agglomération,Hors intersection,Normale,Deux véhicules - côté,4,3,1,0,1,1,1,0,1,30,,2,1,0,0,1,42.0,,,,1,2,1,1,3
202100017078,2021-09-24 14:49:00,2021,9,24,14,49,75,75103,RUE DE TURENNE,48.8614984677,2.3646147232,Plein jour,En agglomération,Intersection en Y,Normale,Deux véhicules - côté,4,2,2,0,1,1,1,0,1,30,,2,1,0,0,1,,30.0,,,1,2,4,1,3
202100017079,2021-09-24 12:20:00,2021,9,24,12,20,75,75104,RUE SAINTE CROIX DE LA BRETONNERIE,48.858504,2.35527,Plein jour,En agglomération,Intersection en X,Normale,Autre collision,4,2,2,0,1,1,1,0,1,30,,2,1,0,0,1,30.0,,,,1,2,2,1,6
202100017080,2021-09-24 03:39:00,2021,9,24,3,39,75,75103,BOULEVARD SAINT MARTIN,48.868354,2.359669,Nuit avec éclairage allumé,En agglomération,Hors intersection,Normale,Autre collision,4,2,4,0,2,1,1,0,1,50,,1,0,0,0,1,31.0,,,,5,2,1,1,6
202100017081,2021-09-23 22:30:00,2021,9,23,22,30,75,75103,BOULEVARD SAINT MARTIN,48.868574,2.358206,Nuit avec éclairage allumé,En agglomération,Hors intersection,Normale,Autre collision,4,2,4,0,3,1,1,0,1,30,,1,0,0,0,1,49.0,,,,5,2,1,1,6
202100017082,2021-09-24 13:35:00,2021,9,24,13,35,94,94067,Avenue Joffre,48.8479236759,2.4177110195,Plein jour,En agglomération,Hors intersection,Normale,Autre collision,4,2,2,0,1,1,1,0,1,50,,2,0,0,0,2,44.0,,,,1,2,1,1,6
202100017083,2021-09-25 14:30:00,2021,9,25,14,30,94,94078,PARIS (R DE),48.74578,2.44664,Plein jour,En agglomération,Place,Normale,Deux véhicules - arrière,2,3,2,0,1,1,1,0,1,50,,2,1,0,0,1,23.0,35.0,,,1,2,7,1,2
202100017084,2021-09-24 15:00:00,2021,9,24,15,0,94,94078,Allée de Crosne,48.72214,2.45024,Plein jour,En agglomération,Hors intersection,Normale,Deux véhicules - côté,4,2,0,0,1,1,1,0,1,50,,3,0,0,0,3,37.0,84.0,,,1,2,1,1,3
202100017085,2021-09-24 19:15:00,2021,9,24,19,15,94,94068,PONT DE CRETEIL - PONT DE CRETEIL (R DU),48.80863,2.47097,Plein jour,En agglomération,Autre intersection,Normale,Deux véhicules - côté,3,1,2,0,1,1,1,0,1,50,,2,1,0,0,1,21.0,57.0,,,1,2,9,1,3
202100017086,2021-09-24 13:30:00,2021,9,24,13,30,94,94068,PAUL DEROULEDE (R),48.78906,2.4821,Plein jour,En agglomération,Hors intersection,Normale,Deux véhicules - frontale,4,1,1,0,1,1,1,0,1,30,,2,1,0,0,1,70.0,6.0,,,1,2,1,1,1
202100017087,2021-09-22 21:00:00,2021,9,22,21,0,94,94068,Rue du Pont de Créteil,48.808612,2.471019,Nuit avec éclairage allumé,En agglomération,Hors intersection,Normale,Deux véhicules - côté,3,2,4,0,1,1,1,2,1,30,,4,2,0,0,2,23.0,20.0,,,5,2,1,1,3
202100017088,2021-09-24 14:50:00,2021,9,24,14,50,94,94058,LEDRU ROLLIN (AV),48.842289,2.501748,Plein jour,En agglomération,Hors intersection,Normale,Deux véhicules - côté,3,2,2,0,1,2,1,9,1,50,,2,1,0,0,1,,24.0,,,1,2,1,1,3
202100017089,2021-09-23 17:00:00,2021,9,23,17,0,94,94058,HUIT MAI 1945 (AV DU),48.847355,2.508341,Plein jour,En agglomération,Hors intersection,Normale,Autre collision,3,2,2,0,1,1,1,0,1,50,,2,1,0,0,1,,,,,1,2,1,1,6
202100017090,2021-09-22 20:30:00,2021,9,22,20,30,94,94042,Place de Verdun,48.820106,2.474182,Nuit avec éclairage allumé,En agglomération,Autre intersection,Normale,Deux véhicules - côté,3,2,4,0,1,1,1,5,1,50,,2,1,0,1,0,58.0,61.0,,,5,2,9,1,3
202100017091,2021-09-24 14:15:00,2021,9,24,14,15,94,94046,EUGENE RENAULT - CAR DE LA RESISTANCE (R,48.815374,2.420451,Plein jour,En agglomération,Intersection en X,Normale,Deux véhicules - côté,3,2,2,0,1,1,1,5,1,50,,2,1,0,0,1,47.0,54.0,,,1,2,2,1,3
202100017092,2021-09-25 17:15:00,2021,9,25,17,15,94,94003,Avenue Laplace,48.8076,2.33418,Plein jour,En agglomération,Intersection en X,Normale,Deux véhicules - côté,3,2,2,0,1,1,1,0,1,50,,3,2,0,0,1,39.0,31.0,,,1,2,2,1,3
202100017093,2021-09-23 20:36:00,2021,9,23,20,36,94,94016,Rue Galliéni,48.79605,2.33251,Nuit sans éclairage public,En agglomération,Hors intersection,Normale,Deux véhicules - côté,3,-1,2,0,1,1,1,0,1,50,,2,1,0,0,1,37.0,49.0,,,3,2,1,1,3
202100017094,2021-09-24 21:19:00,2021,9,24,21,19,94,94041,VERDUN (AV DE),48.811742,2.371355,Nuit avec éclairage allumé,En agglomération,Hors intersection,Normale,Sans collision,3,1,2,0,1,2,1,0,1,50,,1,0,0,0,1,47.0,,,,5,2,1,1,7
202100017095,2021-09-24 15:20:00,2021,9,24,15,20,94,94041,Avenue Henri Barbusse,48.80905,2.37737,Plein jour,En agglomération,Intersection en X,Normale,Deux véhicules - côté,3,2,2,0,1,1,1,0,1,30,,2,1,0,0,1,17.0,42.0,,,1,2,2,1,3
202100017096,2021-09-24 08:30:00,2021,9,24,8,30,94,94021,Avenue de la République,48.76271,2.3669,Plein jour,En agglomération,Hors intersection,Normale,Deux véhicules - côté,3,2,2,0,1,1,1,0,1,50,,2,1,0,0,1,36.0,27.0,,,1,2,1,1,3
202100017097,2021-09-24 02:10:00,2021,9,24,2,10,94,94065,RUE DE CONCARNEAU,48.75491,2.3541,Nuit sans éclairage public,Hors agglomération,Autre intersection,Normale,Deux véhicules - côté,9,-1,0,0,1,1,1,9,8,30,,2,1,0,0,1,26.0,,,,3,1,9,1,3
202100017098,2021-09-24 15:20:00,2021,9,24,15,20,94,94011,Avenue de Boissy,48.7694467967,2.4865794182,Plein jour,En agglomération,Intersection en T,Normale,Deux véhicules - frontale,3,2,1,0,1,1,1,0,1,50,,2,1,0,0,1,32.0,63.0,,,1,2,3,1,1
202100017099,2021-09-23 16:04:00,2021,9,23,16,4,94,94011,RESISTANCE.(PLACE DE LA),48.76657,2.48464,Plein jour,En agglomération,Hors intersection,Normale,Autre collision,3,2,2,0,1,1,1,5,4,50,,1,0,0,0,1,44.0,,,,1,2,1,1,6
202100017100,2021-09-23 18:15:00,2021,9,23,18,15,94,94028,SAVAR.(RUE JULIETTE),48.78,2.4655,Plein jour,En agglomération,Intersection en X,Normale,Deux véhicules - frontale,4,2,2,0,1,1,1,0,1,50,,2,1,0,0,1,59.0,58.0,,,1,2,2,1,1
202100017101,2021-09-25 15:20:00,2021,9,25,15,20,94,94077,PASTEUR (AV),48.73741,2.41922,Plein jour,En agglomération,Intersection en X,Normale,Deux véhicules - côté,4,-1,2,0,1,1,1,0,1,50,,3,2,0,0,1,37.0,48.0,,,1,2,2,1,3
202100017102,2021-09-24 13:35:00,2021,9,24,13,35,94,94073,Avenue du Général Leclerc,48.76144,2.40319,Plein jour,En agglomération,Intersection en X,Normale,Deux véhicules - côté,4,3,4,0,1,1,1,0,1,50,,2,1,0,0,1,53.0,47.0,,,1,2,2,1,3
202100017103,2021-09-24 17:22:00,2021,9,24,17,22,94,94055,Avenue de Pince Vent,48.79,2.55,Plein jour,En agglomération,Hors intersection,Normale,Deux véhicules - arrière,3,2,2,0,1,1,1,0,1,50,,2,1,0,0,1,23.0,60.0,,,1,2,1,1,2
202100017104,2021-09-24 14:00:00,2021,9,24,14,0,94,94019,Avenue Champlain,48.79595,2.56041,Plein jour,En agglomération,Hors intersection,Normale,Autre collision,4,1,1,0,1,1,1,9,1,50,,2,1,0,0,1,26.0,,,,1,2,1,1,6
202100017105,2021-09-25 21:20:00,2021,9,25,21,20,94,94052,Boulevard de Strasbourg,48.84127,2.4828,Nuit avec éclairage allumé,En agglomération,Intersection en T,Normale,Deux véhicules - côté,3,4,0,0,1,1,1,0,1,50,,2,1,0,0,1,25.0,31.0,,,5,2,3,1,3
202100017106,2021-09-24 22:05:00,2021,9,24,22,5,94,94017,Boulevard de Stalingrad,48.82935,2.49329,Nuit avec éclairage allumé,En agglomération,Hors intersection,Normale,Deux véhicules - côté,3,4,4,0,1,1,1,3,1,50,,2,0,0,0,2,23.0,34.0,,,5,2,1,1,3
202100017107,2021-09-24 10:20:00,2021,9,24,10,20,94,94017,Avenue Salvador Allendé,48.80866,2.55071,Plein jour,En agglomération,Hors intersection,Normale,Deux véhicules - côté,3,3,2,1,1,1,1,0,5,50,,2,1,0,0,1,70.0,80.0,,,1,2,1,1,3
202100017108,2021-09-23 18:50:00,2021,9,23,18,50,94,94017,BENOIT MALON (R),48.82759,2.50246,Plein jour,En agglomération,Hors intersection,Normale,Autre collision,4,1,1,0,2,1,1,0,1,30,,2,1,0,0,1,44.0,,,,1,2,1,1,6
202100017109,2021-09-23 14:30:00,2021,9,23,14,30,94,94017,Avenue Ambroise Croizat,48.81693,2.52715,Plein jour,En agglomération,Hors intersection,Normale,Deux véhicules - arrière,4,1,4,0,2,1,1,0,1,50,,2,1,0,0,1,30.0,33.0,,,1,2,1,1,2
202100017110,2021-09-23 08:25:00,2021,9,23,8,25,94,94017,LOUIS TALAMONI (R),48.8130997052,2.5127577782,Plein jour,En agglomération,Hors intersection,Normale,Autre collision,3,3,4,0,1,1,1,0,1,50,,3,2,0,0,1,35.0,,,,1,2,1,1,6
202100017111,2021-09-22 19:20:00,2021,9,22,19,20,94,94075,Avenue du Mal de Lattre de Tassigny,48.73233,2.52228,Crépuscule ou aube,Hors agglomération,Hors intersection,Normale,Deux véhicules - côté,2,2,4,0,1,1,1,0,1,50,,2,1,0,0,1,58.0,67.0,,,2,1,1,1,3
202100017112,2021-09-25 10:20:00,2021,9,25,10,20,93,93078,FAUVETTES (AVENE DES),48.95542,2.55285,Plein jour,En agglomération,Intersection en X,Normale,Deux véhicules - côté,4,2,2,0,1,1,1,5,1,50,,2,1,0,0,1,43.0,75.0,,,1,2,2,1,3
202100017113,2021-09-24 21:00:00,2021,9,24,21,0,93,93078,Route de Tremblay,48.96719,2.54274,Nuit avec éclairage allumé,En agglomération,Hors intersection,Normale,Deux véhicules - côté,4,2,2,0,1,1,1,0,1,50,,3,2,0,0,1,25.0,48.0,,,5,2,1,1,3
202100017114,2021-09-23 17:20:00,2021,9,23,17,20,93,93073,Rue Pierre Brossolette,48.9496,2.5705,Plein jour,En agglomération,Hors intersection,Normale,Autre collision,4,2,2,0,1,1,1,0,1,50,,2,1,0,0,1,75.0,,,,1,2,1,1,6
202100017115,2021-09-24 14:44:00,2021,9,24,14,44,93,93059,JEAN MERMOZ (BOULEVARD) DES N°1A57 ET N°,48.96651,2.36429,Plein jour,En agglomération,Hors intersection,Normale,Autre collision,9,-1,0,0,1,1,2,0,8,30,,2,1,0,0,1,32.0,,,,1,2,1,1,6
202100017116,2021-09-23 09:00:00,2021,9,23,9,0,93,93027,JAURES (AVENUE JEAN),48.922825,2.406262,Plein jour,Hors agglomération,Hors intersection,Normale,Autre collision,3,3,2,1,1,1,1,0,1,50,,2,1,0,0,1,44.0,,,,1,1,1,1,6
202100017117,2021-09-22 18:20:00,2021,9,22,18,20,93,93059,LENINE (AVENUE) N°36 AU 120 ET N°45 AU 1,48.95879,2.35855,Plein jour,En agglomération,Passage à niveau,Normale,Deux véhicules - côté,3,1,2,0,1,1,1,5,1,50,,2,1,0,0,1,40.0,48.0,,,1,2,8,1,3
202100017118,2021-09-23 18:30:00,2021,9,23,18,30,93,93064,BLUM (RUE LEON),48.88093,2.48005,Plein jour,En agglomération,Intersection en X,Normale,Deux véhicules - côté,4,2,2,0,2,1,1,0,1,50,,2,1,0,0,1,29.0,54.0,,,1,2,2,1,3
202100017119,2021-09-23 16:45:00,2021,9,23,16,45,93,93051,EMILE COSSONNEAU (AVE),48.848768556,2.5564976335,Plein jour,En agglomération,Hors intersection,Normale,Autre collision,4,2,2,0,1,1,1,0,1,50,,3,2,1,0,0,38.0,,,,1,2,1,1,6
202100017120,2021-09-24 18:10:00,2021,9,24,18,10,93,93048,Rue de Rosny,48.86262,2.44811,Plein jour,En agglomération,Hors intersection,Normale,Autre collision,4,2,2,0,2,1,1,0,1,50,,2,1,0,0,1,28.0,,,,1,2,1,1,6
202100017121,2021-09-23 19:20:00,2021,9,23,19,20,93,93048,Boulevard Aristide Briand,48.877615,2.457068,Crépuscule ou aube,En agglomération,Hors intersection,Normale,Autre collision,3,2,2,1,2,1,1,0,1,30,,2,1,0,0,1,34.0,,,,2,2,1,1,6
202100017122,2021-09-24 15:50:00,2021,9,24,15,50,93,93046,Boulevard de l’Europe,48.92551,2.54892,Plein jour,En agglomération,Hors intersection,Normale,Deux véhicules - côté,3,3,4,0,1,1,1,0,1,50,,2,1,0,0,1,32.0,32.0,,,1,2,1,1,3
202100017123,2021-09-23 17:45:00,2021,9,23,17,45,93,93046,Boulevard de l’Europe / Rue du Château,48.92467,2.54777,Plein jour,En agglomération,Intersection en X,Normale,Autre collision,3,3,4,0,1,1,1,0,1,50,,2,1,0,0,1,83.0,,,,1,2,2,1,6
202100017124,2021-09-23 07:55:00,2021,9,23,7,55,93,93046,D933,48.92835,2.55219,Plein jour,Hors agglomération,Hors intersection,Normale,Autre collision,3,3,4,0,1,1,1,0,1,70,,1,0,0,0,1,19.0,,,,1,1,1,1,6
202100017125,2021-09-25 15:20:00,2021,9,25,15,20,93,93063,AVENUE GASTON ROUSSEL,48.89242,2.44194,Plein jour,En agglomération,Hors intersection,Normale,Deux véhicules - côté,3,2,2,0,1,1,1,0,1,50,,2,1,0,0,1,36.0,48.0,,,1,2,1,1,3
202100017126,2021-09-25 15:50:00,2021,9,25,15,50,93,93031,Rue Félix Merlin,48.95537,2.29574,Plein jour,En agglomération,Autre intersection,Normale,Autre collision,4,2,2,0,1,1,1,0,1,50,,2,1,0,1,0,29.0,,,,1,2,9,1,6
202100017127,2021-09-23 14:50:00,2021,9,23,14,50,93,93029,Boulevard Paul Vaillant Couturier,48.9226869616,2.4472260475,Plein jour,En agglomération,Hors intersection,Normale,Deux véhicules - côté,3,2,4,0,1,1,1,8,1,50,,2,1,0,0,1,84.0,36.0,,,1,2,1,1,3
202100017128,2021-09-25 08:10:00,2021,9,25,8,10,93,93013,LINDBERGH (CARREFOUR),48.94305,2.43249,Crépuscule ou aube,En agglomération,Autre intersection,Temps éblouissant,Deux véhicules - côté,3,2,2,0,1,1,1,0,1,50,,2,1,0,0,1,26.0,60.0,,,2,2,9,7,3
202100017129,2021-09-24 17:20:00,2021,9,24,17,20,93,93027,Rue de Crèvecoeur / Allée du Sud,48.919377,2.38408,Plein jour,En agglomération,Intersection en T,Normale,Deux véhicules - côté,3,2,2,0,1,1,1,0,1,50,,2,1,0,0,1,37.0,31.0,,,1,2,3,1,3
202100017130,2021-09-24 14:10:00,2021,9,24,14,10,93,93027,PASTEUR (BOULEVARD) DE 40 A +,48.93202,2.3999,Plein jour,En agglomération,Hors intersection,Normale,Deux véhicules - côté,3,4,2,0,1,1,1,0,1,50,,2,1,0,0,1,36.0,28.0,,,1,2,1,1,3
202100017131,2021-09-24 13:35:00,2021,9,24,13,35,93,93014,Allée de Montfermeil / Allée des Lilas,48.89793,2.53471,Plein jour,En agglomération,Intersection en T,Normale,Deux véhicules - frontale,3,2,2,0,1,1,1,0,1,50,,2,1,0,0,1,44.0,61.0,,,1,2,3,1,1
202100017132,2021-09-24 18:59:00,2021,9,24,18,59,93,93010,Avenue Henri Barbusse / Rue Guy de Maupassant,48.8997460146,2.49360214,Plein jour,En agglomération,Intersection en T,Normale,Deux véhicules - côté,3,2,2,0,1,1,1,0,1,50,,2,1,0,0,1,43.0,26.0,,,1,2,3,1,3
202100017133,2021-09-25 18:03:00,2021,9,25,18,3,93,93008,BARBUSSE (AVENUE HENRI) A30,48.9050160843,2.4203752908,Plein jour,En agglomération,Hors intersection,Normale,Deux véhicules - arrière,3,-1,2,1,1,1,1,0,1,50,,3,2,0,0,1,45.0,51.0,,,1,2,1,1,2
202100017134,2021-09-25 18:25:00,2021,9,25,18,25,93,93007,PASTEUR (AVENUE),48.94015,2.47094,Plein jour,En agglomération,Hors intersection,Normale,Autre collision,3,2,2,0,1,1,1,0,1,50,,2,1,0,0,1,45.0,,,,1,2,1,1,6
202100017135,2021-09-23 19:10:00,2021,9,23,19,10,93,93001,LOUIS ARAGON (ALLEE),48.913407,2.378885,Plein jour,En agglomération,Hors intersection,Normale,Deux véhicules - côté,4,1,1,0,1,1,1,0,1,30,,2,1,0,0,1,30.0,,,,1,2,1,1,3
202100017136,2021-09-23 10:30:00,2021,9,23,10,30,93,93001,VICTOR HUGO (AVE)  => 120,48.90707,2.37628,Plein jour,En agglomération,Autre intersection,Normale,Deux véhicules - frontale,3,4,2,0,1,1,1,0,1,50,,2,1,0,0,1,28.0,46.0,,,1,2,9,1,1