accident_id,datetime,annee,mois,jour,heure,minute,departement,commune_insee,adresse,latitude,longitude,luminosite,agglomeration,intersection,meteo,collision,catr,circ,nbv,vosp,prof,plan,surf,infra,situ,vma,nb_vehicules,nb_usagers,nb_indemnes,nb_tues,nb_blesses_hosp,nb_blesses_legers,age_cond_1,age_cond_2,veh_type_cond_1,veh_type_cond_2,lum_code,agg_code,int_code,atm_code,col_code
202100017137,2021-09-19 08:15:00,2021,9,19,8,15,92,92073,CARON (RUE ALBERT),48.864888,2.209948,Plein jour,En agglomération,Hors intersection,Normale,Autre collision,4,1,0,0,1,1,1,0,1,30,,2,1,0,0,1,56.0,,,,1,2,1,1,6
202100017138,2021-09-23 17:25:00,2021,9,23,17,25,92,92073,GALLIENI (QUAI),48.870469,2.23192,Plein jour,En agglomération,Hors intersection,Normale,Deux véhicules - arrière,3,1,2,0,1,1,1,0,1,50,,2,1,0,0,1,24.0,50.0,,,1,2,1,1,2
202100017139,2021-09-23 09:45:00,2021,9,23,9,45,92,92073,ROOSEVELT (AVENUE FRANKLIN),48.8718097349,2.2215731442,Plein jour,En agglomération,Hors intersection,Normale,Deux véhicules - arrière,3,1,5,0,2,1,1,0,1,50,,3,1,0,0,2,26.0,35.0,,,1,2,1,1,2
202100017140,2021-09-17 18:10:00,2021,9,17,18,10,92,92073,PAIX (PLACE DE LA),48.864804,2.204954,Plein jour,En agglomération,Hors intersection,Normale,Autre collision,4,1,1,0,1,1,1,6,1,30,,2,1,0,0,1,39.0,,,,1,2,1,1,6
202100017141,2021-09-25 20:00:00,2021,9,25,20,0,92,92051,BOIS DE BOULOGNE (RUE DU),48.8813467516,2.2545951605,Nuit avec éclairage allumé,En agglomération,Intersection en X,Normale,Deux véhicules - côté,4,2,1,0,1,1,1,0,1,50,,2,1,0,0,1,29.0,25.0,,,5,2,2,1,3
202100017142,2021-09-22 22:15:00,2021,9,22,22,15,92,92051,"CHARLES DE GAULLE (AVENUE, N° 18 A 116)",48.8814031735,2.271283865,Nuit avec éclairage allumé,En agglomération,Intersection en T,Normale,Deux véhicules - côté,2,1,2,0,1,1,1,5,1,50,,2,1,0,0,1,39.0,35.0,,,5,2,3,1,3
202100017143,2021-09-23 18:30:00,2021,9,23,18,30,92,92049,PERI RUE GABRIEL AUTRES N°,48.8185013266,2.3195991481,Plein jour,En agglomération,Intersection en X,Normale,Deux véhicules - côté,3,2,4,0,2,1,1,0,8,50,,2,1,0,0,1,45.0,,,,1,2,2,1,3
202100017144,2021-09-23 17:31:00,2021,9,23,17,31,92,92040,VERDUN (AVENUE DE) DU 152 AU 226,48.81791,2.24891,Plein jour,En agglomération,Autre intersection,Normale,Deux véhicules - côté,3,1,1,0,1,1,1,0,1,50,,2,1,0,0,1,35.0,54.0,,,1,2,9,1,3
202100017145,2021-09-24 13:10:00,2021,9,24,13,10,92,92035,République ( boulevard de la ),48.9070920687,2.2427988052,Plein jour,En agglomération,Hors intersection,Normale,Deux véhicules - côté,3,-1,2,0,1,1,1,0,1,50,,2,1,0,0,1,40.0,28.0,,,1,2,1,1,3
202100017146,2021-09-25 18:38:00,2021,9,25,18,38,92,92024,BELFORT (RUE DE),48.9024835029,2.3163717985,Plein jour,En agglomération,Intersection en T,Normale,Autre collision,4,1,1,0,1,1,1,6,8,30,,2,1,0,0,1,47.0,,,,1,2,3,1,6
202100017147,2021-09-23 14:25:00,2021,9,23,14,25,92,92024,JEAN JAURES (BD) DE (1 A 45)   (2 A 54),48.89715,2.3089,Plein jour,En agglomération,Hors intersection,Normale,Autre collision,3,1,3,2,1,1,1,0,1,50,,2,1,0,0,1,45.0,,,,1,2,1,1,6
202100017148,2021-09-23 12:40:00,2021,9,23,12,40,92,92012,DESCHANDELLIERS (PASSAGE),48.82732,2.24643,Plein jour,En agglomération,Hors intersection,Normale,Autre collision,9,2,1,0,1,1,1,0,1,30,,2,1,0,0,1,61.0,,,,1,2,1,1,6
202100017149,2021-09-25 11:30:00,2021,9,25,11,30,92,92007,HUGO (AVENUE VICTOR),48.8036542087,2.3200848019,Plein jour,En agglomération,Autre intersection,Normale,Deux véhicules - côté,3,2,0,1,1,1,1,0,1,50,,2,0,0,0,2,28.0,21.0,,,1,2,9,1,3
202100017150,2021-09-24 20:15:00,2021,9,24,20,15,92,92002,RAYMON ARON (AVENUE),48.7665306871,2.3102382571,Nuit avec éclairage allumé,En agglomération,Hors intersection,Normale,Autre collision,3,3,4,0,1,1,1,0,1,50,,3,1,0,0,2,41.0,,,,5,2,1,1,6
202100017151,2021-09-23 17:40:00,2021,9,23,17,40,63,63345,D942/chemin,45.745994,2.958777,Plein jour,Hors agglomération,Intersection en T,Normale,Deux véhicules - arrière,7,2,2,0,2,1,1,0,1,70,,2,1,0,1,0,31.0,57.0,,,1,1,3,1,2
202100017152,2021-09-25 20:00:00,2021,9,25,20,0,37,37077,D953,47.3516384136,0.4745680923,Crépuscule ou aube,En agglomération,Hors intersection,Pluie légère,Autre collision,4,2,2,0,1,2,2,0,3,80,,1,0,0,1,0,24.0,,,,2,2,1,2,6
202100017153,2021-09-23 16:25:00,2021,9,23,16,25,54,54235,D55,48.4882117871,6.0150575639,Plein jour,Hors agglomération,Hors intersection,Normale,Sans collision,3,2,2,0,1,3,1,0,1,80,,1,0,1,0,0,64.0,,,,1,1,1,1,7
202100017154,2021-09-25 22:00:00,2021,9,25,22,0,14,14248,Rue des Longs Bosquets,49.001358,-0.418516,Nuit sans éclairage public,En agglomération,Hors intersection,Normale,Autre collision,3,2,2,0,4,2,1,0,3,50,,1,0,0,0,1,74.0,,,,3,2,1,1,6
202100017155,2021-09-24 21:19:00,2021,9,24,21,19,14,14689,Le bourg,49.009028,-0.519946,Nuit avec éclairage allumé,En agglomération,Intersection en Y,Normale,Deux véhicules - frontale,3,2,2,0,2,3,1,0,1,-1,,3,2,0,1,0,15.0,54.0,,,5,2,4,1,1
202100017156,2021-09-25 21:15:00,2021,9,25,21,15,62,62382,D 137,50.38759,1.898232,Nuit sans éclairage public,Hors agglomération,Hors intersection,Normale,Autre collision,3,2,2,0,1,3,1,0,1,80,,1,0,0,1,0,23.0,,,,3,1,1,1,6
202100017157,2021-09-23 13:15:00,2021,9,23,13,15,52,52479,Départementale 13,48.416135,4.867973,Plein jour,Hors agglomération,Hors intersection,Normale,Sans collision,3,2,2,0,1,1,1,0,1,90,,1,0,0,1,0,49.0,,,,1,1,1,1,7
202100017158,2021-09-25 08:05:00,2021,9,25,8,5,73,73245,RD 1504,45.693426,5.829771,Crépuscule ou aube,Hors agglomération,Hors intersection,Normale,Deux véhicules - côté,3,2,2,0,2,3,1,0,1,80,,2,1,1,0,0,34.0,28.0,,,2,1,1,1,3
202100017159,2021-09-23 20:10:00,2021,9,23,20,10,91,91016,Angerville,48.288476,1.981353,Crépuscule ou aube,Hors agglomération,Hors intersection,Normale,Deux véhicules - arrière,3,3,1,3,1,1,1,0,8,90,,2,1,0,1,0,70.0,49.0,,,2,1,1,1,2
202100017160,2021-08-24 14:50:00,2021,8,24,14,50,71,71286,RD 980,46.591421,4.508989,Plein jour,Hors agglomération,Hors intersection,Normale,Autre collision,3,2,2,0,2,4,1,0,3,80,,1,0,0,1,0,31.0,,,,1,1,1,1,6
202100017161,2021-09-24 10:45:00,2021,9,24,10,45,22,22302,Route du Guildo,48.580373,-2.196718,Plein jour,Hors agglomération,Intersection en T,Normale,Deux véhicules - côté,3,2,2,0,1,1,1,5,1,80,,2,1,0,0,1,41.0,53.0,,,1,1,3,1,3
202100017162,2021-08-24 05:50:00,2021,8,24,5,50,49,49220,D52,47.708599,-0.422459,Nuit sans éclairage public,Hors agglomération,Hors intersection,Normale,Deux véhicules - arrière,3,2,2,0,2,1,1,0,1,90,,2,1,0,1,0,39.0,18.0,,,3,1,1,1,2
202100017163,2021-08-24 23:50:00,2021,8,24,23,50,31,31409,D813,43.502968,1.511127,Nuit sans éclairage public,En agglomération,Intersection en T,Normale,Deux véhicules - côté,3,2,2,0,1,1,1,0,1,50,,2,1,0,0,1,25.0,26.0,,,3,2,3,1,3
202100017164,2021-09-26 17:25:00,2021,9,26,17,25,31,31573,d45,43.685564,1.67048,Plein jour,Hors agglomération,Hors intersection,Normale,Deux véhicules - côté,3,2,2,0,2,1,1,0,1,80,,2,1,0,0,1,52.0,29.0,,,1,1,1,1,3
202100017165,2021-09-25 00:10:00,2021,9,25,0,10,28,28073,A11 PK 48.500,48.48554,1.656033,Nuit sans éclairage public,Hors agglomération,Hors intersection,Normale,Autre collision,1,1,3,0,1,1,1,0,2,130,,3,0,0,3,0,25.0,,,,3,1,1,1,6
202100017166,2021-09-25 14:45:00,2021,9,25,14,45,35,35225,Pilleverte,48.433652,-1.931308,Plein jour,Hors agglomération,Intersection en X,Normale,Deux véhicules - frontale,3,2,2,0,1,1,1,0,1,70,,6,4,0,2,0,18.0,56.0,,,1,1,2,1,1
202100017167,2021-09-23 16:45:00,2021,9,23,16,45,84,84028,Route départementale 08,44.206327,4.942989,Plein jour,Hors agglomération,Hors intersection,Normale,Deux véhicules - frontale,3,2,2,0,1,1,1,0,1,80,,2,0,1,0,1,61.0,34.0,,,1,1,1,1,1
202100017168,2021-09-25 09:30:00,2021,9,25,9,30,88,88106,route départementale 415,48.183471,6.97605,Plein jour,Hors agglomération,Hors intersection,Normale,Trois véhicules et plus - collisions multiples,3,2,2,0,1,3,1,0,1,80,,9,4,0,2,3,54.0,37.0,,,1,1,1,1,5
202100017169,2021-09-24 16:30:00,2021,9,24,16,30,52,52432,A31,47.9462464007,5.3079628946,Plein jour,Hors agglomération,Hors intersection,Normale,Autre collision,1,3,4,0,1,1,1,0,2,130,,2,0,1,0,1,67.0,,,,1,1,1,1,6
202100017170,2021-09-23 15:50:00,2021,9,23,15,50,28,28102,D134,48.540915,1.392099,Plein jour,Hors agglomération,Hors intersection,Temps éblouissant,Sans collision,3,2,2,0,1,1,1,0,8,80,,1,0,0,1,0,39.0,,,,1,1,1,7,7
202100017171,2021-09-24 23:40:00,2021,9,24,23,40,62,62252,Rue du Touret,50.570296,2.706214,Nuit sans éclairage public,En agglomération,Hors intersection,Normale,Autre collision,3,2,2,0,1,1,3,0,3,50,,1,0,0,1,0,15.0,,,,3,2,1,1,6
202100017172,2021-09-02 11:05:00,2021,9,2,11,5,35,35239,D310,47.942604,-1.308686,Plein jour,Hors agglomération,Hors intersection,Normale,Autre collision,3,2,2,0,1,1,1,0,1,80,,2,1,0,0,1,,14.0,,,1,1,1,1,6
202100017173,2021-09-26 11:15:00,2021,9,26,11,15,58,58295,D 243 PK 6 décroissant,47.336284,2.921678,Plein jour,Hors agglomération,Hors intersection,Normale,Autre collision,3,2,2,0,1,1,9,0,1,-1,,2,1,0,0,1,,,,,1,1,1,1,6
202100017174,2021-09-23 18:45:00,2021,9,23,18,45,83,83100,Chemin de Camp Redon,43.259909,6.109294,Plein jour,Hors agglomération,Intersection en T,Normale,Deux véhicules - côté,3,2,1,0,1,1,1,0,1,80,,2,1,0,0,1,49.0,58.0,,,1,1,3,1,3
202100017175,2021-09-25 16:35:00,2021,9,25,16,35,62,62390,Route de Berck,50.391191,1.60505,Plein jour,En agglomération,Intersection en X,Normale,Deux véhicules - côté,3,2,2,0,1,1,1,0,1,50,,2,1,0,1,0,81.0,51.0,,,1,2,2,1,3
202100017176,2021-09-24 03:00:00,2021,9,24,3,0,79,79083,Route de Niort,46.113929,-0.117352,Nuit sans éclairage public,Hors agglomération,Hors intersection,Normale,Sans collision,3,2,2,0,1,1,1,0,3,80,,1,0,0,1,0,31.0,,,,3,1,1,1,7
202100017177,2021-09-25 04:50:00,2021,9,25,4,50,974,97414,283 Route Hubert Delisle,-21.269487,55.451373,Nuit sans éclairage public,Hors agglomération,Hors intersection,Normale,Deux véhicules - côté,3,2,2,0,1,2,1,0,3,80,,2,1,0,1,0,20.0,,,,3,1,1,1,3
202100017178,2021-09-26 18:18:00,2021,9,26,18,18,65,65369,Route de Bigorre,43.255659,0.177096,Plein jour,Hors agglomération,Hors intersection,Normale,Deux véhicules - frontale,3,2,2,0,1,2,1,0,1,80,,6,1,0,1,4,18.0,16.0,,,1,1,1,1,1
202100017179,2021-09-22 18:55:00,2021,9,22,18,55,72,72213,le champ de la croix,47.894117,0.249531,Crépuscule ou aube,Hors agglomération,Autre intersection,Normale,Deux véhicules - arrière,3,2,2,0,1,3,1,5,1,90,,3,2,0,0,1,55.0,21.0,,,2,1,9,1,2
202100017180,2021-09-23 13:00:00,2021,9,23,13,0,85,85109,Avenue Georges Clemenceau,46.857117,-1.008419,Plein jour,En agglomération,Hors intersection,Normale,Sans collision,4,2,2,0,1,1,1,0,1,50,,1,0,0,1,0,16.0,,,,1,2,1,1,7
202100017181,2021-09-24 08:45:00,2021,9,24,8,45,85,85065,Chemin de la Plante,46.894352,-1.257741,Plein jour,En agglomération,Hors intersection,Temps éblouissant,Autre collision,4,2,2,0,1,1,1,0,1,50,,3,2,0,1,0,22.0,,,,1,2,1,7,6
202100017182,2021-09-11 13:45:00,2021,9,11,13,45,67,67106,Route de Herrlisheim,48.754403,7.943587,Plein jour,En agglomération,Hors intersection,Pluie légère,Deux véhicules - côté,3,3,2,0,1,1,2,0,1,50,,2,1,0,1,0,62.0,17.0,,,1,2,1,2,3
202100017183,2021-09-24 16:00:00,2021,9,24,16,0,38,38403,D 526 - PK 18.5,44.844619,5.740957,Plein jour,Hors agglomération,Hors intersection,Normale,Deux véhicules - côté,3,2,2,0,2,3,1,0,1,80,,2,1,0,1,0,74.0,52.0,,,1,1,1,1,3
202100017184,2021-08-25 17:55:00,2021,8,25,17,55,62,62094,D138,50.445071,1.788674,Plein jour,Hors agglomération,Hors intersection,Normale,Deux véhicules - côté,3,2,2,0,1,1,1,0,1,80,,3,1,0,0,2,20.0,48.0,,,1,1,1,1,3
202100017185,2021-09-25 11:30:00,2021,9,25,11,30,30,30331,Chemin de Courac,44.122564,4.580898,Plein jour,Hors agglomération,Hors intersection,Normale,Sans collision,4,2,1,0,2,2,8,0,1,80,,1,0,0,1,0,37.0,,,,1,1,1,1,7
202100017186,2021-09-25 19:50:00,2021,9,25,19,50,83,83140,Dn7,43.405235,5.932746,Nuit sans éclairage public,Hors agglomération,Hors intersection,Normale,Trois véhicules et plus - collisions multiples,3,2,2,0,1,1,1,0,1,80,,14,9,0,3,2,63.0,45.0,,,3,1,1,1,5
202100017187,2021-09-11 18:30:00,2021,9,11,18,30,57,57464,D2,49.286586,6.316544,Plein jour,Hors agglomération,Intersection en T,Normale,Deux véhicules - côté,3,2,2,0,3,1,1,0,1,80,,3,1,0,2,0,52.0,40.0,,,1,1,3,1,3
202100017188,2021-09-25 05:40:00,2021,9,25,5,40,57,57038,D616,49.472934,5.949818,Crépuscule ou aube,Hors agglomération,Hors intersection,Brouillard / fumée,Autre collision,3,3,4,0,1,1,1,2,1,90,,1,0,0,0,1,27.0,,,,2,1,1,5,6
202100017189,2021-09-21 21:45:00,2021,9,21,21,45,19,19286,rd 31,45.331353186,1.3935239711,Nuit avec éclairage non allumé,Hors agglomération,Hors intersection,Normale,Deux véhicules - frontale,3,2,1,0,1,1,1,0,1,90,,3,2,0,1,0,19.0,25.0,,,4,1,1,1,1
202100017190,2021-09-22 22:15:00,2021,9,22,22,15,56,56110,1 Saint Andre,48.047401,-3.275669,Nuit sans éclairage public,Hors agglomération,Hors intersection,Normale,Autre collision,3,2,2,0,2,2,1,0,3,80,,1,0,0,1,0,34.0,,,,3,1,1,1,6
202100017191,2021-09-24 12:00:00,2021,9,24,12,0,56,56240,Place de Francheville,47.528697,-2.76737,Plein jour,En agglomération,Hors intersection,Normale,Deux véhicules - côté,6,-1,-1,0,1,3,1,0,1,30,,2,1,0,0,1,41.0,22.0,,,1,2,1,1,3
202100017192,2021-08-23 17:35:00,2021,8,23,17,35,74,74088,D1201,46.054263,6.086544,Plein jour,Hors agglomération,Intersection en T,Normale,Deux véhicules - côté,3,2,2,0,1,1,1,0,1,70,,2,1,0,1,0,39.0,57.0,,,1,1,3,1,3
202100017193,2021-09-23 15:50:00,2021,9,23,15,50,79,79202,50 Avenue Pierre Mendes-France,46.647257,-0.247001,Plein jour,En agglomération,Hors intersection,Temps éblouissant,Sans collision,3,2,2,0,1,1,1,0,1,50,,2,1,0,0,1,36.0,,,,1,2,1,7,7
202100017194,2021-09-25 23:30:00,2021,9,25,23,30,2B,2B346,Lieu dit campore D 237,42.500042,9.451182,Nuit sans éclairage public,En agglomération,Hors intersection,Normale,Deux véhicules - côté,3,2,2,0,2,3,1,0,1,50,,4,1,0,0,3,22.0,38.0,,,3,2,1,1,3
202100017195,2021-09-24 04:50:00,2021,9,24,4,50,2B,2B077,18 Corso,42.465002,9.494591,Nuit avec éclairage non allumé,Hors agglomération,Hors intersection,Normale,Autre collision,2,2,2,0,1,1,1,0,1,70,,1,0,0,0,1,52.0,,,,4,1,1,1,6
202100017196,2021-09-24 13:20:00,2021,9,24,13,20,80,80570,Rue Charles Bédier,49.769246,2.492056,Plein jour,En agglomération,Intersection en Y,Normale,Deux véhicules - côté,4,2,2,0,1,1,1,0,1,50,,2,1,1,0,0,56.0,15.0,,,1,2,4,1,3
202100017197,2021-09-25 18:50:00,2021,9,25,18,50,80,80815,Bois du Petit Periot,50.300045,1.75513,Crépuscule ou aube,Hors agglomération,Hors intersection,Temps couvert,Autre collision,4,2,2,0,1,1,2,0,3,30,,1,0,0,1,0,18.0,,,,2,1,1,8,6
202100017198,2021-09-26 06:40:00,2021,9,26,6,40,33,33547,Cours Pasteur,44.461012,-0.367819,Nuit avec éclairage allumé,En agglomération,Intersection en Y,Temps couvert,Autre collision,3,2,2,0,2,3,2,0,8,50,,1,0,1,0,0,27.0,,,,5,2,4,8,6
202100017199,2021-09-25 23:30:00,2021,9,25,23,30,32,32370,D953,43.897011,0.752274,Nuit sans éclairage public,Hors agglomération,Hors intersection,Pluie légère,Deux véhicules - frontale,3,2,2,0,3,1,2,0,1,80,,2,0,0,1,1,31.0,24.0,,,3,1,1,2,1
202100017200,2021-08-23 21:00:00,2021,8,23,21,0,32,32054,"RN 124, PK 074+800",43.721672,0.408066,Nuit sans éclairage public,Hors agglomération,Intersection en X,Normale,Autre collision,2,2,2,0,3,1,1,0,3,80,,1,0,0,1,0,57.0,,,,3,1,2,1,6
202100017201,2021-09-25 21:00:00,2021,9,25,21,0,32,32213,Route de Toulouse,43.474372,0.918217,Nuit sans éclairage public,En agglomération,Hors intersection,Normale,Autre collision,3,2,2,0,1,3,1,0,3,50,,1,0,1,0,0,86.0,,,,3,2,1,1,6
202100017202,2021-09-26 14:00:00,2021,9,26,14,0,32,32334,RN 124 - PK 4-300,43.585431,1.151655,Plein jour,Hors agglomération,Hors intersection,Normale,Autre collision,2,3,4,0,2,1,1,0,3,110,,1,0,0,1,0,74.0,,,,1,1,1,1,6
202100017203,2021-09-22 19:08:00,2021,9,22,19,8,11,11206,Avenue Charles de Gaulle,43.054283,2.206733,Plein jour,En agglomération,Hors intersection,Temps éblouissant,Deux véhicules - arrière,3,2,2,0,2,1,1,0,1,50,,2,1,0,1,0,64.0,30.0,,,1,2,1,7,2
202100017204,2021-09-24 13:15:00,2021,9,24,13,15,11,11206,D118 PK59,43.062805,2.215365,Plein jour,En agglomération,Hors intersection,Autre,Autre collision,3,2,2,0,1,1,1,0,1,50,,2,1,0,1,0,23.0,,,,1,2,1,9,6
202100017205,2021-09-25 23:55:00,2021,9,25,23,55,11,11254,Avenue du Lauraguais,43.199709,2.139142,Nuit avec éclairage allumé,En agglomération,Hors intersection,Normale,Autre collision,3,2,2,0,2,3,1,0,1,50,,1,0,0,1,0,29.0,,,,5,2,1,1,6
202100017206,2021-09-26 00:40:00,2021,9,26,0,40,71,71379,Route de Cuiseaux,46.56616,5.301459,Nuit sans éclairage public,Hors agglomération,Intersection en T,Normale,Sans collision,3,2,2,0,1,1,1,0,3,80,,1,0,0,1,0,26.0,,,,3,1,3,1,7
202100017207,2021-09-25 19:25:00,2021,9,25,19,25,71,71218,"Lieu-dit ""Chante-Alouette""",46.3213379589,4.3949833582,Crépuscule ou aube,Hors agglomération,Intersection en X,Pluie forte,Deux véhicules - côté,3,2,1,0,3,1,2,0,1,80,,4,1,0,3,0,36.0,23.0,,,2,1,2,3,3
202100017208,2021-09-25 16:45:00,2021,9,25,16,45,71,71520,D 906 route de Lyon,46.741449,4.853296,Plein jour,Hors agglomération,Hors intersection,Normale,Sans collision,3,2,2,0,1,1,1,0,3,80,,1,0,0,1,0,34.0,,,,1,1,1,1,7
202100017209,2021-09-24 10:30:00,2021,9,24,10,30,63,63195,28-32 Rue Georges Clémenceau,45.827237,3.373404,Plein jour,En agglomération,Hors intersection,Normale,Autre collision,6,-1,0,0,1,1,1,0,1,30,,2,1,0,0,1,62.0,,,,1,2,1,1,6
202100017210,2021-09-25 16:10:00,2021,9,25,16,10,61,61474,Pre de la Mare des Genets,48.759036,0.20299,Plein jour,Hors agglomération,Hors intersection,Pluie légère,Autre collision,4,2,1,0,2,3,2,0,3,90,,1,0,0,1,0,63.0,,,,1,1,1,2,6
202100017211,2021-09-26 07:40:00,2021,9,26,7,40,55,55537,Départementale 24,49.20768,5.487124,Crépuscule ou aube,Hors agglomération,Hors intersection,Pluie légère,Autre collision,3,2,2,0,1,1,2,0,3,80,,1,0,0,0,1,37.0,,,,2,1,1,2,6
202100017212,2021-09-25 10:50:00,2021,9,25,10,50,55,55573,Rue Mazelin,48.691994,5.616331,Plein jour,En agglomération,Intersection en T,Normale,Autre collision,2,2,2,0,1,1,1,9,1,50,,1,0,0,1,0,38.0,,,,1,2,3,1,6
202100017213,2021-09-26 14:45:00,2021,9,26,14,45,12,12156,D921,44.632803,2.825729,Plein jour,Hors agglomération,Hors intersection,Normale,Deux véhicules - frontale,3,2,2,0,2,3,1,0,1,90,,3,0,1,2,0,25.0,36.0,,,1,1,1,1,1
202100017214,2021-09-23 11:30:00,2021,9,23,11,30,12,12138,D901,44.473891,2.465041,Plein jour,En agglomération,Intersection en T,Temps éblouissant,Autre collision,3,2,2,0,1,3,1,0,1,30,,3,2,0,0,1,77.0,,,,1,2,3,7,6
202100017215,2021-09-24 08:00:00,2021,9,24,8,0,46,46120,Bouygues,44.622579,1.245666,Plein jour,Hors agglomération,Hors intersection,Normale,Autre collision,4,-1,2,0,1,1,1,0,3,80,,1,0,0,0,1,42.0,,,,1,1,1,1,6
202100017216,2021-08-23 03:00:00,2021,8,23,3,0,41,41235,Les Godinieres,47.931163,0.898256,Nuit sans éclairage public,Hors agglomération,Intersection en T,Normale,Autre collision,4,2,2,0,1,1,1,0,1,80,,2,1,0,1,0,18.0,,,,3,1,3,1,6
202100017217,2021-09-19 15:30:00,2021,9,19,15,30,29,29140,Lieu-Dit Ty Neol,48.396115,-4.304189,Plein jour,Hors agglomération,Hors intersection,Normale,Autre collision,4,2,2,0,1,2,1,0,8,80,,1,0,0,0,1,20.0,,,,1,1,1,1,6
202100017218,2021-09-25 15:27:00,2021,9,25,15,27,68,68025,RD41,47.483946,7.299514,Plein jour,Hors agglomération,Autre intersection,Normale,Sans collision,3,2,2,0,2,2,1,0,3,80,,1,0,0,1,0,25.0,,,,1,1,9,1,7
202100017219,2021-09-24 13:59:00,2021,9,24,13,59,68,68090,18a Rue de la 1ère Armée,47.498934,7.30822,Plein jour,En agglomération,Hors intersection,Temps éblouissant,Autre collision,3,2,2,0,2,1,1,0,1,50,,2,1,0,1,0,74.0,,,,1,2,1,7,6
202100017220,2021-09-25 09:30:00,2021,9,25,9,30,44,44068,La Moussardais,47.55492,-2.013124,Plein jour,Hors agglomération,Autre intersection,Normale,Sans collision,4,2,2,0,1,3,1,0,3,80,,1,0,0,1,0,20.0,,,,1,1,9,1,7
202100017221,2021-09-25 10:15:00,2021,9,25,10,15,44,44161,Rue du Docteur Praux,47.51771,-2.037629,Plein jour,En agglomération,Autre intersection,Normale,Autre collision,3,2,2,0,1,2,1,9,1,50,,2,1,0,0,1,67.0,,,,1,2,9,1,6
202100017222,2021-09-25 10:55:00,2021,9,25,10,55,44,44064,D149,47.113843,-1.293291,Plein jour,Hors agglomération,Intersection en X,Normale,Deux véhicules - côté,3,2,2,0,1,1,1,0,1,70,,2,1,0,1,0,17.0,33.0,,,1,1,2,1,3
202100017223,2021-09-23 20:07:00,2021,9,23,20,7,44,44131,Rue de la Fontaine aux Bretons,47.104204,-2.065955,Crépuscule ou aube,En agglomération,Giratoire,Normale,Deux véhicules - côté,3,-1,2,0,1,2,1,0,1,50,,3,1,0,0,2,49.0,18.0,,,2,2,6,1,3
202100017224,2021-09-26 10:35:00,2021,9,26,10,35,35,35277,Rue Joseph Maudet,48.114348,-2.066175,Plein jour,En agglomération,Hors intersection,Normale,Deux véhicules - côté,4,2,2,0,1,4,1,0,1,50,,2,1,0,1,0,52.0,74.0,,,1,2,1,1,3
202100017225,2021-09-21 08:06:00,2021,9,21,8,6,29,29105,Rue d Arvor,48.514884,-4.075906,Plein jour,En agglomération,Intersection en X,Brouillard / fumée,Deux véhicules - côté,4,2,2,0,1,1,1,0,1,50,,2,1,0,0,1,56.0,31.0,,,1,2,2,5,3
202100017226,2021-09-23 18:30:00,2021,9,23,18,30,29,29260,Rue de l'Étain,48.435317,-4.618654,Plein jour,En agglomération,Giratoire,Normale,Sans collision,4,2,2,0,1,2,1,5,1,50,,2,1,0,0,1,63.0,74.0,,,1,2,6,1,7
202100017227,2021-09-03 13:25:00,2021,9,3,13,25,31,31182,Route de Lacourtensourt,43.667503,1.410289,Plein jour,Hors agglomération,Intersection en X,Normale,Deux véhicules - côté,7,4,2,0,3,1,1,9,1,30,,2,1,0,1,0,65.0,38.0,,,1,1,2,1,3
202100017228,2021-09-25 03:45:00,2021,9,25,3,45,38,38035,Route de Lyon,45.507204,5.086316,Nuit sans éclairage public,Hors agglomération,Hors intersection,Normale,Sans collision,3,2,2,0,1,1,1,0,1,80,,2,0,0,1,1,19.0,,,,3,1,1,1,7
202100017229,2021-09-22 07:50:00,2021,9,22,7,50,38,38181,Route des Iles,45.344975,5.976219,Crépuscule ou aube,En agglomération,Intersection en X,Normale,Deux véhicules - côté,3,2,2,0,1,1,1,0,1,50,,2,1,0,0,1,46.0,17.0,,,2,2,2,1,3
202100017230,2021-09-25 17:30:00,2021,9,25,17,30,38,38434,Route de la Vallée,45.526068,5.552234,Plein jour,Hors agglomération,Intersection en X,Normale,Deux véhicules - côté,3,2,1,0,1,1,1,0,1,50,,5,0,0,3,2,19.0,73.0,,,1,1,2,1,3
202100017231,2021-09-23 21:20:00,2021,9,23,21,20,02,02591,D642,49.726522,3.637204,Nuit sans éclairage public,Hors agglomération,Hors intersection,Normale,Autre collision,3,3,2,0,1,1,1,0,1,80,,1,0,0,0,1,15.0,,,,3,1,1,1,6
202100017232,2021-08-25 12:10:00,2021,8,25,12,10,03,03254,Boulevard Ledru Rollin,46.308412,3.291913,Plein jour,En agglomération,Intersection en T,Normale,Deux véhicules - côté,3,2,2,0,1,1,1,0,1,50,,2,1,0,0,1,35.0,74.0,,,1,2,3,1,3
202100017233,2021-09-22 19:00:00,2021,9,22,19,0,03,03279,départementale 993,46.248636,2.510161,Crépuscule ou aube,Hors agglomération,Hors intersection,Normale,Deux véhicules - frontale,3,2,2,0,1,3,1,0,1,90,,3,2,0,0,1,45.0,19.0,,,2,1,1,1,1