accident_id,datetime,annee,mois,jour,heure,minute,departement,commune_insee,adresse,latitude,longitude,luminosite,agglomeration,intersection,meteo,collision,catr,circ,nbv,vosp,prof,plan,surf,infra,situ,vma,nb_vehicules,nb_usagers,nb_indemnes,nb_tues,nb_blesses_hosp,nb_blesses_legers,age_cond_1,age_cond_2,veh_type_cond_1,veh_type_cond_2,lum_code,agg_code,int_code,atm_code,col_code
202100017234,2021-09-23 16:05:00,2021,9,23,16,5,15,15174,D22,45.15498,2.479069,Plein jour,Hors agglomération,Hors intersection,Normale,Sans collision,3,2,2,0,2,3,1,0,3,90,,1,0,0,1,0,76.0,,,,1,1,1,1,7
202100017235,2021-09-23 20:30:00,2021,9,23,20,30,70,70473,RN 57 PK 16+800,47.806037,6.404807,Nuit sans éclairage public,Hors agglomération,Hors intersection,Normale,Deux véhicules - frontale,2,2,2,0,1,1,1,0,1,80,,2,0,0,2,0,47.0,19.0,,,3,1,1,1,1
202100017236,2021-09-23 09:25:00,2021,9,23,9,25,70,70197,Fermes les Begoulots,47.548697,6.24135,Plein jour,Hors agglomération,Intersection en Y,Normale,Deux véhicules - côté,3,2,2,0,1,3,1,0,1,80,,4,2,0,0,2,70.0,64.0,,,1,1,4,1,3
202100017237,2021-09-24 14:40:00,2021,9,24,14,40,26,26188,155 avenue de Verdun,44.235203,5.188513,Plein jour,En agglomération,Hors intersection,Normale,Sans collision,4,2,2,0,2,1,1,0,1,50,,1,0,1,0,0,88.0,,,,1,2,1,1,7
202100017238,2021-09-25 15:20:00,2021,9,25,15,20,26,26178,Route de la Garenne,44.677656,5.444498,Plein jour,Hors agglomération,Hors intersection,Normale,Autre collision,3,2,2,0,1,1,1,0,1,80,,1,0,0,1,0,39.0,,,,1,1,1,1,6
202100017239,2021-09-25 15:28:00,2021,9,25,15,28,58,58122,intersection D38 et D125,47.258185,3.050245,Plein jour,Hors agglomération,Intersection en X,Temps couvert,Deux véhicules - côté,3,2,2,0,1,3,1,0,1,80,,2,1,0,1,0,21.0,62.0,,,1,1,2,8,3
202100017240,2021-09-25 16:15:00,2021,9,25,16,15,58,58185,RD 193,47.174716,4.122346,Plein jour,Hors agglomération,Hors intersection,Normale,Autre collision,3,2,2,0,4,2,1,0,1,80,,1,0,0,1,0,48.0,,,,1,1,1,1,6
202100017241,2021-09-25 13:10:00,2021,9,25,13,10,58,58276,D985,46.867131,3.883688,Plein jour,Hors agglomération,Hors intersection,Normale,Deux véhicules - côté,3,3,2,0,2,1,1,0,1,80,,2,1,0,1,0,41.0,33.0,,,1,1,1,1,3
202100017242,2021-09-24 08:00:00,2021,9,24,8,0,58,58303,Boulevard Camille Dagonneau,47.016049,3.149037,Plein jour,En agglomération,Giratoire,Normale,Deux véhicules - côté,3,2,2,0,1,1,1,0,1,50,,2,1,0,0,1,59.0,52.0,,,1,2,6,1,3
202100017243,2021-09-17 09:35:00,2021,9,17,9,35,06,06119,Route du col de la Bonette PK 67,44.326212,6.860232,Plein jour,Hors agglomération,Hors intersection,Normale,Sans collision,7,2,2,0,2,3,1,0,3,80,,1,0,0,1,0,75.0,,,,1,1,1,1,7
202100017244,2021-09-23 18:20:00,2021,9,23,18,20,14,14654,D4,49.004663,0.105062,Plein jour,Hors agglomération,Intersection en Y,Normale,Deux véhicules - côté,3,2,1,0,1,3,1,0,1,80,,2,0,0,0,2,86.0,24.0,,,1,1,4,1,3
202100017245,2021-09-25 21:45:00,2021,9,25,21,45,14,14408,Rue Saint André,49.102695,-0.37573,Nuit avec éclairage allumé,En agglomération,Hors intersection,Normale,Autre collision,6,-1,-1,0,1,1,9,0,8,10,,2,1,0,1,0,16.0,,,,5,2,1,1,6
202100017246,2021-09-25 09:00:00,2021,9,25,9,0,05,05158,RD 49,44.4751854195,5.8238277997,Plein jour,Hors agglomération,Hors intersection,Normale,Autre collision,3,2,2,0,1,1,1,0,1,50,,1,0,0,0,1,55.0,,,,1,1,1,1,6
202100017247,2021-09-24 18:20:00,2021,9,24,18,20,50,50273,Route du Lavoir - Pretot,49.325479,-1.436956,Plein jour,En agglomération,Hors intersection,Normale,Sans collision,3,2,2,0,2,1,1,0,1,-1,,1,0,0,1,0,13.0,,,,1,2,1,1,7
202100017248,2021-09-19 18:30:00,2021,9,19,18,30,50,50370,La Douve (Rivière),49.419468,-1.529621,Plein jour,Hors agglomération,Hors intersection,Normale,Sans collision,3,2,2,0,1,2,1,0,8,-1,,1,0,0,1,0,33.0,,,,1,1,1,1,7
202100017249,2021-09-25 22:00:00,2021,9,25,22,0,50,50034,Route de Fumichon,49.095473,-1.055063,Nuit sans éclairage public,Hors agglomération,Hors intersection,Normale,Autre collision,3,2,2,0,2,1,1,0,3,80,,2,0,2,0,0,39.0,,,,3,1,1,1,6
202100017250,2021-09-26 19:00:00,2021,9,26,19,0,83,83046,Départementale 13,43.5313018875,6.1482623827,Crépuscule ou aube,En agglomération,Hors intersection,Normale,Sans collision,3,2,2,0,2,2,1,0,3,50,,2,0,0,0,2,36.0,,,,2,2,1,1,7
202100017251,2021-09-23 21:35:00,2021,9,23,21,35,60,60643,D152,49.56589,2.582495,Nuit sans éclairage public,Hors agglomération,Hors intersection,Normale,Autre collision,3,2,2,0,1,1,1,0,1,80,,1,0,0,0,1,48.0,,,,3,1,1,1,6
202100017252,2021-09-24 18:55:00,2021,9,24,18,55,64,64225,RD 919,43.163413,-0.680353,Plein jour,Hors agglomération,Intersection en T,Normale,Deux véhicules - côté,3,2,2,0,1,3,1,0,1,80,,2,1,0,1,0,35.0,21.0,,,1,1,3,1,3
202100017253,2021-09-24 12:30:00,2021,9,24,12,30,73,73124,CHEMIN DU MARAIS,45.650172,6.335995,Plein jour,Hors agglomération,Passage à niveau,Normale,Deux véhicules - côté,4,2,2,0,1,1,1,4,1,-1,,2,1,1,0,0,68.0,37.0,,,1,1,8,1,3
202100017254,2021-09-24 10:45:00,2021,9,24,10,45,43,43114,D500,45.168858,4.210929,Plein jour,Hors agglomération,Intersection en T,Normale,Deux véhicules - côté,3,2,2,0,2,1,1,0,1,90,,2,1,0,1,0,23.0,80.0,,,1,1,3,1,3
202100017255,2021-09-25 18:00:00,2021,9,25,18,0,43,43111,Bargettes,44.879753,3.847007,Plein jour,Hors agglomération,Intersection en Y,Normale,Deux véhicules - arrière,2,2,2,0,1,1,1,0,1,80,,3,2,0,1,0,25.0,43.0,,,1,1,4,1,2
202100017256,2021-09-24 12:05:00,2021,9,24,12,5,43,43192,Le Nouveau Monde,44.835863,3.750364,Plein jour,Hors agglomération,Autre intersection,Normale,Sans collision,3,2,2,0,2,3,1,0,1,80,,1,0,0,1,0,54.0,,,,1,1,9,1,7
202100017257,2021-09-25 16:00:00,2021,9,25,16,0,10,10209,D 1 G,48.27571,4.302564,Plein jour,Hors agglomération,Hors intersection,Normale,Autre collision,3,2,2,0,1,4,1,0,1,80,,3,1,0,0,2,42.0,57.0,,,1,1,1,1,6
202100017258,2021-09-26 00:40:00,2021,9,26,0,40,36,36087,,46.599792,0.971603,Nuit sans éclairage public,Hors agglomération,Hors intersection,Pluie légère,Autre collision,3,2,2,0,1,3,2,0,3,80,,1,0,1,0,0,90.0,,,,3,1,1,2,6
202100017259,2021-09-23 18:10:00,2021,9,23,18,10,36,36030,,46.61701,1.776851,Plein jour,Hors agglomération,Intersection en Y,Normale,Deux véhicules - côté,3,2,3,0,2,1,1,5,1,80,,2,0,0,1,1,48.0,60.0,,,1,1,4,1,3
202100017260,2021-09-25 06:25:00,2021,9,25,6,25,21,21024,D 905,47.432326,4.517119,Nuit sans éclairage public,Hors agglomération,Hors intersection,Normale,Sans collision,3,2,2,0,1,3,1,0,3,90,,3,2,0,1,0,19.0,,,,3,1,1,1,7
202100017261,2021-09-23 16:40:00,2021,9,23,16,40,21,21180,D959,47.289171,5.48825,Plein jour,Hors agglomération,Hors intersection,Normale,Deux véhicules - arrière,3,2,2,0,1,1,1,9,1,90,,2,1,0,1,0,,69.0,,,1,1,1,1,2
202100017262,2021-09-25 18:45:00,2021,9,25,18,45,85,85021,L Émerière,47.05268,-1.283088,Plein jour,Hors agglomération,Hors intersection,Pluie légère,Deux véhicules - côté,3,-1,2,0,1,3,2,4,1,80,,5,2,0,0,3,19.0,53.0,,,1,1,1,2,3
202100017263,2021-08-25 12:15:00,2021,8,25,12,15,28,28239,RN 154,48.672433,1.385479,Plein jour,Hors agglomération,Hors intersection,Normale,Autre collision,2,3,4,0,1,3,1,0,1,110,,1,0,0,1,0,22.0,,,,1,1,1,1,6
202100017264,2021-09-26 00:30:00,2021,9,26,0,30,17,17337,Départementale 126,45.966439,-1.253643,Nuit sans éclairage public,Hors agglomération,Hors intersection,Normale,Autre collision,3,2,2,0,1,1,1,0,3,80,,1,0,0,1,0,36.0,,,,3,1,1,1,6
202100017265,2021-09-26 07:10:00,2021,9,26,7,10,17,17250,Lieu Dit Combe des Treuils,45.499745,-0.564959,Crépuscule ou aube,Hors agglomération,Hors intersection,Temps couvert,Autre collision,3,2,2,0,1,1,2,0,3,90,,2,0,0,2,0,21.0,,,,2,1,1,8,6
202100017266,2021-09-26 06:30:00,2021,9,26,6,30,17,17250,Rue de la Forge,45.505715,-0.525807,Nuit sans éclairage public,En agglomération,Hors intersection,Normale,Autre collision,3,2,2,0,1,1,2,0,1,50,,4,1,0,1,2,34.0,,,,3,2,1,1,6
202100017267,2021-09-24 11:25:00,2021,9,24,11,25,87,87116,4 Avenue du Stade,46.140043,1.040086,Plein jour,En agglomération,Intersection en T,Normale,Deux véhicules - côté,3,2,2,0,1,1,1,0,1,50,,2,1,0,0,1,48.0,58.0,,,1,2,3,1,3
202100017268,2021-09-24 12:15:00,2021,9,24,12,15,37,37115,132 Avenue Francois Mitterrand,46.9890074022,0.6716034901,Plein jour,En agglomération,Hors intersection,Normale,Deux véhicules - frontale,4,2,2,0,1,3,1,0,1,50,,2,1,0,1,0,38.0,36.0,,,1,2,1,1,1
202100017269,2021-09-25 02:15:00,2021,9,25,2,15,37,37156,route départementale 751,47.40198,0.790114,Nuit sans éclairage public,Hors agglomération,Hors intersection,Normale,Autre collision,3,2,2,0,1,1,1,0,3,80,,2,0,0,0,2,21.0,,,,3,1,1,1,6
202100017270,2021-09-25 06:50:00,2021,9,25,6,50,30,30029,D979,44.313201,4.349379,Crépuscule ou aube,En agglomération,Hors intersection,Normale,Sans collision,3,2,1,0,1,1,1,0,8,50,,2,0,0,0,2,36.0,,,,2,2,1,1,7
202100017271,2021-09-23 15:45:00,2021,9,23,15,45,08,08311,D964,49.6057,5.078067,Plein jour,Hors agglomération,Hors intersection,Normale,Sans collision,3,2,2,0,2,1,1,0,3,80,,1,0,1,0,0,41.0,,,,1,1,1,1,7
202100017272,2021-09-25 17:30:00,2021,9,25,17,30,08,08037,CD 877,49.858764,4.351519,Plein jour,Hors agglomération,Hors intersection,Normale,Deux véhicules - côté,3,2,2,0,1,1,1,0,1,80,,2,1,0,1,0,32.0,62.0,,,1,1,1,1,3
202100017273,2021-09-24 17:15:00,2021,9,24,17,15,88,88467,D43,47.9767427637,6.7272564769,Plein jour,Hors agglomération,Intersection en T,Normale,Deux véhicules - côté,3,2,2,0,1,1,1,0,1,90,,3,2,0,1,0,25.0,81.0,,,1,1,3,1,3
202100017274,2021-09-25 14:20:00,2021,9,25,14,20,88,88426,Rue du Ballon d Alsace,47.837696,6.833405,Plein jour,Hors agglomération,Hors intersection,Normale,Deux véhicules - frontale,3,2,2,0,2,2,1,0,1,80,,2,0,0,0,2,62.0,53.0,,,1,1,1,1,1
202100017275,2021-09-24 02:30:00,2021,9,24,2,30,72,72047,"PK  084+000, autoroute A28",47.921634,0.301781,Nuit sans éclairage public,Hors agglomération,Hors intersection,Normale,Autre collision,1,1,4,0,1,1,1,0,8,130,,1,0,0,0,1,44.0,,,,3,1,1,1,6
202100017276,2021-09-26 12:40:00,2021,9,26,12,40,973,97307,Rue du Champ de Canne,4.876441,-52.323742,Plein jour,En agglomération,Hors intersection,Normale,Deux véhicules - côté,4,2,2,0,1,3,1,0,1,50,,2,1,0,0,1,33.0,,,,1,2,1,1,3
202100017277,2021-09-24 20:30:00,2021,9,24,20,30,76,76533,A131,49.494649,0.266535,Nuit sans éclairage public,Hors agglomération,Hors intersection,Normale,Deux véhicules - côté,1,1,4,0,1,1,1,0,1,130,,2,1,0,0,1,30.0,35.0,,,3,1,1,1,3
202100017278,2021-09-24 20:25:00,2021,9,24,20,25,49,49323,Autoroute A11 Pk 257+900,47.5003,-0.48681,Nuit sans éclairage public,Hors agglomération,Hors intersection,Normale,Autre collision,1,3,2,0,1,3,1,2,1,110,,2,1,1,0,0,,,,,3,1,1,1,6
202100017279,2021-09-24 11:20:00,2021,9,24,11,20,34,34159,pk 13 D116,43.520781,3.826933,Plein jour,Hors agglomération,Hors intersection,Normale,Trois véhicules et plus - collisions multiples,3,2,2,0,1,1,1,0,1,80,,4,1,0,3,0,61.0,54.0,,,1,1,1,1,5
202100017280,2021-09-26 11:37:00,2021,9,26,11,37,01,01049,A42 sens GENEVE / LYON pk 014+400,45.839799,5.048395,Plein jour,Hors agglomération,Hors intersection,Normale,Deux véhicules - arrière,1,1,5,0,1,1,1,0,1,110,,3,2,0,0,1,,44.0,,,1,1,1,1,2
202100017281,2021-09-25 18:00:00,2021,9,25,18,0,67,67101,Autoroute A352,48.5198520551,7.499917745,Plein jour,Hors agglomération,Hors intersection,Normale,Deux véhicules - côté,1,1,1,0,1,3,1,3,1,50,,2,0,0,1,1,22.0,20.0,,,1,1,1,1,3
202100017282,2021-09-24 17:50:00,2021,9,24,17,50,82,82189,d 68 PR 005+300,44.189118,1.2822042,Plein jour,Hors agglomération,Hors intersection,Normale,Deux véhicules - frontale,3,2,2,0,2,3,1,0,1,80,,3,2,0,0,1,33.0,30.0,,,1,1,1,1,1
202100017283,2021-09-25 19:35:00,2021,9,25,19,35,53,53243,D30,48.143597,-0.936563,Crépuscule ou aube,Hors agglomération,Hors intersection,Normale,Sans collision,3,2,2,0,1,1,2,0,1,80,,1,0,0,1,0,19.0,,,,2,1,1,1,7
202100017284,2021-09-25 11:30:00,2021,9,25,11,30,13,13060,A8 PK027.100 sens NICE-AIX,43.496721,5.524921,Plein jour,Hors agglomération,Hors intersection,Normale,Deux véhicules - arrière,1,3,5,0,1,1,1,0,1,110,,8,7,0,0,1,90.0,63.0,,,1,1,1,1,2
202100017285,2021-09-23 09:30:00,2021,9,23,9,30,42,42157,Route de la Benisson Dieu,46.1398,4.012717,Plein jour,Hors agglomération,Hors intersection,Normale,Deux véhicules - frontale,3,2,2,0,1,1,1,0,1,80,,2,1,1,0,0,44.0,56.0,,,1,1,1,1,1
202100017286,2021-09-24 14:25:00,2021,9,24,14,25,06,06088,Autoroute A8 Péage 1/2 sud PK189.400 SENS ITALIE FRANCE,43.699951,7.18832,Plein jour,Hors agglomération,Hors intersection,Normale,Deux véhicules - côté,1,3,4,0,1,1,1,7,1,50,,2,1,0,1,0,21.0,53.0,,,1,1,1,1,3
202100017287,2021-09-25 09:30:00,2021,9,25,9,30,38,38331,Autoroute A48 + PR 070+500,45.356126,5.522518,Plein jour,Hors agglomération,Hors intersection,Normale,Sans collision,1,1,4,0,1,3,1,0,3,130,,2,1,0,1,0,31.0,,,,1,1,1,1,7
202100017288,2021-09-23 15:20:00,2021,9,23,15,20,971,97103,Rue joséphine Baker,16.256842,-61.578691,Plein jour,En agglomération,Hors intersection,Normale,Autre collision,4,2,2,0,1,2,1,0,4,50,,2,1,0,1,0,20.0,,,,1,2,1,1,6
202100017289,2021-09-23 10:20:00,2021,9,23,10,20,13,13051,A7,43.590345,5.18706,Plein jour,Hors agglomération,Hors intersection,Normale,Trois véhicules et plus - en chaîne,1,2,3,0,1,1,1,0,1,130,,6,3,0,0,3,79.0,34.0,,,1,1,1,1,4
202100017290,2021-05-03 18:45:00,2021,5,3,18,45,33,33005,Avenue de Bordeaux,44.747809,-1.087388,Plein jour,En agglomération,Intersection en X,Normale,Deux véhicules - côté,3,3,2,0,1,1,1,0,1,50,,2,1,0,1,0,61.0,66.0,,,1,2,2,1,3
202100017291,2021-09-23 19:00:00,2021,9,23,19,0,987,98714,Matira,-16.535517,-151.746495,Nuit avec éclairage allumé,Hors agglomération,Hors intersection,Normale,Deux véhicules - côté,2,2,2,0,1,3,1,0,1,40,,2,1,0,1,0,62.0,28.0,,,5,1,1,1,3
202100017292,2021-09-26 15:40:00,2021,9,26,15,40,974,97422,Rue Raphael Douyère,-21.206216,55.54477,Plein jour,Hors agglomération,Hors intersection,Normale,Deux véhicules - frontale,3,2,2,0,1,3,1,0,1,80,,6,5,0,1,0,30.0,26.0,,,1,1,1,1,1
202100017293,2021-08-24 07:05:00,2021,8,24,7,5,971,97125,N5,16.292531,-61.289888,Plein jour,En agglomération,Hors intersection,Normale,Deux véhicules - côté,2,2,2,0,1,1,1,0,1,-1,,2,1,0,1,0,24.0,57.0,,,1,2,1,1,3
202100017294,2021-09-25 08:15:00,2021,9,25,8,15,971,97112,Allee Poirier,15.888454,-61.316559,Plein jour,En agglomération,Intersection en X,Normale,Autre collision,2,2,2,0,1,1,1,0,1,50,,2,1,0,1,0,53.0,68.0,,,1,2,2,1,6
202100017295,2021-09-24 15:15:00,2021,9,24,15,15,971,97129,La Ramee,16.3339637786,-61.7129945755,Plein jour,Hors agglomération,Hors intersection,Normale,Deux véhicules - côté,2,2,2,0,1,1,1,0,1,70,,3,1,1,0,1,60.0,19.0,,,1,1,1,1,3
202100017296,2021-09-26 03:10:00,2021,9,26,3,10,971,97107,N1,16.052845,-61.569035,Nuit avec éclairage non allumé,Hors agglomération,Giratoire,Normale,Sans collision,2,3,2,0,2,1,2,0,8,90,,1,0,0,1,0,41.0,,,,4,1,6,1,7
202100017297,2021-09-25 06:30:00,2021,9,25,6,30,37,37027,A85,47.2862288502,1.0073934495,Nuit avec éclairage non allumé,Hors agglomération,Hors intersection,Normale,Sans collision,1,-1,2,0,1,1,1,0,3,130,,1,0,1,0,0,22.0,,,,4,1,1,1,7
202100017298,2021-09-25 03:45:00,2021,9,25,3,45,77,77196,N3,48.947724,2.732199,Nuit sans éclairage public,Hors agglomération,Hors intersection,Brouillard / fumée,Deux véhicules - arrière,2,3,4,0,1,1,1,0,1,110,,2,1,0,0,1,60.0,,,,3,1,1,5,2
202100017299,2021-09-24 11:15:00,2021,9,24,11,15,77,77196,D54,48.949365,2.746882,Plein jour,Hors agglomération,Hors intersection,Normale,Deux véhicules - frontale,3,2,2,0,2,1,1,0,1,70,,2,1,0,0,1,65.0,47.0,,,1,1,1,1,1
202100017300,2021-09-26 15:00:00,2021,9,26,15,0,77,77144,D231,48.75788,2.933665,Plein jour,Hors agglomération,Hors intersection,Pluie légère,Deux véhicules - frontale,3,2,2,0,1,1,2,0,1,80,,4,0,0,3,1,28.0,65.0,,,1,1,1,2,1
202100017301,2021-09-23 03:50:00,2021,9,23,3,50,91,91587,N 20,48.694981,2.286566,Nuit sans éclairage public,Hors agglomération,Hors intersection,Normale,Deux véhicules - arrière,3,4,4,0,1,1,1,0,1,90,,2,1,0,0,1,31.0,34.0,,,3,1,1,1,2
202100017302,2021-09-26 04:45:00,2021,9,26,4,45,2A,2A041,Avenue Charles de Gaulle,41.387696,9.164245,Nuit avec éclairage allumé,En agglomération,Hors intersection,Normale,Deux véhicules - frontale,4,2,2,0,2,4,1,0,1,50,,2,1,0,1,0,33.0,22.0,,,5,2,1,1,1
202100017303,2021-09-26 08:25:00,2021,9,26,8,25,66,66217,8 Avenue du Stade,42.613354,2.810818,Plein jour,En agglomération,Hors intersection,Normale,Autre collision,3,2,2,0,1,3,1,2,4,50,,3,0,0,3,0,20.0,,,,1,2,1,1,6
202100017304,2021-09-23 18:50:00,2021,9,23,18,50,30,30105,D151,44.069684,3.45188,Plein jour,Hors agglomération,Hors intersection,Normale,Sans collision,3,-1,2,0,2,3,9,0,1,80,,1,0,0,1,0,75.0,,,,1,1,1,1,7
202100017305,2021-09-18 17:25:00,2021,9,18,17,25,34,34176,D24,43.635423,4.054041,Plein jour,Hors agglomération,Intersection en X,Normale,Sans collision,3,2,2,0,1,3,1,0,1,70,,3,1,0,1,1,33.0,,,,1,1,2,1,7
202100017306,2021-09-17 05:40:00,2021,9,17,5,40,83,83081,D 562,43.5974551873,6.7992871408,Nuit sans éclairage public,Hors agglomération,Hors intersection,Normale,Autre collision,3,2,2,0,2,1,1,0,1,80,,1,0,0,1,0,36.0,,,,3,1,1,1,6
202100017307,2021-09-24 20:01:00,2021,9,24,20,1,04,04039,RD 4085,43.843372,6.532504,Nuit sans éclairage public,Hors agglomération,Hors intersection,Normale,Deux véhicules - frontale,3,2,2,0,1,1,1,0,1,80,,4,2,0,0,2,21.0,42.0,,,3,1,1,1,1
202100017308,2021-09-23 14:50:00,2021,9,23,14,50,38,38110,D36,45.589507,4.862523,Plein jour,Hors agglomération,Hors intersection,Normale,Trois véhicules et plus - collisions multiples,3,2,2,0,1,1,1,0,1,80,,4,1,0,0,3,43.0,54.0,,,1,1,1,1,5
202100017309,2021-09-23 20:15:00,2021,9,23,20,15,89,89468,D606,48.022162,3.313542,Nuit avec éclairage allumé,Hors agglomération,Intersection en T,Normale,Deux véhicules - côté,3,2,3,0,1,1,1,0,1,80,,3,2,0,1,0,28.0,65.0,,,5,1,3,1,3
202100017310,2021-09-16 20:15:00,2021,9,16,20,15,89,89023,Rue Pinon,47.76587,3.612426,Nuit avec éclairage allumé,En agglomération,Intersection en X,Normale,Deux véhicules - côté,3,2,2,0,1,1,1,0,1,50,,2,1,0,0,1,73.0,31.0,,,5,2,2,1,3
202100017311,2021-09-24 09:15:00,2021,9,24,9,15,89,89438,PK 161+900 A6,47.804191,3.634737,Plein jour,Hors agglomération,Hors intersection,Normale,Autre collision,1,3,5,0,1,1,1,0,2,130,,3,1,0,2,0,27.0,,,,1,1,1,1,6
202100017312,2021-09-24 21:00:00,2021,9,24,21,0,08,08237,D1,49.841068,4.754999,Nuit sans éclairage public,Hors agglomération,Hors intersection,Normale,Trois véhicules et plus - collisions multiples,3,2,2,0,2,2,1,0,1,80,,4,2,0,2,0,29.0,25.0,,,3,1,1,1,5
202100017313,2021-09-25 15:30:00,2021,9,25,15,30,68,68342,D 431,47.840238,7.150297,Plein jour,Hors agglomération,Hors intersection,Normale,Sans collision,3,2,2,0,2,2,1,0,3,70,,2,0,0,1,1,28.0,,,,1,1,1,1,7
202100017314,2021-09-21 18:14:00,2021,9,21,18,14,68,68130,1 Rue du 7 Février,47.969798,7.546256,Plein jour,En agglomération,Hors intersection,Normale,Sans collision,4,2,2,0,1,1,1,0,1,50,,1,0,0,1,0,21.0,,,,1,2,1,1,7
202100017315,2021-09-25 11:35:00,2021,9,25,11,35,67,67438,D426,48.432418,7.613912,Plein jour,Hors agglomération,Hors intersection,Normale,Autre collision,3,2,2,0,1,1,1,0,1,-1,,4,2,1,0,1,24.0,24.0,,,1,1,1,1,6
202100017316,2021-09-23 20:27:00,2021,9,23,20,27,57,57484,45 Rue Nationale,49.167177,6.86689,Nuit avec éclairage allumé,En agglomération,Hors intersection,Normale,Autre collision,3,2,2,0,1,1,1,9,6,50,,2,1,0,0,1,33.0,,,,5,2,1,1,6
202100017317,2021-09-26 10:05:00,2021,9,26,10,5,63,63470,D986,45.881767,3.054344,Plein jour,Hors agglomération,Hors intersection,Normale,Autre collision,3,2,2,0,2,3,2,0,3,90,,1,0,1,0,0,56.0,,,,1,1,1,1,6
202100017318,2021-09-24 15:35:00,2021,9,24,15,35,42,42299,Rue du Champ de Mars,45.606987,4.089612,Plein jour,En agglomération,Hors intersection,Normale,Autre collision,6,-1,-1,0,1,1,1,6,8,30,,2,1,0,0,1,22.0,,,,1,2,1,1,6
202100017319,2021-09-25 09:20:00,2021,9,25,9,20,44,44066,Rue du Bois du Plessis,47.373706,-1.60497,Plein jour,Hors agglomération,Intersection en X,Normale,Deux véhicules - côté,3,2,2,0,1,1,1,5,1,80,,2,1,0,1,0,69.0,49.0,,,1,1,2,1,3
202100017320,2021-09-25 17:55:00,2021,9,25,17,55,38,38190,allée des champagnes hieres sur amby,45.81183,5.29563,Plein jour,Hors agglomération,Hors intersection,Normale,Sans collision,4,-1,1,0,1,1,1,0,6,50,,1,0,0,1,0,26.0,,,,1,1,1,1,7
202100017321,2021-09-25 02:26:00,2021,9,25,2,26,38,38158,Rue Francois Quesnay,45.14794,5.735731,Nuit avec éclairage allumé,En agglomération,Intersection en X,Normale,Deux véhicules - côté,7,2,2,0,1,1,1,5,1,50,,2,0,0,1,1,36.0,29.0,,,5,2,2,1,3
202100017322,2021-09-20 18:35:00,2021,9,20,18,35,26,26271,Route du Dauphiné,45.025001,4.868232,Crépuscule ou aube,Hors agglomération,Intersection en X,Normale,Deux véhicules - côté,2,2,2,0,1,1,1,0,1,-1,,2,1,0,1,0,26.0,30.0,,,2,1,2,1,3
202100017323,2021-09-24 20:45:00,2021,9,24,20,45,01,01249,1920 Grande Rue,45.826117,4.964151,Nuit avec éclairage allumé,En agglomération,Hors intersection,Normale,Deux véhicules - côté,3,2,3,0,2,1,1,0,1,50,,2,0,0,1,1,58.0,33.0,,,5,2,1,1,3
202100017324,2021-09-24 19:15:00,2021,9,24,19,15,81,81173,N126,43.6167637,1.722924,Plein jour,Hors agglomération,Intersection en X,Normale,Deux véhicules - côté,2,2,2,0,1,1,1,0,1,80,,2,1,0,1,0,45.0,30.0,,,1,1,2,1,3
202100017325,2021-09-23 14:15:00,2021,9,23,14,15,79,79048,Impasse Nicolas Appert,46.348542,-0.309151,Plein jour,En agglomération,Intersection en Y,Normale,Deux véhicules - côté,3,2,-1,-1,1,3,1,0,1,-1,,2,1,0,1,0,65.0,22.0,,,1,2,4,1,3
202100017326,2021-09-24 18:05:00,2021,9,24,18,5,86,86054,D1,46.220193,0.32536,Plein jour,Hors agglomération,Hors intersection,Normale,Sans collision,3,2,2,0,1,1,1,0,3,90,,1,0,0,1,0,41.0,,,,1,1,1,1,7
202100017327,2021-09-26 01:00:00,2021,9,26,1,0,33,33393,Route de Coutras,45.002179,-0.183635,Nuit sans éclairage public,Hors agglomération,Hors intersection,Pluie légère,Autre collision,3,2,2,0,1,1,2,0,1,80,,2,1,0,1,0,73.0,,,,3,1,1,2,6
202100017328,2021-09-23 06:35:00,2021,9,23,6,35,33,33262,56 Avenue de la Coste,44.9985,-0.59502,Nuit sans éclairage public,Hors agglomération,Hors intersection,Normale,Deux véhicules - frontale,3,2,2,0,1,3,1,0,1,70,,2,1,0,1,0,,30.0,,,3,1,1,1,1
202100017329,2021-09-24 15:20:00,2021,9,24,15,20,49,49301,N249,47.12052,-1.091536,Plein jour,Hors agglomération,Hors intersection,Normale,Deux véhicules - arrière,2,3,4,0,1,1,1,0,1,110,,2,0,0,1,1,37.0,63.0,,,1,1,1,1,2
202100017330,2021-09-23 18:05:00,2021,9,23,18,5,61,61419,La Baliziere,48.583207,-0.172886,Plein jour,Hors agglomération,Intersection en T,Temps éblouissant,Deux véhicules - arrière,3,2,2,0,1,3,1,0,1,90,,4,1,0,2,1,48.0,26.0,,,1,1,3,7,2