accident_id,datetime,annee,mois,jour,heure,minute,departement,commune_insee,adresse,latitude,longitude,luminosite,agglomeration,intersection,meteo,collision,catr,circ,nbv,vosp,prof,plan,surf,infra,situ,vma,nb_vehicules,nb_usagers,nb_indemnes,nb_tues,nb_blesses_hosp,nb_blesses_legers,age_cond_1,age_cond_2,veh_type_cond_1,veh_type_cond_2,lum_code,agg_code,int_code,atm_code,col_code
202100017331,2021-09-25 01:15:00,2021,9,25,1,15,72,72147,D47,48.106857,0.196876,Nuit sans éclairage public,Hors agglomération,Hors intersection,Normale,Autre collision,3,2,2,0,2,1,1,0,1,80,,1,0,0,1,0,44.0,,,,3,1,1,1,6
202100017332,2021-09-25 00:40:00,2021,9,25,0,40,29,29022,Rue André Antoine,48.272233,-4.603894,Nuit sans éclairage public,En agglomération,Hors intersection,Normale,Autre collision,3,2,2,0,2,1,1,0,4,50,,3,2,0,0,1,36.0,,,,3,2,1,1,6
202100017333,2021-09-22 05:30:00,2021,9,22,5,30,29,29042,D887 - Kergoff Portsalut,48.247815,-4.399633,Nuit sans éclairage public,Hors agglomération,Autre intersection,Normale,Autre collision,3,2,2,0,2,1,1,0,3,80,,2,1,0,1,0,26.0,,,,3,1,9,1,6
202100017334,2021-09-24 16:30:00,2021,9,24,16,30,29,29055,Giratoire de La Croix Rouge,48.563154,-4.335367,Plein jour,En agglomération,Giratoire,Normale,Autre collision,4,2,2,0,1,1,1,0,6,50,,2,1,0,1,0,39.0,,,,1,2,6,1,6
202100017335,2021-09-26 16:30:00,2021,9,26,16,30,22,22273,La Ville Marquée,48.539,-2.535857,Plein jour,Hors agglomération,Hors intersection,Normale,Deux véhicules - côté,3,2,2,0,1,1,1,0,1,80,,4,2,0,1,1,56.0,39.0,,,1,1,1,1,3
202100017336,2021-09-22 15:45:00,2021,9,22,15,45,22,22162,Rue de Goas Plat,48.776069,-3.037419,Plein jour,En agglomération,Intersection en X,Normale,Deux véhicules - côté,4,1,2,0,1,1,1,0,1,30,,2,1,0,1,0,62.0,15.0,,,1,2,2,1,3
202100017337,2021-09-26 10:00:00,2021,9,26,10,0,60,60446,D922,49.137193,2.777696,Plein jour,Hors agglomération,Hors intersection,Normale,Sans collision,3,2,2,0,1,1,1,0,1,70,,4,0,0,1,3,59.0,75.0,,,1,1,1,1,7
202100017338,2021-09-23 13:45:00,2021,9,23,13,45,60,60143,,49.276261,1.909261,Plein jour,Hors agglomération,Hors intersection,Normale,Deux véhicules - côté,3,2,2,0,2,3,1,0,1,80,,2,1,0,0,1,27.0,82.0,,,1,1,1,1,3
202100017339,2021-09-23 07:55:00,2021,9,23,7,55,59,59581,11 rue du fouquereau,50.662425,2.761968,Crépuscule ou aube,Hors agglomération,Intersection en X,Normale,Deux véhicules - côté,3,2,2,0,1,1,1,0,1,80,,2,1,0,1,0,22.0,39.0,,,2,1,2,1,3
202100017340,2021-09-24 08:00:00,2021,9,24,8,0,59,59592,Rue Pierre Vienot,50.469712,3.069992,Plein jour,En agglomération,Intersection en X,Normale,Deux véhicules - côté,4,2,2,0,1,1,1,0,1,50,,2,1,0,0,1,18.0,50.0,,,1,2,2,1,3
202100017341,2021-09-23 18:00:00,2021,9,23,18,0,59,59051,rue de la gare,50.527704,2.803627,Plein jour,En agglomération,Giratoire,Normale,Deux véhicules - côté,4,1,2,0,1,1,1,0,1,30,,2,1,0,0,1,30.0,66.0,,,1,2,6,1,3
202100017342,2021-09-23 21:30:00,2021,9,23,21,30,13,13071,A55 - Sens Marseille vers Martigues,43.397749,5.287068,Nuit sans éclairage public,Hors agglomération,Hors intersection,Normale,Deux véhicules - côté,1,1,2,0,2,2,1,0,1,90,,1,0,0,0,1,30.0,,,,3,1,1,1,3
202100017343,2021-09-24 17:02:00,2021,9,24,17,2,13,13106,A51-Sens Aix en Provence vers Marseille,43.40428,5.35845,Plein jour,Hors agglomération,Hors intersection,Normale,Deux véhicules - arrière,1,1,3,0,1,1,1,0,1,90,,2,1,0,0,1,26.0,72.0,,,1,1,1,1,2
202100017344,2021-09-24 01:03:00,2021,9,24,1,3,13,13215,A7-Sens Lyon vers Marseille,43.350256,5.368319,Nuit sans éclairage public,Hors agglomération,Hors intersection,Normale,Trois véhicules et plus - collisions multiples,1,-1,3,0,1,1,1,0,1,70,,4,0,0,0,4,33.0,25.0,,,3,1,1,1,5
202100017345,2021-09-23 05:45:00,2021,9,23,5,45,13,13117,A7-Sens Lyon vers Marseille,43.41988,5.27077,Crépuscule ou aube,Hors agglomération,Hors intersection,Normale,Deux véhicules - arrière,1,1,2,0,1,1,1,0,1,110,,2,1,0,0,1,28.0,49.0,,,2,1,1,1,2
202100017346,2021-09-22 13:24:00,2021,9,22,13,24,13,13117,A7-Sens Marseille vers Lyon,43.44242,5.24697,Plein jour,Hors agglomération,Hors intersection,Normale,Sans collision,1,1,1,0,1,1,1,9,3,70,,1,0,1,0,0,72.0,,,,1,1,1,1,7
202100017347,2021-09-24 20:32:00,2021,9,24,20,32,01,01248,A46N   14.305 A 17.210,45.885995,4.894288,Nuit sans éclairage public,Hors agglomération,Hors intersection,Normale,Trois véhicules et plus - collisions multiples,1,3,3,0,1,1,1,0,1,110,,4,2,0,1,1,65.0,36.0,,,3,1,1,1,5
202100017348,2021-09-12 20:00:00,2021,9,12,20,0,69,69382,M7   0.000 A 2.278,45.74626,4.82882,Crépuscule ou aube,Hors agglomération,Hors intersection,Normale,Deux véhicules - arrière,7,1,3,0,1,1,1,0,1,70,,2,1,0,0,1,21.0,,,,2,1,1,1,2
202100017349,2021-09-21 17:40:00,2021,9,21,17,40,54,54571,Autoroute A 33,48.61848,6.25349,Plein jour,Hors agglomération,Hors intersection,Normale,Deux véhicules - arrière,1,3,4,0,1,1,1,0,1,110,,2,1,0,1,0,49.0,31.0,,,1,1,1,1,2
202100017350,2021-09-25 17:30:00,2021,9,25,17,30,33,33039,ROCADE A 630,44.797744,-0.537466,Plein jour,Hors agglomération,Hors intersection,Normale,Deux véhicules - arrière,1,3,6,0,1,1,1,0,1,90,,5,2,0,0,3,50.0,52.0,,,1,1,1,1,2
202100017351,2021-09-25 02:19:00,2021,9,25,2,19,33,33366,AUTOROUTE A 10,44.99544,-0.4268,Nuit sans éclairage public,Hors agglomération,Hors intersection,Normale,Autre collision,1,3,6,0,1,1,1,0,1,130,,4,3,1,0,0,23.0,21.0,,,3,1,1,1,6
202100017352,2021-09-23 15:20:00,2021,9,23,15,20,33,33249,Rocade Rive Droite N230 -E26-,44.867879,-0.506475,Plein jour,En agglomération,Intersection en T,Normale,Deux véhicules - côté,2,3,4,0,1,2,1,3,1,50,,2,1,0,0,1,35.0,36.0,,,1,2,3,1,3
202100017353,2021-09-24 10:20:00,2021,9,24,10,20,33,33249,Autoroute A10,44.8849,-0.51063,Plein jour,Hors agglomération,Hors intersection,Normale,Deux véhicules - arrière,1,3,6,0,1,3,1,0,1,90,,2,1,0,0,1,33.0,62.0,,,1,1,1,1,2
202100017354,2021-09-21 08:15:00,2021,9,21,8,15,33,33550,Autoroute des Deux Mers A62,44.773349,-0.555936,Plein jour,Hors agglomération,Hors intersection,Normale,Trois véhicules et plus - en chaîne,1,3,6,0,1,1,1,0,1,90,,4,1,0,0,3,35.0,22.0,,,1,1,1,1,4
202100017355,2021-09-13 10:45:00,2021,9,13,10,45,59,59271,AUTOROUTE A16,51.0048118601,2.3132973241,Plein jour,Hors agglomération,Hors intersection,Normale,Deux véhicules - arrière,1,-1,2,0,1,1,1,8,1,130,,2,1,0,1,0,24.0,40.0,,,1,1,1,1,2
202100017356,2021-09-22 17:34:00,2021,9,22,17,34,62,62907,AUTOROUTE A1,50.496175,3.000519,Plein jour,Hors agglomération,Hors intersection,Normale,Trois véhicules et plus - en chaîne,1,-1,6,0,1,1,1,0,1,130,,4,3,0,0,1,21.0,28.0,,,1,1,1,1,4
202100017357,2021-09-25 17:50:00,2021,9,25,17,50,91,91689,AUTOROUTE A6B,48.74137,2.31934,Plein jour,Hors agglomération,Hors intersection,Normale,Deux véhicules - côté,1,1,2,0,1,1,1,3,1,90,,2,0,0,0,2,32.0,39.0,,,1,1,1,1,3
202100017358,2021-09-25 10:25:00,2021,9,25,10,25,91,91179,RN 337,48.5573715648,2.4920940399,Plein jour,Hors agglomération,Autre intersection,Normale,Autre collision,1,1,3,0,1,1,1,0,1,110,,2,1,0,0,1,27.0,38.0,,,1,1,9,1,6
202100017359,2021-09-25 05:35:00,2021,9,25,5,35,91,91377,AUTOROUTE A10,48.72353,2.29778,Nuit sans éclairage public,Hors agglomération,Hors intersection,Normale,Deux véhicules - arrière,1,1,3,0,1,1,1,0,1,110,,2,1,0,0,1,21.0,33.0,,,3,1,1,1,2
202100017360,2021-09-24 19:15:00,2021,9,24,19,15,91,91161,AUTOROUTE A6,48.69564,2.31782,Plein jour,Hors agglomération,Hors intersection,Normale,Trois véhicules et plus - collisions multiples,1,3,6,0,2,1,1,0,1,110,,4,3,0,0,1,53.0,51.0,,,1,1,1,1,5
202100017361,2021-09-24 08:00:00,2021,9,24,8,0,91,91064,RN 118,48.76755,2.23006,Plein jour,Hors agglomération,Hors intersection,Normale,Deux véhicules - arrière,2,1,3,0,1,1,1,0,1,90,,3,2,0,0,1,29.0,27.0,,,1,1,1,1,2
202100017362,2021-09-23 17:30:00,2021,9,23,17,30,91,91136,AUTOROUTE A10,48.71335,2.27957,Plein jour,Hors agglomération,Hors intersection,Normale,Deux véhicules - côté,1,3,6,0,1,1,1,0,1,90,,2,1,0,0,1,42.0,42.0,,,1,1,1,1,3
202100017363,2021-09-23 15:20:00,2021,9,23,15,20,94,94021,AUTOROUTE A6B,48.7713,2.34502,Plein jour,Hors agglomération,Hors intersection,Normale,Deux véhicules - côté,1,1,2,0,1,1,1,0,1,90,,2,1,0,0,1,45.0,26.0,,,1,1,1,1,3
202100017364,2021-09-23 09:15:00,2021,9,23,9,15,91,91363,RN 104,48.64614,2.19227,Plein jour,Hors agglomération,Hors intersection,Normale,Deux véhicules - côté,2,1,2,0,1,1,1,0,1,110,,2,1,0,0,1,29.0,35.0,,,1,1,1,1,3
202100017365,2021-09-23 07:30:00,2021,9,23,7,30,91,91363,RN 104,48.634848,2.21359,Plein jour,Hors agglomération,Hors intersection,Normale,Deux véhicules - côté,2,-1,0,0,1,1,1,0,1,90,,2,1,0,0,1,55.0,27.0,,,1,1,1,1,3
202100017366,2021-09-22 19:30:00,2021,9,22,19,30,94,94043,AUTOROUTE A6B,48.8058902776,2.3455568669,Nuit avec éclairage allumé,Hors agglomération,Hors intersection,Normale,Deux véhicules - côté,1,3,2,0,1,1,1,1,1,70,,3,1,0,0,2,34.0,31.0,,,5,1,1,1,3
202100017367,2021-09-25 15:05:00,2021,9,25,15,5,92,92036,A86,48.9337071386,2.2742219004,Plein jour,Hors agglomération,Hors intersection,Normale,Sans collision,1,3,4,0,1,1,1,0,1,90,,1,0,0,0,1,41.0,,,,1,1,1,1,7
202100017368,2021-09-25 12:30:00,2021,9,25,12,30,92,92050,A86,48.907448408,2.2123349753,Plein jour,Hors agglomération,Hors intersection,Normale,Deux véhicules - arrière,1,1,2,0,1,1,1,1,1,70,,4,3,0,0,1,46.0,27.0,,,1,1,1,1,2
202100017369,2021-09-25 06:00:00,2021,9,25,6,0,92,92050,A86,48.9154302971,2.2202267987,Nuit sans éclairage public,Hors agglomération,Hors intersection,Normale,Deux véhicules - côté,1,1,3,0,1,1,1,0,1,110,,2,1,0,0,1,34.0,,,,3,1,1,1,3
202100017370,2021-09-25 00:00:00,2021,9,25,0,0,92,92050,A14,48.9000874695,2.2094467145,Nuit avec éclairage allumé,Hors agglomération,Hors intersection,Normale,Autre collision,1,1,4,0,1,1,1,1,1,70,,2,0,0,0,2,28.0,,,,5,1,1,1,6
202100017371,2021-09-24 19:15:00,2021,9,24,19,15,78,78073,A12 Y,48.802831,2.047838,Nuit sans éclairage public,Hors agglomération,Autre intersection,Normale,Deux véhicules - côté,1,1,3,0,2,1,1,0,1,70,,2,1,0,0,1,30.0,26.0,,,3,1,9,1,3
202100017372,2021-09-23 22:45:00,2021,9,23,22,45,78,78640,N118,48.78369,2.22286,Nuit sans éclairage public,Hors agglomération,Hors intersection,Normale,Autre collision,2,1,2,0,1,3,9,3,1,50,,1,0,1,0,0,30.0,,,,3,1,1,1,6
202100017373,2021-09-23 20:00:00,2021,9,23,20,0,92,92064,A13,48.8394936751,2.2046648274,Nuit avec éclairage allumé,Hors agglomération,Hors intersection,Normale,Deux véhicules - arrière,1,3,6,0,2,1,1,0,1,90,,2,1,0,0,1,54.0,21.0,,,5,1,1,1,2
202100017374,2021-09-23 19:00:00,2021,9,23,19,0,92,92064,A13,48.8428841779,2.2225132585,Plein jour,Hors agglomération,Hors intersection,Normale,Deux véhicules - côté,1,3,4,0,1,1,1,2,1,70,,2,1,0,0,1,58.0,52.0,,,1,1,1,1,3
202100017375,2021-09-23 09:00:00,2021,9,23,9,0,92,92047,A13,48.8366424174,2.1861386528,Plein jour,Hors agglomération,Hors intersection,Normale,Deux véhicules - arrière,1,3,6,0,1,1,1,0,1,110,,2,1,0,0,1,29.0,45.0,,,1,1,1,1,2
202100017376,2021-09-22 21:40:00,2021,9,22,21,40,92,92064,A13,48.8392352667,2.21316576,Nuit avec éclairage allumé,Hors agglomération,Hors intersection,Normale,Deux véhicules - côté,1,1,3,0,1,1,1,1,1,70,,5,2,0,0,3,,40.0,,,5,1,1,1,3
202100017377,2021-09-22 19:38:00,2021,9,22,19,38,92,92050,A86,48.90575,2.21001,Plein jour,Hors agglomération,Hors intersection,Normale,Trois véhicules et plus - en chaîne,1,3,4,0,1,1,1,0,1,90,,3,2,0,0,1,24.0,49.0,,,1,1,1,1,4
202100017378,2021-09-24 16:13:00,2021,9,24,16,13,93,93078,N2,48.95717,2.52643,Plein jour,Hors agglomération,Hors intersection,Normale,Deux véhicules - arrière,2,-1,2,0,1,1,1,0,1,70,,2,1,1,0,0,30.0,31.0,,,1,1,1,1,2
202100017379,2021-09-24 12:50:00,2021,9,24,12,50,93,93027,AUTOROUTE A86,48.9243688936,2.3881320871,Plein jour,Hors agglomération,Hors intersection,Normale,Trois véhicules et plus - en chaîne,1,-1,4,0,1,1,1,0,1,90,,3,2,0,0,1,82.0,51.0,,,1,1,1,1,4
202100017380,2021-09-24 07:45:00,2021,9,24,7,45,93,93005,AUTOROUTE A1,48.962895,2.47053,Plein jour,Hors agglomération,Hors intersection,Pluie légère,Deux véhicules - arrière,1,1,3,0,1,1,2,0,1,110,,2,1,0,0,1,35.0,58.0,,,1,1,1,2,2
202100017381,2021-09-23 01:15:00,2021,9,23,1,15,95,95394, A115,49.04776,2.18417,Nuit sans éclairage public,Hors agglomération,Hors intersection,Normale,Autre collision,1,1,2,0,1,1,1,0,1,90,,3,0,0,0,3,34.0,,,,3,1,1,1,6
202100017382,2021-09-23 18:10:00,2021,9,23,18,10,93,93064,AUTOROUTE A3,48.88386,2.46944,Plein jour,Hors agglomération,Hors intersection,Normale,Deux véhicules - arrière,1,3,4,0,2,2,1,0,1,90,,2,1,0,0,1,35.0,59.0,,,1,1,1,1,2
202100017383,2021-09-23 17:30:00,2021,9,23,17,30,92,92036,AUTOROUTE A86,48.9390465105,2.3061312878,Plein jour,Hors agglomération,Hors intersection,Normale,Deux véhicules - arrière,1,3,6,0,1,1,1,0,1,90,,2,1,0,0,1,29.0,39.0,,,1,1,1,1,2
202100017384,2021-09-23 08:30:00,2021,9,23,8,30,95,95392,RN 184,49.06702,2.2166,Plein jour,Hors agglomération,Hors intersection,Normale,Trois véhicules et plus - collisions multiples,2,3,4,0,1,1,1,0,1,90,,3,2,0,0,1,27.0,24.0,,,1,1,1,1,5
202100017385,2021-09-23 10:35:00,2021,9,23,10,35,93,93048,AUTOROUTE A3,48.87184,2.43301,Plein jour,Hors agglomération,Hors intersection,Normale,Trois véhicules et plus - en chaîne,1,-1,10,0,1,1,1,1,1,90,,2,1,0,0,1,70.0,42.0,,,1,1,1,1,4
202100017386,2021-09-23 09:25:00,2021,9,23,9,25,93,93005,AUTOROUTE A3,48.95435,2.47356,Plein jour,Hors agglomération,Hors intersection,Normale,Deux véhicules - côté,1,3,6,0,1,1,1,0,1,90,,2,1,0,0,1,21.0,37.0,,,1,1,1,1,3
202100017387,2021-09-22 16:00:00,2021,9,22,16,0,95,95563,A115,49.0101179049,2.231451324,Plein jour,Hors agglomération,Hors intersection,Normale,Deux véhicules - arrière,1,3,4,0,1,1,1,0,1,90,,2,1,0,0,1,53.0,51.0,,,1,1,1,1,2
202100017388,2021-09-23 07:50:00,2021,9,23,7,50,93,93066,AUTOROUTE A86,48.9229344984,2.3450405446,Plein jour,Hors agglomération,Hors intersection,Normale,Autre collision,1,3,4,0,1,1,1,0,1,90,,1,0,0,0,1,28.0,,,,1,1,1,1,6
202100017389,2021-09-22 18:50:00,2021,9,22,18,50,93,93066,AUTOROUTE A1,48.9295728705,2.3619260807,Plein jour,Hors agglomération,Hors intersection,Normale,Trois véhicules et plus - en chaîne,1,1,10,0,1,1,1,0,1,90,,3,2,0,1,0,43.0,19.0,,,1,1,1,1,4
202100017390,2021-09-22 11:00:00,2021,9,22,11,0,95,95572,RN 184,49.0494,2.13892,Plein jour,Hors agglomération,Hors intersection,Normale,Deux véhicules - arrière,2,3,4,0,1,1,1,0,1,90,,3,2,0,0,1,20.0,57.0,,,1,1,1,1,2
202100017391,2021-09-22 08:30:00,2021,9,22,8,30,92,92036,AUTOROUTE A15,48.9390027228,2.2956647869,Plein jour,Hors agglomération,Hors intersection,Normale,Deux véhicules - arrière,1,3,4,0,1,1,1,0,1,90,,2,1,0,0,1,43.0,50.0,,,1,1,1,1,2
202100017392,2021-09-10 18:30:00,2021,9,10,18,30,93,93005,AUTOROUTE A1,48.9625,2.46697,Plein jour,Hors agglomération,Hors intersection,Pluie légère,Deux véhicules - arrière,1,1,2,0,1,1,2,3,1,90,,2,1,0,0,1,40.0,22.0,,,1,1,1,2,2
202100017393,2021-09-24 23:10:00,2021,9,24,23,10,77,77517,A104,48.897619,2.659721,Nuit sans éclairage public,Hors agglomération,Hors intersection,Normale,Autre collision,1,-1,2,0,1,1,1,0,3,90,,2,1,0,0,1,21.0,,,,3,1,1,1,6
202100017394,2021-09-24 19:00:00,2021,9,24,19,0,93,93051,A4,48.83662,2.54894,Nuit sans éclairage public,Hors agglomération,Hors intersection,Normale,Deux véhicules - côté,1,3,3,0,1,1,1,0,1,110,,2,1,0,0,1,35.0,56.0,,,3,1,1,1,3
202100017395,2021-09-24 02:45:00,2021,9,24,2,45,94,94017,A86.EXT,48.8304152867,2.4904232978,Nuit avec éclairage allumé,Hors agglomération,Hors intersection,Normale,Autre collision,1,1,2,0,1,2,2,1,1,70,,2,0,0,0,2,39.0,,,,5,1,1,1,6
202100017396,2021-09-23 10:00:00,2021,9,23,10,0,77,77083,A4.W,48.8342,2.5899,Plein jour,Hors agglomération,Hors intersection,Normale,Deux véhicules - arrière,1,3,3,0,1,1,1,0,2,110,,2,1,0,0,1,18.0,46.0,,,1,1,1,1,2
202100017397,2021-09-22 20:30:00,2021,9,22,20,30,77,77018,A4,48.835444,2.807555,Nuit sans éclairage public,Hors agglomération,Hors intersection,Normale,Deux véhicules - arrière,1,1,5,0,1,1,1,0,1,130,,2,1,0,0,1,55.0,44.0,,,3,1,1,1,2
202100017398,2021-09-22 19:00:00,2021,9,22,19,0,93,93051,A4,48.836372,2.554609,Plein jour,Hors agglomération,Hors intersection,Normale,Deux véhicules - côté,1,1,3,0,1,1,1,0,1,110,,2,1,0,0,1,38.0,19.0,,,1,1,1,1,3
202100017399,2021-09-22 15:00:00,2021,9,22,15,0,77,77175,RN104,48.668529,2.612362,Plein jour,Hors agglomération,Hors intersection,Normale,Deux véhicules - côté,2,-1,3,0,2,1,1,0,1,110,,2,1,0,0,1,63.0,23.0,,,1,1,1,1,3
202100017400,2021-06-25 15:15:00,2021,6,25,15,15,74,74042,D1205,46.090395,6.376682,Plein jour,Hors agglomération,Hors intersection,Normale,Deux véhicules - frontale,3,2,2,0,1,3,1,0,1,80,,4,0,0,2,2,40.0,18.0,,,1,1,1,1,1
202100017401,2021-05-18 16:45:00,2021,5,18,16,45,74,74042,R des Iles,46.083706,6.401178,Plein jour,En agglomération,Hors intersection,Temps couvert,Autre collision,3,2,2,0,2,1,1,0,4,50,,1,0,0,1,0,20.0,,,,1,2,1,8,6
202100017402,2021-09-22 07:50:00,2021,9,22,7,50,976,97611,cavani-Manguiers (rue des),-12.78513,45.22832,Plein jour,En agglomération,Intersection en Y,Normale,Deux véhicules - côté,4,2,2,0,1,1,1,0,1,50,,3,2,0,0,1,24.0,25.0,,,1,2,4,1,3
202100017403,2021-09-22 10:45:00,2021,9,22,10,45,974,97416,BELIERS (ALLEE DES),-21.29672,55.46783,Plein jour,Hors agglomération,Hors intersection,Normale,Deux véhicules - arrière,4,2,1,0,2,2,1,0,1,50,,2,1,0,0,1,47.0,52.0,,,1,1,1,1,2
202100017404,2021-09-22 09:45:00,2021,9,22,9,45,974,97416,ANCIENNE RN 1,-21.3245,55.4455,Plein jour,Hors agglomération,Hors intersection,Normale,Trois véhicules et plus - en chaîne,4,2,2,0,1,3,1,9,8,90,,3,1,0,0,2,33.0,52.0,,,1,1,1,1,4
202100017405,2021-09-22 14:05:00,2021,9,22,14,5,974,97407,ROMERO(AVENUE),-20.94559,55.29825,Plein jour,En agglomération,Hors intersection,Normale,Deux véhicules - côté,4,2,-1,0,1,1,1,0,1,50,,2,1,0,0,1,56.0,10.0,,,1,2,1,1,3
202100017406,2021-09-22 22:30:00,2021,9,22,22,30,69,69387,JEAN BOUIN (R),45.7213166084,4.8317696336,Nuit avec éclairage allumé,En agglomération,Hors intersection,Normale,Sans collision,4,-1,2,0,1,1,1,0,1,50,,1,0,0,0,1,31.0,,,,5,2,1,1,7
202100017407,2021-09-22 19:54:00,2021,9,22,19,54,69,69383,GUILLOTIERE (DE LA)                 (PT),45.75628,4.84029,Nuit avec éclairage allumé,En agglomération,Intersection en X,Normale,Autre collision,4,2,4,3,1,1,1,0,1,50,,2,0,0,0,2,35.0,,,,5,2,2,1,6
202100017408,2021-09-22 10:15:00,2021,9,22,10,15,69,69388,THOMAS BLANCHET                     (R ),45.7369885716,4.8830980312,Plein jour,En agglomération,Hors intersection,Normale,Sans collision,4,2,2,0,1,1,1,0,1,50,,1,0,0,0,1,64.0,,,,1,2,1,1,7
202100017409,2021-09-22 07:50:00,2021,9,22,7,50,69,69388,PINEL (BD),45.7287841233,4.8865865171,Plein jour,En agglomération,Intersection en T,Normale,Trois véhicules et plus - en chaîne,4,2,4,3,1,1,1,0,1,50,,3,2,0,0,1,22.0,37.0,,,1,2,3,1,4
202100017410,2021-09-22 13:00:00,2021,9,22,13,0,971,97101,BESSON,16.23558,-61.50363,Plein jour,Hors agglomération,Hors intersection,Normale,Deux véhicules - frontale,3,2,2,0,1,2,1,0,1,50,,2,0,0,1,1,32.0,31.0,,,1,1,1,1,1
202100017411,2021-09-22 11:40:00,2021,9,22,11,40,2A,2A004,ALATA ROUTE,41.93452,8.73671,Plein jour,En agglomération,Intersection en X,Normale,Deux véhicules - côté,3,-1,2,0,1,1,1,0,1,50,,2,1,0,0,1,44.0,80.0,,,1,2,2,1,3
202100017412,2021-09-22 17:08:00,2021,9,22,17,8,95,95019,rue Henri Barbusse,48.98424,2.41759,Plein jour,En agglomération,Intersection en X,Temps éblouissant,Autre collision,4,2,2,0,1,1,1,0,1,30,,2,1,0,0,1,,,,,1,2,2,7,6
202100017413,2021-09-22 18:15:00,2021,9,22,18,15,91,91645,VALLEE DE LA BIEVRES (VOIE DE LA),48.735697,2.238067,Plein jour,En agglomération,Giratoire,Normale,Deux véhicules - arrière,3,1,1,0,1,2,1,0,1,50,,2,1,0,0,1,71.0,14.0,,,1,2,6,1,2
202100017414,2021-09-22 07:35:00,2021,9,22,7,35,91,91114,RPT DU DONJON,48.70081,2.50561,Plein jour,En agglomération,Giratoire,Normale,Autre collision,4,4,0,0,1,1,1,5,1,30,,2,1,0,0,1,,,,,1,2,6,1,6
202100017415,2021-09-22 16:30:00,2021,9,22,16,30,91,91286,PLESSIS (CHEMIN DU),48.651502,2.385304,Plein jour,En agglomération,Hors intersection,Temps éblouissant,Trois véhicules et plus - collisions multiples,4,4,4,0,1,1,1,0,1,50,,3,2,0,0,1,31.0,65.0,,,1,2,1,7,5
202100017416,2021-09-22 14:18:00,2021,9,22,14,18,91,91286,PASTEUR (RUE),48.654208,2.394158,Plein jour,En agglomération,Intersection en T,Normale,Deux véhicules - côté,4,2,2,0,1,1,1,0,1,50,,2,1,0,1,0,32.0,15.0,,,1,2,3,1,3
202100017417,2021-09-20 16:58:00,2021,9,20,16,58,87,87085,ROUSSILLON (AVENUE DU),45.82025,1.22408,Plein jour,En agglomération,Hors intersection,Normale,Autre collision,4,2,2,0,1,1,1,0,1,50,,2,1,0,0,1,,,,,1,2,1,1,6
202100017418,2021-09-22 13:15:00,2021,9,22,13,15,83,83069,VICTORIA (AVENUE),43.1139214188,6.1244112253,Plein jour,En agglomération,Hors intersection,Normale,Deux véhicules - côté,4,2,2,0,1,1,1,0,1,30,,3,2,0,0,1,70.0,44.0,,,1,2,1,1,3
202100017419,2021-09-20 13:15:00,2021,9,20,13,15,80,80131,RD 934,49.84144,2.43073,Plein jour,Hors agglomération,Hors intersection,Normale,Deux véhicules - arrière,3,3,4,0,2,1,1,0,1,110,,2,0,0,0,2,34.0,30.0,,,1,1,1,1,2
202100017420,2021-09-22 14:50:00,2021,9,22,14,50,79,79191,Rue Condorcet,46.33875,-0.40121,Plein jour,En agglomération,Intersection en T,Normale,Deux véhicules - côté,4,2,2,0,1,1,1,0,1,50,,2,0,0,0,2,59.0,71.0,,,1,2,3,1,3
202100017421,2021-09-22 09:30:00,2021,9,22,9,30,78,78133,MANTES (ROUTE DE),48.906896,2.048555,Plein jour,En agglomération,Autre intersection,Normale,Deux véhicules - côté,3,1,2,0,1,1,1,0,1,50,,2,1,0,0,1,31.0,23.0,,,1,2,9,1,3
202100017422,2021-09-22 17:10:00,2021,9,22,17,10,77,77372,VILLEVAUDE (RUE DE  ),48.88149,2.66175,Plein jour,En agglomération,Autre intersection,Normale,Deux véhicules - arrière,4,1,1,0,1,1,1,0,1,50,,2,1,0,0,1,25.0,39.0,,,1,2,9,1,2
202100017423,2021-09-22 13:00:00,2021,9,22,13,0,76,76429,REPUBLIQUE. RUE DE LA,49.4107265551,1.1428678036,Plein jour,En agglomération,Intersection en X,Normale,Deux véhicules - arrière,7,2,2,0,1,1,1,0,1,50,,2,1,0,0,1,17.0,21.0,,,1,2,2,1,2
202100017424,2021-09-21 20:20:00,2021,9,21,20,20,76,76575,GROUPE SCOLAIRE HENRI WALLON,49.395019,1.0692,Nuit avec éclairage allumé,En agglomération,Intersection en T,Normale,Autre collision,4,2,2,0,1,1,1,0,1,30,,2,1,1,0,0,16.0,,,,5,2,3,1,6
202100017425,2021-09-22 01:55:00,2021,9,22,1,55,76,76351,ABBE DE L'EPEE,49.50223,0.13952,Nuit avec éclairage allumé,En agglomération,Hors intersection,Normale,Autre collision,4,2,2,0,1,1,1,0,1,50,,2,1,0,0,1,,,,,5,2,1,1,6
202100017426,2021-09-21 19:15:00,2021,9,21,19,15,76,76351,ALBERT SAMAIN,49.5175,0.08958,Plein jour,En agglomération,Intersection en T,Normale,Deux véhicules - côté,4,2,2,0,1,1,1,0,1,50,,2,1,0,1,0,24.0,41.0,,,1,2,3,1,3
202100017427,2021-09-22 12:30:00,2021,9,22,12,30,76,76026,RD 54,49.880836,1.121137,Plein jour,En agglomération,Hors intersection,Normale,Deux véhicules - frontale,3,2,2,0,1,1,1,0,1,50,,4,2,0,0,2,21.0,53.0,,,1,2,1,1,1