accident_id,datetime,annee,mois,jour,heure,minute,departement,commune_insee,adresse,latitude,longitude,luminosite,agglomeration,intersection,meteo,collision,catr,circ,nbv,vosp,prof,plan,surf,infra,situ,vma,nb_vehicules,nb_usagers,nb_indemnes,nb_tues,nb_blesses_hosp,nb_blesses_legers,age_cond_1,age_cond_2,veh_type_cond_1,veh_type_cond_2,lum_code,agg_code,int_code,atm_code,col_code
202100017428,2021-09-22 14:45:00,2021,9,22,14,45,74,74218,RIVE (AVENUE DE LA) RD 1005,46.39489,6.54995,Plein jour,Hors agglomération,Hors intersection,Normale,Deux véhicules - côté,3,2,2,0,1,1,1,0,1,80,,5,1,0,1,3,85.0,26.0,,,1,1,1,1,3
202100017429,2021-09-22 20:25:00,2021,9,22,20,25,72,72181,PREMARTINE (RUE) N° IMP 1 A 41,48.0079915568,0.2097415922,Nuit avec éclairage allumé,En agglomération,Intersection en X,Normale,Deux véhicules - frontale,4,2,2,0,2,1,1,0,1,50,,2,1,0,1,0,29.0,16.0,,,5,2,2,1,1
202100017430,2021-09-22 17:05:00,2021,9,22,17,5,72,72181,ITALIENS (BD DES),47.996,0.20757,Plein jour,En agglomération,Hors intersection,Normale,Deux véhicules - frontale,3,2,2,0,1,2,1,0,1,70,,2,1,0,1,0,41.0,21.0,,,1,2,1,1,1
202100017431,2021-09-20 14:40:00,2021,9,20,14,40,71,71076,Rue Georges Derrien,46.78765,4.86749,Plein jour,En agglomération,Hors intersection,Normale,Deux véhicules - côté,4,2,2,0,1,1,1,0,1,50,,3,2,0,0,1,65.0,51.0,,,1,2,1,1,3
202100017432,2021-09-22 23:15:00,2021,9,22,23,15,69,69266,PIERRE VOYANT (R),45.767,4.90059,Nuit avec éclairage allumé,En agglomération,Intersection en X,Normale,Deux véhicules - frontale,4,2,2,2,1,1,1,0,8,50,,2,1,0,0,1,27.0,23.0,,,5,2,2,1,1
202100017433,2021-09-22 05:26:00,2021,9,22,5,26,69,69256,GARIBALDI                           (AV),45.76641,4.92987,Nuit avec éclairage allumé,En agglomération,Intersection en T,Normale,Deux véhicules - frontale,7,2,4,0,1,1,1,0,1,50,,2,0,0,0,2,23.0,54.0,,,5,2,3,1,1
202100017434,2021-09-21 18:20:00,2021,9,21,18,20,69,69290,EDOUARD HERRIOT (BD),45.6946,4.94029,Plein jour,En agglomération,Hors intersection,Normale,Deux véhicules - arrière,4,2,2,3,1,1,1,0,1,50,,4,2,0,0,2,17.0,20.0,,,1,2,1,1,2
202100017435,2021-09-21 18:15:00,2021,9,21,18,15,69,69264,LOYSON DE CHASTELUS (R),45.98787,4.72627,Plein jour,En agglomération,Hors intersection,Normale,Autre collision,4,2,2,2,1,1,1,0,8,50,,2,1,0,1,0,,,,,1,2,1,1,6
202100017436,2021-09-21 13:38:00,2021,9,21,13,38,68,68066,ALSACE (RUE D'),48.06245,7.36269,Plein jour,En agglomération,Giratoire,Temps éblouissant,Deux véhicules - frontale,3,3,1,0,1,1,1,0,5,50,,2,1,0,0,1,64.0,11.0,,,1,2,6,7,1
202100017437,2021-09-21 15:57:00,2021,9,21,15,57,66,66136,BALEARES ROND POINT ET CITE DES,42.68846,2.89503,Plein jour,En agglomération,Giratoire,Normale,Deux véhicules - arrière,4,1,2,0,1,3,1,0,1,30,,2,1,0,0,1,27.0,48.0,,,1,2,6,1,2
202100017438,2021-09-21 13:10:00,2021,9,21,13,10,65,65286,BEGUERE (AVENUE ANTOINE),43.10007,-0.05307,Plein jour,En agglomération,Intersection en Y,Pluie forte,Deux véhicules - côté,3,2,2,0,1,1,2,0,1,30,,2,1,0,0,1,43.0,29.0,,,1,2,4,3,3
202100017439,2021-09-22 17:55:00,2021,9,22,17,55,64,64284,BERNADOTTE,43.2854,-0.38072,Plein jour,En agglomération,Hors intersection,Normale,Deux véhicules - côté,4,1,1,0,1,1,1,0,1,30,,2,1,0,0,1,22.0,75.0,,,1,2,1,1,3
202100017440,2021-09-21 16:03:00,2021,9,21,16,3,63,63113,PRE LA REINE (RUE DU),45.78528,3.11645,Plein jour,En agglomération,Hors intersection,Normale,Sans collision,4,2,2,0,1,1,9,0,1,50,,1,0,0,0,1,64.0,,,,1,2,1,1,7
202100017441,2021-09-22 21:05:00,2021,9,22,21,5,62,62083,RD 301 (ROCADE MINIERE),50.44609,2.599917,Nuit sans éclairage public,Hors agglomération,Hors intersection,Normale,Sans collision,3,3,4,0,1,1,1,0,1,110,,1,0,0,0,1,25.0,,,,3,1,1,1,7
202100017442,2021-09-22 21:30:00,2021,9,22,21,30,62,62516,C.D 916,50.57864,2.50109,Nuit sans éclairage public,Hors agglomération,Giratoire,Normale,Deux véhicules - arrière,3,2,2,0,1,1,1,5,1,50,,2,1,0,1,0,27.0,65.0,,,3,1,6,1,2
202100017443,2021-09-22 20:53:00,2021,9,22,20,53,59,59367,FRESNOY (RUE DU),50.67528,3.22908,Nuit avec éclairage allumé,En agglomération,Intersection en T,Normale,Deux véhicules - côté,7,2,2,0,1,1,1,0,1,50,,2,1,0,1,0,60.0,19.0,,,5,2,3,1,3
202100017444,2021-09-18 16:00:00,2021,9,18,16,0,59,59043,LOCRE (ROUTE DE),50.7576697243,2.7514645599,Plein jour,En agglomération,Intersection en T,Normale,Deux véhicules - côté,3,-1,2,0,2,1,1,0,1,50,,2,0,0,0,2,22.0,22.0,,,1,2,3,1,3
202100017445,2021-09-04 22:40:00,2021,9,4,22,40,58,58194,RENE MARLIN (CARREFOUR),46.9999,3.1558,Nuit avec éclairage allumé,En agglomération,Giratoire,Normale,Deux véhicules - côté,3,1,1,0,1,2,1,0,1,50,,2,1,0,0,1,49.0,28.0,,,5,2,6,1,3
202100017446,2021-04-26 19:00:00,2021,4,26,19,0,58,58194,HENRI BOUQUILLARD,46.9957,3.1307,Plein jour,En agglomération,Intersection en T,Normale,Deux véhicules - côté,4,2,2,3,1,1,1,0,1,50,,2,1,0,1,0,71.0,18.0,,,1,2,3,1,3
202100017447,2021-09-21 07:50:00,2021,9,21,7,50,57,57221,LORRAINE (AVENUE DE),49.32565,6.12263,Plein jour,En agglomération,Intersection en T,Normale,Deux véhicules - côté,3,2,3,0,1,1,1,5,1,50,,2,1,0,1,0,44.0,50.0,,,1,2,3,1,3
202100017448,2021-09-21 20:40:00,2021,9,21,20,40,54,54273,LAFAYETTE (AVENUE),49.16595,5.88202,Nuit avec éclairage allumé,En agglomération,Giratoire,Normale,Autre collision,3,3,2,0,1,1,1,0,8,50,,2,0,0,0,2,14.0,,,,5,2,6,1,6
202100017449,2021-09-21 17:45:00,2021,9,21,17,45,51,51454,Boulevard Louis Roederer,49.2573418234,4.0237182876,Plein jour,En agglomération,Hors intersection,Normale,Deux véhicules - arrière,4,1,2,0,2,1,1,1,1,50,,2,1,0,0,1,18.0,42.0,,,1,2,1,1,2
202100017450,2021-09-22 11:10:00,2021,9,22,11,10,47,47201,BERGE (VOIE SUR),44.20178,0.6067,Plein jour,En agglomération,Hors intersection,Normale,Autre collision,4,2,2,0,1,1,1,2,1,50,,3,0,0,0,3,57.0,,,,1,2,1,1,6
202100017451,2021-09-22 08:00:00,2021,9,22,8,0,44,44109,BOULEVARD DE VENDEE,47.1821,-1.51853,Plein jour,En agglomération,Hors intersection,Normale,Deux véhicules - frontale,4,3,2,0,1,1,1,0,1,50,,2,1,0,1,0,28.0,49.0,,,1,2,1,1,1
202100017452,2021-09-22 21:20:00,2021,9,22,21,20,42,42187,Rue Mulsant,46.0394180652,4.0547480732,Nuit avec éclairage allumé,En agglomération,Hors intersection,Normale,Autre collision,4,2,2,0,1,1,1,0,1,50,,2,1,0,0,1,27.0,,,,5,2,1,1,6
202100017453,2021-09-22 11:32:00,2021,9,22,11,32,37,37214,DE GAULLE (BD CHARLES),47.4252759234,0.6555906568,Plein jour,En agglomération,Hors intersection,Normale,Autre collision,7,1,2,0,1,2,1,5,8,50,,2,1,0,0,1,74.0,69.0,,,1,2,1,1,6
202100017454,2021-09-22 08:25:00,2021,9,22,8,25,37,37261,JOLIVET (RUE),47.3852125581,0.7069741309,Plein jour,En agglomération,Intersection en X,Normale,Autre collision,4,2,1,2,1,1,1,0,1,50,,2,1,0,1,0,73.0,26.0,,,1,2,2,1,6
202100017455,2021-09-21 17:20:00,2021,9,21,17,20,37,37214,LOIRE (QUAI DE LA),47.3984853687,0.6712804735,Plein jour,En agglomération,Hors intersection,Normale,Deux véhicules - côté,4,2,2,0,1,1,1,0,1,50,,3,1,0,0,2,46.0,25.0,,,1,2,1,1,3
202100017456,2021-09-22 18:50:00,2021,9,22,18,50,35,35238,GUINES (BD DE),48.1012,-1.69003,Plein jour,En agglomération,Intersection en X,Normale,Deux véhicules - côté,4,2,2,0,1,1,1,5,1,50,,3,2,0,0,1,20.0,24.0,,,1,2,2,1,3
202100017457,2021-09-22 22:10:00,2021,9,22,22,10,34,34129,RAYMOND DUGRAND (AVENUE),43.59098,3.90857,Nuit avec éclairage allumé,En agglomération,Intersection en X,Normale,Deux véhicules - côté,7,1,2,0,1,1,1,6,1,70,,2,1,0,1,0,18.0,33.0,,,5,2,2,1,3
202100017458,2021-09-22 18:20:00,2021,9,22,18,20,34,34172,Rue du Jeu de Mail des Abbes,43.62208,3.8829,Plein jour,En agglomération,Hors intersection,Temps éblouissant,Autre collision,4,2,2,0,1,1,1,6,1,50,,2,1,0,0,1,21.0,,,,1,2,1,7,6
202100017459,2021-09-21 19:14:00,2021,9,21,19,14,34,34172,AEROPORT INTERNATIONAL (BOULEVARD DE L'),43.6088,3.89424,Plein jour,En agglomération,Intersection en X,Normale,Deux véhicules - côté,4,1,3,3,1,1,1,0,6,30,,4,0,0,0,4,46.0,22.0,,,1,2,2,1,3
202100017460,2021-09-21 12:20:00,2021,9,21,12,20,34,34032,FEYNES FRANCOIS (RUE),43.33663,3.22556,Plein jour,En agglomération,Hors intersection,Normale,Autre collision,4,1,1,0,4,1,1,0,1,30,,2,1,0,1,0,54.0,,,,1,2,1,1,6
202100017461,2021-09-22 22:10:00,2021,9,22,22,10,33,33090,Rue Gaspard Monge,44.777245,-0.658385,Nuit avec éclairage allumé,En agglomération,Giratoire,Normale,Autre collision,4,2,2,0,1,1,1,0,8,50,,4,1,0,2,1,46.0,,,,5,2,6,1,6
202100017462,2021-09-22 22:40:00,2021,9,22,22,40,33,33039,QUAI DU PRESIDENT WILSON,44.81234,-0.53424,Nuit sans éclairage public,En agglomération,Hors intersection,Normale,Trois véhicules et plus - en chaîne,4,1,2,1,1,1,1,0,1,50,,5,3,0,0,2,44.0,23.0,,,3,2,1,1,4
202100017463,2021-09-22 17:10:00,2021,9,22,17,10,33,33063,Cours Victor Hugo,44.83592,-0.57204,Plein jour,En agglomération,Hors intersection,Normale,Deux véhicules - côté,4,3,4,0,1,1,1,0,1,50,,3,2,0,0,1,51.0,21.0,,,1,2,1,1,3
202100017464,2021-09-22 15:10:00,2021,9,22,15,10,33,33529,PISTE 214,44.5778,-1.1423,Plein jour,Hors agglomération,Giratoire,Temps éblouissant,Deux véhicules - côté,3,2,2,0,1,2,1,5,1,50,,2,1,0,0,1,36.0,70.0,,,1,1,6,7,3
202100017465,2021-09-22 19:00:00,2021,9,22,19,0,30,30007,UZES (ROUTE D'),44.10962,4.11243,Crépuscule ou aube,En agglomération,Intersection en T,Normale,Deux véhicules - côté,3,2,2,0,1,1,1,0,1,50,,2,1,0,0,1,29.0,29.0,,,2,2,3,1,3
202100017466,2021-09-22 18:42:00,2021,9,22,18,42,29,29019,Rue de Valmy,48.402032,-4.466883,Plein jour,En agglomération,Hors intersection,Normale,Autre collision,4,2,2,0,1,1,1,9,1,30,,2,1,0,0,1,19.0,25.0,,,1,2,1,1,6
202100017467,2021-09-22 19:45:00,2021,9,22,19,45,28,28134,LIEVRE D'OR (RUE DU),48.73498,1.38731,Crépuscule ou aube,En agglomération,Intersection en X,Normale,Deux véhicules - côté,2,2,2,0,1,1,1,0,1,50,,6,3,0,0,3,39.0,,,,2,2,2,1,3
202100017468,2021-09-22 12:10:00,2021,9,22,12,10,28,28134,SENARMONT (RUE DE),48.73667,1.36892,Plein jour,En agglomération,Hors intersection,Normale,Deux véhicules - côté,4,1,1,0,1,1,1,0,1,30,,2,1,0,0,1,78.0,,,,1,2,1,1,3
202100017469,2021-09-22 18:30:00,2021,9,22,18,30,27,27351,DELAMARE (RUE ABBE),49.23634,1.18662,Plein jour,Hors agglomération,Hors intersection,Normale,Trois véhicules et plus - collisions multiples,4,2,2,0,1,3,1,2,1,70,,5,1,0,0,4,45.0,34.0,,,1,1,1,1,5
202100017470,2021-09-19 09:05:00,2021,9,19,9,5,24,24322,SEMARD (RUE PIERRE),45.1932,0.70604,Plein jour,En agglomération,Hors intersection,Normale,Autre collision,3,2,2,0,1,1,1,0,1,50,,2,1,0,1,0,75.0,,,,1,2,1,1,6
202100017471,2021-09-22 08:55:00,2021,9,22,8,55,22,22113,KERMARIA SULARD (ROUTE DE),48.75149,-3.41641,Plein jour,Hors agglomération,Hors intersection,Normale,Deux véhicules - côté,3,2,2,0,1,3,1,0,1,80,,2,1,0,1,0,41.0,45.0,,,1,1,1,1,3
202100017472,2021-09-22 18:30:00,2021,9,22,18,30,16,16291,,45.68208,0.219946,Crépuscule ou aube,En agglomération,Hors intersection,Normale,Deux véhicules - arrière,3,2,2,0,1,1,1,0,1,50,,2,1,0,1,0,52.0,37.0,,,2,2,1,1,2
202100017473,2021-09-21 19:00:00,2021,9,21,19,0,14,14118,ECHANGEUR N° 6 ( VALLEE DES JARDINS ),49.19569,-0.39036,Plein jour,Hors agglomération,Hors intersection,Normale,Trois véhicules et plus - en chaîne,2,1,2,0,1,1,1,0,1,90,,4,1,0,0,3,26.0,51.0,,,1,1,1,1,4
202100017474,2021-09-17 19:00:00,2021,9,17,19,0,13,13117,CONSTANT ( AVENUE JEAN ETIENNE ),43.43958,5.2561,Crépuscule ou aube,En agglomération,Hors intersection,Normale,Deux véhicules - côté,4,2,2,0,2,1,1,0,1,50,,2,1,0,1,0,41.0,51.0,,,2,2,1,1,3
202100017475,2021-09-22 22:20:00,2021,9,22,22,20,13,13210,FLORIAN ( ROND POINT),43.2834714367,5.4270140539,Nuit avec éclairage allumé,En agglomération,Hors intersection,Normale,Deux véhicules - côté,4,1,4,0,1,2,1,0,1,50,,2,1,0,0,1,64.0,,,,5,2,1,1,3
202100017476,2021-09-22 18:40:00,2021,9,22,18,40,13,13075,PAUL SIRVENT (AVE),43.3449307048,5.4607825484,Crépuscule ou aube,En agglomération,Hors intersection,Normale,Deux véhicules - frontale,4,2,2,0,2,1,1,0,1,30,,2,1,0,0,1,81.0,,,,2,2,1,1,1
202100017477,2021-09-22 08:30:00,2021,9,22,8,30,13,13211,SAINT MARCEL (BOULEVARD DE ),43.2875407109,5.4651018444,Plein jour,En agglomération,Autre intersection,Normale,Deux véhicules - frontale,9,2,2,0,1,1,1,0,1,50,,2,1,0,0,1,54.0,,,,1,2,9,1,1
202100017478,2021-09-22 00:35:00,2021,9,22,0,35,13,13210,SAINT JEAN (BOULEVARD),43.2796,5.40796,Nuit avec éclairage non allumé,En agglomération,Intersection en X,Normale,Deux véhicules - côté,4,2,2,0,1,1,1,0,1,50,,6,4,0,2,0,18.0,45.0,,,4,2,2,1,3
202100017479,2021-09-21 15:30:00,2021,9,21,15,30,13,13207,TELLENE (BOULEVARD),43.285878373,5.3671234578,Plein jour,En agglomération,Hors intersection,Normale,Deux véhicules - frontale,4,3,2,0,2,2,1,0,1,50,,1,0,0,0,1,60.0,,,,1,2,1,1,1
202100017480,2021-09-21 10:18:00,2021,9,21,10,18,13,13201,JOSEPH THIERRY (COURS),43.30069,5.38639,Plein jour,En agglomération,Intersection en T,Normale,Deux véhicules - côté,4,1,2,1,1,1,1,0,1,50,,2,1,0,0,1,,37.0,,,1,2,3,1,3
202100017481,2021-09-22 21:15:00,2021,9,22,21,15,13,13001,MOLLE (RUE DE LA),43.53082,5.44216,Nuit avec éclairage allumé,En agglomération,Intersection en T,Normale,Deux véhicules - frontale,4,1,3,3,2,1,1,0,6,50,,2,1,1,0,0,,,,,5,2,3,1,1
202100017482,2021-09-21 13:50:00,2021,9,21,13,50,11,11069,DUJARDIN-BEAUMETZ,43.2098,2.3605,Plein jour,En agglomération,Intersection en X,Normale,Deux véhicules - côté,3,2,2,0,1,1,1,0,1,50,,2,1,0,0,1,40.0,55.0,,,1,2,2,1,3
202100017483,2021-09-21 18:50:00,2021,9,21,18,50,02,02691,LAFAYETTE (PLACE),49.8511421579,3.2869527913,Plein jour,En agglomération,Giratoire,Normale,Autre collision,4,1,0,0,1,1,1,0,1,50,,3,2,0,1,0,37.0,,,,1,2,6,1,6
202100017484,2021-09-22 18:00:00,2021,9,22,18,0,75,75116,BD PERIPHERIQUE EXTERIEUR,48.860277,2.263373,Plein jour,En agglomération,Hors intersection,Normale,Deux véhicules - côté,4,1,4,0,1,1,1,0,1,70,,2,1,0,0,1,35.0,45.0,,,1,2,1,1,3
202100017485,2021-09-22 08:50:00,2021,9,22,8,50,75,75113,BD PERIPHERIQUE INTERIEUR,48.825791,2.386589,Plein jour,En agglomération,Hors intersection,Normale,Deux véhicules - côté,4,1,4,0,1,2,1,0,1,70,,2,1,0,0,1,30.0,22.0,,,1,2,1,1,3
202100017486,2021-09-21 15:50:00,2021,9,21,15,50,75,75116,BD PERIPHERIQUE EXTERIEUR,48.869887,2.27151,Plein jour,En agglomération,Hors intersection,Normale,Deux véhicules - arrière,4,1,4,0,1,1,1,0,1,70,,2,1,0,0,1,34.0,27.0,,,1,2,1,1,2
202100017487,2021-09-21 12:27:00,2021,9,21,12,27,75,75116,AVENUE KLEBER,48.870416,2.292665,Plein jour,En agglomération,Hors intersection,Normale,Deux véhicules - côté,4,2,4,3,1,1,1,0,6,50,,2,1,0,1,0,20.0,20.0,,,1,2,1,1,3
202100017488,2021-09-21 05:00:00,2021,9,21,5,0,75,75120,RUE DES FRERES FLAVIEN,48.8784090349,2.4107078081,Nuit avec éclairage allumé,En agglomération,Intersection en X,Normale,Autre collision,4,2,4,0,1,1,1,0,1,50,,2,1,0,1,0,28.0,,,,5,2,2,1,6
202100017489,2021-09-22 21:09:00,2021,9,22,21,9,75,75118,BOULEVARD BARBES,48.888351,2.34958,Nuit avec éclairage allumé,En agglomération,Intersection en X,Normale,Deux véhicules - côté,4,2,4,0,2,1,1,5,1,30,,2,1,0,0,1,31.0,58.0,,,5,2,2,1,3
202100017490,2021-09-22 19:45:00,2021,9,22,19,45,75,75117,AVENUE BRUNETIERE,48.890772,2.301927,Crépuscule ou aube,En agglomération,Intersection en Y,Normale,Autre collision,4,1,1,0,1,1,1,0,1,30,,2,1,0,0,1,24.0,,,,2,2,4,1,6
202100017491,2021-09-21 12:05:00,2021,9,21,12,5,75,75117,AVENUE MAC MAHON,48.8748441694,2.2948659666,Plein jour,En agglomération,Place,Normale,Deux véhicules - arrière,4,2,2,0,2,1,1,0,1,30,,2,1,0,0,1,29.0,53.0,,,1,2,7,1,2
202100017492,2021-09-22 12:45:00,2021,9,22,12,45,75,75116,RUE LE MAROIS,48.839138,2.261966,Plein jour,En agglomération,Hors intersection,Normale,Deux véhicules - côté,4,1,1,0,1,1,1,0,1,30,,3,2,0,0,1,23.0,37.0,,,1,2,1,1,3
202100017493,2021-09-22 00:55:00,2021,9,22,0,55,75,75116,AVENUE DE VERSAILLES,48.8381831218,2.2582026453,Nuit avec éclairage allumé,En agglomération,Intersection en Y,Normale,Deux véhicules - arrière,4,1,4,0,1,1,1,0,1,30,,2,1,0,0,1,47.0,32.0,,,5,2,4,1,2
202100017494,2021-09-22 11:20:00,2021,9,22,11,20,75,75114,BOULEVARD RASPAIL,48.837792,2.331163,Plein jour,En agglomération,Intersection en T,Normale,Deux véhicules - côté,4,2,4,3,1,1,1,0,6,30,,2,1,0,0,1,59.0,22.0,,,1,2,3,1,3
202100017495,2021-09-22 20:04:00,2021,9,22,20,4,75,75113,BOULEVARD DE L HOPITAL,48.835874,2.358769,Nuit avec éclairage allumé,En agglomération,Intersection en Y,Normale,Deux véhicules - côté,4,2,5,1,2,1,1,0,5,30,,2,1,0,0,1,52.0,44.0,,,5,2,4,1,3
202100017496,2021-09-22 20:30:00,2021,9,22,20,30,75,75113,RUE TAGORE,48.820499,2.359577,Crépuscule ou aube,En agglomération,Hors intersection,Normale,Autre collision,4,2,2,0,1,1,1,0,1,30,,3,1,0,0,2,,,,,2,2,1,1,6
202100017497,2021-09-22 13:41:00,2021,9,22,13,41,75,75113,BOULEVARD AUGUSTE BLANQUI,48.829933,2.348481,Plein jour,En agglomération,Intersection en T,Normale,Autre collision,4,3,3,1,2,1,1,0,5,30,,3,2,0,0,1,46.0,,,,1,2,3,1,6
202100017498,2021-09-22 12:30:00,2021,9,22,12,30,75,75113,BOULEVARD MASSENA,48.821701,2.369379,Plein jour,En agglomération,Intersection à plus de 4 branches,Normale,Deux véhicules - côté,4,3,2,0,1,1,1,0,1,30,,3,2,0,0,1,46.0,55.0,,,1,2,5,1,3
202100017499,2021-09-22 08:30:00,2021,9,22,8,30,75,75113,BOULEVARD MASSENA,48.820773,2.366741,Plein jour,En agglomération,Hors intersection,Normale,Autre collision,4,2,4,0,1,1,1,0,1,30,,3,2,0,0,1,41.0,,,,1,2,1,1,6
202100017500,2021-09-22 19:15:00,2021,9,22,19,15,75,75112,AVENUE DAUMESNIL,48.838907669,2.3974414253,Crépuscule ou aube,En agglomération,Intersection en Y,Normale,Autre collision,4,2,6,0,2,1,1,0,1,30,,4,3,0,0,1,42.0,28.0,,,2,2,4,1,6
202100017501,2021-09-22 11:15:00,2021,9,22,11,15,75,75112,BOULEVARD DIDEROT,48.846774,2.381749,Plein jour,En agglomération,Intersection en X,Temps éblouissant,Deux véhicules - côté,4,2,3,0,1,1,1,0,1,30,,2,1,0,0,1,21.0,45.0,,,1,2,2,7,3
202100017502,2021-09-22 08:00:00,2021,9,22,8,0,75,75112,ROUTE DE LA TOURELLE,48.8434049334,2.422965467,Plein jour,En agglomération,Hors intersection,Normale,Deux véhicules - arrière,4,2,2,0,2,1,1,0,1,50,,2,1,0,0,1,46.0,53.0,,,1,2,1,1,2
202100017503,2021-09-22 01:05:00,2021,9,22,1,5,75,75120,RUE DES ORTEAUX,48.857039939,2.398146987,Nuit avec éclairage allumé,En agglomération,Intersection en T,Normale,Deux véhicules - frontale,4,2,2,1,1,1,1,0,5,30,,2,1,0,0,1,50.0,43.0,,,5,2,3,1,1
202100017504,2021-09-22 10:45:00,2021,9,22,10,45,75,75108,BOULEVARD MALESHERBES,48.875658,2.318909,Plein jour,En agglomération,Intersection en T,Normale,Deux véhicules - côté,4,2,6,0,1,1,1,0,1,50,,2,1,0,0,1,29.0,42.0,,,1,2,3,1,3
202100017505,2021-09-22 10:00:00,2021,9,22,10,0,75,75108,AVENUE GABRIEL,48.869043,2.314753,Plein jour,En agglomération,Intersection en T,Normale,Deux véhicules - côté,4,3,1,0,1,1,1,0,1,30,,2,1,0,0,1,26.0,51.0,,,1,2,3,1,3
202100017506,2021-09-22 10:20:00,2021,9,22,10,20,94,94081,JULES GUESDE (QU),48.78335,2.41782,Plein jour,En agglomération,Intersection en T,Normale,Deux véhicules - côté,3,2,3,0,1,1,1,0,1,50,,2,1,0,1,0,42.0,26.0,,,1,2,3,1,3
202100017507,2021-09-20 18:50:00,2021,9,20,18,50,94,94068,Boulevard du Général Ferrié,48.80698,2.46539,Plein jour,En agglomération,Hors intersection,Normale,Deux véhicules - frontale,4,-1,1,0,1,1,1,0,1,30,,2,1,0,0,1,52.0,39.0,,,1,2,1,1,1
202100017508,2021-09-22 21:15:00,2021,9,22,21,15,94,94077,LE FOLL (AV),48.72829,2.43445,Nuit avec éclairage allumé,En agglomération,Hors intersection,Normale,Deux véhicules - arrière,3,2,0,0,1,3,1,0,1,50,,2,1,0,0,1,21.0,22.0,,,5,2,1,1,2
202100017509,2021-09-22 11:05:00,2021,9,22,11,5,94,94077,COLONEL PIERRE BROSSOLETTE (R DU),48.73058,2.42601,Plein jour,En agglomération,Intersection en T,Normale,Deux véhicules - frontale,3,2,0,0,1,1,1,0,1,50,,2,1,0,0,1,,,,,1,2,3,1,1
202100017510,2021-09-21 23:44:00,2021,9,21,23,44,93,93073,Rue de la Marne / Avenue Pierre Colongo,48.93854,2.5809,Nuit avec éclairage allumé,En agglomération,Intersection en X,Normale,Deux véhicules - côté,4,2,2,0,1,1,1,0,1,50,,2,1,0,0,1,28.0,60.0,,,5,2,2,1,3
202100017511,2021-09-22 15:25:00,2021,9,22,15,25,93,93066,Rue Paul Eluard,48.93995,2.34498,Plein jour,En agglomération,Hors intersection,Temps éblouissant,Deux véhicules - côté,3,3,3,0,1,2,1,0,1,50,,2,1,0,0,1,29.0,26.0,,,1,2,1,7,3
202100017512,2021-09-21 22:50:00,2021,9,21,22,50,93,93062,RESISTANCE (AVENUE DE LA),48.89862,2.51687,Nuit avec éclairage allumé,En agglomération,Intersection en T,Normale,Deux véhicules - côté,3,2,2,0,1,1,1,0,1,50,,2,1,0,0,1,23.0,23.0,,,5,2,3,1,3
202100017513,2021-09-21 23:45:00,2021,9,21,23,45,93,93077,Avenue de Rosny / Rue de la Fosse aux Bergers,48.882296,2.497406,Nuit avec éclairage allumé,En agglomération,Intersection en T,Normale,Deux véhicules - côté,3,2,2,0,1,1,1,0,1,50,,2,0,0,0,2,18.0,31.0,,,5,2,3,1,3
202100017514,2021-09-20 18:20:00,2021,9,20,18,20,93,93053,GALLIENI (AVENUE),48.89633,2.46102,Plein jour,En agglomération,Intersection en T,Normale,Deux véhicules - côté,3,-1,2,0,1,1,1,0,1,50,,3,2,0,0,1,42.0,54.0,,,1,2,3,1,3
202100017515,2021-09-22 19:00:00,2021,9,22,19,0,93,93051,LUCIEN SALLES (AVENUE),48.82362,2.57624,Plein jour,En agglomération,Hors intersection,Normale,Deux véhicules - frontale,4,2,2,0,1,1,1,0,1,50,,2,1,0,0,1,70.0,,,,1,2,1,1,1
202100017516,2021-09-21 17:40:00,2021,9,21,17,40,93,93048,Avenue du Président Wilson / Rue Marcellin Berthelot,48.85556,2.43959,Plein jour,En agglomération,Intersection en X,Normale,Autre collision,3,2,3,1,1,1,1,0,1,30,,2,1,0,0,1,90.0,,,,1,2,2,1,6
202100017517,2021-09-22 10:00:00,2021,9,22,10,0,93,93057,Allee Louis Calmanovic,48.909311,2.503287,Plein jour,En agglomération,Intersection en X,Normale,Deux véhicules - côté,3,-1,4,0,1,1,1,0,1,50,,2,0,0,0,1,,29.0,,,1,2,2,1,3
202100017518,2021-09-22 17:45:00,2021,9,22,17,45,93,93008,BARBUSSE (AVENUE HENRI) A30,48.9084,2.42736,Plein jour,En agglomération,Autre intersection,Normale,Deux véhicules - côté,3,3,4,0,2,1,1,0,1,50,,2,0,0,1,1,24.0,27.0,,,1,2,9,1,3
202100017519,2021-09-22 14:45:00,2021,9,22,14,45,92,92075,RAYMOND MARCHERON (RUE),48.81891,2.28698,Plein jour,En agglomération,Hors intersection,Normale,Autre collision,4,2,2,0,1,1,1,0,1,30,,2,1,0,0,1,37.0,36.0,,,1,2,1,1,6
202100017520,2021-09-22 13:30:00,2021,9,22,13,30,92,92050,CLEMENCEAU GEORGES AVENUE N°IMPAIR,48.8853192812,2.2243756039,Plein jour,En agglomération,Intersection en T,Normale,Deux véhicules - côté,3,2,5,0,1,1,1,0,1,50,,2,1,0,0,1,35.0,28.0,,,1,2,3,1,3
202100017521,2021-09-21 08:35:00,2021,9,21,8,35,92,92050,BOULE PLACE DE LA,48.8873325043,2.2005797385,Plein jour,En agglomération,Giratoire,Normale,Deux véhicules - côté,3,2,4,2,1,2,1,5,1,30,,2,1,0,0,1,25.0,62.0,,,1,2,6,1,3
202100017522,2021-09-22 20:10:00,2021,9,22,20,10,92,92026,GEORGES CLEMENCEAU,48.90274,2.27423,Nuit avec éclairage allumé,En agglomération,Hors intersection,Normale,Sans collision,3,3,0,3,1,1,1,0,1,50,,1,0,0,0,1,20.0,,,,5,2,1,1,7