accident_id,datetime,annee,mois,jour,heure,minute,departement,commune_insee,adresse,latitude,longitude,luminosite,agglomeration,intersection,meteo,collision,catr,circ,nbv,vosp,prof,plan,surf,infra,situ,vma,nb_vehicules,nb_usagers,nb_indemnes,nb_tues,nb_blesses_hosp,nb_blesses_legers,age_cond_1,age_cond_2,veh_type_cond_1,veh_type_cond_2,lum_code,agg_code,int_code,atm_code,col_code
202100017523,2021-09-22 12:50:00,2021,9,22,12,50,92,92026,MISSION MARCHAND (COTE IMPAIR),48.89991,2.23975,Plein jour,En agglomération,Intersection en X,Normale,Deux véhicules - côté,3,2,6,0,1,1,1,0,1,50,,2,1,0,1,0,64.0,26.0,,,1,2,2,1,3
202100017524,2021-09-22 09:50:00,2021,9,22,9,50,92,92012,POINT DU JOUR (QUAI DU),48.830451843,2.257177819,Plein jour,En agglomération,Autre intersection,Normale,Deux véhicules - arrière,3,2,2,0,2,1,1,0,1,50,,2,1,0,0,1,20.0,60.0,,,1,2,9,1,2
202100017525,2021-09-22 10:20:00,2021,9,22,10,20,92,92002,MAURICE LABROUSSE (RUE),48.7545978696,2.2976656518,Plein jour,En agglomération,Hors intersection,Normale,Deux véhicules - arrière,4,3,2,0,2,1,1,0,1,50,,2,1,0,0,1,47.0,71.0,,,1,2,1,1,2
202100017526,2021-09-20 17:25:00,2021,9,20,17,25,49,49063,27 Avenue de la Gare,47.346599,-0.746841,Plein jour,En agglomération,Hors intersection,Normale,Deux véhicules - côté,4,2,2,0,1,1,1,0,1,50,,2,1,0,1,0,73.0,16.0,,,1,2,1,1,3
202100017527,2021-09-15 14:20:00,2021,9,15,14,20,38,38425,5 Route des Dames,45.401814,4.768721,Plein jour,En agglomération,Autre intersection,Normale,Sans collision,6,2,2,0,1,1,1,0,1,50,,2,1,0,0,1,49.0,,,,1,2,9,1,7
202100017528,2021-09-22 11:20:00,2021,9,22,11,20,60,60157,Rue de Paris,49.371239,2.416464,Plein jour,En agglomération,Hors intersection,Normale,Trois véhicules et plus - collisions multiples,3,2,2,0,1,1,1,0,1,30,,3,2,0,0,1,44.0,35.0,,,1,2,1,1,5
202100017529,2021-09-22 16:00:00,2021,9,22,16,0,71,71007,D188,46.5104688514,4.6463396188,Plein jour,Hors agglomération,Intersection en Y,Normale,Deux véhicules - frontale,3,2,2,0,1,2,1,5,1,80,,2,1,0,1,0,20.0,54.0,,,1,1,4,1,1
202100017530,2021-09-23 07:15:00,2021,9,23,7,15,21,21016,A31,47.3596561204,5.1625979139,Crépuscule ou aube,Hors agglomération,Hors intersection,Normale,Deux véhicules - arrière,1,3,4,0,1,1,1,0,1,130,,3,2,0,1,0,51.0,29.0,,,2,1,1,1,2
202100017531,2021-09-22 22:40:00,2021,9,22,22,40,51,51585,D3,49.080226,3.685066,Nuit sans éclairage public,Hors agglomération,Hors intersection,Normale,Sans collision,3,2,2,0,1,1,1,0,1,90,,4,3,0,1,0,41.0,,,,3,1,1,1,7
202100017532,2021-09-17 13:15:00,2021,9,17,13,15,14,14061,D295,48.893513,-0.882667,Plein jour,En agglomération,Giratoire,Normale,Deux véhicules - arrière,3,2,2,0,1,2,1,0,1,50,,2,1,0,1,0,15.0,55.0,,,1,2,6,1,2
202100017533,2021-09-11 10:40:00,2021,9,11,10,40,14,14061,9 Rue de Vire (Campeaux),48.950581,-0.931579,Plein jour,En agglomération,Hors intersection,Normale,Autre collision,3,2,2,0,1,1,1,0,1,30,,2,1,0,0,1,57.0,,,,1,2,1,1,6
202100017534,2021-09-22 20:53:00,2021,9,22,20,53,76,76122,AUTOROUTE A 28 PK 48.500 en direction Rouen,49.7959790906,1.5031930216,Nuit sans éclairage public,Hors agglomération,Hors intersection,Normale,Trois véhicules et plus - en chaîne,1,3,4,0,2,1,1,0,1,130,,3,2,0,1,0,23.0,36.0,,,3,1,1,1,4
202100017535,2021-09-22 17:20:00,2021,9,22,17,20,91,91666,Rue de Villejust,48.674176,2.21985,Plein jour,En agglomération,Autre intersection,Normale,Deux véhicules - frontale,4,2,2,2,1,1,1,0,1,-1,,2,1,0,1,0,82.0,20.0,,,1,2,9,1,1
202100017536,2021-09-22 11:45:00,2021,9,22,11,45,58,58086,Rue Saint-Jacques,47.410737,2.924852,Plein jour,En agglomération,Hors intersection,Normale,Autre collision,3,1,1,0,2,1,1,0,1,50,,2,1,0,1,0,57.0,,,,1,2,1,1,6
202100017537,2021-09-22 13:55:00,2021,9,22,13,55,06,06126,avenue des moulins,43.823546,7.19056,Plein jour,En agglomération,Intersection en Y,Normale,Autre collision,7,2,2,0,1,1,1,5,1,50,,2,1,0,1,0,23.0,,,,1,2,4,1,6
202100017538,2021-08-07 12:30:00,2021,8,7,12,30,56,56003,D101,47.6355,-2.838873,Plein jour,Hors agglomération,Hors intersection,Temps éblouissant,Deux véhicules - côté,3,2,2,0,1,1,1,0,1,80,,2,1,0,1,0,59.0,60.0,,,1,1,1,7,3
202100017539,2021-09-23 14:30:00,2021,9,23,14,30,78,78591,Place de la Mairie,48.89224,1.678843,Plein jour,En agglomération,Hors intersection,Normale,Autre collision,4,1,1,0,1,2,1,0,4,30,,1,0,0,0,1,73.0,,,,1,2,1,1,6
202100017540,2021-09-22 04:20:00,2021,9,22,4,20,2B,2B167,Cattero,42.5372556588,8.8476204874,Nuit sans éclairage public,Hors agglomération,Hors intersection,Normale,Autre collision,3,-1,2,0,2,3,1,0,3,70,,1,0,0,1,0,23.0,,,,3,1,1,1,6
202100017541,2021-09-23 01:35:00,2021,9,23,1,35,41,41126,Autoroute A85 PK 147+800,47.292329,1.298801,Nuit sans éclairage public,Hors agglomération,Hors intersection,Normale,Deux véhicules - frontale,1,3,4,0,1,2,1,0,1,130,,10,1,1,3,5,21.0,38.0,,,3,1,1,1,1
202100017542,2021-09-19 09:45:00,2021,9,19,9,45,33,33406,D17,44.895204,-0.056861,Plein jour,Hors agglomération,Hors intersection,Normale,Autre collision,3,2,2,0,1,1,1,0,3,80,,3,2,0,1,0,21.0,,,,1,1,1,1,6
202100017543,2021-09-23 17:25:00,2021,9,23,17,25,71,71014,D681,46.987158,4.31348,Plein jour,Hors agglomération,Intersection en T,Normale,Sans collision,3,2,2,0,1,1,1,0,1,80,,1,0,0,1,0,16.0,,,,1,1,3,1,7
202100017544,2021-09-23 00:15:00,2021,9,23,0,15,89,89074,51 rue du centre,48.321415,3.122618,Nuit avec éclairage allumé,En agglomération,Hors intersection,Normale,Autre collision,3,2,2,0,1,1,1,0,1,50,,2,0,0,1,1,25.0,,,,5,2,1,1,6
202100017545,2021-09-23 15:35:00,2021,9,23,15,35,89,89025,Route de Sauvigny,47.497503,3.925767,Plein jour,En agglomération,Intersection en T,Normale,Deux véhicules - frontale,3,2,2,0,1,1,1,0,1,50,,3,2,0,1,0,57.0,31.0,,,1,2,3,1,1
202100017546,2021-09-23 11:55:00,2021,9,23,11,55,89,89378,Route départementale 606,47.496814,3.966947,Plein jour,Hors agglomération,Intersection en T,Normale,Deux véhicules - côté,3,2,3,0,3,3,1,5,1,80,,2,1,0,1,0,64.0,48.0,,,1,1,3,1,3
202100017547,2021-09-23 08:20:00,2021,9,23,8,20,47,47073,Route de Prayssas,44.319394,0.576137,Crépuscule ou aube,Hors agglomération,Hors intersection,Brouillard / fumée,Deux véhicules - arrière,3,3,2,0,1,1,1,0,1,80,,2,1,1,0,0,66.0,55.0,,,2,1,1,5,2
202100017548,2021-09-22 17:45:00,2021,9,22,17,45,38,38108,Lieu dit les chartreux,45.066428,5.373183,Plein jour,Hors agglomération,Hors intersection,Normale,Autre collision,3,2,2,0,1,2,1,0,3,80,,1,0,0,1,0,21.0,,,,1,1,1,1,6
202100017549,2021-09-22 08:40:00,2021,9,22,8,40,38,38422,Route d Uriage,45.139597,5.827614,Plein jour,En agglomération,Giratoire,Normale,Autre collision,3,2,2,0,1,1,1,6,1,50,,2,1,0,1,0,26.0,,,,1,2,6,1,6
202100017550,2021-09-22 18:00:00,2021,9,22,18,0,02,02103,18 Rue d Oisy,50.012779,3.694735,Plein jour,En agglomération,Hors intersection,Normale,Deux véhicules - frontale,3,2,2,0,2,1,1,0,1,50,,3,2,0,0,1,84.0,65.0,,,1,2,1,1,1
202100017551,2021-09-23 10:45:00,2021,9,23,10,45,02,02671,Route départementale 934,49.512183,3.20466,Plein jour,Hors agglomération,Hors intersection,Normale,Deux véhicules - côté,3,2,2,0,1,2,1,0,1,80,,6,1,1,1,3,18.0,46.0,,,1,1,1,1,3
202100017552,2021-09-22 12:04:00,2021,9,22,12,4,15,15025,D926,45.099654,2.884362,Plein jour,Hors agglomération,Hors intersection,Normale,Autre collision,3,2,2,0,2,1,1,0,3,90,,1,0,0,1,0,81.0,,,,1,1,1,1,6
202100017553,2021-09-23 11:35:00,2021,9,23,11,35,26,26069,Route du Col de Rousset,44.833809,5.393429,Plein jour,Hors agglomération,Hors intersection,Normale,Sans collision,3,2,2,0,4,2,1,0,1,80,,1,0,0,0,1,25.0,,,,1,1,1,1,7
202100017554,2021-09-23 14:05:00,2021,9,23,14,5,66,66167,N116,42.472152,2.054207,Plein jour,Hors agglomération,Hors intersection,Normale,Deux véhicules - frontale,2,2,2,0,3,3,1,0,1,80,,3,2,0,1,0,33.0,33.0,,,1,1,1,1,1
202100017555,2021-09-22 17:40:00,2021,9,22,17,40,06,06079,675 Boulevard des Ecureuils,43.544805,6.941688,Plein jour,En agglomération,Giratoire,Temps éblouissant,Autre collision,4,1,2,0,1,3,1,0,1,50,,2,1,0,1,0,82.0,,,,1,2,6,7,6
202100017556,2021-09-23 09:30:00,2021,9,23,9,30,05,05045,RN94,44.532898,6.457804,Plein jour,Hors agglomération,Autre intersection,Normale,Deux véhicules - côté,2,2,3,0,2,1,1,0,1,90,,2,0,0,1,1,66.0,69.0,,,1,1,9,1,3
202100017557,2021-09-23 15:45:00,2021,9,23,15,45,16,16261,Les Pins,45.792658,0.377221,Plein jour,Hors agglomération,Hors intersection,Normale,Autre collision,3,2,2,0,2,2,1,0,3,80,,1,0,0,1,0,27.0,,,,1,1,1,1,6
202100017558,2021-09-23 10:15:00,2021,9,23,10,15,16,16206,intersection boulevard Gambetta - rue des bouviers,45.8757,0.176605,Plein jour,En agglomération,Intersection en T,Normale,Deux véhicules - frontale,3,2,2,0,1,1,1,0,1,50,,3,2,0,0,1,47.0,18.0,,,1,2,3,1,1
202100017559,2021-09-22 17:26:00,2021,9,22,17,26,07,07255,D104,44.756257,4.70717,Plein jour,En agglomération,Hors intersection,Normale,Trois véhicules et plus - en chaîne,3,2,1,0,1,1,1,0,1,-1,,3,2,1,0,0,28.0,54.0,,,1,2,1,1,4
202100017560,2021-09-23 07:20:00,2021,9,23,7,20,53,53059,Chemin de la Barrerie,48.093635,-0.52607,Crépuscule ou aube,Hors agglomération,Hors intersection,Brouillard / fumée,Autre collision,3,2,2,0,2,1,1,0,3,80,,1,0,0,1,0,57.0,,,,2,1,1,5,6
202100017561,2021-08-25 17:15:00,2021,8,25,17,15,85,85089,Rue de la Merlatière,46.716614,-1.315688,Plein jour,En agglomération,Hors intersection,Normale,Autre collision,5,1,2,0,1,1,1,6,8,-1,,2,1,0,0,1,15.0,,,,1,2,1,1,6
202100017562,2021-09-23 07:50:00,2021,9,23,7,50,27,27077,route départementale 124,49.271214,0.782062,Crépuscule ou aube,En agglomération,Hors intersection,Normale,Autre collision,3,2,2,0,1,1,1,0,1,50,,2,1,0,1,0,20.0,,,,2,2,1,1,6
202100017563,2021-09-21 17:30:00,2021,9,21,17,30,87,87180,Lieu Dit la Croix Blanche,46.191915,1.256475,Plein jour,Hors agglomération,Intersection en X,Normale,Trois véhicules et plus - collisions multiples,2,2,2,0,1,1,1,0,1,80,,3,2,0,1,0,58.0,57.0,,,1,1,2,1,5
202100017564,2021-09-23 09:10:00,2021,9,23,9,10,13,13091,D7n,43.617204,5.311718,Plein jour,Hors agglomération,Hors intersection,Normale,Trois véhicules et plus - collisions multiples,7,2,2,0,1,1,1,0,1,80,,3,1,0,0,2,53.0,55.0,,,1,1,1,1,5
202100017565,2021-09-21 10:35:00,2021,9,21,10,35,35,35131,Rpt du Guesneau,48.123201,-1.799742,Plein jour,Hors agglomération,Giratoire,Normale,Deux véhicules - côté,7,2,2,0,1,1,1,5,1,80,,3,2,0,0,1,23.0,33.0,,,1,1,6,1,3
202100017566,2021-09-23 13:50:00,2021,9,23,13,50,973,97309,1051 Route de Rémire,4.919179,-52.27855,Plein jour,En agglomération,Hors intersection,Normale,Deux véhicules - arrière,3,2,2,0,1,1,1,0,5,50,,2,1,0,0,1,34.0,42.0,,,1,2,1,1,2
202100017567,2021-09-22 17:50:00,2021,9,22,17,50,971,97128,Richeplaine,16.273161,-61.335597,Crépuscule ou aube,Hors agglomération,Hors intersection,Normale,Autre collision,4,2,2,0,2,3,1,9,1,80,,1,0,0,1,0,33.0,,,,2,1,1,1,6
202100017568,2021-09-23 08:45:00,2021,9,23,8,45,28,28285,D335.3,48.461518,1.678746,Plein jour,Hors agglomération,Intersection en X,Normale,Deux véhicules - frontale,3,2,2,0,1,1,1,0,1,80,,3,1,0,1,1,60.0,40.0,,,1,1,2,1,1
202100017569,2021-09-22 14:45:00,2021,9,22,14,45,95,95592,Chemin des Carrières,49.038075,1.87193,Plein jour,Hors agglomération,Hors intersection,Normale,Sans collision,4,2,2,0,1,1,1,0,5,-1,,1,0,0,1,0,62.0,,,,1,1,1,1,7
202100017570,2021-09-21 08:05:00,2021,9,21,8,5,78,78615,D198,48.853283,1.909545,Crépuscule ou aube,Hors agglomération,Intersection en T,Temps éblouissant,Deux véhicules - frontale,3,2,2,0,2,1,1,5,1,80,,3,2,0,1,0,49.0,54.0,,,2,1,3,7,1
202100017571,2021-09-22 15:45:00,2021,9,22,15,45,2B,2B073,34 Mezzano,42.317935,8.989971,Plein jour,Hors agglomération,Hors intersection,Normale,Sans collision,3,2,2,0,1,1,1,0,3,80,,1,0,0,1,0,64.0,,,,1,1,1,1,7
202100017572,2021-09-18 14:15:00,2021,9,18,14,15,2B,2B199,Licciola (Restauration rapide),42.65331,9.03545,Plein jour,Hors agglomération,Hors intersection,Normale,Deux véhicules - arrière,2,2,2,0,1,3,1,0,1,80,,3,2,0,1,0,45.0,74.0,,,1,1,1,1,2
202100017573,2021-09-18 03:30:00,2021,9,18,3,30,30,30156,Avenue Clément Ader,43.863774,4.43455,Nuit sans éclairage public,Hors agglomération,Hors intersection,Normale,Deux véhicules - frontale,3,2,2,0,2,2,1,0,1,50,,2,1,0,1,0,27.0,19.0,,,3,1,1,1,1
202100017574,2021-09-23 15:25:00,2021,9,23,15,25,34,34009,RD13,43.484952,3.357536,Plein jour,Hors agglomération,Intersection en T,Normale,Deux véhicules - côté,3,2,2,0,1,1,1,0,1,70,,2,1,0,1,0,18.0,60.0,,,1,1,3,1,3
202100017575,2021-09-22 19:00:00,2021,9,22,19,0,89,89257,Avenue de l Europe,47.965517,3.520362,Plein jour,En agglomération,Intersection en T,Normale,Deux véhicules - côté,4,2,2,0,1,1,1,0,1,30,,2,1,0,1,0,22.0,58.0,,,1,2,3,1,3
202100017576,2021-09-23 17:20:00,2021,9,23,17,20,58,58214,D907,47.061447,3.108519,Plein jour,Hors agglomération,Hors intersection,Normale,Deux véhicules - côté,3,2,2,0,2,1,1,0,1,70,,3,2,0,1,0,51.0,48.0,,,1,1,1,1,3
202100017577,2021-09-22 11:38:00,2021,9,22,11,38,88,88196,Boulevard Kelsch,48.073244,6.878359,Plein jour,En agglomération,Intersection en X,Temps éblouissant,Deux véhicules - côté,4,2,2,0,1,1,1,0,1,50,,2,1,0,1,0,61.0,50.0,,,1,2,2,7,3
202100017578,2021-09-23 15:00:00,2021,9,23,15,0,74,74056,Rte du Foue,45.901403,6.829151,Plein jour,Hors agglomération,Hors intersection,Normale,Sans collision,3,2,2,0,2,2,1,0,1,50,,1,0,1,0,0,60.0,,,,1,1,1,1,7
202100017579,2021-09-22 17:55:00,2021,9,22,17,55,73,73179,D16A avenue jean rostand,45.5936377603,5.886237691,Plein jour,En agglomération,Giratoire,Temps éblouissant,Deux véhicules - côté,3,3,4,2,1,1,1,-1,5,70,,2,1,0,1,0,29.0,33.0,,,1,2,6,7,3
202100017580,2021-09-22 17:15:00,2021,9,22,17,15,73,73179,Avenue Alphonse Daudet,45.589049,5.873276,Plein jour,En agglomération,Hors intersection,Normale,Autre collision,4,2,2,0,2,2,1,0,1,30,,1,0,0,0,1,46.0,,,,1,2,1,1,6
202100017581,2021-09-23 14:30:00,2021,9,23,14,30,69,69010,RN7 ,45.8395510149,4.6047279239,Plein jour,Hors agglomération,Intersection en T,Normale,Deux véhicules - côté,2,2,2,0,1,1,1,0,1,70,,2,0,0,1,1,49.0,46.0,,,1,1,3,1,3
202100017582,2021-09-22 16:25:00,2021,9,22,16,25,17,17146,D238e1,45.910055,-0.977161,Plein jour,Hors agglomération,Hors intersection,Normale,Deux véhicules - frontale,3,2,2,0,1,1,1,0,1,80,,2,0,1,1,0,64.0,37.0,,,1,1,1,1,1
202100017583,2021-09-22 09:00:00,2021,9,22,9,0,44,44026,boulevard Louis Fouchard,47.293217,-1.493497,Plein jour,En agglomération,Giratoire,Temps éblouissant,Deux véhicules - frontale,7,1,1,0,1,3,1,0,1,30,,2,1,0,1,0,73.0,72.0,,,1,2,6,7,1
202100017584,2021-09-21 13:25:00,2021,9,21,13,25,27,27022,Route Departementale 6015 PR 19+800,49.167591,1.301236,Plein jour,Hors agglomération,Giratoire,Normale,Sans collision,3,3,2,0,1,3,1,0,1,70,,1,0,0,0,1,37.0,,,,1,1,6,1,7
202100017585,2021-05-20 10:42:00,2021,5,20,10,42,59,59146,67 Route Nationale,50.611077,3.203051,Plein jour,En agglomération,Hors intersection,Normale,Deux véhicules - côté,7,2,2,0,1,2,1,0,1,50,,2,1,0,0,1,49.0,85.0,,,1,2,1,1,3
202100017586,2021-09-22 07:12:00,2021,9,22,7,12,13,13055,A507 sens Aubagne- Marseille,43.33,5.403,Plein jour,Hors agglomération,Hors intersection,Normale,Deux véhicules - arrière,1,-1,3,0,1,1,1,0,1,70,,3,1,0,0,2,36.0,45.0,,,1,1,1,1,2
202100017587,2021-09-19 22:25:00,2021,9,19,22,25,33,33249,ROCADE A 630,44.879062,-0.533131,Nuit avec éclairage allumé,Hors agglomération,Hors intersection,Pluie légère,Deux véhicules - arrière,1,3,6,0,1,2,2,0,1,90,,2,1,0,0,1,21.0,24.0,,,5,1,1,2,2
202100017588,2021-09-22 16:00:00,2021,9,22,16,0,91,91689,AUTOROUTE A6B,48.746467,2.326016,Plein jour,Hors agglomération,Hors intersection,Normale,Trois véhicules et plus - collisions multiples,1,1,3,0,2,1,1,0,1,110,,3,2,0,0,1,25.0,38.0,,,1,1,1,1,5
202100017589,2021-09-22 09:40:00,2021,9,22,9,40,94,94076,AUTOROUTE A6A,48.79467,2.34503,Plein jour,Hors agglomération,Hors intersection,Normale,Sans collision,1,-1,6,0,1,2,1,0,1,90,,1,0,0,0,1,28.0,,,,1,1,1,1,7
202100017590,2021-09-22 07:20:00,2021,9,22,7,20,91,91286,AUTOROUTE A6,48.64407,2.39054,Plein jour,Hors agglomération,Hors intersection,Normale,Trois véhicules et plus - en chaîne,1,3,4,0,1,1,1,0,1,110,,4,3,0,0,1,29.0,22.0,,,1,1,1,1,4
202100017591,2021-09-21 21:40:00,2021,9,21,21,40,91,91659,AUTOROUTE A6,48.58748,2.449912,Nuit sans éclairage public,Hors agglomération,Autre intersection,Normale,Deux véhicules - côté,1,1,8,0,1,1,1,3,1,110,,2,1,0,0,1,29.0,59.0,,,3,1,9,1,3
202100017592,2021-09-22 18:20:00,2021,9,22,18,20,92,92051,N13,48.8795034454,2.2771847248,Plein jour,Hors agglomération,Hors intersection,Normale,Sans collision,2,3,6,0,1,1,1,0,1,70,,1,0,0,0,1,37.0,,,,1,1,1,1,7
202100017593,2021-09-22 08:35:00,2021,9,22,8,35,78,78140,A13,48.966176,1.922808,Plein jour,Hors agglomération,Hors intersection,Normale,Trois véhicules et plus - en chaîne,1,3,6,0,1,1,1,0,1,130,,3,2,0,0,1,31.0,42.0,,,1,1,1,1,4
202100017594,2021-09-22 06:40:00,2021,9,22,6,40,92,92050,A86,48.9089605857,2.2142802499,Nuit sans éclairage public,Hors agglomération,Hors intersection,Normale,Deux véhicules - côté,1,3,4,0,1,1,1,0,1,90,,2,1,0,0,1,29.0,30.0,,,3,1,1,1,3
202100017595,2021-09-22 22:45:00,2021,9,22,22,45,94,94069,A4,48.8164,2.45076,Nuit avec éclairage allumé,Hors agglomération,Hors intersection,Normale,Autre collision,1,3,3,0,1,1,1,0,1,90,,5,3,0,0,2,24.0,27.0,,,5,1,1,1,6
202100017596,2021-09-22 20:30:00,2021,9,22,20,30,77,77146,RN104,48.811781,2.629446,Nuit sans éclairage public,Hors agglomération,Hors intersection,Normale,Deux véhicules - côté,2,1,6,0,1,3,1,0,1,110,,1,0,0,1,0,28.0,,,,3,1,1,1,3
202100017597,2021-09-22 19:50:00,2021,9,22,19,50,94,94028,A86 EXT,48.79665,2.44336,Plein jour,Hors agglomération,Hors intersection,Normale,Deux véhicules - arrière,1,1,3,0,1,1,1,0,1,90,,2,1,0,0,1,22.0,43.0,,,1,1,1,1,2
202100017598,2021-09-17 11:15:00,2021,9,17,11,15,69,69029,SPORTS (DES) (AV),45.72913,4.90955,Plein jour,En agglomération,Hors intersection,Normale,Autre collision,4,2,2,0,1,1,1,0,1,30,,2,1,0,1,0,,,,,1,2,1,1,6
202100017599,2021-09-21 07:45:00,2021,9,21,7,45,06,06030,DOUMER (BOULEVARD PAUL),43.567688,7.015645,Crépuscule ou aube,En agglomération,Hors intersection,Normale,Autre collision,4,2,2,0,2,1,1,0,1,50,,2,1,0,0,1,15.0,,,,2,2,1,1,6
202100017600,2021-09-21 08:10:00,2021,9,21,8,10,94,94068,Avenue de Liège,48.79091,2.49899,Plein jour,En agglomération,Hors intersection,Normale,Deux véhicules - côté,4,2,2,1,1,1,1,0,1,50,,2,1,0,0,1,61.0,21.0,,,1,2,1,1,3
202100017601,2021-05-23 20:50:00,2021,5,23,20,50,08,08105,RONDE COUTURE,49.746856569,4.7191312033,Crépuscule ou aube,En agglomération,Hors intersection,Temps couvert,Sans collision,4,2,2,0,2,2,1,0,1,50,,2,1,0,1,0,,,,,2,2,1,8,7
202100017602,2021-05-07 10:25:00,2021,5,7,10,25,08,08105,MOULIN J.,49.7523941,4.728938,Plein jour,En agglomération,Hors intersection,Normale,Deux véhicules - arrière,4,2,2,0,1,1,1,0,1,50,,2,1,0,0,1,47.0,,,,1,2,1,1,2
202100017603,2021-09-21 11:01:00,2021,9,21,11,1,976,97611,kaweni-Poste ( rue de la ),-12.771683,45.222266,Plein jour,En agglomération,Hors intersection,Normale,Deux véhicules - côté,2,2,2,0,1,1,1,9,1,50,,2,1,0,0,1,40.0,27.0,,,1,2,1,1,3
202100017604,2021-09-21 18:35:00,2021,9,21,18,35,974,97416,RN3 (3),-21.3102,55.49715,Nuit sans éclairage public,Hors agglomération,Hors intersection,Normale,Deux véhicules - arrière,2,2,2,0,2,1,1,0,1,110,,6,1,0,0,5,20.0,48.0,,,3,1,1,1,2
202100017605,2021-09-21 08:40:00,2021,9,21,8,40,974,97416,RN3 (1),-21.30619,55.49883,Plein jour,Hors agglomération,Hors intersection,Normale,Deux véhicules - arrière,2,1,2,0,2,1,1,0,1,90,,2,0,0,0,2,40.0,27.0,,,1,1,1,1,2
202100017606,2021-09-19 12:50:00,2021,9,19,12,50,974,97411,LACAZE (DE L'AMIRAL),-20.87653,55.44823,Plein jour,En agglomération,Intersection en X,Normale,Deux véhicules - côté,4,1,2,0,1,1,1,0,1,50,,2,1,0,0,1,23.0,47.0,,,1,2,2,1,3
202100017607,2021-09-18 19:30:00,2021,9,18,19,30,974,97411,LITTORAL (ROUTE 1 DU),-20.87568,55.43149,Nuit sans éclairage public,Hors agglomération,Hors intersection,Normale,Trois véhicules et plus - collisions multiples,2,1,0,0,1,1,1,0,1,90,,3,2,0,0,1,37.0,36.0,,,3,1,1,1,5
202100017608,2021-09-21 12:10:00,2021,9,21,12,10,973,97302,MADELEINE (ROUTE DE LA),4.92802,-52.32492,Plein jour,En agglomération,Hors intersection,Normale,Sans collision,3,2,2,0,1,1,1,0,1,50,,2,0,0,0,2,26.0,,,,1,2,1,1,7
202100017609,2021-09-21 14:30:00,2021,9,21,14,30,69,69383,MARECHAL DE SAXE                    (AV),45.75543,4.84664,Plein jour,En agglomération,Hors intersection,Normale,Deux véhicules - arrière,4,2,3,3,1,1,1,9,1,50,,2,1,0,0,1,26.0,37.0,,,1,2,1,1,2
202100017610,2021-09-21 09:30:00,2021,9,21,9,30,69,69383,MARIUS VIVIER MERLE                 (BD),45.75975,4.85811,Plein jour,En agglomération,Hors intersection,Normale,Deux véhicules - côté,4,2,2,3,1,1,1,8,1,50,,2,1,0,0,1,52.0,53.0,,,1,2,1,1,3
202100017611,2021-09-21 07:30:00,2021,9,21,7,30,69,69388,PROFESSEUR BEAUVISAGE (DU)  (R),45.7289603903,4.8663203485,Plein jour,En agglomération,Hors intersection,Normale,Deux véhicules - côté,4,-1,1,2,1,1,1,0,1,50,,2,1,0,1,0,33.0,36.0,,,1,2,1,1,3
202100017612,2021-09-20 11:45:00,2021,9,20,11,45,69,69259,AMBROISE CROIZAT (BD),45.70305,4.88743,Plein jour,En agglomération,Intersection en X,Pluie légère,Trois véhicules et plus - collisions multiples,7,2,4,0,1,1,2,0,1,50,,4,2,0,0,2,26.0,28.0,,,1,2,2,2,5
202100017613,2021-09-21 16:44:00,2021,9,21,16,44,69,69149,REPUBLIQUE (DE LA) (R),45.71684,4.80964,Plein jour,En agglomération,Intersection en X,Normale,Autre collision,4,1,1,0,2,1,1,6,1,50,,2,1,0,0,1,48.0,,,,1,2,2,1,6
202100017614,2021-09-21 08:15:00,2021,9,21,8,15,69,69152,EUROPE (DE L') (BD),45.7004022603,4.8227949823,Plein jour,En agglomération,Hors intersection,Temps couvert,Sans collision,4,2,3,1,1,1,1,5,1,50,,1,0,0,0,1,44.0,,,,1,2,1,8,7
202100017615,2021-09-21 07:19:00,2021,9,21,7,19,2B,2B033,TUNNEL,42.6939,9.452,Plein jour,En agglomération,Hors intersection,Normale,Deux véhicules - côté,2,2,2,0,1,1,1,1,1,50,,3,2,0,0,1,49.0,19.0,,,1,2,1,1,3
202100017616,2021-09-20 16:00:00,2021,9,20,16,0,971,97101,DE LA BALANCE (CHEMIN),16.29191,-61.49248,Plein jour,Hors agglomération,Intersection en Y,Normale,Deux véhicules - frontale,4,2,2,0,1,3,1,0,1,50,,2,1,0,1,0,19.0,57.0,,,1,1,4,1,1
202100017617,2021-09-18 17:20:00,2021,9,18,17,20,84,84080,D942,44.01593,4.95964,Plein jour,Hors agglomération,Hors intersection,Normale,Deux véhicules - arrière,3,2,4,3,1,1,1,0,2,90,,2,1,0,1,0,54.0,35.0,,,1,1,1,1,2
202100017618,2021-09-21 17:45:00,2021,9,21,17,45,83,83137,BORRELY (RUE ALEXANDRE),43.1319,5.93507,Plein jour,En agglomération,Hors intersection,Normale,Autre collision,4,2,1,0,2,1,1,0,1,30,,2,1,0,0,1,47.0,,,,1,2,1,1,6