accident_id,datetime,annee,mois,jour,heure,minute,departement,commune_insee,adresse,latitude,longitude,luminosite,agglomeration,intersection,meteo,collision,catr,circ,nbv,vosp,prof,plan,surf,infra,situ,vma,nb_vehicules,nb_usagers,nb_indemnes,nb_tues,nb_blesses_hosp,nb_blesses_legers,age_cond_1,age_cond_2,veh_type_cond_1,veh_type_cond_2,lum_code,agg_code,int_code,atm_code,col_code
202100017619,2021-09-07 21:45:00,2021,9,7,21,45,83,83137,PICOT (AVE DU COLONEL),43.1292696038,5.9681320636,Nuit avec éclairage allumé,En agglomération,Hors intersection,Normale,Deux véhicules - côté,7,2,2,0,2,1,1,0,1,50,,3,0,0,0,3,57.0,20.0,,,5,2,1,1,3
202100017620,2021-09-20 15:45:00,2021,9,20,15,45,78,78118,Bld  DE LA COMMUNAUTE,48.985536,1.674407,Plein jour,En agglomération,Hors intersection,Normale,Sans collision,4,2,0,0,1,1,1,0,4,50,,1,0,1,0,0,20.0,,,,1,2,1,1,7
202100017621,2021-09-20 21:40:00,2021,9,20,21,40,76,76351,LOUIS BLERIOT,49.53048,0.09503,Nuit sans éclairage public,En agglomération,Intersection en X,Normale,Deux véhicules - arrière,3,2,3,2,1,1,1,0,1,50,,4,2,0,0,2,18.0,19.0,,,3,2,2,1,2
202100017622,2021-09-19 17:15:00,2021,9,19,17,15,76,76351,EDOUARD VAILLANT,49.5144320577,0.1769785383,Plein jour,En agglomération,Hors intersection,Pluie légère,Deux véhicules - côté,4,2,2,0,1,1,2,0,1,50,,2,1,0,0,1,76.0,20.0,,,1,2,1,2,3
202100017623,2021-09-21 08:05:00,2021,9,21,8,5,72,72181,BOLLEE (AV) N° PAIRS 64 A 146,48.00064,0.21172,Plein jour,En agglomération,Hors intersection,Normale,Autre collision,4,2,2,2,1,1,1,0,1,50,,2,1,0,0,1,,,,,1,2,1,1,6
202100017624,2021-09-21 19:00:00,2021,9,21,19,0,69,69266,CAPORAL MORANGE (DU) (R),45.75201,4.9193,Plein jour,En agglomération,Intersection en T,Normale,Deux véhicules - côté,4,2,2,0,1,1,1,0,1,50,,2,1,0,0,1,29.0,16.0,,,1,2,3,1,3
202100017625,2021-09-21 07:38:00,2021,9,21,7,38,69,69266,ANDRE PHILIP (CR),45.7725657506,4.863153398,Crépuscule ou aube,En agglomération,Passage à niveau,Normale,Deux véhicules - côté,4,2,2,2,1,1,1,4,6,50,,2,1,0,0,1,39.0,47.0,,,2,2,8,1,3
202100017626,2021-09-18 20:25:00,2021,9,18,20,25,68,68066,ALTKIRCH (RUE D'),48.06939,7.33956,Nuit avec éclairage allumé,En agglomération,Intersection en T,Normale,Deux véhicules - côté,4,2,2,0,1,1,1,0,1,50,,2,1,0,1,0,90.0,25.0,,,5,2,3,1,3
202100017627,2021-09-20 16:00:00,2021,9,20,16,0,67,67482,JEAN WENGER VALENTIN (RUE),48.59964,7.75951,Plein jour,En agglomération,Passage à niveau,Temps couvert,Deux véhicules - côté,4,3,6,1,1,1,1,4,6,50,,2,1,0,0,1,73.0,40.0,,,1,2,8,8,3
202100017628,2021-09-21 07:45:00,2021,9,21,7,45,64,64102,Avenue du Prissé,43.48114,-1.4588,Plein jour,En agglomération,Hors intersection,Normale,Deux véhicules - côté,4,2,2,0,1,1,1,0,1,50,,2,1,0,1,0,17.0,46.0,,,1,2,1,1,3
202100017629,2021-09-21 07:30:00,2021,9,21,7,30,64,64102,BASTIAT (RUE FREDERIC),43.49214,-1.47155,Plein jour,En agglomération,Hors intersection,Normale,Autre collision,4,1,1,0,1,1,1,8,1,30,,2,0,0,0,2,17.0,,,,1,2,1,1,6
202100017630,2021-09-20 20:00:00,2021,9,20,20,0,63,63113,SAINT JEAN (BD),45.78165,3.118,Crépuscule ou aube,En agglomération,Hors intersection,Normale,Deux véhicules - côté,7,3,4,0,1,1,1,0,4,50,,2,1,0,0,1,32.0,47.0,,,2,2,1,1,3
202100017631,2021-09-20 16:53:00,2021,9,20,16,53,63,63113,CHARME (RUE DE LA),45.81159,3.1318,Plein jour,En agglomération,Hors intersection,Normale,Deux véhicules - frontale,7,2,2,0,1,1,1,0,1,50,,3,0,0,0,3,19.0,40.0,,,1,2,1,1,1
202100017632,2021-09-21 19:16:00,2021,9,21,19,16,60,60175,RD 201_ACCES 201 PAR BD S.ALLENDE,49.246379,2.470789,Plein jour,En agglomération,Giratoire,Normale,Autre collision,3,1,1,0,2,3,1,5,1,50,,2,1,0,0,1,31.0,21.0,,,1,2,6,1,6
202100017633,2021-09-21 16:35:00,2021,9,21,16,35,59,59152,DIEU (RUE DU VIEIL),50.76174,3.01173,Plein jour,En agglomération,Place,Normale,Deux véhicules - côté,4,2,1,0,1,1,1,6,8,50,,2,1,0,0,1,13.0,39.0,,,1,2,7,1,3
202100017634,2021-09-21 14:00:00,2021,9,21,14,0,59,59152,EGALITE (RUE DE L'),50.76636,3.01192,Plein jour,En agglomération,Place,Normale,Deux véhicules - côté,4,2,2,0,1,2,1,0,1,50,,3,2,0,0,1,26.0,57.0,,,1,2,7,1,3
202100017635,2021-09-21 12:00:00,2021,9,21,12,0,59,59360,FOCH RUE DU MARECHAL,50.61536,3.01835,Plein jour,En agglomération,Hors intersection,Normale,Autre collision,7,2,2,0,1,1,1,5,1,30,,1,0,1,0,0,28.0,,,,1,2,1,1,6
202100017636,2021-09-08 16:15:00,2021,9,8,16,15,58,58194,COLBERT,46.9962,3.1572,Plein jour,En agglomération,Hors intersection,Normale,Autre collision,4,2,2,0,1,1,1,0,1,50,,2,1,0,0,1,67.0,,,,1,2,1,1,6
202100017637,2021-09-20 15:31:00,2021,9,20,15,31,56,56162,COUREGANT (ROUTE DU),47.70482,-3.45998,Plein jour,En agglomération,Hors intersection,Normale,Autre collision,4,2,2,0,1,1,1,0,3,50,,1,0,0,0,1,74.0,,,,1,2,1,1,6
202100017638,2021-09-17 17:19:00,2021,9,17,17,19,54,54395,M 674,48.675527419,6.1990262568,Plein jour,En agglomération,Hors intersection,Normale,Trois véhicules et plus - en chaîne,7,2,4,0,1,1,1,0,1,70,,5,3,0,0,2,40.0,23.0,,,1,2,1,1,4
202100017639,2021-09-18 15:20:00,2021,9,18,15,20,54,54395,JARDINIERS (RUE DES,48.6912,6.19096,Plein jour,En agglomération,Intersection en X,Normale,Deux véhicules - côté,4,1,1,2,1,1,1,0,1,30,,2,1,0,0,1,68.0,28.0,,,1,2,2,1,3
202100017640,2021-09-19 04:20:00,2021,9,19,4,20,54,54580,AV ALBERT LEBRUN,49.47008,5.92831,Nuit avec éclairage allumé,En agglomération,Intersection en X,Normale,Deux véhicules - côté,3,2,2,0,1,1,1,0,1,50,,5,2,0,0,3,26.0,31.0,,,5,2,2,1,3
202100017641,2021-09-20 09:15:00,2021,9,20,9,15,49,49007,NOTRE DAME DU LAC AVENUE,47.47548,-0.58316,Plein jour,En agglomération,Hors intersection,Normale,Deux véhicules - arrière,4,2,2,0,1,1,1,0,1,50,,2,1,0,0,1,19.0,23.0,,,1,2,1,1,2
202100017642,2021-09-21 16:20:00,2021,9,21,16,20,44,44109,CASSIN ( BD RENE ),47.26427,-1.574,Plein jour,En agglomération,Giratoire,Normale,Deux véhicules - frontale,4,1,1,0,1,3,1,0,1,50,,2,1,0,0,1,57.0,38.0,,,1,2,6,1,1
202100017643,2021-09-21 00:15:00,2021,9,21,0,15,34,34172,VALERY (BOULEVARD PAUL,43.59264,3.85259,Nuit avec éclairage allumé,En agglomération,Intersection en X,Normale,Deux véhicules - côté,4,3,4,0,1,1,1,0,1,50,,3,1,0,1,1,19.0,,,,5,2,2,1,3
202100017644,2021-09-20 19:15:00,2021,9,20,19,15,34,34172,BITERROIS (AVENUE DU),43.63254,3.82075,Plein jour,En agglomération,Hors intersection,Normale,Autre collision,4,-1,2,0,1,1,1,0,1,30,,3,1,0,1,1,,,,,1,2,1,1,6
202100017645,2021-09-20 03:35:00,2021,9,20,3,35,33,33249,Rue des Cavailles,44.86449,-0.52056,Nuit avec éclairage allumé,En agglomération,Giratoire,Brouillard / fumée,Autre collision,4,2,2,0,1,1,2,0,1,50,,2,1,0,0,1,,,,,5,2,6,5,6
202100017646,2021-09-21 12:10:00,2021,9,21,12,10,31,31149,PUJOUANE (CHEMIN DE LA),43.595,1.34818,Plein jour,En agglomération,Intersection en T,Temps couvert,Deux véhicules - frontale,7,2,2,0,1,1,1,0,1,50,,2,1,0,0,1,41.0,54.0,,,1,2,3,8,1
202100017647,2021-09-21 12:20:00,2021,9,21,12,20,31,31555,BRUNAUD (AVENUE YVES),43.61601,1.46519,Plein jour,En agglomération,Hors intersection,Normale,Autre collision,4,3,4,0,2,1,1,0,1,50,,2,1,0,1,0,86.0,,,,1,2,1,1,6
202100017648,2021-09-21 00:30:00,2021,9,21,0,30,31,31555,24 EMPALOT  (PERIPH OUEST A620),43.57067,1.43235,Nuit sans éclairage public,Hors agglomération,Hors intersection,Pluie légère,Autre collision,1,1,3,0,1,1,2,0,1,90,,2,0,0,0,2,23.0,,,,3,1,1,2,6
202100017649,2021-09-20 01:30:00,2021,9,20,1,30,30,30189,ARTS (AVENUE),43.82304,4.33576,Nuit avec éclairage allumé,En agglomération,Intersection en X,Normale,Deux véhicules - côté,4,2,2,0,1,1,1,5,1,50,,5,2,0,1,2,19.0,20.0,,,5,2,2,1,3
202100017650,2021-09-20 12:19:00,2021,9,20,12,19,29,29232,Rue de Stang Bihan,48.01062,-4.097,Plein jour,En agglomération,Hors intersection,Normale,Deux véhicules - frontale,4,2,1,0,1,1,1,0,8,50,,2,1,0,0,1,22.0,92.0,,,1,2,1,1,1
202100017651,2021-09-21 21:50:00,2021,9,21,21,50,28,28404,RN 154,48.7126229119,1.3684844971,Nuit sans éclairage public,Hors agglomération,Hors intersection,Normale,Deux véhicules - frontale,2,2,2,0,1,1,1,0,1,80,,3,2,0,0,1,46.0,68.0,,,3,1,1,1,1
202100017652,2021-09-21 12:25:00,2021,9,21,12,25,27,27681,SAINT LOUIS (RUE),49.0881267,1.4784995,Plein jour,En agglomération,Intersection en X,Normale,Deux véhicules - côté,4,2,2,0,1,1,1,0,1,50,,3,1,0,0,2,52.0,43.0,,,1,2,2,1,3
202100017653,2021-09-21 14:15:00,2021,9,21,14,15,25,25056,ANDREY RUE,47.25747,6.01717,Plein jour,En agglomération,Hors intersection,Normale,Deux véhicules - côté,4,1,1,0,1,1,1,0,1,50,,5,2,0,0,3,22.0,39.0,,,1,2,1,1,3
202100017654,2021-09-20 07:30:00,2021,9,20,7,30,19,19272,Dr Valette (Rue),45.2591725679,1.7525993585,Nuit avec éclairage allumé,En agglomération,Giratoire,Pluie forte,Deux véhicules - côté,3,2,2,0,1,1,2,0,1,50,,2,1,0,0,1,20.0,14.0,,,5,2,6,3,3
202100017655,2021-09-21 05:00:00,2021,9,21,5,0,17,17306,MARNE (DE LA) (BD),45.626915,-1.009079,Nuit sans éclairage public,En agglomération,Intersection en T,Normale,Deux véhicules - côté,4,2,2,0,1,2,1,0,1,50,,2,1,0,0,1,22.0,34.0,,,3,2,3,1,3
202100017656,2021-09-20 17:30:00,2021,9,20,17,30,17,17300,DENFERT-ROCHEREAU   AVENUE (59),46.1652088652,-1.1924612853,Plein jour,En agglomération,Autre intersection,Normale,Sans collision,4,2,2,0,1,1,1,5,1,50,,1,0,0,0,1,56.0,,,,1,2,9,1,7
202100017657,2021-09-20 13:20:00,2021,9,20,13,20,15,15014,Rue Robert Garric,44.916053,2.437776,Plein jour,En agglomération,Autre intersection,Pluie légère,Deux véhicules - côté,4,2,2,0,2,1,2,0,1,50,,3,1,0,0,2,47.0,20.0,,,1,2,9,2,3
202100017658,2021-09-20 13:45:00,2021,9,20,13,45,15,15014,Rue Lavoisier,44.900191,2.43489,Crépuscule ou aube,En agglomération,Hors intersection,Normale,Deux véhicules - frontale,4,2,2,0,1,1,1,0,1,50,,3,1,0,0,2,19.0,21.0,,,2,2,1,1,1
202100017659,2021-09-21 00:40:00,2021,9,21,0,40,13,13043,MEDITERRANEE (AV DE LA ),43.38315,5.20037,Nuit sans éclairage public,En agglomération,Hors intersection,Normale,Sans collision,7,2,2,0,1,1,1,0,1,80,,2,1,0,0,1,23.0,,,,3,2,1,1,7
202100017660,2021-09-21 18:55:00,2021,9,21,18,55,13,13103,ALLEE  DE LA LIBERTE,43.63849,5.09405,Plein jour,En agglomération,Place,Normale,Deux véhicules - côté,4,1,2,3,1,1,1,9,1,30,,2,0,0,0,2,17.0,,,,1,2,7,1,3
202100017661,2021-09-20 19:00:00,2021,9,20,19,0,13,13103,RTE DU VAL DE CUECH-RD 16,43.6552153553,5.1268533449,Plein jour,Hors agglomération,Hors intersection,Normale,Sans collision,7,2,2,0,2,2,1,9,3,80,,1,0,0,0,1,17.0,,,,1,1,1,1,7
202100017662,2021-09-20 11:50:00,2021,9,20,11,50,13,13077,THOREZ MAURICE (avenue),43.40267,4.98045,Plein jour,En agglomération,Hors intersection,Normale,Autre collision,4,2,2,0,1,1,1,0,1,50,,2,1,0,0,1,59.0,,,,1,2,1,1,6
202100017663,2021-09-21 08:10:00,2021,9,21,8,10,13,13206,LIEUTAUD (COURS),43.2891,5.38408,Plein jour,En agglomération,Intersection en X,Normale,Deux véhicules - côté,4,2,2,0,2,1,1,0,1,50,,2,1,0,0,1,43.0,38.0,,,1,2,2,1,3
202100017664,2021-09-21 07:45:00,2021,9,21,7,45,13,13209,MARÉCHAL DE LATTRE (AVENUE),43.24591,5.42086,Plein jour,En agglomération,Hors intersection,Normale,Deux véhicules - côté,7,2,-1,0,1,1,1,0,1,50,,2,1,0,1,0,24.0,,,,1,2,1,1,3
202100017665,2021-09-20 10:30:00,2021,9,20,10,30,13,13201,ABEILLES (RUE DES),43.3013,5.3857,Plein jour,En agglomération,Intersection en X,Normale,Deux véhicules - côté,4,1,1,0,2,1,1,0,1,50,,2,0,0,0,2,44.0,37.0,,,1,2,2,1,3
202100017666,2021-09-20 16:27:00,2021,9,20,16,27,10,10333,AUXERRE (ROUTE),48.27272,4.05664,Plein jour,En agglomération,Hors intersection,Normale,Deux véhicules - arrière,3,3,2,0,1,1,1,0,1,50,,2,1,0,0,1,33.0,29.0,,,1,2,1,1,2
202100017667,2021-09-18 05:00:00,2021,9,18,5,0,06,06012,FOCH (AVENUE MARECHAL),43.7405,7.4212,Nuit avec éclairage allumé,En agglomération,Intersection à plus de 4 branches,Normale,Autre collision,4,2,2,0,4,1,1,0,1,50,,1,0,0,1,0,32.0,,,,5,2,5,1,6
202100017668,2021-09-20 16:05:00,2021,9,20,16,5,06,06123,AGRIMONT CORNICHE D',43.67546,7.183448,Plein jour,En agglomération,Hors intersection,Normale,Deux véhicules - frontale,4,2,1,0,2,1,1,0,1,30,,2,1,0,0,1,72.0,65.0,,,1,2,1,1,1
202100017669,2021-09-20 10:00:00,2021,9,20,10,0,06,06027,FRANCE ROUTE DE,43.661629,7.130491,Plein jour,En agglomération,Hors intersection,Normale,Trois véhicules et plus - en chaîne,4,2,2,0,2,2,1,0,1,50,,4,3,0,0,1,51.0,65.0,,,1,2,1,1,4
202100017670,2021-09-20 11:50:00,2021,9,20,11,50,75,75118,BD PERIPHERIQUE EXTERIEUR,48.900899,2.361608,Plein jour,En agglomération,Hors intersection,Normale,Deux véhicules - arrière,4,1,4,0,1,1,1,0,1,70,,2,1,0,0,1,30.0,39.0,,,1,2,1,1,2
202100017671,2021-09-21 17:35:00,2021,9,21,17,35,75,75119,RUE DE LA VILLETTE,48.876314,2.38762,Plein jour,En agglomération,Intersection en X,Normale,Deux véhicules - côté,4,2,2,1,1,1,1,0,5,30,,2,1,0,0,1,17.0,29.0,,,1,2,2,1,3
202100017672,2021-09-21 10:20:00,2021,9,21,10,20,75,75119,RUE DE MEAUX,48.882062,2.374277,Plein jour,En agglomération,Hors intersection,Normale,Deux véhicules - côté,4,1,1,0,1,1,1,0,1,30,,2,1,0,0,1,17.0,49.0,,,1,2,1,1,3
202100017673,2021-09-21 09:21:00,2021,9,21,9,21,75,75119,AVENUE DE LA PORTE DE PANTIN,48.8898824096,2.3966277761,Plein jour,En agglomération,Intersection en X,Normale,Deux véhicules - côté,4,2,5,1,1,1,1,0,5,30,,2,1,0,0,1,39.0,32.0,,,1,2,2,1,3
202100017674,2021-09-20 21:54:00,2021,9,20,21,54,75,75119,PLACE AUGUSTE BARON,48.9004613883,2.3870263762,Nuit avec éclairage allumé,En agglomération,Place,Normale,Deux véhicules - arrière,4,1,4,0,1,3,1,0,1,50,,2,1,0,0,1,49.0,35.0,,,5,2,7,1,2
202100017675,2021-09-21 15:40:00,2021,9,21,15,40,75,75113,BOULEVARD DE L HOPITAL,48.83885,2.360986,Plein jour,En agglomération,Intersection en Y,Normale,Deux véhicules - côté,4,2,5,0,1,1,1,0,1,30,,2,1,0,0,1,60.0,24.0,,,1,2,4,1,3
202100017676,2021-09-21 10:15:00,2021,9,21,10,15,75,75113,QUAI D AUSTERLITZ,48.838322,2.372783,Plein jour,En agglomération,Intersection en T,Normale,Deux véhicules - côté,4,2,5,1,1,1,1,0,5,30,,2,1,0,0,1,31.0,25.0,,,1,2,3,1,3
202100017677,2021-09-21 19:00:00,2021,9,21,19,0,75,75110,BOULEVARD DE MAGENTA,48.882857,2.350165,Plein jour,En agglomération,Hors intersection,Normale,Autre collision,4,2,4,0,1,1,1,0,1,30,,2,1,0,0,1,28.0,,,,1,2,1,1,6
202100017678,2021-09-21 02:20:00,2021,9,21,2,20,75,75109,RUE SAINT LAZARE,48.875627,2.327308,Nuit avec éclairage allumé,En agglomération,Hors intersection,Normale,Sans collision,4,2,3,0,1,1,1,0,1,50,,1,0,0,0,1,28.0,,,,5,2,1,1,7
202100017679,2021-09-21 11:30:00,2021,9,21,11,30,75,75108,RUE DE COURCELLES,48.875023,2.309192,Plein jour,En agglomération,Intersection en X,Normale,Deux véhicules - côté,4,2,3,0,2,1,1,0,1,30,,2,1,0,0,1,28.0,46.0,,,1,2,2,1,3
202100017680,2021-09-20 23:30:00,2021,9,20,23,30,75,75111,BOULEVARD BEAUMARCHAIS,48.8540423415,2.3689221945,Nuit avec éclairage allumé,En agglomération,Intersection en Y,Normale,Autre collision,4,1,3,0,1,1,1,0,1,50,,1,0,0,0,1,30.0,,,,5,2,4,1,6
202100017681,2021-09-21 16:50:00,2021,9,21,16,50,75,75103,RUE DE TURENNE,48.8646332533,2.364730879,Plein jour,En agglomération,Place,Normale,Autre collision,4,2,2,0,1,1,1,0,1,30,,2,1,0,0,1,18.0,,,,1,2,7,1,6
202100017682,2021-09-21 13:00:00,2021,9,21,13,0,75,75104,QUAI DES CELESTINS,48.852162643,2.3608944705,Plein jour,En agglomération,Hors intersection,Normale,Deux véhicules - côté,4,2,4,1,1,1,1,0,5,30,,2,1,0,0,1,47.0,27.0,,,1,2,1,1,3
202100017683,2021-09-19 15:30:00,2021,9,19,15,30,94,94058,PIERRE BROSSOLETTE (AV),48.83482,2.5051,Plein jour,En agglomération,Hors intersection,Normale,Autre collision,3,2,2,0,1,1,1,0,1,30,,2,1,0,0,1,31.0,23.0,,,1,2,1,1,6
202100017684,2021-09-21 08:35:00,2021,9,21,8,35,94,94046,REPUBLIQUE (AV DE LA),48.80576,2.44074,Plein jour,En agglomération,Hors intersection,Normale,Deux véhicules - frontale,3,2,2,0,1,1,1,0,1,50,,2,1,0,0,1,40.0,47.0,,,1,2,1,1,1
202100017685,2021-09-21 20:00:00,2021,9,21,20,0,94,94016,DIVISION LECLERC (AV DE LA),48.78335,2.32798,Nuit avec éclairage non allumé,En agglomération,Autre intersection,Normale,Trois véhicules et plus - collisions multiples,3,-1,2,0,1,1,1,0,1,30,,3,2,0,0,1,35.0,22.0,,,4,2,9,1,5
202100017686,2021-09-21 12:15:00,2021,9,21,12,15,94,94016,Avenue Louis Georgeon,48.792527,2.336956,Plein jour,En agglomération,Hors intersection,Normale,Deux véhicules - côté,4,2,2,0,1,1,1,0,1,50,,2,1,0,0,1,60.0,71.0,,,1,2,1,1,3
202100017687,2021-09-21 00:15:00,2021,9,21,0,15,94,94076,LOUIS ARAGON (AV),48.78827,2.37211,Nuit avec éclairage allumé,En agglomération,Hors intersection,Normale,Deux véhicules - côté,3,2,2,0,1,1,2,0,1,50,,5,3,0,1,1,19.0,37.0,,,5,2,1,1,3
202100017688,2021-09-16 09:20:00,2021,9,16,9,20,94,94033,MARECHAL DE LATTRE DE TASSIGNY (AV DU),48.8555,2.4925,Plein jour,En agglomération,Hors intersection,Normale,Deux véhicules - côté,3,2,4,2,1,1,1,5,1,50,,2,1,0,0,1,58.0,58.0,,,1,2,1,1,3
202100017689,2021-09-21 09:57:00,2021,9,21,9,57,94,94019,LIBERATION (RTE DE LA),48.8014270545,2.5408995152,Plein jour,En agglomération,Hors intersection,Normale,Deux véhicules - frontale,3,1,2,0,1,1,1,0,1,50,,2,1,0,0,1,,,,,1,2,1,1,1
202100017690,2021-09-21 21:30:00,2021,9,21,21,30,94,94075,Allée de la Fosse aux Biches,48.72368,2.52032,Nuit avec éclairage non allumé,En agglomération,Intersection en T,Normale,Deux véhicules - côté,4,2,2,0,2,1,1,0,1,50,,2,1,0,1,0,42.0,29.0,,,4,2,3,1,3
202100017691,2021-09-21 10:00:00,2021,9,21,10,0,93,93066,Avenue de Stalingrad,48.947206,2.373115,Plein jour,En agglomération,Hors intersection,Normale,Trois véhicules et plus - collisions multiples,3,2,4,0,1,1,1,0,1,50,,3,2,0,0,1,19.0,52.0,,,1,2,1,1,5
202100017692,2021-09-20 14:55:00,2021,9,20,14,55,93,93066,Rue Cristino Garcia / Passage Boise,48.916538,2.363,Plein jour,En agglomération,Intersection en X,Normale,Autre collision,4,1,1,0,1,1,1,0,1,50,,2,1,0,0,1,36.0,,,,1,2,2,1,6
202100017693,2021-09-21 21:00:00,2021,9,21,21,0,93,93077,ROSNY (AVENUE DE),48.88188,2.49735,Nuit avec éclairage allumé,En agglomération,Hors intersection,Normale,Deux véhicules - arrière,3,1,3,0,1,1,1,0,1,50,,2,1,0,0,1,17.0,23.0,,,5,2,1,1,2
202100017694,2021-09-19 23:15:00,2021,9,19,23,15,93,93053,Rue de Paris,48.9020968029,2.4610233307,Nuit sans éclairage public,En agglomération,Autre intersection,Normale,Deux véhicules - côté,3,3,6,0,1,1,1,9,1,50,,2,1,0,0,1,44.0,36.0,,,3,2,9,1,3
202100017695,2021-09-21 10:40:00,2021,9,21,10,40,93,93053,Allée du Moulin Harvy,48.8928417551,2.4693408608,Plein jour,En agglomération,Hors intersection,Normale,Autre collision,4,2,2,0,1,1,1,0,1,30,,2,1,0,0,1,27.0,,,,1,2,1,1,6
202100017696,2021-09-21 16:50:00,2021,9,21,16,50,93,93048,Rue Pierre de Montreuil,48.86333,2.45011,Plein jour,En agglomération,Hors intersection,Normale,Autre collision,4,1,1,0,1,1,1,0,1,30,,2,1,0,0,1,52.0,,,,1,2,1,1,6
202100017697,2021-09-21 08:00:00,2021,9,21,8,0,93,93032,PAUL VAILLANT COUTURIER (RUE),48.87692,2.54915,Plein jour,En agglomération,Intersection en X,Normale,Deux véhicules - côté,3,-1,0,0,1,1,1,5,1,50,,2,1,0,0,1,21.0,22.0,,,1,2,2,1,3
202100017698,2021-09-21 00:40:00,2021,9,21,0,40,93,93070,Avenue Gabriel Péri / Rue des Rosiers,48.9084,2.33264,Nuit avec éclairage allumé,En agglomération,Intersection en X,Normale,Deux véhicules - frontale,3,2,2,2,1,1,1,0,1,50,,2,0,0,0,1,32.0,,,,5,2,2,1,1
202100017699,2021-09-21 15:10:00,2021,9,21,15,10,93,93008,STALINGRAD (RUE DE) A10,48.919024,2.41432,Plein jour,En agglomération,Hors intersection,Normale,Deux véhicules - frontale,4,2,0,0,1,1,1,0,1,50,,2,1,0,1,0,22.0,,,,1,2,1,1,1
202100017700,2021-09-21 19:00:00,2021,9,21,19,0,93,93029,MIDINETTES (DES),48.9198565063,2.4610656605,Crépuscule ou aube,En agglomération,Hors intersection,Normale,Deux véhicules - côté,4,1,1,0,1,1,1,0,1,50,,3,2,0,0,1,22.0,23.0,,,2,2,1,1,3
202100017701,2021-09-21 18:45:00,2021,9,21,18,45,93,93005,Rue Edgar Degas,48.955606,2.496881,Plein jour,En agglomération,Hors intersection,Normale,Autre collision,4,2,2,0,1,1,1,0,1,50,,2,1,0,1,0,22.0,,,,1,2,1,1,6
202100017702,2021-09-19 22:20:00,2021,9,19,22,20,92,92077,VERSAILLES (RUE DE),48.820568,2.172284,Nuit avec éclairage allumé,En agglomération,Hors intersection,Pluie légère,Sans collision,3,2,2,0,1,1,2,0,1,50,,1,0,0,1,0,27.0,,,,5,2,1,2,7
202100017703,2021-09-21 09:15:00,2021,9,21,9,15,78,78158,NAPOLEON III,48.83299,2.146851,Plein jour,En agglomération,Hors intersection,Normale,Deux véhicules - côté,3,2,4,0,1,1,1,0,1,50,,2,1,0,0,1,24.0,41.0,,,1,2,1,1,3
202100017704,2021-09-21 08:50:00,2021,9,21,8,50,92,92025,STALINGRAD (AV DE),48.93302,2.26495,Plein jour,En agglomération,Hors intersection,Normale,Trois véhicules et plus - en chaîne,3,3,4,1,1,1,1,0,1,50,,3,2,0,0,1,39.0,52.0,,,1,2,1,1,4
202100017705,2021-09-21 22:05:00,2021,9,21,22,5,92,92007,BRIAND (AVENUE ARISTIDE) N° 2 A 98,48.8081764841,2.3262637854,Nuit avec éclairage allumé,En agglomération,Hors intersection,Normale,Trois véhicules et plus - en chaîne,3,1,3,1,1,1,1,0,1,50,,6,4,0,0,2,19.0,49.0,,,5,2,1,1,4
202100017706,2021-09-20 18:15:00,2021,9,20,18,15,92,92004,MAURICEAU,48.9119317974,2.286811173,Plein jour,En agglomération,Intersection en X,Normale,Autre collision,4,2,2,0,1,1,1,0,1,50,,2,1,0,0,1,42.0,4.0,,,1,2,2,1,6
202100017707,2021-09-17 10:35:00,2021,9,17,10,35,92,92002,DOCTEUR TENINE (AVENUE DU),48.7621223768,2.3129500228,Plein jour,En agglomération,Hors intersection,Normale,Sans collision,4,1,1,3,1,2,1,0,6,50,,1,0,0,1,0,30.0,,,,1,2,1,1,7
202100017708,2021-09-22 12:56:00,2021,9,22,12,56,14,14764,11 Route des Varets,48.880769,-0.476468,Plein jour,En agglomération,Hors intersection,Normale,Deux véhicules - frontale,4,2,1,0,1,3,1,0,1,50,,4,3,0,1,0,20.0,41.0,,,1,2,1,1,1
202100017709,2021-09-22 12:40:00,2021,9,22,12,40,62,62905,D206,50.756075,2.184048,Plein jour,Hors agglomération,Hors intersection,Normale,Autre collision,3,2,2,0,1,1,1,0,3,80,,1,0,1,0,0,42.0,,,,1,1,1,1,6
202100017710,2021-09-22 18:12:00,2021,9,22,18,12,68,68300,Rue des Incorporés de Force,47.779565,7.364718,Plein jour,En agglomération,Giratoire,Normale,Deux véhicules - côté,3,-1,2,1,1,2,1,9,8,50,,2,1,0,0,1,56.0,50.0,,,1,2,6,1,3
202100017711,2021-08-24 19:50:00,2021,8,24,19,50,64,64556,route de navarrenx PK7,43.3511937115,-0.6861305237,Plein jour,Hors agglomération,Hors intersection,Normale,Autre collision,3,2,2,0,2,3,1,0,3,80,,2,0,0,1,1,40.0,,,,1,1,1,1,6
202100017712,2021-09-21 16:30:00,2021,9,21,16,30,21,21177,A6 PK 246+750 sens LYON vers PARIS,47.3653655765,4.4138910521,Plein jour,Hors agglomération,Hors intersection,Normale,Autre collision,1,3,4,0,1,1,1,0,1,130,,2,1,0,1,0,74.0,,,,1,1,1,1,6
202100017713,2021-09-22 10:10:00,2021,9,22,10,10,83,83036,Avenue claude debussy,43.172659,6.516743,Plein jour,En agglomération,Hors intersection,Normale,Autre collision,4,2,2,0,2,2,1,0,3,50,,1,0,0,0,1,84.0,,,,1,2,1,1,6
202100017714,2021-09-19 15:40:00,2021,9,19,15,40,06,06037,Route Departementale 12,43.74105,6.881111,Plein jour,Hors agglomération,Hors intersection,Normale,Deux véhicules - arrière,3,2,2,0,1,1,1,0,1,80,,2,1,0,1,0,23.0,24.0,,,1,1,1,1,2