accident_id,datetime,annee,mois,jour,heure,minute,departement,commune_insee,adresse,latitude,longitude,luminosite,agglomeration,intersection,meteo,collision,catr,circ,nbv,vosp,prof,plan,surf,infra,situ,vma,nb_vehicules,nb_usagers,nb_indemnes,nb_tues,nb_blesses_hosp,nb_blesses_legers,age_cond_1,age_cond_2,veh_type_cond_1,veh_type_cond_2,lum_code,agg_code,int_code,atm_code,col_code
202100017715,2021-09-19 19:50:00,2021,9,19,19,50,41,41178,D917,47.81559,1.415032,Crépuscule ou aube,Hors agglomération,Autre intersection,Pluie légère,Sans collision,3,2,2,0,2,4,2,0,8,80,,1,0,0,1,0,36.0,,,,2,1,9,2,7
202100017716,2021-09-18 23:30:00,2021,9,18,23,30,57,57251,RD 913,48.991595,6.197577,Nuit sans éclairage public,Hors agglomération,Hors intersection,Normale,Autre collision,3,2,2,0,2,1,1,0,1,80,,1,0,0,1,0,65.0,,,,3,1,1,1,6
202100017717,2021-09-21 15:09:00,2021,9,21,15,9,56,56013,95 Route d Auray,47.673678,-3.142095,Plein jour,Hors agglomération,Hors intersection,Normale,Autre collision,3,2,2,0,1,3,9,0,3,70,,1,0,0,1,0,54.0,,,,1,1,1,1,6
202100017718,2021-09-22 04:55:00,2021,9,22,4,55,67,67019,D209,48.255562,7.513918,Nuit sans éclairage public,Hors agglomération,Hors intersection,Normale,Autre collision,3,2,2,0,1,1,1,0,3,80,,1,0,1,0,0,31.0,,,,3,1,1,1,6
202100017719,2021-09-21 17:50:00,2021,9,21,17,50,76,76059,Rue de Saulx,49.948875,1.547916,Plein jour,En agglomération,Hors intersection,Normale,Deux véhicules - frontale,4,2,2,0,1,1,1,0,1,50,,2,1,0,0,1,17.0,48.0,,,1,2,1,1,1
202100017720,2021-09-22 07:00:00,2021,9,22,7,0,2A,2A269,RT10,41.782553,9.397119,Crépuscule ou aube,Hors agglomération,Hors intersection,Normale,Deux véhicules - frontale,2,2,2,0,4,2,1,0,1,80,,3,0,0,1,2,62.0,22.0,,,2,1,1,1,1
202100017721,2021-09-20 10:15:00,2021,9,20,10,15,33,33195,,44.386818,-0.04365,Plein jour,En agglomération,Intersection en T,Normale,Deux véhicules - frontale,3,2,2,0,1,1,1,0,1,50,,2,1,0,1,0,68.0,56.0,,,1,2,3,1,1
202100017722,2021-09-22 17:15:00,2021,9,22,17,15,71,71029,11bis Route de Dole,46.855807,5.363399,Plein jour,Hors agglomération,Hors intersection,Normale,Deux véhicules - arrière,3,2,2,0,1,3,1,0,1,80,,3,2,0,1,0,12.0,25.0,,,1,1,1,1,2
202100017723,2021-09-21 13:45:00,2021,9,21,13,45,71,71321,Route départementale 974,46.786959,4.557899,Plein jour,Hors agglomération,Hors intersection,Normale,Sans collision,3,2,2,0,1,2,1,0,3,80,,2,1,0,0,1,25.0,,,,1,1,1,1,7
202100017724,2021-09-21 16:30:00,2021,9,21,16,30,49,49069,D751,47.311988,-1.308854,Plein jour,Hors agglomération,Hors intersection,Normale,Sans collision,3,2,2,0,1,3,1,0,1,-1,,1,0,0,0,1,20.0,,,,1,1,1,1,7
202100017725,2021-09-21 22:20:00,2021,9,21,22,20,41,41164,23 Rue Paul Boncour,47.272557,1.376217,Nuit avec éclairage allumé,En agglomération,Autre intersection,Normale,Deux véhicules - frontale,3,2,2,0,1,1,1,0,1,50,,2,1,0,1,0,38.0,68.0,,,5,2,9,1,1
202100017726,2021-09-21 16:50:00,2021,9,21,16,50,68,68258,D430,47.826241,7.286049,Plein jour,Hors agglomération,Hors intersection,Normale,Trois véhicules et plus - en chaîne,3,3,4,0,1,1,1,0,1,90,,3,1,0,0,2,42.0,30.0,,,1,1,1,1,4
202100017727,2021-09-22 08:45:00,2021,9,22,8,45,02,02830,Rue Charles de Gaulle,50.008194,3.607131,Plein jour,En agglomération,Autre intersection,Temps éblouissant,Deux véhicules - frontale,3,2,2,0,1,1,1,0,1,50,,2,1,0,0,1,35.0,78.0,,,1,2,9,7,1
202100017728,2021-09-22 08:55:00,2021,9,22,8,55,01,01258,Route de Francheleins,46.093792,4.779503,Plein jour,En agglomération,Intersection en T,Normale,Deux véhicules - côté,3,2,1,0,2,1,1,0,1,50,,2,1,0,1,0,30.0,73.0,,,1,2,3,1,3
202100017729,2021-09-22 08:24:00,2021,9,22,8,24,72,72137,D311,48.400688,0.201745,Plein jour,Hors agglomération,Hors intersection,Normale,Deux véhicules - frontale,3,2,2,0,2,3,1,0,1,90,,2,1,0,0,1,31.0,49.0,,,1,1,1,1,1
202100017730,2021-09-21 21:30:00,2021,9,21,21,30,14,14038,D112a,49.311456,-0.50006,Nuit sans éclairage public,Hors agglomération,Hors intersection,Normale,Sans collision,3,2,2,0,1,1,1,0,1,80,,1,0,0,1,0,17.0,,,,3,1,1,1,7
202100017731,2021-09-22 05:30:00,2021,9,22,5,30,50,50087,Route des Forges,49.5593,-1.587557,Nuit sans éclairage public,Hors agglomération,Hors intersection,Normale,Deux véhicules - frontale,3,2,2,0,1,1,1,0,1,80,,1,0,0,1,0,21.0,,,,3,1,1,1,1
202100017732,2021-09-22 19:15:00,2021,9,22,19,15,60,60350,2 Place du Souvenir,49.587234,2.840819,Plein jour,En agglomération,Intersection en X,Normale,Deux véhicules - frontale,3,2,2,0,1,1,1,0,8,50,,2,1,0,0,1,17.0,52.0,,,1,2,2,1,1
202100017733,2021-09-21 20:30:00,2021,9,21,20,30,53,53087,route départementale 21,47.93927,-0.5129939318,Nuit sans éclairage public,Hors agglomération,Intersection en T,Normale,Deux véhicules - arrière,3,2,2,0,1,1,1,0,1,90,,3,1,0,1,1,39.0,81.0,,,3,1,3,1,2
202100017734,2021-09-21 10:00:00,2021,9,21,10,0,85,85127,Chemin du Clouzy,46.424511,-1.49411,Plein jour,En agglomération,Giratoire,Normale,Deux véhicules - côté,3,2,2,0,1,2,1,0,1,50,,2,1,0,0,1,63.0,69.0,,,1,2,6,1,3
202100017735,2021-09-21 18:30:00,2021,9,21,18,30,17,17359,D939,46.086879,-0.706462,Plein jour,Hors agglomération,Intersection en X,Normale,Trois véhicules et plus - en chaîne,3,2,2,0,1,1,1,0,1,80,,3,2,0,1,0,27.0,36.0,,,1,1,2,1,4
202100017736,2021-09-21 13:10:00,2021,9,21,13,10,30,30320,pk 17 D6,44.116852,4.29709,Plein jour,Hors agglomération,Hors intersection,Normale,Deux véhicules - frontale,3,2,2,0,2,3,1,0,1,80,,2,0,0,2,0,66.0,48.0,,,1,1,1,1,1
202100017737,2021-09-21 17:30:00,2021,9,21,17,30,24,24395,Pont de Cause Est,44.796059,1.160281,Plein jour,Hors agglomération,Intersection en X,Normale,Deux véhicules - côté,3,2,2,0,1,1,1,0,1,80,,4,2,0,2,0,57.0,76.0,,,1,1,2,1,3
202100017738,2021-06-27 17:45:00,2021,6,27,17,45,73,73183,A43 - PK 102+100 en direction de chambery,45.517263,5.989142,Plein jour,Hors agglomération,Hors intersection,Normale,Sans collision,1,3,4,0,1,1,1,0,1,110,,2,0,0,0,2,66.0,,,,1,1,1,1,7
202100017739,2021-09-22 16:50:00,2021,9,22,16,50,34,34337,RD 986,43.540429,3.897271,Plein jour,Hors agglomération,Giratoire,Normale,Deux véhicules - arrière,7,3,4,1,1,1,1,9,1,70,,3,2,0,0,1,45.0,21.0,,,1,1,6,1,2
202100017740,2021-09-21 17:15:00,2021,9,21,17,15,56,56024,Rue du Président Pompidou,48.058452,-2.689373,Plein jour,En agglomération,Hors intersection,Normale,Deux véhicules - frontale,4,2,2,0,1,1,1,0,1,50,,18,15,0,0,3,21.0,54.0,,,1,2,1,1,1
202100017741,2021-09-21 10:30:00,2021,9,21,10,30,38,38193,A43 - Aire de service TOTAL,45.613257,5.214021,Plein jour,Hors agglomération,Hors intersection,Normale,Deux véhicules - côté,1,1,1,3,1,3,1,9,6,50,,2,1,0,1,0,53.0,53.0,,,1,1,1,1,3
202100017742,2021-09-21 14:15:00,2021,9,21,14,15,971,97117,D116,16.294335,-61.322207,Plein jour,Hors agglomération,Hors intersection,Normale,Deux véhicules - côté,3,2,2,0,2,1,1,0,1,80,,2,1,0,1,0,58.0,24.0,,,1,1,1,1,3
202100017743,2021-09-22 19:00:00,2021,9,22,19,0,37,37138,D751,47.3987963279,0.9293611273,Crépuscule ou aube,En agglomération,Intersection en T,Temps éblouissant,Deux véhicules - frontale,3,2,2,0,1,1,1,0,1,50,,2,1,0,1,0,45.0,19.0,,,2,2,3,7,1
202100017744,2021-09-22 08:46:00,2021,9,22,8,46,77,77486,Route Nationale 4,48.684649,3.07541,Plein jour,Hors agglomération,Hors intersection,Normale,Deux véhicules - arrière,2,3,4,0,1,1,1,0,2,110,,2,1,0,1,0,24.0,36.0,,,1,1,1,1,2
202100017745,2021-09-21 22:10:00,2021,9,21,22,10,91,91180,RD.372 PK 14+500,48.447853,2.500017,Nuit sans éclairage public,Hors agglomération,Hors intersection,Normale,Deux véhicules - frontale,3,2,2,0,1,3,1,0,1,80,,2,0,0,1,1,42.0,20.0,,,3,1,1,1,1
202100017746,2021-09-21 17:05:00,2021,9,21,17,5,78,78575,Route de Versailles,48.714312,2.08531,Plein jour,En agglomération,Hors intersection,Normale,Sans collision,3,2,2,0,1,1,1,0,1,50,,3,2,0,1,0,29.0,26.0,,,1,2,1,1,7
202100017747,2021-09-20 17:00:00,2021,9,20,17,0,66,66008,Port de Plaisance Argeles,42.538884,3.047628,Plein jour,En agglomération,Hors intersection,Normale,Autre collision,3,-1,2,0,1,1,1,0,8,50,,2,1,0,1,0,56.0,,,,1,2,1,1,6
202100017748,2021-09-18 14:45:00,2021,9,18,14,45,84,84122,2439 route d'orange,44.101578,4.933591,Plein jour,Hors agglomération,Hors intersection,Normale,Deux véhicules - frontale,3,2,2,0,1,1,1,0,1,80,,2,0,0,1,1,28.0,76.0,,,1,1,1,1,1
202100017749,2021-09-22 08:16:00,2021,9,22,8,16,70,70026,8 Place Aristide Briand,47.455795,5.588018,Plein jour,En agglomération,Autre intersection,Normale,Autre collision,6,-1,-1,0,1,3,1,9,6,-1,,2,1,0,1,0,41.0,,,,1,2,9,1,6
202100017750,2021-09-21 18:00:00,2021,9,21,18,0,25,25313,D683 PR71,47.358796,6.412284,Plein jour,Hors agglomération,Intersection en Y,Normale,Autre collision,3,2,2,0,1,1,1,0,1,80,,2,1,1,0,0,62.0,40.0,,,1,1,4,1,6
202100017751,2021-09-21 14:30:00,2021,9,21,14,30,71,71342,Rue de la Poste,46.450887,4.118822,Plein jour,En agglomération,Hors intersection,Normale,Autre collision,4,2,2,0,1,1,1,0,1,30,,2,1,0,1,0,19.0,,,,1,2,1,1,6
202100017752,2021-09-21 14:00:00,2021,9,21,14,0,88,88142,300 Rue de l Avière,48.214844,6.37773,Plein jour,En agglomération,Hors intersection,Normale,Deux véhicules - frontale,4,2,2,0,1,3,1,0,1,50,,2,1,0,0,1,24.0,40.0,,,1,2,1,1,1
202100017753,2021-09-21 19:04:00,2021,9,21,19,4,55,55122,Avenue Stanislas,48.762459,5.590094,Crépuscule ou aube,En agglomération,Intersection en X,Normale,Deux véhicules - côté,4,1,2,0,1,1,1,0,1,50,,2,1,0,0,1,19.0,47.0,,,2,2,2,1,3
202100017754,2021-09-07 18:00:00,2021,9,7,18,0,38,38317,96 Cours Saint - André,45.138511,5.702575,Plein jour,En agglomération,Hors intersection,Normale,Deux véhicules - côté,7,3,4,1,1,1,1,0,5,50,,2,1,0,1,0,52.0,39.0,,,1,2,1,1,3
202100017755,2021-09-20 13:30:00,2021,9,20,13,30,26,26179,1590 Route du Dauphiné,45.0443838,4.866933,Plein jour,Hors agglomération,Intersection en T,Normale,Deux véhicules - arrière,2,2,2,0,1,1,1,0,1,80,,2,1,0,1,0,53.0,22.0,,,1,1,3,1,2
202100017756,2021-09-21 17:15:00,2021,9,21,17,15,01,01249,Montée Neuve,45.82594,4.947994,Plein jour,En agglomération,Intersection en X,Normale,Deux véhicules - côté,3,2,2,0,2,2,1,5,1,30,,2,1,0,0,1,61.0,19.0,,,1,2,2,1,3
202100017757,2021-08-31 12:35:00,2021,8,31,12,35,24,24405,D32,44.912745,0.667784,Plein jour,Hors agglomération,Hors intersection,Normale,Deux véhicules - arrière,3,2,2,0,1,1,1,0,1,80,,3,1,0,0,2,21.0,58.0,,,1,1,1,1,2
202100017758,2021-09-22 08:30:00,2021,9,22,8,30,33,33449,Rue Pierre Ramond,44.883058,-0.739985,Crépuscule ou aube,En agglomération,Hors intersection,Normale,Autre collision,4,3,2,0,1,1,2,0,1,50,,1,0,0,1,0,50.0,,,,2,2,1,1,6
202100017759,2021-09-21 17:45:00,2021,9,21,17,45,29,29060,78 Route de Quimper,47.9199920561,-4.1093747329,Plein jour,Hors agglomération,Hors intersection,Normale,Autre collision,3,2,2,0,1,1,1,0,3,70,,1,0,1,0,0,50.0,,,,1,1,1,1,6
202100017760,2021-08-25 13:57:00,2021,8,25,13,57,76,76276,78 Route de Gournay,49.600583,1.571012,Plein jour,Hors agglomération,Hors intersection,Normale,Sans collision,3,2,2,0,1,1,1,0,3,80,,3,2,0,1,0,19.0,,,,1,1,1,1,7
202100017761,2021-09-21 11:10:00,2021,9,21,11,10,59,59550,N47,50.540008,2.832502,Plein jour,Hors agglomération,Hors intersection,Normale,Deux véhicules - arrière,2,3,4,0,1,1,1,0,1,90,,2,1,0,0,1,40.0,32.0,,,1,1,1,1,2
202100017762,2021-09-21 18:15:00,2021,9,21,18,15,13,13071,A51-Sens Marseille vers Aix en Provence,43.4150368421,5.3649166262,Plein jour,Hors agglomération,Hors intersection,Normale,Deux véhicules - arrière,1,1,3,0,1,1,1,0,1,90,,5,4,0,0,1,24.0,54.0,,,1,1,1,1,2
202100017763,2021-09-21 17:55:00,2021,9,21,17,55,13,13211,Sens Aubagne vers Marseille,43.2929243949,5.4764163494,Plein jour,Hors agglomération,Hors intersection,Normale,Deux véhicules - arrière,1,1,3,0,1,1,1,0,1,90,,4,1,0,0,3,27.0,39.0,,,1,1,1,1,2
202100017764,2021-09-20 20:20:00,2021,9,20,20,20,13,13106,A51-Sens Aix en Provence vers Marseille,43.39741,5.35179,Nuit sans éclairage public,Hors agglomération,Hors intersection,Normale,Deux véhicules - arrière,1,1,2,0,1,1,1,0,1,90,,3,2,0,0,1,35.0,30.0,,,3,1,1,1,2
202100017765,2021-09-20 19:15:00,2021,9,20,19,15,13,13215,A7-Sens Lyon vers Marseille,43.36784,5.36042,Crépuscule ou aube,Hors agglomération,Hors intersection,Normale,Deux véhicules - arrière,1,1,2,0,1,1,1,1,1,90,,2,1,0,0,1,,41.0,,,2,1,1,1,2
202100017766,2021-09-17 18:00:00,2021,9,17,18,0,13,13071,A7-Sens Lyon vers Marseille,43.406311,5.291863,Plein jour,Hors agglomération,Hors intersection,Normale,Deux véhicules - arrière,1,1,3,0,1,1,1,0,1,110,,3,1,0,0,2,32.0,47.0,,,1,1,1,1,2
202100017767,2021-09-21 08:25:00,2021,9,21,8,25,69,69081,PERIPHERIQUE NORD INTERIEUR (BD),45.7747,4.79065,Plein jour,Hors agglomération,Hors intersection,Normale,Deux véhicules - côté,4,1,3,0,1,1,1,1,1,70,,3,1,0,0,2,24.0,43.0,,,1,1,1,1,3
202100017768,2021-09-21 17:10:00,2021,9,21,17,10,33,33090,,44.771638,-0.658836,Plein jour,Hors agglomération,Hors intersection,Normale,Trois véhicules et plus - en chaîne,1,3,4,0,1,1,1,0,1,90,,4,3,0,0,1,52.0,50.0,,,1,1,1,1,4
202100017769,2021-09-21 10:25:00,2021,9,21,10,25,33,33075,Rocade Nord A630,44.881504,-0.624724,Plein jour,Hors agglomération,Hors intersection,Normale,Deux véhicules - côté,1,3,4,0,1,1,1,0,1,90,,2,1,0,0,1,22.0,47.0,,,1,1,1,1,3
202100017770,2021-09-21 08:38:00,2021,9,21,8,38,62,62637,AUTOROUTE A1,50.465252,2.975487,Plein jour,Hors agglomération,Hors intersection,Normale,Autre collision,1,-1,6,0,1,1,1,0,1,130,,1,0,1,0,0,51.0,,,,1,1,1,1,6
202100017771,2021-09-20 08:57:00,2021,9,20,8,57,91,91521,RN 104,48.63198,2.40604,Plein jour,Hors agglomération,Hors intersection,Pluie légère,Autre collision,2,1,10,0,4,2,2,0,2,90,,1,0,0,0,1,24.0,,,,1,1,1,2,6
202100017772,2021-09-21 09:40:00,2021,9,21,9,40,92,92036,A86,48.9360068665,2.2884313862,Plein jour,Hors agglomération,Hors intersection,Normale,Trois véhicules et plus - en chaîne,1,3,8,0,1,1,1,0,1,90,,3,2,0,0,1,31.0,64.0,,,1,1,1,1,4
202100017773,2021-09-21 08:10:00,2021,9,21,8,10,78,78423,RN12,48.796553,2.026988,Plein jour,Hors agglomération,Hors intersection,Normale,Deux véhicules - arrière,2,3,4,0,1,1,1,0,1,110,,2,1,0,0,1,21.0,26.0,,,1,1,1,1,2
202100017774,2021-09-21 07:25:00,2021,9,21,7,25,78,78126,A13,48.835996,2.128887,Plein jour,Hors agglomération,Hors intersection,Normale,Sans collision,1,-1,4,0,1,1,1,0,1,110,,1,0,0,0,1,32.0,,,,1,1,1,1,7
202100017775,2021-09-21 18:30:00,2021,9,21,18,30,93,93008,AUTOROUTE A86,48.9064862649,2.4580740315,Plein jour,Hors agglomération,Hors intersection,Normale,Deux véhicules - côté,1,3,4,0,1,1,1,0,1,90,,2,1,0,0,1,26.0,27.0,,,1,1,1,1,3
202100017776,2021-09-21 17:25:00,2021,9,21,17,25,93,93007,AUTOROUTE A3,48.937444,2.480087,Plein jour,Hors agglomération,Hors intersection,Normale,Deux véhicules - côté,1,3,6,0,1,1,1,0,1,110,,2,1,0,0,1,32.0,55.0,,,1,1,1,1,3
202100017777,2021-09-21 12:10:00,2021,9,21,12,10,93,93064,AUTOROUTE A86,48.8702,2.48263,Plein jour,Hors agglomération,Hors intersection,Normale,Autre collision,1,3,3,0,1,2,1,0,1,70,,2,1,0,0,1,48.0,29.0,,,1,1,1,1,6
202100017778,2021-09-21 07:40:00,2021,9,21,7,40,93,93066,AUTOROUTE A1,48.9328,2.3753,Crépuscule ou aube,Hors agglomération,Hors intersection,Normale,Deux véhicules - côté,1,3,4,0,1,3,1,0,1,90,,2,1,0,0,1,33.0,42.0,,,2,1,1,1,3
202100017779,2021-09-20 14:50:00,2021,9,20,14,50,95,95424,A15,48.989472,2.199699,Plein jour,Hors agglomération,Hors intersection,Normale,Deux véhicules - arrière,1,3,6,0,1,1,1,0,1,110,,3,1,0,0,2,21.0,45.0,,,1,1,1,1,2
202100017780,2021-09-21 17:30:00,2021,9,21,17,30,77,77122,RN104,48.66204,2.61355,Plein jour,Hors agglomération,Hors intersection,Normale,Deux véhicules - arrière,2,3,6,0,1,1,1,0,1,110,,2,1,0,0,1,41.0,,,,1,1,1,1,2
202100017781,2021-09-20 23:00:00,2021,9,20,23,0,94,94069,A4,48.8172,2.44,Nuit avec éclairage non allumé,Hors agglomération,Hors intersection,Normale,Autre collision,1,1,4,0,1,1,2,0,1,90,,4,2,0,0,2,47.0,39.0,,,4,1,1,1,6
202100017782,2021-09-17 08:50:00,2021,9,17,8,50,63,63069,CHATEAU (RUE DU),45.71989,3.18914,Plein jour,En agglomération,Hors intersection,Temps couvert,Autre collision,4,2,2,-1,2,3,1,0,1,-1,,3,2,0,1,0,28.0,55.0,,,1,2,1,8,6
202100017783,2021-09-19 11:55:00,2021,9,19,11,55,59,59183,TETEGHEM,51.04234,2.42301,Plein jour,En agglomération,Hors intersection,Normale,Autre collision,4,2,2,0,1,1,1,0,4,50,,2,1,0,1,0,22.0,,,,1,2,1,1,6
202100017784,2021-01-31 11:45:00,2021,1,31,11,45,61,61234,,48.457391,0.036521,Plein jour,Hors agglomération,Giratoire,Temps couvert,Autre collision,3,2,-1,0,1,3,2,0,1,80,,1,0,0,0,1,40.0,,,,1,1,6,8,6
202100017785,2021-09-10 16:15:00,2021,9,10,16,15,17,17415,SAINTONGE BLANC. A APOTRES AVENUE DE,45.740177,-0.653248,Plein jour,Hors agglomération,Hors intersection,Temps éblouissant,Autre collision,3,2,2,0,1,1,1,6,8,50,,2,1,0,1,0,44.0,,,,1,1,1,7,6
202100017786,2021-07-21 02:10:00,2021,7,21,2,10,78,78172,DE GAULLE (BD DU GENERAL),49.007054,2.121254,Nuit avec éclairage allumé,En agglomération,Hors intersection,Normale,Sans collision,4,2,0,0,1,3,1,5,1,50,,1,0,0,0,1,22.0,,,,5,2,1,1,7
202100017787,2021-05-25 19:40:00,2021,5,25,19,40,74,74282,D174 - Lieu dit le Praz,45.969445,6.172568,Plein jour,Hors agglomération,Hors intersection,Normale,Deux véhicules - frontale,3,2,2,0,2,3,1,0,1,80,,2,1,0,1,0,54.0,23.0,,,1,1,1,1,1
202100017788,2021-09-20 13:15:00,2021,9,20,13,15,974,97416,CHARITE (RUE DE LA),-21.33329,55.47526,Plein jour,En agglomération,Hors intersection,Normale,Deux véhicules - arrière,4,1,1,0,1,1,1,0,1,50,,2,1,0,0,1,66.0,15.0,,,1,2,1,1,2
202100017789,2021-09-20 07:50:00,2021,9,20,7,50,974,97411,JAURES (BOULEVARD JEAN),-20.90109,55.49648,Plein jour,En agglomération,Giratoire,Normale,Autre collision,4,1,2,0,1,2,1,0,1,50,,2,1,0,0,1,32.0,15.0,,,1,2,6,1,6
202100017790,2021-09-20 07:15:00,2021,9,20,7,15,973,97302,MONTABO (ROUTE DE) 2,4.93251,-52.2904,Plein jour,En agglomération,Hors intersection,Pluie légère,Deux véhicules - côté,3,2,1,0,1,1,2,0,1,50,,2,1,0,0,1,45.0,55.0,,,1,2,1,2,3
202100017791,2021-09-20 17:05:00,2021,9,20,17,5,69,69386,DUQUESNE (R),45.7729681037,4.8482638082,Plein jour,En agglomération,Intersection en X,Pluie légère,Autre collision,4,2,5,3,1,1,2,0,1,50,,2,1,0,0,1,85.0,,,,1,2,2,2,6
202100017792,2021-09-20 12:20:00,2021,9,20,12,20,69,69386,MARECHAL DE SAXE (R),45.7679420718,4.8440587521,Plein jour,En agglomération,Intersection en X,Pluie légère,Autre collision,4,2,4,2,1,1,2,0,1,50,,3,2,0,0,1,31.0,16.0,,,1,2,2,2,6
202100017793,2021-09-20 15:09:00,2021,9,20,15,9,69,69259,JEAN CAGNE                          (AV),45.69952,4.8667,Plein jour,En agglomération,Autre intersection,Pluie légère,Deux véhicules - côté,4,2,2,0,1,1,2,0,1,50,,3,1,0,0,2,30.0,29.0,,,1,2,9,2,3
202100017794,2021-09-19 22:20:00,2021,9,19,22,20,972,97213,AUTOROUTE A1,14.60079,-61.00022,Nuit avec éclairage allumé,Hors agglomération,Hors intersection,Normale,Autre collision,1,2,6,3,1,1,1,9,6,90,,1,0,0,1,0,29.0,,,,5,1,1,1,6
202100017795,2021-09-20 18:28:00,2021,9,20,18,28,972,97209,FRANCOIS REBOULD (BOULEVARD),14.606146,-61.060015,Nuit avec éclairage allumé,En agglomération,Hors intersection,Normale,Autre collision,4,2,2,0,2,1,1,0,1,50,,2,1,0,1,0,53.0,,,,5,2,1,1,6
202100017796,2021-09-20 12:00:00,2021,9,20,12,0,972,97209,BISHOP (Avenue Maurice),14.6105,-61.05455,Plein jour,Hors agglomération,Autre intersection,Normale,Autre collision,4,1,2,0,1,1,1,9,1,50,,2,0,0,1,1,23.0,,,,1,1,9,1,6
202100017797,2021-09-19 21:30:00,2021,9,19,21,30,972,97209,BALATA (ROUTE DE),14.64553,-61.07885,Nuit avec éclairage allumé,Hors agglomération,Hors intersection,Normale,Autre collision,2,2,2,0,2,1,1,0,8,30,,2,0,0,1,1,19.0,,,,5,1,1,1,6
202100017798,2021-09-20 18:10:00,2021,9,20,18,10,69,69385,CHEMIN NEUF (DU) (MO),45.76035,4.82473,Plein jour,En agglomération,Hors intersection,Pluie légère,Sans collision,4,1,1,2,2,1,2,0,5,30,,1,0,0,0,1,36.0,,,,1,2,1,2,7
202100017799,2021-09-20 17:10:00,2021,9,20,17,10,2A,2A004,T40,41.9319632449,8.8033614651,Plein jour,Hors agglomération,Hors intersection,Normale,Deux véhicules - arrière,2,1,4,0,1,1,1,0,1,90,,2,1,0,1,0,59.0,31.0,,,1,1,1,1,2
202100017800,2021-09-20 16:50:00,2021,9,20,16,50,91,91657,AV PAUL VAILLANT COUTURIER,48.69825,2.42541,Plein jour,En agglomération,Intersection en X,Normale,Deux véhicules - côté,4,2,2,0,1,1,1,0,1,50,,2,1,0,0,1,,37.0,,,1,2,2,1,3
202100017801,2021-09-20 11:20:00,2021,9,20,11,20,91,91114,RPT DU DONJON,48.70133,2.50562,Plein jour,En agglomération,Giratoire,Temps couvert,Autre collision,4,2,2,0,2,1,1,0,1,30,,2,1,0,0,1,69.0,,,,1,2,6,8,6
202100017802,2021-09-20 16:10:00,2021,9,20,16,10,91,91434,GRIBELETTE (BOULEVARD DE LA),48.64595,2.351886,Plein jour,En agglomération,Giratoire,Normale,Deux véhicules - côté,4,2,1,0,1,2,1,9,8,30,,4,1,0,0,3,33.0,53.0,,,1,2,6,1,3
202100017803,2021-09-18 10:43:00,2021,9,18,10,43,87,87085,BUXEROLLES (RUE DE),45.86885,1.26341,Plein jour,En agglomération,Hors intersection,Normale,Autre collision,4,2,2,0,1,3,1,0,1,50,,2,1,0,1,0,53.0,,,,1,2,1,1,6
202100017804,2021-09-20 13:50:00,2021,9,20,13,50,83,83137,ORTOLAN (AVE DE 512 A  FIN,43.1329306699,5.964063406,Plein jour,En agglomération,Hors intersection,Normale,Autre collision,4,2,1,0,2,1,1,0,1,30,,2,1,0,1,0,42.0,,,,1,2,1,1,6
202100017805,2021-08-29 11:40:00,2021,8,29,11,40,80,80021,PARIS (RUE DE),49.88532,2.28747,Plein jour,En agglomération,Hors intersection,Normale,Deux véhicules - arrière,4,2,2,0,1,1,2,0,1,50,,3,1,0,0,2,30.0,64.0,,,1,2,1,1,2
202100017806,2021-09-12 00:20:00,2021,9,12,0,20,80,80021,FRANCS MURIERS (RUE DES),49.89675,2.3004,Nuit avec éclairage allumé,En agglomération,Intersection en X,Normale,Deux véhicules - côté,4,2,2,0,1,1,1,0,1,50,,2,0,0,1,1,25.0,30.0,,,5,2,2,1,3
202100017807,2021-09-11 10:00:00,2021,9,11,10,0,80,80021,RENE ET MARCELLE SOBO (RUE),49.8792258371,2.3352421757,Plein jour,En agglomération,Intersection en T,Normale,Deux véhicules - côté,4,2,2,0,1,1,1,0,1,50,,2,1,0,0,1,54.0,59.0,,,1,2,3,1,3
202100017808,2021-09-11 18:50:00,2021,9,11,18,50,80,80021,ALLONVILLE (ROUTE D'),49.91225,2.31702,Plein jour,En agglomération,Hors intersection,Normale,Deux véhicules - arrière,3,2,2,0,1,1,1,0,1,50,,3,1,0,0,2,43.0,15.0,,,1,2,1,1,2
202100017809,2021-09-14 08:15:00,2021,9,14,8,15,80,80021,ALBERT 1ER (MAIL),49.88856,2.30288,Plein jour,En agglomération,Hors intersection,Normale,Deux véhicules - côté,4,2,4,0,1,1,1,0,1,50,,2,1,0,0,1,61.0,19.0,,,1,2,1,1,3
202100017810,2021-09-14 14:20:00,2021,9,14,14,20,80,80632,ANDRE GEORGES (RUE ),49.88297,2.25062,Plein jour,En agglomération,Hors intersection,Normale,Autre collision,4,2,2,0,1,1,1,0,1,50,,1,0,0,0,1,24.0,,,,1,2,1,1,6
202100017811,2021-09-14 07:40:00,2021,9,14,7,40,80,80021,RUE DES VISAGES RADIEUX,49.87797,2.2809,Plein jour,En agglomération,Hors intersection,Pluie légère,Deux véhicules - côté,4,2,2,0,1,1,2,0,1,50,,2,1,0,0,1,16.0,36.0,,,1,2,1,2,3