accident_id,datetime,annee,mois,jour,heure,minute,departement,commune_insee,adresse,latitude,longitude,luminosite,agglomeration,intersection,meteo,collision,catr,circ,nbv,vosp,prof,plan,surf,infra,situ,vma,nb_vehicules,nb_usagers,nb_indemnes,nb_tues,nb_blesses_hosp,nb_blesses_legers,age_cond_1,age_cond_2,veh_type_cond_1,veh_type_cond_2,lum_code,agg_code,int_code,atm_code,col_code
202100017812,2021-09-15 14:25:00,2021,9,15,14,25,80,80489,VILLE IDEALE (AVENUE DE LA ),49.8679487647,2.3714375496,Plein jour,En agglomération,Hors intersection,Normale,Trois véhicules et plus - en chaîne,3,2,2,0,1,1,1,0,1,50,,3,2,0,0,1,42.0,48.0,,,1,2,1,1,4
202100017813,2021-09-20 06:40:00,2021,9,20,6,40,78,78123,SENETTE RUE DE LA,48.938306,2.035625,Nuit sans éclairage public,En agglomération,Hors intersection,Pluie légère,Autre collision,4,2,2,0,1,1,2,0,1,50,,2,1,0,0,1,57.0,,,,3,2,1,2,6
202100017814,2021-09-20 17:55:00,2021,9,20,17,55,76,76216,DIEPPE. ROUTE DE (RN 27),49.467657,1.050998,Plein jour,En agglomération,Hors intersection,Pluie légère,Deux véhicules - côté,7,2,3,3,1,1,2,0,1,50,,2,1,0,0,1,34.0,52.0,,,1,2,1,2,3
202100017815,2021-09-20 17:10:00,2021,9,20,17,10,76,76575,UNIVERSITE. AVENUE DE L',49.3876478806,1.0631274059,Plein jour,En agglomération,Hors intersection,Normale,Autre collision,4,2,2,0,1,1,1,-1,1,30,,2,1,0,0,1,74.0,,,,1,2,1,1,6
202100017816,2021-09-20 01:15:00,2021,9,20,1,15,76,76351,VALLEE (RUE DE LA),49.49451,0.15393,Nuit avec éclairage allumé,En agglomération,Hors intersection,Normale,Autre collision,4,2,2,0,1,1,1,0,1,50,,1,0,0,0,1,56.0,,,,5,2,1,1,6
202100017817,2021-09-20 02:00:00,2021,9,20,2,0,76,76351,JENNER (PLACE),49.50849,0.13695,Nuit avec éclairage allumé,En agglomération,Intersection en Y,Normale,Autre collision,4,1,1,0,2,1,1,1,8,50,,1,0,0,0,1,26.0,,,,5,2,4,1,6
202100017818,2021-09-17 18:20:00,2021,9,17,18,20,76,76552,PRESIDENT FELIX FAURE (BD),49.50686,0.0754,Plein jour,En agglomération,Hors intersection,Normale,Autre collision,3,2,2,1,2,1,1,0,1,50,,1,0,0,0,1,67.0,,,,1,2,1,1,6
202100017819,2021-09-17 16:20:00,2021,9,17,16,20,71,71076,SAINT HELENS (RUE DE ),46.7965586556,4.8629833931,Plein jour,En agglomération,Hors intersection,Normale,Deux véhicules - arrière,4,2,2,0,1,1,1,0,1,50,,2,1,0,0,1,72.0,37.0,,,1,2,1,1,2
202100017820,2021-09-19 16:00:00,2021,9,19,16,0,71,71081,PARIS (AVENUE DE),46.8097163899,4.8431566244,Plein jour,En agglomération,Intersection en X,Normale,Deux véhicules - côté,3,2,2,0,1,1,1,5,1,50,,2,1,0,0,1,25.0,24.0,,,1,2,2,1,3
202100017821,2021-09-20 17:00:00,2021,9,20,17,0,69,69029,JEAN MERMOZ (AV),45.7304089906,4.889023304,Plein jour,En agglomération,Hors intersection,Pluie forte,Deux véhicules - arrière,2,3,4,3,1,1,2,0,1,50,,2,1,0,0,1,22.0,70.0,,,1,2,1,3,2
202100017822,2021-09-20 09:17:00,2021,9,20,9,17,69,69290,PARCS (DES) (ALL),45.70906,4.93861,Plein jour,En agglomération,Passage à niveau,Pluie légère,Deux véhicules - côté,4,2,2,0,1,1,2,4,1,50,,3,1,0,0,2,38.0,42.0,,,1,2,8,2,3
202100017823,2021-09-20 14:40:00,2021,9,20,14,40,65,65047,Avenue Jean Jaurès,43.241418,0.09502,Plein jour,En agglomération,Intersection en T,Normale,Deux véhicules - arrière,2,2,2,0,1,1,1,0,1,50,,3,1,0,0,2,45.0,68.0,,,1,2,3,1,2
202100017824,2021-09-20 10:40:00,2021,9,20,10,40,64,64445,ERIC TABARLY,43.31856,-0.36007,Plein jour,En agglomération,Giratoire,Pluie légère,Deux véhicules - côté,4,2,2,2,1,2,2,5,1,50,,2,1,0,0,1,26.0,46.0,,,1,2,6,2,3
202100017825,2021-09-19 15:15:00,2021,9,19,15,15,64,64102,SOULT (AVENUE MARECHAL),43.48756,-1.48353,Plein jour,En agglomération,Hors intersection,Normale,Deux véhicules - arrière,3,3,6,3,1,1,1,0,1,50,,2,1,0,0,1,34.0,40.0,,,1,2,1,1,2
202100017826,2021-09-20 14:17:00,2021,9,20,14,17,63,63075,THERMES (AVENUE DES),45.77591,3.06801,Plein jour,En agglomération,Intersection à plus de 4 branches,Normale,Deux véhicules - côté,7,1,2,0,1,1,1,0,1,50,,2,1,0,0,1,79.0,61.0,,,1,2,5,1,3
202100017827,2021-09-18 13:10:00,2021,9,18,13,10,63,63113,PAULINES (AVENUE DES),45.77697,3.09941,Plein jour,En agglomération,Hors intersection,Normale,Autre collision,4,1,3,0,1,1,1,0,1,50,,1,0,0,0,1,26.0,,,,1,2,1,1,6
202100017828,2021-09-18 13:00:00,2021,9,18,13,0,63,63113,FONTGIEVE (RUE),45.78221,3.0728,Plein jour,En agglomération,Intersection en X,Normale,Deux véhicules - côté,7,2,2,0,1,1,1,0,1,50,,2,1,0,1,0,29.0,35.0,,,1,2,2,1,3
202100017829,2021-09-17 00:30:00,2021,9,17,0,30,63,63075,EUROPE (PASSERELLE DU CARREFOUR DE L'),45.7751229511,3.0628470182,Nuit avec éclairage allumé,En agglomération,Intersection à plus de 4 branches,Normale,Deux véhicules - côté,7,3,4,0,1,1,1,0,1,50,,3,2,0,0,1,41.0,21.0,,,5,2,5,1,3
202100017830,2021-09-16 20:46:00,2021,9,16,20,46,63,63113,CHARME (RUE DE LA),45.8073831754,3.1320208311,Nuit avec éclairage allumé,En agglomération,Hors intersection,Normale,Autre collision,1,1,1,0,1,1,2,3,1,50,,1,0,0,0,1,25.0,,,,5,2,1,1,6
202100017831,2021-09-16 17:03:00,2021,9,16,17,3,63,63113,QUINET (BD EDGAR),45.80521,3.12376,Plein jour,En agglomération,Hors intersection,Normale,Deux véhicules - arrière,7,3,4,0,1,1,1,0,1,50,,2,1,0,0,1,36.0,54.0,,,1,2,1,1,2
202100017832,2021-09-10 23:30:00,2021,9,10,23,30,59,59350,SCHUMAN ROBERT BOULEVARD,50.64851,3.06819,Nuit avec éclairage allumé,En agglomération,Hors intersection,Normale,Trois véhicules et plus - en chaîne,7,1,3,0,1,3,1,0,1,50,,5,3,0,0,1,49.0,32.0,,,5,2,1,1,4
202100017833,2021-09-20 16:50:00,2021,9,20,16,50,59,59009,VERTE RUE,50.62023,3.12639,Plein jour,En agglomération,Hors intersection,Normale,Autre collision,4,3,1,0,1,3,1,6,8,50,,2,1,0,0,1,90.0,,,,1,2,1,1,6
202100017834,2021-09-16 15:20:00,2021,9,16,15,20,58,58194,JONCTION (QUAI),46.9786,3.16616,Plein jour,En agglomération,Hors intersection,Normale,Autre collision,4,2,2,0,1,1,1,0,1,50,,2,1,0,1,0,30.0,84.0,,,1,2,1,1,6
202100017835,2021-09-19 17:10:00,2021,9,19,17,10,57,57143,JOFFRE (RUE),49.25929,6.08423,Plein jour,En agglomération,Hors intersection,Normale,Deux véhicules - côté,4,2,2,0,1,1,1,0,1,50,,3,1,0,2,0,27.0,17.0,,,1,2,1,1,3
202100017836,2021-09-19 11:51:00,2021,9,19,11,51,57,57591,CD181,49.23362,6.06389,Plein jour,Hors agglomération,Hors intersection,Normale,Sans collision,3,2,3,0,2,3,1,0,1,70,,1,0,0,1,0,51.0,,,,1,1,1,1,7
202100017837,2021-09-19 08:40:00,2021,9,19,8,40,56,56162,MOULIN DU TER (RUE DU ),47.73506,-3.40309,Plein jour,En agglomération,Hors intersection,Normale,Autre collision,3,2,2,0,2,3,1,0,3,50,,2,1,0,0,1,41.0,,,,1,2,1,1,6
202100017838,2021-09-20 09:10:00,2021,9,20,9,10,54,54253,DEPARTEMENTALE 613,49.19633,5.89822,Plein jour,Hors agglomération,Hors intersection,Normale,Deux véhicules - frontale,3,2,2,0,2,3,1,0,1,80,,3,0,0,1,2,35.0,72.0,,,1,1,1,1,1
202100017839,2021-09-20 09:50:00,2021,9,20,9,50,51,51454,Place Max Rousseaux,49.2646184543,4.0101596076,Crépuscule ou aube,En agglomération,Giratoire,Normale,Deux véhicules - côté,4,1,2,0,1,1,1,0,1,30,,2,1,0,0,1,64.0,51.0,,,2,2,6,1,3
202100017840,2021-09-19 02:40:00,2021,9,19,2,40,50,50502,TESSY,49.09433,-1.09287,Nuit sans éclairage public,Hors agglomération,Intersection en T,Normale,Trois véhicules et plus - collisions multiples,3,2,2,0,2,2,1,0,3,80,,2,1,0,0,1,34.0,,,,3,1,3,1,5
202100017841,2021-09-18 17:00:00,2021,9,18,17,0,50,50602,BOUIN (RUE JEAN),49.63475,-1.58629,Plein jour,En agglomération,Hors intersection,Normale,Deux véhicules - arrière,3,2,1,0,1,1,1,0,1,50,,2,1,0,0,1,50.0,55.0,,,1,2,1,1,2
202100017842,2021-09-19 01:50:00,2021,9,19,1,50,50,50173,CARNOT (RUE),49.65068,-1.65583,Nuit avec éclairage allumé,En agglomération,Hors intersection,Normale,Deux véhicules - arrière,4,1,1,0,1,1,1,0,3,50,,1,0,0,1,0,31.0,,,,5,2,1,1,2
202100017843,2021-09-20 07:20:00,2021,9,20,7,20,44,44162,BOULEVARD SALVADOR ALLENDE,47.21939,-1.62159,Nuit avec éclairage allumé,En agglomération,Giratoire,Normale,Deux véhicules - côté,4,1,1,0,1,1,1,0,1,50,,2,1,0,0,1,44.0,58.0,,,5,2,6,1,3
202100017844,2021-09-19 19:00:00,2021,9,19,19,0,37,37261,WALVEIN (RUE),47.3902654162,0.670604668,Plein jour,En agglomération,Intersection en X,Normale,Deux véhicules - côté,4,2,4,0,1,1,1,9,1,50,,2,1,0,0,1,63.0,24.0,,,1,2,2,1,3
202100017845,2021-09-20 21:10:00,2021,9,20,21,10,35,35206,RN136,48.0812,-1.66106,Nuit avec éclairage non allumé,Hors agglomération,Hors intersection,Normale,Deux véhicules - arrière,2,3,4,0,1,1,1,0,1,90,,2,0,0,0,2,45.0,31.0,,,4,1,1,1,2
202100017846,2021-09-20 17:40:00,2021,9,20,17,40,35,35238,REDON (DE),48.10808,-1.691456,Plein jour,En agglomération,Intersection en T,Normale,Autre collision,4,2,2,0,1,3,1,0,1,50,,2,1,0,0,1,77.0,,,,1,2,3,1,6
202100017847,2021-09-20 13:50:00,2021,9,20,13,50,35,35238,CHATEAU (AVENUE FRANCOIS),48.11126,-1.64841,Plein jour,En agglomération,Autre intersection,Normale,Deux véhicules - arrière,4,3,2,3,1,1,1,0,1,50,,2,1,0,0,1,33.0,23.0,,,1,2,9,1,2
202100017848,2021-09-19 06:10:00,2021,9,19,6,10,34,34129,D116,43.56674,3.86999,Nuit sans éclairage public,Hors agglomération,Hors intersection,Normale,Deux véhicules - frontale,7,2,2,0,1,1,1,0,1,70,,3,0,0,3,0,65.0,28.0,,,3,1,1,1,1
202100017849,2021-09-20 19:10:00,2021,9,20,19,10,33,33249,Avenue de Paris,44.87319,-0.51159,Plein jour,En agglomération,Intersection en X,Normale,Deux véhicules - côté,4,2,3,0,1,1,1,0,1,50,,3,2,0,0,1,22.0,38.0,,,1,2,2,1,3
202100017850,2021-09-20 11:10:00,2021,9,20,11,10,33,33522,Cours de la Libération,44.799247,-0.598221,Plein jour,En agglomération,Intersection en T,Normale,Deux véhicules - côté,4,2,5,1,1,1,1,5,1,50,,2,1,0,0,1,23.0,21.0,,,1,2,3,1,3
202100017851,2021-09-20 08:20:00,2021,9,20,8,20,33,33529,,44.56179,-1.15051,Plein jour,Hors agglomération,Hors intersection,Pluie légère,Deux véhicules - arrière,3,3,4,1,1,1,2,-1,1,90,,2,1,0,1,0,48.0,35.0,,,1,1,1,2,2
202100017852,2021-09-20 08:45:00,2021,9,20,8,45,31,31555,ALL DE BRIENNE,43.60528,1.43295,Plein jour,En agglomération,Hors intersection,Normale,Deux véhicules - côté,4,2,2,0,1,1,1,0,1,50,,2,1,0,1,0,47.0,24.0,,,1,2,1,1,3
202100017853,2021-09-20 16:40:00,2021,9,20,16,40,29,29019,Avenue Victor le Gorgeu,48.40017,-4.49845,Plein jour,En agglomération,Hors intersection,Normale,Deux véhicules - arrière,4,3,2,0,1,1,1,0,1,30,,2,1,0,0,1,32.0,47.0,,,1,2,1,1,2
202100017854,2021-09-19 17:50:00,2021,9,19,17,50,29,29019,Rue Daumier,48.41228758,-4.46032047,Plein jour,En agglomération,Hors intersection,Normale,Autre collision,4,2,2,0,1,1,1,0,8,50,,2,0,0,0,2,17.0,,,,1,2,1,1,6
202100017855,2021-09-18 12:45:00,2021,9,18,12,45,25,25388,BETHONCOURT (ROUTE DE ),47.52458,6.81175,Plein jour,En agglomération,Intersection en Y,Normale,Deux véhicules - arrière,3,2,2,0,1,1,1,5,1,50,,4,1,0,0,3,35.0,35.0,,,1,2,4,1,2
202100017856,2021-09-19 07:15:00,2021,9,19,7,15,25,25056,BLUM  BOULEVARD LEON (inf 51),47.256,6.02,Crépuscule ou aube,En agglomération,Intersection en X,Pluie légère,Deux véhicules - côté,4,2,4,0,1,1,2,0,1,50,,3,0,1,2,0,24.0,59.0,,,2,2,2,2,3
202100017857,2021-09-15 15:00:00,2021,9,15,15,0,24,24037,RD 936,44.83639,0.45317,Plein jour,En agglomération,Hors intersection,Normale,Deux véhicules - côté,3,2,2,0,1,1,1,0,1,50,,2,1,0,1,0,19.0,71.0,,,1,2,1,1,3
202100017858,2021-09-17 19:40:00,2021,9,17,19,40,22,22113,PLOUBEZRE (RUE DE),48.72254,-3.45994,Crépuscule ou aube,En agglomération,Hors intersection,Pluie légère,Deux véhicules - côté,3,-1,2,0,2,1,2,0,1,50,,2,1,0,0,1,19.0,36.0,,,2,2,1,2,3
202100017859,2021-09-20 16:00:00,2021,9,20,16,0,17,17300,CARNOT   AVENUE,46.16528,-1.18584,Plein jour,En agglomération,Hors intersection,Normale,Autre collision,4,2,2,1,1,1,1,0,8,50,,2,1,0,0,1,45.0,,,,1,2,1,1,6
202100017860,2021-09-20 06:10:00,2021,9,20,6,10,17,17300,REMPARTS   CHEMIN DES,46.1617723144,-1.1558330403,Nuit avec éclairage allumé,En agglomération,Hors intersection,Pluie légère,Autre collision,4,1,2,3,1,4,2,9,6,30,,4,1,0,0,3,22.0,,,,5,2,1,2,6
202100017861,2021-09-20 19:05:00,2021,9,20,19,5,14,14001,D 140,49.38787,0.27594,Plein jour,En agglomération,Hors intersection,Temps couvert,Autre collision,3,2,2,0,1,3,2,0,3,50,,1,0,0,0,1,51.0,,,,1,2,1,8,6
202100017862,2021-09-20 13:30:00,2021,9,20,13,30,14,14118,JUIN (BOULEVARD MARECHAL),49.2104,-0.3676,Plein jour,En agglomération,Hors intersection,Normale,Deux véhicules - côté,4,3,2,0,1,1,1,0,1,50,,2,1,0,0,1,69.0,17.0,,,1,2,1,1,3
202100017863,2021-09-19 05:15:00,2021,9,19,5,15,13,13039,RN 568,43.48641,4.88578,Nuit sans éclairage public,Hors agglomération,Hors intersection,Normale,Deux véhicules - côté,2,3,2,0,1,2,1,9,8,70,,2,1,0,0,1,39.0,36.0,,,3,1,1,1,3
202100017864,2021-09-20 12:15:00,2021,9,20,12,15,13,13211,EMMANUEL ALLARD (RUE),43.2899725213,5.4405796134,Plein jour,En agglomération,Hors intersection,Normale,Deux véhicules - côté,4,1,1,0,1,1,1,0,1,50,,2,1,0,0,1,44.0,39.0,,,1,2,1,1,3
202100017865,2021-09-20 14:10:00,2021,9,20,14,10,13,13205,JEAN MOULIN (BOULEVARD),43.29239,5.40105,Plein jour,En agglomération,Intersection en X,Normale,Deux véhicules - côté,7,2,6,0,1,3,1,0,1,50,,2,1,0,0,1,17.0,37.0,,,1,2,2,1,3
202100017866,2021-09-20 10:00:00,2021,9,20,10,0,13,13210,RABATAU (BOULEVARD),43.27935,5.3993,Plein jour,En agglomération,Intersection en T,Normale,Deux véhicules - côté,7,2,4,0,1,1,1,0,1,50,,4,3,0,0,1,24.0,24.0,,,1,2,3,1,3
202100017867,2021-09-17 01:15:00,2021,9,17,1,15,13,13201,SAINT SAVOURNIN (RUE),43.2972692817,5.3873318994,Nuit avec éclairage allumé,En agglomération,Hors intersection,Normale,Deux véhicules - frontale,4,1,2,0,2,1,1,0,1,50,,2,0,0,0,2,23.0,34.0,,,5,2,1,1,1
202100017868,2021-09-18 02:08:00,2021,9,18,2,8,13,13207,ENDOUME (RUE D'),43.28985,5.36631,Nuit avec éclairage allumé,En agglomération,Autre intersection,Normale,Autre collision,4,-1,4,0,2,1,1,9,1,30,,1,0,0,1,0,34.0,,,,5,2,9,1,6
202100017869,2021-09-19 13:55:00,2021,9,19,13,55,06,06069,CANNES (ROUTE DE)  -RD 6085-,43.634675,6.94949,Plein jour,En agglomération,Hors intersection,Normale,Deux véhicules - frontale,4,2,2,0,4,1,1,0,8,50,,2,1,0,0,1,34.0,35.0,,,1,2,1,1,1
202100017870,2021-09-20 01:49:00,2021,9,20,1,49,06,06069,CANNES (ROUTE DE)  -RD 6085-,43.63836,6.95056,Nuit avec éclairage allumé,En agglomération,Hors intersection,Normale,Autre collision,4,2,2,0,1,1,1,0,1,50,,2,1,0,0,1,,,,,5,2,1,1,6
202100017871,2021-09-20 18:15:00,2021,9,20,18,15,06,06123,DE GAULLE GENERAL AVENUE,43.66827,7.19199,Plein jour,En agglomération,Hors intersection,Normale,Autre collision,7,2,2,0,1,1,1,0,4,50,,2,0,0,0,2,25.0,,,,1,2,1,1,6
202100017872,2021-09-20 08:40:00,2021,9,20,8,40,06,06155,SAINT BERNARD CH.,43.587691,7.055555,Plein jour,En agglomération,Hors intersection,Normale,Deux véhicules - côté,3,2,2,0,2,1,1,0,1,50,,2,1,0,0,1,24.0,33.0,,,1,2,1,1,3
202100017873,2021-09-20 11:35:00,2021,9,20,11,35,01,01053,HERRIOT ( BOULEVARD EDOUARD COTE PAIR),46.21029,5.22171,Plein jour,En agglomération,Intersection en X,Pluie légère,Autre collision,3,2,3,0,1,1,2,5,1,50,,3,2,0,0,1,74.0,,,,1,2,2,2,6
202100017874,2021-09-18 01:45:00,2021,9,18,1,45,75,75111,BOULEVARD DE BELLEVILLE,48.871841,2.376986,Nuit avec éclairage allumé,En agglomération,Intersection en Y,Normale,Autre collision,4,1,2,0,1,1,1,0,1,30,,2,1,0,1,0,,,,,5,2,4,1,6
202100017875,2021-09-20 15:15:00,2021,9,20,15,15,75,75119,BOULEVARD SERURIER,48.8771911806,2.4065571189,Plein jour,En agglomération,Intersection en T,Normale,Deux véhicules - côté,4,3,3,0,2,1,1,0,1,50,,2,1,0,0,1,58.0,50.0,,,1,2,3,1,3
202100017876,2021-09-18 23:10:00,2021,9,18,23,10,75,75116,VOIE GEORGES POMPIDOU,48.8414190615,2.269205085,Nuit avec éclairage allumé,En agglomération,Hors intersection,Normale,Autre collision,4,1,1,0,2,1,1,0,1,50,,1,0,0,0,1,20.0,,,,5,2,1,1,6
202100017877,2021-09-20 07:15:00,2021,9,20,7,15,75,75115,RUE DE LA CROIX NIVERT,48.843614,2.295767,Crépuscule ou aube,En agglomération,Intersection en X,Pluie légère,Deux véhicules - côté,4,2,2,0,1,1,2,0,1,30,,2,1,0,0,1,25.0,33.0,,,2,2,2,2,3
202100017878,2021-09-20 13:45:00,2021,9,20,13,45,75,75113,BOULEVARD VINCENT AURIOL,48.8345736359,2.3673703775,Plein jour,En agglomération,Intersection en T,Temps couvert,Autre collision,4,3,3,1,1,1,1,0,5,30,,2,1,0,0,1,25.0,,,,1,2,3,8,6
202100017879,2021-09-19 23:25:00,2021,9,19,23,25,75,75111,AVENUE DU TRONE,48.848370821,2.397492528,Nuit avec éclairage allumé,En agglomération,Place,Normale,Deux véhicules - côté,4,3,3,0,1,1,1,0,1,30,,3,1,0,0,2,35.0,20.0,,,5,2,7,1,3
202100017880,2021-09-20 07:50:00,2021,9,20,7,50,75,75101,RUE SAINT HONORE,48.864913,2.331945,Plein jour,En agglomération,Intersection en X,Temps couvert,Deux véhicules - côté,4,1,1,0,1,1,2,0,1,30,,2,1,0,0,1,52.0,29.0,,,1,2,2,8,3
202100017881,2021-09-17 20:20:00,2021,9,17,20,20,94,94080,Avenue de Paris,48.84549,2.42869,Nuit avec éclairage allumé,En agglomération,Autre intersection,Normale,Deux véhicules - côté,3,2,4,1,1,1,1,0,1,50,,2,1,0,1,0,41.0,18.0,,,5,2,9,1,3
202100017882,2021-09-19 18:50:00,2021,9,19,18,50,94,94058,LEDRU ROLLIN (AV),48.84323,2.50338,Plein jour,En agglomération,Intersection en X,Normale,Deux véhicules - côté,3,2,8,0,1,1,1,0,1,30,,4,2,0,0,2,38.0,32.0,,,1,2,2,1,3
202100017883,2021-09-20 19:50:00,2021,9,20,19,50,94,94046,Rue Eugène Renault,48.81482,2.41732,Crépuscule ou aube,En agglomération,Intersection en T,Pluie légère,Deux véhicules - côté,3,2,2,0,1,1,2,0,1,50,,2,1,0,0,1,26.0,36.0,,,2,2,3,2,3
202100017884,2021-09-20 18:00:00,2021,9,20,18,0,94,94046,REPUBLIQUE (AV DE LA),48.8035,2.43586,Plein jour,En agglomération,Hors intersection,Normale,Deux véhicules - arrière,3,2,2,0,1,1,1,0,1,50,,3,2,0,0,1,34.0,31.0,,,1,2,1,1,2
202100017885,2021-09-20 08:15:00,2021,9,20,8,15,94,94016,ARISTIDE BRIAND (AV),48.79342,2.32086,Plein jour,En agglomération,Autre intersection,Pluie légère,Deux véhicules - arrière,3,3,3,0,1,1,2,0,1,50,,2,1,0,0,1,47.0,55.0,,,1,2,9,2,2
202100017886,2021-09-19 21:10:00,2021,9,19,21,10,94,94033,Avenue du Président Roosevelt,48.84301,2.46485,Nuit avec éclairage allumé,En agglomération,Intersection en X,Normale,Deux véhicules - côté,3,2,2,2,1,1,1,0,1,50,,2,1,0,0,1,27.0,61.0,,,5,2,2,1,3
202100017887,2021-09-20 05:40:00,2021,9,20,5,40,94,94078,Avenue du 8 Mai 1945,48.72771,2.44555,Nuit avec éclairage allumé,En agglomération,Intersection en T,Pluie légère,Deux véhicules - côté,2,2,4,0,3,1,2,0,1,30,,4,2,0,0,2,27.0,48.0,,,5,2,3,2,3
202100017888,2021-09-20 17:30:00,2021,9,20,17,30,93,93014,Boulevard Gagarine,48.90799,2.5336,Plein jour,En agglomération,Hors intersection,Normale,Deux véhicules - arrière,3,3,4,0,1,1,1,0,1,50,,2,1,0,0,1,44.0,37.0,,,1,2,1,1,2
202100017889,2021-09-19 23:15:00,2021,9,19,23,15,93,93008,PARIS (RUE DE),48.8998328787,2.4488788828,Nuit avec éclairage allumé,En agglomération,Autre intersection,Normale,Deux véhicules - côté,3,3,4,0,1,1,1,9,1,50,,2,1,0,0,1,36.0,44.0,,,5,2,9,1,3
202100017890,2021-09-20 13:10:00,2021,9,20,13,10,93,93001,JEAN JAURES (AVE) 55 A 129,48.906213,2.394814,Plein jour,En agglomération,Hors intersection,Normale,Deux véhicules - côté,3,1,3,3,1,1,1,0,1,50,,2,1,0,0,1,37.0,,,,1,2,1,1,3
202100017891,2021-09-16 11:00:00,2021,9,16,11,0,92,92064,PARC SAINT CLOUD,48.83924,2.1962,Plein jour,En agglomération,Hors intersection,Normale,Sans collision,9,-1,1,0,1,1,1,0,1,30,,1,0,0,0,1,14.0,,,,1,2,1,1,7
202100017892,2021-09-18 17:50:00,2021,9,18,17,50,92,92033,BUZENVAL,48.851843546,2.2052255353,Plein jour,En agglomération,Hors intersection,Normale,Deux véhicules - côté,3,2,2,0,1,1,1,6,1,50,,3,1,0,0,2,22.0,39.0,,,1,2,1,1,3
202100017893,2021-09-19 15:00:00,2021,9,19,15,0,92,92050,JOFFRE MARECHAL AVENUE DU,48.8856698242,2.1966581047,Plein jour,En agglomération,Hors intersection,Normale,Deux véhicules - côté,3,2,4,0,1,1,1,1,1,50,,5,4,0,0,1,20.0,20.0,,,1,2,1,1,3
202100017894,2021-09-20 14:00:00,2021,9,20,14,0,92,92048,MARCEL ALLEGOT (RUE),48.822142515,2.2262147069,Plein jour,En agglomération,Hors intersection,Normale,Deux véhicules - frontale,3,-1,0,0,1,1,1,0,1,50,,2,1,0,0,1,19.0,87.0,,,1,2,1,1,1
202100017895,2021-09-20 09:10:00,2021,9,20,9,10,92,92040,GENERAL LECLERC,48.8264204396,2.2784598815,Plein jour,En agglomération,Intersection en T,Temps couvert,Trois véhicules et plus - collisions multiples,3,1,1,0,1,1,2,0,1,30,,3,2,0,0,1,37.0,24.0,,,1,2,3,8,5
202100017896,2021-09-20 13:00:00,2021,9,20,13,0,92,92035,République ( boulevard de la ),48.9063381299,2.2486996651,Plein jour,En agglomération,Intersection en X,Pluie légère,Deux véhicules - arrière,3,2,2,0,1,1,1,0,1,50,,4,3,0,0,1,56.0,45.0,,,1,2,2,2,2
202100017897,2021-09-20 08:45:00,2021,9,20,8,45,92,92026,PAUL DOUMER,48.8893964123,2.2553203662,Plein jour,En agglomération,Hors intersection,Pluie légère,Deux véhicules - arrière,3,3,4,0,1,1,2,0,1,50,,2,1,0,0,1,38.0,38.0,,,1,2,1,2,2
202100017898,2021-09-20 11:34:00,2021,9,20,11,34,92,92024,CLICHY (QUAI DE) DE (104 A 202),48.90849,2.30016,Plein jour,En agglomération,Intersection en X,Temps couvert,Deux véhicules - côté,3,2,4,0,1,1,1,0,1,50,,3,2,0,0,1,34.0,28.0,,,1,2,2,8,3
202100017899,2021-09-20 17:55:00,2021,9,20,17,55,92,92019,JUSTICE (CHEMIN),48.767005659,2.2658523917,Plein jour,En agglomération,Intersection en T,Normale,Deux véhicules - côté,4,2,2,0,2,1,1,0,1,50,,2,1,0,0,1,19.0,18.0,,,1,2,3,1,3
202100017900,2021-09-20 04:00:00,2021,9,20,4,0,92,92012,CHATEAU (RUE DU) 1/125 - 2/136,48.84452,2.25145,Nuit avec éclairage allumé,En agglomération,Intersection en X,Pluie légère,Deux véhicules - côté,4,2,2,0,1,1,2,0,1,50,,2,1,0,0,1,,39.0,,,5,2,2,2,3
202100017901,2021-09-20 15:25:00,2021,9,20,15,25,92,92007,BRIAND (AVENUE ARISTIDE) N° 100 A 160,48.79989,2.3232,Plein jour,En agglomération,Hors intersection,Normale,Deux véhicules - arrière,3,3,3,1,1,1,1,0,1,50,,3,2,0,0,1,21.0,47.0,,,1,2,1,1,2
202100017902,2021-09-20 09:05:00,2021,9,20,9,5,92,92014,MONTROUGE (AVENUE DE),48.7860862544,2.3112112284,Plein jour,En agglomération,Hors intersection,Temps couvert,Autre collision,3,-1,2,0,1,1,1,0,1,50,,2,1,0,0,1,45.0,,,,1,2,1,8,6
202100017903,2021-09-20 13:20:00,2021,9,20,13,20,92,92009,EUROPE (AVENUE),48.90651,2.25955,Plein jour,En agglomération,Autre intersection,Normale,Autre collision,3,4,2,0,1,1,1,0,1,50,,2,1,0,0,1,49.0,,,,1,2,9,1,6
202100017904,2021-09-20 12:30:00,2021,9,20,12,30,92,92004,ARGENTEUIL ( AVENUE D' ),48.9216882863,2.2778250422,Plein jour,En agglomération,Hors intersection,Normale,Trois véhicules et plus - en chaîne,3,2,0,0,1,1,1,0,1,50,,3,2,0,0,1,46.0,39.0,,,1,2,1,1,4
202100017905,2021-09-18 22:00:00,2021,9,18,22,0,92,92004,DOCTEUR DERVAUX  ( QUAI DU ),48.9083415169,2.2927445654,Nuit avec éclairage allumé,En agglomération,Intersection en T,Normale,Autre collision,3,1,2,0,1,1,1,0,1,50,,2,1,0,0,1,30.0,,,,5,2,3,1,6
202100017906,2021-09-18 11:10:00,2021,9,18,11,10,92,92002,EGLISE (RUE DE L'),48.75179,2.29687,Plein jour,En agglomération,Intersection en Y,Normale,Autre collision,4,2,2,0,1,1,1,5,1,30,,2,1,0,0,1,47.0,,,,1,2,4,1,6