accident_id,datetime,annee,mois,jour,heure,minute,departement,commune_insee,adresse,latitude,longitude,luminosite,agglomeration,intersection,meteo,collision,catr,circ,nbv,vosp,prof,plan,surf,infra,situ,vma,nb_vehicules,nb_usagers,nb_indemnes,nb_tues,nb_blesses_hosp,nb_blesses_legers,age_cond_1,age_cond_2,veh_type_cond_1,veh_type_cond_2,lum_code,agg_code,int_code,atm_code,col_code
202100017907,2021-09-21 01:30:00,2021,9,21,1,30,2A,2A272,Orasi,41.569032,8.957763,Nuit sans éclairage public,Hors agglomération,Hors intersection,Normale,Autre collision,2,2,2,0,4,2,1,0,1,80,,2,0,0,2,0,32.0,,,,3,1,1,1,6
202100017908,2021-09-18 16:00:00,2021,9,18,16,0,51,51016,D13,48.584205,4.702299,Plein jour,Hors agglomération,Hors intersection,Normale,Sans collision,3,-1,2,0,1,3,1,0,3,80,,1,0,0,1,0,71.0,,,,1,1,1,1,7
202100017909,2021-09-20 15:49:00,2021,9,20,15,49,38,38017,D131,45.418937,4.874561,Plein jour,Hors agglomération,Hors intersection,Pluie légère,Deux véhicules - frontale,3,2,2,0,2,3,2,0,1,50,,3,2,0,1,0,15.0,62.0,,,1,1,1,2,1
202100017910,2021-09-19 16:53:00,2021,9,19,16,53,43,43117,D19,45.285546,3.465242,Plein jour,Hors agglomération,Hors intersection,Pluie forte,Autre collision,3,2,2,0,1,3,2,0,3,80,,1,0,0,1,0,28.0,,,,1,1,1,3,6
202100017911,2021-09-18 16:15:00,2021,9,18,16,15,33,33138,28b Rue Baste,45.035197,-0.128905,Plein jour,En agglomération,Autre intersection,Normale,Autre collision,6,-1,-1,0,1,1,2,0,1,30,,2,1,0,1,0,36.0,,,,1,2,9,1,6
202100017912,2021-09-20 16:30:00,2021,9,20,16,30,06,06161,Route de Grasse,43.656678,7.106532,Plein jour,Hors agglomération,Autre intersection,Normale,Deux véhicules - frontale,3,2,2,0,2,3,1,0,1,70,,3,1,1,1,0,80.0,21.0,,,1,1,9,1,1
202100017913,2021-09-18 14:55:00,2021,9,18,14,55,12,12131,N88,44.378337,2.654164,Plein jour,Hors agglomération,Hors intersection,Normale,Deux véhicules - frontale,2,2,2,0,1,1,1,0,1,80,,2,1,0,1,0,63.0,64.0,,,1,1,1,1,1
202100017914,2021-09-21 13:45:00,2021,9,21,13,45,51,51486,D21,49.1714258858,4.4059252739,Plein jour,Hors agglomération,Hors intersection,Normale,Sans collision,3,2,2,0,2,1,1,0,3,80,,1,0,0,0,1,49.0,,,,1,1,1,1,7
202100017915,2021-07-02 10:45:00,2021,7,2,10,45,14,14738,A84,49.164276,-0.437297,Plein jour,Hors agglomération,Hors intersection,Normale,Trois véhicules et plus - collisions multiples,1,1,4,0,1,1,1,0,1,130,,4,3,0,0,1,18.0,35.0,,,1,1,1,1,5
202100017916,2021-09-20 07:20:00,2021,9,20,7,20,63,63404,A 75,45.586721,3.246219,Crépuscule ou aube,Hors agglomération,Hors intersection,Pluie légère,Deux véhicules - arrière,1,3,4,0,1,2,2,0,1,90,,2,0,0,0,2,48.0,19.0,,,2,1,1,2,2
202100017917,2021-09-21 09:45:00,2021,9,21,9,45,95,95280,RD 47A,49.0114486533,2.4794546817,Plein jour,En agglomération,Hors intersection,Normale,Deux véhicules - côté,3,2,2,0,1,1,1,5,1,50,,2,1,0,0,1,36.0,44.0,,,1,2,1,1,3
202100017918,2021-09-20 15:07:00,2021,9,20,15,7,56,56168,D768,47.593242,-3.131962,Plein jour,Hors agglomération,Hors intersection,Normale,Trois véhicules et plus - collisions multiples,3,2,2,0,1,1,1,0,1,80,,4,3,0,1,0,25.0,52.0,,,1,1,1,1,5
202100017919,2021-09-21 17:20:00,2021,9,21,17,20,74,74241,D907,46.134497,6.463265,Plein jour,Hors agglomération,Hors intersection,Normale,Deux véhicules - frontale,3,2,2,0,1,1,1,0,1,80,,2,1,1,0,0,36.0,38.0,,,1,1,1,1,1
202100017920,2021-09-21 09:00:00,2021,9,21,9,0,80,80343,D180,49.948297,1.680345,Plein jour,Hors agglomération,Hors intersection,Normale,Deux véhicules - frontale,3,3,2,0,1,1,1,0,1,80,,3,1,0,1,1,46.0,39.0,,,1,1,1,1,1
202100017921,2021-08-21 19:53:00,2021,8,21,19,53,33,33320,Route du Camping,44.994047,-0.064266,Plein jour,Hors agglomération,Hors intersection,Normale,Sans collision,4,2,2,0,1,3,1,0,3,80,,1,0,0,1,0,16.0,,,,1,1,1,1,7
202100017922,2021-09-21 10:45:00,2021,9,21,10,45,89,89086,RD16 Rue des Ponts,47.886258,3.094985,Plein jour,En agglomération,Hors intersection,Normale,Autre collision,3,1,1,0,1,1,1,6,3,30,,2,1,0,0,1,83.0,,,,1,2,1,1,6
202100017923,2021-09-21 11:18:00,2021,9,21,11,18,34,34332,Boulevard Gambetta,43.310903326,3.4186667109,Plein jour,En agglomération,Hors intersection,Normale,Autre collision,3,2,2,0,1,3,1,0,1,-1,,2,1,0,1,0,27.0,,,,1,2,1,1,6
202100017924,2021-09-19 15:00:00,2021,9,19,15,0,22,22131,Kernavenan,48.5326423172,-3.4714635345,Plein jour,Hors agglomération,Hors intersection,Normale,Sans collision,3,2,2,0,1,1,1,0,3,80,,1,0,0,0,1,35.0,,,,1,1,1,1,7
202100017925,2021-09-18 13:30:00,2021,9,18,13,30,44,44131,La Couronnerie,47.112985,-1.967883,Plein jour,En agglomération,Hors intersection,Normale,Sans collision,4,2,1,0,2,1,1,0,1,50,,2,1,1,0,0,32.0,,,,1,2,1,1,7
202100017926,2021-08-30 18:50:00,2021,8,30,18,50,44,44003,Boulevard du Docteur Moutel,47.370887,-1.177377,Crépuscule ou aube,En agglomération,Giratoire,Temps éblouissant,Autre collision,4,2,2,0,1,3,1,5,1,50,,2,1,0,1,0,52.0,,,,2,2,6,7,6
202100017927,2021-09-20 10:20:00,2021,9,20,10,20,29,29075,Rue Louis Lichou,48.411172,-4.4191,Plein jour,En agglomération,Intersection en T,Temps éblouissant,Autre collision,4,4,2,0,1,1,1,5,1,50,,2,1,0,1,0,25.0,,,,1,2,3,7,6
202100017928,2021-09-20 17:30:00,2021,9,20,17,30,29,29174,pennanguer,47.919592,-4.284153,Plein jour,Hors agglomération,Intersection en T,Normale,Autre collision,3,2,2,0,1,2,1,0,8,80,,1,0,0,1,0,61.0,,,,1,1,3,1,6
202100017929,2021-09-21 17:55:00,2021,9,21,17,55,01,01179,Rue du Carron,46.256474,4.860646,Plein jour,En agglomération,Intersection en X,Normale,Deux véhicules - côté,4,2,2,0,2,1,1,0,1,50,,2,0,0,1,1,53.0,52.0,,,1,2,2,1,3
202100017930,2021-09-14 14:00:00,2021,9,14,14,0,85,85065,A83,46.864945,-1.28407,Plein jour,Hors agglomération,Hors intersection,Normale,Deux véhicules - frontale,1,3,2,0,1,1,1,0,1,-1,,3,2,0,0,1,20.0,39.0,,,1,1,1,1,1
202100017931,2021-09-21 09:50:00,2021,9,21,9,50,50,50388,Rue du Mesnil,49.016,-1.508539,Plein jour,Hors agglomération,Intersection en T,Normale,Deux véhicules - frontale,3,2,2,0,2,1,1,5,1,80,,4,1,1,1,1,35.0,44.0,,,1,1,3,1,1
202100017932,2021-09-21 17:30:00,2021,9,21,17,30,60,60297,,49.6404,2.002344,Plein jour,Hors agglomération,Intersection en X,Normale,Deux véhicules - frontale,3,2,2,0,1,1,1,0,1,80,,2,0,0,0,2,35.0,59.0,,,1,1,2,1,1
202100017933,2021-09-21 13:40:00,2021,9,21,13,40,10,10022,D142,48.016611,4.322906,Plein jour,Hors agglomération,Hors intersection,Normale,Autre collision,3,2,2,0,2,1,1,0,1,80,,7,2,0,3,2,45.0,,,,1,1,1,1,6
202100017934,2021-09-20 10:00:00,2021,9,20,10,0,36,36070,Le Pont des Piles,46.459013,1.599627,Plein jour,Hors agglomération,Hors intersection,Pluie légère,Deux véhicules - côté,3,2,2,0,2,4,2,0,1,80,,2,1,0,0,1,82.0,53.0,,,1,1,1,2,3
202100017935,2021-06-18 18:15:00,2021,6,18,18,15,04,04149,RD 101,44.0442695764,5.9534334456,Plein jour,Hors agglomération,Intersection en T,Normale,Deux véhicules - frontale,3,2,2,0,1,1,1,0,1,50,,2,1,0,0,1,17.0,57.0,,,1,1,3,1,1
202100017936,2021-09-21 07:20:00,2021,9,21,7,20,85,85084,La Belle Entree,46.755582,-1.251953,Crépuscule ou aube,Hors agglomération,Intersection en X,Normale,Deux véhicules - côté,3,2,2,0,1,1,1,0,1,-1,,2,1,0,1,0,18.0,44.0,,,2,1,2,1,3
202100017937,2021-09-21 14:05:00,2021,9,21,14,5,28,28051,Rue d Orléans,48.180606,1.389856,Plein jour,En agglomération,Giratoire,Normale,Autre collision,3,2,2,0,1,3,1,0,1,50,,2,1,0,0,1,81.0,,,,1,2,6,1,6
202100017938,2021-09-15 20:45:00,2021,9,15,20,45,87,87089,La Sagne Barrat,46.206259,1.117231,Nuit sans éclairage public,Hors agglomération,Hors intersection,Normale,Sans collision,3,3,2,0,2,2,1,0,8,90,,1,0,0,1,0,31.0,,,,3,1,1,1,7
202100017939,2021-09-16 10:50:00,2021,9,16,10,50,37,37139,Avenue Louis-Charles d Albert Duc de Luynes,47.3901996306,0.5469410894,Plein jour,En agglomération,Intersection en X,Normale,Deux véhicules - frontale,7,2,2,0,2,1,1,0,1,30,,2,1,0,1,0,13.0,71.0,,,1,2,2,1,1
202100017940,2021-09-21 15:45:00,2021,9,21,15,45,973,97307,Carrefour Rue du Foulard et Rue Quadrille des Lanciers,4.8813646562,-52.3446563333,Plein jour,En agglomération,Intersection en T,Normale,Deux véhicules - côté,4,2,2,0,2,1,1,0,1,50,,2,1,0,1,0,53.0,18.0,,,1,2,3,1,3
202100017941,2021-09-20 16:05:00,2021,9,20,16,5,76,76684,"nationale 182, Sens LE HAVRE / TANCARVILLE",49.475089,0.462332,Plein jour,Hors agglomération,Autre intersection,Normale,Deux véhicules - côté,2,2,4,0,1,1,1,0,1,50,,2,0,0,0,2,42.0,41.0,,,1,1,9,1,3
202100017942,2021-09-18 08:35:00,2021,9,18,8,35,33,33380,A10 PK 494.500 SENS BORDEAUX -PARIS,45.282315,-0.550861,Plein jour,Hors agglomération,Hors intersection,Pluie légère,Sans collision,1,3,4,0,2,1,2,0,2,110,,3,1,0,0,2,22.0,,,,1,1,1,2,7
202100017943,2021-09-20 17:10:00,2021,9,20,17,10,13,13011,departementale 27,43.740503,4.789824,Plein jour,En agglomération,Hors intersection,Normale,Deux véhicules - frontale,3,2,2,0,2,1,1,0,1,50,,3,2,0,0,1,75.0,29.0,,,1,2,1,1,1
202100017944,2021-09-20 15:45:00,2021,9,20,15,45,987,98716,Village de Rotoava,-16.052062,-145.648263,Plein jour,En agglomération,Hors intersection,Normale,Deux véhicules - côté,4,-1,2,0,1,1,1,0,3,60,,1,0,1,0,0,42.0,,,,1,2,1,1,3
202100017945,2021-09-18 18:15:00,2021,9,18,18,15,37,37110,D80,47.324981,1.083881,Plein jour,Hors agglomération,Hors intersection,Pluie légère,Autre collision,3,2,2,0,1,1,2,0,1,80,,1,0,0,1,0,33.0,,,,1,1,1,2,6
202100017946,2021-09-21 08:37:00,2021,9,21,8,37,2A,2A247,Les Quatre Chemins,41.5955105809,9.2745454861,Plein jour,En agglomération,Giratoire,Normale,Deux véhicules - arrière,2,2,2,0,1,1,1,5,1,50,,2,1,0,0,1,57.0,30.0,,,1,2,6,1,2
202100017947,2021-09-17 08:45:00,2021,9,17,8,45,66,66088,Rue Michel Blanc,42.670008,2.622508,Plein jour,En agglomération,Intersection à plus de 4 branches,Normale,Autre collision,3,2,1,0,1,1,1,0,1,50,,2,1,0,1,0,30.0,,,,1,2,5,1,6
202100017948,2021-09-21 11:50:00,2021,9,21,11,50,84,84067,Via Venaissia (Piste cyclable),44.088101,5.007201,Plein jour,Hors agglomération,Hors intersection,Normale,Autre collision,9,2,1,1,1,1,1,0,1,20,,1,0,0,1,0,62.0,,,,1,1,1,1,6
202100017949,2021-09-20 10:30:00,2021,9,20,10,30,89,89453,D158,47.792245,3.523739,Plein jour,Hors agglomération,Hors intersection,Normale,Deux véhicules - arrière,3,2,2,0,1,3,1,0,1,70,,2,1,0,0,1,24.0,37.0,,,1,1,1,1,2
202100017950,2021-09-20 14:30:00,2021,9,20,14,30,68,68287,Route départementale 83,47.945833,7.290818,Plein jour,Hors agglomération,Hors intersection,Normale,Autre collision,3,3,4,0,1,3,1,0,1,110,,1,0,0,1,0,46.0,,,,1,1,1,1,6
202100017951,2021-09-13 08:30:00,2021,9,13,8,30,73,73051,D1201A,45.648256,5.877535,Plein jour,Hors agglomération,Hors intersection,Normale,Trois véhicules et plus - en chaîne,3,2,2,0,1,1,1,0,1,70,,5,3,0,1,1,21.0,57.0,,,1,1,1,1,4
202100017952,2021-09-07 12:15:00,2021,9,7,12,15,69,69289,HEYRIEUX (D') (RTE),45.648481,5.024089,Plein jour,Hors agglomération,Intersection en X,Temps éblouissant,Deux véhicules - côté,3,2,2,0,1,1,1,0,1,80,,2,1,0,1,0,41.0,54.0,,,1,1,2,7,3
202100017953,2021-09-20 17:50:00,2021,9,20,17,50,17,17351,D728,45.821248,-1.084353,Plein jour,Hors agglomération,Intersection en Y,Normale,Deux véhicules - côté,3,3,2,0,1,1,1,5,1,80,,2,1,0,1,0,19.0,73.0,,,1,1,4,1,3
202100017954,2021-09-10 17:00:00,2021,9,10,17,0,33,33449,Avenue Voltaire,44.893549,-0.760235,Plein jour,En agglomération,Intersection en T,Normale,Deux véhicules - côté,4,2,2,0,1,1,1,0,1,50,,2,1,0,1,0,23.0,28.0,,,1,2,3,1,3
202100017955,2021-09-21 16:10:00,2021,9,21,16,10,50,50099,Ld la Gallioterie,49.276219,-1.270616,Plein jour,Hors agglomération,Hors intersection,Normale,Sans collision,4,2,1,0,1,2,1,0,1,80,,2,0,1,0,1,39.0,,,,1,1,1,1,7
202100017956,2021-09-20 22:30:00,2021,9,20,22,30,14,14630,D33,49.253843,-0.649062,Nuit sans éclairage public,Hors agglomération,Giratoire,Normale,Autre collision,3,1,1,0,1,1,1,3,1,50,,1,0,0,1,0,21.0,,,,3,1,6,1,6
202100017957,2021-09-19 04:00:00,2021,9,19,4,0,27,27188,route départementale 321,49.302651,1.099278,Nuit avec éclairage allumé,Hors agglomération,Hors intersection,Temps couvert,Autre collision,3,2,2,0,1,1,2,5,1,50,,2,1,1,0,0,28.0,,,,5,1,1,8,6
202100017958,2021-09-20 08:55:00,2021,9,20,8,55,13,13215,A7-Sens Marseille vers Lyon,43.342627,5.376095,Plein jour,Hors agglomération,Hors intersection,Normale,Trois véhicules et plus - collisions multiples,1,3,4,0,1,1,1,0,1,70,,3,2,0,0,1,83.0,27.0,,,1,1,1,1,5
202100017959,2021-09-20 03:42:00,2021,9,20,3,42,13,13015,A51-Sens Aix en Provence vers Marseille,43.4552305281,5.3984338862,Nuit sans éclairage public,Hors agglomération,Hors intersection,Normale,Deux véhicules - frontale,1,1,2,0,1,1,1,0,1,90,,2,1,0,0,1,27.0,,,,3,1,1,1,1
202100017960,2021-09-11 20:45:00,2021,9,11,20,45,69,69256,EST (ROC),45.7956740704,4.9321437284,Nuit sans éclairage public,Hors agglomération,Hors intersection,Normale,Deux véhicules - arrière,2,1,2,0,1,1,1,3,1,90,,2,1,0,1,0,56.0,28.0,,,3,1,1,1,2
202100017961,2021-09-07 20:30:00,2021,9,7,20,30,69,69266,RD383   3.750 A 7.640,45.75627,4.90844,Nuit avec éclairage allumé,En agglomération,Hors intersection,Normale,Trois véhicules et plus - en chaîne,7,3,8,0,1,1,1,1,1,70,,3,2,0,0,1,29.0,28.0,,,5,2,1,1,4
202100017962,2021-09-20 09:10:00,2021,9,20,9,10,33,33249,Rocade Rive Droite N230,44.878758,-0.509464,Plein jour,Hors agglomération,Hors intersection,Pluie légère,Sans collision,2,3,6,0,1,1,2,0,1,90,,1,0,0,0,1,51.0,,,,1,1,1,2,7
202100017963,2021-09-14 11:55:00,2021,9,14,11,55,33,33039,,44.79676,-0.53823,Plein jour,Hors agglomération,Hors intersection,Normale,Deux véhicules - arrière,1,3,8,0,1,1,1,0,1,90,,2,0,0,0,2,65.0,73.0,,,1,1,1,1,2
202100017964,2021-09-17 17:55:00,2021,9,17,17,55,62,62528,AUTOROUTE A21,50.451916,2.814329,Plein jour,Hors agglomération,Hors intersection,Normale,Trois véhicules et plus - collisions multiples,1,-1,4,0,1,1,1,0,1,130,,3,2,0,1,0,21.0,45.0,,,1,1,1,1,5
202100017965,2021-09-20 18:40:00,2021,9,20,18,40,92,92019,AUTOROUTE A86,48.7606457938,2.2867897153,Plein jour,Hors agglomération,Hors intersection,Normale,Deux véhicules - arrière,1,3,2,0,1,1,1,0,1,90,,2,1,0,0,1,58.0,24.0,,,1,1,1,1,2
202100017966,2021-09-20 18:30:00,2021,9,20,18,30,91,91689,AUTOROUTE A6A,48.740825,2.320883,Plein jour,Hors agglomération,Hors intersection,Normale,Deux véhicules - côté,1,3,5,0,2,1,1,3,1,110,,3,2,0,1,0,51.0,35.0,,,1,1,1,1,3
202100017967,2021-09-20 12:55:00,2021,9,20,12,55,92,92002,AUTOROUTE A10,48.7351,2.3159,Plein jour,Hors agglomération,Hors intersection,Normale,Autre collision,1,1,3,0,1,1,1,0,8,110,,1,0,0,0,1,75.0,,,,1,1,1,1,6
202100017968,2021-09-20 06:55:00,2021,9,20,6,55,92,92002,AUTOROUTE A86,48.763550745,2.3084565997,Crépuscule ou aube,Hors agglomération,Hors intersection,Normale,Trois véhicules et plus - en chaîne,1,1,2,0,1,1,1,0,1,70,,4,3,0,0,1,32.0,64.0,,,2,1,1,1,4
202100017969,2021-09-20 08:30:00,2021,9,20,8,30,92,92063,A86,48.8854052429,2.1653848886,Plein jour,Hors agglomération,Hors intersection,Temps couvert,Autre collision,1,3,6,0,1,3,1,1,1,50,,1,0,0,0,1,24.0,,,,1,1,1,8,6
202100017970,2021-09-20 07:30:00,2021,9,20,7,30,95,95582,RD 170,48.9666859939,2.2729039192,Crépuscule ou aube,Hors agglomération,Hors intersection,Pluie légère,Deux véhicules - côté,3,3,4,0,1,1,2,0,1,70,,2,1,0,0,1,26.0,60.0,,,2,1,1,2,3
202100017971,2021-09-20 06:40:00,2021,9,20,6,40,93,93027,AUTOROUTE A86,48.92873,2.4152,Nuit sans éclairage public,Hors agglomération,Autre intersection,Pluie légère,Sans collision,1,3,4,0,1,1,2,9,1,90,,2,1,0,0,1,33.0,26.0,,,3,1,9,2,7
202100017972,2021-09-20 03:50:00,2021,9,20,3,50,93,93027,AUTOROUTE A86,48.9263982344,2.4028344808,Nuit sans éclairage public,Hors agglomération,Hors intersection,Pluie forte,Sans collision,1,1,3,0,1,1,4,0,1,90,,1,0,0,0,1,24.0,,,,3,1,1,3,7
202100017973,2021-09-20 00:50:00,2021,9,20,0,50,95,95527, A1,49.021392,2.534118,Nuit avec éclairage allumé,Hors agglomération,Hors intersection,Pluie forte,Autre collision,1,3,6,0,1,1,2,1,1,90,,1,0,0,0,1,29.0,,,,5,1,1,3,6
202100017974,2021-09-20 08:50:00,2021,9,20,8,50,77,77363,A104,48.924874,2.629479,Plein jour,Hors agglomération,Hors intersection,Normale,Deux véhicules - arrière,1,3,2,0,1,1,1,0,1,90,,3,2,0,0,1,31.0,48.0,,,1,1,1,1,2
202100017975,2021-05-15 15:07:00,2021,5,15,15,7,29,29019,Boulevard de l’Europe,48.41009,-4.51465,Plein jour,En agglomération,Intersection en X,Normale,Deux véhicules - arrière,4,3,3,0,1,1,1,5,1,50,,2,1,0,0,1,85.0,26.0,,,1,2,2,1,2
202100017976,2021-05-31 17:15:00,2021,5,31,17,15,38,38563,Avenue du 8 Mai 1945,45.37542,5.58078,Plein jour,En agglomération,Intersection en T,Normale,Deux véhicules - côté,3,-1,2,0,2,1,1,0,1,50,,2,1,0,0,1,51.0,13.0,,,1,2,3,1,3
202100017977,2021-09-18 13:00:00,2021,9,18,13,0,76,76540,CAUCHOISE. PLACE,49.44551,1.08618,Plein jour,En agglomération,Hors intersection,Normale,Autre collision,7,2,4,3,2,3,1,-1,1,50,,2,1,0,1,0,23.0,,,,1,2,1,1,6
202100017978,2021-09-19 11:30:00,2021,9,19,11,30,61,61077,QUAKENBRUCK (AVENUE DE),48.4465119218,0.1127840376,Plein jour,Hors agglomération,Giratoire,Pluie légère,Sans collision,3,1,1,0,1,2,2,0,1,50,,2,1,0,0,1,14.0,,,,1,1,6,2,7
202100017979,2021-09-14 16:40:00,2021,9,14,16,40,22,22113,SAINT MARC (LIEU DIT),48.7338765966,-3.4422767339,Plein jour,En agglomération,Autre intersection,Normale,Autre collision,4,2,2,0,1,1,1,9,1,30,,2,1,0,0,1,72.0,,,,1,2,9,1,6
202100017980,2021-09-19 16:20:00,2021,9,19,16,20,974,97411,MONTAGNE (ROUTE DE LA),-20.900165,55.4628124,Plein jour,Hors agglomération,Hors intersection,Normale,Autre collision,3,2,2,0,2,2,9,0,1,50,,1,0,0,0,1,25.0,,,,1,1,1,1,6
202100017981,2021-09-18 10:13:00,2021,9,18,10,13,973,97302,LEBLOND (ROND POINT),4.9207816057,-52.330321312,Plein jour,En agglomération,Hors intersection,Normale,Deux véhicules - côté,2,2,2,0,1,1,1,0,1,50,,2,1,0,0,1,71.0,30.0,,,1,2,1,1,3
202100017982,2021-09-19 06:15:00,2021,9,19,6,15,69,69383,ALBERT THOMAS (CR),45.7435944929,4.876979515,Nuit avec éclairage allumé,En agglomération,Intersection en X,Pluie légère,Deux véhicules - côté,4,2,4,0,1,1,2,0,1,50,,2,1,0,0,1,26.0,54.0,,,5,2,2,2,3
202100017983,2021-09-19 01:00:00,2021,9,19,1,0,69,69383,ANDRE PHILIP (R),45.7528,4.85209,Nuit avec éclairage allumé,En agglomération,Intersection en X,Pluie forte,Deux véhicules - côté,4,2,2,3,1,1,2,5,1,50,,3,2,0,1,0,22.0,,,,5,2,2,3,3
202100017984,2021-09-19 02:47:00,2021,9,19,2,47,69,69381,TERME (R),45.769808168,4.8309650341,Nuit avec éclairage allumé,En agglomération,Hors intersection,Pluie légère,Autre collision,4,1,1,0,2,1,2,1,1,50,,1,0,0,0,1,35.0,,,,5,2,1,2,6
202100017985,2021-09-19 15:55:00,2021,9,19,15,55,95,95428,RD 144,48.99325,2.32342,Plein jour,En agglomération,Intersection en X,Normale,Deux véhicules - côté,3,2,2,0,2,1,1,0,1,30,,2,1,0,0,1,74.0,16.0,,,1,2,2,1,3
202100017986,2021-09-19 05:45:00,2021,9,19,5,45,91,91549,JACQUES DUCLOS (AVENUE),48.634528,2.343741,Nuit avec éclairage allumé,En agglomération,Intersection en X,Normale,Deux véhicules - arrière,3,3,2,0,1,1,1,0,1,50,,2,1,0,0,1,22.0,25.0,,,5,2,2,1,2
202100017987,2021-09-18 20:10:00,2021,9,18,20,10,91,91377,AV DE L EUROPE,48.726737,2.278093,Nuit avec éclairage allumé,En agglomération,Hors intersection,Pluie légère,Sans collision,3,1,3,0,1,1,2,0,1,50,,1,0,0,0,1,24.0,,,,5,2,1,2,7
202100017988,2021-09-18 12:50:00,2021,9,18,12,50,91,91191,REPUBLIQUE (AVENUE DE LA),48.72121,2.45024,Plein jour,En agglomération,Hors intersection,Normale,Autre collision,3,2,2,0,1,1,1,0,1,50,,2,1,0,0,1,59.0,,,,1,2,1,1,6
202100017989,2021-09-19 14:25:00,2021,9,19,14,25,83,83137,CARNOT (AVE LAZARE),43.12921,5.92411,Plein jour,En agglomération,Hors intersection,Normale,Autre collision,4,2,2,0,1,1,1,0,1,50,,2,0,0,0,2,36.0,,,,1,2,1,1,6
202100017990,2021-09-16 18:45:00,2021,9,16,18,45,83,83069,AVENUE RITONDALE LEOPOLD,43.11562,6.13918,Plein jour,En agglomération,Intersection en T,Normale,Deux véhicules - arrière,7,1,2,0,1,1,1,0,1,50,,2,1,0,0,1,62.0,69.0,,,1,2,3,1,2
202100017991,2021-08-26 19:35:00,2021,8,26,19,35,83,83050,RD 54,43.52392,6.525519,Plein jour,Hors agglomération,Hors intersection,Normale,Deux véhicules - frontale,3,2,2,0,2,2,1,0,1,70,,2,1,0,0,1,25.0,25.0,,,1,1,1,1,1
202100017992,2021-09-19 06:25:00,2021,9,19,6,25,82,82121,SAINT-ETIENNE DE TULMONT (ROUTE),44.03268,1.41511,Nuit sans éclairage public,Hors agglomération,Hors intersection,Pluie légère,Autre collision,4,2,2,0,1,3,2,0,8,70,,4,0,0,3,1,19.0,,,,3,1,1,2,6
202100017993,2021-09-19 14:25:00,2021,9,19,14,25,78,78638,GENERAL DE GAULLE (RUE DU),49.004569,1.967111,Plein jour,En agglomération,Intersection en X,Normale,Deux véhicules - arrière,3,-1,0,0,1,1,1,9,1,50,,2,1,0,0,1,33.0,31.0,,,1,2,2,1,2
202100017994,2021-09-19 02:20:00,2021,9,19,2,20,76,76540,NANSEN. RUE FRIDTJOF,49.445093766,1.063101661,Nuit avec éclairage allumé,En agglomération,Hors intersection,Pluie légère,Autre collision,4,2,3,1,1,3,2,-1,1,50,,1,0,1,0,0,36.0,,,,5,2,1,2,6
202100017995,2021-09-19 17:36:00,2021,9,19,17,36,72,72181,MAC JEAN (AV) N° IMP 107 ET plus,47.97856,0.22718,Plein jour,En agglomération,Hors intersection,Normale,Deux véhicules - arrière,4,2,2,0,1,1,1,0,1,50,,2,1,0,0,1,17.0,22.0,,,1,2,1,1,2
202100017996,2021-09-14 08:40:00,2021,9,14,8,40,69,69256,LOUIS DUCLOS (R),45.78635,4.92603,Plein jour,En agglomération,Intersection en Y,Normale,Autre collision,4,1,1,0,1,1,1,8,1,30,,2,1,0,0,1,30.0,,,,1,2,4,1,6
202100017997,2021-09-19 21:15:00,2021,9,19,21,15,64,64129,JEAN MERMOZ,43.31345,-0.37765,Nuit avec éclairage allumé,En agglomération,Hors intersection,Normale,Deux véhicules - côté,4,2,3,0,1,1,1,0,1,50,,2,0,0,0,2,23.0,24.0,,,5,2,1,1,3
202100017998,2021-09-17 17:30:00,2021,9,17,17,30,62,62225,ARQUES (ROUTE D'..............),50.757935,2.303281,Plein jour,En agglomération,Hors intersection,Normale,Deux véhicules - frontale,3,-1,2,0,1,1,9,9,1,70,,3,0,0,2,1,63.0,26.0,,,1,2,1,1,1
202100017999,2021-09-19 19:45:00,2021,9,19,19,45,60,60057,Rue Gambetta,49.4330432787,2.0847279131,Plein jour,En agglomération,Hors intersection,Normale,Autre collision,4,-1,0,0,1,1,1,6,4,30,,2,1,0,0,1,23.0,,,,1,2,1,1,6
202100018000,2021-09-19 00:20:00,2021,9,19,0,20,59,59009,BOIS AVENUE DU,50.63168,3.14064,Nuit avec éclairage non allumé,En agglomération,Intersection en X,Normale,Deux véhicules - côté,7,2,3,0,2,1,1,0,1,50,,6,0,1,1,4,45.0,43.0,,,4,2,2,1,3
202100018001,2021-09-19 17:58:00,2021,9,19,17,58,51,51454,Rue de Courlancy,49.2457779495,4.0176087073,Plein jour,En agglomération,Intersection en X,Normale,Sans collision,4,2,2,0,1,1,1,0,1,30,,3,2,0,0,1,40.0,,,,1,2,2,1,7
202100018002,2021-09-18 18:00:00,2021,9,18,18,0,51,51454,Avenue de Champagne,49.2189448102,4.0205202948,Plein jour,En agglomération,Hors intersection,Normale,Deux véhicules - arrière,3,1,2,0,1,1,1,0,1,70,,4,2,0,0,2,27.0,20.0,,,1,2,1,1,2