accident_id,datetime,annee,mois,jour,heure,minute,departement,commune_insee,adresse,latitude,longitude,luminosite,agglomeration,intersection,meteo,collision,catr,circ,nbv,vosp,prof,plan,surf,infra,situ,vma,nb_vehicules,nb_usagers,nb_indemnes,nb_tues,nb_blesses_hosp,nb_blesses_legers,age_cond_1,age_cond_2,veh_type_cond_1,veh_type_cond_2,lum_code,agg_code,int_code,atm_code,col_code
202100018003,2021-09-19 23:05:00,2021,9,19,23,5,38,38421,Avenue de la Galochère,45.17063,5.76865,Nuit avec éclairage allumé,En agglomération,Hors intersection,Normale,Autre collision,7,2,-1,0,1,1,1,0,1,50,,2,0,0,2,0,26.0,,,,5,2,1,1,6
202100018004,2021-09-19 06:10:00,2021,9,19,6,10,38,38185,Rue de Turenne,45.18296,5.71842,Nuit avec éclairage allumé,En agglomération,Hors intersection,Pluie légère,Autre collision,4,-1,0,0,1,1,2,0,1,1,,2,1,0,0,1,33.0,,,,5,2,1,2,6
202100018005,2021-09-19 03:10:00,2021,9,19,3,10,35,35238,GERARD (MICHEL),48.08801,-1.63817,Nuit sans éclairage public,En agglomération,Hors intersection,Normale,Autre collision,4,2,2,0,1,1,1,0,3,50,,3,2,0,0,1,21.0,,,,3,2,1,1,6
202100018006,2021-09-19 19:10:00,2021,9,19,19,10,34,34108,MONTPELLIER (ROUTE DE),43.4594481328,3.7641740353,Plein jour,En agglomération,Hors intersection,Normale,Deux véhicules - côté,4,2,2,2,1,1,1,0,1,30,,2,1,0,1,0,17.0,33.0,,,1,2,1,1,3
202100018007,2021-09-19 17:50:00,2021,9,19,17,50,25,25056,FAURE AVENUE EDGAR,47.24299,6.0172,Plein jour,En agglomération,Hors intersection,Pluie légère,Autre collision,4,2,3,0,2,2,2,0,4,50,,1,0,0,0,1,20.0,,,,1,2,1,2,6
202100018008,2021-09-18 18:15:00,2021,9,18,18,15,13,13005,CD 2 (CAMP MAJOR),43.2882487404,5.5422177797,Plein jour,En agglomération,Hors intersection,Normale,Deux véhicules - arrière,3,2,2,0,1,1,1,0,1,50,,2,1,0,0,1,30.0,60.0,,,1,2,1,1,2
202100018009,2021-09-18 17:15:00,2021,9,18,17,15,09,09225,ESCOSSE CHEMIN D',43.1276,1.60477,Plein jour,Hors agglomération,Hors intersection,Pluie légère,Autre collision,3,2,2,0,1,3,2,0,1,80,,3,0,1,2,0,20.0,,,,1,1,1,2,6
202100018010,2021-09-18 23:30:00,2021,9,18,23,30,07,07138,,44.5923,4.42567,Nuit sans éclairage public,Hors agglomération,Hors intersection,Temps couvert,Autre collision,2,2,2,0,2,2,1,0,3,70,,1,0,0,0,1,37.0,,,,3,1,1,8,6
202100018011,2021-09-19 18:55:00,2021,9,19,18,55,06,06088,CORNIGLION MOLINIER (BD),43.666711,7.215027,Plein jour,En agglomération,Hors intersection,Normale,Deux véhicules - arrière,7,1,3,0,1,1,1,0,1,70,,3,2,0,1,0,50.0,48.0,,,1,2,1,1,2
202100018012,2021-09-19 18:50:00,2021,9,19,18,50,75,75120,BD PERIPHERIQUE INTERIEUR,48.868742,2.413252,Crépuscule ou aube,En agglomération,Hors intersection,Normale,Trois véhicules et plus - en chaîne,4,1,4,0,1,1,1,0,1,70,,6,5,0,0,1,30.0,39.0,,,2,2,1,1,4
202100018013,2021-09-19 16:15:00,2021,9,19,16,15,75,75117,BD PERIPHERIQUE INTERIEUR,48.880992,2.282333,Plein jour,En agglomération,Hors intersection,Normale,Deux véhicules - côté,4,1,4,0,1,1,1,0,1,70,,2,1,0,0,1,39.0,52.0,,,1,2,1,1,3
202100018014,2021-09-19 07:40:00,2021,9,19,7,40,75,75119,BD PERIPHERIQUE EXTERIEUR,48.895385,2.394802,Plein jour,En agglomération,Hors intersection,Normale,Trois véhicules et plus - en chaîne,4,1,4,0,1,1,1,0,1,70,,3,2,0,0,1,47.0,35.0,,,1,2,1,1,4
202100018015,2021-09-18 14:10:00,2021,9,18,14,10,75,75112,BD PERIPHERIQUE INTERIEUR,48.830927,2.402991,Plein jour,En agglomération,Hors intersection,Normale,Trois véhicules et plus - en chaîne,4,1,4,0,1,1,1,1,1,70,,5,4,0,0,1,53.0,29.0,,,1,2,1,1,4
202100018016,2021-09-17 20:25:00,2021,9,17,20,25,75,75117,BD PERIPHERIQUE INTERIEUR,48.885193,2.287302,Crépuscule ou aube,En agglomération,Hors intersection,Normale,Trois véhicules et plus - en chaîne,4,1,4,0,1,1,1,1,1,70,,4,3,0,0,1,25.0,23.0,,,2,2,1,1,4
202100018017,2021-09-19 01:45:00,2021,9,19,1,45,75,75106,PASSAGE DE LA PETITE BOUCHERIE,48.853666,2.335644,Nuit avec éclairage allumé,En agglomération,Hors intersection,Normale,Autre collision,4,1,1,0,1,1,1,0,1,30,,2,1,0,0,1,59.0,,,,5,2,1,1,6
202100018018,2021-09-19 08:34:00,2021,9,19,8,34,75,75118,RUE D ORSEL,48.883928,2.344579,Plein jour,En agglomération,Intersection en X,Normale,Deux véhicules - côté,4,2,2,0,1,1,1,0,1,30,,2,1,0,0,1,54.0,35.0,,,1,2,2,1,3
202100018019,2021-09-19 20:44:00,2021,9,19,20,44,75,75116,BOULEVARD MURAT,48.843704,2.256733,Nuit avec éclairage allumé,En agglomération,Hors intersection,Normale,Deux véhicules - arrière,4,2,4,0,1,1,2,0,1,30,,2,1,0,0,1,75.0,45.0,,,5,2,1,1,2
202100018020,2021-09-19 19:50:00,2021,9,19,19,50,75,75116,AVENUE DE MALAKOFF,48.87317,2.284439,Nuit sans éclairage public,En agglomération,Intersection en X,Pluie légère,Autre collision,4,2,3,0,1,1,2,0,1,30,,2,1,0,0,1,45.0,,,,3,2,2,2,6
202100018021,2021-09-19 15:20:00,2021,9,19,15,20,75,75115,AVENUE DE LOWENDAL,48.848826,2.302463,Plein jour,En agglomération,Intersection en X,Normale,Autre collision,4,2,4,0,1,1,1,0,1,30,,2,1,0,0,1,25.0,,,,1,2,2,1,6
202100018022,2021-09-18 12:10:00,2021,9,18,12,10,75,75115,RUE DE VAUGIRARD,48.836907,2.295821,Plein jour,En agglomération,Intersection en T,Normale,Deux véhicules - côté,4,2,4,3,1,1,1,0,6,30,,4,2,0,0,2,56.0,22.0,,,1,2,3,1,3
202100018023,2021-09-19 04:10:00,2021,9,19,4,10,75,75115,BOULEVARD DE GRENELLE,48.850136,2.294113,Nuit avec éclairage allumé,En agglomération,Hors intersection,Normale,Sans collision,4,3,2,0,1,1,1,0,1,30,,1,0,0,0,1,17.0,,,,5,2,1,1,7
202100018024,2021-09-19 00:50:00,2021,9,19,0,50,75,75113,QUAI D AUSTERLITZ,48.84067,2.369643,Nuit avec éclairage allumé,En agglomération,Hors intersection,Normale,Autre collision,4,2,2,0,1,1,1,0,1,30,,2,1,0,0,1,31.0,,,,5,2,1,1,6
202100018025,2021-09-18 12:55:00,2021,9,18,12,55,75,75112,AVENUE DE NOGENT,48.841446,2.45081,Plein jour,En agglomération,Hors intersection,Normale,Trois véhicules et plus - en chaîne,4,2,2,0,1,1,1,0,1,50,,3,2,0,0,1,47.0,55.0,,,1,2,1,1,4
202100018026,2021-09-18 23:40:00,2021,9,18,23,40,75,75104,BOULEVARD BOURDON,48.8472605441,2.3648966911,Nuit avec éclairage allumé,En agglomération,Intersection en Y,Normale,Trois véhicules et plus - en chaîne,4,1,4,0,1,1,1,0,1,50,,6,4,0,0,2,47.0,33.0,,,5,2,4,1,4
202100018027,2021-09-19 13:00:00,2021,9,19,13,0,75,75111,RUE DE LA FOLIE REGNAULT,48.861177,2.385855,Plein jour,En agglomération,Intersection en X,Normale,Deux véhicules - côté,4,2,2,0,1,1,1,0,1,30,,4,2,0,0,2,23.0,64.0,,,1,2,2,1,3
202100018028,2021-09-19 12:35:00,2021,9,19,12,35,75,75111,BOULEVARD VOLTAIRE,48.8652,2.367681,Plein jour,En agglomération,Intersection en X,Normale,Autre collision,4,2,4,1,1,1,1,0,5,30,,2,0,0,0,2,47.0,,,,1,2,2,1,6
202100018029,2021-09-19 09:52:00,2021,9,19,9,52,75,75110,RUE LA FAYETTE,48.879475,2.357726,Plein jour,En agglomération,Intersection en X,Normale,Autre collision,4,2,4,0,1,1,1,8,1,30,,2,1,0,0,1,,,,,1,2,2,1,6
202100018030,2021-09-19 18:40:00,2021,9,19,18,40,75,75101,RUE DE RIVOLI,48.8605034015,2.3421397805,Crépuscule ou aube,En agglomération,Intersection en T,Normale,Deux véhicules - frontale,4,2,4,1,1,1,1,0,5,30,,2,0,0,0,2,36.0,19.0,,,2,2,3,1,1
202100018031,2021-09-19 11:08:00,2021,9,19,11,8,94,94078,PARIS (R DE),48.740738,2.44672,Plein jour,En agglomération,Hors intersection,Normale,Deux véhicules - arrière,2,1,2,0,1,1,1,0,1,50,,2,1,0,0,1,45.0,30.0,,,1,2,1,1,2
202100018032,2021-09-19 17:00:00,2021,9,19,17,0,94,94038,Rue du Commandant l’Herminier,48.77101,2.32405,Plein jour,En agglomération,Intersection en X,Normale,Deux véhicules - côté,4,2,1,0,2,1,1,0,1,50,,5,4,0,0,1,54.0,24.0,,,1,2,2,1,3
202100018033,2021-09-19 01:50:00,2021,9,19,1,50,94,94069,Avenue de Gravelle,48.82407,2.41996,Nuit avec éclairage allumé,En agglomération,Intersection en X,Normale,Deux véhicules - côté,3,2,2,-1,1,1,1,0,1,-1,,4,3,0,0,1,20.0,26.0,,,5,2,2,1,3
202100018034,2021-09-19 02:15:00,2021,9,19,2,15,93,93066,Rue Ambroise Croizat,48.9323024554,2.3489661871,Nuit sans éclairage public,En agglomération,Hors intersection,Normale,Deux véhicules - arrière,3,2,2,0,2,1,1,9,1,30,,2,1,0,0,1,71.0,39.0,,,3,2,1,1,2
202100018035,2021-09-18 22:35:00,2021,9,18,22,35,92,92002,DIVISION LECLERC (31 A 51 -36 A 56 BIS),48.74679,2.30368,Nuit avec éclairage allumé,En agglomération,Hors intersection,Normale,Sans collision,3,1,1,2,1,1,1,0,1,50,,1,0,0,0,1,37.0,,,,5,2,1,1,7
202100018036,2021-09-18 20:00:00,2021,9,18,20,0,63,63345,D 2089 ROUTE DU MONT DORE,45.706663,3.03492,Nuit sans éclairage public,Hors agglomération,Hors intersection,Pluie forte,Deux véhicules - frontale,7,2,2,0,2,2,2,0,1,80,,2,0,0,1,1,24.0,33.0,,,3,1,1,3,1
202100018037,2021-09-19 15:10:00,2021,9,19,15,10,37,37147,La Groie,47.0500027703,0.521974929,Plein jour,Hors agglomération,Hors intersection,Normale,Deux véhicules - frontale,4,2,2,0,1,1,1,0,1,80,,2,1,0,1,0,15.0,45.0,,,1,1,1,1,1
202100018038,2021-09-18 14:00:00,2021,9,18,14,0,76,76532,A28 - PK 81+600,49.5936441902,1.2760538857,Plein jour,Hors agglomération,Hors intersection,Normale,Sans collision,1,3,4,0,1,1,1,0,2,130,,1,0,0,1,0,73.0,,,,1,1,1,1,7
202100018039,2021-09-20 08:25:00,2021,9,20,8,25,85,85034,A83,46.628033,-1.148036,Plein jour,Hors agglomération,Hors intersection,Normale,Trois véhicules et plus - collisions multiples,1,3,4,0,1,1,1,0,1,130,,4,2,0,1,1,49.0,48.0,,,1,1,1,1,5
202100018040,2021-09-19 20:35:00,2021,9,19,20,35,33,33355,D10,44.667459,-0.350592,Nuit avec éclairage allumé,En agglomération,Intersection en T,Temps couvert,Deux véhicules - frontale,3,2,2,0,1,1,2,0,1,50,,2,1,0,1,0,,16.0,,,5,2,3,8,1
202100018041,2021-09-19 16:25:00,2021,9,19,16,25,36,36233,,47.25229,1.544232,Plein jour,Hors agglomération,Hors intersection,Pluie légère,Sans collision,3,2,2,0,1,1,2,0,8,90,,2,1,0,1,0,77.0,,,,1,1,1,2,7
202100018042,2021-09-18 10:45:00,2021,9,18,10,45,62,62645,Avenue Paul Machy,50.978058,2.042481,Plein jour,En agglomération,Hors intersection,Normale,Autre collision,3,2,2,0,1,1,1,6,1,50,,2,1,0,1,0,31.0,,,,1,2,1,1,6
202100018043,2021-09-19 22:15:00,2021,9,19,22,15,26,26106,Autoroute A7,44.644895,4.79233,Nuit sans éclairage public,Hors agglomération,Hors intersection,Pluie légère,Deux véhicules - arrière,1,3,5,0,1,1,2,0,1,130,,5,1,0,0,4,31.0,28.0,,,3,1,1,2,2
202100018044,2021-09-19 23:20:00,2021,9,19,23,20,17,17142,N11,46.182802,-1.083376,Nuit sans éclairage public,Hors agglomération,Hors intersection,Pluie forte,Sans collision,2,3,4,0,1,1,2,0,8,90,,1,0,0,1,0,22.0,,,,3,1,1,3,7
202100018045,2021-09-19 06:15:00,2021,9,19,6,15,44,44224,N171 - PR 37,47.536645,-1.64958,Nuit sans éclairage public,Hors agglomération,Hors intersection,Normale,Sans collision,2,2,2,0,1,1,1,0,1,80,,1,0,0,1,0,22.0,,,,3,1,1,1,7
202100018046,2021-09-19 14:10:00,2021,9,19,14,10,58,58238,A77 PK156+700,46.99729,3.205433,Plein jour,Hors agglomération,Hors intersection,Pluie forte,Autre collision,1,3,4,0,1,1,2,0,3,110,,2,1,0,1,0,75.0,,,,1,1,1,3,6
202100018047,2021-09-17 19:30:00,2021,9,17,19,30,47,47233,Route du Traversant,44.5366244189,0.1096035341,Crépuscule ou aube,Hors agglomération,Intersection en Y,Normale,Deux véhicules - côté,4,2,2,0,1,1,1,0,1,70,,2,1,0,1,0,19.0,51.0,,,2,1,4,1,3
202100018048,2021-09-20 14:30:00,2021,9,20,14,30,62,62268,Route de Boulogne,50.6698,1.820565,Plein jour,En agglomération,Hors intersection,Normale,Autre collision,3,2,2,0,1,1,1,0,4,50,,1,0,0,0,1,21.0,,,,1,2,1,1,6
202100018049,2021-09-18 23:30:00,2021,9,18,23,30,76,76325,Route de Rouen,49.675029,0.822435,Nuit sans éclairage public,Hors agglomération,Hors intersection,Normale,Trois véhicules et plus - collisions multiples,3,2,2,0,1,1,1,0,1,80,,7,1,0,0,6,52.0,22.0,,,3,1,1,1,5
202100018050,2021-09-17 17:50:00,2021,9,17,17,50,76,76482,Rue Jean Jaurès,49.869107,1.049044,Plein jour,En agglomération,Intersection en Y,Normale,Autre collision,3,2,2,0,1,2,1,6,1,30,,2,1,0,1,0,32.0,,,,1,2,4,1,6
202100018051,2021-09-20 09:45:00,2021,9,20,9,45,65,65473,D913,42.9652918382,-0.0606398486,Plein jour,Hors agglomération,Hors intersection,Pluie légère,Autre collision,3,2,2,0,1,2,2,0,3,80,,1,0,1,0,0,55.0,,,,1,1,1,2,6
202100018052,2021-09-19 22:56:00,2021,9,19,22,56,33,33394,Lieu Dit Cantenac,44.894852,-0.202541,Nuit sans éclairage public,Hors agglomération,Hors intersection,Pluie légère,Autre collision,3,2,2,0,1,1,2,0,3,80,,2,0,0,2,0,19.0,,,,3,1,1,2,6
202100018053,2021-09-20 07:34:00,2021,9,20,7,34,71,71430,D48,46.802191,4.704721,Crépuscule ou aube,Hors agglomération,Intersection en T,Pluie légère,Deux véhicules - côté,3,2,2,0,1,1,2,0,1,80,,3,2,0,1,0,49.0,23.0,,,2,1,3,2,3
202100018054,2021-09-18 07:49:00,2021,9,18,7,49,55,55472,N4 - PK41,48.705966,5.475569,Plein jour,Hors agglomération,Hors intersection,Normale,Sans collision,2,3,4,0,2,1,1,0,1,110,,1,0,0,0,1,34.0,,,,1,1,1,1,7
202100018055,2021-09-19 16:38:00,2021,9,19,16,38,44,44131,D286,47.128411,-2.116424,Plein jour,Hors agglomération,Autre intersection,Normale,Deux véhicules - côté,3,1,1,0,1,2,1,0,1,-1,,3,2,0,0,1,69.0,15.0,,,1,1,9,1,3
202100018056,2021-09-14 17:30:00,2021,9,14,17,30,31,31517,2 rue pierre curie,43.32975,1.322318,Plein jour,En agglomération,Autre intersection,Normale,Autre collision,4,1,1,0,1,1,1,9,1,50,,2,1,0,0,1,76.0,,,,1,2,9,1,6
202100018057,2021-09-18 23:22:00,2021,9,18,23,22,26,26337,ROUTE NATIONALE 7,44.712449,4.802828,Nuit sans éclairage public,Hors agglomération,Hors intersection,Pluie légère,Autre collision,2,2,3,0,1,1,2,0,1,80,,3,0,0,0,3,43.0,,,,3,1,1,2,6
202100018058,2021-09-19 19:30:00,2021,9,19,19,30,66,66148,D914,42.510083621,3.1158977374,Plein jour,Hors agglomération,Hors intersection,Normale,Deux véhicules - frontale,3,2,2,0,2,2,1,0,1,80,,2,1,0,1,0,45.0,71.0,,,1,1,1,1,1
202100018059,2021-08-19 23:50:00,2021,8,19,23,50,72,72144,Rue du Bas du Bourg,48.134064,0.798917,Nuit sans éclairage public,Hors agglomération,Hors intersection,Normale,Autre collision,4,2,2,0,2,4,1,0,3,-1,,1,0,0,1,0,35.0,,,,3,1,1,1,6
202100018060,2021-09-19 16:00:00,2021,9,19,16,0,43,43163,D503,45.249114,4.438075,Plein jour,Hors agglomération,Hors intersection,Pluie forte,Deux véhicules - frontale,3,2,2,0,1,3,2,0,1,80,,5,2,1,2,0,80.0,82.0,,,1,1,1,3,1
202100018061,2021-09-19 11:15:00,2021,9,19,11,15,85,85026,D747,46.554002,-1.447642,Plein jour,Hors agglomération,Hors intersection,Normale,Deux véhicules - frontale,3,2,2,0,1,1,1,0,1,80,,3,2,0,0,1,21.0,19.0,,,1,1,1,1,1
202100018062,2021-09-19 13:55:00,2021,9,19,13,55,30,30121,D35,43.8420692943,4.0228997357,Plein jour,Hors agglomération,Hors intersection,Normale,Deux véhicules - frontale,3,2,2,0,2,3,1,0,1,80,,5,4,0,1,0,24.0,57.0,,,1,1,1,1,1
202100018063,2021-09-10 14:45:00,2021,9,10,14,45,13,13051,PK 32+100 route départementale 113,43.586305,5.12884,Plein jour,Hors agglomération,Hors intersection,Normale,Deux véhicules - côté,7,2,2,0,1,1,1,0,1,-1,,2,1,0,0,1,54.0,20.0,,,1,1,1,1,3
202100018064,2021-09-20 09:30:00,2021,9,20,9,30,67,67478,autoroute A4 - PK441+700,48.777828,7.408433,Plein jour,Hors agglomération,Hors intersection,Normale,Deux véhicules - arrière,1,3,4,0,1,1,1,0,1,130,,3,2,0,0,1,24.0,45.0,,,1,1,1,1,2
202100018065,2021-09-20 10:10:00,2021,9,20,10,10,988,98803,RT3 - BOURAIL,-21.45233,165.48685,Plein jour,Hors agglomération,Hors intersection,Normale,Autre collision,2,2,2,0,2,3,1,0,3,90,,2,0,0,0,2,26.0,,,,1,1,1,1,6
202100018066,2021-09-20 13:28:00,2021,9,20,13,28,974,97415,Chemin Bruniquel (gil les Bs),-21.097633,55.247165,Plein jour,Hors agglomération,Hors intersection,Temps couvert,Deux véhicules - arrière,2,2,2,0,3,3,1,0,4,70,,2,1,1,0,0,39.0,37.0,,,1,1,1,8,2
202100018067,2021-09-20 11:40:00,2021,9,20,11,40,971,97121,Rue de la Bataille Anse Guyonn,16.228062,-61.786632,Plein jour,En agglomération,Hors intersection,Normale,Deux véhicules - frontale,2,2,2,0,1,4,1,0,1,50,,2,1,0,1,0,22.0,33.0,,,1,2,1,1,1
202100018068,2021-09-15 05:15:00,2021,9,15,5,15,33,33214,contournement du moutchic,45.007584,-1.132134,Nuit sans éclairage public,Hors agglomération,Hors intersection,Normale,Sans collision,3,2,2,0,1,1,1,0,3,-1,,2,1,0,1,0,22.0,,,,3,1,1,1,7
202100018069,2021-09-19 22:00:00,2021,9,19,22,0,77,77112,D98,48.24659,2.619826,Nuit sans éclairage public,Hors agglomération,Hors intersection,Pluie légère,Autre collision,3,2,2,0,1,2,2,0,1,50,,1,0,0,1,0,20.0,,,,3,1,1,2,6
202100018070,2021-09-19 07:27:00,2021,9,19,7,27,95,95054,RD 43,49.151051,1.884716,Crépuscule ou aube,Hors agglomération,Hors intersection,Normale,Autre collision,3,2,2,0,1,1,6,0,3,80,,1,0,0,1,0,58.0,,,,2,1,1,1,6
202100018071,2021-09-19 17:10:00,2021,9,19,17,10,2B,2B223,30,42.524629,9.186008,Plein jour,Hors agglomération,Hors intersection,Normale,Autre collision,2,2,2,0,2,1,1,0,1,80,,2,1,0,0,1,35.0,,,,1,1,1,1,6
202100018072,2021-09-20 18:45:00,2021,9,20,18,45,2B,2B314,piste de saleccia,42.7159303757,9.2086887359,Plein jour,Hors agglomération,Hors intersection,Normale,Autre collision,4,2,2,0,2,1,9,0,3,30,,2,1,0,1,0,29.0,,,,1,1,1,1,6
202100018073,2021-09-19 01:30:00,2021,9,19,1,30,2B,2B055,T20,42.5069389503,9.3308687213,Nuit sans éclairage public,Hors agglomération,Hors intersection,Normale,Trois véhicules et plus - en chaîne,2,2,2,0,2,3,1,9,1,80,,6,4,0,1,1,52.0,56.0,,,3,1,1,1,4
202100018074,2021-09-18 22:50:00,2021,9,18,22,50,34,34151,Boulevard Uni Apollon,43.663756,4.18085,Nuit avec éclairage allumé,En agglomération,Hors intersection,Normale,Deux véhicules - frontale,4,2,2,0,1,3,1,0,1,50,,2,1,0,0,1,15.0,50.0,,,5,2,1,1,1
202100018075,2021-09-11 11:30:00,2021,9,11,11,30,13,13081,N Rd 113 Les levades,43.494806,5.216789,Plein jour,Hors agglomération,Autre intersection,Normale,Deux véhicules - côté,7,2,4,0,1,1,1,3,1,90,,2,1,0,1,0,20.0,59.0,,,1,1,9,1,3
202100018076,2021-09-19 19:45:00,2021,9,19,19,45,13,13035,Rue du Couvent,43.694912,5.032682,Crépuscule ou aube,En agglomération,Hors intersection,Normale,Deux véhicules - frontale,7,2,1,0,1,1,1,0,8,50,,2,1,0,0,1,42.0,73.0,,,2,2,1,1,1
202100018077,2021-09-19 15:30:00,2021,9,19,15,30,13,13110,1691 Route de Saint-Maximin,43.457019,5.706673,Plein jour,Hors agglomération,Hors intersection,Normale,Trois véhicules et plus - collisions multiples,7,2,2,0,1,1,1,0,3,80,,1,0,0,1,0,65.0,,,,1,1,1,1,5
202100018078,2021-09-20 10:00:00,2021,9,20,10,0,52,52102,D74,47.890507,5.368195,Plein jour,Hors agglomération,Hors intersection,Temps couvert,Deux véhicules - frontale,3,2,2,0,1,1,1,0,1,90,,2,1,1,0,0,50.0,57.0,,,1,1,1,8,1
202100018079,2021-09-03 14:55:00,2021,9,3,14,55,38,38110,Route de Leveau,45.564038,4.869813,Plein jour,Hors agglomération,Hors intersection,Normale,Sans collision,3,2,2,0,1,2,1,0,8,90,,1,0,0,1,0,39.0,,,,1,1,1,1,7
202100018080,2021-09-15 07:15:00,2021,9,15,7,15,38,38562,"D85,",45.08332,5.762973,Crépuscule ou aube,Hors agglomération,Hors intersection,Pluie légère,Deux véhicules - côté,2,2,2,0,1,1,2,0,1,80,,2,1,0,0,1,26.0,66.0,,,2,1,1,2,3
202100018081,2021-09-13 08:15:00,2021,9,13,8,15,38,38562,Vizille,45.082657,5.766149,Plein jour,En agglomération,Giratoire,Normale,Deux véhicules - côté,4,2,2,3,1,3,1,0,6,50,,2,1,0,1,0,31.0,43.0,,,1,2,6,1,3
202100018082,2021-09-19 15:35:00,2021,9,19,15,35,81,81100,D45,43.480042,2.008594,Plein jour,Hors agglomération,Intersection en T,Temps couvert,Deux véhicules - côté,3,2,2,0,1,1,1,0,1,80,,3,1,0,1,1,39.0,40.0,,,1,1,3,8,3
202100018083,2021-09-19 05:30:00,2021,9,19,5,30,59,59134,Route d Avesnes,50.09745,3.851681,Nuit sans éclairage public,Hors agglomération,Hors intersection,Normale,Autre collision,3,-1,2,0,1,3,1,0,1,70,,1,0,0,0,1,18.0,,,,3,1,1,1,6
202100018084,2021-09-16 07:00:00,2021,9,16,7,0,59,59416,Route d Hazebrouck,50.684296,2.570934,Crépuscule ou aube,Hors agglomération,Hors intersection,Brouillard / fumée,Autre collision,3,2,2,0,1,1,9,0,1,80,,1,0,0,0,1,20.0,,,,2,1,1,5,6
202100018085,2021-09-19 16:03:00,2021,9,19,16,3,13,13216,A55-Sens Martigues vers Marseille,43.3629,5.3413,Plein jour,Hors agglomération,Hors intersection,Normale,Autre collision,1,-1,2,0,1,1,1,2,1,90,,1,0,1,0,0,37.0,,,,1,1,1,1,6
202100018086,2021-09-19 06:40:00,2021,9,19,6,40,13,13215,A55-Sens Marseille vers Martigues,43.3308,5.35469,Crépuscule ou aube,Hors agglomération,Hors intersection,Normale,Deux véhicules - côté,1,1,4,0,1,1,1,0,1,90,,2,1,0,0,1,81.0,23.0,,,2,1,1,1,3
202100018087,2021-09-18 11:30:00,2021,9,18,11,30,13,13055,A507 sens Aubagne- Marseille,43.2863501693,5.4311761116,Plein jour,Hors agglomération,Hors intersection,Normale,Trois véhicules et plus - en chaîne,1,1,3,0,1,1,1,1,1,70,,6,5,0,0,1,39.0,60.0,,,1,1,1,1,4
202100018088,2021-09-18 23:12:00,2021,9,18,23,12,13,13055,A507 sens Aubagne- Marseille,43.29588,5.42474,Nuit avec éclairage allumé,Hors agglomération,Hors intersection,Normale,Sans collision,1,1,3,0,4,1,1,1,1,70,,1,0,0,1,0,33.0,,,,5,1,1,1,7
202100018089,2021-09-18 20:07:00,2021,9,18,20,7,13,13210,A50-Sens Marseille vers Aubagne,43.2844,5.4057,Nuit sans éclairage public,Hors agglomération,Hors intersection,Normale,Autre collision,1,1,3,0,1,1,1,0,1,90,,1,0,0,0,1,26.0,,,,3,1,1,1,6
202100018090,2021-09-19 15:50:00,2021,9,19,15,50,94,94034,AUTOROUTE A86,48.75936,2.32247,Plein jour,Hors agglomération,Hors intersection,Normale,Deux véhicules - arrière,1,3,2,0,1,1,1,0,1,70,,3,2,0,0,1,39.0,23.0,,,1,1,1,1,2
202100018091,2021-09-19 14:10:00,2021,9,19,14,10,94,94034,AUTOROUTE A86,48.7584026074,2.3255610466,Plein jour,Hors agglomération,Hors intersection,Normale,Trois véhicules et plus - en chaîne,1,1,3,0,1,1,1,1,1,70,,3,2,0,0,1,52.0,24.0,,,1,1,1,1,4
202100018092,2021-09-18 12:40:00,2021,9,18,12,40,92,92050,A86,48.9153626913,2.220438594,Plein jour,Hors agglomération,Hors intersection,Normale,Trois véhicules et plus - en chaîne,1,3,6,0,1,1,1,0,1,90,,5,4,0,0,1,57.0,59.0,,,1,1,1,1,4
202100018093,2021-09-19 20:15:00,2021,9,19,20,15,93,93008,AUTOROUTE A86,48.90862,2.45148,Nuit avec éclairage allumé,Hors agglomération,Hors intersection,Normale,Deux véhicules - arrière,1,1,3,0,1,1,1,1,1,90,,2,1,0,0,1,42.0,29.0,,,5,1,1,1,2
202100018094,2021-09-19 18:30:00,2021,9,19,18,30,93,93005,AUTOROUTE A1,48.95771,2.46214,Plein jour,Hors agglomération,Hors intersection,Normale,Trois véhicules et plus - en chaîne,1,3,8,0,1,1,1,0,1,110,,7,5,0,0,2,42.0,23.0,,,1,1,1,1,4
202100018095,2021-09-18 20:45:00,2021,9,18,20,45,93,93007,AUTOROUTE A3,48.93531,2.47975,Nuit sans éclairage public,Hors agglomération,Hors intersection,Normale,Trois véhicules et plus - en chaîne,1,-1,8,0,1,1,1,0,1,110,,5,4,0,0,1,44.0,49.0,,,3,1,1,1,4
202100018096,2021-09-19 08:30:00,2021,9,19,8,30,93,93053,AUTOROUTE A3,48.88408,2.46889,Plein jour,Hors agglomération,Hors intersection,Normale,Autre collision,1,1,2,0,1,3,1,0,1,90,,1,0,0,0,1,23.0,,,,1,1,1,1,6
202100018097,2021-09-18 23:20:00,2021,9,18,23,20,95,95572,RN 184,49.03223,2.10899,Nuit sans éclairage public,Hors agglomération,Hors intersection,Pluie légère,Autre collision,2,1,3,0,2,2,2,0,1,70,,2,0,0,0,2,20.0,,,,3,1,1,2,6