accident_id,datetime,annee,mois,jour,heure,minute,departement,commune_insee,adresse,latitude,longitude,luminosite,agglomeration,intersection,meteo,collision,catr,circ,nbv,vosp,prof,plan,surf,infra,situ,vma,nb_vehicules,nb_usagers,nb_indemnes,nb_tues,nb_blesses_hosp,nb_blesses_legers,age_cond_1,age_cond_2,veh_type_cond_1,veh_type_cond_2,lum_code,agg_code,int_code,atm_code,col_code
202100018098,2021-09-18 14:00:00,2021,9,18,14,0,92,92078,AUTOROUTE A86,48.9283084303,2.3316245851,Plein jour,Hors agglomération,Hors intersection,Normale,Deux véhicules - côté,1,3,6,0,1,1,1,0,1,90,,3,1,0,0,2,26.0,36.0,,,1,1,1,1,3
202100018099,2021-09-19 19:11:00,2021,9,19,19,11,77,77258,A4.W,48.831368,2.641637,Plein jour,Hors agglomération,Hors intersection,Normale,Deux véhicules - côté,1,-1,4,0,1,1,1,0,1,110,,2,1,0,0,1,34.0,22.0,,,1,1,1,1,3
202100018100,2021-09-17 06:55:00,2021,9,17,6,55,77,77083,A4.W,48.83196,2.60342,Crépuscule ou aube,Hors agglomération,Hors intersection,Normale,Autre collision,1,-1,3,0,1,1,1,0,1,110,,3,2,0,0,1,39.0,32.0,,,2,1,1,1,6
202100018101,2021-09-17 06:50:00,2021,9,17,6,50,94,94028,A86 EXT,48.79914,2.44576,Crépuscule ou aube,Hors agglomération,Hors intersection,Normale,Deux véhicules - côté,1,-1,4,0,1,1,1,0,1,90,,2,1,0,0,1,32.0,23.0,,,2,1,1,1,3
202100018102,2021-09-18 15:30:00,2021,9,18,15,30,76,76540,MARNE. BOULEVARD DE LA,49.44625,1.08917,Plein jour,En agglomération,Hors intersection,Normale,Autre collision,7,2,4,3,1,1,1,-1,1,50,,2,1,0,1,0,37.0,,,,1,2,1,1,6
202100018103,2021-09-17 16:45:00,2021,9,17,16,45,61,61001,KOUTIALA (AVENUE DE),48.42544,0.07806,Plein jour,En agglomération,Hors intersection,Normale,Trois véhicules et plus - en chaîne,3,2,2,1,1,1,1,0,1,50,,10,7,0,0,3,27.0,28.0,,,1,2,1,1,4
202100018104,2021-09-18 06:25:00,2021,9,18,6,25,38,38185,GAMBETTA (BOULEVARD)       43-34 A FIN,45.18413,5.72595,Crépuscule ou aube,En agglomération,Hors intersection,Normale,Deux véhicules - frontale,7,3,4,1,1,1,1,0,1,30,,2,1,0,1,0,26.0,,,,2,2,1,1,1
202100018105,2021-09-18 15:50:00,2021,9,18,15,50,94,94028,Rue de Belle Vue,48.78505,2.47204,Plein jour,En agglomération,Intersection en T,Normale,Deux véhicules - côté,4,2,2,0,2,1,1,0,1,50,,2,1,0,0,1,69.0,24.0,,,1,2,3,1,3
202100018106,2021-04-23 10:51:00,2021,4,23,10,51,33,33249,Avenue de la Libération,44.868874,-0.522359,Plein jour,En agglomération,Intersection en T,Normale,Autre collision,4,1,1,0,1,1,1,4,1,30,,2,1,1,0,0,83.0,,,,1,2,3,1,6
202100018107,2021-05-27 17:45:00,2021,5,27,17,45,09,09122,LECLERC (AVENUE DU GENERAL),42.97756,1.60943,Plein jour,En agglomération,Hors intersection,Normale,Trois véhicules et plus - en chaîne,3,2,2,0,1,1,1,0,1,50,,4,2,0,0,2,37.0,64.0,,,1,2,1,1,4
202100018108,2021-09-17 16:20:00,2021,9,17,16,20,976,97611,vahibe-Departementale 3 ( route ),-12.78915,45.16419,Plein jour,Hors agglomération,Hors intersection,Normale,Sans collision,3,-1,2,0,1,3,1,0,8,50,,3,1,0,0,2,,,,,1,1,1,1,7
202100018109,2021-09-17 13:08:00,2021,9,17,13,8,973,97302,PREVOT (ERNEST),4.9337310226,-52.332982868,Plein jour,En agglomération,Hors intersection,Normale,Trois véhicules et plus - collisions multiples,4,1,2,0,1,1,1,0,1,50,,4,2,0,0,2,32.0,22.0,,,1,2,1,1,5
202100018110,2021-09-18 22:40:00,2021,9,18,22,40,69,69386,VITTON (CR),45.76997,4.85848,Nuit avec éclairage allumé,En agglomération,Intersection en X,Temps couvert,Deux véhicules - frontale,4,1,2,2,1,1,1,0,5,50,,2,1,0,0,1,41.0,34.0,,,5,2,2,8,1
202100018111,2021-09-18 12:45:00,2021,9,18,12,45,69,69259,FRANCIS DE PRESSENSE (AV),45.7151294356,4.8722648621,Plein jour,En agglomération,Hors intersection,Normale,Deux véhicules - côté,4,3,2,2,1,1,1,0,5,50,,2,1,0,0,1,22.0,26.0,,,1,2,1,1,3
202100018112,2021-09-18 03:35:00,2021,9,18,3,35,69,69387,TONY GARNIER (AV),45.7267094834,4.8269462585,Nuit avec éclairage allumé,En agglomération,Intersection en X,Normale,Deux véhicules - arrière,4,2,6,3,1,1,1,0,1,50,,2,1,0,0,1,23.0,40.0,,,5,2,2,1,2
202100018113,2021-09-18 15:15:00,2021,9,18,15,15,972,97213,AUTOROUTE A1,14.61804,-61.0321,Plein jour,En agglomération,Hors intersection,Normale,Deux véhicules - arrière,1,2,6,0,1,1,1,0,1,90,,3,0,0,0,3,54.0,54.0,,,1,2,1,1,2
202100018114,2021-09-18 08:35:00,2021,9,18,8,35,972,97209,LEOPOLD BISSOL (BOULEVARD),14.6101,-61.0737,Plein jour,En agglomération,Intersection en Y,Normale,Deux véhicules - côté,4,2,2,0,1,1,1,0,1,50,,3,2,0,1,0,25.0,39.0,,,1,2,4,1,3
202100018115,2021-09-17 16:15:00,2021,9,17,16,15,972,97209,KANN KRISTALINE (RUE),14.608551,-61.04805,Plein jour,En agglomération,Autre intersection,Normale,Deux véhicules - côté,4,2,2,0,1,1,1,0,1,30,,2,1,0,0,1,53.0,,,,1,2,9,1,3
202100018116,2021-09-18 15:00:00,2021,9,18,15,0,69,69149,JEAN JAURES (AV),45.71383,4.81947,Plein jour,En agglomération,Autre intersection,Normale,Autre collision,4,2,2,0,1,1,1,0,1,30,,1,0,0,0,1,25.0,,,,1,2,9,1,6
202100018117,2021-09-18 18:00:00,2021,9,18,18,0,69,69034,GENERAL LECLERC (AV),45.799,4.85264,Plein jour,En agglomération,Hors intersection,Normale,Deux véhicules - côté,7,2,2,3,2,1,1,0,1,50,,2,1,0,1,0,61.0,27.0,,,1,2,1,1,3
202100018118,2021-09-14 17:00:00,2021,9,14,17,0,69,69286,LATTRE DE TASSIGNY (DE) (BD),45.81364,4.90463,Plein jour,En agglomération,Hors intersection,Normale,Autre collision,4,1,1,0,1,1,1,0,1,50,,2,1,0,0,1,11.0,50.0,,,1,2,1,1,6
202100018119,2021-09-18 03:15:00,2021,9,18,3,15,69,69142,GENERAL LECLERC (DU) (PL),45.7266290567,4.816009571,Nuit avec éclairage non allumé,En agglomération,Hors intersection,Normale,Autre collision,7,2,1,1,2,1,1,0,5,50,,2,1,0,0,1,29.0,,,,4,2,1,1,6
202100018120,2021-09-18 18:25:00,2021,9,18,18,25,2B,2B033,SAMPIERO CORSO - AV,42.667,9.44282,Plein jour,En agglomération,Hors intersection,Normale,Deux véhicules - côté,2,3,4,0,1,1,1,0,1,70,,6,5,0,0,1,59.0,59.0,,,1,2,1,1,3
202100018121,2021-09-18 11:29:00,2021,9,18,11,29,2B,2B033,AV DE LA LIBERATION,42.6858020188,9.4453498549,Plein jour,En agglomération,Giratoire,Normale,Deux véhicules - côté,4,2,6,0,1,1,1,0,1,50,,2,1,0,0,1,16.0,66.0,,,1,2,6,1,3
202100018122,2021-09-18 19:55:00,2021,9,18,19,55,95,95585,CHAMPAGNE (RUE DE),48.98944,2.36849,Nuit avec éclairage allumé,En agglomération,Hors intersection,Normale,Autre collision,4,1,1,0,1,1,1,0,1,30,,2,1,0,0,1,26.0,,,,5,2,1,1,6
202100018123,2021-09-18 08:50:00,2021,9,18,8,50,91,91027,AV MARCEL SEMBAT,48.70601,2.37221,Plein jour,En agglomération,Hors intersection,Normale,Trois véhicules et plus - collisions multiples,3,2,3,0,1,1,1,5,1,30,,3,1,0,0,2,58.0,31.0,,,1,2,1,1,5
202100018124,2021-09-18 19:10:00,2021,9,18,19,10,83,83062,JAURES (AVENUE JEAN),43.120343,6.010666,Plein jour,En agglomération,Intersection en Y,Normale,Deux véhicules - côté,7,2,2,0,1,1,1,5,1,50,,2,1,0,1,0,32.0,34.0,,,1,2,4,1,3
202100018125,2021-09-18 19:10:00,2021,9,18,19,10,77,77445,AV DE TYRESO,48.58371,2.58318,Plein jour,En agglomération,Hors intersection,Normale,Autre collision,4,2,2,0,1,1,1,0,1,50,,2,1,0,1,0,34.0,,,,1,2,1,1,6
202100018126,2021-09-18 02:15:00,2021,9,18,2,15,76,76540,MAIL. RUE DU,49.42997,1.09099,Nuit avec éclairage allumé,En agglomération,Hors intersection,Normale,Autre collision,4,1,1,2,1,1,1,-1,5,30,,1,0,0,1,0,40.0,,,,5,2,1,1,6
202100018127,2021-09-18 18:25:00,2021,9,18,18,25,71,71076,Quai Saint-Cosme,46.7774757316,4.8497449322,Plein jour,En agglomération,Hors intersection,Normale,Autre collision,4,2,2,0,1,1,1,0,1,50,,2,1,0,1,0,60.0,,,,1,2,1,1,6
202100018128,2021-09-18 15:55:00,2021,9,18,15,55,71,71076,BELFORT (RUE DE),46.78624,4.85725,Plein jour,En agglomération,Intersection en T,Normale,Autre collision,4,2,3,3,1,1,1,5,1,50,,2,1,0,0,1,53.0,,,,1,2,3,1,6
202100018129,2021-09-18 12:10:00,2021,9,18,12,10,64,64445,ORLEANS D',43.2988946187,-0.3739465433,Plein jour,En agglomération,Hors intersection,Pluie légère,Deux véhicules - côté,4,2,2,0,1,1,2,0,1,30,,3,1,0,0,2,30.0,84.0,,,1,2,1,2,3
202100018130,2021-09-18 18:30:00,2021,9,18,18,30,64,64102,Avenue de l’Aquitaine,43.4867322455,-1.468026638,Plein jour,En agglomération,Hors intersection,Normale,Sans collision,3,2,3,0,1,3,2,0,1,50,,1,0,0,0,1,15.0,,,,1,2,1,1,7
202100018131,2021-09-18 04:18:00,2021,9,18,4,18,64,64024,BAYONNE (AVENUE DE),43.48178,-1.50871,Nuit avec éclairage allumé,En agglomération,Hors intersection,Temps couvert,Deux véhicules - arrière,3,3,4,0,1,1,2,0,1,50,,2,1,0,1,0,14.0,23.0,,,5,2,1,8,2
202100018132,2021-09-17 12:00:00,2021,9,17,12,0,62,62193,DE GAULLE (BOULEVARD GENERAL),50.96327,1.84462,Plein jour,En agglomération,Hors intersection,Normale,Deux véhicules - arrière,4,1,2,0,1,1,1,0,1,50,,2,1,0,0,1,27.0,,,,1,2,1,1,2
202100018133,2021-09-18 17:55:00,2021,9,18,17,55,59,59599,COLBERT (RUE),50.736757,3.17941,Plein jour,En agglomération,Hors intersection,Normale,Autre collision,4,2,2,0,1,1,1,0,1,30,,2,1,0,0,1,63.0,,,,1,2,1,1,6
202100018134,2021-09-18 03:00:00,2021,9,18,3,0,59,59350,VAUBAN BOULEVARD N° RESTE,50.6345,3.04858,Nuit avec éclairage allumé,En agglomération,Intersection en X,Normale,Deux véhicules - côté,4,2,2,0,1,1,1,0,8,30,,2,0,0,0,2,25.0,32.0,,,5,2,2,1,3
202100018135,2021-09-18 16:43:00,2021,9,18,16,43,54,54265,ERABLES (AVENUE DES),48.6434951454,6.1850066641,Plein jour,En agglomération,Hors intersection,Normale,Deux véhicules - arrière,4,2,2,1,1,1,1,-1,1,50,,2,1,0,0,1,53.0,31.0,,,1,2,1,1,2
202100018136,2021-09-18 17:00:00,2021,9,18,17,0,51,51454,Boulevard Albert 1er,49.2648265,4.00998283,Plein jour,En agglomération,Giratoire,Normale,Deux véhicules - frontale,4,2,4,1,1,1,1,0,1,50,,2,1,0,0,1,67.0,74.0,,,1,2,6,1,1
202100018137,2021-09-17 19:05:00,2021,9,17,19,5,51,51454,Boulevard General Leclerc,49.2568355392,4.0251605158,Plein jour,En agglomération,Hors intersection,Normale,Deux véhicules - côté,4,2,2,0,1,1,1,0,1,50,,2,1,0,0,1,25.0,18.0,,,1,2,1,1,3
202100018138,2021-09-16 07:25:00,2021,9,16,7,25,51,51230,Rue de Verdun,49.0427,3.96837,Plein jour,En agglomération,Hors intersection,Normale,Deux véhicules - frontale,3,2,2,0,2,4,1,0,1,50,,2,1,0,0,1,40.0,44.0,,,1,2,1,1,1
202100018139,2021-09-18 11:00:00,2021,9,18,11,0,45,45234,155 Rue du Faubourg Saint Vincent,47.9119124247,1.9153547287,Plein jour,En agglomération,Hors intersection,Normale,Deux véhicules - côté,4,2,2,0,1,1,1,0,1,50,,2,1,0,0,1,39.0,18.0,,,1,2,1,1,3
202100018140,2021-09-17 19:15:00,2021,9,17,19,15,45,45067,Route de Chaingy,47.895329521,1.8094385862,Plein jour,Hors agglomération,Intersection en X,Normale,Trois véhicules et plus - collisions multiples,4,2,2,0,1,1,1,0,1,50,,4,0,0,0,4,25.0,26.0,,,1,1,2,1,5
202100018141,2021-09-18 18:10:00,2021,9,18,18,10,37,37233,BONNIN (AVENUE JEAN),47.3957399056,0.7065137029,Plein jour,En agglomération,Intersection en T,Temps couvert,Deux véhicules - côté,1,1,2,0,1,1,2,3,1,50,,3,2,0,0,1,32.0,39.0,,,1,2,3,8,3
202100018142,2021-09-18 20:40:00,2021,9,18,20,40,35,35238,FREVILLE (AVENUE HENRI),48.0839,-1.67472,Crépuscule ou aube,En agglomération,Intersection en X,Normale,Trois véhicules et plus - collisions multiples,4,1,2,0,1,1,1,5,1,50,,5,1,0,0,4,24.0,44.0,,,2,2,2,1,5
202100018143,2021-09-18 19:10:00,2021,9,18,19,10,35,35051,RN157,48.113866,-1.55364,Plein jour,Hors agglomération,Hors intersection,Pluie légère,Deux véhicules - arrière,2,3,4,0,1,1,2,0,1,110,,4,1,0,0,3,,24.0,,,1,1,1,2,2
202100018144,2021-09-18 12:20:00,2021,9,18,12,20,33,33529,Rue du Port,44.634332,-1.144587,Plein jour,En agglomération,Hors intersection,Pluie légère,Deux véhicules - arrière,4,2,2,0,1,1,2,0,1,50,,2,1,0,0,1,54.0,25.0,,,1,2,1,2,2
202100018145,2021-09-18 20:08:00,2021,9,18,20,8,31,31555,AV PAUL SEJOURNE,43.60478,1.42799,Nuit avec éclairage allumé,En agglomération,Hors intersection,Pluie légère,Trois véhicules et plus - collisions multiples,4,2,4,0,2,1,2,9,4,50,,5,2,0,2,1,21.0,51.0,,,5,2,1,2,5
202100018146,2021-09-18 17:45:00,2021,9,18,17,45,31,31555,NICOL (CHE DE) DU 1AU 106,43.63561,1.46394,Plein jour,En agglomération,Hors intersection,Pluie forte,Autre collision,4,2,2,0,1,1,2,5,1,50,,2,1,0,0,1,23.0,,,,1,2,1,3,6
202100018147,2021-09-18 02:00:00,2021,9,18,2,0,31,31555,SAINT SIMON (RTE DE) DU 276 AU 389,43.590814867,1.4179551601,Nuit avec éclairage allumé,En agglomération,Hors intersection,Normale,Autre collision,4,2,3,2,1,1,1,9,1,50,,2,1,0,1,0,,,,,5,2,1,1,6
202100018148,2021-09-18 13:00:00,2021,9,18,13,0,29,29232,Rue Henri Barbusse,47.99086,-4.07424,Plein jour,En agglomération,Hors intersection,Normale,Autre collision,4,2,2,0,2,3,1,5,1,50,,1,0,0,0,1,43.0,,,,1,2,1,1,6
202100018149,2021-09-18 16:15:00,2021,9,18,16,15,29,29039,KERFEST ( CHEMIN DE),47.91095358,-3.904008865,Plein jour,Hors agglomération,Intersection en X,Temps couvert,Sans collision,3,2,0,0,1,1,1,0,8,80,,1,0,0,0,1,71.0,,,,1,1,2,8,7
202100018150,2021-09-17 07:54:00,2021,9,17,7,54,29,29019,Pont du Forestou,48.3899918031,-4.471175611,Crépuscule ou aube,En agglomération,Autre intersection,Normale,Autre collision,4,1,1,0,2,1,1,0,1,50,,2,1,0,0,1,23.0,,,,2,2,9,1,6
202100018151,2021-09-18 10:00:00,2021,9,18,10,0,28,28134,CHURCHILL (AVENUE WINSTON),48.7384,1.3838,Plein jour,En agglomération,Hors intersection,Normale,Autre collision,2,2,2,0,2,1,1,0,1,50,,4,3,0,0,1,47.0,40.0,,,1,2,1,1,6
202100018152,2021-09-18 19:53:00,2021,9,18,19,53,26,26362,FOUQUES DU  PARC RUE HENRI,44.9311,4.91852,Crépuscule ou aube,En agglomération,Intersection en T,Normale,Deux véhicules - frontale,4,1,2,0,1,1,1,0,1,50,,2,1,0,1,0,41.0,19.0,,,2,2,3,1,1
202100018153,2021-09-18 10:30:00,2021,9,18,10,30,25,25547,rue d'Epinal,47.516599,6.828026,Plein jour,En agglomération,Autre intersection,Normale,Deux véhicules - côté,4,2,2,0,1,1,1,0,1,50,,3,0,0,3,0,47.0,55.0,,,1,2,9,1,3
202100018154,2021-09-18 18:25:00,2021,9,18,18,25,23,23096,BERRY (AVENUE),46.17764,1.87764,Plein jour,En agglomération,Autre intersection,Pluie forte,Autre collision,4,1,1,0,2,2,2,9,1,50,,2,1,0,0,1,16.0,20.0,,,1,2,9,3,6
202100018155,2021-09-18 16:10:00,2021,9,18,16,10,17,17028,GRASSET   AVENUE EDMOND,46.13156,-1.10342,Plein jour,En agglomération,Hors intersection,Normale,Deux véhicules - arrière,4,2,2,0,1,1,1,0,1,30,,2,1,0,0,1,43.0,26.0,,,1,2,1,1,2
202100018156,2021-09-18 06:55:00,2021,9,18,6,55,17,17300,09 PK RN237 MOULIN JUSTICE RE,46.17239,-1.18512,Nuit sans éclairage public,Hors agglomération,Hors intersection,Pluie légère,Autre collision,2,1,6,0,1,3,2,3,1,90,,1,0,0,0,1,23.0,,,,3,1,1,2,6
202100018157,2021-09-18 22:40:00,2021,9,18,22,40,13,13117,GLACIERE ( RUE DE LA ),43.4232470556,5.2410889074,Nuit avec éclairage allumé,En agglomération,Intersection en X,Pluie légère,Deux véhicules - côté,4,-1,2,0,1,1,1,0,1,50,,4,0,0,0,4,23.0,28.0,,,5,2,2,2,3
202100018158,2021-09-18 13:35:00,2021,9,18,13,35,13,13206,LIEUTAUD (COURS),43.2907345832,5.3832458174,Plein jour,En agglomération,Hors intersection,Normale,Deux véhicules - frontale,4,2,2,0,1,1,1,0,1,50,,3,1,0,1,1,28.0,34.0,,,1,2,1,1,1
202100018159,2021-09-18 03:55:00,2021,9,18,3,55,13,13201,RIVE NEUVE (QUAI DE),43.2929713335,5.3693310904,Nuit sans éclairage public,En agglomération,Hors intersection,Normale,Deux véhicules - côté,4,2,0,0,1,1,1,0,1,50,,2,1,0,1,0,31.0,27.0,,,3,2,1,1,3
202100018160,2021-09-18 01:12:00,2021,9,18,1,12,13,13207,Corniche John Fitzgérald Kennedy,43.2762608927,5.3584635543,Nuit avec éclairage allumé,En agglomération,Autre intersection,Normale,Deux véhicules - côté,4,2,0,0,1,1,1,0,1,50,,3,0,0,1,2,42.0,22.0,,,5,2,9,1,3
202100018161,2021-09-17 16:50:00,2021,9,17,16,50,13,13005,RN 8,43.2848711546,5.591840744,Plein jour,En agglomération,Autre intersection,Normale,Autre collision,7,2,2,0,1,1,1,0,1,30,,2,1,0,0,1,38.0,29.0,,,1,2,9,1,6
202100018162,2021-09-17 16:00:00,2021,9,17,16,0,13,13005,BLANCARD (PROMENADE PIERRE),43.29527,5.56053,Plein jour,En agglomération,Hors intersection,Normale,Deux véhicules - frontale,7,2,2,0,1,1,1,0,1,30,,2,1,0,1,0,53.0,,,,1,2,1,1,1
202100018163,2021-09-17 11:10:00,2021,9,17,11,10,13,13005,GARLABAN (AVENUE DU),43.2975,5.57387,Plein jour,En agglomération,Intersection en T,Normale,Deux véhicules - côté,7,2,2,0,1,1,1,0,1,50,,4,1,0,0,3,33.0,62.0,,,1,2,3,1,3
202100018164,2021-09-18 09:45:00,2021,9,18,9,45,13,13004,RTE DE CRAU,43.6713086836,4.642447884,Plein jour,En agglomération,Hors intersection,Normale,Deux véhicules - côté,4,2,1,1,1,1,1,0,1,50,,2,1,1,0,0,78.0,,,,1,2,1,1,3
202100018165,2021-09-19 22:00:00,2021,9,19,22,0,10,10387,DAMPIERRE (QUAI),48.299,4.076,Nuit avec éclairage allumé,En agglomération,Intersection en X,Normale,Deux véhicules - côté,4,2,2,0,1,1,1,0,1,50,,2,0,0,0,2,30.0,21.0,,,5,2,2,1,3
202100018166,2021-09-18 06:24:00,2021,9,18,6,24,06,06159,CORNE D OR (BOULEVARD DE LA),43.709479,7.310329,Nuit avec éclairage allumé,En agglomération,Hors intersection,Normale,Autre collision,7,2,2,0,2,4,1,0,1,50,,1,0,1,0,0,21.0,,,,5,2,1,1,6
202100018167,2021-09-18 11:50:00,2021,9,18,11,50,75,75112,BD PERIPHERIQUE EXTERIEUR,48.8306302199,2.402870357,Plein jour,En agglomération,Hors intersection,Normale,Trois véhicules et plus - en chaîne,4,1,4,0,1,1,1,1,1,70,,7,6,0,0,1,24.0,61.0,,,1,2,1,1,4
202100018168,2021-09-17 19:25:00,2021,9,17,19,25,75,75108,AVENUE MARCEAU,48.86651,2.29948,Plein jour,En agglomération,Intersection en T,Normale,Deux véhicules - arrière,4,2,4,3,2,1,1,0,6,30,,2,0,0,0,2,35.0,38.0,,,1,2,3,1,2
202100018169,2021-09-17 23:47:00,2021,9,17,23,47,75,75105,BOULEVARD SAINT GERMAIN,48.850817,2.345528,Nuit avec éclairage allumé,En agglomération,Intersection à plus de 4 branches,Normale,Deux véhicules - arrière,4,1,3,0,2,1,1,5,1,30,,2,1,0,0,1,48.0,,,,5,2,5,1,2
202100018170,2021-09-18 16:25:00,2021,9,18,16,25,75,75120,COURS DE VINCENNES,48.848252,2.4008,Plein jour,En agglomération,Hors intersection,Normale,Autre collision,4,1,1,0,1,1,1,0,1,30,,2,1,0,0,1,58.0,,,,1,2,1,1,6
202100018171,2021-09-17 13:30:00,2021,9,17,13,30,75,75120,AVENUE CARTELLIER,48.864521,2.412609,Plein jour,En agglomération,Intersection en Y,Normale,Autre collision,4,1,3,0,1,1,1,0,1,50,,1,0,0,0,1,48.0,,,,1,2,4,1,6
202100018172,2021-09-18 21:30:00,2021,9,18,21,30,75,75119,RUE EMILE BOLLAERT,48.899724,2.371141,Nuit avec éclairage allumé,En agglomération,Intersection en X,Normale,Deux véhicules - côté,4,1,1,0,1,3,1,0,1,30,,2,1,0,0,1,21.0,56.0,,,5,2,2,1,3
202100018173,2021-09-18 09:47:00,2021,9,18,9,47,75,75119,AVENUE DE FLANDRE,48.889486,2.375143,Plein jour,En agglomération,Hors intersection,Normale,Deux véhicules - côté,4,3,2,3,1,1,1,0,6,30,,3,2,0,0,1,64.0,27.0,,,1,2,1,1,3
202100018174,2021-09-18 19:40:00,2021,9,18,19,40,75,75113,RUE PHILIPPE DE CHAMPAGNE,48.832861,2.35554,Crépuscule ou aube,En agglomération,Intersection en T,Normale,Deux véhicules - côté,4,2,2,1,1,1,1,0,5,30,,2,1,0,0,1,27.0,41.0,,,2,2,3,1,3
202100018175,2021-09-18 16:05:00,2021,9,18,16,5,75,75113,RUE WATT,48.827365,2.380796,Plein jour,En agglomération,Hors intersection,Normale,Autre collision,4,2,2,0,1,1,1,1,1,30,,1,0,0,0,1,45.0,,,,1,2,1,1,6
202100018176,2021-09-18 18:30:00,2021,9,18,18,30,75,75111,RUE DE CHARONNE,48.854693,2.385418,Plein jour,En agglomération,Intersection en X,Normale,Deux véhicules - côté,4,2,2,1,2,1,1,0,5,30,,2,1,0,0,1,72.0,51.0,,,1,2,2,1,3
202100018177,2021-09-18 19:00:00,2021,9,18,19,0,75,75110,BOULEVARD SAINT MARTIN,48.868489,2.3588,Plein jour,En agglomération,Hors intersection,Normale,Deux véhicules - côté,4,2,4,0,1,1,1,0,1,30,,3,2,0,0,1,27.0,42.0,,,1,2,1,1,3
202100018178,2021-09-18 04:30:00,2021,9,18,4,30,75,75110,RUE DE DUNKERQUE,48.879543,2.357227,Nuit avec éclairage allumé,En agglomération,Intersection en X,Normale,Deux véhicules - côté,4,2,3,0,1,1,1,0,1,30,,3,2,0,0,1,43.0,26.0,,,5,2,2,1,3
202100018179,2021-09-18 21:55:00,2021,9,18,21,55,75,75109,RUE DROUOT,48.875069543,2.3408604477,Nuit avec éclairage allumé,En agglomération,Intersection en Y,Normale,Autre collision,4,1,1,0,1,1,1,0,1,30,,2,1,0,0,1,20.0,,,,5,2,4,1,6
202100018180,2021-09-18 14:15:00,2021,9,18,14,15,75,75109,RUE DE MAUBEUGE,48.879667,2.349514,Plein jour,En agglomération,Intersection à plus de 4 branches,Normale,Autre collision,4,1,2,0,2,1,1,0,1,30,,2,1,0,0,1,67.0,,,,1,2,5,1,6
202100018181,2021-09-17 20:45:00,2021,9,17,20,45,75,75109,RUE LA FAYETTE,48.876009,2.344516,Nuit avec éclairage allumé,En agglomération,Intersection en T,Normale,Deux véhicules - côté,4,1,2,0,1,1,1,0,1,30,,2,1,0,0,1,29.0,30.0,,,5,2,3,1,3
202100018182,2021-09-18 16:50:00,2021,9,18,16,50,75,75108,AVENUE FRANKLIN D ROOSEVELT,48.866833,2.310253,Plein jour,En agglomération,Intersection en X,Normale,Trois véhicules et plus - en chaîne,4,2,3,0,1,1,1,0,1,50,,7,6,0,0,1,43.0,35.0,,,1,2,2,1,4
202100018183,2021-09-18 01:20:00,2021,9,18,1,20,75,75108,RUE DE L ARCADE,48.873319,2.324298,Nuit avec éclairage allumé,En agglomération,Intersection en X,Normale,Deux véhicules - côté,4,1,1,0,1,1,1,0,1,50,,3,1,0,0,2,52.0,23.0,,,5,2,2,1,3
202100018184,2021-09-18 12:15:00,2021,9,18,12,15,75,75107,RUE DE SEVRES,48.849042,2.321716,Plein jour,En agglomération,Hors intersection,Normale,Autre collision,4,2,3,0,1,1,1,0,1,30,,2,1,0,0,1,28.0,,,,1,2,1,1,6
202100018185,2021-09-18 20:10:00,2021,9,18,20,10,75,75104,QUAI DE GESVRES,48.856065598,2.3506920625,Nuit avec éclairage allumé,En agglomération,Intersection en X,Normale,Deux véhicules - côté,4,2,4,3,1,1,1,0,6,50,,2,1,0,0,1,37.0,39.0,,,5,2,2,1,3
202100018186,2021-09-18 18:00:00,2021,9,18,18,0,94,94052,VAL DE BEAUTE (AV DU),48.8325,2.47761,Plein jour,En agglomération,Hors intersection,Normale,Deux véhicules - frontale,4,2,1,2,1,1,1,0,1,30,,3,2,0,0,1,28.0,23.0,,,1,2,1,1,1
202100018187,2021-09-18 17:50:00,2021,9,18,17,50,94,94073,LUXEMBOURG (AV DU),48.76179,2.37059,Plein jour,En agglomération,Hors intersection,Normale,Deux véhicules - arrière,4,2,2,0,1,1,1,0,1,50,,3,2,0,0,1,46.0,39.0,,,1,2,1,1,2
202100018188,2021-09-18 07:00:00,2021,9,18,7,0,94,94055,Passage de l’Alma,48.783841,2.516593,Nuit avec éclairage allumé,En agglomération,Hors intersection,Normale,Deux véhicules - frontale,4,2,1,0,2,2,1,2,1,50,,2,1,0,0,1,25.0,41.0,,,5,2,1,1,1
202100018189,2021-09-18 05:30:00,2021,9,18,5,30,94,94071,Rue Maurice Berteaux,48.77203,2.51954,Nuit avec éclairage allumé,En agglomération,Intersection en T,Normale,Deux véhicules - côté,3,2,2,0,2,1,1,8,1,50,,2,1,0,0,1,29.0,48.0,,,5,2,3,1,3
202100018190,2021-09-18 09:50:00,2021,9,18,9,50,94,94048,Avenue des Bruyères,48.738235,2.55351,Plein jour,En agglomération,Hors intersection,Normale,Deux véhicules - frontale,4,2,2,0,1,1,1,0,1,50,,2,1,0,0,1,41.0,38.0,,,1,2,1,1,1
202100018191,2021-09-18 11:11:00,2021,9,18,11,11,93,93053,ROSNY (AVENUE DE) N° 53 A 243,48.899043,2.471011,Plein jour,En agglomération,Intersection en X,Normale,Deux véhicules - côté,3,2,2,0,1,1,1,0,1,50,,2,1,0,1,0,33.0,37.0,,,1,2,2,1,3
202100018192,2021-09-18 14:40:00,2021,9,18,14,40,93,93046,D933,48.93254,2.5595,Plein jour,Hors agglomération,Hors intersection,Normale,Autre collision,3,1,1,0,1,1,1,0,1,70,,1,0,0,0,1,47.0,,,,1,1,1,1,6