accident_id,datetime,annee,mois,jour,heure,minute,departement,commune_insee,adresse,latitude,longitude,luminosite,agglomeration,intersection,meteo,collision,catr,circ,nbv,vosp,prof,plan,surf,infra,situ,vma,nb_vehicules,nb_usagers,nb_indemnes,nb_tues,nb_blesses_hosp,nb_blesses_legers,age_cond_1,age_cond_2,veh_type_cond_1,veh_type_cond_2,lum_code,agg_code,int_code,atm_code,col_code
202100018193,2021-09-18 02:30:00,2021,9,18,2,30,93,93030,Avenue du Général de Gaulle,48.94646,2.41433,Nuit avec éclairage allumé,En agglomération,Hors intersection,Normale,Deux véhicules - arrière,3,3,4,0,1,2,1,0,1,50,,4,1,0,0,3,33.0,,,,5,2,1,1,2
202100018194,2021-09-18 09:40:00,2021,9,18,9,40,93,93008,CLAUSSE (RUE HENRI),48.9132806745,2.4664329847,Plein jour,En agglomération,Intersection en X,Normale,Autre collision,4,2,2,0,1,1,1,0,4,50,,1,0,0,0,1,25.0,,,,1,2,2,1,6
202100018195,2021-09-18 00:50:00,2021,9,18,0,50,92,92064,MARECHAL JUIN,48.83664,2.22192,Nuit avec éclairage allumé,En agglomération,Hors intersection,Normale,Autre collision,3,1,2,0,1,1,1,4,1,50,,2,1,0,0,1,33.0,,,,5,2,1,1,6
202100018196,2021-09-18 16:40:00,2021,9,18,16,40,92,92020,VERDUN AVENUE DE AUTRES N°,48.80242,2.286343,Plein jour,En agglomération,Intersection en T,Normale,Deux véhicules - côté,4,2,2,1,2,1,1,0,1,50,,2,1,0,0,1,63.0,60.0,,,1,2,3,1,3
202100018197,2021-09-18 19:35:00,2021,9,18,19,35,92,92035,Médéric ( rue ),48.9118201682,2.2507287562,Crépuscule ou aube,En agglomération,Hors intersection,Temps couvert,Deux véhicules - côté,4,2,2,0,1,1,1,0,1,50,,2,1,0,0,1,28.0,24.0,,,2,2,1,8,3
202100018198,2021-09-18 16:55:00,2021,9,18,16,55,92,92026,BEZONS (DE 23 A FIN),48.8934401631,2.252124846,Plein jour,En agglomération,Giratoire,Normale,Deux véhicules - côté,4,2,2,0,1,1,1,5,1,50,,2,1,0,1,0,55.0,36.0,,,1,2,6,1,3
202100018199,2021-09-18 17:50:00,2021,9,18,17,50,92,92012,REINE (ROUTE DE LA) 82/FIN - 107TER/FIN,48.8404716435,2.2316195425,Plein jour,En agglomération,Intersection en X,Normale,Deux véhicules - côté,3,2,6,1,1,1,1,0,1,50,,2,1,0,0,1,30.0,74.0,,,1,2,2,1,3
202100018200,2021-09-18 15:00:00,2021,9,18,15,0,13,13215,A55-Sens Martigues vers Marseille,43.3629,5.3411,Plein jour,Hors agglomération,Hors intersection,Normale,Deux véhicules - arrière,1,1,1,0,3,1,1,0,1,50,,3,2,0,0,1,20.0,42.0,,,1,1,1,1,2
202100018201,2021-09-17 17:10:00,2021,9,17,17,10,13,13015,A515CM-sortie Gardanne/Bouc Bel Air,43.42965,5.399173,Plein jour,Hors agglomération,Hors intersection,Normale,Deux véhicules - arrière,1,-1,2,0,1,1,1,0,1,90,,2,1,0,0,1,28.0,34.0,,,1,1,1,1,2
202100018202,2021-09-17 19:10:00,2021,9,17,19,10,13,13071,A7-Sens Lyon vers Marseille,43.404725,5.339675,Crépuscule ou aube,Hors agglomération,Hors intersection,Normale,Autre collision,1,-1,3,0,1,1,1,0,1,90,,3,2,0,0,1,37.0,38.0,,,2,1,1,1,6
202100018203,2021-09-17 15:45:00,2021,9,17,15,45,13,13055,A507 sens Aubagne- Marseille,43.33,5.407,Plein jour,Hors agglomération,Hors intersection,Normale,Deux véhicules - arrière,1,1,2,0,2,1,1,0,1,70,,2,1,0,0,1,32.0,38.0,,,1,1,1,1,2
202100018204,2021-09-18 02:40:00,2021,9,18,2,40,69,69256,A42     0.560 A 4.020,45.7901003464,4.9051916599,Nuit sans éclairage public,Hors agglomération,Hors intersection,Normale,Deux véhicules - arrière,1,3,4,0,1,1,1,0,1,90,,3,2,0,0,1,33.0,,,,3,1,1,1,2
202100018205,2021-09-18 21:02:00,2021,9,18,21,2,33,33249,Rocade Rive Droite N230,44.884918,-0.511057,Nuit sans éclairage public,Hors agglomération,Hors intersection,Pluie légère,Autre collision,2,1,2,0,2,2,2,3,1,50,,1,0,0,0,1,22.0,,,,3,1,1,2,6
202100018206,2021-09-18 17:00:00,2021,9,18,17,0,33,33162,ROCADE A 630,44.87239,-0.65834,Plein jour,Hors agglomération,Hors intersection,Pluie légère,Deux véhicules - arrière,4,3,2,0,1,1,2,0,1,80,,4,3,0,0,1,35.0,18.0,,,1,1,1,2,2
202100018207,2021-09-18 18:00:00,2021,9,18,18,0,91,91687,AUTOROUTE A6,48.6636,2.36635,Plein jour,Hors agglomération,Hors intersection,Normale,Deux véhicules - côté,1,2,6,0,1,1,1,0,1,110,,2,1,0,0,1,32.0,27.0,,,1,1,1,1,3
202100018208,2021-09-18 15:35:00,2021,9,18,15,35,91,91434,AUTOROUTE A6,48.66987,2.34919,Plein jour,Hors agglomération,Hors intersection,Normale,Deux véhicules - arrière,1,3,3,0,2,1,1,0,1,70,,2,1,0,0,1,39.0,69.0,,,1,1,1,1,2
202100018209,2021-09-18 05:50:00,2021,9,18,5,50,94,94038,AUTOROUTE A6B,48.7723585357,2.3452557802,Nuit sans éclairage public,Hors agglomération,Hors intersection,Normale,Autre collision,1,3,-1,0,1,1,1,0,1,90,,1,0,0,0,1,25.0,,,,3,1,1,1,6
202100018210,2021-09-18 12:20:00,2021,9,18,12,20,78,78423,RN12,48.796751,2.026387,Plein jour,Hors agglomération,Hors intersection,Normale,Autre collision,2,3,4,0,1,1,1,0,1,110,,1,0,0,0,1,21.0,,,,1,1,1,1,6
202100018211,2021-09-18 16:15:00,2021,9,18,16,15,93,93051,A4,48.83553,2.57026,Plein jour,Hors agglomération,Hors intersection,Normale,Deux véhicules - côté,1,1,4,0,1,1,1,0,1,110,,2,1,0,0,1,52.0,34.0,,,1,1,1,1,3
202100018212,2021-09-18 12:20:00,2021,9,18,12,20,94,94033,A86.EXT,48.85544,2.48936,Plein jour,Hors agglomération,Hors intersection,Normale,Deux véhicules - côté,1,1,3,0,1,1,1,0,1,90,,2,1,0,0,1,44.0,37.0,,,1,1,1,1,3
202100018213,2021-09-17 21:00:00,2021,9,17,21,0,93,93051,A4,48.8366,2.5439,Nuit sans éclairage public,Hors agglomération,Hors intersection,Normale,Trois véhicules et plus - en chaîne,1,-1,4,0,1,3,1,0,1,90,,6,4,0,0,2,22.0,44.0,,,3,1,1,1,4
202100018214,2021-09-17 15:45:00,2021,9,17,15,45,94,94069,A4,48.8173129923,2.4294376373,Plein jour,Hors agglomération,Hors intersection,Normale,Deux véhicules - arrière,1,3,3,0,1,1,1,0,1,90,,2,1,0,0,1,52.0,21.0,,,1,1,1,1,2
202100018215,2021-09-17 16:35:00,2021,9,17,16,35,54,54547,EUROPE (BOULEVARD DE L'),48.66169,6.17412,Plein jour,En agglomération,Autre intersection,Normale,Autre collision,4,2,4,1,1,1,1,2,1,50,,2,1,0,1,0,37.0,,,,1,2,9,1,6
202100018216,2021-09-19 01:45:00,2021,9,19,1,45,974,97415,N1,-21.032516,55.251768,Nuit sans éclairage public,En agglomération,Hors intersection,Normale,Deux véhicules - arrière,2,3,3,0,1,1,1,0,1,-1,,3,2,1,0,0,62.0,29.0,,,3,2,1,1,2
202100018217,2021-09-18 21:00:00,2021,9,18,21,0,62,62726,RD 928,50.48429,2.125275,Nuit sans éclairage public,Hors agglomération,Hors intersection,Normale,Deux véhicules - frontale,3,2,2,0,1,2,1,5,1,70,,2,1,0,1,0,61.0,16.0,,,3,1,1,1,1
202100018218,2021-09-19 07:30:00,2021,9,19,7,30,80,80009,A16,50.079011,1.963849,Crépuscule ou aube,Hors agglomération,Hors intersection,Normale,Autre collision,1,3,4,0,1,3,1,0,3,130,,3,0,0,1,2,22.0,,,,2,1,1,1,6
202100018219,2021-09-17 17:30:00,2021,9,17,17,30,17,17183,Intersection D114 et D 241,45.604851,-0.810413,Plein jour,Hors agglomération,Intersection en X,Normale,Deux véhicules - côté,3,2,2,0,1,4,1,0,1,80,,2,1,0,0,1,79.0,73.0,,,1,1,2,1,3
202100018220,2021-09-19 12:00:00,2021,9,19,12,0,06,06161,2411 Route Rd6007,43.628217,7.133077,Plein jour,En agglomération,Hors intersection,Normale,Autre collision,3,2,2,0,1,1,1,0,1,50,,2,1,0,1,0,83.0,,,,1,2,1,1,6
202100018221,2021-09-18 14:50:00,2021,9,18,14,50,57,57060,intersection d22 d27,48.902033,6.769815,Plein jour,Hors agglomération,Intersection en X,Normale,Deux véhicules - côté,3,2,2,0,2,1,1,0,1,80,,3,0,0,2,1,44.0,74.0,,,1,1,2,1,3
202100018222,2021-09-18 00:40:00,2021,9,18,0,40,83,83130,PK 014.500 Autoroute A57 sens TOULON LE CANNET,43.2032725253,6.0482131925,Nuit sans éclairage public,Hors agglomération,Hors intersection,Normale,Deux véhicules - arrière,1,3,4,0,1,1,1,0,1,110,,2,1,0,0,1,27.0,27.0,,,3,1,1,1,2
202100018223,2021-09-18 20:10:00,2021,9,18,20,10,85,85158,3 Route de Luçon,46.464926,-0.988888,Crépuscule ou aube,En agglomération,Intersection en T,Normale,Deux véhicules - frontale,3,2,2,0,2,1,1,0,1,50,,2,1,0,1,0,56.0,14.0,,,2,2,3,1,1
202100018224,2021-09-19 01:00:00,2021,9,19,1,0,62,62057,Route de Zutkerque,50.863828,2.069635,Nuit sans éclairage public,Hors agglomération,Autre intersection,Normale,Autre collision,3,2,2,0,1,1,1,0,1,80,,2,1,1,0,0,38.0,,,,3,1,9,1,6
202100018225,2021-09-16 10:25:00,2021,9,16,10,25,27,27507,Rue d Ivry,48.907964,1.275417,Plein jour,En agglomération,Intersection en T,Temps éblouissant,Autre collision,4,1,1,0,1,1,1,0,5,50,,2,1,0,1,0,71.0,,,,1,2,3,7,6
202100018226,2021-09-18 23:30:00,2021,9,18,23,30,35,35085,D895,48.403006,-1.758655,Nuit sans éclairage public,Hors agglomération,Hors intersection,Pluie légère,Deux véhicules - arrière,3,2,2,0,1,1,2,0,1,80,,3,2,0,1,0,15.0,15.0,,,3,1,1,2,2
202100018227,2021-09-18 10:10:00,2021,9,18,10,10,12,12079,le claux,44.547562,2.711349,Plein jour,Hors agglomération,Intersection en Y,Brouillard / fumée,Deux véhicules - frontale,3,2,2,0,1,2,1,0,1,90,,3,2,0,1,0,28.0,67.0,,,1,1,4,5,1
202100018228,2021-09-18 01:37:00,2021,9,18,1,37,68,68315,D431,47.862902,7.13253,Nuit sans éclairage public,Hors agglomération,Hors intersection,Normale,Sans collision,3,2,2,0,2,3,1,0,8,80,,3,0,0,3,0,22.0,,,,3,1,1,1,7
202100018229,2021-09-13 15:00:00,2021,9,13,15,0,68,68043,D429,47.872831,7.247951,Plein jour,Hors agglomération,Giratoire,Normale,Deux véhicules - arrière,3,2,2,0,1,3,1,9,1,50,,2,0,0,1,1,85.0,84.0,,,1,1,6,1,2
202100018230,2021-09-18 15:40:00,2021,9,18,15,40,974,97413,"N1a, 20 bois blanc",-21.248307,55.321146,Plein jour,Hors agglomération,Hors intersection,Normale,Trois véhicules et plus - collisions multiples,2,2,2,2,1,3,1,0,1,80,,4,2,1,1,0,39.0,60.0,,,1,1,1,1,5
202100018231,2021-09-19 04:35:00,2021,9,19,4,35,22,22193,D776,48.438255,-2.433364,Nuit sans éclairage public,Hors agglomération,Hors intersection,Normale,Sans collision,3,3,4,0,1,1,2,0,3,90,,1,0,0,1,0,25.0,,,,3,1,1,1,7
202100018232,2021-09-18 17:20:00,2021,9,18,17,20,37,37104,autoroute 85 PK 109+500,47.3075354849,0.807862436,Plein jour,Hors agglomération,Hors intersection,Pluie légère,Autre collision,1,3,4,0,1,1,2,0,2,130,,3,1,0,2,0,23.0,,,,1,1,1,2,6
202100018233,2021-09-18 21:30:00,2021,9,18,21,30,62,62473,D187,50.626113,2.442446,Nuit sans éclairage public,En agglomération,Hors intersection,Normale,Sans collision,3,2,2,0,2,3,1,0,1,80,,1,0,0,1,0,24.0,,,,3,2,1,1,7
202100018234,2021-09-18 11:30:00,2021,9,18,11,30,74,74005,D903,46.341114,6.46201,Plein jour,Hors agglomération,Intersection en X,Normale,Deux véhicules - côté,3,2,2,0,2,1,1,5,1,70,,2,0,0,1,1,49.0,57.0,,,1,1,2,1,3
202100018235,2021-09-17 22:30:00,2021,9,17,22,30,51,51305,D27,49.252964,3.880266,Nuit sans éclairage public,Hors agglomération,Hors intersection,Normale,Sans collision,3,1,2,0,3,3,1,0,3,80,,2,1,0,1,0,19.0,,,,3,1,1,1,7
202100018236,2021-09-19 06:50:00,2021,9,19,6,50,59,59349,79 Rue de la Republique,50.099615,3.379167,Crépuscule ou aube,En agglomération,Hors intersection,Normale,Autre collision,3,2,2,0,1,1,1,0,4,50,,1,0,0,1,0,22.0,,,,2,2,1,1,6
202100018237,2021-09-18 09:45:00,2021,9,18,9,45,56,56140,Le Bourgneuf,47.936759,-2.809005,Plein jour,Hors agglomération,Hors intersection,Brouillard / fumée,Trois véhicules et plus - en chaîne,3,2,2,0,4,3,2,0,1,80,,3,0,0,1,2,60.0,77.0,,,1,1,1,5,4
202100018238,2021-08-10 17:30:00,2021,8,10,17,30,56,56175,Lann Er Marh,47.723184,-2.913163,Plein jour,Hors agglomération,Intersection en X,Normale,Deux véhicules - côté,3,2,2,0,1,2,1,0,1,80,,2,1,0,0,1,21.0,30.0,,,1,1,2,1,3
202100018239,2021-09-18 12:55:00,2021,9,18,12,55,76,76179,Avenue du Parc,49.591887,1.096562,Plein jour,Hors agglomération,Hors intersection,Normale,Autre collision,3,2,2,0,2,3,1,0,8,70,,1,0,0,0,1,24.0,,,,1,1,1,1,6
202100018240,2021-09-02 19:00:00,2021,9,2,19,0,60,60130,D137,49.381814,2.513251,Plein jour,Hors agglomération,Hors intersection,Normale,Sans collision,3,2,2,0,2,1,1,0,1,80,,2,1,0,1,0,17.0,,,,1,1,1,1,7
202100018241,2021-09-18 12:15:00,2021,9,18,12,15,33,33155,Lieu Dit Cabanac,44.330671,-0.229919,Plein jour,En agglomération,Hors intersection,Pluie forte,Sans collision,4,1,1,0,1,1,2,0,8,50,,1,0,1,0,0,64.0,,,,1,2,1,3,7
202100018242,2021-09-19 01:50:00,2021,9,19,1,50,63,63148,D210 PR14+400,45.883735,3.220217,Nuit sans éclairage public,Hors agglomération,Hors intersection,Pluie légère,Autre collision,3,2,2,0,1,1,2,0,3,80,,1,0,1,0,0,32.0,,,,3,1,1,2,6
202100018243,2021-09-19 07:45:00,2021,9,19,7,45,55,55232,D903,49.096299869,5.7391440868,Plein jour,Hors agglomération,Hors intersection,Normale,Autre collision,3,2,2,0,1,1,1,0,3,80,,1,0,0,1,0,39.0,,,,1,1,1,1,6
202100018244,2021-09-18 23:56:00,2021,9,18,23,56,49,49080,D108,47.697704,-0.459827,Nuit sans éclairage public,Hors agglomération,Hors intersection,Normale,Autre collision,3,2,2,0,1,2,1,0,3,80,,4,0,0,2,2,19.0,,,,3,1,1,1,6
202100018245,2021-09-19 19:45:00,2021,9,19,19,45,68,68006,D466,47.696233,7.181733,Crépuscule ou aube,Hors agglomération,Hors intersection,Pluie légère,Sans collision,3,2,2,0,1,1,2,0,3,80,,2,0,0,1,1,25.0,,,,2,1,1,2,7
202100018246,2021-09-19 11:15:00,2021,9,19,11,15,44,44028,10 Rue des Mazères,47.318015,-1.346953,Plein jour,En agglomération,Hors intersection,Normale,Sans collision,3,2,2,0,2,1,1,0,1,30,,1,0,1,0,0,52.0,,,,1,2,1,1,7
202100018247,2021-09-18 21:06:00,2021,9,18,21,6,29,29103,100 Route de Pencran,48.448397,-4.239768,Nuit avec éclairage allumé,En agglomération,Hors intersection,Pluie légère,Autre collision,4,2,2,0,2,3,2,9,1,50,,1,0,0,0,1,57.0,,,,5,2,1,2,6
202100018248,2021-09-18 10:35:00,2021,9,18,10,35,31,31278,Départementale 8,43.181875,0.807205,Plein jour,Hors agglomération,Hors intersection,Pluie légère,Autre collision,3,2,2,0,1,3,2,0,1,80,,3,0,0,1,2,35.0,,,,1,1,1,2,6
202100018249,2021-09-18 18:00:00,2021,9,18,18,0,38,38006,D525,45.396853,6.074501,Plein jour,En agglomération,Intersection en X,Temps éblouissant,Deux véhicules - côté,3,2,2,0,2,1,1,0,1,50,,2,1,0,0,1,16.0,73.0,,,1,2,2,7,3
202100018250,2021-09-19 17:35:00,2021,9,19,17,35,02,02217,"D1, coucy",49.513674,3.310168,Plein jour,Hors agglomération,Hors intersection,Normale,Deux véhicules - frontale,3,2,1,0,1,1,1,0,1,80,,2,1,0,1,0,50.0,23.0,,,1,1,1,1,1
202100018251,2021-09-19 13:25:00,2021,9,19,13,25,70,70477,route départementale 9,47.56249,6.611403,Plein jour,Hors agglomération,Hors intersection,Pluie légère,Autre collision,3,2,2,0,1,2,2,0,3,80,,1,0,0,1,0,22.0,,,,1,1,1,2,6
202100018252,2021-08-18 23:30:00,2021,8,18,23,30,83,83122,RD 957,43.759286,6.218101,Nuit sans éclairage public,Hors agglomération,Hors intersection,Normale,Sans collision,3,2,2,0,2,2,1,0,3,-1,,4,3,0,0,1,20.0,,,,3,1,1,1,7
202100018253,2021-09-19 15:48:00,2021,9,19,15,48,09,09235,CD 117,43.036042,0.997751,Plein jour,Hors agglomération,Hors intersection,Normale,Deux véhicules - frontale,3,2,2,0,1,3,1,0,1,80,,4,0,1,1,2,20.0,66.0,,,1,1,1,1,1
202100018254,2021-09-19 11:15:00,2021,9,19,11,15,09,09032,Première Bazerque,42.70818,1.834046,Plein jour,Hors agglomération,Hors intersection,Normale,Sans collision,3,2,2,0,2,4,1,0,1,80,,1,0,0,1,0,84.0,,,,1,1,1,1,7
202100018255,2021-09-17 06:30:00,2021,9,17,6,30,10,10063,D11b,48.370021,4.517119,Crépuscule ou aube,Hors agglomération,Hors intersection,Normale,Autre collision,3,2,2,0,2,3,1,0,3,80,,1,0,0,0,1,57.0,,,,2,1,1,1,6
202100018256,2021-09-18 17:52:00,2021,9,18,17,52,88,88108,Route de Xertigny,47.965244,6.319027,Plein jour,Hors agglomération,Hors intersection,Normale,Sans collision,3,2,2,0,1,2,1,0,3,80,,1,0,0,1,0,53.0,,,,1,1,1,1,7
202100018257,2021-09-18 20:00:00,2021,9,18,20,0,77,77099,A77 PK009+550,48.143411,2.743406,Nuit sans éclairage public,Hors agglomération,Hors intersection,Temps couvert,Deux véhicules - frontale,1,2,2,0,2,1,1,0,1,90,,5,0,0,1,4,20.0,52.0,,,3,1,1,8,1
202100018258,2021-09-18 10:10:00,2021,9,18,10,10,01,01445,A39,46.349031,5.287078,Plein jour,Hors agglomération,Hors intersection,Normale,Sans collision,1,1,4,0,1,1,1,0,3,90,,2,0,0,2,0,33.0,,,,1,1,1,1,7
202100018259,2021-09-19 14:40:00,2021,9,19,14,40,06,06018,14 Chemin Neuf,43.626675,7.095503,Plein jour,En agglomération,Autre intersection,Normale,Deux véhicules - côté,3,2,2,0,2,2,1,0,1,30,,2,1,0,1,0,28.0,50.0,,,1,2,9,1,3
202100018260,2021-09-17 08:45:00,2021,9,17,8,45,17,17283,d137,45.599251,-0.554488,Plein jour,Hors agglomération,Intersection en X,Normale,Deux véhicules - côté,3,2,2,0,1,1,1,0,1,90,,2,1,0,0,1,66.0,57.0,,,1,1,2,1,3
202100018261,2021-09-18 17:45:00,2021,9,18,17,45,17,17354,Autoroute A 10 PK 456.500 ens Bordeaux/Paris,45.608037,-0.596309,Plein jour,Hors agglomération,Hors intersection,Normale,Deux véhicules - arrière,1,3,4,0,1,1,1,0,1,130,,6,4,0,0,2,71.0,79.0,,,1,1,1,1,2
202100018262,2021-09-19 21:10:00,2021,9,19,21,10,988,98823,Néouta (Tribu),-21.05581,165.40112,Nuit sans éclairage public,Hors agglomération,Hors intersection,Normale,Autre collision,2,2,2,0,1,3,1,0,3,110,,3,2,0,1,0,38.0,,,,3,1,1,1,6
202100018263,2021-09-17 19:45:00,2021,9,17,19,45,986,98613,Finebeke- Carrefour RT1/RT2 - HALALO,-13.331216,-176.218643,Nuit sans éclairage public,Hors agglomération,Intersection en T,Normale,Sans collision,2,3,-1,0,2,3,1,9,8,70,,1,0,1,0,0,20.0,,,,3,1,3,1,7
202100018264,2021-09-18 17:10:00,2021,9,18,17,10,973,97311,Avenue Gaston Monnerville,5.493429,-54.015537,Plein jour,En agglomération,Hors intersection,Normale,Deux véhicules - frontale,2,2,2,0,1,1,1,0,3,50,,3,0,1,2,0,61.0,49.0,,,1,2,1,1,1
202100018265,2021-09-18 13:00:00,2021,9,18,13,0,971,97118,RN1,16.213758,-61.600578,Plein jour,Hors agglomération,Hors intersection,Pluie forte,Sans collision,2,3,2,0,2,1,2,0,3,110,,1,0,1,0,0,20.0,,,,1,1,1,3,7
202100018266,2021-09-19 09:00:00,2021,9,19,9,0,37,37003,Quai du Général de Gaulle,47.4129523233,0.9826719416,Plein jour,En agglomération,Hors intersection,Pluie légère,Deux véhicules - arrière,3,2,4,0,1,1,2,0,1,50,,2,1,0,1,0,39.0,62.0,,,1,2,1,2,2
202100018267,2021-09-17 06:00:00,2021,9,17,6,0,78,78048,N12,48.795203,1.669643,Crépuscule ou aube,Hors agglomération,Hors intersection,Normale,Deux véhicules - frontale,2,3,4,0,1,1,1,1,1,110,,2,0,0,1,1,58.0,24.0,,,2,1,1,1,1
202100018268,2021-09-18 20:15:00,2021,9,18,20,15,2A,2A247,Route de Muratello,41.592209,9.213495,Crépuscule ou aube,Hors agglomération,Hors intersection,Normale,Deux véhicules - frontale,3,2,2,0,1,1,1,0,1,80,,4,0,0,0,4,72.0,21.0,,,2,1,1,1,1
202100018269,2021-09-19 06:35:00,2021,9,19,6,35,66,66017,RD83,42.82996,3.035365,Nuit sans éclairage public,Hors agglomération,Autre intersection,Normale,Autre collision,3,3,4,0,1,1,1,0,2,110,,3,2,0,1,0,75.0,,,,3,1,9,1,6
202100018270,2021-09-18 19:10:00,2021,9,18,19,10,30,30270,Chemin de Montredon,44.10169,4.016971,Crépuscule ou aube,En agglomération,Hors intersection,Pluie légère,Sans collision,4,2,2,0,1,2,2,0,3,50,,2,1,0,1,0,60.0,,,,2,2,1,2,7
202100018271,2021-09-19 01:00:00,2021,9,19,1,0,84,84003,d943,43.863774,5.368795,Nuit sans éclairage public,Hors agglomération,Hors intersection,Normale,Sans collision,3,2,2,0,2,3,1,0,1,80,,1,0,0,1,0,20.0,,,,3,1,1,1,7
202100018272,2021-09-18 19:15:00,2021,9,18,19,15,13,13027,370 chemin des iscles,43.888081,4.863853,Plein jour,En agglomération,Hors intersection,Normale,Autre collision,4,2,2,0,1,2,1,0,3,50,,2,0,0,1,1,30.0,,,,1,2,1,1,6
202100018273,2021-09-18 09:45:00,2021,9,18,9,45,88,88173,RD55,48.359527,6.245001,Plein jour,Hors agglomération,Intersection en T,Normale,Autre collision,3,2,2,0,1,1,1,0,1,80,,1,0,0,1,0,53.0,,,,1,1,3,1,6
202100018274,2021-09-18 15:45:00,2021,9,18,15,45,74,74127,Rte de Theozia,46.358637,6.547445,Plein jour,En agglomération,Intersection en Y,Normale,Deux véhicules - frontale,3,2,2,0,1,3,1,0,1,50,,2,1,0,0,1,54.0,45.0,,,1,2,4,1,1
202100018275,2021-09-18 10:20:00,2021,9,18,10,20,26,26220,27 Route de Montelimar,44.362388,5.129168,Plein jour,En agglomération,Hors intersection,Normale,Autre collision,3,2,2,0,2,1,1,0,1,50,,2,1,0,1,0,78.0,,,,1,2,1,1,6
202100018276,2021-09-19 17:00:00,2021,9,19,17,0,01,01202,Départementale D62A,45.877461,5.304047,Plein jour,Hors agglomération,Hors intersection,Normale,Deux véhicules - frontale,3,2,2,0,1,3,1,0,1,90,,2,0,1,1,0,36.0,90.0,,,1,1,1,1,1
202100018277,2021-09-17 17:45:00,2021,9,17,17,45,69,69204,CHARLES DE GAULLE (AV),45.681205,4.782915,Crépuscule ou aube,En agglomération,Giratoire,Temps éblouissant,Deux véhicules - côté,4,-1,1,0,1,1,1,0,1,50,,3,1,0,0,2,47.0,54.0,,,2,2,6,7,3
202100018278,2021-09-18 13:00:00,2021,9,18,13,0,81,81116,Al Deves,43.7000363456,1.8664231897,Plein jour,Hors agglomération,Hors intersection,Pluie légère,Autre collision,3,2,2,0,1,1,2,0,1,70,,2,0,0,2,0,44.0,,,,1,1,1,2,6
202100018279,2021-09-19 14:00:00,2021,9,19,14,0,46,46085,Lieu dit Floirac,44.578883,2.129116,Plein jour,Hors agglomération,Hors intersection,Pluie légère,Deux véhicules - côté,3,2,2,0,1,3,2,0,1,80,,2,1,0,0,1,,29.0,,,1,1,1,2,3
202100018280,2021-09-19 04:30:00,2021,9,19,4,30,32,32183,rn 124 PK 52500,43.648808,0.687332,Nuit sans éclairage public,Hors agglomération,Hors intersection,Normale,Autre collision,2,3,4,0,1,1,2,0,3,110,,1,0,0,1,0,20.0,,,,3,1,1,1,6
202100018281,2021-09-18 17:00:00,2021,9,18,17,0,50,50516,66 Avenue du Rocher,48.675519,-1.329133,Plein jour,En agglomération,Hors intersection,Normale,Deux véhicules - côté,3,2,2,0,1,2,1,0,1,50,,2,1,0,1,0,71.0,59.0,,,1,2,1,1,3
202100018282,2021-09-19 00:00:00,2021,9,19,0,0,80,80395,D329,49.706727,2.661513,Nuit sans éclairage public,Hors agglomération,Hors intersection,Normale,Sans collision,3,2,2,0,1,1,1,0,8,80,,2,1,0,0,1,37.0,,,,3,1,1,1,7
202100018283,2021-09-17 12:00:00,2021,9,17,12,0,69,69259,FRANCIS DE PRESSENSE (AV),45.71732,4.87027,Plein jour,En agglomération,Intersection en T,Normale,Deux véhicules - côté,4,2,2,2,1,1,1,0,1,50,,2,1,0,0,1,34.0,50.0,,,1,2,3,1,3
202100018284,2021-09-17 16:15:00,2021,9,17,16,15,54,54286,Rue Charles Michel,49.17148,5.88413,Plein jour,En agglomération,Hors intersection,Normale,Autre collision,3,2,2,0,1,1,1,0,4,30,,2,1,0,0,1,54.0,,,,1,2,1,1,6
202100018285,2021-09-17 22:10:00,2021,9,17,22,10,33,33529,PORT (RUE DU),44.636362,-1.144527,Nuit avec éclairage allumé,En agglomération,Hors intersection,Normale,Autre collision,4,2,2,0,1,1,1,0,1,50,,2,1,0,0,1,18.0,,,,5,2,1,1,6
202100018286,2021-09-17 12:50:00,2021,9,17,12,50,93,93073,Boulevard Charles Vaillant / Rue de Flandre,48.94348,2.5713,Plein jour,En agglomération,Intersection en T,Normale,Deux véhicules - côté,4,2,2,0,1,1,1,5,1,50,,3,2,0,0,1,47.0,36.0,,,1,2,3,1,3
202100018287,2021-09-17 00:30:00,2021,9,17,0,30,62,62427,BORD DES EAUX (CHE. DU),50.411059,2.969277,Nuit avec éclairage allumé,En agglomération,Hors intersection,Normale,Autre collision,4,2,0,0,1,3,1,0,1,50,,2,0,0,0,2,21.0,,,,5,2,1,1,6
202100018288,2021-09-14 17:35:00,2021,9,14,17,35,45,45147,Rue Fernand Leger,47.93665,1.91251,Plein jour,En agglomération,Hors intersection,Pluie légère,Autre collision,6,-1,-1,0,1,2,2,0,8,30,,2,1,0,0,1,55.0,,,,1,2,1,2,6
202100018289,2021-09-17 08:30:00,2021,9,17,8,30,974,97416,RN1,-21.30293,55.42627,Plein jour,Hors agglomération,Hors intersection,Normale,Deux véhicules - arrière,2,1,2,0,1,1,1,0,1,110,,2,1,0,0,1,27.0,21.0,,,1,1,1,1,2