accident_id,datetime,annee,mois,jour,heure,minute,departement,commune_insee,adresse,latitude,longitude,luminosite,agglomeration,intersection,meteo,collision,catr,circ,nbv,vosp,prof,plan,surf,infra,situ,vma,nb_vehicules,nb_usagers,nb_indemnes,nb_tues,nb_blesses_hosp,nb_blesses_legers,age_cond_1,age_cond_2,veh_type_cond_1,veh_type_cond_2,lum_code,agg_code,int_code,atm_code,col_code
202100018290,2021-09-17 06:00:00,2021,9,17,6,0,974,97411,DODU 1 (RUE JULIETTE),-20.8732,55.44985,Crépuscule ou aube,En agglomération,Intersection en X,Normale,Deux véhicules - côté,4,1,1,0,1,1,1,0,1,50,,2,1,0,0,1,21.0,,,,2,2,2,1,3
202100018291,2021-09-17 12:45:00,2021,9,17,12,45,974,97409,RN2 SENS ST BENOIT ST DENIS,-20.97786,55.65424,Plein jour,Hors agglomération,Hors intersection,Normale,Deux véhicules - arrière,2,1,2,0,1,1,1,0,1,110,,2,1,0,0,1,44.0,31.0,,,1,1,1,1,2
202100018292,2021-09-17 14:49:00,2021,9,17,14,49,973,97302,BARTHELEMY (RENE),4.9342915758,-52.330586493,Plein jour,En agglomération,Hors intersection,Normale,Deux véhicules - côté,4,2,2,0,1,1,1,0,1,50,,2,1,0,1,0,27.0,49.0,,,1,2,1,1,3
202100018293,2021-09-17 08:00:00,2021,9,17,8,0,973,97302,BADUEL (ROUTE DE),4.9278829991,-52.2921990752,Plein jour,En agglomération,Hors intersection,Normale,Deux véhicules - côté,3,2,2,2,1,1,1,0,1,50,,2,1,0,0,1,41.0,19.0,,,1,2,1,1,3
202100018294,2021-09-17 07:30:00,2021,9,17,7,30,973,97302,MADELEINE (ROUTE DE LA),4.9279886429,-52.3250906468,Plein jour,En agglomération,Hors intersection,Normale,Deux véhicules - côté,3,2,2,0,1,1,1,0,1,50,,3,1,0,0,2,53.0,22.0,,,1,2,1,1,3
202100018295,2021-09-14 20:46:00,2021,9,14,20,46,973,97302,PREVOT (ERNEST),4.933296155,-52.3328488469,Nuit avec éclairage allumé,En agglomération,Hors intersection,Normale,Deux véhicules - côté,4,1,2,0,1,1,1,0,1,50,,2,1,0,0,1,34.0,25.0,,,5,2,1,1,3
202100018296,2021-09-17 18:20:00,2021,9,17,18,20,69,69387,GALLIENI (PT),45.7482203943,4.8324286938,Plein jour,En agglomération,Hors intersection,Normale,Deux véhicules - côté,4,2,4,1,1,1,1,0,5,50,,2,1,0,0,1,25.0,29.0,,,1,2,1,1,3
202100018297,2021-09-17 18:05:00,2021,9,17,18,5,69,69386,JULES FAVRE (BD),45.76622,4.85917,Plein jour,En agglomération,Intersection en X,Normale,Deux véhicules - côté,4,2,4,3,1,1,1,0,5,50,,2,1,0,0,1,31.0,64.0,,,1,2,2,1,3
202100018298,2021-09-17 11:15:00,2021,9,17,11,15,69,69383,GUILLOTIERE (DE LA) (PT),45.7562808854,4.8402830539,Plein jour,En agglomération,Intersection en X,Normale,Deux véhicules - côté,4,3,5,2,1,1,1,2,1,50,,2,1,0,0,1,68.0,26.0,,,1,2,2,1,3
202100018299,2021-09-17 11:30:00,2021,9,17,11,30,69,69388,ETATS UNIS (DES) (BD),45.73124,4.86622,Plein jour,En agglomération,Intersection en X,Normale,Deux véhicules - côté,4,2,2,3,1,1,1,0,6,50,,2,1,0,0,1,78.0,40.0,,,1,2,2,1,3
202100018300,2021-09-07 10:00:00,2021,9,7,10,0,69,69199,EMILE ZOLA (R),45.7107768267,4.8625552654,Plein jour,En agglomération,Intersection en X,Normale,Deux véhicules - côté,4,3,2,0,1,1,1,0,1,30,,2,1,0,0,1,28.0,33.0,,,1,2,2,1,3
202100018301,2021-09-17 08:00:00,2021,9,17,8,0,69,69383,FERDINAND BUISSON (R),45.74911,4.88788,Plein jour,En agglomération,Intersection en T,Temps couvert,Deux véhicules - arrière,4,1,1,2,1,1,1,0,1,50,,2,1,0,0,1,23.0,27.0,,,1,2,3,8,2
202100018302,2021-09-17 17:30:00,2021,9,17,17,30,69,69389,ROGER SALENGRO (R),45.77704,4.80721,Plein jour,En agglomération,Intersection en Y,Normale,Autre collision,4,2,2,0,1,3,1,0,1,50,,2,1,0,0,1,66.0,,,,1,2,4,1,6
202100018303,2021-09-17 13:37:00,2021,9,17,13,37,2A,2A004,ROUTE DU STILETTO,41.94651,8.76466,Plein jour,En agglomération,Hors intersection,Normale,Deux véhicules - côté,3,2,2,0,1,1,1,0,1,50,,2,1,0,0,1,73.0,36.0,,,1,2,1,1,3
202100018304,2021-09-17 13:50:00,2021,9,17,13,50,91,91103,AV CHARLES DE GAULLE,48.609,2.318,Plein jour,En agglomération,Hors intersection,Normale,Deux véhicules - frontale,3,2,1,0,1,3,1,0,1,30,,2,1,0,0,1,28.0,59.0,,,1,2,1,1,1
202100018305,2021-09-17 18:25:00,2021,9,17,18,25,91,91377,RUE ROBERT SCHUMAN,48.728965,2.258207,Plein jour,En agglomération,Hors intersection,Normale,Deux véhicules - côté,4,2,3,0,1,1,1,0,1,50,,2,1,0,0,1,19.0,51.0,,,1,2,1,1,3
202100018306,2021-09-17 13:40:00,2021,9,17,13,40,91,91161,AV DE CARLET,48.704486,2.310008,Plein jour,En agglomération,Hors intersection,Normale,Deux véhicules - côté,4,2,1,0,1,3,1,0,1,50,,2,1,0,0,1,52.0,55.0,,,1,2,1,1,3
202100018307,2021-09-17 17:40:00,2021,9,17,17,40,91,91201,AV DU GENERAL DE GAULLE,48.68682,2.401767,Plein jour,En agglomération,Hors intersection,Normale,Deux véhicules - arrière,3,2,4,0,1,1,1,6,1,50,,2,1,0,0,1,84.0,26.0,,,1,2,1,1,2
202100018308,2021-09-16 19:20:00,2021,9,16,19,20,91,91479,RUE E TARTASSE,48.7088,2.37003,Plein jour,En agglomération,Hors intersection,Normale,Deux véhicules - frontale,4,2,2,0,1,1,1,5,1,50,,2,1,0,0,1,60.0,24.0,,,1,2,1,1,1
202100018309,2021-09-16 08:15:00,2021,9,16,8,15,91,91433,CD 63,48.40671,2.21237,Plein jour,Hors agglomération,Hors intersection,Normale,Deux véhicules - arrière,3,2,2,0,1,1,1,0,1,80,,2,1,0,0,1,36.0,17.0,,,1,1,1,1,2
202100018310,2021-09-16 14:23:00,2021,9,16,14,23,87,87085,QUEUILLE (PLACE HENRI),45.81502,1.26984,Plein jour,En agglomération,Autre intersection,Pluie légère,Sans collision,4,1,2,0,1,2,2,0,8,50,,1,0,0,0,1,19.0,,,,1,2,9,2,7
202100018311,2021-09-17 09:30:00,2021,9,17,9,30,86,86194,Avenue John Kennedy,46.587926,0.363668,Plein jour,En agglomération,Hors intersection,Normale,Deux véhicules - côté,3,3,5,3,1,1,1,0,1,50,,2,1,0,0,1,17.0,18.0,,,1,2,1,1,3
202100018312,2021-09-17 20:55:00,2021,9,17,20,55,83,83137,FORBIN (AVE DE),43.124082608,5.9648358822,Nuit sans éclairage public,En agglomération,Hors intersection,Normale,Sans collision,4,1,1,0,1,3,1,0,1,50,,1,0,1,0,0,59.0,,,,3,2,1,1,7
202100018313,2021-09-17 07:55:00,2021,9,17,7,55,83,83144,LIBERATION (AVE DE LA),43.14299,5.98952,Plein jour,En agglomération,Hors intersection,Temps éblouissant,Autre collision,7,2,2,0,2,1,1,0,1,50,,2,1,1,0,0,22.0,,,,1,2,1,7,6
202100018314,2021-09-11 12:25:00,2021,9,11,12,25,83,83129,DE LATTRE DE TASSIGNY (AV),43.093918,5.839174,Plein jour,En agglomération,Hors intersection,Normale,Autre collision,7,2,2,0,1,1,1,0,1,50,,2,1,0,1,0,59.0,,,,1,2,1,1,6
202100018315,2021-09-17 01:45:00,2021,9,17,1,45,77,77514,CHARLES GIDE (AVENUE),48.94056,2.60441,Nuit avec éclairage allumé,En agglomération,Intersection en T,Normale,Deux véhicules - côté,4,2,2,0,1,1,1,0,1,50,,6,5,0,1,0,17.0,19.0,,,5,2,3,1,3
202100018316,2021-09-17 12:20:00,2021,9,17,12,20,76,76366,SAINT JEAN. ROUTE DE,49.5100982686,1.0230374336,Plein jour,Hors agglomération,Hors intersection,Normale,Deux véhicules - frontale,7,2,2,0,2,2,1,0,1,80,,3,1,0,0,2,24.0,32.0,,,1,1,1,1,1
202100018317,2021-09-17 06:30:00,2021,9,17,6,30,71,71118,GENERAL DE GAULLE (AVENUE),46.79610164,4.8114015321,Crépuscule ou aube,En agglomération,Hors intersection,Normale,Sans collision,3,-1,2,0,1,1,1,0,1,50,,1,0,0,0,1,43.0,,,,2,2,1,1,7
202100018318,2021-09-17 18:29:00,2021,9,17,18,29,69,69282,JOSEPH DESBOIS (R),45.77373,5.0046,Plein jour,En agglomération,Hors intersection,Normale,Autre collision,4,2,2,0,1,1,1,0,1,50,,3,1,0,0,2,21.0,,,,1,2,1,1,6
202100018319,2021-09-17 09:45:00,2021,9,17,9,45,69,69029,GENAS (DE) (RTE),45.7494882088,4.9133080244,Plein jour,En agglomération,Hors intersection,Normale,Trois véhicules et plus - en chaîne,7,2,4,3,1,1,1,0,1,50,,7,6,0,0,1,55.0,61.0,,,1,2,1,1,4
202100018320,2021-09-17 09:05:00,2021,9,17,9,5,69,69266,ROGER SALENGRO (AV),45.7767254527,4.8754806203,Plein jour,En agglomération,Hors intersection,Normale,Autre collision,4,2,2,3,1,1,1,0,1,50,,2,1,0,0,1,22.0,,,,1,2,1,1,6
202100018321,2021-09-17 09:30:00,2021,9,17,9,30,67,67482,SERRURIERS (RUE DES),48.5802827452,7.74656564,Plein jour,En agglomération,Hors intersection,Temps couvert,Autre collision,4,1,2,0,2,1,9,6,1,50,,2,1,0,0,1,50.0,,,,1,2,1,8,6
202100018322,2021-09-17 08:50:00,2021,9,17,8,50,67,67482,GANZAU (RUE DE LA),48.53754,7.76055,Plein jour,En agglomération,Hors intersection,Normale,Autre collision,4,2,2,0,1,1,2,0,1,50,,2,1,0,0,1,68.0,,,,1,2,1,1,6
202100018323,2021-09-17 08:10:00,2021,9,17,8,10,67,67482,PECHEURS (QUAI DES),48.5838440065,7.7585437149,Plein jour,En agglomération,Hors intersection,Normale,Deux véhicules - arrière,4,3,3,1,2,1,1,0,1,50,,2,1,0,0,1,58.0,54.0,,,1,2,1,1,2
202100018324,2021-09-16 23:25:00,2021,9,16,23,25,67,67447,EUROPE (AVENUE DE L ),48.61238,7.70821,Nuit avec éclairage non allumé,En agglomération,Hors intersection,Normale,Autre collision,4,2,2,0,1,3,1,0,1,50,,3,2,0,0,1,20.0,,,,4,2,1,1,6
202100018325,2021-09-16 11:30:00,2021,9,16,11,30,67,67482,ALTKIRCH (RUE D ),48.559942,7.767654,Plein jour,En agglomération,Hors intersection,Normale,Deux véhicules - côté,4,2,2,0,1,1,1,0,1,50,,2,1,0,0,1,,36.0,,,1,2,1,1,3
202100018326,2021-09-17 13:44:00,2021,9,17,13,44,65,65440,JOFFRE (AVENUE DU MARECHAL),43.23,0.06,Plein jour,En agglomération,Hors intersection,Normale,Trois véhicules et plus - en chaîne,3,2,2,0,1,1,1,0,1,50,,3,2,0,0,1,65.0,19.0,,,1,2,1,1,4
202100018327,2021-09-17 22:00:00,2021,9,17,22,0,64,64140,Avenue Charles de Gaulle,43.527923617,-1.4688198341,Nuit avec éclairage allumé,En agglomération,Hors intersection,Normale,Sans collision,3,2,2,0,1,1,2,0,4,50,,2,1,0,0,1,18.0,,,,5,2,1,1,7
202100018328,2021-09-15 08:40:00,2021,9,15,8,40,62,62510,ALSACE (R D'),50.440382,2.785285,Plein jour,En agglomération,Intersection en X,Normale,Deux véhicules - côté,4,2,2,0,1,1,1,0,1,50,,2,1,0,1,0,47.0,59.0,,,1,2,2,1,3
202100018329,2021-09-16 15:30:00,2021,9,16,15,30,60,60159,Boulevard des États-Unis,49.40812,2.82237,Plein jour,En agglomération,Giratoire,Normale,Deux véhicules - côté,4,2,2,0,1,1,1,0,1,50,,2,1,0,0,1,61.0,27.0,,,1,2,6,1,3
202100018330,2021-09-17 12:14:00,2021,9,17,12,14,60,60057,Rue d’Agincourt,49.42952,2.08461,Plein jour,En agglomération,Hors intersection,Normale,Autre collision,4,1,1,0,1,1,1,0,1,30,,2,1,0,1,0,23.0,,,,1,2,1,1,6
202100018331,2021-09-17 11:50:00,2021,9,17,11,50,59,59279,PERI (RUE GABRIEL),50.78424,3.13054,Plein jour,En agglomération,Hors intersection,Normale,Deux véhicules - côté,4,2,1,0,1,1,1,0,1,50,,2,1,0,0,1,81.0,29.0,,,1,2,1,1,3
202100018332,2021-08-06 04:15:00,2021,8,6,4,15,59,59350,VAUBAN BOULEVARD N° RESTE,50.6361,3.05057,Nuit avec éclairage allumé,En agglomération,Hors intersection,Normale,Sans collision,4,3,2,1,1,1,1,8,5,50,,3,1,0,0,2,27.0,,,,5,2,1,1,7
202100018333,2021-09-16 20:40:00,2021,9,16,20,40,59,59360,GIRAUD RUE DU GENERAL,50.62032,3.02166,Nuit sans éclairage public,En agglomération,Hors intersection,Normale,Deux véhicules - frontale,4,2,2,0,1,1,1,0,1,50,,2,1,0,0,1,21.0,25.0,,,3,2,1,1,1
202100018334,2021-09-13 20:40:00,2021,9,13,20,40,59,59350,CHANZY RUE,50.62729,3.10831,Nuit avec éclairage allumé,En agglomération,Intersection en T,Normale,Deux véhicules - frontale,7,2,3,0,1,1,1,0,1,50,,2,0,0,0,2,19.0,26.0,,,5,2,3,1,1
202100018335,2021-09-17 05:10:00,2021,9,17,5,10,59,59350,SOLFERINO RUE N°1 - 159,50.6302447093,3.0566520989,Nuit avec éclairage allumé,En agglomération,Intersection en X,Normale,Deux véhicules - côté,4,2,4,0,1,1,1,0,1,30,,3,2,0,0,1,21.0,23.0,,,5,2,2,1,3
202100018336,2021-09-16 19:15:00,2021,9,16,19,15,59,59286,VANDERHAGEN ALBERT RUE,50.61136,2.97848,Plein jour,En agglomération,Hors intersection,Normale,Deux véhicules - côté,7,2,2,1,1,1,1,0,1,50,,2,1,0,0,1,17.0,44.0,,,1,2,1,1,3
202100018337,2021-09-17 10:10:00,2021,9,17,10,10,56,56121,CHAZELLES ( COURS LOUIS  DE ),47.75545,-3.36362,Plein jour,En agglomération,Hors intersection,Normale,Autre collision,4,2,4,0,1,1,1,0,1,30,,2,1,0,0,1,63.0,,,,1,2,1,1,6
202100018338,2021-09-16 18:15:00,2021,9,16,18,15,56,56083,PICASSO ( AVENUE PABLO ),47.80208,-3.29052,Plein jour,En agglomération,Hors intersection,Normale,Autre collision,4,2,2,0,1,1,1,0,1,50,,2,1,0,0,1,19.0,,,,1,2,1,1,6
202100018339,2021-09-15 17:45:00,2021,9,15,17,45,56,56036,N165 sens Brest/Nantes,47.78732,-3.32953,Plein jour,Hors agglomération,Hors intersection,Normale,Deux véhicules - arrière,2,3,4,0,1,1,1,0,1,90,,2,1,0,0,1,35.0,23.0,,,1,1,1,1,2
202100018340,2021-09-15 17:10:00,2021,9,15,17,10,56,56121,THOREZ (RUE  MAURICE ),47.73998,-3.39354,Plein jour,En agglomération,Hors intersection,Normale,Deux véhicules - côté,4,-1,0,0,1,1,1,0,4,30,,2,1,0,0,1,29.0,7.0,,,1,2,1,1,3
202100018341,2021-09-15 16:40:00,2021,9,15,16,40,56,56121,PAYS DE GALLES (ROND-POINT DU),47.74132,-3.37319,Plein jour,En agglomération,Giratoire,Normale,Deux véhicules - côté,4,1,1,0,1,2,1,5,1,30,,2,1,0,0,1,34.0,77.0,,,1,2,6,1,3
202100018342,2021-09-14 18:20:00,2021,9,14,18,20,56,56162,PINS (RUE DES),47.7342,-3.43283,Plein jour,En agglomération,Hors intersection,Normale,Deux véhicules - côté,3,2,2,0,1,1,1,0,1,30,,2,1,0,0,1,16.0,36.0,,,1,2,1,1,3
202100018343,2021-09-17 19:15:00,2021,9,17,19,15,54,54547,MORVAN (RUE DU),48.64874,6.14677,Plein jour,En agglomération,Hors intersection,Normale,Deux véhicules - frontale,6,-1,-1,0,1,3,1,0,1,30,,2,1,0,0,1,19.0,25.0,,,1,2,1,1,1
202100018344,2021-09-15 19:00:00,2021,9,15,19,0,54,54395,BAZIN (RUE HENRI) + (SENTIER),48.69667,6.19368,Crépuscule ou aube,En agglomération,Hors intersection,Normale,Trois véhicules et plus - en chaîne,4,1,2,2,1,1,1,0,1,50,,3,1,0,0,2,63.0,29.0,,,2,2,1,1,4
202100018345,2021-09-12 16:20:00,2021,9,12,16,20,54,54395,MON DESERT (RUE),48.68361,6.17474,Plein jour,En agglomération,Hors intersection,Normale,Autre collision,4,1,2,0,1,1,1,0,1,50,,1,0,0,1,0,83.0,,,,1,2,1,1,6
202100018346,2021-09-16 08:00:00,2021,9,16,8,0,53,53054,BORDAGERS ( RUE DES ),48.096777,-0.772906,Plein jour,En agglomération,Hors intersection,Normale,Autre collision,4,2,2,0,3,3,1,0,3,50,,6,0,0,1,5,28.0,,,,1,2,1,1,6
202100018347,2021-09-17 15:57:00,2021,9,17,15,57,51,51454,Boulevard des Belges,49.2763001741,4.0269988606,Plein jour,En agglomération,Intersection en X,Normale,Deux véhicules - côté,3,2,2,0,1,1,1,0,1,50,,3,1,0,0,2,19.0,57.0,,,1,2,2,1,3
202100018348,2021-09-16 19:20:00,2021,9,16,19,20,50,50602,LEMARESQUIER (RUE AUGUSTIN),49.64761,-1.57824,Plein jour,En agglomération,Intersection en X,Normale,Deux véhicules - côté,4,2,2,0,1,1,1,0,1,50,,2,1,0,1,0,48.0,20.0,,,1,2,2,1,3
202100018349,2021-09-17 17:59:00,2021,9,17,17,59,49,49007,FOCH BOULEVARD,47.469672,-0.548587,Plein jour,En agglomération,Hors intersection,Normale,Autre collision,4,3,3,0,1,1,1,0,1,50,,2,1,0,0,1,18.0,,,,1,2,1,1,6
202100018350,2021-09-17 17:45:00,2021,9,17,17,45,49,49007,LEBON,47.47778,-0.54569,Plein jour,En agglomération,Hors intersection,Normale,Autre collision,4,1,1,0,1,1,1,0,1,50,,2,1,0,0,1,42.0,,,,1,2,1,1,6
202100018351,2021-09-16 15:35:00,2021,9,16,15,35,49,49007,BEAUSSIER BOULEVARD,47.47172,-0.60016,Plein jour,En agglomération,Intersection en X,Normale,Deux véhicules - côté,4,3,4,0,1,1,1,0,1,50,,2,1,0,1,0,17.0,30.0,,,1,2,2,1,3
202100018352,2021-09-15 21:10:00,2021,9,15,21,10,44,44184,RD 213,47.28997,-2.23759,Nuit sans éclairage public,Hors agglomération,Hors intersection,Normale,Trois véhicules et plus - en chaîne,3,3,6,0,1,1,1,9,1,90,,3,1,0,1,1,25.0,25.0,,,3,1,1,1,4
202100018353,2021-09-17 19:20:00,2021,9,17,19,20,44,44109,HUGO ( BD VICTOR ),47.20426,-1.55237,Crépuscule ou aube,En agglomération,Hors intersection,Normale,Deux véhicules - arrière,4,2,2,2,1,1,1,0,1,30,,2,1,0,1,0,32.0,33.0,,,2,2,1,1,2
202100018354,2021-09-17 09:50:00,2021,9,17,9,50,44,44162,BOULEVARD CHARLES DE GAULLE,47.21087,-1.62579,Plein jour,En agglomération,Hors intersection,Normale,Deux véhicules - arrière,7,2,2,3,1,3,1,0,1,50,,2,1,0,0,1,40.0,56.0,,,1,2,1,1,2
202100018355,2021-09-17 11:30:00,2021,9,17,11,30,37,37122,DOUZILLIERE (RUE DE LA),47.3368878479,0.6532309439,Plein jour,En agglomération,Hors intersection,Normale,Autre collision,4,2,2,2,1,1,1,0,5,50,,2,1,0,0,1,,,,,1,2,1,1,6
202100018356,2021-09-16 19:55:00,2021,9,16,19,55,37,37261,MONTJOYEUX (AVENUE),47.36152,0.70846,Crépuscule ou aube,En agglomération,Hors intersection,Normale,Sans collision,4,2,2,0,2,1,1,0,1,50,,1,0,0,1,0,17.0,,,,2,2,1,1,7
202100018357,2021-09-16 14:30:00,2021,9,16,14,30,37,37261,ALOUETTE (AVENUE),47.3610013435,0.69703972,Plein jour,En agglomération,Hors intersection,Normale,Autre collision,4,3,4,2,2,2,1,0,5,50,,2,1,0,0,1,33.0,24.0,,,1,2,1,1,6
202100018358,2021-09-16 05:55:00,2021,9,16,5,55,37,37261,MAGINOT (AV. ANDRE),47.43595,0.70862,Nuit avec éclairage allumé,En agglomération,Hors intersection,Normale,Sans collision,4,2,2,0,1,1,1,0,1,50,,1,0,0,0,1,16.0,,,,5,2,1,1,7
202100018359,2021-09-17 10:45:00,2021,9,17,10,45,35,35238,CLEMENCEAU (BD GEORGES),48.09451,-1.68536,Plein jour,En agglomération,Intersection en X,Normale,Deux véhicules - arrière,4,2,2,0,2,1,1,5,1,50,,2,1,0,0,1,23.0,47.0,,,1,2,2,1,2
202100018360,2021-09-17 07:45:00,2021,9,17,7,45,35,35238,DUJARDIN (QUAI),48.11024,-1.67178,Crépuscule ou aube,En agglomération,Hors intersection,Normale,Autre collision,4,1,1,1,1,1,1,0,4,30,,2,1,0,0,1,,,,,2,2,1,1,6
202100018361,2021-09-17 01:00:00,2021,9,17,1,0,34,34172,LAVERUNE (ROUTE DE,43.59437,3.83527,Nuit sans éclairage public,En agglomération,Hors intersection,Normale,Autre collision,7,2,2,0,1,1,2,0,1,50,,1,0,1,0,0,39.0,,,,3,2,1,1,6
202100018362,2021-09-18 01:50:00,2021,9,18,1,50,33,33063,Quai Louis XVIII,44.84493,-0.57056,Nuit avec éclairage allumé,En agglomération,Intersection en X,Normale,Deux véhicules - côté,4,3,4,0,1,1,1,0,1,50,,2,1,0,0,1,45.0,18.0,,,5,2,2,1,3
202100018363,2021-09-17 08:50:00,2021,9,17,8,50,33,33063,Pont Jacques Chaban Delmas,44.85906,-0.55247,Plein jour,En agglomération,Hors intersection,Normale,Deux véhicules - arrière,4,3,4,0,4,1,1,2,1,50,,2,1,0,1,0,38.0,19.0,,,1,2,1,1,2
202100018364,2021-09-17 07:30:00,2021,9,17,7,30,33,33281,Rocade Ouest,44.84371,-0.67288,Plein jour,En agglomération,Intersection en T,Normale,Deux véhicules - arrière,1,2,3,2,3,1,1,3,1,50,,2,1,0,0,1,,30.0,,,1,2,3,1,2
202100018365,2021-09-17 16:30:00,2021,9,17,16,30,31,31555,VA007342 LA CEPIERE  A620 Sortie 27,43.59786,1.39734,Plein jour,Hors agglomération,Hors intersection,Normale,Deux véhicules - arrière,1,3,9,0,1,1,1,0,1,90,,4,1,0,0,3,27.0,61.0,,,1,1,1,1,2
202100018366,2021-09-17 14:34:00,2021,9,17,14,34,29,29232,Boulevard de Creac H Gwen,47.97996,-4.10327,Plein jour,En agglomération,Hors intersection,Pluie légère,Autre collision,4,2,2,0,1,1,2,2,1,50,,1,0,0,0,1,19.0,,,,1,2,1,2,6
202100018367,2021-09-17 08:00:00,2021,9,17,8,0,28,28134,ALLENDE (RUE SALVADOR)               002,48.73679,1.34619,Plein jour,En agglomération,Hors intersection,Temps éblouissant,Autre collision,4,1,1,0,1,1,1,9,1,30,,3,1,0,0,2,66.0,,,,1,2,1,7,6
202100018368,2021-09-17 08:28:00,2021,9,17,8,28,28,28085,CROIX BONNARD (RUE DE LA),48.43368,1.50408,Plein jour,En agglomération,Autre intersection,Normale,Deux véhicules - côté,3,-1,2,0,1,2,1,5,1,50,,2,1,0,1,0,40.0,60.0,,,1,2,9,1,3
202100018369,2021-09-04 13:20:00,2021,9,4,13,20,28,28085,BRIAND (RUE ARISTIDE),48.4466,1.52103,Plein jour,En agglomération,Intersection en T,Normale,Deux véhicules - arrière,4,2,2,0,1,1,1,0,1,30,,2,1,0,0,1,32.0,72.0,,,1,2,3,1,2
202100018370,2021-09-17 13:50:00,2021,9,17,13,50,27,27229,MONOD (RUE JACQUES),49.025141,1.180432,Plein jour,En agglomération,Hors intersection,Normale,Autre collision,4,2,2,0,1,1,1,0,1,50,,2,1,0,0,1,25.0,,,,1,2,1,1,6
202100018371,2021-09-17 22:40:00,2021,9,17,22,40,25,25462,BESANCON (RUE DE),46.91172,6.347639,Nuit avec éclairage allumé,En agglomération,Giratoire,Normale,Deux véhicules - côté,4,2,1,0,1,2,1,9,1,50,,2,1,0,0,1,32.0,20.0,,,5,2,6,1,3
202100018372,2021-09-17 17:35:00,2021,9,17,17,35,25,25462,Rue de la Libération,46.9179,6.34356,Plein jour,En agglomération,Intersection en T,Normale,Deux véhicules - côté,4,1,2,0,1,1,1,0,1,50,,2,1,0,0,1,20.0,87.0,,,1,2,3,1,3
202100018373,2021-09-17 14:45:00,2021,9,17,14,45,25,25462,ROCADE G.POMPIDOU (DU 25 A LA FIN),46.90027,6.33973,Plein jour,Hors agglomération,Hors intersection,Normale,Deux véhicules - frontale,2,2,2,0,3,1,1,0,1,50,,3,0,0,0,3,86.0,45.0,,,1,1,1,1,1
202100018374,2021-09-17 20:30:00,2021,9,17,20,30,25,25056,BRETON  RUE LUC,47.23916,6.02236,Nuit avec éclairage allumé,En agglomération,Hors intersection,Normale,Deux véhicules - côté,4,1,1,0,1,1,1,6,1,10,,3,2,0,0,1,42.0,22.0,,,5,2,1,1,3
202100018375,2021-09-17 17:30:00,2021,9,17,17,30,25,25056,KENNEDY  BOULEVARD J.F.,47.23271,5.98245,Plein jour,En agglomération,Hors intersection,Normale,Deux véhicules - arrière,2,1,2,0,2,2,1,3,1,50,,2,1,0,0,1,30.0,55.0,,,1,2,1,1,2
202100018376,2021-09-17 12:10:00,2021,9,17,12,10,25,25056,DOLE RUE DE (entre 82 et 185),47.22796,5.98432,Plein jour,En agglomération,Hors intersection,Normale,Autre collision,4,2,2,0,1,1,1,9,1,50,,2,1,0,0,1,37.0,,,,1,2,1,1,6
202100018377,2021-09-17 16:41:00,2021,9,17,16,41,17,17200,VENDOME   RUE DU MOULIN  DE,46.17804,-1.15336,Plein jour,En agglomération,Hors intersection,Normale,Deux véhicules - côté,3,2,2,1,1,1,1,0,5,30,,2,1,0,0,1,19.0,22.0,,,1,2,1,1,3
202100018378,2021-09-16 21:15:00,2021,9,16,21,15,14,14118,SAINT JEAN (RUE (DE 33 ET + ET 38 ET +),49.18225,-0.35966,Nuit avec éclairage allumé,En agglomération,Hors intersection,Normale,Deux véhicules - côté,4,2,2,0,1,1,1,0,1,50,,2,1,0,0,1,27.0,34.0,,,5,2,1,1,3
202100018379,2021-09-17 23:59:00,2021,9,17,23,59,13,13209,LUDOVIC LEGRE (AVENUE),43.250169807,5.3960508176,Nuit avec éclairage allumé,En agglomération,Intersection en T,Normale,Deux véhicules - côté,4,2,2,0,1,1,1,0,1,50,,2,1,0,0,1,38.0,47.0,,,5,2,3,1,3
202100018380,2021-09-17 14:30:00,2021,9,17,14,30,13,13213,ROSE (AVENUE DE LA),43.3266836674,5.4225641386,Plein jour,En agglomération,Hors intersection,Normale,Deux véhicules - côté,4,-1,4,0,1,1,1,0,1,50,,2,1,0,1,0,35.0,20.0,,,1,2,1,1,3
202100018381,2021-09-17 18:20:00,2021,9,17,18,20,13,13207,MENDES FRANCE (AVENUE),43.29,5.36,Plein jour,En agglomération,Hors intersection,Normale,Deux véhicules - frontale,4,2,0,0,1,1,1,0,1,50,,2,1,0,1,0,34.0,,,,1,2,1,1,1
202100018382,2021-09-17 16:45:00,2021,9,17,16,45,13,13205,SAINT PIERRE (RUE),43.2931752928,5.3890435143,Plein jour,En agglomération,Intersection en T,Normale,Deux véhicules - arrière,4,1,1,0,2,1,1,0,1,50,,2,1,0,0,1,41.0,53.0,,,1,2,3,1,2
202100018383,2021-09-17 13:55:00,2021,9,17,13,55,13,13047,RASSUEN ROUTE DE,43.4957635122,4.973561877,Plein jour,Hors agglomération,Hors intersection,Normale,Deux véhicules - arrière,4,2,2,0,1,1,1,0,1,70,,3,1,0,0,2,19.0,20.0,,,1,1,1,1,2
202100018384,2021-09-16 08:00:00,2021,9,16,8,0,13,13005,VERRIERS (ALLEE DES),43.29544,5.56971,Plein jour,En agglomération,Intersection en X,Temps couvert,Deux véhicules - côté,4,2,2,0,1,1,2,0,1,50,,2,1,0,0,1,43.0,28.0,,,1,2,2,8,3