accident_id,datetime,annee,mois,jour,heure,minute,departement,commune_insee,adresse,latitude,longitude,luminosite,agglomeration,intersection,meteo,collision,catr,circ,nbv,vosp,prof,plan,surf,infra,situ,vma,nb_vehicules,nb_usagers,nb_indemnes,nb_tues,nb_blesses_hosp,nb_blesses_legers,age_cond_1,age_cond_2,veh_type_cond_1,veh_type_cond_2,lum_code,agg_code,int_code,atm_code,col_code
202100018385,2021-09-17 18:00:00,2021,9,17,18,0,10,10362,CHANTELOUP (CD),48.29799,4.04047,Plein jour,En agglomération,Hors intersection,Normale,Deux véhicules - frontale,3,2,2,0,1,1,1,0,1,50,,2,1,0,0,1,32.0,17.0,,,1,2,1,1,1
202100018386,2021-09-18 00:15:00,2021,9,18,0,15,06,06088,GAMBETTA (A PARTIR DU N° 63-74),43.705606,7.256106,Nuit avec éclairage allumé,En agglomération,Hors intersection,Normale,Deux véhicules - frontale,4,2,4,0,2,1,1,0,1,50,,4,3,0,1,0,34.0,30.0,,,5,2,1,1,1
202100018387,2021-09-17 17:35:00,2021,9,17,17,35,06,06069,SAINT EXUPERY (AVENUE ANTOINE DE),43.66218,6.93425,Plein jour,En agglomération,Intersection en X,Normale,Deux véhicules - côté,4,2,2,0,1,1,1,0,1,50,,2,1,0,0,1,55.0,55.0,,,1,2,2,1,3
202100018388,2021-09-17 07:45:00,2021,9,17,7,45,06,06069,LIBERATION (AVENUE DE LA),43.647538,6.913257,Plein jour,En agglomération,Hors intersection,Normale,Deux véhicules - côté,3,2,2,0,2,1,1,0,1,50,,3,2,0,0,1,38.0,17.0,,,1,2,1,1,3
202100018389,2021-09-17 14:48:00,2021,9,17,14,48,06,06029,REPUBLIQUE (BOULEVARD DE LA),43.555839,7.024232,Plein jour,En agglomération,Hors intersection,Normale,Autre collision,3,2,2,0,1,1,1,0,1,50,,2,1,0,1,0,73.0,,,,1,2,1,1,6
202100018390,2021-09-16 08:32:00,2021,9,16,8,32,05,05061,VILLAROBERT ( RUE DE ),44.572091,6.086675,Plein jour,En agglomération,Hors intersection,Pluie forte,Deux véhicules - arrière,3,2,2,0,1,1,2,0,1,50,,2,1,0,0,1,51.0,52.0,,,1,2,1,3,2
202100018391,2021-09-15 00:40:00,2021,9,15,0,40,05,05061,EMILE DIDIER ( AV ),44.56546,6.09276,Nuit avec éclairage allumé,En agglomération,Giratoire,Pluie légère,Autre collision,2,-1,2,0,1,2,2,9,4,50,,3,0,0,0,3,22.0,,,,5,2,6,2,6
202100018392,2021-09-17 08:45:00,2021,9,17,8,45,75,75119,BD PERIPHERIQUE INTERIEUR,48.900615,2.37248,Plein jour,En agglomération,Hors intersection,Normale,Trois véhicules et plus - collisions multiples,4,1,4,0,1,1,1,0,1,70,,3,2,0,0,1,37.0,48.0,,,1,2,1,1,5
202100018393,2021-09-15 11:50:00,2021,9,15,11,50,75,75114,BD PERIPHERIQUE EXTERIEUR,48.824936,2.303477,Plein jour,En agglomération,Hors intersection,Pluie légère,Sans collision,4,1,3,0,1,1,2,0,1,70,,1,0,0,0,1,33.0,,,,1,2,1,2,7
202100018394,2021-09-17 15:00:00,2021,9,17,15,0,75,75116,BD PERIPHERIQUE INTERIEUR,48.837915,2.254838,Plein jour,En agglomération,Hors intersection,Normale,Sans collision,4,-1,4,0,1,1,1,1,1,70,,2,0,0,0,2,28.0,,,,1,2,1,1,7
202100018395,2021-09-16 16:25:00,2021,9,16,16,25,75,75110,RUE JACQUES LOUVEL TESSIER,48.871244,2.370138,Plein jour,En agglomération,Intersection en X,Normale,Autre collision,4,2,2,0,1,1,1,0,1,30,,2,1,0,1,0,37.0,,,,1,2,2,1,6
202100018396,2021-09-16 00:25:00,2021,9,16,0,25,75,75112,AVENUE DAUMESNIL,48.848631,2.372542,Nuit avec éclairage allumé,En agglomération,Intersection en X,Normale,Deux véhicules - côté,4,1,3,1,1,1,1,0,5,30,,2,1,0,0,1,58.0,26.0,,,5,2,2,1,3
202100018397,2021-09-17 20:45:00,2021,9,17,20,45,75,75119,RUE D HAUTPOUL,48.883104,2.388062,Nuit avec éclairage allumé,En agglomération,Intersection en Y,Normale,Deux véhicules - frontale,4,1,1,0,2,1,1,0,1,30,,2,1,0,0,1,62.0,32.0,,,5,2,4,1,1
202100018398,2021-09-16 21:30:00,2021,9,16,21,30,75,75119,AVENUE JEAN JAURES,48.8830969818,2.3714511581,Nuit avec éclairage allumé,En agglomération,Intersection en T,Normale,Autre collision,4,2,3,0,1,1,1,0,1,30,,3,2,0,0,1,29.0,,,,5,2,3,1,6
202100018399,2021-09-17 20:30:00,2021,9,17,20,30,75,75117,AVENUE DE CLICHY,48.884537,2.326983,Nuit avec éclairage allumé,En agglomération,Intersection en T,Normale,Deux véhicules - côté,4,2,2,1,1,1,1,0,5,30,,2,1,0,0,1,61.0,26.0,,,5,2,3,1,3
202100018400,2021-09-17 19:45:00,2021,9,17,19,45,75,75117,AVENUE STEPHANE MALLARME,48.886505,2.292861,Plein jour,En agglomération,Intersection en T,Normale,Deux véhicules - frontale,4,2,0,0,1,1,1,0,4,30,,2,1,0,0,1,45.0,,,,1,2,3,1,1
202100018401,2021-09-17 15:10:00,2021,9,17,15,10,75,75117,RUE DE PONT A MOUSSON,48.89758,2.324149,Plein jour,En agglomération,Intersection en X,Normale,Deux véhicules - côté,4,1,0,0,1,1,1,0,1,50,,2,1,0,0,1,40.0,37.0,,,1,2,2,1,3
202100018402,2021-09-17 08:35:00,2021,9,17,8,35,75,75117,BOULEVARD DE COURCELLES,48.88056,2.309543,Plein jour,En agglomération,Intersection en Y,Normale,Autre collision,4,2,2,0,1,1,1,0,1,30,,2,1,0,0,1,30.0,,,,1,2,4,1,6
202100018403,2021-09-17 06:15:00,2021,9,17,6,15,75,75116,QUAI SAINT EXUPERY,48.836632,2.263695,Nuit avec éclairage allumé,En agglomération,Intersection en T,Normale,Deux véhicules - côté,4,1,2,0,1,1,1,0,1,30,,2,1,0,0,1,53.0,41.0,,,5,2,3,1,3
202100018404,2021-09-16 13:00:00,2021,9,16,13,0,75,75116,AVENUE DE VERSAILLES,48.8395749791,2.2626918162,Plein jour,En agglomération,Intersection en Y,Normale,Deux véhicules - frontale,4,1,3,3,1,1,1,0,6,30,,2,1,0,0,1,16.0,19.0,,,1,2,4,1,1
202100018405,2021-09-17 21:40:00,2021,9,17,21,40,75,75114,BD PERIPHERIQUE INTERIEUR,48.823808,2.309054,Nuit avec éclairage allumé,En agglomération,Hors intersection,Normale,Deux véhicules - arrière,4,3,3,0,1,1,1,0,1,70,,4,3,0,0,1,23.0,39.0,,,5,2,1,1,2
202100018406,2021-09-17 11:15:00,2021,9,17,11,15,75,75113,RUE EMILE DURKHEIM,48.832693,2.37828,Plein jour,En agglomération,Intersection en T,Normale,Deux véhicules - arrière,4,1,0,0,1,1,1,0,1,30,,2,1,0,0,1,35.0,18.0,,,1,2,3,1,2
202100018407,2021-09-17 17:20:00,2021,9,17,17,20,75,75112,BOULEVARD PONIATOWSKI,48.831658,2.397861,Plein jour,En agglomération,Intersection en X,Normale,Deux véhicules - côté,4,2,4,0,1,1,1,5,1,30,,3,2,0,0,1,50.0,22.0,,,1,2,2,1,3
202100018408,2021-09-17 15:18:00,2021,9,17,15,18,75,75111,AVENUE PHILIPPE AUGUSTE,48.850669,2.394493,Plein jour,En agglomération,Intersection en X,Normale,Deux véhicules - côté,4,2,0,2,1,1,1,0,5,30,,2,1,0,0,1,22.0,21.0,,,1,2,2,1,3
202100018409,2021-09-17 09:20:00,2021,9,17,9,20,75,75101,BOULEVARD DE LA MADELEINE,48.869407,2.325204,Plein jour,En agglomération,Intersection en X,Normale,Deux véhicules - arrière,4,2,4,0,1,1,1,0,1,30,,2,1,0,0,1,,36.0,,,1,2,2,1,2
202100018410,2021-09-17 04:20:00,2021,9,17,4,20,94,94067,Avenue des Minimes,48.841831,2.425058,Nuit avec éclairage allumé,En agglomération,Hors intersection,Normale,Autre collision,3,2,2,0,1,3,1,0,1,50,,1,0,0,0,1,27.0,,,,5,2,1,1,6
202100018411,2021-09-17 18:45:00,2021,9,17,18,45,94,94078,Rue Voltaire,48.74006,2.44975,Plein jour,En agglomération,Intersection en X,Normale,Deux véhicules - côté,4,1,1,0,1,1,1,0,1,50,,3,2,0,0,1,22.0,38.0,,,1,2,2,1,3
202100018412,2021-09-17 08:10:00,2021,9,17,8,10,94,94044,Avenue de Valenton,48.74247,2.49119,Plein jour,En agglomération,Giratoire,Normale,Deux véhicules - côté,3,1,2,0,1,1,1,0,1,50,,2,1,0,0,1,35.0,38.0,,,1,2,6,1,3
202100018413,2021-09-16 15:00:00,2021,9,16,15,0,94,94068,Avenue du Bac,48.79304,2.51579,Plein jour,En agglomération,Hors intersection,Normale,Autre collision,3,2,2,0,1,1,1,0,1,30,,3,1,0,2,0,68.0,,,,1,2,1,1,6
202100018414,2021-09-12 21:30:00,2021,9,12,21,30,94,94078,avenue de Melun,48.723271,2.444135,Nuit avec éclairage allumé,En agglomération,Hors intersection,Normale,Autre collision,2,2,4,0,1,2,1,0,1,50,,1,0,0,0,1,22.0,,,,5,2,1,1,6
202100018415,2021-09-16 17:12:00,2021,9,16,17,12,94,94033,CHARMES (AV DES),48.845,2.4572,Plein jour,En agglomération,Intersection en T,Normale,Deux véhicules - arrière,4,1,1,2,1,1,1,0,1,50,,3,2,0,0,1,29.0,43.0,,,1,2,3,1,2
202100018416,2021-09-17 08:30:00,2021,9,17,8,30,94,94028,RN 406,48.7647343039,2.4621159033,Plein jour,Hors agglomération,Hors intersection,Normale,Deux véhicules - arrière,2,3,4,0,1,1,1,0,1,90,,2,1,0,0,1,44.0,,,,1,1,1,1,2
202100018417,2021-09-17 07:15:00,2021,9,17,7,15,94,94028,TASSIGNY(AVE DU MARECHAL DE LATTRE DE),48.80043,2.45138,Plein jour,En agglomération,Intersection en T,Normale,Deux véhicules - arrière,3,-1,0,0,1,1,1,9,4,50,,2,1,0,0,1,,,,,1,2,3,1,2
202100018418,2021-09-15 09:10:00,2021,9,15,9,10,94,94028,MOULIN(RUE JEAN),48.77655,2.45845,Plein jour,En agglomération,Autre intersection,Pluie légère,Deux véhicules - arrière,3,2,2,0,1,1,2,9,8,50,,2,1,0,0,1,40.0,44.0,,,1,2,9,2,2
202100018419,2021-09-17 16:00:00,2021,9,17,16,0,94,94018,Rue de Conflans,48.82152,2.41299,Plein jour,En agglomération,Autre intersection,Normale,Autre collision,3,1,1,0,1,3,1,0,1,50,,2,1,0,0,1,39.0,,,,1,2,9,1,6
202100018420,2021-09-17 09:20:00,2021,9,17,9,20,93,93070,GABRIEL-PERI (AV),48.909259,2.332905,Plein jour,En agglomération,Autre intersection,Normale,Deux véhicules - frontale,3,3,2,0,1,1,1,6,6,50,,2,1,0,0,1,40.0,,,,1,2,9,1,1
202100018421,2021-09-17 14:45:00,2021,9,17,14,45,93,93070,Rue Dieumegard,48.907651,2.338819,Plein jour,En agglomération,Hors intersection,Normale,Deux véhicules - côté,4,1,1,0,1,1,1,0,1,50,,2,1,0,0,1,54.0,68.0,,,1,2,1,1,3
202100018422,2021-09-17 11:20:00,2021,9,17,11,20,93,93066,Rue Danielle Casanova,48.92959,2.35854,Plein jour,En agglomération,Hors intersection,Normale,Deux véhicules - frontale,4,2,4,1,1,1,1,0,1,50,,5,4,0,0,1,,27.0,,,1,2,1,1,1
202100018423,2021-09-17 08:40:00,2021,9,17,8,40,93,93064,MONTGOLFIER (RUE J ET E),48.88626,2.48046,Plein jour,En agglomération,Hors intersection,Normale,Autre collision,4,2,2,0,1,1,1,0,1,30,,2,1,0,0,1,49.0,,,,1,2,1,1,6
202100018424,2021-09-17 00:20:00,2021,9,17,0,20,93,93064,QUATRIEME ZOUAVES (RUE DU),48.87304,2.48055,Nuit avec éclairage allumé,En agglomération,Hors intersection,Normale,Deux véhicules - côté,3,3,2,0,4,1,1,2,1,30,,2,0,0,0,1,16.0,,,,5,2,1,1,3
202100018425,2021-09-17 20:50:00,2021,9,17,20,50,93,93077,Grande Rue,48.8842938145,2.5091099739,Nuit avec éclairage allumé,En agglomération,Hors intersection,Normale,Deux véhicules - côté,3,3,4,0,1,1,1,0,1,50,,3,2,0,1,0,24.0,68.0,,,5,2,1,1,3
202100018426,2021-09-17 15:00:00,2021,9,17,15,0,93,93077,Rue du Plateau,48.88033,2.50016,Plein jour,En agglomération,Hors intersection,Normale,Trois véhicules et plus - collisions multiples,4,2,2,0,1,1,1,0,1,50,,3,2,0,1,0,77.0,29.0,,,1,2,1,1,5
202100018427,2021-09-17 16:45:00,2021,9,17,16,45,93,93055,55-73 Avenue Jean Lolive,48.891379,2.403097,Plein jour,En agglomération,Hors intersection,Normale,Deux véhicules - frontale,3,1,0,1,1,1,1,9,5,30,,2,1,0,0,1,13.0,36.0,,,1,2,1,1,1
202100018428,2021-09-17 19:00:00,2021,9,17,19,0,93,93048,Rue de la Noue / Square Jean Zay,48.865787,2.428029,Plein jour,En agglomération,Intersection en T,Normale,Deux véhicules - arrière,4,2,2,0,1,3,1,0,1,50,,2,1,0,0,1,44.0,20.0,,,1,2,3,1,2
202100018429,2021-09-17 18:05:00,2021,9,17,18,5,93,93046,Boulevard Robert Schuman,48.9273,2.54726,Plein jour,En agglomération,Hors intersection,Normale,Deux véhicules - côté,4,2,2,0,1,1,1,0,1,50,,2,1,0,0,1,30.0,41.0,,,1,2,1,1,3
202100018430,2021-09-17 07:28:00,2021,9,17,7,28,93,93029,Rue Sadi Carnot / Rue Adrien Froment,48.9266,2.439,Nuit avec éclairage allumé,En agglomération,Intersection en T,Normale,Autre collision,3,2,4,0,1,1,1,0,4,50,,1,0,0,0,1,25.0,,,,5,2,3,1,6
202100018431,2021-09-17 13:49:00,2021,9,17,13,49,93,93001,FELIX FAURE (BLD)  => 118/119,48.906743,2.379968,Plein jour,En agglomération,Autre intersection,Normale,Deux véhicules - côté,3,2,2,0,1,1,1,0,1,50,,3,2,0,0,1,41.0,48.0,,,1,2,9,1,3
202100018432,2021-09-17 19:10:00,2021,9,17,19,10,92,92078,VERDUN (AVENUE) (PAIRS 2 A 38),48.9355679124,2.3359492242,Plein jour,En agglomération,Intersection en X,Normale,Deux véhicules - côté,3,4,1,2,1,1,1,4,1,50,,2,1,0,1,0,48.0,40.0,,,1,2,2,1,3
202100018433,2021-09-17 18:25:00,2021,9,17,18,25,92,92064,MARECHAL JUIN,48.83896,2.22138,Plein jour,En agglomération,Hors intersection,Normale,Autre collision,3,1,2,0,1,1,1,0,1,50,,1,0,0,0,1,34.0,,,,1,2,1,1,6
202100018434,2021-09-13 15:54:00,2021,9,13,15,54,92,92063,LECLERC DE HAUTECLOQUE (AVENUE DU MARECH,48.8587268774,2.1901524067,Plein jour,En agglomération,Giratoire,Normale,Deux véhicules - côté,3,2,2,0,1,1,1,0,1,50,,2,1,0,0,1,77.0,16.0,,,1,2,6,1,3
202100018435,2021-09-11 16:15:00,2021,9,11,16,15,92,92063,PEREIRE (RUE),48.8896556579,2.1792009473,Plein jour,En agglomération,Hors intersection,Normale,Deux véhicules - côté,4,2,2,0,1,1,1,0,1,50,,2,1,0,0,1,11.0,27.0,,,1,2,1,1,3
202100018436,2021-09-17 19:02:00,2021,9,17,19,2,92,92051,JACQUES DULUD (RUE),48.8802313302,2.2721529007,Plein jour,En agglomération,Hors intersection,Normale,Deux véhicules - côté,4,1,1,0,1,1,1,0,1,50,,2,1,0,0,1,45.0,31.0,,,1,2,1,1,3
202100018437,2021-09-17 02:33:00,2021,9,17,2,33,92,92044,ALSACE (RUE) N°19 + ET 20+,48.891199,2.295174,Nuit avec éclairage allumé,En agglomération,Hors intersection,Normale,Autre collision,4,1,2,0,1,1,1,0,4,30,,2,1,0,0,1,23.0,,,,5,2,1,1,6
202100018438,2021-09-16 17:20:00,2021,9,16,17,20,92,92036,LUCETTE MAZALAIGUE,48.9320283537,2.2871571779,Plein jour,En agglomération,Intersection en X,Normale,Deux véhicules - côté,4,2,2,0,1,1,1,0,1,50,,2,1,0,0,1,64.0,24.0,,,1,2,2,1,3
202100018439,2021-09-17 21:30:00,2021,9,17,21,30,92,92025,CHARLES DE GAULLE (BD),48.914926,2.228595,Nuit avec éclairage allumé,En agglomération,Hors intersection,Normale,Deux véhicules - arrière,3,1,2,0,1,1,1,0,1,50,,2,1,0,0,1,52.0,34.0,,,5,2,1,1,2
202100018440,2021-09-16 15:20:00,2021,9,16,15,20,92,92025,REINE HENRIETTE (RUE DE LA),48.9251749152,2.2493266314,Plein jour,En agglomération,Hors intersection,Normale,Autre collision,4,2,1,0,2,1,1,0,1,50,,2,1,0,0,1,56.0,,,,1,2,1,1,6
202100018441,2021-09-14 22:15:00,2021,9,14,22,15,92,92025,ARISTIDE BRIAND (RUE),48.9150306541,2.2493594885,Nuit avec éclairage allumé,En agglomération,Intersection en X,Normale,Deux véhicules - côté,4,2,2,0,1,1,2,0,1,50,,2,1,0,0,1,23.0,36.0,,,5,2,2,1,3
202100018442,2021-09-14 09:00:00,2021,9,14,9,0,92,92025,COLBERT  55 A 113   42 A 102 (RUE),48.913055,2.235429,Plein jour,En agglomération,Hors intersection,Pluie légère,Deux véhicules - frontale,4,1,3,1,1,1,2,0,5,50,,2,1,0,0,1,52.0,30.0,,,1,2,1,2,1
202100018443,2021-09-17 00:37:00,2021,9,17,0,37,92,92023,GENERAL DE GAULLE (AV DU) N°130 A 340 ET,48.786318,2.253342,Nuit avec éclairage allumé,En agglomération,Intersection à plus de 4 branches,Normale,Deux véhicules - côté,3,2,6,0,1,1,1,0,1,50,,2,1,0,0,1,27.0,35.0,,,5,2,5,1,3
202100018444,2021-09-16 23:00:00,2021,9,16,23,0,92,92014,ROOSEVELT PRESIDENT F (AVE DU),48.7769435262,2.310320735,Nuit avec éclairage allumé,En agglomération,Hors intersection,Normale,Autre collision,3,2,1,0,1,1,1,0,1,50,,2,1,0,0,1,36.0,,,,5,2,1,1,6
202100018445,2021-09-17 07:55:00,2021,9,17,7,55,92,92012,CHATEAU (RUE DU) 1/125 - 2/136,48.8429377087,2.2437556964,Plein jour,En agglomération,Intersection en X,Normale,Autre collision,4,2,2,0,1,1,1,5,1,30,,2,1,0,0,1,38.0,,,,1,2,2,1,6
202100018446,2021-09-18 14:00:00,2021,9,18,14,0,80,80332,A16,50.252858,1.747137,Plein jour,Hors agglomération,Hors intersection,Normale,Autre collision,1,1,1,0,1,3,1,3,1,50,,3,1,0,0,2,52.0,,,,1,1,1,1,6
202100018447,2021-09-18 17:10:00,2021,9,18,17,10,76,76541,A150,49.519107,0.975337,Plein jour,Hors agglomération,Hors intersection,Normale,Deux véhicules - côté,1,3,4,0,1,1,1,0,1,130,,4,0,0,1,3,49.0,38.0,,,1,1,1,1,3
202100018448,2021-09-15 22:17:00,2021,9,15,22,17,68,68300,Rue de Mulhouse,47.780067,7.365075,Nuit avec éclairage allumé,En agglomération,Hors intersection,Normale,Sans collision,3,2,1,1,1,1,1,0,1,50,,1,0,0,0,1,53.0,,,,5,2,1,1,7
202100018449,2021-09-18 08:20:00,2021,9,18,8,20,83,83070,d559,43.1496323323,6.4066427671,Plein jour,Hors agglomération,Hors intersection,Temps éblouissant,Autre collision,3,2,2,0,1,3,1,0,3,50,,2,0,0,1,1,19.0,,,,1,1,1,7,6
202100018450,2021-09-18 00:38:00,2021,9,18,0,38,44,44073,RN 137,47.407789,-1.642585,Nuit sans éclairage public,Hors agglomération,Hors intersection,Normale,Autre collision,2,3,4,0,1,1,1,0,3,110,,1,0,1,0,0,30.0,,,,3,1,1,1,6
202100018451,2021-09-18 15:30:00,2021,9,18,15,30,83,83021,D35,43.479223,5.947884,Plein jour,Hors agglomération,Hors intersection,Normale,Sans collision,3,2,2,0,1,3,9,0,3,80,,2,0,1,0,1,73.0,,,,1,1,1,1,7
202100018452,2021-09-17 18:46:00,2021,9,17,18,46,57,57100,Rue de Saint Jean,48.771203,7.188486,Crépuscule ou aube,En agglomération,Hors intersection,Temps éblouissant,Autre collision,4,2,2,0,1,1,1,0,1,20,,3,2,0,1,0,18.0,,,,2,2,1,7,6
202100018453,2021-09-17 20:40:00,2021,9,17,20,40,51,51171,D944,49.3691096714,3.9263050124,Nuit sans éclairage public,Hors agglomération,Hors intersection,Normale,Deux véhicules - frontale,3,2,2,0,1,1,1,0,1,90,,3,0,1,0,2,38.0,56.0,,,3,1,1,1,1
202100018454,2021-09-16 11:30:00,2021,9,16,11,30,56,56091,ZI de la Rochette,47.955329,-2.566445,Plein jour,En agglomération,Hors intersection,Normale,Deux véhicules - côté,3,2,2,0,1,1,1,0,1,-1,,2,1,0,1,0,75.0,38.0,,,1,2,1,1,3
202100018455,2021-09-18 00:00:00,2021,9,18,0,0,76,76222,D63,49.493051,0.874228,Nuit sans éclairage public,Hors agglomération,Intersection en X,Normale,Deux véhicules - côté,7,2,2,0,2,1,1,0,1,80,,2,1,0,1,0,18.0,53.0,,,3,1,2,1,3
202100018456,2021-09-18 09:15:00,2021,9,18,9,15,2B,2B299,D506,42.426900722,9.4297109799,Plein jour,Hors agglomération,Hors intersection,Normale,Sans collision,3,2,2,0,2,3,1,0,1,80,,1,0,1,0,0,71.0,,,,1,1,1,1,7
202100018457,2021-09-18 08:45:00,2021,9,18,8,45,63,63047,D 130 - Pont de la Dordogne,45.5891091643,2.74319553,Plein jour,En agglomération,Autre intersection,Temps éblouissant,Autre collision,3,2,2,0,1,1,1,2,1,50,,2,1,0,1,0,25.0,,,,1,2,9,7,6
202100018458,2021-09-18 02:00:00,2021,9,18,2,0,55,55435,D3 PK 10+500,48.725436,5.022839,Nuit sans éclairage public,Hors agglomération,Hors intersection,Normale,Autre collision,3,2,2,0,1,3,1,0,3,80,,2,0,0,2,0,28.0,,,,3,1,1,1,6
202100018459,2021-09-18 01:20:00,2021,9,18,1,20,86,86277,D347,46.773084,0.190802,Nuit sans éclairage public,Hors agglomération,Intersection en T,Normale,Deux véhicules - arrière,3,2,2,0,1,1,1,0,1,90,,2,1,1,0,0,14.0,22.0,,,3,1,3,1,2
202100018460,2021-09-18 01:50:00,2021,9,18,1,50,34,34237,Avenue de Pezenas,43.503679,3.312523,Nuit avec éclairage allumé,En agglomération,Intersection en X,Normale,Deux véhicules - arrière,3,2,2,0,3,1,1,5,1,50,,2,0,1,0,1,17.0,17.0,,,5,2,2,1,2
202100018461,2021-09-17 17:30:00,2021,9,17,17,30,68,68258,D430,47.826705,7.285491,Plein jour,Hors agglomération,Autre intersection,Normale,Trois véhicules et plus - en chaîne,3,3,4,0,1,1,1,3,1,110,,5,3,0,0,2,71.0,78.0,,,1,1,9,1,4
202100018462,2021-09-18 09:15:00,2021,9,18,9,15,68,68349,D105,47.599609,7.576994,Plein jour,En agglomération,Giratoire,Normale,Deux véhicules - côté,3,1,1,0,1,2,1,0,1,50,,2,1,0,0,1,74.0,57.0,,,1,2,6,1,3
202100018463,2021-09-17 15:30:00,2021,9,17,15,30,39,39470,,46.505928,6.028674,Plein jour,Hors agglomération,Hors intersection,Normale,Deux véhicules - frontale,3,2,2,0,1,1,1,0,1,70,,2,1,0,1,0,28.0,27.0,,,1,1,1,1,1
202100018464,2021-09-17 21:20:00,2021,9,17,21,20,35,35339,la croix du chéne,48.497171,-1.611632,Nuit sans éclairage public,Hors agglomération,Intersection en T,Normale,Autre collision,4,2,2,0,3,1,1,0,8,80,,1,0,0,1,0,36.0,,,,3,1,3,1,6
202100018465,2021-08-24 11:49:00,2021,8,24,11,49,01,01229,1349 Route d Etrez,46.337334,5.147586,Plein jour,Hors agglomération,Intersection en T,Normale,Autre collision,3,2,1,0,1,1,1,0,3,80,,1,0,0,1,0,77.0,,,,1,1,3,1,6
202100018466,2021-09-18 02:30:00,2021,9,18,2,30,50,50074,la berterie,48.740275,-1.169845,Nuit sans éclairage public,Hors agglomération,Hors intersection,Temps couvert,Sans collision,3,2,2,0,3,2,1,0,1,80,,1,0,0,1,0,19.0,,,,3,1,1,8,7
202100018467,2021-09-18 17:30:00,2021,9,18,17,30,64,64218,RD428,43.074378,-1.188928,Plein jour,Hors agglomération,Hors intersection,Pluie légère,Autre collision,3,2,2,0,2,1,2,0,1,80,,2,1,0,0,1,72.0,,,,1,1,1,2,6
202100018468,2021-09-17 15:00:00,2021,9,17,15,0,43,43087,12 Rue de Rochefoy,45.212229,4.345533,Plein jour,En agglomération,Intersection en X,Normale,Deux véhicules - côté,3,2,2,0,1,1,1,0,1,-1,,3,1,0,1,1,73.0,41.0,,,1,2,2,1,3
202100018469,2021-09-17 19:10:00,2021,9,17,19,10,16,16001,Route du Petit Moulin,46.108296,0.683421,Nuit sans éclairage public,Hors agglomération,Hors intersection,Normale,Autre collision,3,2,2,0,1,1,1,0,1,80,,1,0,0,1,0,74.0,,,,3,1,1,1,6
202100018470,2021-09-17 16:30:00,2021,9,17,16,30,07,07023,route de Saint Maurice,44.509896,4.385594,Plein jour,Hors agglomération,Hors intersection,Normale,Deux véhicules - côté,3,2,2,0,4,3,1,0,1,80,,2,0,0,0,2,26.0,55.0,,,1,1,1,1,3
202100018471,2021-09-17 15:40:00,2021,9,17,15,40,07,07016,le raccourcis,44.707264,4.362495,Plein jour,Hors agglomération,Hors intersection,Normale,Deux véhicules - frontale,3,2,2,0,1,1,1,0,1,80,,3,0,0,0,3,71.0,25.0,,,1,1,1,1,1
202100018472,2021-09-17 23:00:00,2021,9,17,23,0,24,24485,Doumarias,45.378302,0.804577,Nuit sans éclairage public,Hors agglomération,Hors intersection,Normale,Deux véhicules - frontale,3,2,2,0,1,1,1,0,1,80,,5,0,0,3,2,25.0,20.0,,,3,1,1,1,1
202100018473,2021-09-15 10:45:00,2021,9,15,10,45,28,28033,D928,48.496748,1.057171,Plein jour,Hors agglomération,Intersection en X,Normale,Deux véhicules - frontale,3,2,2,0,2,1,1,0,1,80,,3,2,0,1,0,76.0,52.0,,,1,1,2,1,1
202100018474,2021-09-17 21:30:00,2021,9,17,21,30,28,28359,D50,48.761621,1.231161,Nuit avec éclairage allumé,Hors agglomération,Intersection en T,Normale,Deux véhicules - côté,3,2,2,0,1,1,1,0,1,50,,2,1,0,1,0,31.0,60.0,,,5,1,3,1,3
202100018475,2021-09-18 18:30:00,2021,9,18,18,30,28,28357,D6,48.536965,1.578013,Plein jour,Hors agglomération,Hors intersection,Normale,Sans collision,3,2,2,0,1,3,9,0,3,80,,1,0,0,1,0,25.0,,,,1,1,1,1,7
202100018476,2021-09-17 18:20:00,2021,9,17,18,20,68,68375,75 Rue de Reiningue,47.797334,7.231606,Plein jour,En agglomération,Hors intersection,Normale,Deux véhicules - frontale,3,2,2,1,1,1,1,9,1,50,,2,1,0,1,0,8.0,34.0,,,1,2,1,1,1
202100018477,2021-09-18 14:55:00,2021,9,18,14,55,38,38545,A 51 pk000.8+100,45.04888,5.684643,Plein jour,Hors agglomération,Hors intersection,Normale,Deux véhicules - arrière,1,3,2,0,1,1,1,0,1,110,,2,1,0,0,1,31.0,37.0,,,1,1,1,1,2
202100018478,2021-09-17 17:40:00,2021,9,17,17,40,69,69044,RAVET (DU) (CHM),45.7772801262,4.7492909431,Plein jour,En agglomération,Hors intersection,Temps éblouissant,Deux véhicules - côté,4,2,2,0,2,1,1,0,1,-1,,2,1,0,0,1,19.0,49.0,,,1,2,1,7,3
202100018479,2021-09-18 06:45:00,2021,9,18,6,45,01,01043,A42,45.823128,5.00004,Plein jour,Hors agglomération,Hors intersection,Normale,Deux véhicules - arrière,1,1,5,3,1,1,1,0,1,110,,2,1,0,0,1,25.0,47.0,,,1,1,1,1,2
202100018480,2021-09-18 00:20:00,2021,9,18,0,20,67,67108,A35,48.524268,7.611514,Nuit sans éclairage public,Hors agglomération,Autre intersection,Normale,Autre collision,1,3,4,0,1,3,1,3,1,50,,1,0,0,1,0,40.0,,,,3,1,9,1,6