accident_id,datetime,annee,mois,jour,heure,minute,departement,commune_insee,adresse,latitude,longitude,luminosite,agglomeration,intersection,meteo,collision,catr,circ,nbv,vosp,prof,plan,surf,infra,situ,vma,nb_vehicules,nb_usagers,nb_indemnes,nb_tues,nb_blesses_hosp,nb_blesses_legers,age_cond_1,age_cond_2,veh_type_cond_1,veh_type_cond_2,lum_code,agg_code,int_code,atm_code,col_code
202100018481,2021-09-08 16:05:00,2021,9,8,16,5,13,13016,A52,43.384544,5.604095,Plein jour,Hors agglomération,Hors intersection,Normale,Deux véhicules - arrière,1,3,5,0,2,1,1,0,1,130,,2,1,0,1,0,25.0,41.0,,,1,1,1,1,2
202100018482,2021-09-15 13:50:00,2021,9,15,13,50,27,27065,Autoroute A13 - Gare de Péage,49.337933,0.36456,Plein jour,Hors agglomération,Autre intersection,Normale,Deux véhicules - arrière,1,3,5,0,1,1,1,7,1,70,,3,2,0,1,0,85.0,49.0,,,1,1,9,1,2
202100018483,2021-09-18 01:20:00,2021,9,18,1,20,988,98811,RM1- lieu dit tiombola,-21.05111,164.86352,Nuit sans éclairage public,En agglomération,Hors intersection,Normale,Sans collision,4,2,2,0,1,1,1,0,3,-1,,2,1,1,0,0,23.0,,,,3,2,1,1,7
202100018484,2021-09-17 18:00:00,2021,9,17,18,0,988,98829,Lieu dit Néri,-21.6448,166.1916,Plein jour,Hors agglomération,Hors intersection,Normale,Autre collision,3,2,2,0,1,3,1,0,3,-1,,5,1,1,2,1,21.0,,,,1,1,1,1,6
202100018485,2021-09-04 20:00:00,2021,9,4,20,0,971,97128,Louisiane,16.261549,-61.393839,Nuit avec éclairage allumé,Hors agglomération,Hors intersection,Normale,Autre collision,3,2,2,0,4,3,1,0,1,70,,1,0,0,1,0,55.0,,,,5,1,1,1,6
202100018486,2021-09-18 11:25:00,2021,9,18,11,25,971,97129,Clugny,16.353297,-61.751868,Plein jour,Hors agglomération,Intersection en X,Normale,Autre collision,2,2,2,0,1,1,1,0,1,80,,5,1,0,2,2,40.0,52.0,,,1,1,2,1,6
202100018487,2021-07-25 14:00:00,2021,7,25,14,0,971,97118,Chemin de la Madeleine,16.2193,-61.628945,Plein jour,Hors agglomération,Hors intersection,Normale,Deux véhicules - frontale,4,2,2,0,2,3,1,0,1,70,,2,1,0,1,0,67.0,50.0,,,1,1,1,1,1
202100018488,2021-09-17 17:15:00,2021,9,17,17,15,37,37171,Rue du Gros Ormeau,47.404231,0.887522,Plein jour,Hors agglomération,Hors intersection,Normale,Autre collision,3,2,2,0,1,1,1,0,3,80,,1,0,1,0,0,72.0,,,,1,1,1,1,6
202100018489,2021-08-17 18:20:00,2021,8,17,18,20,2A,2A215,RT 40 - CANNELLA,41.488593,9.068989,Plein jour,Hors agglomération,Hors intersection,Normale,Autre collision,2,2,2,0,3,1,1,0,1,80,,2,1,0,0,1,48.0,,,,1,1,1,1,6
202100018490,2021-09-18 16:05:00,2021,9,18,16,5,66,66210,D615,42.6384136762,2.7368799783,Plein jour,Hors agglomération,Hors intersection,Pluie légère,Autre collision,3,2,2,0,1,1,2,0,3,80,,2,0,0,2,0,21.0,,,,1,1,1,2,6
202100018491,2021-09-17 13:25:00,2021,9,17,13,25,34,34209,D37,43.293396,3.360083,Plein jour,Hors agglomération,Hors intersection,Normale,Deux véhicules - frontale,3,2,2,0,1,3,1,0,1,90,,3,0,1,0,2,61.0,37.0,,,1,1,1,1,1
202100018492,2021-09-17 08:10:00,2021,9,17,8,10,34,34135,avenue de nissan,43.27454,3.171055,Plein jour,En agglomération,Intersection en T,Temps éblouissant,Deux véhicules - côté,3,2,2,0,1,3,1,0,1,50,,2,1,0,0,1,17.0,57.0,,,1,2,3,7,3
202100018493,2021-09-18 15:45:00,2021,9,18,15,45,05,05166,D1075,44.44,5.71303,Plein jour,Hors agglomération,Hors intersection,Normale,Trois véhicules et plus - collisions multiples,3,2,2,0,1,1,1,0,1,90,,5,0,2,0,3,44.0,55.0,,,1,1,1,1,5
202100018494,2021-09-12 14:50:00,2021,9,12,14,50,68,68334,Rue du Kattenbachy,47.815777,7.10618,Plein jour,En agglomération,Hors intersection,Normale,Deux véhicules - côté,4,2,2,0,2,1,1,0,1,50,,2,1,0,1,0,17.0,22.0,,,1,2,1,1,3
202100018495,2021-09-17 18:30:00,2021,9,17,18,30,67,67045,Route de Krautergersheim,48.487501,7.498555,Plein jour,En agglomération,Hors intersection,Normale,Autre collision,3,2,2,0,1,1,1,0,1,50,,2,1,0,1,0,46.0,,,,1,2,1,1,6
202100018496,2021-09-17 20:50:00,2021,9,17,20,50,88,88460,D674,48.40698,5.7415,Nuit sans éclairage public,Hors agglomération,Hors intersection,Normale,Deux véhicules - arrière,3,2,2,0,1,1,1,0,1,90,,2,1,1,0,0,63.0,31.0,,,3,1,1,1,2
202100018497,2021-09-14 07:30:00,2021,9,14,7,30,55,55517,D20,48.967696,5.051007,Plein jour,Hors agglomération,Hors intersection,Temps couvert,Autre collision,3,2,2,0,4,1,1,0,3,80,,1,0,0,1,0,56.0,,,,1,1,1,8,6
202100018498,2021-09-17 15:55:00,2021,9,17,15,55,38,38468,N7,45.349124,4.802962,Plein jour,En agglomération,Intersection en X,Normale,Deux véhicules - côté,2,3,5,0,1,1,1,0,1,50,,2,1,0,0,1,46.0,25.0,,,1,2,2,1,3
202100018499,2021-09-18 02:25:00,2021,9,18,2,25,26,26235,Route Nationale 7,44.400456,4.704809,Nuit sans éclairage public,Hors agglomération,Hors intersection,Normale,Sans collision,2,2,3,0,1,1,1,0,8,80,,1,0,0,1,0,36.0,,,,3,1,1,1,7
202100018500,2021-09-15 18:40:00,2021,9,15,18,40,17,17118,D 145 Rapion,45.245003,-0.406559,Plein jour,Hors agglomération,Intersection en X,Normale,Deux véhicules - arrière,3,-1,2,0,1,1,1,5,1,80,,2,1,0,0,1,34.0,55.0,,,1,1,2,1,2
202100018501,2021-09-16 15:00:00,2021,9,16,15,0,33,33362,Lieu Dit le Canton,45.025296,-0.183124,Plein jour,Hors agglomération,Hors intersection,Normale,Autre collision,3,2,2,0,1,2,1,0,8,70,,1,0,0,0,1,15.0,,,,1,1,1,1,6
202100018502,2021-09-18 09:35:00,2021,9,18,9,35,50,50556,D86 le bourg,49.061375,-1.059703,Plein jour,En agglomération,Hors intersection,Normale,Autre collision,3,2,2,0,1,4,1,0,1,50,,1,0,0,1,0,14.0,,,,1,2,1,1,6
202100018503,2021-09-18 12:20:00,2021,9,18,12,20,14,14228,Route départementale 404,49.278305,-0.39259,Plein jour,Hors agglomération,Intersection en X,Normale,Deux véhicules - côté,3,2,3,0,1,1,1,5,1,90,,2,1,1,0,0,86.0,67.0,,,1,1,2,1,3
202100018504,2021-09-18 10:45:00,2021,9,18,10,45,80,80110,Rue de Mons,50.150933,1.656146,Plein jour,Hors agglomération,Hors intersection,Normale,Deux véhicules - frontale,4,2,1,0,2,2,1,0,1,80,,2,1,0,1,0,20.0,69.0,,,1,1,1,1,1
202100018505,2021-09-18 17:10:00,2021,9,18,17,10,59,59139,"49, rue VOLTAIRE",50.129088,3.408889,Plein jour,En agglomération,Hors intersection,Normale,Autre collision,4,1,2,0,2,1,1,0,1,50,,2,1,0,1,0,74.0,,,,1,2,1,1,6
202100018506,2021-09-17 18:15:00,2021,9,17,18,15,59,59136,Faubourg de Cambrai,50.106316,3.535817,Plein jour,En agglomération,Intersection en X,Temps éblouissant,Deux véhicules - frontale,3,2,2,0,4,1,1,0,1,50,,2,1,0,1,0,23.0,52.0,,,1,2,2,7,1
202100018507,2021-09-18 15:15:00,2021,9,18,15,15,59,59212,Rue du President Kennedy,50.6467680146,2.7154480526,Plein jour,En agglomération,Hors intersection,Temps éblouissant,Deux véhicules - côté,3,2,2,0,1,1,1,0,1,-1,,3,0,0,1,2,17.0,35.0,,,1,2,1,7,3
202100018508,2021-09-17 15:37:00,2021,9,17,15,37,13,13071,A7-Sens Marseille vers Lyon,43.40751,5.28908,Plein jour,Hors agglomération,Hors intersection,Normale,Trois véhicules et plus - collisions multiples,1,1,3,0,1,1,1,0,1,110,,4,2,1,0,1,36.0,66.0,,,1,1,1,1,5
202100018509,2021-09-12 03:45:00,2021,9,12,3,45,13,13055,A507 sens Aubagne- Marseille,43.286917,5.424946,Nuit avec éclairage allumé,Hors agglomération,Hors intersection,Normale,Trois véhicules et plus - collisions multiples,1,-1,2,0,1,1,1,0,1,90,,3,0,0,0,3,27.0,30.0,,,5,1,1,1,5
202100018510,2021-09-17 06:05:00,2021,9,17,6,5,13,13028,A50,43.1917442409,5.6561028957,Nuit avec éclairage allumé,Hors agglomération,Hors intersection,Normale,Autre collision,1,1,1,0,1,3,1,0,3,50,,1,0,0,1,0,19.0,,,,5,1,1,1,6
202100018511,2021-09-05 19:30:00,2021,9,5,19,30,69,69382,M7   0.000 A 2.278,45.74171,4.82484,Plein jour,Hors agglomération,Hors intersection,Normale,Deux véhicules - côté,7,3,6,0,1,1,1,0,1,70,,2,1,0,0,1,45.0,59.0,,,1,1,1,1,3
202100018512,2021-09-17 08:40:00,2021,9,17,8,40,33,33063,Rocade Nord A630 -E4-,44.88622,-0.56261,Plein jour,Hors agglomération,Hors intersection,Normale,Autre collision,1,1,2,0,1,3,8,3,1,50,,1,0,0,0,1,43.0,,,,1,1,1,1,6
202100018513,2021-09-16 07:10:00,2021,9,16,7,10,59,59378,ROUTE DEPARTEMENTALE 652,50.68499,3.100351,Crépuscule ou aube,Hors agglomération,Hors intersection,Normale,Autre collision,7,3,2,0,1,1,1,0,1,90,,1,0,0,1,0,24.0,,,,2,1,1,1,6
202100018514,2021-09-17 18:09:00,2021,9,17,18,9,94,94038,AUTOROUTE A6B,48.7723543881,2.3459809284,Plein jour,Hors agglomération,Hors intersection,Normale,Deux véhicules - arrière,1,1,4,0,1,1,1,3,1,90,,2,1,0,1,0,34.0,63.0,,,1,1,1,1,2
202100018515,2021-09-17 16:45:00,2021,9,17,16,45,94,94034,AUTOROUTE A6B,48.75044,2.32846,Plein jour,Hors agglomération,Hors intersection,Normale,Deux véhicules - arrière,1,1,3,0,2,1,1,0,1,110,,2,1,0,0,1,43.0,34.0,,,1,1,1,1,2
202100018516,2021-09-17 12:00:00,2021,9,17,12,0,94,94073,A86 INT,48.76259,2.38129,Plein jour,Hors agglomération,Hors intersection,Normale,Deux véhicules - arrière,1,3,6,0,1,1,1,0,1,90,,2,1,0,0,1,32.0,24.0,,,1,1,1,1,2
202100018517,2021-09-16 07:50:00,2021,9,16,7,50,27,27229,BORDEAUX (SENTE DE),49.01613,1.16043,Plein jour,En agglomération,Hors intersection,Normale,Autre collision,4,2,-1,0,1,1,1,0,1,50,,2,1,0,0,1,,,,,1,2,1,1,6
202100018518,2021-09-16 06:50:00,2021,9,16,6,50,974,97416,BASSIN PLAT(CHEMIN),-21.32469,55.48956,Plein jour,Hors agglomération,Hors intersection,Normale,Deux véhicules - frontale,4,2,2,0,1,2,1,0,1,70,,3,2,0,0,1,27.0,31.0,,,1,1,1,1,1
202100018519,2021-09-16 15:05:00,2021,9,16,15,5,974,97416,BONS ENFANTS (RUE DES),-21.339735,55.473683,Plein jour,En agglomération,Hors intersection,Normale,Autre collision,4,1,1,0,1,1,1,0,1,50,,2,1,0,0,1,79.0,,,,1,2,1,1,6
202100018520,2021-09-16 09:45:00,2021,9,16,9,45,974,97411,SOURCE (RUE DE LA),-20.89018,55.44816,Plein jour,En agglomération,Hors intersection,Normale,Deux véhicules - arrière,4,2,2,0,1,1,1,0,1,30,,4,3,0,0,1,28.0,23.0,,,1,2,1,1,2
202100018521,2021-09-16 18:05:00,2021,9,16,18,5,973,97302,MANGO (ROUTE),4.9318011057,-52.3175135851,Plein jour,En agglomération,Hors intersection,Normale,Deux véhicules - arrière,4,2,2,0,1,1,1,0,1,50,,2,1,0,0,1,33.0,20.0,,,1,2,1,1,2
202100018522,2021-09-16 21:00:00,2021,9,16,21,0,69,69276,URBAIN SUD (BD)                             ,45.68683,4.86189,Nuit avec éclairage allumé,En agglomération,Hors intersection,Temps couvert,Deux véhicules - arrière,7,1,1,0,2,1,2,3,1,70,,3,1,0,0,2,40.0,15.0,,,5,2,1,8,2
202100018523,2021-09-16 18:15:00,2021,9,16,18,15,69,69387,SEBASTIEN GRYPHE (R),45.748,4.83901,Plein jour,En agglomération,Intersection en X,Pluie légère,Deux véhicules - côté,4,1,1,2,1,1,2,0,1,30,,2,1,0,0,1,32.0,78.0,,,1,2,2,2,3
202100018524,2021-09-16 17:00:00,2021,9,16,17,0,69,69386,LOUIS BLANC (R),45.76536,4.85593,Plein jour,En agglomération,Intersection en X,Temps couvert,Autre collision,4,1,1,0,1,1,1,0,1,50,,2,1,0,0,1,64.0,,,,1,2,2,8,6
202100018525,2021-09-16 07:00:00,2021,9,16,7,0,69,69259,VIENNE (DE) (RTE),45.7246398571,4.8540580273,Crépuscule ou aube,En agglomération,Intersection en Y,Normale,Deux véhicules - côté,4,2,4,1,1,1,1,0,5,50,,2,1,0,0,1,43.0,47.0,,,2,2,4,1,3
202100018526,2021-09-16 04:50:00,2021,9,16,4,50,69,69388,SURVILLE (DE) (R),45.71933,4.854,Nuit avec éclairage allumé,En agglomération,Autre intersection,Normale,Autre collision,4,2,2,1,1,1,1,0,1,50,,2,1,0,0,1,57.0,,,,5,2,9,1,6
202100018527,2021-09-16 15:30:00,2021,9,16,15,30,69,69142,GENERAL DE GAULLE (AV),45.72637,4.81221,Plein jour,En agglomération,Hors intersection,Pluie légère,Deux véhicules - côté,4,2,2,3,2,4,2,0,1,50,,2,0,0,0,2,66.0,55.0,,,1,2,1,2,3
202100018528,2021-09-16 14:30:00,2021,9,16,14,30,69,69034,GENERAL DE GAULLE (AV),45.81156,4.85903,Plein jour,En agglomération,Hors intersection,Pluie forte,Autre collision,7,2,2,3,1,1,2,0,1,50,,2,1,0,1,0,53.0,,,,1,2,1,3,6
202100018529,2021-09-15 20:50:00,2021,9,15,20,50,971,97107,FLAMBOYANTS ( ALLEE DES ),16.05136,-61.56281,Nuit avec éclairage allumé,En agglomération,Hors intersection,Pluie légère,Sans collision,4,2,2,0,2,3,2,0,3,50,,1,0,0,0,1,20.0,,,,5,2,1,2,7
202100018530,2021-09-15 18:20:00,2021,9,15,18,20,91,91064,CD 117 (ROUTE DE JOUY),48.752706,2.203964,Plein jour,Hors agglomération,Hors intersection,Pluie légère,Deux véhicules - arrière,3,-1,2,0,1,1,2,0,1,90,,2,1,0,0,1,47.0,59.0,,,1,1,1,2,2
202100018531,2021-09-17 00:05:00,2021,9,17,0,5,91,91479,RTE DE FONTAINEBLEAU,48.73957,2.36397,Nuit avec éclairage non allumé,Hors agglomération,Hors intersection,Normale,Deux véhicules - côté,2,1,3,0,2,3,1,2,1,70,,2,1,1,0,0,20.0,46.0,,,4,1,1,1,3
202100018532,2021-09-16 11:50:00,2021,9,16,11,50,91,91286,TREILLE (PLACE DE LA),48.651935,2.370993,Plein jour,En agglomération,Hors intersection,Normale,Deux véhicules - côté,4,1,2,0,1,1,1,0,1,50,,2,1,0,0,1,43.0,49.0,,,1,2,1,1,3
202100018533,2021-09-15 11:00:00,2021,9,15,11,0,88,88383,RUE GEORGES LANG,48.01427,6.59073,Plein jour,En agglomération,Hors intersection,Pluie légère,Autre collision,3,2,2,0,1,1,2,0,1,30,,2,1,0,1,0,49.0,,,,1,2,1,2,6
202100018534,2021-09-14 17:48:00,2021,9,14,17,48,87,87085,HALEVY (RUE),45.85623,1.25901,Plein jour,En agglomération,Intersection en T,Pluie légère,Deux véhicules - côté,4,2,2,0,1,1,2,0,1,50,,2,1,0,0,1,41.0,26.0,,,1,2,3,2,3
202100018535,2021-09-12 01:35:00,2021,9,12,1,35,83,83009,DEPARTEMENTALE 559B (ROUTE),43.15103,5.764728,Nuit sans éclairage public,En agglomération,Hors intersection,Normale,Deux véhicules - côté,3,2,3,0,3,1,1,0,1,70,,2,1,0,0,1,15.0,55.0,,,3,2,1,1,3
202100018536,2021-09-15 15:40:00,2021,9,15,15,40,78,78358,JEAN JACQUES ROUSSEAU (AVENUE),48.95347,2.150683,Plein jour,En agglomération,Intersection en X,Normale,Deux véhicules - côté,4,1,1,0,1,1,1,0,1,50,,3,2,0,1,0,21.0,59.0,,,1,2,2,1,3
202100018537,2021-09-15 13:50:00,2021,9,15,13,50,77,77279,D411,48.38234,3.03932,Plein jour,Hors agglomération,Intersection en X,Normale,Deux véhicules - arrière,3,4,3,0,1,1,1,5,1,80,,2,1,0,1,0,25.0,45.0,,,1,1,2,1,2
202100018538,2021-09-16 08:20:00,2021,9,16,8,20,76,76640,HALINE. RUE DE LA,49.27392,1.05028,Plein jour,En agglomération,Hors intersection,Normale,Autre collision,4,2,2,0,1,1,1,0,1,50,,2,1,0,0,1,60.0,,,,1,2,1,1,6
202100018539,2021-09-16 07:55:00,2021,9,16,7,55,76,76540,CONSTANTINE. RUE DE,49.44897,1.06688,Plein jour,En agglomération,Intersection en T,Normale,Deux véhicules - côté,4,1,1,0,1,1,1,-1,1,30,,2,1,0,0,1,40.0,39.0,,,1,2,3,1,3
202100018540,2021-09-16 13:15:00,2021,9,16,13,15,72,72181,PONT YSSOIR (RUE DU),48.009982,0.194451,Plein jour,En agglomération,Hors intersection,Normale,Deux véhicules - côté,4,2,3,2,1,1,1,0,1,50,,2,1,0,0,1,77.0,57.0,,,1,2,1,1,3
202100018541,2021-09-15 15:30:00,2021,9,15,15,30,71,71306,HAUTS DE SORME (RUE DES),46.690731343,4.3565047965,Plein jour,En agglomération,Giratoire,Normale,Autre collision,4,2,2,0,3,1,1,5,1,50,,2,1,0,0,1,70.0,,,,1,2,6,1,6
202100018542,2021-09-15 12:15:00,2021,9,15,12,15,71,71306,CHATILLON (RUE DE),46.68912,4.35631,Plein jour,En agglomération,Giratoire,Normale,Deux véhicules - frontale,4,2,2,0,1,1,1,5,1,50,,3,1,0,0,2,22.0,55.0,,,1,2,6,1,1
202100018543,2021-09-15 16:15:00,2021,9,15,16,15,71,71540,R.D 290,46.773512,4.47163,Plein jour,Hors agglomération,Hors intersection,Normale,Deux véhicules - frontale,3,2,2,0,1,3,1,0,1,80,,3,0,0,1,2,66.0,63.0,,,1,1,1,1,1
202100018544,2021-09-15 15:05:00,2021,9,15,15,5,71,71475,Route de Buxy,46.7500472167,4.8186023694,Plein jour,Hors agglomération,Hors intersection,Normale,Deux véhicules - frontale,3,2,2,0,1,1,1,0,1,80,,3,0,0,0,3,41.0,65.0,,,1,1,1,1,1
202100018545,2021-09-15 13:17:00,2021,9,15,13,17,71,71076,PARADIS (RUE DU),46.7941963129,4.8493047363,Plein jour,En agglomération,Hors intersection,Normale,Autre collision,4,-1,2,0,1,1,1,0,4,50,,1,0,0,0,1,50.0,,,,1,2,1,1,6
202100018546,2021-09-16 15:50:00,2021,9,16,15,50,69,69256,MARIUS GROSSO (R),45.76358,4.93259,Plein jour,En agglomération,Passage à niveau,Normale,Autre collision,4,2,2,3,1,1,1,4,6,-1,,2,1,1,0,0,45.0,,,,1,2,8,1,6
202100018547,2021-09-16 15:00:00,2021,9,16,15,0,69,69264,BEAUREGARD (DE) (RTE),45.99873,4.73963,Plein jour,Hors agglomération,Hors intersection,Normale,Trois véhicules et plus - collisions multiples,3,2,2,0,1,3,2,0,1,50,,4,3,0,0,1,35.0,74.0,,,1,1,1,1,5
202100018548,2021-08-31 15:20:00,2021,8,31,15,20,69,69096,19 MARS 1962 (DU) (AV),45.6044580228,4.7826039791,Plein jour,En agglomération,Intersection en X,Normale,Deux véhicules - côté,7,3,4,0,1,1,1,0,1,50,,2,1,0,0,1,70.0,39.0,,,1,2,2,1,3
202100018549,2021-09-15 06:45:00,2021,9,15,6,45,67,67482,OBERHAUSBERGEN (ROUTE D ),48.59253,7.71659,Crépuscule ou aube,En agglomération,Intersection en T,Temps couvert,Autre collision,4,2,2,0,1,1,1,0,1,50,,2,1,0,0,1,60.0,,,,2,2,3,8,6
202100018550,2021-09-15 15:30:00,2021,9,15,15,30,66,66136,Départementale 914,42.66895,2.89728,Plein jour,Hors agglomération,Giratoire,Normale,Deux véhicules - côté,3,1,2,0,1,3,1,0,1,50,,2,1,0,0,1,58.0,85.0,,,1,1,6,1,3
202100018551,2021-09-16 11:50:00,2021,9,16,11,50,64,64545,HANDIABAITA (CHEMIN D'),43.381186,-1.700828,Plein jour,En agglomération,Hors intersection,Pluie légère,Deux véhicules - frontale,4,2,2,0,1,1,2,0,1,50,,3,2,0,0,1,32.0,30.0,,,1,2,1,2,1
202100018552,2021-09-16 12:10:00,2021,9,16,12,10,64,64445,CONDORCET,43.3158130049,-0.3621116281,Plein jour,En agglomération,Hors intersection,Pluie forte,Deux véhicules - côté,6,-1,0,0,1,1,2,0,1,30,,2,1,0,0,1,41.0,22.0,,,1,2,1,3,3
202100018553,2021-09-16 07:10:00,2021,9,16,7,10,64,64445,MONNAIE,43.29449,-0.37726,Nuit avec éclairage allumé,En agglomération,Autre intersection,Normale,Deux véhicules - arrière,4,1,1,0,4,1,1,0,1,50,,2,1,0,0,1,35.0,33.0,,,5,2,9,1,2
202100018554,2021-09-16 15:05:00,2021,9,16,15,5,62,62193,DIDEROT,50.95365,1.86583,Plein jour,En agglomération,Intersection en X,Normale,Deux véhicules - côté,4,2,2,0,1,1,1,0,1,50,,3,2,0,1,0,16.0,42.0,,,1,2,2,1,3
202100018555,2021-09-15 19:15:00,2021,9,15,19,15,62,62193,PHALSBOURG (RUE DE),50.95671,1.87514,Plein jour,En agglomération,Autre intersection,Normale,Deux véhicules - arrière,4,2,2,0,1,1,1,0,1,50,,8,3,0,0,5,63.0,39.0,,,1,2,9,1,2
202100018556,2021-09-11 14:00:00,2021,9,11,14,0,62,62119,LELEU ( RUE DU DOCTEUR ),50.534453,2.643311,Plein jour,En agglomération,Hors intersection,Normale,Deux véhicules - frontale,4,2,2,0,2,1,1,0,1,50,,2,1,0,1,0,45.0,,,,1,2,1,1,1
202100018557,2021-09-15 16:21:00,2021,9,15,16,21,61,61001,QUAKENBRUCK (AVENUE DE),48.44136,0.10813,Plein jour,En agglomération,Intersection en T,Normale,Autre collision,3,2,1,0,1,2,1,0,1,50,,2,1,0,1,0,69.0,,,,1,2,3,1,6
202100018558,2021-09-16 19:30:00,2021,9,16,19,30,59,59599,PASSERELLE (RUE DE LA ),50.69719,3.15013,Crépuscule ou aube,En agglomération,Hors intersection,Normale,Autre collision,7,1,1,0,1,1,1,0,1,50,,2,1,0,0,1,26.0,,,,2,2,1,1,6
202100018559,2021-09-16 13:00:00,2021,9,16,13,0,59,59599,YSER (RUE DE L'),50.74089,3.16634,Plein jour,En agglomération,Intersection en X,Normale,Deux véhicules - côté,7,2,2,0,1,1,1,0,1,50,,3,2,0,0,1,45.0,30.0,,,1,2,2,1,3
202100018560,2021-09-16 11:40:00,2021,9,16,11,40,59,59599,FOREST (CHAUSSEE FERNAND),50.73697,3.15385,Plein jour,Hors agglomération,Hors intersection,Normale,Trois véhicules et plus - en chaîne,7,2,4,0,1,1,1,0,1,50,,5,3,0,1,1,25.0,28.0,,,1,1,1,1,4
202100018561,2021-09-14 02:40:00,2021,9,14,2,40,59,59356,LILLE IMPASSE RUE DE,50.6619350889,2.9896759987,Nuit sans éclairage public,Hors agglomération,Hors intersection,Normale,Autre collision,7,-1,2,0,1,3,1,0,3,80,,2,0,0,0,2,20.0,,,,3,1,1,1,6
202100018562,2021-09-16 10:30:00,2021,9,16,10,30,59,59043,YPRES (RUE D'),50.7408583873,2.7379628209,Plein jour,En agglomération,Hors intersection,Normale,Autre collision,3,2,2,0,1,1,1,0,1,30,,2,1,0,1,0,40.0,,,,1,2,1,1,6
202100018563,2021-09-01 16:00:00,2021,9,1,16,0,58,58194,AMIRAL JACQUINOT,46.9834,3.1828,Plein jour,En agglomération,Hors intersection,Normale,Deux véhicules - arrière,4,1,2,1,1,1,1,0,1,50,,2,1,0,0,1,75.0,61.0,,,1,2,1,1,2
202100018564,2021-09-15 12:20:00,2021,9,15,12,20,57,57672,ROMAINS (ROUTE DES),49.36424,6.14111,Plein jour,En agglomération,Hors intersection,Normale,Deux véhicules - côté,4,2,2,1,1,1,1,0,1,50,,2,1,0,0,1,17.0,49.0,,,1,2,1,1,3
202100018565,2021-09-16 02:35:00,2021,9,16,2,35,56,56260,SCHUMAN(RUE ROBERT),47.6519,-2.77047,Nuit avec éclairage allumé,En agglomération,Intersection en X,Normale,Deux véhicules - côté,4,2,2,0,1,1,1,5,1,30,,5,2,0,2,1,18.0,45.0,,,5,2,2,1,3
202100018566,2021-09-14 17:00:00,2021,9,14,17,0,56,56107,PORT (BD ROGER LE),47.72756,-3.37951,Plein jour,En agglomération,Hors intersection,Normale,Deux véhicules - frontale,4,2,2,0,1,2,1,0,1,50,,2,1,0,0,1,,59.0,,,1,2,1,1,1
202100018567,2021-09-14 11:02:00,2021,9,14,11,2,56,56121,BOLLARDIERE (RUE  GENERAL DE ),47.75611,-3.39128,Plein jour,En agglomération,Hors intersection,Normale,Sans collision,4,3,2,1,2,1,1,0,5,30,,1,0,0,0,1,56.0,,,,1,2,1,1,7
202100018568,2021-09-15 12:00:00,2021,9,15,12,0,54,54431,HUGO (RUE VICTOR),48.90168,6.05177,Plein jour,En agglomération,Hors intersection,Normale,Autre collision,3,2,2,0,1,2,1,0,1,50,,2,1,0,0,1,49.0,,,,1,2,1,1,6
202100018569,2021-09-15 09:10:00,2021,9,15,9,10,54,54439,DE GAULLE (AVENUE CHARLES),48.70472,6.25552,Plein jour,En agglomération,Intersection en X,Normale,Deux véhicules - arrière,4,2,2,0,1,1,1,0,1,50,,2,1,0,0,1,30.0,20.0,,,1,2,2,1,2
202100018570,2021-09-16 08:15:00,2021,9,16,8,15,51,51454,Allée des Bons Enfants,49.246144202,4.0569018311,Plein jour,En agglomération,Intersection en X,Temps éblouissant,Deux véhicules - côté,4,2,2,2,2,1,1,5,1,50,,2,0,0,0,2,34.0,70.0,,,1,2,2,7,3
202100018571,2021-09-15 17:15:00,2021,9,15,17,15,51,51108,Avenue du 29 Août 1944,48.9451483219,4.3709034694,Plein jour,En agglomération,Hors intersection,Temps couvert,Deux véhicules - frontale,4,2,2,0,1,1,2,0,1,30,,2,1,0,1,0,47.0,,,,1,2,1,8,1
202100018572,2021-09-14 09:20:00,2021,9,14,9,20,50,50203,R N 13,49.59908,-1.59591,Plein jour,Hors agglomération,Hors intersection,Pluie légère,Autre collision,2,1,1,0,2,2,2,0,3,50,,1,0,0,0,1,30.0,,,,1,1,1,2,6
202100018573,2021-09-16 06:45:00,2021,9,16,6,45,49,49007,MILLOT BOULEVARD JACQUES,47.453225,-0.538132,Nuit avec éclairage allumé,En agglomération,Hors intersection,Normale,Deux véhicules - côté,4,2,2,0,1,1,1,0,1,50,,3,2,0,0,1,27.0,63.0,,,5,2,1,1,3
202100018574,2021-09-16 04:48:00,2021,9,16,4,48,45,45235,RD 955,47.95716,1.79248,Nuit sans éclairage public,Hors agglomération,Hors intersection,Normale,Deux véhicules - frontale,7,-1,0,0,1,2,1,0,1,80,,4,0,0,0,4,37.0,37.0,,,3,1,1,1,1
202100018575,2021-09-06 16:30:00,2021,9,6,16,30,43,43157,10 Rue Jules Valles,45.0447743574,3.8869540393,Plein jour,En agglomération,Hors intersection,Normale,Deux véhicules - frontale,4,2,2,0,1,3,1,0,1,50,,2,1,0,0,1,15.0,38.0,,,1,2,1,1,1
202100018576,2021-09-15 08:50:00,2021,9,15,8,50,37,37261,PAILHOU (PLACE GASTON),47.3926382075,0.6805434536,Plein jour,En agglomération,Hors intersection,Normale,Autre collision,4,1,1,0,1,3,1,0,1,50,,2,1,0,0,1,37.0,84.0,,,1,2,1,1,6