accident_id,datetime,annee,mois,jour,heure,minute,departement,commune_insee,adresse,latitude,longitude,luminosite,agglomeration,intersection,meteo,collision,catr,circ,nbv,vosp,prof,plan,surf,infra,situ,vma,nb_vehicules,nb_usagers,nb_indemnes,nb_tues,nb_blesses_hosp,nb_blesses_legers,age_cond_1,age_cond_2,veh_type_cond_1,veh_type_cond_2,lum_code,agg_code,int_code,atm_code,col_code
202100018577,2021-09-16 09:40:00,2021,9,16,9,40,35,35238,ROCHESTER (AVENUE DE),48.12792,-1.65901,Plein jour,En agglomération,Hors intersection,Normale,Trois véhicules et plus - en chaîne,4,2,2,0,1,1,1,0,1,50,,3,0,0,0,3,48.0,33.0,,,1,2,1,1,4
202100018578,2021-09-16 17:32:00,2021,9,16,17,32,31,31555,AV DU GENERAL EISENHOWER,43.55888,1.39861,Plein jour,En agglomération,Autre intersection,Normale,Deux véhicules - côté,7,2,5,0,2,1,1,0,1,50,,2,1,0,1,0,48.0,40.0,,,1,2,9,1,3
202100018579,2021-09-16 09:30:00,2021,9,16,9,30,31,31555,BD LAZARE CARNOT,43.603737,1.450709,Plein jour,En agglomération,Hors intersection,Normale,Deux véhicules - arrière,4,1,1,0,1,1,1,0,1,50,,3,1,0,1,1,27.0,42.0,,,1,2,1,1,2
202100018580,2021-09-16 08:05:00,2021,9,16,8,5,31,31149,BD GENERAL DE GAULLE,43.61065,1.32937,Crépuscule ou aube,En agglomération,Hors intersection,Normale,Autre collision,7,3,4,3,3,1,1,0,6,50,,2,1,1,0,0,57.0,,,,2,2,1,1,6
202100018581,2021-09-16 19:15:00,2021,9,16,19,15,29,29019,Avenue de Provence,48.40748,-4.51292,Plein jour,En agglomération,Giratoire,Normale,Deux véhicules - côté,4,2,2,0,1,2,1,5,1,50,,3,2,0,0,1,,16.0,,,1,2,6,1,3
202100018582,2021-09-16 07:50:00,2021,9,16,7,50,29,29019,Rue de la Fraternité,48.40054,-4.454627,Plein jour,En agglomération,Hors intersection,Normale,Deux véhicules - côté,4,-1,2,0,1,1,1,0,1,30,,2,1,0,0,1,46.0,60.0,,,1,2,1,1,3
202100018583,2021-09-16 15:56:00,2021,9,16,15,56,27,27229,DUPONT DE L'EURE (PLACE),49.02925,1.15205,Plein jour,En agglomération,Hors intersection,Normale,Sans collision,4,2,2,0,1,1,1,0,1,50,,1,0,0,0,1,18.0,,,,1,2,1,1,7
202100018584,2021-09-14 18:50:00,2021,9,14,18,50,27,27229,FUSILLES (RUE DES),49.01948,1.15773,Plein jour,En agglomération,Hors intersection,Temps couvert,Sans collision,4,1,3,0,2,3,1,0,1,50,,1,0,0,0,1,65.0,,,,1,2,1,8,7
202100018585,2021-09-16 10:45:00,2021,9,16,10,45,27,27229,BRIAND (AVENUE ARISTIDE),49.01715,1.12367,Plein jour,En agglomération,Hors intersection,Normale,Autre collision,3,-1,2,0,1,1,1,0,1,50,,2,1,0,0,1,64.0,88.0,,,1,2,1,1,6
202100018586,2021-09-15 17:55:00,2021,9,15,17,55,27,27229,ALLENDE (BOULEVARD DU PRESIDENT),49.0035064021,1.1516,Plein jour,En agglomération,Giratoire,Temps couvert,Deux véhicules - côté,4,1,2,0,1,1,1,9,1,50,,3,2,0,0,1,32.0,32.0,,,1,2,6,8,3
202100018587,2021-09-15 18:10:00,2021,9,15,18,10,70,70285,BELFORT(FAUBOURG DE),47.58383,6.77519,Plein jour,En agglomération,Hors intersection,Normale,Deux véhicules - arrière,3,-1,2,2,1,1,1,0,8,50,,4,0,0,0,4,38.0,34.0,,,1,2,1,1,2
202100018588,2021-09-11 19:50:00,2021,9,11,19,50,24,24557,GRANDOU (AVENUE MICHEL),45.18997,0.74524,Crépuscule ou aube,En agglomération,Intersection en T,Normale,Deux véhicules - côté,3,2,2,0,1,1,1,0,1,50,,2,1,0,1,0,31.0,23.0,,,2,2,3,1,3
202100018589,2021-09-16 09:12:00,2021,9,16,9,12,17,17306,ALBERT 1ER (BD),45.625069,-1.024446,Plein jour,En agglomération,Hors intersection,Normale,Autre collision,4,1,1,0,1,1,1,0,1,30,,2,1,0,1,0,61.0,,,,1,2,1,1,6
202100018590,2021-09-16 11:45:00,2021,9,16,11,45,17,17291,MONNET  AVENUE JEAN,46.1803,-1.12424,Plein jour,En agglomération,Hors intersection,Normale,Autre collision,4,2,2,1,1,1,1,-1,5,20,,2,1,0,0,1,67.0,,,,1,2,1,1,6
202100018591,2021-09-16 08:10:00,2021,9,16,8,10,17,17300,FOLLETIER  RUE FRANÇOIS DE VAUX,46.14099,-1.15343,Plein jour,En agglomération,Intersection en X,Normale,Deux véhicules - côté,4,2,2,2,1,1,1,0,1,50,,2,1,0,0,1,20.0,21.0,,,1,2,2,1,3
202100018592,2021-09-16 07:15:00,2021,9,16,7,15,13,13216,ESTAQUE PLAGE,43.3603963779,5.2984793078,Crépuscule ou aube,En agglomération,Hors intersection,Pluie légère,Deux véhicules - côté,4,2,2,0,1,1,1,0,1,50,,2,1,0,0,1,33.0,57.0,,,2,2,1,2,3
202100018593,2021-09-16 06:00:00,2021,9,16,6,0,13,13201,DUGOMMIER (BOULEVARD)     1 A 29,43.29905,5.3809,Nuit avec éclairage allumé,En agglomération,Hors intersection,Pluie forte,Deux véhicules - frontale,4,2,4,0,2,1,2,5,3,50,,1,0,0,0,1,52.0,,,,5,2,1,3,1
202100018594,2021-09-15 23:30:00,2021,9,15,23,30,13,13047,RN 569,43.52087,4.96307,Nuit sans éclairage public,Hors agglomération,Hors intersection,Pluie légère,Trois véhicules et plus - collisions multiples,2,2,2,0,1,1,2,0,1,80,,5,3,0,0,2,27.0,34.0,,,3,1,1,2,5
202100018595,2021-09-16 07:38:00,2021,9,16,7,38,13,13001,ENFANT (RTE DE L'),43.484,5.3826,Plein jour,Hors agglomération,Hors intersection,Pluie légère,Deux véhicules - côté,7,-1,2,0,1,1,2,0,1,50,,2,1,0,0,1,35.0,35.0,,,1,1,1,2,3
202100018596,2021-09-15 19:07:00,2021,9,15,19,7,12,12145,D911,44.13202,3.04284,Plein jour,Hors agglomération,Hors intersection,Normale,Deux véhicules - frontale,3,2,2,0,2,1,2,0,1,90,,4,0,0,1,3,21.0,30.0,,,1,1,1,1,1
202100018597,2021-09-16 21:48:00,2021,9,16,21,48,10,10387,CHARMILLES (MAIL DES),48.29503,4.08435,Nuit avec éclairage allumé,En agglomération,Hors intersection,Normale,Deux véhicules - arrière,4,1,2,1,1,2,1,0,1,50,,2,1,0,0,1,21.0,25.0,,,5,2,1,1,2
202100018598,2021-09-16 16:45:00,2021,9,16,16,45,07,07008,ROCHE  ( QUARTIER ),44.7118439,4.62897777,Plein jour,Hors agglomération,Hors intersection,Normale,Autre collision,4,2,1,0,2,1,1,0,1,30,,2,0,0,1,1,19.0,,,,1,1,1,1,6
202100018599,2021-09-15 12:45:00,2021,9,15,12,45,05,05061,GRAFFINEL ( CHEMIN DE ),44.53814,6.06057,Plein jour,En agglomération,Hors intersection,Temps couvert,Autre collision,4,-1,2,0,1,1,1,0,1,50,,4,1,0,0,3,19.0,,,,1,2,1,8,6
202100018600,2021-09-07 18:00:00,2021,9,7,18,0,03,03321,DEBUSSY (RUE CLAUDE),46.583236,3.350455,Plein jour,Hors agglomération,Intersection en Y,Normale,Deux véhicules - côté,4,-1,2,0,1,2,1,0,1,50,,2,1,0,1,0,47.0,44.0,,,1,1,4,1,3
202100018601,2021-09-15 19:15:00,2021,9,15,19,15,03,03098,Avenue du 4 Septembre,46.35931,2.61763,Plein jour,En agglomération,Hors intersection,Normale,Autre collision,3,2,2,0,2,1,1,0,1,50,,2,1,0,0,1,47.0,,,,1,2,1,1,6
202100018602,2021-09-16 08:05:00,2021,9,16,8,5,75,75120,RUE DES PYRENEES,48.860823,2.400546,Plein jour,En agglomération,Hors intersection,Normale,Deux véhicules - côté,4,2,2,0,1,1,1,0,1,30,,2,1,0,0,1,25.0,42.0,,,1,2,1,1,3
202100018603,2021-09-16 11:35:00,2021,9,16,11,35,75,75119,AVENUE JEAN JAURES,48.8847333586,2.3776627372,Plein jour,En agglomération,Hors intersection,Normale,Autre collision,4,2,2,0,1,1,1,0,1,30,,2,1,0,0,1,31.0,,,,1,2,1,1,6
202100018604,2021-09-15 16:00:00,2021,9,15,16,0,75,75117,PLACE SAINT FERDINAND,48.877963,2.287885,Plein jour,En agglomération,Place,Pluie légère,Sans collision,4,1,2,0,1,1,2,0,1,30,,1,0,0,0,1,61.0,,,,1,2,7,2,7
202100018605,2021-09-15 09:20:00,2021,9,15,9,20,75,75117,BOULEVARD DES BATIGNOLLES,48.882553,2.322069,Plein jour,En agglomération,Intersection en T,Pluie légère,Autre collision,4,3,2,0,1,1,2,0,1,30,,2,1,0,0,1,31.0,,,,1,2,3,2,6
202100018606,2021-09-16 15:00:00,2021,9,16,15,0,75,75116,ECHANGEUR SAINT CLOUD,48.8386872621,2.2539704813,Plein jour,En agglomération,Intersection en Y,Normale,Trois véhicules et plus - en chaîne,4,1,2,0,1,1,1,0,1,30,,3,2,0,0,1,50.0,57.0,,,1,2,4,1,4
202100018607,2021-09-15 20:40:00,2021,9,15,20,40,75,75114,PLACE DENFERT ROCHEREAU,48.833697,2.331936,Nuit avec éclairage allumé,En agglomération,Place,Temps couvert,Deux véhicules - côté,4,1,4,0,1,1,2,0,1,30,,2,1,0,0,1,37.0,28.0,,,5,2,7,8,3
202100018608,2021-09-16 21:05:00,2021,9,16,21,5,75,75112,COURS DE VINCENNES,48.8480921572,2.3991871743,Nuit avec éclairage allumé,En agglomération,Intersection en X,Normale,Trois véhicules et plus - collisions multiples,4,3,3,0,1,1,1,0,1,30,,3,2,0,0,1,34.0,22.0,,,5,2,2,1,5
202100018609,2021-09-16 13:00:00,2021,9,16,13,0,75,75112,RUE TAINE,48.8394310933,2.394594311,Plein jour,En agglomération,Intersection en Y,Normale,Deux véhicules - côté,4,2,3,0,2,1,1,0,1,50,,2,1,0,0,1,29.0,32.0,,,1,2,4,1,3
202100018610,2021-09-15 10:00:00,2021,9,15,10,0,75,75112,AVENUE DAUMESNIL,48.839927,2.432159,Plein jour,En agglomération,Intersection en Y,Pluie légère,Deux véhicules - arrière,4,2,2,0,1,1,2,0,1,30,,2,1,0,0,1,81.0,78.0,,,1,2,4,2,2
202100018611,2021-09-15 21:19:00,2021,9,15,21,19,75,75111,BOULEVARD VOLTAIRE,48.852145,2.389679,Nuit avec éclairage allumé,En agglomération,Intersection en T,Normale,Autre collision,4,2,4,0,1,1,1,0,1,30,,2,1,0,0,1,26.0,,,,5,2,3,1,6
202100018612,2021-09-16 08:40:00,2021,9,16,8,40,75,75110,RUE DES PETITES ECURIES,48.873393,2.352656,Plein jour,En agglomération,Intersection en T,Normale,Autre collision,4,2,2,0,1,1,1,0,1,30,,2,1,0,0,1,,,,,1,2,3,1,6
202100018613,2021-09-15 13:20:00,2021,9,15,13,20,75,75108,AVENUE DES CHAMPS ELYSEES,48.8700739768,2.3066789827,Plein jour,En agglomération,Intersection en T,Temps couvert,Deux véhicules - arrière,4,2,8,0,1,1,2,0,1,50,,2,1,0,0,1,32.0,54.0,,,1,2,3,8,2
202100018614,2021-09-16 12:48:00,2021,9,16,12,48,75,75107,AVENUE BOSQUET,48.8546302515,2.3055423725,Plein jour,En agglomération,Place,Normale,Autre collision,4,2,4,0,1,1,1,0,1,30,,2,1,0,0,1,25.0,,,,1,2,7,1,6
202100018615,2021-09-16 08:15:00,2021,9,16,8,15,75,75103,BOULEVARD BEAUMARCHAIS,48.855808333,2.3684901669,Plein jour,En agglomération,Intersection en X,Normale,Sans collision,4,2,5,3,1,1,1,0,6,30,,1,0,0,0,1,25.0,,,,1,2,2,1,7
202100018616,2021-09-16 09:25:00,2021,9,16,9,25,75,75101,QUAI DES TUILERIES,48.8630011016,2.323764941,Plein jour,En agglomération,Hors intersection,Normale,Deux véhicules - frontale,4,2,2,0,1,1,1,1,1,30,,2,0,0,0,2,43.0,36.0,,,1,2,1,1,1
202100018617,2021-09-14 17:30:00,2021,9,14,17,30,94,94052,Boulevard de Strasbourg,48.84083,2.48208,Plein jour,En agglomération,Hors intersection,Normale,Deux véhicules - côté,3,2,2,0,2,1,1,0,1,50,,2,1,0,0,1,47.0,46.0,,,1,2,1,1,3
202100018618,2021-09-15 10:40:00,2021,9,15,10,40,94,94043,Rue Danton,48.8123,2.35964,Plein jour,En agglomération,Intersection en X,Pluie légère,Autre collision,3,1,2,0,1,1,2,0,1,50,,2,1,0,0,1,43.0,,,,1,2,2,2,6
202100018619,2021-09-16 16:30:00,2021,9,16,16,30,94,94054,VICTOIRE (AV DE LA),48.74478,2.39316,Plein jour,En agglomération,Intersection en X,Normale,Deux véhicules - côté,3,-1,2,0,2,1,1,0,1,50,,2,1,0,0,1,38.0,60.0,,,1,2,2,1,3
202100018620,2021-09-15 08:42:00,2021,9,15,8,42,94,94077,MARECHAL FOCH (R DU),48.728236,2.409868,Plein jour,En agglomération,Hors intersection,Pluie forte,Deux véhicules - frontale,4,2,1,0,1,1,2,0,1,30,,2,1,0,1,0,37.0,59.0,,,1,2,1,3,1
202100018621,2021-09-16 16:50:00,2021,9,16,16,50,93,93053,PARC (RUE DU),48.89639,2.44309,Plein jour,En agglomération,Hors intersection,Normale,Deux véhicules - arrière,3,1,1,1,3,1,1,2,1,50,,2,1,0,0,1,50.0,26.0,,,1,2,1,1,2
202100018622,2021-09-15 16:00:00,2021,9,15,16,0,93,93006,STALINGRAD AV.,48.87,2.42,Plein jour,En agglomération,Hors intersection,Pluie légère,Deux véhicules - côté,4,3,2,0,1,1,2,0,1,50,,2,1,0,0,1,67.0,54.0,,,1,2,1,2,3
202100018623,2021-09-15 17:30:00,2021,9,15,17,30,93,93032,Allée de l’Horloge,48.874523,2.559143,Plein jour,En agglomération,Hors intersection,Pluie légère,Autre collision,4,2,2,0,1,4,2,0,4,50,,1,0,0,0,1,30.0,,,,1,2,1,2,6
202100018624,2021-09-16 00:11:00,2021,9,16,0,11,93,93001,JEAN JAURES (AVE)  215 =>,48.9158,2.40514,Nuit avec éclairage allumé,En agglomération,Hors intersection,Normale,Deux véhicules - arrière,3,2,4,0,1,1,1,0,1,50,,3,1,0,0,2,24.0,31.0,,,5,2,1,1,2
202100018625,2021-09-16 12:55:00,2021,9,16,12,55,93,93008,ILLUSTRATION (AVENUE DE L'),48.911919,2.41708,Plein jour,En agglomération,Autre intersection,Normale,Deux véhicules - côté,4,-1,2,0,1,1,1,0,1,50,,2,1,0,0,1,17.0,31.0,,,1,2,9,1,3
202100018626,2021-09-15 07:54:00,2021,9,15,7,54,93,93008,VARSOVIE (RUE DE),48.9093332773,2.4731343558,Plein jour,En agglomération,Intersection en T,Pluie légère,Trois véhicules et plus - collisions multiples,4,2,2,0,1,1,2,0,1,50,,5,4,0,0,1,64.0,21.0,,,1,2,3,2,5
202100018627,2021-09-16 16:45:00,2021,9,16,16,45,92,92047,RAYMOND POINCARE,48.8381902062,2.180263813,Plein jour,En agglomération,Intersection en T,Normale,Deux véhicules - côté,3,2,4,0,2,1,1,0,1,50,,2,1,0,1,0,41.0,60.0,,,1,2,3,1,3
202100018628,2021-09-16 13:30:00,2021,9,16,13,30,92,92062,DE DION BOUTON (QUAI) DU 29 AU 65,48.8831330848,2.2486379743,Plein jour,En agglomération,Hors intersection,Normale,Deux véhicules - côté,3,1,2,0,1,1,1,0,1,50,,2,1,0,1,0,35.0,54.0,,,1,2,1,1,3
202100018629,2021-09-15 22:15:00,2021,9,15,22,15,92,92078,GALLIENI (BOULEVARD) (1/19),48.92493016,2.3254711926,Nuit avec éclairage allumé,En agglomération,Intersection en X,Normale,Deux véhicules - côté,3,2,2,0,1,1,1,0,1,50,,2,1,0,0,1,28.0,34.0,,,5,2,2,1,3
202100018630,2021-09-14 18:35:00,2021,9,14,18,35,92,92036,BAS (RUE DES) (78   +),48.9190790087,2.2901605815,Plein jour,En agglomération,Hors intersection,Normale,Deux véhicules - arrière,3,3,4,0,1,1,1,0,1,50,,2,1,0,0,1,45.0,34.0,,,1,2,1,1,2
202100018631,2021-09-16 17:35:00,2021,9,16,17,35,92,92012,REINE (ROUTE DE LA) 39/107 BIS,48.839412,2.2434,Plein jour,En agglomération,Hors intersection,Normale,Autre collision,3,2,2,0,1,1,1,0,1,50,,2,0,0,0,2,18.0,,,,1,2,1,1,6
202100018632,2021-08-15 17:20:00,2021,8,15,17,20,974,97415,Chemin Piton Leon,-21.070389,55.286635,Plein jour,Hors agglomération,Hors intersection,Normale,Deux véhicules - frontale,4,2,1,0,2,1,1,0,1,70,,2,1,0,1,0,30.0,60.0,,,1,1,1,1,1
202100018633,2021-09-17 09:15:00,2021,9,17,9,15,62,62204,rd 138,50.415,1.827662,Plein jour,Hors agglomération,Hors intersection,Brouillard / fumée,Sans collision,3,2,2,0,1,3,1,0,3,80,,1,0,0,1,0,56.0,,,,1,1,1,5,7
202100018634,2021-09-16 17:30:00,2021,9,16,17,30,62,62066,Rue de Beaulieu,50.478633,2.09938,Plein jour,En agglomération,Hors intersection,Normale,Autre collision,4,2,2,0,1,1,1,0,3,50,,1,0,0,1,0,27.0,,,,1,2,1,1,6
202100018635,2021-08-13 18:15:00,2021,8,13,18,15,43,43043,Route communale entre Duminiac et la Varenne,45.179904,3.755929,Plein jour,Hors agglomération,Hors intersection,Normale,Autre collision,4,2,2,0,2,2,1,0,3,80,,2,0,0,1,1,19.0,,,,1,1,1,1,6
202100018636,2021-09-17 12:05:00,2021,9,17,12,5,83,83036,Avenue de Saint-Raphaël,43.185043,6.545105,Plein jour,En agglomération,Hors intersection,Normale,Autre collision,3,2,2,0,1,1,1,0,1,-1,,2,1,0,0,1,76.0,,,,1,2,1,1,6
202100018637,2021-09-17 12:45:00,2021,9,17,12,45,85,85038,La Croix Carron,46.887409,-1.310828,Plein jour,En agglomération,Intersection en X,Normale,Autre collision,3,2,-1,-1,-1,3,1,0,1,-1,,1,0,0,0,1,19.0,,,,1,2,2,1,6
202100018638,2021-09-16 07:30:00,2021,9,16,7,30,83,83054,200 RD 97,43.1612326049,6.0422430933,Crépuscule ou aube,En agglomération,Intersection en T,Normale,Deux véhicules - côté,3,2,2,0,1,3,2,0,1,30,,2,1,0,0,1,17.0,42.0,,,2,2,3,1,3
202100018639,2021-09-16 07:15:00,2021,9,16,7,15,83,83054,avenue du général de gaulle et rue de la gare,43.16648,6.048129,Crépuscule ou aube,En agglomération,Intersection en X,Pluie légère,Deux véhicules - côté,4,3,2,0,1,1,2,0,1,30,,2,1,0,1,0,41.0,19.0,,,2,2,2,2,3
202100018640,2021-09-16 16:45:00,2021,9,16,16,45,57,57667,D55,49.233996,6.555523,Plein jour,Hors agglomération,Hors intersection,Temps éblouissant,Sans collision,3,2,2,0,1,2,1,0,3,80,,1,0,0,1,0,53.0,,,,1,1,1,7,7
202100018641,2021-08-13 14:50:00,2021,8,13,14,50,57,57527,D70,49.029656,6.240615,Plein jour,Hors agglomération,Hors intersection,Normale,Autre collision,3,2,2,0,1,1,1,0,1,80,,2,1,0,1,0,31.0,49.0,,,1,1,1,1,6
202100018642,2021-09-15 18:19:00,2021,9,15,18,19,62,62281,Route de Saint-Leonard,50.699054,1.643443,Plein jour,En agglomération,Hors intersection,Normale,Autre collision,3,2,2,0,1,1,1,0,3,50,,2,0,0,0,2,14.0,,,,1,2,1,1,6
202100018643,2021-09-16 20:30:00,2021,9,16,20,30,19,19195,Route de la Gerbaudie Cartheyrie,45.270533,1.356342,Nuit sans éclairage public,Hors agglomération,Hors intersection,Pluie forte,Sans collision,3,2,2,0,1,3,2,0,3,80,,1,0,0,0,1,28.0,,,,3,1,1,3,7
202100018644,2021-09-09 21:00:00,2021,9,9,21,0,19,19010,Le Sablier,45.111374,1.955666,Crépuscule ou aube,Hors agglomération,Hors intersection,Pluie forte,Sans collision,3,-1,2,0,2,1,2,0,8,90,,2,0,1,1,0,65.0,,,,2,1,1,3,7
202100018645,2021-09-15 11:00:00,2021,9,15,11,0,56,56119,Route de Belz,47.686987,-3.124022,Plein jour,Hors agglomération,Intersection en T,Normale,Deux véhicules - arrière,3,2,2,0,1,1,1,0,1,80,,2,1,0,0,1,,65.0,,,1,1,3,1,2
202100018646,2021-09-16 11:30:00,2021,9,16,11,30,2B,2B283,RT10,41.905711,9.389287,Plein jour,Hors agglomération,Intersection en X,Normale,Deux véhicules - frontale,2,2,2,0,1,1,1,0,1,70,,2,1,0,1,0,71.0,60.0,,,1,1,2,1,1
202100018647,2021-09-15 17:15:00,2021,9,15,17,15,2B,2B043,d54,42.756805,9.459014,Plein jour,Hors agglomération,Hors intersection,Pluie légère,Trois véhicules et plus - collisions multiples,3,2,2,0,2,2,2,0,1,80,,3,2,0,0,1,60.0,44.0,,,1,1,1,2,5
202100018648,2021-09-16 15:15:00,2021,9,16,15,15,11,11209,D118,42.95921,2.258291,Plein jour,En agglomération,Autre intersection,Normale,Sans collision,3,2,2,0,1,2,1,5,1,50,,2,1,0,1,0,66.0,58.0,,,1,2,9,1,7
202100018649,2021-09-17 02:30:00,2021,9,17,2,30,71,71120,5 Rue Victor Hugo,46.206781,4.337965,Nuit avec éclairage allumé,En agglomération,Hors intersection,Normale,Autre collision,4,1,1,0,2,1,1,0,1,50,,1,0,0,1,0,20.0,,,,5,2,1,1,6
202100018650,2021-09-16 18:50:00,2021,9,16,18,50,42,42234,Route de Sorbiers,45.5099208417,4.3954936802,Plein jour,Hors agglomération,Hors intersection,Pluie forte,Autre collision,7,2,2,0,1,1,2,0,8,70,,1,0,0,1,0,22.0,,,,1,1,1,3,6
202100018651,2021-09-17 13:45:00,2021,9,17,13,45,03,03093,22 Route du Bourg,46.1812,3.448704,Plein jour,En agglomération,Hors intersection,Normale,Autre collision,3,2,2,0,2,1,1,0,8,50,,1,0,0,1,0,17.0,,,,1,2,1,1,6
202100018652,2021-09-17 15:00:00,2021,9,17,15,0,54,54102,rue saint MARTIN,48.7055549362,5.8585774894,Plein jour,En agglomération,Hors intersection,Normale,Sans collision,3,2,2,0,1,1,1,0,3,50,,2,1,1,0,0,70.0,,,,1,2,1,1,7
202100018653,2021-09-16 17:45:00,2021,9,16,17,45,14,14726,Route du Brieu,48.880091,-0.824549,Plein jour,Hors agglomération,Hors intersection,Normale,Deux véhicules - côté,3,2,2,0,1,3,1,0,1,80,,2,1,0,0,1,35.0,44.0,,,1,1,1,1,3
202100018654,2021-09-16 23:30:00,2021,9,16,23,30,05,05139,chemin de l'enclus au vallon de corne,44.6618243193,5.9399618262,Nuit sans éclairage public,Hors agglomération,Hors intersection,Normale,Sans collision,3,2,2,0,2,4,1,0,1,80,,1,0,0,1,0,65.0,,,,3,1,1,1,7
202100018655,2021-09-17 09:15:00,2021,9,17,9,15,64,64094,RD 936 Route de Bayonne,43.478538,-1.188819,Plein jour,En agglomération,Hors intersection,Normale,Sans collision,3,2,2,0,1,1,1,0,1,50,,1,0,0,1,0,75.0,,,,1,2,1,1,7
202100018656,2021-09-16 17:20:00,2021,9,16,17,20,53,53097,20 Rue Pasteur,48.1498,-0.398544,Plein jour,En agglomération,Hors intersection,Normale,Deux véhicules - frontale,4,1,1,0,1,2,1,0,5,50,,2,1,0,1,0,20.0,16.0,,,1,2,1,1,1
202100018657,2021-09-15 22:00:00,2021,9,15,22,0,24,24520,Route de Tamniès,44.930825,1.201866,Nuit sans éclairage public,En agglomération,Hors intersection,Normale,Autre collision,9,2,2,0,1,2,1,0,3,80,,2,1,0,1,0,18.0,,,,3,2,1,1,6
202100018658,2021-09-17 14:00:00,2021,9,17,14,0,04,04144,RD 952,43.7807258429,6.3484676597,Plein jour,Hors agglomération,Hors intersection,Normale,Deux véhicules - frontale,3,2,2,0,2,1,1,0,1,80,,2,1,1,0,0,25.0,64.0,,,1,1,1,1,1
202100018659,2021-09-16 10:00:00,2021,9,16,10,0,30,30068,D982,44.0156721152,4.1072759628,Plein jour,Hors agglomération,Intersection en Y,Pluie légère,Deux véhicules - frontale,3,2,2,0,1,1,2,0,1,80,,2,0,0,1,1,76.0,19.0,,,1,1,4,2,1
202100018660,2021-09-16 20:22:00,2021,9,16,20,22,973,97307,route nationale 2,4.876137,-52.337236,Nuit sans éclairage public,Hors agglomération,Hors intersection,Normale,Deux véhicules - côté,2,2,2,0,1,1,1,0,1,70,,2,1,0,1,0,21.0,,,,3,1,1,1,3
202100018661,2021-09-16 15:40:00,2021,9,16,15,40,76,76489,N1029,49.464443,0.274572,Plein jour,Hors agglomération,Hors intersection,Normale,Deux véhicules - arrière,2,3,4,0,2,1,1,2,1,90,,3,1,0,0,2,68.0,35.0,,,1,1,1,1,2
202100018662,2021-09-16 15:15:00,2021,9,16,15,15,65,65272,A64- PK 152+800,43.197343,0.1949,Plein jour,Hors agglomération,Hors intersection,Pluie légère,Trois véhicules et plus - collisions multiples,1,1,2,0,2,1,2,0,2,130,,4,1,0,0,3,53.0,61.0,,,1,1,1,2,5
202100018663,2021-09-14 20:00:00,2021,9,14,20,0,78,78455,1allée du bon repos 78590,48.842869,2.071964,Nuit avec éclairage allumé,En agglomération,Hors intersection,Normale,Sans collision,4,2,2,0,2,1,1,0,1,30,,1,0,0,1,0,48.0,,,,5,2,1,1,7
202100018664,2021-09-17 16:05:00,2021,9,17,16,5,01,01099,AUTOROUTE A42 - PK 033+000 - SENS GENEVE/LYON,45.911645,5.246176,Plein jour,Hors agglomération,Hors intersection,Normale,Sans collision,1,3,4,0,1,1,1,0,3,130,,1,0,0,0,1,29.0,,,,1,1,1,1,7
202100018665,2021-09-13 19:15:00,2021,9,13,19,15,13,13025,A52,43.482071965,5.5586957932,Crépuscule ou aube,Hors agglomération,Hors intersection,Normale,Trois véhicules et plus - collisions multiples,1,4,3,0,1,1,1,3,1,70,,4,3,0,0,1,47.0,21.0,,,2,1,1,1,5
202100018666,2021-09-17 15:30:00,2021,9,17,15,30,38,38052,RD 1091,45.116813,5.984416,Plein jour,Hors agglomération,Hors intersection,Normale,Deux véhicules - côté,3,2,2,0,1,1,1,0,1,80,,2,0,0,1,1,62.0,38.0,,,1,1,1,1,3
202100018667,2021-09-12 21:20:00,2021,9,12,21,20,974,97418,Route Nationale 2,-20.898904,55.521984,Nuit avec éclairage allumé,Hors agglomération,Hors intersection,Pluie légère,Deux véhicules - arrière,2,1,2,0,1,1,2,0,1,110,,2,1,0,0,1,24.0,30.0,,,5,1,1,2,2
202100018668,2021-09-17 07:28:00,2021,9,17,7,28,13,13040,D96,43.448721,5.548328,Crépuscule ou aube,Hors agglomération,Hors intersection,Normale,Deux véhicules - frontale,7,2,2,0,2,3,1,2,1,70,,3,0,0,2,1,55.0,21.0,,,2,1,1,1,1
202100018669,2021-09-17 08:30:00,2021,9,17,8,30,33,33214,,44.948672,-1.006043,Plein jour,Hors agglomération,Hors intersection,Normale,Autre collision,3,2,2,0,1,1,1,0,3,80,,2,1,0,1,0,65.0,,,,1,1,1,1,6
202100018670,2021-09-17 12:30:00,2021,9,17,12,30,18,18207,Avenue Gabriel Dordain,46.992804,2.24606,Plein jour,En agglomération,Hors intersection,Normale,Autre collision,2,2,2,0,1,1,1,0,1,50,,2,1,0,1,0,29.0,,,,1,2,1,1,6
202100018671,2021-08-25 03:00:00,2021,8,25,3,0,18,18133,Rue Yves Lacelle,46.95596,2.253249,Nuit avec éclairage allumé,En agglomération,Hors intersection,Normale,Autre collision,3,2,2,0,1,2,1,0,4,50,,1,0,0,1,0,19.0,,,,5,2,1,1,6
202100018672,2021-09-13 16:50:00,2021,9,13,16,50,30,30253,La Cantonade,44.238132,4.114289,Plein jour,En agglomération,Intersection en T,Normale,Deux véhicules - côté,3,2,2,0,1,1,1,0,1,50,,4,3,0,0,1,29.0,16.0,,,1,2,3,1,3