accident_id,datetime,annee,mois,jour,heure,minute,departement,commune_insee,adresse,latitude,longitude,luminosite,agglomeration,intersection,meteo,collision,catr,circ,nbv,vosp,prof,plan,surf,infra,situ,vma,nb_vehicules,nb_usagers,nb_indemnes,nb_tues,nb_blesses_hosp,nb_blesses_legers,age_cond_1,age_cond_2,veh_type_cond_1,veh_type_cond_2,lum_code,agg_code,int_code,atm_code,col_code
202100018673,2021-09-17 16:00:00,2021,9,17,16,0,34,34199,Avenue Paul Vidal de la Blache,43.458032,3.414313,Plein jour,En agglomération,Hors intersection,Normale,Autre collision,3,1,1,0,1,1,1,0,1,30,,3,2,0,0,1,16.0,,,,1,2,1,1,6
202100018674,2021-09-17 19:00:00,2021,9,17,19,0,83,83065,D98,43.263948,6.618791,Plein jour,Hors agglomération,Hors intersection,Normale,Deux véhicules - frontale,3,2,2,1,1,2,1,0,1,70,,2,0,1,1,0,48.0,60.0,,,1,1,1,1,1
202100018675,2021-09-17 08:30:00,2021,9,17,8,30,83,83115,rd 559,43.328335,6.667183,Plein jour,En agglomération,Hors intersection,Normale,Deux véhicules - côté,3,2,2,0,1,1,1,0,1,70,,2,1,0,1,0,30.0,26.0,,,1,2,1,1,3
202100018676,2021-09-17 15:24:00,2021,9,17,15,24,04,04171,RD 952,43.790897,6.424309,Plein jour,Hors agglomération,Hors intersection,Normale,Sans collision,3,2,2,0,1,3,1,0,1,80,,1,0,0,0,1,32.0,,,,1,1,1,1,7
202100018677,2021-09-16 16:15:00,2021,9,16,16,15,89,89083,D31,47.844713,3.490246,Plein jour,Hors agglomération,Intersection en X,Normale,Deux véhicules - côté,3,2,2,0,1,2,1,0,1,70,,2,1,0,0,1,64.0,26.0,,,1,1,2,1,3
202100018678,2021-09-16 11:10:00,2021,9,16,11,10,68,68298,56 Rue Saint Louis,48.244739,7.182983,Plein jour,En agglomération,Hors intersection,Temps couvert,Autre collision,4,1,1,0,1,1,2,0,1,30,,2,1,0,0,1,50.0,,,,1,2,1,8,6
202100018679,2021-09-16 20:19:00,2021,9,16,20,19,54,54472,D99,48.5586876172,6.6114091875,Nuit sans éclairage public,Hors agglomération,Hors intersection,Normale,Sans collision,3,2,2,0,1,2,2,0,3,80,,2,1,0,1,0,25.0,,,,3,1,1,1,7
202100018680,2021-09-17 16:45:00,2021,9,17,16,45,01,01262,Route de Meximieux,45.92377,5.011016,Plein jour,Hors agglomération,Intersection en X,Normale,Deux véhicules - côté,3,2,2,0,1,1,1,0,1,80,,6,2,0,0,4,21.0,20.0,,,1,1,2,1,3
202100018681,2021-09-17 16:25:00,2021,9,17,16,25,81,81283,D21,43.933523,1.956065,Plein jour,Hors agglomération,Hors intersection,Normale,Deux véhicules - arrière,3,-1,2,0,1,1,1,0,1,80,,2,1,0,0,1,66.0,54.0,,,1,1,1,1,2
202100018682,2021-09-17 10:35:00,2021,9,17,10,35,86,86137,RD61c,47.001812,0.10069,Plein jour,Hors agglomération,Intersection en X,Normale,Deux véhicules - frontale,3,2,2,0,1,1,1,5,1,80,,2,0,0,2,0,79.0,93.0,,,1,1,2,1,1
202100018683,2021-08-27 15:35:00,2021,8,27,15,35,24,24558,Le Cingle,44.887438,0.814276,Plein jour,Hors agglomération,Hors intersection,Normale,Deux véhicules - frontale,3,2,2,0,3,3,1,0,1,80,,2,1,0,1,0,47.0,23.0,,,1,1,1,1,1
202100018684,2021-07-11 05:00:00,2021,7,11,5,0,33,33080,Chemin du Port des Places,44.73209,-0.511224,Nuit sans éclairage public,En agglomération,Hors intersection,Normale,Autre collision,4,2,2,0,1,2,1,0,3,-1,,2,1,0,1,0,24.0,,,,3,2,1,1,6
202100018685,2021-09-14 06:50:00,2021,9,14,6,50,33,33056,Avenue du Général de Gaulle,44.927101,-0.634962,Nuit avec éclairage allumé,En agglomération,Autre intersection,Normale,Deux véhicules - côté,4,2,2,1,1,1,1,0,1,50,,2,1,0,1,0,50.0,24.0,,,5,2,9,1,3
202100018686,2021-08-19 11:30:00,2021,8,19,11,30,49,49201,Route du Port Saint Maur,47.394151,-0.276659,Plein jour,En agglomération,Autre intersection,Normale,Sans collision,4,2,2,0,2,1,1,9,8,50,,1,0,1,0,0,82.0,,,,1,2,9,1,7
202100018687,2021-09-13 09:30:00,2021,9,13,9,30,50,50099,Saint Quentin (Carentan),49.273877,-1.270981,Plein jour,Hors agglomération,Hors intersection,Normale,Sans collision,4,2,1,0,1,2,1,0,3,-1,,1,0,0,0,1,50.0,,,,1,1,1,1,7
202100018688,2021-09-17 16:15:00,2021,9,17,16,15,35,35066,D34,48.040753,-1.691666,Plein jour,Hors agglomération,Hors intersection,Normale,Deux véhicules - frontale,7,2,2,0,1,3,1,0,1,80,,2,1,0,1,0,52.0,21.0,,,1,1,1,1,1
202100018689,2021-09-17 15:18:00,2021,9,17,15,18,02,02574,RD 963,49.887183,4.023356,Plein jour,Hors agglomération,Intersection en X,Temps éblouissant,Deux véhicules - côté,3,2,2,0,1,1,1,0,1,80,,3,1,1,0,1,77.0,21.0,,,1,1,2,7,3
202100018690,2021-09-16 23:55:00,2021,9,16,23,55,62,62865,RD 950,50.333936,2.958471,Nuit sans éclairage public,Hors agglomération,Hors intersection,Normale,Autre collision,3,2,2,0,1,1,1,0,1,110,,2,1,1,0,0,30.0,,,,3,1,1,1,6
202100018691,2021-09-15 07:15:00,2021,9,15,7,15,59,59011,rue Salengro,50.531257,2.941182,Plein jour,En agglomération,Intersection en T,Normale,Deux véhicules - frontale,7,2,2,0,1,1,1,0,1,50,,3,1,0,0,2,60.0,56.0,,,1,2,3,1,1
202100018692,2021-09-12 07:31:00,2021,9,12,7,31,13,13071,A55 - Sens Marseille vers Martigues,43.39926,5.2962,Plein jour,Hors agglomération,Hors intersection,Normale,Deux véhicules - frontale,1,1,2,0,1,2,1,0,1,90,,3,0,0,0,3,26.0,,,,1,1,1,1,1
202100018693,2021-09-11 18:45:00,2021,9,11,18,45,13,13211,A50-Sens Aubagne vers Marseille,43.28635,5.42723,Plein jour,En agglomération,Hors intersection,Normale,Deux véhicules - arrière,1,3,4,0,1,1,1,0,1,70,,2,1,0,0,1,64.0,21.0,,,1,2,1,1,2
202100018694,2021-09-15 08:20:00,2021,9,15,8,20,13,13055,A507 sens Marseille - Aubagne,43.28971,5.4244,Plein jour,Hors agglomération,Hors intersection,Normale,Trois véhicules et plus - en chaîne,1,1,3,0,1,1,1,1,1,70,,3,1,0,0,2,,54.0,,,1,1,1,1,4
202100018695,2021-09-15 22:15:00,2021,9,15,22,15,13,13071,A55-Sens Martigues vers Marseille,43.38599,5.30914,Nuit sans éclairage public,Hors agglomération,Hors intersection,Normale,Autre collision,1,1,3,0,4,1,1,0,3,110,,2,1,0,0,1,28.0,,,,3,1,1,1,6
202100018696,2021-09-10 16:40:00,2021,9,10,16,40,13,13055,A507 sens Marseille - Aubagne,43.30002,5.42461,Plein jour,Hors agglomération,Hors intersection,Normale,Deux véhicules - arrière,1,3,4,0,2,1,1,1,1,70,,2,1,0,0,1,32.0,37.0,,,1,1,1,1,2
202100018697,2021-09-16 05:36:00,2021,9,16,5,36,01,01248,A46N   14.305 A 17.210,45.88091,4.89808,Nuit sans éclairage public,Hors agglomération,Autre intersection,Pluie légère,Autre collision,1,1,3,0,1,1,2,0,1,130,,2,1,0,0,1,39.0,,,,3,1,9,2,6
202100018698,2021-09-16 21:01:00,2021,9,16,21,1,91,91687,AUTOROUTE A6,48.66153,2.36968,Nuit sans éclairage public,Hors agglomération,Hors intersection,Normale,Deux véhicules - arrière,1,1,2,0,2,1,1,0,1,50,,2,1,0,0,1,48.0,51.0,,,3,1,1,1,2
202100018699,2021-09-16 09:05:00,2021,9,16,9,5,91,91521,RN 441,48.63764,2.39812,Plein jour,Hors agglomération,Hors intersection,Normale,Trois véhicules et plus - en chaîne,2,-1,0,0,1,1,1,3,1,90,,3,2,0,0,1,50.0,87.0,,,1,1,1,1,4
202100018700,2021-09-15 18:05:00,2021,9,15,18,5,94,94021,AUTOROUTE A6B,48.75971,2.33846,Plein jour,Hors agglomération,Hors intersection,Normale,Deux véhicules - côté,1,1,2,0,1,1,2,0,1,110,,2,1,0,0,1,28.0,55.0,,,1,1,1,1,3
202100018701,2021-09-15 16:00:00,2021,9,15,16,0,94,94003,AUTOROUTE A6A,48.80753,2.34079,Plein jour,Hors agglomération,Hors intersection,Pluie forte,Trois véhicules et plus - en chaîne,1,1,3,0,2,1,2,0,1,70,,4,3,0,0,1,36.0,26.0,,,1,1,1,3,4
202100018702,2021-09-16 10:05:00,2021,9,16,10,5,92,92036,A86,48.9359519994,2.2870560883,Plein jour,Hors agglomération,Hors intersection,Normale,Deux véhicules - côté,1,3,4,0,1,1,1,0,1,90,,2,1,0,1,0,35.0,54.0,,,1,1,1,1,3
202100018703,2021-09-16 09:20:00,2021,9,16,9,20,78,78640,A86 INT,48.78077,2.17828,Plein jour,Hors agglomération,Hors intersection,Normale,Deux véhicules - arrière,1,3,4,0,1,1,1,3,1,110,,4,3,0,0,1,30.0,25.0,,,1,1,1,1,2
202100018704,2021-09-15 19:30:00,2021,9,15,19,30,92,92050,A86,48.9050775731,2.2089573741,Nuit avec éclairage allumé,Hors agglomération,Hors intersection,Temps couvert,Deux véhicules - côté,1,1,4,0,1,1,2,0,1,70,,2,1,0,0,1,34.0,,,,5,1,1,8,3
202100018705,2021-09-16 12:50:00,2021,9,16,12,50,93,93066,AUTOROUTE A86,48.9219293849,2.3630047717,Plein jour,Hors agglomération,Hors intersection,Normale,Autre collision,1,3,8,0,1,1,1,0,1,90,,1,0,0,0,1,33.0,,,,1,1,1,1,6
202100018706,2021-09-16 13:00:00,2021,9,16,13,0,93,93027,AUTOROUTE A1,48.9353079174,2.4023287771,Plein jour,Hors agglomération,Hors intersection,Normale,Deux véhicules - arrière,1,3,3,0,1,1,1,0,1,90,,3,2,0,0,1,24.0,23.0,,,1,1,1,1,2
202100018707,2021-09-16 09:30:00,2021,9,16,9,30,93,93005,AUTOROUTE A1,48.962895,2.47053,Plein jour,Hors agglomération,Hors intersection,Normale,Deux véhicules - côté,1,3,2,0,1,1,1,0,1,90,,2,1,0,0,1,25.0,35.0,,,1,1,1,1,3
202100018708,2021-09-16 09:15:00,2021,9,16,9,15,93,93066,AUTOROUTE A1,48.9075182389,2.358505508,Plein jour,Hors agglomération,Hors intersection,Normale,Deux véhicules - côté,1,1,9,0,1,1,1,0,1,50,,2,1,0,0,1,33.0,34.0,,,1,1,1,1,3
202100018709,2021-09-16 09:30:00,2021,9,16,9,30,77,77468,A104,48.85092,2.66146,Plein jour,Hors agglomération,Hors intersection,Normale,Deux véhicules - arrière,1,-1,6,0,3,2,1,0,1,90,,2,1,0,0,1,19.0,31.0,,,1,1,1,1,2
202100018710,2021-09-16 09:05:00,2021,9,16,9,5,77,77294,A104,48.96369,2.6119,Plein jour,Hors agglomération,Hors intersection,Normale,Trois véhicules et plus - en chaîne,1,3,4,0,1,1,1,0,1,90,,3,2,0,0,1,21.0,46.0,,,1,1,1,1,4
202100018711,2021-09-16 08:45:00,2021,9,16,8,45,77,77258,A4.W,48.83026,2.63344,Plein jour,Hors agglomération,Hors intersection,Normale,Deux véhicules - arrière,1,-1,5,0,1,1,1,0,1,110,,2,1,0,0,1,49.0,53.0,,,1,1,1,1,2
202100018712,2021-09-15 23:03:00,2021,9,15,23,3,75,75112,A4,48.818253,2.456283,Nuit avec éclairage allumé,Hors agglomération,Hors intersection,Normale,Deux véhicules - côté,1,1,5,0,1,1,1,0,1,90,,2,1,0,0,1,59.0,25.0,,,5,1,1,1,3
202100018713,2021-09-15 14:07:00,2021,9,15,14,7,77,77083,A4.W,48.8315755498,2.602964843,Plein jour,Hors agglomération,Hors intersection,Pluie légère,Deux véhicules - arrière,1,3,3,0,1,1,2,0,1,110,,2,1,0,0,1,51.0,39.0,,,1,1,1,2,2
202100018714,2021-09-15 14:25:00,2021,9,15,14,25,94,94017,A4,48.8284416936,2.5027316394,Plein jour,Hors agglomération,Hors intersection,Pluie forte,Deux véhicules - arrière,1,3,9,0,1,1,2,1,1,90,,2,1,0,0,1,53.0,24.0,,,1,1,1,3,2
202100018715,2021-09-15 12:55:00,2021,9,15,12,55,77,77337,RN104,48.8290209708,2.6186505189,Plein jour,Hors agglomération,Hors intersection,Pluie forte,Autre collision,2,-1,2,0,1,3,2,0,1,70,,2,1,0,0,1,19.0,,,,1,1,1,3,6
202100018716,2021-09-15 08:45:00,2021,9,15,8,45,94,94017,A4,48.82996,2.4857,Plein jour,Hors agglomération,Hors intersection,Pluie légère,Trois véhicules et plus - en chaîne,1,-1,3,0,1,1,2,0,1,90,,3,1,0,0,2,34.0,40.0,,,1,1,1,2,4
202100018717,2021-09-15 08:30:00,2021,9,15,8,30,77,77373,RN104,48.7627007223,2.616012618,Plein jour,Hors agglomération,Hors intersection,Temps couvert,Deux véhicules - arrière,2,-1,0,0,1,2,2,0,1,110,,2,1,0,0,1,37.0,31.0,,,1,1,1,8,2
202100018718,2021-08-24 15:00:00,2021,8,24,15,0,34,34003,Route de Rochelongue,43.27871,3.48119,Plein jour,En agglomération,Hors intersection,Normale,Deux véhicules - côté,4,2,1,1,1,1,1,0,1,50,,2,1,0,1,0,40.0,74.0,,,1,2,1,1,3
202100018719,2021-09-11 17:20:00,2021,9,11,17,20,89,89387,VOULX (ROUTE DE),48.20429,3.2649,Plein jour,En agglomération,Hors intersection,Normale,Autre collision,6,-1,0,0,1,1,1,9,8,30,,2,1,0,1,0,,,,,1,2,1,1,6
202100018720,2021-09-15 15:45:00,2021,9,15,15,45,72,72181,SAINT MICHEL (PL),48.00926,0.19805,Plein jour,En agglomération,Place,Normale,Autre collision,4,2,2,0,1,3,1,0,1,30,,2,1,0,0,1,59.0,,,,1,2,7,1,6
202100018721,2021-09-14 17:25:00,2021,9,14,17,25,13,13019,D543,43.42269,5.36757,Plein jour,En agglomération,Hors intersection,Normale,Trois véhicules et plus - collisions multiples,7,2,2,0,2,3,1,0,1,50,,3,2,0,0,1,49.0,,,,1,2,1,1,5
202100018722,2021-09-15 15:00:00,2021,9,15,15,0,94,94058,Boulevard d’Alsace-Lorraine,48.85095,2.50462,Plein jour,En agglomération,Hors intersection,Pluie forte,Deux véhicules - arrière,3,3,4,3,2,1,2,0,6,50,,2,1,0,0,1,23.0,29.0,,,1,2,1,3,2
202100018723,2021-09-14 23:45:00,2021,9,14,23,45,94,94073,VERSAILLES (AV DE),48.76126,2.40307,Nuit avec éclairage allumé,En agglomération,Intersection en X,Pluie légère,Deux véhicules - frontale,3,1,2,0,1,1,2,0,1,50,,2,1,0,0,1,34.0,,,,5,2,2,2,1
202100018724,2021-07-09 16:25:00,2021,7,9,16,25,62,62498,BETHUNE (RTE DE),50.44359,2.80202,Plein jour,En agglomération,Hors intersection,Normale,Deux véhicules - côté,4,2,3,0,1,1,1,0,1,50,,2,1,0,1,0,54.0,21.0,,,1,2,1,1,3
202100018725,2021-06-22 16:42:00,2021,6,22,16,42,19,19275,CARNOT (AVENUE) N° IMPAIRS,45.5504567168,2.3126047983,Plein jour,En agglomération,Autre intersection,Normale,Autre collision,3,1,1,0,2,2,1,9,8,50,,2,1,0,1,0,18.0,,,,1,2,9,1,6
202100018726,2021-05-03 18:50:00,2021,5,3,18,50,35,35123,le breil,48.010439,-1.893811,Plein jour,Hors agglomération,Intersection en X,Normale,Deux véhicules - côté,4,2,2,0,1,1,1,0,3,80,,2,1,0,0,1,63.0,27.0,,,1,1,2,1,3
202100018727,2021-09-15 17:40:00,2021,9,15,17,40,974,97411,JAURES (BOULEVARD JEAN),-20.90222,55.50248,Crépuscule ou aube,En agglomération,Hors intersection,Normale,Autre collision,2,3,1,0,1,1,1,9,1,70,,2,1,0,0,1,20.0,,,,2,2,1,1,6
202100018728,2021-09-15 15:15:00,2021,9,15,15,15,974,97411,JAURES (BOULEVARD JEAN),-20.90055,55.49572,Plein jour,En agglomération,Hors intersection,Normale,Deux véhicules - côté,2,3,0,0,1,1,1,0,1,70,,3,1,0,0,2,43.0,64.0,,,1,2,1,1,3
202100018729,2021-09-15 12:50:00,2021,9,15,12,50,974,97411,GUYON (FELIX),-20.88068,55.4523,Plein jour,En agglomération,Intersection en X,Normale,Deux véhicules - côté,4,2,0,0,1,1,1,0,1,30,,5,4,0,0,1,52.0,56.0,,,1,2,2,1,3
202100018730,2021-09-15 14:50:00,2021,9,15,14,50,69,69266,FRANCOIS GILLET (R),45.7596328462,4.8752582073,Plein jour,En agglomération,Hors intersection,Normale,Deux véhicules - frontale,4,2,2,0,1,1,1,0,1,30,,4,1,0,0,3,34.0,51.0,,,1,2,1,1,1
202100018731,2021-09-15 15:45:00,2021,9,15,15,45,69,69387,GARIBALDI (R),45.74824,4.85244,Plein jour,En agglomération,Intersection en X,Normale,Deux véhicules - côté,4,1,3,3,1,1,1,0,1,50,,2,1,0,0,1,45.0,29.0,,,1,2,2,1,3
202100018732,2021-09-15 11:30:00,2021,9,15,11,30,69,69259,FERNAND PELLOUTIER (R),45.6895243437,4.9011415246,Plein jour,En agglomération,Intersection en X,Normale,Deux véhicules - côté,4,2,2,0,1,1,1,0,1,50,,2,1,1,0,0,21.0,58.0,,,1,2,2,1,3
202100018733,2021-09-14 09:25:00,2021,9,14,9,25,69,69384,JACQUES-LOUIS HENON (R),45.77958,4.82737,Plein jour,En agglomération,Intersection en X,Normale,Deux véhicules - côté,4,2,2,0,1,1,1,9,1,30,,2,1,0,1,0,27.0,24.0,,,1,2,2,1,3
202100018734,2021-09-15 16:50:00,2021,9,15,16,50,91,91432,RUE GUSTAVE EIFFEL,48.700952,2.334739,Plein jour,En agglomération,Intersection en X,Temps couvert,Deux véhicules - côté,4,2,2,0,1,1,2,0,1,50,,2,1,0,0,1,75.0,35.0,,,1,2,2,8,3
202100018735,2021-09-15 12:40:00,2021,9,15,12,40,91,91687,VICTOR BASCH (RUE),48.682711,2.380394,Plein jour,En agglomération,Hors intersection,Pluie légère,Sans collision,3,2,1,0,1,2,2,0,1,50,,1,0,0,0,1,27.0,,,,1,2,1,2,7
202100018736,2021-09-14 19:30:00,2021,9,14,19,30,89,89387,PONT NEUF (BOULEVARD DU),48.2033,3.2682,Crépuscule ou aube,En agglomération,Intersection en T,Pluie légère,Deux véhicules - arrière,3,2,3,0,1,1,2,5,1,50,,2,1,0,1,0,58.0,25.0,,,2,2,3,2,2
202100018737,2021-09-08 10:05:00,2021,9,8,10,5,85,85194,POILU DE FRANCE (PLACE DU),46.49694,-1.78321,Plein jour,En agglomération,Hors intersection,Normale,Autre collision,4,2,2,0,1,1,1,0,1,30,,2,1,0,1,0,69.0,,,,1,2,1,1,6
202100018738,2021-09-07 15:45:00,2021,9,7,15,45,85,85194,SABLES (RUE DES),46.532639,-1.773857,Plein jour,En agglomération,Intersection en T,Normale,Deux véhicules - frontale,4,-1,2,0,1,1,1,0,1,50,,2,1,0,1,0,42.0,47.0,,,1,2,3,1,1
202100018739,2021-09-14 16:50:00,2021,9,14,16,50,83,83069,PETIT (ROND POINT HENRI),43.113177,6.124128,Plein jour,En agglomération,Giratoire,Normale,Deux véhicules - côté,7,1,2,0,1,1,1,0,1,90,,3,2,0,0,1,52.0,30.0,,,1,2,6,1,3
202100018740,2021-09-15 15:30:00,2021,9,15,15,30,78,78481,PIERRE BROSSOLETTE (BOULEVARD),48.89524,2.10598,Plein jour,En agglomération,Hors intersection,Pluie légère,Autre collision,3,2,2,0,1,3,2,0,1,50,,2,1,0,0,1,32.0,,,,1,2,1,2,6
202100018741,2021-09-14 22:30:00,2021,9,14,22,30,78,78362,ROUTE DE HOUDAN,48.979428,1.71506,Plein jour,En agglomération,Hors intersection,Normale,Deux véhicules - côté,4,2,2,0,1,1,1,0,1,50,,3,2,0,1,0,19.0,23.0,,,1,2,1,1,3
202100018742,2021-09-14 23:00:00,2021,9,14,23,0,76,76351,REPUBLIQUE (COURS DE LA),49.49593,0.12625,Nuit avec éclairage allumé,En agglomération,Hors intersection,Pluie légère,Autre collision,4,2,4,1,1,1,2,0,4,50,,2,1,0,0,1,,,,,5,2,1,2,6
202100018743,2021-09-14 06:20:00,2021,9,14,6,20,76,76351,LENINGRAD (BD DE),49.50005,0.17246,Nuit avec éclairage allumé,En agglomération,Hors intersection,Pluie légère,Autre collision,4,3,4,0,1,1,2,0,4,50,,1,0,0,1,0,30.0,,,,5,2,1,2,6
202100018744,2021-09-15 21:05:00,2021,9,15,21,5,73,73087,D1006 LYON (ROUTE DE),45.55889,5.89605,Nuit avec éclairage allumé,En agglomération,Giratoire,Pluie légère,Deux véhicules - arrière,3,1,2,0,1,3,2,0,1,50,,2,1,0,0,1,21.0,31.0,,,5,2,6,2,2
202100018745,2021-09-15 13:25:00,2021,9,15,13,25,73,73065,AV BASSENS POINCARRE RAYMOND (QUAI),45.56703,5.92973,Plein jour,En agglomération,Intersection en X,Normale,Deux véhicules - côté,4,2,2,0,2,1,1,0,1,50,,2,1,0,0,1,22.0,,,,1,2,2,1,3
202100018746,2021-09-10 13:40:00,2021,9,10,13,40,71,71486,RD 974,46.64549,4.3358,Plein jour,En agglomération,Hors intersection,Normale,Sans collision,3,2,2,0,1,3,1,0,1,50,,1,0,0,0,1,58.0,,,,1,2,1,1,7
202100018747,2021-09-15 10:50:00,2021,9,15,10,50,71,71153,PRESIDENT WILSON (RUE DU),46.79635,4.42928,Plein jour,En agglomération,Intersection en X,Temps couvert,Deux véhicules - frontale,4,2,2,0,1,1,1,5,1,50,,2,1,0,0,1,34.0,41.0,,,1,2,2,8,1
202100018748,2021-09-15 17:05:00,2021,9,15,17,5,69,69275,FRANKLIN ROOSEVELT (AV),45.76127,4.93701,Plein jour,En agglomération,Hors intersection,Pluie légère,Deux véhicules - côté,7,2,2,2,1,1,2,0,1,50,,2,1,0,0,1,42.0,30.0,,,1,2,1,2,3
202100018749,2021-09-15 12:20:00,2021,9,15,12,20,69,69266,MICHEL DUPEUPLE (R),45.77492,4.8885,Plein jour,En agglomération,Giratoire,Normale,Deux véhicules - côté,4,2,2,0,1,1,1,0,1,50,,2,1,0,0,1,22.0,29.0,,,1,2,6,1,3
202100018750,2021-09-15 20:45:00,2021,9,15,20,45,69,69264,BELLEROCHE (DE) (R),45.98258,4.709,Nuit avec éclairage allumé,En agglomération,Giratoire,Pluie légère,Autre collision,4,2,2,0,4,1,2,0,4,50,,1,0,0,0,1,43.0,,,,5,2,6,2,6
202100018751,2021-09-11 13:20:00,2021,9,11,13,20,69,69091,SUEL (DU) (R),45.5821530627,4.7718746717,Plein jour,En agglomération,Hors intersection,Normale,Deux véhicules - frontale,4,2,2,0,2,1,1,0,1,50,,2,1,0,0,1,48.0,8.0,,,1,2,1,1,1
202100018752,2021-09-15 09:45:00,2021,9,15,9,45,64,64348,CHANOINE DUBARAT DU,43.3229451099,-0.379369691,Plein jour,En agglomération,Intersection en T,Normale,Deux véhicules - côté,4,2,2,2,1,1,1,0,1,50,,2,1,0,0,1,84.0,34.0,,,1,2,3,1,3
202100018753,2021-09-15 05:25:00,2021,9,15,5,25,64,64122,GAMBETTA (RUE),43.47925,-1.56426,Nuit avec éclairage allumé,En agglomération,Hors intersection,Normale,Sans collision,4,1,1,0,2,1,1,0,1,30,,1,0,0,0,1,22.0,,,,5,2,1,1,7
202100018754,2021-09-15 15:15:00,2021,9,15,15,15,64,64024,BAYONNE (AVENUE DE),43.48181,-1.5097,Plein jour,En agglomération,Hors intersection,Normale,Deux véhicules - côté,3,2,3,0,1,1,1,5,1,50,,2,1,0,0,1,15.0,63.0,,,1,2,1,1,3
202100018755,2021-09-15 08:09:00,2021,9,15,8,9,63,63164,CHARMES (CAR DES),45.81598,3.15242,Plein jour,En agglomération,Hors intersection,Normale,Deux véhicules - frontale,7,2,2,0,1,1,2,0,1,50,,3,2,0,0,1,39.0,37.0,,,1,2,1,1,1
202100018756,2021-09-14 11:00:00,2021,9,14,11,0,62,62193,VOLTAIRE,50.9536,1.86585,Plein jour,En agglomération,Intersection en X,Normale,Deux véhicules - côté,4,2,4,0,1,1,1,0,1,50,,2,1,0,0,1,20.0,75.0,,,1,2,2,1,3
202100018757,2021-09-11 18:10:00,2021,9,11,18,10,61,61006,SEES (ROUTE DE),48.724335,-0.013129,Plein jour,En agglomération,Intersection en T,Normale,Deux véhicules - arrière,3,2,2,0,1,1,1,0,1,50,,2,1,0,1,0,26.0,36.0,,,1,2,3,1,2
202100018758,2021-09-13 14:00:00,2021,9,13,14,0,59,59033,GABRIEL PERI (IMPASSE),50.19795,3.84042,Plein jour,En agglomération,Hors intersection,Normale,Deux véhicules - frontale,4,2,1,0,1,3,1,0,1,50,,3,1,0,0,2,15.0,38.0,,,1,2,1,1,1
202100018759,2021-09-14 13:37:00,2021,9,14,13,37,51,51454,Rue Courmeaux,49.2570327423,4.0358363853,Plein jour,En agglomération,Intersection en X,Temps couvert,Deux véhicules - côté,4,1,1,0,1,1,2,0,1,30,,2,1,0,0,1,53.0,35.0,,,1,2,2,8,3
202100018760,2021-09-10 21:51:00,2021,9,10,21,51,49,49007,BEDIER BOULEVARD,47.45061,-0.5528,Nuit avec éclairage allumé,En agglomération,Intersection en X,Normale,Deux véhicules - côté,4,3,4,0,1,1,1,0,1,50,,2,1,0,0,1,18.0,36.0,,,5,2,2,1,3
202100018761,2021-09-15 07:05:00,2021,9,15,7,5,45,45234,Boulevard Guy - Marie Riobe,47.91288,1.91242,Crépuscule ou aube,En agglomération,Intersection en X,Normale,Deux véhicules - côté,4,2,2,0,1,1,2,5,1,50,,2,1,0,0,1,34.0,60.0,,,2,2,2,1,3
202100018762,2021-09-15 06:50:00,2021,9,15,6,50,44,44162,RUE DU SOUVENIR FRANCAIS,47.2099317804,-1.6289056296,Nuit avec éclairage allumé,En agglomération,Giratoire,Normale,Deux véhicules - frontale,4,1,0,0,1,4,1,0,1,50,,2,1,0,0,1,56.0,47.0,,,5,2,6,1,1
202100018763,2021-09-11 19:35:00,2021,9,11,19,35,43,43157,10 Rue de Vienne,45.045887,3.888091,Plein jour,En agglomération,Hors intersection,Normale,Sans collision,4,1,1,0,2,1,1,0,1,50,,1,0,0,1,0,29.0,,,,1,2,1,1,7
202100018764,2021-09-14 18:55:00,2021,9,14,18,55,38,38185,LYAUTEY (BOULEVARD MAL),45.18535,5.73173,Plein jour,En agglomération,Hors intersection,Normale,Deux véhicules - côté,7,2,4,1,1,1,1,0,1,30,,2,1,0,0,1,19.0,27.0,,,1,2,1,1,3
202100018765,2021-09-14 23:00:00,2021,9,14,23,0,38,38185,JOSEPH REY (RUE),45.18534,5.73187,Nuit sans éclairage public,En agglomération,Intersection en X,Normale,Deux véhicules - côté,7,1,2,1,1,1,1,0,1,50,,3,1,0,0,2,22.0,46.0,,,3,2,2,1,3
202100018766,2021-09-14 18:20:00,2021,9,14,18,20,37,37214,DE GAULLE (BD CHARLES),47.4177125509,0.6655223072,Plein jour,En agglomération,Hors intersection,Pluie forte,Sans collision,4,2,5,1,1,1,3,0,5,50,,1,0,0,0,1,16.0,,,,1,2,1,3,7
202100018767,2021-09-14 17:25:00,2021,9,14,17,25,37,37208,PIERRES PLATES (RUE DES),47.356800807,0.7348491758,Plein jour,En agglomération,Hors intersection,Pluie légère,Autre collision,4,2,2,1,1,1,2,0,5,50,,2,1,0,0,1,24.0,,,,1,2,1,2,6
202100018768,2021-09-15 22:05:00,2021,9,15,22,5,35,35238,LIBERTE (BD DE LA),48.1074288005,-1.6753225029,Nuit avec éclairage allumé,En agglomération,Hors intersection,Normale,Deux véhicules - arrière,4,3,4,2,1,1,1,0,1,30,,3,2,0,0,1,50.0,30.0,,,5,2,1,1,2
202100018769,2021-09-15 18:00:00,2021,9,15,18,0,35,35238,RN136,48.092048,-1.626963,Plein jour,Hors agglomération,Hors intersection,Normale,Deux véhicules - arrière,2,3,4,0,1,1,1,0,1,90,,2,1,0,1,0,40.0,17.0,,,1,1,1,1,2