accident_id,datetime,annee,mois,jour,heure,minute,departement,commune_insee,adresse,latitude,longitude,luminosite,agglomeration,intersection,meteo,collision,catr,circ,nbv,vosp,prof,plan,surf,infra,situ,vma,nb_vehicules,nb_usagers,nb_indemnes,nb_tues,nb_blesses_hosp,nb_blesses_legers,age_cond_1,age_cond_2,veh_type_cond_1,veh_type_cond_2,lum_code,agg_code,int_code,atm_code,col_code
202100018770,2021-09-15 15:55:00,2021,9,15,15,55,35,35238,ALBERT 1ER (BD),48.08995,-1.68839,Plein jour,En agglomération,Hors intersection,Normale,Deux véhicules - arrière,4,1,1,1,1,1,1,0,1,50,,3,2,0,0,1,52.0,27.0,,,1,2,1,1,2
202100018771,2021-09-15 08:30:00,2021,9,15,8,30,35,35055,RD 173,48.07781,-1.6324,Plein jour,Hors agglomération,Giratoire,Normale,Deux véhicules - côté,7,3,4,0,1,1,1,5,1,50,,2,1,0,0,1,27.0,58.0,,,1,1,6,1,3
202100018772,2021-09-15 09:05:00,2021,9,15,9,5,35,35238,LOGES (RUE DUPONT DES),48.10867,-1.669,Plein jour,En agglomération,Hors intersection,Normale,Autre collision,4,1,0,0,1,1,1,0,1,50,,1,0,0,0,1,59.0,,,,1,2,1,1,6
202100018773,2021-09-14 15:25:00,2021,9,14,15,25,34,34172,TOULOUSE (AVENUE DE,43.59503,3.86163,Plein jour,En agglomération,Hors intersection,Normale,Deux véhicules - arrière,4,-1,3,0,2,1,1,0,1,50,,2,1,0,1,0,48.0,53.0,,,1,2,1,1,2
202100018774,2021-09-14 18:20:00,2021,9,14,18,20,34,34032,FAURE EDGARD (RD.POINT),43.36019,3.25005,Plein jour,Hors agglomération,Hors intersection,Temps couvert,Sans collision,3,1,1,0,2,3,8,3,1,50,,1,0,0,1,0,47.0,,,,1,1,1,8,7
202100018775,2021-08-10 07:42:00,2021,8,10,7,42,34,34003,D 912 VIAS (ROUTE DE),43.31446,3.45904,Plein jour,Hors agglomération,Intersection en T,Normale,Deux véhicules - côté,3,2,2,0,1,1,1,0,1,80,,2,1,0,1,0,47.0,47.0,,,1,1,3,1,3
202100018776,2021-09-15 13:10:00,2021,9,15,13,10,33,33529,RD 1250 (Camicas - Sortie Dune),44.64662,-1.15833,Plein jour,Hors agglomération,Autre intersection,Normale,Deux véhicules - côté,3,2,1,0,1,1,1,0,1,50,,2,1,0,0,1,70.0,16.0,,,1,1,9,1,3
202100018777,2021-09-15 14:15:00,2021,9,15,14,15,31,31069,ARAGON (MAIL LOUIS),43.64433,1.37857,Plein jour,En agglomération,Hors intersection,Normale,Autre collision,4,1,1,0,1,3,1,9,1,50,,1,0,0,0,1,23.0,,,,1,2,1,1,6
202100018778,2021-09-10 04:45:00,2021,9,10,4,45,24,24557,GRANDOU (AVENUE MICHEL),45.19038,0.74122,Nuit avec éclairage allumé,En agglomération,Hors intersection,Normale,Autre collision,3,2,2,0,1,1,1,0,4,50,,3,0,1,1,1,23.0,,,,5,2,1,1,6
202100018779,2021-09-15 02:30:00,2021,9,15,2,30,17,17380,PALMYRE (AVENUE DE LA),45.66249,-1.11822,Nuit sans éclairage public,Hors agglomération,Hors intersection,Brouillard / fumée,Sans collision,3,2,2,0,4,4,2,0,3,70,,2,0,0,0,2,19.0,,,,3,1,1,5,7
202100018780,2021-09-15 08:15:00,2021,9,15,8,15,17,17300,NORMANDIN   RUE EMILE,46.15036,-1.14612,Plein jour,En agglomération,Intersection en T,Normale,Deux véhicules - frontale,4,4,2,1,2,1,1,0,1,50,,2,1,0,0,1,50.0,57.0,,,1,2,3,1,1
202100018781,2021-09-15 16:05:00,2021,9,15,16,5,14,14059,GENERAL LECLERC (AVENUE DU),49.34361,0.05381,Plein jour,En agglomération,Hors intersection,Normale,Deux véhicules - côté,4,2,2,0,1,3,1,0,1,50,,2,1,0,0,1,27.0,41.0,,,1,2,1,1,3
202100018782,2021-09-15 20:00:00,2021,9,15,20,0,13,13208,MENDES FRANCE (AVENUE),43.26093,5.37514,Crépuscule ou aube,En agglomération,Hors intersection,Normale,Sans collision,4,2,6,0,1,1,1,0,1,50,,2,1,0,1,0,76.0,,,,2,2,1,1,7
202100018783,2021-09-15 04:50:00,2021,9,15,4,50,13,13207,Corniche John Fitzgérald Kennedy,43.2753,5.36007,Nuit avec éclairage allumé,En agglomération,Hors intersection,Normale,Autre collision,4,2,5,1,2,3,1,0,1,50,,1,0,0,1,0,31.0,,,,5,2,1,1,6
202100018784,2021-09-15 17:35:00,2021,9,15,17,35,13,13203,HOCHE (RUE),43.3107186099,5.376550792,Plein jour,En agglomération,Hors intersection,Normale,Deux véhicules - côté,4,1,1,0,1,1,1,0,1,50,,4,3,0,1,0,34.0,18.0,,,1,2,1,1,3
202100018785,2021-09-13 18:17:00,2021,9,13,18,17,13,13213,ALBERT EINSTEIN (RUE),43.3390574767,5.4382771097,Plein jour,En agglomération,Hors intersection,Normale,Autre collision,9,2,0,3,1,1,1,0,6,50,,2,1,0,1,0,43.0,,,,1,2,1,1,6
202100018786,2021-09-10 23:20:00,2021,9,10,23,20,13,13004,BD EMILE COMBES,43.67812,4.63372,Nuit avec éclairage allumé,En agglomération,Intersection en X,Normale,Deux véhicules - côté,9,2,2,0,1,1,1,0,1,50,,2,0,0,0,2,21.0,61.0,,,5,2,2,1,3
202100018787,2021-09-04 09:10:00,2021,9,4,9,10,12,12145,CAVALERIE (COTE DE LA ),44.09075,3.12495,Plein jour,Hors agglomération,Hors intersection,Normale,Trois véhicules et plus - collisions multiples,3,2,2,0,2,3,1,0,1,90,,4,1,0,0,3,69.0,55.0,,,1,1,1,1,5
202100018788,2021-09-14 08:39:00,2021,9,14,8,39,10,10387,QUATORZE JUILLET (RUE DU),48.2942,4.0778,Plein jour,En agglomération,Hors intersection,Pluie forte,Autre collision,4,1,1,2,1,1,2,0,1,50,,2,1,0,0,1,37.0,,,,1,2,1,3,6
202100018789,2021-09-15 11:45:00,2021,9,15,11,45,06,06123,PUGETS MOYENNE CORNICHE DES,43.686931,7.180161,Plein jour,En agglomération,Hors intersection,Pluie légère,Deux véhicules - frontale,4,2,2,0,2,3,2,0,1,50,,2,0,0,0,2,39.0,28.0,,,1,2,1,2,1
202100018790,2021-09-14 12:15:00,2021,9,14,12,15,05,05061,EMBRUN ( AVENUE D'),44.56614,6.09397,Plein jour,En agglomération,Hors intersection,Normale,Deux véhicules - côté,2,2,2,0,1,1,1,0,1,50,,2,1,0,0,1,20.0,25.0,,,1,2,1,1,3
202100018791,2021-09-15 09:00:00,2021,9,15,9,0,75,75117,BD PERIPHERIQUE EXTERIEUR,48.887151,2.290074,Plein jour,En agglomération,Hors intersection,Pluie légère,Deux véhicules - côté,4,1,4,0,1,1,2,0,1,70,,3,1,0,0,2,28.0,39.0,,,1,2,1,2,3
202100018792,2021-09-13 22:40:00,2021,9,13,22,40,75,75117,BD PERIPHERIQUE INTERIEUR,48.8820446609,2.2830668092,Nuit avec éclairage allumé,En agglomération,Intersection en Y,Normale,Deux véhicules - arrière,4,1,4,0,1,1,1,0,1,70,,2,1,0,0,1,45.0,31.0,,,5,2,4,1,2
202100018793,2021-09-14 18:45:00,2021,9,14,18,45,75,75116,ECHANGEUR MAILLOT,48.8773817636,2.2793985574,Nuit avec éclairage non allumé,En agglomération,Hors intersection,Pluie légère,Autre collision,4,1,2,0,1,3,2,1,1,50,,2,1,0,1,0,39.0,,,,4,2,1,2,6
202100018794,2021-09-15 08:58:00,2021,9,15,8,58,75,75105,RUE DU SOMMERARD,48.850221,2.34523,Plein jour,En agglomération,Intersection en X,Pluie légère,Deux véhicules - côté,4,2,2,0,2,1,2,0,1,30,,2,1,0,0,1,37.0,26.0,,,1,2,2,2,3
202100018795,2021-09-15 10:48:00,2021,9,15,10,48,75,75112,COURS DE VINCENNES,48.8475377021,2.406217166,Plein jour,En agglomération,Intersection en X,Pluie légère,Deux véhicules - côté,4,2,4,3,1,1,2,0,6,50,,2,1,0,0,1,45.0,39.0,,,1,2,2,2,3
202100018796,2021-09-15 14:45:00,2021,9,15,14,45,75,75119,AVENUE CORENTIN CARIOU,48.8976156848,2.3856917625,Plein jour,En agglomération,Intersection en T,Pluie légère,Autre collision,4,3,2,0,1,1,2,0,1,30,,2,1,0,0,1,79.0,,,,1,2,3,2,6
202100018797,2021-09-15 21:20:00,2021,9,15,21,20,75,75118,RUE DE LA CHAPELLE,48.890822,2.35992,Nuit avec éclairage allumé,En agglomération,Intersection en Y,Normale,Autre collision,4,2,4,1,1,1,1,0,5,30,,2,0,0,0,2,32.0,,,,5,2,4,1,6
202100018798,2021-09-15 12:40:00,2021,9,15,12,40,75,75118,RUE DU MONT CENIS,48.89253208,2.3443134362,Plein jour,En agglomération,Intersection en X,Pluie légère,Autre collision,4,1,1,0,1,1,2,0,1,30,,2,1,0,0,1,61.0,,,,1,2,2,2,6
202100018799,2021-09-14 16:30:00,2021,9,14,16,30,75,75117,RUE CARDINET,48.890245,2.317221,Plein jour,En agglomération,Intersection en T,Normale,Autre collision,4,2,2,0,1,1,1,0,1,30,,2,1,0,0,1,29.0,,,,1,2,3,1,6
202100018800,2021-09-15 12:55:00,2021,9,15,12,55,75,75115,RUE DE VAUGIRARD,48.8368883534,2.2957925982,Plein jour,En agglomération,Intersection en T,Normale,Autre collision,4,2,4,0,1,1,1,0,1,30,,2,1,0,0,1,46.0,,,,1,2,3,1,6
202100018801,2021-09-14 19:40:00,2021,9,14,19,40,75,75115,QUAI DE GRENELLE,48.851808,2.285076,Crépuscule ou aube,En agglomération,Hors intersection,Pluie légère,Deux véhicules - côté,4,2,5,0,1,1,2,0,1,30,,2,1,0,1,0,32.0,23.0,,,2,2,1,2,3
202100018802,2021-09-15 13:10:00,2021,9,15,13,10,75,75114,BOULEVARD RASPAIL,48.8377879769,2.3311732621,Plein jour,En agglomération,Intersection en Y,Temps couvert,Deux véhicules - côté,4,2,4,3,1,1,2,0,6,30,,2,1,0,0,1,31.0,,,,1,2,4,8,3
202100018803,2021-09-15 08:45:00,2021,9,15,8,45,75,75114,AVENUE DE LA PORTE DE MONTROUGE,48.822672,2.322699,Plein jour,En agglomération,Intersection en X,Pluie légère,Sans collision,4,2,4,3,1,1,2,0,6,30,,1,0,0,0,1,51.0,,,,1,2,2,2,7
202100018804,2021-09-15 08:50:00,2021,9,15,8,50,75,75111,BOULEVARD VOLTAIRE,48.865168,2.367759,Plein jour,En agglomération,Intersection en X,Pluie légère,Deux véhicules - côté,4,2,4,0,1,1,2,0,1,30,,2,1,0,0,1,37.0,33.0,,,1,2,2,2,3
202100018805,2021-09-15 20:10:00,2021,9,15,20,10,75,75108,RUE DE L ARCADE,48.873317,2.324305,Crépuscule ou aube,En agglomération,Intersection en X,Normale,Deux véhicules - côté,4,1,1,0,1,1,1,0,1,30,,2,1,0,0,1,20.0,29.0,,,2,2,2,1,3
202100018806,2021-09-15 15:00:00,2021,9,15,15,0,75,75108,COURS ALBERT 1ER,48.8646170681,2.310319804,Plein jour,En agglomération,Intersection en X,Pluie forte,Deux véhicules - arrière,4,3,3,0,1,1,2,0,1,30,,2,1,0,0,1,37.0,51.0,,,1,2,2,3,2
202100018807,2021-09-15 12:35:00,2021,9,15,12,35,94,94067,Avenue des Minimes,48.84164,2.42715,Plein jour,En agglomération,Hors intersection,Pluie forte,Deux véhicules - côté,3,2,2,0,1,1,2,0,1,50,,2,1,0,0,1,50.0,35.0,,,1,2,1,3,3
202100018808,2021-09-14 18:16:00,2021,9,14,18,16,94,94068,Boulevard de Créteil,48.79814,2.483,Plein jour,En agglomération,Hors intersection,Pluie légère,Deux véhicules - côté,3,2,1,0,1,1,2,0,1,30,,2,1,0,0,1,37.0,54.0,,,1,2,1,2,3
202100018809,2021-09-14 11:25:00,2021,9,14,11,25,94,94068,VICTORIA (AV),48.79559,2.49597,Plein jour,En agglomération,Intersection en X,Pluie légère,Deux véhicules - côté,4,1,2,0,1,1,2,0,1,30,,3,1,0,0,2,52.0,59.0,,,1,2,2,2,3
202100018810,2021-09-15 19:40:00,2021,9,15,19,40,94,94018,Rue de Paris,48.82932,2.40152,Plein jour,En agglomération,Hors intersection,Normale,Deux véhicules - arrière,3,2,4,0,1,1,1,2,1,50,,2,1,0,0,1,32.0,58.0,,,1,2,1,1,2
202100018811,2021-09-14 09:20:00,2021,9,14,9,20,94,94075,Route de la Grange,48.73417,2.51999,Plein jour,En agglomération,Hors intersection,Pluie légère,Sans collision,3,3,2,0,1,1,2,0,1,50,,1,0,0,0,1,44.0,,,,1,2,1,2,7
202100018812,2021-09-15 10:50:00,2021,9,15,10,50,94,94046,VINCENNES (R DE),48.80814,2.44799,Plein jour,En agglomération,Intersection en T,Pluie forte,Deux véhicules - côté,4,2,2,0,1,1,2,0,1,50,,3,1,0,0,2,33.0,19.0,,,1,2,3,3,3
202100018813,2021-09-15 02:25:00,2021,9,15,2,25,94,94002,Quai Blanqui,48.81448,2.41141,Nuit avec éclairage allumé,En agglomération,Intersection en Y,Pluie légère,Autre collision,3,2,2,1,1,1,2,0,4,50,,2,0,0,0,2,32.0,,,,5,2,4,2,6
202100018814,2021-09-15 17:40:00,2021,9,15,17,40,93,93078,Avenue Robert Ballanger / Avenue Martin Luther King,48.95197,2.52836,Plein jour,En agglomération,Intersection en X,Pluie légère,Deux véhicules - arrière,3,3,4,0,1,1,2,0,1,50,,2,1,0,0,1,32.0,66.0,,,1,2,2,2,2
202100018815,2021-09-15 17:20:00,2021,9,15,17,20,93,93055,JEAN LOLIVE (AVENUE)(137/FIN ET 134/FIN),48.893952,2.417166,Plein jour,En agglomération,Intersection en X,Pluie légère,Deux véhicules - côté,3,2,2,2,1,1,2,0,5,50,,3,2,0,0,1,38.0,55.0,,,1,2,2,2,3
202100018816,2021-09-15 17:50:00,2021,9,15,17,50,93,93053,PARC (RUE DU),48.89343,2.44434,Plein jour,En agglomération,Intersection en T,Pluie légère,Deux véhicules - côté,3,1,2,2,1,1,2,0,5,50,,2,1,0,0,1,54.0,29.0,,,1,2,3,2,3
202100018817,2021-09-14 14:00:00,2021,9,14,14,0,93,93045,Rue de Paris / Rue des Bruyères,48.878991,2.413012,Plein jour,En agglomération,Intersection à plus de 4 branches,Normale,Deux véhicules - côté,3,2,2,0,1,1,1,0,1,50,,2,1,0,0,1,,65.0,,,1,2,5,1,3
202100018818,2021-09-15 14:00:00,2021,9,15,14,0,93,93047,Rue de la Fontaine Jean Valjean,48.896781,2.570196,Plein jour,En agglomération,Hors intersection,Pluie forte,Autre collision,4,2,2,0,4,2,2,0,4,30,,1,0,0,0,1,20.0,,,,1,2,1,3,6
202100018819,2021-09-14 09:30:00,2021,9,14,9,30,93,93047,Boulevard Hardy,48.90643,2.56954,Plein jour,En agglomération,Hors intersection,Pluie forte,Trois véhicules et plus - en chaîne,4,2,2,0,2,1,2,0,1,50,,3,2,0,0,1,62.0,40.0,,,1,2,1,3,4
202100018820,2021-09-15 11:10:00,2021,9,15,11,10,93,93010,STAINS (RTE DE),48.90434,2.47059,Plein jour,En agglomération,Hors intersection,Pluie forte,Autre collision,3,1,2,0,1,1,2,0,1,50,,2,1,0,0,1,51.0,,,,1,2,1,3,6
202100018821,2021-09-15 11:20:00,2021,9,15,11,20,93,93005,Rue Paul Cézanne,48.952982,2.495614,Plein jour,En agglomération,Hors intersection,Pluie légère,Autre collision,3,1,2,0,1,1,2,0,1,50,,3,0,0,0,3,79.0,,,,1,2,1,2,6
202100018822,2021-09-15 10:10:00,2021,9,15,10,10,92,92046,rue de Scelle,48.8237610931,2.3002265766,Plein jour,En agglomération,Intersection en T,Pluie légère,Deux véhicules - arrière,3,2,2,0,1,1,2,0,1,50,,2,1,0,0,1,,22.0,,,1,2,3,2,2
202100018823,2021-09-15 08:40:00,2021,9,15,8,40,92,92064,GOUNOD,48.842405774,2.2077458756,Plein jour,En agglomération,Hors intersection,Pluie légère,Autre collision,3,2,2,0,1,1,2,0,1,50,,2,1,0,0,1,52.0,,,,1,2,1,2,6
202100018824,2021-09-15 22:10:00,2021,9,15,22,10,92,92062,GENERAL DE GAULLE (AV) DU 44 AU 106,48.88767,2.2328,Nuit avec éclairage allumé,En agglomération,Intersection en X,Normale,Deux véhicules - côté,3,1,3,1,1,1,1,0,6,50,,2,1,0,0,1,36.0,21.0,,,5,2,2,1,3
202100018825,2021-09-14 18:05:00,2021,9,14,18,5,92,92046,BROSSOLETTE AVENUE PIERRE,48.8128291924,2.3015908005,Plein jour,En agglomération,Autre intersection,Normale,Deux véhicules - côté,3,-1,2,1,1,1,1,0,1,50,,2,1,0,0,1,38.0,,,,1,2,9,1,3
202100018826,2021-09-15 17:35:00,2021,9,15,17,35,92,92040,JEAN MONNET (AVENUE),48.8232162088,2.2496545315,Plein jour,En agglomération,Giratoire,Normale,Deux véhicules - côté,3,1,2,0,1,3,1,0,1,50,,3,2,0,0,1,20.0,46.0,,,1,2,6,1,3
202100018827,2021-09-15 17:30:00,2021,9,15,17,30,92,92026,VERDUN (DE 62 A FIN),48.901204027,2.2600132227,Plein jour,En agglomération,Hors intersection,Temps couvert,Autre collision,3,3,2,3,1,1,2,0,6,50,,2,0,0,2,0,59.0,,,,1,2,1,8,6
202100018828,2021-09-14 09:10:00,2021,9,14,9,10,92,92024,GENERAL LECLERC (BD DU) (9 A 59)   (4 A,48.9023976827,2.3139425885,Plein jour,En agglomération,Intersection en X,Normale,Autre collision,4,2,2,0,1,1,1,0,1,50,,2,1,0,0,1,20.0,,,,1,2,2,1,6
202100018829,2021-09-15 10:20:00,2021,9,15,10,20,92,92012,REINE (ROUTE DE LA) 1/37- 6/80,48.8395842338,2.2413207911,Plein jour,En agglomération,Hors intersection,Pluie légère,Autre collision,3,3,4,0,1,1,2,0,1,50,,1,0,0,0,1,21.0,,,,1,2,1,2,6
202100018830,2021-09-14 14:15:00,2021,9,14,14,15,92,92071,VICTOR HUGO (AVENUE),48.7767301156,2.3135702312,Plein jour,En agglomération,Hors intersection,Temps couvert,Deux véhicules - arrière,3,1,1,2,2,3,2,0,1,30,,3,1,0,0,2,25.0,35.0,,,1,2,1,8,2
202100018831,2021-09-15 09:50:00,2021,9,15,9,50,35,35289,Frileux,47.859817,-1.82415,Plein jour,Hors agglomération,Hors intersection,Normale,Deux véhicules - frontale,3,2,2,0,1,2,1,0,1,80,,5,4,0,1,0,52.0,25.0,,,1,1,1,1,1
202100018832,2021-09-16 13:50:00,2021,9,16,13,50,37,37093,1 Rue du Puits Livet,47.1313509289,0.449932011,Plein jour,Hors agglomération,Hors intersection,Normale,Deux véhicules - frontale,4,2,2,0,1,3,1,0,1,80,,3,0,0,0,3,58.0,19.0,,,1,1,1,1,1
202100018833,2021-09-16 03:10:00,2021,9,16,3,10,66,66226,Autoroute A9 pk 264+600 sens france espagne,42.580452,2.845121,Nuit sans éclairage public,Hors agglomération,Hors intersection,Normale,Deux véhicules - arrière,1,3,5,0,1,1,1,3,8,130,,5,1,0,1,3,22.0,37.0,,,3,1,1,1,2
202100018834,2021-09-16 07:30:00,2021,9,16,7,30,35,35343,La Roche Verrion,47.850945,-1.578807,Plein jour,Hors agglomération,Intersection en T,Normale,Autre collision,3,2,2,0,1,1,1,8,3,80,,1,0,0,0,1,39.0,,,,1,1,3,1,6
202100018835,2021-09-10 20:10:00,2021,9,10,20,10,60,60203,22 Rue de Senlis,49.234817243,2.85564462,Nuit avec éclairage allumé,En agglomération,Hors intersection,Normale,Deux véhicules - côté,3,2,2,0,1,1,1,0,1,50,,2,1,0,1,0,46.0,66.0,,,5,2,1,1,3
202100018836,2021-09-10 19:50:00,2021,9,10,19,50,23,23143,D951 aigueperse,46.259511,1.551486,Crépuscule ou aube,Hors agglomération,Hors intersection,Normale,Deux véhicules - frontale,3,2,2,0,3,3,1,0,1,90,,2,1,0,1,0,41.0,82.0,,,2,1,1,1,1
202100018837,2021-09-16 09:37:00,2021,9,16,9,37,89,89172,Rue des Gombards,48.218713,3.381459,Plein jour,En agglomération,Intersection en T,Normale,Sans collision,3,2,2,0,1,1,1,0,5,50,,3,1,0,0,2,33.0,,,,1,2,3,1,7
202100018838,2021-09-15 13:00:00,2021,9,15,13,0,74,74208,Avenue de la Plaine,45.908963,6.705541,Plein jour,En agglomération,Intersection en T,Pluie forte,Deux véhicules - côté,3,2,2,0,1,1,2,6,1,50,,2,1,0,1,0,40.0,25.0,,,1,2,3,3,3
202100018839,2021-09-16 10:45:00,2021,9,16,10,45,79,79014,,47.050132,-0.241753,Plein jour,Hors agglomération,Intersection en X,Normale,Deux véhicules - côté,3,2,2,0,1,1,1,0,1,80,,3,0,0,0,3,47.0,62.0,,,1,1,2,1,3
202100018840,2021-09-11 10:15:00,2021,9,11,10,15,71,71340,D92,46.558978,4.190292,Plein jour,Hors agglomération,Intersection en X,Normale,Autre collision,3,2,1,0,2,1,1,0,1,80,,1,0,0,1,0,70.0,,,,1,1,2,1,6
202100018841,2021-09-15 19:38:00,2021,9,15,19,38,61,61327,D27,48.443892,0.416451,Crépuscule ou aube,Hors agglomération,Hors intersection,Normale,Sans collision,3,2,2,0,2,2,1,0,3,70,,1,0,0,0,1,20.0,,,,2,1,1,1,7
202100018842,2021-09-16 14:00:00,2021,9,16,14,0,55,55250,Route Départementale 964,49.552156,5.156102,Plein jour,Hors agglomération,Hors intersection,Normale,Deux véhicules - frontale,3,2,2,0,1,1,1,0,1,80,,2,1,0,1,0,58.0,30.0,,,1,1,1,1,1
202100018843,2021-08-02 11:25:00,2021,8,2,11,25,49,49218,Rue de la Mairie (le Fuilet),47.281079,-1.118952,Plein jour,En agglomération,Hors intersection,Normale,Deux véhicules - côté,3,2,2,0,2,1,1,0,1,50,,2,1,0,0,1,69.0,48.0,,,1,2,1,1,3
202100018844,2021-09-16 18:20:00,2021,9,16,18,20,68,68290,Rue des Primevères,47.944101,7.456096,Plein jour,En agglomération,Hors intersection,Normale,Deux véhicules - frontale,4,2,1,0,1,1,1,0,1,-1,,2,1,0,1,0,7.0,54.0,,,1,2,1,1,1
202100018845,2021-09-03 13:20:00,2021,9,3,13,20,68,68286,3 Rue du Moulin,47.639828,7.535765,Plein jour,En agglomération,Hors intersection,Normale,Deux véhicules - côté,4,2,2,0,1,1,1,0,1,30,,2,1,0,0,1,28.0,70.0,,,1,2,1,1,3
202100018846,2021-09-14 16:00:00,2021,9,14,16,0,29,29077,Lieu Dit Kervezel,48.622258,-4.420366,Plein jour,Hors agglomération,Hors intersection,Normale,Trois véhicules et plus - collisions multiples,3,2,2,0,1,1,1,0,1,80,,3,2,0,1,0,82.0,69.0,,,1,1,1,1,5
202100018847,2021-09-15 17:55:00,2021,9,15,17,55,29,29072,Rue de Kermeur,47.8031210243,-4.2831309229,Plein jour,En agglomération,Intersection en T,Normale,Deux véhicules - frontale,4,2,2,0,1,1,1,0,1,50,,2,1,0,0,1,23.0,27.0,,,1,2,3,1,1
202100018848,2021-09-16 09:30:00,2021,9,16,9,30,02,02379,départementale 946,49.810802,3.660636,Plein jour,Hors agglomération,Hors intersection,Normale,Deux véhicules - frontale,3,2,2,0,4,1,1,0,1,80,,2,1,0,1,0,54.0,72.0,,,1,1,1,1,1
202100018849,2021-09-12 17:55:00,2021,9,12,17,55,70,70477,rue d'arcey,47.56493,6.636,Plein jour,En agglomération,Hors intersection,Normale,Sans collision,3,2,2,0,1,1,1,5,1,80,,1,0,0,1,0,51.0,,,,1,2,1,1,7
202100018850,2021-09-16 17:45:00,2021,9,16,17,45,72,72096,"RD 357, PR 54",48.021621,0.01929,Plein jour,Hors agglomération,Intersection en T,Normale,Deux véhicules - frontale,3,2,2,0,2,1,1,0,1,90,,2,0,0,1,1,39.0,60.0,,,1,1,3,1,1
202100018851,2021-09-15 07:25:00,2021,9,15,7,25,14,14520,D151,49.148366,0.130259,Crépuscule ou aube,En agglomération,Hors intersection,Temps couvert,Autre collision,3,2,1,0,1,1,1,0,1,50,,1,0,0,1,0,,,,,2,2,1,8,6
202100018852,2021-09-15 12:30:00,2021,9,15,12,30,14,14578,D579,49.355213,0.195968,Plein jour,Hors agglomération,Hors intersection,Normale,Autre collision,3,2,2,0,1,2,1,0,3,90,,1,0,0,1,0,40.0,,,,1,1,1,1,6
202100018853,2021-09-16 06:00:00,2021,9,16,6,0,14,14011,Les Buis (anctoville) (Anctoville),49.104128,-0.691216,Nuit sans éclairage public,Hors agglomération,Hors intersection,Brouillard / fumée,Sans collision,4,2,1,0,1,1,2,0,3,50,,1,0,0,0,1,59.0,,,,3,1,1,5,7
202100018854,2021-08-26 08:10:00,2021,8,26,8,10,05,05045,route nationale 94,44.531682,6.439193,Plein jour,Hors agglomération,Hors intersection,Normale,Deux véhicules - arrière,2,2,3,0,2,1,1,0,1,90,,2,1,0,1,0,56.0,27.0,,,1,1,1,1,2
202100018855,2021-09-16 14:55:00,2021,9,16,14,55,64,64116,D920,43.1189271707,-0.4399037361,Plein jour,Hors agglomération,Hors intersection,Pluie légère,Sans collision,3,2,2,0,1,1,2,0,3,80,,1,0,1,0,0,80.0,,,,1,1,1,2,7
202100018856,2021-08-29 15:40:00,2021,8,29,15,40,07,07230,Col de l'Escrinet (Col de montagne),44.717874,4.492797,Plein jour,Hors agglomération,Hors intersection,Normale,Autre collision,3,2,2,0,3,1,1,0,8,80,,1,0,0,1,0,22.0,,,,1,1,1,1,6
202100018857,2021-09-15 18:20:00,2021,9,15,18,20,85,85220,Les Roches Baritaud,46.731119,-1.065875,Plein jour,En agglomération,Hors intersection,Normale,Sans collision,3,2,2,0,1,3,1,0,3,50,,1,0,0,1,0,21.0,,,,1,2,1,1,7
202100018858,2021-09-15 12:20:00,2021,9,15,12,20,27,27146,INTERSECTION RD27/RD87,49.285209,0.407447,Plein jour,Hors agglomération,Intersection en X,Temps couvert,Deux véhicules - côté,3,2,2,0,1,1,1,5,1,80,,3,1,0,1,1,53.0,40.0,,,1,1,2,8,3
202100018859,2021-09-16 19:25:00,2021,9,16,19,25,28,28183,D939,48.324899,1.930482,Plein jour,Hors agglomération,Intersection en X,Normale,Deux véhicules - côté,3,2,2,0,1,1,1,0,1,80,,2,1,0,0,1,28.0,38.0,,,1,1,2,1,3
202100018860,2021-09-15 17:05:00,2021,9,15,17,5,88,88037,D43,47.981674,6.7241,Plein jour,Hors agglomération,Hors intersection,Temps couvert,Autre collision,3,2,2,0,2,2,2,0,1,90,,3,2,0,1,0,36.0,29.0,,,1,1,1,8,6
202100018861,2021-09-16 01:00:00,2021,9,16,1,0,72,72124,A28 - PK 78,47.8284819983,0.3064477444,Nuit sans éclairage public,Hors agglomération,Hors intersection,Normale,Sans collision,1,3,4,0,3,2,1,0,3,130,,1,0,0,0,1,53.0,,,,3,1,1,1,7
202100018862,2021-09-11 15:15:00,2021,9,11,15,15,35,35353,32 Rue de Montfort,48.1188222508,-1.7597611848,Plein jour,En agglomération,Hors intersection,Normale,Deux véhicules - côté,4,2,2,0,1,1,1,0,1,50,,2,1,0,1,0,22.0,55.0,,,1,2,1,1,3
202100018863,2021-09-08 18:00:00,2021,9,8,18,0,33,33284,,44.635309,-0.844491,Plein jour,Hors agglomération,Hors intersection,Normale,Deux véhicules - arrière,1,3,4,0,1,1,1,0,1,110,,3,1,0,0,2,65.0,35.0,,,1,1,1,1,2
202100018864,2021-09-15 16:15:00,2021,9,15,16,15,66,66228,D1a,42.698385,2.799797,Plein jour,Hors agglomération,Intersection en T,Normale,Deux véhicules - côté,3,2,2,0,1,1,1,0,1,80,,4,3,1,0,0,76.0,36.0,,,1,1,3,1,3