accident_id,datetime,annee,mois,jour,heure,minute,departement,commune_insee,adresse,latitude,longitude,luminosite,agglomeration,intersection,meteo,collision,catr,circ,nbv,vosp,prof,plan,surf,infra,situ,vma,nb_vehicules,nb_usagers,nb_indemnes,nb_tues,nb_blesses_hosp,nb_blesses_legers,age_cond_1,age_cond_2,veh_type_cond_1,veh_type_cond_2,lum_code,agg_code,int_code,atm_code,col_code
202100018865,2021-09-16 07:20:00,2021,9,16,7,20,49,49222,D 123,47.369379,-0.56909,Crépuscule ou aube,Hors agglomération,Intersection en T,Normale,Deux véhicules - arrière,3,2,2,0,1,1,1,0,1,80,,2,1,0,1,0,28.0,59.0,,,2,1,3,1,2
202100018866,2021-09-15 15:20:00,2021,9,15,15,20,972,97230,N4,14.732438,-60.981489,Plein jour,Hors agglomération,Intersection en T,Normale,Deux véhicules - frontale,2,2,2,0,2,1,1,0,1,70,,2,1,0,1,0,54.0,23.0,,,1,1,3,1,1
202100018867,2021-09-15 21:15:00,2021,9,15,21,15,77,77222,D619,48.635727,2.799212,Nuit avec éclairage allumé,En agglomération,Hors intersection,Normale,Deux véhicules - arrière,3,2,2,0,1,1,1,0,1,50,,2,1,0,0,1,39.0,46.0,,,5,2,1,1,2
202100018868,2021-09-16 16:50:00,2021,9,16,16,50,2A,2A247,Rue General de Boissoudy,41.608287,9.280282,Plein jour,En agglomération,Hors intersection,Normale,Deux véhicules - arrière,3,2,2,0,1,3,1,0,1,50,,2,0,0,0,2,31.0,24.0,,,1,2,1,1,2
202100018869,2021-09-14 17:42:00,2021,9,14,17,42,2A,2A247,T10,41.619517,9.282798,Plein jour,Hors agglomération,Hors intersection,Normale,Deux véhicules - côté,2,2,2,0,1,1,1,0,1,-1,,2,1,0,1,0,22.0,64.0,,,1,1,1,1,3
202100018870,2021-09-15 16:45:00,2021,9,15,16,45,34,34162,Chemin de la Piboule,43.480655,3.491582,Plein jour,Hors agglomération,Hors intersection,Normale,Sans collision,4,-1,1,0,2,2,1,0,1,50,,1,0,0,1,0,18.0,,,,1,1,1,1,7
202100018871,2021-09-12 18:40:00,2021,9,12,18,40,83,83101,D93,43.220431,6.648391,Plein jour,Hors agglomération,Hors intersection,Normale,Sans collision,3,2,2,1,2,1,1,0,5,80,,2,1,0,1,0,67.0,44.0,,,1,1,1,1,7
202100018872,2021-09-15 11:50:00,2021,9,15,11,50,06,06157,Route de Cagnes,43.707233,7.131634,Plein jour,En agglomération,Hors intersection,Pluie légère,Autre collision,7,2,2,0,1,1,2,0,1,50,,1,0,0,1,0,16.0,,,,1,2,1,2,6
202100018873,2021-09-15 18:35:00,2021,9,15,18,35,13,13119,Avenue de Cassis,43.252146,5.557194,Plein jour,En agglomération,Intersection en T,Normale,Deux véhicules - frontale,7,2,2,0,2,1,1,0,1,50,,4,3,0,1,0,55.0,21.0,,,1,2,3,1,1
202100018874,2021-09-15 16:20:00,2021,9,15,16,20,13,13027,Chemin de l Arenier,43.87437,4.864417,Plein jour,En agglomération,Autre intersection,Pluie légère,Deux véhicules - frontale,3,2,2,0,2,2,2,0,1,50,,2,1,0,0,1,19.0,55.0,,,1,2,9,2,1
202100018875,2021-09-15 08:30:00,2021,9,15,8,30,88,88167,5 Route Verte,48.137913,6.654126,Plein jour,Hors agglomération,Hors intersection,Pluie légère,Autre collision,3,2,2,0,1,2,2,0,8,90,,1,0,0,1,0,19.0,,,,1,1,1,2,6
202100018876,2021-09-08 18:30:00,2021,9,8,18,30,57,57212,Féy,49.031284,6.112905,Crépuscule ou aube,En agglomération,Giratoire,Normale,Deux véhicules - côté,2,2,2,0,1,1,1,0,1,80,,2,1,0,1,0,55.0,60.0,,,2,2,6,1,3
202100018877,2021-09-13 08:45:00,2021,9,13,8,45,09,09261,Boulevard du Salat,42.976667,1.15312,Plein jour,En agglomération,Hors intersection,Normale,Sans collision,4,-1,2,0,1,4,2,0,8,-1,,2,1,0,1,0,15.0,,,,1,2,1,1,7
202100018878,2021-09-16 19:35:00,2021,9,16,19,35,85,85218,5 Rue de l Océan,46.645798,-1.634485,Plein jour,Hors agglomération,Hors intersection,Normale,Deux véhicules - côté,3,3,2,0,1,1,1,0,1,80,,2,1,0,1,0,49.0,26.0,,,1,1,1,1,3
202100018879,2021-09-14 19:45:00,2021,9,14,19,45,02,02676,Pont,49.515096,3.869229,Crépuscule ou aube,Hors agglomération,Passage à niveau,Normale,Autre collision,3,2,2,0,1,2,1,4,8,80,,2,1,0,1,0,20.0,,,,2,1,8,1,6
202100018880,2021-09-12 10:45:00,2021,9,12,10,45,59,59558,D955,50.2407854627,3.4422455431,Plein jour,En agglomération,Intersection en T,Normale,Deux véhicules - frontale,3,2,2,0,1,2,1,0,1,50,,2,1,0,1,0,36.0,57.0,,,1,2,3,1,1
202100018881,2021-09-15 14:40:00,2021,9,15,14,40,13,13005,A50-Sens Aubagne vers Marseille,43.287115,5.536616,Plein jour,Hors agglomération,Hors intersection,Normale,Deux véhicules - côté,1,1,3,0,1,1,1,0,1,90,,2,1,0,1,0,71.0,49.0,,,1,1,1,1,3
202100018882,2021-09-11 09:45:00,2021,9,11,9,45,13,13055,A507 sens Aubagne- Marseille,43.33015,5.39965,Plein jour,Hors agglomération,Hors intersection,Normale,Trois véhicules et plus - en chaîne,1,1,3,0,1,1,1,1,1,70,,6,3,0,0,3,28.0,39.0,,,1,1,1,1,4
202100018883,2021-09-12 17:35:00,2021,9,12,17,35,13,13071,A51-Sens Aix en Provence vers Marseille,43.41512,5.36471,Plein jour,Hors agglomération,Hors intersection,Normale,Deux véhicules - arrière,1,1,3,0,1,1,1,0,1,90,,2,1,0,0,1,42.0,46.0,,,1,1,1,1,2
202100018884,2021-09-12 17:40:00,2021,9,12,17,40,13,13106,A51-Sens Aix en Provence vers Marseille,43.3999247206,5.3541738381,Plein jour,Hors agglomération,Hors intersection,Normale,Deux véhicules - arrière,1,1,3,3,1,1,1,0,1,90,,4,3,0,0,1,36.0,26.0,,,1,1,1,1,2
202100018885,2021-09-15 18:00:00,2021,9,15,18,0,33,33192,Rocade Sud Ouest A630,44.7900008,-0.610965,Plein jour,Hors agglomération,Hors intersection,Normale,Deux véhicules - côté,1,3,6,0,1,1,1,0,1,90,,2,0,0,0,2,29.0,36.0,,,1,1,1,1,3
202100018886,2021-09-15 09:20:00,2021,9,15,9,20,33,33075,ROCADE A 630,44.889579,-0.604166,Plein jour,Hors agglomération,Hors intersection,Normale,Deux véhicules - côté,1,3,4,0,1,1,1,3,1,90,,2,1,0,0,1,61.0,41.0,,,1,1,1,1,3
202100018887,2021-09-14 22:55:00,2021,9,14,22,55,62,62193,AUTOROUTE A16,50.933469,1.88826,Nuit sans éclairage public,Hors agglomération,Hors intersection,Normale,Autre collision,1,3,4,0,1,3,1,0,1,110,,2,1,1,0,0,31.0,,,,3,1,1,1,6
202100018888,2021-09-14 03:00:00,2021,9,14,3,0,59,59360,AUTOROUTE A25,50.6189207315,3.0031718326,Nuit sans éclairage public,Hors agglomération,Hors intersection,Normale,Autre collision,1,3,4,0,1,1,1,0,1,90,,2,1,1,0,0,29.0,,,,3,1,1,1,6
202100018889,2021-09-15 13:45:00,2021,9,15,13,45,94,94034,AUTOROUTE A6B,48.75954,2.33836,Plein jour,Hors agglomération,Hors intersection,Normale,Deux véhicules - côté,1,3,2,0,1,1,1,0,1,110,,2,1,0,0,1,32.0,30.0,,,1,1,1,1,3
202100018890,2021-09-15 14:15:00,2021,9,15,14,15,92,92036,A86,48.9352904563,2.2839322475,Plein jour,Hors agglomération,Hors intersection,Pluie légère,Trois véhicules et plus - en chaîne,1,3,8,0,1,1,2,0,1,90,,3,2,0,0,1,54.0,25.0,,,1,1,1,2,4
202100018891,2021-09-15 10:10:00,2021,9,15,10,10,92,92025,A86,48.9190696484,2.2238645791,Plein jour,Hors agglomération,Hors intersection,Pluie forte,Deux véhicules - arrière,1,3,6,0,1,1,2,0,1,90,,2,1,0,0,1,64.0,60.0,,,1,1,1,3,2
202100018892,2021-09-15 09:45:00,2021,9,15,9,45,92,92026,RN1014 W,48.8892486093,2.2466463337,Plein jour,Hors agglomération,Hors intersection,Pluie forte,Sans collision,2,3,2,0,1,1,2,0,1,70,,1,0,0,0,1,25.0,,,,1,1,1,3,7
202100018893,2021-09-15 09:50:00,2021,9,15,9,50,93,93027,AUTOROUTE A86,48.92352322,2.3832157851,Plein jour,Hors agglomération,Hors intersection,Pluie légère,Trois véhicules et plus - en chaîne,1,-1,6,0,1,1,2,1,1,90,,3,2,0,0,1,24.0,34.0,,,1,1,1,2,4
202100018894,2021-09-15 08:00:00,2021,9,15,8,0,93,93078,AUTOROUTE A104,48.9584243006,2.5335100435,Plein jour,Hors agglomération,Hors intersection,Pluie légère,Deux véhicules - arrière,1,3,8,0,2,3,2,0,1,90,,2,1,0,0,1,41.0,35.0,,,1,1,1,2,2
202100018895,2021-09-15 08:30:00,2021,9,15,8,30,95,95582,RD 170,48.964066,2.268174,Plein jour,Hors agglomération,Hors intersection,Pluie forte,Trois véhicules et plus - en chaîne,3,3,6,0,1,1,2,0,1,70,,3,2,0,0,1,22.0,36.0,,,1,1,1,3,4
202100018896,2021-09-15 09:30:00,2021,9,15,9,30,77,77169,RN104,48.8246280227,2.6155684851,Plein jour,Hors agglomération,Hors intersection,Pluie légère,Autre collision,2,-1,4,0,1,2,2,2,1,90,,2,0,0,1,1,21.0,,,,1,1,1,2,6
202100018897,2021-05-26 14:05:00,2021,5,26,14,5,82,82033,MONTAUBAN D 958 (ROUTE DE),44.03416,1.17847,Plein jour,Hors agglomération,Hors intersection,Normale,Autre collision,3,2,-1,-1,1,1,1,0,3,80,,2,0,1,1,0,61.0,,,,1,1,1,1,6
202100018898,2021-09-14 09:00:00,2021,9,14,9,0,88,88413,Leclerc ( Quai Maréchal ),48.2852520039,6.949980408,Plein jour,En agglomération,Hors intersection,Temps éblouissant,Autre collision,4,2,2,0,1,1,1,0,1,50,,2,1,0,1,0,63.0,,,,1,2,1,7,6
202100018899,2021-09-09 14:35:00,2021,9,9,14,35,88,88209,LECLERC ( RUE GENERAL ),48.192708,6.437505,Plein jour,En agglomération,Hors intersection,Normale,Autre collision,3,2,3,0,2,1,1,0,1,50,,2,1,0,0,1,85.0,,,,1,2,1,1,6
202100018900,2021-09-14 13:52:00,2021,9,14,13,52,76,76540,TANGER. RUE DE,49.44656,1.07651,Plein jour,En agglomération,Intersection en X,Pluie légère,Autre collision,4,2,2,0,1,1,2,0,1,30,,2,1,0,0,1,27.0,,,,1,2,2,2,6
202100018901,2021-09-14 13:25:00,2021,9,14,13,25,42,42044,Rue de la Malafolie,45.39345,4.29731,Plein jour,En agglomération,Intersection en T,Normale,Autre collision,7,2,2,0,1,1,1,0,1,50,,2,1,0,0,1,18.0,,,,1,2,3,1,6
202100018902,2021-09-14 11:55:00,2021,9,14,11,55,93,93046,Avenue Aristide Briand,48.9119,2.52005,Plein jour,En agglomération,Hors intersection,Pluie légère,Autre collision,3,3,6,3,1,1,2,0,1,50,,2,1,0,0,1,28.0,,,,1,2,1,2,6
202100018903,2021-07-02 10:32:00,2021,7,2,10,32,75,75120,PLACE DE LA PORTE DE MONTREUIL,48.854586,2.413438,Plein jour,En agglomération,Place,Normale,Deux véhicules - côté,4,1,5,0,1,2,1,2,1,50,,2,1,1,0,0,47.0,32.0,,,1,2,7,1,3
202100018904,2021-09-14 15:00:00,2021,9,14,15,0,974,97411,DODU 1 (RUE JULIETTE),-20.88133,55.45214,Plein jour,En agglomération,Intersection en X,Normale,Deux véhicules - côté,4,1,-1,0,2,1,1,0,1,50,,2,1,0,0,1,34.0,43.0,,,1,2,2,1,3
202100018905,2021-09-14 06:00:00,2021,9,14,6,0,974,97409,DE LA REPUBLIQUE(AVENUE),-20.9617739917,55.6528544426,Crépuscule ou aube,En agglomération,Hors intersection,Normale,Autre collision,4,2,2,0,1,1,1,0,1,50,,2,1,0,1,0,62.0,,,,2,2,1,1,6
202100018906,2021-09-14 16:50:00,2021,9,14,16,50,69,69388,MARYSE BASTIE (R),45.73754,4.87397,Plein jour,En agglomération,Intersection en X,Normale,Autre collision,4,1,1,2,1,1,1,0,1,50,,2,1,0,0,1,43.0,,,,1,2,2,1,6
202100018907,2021-09-14 15:05:00,2021,9,14,15,5,69,69388,THOMAS BLANCHET (R),45.7371818867,4.8837195856,Plein jour,En agglomération,Hors intersection,Normale,Deux véhicules - côté,4,2,2,0,1,1,1,0,1,50,,2,1,0,1,0,52.0,28.0,,,1,2,1,1,3
202100018908,2021-09-13 19:35:00,2021,9,13,19,35,972,97213,BASSE GONDEAU (CHEMIN RURAL N°3 DE),14.627424,-61.026251,Nuit sans éclairage public,Hors agglomération,Hors intersection,Normale,Deux véhicules - arrière,4,-1,1,0,1,3,1,0,1,50,,2,1,0,1,0,42.0,53.0,,,3,1,1,1,2
202100018909,2021-09-14 06:45:00,2021,9,14,6,45,972,97209,PASTEUR (AVENUE),14.61468,-61.06276,Plein jour,Hors agglomération,Hors intersection,Normale,Trois véhicules et plus - en chaîne,2,1,1,0,1,1,1,0,1,50,,3,2,0,0,1,63.0,37.0,,,1,1,1,1,4
202100018910,2021-09-14 20:52:00,2021,9,14,20,52,69,69382,PERRACHE (Q),45.74687,4.82883,Nuit avec éclairage allumé,En agglomération,Hors intersection,Pluie légère,Autre collision,4,1,1,0,1,1,2,0,1,50,,1,0,0,0,1,46.0,,,,5,2,1,2,6
202100018911,2021-09-13 11:15:00,2021,9,13,11,15,69,69034,PASTEUR (R),45.79098,4.84267,Plein jour,En agglomération,Hors intersection,Normale,Sans collision,4,2,2,2,1,1,1,0,1,50,,2,1,0,1,0,55.0,,,,1,2,1,1,7
202100018912,2021-09-13 16:30:00,2021,9,13,16,30,95,95268,AV DU PLEIN MIDI,48.97304,2.39239,Plein jour,En agglomération,Hors intersection,Normale,Autre collision,4,2,2,0,1,1,1,0,1,50,,2,1,0,0,1,60.0,,,,1,2,1,1,6
202100018913,2021-09-14 18:15:00,2021,9,14,18,15,95,95280,Rue Armand Deleuze,49.03429,2.45935,Plein jour,En agglomération,Intersection en X,Normale,Deux véhicules - côté,4,2,0,0,1,1,1,0,1,50,,3,2,0,0,1,,21.0,,,1,2,2,1,3
202100018914,2021-09-14 19:40:00,2021,9,14,19,40,91,91514,CD 33,48.6652,2.52633,Plein jour,Hors agglomération,Hors intersection,Normale,Deux véhicules - arrière,3,2,2,0,1,1,2,0,1,70,,2,1,0,0,1,52.0,22.0,,,1,1,1,1,2
202100018915,2021-09-03 16:20:00,2021,9,3,16,20,91,91691,HENRI BARBUSSE(RUE)DU N°1 AU N°38,48.71095,2.4883,Plein jour,En agglomération,Giratoire,Normale,Deux véhicules - côté,3,-1,2,0,1,1,1,5,1,30,,2,1,0,0,1,41.0,51.0,,,1,2,6,1,3
202100018916,2021-09-14 06:35:00,2021,9,14,6,35,91,91657,AV DE LA TOURELLE,48.690908,2.441058,Nuit avec éclairage allumé,En agglomération,Intersection en T,Pluie légère,Deux véhicules - côté,3,2,2,0,1,1,2,0,1,50,,2,1,0,0,1,30.0,72.0,,,5,2,3,2,3
202100018917,2021-09-13 22:30:00,2021,9,13,22,30,87,87085,MAS-GIGOU (RUE DU),45.86407,1.25899,Nuit sans éclairage public,En agglomération,Hors intersection,Pluie légère,Sans collision,4,2,2,0,1,1,2,0,3,50,,1,0,0,0,1,27.0,,,,3,2,1,2,7
202100018918,2021-09-12 12:32:00,2021,9,12,12,32,87,87085,NEXON (RUE DE),45.80281,1.25338,Plein jour,Hors agglomération,Hors intersection,Normale,Deux véhicules - côté,3,2,2,0,1,1,1,0,1,90,,2,0,0,0,2,30.0,25.0,,,1,1,1,1,3
202100018919,2021-09-11 06:37:00,2021,9,11,6,37,87,87038,RN520 (COUZEIX),45.90164,1.23231,Nuit sans éclairage public,Hors agglomération,Hors intersection,Pluie légère,Deux véhicules - arrière,2,1,1,1,2,1,2,0,1,70,,2,0,0,0,2,27.0,22.0,,,3,1,1,2,2
202100018920,2021-09-14 07:25:00,2021,9,14,7,25,83,83062,8 MAI 1945 (AVENUE DU),43.12084,6.00516,Crépuscule ou aube,En agglomération,Intersection en T,Normale,Deux véhicules - côté,4,2,2,0,1,1,1,0,1,50,,2,1,0,1,0,34.0,32.0,,,2,2,3,1,3
202100018921,2021-09-13 09:30:00,2021,9,13,9,30,83,83061,BOULEVARD DE LA LIBÉRATION,43.42391,6.75713,Plein jour,En agglomération,Hors intersection,Normale,Deux véhicules - côté,4,1,2,0,1,1,1,0,1,30,,2,1,0,0,1,56.0,27.0,,,1,2,1,1,3
202100018922,2021-09-14 21:35:00,2021,9,14,21,35,81,81004,GERONE (AV DE),43.9372025854,2.1891341955,Nuit avec éclairage allumé,En agglomération,Hors intersection,Temps couvert,Autre collision,4,2,2,0,1,1,1,0,1,50,,1,0,0,0,1,20.0,,,,5,2,1,8,6
202100018923,2021-09-13 12:10:00,2021,9,13,12,10,80,80164,RENE GAMBIER (RUE),49.88508,2.35046,Plein jour,En agglomération,Hors intersection,Normale,Deux véhicules - côté,4,2,2,0,1,1,1,0,1,50,,2,1,0,1,0,48.0,,,,1,2,1,1,3
202100018924,2021-09-13 15:45:00,2021,9,13,15,45,71,71153,19 Rue de Strasbourg,46.8010779543,4.4173843886,Plein jour,En agglomération,Autre intersection,Normale,Autre collision,4,2,2,0,1,1,1,0,1,50,,2,1,0,1,0,54.0,,,,1,2,9,1,6
202100018925,2021-09-14 12:50:00,2021,9,14,12,50,69,69266,ROGER SALENGRO (AV),45.77686,4.87668,Plein jour,En agglomération,Intersection en T,Normale,Deux véhicules - côté,4,2,2,0,1,1,1,0,1,50,,2,1,0,1,0,24.0,53.0,,,1,2,3,1,3
202100018926,2021-09-14 13:05:00,2021,9,14,13,5,69,69091,GAGARINE (AV),45.60069,4.76978,Plein jour,En agglomération,Hors intersection,Normale,Autre collision,7,2,2,2,1,1,1,0,1,50,,2,1,0,1,0,62.0,,,,1,2,1,1,6
202100018927,2021-09-08 18:45:00,2021,9,8,18,45,68,68066,BRUAT (RUE),48.07494,7.35084,Plein jour,En agglomération,Intersection en X,Normale,Deux véhicules - côté,3,2,-1,-1,1,1,1,0,1,-1,,2,1,0,0,1,85.0,15.0,,,1,2,2,1,3
202100018928,2021-09-13 17:45:00,2021,9,13,17,45,67,67482,WALLONIE (RUE DE),48.5825120389,7.7744190395,Plein jour,En agglomération,Hors intersection,Normale,Deux véhicules - frontale,4,1,1,0,1,2,1,0,1,50,,2,1,0,0,1,56.0,4.0,,,1,2,1,1,1
202100018929,2021-09-13 17:40:00,2021,9,13,17,40,67,67482,SOULTZ (RUE DE),48.56541,7.77696,Plein jour,En agglomération,Hors intersection,Normale,Deux véhicules - côté,4,3,3,1,1,1,1,0,5,50,,2,1,0,0,1,52.0,69.0,,,1,2,1,1,3
202100018930,2021-09-13 15:10:00,2021,9,13,15,10,67,67482,MONTAGNE VERTE (RUE DE LA),48.569704,7.73354,Plein jour,En agglomération,Hors intersection,Normale,Deux véhicules - côté,4,2,3,1,1,1,1,0,1,50,,2,0,0,1,1,53.0,21.0,,,1,2,1,1,3
202100018931,2021-09-10 15:30:00,2021,9,10,15,30,67,67482,PRESIDENT WILSON (BOULEVARD),48.58769,7.73883,Plein jour,En agglomération,Passage à niveau,Normale,Deux véhicules - frontale,4,3,8,3,1,1,1,4,1,50,,2,0,0,0,2,50.0,39.0,,,1,2,8,1,1
202100018932,2021-09-14 10:08:00,2021,9,14,10,8,66,66136,WALDECK-ROUSSEAU (RENE),42.69425,2.90199,Plein jour,En agglomération,Intersection en T,Normale,Deux véhicules - côté,4,2,2,0,1,1,1,0,1,50,,3,2,0,0,1,28.0,27.0,,,1,2,3,1,3
202100018933,2021-09-12 18:45:00,2021,9,12,18,45,64,64122,Allée Marie Politzer,43.46951,-1.54288,Plein jour,En agglomération,Hors intersection,Normale,Deux véhicules - côté,4,-1,2,0,2,1,1,0,1,50,,2,1,0,1,0,27.0,21.0,,,1,2,1,1,3
202100018934,2021-09-14 19:00:00,2021,9,14,19,0,64,64102,GRENET (AVENUE HENRI),43.49927,-1.48118,Plein jour,En agglomération,Hors intersection,Normale,Autre collision,4,2,4,0,4,1,1,0,1,50,,2,1,0,0,1,70.0,,,,1,2,1,1,6
202100018935,2021-09-14 12:50:00,2021,9,14,12,50,64,64102,HAMBOUM (CHEMIN DE),43.4993201272,-1.4590259073,Plein jour,En agglomération,Hors intersection,Normale,Autre collision,4,2,2,0,1,1,1,0,1,50,,2,1,0,0,1,32.0,,,,1,2,1,1,6
202100018936,2021-09-14 11:30:00,2021,9,14,11,30,64,64024,BELIN (RUE DU BOIS),43.49235,-1.52231,Plein jour,En agglomération,Hors intersection,Normale,Deux véhicules - côté,4,2,2,0,2,1,1,0,1,50,,2,1,0,0,1,17.0,75.0,,,1,2,1,1,3
202100018937,2021-09-14 07:00:00,2021,9,14,7,0,63,63113,MOINIER / St-Hérem,45.78039,3.08367,Nuit avec éclairage allumé,En agglomération,Intersection en Y,Normale,Deux véhicules - côté,4,2,2,1,1,1,1,0,1,50,,2,1,0,0,1,23.0,72.0,,,5,2,4,1,3
202100018938,2021-09-09 08:23:00,2021,9,9,8,23,63,63113,LIBERATION (AVENUE DE LA),45.77124,3.08339,Plein jour,En agglomération,Intersection en X,Normale,Deux véhicules - côté,4,3,4,3,1,1,1,0,1,50,,2,1,0,0,1,48.0,48.0,,,1,2,2,1,3
202100018939,2021-09-10 17:16:00,2021,9,10,17,16,63,63113,DE GAULLE/ Mitterrand,45.7716295903,3.0832176589,Plein jour,En agglomération,Intersection en X,Normale,Deux véhicules - côté,4,3,2,0,1,1,1,0,1,50,,2,1,0,0,1,81.0,22.0,,,1,2,2,1,3
202100018940,2021-09-13 15:16:00,2021,9,13,15,16,63,63075,DESCARTES (RUE),45.781263035,3.0694450624,Plein jour,En agglomération,Intersection en T,Normale,Autre collision,7,2,2,0,1,1,1,0,1,50,,2,1,0,1,0,66.0,,,,1,2,3,1,6
202100018941,2021-09-12 06:45:00,2021,9,12,6,45,63,63113,DIDEROT/Clementel,45.80501,3.10949,Nuit avec éclairage allumé,En agglomération,Intersection en X,Normale,Deux véhicules - côté,7,2,3,0,1,1,1,0,1,50,,3,2,0,0,1,33.0,22.0,,,5,2,2,1,3
202100018942,2021-09-11 11:34:00,2021,9,11,11,34,63,63113,PREVOST/ dr Hospital,45.7932,3.08674,Plein jour,En agglomération,Intersection en X,Normale,Deux véhicules - côté,4,2,2,0,1,1,1,0,1,50,,2,1,0,0,1,64.0,65.0,,,1,2,2,1,3
202100018943,2021-06-19 20:00:00,2021,6,19,20,0,62,62498,LETIENNE (R JEAN),50.429869,2.822853,Plein jour,En agglomération,Hors intersection,Pluie légère,Autre collision,4,2,2,0,1,1,2,0,1,50,,2,1,0,1,0,30.0,,,,1,2,1,2,6
202100018944,2021-09-13 07:40:00,2021,9,13,7,40,59,59410,MENDES FRANCE ECOLE,50.6460274676,3.1136342657,Crépuscule ou aube,En agglomération,Intersection en X,Normale,Deux véhicules - côté,4,-1,4,0,1,1,1,0,1,50,,2,1,0,1,0,42.0,16.0,,,2,2,2,1,3
202100018945,2021-09-13 09:00:00,2021,9,13,9,0,59,59350,ISLY RUE,50.6223455786,3.0362629521,Plein jour,En agglomération,Intersection en T,Normale,Deux véhicules - côté,4,2,2,1,1,1,1,0,1,50,,2,1,0,1,0,28.0,37.0,,,1,2,3,1,3
202100018946,2021-09-13 23:21:00,2021,9,13,23,21,56,56098,JAURES (RUE  JEAN ),47.76682,-3.35606,Nuit avec éclairage allumé,En agglomération,Hors intersection,Normale,Autre collision,3,2,2,0,1,1,1,0,3,50,,1,0,0,0,1,25.0,,,,5,2,1,1,6
202100018947,2021-09-14 19:50:00,2021,9,14,19,50,54,54526,JAURES (BOULEVARD JEAN),48.6883,6.20977,Nuit avec éclairage allumé,En agglomération,Intersection en X,Normale,Deux véhicules - côté,4,2,2,0,1,1,1,0,1,50,,2,1,0,0,1,23.0,33.0,,,5,2,2,1,3
202100018948,2021-09-12 06:55:00,2021,9,12,6,55,54,54395,PATTON (RUE DE L'ARMEE),48.69195,6.16979,Crépuscule ou aube,En agglomération,Hors intersection,Normale,Autre collision,4,1,2,3,1,2,1,9,4,50,,1,0,0,0,1,22.0,,,,2,2,1,1,6
202100018949,2021-09-14 18:12:00,2021,9,14,18,12,51,51454,Boulevard Pommery,49.25605622,4.0554148975,Plein jour,En agglomération,Intersection en X,Pluie légère,Sans collision,2,2,4,0,1,1,2,0,1,50,,2,1,0,0,1,33.0,,,,1,2,2,2,7
202100018950,2021-09-14 15:35:00,2021,9,14,15,35,49,49007,VISITATION PLACE,47.46644,-0.55718,Plein jour,En agglomération,Hors intersection,Normale,Sans collision,4,1,2,0,1,2,1,0,1,30,,2,1,0,1,0,70.0,21.0,,,1,2,1,1,7
202100018951,2021-09-13 11:55:00,2021,9,13,11,55,44,44184,FORT DE L'EVE (ROUTE DU),47.24142,-2.27687,Plein jour,En agglomération,Intersection en T,Normale,Deux véhicules - frontale,4,2,2,0,2,3,1,0,1,50,,2,1,0,0,1,37.0,36.0,,,1,2,3,1,1
202100018952,2021-09-14 06:50:00,2021,9,14,6,50,37,37261,MIRABEAU (PONT),47.39755,0.69946,Crépuscule ou aube,En agglomération,Intersection en X,Temps couvert,Autre collision,4,2,4,0,1,1,2,0,1,50,,6,4,0,1,1,49.0,20.0,,,2,2,2,8,6
202100018953,2021-09-13 09:50:00,2021,9,13,9,50,37,37261,ALOUETTE (AVENUE),47.36264,0.6961,Plein jour,En agglomération,Hors intersection,Normale,Autre collision,3,3,4,0,2,3,1,0,1,50,,1,0,0,0,1,22.0,,,,1,2,1,1,6
202100018954,2021-09-13 15:45:00,2021,9,13,15,45,37,37208,CORMERY (RUE DE),47.35756,0.73151,Plein jour,En agglomération,Intersection en X,Normale,Autre collision,4,2,2,0,1,1,1,0,1,50,,2,1,0,0,1,11.0,18.0,,,1,2,2,1,6
202100018955,2021-09-14 18:50:00,2021,9,14,18,50,35,35238,METZ (BD DE),48.11475,-1.65723,Plein jour,En agglomération,Intersection en X,Normale,Deux véhicules - côté,4,2,2,2,1,1,1,0,5,50,,2,1,0,0,1,23.0,33.0,,,1,2,2,1,3
202100018956,2021-09-14 16:35:00,2021,9,14,16,35,35,35238,FOUGERES (RUE DE),48.12183,-1.66273,Plein jour,En agglomération,Intersection en X,Normale,Trois véhicules et plus - en chaîne,4,2,2,0,1,1,1,0,1,50,,3,2,0,0,1,84.0,32.0,,,1,2,2,1,4
202100018957,2021-09-14 16:02:00,2021,9,14,16,2,35,35278,RD 137,48.175998,-1.717852,Plein jour,Hors agglomération,Hors intersection,Normale,Deux véhicules - côté,7,3,4,0,1,1,1,0,1,110,,2,1,0,0,1,76.0,65.0,,,1,1,1,1,3
202100018958,2021-09-14 11:10:00,2021,9,14,11,10,35,35281,HAUT-BOIS (RUE DU),48.07799,-1.7141,Plein jour,En agglomération,Hors intersection,Normale,Deux véhicules - côté,4,1,1,0,1,1,1,0,1,50,,4,3,0,0,1,28.0,41.0,,,1,2,1,1,3
202100018959,2021-09-13 15:30:00,2021,9,13,15,30,35,35115,MONET (BD JEAN DE LA),48.36856,-1.195304,Plein jour,Hors agglomération,Hors intersection,Normale,Deux véhicules - côté,3,2,3,0,2,2,1,0,1,70,,2,0,0,0,2,72.0,78.0,,,1,1,1,1,3
202100018960,2021-09-14 15:50:00,2021,9,14,15,50,33,33063,Rue de la Faiencerie,44.86039,-0.55568,Plein jour,En agglomération,Hors intersection,Normale,Deux véhicules - côté,4,2,2,3,1,3,1,0,4,20,,2,1,0,0,1,28.0,46.0,,,1,2,1,1,3
202100018961,2021-09-14 09:10:00,2021,9,14,9,10,33,33281,Avenue de Kaolack,44.81795,-0.66579,Plein jour,En agglomération,Giratoire,Normale,Trois véhicules et plus - en chaîne,4,2,4,0,1,1,1,0,1,50,,4,2,0,0,2,77.0,51.0,,,1,2,6,1,4