accident_id,datetime,annee,mois,jour,heure,minute,departement,commune_insee,adresse,latitude,longitude,luminosite,agglomeration,intersection,meteo,collision,catr,circ,nbv,vosp,prof,plan,surf,infra,situ,vma,nb_vehicules,nb_usagers,nb_indemnes,nb_tues,nb_blesses_hosp,nb_blesses_legers,age_cond_1,age_cond_2,veh_type_cond_1,veh_type_cond_2,lum_code,agg_code,int_code,atm_code,col_code
202100018962,2021-09-14 16:50:00,2021,9,14,16,50,33,33529,Rue Lagrua,44.638911,-1.154179,Plein jour,En agglomération,Intersection en T,Normale,Deux véhicules - côté,4,2,2,1,1,1,1,0,1,50,,3,1,0,0,2,39.0,17.0,,,1,2,3,1,3
202100018963,2021-09-13 12:10:00,2021,9,13,12,10,31,31555,RTE DE LAUNAGUET,43.65341,1.43768,Plein jour,En agglomération,Autre intersection,Normale,Deux véhicules - côté,7,2,2,0,1,1,1,0,1,50,,2,1,0,0,1,46.0,36.0,,,1,2,9,1,3
202100018964,2021-09-12 16:55:00,2021,9,12,16,55,29,29019,Rue de Menguen,48.389706,-4.54064,Plein jour,En agglomération,Hors intersection,Normale,Deux véhicules - frontale,4,-1,2,0,2,1,1,0,1,50,,2,1,0,0,1,,40.0,,,1,2,1,1,1
202100018965,2021-09-13 18:40:00,2021,9,13,18,40,28,28218,REPUBLIQUE (AVENUE DE LA),48.44053,1.47033,Plein jour,En agglomération,Hors intersection,Normale,Deux véhicules - arrière,3,2,4,0,1,1,1,0,1,50,,3,2,0,0,1,27.0,23.0,,,1,2,1,1,2
202100018966,2021-09-14 14:20:00,2021,9,14,14,20,27,27681,DEVOS (BOULEVARD JULIEN),49.08404,1.47807,Plein jour,En agglomération,Hors intersection,Normale,Deux véhicules - arrière,4,2,2,0,1,1,1,0,1,50,,2,1,0,0,1,47.0,46.0,,,1,2,1,1,2
202100018967,2021-09-14 08:15:00,2021,9,14,8,15,27,27681,BIZY ( RUE DE),49.0768269,1.4639807,Crépuscule ou aube,En agglomération,Intersection en Y,Pluie légère,Deux véhicules - arrière,3,1,2,0,2,3,2,0,1,50,,4,1,0,0,3,,49.0,,,2,2,4,2,2
202100018968,2021-09-14 08:10:00,2021,9,14,8,10,27,27684,NATIONALE 13 (ROUTE),49.014,1.18705,Plein jour,En agglomération,Giratoire,Pluie légère,Autre collision,4,2,2,0,1,2,2,0,1,50,,1,0,0,0,1,16.0,,,,1,2,6,2,6
202100018969,2021-09-14 10:42:00,2021,9,14,10,42,26,26198,Rue Paul Loubet,44.565895,4.749043,Plein jour,En agglomération,Intersection en T,Normale,Deux véhicules - côté,4,2,2,0,1,1,1,0,1,30,,2,1,0,0,1,53.0,47.0,,,1,2,3,1,3
202100018970,2021-09-14 08:55:00,2021,9,14,8,55,26,26198,91 Chemin de Ravaly,44.534753,4.758856,Plein jour,En agglomération,Intersection en X,Normale,Deux véhicules - côté,3,2,2,0,1,1,1,0,1,70,,2,1,0,0,1,27.0,41.0,,,1,2,2,1,3
202100018971,2021-09-13 18:20:00,2021,9,13,18,20,13,13043,FERNANDEL (AV ),43.39459,5.22826,Plein jour,En agglomération,Hors intersection,Normale,Deux véhicules - arrière,7,1,1,0,2,1,1,3,1,70,,3,2,0,0,1,31.0,39.0,,,1,2,1,1,2
202100018972,2021-09-14 05:25:00,2021,9,14,5,25,13,13039,POMPIDOU GEORGES (avenue),43.4607848928,4.9413054855,Nuit avec éclairage allumé,En agglomération,Hors intersection,Normale,Deux véhicules - côté,4,2,1,0,1,1,1,0,1,50,,2,1,0,0,1,56.0,37.0,,,5,2,1,1,3
202100018973,2021-09-13 16:50:00,2021,9,13,16,50,13,13056,ELUARD BOULEVARD PAUL,43.42219,5.05422,Plein jour,En agglomération,Hors intersection,Normale,Deux véhicules - côté,4,2,2,0,2,1,1,0,1,50,,3,2,0,0,1,23.0,53.0,,,1,2,1,1,3
202100018974,2021-09-14 23:30:00,2021,9,14,23,30,13,13208,RABATAU (BOULEVARD),43.2787,5.3993,Nuit avec éclairage allumé,En agglomération,Hors intersection,Normale,Deux véhicules - arrière,7,2,4,0,1,1,1,8,1,50,,2,1,0,0,1,24.0,32.0,,,5,2,1,1,2
202100018975,2021-09-14 21:30:00,2021,9,14,21,30,13,13213,JEAN PAUL SARTRE (AVENUE),43.3197,5.4153,Nuit avec éclairage non allumé,En agglomération,Hors intersection,Normale,Deux véhicules - arrière,7,2,2,0,1,1,1,2,1,50,,2,1,0,0,1,42.0,21.0,,,4,2,1,1,2
202100018976,2021-09-14 05:03:00,2021,9,14,5,3,13,13202,ROBERT SCHUMANN (AVENUE),43.3030872961,5.3665845769,Nuit avec éclairage allumé,En agglomération,Intersection en X,Normale,Deux véhicules - côté,4,-1,3,0,1,1,1,0,1,50,,3,1,0,1,1,29.0,21.0,,,5,2,2,1,3
202100018977,2021-09-13 17:45:00,2021,9,13,17,45,13,13004,RTE N570 AVIGNON STES MARIES,43.670827,4.604564,Plein jour,Hors agglomération,Hors intersection,Normale,Deux véhicules - frontale,3,3,2,0,1,1,1,0,1,50,,2,0,0,0,2,23.0,40.0,,,1,1,1,1,1
202100018978,2021-09-14 00:23:00,2021,9,14,0,23,10,10081,GENERAL SARRAIL (AVE),48.30277,4.02734,Nuit avec éclairage allumé,En agglomération,Giratoire,Normale,Sans collision,3,1,2,1,1,1,1,0,1,50,,1,0,0,0,1,28.0,,,,5,2,6,1,7
202100018979,2021-09-14 17:20:00,2021,9,14,17,20,09,09122,RD 117,42.960051,1.615854,Plein jour,En agglomération,Autre intersection,Normale,Deux véhicules - côté,3,1,3,1,1,2,1,0,5,50,,2,1,0,0,1,78.0,31.0,,,1,2,9,1,3
202100018980,2021-09-13 19:54:00,2021,9,13,19,54,05,05061,LIBERATION ( BD DE LA ),44.55987,6.07596,Plein jour,En agglomération,Intersection en X,Normale,Deux véhicules - côté,3,1,2,0,1,1,1,0,1,50,,2,1,0,1,0,16.0,46.0,,,1,2,2,1,3
202100018981,2021-09-13 23:25:00,2021,9,13,23,25,75,75117,BD PERIPHERIQUE INTERIEUR,48.8884000008,2.2930258512,Nuit avec éclairage allumé,En agglomération,Intersection en Y,Normale,Trois véhicules et plus - en chaîne,4,1,4,0,1,1,1,1,1,70,,5,4,0,0,1,34.0,44.0,,,5,2,4,1,4
202100018982,2021-09-13 00:15:00,2021,9,13,0,15,75,75112,BOULEVARD PONIATOWSKI,48.830712,2.395276,Nuit avec éclairage allumé,En agglomération,Hors intersection,Normale,Trois véhicules et plus - en chaîne,4,3,2,0,1,1,1,0,1,50,,6,3,0,3,0,,51.0,,,5,2,1,1,4
202100018983,2021-09-14 14:20:00,2021,9,14,14,20,75,75106,BOULEVARD DU MONTPARNASSE,48.844134,2.323037,Plein jour,En agglomération,Intersection en T,Normale,Autre collision,4,2,4,0,1,1,1,0,1,30,,2,1,0,0,1,25.0,,,,1,2,3,1,6
202100018984,2021-09-14 09:20:00,2021,9,14,9,20,75,75120,RUE D AVRON,48.85279,2.406636,Plein jour,En agglomération,Intersection en X,Pluie légère,Deux véhicules - frontale,4,2,2,0,1,1,2,0,1,30,,2,1,0,0,1,20.0,53.0,,,1,2,2,2,1
202100018985,2021-09-14 07:05:00,2021,9,14,7,5,75,75118,AVENUE DE LA PORTE D AUBERVILLIERS,48.899847,2.37025,Crépuscule ou aube,En agglomération,Intersection en T,Pluie légère,Deux véhicules - côté,4,3,3,0,1,1,2,0,1,30,,2,1,0,0,1,54.0,52.0,,,2,2,3,2,3
202100018986,2021-09-14 05:55:00,2021,9,14,5,55,75,75118,AVENUE DE LA PORTE DE CLIGNANCOURT,48.9007309355,2.3440280557,Nuit avec éclairage allumé,En agglomération,Intersection en X,Pluie forte,Deux véhicules - côté,4,2,6,1,1,1,2,0,5,50,,2,1,0,0,1,49.0,56.0,,,5,2,2,3,3
202100018987,2021-09-14 15:00:00,2021,9,14,15,0,75,75117,BOULEVARD MALESHERBES,48.8899492903,2.3039665358,Plein jour,En agglomération,Intersection en X,Normale,Autre collision,4,2,4,0,1,1,1,0,1,50,,2,1,0,0,1,73.0,,,,1,2,2,1,6
202100018988,2021-09-14 09:40:00,2021,9,14,9,40,75,75117,RUE JOUFFROY D ABBANS,48.8823,2.302026,Plein jour,En agglomération,Hors intersection,Pluie légère,Deux véhicules - arrière,4,2,2,0,1,1,2,0,1,30,,2,1,0,0,1,37.0,18.0,,,1,2,1,2,2
202100018989,2021-09-14 20:50:00,2021,9,14,20,50,75,75116,PLACE DE LA PORTE DE SAINT CLOUD,48.8377982246,2.2564336934,Nuit avec éclairage allumé,En agglomération,Place,Pluie légère,Autre collision,4,1,3,1,1,1,2,0,5,30,,2,1,0,0,1,,,,,5,2,7,2,6
202100018990,2021-09-14 08:09:00,2021,9,14,8,9,75,75116,AVENUE VICTOR HUGO,48.870139,2.286486,Plein jour,En agglomération,Hors intersection,Pluie forte,Deux véhicules - côté,4,2,2,0,1,1,2,0,1,30,,3,1,0,1,1,81.0,53.0,,,1,2,1,3,3
202100018991,2021-09-14 00:10:00,2021,9,14,0,10,75,75116,AVENUE FOCH,48.873588,2.292807,Nuit avec éclairage allumé,En agglomération,Place,Normale,Deux véhicules - côté,4,2,6,0,1,1,1,5,1,50,,2,1,0,0,1,27.0,25.0,,,5,2,7,1,3
202100018992,2021-09-13 14:05:00,2021,9,13,14,5,75,75116,AVENUE HENRI MARTIN,48.863133,2.268581,Plein jour,En agglomération,Place,Normale,Deux véhicules - côté,4,3,3,1,1,1,1,0,5,50,,2,1,0,0,1,51.0,62.0,,,1,2,7,1,3
202100018993,2021-09-13 07:40:00,2021,9,13,7,40,75,75116,AVENUE DE L HIPPODROME,48.857834,2.249829,Plein jour,En agglomération,Hors intersection,Normale,Deux véhicules - arrière,4,2,2,0,1,1,1,0,1,50,,2,1,0,0,1,56.0,54.0,,,1,2,1,1,2
202100018994,2021-09-14 18:20:00,2021,9,14,18,20,75,75115,RUE DE LA CONVENTION,48.8406723062,2.2888386647,Plein jour,En agglomération,Intersection en T,Pluie légère,Autre collision,4,2,2,0,1,1,2,0,1,30,,3,2,0,0,1,22.0,,,,1,2,3,2,6
202100018995,2021-09-14 09:10:00,2021,9,14,9,10,75,75115,BOULEVARD GARIBALDI,48.8478,2.3025,Plein jour,En agglomération,Intersection en T,Pluie forte,Autre collision,4,3,2,0,1,1,2,0,1,30,,2,1,0,0,1,52.0,,,,1,2,3,3,6
202100018996,2021-09-14 12:10:00,2021,9,14,12,10,75,75114,BOULEVARD JOURDAN,48.819653,2.341925,Plein jour,En agglomération,Hors intersection,Normale,Deux véhicules - côté,4,3,2,1,1,1,1,0,5,50,,2,1,0,0,1,32.0,29.0,,,1,2,1,1,3
202100018997,2021-09-14 11:40:00,2021,9,14,11,40,75,75114,AVENUE DU GENERAL LECLERC,48.8248119484,2.3259330537,Plein jour,En agglomération,Intersection en Y,Temps couvert,Autre collision,4,2,5,0,1,1,2,0,1,50,,4,1,0,0,3,89.0,,,,1,2,4,8,6
202100018998,2021-09-14 17:20:00,2021,9,14,17,20,75,75113,QUAI D AUSTERLITZ,48.8430738815,2.3663305414,Plein jour,En agglomération,Hors intersection,Normale,Deux véhicules - côté,4,2,5,1,1,1,1,0,5,30,,2,0,0,0,2,30.0,36.0,,,1,2,1,1,3
202100018999,2021-09-14 16:00:00,2021,9,14,16,0,75,75113,RUE CORVISART,48.8327292764,2.3469488096,Plein jour,En agglomération,Intersection en X,Temps couvert,Deux véhicules - côté,4,1,1,0,1,1,1,0,1,30,,2,1,0,0,1,22.0,53.0,,,1,2,2,8,3
202100019000,2021-09-14 11:15:00,2021,9,14,11,15,75,75113,RUE OLIVIER MESSIAEN,48.830112,2.37874,Plein jour,En agglomération,Intersection en X,Normale,Autre collision,4,2,2,0,1,1,2,0,1,30,,2,1,0,0,1,55.0,,,,1,2,2,1,6
202100019001,2021-09-14 09:25:00,2021,9,14,9,25,75,75112,BOULEVARD DIDEROT,48.847147,2.385029,Plein jour,En agglomération,Intersection en T,Normale,Autre collision,4,2,4,0,1,1,2,0,1,30,,3,2,0,0,1,,,,,1,2,3,1,6
202100019002,2021-09-14 14:40:00,2021,9,14,14,40,75,75111,BOULEVARD VOLTAIRE,48.863788,2.370169,Plein jour,En agglomération,Intersection en X,Temps couvert,Autre collision,4,2,4,0,1,1,1,0,1,30,,2,0,0,0,2,27.0,,,,1,2,2,8,6
202100019003,2021-09-14 19:10:00,2021,9,14,19,10,75,75110,RUE DU FAUBOURG POISSONNIERE,48.883183,2.349837,Crépuscule ou aube,En agglomération,Intersection en Y,Pluie légère,Deux véhicules - côté,4,2,2,1,2,3,2,0,5,30,,2,1,0,0,1,27.0,27.0,,,2,2,4,2,3
202100019004,2021-09-13 23:35:00,2021,9,13,23,35,75,75110,RUE DES PETITS HOTELS,48.877311,2.355209,Nuit avec éclairage allumé,En agglomération,Intersection en X,Normale,Deux véhicules - côté,4,1,1,1,1,1,1,0,5,30,,2,1,0,0,1,29.0,57.0,,,5,2,2,1,3
202100019005,2021-09-14 08:55:00,2021,9,14,8,55,75,75109,RUE LA FAYETTE,48.876958,2.348113,Plein jour,En agglomération,Hors intersection,Pluie forte,Deux véhicules - côté,4,2,4,1,2,1,2,0,5,30,,2,1,0,0,1,32.0,48.0,,,1,2,1,3,3
202100019006,2021-09-14 06:00:00,2021,9,14,6,0,75,75109,RUE DU HAVRE,48.8737828854,2.3270116497,Nuit avec éclairage allumé,En agglomération,Intersection en X,Pluie légère,Sans collision,4,2,6,1,1,1,2,0,5,30,,1,0,0,0,1,22.0,,,,5,2,2,2,7
202100019007,2021-09-14 18:04:00,2021,9,14,18,4,75,75108,AVENUE GEORGE V,48.868421,2.301164,Plein jour,En agglomération,Intersection en X,Pluie légère,Deux véhicules - côté,4,2,2,0,2,1,2,0,1,30,,2,1,0,0,1,71.0,48.0,,,1,2,2,2,3
202100019008,2021-09-13 11:54:00,2021,9,13,11,54,75,75107,AVENUE DE TOURVILLE,48.854078,2.307236,Plein jour,En agglomération,Intersection en T,Normale,Deux véhicules - côté,4,2,2,0,1,1,1,0,1,30,,2,1,0,0,1,39.0,35.0,,,1,2,3,1,3
202100019009,2021-09-14 17:50:00,2021,9,14,17,50,75,75104,RUE DE RIVOLI,48.85851,2.348218,Plein jour,En agglomération,Intersection en X,Normale,Autre collision,4,2,4,0,1,1,1,0,1,30,,2,1,0,0,1,,,,,1,2,2,1,6
202100019010,2021-09-14 13:15:00,2021,9,14,13,15,75,75101,RUE SAINT HONORE,48.861182,2.34401,Plein jour,En agglomération,Intersection en X,Normale,Autre collision,4,2,2,0,1,1,1,0,1,30,,2,1,0,0,1,,,,,1,2,2,1,6
202100019011,2021-09-14 12:30:00,2021,9,14,12,30,75,75104,RUE SAINT ANTOINE,48.8550626965,2.3616790376,Plein jour,En agglomération,Intersection en T,Temps couvert,Autre collision,4,2,4,1,1,1,2,0,5,30,,1,0,0,0,1,70.0,,,,1,2,3,8,6
202100019012,2021-09-14 12:20:00,2021,9,14,12,20,75,75103,RUE DE TURBIGO,48.866875,2.362003,Plein jour,En agglomération,Intersection en T,Normale,Deux véhicules - côté,4,1,2,1,1,1,1,0,5,30,,2,1,0,0,1,34.0,58.0,,,1,2,3,1,3
202100019013,2021-09-14 20:10:00,2021,9,14,20,10,94,94081,Rue des Noriets,48.79409,2.38172,Nuit avec éclairage allumé,En agglomération,Hors intersection,Normale,Deux véhicules - frontale,4,-1,2,0,1,1,2,0,1,50,,4,3,0,0,1,19.0,24.0,,,5,2,1,1,1
202100019014,2021-09-14 13:00:00,2021,9,14,13,0,94,94074,Avenue du Rû de Gironde,48.74727,2.46205,Plein jour,En agglomération,Intersection en X,Pluie légère,Deux véhicules - arrière,3,1,1,0,2,1,2,0,1,50,,2,1,0,0,1,47.0,37.0,,,1,2,2,2,2
202100019015,2021-09-14 13:00:00,2021,9,14,13,0,94,94068,BOURDIGNON (R),48.80383,2.47708,Plein jour,En agglomération,Intersection en X,Normale,Deux véhicules - côté,4,2,2,0,1,1,1,0,1,30,,2,1,0,0,1,55.0,49.0,,,1,2,2,1,3
202100019016,2021-09-12 20:06:00,2021,9,12,20,6,94,94068,Avenue Thiers,48.804408,2.516337,Crépuscule ou aube,En agglomération,Hors intersection,Normale,Autre collision,4,2,2,0,1,1,1,0,1,30,,2,1,0,0,1,22.0,,,,2,2,1,1,6
202100019017,2021-09-14 08:00:00,2021,9,14,8,0,94,94058,FONTENAY (BD DE),48.84876,2.49366,Crépuscule ou aube,Hors agglomération,Hors intersection,Pluie légère,Autre collision,3,1,1,0,1,1,2,0,1,30,,2,1,0,0,1,37.0,46.0,,,2,1,1,2,6
202100019018,2021-09-14 06:55:00,2021,9,14,6,55,94,94058,Avenue du Général de Gaulle,48.8406,2.50663,Nuit avec éclairage allumé,En agglomération,Hors intersection,Pluie légère,Autre collision,3,2,1,0,1,1,2,0,1,50,,2,1,0,1,0,34.0,,,,5,2,1,2,6
202100019019,2021-09-14 09:00:00,2021,9,14,9,0,94,94016,Av du Mal de Lattre de Tassigny,48.789716,2.33222,Plein jour,En agglomération,Hors intersection,Pluie légère,Autre collision,3,-1,2,0,1,1,2,0,1,50,,2,1,0,0,1,36.0,,,,1,2,1,2,6
202100019020,2021-09-13 14:00:00,2021,9,13,14,0,94,94016,Avenue Cousin de Méricourt,48.79865,2.33279,Plein jour,En agglomération,Hors intersection,Normale,Autre collision,3,3,1,0,1,1,1,0,1,30,,1,0,0,1,0,37.0,,,,1,2,1,1,6
202100019021,2021-09-14 12:00:00,2021,9,14,12,0,94,94011,GRANDE ALLEE,48.768528,2.494205,Plein jour,En agglomération,Autre intersection,Normale,Deux véhicules - côté,4,2,3,0,1,1,2,0,1,50,,2,1,0,0,1,55.0,82.0,,,1,2,9,1,3
202100019022,2021-09-11 08:40:00,2021,9,11,8,40,94,94011,Rue Pierre Sémard,48.76332,2.47986,Plein jour,En agglomération,Autre intersection,Normale,Deux véhicules - côté,3,1,1,0,1,3,1,0,1,50,,4,2,0,0,2,22.0,19.0,,,1,2,9,1,3
202100019023,2021-09-14 13:10:00,2021,9,14,13,10,94,94022,Rue Henri Corvol,48.76188,2.42227,Plein jour,En agglomération,Hors intersection,Normale,Deux véhicules - côté,4,2,2,0,1,1,2,0,4,50,,2,1,0,0,1,3.0,36.0,,,1,2,1,1,3
202100019024,2021-09-14 08:25:00,2021,9,14,8,25,94,94054,SAULES (VOI DES),48.74756,2.4178,Plein jour,En agglomération,Intersection en T,Pluie légère,Deux véhicules - côté,4,2,3,3,1,1,2,5,1,50,,2,1,0,0,1,37.0,44.0,,,1,2,3,2,3
202100019025,2021-09-14 10:11:00,2021,9,14,10,11,94,94002,Quai Jean-Baptiste Clément,48.79516,2.42247,Plein jour,En agglomération,Intersection en T,Pluie légère,Sans collision,3,2,3,0,1,1,2,0,1,50,,2,1,0,0,1,16.0,,,,1,2,3,2,7
202100019026,2021-09-14 07:45:00,2021,9,14,7,45,93,93048,Boulevard Aristide Briand / Rue des Epernons,48.86814,2.44673,Plein jour,En agglomération,Intersection en X,Pluie légère,Deux véhicules - côté,3,2,2,1,2,1,2,0,5,50,,2,1,0,0,1,32.0,44.0,,,1,2,2,2,3
202100019027,2021-09-14 17:45:00,2021,9,14,17,45,93,93007,EDOUARD LUCY (AVENUE),48.92805,2.47965,Plein jour,En agglomération,Intersection en X,Normale,Deux véhicules - côté,4,1,4,0,1,1,1,0,1,50,,2,1,0,0,1,56.0,29.0,,,1,2,2,1,3
202100019028,2021-09-14 18:20:00,2021,9,14,18,20,92,92078,RENIERS (AVENUE CHEMIN),48.931738137,2.3218864202,Plein jour,En agglomération,Intersection en X,Pluie légère,Deux véhicules - côté,4,3,-1,0,1,1,2,0,1,50,,2,1,0,0,1,25.0,34.0,,,1,2,2,2,3
202100019029,2021-09-14 15:45:00,2021,9,14,15,45,92,92022,SALENGRO (AVENUE ROGER),48.80557,2.18419,Plein jour,En agglomération,Intersection en T,Normale,Deux véhicules - côté,3,1,4,1,1,2,1,5,1,50,,2,1,0,0,1,62.0,45.0,,,1,2,3,1,3
202100019030,2021-09-14 20:00:00,2021,9,14,20,0,92,92064,REPUBLIQUE,48.8527002435,2.2126239538,Nuit avec éclairage non allumé,En agglomération,Hors intersection,Pluie légère,Deux véhicules - arrière,3,1,2,0,1,1,2,0,1,50,,2,1,0,0,1,20.0,46.0,,,4,2,1,2,2
202100019031,2021-09-14 10:20:00,2021,9,14,10,20,92,92020,VERDUN AVENUE DE N°1 A 45,48.7992154459,2.2809866062,Plein jour,En agglomération,Hors intersection,Pluie légère,Autre collision,3,2,3,0,2,1,2,0,1,50,,2,1,0,0,1,33.0,,,,1,2,1,2,6
202100019032,2021-09-13 07:15:00,2021,9,13,7,15,92,92040,GALLIENI (BOULEVARD),48.8229495535,2.2679632902,Plein jour,En agglomération,Hors intersection,Normale,Deux véhicules - côté,3,2,3,0,1,1,1,0,1,30,,2,1,0,0,1,,37.0,,,1,2,1,1,3
202100019033,2021-09-14 08:40:00,2021,9,14,8,40,92,92026,MARECHAL JOFFRE (QUAI DU),48.9018865575,2.2801110236,Plein jour,En agglomération,Hors intersection,Pluie légère,Autre collision,3,2,4,0,1,1,2,0,1,70,,2,1,0,0,1,41.0,,,,1,2,1,2,6
202100019034,2021-09-14 09:05:00,2021,9,14,9,5,92,92026,HÔTEL DE VILLE (RUE),48.894843849,2.2567409277,Plein jour,En agglomération,Autre intersection,Pluie forte,Deux véhicules - côté,3,3,2,1,2,1,2,0,1,50,,2,1,0,0,1,33.0,38.0,,,1,2,9,3,3
202100019035,2021-09-14 12:15:00,2021,9,14,12,15,92,92012,JEAN BAPTISTE CLEMENT (AVENUE) 49/FIN -,48.842497,2.230791,Plein jour,En agglomération,Intersection en T,Normale,Deux véhicules - côté,4,2,1,0,1,1,1,0,1,50,,2,1,0,0,1,61.0,58.0,,,1,2,3,1,3
202100019036,2021-09-14 13:10:00,2021,9,14,13,10,92,92002,HORTENSIAS (RUE DES),48.7513022436,2.3106270301,Plein jour,En agglomération,Intersection en X,Normale,Deux véhicules - côté,3,2,2,0,1,1,1,0,1,50,,2,1,0,0,1,56.0,56.0,,,1,2,2,1,3
202100019037,2021-09-14 14:30:00,2021,9,14,14,30,86,86190,N147,46.362277,0.773705,Plein jour,Hors agglomération,Hors intersection,Normale,Autre collision,2,2,2,0,1,1,1,0,1,90,,5,1,0,2,2,22.0,65.0,,,1,1,1,1,6
202100019038,2021-08-13 14:25:00,2021,8,13,14,25,84,84088,Cours de la République,43.99988,5.061838,Plein jour,En agglomération,Intersection en T,Normale,Sans collision,4,2,2,0,1,1,1,0,1,50,,2,1,0,1,0,15.0,,,,1,2,3,1,7
202100019039,2021-09-15 05:12:00,2021,9,15,5,12,22,22105,D26,48.493573,-2.110062,Nuit sans éclairage public,Hors agglomération,Hors intersection,Normale,Sans collision,3,2,2,0,2,2,2,0,1,80,,2,0,1,1,0,20.0,,,,3,1,1,1,7
202100019040,2021-09-14 15:45:00,2021,9,14,15,45,42,42213,Route de Valorges,45.900178,4.313711,Plein jour,Hors agglomération,Hors intersection,Normale,Autre collision,3,2,2,0,2,1,1,0,1,80,,2,1,1,0,0,26.0,87.0,,,1,1,1,1,6
202100019041,2021-09-15 16:15:00,2021,9,15,16,15,2B,2B009,RD43,42.1045588607,9.5090532305,Plein jour,Hors agglomération,Hors intersection,Normale,Deux véhicules - frontale,3,2,2,0,1,3,1,0,1,80,,2,1,0,1,0,22.0,32.0,,,1,1,1,1,1
202100019042,2021-09-15 17:15:00,2021,9,15,17,15,83,83031,D558,43.3584773469,6.4021646976,Plein jour,Hors agglomération,Hors intersection,Pluie forte,Deux véhicules - frontale,3,2,1,0,2,2,2,0,1,80,,3,0,0,3,0,33.0,53.0,,,1,1,1,3,1
202100019043,2021-08-25 13:50:00,2021,8,25,13,50,56,56193,Lieu-Dit Villemarion,47.72267,-3.32098,Plein jour,Hors agglomération,Intersection en T,Normale,Deux véhicules - côté,3,2,2,0,1,1,1,0,1,50,,2,1,1,0,0,51.0,79.0,,,1,1,3,1,3
202100019044,2021-09-13 15:35:00,2021,9,13,15,35,81,81220,22 Promenade des Lices,43.821835,1.724349,Plein jour,En agglomération,Hors intersection,Normale,Autre collision,3,2,2,0,1,1,1,0,1,50,,1,0,0,1,0,84.0,,,,1,2,1,1,6
202100019045,2021-09-14 18:15:00,2021,9,14,18,15,32,32426,Route d Artiguedieu,43.497593,0.583949,Plein jour,Hors agglomération,Hors intersection,Normale,Sans collision,3,2,2,0,2,1,1,0,1,80,,1,0,0,1,0,53.0,,,,1,1,1,1,7
202100019046,2021-09-14 17:15:00,2021,9,14,17,15,61,61214,20 Rue Charles Mérouvel,48.765098,0.613816,Plein jour,En agglomération,Hors intersection,Normale,Autre collision,3,2,2,0,1,1,1,0,4,50,,1,0,0,1,0,55.0,,,,1,2,1,1,6
202100019047,2021-09-15 00:00:00,2021,9,15,0,0,55,55360,D113,49.046291,5.548503,Nuit avec éclairage non allumé,Hors agglomération,Hors intersection,Normale,Sans collision,3,2,2,0,1,1,9,0,1,80,,1,0,0,1,0,44.0,,,,4,1,1,1,7
202100019048,2021-09-12 14:10:00,2021,9,12,14,10,47,47100,Côte de Gaillard,44.229954,0.637432,Plein jour,En agglomération,Autre intersection,Normale,Deux véhicules - côté,3,3,2,0,1,4,1,5,1,50,,2,1,0,1,0,62.0,57.0,,,1,2,9,1,3
202100019049,2021-09-14 13:45:00,2021,9,14,13,45,34,34016,D114,43.595063,3.635101,Plein jour,Hors agglomération,Hors intersection,Pluie légère,Sans collision,3,2,2,0,1,1,2,0,1,80,,1,0,0,1,0,45.0,,,,1,1,1,2,7
202100019050,2021-09-13 06:45:00,2021,9,13,6,45,68,68135,D105,47.588785,7.546851,Crépuscule ou aube,Hors agglomération,Intersection en T,Normale,Deux véhicules - frontale,1,2,2,0,1,3,1,3,1,90,,2,1,0,0,1,50.0,32.0,,,2,1,3,1,1
202100019051,2021-09-15 02:00:00,2021,9,15,2,0,68,68288,D432 - PK28+500,47.543309,7.256641,Nuit sans éclairage public,Hors agglomération,Hors intersection,Pluie légère,Sans collision,3,2,2,0,1,2,2,0,3,80,,1,0,0,1,0,46.0,,,,3,1,1,2,7
202100019052,2021-09-15 17:00:00,2021,9,15,17,0,29,29216,D785 - Ti Lipig,47.956146,-4.17142,Plein jour,Hors agglomération,Hors intersection,Normale,Autre collision,3,3,4,0,1,1,1,0,1,110,,2,1,1,0,0,33.0,48.0,,,1,1,1,1,6
202100019053,2021-09-14 17:45:00,2021,9,14,17,45,38,38458,route du village,45.634296,5.478466,Plein jour,Hors agglomération,Autre intersection,Normale,Deux véhicules - frontale,3,2,2,0,2,3,1,0,1,80,,2,1,0,1,0,60.0,38.0,,,1,1,9,1,1
202100019054,2021-09-15 00:15:00,2021,9,15,0,15,02,02360,10 Rue de Proviseux (Guignicourt),49.437076,3.969461,Nuit sans éclairage public,En agglomération,Hors intersection,Pluie légère,Autre collision,4,2,2,0,1,1,2,0,4,50,,1,0,0,0,1,34.0,,,,3,2,1,2,6
202100019055,2021-08-22 13:00:00,2021,8,22,13,0,72,72031,Route de Tuffe,48.088189,0.512817,Plein jour,Hors agglomération,Hors intersection,Normale,Autre collision,3,2,2,0,1,1,1,0,3,90,,2,1,0,1,0,18.0,,,,1,1,1,1,6
202100019056,2021-09-14 18:10:00,2021,9,14,18,10,06,06151,M2565,43.941579,7.283469,Plein jour,Hors agglomération,Hors intersection,Normale,Autre collision,7,2,2,0,1,2,1,0,3,50,,1,0,0,0,1,66.0,,,,1,1,1,1,6
202100019057,2021-09-12 18:15:00,2021,9,12,18,15,06,06113,D22a,43.789676,7.472946,Plein jour,Hors agglomération,Hors intersection,Normale,Deux véhicules - frontale,3,2,2,0,2,2,1,0,1,80,,2,1,0,1,0,42.0,31.0,,,1,1,1,1,1