accident_id,datetime,annee,mois,jour,heure,minute,departement,commune_insee,adresse,latitude,longitude,luminosite,agglomeration,intersection,meteo,collision,catr,circ,nbv,vosp,prof,plan,surf,infra,situ,vma,nb_vehicules,nb_usagers,nb_indemnes,nb_tues,nb_blesses_hosp,nb_blesses_legers,age_cond_1,age_cond_2,veh_type_cond_1,veh_type_cond_2,lum_code,agg_code,int_code,atm_code,col_code
202100019058,2021-09-07 16:05:00,2021,9,7,16,5,14,14068,Rue d Outreval,49.2301824936,-0.3309750693,Plein jour,En agglomération,Intersection en T,Normale,Deux véhicules - arrière,3,2,2,0,1,1,1,0,1,50,,3,2,0,0,1,30.0,55.0,,,1,2,3,1,2
202100019059,2021-09-15 16:15:00,2021,9,15,16,15,50,50236,Hameau au Quenault Montgar (Montgardon),49.265067,-1.568438,Plein jour,Hors agglomération,Intersection en X,Normale,Deux véhicules - côté,3,2,2,0,1,1,1,0,1,80,,3,2,0,0,1,40.0,72.0,,,1,1,2,1,3
202100019060,2021-09-14 18:00:00,2021,9,14,18,0,53,53113,Chemin de Montpion,48.276974,-0.418237,Plein jour,Hors agglomération,Hors intersection,Normale,Sans collision,4,2,1,0,2,1,1,0,3,80,,1,0,1,0,0,38.0,,,,1,1,1,1,7
202100019061,2021-09-15 07:50:00,2021,9,15,7,50,40,40271,RD 817,43.566532,-1.203185,Plein jour,Hors agglomération,Autre intersection,Normale,Deux véhicules - frontale,3,2,2,0,1,1,1,0,1,80,,4,0,0,4,0,19.0,28.0,,,1,1,9,1,1
202100019062,2021-09-14 08:35:00,2021,9,14,8,35,85,85034,Le Bois Bonneau,46.649635,-1.154353,Plein jour,Hors agglomération,Hors intersection,Normale,Autre collision,4,2,2,0,1,3,2,0,8,50,,1,0,0,1,0,33.0,,,,1,1,1,1,6
202100019063,2021-09-15 18:30:00,2021,9,15,18,30,85,85081,D37,46.771673,-1.35016,Plein jour,Hors agglomération,Intersection en T,Normale,Deux véhicules - côté,3,2,2,0,1,1,1,0,1,80,,2,1,0,1,0,25.0,18.0,,,1,1,3,1,3
202100019064,2021-09-14 09:06:00,2021,9,14,9,6,85,85282,Rue de Chavagnes,46.703737,-0.978988,Plein jour,En agglomération,Hors intersection,Normale,Autre collision,3,2,2,0,2,1,1,0,1,-1,,2,1,0,0,1,85.0,,,,1,2,1,1,6
202100019065,2021-09-09 12:15:00,2021,9,9,12,15,85,85246,Rue Sainte-Agathe,46.72109,-1.181052,Plein jour,En agglomération,Hors intersection,Normale,Autre collision,3,2,2,0,1,1,1,0,4,50,,2,1,0,1,0,68.0,,,,1,2,1,1,6
202100019066,2021-09-10 16:20:00,2021,9,10,16,20,17,17253,D911,46.020643,-0.845776,Plein jour,Hors agglomération,Intersection en X,Temps éblouissant,Deux véhicules - arrière,3,2,2,0,1,1,1,0,1,80,,2,1,0,1,0,34.0,40.0,,,1,1,2,7,2
202100019067,2021-09-11 22:30:00,2021,9,11,22,30,08,08391,D6,49.776608,4.942818,Nuit sans éclairage public,Hors agglomération,Hors intersection,Normale,Sans collision,3,2,2,0,1,2,1,0,1,80,,1,0,0,1,0,43.0,,,,3,1,1,1,7
202100019068,2021-09-12 20:00:00,2021,9,12,20,0,72,72308,Autoroute A.28 - sens ALENCON-LE MANS,48.396656,0.111344,Crépuscule ou aube,Hors agglomération,Hors intersection,Normale,Autre collision,1,2,4,0,1,1,1,0,1,130,,4,0,0,1,3,36.0,43.0,,,2,1,1,1,6
202100019069,2021-09-15 06:50:00,2021,9,15,6,50,973,97307,RN2 PK2.8,4.866296,-52.334543,Plein jour,En agglomération,Hors intersection,Normale,Deux véhicules - frontale,2,2,2,0,2,1,1,0,1,80,,2,1,0,1,0,46.0,63.0,,,1,2,1,1,1
202100019070,2021-09-14 07:55:00,2021,9,14,7,55,66,66213,D612a,42.662567149,2.8382335604,Plein jour,Hors agglomération,Hors intersection,Normale,Deux véhicules - côté,3,2,2,0,1,1,1,0,1,80,,2,1,0,0,1,17.0,36.0,,,1,1,1,1,3
202100019071,2021-09-14 11:25:00,2021,9,14,11,25,38,38486,10 Rue du Docteur Schweitzer,45.158865,5.696329,Plein jour,En agglomération,Hors intersection,Normale,Deux véhicules - arrière,7,2,2,1,1,1,1,0,5,50,,2,1,0,0,1,28.0,56.0,,,1,2,1,1,2
202100019072,2021-09-14 23:45:00,2021,9,14,23,45,64,64496,autoroute A64-PK 00+900,43.474784,-1.437817,Nuit avec éclairage allumé,Hors agglomération,Hors intersection,Normale,Sans collision,1,-1,2,0,1,2,1,3,2,90,,1,0,0,1,0,27.0,,,,5,1,1,1,7
202100019073,2021-09-13 15:00:00,2021,9,13,15,0,45,45067,A10,47.894928,1.774292,Plein jour,Hors agglomération,Autre intersection,Normale,Autre collision,1,1,3,0,1,1,1,9,8,130,,1,0,0,1,0,66.0,,,,1,1,9,1,6
202100019074,2021-09-15 12:25:00,2021,9,15,12,25,38,38449,D75,45.649756,5.114388,Plein jour,Hors agglomération,Intersection en T,Temps couvert,Deux véhicules - côté,1,1,1,0,2,3,1,3,8,80,,2,1,0,1,0,20.0,20.0,,,1,1,3,8,3
202100019075,2021-09-14 05:20:00,2021,9,14,5,20,988,98817,Route du Sud,-22.290276,166.653754,Plein jour,Hors agglomération,Hors intersection,Normale,Sans collision,3,2,2,0,1,1,1,0,1,90,,2,0,0,1,1,28.0,,,,1,1,1,1,7
202100019076,2021-09-14 19:00:00,2021,9,14,19,0,973,97305,pk 12 - route nationale 1,4.919446,-52.382491,Nuit sans éclairage public,Hors agglomération,Hors intersection,Normale,Deux véhicules - côté,2,2,2,0,1,1,1,0,1,80,,3,0,2,1,0,22.0,79.0,,,3,1,1,1,3
202100019077,2021-09-13 16:05:00,2021,9,13,16,5,971,97134,route de grande rivière,16.057372,-61.74355,Plein jour,Hors agglomération,Hors intersection,Normale,Deux véhicules - frontale,4,2,1,0,2,4,1,0,1,70,,2,1,0,1,0,70.0,44.0,,,1,1,1,1,1
202100019078,2021-09-14 09:15:00,2021,9,14,9,15,11,11410,D620,43.260831,2.419642,Plein jour,En agglomération,Autre intersection,Normale,Sans collision,3,2,2,0,1,1,1,0,3,50,,1,0,1,0,0,86.0,,,,1,2,9,1,7
202100019079,2021-09-13 18:00:00,2021,9,13,18,0,34,34327,Rue de la Monnaie,43.66006,3.970104,Plein jour,En agglomération,Giratoire,Normale,Deux véhicules - côté,7,2,2,0,1,1,1,5,1,30,,2,1,0,0,1,42.0,31.0,,,1,2,6,1,3
202100019080,2021-08-31 11:00:00,2021,8,31,11,0,84,84003,D900,43.878299,5.420101,Plein jour,En agglomération,Intersection en T,Normale,Deux véhicules - côté,3,2,2,0,1,1,1,0,1,50,,2,1,0,1,0,62.0,50.0,,,1,2,3,1,3
202100019081,2021-09-15 13:20:00,2021,9,15,13,20,83,83035,Route des Mourvèdres,43.192842,5.76654,Plein jour,Hors agglomération,Hors intersection,Normale,Trois véhicules et plus - collisions multiples,3,3,2,1,4,1,1,0,1,80,,3,2,1,0,0,21.0,65.0,,,1,1,1,1,5
202100019082,2021-09-10 06:50:00,2021,9,10,6,50,71,71024,le Martray,46.29561,4.040276,Crépuscule ou aube,Hors agglomération,Intersection en T,Pluie légère,Deux véhicules - côté,3,2,1,0,1,1,2,0,1,80,,2,1,0,1,0,48.0,25.0,,,2,1,3,2,3
202100019083,2021-09-14 11:00:00,2021,9,14,11,0,68,68102,5 Rue de la Grotte,47.882629,7.056575,Plein jour,En agglomération,Intersection en T,Normale,Autre collision,4,2,1,0,2,2,1,0,1,50,,1,0,0,1,0,81.0,,,,1,2,3,1,6
202100019084,2021-09-14 12:20:00,2021,9,14,12,20,67,67045,25 Rue des Vergers,48.49042,7.489645,Plein jour,En agglomération,Intersection en X,Normale,Deux véhicules - côté,4,2,2,0,1,1,1,0,1,30,,2,1,0,0,1,28.0,15.0,,,1,2,2,1,3
202100019085,2021-09-15 16:30:00,2021,9,15,16,30,67,67023,D519,48.770588,7.691245,Plein jour,Hors agglomération,Hors intersection,Normale,Deux véhicules - frontale,3,2,2,0,1,1,1,0,1,80,,2,0,1,1,0,32.0,50.0,,,1,1,1,1,1
202100019086,2021-09-12 08:25:00,2021,9,12,8,25,67,67023,D660,48.78748,7.710865,Plein jour,Hors agglomération,Hors intersection,Normale,Autre collision,3,2,2,0,1,1,1,0,3,80,,3,0,2,1,0,17.0,,,,1,1,1,1,6
202100019087,2021-09-14 18:15:00,2021,9,14,18,15,67,67031,Rue Principale,48.453414,7.46712,Crépuscule ou aube,En agglomération,Hors intersection,Normale,Deux véhicules - côté,3,2,2,0,1,1,1,0,1,50,,2,0,0,0,2,52.0,59.0,,,2,2,1,1,3
202100019088,2021-09-13 18:30:00,2021,9,13,18,30,74,74124,D18,46.101663,6.078867,Plein jour,Hors agglomération,Intersection en T,Normale,Deux véhicules - arrière,3,2,2,0,2,1,1,0,1,70,,2,0,0,1,1,25.0,29.0,,,1,1,3,1,2
202100019089,2021-09-15 15:30:00,2021,9,15,15,30,38,38548,435 Route des Geymonds,45.083328,5.553696,Plein jour,Hors agglomération,Hors intersection,Normale,Autre collision,3,2,2,0,1,2,1,0,3,70,,2,0,0,1,1,67.0,,,,1,1,1,1,6
202100019090,2021-09-15 10:05:00,2021,9,15,10,5,01,01249,Rue Joseph Carre,45.826844,4.952951,Plein jour,En agglomération,Intersection en X,Normale,Deux véhicules - côté,3,2,2,0,2,1,2,0,1,50,,2,1,0,0,1,43.0,23.0,,,1,2,2,1,3
202100019091,2021-06-11 13:50:00,2021,6,11,13,50,65,65072,Rue du 11 Novembre,43.29083,0.072972,Plein jour,En agglomération,Intersection en X,Normale,Deux véhicules - côté,3,2,2,0,1,1,1,0,1,50,,2,1,0,0,1,16.0,22.0,,,1,2,2,1,3
202100019092,2021-09-13 19:45:00,2021,9,13,19,45,14,14344,D231,49.158864,-0.162263,Crépuscule ou aube,En agglomération,Intersection en X,Normale,Deux véhicules - côté,3,2,1,0,2,1,1,0,1,50,,3,1,0,0,2,25.0,26.0,,,2,2,2,1,3
202100019093,2021-09-15 10:55:00,2021,9,15,10,55,29,29295,D74 - Lieu-Dit Menhir,48.515039,-4.242632,Plein jour,Hors agglomération,Hors intersection,Normale,Trois véhicules et plus - collisions multiples,3,2,2,0,1,2,1,5,1,70,,3,2,0,0,1,25.0,39.0,,,1,1,1,1,5
202100019094,2021-09-15 09:00:00,2021,9,15,9,0,60,60338,D200,49.373921,2.780442,Plein jour,Hors agglomération,Hors intersection,Pluie légère,Trois véhicules et plus - collisions multiples,3,2,4,0,1,1,2,8,1,80,,3,2,0,1,0,32.0,41.0,,,1,1,1,2,5
202100019095,2021-09-10 16:00:00,2021,9,10,16,0,59,59184,270 Route Nationale,50.730277,2.399567,Plein jour,Hors agglomération,Hors intersection,Normale,Trois véhicules et plus - collisions multiples,3,2,2,0,1,1,1,0,1,80,,5,2,0,1,2,21.0,42.0,,,1,1,1,1,5
202100019096,2021-09-09 23:00:00,2021,9,9,23,0,13,13001,A51-Sens Aix en Provence vers Marseille,43.522674,5.426858,Nuit sans éclairage public,Hors agglomération,Hors intersection,Normale,Deux véhicules - côté,1,1,3,0,2,1,1,0,1,90,,2,1,0,0,1,33.0,51.0,,,3,1,1,1,3
202100019097,2021-09-14 18:20:00,2021,9,14,18,20,13,13055,A507 sens Marseille - Aubagne,43.33,5.39,Plein jour,Hors agglomération,Hors intersection,Normale,Deux véhicules - arrière,1,1,3,0,1,1,1,1,1,70,,2,1,0,0,1,40.0,32.0,,,1,1,1,1,2
202100019098,2021-09-14 17:00:00,2021,9,14,17,0,13,13055,A507 sens Marseille - Aubagne,43.2910445519,5.4244986303,Plein jour,Hors agglomération,Hors intersection,Normale,Trois véhicules et plus - en chaîne,1,-1,3,0,1,1,1,1,1,70,,3,2,0,0,1,30.0,19.0,,,1,1,1,1,4
202100019099,2021-09-14 15:25:00,2021,9,14,15,25,13,13215,A7-Sens Marseille vers Lyon,43.3753752257,5.3600387523,Plein jour,Hors agglomération,Hors intersection,Normale,Deux véhicules - arrière,1,1,3,0,1,1,1,0,1,90,,4,0,0,0,4,39.0,49.0,,,1,1,1,1,2
202100019100,2021-09-13 17:30:00,2021,9,13,17,30,13,13071,A55 - Sens Marseille vers Martigues,43.3867948631,5.3074479103,Plein jour,Hors agglomération,Hors intersection,Normale,Deux véhicules - arrière,1,-1,3,0,1,1,1,0,1,90,,2,1,0,0,1,36.0,40.0,,,1,1,1,1,2
202100019101,2021-09-13 16:30:00,2021,9,13,16,30,13,13071,A7-Sens Marseille vers Lyon,43.4137770542,5.2802740607,Plein jour,Hors agglomération,Hors intersection,Normale,Deux véhicules - arrière,1,-1,3,0,1,1,1,0,1,110,,3,2,0,0,1,27.0,33.0,,,1,1,1,1,2
202100019102,2021-09-14 08:00:00,2021,9,14,8,0,13,13055,A507 sens Marseille - Aubagne,43.330094,5.409358,Plein jour,Hors agglomération,Hors intersection,Normale,Trois véhicules et plus - en chaîne,1,1,3,0,1,1,1,1,1,70,,5,2,0,0,3,42.0,30.0,,,1,1,1,1,4
202100019103,2021-09-14 07:15:00,2021,9,14,7,15,13,13215,A7-Sens Marseille vers Lyon,43.343532,5.375912,Plein jour,Hors agglomération,Hors intersection,Normale,Deux véhicules - côté,1,1,2,0,1,1,1,0,1,70,,2,1,0,0,1,,36.0,,,1,1,1,1,3
202100019104,2021-09-13 06:50:00,2021,9,13,6,50,83,83137,A57,43.127275378,5.9747629768,Crépuscule ou aube,Hors agglomération,Hors intersection,Normale,Trois véhicules et plus - en chaîne,1,3,5,0,1,1,1,8,1,50,,5,3,0,1,1,32.0,34.0,,,2,1,1,1,4
202100019105,2021-08-01 02:45:00,2021,8,1,2,45,69,69142,M7,45.72386,4.81746,Nuit sans éclairage public,Hors agglomération,Hors intersection,Normale,Deux véhicules - arrière,7,3,6,0,1,1,1,2,1,70,,2,1,0,0,1,51.0,,,,3,1,1,1,2
202100019106,2021-09-09 18:03:00,2021,9,9,18,3,42,42207,A47,45.48467,4.50206,Plein jour,Hors agglomération,Hors intersection,Normale,Deux véhicules - côté,1,3,5,0,3,2,2,0,1,110,,3,2,1,0,0,47.0,78.0,,,1,1,1,1,3
202100019107,2021-09-12 03:00:00,2021,9,12,3,0,57,57433,Autoroute A31,49.19733,6.17528,Nuit sans éclairage public,Hors agglomération,Hors intersection,Normale,Deux véhicules - arrière,1,3,6,0,1,1,1,0,1,70,,2,1,0,0,1,27.0,21.0,,,3,1,1,1,2
202100019108,2021-09-10 16:13:00,2021,9,10,16,13,57,57303,Autoroute A31,49.22,6.17,Plein jour,Hors agglomération,Hors intersection,Normale,Sans collision,1,3,3,0,1,1,1,0,1,110,,1,0,0,1,0,41.0,,,,1,1,1,1,7
202100019109,2021-09-14 08:55:00,2021,9,14,8,55,33,33366,,44.987164,-0.427497,Plein jour,Hors agglomération,Hors intersection,Normale,Autre collision,1,3,6,0,1,1,1,0,1,130,,1,0,0,0,1,23.0,,,,1,1,1,1,6
202100019110,2021-09-14 08:05:00,2021,9,14,8,5,33,33122,,44.743566,-0.705844,Plein jour,Hors agglomération,Hors intersection,Normale,Deux véhicules - arrière,1,3,4,0,1,1,1,0,1,130,,2,1,0,1,0,21.0,23.0,,,1,1,1,1,2
202100019111,2021-09-09 17:10:00,2021,9,9,17,10,59,59123,AUTOROUTE A1,50.500636,3.008094,Plein jour,Hors agglomération,Hors intersection,Normale,Trois véhicules et plus - collisions multiples,1,3,6,0,1,1,1,0,1,130,,8,7,0,1,0,22.0,55.0,,,1,1,1,1,5
202100019112,2021-09-14 20:00:00,2021,9,14,20,0,94,94034,AUTOROUTE A86,48.75814,2.33529,Crépuscule ou aube,Hors agglomération,Hors intersection,Pluie légère,Sans collision,1,1,2,0,2,2,2,0,1,70,,2,0,0,0,2,23.0,,,,2,1,1,2,7
202100019113,2021-09-14 13:10:00,2021,9,14,13,10,91,91521,RN 104,48.625654,2.396868,Plein jour,Hors agglomération,Hors intersection,Normale,Deux véhicules - arrière,2,1,2,0,1,1,1,0,1,90,,2,0,0,0,2,51.0,25.0,,,1,1,1,1,2
202100019114,2021-09-14 08:40:00,2021,9,14,8,40,91,91573,RN 104,48.63112,2.50647,Plein jour,Hors agglomération,Hors intersection,Pluie légère,Deux véhicules - côté,2,3,4,0,1,1,2,0,1,110,,2,1,0,0,1,64.0,25.0,,,1,1,1,2,3
202100019115,2021-09-13 11:50:00,2021,9,13,11,50,92,92072,N118,48.8174026347,2.2162951801,Plein jour,Hors agglomération,Hors intersection,Normale,Sans collision,2,3,5,0,2,1,1,0,1,50,,1,0,0,0,1,58.0,,,,1,1,1,1,7
202100019116,2021-09-14 22:00:00,2021,9,14,22,0,93,93027,AUTOROUTE A86,48.92848,2.4142,Nuit sans éclairage public,Hors agglomération,Hors intersection,Pluie légère,Deux véhicules - côté,1,-1,3,0,2,2,2,0,1,70,,1,0,0,0,1,23.0,,,,3,1,1,2,3
202100019117,2021-09-13 15:45:00,2021,9,13,15,45,93,93066,AUTOROUTE A1,48.907913,2.358314,Plein jour,Hors agglomération,Hors intersection,Normale,Deux véhicules - côté,1,1,8,0,1,1,1,0,1,90,,2,1,0,0,1,23.0,42.0,,,1,1,1,1,3
202100019118,2021-09-13 19:15:00,2021,9,13,19,15,92,92036,AUTOROUTE A86,48.9379543048,2.2980868606,Plein jour,Hors agglomération,Hors intersection,Normale,Trois véhicules et plus - collisions multiples,1,1,8,0,1,1,1,0,1,90,,3,2,0,0,1,30.0,35.0,,,1,1,1,1,5
202100019119,2021-09-14 08:28:00,2021,9,14,8,28,95,95572,RN 184,49.04056,2.1277,Crépuscule ou aube,Hors agglomération,Hors intersection,Pluie légère,Deux véhicules - côté,2,3,4,0,1,1,2,0,1,90,,2,1,0,0,1,27.0,53.0,,,2,1,1,2,3
202100019120,2021-09-14 10:00:00,2021,9,14,10,0,93,93027,AUTOROUTE A86,48.92786,2.40956,Plein jour,Hors agglomération,Hors intersection,Pluie légère,Sans collision,1,3,7,0,1,1,2,0,1,90,,1,0,0,0,1,30.0,,,,1,1,1,2,7
202100019121,2021-09-14 06:20:00,2021,9,14,6,20,95,95580, A1,49.09128,2.55045,Nuit sans éclairage public,Hors agglomération,Hors intersection,Normale,Trois véhicules et plus - collisions multiples,1,3,8,0,1,1,1,0,1,130,,3,2,0,0,1,46.0,49.0,,,3,1,1,1,5
202100019122,2021-09-14 05:45:00,2021,9,14,5,45,95,95572,RN 184,49.04025,2.12728,Nuit avec éclairage allumé,Hors agglomération,Hors intersection,Pluie légère,Autre collision,2,3,4,0,1,1,2,0,1,90,,1,0,0,0,1,27.0,,,,5,1,1,2,6
202100019123,2021-09-13 10:05:00,2021,9,13,10,5,93,93053,AUTOROUTE A3,48.88141,2.45405,Plein jour,Hors agglomération,Hors intersection,Normale,Deux véhicules - arrière,1,3,8,0,2,1,1,0,1,90,,2,1,0,0,1,24.0,57.0,,,1,1,1,1,2
202100019124,2021-09-14 19:00:00,2021,9,14,19,0,77,77122,RN104,48.6465343397,2.5868202682,Crépuscule ou aube,Hors agglomération,Hors intersection,Temps couvert,Sans collision,2,-1,2,0,1,1,1,0,1,110,,1,0,0,1,0,19.0,,,,2,1,1,8,7
202100019125,2021-09-13 09:00:00,2021,9,13,9,0,94,94017,A4,48.8284416936,2.5027316394,Plein jour,Hors agglomération,Hors intersection,Normale,Deux véhicules - arrière,1,3,10,0,1,1,1,1,1,90,,2,1,0,0,1,28.0,33.0,,,1,1,1,1,2
202100019126,2021-09-13 08:30:00,2021,9,13,8,30,77,77083,A4.W,48.8306668858,2.6087313197,Plein jour,Hors agglomération,Hors intersection,Normale,Autre collision,1,1,3,0,1,1,1,0,1,110,,4,3,0,0,1,53.0,25.0,,,1,1,1,1,6
202100019127,2021-06-23 19:34:00,2021,6,23,19,34,12,12266,D29,44.304587,2.819045,Plein jour,Hors agglomération,Hors intersection,Pluie légère,Autre collision,3,2,2,0,1,1,2,0,3,90,,1,0,0,1,0,47.0,,,,1,1,1,2,6
202100019128,2021-09-13 10:00:00,2021,9,13,10,0,74,74218,PAYS DE GAVOT (ROUTE DU)  RD11,46.38679,6.54637,Plein jour,Hors agglomération,Hors intersection,Normale,Autre collision,3,-1,1,0,2,3,1,0,8,50,,2,1,0,0,1,43.0,,,,1,1,1,1,6
202100019129,2021-09-13 07:30:00,2021,9,13,7,30,69,69266,PAUL VERLAINE (R),45.76477,4.88045,Plein jour,En agglomération,Intersection en X,Normale,Autre collision,4,2,2,2,1,1,1,0,1,50,,2,1,0,0,1,17.0,,,,1,2,2,1,6
202100019130,2021-09-13 00:05:00,2021,9,13,0,5,33,33063,Rue Arago,44.87475,-0.55033,Nuit avec éclairage allumé,En agglomération,Hors intersection,Normale,Autre collision,4,1,1,0,1,1,1,0,1,30,,2,0,0,0,2,25.0,,,,5,2,1,1,6
202100019131,2021-09-11 10:01:00,2021,9,11,10,1,05,05061,ALPES (AVENUE  DES ),44.56314,6.08482,Plein jour,En agglomération,Hors intersection,Normale,Autre collision,4,2,2,0,1,1,1,0,1,50,,2,1,0,0,1,65.0,,,,1,2,1,1,6
202100019132,2021-09-13 07:20:00,2021,9,13,7,20,976,97611,passamanty-Vahibé ( route ),-12.80094,45.20553,Plein jour,En agglomération,Intersection en X,Normale,Autre collision,3,2,2,0,1,1,1,0,1,50,,2,0,0,1,1,19.0,,,,1,2,2,1,6
202100019133,2021-09-13 08:15:00,2021,9,13,8,15,974,97416,BENOITE BOULARD (RUE),-21.31278,55.47474,Plein jour,Hors agglomération,Intersection en T,Normale,Deux véhicules - côté,3,2,2,0,1,1,1,0,1,50,,2,1,0,0,1,29.0,24.0,,,1,1,3,1,3
202100019134,2021-09-13 20:50:00,2021,9,13,20,50,69,69383,ANDRE PHILIP (R),45.7588537604,4.8509288229,Nuit avec éclairage allumé,En agglomération,Autre intersection,Normale,Deux véhicules - frontale,4,1,2,2,1,1,1,0,1,50,,2,1,0,0,1,38.0,40.0,,,5,2,9,1,1
202100019135,2021-09-13 13:40:00,2021,9,13,13,40,69,69384,HERBOUVILLE (D') (CR),45.77615,4.83978,Plein jour,En agglomération,Hors intersection,Normale,Autre collision,4,2,5,3,1,1,1,0,1,50,,1,0,0,0,1,34.0,,,,1,2,1,1,6
202100019136,2021-09-11 15:10:00,2021,9,11,15,10,971,97101,DOTHEMARE,16.26754,-61.5148,Plein jour,En agglomération,Hors intersection,Normale,Deux véhicules - côté,6,-1,0,0,1,1,1,0,1,30,,2,1,0,0,1,23.0,30.0,,,1,2,1,1,3
202100019137,2021-09-13 19:25:00,2021,9,13,19,25,95,95424,RD 14,48.99433,2.194701,Plein jour,En agglomération,Intersection en X,Normale,Deux véhicules - côté,3,3,4,0,1,1,1,0,1,50,,4,2,0,0,2,24.0,16.0,,,1,2,2,1,3
202100019138,2021-09-13 18:20:00,2021,9,13,18,20,95,95252,Rue de l’Hostellerie,48.98075,2.23276,Plein jour,En agglomération,Hors intersection,Normale,Autre collision,4,1,1,0,2,1,1,0,1,50,,2,1,0,0,1,33.0,,,,1,2,1,1,6
202100019139,2021-08-17 14:30:00,2021,8,17,14,30,95,95127,OISE (BOULEVARD DE L'),49.04682,2.05915,Plein jour,En agglomération,Hors intersection,Normale,Deux véhicules - côté,4,3,4,1,1,1,1,0,1,50,,2,1,0,0,1,50.0,19.0,,,1,2,1,1,3
202100019140,2021-09-13 16:00:00,2021,9,13,16,0,91,91345,RUE JULES FERRY,48.687461,2.298068,Plein jour,Hors agglomération,Hors intersection,Normale,Deux véhicules - arrière,4,2,2,0,1,1,1,0,1,50,,2,0,0,0,2,41.0,43.0,,,1,1,1,1,2
202100019141,2021-09-13 16:45:00,2021,9,13,16,45,91,91114,AV CHARLES CHRISTOFLE,48.702383,2.493554,Plein jour,En agglomération,Hors intersection,Temps éblouissant,Autre collision,3,2,2,1,1,1,1,6,8,50,,3,2,0,0,1,35.0,,,,1,2,1,7,6
202100019142,2021-09-12 12:40:00,2021,9,12,12,40,91,91421,REPUBLIQUE (AVENUE DE LA),48.70085,2.466262,Plein jour,En agglomération,Hors intersection,Normale,Deux véhicules - frontale,3,2,2,0,1,1,1,0,1,30,,2,1,0,0,1,20.0,57.0,,,1,2,1,1,1
202100019143,2021-09-10 18:11:00,2021,9,10,18,11,87,87050,HIPPODROME (ALLEE DE L'),45.88422,1.19392,Plein jour,Hors agglomération,Hors intersection,Pluie légère,Autre collision,3,2,2,0,1,1,2,0,1,90,,1,0,0,0,1,37.0,,,,1,1,1,2,6
202100019144,2021-09-11 02:45:00,2021,9,11,2,45,87,87085,GARIBALDI (AVENUE),45.83519,1.26051,Nuit avec éclairage allumé,En agglomération,Intersection en X,Normale,Deux véhicules - côté,4,3,2,0,1,1,1,0,1,50,,2,1,0,0,1,23.0,32.0,,,5,2,2,1,3
202100019145,2021-09-10 16:45:00,2021,9,10,16,45,84,84080,SARRIANS ROUTE DE,44.04522,4.98486,Plein jour,Hors agglomération,Autre intersection,Normale,Deux véhicules - frontale,3,2,2,0,1,1,1,0,1,80,,3,2,0,1,0,24.0,56.0,,,1,1,9,1,1
202100019146,2021-09-13 11:40:00,2021,9,13,11,40,83,83137,15EME CORPS (AVE DU),43.1284467677,5.9123879671,Plein jour,En agglomération,Intersection en T,Normale,Autre collision,3,2,3,0,1,1,1,0,1,50,,2,1,0,0,1,56.0,,,,1,2,3,1,6
202100019147,2021-09-13 10:00:00,2021,9,13,10,0,83,83137,REPUBLIQUE (AVE DE LA),43.11994,5.9328,Plein jour,En agglomération,Hors intersection,Normale,Deux véhicules - côté,4,2,3,0,1,1,1,0,1,50,,2,1,0,1,0,72.0,59.0,,,1,2,1,1,3
202100019148,2021-09-12 14:05:00,2021,9,12,14,5,82,82121,LIBERATION (PLACE DE LA ),44.02207,1.36146,Plein jour,En agglomération,Place,Normale,Deux véhicules - côté,4,4,8,0,1,2,1,8,1,50,,3,1,0,1,1,45.0,19.0,,,1,2,7,1,3
202100019149,2021-09-13 12:28:00,2021,9,13,12,28,82,82033,EGALITE (RUE DE L'),44.03881,1.10867,Plein jour,En agglomération,Intersection en X,Normale,Deux véhicules - côté,4,1,1,0,1,1,1,0,1,50,,2,1,0,1,0,51.0,22.0,,,1,2,2,1,3
202100019150,2021-09-13 17:40:00,2021,9,13,17,40,81,81004,Avenue de Saint Juéry,43.936870663,2.1809503734,Plein jour,En agglomération,Autre intersection,Normale,Deux véhicules - frontale,3,2,3,0,1,1,1,0,1,50,,3,2,0,0,1,41.0,17.0,,,1,2,9,1,1
202100019151,2021-09-12 12:20:00,2021,9,12,12,20,80,80021,REPUBLIQUE (RUE DE LA ),49.89201,2.29715,Plein jour,En agglomération,Intersection en X,Normale,Autre collision,4,2,2,0,1,1,1,0,6,30,,2,1,0,0,1,,,,,1,2,2,1,6
202100019152,2021-09-12 11:35:00,2021,9,12,11,35,78,78322,PONT COLBERT (RUE DU),48.78753,2.1496,Plein jour,Hors agglomération,Autre intersection,Normale,Autre collision,6,-1,0,0,1,1,1,9,8,10,,2,1,0,1,0,49.0,,,,1,1,9,1,6
202100019153,2021-09-11 17:50:00,2021,9,11,17,50,78,78267,R.N 190,48.987932,1.804142,Plein jour,En agglomération,Autre intersection,Normale,Deux véhicules - côté,3,2,2,0,1,1,1,5,1,50,,5,4,0,1,0,29.0,54.0,,,1,2,9,1,3
202100019154,2021-09-13 18:30:00,2021,9,13,18,30,77,77083,PYRAMIDES (AVENUE DES),48.85021,2.58519,Plein jour,En agglomération,Giratoire,Normale,Deux véhicules - côté,4,2,0,0,1,1,1,0,1,50,,4,3,0,1,0,37.0,52.0,,,1,2,6,1,3