accident_id,datetime,annee,mois,jour,heure,minute,departement,commune_insee,adresse,latitude,longitude,luminosite,agglomeration,intersection,meteo,collision,catr,circ,nbv,vosp,prof,plan,surf,infra,situ,vma,nb_vehicules,nb_usagers,nb_indemnes,nb_tues,nb_blesses_hosp,nb_blesses_legers,age_cond_1,age_cond_2,veh_type_cond_1,veh_type_cond_2,lum_code,agg_code,int_code,atm_code,col_code
202100019155,2021-09-10 13:15:00,2021,9,10,13,15,76,76351,ANDRE CARETTE,49.48944,0.11738,Plein jour,En agglomération,Hors intersection,Normale,Sans collision,4,1,3,2,1,1,2,0,1,50,,2,1,0,0,1,51.0,19.0,,,1,2,1,1,7
202100019156,2021-09-10 07:30:00,2021,9,10,7,30,76,76351,BERTHELOT (RUE),49.49765,0.13616,Crépuscule ou aube,En agglomération,Intersection en X,Normale,Deux véhicules - côté,4,2,2,0,1,1,1,0,1,50,,2,1,0,0,1,27.0,17.0,,,2,2,2,1,3
202100019157,2021-09-13 07:45:00,2021,9,13,7,45,67,67482,CANONNIERS (RUE DES),48.554331,7.763849,Plein jour,En agglomération,Hors intersection,Temps couvert,Autre collision,4,2,2,0,1,1,1,0,1,50,,2,1,0,0,1,59.0,,,,1,2,1,8,6
202100019158,2021-09-12 10:30:00,2021,9,12,10,30,67,67043,ROBERTSAU (RUE DE LA),48.61406,7.76062,Plein jour,En agglomération,Intersection en T,Normale,Deux véhicules - côté,7,2,2,0,1,1,1,0,1,50,,2,1,0,0,1,25.0,20.0,,,1,2,3,1,3
202100019159,2021-09-11 00:28:00,2021,9,11,0,28,67,67482,RIETH (RUE DU),48.60092,7.71493,Nuit avec éclairage allumé,En agglomération,Intersection en T,Normale,Trois véhicules et plus - collisions multiples,4,2,2,0,1,1,1,0,1,50,,4,3,0,0,1,20.0,39.0,,,5,2,3,1,5
202100019160,2021-09-13 10:10:00,2021,9,13,10,10,65,65440,SEPTEMBRE (RUE DU IV),43.228829,0.083079,Plein jour,En agglomération,Intersection en X,Normale,Deux véhicules - côté,4,2,2,0,1,1,1,0,1,50,,2,0,0,0,2,53.0,29.0,,,1,2,2,1,3
202100019161,2021-09-13 07:35:00,2021,9,13,7,35,64,64348,DIDIER DAURAT,43.33239,-0.3797,Plein jour,En agglomération,Hors intersection,Normale,Deux véhicules - côté,4,2,2,0,1,1,1,0,1,50,,2,1,0,0,1,58.0,29.0,,,1,2,1,1,3
202100019162,2021-09-13 12:00:00,2021,9,13,12,0,64,64102,PINEDE (CHEMIN),43.48424,-1.44448,Plein jour,En agglomération,Hors intersection,Normale,Sans collision,3,2,2,0,1,1,1,0,3,50,,1,0,0,0,1,19.0,,,,1,2,1,1,7
202100019163,2021-09-12 18:30:00,2021,9,12,18,30,63,63300,RD2029,45.890939501,3.1103043258,Plein jour,En agglomération,Giratoire,Normale,Deux véhicules - côté,3,3,4,0,1,1,1,5,1,50,,2,1,0,1,0,48.0,63.0,,,1,2,6,1,3
202100019164,2021-09-10 12:20:00,2021,9,10,12,20,63,63113,PARDIEU (ROND-POINT DE LA),45.76451,3.12546,Plein jour,En agglomération,Intersection à plus de 4 branches,Normale,Deux véhicules - côté,7,1,2,0,1,1,1,5,1,50,,2,1,0,0,1,25.0,28.0,,,1,2,5,1,3
202100019165,2021-09-09 18:45:00,2021,9,9,18,45,63,63113,BLUM (AVENUE LEON),45.75912,3.10143,Crépuscule ou aube,En agglomération,Hors intersection,Normale,Autre collision,7,2,2,0,1,1,1,0,1,50,,2,1,0,0,1,22.0,,,,2,2,1,1,6
202100019166,2021-09-04 16:52:00,2021,9,4,16,52,63,63164,Route de Cébazat / L'étincelle,45.82287,3.13762,Plein jour,En agglomération,Intersection en X,Normale,Deux véhicules - côté,7,1,1,0,1,1,2,0,1,50,,2,1,0,0,1,19.0,49.0,,,1,2,2,1,3
202100019167,2021-08-29 10:30:00,2021,8,29,10,30,62,62250,LAMENDIN (R ARTHUR),50.4537,2.94955,Plein jour,En agglomération,Hors intersection,Normale,Deux véhicules - frontale,3,2,2,0,1,1,1,0,1,50,,2,1,0,1,0,74.0,22.0,,,1,2,1,1,1
202100019168,2021-09-13 08:25:00,2021,9,13,8,25,60,60159,Rue Fournier Sarlovèze,49.4167385129,2.82900846,Plein jour,En agglomération,Hors intersection,Normale,Autre collision,4,1,1,0,1,1,1,0,1,30,,2,1,0,0,1,50.0,,,,1,2,1,1,6
202100019169,2021-09-13 17:40:00,2021,9,13,17,40,59,59599,SEMARD (PLACE PIERRE),50.717056,3.167559,Plein jour,En agglomération,Hors intersection,Normale,Autre collision,7,-1,0,0,1,1,1,0,1,50,,2,1,0,0,1,60.0,,,,1,2,1,1,6
202100019170,2021-09-14 01:20:00,2021,9,14,1,20,59,59512,DUBOIS(RUE),50.69076,3.16947,Nuit avec éclairage allumé,En agglomération,Hors intersection,Normale,Autre collision,4,1,1,0,1,3,1,0,4,50,,3,1,0,0,2,,,,,5,2,1,1,6
202100019171,2021-09-13 07:55:00,2021,9,13,7,55,59,59291,JULES CAMPAGNE (RUE),50.2470174785,3.907759426,Plein jour,En agglomération,Hors intersection,Normale,Deux véhicules - côté,3,2,2,0,1,1,1,0,1,50,,2,1,0,1,0,17.0,38.0,,,1,2,1,1,3
202100019172,2021-09-13 17:13:00,2021,9,13,17,13,49,49267,MARMITIERE,47.471,-0.492,Plein jour,En agglomération,Hors intersection,Normale,Deux véhicules - arrière,4,2,2,0,1,1,1,0,1,50,,3,2,0,0,1,38.0,35.0,,,1,2,1,1,2
202100019173,2021-09-13 02:10:00,2021,9,13,2,10,49,49007,CONTADES AVENUE,47.4631,-0.55385,Nuit avec éclairage allumé,En agglomération,Giratoire,Normale,Autre collision,4,2,2,0,1,1,1,0,4,30,,5,2,0,0,3,51.0,,,,5,2,6,1,6
202100019174,2021-09-12 23:20:00,2021,9,12,23,20,45,45075,BLOIS (ROUTE DE BLOIS),47.87864,1.80679,Nuit avec éclairage allumé,En agglomération,Hors intersection,Normale,Autre collision,7,3,2,0,1,1,1,0,1,90,,2,0,0,1,1,21.0,,,,5,2,1,1,6
202100019175,2021-09-13 11:00:00,2021,9,13,11,0,35,35051,RENNES (RUE DE),48.11442,-1.60471,Plein jour,En agglomération,Hors intersection,Normale,Autre collision,4,2,4,1,1,1,1,0,1,50,,1,0,0,0,1,34.0,,,,1,2,1,1,6
202100019176,2021-09-13 21:35:00,2021,9,13,21,35,34,34172,ZAMENHOF (RUE LEJZER),43.61581,3.82585,Nuit avec éclairage allumé,En agglomération,Passage à niveau,Normale,Deux véhicules - côté,4,2,2,3,2,1,1,4,6,20,,2,1,0,1,0,40.0,8.0,,,5,2,8,1,3
202100019177,2021-09-12 18:15:00,2021,9,12,18,15,34,34172,RAVAZ (AVENUE DU PROFESSEUR LOUIS,43.62164,3.84755,Plein jour,En agglomération,Hors intersection,Normale,Autre collision,4,2,2,0,1,1,1,0,1,30,,2,0,0,0,2,15.0,,,,1,2,1,1,6
202100019178,2021-09-13 10:50:00,2021,9,13,10,50,33,33063,RUE DES ETRANGERS,44.86468,-0.54948,Plein jour,En agglomération,Intersection en X,Normale,Deux véhicules - côté,4,1,1,0,1,1,1,0,1,30,,2,1,0,0,1,20.0,20.0,,,1,2,2,1,3
202100019179,2021-09-13 09:18:00,2021,9,13,9,18,33,33063,Quai de la Souys,44.8299,-0.54283,Plein jour,En agglomération,Intersection en T,Normale,Deux véhicules - côté,4,2,4,3,1,1,1,0,1,50,,2,1,0,0,1,65.0,47.0,,,1,2,3,1,3
202100019180,2021-09-12 12:10:00,2021,9,12,12,10,33,33119,Avenue Carnot,44.85903,-0.52986,Plein jour,En agglomération,Hors intersection,Normale,Deux véhicules - arrière,4,1,2,0,2,3,1,0,1,30,,2,1,0,0,1,24.0,63.0,,,1,2,1,1,2
202100019181,2021-09-12 01:48:00,2021,9,12,1,48,33,33063,Place des Capucins,44.8306,-0.567,Nuit avec éclairage allumé,En agglomération,Place,Normale,Deux véhicules - frontale,4,-1,1,0,1,2,1,6,4,30,,2,0,0,1,1,52.0,25.0,,,5,2,7,1,1
202100019182,2021-09-09 12:45:00,2021,9,9,12,45,29,29019,Rue Emile Rousse,48.385186,-4.528152,Plein jour,En agglomération,Giratoire,Normale,Deux véhicules - arrière,4,2,4,0,1,1,1,5,1,50,,2,0,0,0,2,43.0,48.0,,,1,2,6,1,2
202100019183,2021-09-13 22:10:00,2021,9,13,22,10,27,27681,PARIS (AVENUE DE),49.08506,1.49876,Nuit avec éclairage allumé,En agglomération,Intersection en X,Normale,Deux véhicules - côté,3,2,2,0,1,1,1,0,1,50,,2,1,0,0,1,34.0,27.0,,,5,2,2,1,3
202100019184,2021-09-13 16:55:00,2021,9,13,16,55,27,27375,DE GAULLE (RUE DU GENERAL),49.21101,1.16987,Plein jour,En agglomération,Intersection en X,Normale,Deux véhicules - côté,4,1,1,0,1,1,1,0,1,30,,2,1,0,0,1,24.0,19.0,,,1,2,2,1,3
202100019185,2021-09-13 17:20:00,2021,9,13,17,20,26,26362,FAVENTINES RUE,44.917207,4.909864,Plein jour,En agglomération,Hors intersection,Normale,Autre collision,4,2,2,0,1,1,1,0,1,50,,2,1,0,1,0,44.0,,,,1,2,1,1,6
202100019186,2021-09-13 11:25:00,2021,9,13,11,25,22,22106,RN12,48.496444707,-2.7243175509,Plein jour,Hors agglomération,Hors intersection,Normale,Sans collision,2,3,4,0,1,1,1,0,1,90,,1,0,0,1,0,51.0,,,,1,1,1,1,7
202100019187,2021-09-12 02:20:00,2021,9,12,2,20,21,21231,CHAIGNOT (DU) (RUE),47.3170502409,5.0374776409,Nuit avec éclairage allumé,En agglomération,Hors intersection,Normale,Deux véhicules - frontale,4,2,2,0,1,1,1,0,1,50,,2,0,0,2,0,21.0,33.0,,,5,2,1,1,1
202100019188,2021-09-13 19:00:00,2021,9,13,19,0,13,13208,CLOT BEY (AVENUE),43.2618,5.3889,Crépuscule ou aube,En agglomération,Intersection en T,Normale,Deux véhicules - arrière,4,2,2,0,1,1,1,0,1,50,,2,1,0,0,1,33.0,28.0,,,2,2,3,1,2
202100019189,2021-09-13 14:15:00,2021,9,13,14,15,13,13212,24 AVRIL 15 (AVENUE DU),43.31,5.44,Plein jour,En agglomération,Hors intersection,Normale,Deux véhicules - frontale,4,-1,1,0,1,3,1,0,1,50,,1,0,0,0,1,78.0,,,,1,2,1,1,1
202100019190,2021-09-13 08:25:00,2021,9,13,8,25,13,13206,GOUFFE (COURS),43.2850931874,5.3915945217,Plein jour,En agglomération,Intersection en X,Normale,Deux véhicules - côté,4,2,2,0,1,1,1,0,1,50,,2,1,0,1,0,24.0,58.0,,,1,2,2,1,3
202100019191,2021-09-05 12:35:00,2021,9,5,12,35,13,13028,SUBILIA (AVENUE ERNEST ),43.18554,5.608,Plein jour,En agglomération,Hors intersection,Normale,Deux véhicules - côté,7,2,2,0,1,1,1,0,1,30,,2,1,0,1,0,15.0,42.0,,,1,2,1,1,3
202100019192,2021-09-13 08:35:00,2021,9,13,8,35,13,13005,VERDUN (AVENUE DE),43.2878524414,5.5784743524,Plein jour,En agglomération,Hors intersection,Normale,Deux véhicules - frontale,7,2,2,0,1,1,1,0,1,50,,2,1,0,0,1,34.0,,,,1,2,1,1,1
202100019193,2021-09-12 11:39:00,2021,9,12,11,39,10,10343,COOPERATIVE (RUE DE LA ),48.27056,4.09186,Plein jour,En agglomération,Hors intersection,Normale,Deux véhicules - côté,4,2,2,0,1,1,1,0,1,50,,2,1,0,0,1,33.0,68.0,,,1,2,1,1,3
202100019194,2021-09-13 10:45:00,2021,9,13,10,45,09,09122,ESPAGNE (ROUTE D'),42.950701,1.624784,Plein jour,Hors agglomération,Hors intersection,Normale,Trois véhicules et plus - en chaîne,3,-1,2,0,1,1,1,0,1,50,,4,3,0,0,1,34.0,46.0,,,1,1,1,1,4
202100019195,2021-09-11 13:10:00,2021,9,11,13,10,05,05061,D994,44.55266,6.03244,Plein jour,Hors agglomération,Hors intersection,Normale,Trois véhicules et plus - collisions multiples,3,2,3,0,2,1,1,0,1,90,,4,2,0,0,2,60.0,63.0,,,1,1,1,1,5
202100019196,2021-09-13 11:40:00,2021,9,13,11,40,01,01451,RIPPES DE BIOTS (CHEMIN DES),46.26332,5.23462,Plein jour,En agglomération,Intersection en X,Normale,Deux véhicules - côté,4,2,4,0,1,1,1,0,1,50,,2,1,0,0,1,69.0,60.0,,,1,2,2,1,3
202100019197,2021-09-13 10:30:00,2021,9,13,10,30,75,75120,BD PERIPHERIQUE INTERIEUR,48.85724,2.414025,Plein jour,En agglomération,Hors intersection,Normale,Deux véhicules - arrière,4,1,4,0,1,1,1,0,1,70,,10,4,0,0,6,25.0,25.0,,,1,2,1,1,2
202100019198,2021-09-12 05:47:00,2021,9,12,5,47,75,75116,AVENUE DU PRESIDENT WILSON,48.86488,2.297792,Nuit avec éclairage allumé,En agglomération,Hors intersection,Normale,Deux véhicules - arrière,4,3,3,3,1,1,1,0,6,30,,3,0,0,0,3,23.0,27.0,,,5,2,1,1,2
202100019199,2021-09-13 12:53:00,2021,9,13,12,53,75,75119,AVENUE CORENTIN CARIOU,48.895532,2.383231,Plein jour,En agglomération,Hors intersection,Normale,Deux véhicules - côté,4,2,3,0,1,1,1,0,1,30,,2,1,0,0,1,37.0,49.0,,,1,2,1,1,3
202100019200,2021-09-13 10:10:00,2021,9,13,10,10,75,75119,BOULEVARD DE LA VILLETTE,48.884343,2.366881,Plein jour,En agglomération,Intersection en X,Normale,Deux véhicules - côté,4,3,2,1,1,1,1,0,5,30,,2,1,0,0,1,62.0,31.0,,,1,2,2,1,3
202100019201,2021-09-13 08:00:00,2021,9,13,8,0,75,75118,BOULEVARD NEY,48.897517,2.329388,Plein jour,En agglomération,Intersection en Y,Normale,Autre collision,4,3,3,0,1,1,1,0,1,50,,2,1,0,0,1,40.0,,,,1,2,4,1,6
202100019202,2021-09-11 16:50:00,2021,9,11,16,50,75,75117,RUE DES ACACIAS,48.878035,2.29371,Plein jour,En agglomération,Intersection en T,Normale,Sans collision,4,1,1,0,1,1,1,0,1,30,,1,0,0,0,1,41.0,,,,1,2,3,1,7
202100019203,2021-09-13 09:30:00,2021,9,13,9,30,75,75116,ALLEE DE LA REINE MARGUERITE,48.849103,2.242044,Plein jour,En agglomération,Hors intersection,Normale,Deux véhicules - côté,4,2,2,1,1,1,1,0,5,50,,2,1,0,0,1,18.0,35.0,,,1,2,1,1,3
202100019204,2021-09-13 09:00:00,2021,9,13,9,0,75,75116,AVENUE FOCH,48.872278,2.285544,Plein jour,En agglomération,Intersection en Y,Normale,Autre collision,4,3,1,0,2,1,1,0,1,30,,1,0,0,0,1,36.0,,,,1,2,4,1,6
202100019205,2021-09-12 05:50:00,2021,9,12,5,50,75,75116,AVENUE DE VERSAILLES,48.850079,2.276431,Nuit avec éclairage allumé,En agglomération,Intersection en T,Normale,Autre collision,4,2,4,0,1,1,1,0,1,50,,1,0,0,0,1,19.0,,,,5,2,3,1,6
202100019206,2021-09-13 12:30:00,2021,9,13,12,30,75,75115,RUE LECOURBE,48.839257,2.291975,Plein jour,En agglomération,Intersection en X,Normale,Deux véhicules - côté,4,1,3,3,1,1,1,0,6,50,,2,1,0,0,1,16.0,47.0,,,1,2,2,1,3
202100019207,2021-09-13 09:00:00,2021,9,13,9,0,75,75115,RUE DE VAUGIRARD,48.844441,2.317707,Plein jour,En agglomération,Intersection en X,Normale,Autre collision,4,2,3,1,1,1,1,0,5,30,,2,1,0,0,1,19.0,,,,1,2,2,1,6
202100019208,2021-09-13 10:25:00,2021,9,13,10,25,75,75112,RUE CROZATIER,48.846772,2.381732,Plein jour,En agglomération,Intersection en X,Normale,Deux véhicules - côté,4,2,2,0,1,1,1,0,1,50,,2,1,0,0,1,33.0,28.0,,,1,2,2,1,3
202100019209,2021-09-13 20:11:00,2021,9,13,20,11,75,75110,BOULEVARD DE STRASBOURG,48.874816,2.3574,Nuit avec éclairage allumé,En agglomération,Intersection à plus de 4 branches,Normale,Deux véhicules - côté,4,2,5,1,2,1,1,0,5,30,,2,1,0,0,1,,24.0,,,5,2,5,1,3
202100019210,2021-09-13 17:45:00,2021,9,13,17,45,75,75101,QUAI AIME CESAIRE,48.860925,2.330066,Plein jour,En agglomération,Intersection en T,Normale,Deux véhicules - arrière,4,1,5,0,1,1,1,0,1,30,,3,2,0,0,1,49.0,44.0,,,1,2,3,1,2
202100019211,2021-09-13 16:15:00,2021,9,13,16,15,94,94078,Rue Gambetta,48.735751,2.460664,Plein jour,En agglomération,Intersection en T,Normale,Deux véhicules - côté,4,2,1,0,1,1,1,0,1,50,,2,0,0,0,2,22.0,34.0,,,1,2,3,1,3
202100019212,2021-09-13 02:40:00,2021,9,13,2,40,94,94028,PONT DE CRETEIL.,48.7999301551,2.4698521983,Nuit avec éclairage allumé,En agglomération,Hors intersection,Normale,Sans collision,3,3,3,0,2,3,1,2,1,50,,1,0,0,0,1,22.0,,,,5,2,1,1,7
202100019213,2021-09-13 18:00:00,2021,9,13,18,0,94,94043,EDMONT MICHELET (R),48.81118,2.36422,Plein jour,En agglomération,Hors intersection,Normale,Deux véhicules - côté,3,2,2,0,1,1,1,0,1,50,,2,1,0,0,1,20.0,24.0,,,1,2,1,1,3
202100019214,2021-09-13 02:42:00,2021,9,13,2,42,94,94073,PAVE DE GRIGNON (R DU),48.757431,2.401998,Nuit avec éclairage allumé,En agglomération,Hors intersection,Normale,Autre collision,4,2,2,0,1,1,1,0,4,50,,2,1,0,1,0,,,,,5,2,1,1,6
202100019215,2021-09-13 11:20:00,2021,9,13,11,20,94,94033,CHARLES GARCIA (AV),48.8584195259,2.4812786297,Plein jour,En agglomération,Intersection en T,Normale,Autre collision,4,2,2,0,1,1,1,0,1,50,,2,1,0,0,1,44.0,,,,1,2,3,1,6
202100019216,2021-09-13 10:00:00,2021,9,13,10,0,94,94077,REPUBLIQUE (AV DE LA),48.73158,2.41356,Plein jour,En agglomération,Autre intersection,Normale,Deux véhicules - côté,3,2,2,0,1,1,1,0,1,50,,2,1,0,0,1,28.0,50.0,,,1,2,9,1,3
202100019217,2021-09-13 07:40:00,2021,9,13,7,40,94,94004,GENERAL LECLERC (AV),48.74936,2.50842,Plein jour,En agglomération,Hors intersection,Normale,Autre collision,2,2,4,0,2,1,1,0,1,50,,2,1,0,0,1,48.0,47.0,,,1,2,1,1,6
202100019218,2021-09-13 17:02:00,2021,9,13,17,2,93,93071,Avenue John Fitzgerald Kennedy,48.93799,2.51355,Plein jour,En agglomération,Hors intersection,Normale,Deux véhicules - frontale,3,2,2,0,1,1,1,0,1,50,,2,1,0,1,0,23.0,22.0,,,1,2,1,1,1
202100019219,2021-09-13 08:15:00,2021,9,13,8,15,93,93077,Grande Rue / Rue de la Montagne Savart,48.882717,2.51818,Plein jour,En agglomération,Intersection en X,Normale,Deux véhicules - côté,3,2,4,0,1,1,1,0,1,50,,3,1,0,0,2,62.0,29.0,,,1,2,2,1,3
202100019220,2021-09-13 09:30:00,2021,9,13,9,30,93,93048,Avenue Pasteur,48.8684,2.4335,Plein jour,En agglomération,Hors intersection,Normale,Autre collision,3,2,2,0,1,1,1,0,1,50,,2,0,0,1,0,,,,,1,2,1,1,6
202100019221,2021-09-13 08:20:00,2021,9,13,8,20,93,93048,Boulevard Aristide Briand,48.8697,2.4494,Plein jour,En agglomération,Hors intersection,Normale,Deux véhicules - côté,3,2,2,0,1,1,1,0,1,50,,2,1,0,0,1,54.0,20.0,,,1,2,1,1,3
202100019222,2021-09-13 06:40:00,2021,9,13,6,40,93,93046,FIRMIN DIDOT AVENUE,48.91183,2.52093,Nuit avec éclairage allumé,En agglomération,Intersection en T,Normale,Deux véhicules - côté,3,3,4,0,1,1,1,0,1,50,,2,1,0,0,1,28.0,25.0,,,5,2,3,1,3
202100019223,2021-09-13 11:30:00,2021,9,13,11,30,93,93027,Avenue Paul Vaillant Couturier / Avenue Lénine,48.92057,2.41066,Plein jour,En agglomération,Giratoire,Normale,Autre collision,3,1,2,0,1,2,1,5,1,50,,2,1,0,1,0,27.0,,,,1,2,6,1,6
202100019224,2021-09-13 15:35:00,2021,9,13,15,35,93,93007,ALBERT EINSTEIN (AVENUE),48.94284,2.47398,Plein jour,En agglomération,Autre intersection,Normale,Deux véhicules - côté,4,-1,2,1,1,1,1,0,5,50,,2,1,0,0,1,53.0,34.0,,,1,2,9,1,3
202100019225,2021-09-12 19:55:00,2021,9,12,19,55,93,93007,"""REPUBLIQUE (AVENUE DE LA """"COTE PAIRS""""",48.935522,2.468339,Nuit avec éclairage allumé,En agglomération,Autre intersection,Normale,Deux véhicules - côté,4,2,2,0,1,1,1,0,1,50,,2,1,0,0,1,34.0,35.0,,,5,2,9,1,3
202100019226,2021-09-12 22:10:00,2021,9,12,22,10,92,92078,ALFRED SISLEY (QUAI),48.9356179622,2.3359430195,Nuit avec éclairage allumé,En agglomération,Intersection en X,Normale,Deux véhicules - côté,4,2,4,0,3,1,1,4,1,50,,2,1,0,0,1,19.0,31.0,,,5,2,2,1,3
202100019227,2021-09-13 12:40:00,2021,9,13,12,40,92,92046,Charles de gaulle,48.824362281,2.3009598255,Plein jour,En agglomération,Hors intersection,Normale,Autre collision,3,2,2,0,1,2,1,0,3,50,,1,0,0,0,1,33.0,,,,1,2,1,1,6
202100019228,2021-09-13 08:45:00,2021,9,13,8,45,92,92073,BLUM (QUAI LEON),48.8669190559,2.2281432152,Plein jour,En agglomération,Intersection en T,Normale,Deux véhicules - côté,3,3,4,0,1,1,1,0,1,50,,2,1,0,0,1,24.0,39.0,,,1,2,3,1,3
202100019229,2021-09-13 16:43:00,2021,9,13,16,43,92,92064,FRANCIS CHAVETON,48.859532,2.20911,Plein jour,En agglomération,Hors intersection,Normale,Sans collision,4,2,2,0,1,1,1,0,1,50,,1,0,0,0,1,50.0,,,,1,2,1,1,7
202100019230,2021-09-13 10:00:00,2021,9,13,10,0,92,92044,"BINEAU (BOULEVARD, N°53 A 131 ET 52 A 13",48.8866649669,2.283568865,Plein jour,En agglomération,Autre intersection,Normale,Autre collision,3,3,2,0,1,1,1,0,1,50,,2,1,0,0,1,36.0,16.0,,,1,2,9,1,6
202100019231,2021-09-13 15:55:00,2021,9,13,15,55,92,92050,PAUL MARCEL PLACE,48.8969222809,2.2190894186,Plein jour,En agglomération,Hors intersection,Normale,Autre collision,4,2,3,0,1,1,1,0,4,50,,2,1,0,0,1,29.0,,,,1,2,1,1,6
202100019232,2021-09-13 13:50:00,2021,9,13,13,50,92,92050,JOLIOT CURIE F. ET IRENE AVENUE  N°PAIRS,48.89051,2.20625,Plein jour,En agglomération,Hors intersection,Normale,Autre collision,3,1,0,0,1,1,1,0,1,50,,2,1,0,0,1,,,,,1,2,1,1,6
202100019233,2021-09-13 11:00:00,2021,9,13,11,0,92,92044,VIC. HUGO(RUE)077A089 ET 090A110,48.8959195112,2.296475172,Plein jour,En agglomération,Intersection en X,Normale,Deux véhicules - côté,3,2,3,3,1,1,1,0,1,50,,2,1,0,1,0,52.0,39.0,,,1,2,2,1,3
202100019234,2021-09-13 18:45:00,2021,9,13,18,45,92,92026,MISSION MARCHAND (COTE PAIR),48.8960697053,2.240434438,Plein jour,En agglomération,Hors intersection,Normale,Deux véhicules - arrière,3,3,4,0,1,1,1,0,1,50,,2,1,0,0,1,30.0,57.0,,,1,2,1,1,2
202100019235,2021-09-13 15:00:00,2021,9,13,15,0,92,92025,GENERAL CREMER (RUE DU),48.913325,2.242478,Plein jour,En agglomération,Autre intersection,Normale,Deux véhicules - côté,4,1,1,0,1,1,1,0,1,50,,2,1,0,0,1,62.0,28.0,,,1,2,9,1,3
202100019236,2021-09-13 12:11:00,2021,9,13,12,11,92,92024,HENRI BARBUSSE (RUE) DE (1 A 73)   (2 A,48.8981434158,2.3018294575,Plein jour,En agglomération,Hors intersection,Normale,Deux véhicules - côté,4,2,2,0,1,1,1,0,1,50,,2,1,0,0,1,31.0,34.0,,,1,2,1,1,3
202100019237,2021-09-13 18:05:00,2021,9,13,18,5,92,92012,GENERAL LECLERC (AVENUE DU) 35/FIN - 60/,48.8317319451,2.2372063994,Plein jour,En agglomération,Hors intersection,Normale,Trois véhicules et plus - en chaîne,3,3,6,0,1,1,1,0,1,50,,5,4,0,0,1,56.0,54.0,,,1,2,1,1,4
202100019238,2021-09-11 16:50:00,2021,9,11,16,50,92,92004,AULAGNIER ( QUAI ),48.9119704836,2.3015389274,Plein jour,En agglomération,Hors intersection,Normale,Deux véhicules - côté,3,2,0,0,1,1,1,0,1,50,,2,1,0,0,1,31.0,21.0,,,1,2,1,1,3
202100019239,2021-09-12 17:50:00,2021,9,12,17,50,54,54235,Grande Rue,48.4978282294,6.0129815348,Plein jour,En agglomération,Intersection en Y,Normale,Deux véhicules - frontale,3,2,2,0,1,2,1,0,1,50,,2,1,0,1,0,68.0,29.0,,,1,2,4,1,1
202100019240,2021-09-14 09:10:00,2021,9,14,9,10,25,25116,D30 PK 021+500,47.281532,6.262855,Plein jour,Hors agglomération,Hors intersection,Normale,Deux véhicules - frontale,3,2,2,0,1,1,1,0,1,80,,2,1,0,1,0,24.0,22.0,,,1,1,1,1,1
202100019241,2021-09-13 15:10:00,2021,9,13,15,10,28,28177,Autoroute A11  PK 57+700,48.436618,1.523205,Plein jour,Hors agglomération,Hors intersection,Normale,Deux véhicules - arrière,1,3,3,0,1,1,1,0,1,130,,2,1,0,1,0,46.0,61.0,,,1,1,1,1,2
202100019242,2021-09-13 14:20:00,2021,9,13,14,20,67,67073,Route de Scherwiller,48.279395,7.402055,Plein jour,En agglomération,Intersection en T,Normale,Deux véhicules - frontale,3,2,2,0,2,4,9,8,4,50,,2,1,0,1,0,47.0,53.0,,,1,2,3,1,1
202100019243,2021-07-17 20:10:00,2021,7,17,20,10,972,97203,N3,14.83886,-61.095529,Nuit sans éclairage public,Hors agglomération,Hors intersection,Pluie forte,Deux véhicules - frontale,2,2,2,0,2,4,2,0,1,80,,6,1,0,1,4,63.0,40.0,,,3,1,1,3,1
202100019244,2021-09-12 12:39:00,2021,9,12,12,39,63,63386,"D986, lieu-dit PRADES",45.743509,2.813251,Plein jour,Hors agglomération,Hors intersection,Normale,Autre collision,3,2,2,0,1,1,1,0,3,50,,1,0,0,1,0,66.0,,,,1,1,1,1,6
202100019245,2021-09-12 17:30:00,2021,9,12,17,30,29,29181,N12,48.490213,-4.22596,Plein jour,Hors agglomération,Hors intersection,Normale,Autre collision,2,3,4,0,1,1,1,0,3,110,,3,1,0,0,2,20.0,,,,1,1,1,1,6
202100019246,2021-09-14 05:10:00,2021,9,14,5,10,19,19178,A20,45.27959,1.56287,Nuit sans éclairage public,Hors agglomération,Hors intersection,Temps couvert,Deux véhicules - frontale,1,3,4,0,1,1,2,0,1,130,,4,2,0,1,1,84.0,48.0,,,3,1,1,8,1
202100019247,2021-09-13 08:25:00,2021,9,13,8,25,83,83019,Col du Gratteloup (Col de montagne),43.17141,6.331714,Plein jour,Hors agglomération,Hors intersection,Normale,Deux véhicules - frontale,3,2,2,0,3,1,1,0,1,80,,4,3,0,1,0,52.0,32.0,,,1,1,1,1,1
202100019248,2021-09-13 19:30:00,2021,9,13,19,30,51,51166,D69,48.9157065255,4.7980843096,Plein jour,Hors agglomération,Hors intersection,Normale,Sans collision,3,2,2,0,3,2,1,0,3,80,,1,0,0,0,1,24.0,,,,1,1,1,1,7
202100019249,2021-09-13 16:45:00,2021,9,13,16,45,32,32413,D12,43.364759,0.699273,Plein jour,Hors agglomération,Hors intersection,Temps couvert,Autre collision,3,2,2,0,1,1,2,0,3,80,,1,0,0,1,0,35.0,,,,1,1,1,8,6
202100019250,2021-08-23 01:05:00,2021,8,23,1,5,11,11106,Avenue Frédéric Mistral,43.233265,3.056193,Nuit avec éclairage allumé,En agglomération,Intersection en T,Normale,Deux véhicules - frontale,3,2,2,0,1,1,1,5,1,50,,2,1,0,1,0,28.0,,,,5,2,3,1,1