accident_id,datetime,annee,mois,jour,heure,minute,departement,commune_insee,adresse,latitude,longitude,luminosite,agglomeration,intersection,meteo,collision,catr,circ,nbv,vosp,prof,plan,surf,infra,situ,vma,nb_vehicules,nb_usagers,nb_indemnes,nb_tues,nb_blesses_hosp,nb_blesses_legers,age_cond_1,age_cond_2,veh_type_cond_1,veh_type_cond_2,lum_code,agg_code,int_code,atm_code,col_code
202100019251,2021-09-13 15:05:00,2021,9,13,15,5,71,71112,D452,46.416589,4.569969,Plein jour,Hors agglomération,Hors intersection,Normale,Deux véhicules - frontale,3,2,2,0,1,4,1,0,1,80,,2,1,0,1,0,29.0,59.0,,,1,1,1,1,1
202100019252,2021-09-14 10:40:00,2021,9,14,10,40,63,63413,D978/A75 bretelle accès dir Clermont,45.653779,3.16837,Plein jour,Hors agglomération,Intersection en T,Normale,Deux véhicules - côté,1,1,1,-1,1,1,1,3,1,80,,3,2,0,1,0,74.0,79.0,,,1,1,3,1,3
202100019253,2021-08-13 19:00:00,2021,8,13,19,0,49,49345,Route des Trois Chênes,47.311286,-0.54208,Plein jour,Hors agglomération,Intersection en X,Normale,Deux véhicules - côté,3,2,2,0,1,1,1,0,1,90,,2,1,0,0,1,16.0,23.0,,,1,1,2,1,3
202100019254,2021-09-12 05:00:00,2021,9,12,5,0,42,42125,D1,45.874421,3.92,Nuit sans éclairage public,Hors agglomération,Hors intersection,Normale,Autre collision,3,2,2,0,1,2,1,0,3,80,,4,2,0,0,2,21.0,,,,3,1,1,1,6
202100019255,2021-08-12 03:20:00,2021,8,12,3,20,41,41049,D956,47.339265,1.482319,Nuit sans éclairage public,Hors agglomération,Hors intersection,Normale,Autre collision,3,2,2,0,1,2,1,2,8,90,,1,0,0,1,0,29.0,,,,3,1,1,1,6
202100019256,2021-09-07 14:00:00,2021,9,7,14,0,22,22013,Keratred,48.50342,-3.148259,Plein jour,Hors agglomération,Hors intersection,Normale,Deux véhicules - frontale,4,2,2,0,2,3,1,0,1,80,,2,1,0,1,0,67.0,42.0,,,1,1,1,1,1
202100019257,2021-09-13 18:08:00,2021,9,13,18,8,39,39486,,46.814039,5.588847,Plein jour,Hors agglomération,Intersection en T,Temps éblouissant,Deux véhicules - côté,3,2,2,0,1,1,1,0,1,80,,3,1,0,1,1,60.0,21.0,,,1,1,3,7,3
202100019258,2021-09-14 08:45:00,2021,9,14,8,45,39,39313,,46.69044,5.781308,Plein jour,Hors agglomération,Hors intersection,Normale,Deux véhicules - côté,3,2,2,0,1,3,1,8,1,80,,2,1,0,0,1,50.0,71.0,,,1,1,1,1,3
202100019259,2021-09-11 09:25:00,2021,9,11,9,25,29,29155,Porsguen,48.452626,-5.083341,Plein jour,En agglomération,Intersection en T,Normale,Autre collision,4,2,1,0,1,1,1,5,8,50,,1,0,0,1,0,75.0,,,,1,2,3,1,6
202100019260,2021-09-13 18:45:00,2021,9,13,18,45,31,31206,parking clinique verdaich,43.276104,1.489098,Plein jour,En agglomération,Autre intersection,Normale,Autre collision,6,-1,-1,0,1,1,1,9,8,-1,,2,1,0,1,0,33.0,,,,1,2,9,1,6
202100019261,2021-09-12 12:07:00,2021,9,12,12,7,01,01139,Route de Montpont,46.482267,5.166487,Plein jour,Hors agglomération,Hors intersection,Normale,Autre collision,3,2,2,0,1,1,1,0,3,80,,1,0,0,0,1,34.0,,,,1,1,1,1,6
202100019262,2021-09-11 04:25:00,2021,9,11,4,25,72,72077,LD BOUILLANT,47.6120181378,0.3288409267,Nuit sans éclairage public,Hors agglomération,Autre intersection,Normale,Autre collision,3,2,2,0,1,1,1,0,1,80,,2,1,0,1,0,32.0,,,,3,1,9,1,6
202100019263,2021-09-12 18:52:00,2021,9,12,18,52,72,72161,Route de Salvert,47.7480693266,0.5598927984,Crépuscule ou aube,En agglomération,Autre intersection,Normale,Deux véhicules - côté,3,2,2,0,1,1,1,0,1,80,,3,2,0,0,1,87.0,38.0,,,2,2,9,1,3
202100019264,2021-09-10 09:30:00,2021,9,10,9,30,06,06103,Tunnel,44.038075,7.291709,Plein jour,Hors agglomération,Hors intersection,Normale,Deux véhicules - côté,7,3,2,0,2,1,1,0,1,70,,2,1,0,1,0,75.0,73.0,,,1,1,1,1,3
202100019265,2021-06-29 16:45:00,2021,6,29,16,45,06,06105,1422 Route de Notre Dame,43.679915,7.034726,Plein jour,En agglomération,Intersection en Y,Normale,Deux véhicules - frontale,3,2,2,0,1,3,1,0,1,50,,2,0,0,0,2,76.0,24.0,,,1,2,4,1,1
202100019266,2021-09-13 18:39:00,2021,9,13,18,39,50,50003,D651,49.057572,-1.598554,Plein jour,Hors agglomération,Hors intersection,Normale,Deux véhicules - arrière,3,2,2,0,1,1,1,0,1,80,,5,4,0,1,0,69.0,81.0,,,1,1,1,1,2
202100019267,2021-09-13 13:50:00,2021,9,13,13,50,45,45056,D403,48.165456,2.506428,Plein jour,Hors agglomération,Hors intersection,Normale,Deux véhicules - frontale,3,2,2,0,1,1,1,0,1,80,,3,0,0,3,0,24.0,64.0,,,1,1,1,1,1
202100019268,2021-09-14 18:30:00,2021,9,14,18,30,64,64431,Avenue du Lac D281,43.385332,-0.591282,Plein jour,Hors agglomération,Hors intersection,Normale,Autre collision,3,2,2,0,1,3,2,9,3,70,,4,3,0,1,0,18.0,,,,1,1,1,1,6
202100019269,2021-09-14 10:35:00,2021,9,14,10,35,64,64493,Avenue de Navarre,43.318438,-1.02514,Plein jour,En agglomération,Hors intersection,Temps couvert,Autre collision,3,2,2,0,1,1,1,0,1,50,,2,1,1,0,0,80.0,,,,1,2,1,8,6
202100019270,2021-09-12 01:15:00,2021,9,12,1,15,07,07218,d283,44.946273,4.558468,Nuit sans éclairage public,Hors agglomération,Hors intersection,Normale,Autre collision,3,2,2,0,1,1,1,0,3,80,,1,0,0,1,0,53.0,,,,3,1,1,1,6
202100019271,2021-09-14 16:50:00,2021,9,14,16,50,40,40197,"Route de Mont de marsan, RD 38, PK 35+910",44.024672,-0.903137,Plein jour,En agglomération,Hors intersection,Normale,Deux véhicules - frontale,3,2,2,0,1,1,1,0,1,-1,,2,0,1,0,1,49.0,26.0,,,1,2,1,1,1
202100019272,2021-09-13 17:40:00,2021,9,13,17,40,27,27367,Route de l Angorie,49.242217,0.475481,Plein jour,Hors agglomération,Hors intersection,Normale,Autre collision,4,2,2,0,1,1,1,0,3,80,,1,0,0,1,0,20.0,,,,1,1,1,1,6
202100019273,2021-09-13 10:40:00,2021,9,13,10,40,27,27198,Route Fleurie (Gouville),48.853986,1.026589,Plein jour,Hors agglomération,Hors intersection,Normale,Autre collision,3,2,2,0,2,1,1,0,3,80,,1,0,0,0,1,34.0,,,,1,1,1,1,6
202100019274,2021-09-04 19:00:00,2021,9,4,19,0,87,87154,ZI du Pavillon,45.90415,0.931504,Crépuscule ou aube,En agglomération,Hors intersection,Normale,Deux véhicules - frontale,3,2,2,0,1,1,1,0,1,80,,2,1,0,1,0,84.0,61.0,,,2,2,1,1,1
202100019275,2021-09-13 11:43:00,2021,9,13,11,43,88,88488,département 165,48.193571,6.095191,Plein jour,Hors agglomération,Hors intersection,Normale,Trois véhicules et plus - collisions multiples,3,2,2,0,1,1,1,0,1,90,,3,1,0,2,0,51.0,43.0,,,1,1,1,1,5
202100019276,2021-09-14 16:40:00,2021,9,14,16,40,01,01405,D1083,46.132256,5.164556,Plein jour,Hors agglomération,Hors intersection,Normale,Trois véhicules et plus - collisions multiples,3,2,2,0,1,1,1,0,1,70,,4,2,0,2,0,56.0,61.0,,,1,1,1,1,5
202100019277,2021-09-11 00:30:00,2021,9,11,0,30,49,49266,autoroute A11,47.438886,-0.763378,Nuit sans éclairage public,Hors agglomération,Hors intersection,Normale,Sans collision,1,3,2,0,1,1,1,0,3,130,,1,0,0,1,0,28.0,,,,3,1,1,1,7
202100019278,2021-08-25 23:50:00,2021,8,25,23,50,34,34336,A9 pk162+000,43.321993,3.268003,Nuit sans éclairage public,Hors agglomération,Hors intersection,Normale,Deux véhicules - arrière,1,3,3,0,1,1,1,0,1,130,,6,5,0,1,0,20.0,47.0,,,3,1,1,1,2
202100019279,2021-09-13 10:35:00,2021,9,13,10,35,987,98747,PK 57+100 - RT 1,-17.7648,-149.213089,Plein jour,Hors agglomération,Hors intersection,Normale,Deux véhicules - frontale,2,3,2,0,1,2,1,0,8,60,,2,0,2,0,0,28.0,,,,1,1,1,1,1
202100019280,2021-09-13 20:05:00,2021,9,13,20,5,973,97304,RN1 PK65+200,5.122811,-52.737679,Nuit sans éclairage public,Hors agglomération,Hors intersection,Normale,Deux véhicules - frontale,2,2,2,0,1,1,1,0,1,80,,3,1,2,0,0,42.0,21.0,,,3,1,1,1,1
202100019281,2021-09-12 20:55:00,2021,9,12,20,55,77,77153,D401,49.053452,2.675514,Nuit avec éclairage allumé,En agglomération,Intersection en X,Normale,Deux véhicules - côté,3,2,2,0,1,1,1,0,1,50,,5,4,0,0,1,32.0,21.0,,,5,2,2,1,3
202100019282,2021-09-10 18:00:00,2021,9,10,18,0,2B,2B298,Paring Ste-Anne,42.6789748665,9.30250704,Plein jour,En agglomération,Hors intersection,Normale,Deux véhicules - côté,3,2,2,0,1,1,1,0,1,50,,2,1,0,0,1,17.0,57.0,,,1,2,1,1,3
202100019283,2021-08-30 11:40:00,2021,8,30,11,40,05,05079,Route départementale 1091,45.04169,6.421552,Plein jour,Hors agglomération,Hors intersection,Normale,Autre collision,3,2,2,0,2,4,1,0,1,90,,2,1,0,1,0,36.0,37.0,,,1,1,1,1,6
202100019284,2021-09-13 08:00:00,2021,9,13,8,0,13,13084,route de saint anne,43.716384,5.30446,Crépuscule ou aube,En agglomération,Intersection en Y,Normale,Deux véhicules - côté,7,2,2,0,2,1,1,0,1,50,,2,1,0,0,1,26.0,,,,2,2,4,1,3
202100019285,2021-09-09 13:30:00,2021,9,9,13,30,68,68374,départementale 83,48.083383,7.312206,Plein jour,En agglomération,Giratoire,Normale,Deux véhicules - arrière,3,1,4,0,1,1,1,5,1,70,,2,1,0,1,0,27.0,57.0,,,1,2,6,1,2
202100019286,2021-09-13 17:28:00,2021,9,13,17,28,54,54196,D115,48.5839605319,6.1959028246,Plein jour,Hors agglomération,Hors intersection,Normale,Sans collision,3,2,2,0,2,4,1,0,3,80,,2,0,1,1,0,18.0,,,,1,1,1,1,7
202100019287,2021-09-13 07:50:00,2021,9,13,7,50,69,69009,VILLEFRANCHE (DE) (RTE),45.941195,4.716123,Plein jour,En agglomération,Autre intersection,Normale,Deux véhicules - côté,3,3,2,0,1,1,1,0,1,50,,2,1,0,0,1,58.0,41.0,,,1,2,9,1,3
202100019288,2021-08-24 23:20:00,2021,8,24,23,20,46,46197,D47,44.355809,1.441765,Nuit sans éclairage public,Hors agglomération,Intersection en T,Normale,Autre collision,3,2,2,0,2,1,1,0,3,80,,3,2,0,0,1,20.0,,,,3,1,3,1,6
202100019289,2021-09-12 18:50:00,2021,9,12,18,50,33,33555,1 Boulevard des Girondins Crx d Hins,44.712335,-0.816277,Plein jour,En agglomération,Hors intersection,Normale,Deux véhicules - arrière,3,2,1,0,1,1,1,0,1,50,,2,1,0,1,0,17.0,28.0,,,1,2,1,1,2
202100019290,2021-07-25 01:15:00,2021,7,25,1,15,22,22286,44 Le Haut Boulay,48.520481,-2.383878,Nuit sans éclairage public,Hors agglomération,Hors intersection,Pluie forte,Sans collision,3,2,2,0,1,1,2,0,3,80,,2,1,0,0,1,16.0,,,,3,1,1,3,7
202100019291,2021-09-14 05:40:00,2021,9,14,5,40,35,35015,Lieu Dit la Peignerie,48.149818,-1.197928,Nuit sans éclairage public,Hors agglomération,Hors intersection,Pluie légère,Deux véhicules - frontale,3,2,2,0,2,1,2,0,1,80,,2,1,1,0,0,46.0,48.0,,,3,1,1,2,1
202100019292,2021-09-11 07:50:00,2021,9,11,7,50,35,35124,D54,47.724783,-1.724945,Crépuscule ou aube,Hors agglomération,Intersection en T,Normale,Autre collision,3,2,2,0,2,3,1,0,3,80,,1,0,0,1,0,23.0,,,,2,1,3,1,6
202100019293,2021-09-14 07:40:00,2021,9,14,7,40,60,60239,D506,49.237664,1.958227,Crépuscule ou aube,Hors agglomération,Hors intersection,Pluie légère,Sans collision,3,2,2,0,1,3,2,0,1,80,,1,0,0,0,1,22.0,,,,2,1,1,2,7
202100019294,2021-09-13 16:45:00,2021,9,13,16,45,59,59481,D 2934,50.251136,3.636099,Plein jour,En agglomération,Hors intersection,Temps éblouissant,Autre collision,3,2,2,0,1,2,1,2,4,50,,1,0,1,0,0,63.0,,,,1,2,1,7,6
202100019295,2021-09-13 08:30:00,2021,9,13,8,30,59,59615,1448 rue du bois,50.694494,2.623581,Plein jour,Hors agglomération,Intersection en T,Normale,Deux véhicules - côté,3,2,2,0,1,1,1,0,1,80,,2,0,0,1,1,81.0,52.0,,,1,1,3,1,3
202100019296,2021-09-10 18:30:00,2021,9,10,18,30,83,83137,A57,43.123287,5.959106,Plein jour,Hors agglomération,Hors intersection,Normale,Trois véhicules et plus - collisions multiples,1,3,5,0,1,1,1,8,1,50,,3,2,0,0,1,32.0,48.0,,,1,1,1,1,5
202100019297,2021-09-13 14:40:00,2021,9,13,14,40,33,33318,Autoroute A63,44.7885,-0.62204,Plein jour,Hors agglomération,Hors intersection,Normale,Autre collision,1,1,2,0,2,3,1,3,1,50,,1,0,0,0,1,63.0,,,,1,1,1,1,6
202100019298,2021-09-13 17:40:00,2021,9,13,17,40,33,33122,AUTOROUTE A 63,44.743325,-0.706232,Plein jour,Hors agglomération,Hors intersection,Normale,Deux véhicules - arrière,1,1,4,0,1,1,1,0,1,110,,3,2,0,0,1,29.0,43.0,,,1,1,1,1,2
202100019299,2021-09-12 18:40:00,2021,9,12,18,40,33,33096,AUTOROUTE A 10,44.888416,-0.504,Plein jour,Hors agglomération,Hors intersection,Normale,Deux véhicules - arrière,1,3,6,0,1,1,1,0,1,90,,6,4,0,0,2,28.0,40.0,,,1,1,1,1,2
202100019300,2021-09-10 19:36:00,2021,9,10,19,36,59,59501,AUTOROUTE A 21,50.37428,3.241786,Plein jour,Hors agglomération,Hors intersection,Normale,Deux véhicules - arrière,1,3,4,0,1,1,1,0,1,110,,2,1,0,0,1,55.0,27.0,,,1,1,1,1,2
202100019301,2021-09-10 18:15:00,2021,9,10,18,15,59,59501,AUTOROUTE A 21,50.3746116443,3.2430115329,Plein jour,Hors agglomération,Hors intersection,Normale,Autre collision,1,3,4,0,1,1,1,0,1,110,,1,0,0,0,1,24.0,,,,1,1,1,1,6
202100019302,2021-05-09 20:40:00,2021,5,9,20,40,59,59378,ROUTE NATIONALE 356,50.6548388911,3.1070280075,Plein jour,Hors agglomération,Hors intersection,Normale,Trois véhicules et plus - en chaîne,2,1,0,0,1,1,1,9,8,30,,4,3,0,0,1,66.0,31.0,,,1,1,1,1,4
202100019303,2021-09-05 18:30:00,2021,9,5,18,30,59,59288,AUTOROUTE A2,50.314617,3.405702,Plein jour,Hors agglomération,Hors intersection,Normale,Trois véhicules et plus - collisions multiples,1,3,4,0,1,1,1,0,1,110,,5,3,0,0,2,37.0,37.0,,,1,1,1,1,5
202100019304,2021-09-13 08:45:00,2021,9,13,8,45,91,91661,AUTOROUTE A10,48.68568,2.21442,Plein jour,Hors agglomération,Hors intersection,Normale,Trois véhicules et plus - en chaîne,1,3,4,0,2,1,1,0,1,90,,3,2,0,0,1,32.0,39.0,,,1,1,1,1,4
202100019305,2021-09-13 09:50:00,2021,9,13,9,50,92,92050,A86,48.8935569489,2.1886306909,Plein jour,Hors agglomération,Hors intersection,Normale,Deux véhicules - côté,1,1,6,0,1,1,1,1,1,70,,2,1,0,0,1,22.0,32.0,,,1,1,1,1,3
202100019306,2021-09-13 08:40:00,2021,9,13,8,40,92,92051,N13,48.8826932526,2.2667435188,Plein jour,Hors agglomération,Hors intersection,Normale,Deux véhicules - côté,2,3,4,0,1,1,1,0,1,70,,2,1,0,0,1,54.0,38.0,,,1,1,1,1,3
202100019307,2021-09-13 16:00:00,2021,9,13,16,0,93,93066,AUTOROUTE A1,48.92139,2.35748,Plein jour,Hors agglomération,Hors intersection,Normale,Trois véhicules et plus - en chaîne,1,3,8,0,1,1,1,0,1,90,,3,2,0,0,1,37.0,38.0,,,1,1,1,1,4
202100019308,2021-09-12 22:30:00,2021,9,12,22,30,93,93005,AUTOROUTE A3,48.92822,2.48115,Nuit sans éclairage public,Hors agglomération,Hors intersection,Normale,Deux véhicules - arrière,1,1,0,0,1,1,1,0,1,90,,7,2,0,0,5,44.0,45.0,,,3,1,1,1,2
202100019309,2021-09-12 03:15:00,2021,9,12,3,15,93,93066,AUTOROUTE A1,48.92057,2.35738,Nuit avec éclairage allumé,Hors agglomération,Hors intersection,Normale,Trois véhicules et plus - en chaîne,1,3,8,0,1,1,1,0,1,90,,7,2,0,0,5,26.0,23.0,,,5,1,1,1,4
202100019310,2021-09-12 02:25:00,2021,9,12,2,25,95,95018,A15,48.95103,2.27972,Nuit sans éclairage public,Hors agglomération,Hors intersection,Normale,Autre collision,1,3,8,0,1,1,1,0,2,110,,1,0,0,0,1,30.0,,,,3,1,1,1,6
202100019311,2021-09-13 12:15:00,2021,9,13,12,15,77,77121,A104,48.8366222215,2.6649838163,Plein jour,Hors agglomération,Hors intersection,Normale,Deux véhicules - arrière,1,3,2,0,1,2,1,0,1,90,,3,1,0,0,2,55.0,33.0,,,1,1,1,1,2
202100019312,2021-09-11 11:50:00,2021,9,11,11,50,25,25031,REVOLUTION DE 1789 AVENUE DE LA),47.4872,6.84242,Plein jour,En agglomération,Autre intersection,Normale,Autre collision,3,3,2,0,1,4,1,0,4,50,,2,1,0,1,0,37.0,,,,1,2,9,1,6
202100019313,2021-09-11 05:10:00,2021,9,11,5,10,987,98736,CHARLES DE GAULLE (AV),-17.526747,-149.544986,Crépuscule ou aube,En agglomération,Intersection en X,Normale,Deux véhicules - côté,4,2,2,0,1,1,1,5,1,50,,3,0,0,2,1,38.0,29.0,,,2,2,2,1,3
202100019314,2021-09-12 16:40:00,2021,9,12,16,40,976,97611,vahibe-Departementale 3 ( route ),-12.79257,45.18824,Plein jour,Hors agglomération,Hors intersection,Normale,Deux véhicules - côté,3,2,2,0,2,3,1,0,1,70,,3,1,0,0,2,29.0,45.0,,,1,1,1,1,3
202100019315,2021-09-12 10:00:00,2021,9,12,10,0,974,97416,L'ENTRE DEUX(ROUTE DE),-21.2942126716,55.4469823835,Plein jour,Hors agglomération,Hors intersection,Normale,Sans collision,4,2,2,0,1,3,1,0,3,70,,1,0,0,0,1,27.0,,,,1,1,1,1,7
202100019316,2021-09-11 11:56:00,2021,9,11,11,56,973,97302,MONTABO (ROUTE DE) 1,4.93769,-52.29856,Plein jour,En agglomération,Hors intersection,Normale,Deux véhicules - arrière,3,2,2,0,1,1,1,0,1,50,,2,1,0,1,0,91.0,40.0,,,1,2,1,1,2
202100019317,2021-09-11 19:20:00,2021,9,11,19,20,69,69383,LAFAYETTE (CR),45.7636971548,4.8669192195,Plein jour,En agglomération,Hors intersection,Normale,Autre collision,4,1,1,1,1,1,1,0,1,30,,2,1,0,0,1,32.0,,,,1,2,1,1,6
202100019318,2021-09-12 08:00:00,2021,9,12,8,0,69,69266,LEON BLUM (R),45.76276,4.91254,Plein jour,En agglomération,Autre intersection,Normale,Deux véhicules - côté,4,1,3,3,1,2,1,0,1,50,,3,2,0,0,1,29.0,27.0,,,1,2,9,1,3
202100019319,2021-09-12 22:14:00,2021,9,12,22,14,69,69382,CASIMIR PERIER (R),45.74212,4.82189,Nuit avec éclairage allumé,En agglomération,Intersection en X,Normale,Deux véhicules - côté,4,2,2,0,1,1,1,0,1,30,,2,1,0,0,1,19.0,42.0,,,5,2,2,1,3
202100019320,2021-09-11 13:45:00,2021,9,11,13,45,69,69034,CANUTS (DES) (BD),45.78417,4.83145,Plein jour,En agglomération,Intersection en T,Normale,Deux véhicules - côté,4,2,2,0,1,1,1,0,1,50,,2,1,0,1,0,37.0,20.0,,,1,2,3,1,3
202100019321,2021-09-11 05:10:00,2021,9,11,5,10,69,69034,BELLEVUE (TUN),45.78818,4.8548,Nuit avec éclairage allumé,Hors agglomération,Hors intersection,Normale,Sans collision,9,1,2,0,1,1,1,1,1,50,,5,2,0,1,2,,,,,5,1,1,1,7
202100019322,2021-09-11 17:50:00,2021,9,11,17,50,2B,2B033,LUPINO,42.6806295771,9.4410443682,Plein jour,En agglomération,Hors intersection,Normale,Deux véhicules - frontale,4,2,1,0,1,1,1,0,1,50,,2,1,0,0,1,42.0,58.0,,,1,2,1,1,1
202100019323,2021-09-12 08:48:00,2021,9,12,8,48,95,95268,ALL THEOPHILE GAUTIER,48.9730047479,2.392205894,Plein jour,En agglomération,Hors intersection,Normale,Autre collision,4,2,1,0,2,1,1,9,1,30,,2,1,0,0,1,40.0,,,,1,2,1,1,6
202100019324,2021-09-12 16:50:00,2021,9,12,16,50,91,91161,AV PIERRE BROSSOLETTE,48.69958,2.31606,Plein jour,En agglomération,Intersection en X,Normale,Autre collision,3,2,2,0,1,1,1,0,8,50,,3,2,0,0,1,14.0,40.0,,,1,2,2,1,6
202100019325,2021-09-11 23:15:00,2021,9,11,23,15,91,91692,NORMANDIE (AVENUE DE),48.691709,2.164678,Nuit avec éclairage allumé,En agglomération,Hors intersection,Normale,Deux véhicules - arrière,4,2,2,0,1,1,1,0,1,45,,5,4,0,0,1,21.0,24.0,,,5,2,1,1,2
202100019326,2021-09-11 11:45:00,2021,9,11,11,45,91,91479,AV ALEXANDRE DUMAS,48.711176,2.359074,Plein jour,En agglomération,Intersection en X,Temps couvert,Deux véhicules - côté,4,2,2,0,1,1,1,0,1,50,,2,1,0,0,1,56.0,75.0,,,1,2,2,8,3
202100019327,2021-09-12 20:00:00,2021,9,12,20,0,86,86194,Boulevard Tison,46.575111,0.337817,Plein jour,En agglomération,Hors intersection,Normale,Deux véhicules - côté,4,2,2,0,3,3,9,0,1,50,,3,1,0,0,2,15.0,52.0,,,1,2,1,1,3
202100019328,2021-09-12 14:30:00,2021,9,12,14,30,85,85191,D 948,46.68745,-1.45782,Plein jour,Hors agglomération,Hors intersection,Normale,Deux véhicules - côté,3,3,0,0,1,1,1,0,1,110,,2,1,0,1,0,78.0,20.0,,,1,1,1,1,3
202100019329,2021-09-06 12:00:00,2021,9,6,12,0,83,83123,GARE (ROUTE),43.12113,5.81817,Plein jour,En agglomération,Hors intersection,Normale,Autre collision,3,1,1,0,1,1,1,0,1,50,,2,1,0,0,1,26.0,,,,1,2,1,1,6
202100019330,2021-09-12 16:40:00,2021,9,12,16,40,83,83118,ROUTE DE LA CORNICHE,43.41516,6.81094,Plein jour,En agglomération,Hors intersection,Normale,Autre collision,3,-1,2,0,1,1,1,0,1,50,,2,1,0,1,0,31.0,,,,1,2,1,1,6
202100019331,2021-09-12 14:30:00,2021,9,12,14,30,69,69264,VERMOREL VICTOR (BD),45.98612,4.71401,Crépuscule ou aube,En agglomération,Intersection en X,Normale,Deux véhicules - côté,4,1,1,0,1,1,1,0,1,50,,3,2,0,0,1,56.0,20.0,,,2,2,2,1,3
202100019332,2021-09-12 15:10:00,2021,9,12,15,10,65,65047,JAURES (AVE JEAN),43.24341,0.09578,Plein jour,En agglomération,Intersection en T,Normale,Deux véhicules - frontale,2,2,2,0,1,1,1,0,1,50,,2,1,0,0,1,52.0,16.0,,,1,2,3,1,1
202100019333,2021-09-11 01:35:00,2021,9,11,1,35,62,62907,PASCAL BLAISE,50.4832,3.00295,Nuit avec éclairage allumé,En agglomération,Hors intersection,Normale,Sans collision,4,2,2,0,1,1,1,0,1,50,,7,1,1,4,1,22.0,,,,5,2,1,1,7
202100019334,2021-09-12 21:25:00,2021,9,12,21,25,61,61001,VILLENEUVE (RUE DE),48.428397,0.064236,Nuit avec éclairage allumé,En agglomération,Giratoire,Normale,Deux véhicules - côté,3,2,2,0,1,1,1,5,1,50,,2,1,0,0,1,18.0,28.0,,,5,2,6,1,3
202100019335,2021-09-11 17:02:00,2021,9,11,17,2,61,61397,CONDE (RUE DE),48.424,0.0613,Plein jour,En agglomération,Hors intersection,Normale,Deux véhicules - arrière,3,2,2,0,1,1,1,2,1,50,,2,1,0,0,1,54.0,37.0,,,1,2,1,1,2
202100019336,2021-09-12 22:35:00,2021,9,12,22,35,59,59122,PORTE DE PARIS (PLACE DE LA),50.170316439,3.2307931781,Nuit avec éclairage allumé,En agglomération,Giratoire,Normale,Deux véhicules - côté,3,1,1,0,1,1,1,5,1,40,,2,1,0,0,1,20.0,25.0,,,5,2,6,1,3
202100019337,2021-09-12 21:00:00,2021,9,12,21,0,51,51454,Boulevard Victor Hugo,49.246893828,4.0441256688,Nuit avec éclairage allumé,En agglomération,Intersection en T,Normale,Deux véhicules - côté,4,2,1,1,1,1,1,8,1,50,,3,2,0,0,1,29.0,25.0,,,5,2,3,1,3
202100019338,2021-09-08 23:55:00,2021,9,8,23,55,49,49007,FAURE QUAI,47.481604,-0.550139,Nuit avec éclairage allumé,En agglomération,Hors intersection,Normale,Sans collision,4,2,2,0,1,1,1,0,1,50,,1,0,0,0,1,21.0,,,,5,2,1,1,7
202100019339,2021-09-12 06:17:00,2021,9,12,6,17,49,49007,RAFFOUX CHEMIN,47.5046,-0.56992,Nuit sans éclairage public,En agglomération,Hors intersection,Normale,Sans collision,4,2,2,0,1,1,1,0,1,80,,1,0,0,0,1,62.0,,,,3,2,1,1,7
202100019340,2021-09-12 05:15:00,2021,9,12,5,15,42,42183,Rue Gambetta,45.40484,4.37403,Nuit avec éclairage allumé,En agglomération,Hors intersection,Normale,Autre collision,7,2,2,0,2,1,1,8,1,50,,1,0,0,1,0,22.0,,,,5,2,1,1,6
202100019341,2021-09-12 21:25:00,2021,9,12,21,25,38,38151,A480,45.15529,5.69895,Nuit sans éclairage public,Hors agglomération,Hors intersection,Normale,Deux véhicules - arrière,1,1,3,3,1,1,1,0,1,110,,6,3,0,0,3,41.0,,,,3,1,1,1,2
202100019342,2021-09-12 17:10:00,2021,9,12,17,10,35,35238,BOURGEOIS (BOULEVARD LEON),48.0990371449,-1.6532446945,Plein jour,En agglomération,Hors intersection,Normale,Autre collision,4,2,2,0,1,1,1,0,1,50,,1,0,0,0,1,66.0,,,,1,2,1,1,6
202100019343,2021-09-12 09:05:00,2021,9,12,9,5,35,35238,RN136,48.11796,-1.71956,Plein jour,Hors agglomération,Hors intersection,Normale,Autre collision,2,3,5,0,1,3,1,3,3,90,,1,0,0,0,1,20.0,,,,1,1,1,1,6
202100019344,2021-09-10 23:15:00,2021,9,10,23,15,29,29039,RD 70 (route départementale),47.9186215097,-3.903399109,Nuit sans éclairage public,Hors agglomération,Hors intersection,Normale,Autre collision,3,2,2,0,1,1,1,0,1,80,,2,1,0,1,0,39.0,,,,3,1,1,1,6
202100019345,2021-09-11 23:00:00,2021,9,11,23,0,27,27701,ORMET (VOIE DE L'),49.24685,1.24071,Nuit sans éclairage public,Hors agglomération,Hors intersection,Normale,Autre collision,3,2,2,0,1,3,1,0,8,80,,1,0,0,0,1,44.0,,,,3,1,1,1,6
202100019346,2021-09-12 07:45:00,2021,9,12,7,45,27,27229,POLITZER (RUE GEORGES),49.00625,1.14483,Plein jour,En agglomération,Intersection en X,Normale,Deux véhicules - côté,4,2,8,1,1,1,1,0,1,50,,2,1,0,0,1,65.0,28.0,,,1,2,2,1,3
202100019347,2021-09-12 04:32:00,2021,9,12,4,32,25,25056,FLORE PLACE,47.246,6.0278,Nuit avec éclairage allumé,En agglomération,Hors intersection,Normale,Autre collision,4,1,1,0,2,3,1,0,3,50,,1,0,0,0,1,41.0,,,,5,2,1,1,6