accident_id,datetime,annee,mois,jour,heure,minute,departement,commune_insee,adresse,latitude,longitude,luminosite,agglomeration,intersection,meteo,collision,catr,circ,nbv,vosp,prof,plan,surf,infra,situ,vma,nb_vehicules,nb_usagers,nb_indemnes,nb_tues,nb_blesses_hosp,nb_blesses_legers,age_cond_1,age_cond_2,veh_type_cond_1,veh_type_cond_2,lum_code,agg_code,int_code,atm_code,col_code
202100019348,2021-09-12 20:00:00,2021,9,12,20,0,21,21231,SULLY  (RUE),47.3156,5.0759,Crépuscule ou aube,En agglomération,Intersection en T,Temps couvert,Deux véhicules - côté,4,1,2,0,1,2,1,0,1,50,,2,1,0,1,0,35.0,28.0,,,2,2,3,8,3
202100019349,2021-09-12 06:40:00,2021,9,12,6,40,17,17306,ROCHEFORT (DE)  (AVENUE),45.649115,-1.024431,Nuit sans éclairage public,En agglomération,Hors intersection,Normale,Deux véhicules - frontale,3,2,2,0,1,1,1,0,1,50,,2,1,0,0,1,53.0,19.0,,,3,2,1,1,1
202100019350,2021-09-12 20:05:00,2021,9,12,20,5,14,14271,HARCOURT (ROUTE D'),49.13352,-0.37752,Plein jour,Hors agglomération,Giratoire,Normale,Deux véhicules - côté,3,-1,2,0,1,2,1,9,1,30,,5,1,0,0,4,46.0,22.0,,,1,1,6,1,3
202100019351,2021-09-12 19:55:00,2021,9,12,19,55,13,13208,MENDES FRANCE (AVENUE),43.25241,5.37593,Plein jour,En agglomération,Hors intersection,Normale,Deux véhicules - arrière,4,1,2,0,1,1,1,0,1,50,,2,1,0,0,1,25.0,27.0,,,1,2,1,1,2
202100019352,2021-09-12 11:00:00,2021,9,12,11,0,13,13209,MAZARGUES (ROND-POINT),43.2504861429,5.4038552137,Plein jour,En agglomération,Hors intersection,Normale,Deux véhicules - arrière,4,4,1,0,1,2,1,9,1,50,,3,2,0,0,1,27.0,16.0,,,1,2,1,1,2
202100019353,2021-09-12 08:00:00,2021,9,12,8,0,13,13207,CHARLES LIVON (BOULEVARD),43.29187,5.35711,Plein jour,En agglomération,Intersection en T,Normale,Deux véhicules - côté,4,1,2,0,1,1,1,0,1,50,,3,1,0,0,2,20.0,22.0,,,1,2,3,1,3
202100019354,2021-09-12 07:00:00,2021,9,12,7,0,13,13204,LIBERATION (BOULEVARD),43.3,5.3887,Crépuscule ou aube,En agglomération,Intersection en X,Normale,Deux véhicules - frontale,4,2,2,0,1,1,1,0,1,50,,2,1,0,0,1,31.0,59.0,,,2,2,2,1,1
202100019355,2021-09-12 08:00:00,2021,9,12,8,0,13,13208,PRADO JACQUES CHIRAC (ROND POINT),43.27266,5.39142,Plein jour,En agglomération,Giratoire,Normale,Deux véhicules - côté,7,1,1,0,1,2,1,0,1,50,,3,2,0,1,0,21.0,88.0,,,1,2,6,1,3
202100019356,2021-09-12 03:10:00,2021,9,12,3,10,13,13208,CLOT BEY (AVENUE),43.25923,5.38611,Nuit avec éclairage allumé,En agglomération,Hors intersection,Normale,Deux véhicules - côté,4,2,2,0,1,3,1,0,1,50,,3,1,0,0,2,27.0,29.0,,,5,2,1,1,3
202100019357,2021-09-12 11:15:00,2021,9,12,11,15,13,13001,Route de Gardanne,43.49026,5.40681,Plein jour,En agglomération,Hors intersection,Normale,Deux véhicules - frontale,7,2,2,0,2,2,1,0,1,70,,5,1,0,1,3,46.0,20.0,,,1,2,1,1,1
202100019358,2021-09-11 17:40:00,2021,9,11,17,40,09,09225,TOULOUSE ROUTE DE,43.12506,1.61067,Plein jour,En agglomération,Hors intersection,Normale,Deux véhicules - côté,3,2,2,0,1,1,1,0,1,50,,2,1,0,0,1,19.0,18.0,,,1,2,1,1,3
202100019359,2021-09-12 05:30:00,2021,9,12,5,30,07,07102,CURIE (RUE PIERRE) [N° 152 AU N°316],44.93482,4.88174,Nuit avec éclairage allumé,En agglomération,Hors intersection,Normale,Autre collision,4,1,1,0,1,4,1,0,4,30,,1,0,0,0,1,23.0,,,,5,2,1,1,6
202100019360,2021-09-11 10:45:00,2021,9,11,10,45,07,07019,RN 102,44.61714,4.40238,Plein jour,Hors agglomération,Hors intersection,Normale,Deux véhicules - côté,2,2,1,0,1,1,1,0,1,70,,3,1,0,0,2,75.0,69.0,,,1,1,1,1,3
202100019361,2021-09-12 15:58:00,2021,9,12,15,58,06,06088,ARIANE (BD DE L'),43.73466,7.29662,Plein jour,En agglomération,Autre intersection,Normale,Deux véhicules - côté,4,3,4,0,1,1,1,0,8,50,,7,2,0,0,5,34.0,71.0,,,1,2,9,1,3
202100019362,2021-09-12 10:20:00,2021,9,12,10,20,06,06069,HALTE (ROND-POINT),43.641463,6.911282,Plein jour,En agglomération,Giratoire,Normale,Deux véhicules - côté,3,1,1,0,2,1,1,0,1,50,,2,1,0,0,1,83.0,44.0,,,1,2,6,1,3
202100019363,2021-09-12 12:05:00,2021,9,12,12,5,06,06069,SAINT DONAT (PLACE),43.631692,6.957585,Plein jour,En agglomération,Giratoire,Normale,Deux véhicules - côté,3,2,2,0,1,1,1,0,1,50,,2,1,0,0,1,74.0,43.0,,,1,2,6,1,3
202100019364,2021-09-12 16:55:00,2021,9,12,16,55,06,06030,AUBAREDE (CHEMIN DE L'),43.56678,6.98616,Plein jour,En agglomération,Hors intersection,,Autre collision,4,2,2,-1,-1,-1,-1,-1,1,-1,,1,0,0,0,1,54.0,,,,1,2,1,-1,6
202100019365,2021-09-12 20:20:00,2021,9,12,20,20,75,75113,BD PERIPHERIQUE EXTERIEUR,48.817358,2.349466,Nuit avec éclairage allumé,En agglomération,Hors intersection,Normale,Deux véhicules - côté,4,1,3,0,1,1,1,0,1,70,,2,1,0,0,1,32.0,40.0,,,5,2,1,1,3
202100019366,2021-09-11 23:20:00,2021,9,11,23,20,75,75120,RUE HENRI POINCARE,48.869785,2.401882,Nuit avec éclairage allumé,En agglomération,Intersection en Y,Normale,Deux véhicules - côté,4,2,2,0,2,1,1,0,1,30,,3,1,0,0,2,52.0,17.0,,,5,2,4,1,3
202100019367,2021-09-11 12:50:00,2021,9,11,12,50,75,75116,RUE RAFFET,48.851941,2.264545,Plein jour,En agglomération,Hors intersection,Normale,Autre collision,4,1,1,0,4,1,1,0,1,30,,2,1,0,0,1,39.0,,,,1,2,1,1,6
202100019368,2021-09-12 18:00:00,2021,9,12,18,0,75,75114,RUE EDMOND ROUSSE,48.8230109995,2.3242173499,Plein jour,En agglomération,Hors intersection,Normale,Autre collision,4,2,2,0,1,1,1,0,1,30,,2,1,0,0,1,52.0,,,,1,2,1,1,6
202100019369,2021-09-12 20:10:00,2021,9,12,20,10,75,75112,BOULEVARD PONIATOWSKI,48.830404,2.393098,Crépuscule ou aube,En agglomération,Hors intersection,Normale,Deux véhicules - arrière,4,3,2,0,1,1,1,0,1,50,,2,0,0,0,2,53.0,23.0,,,2,2,1,1,2
202100019370,2021-09-12 14:00:00,2021,9,12,14,0,75,75112,BOULEVARD DIDEROT,48.847146,2.385028,Plein jour,En agglomération,Intersection en T,Normale,Autre collision,4,2,4,0,1,1,1,0,1,50,,3,2,0,0,1,28.0,,,,1,2,3,1,6
202100019371,2021-09-12 00:30:00,2021,9,12,0,30,75,75112,QUAI DE BERCY,48.827038,2.389792,Nuit avec éclairage allumé,En agglomération,Hors intersection,Normale,Deux véhicules - arrière,4,1,2,0,1,1,1,0,1,30,,2,1,0,0,1,37.0,30.0,,,5,2,1,1,2
202100019372,2021-09-12 01:02:00,2021,9,12,1,2,75,75116,ROUTE DE SEVRES A NEUILLY,48.873075,2.24735,Nuit avec éclairage allumé,En agglomération,Hors intersection,Normale,Deux véhicules - côté,4,2,2,0,1,1,1,0,1,30,,2,1,0,0,1,21.0,41.0,,,5,2,1,1,3
202100019373,2021-09-12 17:10:00,2021,9,12,17,10,75,75108,PLACE DE LA CONCORDE,48.8641736983,2.3202051795,Plein jour,En agglomération,Place,Normale,Autre collision,4,1,8,0,1,1,1,0,1,30,,1,0,0,0,1,62.0,,,,1,2,7,1,6
202100019374,2021-09-12 14:33:00,2021,9,12,14,33,75,75108,AVENUE GEORGE V,48.868412,2.301159,Plein jour,En agglomération,Intersection en X,Normale,Deux véhicules - côté,4,2,2,0,2,1,1,0,1,30,,3,2,0,0,1,33.0,46.0,,,1,2,2,1,3
202100019375,2021-09-11 13:30:00,2021,9,11,13,30,75,75107,QUAI D ORSAY,48.862637,2.31906,Plein jour,En agglomération,Intersection en T,Normale,Autre collision,4,1,3,1,1,1,1,5,5,30,,1,0,0,0,1,22.0,,,,1,2,3,1,6
202100019376,2021-09-12 13:43:00,2021,9,12,13,43,75,75102,RUE REAUMUR,48.866536,2.35115,Plein jour,En agglomération,Intersection en X,Normale,Sans collision,4,1,3,0,1,1,1,0,1,30,,1,0,0,0,1,39.0,,,,1,2,2,1,7
202100019377,2021-09-11 21:52:00,2021,9,11,21,52,94,94081,Avenue Anatole France,48.80217,2.40314,Nuit avec éclairage allumé,En agglomération,Autre intersection,Normale,Autre collision,3,2,2,0,1,1,1,0,1,30,,3,2,0,0,1,29.0,32.0,,,5,2,9,1,6
202100019378,2021-09-12 11:00:00,2021,9,12,11,0,94,94041,DANIELLE CASANOVA (AV),48.81425,2.38444,Plein jour,En agglomération,Intersection en T,Normale,Deux véhicules - côté,3,2,2,0,1,1,1,0,1,50,,2,1,0,0,1,18.0,34.0,,,1,2,3,1,3
202100019379,2021-09-12 16:47:00,2021,9,12,16,47,94,94079,FRIEDBERG (BD DE),48.83,2.54,Plein jour,En agglomération,Hors intersection,Normale,Deux véhicules - frontale,3,2,2,0,1,1,1,0,1,50,,2,1,0,0,1,21.0,34.0,,,1,2,1,1,1
202100019380,2021-09-12 10:25:00,2021,9,12,10,25,94,94017,MAURICE THOREZ (AV),48.81563,2.53833,Plein jour,En agglomération,Intersection en X,Normale,Deux véhicules - côté,3,2,2,0,1,1,1,0,1,50,,3,2,0,0,1,30.0,46.0,,,1,2,2,1,3
202100019381,2021-09-12 15:00:00,2021,9,12,15,0,93,93051,EMILE COSSONNEAU (AVE),48.84946,2.5652,Plein jour,En agglomération,Hors intersection,Normale,Deux véhicules - arrière,3,1,2,0,4,1,1,0,1,50,,2,1,0,0,1,24.0,38.0,,,1,2,1,1,2
202100019382,2021-09-12 10:35:00,2021,9,12,10,35,93,93027,LENINE (AVENUE),48.92099,2.41119,Plein jour,En agglomération,Hors intersection,Normale,Deux véhicules - arrière,9,-1,0,0,1,1,1,6,4,6,,2,1,0,0,1,,,,,1,2,1,1,2
202100019383,2021-09-11 23:35:00,2021,9,11,23,35,93,93027,Avenue Paul Vaillant Couturier,48.92653,2.41651,Nuit avec éclairage allumé,En agglomération,Hors intersection,Normale,Deux véhicules - arrière,3,3,4,1,1,1,1,0,1,50,,5,4,0,0,1,,37.0,,,5,2,1,1,2
202100019384,2021-09-11 19:30:00,2021,9,11,19,30,92,92046,BROSSOLETTE AVENUE PIERRE,48.8135975944,2.3023669975,Nuit sans éclairage public,En agglomération,Hors intersection,Normale,Deux véhicules - côté,3,2,4,1,1,1,1,0,5,50,,2,1,0,0,1,22.0,37.0,,,3,2,1,1,3
202100019385,2021-09-12 07:00:00,2021,9,12,7,0,92,92012,MARCEL SEMBAT (PLACE),48.8332933401,2.242397815,Crépuscule ou aube,En agglomération,Hors intersection,Normale,Autre collision,3,2,4,0,1,1,1,0,8,50,,2,0,0,0,2,20.0,,,,2,2,1,1,6
202100019386,2021-08-18 17:40:00,2021,8,18,17,40,11,11367,D103,43.362692,2.206299,Plein jour,Hors agglomération,Hors intersection,Normale,Deux véhicules - côté,3,2,2,0,2,3,1,0,1,80,,2,1,0,1,0,,74.0,,,1,1,1,1,3
202100019387,2021-09-13 13:50:00,2021,9,13,13,50,12,12217,D146,44.4118879836,1.9253772497,Plein jour,Hors agglomération,Intersection en X,Normale,Deux véhicules - côté,3,2,2,0,1,1,1,0,1,80,,2,1,0,1,0,53.0,21.0,,,1,1,2,1,3
202100019388,2021-09-11 17:55:00,2021,9,11,17,55,2A,2A212,RD 81,42.198369,8.639009,Plein jour,Hors agglomération,Hors intersection,Normale,Deux véhicules - frontale,3,2,2,0,2,3,1,0,1,80,,2,0,0,0,2,66.0,31.0,,,1,1,1,1,1
202100019389,2021-09-13 08:33:00,2021,9,13,8,33,25,25560,Rue de Besancon,47.282752,6.077757,Plein jour,En agglomération,Hors intersection,Normale,Deux véhicules - arrière,3,2,2,0,1,1,1,0,1,50,,2,1,0,0,1,71.0,19.0,,,1,2,1,1,2
202100019390,2021-09-12 15:45:00,2021,9,12,15,45,63,63264,D983,45.64577,2.850775,Plein jour,Hors agglomération,Intersection en Y,Normale,Deux véhicules - arrière,3,2,2,0,4,1,1,0,1,80,,5,4,0,1,0,21.0,72.0,,,1,1,4,1,2
202100019391,2021-09-10 16:35:00,2021,9,10,16,35,974,97414,Rue des Bois de Piment,-21.282891,55.418794,Plein jour,En agglomération,Intersection en T,Normale,Deux véhicules - côté,4,2,2,0,1,1,1,0,1,50,,3,1,0,1,1,16.0,74.0,,,1,2,3,1,3
202100019392,2021-09-13 12:00:00,2021,9,13,12,0,50,50599,N13 PR49+050,49.574396,-1.578282,Plein jour,Hors agglomération,Hors intersection,Normale,Sans collision,2,3,4,0,1,1,1,0,3,90,,1,0,1,0,0,88.0,,,,1,1,1,1,7
202100019393,2021-09-12 18:30:00,2021,9,12,18,30,83,83130,D554,43.196287,6.039782,Crépuscule ou aube,En agglomération,Intersection en X,Normale,Deux véhicules - frontale,3,1,1,0,1,2,1,0,1,50,,3,1,0,0,2,31.0,22.0,,,2,2,2,1,1
202100019394,2021-09-08 20:25:00,2021,9,8,20,25,44,44071,Route du Pont de l’Ouen,47.200707,-1.387486,Crépuscule ou aube,Hors agglomération,Hors intersection,Normale,Deux véhicules - frontale,3,2,2,0,3,3,1,0,1,80,,4,2,0,0,2,46.0,45.0,,,2,1,1,1,1
202100019395,2021-09-13 08:20:00,2021,9,13,8,20,51,51413,Rue Jean Bardy,49.022666,4.047244,Plein jour,En agglomération,Giratoire,Normale,Autre collision,4,1,2,0,1,2,1,5,1,30,,2,1,0,0,1,63.0,,,,1,2,6,1,6
202100019396,2021-09-13 08:10:00,2021,9,13,8,10,56,56033,La Chauvelais,47.837137,-2.102174,Plein jour,Hors agglomération,Hors intersection,Normale,Autre collision,3,2,2,0,1,3,1,0,3,80,,5,0,1,4,0,38.0,,,,1,1,1,1,6
202100019397,2021-09-13 18:16:00,2021,9,13,18,16,56,56247,Lieu Dit Kermaria,47.65371,-2.598583,Plein jour,Hors agglomération,Intersection en X,Normale,Deux véhicules - côté,3,2,2,0,2,1,1,0,1,80,,2,1,1,0,0,17.0,19.0,,,1,1,2,1,3
202100019398,2021-09-12 21:00:00,2021,9,12,21,0,59,59094,D1,50.918024,2.181387,Nuit sans éclairage public,Hors agglomération,Hors intersection,Normale,Autre collision,3,3,2,0,1,4,1,0,3,80,,1,0,1,0,0,39.0,,,,3,1,1,1,6
202100019399,2021-09-12 11:55:00,2021,9,12,11,55,76,76009,D149,49.6868878991,0.6692440063,Plein jour,Hors agglomération,Hors intersection,Normale,Deux véhicules - frontale,3,2,2,0,2,2,1,0,1,80,,4,3,0,0,1,26.0,67.0,,,1,1,1,1,1
202100019400,2021-09-13 16:45:00,2021,9,13,16,45,79,79235,La Grolière,46.871234,-0.757322,Plein jour,Hors agglomération,Autre intersection,Normale,Autre collision,4,2,2,0,4,3,1,0,1,80,,2,1,0,0,1,61.0,64.0,,,1,1,9,1,6
202100019401,2021-09-13 03:55:00,2021,9,13,3,55,80,80273,D1029,49.781971,1.918906,Nuit sans éclairage public,Hors agglomération,Hors intersection,Normale,Deux véhicules - frontale,3,2,2,0,1,1,1,0,1,-1,,3,0,0,2,1,34.0,45.0,,,3,1,1,1,1
202100019402,2021-09-12 17:00:00,2021,9,12,17,0,82,82019,D813,44.0927300288,1.0377413034,Plein jour,Hors agglomération,Autre intersection,Normale,Autre collision,3,2,2,0,1,3,1,0,1,80,,2,0,0,1,1,33.0,,,,1,1,9,1,6
202100019403,2021-09-12 11:00:00,2021,9,12,11,0,82,82048,D820,43.877819,1.298146,Plein jour,Hors agglomération,Autre intersection,Normale,Deux véhicules - frontale,3,2,2,0,1,1,1,0,1,80,,3,0,0,1,2,50.0,71.0,,,1,1,9,1,1
202100019404,2021-09-13 13:20:00,2021,9,13,13,20,12,12088,RD15 ,44.659328,2.947018,Plein jour,Hors agglomération,Hors intersection,Normale,Autre collision,3,2,2,0,2,3,1,0,3,80,,1,0,0,1,0,76.0,,,,1,1,1,1,6
202100019405,2021-09-12 18:15:00,2021,9,12,18,15,46,46003,D673 PK 34+800,44.827113,1.716077,Plein jour,Hors agglomération,Hors intersection,Normale,Sans collision,3,2,2,0,1,1,1,0,1,80,,2,0,1,0,1,41.0,,,,1,1,1,1,7
202100019406,2021-09-13 14:45:00,2021,9,13,14,45,39,39428,,46.802308,6.019582,Plein jour,Hors agglomération,Hors intersection,Normale,Sans collision,3,2,2,0,1,1,1,0,1,90,,1,0,0,1,0,70.0,,,,1,1,1,1,7
202100019407,2021-09-06 11:15:00,2021,9,6,11,15,38,38261,Route d Argent,45.672738,5.471181,Plein jour,En agglomération,Giratoire,Normale,Deux véhicules - arrière,3,2,2,0,1,3,1,8,1,50,,2,1,0,0,1,65.0,62.0,,,1,2,6,1,2
202100019408,2021-09-12 13:35:00,2021,9,12,13,35,02,02071,Rue du Mont a Berry,49.410547,3.140085,Plein jour,En agglomération,Hors intersection,Normale,Autre collision,3,2,1,0,1,1,1,0,1,50,,2,1,0,1,0,17.0,,,,1,2,1,1,6
202100019409,2021-09-13 09:40:00,2021,9,13,9,40,03,03083,La Racherie,46.343928,3.286339,Plein jour,Hors agglomération,Intersection en X,Normale,Trois véhicules et plus - collisions multiples,3,2,2,0,1,1,1,0,1,90,,3,2,0,0,1,54.0,73.0,,,1,1,2,1,5
202100019410,2021-09-08 04:30:00,2021,9,8,4,30,15,15119,Route de Brousse,45.251092,3.204882,Nuit sans éclairage public,En agglomération,Hors intersection,Normale,Autre collision,3,2,2,0,2,1,1,0,3,50,,1,0,0,1,0,31.0,,,,3,2,1,1,6
202100019411,2021-09-09 14:03:00,2021,9,9,14,3,85,85027,D202,46.961516,-1.315374,Plein jour,Hors agglomération,Autre intersection,Normale,Trois véhicules et plus - collisions multiples,3,2,3,0,1,2,1,9,1,80,,3,1,0,0,2,23.0,22.0,,,1,1,9,1,5
202100019412,2021-09-12 18:12:00,2021,9,12,18,12,72,72334,Étang Neuf (Eau),48.20625,-0.120957,Plein jour,Hors agglomération,Autre intersection,Normale,Deux véhicules - côté,3,2,2,0,2,3,1,0,1,80,,3,2,0,1,0,86.0,21.0,,,1,1,9,1,3
202100019413,2021-09-13 15:00:00,2021,9,13,15,0,72,72054,D357,48.007324,0.33813,Plein jour,Hors agglomération,Giratoire,Normale,Autre collision,3,2,2,0,1,1,1,5,3,70,,2,0,0,1,1,70.0,,,,1,1,6,1,6
202100019414,2021-09-12 12:05:00,2021,9,12,12,5,72,72346,Le Pavillon du Buisson,47.865206,0.01281,Plein jour,Hors agglomération,Hors intersection,Normale,Sans collision,3,2,2,0,1,1,1,0,1,80,,1,0,0,1,0,52.0,,,,1,1,1,1,7
202100019415,2021-09-12 17:00:00,2021,9,12,17,0,06,06073,M97,44.190536,7.152303,Plein jour,Hors agglomération,Hors intersection,Normale,Sans collision,7,2,2,0,4,3,1,0,8,80,,1,0,0,1,0,61.0,,,,1,1,1,1,7
202100019416,2021-09-12 20:10:00,2021,9,12,20,10,14,14620,D58,49.3164363094,0.1762157679,Crépuscule ou aube,Hors agglomération,Hors intersection,Normale,Deux véhicules - frontale,3,2,2,0,2,2,1,0,3,70,,3,1,0,2,0,26.0,59.0,,,2,1,1,1,1
202100019417,2021-09-13 15:50:00,2021,9,13,15,50,73,73032,D990,45.609017,6.451753,Plein jour,Hors agglomération,Intersection en T,Normale,Deux véhicules - frontale,3,2,2,0,3,2,1,0,1,80,,3,1,0,2,0,87.0,18.0,,,1,1,3,1,1
202100019418,2021-09-12 15:10:00,2021,9,12,15,10,43,43230,D103,45.16076,3.925053,Plein jour,Hors agglomération,Hors intersection,Normale,Autre collision,3,2,2,0,1,1,1,0,8,80,,1,0,0,1,0,24.0,,,,1,1,1,1,6
202100019419,2021-09-12 16:30:00,2021,9,12,16,30,10,10419,Route Départementale 28,48.180864,4.23708,Plein jour,Hors agglomération,Hors intersection,Normale,Autre collision,3,2,2,0,1,1,1,0,8,80,,1,0,1,0,0,64.0,,,,1,1,1,1,6
202100019420,2021-09-13 07:50:00,2021,9,13,7,50,16,16104,Lieu-dit chez Ballon,46.03749,0.214834,Plein jour,Hors agglomération,Hors intersection,Temps éblouissant,Deux véhicules - arrière,3,2,2,0,2,1,1,0,1,80,,2,1,1,0,0,29.0,28.0,,,1,1,1,7,2
202100019421,2021-09-13 09:30:00,2021,9,13,9,30,85,85084,Les Noues les Essarts (Les Essarts),46.778357,-1.250009,Plein jour,Hors agglomération,Intersection en T,Normale,Deux véhicules - côté,3,2,2,0,1,1,1,0,1,-1,,4,3,0,0,1,35.0,87.0,,,1,1,3,1,3
202100019422,2021-09-12 22:15:00,2021,9,12,22,15,69,69244,DOCTEUR GUY LAURENT (R),45.76091,4.758,Nuit avec éclairage allumé,En agglomération,Intersection en T,Normale,Autre collision,4,1,1,0,1,1,1,0,3,30,,1,0,0,0,1,22.0,,,,5,2,3,1,6
202100019423,2021-09-13 11:30:00,2021,9,13,11,30,976,97602,"PK 22,4 N1, Dzoumogné",-12.727424,45.125227,Plein jour,Hors agglomération,Hors intersection,Normale,Deux véhicules - frontale,2,2,2,0,1,1,1,0,1,70,,2,1,0,1,0,62.0,36.0,,,1,1,1,1,1
202100019424,2021-09-12 11:30:00,2021,9,12,11,30,64,64102,PK 173.300 sens Espagne-France,43.481831,-1.44703,Plein jour,Hors agglomération,Autre intersection,Normale,Deux véhicules - côté,1,3,4,0,1,1,1,3,1,110,,2,1,0,1,0,65.0,48.0,,,1,1,9,1,3
202100019425,2021-09-13 18:30:00,2021,9,13,18,30,55,55237,Autoroute A4 PK 265+300,49.112247,5.558648,Plein jour,Hors agglomération,Hors intersection,Normale,Sans collision,1,3,4,0,1,1,1,0,3,130,,1,0,0,1,0,61.0,,,,1,1,1,1,7
202100019426,2021-09-12 16:15:00,2021,9,12,16,15,91,91602,Route départementale 132,48.515208,2.16163,Plein jour,Hors agglomération,Hors intersection,Normale,Sans collision,3,2,2,0,1,2,1,0,3,80,,1,0,0,1,0,57.0,,,,1,1,1,1,7
202100019427,2021-09-10 04:10:00,2021,9,10,4,10,11,11379,D 6009,43.046131,2.9653,Nuit sans éclairage public,Hors agglomération,Hors intersection,Normale,Deux véhicules - frontale,3,2,2,0,1,1,1,0,1,80,,2,1,0,1,0,31.0,48.0,,,3,1,1,1,1
202100019428,2021-09-13 16:50:00,2021,9,13,16,50,84,84054,route départementale 31,43.939339,5.029196,Plein jour,Hors agglomération,Hors intersection,Normale,Deux véhicules - côté,3,2,2,0,1,1,1,0,1,80,,3,1,0,1,1,32.0,33.0,,,1,1,1,1,3
202100019429,2021-09-12 01:40:00,2021,9,12,1,40,06,06048,685CR4,43.785371,7.333149,Nuit sans éclairage public,En agglomération,Hors intersection,Normale,Autre collision,4,2,2,0,1,1,1,0,3,50,,2,0,1,1,0,23.0,,,,3,2,1,1,6
202100019430,2021-09-12 21:20:00,2021,9,12,21,20,04,04039,Giratoire RD 952 et RD 4085,43.846119,6.512613,Nuit avec éclairage allumé,En agglomération,Giratoire,Normale,Sans collision,3,1,1,0,1,2,1,0,1,50,,1,0,0,0,1,37.0,,,,5,2,6,1,7
202100019431,2021-09-12 17:15:00,2021,9,12,17,15,71,71297,Runchy,46.893516,4.259691,Plein jour,Hors agglomération,Hors intersection,Normale,Sans collision,3,-1,2,0,2,2,1,0,1,80,,2,0,0,2,0,52.0,,,,1,1,1,1,7
202100019432,2021-09-12 16:47:00,2021,9,12,16,47,52,52315,Route Departementale 619,48.012951,5.245628,Plein jour,Hors agglomération,Hors intersection,Normale,Autre collision,3,2,2,0,3,2,1,0,1,90,,1,0,0,1,0,66.0,,,,1,1,1,1,6
202100019433,2021-09-13 08:30:00,2021,9,13,8,30,63,63200,D54,45.841983,3.214654,Plein jour,Hors agglomération,Intersection en X,Temps éblouissant,Deux véhicules - côté,3,2,2,0,1,1,1,0,1,80,,2,1,0,1,0,19.0,18.0,,,1,1,2,7,3
202100019434,2021-09-12 00:30:00,2021,9,12,0,30,42,42094,21 Rue de Verdun,45.7425266426,4.2234375106,Nuit avec éclairage allumé,En agglomération,Hors intersection,Normale,Deux véhicules - frontale,4,2,1,0,1,1,1,0,1,50,,5,2,0,1,2,23.0,25.0,,,5,2,1,1,1
202100019435,2021-09-12 21:45:00,2021,9,12,21,45,69,69107,CENTRALE (R),46.06537,4.492228,Nuit avec éclairage allumé,En agglomération,Hors intersection,Normale,Trois véhicules et plus - collisions multiples,3,2,2,0,1,1,1,0,1,50,,3,2,0,0,1,22.0,49.0,,,5,2,1,1,5
202100019436,2021-09-13 17:30:00,2021,9,13,17,30,69,69249,RONTALON (DE) (RTE),45.672893336,4.6453928947,Plein jour,Hors agglomération,Autre intersection,Normale,Deux véhicules - côté,3,2,2,0,1,1,1,0,1,80,,2,1,0,1,0,43.0,79.0,,,1,1,9,1,3
202100019437,2021-09-13 16:00:00,2021,9,13,16,0,81,81140,d112,43.677742,1.89085,Plein jour,Hors agglomération,Hors intersection,Normale,Deux véhicules - frontale,3,2,2,0,1,1,1,0,1,80,,2,0,0,0,2,70.0,81.0,,,1,1,1,1,1
202100019438,2021-09-10 11:35:00,2021,9,10,11,35,79,79049,42 Boulevard Alexandre 1er,46.839826,-0.49763,Plein jour,En agglomération,Hors intersection,Normale,Sans collision,4,2,2,0,1,1,1,0,1,50,,2,1,0,1,0,22.0,,,,1,2,1,1,7
202100019439,2021-09-12 15:45:00,2021,9,12,15,45,33,33029,1 avenue des pyrénnées,44.606395,-0.769955,Plein jour,En agglomération,Intersection en T,Normale,Autre collision,3,2,2,0,1,1,1,5,4,50,,2,0,1,1,0,84.0,,,,1,2,3,1,6
202100019440,2021-09-10 15:00:00,2021,9,10,15,0,35,35343,Rue des Marronniers,47.884564,-1.545403,Plein jour,Hors agglomération,Intersection en T,Normale,Deux véhicules - côté,3,2,2,0,1,1,1,0,1,80,,3,1,0,0,2,32.0,45.0,,,1,1,3,1,3
202100019441,2021-09-12 15:20:00,2021,9,12,15,20,91,91689,AUTOROUTE A6,48.72966,2.3144,Plein jour,Hors agglomération,Hors intersection,Normale,Deux véhicules - arrière,1,3,3,0,1,1,1,0,1,110,,2,1,0,0,1,25.0,21.0,,,1,1,1,1,2
202100019442,2021-09-11 17:30:00,2021,9,11,17,30,94,94034,AUTOROUTE A86,48.75637,2.33266,Plein jour,Hors agglomération,Hors intersection,Normale,Autre collision,1,3,2,0,3,1,1,0,1,70,,2,0,0,0,2,27.0,,,,1,1,1,1,6
202100019443,2021-09-12 20:45:00,2021,9,12,20,45,92,92036,A86,48.9383700387,2.3001401108,Nuit sans éclairage public,Hors agglomération,Autre intersection,Normale,Deux véhicules - arrière,1,3,4,0,1,1,1,0,1,90,,2,1,0,0,1,51.0,29.0,,,3,1,9,1,2
202100019444,2021-09-12 19:20:00,2021,9,12,19,20,78,78640,A86 INT,48.777683,2.220054,Plein jour,Hors agglomération,Hors intersection,Normale,Autre collision,1,3,3,0,2,1,1,9,1,90,,1,0,0,0,1,49.0,,,,1,1,1,1,6
202100019445,2021-09-12 20:00:00,2021,9,12,20,0,93,93078,AUTOROUTE A104,48.9600224392,2.5396764278,Plein jour,Hors agglomération,Hors intersection,Normale,Deux véhicules - côté,1,3,3,0,1,1,1,0,1,110,,2,1,0,0,1,28.0,23.0,,,1,1,1,1,3