accident_id,datetime,annee,mois,jour,heure,minute,departement,commune_insee,adresse,latitude,longitude,luminosite,agglomeration,intersection,meteo,collision,catr,circ,nbv,vosp,prof,plan,surf,infra,situ,vma,nb_vehicules,nb_usagers,nb_indemnes,nb_tues,nb_blesses_hosp,nb_blesses_legers,age_cond_1,age_cond_2,veh_type_cond_1,veh_type_cond_2,lum_code,agg_code,int_code,atm_code,col_code
202100019446,2021-09-12 19:30:00,2021,9,12,19,30,93,93008,AUTOROUTE A86,48.90618,2.46022,Plein jour,Hors agglomération,Hors intersection,Normale,Deux véhicules - côté,1,3,5,0,2,1,1,0,1,90,,2,1,0,0,1,27.0,44.0,,,1,1,1,1,3
202100019447,2021-09-12 13:00:00,2021,9,12,13,0,93,93010,AUTOROUTE A3,48.91602,2.4778,Plein jour,Hors agglomération,Hors intersection,Normale,Deux véhicules - arrière,1,3,8,0,1,1,1,0,1,90,,3,2,0,0,1,63.0,22.0,,,1,1,1,1,2
202100019448,2021-09-12 19:20:00,2021,9,12,19,20,94,94042,A4,48.8277250304,2.4703252316,Plein jour,Hors agglomération,Hors intersection,Normale,Deux véhicules - arrière,1,3,5,0,1,1,1,0,1,90,,2,1,0,0,1,50.0,39.0,,,1,1,1,1,2
202100019449,2021-09-10 21:45:00,2021,9,10,21,45,94,94017,A4,48.82968,2.49823,Nuit sans éclairage public,Hors agglomération,Hors intersection,Normale,Deux véhicules - arrière,1,1,5,0,1,1,2,0,1,90,,2,1,0,0,1,36.0,27.0,,,3,1,1,1,2
202100019450,2021-09-09 13:10:00,2021,9,9,13,10,61,61001,KOUTIALA (AVENUE DE,48.42544,0.07805,Plein jour,Hors agglomération,Hors intersection,Temps couvert,Deux véhicules - arrière,3,2,2,1,2,1,1,0,1,50,,3,1,0,0,2,56.0,40.0,,,1,1,1,8,2
202100019451,2021-05-31 22:30:00,2021,5,31,22,30,38,38075,Rue de l'Epinette,45.46814,5.98949,Nuit avec éclairage allumé,En agglomération,Intersection en Y,Normale,Autre collision,3,2,2,0,1,4,1,0,1,50,,2,0,0,1,1,27.0,,,,5,2,4,1,6
202100019452,2021-05-31 17:45:00,2021,5,31,17,45,38,38185,Boulevard Jean Pain,45.1865,5.7348,Plein jour,En agglomération,Intersection en X,Normale,Deux véhicules - côté,7,3,5,3,1,1,1,0,1,50,,2,0,0,0,2,26.0,85.0,,,1,2,2,1,3
202100019453,2021-05-29 16:45:00,2021,5,29,16,45,38,38179,Rue des Résidences,45.1904,5.77537,Plein jour,En agglomération,Hors intersection,Normale,Deux véhicules - frontale,4,2,-1,-1,1,1,1,-1,1,-1,,2,0,0,1,1,13.0,40.0,,,1,2,1,1,1
202100019454,2021-05-28 22:10:00,2021,5,28,22,10,38,38501,impasse des cascades,45.300885,5.950454,Nuit sans éclairage public,En agglomération,Hors intersection,Normale,Deux véhicules - frontale,3,2,2,0,1,1,1,0,4,-1,,1,0,0,0,1,18.0,,,,3,2,1,1,1
202100019455,2021-05-27 16:20:00,2021,5,27,16,20,38,38075,D285a,45.478535,5.935458,Plein jour,Hors agglomération,Hors intersection,Normale,Sans collision,3,2,2,0,2,3,1,0,1,80,,1,0,0,1,0,55.0,,,,1,1,1,1,7
202100019456,2021-05-21 17:30:00,2021,5,21,17,30,38,38185,Rue Jean Veyrat,45.18113,5.71274,Plein jour,En agglomération,Hors intersection,Normale,Autre collision,4,2,2,0,1,1,1,0,1,50,,2,1,0,1,0,47.0,,,,1,2,1,1,6
202100019457,2021-05-20 18:32:00,2021,5,20,18,32,38,38051,Rue des Ecoles,45.3193,4.876159,Plein jour,Hors agglomération,Hors intersection,Normale,Autre collision,4,2,2,0,2,3,9,9,1,50,,1,0,0,1,0,16.0,,,,1,1,1,1,6
202100019458,2021-05-17 08:05:00,2021,5,17,8,5,38,38449,Avenue des Arrivaux,45.64217,5.11945,Plein jour,En agglomération,Intersection en T,Temps couvert,Deux véhicules - arrière,4,2,2,0,1,1,1,0,1,50,,3,1,0,2,0,22.0,30.0,,,1,2,3,8,2
202100019459,2021-05-09 16:29:00,2021,5,9,16,29,38,38545,Route de Fontagneux,45.04858,5.676725,Plein jour,En agglomération,Hors intersection,Normale,Deux véhicules - frontale,4,2,2,0,1,2,1,0,1,50,,5,2,0,2,1,33.0,16.0,,,1,2,1,1,1
202100019460,2021-09-05 11:47:00,2021,9,5,11,47,91,91228,BD CHAMPS ELYSEES CLINIQUE,48.63812,2.42626,Plein jour,En agglomération,Hors intersection,Normale,Autre collision,3,-1,1,0,1,1,1,0,1,50,,2,1,0,0,1,58.0,,,,1,2,1,1,6
202100019461,2021-09-10 21:30:00,2021,9,10,21,30,93,93027,Avenue Paul Vaillant Couturier,48.92818,2.41845,Nuit sans éclairage public,En agglomération,Autre intersection,Normale,Autre collision,3,1,1,0,1,1,1,0,1,50,,2,1,0,1,0,19.0,,,,3,2,9,1,6
202100019462,2021-09-11 18:15:00,2021,9,11,18,15,974,97411,BOIS DE NEFLES (RUE DU),-20.89015,55.4568,Crépuscule ou aube,En agglomération,Intersection en T,Normale,Deux véhicules - arrière,4,1,1,0,1,1,1,0,1,30,,2,1,0,0,1,,,,,2,2,3,1,2
202100019463,2021-09-11 12:20:00,2021,9,11,12,20,69,69386,CHARMETTES (DES) (R),45.76635,4.86719,Plein jour,En agglomération,Intersection en X,Normale,Deux véhicules - côté,4,-1,1,0,1,1,1,0,1,50,,5,4,0,0,1,42.0,48.0,,,1,2,2,1,3
202100019464,2021-09-10 10:00:00,2021,9,10,10,0,971,97101,Boulevard de la Concorde,16.2500572902,-61.5326079726,Plein jour,Hors agglomération,Hors intersection,Normale,Autre collision,3,-1,1,0,1,1,1,0,1,50,,2,1,0,0,1,,,,,1,1,1,1,6
202100019465,2021-09-11 23:30:00,2021,9,11,23,30,2A,2A004,ROSSINI PASCAL BD,41.9145080187,8.7295945278,Nuit avec éclairage allumé,En agglomération,Autre intersection,Normale,Sans collision,3,2,2,0,1,1,1,0,1,50,,2,1,0,0,1,,,,,5,2,9,1,7
202100019466,2021-09-11 14:45:00,2021,9,11,14,45,86,86194,Avenue de Nantes,46.58497,0.33037,Plein jour,En agglomération,Intersection en X,Normale,Deux véhicules - côté,4,2,3,0,1,1,1,5,1,50,,2,1,0,0,1,33.0,48.0,,,1,2,2,1,3
202100019467,2021-09-11 19:35:00,2021,9,11,19,35,83,83069,MOULIN (AVENUE JEAN),43.113087304,6.129719317,Plein jour,En agglomération,Hors intersection,Normale,Deux véhicules - côté,4,1,3,0,1,1,1,0,1,50,,2,1,0,0,1,57.0,64.0,,,1,2,1,1,3
202100019468,2021-09-11 22:05:00,2021,9,11,22,5,78,78401,ALBERT 1ER (QUAI),49.00309,1.90782,Nuit avec éclairage allumé,En agglomération,Place,Normale,Deux véhicules - frontale,4,1,0,0,1,2,1,0,1,50,,2,1,0,0,1,20.0,50.0,,,5,2,7,1,1
202100019469,2021-09-11 09:55:00,2021,9,11,9,55,77,77284,APPEL DU 18 JUIN 1940 (AV.DE L'),48.9518143021,2.9063291326,Plein jour,En agglomération,Autre intersection,Normale,Deux véhicules - arrière,4,1,2,0,1,1,1,0,1,50,,2,1,0,0,1,,34.0,,,1,2,9,1,2
202100019470,2021-09-11 16:45:00,2021,9,11,16,45,77,77186,D606,48.39703,2.69286,Plein jour,Hors agglomération,Giratoire,Normale,Deux véhicules - côté,3,2,4,0,1,3,1,5,1,50,,3,2,0,0,1,42.0,72.0,,,1,1,6,1,3
202100019471,2021-09-10 21:17:00,2021,9,10,21,17,76,76319,Avenue Jean Jaurès,49.34824,0.99269,Nuit avec éclairage allumé,En agglomération,Intersection en X,Normale,Deux véhicules - côté,7,2,2,0,1,1,1,-1,1,50,,3,0,0,2,1,23.0,32.0,,,5,2,2,1,3
202100019472,2021-09-11 23:25:00,2021,9,11,23,25,74,74133,CHATELET (RUE DU),46.18859,6.21564,Nuit avec éclairage allumé,En agglomération,Intersection en X,Normale,Deux véhicules - côté,3,2,2,0,3,1,1,5,1,50,,3,2,0,0,1,27.0,19.0,,,5,2,2,1,3
202100019473,2021-09-06 17:00:00,2021,9,6,17,0,74,74008,PAIX (RUE DE LA),46.19561,6.22369,Plein jour,En agglomération,Giratoire,Normale,Deux véhicules - côté,4,2,2,1,1,2,1,0,1,50,,2,1,0,0,1,21.0,20.0,,,1,2,6,1,3
202100019474,2021-09-12 00:57:00,2021,9,12,0,57,72,72181,BOLLEE (AV) N° IMP 1 A 63,47.99593,0.20717,Nuit avec éclairage allumé,En agglomération,Hors intersection,Normale,Deux véhicules - arrière,4,3,5,0,1,1,1,0,1,50,,4,3,0,0,1,53.0,21.0,,,5,2,1,1,2
202100019475,2021-09-11 16:30:00,2021,9,11,16,30,69,69275,RASPAIL (R),45.75988,4.95531,Plein jour,Hors agglomération,Intersection en T,Normale,Deux véhicules - côté,4,2,2,0,1,1,1,0,1,50,,3,1,0,0,2,20.0,31.0,,,1,1,3,1,3
202100019476,2021-09-11 11:10:00,2021,9,11,11,10,64,64545,PAUL GELOS (RUE),43.377909,-1.672476,Plein jour,En agglomération,Intersection en T,Normale,Deux véhicules - côté,3,2,3,0,1,1,1,0,1,50,,2,1,0,0,1,60.0,15.0,,,1,2,3,1,3
202100019477,2021-09-11 21:10:00,2021,9,11,21,10,64,64024,CHAMBRE D'AMOUR (AVENUE DE LA),43.4961,-1.53683,Nuit avec éclairage allumé,En agglomération,Intersection en T,Normale,Trois véhicules et plus - collisions multiples,4,2,2,0,2,1,1,0,1,50,,3,2,0,0,1,29.0,18.0,,,5,2,3,1,5
202100019478,2021-09-11 21:00:00,2021,9,11,21,0,64,64102,DELVAILLE (AVENUE DU DOCTEUR CAMILLE),43.51193,-1.48728,Nuit avec éclairage allumé,En agglomération,Hors intersection,Normale,Deux véhicules - frontale,4,2,1,0,1,2,1,8,1,30,,3,0,0,0,3,65.0,32.0,,,5,2,1,1,1
202100019479,2021-09-11 15:50:00,2021,9,11,15,50,64,64024,BAYONNE (AVENUE DE),43.4813194361,-1.5106442571,Plein jour,En agglomération,Hors intersection,Normale,Sans collision,3,3,2,3,1,1,1,0,1,30,,2,0,0,1,1,49.0,,,,1,2,1,1,7
202100019480,2021-09-11 03:35:00,2021,9,11,3,35,64,64102,MARAIS (ROND POINT DES),43.49144,-1.49586,Nuit avec éclairage allumé,En agglomération,Giratoire,Normale,Autre collision,4,-1,2,0,1,3,1,0,1,50,,1,0,0,0,1,26.0,,,,5,2,6,1,6
202100019481,2021-09-11 23:30:00,2021,9,11,23,30,61,61001,REPUBLIQUE (BOULEVARD DE LA),48.42719,0.09302,Nuit avec éclairage allumé,En agglomération,Autre intersection,Normale,Autre collision,3,2,2,0,1,1,1,0,1,50,,2,0,0,1,1,43.0,,,,5,2,9,1,6
202100019482,2021-09-11 17:45:00,2021,9,11,17,45,54,54339,VIEUX PONT DE PIERRE,48.70618,6.18438,Plein jour,En agglomération,Hors intersection,Normale,Autre collision,4,2,2,0,3,1,1,0,1,50,,2,1,0,0,1,,,,,1,2,1,1,6
202100019483,2021-09-11 12:30:00,2021,9,11,12,30,54,54395,FRANCE (AVENUE ANATOLE),48.68646,6.16015,Plein jour,En agglomération,Hors intersection,Normale,Deux véhicules - arrière,4,1,2,2,1,1,1,0,1,50,,2,1,0,0,1,27.0,22.0,,,1,2,1,1,2
202100019484,2021-09-11 22:24:00,2021,9,11,22,24,51,51454,Boulevard du Président Wilson,49.2359226163,4.0268039739,Nuit sans éclairage public,En agglomération,Hors intersection,Normale,Deux véhicules - frontale,4,2,2,0,1,1,1,0,1,50,,2,1,0,0,1,34.0,39.0,,,3,2,1,1,1
202100019485,2021-09-11 15:35:00,2021,9,11,15,35,51,51454,Rue de Courlancy,49.24315,4.02149,Plein jour,En agglomération,Hors intersection,Normale,Autre collision,4,2,2,0,1,1,1,0,1,50,,2,1,0,1,0,34.0,,,,1,2,1,1,6
202100019486,2021-09-10 19:45:00,2021,9,10,19,45,51,51454,Rue Clovis Chezel,49.24103,4.03379,Crépuscule ou aube,En agglomération,Intersection en Y,Normale,Deux véhicules - arrière,4,2,3,2,1,1,1,0,1,50,,2,1,0,0,1,34.0,57.0,,,2,2,4,1,2
202100019487,2021-09-12 01:05:00,2021,9,12,1,5,49,49007,VOIE DES BERGES,47.48961,-0.54447,Nuit avec éclairage allumé,En agglomération,Hors intersection,Normale,Deux véhicules - arrière,1,3,4,0,1,1,1,0,1,70,,3,1,0,0,2,21.0,34.0,,,5,2,1,1,2
202100019488,2021-09-11 15:05:00,2021,9,11,15,5,49,49015,BRUYERES RUE DES,47.49617,-0.58613,Plein jour,En agglomération,Hors intersection,Normale,Deux véhicules - côté,4,2,2,0,1,1,1,0,1,50,,2,1,0,0,1,44.0,37.0,,,1,2,1,1,3
202100019489,2021-09-11 12:30:00,2021,9,11,12,30,49,49007,GESLIN,47.48181,-0.51292,Plein jour,En agglomération,Hors intersection,Normale,Deux véhicules - côté,4,2,2,0,1,1,1,0,1,50,,2,1,0,0,1,20.0,61.0,,,1,2,1,1,3
202100019490,2021-09-10 16:30:00,2021,9,10,16,30,41,41018,RONSARD (RUE PIERRE DE),47.59108,1.32324,Plein jour,En agglomération,Giratoire,Normale,Deux véhicules - côté,4,2,2,0,1,1,1,5,1,50,,2,1,0,0,1,33.0,71.0,,,1,2,6,1,3
202100019491,2021-09-11 17:50:00,2021,9,11,17,50,38,38185,BERRIAT (COURS)             1 A 55-72,45.188259012,5.7162233177,Plein jour,En agglomération,Intersection à plus de 4 branches,Normale,Deux véhicules - frontale,7,2,2,0,2,1,1,0,1,30,,2,1,0,1,0,34.0,19.0,,,1,2,5,1,1
202100019492,2021-09-11 12:45:00,2021,9,11,12,45,35,35238,PORTE ALMA,48.080492,-1.67499,Plein jour,En agglomération,Hors intersection,Normale,Deux véhicules - arrière,2,3,4,0,1,1,1,9,1,50,,4,3,0,0,1,28.0,31.0,,,1,2,1,1,2
202100019493,2021-09-11 00:40:00,2021,9,11,0,40,33,33063,Boulevard Joliot-Curie,44.84219,-0.54253,Nuit avec éclairage allumé,En agglomération,Intersection en T,Normale,Trois véhicules et plus - collisions multiples,4,3,6,0,1,1,1,5,1,50,,3,1,0,0,2,47.0,19.0,,,5,2,3,1,5
202100019494,2021-09-11 14:00:00,2021,9,11,14,0,29,29019,Rue de Guilers,48.386768,-4.510978,Plein jour,En agglomération,Intersection en T,Normale,Deux véhicules - côté,4,2,2,0,2,2,1,0,1,30,,2,1,0,0,1,32.0,42.0,,,1,2,3,1,3
202100019495,2021-09-11 22:45:00,2021,9,11,22,45,27,27229,QUATORZE JUILLET (BOULEVARD),49.01175,1.16843,Nuit avec éclairage allumé,En agglomération,Hors intersection,Normale,Deux véhicules - arrière,4,3,4,0,1,1,1,0,1,50,,4,1,0,0,3,27.0,51.0,,,5,2,1,1,2
202100019496,2021-09-11 02:00:00,2021,9,11,2,0,26,26362,108 Rue des Alpes,44.92621,4.90126,Nuit avec éclairage allumé,En agglomération,Hors intersection,Normale,Deux véhicules - côté,4,1,1,1,1,1,1,0,1,50,,5,2,0,2,1,,16.0,,,5,2,1,1,3
202100019497,2021-09-11 16:00:00,2021,9,11,16,0,70,70285,LÉON JOUHAUX(AVENUE),47.57676,6.76145,Plein jour,En agglomération,Intersection en T,Temps éblouissant,Deux véhicules - côté,3,2,2,0,1,1,1,0,1,50,,2,1,0,1,0,68.0,27.0,,,1,2,3,7,3
202100019498,2021-09-11 07:15:00,2021,9,11,7,15,24,24037,COMBAL,44.82274,0.47679,Crépuscule ou aube,Hors agglomération,Hors intersection,Brouillard / fumée,Deux véhicules - frontale,3,2,2,0,1,1,1,0,1,80,,2,0,0,1,1,46.0,34.0,,,2,1,1,5,1
202100019499,2021-09-11 19:30:00,2021,9,11,19,30,13,13207,Corniche John Fitzgérald Kennedy,43.28171,5.35119,Crépuscule ou aube,En agglomération,Hors intersection,Normale,Deux véhicules - côté,4,3,2,0,1,3,1,0,1,50,,2,0,0,0,2,16.0,,,,2,2,1,1,3
202100019500,2021-09-11 15:30:00,2021,9,11,15,30,13,13208,RABATAU (BOULEVARD),43.2764630581,5.3974867597,Plein jour,En agglomération,Hors intersection,Normale,Deux véhicules - frontale,4,2,2,0,1,1,1,0,1,50,,2,1,0,0,1,23.0,71.0,,,1,2,1,1,1
202100019501,2021-09-11 06:45:00,2021,9,11,6,45,13,13206,LAFON (RUE),43.2915049531,5.3818081929,Crépuscule ou aube,En agglomération,Autre intersection,Normale,Deux véhicules - côté,4,1,2,0,2,1,1,9,1,30,,4,3,0,0,1,27.0,21.0,,,2,2,9,1,3
202100019502,2021-09-11 19:55:00,2021,9,11,19,55,13,13047,FELIX GOUIN AVENUE,43.4987038877,4.9859019272,Plein jour,En agglomération,Giratoire,Normale,Deux véhicules - arrière,4,1,2,0,1,3,1,0,1,50,,4,2,0,0,2,34.0,24.0,,,1,2,6,1,2
202100019503,2021-09-09 15:00:00,2021,9,9,15,0,12,12176,ESPALION (ROUTE D'),44.36603,2.58612,Plein jour,En agglomération,Hors intersection,Normale,Autre collision,4,2,2,0,2,1,1,0,1,50,,2,1,0,1,0,19.0,,,,1,2,1,1,6
202100019504,2021-09-11 01:30:00,2021,9,11,1,30,10,10387,LA FONTAINE (RUE),48.2956,4.08158,Nuit avec éclairage allumé,En agglomération,Place,Normale,Deux véhicules - côté,4,1,1,0,1,1,1,0,1,50,,2,1,0,1,0,22.0,23.0,,,5,2,7,1,3
202100019505,2021-09-11 04:41:00,2021,9,11,4,41,06,06088,VOIE RAPIDE,43.67286,7.218174,Nuit avec éclairage allumé,En agglomération,Hors intersection,Normale,Autre collision,4,1,3,0,1,2,1,0,1,30,,1,0,1,0,0,30.0,,,,5,2,1,1,6
202100019506,2021-09-10 20:10:00,2021,9,10,20,10,06,06029,JOURDAN (AVENUE MICHEL),43.554672,6.972323,Nuit sans éclairage public,En agglomération,Hors intersection,Normale,Deux véhicules - côté,3,2,4,0,1,1,1,0,1,50,,2,1,0,1,0,29.0,29.0,,,3,2,1,1,3
202100019507,2021-09-11 16:50:00,2021,9,11,16,50,75,75112,BD PERIPHERIQUE INTERIEUR,48.8456459651,2.4141696774,Plein jour,En agglomération,Hors intersection,Normale,Trois véhicules et plus - en chaîne,4,1,4,0,1,1,1,0,1,70,,5,4,0,0,1,40.0,38.0,,,1,2,1,1,4
202100019508,2021-09-11 14:00:00,2021,9,11,14,0,75,75118,BD PERIPHERIQUE INTERIEUR,48.900675,2.333095,Plein jour,En agglomération,Hors intersection,Normale,Deux véhicules - côté,4,1,4,0,1,1,1,0,1,70,,3,0,0,0,3,50.0,44.0,,,1,2,1,1,3
202100019509,2021-09-10 23:56:00,2021,9,10,23,56,75,75101,QUAI DE L HORLOGE,48.856197,2.346485,Nuit avec éclairage allumé,En agglomération,Intersection en X,Normale,Deux véhicules - côté,4,1,2,0,1,1,1,0,1,30,,4,3,0,1,0,37.0,31.0,,,5,2,2,1,3
202100019510,2021-09-11 11:30:00,2021,9,11,11,30,75,75118,RUE DU MONT CENIS,48.891827,2.343945,Plein jour,En agglomération,Intersection en X,Normale,Autre collision,4,1,1,0,1,1,1,0,1,30,,2,1,0,0,1,48.0,,,,1,2,2,1,6
202100019511,2021-09-10 22:45:00,2021,9,10,22,45,75,75116,AVENUE FOCH,48.872671,2.284591,Nuit avec éclairage allumé,En agglomération,Intersection en X,Normale,Deux véhicules - côté,4,2,4,0,2,1,1,0,1,30,,2,1,0,0,1,,41.0,,,5,2,2,1,3
202100019512,2021-09-10 23:50:00,2021,9,10,23,50,75,75114,AVENUE DU MAINE,48.828415,2.326704,Nuit avec éclairage allumé,En agglomération,Hors intersection,Normale,Deux véhicules - côté,4,2,5,0,1,1,1,0,1,50,,2,1,0,0,1,43.0,54.0,,,5,2,1,1,3
202100019513,2021-09-11 18:40:00,2021,9,11,18,40,75,75112,RUE CROZATIER,48.849660683,2.379435894,Plein jour,En agglomération,Intersection en Y,Normale,Autre collision,4,2,2,0,1,1,1,0,1,30,,4,3,0,0,1,29.0,33.0,,,1,2,4,1,6
202100019514,2021-09-11 11:30:00,2021,9,11,11,30,75,75112,COURS DE VINCENNES,48.847121,2.406657,Plein jour,En agglomération,Hors intersection,Normale,Autre collision,4,1,1,0,1,1,1,0,1,50,,2,1,0,0,1,37.0,,,,1,2,1,1,6
202100019515,2021-09-11 09:25:00,2021,9,11,9,25,75,75112,AVENUE DAUMESNIL,48.837715,2.425638,Plein jour,En agglomération,Hors intersection,Normale,Autre collision,4,2,2,0,1,1,1,0,1,50,,2,0,0,0,2,29.0,,,,1,2,1,1,6
202100019516,2021-09-11 06:02:00,2021,9,11,6,2,75,75110,BOULEVARD DE MAGENTA,48.88106,2.351791,Nuit avec éclairage allumé,En agglomération,Hors intersection,Normale,Autre collision,4,2,4,0,1,1,1,0,1,30,,1,0,0,0,1,28.0,,,,5,2,1,1,6
202100019517,2021-09-10 23:10:00,2021,9,10,23,10,75,75109,BOULEVARD POISSONNIERE,48.8714859909,2.343051042,Nuit avec éclairage allumé,En agglomération,Intersection en X,Normale,Autre collision,4,2,4,0,2,1,1,0,1,30,,2,1,0,0,1,,,,,5,2,2,1,6
202100019518,2021-09-11 20:15:00,2021,9,11,20,15,75,75101,QUAI DES TUILERIES,48.86348,2.322303,Nuit avec éclairage allumé,En agglomération,Hors intersection,Normale,Deux véhicules - arrière,4,3,3,0,1,1,1,0,1,50,,2,1,0,0,1,25.0,21.0,,,5,2,1,1,2
202100019519,2021-09-10 20:05:00,2021,9,10,20,5,75,75102,RUE DU QUATRE SEPTEMBRE,48.870065315,2.3339920493,Nuit avec éclairage allumé,En agglomération,Intersection en T,Temps couvert,Deux véhicules - côté,4,1,3,0,1,1,2,0,1,30,,2,1,0,0,1,28.0,33.0,,,5,2,3,8,3
202100019520,2021-09-11 18:25:00,2021,9,11,18,25,94,94038,Avenue Flouquet,48.774235,2.325068,Plein jour,En agglomération,Hors intersection,Normale,Autre collision,4,2,2,0,1,1,1,0,1,50,,2,1,0,0,1,43.0,,,,1,2,1,1,6
202100019521,2021-09-11 22:20:00,2021,9,11,22,20,94,94022,BASCOUT (R),48.77291,2.41881,Nuit avec éclairage allumé,En agglomération,Hors intersection,Normale,Autre collision,4,2,2,0,1,1,1,0,1,30,,2,1,0,0,1,20.0,48.0,,,5,2,1,1,6
202100019522,2021-09-11 15:15:00,2021,9,11,15,15,94,94001,Rue du Bac,48.7228396256,2.4184298515,Plein jour,En agglomération,Hors intersection,Normale,Deux véhicules - frontale,4,2,2,0,1,1,1,0,1,50,,3,2,0,0,1,19.0,12.0,,,1,2,1,1,1
202100019523,2021-09-10 23:28:00,2021,9,10,23,28,93,93046,WINSTON CHURCHILL AVENUE,48.91398,2.53648,Nuit avec éclairage allumé,En agglomération,Intersection en T,Normale,Deux véhicules - frontale,3,2,2,0,1,1,1,0,1,50,,2,1,0,0,1,19.0,52.0,,,5,2,3,1,1
202100019524,2021-09-11 15:05:00,2021,9,11,15,5,93,93051,Boulevard du Levant,48.83867,2.548633,Plein jour,En agglomération,Hors intersection,Normale,Deux véhicules - arrière,3,3,4,0,1,1,1,0,1,50,,3,2,0,0,1,61.0,45.0,,,1,2,1,1,2
202100019525,2021-09-10 17:50:00,2021,9,10,17,50,93,93046,ARISTIDE BRIAND AVENUE,48.91121,2.51662,Plein jour,En agglomération,Intersection à plus de 4 branches,Pluie légère,Trois véhicules et plus - en chaîne,3,2,2,0,1,1,1,0,1,50,,4,3,0,0,1,49.0,21.0,,,1,2,5,2,4
202100019526,2021-09-11 14:26:00,2021,9,11,14,26,93,93079,Parking Centre Commercial,48.94932,2.34347,Plein jour,En agglomération,Autre intersection,Normale,Autre collision,6,-1,-1,0,1,1,1,0,1,30,,2,1,0,0,1,37.0,,,,1,2,9,1,6
202100019527,2021-09-11 20:45:00,2021,9,11,20,45,93,93001,ANATOLE FRANCE  (BLD) IMPAIR,48.91738,2.38202,Nuit avec éclairage allumé,En agglomération,Hors intersection,Normale,Deux véhicules - côté,3,2,2,0,1,1,1,0,1,50,,2,1,0,0,1,,,,,5,2,1,1,3
202100019528,2021-09-11 18:43:00,2021,9,11,18,43,92,92046,RAYMOND DAVID,48.8162882821,2.2952623862,Plein jour,En agglomération,Hors intersection,Normale,Deux véhicules - côté,3,2,2,0,1,1,1,0,1,50,,2,0,0,1,1,43.0,39.0,,,1,2,1,1,3
202100019529,2021-09-11 17:45:00,2021,9,11,17,45,92,92022,SALENGRO (AVENUE ROGER),48.8195123535,2.199344337,Plein jour,En agglomération,Hors intersection,Normale,Deux véhicules - arrière,3,2,2,0,1,1,1,0,1,50,,2,1,0,0,1,35.0,39.0,,,1,2,1,1,2
202100019530,2021-09-10 22:00:00,2021,9,10,22,0,92,92050,CLEMENCEAU GEORGES AVENUE N° PAIR,48.8866938946,2.2052449561,Nuit avec éclairage allumé,En agglomération,Intersection en X,Normale,Deux véhicules - côté,3,3,5,3,1,1,1,0,1,50,,2,1,0,1,0,50.0,43.0,,,5,2,2,1,3
202100019531,2021-09-11 12:35:00,2021,9,11,12,35,92,92048,GEORGES MILLANDY (RUE),48.7848286609,2.2322350711,Plein jour,En agglomération,Intersection en T,Normale,Deux véhicules - frontale,4,2,2,0,1,3,1,0,1,50,,3,2,0,0,1,90.0,53.0,,,1,2,3,1,1
202100019532,2021-09-12 16:30:00,2021,9,12,16,30,54,54527,rue sans nom,48.5490010562,6.2613862761,Plein jour,Hors agglomération,Hors intersection,Normale,Sans collision,4,2,2,0,2,2,1,0,3,80,,1,0,0,1,0,49.0,,,,1,1,1,1,7
202100019533,2021-09-12 16:30:00,2021,9,12,16,30,2A,2A018,D19 - LE VILLAGE,41.682011,8.99195,Plein jour,En agglomération,Intersection en T,Normale,Sans collision,3,2,2,0,1,1,9,0,1,50,,1,0,0,0,1,17.0,,,,1,2,3,1,7
202100019534,2021-09-11 21:45:00,2021,9,11,21,45,2A,2A249,Rue du 9 Septembre,41.676113,8.905358,Nuit avec éclairage allumé,En agglomération,Hors intersection,Normale,Deux véhicules - arrière,2,1,1,0,1,1,1,0,1,50,,3,2,0,0,1,52.0,75.0,,,5,2,1,1,2
202100019535,2021-09-11 17:45:00,2021,9,11,17,45,2A,2A348,RD 81 funtanella,42.114858,8.65212,Plein jour,Hors agglomération,Hors intersection,Normale,Deux véhicules - côté,3,2,2,0,1,1,1,0,1,70,,2,1,0,0,1,26.0,30.0,,,1,1,1,1,3
202100019536,2021-09-11 19:05:00,2021,9,11,19,5,51,51649,Rue du 8 Mai 1945,48.716921,4.590113,Plein jour,En agglomération,Hors intersection,Normale,Deux véhicules - côté,4,2,2,1,1,1,1,9,5,-1,,2,0,0,1,1,19.0,11.0,,,1,2,1,1,3
202100019537,2021-09-12 14:30:00,2021,9,12,14,30,25,25212,Rue du Poirier,47.274775,5.985744,Plein jour,En agglomération,Hors intersection,Normale,Sans collision,4,2,2,0,4,1,1,0,1,50,,1,0,0,0,1,21.0,,,,1,2,1,1,7
202100019538,2021-09-12 10:20:00,2021,9,12,10,20,85,85158,A83,46.481493,-0.947683,Plein jour,Hors agglomération,Hors intersection,Normale,Deux véhicules - arrière,1,3,4,3,1,1,1,0,1,130,,3,0,0,2,1,23.0,27.0,,,1,1,1,1,2
202100019539,2021-09-11 16:45:00,2021,9,11,16,45,52,52076,D65,48.087497,5.008585,Plein jour,Hors agglomération,Hors intersection,Normale,Deux véhicules - côté,3,2,2,0,1,1,1,0,1,90,,2,1,0,1,0,71.0,90.0,,,1,1,1,1,3