accident_id,datetime,annee,mois,jour,heure,minute,departement,commune_insee,adresse,latitude,longitude,luminosite,agglomeration,intersection,meteo,collision,catr,circ,nbv,vosp,prof,plan,surf,infra,situ,vma,nb_vehicules,nb_usagers,nb_indemnes,nb_tues,nb_blesses_hosp,nb_blesses_legers,age_cond_1,age_cond_2,veh_type_cond_1,veh_type_cond_2,lum_code,agg_code,int_code,atm_code,col_code
202100019540,2021-09-10 05:56:00,2021,9,10,5,56,71,71270,"Autoroute A6, PK 382.920, sens Paris-Lyon",46.352734,4.827676,Nuit sans éclairage public,Hors agglomération,Hors intersection,Temps couvert,Deux véhicules - arrière,1,3,5,0,1,1,1,0,1,130,,3,1,0,1,1,34.0,54.0,,,3,1,1,8,2
202100019541,2021-09-12 12:30:00,2021,9,12,12,30,51,51217,D3,49.0630122894,3.6181109441,Plein jour,Hors agglomération,Intersection en X,Normale,Deux véhicules - côté,3,2,2,0,1,1,1,0,1,90,,3,1,0,2,0,26.0,70.0,,,1,1,2,1,3
202100019542,2021-09-12 10:40:00,2021,9,12,10,40,67,67548,26 Route de Saverne,48.641115,7.60646,Plein jour,En agglomération,Intersection en T,Normale,Deux véhicules - frontale,3,2,2,0,1,1,1,0,1,50,,2,1,0,0,1,66.0,48.0,,,1,2,3,1,1
202100019543,2021-09-10 08:35:00,2021,9,10,8,35,34,34163,Montarnaud;Saint-Paul et Valmalle (Embranchement d'autoroute),43.628321,3.698911,Plein jour,Hors agglomération,Hors intersection,Normale,Autre collision,1,3,4,0,4,1,1,0,1,130,,1,0,0,0,1,51.0,,,,1,1,1,1,6
202100019544,2021-09-11 20:15:00,2021,9,11,20,15,30,30254,"départementale 980, PK 22+450",44.068879,4.718242,Nuit sans éclairage public,En agglomération,Hors intersection,Normale,Autre collision,3,2,2,0,1,1,1,0,1,50,,5,0,0,1,4,42.0,,,,3,2,1,1,6
202100019545,2021-09-10 21:45:00,2021,9,10,21,45,34,34295,D613,43.56582,3.805228,Nuit sans éclairage public,Hors agglomération,Hors intersection,Normale,Deux véhicules - arrière,7,2,2,0,1,1,1,0,1,80,,3,0,0,1,2,49.0,40.0,,,3,1,1,1,2
202100019546,2021-09-12 16:24:00,2021,9,12,16,24,59,59547,67 Rue Jean Jaurès,50.191861,3.42657,Plein jour,En agglomération,Hors intersection,Normale,Deux véhicules - côté,3,2,2,0,4,1,1,0,1,30,,2,1,0,1,0,28.0,24.0,,,1,2,1,1,3
202100019547,2021-09-08 19:40:00,2021,9,8,19,40,56,56094,Lieu Dit Kergatamignan,47.743654,-3.299824,Plein jour,Hors agglomération,Hors intersection,Normale,Deux véhicules - arrière,3,2,2,0,1,1,1,0,1,80,,2,0,0,0,2,27.0,22.0,,,1,1,1,1,2
202100019548,2021-09-11 23:00:00,2021,9,11,23,0,56,56248,Bilair,47.594762,-2.649658,Nuit sans éclairage public,Hors agglomération,Hors intersection,Normale,Sans collision,3,2,2,0,1,1,1,0,3,80,,1,0,0,1,0,20.0,,,,3,1,1,1,7
202100019549,2021-09-12 09:51:00,2021,9,12,9,51,2A,2A323,RT20 Zone artisanale de la gravona,42.018621,8.891534,Plein jour,Hors agglomération,Hors intersection,Normale,Autre collision,2,2,2,0,1,2,1,0,3,80,,1,0,0,1,0,24.0,,,,1,1,1,1,6
202100019550,2021-09-11 13:30:00,2021,9,11,13,30,2B,2B150,Route de calvi,42.563575131,8.8073980801,Plein jour,Hors agglomération,Hors intersection,Normale,Deux véhicules - arrière,2,2,2,0,1,1,1,0,1,70,,2,0,0,1,1,52.0,44.0,,,1,1,1,1,2
202100019551,2021-09-12 15:56:00,2021,9,12,15,56,80,80732,D1015,49.874559,1.731548,Plein jour,Hors agglomération,Hors intersection,Normale,Trois véhicules et plus - collisions multiples,3,2,2,0,2,1,1,0,1,80,,6,2,1,0,3,77.0,46.0,,,1,1,1,1,5
202100019552,2021-09-12 09:30:00,2021,9,12,9,30,61,61158,Lieu Dit le Gue de Rouvre,48.672657,-0.304484,Plein jour,Hors agglomération,Intersection en X,Normale,Deux véhicules - côté,3,2,2,0,1,1,1,0,1,90,,2,1,0,1,0,19.0,67.0,,,1,1,2,1,3
202100019553,2021-09-12 09:30:00,2021,9,12,9,30,47,47043,Route de Thouars,44.258409,0.311061,Plein jour,Hors agglomération,Hors intersection,Normale,Autre collision,3,2,2,0,1,1,1,0,3,80,,1,0,1,0,0,22.0,,,,1,1,1,1,6
202100019554,2021-09-11 18:50:00,2021,9,11,18,50,68,68082,4 Les Octrois,47.861992,7.37166,Plein jour,Hors agglomération,Intersection en T,Normale,Deux véhicules - côté,3,-1,2,0,1,1,1,0,1,80,,3,2,0,0,1,30.0,48.0,,,1,1,3,1,3
202100019555,2021-09-12 16:05:00,2021,9,12,16,5,39,39434,,46.853243,5.685468,Plein jour,Hors agglomération,Hors intersection,Normale,Deux véhicules - arrière,5,2,2,0,1,1,1,0,1,40,,2,0,0,0,2,14.0,77.0,,,1,1,1,1,2
202100019556,2021-09-12 15:40:00,2021,9,12,15,40,44,44081,La Gestiere,46.881271,-1.532013,Plein jour,Hors agglomération,Hors intersection,Normale,Deux véhicules - frontale,4,2,2,0,2,4,1,0,1,80,,2,1,0,1,0,17.0,18.0,,,1,1,1,1,1
202100019557,2021-09-12 17:30:00,2021,9,12,17,30,44,44145,La Caverniere,47.178107,-1.866451,Plein jour,En agglomération,Hors intersection,Normale,Sans collision,3,2,2,0,2,1,1,0,1,-1,,1,0,0,1,0,64.0,,,,1,2,1,1,7
202100019558,2021-09-11 00:10:00,2021,9,11,0,10,31,31033,D622,43.350492,1.457148,Nuit sans éclairage public,Hors agglomération,Hors intersection,Normale,Autre collision,3,2,2,0,1,3,2,0,3,80,,1,0,0,1,0,24.0,,,,3,1,1,1,6
202100019559,2021-09-11 00:45:00,2021,9,11,0,45,38,38351,D522,45.538459,5.229557,Nuit sans éclairage public,Hors agglomération,Hors intersection,Normale,Deux véhicules - frontale,3,2,2,0,2,1,1,0,1,70,,2,0,0,1,1,23.0,49.0,,,3,1,1,1,1
202100019560,2021-09-11 19:15:00,2021,9,11,19,15,38,38163,D525a,45.379025,6.090267,Plein jour,Hors agglomération,Hors intersection,Normale,Autre collision,3,2,2,0,2,3,1,0,3,80,,1,0,0,1,0,20.0,,,,1,1,1,1,6
202100019561,2021-08-29 14:40:00,2021,8,29,14,40,38,38460,Route des Rivoires,45.466963,5.607276,Plein jour,En agglomération,Hors intersection,Normale,Deux véhicules - côté,3,2,2,0,1,1,1,0,1,50,,2,1,0,1,0,23.0,18.0,,,1,2,1,1,3
202100019562,2021-09-11 17:30:00,2021,9,11,17,30,03,03053,Route de Bellenaves,46.23344,3.14683,Plein jour,Hors agglomération,Hors intersection,Normale,Deux véhicules - arrière,3,2,2,0,1,1,1,0,1,70,,2,1,0,0,1,,16.0,,,1,1,1,1,2
202100019563,2021-09-11 18:30:00,2021,9,11,18,30,01,01412,Route Departementale 2,46.165789,4.963117,Crépuscule ou aube,Hors agglomération,Intersection en X,Normale,Trois véhicules et plus - collisions multiples,3,2,2,0,1,1,1,5,1,80,,5,2,0,0,3,49.0,81.0,,,2,1,2,1,5
202100019564,2021-09-10 07:15:00,2021,9,10,7,15,26,26155,677 Route de Beaurepaire,45.322593,5.005367,Plein jour,Hors agglomération,Hors intersection,Pluie légère,Deux véhicules - côté,3,2,2,0,1,1,2,0,1,70,,2,0,1,1,0,20.0,43.0,,,1,1,1,2,3
202100019565,2021-09-12 15:10:00,2021,9,12,15,10,06,06079,Boulevard du Bon Puits,43.522041,6.933344,Plein jour,Hors agglomération,Hors intersection,Normale,Deux véhicules - frontale,3,2,2,0,2,3,1,0,1,50,,2,1,0,1,0,30.0,62.0,,,1,1,1,1,1
202100019566,2021-09-12 03:30:00,2021,9,12,3,30,14,14371,D4,49.003811,0.171873,Nuit sans éclairage public,Hors agglomération,Hors intersection,Normale,Autre collision,3,2,2,0,2,1,1,0,3,80,,1,0,0,0,1,50.0,,,,3,1,1,1,6
202100019567,2021-09-12 06:10:00,2021,9,12,6,10,14,14607,D33,49.108454,-0.670708,Nuit sans éclairage public,Hors agglomération,Hors intersection,Normale,Autre collision,3,2,2,0,2,2,1,0,3,80,,1,0,0,1,0,33.0,,,,3,1,1,1,6
202100019568,2021-09-12 15:49:00,2021,9,12,15,49,50,50410,N176,48.56246,-1.510521,Plein jour,Hors agglomération,Hors intersection,Normale,Deux véhicules - frontale,2,2,2,0,1,1,1,0,1,80,,4,0,1,2,1,35.0,83.0,,,1,1,1,1,1
202100019569,2021-09-12 10:50:00,2021,9,12,10,50,90,90097,RD437,47.567072,6.860565,Plein jour,En agglomération,Hors intersection,Normale,Deux véhicules - côté,3,2,2,1,1,1,1,6,1,50,,2,1,0,0,1,54.0,32.0,,,1,2,1,1,3
202100019570,2021-09-11 18:00:00,2021,9,11,18,0,45,45307,52 Rue de Bretagne,48.066917,2.885317,Plein jour,Hors agglomération,Hors intersection,Normale,Deux véhicules - frontale,3,2,2,0,2,3,1,0,1,70,,2,1,0,1,0,40.0,31.0,,,1,1,1,1,1
202100019571,2021-09-11 17:30:00,2021,9,11,17,30,85,85164,Les Pillenieres,46.823674,-2.121418,Plein jour,Hors agglomération,Hors intersection,Normale,Sans collision,4,2,2,0,1,4,1,0,3,80,,1,0,1,0,0,69.0,,,,1,1,1,1,7
202100019572,2021-09-11 14:00:00,2021,9,11,14,0,27,27680,RD 35,48.920991,0.434732,Plein jour,Hors agglomération,Hors intersection,Normale,Sans collision,3,2,2,0,1,1,1,0,1,80,,1,0,0,1,0,50.0,,,,1,1,1,1,7
202100019573,2021-09-12 15:20:00,2021,9,12,15,20,17,17243,Frappe,45.247826,-0.288998,Plein jour,Hors agglomération,Intersection en X,Normale,Deux véhicules - frontale,3,2,2,0,1,1,1,5,1,80,,4,2,0,0,2,46.0,46.0,,,1,1,2,1,1
202100019574,2021-09-12 03:00:00,2021,9,12,3,0,30,30003,RD62,43.572331,4.174536,Nuit sans éclairage public,Hors agglomération,Giratoire,Normale,Sans collision,3,2,2,0,1,1,1,9,8,90,,1,0,0,1,0,36.0,,,,3,1,6,1,7
202100019575,2021-09-11 15:09:00,2021,9,11,15,9,08,08190,Route de Beauraing,50.133585,4.851911,Plein jour,En agglomération,Giratoire,Normale,Deux véhicules - côté,3,1,1,0,1,2,1,0,1,50,,2,1,0,0,1,72.0,61.0,,,1,2,6,1,3
202100019576,2021-09-12 07:30:00,2021,9,12,7,30,49,49092,RD 84 PK 07.600,47.207099,-0.636349,Plein jour,Hors agglomération,Hors intersection,Normale,Sans collision,3,2,2,0,1,1,1,0,3,80,,1,0,0,1,0,20.0,,,,1,1,1,1,7
202100019577,2021-09-12 17:48:00,2021,9,12,17,48,34,34320,Rue des Amandiers,43.6672719903,3.7176838105,Plein jour,En agglomération,Hors intersection,Normale,Sans collision,4,4,2,0,2,1,1,0,1,50,,1,0,0,1,0,59.0,,,,1,2,1,1,7
202100019578,2021-09-11 23:40:00,2021,9,11,23,40,11,11170,D332,43.117365,3.089202,Nuit sans éclairage public,Hors agglomération,Giratoire,Normale,Trois véhicules et plus - collisions multiples,3,2,2,0,1,1,1,0,1,80,,1,0,1,0,0,25.0,,,,3,1,6,1,5
202100019579,2021-09-11 19:10:00,2021,9,11,19,10,973,97304,Rue Thomas Guidiglo,5.157347,-52.643539,Crépuscule ou aube,En agglomération,Hors intersection,Normale,Deux véhicules - frontale,4,2,2,0,1,1,1,0,1,-1,,2,1,0,1,0,59.0,38.0,,,2,2,1,1,1
202100019580,2021-09-11 15:13:00,2021,9,11,15,13,21,21171,rond point d107 et D122A,47.303185,5.104727,Plein jour,Hors agglomération,Giratoire,Pluie légère,Sans collision,7,1,1,0,1,2,2,5,1,80,,1,0,0,1,0,50.0,,,,1,1,6,2,7
202100019581,2021-08-25 08:00:00,2021,8,25,8,0,91,91579,Avenue Charles René de Mortemart,48.540009,2.342512,Plein jour,En agglomération,Hors intersection,Normale,Deux véhicules - côté,3,2,2,0,1,1,1,0,1,-1,,2,1,0,1,0,29.0,65.0,,,1,2,1,1,3
202100019582,2021-08-23 12:30:00,2021,8,23,12,30,78,78623,Route nationale 12,48.794638,1.874177,Plein jour,Hors agglomération,Hors intersection,Normale,Deux véhicules - arrière,2,3,4,0,1,1,1,0,1,110,,3,1,0,0,2,35.0,44.0,,,1,1,1,1,2
202100019583,2021-09-10 01:50:00,2021,9,10,1,50,2A,2A041,Cala Longa,41.389978,9.207766,Nuit sans éclairage public,En agglomération,Hors intersection,Normale,Deux véhicules - frontale,3,2,2,0,2,3,1,0,1,50,,3,2,0,0,1,60.0,25.0,,,3,2,1,1,1
202100019584,2021-09-11 15:50:00,2021,9,11,15,50,34,34213,Avenue de Sète,43.474474,3.678349,Plein jour,Hors agglomération,Intersection en T,Normale,Trois véhicules et plus - en chaîne,3,2,2,0,1,1,1,0,1,-1,,3,1,0,0,2,41.0,60.0,,,1,1,3,1,4
202100019585,2021-09-12 15:05:00,2021,9,12,15,5,83,83035,412 Montée du Vieux Camp,43.23355,5.765851,Plein jour,Hors agglomération,Hors intersection,Normale,Deux véhicules - frontale,3,2,2,0,2,3,1,0,1,80,,2,0,0,1,1,21.0,42.0,,,1,1,1,1,1
202100019586,2021-09-11 18:50:00,2021,9,11,18,50,83,83107,Route de la Bouverie,43.479713,6.665391,Plein jour,Hors agglomération,Hors intersection,Normale,Autre collision,4,2,2,0,1,2,1,0,3,70,,1,0,0,1,0,45.0,,,,1,1,1,1,6
202100019587,2021-09-12 14:50:00,2021,9,12,14,50,05,05079,D902,45.061654,6.40842,Plein jour,Hors agglomération,Hors intersection,Normale,Deux véhicules - frontale,3,2,2,0,2,2,1,0,1,80,,3,0,0,0,3,28.0,32.0,,,1,1,1,1,1
202100019588,2021-09-12 15:51:00,2021,9,12,15,51,70,70026,Rue des Giranaux,47.458668,5.601772,Plein jour,En agglomération,Intersection en T,Normale,Trois véhicules et plus - en chaîne,4,2,2,0,1,1,1,0,1,50,,3,2,0,1,0,15.0,15.0,,,1,2,3,1,4
202100019589,2021-09-10 18:30:00,2021,9,10,18,30,89,89013,A6,47.864515,3.511033,Plein jour,Hors agglomération,Hors intersection,Pluie forte,Deux véhicules - côté,1,3,6,0,2,1,2,0,1,130,,2,0,1,0,1,35.0,22.0,,,1,1,1,3,3
202100019590,2021-09-11 19:15:00,2021,9,11,19,15,71,71444,RD906 Gare (Arrêt de bus),46.728463,4.857835,Plein jour,En agglomération,Hors intersection,Normale,Autre collision,3,2,2,0,1,1,1,0,3,70,,1,0,0,1,0,73.0,,,,1,2,1,1,6
202100019591,2021-09-12 00:25:00,2021,9,12,0,25,71,71235,Route de la Grisière,46.3570284699,4.7995769974,Nuit sans éclairage public,Hors agglomération,Hors intersection,Normale,Autre collision,4,2,2,0,1,1,1,0,3,70,,2,0,0,1,1,23.0,,,,3,1,1,1,6
202100019592,2021-09-11 21:40:00,2021,9,11,21,40,74,74056,Rte d Argentiere,45.951209,6.900358,Nuit sans éclairage public,En agglomération,Intersection en T,Normale,Deux véhicules - côté,3,2,2,0,1,1,1,0,1,50,,2,1,0,0,1,21.0,27.0,,,3,2,3,1,3
202100019593,2021-09-12 10:30:00,2021,9,12,10,30,42,42094,Boulevard de l Hippodrome,45.741177617,4.2183941205,Plein jour,En agglomération,Hors intersection,Normale,Autre collision,3,2,2,0,1,2,1,0,4,50,,1,0,0,1,0,17.0,,,,1,2,1,1,6
202100019594,2021-09-11 17:20:00,2021,9,11,17,20,42,42211,Rue de la Becque,45.528133,4.233424,Plein jour,En agglomération,Intersection en X,Normale,Deux véhicules - frontale,3,2,2,0,1,1,1,0,1,50,,2,1,0,0,1,37.0,54.0,,,1,2,2,1,1
202100019595,2021-09-02 22:00:00,2021,9,2,22,0,26,26220,Chemin de Pied de Vaux,44.372644,5.12465,Nuit sans éclairage public,Hors agglomération,Hors intersection,Normale,Autre collision,4,2,1,0,2,1,1,0,3,50,,1,0,0,1,0,53.0,,,,3,1,1,1,6
202100019596,2021-09-11 18:00:00,2021,9,11,18,0,19,19101,Route de beaulieu,45.2448468788,1.7708997641,Plein jour,Hors agglomération,Hors intersection,Normale,Autre collision,3,2,2,0,2,2,1,0,8,90,,4,2,0,0,2,19.0,,,,1,1,1,1,6
202100019597,2021-09-11 15:40:00,2021,9,11,15,40,85,85300,D42,46.684717,-1.576753,Plein jour,Hors agglomération,Hors intersection,Normale,Deux véhicules - frontale,3,2,2,0,1,3,1,0,1,80,,2,1,0,1,0,35.0,37.0,,,1,1,1,1,1
202100019598,2021-09-12 02:30:00,2021,9,12,2,30,29,29042,Boulevard de la France Libre,48.239773,-4.494476,Nuit avec éclairage allumé,En agglomération,Hors intersection,Normale,Autre collision,4,2,2,0,2,1,1,0,1,50,,1,0,0,1,0,32.0,,,,5,2,1,1,6
202100019599,2021-09-11 17:00:00,2021,9,11,17,0,27,27358,19 Rue des Folies,49.036677,1.278684,Plein jour,En agglomération,Hors intersection,Normale,Sans collision,4,2,2,0,1,1,1,0,1,50,,2,1,0,1,0,57.0,,,,1,2,1,1,7
202100019600,2021-09-10 08:05:00,2021,9,10,8,5,60,60533,D935,49.521853,2.71329,Plein jour,Hors agglomération,Intersection en T,Normale,Deux véhicules - frontale,1,3,2,-1,1,1,1,3,1,-1,,2,1,0,0,1,40.0,24.0,,,1,1,3,1,1
202100019601,2021-09-11 06:10:00,2021,9,11,6,10,94,94034,AUTOROUTE A86,48.75881,2.3366,Nuit sans éclairage public,Hors agglomération,Hors intersection,Normale,Deux véhicules - côté,1,3,2,0,1,2,1,2,1,70,,2,1,0,0,1,33.0,,,,3,1,1,1,3
202100019602,2021-09-11 06:50:00,2021,9,11,6,50,92,92002,AUTOROUTE A10,48.7339941782,2.31336236,Plein jour,Hors agglomération,Hors intersection,Normale,Deux véhicules - côté,1,3,6,0,1,1,1,0,1,110,,2,1,0,0,1,52.0,52.0,,,1,1,1,1,3
202100019603,2021-09-11 16:00:00,2021,9,11,16,0,78,78640,A86 INT,48.777146,2.223922,Plein jour,Hors agglomération,Hors intersection,Normale,Deux véhicules - arrière,1,3,3,0,2,1,1,0,1,90,,2,1,0,1,0,24.0,20.0,,,1,1,1,1,2
202100019604,2021-09-11 12:45:00,2021,9,11,12,45,92,92050,A86,48.9145462162,2.2193848208,Plein jour,Hors agglomération,Hors intersection,Normale,Deux véhicules - arrière,1,3,6,0,1,1,1,9,1,90,,2,1,0,0,1,26.0,38.0,,,1,1,1,1,2
202100019605,2021-09-11 00:30:00,2021,9,11,0,30,78,78466,A13,48.925009,1.998479,Nuit avec éclairage allumé,Hors agglomération,Hors intersection,Autre,Autre collision,1,3,4,0,1,1,1,9,1,130,,5,1,0,0,4,27.0,21.0,,,5,1,1,9,6
202100019606,2021-09-10 20:18:00,2021,9,10,20,18,93,93027,AUTOROUTE A86,48.92838,2.41407,Nuit sans éclairage public,Hors agglomération,Hors intersection,Normale,Autre collision,1,3,8,0,3,3,1,0,1,90,,2,1,0,1,0,31.0,,,,3,1,1,1,6
202100019607,2021-09-10 13:10:00,2021,9,10,13,10,89,89387,JEAN JAURES (PLACE),48.199425,3.282632,Plein jour,En agglomération,Intersection en X,Pluie légère,Autre collision,4,1,1,0,1,1,2,0,1,50,,2,1,0,1,0,38.0,,,,1,2,2,2,6
202100019608,2021-09-10 11:20:00,2021,9,10,11,20,78,78418,PAUL DEMANGE (PLACE),48.906537,2.150983,Plein jour,En agglomération,Autre intersection,Temps couvert,Autre collision,4,2,1,0,1,1,1,0,1,50,,2,1,0,0,1,46.0,,,,1,2,9,8,6
202100019609,2021-09-10 06:45:00,2021,9,10,6,45,76,76575,LENINE. BOULEVARD,49.3812558274,1.1099462025,Nuit avec éclairage allumé,Hors agglomération,Intersection en X,Normale,Autre collision,7,3,5,0,1,1,1,-1,1,70,,2,1,0,1,0,23.0,,,,5,1,2,1,6
202100019610,2021-09-10 12:50:00,2021,9,10,12,50,42,42183,Route de Caintin,45.4103269823,4.3671138537,Plein jour,En agglomération,Hors intersection,Pluie légère,Autre collision,7,2,2,0,2,2,2,0,4,50,,2,1,0,0,1,20.0,,,,1,2,1,2,6
202100019611,2021-09-10 16:25:00,2021,9,10,16,25,27,27229,SAINT ANDRE (ROUTE DE),49.0099,1.16666,Plein jour,En agglomération,Giratoire,Normale,Autre collision,4,2,2,-1,1,1,1,5,1,-1,,2,1,0,0,1,43.0,,,,1,2,6,1,6
202100019612,2021-07-10 15:35:00,2021,7,10,15,35,44,44109,RUE DE LA RIPOSSIERE,47.19361,-1.53031,Plein jour,En agglomération,Intersection en T,Normale,Deux véhicules - côté,7,2,0,0,1,1,2,0,1,30,,2,1,0,0,1,84.0,19.0,,,1,2,3,1,3
202100019613,2021-09-10 19:51:00,2021,9,10,19,51,974,97416,ANCIENNE RN 1,-21.3245,55.44552,Nuit sans éclairage public,Hors agglomération,Hors intersection,Normale,Sans collision,4,2,1,0,1,3,1,0,3,50,,1,0,0,1,0,86.0,,,,3,1,1,1,7
202100019614,2021-09-09 08:50:00,2021,9,9,8,50,974,97407,LENINE (AVENUE),-20.94175,55.302161,Plein jour,En agglomération,Hors intersection,Normale,Autre collision,4,-1,2,0,1,1,1,0,1,30,,2,1,0,0,1,,,,,1,2,1,1,6
202100019615,2021-09-09 15:20:00,2021,9,9,15,20,973,97302,DE GAULLE (AVENUE),4.93915,-52.3305,Plein jour,En agglomération,Hors intersection,Normale,Deux véhicules - côté,4,2,1,0,1,1,1,0,1,50,,2,1,0,1,0,28.0,24.0,,,1,2,1,1,3
202100019616,2021-09-09 17:50:00,2021,9,9,17,50,973,97302,MADELEINE (ROUTE DE LA),4.91502,-52.32096,Plein jour,En agglomération,Hors intersection,Normale,Deux véhicules - côté,3,2,1,0,1,1,1,0,1,50,,2,1,0,1,0,29.0,44.0,,,1,2,1,1,3
202100019617,2021-07-19 04:30:00,2021,7,19,4,30,69,69387,MARC BLOCH (R),45.74698,4.8459,Nuit avec éclairage allumé,En agglomération,Hors intersection,Normale,Deux véhicules - arrière,4,1,4,2,1,1,1,0,1,50,,2,1,0,0,1,27.0,21.0,,,5,2,1,1,2
202100019618,2021-09-10 17:40:00,2021,9,10,17,40,69,69388,CONCORDE (DE LA) (R),45.73215,4.86976,Plein jour,En agglomération,Intersection en T,Normale,Deux véhicules - côté,4,1,1,0,1,1,1,0,1,50,,2,1,0,0,1,53.0,24.0,,,1,2,3,1,3
202100019619,2021-09-10 14:30:00,2021,9,10,14,30,69,69259,GAMBETTA (R),45.69853,4.88297,Plein jour,En agglomération,Intersection en T,Normale,Deux véhicules - côté,4,2,2,0,1,1,1,0,1,50,,5,2,0,0,3,50.0,29.0,,,1,2,3,1,3
202100019620,2021-09-10 06:30:00,2021,9,10,6,30,69,69259,8 MAI 1945 (DU) (AV),45.69333,4.87141,Crépuscule ou aube,En agglomération,Intersection en X,Normale,Autre collision,4,2,2,0,1,1,1,0,1,50,,1,0,0,0,1,50.0,,,,2,2,2,1,6
202100019621,2021-09-10 23:40:00,2021,9,10,23,40,69,69384,BERTONE (PL),45.77758,4.83483,Nuit avec éclairage allumé,En agglomération,Place,Normale,Deux véhicules - côté,4,1,1,2,1,1,1,0,1,50,,2,1,0,0,1,20.0,38.0,,,5,2,7,1,3
202100019622,2021-09-10 21:32:00,2021,9,10,21,32,69,69389,MARIETTON (R),45.77558,4.79502,Nuit avec éclairage allumé,En agglomération,Hors intersection,Normale,Deux véhicules - côté,4,2,5,0,1,1,1,0,1,50,,2,1,0,0,1,29.0,23.0,,,5,2,1,1,3
202100019623,2021-09-09 12:05:00,2021,9,9,12,5,69,69034,COMBATTANTS D'A.F.N. 1952-1962 (DES) (AV),45.79922,4.85051,Plein jour,En agglomération,Hors intersection,Pluie légère,Autre collision,4,2,2,0,1,2,2,0,1,50,,2,1,0,1,0,75.0,,,,1,2,1,2,6
202100019624,2021-09-10 16:15:00,2021,9,10,16,15,2B,2B353,CAP - ROUTE DU CAP,42.71181,9.45427,Plein jour,En agglomération,Hors intersection,Normale,Deux véhicules - côté,3,2,2,0,2,3,1,0,1,50,,2,1,0,1,0,76.0,37.0,,,1,2,1,1,3
202100019625,2021-09-10 19:55:00,2021,9,10,19,55,971,97113,BAS DU FORT,16.22121,-61.52164,Nuit avec éclairage allumé,Hors agglomération,Hors intersection,Normale,Autre collision,2,3,4,0,1,3,2,0,1,90,,4,0,0,2,2,20.0,,,,5,1,1,1,6
202100019626,2021-09-10 05:45:00,2021,9,10,5,45,95,95539,RD 301,48.99343,2.36095,Nuit sans éclairage public,Hors agglomération,Hors intersection,Normale,Deux véhicules - arrière,3,3,4,0,1,1,1,0,1,90,,3,2,0,0,1,,70.0,,,3,1,1,1,2
202100019627,2021-09-09 13:30:00,2021,9,9,13,30,95,95268,AV DE STALINGRAD,48.9658502294,2.4085454047,Plein jour,En agglomération,Hors intersection,Normale,Deux véhicules - côté,3,3,2,0,1,1,1,0,1,50,,2,1,0,0,1,17.0,26.0,,,1,2,1,1,3
202100019628,2021-09-09 12:30:00,2021,9,9,12,30,91,91691,PASTEUR (RUE),48.69408,2.48527,Plein jour,En agglomération,Hors intersection,Normale,Deux véhicules - côté,4,2,2,0,1,1,1,0,1,30,,2,1,0,0,1,48.0,,,,1,2,1,1,3
202100019629,2021-09-10 07:45:00,2021,9,10,7,45,91,91027,AV DU 18 AVRIL,48.70135,2.38617,Plein jour,En agglomération,Intersection en X,Normale,Deux véhicules - côté,3,2,2,0,1,1,1,5,1,30,,2,1,0,0,1,55.0,58.0,,,1,2,2,1,3
202100019630,2021-09-10 13:25:00,2021,9,10,13,25,91,91223,CHARLES DE GAULLE (RUE),48.42901,2.15901,Plein jour,Hors agglomération,Hors intersection,Pluie légère,Sans collision,3,2,2,0,1,1,2,0,1,50,,1,0,0,0,1,11.0,,,,1,1,1,2,7
202100019631,2021-09-09 14:55:00,2021,9,9,14,55,91,91223,R.D.20,48.42871,2.15784,Plein jour,En agglomération,Hors intersection,Normale,Deux véhicules - frontale,3,2,2,0,1,1,1,0,1,50,,2,1,0,0,1,41.0,37.0,,,1,2,1,1,1
202100019632,2021-09-09 22:45:00,2021,9,9,22,45,86,86158,RD30,46.62815,0.26485,Nuit sans éclairage public,Hors agglomération,Hors intersection,Normale,Deux véhicules - frontale,3,2,2,0,1,1,1,0,1,80,,2,1,0,1,0,17.0,,,,3,1,1,1,1
202100019633,2021-09-10 10:10:00,2021,9,10,10,10,83,83090,GARE (ROUTE DE LA),43.12359,5.82284,Plein jour,En agglomération,Hors intersection,Normale,Autre collision,7,2,2,0,1,1,1,0,1,30,,2,0,0,1,1,20.0,,,,1,2,1,1,6
202100019634,2021-09-08 15:02:00,2021,9,8,15,2,83,83062,CARNOT (AVENUE SADI),43.123926,6.006346,Plein jour,En agglomération,Hors intersection,Normale,Autre collision,4,2,2,0,1,1,1,0,1,50,,2,1,0,1,0,19.0,,,,1,2,1,1,6
202100019635,2021-08-27 13:15:00,2021,8,27,13,15,80,80021,ROUEN (RUE DE),49.88696,2.27848,Plein jour,En agglomération,Hors intersection,Normale,Autre collision,3,-1,3,0,1,1,1,0,1,50,,2,1,0,0,1,20.0,,,,1,2,1,1,6
202100019636,2021-09-08 19:50:00,2021,9,8,19,50,80,80261,AUCHAN (ZONE COMMERCIALE),49.86296,2.27836,Plein jour,Hors agglomération,Hors intersection,Normale,Autre collision,6,-1,-1,0,1,1,1,0,1,30,,2,1,0,0,1,45.0,,,,1,1,1,1,6
202100019637,2021-09-07 08:00:00,2021,9,7,8,0,80,80489,JEAN LEROY (RUE),49.8641720205,2.3491147198,Plein jour,Hors agglomération,Hors intersection,Normale,Autre collision,3,2,2,3,1,1,9,0,5,30,,2,1,0,0,1,38.0,,,,1,1,1,1,6