accident_id,datetime,annee,mois,jour,heure,minute,departement,commune_insee,adresse,latitude,longitude,luminosite,agglomeration,intersection,meteo,collision,catr,circ,nbv,vosp,prof,plan,surf,infra,situ,vma,nb_vehicules,nb_usagers,nb_indemnes,nb_tues,nb_blesses_hosp,nb_blesses_legers,age_cond_1,age_cond_2,veh_type_cond_1,veh_type_cond_2,lum_code,agg_code,int_code,atm_code,col_code
202100019638,2021-09-08 17:25:00,2021,9,8,17,25,80,80021,BOUTILLERIE (RUE DE),49.87892,2.33181,Plein jour,En agglomération,Hors intersection,Normale,Deux véhicules - frontale,4,2,2,0,1,1,1,0,1,50,,4,2,0,0,2,36.0,45.0,,,1,2,1,1,1
202100019639,2021-09-07 13:10:00,2021,9,7,13,10,80,80021,ALBERT 1ER (MAIL),49.88883,2.29497,Plein jour,En agglomération,Intersection en X,Normale,Deux véhicules - frontale,4,2,8,0,2,1,1,0,1,50,,2,1,0,0,1,29.0,67.0,,,1,2,2,1,1
202100019640,2021-09-08 14:50:00,2021,9,8,14,50,78,78646,BAILLET REVIRON (RUE),48.80838,2.13223,Plein jour,En agglomération,Intersection en X,Normale,Autre collision,4,2,2,0,1,1,1,0,1,30,,2,1,0,1,0,45.0,,,,1,2,2,1,6
202100019641,2021-09-08 18:45:00,2021,9,8,18,45,78,78646,ETATS UNIS (AVENUE DES),48.806496,2.142782,Plein jour,En agglomération,Hors intersection,Normale,Autre collision,3,2,2,0,1,1,1,0,1,50,,2,1,1,0,0,22.0,,,,1,2,1,1,6
202100019642,2021-09-10 11:40:00,2021,9,10,11,40,78,78551,LECLERC (AVENUE DU GENERAL),48.8872,2.09756,Plein jour,En agglomération,Intersection en T,Temps éblouissant,Autre collision,3,2,1,0,4,1,1,0,1,50,,2,1,0,0,1,47.0,,,,1,2,3,7,6
202100019643,2021-09-10 17:10:00,2021,9,10,17,10,78,78517,CURIE (RUE PIERRE ET MARIE CURIE),48.652495,1.826705,Plein jour,En agglomération,Hors intersection,Normale,Deux véhicules - côté,4,2,2,0,1,1,1,0,1,50,,2,0,0,0,2,19.0,61.0,,,1,2,1,1,3
202100019644,2021-09-10 07:45:00,2021,9,10,7,45,78,78401,TESSANCOURT (RUE DE),49.00872,1.9051,Plein jour,En agglomération,Intersection en T,Pluie légère,Deux véhicules - côté,3,2,-1,-1,1,1,2,0,1,-1,,4,3,0,0,1,49.0,30.0,,,1,2,3,2,3
202100019645,2021-09-10 01:15:00,2021,9,10,1,15,78,78172,BRETELLE ACCES RD 203 / RN 184,49.002283,2.081442,Nuit avec éclairage allumé,Hors agglomération,Autre intersection,Normale,Deux véhicules - côté,2,3,2,0,1,1,1,9,1,70,,3,0,0,0,3,21.0,21.0,,,5,1,9,1,3
202100019646,2021-09-10 05:30:00,2021,9,10,5,30,77,77445,D306,48.6055012062,2.5826740543,Nuit sans éclairage public,Hors agglomération,Hors intersection,Pluie légère,Deux véhicules - côté,3,2,3,0,1,1,2,0,1,80,,4,0,2,1,1,58.0,70.0,,,3,1,1,2,3
202100019647,2021-09-10 09:45:00,2021,9,10,9,45,77,77302,D40,48.306688,2.707188,Plein jour,En agglomération,Hors intersection,Normale,Deux véhicules - frontale,3,2,2,0,1,1,2,9,1,50,,2,1,0,0,1,62.0,17.0,,,1,2,1,1,1
202100019648,2021-09-09 17:55:00,2021,9,9,17,55,76,76497,CD 3 (RUE ARISTIDE BRIAND),49.38577,1.02207,Plein jour,En agglomération,Hors intersection,Normale,Sans collision,7,1,1,0,1,1,1,-1,1,30,,1,0,0,0,1,17.0,,,,1,2,1,1,7
202100019649,2021-09-09 19:40:00,2021,9,9,19,40,76,76231,BOURGTHEROULDE. RUE DE,49.28882,0.98829,Plein jour,En agglomération,Giratoire,Normale,Deux véhicules - arrière,7,2,2,0,2,3,1,0,1,50,,2,1,0,0,1,,32.0,,,1,2,6,1,2
202100019650,2021-09-09 16:00:00,2021,9,9,16,0,76,76447,BELLE ETOILE,49.5377579448,0.175369028,Plein jour,En agglomération,Hors intersection,Pluie légère,Sans collision,3,2,3,1,2,1,2,0,1,500,,1,0,0,1,0,37.0,,,,1,2,1,2,7
202100019651,2021-09-06 17:50:00,2021,9,6,17,50,73,73087,PYRAMIDES ( ROND POINT DES ),45.55935,5.89588,Plein jour,En agglomération,Giratoire,Normale,Deux véhicules - côté,3,1,1,0,1,2,1,5,1,50,,2,1,0,0,1,26.0,18.0,,,1,2,6,1,3
202100019652,2021-09-10 21:15:00,2021,9,10,21,15,72,72181,DEGRE (RTE),48.01708,0.17786,Nuit avec éclairage allumé,En agglomération,Hors intersection,Normale,Deux véhicules - côté,4,2,2,0,1,1,1,0,1,50,,2,1,0,0,1,42.0,22.0,,,5,2,1,1,3
202100019653,2021-09-09 10:00:00,2021,9,9,10,0,71,71040,BOIS CLAIR (RUE DU),46.69759,4.37219,Plein jour,En agglomération,Hors intersection,Normale,Deux véhicules - côté,3,2,2,0,2,1,1,0,1,50,,2,1,0,0,1,67.0,70.0,,,1,2,1,1,3
202100019654,2021-09-09 12:20:00,2021,9,9,12,20,69,69266,PAUL KRUGER (AV),45.75458,4.90283,Plein jour,En agglomération,Hors intersection,Normale,Deux véhicules - frontale,4,2,2,0,1,1,1,0,1,50,,2,1,0,0,1,53.0,67.0,,,1,2,1,1,1
202100019655,2021-09-10 14:19:00,2021,9,10,14,19,66,66136,SAINT-ASSISCLE (BOULEVARD DE),42.6955369666,2.8784957528,Plein jour,En agglomération,Hors intersection,Pluie légère,Deux véhicules - côté,4,2,4,0,1,1,2,0,1,30,,2,1,0,0,1,20.0,44.0,,,1,2,1,2,3
202100019656,2021-09-10 07:05:00,2021,9,10,7,5,66,66136,ESCARGUEL (COURS LAZARE),42.69746,2.88945,Crépuscule ou aube,En agglomération,Hors intersection,Normale,Autre collision,4,2,4,0,1,1,1,0,1,50,,2,1,0,0,1,22.0,,,,2,2,1,1,6
202100019657,2021-09-09 21:05:00,2021,9,9,21,5,66,66136,R D 900,42.7137678356,2.8724262491,Nuit sans éclairage public,Hors agglomération,Hors intersection,Pluie légère,Deux véhicules - frontale,3,3,4,0,1,1,2,0,1,110,,2,0,0,0,2,45.0,47.0,,,3,1,1,2,1
202100019658,2021-09-08 07:55:00,2021,9,8,7,55,64,64122,ALAN SEEGER (AVENUE),43.45684,-1.54422,Plein jour,En agglomération,Hors intersection,Normale,Deux véhicules - côté,4,2,2,0,2,1,1,0,1,30,,2,1,0,0,1,48.0,38.0,,,1,2,1,1,3
202100019659,2021-09-10 10:20:00,2021,9,10,10,20,64,64024,PLAGES (BOULEVARD DES),43.50051,-1.53873,Plein jour,En agglomération,Hors intersection,Normale,Sans collision,4,2,2,0,1,3,1,0,1,50,,1,0,0,0,1,22.0,,,,1,2,1,1,7
202100019660,2021-09-09 18:30:00,2021,9,9,18,30,62,62894,DE GAULLE ( Rue du Général),50.76215,1.63346,Plein jour,En agglomération,Hors intersection,Normale,Autre collision,3,2,2,0,1,1,1,0,1,30,,3,2,0,0,1,,,,,1,2,1,1,6
202100019661,2021-09-10 19:35:00,2021,9,10,19,35,60,60159,Rue du Port à Bateaux,49.4168646533,2.8179720483,Crépuscule ou aube,En agglomération,Hors intersection,Normale,Autre collision,4,2,3,0,1,1,1,2,1,30,,2,1,0,1,0,55.0,,,,2,2,1,1,6
202100019662,2021-07-14 01:00:00,2021,7,14,1,0,59,59475,LIEGE (RUE DE),50.3168,3.46471,Nuit avec éclairage allumé,En agglomération,Hors intersection,Normale,Autre collision,3,2,2,0,1,1,2,9,1,30,,1,0,1,0,0,30.0,,,,5,2,1,1,6
202100019663,2021-09-10 21:25:00,2021,9,10,21,25,59,59350,LIBERTE BVD N°2 - 90-51 - 145,50.6330266762,3.0594080687,Nuit avec éclairage allumé,En agglomération,Hors intersection,Normale,Deux véhicules - côté,4,1,4,3,1,1,1,0,6,50,,2,1,0,0,1,19.0,17.0,,,5,2,1,1,3
202100019664,2021-09-10 15:10:00,2021,9,10,15,10,59,59350,HOOVER AVENUE DU PRESIDENT,50.6310712919,3.0770596862,Plein jour,En agglomération,Hors intersection,Normale,Autre collision,4,1,1,0,1,1,1,5,1,50,,2,1,0,0,1,38.0,,,,1,2,1,1,6
202100019665,2021-09-09 13:35:00,2021,9,9,13,35,56,56098,Rue Jules Guesde,47.76222,-3.33742,Plein jour,En agglomération,Intersection en X,Normale,Autre collision,4,2,2,0,1,1,1,5,1,50,,2,1,0,0,1,28.0,,,,1,2,2,1,6
202100019666,2021-09-10 18:45:00,2021,9,10,18,45,54,54578,MULLER (AVENUE PAUL),48.65681,6.13166,Plein jour,En agglomération,Intersection en X,Normale,Deux véhicules - frontale,4,2,2,0,1,1,1,0,1,50,,3,0,0,0,3,20.0,44.0,,,1,2,2,1,1
202100019667,2021-09-09 22:12:00,2021,9,9,22,12,54,54274,REPUBLIQUE (RUE DE LA),48.67563,6.20006,Nuit avec éclairage allumé,En agglomération,Hors intersection,Normale,Autre collision,7,2,2,0,1,3,1,0,1,50,,1,0,0,0,1,66.0,,,,5,2,1,1,6
202100019668,2021-09-09 17:40:00,2021,9,9,17,40,54,54304,MOSELLE (RUE DE LA),48.6989985298,6.134729938,Plein jour,En agglomération,Hors intersection,Normale,Autre collision,4,2,2,0,1,1,1,0,1,50,,2,1,0,0,1,37.0,,,,1,2,1,1,6
202100019669,2021-09-10 13:00:00,2021,9,10,13,0,51,51454,Rue Pierre Maitre,49.2624392924,4.0087920427,Plein jour,En agglomération,Hors intersection,Normale,Deux véhicules - côté,3,2,2,0,1,1,2,0,1,50,,2,1,0,0,1,22.0,42.0,,,1,2,1,1,3
202100019670,2021-09-10 18:50:00,2021,9,10,18,50,49,49007,AYRAULT,47.47751,-0.553192,Plein jour,En agglomération,Hors intersection,Normale,Deux véhicules - côté,4,3,4,0,1,1,1,0,1,50,,2,1,0,0,1,18.0,20.0,,,1,2,1,1,3
202100019671,2021-09-10 17:47:00,2021,9,10,17,47,49,49007,RD 323,47.46813,-0.58574,Plein jour,Hors agglomération,Hors intersection,Normale,Deux véhicules - côté,3,3,4,0,1,1,1,0,1,90,,3,2,0,0,1,23.0,36.0,,,1,1,1,1,3
202100019672,2021-09-10 08:00:00,2021,9,10,8,0,45,45234,Avenue de la Mouillere,47.8831874299,1.9095611572,Crépuscule ou aube,En agglomération,Intersection en X,Normale,Deux véhicules - côté,4,3,2,3,1,1,1,0,1,50,,2,1,0,0,1,11.0,40.0,,,2,2,2,1,3
202100019673,2021-09-10 17:25:00,2021,9,10,17,25,44,44109,RUE DE LA MAISON BLANCHE,47.229132,-1.588262,Plein jour,En agglomération,Intersection en T,Normale,Autre collision,4,2,0,0,1,1,1,0,1,30,,2,1,0,0,1,31.0,,,,1,2,3,1,6
202100019674,2021-09-10 04:44:00,2021,9,10,4,44,37,37261,LOIRE (QUAI DE LA),47.3975412612,0.6674046814,Nuit avec éclairage allumé,En agglomération,Intersection en T,Normale,Autre collision,4,2,2,1,1,1,1,0,1,50,,5,3,0,2,0,25.0,27.0,,,5,2,3,1,6
202100019675,2021-09-09 17:10:00,2021,9,9,17,10,37,37261,INDY (RUE VINCENT D'),47.3678452932,0.7068941966,Plein jour,En agglomération,Hors intersection,Normale,Autre collision,4,2,2,0,1,1,1,0,4,50,,1,0,0,0,1,54.0,,,,1,2,1,1,6
202100019676,2021-09-09 13:40:00,2021,9,9,13,40,37,37122,BEAULIEU (RUE DE),47.3627178463,0.6593858479,Plein jour,En agglomération,Hors intersection,Normale,Autre collision,4,2,2,0,2,1,1,0,1,50,,2,1,0,1,0,65.0,55.0,,,1,2,1,1,6
202100019677,2021-09-09 09:39:00,2021,9,9,9,39,37,37261,HEURTELOUP (BOULEVARD),47.3946129074,0.7045079023,Plein jour,En agglomération,Giratoire,Normale,Autre collision,4,2,4,0,1,3,1,0,1,50,,2,1,0,0,1,33.0,49.0,,,1,2,6,1,6
202100019678,2021-09-09 09:00:00,2021,9,9,9,0,37,37122,PONT VOLANT (RUE DU),47.3616518055,0.6730006143,Plein jour,En agglomération,Hors intersection,Normale,Deux véhicules - arrière,4,2,2,0,2,1,1,0,1,50,,2,1,0,0,1,18.0,22.0,,,1,2,1,1,2
202100019679,2021-09-10 08:40:00,2021,9,10,8,40,35,35238,PORTE DE VILLEJEAN,48.1096,-1.71786,Plein jour,Hors agglomération,Hors intersection,Normale,Deux véhicules - côté,2,3,4,0,1,1,1,0,1,90,,2,1,0,0,1,61.0,68.0,,,1,1,1,1,3
202100019680,2021-09-08 11:30:00,2021,9,8,11,30,34,34032,MOULIN JEAN (AV),43.3528066661,3.2329067588,Plein jour,En agglomération,Hors intersection,Normale,Deux véhicules - côté,4,3,3,0,1,1,1,0,1,50,,2,1,0,1,0,24.0,69.0,,,1,2,1,1,3
202100019681,2021-09-08 17:30:00,2021,9,8,17,30,34,34032,ROUTE DE VILLENEUVE (RD612B),43.3666,3.21821,Plein jour,Hors agglomération,Hors intersection,Normale,Sans collision,3,1,4,0,1,1,1,3,1,90,,1,0,1,0,0,66.0,,,,1,1,1,1,7
202100019682,2021-09-10 12:45:00,2021,9,10,12,45,33,33550,Chemin de Couhins,44.753183,-0.58517,Plein jour,En agglomération,Hors intersection,Normale,Trois véhicules et plus - collisions multiples,4,2,2,1,2,1,1,-1,1,50,,4,1,0,0,3,21.0,34.0,,,1,2,1,1,5
202100019683,2021-09-10 06:45:00,2021,9,10,6,45,33,33281,Avenue de Magudas,44.8572300001,-0.65897,Nuit avec éclairage allumé,En agglomération,Autre intersection,Normale,Deux véhicules - côté,4,2,2,2,1,1,1,0,1,50,,2,1,0,0,1,24.0,45.0,,,5,2,9,1,3
202100019684,2021-09-09 17:20:00,2021,9,9,17,20,33,33063,Avenue d’Eysines,44.862826,-0.617462,Plein jour,En agglomération,Hors intersection,Normale,Deux véhicules - frontale,4,2,2,0,1,1,1,0,1,50,,2,1,0,0,1,41.0,57.0,,,1,2,1,1,1
202100019685,2021-09-10 16:05:00,2021,9,10,16,5,33,33529,RD 1250 (CAMICAS-OUSTALET),44.6303,-1.15664,Plein jour,Hors agglomération,Giratoire,Normale,Deux véhicules - arrière,3,2,2,0,1,1,1,0,1,80,,3,2,0,0,1,31.0,75.0,,,1,1,6,1,2
202100019686,2021-09-10 12:45:00,2021,9,10,12,45,33,33529,RD 1250 (CAMICAS-OUSTALET),44.64677,-1.15843,Plein jour,Hors agglomération,Giratoire,Normale,Deux véhicules - arrière,3,1,2,1,1,2,1,5,1,50,,3,1,0,0,2,69.0,43.0,,,1,1,6,1,2
202100019687,2021-09-10 13:45:00,2021,9,10,13,45,31,31555,SUISSE (BD DE) DU 7AU 162,43.6157368382,1.4213521779,Plein jour,En agglomération,Hors intersection,Normale,Trois véhicules et plus - en chaîne,4,2,4,1,1,1,1,0,1,50,,6,3,0,0,3,32.0,33.0,,,1,2,1,1,4
202100019688,2021-09-07 16:30:00,2021,9,7,16,30,30,30189,ALLENDE SALVADOR (RUE),43.8246,4.37,Plein jour,En agglomération,Hors intersection,Normale,Deux véhicules - côté,4,2,4,1,1,1,1,0,1,50,,2,1,0,0,1,78.0,59.0,,,1,2,1,1,3
202100019689,2021-09-10 23:40:00,2021,9,10,23,40,30,30007,UZES (ROUTE D'),44.1149,4.09858,Nuit avec éclairage allumé,En agglomération,Hors intersection,Normale,Autre collision,4,1,1,0,1,2,2,0,3,50,,4,2,0,0,2,20.0,,,,5,2,1,1,6
202100019690,2021-09-10 17:18:00,2021,9,10,17,18,29,29019,Carrefour des Quatre vents,48.416537,-4.462882,Nuit avec éclairage non allumé,En agglomération,Intersection en X,Vent fort / tempête,Deux véhicules - côté,4,2,2,0,2,1,1,5,1,50,,3,1,0,0,2,19.0,64.0,,,4,2,2,6,3
202100019691,2021-09-08 20:20:00,2021,9,8,20,20,29,29019,Rue de l’Elorn,48.3855433717,-4.4760393188,Plein jour,En agglomération,Hors intersection,Normale,Autre collision,4,2,2,0,1,2,1,5,4,30,,1,0,1,0,0,47.0,,,,1,2,1,1,6
202100019692,2021-09-10 18:50:00,2021,9,10,18,50,22,22360,RN12,48.4840781126,-2.704146266,Plein jour,Hors agglomération,Hors intersection,Normale,Deux véhicules - arrière,2,3,4,0,1,1,1,0,1,110,,2,1,0,0,1,29.0,21.0,,,1,1,1,1,2
202100019693,2021-09-10 08:10:00,2021,9,10,8,10,22,22106,VERNE (RUE JULES),48.4965883381,-2.7305054038,Plein jour,En agglomération,Hors intersection,Pluie légère,Sans collision,4,2,2,0,1,2,2,0,1,50,,1,0,0,0,1,16.0,,,,1,2,1,2,7
202100019694,2021-09-08 20:13:00,2021,9,8,20,13,21,21231,CHARLES DUMONT (RUE),47.3133822432,5.0406666945,Nuit avec éclairage allumé,En agglomération,Intersection à plus de 4 branches,Normale,Deux véhicules - côté,4,2,2,0,1,1,1,0,1,50,,2,1,0,1,0,47.0,30.0,,,5,2,5,1,3
202100019695,2021-09-10 19:00:00,2021,9,10,19,0,18,18050,TROUY (ROUTE DE),47.0567463128,2.3254832625,Plein jour,En agglomération,Intersection en X,Pluie forte,Deux véhicules - frontale,4,2,2,0,1,1,2,0,1,50,,2,1,0,1,0,76.0,16.0,,,1,2,2,3,1
202100019696,2021-09-10 09:40:00,2021,9,10,9,40,17,17306,AMPERE,45.63143,-1.00105,Plein jour,En agglomération,Hors intersection,Pluie légère,Deux véhicules - frontale,4,2,2,0,1,1,2,0,1,50,,2,1,0,0,1,57.0,19.0,,,1,2,1,2,1
202100019697,2021-09-10 03:20:00,2021,9,10,3,20,17,17306,LAVOISIER (ANTOINE DE),45.631464,-0.988493,Nuit avec éclairage allumé,En agglomération,Intersection en T,Temps couvert,Sans collision,3,2,2,0,1,1,1,0,3,50,,4,3,0,0,1,18.0,,,,5,2,3,8,7
202100019698,2021-09-10 16:59:00,2021,9,10,16,59,17,17300,COLIGNY   AVENUE,46.16307,-1.16515,Plein jour,En agglomération,Intersection en X,Normale,Autre collision,4,-1,2,0,2,1,1,0,1,30,,2,1,0,0,1,56.0,,,,1,2,2,1,6
202100019699,2021-09-09 18:00:00,2021,9,9,18,0,14,14557,D278,49.32578,0.08636,Plein jour,Hors agglomération,Hors intersection,Normale,Trois véhicules et plus - en chaîne,3,2,2,0,1,1,1,0,1,80,,4,2,0,0,2,24.0,44.0,,,1,1,1,1,4
202100019700,2021-09-08 21:00:00,2021,9,8,21,0,13,13039,GUIGONNET (Route du),43.45024,4.92538,Nuit avec éclairage allumé,En agglomération,Hors intersection,Normale,Sans collision,4,2,2,0,1,1,1,0,1,50,,1,0,0,1,0,31.0,,,,5,2,1,1,7
202100019701,2021-09-10 20:15:00,2021,9,10,20,15,13,13209,CONCORDE (BOULEVARD DE LA),43.25041,5.40329,Plein jour,En agglomération,Hors intersection,Normale,Deux véhicules - arrière,7,2,2,0,1,1,1,0,1,50,,2,1,0,1,0,32.0,22.0,,,1,2,1,1,2
202100019702,2021-09-10 22:00:00,2021,9,10,22,0,13,13213,ESCADRILLE NORMANDIE NIEMEN,43.33047,5.40963,Nuit avec éclairage allumé,En agglomération,Hors intersection,Normale,Deux véhicules - arrière,7,2,3,0,1,1,1,0,1,50,,3,1,0,0,2,20.0,23.0,,,5,2,1,1,2
202100019703,2021-09-09 20:10:00,2021,9,9,20,10,13,13203,STRASBOURG (BOULEVARD),43.30792,5.37647,Plein jour,En agglomération,Intersection en Y,Normale,Deux véhicules - côté,4,2,2,0,1,1,1,0,1,50,,2,1,0,0,1,23.0,,,,1,2,4,1,3
202100019704,2021-09-10 09:01:00,2021,9,10,9,1,13,13211,RTE D' ALLAUCH,43.30205,5.50114,Plein jour,En agglomération,Intersection en T,Normale,Trois véhicules et plus - collisions multiples,7,2,-1,0,1,1,1,0,1,50,,4,1,0,3,0,35.0,38.0,,,1,2,3,1,5
202100019705,2021-09-10 20:00:00,2021,9,10,20,0,13,13063,MARECHAL DE LATTRE DE TASSIGNY  ROND POI,43.58761,5.00266,Nuit avec éclairage allumé,En agglomération,Giratoire,Normale,Deux véhicules - côté,4,4,1,0,1,4,1,0,1,50,,3,2,0,0,1,53.0,23.0,,,5,2,6,1,3
202100019706,2021-09-10 13:00:00,2021,9,10,13,0,13,13001,BROSSOLETTE PIERRE (AV),43.5192495257,5.4427279565,Plein jour,En agglomération,Intersection en X,Pluie légère,Deux véhicules - côté,4,2,3,0,1,1,2,0,1,50,,2,1,0,0,1,37.0,17.0,,,1,2,2,2,3
202100019707,2021-09-09 14:50:00,2021,9,9,14,50,13,13114,ROQUEFAVOUR (RTE DE),43.5269424664,5.2885659725,Plein jour,Hors agglomération,Hors intersection,Normale,Deux véhicules - arrière,7,2,2,0,1,1,1,0,1,70,,2,1,0,0,1,51.0,38.0,,,1,1,1,1,2
202100019708,2021-09-10 15:25:00,2021,9,10,15,25,11,11069,COLOMB CHRISTOPHE -PONT ROUGE-,43.23615,2.36909,Plein jour,En agglomération,Intersection en Y,Normale,Deux véhicules - arrière,3,2,2,0,1,2,1,0,1,50,,2,1,0,0,1,31.0,17.0,,,1,2,4,1,2
202100019709,2021-09-08 20:10:00,2021,9,8,20,10,11,11069,VERDUN,43.21243,2.34669,Nuit avec éclairage allumé,En agglomération,Place,Temps couvert,Deux véhicules - côté,4,1,2,0,3,1,2,0,1,50,,2,1,0,0,1,19.0,30.0,,,5,2,7,8,3
202100019710,2021-09-09 21:25:00,2021,9,9,21,25,10,10081,NECKARBISCHOFSHEIM (CD),48.30844,4.02216,Nuit sans éclairage public,Hors agglomération,Hors intersection,Temps couvert,Trois véhicules et plus - collisions multiples,3,2,2,0,2,1,1,2,8,50,,5,1,0,0,4,27.0,42.0,,,3,1,1,8,5
202100019711,2021-09-09 08:50:00,2021,9,9,8,50,10,10387,CHARMILLES (MAIL DES),48.3029,4.08676,Plein jour,En agglomération,Hors intersection,Pluie légère,Sans collision,4,1,2,0,1,3,2,0,1,50,,1,0,0,0,1,62.0,,,,1,2,1,2,7
202100019712,2021-09-10 11:10:00,2021,9,10,11,10,08,08105,D951,49.73584,4.72121,Plein jour,Hors agglomération,Hors intersection,Pluie légère,Deux véhicules - côté,3,2,0,0,1,4,2,9,1,50,,2,1,0,1,0,21.0,36.0,,,1,1,1,2,3
202100019713,2021-09-10 08:45:00,2021,9,10,8,45,06,06069,DRAGUIGNAN (ROUTE DE) - D2562-,43.641463,6.911282,Plein jour,En agglomération,Hors intersection,Normale,Deux véhicules - frontale,3,2,2,0,1,1,1,0,1,50,,2,1,0,0,1,26.0,39.0,,,1,2,1,1,1
202100019714,2021-09-10 11:15:00,2021,9,10,11,15,06,06123,SOUVENIR FRANCAIS ALLEE DU,43.683882,7.185513,Plein jour,En agglomération,Hors intersection,Normale,Autre collision,4,2,1,0,1,1,1,9,6,30,,2,1,0,0,1,45.0,,,,1,2,1,1,6
202100019715,2021-09-10 11:02:00,2021,9,10,11,2,06,06123,AICARD AVENUE,43.682965,7.188716,Plein jour,En agglomération,Giratoire,Normale,Deux véhicules - côté,7,2,2,0,1,2,1,0,1,30,,2,1,0,1,0,53.0,65.0,,,1,2,6,1,3
202100019716,2021-09-09 06:00:00,2021,9,9,6,0,05,05061,ST JEAN ( ROUTE DE ),44.53708,6.04939,Nuit sans éclairage public,En agglomération,Hors intersection,Normale,Deux véhicules - côté,3,2,2,0,1,1,1,0,1,50,,2,1,0,0,1,64.0,18.0,,,3,2,1,1,3
202100019717,2021-09-09 23:55:00,2021,9,9,23,55,75,75106,RUE DE VAUGIRARD,48.8493068549,2.337326459,Nuit avec éclairage allumé,En agglomération,Intersection en T,Normale,Deux véhicules - côté,4,2,2,0,1,1,1,0,1,30,,3,2,0,0,1,19.0,46.0,,,5,2,3,1,3
202100019718,2021-09-08 22:49:00,2021,9,8,22,49,75,75106,PLACE DU DIX HUIT JUIN 1940,48.844044,2.323431,Nuit avec éclairage allumé,En agglomération,Place,Pluie légère,Deux véhicules - côté,4,1,3,3,1,1,2,0,1,30,,3,1,0,0,2,42.0,24.0,,,5,2,7,2,3
202100019719,2021-09-10 16:10:00,2021,9,10,16,10,75,75110,BOULEVARD DE LA VILLETTE,48.881493,2.370404,Plein jour,En agglomération,Intersection en T,Normale,Deux véhicules - côté,4,3,2,0,1,1,1,0,1,50,,2,1,0,0,1,53.0,56.0,,,1,2,3,1,3
202100019720,2021-09-10 18:05:00,2021,9,10,18,5,75,75117,BOULEVARD MALESHERBES,48.88472,2.307817,Plein jour,En agglomération,Intersection en T,Normale,Autre collision,4,2,4,0,1,1,1,0,1,50,,2,1,0,0,1,26.0,,,,1,2,3,1,6
202100019721,2021-09-10 19:00:00,2021,9,10,19,0,75,75116,RUE POUSSIN,48.848558,2.26211,Plein jour,En agglomération,Intersection en T,Normale,Autre collision,4,1,1,0,1,1,1,0,1,30,,2,1,0,0,1,56.0,,,,1,2,3,1,6
202100019722,2021-09-09 17:27:00,2021,9,9,17,27,75,75116,ALLEE DE LA REINE MARGUERITE,48.852553,2.241642,Plein jour,En agglomération,Hors intersection,Normale,Deux véhicules - côté,4,2,2,0,1,3,1,0,1,50,,2,1,0,0,1,32.0,48.0,,,1,2,1,1,3
202100019723,2021-09-09 16:05:00,2021,9,9,16,5,75,75116,AVENUE VICTOR HUGO,48.872492,2.292003,Plein jour,En agglomération,Intersection en T,Temps couvert,Deux véhicules - côté,4,2,2,0,1,1,1,0,1,30,,2,1,0,0,1,45.0,20.0,,,1,2,3,8,3
202100019724,2021-09-09 08:55:00,2021,9,9,8,55,75,75115,AVENUE EMILE ZOLA,48.846969,2.294354,Plein jour,En agglomération,Intersection en X,Pluie légère,Deux véhicules - côté,4,2,2,0,1,1,2,0,1,30,,2,1,0,0,1,42.0,74.0,,,1,2,2,2,3
202100019725,2021-09-10 17:45:00,2021,9,10,17,45,75,75113,RUE DARMESTETER,48.823387,2.375028,Plein jour,En agglomération,Intersection en T,Pluie légère,Deux véhicules - côté,4,2,2,1,1,1,2,0,5,30,,3,2,0,0,1,24.0,13.0,,,1,2,3,2,3
202100019726,2021-09-10 16:40:00,2021,9,10,16,40,75,75112,BOULEVARD SOULT,48.837709,2.40828,Plein jour,En agglomération,Hors intersection,Normale,Autre collision,4,3,2,1,1,1,1,0,5,50,,2,0,0,0,2,49.0,,,,1,2,1,1,6
202100019727,2021-09-10 12:00:00,2021,9,10,12,0,75,75112,RUE ROLAND BARTHES,48.844226,2.37832,Plein jour,En agglomération,Hors intersection,Normale,Autre collision,4,-1,1,0,1,1,1,0,4,1,,2,1,0,0,1,,,,,1,2,1,1,6
202100019728,2021-09-09 00:55:00,2021,9,9,0,55,75,75112,QUAI DE LA RAPEE,48.8424736948,2.3714804714,Nuit avec éclairage allumé,En agglomération,Hors intersection,Pluie forte,Sans collision,4,3,3,0,2,1,3,0,1,50,,1,0,0,0,1,26.0,,,,5,2,1,3,7
202100019729,2021-09-10 09:50:00,2021,9,10,9,50,75,75110,RUE DES PETITES ECURIES,48.873176,2.353291,Plein jour,En agglomération,Hors intersection,Normale,Autre collision,4,1,1,0,1,1,1,0,1,30,,2,1,0,0,1,29.0,,,,1,2,1,1,6
202100019730,2021-09-10 18:35:00,2021,9,10,18,35,75,75109,BOULEVARD DE CLICHY,48.882224,2.337695,Plein jour,En agglomération,Place,Pluie légère,Autre collision,4,3,2,0,1,1,2,0,1,30,,2,1,0,0,1,27.0,,,,1,2,7,2,6
202100019731,2021-09-10 15:00:00,2021,9,10,15,0,75,75102,RUE ETIENNE MARCEL,48.8650491172,2.3440551837,Plein jour,En agglomération,Intersection en T,Pluie forte,Deux véhicules - arrière,4,2,3,0,1,1,2,0,1,30,,2,1,0,0,1,34.0,,,,1,2,3,3,2
202100019732,2021-09-09 11:34:00,2021,9,9,11,34,75,75102,RUE D ABOUKIR,48.8682576478,2.348620234,Plein jour,En agglomération,Place,Temps couvert,Autre collision,4,2,2,0,1,1,1,0,1,30,,2,1,0,0,1,,,,,1,2,7,8,6