accident_id,datetime,annee,mois,jour,heure,minute,departement,commune_insee,adresse,latitude,longitude,luminosite,agglomeration,intersection,meteo,collision,catr,circ,nbv,vosp,prof,plan,surf,infra,situ,vma,nb_vehicules,nb_usagers,nb_indemnes,nb_tues,nb_blesses_hosp,nb_blesses_legers,age_cond_1,age_cond_2,veh_type_cond_1,veh_type_cond_2,lum_code,agg_code,int_code,atm_code,col_code
202100019733,2021-09-10 12:40:00,2021,9,10,12,40,94,94081,COMMUNE DE PARIS (AV DE LA),48.78506,2.38846,Plein jour,En agglomération,Intersection en X,Normale,Deux véhicules - côté,4,2,2,0,1,1,1,0,1,50,,2,1,0,0,1,26.0,48.0,,,1,2,2,1,3
202100019734,2021-09-10 14:00:00,2021,9,10,14,0,94,94078,Rue de la Marne,48.730817,2.447793,Plein jour,En agglomération,Hors intersection,Temps couvert,Autre collision,4,2,2,0,1,1,2,0,1,30,,2,1,0,0,1,28.0,,,,1,2,1,8,6
202100019735,2021-09-10 18:30:00,2021,9,10,18,30,94,94068,CEDRES (R DES),48.79749,2.50879,Plein jour,En agglomération,Intersection en X,Pluie légère,Deux véhicules - côté,4,1,1,0,1,1,2,0,1,30,,3,1,0,0,2,42.0,26.0,,,1,2,2,2,3
202100019736,2021-09-10 18:55:00,2021,9,10,18,55,94,94068,PIE (QU DE LA),48.78706,2.47748,Plein jour,En agglomération,Intersection en T,Pluie légère,Deux véhicules - côté,3,2,1,1,1,1,2,0,5,30,,2,0,0,0,2,45.0,,,,1,2,3,2,3
202100019737,2021-09-10 10:54:00,2021,9,10,10,54,94,94068,LOUIS BLANC (AV),48.79028,2.49599,Plein jour,En agglomération,Intersection en T,Normale,Deux véhicules - arrière,3,2,2,0,1,1,1,0,1,30,,2,1,0,0,1,29.0,52.0,,,1,2,3,1,2
202100019738,2021-09-09 23:25:00,2021,9,9,23,25,94,94033,Rue la Fontaine,48.85737,2.47119,Nuit avec éclairage allumé,En agglomération,Intersection en X,Normale,Autre collision,3,2,0,0,1,1,1,0,1,50,,2,1,0,0,1,,60.0,,,5,2,2,1,6
202100019739,2021-09-08 09:35:00,2021,9,8,9,35,94,94033,Rue Pierre Grange,48.85105,2.49332,Plein jour,En agglomération,Autre intersection,Normale,Deux véhicules - côté,3,1,3,2,1,1,1,0,5,50,,2,1,0,0,1,79.0,35.0,,,1,2,9,1,3
202100019740,2021-09-10 10:50:00,2021,9,10,10,50,94,94011,Rue Pierre Sémard,48.76443,2.48073,Plein jour,En agglomération,Hors intersection,Normale,Trois véhicules et plus - en chaîne,3,1,2,0,1,1,1,0,1,50,,3,2,0,0,1,27.0,63.0,,,1,2,1,1,4
202100019741,2021-09-10 18:00:00,2021,9,10,18,0,94,94055,CENTRE (R DU),48.78155,2.52426,Plein jour,En agglomération,Intersection en X,Pluie légère,Deux véhicules - côté,3,2,1,0,1,1,2,0,1,50,,2,1,0,0,1,37.0,41.0,,,1,2,2,2,3
202100019742,2021-09-10 18:30:00,2021,9,10,18,30,94,94017,PARC (AV DU),48.8128,2.5557,Plein jour,En agglomération,Hors intersection,Pluie forte,Autre collision,4,2,2,0,1,1,2,0,1,50,,2,1,0,0,1,30.0,,,,1,2,1,3,6
202100019743,2021-09-09 16:15:00,2021,9,9,16,15,94,94002,Quai Blanqui,48.80258,2.41446,Plein jour,En agglomération,Hors intersection,Normale,Sans collision,3,-1,2,0,1,1,1,0,1,50,,1,0,0,1,0,27.0,,,,1,2,1,1,7
202100019744,2021-09-10 15:20:00,2021,9,10,15,20,93,93072,MOULIN NEUF (RUE DU),48.9518,2.39268,Plein jour,En agglomération,Intersection en T,Normale,Deux véhicules - côté,4,2,2,0,1,1,1,0,1,50,,3,2,0,0,1,73.0,47.0,,,1,2,3,1,3
202100019745,2021-09-10 09:10:00,2021,9,10,9,10,93,93059,JEAN MERMOZ (N°59 AU 185),48.97089,2.36625,Plein jour,En agglomération,Intersection en T,Normale,Deux véhicules - côté,3,1,2,0,1,1,1,0,1,50,,2,1,0,0,1,41.0,27.0,,,1,2,3,1,3
202100019746,2021-09-08 12:50:00,2021,9,8,12,50,93,93053,BREMENT (RUE DE) 1 A 83 - 2 A 78,48.88925,2.45479,Plein jour,En agglomération,Intersection en T,Normale,Deux véhicules - côté,3,2,2,1,1,1,1,0,1,50,,2,1,0,0,1,70.0,17.0,,,1,2,3,1,3
202100019747,2021-09-10 15:10:00,2021,9,10,15,10,93,93072,MARCEL CACHIN (AVENUE) COTE N°16 AU 50,48.9591418817,2.382273674,Plein jour,En agglomération,Intersection en T,Normale,Deux véhicules - côté,3,2,2,0,1,1,1,0,1,50,,2,1,0,0,1,52.0,12.0,,,1,2,3,1,3
202100019748,2021-09-09 21:15:00,2021,9,9,21,15,93,93027,Rue de Genève,48.9246626256,2.3786579138,Nuit avec éclairage allumé,En agglomération,Hors intersection,Normale,Deux véhicules - côté,4,2,2,0,1,1,2,0,1,50,,5,4,0,0,1,30.0,38.0,,,5,2,1,1,3
202100019749,2021-09-09 22:05:00,2021,9,9,22,5,93,93047,BARGUE  (BOULEVARD),48.90183,2.55971,Nuit avec éclairage allumé,En agglomération,Intersection en X,Normale,Deux véhicules - côté,4,2,2,0,1,1,1,0,1,50,,2,1,0,0,1,31.0,,,,5,2,2,1,3
202100019750,2021-09-10 10:15:00,2021,9,10,10,15,93,93001,PAUL DOUMER (RUE),48.9173959217,2.387158832,Plein jour,En agglomération,Hors intersection,Normale,Autre collision,4,2,2,0,1,1,1,0,1,30,,2,1,0,0,1,26.0,,,,1,2,1,1,6
202100019751,2021-09-10 16:00:00,2021,9,10,16,0,92,92049,ARNOUX AVENUE MAURICE AUTRES N°,48.820024428,2.3131212302,Plein jour,En agglomération,Hors intersection,Normale,Deux véhicules - côté,4,1,1,0,1,1,2,0,1,50,,2,1,0,0,1,20.0,42.0,,,1,2,1,1,3
202100019752,2021-09-10 11:00:00,2021,9,10,11,0,92,92044,MATHILDE GIRAULT (RUE),48.89698,2.28195,Plein jour,En agglomération,Intersection en X,Normale,Deux véhicules - côté,4,2,2,0,1,1,1,0,1,50,,2,1,0,0,1,37.0,27.0,,,1,2,2,1,3
202100019753,2021-09-08 14:05:00,2021,9,8,14,5,92,92040,ARISTIDE BRIAND,48.8232426977,2.2703397274,Plein jour,En agglomération,Hors intersection,Normale,Autre collision,3,1,2,0,1,1,1,0,1,50,,2,1,0,0,1,79.0,20.0,,,1,2,1,1,6
202100019754,2021-09-10 20:35:00,2021,9,10,20,35,92,92012,JEAN JAURES (BOULEVARD) 1/61 - COTE IMPA,48.8402421409,2.2397853434,Nuit avec éclairage allumé,En agglomération,Hors intersection,Pluie légère,Autre collision,4,3,1,0,1,1,2,6,4,10,,2,1,0,0,1,45.0,,,,5,2,1,2,6
202100019755,2021-09-10 07:50:00,2021,9,10,7,50,92,92004,PONT D'ASNIERES,48.9045379922,2.2882676125,Crépuscule ou aube,En agglomération,Hors intersection,Normale,Deux véhicules - côté,3,1,2,0,1,1,1,2,1,50,,2,1,0,0,1,36.0,25.0,,,2,2,1,1,3
202100019756,2021-09-10 08:20:00,2021,9,10,8,20,2B,2B256,Chemin Communal,42.3743424371,9.3883913768,Plein jour,Hors agglomération,Hors intersection,Normale,Sans collision,3,-1,1,0,2,3,6,8,8,50,,2,0,0,0,2,50.0,,,,1,1,1,1,7
202100019757,2021-09-11 16:38:00,2021,9,11,16,38,38,38199,Montée de la Vieille Eglise,45.478053,4.905342,Plein jour,Hors agglomération,Intersection en X,Normale,Deux véhicules - côté,3,2,2,0,1,1,1,0,1,80,,4,2,0,2,0,47.0,60.0,,,1,1,2,1,3
202100019758,2021-09-11 06:15:00,2021,9,11,6,15,66,66136,A9,42.721007,2.87432,Nuit sans éclairage public,Hors agglomération,Hors intersection,Normale,Deux véhicules - arrière,1,3,4,0,1,1,1,0,1,130,,4,1,0,2,1,28.0,44.0,,,3,1,1,1,2
202100019759,2021-09-09 17:45:00,2021,9,9,17,45,972,97221,Chemin de Fonds Masson,14.538708,-60.934306,Nuit avec éclairage allumé,En agglomération,Hors intersection,Normale,Autre collision,3,2,2,0,3,1,1,0,4,50,,2,0,0,0,2,85.0,,,,5,2,1,1,6
202100019760,2021-09-11 09:50:00,2021,9,11,9,50,34,34217,D17,43.700642,3.862518,Plein jour,En agglomération,Giratoire,Normale,Deux véhicules - côté,7,2,2,0,1,1,1,0,1,50,,2,1,0,1,0,56.0,45.0,,,1,2,6,1,3
202100019761,2021-09-10 20:52:00,2021,9,10,20,52,51,51281,Rue d Epernay,48.9760203913,3.9610849398,Nuit avec éclairage allumé,En agglomération,Hors intersection,Normale,Sans collision,3,2,2,0,1,1,1,0,1,50,,1,0,0,0,1,17.0,,,,5,2,1,1,7
202100019762,2021-09-11 03:00:00,2021,9,11,3,0,59,59525,Rue des Bergeries,50.079579,4.016812,Nuit sans éclairage public,En agglomération,Hors intersection,Normale,Autre collision,4,2,1,0,1,2,1,2,8,50,,4,0,0,2,2,36.0,,,,3,2,1,1,6
202100019763,2021-09-05 03:30:00,2021,9,5,3,30,56,56125,L Échantillon,48.063275,-3.002889,Nuit sans éclairage public,Hors agglomération,Hors intersection,Normale,Autre collision,3,2,2,0,1,3,1,0,3,80,,1,0,0,1,0,21.0,,,,3,1,1,1,6
202100019764,2021-09-10 19:10:00,2021,9,10,19,10,76,76243,D93,49.5445711238,1.3630642088,Plein jour,Hors agglomération,Hors intersection,Normale,Sans collision,3,2,2,0,3,2,1,0,1,80,,1,0,0,0,1,49.0,,,,1,1,1,1,7
202100019765,2021-09-11 20:15:00,2021,9,11,20,15,2B,2B123,Avenue du 9 Septembre,42.011789,9.403514,Nuit avec éclairage allumé,En agglomération,Hors intersection,Normale,Deux véhicules - frontale,2,2,2,0,1,1,1,0,1,50,,2,1,0,1,0,36.0,16.0,,,5,2,1,1,1
202100019766,2021-08-24 17:15:00,2021,8,24,17,15,2B,2B342,RT 10 VENTISERI,41.911815,9.388638,Plein jour,En agglomération,Hors intersection,Normale,Deux véhicules - frontale,2,2,2,0,1,1,1,0,1,80,,4,1,0,0,3,64.0,28.0,,,1,2,1,1,1
202100019767,2021-09-11 02:30:00,2021,9,11,2,30,80,80207,Grande Rue,50.00389,2.47432,Nuit sans éclairage public,En agglomération,Hors intersection,Normale,Autre collision,3,2,2,0,1,2,1,0,1,80,,1,0,0,1,0,56.0,,,,3,2,1,1,6
202100019768,2021-08-11 12:30:00,2021,8,11,12,30,65,65017,D929,42.8218737417,0.1755069437,Plein jour,Hors agglomération,Hors intersection,Normale,Deux véhicules - arrière,3,2,2,0,2,1,1,0,1,90,,2,1,0,0,1,69.0,29.0,,,1,1,1,1,2
202100019769,2021-09-10 16:20:00,2021,9,10,16,20,11,11305,D123,42.962743,2.706338,Plein jour,Hors agglomération,Hors intersection,Normale,Autre collision,3,2,2,0,2,3,1,0,1,80,,2,1,0,1,0,57.0,53.0,,,1,1,1,1,6
202100019770,2021-09-11 16:55:00,2021,9,11,16,55,89,89168,D965,47.813747,3.892071,Plein jour,Hors agglomération,Hors intersection,Normale,Deux véhicules - côté,3,2,2,0,1,3,1,0,1,80,,3,2,0,1,0,62.0,50.0,,,1,1,1,1,3
202100019771,2021-09-10 19:00:00,2021,9,10,19,0,63,63080,D996,45.588527,3.132568,Plein jour,En agglomération,Hors intersection,Normale,Deux véhicules - frontale,3,2,2,0,1,2,1,0,1,50,,2,1,0,1,0,34.0,50.0,,,1,2,1,1,1
202100019772,2021-09-11 09:10:00,2021,9,11,9,10,63,63120,CD96,45.653603,3.193181,Plein jour,Hors agglomération,Hors intersection,Normale,Autre collision,3,2,2,0,1,1,1,0,3,80,,1,0,0,1,0,34.0,,,,1,1,1,1,6
202100019773,2021-09-10 22:15:00,2021,9,10,22,15,63,63455,D978,45.689401,3.170248,Nuit sans éclairage public,Hors agglomération,Hors intersection,Normale,Autre collision,3,2,2,0,2,2,1,0,8,80,,1,0,0,1,0,39.0,,,,3,1,1,1,6
202100019774,2021-09-11 16:30:00,2021,9,11,16,30,01,01046,Route de Châtillon (Pont),46.2110768076,4.9328023195,Plein jour,Hors agglomération,Intersection en X,Normale,Deux véhicules - côté,3,2,2,0,1,1,1,0,1,80,,8,4,0,3,1,27.0,44.0,,,1,1,2,1,3
202100019775,2021-09-11 10:35:00,2021,9,11,10,35,26,26040,Le Grand Pré,44.570325,5.558564,Plein jour,En agglomération,Hors intersection,Normale,Sans collision,3,2,2,0,1,3,1,0,1,50,,1,0,0,1,0,32.0,,,,1,2,1,1,7
202100019776,2021-09-10 22:30:00,2021,9,10,22,30,14,14281,Formigny La Bataille,49.336895,-0.920951,Nuit sans éclairage public,En agglomération,Intersection en T,Normale,Autre collision,3,2,2,0,1,2,1,0,1,50,,1,0,0,0,1,66.0,,,,3,2,3,1,6
202100019777,2021-09-10 18:45:00,2021,9,10,18,45,05,05087,D994,44.553934,5.869918,Plein jour,Hors agglomération,Hors intersection,Normale,Deux véhicules - côté,3,2,2,0,1,1,1,0,1,90,,2,1,0,1,0,62.0,48.0,,,1,1,1,1,3
202100019778,2021-09-11 10:40:00,2021,9,11,10,40,83,83082,D955,43.651106,6.477385,Plein jour,Hors agglomération,Hors intersection,Normale,Deux véhicules - frontale,3,2,2,0,1,1,1,0,1,80,,3,0,0,2,1,33.0,26.0,,,1,1,1,1,1
202100019779,2021-09-10 17:25:00,2021,9,10,17,25,60,60233,,49.6389984016,1.8660836218,Plein jour,Hors agglomération,Hors intersection,Normale,Deux véhicules - côté,3,2,2,0,1,1,1,0,1,80,,3,2,0,1,0,35.0,64.0,,,1,1,1,1,3
202100019780,2021-09-11 13:30:00,2021,9,11,13,30,43,43126,Route de Cleyssac,45.104982,3.965415,Plein jour,Hors agglomération,Hors intersection,Normale,Autre collision,3,2,2,0,2,2,1,0,3,80,,1,0,0,1,0,37.0,,,,1,1,1,1,6
202100019781,2021-09-11 00:30:00,2021,9,11,0,30,21,21202,Ancienne Route Nationale,47.915221,4.734761,Nuit sans éclairage public,En agglomération,Hors intersection,Pluie légère,Autre collision,3,2,2,0,1,2,2,0,4,50,,1,0,0,1,0,20.0,,,,3,2,1,2,6
202100019782,2021-09-10 17:45:00,2021,9,10,17,45,21,21421,D996,47.550529,4.92489,Plein jour,Hors agglomération,Hors intersection,Normale,Trois véhicules et plus - collisions multiples,3,2,2,0,2,4,1,0,1,80,,3,1,0,1,1,44.0,40.0,,,1,1,1,1,5
202100019783,2021-09-11 10:00:00,2021,9,11,10,0,40,40103,D933n,43.949598,-0.371411,Plein jour,Hors agglomération,Hors intersection,Normale,Deux véhicules - frontale,3,2,2,0,1,1,1,0,1,80,,4,0,1,3,0,70.0,31.0,,,1,1,1,1,1
202100019784,2021-09-10 19:45:00,2021,9,10,19,45,17,17327,D115,46.091715,-0.612458,Plein jour,Hors agglomération,Hors intersection,Normale,Sans collision,3,2,2,0,1,3,1,0,1,80,,1,0,0,1,0,58.0,,,,1,1,1,1,7
202100019785,2021-09-09 23:30:00,2021,9,9,23,30,37,37069,D760,47.1427032779,1.1242316244,Nuit sans éclairage public,Hors agglomération,Hors intersection,Normale,Sans collision,3,2,2,0,1,1,9,0,3,80,,1,0,0,1,0,25.0,,,,3,1,1,1,7
202100019786,2021-09-11 00:35:00,2021,9,11,0,35,54,54415,Route de Preny,48.9810760474,6.0077190401,Nuit sans éclairage public,Hors agglomération,Hors intersection,Normale,Sans collision,3,2,2,0,2,1,1,0,3,80,,1,0,0,1,0,18.0,,,,3,1,1,1,7
202100019787,2021-09-09 19:30:00,2021,9,9,19,30,973,97307,Chemin Morthium,4.836096,-52.326647,Nuit avec éclairage allumé,En agglomération,Hors intersection,Normale,Deux véhicules - frontale,4,2,2,0,1,1,1,0,1,50,,2,1,0,1,0,22.0,44.0,,,5,2,1,1,1
202100019788,2021-09-09 00:15:00,2021,9,9,0,15,973,97307,88 Rue Quadrille des Lanciers,4.885624,-52.34516,Nuit avec éclairage allumé,En agglomération,Autre intersection,Normale,Sans collision,4,2,1,0,3,2,1,0,8,50,,1,0,0,0,1,33.0,,,,5,2,9,1,7
202100019789,2021-06-26 15:00:00,2021,6,26,15,0,69,69244,POMME (DE LA) (CHM),45.762074,4.781819,Plein jour,En agglomération,Hors intersection,Normale,Deux véhicules - côté,4,2,2,0,1,1,1,9,1,50,,2,1,0,0,1,79.0,35.0,,,1,2,1,1,3
202100019790,2021-09-11 07:20:00,2021,9,11,7,20,18,18245,"A71, PK 266+200",46.596648,2.512597,Crépuscule ou aube,Hors agglomération,Hors intersection,Normale,Autre collision,1,3,4,3,1,1,1,0,3,130,,5,4,0,1,0,23.0,,,,2,1,1,1,6
202100019791,2021-09-11 10:50:00,2021,9,11,10,50,28,28056,D152b,48.7170728027,1.5183292622,Plein jour,Hors agglomération,Hors intersection,Normale,Sans collision,3,2,2,0,1,3,1,0,3,80,,1,0,0,1,0,57.0,,,,1,1,1,1,7
202100019792,2021-09-11 19:10:00,2021,9,11,19,10,2B,2B265,D82,42.5979436663,9.4071668399,Crépuscule ou aube,Hors agglomération,Hors intersection,Normale,Trois véhicules et plus - en chaîne,3,2,2,0,2,3,1,0,1,80,,3,2,1,0,0,32.0,54.0,,,2,1,1,1,4
202100019793,2021-09-10 19:49:00,2021,9,10,19,49,30,30258,Avenue Francois Griffeuille,43.672942,4.432113,Nuit avec éclairage allumé,En agglomération,Autre intersection,Normale,Autre collision,4,1,1,0,1,1,1,0,4,50,,1,0,1,0,0,42.0,,,,5,2,9,1,6
202100019794,2021-09-11 00:10:00,2021,9,11,0,10,84,84064,Rd 204,44.319158,4.708087,Nuit sans éclairage public,Hors agglomération,Giratoire,Normale,Sans collision,3,2,2,0,1,3,1,0,3,80,,1,0,0,0,1,29.0,,,,3,1,6,1,7
202100019795,2021-09-11 05:00:00,2021,9,11,5,0,06,06157,767 Route de Saint-Jeannet,43.731391,7.11839,Nuit avec éclairage allumé,En agglomération,Autre intersection,Normale,Autre collision,7,3,2,0,1,3,1,0,1,50,,1,0,0,1,0,21.0,,,,5,2,9,1,6
202100019796,2021-08-24 07:30:00,2021,8,24,7,30,13,13100,D30,43.80844,4.862351,Plein jour,Hors agglomération,Hors intersection,Normale,Deux véhicules - côté,3,2,2,0,1,3,1,0,1,80,,2,0,0,1,1,22.0,22.0,,,1,1,1,1,3
202100019797,2021-06-07 17:15:00,2021,6,7,17,15,67,67300,rue de la commanderie,48.540123,7.50352,Plein jour,En agglomération,Hors intersection,Normale,Deux véhicules - côté,3,2,2,1,1,1,1,0,5,-1,,2,1,0,0,1,53.0,59.0,,,1,2,1,1,3
202100019798,2021-09-11 08:00:00,2021,9,11,8,0,17,17225,D25,45.697997,-1.213131,Crépuscule ou aube,Hors agglomération,Hors intersection,Normale,Autre collision,3,2,2,0,1,1,1,0,3,70,,1,0,1,0,0,20.0,,,,2,1,1,1,6
202100019799,2021-09-11 13:15:00,2021,9,11,13,15,17,17406,D728,45.7635171851,-0.9810257365,Plein jour,Hors agglomération,Intersection en T,Normale,Trois véhicules et plus - en chaîne,3,2,2,3,1,1,1,9,1,80,,4,2,0,2,0,69.0,68.0,,,1,1,3,1,4
202100019800,2021-09-11 10:40:00,2021,9,11,10,40,17,17219,cd 728,45.83155,-1.123223,Plein jour,En agglomération,Hors intersection,Temps couvert,Deux véhicules - côté,3,2,2,0,1,1,2,0,1,70,,3,1,0,0,2,78.0,37.0,,,1,2,1,8,3
202100019801,2021-09-09 11:00:00,2021,9,9,11,0,33,33042,départementale 1010,44.551609,-0.786304,Plein jour,Hors agglomération,Hors intersection,Normale,Autre collision,3,2,2,0,1,1,1,0,1,80,,2,1,0,1,0,34.0,62.0,,,1,1,1,1,6
202100019802,2021-09-11 08:26:00,2021,9,11,8,26,22,22210,départementale 15,48.801429,-3.063136,Plein jour,Hors agglomération,Intersection en X,Normale,Deux véhicules - frontale,3,2,2,0,1,1,1,5,1,80,,2,0,0,1,1,57.0,72.0,,,1,1,2,1,1
202100019803,2021-09-10 20:40:00,2021,9,10,20,40,60,60213,N330,49.113076214,2.7200222612,Nuit sans éclairage public,Hors agglomération,Hors intersection,Normale,Deux véhicules - côté,2,2,2,0,2,1,1,0,1,80,,4,0,1,1,2,44.0,24.0,,,3,1,1,1,3
202100019804,2021-09-10 16:35:00,2021,9,10,16,35,13,13106,A7-Sens Lyon vers Marseille,43.39177,5.35095,Plein jour,Hors agglomération,Hors intersection,Normale,Deux véhicules - côté,1,1,3,0,1,1,1,0,1,90,,2,1,0,1,0,43.0,27.0,,,1,1,1,1,3
202100019805,2021-09-09 20:02:00,2021,9,9,20,2,13,13055,A507 sens Aubagne- Marseille,43.32994,5.41171,Nuit avec éclairage allumé,Hors agglomération,Hors intersection,Normale,Autre collision,1,-1,3,0,2,1,1,0,1,70,,1,0,0,0,1,42.0,,,,5,1,1,1,6
202100019806,2021-09-10 07:40:00,2021,9,10,7,40,13,13216,A55-Sens Marseille vers Martigues,43.36633,5.33229,Plein jour,Hors agglomération,Hors intersection,Normale,Trois véhicules et plus - en chaîne,1,1,3,0,2,1,1,0,1,110,,3,2,0,0,1,41.0,,,,1,1,1,1,4
202100019807,2021-09-07 16:18:00,2021,9,7,16,18,13,13055,A507 sens Marseille - Aubagne,43.32997,5.39206,Plein jour,Hors agglomération,Hors intersection,Normale,Deux véhicules - arrière,1,1,3,0,1,1,1,1,1,70,,2,0,0,0,2,39.0,22.0,,,1,1,1,1,2
202100019808,2021-09-09 17:20:00,2021,9,9,17,20,54,54328,Autoroute A 330,48.62482,6.18363,Plein jour,Hors agglomération,Hors intersection,Normale,Deux véhicules - côté,1,3,4,0,1,1,1,0,1,110,,2,1,0,0,1,29.0,44.0,,,1,1,1,1,3
202100019809,2021-09-10 12:15:00,2021,9,10,12,15,33,33039,ROCADE A 630,44.806052,-0.529673,Plein jour,Hors agglomération,Hors intersection,Normale,Sans collision,1,3,4,0,1,1,1,2,1,70,,3,2,0,0,1,41.0,45.0,,,1,1,1,1,7
202100019810,2021-09-10 08:15:00,2021,9,10,8,15,33,33122,AUTOROUTE A 63,44.721263,-0.737053,Plein jour,Hors agglomération,Hors intersection,Normale,Trois véhicules et plus - en chaîne,1,3,4,0,1,1,1,0,1,110,,3,1,0,0,2,28.0,34.0,,,1,1,1,1,4
202100019811,2021-09-10 08:23:00,2021,9,10,8,23,33,33065,ROUTE NATIONALE 230,44.81035,-0.52351,Plein jour,Hors agglomération,Hors intersection,Normale,Deux véhicules - arrière,2,3,6,0,1,3,2,3,1,90,,2,1,0,0,1,34.0,45.0,,,1,1,1,1,2
202100019812,2021-09-10 07:15:00,2021,9,10,7,15,91,91363,RN 104,48.6491,2.1858,Plein jour,Hors agglomération,Hors intersection,Normale,Trois véhicules et plus - en chaîne,2,3,4,0,1,1,1,0,1,110,,3,2,0,0,1,23.0,23.0,,,1,1,1,1,4
202100019813,2021-09-10 08:00:00,2021,9,10,8,0,91,91216,AUTOROUTE A6,48.684,2.328,Plein jour,Hors agglomération,Hors intersection,Temps couvert,Autre collision,1,3,0,0,1,1,1,0,1,110,,2,1,0,0,1,36.0,38.0,,,1,1,1,8,6
202100019814,2021-09-10 06:15:00,2021,9,10,6,15,77,77251,RN 104,48.631,2.533,Nuit sans éclairage public,Hors agglomération,Hors intersection,Normale,Sans collision,2,1,2,0,1,3,1,0,1,70,,1,0,0,0,1,58.0,,,,3,1,1,1,7
202100019815,2021-09-10 12:30:00,2021,9,10,12,30,92,92036,RN315 W,48.9318301185,2.3021185398,Plein jour,Hors agglomération,Hors intersection,Normale,Deux véhicules - arrière,2,1,2,0,1,1,1,1,2,70,,2,1,0,0,1,25.0,52.0,,,1,1,1,1,2
202100019816,2021-09-10 07:55:00,2021,9,10,7,55,78,78672,A13,48.92981,1.98388,Plein jour,Hors agglomération,Hors intersection,Normale,Deux véhicules - arrière,1,-1,3,0,1,1,1,0,1,110,,3,2,0,0,1,44.0,68.0,,,1,1,1,1,2
202100019817,2021-09-10 18:25:00,2021,9,10,18,25,95,95394,A115,49.04823,2.18353,Plein jour,Hors agglomération,Hors intersection,Normale,Trois véhicules et plus - collisions multiples,1,1,2,0,2,3,1,0,1,90,,3,2,0,0,1,51.0,27.0,,,1,1,1,1,5
202100019818,2021-09-10 17:15:00,2021,9,10,17,15,95,95582,RD 170,48.96384,2.2683,Plein jour,Hors agglomération,Hors intersection,Pluie légère,Sans collision,3,3,4,0,2,3,2,0,1,70,,1,0,0,0,1,49.0,,,,1,1,1,2,7
202100019819,2021-09-10 10:20:00,2021,9,10,10,20,92,92036,AUTOROUTE A86,48.9385313839,2.3099379142,Plein jour,Hors agglomération,Hors intersection,Normale,Deux véhicules - côté,1,3,4,0,1,1,1,0,1,90,,3,2,0,0,1,22.0,24.0,,,1,1,1,1,3
202100019820,2021-09-10 21:25:00,2021,9,10,21,25,77,77337,RN104,48.8298826076,2.6190598404,Nuit sans éclairage public,Hors agglomération,Hors intersection,Pluie légère,Autre collision,2,-1,3,0,1,3,2,0,1,70,,1,0,0,0,1,41.0,,,,3,1,1,2,6
202100019821,2021-09-10 20:05:00,2021,9,10,20,5,94,94052,A86.EXT,48.8344513814,2.4934520994,Nuit avec éclairage allumé,Hors agglomération,Hors intersection,Normale,Trois véhicules et plus - en chaîne,1,3,4,0,2,1,1,1,1,90,,3,1,0,0,2,36.0,30.0,,,5,1,1,1,4
202100019822,2021-09-10 17:50:00,2021,9,10,17,50,94,94017,A4,48.8267111767,2.5225882774,Plein jour,Hors agglomération,Hors intersection,Normale,Deux véhicules - arrière,1,3,4,0,1,3,1,0,1,90,,2,1,0,0,1,35.0,67.0,,,1,1,1,1,2
202100019823,2021-09-10 16:15:00,2021,9,10,16,15,94,94017,A4,48.8266507839,2.5161742429,Plein jour,Hors agglomération,Hors intersection,Normale,Trois véhicules et plus - en chaîne,1,3,4,0,2,3,1,1,1,90,,8,6,0,0,2,26.0,46.0,,,1,1,1,1,4
202100019824,2021-09-10 08:05:00,2021,9,10,8,5,94,94069,A4,48.81748,2.42397,Plein jour,Hors agglomération,Hors intersection,Normale,Deux véhicules - arrière,1,3,9,0,1,2,1,0,1,90,,2,1,0,0,1,23.0,38.0,,,1,1,1,1,2
202100019825,2021-09-09 22:50:00,2021,9,9,22,50,94,94033,A86.EXT,48.8565,2.4881,Nuit sans éclairage public,Hors agglomération,Hors intersection,Normale,Trois véhicules et plus - en chaîne,1,1,2,0,1,3,2,0,1,90,,4,3,0,0,1,24.0,50.0,,,3,1,1,1,4
202100019826,2021-09-09 18:30:00,2021,9,9,18,30,75,75109,RUE DE DUNKERQUE,48.881397,2.348763,Plein jour,En agglomération,Hors intersection,Normale,Autre collision,4,2,2,0,2,1,1,0,1,50,,2,1,0,0,1,,,,,1,2,1,1,6
202100019827,2021-04-29 16:00:00,2021,4,29,16,0,19,19031,TURGOT (AVENUE),45.16533,1.52056,Plein jour,En agglomération,Intersection en X,Normale,Deux véhicules - côté,3,2,3,0,1,1,1,0,1,50,,2,1,0,1,0,57.0,48.0,,,1,2,2,1,3
202100019828,2021-06-09 20:20:00,2021,6,9,20,20,94,94068,Boulevard de Champigny,48.79932,2.50413,Plein jour,En agglomération,Hors intersection,Normale,Deux véhicules - arrière,3,2,2,0,1,1,1,0,1,30,,2,1,0,0,1,69.0,14.0,,,1,2,1,1,2
202100019829,2021-09-09 07:49:00,2021,9,9,7,49,974,97416,LORION (RUE LUC),-21.3339,55.4713,Plein jour,En agglomération,Hors intersection,Temps éblouissant,Autre collision,4,2,1,0,1,1,1,9,1,50,,2,1,0,0,1,27.0,,,,1,2,1,7,6