accident_id,datetime,annee,mois,jour,heure,minute,departement,commune_insee,adresse,latitude,longitude,luminosite,agglomeration,intersection,meteo,collision,catr,circ,nbv,vosp,prof,plan,surf,infra,situ,vma,nb_vehicules,nb_usagers,nb_indemnes,nb_tues,nb_blesses_hosp,nb_blesses_legers,age_cond_1,age_cond_2,veh_type_cond_1,veh_type_cond_2,lum_code,agg_code,int_code,atm_code,col_code
202100019830,2021-09-08 20:50:00,2021,9,8,20,50,974,97407,CARPAYE(AVENUE),-20.9485304205,55.2997791424,Nuit avec éclairage allumé,En agglomération,Intersection en X,Normale,Deux véhicules - frontale,2,2,2,0,1,1,1,0,1,50,,3,1,0,1,1,18.0,56.0,,,5,2,2,1,1
202100019831,2021-09-08 09:00:00,2021,9,8,9,0,974,97407,JACQUES DUCLOS (RUE) - RIVIERE DES GAL  ,-20.95741,55.3141,Plein jour,En agglomération,Hors intersection,Normale,Deux véhicules - côté,4,2,2,0,1,1,1,9,6,50,,2,1,0,0,1,10.0,55.0,,,1,2,1,1,3
202100019832,2021-09-09 08:00:00,2021,9,9,8,0,973,97302,BOUDINOT (AUGUSTE) CITE THEMIRE,4.9348859773,-52.3190063239,Plein jour,En agglomération,Intersection en X,Normale,Deux véhicules - côté,4,2,2,0,1,1,1,0,1,50,,2,1,0,0,1,59.0,17.0,,,1,2,2,1,3
202100019833,2021-09-09 07:45:00,2021,9,9,7,45,973,97302,FELIX EBOUE (Rue),4.9383,-52.32817,Plein jour,En agglomération,Intersection en X,Normale,Deux véhicules - côté,4,1,1,0,1,1,1,0,1,50,,2,1,0,0,1,49.0,39.0,,,1,2,2,1,3
202100019834,2021-09-09 19:05:00,2021,9,9,19,5,69,69386,BROTTEAUX (DES) (BD),45.76645,4.8569,Crépuscule ou aube,En agglomération,Hors intersection,Normale,Deux véhicules - côté,4,1,3,1,1,1,1,0,1,50,,2,1,0,0,1,19.0,24.0,,,2,2,1,1,3
202100019835,2021-09-09 15:10:00,2021,9,9,15,10,69,69276,D312                                     ,45.6787648882,4.8505751789,Plein jour,En agglomération,Hors intersection,Normale,Deux véhicules - frontale,7,2,2,0,1,3,1,0,1,50,,3,2,0,0,1,48.0,28.0,,,1,2,1,1,1
202100019836,2021-09-09 11:00:00,2021,9,9,11,0,69,69259,IRENE JOLIOT CURIE (BD),45.71426613,4.8792208,Plein jour,En agglomération,Intersection en X,Normale,Deux véhicules - côté,7,2,4,2,1,1,1,0,6,50,,2,1,0,0,1,36.0,25.0,,,1,2,2,1,3
202100019837,2021-09-09 12:45:00,2021,9,9,12,45,972,97209,ENTRAIDE (ROUTE DE L'),14.62316,-61.05547,Plein jour,En agglomération,Hors intersection,Normale,Deux véhicules - côté,4,2,1,0,2,1,1,0,1,50,,2,1,0,0,1,25.0,35.0,,,1,2,1,1,3
202100019838,2021-09-09 12:00:00,2021,9,9,12,0,69,69149,AMPERE (R),45.7084093871,4.8124247789,Plein jour,En agglomération,Intersection en X,Temps couvert,Autre collision,4,2,2,0,1,1,2,0,1,50,,2,1,0,0,1,,,,,1,2,2,8,6
202100019839,2021-09-06 20:30:00,2021,9,6,20,30,69,69384,HERBOUVILLE (D') (CR),45.77636,4.83991,Nuit avec éclairage allumé,En agglomération,Hors intersection,Normale,Autre collision,4,3,6,3,1,1,1,0,1,50,,1,0,0,0,1,19.0,,,,5,2,1,1,6
202100019840,2021-09-09 08:20:00,2021,9,9,8,20,2B,2B033,TOUTES RUES,42.6879418453,9.4353445942,Plein jour,En agglomération,Hors intersection,Temps éblouissant,Autre collision,4,-1,1,0,1,1,1,0,1,50,,2,1,0,0,1,,,,,1,2,1,7,6
202100019841,2021-09-09 07:50:00,2021,9,9,7,50,971,97105,GOUVERNEUR DU LYON (AVE),16.00231,-61.73806,Plein jour,En agglomération,Hors intersection,Normale,Trois véhicules et plus - en chaîne,2,2,2,0,2,1,1,0,1,50,,3,2,0,0,1,52.0,67.0,,,1,2,1,1,4
202100019842,2021-09-09 18:13:00,2021,9,9,18,13,95,95268,AV DU GENERAL DE GAULLE,48.9713532393,2.4018752575,Plein jour,En agglomération,Hors intersection,Normale,Autre collision,3,2,4,0,1,1,1,0,1,50,,2,1,0,0,1,,,,,1,2,1,1,6
202100019843,2021-09-09 08:40:00,2021,9,9,8,40,87,87050,LIMOGES (AVENUE DE),45.86758,1.23853,Plein jour,En agglomération,Hors intersection,Normale,Autre collision,3,2,3,0,1,1,1,0,1,50,,1,0,0,0,1,46.0,,,,1,2,1,1,6
202100019844,2021-09-08 12:16:00,2021,9,8,12,16,87,87085,PERRIN (RUE FRANCOIS),45.82971,1.24786,Plein jour,En agglomération,Hors intersection,Normale,Autre collision,4,2,2,0,1,1,1,0,1,50,,2,1,0,0,1,19.0,,,,1,2,1,1,6
202100019845,2021-09-07 19:54:00,2021,9,7,19,54,87,87085,LECLERC (AVENUE DU GENERAL),45.8514,1.26609,Plein jour,En agglomération,Hors intersection,Normale,Autre collision,4,2,3,2,1,1,1,0,1,50,,2,1,0,0,1,65.0,,,,1,2,1,1,6
202100019846,2021-09-09 12:45:00,2021,9,9,12,45,83,83137,15EME CORPS (AVE DU),43.12827,5.90785,Plein jour,En agglomération,Hors intersection,Normale,Deux véhicules - côté,3,2,2,0,1,1,1,0,1,50,,2,0,0,1,1,20.0,78.0,,,1,2,1,1,3
202100019847,2021-09-08 09:35:00,2021,9,8,9,35,83,83098,HERMINIER (BD DU COMMANDANT),43.0936613988,6.0244194681,Plein jour,Hors agglomération,Hors intersection,Normale,Deux véhicules - arrière,7,3,0,0,1,1,1,0,1,30,,3,2,0,0,1,86.0,42.0,,,1,1,1,1,2
202100019848,2021-09-09 09:55:00,2021,9,9,9,55,82,82121,CLADEL (RUE LEON),44.0222835,1.3609737,Plein jour,En agglomération,Hors intersection,Normale,Deux véhicules - côté,4,2,2,0,1,1,1,0,1,50,,2,1,0,1,0,16.0,27.0,,,1,2,1,1,3
202100019849,2021-09-09 06:25:00,2021,9,9,6,25,82,82121,NEGREPELISSE (AVENUE DE),44.03209,1.38452,Nuit avec éclairage allumé,En agglomération,Hors intersection,Normale,Deux véhicules - arrière,3,2,2,0,1,1,1,0,1,50,,2,1,0,1,0,30.0,82.0,,,5,2,1,1,2
202100019850,2021-09-09 17:40:00,2021,9,9,17,40,81,81004,VERDIER (FRANCOIS),43.9189628406,2.1233071536,Plein jour,En agglomération,Hors intersection,Temps couvert,Deux véhicules - arrière,3,2,2,0,1,1,1,0,1,50,,2,1,0,0,1,27.0,24.0,,,1,2,1,8,2
202100019851,2021-09-07 21:35:00,2021,9,7,21,35,80,80021,ESPAGNE (AVENUE D'),49.8713634964,2.2862815686,Nuit avec éclairage allumé,En agglomération,Hors intersection,Normale,Autre collision,4,2,2,3,1,2,1,0,6,50,,3,0,0,0,3,20.0,,,,5,2,1,1,6
202100019852,2021-09-09 13:18:00,2021,9,9,13,18,78,78481,CHARLES DE GAULLE (AVENUE),48.88926,2.10386,Plein jour,En agglomération,Intersection en T,Normale,Deux véhicules - côté,3,-1,1,0,1,1,1,0,1,50,,2,1,0,0,1,60.0,38.0,,,1,2,3,1,3
202100019853,2021-09-09 06:25:00,2021,9,9,6,25,78,78133,CLOS DE LA FAMILLE (DU),48.90344,2.04519,Nuit avec éclairage allumé,En agglomération,Intersection en X,Normale,Deux véhicules - frontale,4,2,2,0,1,1,1,0,1,50,,2,1,0,0,1,65.0,52.0,,,5,2,2,1,1
202100019854,2021-09-08 09:20:00,2021,9,8,9,20,77,77307,AV DE LA SOCIETE DES NATIONS,48.85538,2.76351,Plein jour,En agglomération,Intersection en X,Normale,Autre collision,4,2,2,0,1,1,1,0,8,50,,2,1,0,0,1,61.0,,,,1,2,2,1,6
202100019855,2021-09-08 12:00:00,2021,9,8,12,0,77,77186,GEORGES CLEMENCEAU (PLACE),48.4106882968,2.7013741381,Plein jour,En agglomération,Intersection en T,Normale,Deux véhicules - côté,4,2,0,0,1,3,1,0,1,50,,2,1,0,0,1,34.0,64.0,,,1,2,3,1,3
202100019856,2021-09-09 17:50:00,2021,9,9,17,50,72,72181,GENESLAY FELIX (AV) N° IMP 385 ET plus,47.97584,0.20711,Plein jour,En agglomération,Hors intersection,Normale,Autre collision,4,3,4,0,1,1,1,0,1,50,,2,1,0,0,1,,,,,1,2,1,1,6
202100019857,2021-09-02 13:40:00,2021,9,2,13,40,72,72181,HUGO VICTOR (RUE) HORS JARDIN PUBLIQUE,48.0,0.20131,Plein jour,En agglomération,Hors intersection,Normale,Autre collision,4,2,2,0,1,1,1,0,1,50,,2,1,0,0,1,44.0,,,,1,2,1,1,6
202100019858,2021-09-09 16:05:00,2021,9,9,16,5,71,71153,ETANG DE LA FORGE (rue),46.80124,4.42968,Plein jour,En agglomération,Hors intersection,Pluie forte,Sans collision,4,2,2,0,1,1,2,0,1,50,,1,0,0,0,1,13.0,,,,1,2,1,3,7
202100019859,2021-09-09 21:55:00,2021,9,9,21,55,69,69266,LAURENT BONNEVAY (BD),45.78486,4.86725,Nuit avec éclairage allumé,En agglomération,Hors intersection,Normale,Autre collision,4,3,4,0,1,1,1,0,1,50,,2,1,0,0,1,26.0,,,,5,2,1,1,6
202100019860,2021-09-08 15:35:00,2021,9,8,15,35,67,67267,SCHUMANN (AVENUE),48.55894,7.6931,Plein jour,En agglomération,Intersection en T,Normale,Deux véhicules - côté,4,2,3,0,1,1,1,0,1,50,,2,1,0,0,1,20.0,24.0,,,1,2,3,1,3
202100019861,2021-09-08 16:05:00,2021,9,8,16,5,50,50129,MAUPAS (RUE DU),49.63419,-1.61365,Plein jour,En agglomération,Giratoire,Normale,Deux véhicules - arrière,4,2,2,0,1,1,1,0,1,50,,2,1,0,1,0,46.0,15.0,,,1,2,6,1,2
202100019862,2021-09-09 12:20:00,2021,9,9,12,20,49,49328,ECURIES (RUE DES),47.26628,-0.08477,Plein jour,En agglomération,Intersection en T,Normale,Deux véhicules - côté,4,2,2,0,1,1,1,0,1,50,,2,1,0,1,0,30.0,54.0,,,1,2,3,1,3
202100019863,2021-09-07 08:50:00,2021,9,7,8,50,49,49328,RESISTANCE (PLACE DE LA),47.2672426231,-0.0697253644,Plein jour,En agglomération,Giratoire,Normale,Autre collision,3,1,1,2,1,2,1,0,1,50,,2,1,0,0,1,24.0,,,,1,2,6,1,6
202100019864,2021-09-02 08:55:00,2021,9,2,8,55,49,49328,VOIE ROMAINE,47.27219,-0.12795,Plein jour,Hors agglomération,Intersection en X,Normale,Deux véhicules - côté,3,2,2,0,1,1,1,0,1,80,,2,1,0,0,1,53.0,63.0,,,1,1,2,1,3
202100019865,2021-09-09 07:48:00,2021,9,9,7,48,49,49007,MONPROFIT PLACE,47.474,-0.567,Plein jour,En agglomération,Hors intersection,Normale,Deux véhicules - arrière,4,3,2,0,1,1,1,0,1,50,,2,1,0,0,1,33.0,48.0,,,1,2,1,1,2
202100019866,2021-09-08 13:53:00,2021,9,8,13,53,49,49015,D775,47.515865,-0.619523,Plein jour,En agglomération,Hors intersection,Normale,Autre collision,3,2,2,0,1,1,2,0,1,80,,2,0,0,0,2,36.0,,,,1,2,1,1,6
202100019867,2021-09-08 17:45:00,2021,9,8,17,45,45,45234,Rue du Pressoir Blanc,47.88461,1.8875,Plein jour,En agglomération,Intersection en Y,Normale,Deux véhicules - côté,4,2,2,0,1,1,1,0,1,50,,3,2,0,0,1,31.0,45.0,,,1,2,4,1,3
202100019868,2021-09-05 18:00:00,2021,9,5,18,0,41,41295,CHAMBORD (ROUTE DE),47.57622,1.399231,Plein jour,Hors agglomération,Hors intersection,Normale,Autre collision,3,2,2,0,1,1,1,0,3,70,,1,0,0,1,0,18.0,,,,1,1,1,1,6
202100019869,2021-09-07 09:05:00,2021,9,7,9,5,41,41212,PATTE D'OIE (rond point),47.56178,1.37253,Plein jour,Hors agglomération,Giratoire,Normale,Deux véhicules - côté,4,3,4,0,1,1,1,0,1,50,,2,1,0,0,1,38.0,29.0,,,1,1,6,1,3
202100019870,2021-09-09 09:20:00,2021,9,9,9,20,37,37122,PONT CHER (RUE DU),47.3630159971,0.6741534111,Plein jour,En agglomération,Hors intersection,Normale,Trois véhicules et plus - en chaîne,4,2,2,0,1,1,1,0,1,50,,3,1,0,0,2,75.0,58.0,,,1,2,1,1,4
202100019871,2021-09-09 18:35:00,2021,9,9,18,35,33,33063,Rue de Belfort,44.83235,-0.5817,Plein jour,En agglomération,Intersection en X,Normale,Deux véhicules - côté,4,1,2,2,1,1,1,0,1,50,,2,1,0,1,0,44.0,44.0,,,1,2,2,1,3
202100019872,2021-09-09 17:10:00,2021,9,9,17,10,33,33039,Avenue du Maréchal Leclerc,44.81333,-0.5404,Plein jour,En agglomération,Hors intersection,Normale,Deux véhicules - côté,4,2,2,0,1,1,1,0,1,50,,2,1,0,0,1,29.0,27.0,,,1,2,1,1,3
202100019873,2021-09-09 17:15:00,2021,9,9,17,15,33,33281,Avenue Marcel Dassault,44.84839,-0.68254,Plein jour,En agglomération,Hors intersection,Normale,Deux véhicules - côté,4,3,2,0,1,1,1,0,1,50,,2,1,0,0,1,30.0,31.0,,,1,2,1,1,3
202100019874,2021-09-08 20:30:00,2021,9,8,20,30,33,33069,Avenue de la Libération Charles de Gaulle,44.85996,-0.59929,Nuit avec éclairage allumé,En agglomération,Hors intersection,Normale,Deux véhicules - côté,4,1,1,3,1,1,1,4,6,50,,3,1,0,0,2,20.0,55.0,,,5,2,1,1,3
202100019875,2021-09-08 11:10:00,2021,9,8,11,10,33,33063,Rue Judaique,44.84135,-0.58507,Plein jour,En agglomération,Intersection en T,Pluie légère,Deux véhicules - côté,4,1,1,1,1,1,2,0,1,50,,2,1,0,0,1,41.0,21.0,,,1,2,3,2,3
202100019876,2021-09-08 11:35:00,2021,9,8,11,35,33,33550,Avenue Edouard Bourlaux,44.78767,-0.56664,Plein jour,En agglomération,Intersection en T,Pluie légère,Autre collision,4,-1,2,0,1,1,2,5,1,50,,2,1,0,0,1,,,,,1,2,3,2,6
202100019877,2021-09-09 17:25:00,2021,9,9,17,25,33,33009,ST ELME (RUE) DU 02 ET +,44.654077,-1.15037,Plein jour,En agglomération,Hors intersection,Normale,Autre collision,4,2,1,0,1,1,1,0,8,30,,4,3,0,0,1,84.0,,,,1,2,1,1,6
202100019878,2021-09-09 19:30:00,2021,9,9,19,30,32,32013,SADI-CARNOT (BOULEVARD),43.6408190781,0.5856883103,Plein jour,En agglomération,Hors intersection,Pluie légère,Deux véhicules - arrière,2,2,2,0,1,1,2,0,1,50,,2,1,0,0,1,34.0,32.0,,,1,2,1,2,2
202100019879,2021-09-09 11:55:00,2021,9,9,11,55,29,29151,D786 - Coat Menguy,48.59657333,-3.8132214546,Plein jour,Hors agglomération,Hors intersection,Normale,Deux véhicules - frontale,3,2,3,0,1,1,1,9,1,70,,2,1,0,1,0,33.0,49.0,,,1,1,1,1,1
202100019880,2021-09-08 18:20:00,2021,9,8,18,20,27,27681,POINT DU JOUR (RUE DU),49.09561,1.48157,Plein jour,En agglomération,Hors intersection,Normale,Deux véhicules - frontale,4,2,2,0,1,1,1,0,1,50,,2,1,0,0,1,59.0,24.0,,,1,2,1,1,1
202100019881,2021-09-08 11:55:00,2021,9,8,11,55,27,27229,SAINT LOUIS (RUE),49.023894,1.15495,Plein jour,En agglomération,Hors intersection,Normale,Autre collision,4,2,2,0,1,1,1,9,1,50,,3,2,0,0,1,54.0,,,,1,2,1,1,6
202100019882,2021-09-06 06:35:00,2021,9,6,6,35,22,22106,RENNES (RUE DE),48.4933,-2.71033,Nuit sans éclairage public,En agglomération,Hors intersection,Brouillard / fumée,Deux véhicules - frontale,4,2,2,0,1,1,2,0,1,50,,2,1,0,0,1,22.0,41.0,,,3,2,1,5,1
202100019883,2021-09-08 17:00:00,2021,9,8,17,0,22,22113,RESISTANCE (AVENUE DE LA),48.74717,-3.46136,Plein jour,En agglomération,Autre intersection,Normale,Autre collision,3,2,2,0,1,1,1,0,1,50,,2,1,0,1,0,20.0,,,,1,2,9,1,6
202100019884,2021-09-08 17:40:00,2021,9,8,17,40,15,15014,Avenue des Pupilles de la Nation,44.919,2.43878,Plein jour,En agglomération,Hors intersection,Normale,Deux véhicules - frontale,4,2,4,0,1,1,1,0,1,50,,2,1,0,0,1,17.0,43.0,,,1,2,1,1,1
202100019885,2021-09-08 15:20:00,2021,9,8,15,20,14,14118,D401,49.20967,-0.37224,Plein jour,En agglomération,Autre intersection,Normale,Deux véhicules - côté,3,2,6,2,1,1,1,9,1,50,,2,1,0,0,1,26.0,34.0,,,1,2,9,1,3
202100019886,2021-09-04 12:20:00,2021,9,4,12,20,13,13026,ROUSSEAU JEAN-JACQUES (bld),43.3893,5.16381,Plein jour,En agglomération,Hors intersection,Normale,Deux véhicules - arrière,7,2,2,1,1,1,1,0,1,30,,2,1,0,0,1,32.0,18.0,,,1,2,1,1,2
202100019887,2021-09-09 10:06:00,2021,9,9,10,6,13,13213,SAINT MITRE A FOUR DE BUZE (CHEMIN),43.3457846009,5.415946055,Plein jour,En agglomération,Hors intersection,Normale,Deux véhicules - côté,4,2,2,0,1,1,1,0,1,50,,2,1,0,1,0,66.0,26.0,,,1,2,1,1,3
202100019888,2021-09-05 18:45:00,2021,9,5,18,45,13,13209,MICHELET (BOULEVARD),43.25788,5.39984,Plein jour,En agglomération,Intersection en T,Normale,Deux véhicules - côté,7,2,8,0,2,1,1,0,1,50,,2,1,0,0,1,22.0,39.0,,,1,2,3,1,3
202100019889,2021-09-09 01:30:00,2021,9,9,1,30,13,13208,GOUDES (CHEMIN DES),43.21503,5.34822,Nuit avec éclairage allumé,En agglomération,Hors intersection,Normale,Deux véhicules - frontale,4,2,2,0,2,2,1,0,1,50,,3,1,0,0,2,,21.0,,,5,2,1,1,1
202100019890,2021-09-08 20:30:00,2021,9,8,20,30,13,13205,DEVILLIERS (RUE),43.29879,5.39058,Nuit avec éclairage allumé,En agglomération,Hors intersection,Normale,Autre collision,4,2,2,0,2,1,1,8,1,50,,3,2,0,1,0,21.0,,,,5,2,1,1,6
202100019891,2021-09-08 18:20:00,2021,9,8,18,20,13,13206,LODI (RUE DE),43.2892675128,5.3873364978,Plein jour,En agglomération,Hors intersection,Normale,Deux véhicules - côté,4,2,2,0,1,1,1,0,1,50,,2,1,0,1,0,20.0,,,,1,2,1,1,3
202100019892,2021-09-09 08:30:00,2021,9,9,8,30,13,13047,D.5,43.54711,4.97264,Plein jour,Hors agglomération,Hors intersection,Normale,Deux véhicules - arrière,7,2,2,0,1,1,1,0,1,70,,2,1,0,0,1,41.0,40.0,,,1,1,1,1,2
202100019893,2021-09-05 10:45:00,2021,9,5,10,45,13,13028,ROVARCH (AVENUE PIERRE),43.18977,5.62687,Plein jour,En agglomération,Hors intersection,Normale,Deux véhicules - arrière,7,2,3,0,1,1,1,0,1,50,,3,1,0,0,2,37.0,57.0,,,1,2,1,1,2
202100019894,2021-09-09 21:12:00,2021,9,9,21,12,06,06088,GAMBETTA (A PARTIR DU N° 63-74),43.701531,7.256148,Nuit avec éclairage allumé,En agglomération,Hors intersection,Normale,Autre collision,4,2,4,0,1,1,1,0,1,50,,3,0,0,3,0,19.0,,,,5,2,1,1,6
202100019895,2021-09-08 09:37:00,2021,9,8,9,37,06,06123,GARE ROUTE DE LA,43.661494,7.19251,Plein jour,En agglomération,Hors intersection,Normale,Deux véhicules - côté,7,2,2,0,1,1,1,0,1,50,,2,1,0,0,1,45.0,29.0,,,1,2,1,1,3
202100019896,2021-09-06 09:45:00,2021,9,6,9,45,03,03023,Route du Pont de l’Europe,46.14151,3.40593,Plein jour,En agglomération,Hors intersection,Normale,Deux véhicules - arrière,3,2,2,1,1,1,1,0,1,50,,5,1,0,1,3,36.0,68.0,,,1,2,1,1,2
202100019897,2021-09-09 04:30:00,2021,9,9,4,30,02,02165,D 1044,49.652973,3.388642,Nuit sans éclairage public,Hors agglomération,Autre intersection,Pluie forte,Autre collision,3,2,2,0,1,2,2,9,1,80,,1,0,0,1,0,57.0,,,,3,1,9,3,6
202100019898,2021-09-09 19:00:00,2021,9,9,19,0,75,75118,RUE DES CLOYS,48.89268,2.340084,Plein jour,En agglomération,Intersection en X,Normale,Deux véhicules - côté,4,1,1,0,1,1,1,0,1,30,,2,1,0,0,1,39.0,21.0,,,1,2,2,1,3
202100019899,2021-09-09 00:01:00,2021,9,9,0,1,75,75116,AVENUE FOCH,48.8718485623,2.2770264745,Nuit avec éclairage allumé,En agglomération,Hors intersection,Pluie légère,Deux véhicules - arrière,4,2,4,0,1,1,2,0,1,50,,2,1,0,0,1,26.0,34.0,,,5,2,1,2,2
202100019900,2021-09-08 14:05:00,2021,9,8,14,5,75,75116,BOULEVARD LANNES,48.865447,2.27061,Plein jour,En agglomération,Intersection en T,Normale,Trois véhicules et plus - en chaîne,4,2,4,0,1,1,1,0,1,50,,7,4,0,0,3,51.0,60.0,,,1,2,3,1,4
202100019901,2021-09-07 11:20:00,2021,9,7,11,20,75,75108,PLACE SAINT AUGUSTIN,48.874825,2.319843,Plein jour,En agglomération,Place,Normale,Deux véhicules - côté,4,2,4,0,1,1,1,0,1,30,,3,2,0,0,1,80.0,32.0,,,1,2,7,1,3
202100019902,2021-09-09 18:45:00,2021,9,9,18,45,75,75114,BOULEVARD BRUNE,48.824891545,2.3184055957,Plein jour,En agglomération,Intersection en X,Normale,Autre collision,4,3,2,1,1,2,1,0,5,30,,1,0,0,0,1,41.0,,,,1,2,2,1,6
202100019903,2021-09-09 08:50:00,2021,9,9,8,50,75,75114,BOULEVARD BRUNE,48.824901,2.318405,Plein jour,En agglomération,Intersection en X,Normale,Deux véhicules - côté,4,3,2,0,1,1,1,0,1,50,,2,1,0,0,1,34.0,46.0,,,1,2,2,1,3
202100019904,2021-09-08 13:00:00,2021,9,8,13,0,75,75114,BOULEVARD EDGAR QUINET,48.841275,2.324867,Plein jour,En agglomération,Intersection à plus de 4 branches,Normale,Sans collision,4,1,1,0,1,1,1,0,1,30,,1,0,0,0,1,29.0,,,,1,2,5,1,7
202100019905,2021-09-09 19:20:00,2021,9,9,19,20,75,75113,AVENUE D ITALIE,48.823012,2.358285,Plein jour,En agglomération,Intersection en T,Pluie légère,Trois véhicules et plus - en chaîne,4,2,4,0,1,1,2,0,1,30,,3,2,0,0,1,72.0,35.0,,,1,2,3,2,4
202100019906,2021-09-09 17:20:00,2021,9,9,17,20,75,75112,QUAI DE LA RAPEE,48.8444585672,2.3681515798,Plein jour,En agglomération,Intersection en Y,Normale,Deux véhicules - côté,4,1,3,0,1,1,1,0,1,50,,4,2,0,0,2,45.0,28.0,,,1,2,4,1,3
202100019907,2021-09-09 16:15:00,2021,9,9,16,15,75,75112,AVENUE DES CANADIENS,48.8172379826,2.4560657381,Plein jour,En agglomération,Hors intersection,Normale,Deux véhicules - côté,4,1,3,0,1,1,1,0,1,50,,2,1,0,0,1,35.0,,,,1,2,1,1,3
202100019908,2021-09-09 09:25:00,2021,9,9,9,25,75,75112,QUAI DE BERCY,48.8322178128,2.384176152,Plein jour,En agglomération,Intersection en Y,Normale,Deux véhicules - côté,4,3,3,0,1,1,1,0,1,50,,2,1,0,0,1,47.0,30.0,,,1,2,4,1,3
202100019909,2021-09-09 19:30:00,2021,9,9,19,30,75,75110,RUE DU FAUBOURG SAINT MARTIN,48.881104,2.365161,Plein jour,En agglomération,Intersection en X,Pluie légère,Sans collision,4,2,2,0,1,1,2,0,1,30,,2,0,0,0,2,49.0,,,,1,2,2,2,7
202100019910,2021-09-09 19:00:00,2021,9,9,19,0,75,75110,BOULEVARD DE STRASBOURG,48.8706139103,2.3549727547,Plein jour,En agglomération,Intersection en T,Temps couvert,Deux véhicules - côté,4,2,5,1,1,1,1,0,5,30,,2,0,0,0,2,57.0,32.0,,,1,2,3,8,3
202100019911,2021-09-07 23:30:00,2021,9,7,23,30,75,75107,BOULEVARD SAINT GERMAIN,48.856075,2.325474,Nuit avec éclairage allumé,En agglomération,Place,Normale,Autre collision,4,1,8,1,1,3,1,0,1,50,,2,1,0,0,1,51.0,,,,5,2,7,1,6
202100019912,2021-09-09 11:30:00,2021,9,9,11,30,94,94073,STALINGRAD - CAR DES TROIS COMMUNES (BD,48.7726061424,2.4000878333,Plein jour,Hors agglomération,Hors intersection,Normale,Deux véhicules - arrière,3,1,4,0,1,1,1,3,1,70,,5,1,0,0,4,35.0,43.0,,,1,1,1,1,2
202100019913,2021-09-08 22:20:00,2021,9,8,22,20,94,94081,Avenue de l’Abbé Roger Derry,48.78979,2.39022,Nuit avec éclairage allumé,En agglomération,Intersection en T,Pluie légère,Deux véhicules - frontale,3,2,2,0,1,1,2,0,8,30,,2,0,0,0,2,31.0,33.0,,,5,2,3,2,1
202100019914,2021-09-09 17:15:00,2021,9,9,17,15,94,94052,Avenue Georges Clémenceau,48.83641,2.46983,Plein jour,En agglomération,Intersection en X,Normale,Deux véhicules - côté,3,3,4,0,1,1,1,0,1,50,,2,1,0,0,1,19.0,20.0,,,1,2,2,1,3
202100019915,2021-09-09 10:00:00,2021,9,9,10,0,94,94052,Rue des Héros Nogentais,48.83817,2.48542,Plein jour,En agglomération,Hors intersection,Normale,Autre collision,4,2,2,0,1,1,1,0,1,50,,3,2,0,0,1,24.0,,,,1,2,1,1,6
202100019916,2021-09-09 18:05:00,2021,9,9,18,5,94,94073,Avenue Georges Halgoult,48.76136,2.4,Plein jour,En agglomération,Hors intersection,Normale,Autre collision,3,2,0,3,1,1,1,-1,1,50,,2,1,0,0,1,40.0,,,,1,2,1,1,6
202100019917,2021-09-09 06:35:00,2021,9,9,6,35,94,94073,Rue du Bas Marin,48.75233,2.3875,Crépuscule ou aube,En agglomération,Autre intersection,Pluie légère,Deux véhicules - côté,3,2,3,0,1,1,2,0,1,50,,2,1,0,0,1,47.0,26.0,,,2,2,9,2,3
202100019918,2021-09-08 13:20:00,2021,9,8,13,20,94,94079,BRY (RTE DE),48.831155208,2.5352025032,Plein jour,En agglomération,Intersection en T,Normale,Autre collision,3,2,2,0,1,1,1,9,1,50,,2,1,0,0,1,48.0,,,,1,2,3,1,6
202100019919,2021-09-05 03:13:00,2021,9,5,3,13,93,93070,ARDOIN(RUE),48.91192,2.32492,Nuit avec éclairage allumé,En agglomération,Hors intersection,Pluie légère,Sans collision,4,2,2,0,1,1,2,0,1,50,,1,0,0,1,0,34.0,,,,5,2,1,2,7
202100019920,2021-09-09 08:50:00,2021,9,9,8,50,93,93066,Rue du Fort de la Briche,48.94235,2.34171,Plein jour,En agglomération,Hors intersection,Temps couvert,Deux véhicules - côté,3,2,3,0,1,1,1,0,1,50,,2,1,0,0,1,28.0,,,,1,2,1,8,3
202100019921,2021-09-09 15:40:00,2021,9,9,15,40,93,93064,LISBONNE (RUE DE),48.882,2.468951,Plein jour,En agglomération,Hors intersection,Normale,Trois véhicules et plus - collisions multiples,4,2,3,0,1,2,1,0,1,50,,4,3,0,0,1,39.0,27.0,,,1,2,1,1,5
202100019922,2021-09-08 22:30:00,2021,9,8,22,30,93,93049,Avenue Danielle Casanova / Rue Pasteur,48.85831,2.50204,Nuit avec éclairage allumé,En agglomération,Intersection en X,Normale,Deux véhicules - côté,4,1,1,0,1,1,1,0,1,50,,3,2,0,0,1,22.0,22.0,,,5,2,2,1,3
202100019923,2021-09-08 13:35:00,2021,9,8,13,35,93,93032,Avenue des Muguets / Avenue des Roses,48.89473,2.54373,Plein jour,En agglomération,Intersection en T,Normale,Deux véhicules - côté,4,2,2,0,1,1,1,0,1,50,,2,1,0,0,1,59.0,61.0,,,1,2,3,1,3
202100019924,2021-09-09 17:10:00,2021,9,9,17,10,93,93031,HUIT MAI 1945 (RUE DU),48.955441,2.3013,Plein jour,En agglomération,Hors intersection,Normale,Deux véhicules - frontale,4,-1,2,0,1,1,1,0,4,50,,2,1,0,0,1,18.0,,,,1,2,1,1,1
202100019925,2021-09-08 13:50:00,2021,9,8,13,50,93,93031,Avenue Joffre,48.96209,2.29389,Plein jour,En agglomération,Hors intersection,Normale,Trois véhicules et plus - collisions multiples,3,3,5,0,1,1,1,9,1,50,,3,2,0,1,0,23.0,62.0,,,1,2,1,1,5