accident_id,datetime,annee,mois,jour,heure,minute,departement,commune_insee,adresse,latitude,longitude,luminosite,agglomeration,intersection,meteo,collision,catr,circ,nbv,vosp,prof,plan,surf,infra,situ,vma,nb_vehicules,nb_usagers,nb_indemnes,nb_tues,nb_blesses_hosp,nb_blesses_legers,age_cond_1,age_cond_2,veh_type_cond_1,veh_type_cond_2,lum_code,agg_code,int_code,atm_code,col_code
202100019926,2021-09-09 08:25:00,2021,9,9,8,25,93,93010,GALLIENI (AV.) DE 188 A 230,48.907108,2.48925,Plein jour,En agglomération,Hors intersection,Normale,Autre collision,3,3,2,0,2,1,1,0,1,50,,2,1,0,0,1,35.0,,,,1,2,1,1,6
202100019927,2021-09-08 15:50:00,2021,9,8,15,50,93,93005,Route de Mitry / Rue des Coquelicots,48.942612,2.505551,Plein jour,En agglomération,Intersection en T,Normale,Deux véhicules - côté,3,2,2,0,1,1,1,0,1,50,,2,1,0,0,1,40.0,46.0,,,1,2,3,1,3
202100019928,2021-09-01 12:00:00,2021,9,1,12,0,92,92073,PONT DE SURESNES,48.8670496202,2.2287762165,Plein jour,En agglomération,Hors intersection,Normale,Deux véhicules - côté,3,1,0,0,1,1,1,2,1,50,,2,1,0,0,1,48.0,63.0,,,1,2,1,1,3
202100019929,2021-09-08 19:10:00,2021,9,8,19,10,92,92049,REPUBLIQUE AVENUE DE LA N°92 A FIN,48.813429023,2.3164626052,Plein jour,En agglomération,Hors intersection,Normale,Autre collision,4,-1,2,0,1,1,1,0,1,50,,2,1,0,0,1,57.0,,,,1,2,1,1,6
202100019930,2021-09-08 13:30:00,2021,9,8,13,30,92,92036,DENIS PAPIN (AVENUE),48.9455,2.30782,Plein jour,En agglomération,Intersection en T,Normale,Deux véhicules - côté,3,2,2,0,1,1,1,0,1,50,,2,1,0,1,0,38.0,21.0,,,1,2,3,1,3
202100019931,2021-09-07 08:40:00,2021,9,7,8,40,92,92036,CHAMPS FOURGONS (RUE DES) (1),48.9433384533,2.3000857932,Plein jour,En agglomération,Hors intersection,Normale,Deux véhicules - frontale,4,2,2,0,1,1,1,0,1,50,,2,1,0,0,1,26.0,28.0,,,1,2,1,1,1
202100019932,2021-09-04 20:55:00,2021,9,4,20,55,92,92035,République ( boulevard de la ),48.906616,2.246561,Nuit avec éclairage allumé,En agglomération,Hors intersection,Normale,Sans collision,3,2,2,0,1,1,2,8,1,50,,1,0,0,0,1,29.0,,,,5,2,1,1,7
202100019933,2021-09-09 20:44:00,2021,9,9,20,44,92,92026,COLOMBES,48.8975111843,2.2564941645,Nuit avec éclairage allumé,En agglomération,Hors intersection,Normale,Autre collision,3,-1,2,0,1,1,1,0,1,30,,2,1,0,0,1,,,,,5,2,1,1,6
202100019934,2021-09-09 17:15:00,2021,9,9,17,15,92,92012,REPUBLIQUE (BOULEVARD DE LA) 5/77BIS - 6,48.83289,2.24717,Plein jour,En agglomération,Hors intersection,Normale,Deux véhicules - côté,3,2,2,0,1,1,1,0,1,50,,2,1,0,0,1,24.0,18.0,,,1,2,1,1,3
202100019935,2021-09-09 10:00:00,2021,9,9,10,0,92,92012,ANATOLE FRANCE (BOULEVARD) 1/4BIS,48.8510501646,2.2344883849,Plein jour,En agglomération,Intersection en T,Normale,Deux véhicules - côté,4,2,2,0,1,1,1,0,1,50,,2,1,0,0,1,52.0,22.0,,,1,2,3,1,3
202100019936,2021-09-09 23:30:00,2021,9,9,23,30,76,76279,Route de la Gare,49.610341,0.600579,Nuit sans éclairage public,Hors agglomération,Intersection en X,Normale,Deux véhicules - côté,3,2,2,0,1,1,1,0,1,80,,4,0,0,0,4,20.0,29.0,,,3,1,2,1,3
202100019937,2021-09-08 22:00:00,2021,9,8,22,0,35,35236,D177,47.665098,-2.054615,Nuit sans éclairage public,Hors agglomération,Hors intersection,Normale,Deux véhicules - côté,3,2,2,0,1,1,1,0,1,80,,3,2,0,1,0,33.0,19.0,,,3,1,1,1,3
202100019938,2021-05-23 17:45:00,2021,5,23,17,45,35,35219,La Chesnais,47.807804,-1.96154,Plein jour,Hors agglomération,Hors intersection,Normale,Deux véhicules - frontale,3,2,2,0,1,1,1,0,1,80,,2,0,0,2,0,26.0,24.0,,,1,1,1,1,1
202100019939,2021-09-10 09:00:00,2021,9,10,9,0,47,47291,Cantarel,44.499723,0.698517,Plein jour,Hors agglomération,Intersection en X,Brouillard / fumée,Deux véhicules - côté,3,2,2,0,1,1,1,0,1,80,,3,2,1,0,0,46.0,20.0,,,1,1,2,5,3
202100019940,2021-09-06 15:30:00,2021,9,6,15,30,33,33253,12 Route de Saint-Macaire,44.627489,-0.306519,Plein jour,Hors agglomération,Hors intersection,Normale,Deux véhicules - frontale,3,2,-1,0,2,1,1,0,1,80,,2,1,0,1,0,89.0,33.0,,,1,1,1,1,1
202100019941,2021-09-09 15:30:00,2021,9,9,15,30,84,84111,"Route de L'OUVÈZE, D205",44.231735,5.100282,Plein jour,Hors agglomération,Hors intersection,Temps couvert,Deux véhicules - frontale,3,2,2,0,2,1,1,0,1,80,,2,1,0,1,0,45.0,42.0,,,1,1,1,8,1
202100019942,2021-09-07 09:45:00,2021,9,7,9,45,81,81010,D74,43.927139,2.369914,Plein jour,Hors agglomération,Hors intersection,Normale,Autre collision,3,2,2,0,2,2,1,0,8,80,,1,0,1,0,0,74.0,,,,1,1,1,1,6
202100019943,2021-09-08 10:30:00,2021,9,8,10,30,11,11067,Traverse de la Domèque,43.221596,2.833228,Plein jour,Hors agglomération,Intersection en T,Normale,Deux véhicules - côté,3,2,2,0,1,1,1,0,1,80,,2,1,0,0,1,76.0,46.0,,,1,1,3,1,3
202100019944,2021-09-09 09:00:00,2021,9,9,9,0,64,64396,RD 817,43.444873,-0.673422,Plein jour,En agglomération,Intersection en X,Temps couvert,Deux véhicules - frontale,3,2,2,0,1,1,1,0,1,50,,2,1,0,1,0,69.0,58.0,,,1,2,2,8,1
202100019945,2021-09-10 06:40:00,2021,9,10,6,40,34,34036,A75 PK 279+000,43.694823,3.34286,Crépuscule ou aube,Hors agglomération,Hors intersection,Pluie légère,Autre collision,1,1,2,0,1,4,2,9,2,-1,,1,0,0,0,1,20.0,,,,2,1,1,2,6
202100019946,2021-09-10 09:15:00,2021,9,10,9,15,2B,2B009,RT 10 - Le Fort,42.1045111009,9.5152115824,Plein jour,Hors agglomération,Hors intersection,Pluie légère,Deux véhicules - arrière,2,2,2,0,2,1,2,0,1,70,,3,0,0,0,3,23.0,43.0,,,1,1,1,2,2
202100019947,2021-09-10 04:42:00,2021,9,10,4,42,37,37261,A10,47.3783826465,0.7137311631,Nuit avec éclairage allumé,Hors agglomération,Hors intersection,Normale,Autre collision,1,3,3,0,2,1,1,2,1,90,,2,1,1,0,0,48.0,,,,5,1,1,1,6
202100019948,2021-09-04 17:55:00,2021,9,4,17,55,35,35296,La Bruyere,48.257441,-1.671606,Plein jour,Hors agglomération,Hors intersection,Normale,Autre collision,4,2,2,0,2,2,9,0,3,80,,1,0,0,1,0,20.0,,,,1,1,1,1,6
202100019949,2021-09-09 19:30:00,2021,9,9,19,30,56,56074,route nationale 24,47.895728,-2.934752,Plein jour,Hors agglomération,Hors intersection,Normale,Autre collision,2,3,4,0,3,1,1,0,3,110,,1,0,0,1,0,58.0,,,,1,1,1,1,6
202100019950,2021-09-05 08:40:00,2021,9,5,8,40,74,74208,91 Av de Marlioz,45.918733,6.704225,Plein jour,En agglomération,Hors intersection,Normale,Deux véhicules - côté,6,-1,-1,0,1,3,1,0,1,20,,2,1,0,1,0,88.0,44.0,,,1,2,1,1,3
202100019951,2021-09-10 12:30:00,2021,9,10,12,30,74,74062,rte d'annecy,45.982795,6.165422,Plein jour,Hors agglomération,Intersection en T,Pluie légère,Deux véhicules - côté,3,2,2,0,1,1,2,0,1,80,,2,1,0,1,0,27.0,35.0,,,1,1,3,2,3
202100019952,2021-09-09 19:00:00,2021,9,9,19,0,76,76143,D10A,49.654544,0.38111,Plein jour,Hors agglomération,Hors intersection,Normale,Deux véhicules - frontale,3,2,2,0,1,1,1,0,1,80,,3,0,0,1,2,20.0,19.0,,,1,1,1,1,1
202100019953,2021-09-09 19:53:00,2021,9,9,19,53,46,46012,lescoles,44.801209,1.85537,Crépuscule ou aube,Hors agglomération,Hors intersection,Pluie forte,Autre collision,3,2,2,0,1,1,2,0,3,80,,1,0,0,1,0,18.0,,,,2,1,1,3,6
202100019954,2021-09-10 07:20:00,2021,9,10,7,20,86,86045,D7,46.393701,0.154968,Crépuscule ou aube,Hors agglomération,Hors intersection,Normale,Trois véhicules et plus - collisions multiples,3,2,2,0,1,1,1,0,1,80,,3,1,1,1,0,22.0,58.0,,,2,1,1,1,5
202100019955,2021-09-08 17:30:00,2021,9,8,17,30,68,68338,RD11,48.094334,7.241664,Plein jour,Hors agglomération,Hors intersection,Normale,Autre collision,3,2,2,0,2,2,1,0,1,70,,1,0,0,0,1,35.0,,,,1,1,1,1,6
202100019956,2021-09-10 09:24:00,2021,9,10,9,24,25,25307,Les Hôpitaux-Vieux,46.770174,6.380568,Plein jour,Hors agglomération,Hors intersection,Normale,Sans collision,2,3,2,0,2,1,2,0,1,110,,2,0,0,0,2,55.0,,,,1,1,1,1,7
202100019957,2021-09-10 07:27:00,2021,9,10,7,27,25,25318,N57 PK91+500,46.754711,6.381512,Crépuscule ou aube,Hors agglomération,Hors intersection,Autre,Trois véhicules et plus - collisions multiples,2,2,2,0,2,1,2,0,1,80,,3,2,0,1,0,22.0,20.0,,,2,1,1,9,5
202100019958,2021-09-10 00:15:00,2021,9,10,0,15,44,44106,63 Route de la Bernerie,47.070448,-2.016529,Nuit avec éclairage allumé,En agglomération,Hors intersection,Normale,Autre collision,3,2,2,0,1,1,1,0,1,50,,2,0,0,1,1,31.0,,,,5,2,1,1,6
202100019959,2021-09-09 03:30:00,2021,9,9,3,30,29,29061,Pen Ar Creach,48.439551,-4.465578,Nuit sans éclairage public,Hors agglomération,Hors intersection,Temps couvert,Sans collision,7,3,4,0,2,1,2,0,1,70,,1,0,0,1,0,23.0,,,,3,1,1,8,7
202100019960,2021-09-09 21:45:00,2021,9,9,21,45,01,01268,D992,45.646876,5.686541,Nuit sans éclairage public,Hors agglomération,Hors intersection,Normale,Trois véhicules et plus - collisions multiples,3,2,2,0,1,2,1,0,1,-1,,3,0,0,0,3,34.0,34.0,,,3,1,1,1,5
202100019961,2021-09-10 18:45:00,2021,9,10,18,45,72,72359,Lieu Dit la Mahoulerie,48.122544,0.402848,Crépuscule ou aube,Hors agglomération,Hors intersection,Normale,Deux véhicules - côté,3,2,2,0,3,1,1,0,1,90,,2,1,0,0,1,22.0,41.0,,,2,1,1,1,3
202100019962,2021-09-06 07:50:00,2021,9,6,7,50,06,06150,44 Route de Menton,43.750256,7.406712,Plein jour,En agglomération,Hors intersection,Normale,Deux véhicules - frontale,3,2,2,0,1,1,1,0,1,50,,2,1,0,0,1,41.0,43.0,,,1,2,1,1,1
202100019963,2021-09-03 22:07:00,2021,9,3,22,7,14,14371,D579,49.038065,0.150719,Nuit sans éclairage public,Hors agglomération,Hors intersection,Normale,Autre collision,3,2,2,0,2,2,1,0,3,90,,1,0,0,0,1,61.0,,,,3,1,1,1,6
202100019964,2021-09-10 08:25:00,2021,9,10,8,25,14,14256,Rue du Haut du Val,49.321856,-0.797185,Plein jour,En agglomération,Hors intersection,Pluie légère,Autre collision,4,-1,1,3,1,1,2,0,1,-1,,1,0,1,0,0,71.0,,,,1,2,1,2,6
202100019965,2021-09-10 16:50:00,2021,9,10,16,50,64,64178,D115,43.320932,-0.792947,Plein jour,Hors agglomération,Hors intersection,Pluie légère,Deux véhicules - côté,3,2,2,0,2,3,2,0,1,80,,2,1,0,1,0,55.0,52.0,,,1,1,1,2,3
202100019966,2021-09-08 09:50:00,2021,9,8,9,50,73,73120,D201,45.592141,6.231549,Plein jour,Hors agglomération,Hors intersection,Normale,Sans collision,3,2,2,0,1,1,1,0,3,80,,1,0,0,1,0,42.0,,,,1,1,1,1,7
202100019967,2021-08-26 06:40:00,2021,8,26,6,40,40,40320,route departementale 834,43.932277,-0.567255,Crépuscule ou aube,Hors agglomération,Hors intersection,Normale,Deux véhicules - frontale,3,2,2,0,1,1,1,0,1,80,,2,1,0,1,0,39.0,31.0,,,2,1,1,1,1
202100019968,2021-09-10 12:50:00,2021,9,10,12,50,40,40323,D626,44.115367,-0.618088,Plein jour,Hors agglomération,Hors intersection,Normale,Autre collision,3,2,2,0,1,1,1,0,3,80,,1,0,0,1,0,23.0,,,,1,1,1,1,6
202100019969,2021-09-09 20:00:00,2021,9,9,20,0,24,24229,14 Avenue de Rispe,45.136923,1.201497,Crépuscule ou aube,Hors agglomération,Hors intersection,Pluie légère,Deux véhicules - frontale,3,2,2,0,1,1,2,0,1,90,,4,0,1,3,0,22.0,59.0,,,2,1,1,2,1
202100019970,2021-09-10 07:10:00,2021,9,10,7,10,85,85104,RD 46,46.353163,-1.351576,Plein jour,En agglomération,Hors intersection,Pluie légère,Deux véhicules - frontale,3,2,2,0,2,2,2,0,1,-1,,2,1,0,1,0,54.0,26.0,,,1,2,1,2,1
202100019971,2021-09-07 17:30:00,2021,9,7,17,30,27,27677,D133,49.17517,1.048808,Plein jour,Hors agglomération,Intersection en T,Normale,Sans collision,3,2,2,0,1,1,1,0,1,80,,3,1,0,1,1,69.0,44.0,,,1,1,3,1,7
202100019972,2021-08-16 22:00:00,2021,8,16,22,0,37,37156,,47.3731160446,0.8097907785,Nuit sans éclairage public,Hors agglomération,Intersection en T,Normale,Deux véhicules - côté,3,2,2,0,1,1,1,5,1,90,,2,1,0,0,1,59.0,44.0,,,3,1,3,1,3
202100019973,2021-09-10 18:00:00,2021,9,10,18,0,08,08185,D8051,49.984189,4.654968,Plein jour,Hors agglomération,Hors intersection,Normale,Deux véhicules - frontale,3,2,2,0,2,3,1,0,1,-1,,3,2,0,1,0,43.0,36.0,,,1,1,1,1,1
202100019974,2021-09-10 13:15:00,2021,9,10,13,15,973,97307,Route de la Distillerie,4.875538,-52.335021,Plein jour,En agglomération,Autre intersection,Normale,Deux véhicules - côté,4,2,2,0,1,1,1,0,1,50,,2,1,0,1,0,52.0,20.0,,,1,2,9,1,3
202100019975,2021-09-09 16:17:00,2021,9,9,16,17,67,67506,A35,48.673485,7.740218,Plein jour,Hors agglomération,Hors intersection,Normale,Deux véhicules - côté,1,3,4,0,1,1,1,0,1,70,,2,1,0,0,1,32.0,39.0,,,1,1,1,1,3
202100019976,2021-08-12 17:45:00,2021,8,12,17,45,34,34255,130 Rue du Parc,43.690071,3.803898,Plein jour,En agglomération,Hors intersection,Normale,Autre collision,4,2,2,0,1,2,1,9,1,30,,2,1,0,1,0,33.0,,,,1,2,1,1,6
202100019977,2021-09-06 14:30:00,2021,9,6,14,30,06,06085,1297 avenue du général de gaulle,43.613978,7.006865,Plein jour,En agglomération,Hors intersection,Normale,Sans collision,3,2,2,0,1,1,1,0,3,50,,1,0,0,1,0,37.0,,,,1,2,1,1,7
202100019978,2021-08-13 21:35:00,2021,8,13,21,35,06,06085,Avenue Notre-Dame de Vie,43.598228,7.002425,Nuit avec éclairage allumé,En agglomération,Intersection en Y,Normale,Autre collision,3,2,2,0,1,1,1,3,1,50,,3,1,0,1,1,21.0,32.0,,,5,2,4,1,6
202100019979,2021-08-26 08:30:00,2021,8,26,8,30,57,57743,PR 29+100 nationale 4,48.754748,7.194674,Plein jour,Hors agglomération,Hors intersection,Normale,Trois véhicules et plus - en chaîne,2,3,4,0,1,1,1,0,1,-1,,7,5,0,0,2,28.0,23.0,,,1,1,1,1,4
202100019980,2021-09-07 09:50:00,2021,9,7,9,50,38,38064,A43,45.559512,5.400231,Plein jour,Hors agglomération,Hors intersection,Normale,Deux véhicules - arrière,1,3,4,0,1,1,1,0,2,130,,2,1,0,0,1,49.0,35.0,,,1,1,1,1,2
202100019981,2021-09-09 14:51:00,2021,9,9,14,51,51,51545,A26,48.7130359539,4.2132470835,Plein jour,Hors agglomération,Hors intersection,Pluie légère,Sans collision,1,3,4,0,1,1,2,0,1,130,,1,0,0,0,1,61.0,,,,1,1,1,2,7
202100019982,2021-09-09 12:00:00,2021,9,9,12,0,51,51147,A4,49.0300208817,4.4803405059,Plein jour,Hors agglomération,Hors intersection,Normale,Sans collision,1,3,4,0,1,1,1,0,3,130,,2,0,0,0,2,35.0,,,,1,1,1,1,7
202100019983,2021-09-09 15:52:00,2021,9,9,15,52,51,51545,A26,48.7301405401,4.2223573009,Plein jour,Hors agglomération,Autre intersection,Normale,Deux véhicules - frontale,1,1,1,0,1,3,1,3,1,50,,2,1,0,1,0,58.0,48.0,,,1,1,9,1,1
202100019984,2021-09-02 10:18:00,2021,9,2,10,18,51,51545,A26,48.729799,4.22332,Plein jour,Hors agglomération,Hors intersection,Normale,Deux véhicules - arrière,1,3,4,0,1,1,1,0,1,-1,,3,2,0,0,1,79.0,35.0,,,1,1,1,1,2
202100019985,2021-09-10 08:00:00,2021,9,10,8,0,971,97124,Route de Morin,16.005422,-61.702856,Plein jour,En agglomération,Intersection en X,Normale,Autre collision,3,2,2,0,3,1,1,0,1,50,,4,1,0,1,2,26.0,24.0,,,1,2,2,1,6
202100019986,2021-09-10 15:15:00,2021,9,10,15,15,28,28185,RN 12,48.774356,1.559699,Plein jour,Hors agglomération,Hors intersection,Normale,Deux véhicules - côté,2,3,2,0,1,3,2,0,1,110,,1,0,1,0,0,64.0,,,,1,1,1,1,3
202100019987,2021-09-06 15:40:00,2021,9,6,15,40,77,77300,D19,48.942386,2.986524,Plein jour,Hors agglomération,Hors intersection,Temps éblouissant,Sans collision,3,2,2,0,1,1,1,0,1,30,,1,0,0,1,0,32.0,,,,1,1,1,7,7
202100019988,2021-09-10 09:23:00,2021,9,10,9,23,2B,2B134,Allees Charles de Gaulle,42.632329,8.937566,Plein jour,En agglomération,Intersection en X,Temps éblouissant,Deux véhicules - arrière,2,2,-1,-1,-1,-1,-1,-1,-1,-1,,2,1,0,1,0,63.0,56.0,,,1,2,2,7,2
202100019989,2021-09-10 10:00:00,2021,9,10,10,0,84,84047,Route de Croagnes,43.905816,5.347241,Plein jour,Hors agglomération,Intersection en X,Pluie forte,Deux véhicules - côté,4,2,2,0,1,1,2,0,1,50,,2,0,0,0,2,48.0,31.0,,,1,1,2,3,3
202100019990,2021-09-05 14:40:00,2021,9,5,14,40,26,26362,Autoroute A7,44.912973,4.877543,Plein jour,Hors agglomération,Hors intersection,Normale,Deux véhicules - arrière,1,1,5,0,1,1,1,0,1,90,,2,1,0,1,0,77.0,56.0,,,1,1,1,1,2
202100019991,2021-09-10 08:20:00,2021,9,10,8,20,71,71481,Rue des Chanillons,46.194244,4.779949,Plein jour,En agglomération,Hors intersection,Normale,Sans collision,4,2,2,0,1,3,2,0,1,50,,2,0,0,0,2,14.0,,,,1,2,1,1,7
202100019992,2021-09-08 17:00:00,2021,9,8,17,0,68,68154,Rue de Sausheim,47.765057,7.359756,Plein jour,En agglomération,Intersection en Y,Normale,Deux véhicules - frontale,3,2,1,1,1,2,1,0,1,50,,4,2,0,0,2,42.0,32.0,,,1,2,4,1,1
202100019993,2021-09-09 16:30:00,2021,9,9,16,30,55,55255,38 Grande Rue,49.429783,5.381049,Plein jour,En agglomération,Hors intersection,Normale,Autre collision,3,2,2,0,1,1,1,0,1,50,,2,1,0,1,0,32.0,,,,1,2,1,1,6
202100019994,2021-09-04 14:40:00,2021,9,4,14,40,42,42094,15 Rue de la Pechoire,45.726138,4.222159,Plein jour,En agglomération,Hors intersection,Normale,Autre collision,4,2,2,0,1,1,1,0,1,50,,2,1,0,1,0,55.0,,,,1,2,1,1,6
202100019995,2021-09-09 21:20:00,2021,9,9,21,20,01,01313,D35,46.246313,6.081571,Nuit avec éclairage allumé,En agglomération,Giratoire,Normale,Autre collision,3,3,2,0,1,1,1,5,8,50,,1,0,1,0,0,44.0,,,,5,2,6,1,6
202100019996,2021-09-10 17:40:00,2021,9,10,17,40,69,69009,VILLEFRANCHE (DE) (RTE),45.953555,4.714948,Plein jour,En agglomération,Hors intersection,Normale,Trois véhicules et plus - collisions multiples,3,3,2,2,1,1,1,0,1,80,,3,1,0,2,0,35.0,46.0,,,1,2,1,1,5
202100019997,2021-09-10 17:07:00,2021,9,10,17,7,69,69071,D51,45.879978,4.821019,Plein jour,Hors agglomération,Giratoire,Normale,Sans collision,7,1,2,0,1,2,1,0,1,70,,2,0,0,2,0,27.0,,,,1,1,6,1,7
202100019998,2021-09-10 12:45:00,2021,9,10,12,45,81,81105,Boulevard du Docteur Pontier,43.771444,1.994674,Plein jour,En agglomération,Hors intersection,Normale,Autre collision,3,2,2,0,1,1,1,0,4,70,,1,0,0,1,0,59.0,,,,1,2,1,1,6
202100019999,2021-09-06 14:05:00,2021,9,6,14,5,33,33240,Rue des Abbes Collin,45.311122,-0.91978,Plein jour,En agglomération,Intersection en T,Normale,Autre collision,3,2,2,0,1,3,1,0,8,50,,1,0,0,1,0,19.0,,,,1,2,3,1,6
202100020000,2021-09-09 18:45:00,2021,9,9,18,45,33,33366,D137,45.012128,-0.441607,Plein jour,Hors agglomération,Intersection en T,Pluie légère,Deux véhicules - côté,3,2,2,0,1,1,2,0,1,80,,2,1,0,0,1,46.0,43.0,,,1,1,3,2,3
202100020001,2021-09-09 16:10:00,2021,9,9,16,10,33,33483,Avenue Lagraula,44.909301,-0.382612,Plein jour,En agglomération,Autre intersection,Pluie légère,Deux véhicules - arrière,4,2,2,0,1,1,2,0,1,50,,2,1,0,0,1,53.0,29.0,,,1,2,9,2,2
202100020002,2021-09-09 00:45:00,2021,9,9,0,45,22,22277,La Ville au Pilon,48.379963,-2.894222,Nuit sans éclairage public,Hors agglomération,Hors intersection,Pluie légère,Sans collision,3,2,2,0,2,2,2,0,3,80,,1,0,0,1,0,42.0,,,,3,1,1,2,7
202100020003,2021-09-10 04:50:00,2021,9,10,4,50,35,35166,D106,48.148812,-1.340021,Nuit avec éclairage non allumé,Hors agglomération,Intersection en X,Normale,Deux véhicules - côté,3,2,2,0,1,1,2,0,1,80,,2,1,0,1,0,55.0,36.0,,,4,1,2,1,3
202100020004,2021-09-10 14:20:00,2021,9,10,14,20,27,27568,Le Fidelaire RD 830,48.948323,0.887232,Plein jour,Hors agglomération,Hors intersection,Pluie forte,Deux véhicules - côté,3,2,2,0,1,1,2,0,1,80,,2,1,1,0,0,18.0,74.0,,,1,1,1,3,3
202100020005,2021-09-10 16:45:00,2021,9,10,16,45,62,62318,Route d Hilbert,50.511271,1.645111,Plein jour,En agglomération,Hors intersection,Normale,Autre collision,3,2,2,0,1,1,1,6,1,50,,2,1,0,1,0,43.0,,,,1,2,1,1,6
202100020006,2021-09-08 16:57:00,2021,9,8,16,57,13,13071,A51-Sens Aix en Provence vers Marseille,43.41318,5.36393,Plein jour,Hors agglomération,Hors intersection,Normale,Sans collision,1,1,3,0,1,1,1,0,1,90,,1,0,0,0,1,20.0,,,,1,1,1,1,7
202100020007,2021-09-09 10:00:00,2021,9,9,10,0,13,13055,A507 sens Marseille - Aubagne,43.30307,5.42569,Plein jour,Hors agglomération,Hors intersection,Normale,Trois véhicules et plus - en chaîne,1,1,4,0,1,1,1,1,1,70,,5,2,0,0,3,44.0,50.0,,,1,1,1,1,4
202100020008,2021-09-08 15:25:00,2021,9,8,15,25,13,13071,A7-Sens Marseille vers Lyon,43.412478,5.281948,Plein jour,Hors agglomération,Hors intersection,Normale,Trois véhicules et plus - en chaîne,1,-1,3,0,1,1,1,1,1,90,,12,6,0,0,6,26.0,74.0,,,1,1,1,1,4
202100020009,2021-09-09 10:25:00,2021,9,9,10,25,57,57764,Autoroute A.31,49.4594,6.12148,Plein jour,Hors agglomération,Hors intersection,Pluie légère,Trois véhicules et plus - en chaîne,1,3,5,0,1,1,2,0,1,110,,2,0,0,0,2,35.0,42.0,,,1,1,1,2,4
202100020010,2021-09-08 19:00:00,2021,9,8,19,0,33,33192,ROCADE A 630,44.789934,-0.606335,Plein jour,Hors agglomération,Hors intersection,Normale,Deux véhicules - arrière,1,3,6,0,1,1,1,0,1,90,,2,1,0,0,1,21.0,34.0,,,1,1,1,1,2
202100020011,2021-09-07 08:00:00,2021,9,7,8,0,33,33013,Rocade Rive Droite N230,44.85066,-0.50407,Plein jour,Hors agglomération,Hors intersection,Normale,Trois véhicules et plus - en chaîne,2,3,6,0,1,1,1,0,1,90,,3,1,0,0,2,27.0,30.0,,,1,1,1,1,4
202100020012,2021-09-09 16:40:00,2021,9,9,16,40,91,91286,AUTOROUTE A6,48.64906,2.38533,Plein jour,Hors agglomération,Hors intersection,Normale,Trois véhicules et plus - en chaîne,1,-1,6,0,1,1,1,0,1,110,,3,2,0,0,1,36.0,42.0,,,1,1,1,1,4
202100020013,2021-09-08 17:05:00,2021,9,8,17,5,94,94038,AUTOROUTE A6B,48.7789,2.34672,Plein jour,Hors agglomération,Hors intersection,Normale,Deux véhicules - côté,1,1,3,0,1,1,1,0,1,90,,2,1,0,0,1,54.0,29.0,,,1,1,1,1,3
202100020014,2021-09-09 09:02:00,2021,9,9,9,2,78,78322,RN12 INT,48.781239,2.168851,Plein jour,Hors agglomération,Hors intersection,Normale,Deux véhicules - arrière,2,3,6,0,1,1,1,0,1,110,,2,1,0,0,1,31.0,37.0,,,1,1,1,1,2
202100020015,2021-09-09 09:30:00,2021,9,9,9,30,78,78646,RN12 INT,48.791124,2.104646,Plein jour,Hors agglomération,Hors intersection,Pluie légère,Deux véhicules - côté,2,3,3,0,1,1,2,0,2,110,,2,1,0,0,1,22.0,41.0,,,1,1,1,2,3
202100020016,2021-09-07 08:44:00,2021,9,7,8,44,78,78640,N118,48.775798,2.222553,Plein jour,Hors agglomération,Hors intersection,Normale,Deux véhicules - arrière,2,1,2,0,1,1,1,0,1,90,,2,1,0,0,1,27.0,20.0,,,1,1,1,1,2
202100020017,2021-09-09 20:30:00,2021,9,9,20,30,93,93005,AUTOROUTE A3,48.95955,2.46548,Nuit sans éclairage public,Hors agglomération,Hors intersection,Normale,Autre collision,1,3,10,0,1,1,1,3,1,50,,1,0,0,0,1,23.0,,,,3,1,1,1,6
202100020018,2021-09-09 19:00:00,2021,9,9,19,0,93,93053,AUTOROUTE A103,48.88777,2.47254,Plein jour,Hors agglomération,Hors intersection,Normale,Sans collision,1,3,4,0,2,2,1,0,1,70,,1,0,0,0,1,54.0,,,,1,1,1,1,7
202100020019,2021-09-09 18:00:00,2021,9,9,18,0,92,92036,AUTOROUTE A86,48.9377152081,2.2968897826,Plein jour,Hors agglomération,Hors intersection,Normale,Trois véhicules et plus - en chaîne,1,3,4,0,1,1,1,0,1,90,,3,2,0,0,1,26.0,53.0,,,1,1,1,1,4
202100020020,2021-09-08 23:30:00,2021,9,8,23,30,95,95488, A15,49.02319,2.13418,Nuit sans éclairage public,Hors agglomération,Hors intersection,Pluie légère,Trois véhicules et plus - en chaîne,1,3,6,0,1,1,2,0,1,90,,3,2,0,0,1,51.0,31.0,,,3,1,1,2,4
202100020021,2021-09-08 20:00:00,2021,9,8,20,0,93,93010,AUTOROUTE A3,48.9106,2.47541,Plein jour,Hors agglomération,Hors intersection,Normale,Deux véhicules - arrière,1,3,6,0,1,1,1,0,1,90,,3,2,0,0,1,57.0,22.0,,,1,1,1,1,2
202100020022,2021-09-08 00:20:00,2021,9,8,0,20,93,93010,AUTOROUTE A3,48.91789,2.4793,Nuit avec éclairage allumé,Hors agglomération,Autre intersection,Normale,Deux véhicules - arrière,1,1,1,0,2,1,1,9,1,50,,4,1,0,0,3,31.0,,,,5,1,9,1,2