accident_id,datetime,annee,mois,jour,heure,minute,departement,commune_insee,adresse,latitude,longitude,luminosite,agglomeration,intersection,meteo,collision,catr,circ,nbv,vosp,prof,plan,surf,infra,situ,vma,nb_vehicules,nb_usagers,nb_indemnes,nb_tues,nb_blesses_hosp,nb_blesses_legers,age_cond_1,age_cond_2,veh_type_cond_1,veh_type_cond_2,lum_code,agg_code,int_code,atm_code,col_code
202100020023,2021-09-09 07:50:00,2021,9,9,7,50,94,94028,A86 EXT,48.78347,2.44071,Plein jour,Hors agglomération,Hors intersection,Normale,Deux véhicules - arrière,1,3,8,0,1,1,1,0,1,90,,2,1,0,0,1,40.0,47.0,,,1,1,1,1,2
202100020024,2021-09-05 19:50:00,2021,9,5,19,50,94,94033,A86.EXT,48.8612242569,2.4841007475,Crépuscule ou aube,Hors agglomération,Hors intersection,Normale,Trois véhicules et plus - en chaîne,1,3,4,0,1,1,1,0,1,90,,3,2,0,0,1,49.0,31.0,,,2,1,1,1,4
202100020025,2021-09-08 08:45:00,2021,9,8,8,45,77,77294,A104,48.970753,2.571728,Plein jour,Hors agglomération,Hors intersection,Temps éblouissant,Deux véhicules - côté,1,3,6,0,1,1,1,0,1,90,,1,0,0,0,1,25.0,,,,1,1,1,7,3
202100020026,2021-09-08 03:25:00,2021,9,8,3,25,94,94065,A86 INT,48.75377,2.35497,Nuit avec éclairage allumé,Hors agglomération,Hors intersection,Normale,Deux véhicules - arrière,1,3,4,0,1,1,1,0,1,90,,2,0,0,0,2,34.0,23.0,,,5,1,1,1,2
202100020027,2021-09-06 21:45:00,2021,9,6,21,45,94,94028,A86 EXT,48.7810694259,2.4414599042,Nuit avec éclairage allumé,Hors agglomération,Hors intersection,Normale,Autre collision,2,1,2,0,1,1,1,0,1,90,,2,1,0,0,1,50.0,45.0,,,5,1,1,1,6
202100020028,2021-05-25 16:40:00,2021,5,25,16,40,34,34172,CHOLET (RUE DE),43.583743,3.866563,Plein jour,En agglomération,Intersection en X,Normale,Deux véhicules - côté,4,2,2,0,1,1,1,0,1,50,,2,1,0,1,0,78.0,39.0,,,1,2,2,1,3
202100020029,2021-09-08 18:12:00,2021,9,8,18,12,26,26198,Avenue John Fitzgerald Kennedy,44.55385,4.7433,Plein jour,En agglomération,Hors intersection,Temps éblouissant,Autre collision,3,2,2,0,1,1,1,0,1,50,,2,1,0,0,1,49.0,,,,1,2,1,7,6
202100020030,2021-09-07 18:40:00,2021,9,7,18,40,11,11262,BLUM (SQUARE THERESE LEON),43.18776,3.00802,Plein jour,En agglomération,Autre intersection,Normale,Autre collision,4,1,2,0,1,1,1,9,1,50,,2,1,0,0,1,20.0,,,,1,2,9,1,6
202100020031,2021-09-07 09:20:00,2021,9,7,9,20,44,44184,MERMOZ (BOULEVARD JEAN),47.27818,-2.22716,Plein jour,En agglomération,Hors intersection,Normale,Autre collision,4,2,2,0,1,1,1,0,1,50,,2,1,0,1,0,79.0,,,,1,2,1,1,6
202100020032,2021-09-02 20:21:00,2021,9,2,20,21,75,75103,PLACE DE LA REPUBLIQUE,48.8665651184,2.3648410244,Nuit avec éclairage allumé,En agglomération,Place,Normale,Autre collision,4,2,4,0,1,1,1,0,1,50,,2,1,0,1,0,,,,,5,2,7,1,6
202100020033,2021-05-14 15:25:00,2021,5,14,15,25,23,23096,LAROCHE (AVENUE LOUIS),46.1783,1.8703,Plein jour,En agglomération,Hors intersection,Normale,Autre collision,4,2,2,0,1,1,1,0,1,50,,2,1,0,1,0,56.0,,,,1,2,1,1,6
202100020034,2021-05-22 23:55:00,2021,5,22,23,55,02,02408,RD 967,49.58973,3.62696,Nuit sans éclairage public,Hors agglomération,Hors intersection,Normale,Deux véhicules - frontale,3,3,2,0,1,1,3,0,1,80,,3,0,0,3,0,23.0,20.0,,,3,1,1,1,1
202100020035,2021-05-31 15:50:00,2021,5,31,15,50,14,14069,D519,49.134694,0.25107,Plein jour,Hors agglomération,Intersection en T,Normale,Deux véhicules - côté,3,2,2,0,1,1,1,0,1,70,,2,1,0,0,1,41.0,19.0,,,1,1,3,1,3
202100020036,2021-09-08 06:20:00,2021,9,8,6,20,974,97416,LENORMAND (CHEMIN),-21.27801,55.47141,Crépuscule ou aube,Hors agglomération,Hors intersection,Normale,Sans collision,4,2,2,0,1,3,1,9,1,50,,1,0,0,0,1,35.0,,,,2,1,1,1,7
202100020037,2021-09-07 18:00:00,2021,9,7,18,0,974,97411,PONT (RUE DU),-20.8781534165,55.4459094999,Nuit avec éclairage allumé,En agglomération,Hors intersection,Normale,Autre collision,4,2,2,0,1,1,1,0,1,50,,2,1,0,0,1,41.0,,,,5,2,1,1,6
202100020038,2021-09-06 08:00:00,2021,9,6,8,0,974,97411,montgaillard (route de),-20.89874,55.46749,Plein jour,En agglomération,Intersection en T,Normale,Deux véhicules - côté,4,2,2,0,2,1,1,5,1,50,,2,1,0,0,1,42.0,18.0,,,1,2,3,1,3
202100020039,2021-09-08 23:45:00,2021,9,8,23,45,69,69387,GUILLOTIERE (DE LA) (R),45.75105,4.84822,Nuit avec éclairage allumé,En agglomération,Intersection en X,Normale,Deux véhicules - côté,4,1,2,2,1,1,1,0,1,50,,4,3,0,0,1,37.0,37.0,,,5,2,2,1,3
202100020040,2021-09-08 20:00:00,2021,9,8,20,0,69,69388,FRERES LUMIERE (DES) (AV),45.74403,4.87044,Nuit avec éclairage allumé,En agglomération,Intersection en X,Normale,Deux véhicules - côté,4,1,2,2,1,1,1,0,1,50,,2,1,0,0,1,33.0,22.0,,,5,2,2,1,3
202100020041,2021-09-08 19:40:00,2021,9,8,19,40,69,69387,JEAN JAURES (AV),45.7343465617,4.8353952169,Plein jour,En agglomération,Hors intersection,Normale,Deux véhicules - arrière,4,2,2,2,1,1,1,0,1,50,,2,1,0,0,1,22.0,17.0,,,1,2,1,1,2
202100020042,2021-09-08 16:20:00,2021,9,8,16,20,69,69388,FRERES LUMIERE (DES) (AV),45.7452049118,4.8658860122,Plein jour,En agglomération,Hors intersection,Normale,Deux véhicules - côté,4,1,2,2,1,1,1,0,5,50,,2,1,0,0,1,52.0,26.0,,,1,2,1,1,3
202100020043,2021-09-08 18:20:00,2021,9,8,18,20,69,69149,GRANDE RUE (GR),45.71215,4.80291,Plein jour,En agglomération,Intersection en T,Normale,Autre collision,7,2,2,0,2,1,1,0,1,50,,2,1,0,0,1,39.0,,,,1,2,3,1,6
202100020044,2021-09-08 09:50:00,2021,9,8,9,50,69,69384,HERBOUVILLE (D') (CR),45.77515,4.83941,Plein jour,En agglomération,Autre intersection,Temps éblouissant,Deux véhicules - côté,4,2,4,3,1,1,1,0,1,50,,2,1,0,0,1,57.0,32.0,,,1,2,9,7,3
202100020045,2021-09-08 08:45:00,2021,9,8,8,45,69,69389,PAUL SEDAILLIAN (Q),45.78744,4.81451,Plein jour,En agglomération,Hors intersection,Normale,Autre collision,4,2,2,2,1,1,1,0,5,30,,2,1,0,0,1,,64.0,,,1,2,1,1,6
202100020046,2021-09-08 16:15:00,2021,9,8,16,15,2B,2B033,ST FLORENT-ANCIENNE RT DE,42.69256,9.4393,Plein jour,Hors agglomération,Hors intersection,Normale,Deux véhicules - arrière,3,2,2,0,2,1,1,0,1,50,,2,1,0,0,1,40.0,55.0,,,1,1,1,1,2
202100020047,2021-09-08 16:15:00,2021,9,8,16,15,2B,2B033,11 - RT,42.68979,9.44753,Plein jour,En agglomération,Hors intersection,Normale,Deux véhicules - arrière,2,2,2,0,1,2,1,0,1,50,,5,3,0,0,2,26.0,27.0,,,1,2,1,1,2
202100020048,2021-09-07 12:50:00,2021,9,7,12,50,2B,2B033,MIOT - RUE,42.69,9.45,Plein jour,En agglomération,Hors intersection,Normale,Deux véhicules - côté,3,2,1,0,1,1,1,0,1,50,,2,1,0,0,1,41.0,42.0,,,1,2,1,1,3
202100020049,2021-09-08 11:00:00,2021,9,8,11,0,971,97101,PALAIS ROYAL,16.28425,-61.49493,Plein jour,En agglomération,Hors intersection,Normale,Deux véhicules - arrière,3,2,2,0,1,1,1,0,1,70,,3,2,0,0,1,34.0,26.0,,,1,2,1,1,2
202100020050,2021-09-09 00:45:00,2021,9,9,0,45,2A,2A004,LEVIE JEAN JEROME AVENUE,41.92628,8.73858,Nuit avec éclairage allumé,Hors agglomération,Hors intersection,Normale,Deux véhicules - frontale,4,2,2,0,2,1,1,0,1,50,,2,1,0,0,1,,35.0,,,5,1,1,1,1
202100020051,2021-09-08 23:30:00,2021,9,8,23,30,95,95585,PERI (AVENUE GABRIEL ),49.0027143369,2.3734921217,Nuit avec éclairage allumé,En agglomération,Hors intersection,Pluie légère,Deux véhicules - côté,4,2,4,0,1,1,2,5,1,30,,3,0,0,0,3,38.0,21.0,,,5,2,1,2,3
202100020052,2021-09-08 17:40:00,2021,9,8,17,40,95,95424,GÉNÉRAL DE GAULLE(RUE DU),48.997438,2.194962,Plein jour,En agglomération,Hors intersection,Temps éblouissant,Autre collision,4,2,2,0,1,1,1,0,1,30,,2,1,0,0,1,30.0,,,,1,2,1,7,6
202100020053,2021-09-05 18:30:00,2021,9,5,18,30,91,91377,AV GEORGES CLEMENCEAU,48.727001,2.254397,Plein jour,En agglomération,Hors intersection,Pluie légère,Deux véhicules - côté,4,1,2,0,1,1,2,0,1,50,,2,1,0,0,1,37.0,,,,1,2,1,2,3
202100020054,2021-09-04 18:28:00,2021,9,4,18,28,88,88462,Route de Bémont,48.0360805207,6.6791376472,Plein jour,Hors agglomération,Intersection en T,Normale,Trois véhicules et plus - collisions multiples,3,2,2,0,1,1,1,0,1,80,,4,3,0,0,1,82.0,30.0,,,1,1,3,1,5
202100020055,2021-09-07 10:15:00,2021,9,7,10,15,87,87085,REVOLUTION (AVENUE DE LA),45.82592,1.25774,Plein jour,En agglomération,Intersection en X,Normale,Autre collision,4,4,3,0,1,1,1,0,1,50,,2,1,0,0,1,67.0,,,,1,2,2,1,6
202100020056,2021-09-08 08:20:00,2021,9,8,8,20,86,86158,RD 347,46.644121,0.292177,Plein jour,Hors agglomération,Hors intersection,Normale,Deux véhicules - arrière,3,2,2,0,1,1,1,0,1,70,,2,0,0,1,1,39.0,22.0,,,1,1,1,1,2
202100020057,2021-06-10 14:45:00,2021,6,10,14,45,85,85194,RUE PAUL BERT,46.52937,-1.77805,Plein jour,En agglomération,Intersection en X,Normale,Deux véhicules - côté,4,-1,2,0,1,1,1,0,1,50,,3,1,0,1,1,72.0,31.0,,,1,2,2,1,3
202100020058,2021-09-08 19:40:00,2021,9,8,19,40,83,83137,DE LATTRE DE TASSIGNY (AVE MARECHAL),43.11597,5.93774,Crépuscule ou aube,En agglomération,Autre intersection,Temps couvert,Deux véhicules - côté,4,3,4,0,1,2,1,0,1,50,,2,0,0,1,1,53.0,27.0,,,2,2,9,8,3
202100020059,2021-09-08 17:30:00,2021,9,8,17,30,83,83062,THOUAR MONTEE,43.1315758758,6.0101410698,Plein jour,En agglomération,Hors intersection,Normale,Sans collision,7,2,2,0,4,2,1,0,1,30,,2,1,0,1,0,16.0,,,,1,2,1,1,7
202100020060,2021-09-08 10:30:00,2021,9,8,10,30,83,83126,SEYNE (ROUTE DE LA),43.12052,5.85261,Plein jour,Hors agglomération,Hors intersection,Normale,Deux véhicules - côté,7,2,2,1,1,1,1,0,1,50,,3,2,0,1,0,69.0,53.0,,,1,1,1,1,3
202100020061,2021-09-07 15:15:00,2021,9,7,15,15,83,83069,TOULON RD 46 ( ROUTE DE ),43.1262542862,6.0979968309,Plein jour,En agglomération,Hors intersection,Normale,Deux véhicules - côté,7,2,2,0,1,1,1,0,1,70,,2,1,0,0,1,,18.0,,,1,2,1,1,3
202100020062,2021-09-08 11:20:00,2021,9,8,11,20,77,77464,D418,48.8849,2.70656,Plein jour,En agglomération,Intersection en Y,Normale,Deux véhicules - arrière,3,2,2,0,2,2,1,0,1,50,,2,1,0,1,0,68.0,53.0,,,1,2,4,1,2
202100020063,2021-09-08 19:10:00,2021,9,8,19,10,77,77433,D402,48.79254,3.06817,Plein jour,Hors agglomération,Intersection en T,Normale,Deux véhicules - frontale,3,2,2,0,1,1,1,0,1,80,,3,2,0,1,0,54.0,24.0,,,1,1,3,1,1
202100020064,2021-09-07 15:00:00,2021,9,7,15,0,73,73065,SAINT ANTOINE (RUE),45.568161505,5.9211668373,Plein jour,En agglomération,Intersection en T,Normale,Autre collision,4,1,3,0,1,3,1,0,1,50,,2,1,0,0,1,32.0,,,,1,2,3,1,6
202100020065,2021-09-08 11:00:00,2021,9,8,11,0,69,69266,LEON BLUM (R),45.76055,4.90477,Plein jour,En agglomération,Hors intersection,Normale,Deux véhicules - côté,4,2,4,3,1,1,1,0,1,50,,2,1,0,0,1,31.0,65.0,,,1,2,1,1,3
202100020066,2021-09-08 00:25:00,2021,9,8,0,25,69,69290,ROSES (DES) (BD),45.68633,4.94055,Nuit avec éclairage allumé,En agglomération,Hors intersection,Normale,Autre collision,4,2,2,0,1,1,1,0,3,50,,2,1,0,0,1,,,,,5,2,1,1,6
202100020067,2021-09-07 18:45:00,2021,9,7,18,45,69,69275,RIPES (DES) (CHM),45.75394,4.9733,Plein jour,Hors agglomération,Intersection en X,Temps éblouissant,Deux véhicules - côté,4,2,2,1,1,1,1,0,1,50,,2,1,0,1,0,37.0,60.0,,,1,1,2,7,3
202100020068,2021-09-08 07:45:00,2021,9,8,7,45,67,67218,LYON (RTE DE),48.53205,7.71739,Plein jour,En agglomération,Intersection en T,Temps éblouissant,Autre collision,4,2,2,0,1,1,1,0,1,50,,2,0,0,0,2,34.0,,,,1,2,3,7,6
202100020069,2021-09-07 18:35:00,2021,9,7,18,35,60,60159,D 130,49.42581,2.87672,Plein jour,Hors agglomération,Giratoire,Temps éblouissant,Deux véhicules - côté,2,2,2,0,1,1,1,0,1,80,,2,1,0,1,0,58.0,46.0,,,1,1,6,7,3
202100020070,2021-09-08 12:15:00,2021,9,8,12,15,59,59599,NATIONALE (RUE),50.724,3.1582,Plein jour,En agglomération,Hors intersection,Normale,Autre collision,4,1,1,0,1,1,1,0,1,30,,2,1,0,1,0,79.0,,,,1,2,1,1,6
202100020071,2021-09-08 09:00:00,2021,9,8,9,0,59,59512,NOTTE (RUE JEAN BAPTISTE),50.6790941349,3.1832804861,Plein jour,En agglomération,Intersection en X,Temps éblouissant,Deux véhicules - frontale,4,2,2,0,1,1,1,5,1,50,,2,1,0,0,1,40.0,49.0,,,1,2,2,7,1
202100020072,2021-09-07 19:40:00,2021,9,7,19,40,59,59009,BAUDOIN IX RUE,50.6239874475,3.1317526102,Plein jour,En agglomération,Hors intersection,Normale,Autre collision,4,2,2,0,1,1,1,0,1,50,,2,0,0,1,1,18.0,,,,1,2,1,1,6
202100020073,2021-09-08 07:55:00,2021,9,8,7,55,51,51454,Avenue Edmond Michelet,49.22577,4.02941,Plein jour,En agglomération,Intersection en X,Normale,Deux véhicules - côté,4,2,3,0,2,3,1,0,1,50,,3,2,0,0,1,46.0,62.0,,,1,2,2,1,3
202100020074,2021-09-08 15:09:00,2021,9,8,15,9,49,49267,BOIS DE L'HOPITAL,47.47279,-0.45477,Plein jour,En agglomération,Hors intersection,Normale,Deux véhicules - côté,4,2,2,0,1,1,1,0,8,50,,2,1,0,0,1,50.0,39.0,,,1,2,1,1,3
202100020075,2021-09-08 18:00:00,2021,9,8,18,0,45,45147,Rue André Dessaux,47.9273,1.89841,Plein jour,En agglomération,Intersection en X,Normale,Deux véhicules - frontale,3,2,2,0,1,1,1,5,1,50,,2,1,0,1,0,50.0,33.0,,,1,2,2,1,1
202100020076,2021-09-08 13:40:00,2021,9,8,13,40,38,38516,Rue Doyen Gosse,45.20224,5.752,Plein jour,En agglomération,Hors intersection,Normale,Sans collision,4,2,2,0,2,1,1,0,1,50,,1,0,0,0,1,17.0,,,,1,2,1,1,7
202100020077,2021-09-08 16:47:00,2021,9,8,16,47,37,37261,HOSPITALITE (RUE DE L'),47.3902660016,0.6706048719,Plein jour,En agglomération,Intersection en X,Normale,Autre collision,4,1,1,1,1,1,1,0,1,30,,2,1,0,0,1,50.0,,,,1,2,2,1,6
202100020078,2021-09-07 14:38:00,2021,9,7,14,38,37,37261,HOSPITALITE (RUE DE L'),47.3902659398,0.6706046971,Plein jour,En agglomération,Intersection en X,Normale,Deux véhicules - arrière,4,1,1,1,1,1,1,0,1,50,,3,1,0,0,2,66.0,58.0,,,1,2,2,1,2
202100020079,2021-09-08 11:00:00,2021,9,8,11,0,35,35238,PORTE DES LOGES,48.090977,-1.628911,Plein jour,Hors agglomération,Hors intersection,Normale,Trois véhicules et plus - en chaîne,2,3,4,0,1,1,1,0,1,90,,4,3,0,0,1,58.0,85.0,,,1,1,1,1,4
202100020080,2021-09-08 15:00:00,2021,9,8,15,0,33,33162,D1215,44.88691,-0.66681,Plein jour,En agglomération,Hors intersection,Normale,Trois véhicules et plus - en chaîne,4,2,1,0,1,1,1,0,1,70,,3,1,0,0,2,31.0,33.0,,,1,2,1,1,4
202100020081,2021-09-07 08:58:00,2021,9,7,8,58,32,32013,LORRAINE,43.64922,0.58837,Plein jour,En agglomération,Hors intersection,Normale,Sans collision,2,2,2,0,1,1,1,0,1,50,,2,1,0,0,1,71.0,,,,1,2,1,1,7
202100020082,2021-08-27 08:30:00,2021,8,27,8,30,22,22278,RABELAIS,48.5035325728,-2.7470532845,Plein jour,En agglomération,Hors intersection,Normale,Autre collision,4,2,2,0,1,1,1,4,1,50,,1,0,0,0,1,54.0,,,,1,2,1,1,6
202100020083,2021-09-08 19:35:00,2021,9,8,19,35,17,17291,QUATORZE JUILLET   RUE DU,46.17421,-1.11581,Crépuscule ou aube,En agglomération,Hors intersection,Normale,Deux véhicules - côté,4,2,2,0,1,1,1,0,1,30,,2,1,0,0,1,74.0,24.0,,,2,2,1,1,3
202100020084,2021-09-08 18:20:00,2021,9,8,18,20,15,15014,VIALENC (BOULEVARD DU),44.91803,2.42891,Plein jour,En agglomération,Intersection en X,Normale,Deux véhicules - frontale,3,3,4,0,1,1,1,0,1,50,,2,1,0,0,1,44.0,44.0,,,1,2,2,1,1
202100020085,2021-09-08 07:30:00,2021,9,8,7,30,13,13213,ALBERT EINSTEIN (RUE),43.3392448054,5.4389709707,Plein jour,En agglomération,Hors intersection,Normale,Deux véhicules - côté,9,2,2,0,2,1,1,0,1,50,,2,1,0,0,1,28.0,17.0,,,1,2,1,1,3
202100020086,2021-09-08 10:00:00,2021,9,8,10,0,13,13216,LITTORAL (CHEMIN DU),43.3471645769,5.3442537598,Plein jour,Hors agglomération,Hors intersection,Normale,Deux véhicules - côté,7,1,2,0,1,4,1,8,1,50,,2,1,0,0,1,45.0,54.0,,,1,1,1,1,3
202100020087,2021-09-08 09:00:00,2021,9,8,9,0,13,13201,JEAN JAURES (PLACE),43.29454,5.3856,Plein jour,En agglomération,Hors intersection,Normale,Autre collision,9,2,0,3,1,1,1,6,4,1,,2,1,0,0,1,41.0,,,,1,2,1,1,6
202100020088,2021-09-08 06:10:00,2021,9,8,6,10,13,13216,ROVE (ROUTE DU),43.35815,5.28857,Crépuscule ou aube,En agglomération,Hors intersection,Normale,Deux véhicules - côté,7,2,2,2,2,2,1,0,1,50,,2,0,0,1,1,32.0,18.0,,,2,2,1,1,3
202100020089,2021-09-08 06:10:00,2021,9,8,6,10,13,13211,MILLIERE (BOULEVARD DE LA ),43.283,5.493,Nuit avec éclairage allumé,En agglomération,Hors intersection,Normale,Deux véhicules - frontale,7,2,2,0,1,1,1,0,1,50,,1,0,0,0,1,59.0,,,,5,2,1,1,1
202100020090,2021-09-07 16:48:00,2021,9,7,16,48,10,10343,MARCEL BIDOT (RUE),48.26906,4.10898,Plein jour,En agglomération,Hors intersection,Normale,Autre collision,3,2,2,0,1,1,1,0,1,50,,2,0,0,1,1,52.0,,,,1,2,1,1,6
202100020091,2021-09-07 13:25:00,2021,9,7,13,25,10,10387,MARECHAL DE LATTRE DE TASSIGNY (RUE DU),48.304,4.09671,Plein jour,En agglomération,Hors intersection,Normale,Autre collision,4,2,2,0,1,1,1,0,1,50,,2,1,0,0,1,20.0,,,,1,2,1,1,6
202100020092,2021-09-08 17:50:00,2021,9,8,17,50,02,02304,CHEMIN DE DANIZY,49.66007,3.37162,Plein jour,En agglomération,Intersection en T,Temps éblouissant,Deux véhicules - côté,4,2,2,0,1,1,1,0,8,50,,2,1,0,1,0,18.0,22.0,,,1,2,3,7,3
202100020093,2021-09-02 17:58:00,2021,9,2,17,58,02,02738,GAMBETTA (BOULEVARD),49.653222,3.289819,Plein jour,En agglomération,Hors intersection,Normale,Sans collision,4,2,2,0,1,1,1,0,1,50,,2,1,0,1,0,60.0,,,,1,2,1,1,7
202100020094,2021-09-08 19:10:00,2021,9,8,19,10,01,01451,MARBOZ RD 996 ( ROUTE DE ) PAIR,46.28448,5.23066,Plein jour,Hors agglomération,Hors intersection,Normale,Autre collision,3,2,2,0,1,1,1,0,8,80,,1,0,1,0,0,54.0,,,,1,1,1,1,6
202100020095,2021-09-08 07:35:00,2021,9,8,7,35,75,75117,BD PERIPHERIQUE EXTERIEUR,48.89337,2.303411,Plein jour,En agglomération,Intersection en Y,Normale,Deux véhicules - arrière,4,1,4,0,1,1,1,0,1,70,,2,1,0,0,1,48.0,22.0,,,1,2,4,1,2
202100020096,2021-09-08 14:49:00,2021,9,8,14,49,75,75113,BD PERIPHERIQUE INTERIEUR,48.825791,2.386589,Plein jour,En agglomération,Hors intersection,Temps éblouissant,Trois véhicules et plus - en chaîne,4,1,5,0,1,1,1,2,1,70,,4,2,0,1,1,52.0,43.0,,,1,2,1,7,4
202100020097,2021-09-07 21:56:00,2021,9,7,21,56,75,75119,BD PERIPHERIQUE INTERIEUR,48.900353,2.384735,Nuit avec éclairage allumé,En agglomération,Hors intersection,Normale,Deux véhicules - côté,4,1,4,3,1,1,1,1,1,70,,2,1,0,1,0,,39.0,,,5,2,1,1,3
202100020098,2021-09-08 13:15:00,2021,9,8,13,15,75,75105,RUE MONGE,48.84217,2.352057,Plein jour,En agglomération,Intersection en X,Normale,Deux véhicules - arrière,4,2,3,0,2,1,1,0,1,30,,2,1,0,0,1,42.0,22.0,,,1,2,2,1,2
202100020099,2021-09-06 09:45:00,2021,9,6,9,45,75,75107,QUAI BRANLY,48.860535,2.295639,Plein jour,En agglomération,Intersection en T,Normale,Deux véhicules - arrière,4,1,2,0,1,1,1,0,1,30,,3,1,0,2,0,26.0,52.0,,,1,2,3,1,2
202100020100,2021-09-08 22:00:00,2021,9,8,22,0,75,75120,RUE MARYSE HILSZ,48.851029,2.412688,Nuit avec éclairage allumé,En agglomération,Intersection en T,Temps couvert,Deux véhicules - frontale,4,1,1,0,1,1,2,0,1,30,,2,1,0,0,1,27.0,29.0,,,5,2,3,8,1
202100020101,2021-09-08 18:50:00,2021,9,8,18,50,75,75118,PLACE DE LA CHAPELLE,48.884542,2.359282,Plein jour,En agglomération,Place,Normale,Autre collision,4,2,4,3,1,1,1,5,1,30,,2,1,0,0,1,,,,,1,2,7,1,6
202100020102,2021-09-08 13:50:00,2021,9,8,13,50,75,75118,AVENUE DE LA PORTE DE SAINT OUEN,48.900478,2.330208,Plein jour,En agglomération,Intersection en X,Normale,Deux véhicules - côté,4,1,1,0,1,1,1,0,1,30,,2,1,0,0,1,34.0,32.0,,,1,2,2,1,3
202100020103,2021-09-08 17:50:00,2021,9,8,17,50,75,75116,PLACE DE LA PORTE DE SAINT CLOUD,48.838421,2.257033,Plein jour,En agglomération,Place,Normale,Deux véhicules - côté,4,1,1,1,1,3,1,0,5,30,,2,1,0,0,1,23.0,25.0,,,1,2,7,1,3
202100020104,2021-09-08 14:15:00,2021,9,8,14,15,75,75116,AVENUE PAUL DOUMER,48.861789,2.285728,Plein jour,En agglomération,Intersection en Y,Normale,Autre collision,4,2,2,0,1,1,1,0,1,30,,2,1,0,0,1,19.0,,,,1,2,4,1,6
202100020105,2021-09-08 07:50:00,2021,9,8,7,50,75,75114,BOULEVARD JOURDAN,48.822249,2.330308,Plein jour,En agglomération,Intersection en X,Normale,Deux véhicules - côté,4,2,8,3,1,1,1,0,5,30,,2,1,0,0,1,24.0,33.0,,,1,2,2,1,3
202100020106,2021-09-08 09:00:00,2021,9,8,9,0,75,75113,BOULEVARD ARAGO,48.835045,2.346365,Plein jour,En agglomération,Intersection en T,Normale,Deux véhicules - côté,4,2,4,1,2,1,1,0,1,30,,2,1,0,0,1,61.0,22.0,,,1,2,3,1,3
202100020107,2021-09-08 08:30:00,2021,9,8,8,30,75,75112,RUE ROBERT ETLIN,48.828337,2.390403,Plein jour,En agglomération,Intersection en Y,Normale,Deux véhicules - arrière,4,1,2,0,2,3,1,0,1,50,,2,1,0,0,1,34.0,34.0,,,1,2,4,1,2
202100020108,2021-09-08 10:05:00,2021,9,8,10,5,75,75112,AVENUE LEDRU ROLLIN,48.848629,2.372542,Plein jour,En agglomération,Intersection en X,Normale,Deux véhicules - côté,4,1,2,1,1,1,1,0,5,30,,2,1,0,0,1,,29.0,,,1,2,2,1,3
202100020109,2021-09-08 22:00:00,2021,9,8,22,0,75,75111,AVENUE PHILIPPE AUGUSTE,48.85299,2.39306,Nuit avec éclairage allumé,En agglomération,Intersection en T,Pluie légère,Autre collision,4,2,2,0,1,1,2,0,1,30,,2,1,0,0,1,,,,,5,2,3,2,6
202100020110,2021-09-08 08:30:00,2021,9,8,8,30,75,75108,AVENUE DE MARIGNY,48.870258,2.31566,Plein jour,En agglomération,Hors intersection,Normale,Deux véhicules - côté,4,2,3,3,1,1,2,0,1,30,,2,1,0,0,1,32.0,37.0,,,1,2,1,1,3
202100020111,2021-09-08 21:55:00,2021,9,8,21,55,75,75107,RUE DU BAC,48.856438,2.326559,Nuit avec éclairage allumé,En agglomération,Intersection en T,Pluie légère,Deux véhicules - arrière,4,2,2,0,1,1,2,0,1,30,,2,1,0,0,1,,18.0,,,5,2,3,2,2
202100020112,2021-09-07 09:25:00,2021,9,7,9,25,75,75107,AVENUE DE SUFFREN,48.856928,2.291959,Plein jour,En agglomération,Intersection en T,Normale,Deux véhicules - côté,4,2,2,0,1,1,1,0,1,30,,2,1,0,0,1,46.0,34.0,,,1,2,3,1,3
202100020113,2021-09-08 14:35:00,2021,9,8,14,35,75,75104,QUAI DES CELESTINS,48.851953,2.361207,Plein jour,En agglomération,Hors intersection,Normale,Autre collision,4,2,1,3,1,1,1,6,1,30,,1,0,0,0,1,66.0,,,,1,2,1,1,6
202100020114,2021-09-08 11:55:00,2021,9,8,11,55,94,94080,Avenue de Paris,48.84601,2.42469,Plein jour,En agglomération,Intersection en T,Normale,Deux véhicules - côté,3,2,1,1,1,1,1,-1,1,50,,2,1,0,0,1,23.0,44.0,,,1,2,3,1,3
202100020115,2021-09-07 09:20:00,2021,9,7,9,20,94,94068,FOCH (AV),48.80518,2.48422,Plein jour,En agglomération,Hors intersection,Normale,Deux véhicules - frontale,3,2,2,0,1,1,1,2,1,30,,2,1,0,0,1,82.0,,,,1,2,1,1,1
202100020116,2021-09-08 14:10:00,2021,9,8,14,10,94,94046,Avenue du Général Leclerc,48.813772,2.426114,Plein jour,En agglomération,Hors intersection,Normale,Autre collision,3,1,2,0,1,1,1,0,1,50,,2,1,0,0,1,49.0,,,,1,2,1,1,6
202100020117,2021-09-08 07:56:00,2021,9,8,7,56,94,94003,VLADIMIR ILLITCH LENINE (AV),48.81056,2.33053,Plein jour,En agglomération,Hors intersection,Normale,Autre collision,3,1,1,1,1,1,1,0,1,50,,2,1,0,0,1,32.0,41.0,,,1,2,1,1,6
202100020118,2021-08-05 15:30:00,2021,8,5,15,30,94,94073,Rue de la Couture du Moulin,48.76326,2.38208,Plein jour,En agglomération,Hors intersection,Normale,Autre collision,4,-1,2,0,1,1,1,0,1,30,,2,1,0,0,1,36.0,,,,1,2,1,1,6
202100020119,2021-09-07 21:00:00,2021,9,7,21,0,94,94028,Avenue Pompadour,48.77405,2.43902,Nuit avec éclairage allumé,En agglomération,Autre intersection,Normale,Deux véhicules - frontale,3,-1,2,1,2,3,1,5,1,50,,2,0,0,0,2,32.0,40.0,,,5,2,9,1,1