accident_id,datetime,annee,mois,jour,heure,minute,departement,commune_insee,adresse,latitude,longitude,luminosite,agglomeration,intersection,meteo,collision,catr,circ,nbv,vosp,prof,plan,surf,infra,situ,vma,nb_vehicules,nb_usagers,nb_indemnes,nb_tues,nb_blesses_hosp,nb_blesses_legers,age_cond_1,age_cond_2,veh_type_cond_1,veh_type_cond_2,lum_code,agg_code,int_code,atm_code,col_code
202100020120,2021-09-07 09:15:00,2021,9,7,9,15,94,94028,Rue Claude Nicolas Ledoux,48.76638,2.46905,Plein jour,En agglomération,Hors intersection,Temps éblouissant,Autre collision,4,1,2,0,1,1,1,0,1,50,,2,1,0,0,1,26.0,,,,1,2,1,7,6
202100020121,2021-09-08 09:00:00,2021,9,8,9,0,94,94054,Rue du Noyer Grenot,48.74918,2.40189,Plein jour,En agglomération,Intersection en X,Normale,Sans collision,4,2,2,0,1,1,1,0,1,50,,1,0,0,1,0,34.0,,,,1,2,2,1,7
202100020122,2021-09-07 12:45:00,2021,9,7,12,45,93,93078,Boulevard Robert Ballanger / Avenue Georges Clémenceau,48.9616,2.55622,Plein jour,En agglomération,Giratoire,Normale,Deux véhicules - arrière,3,3,4,0,1,3,1,0,1,50,,2,1,0,0,1,26.0,53.0,,,1,2,6,1,2
202100020123,2021-09-08 17:10:00,2021,9,8,17,10,93,93070,CHARLES SCHMIDT(RUE) : APRES 49,48.9031,2.33386,Plein jour,En agglomération,Hors intersection,Normale,Deux véhicules - côté,4,2,2,1,1,1,1,0,1,50,,3,2,0,0,1,16.0,21.0,,,1,2,1,1,3
202100020124,2021-09-06 21:25:00,2021,9,6,21,25,93,93066,GORKI MAXIME,48.943412,2.3871,Nuit avec éclairage allumé,En agglomération,Hors intersection,Normale,Deux véhicules - côté,3,3,4,3,1,1,1,0,1,50,,2,1,0,0,1,41.0,29.0,,,5,2,1,1,3
202100020125,2021-09-08 09:50:00,2021,9,8,9,50,93,93077,Rue Robert Jumel,48.889517,2.505516,Plein jour,En agglomération,Autre intersection,Normale,Deux véhicules - côté,4,1,1,0,1,1,1,0,1,30,,2,1,0,0,1,28.0,63.0,,,1,2,9,1,3
202100020126,2021-09-08 12:10:00,2021,9,8,12,10,93,93048,Rue de Romainville,48.8702121635,2.446799127,Plein jour,En agglomération,Hors intersection,Normale,Deux véhicules - frontale,4,2,2,0,1,1,1,0,1,30,,2,1,0,0,1,24.0,44.0,,,1,2,1,1,1
202100020127,2021-09-08 22:30:00,2021,9,8,22,30,93,93027,PASTEUR (BOULEVARD) DE 1 A 39,48.92,2.38306,Nuit avec éclairage allumé,En agglomération,Intersection en X,Pluie légère,Deux véhicules - frontale,3,3,2,0,1,1,2,0,1,50,,2,1,0,0,1,33.0,28.0,,,5,2,2,2,1
202100020128,2021-09-08 17:20:00,2021,9,8,17,20,93,93030,Avenue du Marechal Leclerc de Hautecloque,48.94151,2.42101,Plein jour,En agglomération,Hors intersection,Normale,Deux véhicules - arrière,3,2,1,0,1,1,1,0,1,50,,2,1,0,0,1,60.0,45.0,,,1,2,1,1,2
202100020129,2021-09-07 14:30:00,2021,9,7,14,30,93,93027,Avenue Paul Vaillant Couturier,48.92779,2.41834,Plein jour,En agglomération,Hors intersection,Normale,Deux véhicules - arrière,3,2,2,0,1,1,1,5,1,50,,4,3,0,0,1,,34.0,,,1,2,1,1,2
202100020130,2021-09-07 13:45:00,2021,9,7,13,45,93,93047,Avenue de Clichy-sous-Bois / Rue Picasso,48.9045142809,2.5603682252,Plein jour,En agglomération,Intersection en T,Normale,Deux véhicules - frontale,4,3,2,0,1,1,1,0,1,50,,2,1,0,0,1,30.0,40.0,,,1,2,3,1,1
202100020131,2021-09-08 18:45:00,2021,9,8,18,45,93,93005,Avenue de la Gare de l’Abbaye,48.923628,2.514231,Plein jour,En agglomération,Hors intersection,Normale,Deux véhicules - côté,4,2,2,0,1,1,1,0,1,50,,2,1,0,0,1,25.0,40.0,,,1,2,1,1,3
202100020132,2021-09-08 14:00:00,2021,9,8,14,0,92,92064,PORTE JAUNE,48.84176,2.19923,Plein jour,En agglomération,Intersection en T,Normale,Deux véhicules - côté,3,2,2,0,1,1,1,0,1,50,,2,1,0,0,1,52.0,11.0,,,1,2,3,1,3
202100020133,2021-09-07 23:40:00,2021,9,7,23,40,92,92051,"PERRONET (RUE, N°1 A 91 ET 2 A 108)",48.884667,2.27641,Nuit avec éclairage allumé,En agglomération,Hors intersection,Normale,Autre collision,4,1,1,0,1,1,1,0,1,50,,2,1,0,0,1,52.0,,,,5,2,1,1,6
202100020134,2021-09-08 18:45:00,2021,9,8,18,45,92,92050,PONS NOEL RUE,48.9083323397,2.2291121259,Plein jour,En agglomération,Intersection en T,Normale,Deux véhicules - côté,4,2,0,0,1,1,1,0,1,50,,3,2,0,0,1,53.0,14.0,,,1,2,3,1,3
202100020135,2021-09-08 17:30:00,2021,9,8,17,30,92,92040,VICTOR CRESSON (AVENUE) DU 29 AU 77,48.8215454028,2.2628325723,Plein jour,En agglomération,Hors intersection,Normale,Deux véhicules - arrière,3,1,2,0,1,1,1,0,1,30,,2,1,0,0,1,46.0,49.0,,,1,2,1,1,2
202100020136,2021-09-08 11:40:00,2021,9,8,11,40,92,92019,SIMIAND FRANCOIS (PLACE),48.7634308285,2.259337306,Plein jour,En agglomération,Hors intersection,Normale,Autre collision,4,1,1,0,1,2,1,0,1,30,,2,1,0,1,0,70.0,,,,1,2,1,1,6
202100020137,2021-09-07 18:00:00,2021,9,7,18,0,83,83058,Route de Salernes,43.535767,6.391312,Plein jour,En agglomération,Hors intersection,Normale,Autre collision,3,2,2,0,2,1,1,9,1,50,,2,1,0,0,1,64.0,,,,1,2,1,1,6
202100020138,2021-09-08 16:30:00,2021,9,8,16,30,86,86007,carrefour de la D1 et du C1,46.846532,0.534564,Plein jour,En agglomération,Intersection en T,Pluie légère,Deux véhicules - frontale,3,2,2,0,1,1,2,0,3,80,,3,1,0,2,0,91.0,24.0,,,1,2,3,2,1
202100020139,2021-09-09 16:30:00,2021,9,9,16,30,91,91390,D145,48.311678,2.07448,Plein jour,Hors agglomération,Hors intersection,Normale,Deux véhicules - frontale,3,2,2,0,1,1,1,0,1,-1,,2,0,0,1,1,60.0,57.0,,,1,1,1,1,1
202100020140,2021-09-09 07:34:00,2021,9,9,7,34,91,91533,Rue Jean Moulin,48.362683,2.12321,Plein jour,En agglomération,Intersection en T,Normale,Autre collision,3,2,2,0,2,1,1,0,1,50,,2,0,2,0,0,76.0,,,,1,2,3,1,6
202100020141,2021-09-08 20:50:00,2021,9,8,20,50,76,76202,D12,49.790425,1.379026,Nuit sans éclairage public,Hors agglomération,Hors intersection,Normale,Sans collision,3,2,2,0,1,1,1,0,3,80,,1,0,0,1,0,64.0,,,,3,1,1,1,7
202100020142,2021-09-08 18:50:00,2021,9,8,18,50,58,58002,D14,47.448785,3.050183,Plein jour,Hors agglomération,Hors intersection,Normale,Deux véhicules - frontale,3,2,2,0,1,3,1,0,1,80,,3,0,1,1,1,20.0,40.0,,,1,1,1,1,1
202100020143,2021-09-09 15:50:00,2021,9,9,15,50,58,58303,Autoroute A77 échangeur n°33 sens NEVERS-PARIS,47.035693,3.145995,Plein jour,Hors agglomération,Hors intersection,Temps couvert,Sans collision,1,1,1,3,2,2,1,3,3,90,,2,0,0,2,0,64.0,,,,1,1,1,8,7
202100020144,2021-09-08 11:00:00,2021,9,8,11,0,22,22175,La Ville Es Guilheux,48.450272,-2.373004,Plein jour,Hors agglomération,Hors intersection,Normale,Sans collision,3,2,2,0,2,1,1,0,3,80,,1,0,0,1,0,24.0,,,,1,1,1,1,7
202100020145,2021-09-08 20:30:00,2021,9,8,20,30,04,04033,RD 900 B,44.443547,6.351385,Nuit sans éclairage public,Hors agglomération,Intersection en T,Normale,Deux véhicules - côté,3,2,2,0,1,2,1,0,1,70,,2,0,0,1,1,38.0,47.0,,,3,1,3,1,3
202100020146,2021-09-09 08:45:00,2021,9,9,8,45,51,51612,D38,48.9481500774,3.9896787386,Plein jour,Hors agglomération,Hors intersection,Normale,Sans collision,3,2,2,0,2,3,2,0,3,80,,1,0,0,0,1,22.0,,,,1,1,1,1,7
202100020147,2021-09-07 11:38:00,2021,9,7,11,38,2B,2B346,Campore,42.499971,9.451182,Plein jour,En agglomération,Intersection en Y,Normale,Sans collision,3,-1,2,0,3,1,9,0,1,50,,1,0,0,0,1,43.0,,,,1,2,4,1,7
202100020148,2021-09-07 18:10:00,2021,9,7,18,10,80,80661,Rue de Villers Bocage,49.980302,2.340174,Plein jour,Hors agglomération,Hors intersection,Temps éblouissant,Deux véhicules - frontale,4,2,2,0,1,3,1,0,1,80,,2,1,0,1,0,44.0,25.0,,,1,1,1,7,1
202100020149,2021-09-03 08:05:00,2021,9,3,8,5,80,80316,7 Rue de Villers,50.005133,2.264554,Plein jour,En agglomération,Hors intersection,Normale,Autre collision,3,2,2,0,1,1,1,0,1,50,,2,1,0,1,0,27.0,,,,1,2,1,1,6
202100020150,2021-09-08 17:37:00,2021,9,8,17,37,80,80026,D29,49.881625,1.82152,Plein jour,Hors agglomération,Intersection en Y,Normale,Deux véhicules - frontale,3,3,2,0,1,2,1,0,1,80,,5,2,0,1,2,26.0,64.0,,,1,1,4,1,1
202100020151,2021-09-08 07:00:00,2021,9,8,7,0,68,68179,35 Rue du Château,47.752563924,7.0149502158,Plein jour,En agglomération,Intersection en T,Normale,Autre collision,3,2,2,0,2,3,1,0,3,80,,1,0,0,0,1,23.0,,,,1,2,3,1,6
202100020152,2021-09-08 21:40:00,2021,9,8,21,40,39,39295,,46.483448,5.466038,Nuit avec éclairage allumé,Hors agglomération,Intersection en X,Normale,Deux véhicules - côté,3,2,2,0,1,1,1,0,1,80,,3,0,0,1,2,18.0,52.0,,,5,1,2,1,3
202100020153,2021-08-25 09:21:00,2021,8,25,9,21,31,31451,D1,43.465755,1.984054,Plein jour,En agglomération,Hors intersection,Normale,Autre collision,3,2,2,0,1,1,1,0,1,70,,2,1,0,1,0,89.0,,,,1,2,1,1,6
202100020154,2021-09-09 11:45:00,2021,9,9,11,45,50,50639,56 Rue Jules Tétrel,48.841429,-1.2271,Plein jour,En agglomération,Hors intersection,Temps couvert,Autre collision,3,2,2,0,2,1,1,0,1,50,,2,1,0,1,0,33.0,,,,1,2,1,8,6
202100020155,2021-08-25 16:40:00,2021,8,25,16,40,90,90009,Rue Frédéric Japy,47.484961,6.921306,Plein jour,En agglomération,Hors intersection,Normale,Deux véhicules - côté,3,2,2,0,1,1,1,0,1,50,,2,1,0,1,0,32.0,29.0,,,1,2,1,1,3
202100020156,2021-09-08 17:15:00,2021,9,8,17,15,60,60471,Rue d Orroire,49.571477,3.017194,Plein jour,En agglomération,Hors intersection,Normale,Autre collision,3,2,2,0,1,1,1,0,1,50,,2,1,0,0,1,31.0,,,,1,2,1,1,6
202100020157,2021-08-25 18:55:00,2021,8,25,18,55,43,43216,Avenue Pierre Julien,45.132233,3.815619,Plein jour,En agglomération,Intersection en X,Normale,Deux véhicules - côté,3,2,2,0,1,1,1,0,1,50,,3,2,0,1,0,52.0,28.0,,,1,2,2,1,3
202100020158,2021-09-08 02:30:00,2021,9,8,2,30,24,24527,Voie communale,45.272599,0.905739,Nuit sans éclairage public,Hors agglomération,Hors intersection,Normale,Autre collision,3,2,2,0,2,3,1,0,8,80,,2,0,0,1,1,19.0,,,,3,1,1,1,6
202100020159,2021-09-08 13:30:00,2021,9,8,13,30,27,27490,D6014,49.261251,1.548901,Plein jour,Hors agglomération,Hors intersection,Normale,Deux véhicules - frontale,3,2,2,0,1,1,1,0,1,80,,2,0,1,0,1,25.0,32.0,,,1,1,1,1,1
202100020160,2021-09-08 16:00:00,2021,9,8,16,0,17,17385,33 Rue de la Liberation,45.945791,-1.313596,Plein jour,En agglomération,Hors intersection,Normale,Sans collision,4,2,2,0,1,2,1,0,4,30,,1,0,0,1,0,45.0,,,,1,2,1,1,7
202100020161,2021-08-15 18:00:00,2021,8,15,18,0,17,17132,D262,46.223315,-0.73705,Plein jour,Hors agglomération,Hors intersection,Normale,Sans collision,3,2,2,0,1,1,1,0,3,80,,1,0,0,1,0,79.0,,,,1,1,1,1,7
202100020162,2021-08-27 15:50:00,2021,8,27,15,50,48,48144,RD 40 - Intersection La Fabrègue - HLM,44.178086,3.744637,Plein jour,En agglomération,Intersection en T,Normale,Deux véhicules - côté,3,2,2,-1,1,3,1,0,1,50,,3,1,0,1,1,44.0,55.0,,,1,2,3,1,3
202100020163,2021-09-09 09:08:00,2021,9,9,9,8,88,88530,général patch,48.045045,6.40231,Plein jour,En agglomération,Giratoire,Normale,Autre collision,3,2,2,0,1,3,1,5,1,50,,2,1,1,0,0,34.0,,,,1,2,6,1,6
202100020164,2021-09-08 12:15:00,2021,9,8,12,15,10,10216,Autoroute A26,48.670363,4.170154,Plein jour,Hors agglomération,Hors intersection,Normale,Deux véhicules - arrière,1,3,4,0,2,3,1,8,1,130,,2,1,0,1,0,38.0,67.0,,,1,1,1,1,2
202100020165,2021-09-09 01:15:00,2021,9,9,1,15,63,63181,A 71 PR 359+700-basculement,46.016266,3.118551,Nuit sans éclairage public,Hors agglomération,Autre intersection,Normale,Trois véhicules et plus - collisions multiples,1,2,2,0,2,3,1,8,1,50,,4,1,0,0,3,38.0,46.0,,,3,1,9,1,5
202100020166,2021-09-08 07:29:00,2021,9,8,7,29,44,44069,D233-MIROUX,47.355368,-2.432925,Crépuscule ou aube,Hors agglomération,Intersection en T,Normale,Deux véhicules - côté,3,2,2,0,1,2,1,0,1,50,,2,1,0,1,0,17.0,51.0,,,2,1,3,1,3
202100020167,2021-09-08 15:25:00,2021,9,8,15,25,49,49244,RD751,47.368282,-0.828824,Plein jour,Hors agglomération,Intersection en T,Normale,Sans collision,3,2,2,0,2,1,1,0,1,80,,1,0,0,0,1,46.0,,,,1,1,3,1,7
202100020168,2021-09-05 05:45:00,2021,9,5,5,45,51,51172,A4,49.2106070004,4.0521344665,Crépuscule ou aube,Hors agglomération,Hors intersection,Normale,Sans collision,1,3,4,0,1,1,1,2,1,90,,4,1,0,1,2,28.0,,,,2,1,1,1,7
202100020169,2021-09-05 19:00:00,2021,9,5,19,0,74,74118,"A 40, sens geneve-chamonix",46.170975,6.241479,Plein jour,Hors agglomération,Hors intersection,Normale,Deux véhicules - arrière,1,1,3,0,2,3,1,0,1,130,,3,2,0,0,1,62.0,23.0,,,1,1,1,1,2
202100020170,2021-09-04 17:35:00,2021,9,4,17,35,76,76484,A13 - VOIE D'INSERTION,49.3395993919,1.0711884499,Plein jour,Hors agglomération,Hors intersection,Normale,Trois véhicules et plus - en chaîne,1,4,2,0,1,1,1,3,2,90,,4,2,0,0,2,59.0,21.0,,,1,1,1,1,4
202100020171,2021-06-21 08:10:00,2021,6,21,8,10,62,62731,A2,50.07856,3.024331,Plein jour,Hors agglomération,Hors intersection,Normale,Sans collision,1,2,4,0,1,1,1,8,3,130,,2,1,1,0,0,19.0,,,,1,1,1,1,7
202100020172,2021-09-09 12:55:00,2021,9,9,12,55,974,97420,RN2 - PK 25 + 850,-20.932813,55.634969,Plein jour,Hors agglomération,Hors intersection,Normale,Deux véhicules - frontale,2,3,2,0,1,1,1,0,8,110,,1,0,1,0,0,29.0,,,,1,1,1,1,1
202100020173,2021-09-09 10:58:00,2021,9,9,10,58,971,97125,Lieu Dit Seze,16.251769,-61.28736,Plein jour,En agglomération,Giratoire,Normale,Deux véhicules - frontale,2,1,2,0,2,2,1,5,1,50,,2,1,0,1,0,79.0,22.0,,,1,2,6,1,1
202100020174,2021-09-08 14:00:00,2021,9,8,14,0,971,97125,croisement route de bebet / route de cocoyer,16.273511,-61.26895,Plein jour,En agglomération,Intersection en X,Normale,Deux véhicules - côté,4,2,2,0,1,1,1,0,1,70,,2,1,0,1,0,37.0,27.0,,,1,2,2,1,3
202100020175,2021-09-08 19:15:00,2021,9,8,19,15,971,97107,RN1 - Panga,16.108782,-61.570784,Nuit sans éclairage public,Hors agglomération,Hors intersection,Normale,Deux véhicules - côté,2,2,3,0,3,1,1,0,1,80,,2,1,1,0,0,44.0,20.0,,,3,1,1,1,3
202100020176,2021-09-08 19:40:00,2021,9,8,19,40,37,37003,D31,47.4031698429,1.0184101116,Crépuscule ou aube,En agglomération,Giratoire,Pluie légère,Autre collision,3,2,2,0,1,2,2,5,4,80,,2,1,0,1,0,22.0,,,,2,2,6,2,6
202100020177,2021-09-08 07:45:00,2021,9,8,7,45,45,45315,chemin des chataigniers,47.754102,2.360607,Plein jour,Hors agglomération,Hors intersection,Autre,Deux véhicules - arrière,4,2,2,0,1,2,1,0,8,50,,2,1,0,1,0,54.0,49.0,,,1,1,1,9,2
202100020178,2021-09-08 08:20:00,2021,9,8,8,20,34,34023,Avenue Pasteur,43.437441,3.676777,Plein jour,En agglomération,Intersection en T,Normale,Deux véhicules - côté,4,2,2,0,1,1,1,0,1,50,,2,1,0,0,1,55.0,47.0,,,1,2,3,1,3
202100020179,2021-09-08 08:30:00,2021,9,8,8,30,13,13097,D 27,43.645982,4.804866,Plein jour,En agglomération,Giratoire,Normale,Deux véhicules - côté,3,1,1,0,1,3,1,0,1,50,,2,1,0,1,0,28.0,44.0,,,1,2,6,1,3
202100020180,2021-09-08 16:00:00,2021,9,8,16,0,13,13059,D15,43.658123,5.497885,Plein jour,Hors agglomération,Hors intersection,Normale,Deux véhicules - côté,7,2,2,0,2,2,1,2,1,-1,,2,1,0,1,0,31.0,58.0,,,1,1,1,1,3
202100020181,2021-09-09 02:45:00,2021,9,9,2,45,26,26165,Autoroute A7,44.784158,4.829854,Nuit sans éclairage public,Hors agglomération,Hors intersection,Normale,Autre collision,1,3,5,0,1,1,1,0,2,130,,1,0,0,0,1,45.0,,,,3,1,1,1,6
202100020182,2021-09-07 09:30:00,2021,9,7,9,30,67,67205,72 Rue de la Wantzenau,48.694888,7.786379,Plein jour,En agglomération,Hors intersection,Normale,Deux véhicules - arrière,3,3,2,0,1,3,1,0,4,50,,2,1,0,1,0,48.0,86.0,,,1,2,1,1,2
202100020183,2021-09-09 00:30:00,2021,9,9,0,30,26,26313,LACRA,44.964377,4.958707,Nuit sans éclairage public,Hors agglomération,Hors intersection,Normale,Autre collision,2,3,4,0,1,3,1,3,3,110,,1,0,0,1,0,59.0,,,,3,1,1,1,6
202100020184,2021-09-07 23:30:00,2021,9,7,23,30,07,07324,120 Avenue du 8 Mai 1945,45.054082,4.835686,Nuit avec éclairage non allumé,En agglomération,Hors intersection,Normale,Autre collision,4,2,2,0,1,1,1,0,1,50,,1,0,0,0,1,23.0,,,,4,2,1,1,6
202100020185,2021-09-08 19:15:00,2021,9,8,19,15,69,69171,BREVENNE (DE LA) (Q),45.805619,4.596212,Crépuscule ou aube,Hors agglomération,Hors intersection,Normale,Sans collision,3,2,2,0,1,2,1,0,4,80,,1,0,0,0,1,53.0,,,,2,1,1,1,7
202100020186,2021-09-08 17:45:00,2021,9,8,17,45,69,69204,CHARLY (DE) (RTE),45.682255,4.793928,Plein jour,En agglomération,Giratoire,Normale,Deux véhicules - côté,7,-1,1,0,1,1,1,0,1,50,,2,1,0,0,1,74.0,28.0,,,1,2,6,1,3
202100020187,2021-09-08 19:25:00,2021,9,8,19,25,33,33412,Route de Lussan,45.299626,-0.84816,Plein jour,Hors agglomération,Hors intersection,Normale,Autre collision,3,2,2,0,1,2,1,0,3,80,,2,0,0,2,0,41.0,,,,1,1,1,1,6
202100020188,2021-09-06 08:33:00,2021,9,6,8,33,85,85092,Place de l Ouillette,46.463393,-0.79328,Plein jour,En agglomération,Autre intersection,Normale,Autre collision,3,1,2,0,1,3,1,0,1,50,,2,1,0,0,1,57.0,,,,1,2,9,1,6
202100020189,2021-09-08 17:10:00,2021,9,8,17,10,29,29238,"RD 355- Lieu-dit ""Keraguennec""",48.310102,-4.569025,Plein jour,Hors agglomération,Hors intersection,Normale,Sans collision,3,2,2,0,3,2,1,0,3,80,,1,0,0,1,0,27.0,,,,1,1,1,1,7
202100020190,2021-09-08 19:45:00,2021,9,8,19,45,29,29042,Lesvrez,48.282593,-4.553661,Plein jour,Hors agglomération,Hors intersection,Normale,Deux véhicules - frontale,4,2,1,0,1,3,1,0,1,-1,,2,0,0,1,1,44.0,55.0,,,1,1,1,1,1
202100020191,2021-09-08 16:40:00,2021,9,8,16,40,62,62318,ROUTE DÉPARTEMENTALE 939,50.50659,1.668602,Plein jour,Hors agglomération,Hors intersection,Normale,Deux véhicules - arrière,3,2,2,0,1,1,1,0,1,80,,2,1,0,1,0,17.0,72.0,,,1,1,1,1,2
202100020192,2021-07-27 23:30:00,2021,7,27,23,30,69,69385,M6   453.400 A 455.000,45.7584638582,4.812156558,Nuit avec éclairage allumé,Hors agglomération,Hors intersection,Normale,Deux véhicules - côté,7,1,2,0,1,1,1,1,1,70,,2,1,0,0,1,23.0,18.0,,,5,1,1,1,3
202100020193,2021-09-08 08:16:00,2021,9,8,8,16,33,33550,ROCADE A 630,44.78023,-0.57675,Plein jour,Hors agglomération,Hors intersection,Pluie légère,Deux véhicules - côté,1,3,6,0,1,1,2,0,1,90,,2,1,0,0,1,19.0,41.0,,,1,1,1,2,3
202100020194,2021-09-07 13:30:00,2021,9,7,13,30,33,33122,AUTOROUTE A 63,44.754132,-0.689002,Plein jour,Hors agglomération,Hors intersection,Normale,Deux véhicules - arrière,1,3,4,0,1,1,1,0,1,130,,2,1,0,0,1,54.0,25.0,,,1,1,1,1,2
202100020195,2021-09-05 20:15:00,2021,9,5,20,15,33,33090,AUTOROUTE A 63,44.771985,-0.6582,Plein jour,Hors agglomération,Hors intersection,Normale,Deux véhicules - arrière,1,3,4,0,1,1,1,0,1,110,,2,1,0,0,1,21.0,60.0,,,1,1,1,1,2
202100020196,2021-09-06 17:55:00,2021,9,6,17,55,59,59155,AUTOROUTE A16,51.0188080059,2.4037373142,Plein jour,Hors agglomération,Hors intersection,Normale,Sans collision,1,1,5,0,1,3,1,0,1,110,,1,0,0,0,1,36.0,,,,1,1,1,1,7
202100020197,2021-09-07 12:15:00,2021,9,7,12,15,59,59159,AUTOROUTE A16,50.9718944675,2.2215663456,Plein jour,Hors agglomération,Hors intersection,Normale,Trois véhicules et plus - collisions multiples,1,3,4,0,1,1,1,0,1,110,,4,3,0,1,0,45.0,55.0,,,1,1,1,1,5
202100020198,2021-09-08 14:45:00,2021,9,8,14,45,94,94076,AUTOROUTE A6B,48.79203,2.34478,Plein jour,Hors agglomération,Hors intersection,Normale,Deux véhicules - côté,1,3,6,0,1,1,1,0,1,110,,3,1,0,0,2,20.0,39.0,,,1,1,1,1,3
202100020199,2021-09-08 09:25:00,2021,9,8,9,25,91,91570,RN 104,48.62527,2.30944,Plein jour,Hors agglomération,Hors intersection,Normale,Trois véhicules et plus - en chaîne,2,3,2,0,1,1,1,0,1,110,,3,2,0,0,1,26.0,25.0,,,1,1,1,1,4
202100020200,2021-09-08 08:38:00,2021,9,8,8,38,91,91377,AUTOROUTE A10,48.71562,2.29069,Plein jour,Hors agglomération,Hors intersection,Normale,Deux véhicules - côté,1,1,2,0,1,1,1,0,1,70,,2,1,0,0,1,46.0,43.0,,,1,1,1,1,3
202100020201,2021-09-07 04:10:00,2021,9,7,4,10,91,91377,RD 444,48.727033,2.244234,Nuit sans éclairage public,Hors agglomération,Hors intersection,Normale,Trois véhicules et plus - collisions multiples,3,2,2,0,2,2,1,0,1,70,,4,1,0,0,3,18.0,49.0,,,3,1,1,1,5
202100020202,2021-09-08 08:40:00,2021,9,8,8,40,78,78646,RN12,48.792043,2.094368,Plein jour,Hors agglomération,Hors intersection,Normale,Deux véhicules - côté,2,1,3,0,1,1,1,0,1,110,,2,1,0,0,1,23.0,26.0,,,1,1,1,1,3
202100020203,2021-09-08 08:30:00,2021,9,8,8,30,92,92050,A86,48.9043911734,2.2073453665,Plein jour,Hors agglomération,Hors intersection,Normale,Deux véhicules - côté,1,3,4,0,1,1,1,0,1,90,,2,1,0,0,1,24.0,48.0,,,1,1,1,1,3
202100020204,2021-09-07 23:30:00,2021,9,7,23,30,78,78423,RN12 INT,48.798767,1.998624,Nuit sans éclairage public,Hors agglomération,Hors intersection,Normale,Deux véhicules - arrière,2,1,2,0,1,1,1,0,1,90,,2,1,0,1,0,,28.0,,,3,1,1,1,2
202100020205,2021-09-08 08:20:00,2021,9,8,8,20,93,93066,AUTOROUTE A1,48.93006,2.36415,Plein jour,Hors agglomération,Hors intersection,Normale,Deux véhicules - côté,1,3,10,0,1,1,1,0,1,90,,2,1,0,0,1,40.0,23.0,,,1,1,1,1,3
202100020206,2021-09-05 01:10:00,2021,9,5,1,10,94,94018,A4,48.8176262494,2.4173841935,Nuit sans éclairage public,Hors agglomération,Hors intersection,Normale,Trois véhicules et plus - en chaîne,1,1,5,0,1,1,1,0,1,90,,4,2,0,0,2,43.0,34.0,,,3,1,1,1,4
202100020207,2021-09-04 23:00:00,2021,9,4,23,0,94,94018,A4,48.81768,2.41582,Nuit sans éclairage public,Hors agglomération,Hors intersection,Normale,Autre collision,1,-1,4,0,1,1,1,0,1,90,,7,3,0,0,4,33.0,46.0,,,3,1,1,1,6
202100020208,2021-09-04 21:35:00,2021,9,4,21,35,94,94017,A4,48.83022,2.49573,Nuit sans éclairage public,Hors agglomération,Hors intersection,Normale,Autre collision,1,-1,3,0,1,1,1,0,1,90,,3,2,0,0,1,,29.0,,,3,1,1,1,6
202100020209,2021-09-08 01:20:00,2021,9,8,1,20,33,33063,Rue des Frères Bonie,44.83662,-0.58036,Nuit avec éclairage allumé,En agglomération,Hors intersection,Normale,Autre collision,4,-1,0,3,1,1,1,0,6,50,,2,1,0,1,0,51.0,,,,5,2,1,1,6
202100020210,2021-09-07 06:40:00,2021,9,7,6,40,976,97611,m'tsapere-Maeventana (rue),-12.78828,45.22046,Plein jour,En agglomération,Hors intersection,Normale,Autre collision,4,2,2,0,2,1,1,0,1,50,,2,1,0,0,1,,,,,1,2,1,1,6
202100020211,2021-09-07 08:05:00,2021,9,7,8,5,54,54395,SAINT EPVRE (Rue et Place),48.6961167858,6.179294427,Plein jour,En agglomération,Hors intersection,Normale,Autre collision,4,2,1,0,1,1,1,0,1,30,,2,1,0,0,1,55.0,,,,1,2,1,1,6
202100020212,2021-09-07 09:30:00,2021,9,7,9,30,33,33009,Boulevard Pierre loti,44.65346,-1.14582,Plein jour,En agglomération,Hors intersection,Normale,Autre collision,4,1,1,0,1,1,1,0,4,50,,2,1,0,0,1,24.0,,,,1,2,1,1,6
202100020213,2021-09-06 16:45:00,2021,9,6,16,45,59,59017,LEBLEU (RUE JULES ),50.6868352773,2.8704424202,Plein jour,En agglomération,Hors intersection,Normale,Autre collision,7,2,2,0,1,1,1,0,1,50,,2,1,0,1,0,44.0,,,,1,2,1,1,6
202100020214,2021-09-06 19:30:00,2021,9,6,19,30,38,38151,RUE NICEPHORE NIEPCE,45.13886,5.71687,Plein jour,En agglomération,Hors intersection,Normale,Deux véhicules - frontale,4,-1,2,0,1,1,1,0,1,50,,2,1,0,0,1,,,,,1,2,1,1,1
202100020215,2021-09-02 09:30:00,2021,9,2,9,30,77,77479,RUE CONSTANT MELET,48.8733,2.6401,Plein jour,En agglomération,Giratoire,Normale,Autre collision,4,1,1,0,1,1,1,0,1,50,,2,1,0,1,0,70.0,,,,1,2,6,1,6
202100020216,2021-08-27 20:27:00,2021,8,27,20,27,28,28085,BAUDIN (RUE DU DOCTEUR),48.4523167176,1.4841411012,Plein jour,En agglomération,Intersection en T,Normale,Autre collision,4,1,2,0,1,1,1,0,1,30,,2,1,0,0,1,21.0,,,,1,2,3,1,6