accident_id,datetime,annee,mois,jour,heure,minute,departement,commune_insee,adresse,latitude,longitude,luminosite,agglomeration,intersection,meteo,collision,catr,circ,nbv,vosp,prof,plan,surf,infra,situ,vma,nb_vehicules,nb_usagers,nb_indemnes,nb_tues,nb_blesses_hosp,nb_blesses_legers,age_cond_1,age_cond_2,veh_type_cond_1,veh_type_cond_2,lum_code,agg_code,int_code,atm_code,col_code
202100020217,2021-05-10 07:50:00,2021,5,10,7,50,76,76305,CANAL BOSSIERE (ROUTE DU),49.49701,0.19925,Plein jour,En agglomération,Hors intersection,Normale,Deux véhicules - frontale,4,2,2,0,1,1,1,0,1,50,,2,1,0,1,0,55.0,30.0,,,1,2,1,1,1
202100020218,2021-06-01 18:20:00,2021,6,1,18,20,77,77067,D.346,48.55871,2.59863,Plein jour,Hors agglomération,Hors intersection,Normale,Deux véhicules - côté,3,2,2,0,1,1,1,0,1,70,,2,1,0,1,0,53.0,26.0,,,1,1,1,1,3
202100020219,2021-09-07 18:30:00,2021,9,7,18,30,974,97411,MOUFIA (ROUTE DE),-20.9065982563,55.4892101884,Nuit avec éclairage allumé,En agglomération,Intersection en T,Pluie légère,Deux véhicules - côté,3,2,2,0,2,1,1,8,1,50,,2,1,0,0,1,54.0,43.0,,,5,2,3,2,3
202100020220,2021-09-07 15:50:00,2021,9,7,15,50,974,97411,VIERGE (CHEMIN DE LA),-20.89926,55.46966,Plein jour,En agglomération,Hors intersection,Normale,Deux véhicules - côté,4,2,2,0,2,1,1,0,1,50,,2,1,0,0,1,30.0,,,,1,2,1,1,3
202100020221,2021-09-07 07:30:00,2021,9,7,7,30,974,97411,LORY LES BAS (RUE),-20.89487,55.48166,Plein jour,En agglomération,Hors intersection,Normale,Autre collision,4,1,1,0,1,1,1,0,1,30,,2,1,0,0,1,48.0,,,,1,2,1,1,6
202100020222,2021-09-06 15:10:00,2021,9,6,15,10,974,97407,COMMUNE DE PARIS (AVENUE),-20.94,55.29,Plein jour,En agglomération,Hors intersection,Normale,Deux véhicules - frontale,4,1,2,0,1,1,1,5,1,30,,3,2,0,0,1,51.0,,,,1,2,1,1,1
202100020223,2021-09-06 07:25:00,2021,9,6,7,25,974,97407,OWENS JAMES,-20.93515,55.32022,Plein jour,Hors agglomération,Hors intersection,Normale,Deux véhicules - côté,4,2,2,0,2,1,1,0,1,50,,2,1,0,0,1,59.0,27.0,,,1,1,1,1,3
202100020224,2021-09-05 18:10:00,2021,9,5,18,10,974,97407,SACRE COEUR (RD POINT) -RIV. DES GALETS ,-20.956122,55.3121924,Crépuscule ou aube,En agglomération,Giratoire,Normale,Deux véhicules - côté,2,2,2,0,1,1,1,0,1,50,,2,1,0,0,1,17.0,31.0,,,2,2,6,1,3
202100020225,2021-09-07 15:00:00,2021,9,7,15,0,973,97302,UNIVERSITE CHICAGO (RUE DE),4.9350641282,-52.2983987332,Plein jour,En agglomération,Hors intersection,Normale,Deux véhicules - côté,4,2,2,0,1,1,1,0,1,50,,3,2,0,0,1,22.0,23.0,,,1,2,1,1,3
202100020226,2021-09-08 01:45:00,2021,9,8,1,45,69,69386,VAUBAN (R),45.7648,4.84277,Nuit avec éclairage allumé,En agglomération,Intersection en X,Autre,Deux véhicules - côté,4,1,1,2,1,1,1,0,1,30,,5,2,0,0,3,22.0,40.0,,,5,2,2,9,3
202100020227,2021-09-08 00:00:00,2021,9,8,0,0,69,69382,BELLECOUR (PL),45.7565,4.8332,Nuit avec éclairage allumé,En agglomération,Intersection en T,Normale,Deux véhicules - frontale,4,2,3,2,1,2,1,0,1,30,,3,2,0,0,1,24.0,24.0,,,5,2,3,1,1
202100020228,2021-09-06 12:15:00,2021,9,6,12,15,69,69384,JOSEPH GILLET (Q),45.77559,4.81042,Plein jour,En agglomération,Intersection en T,Normale,Deux véhicules - côté,4,2,4,2,1,1,1,0,5,50,,2,1,0,0,1,80.0,18.0,,,1,2,3,1,3
202100020229,2021-09-07 19:00:00,2021,9,7,19,0,91,91347,RUE DU DOC DARIER,48.64437,2.29761,Plein jour,En agglomération,Hors intersection,Normale,Deux véhicules - côté,3,2,2,1,1,1,1,0,1,30,,3,2,0,0,1,30.0,54.0,,,1,2,1,1,3
202100020230,2021-09-07 08:45:00,2021,9,7,8,45,91,91421,NATIONALE 6 (GLACIERE),48.70899,2.44197,Plein jour,En agglomération,Hors intersection,Normale,Deux véhicules - arrière,2,1,1,0,1,1,1,0,8,50,,3,2,0,0,1,30.0,31.0,,,1,2,1,1,2
202100020231,2021-09-07 06:15:00,2021,9,7,6,15,91,91421,NATIONALE 6 (PARTIE FORET),48.68949,2.47513,Nuit sans éclairage public,Hors agglomération,Hors intersection,Normale,Deux véhicules - côté,2,1,2,0,1,1,1,0,1,90,,2,1,0,0,1,61.0,21.0,,,3,1,1,1,3
202100020232,2021-09-07 10:55:00,2021,9,7,10,55,91,91589,RUE CHARLES ROSSIGNOL,48.675569,2.355334,Plein jour,En agglomération,Hors intersection,Normale,Autre collision,3,2,2,0,1,1,1,0,1,50,,2,1,0,0,1,34.0,,,,1,2,1,1,6
202100020233,2021-09-07 09:00:00,2021,9,7,9,0,91,91589,BD ARISTIDE BRIAND,48.687095,2.353918,Plein jour,En agglomération,Hors intersection,Normale,Autre collision,3,2,2,0,1,1,1,0,1,50,,2,1,0,0,1,48.0,,,,1,2,1,1,6
202100020234,2021-09-06 18:34:00,2021,9,6,18,34,87,87085,GORDINI ( RUE AMEDEE),45.894,1.28107,Plein jour,En agglomération,Giratoire,Normale,Deux véhicules - côté,4,1,4,0,1,2,1,5,1,50,,2,1,0,0,1,24.0,25.0,,,1,2,6,1,3
202100020235,2021-09-06 15:55:00,2021,9,6,15,55,87,87085,DUTREIX (RUE ARMAND),45.83095,1.2434,Plein jour,En agglomération,Hors intersection,Normale,Autre collision,4,2,2,0,1,1,1,0,1,50,,3,2,0,0,1,19.0,,,,1,2,1,1,6
202100020236,2021-09-05 04:45:00,2021,9,5,4,45,87,87085,BENEDICTINS (AVENUE DES),45.83225,1.26465,Nuit avec éclairage allumé,En agglomération,Intersection en X,Normale,Autre collision,4,3,4,0,2,1,1,5,1,50,,2,1,0,0,1,31.0,,,,5,2,2,1,6
202100020237,2021-09-04 03:15:00,2021,9,4,3,15,87,87085,LECLERC (AVENUE DU GENERAL),45.84452,1.2599,Nuit avec éclairage allumé,En agglomération,Intersection en T,Normale,Autre collision,4,2,3,0,1,1,1,0,1,50,,2,0,0,0,2,25.0,,,,5,2,3,1,6
202100020238,2021-09-03 19:55:00,2021,9,3,19,55,87,87085,BEL AIR (BOULEVARD DE),45.81996,1.24935,Plein jour,En agglomération,Hors intersection,Normale,Autre collision,4,3,4,0,2,1,1,0,1,50,,1,0,0,0,1,19.0,,,,1,2,1,1,6
202100020239,2021-09-06 13:40:00,2021,9,6,13,40,86,86194,Avenue du Plateau des Glières,46.601663,0.324226,Plein jour,En agglomération,Intersection en X,Normale,Deux véhicules - côté,3,4,3,0,1,1,1,0,1,50,,2,1,0,0,1,17.0,18.0,,,1,2,2,1,3
202100020240,2021-09-01 10:50:00,2021,9,1,10,50,84,84080,D942,44.046275244,4.9913361669,Plein jour,Hors agglomération,Autre intersection,Normale,Deux véhicules - côté,3,-1,2,0,1,1,1,0,1,80,,3,1,0,1,1,70.0,68.0,,,1,1,9,1,3
202100020241,2021-09-07 15:40:00,2021,9,7,15,40,82,82121,LABAT (RUE DU DOCTEUR),44.0225825771,1.348347648,Plein jour,En agglomération,Intersection en X,Normale,Deux véhicules - côté,3,2,-1,0,1,1,1,0,1,50,,2,1,0,1,0,17.0,49.0,,,1,2,2,1,3
202100020242,2021-09-06 20:06:00,2021,9,6,20,6,80,80021,ROBERT SCHUMAN (RUE),49.90751,2.30241,Crépuscule ou aube,En agglomération,Hors intersection,Normale,Autre collision,4,2,3,0,1,1,1,0,1,50,,2,1,0,0,1,,,,,2,2,1,1,6
202100020243,2021-09-04 14:50:00,2021,9,4,14,50,80,80021,QUATORZE JUILLET 1789 (AVENUE DU),49.88055,2.28418,Plein jour,En agglomération,Hors intersection,Normale,Deux véhicules - frontale,3,-1,4,0,1,1,1,0,1,50,,3,1,0,0,2,35.0,27.0,,,1,2,1,1,1
202100020244,2021-09-03 13:50:00,2021,9,3,13,50,80,80489,HENRI BARBUSSE (RUE),49.86947,2.35986,Plein jour,En agglomération,Hors intersection,Normale,Autre collision,4,-1,0,1,1,1,1,0,5,30,,2,1,0,0,1,23.0,,,,1,2,1,1,6
202100020245,2021-09-02 22:00:00,2021,9,2,22,0,80,80379,CHEMIN DE GLISY,49.86714,2.3782,Nuit avec éclairage allumé,En agglomération,Hors intersection,Normale,Deux véhicules - frontale,6,-1,-1,1,1,1,1,0,1,30,,3,1,0,0,2,20.0,29.0,,,5,2,1,1,1
202100020246,2021-09-07 21:20:00,2021,9,7,21,20,78,78551,ALGER (D'),48.900775,2.085375,Crépuscule ou aube,En agglomération,Intersection en X,Normale,Deux véhicules - côté,4,1,1,0,1,1,1,0,1,50,,3,2,0,1,0,29.0,41.0,,,2,2,2,1,3
202100020247,2021-09-07 08:45:00,2021,9,7,8,45,78,78650,LORRAINE (AVENUE DU),48.88287,2.12464,Crépuscule ou aube,En agglomération,Intersection en Y,Normale,Autre collision,4,-1,2,0,1,2,1,0,1,50,,2,1,0,0,1,33.0,,,,2,2,4,1,6
202100020248,2021-09-07 21:18:00,2021,9,7,21,18,77,77462,D83,49.00633,2.66346,Nuit sans éclairage public,Hors agglomération,Hors intersection,Normale,Deux véhicules - arrière,3,2,2,0,1,1,1,0,1,80,,2,1,1,0,0,68.0,27.0,,,3,1,1,1,2
202100020249,2021-09-03 18:05:00,2021,9,3,18,5,77,77495,D306,48.56125,2.63366,Plein jour,Hors agglomération,Hors intersection,Normale,Deux véhicules - côté,3,2,3,1,1,1,1,0,1,50,,2,1,0,1,0,44.0,53.0,,,1,1,1,1,3
202100020250,2021-09-07 21:35:00,2021,9,7,21,35,76,76157,CANAL. RUE DU (CD 51),49.4602047155,1.0431905463,Nuit avec éclairage allumé,En agglomération,Intersection en T,Normale,Trois véhicules et plus - collisions multiples,7,2,2,0,1,2,1,0,1,50,,3,1,0,0,2,22.0,38.0,,,5,2,3,1,5
202100020251,2021-09-06 18:15:00,2021,9,6,18,15,76,76351,GENERAL FERRIE (AVENUE),49.50352,0.17941,Plein jour,Hors agglomération,Intersection en Y,Normale,Deux véhicules - arrière,4,2,2,0,2,2,1,0,1,50,,3,0,0,0,3,35.0,34.0,,,1,1,4,1,2
202100020252,2021-09-04 15:50:00,2021,9,4,15,50,76,76351,FRILEUSE (AVENUE DE),49.509089,0.146709,Plein jour,En agglomération,Intersection en X,Normale,Deux véhicules - côté,4,2,2,0,2,1,1,4,6,50,,2,0,0,0,2,43.0,51.0,,,1,2,2,1,3
202100020253,2021-07-14 06:10:00,2021,7,14,6,10,76,76351,SAINTE ADRESSE (DE),49.49895,0.09433,Plein jour,En agglomération,Hors intersection,Normale,Deux véhicules - arrière,4,2,2,0,1,1,1,0,1,50,,3,2,0,0,1,35.0,20.0,,,1,2,1,1,2
202100020254,2021-09-07 11:45:00,2021,9,7,11,45,74,74012,MOLE (RUE DU),46.1979210627,6.2362189292,Plein jour,En agglomération,Intersection en T,Normale,Deux véhicules - frontale,4,2,2,0,1,1,1,0,1,50,,2,1,0,0,1,41.0,41.0,,,1,2,3,1,1
202100020255,2021-09-07 11:25:00,2021,9,7,11,25,74,74012,ETREMBIERES (ROUTE D'),46.18367,6.23089,Plein jour,En agglomération,Intersection en T,Normale,Deux véhicules - côté,3,2,2,0,1,3,1,2,1,50,,3,1,0,0,2,81.0,17.0,,,1,2,3,1,3
202100020256,2021-09-06 12:55:00,2021,9,6,12,55,74,74012,ANNEXION (RUE DE L'),46.18624,6.23769,Plein jour,En agglomération,Intersection en T,Normale,Deux véhicules - côté,4,2,2,0,1,1,1,0,1,50,,2,1,0,0,1,21.0,82.0,,,1,2,3,1,3
202100020257,2021-09-06 10:25:00,2021,9,6,10,25,74,74305,SAINT-HUBERT (IMPASSE),46.2014336839,6.2597406242,Plein jour,En agglomération,Hors intersection,Normale,Autre collision,4,2,2,0,2,3,1,0,1,50,,2,1,0,0,1,31.0,,,,1,2,1,1,6
202100020258,2021-09-06 18:15:00,2021,9,6,18,15,72,72181,LEFAUCHEUX PIERRE (BD),47.968305,0.17321,Plein jour,En agglomération,Hors intersection,Normale,Deux véhicules - côté,4,2,3,1,1,1,1,0,5,50,,2,1,0,0,1,36.0,36.0,,,1,2,1,1,3
202100020259,2021-09-07 11:50:00,2021,9,7,11,50,71,71153,MONTVALTIN (Avenue),46.79466,4.44901,Plein jour,En agglomération,Giratoire,Normale,Deux véhicules - arrière,3,1,1,0,1,1,1,0,1,50,,2,1,0,0,1,28.0,66.0,,,1,2,6,1,2
202100020260,2021-09-07 18:15:00,2021,9,7,18,15,69,69290,GRANDE RUE (R),45.69731,4.94412,Plein jour,En agglomération,Hors intersection,Temps éblouissant,Deux véhicules - côté,4,2,2,0,3,1,1,6,1,30,,2,1,0,1,0,32.0,23.0,,,1,2,1,7,3
202100020261,2021-09-07 15:00:00,2021,9,7,15,0,69,69271,CHARLES DE GAULLE (BD),45.73866,4.93531,Plein jour,En agglomération,Intersection en T,Normale,Deux véhicules - côté,7,2,6,0,1,1,1,0,1,70,,2,1,0,0,1,43.0,39.0,,,1,2,3,1,3
202100020262,2021-09-06 21:00:00,2021,9,6,21,0,69,69290,GRENOBLE (DE) (RTE),45.707345505,4.9866235256,Nuit avec éclairage allumé,En agglomération,Intersection en X,Normale,Deux véhicules - côté,7,2,6,0,1,1,1,5,1,50,,6,1,0,2,3,21.0,45.0,,,5,2,2,1,3
202100020263,2021-09-06 18:20:00,2021,9,6,18,20,69,69266,JULES GRANDCLEMENT (PL),45.758706855,4.8869610067,Plein jour,En agglomération,Hors intersection,Temps éblouissant,Autre collision,4,2,2,0,1,1,1,0,1,50,,3,1,0,1,1,25.0,,,,1,2,1,7,6
202100020264,2021-09-06 10:15:00,2021,9,6,10,15,69,69290,CITE BERLIET (DE LA) (BD),45.70477,4.91559,Plein jour,En agglomération,Intersection en X,Normale,Deux véhicules - côté,4,2,4,0,2,1,1,0,1,70,,3,2,0,0,1,25.0,39.0,,,1,2,2,1,3
202100020265,2021-09-07 10:00:00,2021,9,7,10,0,64,64102,MAI 1945 (AVENUE DU 8),43.46297,-1.49577,Plein jour,En agglomération,Hors intersection,Normale,Deux véhicules - côté,3,2,2,0,1,2,1,0,1,30,,2,1,0,0,1,70.0,41.0,,,1,2,1,1,3
202100020266,2021-09-06 21:30:00,2021,9,6,21,30,63,63113,BLATIN/Berthelot,45.77632,3.07333,Nuit avec éclairage allumé,En agglomération,Intersection en X,Normale,Deux véhicules - côté,7,1,2,0,1,1,1,0,1,50,,3,1,0,0,2,18.0,28.0,,,5,2,2,1,3
202100020267,2021-09-04 21:17:00,2021,9,4,21,17,63,63113,ROTONDE / Blatin,45.76944,3.09097,Nuit avec éclairage allumé,En agglomération,Intersection en X,Normale,Deux véhicules - côté,4,1,2,0,1,1,1,0,1,50,,2,1,0,0,1,,18.0,,,5,2,2,1,3
202100020268,2021-09-04 00:02:00,2021,9,4,0,2,63,63113,ETATS-UNIS (AVENUE DES),45.77972,3.08192,Nuit avec éclairage allumé,En agglomération,Hors intersection,Normale,Autre collision,4,2,2,3,1,1,2,0,6,50,,1,0,0,0,1,18.0,,,,5,2,1,1,6
202100020269,2021-09-04 21:04:00,2021,9,4,21,4,63,63113,HERMITAGE (RUE DE L')/parking mac do,45.7642630423,3.1278929114,Nuit avec éclairage allumé,En agglomération,Hors intersection,Normale,Deux véhicules - côté,4,2,2,0,1,1,1,0,1,50,,2,1,0,0,1,29.0,30.0,,,5,2,1,1,3
202100020270,2021-09-03 11:45:00,2021,9,3,11,45,63,63019,M769 Gagarine /curie M54b,45.79169,3.16524,Plein jour,En agglomération,Intersection en T,Normale,Deux véhicules - côté,7,2,3,3,1,1,1,0,1,50,,2,1,1,0,0,89.0,29.0,,,1,2,3,1,3
202100020271,2021-09-02 16:59:00,2021,9,2,16,59,63,63113,METZ / Vénérable,45.78132,3.09805,Plein jour,En agglomération,Intersection en X,Normale,Deux véhicules - côté,4,1,1,0,1,1,1,0,1,30,,2,0,0,0,2,37.0,20.0,,,1,2,2,1,3
202100020272,2021-09-01 10:37:00,2021,9,1,10,37,63,63113,LAMARTINE (RUE),45.77771,3.08089,Plein jour,En agglomération,Hors intersection,Normale,Autre collision,4,1,2,0,1,1,1,0,1,50,,2,1,0,0,1,72.0,49.0,,,1,2,1,1,6
202100020273,2021-09-07 20:09:00,2021,9,7,20,9,59,59512,QUINT (RUE CHARLES),50.6848657047,3.1712856889,Plein jour,En agglomération,Hors intersection,Normale,Autre collision,4,2,2,0,1,1,1,0,1,50,,2,1,0,0,1,30.0,,,,1,2,1,1,6
202100020274,2021-09-04 14:28:00,2021,9,4,14,28,57,57757,ROOSEVELT (RUE DU PRESIDENT) - PAIR,49.34759,6.1948,Plein jour,En agglomération,Hors intersection,Normale,Autre collision,4,2,2,0,1,1,1,0,1,50,,2,1,0,0,1,29.0,,,,1,2,1,1,6
202100020275,2021-09-06 16:58:00,2021,9,6,16,58,57,57283,GARE (RUE DE LA),49.25285,6.16477,Plein jour,En agglomération,Hors intersection,Normale,Sans collision,4,1,1,0,1,1,1,0,1,50,,1,0,0,1,0,64.0,,,,1,2,1,1,7
202100020276,2021-09-06 11:45:00,2021,9,6,11,45,56,56098,LANN-SEVELIN (ROND POINT DE),47.77748,-3.34463,Plein jour,En agglomération,Giratoire,Normale,Deux véhicules - côté,3,3,4,0,1,1,1,5,1,30,,2,1,0,0,1,54.0,59.0,,,1,2,6,1,3
202100020277,2021-09-07 18:09:00,2021,9,7,18,9,54,54395,BLANDAN (IMPASSE ET RUE DU SGT),48.67263,6.17241,Plein jour,En agglomération,Hors intersection,Normale,Deux véhicules - côté,4,1,2,3,1,1,1,0,1,50,,4,3,0,0,1,19.0,42.0,,,1,2,1,1,3
202100020278,2021-09-06 17:16:00,2021,9,6,17,16,54,54395,Boulevard du 26e Régiment d’Infanterie,48.6988756004,6.1876271801,Plein jour,En agglomération,Hors intersection,Normale,Deux véhicules - arrière,4,2,4,2,1,1,1,-1,1,50,,2,1,0,0,1,35.0,22.0,,,1,2,1,1,2
202100020279,2021-09-06 09:55:00,2021,9,6,9,55,51,51454,Rue Clovis Chezel,49.2415999633,4.0352492439,Plein jour,En agglomération,Intersection en X,Normale,Deux véhicules - côté,4,2,2,0,1,1,1,0,1,50,,2,1,0,0,1,73.0,79.0,,,1,2,2,1,3
202100020280,2021-09-05 12:15:00,2021,9,5,12,15,50,50173,FAURE (RUE),49.6431,-1.64674,Plein jour,En agglomération,Intersection en T,Normale,Deux véhicules - côté,4,-1,2,0,4,1,1,0,1,50,,2,1,0,0,1,51.0,26.0,,,1,2,3,1,3
202100020281,2021-09-02 18:30:00,2021,9,2,18,30,49,49099,MAURIAC(RUE FRANCOIS),47.05782,-0.8875,Plein jour,En agglomération,Giratoire,Normale,Deux véhicules - arrière,4,1,1,0,1,2,1,0,1,50,,2,1,0,0,1,56.0,58.0,,,1,2,6,1,2
202100020282,2021-09-07 19:42:00,2021,9,7,19,42,49,49007,SAINT JACQUES,47.47383,-0.5755,Plein jour,En agglomération,Intersection en X,Normale,Deux véhicules - frontale,4,2,2,0,1,1,1,0,1,50,,2,1,0,1,0,26.0,32.0,,,1,2,2,1,1
202100020283,2021-09-02 16:39:00,2021,9,2,16,39,49,49007,FARCY PLACE,47.47347,-0.57736,Plein jour,En agglomération,Hors intersection,Normale,Deux véhicules - côté,4,2,2,0,1,1,1,0,1,50,,2,1,0,0,1,26.0,22.0,,,1,2,1,1,3
202100020284,2021-09-06 19:30:00,2021,9,6,19,30,46,46042,ROQUEBILIERE (COTE DE),44.4372,1.410882,Plein jour,En agglomération,Autre intersection,Normale,Sans collision,3,2,2,0,3,1,1,0,3,50,,2,1,1,0,0,60.0,,,,1,2,9,1,7
202100020285,2021-09-07 07:30:00,2021,9,7,7,30,45,45285,CHAINGY (CHEMIN DE),47.90189,1.86759,Plein jour,En agglomération,Hors intersection,Normale,Deux véhicules - frontale,4,1,2,0,1,1,1,0,4,50,,2,1,0,0,1,26.0,50.0,,,1,2,1,1,1
202100020286,2021-09-06 14:50:00,2021,9,6,14,50,37,37122,CUGNOT (RUE JOSEPH),47.3416054493,0.6297449277,Plein jour,En agglomération,Hors intersection,Normale,Deux véhicules - côté,4,2,2,0,1,1,1,0,1,50,,2,0,0,0,2,57.0,22.0,,,1,2,1,1,3
202100020287,2021-09-06 11:09:00,2021,9,6,11,9,37,37214,DE GAULLE (BD CHARLES),47.4264308896,0.6553866562,Plein jour,En agglomération,Giratoire,Normale,Autre collision,4,3,4,0,1,1,1,0,1,50,,2,1,0,0,1,25.0,61.0,,,1,2,6,1,6
202100020288,2021-09-07 12:00:00,2021,9,7,12,0,35,35278,RD 437,48.13724,-1.69338,Plein jour,Hors agglomération,Hors intersection,Normale,Trois véhicules et plus - en chaîne,7,1,2,0,2,1,1,3,1,50,,3,2,0,0,1,26.0,19.0,,,1,1,1,1,4
202100020289,2021-09-07 10:00:00,2021,9,7,10,0,35,35238,VILLEBOIS MAREUIL (BD),48.10388,-1.64995,Plein jour,En agglomération,Giratoire,Normale,Autre collision,4,3,4,1,1,3,1,0,1,50,,2,1,0,1,0,73.0,,,,1,2,6,1,6
202100020290,2021-09-07 09:10:00,2021,9,7,9,10,34,34172,PIC SAINT LOUP (AVENUE DU),43.63888,3.85065,Plein jour,En agglomération,Intersection en T,Normale,Deux véhicules - côté,4,2,2,0,2,1,1,5,1,50,,2,1,0,1,0,43.0,21.0,,,1,2,3,1,3
202100020291,2021-09-07 09:55:00,2021,9,7,9,55,33,33522,Cours de la Libération,44.79271,-0.60512,Plein jour,En agglomération,Intersection en X,Normale,Deux véhicules - côté,4,2,7,1,2,1,1,0,5,50,,2,1,0,1,0,62.0,26.0,,,1,2,2,1,3
202100020292,2021-09-07 06:03:00,2021,9,7,6,3,33,33281,Avenue du Château d’Eau,44.85279,-0.64635,Nuit avec éclairage allumé,En agglomération,Hors intersection,Normale,Autre collision,4,2,2,0,1,1,1,0,1,50,,2,1,0,0,1,,,,,5,2,1,1,6
202100020293,2021-09-06 23:00:00,2021,9,6,23,0,33,33063,Cours de la Marne,44.82941,-0.56592,Nuit avec éclairage allumé,En agglomération,Hors intersection,Normale,Deux véhicules - arrière,4,2,3,3,2,1,1,0,1,50,,2,1,0,0,1,,32.0,,,5,2,1,1,2
202100020294,2021-09-06 12:00:00,2021,9,6,12,0,33,33281,Rue Alfred de Musset,44.8387246654,-0.6259356043,Plein jour,En agglomération,Intersection en X,Normale,Autre collision,4,2,2,2,1,1,1,0,8,50,,2,1,1,0,0,56.0,,,,1,2,2,1,6
202100020295,2021-09-06 00:40:00,2021,9,6,0,40,33,33063,Quai de la Douane,44.8408,-0.5691,Nuit avec éclairage allumé,En agglomération,Hors intersection,Normale,Autre collision,4,2,4,0,1,1,1,0,1,50,,2,1,0,1,0,27.0,,,,5,2,1,1,6
202100020296,2021-09-06 17:45:00,2021,9,6,17,45,31,31555,AV JEAN CHAUBET,43.6051915478,1.4795333147,Plein jour,En agglomération,Hors intersection,Normale,Autre collision,7,2,2,0,4,1,1,0,1,50,,2,1,0,0,1,59.0,,,,1,2,1,1,6
202100020297,2021-09-07 15:20:00,2021,9,7,15,20,30,30007,ANDUZE (AVE),44.11336,4.07999,Plein jour,En agglomération,Intersection en T,Normale,Deux véhicules - frontale,4,2,2,0,1,1,1,0,1,50,,3,2,0,0,1,19.0,32.0,,,1,2,3,1,1
202100020298,2021-09-07 08:00:00,2021,9,7,8,0,29,29232,Rue de Juniville,47.99562,-4.099976,Plein jour,En agglomération,Hors intersection,Normale,Deux véhicules - arrière,4,2,3,0,1,1,1,0,1,50,,2,1,0,0,1,21.0,27.0,,,1,2,1,1,2
202100020299,2021-09-07 09:19:00,2021,9,7,9,19,29,29232,D365 - Avenue du Morbihan,47.97951,-4.07847,Plein jour,Hors agglomération,Hors intersection,Normale,Deux véhicules - arrière,3,3,4,0,1,1,1,0,1,110,,2,1,0,0,1,29.0,49.0,,,1,1,1,1,2
202100020300,2021-09-07 15:57:00,2021,9,7,15,57,29,29039,Menez Kernao.,47.9103888181,-3.904043197,Plein jour,Hors agglomération,Hors intersection,Normale,Trois véhicules et plus - en chaîne,3,2,2,0,1,1,1,0,1,80,,5,3,0,0,2,20.0,23.0,,,1,1,1,1,4
202100020301,2021-08-30 14:14:00,2021,8,30,14,14,29,29019,Boulevard de l’Europe,48.41317,-4.49232,Plein jour,En agglomération,Intersection en X,Normale,Autre collision,4,2,4,0,1,1,1,0,1,50,,2,1,0,0,1,52.0,,,,1,2,2,1,6
202100020302,2021-09-07 14:55:00,2021,9,7,14,55,27,27229,SEMARD (RUE PIERRE),49.0163,1.16228,Plein jour,En agglomération,Hors intersection,Normale,Sans collision,4,2,2,0,2,3,1,0,4,50,,1,0,0,0,1,28.0,,,,1,2,1,1,7
202100020303,2021-09-07 08:15:00,2021,9,7,8,15,27,27299,PAGNOL (RUE MARCEL),49.0436360972,1.1576142988,Plein jour,En agglomération,Hors intersection,Normale,Deux véhicules - côté,4,2,2,0,1,1,1,0,1,50,,4,1,0,0,3,38.0,26.0,,,1,2,1,1,3
202100020304,2021-09-07 10:08:00,2021,9,7,10,8,14,14118,Boulevard Raymond Poincaré,49.1675,-0.3368,Plein jour,En agglomération,Giratoire,Normale,Autre collision,4,2,2,0,1,3,1,5,4,50,,1,0,0,1,0,,,,,1,2,6,1,6
202100020305,2021-09-07 08:18:00,2021,9,7,8,18,14,14327,CD N° 515 (ROUTE DE OUISTREHAM),49.1996,-0.32688,Plein jour,Hors agglomération,Hors intersection,Normale,Trois véhicules et plus - en chaîne,3,3,4,0,1,1,1,0,1,90,,3,2,0,0,1,54.0,20.0,,,1,1,1,1,4
202100020306,2021-09-07 07:50:00,2021,9,7,7,50,14,14341,FALAISE (ROUTE DE),49.14583,-0.3489,Plein jour,Hors agglomération,Hors intersection,Normale,Sans collision,2,1,4,0,1,1,1,0,1,50,,1,0,0,0,1,36.0,,,,1,1,1,1,7
202100020307,2021-09-07 19:30:00,2021,9,7,19,30,13,13209,ROY D'ESPAGNE (CHEMIN),43.24167,5.39729,Plein jour,En agglomération,Giratoire,Normale,Deux véhicules - côté,4,1,1,0,2,1,1,0,1,50,,2,1,0,0,1,15.0,,,,1,2,6,1,3
202100020308,2021-09-07 18:20:00,2021,9,7,18,20,13,13211,LOUIS REGIS (RUE),43.28856,5.49908,Plein jour,En agglomération,Intersection en X,Normale,Deux véhicules - frontale,7,2,4,0,1,1,1,0,1,50,,2,1,0,0,1,44.0,68.0,,,1,2,2,1,1
202100020309,2021-09-07 16:20:00,2021,9,7,16,20,13,13211,VALBARELLE (BOULEVARD DE LA ),43.2876285694,5.4484478195,Plein jour,En agglomération,Hors intersection,Normale,Deux véhicules - frontale,4,3,-1,0,1,1,1,0,1,50,,2,1,0,0,1,45.0,21.0,,,1,2,1,1,1
202100020310,2021-09-07 07:30:00,2021,9,7,7,30,13,13209,VALLON DE TOULOUSE (RUE),43.2675066948,5.4216286042,Plein jour,En agglomération,Hors intersection,Normale,Trois véhicules et plus - en chaîne,4,2,2,0,1,1,1,0,1,50,,1,0,0,0,1,20.0,,,,1,2,1,1,4
202100020311,2021-09-07 03:20:00,2021,9,7,3,20,13,13208,TUNNEL PRADO SUD,43.28,5.39,Nuit avec éclairage allumé,En agglomération,Hors intersection,Normale,Deux véhicules - arrière,5,1,1,0,1,1,1,0,1,50,,3,1,0,0,2,48.0,,,,5,2,1,1,2
202100020312,2021-09-06 18:10:00,2021,9,6,18,10,10,10325,EGALITE (RUE DE L'),48.26588,4.06025,Plein jour,En agglomération,Hors intersection,Normale,Autre collision,3,2,2,0,1,1,1,0,1,50,,3,2,0,0,1,25.0,,,,1,2,1,1,6
202100020313,2021-09-06 07:35:00,2021,9,6,7,35,10,10333,ROCADE OUEST (RD 610),48.2735,4.04688,Plein jour,En agglomération,Hors intersection,Normale,Deux véhicules - arrière,3,1,0,0,1,1,1,0,1,90,,2,1,0,0,1,57.0,43.0,,,1,2,1,1,2