accident_id,datetime,annee,mois,jour,heure,minute,departement,commune_insee,adresse,latitude,longitude,luminosite,agglomeration,intersection,meteo,collision,catr,circ,nbv,vosp,prof,plan,surf,infra,situ,vma,nb_vehicules,nb_usagers,nb_indemnes,nb_tues,nb_blesses_hosp,nb_blesses_legers,age_cond_1,age_cond_2,veh_type_cond_1,veh_type_cond_2,lum_code,agg_code,int_code,atm_code,col_code
202100020314,2021-09-06 10:10:00,2021,9,6,10,10,08,08409,ALLENDE (RUE DU PT SALVADOR),49.69595,4.94214,Plein jour,En agglomération,Autre intersection,Temps éblouissant,Autre collision,6,-1,0,0,1,1,1,9,8,50,,2,1,1,0,0,22.0,,,,1,2,9,7,6
202100020315,2021-09-07 10:40:00,2021,9,7,10,40,06,06088,GIOFFREDO (R.),43.702151,7.2765,Plein jour,En agglomération,Intersection en X,Normale,Deux véhicules - côté,4,1,1,1,1,1,1,0,1,50,,3,1,0,0,2,29.0,32.0,,,1,2,2,1,3
202100020316,2021-09-07 13:00:00,2021,9,7,13,0,06,06069,ORME (CHEMIN DE L'),43.654095,6.942179,Plein jour,En agglomération,Hors intersection,Normale,Deux véhicules - arrière,4,1,1,0,2,1,1,0,1,50,,2,1,0,0,1,18.0,,,,1,2,1,1,2
202100020317,2021-09-07 14:47:00,2021,9,7,14,47,06,06029,ALSACE ( BOULEVARD D'),43.553813,7.025051,Plein jour,En agglomération,Hors intersection,Normale,Deux véhicules - côté,3,1,2,0,1,1,1,0,1,50,,2,0,0,0,2,47.0,57.0,,,1,2,1,1,3
202100020318,2021-09-07 07:50:00,2021,9,7,7,50,06,06027,ZIEM AVENUE,43.66594,7.16704,Plein jour,En agglomération,Hors intersection,Normale,Deux véhicules - frontale,4,2,2,0,1,1,1,0,1,50,,3,2,0,0,1,21.0,58.0,,,1,2,1,1,1
202100020319,2021-09-07 17:20:00,2021,9,7,17,20,04,04112,Rue Léon Mure,43.831472,5.77875,Plein jour,En agglomération,Hors intersection,Normale,Deux véhicules - arrière,4,2,2,0,2,1,1,0,1,50,,3,2,0,0,1,34.0,25.0,,,1,2,1,1,2
202100020320,2021-09-07 11:55:00,2021,9,7,11,55,04,04112,RD 5 / Bd Ernest Esclangon,43.8381,5.78033,Plein jour,En agglomération,Intersection en X,Normale,Deux véhicules - côté,3,2,2,0,1,1,1,0,1,30,,2,1,0,0,1,72.0,61.0,,,1,2,2,1,3
202100020321,2021-09-06 12:55:00,2021,9,6,12,55,01,01053,MERCIER (AVENUE AMEDEE DU 1AU 54),46.2042,5.24072,Plein jour,En agglomération,Hors intersection,Normale,Deux véhicules - côté,4,2,2,2,1,1,1,0,4,50,,2,1,0,0,1,27.0,29.0,,,1,2,1,1,3
202100020322,2021-09-07 08:06:00,2021,9,7,8,6,75,75119,AVENUE DE FLANDRE,48.889665,2.37537,Plein jour,En agglomération,Hors intersection,Normale,Deux véhicules - arrière,4,1,3,0,1,1,1,0,1,30,,2,1,0,0,1,31.0,61.0,,,1,2,1,1,2
202100020323,2021-09-07 22:50:00,2021,9,7,22,50,75,75116,AVENUE DE LA GRANDE ARMEE,48.875803,2.288685,Nuit avec éclairage allumé,En agglomération,Hors intersection,Normale,Deux véhicules - côté,4,1,1,0,1,1,1,0,1,30,,2,1,0,0,1,18.0,34.0,,,5,2,1,1,3
202100020324,2021-09-07 09:40:00,2021,9,7,9,40,75,75116,AVENUE DE VERSAILLES,48.840859,2.265297,Plein jour,En agglomération,Intersection en X,Normale,Deux véhicules - côté,4,2,4,0,1,1,1,0,1,30,,2,1,0,0,1,35.0,35.0,,,1,2,2,1,3
202100020325,2021-09-06 23:00:00,2021,9,6,23,0,75,75115,QUAI D ISSY LES MOULINEAUX,48.83458,2.266937,Nuit avec éclairage allumé,En agglomération,Intersection en X,Normale,Deux véhicules - côté,4,1,2,0,1,1,1,5,1,50,,7,6,0,0,1,31.0,20.0,,,5,2,2,1,3
202100020326,2021-09-05 13:05:00,2021,9,5,13,5,75,75115,RUE DE VAUGIRARD,48.840415,2.304279,Plein jour,En agglomération,Intersection en X,Normale,Deux véhicules - côté,4,2,4,0,1,1,1,0,1,30,,3,1,0,0,2,14.0,85.0,,,1,2,2,1,3
202100020327,2021-09-07 19:40:00,2021,9,7,19,40,75,75114,AVENUE DU GENERAL LECLERC,48.831206,2.32979,Plein jour,En agglomération,Intersection en T,Normale,Deux véhicules - côté,4,2,4,3,1,1,1,8,1,50,,2,1,0,0,1,26.0,46.0,,,1,2,3,1,3
202100020328,2021-09-06 11:50:00,2021,9,6,11,50,75,75107,AVENUE DE VILLARS,48.851771,2.313862,Plein jour,En agglomération,Intersection en X,Normale,Deux véhicules - côté,4,2,4,0,1,1,1,0,1,30,,3,1,0,0,2,16.0,73.0,,,1,2,2,1,3
202100020329,2021-09-07 19:00:00,2021,9,7,19,0,75,75113,QUAI D AUSTERLITZ,48.843009,2.36625,Plein jour,En agglomération,Hors intersection,Normale,Deux véhicules - côté,4,2,3,1,2,1,1,9,1,30,,2,1,0,0,1,49.0,19.0,,,1,2,1,1,3
202100020330,2021-09-07 15:00:00,2021,9,7,15,0,75,75112,BOULEVARD PONIATOWSKI,48.830075,2.392533,Plein jour,En agglomération,Hors intersection,Normale,Autre collision,4,2,4,0,1,1,1,0,4,50,,2,1,0,0,1,60.0,,,,1,2,1,1,6
202100020331,2021-09-07 11:15:00,2021,9,7,11,15,75,75112,AVENUE DE SAINT MAURICE,48.8288201013,2.4196848823,Plein jour,En agglomération,Intersection en Y,Normale,Deux véhicules - côté,4,1,2,0,1,1,1,0,5,30,,3,2,0,0,1,21.0,54.0,,,1,2,4,1,3
202100020332,2021-09-07 13:45:00,2021,9,7,13,45,75,75111,AVENUE DE LA REPUBLIQUE,48.864609,2.378034,Plein jour,En agglomération,Intersection en X,Normale,Deux véhicules - côté,4,2,2,2,1,1,1,0,1,30,,2,1,0,0,1,19.0,27.0,,,1,2,2,1,3
202100020333,2021-09-07 08:50:00,2021,9,7,8,50,75,75118,BOULEVARD DE ROCHECHOUART,48.883221,2.345315,Plein jour,En agglomération,Intersection en T,Normale,Deux véhicules - arrière,4,1,2,3,1,1,1,0,1,30,,2,1,0,0,1,45.0,23.0,,,1,2,3,1,2
202100020334,2021-09-07 14:05:00,2021,9,7,14,5,75,75102,BOULEVARD DES ITALIENS,48.871624,2.338073,Plein jour,En agglomération,Intersection en T,Normale,Deux véhicules - côté,4,1,2,0,1,1,1,5,1,30,,2,1,0,0,1,33.0,56.0,,,1,2,3,1,3
202100020335,2021-09-07 15:22:00,2021,9,7,15,22,75,75108,RUE DE COURCELLES,48.878873,2.303578,Plein jour,En agglomération,Intersection en T,Normale,Autre collision,4,3,2,0,1,1,1,8,1,30,,2,1,0,0,1,,,,,1,2,3,1,6
202100020336,2021-09-07 08:35:00,2021,9,7,8,35,94,94067,Avenue Joffre,48.84825,2.41767,Plein jour,En agglomération,Hors intersection,Normale,Autre collision,3,2,2,0,1,1,1,0,1,50,,2,1,0,0,1,33.0,,,,1,2,1,1,6
202100020337,2021-09-06 13:30:00,2021,9,6,13,30,94,94068,GARIBALDI (R),48.79583,2.48351,Plein jour,En agglomération,Hors intersection,Normale,Trois véhicules et plus - en chaîne,4,2,2,0,1,1,1,0,1,30,,3,2,0,0,1,33.0,88.0,,,1,2,1,1,4
202100020338,2021-09-06 12:30:00,2021,9,6,12,30,94,94068,Boulevard Maurice Berteaux,48.81063,2.47002,Plein jour,En agglomération,Hors intersection,Normale,Deux véhicules - arrière,3,2,2,0,1,1,1,0,1,30,,2,1,0,0,1,45.0,54.0,,,1,2,1,1,2
202100020339,2021-09-07 17:35:00,2021,9,7,17,35,94,94052,JOINVILLE (AV DE),48.8347,2.47311,Plein jour,En agglomération,Hors intersection,Normale,Deux véhicules - côté,3,3,4,0,1,1,1,0,1,30,,2,1,0,0,1,19.0,37.0,,,1,2,1,1,3
202100020340,2021-09-07 09:40:00,2021,9,7,9,40,94,94015,Avenue de l’Europe,48.834531,2.530206,Plein jour,En agglomération,Autre intersection,Normale,Deux véhicules - côté,4,1,2,0,1,1,1,0,1,50,,2,1,0,0,1,37.0,28.0,,,1,2,9,1,3
202100020341,2021-09-07 04:52:00,2021,9,7,4,52,94,94017,Boulevard de Stalingrad,48.8309,2.49304,Nuit avec éclairage allumé,Hors agglomération,Intersection en T,Normale,Deux véhicules - frontale,1,1,2,0,3,1,1,3,1,50,,4,0,0,0,4,44.0,29.0,,,5,1,3,1,1
202100020342,2021-09-07 17:15:00,2021,9,7,17,15,94,94016,Avenue du Président Wilson,48.79074,2.32728,Plein jour,En agglomération,Hors intersection,Normale,Deux véhicules - côté,3,2,2,1,1,1,1,0,1,50,,2,1,0,1,0,39.0,34.0,,,1,2,1,1,3
202100020343,2021-09-06 17:05:00,2021,9,6,17,5,94,94002,BLANQUI (QU),48.79822,2.42055,Plein jour,En agglomération,Intersection en X,Normale,Deux véhicules - côté,3,3,3,0,1,1,1,0,1,50,,2,1,0,0,1,38.0,,,,1,2,2,1,3
202100020344,2021-09-06 08:30:00,2021,9,6,8,30,94,94002,JEAN BAPTISTE CLEMENT (QU),48.78966,2.42392,Plein jour,En agglomération,Hors intersection,Normale,Trois véhicules et plus - en chaîne,4,2,2,0,1,1,1,0,1,50,,3,2,0,0,1,38.0,47.0,,,1,2,1,1,4
202100020345,2021-09-07 17:55:00,2021,9,7,17,55,93,93078,VAUBAN (AVENUE),48.96704,2.55193,Plein jour,En agglomération,Intersection en T,Normale,Deux véhicules - arrière,3,2,2,0,2,1,1,0,1,50,,2,1,0,1,0,33.0,21.0,,,1,2,3,1,2
202100020346,2021-09-07 09:40:00,2021,9,7,9,40,93,93073,Rue de Berry / Rue de Berry,48.94078,2.58903,Plein jour,En agglomération,Intersection en X,Normale,Deux véhicules - côté,4,2,2,0,1,1,1,0,1,50,,2,0,0,0,2,20.0,57.0,,,1,2,2,1,3
202100020347,2021-09-07 10:40:00,2021,9,7,10,40,93,93072,PONTOISE (RUE DE) COTE DES N°1 AU 57,48.97176,2.37916,Plein jour,En agglomération,Hors intersection,Normale,Deux véhicules - côté,4,3,2,0,1,1,1,0,1,50,,2,1,0,1,0,68.0,34.0,,,1,2,1,1,3
202100020348,2021-09-06 19:50:00,2021,9,6,19,50,93,93053,Boulevard Michelet / Rue de Brément,48.88824,2.45706,Plein jour,En agglomération,Intersection à plus de 4 branches,Normale,Deux véhicules - arrière,3,1,2,0,1,3,1,0,1,50,,2,1,0,0,1,52.0,,,,1,2,5,1,2
202100020349,2021-09-07 16:07:00,2021,9,7,16,7,93,93051,Avenue Médéric / Boulevard du Ru de Nesles,48.83035,2.58491,Plein jour,En agglomération,Intersection en X,Normale,Deux véhicules - côté,3,3,4,0,1,1,1,0,1,50,,2,1,0,0,1,67.0,41.0,,,1,2,2,1,3
202100020350,2021-09-07 12:30:00,2021,9,7,12,30,93,93051,Avenue Médéric / Boulevard du Ru de Nesles,48.83034,2.58493,Plein jour,En agglomération,Intersection en X,Normale,Deux véhicules - côté,3,2,0,0,1,1,1,0,1,50,,2,1,0,0,1,22.0,28.0,,,1,2,2,1,3
202100020351,2021-09-07 02:50:00,2021,9,7,2,50,93,93029,Avenue de la Division Leclerc / Avenue Massenet,48.9349611304,2.4497285485,Nuit avec éclairage allumé,En agglomération,Intersection en T,Normale,Autre collision,4,2,2,0,1,3,1,0,1,50,,1,0,0,1,0,36.0,,,,5,2,3,1,6
202100020352,2021-09-07 09:00:00,2021,9,7,9,0,93,93005,BALANCE (RUE DE LA),48.95577,2.50416,Plein jour,En agglomération,Intersection en X,Normale,Deux véhicules - frontale,4,-1,1,0,1,1,1,0,1,30,,2,1,0,0,1,31.0,,,,1,2,2,1,1
202100020353,2021-09-05 19:00:00,2021,9,5,19,0,92,92072,DAMMOUSE (RUE ALBERT),48.8180753488,2.2165761888,Plein jour,En agglomération,Hors intersection,Normale,Deux véhicules - frontale,4,2,2,0,2,3,1,0,1,30,,4,3,0,0,1,66.0,78.0,,,1,2,1,1,1
202100020354,2021-09-07 16:10:00,2021,9,7,16,10,92,92064,SUISSES,48.8547091065,2.198035419,Plein jour,En agglomération,Giratoire,Normale,Deux véhicules - côté,3,2,2,0,1,1,1,0,1,50,,2,1,0,0,1,20.0,40.0,,,1,2,6,1,3
202100020355,2021-09-07 10:45:00,2021,9,7,10,45,92,92049,ARNOUX AVENUE MAURICE AUTRES N°,48.81569,2.31121,Plein jour,En agglomération,Hors intersection,Normale,Sans collision,4,1,1,2,1,1,1,0,1,50,,1,0,0,0,1,56.0,,,,1,2,1,1,7
202100020356,2021-09-07 18:30:00,2021,9,7,18,30,92,92044,ANA. FRANCE(RUE)1A75 ET 2A72,48.891494622,2.2855927795,Plein jour,En agglomération,Hors intersection,Normale,Autre collision,3,1,2,0,1,1,1,0,1,50,,2,1,0,0,1,41.0,,,,1,2,1,1,6
202100020357,2021-09-05 14:00:00,2021,9,5,14,0,92,92036,GRESILLONS (QUAI DES),48.9210336185,2.3252191583,Plein jour,En agglomération,Intersection en X,Normale,Deux véhicules - côté,3,2,4,0,1,1,1,0,1,50,,3,1,0,1,1,35.0,36.0,,,1,2,2,1,3
202100020358,2021-09-07 11:40:00,2021,9,7,11,40,92,92026,ARISTIDE BRIAND,48.8988465178,2.2566497326,Plein jour,En agglomération,Intersection en X,Normale,Autre collision,3,4,2,0,1,1,1,0,1,50,,2,1,0,0,1,61.0,,,,1,2,2,1,6
202100020359,2021-09-07 11:30:00,2021,9,7,11,30,92,92025,CHARLES DE GAULLE (BD),48.911755161,2.2327940656,Plein jour,En agglomération,Hors intersection,Temps éblouissant,Deux véhicules - côté,3,1,6,0,1,1,1,0,1,50,,2,1,0,0,1,48.0,47.0,,,1,2,1,7,3
202100020360,2021-09-07 11:18:00,2021,9,7,11,18,92,92012,VIEUX PONT DE SEVRES (RUE DU) 157/FIN -,48.8310372463,2.2409170559,Plein jour,En agglomération,Hors intersection,Temps éblouissant,Autre collision,6,-1,0,0,1,1,1,9,8,30,,2,1,0,0,1,38.0,,,,1,2,1,7,6
202100020361,2021-09-06 13:50:00,2021,9,6,13,50,92,92012,BELLE FEUILLE (RUE DE LA),48.8354705533,2.2442471147,Plein jour,En agglomération,Hors intersection,Normale,Autre collision,4,1,1,0,1,1,1,0,1,50,,2,1,0,0,1,57.0,,,,1,2,1,1,6
202100020362,2021-09-07 16:05:00,2021,9,7,16,5,92,92007,BRIAND (AVENUE ARISTIDE) N° 2 A 98,48.803334,2.32458,Plein jour,En agglomération,Autre intersection,Normale,Deux véhicules - côté,3,1,2,1,1,1,1,0,5,50,,2,1,0,0,1,50.0,,,,1,2,9,1,3
202100020363,2021-09-08 16:00:00,2021,9,8,16,0,35,35219,La Moisonnais,47.847028,-1.993691,Plein jour,Hors agglomération,Hors intersection,Normale,Sans collision,3,2,2,0,1,3,1,0,1,80,,1,0,0,1,0,17.0,,,,1,1,1,1,7
202100020364,2021-09-07 21:00:00,2021,9,7,21,0,54,54434,Intersection D50D et D913,48.4436786691,6.1255109305,Nuit sans éclairage public,Hors agglomération,Intersection en T,Normale,Sans collision,3,2,2,0,1,1,1,0,1,80,,2,0,0,0,2,20.0,,,,3,1,3,1,7
202100020365,2021-09-07 16:20:00,2021,9,7,16,20,51,51352,Rue Bois Guillaume,48.721559,4.613625,Plein jour,En agglomération,Intersection en T,Normale,Deux véhicules - côté,4,2,2,0,1,1,1,0,1,50,,2,0,0,1,1,45.0,32.0,,,1,2,3,1,3
202100020366,2021-09-07 10:00:00,2021,9,7,10,0,60,60234,Rue Roland Garros,49.3925646842,2.4148873329,Plein jour,Hors agglomération,Hors intersection,Normale,Deux véhicules - arrière,3,2,2,0,1,1,1,0,1,30,,2,1,0,0,1,25.0,51.0,,,1,1,1,1,2
202100020367,2021-09-08 15:50:00,2021,9,8,15,50,06,06161,D6007,43.635904,7.133571,Plein jour,En agglomération,Intersection en X,Normale,Autre collision,3,4,3,0,1,1,1,0,1,50,,2,1,0,1,0,49.0,28.0,,,1,2,2,1,6
202100020368,2021-08-25 11:00:00,2021,8,25,11,0,26,26339,AUTOROUTE A7,44.596396,4.797077,Plein jour,Hors agglomération,Hors intersection,Normale,Sans collision,1,3,5,0,1,1,1,0,1,130,,2,1,0,0,1,61.0,,,,1,1,1,1,7
202100020369,2021-09-08 12:25:00,2021,9,8,12,25,83,83036,Route de Toulon,43.165052,6.50286,Plein jour,Hors agglomération,Hors intersection,Normale,Deux véhicules - côté,3,2,2,0,1,3,1,0,1,70,,3,1,0,2,0,43.0,66.0,,,1,1,1,1,3
202100020370,2021-09-08 07:44:00,2021,9,8,7,44,06,06118,897 Route de Saint Vallier,43.659951,6.793349,Plein jour,Hors agglomération,Hors intersection,Normale,Deux véhicules - côté,3,2,2,0,1,2,1,0,1,70,,2,1,1,0,0,24.0,47.0,,,1,1,1,1,3
202100020371,2021-09-07 17:30:00,2021,9,7,17,30,06,06033,avendickue pierre richar dick,43.767964,7.200229,Plein jour,En agglomération,Hors intersection,Normale,Autre collision,4,2,2,0,2,1,1,0,1,50,,2,1,0,1,0,42.0,,,,1,2,1,1,6
202100020372,2021-09-08 09:05:00,2021,9,8,9,5,58,58187,A77 -Pk 097.400 sens NEVERS-PARIS,47.452266,2.948198,Plein jour,Hors agglomération,Hors intersection,Normale,Deux véhicules - arrière,1,1,1,3,1,1,1,7,6,-1,,2,1,0,1,0,53.0,41.0,,,1,1,1,1,2
202100020373,2021-09-08 18:45:00,2021,9,8,18,45,30,30175,D980,44.265862,4.428359,Plein jour,Hors agglomération,Hors intersection,Normale,Deux véhicules - côté,3,3,2,0,2,3,1,0,1,80,,2,1,0,0,1,30.0,66.0,,,1,1,1,1,3
202100020374,2021-09-06 07:45:00,2021,9,6,7,45,41,41200,2 Route d Herbault,47.754918,1.077194,Plein jour,En agglomération,Hors intersection,Normale,Autre collision,3,2,2,0,1,1,1,0,1,30,,3,2,0,1,0,36.0,43.0,,,1,2,1,1,6
202100020375,2021-09-08 00:30:00,2021,9,8,0,30,37,37010,A10,47.5430235753,0.978110075,Nuit sans éclairage public,Hors agglomération,Hors intersection,Normale,Autre collision,1,3,3,0,1,1,1,0,2,130,,3,0,0,1,2,27.0,,,,3,1,1,1,6
202100020376,2021-09-07 19:48:00,2021,9,7,19,48,51,51440,Rue de Vouziers,49.2966843546,4.3231510222,Plein jour,En agglomération,Hors intersection,Normale,Sans collision,3,2,2,0,1,2,1,0,1,50,,1,0,0,0,1,28.0,,,,1,2,1,1,7
202100020377,2021-09-08 19:30:00,2021,9,8,19,30,71,71027,130 Route de la Bresse,46.672883,5.391233,Crépuscule ou aube,En agglomération,Intersection en T,Normale,Autre collision,3,2,1,0,1,1,1,0,3,50,,1,0,0,1,0,50.0,,,,2,2,3,1,6
202100020378,2021-09-08 16:50:00,2021,9,8,16,50,71,71484,Route de Plaine Vesvre,46.69338,5.224997,Plein jour,Hors agglomération,Hors intersection,Normale,Sans collision,4,2,2,0,1,3,9,0,1,80,,1,0,0,0,1,73.0,,,,1,1,1,1,7
202100020379,2021-09-08 10:15:00,2021,9,8,10,15,63,63341,Route du Puy,45.52985,3.727847,Plein jour,Hors agglomération,Hors intersection,Normale,Deux véhicules - arrière,3,2,2,0,1,1,1,0,1,80,,2,1,0,1,0,81.0,71.0,,,1,1,1,1,2
202100020380,2021-09-07 13:20:00,2021,9,7,13,20,61,61163,Lieu Dit les Novalles,48.642501,-0.476253,Plein jour,Hors agglomération,Hors intersection,Normale,Autre collision,3,2,2,0,1,1,1,0,3,90,,1,0,0,1,0,51.0,,,,1,1,1,1,6
202100020381,2021-09-07 16:32:00,2021,9,7,16,32,47,47049,D152,44.465993,0.588648,Plein jour,Hors agglomération,Hors intersection,Normale,Deux véhicules - frontale,3,2,2,0,1,2,1,0,1,80,,2,1,0,0,1,33.0,24.0,,,1,1,1,1,1
202100020382,2021-09-07 18:30:00,2021,9,7,18,30,86,86244,D29,46.364456,0.103181,Plein jour,Hors agglomération,Intersection en X,Normale,Deux véhicules - côté,3,2,2,0,1,1,1,5,1,80,,4,0,0,1,3,32.0,38.0,,,1,1,2,1,3
202100020383,2021-09-08 11:00:00,2021,9,8,11,0,68,68135,Rue de Saint-Louis,47.57806,7.533531,Plein jour,En agglomération,Hors intersection,Normale,Deux véhicules - arrière,3,2,2,2,1,1,1,0,1,50,,3,2,0,0,1,67.0,17.0,,,1,2,1,1,2
202100020384,2021-09-08 12:00:00,2021,9,8,12,0,39,39275,,46.394931,5.977732,Plein jour,Hors agglomération,Hors intersection,Normale,Deux véhicules - frontale,3,2,2,0,2,2,1,0,1,80,,2,1,0,1,0,74.0,20.0,,,1,1,1,1,1
202100020385,2021-09-08 09:30:00,2021,9,8,9,30,25,25222,D492,47.148312,6.241264,Plein jour,Hors agglomération,Hors intersection,Normale,Deux véhicules - arrière,3,2,2,0,1,1,1,0,3,80,,2,1,0,1,0,73.0,75.0,,,1,1,1,1,2
202100020386,2021-09-07 12:40:00,2021,9,7,12,40,44,44220,La Barre de Vue (Chéméré),47.17569,-1.899991,Plein jour,Hors agglomération,Intersection en X,Normale,Deux véhicules - côté,3,2,2,0,1,1,1,0,1,80,,2,0,1,1,0,34.0,90.0,,,1,1,2,1,3
202100020387,2021-09-07 08:45:00,2021,9,7,8,45,44,44015,rue waldeck rousseau,47.47705,-1.767082,Plein jour,En agglomération,Giratoire,Normale,Autre collision,3,2,2,0,1,1,1,5,1,50,,3,1,0,2,0,63.0,,,,1,2,6,1,6
202100020388,2021-09-07 04:35:00,2021,9,7,4,35,35,35271,Mon Reve,48.511457,-1.254596,Nuit sans éclairage public,Hors agglomération,Hors intersection,Normale,Autre collision,3,2,2,0,1,1,1,0,1,80,,1,0,0,1,0,26.0,,,,3,1,1,1,6
202100020389,2021-09-08 13:40:00,2021,9,8,13,40,29,29269,12bis Rue de Scaer,47.960456,-3.627105,Plein jour,En agglomération,Hors intersection,Normale,Deux véhicules - arrière,3,2,2,0,1,1,1,0,1,30,,2,1,0,1,0,77.0,25.0,,,1,2,1,1,2
202100020390,2021-09-07 16:30:00,2021,9,7,16,30,38,38410,D1092,45.08176,5.175652,Plein jour,Hors agglomération,Intersection en T,Normale,Deux véhicules - arrière,3,2,2,0,1,1,1,0,1,80,,4,2,0,0,2,43.0,38.0,,,1,1,3,1,2
202100020391,2021-09-07 16:48:00,2021,9,7,16,48,03,03155,ROUTE DEPARTEMENTALE 3 PK 43+400,46.703962,2.920834,Plein jour,Hors agglomération,Hors intersection,Temps éblouissant,Deux véhicules - côté,3,2,2,0,1,1,1,0,1,90,,2,1,0,1,0,28.0,17.0,,,1,1,1,7,3
202100020392,2021-09-07 06:15:00,2021,9,7,6,15,72,72013,68 Route du Lude,47.67409,0.22177,Crépuscule ou aube,Hors agglomération,Intersection en X,Normale,Deux véhicules - côté,3,2,2,0,1,1,1,0,3,80,,2,0,0,1,1,26.0,24.0,,,2,1,2,1,3
202100020393,2021-09-06 19:45:00,2021,9,6,19,45,50,50082,Rue Pierre Marie,49.470014,-1.641051,Crépuscule ou aube,En agglomération,Intersection en X,Normale,Deux véhicules - frontale,3,2,2,0,3,1,1,0,1,50,,2,1,0,0,1,49.0,30.0,,,2,2,2,1,1
202100020394,2021-09-07 11:35:00,2021,9,7,11,35,50,50639,Rue Flandres Dunkerque,48.847773,-1.213549,Plein jour,Hors agglomération,Hors intersection,Normale,Trois véhicules et plus - en chaîne,3,2,2,0,2,1,1,0,1,80,,3,2,0,0,1,52.0,57.0,,,1,1,1,1,4
202100020395,2021-09-07 15:50:00,2021,9,7,15,50,43,43010,Route des Cimes,44.9719330498,3.9653534077,Plein jour,Hors agglomération,Hors intersection,Normale,Deux véhicules - arrière,3,2,2,0,1,1,1,0,1,80,,2,1,0,1,0,42.0,21.0,,,1,1,1,1,2
202100020396,2021-09-07 11:15:00,2021,9,7,11,15,10,10334,D619,48.5002162885,3.5505714425,Plein jour,Hors agglomération,Hors intersection,Normale,Trois véhicules et plus - collisions multiples,3,2,2,0,1,1,1,0,1,90,,5,2,0,1,2,83.0,41.0,,,1,1,1,1,5
202100020397,2021-09-07 15:50:00,2021,9,7,15,50,24,24249,RD 710,44.962799,0.973273,Plein jour,Hors agglomération,Hors intersection,Normale,Deux véhicules - frontale,3,2,2,0,1,1,1,0,1,90,,2,1,0,1,0,58.0,19.0,,,1,1,1,1,1
202100020398,2021-09-07 14:45:00,2021,9,7,14,45,24,24577,194 Route de la Pagaie,44.821254,1.156656,Plein jour,Hors agglomération,Hors intersection,Normale,Deux véhicules - côté,3,2,2,0,1,1,1,0,1,80,,3,2,0,1,0,36.0,54.0,,,1,1,1,1,3
202100020399,2021-09-07 09:30:00,2021,9,7,9,30,28,28280,Place du Général Saint Pol,48.321343,0.821807,Plein jour,En agglomération,Place,Normale,Autre collision,9,2,2,0,3,1,1,0,1,30,,2,1,0,1,0,84.0,,,,1,2,7,1,6
202100020400,2021-09-08 10:00:00,2021,9,8,10,0,37,37132,Rue de la Chauvellerie,47.1323594491,0.9831905365,Plein jour,En agglomération,Giratoire,Normale,Autre collision,3,2,2,0,2,1,1,5,1,50,,2,1,0,1,0,77.0,,,,1,2,6,1,6
202100020401,2021-09-05 09:18:00,2021,9,5,9,18,52,52550,rue de la digue,48.491724,4.948566,Plein jour,En agglomération,Intersection en T,Normale,Autre collision,3,2,2,0,4,2,1,9,1,50,,1,0,0,1,0,19.0,,,,1,2,3,1,6
202100020402,2021-09-06 19:45:00,2021,9,6,19,45,72,72168,Autoroute A.81 PK 197+200,48.010583,-0.147736,Crépuscule ou aube,Hors agglomération,Hors intersection,Normale,Sans collision,1,1,2,0,1,1,1,0,3,130,,1,0,0,1,0,44.0,,,,2,1,1,1,7
202100020403,2021-09-07 22:15:00,2021,9,7,22,15,06,06027,"A8 PK 183.000, chaussée nord",43.663525,7.175961,Nuit avec éclairage non allumé,Hors agglomération,Hors intersection,Normale,Autre collision,1,3,4,0,1,1,1,8,1,90,,3,2,0,1,0,25.0,42.0,,,4,1,1,1,6
202100020404,2021-09-08 06:25:00,2021,9,8,6,25,07,07324,Route de Lamastre,45.064687,4.790361,Crépuscule ou aube,Hors agglomération,Intersection en T,Normale,Deux véhicules - côté,3,2,2,0,1,1,1,0,1,70,,6,1,0,1,4,50.0,28.0,,,2,1,3,1,3
202100020405,2021-09-08 02:45:00,2021,9,8,2,45,34,34022,A9,43.66232,4.002423,Nuit sans éclairage public,Hors agglomération,Hors intersection,Normale,Autre collision,1,-1,5,0,1,1,1,0,1,110,,1,0,0,1,0,26.0,,,,3,1,1,1,6
202100020406,2021-09-08 05:10:00,2021,9,8,5,10,21,21436,autoroute A36 - Pk 203+400 - sens Beaune Mulhouse,47.0379891,5.059805,Nuit sans éclairage public,Hors agglomération,Hors intersection,Normale,Sans collision,1,3,4,0,1,1,1,0,2,130,,1,0,1,0,0,,,,,3,1,1,1,7
202100020407,2021-09-08 06:45:00,2021,9,8,6,45,38,38449,RD 518Z PK 004.000,45.626374,5.080533,Crépuscule ou aube,Hors agglomération,Hors intersection,Normale,Trois véhicules et plus - collisions multiples,3,2,2,0,2,1,1,0,1,80,,4,2,0,2,0,50.0,47.0,,,2,1,1,1,5
202100020408,2021-08-29 06:45:00,2021,8,29,6,45,69,69252,DEUX VALLEES (DES) (RTE),45.524604,4.695065,Crépuscule ou aube,Hors agglomération,Hors intersection,Normale,Autre collision,3,2,2,0,1,2,1,0,3,80,,1,0,0,1,0,21.0,,,,2,1,1,1,6
202100020409,2021-09-06 02:50:00,2021,9,6,2,50,33,33214,Les Andrauts,44.95464,-1.014926,Nuit sans éclairage public,Hors agglomération,Hors intersection,Normale,Autre collision,3,2,2,0,1,1,1,0,3,70,,2,1,0,1,0,23.0,,,,3,1,1,1,6