accident_id,datetime,annee,mois,jour,heure,minute,departement,commune_insee,adresse,latitude,longitude,luminosite,agglomeration,intersection,meteo,collision,catr,circ,nbv,vosp,prof,plan,surf,infra,situ,vma,nb_vehicules,nb_usagers,nb_indemnes,nb_tues,nb_blesses_hosp,nb_blesses_legers,age_cond_1,age_cond_2,veh_type_cond_1,veh_type_cond_2,lum_code,agg_code,int_code,atm_code,col_code
202100020410,2021-09-08 13:00:00,2021,9,8,13,0,78,78030,d24,48.694826,1.907641,Plein jour,Hors agglomération,Hors intersection,Normale,Deux véhicules - côté,3,2,2,0,2,3,1,0,1,80,,2,1,0,0,1,35.0,30.0,,,1,1,1,1,3
202100020411,2021-09-07 07:00:00,2021,9,7,7,0,2B,2B042,Avenue de Borgo,42.554181,9.44169,Plein jour,En agglomération,Hors intersection,Normale,Deux véhicules - côté,2,2,2,0,1,1,1,0,1,50,,2,1,0,1,0,18.0,,,,1,2,1,1,3
202100020412,2021-08-31 13:40:00,2021,8,31,13,40,30,30139,RD986,44.138887,3.405204,Plein jour,Hors agglomération,Hors intersection,Normale,Autre collision,3,2,2,0,2,3,1,0,1,80,,1,0,0,1,0,60.0,,,,1,1,1,1,6
202100020413,2021-09-07 18:30:00,2021,9,7,18,30,34,34272,Avenue des Lauriers,43.653062,4.114208,Plein jour,En agglomération,Intersection en T,Normale,Deux véhicules - frontale,3,2,2,0,1,1,1,0,1,50,,2,1,0,1,0,46.0,19.0,,,1,2,3,1,1
202100020414,2021-09-07 16:50:00,2021,9,7,16,50,34,34022,Route de Nimes,43.660275,4.022375,Plein jour,Hors agglomération,Hors intersection,Normale,Deux véhicules - arrière,2,2,2,0,1,1,1,0,1,80,,2,1,0,1,0,51.0,37.0,,,1,1,1,1,2
202100020415,2021-09-07 19:55:00,2021,9,7,19,55,05,05091,D994,44.397294,5.501393,Plein jour,Hors agglomération,Hors intersection,Normale,Sans collision,3,2,2,0,1,1,1,0,1,90,,1,0,0,1,0,23.0,,,,1,1,1,1,7
202100020416,2021-09-05 22:00:00,2021,9,5,22,0,10,10091,20 Rue d Arcis,48.505843,4.269086,Nuit avec éclairage non allumé,En agglomération,Hors intersection,Normale,Autre collision,3,2,2,0,1,2,1,0,3,50,,1,0,0,1,0,29.0,,,,4,2,1,1,6
202100020417,2021-08-31 09:40:00,2021,8,31,9,40,68,68217,9 Rue de la Gare,47.861143,7.050551,Plein jour,En agglomération,Passage à niveau,Normale,Deux véhicules - frontale,3,2,2,0,2,1,1,4,1,50,,2,1,0,1,0,51.0,68.0,,,1,2,8,1,1
202100020418,2021-09-06 11:30:00,2021,9,6,11,30,63,63077,Chemin des Combes,45.576009,2.922288,Plein jour,En agglomération,Hors intersection,Normale,Sans collision,4,2,1,0,2,1,1,0,1,50,,1,0,0,1,0,43.0,,,,1,2,1,1,7
202100020419,2021-09-02 22:55:00,2021,9,2,22,55,74,74094,D 907 CRANVES SALES,46.176458,6.30332,Nuit sans éclairage public,Hors agglomération,Hors intersection,Normale,Autre collision,3,2,3,0,2,1,1,0,1,80,,2,1,0,1,0,39.0,,,,3,1,1,1,6
202100020420,2021-09-07 08:00:00,2021,9,7,8,0,44,44209,Rue des Mares,47.280838,-1.591634,Plein jour,Hors agglomération,Giratoire,Normale,Deux véhicules - côté,3,-1,2,0,1,1,1,0,1,70,,2,0,0,1,1,56.0,20.0,,,1,1,6,1,3
202100020421,2021-09-06 11:20:00,2021,9,6,11,20,26,26169,Route de Donzere,44.486525,4.742103,Plein jour,Hors agglomération,Intersection en X,Normale,Deux véhicules - côté,3,1,1,0,2,1,1,5,1,80,,3,1,0,0,2,24.0,27.0,,,1,1,2,1,3
202100020422,2021-09-08 17:30:00,2021,9,8,17,30,69,69190,GREZIEU LA VARENNE (DE) (RTE),45.764331,4.696768,Plein jour,Hors agglomération,Hors intersection,Normale,Trois véhicules et plus - collisions multiples,3,2,2,0,2,3,1,0,1,70,,3,2,0,0,1,38.0,35.0,,,1,1,1,1,5
202100020423,2021-09-08 01:00:00,2021,9,8,1,0,17,17019,Rue de Mouillebarbe,46.215814,-1.51802,Nuit sans éclairage public,Hors agglomération,Hors intersection,Normale,Sans collision,9,2,2,1,1,2,1,9,5,25,,1,0,0,1,0,27.0,,,,3,1,1,1,7
202100020424,2021-09-07 10:00:00,2021,9,7,10,0,47,47157,boulevard gambetta,44.502547,0.16737,Plein jour,En agglomération,Hors intersection,Normale,Autre collision,3,3,4,0,1,1,1,0,1,50,,2,1,1,0,0,77.0,,,,1,2,1,1,6
202100020425,2021-09-07 17:47:00,2021,9,7,17,47,14,14663,Route d Esquay,49.274259,-0.686098,Plein jour,En agglomération,Hors intersection,Normale,Deux véhicules - côté,3,2,2,0,1,1,1,0,1,50,,3,2,0,1,0,48.0,31.0,,,1,2,1,1,3
202100020426,2021-09-08 05:30:00,2021,9,8,5,30,22,22118,RD 795,48.460003,-2.017493,Crépuscule ou aube,Hors agglomération,Hors intersection,Normale,Deux véhicules - frontale,3,2,2,1,2,3,1,0,1,70,,4,0,0,2,2,20.0,41.0,,,2,1,1,1,1
202100020427,2021-09-07 23:00:00,2021,9,7,23,0,60,60104,D1001,49.640803,2.277587,Nuit avec éclairage allumé,En agglomération,Hors intersection,Normale,Autre collision,3,2,1,0,1,1,1,0,3,50,,1,0,0,1,0,40.0,,,,5,2,1,1,6
202100020428,2021-09-07 15:25:00,2021,9,7,15,25,13,13071,A51-Sens Marseille vers Aix en Provence,43.4141,5.36481,Plein jour,Hors agglomération,Hors intersection,Normale,Trois véhicules et plus - en chaîne,1,1,3,0,1,1,1,0,1,90,,7,4,0,0,3,60.0,26.0,,,1,1,1,1,4
202100020429,2021-09-06 18:06:00,2021,9,6,18,6,13,13106,A7-Sens Lyon vers Marseille,43.3907,5.35095,Plein jour,Hors agglomération,Hors intersection,Normale,Deux véhicules - côté,1,-1,4,0,2,1,1,0,1,90,,2,1,0,0,1,48.0,40.0,,,1,1,1,1,3
202100020430,2021-09-07 11:22:00,2021,9,7,11,22,13,13055,A507 sens Aubagne- Marseille,43.28909,5.42473,Plein jour,Hors agglomération,Hors intersection,Normale,Deux véhicules - côté,1,3,4,0,4,1,1,1,1,70,,2,1,0,0,1,57.0,43.0,,,1,1,1,1,3
202100020431,2021-09-07 09:40:00,2021,9,7,9,40,77,77251,AUTOROUTE A5A,48.6248,2.5407,Plein jour,Hors agglomération,Hors intersection,Normale,Trois véhicules et plus - en chaîne,1,1,4,0,1,1,1,3,1,110,,3,1,0,0,2,40.0,64.0,,,1,1,1,1,4
202100020432,2021-09-07 08:40:00,2021,9,7,8,40,91,91617,RN 104,48.631556,2.516174,Plein jour,Hors agglomération,Hors intersection,Normale,Deux véhicules - arrière,2,1,2,0,1,1,1,0,1,110,,2,0,0,0,2,44.0,38.0,,,1,1,1,1,2
202100020433,2021-09-07 22:10:00,2021,9,7,22,10,91,91161,AUTOROUTE A6,48.707,2.306,Nuit sans éclairage public,Hors agglomération,Hors intersection,Normale,Sans collision,1,3,6,0,1,1,1,0,1,110,,1,0,0,0,1,43.0,,,,3,1,1,1,7
202100020434,2021-09-07 09:15:00,2021,9,7,9,15,92,92025,A86,48.9354125442,2.261189974,Plein jour,Hors agglomération,Hors intersection,Normale,Deux véhicules - côté,1,3,4,0,1,1,1,0,1,110,,2,1,0,0,1,55.0,29.0,,,1,1,1,1,3
202100020435,2021-09-07 12:20:00,2021,9,7,12,20,93,93029,AUTOROUTE A86,48.91867,2.42849,Plein jour,Hors agglomération,Hors intersection,Normale,Deux véhicules - arrière,1,3,8,0,1,1,1,1,1,90,,3,2,0,0,1,28.0,37.0,,,1,1,1,1,2
202100020436,2021-09-07 08:45:00,2021,9,7,8,45,95,95582,RD 170,48.96443,2.26867,Plein jour,Hors agglomération,Hors intersection,Normale,Deux véhicules - arrière,3,3,6,0,2,1,1,0,1,90,,2,1,0,0,1,31.0,24.0,,,1,1,1,1,2
202100020437,2021-09-07 10:15:00,2021,9,7,10,15,92,92036,AUTOROUTE A15,48.9491789807,2.2803631759,Plein jour,Hors agglomération,Hors intersection,Normale,Deux véhicules - arrière,1,3,10,0,1,1,1,0,1,90,,2,1,0,0,1,57.0,39.0,,,1,1,1,1,2
202100020438,2021-09-07 06:00:00,2021,9,7,6,0,93,93066,AUTOROUTE A1,48.93062,2.36684,Nuit sans éclairage public,Hors agglomération,Hors intersection,Normale,Autre collision,1,3,8,0,1,1,1,0,1,90,,1,0,0,0,1,48.0,,,,3,1,1,1,6
202100020439,2021-09-06 20:00:00,2021,9,6,20,0,93,93010,AUTOROUTE A3,48.90266,2.47086,Plein jour,Hors agglomération,Hors intersection,Normale,Trois véhicules et plus - collisions multiples,1,3,7,0,1,3,1,0,1,110,,3,2,0,0,1,29.0,27.0,,,1,1,1,1,5
202100020440,2021-09-06 09:15:00,2021,9,6,9,15,93,93010,AUTOROUTE A3,48.91546,2.47764,Plein jour,Hors agglomération,Hors intersection,Normale,Deux véhicules - côté,1,3,7,0,1,1,1,0,1,90,,2,1,0,0,1,27.0,27.0,,,1,1,1,1,3
202100020441,2021-09-07 12:55:00,2021,9,7,12,55,77,77373,RN104,48.8021,2.62612,Plein jour,Hors agglomération,Hors intersection,Normale,Trois véhicules et plus - en chaîne,2,3,3,0,2,1,1,0,1,90,,7,3,0,0,4,52.0,30.0,,,1,1,1,1,4
202100020442,2021-09-07 08:00:00,2021,9,7,8,0,77,77146,A4.Y,48.83169,2.64831,Plein jour,Hors agglomération,Hors intersection,Normale,Deux véhicules - arrière,1,-1,8,0,1,1,1,0,1,110,,2,0,0,0,2,25.0,28.0,,,1,1,1,1,2
202100020443,2021-09-07 06:50:00,2021,9,7,6,50,94,94017,A4,48.82785,2.50591,Plein jour,Hors agglomération,Hors intersection,Normale,Deux véhicules - côté,1,3,10,0,1,1,1,1,1,90,,2,1,0,0,1,,46.0,,,1,1,1,1,3
202100020444,2021-05-14 15:41:00,2021,5,14,15,41,44,44164,Bel Air,47.099212,-1.84948,Plein jour,Hors agglomération,Hors intersection,Normale,Deux véhicules - côté,3,2,2,0,1,1,1,0,1,80,,2,1,0,0,1,88.0,15.0,,,1,1,1,1,3
202100020445,2021-05-17 16:15:00,2021,5,17,16,15,14,14366,D579,49.14062,0.22718,Plein jour,En agglomération,Hors intersection,Normale,Autre collision,9,1,0,0,1,1,1,0,1,50,,2,1,0,1,0,40.0,,,,1,2,1,1,6
202100020446,2021-05-12 13:50:00,2021,5,12,13,50,14,14366,D613,49.13286,0.236347,Plein jour,En agglomération,Intersection en T,Normale,Deux véhicules - arrière,3,1,1,0,2,1,1,3,1,30,,2,1,0,0,1,28.0,36.0,,,1,2,3,1,2
202100020447,2021-05-11 11:40:00,2021,5,11,11,40,14,14574,Chemin de la Cavée,49.14985,0.20493,Plein jour,Hors agglomération,Intersection en X,Normale,Deux véhicules - côté,3,2,2,0,1,1,1,9,1,80,,2,0,0,1,1,39.0,73.0,,,1,1,2,1,3
202100020448,2021-05-25 17:45:00,2021,5,25,17,45,62,62528,MANIEZ (R ALEXANDRE),50.456498,2.789685,Plein jour,En agglomération,Hors intersection,Normale,Sans collision,4,2,2,0,1,1,1,0,1,50,,1,0,0,1,0,22.0,,,,1,2,1,1,7
202100020449,2021-05-06 03:20:00,2021,5,6,3,20,62,62119,SABLIERES PROLONGEE ( RUE DES ),50.52549,2.654593,Nuit avec éclairage allumé,En agglomération,Autre intersection,Normale,Autre collision,4,2,2,0,1,2,2,0,1,50,,1,0,0,1,0,22.0,,,,5,2,9,1,6
202100020450,2021-05-29 13:15:00,2021,5,29,13,15,95,95680,HUIT MAI 1945 (AVENUE DU),49.005215,2.400318,Plein jour,En agglomération,Hors intersection,Normale,Deux véhicules - côté,3,2,2,0,1,1,1,0,1,30,,2,1,0,0,1,39.0,63.0,,,1,2,1,1,3
202100020451,2021-05-27 14:00:00,2021,5,27,14,0,95,95288,RD 193,48.9856433742,2.3426038027,Plein jour,En agglomération,Hors intersection,Normale,Deux véhicules - arrière,3,1,1,0,1,1,1,0,1,30,,3,2,0,1,0,32.0,47.0,,,1,2,1,1,2
202100020452,2021-05-14 05:35:00,2021,5,14,5,35,95,95598,Avenue de Paris,48.9906139158,2.2898125648,Nuit avec éclairage allumé,En agglomération,Intersection en T,Pluie légère,Deux véhicules - côté,3,3,4,0,1,1,2,5,1,50,,3,2,0,0,1,27.0,37.0,,,5,2,3,2,3
202100020453,2021-05-26 11:45:00,2021,5,26,11,45,59,59328,DERYCKE MARCEL RUE,50.643727,3.03458,Plein jour,En agglomération,Hors intersection,Pluie légère,Deux véhicules - arrière,4,1,2,1,1,2,2,0,1,50,,3,2,0,1,0,48.0,48.0,,,1,2,1,2,2
202100020454,2021-05-26 17:10:00,2021,5,26,17,10,59,59178,CLEMENCEAU (AVENUE GEORGES),50.37191,3.08862,Plein jour,En agglomération,Hors intersection,Temps couvert,Autre collision,4,1,2,0,1,1,1,0,1,30,,2,1,0,1,0,54.0,,,,1,2,1,8,6
202100020455,2021-05-27 14:50:00,2021,5,27,14,50,59,59350,DE GAULLE PLACE DU GENERAL,50.63705,3.06362,Plein jour,En agglomération,Hors intersection,Temps éblouissant,Autre collision,4,1,1,0,1,1,1,9,1,50,,4,3,0,1,0,,,,,1,2,1,7,6
202100020456,2021-05-27 17:30:00,2021,5,27,17,30,59,59328,CARNOY RUE DE LA N°2 AU 164,50.64725,3.01934,Plein jour,En agglomération,Hors intersection,Normale,Deux véhicules - côté,4,2,2,0,1,1,1,0,4,50,,2,1,0,0,1,12.0,40.0,,,1,2,1,1,3
202100020457,2021-05-25 20:30:00,2021,5,25,20,30,59,59378,MENIN RUE DE,50.67154,3.07753,Plein jour,En agglomération,Intersection en T,Normale,Deux véhicules - frontale,7,2,2,2,1,1,1,0,1,50,,2,1,0,0,1,27.0,21.0,,,1,2,3,1,1
202100020458,2021-05-21 16:45:00,2021,5,21,16,45,59,59350,ARRAS RUE D,50.6207584915,3.0658380329,Plein jour,En agglomération,Hors intersection,Normale,Autre collision,4,2,2,0,1,1,1,0,8,30,,2,1,0,0,1,36.0,,,,1,2,1,1,6
202100020459,2021-05-20 23:00:00,2021,5,20,23,0,59,59350,MOSELLE BOULEVARD N°IMPAIRS,50.62692,3.03096,Nuit avec éclairage allumé,En agglomération,Hors intersection,Normale,Autre collision,7,2,2,0,1,1,1,0,3,50,,1,0,1,0,0,23.0,,,,5,2,1,1,6
202100020460,2021-05-19 14:00:00,2021,5,19,14,0,59,59286,CARNOT SADI RUE,50.61185,2.99921,Plein jour,En agglomération,Hors intersection,Normale,Deux véhicules - côté,7,2,4,3,1,1,2,0,6,50,,3,2,0,1,0,51.0,22.0,,,1,2,1,1,3
202100020461,2021-05-18 20:00:00,2021,5,18,20,0,59,59350,MARCHE RUE DU,50.62588,3.05163,Plein jour,En agglomération,Intersection en X,Normale,Deux véhicules - côté,4,1,0,0,1,1,1,0,1,50,,2,1,0,0,1,37.0,35.0,,,1,2,2,1,3
202100020462,2021-05-18 15:00:00,2021,5,18,15,0,59,59378,REPUBLIQUE AV DE LA (N°930-1002),50.663164,3.098613,Plein jour,En agglomération,Hors intersection,Normale,Deux véhicules - côté,7,-1,2,0,1,1,1,0,1,50,,2,1,0,0,1,27.0,75.0,,,1,2,1,1,3
202100020463,2021-05-18 11:00:00,2021,5,18,11,0,59,59566,MARAIS RUE DU,50.62322,2.9872,Plein jour,En agglomération,Intersection en X,Normale,Deux véhicules - côté,7,2,2,0,1,1,1,0,1,30,,7,4,0,0,3,37.0,22.0,,,1,2,2,1,3
202100020464,2021-05-18 00:20:00,2021,5,18,0,20,59,59350,CHANZY RUE,50.626093,3.105641,Nuit avec éclairage allumé,En agglomération,Intersection en X,Normale,Autre collision,4,2,2,0,1,1,1,0,1,50,,3,1,0,0,2,19.0,,,,5,2,2,1,6
202100020465,2021-05-18 14:40:00,2021,5,18,14,40,59,59350,SOLFERINO RUE N°2 - 108,50.63358,3.05033,Plein jour,En agglomération,Intersection en T,Normale,Deux véhicules - côté,4,2,2,0,1,3,1,5,1,30,,2,1,0,0,1,35.0,,,,1,2,3,1,3
202100020466,2021-05-16 22:00:00,2021,5,16,22,0,59,59350,LIBERTE BVD N°2 - 90-51 - 145,50.63666,3.05289,Nuit avec éclairage allumé,En agglomération,Place,Normale,Trois véhicules et plus - collisions multiples,4,2,2,0,1,1,1,0,1,50,,3,2,0,0,1,27.0,27.0,,,5,2,7,1,5
202100020467,2021-05-16 21:15:00,2021,5,16,21,15,59,59350,FAUBOURG DES POSTES RUE,50.61246,3.04668,Crépuscule ou aube,En agglomération,Intersection en T,Normale,Deux véhicules - côté,7,2,2,0,1,1,2,0,1,50,,3,1,0,0,2,24.0,23.0,,,2,2,3,1,3
202100020468,2021-05-14 12:00:00,2021,5,14,12,0,59,59360,FOCH RUE DU MARECHAL,50.615656,3.02013,Plein jour,En agglomération,Hors intersection,Pluie légère,Deux véhicules - côté,7,2,2,2,1,1,2,0,1,50,,2,1,0,0,1,53.0,59.0,,,1,2,1,2,3
202100020469,2021-05-13 20:30:00,2021,5,13,20,30,59,59378,MARNE AVENUE DE LA,50.67952,3.1148,Plein jour,Hors agglomération,Intersection en X,Normale,Deux véhicules - côté,7,2,4,0,1,1,1,5,1,50,,2,0,0,0,2,21.0,36.0,,,1,1,2,1,3
202100020470,2021-05-04 19:20:00,2021,5,4,19,20,59,59378,CLEMENCEAU BLVD (N°168-294),50.65369,3.10963,Plein jour,En agglomération,Giratoire,Normale,Deux véhicules - côté,1,1,1,0,1,3,1,3,1,50,,2,1,0,0,1,44.0,,,,1,2,6,1,3
202100020471,2021-05-10 17:50:00,2021,5,10,17,50,59,59368,DE GAULLE RUE DU GENERAL,50.655997,3.073892,Plein jour,En agglomération,Hors intersection,Normale,Autre collision,7,-1,2,0,1,1,1,0,4,50,,2,1,0,0,1,20.0,,,,1,2,1,1,6
202100020472,2021-05-03 08:15:00,2021,5,3,8,15,69,69256,EGALITE (DE L') (R),45.78559,4.92405,Plein jour,En agglomération,Hors intersection,Normale,Autre collision,4,2,0,0,1,1,1,0,1,50,,2,1,0,0,1,67.0,,,,1,2,1,1,6
202100020473,2021-05-04 17:10:00,2021,5,4,17,10,68,68271,STADE (RUE DU),47.74721,7.3581,Plein jour,En agglomération,Hors intersection,Pluie légère,Autre collision,6,-1,0,0,1,1,2,0,6,20,,2,1,0,1,0,41.0,,,,1,2,1,2,6
202100020474,2021-06-02 20:25:00,2021,6,2,20,25,54,54547,AIGUILLETTES (BD 1 A 3),48.66695,6.16513,Plein jour,En agglomération,Hors intersection,Normale,Deux véhicules - côté,4,1,3,0,1,1,1,0,1,50,,3,2,0,0,1,48.0,44.0,,,1,2,1,1,3
202100020475,2021-06-03 12:10:00,2021,6,3,12,10,37,37214,CHEVREUL (RUE EUGENE),47.4245015794,0.6593888998,Plein jour,En agglomération,Giratoire,Normale,Sans collision,4,2,1,0,1,1,1,5,1,50,,1,0,0,0,1,64.0,,,,1,2,6,1,7
202100020476,2021-05-08 15:25:00,2021,5,8,15,25,26,26362,ROMANS ROUTE DE,44.942216,4.918029,Plein jour,En agglomération,Autre intersection,Normale,Autre collision,4,2,1,0,1,1,1,0,1,50,,2,1,0,0,1,62.0,12.0,,,1,2,9,1,6
202100020477,2021-05-27 17:40:00,2021,5,27,17,40,26,26198,7 Avenue de Gournier,44.53369,4.73341,Plein jour,En agglomération,Hors intersection,Normale,Trois véhicules et plus - en chaîne,2,2,3,0,1,1,1,0,1,70,,3,2,0,0,1,56.0,48.0,,,1,2,1,1,4
202100020478,2021-09-04 13:50:00,2021,9,4,13,50,988,98818,RUE JACQUES IEKAWE/VOIE MENANT A L'EGLISE PENTECOTISTE,-22.22294,166.48123,Plein jour,En agglomération,Intersection en T,Normale,Deux véhicules - frontale,4,2,2,0,1,1,1,0,1,50,,4,0,0,3,1,59.0,31.0,,,1,2,3,1,1
202100020479,2021-09-06 00:00:00,2021,9,6,0,0,69,69259,GEORGES LYVET (R),45.69541,4.87518,Nuit avec éclairage allumé,En agglomération,Hors intersection,Normale,Autre collision,4,2,2,0,1,1,1,0,1,50,,2,1,0,0,1,,,,,5,2,1,1,6
202100020480,2021-09-06 18:50:00,2021,9,6,18,50,69,69259,IRENE JOLIOT CURIE (BD),45.71057,4.883334,Plein jour,En agglomération,Hors intersection,Normale,Autre collision,4,3,4,2,1,1,1,0,5,50,,1,0,0,0,1,32.0,,,,1,2,1,1,6
202100020481,2021-09-05 15:00:00,2021,9,5,15,0,69,69259,SAVOIES (DES) (ALL),45.7168311113,4.8557800055,Plein jour,En agglomération,Hors intersection,Normale,Deux véhicules - arrière,4,1,2,0,1,1,1,0,1,50,,2,1,0,0,1,35.0,41.0,,,1,2,1,1,2
202100020482,2021-09-06 11:05:00,2021,9,6,11,5,69,69388,FRERES LUMIERE (DES) (AV),45.74564,4.86421,Plein jour,En agglomération,Intersection en X,Normale,Autre collision,4,1,2,2,1,1,1,0,3,30,,2,1,0,0,1,52.0,,,,1,2,2,1,6
202100020483,2021-09-06 12:30:00,2021,9,6,12,30,972,97209,MOI LAMINAIRE (RUE),14.597421,-61.043579,Plein jour,Hors agglomération,Autre intersection,Normale,Deux véhicules - arrière,4,2,2,0,2,2,1,0,1,30,,2,1,0,0,1,57.0,19.0,,,1,1,9,1,2
202100020484,2021-09-06 19:30:00,2021,9,6,19,30,69,69384,CANUTS (DES) (BD),45.77954,4.82748,Plein jour,En agglomération,Intersection en X,Normale,Deux véhicules - côté,4,2,3,2,1,1,1,0,1,50,,2,0,0,2,0,19.0,19.0,,,1,2,2,1,3
202100020485,2021-09-06 18:40:00,2021,9,6,18,40,69,69385,POINT DU JOUR (DU) (IMP),45.7565377167,4.7983662082,Plein jour,En agglomération,Hors intersection,Normale,Deux véhicules - arrière,4,2,2,0,1,1,1,0,1,50,,2,1,0,0,1,55.0,37.0,,,1,2,1,1,2
202100020486,2021-09-06 15:20:00,2021,9,6,15,20,69,69381,ROYALE (R),45.77193,4.83724,Plein jour,En agglomération,Hors intersection,Normale,Autre collision,4,1,1,2,1,1,1,0,1,30,,2,1,0,0,1,51.0,,,,1,2,1,1,6
202100020487,2021-09-06 12:23:00,2021,9,6,12,23,2B,2B120,11 - RT,42.65,9.44,Plein jour,En agglomération,Hors intersection,Normale,Deux véhicules - arrière,2,1,4,0,1,1,1,0,1,70,,3,2,0,0,1,26.0,69.0,,,1,2,1,1,2
202100020488,2021-09-06 12:50:00,2021,9,6,12,50,95,95598,EGALITE (RUE DE L'),48.9940548082,2.2942728164,Plein jour,En agglomération,Hors intersection,Temps éblouissant,Autre collision,4,2,2,0,1,1,1,9,4,30,,2,1,0,0,1,69.0,,,,1,2,1,7,6
202100020489,2021-09-05 06:00:00,2021,9,5,6,0,95,95476,RN 14,49.0579911101,2.0352762938,Nuit sans éclairage public,Hors agglomération,Hors intersection,Pluie légère,Deux véhicules - côté,2,3,4,0,1,1,2,0,1,90,,2,1,0,1,0,21.0,37.0,,,3,1,1,2,3
202100020490,2021-09-06 16:10:00,2021,9,6,16,10,91,91425,RUE DE LA PLAINE,48.64032,2.27483,Plein jour,En agglomération,Intersection en T,Normale,Deux véhicules - côté,4,2,2,0,1,1,1,0,1,30,,2,1,0,0,1,27.0,47.0,,,1,2,3,1,3
202100020491,2021-09-06 07:20:00,2021,9,6,7,20,91,91027,AV MARCEL SEMBAT,48.70803,2.37991,Plein jour,En agglomération,Autre intersection,Normale,Deux véhicules - côté,3,2,2,0,1,1,1,0,1,30,,2,1,0,0,1,42.0,54.0,,,1,2,9,1,3
202100020492,2021-09-03 18:20:00,2021,9,3,18,20,91,91223,RD 191,48.4424,2.13291,Plein jour,Hors agglomération,Hors intersection,Normale,Trois véhicules et plus - en chaîne,3,2,2,0,1,1,1,0,1,80,,3,2,0,0,1,39.0,30.0,,,1,1,1,1,4
202100020493,2021-09-04 12:53:00,2021,9,4,12,53,87,87085,LECLERC (AVENUE DU GENERAL),45.84132,1.25819,Plein jour,En agglomération,Hors intersection,Normale,Autre collision,4,2,2,0,1,1,1,0,1,50,,2,1,0,0,1,60.0,,,,1,2,1,1,6
202100020494,2021-08-22 19:40:00,2021,8,22,19,40,86,86066,Route de la Roche Posay,46.823483,0.597624,Plein jour,Hors agglomération,Hors intersection,Temps éblouissant,Deux véhicules - frontale,3,2,2,0,1,3,1,0,1,80,,3,0,0,0,3,78.0,38.0,,,1,1,1,7,1
202100020495,2021-09-06 10:20:00,2021,9,6,10,20,79,79081,Route de Paris,46.34108,-0.39114,Plein jour,Hors agglomération,Hors intersection,Normale,Deux véhicules - arrière,3,3,4,0,1,1,1,0,1,110,,3,1,0,0,2,52.0,50.0,,,1,1,1,1,2
202100020496,2021-09-04 02:15:00,2021,9,4,2,15,76,76351,MARECHAL JOFFRE (RUE),49.50031,0.12676,Nuit avec éclairage allumé,En agglomération,Intersection en Y,Normale,Autre collision,4,2,2,0,1,1,1,0,4,50,,1,0,0,0,1,36.0,,,,5,2,4,1,6
202100020497,2021-08-27 12:20:00,2021,8,27,12,20,76,76351,MARCEAU (RUE),49.49151,0.13229,Plein jour,En agglomération,Giratoire,Normale,Deux véhicules - côté,4,2,4,0,1,1,1,0,1,50,,2,1,0,0,1,39.0,24.0,,,1,2,6,1,3
202100020498,2021-09-05 05:56:00,2021,9,5,5,56,76,76351,HENRI CHANDELIER (PLACE),49.5064,0.09998,Nuit avec éclairage allumé,En agglomération,Hors intersection,Normale,Autre collision,4,1,1,0,1,4,1,0,4,50,,4,3,0,0,1,,,,,5,2,1,1,6
202100020499,2021-09-03 17:30:00,2021,9,3,17,30,76,76351,SAULES (DES),49.51258,0.1579,Plein jour,En agglomération,Hors intersection,Normale,Deux véhicules - côté,4,2,1,0,1,1,1,0,1,50,,3,1,0,0,2,39.0,18.0,,,1,2,1,1,3
202100020500,2021-09-06 16:45:00,2021,9,6,16,45,72,72181,RUAUDIN (RUE) N° IMP 1 A 67,47.981095,0.2155493,Plein jour,En agglomération,Hors intersection,Normale,Autre collision,4,2,2,0,1,1,1,0,1,50,,2,1,0,0,1,48.0,,,,1,2,1,1,6
202100020501,2021-09-06 09:00:00,2021,9,6,9,0,72,72181,PATTON GENERAL RTE ST-AUBIN A AV RUBILLA,48.019,0.17,Plein jour,Hors agglomération,Hors intersection,Normale,Trois véhicules et plus - en chaîne,3,1,1,0,1,1,1,0,1,50,,3,2,0,0,1,19.0,25.0,,,1,1,1,1,4
202100020502,2021-09-06 18:15:00,2021,9,6,18,15,69,69256,ROGER SALENGRO (R),45.76285,4.92935,Plein jour,En agglomération,Passage à niveau,Temps éblouissant,Trois véhicules et plus - collisions multiples,4,4,3,0,1,1,1,4,6,50,,5,0,0,2,3,26.0,30.0,,,1,2,8,7,5
202100020503,2021-09-05 01:40:00,2021,9,5,1,40,67,67482,PAUL DOPFF (RUE) ,48.55594,7.77157,Nuit avec éclairage allumé,En agglomération,Intersection en T,Normale,Deux véhicules - côté,4,2,2,1,1,1,1,0,1,50,,3,1,0,0,2,20.0,,,,5,2,3,1,3
202100020504,2021-09-06 07:00:00,2021,9,6,7,0,66,66136,ABBE PIERRE,42.6907826186,2.8747966996,Crépuscule ou aube,En agglomération,Hors intersection,Normale,Deux véhicules - côté,4,2,2,1,1,1,1,0,1,50,,2,1,0,0,1,,22.0,,,2,2,1,1,3
202100020505,2021-09-05 12:23:00,2021,9,5,12,23,66,66136,JULIEN PANCHOT (AVENUE),42.69284,2.8859,Plein jour,En agglomération,Hors intersection,Normale,Autre collision,4,2,2,0,1,1,1,0,1,50,,2,1,0,0,1,20.0,,,,1,2,1,1,6
202100020506,2021-09-05 12:30:00,2021,9,5,12,30,64,64129,JEAN MERMOZ,43.31743,-0.37834,Plein jour,En agglomération,Hors intersection,Normale,Autre collision,4,2,2,0,1,1,1,0,1,50,,2,1,0,0,1,83.0,,,,1,2,1,1,6