accident_id,datetime,annee,mois,jour,heure,minute,departement,commune_insee,adresse,latitude,longitude,luminosite,agglomeration,intersection,meteo,collision,catr,circ,nbv,vosp,prof,plan,surf,infra,situ,vma,nb_vehicules,nb_usagers,nb_indemnes,nb_tues,nb_blesses_hosp,nb_blesses_legers,age_cond_1,age_cond_2,veh_type_cond_1,veh_type_cond_2,lum_code,agg_code,int_code,atm_code,col_code
202100020507,2021-09-06 21:23:00,2021,9,6,21,23,64,64102,SOULT (AVENUE MARECHAL),43.48393,-1.49968,Nuit avec éclairage allumé,En agglomération,Hors intersection,Normale,Trois véhicules et plus - en chaîne,3,3,4,0,3,1,1,0,1,50,,3,2,0,0,1,20.0,25.0,,,5,2,1,1,4
202100020508,2021-09-06 12:33:00,2021,9,6,12,33,64,64102,SOULT (AVENUE MARECHAL),43.48368,-1.50025,Plein jour,En agglomération,Hors intersection,Normale,Trois véhicules et plus - en chaîne,3,3,4,0,2,1,1,0,1,50,,4,3,0,0,1,64.0,38.0,,,1,2,1,1,4
202100020509,2021-09-05 10:26:00,2021,9,5,10,26,64,64024,115 Avenue de l’Adour,43.5142,-1.50067,Plein jour,En agglomération,Intersection en T,Normale,Deux véhicules - côté,4,2,2,1,1,1,1,0,5,50,,2,1,0,0,1,83.0,70.0,,,1,2,3,1,3
202100020510,2021-09-06 12:25:00,2021,9,6,12,25,61,61117,ALENCON (RUE D'),48.4327,0.06264,Plein jour,En agglomération,Autre intersection,Normale,Autre collision,6,-1,-1,0,1,1,1,9,8,30,,1,0,0,0,1,70.0,,,,1,2,9,1,6
202100020511,2021-09-06 14:45:00,2021,9,6,14,45,59,59650,RD 112,50.7240342957,3.1911849976,Plein jour,En agglomération,Hors intersection,Normale,Deux véhicules - côté,7,2,2,0,1,1,1,0,1,50,,2,1,0,0,1,30.0,43.0,,,1,2,1,1,3
202100020512,2021-09-06 06:30:00,2021,9,6,6,30,59,59650,ALGER  (RUE D'),50.70797,3.18662,Crépuscule ou aube,En agglomération,Intersection à plus de 4 branches,Normale,Deux véhicules - côté,7,3,12,0,1,1,1,5,1,50,,2,1,0,1,0,,20.0,,,2,2,5,1,3
202100020513,2021-09-06 23:40:00,2021,9,6,23,40,59,59350,SOLFERINO RUE N°208-FIN-161-FIN,50.63047,3.05627,Nuit sans éclairage public,En agglomération,Hors intersection,Normale,Autre collision,4,2,2,1,1,1,1,0,5,30,,2,1,0,1,0,23.0,,,,3,2,1,1,6
202100020514,2021-09-06 18:30:00,2021,9,6,18,30,59,59350,ARRAS RUE D,50.62059,3.06566,Plein jour,En agglomération,Hors intersection,Normale,Autre collision,4,2,2,0,1,1,1,0,1,50,,2,1,0,0,1,25.0,,,,1,2,1,1,6
202100020515,2021-09-05 18:35:00,2021,9,5,18,35,51,51454,Rue Hugues Krafft,49.2752395695,4.0203111793,Plein jour,En agglomération,Intersection en X,Normale,Deux véhicules - côté,4,2,2,0,1,1,1,0,1,50,,2,1,0,0,1,71.0,44.0,,,1,2,2,1,3
202100020516,2021-09-05 17:25:00,2021,9,5,17,25,50,50532,GOLF (RUE DU),48.79507,-1.56539,Plein jour,En agglomération,Giratoire,Normale,Deux véhicules - côté,3,2,2,0,1,1,1,5,1,50,,2,1,0,0,1,68.0,52.0,,,1,2,6,1,3
202100020517,2021-09-03 15:55:00,2021,9,3,15,55,50,50129,SCHUMAN (BOULEVARD ROBERT),49.63821,-1.62531,Plein jour,En agglomération,Intersection en X,Normale,Deux véhicules - côté,4,2,2,0,1,1,1,0,1,50,,3,2,0,0,1,23.0,28.0,,,1,2,2,1,3
202100020518,2021-09-03 21:50:00,2021,9,3,21,50,50,50602,LEMARESQUIER (RUE AUGUSTIN),49.64757,-1.57823,Nuit avec éclairage non allumé,En agglomération,Intersection en X,Normale,Deux véhicules - frontale,4,2,2,0,1,1,1,0,1,50,,3,2,0,0,1,18.0,58.0,,,4,2,2,1,1
202100020519,2021-09-04 15:10:00,2021,9,4,15,10,50,50602,COUPLETS (ROUTE DES),49.65041,-1.55353,Plein jour,Hors agglomération,Hors intersection,Normale,Autre collision,3,2,2,0,2,1,1,0,1,70,,1,0,0,1,0,79.0,,,,1,1,1,1,6
202100020520,2021-09-06 18:13:00,2021,9,6,18,13,49,49007,JUIN PLACE ET RUE,47.445416,-0.570147,Plein jour,En agglomération,Hors intersection,Normale,Deux véhicules - côté,4,2,2,0,1,1,1,0,1,50,,2,1,0,0,1,73.0,80.0,,,1,2,1,1,3
202100020521,2021-09-01 18:52:00,2021,9,1,18,52,49,49007,VAUBAN AVENUE,47.45999,-0.55859,Plein jour,En agglomération,Hors intersection,Normale,Autre collision,4,2,2,0,1,1,1,0,1,50,,2,1,0,0,1,48.0,,,,1,2,1,1,6
202100020522,2021-09-06 15:22:00,2021,9,6,15,22,49,49007,AIGUILLERIE,47.47085,-0.5534,Plein jour,En agglomération,Hors intersection,Normale,Autre collision,4,1,1,0,1,1,1,0,1,50,,2,1,0,0,1,,,,,1,2,1,1,6
202100020523,2021-09-06 15:03:00,2021,9,6,15,3,49,49007,BRESSIGNY,47.46795,-0.55091,Plein jour,En agglomération,Hors intersection,Normale,Sans collision,4,1,1,0,1,1,1,0,1,30,,1,0,0,0,1,53.0,,,,1,2,1,1,7
202100020524,2021-09-06 08:21:00,2021,9,6,8,21,49,49007,CHAPEAU DE GENDARME,47.45224,-0.55359,Plein jour,En agglomération,Hors intersection,Normale,Sans collision,4,2,2,0,1,1,1,0,1,50,,2,1,0,0,1,35.0,,,,1,2,1,1,7
202100020525,2021-09-06 13:25:00,2021,9,6,13,25,45,45234,Avenue Jean Zay,47.90537,1.92036,Plein jour,En agglomération,Hors intersection,Normale,Deux véhicules - arrière,4,3,4,0,1,1,1,0,1,50,,2,1,0,1,0,49.0,24.0,,,1,2,1,1,2
202100020526,2021-09-02 19:35:00,2021,9,2,19,35,42,42207,Rue Victor Hugo,45.47445,4.51429,Plein jour,En agglomération,Autre intersection,Normale,Autre collision,4,1,2,0,1,1,1,0,1,50,,3,2,0,0,1,22.0,,,,1,2,9,1,6
202100020527,2021-09-06 17:50:00,2021,9,6,17,50,42,42127,Rue Alfred de Musset,46.0583832439,4.0610931069,Plein jour,En agglomération,Hors intersection,Normale,Deux véhicules - côté,3,2,2,0,1,1,1,0,1,50,,3,1,0,1,1,48.0,19.0,,,1,2,1,1,3
202100020528,2021-09-06 11:00:00,2021,9,6,11,0,38,38185,JOUHAUX (RUE L.)       (47-34 A 58),45.17969,5.74215,Plein jour,En agglomération,Hors intersection,Normale,Deux véhicules - côté,4,2,2,1,1,1,1,0,1,50,,2,1,0,0,1,55.0,44.0,,,1,2,1,1,3
202100020529,2021-09-06 07:15:00,2021,9,6,7,15,38,38179,chemin du Marais,45.1877483367,5.807333537,Plein jour,En agglomération,Hors intersection,Normale,Deux véhicules - côté,4,-1,2,0,1,1,1,4,6,180,,2,1,1,0,0,27.0,49.0,,,1,2,1,1,3
202100020530,2021-09-06 08:27:00,2021,9,6,8,27,37,37122,RD 37,47.34075,0.65842,Plein jour,En agglomération,Hors intersection,Normale,Deux véhicules - arrière,7,3,4,0,1,1,1,0,1,90,,5,1,0,0,4,32.0,25.0,,,1,2,1,1,2
202100020531,2021-09-06 09:00:00,2021,9,6,9,0,37,37261,HEURTELOUP (BOULEVARD),47.3920007984,0.6995527634,Plein jour,En agglomération,Hors intersection,Normale,Autre collision,4,1,2,0,1,1,1,0,1,50,,2,1,0,0,1,43.0,,,,1,2,1,1,6
202100020532,2021-09-04 06:18:00,2021,9,4,6,18,37,37122,VAUX (ROUTE DES),47.3417968407,0.641892437,Nuit sans éclairage public,Hors agglomération,Hors intersection,Normale,Autre collision,4,2,1,0,1,1,1,0,1,50,,1,0,0,0,1,25.0,,,,3,1,1,1,6
202100020533,2021-09-05 13:15:00,2021,9,5,13,15,37,37261,PROUDHON (AVENUE),47.3941914403,0.6671223512,Plein jour,En agglomération,Hors intersection,Normale,Autre collision,4,2,2,0,1,1,1,0,1,50,,2,1,0,0,1,24.0,47.0,,,1,2,1,1,6
202100020534,2021-09-06 15:30:00,2021,9,6,15,30,35,35238,VITRE (BLD DE),48.1204041235,-1.6507771235,Plein jour,En agglomération,Hors intersection,Normale,Deux véhicules - arrière,4,3,2,0,2,1,1,0,1,50,,3,2,0,0,1,47.0,46.0,,,1,2,1,1,2
202100020535,2021-09-06 12:15:00,2021,9,6,12,15,35,35238,SAINT-HELIER,48.10626,-1.66744,Plein jour,En agglomération,Hors intersection,Normale,Deux véhicules - arrière,4,2,2,2,1,1,1,0,5,30,,2,1,0,0,1,23.0,45.0,,,1,2,1,1,2
202100020536,2021-09-06 10:05:00,2021,9,6,10,5,35,35238,CHATEAUGIRON (DE),48.0947032013,-1.636141158,Plein jour,En agglomération,Hors intersection,Normale,Deux véhicules - arrière,4,2,2,2,1,1,1,0,5,50,,3,1,0,0,2,41.0,56.0,,,1,2,1,1,2
202100020537,2021-09-06 09:10:00,2021,9,6,9,10,33,33529,D259,44.5995,-1.1872,Plein jour,Hors agglomération,Hors intersection,Normale,Deux véhicules - arrière,3,2,2,0,2,2,1,0,1,80,,4,2,0,0,2,,27.0,,,1,1,1,1,2
202100020538,2021-09-06 20:20:00,2021,9,6,20,20,31,31557,TARBES (ROUTE DE),43.577866,1.327137,Nuit avec éclairage allumé,En agglomération,Giratoire,Normale,Deux véhicules - côté,7,3,2,0,1,1,1,9,1,50,,2,1,0,1,0,23.0,46.0,,,5,2,6,1,3
202100020539,2021-09-06 19:30:00,2021,9,6,19,30,31,31555,GRANDE BRETAGNE (AV DE) DU 39AU 306,43.59848,1.41846,Plein jour,En agglomération,Hors intersection,Normale,Deux véhicules - frontale,4,2,4,3,1,1,1,0,6,50,,2,1,0,0,1,35.0,75.0,,,1,2,1,1,1
202100020540,2021-09-06 17:25:00,2021,9,6,17,25,31,31555,AV M BOURGES MAUNOURY,43.631128,1.449562,Plein jour,En agglomération,Hors intersection,Normale,Autre collision,4,-1,1,0,1,1,1,9,1,50,,2,1,0,0,1,21.0,,,,1,2,1,1,6
202100020541,2021-09-06 07:47:00,2021,9,6,7,47,31,31555,AV DIDIER DAURAT PROLONGEE,43.5625043982,1.4925944807,Crépuscule ou aube,En agglomération,Hors intersection,Normale,Deux véhicules - arrière,4,2,4,3,4,4,1,0,6,50,,2,1,0,0,1,55.0,51.0,,,2,2,1,1,2
202100020542,2021-09-01 06:45:00,2021,9,1,6,45,30,30189,KENNEDY (AVENUE),43.82128,4.32374,Crépuscule ou aube,En agglomération,Hors intersection,Normale,Deux véhicules - frontale,4,3,4,0,1,1,1,0,1,50,,3,0,0,0,3,81.0,42.0,,,2,2,1,1,1
202100020543,2021-09-06 17:00:00,2021,9,6,17,0,30,30028,AVIGNON (ROUTE D'),44.14707,4.65652,Plein jour,Hors agglomération,Hors intersection,Normale,Trois véhicules et plus - collisions multiples,2,2,2,0,1,1,1,0,1,80,,10,6,1,0,3,34.0,56.0,,,1,1,1,1,5
202100020544,2021-09-06 08:25:00,2021,9,6,8,25,27,27229,COCHEREL (RUE DE),49.0203696,1.18192269,Plein jour,En agglomération,Giratoire,Normale,Trois véhicules et plus - collisions multiples,4,-1,2,0,1,1,1,0,1,50,,3,2,0,0,1,30.0,50.0,,,1,2,6,1,5
202100020545,2021-09-06 06:15:00,2021,9,6,6,15,25,25056,RN 1057 (BD CHURCHIL-ROUTE DE GRAY),47.24467,5.98204,Nuit avec éclairage allumé,En agglomération,Giratoire,Normale,Deux véhicules - côté,3,-1,2,0,2,3,1,5,1,50,,2,1,0,0,1,24.0,25.0,,,5,2,6,1,3
202100020546,2021-09-05 07:00:00,2021,9,5,7,0,21,21231,ARISTIDE BRIAND (AVENUE),47.3351135339,5.0544815429,Nuit avec éclairage allumé,En agglomération,Intersection en T,Normale,Autre collision,7,2,2,0,1,1,1,0,1,50,,1,0,0,1,0,25.0,,,,5,2,3,1,6
202100020547,2021-09-05 04:17:00,2021,9,5,4,17,21,21231,PASCAL (BOULEVARD),47.33883,5.04909,Nuit avec éclairage allumé,En agglomération,Intersection en T,Normale,Deux véhicules - frontale,4,2,2,0,1,1,1,0,1,50,,2,1,0,1,0,23.0,36.0,,,5,2,3,1,1
202100020548,2021-08-31 08:52:00,2021,8,31,8,52,18,18033,CHARITE (ROUTE DE LA),47.094299,2.412073,Plein jour,En agglomération,Hors intersection,Normale,Deux véhicules - côté,4,3,4,0,1,1,9,0,1,50,,2,1,0,1,0,29.0,83.0,,,1,2,1,1,3
202100020549,2021-09-06 15:30:00,2021,9,6,15,30,14,14221,ROUEN (ROUTE DE ),49.17352,-0.26435,Plein jour,Hors agglomération,Hors intersection,Normale,Trois véhicules et plus - en chaîne,3,2,2,0,1,1,1,0,1,90,,3,1,0,0,2,20.0,53.0,,,1,1,1,1,4
202100020550,2021-09-06 11:00:00,2021,9,6,11,0,13,13004,RTE N113 MARSEILLE A BORBEAUX,43.66126,4.65258,Plein jour,En agglomération,Autre intersection,Normale,Autre collision,3,1,1,0,1,2,1,9,1,50,,2,1,0,1,0,87.0,63.0,,,1,2,9,1,6
202100020551,2021-09-06 10:25:00,2021,9,6,10,25,09,09013,20 (R.N.) COTE NORD DU TUNNEL,42.975544,1.622501,Plein jour,Hors agglomération,Hors intersection,Normale,Autre collision,2,2,2,0,1,2,1,8,1,90,,3,1,0,1,1,34.0,69.0,,,1,1,1,1,6
202100020552,2021-09-06 10:45:00,2021,9,6,10,45,09,09122,VILLOTE (ALLEES DE),42.964075,1.608138,Plein jour,En agglomération,Hors intersection,Normale,Deux véhicules - arrière,3,1,2,0,1,1,1,0,1,50,,2,1,0,0,1,38.0,40.0,,,1,2,1,1,2
202100020553,2021-09-06 16:24:00,2021,9,6,16,24,06,06088,STE MARGUERITE (AV.) A PARTIR DU 62-63),43.69224,7.19993,Plein jour,En agglomération,Hors intersection,Normale,Autre collision,4,2,2,0,1,1,1,0,1,50,,2,1,0,0,1,65.0,,,,1,2,1,1,6
202100020554,2021-09-06 08:55:00,2021,9,6,8,55,06,06029,TONNER (AVENUE FRANCIS),43.54993,6.968584,Plein jour,En agglomération,Hors intersection,Normale,Autre collision,4,2,2,3,1,1,1,0,1,50,,2,1,0,1,0,37.0,53.0,,,1,2,1,1,6
202100020555,2021-09-04 06:55:00,2021,9,4,6,55,05,05061,PLAN DE GAP ( RUE DU ),44.57217,6.09756,Crépuscule ou aube,En agglomération,Hors intersection,Normale,Deux véhicules - frontale,4,2,2,0,2,3,1,0,1,30,,2,1,0,0,1,34.0,36.0,,,2,2,1,1,1
202100020556,2021-09-06 10:30:00,2021,9,6,10,30,75,75106,BOULEVARD DU MONTPARNASSE,48.841545,2.331144,Plein jour,En agglomération,Intersection en T,Normale,Deux véhicules - côté,4,2,6,0,1,1,1,0,1,30,,2,1,0,0,1,50.0,25.0,,,1,2,3,1,3
202100020557,2021-09-06 18:55:00,2021,9,6,18,55,75,75118,RUE DE LA CHAPELLE,48.890305,2.359881,Plein jour,En agglomération,Intersection en X,Normale,Autre collision,4,2,4,0,1,1,1,0,1,50,,2,1,0,0,1,,,,,1,2,2,1,6
202100020558,2021-09-05 20:45:00,2021,9,5,20,45,75,75118,RUE DE CLIGNANCOURT,48.886363,2.347586,Nuit avec éclairage allumé,En agglomération,Place,Normale,Deux véhicules - arrière,4,1,2,0,1,1,1,0,1,50,,2,1,0,0,1,53.0,37.0,,,5,2,7,1,2
202100020559,2021-09-04 23:30:00,2021,9,4,23,30,75,75116,AVENUE RAYMOND POINCARE,48.872195,2.284715,Nuit avec éclairage allumé,En agglomération,Intersection en X,Normale,Deux véhicules - côté,4,2,2,3,1,1,1,0,6,50,,2,1,0,0,1,22.0,38.0,,,5,2,2,1,3
202100020560,2021-09-06 16:30:00,2021,9,6,16,30,75,75115,RUE DU THEATRE,48.849601,2.286161,Nuit avec éclairage allumé,En agglomération,Intersection en X,Normale,Deux véhicules - côté,4,2,2,0,1,1,1,1,4,30,,2,1,0,0,1,,18.0,,,5,2,2,1,3
202100020561,2021-09-06 13:15:00,2021,9,6,13,15,75,75115,RUE PEGOUD,48.83458,2.266937,Plein jour,En agglomération,Intersection en X,Normale,Deux véhicules - côté,4,-1,1,0,1,1,1,0,1,30,,2,1,0,0,1,31.0,30.0,,,1,2,2,1,3
202100020562,2021-09-06 08:40:00,2021,9,6,8,40,75,75107,AVENUE DE SUFFREN,48.85189,2.299761,Plein jour,En agglomération,Hors intersection,Normale,Autre collision,4,2,2,0,1,1,1,0,1,30,,1,0,0,0,1,33.0,,,,1,2,1,1,6
202100020563,2021-09-05 11:25:00,2021,9,5,11,25,75,75115,QUAI BRANLY,48.854617,2.288852,Plein jour,En agglomération,Intersection en X,Normale,Deux véhicules - côté,4,2,4,0,1,1,1,0,1,30,,2,1,0,0,1,46.0,9.0,,,1,2,2,1,3
202100020564,2021-09-05 23:35:00,2021,9,5,23,35,75,75114,AVENUE DU GENERAL LECLERC,48.831366,2.3299,Nuit avec éclairage allumé,En agglomération,Intersection en T,Normale,Autre collision,4,2,4,0,1,1,1,0,1,30,,1,0,0,0,1,45.0,,,,5,2,3,1,6
202100020565,2021-09-06 18:15:00,2021,9,6,18,15,75,75113,BOULEVARD DE L HOPITAL,48.833266,2.356828,Plein jour,En agglomération,Intersection en X,Normale,Autre collision,4,2,4,0,1,1,1,0,1,30,,2,1,0,0,1,27.0,,,,1,2,2,1,6
202100020566,2021-09-06 15:30:00,2021,9,6,15,30,75,75113,RUE DE TOLBIAC,48.825869,2.351548,Plein jour,En agglomération,Hors intersection,Normale,Sans collision,4,3,4,0,1,1,1,0,1,30,,2,1,0,0,1,68.0,61.0,,,1,2,1,1,7
202100020567,2021-09-06 06:05:00,2021,9,6,6,5,75,75113,QUAI D AUSTERLITZ,48.837599,2.373662,Nuit avec éclairage allumé,En agglomération,Intersection en X,Normale,Autre collision,4,2,4,0,1,1,1,0,1,50,,2,1,0,0,1,67.0,,,,5,2,2,1,6
202100020568,2021-09-05 12:10:00,2021,9,5,12,10,75,75113,PLACE LOUIS ARMSTRONG,48.835872,2.359843,Plein jour,En agglomération,Place,Normale,Autre collision,4,1,1,0,1,2,1,0,1,30,,2,1,0,0,1,22.0,,,,1,2,7,1,6
202100020569,2021-09-06 18:00:00,2021,9,6,18,0,75,75112,AVENUE DE NOGENT   VINCENNES,48.844313,2.442401,Plein jour,En agglomération,Intersection en Y,Normale,Deux véhicules - côté,4,2,2,0,1,1,1,0,1,50,,2,1,0,0,1,52.0,25.0,,,1,2,4,1,3
202100020570,2021-09-05 12:30:00,2021,9,5,12,30,75,75112,AVENUE DAUMESNIL,48.84663,2.376715,Plein jour,En agglomération,Intersection en X,Normale,Deux véhicules - côté,4,2,4,0,1,1,1,0,1,30,,2,1,0,0,1,44.0,25.0,,,1,2,2,1,3
202100020571,2021-09-06 17:45:00,2021,9,6,17,45,75,75111,BOULEVARD VOLTAIRE,48.850417,2.392576,Plein jour,En agglomération,Intersection à plus de 4 branches,Normale,Deux véhicules - côté,4,2,2,0,1,1,1,0,1,30,,3,1,0,2,0,21.0,31.0,,,1,2,5,1,3
202100020572,2021-09-06 20:19:00,2021,9,6,20,19,75,75107,QUAI ANATOLE FRANCE,48.860302,2.327049,Plein jour,En agglomération,Hors intersection,Normale,Sans collision,4,1,3,0,1,1,1,0,1,30,,2,1,0,0,1,17.0,,,,1,2,1,1,7
202100020573,2021-09-06 12:00:00,2021,9,6,12,0,75,75104,RUE DE RIVOLI,48.85572,2.358981,Plein jour,En agglomération,Intersection en T,Normale,Autre collision,4,1,2,0,1,1,1,0,1,30,,2,1,0,0,1,,,,,1,2,3,1,6
202100020574,2021-09-06 06:30:00,2021,9,6,6,30,94,94078,Place Hector Berlioz,48.74636,2.44656,Crépuscule ou aube,En agglomération,Intersection en X,Normale,Deux véhicules - frontale,2,2,2,-1,1,1,1,5,1,50,,2,1,0,0,1,,52.0,,,2,2,2,1,1
202100020575,2021-09-06 13:00:00,2021,9,6,13,0,94,94055,PINCE VENT (AV DE),48.7905760326,2.5515559316,Plein jour,En agglomération,Intersection en Y,Normale,Deux véhicules - arrière,3,2,2,0,1,1,1,0,1,30,,2,1,0,0,1,48.0,42.0,,,1,2,4,1,2
202100020576,2021-09-06 17:30:00,2021,9,6,17,30,94,94042,GUY MOCQUET (AV),48.82285,2.4725,Plein jour,En agglomération,Intersection en X,Normale,Deux véhicules - côté,4,-1,1,0,1,1,1,0,1,30,,2,1,0,0,1,30.0,37.0,,,1,2,2,1,3
202100020577,2021-09-06 12:45:00,2021,9,6,12,45,94,94041,Rue Robespierre,48.809369,2.385566,Plein jour,En agglomération,Hors intersection,Normale,Deux véhicules - arrière,4,1,1,0,2,1,1,0,1,30,,2,1,0,0,1,32.0,,,,1,2,1,1,2
202100020578,2021-09-06 15:00:00,2021,9,6,15,0,94,94060,CUVETTE DE CHAMPLAIN,48.7882703894,2.5616382335,Plein jour,Hors agglomération,Hors intersection,Normale,Deux véhicules - arrière,3,3,4,0,2,1,1,0,1,30,,3,2,0,0,1,40.0,54.0,,,1,1,1,1,2
202100020579,2021-09-06 18:40:00,2021,9,6,18,40,94,94004,BREVANNES (R DE),48.75001,2.50502,Plein jour,En agglomération,Hors intersection,Normale,Autre collision,4,2,2,0,2,1,1,0,1,50,,2,1,0,0,1,58.0,76.0,,,1,2,1,1,6
202100020580,2021-09-01 21:30:00,2021,9,1,21,30,94,94002,VAILLANT COUTURIER (R),48.80422,2.41998,Nuit sans éclairage public,En agglomération,Hors intersection,Normale,Deux véhicules - frontale,4,2,2,0,1,1,1,0,1,50,,2,1,0,0,1,33.0,40.0,,,3,2,1,1,1
202100020581,2021-09-06 11:30:00,2021,9,6,11,30,93,93064,KENNEDY (AVENUE DU PRESIDENT),48.878023977,2.487573266,Plein jour,En agglomération,Hors intersection,Normale,Deux véhicules - arrière,3,2,2,0,1,1,1,0,1,50,,2,1,0,0,1,32.0,37.0,,,1,2,1,1,2
202100020582,2021-09-06 18:26:00,2021,9,6,18,26,93,93079,Route de Saint-Leu,48.95477,2.334142,Plein jour,En agglomération,Autre intersection,Normale,Deux véhicules - côté,3,2,4,1,1,1,1,0,5,50,,3,2,0,0,1,33.0,55.0,,,1,2,9,1,3
202100020583,2021-09-06 17:40:00,2021,9,6,17,40,93,93031,CHARLES (VILLA),48.9492950156,2.3292088509,Plein jour,En agglomération,Hors intersection,Normale,Deux véhicules - frontale,4,-1,2,0,1,1,1,0,1,50,,2,1,0,0,1,46.0,,,,1,2,1,1,1
202100020584,2021-09-06 10:50:00,2021,9,6,10,50,93,93031,ESPACE LUMIERE-DELATTRE DE TASSIGNY,48.95192,2.31314,Plein jour,En agglomération,Hors intersection,Normale,Deux véhicules - arrière,4,1,2,0,1,1,1,0,1,50,,2,1,0,0,1,44.0,16.0,,,1,2,1,1,2
202100020585,2021-09-06 15:45:00,2021,9,6,15,45,93,93027,Rue de la Convention / Avenue Marcel Cachin,48.92613,2.39666,Plein jour,En agglomération,Intersection en X,Normale,Deux véhicules - côté,3,2,4,0,1,1,1,0,1,50,,3,2,0,0,1,40.0,31.0,,,1,2,2,1,3
202100020586,2021-09-06 12:50:00,2021,9,6,12,50,93,93027,Rue du Docteur Roux / Rue de la Tréfilerie,48.92296,2.40705,Plein jour,En agglomération,Intersection en T,Normale,Deux véhicules - côté,4,2,2,0,1,3,1,0,1,50,,2,1,0,0,1,60.0,14.0,,,1,2,3,1,3
202100020587,2021-09-06 21:20:00,2021,9,6,21,20,93,93010,CARNOT (AV.) DE 56 A 129,48.898036,2.480612,Nuit avec éclairage allumé,En agglomération,Autre intersection,Normale,Deux véhicules - côté,4,1,1,0,1,1,1,0,1,30,,2,1,0,0,1,20.0,26.0,,,5,2,9,1,3
202100020588,2021-09-06 22:20:00,2021,9,6,22,20,93,93008,REPUBLIQUE (RUE DE LA),48.9071578555,2.4294239026,Nuit avec éclairage allumé,En agglomération,Autre intersection,Normale,Deux véhicules - arrière,3,3,2,2,1,1,1,0,1,50,,2,1,0,0,1,30.0,32.0,,,5,2,9,1,2
202100020589,2021-09-06 13:15:00,2021,9,6,13,15,93,93008,VAILLANT COUTURIER (AVENUE PAUL),48.905738,2.465152,Plein jour,En agglomération,Intersection en T,Normale,Deux véhicules - côté,3,1,2,0,1,1,1,0,1,50,,3,2,0,0,1,47.0,61.0,,,1,2,3,1,3
202100020590,2021-09-06 10:13:00,2021,9,6,10,13,93,93001,FRANCOIS MITTERRAND (QUAI),48.9082827046,2.3766517639,Plein jour,Hors agglomération,Hors intersection,Normale,Deux véhicules - frontale,4,-1,0,0,1,1,1,6,8,30,,2,1,0,0,1,33.0,46.0,,,1,1,1,1,1
202100020591,2021-09-06 07:25:00,2021,9,6,7,25,92,92078,MARECHAL LECLERC (AVENUE) (N° IMPAIRS),48.9377924396,2.3242799389,Plein jour,En agglomération,Intersection en T,Normale,Autre collision,3,3,2,0,1,1,1,0,4,50,,2,1,0,0,1,34.0,58.0,,,1,2,3,1,6
202100020592,2021-09-03 12:25:00,2021,9,3,12,25,92,92050,CLEMENCEAU GEORGES AVENUE N° PAIR,48.88651,2.20901,Plein jour,En agglomération,Intersection à plus de 4 branches,Normale,Deux véhicules - côté,3,2,4,0,1,1,1,5,1,50,,2,1,0,0,1,,62.0,,,1,2,5,1,3
202100020593,2021-09-06 13:10:00,2021,9,6,13,10,92,92049,BARBES RUE,48.8170679473,2.3314341194,Plein jour,En agglomération,Intersection en T,Normale,Deux véhicules - côté,3,2,2,0,1,1,1,0,1,50,,2,1,0,0,1,55.0,54.0,,,1,2,3,1,3
202100020594,2021-09-06 14:10:00,2021,9,6,14,10,92,92040,GALLIENI (BOULEVARD),48.829735863,2.2673793102,Plein jour,En agglomération,Intersection en T,Normale,Deux véhicules - arrière,3,2,2,0,1,1,1,0,1,30,,2,1,0,0,1,29.0,32.0,,,1,2,3,1,2
202100020595,2021-09-06 17:15:00,2021,9,6,17,15,92,92025,PAUL BERT (RUE),48.9262395601,2.2472056746,Plein jour,En agglomération,Hors intersection,Normale,Deux véhicules - arrière,3,2,2,0,1,1,1,0,1,50,,2,1,0,0,1,23.0,20.0,,,1,2,1,1,2
202100020596,2021-09-04 00:05:00,2021,9,4,0,5,75,75117,BOULEVARD DE DOUAUMONT,48.8966583837,2.3095630109,Nuit avec éclairage allumé,En agglomération,Intersection en X,Normale,Autre collision,4,2,4,0,1,1,1,0,1,50,,2,1,0,0,1,27.0,,,,5,2,2,1,6
202100020597,2021-09-05 13:35:00,2021,9,5,13,35,92,92012,EDOUARD VAILLANT (AVENUE) 57/FIN - 58/FI,48.8339660356,2.2447070596,Plein jour,En agglomération,Hors intersection,Normale,Trois véhicules et plus - collisions multiples,3,3,4,0,1,1,1,0,1,50,,3,2,0,0,1,45.0,23.0,,,1,2,1,1,5
202100020598,2021-09-07 10:30:00,2021,9,7,10,30,80,80009,A16,50.074026,1.973248,Plein jour,Hors agglomération,Hors intersection,Normale,Deux véhicules - arrière,1,1,2,0,1,1,1,0,1,130,,4,3,0,0,1,81.0,20.0,,,1,1,1,1,2
202100020599,2021-09-06 11:00:00,2021,9,6,11,0,41,41262,1371 Route de Bracieux,47.543285,1.5348,Plein jour,Hors agglomération,Hors intersection,Temps éblouissant,Autre collision,3,2,2,0,2,1,1,0,3,70,,2,1,0,1,0,34.0,,,,1,1,1,7,6
202100020600,2021-09-04 21:35:00,2021,9,4,21,35,49,49355,rd 147,47.145131,-0.823288,Crépuscule ou aube,Hors agglomération,Intersection en T,Normale,Autre collision,3,2,2,0,1,1,1,0,1,80,,4,3,0,1,0,18.0,,,,2,1,3,1,6
202100020601,2021-08-24 20:10:00,2021,8,24,20,10,31,31082,D826,43.597223,1.697935,Plein jour,Hors agglomération,Hors intersection,Normale,Deux véhicules - frontale,3,2,2,0,2,1,1,0,1,80,,4,0,2,2,0,47.0,36.0,,,1,1,1,1,1
202100020602,2021-06-03 13:55:00,2021,6,3,13,55,01,01075,D88,46.056519,4.819554,Plein jour,Hors agglomération,Hors intersection,Normale,Deux véhicules - frontale,3,2,2,0,1,1,1,0,1,80,,2,0,0,0,2,60.0,25.0,,,1,1,1,1,1