accident_id,datetime,annee,mois,jour,heure,minute,departement,commune_insee,adresse,latitude,longitude,luminosite,agglomeration,intersection,meteo,collision,catr,circ,nbv,vosp,prof,plan,surf,infra,situ,vma,nb_vehicules,nb_usagers,nb_indemnes,nb_tues,nb_blesses_hosp,nb_blesses_legers,age_cond_1,age_cond_2,veh_type_cond_1,veh_type_cond_2,lum_code,agg_code,int_code,atm_code,col_code
202100020603,2021-09-06 18:05:00,2021,9,6,18,5,67,67202,40 Rue du General Lebocq,48.757388,7.570658,Plein jour,En agglomération,Hors intersection,Normale,Trois véhicules et plus - en chaîne,3,2,2,0,1,1,1,0,1,50,,5,3,0,0,2,31.0,40.0,,,1,2,1,1,4
202100020604,2021-09-06 16:45:00,2021,9,6,16,45,58,58086,Route de Nevers,47.373971,2.922374,Plein jour,Hors agglomération,Hors intersection,Normale,Deux véhicules - arrière,3,2,2,0,1,1,1,0,1,-1,,2,1,0,1,0,31.0,54.0,,,1,1,1,1,2
202100020605,2021-09-07 11:51:00,2021,9,7,11,51,08,08397,N51 - PK 87.400,49.399915,4.244542,Plein jour,Hors agglomération,Hors intersection,Normale,Sans collision,2,3,4,0,1,1,1,0,8,110,,1,0,0,0,1,22.0,,,,1,1,1,1,7
202100020606,2021-09-07 08:15:00,2021,9,7,8,15,71,71443,23 Rue du Bout d Amont,46.938949,4.904816,Plein jour,En agglomération,Hors intersection,Temps éblouissant,Autre collision,4,2,2,0,1,2,1,0,1,50,,3,2,0,0,1,57.0,39.0,,,1,2,1,7,6
202100020607,2021-09-07 08:00:00,2021,9,7,8,0,30,30191,Route Nationale 580,44.140134,4.664426,Plein jour,Hors agglomération,Hors intersection,Normale,Deux véhicules - côté,2,2,2,0,1,1,1,0,1,80,,2,1,0,1,0,38.0,38.0,,,1,1,1,1,3
202100020608,2021-09-05 18:20:00,2021,9,5,18,20,59,59384,Ruelle Vendois,50.119206,3.740512,Plein jour,Hors agglomération,Hors intersection,Normale,Sans collision,4,2,1,0,1,1,1,0,3,50,,2,1,0,1,0,30.0,,,,1,1,1,1,7
202100020609,2021-08-24 15:45:00,2021,8,24,15,45,19,19023,lieu-dit Cors,45.1243179131,1.7562074661,Plein jour,Hors agglomération,Hors intersection,Normale,Autre collision,4,2,2,0,1,1,1,0,3,-1,,1,0,0,1,0,69.0,,,,1,1,1,1,6
202100020610,2021-09-07 08:45:00,2021,9,7,8,45,76,76488,D925,49.78194,0.583928,Plein jour,Hors agglomération,Intersection en X,Normale,Deux véhicules - arrière,3,2,2,0,1,1,1,9,1,80,,2,1,0,1,0,60.0,23.0,,,1,1,2,1,2
202100020611,2021-09-06 17:50:00,2021,9,6,17,50,76,76304,Route de Goderville,49.651477,0.435821,Plein jour,En agglomération,Intersection en T,Temps éblouissant,Deux véhicules - côté,3,2,2,0,1,1,1,0,1,50,,2,1,0,1,0,10.0,23.0,,,1,2,3,7,3
202100020612,2021-09-07 11:35:00,2021,9,7,11,35,76,76383,Route de l Oree du Bois,49.746703,0.961336,Plein jour,Hors agglomération,Hors intersection,Normale,Deux véhicules - côté,3,2,2,0,3,4,1,0,1,80,,2,1,0,0,1,41.0,19.0,,,1,1,1,1,3
202100020613,2021-09-05 18:36:00,2021,9,5,18,36,24,24020,Gare de Péage de THENON A89,45.151311,1.167544,Plein jour,Hors agglomération,Autre intersection,Normale,Trois véhicules et plus - en chaîne,1,1,5,0,1,1,1,7,8,70,,5,4,0,0,1,27.0,31.0,,,1,1,9,1,4
202100020614,2021-08-31 10:55:00,2021,8,31,10,55,33,33394,Lieu Dit Villemaurine,44.896764,-0.152618,Plein jour,En agglomération,Intersection en T,Normale,Deux véhicules - côté,3,2,2,0,1,1,1,0,1,30,,2,1,0,1,0,63.0,43.0,,,1,2,3,1,3
202100020615,2021-09-05 17:10:00,2021,9,5,17,10,11,11065,D14,42.869981,2.415843,Plein jour,Hors agglomération,Hors intersection,Normale,Autre collision,3,2,2,0,2,2,9,0,3,80,,1,0,0,0,1,66.0,,,,1,1,1,1,6
202100020616,2021-09-07 07:30:00,2021,9,7,7,30,11,11018,D119,43.209117,2.187352,Plein jour,Hors agglomération,Hors intersection,Temps couvert,Autre collision,3,2,2,0,1,1,1,0,3,80,,1,0,0,1,0,36.0,,,,1,1,1,8,6
202100020617,2021-09-07 13:15:00,2021,9,7,13,15,63,63443,9 Route de Pontmort,45.94278,3.182042,Plein jour,En agglomération,Hors intersection,Normale,Autre collision,3,2,2,0,1,1,1,0,3,50,,1,0,1,0,0,73.0,,,,1,2,1,1,6
202100020618,2021-09-06 17:30:00,2021,9,6,17,30,63,63096,D81,45.748727,3.301188,Plein jour,En agglomération,Intersection en X,Normale,Sans collision,3,2,2,0,2,2,1,0,1,-1,,1,0,0,1,0,37.0,,,,1,2,2,1,7
202100020619,2021-09-02 14:25:00,2021,9,2,14,25,63,63296,D10,45.775231,3.382802,Plein jour,Hors agglomération,Hors intersection,Normale,Autre collision,3,2,2,0,1,2,1,0,8,80,,1,0,0,1,0,51.0,,,,1,1,1,1,6
202100020620,2021-09-06 16:30:00,2021,9,6,16,30,76,76192,Rue du Huit Mai 1945,50.016631,1.318738,Plein jour,En agglomération,Intersection en T,Normale,Autre collision,3,2,2,0,1,1,1,0,1,50,,2,1,0,1,0,23.0,,,,1,2,3,1,6
202100020621,2021-09-07 15:00:00,2021,9,7,15,0,61,61484,RD923 - PK 13+860 - MALE,48.254313,0.699885,Plein jour,Hors agglomération,Hors intersection,Temps éblouissant,Deux véhicules - arrière,3,2,3,0,2,1,1,0,1,90,,2,1,0,1,0,53.0,84.0,,,1,1,1,7,2
202100020622,2021-09-07 09:48:00,2021,9,7,9,48,46,46273,Avenue Charles de Gaulle,44.869002,1.875124,Plein jour,En agglomération,Hors intersection,Normale,Deux véhicules - arrière,3,2,3,0,1,1,1,5,1,50,,2,1,0,1,0,87.0,69.0,,,1,2,1,1,2
202100020623,2021-09-06 18:15:00,2021,9,6,18,15,47,47252,Colombier Bas,44.384993,0.579856,Plein jour,Hors agglomération,Intersection en T,Normale,Trois véhicules et plus - collisions multiples,3,2,2,0,1,1,1,0,1,80,,3,1,0,1,1,51.0,30.0,,,1,1,3,1,5
202100020624,2021-09-06 19:15:00,2021,9,6,19,15,34,34142,Route de Bedarieux,43.730712,3.282112,Plein jour,Hors agglomération,Hors intersection,Normale,Trois véhicules et plus - collisions multiples,3,2,2,0,1,1,1,0,1,90,,3,0,0,2,1,52.0,63.0,,,1,1,1,1,5
202100020625,2021-09-07 15:20:00,2021,9,7,15,20,29,29049,D150 - Lieu Dit Kervestou,48.029456,-3.901241,Plein jour,Hors agglomération,Hors intersection,Normale,Trois véhicules et plus - collisions multiples,3,2,2,0,2,3,1,0,1,80,,4,0,0,4,0,17.0,40.0,,,1,1,1,1,5
202100020626,2021-09-04 13:15:00,2021,9,4,13,15,29,29266,D712 - Koad Ar C Hastell,48.5186209129,-3.928449298,Plein jour,Hors agglomération,Hors intersection,Normale,Autre collision,3,2,2,0,2,4,1,0,8,80,,1,0,0,1,0,36.0,,,,1,1,1,1,6
202100020627,2021-06-01 04:40:00,2021,6,1,4,40,38,38519,146 Route de Lyon,45.607498,5.037921,Nuit avec éclairage allumé,En agglomération,Hors intersection,Normale,Autre collision,3,2,2,0,1,1,1,0,4,50,,1,0,0,1,0,50.0,,,,5,2,1,1,6
202100020628,2021-09-05 13:10:00,2021,9,5,13,10,38,38422,RD 111 - MONTEE DE CHAMROUSSE,45.154125,5.872707,Plein jour,Hors agglomération,Autre intersection,Normale,Deux véhicules - côté,3,2,2,0,2,3,1,0,1,80,,2,1,0,1,0,52.0,57.0,,,1,1,9,1,3
202100020629,2021-09-07 15:45:00,2021,9,7,15,45,70,70205,D.16,47.655787,6.729571,Plein jour,Hors agglomération,Hors intersection,Normale,Deux véhicules - frontale,3,2,2,0,2,2,1,0,1,80,,3,2,1,0,0,70.0,70.0,,,1,1,1,1,1
202100020630,2021-09-07 17:45:00,2021,9,7,17,45,58,58115,D 116,46.827998,3.336995,Plein jour,Hors agglomération,Autre intersection,Normale,Deux véhicules - arrière,3,2,2,0,1,1,1,0,1,80,,4,1,0,3,0,19.0,30.0,,,1,1,9,1,2
202100020631,2021-09-07 15:40:00,2021,9,7,15,40,14,14455,Route de Falaise,48.980006,-0.357066,Plein jour,Hors agglomération,Hors intersection,Normale,Autre collision,3,2,2,0,2,3,1,0,3,90,,1,0,0,1,0,46.0,,,,1,1,1,1,6
202100020632,2021-09-06 20:30:00,2021,9,6,20,30,14,14731,D27,49.313079,0.047019,Crépuscule ou aube,Hors agglomération,Hors intersection,Temps couvert,Deux véhicules - frontale,3,2,2,0,2,1,2,0,1,80,,2,1,0,1,0,27.0,20.0,,,2,1,1,8,1
202100020633,2021-09-07 18:55:00,2021,9,7,18,55,50,50568,Route de la Brasardiere,49.003452,-1.426919,Plein jour,Hors agglomération,Hors intersection,Normale,Autre collision,3,2,2,0,1,1,1,0,1,80,,3,2,0,1,0,89.0,,,,1,1,1,1,6
202100020634,2021-09-06 12:30:00,2021,9,6,12,30,50,50215,77 Route de Coutances (Gouville-sur-Mer),49.092645,-1.573421,Plein jour,En agglomération,Hors intersection,Normale,Deux véhicules - côté,3,2,2,0,1,1,1,5,1,70,,2,1,0,0,1,20.0,81.0,,,1,2,1,1,3
202100020635,2021-09-07 06:20:00,2021,9,7,6,20,83,83012,Route de Draguignan,43.5593138271,6.0122444819,Crépuscule ou aube,En agglomération,Hors intersection,Normale,Trois véhicules et plus - collisions multiples,3,2,2,0,2,3,1,0,1,50,,3,1,0,0,2,59.0,20.0,,,2,2,1,1,5
202100020636,2021-09-04 23:48:00,2021,9,4,23,48,64,64256,Route de Cambo,43.381641,-1.314625,Nuit sans éclairage public,Hors agglomération,Hors intersection,Normale,Sans collision,3,2,2,0,2,3,1,0,1,-1,,1,0,0,1,0,34.0,,,,3,1,1,1,7
202100020637,2021-09-04 19:34:00,2021,9,4,19,34,73,73298,446 Chemin du Pommat,45.648592,6.439391,Plein jour,En agglomération,Hors intersection,Normale,Sans collision,4,2,1,0,1,1,1,0,1,50,,1,0,0,1,0,62.0,,,,1,2,1,1,7
202100020638,2021-09-07 00:30:00,2021,9,7,0,30,53,53012,Les Promenades,47.89273,-0.952986,Nuit sans éclairage public,Hors agglomération,Hors intersection,Normale,Sans collision,4,2,2,0,1,2,1,0,8,80,,2,0,2,0,0,28.0,,,,3,1,1,1,7
202100020639,2021-09-07 07:15:00,2021,9,7,7,15,21,21505,D10,47.405292,4.331038,Plein jour,Hors agglomération,Intersection en X,Normale,Deux véhicules - côté,3,2,2,0,1,1,1,0,1,80,,5,3,0,0,2,23.0,54.0,,,1,1,2,1,3
202100020640,2021-09-06 18:15:00,2021,9,6,18,15,24,24396,Montenset,44.890859,1.010946,Plein jour,Hors agglomération,Hors intersection,Normale,Sans collision,3,2,2,0,2,3,9,0,1,80,,1,0,0,1,0,37.0,,,,1,1,1,1,7
202100020641,2021-09-07 14:21:00,2021,9,7,14,21,28,28232,les masures,48.533665,0.934165,Plein jour,Hors agglomération,Hors intersection,Normale,Deux véhicules - côté,3,2,2,0,1,3,1,0,1,80,,2,1,0,1,0,,54.0,,,1,1,1,1,3
202100020642,2021-09-05 17:20:00,2021,9,5,17,20,17,17382,Rue du Stade,46.170819,-0.693587,Plein jour,En agglomération,Hors intersection,Normale,Autre collision,4,2,2,0,1,2,1,0,3,50,,1,0,0,1,0,78.0,,,,1,2,1,1,6
202100020643,2021-09-06 20:00:00,2021,9,6,20,0,30,30133,D62,43.5655,4.1244,Plein jour,Hors agglomération,Giratoire,Normale,Sans collision,3,3,4,0,1,1,1,0,1,90,,1,0,0,1,0,53.0,,,,1,1,6,1,7
202100020644,2021-07-14 08:25:00,2021,7,14,8,25,35,35275,N12,48.169706,-1.88055,Plein jour,Hors agglomération,Hors intersection,Normale,Autre collision,2,3,4,0,2,1,1,0,1,110,,1,0,0,1,0,20.0,,,,1,1,1,1,6
202100020645,2021-09-07 08:29:00,2021,9,7,8,29,13,13037,Rn 113,43.543828,5.186212,Plein jour,Hors agglomération,Hors intersection,Normale,Deux véhicules - frontale,7,2,2,0,1,1,1,0,1,80,,2,0,0,1,1,34.0,40.0,,,1,1,1,1,1
202100020646,2021-09-06 14:00:00,2021,9,6,14,0,44,44096,D923,47.414313,-1.189372,Plein jour,Hors agglomération,Hors intersection,Normale,Deux véhicules - frontale,3,2,2,0,1,3,1,0,1,70,,2,0,0,1,1,18.0,50.0,,,1,1,1,1,1
202100020647,2021-07-05 01:50:00,2021,7,5,1,50,971,97129,Nolivier,16.294976,-61.670774,Nuit sans éclairage public,Hors agglomération,Intersection en T,Pluie forte,Deux véhicules - côté,2,2,2,0,3,1,2,0,1,80,,2,1,0,0,1,19.0,21.0,,,3,1,3,3,3
202100020648,2021-09-07 11:25:00,2021,9,7,11,25,91,91661,Rue de la Prairie,48.700329,2.264353,Plein jour,En agglomération,Autre intersection,Normale,Deux véhicules - côté,3,2,2,0,1,1,1,9,1,70,,3,2,0,1,0,61.0,37.0,,,1,2,9,1,3
202100020649,2021-09-07 13:53:00,2021,9,7,13,53,13,13015,CD6,43.447513,5.443983,Plein jour,Hors agglomération,Hors intersection,Normale,Trois véhicules et plus - en chaîne,7,3,4,0,1,1,1,0,1,110,,4,1,1,0,2,41.0,43.0,,,1,1,1,1,4
202100020650,2021-09-05 10:10:00,2021,9,5,10,10,57,57535,Rue Nationale,49.053856,7.33883,Plein jour,Hors agglomération,Hors intersection,Normale,Sans collision,3,3,2,0,1,2,1,5,1,80,,2,1,0,1,0,,47.0,,,1,1,1,1,7
202100020651,2021-09-02 16:25:00,2021,9,2,16,25,57,57679,D910 PK 13+200,49.088426,6.617718,Plein jour,Hors agglomération,Hors intersection,Normale,Deux véhicules - arrière,3,2,2,0,1,1,1,0,1,110,,2,0,0,0,2,56.0,20.0,,,1,1,1,1,2
202100020652,2021-09-07 19:00:00,2021,9,7,19,0,38,38344,Avenue Gabriel Péri,45.364682,4.800382,Plein jour,En agglomération,Hors intersection,Normale,Autre collision,2,2,2,0,1,1,1,0,1,50,,2,1,0,1,0,24.0,,,,1,2,1,1,6
202100020653,2021-09-04 18:25:00,2021,9,4,18,25,69,69157,D31,45.8838830417,4.4808313251,Plein jour,Hors agglomération,Hors intersection,Normale,Sans collision,3,2,2,0,2,3,1,0,1,80,,1,0,0,1,0,23.0,,,,1,1,1,1,7
202100020654,2021-08-25 02:50:00,2021,8,25,2,50,17,17051,D201,46.180677,-1.378747,Nuit avec éclairage allumé,Hors agglomération,Hors intersection,Normale,Sans collision,3,2,2,0,1,2,1,0,1,70,,6,0,0,1,5,18.0,,,,5,1,1,1,7
202100020655,2021-09-01 17:50:00,2021,9,1,17,50,33,33483,11 Route de Birac,44.895428,-0.362416,Plein jour,En agglomération,Hors intersection,Normale,Deux véhicules - côté,4,2,2,0,1,2,1,0,1,50,,2,1,0,0,1,57.0,42.0,,,1,2,1,1,3
202100020656,2021-09-05 21:15:00,2021,9,5,21,15,33,33487,Rue Armand Beraud -Rd 10,44.971829,-0.479587,Nuit sans éclairage public,Hors agglomération,Intersection en Y,Normale,Autre collision,4,2,2,0,1,4,1,2,3,70,,1,0,1,0,0,62.0,,,,3,1,4,1,6
202100020657,2021-09-03 22:00:00,2021,9,3,22,0,72,72154,Boulevard de Montréal,47.69713,-0.06701,Nuit avec éclairage allumé,En agglomération,Hors intersection,Normale,Autre collision,3,2,2,1,1,1,1,0,1,70,,1,0,0,1,0,24.0,,,,5,2,1,1,6
202100020658,2021-09-07 08:45:00,2021,9,7,8,45,35,35191,Lieu Dit Launay (Montours),48.453883,-1.312298,Plein jour,Hors agglomération,Hors intersection,Normale,Deux véhicules - frontale,3,2,2,0,1,1,1,0,1,80,,2,1,1,0,0,31.0,59.0,,,1,1,1,1,1
202100020659,2021-09-06 10:30:00,2021,9,6,10,30,60,60589,parking Cora,49.237874,2.471752,Plein jour,En agglomération,Autre intersection,Normale,Deux véhicules - côté,6,-1,0,0,1,1,1,5,1,30,,3,2,0,1,0,69.0,23.0,,,1,2,9,1,3
202100020660,2021-09-03 09:10:00,2021,9,3,9,10,80,80685,Rue du Docteur Duquesnel,49.698258,2.792526,Plein jour,En agglomération,Hors intersection,Normale,Autre collision,3,2,2,0,1,1,1,0,1,50,,2,1,0,1,0,89.0,,,,1,2,1,1,6
202100020661,2021-09-07 08:30:00,2021,9,7,8,30,62,62746,7 Rue Edmond Madare,50.677303,1.634488,Plein jour,En agglomération,Hors intersection,Normale,Deux véhicules - arrière,3,-1,2,0,1,1,1,9,1,50,,2,1,0,1,0,34.0,23.0,,,1,2,1,1,2
202100020662,2021-09-05 08:00:00,2021,9,5,8,0,57,57433,Autoroute A31,49.2,6.17,Crépuscule ou aube,Hors agglomération,Hors intersection,Normale,Sans collision,1,1,1,0,1,2,1,3,3,70,,1,0,0,1,0,52.0,,,,2,1,1,1,7
202100020663,2021-09-06 18:20:00,2021,9,6,18,20,91,91534,RN 118,48.73815,2.17822,Plein jour,Hors agglomération,Hors intersection,Normale,Deux véhicules - arrière,2,1,2,0,1,1,1,0,1,90,,2,1,0,0,1,38.0,27.0,,,1,1,1,1,2
202100020664,2021-09-05 23:00:00,2021,9,5,23,0,78,78640,N118,48.77653,2.22129,Nuit sans éclairage public,Hors agglomération,Hors intersection,Normale,Autre collision,2,1,1,0,1,4,1,0,3,50,,1,0,0,0,1,21.0,,,,3,1,1,1,6
202100020665,2021-09-06 19:35:00,2021,9,6,19,35,94,94069,A4,48.8173109429,2.4424371778,Plein jour,Hors agglomération,Hors intersection,Normale,Deux véhicules - côté,1,-1,4,0,1,1,1,0,1,90,,2,1,0,0,1,23.0,44.0,,,1,1,1,1,3
202100020666,2021-09-06 16:40:00,2021,9,6,16,40,94,94069,A4,48.8173109429,2.4424371778,Plein jour,Hors agglomération,Hors intersection,Normale,Deux véhicules - arrière,1,-1,4,0,1,1,1,0,1,90,,2,0,0,0,2,61.0,22.0,,,1,1,1,1,2
202100020667,2021-09-06 14:55:00,2021,9,6,14,55,94,94033,A86.INT,48.850108308,2.4903935051,Plein jour,Hors agglomération,Hors intersection,Normale,Deux véhicules - côté,1,1,3,0,1,1,1,0,1,90,,2,1,0,0,1,40.0,38.0,,,1,1,1,1,3
202100020668,2021-09-04 08:45:00,2021,9,4,8,45,62,62525,RIMBAUD (AVE ARTHUR.....)DERRIERE AUCHAN,50.739298,2.2643667,Plein jour,En agglomération,Intersection en T,Normale,Autre collision,4,2,2,0,1,1,1,0,1,50,,2,1,0,1,0,41.0,,,,1,2,3,1,6
202100020669,2021-09-04 14:57:00,2021,9,4,14,57,03,03185,47 DEBUSSY ( AV. CLAUDE ),46.32,2.59,Plein jour,En agglomération,Hors intersection,Normale,Autre collision,3,2,2,0,2,1,1,0,1,50,,2,1,0,1,0,49.0,,,,1,2,1,1,6
202100020670,2021-09-06 06:40:00,2021,9,6,6,40,988,98818,AVENUE DU MARECHAL FOCH/RUE GEORGES BAUDOUX,-22.28096,166.44327,Plein jour,En agglomération,Intersection en X,Pluie légère,Deux véhicules - arrière,4,1,2,0,1,1,2,5,1,50,,2,1,0,0,1,31.0,51.0,,,1,2,2,2,2
202100020671,2021-09-04 06:30:00,2021,9,4,6,30,976,97611,mgombani-Baobab ( Bd ),-12.78519,45.22762,Plein jour,En agglomération,Hors intersection,Normale,Sans collision,2,3,2,0,2,3,1,0,4,50,,1,0,0,0,1,29.0,,,,1,2,1,1,7
202100020672,2021-09-05 05:20:00,2021,9,5,5,20,69,69388,MARIUS BERLIET (R),45.743,4.85983,Nuit avec éclairage allumé,En agglomération,Hors intersection,Normale,Sans collision,4,2,2,0,1,1,1,0,1,50,,1,0,0,0,1,29.0,,,,5,2,1,1,7
202100020673,2021-09-05 19:00:00,2021,9,5,19,0,972,97213,MORNE PITAULT (ROUTE DE),14.61183,-60.9619,Crépuscule ou aube,Hors agglomération,Hors intersection,Normale,Sans collision,4,2,2,0,2,3,9,0,1,50,,1,0,0,0,1,48.0,,,,2,1,1,1,7
202100020674,2021-09-04 22:14:00,2021,9,4,22,14,972,97213,AUTOROUTE A1,14.611474,-61.007538,Nuit avec éclairage allumé,En agglomération,Hors intersection,Normale,Deux véhicules - arrière,1,3,10,0,1,1,1,0,1,90,,3,1,1,0,1,32.0,56.0,,,5,2,1,1,2
202100020675,2021-09-04 11:30:00,2021,9,4,11,30,972,97209,RD 41 (ROCADE),14.61656,-61.05876,Plein jour,Hors agglomération,Hors intersection,Normale,Deux véhicules - arrière,3,3,4,0,1,1,1,0,1,50,,4,2,0,1,1,27.0,49.0,,,1,1,1,1,2
202100020676,2021-09-04 23:20:00,2021,9,4,23,20,972,97209,VICTOR LAMON (AVENUE),14.602316,-61.056854,Nuit avec éclairage allumé,En agglomération,Hors intersection,Normale,Deux véhicules - frontale,4,2,2,0,1,1,1,0,1,50,,2,1,0,0,1,,53.0,,,5,2,1,1,1
202100020677,2021-09-04 19:38:00,2021,9,4,19,38,69,69152,EUROPE (DE L') (BD),45.7019,4.82187,Plein jour,En agglomération,Hors intersection,Normale,Deux véhicules - arrière,7,2,2,2,1,1,1,0,1,30,,2,0,0,1,1,25.0,13.0,,,1,2,1,1,2
202100020678,2021-09-05 05:00:00,2021,9,5,5,0,69,69034,WETTE FAYS (DE) (CHM),45.7896540503,4.857968688,Nuit avec éclairage allumé,En agglomération,Hors intersection,Normale,Autre collision,4,1,1,0,1,1,1,0,4,50,,2,1,0,1,0,,,,,5,2,1,1,6
202100020679,2021-09-05 13:20:00,2021,9,5,13,20,971,97113,Morne Salines,16.21069,-61.44167,Plein jour,Hors agglomération,Intersection en T,Normale,Deux véhicules - côté,2,2,2,0,2,1,1,0,1,70,,2,1,0,0,1,54.0,45.0,,,1,1,3,1,3
202100020680,2021-09-05 12:45:00,2021,9,5,12,45,91,91215,RUE DE LA FORET,48.69197,2.51454,Plein jour,En agglomération,Hors intersection,Normale,Autre collision,4,2,2,0,2,1,1,0,1,30,,3,2,0,0,1,51.0,34.0,,,1,2,1,1,6
202100020681,2021-09-05 18:00:00,2021,9,5,18,0,83,83090,DELPHINIUMS (CHEMIN DES),43.1221405615,5.842269659,Plein jour,Hors agglomération,Hors intersection,Normale,Sans collision,4,2,1,0,1,1,1,0,1,50,,1,0,0,1,0,43.0,,,,1,1,1,1,7
202100020682,2021-09-05 07:35:00,2021,9,5,7,35,83,83062,RABASSON (CHEMIN DE),43.129453,6.025633,Plein jour,En agglomération,Hors intersection,Normale,Autre collision,4,2,2,0,1,3,1,0,1,30,,1,0,0,0,1,41.0,,,,1,2,1,1,6
202100020683,2021-09-05 11:55:00,2021,9,5,11,55,76,76026,PRAIRIES (CHEMIN DES),49.8765344824,1.1383992434,Plein jour,Hors agglomération,Autre intersection,Normale,Deux véhicules - côté,4,2,1,1,1,1,1,0,5,30,,2,1,0,1,0,68.0,73.0,,,1,1,9,1,3
202100020684,2021-09-05 23:30:00,2021,9,5,23,30,69,69256,BOLHEN (DE) (AV),45.7646551808,4.9192491174,Nuit avec éclairage allumé,En agglomération,Intersection en T,Normale,Autre collision,4,3,4,0,1,1,1,0,4,50,,3,2,0,1,0,20.0,,,,5,2,3,1,6
202100020685,2021-09-05 21:20:00,2021,9,5,21,20,69,69256,GEORGES DIMITROV (AV),45.77725,4.92501,Nuit avec éclairage allumé,En agglomération,Hors intersection,Normale,Autre collision,4,2,2,0,1,1,1,0,1,50,,2,1,0,1,0,54.0,,,,5,2,1,1,6
202100020686,2021-09-05 18:30:00,2021,9,5,18,30,69,69264,GAMBETTA (BD),45.9923,4.71505,Plein jour,En agglomération,Hors intersection,Normale,Trois véhicules et plus - en chaîne,4,2,2,0,1,1,1,0,1,50,,3,2,0,0,1,61.0,77.0,,,1,2,1,1,4
202100020687,2021-09-04 16:53:00,2021,9,4,16,53,65,65417,VILLON (RUE FRANCOIS),43.2323,0.1054,Plein jour,En agglomération,Intersection en T,Normale,Deux véhicules - côté,4,2,1,0,1,1,1,0,1,50,,2,1,0,0,1,21.0,21.0,,,1,2,3,1,3
202100020688,2021-09-06 00:20:00,2021,9,6,0,20,64,64122,PITCHOT (RUE DE),43.46491,-1.53516,Nuit avec éclairage non allumé,En agglomération,Hors intersection,Normale,Sans collision,6,-1,0,0,1,1,1,9,1,30,,1,0,0,0,1,17.0,,,,4,2,1,1,7
202100020689,2021-09-05 22:20:00,2021,9,5,22,20,51,51108,Rue Jean Jaurès,48.9547478607,4.3531281921,Nuit avec éclairage allumé,En agglomération,Hors intersection,Normale,Deux véhicules - frontale,4,-1,4,0,1,1,1,0,4,50,,4,3,0,1,0,21.0,21.0,,,5,2,1,1,1
202100020690,2021-09-05 22:15:00,2021,9,5,22,15,45,45208,DOUMER (RUE PAUL),47.99872,2.74318,Nuit avec éclairage allumé,En agglomération,Autre intersection,Normale,Deux véhicules - côté,3,2,2,0,1,1,1,0,1,50,,2,1,0,0,1,21.0,38.0,,,5,2,9,1,3
202100020691,2021-09-04 12:35:00,2021,9,4,12,35,45,45004,564 Rue de Saint-Firmin-des-Vignes,47.9772829841,2.7366634011,Plein jour,En agglomération,Hors intersection,Normale,Autre collision,3,2,2,0,2,1,1,0,8,50,,2,1,0,0,1,69.0,,,,1,2,1,1,6
202100020692,2021-09-06 02:45:00,2021,9,6,2,45,33,33063,Quai de Paludate,44.8294,-0.555083,Nuit avec éclairage allumé,En agglomération,Intersection en X,Normale,Autre collision,4,3,3,0,1,3,1,0,3,50,,1,0,0,0,1,28.0,,,,5,2,2,1,6
202100020693,2021-09-05 23:35:00,2021,9,5,23,35,33,33039,Avenue Lénine,44.796939,-0.555908,Nuit avec éclairage allumé,En agglomération,Intersection en X,Normale,Deux véhicules - frontale,4,3,2,0,2,1,1,4,6,30,,2,0,0,1,1,19.0,33.0,,,5,2,2,1,1
202100020694,2021-09-05 15:25:00,2021,9,5,15,25,33,33529,PYLA (BD DU),44.63135,-1.15643,Plein jour,Hors agglomération,Hors intersection,Normale,Autre collision,3,2,2,0,1,2,1,0,1,50,,1,0,0,0,1,36.0,,,,1,1,1,1,6
202100020695,2021-09-01 19:10:00,2021,9,1,19,10,29,29232,Avenue de Ty Bos,47.97119,-4.06414,Plein jour,En agglomération,Intersection en T,Normale,Trois véhicules et plus - en chaîne,4,2,2,0,1,1,1,0,1,50,,7,5,0,0,2,29.0,47.0,,,1,2,3,1,4
202100020696,2021-09-05 05:15:00,2021,9,5,5,15,29,29232,Avenue de Remscheid,47.98272,-4.08898,Nuit avec éclairage allumé,En agglomération,Hors intersection,Brouillard / fumée,Autre collision,4,2,2,0,3,2,1,0,3,50,,2,0,2,0,0,22.0,,,,5,2,1,5,6
202100020697,2021-09-03 10:20:00,2021,9,3,10,20,29,29039,Rue Hoche,47.8703781488,-3.9087488477,Plein jour,En agglomération,Hors intersection,Normale,Autre collision,4,1,1,0,1,1,1,0,1,30,,2,1,0,1,0,58.0,,,,1,2,1,1,6
202100020698,2021-08-31 21:03:00,2021,8,31,21,3,28,28085,MAUNOURY (RUE DU DOCTEUR),48.43959,1.48207,Nuit avec éclairage allumé,En agglomération,Intersection en X,Normale,Deux véhicules - côté,4,2,2,0,1,1,1,5,1,30,,2,1,0,0,1,24.0,17.0,,,5,2,2,1,3
202100020699,2021-09-04 17:40:00,2021,9,4,17,40,28,28218,ECOLES (RUE DES),48.4410949041,1.4631236096,Plein jour,En agglomération,Autre intersection,Temps couvert,Sans collision,3,2,4,0,1,1,2,9,1,50,,2,1,0,0,1,47.0,36.0,,,1,2,9,8,7