accident_id,datetime,annee,mois,jour,heure,minute,departement,commune_insee,adresse,latitude,longitude,luminosite,agglomeration,intersection,meteo,collision,catr,circ,nbv,vosp,prof,plan,surf,infra,situ,vma,nb_vehicules,nb_usagers,nb_indemnes,nb_tues,nb_blesses_hosp,nb_blesses_legers,age_cond_1,age_cond_2,veh_type_cond_1,veh_type_cond_2,lum_code,agg_code,int_code,atm_code,col_code
202100020893,2021-09-04 17:00:00,2021,9,4,17,0,93,93079,SAINT LEU (ROUTE),48.95531,2.33336,Plein jour,En agglomération,Intersection en T,Normale,Autre collision,3,2,2,2,1,1,1,0,1,50,,2,1,0,1,0,24.0,47.0,,,1,2,3,1,6
202100020894,2021-09-04 14:50:00,2021,9,4,14,50,93,93027,Avenue Jean Jaurès / Avenue Paul Vaillant Couturier,48.92094,2.41019,Plein jour,En agglomération,Place,Normale,Deux véhicules - côté,3,3,3,1,1,1,1,9,1,50,,3,2,0,0,1,22.0,43.0,,,1,2,7,1,3
202100020895,2021-09-04 02:50:00,2021,9,4,2,50,92,92073,SELLIER (BOULEVARD HENRI),48.8679212163,2.2256541252,Nuit avec éclairage allumé,En agglomération,Hors intersection,Normale,Autre collision,3,1,2,0,3,4,1,0,4,50,,2,1,0,0,1,,,,,5,2,1,1,6
202100020896,2021-09-04 14:50:00,2021,9,4,14,50,92,92062,BERTHELOT (RUE MARCELIN),48.8875314809,2.2330013763,Plein jour,En agglomération,Intersection en X,Normale,Autre collision,3,2,0,0,1,1,1,0,1,50,,2,1,0,0,1,23.0,,,,1,2,2,1,6
202100020897,2021-09-04 16:30:00,2021,9,4,16,30,92,92049,REPUBLIQUE AVENUE DE LA N°81 A FIN,48.81597,2.31805,Plein jour,En agglomération,Hors intersection,Normale,Deux véhicules - arrière,4,2,2,0,1,1,1,0,1,50,,3,2,0,0,1,77.0,30.0,,,1,2,1,1,2
202100020898,2021-09-05 13:15:00,2021,9,5,13,15,35,35136,30 Boulevard Cahours,47.958868,-1.490737,Plein jour,En agglomération,Intersection en X,Normale,Deux véhicules - arrière,4,2,2,0,2,1,1,0,1,50,,3,0,0,0,3,19.0,17.0,,,1,2,2,1,2
202100020899,2021-09-04 10:05:00,2021,9,4,10,5,73,73306,D902 Route du Galibier,45.0839,6.427882,Plein jour,Hors agglomération,Hors intersection,Normale,Sans collision,3,2,2,0,2,2,1,0,8,80,,1,0,0,0,1,58.0,,,,1,1,1,1,7
202100020900,2021-09-04 17:35:00,2021,9,4,17,35,71,71087,sur RD 215  la tuilerie,46.567653,4.747446,Plein jour,Hors agglomération,Intersection en X,Normale,Deux véhicules - côté,3,2,2,0,1,1,1,0,1,80,,2,1,0,0,1,44.0,40.0,,,1,1,2,1,3
202100020901,2021-09-05 01:05:00,2021,9,5,1,5,31,31446,Avenue Tolosane,43.545536,1.475199,Nuit avec éclairage allumé,En agglomération,Hors intersection,Normale,Autre collision,3,2,3,0,1,1,1,0,4,50,,1,0,0,1,0,23.0,,,,5,2,1,1,6
202100020902,2021-09-04 21:20:00,2021,9,4,21,20,83,83004,A8,43.44259,6.486268,Nuit sans éclairage public,Hors agglomération,Hors intersection,Normale,Trois véhicules et plus - en chaîne,1,3,3,0,1,1,1,0,1,130,,9,3,0,1,5,35.0,39.0,,,3,1,1,1,4
202100020903,2021-09-04 19:15:00,2021,9,4,19,15,68,68036,Rue de la Graviere,48.044471,7.532051,Plein jour,Hors agglomération,Intersection en X,Temps éblouissant,Deux véhicules - côté,3,2,1,0,1,1,1,0,1,80,,2,1,0,0,1,52.0,73.0,,,1,1,2,7,3
202100020904,2021-09-02 19:50:00,2021,9,2,19,50,83,83086,Route de Frejus,43.467992,6.592054,Crépuscule ou aube,Hors agglomération,Hors intersection,Normale,Sans collision,3,2,1,3,2,1,1,5,8,80,,1,0,0,1,0,45.0,,,,2,1,1,1,7
202100020905,2021-09-04 19:15:00,2021,9,4,19,15,86,86070,D951,46.571349,0.7297,Plein jour,Hors agglomération,Hors intersection,Normale,Deux véhicules - côté,3,2,2,0,1,1,1,0,1,90,,6,1,0,1,4,34.0,29.0,,,1,1,1,1,3
202100020906,2021-09-05 15:15:00,2021,9,5,15,15,42,42017,D8.6,45.3717,4.545915,Plein jour,Hors agglomération,Hors intersection,Normale,Autre collision,3,2,2,0,2,2,1,0,3,80,,2,0,1,0,1,71.0,,,,1,1,1,1,6
202100020907,2021-09-05 11:45:00,2021,9,5,11,45,44,44154,Avenue du Maréchal Foch,47.239669,-2.169057,Plein jour,En agglomération,Hors intersection,Normale,Deux véhicules - arrière,9,2,2,0,1,1,1,0,1,50,,3,2,0,0,1,49.0,40.0,,,1,2,1,1,2
202100020908,2021-09-04 17:05:00,2021,9,4,17,5,77,77425,D64,48.436997,2.591851,Plein jour,Hors agglomération,Hors intersection,Normale,Sans collision,3,2,2,0,1,1,1,0,3,80,,1,0,0,0,1,58.0,,,,1,1,1,1,7
202100020909,2021-09-05 17:40:00,2021,9,5,17,40,56,56255,Lieu Dit Kerbourho - RD 775 - PK 43+300,47.69621,-2.62824,Plein jour,Hors agglomération,Hors intersection,Normale,Deux véhicules - frontale,3,2,2,0,2,4,1,0,1,70,,7,0,1,1,5,39.0,61.0,,,1,1,1,1,1
202100020910,2021-09-03 16:23:00,2021,9,3,16,23,76,76408,Route des Hortensias,49.61153,0.359588,Plein jour,En agglomération,Hors intersection,Normale,Sans collision,4,2,1,0,1,3,1,0,1,80,,1,0,0,0,1,16.0,,,,1,2,1,1,7
202100020911,2021-09-04 22:40:00,2021,9,4,22,40,76,76734,CD 39,49.614005,0.287983,Nuit sans éclairage public,Hors agglomération,Hors intersection,Normale,Autre collision,3,2,2,0,1,2,1,0,1,80,,2,1,0,1,0,45.0,,,,3,1,1,1,6
202100020912,2021-09-04 15:25:00,2021,9,4,15,25,76,76397,Rue du Pont Saint-Pierre,49.792534,1.108723,Plein jour,En agglomération,Intersection en T,Normale,Sans collision,3,1,1,0,1,1,1,0,1,50,,1,0,0,0,1,28.0,,,,1,2,3,1,7
202100020913,2021-09-05 17:00:00,2021,9,5,17,0,79,79123,,46.734145,-0.66991,Plein jour,Hors agglomération,Intersection en X,Temps éblouissant,Deux véhicules - côté,3,2,2,0,3,1,1,0,1,90,,4,2,0,0,2,82.0,64.0,,,1,1,2,7,3
202100020914,2021-09-04 16:15:00,2021,9,4,16,15,82,82037,Chemin de Piboul,44.127891,1.578072,Plein jour,Hors agglomération,Hors intersection,Normale,Autre collision,4,2,1,0,1,2,1,0,3,80,,2,1,0,1,0,62.0,,,,1,1,1,1,6
202100020915,2021-09-04 16:00:00,2021,9,4,16,0,82,82125,D50 intersection route de borde basse et route de brials,43.932301,1.251873,Plein jour,Hors agglomération,Intersection en X,Normale,Deux véhicules - côté,3,2,2,0,1,1,1,5,1,80,,2,1,1,0,0,69.0,52.0,,,1,1,2,1,3
202100020916,2021-09-03 11:00:00,2021,9,3,11,0,65,65017,D 173,42.74925,0.190834,Plein jour,Hors agglomération,Hors intersection,Pluie légère,Deux véhicules - arrière,3,2,2,0,2,2,2,0,3,80,,2,1,0,1,0,64.0,62.0,,,1,1,1,2,2
202100020917,2021-09-03 22:30:00,2021,9,3,22,30,33,33348,Chemin du Corn,45.378751,-0.99904,Nuit sans éclairage public,En agglomération,Hors intersection,Normale,Autre collision,4,2,2,0,1,2,1,0,3,80,,2,0,0,1,1,30.0,,,,3,2,1,1,6
202100020918,2021-09-04 17:15:00,2021,9,4,17,15,71,71014,Boulevard Mazagran,46.955154,4.304988,Plein jour,En agglomération,Intersection en T,Normale,Autre collision,4,2,2,0,1,1,1,0,1,50,,2,1,0,0,1,19.0,,,,1,2,3,1,6
202100020919,2021-09-04 18:50:00,2021,9,4,18,50,12,12280,D18,44.902464,2.753253,Plein jour,Hors agglomération,Intersection en Y,Normale,Autre collision,3,2,2,0,1,2,1,0,3,80,,2,0,0,1,1,65.0,,,,1,1,4,1,6
202100020920,2021-09-05 03:15:00,2021,9,5,3,15,47,47069,Route de Dangosse,44.216694,0.598604,Nuit sans éclairage public,En agglomération,Hors intersection,Normale,Trois véhicules et plus - en chaîne,3,2,2,0,1,1,1,0,1,80,,5,1,0,0,4,16.0,42.0,,,3,2,1,1,4
202100020921,2021-09-04 17:05:00,2021,9,4,17,5,34,34071,23 Avenue de la Chapelle,43.802393,3.116085,Plein jour,En agglomération,Hors intersection,Normale,Autre collision,3,2,2,0,1,1,1,0,3,50,,2,1,0,1,0,19.0,,,,1,2,1,1,6
202100020922,2021-09-04 22:30:00,2021,9,4,22,30,29,29150,Route de Brigneau,47.787931,-3.66967,Nuit sans éclairage public,Hors agglomération,Hors intersection,Normale,Sans collision,3,2,2,0,1,1,1,0,3,80,,1,0,0,1,0,61.0,,,,3,1,1,1,7
202100020923,2021-09-04 19:30:00,2021,9,4,19,30,29,29146,Route de la Boissiere,47.906461,-3.838296,Plein jour,En agglomération,Hors intersection,Normale,Deux véhicules - côté,4,2,2,0,1,1,1,0,1,-1,,2,0,0,2,0,43.0,50.0,,,1,2,1,1,3
202100020924,2021-09-05 11:05:00,2021,9,5,11,5,29,29036,Croix Kerdudou,48.2850872069,-3.7434196472,Plein jour,Hors agglomération,Intersection en X,Normale,Deux véhicules - côté,3,2,2,0,1,1,1,5,1,80,,2,1,0,1,0,35.0,37.0,,,1,1,2,1,3
202100020925,2021-09-05 09:48:00,2021,9,5,9,48,02,02258,D 11,49.137403,3.183932,Plein jour,Hors agglomération,Intersection en Y,Normale,Deux véhicules - côté,3,2,2,0,1,2,1,0,1,80,,2,1,0,1,0,55.0,30.0,,,1,1,4,1,3
202100020926,2021-09-04 20:00:00,2021,9,4,20,0,02,02076,d52,49.398148,4.013143,Plein jour,Hors agglomération,Hors intersection,Normale,Autre collision,3,2,2,0,1,1,1,0,3,80,,1,0,1,0,0,46.0,,,,1,1,1,1,6
202100020927,2021-08-25 10:02:00,2021,8,25,10,2,85,85046,A87,46.7117344788,-1.2841558456,Plein jour,Hors agglomération,Hors intersection,Normale,Deux véhicules - arrière,1,3,4,0,1,1,1,0,1,130,,6,5,0,0,1,69.0,36.0,,,1,1,1,1,2
202100020928,2021-09-05 07:00:00,2021,9,5,7,0,70,70478,RN 57,47.680501,6.253678,Crépuscule ou aube,Hors agglomération,Hors intersection,Brouillard / fumée,Deux véhicules - frontale,2,2,2,0,1,1,1,0,1,80,,3,1,2,0,0,75.0,40.0,,,2,1,1,5,1
202100020929,2021-09-05 03:00:00,2021,9,5,3,0,70,70176,grande rue,47.891644,6.620893,Nuit avec éclairage allumé,En agglomération,Hors intersection,Normale,Autre collision,3,2,2,0,1,1,1,0,3,50,,3,0,0,3,0,37.0,,,,5,2,1,1,6
202100020930,2021-09-04 17:00:00,2021,9,4,17,0,70,70198,D70,47.565929,5.69242,Plein jour,Hors agglomération,Hors intersection,Normale,Autre collision,3,2,2,0,1,3,1,0,8,80,,1,0,0,1,0,62.0,,,,1,1,1,1,6
202100020931,2021-09-04 14:15:00,2021,9,4,14,15,58,58059,28 Avenue Gambetta,47.179209,3.025607,Plein jour,En agglomération,Hors intersection,Normale,Deux véhicules - côté,3,2,2,0,1,1,1,0,1,50,,2,1,0,1,0,19.0,20.0,,,1,2,1,1,3
202100020932,2021-09-05 11:30:00,2021,9,5,11,30,14,14326,D262,49.171365,0.311898,Plein jour,Hors agglomération,Hors intersection,Normale,Sans collision,3,2,2,0,1,2,1,0,3,80,,2,1,0,0,1,16.0,,,,1,1,1,1,7
202100020933,2021-09-05 13:15:00,2021,9,5,13,15,14,14339,Rue de l Eglise,49.1283846,-0.314847,Plein jour,En agglomération,Hors intersection,Normale,Sans collision,3,-1,1,2,1,1,1,0,5,50,,1,0,0,0,1,74.0,,,,1,2,1,1,7
202100020934,2021-09-05 18:55:00,2021,9,5,18,55,64,64016,D948,43.10367,-1.421871,Plein jour,Hors agglomération,Hors intersection,Normale,Sans collision,3,2,2,0,1,3,1,0,1,80,,1,0,0,1,0,63.0,,,,1,1,1,1,7
202100020935,2021-09-05 07:30:00,2021,9,5,7,30,73,73241,D925,45.61066,6.315529,Crépuscule ou aube,Hors agglomération,Hors intersection,Normale,Sans collision,3,2,2,0,1,1,1,0,3,80,,1,0,0,1,0,23.0,,,,2,1,1,1,7
202100020936,2021-09-03 07:15:00,2021,9,3,7,15,73,73151,D1090,45.509539914,6.0048233607,Crépuscule ou aube,Hors agglomération,Intersection à plus de 4 branches,Pluie légère,Deux véhicules - côté,1,1,1,0,1,2,2,5,1,-1,,3,2,0,1,0,18.0,49.0,,,2,1,5,2,3
202100020937,2021-09-04 21:00:00,2021,9,4,21,0,43,43205,la cotete,45.340774,4.332658,Nuit sans éclairage public,Hors agglomération,Hors intersection,Normale,Autre collision,4,2,2,0,2,1,1,0,3,80,,3,2,1,0,0,17.0,,,,3,1,1,1,6
202100020938,2021-09-04 09:30:00,2021,9,4,9,30,10,10323,1 rue de la boule d'or,48.519387,3.726452,Plein jour,En agglomération,Hors intersection,Normale,Autre collision,9,2,2,0,1,1,1,0,1,50,,2,1,0,0,1,72.0,,,,1,2,1,1,6
202100020939,2021-08-26 16:55:00,2021,8,26,16,55,24,24147,RD5,45.227136,0.952715,Plein jour,Hors agglomération,Intersection en Y,Normale,Deux véhicules - côté,3,2,2,0,2,3,1,3,1,90,,3,1,0,2,0,41.0,25.0,,,1,1,4,1,3
202100020940,2021-09-05 12:33:00,2021,9,5,12,33,04,04088,RD 4100,43.952201,5.771481,Plein jour,Hors agglomération,Giratoire,Normale,Autre collision,3,1,1,0,1,2,1,0,4,70,,3,2,0,1,0,55.0,57.0,,,1,1,6,1,6
202100020941,2021-09-04 19:00:00,2021,9,4,19,0,28,28059,Lieu Dit Petite Fontaine,48.68794,1.043234,Plein jour,Hors agglomération,Hors intersection,Pluie légère,Autre collision,3,2,2,0,1,1,2,0,3,80,,1,0,0,1,0,32.0,,,,1,1,1,2,6
202100020942,2021-09-01 18:20:00,2021,9,1,18,20,30,30133,Rue de l Altier,43.519684,4.131871,Plein jour,En agglomération,Giratoire,Normale,Deux véhicules - frontale,4,2,2,0,1,1,1,0,1,50,,2,1,0,1,0,61.0,65.0,,,1,2,6,1,1
202100020943,2021-09-05 16:15:00,2021,9,5,16,15,52,52491,Rue de Germay,48.421967,5.309572,Plein jour,Hors agglomération,Hors intersection,Normale,Sans collision,3,2,2,0,1,2,1,0,1,80,,2,0,0,0,2,42.0,,,,1,1,1,1,7
202100020944,2021-09-05 02:35:00,2021,9,5,2,35,08,08448,Rue de la Naux,49.872641,4.808096,Nuit avec éclairage allumé,En agglomération,Autre intersection,Normale,Sans collision,3,2,2,0,1,4,1,0,1,50,,1,0,0,1,0,27.0,,,,5,2,9,1,7
202100020945,2021-06-16 18:45:00,2021,6,16,18,45,26,26057,Autoroute A49,45.020277,5.043154,Plein jour,Hors agglomération,Hors intersection,Normale,Trois véhicules et plus - en chaîne,1,3,4,0,1,1,1,3,1,130,,4,2,0,0,2,68.0,36.0,,,1,1,1,1,4
202100020946,2021-09-04 22:30:00,2021,9,4,22,30,01,01142,A42,45.847332,5.080252,Nuit sans éclairage public,Hors agglomération,Hors intersection,Temps éblouissant,Autre collision,1,3,4,0,1,1,1,0,2,130,,2,1,0,0,1,42.0,20.0,,,3,1,1,7,6
202100020947,2021-08-07 04:15:00,2021,8,7,4,15,34,34135,Autoroute A9 pk 174+488,43.25333,3.159771,Nuit sans éclairage public,Hors agglomération,Hors intersection,Normale,Deux véhicules - arrière,1,3,4,0,1,1,1,0,1,130,,4,2,0,0,2,30.0,31.0,,,3,1,1,1,2
202100020948,2021-08-27 13:15:00,2021,8,27,13,15,59,59167,A2 PK 36.000 sens BRUXELLES-PARIS,50.2200173273,3.2473061,Plein jour,Hors agglomération,Hors intersection,Normale,Autre collision,1,3,4,0,1,1,1,0,1,130,,3,1,0,0,2,23.0,20.0,,,1,1,1,1,6
202100020949,2021-09-05 01:30:00,2021,9,5,1,30,988,98819,St Jean Baptiste (Tribu),-20.429456,164.440151,Nuit sans éclairage public,Hors agglomération,Hors intersection,Normale,Sans collision,4,2,2,0,1,1,1,0,1,30,,11,3,1,3,4,30.0,,,,3,1,1,1,7
202100020950,2021-09-05 01:30:00,2021,9,5,1,30,95,95023,RD 927,49.18394,2.125103,Nuit sans éclairage public,Hors agglomération,Hors intersection,Temps couvert,Deux véhicules - frontale,3,2,2,0,1,1,1,0,1,80,,2,0,0,1,1,38.0,42.0,,,3,1,1,8,1
202100020951,2021-08-30 20:45:00,2021,8,30,20,45,91,91292,D449,48.573626,2.259364,Crépuscule ou aube,Hors agglomération,Giratoire,Normale,Deux véhicules - frontale,3,4,2,1,1,3,1,0,1,50,,2,1,0,0,1,31.0,26.0,,,2,1,6,1,1
202100020952,2021-09-05 07:25:00,2021,9,5,7,25,34,34151,D61,43.596407,4.105378,Crépuscule ou aube,Hors agglomération,Giratoire,Brouillard / fumée,Autre collision,3,1,2,0,1,2,1,5,3,-1,,5,0,0,5,0,22.0,,,,2,1,6,5,6
202100020953,2021-09-05 07:30:00,2021,9,5,7,30,84,84138,route départementale 941,44.39169,5.029035,Plein jour,Hors agglomération,Hors intersection,Normale,Deux véhicules - côté,3,2,2,0,2,2,1,0,3,80,,2,0,0,1,1,19.0,,,,1,1,1,1,3
202100020954,2021-09-05 13:00:00,2021,9,5,13,0,06,06065,Route de Saint-Jeannet,43.736989,7.150449,Plein jour,Hors agglomération,Hors intersection,Normale,Deux véhicules - frontale,7,2,2,0,1,2,1,0,1,50,,3,1,0,0,2,37.0,53.0,,,1,1,1,1,1
202100020955,2021-09-05 02:30:00,2021,9,5,2,30,89,89055,D84,47.972801,3.613236,Nuit avec éclairage non allumé,Hors agglomération,Hors intersection,Brouillard / fumée,Autre collision,3,2,2,0,1,1,2,0,1,80,,2,1,0,0,1,32.0,,,,4,1,1,5,6
202100020956,2021-09-05 16:45:00,2021,9,5,16,45,68,68298,D48,48.197318,7.125835,Plein jour,Hors agglomération,Hors intersection,Normale,Deux véhicules - frontale,3,2,2,0,2,3,1,0,1,80,,2,0,0,0,2,60.0,23.0,,,1,1,1,1,1
202100020957,2021-09-03 18:45:00,2021,9,3,18,45,67,67361,D226,48.697957,7.663693,Plein jour,Hors agglomération,Hors intersection,Normale,Sans collision,3,2,2,0,1,1,1,0,1,80,,1,0,0,1,0,67.0,,,,1,1,1,1,7
202100020958,2021-09-03 18:50:00,2021,9,3,18,50,67,67348,29 Rue du General Leclerc,48.465861,7.49031,Plein jour,En agglomération,Giratoire,Normale,Autre collision,3,2,2,0,1,2,1,5,4,50,,1,0,0,1,0,22.0,,,,1,2,6,1,6
202100020959,2021-09-04 18:30:00,2021,9,4,18,30,74,74082,D45,46.12501,6.165926,Crépuscule ou aube,Hors agglomération,Hors intersection,Normale,Sans collision,3,2,2,0,2,4,1,0,1,80,,1,0,0,1,0,25.0,,,,2,1,1,1,7
202100020960,2021-09-05 15:47:00,2021,9,5,15,47,73,73123,D909 Route du Col des Aravis,45.872152,6.476092,Plein jour,Hors agglomération,Hors intersection,Normale,Deux véhicules - frontale,3,2,2,0,2,3,1,1,1,80,,3,1,0,1,1,49.0,57.0,,,1,1,1,1,1
202100020961,2021-09-04 23:55:00,2021,9,4,23,55,42,42299,Rue de Feurs,45.617118,4.078047,Nuit sans éclairage public,Hors agglomération,Hors intersection,Normale,Autre collision,3,2,2,0,1,1,1,0,3,80,,2,0,0,0,2,22.0,,,,3,1,1,1,6
202100020962,2021-09-05 10:05:00,2021,9,5,10,5,01,01160,Route de Meyrin,46.246159,6.096004,Plein jour,Hors agglomération,Intersection en X,Normale,Deux véhicules - frontale,3,2,2,0,1,1,1,5,1,80,,2,1,0,1,0,53.0,25.0,,,1,1,2,1,1
202100020963,2021-09-04 12:40:00,2021,9,4,12,40,69,69241,DEPARTEMENTALE 42 (RTE),45.621031,4.713746,Plein jour,Hors agglomération,Hors intersection,Normale,Sans collision,3,2,2,2,2,1,1,0,3,80,,2,0,0,2,0,50.0,,,,1,1,1,1,7
202100020964,2021-09-04 14:25:00,2021,9,4,14,25,69,69255,BORDEAUX (DE) (RTE),45.7369946755,4.6841150921,Plein jour,En agglomération,Intersection en T,Normale,Deux véhicules - côté,3,2,2,0,2,1,1,0,1,70,,4,2,0,1,1,51.0,37.0,,,1,2,3,1,3
202100020965,2021-08-26 13:25:00,2021,8,26,13,25,17,17161,D735,46.189546,-1.345772,Plein jour,Hors agglomération,Intersection en X,Normale,Deux véhicules - côté,3,2,2,0,1,1,1,0,1,70,,2,0,0,1,1,34.0,85.0,,,1,1,2,1,3
202100020966,2021-09-04 15:25:00,2021,9,4,15,25,24,24362,Chemin de Puychambaud,44.9875565698,0.8294034004,Plein jour,Hors agglomération,Intersection en X,Normale,Deux véhicules - côté,3,2,2,0,1,1,1,0,1,80,,3,2,0,1,0,57.0,68.0,,,1,1,2,1,3
202100020967,2021-09-05 01:15:00,2021,9,5,1,15,33,33256,pk 74 D2,44.984869,-0.621575,Nuit sans éclairage public,Hors agglomération,Intersection en X,Normale,Deux véhicules - côté,3,2,2,0,1,1,1,0,1,80,,5,0,1,0,4,18.0,39.0,,,3,1,2,1,3
202100020968,2021-09-05 16:00:00,2021,9,5,16,0,53,53175,RD 130,48.032656,-0.664083,Plein jour,Hors agglomération,Hors intersection,Normale,Autre collision,3,2,2,0,1,1,1,0,1,80,,2,1,1,0,0,30.0,,,,1,1,1,1,6
202100020969,2021-09-05 10:35:00,2021,9,5,10,35,14,14562,Avenue du General Koenig,49.327472,-0.390824,Plein jour,En agglomération,Hors intersection,Normale,Autre collision,3,2,2,0,1,1,1,0,1,50,,2,1,0,0,1,67.0,,,,1,2,1,1,6
202100020970,2021-09-03 16:50:00,2021,9,3,16,50,22,22093,Rue de l Orée,48.463617,-2.422453,Plein jour,En agglomération,Hors intersection,Normale,Autre collision,3,2,2,0,1,1,1,0,1,50,,3,1,0,2,0,62.0,,,,1,2,1,1,6
202100020971,2021-09-05 17:00:00,2021,9,5,17,0,62,62806,Route du Chatelet,50.866398,1.629663,Plein jour,En agglomération,Intersection en T,Normale,Deux véhicules - côté,3,2,2,0,1,1,1,0,1,50,,2,1,0,1,0,22.0,38.0,,,1,2,3,1,3
202100020972,2021-09-04 15:20:00,2021,9,4,15,20,13,13005,A50 - Sens Aubagne vers Marseille,43.281263,5.581788,Plein jour,Hors agglomération,Hors intersection,Normale,Deux véhicules - frontale,1,1,2,0,2,1,1,0,1,90,,1,0,0,1,0,37.0,,,,1,1,1,1,1
202100020973,2021-09-04 06:19:00,2021,9,4,6,19,13,13215,A7-Sens Lyon vers Marseille,43.3648,5.3603,Crépuscule ou aube,Hors agglomération,Hors intersection,Pluie légère,Deux véhicules - arrière,1,1,3,0,1,1,1,0,1,90,,2,1,0,0,1,42.0,58.0,,,2,1,1,2,2
202100020974,2021-09-03 11:50:00,2021,9,3,11,50,13,13055,A507 sens Aubagne- Marseille,43.338,5.378,Plein jour,Hors agglomération,Hors intersection,Normale,Trois véhicules et plus - en chaîne,1,3,2,0,1,1,1,0,1,70,,3,1,0,0,2,55.0,32.0,,,1,1,1,1,4
202100020975,2021-09-03 18:00:00,2021,9,3,18,0,13,13001,A51-Sens Marseille vers Aix en Provence,43.53003,5.42843,Plein jour,Hors agglomération,Hors intersection,Pluie légère,Deux véhicules - arrière,1,1,2,0,1,1,2,0,1,90,,3,2,0,0,1,19.0,38.0,,,1,1,1,2,2
202100020976,2021-09-03 23:35:00,2021,9,3,23,35,33,33550,ROCADE A 630,44.783264,-0.587612,Nuit avec éclairage allumé,Hors agglomération,Hors intersection,Normale,Autre collision,1,3,6,0,1,1,2,0,1,90,,1,0,0,0,1,67.0,,,,5,1,1,1,6
202100020977,2021-09-04 15:30:00,2021,9,4,15,30,91,91235,RN 104,48.625792,2.359148,Plein jour,Hors agglomération,Hors intersection,Normale,Deux véhicules - arrière,2,3,4,0,1,1,1,0,1,110,,3,2,0,0,1,44.0,28.0,,,1,1,1,1,2
202100020978,2021-09-03 22:58:00,2021,9,3,22,58,91,91471,RD 188 CHEVREUSE,48.692207,2.177146,Nuit sans éclairage public,Hors agglomération,Hors intersection,Normale,Deux véhicules - côté,3,2,2,0,1,1,1,0,1,70,,4,1,2,0,1,20.0,38.0,,,3,1,1,1,3
202100020979,2021-09-04 19:25:00,2021,9,4,19,25,78,78007,A13W,48.901159,2.005081,Plein jour,Hors agglomération,Hors intersection,Pluie légère,Autre collision,1,-1,2,0,1,1,2,0,1,110,,1,0,0,0,1,36.0,,,,1,1,1,2,6
202100020980,2021-09-04 15:00:00,2021,9,4,15,0,78,78043,A12 Y,48.824961,2.074486,Plein jour,Hors agglomération,Hors intersection,Normale,Sans collision,1,-1,4,0,1,1,1,1,1,110,,1,0,0,0,1,22.0,,,,1,1,1,1,7
202100020981,2021-09-04 13:20:00,2021,9,4,13,20,78,78545,A12 Y,48.816426,2.062916,Plein jour,Hors agglomération,Hors intersection,Normale,Trois véhicules et plus - en chaîne,1,1,4,0,1,1,1,0,1,110,,4,2,0,0,2,58.0,38.0,,,1,1,1,1,4
202100020982,2021-09-04 13:20:00,2021,9,4,13,20,93,93066,AUTOROUTE A86,48.92246,2.35485,Plein jour,Hors agglomération,Hors intersection,Normale,Trois véhicules et plus - en chaîne,1,3,8,0,1,1,1,0,1,90,,7,5,0,0,2,47.0,47.0,,,1,1,1,1,4
202100020983,2021-09-04 09:00:00,2021,9,4,9,0,95,95488, A15,49.01233,2.15038,Plein jour,Hors agglomération,Hors intersection,Pluie légère,Autre collision,1,3,6,0,1,1,2,0,1,110,,1,0,0,0,1,33.0,,,,1,1,1,2,6
202100020984,2021-09-03 09:00:00,2021,9,3,9,0,93,93006,AUTOROUTE A3,48.86719,2.42634,Plein jour,Hors agglomération,Hors intersection,Normale,Deux véhicules - arrière,1,3,8,0,1,1,1,0,1,90,,3,2,0,0,1,39.0,35.0,,,1,1,1,1,2
202100020985,2021-09-03 08:35:00,2021,9,3,8,35,95,95582,A15,48.96498,2.26108,Plein jour,Hors agglomération,Hors intersection,Normale,Deux véhicules - arrière,1,3,6,0,1,1,1,0,1,110,,2,1,0,0,1,42.0,41.0,,,1,1,1,1,2
202100020986,2021-09-03 08:10:00,2021,9,3,8,10,95,95582,A15,48.96347,2.26446,Plein jour,Hors agglomération,Hors intersection,Normale,Deux véhicules - côté,1,3,10,0,1,1,1,0,1,110,,2,1,0,0,1,62.0,27.0,,,1,1,1,1,3
202100020987,2021-09-03 03:45:00,2021,9,3,3,45,69,69259,11 NOVEMBRE 1918 (DU) (AV),45.6886966469,4.8633410259,Nuit avec éclairage allumé,En agglomération,Hors intersection,Pluie légère,Autre collision,4,2,2,0,2,1,2,0,1,50,,2,1,0,1,0,,,,,5,2,1,2,6
202100020988,2021-09-02 11:30:00,2021,9,2,11,30,95,95203,Rue Pierre Baudin,49.00081,2.26892,Plein jour,En agglomération,Giratoire,Normale,Deux véhicules - frontale,4,1,1,0,1,3,1,5,1,50,,2,0,0,0,2,81.0,52.0,,,1,2,6,1,1
202100020989,2021-09-03 17:00:00,2021,9,3,17,0,54,54482,LECLERC (AVENUE DU GENERAL),48.70585,6.20331,Plein jour,En agglomération,Hors intersection,Temps éblouissant,Autre collision,4,2,2,0,2,1,1,0,1,50,,2,1,0,0,1,64.0,,,,1,2,1,7,6
202100020990,2021-08-13 13:10:00,2021,8,13,13,10,30,30189,ANTONIN (SQUARE),43.8393,4.35517,Plein jour,En agglomération,Hors intersection,Normale,Autre collision,4,1,3,3,1,2,1,0,1,50,,2,1,1,0,0,58.0,,,,1,2,1,1,6