accident_id,datetime,annee,mois,jour,heure,minute,departement,commune_insee,adresse,latitude,longitude,luminosite,agglomeration,intersection,meteo,collision,catr,circ,nbv,vosp,prof,plan,surf,infra,situ,vma,nb_vehicules,nb_usagers,nb_indemnes,nb_tues,nb_blesses_hosp,nb_blesses_legers,age_cond_1,age_cond_2,veh_type_cond_1,veh_type_cond_2,lum_code,agg_code,int_code,atm_code,col_code
202100020991,2021-09-03 16:15:00,2021,9,3,16,15,94,94067,GENERAL DE GAULLE (AV DU),48.8408386162,2.4175787118,Plein jour,En agglomération,Hors intersection,Normale,Deux véhicules - côté,3,2,2,0,1,1,1,0,1,50,,2,0,0,0,2,29.0,23.0,,,1,2,1,1,3
202100020992,2021-05-11 10:30:00,2021,5,11,10,30,02,02408,BROSSOLETTE (BOULEVARD PIERRE),49.56914,3.61875,Plein jour,En agglomération,Hors intersection,Normale,Autre collision,4,2,2,0,1,1,1,0,1,50,,2,1,1,0,0,65.0,,,,1,2,1,1,6
202100020993,2021-09-03 14:35:00,2021,9,3,14,35,974,97411,KENTIAS (ALLEE DES),-20.90794,55.48079,Plein jour,En agglomération,Hors intersection,Normale,Deux véhicules - frontale,9,1,1,0,1,2,1,9,1,30,,2,1,0,0,1,29.0,,,,1,2,1,1,1
202100020994,2021-09-02 17:30:00,2021,9,2,17,30,974,97407,ROUTE NATIONALE N° 1,-20.95735,55.31645,Plein jour,Hors agglomération,Hors intersection,Normale,Trois véhicules et plus - collisions multiples,2,3,4,0,1,1,1,0,1,110,,3,2,0,0,1,53.0,27.0,,,1,1,1,1,5
202100020995,2021-08-31 20:30:00,2021,8,31,20,30,973,97302,NEGRES MARONS (RUE DES) CITE BONHOMME,4.9215077646,-52.3193796874,Nuit avec éclairage allumé,En agglomération,Intersection en X,Normale,Deux véhicules - côté,4,2,1,0,1,1,1,0,1,50,,2,1,0,0,1,19.0,36.0,,,5,2,2,1,3
202100020996,2021-09-03 23:30:00,2021,9,3,23,30,69,69382,JULES COURMONT (Q),45.7601,4.8379,Nuit avec éclairage allumé,En agglomération,Intersection en X,Normale,Deux véhicules - côté,4,3,6,3,1,1,1,0,1,50,,3,2,0,0,1,46.0,19.0,,,5,2,2,1,3
202100020997,2021-09-03 19:20:00,2021,9,3,19,20,69,69386,MONTGOLFIER (R),45.77234,4.85348,Plein jour,En agglomération,Hors intersection,Pluie légère,Deux véhicules - arrière,4,1,3,0,1,1,2,0,1,30,,2,1,0,0,1,53.0,26.0,,,1,2,1,2,2
202100020998,2021-09-03 13:45:00,2021,9,3,13,45,69,69387,CLAUDE BERNARD (Q),45.75471,4.83928,Plein jour,En agglomération,Intersection en T,Normale,Deux véhicules - côté,4,1,3,2,1,1,1,0,1,50,,2,1,0,0,1,22.0,27.0,,,1,2,3,1,3
202100020999,2021-06-24 18:20:00,2021,6,24,18,20,69,69387,TONY GARNIER (AV),45.73151,4.82415,Plein jour,En agglomération,Hors intersection,Normale,Deux véhicules - frontale,4,2,3,1,1,1,1,0,5,50,,2,1,0,0,1,26.0,49.0,,,1,2,1,1,1
202100021000,2021-09-03 12:45:00,2021,9,3,12,45,69,69387,LECLERC (AV),45.73872,4.82512,Plein jour,En agglomération,Hors intersection,Normale,Autre collision,9,2,1,1,1,1,1,0,5,20,,1,0,0,0,1,43.0,,,,1,2,1,1,6
202100021001,2021-09-03 16:30:00,2021,9,3,16,30,971,97101,ROUTE DE COMA,16.2737892088,-61.4691305812,Plein jour,Hors agglomération,Hors intersection,Normale,Deux véhicules - côté,4,2,2,0,1,1,1,0,1,70,,2,1,0,0,1,35.0,39.0,,,1,1,1,1,3
202100021002,2021-09-03 07:45:00,2021,9,3,7,45,971,97105,FELIX EBOUE (BOULVARD G.GENERAL),15.99257,-61.72782,Plein jour,En agglomération,Hors intersection,Normale,Deux véhicules - côté,2,3,2,0,3,1,1,0,1,50,,2,1,0,0,1,20.0,47.0,,,1,2,1,1,3
202100021003,2021-09-03 21:18:00,2021,9,3,21,18,95,95018,RD 311,48.94444,2.260588,Nuit sans éclairage public,Hors agglomération,Hors intersection,Normale,Autre collision,3,3,4,0,1,1,1,0,1,90,,2,0,0,0,2,47.0,,,,3,1,1,1,6
202100021004,2021-09-03 12:25:00,2021,9,3,12,25,91,91691,PAUL DOUMER(RUE),48.7162,2.50293,Plein jour,En agglomération,Intersection en Y,Normale,Deux véhicules - côté,4,2,2,0,1,1,1,0,1,50,,2,1,0,1,0,15.0,44.0,,,1,2,4,1,3
202100021005,2021-09-03 12:13:00,2021,9,3,12,13,91,91114,RUE DES GLAISES,48.698347,2.48898,Plein jour,En agglomération,Hors intersection,Normale,Deux véhicules - arrière,4,2,0,0,2,1,1,0,1,30,,2,1,0,0,1,55.0,11.0,,,1,2,1,1,2
202100021006,2021-09-03 08:00:00,2021,9,3,8,0,91,91691,PASTEUR (ROND POINT),48.694484,2.482856,Plein jour,En agglomération,Giratoire,Normale,Deux véhicules - côté,4,-1,1,0,1,2,1,9,1,30,,2,1,0,0,1,39.0,50.0,,,1,2,6,1,3
202100021007,2021-09-03 08:40:00,2021,9,3,8,40,91,91687,PLATANES (AVENUE DES),48.65053,2.36411,Plein jour,En agglomération,Autre intersection,Normale,Deux véhicules - côté,4,2,4,0,1,1,1,0,1,50,,2,1,0,0,1,43.0,31.0,,,1,2,9,1,3
202100021008,2021-09-03 00:55:00,2021,9,3,0,55,91,91377,SERGENT (RUE LUCIEN),48.731091,2.261132,Nuit avec éclairage allumé,En agglomération,Hors intersection,Normale,Deux véhicules - côté,3,1,1,0,1,1,1,0,1,50,,5,4,0,0,1,50.0,37.0,,,5,2,1,1,3
202100021009,2021-09-03 16:00:00,2021,9,3,16,0,86,86041,N147,46.60874,0.391762,Plein jour,Hors agglomération,Hors intersection,Normale,Trois véhicules et plus - en chaîne,2,3,4,0,1,1,1,0,1,110,,3,2,0,0,1,20.0,57.0,,,1,1,1,1,4
202100021010,2021-08-31 18:00:00,2021,8,31,18,0,83,83062,PAGNOL (CHEMIN MARCEL),43.1222542163,5.9917083525,Plein jour,En agglomération,Hors intersection,Normale,Deux véhicules - côté,4,2,2,0,1,1,1,9,1,30,,2,1,0,0,1,25.0,25.0,,,1,2,1,1,3
202100021011,2021-09-03 21:15:00,2021,9,3,21,15,81,81004,LANNES (BD DU MARECHAL),43.94302,2.14997,Crépuscule ou aube,En agglomération,Intersection en X,Normale,Deux véhicules - côté,3,2,-1,-1,1,1,1,5,1,-1,,2,1,0,0,1,35.0,22.0,,,2,2,2,1,3
202100021012,2021-09-02 17:15:00,2021,9,2,17,15,78,78490,CURIE (RUE PIERRE),48.801023,1.981517,Plein jour,En agglomération,Hors intersection,Temps éblouissant,Autre collision,4,2,0,0,1,1,1,0,4,50,,3,1,0,2,0,25.0,,,,1,2,1,7,6
202100021013,2021-09-02 20:25:00,2021,9,2,20,25,77,77368,D1E,48.54318,3.28679,Plein jour,Hors agglomération,Hors intersection,Normale,Autre collision,3,2,2,0,1,2,1,0,1,70,,2,1,0,1,0,22.0,,,,1,1,1,1,6
202100021014,2021-09-02 20:37:00,2021,9,2,20,37,77,77114,D216,48.722751,2.653853,Nuit sans éclairage public,En agglomération,Intersection en T,Normale,Deux véhicules - frontale,3,-1,2,0,1,1,1,0,1,30,,2,1,0,0,1,51.0,50.0,,,3,2,3,1,1
202100021015,2021-08-29 16:46:00,2021,8,29,16,46,77,77186,RD 409 panneau ONF à LIBERATION,48.413543,2.644731,Plein jour,Hors agglomération,Hors intersection,Normale,Autre collision,3,2,2,0,1,1,1,0,1,70,,2,0,0,1,1,23.0,24.0,,,1,1,1,1,6
202100021016,2021-09-01 21:15:00,2021,9,1,21,15,77,77186,D138,48.45388,2.70578,Crépuscule ou aube,Hors agglomération,Hors intersection,Normale,Autre collision,3,2,2,0,1,1,1,0,1,80,,1,0,0,1,0,59.0,,,,2,1,1,1,6
202100021017,2021-09-03 16:40:00,2021,9,3,16,40,76,76498,Rue Jacquard,49.43031,1.0538,Plein jour,En agglomération,Intersection en T,Normale,Autre collision,4,2,2,0,1,1,1,0,1,30,,2,1,0,1,0,73.0,,,,1,2,3,1,6
202100021018,2021-08-31 08:30:00,2021,8,31,8,30,76,76351,ETRETAT (D'),49.497806,0.096467,Plein jour,En agglomération,Hors intersection,Normale,Deux véhicules - arrière,4,2,2,0,2,1,1,0,1,50,,2,0,0,0,2,78.0,70.0,,,1,2,1,1,2
202100021019,2021-09-03 22:25:00,2021,9,3,22,25,72,72181,HUGO VICTOR (RUE) HORS JARDIN PUBLIQUE,47.99948,0.19975,Nuit avec éclairage allumé,En agglomération,Hors intersection,Normale,Deux véhicules - frontale,4,2,3,0,1,1,1,5,1,50,,2,1,0,0,1,59.0,60.0,,,5,2,1,1,1
202100021020,2021-09-03 08:35:00,2021,9,3,8,35,72,72181,SAVORGNAN DE BRAZZA (AV) N° PAIRS,48.0144,0.22167,Plein jour,En agglomération,Hors intersection,Normale,Autre collision,4,2,2,0,1,1,1,0,1,50,,2,1,0,0,1,65.0,,,,1,2,1,1,6
202100021021,2021-09-03 10:50:00,2021,9,3,10,50,71,71040,GRANDES BRUYERES (RUE DES ),46.7017528592,4.4015577205,Plein jour,En agglomération,Intersection en Y,Normale,Deux véhicules - côté,4,2,2,0,1,1,1,0,1,50,,2,1,0,0,1,47.0,35.0,,,1,2,4,1,3
202100021022,2021-09-02 10:00:00,2021,9,2,10,0,67,67447,COPENHAGUE (RUE DE),48.61134,7.717,Plein jour,En agglomération,Hors intersection,Temps éblouissant,Deux véhicules - côté,4,2,2,0,1,1,1,0,1,50,,3,2,0,0,1,21.0,68.0,,,1,2,1,7,3
202100021023,2021-09-02 10:54:00,2021,9,2,10,54,66,66136,euro-méditerranée,42.67009,2.85844,Plein jour,Hors agglomération,Giratoire,Normale,Deux véhicules - côté,3,1,2,0,1,2,1,0,1,50,,2,1,0,0,1,78.0,32.0,,,1,1,6,1,3
202100021024,2021-09-03 18:45:00,2021,9,3,18,45,64,64545,RD810,43.3705593268,-1.682434166,Plein jour,En agglomération,Hors intersection,Normale,Trois véhicules et plus - en chaîne,3,2,2,0,2,1,1,0,1,50,,4,3,0,0,1,30.0,66.0,,,1,2,1,1,4
202100021025,2021-09-03 08:45:00,2021,9,3,8,45,64,64445,TRESPOEY DE,43.29838,-0.35768,Plein jour,En agglomération,Intersection en T,Pluie légère,Deux véhicules - côté,4,2,2,0,1,1,2,0,1,50,,2,1,0,0,1,64.0,16.0,,,1,2,3,2,3
202100021026,2021-09-02 14:25:00,2021,9,2,14,25,64,64132,COMMANDANT RENE MOUCHOTTE DU,43.303,-0.32294,Plein jour,Hors agglomération,Hors intersection,Normale,Autre collision,4,2,4,1,1,1,1,0,5,50,,2,1,0,0,1,68.0,75.0,,,1,1,1,1,6
202100021027,2021-09-02 21:40:00,2021,9,2,21,40,64,64024,Avenue de Bayonne,43.4806440983,-1.5140989423,Nuit avec éclairage allumé,En agglomération,Autre intersection,Pluie forte,Sans collision,3,2,3,3,1,1,2,5,1,30,,2,0,0,0,2,75.0,,,,5,2,9,3,7
202100021028,2021-09-02 19:45:00,2021,9,2,19,45,64,64102,PIECE NOYEE (ROND POINT DE LA),43.49898,-1.48138,Plein jour,En agglomération,Hors intersection,Normale,Sans collision,4,2,2,0,1,2,1,0,1,50,,1,0,0,1,0,63.0,,,,1,2,1,1,7
202100021029,2021-09-01 13:40:00,2021,9,1,13,40,64,64102,BASQUE (AVENUE DU GRAND),43.48827,-1.45982,Plein jour,En agglomération,Hors intersection,Normale,Deux véhicules - côté,3,2,5,0,1,1,1,0,1,50,,2,1,0,0,1,27.0,53.0,,,1,2,1,1,3
202100021030,2021-09-03 13:30:00,2021,9,3,13,30,59,59421,TOURCOING (RUE DE),50.710841,3.13417,Plein jour,En agglomération,Hors intersection,Normale,Deux véhicules - arrière,7,2,2,1,1,1,1,0,1,50,,2,0,0,0,1,53.0,,,,1,2,1,1,2
202100021031,2021-09-03 08:50:00,2021,9,3,8,50,59,59152,FRIOUL (IMPASSE),50.7566266074,2.9888418317,Plein jour,En agglomération,Intersection en X,Normale,Deux véhicules - côté,4,2,2,0,1,1,1,0,1,50,,2,1,0,0,1,34.0,28.0,,,1,2,2,1,3
202100021032,2021-09-03 08:38:00,2021,9,3,8,38,59,59512,DUBOIS(RUE),50.6908,3.1695,Plein jour,En agglomération,Hors intersection,Normale,Deux véhicules - côté,4,2,2,0,1,1,1,0,1,30,,2,1,0,0,1,29.0,51.0,,,1,2,1,1,3
202100021033,2021-09-02 12:00:00,2021,9,2,12,0,59,59350,DUNKERQUE AVENUE DE,50.64662,3.0081,Plein jour,En agglomération,Hors intersection,Normale,Deux véhicules - côté,7,2,4,1,1,1,1,0,1,50,,2,1,0,1,0,21.0,28.0,,,1,2,1,1,3
202100021034,2021-09-03 08:50:00,2021,9,3,8,50,56,56260,POMPIDOU (AVENUE GEORGES),47.67009,-2.76999,Plein jour,En agglomération,Autre intersection,Normale,Deux véhicules - côté,3,3,4,2,1,2,1,0,1,50,,2,1,0,0,1,45.0,51.0,,,1,2,9,1,3
202100021035,2021-09-03 08:20:00,2021,9,3,8,20,56,56121,KERMELO (PONT),47.73169,-3.38624,Plein jour,En agglomération,Hors intersection,Normale,Deux véhicules - arrière,3,3,4,0,1,1,1,2,1,70,,2,1,0,0,1,26.0,51.0,,,1,2,1,1,2
202100021036,2021-09-01 19:25:00,2021,9,1,19,25,56,56098,DJIBAOU (RUE  JEAN-MARIE ),47.7769,-3.35682,Plein jour,En agglomération,Intersection en T,Normale,Deux véhicules - frontale,4,2,2,0,1,1,1,0,1,50,,2,1,0,0,1,22.0,19.0,,,1,2,3,1,1
202100021037,2021-09-01 17:25:00,2021,9,1,17,25,56,56098,BOLLARDIERE (RUE  GEN. DE ),47.77788,-3.34138,Plein jour,En agglomération,Intersection en T,Normale,Deux véhicules - côté,3,2,2,0,2,1,1,0,1,70,,2,1,0,0,1,37.0,29.0,,,1,2,3,1,3
202100021038,2021-08-31 18:15:00,2021,8,31,18,15,56,56121,COSMAO-DUMANOIR ( BD ),47.75462,-3.36438,Plein jour,En agglomération,Hors intersection,Normale,Deux véhicules - arrière,4,2,2,0,1,1,1,0,1,30,,2,1,0,0,1,36.0,31.0,,,1,2,1,1,2
202100021039,2021-09-02 01:25:00,2021,9,2,1,25,55,55545,PRE L'EVEQUE ( ALLEE DU ),49.15491,5.37949,Nuit sans éclairage public,Hors agglomération,Hors intersection,Normale,Deux véhicules - frontale,6,-1,0,0,1,1,1,9,8,30,,6,0,0,1,5,23.0,21.0,,,3,1,1,1,1
202100021040,2021-09-02 16:40:00,2021,9,2,16,40,55,55545,PIERRE DEMATHIEU,49.16171,5.371751,Plein jour,En agglomération,Hors intersection,Normale,Trois véhicules et plus - collisions multiples,6,-1,-1,0,1,1,1,9,8,30,,5,2,0,1,2,90.0,36.0,,,1,2,1,1,5
202100021041,2021-09-03 14:00:00,2021,9,3,14,0,54,54395,MOLITOR (RUE),48.6859980951,6.1974511296,Plein jour,En agglomération,Hors intersection,Normale,Deux véhicules - côté,4,1,2,2,3,1,1,-1,1,50,,2,1,0,0,1,29.0,42.0,,,1,2,1,1,3
202100021042,2021-09-03 19:22:00,2021,9,3,19,22,49,49007,BARRE CITE ET RUE,47.47208,-0.59019,Plein jour,En agglomération,Hors intersection,Normale,Autre collision,4,2,2,0,1,1,1,0,1,50,,2,1,0,0,1,19.0,,,,1,2,1,1,6
202100021043,2021-09-01 08:19:00,2021,9,1,8,19,49,49267,BRETONNIERES BOULEVARD,47.47802,-0.51437,Plein jour,En agglomération,Hors intersection,Normale,Autre collision,4,2,2,0,1,1,1,0,1,50,,2,1,0,0,1,41.0,,,,1,2,1,1,6
202100021044,2021-09-03 10:42:00,2021,9,3,10,42,49,49246,GALLIENI AVENUE,47.43454,-0.52505,Plein jour,En agglomération,Hors intersection,Normale,Deux véhicules - arrière,3,2,2,0,1,1,1,0,1,50,,2,1,0,0,1,28.0,69.0,,,1,2,1,1,2
202100021045,2021-09-02 12:49:00,2021,9,2,12,49,49,49007,BEDIER BOULEVARD,47.45187,-0.54376,Plein jour,En agglomération,Hors intersection,Normale,Deux véhicules - côté,4,3,2,0,1,1,1,0,1,50,,2,1,0,0,1,30.0,54.0,,,1,2,1,1,3
202100021046,2021-09-02 21:25:00,2021,9,2,21,25,47,47032,RD813,44.19289,0.64655,Nuit avec éclairage allumé,En agglomération,Hors intersection,Normale,Deux véhicules - arrière,3,3,4,0,3,1,1,2,1,50,,4,3,0,1,0,36.0,22.0,,,5,2,1,1,2
202100021047,2021-09-03 17:20:00,2021,9,3,17,20,44,44109,BOULEVARD DE LA CHAUVINIERE,47.25026,-1.56892,Plein jour,En agglomération,Giratoire,Normale,Deux véhicules - côté,4,1,1,0,1,1,1,0,1,30,,3,2,0,1,0,29.0,27.0,,,1,2,6,1,3
202100021048,2021-08-28 19:10:00,2021,8,28,19,10,41,41018,FRANCE (AVENUE DE)  1,47.5998,1.31941,Plein jour,En agglomération,Hors intersection,Temps couvert,Trois véhicules et plus - en chaîne,4,2,2,0,1,1,1,0,1,50,,4,1,0,0,3,25.0,28.0,,,1,2,1,8,4
202100021049,2021-08-27 17:50:00,2021,8,27,17,50,41,41018,CHATEAU-RENAULT (ROUTE DE),47.58466,1.31743,Plein jour,Hors agglomération,Hors intersection,Normale,Deux véhicules - côté,3,2,2,0,1,1,1,5,1,50,,2,1,0,0,1,48.0,53.0,,,1,1,1,1,3
202100021050,2021-09-02 09:55:00,2021,9,2,9,55,41,41295,D951,47.60826,1.37857,Plein jour,Hors agglomération,Hors intersection,Normale,Deux véhicules - côté,3,2,2,0,1,1,1,0,1,70,,2,0,0,0,2,44.0,19.0,,,1,1,1,1,3
202100021051,2021-09-02 03:00:00,2021,9,2,3,0,41,41212,PATTE D'OIE (rond point),47.56138,1.37315,Nuit sans éclairage public,En agglomération,Giratoire,Normale,Sans collision,3,1,2,-1,1,2,1,5,1,-1,,1,0,0,0,1,40.0,,,,3,2,6,1,7
202100021052,2021-09-03 07:50:00,2021,9,3,7,50,37,37233,JAURES (BOULEVARD JEAN),47.3942721793,0.7257724606,Plein jour,En agglomération,Hors intersection,Normale,Autre collision,4,2,2,2,1,1,1,0,4,50,,2,1,0,0,1,37.0,53.0,,,1,2,1,1,6
202100021053,2021-09-03 15:50:00,2021,9,3,15,50,35,35281,DODIN (AVENUE ROGER),48.08683,-1.70698,Plein jour,En agglomération,Intersection en X,Normale,Deux véhicules - arrière,7,2,2,1,1,1,1,5,1,50,,2,1,0,1,0,37.0,32.0,,,1,2,2,1,2
202100021054,2021-09-03 08:15:00,2021,9,3,8,15,34,34172,FLAHAULT (AVENUE CHARLES,43.62543,3.86082,Plein jour,En agglomération,Hors intersection,Normale,Deux véhicules - frontale,4,2,4,1,1,1,1,0,1,30,,2,1,0,0,1,21.0,21.0,,,1,2,1,1,1
202100021055,2021-09-03 12:30:00,2021,9,3,12,30,33,33009,LORENTZ-MONOD (ALL. DR),44.65418,-1.16521,Plein jour,En agglomération,Hors intersection,Normale,Deux véhicules - frontale,4,2,2,1,2,1,1,0,5,30,,2,1,0,0,1,16.0,15.0,,,1,2,1,1,1
202100021056,2021-09-03 18:20:00,2021,9,3,18,20,31,31555,NARBONNE (ROUTE DE),43.56901,1.45651,Plein jour,En agglomération,Hors intersection,Normale,Deux véhicules - côté,7,2,3,3,1,1,1,0,1,50,,2,1,0,0,1,19.0,30.0,,,1,2,1,1,3
202100021057,2021-09-02 17:40:00,2021,9,2,17,40,31,31555,RUE DU FAUBOURG BONNEFOY,43.62636,1.45903,Plein jour,En agglomération,Hors intersection,Normale,Sans collision,7,2,2,0,1,1,1,0,4,50,,1,0,0,1,0,25.0,,,,1,2,1,1,7
202100021058,2021-08-30 08:50:00,2021,8,30,8,50,30,30189,UZES (ROUTE D'),43.8819,4.379,Plein jour,Hors agglomération,Hors intersection,Normale,Sans collision,3,2,2,0,2,2,1,0,1,80,,2,0,1,0,1,21.0,,,,1,1,1,1,7
202100021059,2021-08-27 09:10:00,2021,8,27,9,10,30,30189,CANAUX (CHEMIN),43.7856,4.3585,Plein jour,Hors agglomération,Hors intersection,Normale,Deux véhicules - frontale,3,2,2,0,1,1,1,0,1,80,,2,1,0,1,0,29.0,27.0,,,1,1,1,1,1
202100021060,2021-08-14 20:30:00,2021,8,14,20,30,30,30189,BEAUCAIRE (ROUTE),43.8383,4.373,Crépuscule ou aube,En agglomération,Intersection en T,Normale,Deux véhicules - côté,4,2,2,0,1,1,1,0,1,50,,2,1,0,1,0,35.0,26.0,,,2,2,3,1,3
202100021061,2021-09-04 02:18:00,2021,9,4,2,18,29,29232,D39 - Route de Plogonnec,48.0181840688,-4.0972263053,Nuit avec éclairage non allumé,Hors agglomération,Hors intersection,Normale,Autre collision,3,2,2,0,2,1,1,0,3,50,,1,0,0,1,0,31.0,,,,4,1,1,1,6
202100021062,2021-09-03 14:30:00,2021,9,3,14,30,29,29232,Rond point de Kerustum,47.97888,-4.09473,Plein jour,En agglomération,Autre intersection,Normale,Deux véhicules - côté,3,-1,2,0,1,2,1,5,1,50,,2,1,0,0,1,22.0,30.0,,,1,2,9,1,3
202100021063,2021-09-03 23:00:00,2021,9,3,23,0,27,27229,BUFFARDIERE (BOULEVARD DE LA),49.020934139,1.1413782272,Nuit avec éclairage allumé,En agglomération,Hors intersection,Normale,Autre collision,4,2,2,0,1,1,1,0,1,50,,2,1,0,0,1,43.0,22.0,,,5,2,1,1,6
202100021064,2021-09-03 08:20:00,2021,9,3,8,20,27,27684,COCHEREL (RUE DE),49.01529,1.18709,Plein jour,En agglomération,Giratoire,Normale,Deux véhicules - côté,4,-1,2,0,1,1,1,0,1,70,,2,1,0,0,1,41.0,60.0,,,1,2,6,1,3
202100021065,2021-09-03 19:30:00,2021,9,3,19,30,26,26362,Avenue de Provence,44.912993,4.877865,Plein jour,En agglomération,Hors intersection,Normale,Deux véhicules - arrière,3,3,2,0,1,1,1,0,1,70,,2,1,0,0,1,54.0,53.0,,,1,2,1,1,2
202100021066,2021-09-02 17:20:00,2021,9,2,17,20,25,25056,ALLENDE  BOULEVARD SALVADOR,47.2207,5.97886,Plein jour,En agglomération,Hors intersection,Normale,Deux véhicules - côté,4,3,2,0,2,2,1,0,1,50,,2,1,0,0,1,38.0,34.0,,,1,2,1,1,3
202100021067,2021-09-02 14:15:00,2021,9,2,14,15,23,23096,CHARLES DE GAULLE (AVENUE),46.16985,1.87444,Plein jour,En agglomération,Hors intersection,Normale,Deux véhicules - côté,3,2,2,0,2,1,1,0,1,50,,2,1,0,0,1,74.0,41.0,,,1,2,1,1,3
202100021068,2021-09-03 14:35:00,2021,9,3,14,35,17,17306,CENDRILLES (DES),45.649,-1.0398,Plein jour,En agglomération,Intersection en X,Normale,Deux véhicules - côté,4,2,2,0,1,1,1,0,1,30,,2,1,0,0,1,16.0,51.0,,,1,2,2,1,3
202100021069,2021-09-03 16:15:00,2021,9,3,16,15,14,14327,LION CD60 (ROUTE DE),49.21281,-0.34215,Plein jour,En agglomération,Intersection en X,Normale,Deux véhicules - côté,3,1,1,0,1,1,1,0,1,50,,2,1,0,0,1,19.0,40.0,,,1,2,2,1,3
202100021070,2021-09-03 15:25:00,2021,9,3,15,25,14,14118,Place Saint-Pierre,49.18399,-0.36145,Plein jour,En agglomération,Hors intersection,Normale,Autre collision,4,-1,2,0,1,1,1,0,1,50,,2,1,0,0,1,58.0,,,,1,2,1,1,6
202100021071,2021-09-03 13:20:00,2021,9,3,13,20,14,14327,,49.206181,-0.349787,Plein jour,En agglomération,Hors intersection,Normale,Deux véhicules - côté,3,1,3,0,1,1,1,3,1,50,,2,1,0,0,1,27.0,39.0,,,1,2,1,1,3
202100021072,2021-09-03 09:09:00,2021,9,3,9,9,14,14137,Rue de Bellevue,49.1913,-0.43104,Plein jour,En agglomération,Autre intersection,Temps éblouissant,Deux véhicules - frontale,4,4,1,0,4,3,1,9,1,50,,2,1,0,0,1,33.0,47.0,,,1,2,9,7,1
202100021073,2021-09-02 13:35:00,2021,9,2,13,35,14,14327,Avenue des Canadiens,49.193176,-0.319132,Plein jour,Hors agglomération,Hors intersection,Normale,Deux véhicules - côté,3,2,2,0,2,1,1,0,2,80,,2,1,0,1,0,59.0,49.0,,,1,1,1,1,3
202100021074,2021-09-02 23:10:00,2021,9,2,23,10,13,13207,CORSE (AVENUE DE LA),43.28985,5.3663,Nuit avec éclairage allumé,En agglomération,Intersection en X,Normale,Trois véhicules et plus - collisions multiples,4,2,3,3,1,1,1,5,1,50,,3,1,0,1,1,54.0,36.0,,,5,2,2,1,5
202100021075,2021-09-03 20:00:00,2021,9,3,20,0,13,13047,D.51,43.48394,4.96601,Crépuscule ou aube,Hors agglomération,Hors intersection,Normale,Deux véhicules - frontale,7,2,1,0,2,2,2,0,3,80,,2,0,0,0,2,19.0,,,,2,1,1,1,1
202100021076,2021-08-30 18:50:00,2021,8,30,18,50,12,12145,JAURES JEAN (AVENUE),44.10432,3.08003,Plein jour,En agglomération,Intersection en X,Normale,Deux véhicules - côté,4,2,2,0,1,1,1,0,1,50,,2,1,0,1,0,21.0,59.0,,,1,2,2,1,3
202100021077,2021-09-01 12:45:00,2021,9,1,12,45,11,11262,COURSAN (ANCIENNE ROUTE DE),43.20087,3.01219,Plein jour,En agglomération,Hors intersection,Normale,Autre collision,3,2,2,0,1,1,1,0,1,50,,2,1,0,0,1,44.0,52.0,,,1,2,1,1,6
202100021078,2021-09-03 12:06:00,2021,9,3,12,6,06,06069,SEMARD (AVENUE PIERRE),43.65603,6.92508,Plein jour,En agglomération,Hors intersection,Normale,Deux véhicules - côté,3,2,2,0,2,2,1,0,1,50,,3,1,0,0,2,28.0,55.0,,,1,2,1,1,3
202100021079,2021-09-03 18:00:00,2021,9,3,18,0,06,06123,PAGNOL MARCEL BOULEVARD,43.67341,7.18981,Plein jour,En agglomération,Intersection en T,Normale,Deux véhicules - côté,7,1,2,0,1,2,1,0,1,50,,2,1,0,0,1,58.0,17.0,,,1,2,3,1,3
202100021080,2021-09-03 12:14:00,2021,9,3,12,14,06,06004,RD6098,43.603654,7.125522,Plein jour,Hors agglomération,Hors intersection,Normale,Deux véhicules - arrière,3,2,2,2,1,1,1,5,1,50,,3,1,0,2,0,55.0,47.0,,,1,1,1,1,2
202100021081,2021-09-03 09:05:00,2021,9,3,9,5,75,75105,PLACE VALHUBERT,48.8448,2.364017,Plein jour,En agglomération,Place,Normale,Deux véhicules - arrière,4,1,2,0,1,1,1,0,1,30,,2,1,0,0,1,29.0,47.0,,,1,2,7,1,2
202100021082,2021-09-03 15:20:00,2021,9,3,15,20,75,75119,BOULEVARD DE LA COMMANDERIE,48.9016789513,2.3854727518,Plein jour,En agglomération,Intersection en T,Normale,Deux véhicules - arrière,4,2,4,0,1,3,1,0,1,30,,2,1,0,0,1,53.0,35.0,,,1,2,3,1,2
202100021083,2021-09-03 14:05:00,2021,9,3,14,5,75,75118,RUE DE LA CHAPELLE,48.8950931797,2.3593410537,Plein jour,En agglomération,Place,Normale,Deux véhicules - côté,4,2,4,3,1,3,1,0,6,50,,2,1,0,0,1,22.0,35.0,,,1,2,7,1,3
202100021084,2021-09-03 09:55:00,2021,9,3,9,55,75,75118,AVENUE DE LA PORTE DE CLIGNANCOURT,48.90071,2.344261,Plein jour,En agglomération,Intersection en Y,Normale,Deux véhicules - côté,4,2,4,0,1,1,1,0,1,30,,3,2,0,0,1,25.0,57.0,,,1,2,4,1,3
202100021085,2021-09-03 07:45:00,2021,9,3,7,45,75,75118,BOULEVARD BARBES,48.886536,2.349555,Plein jour,En agglomération,Intersection en X,Normale,Deux véhicules - arrière,4,2,4,3,1,1,1,0,6,30,,2,1,0,0,1,36.0,21.0,,,1,2,2,1,2
202100021086,2021-09-03 15:55:00,2021,9,3,15,55,75,75117,RUE DE COURCELLES,48.880083,2.302191,Plein jour,En agglomération,Intersection en T,Normale,Deux véhicules - côté,4,2,2,0,1,1,1,0,1,30,,3,1,0,0,2,25.0,18.0,,,1,2,3,1,3