accident_id,datetime,annee,mois,jour,heure,minute,departement,commune_insee,adresse,latitude,longitude,luminosite,agglomeration,intersection,meteo,collision,catr,circ,nbv,vosp,prof,plan,surf,infra,situ,vma,nb_vehicules,nb_usagers,nb_indemnes,nb_tues,nb_blesses_hosp,nb_blesses_legers,age_cond_1,age_cond_2,veh_type_cond_1,veh_type_cond_2,lum_code,agg_code,int_code,atm_code,col_code
202100021087,2021-09-03 01:00:00,2021,9,3,1,0,75,75117,AVENUE DE VILLIERS,48.884578,2.300219,Nuit avec éclairage allumé,En agglomération,Hors intersection,Normale,Deux véhicules - côté,4,2,2,0,1,1,1,0,1,30,,2,1,0,0,1,24.0,55.0,,,5,2,1,1,3
202100021088,2021-09-01 22:30:00,2021,9,1,22,30,75,75117,PLACE D ISRAEL,48.8852183164,2.3033724725,Nuit avec éclairage allumé,En agglomération,Place,Normale,Deux véhicules - côté,4,1,2,0,1,1,1,0,1,30,,2,1,0,0,1,26.0,54.0,,,5,2,7,1,3
202100021089,2021-09-03 18:00:00,2021,9,3,18,0,75,75116,ROUTE DU POINT DU JOUR A BAGATELLE,48.867085,2.24927,Plein jour,En agglomération,Intersection en T,Normale,Deux véhicules - côté,4,1,1,0,1,1,1,0,1,50,,3,1,0,0,2,30.0,50.0,,,1,2,3,1,3
202100021090,2021-09-03 14:00:00,2021,9,3,14,0,75,75116,ALLEE DU BORD DE L EAU,48.876131,2.246359,Plein jour,En agglomération,Intersection en X,Normale,Deux véhicules - côté,4,3,1,1,1,3,1,0,5,30,,2,1,0,0,1,54.0,65.0,,,1,2,2,1,3
202100021091,2021-09-03 11:15:00,2021,9,3,11,15,75,75116,PONT DE L ALMA,48.864192,2.301555,Plein jour,En agglomération,Intersection en X,Normale,Autre collision,4,2,3,1,2,1,1,0,5,30,,2,1,0,0,1,32.0,,,,1,2,2,1,6
202100021092,2021-09-03 12:51:00,2021,9,3,12,51,75,75115,RUE LINOIS,48.848185,2.283395,Plein jour,En agglomération,Hors intersection,Normale,Deux véhicules - côté,4,2,5,0,1,1,1,0,1,30,,2,1,0,0,1,,45.0,,,1,2,1,1,3
202100021093,2021-09-03 12:45:00,2021,9,3,12,45,75,75115,RUE DE VOUILLE,48.834725,2.305174,Plein jour,En agglomération,Intersection en X,Normale,Deux véhicules - côté,4,2,3,0,1,1,1,0,1,30,,2,0,0,0,2,27.0,50.0,,,1,2,2,1,3
202100021094,2021-09-02 18:20:00,2021,9,2,18,20,75,75114,AVENUE DU MAINE,48.8280351099,2.3268011174,Plein jour,En agglomération,Place,Normale,Autre collision,4,2,4,0,1,1,1,0,1,50,,2,1,0,0,1,31.0,,,,1,2,7,1,6
202100021095,2021-09-03 17:10:00,2021,9,3,17,10,75,75112,RUE DE LYON,48.846656,2.372052,Plein jour,En agglomération,Intersection à plus de 4 branches,Normale,Deux véhicules - côté,4,2,3,3,1,1,1,0,6,30,,2,1,0,0,1,33.0,51.0,,,1,2,5,1,3
202100021096,2021-09-03 18:15:00,2021,9,3,18,15,75,75110,BOULEVARD DE MAGENTA,48.869019,2.362529,Plein jour,En agglomération,Intersection en Y,Normale,Autre collision,4,2,4,3,1,1,1,0,6,30,,2,1,0,0,1,27.0,,,,1,2,4,1,6
202100021097,2021-09-03 17:30:00,2021,9,3,17,30,75,75110,RUE D HAUTEVILLE,48.875324,2.350924,Plein jour,En agglomération,Intersection en X,Normale,Autre collision,4,1,1,0,1,1,1,0,1,30,,2,1,0,0,1,28.0,,,,1,2,2,1,6
202100021098,2021-09-03 18:20:00,2021,9,3,18,20,75,75108,AVENUE DES CHAMPS ELYSEES,48.871391,2.302621,Plein jour,En agglomération,Intersection en T,Normale,Deux véhicules - côté,4,2,10,1,2,1,1,0,5,50,,3,2,0,0,1,39.0,47.0,,,1,2,3,1,3
202100021099,2021-09-01 13:35:00,2021,9,1,13,35,75,75108,BOULEVARD DES BATIGNOLLES,48.883,2.325444,Plein jour,En agglomération,Intersection en X,Normale,Trois véhicules et plus - collisions multiples,4,3,3,0,1,1,1,0,1,30,,3,2,0,0,1,62.0,19.0,,,1,2,2,1,5
202100021100,2021-09-03 18:45:00,2021,9,3,18,45,75,75102,BOULEVARD DE SEBASTOPOL,48.867893,2.353457,Plein jour,En agglomération,Intersection en X,Normale,Deux véhicules - côté,4,1,5,1,1,1,1,0,5,30,,2,1,0,0,1,24.0,57.0,,,1,2,2,1,3
202100021101,2021-09-02 18:40:00,2021,9,2,18,40,94,94044,Rue Eugène Varlin,48.74231,2.4912,Plein jour,En agglomération,Giratoire,Normale,Autre collision,3,-1,1,0,1,1,1,0,1,50,,3,2,0,0,1,29.0,,,,1,2,6,1,6
202100021102,2021-09-03 08:45:00,2021,9,3,8,45,94,94068,Boulevard de Créteil,48.79801,2.48986,Crépuscule ou aube,En agglomération,Intersection en X,Normale,Deux véhicules - côté,3,2,2,0,1,1,1,0,1,30,,2,1,0,0,1,57.0,38.0,,,2,2,2,1,3
202100021103,2021-09-03 11:35:00,2021,9,3,11,35,94,94042,Rue Jean Mermoz,48.82021,2.46575,Plein jour,En agglomération,Hors intersection,Normale,Deux véhicules - côté,4,1,1,1,2,1,1,0,1,30,,2,1,0,0,1,22.0,30.0,,,1,2,1,1,3
202100021104,2021-09-03 08:50:00,2021,9,3,8,50,94,94076,REPUBLIQUE (AV DE LA),48.78842,2.36159,Plein jour,En agglomération,Intersection en X,Normale,Deux véhicules - côté,3,2,2,0,1,1,1,0,1,30,,2,1,0,0,1,27.0,38.0,,,1,2,2,1,3
202100021105,2021-09-02 19:35:00,2021,9,2,19,35,94,94076,JEAN MERMOZ (R),48.79271,2.35927,Plein jour,En agglomération,Hors intersection,Normale,Autre collision,4,1,1,0,1,3,1,0,1,50,,2,1,0,0,1,41.0,,,,1,2,1,1,6
202100021106,2021-09-03 18:30:00,2021,9,3,18,30,94,94073,Av du Mal de Lattre de Tassigny,48.754,2.40519,Plein jour,En agglomération,Hors intersection,Normale,Autre collision,3,2,2,0,1,1,1,0,1,50,,2,1,0,0,1,36.0,,,,1,2,1,1,6
202100021107,2021-09-03 20:50:00,2021,9,3,20,50,94,94028,Route de la Pompadour,48.77245,2.43318,Nuit sans éclairage public,En agglomération,Autre intersection,Normale,Deux véhicules - côté,3,2,1,3,1,1,1,0,6,30,,2,1,0,0,1,30.0,44.0,,,3,2,9,1,3
202100021108,2021-09-03 14:10:00,2021,9,3,14,10,94,94028,MESLY.(RUE DE),48.78902,2.46148,Plein jour,En agglomération,Hors intersection,Normale,Deux véhicules - frontale,4,2,2,0,1,1,1,0,1,50,,2,1,0,0,1,40.0,45.0,,,1,2,1,1,1
202100021109,2021-09-02 21:00:00,2021,9,2,21,0,94,94081,ROUGET DE L ISLE (AV),48.7782,2.3965,Nuit avec éclairage allumé,En agglomération,Intersection en X,Normale,Deux véhicules - côté,3,2,2,0,1,1,1,0,1,50,,2,1,0,0,1,37.0,30.0,,,5,2,2,1,3
202100021110,2021-09-02 16:00:00,2021,9,2,16,0,94,94022,STALINGRAD (BD DE),48.7708,2.40147,Plein jour,En agglomération,Passage à niveau,Normale,Autre collision,3,3,6,0,1,1,1,4,1,30,,2,1,0,0,1,27.0,,,,1,2,8,1,6
202100021111,2021-09-03 13:35:00,2021,9,3,13,35,94,94071,Avenue Georges Pompidou,48.77145,2.52498,Plein jour,En agglomération,Intersection en X,Normale,Deux véhicules - côté,3,2,2,0,1,1,1,0,1,50,,2,1,0,0,1,51.0,21.0,,,1,2,2,1,3
202100021112,2021-09-03 19:30:00,2021,9,3,19,30,93,93066,Rue Henri Barbusse / Domaine Montjoie,48.94331,2.37229,Crépuscule ou aube,En agglomération,Intersection en X,Normale,Deux véhicules - côté,3,2,2,0,1,1,1,0,1,50,,3,2,0,0,1,23.0,,,,2,2,2,1,3
202100021113,2021-09-02 22:15:00,2021,9,2,22,15,93,93066,Avenue Paul Vaillant-Couturier,48.932142,2.365075,Nuit sans éclairage public,En agglomération,Hors intersection,Normale,Trois véhicules et plus - en chaîne,4,2,2,0,1,1,1,0,1,50,,3,2,0,0,1,30.0,33.0,,,3,2,1,1,4
202100021114,2021-09-03 16:45:00,2021,9,3,16,45,93,93077,Rue de la Montagne Savart / Grande Rue,48.882663,2.518125,Plein jour,En agglomération,Intersection en T,Normale,Deux véhicules - côté,3,2,2,-1,1,1,1,0,1,-1,,2,1,0,0,1,51.0,22.0,,,1,2,3,1,3
202100021115,2021-09-03 10:15:00,2021,9,3,10,15,93,93006,Avenue de la République,48.86234,2.41613,Plein jour,En agglomération,Hors intersection,Normale,Deux véhicules - côté,3,2,2,0,1,1,1,0,1,50,,2,1,0,0,1,44.0,56.0,,,1,2,1,1,3
202100021116,2021-08-29 01:40:00,2021,8,29,1,40,93,93014,GAGARINE (BOULEVARD),48.90521,2.54235,Nuit avec éclairage allumé,En agglomération,Intersection en X,Normale,Deux véhicules - côté,3,3,4,0,2,1,1,5,1,50,,2,1,0,0,1,35.0,35.0,,,5,2,2,1,3
202100021117,2021-09-03 11:00:00,2021,9,3,11,0,92,92072,SAINT CLOUD (RUE DE),48.8295943237,2.2239992023,Plein jour,En agglomération,Hors intersection,Normale,Autre collision,3,3,4,0,1,1,1,0,1,50,,2,0,0,1,1,32.0,,,,1,2,1,1,6
202100021118,2021-09-03 11:20:00,2021,9,3,11,20,92,92077,SEVRES (RUE DE),48.8264814396,2.1909597993,Plein jour,En agglomération,Hors intersection,Normale,Deux véhicules - côté,3,2,2,0,1,1,1,0,1,50,,2,1,0,0,1,22.0,61.0,,,1,2,1,1,3
202100021119,2021-09-02 16:50:00,2021,9,2,16,50,92,92022,JOUY (RUE DE),48.7998577778,2.1859601824,Plein jour,En agglomération,Hors intersection,Normale,Autre collision,3,2,2,0,1,1,1,0,1,50,,1,0,0,0,1,52.0,,,,1,2,1,1,6
202100021120,2021-09-03 05:20:00,2021,9,3,5,20,92,92020,VERDUN AVENUE DE AUTRES N°,48.80062,2.2834,Nuit avec éclairage allumé,En agglomération,Hors intersection,Normale,Autre collision,3,2,2,0,4,1,1,0,3,50,,1,0,0,0,1,31.0,,,,5,2,1,1,6
202100021121,2021-09-03 08:40:00,2021,9,3,8,40,92,92024,ASNIERES (PONT D'),48.9036012709,2.2893887758,Plein jour,En agglomération,Hors intersection,Normale,Deux véhicules - arrière,3,2,4,0,1,1,1,0,1,50,,2,1,0,0,1,26.0,,,,1,2,1,1,2
202100021122,2021-09-03 21:20:00,2021,9,3,21,20,92,92004,AULAGNIER ( QUAI ),48.91745,2.31993,Nuit avec éclairage allumé,En agglomération,Hors intersection,Normale,Deux véhicules - arrière,3,1,3,0,1,1,1,0,1,50,,3,1,0,0,2,25.0,62.0,,,5,2,1,1,2
202100021123,2021-08-31 19:20:00,2021,8,31,19,20,92,92004,OLYMPE DE GOUGES (RUE),48.91796,2.31902,Crépuscule ou aube,En agglomération,Hors intersection,Normale,Autre collision,4,2,1,0,1,1,1,0,4,50,,2,1,0,0,1,49.0,,,,2,2,1,1,6
202100021124,2021-09-03 20:30:00,2021,9,3,20,30,35,35167,Route départementale 173,47.8433981235,-1.3307331235,Crépuscule ou aube,Hors agglomération,Hors intersection,Normale,Deux véhicules - côté,3,3,4,0,1,1,1,0,1,110,,4,0,0,0,4,19.0,18.0,,,2,1,1,1,3
202100021125,2021-09-04 12:45:00,2021,9,4,12,45,80,80296,Autoroute A16 - PK151.5,50.034044,2.047577,Plein jour,Hors agglomération,Hors intersection,Normale,Sans collision,1,3,4,0,1,1,1,0,3,130,,1,0,0,1,0,49.0,,,,1,1,1,1,7
202100021126,2021-09-03 20:20:00,2021,9,3,20,20,17,17193,Rue Nationale,46.128977,-1.068474,Plein jour,En agglomération,Intersection en X,Normale,Deux véhicules - côté,3,2,2,0,1,1,1,0,1,50,,2,0,0,0,2,22.0,39.0,,,1,2,2,1,3
202100021127,2021-09-04 01:57:00,2021,9,4,1,57,972,97232,6u Quartier Puyferrat,14.504411,-60.844122,Nuit sans éclairage public,Hors agglomération,Hors intersection,Normale,Autre collision,2,2,2,0,2,3,1,0,3,80,,1,0,1,0,0,24.0,,,,3,1,1,1,6
202100021128,2021-09-03 20:17:00,2021,9,3,20,17,86,86239,Route départementale 2,46.611818,0.692782,Nuit sans éclairage public,Hors agglomération,Intersection en T,Normale,Deux véhicules - côté,3,2,2,0,1,1,1,5,1,80,,3,1,0,1,1,19.0,20.0,,,3,1,3,1,3
202100021129,2021-09-04 16:30:00,2021,9,4,16,30,51,51326,Rue du Général de Gaulle,49.112324,4.309537,Plein jour,En agglomération,Intersection en X,Normale,Deux véhicules - côté,3,2,1,0,1,1,1,0,1,50,,2,1,0,0,1,31.0,12.0,,,1,2,2,1,3
202100021130,2021-09-04 18:00:00,2021,9,4,18,0,79,79074,,46.122531,0.064088,Plein jour,Hors agglomération,Hors intersection,Normale,Autre collision,3,2,2,0,2,1,1,0,3,80,,1,0,1,0,0,48.0,,,,1,1,1,1,6
202100021131,2021-09-02 22:15:00,2021,9,2,22,15,41,41007,12 Rue de Gâtine,47.642364,0.892347,Nuit sans éclairage public,En agglomération,Hors intersection,Normale,Autre collision,3,-1,2,0,1,2,1,0,3,50,,2,1,0,1,0,21.0,,,,3,2,1,1,6
202100021132,2021-09-04 10:00:00,2021,9,4,10,0,34,34270,Avenue de la Condamine,43.571013,3.847441,Plein jour,En agglomération,Intersection en X,Normale,Deux véhicules - frontale,4,2,2,0,1,1,1,0,1,50,,2,1,0,1,0,30.0,86.0,,,1,2,2,1,1
202100021133,2021-09-03 12:35:00,2021,9,3,12,35,51,51447,D931,49.1961453973,4.33353909,Plein jour,Hors agglomération,Hors intersection,Normale,Deux véhicules - arrière,3,2,2,0,1,1,1,0,1,90,,2,1,0,1,0,22.0,74.0,,,1,1,1,1,2
202100021134,2021-09-03 17:18:00,2021,9,3,17,18,56,56219,La Croix Neuve,47.783335,-2.523106,Plein jour,Hors agglomération,Intersection en X,Normale,Deux véhicules - côté,4,2,2,0,2,1,1,0,1,80,,4,0,0,1,3,79.0,61.0,,,1,1,2,1,3
202100021135,2021-09-04 10:40:00,2021,9,4,10,40,77,77355,D403,48.482978,3.191335,Plein jour,Hors agglomération,Hors intersection,Normale,Deux véhicules - frontale,3,2,2,0,1,3,1,0,1,50,,3,2,0,1,0,31.0,56.0,,,1,1,1,1,1
202100021136,2021-09-03 20:45:00,2021,9,3,20,45,80,80250,chemin des 4 routes,50.212926,1.911889,Nuit avec éclairage allumé,Hors agglomération,Hors intersection,Normale,Autre collision,3,2,2,0,1,2,1,9,4,80,,1,0,1,0,0,17.0,,,,5,1,1,1,6
202100021137,2021-09-03 20:15:00,2021,9,3,20,15,80,80039,Rue d Eu,50.090755,1.448071,Plein jour,En agglomération,Hors intersection,Normale,Autre collision,4,2,2,0,2,3,1,0,3,50,,5,3,0,1,1,29.0,,,,1,2,1,1,6
202100021138,2021-09-03 21:25:00,2021,9,3,21,25,63,63454,D906,45.637503,3.709452,Nuit sans éclairage public,Hors agglomération,Hors intersection,Brouillard / fumée,Deux véhicules - frontale,3,2,2,0,1,3,1,0,1,80,,2,1,0,1,0,29.0,29.0,,,3,1,1,5,1
202100021139,2021-09-03 18:10:00,2021,9,3,18,10,68,68312,Hippoltskirch,47.47378,7.341485,Plein jour,Hors agglomération,Hors intersection,Normale,Autre collision,3,2,2,0,2,2,1,0,1,80,,1,0,0,0,1,17.0,,,,1,1,1,1,6
202100021140,2021-09-03 16:50:00,2021,9,3,16,50,44,44072,D47 Kerlibérin,47.429176,-2.308717,Plein jour,Hors agglomération,Intersection en T,Normale,Deux véhicules - côté,3,2,2,0,1,3,1,0,1,80,,2,1,0,1,0,23.0,51.0,,,1,1,3,1,3
202100021141,2021-09-01 18:50:00,2021,9,1,18,50,29,29217,Route de Concarneau,47.856315,-3.760419,Plein jour,Hors agglomération,Intersection en T,Normale,Deux véhicules - côté,3,2,2,0,1,1,1,5,1,80,,2,1,0,1,0,60.0,69.0,,,1,1,3,1,3
202100021142,2021-09-03 11:45:00,2021,9,3,11,45,29,29062,D785 - Lanvéguen,48.17728,-3.987163,Plein jour,Hors agglomération,Intersection en T,Normale,Sans collision,3,2,2,0,2,2,1,5,1,80,,2,0,0,0,2,53.0,,,,1,1,3,1,7
202100021143,2021-09-04 03:45:00,2021,9,4,3,45,31,31100,D11,43.314343,1.624303,Nuit sans éclairage public,Hors agglomération,Hors intersection,Normale,Autre collision,3,2,2,0,1,1,2,0,3,80,,1,0,1,0,0,26.0,,,,3,1,1,1,6
202100021144,2021-09-04 00:55:00,2021,9,4,0,55,38,38189,D518z,45.639473,5.045278,Nuit sans éclairage public,Hors agglomération,Hors intersection,Normale,Sans collision,3,2,2,0,1,1,1,0,3,80,,1,0,0,0,1,22.0,,,,3,1,1,1,7
202100021145,2021-09-03 18:30:00,2021,9,3,18,30,38,38399,CD518,45.486643,5.151408,Plein jour,Hors agglomération,Hors intersection,Temps couvert,Deux véhicules - frontale,3,2,2,0,1,1,2,0,3,80,,2,0,0,2,0,48.0,38.0,,,1,1,1,8,1
202100021146,2021-09-03 20:54:00,2021,9,3,20,54,85,85202,A83,46.7514283663,-1.1657819152,Nuit sans éclairage public,Hors agglomération,Hors intersection,Pluie forte,Autre collision,1,3,4,0,1,1,2,0,1,130,,2,1,0,0,1,24.0,,,,3,1,1,3,6
202100021147,2021-09-03 09:30:00,2021,9,3,9,30,70,70210,D.73,47.790432,6.56189,Plein jour,Hors agglomération,Hors intersection,Normale,Deux véhicules - frontale,3,2,2,0,2,3,1,0,1,80,,2,1,0,1,0,69.0,52.0,,,1,1,1,1,1
202100021148,2021-09-04 14:02:00,2021,9,4,14,2,26,26308,Route de Sainte-Croix,44.831872,5.281792,Plein jour,Hors agglomération,Hors intersection,Normale,Deux véhicules - frontale,3,2,2,0,1,4,1,0,1,80,,2,1,1,0,0,37.0,49.0,,,1,1,1,1,1
202100021149,2021-09-03 20:30:00,2021,9,3,20,30,50,50215,D650,49.129022,-1.590421,Plein jour,Hors agglomération,Intersection en X,Normale,Deux véhicules - côté,3,2,2,0,1,1,1,5,1,80,,3,1,0,0,2,29.0,50.0,,,1,1,2,1,3
202100021150,2021-09-04 00:50:00,2021,9,4,0,50,64,64274,D15,43.175934,-1.294661,Nuit sans éclairage public,Hors agglomération,Hors intersection,Normale,Sans collision,3,1,2,0,1,1,1,0,8,80,,1,0,0,1,0,25.0,,,,3,1,1,1,7
202100021151,2021-09-04 11:55:00,2021,9,4,11,55,43,43268,D105,45.164399,4.154098,Plein jour,Hors agglomération,Intersection en X,Normale,Trois véhicules et plus - collisions multiples,3,2,2,0,2,1,1,0,1,90,,5,0,0,2,3,58.0,60.0,,,1,1,2,1,5
202100021152,2021-09-04 11:20:00,2021,9,4,11,20,43,43241,Agizoux,44.950517,3.889836,Plein jour,En agglomération,Autre intersection,Normale,Autre collision,3,2,2,0,1,1,1,0,1,50,,2,1,0,1,0,34.0,,,,1,2,9,1,6
202100021153,2021-09-04 08:00:00,2021,9,4,8,0,10,10359,N77,48.133244,3.983359,Plein jour,Hors agglomération,Hors intersection,Normale,Deux véhicules - frontale,2,2,2,0,1,1,1,0,1,80,,4,1,0,1,2,23.0,43.0,,,1,1,1,1,1
202100021154,2021-09-03 12:10:00,2021,9,3,12,10,07,07349,Avenue du 11 Novembre,44.81198,4.789031,Plein jour,En agglomération,Intersection en T,Normale,Deux véhicules - côté,3,2,2,2,1,1,1,0,1,50,,2,1,0,0,1,32.0,60.0,,,1,2,3,1,3
202100021155,2021-09-03 21:20:00,2021,9,3,21,20,40,40255,820 Route de Maureilhan,43.898547,-0.344365,Nuit sans éclairage public,En agglomération,Hors intersection,Normale,Sans collision,4,-1,2,0,1,3,2,0,3,50,,3,1,0,1,1,18.0,,,,3,2,1,1,7
202100021156,2021-08-24 17:00:00,2021,8,24,17,0,17,17236,25 Cite Pechevre,45.368747,-0.569168,Plein jour,En agglomération,Hors intersection,Normale,Autre collision,4,2,2,0,1,2,1,0,4,50,,1,0,0,1,0,68.0,,,,1,2,1,1,6
202100021157,2021-09-03 17:00:00,2021,9,3,17,0,88,88225,La Houssière,48.070305,6.449597,Plein jour,Hors agglomération,Hors intersection,Normale,Deux véhicules - arrière,3,2,2,0,2,3,1,0,1,80,,2,1,0,1,0,24.0,38.0,,,1,1,1,1,2
202100021158,2021-09-04 18:55:00,2021,9,4,18,55,13,13050,D15,43.650532,5.231735,Plein jour,Hors agglomération,Hors intersection,Normale,Deux véhicules - arrière,7,2,2,0,1,2,1,0,1,80,,2,0,0,1,1,49.0,30.0,,,1,1,1,1,2
202100021159,2021-09-03 12:00:00,2021,9,3,12,0,38,38193,Avenue de Elche,45.617778,5.239341,Plein jour,En agglomération,Hors intersection,Normale,Deux véhicules - arrière,9,2,2,0,2,2,1,9,1,50,,2,1,0,0,1,39.0,17.0,,,1,2,1,1,2
202100021160,2021-09-04 02:00:00,2021,9,4,2,0,95,95678,Chemin de Beaumont,49.0744,2.24385,Nuit sans éclairage public,En agglomération,Hors intersection,Normale,Autre collision,4,2,2,0,2,4,1,0,1,50,,2,1,0,1,0,18.0,,,,3,2,1,1,6
202100021161,2021-09-04 03:45:00,2021,9,4,3,45,69,69280,A432 pk018+000 sens N/S,45.788699,5.079439,Nuit sans éclairage public,Hors agglomération,Hors intersection,Normale,Deux véhicules - arrière,1,2,4,0,1,1,1,0,2,130,,2,1,0,0,1,26.0,22.0,,,3,1,1,1,2
202100021162,2021-09-02 15:15:00,2021,9,2,15,15,987,98715,Rond-point de Météo France,-17.584522,-149.568578,Plein jour,En agglomération,Hors intersection,Normale,Deux véhicules - frontale,9,2,3,0,1,1,1,0,1,50,,2,1,0,1,0,26.0,42.0,,,1,2,1,1,1
202100021163,2021-09-03 16:00:00,2021,9,3,16,0,971,97103,echangeur convenance RN1,16.238656,-61.58869,Plein jour,En agglomération,Hors intersection,Normale,Deux véhicules - arrière,2,3,3,0,1,1,1,0,1,90,,3,2,0,0,1,52.0,36.0,,,1,2,1,1,2
202100021164,2021-09-03 16:10:00,2021,9,3,16,10,59,59593,"Autoroute A2, Pk 36+800, sens Buxelles/Paris",50.232397,3.279639,Plein jour,Hors agglomération,Hors intersection,Normale,Deux véhicules - arrière,1,3,4,0,1,1,1,0,1,130,,2,1,0,1,0,38.0,24.0,,,1,1,1,1,2
202100021165,2021-09-03 20:00:00,2021,9,3,20,0,973,97303,RN 1 - PK 173,5.538671,-53.418676,Nuit sans éclairage public,Hors agglomération,Hors intersection,Normale,Deux véhicules - frontale,2,2,2,0,1,1,1,0,1,80,,9,0,0,2,7,38.0,52.0,,,3,1,1,1,1
202100021166,2021-09-03 16:27:00,2021,9,3,16,27,971,97122,Pichon,16.420731,-61.472604,Plein jour,En agglomération,Hors intersection,Normale,Deux véhicules - frontale,4,1,1,0,1,2,1,0,1,20,,2,1,0,1,0,29.0,22.0,,,1,2,1,1,1
202100021167,2021-09-03 07:00:00,2021,9,3,7,0,971,97128,Route du Moule,16.300158,-61.367451,Plein jour,Hors agglomération,Hors intersection,Normale,Autre collision,3,2,2,0,1,2,2,0,3,80,,1,0,0,0,1,25.0,,,,1,1,1,1,6
202100021168,2021-09-03 22:50:00,2021,9,3,22,50,971,97129,Rue de Depot,16.319506,-61.684724,Nuit avec éclairage allumé,En agglomération,Hors intersection,Normale,Sans collision,4,2,2,0,1,1,1,0,1,50,,1,0,0,1,0,23.0,,,,5,2,1,1,7
202100021169,2021-09-04 18:12:00,2021,9,4,18,12,29,29233,Boulevard de la Gare,47.867729,-3.549904,Plein jour,En agglomération,Hors intersection,Normale,Deux véhicules - arrière,4,2,2,0,1,1,1,0,1,30,,2,1,0,0,1,28.0,44.0,,,1,2,1,1,2
202100021170,2021-09-03 17:00:00,2021,9,3,17,0,95,95040,RD14,49.1015403402,1.8929743767,Plein jour,Hors agglomération,Hors intersection,Normale,Autre collision,3,3,4,3,1,1,1,0,1,110,,1,0,0,1,0,43.0,,,,1,1,1,1,6
202100021171,2021-09-04 19:20:00,2021,9,4,19,20,78,78089,A13,49.020253,1.575465,Crépuscule ou aube,Hors agglomération,Hors intersection,Pluie légère,Sans collision,1,1,3,0,2,2,2,0,3,110,,2,0,0,2,0,49.0,,,,2,1,1,2,7
202100021172,2021-09-01 16:45:00,2021,9,1,16,45,66,66065,D914,42.616741,2.976919,Plein jour,Hors agglomération,Hors intersection,Normale,Autre collision,3,1,1,0,3,3,1,3,1,70,,1,0,0,1,0,50.0,,,,1,1,1,1,6
202100021173,2021-09-04 12:21:00,2021,9,4,12,21,84,84147,departementale 973,43.710921,5.419232,Plein jour,Hors agglomération,Intersection en X,Normale,Trois véhicules et plus - collisions multiples,3,2,1,0,1,1,1,0,1,80,,4,0,0,0,4,32.0,26.0,,,1,1,2,1,5
202100021174,2021-09-04 11:40:00,2021,9,4,11,40,84,84068,D943,43.773433,5.353341,Plein jour,Hors agglomération,Hors intersection,Normale,Deux véhicules - côté,3,2,2,0,1,3,1,0,1,-1,,2,1,0,0,1,59.0,52.0,,,1,1,1,1,3
202100021175,2021-09-02 18:20:00,2021,9,2,18,20,84,84054,route départementale 31,43.947025,5.027812,Crépuscule ou aube,Hors agglomération,Intersection en X,Normale,Trois véhicules et plus - en chaîne,3,2,2,0,1,1,1,5,1,80,,3,1,0,0,2,48.0,48.0,,,2,1,2,1,4
202100021176,2021-09-04 06:20:00,2021,9,4,6,20,89,89124,A5,48.349814,3.18056,Crépuscule ou aube,Hors agglomération,Hors intersection,Normale,Deux véhicules - arrière,1,3,4,0,1,1,1,0,1,130,,5,3,0,2,0,28.0,56.0,,,2,1,1,1,2
202100021177,2021-09-04 16:00:00,2021,9,4,16,0,21,21390,108,47.284036,4.979483,Plein jour,Hors agglomération,Hors intersection,Normale,Autre collision,7,2,2,2,3,2,1,0,5,80,,1,0,0,0,1,23.0,,,,1,1,1,1,6
202100021178,2021-09-04 00:08:00,2021,9,4,0,8,10,10269,2 Rue de Saint Quentin,48.509636,4.099166,Nuit sans éclairage public,En agglomération,Intersection en T,Normale,Autre collision,3,2,2,0,1,1,1,0,4,50,,1,0,0,1,0,19.0,,,,3,2,3,1,6
202100021179,2021-09-02 16:15:00,2021,9,2,16,15,08,08188,D979,49.805713,4.82877,Plein jour,Hors agglomération,Hors intersection,Temps éblouissant,Deux véhicules - arrière,3,2,2,0,1,1,1,0,1,80,,2,1,0,1,0,25.0,59.0,,,1,1,1,7,2
202100021180,2021-08-03 06:55:00,2021,8,3,6,55,67,67023,D1340,48.775155,7.716351,Crépuscule ou aube,Hors agglomération,Hors intersection,Pluie légère,Deux véhicules - arrière,3,3,4,0,2,1,2,0,1,-1,,2,1,0,0,1,28.0,52.0,,,2,1,1,2,2
202100021181,2021-08-27 13:30:00,2021,8,27,13,30,73,73116,D110,45.246016,6.321597,Plein jour,Hors agglomération,Hors intersection,Normale,Autre collision,3,2,2,0,1,1,1,0,1,80,,2,1,0,1,0,64.0,70.0,,,1,1,1,1,6
202100021182,2021-09-03 19:26:00,2021,9,3,19,26,69,69273,DAUPHINE (DU) (R),45.681636,4.905653,Plein jour,Hors agglomération,Hors intersection,Pluie légère,Autre collision,4,2,2,0,1,1,2,0,3,50,,3,1,1,1,0,27.0,,,,1,1,1,2,6
202100021183,2021-09-03 09:30:00,2021,9,3,9,30,09,09293,D21,42.969014,1.519242,Plein jour,En agglomération,Hors intersection,Normale,Sans collision,3,2,2,0,2,3,1,0,3,50,,1,0,0,1,0,73.0,,,,1,2,1,1,7
202100021184,2021-09-03 18:40:00,2021,9,3,18,40,24,24572,Cladet,44.636904,0.844399,Plein jour,Hors agglomération,Hors intersection,Normale,Deux véhicules - frontale,3,2,2,0,1,2,1,0,1,80,,3,2,0,1,0,54.0,62.0,,,1,1,1,1,1