accident_id,datetime,annee,mois,jour,heure,minute,departement,commune_insee,adresse,latitude,longitude,luminosite,agglomeration,intersection,meteo,collision,catr,circ,nbv,vosp,prof,plan,surf,infra,situ,vma,nb_vehicules,nb_usagers,nb_indemnes,nb_tues,nb_blesses_hosp,nb_blesses_legers,age_cond_1,age_cond_2,veh_type_cond_1,veh_type_cond_2,lum_code,agg_code,int_code,atm_code,col_code
202100021185,2021-08-26 18:30:00,2021,8,26,18,30,85,85003,Route de Challans,46.74425,-1.616412,Plein jour,En agglomération,Intersection en X,Normale,Deux véhicules - côté,4,2,2,0,1,1,1,0,1,50,,2,1,0,1,0,35.0,15.0,,,1,2,2,1,3
202100021186,2021-08-27 16:35:00,2021,8,27,16,35,44,44027,Le Moulin Neuf,47.396052,-1.556487,Plein jour,Hors agglomération,Intersection en T,Normale,Deux véhicules - côté,4,2,1,0,1,1,1,0,1,80,,2,1,0,1,0,84.0,19.0,,,1,1,3,1,3
202100021187,2021-09-03 19:20:00,2021,9,3,19,20,14,14044,Route de Douvres,49.281514,-0.418017,Plein jour,En agglomération,Intersection en X,Normale,Deux véhicules - côté,3,2,2,0,1,1,1,0,1,50,,4,3,0,0,1,63.0,44.0,,,1,2,2,1,3
202100021188,2021-09-04 17:20:00,2021,9,4,17,20,27,27477,Route des Andelys,49.130229,1.452883,Plein jour,En agglomération,Intersection en Y,Normale,Autre collision,3,2,2,0,1,2,9,5,1,50,,1,0,0,1,0,21.0,,,,1,2,4,1,6
202100021189,2021-09-04 12:30:00,2021,9,4,12,30,59,59004,Route Nationale,50.504065,3.334651,Plein jour,En agglomération,Intersection en T,Normale,Deux véhicules - arrière,3,2,2,0,1,1,1,0,1,50,,3,1,0,0,2,30.0,40.0,,,1,2,3,1,2
202100021190,2021-09-04 12:25:00,2021,9,4,12,25,59,59411,Rue du Pavé,50.4900311377,3.1329488754,Plein jour,Hors agglomération,Hors intersection,Normale,Deux véhicules - arrière,3,2,2,1,1,1,1,0,1,70,,2,1,0,1,0,60.0,27.0,,,1,1,1,1,2
202100021191,2021-09-03 13:50:00,2021,9,3,13,50,13,13215,A7-Sens Lyon vers Marseille,43.36798,5.36081,Nuit avec éclairage allumé,Hors agglomération,Hors intersection,Normale,Deux véhicules - arrière,1,1,3,0,1,1,1,1,1,90,,5,3,0,0,2,23.0,29.0,,,5,1,1,1,2
202100021192,2021-09-01 16:50:00,2021,9,1,16,50,13,13055,A507 sens Aubagne- Marseille,43.34067,5.3766,Plein jour,Hors agglomération,Hors intersection,Normale,Deux véhicules - arrière,1,-1,2,0,1,1,1,0,1,70,,2,1,0,0,1,37.0,40.0,,,1,1,1,1,2
202100021193,2021-09-02 15:00:00,2021,9,2,15,0,69,69266,D383   3.750 A 7.640,45.75428,4.90815,Plein jour,Hors agglomération,Hors intersection,Normale,Deux véhicules - côté,7,3,6,0,1,1,1,0,1,70,,5,2,0,0,3,56.0,,,,1,1,1,1,3
202100021194,2021-09-01 21:00:00,2021,9,1,21,0,42,42083,A47,45.5572959892,4.685449563,Nuit sans éclairage public,Hors agglomération,Hors intersection,Normale,Deux véhicules - arrière,1,3,4,0,1,2,1,0,1,90,,3,0,0,1,2,39.0,29.0,,,3,1,1,1,2
202100021195,2021-09-03 07:06:00,2021,9,3,7,6,57,57343,Autoroute A31,49.32778,6.18549,Crépuscule ou aube,Hors agglomération,Hors intersection,Normale,Deux véhicules - arrière,1,-1,5,0,2,1,1,0,1,110,,2,1,0,1,0,47.0,55.0,,,2,1,1,1,2
202100021196,2021-09-03 12:20:00,2021,9,3,12,20,33,33063,Pont d'Aquitaine,44.880234,-0.538554,Plein jour,Hors agglomération,Hors intersection,Pluie forte,Trois véhicules et plus - en chaîne,1,3,6,0,1,1,2,2,1,70,,6,4,0,0,2,33.0,38.0,,,1,1,1,3,4
202100021197,2021-09-02 18:44:00,2021,9,2,18,44,59,59569,AUTOROUTE A21,50.3840860384,3.1322301875,Plein jour,Hors agglomération,Hors intersection,Normale,Sans collision,1,1,4,0,1,1,1,0,1,110,,1,0,0,1,0,19.0,,,,1,1,1,1,7
202100021198,2021-09-03 19:40:00,2021,9,3,19,40,94,94034,AUTOROUTE A86,48.7595888537,2.3224694783,Plein jour,Hors agglomération,Hors intersection,Normale,Deux véhicules - arrière,1,1,3,0,1,1,1,1,1,70,,2,1,0,0,1,32.0,29.0,,,1,1,1,1,2
202100021199,2021-09-03 15:15:00,2021,9,3,15,15,91,91689,AUTOROUTE A6,48.73052,2.31488,Plein jour,Hors agglomération,Hors intersection,Normale,Deux véhicules - arrière,1,3,6,0,1,1,1,0,1,110,,3,1,0,0,2,62.0,58.0,,,1,1,1,1,2
202100021200,2021-09-03 12:55:00,2021,9,3,12,55,77,77495,RN 105,48.59317,2.62374,Plein jour,Hors agglomération,Hors intersection,Normale,Sans collision,1,1,2,0,1,2,1,3,3,90,,1,0,0,0,1,24.0,,,,1,1,1,1,7
202100021201,2021-09-03 09:45:00,2021,9,3,9,45,92,92002,AUTOROUTE A86,48.7605665374,2.2925873101,Plein jour,Hors agglomération,Hors intersection,Normale,Deux véhicules - arrière,1,3,2,0,1,1,1,0,1,90,,2,1,0,0,1,30.0,28.0,,,1,1,1,1,2
202100021202,2021-09-03 08:55:00,2021,9,3,8,55,91,91589,AUTOROUTE A6,48.670702,2.347804,Plein jour,Hors agglomération,Hors intersection,Normale,Deux véhicules - arrière,1,3,3,0,1,1,1,0,1,70,,2,0,0,0,2,37.0,42.0,,,1,1,1,1,2
202100021203,2021-09-03 17:55:00,2021,9,3,17,55,78,78291,A13,48.969215,1.738269,Plein jour,Hors agglomération,Hors intersection,Normale,Autre collision,1,1,3,0,2,1,1,0,2,110,,1,0,0,0,1,28.0,,,,1,1,1,1,6
202100021204,2021-09-03 15:10:00,2021,9,3,15,10,78,78646,RN12,48.789909,2.124398,Plein jour,Hors agglomération,Hors intersection,Normale,Deux véhicules - arrière,2,-1,3,0,1,1,1,0,1,110,,2,1,0,0,1,64.0,56.0,,,1,1,1,1,2
202100021205,2021-09-02 17:55:00,2021,9,2,17,55,78,78158,A13,48.8347,2.13188,Plein jour,Hors agglomération,Hors intersection,Normale,Trois véhicules et plus - collisions multiples,1,3,4,0,1,1,1,0,1,110,,3,2,0,0,1,40.0,26.0,,,1,1,1,1,5
202100021206,2021-09-03 02:00:00,2021,9,3,2,0,93,93029,AUTOROUTE A86,48.92726,2.41788,Nuit avec éclairage allumé,Hors agglomération,Hors intersection,Normale,Autre collision,1,1,4,0,2,3,1,1,1,90,,1,0,0,0,1,21.0,,,,5,1,1,1,6
202100021207,2021-09-03 22:40:00,2021,9,3,22,40,77,77373,RN104,48.7962,2.62222,Nuit sans éclairage public,Hors agglomération,Hors intersection,Normale,Deux véhicules - arrière,2,1,1,0,1,1,1,0,1,70,,4,2,0,0,2,21.0,37.0,,,3,1,1,1,2
202100021208,2021-09-01 13:20:00,2021,9,1,13,20,77,77122,RUE SOMMEVILLE,48.664879179,2.56282,Plein jour,En agglomération,Hors intersection,Normale,Autre collision,4,1,1,0,1,1,1,0,1,50,,2,1,0,1,0,36.0,,,,1,2,1,1,6
202100021209,2021-09-01 12:50:00,2021,9,1,12,50,35,35238,HEVIN (PIERRE),48.104737,-1.691594,Plein jour,En agglomération,Hors intersection,Normale,Autre collision,4,2,2,0,1,1,1,0,1,50,,2,1,0,0,1,31.0,39.0,,,1,2,1,1,6
202100021210,2021-09-02 09:10:00,2021,9,2,9,10,27,27229,SAINT ANDRE (ROUTE DE),49.01159492,1.1654790074,Plein jour,En agglomération,Hors intersection,Normale,Autre collision,4,2,1,0,1,1,1,0,1,50,,2,1,0,0,1,46.0,,,,1,2,1,1,6
202100021211,2021-09-02 11:13:00,2021,9,2,11,13,93,93007,8 MAI 45 (AVENUE DU 184 AU 240)  Z1,48.9510548199,2.4404791611,Plein jour,En agglomération,Autre intersection,Normale,Deux véhicules - côté,3,3,2,1,1,1,1,0,1,50,,3,2,0,0,1,41.0,27.0,,,1,2,9,1,3
202100021212,2021-08-29 18:30:00,2021,8,29,18,30,976,97611,kaweni-Archipel (avenue de l'),-12.76444,45.22551,Nuit sans éclairage public,En agglomération,Hors intersection,Normale,Autre collision,2,2,2,0,1,1,1,0,1,50,,2,1,0,1,0,46.0,,,,3,2,1,1,6
202100021213,2021-08-30 17:10:00,2021,8,30,17,10,83,83126,CURIE (AV PIERRE),43.10358,5.87344,Plein jour,En agglomération,Hors intersection,Normale,Autre collision,4,1,1,0,1,1,1,0,1,50,,2,1,0,1,0,59.0,,,,1,2,1,1,6
202100021214,2021-05-09 15:00:00,2021,5,9,15,0,74,74034,Col du Corbier (Col de montagne),46.284096,6.639969,Plein jour,Hors agglomération,Hors intersection,Normale,Deux véhicules - frontale,3,2,2,0,2,4,1,0,1,80,,2,1,0,0,1,50.0,53.0,,,1,1,1,1,1
202100021215,2021-05-04 16:00:00,2021,5,4,16,0,74,74034,D902,46.261573,6.623662,Plein jour,Hors agglomération,Hors intersection,Normale,Sans collision,3,2,2,0,1,1,1,0,1,80,,2,1,0,1,0,75.0,,,,1,1,1,1,7
202100021216,2021-05-29 12:30:00,2021,5,29,12,30,74,74136,3208 Rte du Col des Annes,45.949874,6.492265,Plein jour,Hors agglomération,Hors intersection,Normale,Autre collision,4,2,2,0,2,2,1,0,1,80,,2,1,0,1,0,21.0,,,,1,1,1,1,6
202100021217,2021-09-02 19:53:00,2021,9,2,19,53,69,69199,JEAN JAURES (AV),45.71205,4.8551,Plein jour,En agglomération,Intersection en X,Normale,Deux véhicules - côté,4,2,4,2,1,1,1,5,1,50,,2,1,0,1,0,20.0,16.0,,,1,2,2,1,3
202100021218,2021-09-02 16:15:00,2021,9,2,16,15,69,69387,GUILLOTIERE (DE LA) (GR),45.75319,4.84486,Plein jour,En agglomération,Hors intersection,Normale,Deux véhicules - côté,4,2,2,2,1,1,1,0,1,50,,2,1,0,0,1,47.0,60.0,,,1,2,1,1,3
202100021219,2021-09-02 13:30:00,2021,9,2,13,30,69,69259,URBAIN EST (BD),45.6877349825,4.8862713575,Plein jour,Hors agglomération,Giratoire,Normale,Deux véhicules - arrière,7,2,2,1,1,3,1,0,1,50,,3,2,0,0,1,22.0,21.0,,,1,1,6,1,2
202100021220,2021-09-02 09:28:00,2021,9,2,9,28,2A,2A004,BEVERINI VICO PAIR AVENUE,41.9265175753,8.7371331106,Plein jour,En agglomération,Intersection en X,Normale,Deux véhicules - côté,4,-1,2,0,2,1,1,0,1,50,,2,0,0,0,2,36.0,34.0,,,1,2,2,1,3
202100021221,2021-09-02 15:08:00,2021,9,2,15,8,95,95585,RD 316,48.98334,2.37089,Plein jour,En agglomération,Giratoire,Normale,Deux véhicules - arrière,3,1,2,0,1,1,1,0,1,50,,4,0,0,0,4,37.0,31.0,,,1,2,6,1,2
202100021222,2021-09-02 17:55:00,2021,9,2,17,55,91,91479,AV DE VERDUN,48.705758,2.365615,Plein jour,En agglomération,Intersection en T,Normale,Autre collision,3,2,2,2,1,1,1,0,5,50,,2,1,0,0,1,44.0,47.0,,,1,2,3,1,6
202100021223,2021-09-01 19:10:00,2021,9,1,19,10,91,91223,CD63,48.41585,2.19405,Plein jour,Hors agglomération,Hors intersection,Normale,Sans collision,3,2,2,0,1,1,1,0,1,80,,1,0,0,0,1,16.0,,,,1,1,1,1,7
202100021224,2021-08-31 20:00:00,2021,8,31,20,0,91,91223,CD63,48.41585,2.19407,Plein jour,Hors agglomération,Hors intersection,Normale,Sans collision,3,2,1,3,1,1,9,0,8,30,,1,0,0,0,1,15.0,,,,1,1,1,1,7
202100021225,2021-08-31 17:20:00,2021,8,31,17,20,87,87085,COMTE (RUE AUGUSTE),45.87749,1.27484,Plein jour,En agglomération,Hors intersection,Normale,Trois véhicules et plus - en chaîne,4,2,2,0,1,1,1,0,1,50,,5,2,0,0,3,20.0,19.0,,,1,2,1,1,4
202100021226,2021-08-31 09:31:00,2021,8,31,9,31,87,87085,LOCARNO (AVENUE),45.83364,1.26933,Plein jour,En agglomération,Hors intersection,Normale,Autre collision,4,2,2,0,1,1,1,0,1,50,,1,0,1,0,0,75.0,,,,1,2,1,1,6
202100021227,2021-08-30 19:55:00,2021,8,30,19,55,87,87065,LIBERATION (AVENUE DE LA),45.81166,1.34175,Plein jour,En agglomération,Hors intersection,Normale,Autre collision,3,3,2,0,2,1,1,0,1,50,,1,0,0,0,1,21.0,,,,1,2,1,1,6
202100021228,2021-09-02 13:48:00,2021,9,2,13,48,83,83137,MOULINS (AVE DES DE 328 A FIN,43.1474,5.9136,Plein jour,En agglomération,Hors intersection,Pluie légère,Deux véhicules - arrière,7,2,2,0,1,2,2,0,1,50,,2,1,0,0,1,70.0,21.0,,,1,2,1,2,2
202100021229,2021-09-02 08:55:00,2021,9,2,8,55,81,81065,POMPIDOU (AV.GEORGES),43.62143,2.264337,Plein jour,En agglomération,Autre intersection,Normale,Deux véhicules - arrière,3,2,2,0,1,1,1,0,1,50,,2,1,0,0,1,67.0,52.0,,,1,2,9,1,2
202100021230,2021-09-02 15:30:00,2021,9,2,15,30,76,76322,INDUSTRIE. RUE DE L',49.420124,1.03301,Plein jour,En agglomération,Hors intersection,Normale,Autre collision,6,-1,0,0,1,1,1,9,8,50,,2,1,0,0,1,29.0,,,,1,2,1,1,6
202100021231,2021-09-01 08:00:00,2021,9,1,8,0,76,76351,GRAVILLE (BD DE),49.49556,0.14713,Crépuscule ou aube,En agglomération,Intersection en X,Normale,Deux véhicules - côté,4,2,2,0,1,1,1,0,1,50,,3,2,0,1,0,24.0,63.0,,,2,2,2,1,3
202100021232,2021-08-31 21:18:00,2021,8,31,21,18,74,74298,BONNEVILLE (ROUTE DE ),46.16851,6.26763,Nuit sans éclairage public,Hors agglomération,Hors intersection,Normale,Trois véhicules et plus - collisions multiples,3,2,2,0,1,4,1,0,1,80,,3,2,0,0,1,24.0,35.0,,,3,1,1,1,5
202100021233,2021-09-02 09:30:00,2021,9,2,9,30,71,71153,COURONNE (RUE DE LA),46.80294,4.41527,Plein jour,En agglomération,Hors intersection,Normale,Deux véhicules - arrière,4,2,2,0,4,1,1,0,1,50,,3,2,0,0,1,51.0,63.0,,,1,2,1,1,2
202100021234,2021-09-02 20:30:00,2021,9,2,20,30,69,69290,CLAUDE FARRERE (R),45.68802,4.95568,Nuit sans éclairage public,En agglomération,Intersection en T,Normale,Deux véhicules - côté,4,2,2,2,2,1,1,0,1,50,,3,2,0,0,1,21.0,37.0,,,3,2,3,1,3
202100021235,2021-09-01 15:47:00,2021,9,1,15,47,66,66136,PIA (TRAVERSE DE),42.70648,2.89188,Plein jour,En agglomération,Intersection en T,Normale,Autre collision,4,2,2,0,1,1,1,0,1,50,,2,1,0,0,1,29.0,,,,1,2,3,1,6
202100021236,2021-09-01 12:20:00,2021,9,1,12,20,64,64102,PIECE NOYEE (ROND POINT DE LA),43.49937,-1.48125,Plein jour,En agglomération,Hors intersection,Pluie légère,Sans collision,4,1,2,0,1,3,2,9,1,50,,1,0,0,0,1,24.0,,,,1,2,1,2,7
202100021237,2021-09-01 08:20:00,2021,9,1,8,20,64,64102,ALLEES MARINES (AVENUE DES),43.50034,-1.49114,Plein jour,En agglomération,Hors intersection,Normale,Deux véhicules - arrière,4,2,2,0,1,1,1,0,1,50,,2,1,0,0,1,17.0,25.0,,,1,2,1,1,2
202100021238,2021-09-01 17:57:00,2021,9,1,17,57,63,63014,PASCAL (RUE),45.7589,3.11381,Plein jour,En agglomération,Hors intersection,Normale,Autre collision,4,2,2,0,1,1,1,0,1,50,,5,0,0,0,5,45.0,,,,1,2,1,1,6
202100021239,2021-09-01 12:34:00,2021,9,1,12,34,63,63113,CREUX DE LA CHAUX/rue des Rivaux,45.76099,3.10377,Plein jour,En agglomération,Passage à niveau,Normale,Deux véhicules - côté,4,2,2,0,1,1,1,4,6,50,,2,1,0,0,1,53.0,20.0,,,1,2,8,1,3
202100021240,2021-09-01 19:50:00,2021,9,1,19,50,62,62019,D51 ,50.413417,2.734994,Plein jour,Hors agglomération,Hors intersection,Normale,Deux véhicules - arrière,3,2,0,0,1,2,1,0,1,80,,2,1,0,1,0,20.0,39.0,,,1,1,1,1,2
202100021241,2021-09-02 18:55:00,2021,9,2,18,55,59,59350,LAMBRET OSCAR AVENUE,50.61671,3.03407,Plein jour,En agglomération,Hors intersection,Normale,Deux véhicules - côté,4,1,1,0,2,3,1,9,1,50,,3,2,0,0,1,20.0,33.0,,,1,2,1,1,3
202100021242,2021-09-02 15:10:00,2021,9,2,15,10,59,59350,HUGO VICTOR RUE,50.62116,3.09516,Plein jour,En agglomération,Intersection en T,Normale,Deux véhicules - côté,7,2,2,1,1,1,1,0,5,50,,2,1,0,0,1,22.0,56.0,,,1,2,3,1,3
202100021243,2021-09-02 02:00:00,2021,9,2,2,0,59,59350,VALMY RUE DE,50.62938,3.06356,Nuit avec éclairage allumé,En agglomération,Intersection en X,Normale,Deux véhicules - côté,4,1,3,1,1,1,1,5,1,30,,5,1,0,1,3,21.0,36.0,,,5,2,2,1,3
202100021244,2021-08-31 08:16:00,2021,8,31,8,16,56,56121,CLISSON (RUE DE ),47.75025,-3.36213,Plein jour,En agglomération,Hors intersection,Normale,Autre collision,4,2,2,0,1,1,1,0,1,30,,2,1,0,0,1,42.0,,,,1,2,1,1,6
202100021245,2021-08-30 15:30:00,2021,8,30,15,30,56,56162,PASTEUR (AVENUE LOUIS),47.73975,-3.42747,Plein jour,En agglomération,Giratoire,Normale,Sans collision,3,2,2,0,1,1,8,5,5,30,,1,0,0,0,1,69.0,,,,1,2,6,1,7
202100021246,2021-08-30 07:25:00,2021,8,30,7,25,56,56121,KERGUESTENEN (RUE  DE ),47.75133,-3.39304,Plein jour,En agglomération,Hors intersection,Normale,Deux véhicules - frontale,4,2,2,0,1,1,1,9,1,30,,3,1,0,0,2,35.0,28.0,,,1,2,1,1,1
202100021247,2021-08-27 23:45:00,2021,8,27,23,45,56,56121,PATRIE (RUE DE LA ),47.74844,-3.36197,Nuit avec éclairage allumé,En agglomération,Intersection en X,Normale,Deux véhicules - côté,4,1,1,0,2,1,1,0,1,30,,3,1,0,0,2,19.0,23.0,,,5,2,2,1,3
202100021248,2021-09-02 02:00:00,2021,9,2,2,0,54,54395,POINCARE (RUE RAYMOND 31-32 A FIN),48.68943,6.16974,Nuit avec éclairage allumé,En agglomération,Intersection en X,Normale,Autre collision,4,1,3,3,1,1,1,0,1,50,,2,0,0,0,2,32.0,,,,5,2,2,1,6
202100021249,2021-09-01 08:06:00,2021,9,1,8,6,54,54328,PASTEUR (RUE LOUIS),48.61846,6.17725,Plein jour,En agglomération,Giratoire,Temps éblouissant,Deux véhicules - côté,4,2,2,1,1,1,1,0,1,30,,2,1,0,0,1,32.0,53.0,,,1,2,6,7,3
202100021250,2021-09-02 15:00:00,2021,9,2,15,0,51,51454,Rue Pierre Brossolette,49.26735,4.01575,Plein jour,En agglomération,Hors intersection,Normale,Sans collision,4,2,1,0,1,1,1,0,1,50,,2,1,0,0,1,41.0,,,,1,2,1,1,7
202100021251,2021-09-01 12:19:00,2021,9,1,12,19,51,51454,Rond Point de l'Ordre National du Mérite,49.2421093012,4.024779203,Plein jour,En agglomération,Giratoire,Normale,Deux véhicules - côté,4,1,2,1,2,2,2,0,2,50,,2,1,0,0,1,22.0,,,,1,2,6,1,3
202100021252,2021-08-30 23:20:00,2021,8,30,23,20,50,50129,ATLANTIQUE (BOULEVARD DE L'),49.62709,-1.63668,Nuit avec éclairage allumé,En agglomération,Intersection en T,Normale,Deux véhicules - côté,3,3,4,0,3,1,1,5,1,50,,3,1,0,0,2,17.0,37.0,,,5,2,3,1,3
202100021253,2021-08-31 18:55:00,2021,8,31,18,55,50,50173,SALINE (BOULEVARD DE LA),49.65386,-1.64906,Plein jour,En agglomération,Intersection en X,Normale,Deux véhicules - arrière,3,3,4,1,1,1,1,5,1,70,,2,1,0,0,1,76.0,28.0,,,1,2,2,1,2
202100021254,2021-09-02 20:50:00,2021,9,2,20,50,49,49328,ROUEN (RUE DE),47.26968,-0.06704,Crépuscule ou aube,En agglomération,Intersection en X,Normale,Deux véhicules - côté,4,2,2,0,1,1,1,0,1,50,,2,1,0,0,1,35.0,27.0,,,2,2,2,1,3
202100021255,2021-09-02 11:58:00,2021,9,2,11,58,49,49007,SAUMUROISE IMPASSE ET RUE,47.45952,-0.53644,Plein jour,En agglomération,Hors intersection,Normale,Deux véhicules - côté,4,2,2,0,1,1,1,0,1,30,,2,1,0,1,0,22.0,30.0,,,1,2,1,1,3
202100021256,2021-09-02 19:50:00,2021,9,2,19,50,46,46042,MAQUIS (AVENUE DU),44.4517,1.4486,Plein jour,En agglomération,Hors intersection,Normale,Deux véhicules - arrière,3,2,2,0,3,1,1,0,1,50,,2,1,0,0,1,,28.0,,,1,2,1,1,2
202100021257,2021-09-02 02:10:00,2021,9,2,2,10,45,45302,Rue du Faubourg Bannier,47.93398,1.89482,Nuit avec éclairage allumé,En agglomération,Giratoire,Normale,Autre collision,4,2,2,0,1,1,1,0,1,50,,1,0,0,1,0,24.0,,,,5,2,6,1,6
202100021258,2021-09-02 22:00:00,2021,9,2,22,0,42,42186,Rue de la République,45.53067,4.61224,Nuit avec éclairage allumé,En agglomération,Intersection en T,Normale,Deux véhicules - côté,7,2,2,0,2,3,1,0,1,50,,2,1,0,0,1,20.0,17.0,,,5,2,3,1,3
202100021259,2021-09-01 19:25:00,2021,9,1,19,25,37,37261,VAILLANT (RUE EDOUARD),47.3897087117,0.6947957072,Plein jour,En agglomération,Hors intersection,Normale,Autre collision,4,2,3,3,1,1,1,0,1,50,,2,1,0,0,1,36.0,58.0,,,1,2,1,1,6
202100021260,2021-08-31 19:40:00,2021,8,31,19,40,37,37233,ROSIERS (ALLEE DES),47.3931033413,0.7265391293,Plein jour,En agglomération,Hors intersection,Normale,Autre collision,4,2,2,0,1,1,1,0,1,50,,2,1,0,1,0,32.0,,,,1,2,1,1,6
202100021261,2021-09-01 10:45:00,2021,9,1,10,45,35,35115,GROSLAY (BD DE DU N°25 AU 43),48.35261,-1.18617,Plein jour,En agglomération,Giratoire,Normale,Deux véhicules - côté,4,2,2,0,4,1,1,5,1,50,,2,1,0,0,1,58.0,58.0,,,1,2,6,1,3
202100021262,2021-09-01 17:30:00,2021,9,1,17,30,34,34032,RD.64,43.3417267347,3.1752848625,Plein jour,Hors agglomération,Hors intersection,Normale,Trois véhicules et plus - collisions multiples,3,2,2,0,1,1,1,0,1,80,,4,0,0,2,2,22.0,23.0,,,1,1,1,1,5
202100021263,2021-08-24 23:40:00,2021,8,24,23,40,33,33063,Rue du Bocage,44.8496,-0.60136,Nuit avec éclairage allumé,En agglomération,Intersection en T,Normale,Deux véhicules - arrière,4,2,2,0,1,1,1,0,1,50,,3,2,0,0,1,38.0,47.0,,,5,2,3,1,2
202100021264,2021-09-01 11:40:00,2021,9,1,11,40,33,33119,Chemin de Sallèle,44.85134,-0.52284,Plein jour,En agglomération,Intersection en T,Normale,Deux véhicules - côté,4,1,1,0,3,2,1,0,1,50,,2,1,0,0,1,44.0,44.0,,,1,2,3,1,3
202100021265,2021-09-02 14:40:00,2021,9,2,14,40,31,31555,AV DE FRONTON,43.64233,1.43341,Plein jour,En agglomération,Hors intersection,Normale,Deux véhicules - frontale,7,2,4,2,1,2,1,0,5,50,,2,1,0,0,1,27.0,17.0,,,1,2,1,1,1
202100021266,2021-09-01 17:45:00,2021,9,1,17,45,31,31555,RUE ANDRE VASSEUR,43.638114,1.476273,Plein jour,En agglomération,Intersection en T,Normale,Deux véhicules - côté,4,2,2,0,2,1,1,2,1,50,,2,1,0,1,0,40.0,31.0,,,1,2,3,1,3
202100021267,2021-08-01 07:45:00,2021,8,1,7,45,30,30189,LECLERC GENERAL (AVENUE),43.8306,4.3691,Plein jour,En agglomération,Intersection en Y,Normale,Deux véhicules - frontale,4,2,2,0,1,1,1,0,1,50,,2,1,0,1,0,23.0,27.0,,,1,2,4,1,1
202100021268,2021-09-01 08:50:00,2021,9,1,8,50,29,29232,N165 - Bretelle Gourvilly,48.02275,-4.08397,Plein jour,Hors agglomération,Hors intersection,Normale,Deux véhicules - arrière,2,3,4,0,1,1,1,0,1,110,,2,1,0,0,1,20.0,23.0,,,1,1,1,1,2
202100021269,2021-09-02 08:40:00,2021,9,2,8,40,28,28134,ORIELS (RUE DES),48.73868,1.39135,Plein jour,En agglomération,Hors intersection,Normale,Deux véhicules - frontale,4,2,2,0,2,1,1,0,1,30,,2,1,0,0,1,78.0,,,,1,2,1,1,1
202100021270,2021-09-02 17:45:00,2021,9,2,17,45,15,15014,JOLY (BOULEVARD ANTHONY),44.927913,2.43288,Plein jour,En agglomération,Hors intersection,Normale,Autre collision,4,1,2,0,2,1,1,0,1,50,,2,1,0,0,1,64.0,,,,1,2,1,1,6
202100021271,2021-09-01 04:00:00,2021,9,1,4,0,13,13214,ROLAND DORGELES (BOULEVARD),43.3458,5.3819,Nuit avec éclairage allumé,En agglomération,Hors intersection,Normale,Deux véhicules - frontale,7,2,4,0,1,2,2,9,1,50,,1,0,0,0,1,25.0,,,,5,2,1,1,1
202100021272,2021-09-02 11:15:00,2021,9,2,11,15,13,13209,MARÉCHAL DE LATTRE (AVENUE),43.2459168041,5.4173980125,Plein jour,En agglomération,Hors intersection,Normale,Trois véhicules et plus - collisions multiples,4,2,3,0,1,1,1,0,1,50,,3,1,0,1,1,48.0,36.0,,,1,2,1,1,5
202100021273,2021-09-02 02:30:00,2021,9,2,2,30,13,13201,LIBERTE (BOULEVARD DE LA),43.30093,5.38245,Nuit avec éclairage allumé,En agglomération,Intersection en X,Normale,Deux véhicules - côté,4,1,3,0,2,1,1,0,1,50,,2,1,0,1,0,25.0,27.0,,,5,2,2,1,3
202100021274,2021-09-01 18:00:00,2021,9,1,18,0,12,12013,CABROL JULES (AVENUE),44.527032,2.244173,Plein jour,En agglomération,Intersection en T,Normale,Autre collision,3,2,2,0,2,1,1,0,1,50,,2,1,0,0,1,33.0,,,,1,2,3,1,6
202100021275,2021-09-02 23:18:00,2021,9,2,23,18,10,10297,Rocade EST,48.31326,4.11315,Nuit sans éclairage public,Hors agglomération,Hors intersection,Normale,Autre collision,3,2,2,0,1,1,1,0,3,80,,1,0,0,0,1,19.0,,,,3,1,1,1,6
202100021276,2021-09-01 14:40:00,2021,9,1,14,40,10,10387,CHAILLOUET RUE),48.30479,4.0837,Plein jour,En agglomération,Intersection en X,Temps éblouissant,Deux véhicules - côté,4,2,0,0,1,1,1,0,1,50,,2,1,0,0,1,49.0,73.0,,,1,2,2,7,3
202100021277,2021-09-01 12:05:00,2021,9,1,12,5,10,10387,BROCARD (RUE),48.3086,4.0691,Plein jour,En agglomération,Giratoire,Normale,Deux véhicules - frontale,4,2,2,0,1,1,1,0,5,50,,2,1,0,0,1,51.0,42.0,,,1,2,6,1,1
202100021278,2021-09-02 14:52:00,2021,9,2,14,52,06,06088,MERCANTOUR (BD),43.68183,7.19891,Plein jour,En agglomération,Hors intersection,Normale,Deux véhicules - côté,7,3,4,0,1,1,1,0,1,70,,2,1,0,1,0,58.0,35.0,,,1,2,1,1,3
202100021279,2021-09-02 09:50:00,2021,9,2,9,50,06,06088,GORBELLA (BD DE),43.72275,7.25606,Plein jour,En agglomération,Hors intersection,Normale,Autre collision,4,2,2,3,1,1,1,0,1,50,,2,1,0,1,0,57.0,,,,1,2,1,1,6
202100021280,2021-09-01 19:20:00,2021,9,1,19,20,06,06088,FAURE (AV. FELIX),43.698075,7.27279,Plein jour,En agglomération,Intersection en X,Normale,Deux véhicules - frontale,4,2,2,1,1,1,1,0,5,50,,2,1,0,0,1,,75.0,,,1,2,2,1,1
202100021281,2021-08-31 11:40:00,2021,8,31,11,40,06,06123,BORD DE MER RN 98,43.656697,7.178824,Plein jour,En agglomération,Hors intersection,Normale,Deux véhicules - arrière,7,3,2,0,1,1,1,0,1,50,,2,1,0,0,1,44.0,79.0,,,1,2,1,1,2