accident_id,datetime,annee,mois,jour,heure,minute,departement,commune_insee,adresse,latitude,longitude,luminosite,agglomeration,intersection,meteo,collision,catr,circ,nbv,vosp,prof,plan,surf,infra,situ,vma,nb_vehicules,nb_usagers,nb_indemnes,nb_tues,nb_blesses_hosp,nb_blesses_legers,age_cond_1,age_cond_2,veh_type_cond_1,veh_type_cond_2,lum_code,agg_code,int_code,atm_code,col_code
202100021282,2021-09-02 18:00:00,2021,9,2,18,0,75,75120,BD PERIPHERIQUE INTERIEUR,48.8520024696,2.4148816742,Plein jour,En agglomération,Intersection en Y,Normale,Deux véhicules - arrière,4,1,4,0,1,1,1,0,1,70,,3,1,0,0,2,32.0,33.0,,,1,2,4,1,2
202100021283,2021-09-01 15:15:00,2021,9,1,15,15,75,75112,BD PERIPHERIQUE EXTERIEUR,48.83401,2.409516,Plein jour,En agglomération,Hors intersection,Normale,Trois véhicules et plus - en chaîne,4,1,4,0,1,1,1,1,1,70,,3,2,0,0,1,37.0,24.0,,,1,2,1,1,4
202100021284,2021-09-02 12:18:00,2021,9,2,12,18,75,75118,AVENUE DE SAINT OUEN,48.890981,2.326763,Plein jour,En agglomération,Hors intersection,Normale,Deux véhicules - côté,4,2,5,3,1,1,1,8,6,30,,3,2,0,1,0,25.0,25.0,,,1,2,1,1,3
202100021285,2021-09-02 04:33:00,2021,9,2,4,33,75,75111,BOULEVARD DE BELLEVILLE,48.866999,2.382826,Nuit avec éclairage allumé,En agglomération,Intersection en X,Normale,Autre collision,4,3,2,1,1,1,1,5,5,30,,2,0,0,1,1,24.0,,,,5,2,2,1,6
202100021286,2021-09-02 16:20:00,2021,9,2,16,20,75,75105,RUE PASCAL,48.837346,2.349124,Plein jour,En agglomération,Hors intersection,Normale,Autre collision,4,2,2,1,1,1,1,0,5,30,,2,1,0,0,1,21.0,,,,1,2,1,1,6
202100021287,2021-09-02 10:15:00,2021,9,2,10,15,75,75120,AVENUE GAMBETTA,48.8648985003,2.3981859393,Plein jour,En agglomération,Place,Normale,Autre collision,4,2,2,0,1,1,1,0,1,30,,3,2,0,0,1,83.0,,,,1,2,7,1,6
202100021288,2021-09-01 22:10:00,2021,9,1,22,10,75,75116,AVENUE VICTOR HUGO,48.8734701106,2.2942956998,Nuit avec éclairage allumé,En agglomération,Place,Normale,Deux véhicules - côté,4,2,6,0,1,1,1,0,1,30,,2,1,0,0,1,37.0,27.0,,,5,2,7,1,3
202100021289,2021-09-02 08:15:00,2021,9,2,8,15,75,75116,PLACE CLEMENT ADER,48.851312,2.278428,Plein jour,En agglomération,Place,Normale,Deux véhicules - côté,4,2,4,0,1,1,1,0,1,30,,2,1,0,0,1,56.0,29.0,,,1,2,7,1,3
202100021290,2021-09-02 15:30:00,2021,9,2,15,30,75,75114,AVENUE DU GENERAL LECLERC,48.828795,2.327733,Plein jour,En agglomération,Intersection en Y,Normale,Deux véhicules - côté,4,2,5,0,1,1,1,0,1,50,,2,1,0,0,1,22.0,71.0,,,1,2,4,1,3
202100021291,2021-09-01 18:15:00,2021,9,1,18,15,75,75114,AVENUE DE LA PORTE D ORLEANS,48.820545,2.324219,Plein jour,En agglomération,Intersection en X,Normale,Deux véhicules - arrière,4,1,2,0,1,1,1,0,1,30,,2,1,0,0,1,57.0,,,,1,2,2,1,2
202100021292,2021-09-02 08:36:00,2021,9,2,8,36,75,75113,AVENUE DE LA PORTE D ITALIE,48.8173069715,2.3600360199,Plein jour,En agglomération,Intersection en Y,Normale,Deux véhicules - côté,4,2,6,3,1,1,1,0,6,30,,2,1,0,0,1,37.0,33.0,,,1,2,4,1,3
202100021293,2021-09-02 16:40:00,2021,9,2,16,40,75,75112,RUE DE BERCY,48.845561,2.371179,Plein jour,En agglomération,Intersection en X,Normale,Deux véhicules - côté,4,2,4,1,1,1,1,5,5,30,,2,1,0,0,1,18.0,,,,1,2,2,1,3
202100021294,2021-09-02 13:50:00,2021,9,2,13,50,75,75112,BOULEVARD DIDEROT,48.847,2.383799,Plein jour,En agglomération,Intersection en X,Normale,Deux véhicules - frontale,4,2,3,0,1,1,1,0,1,30,,2,1,0,0,1,36.0,21.0,,,1,2,2,1,1
202100021295,2021-09-02 08:45:00,2021,9,2,8,45,75,75112,AVENUE DE GRAVELLE,48.818409,2.451584,Plein jour,En agglomération,Intersection en T,Temps éblouissant,Deux véhicules - côté,4,2,2,1,1,1,1,0,5,50,,2,1,0,0,1,40.0,57.0,,,1,2,3,7,3
202100021296,2021-09-02 15:37:00,2021,9,2,15,37,75,75110,BOULEVARD SAINT MARTIN,48.8689754728,2.3557561742,Plein jour,En agglomération,Place,Normale,Deux véhicules - côté,4,2,5,3,1,1,1,0,6,30,,2,1,0,0,1,28.0,32.0,,,1,2,7,1,3
202100021297,2021-09-02 19:00:00,2021,9,2,19,0,75,75108,RUE DE BERRI,48.872075,2.303511,Plein jour,En agglomération,Hors intersection,Normale,Deux véhicules - côté,4,1,1,0,1,1,1,0,4,30,,2,1,0,0,1,44.0,27.0,,,1,2,1,1,3
202100021298,2021-09-02 15:21:00,2021,9,2,15,21,75,75107,RUE D ESTREES,48.851775,2.313849,Plein jour,En agglomération,Intersection en X,Normale,Deux véhicules - côté,4,1,2,0,1,1,1,0,1,50,,2,1,0,0,1,22.0,18.0,,,1,2,2,1,3
202100021299,2021-09-02 10:15:00,2021,9,2,10,15,75,75113,BOULEVARD MASSENA,48.8193400865,2.3619745459,Plein jour,En agglomération,Intersection en X,Normale,Deux véhicules - côté,4,3,2,1,1,1,1,0,5,30,,2,1,0,0,1,33.0,26.0,,,1,2,2,1,3
202100021300,2021-09-02 17:15:00,2021,9,2,17,15,75,75101,RUE DU LOUVRE,48.864112,2.342476,Plein jour,En agglomération,Hors intersection,Normale,Autre collision,4,2,3,0,1,1,1,0,1,50,,2,1,0,0,1,21.0,,,,1,2,1,1,6
202100021301,2021-09-02 10:00:00,2021,9,2,10,0,75,75104,BOULEVARD BOURDON,48.851652,2.36766,Plein jour,En agglomération,Intersection en T,Normale,Sans collision,4,2,4,1,1,1,1,0,5,30,,1,0,0,0,1,53.0,,,,1,2,3,1,7
202100021302,2021-09-02 19:00:00,2021,9,2,19,0,94,94028,Route de Choisy,48.77667,2.44095,Plein jour,Hors agglomération,Hors intersection,Normale,Deux véhicules - côté,3,1,1,0,1,1,1,0,1,70,,2,1,0,0,1,26.0,62.0,,,1,1,1,1,3
202100021303,2021-09-02 12:20:00,2021,9,2,12,20,94,94068,BOIS GUIMIER (AV DU),48.8034,2.48038,Plein jour,En agglomération,Intersection en X,Normale,Deux véhicules - frontale,4,-1,1,0,1,1,1,0,1,30,,2,1,0,0,1,35.0,,,,1,2,2,1,1
202100021304,2021-09-02 11:15:00,2021,9,2,11,15,94,94076,PARIS (AV DE),48.801555,2.364934,Plein jour,En agglomération,Autre intersection,Normale,Deux véhicules - côté,3,1,2,0,1,1,1,0,4,50,,2,1,0,0,1,15.0,28.0,,,1,2,9,1,3
202100021305,2021-09-02 09:45:00,2021,9,2,9,45,94,94065,EUROPE (AV DE L),48.745416,2.361581,Plein jour,En agglomération,Giratoire,Normale,Deux véhicules - côté,4,2,6,0,1,4,1,0,1,50,,2,1,0,0,1,27.0,28.0,,,1,2,6,1,3
202100021306,2021-09-01 11:20:00,2021,9,1,11,20,94,94077,Avenue Pasteur,48.7378245105,2.4226742142,Plein jour,En agglomération,Intersection en Y,Normale,Deux véhicules - côté,4,2,2,0,2,2,2,0,2,50,,2,0,0,0,2,38.0,51.0,,,1,2,4,1,3
202100021307,2021-09-02 19:35:00,2021,9,2,19,35,94,94071,GARENNE (R DE LA),48.77087,2.52216,Plein jour,En agglomération,Hors intersection,Normale,Deux véhicules - frontale,3,2,2,0,1,1,1,0,1,30,,2,1,0,0,1,20.0,20.0,,,1,2,1,1,1
202100021308,2021-09-01 07:50:00,2021,9,1,7,50,94,94079,GENERAL GALLIENI (RUE DU),48.82566,2.54051,Crépuscule ou aube,En agglomération,Autre intersection,Normale,Deux véhicules - côté,3,2,2,0,2,1,1,0,1,50,,2,1,0,0,1,26.0,42.0,,,2,2,9,1,3
202100021309,2021-09-02 17:50:00,2021,9,2,17,50,77,77291,CHAPIT RE ( RUE DU),49.00457,2.581,Plein jour,En agglomération,Hors intersection,Temps éblouissant,Deux véhicules - arrière,4,1,1,0,3,1,1,2,1,50,,2,1,0,0,1,25.0,28.0,,,1,2,1,7,2
202100021310,2021-09-02 13:10:00,2021,9,2,13,10,93,93070,DOCTEUR BAUER(RUE DU) :N° 1 AU 73,48.91189,2.33646,Plein jour,En agglomération,Hors intersection,Normale,Deux véhicules - frontale,3,1,2,0,1,1,1,0,1,50,,2,1,0,0,1,38.0,,,,1,2,1,1,1
202100021311,2021-09-02 11:20:00,2021,9,2,11,20,93,93070,JEAN-JAURES (BD),48.9127,2.3349,Plein jour,En agglomération,Autre intersection,Normale,Deux véhicules - côté,3,2,4,0,1,1,1,0,1,50,,2,1,0,1,0,50.0,44.0,,,1,2,9,1,3
202100021312,2021-09-02 19:30:00,2021,9,2,19,30,93,93048,Rue Jules Guesde,48.8628773349,2.4786400795,Plein jour,En agglomération,Hors intersection,Temps éblouissant,Autre collision,4,1,1,2,2,1,1,0,1,30,,2,1,0,0,1,40.0,,,,1,2,1,7,6
202100021313,2021-09-01 19:20:00,2021,9,1,19,20,93,93030,LARIVIERE (RUE LOUIS),48.95384,2.41631,Plein jour,En agglomération,Hors intersection,Normale,Deux véhicules - côté,3,2,2,0,1,1,1,0,1,50,,2,1,0,0,1,41.0,,,,1,2,1,1,3
202100021314,2021-09-02 18:10:00,2021,9,2,18,10,93,93010,GALLIENI (AV.) CONFORAMA 53,48.90547,2.4761,Plein jour,En agglomération,Hors intersection,Normale,Deux véhicules - arrière,3,1,3,0,1,1,1,0,1,50,,4,2,0,0,2,23.0,33.0,,,1,2,1,1,2
202100021315,2021-09-02 09:25:00,2021,9,2,9,25,93,93008,JAURES (AVENUE JEAN),48.90056,2.44151,Plein jour,En agglomération,Hors intersection,Normale,Deux véhicules - côté,3,3,4,0,1,1,1,0,1,50,,2,1,0,0,1,23.0,30.0,,,1,2,1,1,3
202100021316,2021-09-02 01:05:00,2021,9,2,1,5,93,93001,FELIX FAURE (BLD) 120 A 172,48.910506,2.376257,Nuit avec éclairage allumé,En agglomération,Hors intersection,Normale,Deux véhicules - frontale,3,-1,2,0,1,1,1,0,4,50,,2,0,0,0,2,24.0,,,,5,2,1,1,1
202100021317,2021-09-02 13:10:00,2021,9,2,13,10,92,92073,PAIX (PLACE DE LA),48.86464,2.204874,Plein jour,En agglomération,Place,Temps éblouissant,Deux véhicules - côté,4,2,3,0,1,1,1,0,1,50,,2,1,0,0,1,50.0,51.0,,,1,2,7,7,3
202100021318,2021-09-02 13:30:00,2021,9,2,13,30,92,92048,JEAN JAURES (AVENUE) N° 8 A 72,48.8099011326,2.2429141402,Plein jour,En agglomération,Hors intersection,Normale,Deux véhicules - côté,4,2,2,0,1,1,1,0,1,50,,3,2,0,0,1,35.0,52.0,,,1,2,1,1,3
202100021319,2021-09-01 09:00:00,2021,9,1,9,0,92,92025,GABRIEL PERI (RUE),48.918227,2.238915,Plein jour,En agglomération,Hors intersection,Normale,Autre collision,4,2,2,0,1,1,1,0,1,50,,2,1,0,0,1,25.0,,,,1,2,1,1,6
202100021320,2021-09-02 13:15:00,2021,9,2,13,15,92,92007,BRIAND (AVENUE ARISTIDE) N° 162 A 300,48.79198,2.3201,Plein jour,En agglomération,Hors intersection,Normale,Deux véhicules - côté,3,1,4,1,1,1,1,0,5,50,,2,1,0,0,1,42.0,21.0,,,1,2,1,1,3
202100021321,2021-09-02 16:30:00,2021,9,2,16,30,92,92004,DOCTEUR DERVAUX  ( QUAI DU ),48.9083976439,2.2927938662,Plein jour,En agglomération,Intersection en T,Normale,Deux véhicules - arrière,3,2,4,0,1,1,1,0,1,50,,2,1,0,0,1,64.0,28.0,,,1,2,3,1,2
202100021322,2021-09-03 14:00:00,2021,9,3,14,0,974,97415,Départementale 4 - rue Montrouge,-21.02114,55.296131,Plein jour,En agglomération,Hors intersection,Normale,Deux véhicules - frontale,3,2,2,0,1,1,1,0,1,50,,2,1,0,1,0,44.0,22.0,,,1,2,1,1,1
202100021323,2021-08-27 16:00:00,2021,8,27,16,0,974,97415,Bellemene les Canots,-21.026598,55.307633,Plein jour,Hors agglomération,Intersection en Y,Normale,Deux véhicules - côté,4,2,-1,-1,-1,-1,-1,-1,-1,-1,,2,1,0,0,1,44.0,53.0,,,1,1,4,1,3
202100021324,2021-09-02 19:20:00,2021,9,2,19,20,26,26096,1855 A Route de Saint Donat,45.08648,4.936337,Plein jour,Hors agglomération,Intersection en X,Normale,Deux véhicules - frontale,3,2,2,0,1,1,1,0,1,80,,2,1,0,1,0,25.0,36.0,,,1,1,2,1,1
202100021325,2021-09-03 02:30:00,2021,9,3,2,30,25,25014,"rd 683, pr 49.900",47.30464,6.172901,Nuit sans éclairage public,Hors agglomération,Hors intersection,Normale,Deux véhicules - frontale,3,2,2,0,1,1,1,0,1,80,,2,0,0,0,2,57.0,25.0,,,3,1,1,1,1
202100021326,2021-08-29 00:30:00,2021,8,29,0,30,40,40304,Avenue de la Grande Dune,43.661352,-1.434043,Nuit avec éclairage allumé,En agglomération,Hors intersection,Normale,Autre collision,4,2,1,0,1,1,1,0,8,50,,2,1,0,1,0,18.0,,,,5,2,1,1,6
202100021327,2021-09-03 17:00:00,2021,9,3,17,0,81,81161,D94,43.871949,2.495034,Plein jour,Hors agglomération,Hors intersection,Normale,Autre collision,3,2,2,0,2,3,2,0,3,80,,1,0,1,0,0,60.0,,,,1,1,1,1,6
202100021328,2021-09-03 07:08:00,2021,9,3,7,8,974,97422,Rue des Poinsetias,-21.248612,55.525023,Plein jour,En agglomération,Intersection en Y,Normale,Deux véhicules - frontale,2,3,2,0,2,1,1,5,1,50,,3,1,0,2,0,22.0,,,,1,2,4,1,1
202100021329,2021-09-02 16:28:00,2021,9,2,16,28,01,01173,D1005,46.349546,6.050227,Plein jour,Hors agglomération,Intersection en T,Normale,Deux véhicules - côté,3,2,1,0,2,1,1,0,1,80,,3,1,0,1,1,49.0,36.0,,,1,1,3,1,3
202100021330,2021-09-03 08:45:00,2021,9,3,8,45,79,79349,,46.023638,-0.11761,Plein jour,Hors agglomération,Intersection en X,Normale,Deux véhicules - côté,3,2,2,0,1,1,1,0,1,80,,2,1,0,1,0,60.0,32.0,,,1,1,2,1,3
202100021331,2021-09-02 10:00:00,2021,9,2,10,0,79,79205,,46.209364,0.06678,Plein jour,Hors agglomération,Intersection en X,Normale,Deux véhicules - côté,3,2,2,0,1,1,1,0,1,80,,3,2,1,0,0,71.0,76.0,,,1,1,2,1,3
202100021332,2021-08-31 12:20:00,2021,8,31,12,20,68,68043,D44,47.855067,7.242463,Plein jour,Hors agglomération,Intersection en Y,Normale,Deux véhicules - côté,3,2,2,0,2,1,1,2,1,80,,6,2,0,0,4,49.0,61.0,,,1,1,4,1,3
202100021333,2021-08-28 13:00:00,2021,8,28,13,0,58,58303,A77,47.029506,3.160844,Plein jour,Hors agglomération,Hors intersection,Normale,Deux véhicules - arrière,1,3,4,0,1,1,1,0,1,130,,2,1,0,1,0,50.0,34.0,,,1,1,1,1,2
202100021334,2021-09-03 08:45:00,2021,9,3,8,45,95,95660,RD 909,49.075865,2.348092,Plein jour,Hors agglomération,Hors intersection,Normale,Deux véhicules - côté,3,2,2,0,1,1,1,0,1,70,,2,1,1,0,0,25.0,28.0,,,1,1,1,1,3
202100021335,2021-08-15 19:10:00,2021,8,15,19,10,56,56233,Lieu Dit Kerarno,47.579931,-2.998002,Plein jour,Hors agglomération,Hors intersection,Temps couvert,Autre collision,3,2,2,0,1,2,1,0,1,50,,1,0,0,1,0,21.0,,,,1,1,1,8,6
202100021336,2021-09-01 18:50:00,2021,9,1,18,50,2A,2A017,Route départementale 81,42.0068800527,8.7470902228,Plein jour,Hors agglomération,Hors intersection,Normale,Deux véhicules - côté,3,2,2,0,1,1,1,0,1,80,,2,1,0,0,1,34.0,36.0,,,1,1,1,1,3
202100021337,2021-09-02 19:40:00,2021,9,2,19,40,80,80116,D934,49.74479,2.670874,Plein jour,Hors agglomération,Intersection en X,Normale,Deux véhicules - côté,3,2,2,0,1,1,1,0,1,80,,6,4,0,1,1,70.0,47.0,,,1,1,2,1,3
202100021338,2021-09-03 16:15:00,2021,9,3,16,15,80,80620,Route de Paris,49.916667,2.933918,Plein jour,En agglomération,Intersection en T,Normale,Deux véhicules - côté,3,2,2,0,1,1,1,0,1,50,,3,2,0,0,1,70.0,61.0,,,1,2,3,1,3
202100021339,2021-09-02 18:15:00,2021,9,2,18,15,11,11067,Avenue de Lézignan,43.218981,2.845947,Plein jour,Hors agglomération,Intersection en X,Normale,Deux véhicules - côté,3,2,2,0,1,1,1,0,1,80,,3,1,0,0,2,25.0,39.0,,,1,1,2,1,3
202100021340,2021-09-01 18:45:00,2021,9,1,18,45,71,71305,D55,46.459708,4.880612,Plein jour,Hors agglomération,Intersection en T,Normale,Deux véhicules - arrière,3,2,1,0,1,1,1,0,1,80,,2,1,0,0,1,38.0,17.0,,,1,1,3,1,2
202100021341,2021-09-03 06:45:00,2021,9,3,6,45,71,71543,Avenue Pasteur,46.5692556253,4.9067177062,Crépuscule ou aube,En agglomération,Intersection en Y,Normale,Deux véhicules - côté,3,3,2,0,2,3,1,1,1,50,,2,1,0,0,1,17.0,55.0,,,2,2,4,1,3
202100021342,2021-09-03 09:35:00,2021,9,3,9,35,89,89167,Route d Orleans,47.861085,3.44276,Plein jour,En agglomération,Intersection en X,Normale,Deux véhicules - côté,4,2,2,0,1,1,1,0,1,30,,2,1,1,0,0,89.0,36.0,,,1,2,2,1,3
202100021343,2021-09-01 14:50:00,2021,9,1,14,50,63,63236,route départementale 996,45.587645,2.782116,Plein jour,Hors agglomération,Hors intersection,Normale,Autre collision,3,2,2,0,1,1,1,0,3,80,,1,0,0,0,1,64.0,,,,1,1,1,1,6
202100021344,2021-09-02 15:30:00,2021,9,2,15,30,63,63375,D123,45.487283,3.323364,Plein jour,Hors agglomération,Hors intersection,Normale,Sans collision,3,2,2,0,2,2,1,0,3,80,,1,0,0,1,0,41.0,,,,1,1,1,1,7
202100021345,2021-09-03 18:55:00,2021,9,3,18,55,12,12056,route nationale 88,44.256392,2.415206,Plein jour,Hors agglomération,Intersection en Y,Normale,Deux véhicules - arrière,2,2,2,0,2,1,1,0,1,70,,2,1,0,0,1,26.0,60.0,,,1,1,4,1,2
202100021346,2021-08-31 17:00:00,2021,8,31,17,0,86,86177,lieu dit virolet,46.703842,0.263608,Plein jour,Hors agglomération,Intersection en T,Normale,Deux véhicules - côté,4,2,2,0,1,1,1,0,1,80,,2,1,0,1,0,29.0,13.0,,,1,1,3,1,3
202100021347,2021-09-02 15:35:00,2021,9,2,15,35,68,68042,D201,47.5875017607,7.5085933506,Plein jour,Hors agglomération,Intersection à plus de 4 branches,Normale,Deux véhicules - côté,3,2,1,0,1,1,1,0,1,80,,2,1,0,1,0,84.0,29.0,,,1,1,5,1,3
202100021348,2021-09-02 06:30:00,2021,9,2,6,30,25,25321,PK 61 - RD 461 - SENS VLL VERS SUISSE,47.059057,6.689236,Plein jour,Hors agglomération,Hors intersection,Normale,Deux véhicules - côté,3,1,2,0,2,1,1,3,1,90,,2,1,0,1,0,26.0,30.0,,,1,1,1,1,3
202100021349,2021-09-03 00:35:00,2021,9,3,0,35,29,29216,D785 - Bel Air,47.967112,-4.146373,Nuit sans éclairage public,Hors agglomération,Autre intersection,Normale,Autre collision,3,1,1,0,1,1,1,3,6,70,,1,0,0,0,1,49.0,,,,3,1,9,1,6
202100021350,2021-09-02 14:40:00,2021,9,2,14,40,38,38345,D1532,45.200512,5.454613,Plein jour,Hors agglomération,Hors intersection,Normale,Deux véhicules - arrière,3,3,2,0,1,1,1,0,1,80,,2,1,0,1,0,34.0,84.0,,,1,1,1,1,2
202100021351,2021-09-02 14:00:00,2021,9,2,14,0,38,38006,20 boulevard Jules Ferry,45.390908,6.070805,Plein jour,En agglomération,Hors intersection,Normale,Deux véhicules - arrière,3,2,2,0,1,1,1,0,1,50,,3,2,0,1,0,34.0,14.0,,,1,2,1,1,2
202100021352,2021-08-30 18:30:00,2021,8,30,18,30,38,38229,Chemin de Saint-Martin,45.221147,5.797316,Plein jour,En agglomération,Hors intersection,Normale,Sans collision,4,2,2,0,1,1,9,0,1,50,,1,0,0,0,1,23.0,,,,1,2,1,1,7
202100021353,2021-09-03 16:00:00,2021,9,3,16,0,01,01034,D992,45.75972,5.713373,Plein jour,Hors agglomération,Hors intersection,Normale,Autre collision,3,-1,2,0,2,1,1,0,3,80,,1,0,1,0,0,50.0,,,,1,1,1,1,6
202100021354,2021-08-31 16:36:00,2021,8,31,16,36,01,01426,Chemin de Lucinges,46.285353,5.341721,Plein jour,Hors agglomération,Intersection en X,Normale,Deux véhicules - côté,3,2,2,0,1,1,1,0,1,80,,2,1,0,0,1,46.0,36.0,,,1,1,2,1,3
202100021355,2021-09-03 04:50:00,2021,9,3,4,50,70,70055,route de VESOUL,47.766431,6.34159,Nuit sans éclairage public,Hors agglomération,Hors intersection,Normale,Autre collision,2,2,2,0,1,2,1,0,1,80,,2,0,0,2,0,21.0,,,,3,1,1,1,6
202100021356,2021-09-02 11:55:00,2021,9,2,11,55,58,58145,2 Rue des Theureaux,47.286781,3.819952,Plein jour,En agglomération,Hors intersection,Normale,Deux véhicules - arrière,3,1,1,0,1,1,1,0,1,30,,2,1,0,0,1,32.0,83.0,,,1,2,1,1,2
202100021357,2021-09-03 09:35:00,2021,9,3,9,35,66,66148,Avenue Jean Jacques Vila,42.521403,3.10515,Plein jour,En agglomération,Hors intersection,Normale,Autre collision,3,2,2,0,2,2,1,0,4,50,,2,1,0,0,1,56.0,,,,1,2,1,1,6
202100021358,2021-08-26 12:00:00,2021,8,26,12,0,90,90033,1 Faubourg de Belfort,47.508389,7.002797,Plein jour,En agglomération,Giratoire,Normale,Deux véhicules - frontale,3,2,2,0,1,2,1,0,1,50,,2,1,0,1,0,74.0,,,,1,2,6,1,1
202100021359,2021-09-02 20:19:00,2021,9,2,20,19,60,60556,D929,49.613943,2.539902,Crépuscule ou aube,Hors agglomération,Intersection en Y,Normale,Deux véhicules - frontale,3,2,2,0,1,1,1,0,1,80,,7,4,0,0,3,34.0,25.0,,,2,1,4,1,1
202100021360,2021-08-13 18:25:00,2021,8,13,18,25,73,73032,Route de l Énergie,45.635374,6.441551,Plein jour,Hors agglomération,Hors intersection,Normale,Trois véhicules et plus - en chaîne,4,2,2,0,1,1,1,0,1,70,,3,2,0,0,1,21.0,46.0,,,1,1,1,1,4
202100021361,2021-09-03 14:50:00,2021,9,3,14,50,43,43124,D902,45.100783,3.776121,Plein jour,Hors agglomération,Hors intersection,Pluie légère,Deux véhicules - frontale,3,2,2,0,1,3,2,0,1,70,,2,1,1,0,0,21.0,50.0,,,1,1,1,2,1
202100021362,2021-09-02 06:55:00,2021,9,2,6,55,10,10323,Rue Herbesace,48.508182,3.745447,Plein jour,En agglomération,Autre intersection,Normale,Deux véhicules - frontale,3,2,2,0,3,3,1,2,1,50,,4,2,0,0,2,53.0,22.0,,,1,2,9,1,1
202100021363,2021-09-03 20:21:00,2021,9,3,20,21,10,10438,30 Rue Neuve,48.145263,4.559849,Nuit avec éclairage allumé,En agglomération,Intersection en T,Pluie forte,Autre collision,3,2,2,0,1,1,2,0,1,50,,1,0,0,0,1,21.0,,,,5,2,3,3,6
202100021364,2021-09-03 10:14:00,2021,9,3,10,14,40,40046,Avenue Henri Guillaumet,44.390441,-1.166214,Plein jour,En agglomération,Giratoire,Normale,Deux véhicules - côté,4,-1,2,1,1,2,1,0,1,50,,2,1,0,1,0,95.0,67.0,,,1,2,6,1,3
202100021365,2021-09-02 07:10:00,2021,9,2,7,10,85,85020,Rue de la Combe,46.369252,-0.595794,Crépuscule ou aube,En agglomération,Hors intersection,Normale,Deux véhicules - frontale,3,2,2,0,1,1,1,0,1,50,,2,1,0,0,1,21.0,48.0,,,2,2,1,1,1
202100021366,2021-09-03 14:45:00,2021,9,3,14,45,17,17447,D112,46.092906,-0.915298,Plein jour,Hors agglomération,Hors intersection,Normale,Deux véhicules - côté,3,2,2,0,2,1,1,2,1,80,,2,1,0,1,0,75.0,66.0,,,1,1,1,1,3
202100021367,2021-09-03 07:40:00,2021,9,3,7,40,37,37273,D142,47.3836496562,0.7844131581,Crépuscule ou aube,En agglomération,Intersection en X,Normale,Deux véhicules - frontale,3,2,1,0,1,1,1,0,1,80,,2,0,0,1,1,47.0,24.0,,,2,2,2,1,1
202100021368,2021-09-03 18:15:00,2021,9,3,18,15,30,30192,RD 999,43.876944,4.056914,Plein jour,Hors agglomération,Hors intersection,Temps couvert,Deux véhicules - côté,3,2,2,0,3,3,2,0,1,80,,3,2,0,1,0,47.0,34.0,,,1,1,1,8,3
202100021369,2021-09-03 02:50:00,2021,9,3,2,50,973,97307,RN 2,4.865388,-52.333696,Nuit avec éclairage non allumé,Hors agglomération,Hors intersection,Normale,Deux véhicules - frontale,2,2,2,0,4,3,1,0,1,80,,7,1,1,1,4,50.0,21.0,,,4,1,1,1,1
202100021370,2021-09-03 11:00:00,2021,9,3,11,0,973,97309,Avenue Morne Coco,4.900055,-52.273797,Plein jour,En agglomération,Intersection en T,Normale,Deux véhicules - côté,3,2,2,0,1,1,1,0,5,50,,2,1,0,1,0,38.0,,,,1,2,3,1,3
202100021371,2021-09-02 17:39:00,2021,9,2,17,39,34,34213,PK 124+200,43.479578,3.666161,Plein jour,Hors agglomération,Hors intersection,Normale,Autre collision,1,3,3,0,2,1,1,0,2,130,,2,0,1,1,0,28.0,,,,1,1,1,1,6
202100021372,2021-09-01 19:30:00,2021,9,1,19,30,21,21301,Autoroute A36 sens Mulhouse/Beaune PK 200+300,47.031292,5.11353,Plein jour,Hors agglomération,Hors intersection,Normale,Autre collision,1,3,4,0,1,1,1,0,3,130,,1,0,0,1,0,23.0,,,,1,1,1,1,6
202100021373,2021-08-28 19:05:00,2021,8,28,19,5,987,98733,Pk 24+200 RT1,-17.716246,-149.581963,Nuit avec éclairage allumé,En agglomération,Hors intersection,Normale,Deux véhicules - côté,2,2,2,0,1,1,1,6,1,50,,3,0,0,1,2,61.0,24.0,,,5,2,1,1,3
202100021374,2021-09-01 11:00:00,2021,9,1,11,0,971,97116,Route Abdon Saman,16.337844,-61.509957,Plein jour,Hors agglomération,Hors intersection,Normale,Deux véhicules - arrière,3,2,2,0,2,1,1,0,1,80,,2,1,0,1,0,39.0,78.0,,,1,1,1,1,2
202100021375,2021-09-03 11:00:00,2021,9,3,11,0,13,13040,D96,43.471219,5.544941,Plein jour,En agglomération,Hors intersection,Normale,Deux véhicules - arrière,7,2,2,0,1,2,1,0,1,80,,2,1,0,1,0,38.0,27.0,,,1,2,1,1,2
202100021376,2021-09-02 09:15:00,2021,9,2,9,15,77,77382,D228,48.907628,2.888415,Plein jour,Hors agglomération,Hors intersection,Normale,Autre collision,3,2,2,0,1,1,1,0,1,90,,4,1,0,0,3,35.0,45.0,,,1,1,1,1,6
202100021377,2021-09-02 05:55:00,2021,9,2,5,55,77,77183,D402,48.94017,3.12103,Nuit avec éclairage allumé,En agglomération,Hors intersection,Normale,Sans collision,3,2,2,0,2,1,1,0,1,50,,2,1,0,1,0,25.0,56.0,,,5,2,1,1,7
202100021378,2021-09-03 05:50:00,2021,9,3,5,50,78,78263,RD 179,48.79826,1.716908,Nuit sans éclairage public,Hors agglomération,Hors intersection,Temps couvert,Trois véhicules et plus - collisions multiples,3,2,2,0,1,1,2,0,1,80,,3,2,1,0,0,71.0,17.0,,,3,1,1,8,5