accident_id,datetime,annee,mois,jour,heure,minute,departement,commune_insee,adresse,latitude,longitude,luminosite,agglomeration,intersection,meteo,collision,catr,circ,nbv,vosp,prof,plan,surf,infra,situ,vma,nb_vehicules,nb_usagers,nb_indemnes,nb_tues,nb_blesses_hosp,nb_blesses_legers,age_cond_1,age_cond_2,veh_type_cond_1,veh_type_cond_2,lum_code,agg_code,int_code,atm_code,col_code
202100021379,2021-08-30 13:16:00,2021,8,30,13,16,83,83119,Avenue Général Leclerc,43.269249,6.635667,Plein jour,En agglomération,Hors intersection,Normale,Autre collision,3,1,2,0,1,1,1,0,1,50,,2,1,0,1,0,69.0,,,,1,2,1,1,6
202100021380,2021-09-01 15:15:00,2021,9,1,15,15,68,68185,N59,48.267626,7.313461,Plein jour,Hors agglomération,Hors intersection,Normale,Deux véhicules - côté,3,2,2,0,1,1,1,0,1,80,,2,1,0,1,0,33.0,41.0,,,1,1,1,1,3
202100021381,2021-09-02 08:00:00,2021,9,2,8,0,03,03298,22 Rue du 4 Septembre,46.314109,3.401009,Plein jour,En agglomération,Hors intersection,Normale,Autre collision,3,1,2,0,1,1,1,0,1,50,,1,0,0,1,0,86.0,,,,1,2,1,1,6
202100021382,2021-09-03 17:15:00,2021,9,3,17,15,74,74127,RD 21 Chez Divoz,46.356182,6.577396,Plein jour,Hors agglomération,Hors intersection,Temps couvert,Autre collision,3,2,2,0,1,3,2,0,1,80,,1,0,0,1,0,30.0,,,,1,1,1,8,6
202100021383,2021-09-02 16:00:00,2021,9,2,16,0,38,38449,Rue du Limousin,45.638902,5.108213,Plein jour,En agglomération,Giratoire,Normale,Deux véhicules - côté,3,2,2,0,1,2,1,9,1,50,,2,1,0,0,1,17.0,51.0,,,1,2,6,1,3
202100021384,2021-09-02 20:10:00,2021,9,2,20,10,65,65413,D12,42.881039,-0.023126,Crépuscule ou aube,Hors agglomération,Hors intersection,Normale,Deux véhicules - frontale,3,2,2,0,2,1,1,0,1,80,,2,0,1,1,0,30.0,23.0,,,2,1,1,1,1
202100021385,2021-08-22 09:30:00,2021,8,22,9,30,40,40125,Route de Dax,43.647821,-1.098877,Plein jour,Hors agglomération,Intersection en X,Normale,Deux véhicules - côté,3,2,2,0,1,3,1,0,1,-1,,2,0,0,0,2,59.0,81.0,,,1,1,2,1,3
202100021386,2021-09-02 16:30:00,2021,9,2,16,30,33,33548,D138E4,44.972062,-0.340662,Plein jour,Hors agglomération,Intersection en T,Normale,Deux véhicules - côté,3,2,2,0,1,1,1,0,1,80,,2,1,0,1,0,48.0,39.0,,,1,1,3,1,3
202100021387,2021-08-31 19:37:00,2021,8,31,19,37,33,33016,Chemin de Carros,44.953015,-0.418409,Crépuscule ou aube,Hors agglomération,Hors intersection,Normale,Deux véhicules - frontale,4,2,1,0,1,3,1,0,1,80,,2,1,0,1,0,34.0,32.0,,,2,1,1,1,1
202100021388,2021-08-31 18:15:00,2021,8,31,18,15,27,27448,D836,49.008921,1.390559,Plein jour,En agglomération,Autre intersection,Normale,Deux véhicules - arrière,3,2,2,0,1,2,1,0,1,50,,2,1,0,0,1,34.0,54.0,,,1,2,9,1,2
202100021389,2021-09-03 17:50:00,2021,9,3,17,50,60,60612,Avenue de Reims,49.191605,2.571568,Plein jour,En agglomération,Intersection en T,Temps éblouissant,Deux véhicules - frontale,4,2,2,0,1,1,1,5,1,50,,3,1,0,0,2,53.0,27.0,,,1,2,3,7,1
202100021390,2021-09-01 07:36:00,2021,9,1,7,36,13,13055,A507 sens Marseille - Aubagne,43.300384,5.425309,Plein jour,Hors agglomération,Hors intersection,Normale,Deux véhicules - arrière,1,1,2,0,2,3,1,1,1,70,,2,1,0,0,1,25.0,24.0,,,1,1,1,1,2
202100021391,2021-09-01 22:26:00,2021,9,1,22,26,67,67152,M35,48.52874,7.69107,Nuit sans éclairage public,Hors agglomération,Hors intersection,Normale,Autre collision,7,3,2,0,1,1,1,0,1,90,,2,1,1,0,0,28.0,,,,3,1,1,1,6
202100021392,2021-09-02 10:10:00,2021,9,2,10,10,91,91216,AUTOROUTE A6,48.678682,2.335276,Plein jour,Hors agglomération,Hors intersection,Normale,Sans collision,1,1,3,0,1,1,1,0,1,110,,1,0,0,0,1,43.0,,,,1,1,1,1,7
202100021393,2021-09-01 20:45:00,2021,9,1,20,45,91,91549,RN 104,48.62609,2.34302,Nuit sans éclairage public,Hors agglomération,Hors intersection,Normale,Sans collision,2,1,2,0,1,1,1,0,1,110,,1,0,0,0,1,23.0,,,,3,1,1,1,7
202100021394,2021-09-01 20:00:00,2021,9,1,20,0,91,91692,AUTOROUTE A10,48.6735,2.1983,Plein jour,Hors agglomération,Hors intersection,Normale,Deux véhicules - côté,1,1,3,0,1,1,1,0,1,110,,4,2,0,0,2,49.0,54.0,,,1,1,1,1,3
202100021395,2021-09-02 20:00:00,2021,9,2,20,0,78,78208,RN12 EXT,48.799208,1.986633,Crépuscule ou aube,Hors agglomération,Hors intersection,Normale,Autre collision,2,1,1,0,1,3,1,0,1,50,,3,1,0,0,2,31.0,,,,2,1,1,1,6
202100021396,2021-09-02 11:00:00,2021,9,2,11,0,92,92047,A13,48.8350835791,2.1757683191,Plein jour,Hors agglomération,Hors intersection,Normale,Deux véhicules - côté,1,3,6,0,1,1,1,0,1,90,,2,1,0,0,1,34.0,55.0,,,1,1,1,1,3
202100021397,2021-09-02 17:50:00,2021,9,2,17,50,95,95151,RN 104,49.06254,2.27598,Plein jour,Hors agglomération,Hors intersection,Normale,Deux véhicules - arrière,2,3,4,0,1,1,1,0,1,110,,2,0,0,0,2,28.0,33.0,,,1,1,1,1,2
202100021398,2021-09-02 13:20:00,2021,9,2,13,20,95,95351,RN 104,49.03402,2.48874,Plein jour,Hors agglomération,Hors intersection,Normale,Deux véhicules - arrière,2,3,4,0,1,1,1,0,1,110,,2,1,0,0,1,48.0,30.0,,,1,1,1,1,2
202100021399,2021-09-01 18:35:00,2021,9,1,18,35,95,95641,AUTOROUTE A1,49.06951,2.55249,Plein jour,Hors agglomération,Hors intersection,Normale,Autre collision,1,3,8,0,1,3,1,0,1,70,,1,0,0,0,1,31.0,,,,1,1,1,1,6
202100021400,2021-09-01 19:00:00,2021,9,1,19,0,95,95488, A15,49.01926,2.13968,Plein jour,Hors agglomération,Hors intersection,Normale,Deux véhicules - côté,1,3,6,0,1,1,1,0,1,110,,2,1,0,0,1,39.0,32.0,,,1,1,1,1,3
202100021401,2021-09-01 14:00:00,2021,9,1,14,0,95,95582, A15,48.97231,2.24798,Plein jour,Hors agglomération,Hors intersection,Normale,Deux véhicules - arrière,1,3,9,0,1,1,1,0,1,110,,3,2,0,0,1,47.0,36.0,,,1,1,1,1,2
202100021402,2021-09-01 13:25:00,2021,9,1,13,25,93,93005,AUTOROUTE A1,48.9642723776,2.4732112885,Plein jour,Hors agglomération,Hors intersection,Normale,Autre collision,1,3,11,0,1,1,1,0,1,90,,1,0,0,0,1,22.0,,,,1,1,1,1,6
202100021403,2021-09-02 15:30:00,2021,9,2,15,30,77,77373,RN104,48.80115,2.62549,Plein jour,Hors agglomération,Hors intersection,Normale,Autre collision,2,-1,2,0,1,1,1,0,1,90,,3,2,0,0,1,55.0,40.0,,,1,1,1,1,6
202100021404,2021-09-02 02:00:00,2021,9,2,2,0,94,94069,A4,48.81655,2.44524,Nuit avec éclairage allumé,Hors agglomération,Hors intersection,Normale,Autre collision,1,1,2,0,2,1,1,3,1,70,,2,1,0,0,1,28.0,32.0,,,5,1,1,1,6
202100021405,2021-05-28 20:20:00,2021,5,28,20,20,62,62299,D70,50.458804,2.306593,Plein jour,Hors agglomération,Hors intersection,Normale,Deux véhicules - côté,3,2,2,0,2,1,1,0,1,80,,2,1,0,1,0,37.0,23.0,,,1,1,1,1,3
202100021406,2021-09-01 17:25:00,2021,9,1,17,25,27,27229,CHAUVIN (BOULEVARD GEORGES),49.023940071,1.1438486718,Plein jour,En agglomération,Intersection en T,Normale,Autre collision,4,2,2,0,1,1,1,9,1,50,,2,1,0,0,1,27.0,,,,1,2,3,1,6
202100021407,2021-09-01 13:50:00,2021,9,1,13,50,33,33009,Boulevard du Général Leclerc,44.65993,-1.1666,Plein jour,En agglomération,Intersection en T,Normale,Autre collision,4,2,3,0,1,1,1,0,1,50,,2,1,0,0,1,30.0,,,,1,2,3,1,6
202100021408,2021-05-06 09:08:00,2021,5,6,9,8,44,44109,BOULEVARD PASTEUR,47.2136,-1.58405,Plein jour,En agglomération,Hors intersection,Pluie légère,Autre collision,4,2,2,2,1,1,2,0,1,50,,2,1,0,1,0,52.0,,,,1,2,1,2,6
202100021409,2021-09-01 10:45:00,2021,9,1,10,45,974,97416,PRESIDENT MITTERAND(AVENUE),-21.34259,55.48051,Plein jour,En agglomération,Hors intersection,Normale,Deux véhicules - frontale,4,2,2,0,2,1,1,0,1,30,,2,1,0,0,1,41.0,,,,1,2,1,1,1
202100021410,2021-09-01 15:00:00,2021,9,1,15,0,974,97411,NOTRE DAME DE LOURDES (RUE),-20.91749,55.47504,Plein jour,En agglomération,Hors intersection,Normale,Deux véhicules - frontale,4,-1,2,0,2,1,1,9,8,30,,2,0,0,1,1,21.0,,,,1,2,1,1,1
202100021411,2021-09-01 09:15:00,2021,9,1,9,15,974,97411,MOUFIA (ROUTE DE),-20.9054,55.49032,Plein jour,En agglomération,Hors intersection,Normale,Autre collision,4,2,2,0,2,1,1,0,4,50,,2,1,0,0,1,47.0,,,,1,2,1,1,6
202100021412,2021-08-28 19:50:00,2021,8,28,19,50,974,97411,QUATRE VOIES GILLOT (ROUTE A),-20.88561,55.49618,Nuit avec éclairage allumé,Hors agglomération,Hors intersection,Pluie forte,Deux véhicules - côté,2,1,2,0,1,2,2,0,1,90,,4,0,0,0,4,26.0,18.0,,,5,1,1,3,3
202100021413,2021-09-01 16:19:00,2021,9,1,16,19,973,97302,DIGUE RONJON,4.9340308514,-52.3292479813,Plein jour,En agglomération,Intersection en X,Normale,Deux véhicules - côté,4,2,1,0,1,1,1,0,1,50,,2,1,0,0,1,59.0,21.0,,,1,2,2,1,3
202100021414,2021-09-01 18:15:00,2021,9,1,18,15,69,69383,BANNIERE (DE LA) (R),45.75613,4.85578,Plein jour,En agglomération,Intersection en X,Normale,Deux véhicules - côté,4,1,1,0,1,1,1,0,1,50,,3,2,0,0,1,31.0,31.0,,,1,2,2,1,3
202100021415,2021-08-25 18:10:00,2021,8,25,18,10,69,69386,VAUBAN (R),45.7648723191,4.8435591722,Plein jour,En agglomération,Intersection en X,Normale,Autre collision,4,1,1,2,1,1,1,0,1,50,,2,1,0,1,0,37.0,,,,1,2,2,1,6
202100021416,2021-09-01 17:35:00,2021,9,1,17,35,69,69386,VITTON (CR),45.76947,4.85211,Plein jour,En agglomération,Hors intersection,Normale,Autre collision,4,1,2,2,1,1,1,-1,1,50,,2,1,0,0,1,43.0,,,,1,2,1,1,6
202100021417,2021-08-31 11:10:00,2021,8,31,11,10,69,69383,SAINT THEODORE (R),45.748372702,4.8635584116,Plein jour,En agglomération,Hors intersection,Normale,Deux véhicules - côté,4,1,1,0,1,1,1,0,1,50,,2,1,0,0,1,62.0,23.0,,,1,2,1,1,3
202100021418,2021-09-01 02:30:00,2021,9,1,2,30,69,69387,GALLIENI (PT),45.74801,4.83308,Nuit avec éclairage allumé,En agglomération,Hors intersection,Normale,Autre collision,4,2,5,1,1,1,1,0,1,50,,1,0,0,0,1,32.0,,,,5,2,1,1,6
202100021419,2021-09-01 08:46:00,2021,9,1,8,46,972,97209,PARADISIERS (AVENUE DES),14.6238800824,-61.0370886326,Plein jour,En agglomération,Hors intersection,Normale,Autre collision,4,2,2,0,3,3,1,5,1,50,,2,1,0,1,0,35.0,,,,1,2,1,1,6
202100021420,2021-09-01 05:04:00,2021,9,1,5,4,2B,2B033,TOUTES RUES,42.70287,9.44675,Nuit avec éclairage allumé,En agglomération,Hors intersection,Normale,Deux véhicules - arrière,3,-1,0,0,1,1,1,0,1,50,,3,1,0,1,1,27.0,20.0,,,5,2,1,1,2
202100021421,2021-09-01 20:00:00,2021,9,1,20,0,91,91377,AV DU MARECHAL LECLERC,48.73262,2.30096,Plein jour,En agglomération,Hors intersection,Normale,Deux véhicules - côté,3,2,2,1,1,1,1,0,5,50,,2,1,0,0,1,49.0,40.0,,,1,2,1,1,3
202100021422,2021-09-01 09:15:00,2021,9,1,9,15,91,91421,REPUBLIQUE (AVENUE DE LA),48.7026,2.4631,Plein jour,En agglomération,Intersection en T,Normale,Deux véhicules - côté,3,2,0,0,1,1,1,0,1,30,,3,2,0,0,1,87.0,19.0,,,1,2,3,1,3
202100021423,2021-09-01 04:50:00,2021,9,1,4,50,91,91421,NATIONALE 6 (GLACIERE),48.7066,2.443,Nuit avec éclairage allumé,Hors agglomération,Hors intersection,Normale,Autre collision,2,2,4,0,1,1,1,0,1,90,,1,0,0,0,1,72.0,,,,5,1,1,1,6
202100021424,2021-08-31 16:20:00,2021,8,31,16,20,91,91027,RTE DE FONTAINEBLEAU,48.717559,2.370785,Plein jour,Hors agglomération,Hors intersection,Normale,Deux véhicules - arrière,2,1,4,0,1,1,1,0,1,70,,4,3,0,0,1,53.0,55.0,,,1,1,1,1,2
202100021425,2021-08-18 22:05:00,2021,8,18,22,5,89,89342,PARIS (RUE DE) ,48.21862,3.27334,Nuit sans éclairage public,Hors agglomération,Hors intersection,Normale,Deux véhicules - frontale,3,2,2,0,1,1,1,0,1,70,,2,1,0,0,1,30.0,24.0,,,3,1,1,1,1
202100021426,2021-08-30 16:38:00,2021,8,30,16,38,87,87113,MOULIN (AVENUE JEAN),45.86052,1.31822,Plein jour,En agglomération,Intersection en T,Normale,Trois véhicules et plus - en chaîne,3,2,2,0,1,1,1,0,1,50,,3,2,0,0,1,44.0,37.0,,,1,2,3,1,4
202100021427,2021-08-29 13:36:00,2021,8,29,13,36,87,87085,VANTEAUX (BOULEVARD DE),45.82121,1.23015,Plein jour,En agglomération,Intersection en X,Normale,Autre collision,4,3,4,0,1,1,1,5,1,50,,2,1,0,0,1,24.0,23.0,,,1,2,2,1,6
202100021428,2021-08-29 11:50:00,2021,8,29,11,50,85,85194,GAULLE (AVENUE CHARLES DE),46.50784,-1.7699,Plein jour,En agglomération,Hors intersection,Normale,Deux véhicules - côté,4,-1,2,0,1,1,1,9,1,10,,3,1,0,1,1,63.0,71.0,,,1,2,1,1,3
202100021429,2021-08-30 19:20:00,2021,8,30,19,20,83,83123,TOULON (ANCIEN CHEMIN DE),43.132949,5.790936,Plein jour,En agglomération,Hors intersection,Normale,Deux véhicules - côté,4,2,1,0,1,1,1,0,1,50,,2,1,0,1,0,55.0,60.0,,,1,2,1,1,3
202100021430,2021-09-01 15:20:00,2021,9,1,15,20,83,83069,BRIAND (AVENUE ARISTIDE),43.1206473745,6.1311943351,Plein jour,En agglomération,Hors intersection,Normale,Autre collision,4,1,2,0,1,2,1,0,1,30,,2,1,0,0,1,23.0,,,,1,2,1,1,6
202100021431,2021-09-01 14:40:00,2021,9,1,14,40,72,72181,GENESLAY FELIX (AV) N° PAIRS 288 ET plus,47.969525,0.204203,Plein jour,En agglomération,Hors intersection,Normale,Deux véhicules - arrière,4,3,4,0,1,1,1,0,1,50,,2,1,0,0,1,47.0,37.0,,,1,2,1,1,2
202100021432,2021-09-01 15:20:00,2021,9,1,15,20,72,72181,KLOTZ HENRI-PIERRE (AV),48.019673,0.165549,Plein jour,En agglomération,Hors intersection,Normale,Autre collision,4,2,2,1,2,1,1,0,1,50,,1,0,0,0,1,79.0,,,,1,2,1,1,6
202100021433,2021-08-31 19:40:00,2021,8,31,19,40,69,69275,VAULX (DE) (RTE),45.7776018476,4.9506458926,Plein jour,En agglomération,Intersection en X,Normale,Deux véhicules - côté,4,2,2,1,2,1,1,2,5,50,,2,1,0,0,1,,46.0,,,1,2,2,1,3
202100021434,2021-09-01 10:45:00,2021,9,1,10,45,69,69264,GANTILLON (R),45.99522,4.7208,Plein jour,En agglomération,Hors intersection,Normale,Autre collision,4,2,2,0,1,1,1,0,1,50,,2,1,0,0,1,40.0,,,,1,2,1,1,6
202100021435,2021-08-31 11:25:00,2021,8,31,11,25,67,67482,KEPLER (RUE),48.605216,7.720806,Plein jour,En agglomération,Hors intersection,Normale,Autre collision,4,2,2,0,1,3,1,9,4,50,,2,1,0,0,1,,,,,1,2,1,1,6
202100021436,2021-08-31 08:35:00,2021,8,31,8,35,67,67482,ENGELBREIT (RUE DE L ),48.58529,7.70686,Plein jour,En agglomération,Hors intersection,Normale,Deux véhicules - côté,4,3,7,1,1,1,1,0,1,50,,2,1,0,0,1,,23.0,,,1,2,1,1,3
202100021437,2021-09-01 13:36:00,2021,9,1,13,36,65,65251,Av des Pyrénées,43.21501,0.07188,Plein jour,Hors agglomération,Intersection en T,Pluie légère,Trois véhicules et plus - collisions multiples,3,3,2,0,1,1,2,0,1,80,,7,2,0,0,5,62.0,20.0,,,1,1,3,2,5
202100021438,2021-09-01 16:00:00,2021,9,1,16,0,64,64445,PAIX,43.32284,-0.37073,Plein jour,En agglomération,Hors intersection,Normale,Deux véhicules - côté,4,2,4,1,1,1,1,0,1,50,,2,1,0,1,0,60.0,64.0,,,1,2,1,1,3
202100021439,2021-08-31 17:10:00,2021,8,31,17,10,64,64102,ALSACE LORRAINE (BOULEVARD),43.494241,-1.467643,Plein jour,En agglomération,Intersection en T,Normale,Deux véhicules - côté,4,2,2,0,1,1,1,0,1,30,,3,1,0,2,0,24.0,44.0,,,1,2,3,1,3
202100021440,2021-08-31 06:55:00,2021,8,31,6,55,64,64024,ADOUR (AVENUE DE L'),43.50233,-1.49363,Nuit avec éclairage allumé,En agglomération,Hors intersection,Normale,Deux véhicules - côté,4,-1,2,1,1,2,1,9,1,50,,2,1,0,0,1,38.0,55.0,,,5,2,1,1,3
202100021441,2021-08-31 15:16:00,2021,8,31,15,16,63,63113,MONTLOSIER (RUE),45.7813402077,3.0900737643,Plein jour,En agglomération,Hors intersection,Normale,Autre collision,4,2,2,0,1,1,1,0,1,50,,3,0,0,0,3,28.0,,,,1,2,1,1,6
202100021442,2021-08-12 12:00:00,2021,8,12,12,0,62,62250,BRIQUET (R RAOUL ),50.444,2.944,Plein jour,En agglomération,Hors intersection,Normale,Autre collision,3,2,0,0,1,1,1,0,1,50,,1,0,0,1,0,34.0,,,,1,2,1,1,6
202100021443,2021-08-31 13:40:00,2021,8,31,13,40,59,59508,LILLE (RUE DE)LATERALE A DRONCKAERT,50.723051,3.110904,Plein jour,En agglomération,Hors intersection,Normale,Autre collision,7,-1,2,0,2,1,1,0,1,50,,2,0,0,0,2,35.0,,,,1,2,1,1,6
202100021444,2021-09-01 15:15:00,2021,9,1,15,15,59,59009,8 MAI 1945 RUE DU A PARTIR DU N° 60,50.64054,3.1553,Plein jour,En agglomération,Autre intersection,Normale,Deux véhicules - côté,7,3,1,1,1,1,1,9,5,50,,2,1,0,0,1,23.0,60.0,,,1,2,9,1,3
202100021445,2021-09-01 10:20:00,2021,9,1,10,20,59,59378,BAILLY ALBERT RUE,50.68833,3.109377,Plein jour,En agglomération,Hors intersection,Normale,Deux véhicules - côté,4,2,2,0,1,1,1,0,1,30,,2,1,0,0,1,74.0,37.0,,,1,2,1,1,3
202100021446,2021-08-31 16:00:00,2021,8,31,16,0,59,59234,WAGNONVILLE (RUE DE),50.396614,3.062431,Plein jour,En agglomération,Hors intersection,Normale,Autre collision,3,2,2,0,1,1,1,0,1,50,,2,1,0,0,1,26.0,,,,1,2,1,1,6
202100021447,2021-08-31 16:43:00,2021,8,31,16,43,57,57757,THIONVILLE (ROUTE DE),49.35186,6.17947,Plein jour,En agglomération,Hors intersection,Normale,Deux véhicules - arrière,4,2,2,0,1,1,1,0,1,50,,2,1,0,0,1,16.0,29.0,,,1,2,1,1,2
202100021448,2021-08-27 16:10:00,2021,8,27,16,10,56,56121,TOULLEC (RUE  FRANCOIS ),47.73523,-3.37477,Plein jour,En agglomération,Giratoire,Normale,Trois véhicules et plus - en chaîne,3,2,2,0,1,1,1,0,1,30,,3,2,0,0,1,37.0,36.0,,,1,2,6,1,4
202100021449,2021-08-08 23:20:00,2021,8,8,23,20,54,54525,RTE DE THIL,49.456,5.8691,Nuit sans éclairage public,Hors agglomération,Hors intersection,Normale,Autre collision,2,3,4,0,3,1,1,0,1,110,,3,0,0,1,2,21.0,,,,3,1,1,1,6
202100021450,2021-08-28 10:41:00,2021,8,28,10,41,54,54273,WILSON (AVENUE),49.155555,5.883718,Plein jour,En agglomération,Intersection en X,Normale,Deux véhicules - côté,3,2,2,0,1,2,1,0,1,50,,2,1,0,1,0,66.0,28.0,,,1,2,2,1,3
202100021451,2021-09-01 16:00:00,2021,9,1,16,0,51,51454,Rue Henri Barbusse,49.25677,4.04835,Plein jour,En agglomération,Hors intersection,Normale,Sans collision,4,1,1,0,2,1,1,0,1,50,,2,1,0,0,1,89.0,,,,1,2,1,1,7
202100021452,2021-08-31 16:50:00,2021,8,31,16,50,50,50129,PARIS (AVENUE DE),49.631036,-1.617821,Plein jour,En agglomération,Hors intersection,Normale,Deux véhicules - arrière,3,2,2,0,1,1,1,0,1,50,,2,1,0,0,1,33.0,34.0,,,1,2,1,1,2
202100021453,2021-09-01 15:25:00,2021,9,1,15,25,45,45234,VIGNAT (RUE EUGENE),47.90975,1.9112,Plein jour,En agglomération,Hors intersection,Normale,Deux véhicules - côté,4,1,1,0,2,1,1,6,1,40,,4,3,0,0,1,16.0,60.0,,,1,2,1,1,3
202100021454,2021-09-01 14:50:00,2021,9,1,14,50,44,44109,RUE GASTON MICHEL,47.209667,-1.560843,Plein jour,En agglomération,Hors intersection,Normale,Deux véhicules - côté,4,2,2,1,1,1,1,0,5,30,,2,1,0,1,0,38.0,69.0,,,1,2,1,1,3
202100021455,2021-09-01 18:28:00,2021,9,1,18,28,37,37261,PROUDHON (AVENUE),47.3948651102,0.6713184513,Plein jour,En agglomération,Intersection en T,Normale,Autre collision,4,3,3,0,1,1,1,0,1,50,,2,1,0,0,1,57.0,22.0,,,1,2,3,1,6
202100021456,2021-08-31 19:45:00,2021,8,31,19,45,37,37261,BERANGER (BOULEVARD),47.3900263648,0.6864394908,Plein jour,En agglomération,Intersection en X,Normale,Deux véhicules - côté,4,3,4,3,1,1,1,5,1,50,,3,0,0,0,3,30.0,40.0,,,1,2,2,1,3
202100021457,2021-09-01 08:00:00,2021,9,1,8,0,35,35238,DE LESSEPS (FERDINAND),48.10173,-1.70725,Plein jour,En agglomération,Giratoire,Normale,Deux véhicules - côté,4,-1,1,0,1,1,1,5,1,30,,2,1,0,0,1,52.0,61.0,,,1,2,6,1,3
202100021458,2021-09-01 11:30:00,2021,9,1,11,30,34,34172,D66  VOIE RAPIDE,43.60611,3.93448,Plein jour,Hors agglomération,Hors intersection,Normale,Trois véhicules et plus - collisions multiples,7,2,4,0,1,1,1,0,1,90,,3,2,0,1,0,89.0,33.0,,,1,1,1,1,5
202100021459,2021-09-01 11:30:00,2021,9,1,11,30,33,33318,Avenue Roger Chaumet,44.80173,-0.63506,Plein jour,En agglomération,Autre intersection,Normale,Deux véhicules - côté,4,2,2,1,1,1,1,0,5,50,,2,1,0,0,1,73.0,5.0,,,1,2,9,1,3
202100021460,2021-08-31 23:00:00,2021,8,31,23,0,31,31555,SAINT SIMON (RTE DE) DU 276 AU 389,43.58983,1.41513,Nuit avec éclairage allumé,En agglomération,Hors intersection,Normale,Deux véhicules - frontale,4,3,4,0,1,1,1,0,1,50,,3,2,0,1,0,43.0,18.0,,,5,2,1,1,1
202100021461,2021-08-31 19:46:00,2021,8,31,19,46,26,26362,85 Rue de la Forêt,44.919527,4.917926,Plein jour,En agglomération,Giratoire,Normale,Deux véhicules - côté,4,2,2,0,1,2,1,0,1,50,,2,1,0,0,1,49.0,24.0,,,1,2,6,1,3
202100021462,2021-09-01 15:05:00,2021,9,1,15,5,22,22278,CLEMENCEAU (BD),48.50865,-2.76019,Plein jour,En agglomération,Hors intersection,Normale,Deux véhicules - côté,4,2,2,0,1,1,1,0,1,50,,2,1,0,0,1,15.0,46.0,,,1,2,1,1,3
202100021463,2021-09-01 18:15:00,2021,9,1,18,15,14,14118,GUILLOUARD (PLACE),49.18101,-0.37007,Plein jour,En agglomération,Giratoire,Normale,Deux véhicules - côté,4,1,2,0,1,2,1,0,1,50,,2,1,0,1,0,58.0,66.0,,,1,2,6,1,3
202100021464,2021-08-08 23:25:00,2021,8,8,23,25,13,13054,DR SCHWEITZER (AV DU ),43.41815,5.21998,Nuit avec éclairage allumé,En agglomération,Hors intersection,Normale,Deux véhicules - côté,7,1,1,0,1,1,1,0,1,30,,2,1,0,0,1,21.0,,,,5,2,1,1,3
202100021465,2021-09-01 20:00:00,2021,9,1,20,0,13,13208,MONTREDON (AVENUE DE),43.2420888623,5.3689911609,Plein jour,En agglomération,Hors intersection,Normale,Autre collision,7,1,3,0,1,1,1,0,1,50,,3,1,0,1,1,31.0,,,,1,2,1,1,6
202100021466,2021-09-01 16:30:00,2021,9,1,16,30,13,13207,PASTEUR (AVENUE),43.2906,5.35919,Plein jour,En agglomération,Hors intersection,Normale,Deux véhicules - côté,4,2,3,0,2,1,1,0,1,50,,2,1,0,0,1,41.0,29.0,,,1,2,1,1,3
202100021467,2021-09-01 10:30:00,2021,9,1,10,30,13,13201,LÉON GAMBETTA (ALLEE),43.299,5.383,Plein jour,En agglomération,Hors intersection,Normale,Autre collision,4,2,3,0,1,1,1,0,1,50,,2,1,0,0,1,42.0,,,,1,2,1,1,6
202100021468,2021-09-01 09:47:00,2021,9,1,9,47,13,13211,SAINT MENET (AVENUE DE),43.289,5.477,Plein jour,En agglomération,Hors intersection,Normale,Deux véhicules - arrière,7,2,4,0,1,1,1,0,1,50,,4,1,0,0,3,62.0,56.0,,,1,2,1,1,2
202100021469,2021-08-31 18:15:00,2021,8,31,18,15,13,13210,PONT DE VIVAUX (BOULEVARD),43.2811310803,5.4224586058,Plein jour,En agglomération,Hors intersection,Normale,Trois véhicules et plus - collisions multiples,4,-1,2,0,1,1,1,0,1,50,,2,1,0,0,1,38.0,17.0,,,1,2,1,1,5
202100021470,2021-08-31 16:30:00,2021,8,31,16,30,13,13204,MARÉCHAL JUIN (BOULEVARD),43.3102,5.40331,Plein jour,En agglomération,Intersection en T,Normale,Deux véhicules - côté,4,3,4,0,2,1,1,8,6,50,,2,1,0,1,0,41.0,37.0,,,1,2,3,1,3
202100021471,2021-08-28 20:15:00,2021,8,28,20,15,11,11262,MARCORIGNAN (ROUTE DE),43.200116,3.012044,Plein jour,En agglomération,Giratoire,Normale,Autre collision,4,2,2,0,1,1,1,0,1,50,,2,1,0,0,1,,67.0,,,1,2,6,1,6
202100021472,2021-08-31 12:24:00,2021,8,31,12,24,10,10357,Prolongement Bd POMPIDOU,48.30513,4.10017,Plein jour,Hors agglomération,Autre intersection,Temps couvert,Deux véhicules - côté,3,2,2,0,1,1,1,3,1,80,,2,0,0,0,2,20.0,82.0,,,1,1,9,8,3
202100021473,2021-08-31 09:38:00,2021,8,31,9,38,10,10387,GENERAL CHARLES DELESTRAIN (RUE),48.290395545,4.0717852861,Plein jour,En agglomération,Intersection en X,Temps couvert,Deux véhicules - côté,4,2,2,0,2,1,1,0,1,50,,2,1,0,0,1,25.0,88.0,,,1,2,2,8,3
202100021474,2021-09-01 11:45:00,2021,9,1,11,45,06,06069,CARNOT (BOULEVARD ET TRAVERSE),43.65691,6.92328,Plein jour,En agglomération,Hors intersection,Normale,Deux véhicules - côté,3,2,2,0,1,1,1,0,3,50,,2,1,0,0,1,17.0,41.0,,,1,2,1,1,3
202100021475,2021-08-31 16:17:00,2021,8,31,16,17,75,75114,BOULEVARD ROMAIN ROLLAND,48.819868509,2.3255042245,Plein jour,En agglomération,Intersection en X,Normale,Deux véhicules - côté,4,1,2,0,1,1,1,0,1,30,,3,1,0,1,1,63.0,49.0,,,1,2,2,1,3
202100021476,2021-09-01 15:00:00,2021,9,1,15,0,75,75119,AVENUE DE LAUMIERE,48.88468,2.379809,Plein jour,En agglomération,Intersection en X,Normale,Deux véhicules - côté,4,2,2,0,2,1,1,0,1,30,,2,1,0,0,1,24.0,55.0,,,1,2,2,1,3