accident_id,datetime,annee,mois,jour,heure,minute,departement,commune_insee,adresse,latitude,longitude,luminosite,agglomeration,intersection,meteo,collision,catr,circ,nbv,vosp,prof,plan,surf,infra,situ,vma,nb_vehicules,nb_usagers,nb_indemnes,nb_tues,nb_blesses_hosp,nb_blesses_legers,age_cond_1,age_cond_2,veh_type_cond_1,veh_type_cond_2,lum_code,agg_code,int_code,atm_code,col_code
202100021477,2021-09-01 11:45:00,2021,9,1,11,45,75,75118,RUE D AUBERVILLIERS,48.896700116,2.370608747,Plein jour,En agglomération,Hors intersection,Normale,Deux véhicules - côté,4,2,5,1,2,1,1,0,5,30,,2,1,0,0,1,38.0,37.0,,,1,2,1,1,3
202100021478,2021-09-01 03:40:00,2021,9,1,3,40,75,75118,BOULEVARD BARBES,48.889469,2.349591,Nuit avec éclairage allumé,En agglomération,Intersection en X,Normale,Deux véhicules - côté,4,2,4,0,2,1,1,0,1,50,,2,1,0,0,1,19.0,,,,5,2,2,1,3
202100021479,2021-09-01 08:40:00,2021,9,1,8,40,75,75116,QUAI LOUIS BLERIOT,48.849903,2.277153,Plein jour,En agglomération,Intersection en Y,Normale,Deux véhicules - frontale,4,2,3,1,2,1,1,0,5,30,,2,1,0,0,1,48.0,53.0,,,1,2,4,1,1
202100021480,2021-08-31 16:25:00,2021,8,31,16,25,75,75115,RUE DES CEVENNES,48.842165164,2.2816508469,Plein jour,En agglomération,Place,Normale,Autre collision,4,2,2,0,1,1,1,0,1,30,,2,1,0,0,1,,,,,1,2,7,1,6
202100021481,2021-09-01 08:40:00,2021,9,1,8,40,75,75113,AVENUE DE LA PORTE DE VITRY,48.823266,2.37763,Plein jour,En agglomération,Hors intersection,Normale,Sans collision,4,2,4,1,1,1,1,0,5,30,,1,0,0,0,1,38.0,,,,1,2,1,1,7
202100021482,2021-09-01 11:45:00,2021,9,1,11,45,75,75112,AVENUE DU DOCTEUR ARNOLD NETTER,48.845627,2.405949,Plein jour,En agglomération,Hors intersection,Normale,Deux véhicules - côté,4,2,3,0,2,1,1,0,1,30,,3,2,0,0,1,80.0,52.0,,,1,2,1,1,3
202100021483,2021-08-31 20:10:00,2021,8,31,20,10,75,75112,BOULEVARD DIDEROT,48.848019,2.392882,Crépuscule ou aube,En agglomération,Intersection en X,Normale,Deux véhicules - côté,4,2,3,0,1,1,1,0,1,50,,2,1,0,0,1,34.0,38.0,,,2,2,2,1,3
202100021484,2021-09-01 13:55:00,2021,9,1,13,55,75,75111,BOULEVARD VOLTAIRE,48.866023,2.366329,Plein jour,En agglomération,Intersection en T,Normale,Deux véhicules - côté,4,2,4,0,1,1,1,0,1,30,,2,1,0,0,1,25.0,35.0,,,1,2,3,1,3
202100021485,2021-08-31 21:50:00,2021,8,31,21,50,75,75111,BOULEVARD RICHARD LENOIR,48.863996,2.370702,Nuit avec éclairage allumé,En agglomération,Intersection en X,Normale,Deux véhicules - côté,4,3,3,0,1,1,1,0,1,50,,4,3,0,0,1,29.0,26.0,,,5,2,2,1,3
202100021486,2021-09-01 18:25:00,2021,9,1,18,25,75,75110,RUE DE BELZUNCE,48.879599,2.349972,Plein jour,En agglomération,Hors intersection,Normale,Deux véhicules - côté,4,1,1,0,1,1,1,0,1,30,,2,1,0,0,1,26.0,52.0,,,1,2,1,1,3
202100021487,2021-09-01 13:10:00,2021,9,1,13,10,75,75104,BOULEVARD HENRI IV,48.8510857694,2.3622272138,Plein jour,En agglomération,Intersection en T,Normale,Deux véhicules - côté,4,2,4,0,1,1,1,0,1,50,,2,1,0,0,1,19.0,31.0,,,1,2,3,1,3
202100021488,2021-08-31 19:30:00,2021,8,31,19,30,94,94068,BELLECHASSE (BD DE),48.79378,2.49229,Plein jour,En agglomération,Intersection en X,Normale,Deux véhicules - côté,4,2,2,0,1,1,1,6,1,30,,3,2,0,0,1,47.0,60.0,,,1,2,2,1,3
202100021489,2021-09-01 10:20:00,2021,9,1,10,20,94,94017,REPUBLIQUE (AV DE LA),48.82235,2.51058,Plein jour,En agglomération,Hors intersection,Normale,Trois véhicules et plus - collisions multiples,3,2,2,0,1,1,1,0,1,50,,3,2,0,0,1,51.0,42.0,,,1,2,1,1,5
202100021490,2021-09-01 19:35:00,2021,9,1,19,35,94,94041,HENRI POURCHASSE (QU),48.80842,2.40775,Plein jour,En agglomération,Intersection en T,Normale,Deux véhicules - côté,3,2,2,0,1,1,1,0,1,50,,2,1,0,0,1,31.0,23.0,,,1,2,3,1,3
202100021491,2021-09-01 17:50:00,2021,9,1,17,50,94,94041,HIPPOLYTE MARQUES (BD),48.81799,2.36945,Plein jour,En agglomération,Hors intersection,Normale,Trois véhicules et plus - en chaîne,4,1,1,0,1,1,1,0,1,50,,3,2,0,0,1,18.0,54.0,,,1,2,1,1,4
202100021492,2021-09-01 21:00:00,2021,9,1,21,0,94,94033,Avenue de la Pepiniere,48.84452,2.45086,Nuit avec éclairage allumé,En agglomération,Intersection en X,Normale,Deux véhicules - côté,4,2,2,0,1,1,1,0,1,30,,2,1,0,0,1,70.0,64.0,,,5,2,2,1,3
202100021493,2021-09-01 18:25:00,2021,9,1,18,25,93,93050,Rue Louis Vannini,48.866411,2.52697,Plein jour,En agglomération,Hors intersection,Normale,Trois véhicules et plus - en chaîne,3,2,2,0,1,1,1,0,1,50,,4,2,0,0,2,32.0,41.0,,,1,2,1,1,4
202100021494,2021-09-01 21:17:00,2021,9,1,21,17,93,93046,Avenue Aristide Briand,48.9141019003,2.5263862609,Nuit avec éclairage allumé,En agglomération,Autre intersection,Normale,Deux véhicules - arrière,3,1,2,0,1,1,1,0,3,50,,2,1,0,0,1,35.0,83.0,,,5,2,9,1,2
202100021495,2021-08-31 00:10:00,2021,8,31,0,10,93,93061,Avenue Edouard Vaillant,48.8831,2.410679,Nuit avec éclairage allumé,En agglomération,Hors intersection,Normale,Deux véhicules - côté,4,1,1,0,2,2,1,0,1,50,,2,1,0,0,1,24.0,29.0,,,5,2,1,1,3
202100021496,2021-09-01 09:10:00,2021,9,1,9,10,93,93027,Avenue Jean Jaurès / Rue Danton,48.92239,2.40706,Plein jour,En agglomération,Intersection en X,Normale,Deux véhicules - côté,3,3,4,0,1,1,1,8,1,50,,2,1,0,0,1,30.0,47.0,,,1,2,2,1,3
202100021497,2021-08-31 10:30:00,2021,8,31,10,30,93,93005,Rue Jules Princet,48.938984,2.501507,Plein jour,En agglomération,Autre intersection,Normale,Deux véhicules - côté,3,2,0,0,1,1,1,9,4,50,,3,2,0,0,1,53.0,39.0,,,1,2,9,1,3
202100021498,2021-09-01 20:50:00,2021,9,1,20,50,92,92075,DE GAULLE (AVENUE DU GENERAL),48.8234122261,2.2822916508,Nuit avec éclairage allumé,En agglomération,Intersection en X,Normale,Autre collision,3,2,2,0,2,1,1,0,1,30,,3,1,0,0,2,20.0,27.0,,,5,2,2,1,6
202100021499,2021-09-01 12:08:00,2021,9,1,12,8,92,92064,DAILLY,48.8454830687,2.2201888227,Plein jour,En agglomération,Autre intersection,Normale,Deux véhicules - arrière,3,1,2,1,2,1,1,0,5,50,,2,1,0,1,0,60.0,37.0,,,1,2,9,1,2
202100021500,2021-09-01 10:17:00,2021,9,1,10,17,92,92062,WALLACE (BD RICHARD) DU 17 AU 91 ET DU 3,48.8811314592,2.2371641226,Plein jour,En agglomération,Intersection en X,Normale,Deux véhicules - côté,4,2,2,0,2,1,1,0,1,50,,4,2,0,0,2,25.0,31.0,,,1,2,2,1,3
202100021501,2021-09-01 14:00:00,2021,9,1,14,0,92,92049,GINOUX AVENUE HENRI AUTRES N°,48.81494,2.320762,Plein jour,En agglomération,Hors intersection,Normale,Autre collision,4,1,1,0,1,1,1,0,1,50,,1,0,0,0,1,31.0,,,,1,2,1,1,6
202100021502,2021-09-01 18:18:00,2021,9,1,18,18,92,92040,VICTOR CRESSON (AVENUE) DU 02 AU 40,48.8225851958,2.2680464387,Plein jour,En agglomération,Intersection en X,Normale,Autre collision,3,2,2,0,1,1,1,0,1,50,,2,0,0,0,2,51.0,,,,1,2,2,1,6
202100021503,2021-09-01 11:10:00,2021,9,1,11,10,92,92071,HOUDAN (RUE),48.77906,2.29038,Plein jour,En agglomération,Hors intersection,Normale,Autre collision,3,2,2,0,1,1,1,0,1,50,,2,0,0,0,2,74.0,,,,1,2,1,1,6
202100021504,2021-09-01 02:40:00,2021,9,1,2,40,92,92012,SAUSSIERE (RUE DE LA),48.8389560036,2.2400021926,Nuit avec éclairage allumé,En agglomération,Hors intersection,Normale,Autre collision,4,1,1,0,1,1,1,0,1,50,,1,0,0,0,1,32.0,,,,5,2,1,1,6
202100021505,2021-09-01 01:00:00,2021,9,1,1,0,54,54456,49 Rue du General Mathis,48.7072931039,6.3894805293,Nuit avec éclairage allumé,En agglomération,Hors intersection,Normale,Autre collision,3,2,2,0,3,3,1,0,4,50,,1,0,0,0,1,38.0,,,,5,2,1,1,6
202100021506,2021-08-31 20:45:00,2021,8,31,20,45,67,67044,rd28,48.892557,7.519026,Nuit sans éclairage public,Hors agglomération,Hors intersection,Temps couvert,Sans collision,3,2,2,0,1,4,2,0,3,80,,1,0,0,1,0,25.0,,,,3,1,1,8,7
202100021507,2021-08-27 16:45:00,2021,8,27,16,45,22,22182,La Ville Richard,48.542921,-2.960966,Plein jour,Hors agglomération,Hors intersection,Normale,Deux véhicules - arrière,3,2,2,0,2,1,1,0,1,80,,2,1,0,1,0,72.0,87.0,,,1,1,1,1,2
202100021508,2021-09-02 06:40:00,2021,9,2,6,40,95,95487,Rue Corentin Quideau,49.145816,2.258223,Nuit avec éclairage allumé,En agglomération,Hors intersection,Normale,Autre collision,3,2,2,0,1,1,1,0,1,50,,1,0,0,1,0,17.0,,,,5,2,1,1,6
202100021509,2021-09-02 00:10:00,2021,9,2,0,10,35,35029,d795,48.48541,-1.735647,Nuit sans éclairage public,Hors agglomération,Hors intersection,Normale,Autre collision,3,-1,2,0,1,2,1,0,3,80,,1,0,1,0,0,25.0,,,,3,1,1,1,6
202100021510,2021-09-02 13:45:00,2021,9,2,13,45,58,58086,D14,47.428174,2.996392,Plein jour,Hors agglomération,Hors intersection,Temps éblouissant,Deux véhicules - frontale,3,2,2,0,1,4,1,0,1,80,,2,0,0,1,1,41.0,54.0,,,1,1,1,7,1
202100021511,2021-09-01 17:55:00,2021,9,1,17,55,62,62207,D144,50.453549,1.741789,Plein jour,Hors agglomération,Hors intersection,Normale,Autre collision,3,2,2,0,2,3,1,0,3,80,,1,0,0,1,0,45.0,,,,1,1,1,1,6
202100021512,2021-08-18 20:15:00,2021,8,18,20,15,44,44071,"RD756, à proximité de l'impasse des Cléons",47.175925,-1.384886,Plein jour,Hors agglomération,Hors intersection,Normale,Trois véhicules et plus - collisions multiples,3,2,2,0,1,1,1,0,1,70,,6,2,0,1,3,56.0,16.0,,,1,1,1,1,5
202100021513,2021-08-31 20:18:00,2021,8,31,20,18,57,57465,D918 PK10+350,49.316534,6.29832,Crépuscule ou aube,Hors agglomération,Hors intersection,Normale,Autre collision,3,2,2,0,1,1,1,0,3,80,,1,0,1,0,0,22.0,,,,2,1,1,1,6
202100021514,2021-09-02 07:25:00,2021,9,2,7,25,56,56094,toluen RD 194,47.76007,-3.257296,Crépuscule ou aube,Hors agglomération,Hors intersection,Normale,Deux véhicules - frontale,3,2,2,0,1,1,1,0,1,80,,3,0,0,1,2,30.0,54.0,,,2,1,1,1,1
202100021515,2021-09-01 18:15:00,2021,9,1,18,15,56,56004,Bellevue,47.517463,-2.371543,Plein jour,Hors agglomération,Giratoire,Normale,Deux véhicules - côté,3,2,2,0,1,2,1,5,1,80,,2,1,0,1,0,48.0,14.0,,,1,1,6,1,3
202100021516,2021-09-01 13:45:00,2021,9,1,13,45,80,80782,"voie communale 3, vaux en amienois",49.977087,2.256145,Plein jour,Hors agglomération,Intersection en X,Normale,Deux véhicules - côté,4,2,2,0,1,1,1,0,1,80,,3,2,0,1,0,31.0,34.0,,,1,1,2,1,3
202100021517,2021-09-02 07:35:00,2021,9,2,7,35,65,65304,Rue du Général de Gaulle,43.471151,0.041456,Plein jour,En agglomération,Giratoire,Normale,Deux véhicules - côté,3,2,2,0,1,3,1,5,1,50,,2,1,0,1,0,48.0,22.0,,,1,2,6,1,3
202100021518,2021-09-01 17:15:00,2021,9,1,17,15,65,65062,D817,43.206013,0.121523,Plein jour,En agglomération,Intersection en Y,Normale,Deux véhicules - frontale,3,2,2,0,1,1,1,0,1,50,,2,1,0,1,0,57.0,57.0,,,1,2,4,1,1
202100021519,2021-09-01 17:20:00,2021,9,1,17,20,33,33226,D239,44.716867,-0.388507,Plein jour,En agglomération,Hors intersection,Normale,Deux véhicules - frontale,3,2,2,0,1,1,1,0,1,50,,3,2,0,1,0,22.0,39.0,,,1,2,1,1,1
202100021520,2021-08-30 22:00:00,2021,8,30,22,0,47,47087,Campagnac,44.248519,0.925888,Nuit sans éclairage public,Hors agglomération,Hors intersection,Normale,Autre collision,3,2,2,0,2,3,1,0,3,-1,,1,0,0,1,0,57.0,,,,3,1,1,1,6
202100021521,2021-09-02 11:00:00,2021,9,2,11,0,39,39326,,46.596626,5.685908,Plein jour,Hors agglomération,Hors intersection,Normale,Sans collision,3,2,2,0,2,2,1,0,3,80,,1,0,0,1,0,55.0,,,,1,1,1,1,7
202100021522,2021-09-01 14:30:00,2021,9,1,14,30,25,25320,Avenue de la Gare,46.787932,6.277742,Plein jour,Hors agglomération,Intersection en X,Normale,Deux véhicules - côté,3,2,2,0,1,1,1,5,1,70,,2,1,0,0,1,76.0,40.0,,,1,1,2,1,3
202100021523,2021-08-28 22:55:00,2021,8,28,22,55,29,29163,Lieu Dit Kervenarc Hant,48.5344664698,-3.8734060897,Nuit sans éclairage public,Hors agglomération,Giratoire,Normale,Autre collision,3,1,1,0,1,1,1,5,8,70,,1,0,0,1,0,47.0,,,,3,1,6,1,6
202100021524,2021-08-30 16:00:00,2021,8,30,16,0,29,29260,Rue de Pontavenec,48.426449,-4.603347,Plein jour,En agglomération,Intersection en T,Normale,Deux véhicules - côté,4,2,2,1,1,1,1,0,1,50,,2,1,0,0,1,82.0,16.0,,,1,2,3,1,3
202100021525,2021-09-02 01:24:00,2021,9,2,1,24,02,02599,D937,49.566809,3.251567,Nuit sans éclairage public,Hors agglomération,Hors intersection,Normale,Sans collision,3,2,2,0,1,3,1,0,3,80,,1,0,1,0,0,34.0,,,,3,1,1,1,7
202100021526,2021-08-31 10:05:00,2021,8,31,10,5,85,85191,A 87 pk 112+110,46.672851,-1.345941,Plein jour,Hors agglomération,Hors intersection,Normale,Autre collision,1,3,4,0,1,1,1,7,1,70,,2,1,0,1,0,75.0,,,,1,1,1,1,6
202100021527,2021-08-31 18:52:00,2021,8,31,18,52,58,58170,Route de Clamecy,47.336816,3.65952,Plein jour,Hors agglomération,Hors intersection,Normale,Deux véhicules - arrière,3,2,2,0,1,1,1,0,1,80,,2,1,0,1,0,57.0,64.0,,,1,1,1,1,2
202100021528,2021-09-02 14:50:00,2021,9,2,14,50,06,06090,320 Avenue de Cannes,43.590944,6.933505,Plein jour,En agglomération,Intersection en T,Normale,Deux véhicules - arrière,3,2,2,0,1,1,1,5,1,50,,2,1,0,1,0,16.0,62.0,,,1,2,3,1,2
202100021529,2021-09-01 19:20:00,2021,9,1,19,20,83,83142,D71,43.7301389142,6.4569339591,Plein jour,Hors agglomération,Hors intersection,Normale,Sans collision,3,2,2,0,1,1,1,0,8,80,,1,0,0,1,0,72.0,,,,1,1,1,1,7
202100021530,2021-08-31 03:00:00,2021,8,31,3,0,21,21422,25 Rue Grillot,47.342687,4.203291,Nuit sans éclairage public,En agglomération,Hors intersection,Brouillard / fumée,Autre collision,3,2,2,0,1,1,1,0,3,50,,1,0,1,0,0,,,,,3,2,1,5,6
202100021531,2021-09-02 13:30:00,2021,9,2,13,30,24,24156,D710 - Les versannes,45.082104,0.862416,Plein jour,Hors agglomération,Hors intersection,Normale,Trois véhicules et plus - collisions multiples,3,2,2,0,1,1,1,0,1,80,,3,2,0,1,0,43.0,26.0,,,1,1,1,1,5
202100021532,2021-09-02 07:40:00,2021,9,2,7,40,04,04174,RN 202,43.959577,6.715629,Plein jour,Hors agglomération,Hors intersection,Normale,Deux véhicules - frontale,2,2,2,0,2,3,1,0,1,80,,2,1,0,1,0,19.0,30.0,,,1,1,1,1,1
202100021533,2021-09-02 15:00:00,2021,9,2,15,0,87,87028,N147,46.258903,0.8741,Plein jour,Hors agglomération,Hors intersection,Normale,Deux véhicules - côté,2,2,2,0,1,1,1,0,1,80,,2,1,0,1,0,33.0,53.0,,,1,1,1,1,3
202100021534,2021-09-01 11:20:00,2021,9,1,11,20,30,30011,ROUTE DÉPARTEMENTALE 2,43.924574,4.734721,Plein jour,Hors agglomération,Hors intersection,Normale,Sans collision,3,2,2,0,1,1,1,0,3,80,,1,0,0,1,0,20.0,,,,1,1,1,1,7
202100021535,2021-09-02 08:00:00,2021,9,2,8,0,30,30068,Route des Cévennes,44.023287,4.091903,Plein jour,Hors agglomération,Hors intersection,Normale,Trois véhicules et plus - collisions multiples,3,2,2,0,1,1,1,0,1,70,,4,1,0,2,1,22.0,31.0,,,1,1,1,1,5
202100021536,2021-09-01 17:30:00,2021,9,1,17,30,08,08090,Rue Hablot,49.631923,5.167828,Plein jour,En agglomération,Hors intersection,Normale,Autre collision,3,2,2,0,2,1,1,0,1,50,,1,0,0,1,0,81.0,,,,1,2,1,1,6
202100021537,2021-09-02 03:30:00,2021,9,2,3,30,63,63370,A89 PK 304.500,45.660472,2.653069,Nuit sans éclairage public,Hors agglomération,Hors intersection,Normale,Trois véhicules et plus - collisions multiples,1,3,4,0,1,1,1,0,1,130,,3,2,0,0,1,45.0,48.0,,,3,1,1,1,5
202100021538,2021-09-01 20:28:00,2021,9,1,20,28,67,67389,M63,48.641587,7.777441,Crépuscule ou aube,Hors agglomération,Hors intersection,Normale,Deux véhicules - frontale,7,2,2,0,2,1,1,2,1,70,,2,0,1,1,0,21.0,49.0,,,2,1,1,1,1
202100021539,2021-09-02 13:30:00,2021,9,2,13,30,40,40295,A63,44.373637,-0.843705,Plein jour,Hors agglomération,Hors intersection,Pluie légère,Deux véhicules - arrière,1,1,3,0,1,1,2,0,1,130,,3,1,1,0,1,22.0,56.0,,,1,1,1,2,2
202100021540,2021-08-31 14:00:00,2021,8,31,14,0,68,68278,A35 pk 102.700,47.765068,7.41597,Plein jour,Hors agglomération,Hors intersection,Normale,Autre collision,1,3,4,0,1,1,1,0,1,130,,1,0,0,1,0,67.0,,,,1,1,1,1,6
202100021541,2021-06-06 12:50:00,2021,6,6,12,50,78,78478,RN 191,48.470915,1.865745,Plein jour,Hors agglomération,Hors intersection,Normale,Deux véhicules - arrière,2,2,2,0,1,1,1,0,1,70,,7,3,0,0,4,33.0,42.0,,,1,1,1,1,2
202100021542,2021-09-02 13:34:00,2021,9,2,13,34,30,30258,Route d Arles,43.671663,4.437227,Plein jour,En agglomération,Hors intersection,Pluie légère,Deux véhicules - côté,3,2,2,0,1,3,2,2,1,50,,2,1,0,1,0,56.0,51.0,,,1,2,1,2,3
202100021543,2021-09-01 14:55:00,2021,9,1,14,55,67,67118,21 rue d'oberhausbergen,48.582069,7.687249,Plein jour,En agglomération,Intersection en T,Temps éblouissant,Deux véhicules - côté,7,1,1,1,1,1,1,0,1,30,,2,1,0,0,1,39.0,21.0,,,1,2,3,7,3
202100021544,2021-09-02 15:20:00,2021,9,2,15,20,55,55553,D8 PK 02.700,48.7776417351,5.5804109573,Plein jour,Hors agglomération,Hors intersection,Normale,Sans collision,3,2,2,0,1,2,1,0,1,80,,2,0,1,0,1,69.0,,,,1,1,1,1,7
202100021545,2021-09-01 21:30:00,2021,9,1,21,30,57,57052,Rue de Strasbourg,49.084997,6.816764,Nuit avec éclairage allumé,En agglomération,Hors intersection,Normale,Deux véhicules - frontale,3,2,2,0,2,3,1,0,1,50,,4,2,0,0,2,29.0,32.0,,,5,2,1,1,1
202100021546,2021-09-02 12:30:00,2021,9,2,12,30,57,57134,Rue de Verdun,49.135333,6.073004,Plein jour,Hors agglomération,Hors intersection,Normale,Autre collision,7,2,2,0,2,1,1,0,1,-1,,1,0,0,1,0,55.0,,,,1,1,1,1,6
202100021547,2021-09-01 15:30:00,2021,9,1,15,30,38,38382,1 Rue de Prédieu,45.222845,5.687866,Plein jour,En agglomération,Hors intersection,Normale,Deux véhicules - côté,9,2,2,0,1,1,1,9,4,50,,2,1,0,0,1,33.0,26.0,,,1,2,1,1,3
202100021548,2021-08-21 08:10:00,2021,8,21,8,10,69,69069,EDOUARD MILLAUD (AV),45.7473454758,4.725687734,Plein jour,En agglomération,Hors intersection,Normale,Autre collision,7,2,2,0,1,1,1,0,1,50,,2,1,0,1,0,75.0,,,,1,2,1,1,6
202100021549,2021-09-01 19:15:00,2021,9,1,19,15,40,40123,Route Departementale 401,43.790986,-1.119975,Crépuscule ou aube,Hors agglomération,Hors intersection,Normale,Sans collision,3,2,2,0,1,1,1,0,8,80,,2,0,0,1,1,20.0,,,,2,1,1,1,7
202100021550,2021-08-31 18:53:00,2021,8,31,18,53,14,14488,D84,49.268071,-0.258479,Plein jour,En agglomération,Hors intersection,Normale,Sans collision,3,2,2,0,1,1,1,0,1,50,,1,0,0,1,0,36.0,,,,1,2,1,1,7
202100021551,2021-09-01 16:00:00,2021,9,1,16,0,02,02282,Rue de Samoussy,49.561298,3.742261,Plein jour,Hors agglomération,Hors intersection,Normale,Sans collision,3,2,2,0,1,1,1,0,3,80,,1,0,0,0,1,17.0,,,,1,1,1,1,7
202100021552,2021-09-01 15:05:00,2021,9,1,15,5,62,62711,Rue Jules Guesde,50.805621,1.744809,Plein jour,En agglomération,Hors intersection,Normale,Deux véhicules - frontale,3,2,2,0,1,1,1,0,1,30,,2,1,0,1,0,15.0,32.0,,,1,2,1,1,1
202100021553,2021-09-01 22:50:00,2021,9,1,22,50,59,59263,D643,50.325875,3.109174,Nuit sans éclairage public,Hors agglomération,Giratoire,Normale,Sans collision,3,3,2,0,1,1,1,5,1,80,,1,0,0,1,0,63.0,,,,3,1,6,1,7
202100021554,2021-09-01 18:00:00,2021,9,1,18,0,13,13211,A50-Sens Aubagne vers Marseille,43.2886490417,5.4978089332,Plein jour,Hors agglomération,Hors intersection,Normale,Deux véhicules - côté,1,3,3,0,2,1,1,0,1,90,,2,1,0,1,0,49.0,21.0,,,1,1,1,1,3
202100021555,2021-09-01 10:05:00,2021,9,1,10,5,33,33039,ROCADE A 630,44.78844,-0.54111,Plein jour,Hors agglomération,Hors intersection,Normale,Deux véhicules - arrière,1,3,6,0,1,1,1,0,1,90,,3,2,0,0,1,32.0,75.0,,,1,1,1,1,2
202100021556,2021-09-01 07:55:00,2021,9,1,7,55,33,33122,AUTOROUTE A 63,44.7419,-0.70873,Plein jour,Hors agglomération,Hors intersection,Normale,Trois véhicules et plus - en chaîne,1,3,4,0,1,1,1,0,1,130,,3,0,0,0,3,21.0,50.0,,,1,1,1,1,4
202100021557,2021-08-30 08:00:00,2021,8,30,8,0,59,59094,AUTOROUTE A16,50.959458,2.196193,Plein jour,Hors agglomération,Hors intersection,Normale,Autre collision,1,1,4,0,1,1,1,0,1,130,,2,1,0,1,0,,,,,1,1,1,1,6
202100021558,2021-09-01 16:55:00,2021,9,1,16,55,91,91689,AUTOROUTE A6B,48.746,2.326,Plein jour,Hors agglomération,Hors intersection,Normale,Deux véhicules - arrière,1,1,3,0,2,1,1,0,1,110,,2,1,0,0,1,34.0,25.0,,,1,1,1,1,2
202100021559,2021-09-01 11:45:00,2021,9,1,11,45,91,91235,RN 104,48.62638,2.35295,Plein jour,Hors agglomération,Hors intersection,Normale,Sans collision,2,1,1,0,3,3,1,3,1,50,,1,0,0,0,1,32.0,,,,1,1,1,1,7
202100021560,2021-09-01 08:45:00,2021,9,1,8,45,94,94034,AUTOROUTE A86,48.75623,2.34158,Plein jour,Hors agglomération,Hors intersection,Normale,Deux véhicules - côté,1,1,2,0,1,1,1,0,1,70,,2,1,0,0,1,36.0,,,,1,1,1,1,3
202100021561,2021-09-01 06:40:00,2021,9,1,6,40,91,91434,AUTOROUTE A6,48.66845,2.35409,Nuit sans éclairage public,Hors agglomération,Hors intersection,Normale,Deux véhicules - arrière,1,3,6,0,2,1,1,0,1,110,,2,1,0,0,1,30.0,60.0,,,3,1,1,1,2
202100021562,2021-09-01 00:07:00,2021,9,1,0,7,91,91689,AUTOROUTE A6B,48.738083,2.319166,Nuit sans éclairage public,Hors agglomération,Hors intersection,Normale,Deux véhicules - arrière,1,1,12,0,2,1,1,0,2,110,,2,1,1,0,0,65.0,46.0,,,3,1,1,1,2
202100021563,2021-09-01 18:45:00,2021,9,1,18,45,92,92064,A13,48.8425158389,2.2221826762,Plein jour,Hors agglomération,Hors intersection,Normale,Deux véhicules - arrière,1,3,4,0,1,1,1,2,1,70,,2,1,0,0,1,56.0,23.0,,,1,1,1,1,2
202100021564,2021-08-31 15:40:00,2021,8,31,15,40,78,78291,A13,48.965479,1.757469,Plein jour,Hors agglomération,Hors intersection,Normale,Trois véhicules et plus - en chaîne,1,-1,2,0,1,1,1,0,1,110,,7,2,0,0,5,,32.0,,,1,1,1,1,4
202100021565,2021-09-01 16:20:00,2021,9,1,16,20,93,93006,AUTOROUTE A3,48.8695473617,2.4299369253,Plein jour,Hors agglomération,Hors intersection,Normale,Deux véhicules - arrière,1,3,5,0,1,1,1,1,1,90,,2,1,0,1,0,20.0,52.0,,,1,1,1,1,2
202100021566,2021-09-01 18:20:00,2021,9,1,18,20,93,93066,AUTOROUTE A1,48.93312,2.37704,Plein jour,Hors agglomération,Hors intersection,Normale,Trois véhicules et plus - en chaîne,1,3,10,0,1,1,1,0,1,90,,2,1,0,0,1,25.0,59.0,,,1,1,1,1,4
202100021567,2021-09-01 13:45:00,2021,9,1,13,45,93,93008,AUTOROUTE A86,48.91272,2.43676,Plein jour,Hors agglomération,Hors intersection,Normale,Deux véhicules - arrière,1,3,6,0,1,1,1,1,1,90,,2,1,0,0,1,22.0,30.0,,,1,1,1,1,2
202100021568,2021-09-01 11:40:00,2021,9,1,11,40,93,93066,AUTOROUTE A1,48.90765,2.35844,Plein jour,Hors agglomération,Hors intersection,Normale,Deux véhicules - côté,1,3,8,0,1,1,1,1,1,90,,2,1,0,0,1,37.0,29.0,,,1,1,1,1,3
202100021569,2021-09-01 08:00:00,2021,9,1,8,0,93,93073,AUTOROUTE A104,48.96572,2.55709,Plein jour,Hors agglomération,Hors intersection,Normale,Deux véhicules - arrière,1,3,6,0,1,1,1,0,1,90,,2,1,0,0,1,22.0,33.0,,,1,1,1,1,2
202100021570,2021-09-01 02:25:00,2021,9,1,2,25,93,93078,AUTOROUTE A104,48.95774,2.53095,Nuit sans éclairage public,Hors agglomération,Hors intersection,Normale,Autre collision,1,3,2,0,1,1,1,0,1,70,,1,0,0,0,1,20.0,,,,3,1,1,1,6
202100021571,2021-09-01 17:35:00,2021,9,1,17,35,94,94022,A86 EXT,48.7738,2.40845,Plein jour,Hors agglomération,Hors intersection,Normale,Autre collision,1,3,3,0,1,1,1,0,1,90,,2,1,0,0,1,22.0,43.0,,,1,1,1,1,6
202100021572,2021-05-27 11:15:00,2021,5,27,11,15,73,73002,D73,45.53209,6.306732,Plein jour,Hors agglomération,Hors intersection,Normale,Deux véhicules - frontale,3,2,2,0,2,4,1,8,1,-1,,2,1,0,1,0,74.0,45.0,,,1,1,1,1,1
202100021573,2021-05-23 11:40:00,2021,5,23,11,40,73,73053,RD 925,45.551528,6.208616,Plein jour,Hors agglomération,Giratoire,Temps éblouissant,Deux véhicules - côté,3,-1,2,0,1,2,1,5,1,80,,2,1,0,0,1,48.0,70.0,,,1,1,6,7,3