accident_id,datetime,annee,mois,jour,heure,minute,departement,commune_insee,adresse,latitude,longitude,luminosite,agglomeration,intersection,meteo,collision,catr,circ,nbv,vosp,prof,plan,surf,infra,situ,vma,nb_vehicules,nb_usagers,nb_indemnes,nb_tues,nb_blesses_hosp,nb_blesses_legers,age_cond_1,age_cond_2,veh_type_cond_1,veh_type_cond_2,lum_code,agg_code,int_code,atm_code,col_code
202100021574,2021-08-31 11:05:00,2021,8,31,11,5,29,29232,Route de Benodet,47.97477,-4.0935,Plein jour,Hors agglomération,Autre intersection,Normale,Autre collision,6,-1,-1,0,1,1,1,9,1,30,,2,1,0,0,1,85.0,,,,1,1,9,1,6
202100021575,2021-08-31 20:10:00,2021,8,31,20,10,988,98818,PROMENADE ROGER LAROQUE/ROUTE DE L'ANSE VATA,-22.30292,166.44508,Nuit avec éclairage allumé,En agglomération,Intersection en T,Normale,Deux véhicules - côté,4,2,2,0,1,1,1,5,1,50,,3,1,0,0,2,45.0,24.0,,,5,2,3,1,3
202100021576,2021-08-30 14:00:00,2021,8,30,14,0,987,98736,PAUL BERNIERE (RUE),-17.53804,-149.5527,Plein jour,En agglomération,Autre intersection,Normale,Deux véhicules - côté,4,2,2,0,1,1,1,0,1,30,,2,1,0,1,0,71.0,62.0,,,1,2,9,1,3
202100021577,2021-08-31 19:50:00,2021,8,31,19,50,973,97302,CABASSOU (ROUTE DE),4.9200572277,-52.3195989133,Nuit avec éclairage allumé,En agglomération,Autre intersection,Normale,Autre collision,3,2,1,0,1,1,1,0,1,50,,2,1,0,1,0,36.0,,,,5,2,9,1,6
202100021578,2021-08-31 17:00:00,2021,8,31,17,0,69,69387,DEBOURG (AV),45.7315,4.82541,Plein jour,En agglomération,Hors intersection,Normale,Deux véhicules - côté,4,3,2,2,1,1,1,0,6,50,,2,0,0,0,2,38.0,26.0,,,1,2,1,1,3
202100021579,2021-08-31 17:30:00,2021,8,31,17,30,69,69388,PIERRE DELORE (R),45.73439,4.85751,Plein jour,En agglomération,Hors intersection,Normale,Deux véhicules - côté,4,2,2,1,1,1,1,0,5,30,,2,1,0,0,1,42.0,41.0,,,1,2,1,1,3
202100021580,2021-08-31 11:00:00,2021,8,31,11,0,69,69383,PAUL BERT (R),45.75621,4.84615,Plein jour,En agglomération,Intersection en X,Normale,Deux véhicules - côté,4,1,1,2,1,1,1,0,1,50,,2,1,0,0,1,46.0,31.0,,,1,2,2,1,3
202100021581,2021-08-31 09:45:00,2021,8,31,9,45,69,69259,ALBERT EINSTEIN (R),45.69742,4.87689,Plein jour,En agglomération,Intersection en Y,Temps couvert,Autre collision,4,2,2,0,1,1,1,0,4,50,,2,1,0,0,1,24.0,,,,1,2,4,8,6
202100021582,2021-08-30 21:00:00,2021,8,30,21,0,972,97213,AUTOROUTE A1,14.61806,-61.03333,Nuit sans éclairage public,Hors agglomération,Hors intersection,Normale,Trois véhicules et plus - en chaîne,1,3,8,3,1,1,1,9,1,90,,4,3,0,1,0,47.0,23.0,,,3,1,1,1,4
202100021583,2021-08-31 18:55:00,2021,8,31,18,55,972,97209,DIDIER (ROUTE DE),14.63291,-61.08054,Nuit sans éclairage public,En agglomération,Hors intersection,Normale,Sans collision,3,2,2,0,1,4,1,0,1,50,,1,0,0,0,1,61.0,,,,3,2,1,1,7
202100021584,2021-08-31 18:30:00,2021,8,31,18,30,69,69034,CREPIEUX (DE) (CHM),45.80079,4.8523,Plein jour,En agglomération,Autre intersection,Normale,Deux véhicules - frontale,4,2,2,0,1,1,1,0,1,50,,2,1,0,0,1,38.0,24.0,,,1,2,9,1,1
202100021585,2021-08-31 08:15:00,2021,8,31,8,15,69,69152,8 MAI 1945 (DU) (R),45.700809788,4.8240692392,Plein jour,En agglomération,Intersection en X,Normale,Deux véhicules - côté,4,2,2,2,1,1,1,0,1,50,,2,1,0,0,1,46.0,68.0,,,1,2,2,1,3
202100021586,2021-08-31 21:05:00,2021,8,31,21,5,2A,2A004,Montée Saint Jean,41.9329692519,8.7374118358,Nuit avec éclairage allumé,En agglomération,Intersection en X,Normale,Deux véhicules - frontale,4,2,2,0,3,1,1,0,1,50,,2,1,0,1,0,22.0,25.0,,,5,2,2,1,1
202100021587,2021-08-31 15:12:00,2021,8,31,15,12,95,95280,FABRE HENRI,49.03415,2.47208,Plein jour,En agglomération,Intersection en Y,Normale,Deux véhicules - côté,4,2,2,0,1,1,1,0,1,50,,3,2,0,0,1,27.0,38.0,,,1,2,4,1,3
202100021588,2021-08-30 13:00:00,2021,8,30,13,0,91,91027,AV FRANCOIS MITTERRAND,48.714347,2.371216,Plein jour,En agglomération,Hors intersection,Pluie légère,Deux véhicules - arrière,3,1,2,0,1,1,2,0,1,50,,2,1,0,0,1,17.0,66.0,,,1,2,1,2,2
202100021589,2021-08-30 06:04:00,2021,8,30,6,4,87,87085,MONTJOVIS (AVENUE),45.8437,1.24565,Nuit sans éclairage public,En agglomération,Hors intersection,Normale,Autre collision,4,2,2,0,1,1,1,0,1,50,,1,0,0,0,1,45.0,,,,3,2,1,1,6
202100021590,2021-08-31 21:35:00,2021,8,31,21,35,83,83137,CUNEO (BD DOCTEUR),43.1075413829,5.9331222337,Nuit avec éclairage allumé,En agglomération,Intersection en T,Normale,Deux véhicules - côté,4,2,2,0,1,1,1,0,1,50,,2,1,0,0,1,40.0,16.0,,,5,2,3,1,3
202100021591,2021-08-31 17:55:00,2021,8,31,17,55,83,83137,PICOT (AVE DU COLONEL),43.12736,5.96247,Plein jour,En agglomération,Hors intersection,Normale,Deux véhicules - arrière,7,2,2,0,2,1,1,0,1,50,,2,1,0,0,1,19.0,28.0,,,1,2,1,1,2
202100021592,2021-08-31 07:30:00,2021,8,31,7,30,83,83137,ESTIENNE D'ORVES (AVE),43.1273427066,5.9176665545,Plein jour,En agglomération,Autre intersection,Normale,Deux véhicules - côté,4,1,7,0,1,1,1,5,1,50,,2,1,0,0,1,64.0,17.0,,,1,2,9,1,3
202100021593,2021-08-28 13:10:00,2021,8,28,13,10,80,80021,COTTENCHY (RUE DE),49.8846241352,2.3126020472,Plein jour,En agglomération,Hors intersection,Pluie forte,Deux véhicules - frontale,4,2,2,0,2,2,2,0,1,50,,2,1,0,0,1,49.0,33.0,,,1,2,1,3,1
202100021594,2021-08-28 05:08:00,2021,8,28,5,8,80,80021,BAPAUME (BOULEVARD DE),49.8806552462,2.3121554196,Nuit avec éclairage allumé,En agglomération,Hors intersection,Normale,Autre collision,4,2,4,3,1,1,1,0,1,50,,2,0,0,0,2,24.0,,,,5,2,1,1,6
202100021595,2021-08-31 15:37:00,2021,8,31,15,37,76,76540,CORNEILLE. PONT PIERRE,49.4358360584,1.0954999924,Plein jour,En agglomération,Hors intersection,Pluie légère,Deux véhicules - arrière,7,1,2,3,1,1,2,-1,1,50,,2,1,0,0,1,63.0,17.0,,,1,2,1,2,2
202100021596,2021-08-30 18:30:00,2021,8,30,18,30,69,69266,NORD (DU) (R),45.76381,4.88317,Plein jour,En agglomération,Intersection en X,Normale,Deux véhicules - côté,4,1,1,2,1,1,1,0,1,50,,2,1,0,0,1,50.0,23.0,,,1,2,2,1,3
202100021597,2021-08-27 22:43:00,2021,8,27,22,43,69,69096,WALDECK ROUSSEAU (R),45.60587,4.786038,Nuit avec éclairage allumé,En agglomération,Hors intersection,Normale,Deux véhicules - côté,4,2,2,0,2,1,1,0,1,50,,4,1,0,0,3,34.0,51.0,,,5,2,1,1,3
202100021598,2021-08-30 17:10:00,2021,8,30,17,10,67,67218,ALFRED KASTLER (ROUTE),48.54459,7.73215,Plein jour,Hors agglomération,Hors intersection,Pluie forte,Deux véhicules - arrière,7,2,4,0,2,1,2,2,1,70,,2,1,0,0,1,20.0,38.0,,,1,1,1,3,2
202100021599,2021-08-31 13:00:00,2021,8,31,13,0,66,66136,DESNOYE (BOULEVARD DR. JOSEPH),42.7089415915,2.8858550638,Plein jour,En agglomération,Hors intersection,Normale,Deux véhicules - arrière,4,2,2,0,1,1,1,0,1,50,,3,2,0,0,1,41.0,19.0,,,1,2,1,1,2
202100021600,2021-08-31 11:05:00,2021,8,31,11,5,66,66136,TORCATIS (AVENUE LOUIS),42.70322,2.88707,Plein jour,En agglomération,Intersection en T,Normale,Deux véhicules - côté,4,1,2,1,1,1,1,0,1,50,,2,1,0,0,1,38.0,41.0,,,1,2,3,1,3
202100021601,2021-08-30 20:15:00,2021,8,30,20,15,66,66136,R D 900,42.6790037978,2.8727652133,Plein jour,Hors agglomération,Hors intersection,Normale,Deux véhicules - frontale,3,3,4,0,1,1,1,0,1,70,,2,1,0,0,1,25.0,53.0,,,1,1,1,1,1
202100021602,2021-08-30 18:35:00,2021,8,30,18,35,66,66136,BOURRAT BOULEVARD JEAN,42.7012805455,2.9007750201,Plein jour,En agglomération,Hors intersection,Normale,Deux véhicules - arrière,4,-1,2,0,1,1,1,0,1,50,,2,1,0,0,1,32.0,19.0,,,1,2,1,1,2
202100021603,2021-08-30 17:01:00,2021,8,30,17,1,65,65226,PAU (ROUTE DE),43.2392837345,0.0296115875,Plein jour,En agglomération,Hors intersection,Normale,Deux véhicules - arrière,3,2,2,0,1,1,1,0,1,50,,2,1,0,0,1,24.0,37.0,,,1,2,1,1,2
202100021604,2021-08-27 18:30:00,2021,8,27,18,30,63,63245,RD 986,45.89346,3.09633,Plein jour,En agglomération,Hors intersection,Normale,Autre collision,3,2,2,0,1,1,1,0,1,50,,3,2,0,1,0,73.0,,,,1,2,1,1,6
202100021605,2021-08-30 16:55:00,2021,8,30,16,55,63,63075,PASTEUR (AVENUE),45.7751709741,3.0696983635,Plein jour,En agglomération,Hors intersection,Normale,Autre collision,7,2,2,0,1,1,1,0,1,50,,2,0,0,0,2,22.0,,,,1,2,1,1,6
202100021606,2021-08-30 07:50:00,2021,8,30,7,50,62,62193,SAINT EXUPERY (AVENUE. 220 A ...),50.946393,1.897767,Plein jour,En agglomération,Intersection en T,Temps couvert,Deux véhicules - côté,4,2,0,0,1,1,1,0,1,50,,2,1,0,1,0,56.0,23.0,,,1,2,3,8,3
202100021607,2021-08-31 10:30:00,2021,8,31,10,30,59,59350,ZAMIN 2E AVENUE,50.636977,2.9703,Plein jour,En agglomération,Autre intersection,Normale,Autre collision,6,-1,-1,0,1,1,1,9,1,50,,6,3,1,1,1,74.0,,,,1,2,9,1,6
202100021608,2021-08-31 20:00:00,2021,8,31,20,0,59,59143,KENNEDY (RUE DU PRESIDENT ),50.66658,2.90939,Plein jour,Hors agglomération,Hors intersection,Normale,Sans collision,7,2,2,1,1,1,1,0,2,70,,1,0,1,0,0,41.0,,,,1,1,1,1,7
202100021609,2021-08-27 13:35:00,2021,8,27,13,35,56,56098,SAKHAROV (RUE  ANDRE ),47.7772,-3.34346,Plein jour,En agglomération,Hors intersection,Normale,Autre collision,4,2,2,0,2,1,1,0,1,50,,2,1,0,0,1,25.0,,,,1,2,1,1,6
202100021610,2021-08-27 11:30:00,2021,8,27,11,30,56,56162,Giratoire de Kerlir D152,47.70824,-3.42111,Plein jour,En agglomération,Giratoire,Temps éblouissant,Deux véhicules - arrière,3,1,2,0,1,2,1,5,1,50,,2,1,0,1,0,55.0,21.0,,,1,2,6,7,2
202100021611,2021-08-30 10:15:00,2021,8,30,10,15,49,49328,,47.2871,-0.04722,Plein jour,Hors agglomération,Hors intersection,Normale,Deux véhicules - arrière,3,3,4,0,1,1,1,3,1,110,,3,2,0,0,1,63.0,19.0,,,1,1,1,1,2
202100021612,2021-08-30 15:50:00,2021,8,30,15,50,49,49099,NANCY (RUE DE),47.05738,-0.84796,Plein jour,En agglomération,Intersection en Y,Normale,Deux véhicules - côté,4,2,2,0,1,2,1,0,1,50,,2,1,0,1,0,22.0,64.0,,,1,2,4,1,3
202100021613,2021-08-31 13:55:00,2021,8,31,13,55,49,49353,DAUTEL BOULEVARD,47.44346,-0.48312,Plein jour,En agglomération,Hors intersection,Normale,Sans collision,3,2,2,0,1,1,1,0,1,50,,1,0,0,0,1,83.0,,,,1,2,1,1,7
202100021614,2021-08-31 10:11:00,2021,8,31,10,11,49,49007,PAUL BERT,47.46641,-0.55284,Plein jour,En agglomération,Intersection en X,Normale,Deux véhicules - arrière,4,2,2,0,1,1,1,0,1,30,,2,1,0,0,1,29.0,36.0,,,1,2,2,1,2
202100021615,2021-08-31 12:30:00,2021,8,31,12,30,45,45234,Rue Honore de Balzac,47.8220702442,1.9245289564,Plein jour,En agglomération,Hors intersection,Normale,Deux véhicules - frontale,4,2,2,0,1,1,1,0,1,50,,2,1,0,0,1,29.0,,,,1,2,1,1,1
202100021616,2021-08-31 13:37:00,2021,8,31,13,37,42,42127,Route de Briennon,46.10267,4.07726,Plein jour,Hors agglomération,Hors intersection,Normale,Deux véhicules - côté,3,2,2,0,1,1,1,0,1,80,,2,1,0,0,1,36.0,36.0,,,1,1,1,1,3
202100021617,2021-08-31 23:00:00,2021,8,31,23,0,38,38185,BOULEVARD GAMBETTA,45.18486,5.72552,Nuit avec éclairage allumé,En agglomération,Intersection en X,Normale,Deux véhicules - côté,7,2,2,0,1,1,1,5,1,50,,2,1,0,0,1,19.0,23.0,,,5,2,2,1,3
202100021618,2021-08-31 22:00:00,2021,8,31,22,0,37,37261,CLOCHEVILLE (RUE DE),47.3909384148,0.6838463205,Nuit avec éclairage allumé,En agglomération,Intersection en X,Normale,Deux véhicules - côté,4,1,1,0,1,1,1,0,1,30,,3,2,0,0,1,20.0,20.0,,,5,2,2,1,3
202100021619,2021-08-30 11:58:00,2021,8,30,11,58,37,37233,DUCLOS (AVENUE JACQUES),47.3809656276,0.7333263925,Plein jour,En agglomération,Hors intersection,Normale,Trois véhicules et plus - en chaîne,4,2,2,0,1,1,1,0,1,50,,6,4,0,0,2,32.0,29.0,,,1,2,1,1,4
202100021620,2021-08-30 14:14:00,2021,8,30,14,14,37,37261,CHURCHILL (BOULEVARD WINSTON),47.3731255903,0.6891396903,Plein jour,En agglomération,Intersection en X,Normale,Autre collision,4,3,4,0,1,1,1,0,1,50,,2,1,0,1,0,55.0,66.0,,,1,2,2,1,6
202100021621,2021-08-31 11:55:00,2021,8,31,11,55,35,35238,ALBERT 1ER (BD),48.08962,-1.68313,Plein jour,En agglomération,Hors intersection,Normale,Deux véhicules - côté,4,3,2,2,1,3,1,0,1,50,,3,2,0,0,1,47.0,57.0,,,1,2,1,1,3
202100021622,2021-08-31 11:15:00,2021,8,31,11,15,33,33063,Cours du Maréchal Gallieni,44.8239,-0.5919,Plein jour,En agglomération,Autre intersection,Normale,Deux véhicules - côté,4,2,2,0,1,1,1,0,1,50,,2,1,0,0,1,45.0,49.0,,,1,2,9,1,3
202100021623,2021-08-30 18:25:00,2021,8,30,18,25,33,33167,Avenue Hubert Dubedout,44.84707,-0.51024,Plein jour,En agglomération,Intersection en X,Normale,Deux véhicules - côté,4,2,2,0,1,1,1,5,1,50,,3,2,0,0,1,17.0,28.0,,,1,2,2,1,3
202100021624,2021-08-31 17:02:00,2021,8,31,17,2,31,31555,PL DES CARMES,43.59775,1.44428,Plein jour,En agglomération,Hors intersection,Normale,Autre collision,4,1,1,0,1,3,1,0,4,20,,4,1,0,2,1,80.0,50.0,,,1,2,1,1,6
202100021625,2021-08-30 16:00:00,2021,8,30,16,0,31,31555,ECHANGEUR SESQUIERES (A62-A620),43.63198,1.42068,Plein jour,Hors agglomération,Hors intersection,Normale,Trois véhicules et plus - en chaîne,1,3,6,0,1,1,1,0,1,90,,7,1,0,1,5,49.0,25.0,,,1,1,1,1,4
202100021626,2021-08-31 12:06:00,2021,8,31,12,6,27,27229,DUGUAY TROUIN (RUE),49.0264524797,1.1707636164,Plein jour,En agglomération,Hors intersection,Normale,Deux véhicules - arrière,4,2,1,-1,3,1,1,0,1,-1,,1,0,0,0,1,33.0,,,,1,2,1,1,2
202100021627,2021-08-31 12:20:00,2021,8,31,12,20,22,22278,PARIS (DE),48.504614,-2.742425,Plein jour,En agglomération,Hors intersection,Normale,Deux véhicules - arrière,4,2,2,0,1,1,1,0,1,50,,2,1,0,0,1,42.0,21.0,,,1,2,1,1,2
202100021628,2021-08-30 18:15:00,2021,8,30,18,15,22,22187,RN12,48.52823,-2.75402,Plein jour,Hors agglomération,Hors intersection,Normale,Trois véhicules et plus - en chaîne,2,3,4,0,1,1,1,0,1,90,,4,3,0,0,1,30.0,43.0,,,1,1,1,1,4
202100021629,2021-08-27 15:45:00,2021,8,27,15,45,21,21231,BOURROCHES (DES) (BOULEVARD),47.3088310939,5.0172919661,Plein jour,En agglomération,Hors intersection,Normale,Deux véhicules - arrière,4,2,2,0,1,1,1,0,1,50,,2,1,0,1,0,30.0,31.0,,,1,2,1,1,2
202100021630,2021-08-31 23:40:00,2021,8,31,23,40,17,17333,ROULLET  PAUL ( AVENUE),45.57719,-0.98653,Nuit avec éclairage allumé,En agglomération,Autre intersection,Normale,Sans collision,3,2,2,0,4,2,1,0,1,70,,1,0,0,0,1,49.0,,,,5,2,9,1,7
202100021631,2021-08-30 03:30:00,2021,8,30,3,30,13,13071,AMANDIERS (PARC LES),43.38716,5.33647,Nuit avec éclairage allumé,En agglomération,Hors intersection,Normale,Deux véhicules - arrière,4,1,2,0,2,1,1,0,4,30,,3,1,0,0,2,16.0,,,,5,2,1,1,2
202100021632,2021-08-31 16:45:00,2021,8,31,16,45,13,13211,CARTONNERIE (BOULEVARD DE LA ),43.2916503468,5.4605689425,Plein jour,En agglomération,Hors intersection,Normale,Deux véhicules - côté,4,2,2,0,1,1,1,0,1,50,,2,1,0,0,1,49.0,25.0,,,1,2,1,1,3
202100021633,2021-08-31 15:20:00,2021,8,31,15,20,13,13212,WILLIAM BOOTH (AVENUE),43.294335946,5.4422834216,Plein jour,En agglomération,Hors intersection,Normale,Deux véhicules - frontale,4,2,2,0,1,1,1,0,1,50,,2,1,0,1,0,70.0,,,,1,2,1,1,1
202100021634,2021-08-31 14:45:00,2021,8,31,14,45,13,13212,TROIS LUCS A LA VALENTINE (route),43.304406583,5.4739350641,Plein jour,En agglomération,Hors intersection,Normale,Deux véhicules - côté,7,2,2,0,2,1,1,0,8,30,,2,1,0,0,1,,30.0,,,1,2,1,1,3
202100021635,2021-08-30 14:10:00,2021,8,30,14,10,13,13208,PRADO (AVENUE DU),43.2638204744,5.3778341359,Plein jour,En agglomération,Intersection en T,Normale,Deux véhicules - côté,4,2,6,3,1,1,1,0,1,50,,3,1,0,0,2,31.0,26.0,,,1,2,3,1,3
202100021636,2021-08-30 10:00:00,2021,8,30,10,0,13,13211,BARASSE,43.285,5.482,Plein jour,En agglomération,Hors intersection,Normale,Deux véhicules - côté,7,2,2,0,1,1,1,0,1,50,,2,1,0,0,1,68.0,20.0,,,1,2,1,1,3
202100021637,2021-08-31 12:00:00,2021,8,31,12,0,13,13047,RAYMOND FILIPPI AVENUE,43.4981181311,4.9815748455,Plein jour,En agglomération,Autre intersection,Normale,Deux véhicules - côté,4,1,2,0,1,1,1,0,1,50,,2,1,0,0,1,51.0,54.0,,,1,2,9,1,3
202100021638,2021-08-31 13:55:00,2021,8,31,13,55,11,11069,RIVOLI  -BD ET IMPASSE-,43.2286,2.35926,Plein jour,En agglomération,Autre intersection,Normale,Autre collision,6,-1,0,0,1,1,1,9,8,30,,2,1,0,0,1,49.0,,,,1,2,9,1,6
202100021639,2021-08-25 23:35:00,2021,8,25,23,35,11,11069,ROCADE NORD EST - RD 6113,43.233375,2.369382,Nuit sans éclairage public,Hors agglomération,Hors intersection,Normale,Autre collision,3,2,2,0,1,1,1,0,1,80,,2,1,0,1,0,34.0,,,,3,1,1,1,6
202100021640,2021-08-31 10:40:00,2021,8,31,10,40,07,07186,COUX (AVENUE DE),44.73464,4.60834,Plein jour,En agglomération,Hors intersection,Normale,Autre collision,3,2,1,0,2,2,1,0,3,50,,3,0,0,0,3,36.0,,,,1,2,1,1,6
202100021641,2021-08-26 10:45:00,2021,8,26,10,45,06,06083,Avenue de Sospel,43.780184,7.4938,Plein jour,En agglomération,Autre intersection,Normale,Autre collision,4,3,2,0,1,1,1,0,8,50,,2,1,0,1,0,74.0,,,,1,2,9,1,6
202100021642,2021-08-31 16:00:00,2021,8,31,16,0,06,06069,PAOUTE (ROUTE ET TRAVERSE DE LA),43.63613,6.95673,Plein jour,Hors agglomération,Hors intersection,Normale,Deux véhicules - côté,3,2,2,0,1,1,1,0,1,50,,2,1,0,0,1,74.0,,,,1,1,1,1,3
202100021643,2021-08-31 09:55:00,2021,8,31,9,55,06,06069,VICTOR HUGO  (BD),43.65618,6.919682,Plein jour,En agglomération,Hors intersection,Normale,Deux véhicules - côté,3,2,2,0,1,1,1,0,1,50,,2,1,0,0,1,60.0,19.0,,,1,2,1,1,3
202100021644,2021-08-31 09:50:00,2021,8,31,9,50,75,75113,BD PERIPHERIQUE EXTERIEUR,48.8252799735,2.3855808377,Plein jour,En agglomération,Hors intersection,Normale,Deux véhicules - arrière,4,1,4,0,1,1,1,0,1,70,,2,1,0,0,1,27.0,26.0,,,1,2,1,1,2
202100021645,2021-08-31 16:10:00,2021,8,31,16,10,75,75120,RUE D EUPATORIA,48.86904,2.388227,Plein jour,En agglomération,Intersection en Y,Normale,Autre collision,4,1,1,0,2,1,1,0,1,30,,2,1,0,0,1,33.0,,,,1,2,4,1,6
202100021646,2021-08-31 05:00:00,2021,8,31,5,0,75,75118,RUE DE CLIGNANCOURT,48.889037,2.34815,Nuit avec éclairage allumé,En agglomération,Intersection en X,Normale,Deux véhicules - côté,4,1,1,0,3,1,1,0,1,50,,3,2,0,0,1,54.0,,,,5,2,2,1,3
202100021647,2021-08-30 08:50:00,2021,8,30,8,50,75,75117,BOULEVARD MALESHERBES,48.884026,2.308698,Plein jour,En agglomération,Intersection en X,Normale,Autre collision,4,1,0,0,1,1,1,0,1,30,,1,0,0,0,1,20.0,,,,1,2,2,1,6
202100021648,2021-08-29 12:05:00,2021,8,29,12,5,75,75117,AVENUE DE LA PORTE DE CLICHY,48.895753,2.311284,Plein jour,En agglomération,Hors intersection,Normale,Deux véhicules - arrière,4,1,3,3,1,1,1,0,1,50,,2,0,0,0,2,37.0,25.0,,,1,2,1,1,2
202100021649,2021-08-30 21:15:00,2021,8,30,21,15,75,75116,AVENUE DU PRESIDENT WILSON,48.864743,2.294785,Nuit avec éclairage allumé,En agglomération,Place,Normale,Autre collision,4,1,3,0,1,1,1,0,1,30,,2,1,0,0,1,25.0,,,,5,2,7,1,6
202100021650,2021-08-31 07:30:00,2021,8,31,7,30,75,75114,BOULEVARD BRUNE,48.8276063751,2.3053986211,Plein jour,En agglomération,Place,Normale,Deux véhicules - côté,4,3,2,0,1,1,1,0,1,50,,2,1,0,0,1,23.0,55.0,,,1,2,7,1,3
202100021651,2021-08-31 20:30:00,2021,8,31,20,30,75,75113,AVENUE DE FRANCE,48.836212,2.371518,Nuit avec éclairage allumé,En agglomération,Intersection en X,Normale,Sans collision,4,2,4,0,1,1,1,0,1,30,,1,0,0,0,1,21.0,,,,5,2,2,1,7
202100021652,2021-08-31 08:54:00,2021,8,31,8,54,75,75113,AVENUE DE LA PORTE D ITALIE,48.818993,2.359521,Plein jour,En agglomération,Intersection en X,Normale,Deux véhicules - côté,4,2,6,1,1,1,1,0,5,50,,2,1,0,0,1,32.0,59.0,,,1,2,2,1,3
202100021653,2021-08-31 05:35:00,2021,8,31,5,35,75,75105,RUE DES ECOLES,48.848906,2.347471,Nuit avec éclairage allumé,En agglomération,Intersection en X,Normale,Deux véhicules - côté,4,2,3,0,1,1,1,0,1,30,,3,2,0,0,1,22.0,70.0,,,5,2,2,1,3
202100021654,2021-08-30 22:20:00,2021,8,30,22,20,75,75113,AVENUE PIERRE DE COUBERTIN,48.816886,2.34416,Nuit avec éclairage allumé,En agglomération,Intersection en Y,Normale,Deux véhicules - arrière,4,1,2,0,2,3,1,5,1,30,,2,1,0,0,1,,26.0,,,5,2,4,1,2
202100021655,2021-08-31 19:10:00,2021,8,31,19,10,75,75112,BOULEVARD SOULT,48.841499,2.409296,Plein jour,En agglomération,Hors intersection,Normale,Autre collision,4,3,3,0,1,1,1,6,4,10,,2,1,0,0,1,16.0,,,,1,2,1,1,6
202100021656,2021-08-31 17:50:00,2021,8,31,17,50,75,75111,BOULEVARD VOLTAIRE,48.855891,2.383309,Plein jour,En agglomération,Intersection en T,Normale,Autre collision,4,2,3,0,1,1,1,0,1,30,,2,1,0,0,1,29.0,,,,1,2,3,1,6
202100021657,2021-08-31 08:30:00,2021,8,31,8,30,75,75108,BOULEVARD DE COURCELLES,48.880213,2.308109,Plein jour,En agglomération,Hors intersection,Normale,Deux véhicules - côté,4,2,2,0,1,1,1,0,1,30,,3,1,0,0,2,33.0,57.0,,,1,2,1,1,3
202100021658,2021-08-31 18:30:00,2021,8,31,18,30,75,75107,QUAI BRANLY,48.859976,2.294598,Plein jour,En agglomération,Hors intersection,Normale,Sans collision,4,3,2,0,1,1,1,0,1,50,,1,0,0,0,1,24.0,,,,1,2,1,1,7
202100021659,2021-08-31 10:35:00,2021,8,31,10,35,94,94034,EDOUARD HERRIOT (AV),48.7537,2.3265,Plein jour,En agglomération,Hors intersection,Temps couvert,Deux véhicules - arrière,3,1,1,0,1,3,1,0,1,50,,2,1,0,0,1,32.0,25.0,,,1,2,1,8,2
202100021660,2021-08-31 17:10:00,2021,8,31,17,10,94,94055,Avenue Olivier d’Ormesson,48.78381,2.53581,Plein jour,En agglomération,Hors intersection,Normale,Deux véhicules - côté,3,2,2,0,1,1,1,0,1,50,,2,1,0,0,1,67.0,39.0,,,1,2,1,1,3
202100021661,2021-07-20 22:45:00,2021,7,20,22,45,94,94017,Rue du Monument,48.81227,2.51941,Nuit avec éclairage allumé,En agglomération,Hors intersection,Normale,Deux véhicules - arrière,4,2,2,0,2,1,1,0,1,50,,2,1,0,0,1,40.0,27.0,,,5,2,1,1,2
202100021662,2021-08-31 16:30:00,2021,8,31,16,30,93,93078,Avenue de la Plaine,48.9721,2.5059,Plein jour,Hors agglomération,Hors intersection,Normale,Deux véhicules - arrière,3,-1,3,0,1,1,1,0,1,50,,3,1,0,0,2,23.0,45.0,,,1,1,1,1,2
202100021663,2021-08-31 10:00:00,2021,8,31,10,0,93,93072,MARCEL CACHIN (AVENUE) COTE N°16 AU 50,48.95892,2.38233,Plein jour,En agglomération,Intersection en X,Normale,Deux véhicules - côté,3,2,2,1,1,1,1,0,1,50,,3,1,0,2,0,21.0,31.0,,,1,2,2,1,3
202100021664,2021-08-31 18:15:00,2021,8,31,18,15,93,93051,Rue Pierre Brossolette,48.84724,2.54174,Plein jour,En agglomération,Hors intersection,Normale,Autre collision,3,1,2,0,2,1,1,0,4,50,,1,0,0,0,1,14.0,,,,1,2,1,1,6
202100021665,2021-08-31 17:00:00,2021,8,31,17,0,93,93014,COUBRON (ALLEE DE),48.91178,2.54995,Plein jour,En agglomération,Autre intersection,Normale,Autre collision,3,2,3,0,1,2,1,0,1,50,,2,1,0,0,1,53.0,,,,1,2,9,1,6
202100021666,2021-08-31 04:45:00,2021,8,31,4,45,93,93007,ARISTIDE BRIAND (AVENUE COTE PAIRS),48.94612,2.45429,Nuit avec éclairage allumé,En agglomération,Intersection en T,Normale,Deux véhicules - côté,3,2,2,0,1,1,1,0,8,50,,2,1,0,0,1,23.0,46.0,,,5,2,3,1,3
202100021667,2021-08-31 14:40:00,2021,8,31,14,40,93,93005,Route de Mitry / Rue Ambroise Paré,48.94941,2.52006,Plein jour,En agglomération,Intersection en X,Temps couvert,Deux véhicules - côté,3,2,6,0,1,1,1,0,1,50,,2,1,0,0,1,21.0,26.0,,,1,2,2,8,3
202100021668,2021-08-31 09:00:00,2021,8,31,9,0,92,92062,BERGERES RD-PT DES) DU 108 AU 128,48.8856586423,2.2274718868,Plein jour,En agglomération,Autre intersection,Normale,Autre collision,3,1,1,0,1,3,1,0,1,50,,2,1,0,0,1,55.0,,,,1,2,9,1,6