accident_id,datetime,annee,mois,jour,heure,minute,departement,commune_insee,adresse,latitude,longitude,luminosite,agglomeration,intersection,meteo,collision,catr,circ,nbv,vosp,prof,plan,surf,infra,situ,vma,nb_vehicules,nb_usagers,nb_indemnes,nb_tues,nb_blesses_hosp,nb_blesses_legers,age_cond_1,age_cond_2,veh_type_cond_1,veh_type_cond_2,lum_code,agg_code,int_code,atm_code,col_code
202100021669,2021-08-30 01:10:00,2021,8,30,1,10,92,92049,PERI RUE GABRIEL N°37 A 99,48.8195097926,2.3138530436,Nuit avec éclairage allumé,En agglomération,Hors intersection,Normale,Deux véhicules - frontale,3,2,2,0,1,1,1,0,1,50,,2,1,0,1,0,19.0,46.0,,,5,2,1,1,1
202100021670,2021-08-31 19:20:00,2021,8,31,19,20,92,92026,VERDUN (DE 62 A FIN),48.9012950949,2.2599488497,Plein jour,En agglomération,Intersection en T,Normale,Deux véhicules - côté,3,-1,1,0,1,1,1,0,5,50,,2,1,0,0,1,39.0,,,,1,2,3,1,3
202100021671,2021-08-31 19:00:00,2021,8,31,19,0,92,92023,STENDHAL (AVENUE),48.7876562855,2.2368764789,Plein jour,En agglomération,Hors intersection,Normale,Deux véhicules - arrière,4,2,2,0,1,1,1,0,1,30,,2,1,0,0,1,39.0,35.0,,,1,2,1,1,2
202100021672,2021-08-31 10:45:00,2021,8,31,10,45,92,92002,MONT BLANC (RUE DU),48.73697,2.2884,Plein jour,En agglomération,Intersection en T,Normale,Autre collision,4,1,0,0,1,1,1,0,1,50,,2,1,0,0,1,40.0,,,,1,2,3,1,6
202100021673,2021-08-31 08:00:00,2021,8,31,8,0,65,65304,373 Avenue de Tarbes,43.4586,0.03828,Plein jour,En agglomération,Intersection en Y,Normale,Deux véhicules - côté,3,2,2,0,1,1,1,0,1,70,,2,1,0,0,1,20.0,60.0,,,1,2,4,1,3
202100021674,2021-09-01 18:55:00,2021,9,1,18,55,87,87079,D914,46.024904,1.490171,Plein jour,Hors agglomération,Hors intersection,Normale,Deux véhicules - côté,3,2,2,0,2,2,1,0,1,90,,2,1,0,1,0,66.0,22.0,,,1,1,1,1,3
202100021675,2021-08-31 18:00:00,2021,8,31,18,0,38,38160,Route du Viannais,45.500647,4.972311,Plein jour,Hors agglomération,Intersection en T,Normale,Deux véhicules - frontale,4,2,2,0,1,1,1,0,1,70,,3,2,0,1,0,21.0,64.0,,,1,1,3,1,1
202100021676,2021-09-01 11:30:00,2021,9,1,11,30,41,41086,RD 765  lieu-dit la mazière,47.446578,1.540189,Plein jour,Hors agglomération,Hors intersection,Normale,Sans collision,3,2,3,0,1,1,1,0,8,90,,1,0,1,0,0,39.0,,,,1,1,1,1,7
202100021677,2021-09-01 14:12:00,2021,9,1,14,12,95,95487,Avenue Paul Vaillant Couturier,49.151280844,2.2713053226,Plein jour,En agglomération,Hors intersection,Normale,Autre collision,4,2,2,0,1,1,1,6,1,-1,,2,1,0,0,1,,,,,1,2,1,1,6
202100021678,2021-08-23 15:20:00,2021,8,23,15,20,57,57437,Rue de Metrich,49.422231,6.296443,Plein jour,En agglomération,Intersection en Y,Normale,Deux véhicules - côté,3,2,2,0,1,1,1,0,1,50,,4,3,0,0,1,19.0,49.0,,,1,2,4,1,3
202100021679,2021-09-01 03:15:00,2021,9,1,3,15,21,21261,A31,47.271833,5.140636,Nuit sans éclairage public,Hors agglomération,Hors intersection,Normale,Autre collision,1,3,4,0,1,1,1,3,3,130,,4,0,3,1,0,21.0,,,,3,1,1,1,6
202100021680,2021-09-01 06:40:00,2021,9,1,6,40,81,81133,"D71, PK. 8.800",43.8773285454,2.1559815109,Crépuscule ou aube,Hors agglomération,Hors intersection,Normale,Deux véhicules - frontale,3,2,2,0,1,1,1,0,1,80,,3,1,1,0,1,53.0,24.0,,,2,1,1,1,1
202100021681,2021-08-31 18:55:00,2021,8,31,18,55,71,71305,"Autoroute A6, PK 368+100, sens PARIS/LYON",46.477258,4.887467,Plein jour,Hors agglomération,Hors intersection,Normale,Deux véhicules - arrière,1,3,5,0,1,1,1,0,1,130,,3,1,0,0,2,28.0,47.0,,,1,1,1,1,2
202100021682,2021-08-13 12:15:00,2021,8,13,12,15,01,01143,,46.3500814805,6.131945125,Plein jour,En agglomération,Giratoire,Normale,Deux véhicules - côté,3,4,2,0,1,2,1,0,1,50,,2,1,0,1,0,55.0,61.0,,,1,2,6,1,3
202100021683,2021-09-01 13:00:00,2021,9,1,13,0,01,01109,,46.141017,5.910494,Plein jour,En agglomération,Intersection en X,Normale,Deux véhicules - côté,3,2,2,0,1,1,1,0,1,80,,2,1,0,1,0,48.0,59.0,,,1,2,2,1,3
202100021684,2021-08-31 15:00:00,2021,8,31,15,0,971,97109,RN 1,15.994526,-61.693726,Plein jour,Hors agglomération,Hors intersection,Normale,Trois véhicules et plus - en chaîne,2,2,2,0,2,1,1,3,1,80,,3,2,0,0,1,33.0,37.0,,,1,1,1,1,4
202100021685,2021-08-14 12:55:00,2021,8,14,12,55,59,59083,Rue de la Gare,50.90192,2.415937,Plein jour,Hors agglomération,Hors intersection,Normale,Sans collision,4,2,1,0,1,1,1,0,8,80,,1,0,1,0,0,64.0,,,,1,1,1,1,7
202100021686,2021-08-31 16:57:00,2021,8,31,16,57,44,44098,RN 165 PR 59+450,47.479972,-2.185678,Plein jour,Hors agglomération,Hors intersection,Normale,Autre collision,2,3,4,3,1,1,1,0,1,110,,1,0,0,1,0,26.0,,,,1,1,1,1,6
202100021687,2021-09-01 16:20:00,2021,9,1,16,20,67,67106,route de la VNF,48.741163,7.964616,Plein jour,Hors agglomération,Hors intersection,Normale,Autre collision,5,2,2,0,1,1,1,9,1,-1,,2,0,0,2,0,56.0,,,,1,1,1,1,6
202100021688,2021-08-31 18:35:00,2021,8,31,18,35,87,87014,A20 PK 151.250 Sud/Nord,46.086031,1.359129,Plein jour,Hors agglomération,Hors intersection,Normale,Autre collision,1,3,4,0,2,3,1,0,3,130,,2,1,0,1,0,72.0,,,,1,1,1,1,6
202100021689,2021-08-31 13:30:00,2021,8,31,13,30,57,57197,RD 674,49.061456,6.983244,Plein jour,Hors agglomération,Intersection en T,Normale,Deux véhicules - côté,3,2,1,0,3,1,1,0,1,70,,2,1,0,1,0,,31.0,,,1,1,3,1,3
202100021690,2021-08-31 18:53:00,2021,8,31,18,53,19,19151,Rue des Eaux Vives,45.099919,1.530721,Plein jour,Hors agglomération,Hors intersection,Normale,Deux véhicules - frontale,4,2,2,0,3,3,1,0,1,90,,2,1,0,1,0,48.0,39.0,,,1,1,1,1,1
202100021691,2021-08-31 18:44:00,2021,8,31,18,44,67,67165,D392,48.490402,7.162292,Crépuscule ou aube,Hors agglomération,Hors intersection,Normale,Deux véhicules - frontale,3,2,2,0,2,3,1,0,1,90,,4,2,0,1,1,21.0,47.0,,,2,1,1,1,1
202100021692,2021-08-31 19:30:00,2021,8,31,19,30,76,76419,D45,49.396438,0.881251,Plein jour,Hors agglomération,Hors intersection,Normale,Sans collision,3,2,2,0,4,4,1,0,3,70,,1,0,0,1,0,28.0,,,,1,1,1,1,7
202100021693,2021-08-28 15:10:00,2021,8,28,15,10,2B,2B354,RT20,42.156118,9.153757,Plein jour,Hors agglomération,Hors intersection,Normale,Deux véhicules - côté,3,2,2,0,2,3,1,0,1,80,,2,1,0,1,0,32.0,49.0,,,1,1,1,1,3
202100021694,2021-09-01 01:35:00,2021,9,1,1,35,2B,2B224,lieu-dit LORO,42.841775,9.454064,Nuit sans éclairage public,Hors agglomération,Hors intersection,Normale,Deux véhicules - frontale,3,2,2,0,1,2,1,0,1,80,,5,3,0,0,2,19.0,31.0,,,3,1,1,1,1
202100021695,2021-09-01 10:15:00,2021,9,1,10,15,55,55102,D38,49.20678,5.36023,Plein jour,Hors agglomération,Hors intersection,Normale,Deux véhicules - côté,3,2,2,0,1,3,1,0,1,80,,2,1,0,1,0,35.0,19.0,,,1,1,1,1,3
202100021696,2021-08-31 17:30:00,2021,8,31,17,30,47,47086,Taminage,44.686817,0.206745,Plein jour,Hors agglomération,Hors intersection,Normale,Autre collision,3,2,2,0,2,2,1,0,3,80,,1,0,0,1,0,51.0,,,,1,1,1,1,6
202100021697,2021-08-29 16:35:00,2021,8,29,16,35,34,34257,cd 922 pk 10+100,43.6749117108,3.0002099352,Plein jour,Hors agglomération,Hors intersection,Normale,Sans collision,3,3,2,0,2,2,8,0,1,80,,2,1,0,1,0,52.0,,,,1,1,1,1,7
202100021698,2021-08-26 02:00:00,2021,8,26,2,0,34,34154,D62e2,43.550764,3.988316,Nuit sans éclairage public,Hors agglomération,Hors intersection,Normale,Deux véhicules - arrière,3,3,4,0,1,1,1,0,1,90,,8,1,0,1,6,23.0,38.0,,,3,1,1,1,2
202100021699,2021-08-29 15:55:00,2021,8,29,15,55,29,29037,D785 - Treveon Vihan,47.920721,-4.186875,Plein jour,Hors agglomération,Intersection en T,Normale,Autre collision,3,1,1,0,2,1,1,3,3,70,,2,1,0,1,0,,,,,1,1,3,1,6
202100021700,2021-08-25 11:10:00,2021,8,25,11,10,29,29037,lieu dit Le Lannou,47.884733,-4.172031,Plein jour,Hors agglomération,Intersection en T,Normale,Deux véhicules - côté,3,2,2,2,1,1,1,-1,1,80,,2,1,0,1,0,23.0,44.0,,,1,1,3,1,3
202100021701,2021-08-26 13:00:00,2021,8,26,13,0,38,38560,Route de Planchartier,45.480235,5.491844,Plein jour,Hors agglomération,Hors intersection,Normale,Autre collision,3,-1,2,0,2,3,1,0,3,80,,1,0,0,1,0,56.0,,,,1,1,1,1,6
202100021702,2021-08-31 14:50:00,2021,8,31,14,50,02,02438,D805,49.291546,3.236632,Plein jour,Hors agglomération,Hors intersection,Normale,Sans collision,3,2,2,0,3,2,1,0,3,80,,1,0,0,1,0,29.0,,,,1,1,1,1,7
202100021703,2021-08-31 12:00:00,2021,8,31,12,0,72,72054,les fosses,48.016253,0.328785,Plein jour,Hors agglomération,Hors intersection,Normale,Autre collision,3,2,2,0,1,1,1,9,3,70,,1,0,0,1,0,48.0,,,,1,1,1,1,6
202100021704,2021-09-01 13:10:00,2021,9,1,13,10,18,18140,D18e,47.155769,2.016034,Plein jour,Hors agglomération,Hors intersection,Normale,Autre collision,3,2,2,0,1,2,1,0,3,80,,1,0,0,1,0,29.0,,,,1,1,1,1,6
202100021705,2021-08-31 15:00:00,2021,8,31,15,0,07,07010,avenue jean jaurès,45.249543,4.670187,Plein jour,En agglomération,Hors intersection,Normale,Autre collision,4,2,2,0,2,1,1,0,1,50,,3,1,0,1,1,56.0,,,,1,2,1,1,6
202100021706,2021-09-01 15:48:00,2021,9,1,15,48,53,53147,ROUTE NATIONALE 12,48.308721,-0.64778,Plein jour,Hors agglomération,Hors intersection,Normale,Deux véhicules - frontale,2,2,2,0,2,1,1,0,1,80,,2,0,0,2,0,30.0,65.0,,,1,1,1,1,1
202100021707,2021-09-01 16:05:00,2021,9,1,16,5,17,17211,Départementale 150,46.032241,-0.513965,Plein jour,Hors agglomération,Hors intersection,Normale,Deux véhicules - frontale,3,2,2,0,2,1,1,0,1,90,,3,1,0,2,0,77.0,55.0,,,1,1,1,1,1
202100021708,2021-08-31 17:55:00,2021,8,31,17,55,17,17347,Rue d Aguesseau,45.942944,-0.522376,Plein jour,En agglomération,Place,Normale,Deux véhicules - côté,4,2,2,0,1,1,1,0,1,50,,3,2,0,0,1,16.0,25.0,,,1,2,7,1,3
202100021709,2021-08-30 18:00:00,2021,8,30,18,0,30,30012,D2,43.876613,4.651251,Crépuscule ou aube,Hors agglomération,Intersection en T,Temps éblouissant,Deux véhicules - côté,3,2,2,0,1,1,1,0,1,80,,3,2,0,1,0,49.0,63.0,,,2,1,3,7,3
202100021710,2021-08-31 13:50:00,2021,8,31,13,50,88,88116,Rue de la Gare,47.954967,6.825134,Plein jour,En agglomération,Intersection en T,Normale,Deux véhicules - côté,3,2,2,0,1,4,1,0,1,50,,2,1,0,1,0,35.0,40.0,,,1,2,3,1,3
202100021711,2021-08-31 17:35:00,2021,8,31,17,35,88,88075,27 Route de Planois,48.000031,6.854112,Plein jour,Hors agglomération,Hors intersection,Normale,Autre collision,3,2,2,0,2,3,1,0,3,80,,1,0,1,0,0,42.0,,,,1,1,1,1,6
202100021712,2021-08-31 16:54:00,2021,8,31,16,54,67,67324,RD653,48.968822,7.671794,Plein jour,Hors agglomération,Hors intersection,Normale,Sans collision,3,-1,2,0,2,4,9,0,1,80,,1,0,0,1,0,21.0,,,,1,1,1,1,7
202100021713,2021-08-31 17:35:00,2021,8,31,17,35,06,06099,D6202,43.953458,6.918561,Plein jour,Hors agglomération,Hors intersection,Normale,Trois véhicules et plus - collisions multiples,3,2,2,0,1,3,1,0,1,70,,5,1,2,0,2,53.0,24.0,,,1,1,1,1,5
202100021714,2021-08-26 09:00:00,2021,8,26,9,0,67,67008,A352,48.5176851652,7.5216436386,Plein jour,Hors agglomération,Hors intersection,Normale,Deux véhicules - frontale,1,1,4,0,1,1,1,2,8,130,,2,1,1,0,0,58.0,46.0,,,1,1,1,1,1
202100021715,2021-09-01 10:30:00,2021,9,1,10,30,38,38040,Route départementale 25,45.067944,6.158352,Plein jour,Hors agglomération,Hors intersection,Normale,Autre collision,3,2,2,0,2,1,1,0,1,80,,1,0,0,1,0,57.0,,,,1,1,1,1,6
202100021716,2021-08-31 15:45:00,2021,8,31,15,45,976,97617,Route de Soulou,-12.789361,45.111852,Plein jour,Hors agglomération,Hors intersection,Normale,Deux véhicules - frontale,3,2,2,0,3,1,1,0,1,70,,2,1,0,1,0,22.0,60.0,,,1,1,1,1,1
202100021717,2021-09-01 06:41:00,2021,9,1,6,41,27,27228,autoroute A13 PK 140.100 sens Province/PARIS,49.371622,0.692571,Crépuscule ou aube,Hors agglomération,Hors intersection,Normale,Deux véhicules - arrière,1,1,3,0,1,1,1,0,1,130,,2,1,0,0,1,23.0,37.0,,,2,1,1,1,2
202100021718,2021-08-30 08:30:00,2021,8,30,8,30,987,98714,RT 101,-16.505965,-151.751747,Plein jour,En agglomération,Hors intersection,Normale,Autre collision,2,2,2,0,1,1,1,0,1,40,,2,1,0,1,0,38.0,,,,1,2,1,1,6
202100021719,2021-08-31 17:50:00,2021,8,31,17,50,95,95592,Rue du Vexin,49.04693,1.86928,Plein jour,Hors agglomération,Hors intersection,Normale,Deux véhicules - côté,3,2,2,0,2,1,1,0,1,70,,2,1,0,0,1,19.0,60.0,,,1,1,1,1,3
202100021720,2021-08-25 16:30:00,2021,8,25,16,30,78,78381,Avenue de la Republique,48.79391,1.610945,Plein jour,En agglomération,Intersection en X,Normale,Deux véhicules - côté,3,2,2,0,1,1,1,0,1,50,,2,1,0,1,0,57.0,44.0,,,1,2,2,1,3
202100021721,2021-08-30 23:50:00,2021,8,30,23,50,30,30258,Départementale 42 30800,43.740393,4.409232,Nuit sans éclairage public,Hors agglomération,Giratoire,Normale,Autre collision,3,2,2,0,1,1,1,0,8,80,,1,0,0,1,0,61.0,,,,3,1,6,1,6
202100021722,2021-09-01 15:20:00,2021,9,1,15,20,21,21390,29 Rue du Château,47.269678,4.99084,Plein jour,En agglomération,Hors intersection,Normale,Autre collision,4,2,2,0,1,1,1,0,8,50,,1,0,1,0,0,39.0,,,,1,2,1,1,6
202100021723,2021-08-31 13:20:00,2021,8,31,13,20,63,63150,D15,45.89721,3.048706,Plein jour,Hors agglomération,Hors intersection,Normale,Autre collision,3,2,2,0,2,1,1,0,1,80,,1,0,0,1,0,51.0,,,,1,1,1,1,6
202100021724,2021-08-31 16:01:00,2021,8,31,16,1,42,42299,Route de Montrond,45.615283,4.116569,Plein jour,Hors agglomération,Intersection en X,Normale,Deux véhicules - côté,3,2,1,0,1,1,1,0,1,80,,2,1,0,1,0,94.0,72.0,,,1,1,2,1,3
202100021725,2021-08-31 17:00:00,2021,8,31,17,0,65,65059,Route de Toulouse,43.085141,0.169065,Plein jour,Hors agglomération,Hors intersection,Normale,Trois véhicules et plus - collisions multiples,3,2,2,0,1,1,1,0,1,80,,4,1,0,2,1,85.0,42.0,,,1,1,1,1,5
202100021726,2021-08-31 17:00:00,2021,8,31,17,0,31,31291,9 Route de Saint-Lys,43.591626,1.228677,Plein jour,En agglomération,Hors intersection,Normale,Deux véhicules - côté,3,2,2,0,1,1,1,0,1,50,,2,1,0,0,1,53.0,43.0,,,1,2,1,1,3
202100021727,2021-08-31 13:35:00,2021,8,31,13,35,19,19203,Le Grelet,45.221438,1.767232,Plein jour,Hors agglomération,Intersection en T,Normale,Deux véhicules - arrière,3,2,2,0,1,1,1,0,1,90,,2,1,0,0,1,61.0,52.0,,,1,1,3,1,2
202100021728,2021-08-31 08:30:00,2021,8,31,8,30,33,33433,,44.913857,-0.410006,Plein jour,Hors agglomération,Hors intersection,Normale,Deux véhicules - frontale,3,2,2,0,2,1,1,0,1,80,,2,1,0,1,0,82.0,48.0,,,1,1,1,1,1
202100021729,2021-08-31 15:00:00,2021,8,31,15,0,61,61082,Le Vaujarry,48.598976,0.328345,Plein jour,Hors agglomération,Hors intersection,Normale,Trois véhicules et plus - collisions multiples,3,2,2,0,1,1,1,0,1,90,,3,0,0,1,2,67.0,34.0,,,1,1,1,1,5
202100021730,2021-08-27 09:00:00,2021,8,27,9,0,27,27312,D57,49.042499,1.305249,Plein jour,Hors agglomération,Hors intersection,Normale,Autre collision,3,2,2,0,2,2,1,0,1,80,,2,1,0,0,1,21.0,,,,1,1,1,1,6
202100021731,2021-08-26 07:30:00,2021,8,26,7,30,59,59146,Rue Jean Moulin,50.6105311862,3.2065478146,Plein jour,En agglomération,Intersection en T,Normale,Deux véhicules - côté,7,2,2,2,1,1,1,5,5,50,,2,1,0,0,1,55.0,46.0,,,1,2,3,1,3
202100021732,2021-08-21 18:49:00,2021,8,21,18,49,13,13202,Tunnel Joliette Marseille vers Aubagne,43.30114,5.3642,Plein jour,Hors agglomération,Hors intersection,Normale,Trois véhicules et plus - en chaîne,7,1,2,0,1,1,1,1,1,50,,2,1,0,0,1,28.0,31.0,,,1,1,1,1,4
202100021733,2021-08-31 10:00:00,2021,8,31,10,0,13,13088,A55-Sens Marseille vers Martigues,43.38419,5.23306,Plein jour,Hors agglomération,Hors intersection,Normale,Deux véhicules - arrière,1,1,2,0,1,1,1,0,2,110,,4,3,0,0,1,70.0,17.0,,,1,1,1,1,2
202100021734,2021-08-31 10:00:00,2021,8,31,10,0,13,13210,S10CM-Sens Marseille vers A.50 Aubagne,43.28295,5.3986,Plein jour,Hors agglomération,Hors intersection,Normale,Sans collision,1,3,2,0,1,1,9,0,2,90,,1,0,0,0,1,24.0,,,,1,1,1,1,7
202100021735,2021-08-30 16:02:00,2021,8,30,16,2,13,13022,A50-Sens Toulon vers Aubagne,43.227,5.583,Plein jour,Hors agglomération,Hors intersection,Normale,Trois véhicules et plus - en chaîne,1,1,3,0,1,1,1,0,1,90,,3,2,0,0,1,59.0,40.0,,,1,1,1,1,4
202100021736,2021-08-30 14:10:00,2021,8,30,14,10,13,13215,A7-Sens Lyon vers Marseille,43.35659,5.36297,Plein jour,Hors agglomération,Hors intersection,Normale,Deux véhicules - arrière,1,1,3,0,2,1,1,0,1,90,,3,2,0,0,1,,31.0,,,1,1,1,1,2
202100021737,2021-08-30 14:45:00,2021,8,30,14,45,69,69005,A46N,45.9291321035,4.742262762,Plein jour,Hors agglomération,Hors intersection,Normale,Trois véhicules et plus - collisions multiples,1,2,4,0,1,1,1,0,1,130,,4,2,0,0,2,22.0,53.0,,,1,1,1,1,5
202100021738,2021-08-31 14:45:00,2021,8,31,14,45,91,91689,AUTOROUTE A6,48.72877,2.31429,Plein jour,Hors agglomération,Hors intersection,Normale,Deux véhicules - côté,1,3,6,0,1,1,1,0,1,110,,2,1,0,0,1,47.0,34.0,,,1,1,1,1,3
202100021739,2021-08-31 07:00:00,2021,8,31,7,0,94,94034,AUTOROUTE A86,48.76053,2.31962,Crépuscule ou aube,Hors agglomération,Hors intersection,Normale,Trois véhicules et plus - en chaîne,1,1,2,0,1,1,1,1,1,70,,3,2,0,0,1,56.0,39.0,,,2,1,1,1,4
202100021740,2021-08-31 09:20:00,2021,8,31,9,20,92,92048,N118,48.804470192,2.213748657,Plein jour,Hors agglomération,Hors intersection,Normale,Deux véhicules - arrière,2,3,5,0,1,1,1,0,1,90,,2,1,0,0,1,27.0,27.0,,,1,1,1,1,2
202100021741,2021-08-31 09:15:00,2021,8,31,9,15,92,92050,A86,48.902257,2.203464,Plein jour,Hors agglomération,Hors intersection,Normale,Autre collision,1,-1,3,0,1,1,1,0,1,90,,2,0,0,0,2,61.0,61.0,,,1,1,1,1,6
202100021742,2021-08-31 20:25:00,2021,8,31,20,25,95,95351,RN 104,49.03922,2.48396,Crépuscule ou aube,Hors agglomération,Hors intersection,Normale,Deux véhicules - arrière,2,3,4,0,1,1,1,0,1,90,,3,2,0,0,1,21.0,40.0,,,2,1,1,1,2
202100021743,2021-08-31 14:30:00,2021,8,31,14,30,93,93066,AUTOROUTE A1,48.9205,2.35728,Plein jour,Hors agglomération,Hors intersection,Normale,Deux véhicules - arrière,1,3,6,0,1,1,1,0,1,90,,2,1,0,0,1,48.0,33.0,,,1,1,1,1,2
202100021744,2021-08-31 12:30:00,2021,8,31,12,30,93,93039,AUTOROUTE A86,48.92746,2.33354,Plein jour,Hors agglomération,Hors intersection,Normale,Trois véhicules et plus - collisions multiples,1,1,6,0,1,1,1,0,1,90,,5,2,0,0,3,32.0,67.0,,,1,1,1,1,5
202100021745,2021-08-30 18:45:00,2021,8,30,18,45,95,95018,A15,48.9613,2.26925,Plein jour,Hors agglomération,Hors intersection,Normale,Deux véhicules - côté,1,3,10,0,1,1,1,0,1,110,,3,1,0,0,2,19.0,45.0,,,1,1,1,1,3
202100021746,2021-08-30 14:10:00,2021,8,30,14,10,93,93013,AUTOROUTE A1,48.94082,2.42538,Plein jour,Hors agglomération,Hors intersection,Normale,Autre collision,1,3,9,0,1,1,1,0,1,110,,2,1,0,0,1,21.0,,,,1,1,1,1,6
202100021747,2021-08-30 13:30:00,2021,8,30,13,30,92,92036,AUTOROUTE A86,48.9352934024,2.2847740055,Plein jour,Hors agglomération,Hors intersection,Normale,Deux véhicules - arrière,1,3,7,0,1,1,1,0,1,90,,2,1,0,0,1,20.0,49.0,,,1,1,1,1,2
202100021748,2021-08-31 16:30:00,2021,8,31,16,30,94,94069,A4,48.8174016454,2.437524584,Plein jour,Hors agglomération,Hors intersection,Normale,Deux véhicules - arrière,1,1,4,0,1,1,1,0,1,90,,2,1,0,0,1,24.0,44.0,,,1,1,1,1,2
202100021749,2021-08-28 23:30:00,2021,8,28,23,30,971,97101,BAZIN,16.27109,-61.49643,Nuit avec éclairage allumé,En agglomération,Autre intersection,Normale,Autre collision,4,2,2,0,1,1,1,0,1,50,,2,0,0,2,0,30.0,,,,5,2,9,1,6
202100021750,2021-08-27 10:05:00,2021,8,27,10,5,05,05061,JEAN JAURES ( AVENUE ),44.55258,6.07188,Plein jour,En agglomération,Hors intersection,Normale,Autre collision,2,2,2,0,1,1,1,0,1,50,,2,1,0,1,0,80.0,,,,1,2,1,1,6
202100021751,2021-08-30 16:05:00,2021,8,30,16,5,974,97416,BANK (BOULEVARD),-21.3306082277,55.4742479322,Plein jour,En agglomération,Hors intersection,Normale,Autre collision,2,-1,2,0,1,1,1,0,1,50,,2,1,0,0,1,38.0,,,,1,2,1,1,6
202100021752,2021-08-30 18:30:00,2021,8,30,18,30,988,98818,ROUTE DE L'ANSE VATA/RUE BICHAT,-22.2771,166.44775,Nuit avec éclairage allumé,En agglomération,Intersection en X,Normale,Autre collision,4,2,2,0,2,1,1,9,1,50,,2,1,0,0,1,54.0,,,,5,2,2,1,6
202100021753,2021-08-30 17:50:00,2021,8,30,17,50,973,97302,BADUEL (ROUTE DE),4.9286715036,-52.2943207026,Plein jour,En agglomération,Hors intersection,Normale,Deux véhicules - arrière,3,2,1,2,1,1,1,0,1,50,,3,2,0,0,1,31.0,24.0,,,1,2,1,1,2
202100021754,2021-08-30 18:30:00,2021,8,30,18,30,69,69259,JEAN CAGNE (AV),45.69633,4.87161,Crépuscule ou aube,En agglomération,Intersection en T,Temps couvert,Deux véhicules - arrière,4,2,2,2,1,1,1,0,1,30,,3,1,0,0,2,22.0,27.0,,,2,2,3,8,2
202100021755,2021-08-30 12:30:00,2021,8,30,12,30,69,69259,PROFESSEUR ROUX (DU) (R),45.7174772208,4.8588951022,Plein jour,En agglomération,Intersection en X,Normale,Deux véhicules - côté,7,2,7,0,1,1,1,0,1,50,,3,1,0,0,2,38.0,29.0,,,1,2,2,1,3
202100021756,2021-08-30 17:12:00,2021,8,30,17,12,972,97213,AUTOROUTE A1,14.61226,-61.00817,Plein jour,Hors agglomération,Hors intersection,Normale,Deux véhicules - arrière,1,-1,2,3,1,1,1,0,6,90,,2,1,0,0,1,58.0,54.0,,,1,1,1,1,2
202100021757,2021-08-30 16:00:00,2021,8,30,16,0,971,97113,RN4 - SECTION RIVIERA,16.21769,-61.49296,Plein jour,En agglomération,Hors intersection,Pluie légère,Trois véhicules et plus - en chaîne,2,2,3,0,1,1,2,0,1,70,,3,2,0,0,1,46.0,44.0,,,1,2,1,2,4
202100021758,2021-08-30 16:30:00,2021,8,30,16,30,95,95277,RD317,48.98607,2.47155,Plein jour,Hors agglomération,Hors intersection,Normale,Autre collision,3,3,4,3,1,1,1,0,1,90,,4,2,0,0,2,,37.0,,,1,1,1,1,6
202100021759,2021-08-29 13:49:00,2021,8,29,13,49,87,87085,BORIE (BOULEVARD DE LA),45.84416,1.24055,Plein jour,En agglomération,Hors intersection,Normale,Deux véhicules - arrière,4,3,4,0,1,1,1,0,1,50,,3,2,0,0,1,24.0,49.0,,,1,2,1,1,2
202100021760,2021-08-28 21:26:00,2021,8,28,21,26,87,87085,GRAND-TREUIL (RUE DU),45.84692,1.27162,Nuit avec éclairage allumé,En agglomération,Hors intersection,Normale,Deux véhicules - frontale,4,2,2,0,1,1,1,0,1,50,,2,1,0,0,1,,65.0,,,5,2,1,1,1
202100021761,2021-08-30 16:10:00,2021,8,30,16,10,83,83069,FRONT DE MER (BOULEVARD),43.1038708195,6.1741447449,Plein jour,En agglomération,Hors intersection,Normale,Autre collision,7,2,2,0,1,1,1,0,1,30,,2,1,0,0,1,66.0,,,,1,2,1,1,6
202100021762,2021-08-30 13:30:00,2021,8,30,13,30,83,83069,BELLON (RUE DU SOLDAT),43.118312354,6.1276425266,Plein jour,En agglomération,Autre intersection,Normale,Deux véhicules - côté,4,3,2,0,1,1,1,0,1,30,,2,1,0,0,1,21.0,20.0,,,1,2,9,1,3
202100021763,2021-03-29 16:25:00,2021,3,29,16,25,79,79329,1 Avenue Emile Zola,46.985623,-0.21134,Plein jour,En agglomération,Passage à niveau,Normale,Deux véhicules - arrière,4,2,1,0,1,1,1,4,1,50,,2,0,0,0,2,71.0,49.0,,,1,2,8,1,2
202100021764,2021-08-30 18:00:00,2021,8,30,18,0,78,78350,VERSAILLES (ROUTE DE),48.855587,2.107352,Plein jour,Hors agglomération,Autre intersection,Normale,Deux véhicules - côté,2,-1,0,0,1,1,1,0,1,70,,2,1,0,0,1,45.0,19.0,,,1,1,9,1,3
202100021765,2021-08-29 19:50:00,2021,8,29,19,50,77,77083,CHAMPY-NESLE (BOULEVARD DU),48.84839,2.57844,Plein jour,En agglomération,Intersection en X,Normale,Deux véhicules - côté,3,4,3,0,1,1,1,5,1,50,,2,1,0,0,1,62.0,33.0,,,1,2,2,1,3