accident_id,datetime,annee,mois,jour,heure,minute,departement,commune_insee,adresse,latitude,longitude,luminosite,agglomeration,intersection,meteo,collision,catr,circ,nbv,vosp,prof,plan,surf,infra,situ,vma,nb_vehicules,nb_usagers,nb_indemnes,nb_tues,nb_blesses_hosp,nb_blesses_legers,age_cond_1,age_cond_2,veh_type_cond_1,veh_type_cond_2,lum_code,agg_code,int_code,atm_code,col_code
202100021766,2021-08-30 17:00:00,2021,8,30,17,0,77,77186,GRANDE (RUE),48.41236,2.705752,Plein jour,En agglomération,Hors intersection,Normale,Deux véhicules - frontale,4,2,2,0,1,1,1,9,1,30,,2,1,0,0,1,51.0,,,,1,2,1,1,1
202100021767,2021-08-27 07:15:00,2021,8,27,7,15,71,71076,ANDRE (RUE DU LIEUTENANT),46.79598,4.8544,Plein jour,En agglomération,Intersection en X,Normale,Deux véhicules - côté,4,2,2,0,1,1,1,0,1,50,,2,1,0,0,1,26.0,52.0,,,1,2,2,1,3
202100021768,2021-07-23 01:30:00,2021,7,23,1,30,69,69290,GRENOBLE (DE) (RTE),45.7122,4.9726,Nuit avec éclairage allumé,En agglomération,Autre intersection,Normale,Autre collision,7,2,4,0,1,1,1,0,3,50,,1,0,0,1,0,23.0,,,,5,2,9,1,6
202100021769,2021-08-30 11:06:00,2021,8,30,11,6,66,66136,LECLERC (AVENUE DU GENERAL),42.7008875997,2.8893600404,Plein jour,En agglomération,Hors intersection,Normale,Deux véhicules - côté,4,2,2,0,1,1,1,0,1,50,,2,1,0,0,1,32.0,18.0,,,1,2,1,1,3
202100021770,2021-08-27 17:05:00,2021,8,27,17,5,66,66136,PIA (TRAVERSE DE),42.70668,2.8925,Plein jour,En agglomération,Hors intersection,Normale,Autre collision,4,2,2,0,1,1,1,0,4,50,,2,1,0,0,1,25.0,,,,1,2,1,1,6
202100021771,2021-08-30 16:10:00,2021,8,30,16,10,64,64122,OSSUNA (AVENUE D'),43.48285,-1.55657,Plein jour,En agglomération,Intersection en X,Normale,Deux véhicules - côté,4,1,2,0,1,1,1,0,1,30,,2,1,0,0,1,19.0,23.0,,,1,2,2,1,3
202100021772,2021-08-30 16:35:00,2021,8,30,16,35,62,62688,BERCK (ROUTE DE),50.417903,1.647726,Plein jour,En agglomération,Passage à niveau,Temps couvert,Autre collision,3,2,6,0,2,1,1,4,1,50,,3,2,0,1,0,60.0,61.0,,,1,2,8,8,6
202100021773,2021-08-30 08:15:00,2021,8,30,8,15,61,61117,ALENCON (RUE D'),48.43564,0.04888,Plein jour,En agglomération,Intersection en X,Normale,Deux véhicules - arrière,3,2,2,0,1,1,1,0,1,50,,2,1,0,0,1,26.0,22.0,,,1,2,2,1,2
202100021774,2021-08-27 11:30:00,2021,8,27,11,30,56,56036,N165 sens Brest/Nantes,47.77432,-3.36833,Plein jour,Hors agglomération,Hors intersection,Normale,Trois véhicules et plus - en chaîne,2,3,8,0,1,1,1,2,1,90,,7,4,0,0,3,40.0,19.0,,,1,1,1,1,4
202100021775,2021-08-27 08:15:00,2021,8,27,8,15,56,56107,LOCQUELTAS (RUE DE),47.70757,-3.38898,Plein jour,En agglomération,Hors intersection,Normale,Autre collision,4,2,2,0,1,1,1,0,4,30,,1,0,0,0,1,50.0,,,,1,2,1,1,6
202100021776,2021-08-29 18:35:00,2021,8,29,18,35,54,54165,PAIN DE SUCRE (CHEMIN),48.7186588094,6.2213636935,Plein jour,Hors agglomération,Hors intersection,Temps couvert,Autre collision,4,-1,1,0,2,1,1,9,4,20,,3,2,0,0,1,78.0,,,,1,1,1,8,6
202100021777,2021-08-29 17:30:00,2021,8,29,17,30,52,52121,REPUBLIQUE (AVENUE),48.10176,5.14457,Plein jour,En agglomération,Hors intersection,Normale,Deux véhicules - côté,3,2,1,0,1,1,1,0,1,50,,2,1,0,1,0,65.0,,,,1,2,1,1,3
202100021778,2021-08-25 18:30:00,2021,8,25,18,30,52,52121,HUGO (AVENUE VICTOR),48.10489,5.13608,Plein jour,En agglomération,Hors intersection,Normale,Deux véhicules - côté,4,2,1,0,1,1,1,0,1,50,,3,2,0,0,1,62.0,20.0,,,1,2,1,1,3
202100021779,2021-08-27 15:50:00,2021,8,27,15,50,50,50129,ROULE (RUE PROLONGEE DU),49.62641,-1.6202,Plein jour,En agglomération,Hors intersection,Normale,Deux véhicules - frontale,4,2,1,0,2,3,1,0,1,50,,4,2,0,0,2,31.0,21.0,,,1,2,1,1,1
202100021780,2021-08-29 11:50:00,2021,8,29,11,50,50,50602,PENESME (ROND POINT),49.6361,-1.57612,Plein jour,En agglomération,Giratoire,Normale,Deux véhicules - côté,2,1,1,0,1,2,1,5,1,50,,3,2,0,0,1,41.0,36.0,,,1,2,6,1,3
202100021781,2021-08-28 15:53:00,2021,8,28,15,53,49,49328,CADRE NOIR (PONT DU) bretelle,47.26505,-0.09246,Plein jour,En agglomération,Hors intersection,Normale,Sans collision,3,1,1,0,2,3,1,3,1,50,,1,0,0,0,1,23.0,,,,1,2,1,1,7
202100021782,2021-08-30 19:15:00,2021,8,30,19,15,49,49007,CARNOT,47.47466,-0.54764,Plein jour,En agglomération,Hors intersection,Normale,Autre collision,4,2,4,0,1,1,1,0,1,50,,1,0,0,0,1,19.0,,,,1,2,1,1,6
202100021783,2021-08-27 17:33:00,2021,8,27,17,33,49,49007,CHURCHILL AVENUE ET SQUARE,47.448,-0.5657,Plein jour,En agglomération,Hors intersection,Normale,Autre collision,4,2,2,0,1,1,1,0,4,50,,2,1,0,0,1,31.0,,,,1,2,1,1,6
202100021784,2021-08-30 19:15:00,2021,8,30,19,15,45,45068,Rue Roger Salengro,48.0142927816,2.7171494362,Plein jour,En agglomération,Intersection en T,Normale,Deux véhicules - arrière,3,2,2,0,1,1,1,0,1,50,,2,1,0,0,1,50.0,,,,1,2,3,1,2
202100021785,2021-08-25 23:00:00,2021,8,25,23,0,42,42218,Boulevard Pierre Mendès-France,45.43435,4.37963,Nuit avec éclairage allumé,En agglomération,Intersection en X,Normale,Deux véhicules - côté,4,3,4,0,1,1,1,5,1,50,,2,0,0,0,2,35.0,32.0,,,5,2,2,1,3
202100021786,2021-08-30 17:00:00,2021,8,30,17,0,38,38185,RUE ABBÉ GRÉGOIRE,45.19269,5.73735,Plein jour,En agglomération,Intersection en T,Normale,Deux véhicules - côté,7,1,1,0,1,1,1,0,1,30,,2,1,0,0,1,37.0,36.0,,,1,2,3,1,3
202100021787,2021-08-30 18:35:00,2021,8,30,18,35,35,35238,RN 12,48.125699,-1.722986,Plein jour,Hors agglomération,Hors intersection,Normale,Deux véhicules - arrière,2,2,4,0,1,1,1,0,1,90,,3,1,0,0,2,41.0,40.0,,,1,1,1,1,2
202100021788,2021-08-30 08:30:00,2021,8,30,8,30,33,33162,Rue André Blanc,44.88028,-0.6408,Plein jour,En agglomération,Hors intersection,Normale,Deux véhicules - côté,4,-1,2,1,1,1,1,0,1,50,,2,1,0,0,1,35.0,38.0,,,1,2,1,1,3
202100021789,2021-08-30 09:00:00,2021,8,30,9,0,33,33009,GAUTIER (AVE THEOPHILE) DU 02 ET +,44.64607,-1.19049,Plein jour,En agglomération,Giratoire,Normale,Deux véhicules - arrière,4,-1,2,0,1,1,1,0,1,50,,2,1,0,0,1,48.0,62.0,,,1,2,6,1,2
202100021790,2021-08-29 14:20:00,2021,8,29,14,20,29,29019,14 Rue de Guilers,48.3854116727,-4.5071469599,Plein jour,En agglomération,Hors intersection,Normale,Deux véhicules - côté,4,2,2,0,2,1,1,0,1,30,,2,1,0,0,1,24.0,36.0,,,1,2,1,1,3
202100021791,2021-08-30 13:46:00,2021,8,30,13,46,28,28218,POIFFONDS (RUE DE),48.4437,1.45088,Plein jour,En agglomération,Intersection en T,Normale,Autre collision,9,-1,1,0,1,3,1,5,8,50,,1,0,0,1,0,32.0,,,,1,2,3,1,6
202100021792,2021-08-30 14:05:00,2021,8,30,14,5,27,27234,RN 154,49.03589,1.1866,Plein jour,Hors agglomération,Hors intersection,Normale,Sans collision,2,1,2,0,1,1,1,0,1,110,,3,0,0,0,3,20.0,,,,1,1,1,1,7
202100021793,2021-08-29 19:50:00,2021,8,29,19,50,18,18033,LATTRE DE TASSIGNY (AVENUE DU MARECHAL D,47.1,2.41,Plein jour,En agglomération,Hors intersection,Normale,Autre collision,6,2,0,0,1,1,1,0,8,30,,2,1,1,0,0,25.0,,,,1,2,1,1,6
202100021794,2021-08-30 22:10:00,2021,8,30,22,10,17,17300,THIERS   RUE,46.161017,-1.146193,Nuit avec éclairage allumé,En agglomération,Intersection en X,Normale,Deux véhicules - côté,4,1,1,0,1,1,1,0,1,50,,2,1,0,0,1,25.0,55.0,,,5,2,2,1,3
202100021795,2021-08-30 14:08:00,2021,8,30,14,8,17,17300,SARTRE   AVENUE JEAN-PAUL,46.15642,-1.12781,Plein jour,En agglomération,Hors intersection,Normale,Trois véhicules et plus - en chaîne,4,2,3,0,1,1,1,0,1,50,,7,4,0,0,3,22.0,26.0,,,1,2,1,1,4
202100021796,2021-08-26 17:15:00,2021,8,26,17,15,09,09013,20 (R.N.) COTE NORD DU TUNNEL,42.976756,1.622334,Plein jour,Hors agglomération,Hors intersection,Normale,Trois véhicules et plus - collisions multiples,2,3,2,0,1,1,1,1,1,70,,5,0,0,0,5,46.0,35.0,,,1,1,1,1,5
202100021797,2021-08-27 15:00:00,2021,8,27,15,0,05,05061,COMMANDANT DUMONT ( AVENUE),44.5626788952,6.0839626862,Plein jour,En agglomération,Hors intersection,Normale,Autre collision,2,2,3,0,2,1,1,0,1,50,,2,1,0,1,0,6.0,21.0,,,1,2,1,1,6
202100021798,2021-08-30 06:30:00,2021,8,30,6,30,75,75114,PORTE D ORLEANS,48.820099,2.325741,Plein jour,En agglomération,Hors intersection,Normale,Trois véhicules et plus - en chaîne,4,1,3,0,1,1,1,0,1,70,,4,3,0,0,1,39.0,29.0,,,1,2,1,1,4
202100021799,2021-08-30 04:30:00,2021,8,30,4,30,75,75114,PORTE BRANCION,48.824936,2.303477,Nuit avec éclairage allumé,En agglomération,Intersection en Y,Normale,Deux véhicules - arrière,4,1,3,0,1,1,1,1,1,70,,2,1,0,0,1,29.0,,,,5,2,4,1,2
202100021800,2021-08-29 23:15:00,2021,8,29,23,15,75,75108,BOULEVARD DES BATIGNOLLES,48.882988,2.324107,Nuit avec éclairage allumé,En agglomération,Intersection en X,Normale,Trois véhicules et plus - collisions multiples,4,2,1,0,1,1,1,9,1,50,,9,4,0,0,5,29.0,26.0,,,5,2,2,1,5
202100021801,2021-08-30 13:15:00,2021,8,30,13,15,75,75106,RUE DE VAUGIRARD,48.848238,2.33104,Plein jour,En agglomération,Intersection en X,Normale,Deux véhicules - côté,4,2,2,0,1,1,1,0,1,30,,2,1,0,0,1,72.0,27.0,,,1,2,2,1,3
202100021802,2021-08-30 19:15:00,2021,8,30,19,15,75,75120,BOULEVARD PERIPHERIQUE,48.872376,2.412504,Plein jour,En agglomération,Hors intersection,Normale,Deux véhicules - arrière,4,1,4,0,1,1,1,0,1,70,,3,2,0,0,1,28.0,60.0,,,1,2,1,1,2
202100021803,2021-08-30 14:50:00,2021,8,30,14,50,75,75119,QUAI DE L OISE,48.888992,2.380106,Plein jour,En agglomération,Intersection en X,Normale,Autre collision,4,1,1,0,1,1,1,0,1,50,,2,1,0,0,1,31.0,,,,1,2,2,1,6
202100021804,2021-08-30 06:45:00,2021,8,30,6,45,75,75118,RUE D AUBERVILLIERS,48.897741,2.370544,Crépuscule ou aube,En agglomération,Hors intersection,Normale,Deux véhicules - côté,4,1,3,2,1,1,1,0,5,20,,2,1,0,0,1,20.0,49.0,,,2,2,1,1,3
202100021805,2021-08-30 18:00:00,2021,8,30,18,0,75,75115,RUE PEGOUD,48.834555,2.266963,Plein jour,En agglomération,Intersection en X,Normale,Deux véhicules - côté,4,1,0,0,1,1,1,0,1,50,,2,1,0,0,1,43.0,34.0,,,1,2,2,1,3
202100021806,2021-08-30 08:35:00,2021,8,30,8,35,75,75115,BOULEVARD DES FRERES VOISIN,48.827938,2.271185,Plein jour,En agglomération,Hors intersection,Normale,Autre collision,4,1,2,0,1,1,1,0,1,30,,1,0,0,0,1,34.0,,,,1,2,1,1,6
202100021807,2021-08-28 23:15:00,2021,8,28,23,15,75,75113,QUAI DE LA GARE,48.83735,2.373883,Nuit avec éclairage allumé,En agglomération,Intersection en X,Normale,Deux véhicules - frontale,4,2,6,1,1,1,1,0,5,30,,2,1,0,0,1,,27.0,,,5,2,2,1,1
202100021808,2021-08-28 23:50:00,2021,8,28,23,50,75,75112,QUAI DE BERCY,48.82644,2.390669,Nuit avec éclairage allumé,En agglomération,Intersection en Y,Normale,Deux véhicules - arrière,4,1,2,0,1,2,1,0,1,50,,3,2,0,0,1,21.0,21.0,,,5,2,4,1,2
202100021809,2021-08-30 19:15:00,2021,8,30,19,15,75,75118,RUE DE LA CHAPELLE,48.89852,2.35936,Crépuscule ou aube,En agglomération,Intersection en X,Normale,Deux véhicules - côté,4,2,5,3,1,1,1,0,1,30,,4,1,0,0,3,24.0,31.0,,,2,2,2,1,3
202100021810,2021-08-30 16:00:00,2021,8,30,16,0,75,75108,RUE DE LA PEPINIERE,48.87513,2.322949,Plein jour,En agglomération,Intersection en X,Normale,Deux véhicules - côté,4,1,2,1,1,1,1,0,1,30,,2,1,0,0,1,46.0,23.0,,,1,2,2,1,3
202100021811,2021-08-30 13:30:00,2021,8,30,13,30,75,75108,AVENUE DE WAGRAM,48.87511,2.296042,Plein jour,En agglomération,Intersection en X,Temps couvert,Autre collision,4,-1,2,3,1,1,1,9,1,30,,2,1,0,0,1,,,,,1,2,2,8,6
202100021812,2021-08-30 13:00:00,2021,8,30,13,0,94,94081,PAUL VAILLANT COUTURIER (AV),48.79845,2.40013,Plein jour,En agglomération,Hors intersection,Normale,Autre collision,3,2,2,0,1,1,1,0,1,50,,2,1,0,0,1,34.0,,,,1,2,1,1,6
202100021813,2021-08-29 22:25:00,2021,8,29,22,25,94,94081,Quai Jules Guesde,48.80773,2.40767,Nuit avec éclairage allumé,En agglomération,Hors intersection,Normale,Deux véhicules - côté,3,3,2,0,1,1,1,0,1,50,,4,3,0,0,1,27.0,22.0,,,5,2,1,1,3
202100021814,2021-08-26 14:10:00,2021,8,26,14,10,94,94068,Quai de Champignol,48.809164,2.513482,Plein jour,En agglomération,Hors intersection,Normale,Autre collision,4,2,1,1,1,1,1,6,5,30,,1,0,0,0,1,53.0,,,,1,2,1,1,6
202100021815,2021-08-30 22:15:00,2021,8,30,22,15,94,94003,FRANCOIS VINCENT RASPAIL (AV),48.80795,2.34173,Nuit avec éclairage allumé,En agglomération,Hors intersection,Normale,Deux véhicules - côté,3,2,2,1,1,1,1,0,1,50,,4,2,0,0,2,58.0,22.0,,,5,2,1,1,3
202100021816,2021-08-29 21:35:00,2021,8,29,21,35,94,94003,Rue Ernest Renan,48.80939,2.33543,Nuit avec éclairage allumé,En agglomération,Hors intersection,Normale,Autre collision,4,1,1,1,1,1,1,0,1,50,,1,0,0,1,0,51.0,,,,5,2,1,1,6
202100021817,2021-08-30 00:15:00,2021,8,30,0,15,94,94002,Rue Emile Zola,48.7999,2.42712,Nuit avec éclairage allumé,En agglomération,Intersection en X,Normale,Autre collision,3,3,1,0,1,3,1,0,4,50,,3,0,0,0,3,19.0,,,,5,2,2,1,6
202100021818,2021-08-30 16:30:00,2021,8,30,16,30,93,93078,MONTCALM (AVENUE),48.9525,2.535,Plein jour,En agglomération,Intersection en X,Normale,Deux véhicules - côté,4,2,2,0,1,1,1,5,1,50,,3,1,0,0,2,45.0,23.0,,,1,2,2,1,3
202100021819,2021-08-29 05:30:00,2021,8,29,5,30,93,93066,Avenue Lénine,48.946066,2.358964,Nuit avec éclairage allumé,En agglomération,Hors intersection,Normale,Autre collision,3,2,2,0,2,1,1,0,1,50,,2,1,0,0,1,46.0,,,,5,2,1,1,6
202100021820,2021-08-30 11:00:00,2021,8,30,11,0,93,93064,QUATRIEME ZOUAVES (RUE DU),48.8733010746,2.4811720848,Plein jour,En agglomération,Hors intersection,Normale,Deux véhicules - côté,3,2,2,0,1,1,1,0,1,50,,2,1,0,0,1,59.0,48.0,,,1,2,1,1,3
202100021821,2021-08-30 08:30:00,2021,8,30,8,30,93,93077,Allee des 2 Communes,48.88947,2.49042,Plein jour,En agglomération,Hors intersection,Normale,Deux véhicules - frontale,4,2,2,0,1,1,1,0,1,50,,2,1,0,0,1,38.0,55.0,,,1,2,1,1,1
202100021822,2021-08-28 12:55:00,2021,8,28,12,55,93,93032,PAUL VAILLANT COUTURIER (RUE),48.86601,2.5633,Plein jour,En agglomération,Hors intersection,Normale,Deux véhicules - côté,3,1,2,0,1,1,1,0,1,50,,2,1,0,0,1,24.0,34.0,,,1,2,1,1,3
202100021823,2021-08-30 15:10:00,2021,8,30,15,10,92,92073,ROUSSEAU (RUE JEAN-JACQUES),48.864438,2.220543,Plein jour,En agglomération,Hors intersection,Normale,Sans collision,4,2,2,0,2,1,1,0,1,50,,1,0,0,0,1,18.0,,,,1,2,1,1,7
202100021824,2021-08-29 00:10:00,2021,8,29,0,10,92,92036,PIERRE DE COUBERTIN PROLONGE,48.9343125398,2.2811490297,Nuit avec éclairage allumé,En agglomération,Intersection en X,Normale,Deux véhicules - côté,1,2,5,0,1,1,1,3,1,50,,2,1,0,0,1,21.0,19.0,,,5,2,2,1,3
202100021825,2021-08-30 02:52:00,2021,8,30,2,52,92,92012,PONT DE BILLANCOURT (PLACE DU),48.8253632915,2.2484198426,Nuit avec éclairage allumé,En agglomération,Place,Normale,Sans collision,3,1,2,0,1,2,1,9,1,50,,1,0,0,0,1,18.0,,,,5,2,7,1,7
202100021826,2021-08-30 16:50:00,2021,8,30,16,50,92,92009,ARGENTEUIL AV D',48.9211071017,2.2783935046,Plein jour,En agglomération,Intersection en T,Normale,Autre collision,3,2,3,0,1,1,1,0,1,50,,2,1,0,0,1,24.0,,,,1,2,3,1,6
202100021827,2021-08-25 15:55:00,2021,8,25,15,55,92,92004,PONT DE CLICHY,48.9110380514,2.2988650203,Plein jour,En agglomération,Intersection en X,Normale,Deux véhicules - côté,3,1,3,0,1,1,1,0,1,50,,3,1,0,0,2,39.0,70.0,,,1,2,2,1,3
202100021828,2021-08-19 20:10:00,2021,8,19,20,10,92,92036,PIERRE DE COUBERTIN  ( BD ),48.93031,2.28462,Crépuscule ou aube,En agglomération,Hors intersection,Normale,Deux véhicules - côté,3,2,0,0,1,1,1,0,1,50,,2,1,0,0,1,,19.0,,,2,2,1,1,3
202100021829,2021-08-30 21:30:00,2021,8,30,21,30,26,26031,D540,44.554852,4.853994,Nuit sans éclairage public,Hors agglomération,Hors intersection,Normale,Autre collision,3,-1,2,0,1,1,1,0,1,80,,1,0,0,0,1,19.0,,,,3,1,1,1,6
202100021830,2021-08-29 13:15:00,2021,8,29,13,15,38,38157,Chez Meunier,45.507954,4.926654,Plein jour,Hors agglomération,Hors intersection,Normale,Deux véhicules - côté,3,2,2,0,2,1,1,0,1,70,,3,1,0,1,1,36.0,23.0,,,1,1,1,1,3
202100021831,2021-08-29 10:00:00,2021,8,29,10,0,988,98812,"Lieu-dit ""Les 3 creek""",-20.464872,164.331763,Plein jour,En agglomération,Hors intersection,Normale,Autre collision,3,2,2,0,3,2,1,0,3,90,,1,0,0,0,1,35.0,,,,1,2,1,1,6
202100021832,2021-08-30 13:50:00,2021,8,30,13,50,26,26324,Autoroute A7,44.337453,4.73793,Plein jour,Hors agglomération,Hors intersection,Normale,Autre collision,1,3,5,0,1,1,1,0,1,130,,1,0,0,0,1,62.0,,,,1,1,1,1,6
202100021833,2021-08-30 12:40:00,2021,8,30,12,40,71,71170,A6,46.8890655035,4.8209358912,Plein jour,Hors agglomération,Hors intersection,Normale,Deux véhicules - côté,1,3,5,0,1,1,1,0,1,130,,2,1,0,0,1,43.0,32.0,,,1,1,1,1,3
202100021834,2021-08-30 18:30:00,2021,8,30,18,30,01,01091,Avenue Maréchal Leclerc,46.116498,5.809536,Plein jour,En agglomération,Intersection en X,Normale,Deux véhicules - côté,3,2,2,0,1,1,1,0,1,50,,2,1,0,0,1,15.0,53.0,,,1,2,2,1,3
202100021835,2021-08-30 18:05:00,2021,8,30,18,5,68,68032,Rue Principale,47.847907,7.216907,Plein jour,En agglomération,Intersection en X,Normale,Deux véhicules - frontale,3,2,2,0,1,1,1,0,1,50,,2,1,0,1,0,16.0,19.0,,,1,2,2,1,1
202100021836,2021-08-31 13:20:00,2021,8,31,13,20,60,60176,Route de Compiegne,49.238951578,2.8882092078,Plein jour,En agglomération,Autre intersection,Normale,Deux véhicules - côté,3,2,2,0,2,4,1,0,1,50,,2,1,0,0,1,61.0,48.0,,,1,2,9,1,3
202100021837,2021-08-31 08:30:00,2021,8,31,8,30,87,87107,La Poitevine,45.936408,1.186459,Plein jour,Hors agglomération,Intersection en X,Normale,Deux véhicules - côté,2,2,2,0,4,1,1,5,1,70,,2,1,1,0,0,38.0,61.0,,,1,1,2,1,3
202100021838,2021-08-29 09:15:00,2021,8,29,9,15,56,56053,N166,47.758959,-2.54149,Plein jour,Hors agglomération,Hors intersection,Normale,Deux véhicules - arrière,2,3,4,0,1,2,1,0,1,110,,2,1,0,0,1,20.0,37.0,,,1,1,1,1,2
202100021839,2021-08-27 21:40:00,2021,8,27,21,40,67,67066,D1420,48.436618,7.183299,Nuit sans éclairage public,Hors agglomération,Hors intersection,Normale,Autre collision,3,2,2,0,1,1,1,0,1,80,,1,0,0,1,0,17.0,,,,3,1,1,1,6
202100021840,2021-08-31 09:13:00,2021,8,31,9,13,76,76328,D151,49.650709,1.179142,Plein jour,Hors agglomération,Hors intersection,Normale,Autre collision,3,2,2,0,1,1,1,0,3,80,,1,0,0,1,0,20.0,,,,1,1,1,1,6
202100021841,2021-08-31 16:30:00,2021,8,31,16,30,80,80295,D1,49.941458,2.68899,Plein jour,Hors agglomération,Intersection en X,Normale,Deux véhicules - côté,3,2,2,0,1,2,1,0,1,80,,2,0,0,0,2,80.0,41.0,,,1,1,2,1,3
202100021842,2021-08-29 18:45:00,2021,8,29,18,45,65,65258,Route d Escala,43.104588,0.406693,Plein jour,Hors agglomération,Hors intersection,Normale,Autre collision,3,2,2,0,1,1,1,0,1,80,,1,0,0,0,1,20.0,,,,1,1,1,1,6
202100021843,2021-08-31 12:05:00,2021,8,31,12,5,81,81037,Route de Brassac,43.629226,2.485566,Plein jour,En agglomération,Intersection en Y,Temps éblouissant,Deux véhicules - côté,3,2,2,0,2,1,1,0,1,50,,2,1,0,1,0,44.0,59.0,,,1,2,4,7,3
202100021844,2021-08-31 10:45:00,2021,8,31,10,45,11,11220,RD 610,43.204894,2.568655,Plein jour,Hors agglomération,Hors intersection,Normale,Autre collision,3,2,2,0,1,1,1,0,3,80,,1,0,1,0,0,61.0,,,,1,1,1,1,6
202100021845,2021-08-30 14:22:00,2021,8,30,14,22,71,71218,Grands Moulins,46.311176,4.357377,Plein jour,Hors agglomération,Hors intersection,Normale,Deux véhicules - frontale,3,3,2,0,4,4,1,2,1,80,,3,0,0,1,2,59.0,41.0,,,1,1,1,1,1
202100021846,2021-08-29 16:00:00,2021,8,29,16,0,61,61278,Rue Surville,48.707559,-0.533636,Plein jour,En agglomération,Hors intersection,Normale,Deux véhicules - côté,3,2,2,0,1,1,1,0,1,50,,2,1,0,1,0,50.0,63.0,,,1,2,1,1,3
202100021847,2021-08-31 07:45:00,2021,8,31,7,45,49,49214,rue claude monet,47.539332,-0.618153,Plein jour,En agglomération,Intersection en X,Normale,Sans collision,4,2,2,0,2,1,1,0,1,30,,1,0,0,0,1,40.0,,,,1,2,2,1,7
202100021848,2021-08-30 20:50:00,2021,8,30,20,50,49,49067,RD 191,47.655878,-0.659909,Crépuscule ou aube,Hors agglomération,Hors intersection,Normale,Deux véhicules - frontale,3,2,2,0,2,4,1,0,1,80,,3,2,0,0,1,48.0,35.0,,,2,1,1,1,1
202100021849,2021-08-28 09:15:00,2021,8,28,9,15,49,49323,D323,47.50804,-0.472284,Plein jour,Hors agglomération,Hors intersection,Normale,Deux véhicules - côté,3,1,2,0,1,1,1,3,5,90,,2,1,0,1,0,23.0,64.0,,,1,1,1,1,3
202100021850,2021-08-29 13:40:00,2021,8,29,13,40,12,12156,D921,44.635498,2.830954,Plein jour,Hors agglomération,Hors intersection,Normale,Autre collision,3,2,2,0,1,3,1,0,3,90,,1,0,0,1,0,22.0,,,,1,1,1,1,6
202100021851,2021-08-29 19:30:00,2021,8,29,19,30,41,41053,Route Départementale 106,47.985674,0.922514,Plein jour,Hors agglomération,Intersection en X,Normale,Deux véhicules - arrière,3,2,2,0,1,1,1,0,1,80,,2,1,0,0,1,33.0,44.0,,,1,1,2,1,2
202100021852,2021-08-27 11:55:00,2021,8,27,11,55,41,41092,D7,47.458679,1.328573,Plein jour,Hors agglomération,Hors intersection,Normale,Sans collision,3,2,2,0,1,3,8,0,3,-1,,1,0,0,1,0,45.0,,,,1,1,1,1,7
202100021853,2021-08-29 11:40:00,2021,8,29,11,40,34,34010,D32,43.670914,3.569763,Plein jour,Hors agglomération,Intersection en X,Normale,Deux véhicules - frontale,3,2,2,0,1,1,1,0,1,80,,2,1,0,1,0,66.0,42.0,,,1,1,2,1,1
202100021854,2021-08-30 17:10:00,2021,8,30,17,10,39,39288,,46.713938,5.588971,Plein jour,Hors agglomération,Hors intersection,Normale,Sans collision,3,2,2,0,2,2,1,0,3,80,,1,0,0,1,0,23.0,,,,1,1,1,1,7
202100021855,2021-08-29 11:40:00,2021,8,29,11,40,44,44069,route de Mesquer,47.34114,-2.438094,Plein jour,Hors agglomération,Hors intersection,Normale,Autre collision,3,2,2,0,1,4,1,0,3,70,,2,1,0,1,0,20.0,,,,1,1,1,1,6
202100021856,2021-08-20 10:05:00,2021,8,20,10,5,29,29003,Quai Jean Jaurès,48.020968,-4.537075,Plein jour,En agglomération,Hors intersection,Normale,Autre collision,4,2,2,0,1,1,1,0,1,50,,2,1,0,0,1,,,,,1,2,1,1,6
202100021857,2021-08-31 08:00:00,2021,8,31,8,0,31,31345,Route des Pyrénées,43.370363,1.418347,Plein jour,En agglomération,Giratoire,Normale,Autre collision,3,2,2,0,1,3,1,5,1,50,,1,0,0,0,1,23.0,,,,1,2,6,1,6
202100021858,2021-08-31 07:30:00,2021,8,31,7,30,38,38180,D119,45.360649,5.306654,Plein jour,Hors agglomération,Hors intersection,Normale,Deux véhicules - arrière,3,3,2,0,1,1,1,0,1,110,,3,2,0,1,0,25.0,38.0,,,1,1,1,1,2
202100021859,2021-08-31 14:40:00,2021,8,31,14,40,02,02483,D57,49.792392,3.367379,Plein jour,Hors agglomération,Hors intersection,Normale,Deux véhicules - côté,3,2,2,0,2,2,1,0,1,80,,6,0,1,3,2,42.0,20.0,,,1,1,1,1,3
202100021860,2021-08-18 13:33:00,2021,8,18,13,33,03,03161,D1089,46.171462,2.633323,Plein jour,Hors agglomération,Hors intersection,Normale,Sans collision,3,2,2,0,2,2,1,0,3,90,,1,0,0,1,0,54.0,,,,1,1,1,1,7
202100021861,2021-08-31 05:15:00,2021,8,31,5,15,85,85208,"RD763, point routier 31+100",46.836211,-1.419961,Nuit sans éclairage public,Hors agglomération,Hors intersection,Normale,Deux véhicules - frontale,3,2,2,0,1,1,1,0,1,90,,5,0,0,1,4,34.0,39.0,,,3,1,1,1,1
202100021862,2021-08-29 11:00:00,2021,8,29,11,0,66,66148,70 Boulevard des Evades de France,42.518659,3.101578,Plein jour,En agglomération,Hors intersection,Normale,Autre collision,4,2,2,0,1,3,1,0,1,30,,2,1,0,0,1,77.0,,,,1,2,1,1,6
202100021863,2021-08-31 12:00:00,2021,8,31,12,0,50,50481,Rue des Mezières,49.227379,-1.576007,Plein jour,Hors agglomération,Hors intersection,Normale,Deux véhicules - frontale,4,2,2,0,1,3,9,0,1,-1,,2,1,0,1,0,24.0,38.0,,,1,1,1,1,1