accident_id,datetime,annee,mois,jour,heure,minute,departement,commune_insee,adresse,latitude,longitude,luminosite,agglomeration,intersection,meteo,collision,catr,circ,nbv,vosp,prof,plan,surf,infra,situ,vma,nb_vehicules,nb_usagers,nb_indemnes,nb_tues,nb_blesses_hosp,nb_blesses_legers,age_cond_1,age_cond_2,veh_type_cond_1,veh_type_cond_2,lum_code,agg_code,int_code,atm_code,col_code
202100021864,2021-08-30 11:15:00,2021,8,30,11,15,83,83007,RD 557,43.619138,6.222821,Plein jour,En agglomération,Hors intersection,Normale,Deux véhicules - arrière,3,2,2,0,1,1,1,0,1,50,,2,1,0,1,0,49.0,28.0,,,1,2,1,1,2
202100021865,2021-08-31 16:40:00,2021,8,31,16,40,83,83012,D554,43.566283,6.011807,Plein jour,En agglomération,Giratoire,Normale,Autre collision,3,2,2,0,1,3,1,5,8,50,,1,0,0,0,1,74.0,,,,1,2,6,1,6
202100021866,2021-08-30 19:15:00,2021,8,30,19,15,18,18226,D33,47.128695,2.463813,Plein jour,Hors agglomération,Hors intersection,Normale,Deux véhicules - côté,3,2,2,0,1,1,1,0,1,80,,2,1,0,1,0,77.0,17.0,,,1,1,1,1,3
202100021867,2021-08-31 07:45:00,2021,8,31,7,45,53,53132,Les Reutaux,48.419475,-0.892301,Plein jour,Hors agglomération,Intersection en T,Normale,Deux véhicules - côté,3,2,2,0,1,1,1,0,1,80,,2,1,0,1,0,53.0,29.0,,,1,1,3,1,3
202100021868,2021-08-31 14:25:00,2021,8,31,14,25,27,27407,D14b,49.308973,1.467361,Plein jour,Hors agglomération,Intersection en X,Normale,Deux véhicules - frontale,3,2,2,0,1,1,1,0,1,-1,,3,0,0,1,2,38.0,59.0,,,1,1,2,1,1
202100021869,2021-08-31 18:30:00,2021,8,31,18,30,27,27125,Intersection RD137 - Rue Abbé Borie,49.176913,0.763614,Plein jour,Hors agglomération,Intersection en X,Normale,Deux véhicules - côté,3,2,2,0,1,1,1,0,1,80,,3,0,1,0,2,30.0,36.0,,,1,1,2,1,3
202100021870,2021-08-31 19:50:00,2021,8,31,19,50,30,30276,D979,43.627887,4.191332,Crépuscule ou aube,Hors agglomération,Giratoire,Normale,Deux véhicules - arrière,3,3,4,0,1,2,1,0,1,90,,4,3,0,1,0,30.0,55.0,,,2,1,6,1,2
202100021871,2021-06-26 04:15:00,2021,6,26,4,15,30,30006,Place Albert Fontanieu,43.684989,4.209502,Nuit sans éclairage public,En agglomération,Place,Normale,Autre collision,4,1,2,0,1,2,1,0,1,50,,1,0,0,0,1,34.0,,,,3,2,7,1,6
202100021872,2021-08-29 07:28:00,2021,8,29,7,28,30,30182,RD 999 PK 40+150,43.859542,4.168485,Plein jour,Hors agglomération,Hors intersection,Normale,Sans collision,3,2,2,0,1,2,1,0,3,80,,3,1,0,1,1,25.0,,,,1,1,1,1,7
202100021873,2021-08-31 12:00:00,2021,8,31,12,0,78,78233,Route Nationale 307,48.871363,1.957862,Plein jour,Hors agglomération,Intersection en T,Normale,Trois véhicules et plus - collisions multiples,3,2,2,0,1,1,1,0,1,80,,3,2,0,1,0,28.0,54.0,,,1,1,3,1,5
202100021874,2021-08-31 12:55:00,2021,8,31,12,55,973,97309,Route de la Matourienne,4.88417,-52.290051,Plein jour,Hors agglomération,Hors intersection,Normale,Deux véhicules - frontale,3,2,2,0,1,1,1,0,1,80,,5,2,0,0,3,29.0,25.0,,,1,1,1,1,1
202100021875,2021-08-27 23:00:00,2021,8,27,23,0,30,30034,A54 PK 12+800,43.733809,4.468474,Nuit sans éclairage public,Hors agglomération,Hors intersection,Normale,Autre collision,1,3,3,0,1,1,1,0,3,130,,1,0,0,1,0,54.0,,,,3,1,1,1,6
202100021876,2021-08-29 18:00:00,2021,8,29,18,0,971,97103,Rue Bernard Vaitilingon,16.236277,-61.604859,Plein jour,En agglomération,Hors intersection,Normale,Deux véhicules - côté,4,2,2,0,1,1,1,0,1,50,,2,0,0,1,1,16.0,46.0,,,1,2,1,1,3
202100021877,2021-08-30 15:50:00,2021,8,30,15,50,974,97415,Rue du Général de Gaulle,-21.05217,55.227995,Plein jour,En agglomération,Intersection en T,Normale,Deux véhicules - côté,2,2,2,0,1,1,1,0,1,50,,2,1,0,1,0,64.0,54.0,,,1,2,3,1,3
202100021878,2021-08-29 18:30:00,2021,8,29,18,30,971,97118,Chemin de fontarabie,16.197717,-61.622829,Nuit sans éclairage public,Hors agglomération,Hors intersection,Normale,Deux véhicules - frontale,9,2,2,0,1,3,1,0,1,30,,3,1,0,1,1,58.0,32.0,,,3,1,1,1,1
202100021879,2021-08-31 08:50:00,2021,8,31,8,50,45,45077,D37-PR 3 + 50,47.851708,2.854396,Plein jour,Hors agglomération,Hors intersection,Normale,Autre collision,3,2,2,0,1,2,1,0,3,80,,1,0,1,0,0,68.0,,,,1,1,1,1,6
202100021880,2021-08-31 14:25:00,2021,8,31,14,25,45,45082,4 Avenue du Gatinais,47.869334,2.223047,Plein jour,En agglomération,Intersection en T,Normale,Autre collision,3,2,2,0,1,1,1,0,1,50,,2,1,0,1,0,72.0,,,,1,2,3,1,6
202100021881,2021-08-31 04:45:00,2021,8,31,4,45,66,66133,Route de Sorede,42.563697,2.96355,Nuit avec éclairage allumé,En agglomération,Hors intersection,Normale,Autre collision,3,2,2,0,1,1,1,0,1,50,,2,1,0,1,0,37.0,,,,5,2,1,1,6
202100021882,2021-08-27 19:10:00,2021,8,27,19,10,84,84026,D973 / Rue Font de l Aube,43.734604,5.366829,Plein jour,En agglomération,Intersection en T,Normale,Deux véhicules - côté,3,2,2,0,1,1,1,0,1,50,,2,1,0,1,0,64.0,71.0,,,1,2,3,1,3
202100021883,2021-08-31 08:00:00,2021,8,31,8,0,83,83104,Avenue du Réal des Andrieux,43.607874,5.763853,Plein jour,En agglomération,Hors intersection,Normale,Autre collision,3,2,2,0,1,1,1,5,3,30,,1,0,0,1,0,15.0,,,,1,2,1,1,6
202100021884,2021-08-30 08:20:00,2021,8,30,8,20,67,67520,D1004,48.646832,7.438388,Crépuscule ou aube,Hors agglomération,Hors intersection,Temps couvert,Sans collision,3,2,2,0,1,1,1,0,8,80,,1,0,0,1,0,31.0,,,,2,1,1,8,7
202100021885,2021-08-31 18:23:00,2021,8,31,18,23,55,55025,D947,49.491497,5.234417,Plein jour,Hors agglomération,Hors intersection,Normale,Autre collision,3,2,2,0,1,1,1,0,1,80,,1,0,0,0,1,20.0,,,,1,1,1,1,6
202100021886,2021-08-30 05:30:00,2021,8,30,5,30,74,74116,Rte départementale 1203,46.072553,6.2883,Nuit sans éclairage public,Hors agglomération,Autre intersection,Normale,Autre collision,3,3,1,0,1,1,1,0,1,80,,3,1,0,1,1,54.0,46.0,,,3,1,9,1,6
202100021887,2021-08-30 18:00:00,2021,8,30,18,0,17,17219,Route de Bourcefranc,45.830982,-1.115026,Plein jour,Hors agglomération,Intersection en X,Normale,Deux véhicules - côté,3,3,2,0,1,1,1,5,1,80,,3,2,0,1,0,71.0,31.0,,,1,1,2,1,3
202100021888,2021-08-30 15:40:00,2021,8,30,15,40,17,17058,D26,45.847255,-1.170452,Plein jour,Hors agglomération,Hors intersection,Normale,Deux véhicules - frontale,3,2,2,0,1,1,1,2,1,70,,4,1,0,3,0,36.0,20.0,,,1,1,1,1,1
202100021889,2021-08-31 15:30:00,2021,8,31,15,30,17,17161,7 rue des marais,46.184344,-1.314043,Plein jour,En agglomération,Hors intersection,Normale,Deux véhicules - frontale,4,2,2,2,2,3,1,9,1,30,,2,1,0,1,0,76.0,51.0,,,1,2,1,1,1
202100021890,2021-08-30 16:20:00,2021,8,30,16,20,33,33448,,44.715098,-0.503907,Plein jour,En agglomération,Hors intersection,Normale,Sans collision,3,2,2,0,1,1,1,0,3,50,,1,0,0,1,0,15.0,,,,1,2,1,1,7
202100021891,2021-08-17 00:11:00,2021,8,17,0,11,13,13117,A7-Sens Marseille vers Lyon,43.432074,5.257873,Nuit sans éclairage public,Hors agglomération,Hors intersection,Normale,Deux véhicules - côté,1,-1,3,0,1,1,1,0,1,110,,2,1,0,0,1,24.0,24.0,,,3,1,1,1,3
202100021892,2021-08-30 18:55:00,2021,8,30,18,55,13,13019,A51-Sens Marseille vers Aix en Provence,43.42381,5.37455,Plein jour,Hors agglomération,Hors intersection,Normale,Deux véhicules - arrière,1,1,3,0,1,1,1,0,1,90,,5,1,0,0,4,36.0,23.0,,,1,1,1,1,2
202100021893,2021-08-30 08:30:00,2021,8,30,8,30,13,13071,A7-Sens Marseille vers Lyon,43.4055595461,5.3376440677,Plein jour,Hors agglomération,Hors intersection,Normale,Trois véhicules et plus - en chaîne,1,1,3,0,1,1,1,0,1,110,,5,0,0,0,5,25.0,40.0,,,1,1,1,1,4
202100021894,2021-08-29 10:50:00,2021,8,29,10,50,83,83069,A570,43.1183430101,6.1054497402,Plein jour,Hors agglomération,Hors intersection,Normale,Autre collision,1,3,4,0,1,1,1,0,3,110,,2,0,1,1,0,49.0,,,,1,1,1,1,6
202100021895,2021-08-16 11:15:00,2021,8,16,11,15,69,69266,A42,45.78298,4.89141,Plein jour,Hors agglomération,Hors intersection,Normale,Deux véhicules - côté,1,3,6,0,1,2,1,3,1,50,,2,1,0,0,1,,51.0,,,1,1,1,1,3
202100021896,2021-08-13 09:45:00,2021,8,13,9,45,54,54528,nationale 4,48.651,5.877,Plein jour,Hors agglomération,Hors intersection,Normale,Deux véhicules - arrière,2,3,5,0,3,2,1,0,1,110,,2,1,0,1,0,54.0,52.0,,,1,1,1,1,2
202100021897,2021-08-30 18:55:00,2021,8,30,18,55,33,33122,AUTOROUTE A 63,44.753867,-0.689427,Plein jour,Hors agglomération,Hors intersection,Normale,Trois véhicules et plus - en chaîne,1,3,4,0,1,1,1,0,1,90,,6,5,0,0,1,39.0,52.0,,,1,1,1,1,4
202100021898,2021-08-28 00:50:00,2021,8,28,0,50,59,59350,AUTOROUTE A1,50.617725,3.081325,Nuit avec éclairage allumé,Hors agglomération,Hors intersection,Normale,Trois véhicules et plus - collisions multiples,1,1,4,0,1,1,1,0,1,70,,9,0,2,5,2,21.0,27.0,,,5,1,1,1,5
202100021899,2021-08-27 21:40:00,2021,8,27,21,40,59,59378,AUTOROUTE A22,50.6742877908,3.1139367314,Nuit avec éclairage allumé,Hors agglomération,Hors intersection,Normale,Autre collision,1,3,1,0,1,1,1,0,1,50,,2,1,0,1,0,52.0,,,,5,1,1,1,6
202100021900,2021-08-30 14:05:00,2021,8,30,14,5,94,94038,AUTOROUTE A6B,48.7786,2.3466,Plein jour,Hors agglomération,Hors intersection,Normale,Deux véhicules - arrière,1,1,3,0,1,1,1,0,1,90,,3,1,0,0,2,47.0,31.0,,,1,1,1,1,2
202100021901,2021-08-30 12:00:00,2021,8,30,12,0,94,94016,AUTOROUTE A6A,48.7976866097,2.3436401344,Plein jour,Hors agglomération,Hors intersection,Normale,Deux véhicules - arrière,1,1,2,0,2,1,1,0,1,70,,2,1,0,0,1,32.0,53.0,,,1,1,1,1,2
202100021902,2021-08-30 09:00:00,2021,8,30,9,0,78,78126,A13,48.83951,2.118396,Plein jour,Hors agglomération,Hors intersection,Normale,Trois véhicules et plus - collisions multiples,1,-1,5,0,1,1,2,0,1,110,,3,2,0,0,1,24.0,23.0,,,1,1,1,1,5
202100021903,2021-08-30 18:00:00,2021,8,30,18,0,93,93007,AUTOROUTE A3,48.92051,2.47969,Plein jour,Hors agglomération,Hors intersection,Normale,Deux véhicules - arrière,1,3,6,0,1,1,1,0,1,110,,2,1,0,0,1,27.0,29.0,,,1,1,1,1,2
202100021904,2021-08-30 17:20:00,2021,8,30,17,20,93,93006,AUTOROUTE A3,48.86931,2.4291,Plein jour,Hors agglomération,Hors intersection,Normale,Deux véhicules - arrière,1,3,8,0,1,1,1,1,1,70,,3,1,0,0,2,33.0,46.0,,,1,1,1,1,2
202100021905,2021-08-29 22:30:00,2021,8,29,22,30,93,93048,AUTOROUTE A3,48.87032,2.43128,Nuit avec éclairage non allumé,Hors agglomération,Hors intersection,Normale,Deux véhicules - arrière,1,3,9,0,2,1,1,0,1,50,,3,1,0,0,2,40.0,34.0,,,4,1,1,1,2
202100021906,2021-08-30 19:50:00,2021,8,30,19,50,77,77495,A5b,48.5935339617,2.6356673241,Crépuscule ou aube,Hors agglomération,Hors intersection,Normale,Autre collision,1,3,6,0,1,1,1,0,8,110,,2,1,0,0,1,,,,,2,1,1,1,6
202100021907,2021-08-29 00:31:00,2021,8,29,0,31,94,94028,A86 EXT,48.7775763894,2.4397518628,Nuit avec éclairage allumé,Hors agglomération,Hors intersection,Normale,Deux véhicules - arrière,1,1,2,0,1,2,1,0,2,90,,2,1,0,0,1,37.0,25.0,,,5,1,1,1,2
202100021908,2021-08-29 14:45:00,2021,8,29,14,45,976,97611,passamanty-Vahibé ( route ),-12.801,45.20891,Plein jour,En agglomération,Hors intersection,Normale,Autre collision,3,3,2,0,2,4,1,0,1,50,,2,1,0,0,1,28.0,,,,1,2,1,1,6
202100021909,2021-06-29 10:45:00,2021,6,29,10,45,83,83016,Dn8,43.218246,5.810963,Plein jour,Hors agglomération,Hors intersection,Normale,Deux véhicules - côté,3,2,2,0,2,1,1,0,1,70,,2,1,0,1,0,61.0,64.0,,,1,1,1,1,3
202100021910,2021-08-28 17:40:00,2021,8,28,17,40,987,98735,PIERRE LOTI (ALLEE),-17.546293,-149.553554,Plein jour,En agglomération,Autre intersection,Normale,Sans collision,2,2,2,0,1,1,1,0,4,50,,1,0,1,0,0,27.0,,,,1,2,9,1,7
202100021911,2021-08-26 17:00:00,2021,8,26,17,0,974,97416,ISAUTIER (AVENUE CHARLES),-21.314,55.4535,Plein jour,Hors agglomération,Hors intersection,Normale,Deux véhicules - côté,4,2,2,0,1,1,1,5,1,30,,2,1,0,0,1,33.0,35.0,,,1,1,1,1,3
202100021912,2021-08-29 18:30:00,2021,8,29,18,30,974,97416,BAILLIF (CHEMIN ERNEST),-21.29825,55.49469,Crépuscule ou aube,En agglomération,Hors intersection,Normale,Deux véhicules - frontale,4,2,2,0,2,1,1,0,1,50,,2,1,0,1,0,55.0,19.0,,,2,2,1,1,1
202100021913,2021-08-29 04:45:00,2021,8,29,4,45,974,97416,RN1,-21.3328,55.4598,Nuit sans éclairage public,Hors agglomération,Hors intersection,Pluie légère,Deux véhicules - côté,2,1,2,0,1,1,2,0,1,110,,3,2,0,0,1,23.0,29.0,,,3,1,1,2,3
202100021914,2021-08-28 11:22:00,2021,8,28,11,22,95,95585,CAMUS (BD ALBERT),48.977742,2.371125,Plein jour,En agglomération,Intersection en X,Normale,Autre collision,4,3,2,3,1,1,1,0,1,50,,2,1,0,1,0,34.0,,,,1,2,2,1,6
202100021915,2021-08-29 13:35:00,2021,8,29,13,35,95,95018,PERI (AVENUE GABRIEL),48.94547,2.2497,Plein jour,En agglomération,Intersection en X,Normale,Deux véhicules - arrière,3,2,4,0,1,1,1,0,1,50,,2,1,0,0,1,29.0,58.0,,,1,2,2,1,2
202100021916,2021-08-28 12:50:00,2021,8,28,12,50,83,83137,CAROUBIER (IMP DU),43.1177714201,5.9755100493,Plein jour,En agglomération,Autre intersection,Normale,Autre collision,4,2,1,0,2,1,1,0,8,20,,2,0,0,0,2,60.0,,,,1,2,9,1,6
202100021917,2021-08-29 19:42:00,2021,8,29,19,42,83,83061,AVENUE MARÉCHAL DE LATTRE DE TASSIGNY,43.42914,6.76195,Crépuscule ou aube,En agglomération,Hors intersection,Temps éblouissant,Autre collision,4,2,1,0,1,1,1,0,1,50,,5,2,0,3,0,23.0,,,,2,2,1,7,6
202100021918,2021-08-29 20:40:00,2021,8,29,20,40,76,76410,RN 27 (ROUTE DE DIEPPE),49.4754,1.04819,Plein jour,En agglomération,Intersection en X,Normale,Deux véhicules - côté,7,2,2,3,1,1,1,0,1,50,,2,1,0,1,0,44.0,,,,1,2,2,1,3
202100021919,2021-08-29 13:30:00,2021,8,29,13,30,74,74010,CARNOT (PLACE),45.90561,6.12375,Plein jour,En agglomération,Intersection en X,Normale,Deux véhicules - côté,4,2,2,0,1,1,1,0,1,30,,3,2,0,0,1,16.0,25.0,,,1,2,2,1,3
202100021920,2021-08-28 19:20:00,2021,8,28,19,20,73,73065,RECLUS (FAUBOURG),45.5698940662,5.9214704062,Plein jour,En agglomération,Intersection en Y,Normale,Deux véhicules - frontale,4,2,2,0,2,2,1,0,1,30,,2,1,0,0,1,23.0,52.0,,,1,2,4,1,1
202100021921,2021-08-29 13:40:00,2021,8,29,13,40,69,69266,GENAS (DE) (RTE),45.75162,4.90483,Plein jour,En agglomération,Hors intersection,Normale,Deux véhicules - arrière,4,2,4,0,1,1,1,0,1,50,,2,1,0,0,1,32.0,33.0,,,1,2,1,1,2
202100021922,2021-08-29 07:30:00,2021,8,29,7,30,69,69256,ROGER SALENGRO (R),45.75011,4.9276,Crépuscule ou aube,En agglomération,Hors intersection,Normale,Sans collision,4,2,2,0,1,1,1,0,1,50,,1,0,0,0,1,42.0,,,,2,2,1,1,7
202100021923,2021-08-27 15:10:00,2021,8,27,15,10,65,65226,D64,43.2409654402,0.0185206532,Plein jour,Hors agglomération,Hors intersection,Normale,Deux véhicules - frontale,3,2,2,0,1,1,1,0,1,50,,2,1,0,0,1,60.0,21.0,,,1,1,1,1,1
202100021924,2021-08-29 04:00:00,2021,8,29,4,0,59,59360,MOCQUET GUY RUE,50.60673,3.01706,Nuit avec éclairage allumé,En agglomération,Intersection en X,Pluie légère,Deux véhicules - côté,7,2,2,0,1,1,2,5,1,50,,3,2,0,0,1,21.0,40.0,,,5,2,2,2,3
202100021925,2021-08-29 09:15:00,2021,8,29,9,15,59,59328,HIPPODROME AV DE L N°237 AU389,50.64488,3.02841,Plein jour,En agglomération,Hors intersection,Pluie légère,Deux véhicules - côté,7,2,1,1,1,1,2,0,1,50,,2,1,0,1,0,27.0,83.0,,,1,2,1,2,3
202100021926,2021-08-29 12:50:00,2021,8,29,12,50,59,59183,FORT MARDYCK - ROUTE,51.02624,2.31518,Plein jour,En agglomération,Hors intersection,Normale,Deux véhicules - frontale,3,2,2,0,1,1,1,0,1,50,,2,0,0,0,2,43.0,16.0,,,1,2,1,1,1
202100021927,2021-08-29 09:55:00,2021,8,29,9,55,56,56260,ARRADON (RUE JEROME D'),47.65542,-2.772252,Plein jour,En agglomération,Intersection en T,Normale,Deux véhicules - côté,4,2,2,0,1,1,9,0,1,50,,2,1,0,0,1,46.0,51.0,,,1,2,3,1,3
202100021928,2021-08-28 12:10:00,2021,8,28,12,10,56,56260,KERANGUEN (AVENUE DE),47.660028,-2.794234,Plein jour,En agglomération,Hors intersection,Normale,Trois véhicules et plus - en chaîne,4,2,2,0,2,1,1,0,1,50,,3,0,0,0,3,22.0,46.0,,,1,2,1,1,4
202100021929,2021-08-29 20:50:00,2021,8,29,20,50,47,47201,PONT DE BARROY (ROUTE DU),44.19532,0.59808,Plein jour,En agglomération,Hors intersection,Normale,Autre collision,4,1,1,0,1,3,1,0,1,30,,2,1,0,1,0,54.0,,,,1,2,1,1,6
202100021930,2021-08-29 17:53:00,2021,8,29,17,53,37,37261,GRAMMONT (AVENUE DE),47.382358656,0.6920980562,Plein jour,En agglomération,Hors intersection,Normale,Sans collision,4,2,4,0,1,1,1,0,1,50,,1,0,0,0,1,22.0,,,,1,2,1,1,7
202100021931,2021-08-29 06:10:00,2021,8,29,6,10,33,33063,Rue Bertrand de Goth,44.8217,-0.5784,Nuit avec éclairage allumé,En agglomération,Hors intersection,Normale,Autre collision,4,1,1,0,1,1,1,0,1,50,,1,0,0,0,1,23.0,,,,5,2,1,1,6
202100021932,2021-08-28 18:20:00,2021,8,28,18,20,30,30028,EUZEBY (AVENUE ERNEST),44.155,4.61497,Plein jour,En agglomération,Hors intersection,Normale,Autre collision,3,2,1,0,1,1,1,0,1,50,,2,1,0,0,1,69.0,,,,1,2,1,1,6
202100021933,2021-08-30 02:29:00,2021,8,30,2,29,29,29232,N165 - Moulin de Penhoat,48.0083,-4.06519,Nuit sans éclairage public,Hors agglomération,Hors intersection,Normale,Autre collision,2,3,4,0,2,1,1,0,3,110,,3,0,0,0,3,19.0,,,,3,1,1,1,6
202100021934,2021-08-29 08:00:00,2021,8,29,8,0,29,29232,Route du Lendu,47.94005,-4.06203,Plein jour,Hors agglomération,Hors intersection,Normale,Sans collision,4,2,2,0,1,1,1,0,8,50,,1,0,0,0,1,18.0,,,,1,1,1,1,7
202100021935,2021-08-29 16:40:00,2021,8,29,16,40,24,24037,PIMONT (BOULEVAR LOUIS),44.84355,0.4845,Plein jour,En agglomération,Autre intersection,Normale,Deux véhicules - côté,3,1,1,0,1,1,1,0,1,50,,2,1,0,0,1,73.0,51.0,,,1,2,9,1,3
202100021936,2021-08-29 21:50:00,2021,8,29,21,50,17,17415,SAINT THOMAS ROUTE DE,45.782445,-0.664821,Crépuscule ou aube,Hors agglomération,Hors intersection,Normale,Autre collision,3,2,2,0,1,1,1,0,3,80,,1,0,0,0,1,48.0,,,,2,1,1,1,6
202100021937,2021-08-29 19:35:00,2021,8,29,19,35,13,13208,RAYMOND TEISSERE (RUE),43.27,5.401,Crépuscule ou aube,En agglomération,Hors intersection,Normale,Deux véhicules - côté,4,2,2,0,1,3,1,0,1,50,,2,1,0,0,1,45.0,29.0,,,2,2,1,1,3
202100021938,2021-08-29 19:00:00,2021,8,29,19,0,13,13203,FÉLIX PYAT (RUE),43.3163932639,5.3743003365,Plein jour,En agglomération,Hors intersection,Normale,Autre collision,4,2,1,0,2,1,1,0,1,30,,2,1,0,1,0,55.0,,,,1,2,1,1,6
202100021939,2021-08-29 13:00:00,2021,8,29,13,0,13,13210,ANDRE BARDON (rue),43.28325,5.42623,Plein jour,En agglomération,Hors intersection,Normale,Deux véhicules - côté,4,1,-1,0,1,1,1,0,1,50,,2,1,0,0,1,40.0,24.0,,,1,2,1,1,3
202100021940,2021-08-29 07:10:00,2021,8,29,7,10,13,13216,LITTORAL (CHEMIN DU),43.347226021,5.3441682112,Plein jour,En agglomération,Hors intersection,Normale,Deux véhicules - frontale,4,2,2,0,1,1,1,0,1,50,,3,2,0,0,1,33.0,31.0,,,1,2,1,1,1
202100021941,2021-08-29 15:50:00,2021,8,29,15,50,11,11069,ROCADE NORD - RD 6113,43.230709,2.34399,Plein jour,En agglomération,Hors intersection,Normale,Deux véhicules - côté,3,1,2,0,1,2,1,0,1,50,,3,1,0,0,2,15.0,40.0,,,1,2,1,1,3
202100021942,2021-08-29 19:25:00,2021,8,29,19,25,06,06088,TURIN (RTE DE),43.728183,7.284064,Plein jour,En agglomération,Hors intersection,Normale,Deux véhicules - côté,4,2,5,0,1,2,1,0,1,50,,5,0,0,0,5,21.0,55.0,,,1,2,1,1,3
202100021943,2021-08-29 22:00:00,2021,8,29,22,0,06,06027,NICE AVENUE DE (RN7),43.65917,7.16439,Nuit avec éclairage allumé,En agglomération,Autre intersection,Normale,Deux véhicules - frontale,7,2,2,0,1,1,1,0,1,50,,3,2,0,0,1,23.0,23.0,,,5,2,9,1,1
202100021944,2021-08-28 10:30:00,2021,8,28,10,30,06,06155,SAINT BERNARD CH.,43.5977,7.0576,Plein jour,En agglomération,Hors intersection,Normale,Deux véhicules - frontale,3,2,2,0,2,1,1,0,1,50,,3,0,0,0,3,33.0,26.0,,,1,2,1,1,1
202100021945,2021-08-28 21:25:00,2021,8,28,21,25,75,75114,ECHANGEUR ORLEANS,48.8195300289,2.3284015059,Nuit avec éclairage allumé,En agglomération,Intersection en Y,Normale,Trois véhicules et plus - en chaîne,4,1,2,0,1,1,1,0,1,50,,4,1,0,0,3,36.0,48.0,,,5,2,4,1,4
202100021946,2021-08-29 01:10:00,2021,8,29,1,10,75,75113,AVENUE D ITALIE,48.82962,2.356261,Nuit avec éclairage allumé,En agglomération,Hors intersection,Normale,Deux véhicules - côté,4,2,6,0,1,1,1,0,1,50,,3,1,0,1,1,31.0,28.0,,,5,2,1,1,3
202100021947,2021-08-28 04:26:00,2021,8,28,4,26,75,75119,AVENUE SIMON BOLIVAR,48.875101,2.382478,Nuit avec éclairage allumé,En agglomération,Hors intersection,Normale,Autre collision,4,2,4,0,2,1,1,0,1,50,,1,0,0,1,0,36.0,,,,5,2,1,1,6
202100021948,2021-08-29 13:35:00,2021,8,29,13,35,75,75120,RUE DE MENILMONTANT,48.867929,2.386643,Plein jour,En agglomération,Intersection en T,Normale,Autre collision,4,2,2,0,2,1,1,0,1,30,,2,0,0,0,2,30.0,,,,1,2,3,1,6
202100021949,2021-08-29 20:00:00,2021,8,29,20,0,75,75117,RUE LEMERCIER,48.886969,2.32304,Nuit avec éclairage allumé,En agglomération,Intersection en X,Normale,Deux véhicules - côté,4,1,1,0,1,1,1,0,1,50,,2,1,0,0,1,28.0,20.0,,,5,2,2,1,3
202100021950,2021-08-28 02:36:00,2021,8,28,2,36,75,75115,AVENUE DU MAINE,48.844474,2.320093,Nuit avec éclairage allumé,En agglomération,Hors intersection,Normale,Deux véhicules - frontale,4,2,4,0,2,1,1,0,1,50,,2,1,0,0,1,20.0,28.0,,,5,2,1,1,1
202100021951,2021-08-29 11:41:00,2021,8,29,11,41,75,75114,AVENUE DENFERT ROCHEREAU,48.834946,2.332987,Plein jour,En agglomération,Place,Temps couvert,Autre collision,4,2,3,0,1,1,1,0,1,50,,2,0,1,0,1,38.0,,,,1,2,7,8,6
202100021952,2021-08-29 12:20:00,2021,8,29,12,20,75,75110,RUE BEAUREPAIRE,48.870179,2.363639,Plein jour,En agglomération,Intersection en T,Temps couvert,Autre collision,4,1,2,1,1,1,1,0,1,50,,2,1,0,0,1,17.0,,,,1,2,3,8,6
202100021953,2021-08-29 14:17:00,2021,8,29,14,17,75,75108,AVENUE MONTAIGNE,48.86646,2.304977,Plein jour,En agglomération,Intersection en T,Normale,Autre collision,4,1,1,0,1,1,1,0,1,50,,2,1,0,0,1,34.0,,,,1,2,3,1,6
202100021954,2021-08-28 21:00:00,2021,8,28,21,0,75,75108,COURS ALBERT 1ER,48.864555,2.308114,Nuit avec éclairage allumé,En agglomération,Hors intersection,Normale,Deux véhicules - côté,4,3,2,0,1,1,1,0,1,50,,3,1,0,0,2,20.0,,,,5,2,1,1,3
202100021955,2021-08-29 06:10:00,2021,8,29,6,10,75,75101,RUE DE RIVOLI,48.863725,2.332175,Crépuscule ou aube,En agglomération,Intersection en T,Normale,Autre collision,4,2,4,1,1,1,1,0,5,30,,1,0,0,0,1,34.0,,,,2,2,3,1,6
202100021956,2021-08-29 04:35:00,2021,8,29,4,35,75,75101,RUE DES HALLES,48.86015,2.346478,Nuit avec éclairage allumé,En agglomération,Intersection en Y,Normale,Autre collision,4,2,2,0,1,1,1,1,1,50,,1,0,0,0,1,21.0,,,,5,2,4,1,6
202100021957,2021-08-29 12:08:00,2021,8,29,12,8,94,94081,Rue Audigeois,48.79122,2.39085,Plein jour,En agglomération,Hors intersection,Normale,Deux véhicules - arrière,4,1,1,0,2,1,1,0,1,30,,2,1,0,0,1,36.0,41.0,,,1,2,1,1,2
202100021958,2021-08-29 15:30:00,2021,8,29,15,30,94,94033,MICHELET (R),48.85356,2.47504,Plein jour,En agglomération,Intersection en T,Pluie légère,Deux véhicules - côté,3,2,2,0,1,1,2,0,1,50,,2,1,0,0,1,35.0,43.0,,,1,2,3,2,3
202100021959,2021-08-29 19:54:00,2021,8,29,19,54,94,94033,Avenue de la République,48.85213,2.46481,Plein jour,En agglomération,Hors intersection,Normale,Deux véhicules - arrière,4,2,2,0,2,3,1,0,1,50,,2,1,0,0,1,45.0,,,,1,2,1,1,2
202100021960,2021-08-29 16:00:00,2021,8,29,16,0,94,94079,Rue Louis Lenoir,48.82499,2.54271,Plein jour,En agglomération,Hors intersection,Normale,Autre collision,4,1,1,0,1,1,1,0,1,30,,2,1,0,0,1,53.0,,,,1,2,1,1,6