accident_id,datetime,annee,mois,jour,heure,minute,departement,commune_insee,adresse,latitude,longitude,luminosite,agglomeration,intersection,meteo,collision,catr,circ,nbv,vosp,prof,plan,surf,infra,situ,vma,nb_vehicules,nb_usagers,nb_indemnes,nb_tues,nb_blesses_hosp,nb_blesses_legers,age_cond_1,age_cond_2,veh_type_cond_1,veh_type_cond_2,lum_code,agg_code,int_code,atm_code,col_code
202100021961,2021-08-28 12:15:00,2021,8,28,12,15,94,94055,PINCE VENT - CAR DE PINCE-VENT (AV DE),48.78942,2.54902,Plein jour,En agglomération,Intersection en Y,Normale,Deux véhicules - frontale,3,2,2,0,1,1,1,0,1,50,,2,1,0,1,0,25.0,16.0,,,1,2,4,1,1
202100021962,2021-08-29 01:15:00,2021,8,29,1,15,93,93074,D933,48.9338517435,2.5851831435,Nuit sans éclairage public,Hors agglomération,Hors intersection,Normale,Deux véhicules - arrière,3,1,2,0,1,1,1,0,1,110,,2,1,0,0,1,27.0,,,,3,1,1,1,2
202100021963,2021-08-29 04:55:00,2021,8,29,4,55,92,92050,REPUBLIQUE AVENUE DE LA,48.9126897503,2.2248440981,Nuit avec éclairage allumé,En agglomération,Hors intersection,Normale,Autre collision,3,2,2,0,1,1,1,0,1,50,,1,0,0,0,1,47.0,,,,5,2,1,1,6
202100021964,2021-08-29 15:30:00,2021,8,29,15,30,05,05027,Route Departementale 89 t,44.877616,6.739211,Plein jour,Hors agglomération,Hors intersection,Normale,Deux véhicules - côté,3,2,2,0,2,3,1,0,1,80,,2,1,0,1,0,39.0,50.0,,,1,1,1,1,3
202100021965,2021-08-30 15:45:00,2021,8,30,15,45,83,83086,Route de Frejus,43.468315,6.58639,Plein jour,Hors agglomération,Hors intersection,Normale,Deux véhicules - frontale,3,2,3,0,1,1,1,0,1,80,,2,0,0,1,1,47.0,42.0,,,1,1,1,1,1
202100021966,2021-08-29 16:55:00,2021,8,29,16,55,35,35337,D137,48.336799,-1.860757,Plein jour,Hors agglomération,Hors intersection,Normale,Autre collision,3,3,4,0,1,1,1,0,3,110,,1,0,1,0,0,31.0,,,,1,1,1,1,6
202100021967,2021-08-30 08:55:00,2021,8,30,8,55,22,22239,La Croix Guessant,48.339535,-2.106199,Plein jour,Hors agglomération,Hors intersection,Temps couvert,Deux véhicules - arrière,3,3,4,0,1,1,1,0,1,90,,2,1,0,0,1,29.0,27.0,,,1,1,1,8,2
202100021968,2021-08-29 21:00:00,2021,8,29,21,0,40,40200,Route de Mont de Marsan,44.346467,-0.771376,Crépuscule ou aube,Hors agglomération,Hors intersection,Normale,Sans collision,3,2,2,0,1,1,1,0,3,80,,1,0,1,0,0,34.0,,,,2,1,1,1,7
202100021969,2021-08-29 21:30:00,2021,8,29,21,30,51,51105,A34,49.2729440258,4.0905401884,Nuit sans éclairage public,Hors agglomération,Hors intersection,Normale,Deux véhicules - frontale,1,3,4,0,1,1,1,0,1,110,,2,0,0,0,2,54.0,42.0,,,3,1,1,1,1
202100021970,2021-08-28 19:50:00,2021,8,28,19,50,74,74299,73 Rte d Annecy,45.895692,6.166003,Crépuscule ou aube,En agglomération,Autre intersection,Normale,Deux véhicules - côté,3,-1,2,1,3,1,1,0,5,50,,2,1,0,0,1,56.0,64.0,,,2,2,9,1,3
202100021971,2021-08-30 10:50:00,2021,8,30,10,50,79,79148,,46.239146,-0.088593,Plein jour,Hors agglomération,Intersection en T,Normale,Deux véhicules - côté,3,2,2,0,1,1,1,0,1,80,,2,1,0,0,1,30.0,83.0,,,1,1,3,1,3
202100021972,2021-08-28 23:00:00,2021,8,28,23,0,2A,2A104,RT 40 à hauteur motel Aqua Dolce,41.913072,8.842835,Nuit sans éclairage public,Hors agglomération,Hors intersection,Normale,Trois véhicules et plus - collisions multiples,2,2,2,0,2,1,1,0,1,80,,4,3,0,0,1,56.0,29.0,,,3,1,1,1,5
202100021973,2021-08-26 17:45:00,2021,8,26,17,45,80,80726,Rue du Moulin,49.773099,3.04221,Plein jour,En agglomération,Intersection en T,Normale,Deux véhicules - côté,3,2,2,0,3,1,1,0,8,50,,2,1,0,0,1,38.0,20.0,,,1,2,3,1,3
202100021974,2021-08-29 21:00:00,2021,8,29,21,0,11,11106,intersection départementale 31 et départementale 1118,43.233408,3.07615,Nuit sans éclairage public,Hors agglomération,Intersection en T,Normale,Deux véhicules - côté,3,2,2,0,1,1,1,0,1,80,,3,2,0,1,0,65.0,18.0,,,3,1,3,1,3
202100021975,2021-08-29 19:45:00,2021,8,29,19,45,11,11119,D 620 - PK 40 + 25 m,43.04961,2.169451,Crépuscule ou aube,Hors agglomération,Hors intersection,Normale,Autre collision,3,2,2,0,1,2,1,0,3,80,,3,0,3,0,0,25.0,,,,2,1,1,1,6
202100021976,2021-08-28 23:37:00,2021,8,28,23,37,71,71310,avenue de la république Rd 28 face au n° 42,46.7510855796,4.4681878438,Nuit avec éclairage allumé,En agglomération,Giratoire,Normale,Autre collision,4,2,2,0,1,1,1,0,4,50,,5,0,1,4,0,17.0,,,,5,2,6,1,6
202100021977,2021-08-29 20:45:00,2021,8,29,20,45,89,89104,d45,47.799437,3.812142,Crépuscule ou aube,Hors agglomération,Hors intersection,Normale,Autre collision,3,2,2,0,1,1,1,0,3,70,,1,0,0,1,0,23.0,,,,2,1,1,1,6
202100021978,2021-08-29 14:45:00,2021,8,29,14,45,61,61464,D438,48.624013,0.181092,Plein jour,Hors agglomération,Giratoire,Normale,Sans collision,3,2,2,0,1,2,8,5,1,90,,1,0,0,0,1,22.0,,,,1,1,6,1,7
202100021979,2021-08-29 17:35:00,2021,8,29,17,35,55,55192,Route de Milly,49.371007,5.234472,Plein jour,En agglomération,Hors intersection,Normale,Sans collision,3,2,2,0,1,1,1,0,1,40,,1,0,0,1,0,55.0,,,,1,2,1,1,7
202100021980,2021-08-29 15:20:00,2021,8,29,15,20,49,49235,Chemin de Beniquet,47.225101,0.010456,Plein jour,En agglomération,Hors intersection,Normale,Sans collision,4,2,1,0,3,1,1,0,1,50,,1,0,1,0,0,71.0,,,,1,2,1,1,7
202100021981,2021-08-28 21:15:00,2021,8,28,21,15,49,49224,Route du Bois Saint Marc,47.326036,-0.024145,Nuit sans éclairage public,Hors agglomération,Intersection en Y,Normale,Deux véhicules - côté,3,2,2,0,1,1,1,0,1,80,,2,1,0,1,0,31.0,36.0,,,3,1,4,1,3
202100021982,2021-08-27 16:10:00,2021,8,27,16,10,49,49359,Route Départementale 960,47.218169,-0.162821,Plein jour,Hors agglomération,Intersection en X,Normale,Trois véhicules et plus - collisions multiples,3,2,2,0,1,1,1,0,1,80,,4,3,0,1,0,20.0,19.0,,,1,1,2,1,5
202100021983,2021-08-30 00:15:00,2021,8,30,0,15,49,49183,La caillotière,47.545134,-0.966539,Nuit sans éclairage public,Hors agglomération,Hors intersection,Normale,Deux véhicules - arrière,3,2,2,0,1,1,1,0,1,80,,4,1,0,3,0,28.0,18.0,,,3,1,1,1,2
202100021984,2021-08-29 13:10:00,2021,8,29,13,10,12,12056,360 Avenue de Marengo,44.280036,2.428461,Plein jour,En agglomération,Hors intersection,Normale,Deux véhicules - côté,3,2,2,0,1,1,1,0,1,50,,5,3,0,1,1,61.0,19.0,,,1,2,1,1,3
202100021985,2021-08-29 18:11:00,2021,8,29,18,11,47,47195,Route de Francescas,44.113118,0.36727,Plein jour,Hors agglomération,Hors intersection,Normale,Sans collision,3,2,2,0,1,1,1,0,3,80,,1,0,1,0,0,56.0,,,,1,1,1,1,7
202100021986,2021-08-27 11:30:00,2021,8,27,11,30,34,34126,D908,43.587071,3.082867,Plein jour,Hors agglomération,Giratoire,Normale,Deux véhicules - côté,3,2,2,0,1,2,1,0,1,70,,2,1,0,1,0,59.0,75.0,,,1,1,6,1,3
202100021987,2021-08-28 05:00:00,2021,8,28,5,0,68,68176,lieu-dit bendorfweiher,47.568672,7.191362,Nuit sans éclairage public,Hors agglomération,Hors intersection,Temps couvert,Sans collision,9,1,1,0,4,3,1,0,8,80,,2,0,1,0,1,22.0,,,,3,1,1,8,7
202100021988,2021-08-29 06:15:00,2021,8,29,6,15,25,25454,D70,47.252029,5.964358,Crépuscule ou aube,Hors agglomération,Hors intersection,Normale,Autre collision,3,2,2,0,1,1,1,0,1,80,,2,1,0,1,0,68.0,,,,2,1,1,1,6
202100021989,2021-08-29 18:25:00,2021,8,29,18,25,31,31427,Quartier de la Rouere,43.081255,0.766704,Plein jour,Hors agglomération,Hors intersection,Normale,Autre collision,3,2,2,0,1,1,1,0,3,80,,1,0,0,1,0,49.0,,,,1,1,1,1,6
202100021990,2021-08-29 19:50:00,2021,8,29,19,50,31,31107,lieu-dit nègre,43.296285,1.235951,Plein jour,Hors agglomération,Hors intersection,Normale,Autre collision,3,2,2,0,2,2,1,0,3,80,,3,1,0,0,2,21.0,,,,1,1,1,1,6
202100021991,2021-08-29 20:20:00,2021,8,29,20,20,31,31033,D28e,43.339997,1.470948,Crépuscule ou aube,Hors agglomération,Hors intersection,Normale,Autre collision,3,2,2,0,1,3,9,0,3,80,,1,0,0,1,0,33.0,,,,2,1,1,1,6
202100021992,2021-08-25 17:00:00,2021,8,25,17,0,38,38519,Route de Césarge,45.600949,5.05913,Plein jour,Hors agglomération,Hors intersection,Normale,Sans collision,4,2,2,0,2,4,1,0,1,30,,1,0,0,0,1,17.0,,,,1,1,1,1,7
202100021993,2021-08-30 09:00:00,2021,8,30,9,0,01,01236,Route de Montrevel,46.331925,5.087078,Plein jour,Hors agglomération,Hors intersection,Normale,Sans collision,3,2,2,0,4,1,1,0,3,80,,1,0,0,1,0,20.0,,,,1,1,1,1,7
202100021994,2021-08-28 11:15:00,2021,8,28,11,15,09,09189,PONT DE L'HARENG,42.663614,1.83476,Plein jour,Hors agglomération,Hors intersection,Normale,Deux véhicules - frontale,2,2,2,0,2,4,1,2,1,-1,,2,0,0,2,0,40.0,65.0,,,1,1,1,1,1
202100021995,2021-08-30 14:55:00,2021,8,30,14,55,18,18290,D926,47.280306,2.184176,Plein jour,Hors agglomération,Hors intersection,Normale,Deux véhicules - frontale,3,2,2,0,1,1,1,0,1,80,,2,1,1,0,0,60.0,74.0,,,1,1,1,1,1
202100021996,2021-08-28 18:30:00,2021,8,28,18,30,43,43268,Lieu Dit les Cayres,45.127199,4.157542,Plein jour,Hors agglomération,Hors intersection,Normale,Autre collision,3,2,2,0,1,2,8,0,1,-1,,1,0,0,1,0,46.0,,,,1,1,1,1,6
202100021997,2021-08-29 10:55:00,2021,8,29,10,55,10,10251,Montigny-les-Monts,48.108205,3.951538,Plein jour,Hors agglomération,Hors intersection,Normale,Sans collision,3,2,2,0,3,3,1,0,3,80,,1,0,1,0,0,69.0,,,,1,1,1,1,7
202100021998,2021-08-27 19:05:00,2021,8,27,19,5,07,07306,Route du Rocher,44.429137,4.355435,Crépuscule ou aube,En agglomération,Hors intersection,Normale,Deux véhicules - côté,3,2,2,0,1,1,1,0,1,50,,2,1,0,1,0,20.0,61.0,,,2,2,1,1,3
202100021999,2021-08-30 15:30:00,2021,8,30,15,30,07,07142,INTERSECTION RN 102 ET RD 110,44.766001,3.915274,Plein jour,Hors agglomération,Intersection en X,Temps éblouissant,Deux véhicules - arrière,2,2,2,0,1,1,1,5,1,80,,2,1,0,0,1,69.0,60.0,,,1,1,2,7,2
202100022000,2021-08-30 10:00:00,2021,8,30,10,0,24,24269,les taches,45.60332,0.855517,Plein jour,Hors agglomération,Intersection en X,Normale,Deux véhicules - côté,3,2,2,0,1,1,1,0,1,80,,3,1,0,0,2,42.0,23.0,,,1,1,2,1,3
202100022001,2021-08-30 12:35:00,2021,8,30,12,35,04,04013,RD 951 / RD 503,44.11851,5.950768,Plein jour,Hors agglomération,Intersection en T,Normale,Deux véhicules - côté,3,2,2,0,1,1,1,0,1,80,,2,1,0,1,0,64.0,33.0,,,1,1,3,1,3
202100022002,2021-08-25 04:30:00,2021,8,25,4,30,85,85012,122 Avenue de l Estacade,46.88889,-2.111604,Nuit avec éclairage allumé,En agglomération,Giratoire,Normale,Autre collision,3,2,2,0,1,1,1,0,1,50,,2,1,0,1,0,20.0,,,,5,2,6,1,6
202100022003,2021-08-29 17:40:00,2021,8,29,17,40,85,85264,la pilletiere,46.678166,-0.67066,Plein jour,Hors agglomération,Hors intersection,Normale,Deux véhicules - frontale,4,2,2,0,1,2,1,0,1,50,,2,1,0,0,1,40.0,21.0,,,1,1,1,1,1
202100022004,2021-08-28 06:00:00,2021,8,28,6,0,85,85108,D763,46.915101,-1.380284,Nuit sans éclairage public,Hors agglomération,Hors intersection,Normale,Sans collision,3,3,2,0,1,1,1,0,2,110,,2,1,0,1,0,19.0,,,,3,1,1,1,7
202100022005,2021-08-29 16:45:00,2021,8,29,16,45,17,17041,D116,46.215283,-0.809534,Plein jour,Hors agglomération,Hors intersection,Normale,Deux véhicules - côté,3,2,2,0,1,1,1,0,1,80,,2,1,0,0,1,30.0,38.0,,,1,1,1,1,3
202100022006,2021-08-25 15:45:00,2021,8,25,15,45,30,30114,D6110,43.81626,4.095626,Plein jour,Hors agglomération,Hors intersection,Normale,Deux véhicules - frontale,3,2,2,0,1,1,1,0,1,80,,4,0,0,1,3,46.0,20.0,,,1,1,1,1,1
202100022007,2021-08-30 17:12:00,2021,8,30,17,12,30,30228,d 18,43.942221,4.322112,Plein jour,Hors agglomération,Intersection en X,Normale,Trois véhicules et plus - collisions multiples,3,2,2,0,2,1,1,0,1,80,,5,0,1,1,3,22.0,58.0,,,1,1,2,1,5
202100022008,2021-08-30 08:15:00,2021,8,30,8,15,80,80107,Autoroute A29 - Point Kilométrique 205.100 dans le sens SAINT-QUENTIN vers AMIENS,49.857077,2.419932,Plein jour,Hors agglomération,Hors intersection,Normale,Sans collision,1,-1,2,0,1,1,1,0,2,90,,1,0,1,0,0,37.0,,,,1,1,1,1,7
202100022009,2021-08-29 10:30:00,2021,8,29,10,30,40,40261,A63 PK 141+600 sens BAYONNE/BORDEAUX,43.685498,-1.258455,Plein jour,Hors agglomération,Hors intersection,Normale,Autre collision,1,3,3,0,1,1,1,0,1,130,,2,1,0,1,0,56.0,,,,1,1,1,1,6
202100022010,2021-08-30 07:30:00,2021,8,30,7,30,35,35131,Rue de Cintré,48.122667,-1.818642,Plein jour,En agglomération,Hors intersection,Normale,Autre collision,7,2,2,0,1,1,1,0,4,50,,1,0,0,0,1,19.0,,,,1,2,1,1,6
202100022011,2021-08-28 14:00:00,2021,8,28,14,0,74,74010,82 Bd Costa de Beauregard,45.878018,6.09355,Plein jour,En agglomération,Giratoire,Normale,Deux véhicules - frontale,4,1,2,3,1,1,1,5,6,30,,2,1,0,0,1,50.0,53.0,,,1,2,6,1,1
202100022012,2021-08-29 01:22:00,2021,8,29,1,22,06,06085,a8 pk 167.000 voie sud,43.58493,7.027044,Nuit sans éclairage public,Hors agglomération,Hors intersection,Normale,Trois véhicules et plus - en chaîne,1,1,3,0,2,1,1,0,1,90,,11,9,0,0,2,29.0,44.0,,,3,1,1,1,4
202100022013,2021-08-28 23:18:00,2021,8,28,23,18,06,06004,a8 PK 175.500 voie sud,43.616582,7.115278,Nuit sans éclairage public,Hors agglomération,Hors intersection,Normale,Trois véhicules et plus - en chaîne,1,1,3,0,1,1,1,0,1,110,,13,10,0,2,1,19.0,34.0,,,3,1,1,1,4
202100022014,2021-08-25 18:41:00,2021,8,25,18,41,971,97119,Balin,16.365439,-61.458485,Crépuscule ou aube,Hors agglomération,Intersection en T,Normale,Deux véhicules - arrière,2,2,2,0,4,1,1,0,1,80,,2,1,0,1,0,60.0,63.0,,,2,1,3,1,2
202100022015,2021-08-29 22:16:00,2021,8,29,22,16,77,77327,D619,48.571567,2.999589,Nuit sans éclairage public,Hors agglomération,Hors intersection,Normale,Deux véhicules - frontale,3,2,2,0,1,1,1,0,1,80,,2,1,0,1,0,21.0,44.0,,,3,1,1,1,1
202100022016,2021-08-27 15:10:00,2021,8,27,15,10,78,78590,91,48.680467,1.965255,Plein jour,Hors agglomération,Hors intersection,Normale,Autre collision,3,2,2,0,1,2,1,0,3,50,,1,0,0,1,0,23.0,,,,1,1,1,1,6
202100022017,2021-08-30 16:30:00,2021,8,30,16,30,34,34341,RD5 PK 25.800,43.4915264113,3.5759155046,Plein jour,Hors agglomération,Hors intersection,Temps éblouissant,Deux véhicules - côté,3,2,2,0,3,1,1,0,1,80,,3,2,0,0,1,58.0,76.0,,,1,1,1,7,3
202100022018,2021-08-14 05:15:00,2021,8,14,5,15,84,84034,CD 900,43.882834,4.965032,Nuit sans éclairage public,Hors agglomération,Intersection en T,Normale,Deux véhicules - arrière,3,2,2,0,1,1,1,0,1,80,,4,1,0,0,3,38.0,21.0,,,3,1,3,1,2
202100022019,2021-08-29 19:45:00,2021,8,29,19,45,67,67226,D1004,48.602822,7.595919,Crépuscule ou aube,En agglomération,Autre intersection,Temps couvert,Deux véhicules - arrière,3,2,3,0,1,1,2,0,1,50,,2,1,0,0,1,21.0,22.0,,,2,2,9,8,2
202100022020,2021-08-29 14:45:00,2021,8,29,14,45,54,54038,route de Flacourt,48.4798914746,6.7153286936,Plein jour,Hors agglomération,Hors intersection,Temps couvert,Deux véhicules - côté,9,2,-1,0,1,1,1,0,1,80,,2,0,0,1,1,7.0,16.0,,,1,1,1,8,3
202100022021,2021-08-30 01:50:00,2021,8,30,1,50,54,54459,Porte d'écluse,48.6084085715,6.1743485936,Nuit sans éclairage public,Hors agglomération,Giratoire,Normale,Sans collision,3,-1,2,0,1,1,1,0,8,80,,5,4,1,0,0,23.0,,,,3,1,6,1,7
202100022022,2021-08-27 16:45:00,2021,8,27,16,45,26,26169,Route de Donzere,44.471521,4.742188,Plein jour,Hors agglomération,Hors intersection,Normale,Deux véhicules - frontale,3,2,2,0,1,2,1,0,1,80,,2,1,1,0,0,32.0,42.0,,,1,1,1,1,1
202100022023,2021-08-21 18:05:00,2021,8,21,18,5,07,07159,Rn 102,44.56341,4.480732,Plein jour,Hors agglomération,Hors intersection,Normale,Trois véhicules et plus - en chaîne,2,2,2,0,2,1,1,0,1,90,,6,5,0,0,1,43.0,34.0,,,1,1,1,1,4
202100022024,2021-08-26 16:45:00,2021,8,26,16,45,69,69116,RD 306,45.820596,4.767643,Plein jour,En agglomération,Autre intersection,Normale,Deux véhicules - côté,7,3,4,3,2,1,1,0,6,-1,,2,0,0,0,2,33.0,28.0,,,1,2,9,1,3
202100022025,2021-08-26 12:05:00,2021,8,26,12,5,44,44026,Rue du Clouet,47.308292,-1.480519,Plein jour,En agglomération,Giratoire,Temps éblouissant,Deux véhicules - arrière,7,2,2,2,1,3,1,0,1,50,,2,1,0,0,1,59.0,80.0,,,1,2,6,7,2
202100022026,2021-08-27 13:00:00,2021,8,27,13,0,14,14530,D223,49.226558,-0.269687,Plein jour,Hors agglomération,Hors intersection,Normale,Autre collision,3,2,2,0,2,1,1,0,3,90,,3,2,0,1,0,38.0,,,,1,1,1,1,6
202100022027,2021-08-29 10:00:00,2021,8,29,10,0,56,56007,Bel Air,47.67146269,-2.99417004,Plein jour,En agglomération,Giratoire,Normale,Sans collision,3,2,2,0,1,1,1,5,1,50,,1,0,0,1,0,58.0,,,,1,2,6,1,7
202100022028,2021-08-25 06:45:00,2021,8,25,6,45,35,35282,Le Patis Buret,48.302866,-1.356492,Crépuscule ou aube,Hors agglomération,Hors intersection,Normale,Autre collision,3,2,2,0,2,2,1,0,3,70,,1,0,0,1,0,37.0,,,,2,1,1,1,6
202100022029,2021-08-30 16:00:00,2021,8,30,16,0,02,02495,D753,49.971608,4.050393,Plein jour,Hors agglomération,Hors intersection,Normale,Deux véhicules - frontale,3,2,2,0,1,2,1,0,3,80,,3,2,0,1,0,34.0,24.0,,,1,1,1,1,1
202100022030,2021-08-24 11:30:00,2021,8,24,11,30,62,62014,D943,50.652658,2.394483,Plein jour,En agglomération,Hors intersection,Normale,Deux véhicules - arrière,3,2,2,0,1,1,1,0,1,70,,2,1,0,1,0,89.0,65.0,,,1,2,1,1,2
202100022031,2021-08-29 03:45:00,2021,8,29,3,45,59,59232,rd 649,50.301471,3.721426,Nuit sans éclairage public,Hors agglomération,Hors intersection,Normale,Deux véhicules - arrière,3,2,2,0,1,1,1,8,1,80,,2,1,0,0,1,28.0,26.0,,,3,1,1,1,2
202100022032,2021-08-30 01:15:00,2021,8,30,1,15,59,59430,42 Route Nationale,50.133662,3.5305,Nuit sans éclairage public,Hors agglomération,Hors intersection,Normale,Autre collision,3,2,2,0,2,2,1,0,3,70,,1,0,0,1,0,44.0,,,,3,1,1,1,6
202100022033,2021-08-27 15:32:00,2021,8,27,15,32,13,13215,A7-Sens Marseille vers Lyon,43.33876,5.37686,Plein jour,Hors agglomération,Hors intersection,Normale,Deux véhicules - côté,1,1,2,0,1,1,1,0,1,70,,2,1,0,0,1,28.0,29.0,,,1,1,1,1,3
202100022034,2021-08-28 10:30:00,2021,8,28,10,30,13,13019,A51-Sens Marseille vers Aix en Provence,43.4272270327,5.383756076,Plein jour,Hors agglomération,Hors intersection,Normale,Deux véhicules - arrière,1,1,2,0,1,1,1,8,1,70,,4,3,0,0,1,29.0,85.0,,,1,1,1,1,2
202100022035,2021-08-27 17:25:00,2021,8,27,17,25,13,13085,A50-Sens Toulon vers Aubagne,43.2448510369,5.5955829619,Plein jour,Hors agglomération,Hors intersection,Normale,Deux véhicules - arrière,1,1,3,0,1,1,1,0,8,110,,2,1,0,0,1,24.0,40.0,,,1,1,1,1,2
202100022036,2021-08-28 07:10:00,2021,8,28,7,10,13,13215,A7-Sens Marseille vers Lyon,43.342477,5.375889,Crépuscule ou aube,Hors agglomération,Hors intersection,Normale,Trois véhicules et plus - collisions multiples,1,1,2,0,2,2,1,0,1,70,,4,3,0,0,1,47.0,27.0,,,2,1,1,1,5
202100022037,2021-08-29 01:30:00,2021,8,29,1,30,69,69256,A42,45.7930081232,4.9185144424,Nuit sans éclairage public,Hors agglomération,Hors intersection,Normale,Deux véhicules - arrière,1,3,4,0,1,1,1,0,1,90,,3,0,0,0,3,40.0,60.0,,,3,1,1,1,2
202100022038,2021-08-28 21:30:00,2021,8,28,21,30,69,69009,A6,45.94407,4.71868,Nuit sans éclairage public,Hors agglomération,Hors intersection,Normale,Deux véhicules - arrière,1,3,7,0,1,1,1,3,1,110,,3,1,0,0,2,22.0,21.0,,,3,1,1,1,2
202100022039,2021-08-28 20:15:00,2021,8,28,20,15,91,91161,AUTOROUTE A6,48.70186,2.30822,Plein jour,Hors agglomération,Hors intersection,Normale,Deux véhicules - arrière,1,3,3,0,1,1,1,0,1,110,,4,3,0,0,1,21.0,25.0,,,1,1,1,1,2
202100022040,2021-08-29 16:48:00,2021,8,29,16,48,78,78007,A13W,48.89533,2.00684,Plein jour,Hors agglomération,Hors intersection,Pluie légère,Deux véhicules - arrière,1,3,4,0,1,1,2,0,1,110,,6,5,0,0,1,40.0,35.0,,,1,1,1,2,2
202100022041,2021-08-29 08:30:00,2021,8,29,8,30,78,78646,RN12,48.793011,2.084819,Plein jour,Hors agglomération,Hors intersection,Normale,Autre collision,2,3,3,0,1,1,1,0,1,110,,1,0,0,1,0,35.0,,,,1,1,1,1,6
202100022042,2021-08-28 00:17:00,2021,8,28,0,17,92,92048,N118,48.8113020456,2.2129734665,Nuit sans éclairage public,Hors agglomération,Hors intersection,Normale,Autre collision,2,1,3,0,1,1,1,0,1,70,,4,3,0,1,0,36.0,,,,3,1,1,1,6
202100022043,2021-08-29 12:43:00,2021,8,29,12,43,93,93006,AUTOROUTE A3,48.8667,2.423,Plein jour,Hors agglomération,Autre intersection,Normale,Deux véhicules - arrière,1,3,8,0,2,2,1,0,1,70,,4,1,0,0,3,38.0,39.0,,,1,1,9,1,2
202100022044,2021-07-29 05:30:00,2021,7,29,5,30,77,77121,A4,48.83332,2.66667,Nuit sans éclairage public,Hors agglomération,Hors intersection,Normale,Deux véhicules - arrière,1,-1,3,0,1,1,1,0,1,110,,5,0,0,0,5,22.0,36.0,,,3,1,1,1,2
202100022045,2021-08-28 23:12:00,2021,8,28,23,12,94,94052,A86.EXT,48.8353272552,2.4937909007,Nuit avec éclairage allumé,Hors agglomération,Hors intersection,Normale,Deux véhicules - côté,1,1,2,0,1,3,1,1,1,90,,3,0,0,0,3,37.0,30.0,,,5,1,1,1,3
202100022046,2021-08-28 05:00:00,2021,8,28,5,0,94,94018,A4,48.8205076244,2.4018322324,Nuit sans éclairage public,Hors agglomération,Hors intersection,Normale,Trois véhicules et plus - en chaîne,1,3,5,0,1,1,1,0,1,90,,3,1,0,1,1,27.0,37.0,,,3,1,1,1,4
202100022047,2021-04-06 13:54:00,2021,4,6,13,54,25,25367,41 Rue de Beaulieu,47.444753,6.816351,Plein jour,En agglomération,Hors intersection,Normale,Deux véhicules - côté,3,2,2,2,1,2,1,0,1,50,,2,1,0,0,1,35.0,46.0,,,1,2,1,1,3
202100022048,2021-08-24 14:50:00,2021,8,24,14,50,05,05061,DAVID MARTIN ( RUE ),44.558843,6.076733,Plein jour,En agglomération,Hors intersection,Pluie légère,Autre collision,4,2,2,0,1,2,2,0,1,50,,2,1,0,1,0,56.0,,,,1,2,1,2,6
202100022049,2021-08-28 05:30:00,2021,8,28,5,30,976,97611,mgombani-M'Gombani ( rue de ),-12.7867,45.22552,Crépuscule ou aube,En agglomération,Intersection en T,Normale,Autre collision,2,3,4,0,1,1,1,9,1,50,,2,1,0,0,1,30.0,,,,2,2,3,1,6
202100022050,2021-08-28 15:15:00,2021,8,28,15,15,976,97611,kaweni-Archipel (avenue de l'),-12.7759,45.22583,Plein jour,En agglomération,Hors intersection,Normale,Deux véhicules - côté,2,2,2,0,1,1,1,0,1,50,,3,1,0,0,2,35.0,22.0,,,1,2,1,1,3
202100022051,2021-08-27 14:55:00,2021,8,27,14,55,976,97611,mamoudzou centre-Mamawe (rue),-12.78035,45.23154,Plein jour,En agglomération,Intersection en T,Normale,Deux véhicules - frontale,4,1,1,0,2,1,1,0,1,30,,2,1,0,0,1,25.0,27.0,,,1,2,3,1,1
202100022052,2021-08-28 07:30:00,2021,8,28,7,30,974,97411,MONTAGNE (ROUTE DE LA),-20.88674,55.43503,Crépuscule ou aube,Hors agglomération,Hors intersection,Pluie légère,Sans collision,3,2,2,0,2,3,2,0,1,50,,3,1,0,0,2,20.0,,,,2,1,1,2,7
202100022053,2021-08-28 19:00:00,2021,8,28,19,0,974,97407,VERGES(AVENUE),-20.93994,55.3056,Nuit avec éclairage allumé,En agglomération,Giratoire,Pluie légère,Deux véhicules - côté,4,-1,0,0,1,2,2,0,1,50,,2,1,0,0,1,63.0,57.0,,,5,2,6,2,3
202100022054,2021-08-28 23:55:00,2021,8,28,23,55,973,97309,TROUBIRAN (CHEMIN DE),4.920060078,-52.3044061662,Nuit sans éclairage public,En agglomération,Hors intersection,Normale,Deux véhicules - frontale,4,2,2,0,1,1,1,0,1,50,,2,0,0,0,2,19.0,17.0,,,3,2,1,1,1
202100022055,2021-08-28 03:40:00,2021,8,28,3,40,69,69388,PIERRE VERGER (R),45.73149,4.87393,Nuit avec éclairage allumé,En agglomération,Intersection en X,Normale,Deux véhicules - côté,4,3,2,2,1,1,1,0,1,50,,5,1,0,0,4,18.0,37.0,,,5,2,2,1,3