accident_id,datetime,annee,mois,jour,heure,minute,departement,commune_insee,adresse,latitude,longitude,luminosite,agglomeration,intersection,meteo,collision,catr,circ,nbv,vosp,prof,plan,surf,infra,situ,vma,nb_vehicules,nb_usagers,nb_indemnes,nb_tues,nb_blesses_hosp,nb_blesses_legers,age_cond_1,age_cond_2,veh_type_cond_1,veh_type_cond_2,lum_code,agg_code,int_code,atm_code,col_code
202100022056,2021-08-28 14:30:00,2021,8,28,14,30,972,97213,Z I CALIFORNIE,14.61794,-61.03035,Plein jour,Hors agglomération,Hors intersection,Normale,Deux véhicules - arrière,1,1,7,0,1,1,1,3,1,90,,2,1,0,0,1,22.0,22.0,,,1,1,1,1,2
202100022057,2021-08-27 11:20:00,2021,8,27,11,20,972,97213,AUTOROUTE A1,14.61548,-61.01395,Plein jour,Hors agglomération,Hors intersection,Normale,Trois véhicules et plus - en chaîne,1,1,3,0,1,1,1,0,1,90,,4,2,0,0,2,37.0,53.0,,,1,1,1,1,4
202100022058,2021-08-29 01:00:00,2021,8,29,1,0,69,69381,GENERAL GIRAUD (DU) (CR),45.76952,4.82402,Nuit avec éclairage allumé,En agglomération,Intersection en Y,Normale,Deux véhicules - côté,4,2,2,2,2,3,1,0,1,50,,2,1,0,0,1,20.0,,,,5,2,4,1,3
202100022059,2021-08-28 14:41:00,2021,8,28,14,41,2A,2A004,ROUTE DU STILETTO,41.9465,8.76466,Plein jour,En agglomération,Hors intersection,Normale,Deux véhicules - côté,3,-1,2,0,1,1,1,0,1,50,,2,1,0,0,1,44.0,42.0,,,1,2,1,1,3
202100022060,2021-08-28 15:00:00,2021,8,28,15,0,91,91692,R.N 446,48.67885,2.19128,Plein jour,En agglomération,Intersection en T,Normale,Deux véhicules - frontale,2,-1,2,0,1,2,1,0,1,50,,3,2,0,1,0,29.0,47.0,,,1,2,3,1,1
202100022061,2021-08-28 13:53:00,2021,8,28,13,53,91,91691,PAUL DOUMER(RUE),48.7175,2.51062,Plein jour,En agglomération,Autre intersection,Normale,Autre collision,4,2,2,0,1,1,1,0,1,30,,2,1,0,0,1,27.0,64.0,,,1,2,9,1,6
202100022062,2021-08-28 14:20:00,2021,8,28,14,20,91,91479,AV JEAN JAURES,48.71094,2.36881,Plein jour,En agglomération,Intersection en X,Normale,Deux véhicules - côté,4,2,2,0,1,1,1,5,1,50,,4,2,0,0,2,23.0,23.0,,,1,2,2,1,3
202100022063,2021-08-28 13:20:00,2021,8,28,13,20,83,83090,PARKING CENT.RE CIAL CARREFOUR,43.12451,5.87614,Plein jour,Hors agglomération,Hors intersection,Normale,Deux véhicules - côté,6,-1,-1,0,1,1,1,9,8,30,,2,1,0,0,1,28.0,62.0,,,1,1,1,1,3
202100022064,2021-08-28 17:50:00,2021,8,28,17,50,81,81004,TEYSSIER (AV DU COLONEL),43.92505,2.1503,Plein jour,En agglomération,Hors intersection,Normale,Autre collision,4,2,2,0,1,1,1,0,1,50,,2,1,0,1,0,43.0,,,,1,2,1,1,6
202100022065,2021-08-28 15:20:00,2021,8,28,15,20,76,76429,AMFREVILLE. ROUTE D',49.3981,1.1424,Plein jour,Hors agglomération,Hors intersection,Normale,Sans collision,7,2,2,0,1,2,1,0,1,80,,1,0,0,0,1,22.0,,,,1,1,1,1,7
202100022066,2021-08-28 07:10:00,2021,8,28,7,10,76,76681,CD 18E (BOULEVARD INDUSTRIEL),49.41655,1.10785,Crépuscule ou aube,En agglomération,Hors intersection,Normale,Deux véhicules - côté,7,3,4,0,2,1,1,0,1,70,,2,1,0,0,1,,77.0,,,2,2,1,1,3
202100022067,2021-08-19 16:10:00,2021,8,19,16,10,76,76217,CURIE (RUE PIERRE),49.91761,1.07727,Plein jour,En agglomération,Giratoire,Normale,Deux véhicules - frontale,4,2,2,0,1,1,1,0,1,50,,2,1,0,0,1,55.0,16.0,,,1,2,6,1,1
202100022068,2021-08-28 16:10:00,2021,8,28,16,10,74,74133,LIBERATION (RUE DE LA),46.1874,6.2087,Plein jour,En agglomération,Hors intersection,Normale,Deux véhicules - frontale,4,2,2,0,1,1,1,0,1,50,,2,1,0,0,1,31.0,51.0,,,1,2,1,1,1
202100022069,2021-08-27 17:40:00,2021,8,27,17,40,74,74012,LIVRON (ROUTE DE),46.18865,6.25077,Plein jour,En agglomération,Hors intersection,Normale,Deux véhicules - frontale,4,2,2,0,2,1,1,0,1,50,,3,2,0,0,1,31.0,64.0,,,1,2,1,1,1
202100022070,2021-08-28 19:30:00,2021,8,28,19,30,64,64024,CHAMBRE D'AMOUR (AVENUE DE LA),43.49523,-1.53497,Plein jour,En agglomération,Hors intersection,Normale,Deux véhicules - côté,4,2,2,0,2,1,1,0,1,50,,2,1,0,0,1,74.0,20.0,,,1,2,1,1,3
202100022071,2021-08-27 15:10:00,2021,8,27,15,10,60,60175,ALLENDE (BOULEVARD SALVADOR),49.25182,2.47667,Plein jour,En agglomération,Hors intersection,Normale,Deux véhicules - côté,4,2,3,0,1,1,1,0,1,50,,2,1,0,0,1,26.0,12.0,,,1,2,1,1,3
202100022072,2021-08-28 14:35:00,2021,8,28,14,35,59,59350,CHASSEURS DE DRIANT PLACE DES,50.61856,3.03261,Plein jour,En agglomération,Hors intersection,Normale,Autre collision,7,1,2,0,1,1,1,0,1,50,,2,1,0,0,1,39.0,,,,1,2,1,1,6
202100022073,2021-08-28 07:35:00,2021,8,28,7,35,59,59350,WAZEMMES RUE DE N°63-78 A FIN,50.62298,3.05537,Crépuscule ou aube,En agglomération,Intersection en T,Pluie légère,Deux véhicules - côté,4,2,2,0,1,1,2,0,1,50,,3,1,0,0,2,25.0,,,,2,2,3,2,3
202100022074,2021-08-27 20:20:00,2021,8,27,20,20,51,51454,Rue Albert Thomas,49.2338178475,4.0485735575,Plein jour,En agglomération,Hors intersection,Normale,Sans collision,3,2,2,0,1,1,1,0,1,50,,2,1,0,0,1,30.0,,,,1,2,1,1,7
202100022075,2021-08-27 20:30:00,2021,8,27,20,30,51,51454,Boulevard du Président Wilson,49.24186,4.01772,Plein jour,En agglomération,Giratoire,Normale,Deux véhicules - arrière,4,4,2,0,1,1,1,5,1,50,,4,3,0,0,1,22.0,26.0,,,1,2,6,1,2
202100022076,2021-08-28 13:14:00,2021,8,28,13,14,49,49267,A87N,47.48609,-0.49749,Plein jour,En agglomération,Hors intersection,Normale,Trois véhicules et plus - en chaîne,1,3,4,0,1,1,1,0,1,90,,9,3,0,1,5,47.0,22.0,,,1,2,1,1,4
202100022077,2021-08-28 15:20:00,2021,8,28,15,20,45,45302,Rue Passe Debout,47.9369299793,1.8869871497,Plein jour,En agglomération,Giratoire,Normale,Deux véhicules - côté,4,1,2,0,1,2,1,0,1,50,,3,2,0,0,1,33.0,46.0,,,1,2,6,1,3
202100022078,2021-08-28 07:05:00,2021,8,28,7,5,38,38185,RUE LUCIEN ANDRIEUX,45.16453,5.72127,Plein jour,En agglomération,Hors intersection,Normale,Deux véhicules - arrière,4,2,3,2,1,1,1,0,1,50,,2,1,0,0,1,33.0,27.0,,,1,2,1,1,2
202100022079,2021-08-28 15:25:00,2021,8,28,15,25,35,35238,ROCADE 14-15,48.113101,-1.718584,Plein jour,Hors agglomération,Hors intersection,Normale,Deux véhicules - arrière,2,3,6,0,1,1,1,0,1,90,,3,2,0,0,1,35.0,22.0,,,1,1,1,1,2
202100022080,2021-08-27 17:40:00,2021,8,27,17,40,34,34301,CHAVASSE (RUE),43.41001,3.68831,Plein jour,En agglomération,Intersection en X,Normale,Deux véhicules - côté,4,-1,2,0,1,1,1,0,1,50,,2,1,0,1,0,45.0,52.0,,,1,2,2,1,3
202100022081,2021-08-27 21:30:00,2021,8,27,21,30,34,34172,RAVAZ (AVENUE DU PROFESSEUR LOUIS,43.62089,3.84908,Nuit avec éclairage non allumé,En agglomération,Hors intersection,Normale,Trois véhicules et plus - en chaîne,4,2,2,0,1,1,1,0,1,50,,3,2,0,1,0,20.0,25.0,,,4,2,1,1,4
202100022082,2021-08-28 12:40:00,2021,8,28,12,40,33,33162,Rue Jude,44.8656,-0.63542,Plein jour,En agglomération,Intersection en X,Normale,Deux véhicules - côté,4,-1,2,1,1,1,1,0,1,50,,2,1,0,1,0,53.0,64.0,,,1,2,2,1,3
202100022083,2021-08-28 10:50:00,2021,8,28,10,50,33,33063,Cours Aristide Briand,44.831845,-0.5773,Plein jour,En agglomération,Intersection en X,Normale,Deux véhicules - côté,4,2,3,3,1,1,1,0,1,50,,2,1,0,0,1,16.0,74.0,,,1,2,2,1,3
202100022084,2021-08-28 16:00:00,2021,8,28,16,0,33,33529,BISCAROSSE (AVE) DUNE VERS BISCA,44.57977,-1.2127,Plein jour,Hors agglomération,Hors intersection,Normale,Deux véhicules - arrière,3,2,2,0,1,1,1,0,1,70,,3,0,0,0,3,19.0,25.0,,,1,1,1,1,2
202100022085,2021-08-28 19:00:00,2021,8,28,19,0,30,30007,BROUZEN (RUE DE),44.131,4.07081,Plein jour,En agglomération,Intersection en Y,Normale,Autre collision,4,2,2,0,1,2,1,0,1,50,,2,1,0,0,1,30.0,,,,1,2,4,1,6
202100022086,2021-08-27 19:20:00,2021,8,27,19,20,29,29232,Rue du Manoir,48.00324709,-4.108861531,Plein jour,En agglomération,Hors intersection,Normale,Autre collision,4,2,1,0,1,1,1,0,1,50,,2,1,0,0,1,,,,,1,2,1,1,6
202100022087,2021-08-27 11:40:00,2021,8,27,11,40,25,25462,SALINS DE (DU 16 AU 63),46.90651,6.34777,Plein jour,En agglomération,Hors intersection,Normale,Deux véhicules - frontale,4,2,1,0,1,1,1,0,1,50,,2,1,0,0,1,43.0,63.0,,,1,2,1,1,1
202100022088,2021-08-27 19:25:00,2021,8,27,19,25,21,21054,82 Route de Verdun,47.004176815,4.8578089909,Plein jour,Hors agglomération,Hors intersection,Normale,Autre collision,3,2,2,0,1,1,1,0,3,70,,1,0,1,0,0,20.0,,,,1,1,1,1,6
202100022089,2021-08-27 12:05:00,2021,8,27,12,5,19,19272,Dr Valette (Rue),45.25392,1.75975,Plein jour,En agglomération,Autre intersection,Normale,Deux véhicules - côté,4,2,2,0,1,1,1,0,1,50,,2,1,1,0,0,53.0,49.0,,,1,2,9,1,3
202100022090,2021-08-27 18:05:00,2021,8,27,18,5,19,19272,Georges Clémenceau (Bd),45.2654022165,1.7636997144,Plein jour,En agglomération,Hors intersection,Normale,Autre collision,4,2,2,0,1,2,9,6,1,30,,1,0,0,1,0,25.0,,,,1,2,1,1,6
202100022091,2021-08-28 11:55:00,2021,8,28,11,55,18,18205,RD 400 (Rocade),47.1018809898,2.3329561691,Plein jour,Hors agglomération,Hors intersection,Normale,Deux véhicules - frontale,3,2,2,0,1,2,1,0,1,90,,4,0,1,2,1,78.0,20.0,,,1,1,1,1,1
202100022092,2021-08-27 17:56:00,2021,8,27,17,56,17,17306,PONTAILLAC (DE) (AVENUE),45.62135,-1.037789,Plein jour,En agglomération,Hors intersection,Normale,Trois véhicules et plus - en chaîne,4,2,2,0,1,1,1,0,1,30,,7,5,0,0,2,53.0,65.0,,,1,2,1,1,4
202100022093,2021-08-28 22:15:00,2021,8,28,22,15,17,17300,NORMANDIN   RUE EMILE,46.1495,-1.14465,Nuit avec éclairage allumé,En agglomération,Intersection en T,Normale,Deux véhicules - côté,4,2,2,0,2,1,1,0,5,30,,2,1,0,0,1,52.0,6.0,,,5,2,3,1,3
202100022094,2021-08-28 17:15:00,2021,8,28,17,15,13,13203,LOUBON (RUE),43.3124492524,5.3805482921,Plein jour,En agglomération,Hors intersection,Normale,Deux véhicules - côté,4,2,1,0,1,1,1,0,1,50,,3,2,0,1,0,19.0,55.0,,,1,2,1,1,3
202100022095,2021-08-28 15:20:00,2021,8,28,15,20,13,13208,HAMBOURG (BOULEVARD),43.2510770678,5.3880052222,Plein jour,En agglomération,Hors intersection,Normale,Deux véhicules - côté,4,2,-1,0,2,1,1,0,1,50,,2,1,0,1,0,23.0,,,,1,2,1,1,3
202100022096,2021-08-28 01:40:00,2021,8,28,1,40,13,13209,COL DE LA GINESTE D559,43.24734,5.40702,Nuit avec éclairage allumé,En agglomération,Intersection en T,Normale,Deux véhicules - côté,7,1,1,0,1,1,1,0,1,50,,4,0,0,1,3,47.0,47.0,,,5,2,3,1,3
202100022097,2021-08-28 02:45:00,2021,8,28,2,45,13,13098,FONTAINE DU LOUP  CHEMIN DE LA,43.45582,5.01828,Nuit avec éclairage allumé,En agglomération,Hors intersection,Normale,Deux véhicules - frontale,4,2,1,0,1,1,1,0,4,30,,2,1,0,0,1,31.0,,,,5,2,1,1,1
202100022098,2021-08-28 17:30:00,2021,8,28,17,30,13,13047,CARDALINES AVENUE DES,43.49423,4.98474,Plein jour,En agglomération,Hors intersection,Normale,Deux véhicules - côté,4,2,0,0,1,3,1,0,1,50,,2,1,0,1,0,81.0,,,,1,2,1,1,3
202100022099,2021-08-27 11:34:00,2021,8,27,11,34,10,10362,RD 660,48.30092,4.02122,Plein jour,En agglomération,Hors intersection,Normale,Trois véhicules et plus - en chaîne,3,2,2,0,1,1,1,0,1,90,,5,2,0,0,3,24.0,46.0,,,1,2,1,1,4
202100022100,2021-08-27 09:26:00,2021,8,27,9,26,10,10362,RD 660,48.29684,4.0067,Plein jour,Hors agglomération,Hors intersection,Normale,Deux véhicules - arrière,3,2,2,0,1,1,1,0,1,90,,2,1,0,0,1,20.0,32.0,,,1,1,1,1,2
202100022101,2021-08-27 12:15:00,2021,8,27,12,15,07,07019,BELLANDE (AVENUE DE ),44.61322,4.39884,Plein jour,En agglomération,Hors intersection,Normale,Deux véhicules - côté,4,2,1,0,1,1,1,0,1,50,,2,1,0,1,0,37.0,48.0,,,1,2,1,1,3
202100022102,2021-08-28 18:50:00,2021,8,28,18,50,06,06030,MOULIN (BOULEVARD JEAN),43.56226,6.96641,Plein jour,En agglomération,Hors intersection,Normale,Deux véhicules - côté,3,2,4,2,1,1,1,0,1,50,,2,1,0,0,1,29.0,29.0,,,1,2,1,1,3
202100022103,2021-08-28 12:15:00,2021,8,28,12,15,75,75118,BD PERIPHERIQUE EXTERIEUR,48.9009201845,2.3638790846,Plein jour,En agglomération,Intersection en Y,Normale,Autre collision,4,1,4,0,1,1,1,0,1,70,,1,0,0,0,1,61.0,,,,1,2,4,1,6
202100022104,2021-08-27 18:45:00,2021,8,27,18,45,75,75120,PORTE DES LILAS,48.877218,2.408928,Plein jour,En agglomération,Hors intersection,Normale,Deux véhicules - arrière,4,1,4,0,1,1,1,0,1,70,,2,1,0,0,1,22.0,25.0,,,1,2,1,1,2
202100022105,2021-08-27 14:00:00,2021,8,27,14,0,75,75117,PORTE DE SAINT OUEN,48.900501,2.324889,Plein jour,En agglomération,Hors intersection,Normale,Deux véhicules - côté,4,1,4,0,1,1,1,0,1,70,,2,1,0,1,0,48.0,26.0,,,1,2,1,1,3
202100022106,2021-08-27 01:35:00,2021,8,27,1,35,75,75105,RUE SOUFFLOT,48.8468,2.343347,Nuit avec éclairage allumé,En agglomération,Intersection en X,Normale,Deux véhicules - frontale,4,2,2,1,1,1,1,0,5,50,,2,1,0,1,0,54.0,20.0,,,5,2,2,1,1
202100022107,2021-08-27 03:30:00,2021,8,27,3,30,75,75119,LIMITE ADMINISTRATIVE,48.896248,2.396707,Nuit sans éclairage public,En agglomération,Hors intersection,Normale,Autre collision,4,2,0,0,1,1,1,6,1,1,,1,0,0,1,0,21.0,,,,3,2,1,1,6
202100022108,2021-08-28 05:45:00,2021,8,28,5,45,75,75118,RUE CUSTINE,48.888848,2.346536,Nuit avec éclairage allumé,En agglomération,Intersection en X,Normale,Autre collision,4,2,2,0,2,1,1,0,1,50,,3,1,0,0,2,,,,,5,2,2,1,6
202100022109,2021-08-28 03:00:00,2021,8,28,3,0,75,75119,AVENUE JEAN JAURES,48.885914,2.382204,Nuit avec éclairage allumé,En agglomération,Intersection en X,Normale,Autre collision,4,2,5,0,1,1,1,0,1,30,,2,0,0,0,2,44.0,,,,5,2,2,1,6
202100022110,2021-08-28 00:35:00,2021,8,28,0,35,75,75118,AVENUE DE LA PORTE DE MONTMARTRE,48.8989914368,2.3363882227,Nuit avec éclairage allumé,En agglomération,Intersection en T,Normale,Deux véhicules - côté,4,2,2,0,1,1,1,0,1,30,,2,1,0,0,1,29.0,23.0,,,5,2,3,1,3
202100022111,2021-08-27 21:50:00,2021,8,27,21,50,75,75117,RUE BREY,48.876861,2.295299,Nuit avec éclairage allumé,En agglomération,Hors intersection,Normale,Autre collision,4,1,1,1,2,1,1,0,1,50,,2,1,0,0,1,30.0,,,,5,2,1,1,6
202100022112,2021-08-28 05:30:00,2021,8,28,5,30,75,75116,AVENUE DU PRESIDENT KENNEDY,48.855977,2.28543,Nuit avec éclairage allumé,En agglomération,Hors intersection,Normale,Deux véhicules - côté,4,2,3,0,1,1,1,0,1,50,,2,1,0,0,1,,25.0,,,5,2,1,1,3
202100022113,2021-08-28 15:40:00,2021,8,28,15,40,75,75107,RUE DE L UNIVERSITE,48.861115,2.310298,Plein jour,En agglomération,Intersection en X,Normale,Autre collision,4,2,2,1,1,1,1,0,5,30,,3,2,0,0,1,17.0,,,,1,2,2,1,6
202100022114,2021-08-28 18:00:00,2021,8,28,18,0,75,75113,QUAI D AUSTERLITZ,48.841896,2.367867,Plein jour,En agglomération,Intersection en X,Normale,Deux véhicules - côté,4,2,3,0,1,1,1,2,1,50,,2,1,0,0,1,42.0,31.0,,,1,2,2,1,3
202100022115,2021-08-27 23:30:00,2021,8,27,23,30,75,75112,BOULEVARD DE LA BASTILLE,48.850041,2.368571,Nuit avec éclairage allumé,En agglomération,Intersection en Y,Normale,Autre collision,4,1,2,1,1,1,1,0,1,50,,1,0,0,0,1,38.0,,,,5,2,4,1,6
202100022116,2021-08-28 11:40:00,2021,8,28,11,40,75,75111,AVENUE PARMENTIER,48.8668776825,2.3733601174,Plein jour,En agglomération,Intersection en X,Pluie légère,Deux véhicules - côté,4,2,2,0,1,1,2,0,1,30,,2,1,0,0,1,23.0,37.0,,,1,2,2,2,3
202100022117,2021-08-28 18:20:00,2021,8,28,18,20,75,75110,BOULEVARD DE MAGENTA,48.87483,2.357397,Plein jour,En agglomération,Intersection en X,Normale,Sans collision,4,2,4,1,1,1,1,0,5,50,,1,0,0,0,1,28.0,,,,1,2,2,1,7
202100022118,2021-08-28 14:15:00,2021,8,28,14,15,75,75110,BOULEVARD DE STRASBOURG,48.870113,2.354695,Plein jour,En agglomération,Hors intersection,Normale,Deux véhicules - côté,4,2,5,1,1,1,1,0,5,30,,2,1,0,0,1,,35.0,,,1,2,1,1,3
202100022119,2021-08-28 20:40:00,2021,8,28,20,40,94,94068,PIE (QU DE LA),48.7889,2.4745,Nuit avec éclairage non allumé,En agglomération,Hors intersection,Normale,Sans collision,3,1,1,0,1,1,1,0,1,30,,1,0,0,0,1,18.0,,,,4,2,1,1,7
202100022120,2021-08-28 17:15:00,2021,8,28,17,15,94,94073,LEON MARCHAND (AV),48.76594,2.39046,Plein jour,En agglomération,Autre intersection,Normale,Deux véhicules - arrière,3,3,2,0,2,1,1,0,1,50,,2,1,0,0,1,45.0,61.0,,,1,2,9,1,2
202100022121,2021-08-28 06:35:00,2021,8,28,6,35,94,94017,Avenue de la République,48.81888,2.51176,Crépuscule ou aube,En agglomération,Hors intersection,Normale,Autre collision,3,2,2,0,1,1,1,0,1,50,,1,0,0,0,1,24.0,,,,2,2,1,1,6
202100022122,2021-08-28 18:45:00,2021,8,28,18,45,93,93078,Avenue Georges Clémenceau / Boulevard Robert Ballanger,48.96191,2.55485,Plein jour,En agglomération,Giratoire,Normale,Deux véhicules - arrière,3,3,4,0,1,1,1,5,1,50,,2,1,0,0,1,37.0,28.0,,,1,2,6,1,2
202100022123,2021-08-28 00:00:00,2021,8,28,0,0,93,93070,DOCTEUR LEONCE-BASSET(RUE),48.91502,2.33551,Nuit avec éclairage allumé,En agglomération,Hors intersection,Normale,Autre collision,4,-1,1,0,1,1,1,0,1,50,,2,1,0,0,1,45.0,,,,5,2,1,1,6
202100022124,2021-08-27 13:25:00,2021,8,27,13,25,93,93055,GENERAL LECLERC(AVE DU)(43/87 ET 78/120),48.89669,2.40244,Plein jour,En agglomération,Hors intersection,Normale,Autre collision,3,2,2,0,1,1,1,0,1,50,,2,0,0,0,2,24.0,,,,1,2,1,1,6
202100022125,2021-08-26 15:20:00,2021,8,26,15,20,93,93055,GENERAL LECLERC (AVENUE)(1/41 ET 2/76),48.89827,2.40626,Plein jour,En agglomération,Hors intersection,Normale,Deux véhicules - arrière,3,-1,1,0,1,1,1,0,1,50,,2,1,0,0,1,36.0,52.0,,,1,2,1,1,2
202100022126,2021-08-28 15:10:00,2021,8,28,15,10,93,93006,Avenue Galliéni,48.8604986964,2.4153828621,Plein jour,En agglomération,Hors intersection,Normale,Autre collision,3,2,2,0,1,1,1,0,1,50,,2,1,0,0,1,32.0,,,,1,2,1,1,6
202100022127,2021-08-28 20:05:00,2021,8,28,20,5,93,93010,SALENGRO (RUE ROGER) 2 A 52,48.8994,2.478334,Plein jour,En agglomération,Hors intersection,Normale,Deux véhicules - côté,4,1,1,0,1,1,1,0,1,50,,2,0,0,0,2,17.0,30.0,,,1,2,1,1,3
202100022128,2021-08-28 10:55:00,2021,8,28,10,55,92,92046,ETIENNE DOLET (RUE),48.8164805186,2.2973200679,Plein jour,En agglomération,Hors intersection,Normale,Sans collision,4,2,1,0,1,1,1,0,1,30,,2,1,0,0,1,45.0,,,,1,2,1,1,7
202100022129,2021-08-28 21:30:00,2021,8,28,21,30,92,92050,BOULEVARD DE LA DEFENSE,48.8972431612,2.2243183851,Nuit avec éclairage allumé,En agglomération,Intersection en X,Normale,Deux véhicules - côté,3,1,2,0,1,1,1,0,1,50,,3,2,0,0,1,29.0,32.0,,,5,2,2,1,3
202100022130,2021-08-28 12:12:00,2021,8,28,12,12,92,92024,GUSTAVE EIFFEL (RUE),48.9043045185,2.2957386679,Plein jour,En agglomération,Hors intersection,Normale,Sans collision,4,2,2,0,1,1,1,0,1,50,,2,1,0,0,1,64.0,39.0,,,1,2,1,1,7
202100022131,2021-08-27 23:05:00,2021,8,27,23,5,92,92024,MARTRE DE (4 A 54),48.9008837673,2.3080407602,Nuit avec éclairage allumé,En agglomération,Intersection en X,Normale,Deux véhicules - frontale,3,1,3,1,1,1,1,0,5,50,,2,1,0,0,1,36.0,22.0,,,5,2,2,1,1
202100022132,2021-08-28 03:41:00,2021,8,28,3,41,92,92012,PIERRE LEFAUCHEUX (AVENUE),48.8256114262,2.2391400512,Nuit avec éclairage allumé,En agglomération,Hors intersection,Normale,Autre collision,4,2,2,0,1,3,1,0,4,50,,1,0,0,0,1,20.0,,,,5,2,1,1,6
202100022133,2021-08-28 15:00:00,2021,8,28,15,0,71,71272,D67,46.586634,4.698761,Plein jour,Hors agglomération,Intersection en T,Normale,Deux véhicules - côté,3,2,2,0,1,1,1,5,8,80,,2,1,0,1,0,78.0,60.0,,,1,1,3,1,3
202100022134,2021-08-28 05:40:00,2021,8,28,5,40,84,84137,415 Route d Orange,44.238222,5.051968,Crépuscule ou aube,En agglomération,Hors intersection,Normale,Sans collision,3,2,1,0,1,2,1,0,3,50,,1,0,0,1,0,25.0,,,,2,2,1,1,7
202100022135,2021-08-28 07:30:00,2021,8,28,7,30,57,57071,60 Grand Rue,48.80407,7.016903,Crépuscule ou aube,Hors agglomération,Hors intersection,Normale,Autre collision,3,2,2,0,4,1,1,0,3,80,,1,0,0,1,0,20.0,,,,2,1,1,1,6
202100022136,2021-08-28 02:15:00,2021,8,28,2,15,11,11098,D6113,43.18243,2.692723,Nuit sans éclairage public,Hors agglomération,Hors intersection,Normale,Autre collision,3,2,2,0,1,2,1,0,3,80,,1,0,0,1,0,39.0,,,,3,1,1,1,6
202100022137,2021-08-27 21:35:00,2021,8,27,21,35,35,35273,A 84,48.387448,-1.305923,Nuit sans éclairage public,Hors agglomération,Hors intersection,Normale,Sans collision,1,3,4,0,1,1,1,0,3,130,,1,0,0,1,0,37.0,,,,3,1,1,1,7
202100022138,2021-08-28 18:20:00,2021,8,28,18,20,42,42003,Route de Saint Forgeux,46.108707,3.928149,Plein jour,Hors agglomération,Hors intersection,Normale,Autre collision,3,2,2,0,1,2,1,0,1,80,,1,0,0,1,0,20.0,,,,1,1,1,1,6
202100022139,2021-08-28 14:20:00,2021,8,28,14,20,58,58303,A77,47.028248,3.164234,Plein jour,Hors agglomération,Hors intersection,Normale,Autre collision,1,3,4,0,1,1,1,0,1,130,,1,0,0,1,0,61.0,,,,1,1,1,1,6
202100022140,2021-08-28 18:30:00,2021,8,28,18,30,62,62451,rue de létoile,50.479985,2.275329,Plein jour,En agglomération,Hors intersection,Normale,Autre collision,3,2,2,0,2,3,1,0,4,50,,2,1,0,1,0,32.0,,,,1,2,1,1,6
202100022141,2021-08-25 19:50:00,2021,8,25,19,50,77,77440,D603,48.948347,3.073066,Plein jour,En agglomération,Intersection en T,Normale,Deux véhicules - côté,3,3,2,0,1,3,1,0,1,50,,5,2,0,1,2,22.0,52.0,,,1,2,3,1,3
202100022142,2021-08-27 16:15:00,2021,8,27,16,15,37,37194,,47.4994646759,0.8522246243,Plein jour,Hors agglomération,Hors intersection,Normale,Deux véhicules - arrière,1,1,3,0,2,1,1,0,1,130,,3,1,0,0,2,53.0,49.0,,,1,1,1,1,2
202100022143,2021-08-26 18:30:00,2021,8,26,18,30,30,30135,D 999,43.830367,4.563712,Crépuscule ou aube,En agglomération,Intersection en T,Normale,Deux véhicules - côté,3,2,2,0,1,1,1,0,1,50,,2,1,0,0,1,52.0,38.0,,,2,2,3,1,3
202100022144,2021-08-28 17:22:00,2021,8,28,17,22,51,51507,Rue Florion,49.0889753314,4.8883008347,Plein jour,En agglomération,Intersection en X,Pluie légère,Deux véhicules - côté,3,2,1,0,2,1,2,0,1,50,,2,1,0,0,1,29.0,15.0,,,1,2,2,2,3
202100022145,2021-08-29 15:00:00,2021,8,29,15,0,19,19091,Le Verteil,45.084227,1.976493,Plein jour,Hors agglomération,Hors intersection,Normale,Deux véhicules - frontale,3,2,2,0,2,3,1,0,1,90,,2,0,1,0,1,50.0,41.0,,,1,1,1,1,1
202100022146,2021-08-28 18:40:00,2021,8,28,18,40,56,56001,Kerfouesnel,47.634361,-2.146693,Plein jour,Hors agglomération,Intersection en T,Normale,Deux véhicules - côté,3,2,2,0,2,2,1,5,1,80,,3,2,0,0,1,28.0,83.0,,,1,1,3,1,3
202100022147,2021-08-28 18:05:00,2021,8,28,18,5,67,67342,6 Rue de Molsheim,48.549395,7.331417,Plein jour,En agglomération,Intersection en X,Pluie légère,Sans collision,3,2,2,0,1,1,2,0,1,50,,2,0,0,1,1,17.0,,,,1,2,2,2,7
202100022148,2021-08-27 15:45:00,2021,8,27,15,45,2B,2B242,D109 - E Murelle,42.392411,9.497702,Plein jour,Hors agglomération,Hors intersection,Normale,Autre collision,3,2,2,0,2,3,1,0,8,80,,1,0,0,1,0,78.0,,,,1,1,1,1,6
202100022149,2021-08-27 16:35:00,2021,8,27,16,35,82,82025,Route de Montech,43.957839,1.286634,Plein jour,Hors agglomération,Intersection en X,Normale,Deux véhicules - frontale,4,2,2,0,1,1,1,0,1,80,,3,0,0,1,2,40.0,21.0,,,1,1,2,1,1
202100022150,2021-08-28 04:00:00,2021,8,28,4,0,65,65031,D112,42.9061389957,0.3477216114,Nuit sans éclairage public,Hors agglomération,Hors intersection,Normale,Sans collision,3,2,2,0,2,1,1,0,8,80,,1,0,0,1,0,30.0,,,,3,1,1,1,7
202100022151,2021-08-27 15:25:00,2021,8,27,15,25,12,12198,Grillère,44.295546,2.21058,Plein jour,Hors agglomération,Hors intersection,Normale,Autre collision,9,2,2,0,2,4,9,0,8,-1,,1,0,0,1,0,84.0,,,,1,1,1,1,6
202100022152,2021-08-29 04:25:00,2021,8,29,4,25,39,39138,,46.976581,5.311524,Nuit sans éclairage public,Hors agglomération,Hors intersection,Normale,Autre collision,3,2,2,0,1,1,1,0,1,80,,5,0,0,2,3,43.0,,,,3,1,1,1,6