accident_id,datetime,annee,mois,jour,heure,minute,departement,commune_insee,adresse,latitude,longitude,luminosite,agglomeration,intersection,meteo,collision,catr,circ,nbv,vosp,prof,plan,surf,infra,situ,vma,nb_vehicules,nb_usagers,nb_indemnes,nb_tues,nb_blesses_hosp,nb_blesses_legers,age_cond_1,age_cond_2,veh_type_cond_1,veh_type_cond_2,lum_code,agg_code,int_code,atm_code,col_code
202100022153,2021-08-29 14:10:00,2021,8,29,14,10,25,25304,Rue du Commandant Rolland,47.448257,6.878901,Plein jour,En agglomération,Hors intersection,Pluie légère,Sans collision,3,2,2,0,1,1,2,0,1,50,,1,0,0,1,0,24.0,,,,1,2,1,2,7
202100022154,2021-08-29 06:00:00,2021,8,29,6,0,44,44010,Rue de la Violette,47.280596,-2.477968,Nuit sans éclairage public,En agglomération,Hors intersection,Normale,Sans collision,4,2,2,0,1,1,1,0,1,50,,1,0,0,1,0,21.0,,,,3,2,1,1,7
202100022155,2021-08-28 19:30:00,2021,8,28,19,30,44,44072,Rue de la Claie,47.458316,-2.293954,Plein jour,Hors agglomération,Hors intersection,Normale,Autre collision,9,2,2,0,2,3,1,0,3,80,,1,0,0,1,0,45.0,,,,1,1,1,1,6
202100022156,2021-08-29 10:20:00,2021,8,29,10,20,29,29041,Rue de Langolen,48.06468,-3.836106,Plein jour,Hors agglomération,Hors intersection,Normale,Deux véhicules - arrière,3,2,2,0,1,1,1,0,1,70,,2,1,0,1,0,,69.0,,,1,1,1,1,2
202100022157,2021-08-29 16:15:00,2021,8,29,16,15,29,29117,lieu dit Camean Huella,48.572121,-4.581685,Plein jour,Hors agglomération,Hors intersection,Normale,Autre collision,4,2,2,0,1,1,1,0,3,80,,1,0,0,1,0,44.0,,,,1,1,1,1,6
202100022158,2021-08-29 15:07:00,2021,8,29,15,7,02,02196,D65,49.55399,3.552795,Plein jour,Hors agglomération,Hors intersection,Normale,Deux véhicules - arrière,3,2,2,0,1,1,1,0,1,80,,4,1,0,1,2,31.0,33.0,,,1,1,1,1,2
202100022159,2021-08-28 20:20:00,2021,8,28,20,20,15,15184,"RN 122, PR 7+800",44.724631,2.205248,Plein jour,Hors agglomération,Intersection en X,Normale,Deux véhicules - côté,2,2,2,0,2,1,1,0,1,80,,2,1,0,1,0,19.0,22.0,,,1,1,2,1,3
202100022160,2021-08-29 18:45:00,2021,8,29,18,45,01,01084,Route d'Arçon,46.207658,5.014411,Plein jour,Hors agglomération,Hors intersection,Normale,Autre collision,4,-1,1,0,1,1,1,0,1,80,,3,2,0,1,0,18.0,,,,1,1,1,1,6
202100022161,2021-08-28 21:40:00,2021,8,28,21,40,01,01328,D17,46.11974,5.000447,Nuit sans éclairage public,Hors agglomération,Hors intersection,Normale,Deux véhicules - frontale,3,2,2,0,1,1,1,0,1,80,,2,1,0,1,0,34.0,62.0,,,3,1,1,1,1
202100022162,2021-08-29 12:05:00,2021,8,29,12,5,50,50350,La Gaudiniere,49.014832,-1.32205,Plein jour,Hors agglomération,Intersection en X,Normale,Deux véhicules - côté,3,-1,2,0,2,1,1,5,1,80,,6,5,0,1,0,36.0,88.0,,,1,1,2,1,3
202100022163,2021-08-28 07:10:00,2021,8,28,7,10,50,50401,21 Route de Saint Marcouf,49.473382,-1.78271,Plein jour,En agglomération,Hors intersection,Normale,Autre collision,3,2,2,0,1,1,1,0,1,30,,2,1,0,1,0,29.0,,,,1,2,1,1,6
202100022164,2021-08-28 16:10:00,2021,8,28,16,10,09,09029,Rue Principale,42.790527,1.337671,Plein jour,En agglomération,Hors intersection,Normale,Autre collision,3,2,2,0,1,1,1,0,1,-1,,2,1,0,1,0,67.0,,,,1,2,1,1,6
202100022165,2021-08-28 19:30:00,2021,8,28,19,30,60,60471,Rue du Monchel,49.5751835058,3.0053971083,Plein jour,En agglomération,Intersection en T,Normale,Deux véhicules - côté,4,2,2,0,1,1,1,0,1,50,,2,1,0,1,0,43.0,13.0,,,1,2,3,1,3
202100022166,2021-08-29 11:00:00,2021,8,29,11,0,45,45175,D103,47.754437,1.778272,Plein jour,Hors agglomération,Hors intersection,Normale,Sans collision,3,2,2,0,1,2,1,0,3,80,,1,0,0,1,0,19.0,,,,1,1,1,1,7
202100022167,2021-08-29 19:00:00,2021,8,29,19,0,73,73298,Route de l'industrie,45.647555,6.437366,Plein jour,Hors agglomération,Hors intersection,Normale,Autre collision,4,2,2,0,1,4,1,0,3,80,,1,0,0,1,0,26.0,,,,1,1,1,1,6
202100022168,2021-08-27 07:50:00,2021,8,27,7,50,10,10078,D81,48.220391,4.422056,Plein jour,Hors agglomération,Intersection en X,Normale,Deux véhicules - côté,3,2,2,0,1,1,1,0,1,80,,2,0,0,2,0,55.0,40.0,,,1,1,2,1,3
202100022169,2021-08-29 08:30:00,2021,8,29,8,30,07,07290,Chemin du Gayte,44.95141,4.494357,Plein jour,Hors agglomération,Hors intersection,Normale,Sans collision,4,2,2,0,2,1,1,0,1,80,,1,0,0,1,0,18.0,,,,1,1,1,1,7
202100022170,2021-08-28 14:00:00,2021,8,28,14,0,07,07028,,44.363825,4.237504,Plein jour,Hors agglomération,Intersection en Y,Normale,Deux véhicules - côté,4,3,2,0,1,1,1,9,1,80,,2,1,0,1,0,22.0,72.0,,,1,1,4,1,3
202100022171,2021-08-14 15:30:00,2021,8,14,15,30,53,53031,D123,48.228418,-0.779603,Plein jour,Hors agglomération,Hors intersection,Normale,Deux véhicules - côté,3,2,2,0,2,1,1,0,1,80,,2,1,0,1,0,22.0,29.0,,,1,1,1,1,3
202100022172,2021-08-29 11:45:00,2021,8,29,11,45,40,40046,Avenue de la Plage,44.439855,-1.238977,Plein jour,En agglomération,Hors intersection,Normale,Deux véhicules - côté,3,3,2,0,1,1,1,5,1,50,,2,1,0,1,0,55.0,51.0,,,1,2,1,1,3
202100022173,2021-08-28 15:45:00,2021,8,28,15,45,24,24520,Avenue du Général de Gaulle,44.90572,1.20182,Plein jour,En agglomération,Intersection en T,Normale,Deux véhicules - côté,3,2,2,0,1,1,1,0,1,50,,2,1,0,1,0,18.0,49.0,,,1,2,3,1,3
202100022174,2021-08-28 18:58:00,2021,8,28,18,58,24,24025,chabannetas,45.093217,1.033895,Plein jour,Hors agglomération,Intersection en Y,Normale,Deux véhicules - frontale,4,2,2,0,3,1,1,0,1,80,,3,0,0,0,3,64.0,20.0,,,1,1,4,1,1
202100022175,2021-08-28 13:55:00,2021,8,28,13,55,85,85128,86 Rue du Président de Gaulle,46.456368,-1.176481,Plein jour,En agglomération,Intersection en T,Normale,Deux véhicules - côté,4,2,2,0,1,1,1,0,1,50,,4,2,0,1,1,18.0,69.0,,,1,2,3,1,3
202100022176,2021-08-27 16:15:00,2021,8,27,16,15,87,87063,Route de Feytiat,45.787266,1.371542,Plein jour,Hors agglomération,Intersection en X,Normale,Deux véhicules - côté,3,2,2,0,2,1,1,0,1,80,,3,2,0,1,0,28.0,36.0,,,1,1,2,1,3
202100022177,2021-08-28 07:45:00,2021,8,28,7,45,37,37250,,47.2005040121,0.670666193,Crépuscule ou aube,Hors agglomération,Hors intersection,Normale,Autre collision,3,2,2,0,1,1,1,0,3,90,,2,0,0,1,1,19.0,,,,2,1,1,1,6
202100022178,2021-08-29 06:45:00,2021,8,29,6,45,33,33199,,44.6144227384,-1.0746002198,Crépuscule ou aube,Hors agglomération,Hors intersection,Normale,Autre collision,1,3,4,0,1,2,1,3,3,90,,1,0,1,0,0,19.0,,,,2,1,1,1,6
202100022179,2021-08-29 05:00:00,2021,8,29,5,0,988,98829,RPS10 THIO,-21.590275,166.155993,Nuit sans éclairage public,Hors agglomération,Hors intersection,Normale,Sans collision,3,2,2,0,1,2,1,0,1,90,,1,0,1,0,0,16.0,,,,3,1,1,1,7
202100022180,2021-08-29 12:55:00,2021,8,29,12,55,29,29233,11 Rue Brémond d Ars,47.873567,-3.545481,Plein jour,En agglomération,Hors intersection,Temps éblouissant,Autre collision,4,2,2,0,1,1,1,0,1,30,,2,1,0,1,0,78.0,,,,1,2,1,7,6
202100022181,2021-08-28 15:25:00,2021,8,28,15,25,77,77168,31 Rue du Bois des Places,48.167396,2.881978,Plein jour,En agglomération,Hors intersection,Normale,Autre collision,4,2,2,0,1,2,1,0,4,-1,,1,0,0,1,0,16.0,,,,1,2,1,1,6
202100022182,2021-08-29 10:45:00,2021,8,29,10,45,2B,2B337,T20,42.472249,9.222656,Plein jour,Hors agglomération,Hors intersection,Normale,Trois véhicules et plus - en chaîne,2,2,2,0,2,1,1,0,1,80,,7,3,0,0,4,58.0,30.0,,,1,1,1,1,4
202100022183,2021-08-28 22:05:00,2021,8,28,22,5,34,34081,RD 162E2,43.309933,3.163269,Nuit sans éclairage public,Hors agglomération,Hors intersection,Normale,Sans collision,3,2,2,0,1,3,1,0,3,-1,,1,0,0,0,1,22.0,,,,3,1,1,1,7
202100022184,2021-08-28 10:40:00,2021,8,28,10,40,34,34154,Avenue Gabriel Aldie,43.615774,4.004737,Plein jour,En agglomération,Hors intersection,Normale,Autre collision,3,2,2,0,1,1,1,0,1,50,,2,1,0,1,0,78.0,,,,1,2,1,1,6
202100022185,2021-08-29 15:00:00,2021,8,29,15,0,84,84078,chemin des mines,44.238089,4.728338,Plein jour,Hors agglomération,Hors intersection,Normale,Sans collision,3,-1,2,0,2,2,1,0,8,80,,1,0,0,1,0,67.0,,,,1,1,1,1,7
202100022186,2021-08-28 23:30:00,2021,8,28,23,30,13,13014,D21,43.486805,5.190509,Nuit sans éclairage public,Hors agglomération,Hors intersection,Vent fort / tempête,Sans collision,7,2,2,0,1,1,1,0,3,-1,,1,0,1,0,0,21.0,,,,3,1,1,6,7
202100022187,2021-08-24 16:45:00,2021,8,24,16,45,21,21261,Zone d Activite la Boulouze,47.265252,5.132954,Plein jour,Hors agglomération,Giratoire,Normale,Deux véhicules - frontale,3,2,2,0,1,1,1,0,1,90,,1,0,0,0,1,70.0,,,,1,1,6,1,1
202100022188,2021-08-28 18:25:00,2021,8,28,18,25,21,21292,57 Avenue du General de Gaulle,47.236839,5.225962,Plein jour,En agglomération,Autre intersection,Normale,Deux véhicules - arrière,3,2,2,0,1,1,1,0,1,50,,2,1,0,0,1,31.0,48.0,,,1,2,9,1,2
202100022189,2021-08-29 00:00:00,2021,8,29,0,0,55,55502,11 Avenue du 18e Bcp,49.488967,5.182382,Nuit avec éclairage allumé,En agglomération,Hors intersection,Pluie légère,Autre collision,3,2,2,0,4,3,2,0,4,50,,1,0,0,1,0,34.0,,,,5,2,1,2,6
202100022190,2021-08-29 15:00:00,2021,8,29,15,0,26,26315,Route des Grands Goulets,45.007216,5.440936,Plein jour,Hors agglomération,Hors intersection,Normale,Deux véhicules - frontale,3,2,2,0,2,3,1,0,1,80,,2,1,1,0,0,21.0,48.0,,,1,1,1,1,1
202100022191,2021-08-27 16:45:00,2021,8,27,16,45,69,69036,D337,46.119124,4.661116,Plein jour,Hors agglomération,Intersection en T,Normale,Deux véhicules - frontale,3,2,3,0,1,1,1,0,1,80,,2,1,0,0,1,48.0,29.0,,,1,1,3,1,1
202100022192,2021-08-29 14:00:00,2021,8,29,14,0,81,81219,Route Nationale 126 - PK 028+076,43.567177,1.94531,Plein jour,Hors agglomération,Hors intersection,Normale,Sans collision,2,2,3,0,1,1,1,0,3,80,,3,0,2,1,0,22.0,,,,1,1,1,1,7
202100022193,2021-08-28 22:50:00,2021,8,28,22,50,32,32118,En Martin,43.533768,0.577195,Nuit sans éclairage public,En agglomération,Hors intersection,Normale,Autre collision,3,2,2,0,1,1,1,0,3,50,,1,0,0,1,0,35.0,,,,3,2,1,1,6
202100022194,2021-08-28 16:45:00,2021,8,28,16,45,85,85178,Rue du Stade,46.77024,-1.502329,Plein jour,En agglomération,Autre intersection,Normale,Deux véhicules - frontale,4,2,2,0,1,2,1,0,1,50,,2,0,0,0,2,16.0,16.0,,,1,2,9,1,1
202100022195,2021-08-29 12:40:00,2021,8,29,12,40,50,50612,Intersection D41 et route de genets,48.675202,-1.452822,Plein jour,Hors agglomération,Intersection en X,Normale,Deux véhicules - côté,3,2,1,0,1,1,1,0,1,80,,2,1,0,1,0,48.0,42.0,,,1,1,2,1,3
202100022196,2021-08-28 17:35:00,2021,8,28,17,35,29,29091,Rue Sainte Anne,48.646163,-4.369217,Plein jour,En agglomération,Hors intersection,Normale,Autre collision,6,-1,-1,0,1,1,1,0,8,50,,2,0,0,2,0,64.0,,,,1,2,1,1,6
202100022197,2021-08-29 15:20:00,2021,8,29,15,20,60,60141,Avenue du Maréchal Joffre,49.189575,2.462755,Plein jour,En agglomération,Hors intersection,Pluie légère,Deux véhicules - côté,3,2,2,1,1,1,2,0,1,50,,3,2,0,0,1,36.0,26.0,,,1,2,1,2,3
202100022198,2021-08-23 18:35:00,2021,8,23,18,35,60,60103,D94,49.4242561998,2.2603890223,Plein jour,Hors agglomération,Hors intersection,Normale,Sans collision,3,2,2,0,2,2,1,0,1,80,,5,0,0,0,5,19.0,,,,1,1,1,1,7
202100022199,2021-08-29 14:30:00,2021,8,29,14,30,62,62318,Rue Neuve,50.520559,1.640538,Plein jour,En agglomération,Hors intersection,Normale,Autre collision,4,2,2,0,1,1,1,0,1,50,,2,1,0,1,0,55.0,,,,1,2,1,1,6
202100022200,2021-08-29 07:05:00,2021,8,29,7,5,59,59052,48 Rue Jules Guesde,50.520335,2.890798,Crépuscule ou aube,En agglomération,Hors intersection,Pluie légère,Autre collision,7,2,2,0,1,3,2,0,4,50,,4,1,0,0,3,18.0,,,,2,2,1,2,6
202100022201,2021-08-28 13:10:00,2021,8,28,13,10,13,13215,A7-Sens Lyon vers Marseille,43.34741,5.37181,Plein jour,Hors agglomération,Hors intersection,Normale,Deux véhicules - arrière,1,1,3,0,4,1,1,0,1,90,,2,1,0,0,1,41.0,49.0,,,1,1,1,1,2
202100022202,2021-08-27 07:25:00,2021,8,27,7,25,13,13028,A50-Sens Aubagne vers Toulon,43.21043,5.58329,Plein jour,Hors agglomération,Hors intersection,Normale,Sans collision,1,3,3,0,2,2,1,0,1,110,,3,1,0,2,0,23.0,32.0,,,1,1,1,1,7
202100022203,2021-08-28 06:20:00,2021,8,28,6,20,33,33143,AUTOROUTE A 10,44.967944,-0.437332,Nuit sans éclairage public,Hors agglomération,Hors intersection,Normale,Deux véhicules - côté,1,3,6,0,2,1,1,0,1,130,,2,1,0,0,1,31.0,32.0,,,3,1,1,1,3
202100022204,2021-08-28 14:30:00,2021,8,28,14,30,91,91534,RN 118,48.73003,2.18179,Plein jour,Hors agglomération,Hors intersection,Normale,Sans collision,2,1,0,0,1,1,1,0,1,110,,2,0,0,0,2,28.0,,,,1,1,1,1,7
202100022205,2021-08-28 12:05:00,2021,8,28,12,5,91,91161,AUTOROUTE A6,48.70326,2.30725,Plein jour,Hors agglomération,Hors intersection,Normale,Trois véhicules et plus - collisions multiples,1,1,3,0,1,1,1,0,1,110,,5,3,0,0,2,33.0,19.0,,,1,1,1,1,5
202100022206,2021-08-27 19:45:00,2021,8,27,19,45,93,93066,AUTOROUTE A1,48.9297470989,2.3636498568,Plein jour,Hors agglomération,Hors intersection,Normale,Autre collision,1,1,2,0,2,3,1,0,1,50,,1,0,0,0,1,26.0,,,,1,1,1,1,6
202100022207,2021-08-28 08:00:00,2021,8,28,8,0,95,95277,RD 170 ,48.97811,2.44749,Plein jour,Hors agglomération,Hors intersection,Normale,Deux véhicules - arrière,3,3,4,0,1,1,1,0,1,90,,2,1,0,0,1,34.0,36.0,,,1,1,1,1,2
202100022208,2021-08-27 23:50:00,2021,8,27,23,50,77,77438,A104,48.8635169161,2.6686188701,Nuit avec éclairage non allumé,Hors agglomération,Hors intersection,Normale,Deux véhicules - arrière,1,1,4,0,1,1,1,0,1,90,,3,2,0,0,1,21.0,34.0,,,4,1,1,1,2
202100022209,2021-08-26 13:15:00,2021,8,26,13,15,72,72181,FONDERIE (RUE DE LA),48.00658,0.18915,Plein jour,En agglomération,Hors intersection,Normale,Autre collision,4,2,2,0,1,2,1,0,1,50,,2,1,0,1,0,86.0,,,,1,2,1,1,6
202100022210,2021-08-27 10:30:00,2021,8,27,10,30,71,71306,Boulevard de Lattre de Tassigny,46.6771662863,4.369882498,Plein jour,En agglomération,Autre intersection,Normale,Autre collision,6,-1,0,0,1,1,1,0,1,50,,2,1,0,0,1,26.0,,,,1,2,9,1,6
202100022211,2021-08-26 19:40:00,2021,8,26,19,40,12,12145,Boulevard Pierre Bousquet,44.09504,3.08524,Plein jour,En agglomération,Hors intersection,Normale,Autre collision,3,2,2,0,1,1,1,0,1,50,,2,1,0,0,1,56.0,,,,1,2,1,1,6
202100022212,2021-08-27 22:35:00,2021,8,27,22,35,988,98818,AVENUE DU MARECHAL FOCH/RUE AUGUSTE BRUN,-22.27668,166.44302,Nuit avec éclairage allumé,En agglomération,Intersection en X,Normale,Trois véhicules et plus - collisions multiples,4,1,4,0,1,1,1,0,1,50,,11,8,0,1,2,48.0,47.0,,,5,2,2,1,5
202100022213,2021-08-27 17:30:00,2021,8,27,17,30,988,98818,AVENUE BONAPARTE/RUE DE BOZOULS,-22.23642,166.46454,Plein jour,En agglomération,Intersection en T,Normale,Deux véhicules - côté,4,3,2,3,1,1,1,5,1,50,,3,2,0,0,1,61.0,63.0,,,1,2,3,1,3
202100022214,2021-08-27 05:47:00,2021,8,27,5,47,976,97611,m'tsapere-Belle vue ( rue ),-12.7842,45.22306,Plein jour,En agglomération,Hors intersection,Normale,Sans collision,4,2,1,0,1,1,1,0,1,50,,1,0,0,0,1,20.0,,,,1,2,1,1,7
202100022215,2021-08-27 19:15:00,2021,8,27,19,15,974,97411,MONTAGNE (ROUTE DE LA),-20.88698,55.43518,Nuit sans éclairage public,En agglomération,Hors intersection,Normale,Autre collision,3,2,2,0,2,1,1,0,3,50,,1,0,0,0,1,19.0,,,,3,2,1,1,6
202100022216,2021-08-27 08:25:00,2021,8,27,8,25,974,97411,CHAUDRON (BLD 2 DU),-20.89237,55.49164,Plein jour,En agglomération,Hors intersection,Normale,Deux véhicules - frontale,4,2,3,0,1,1,1,0,1,30,,2,1,1,0,0,33.0,67.0,,,1,2,1,1,1
202100022217,2021-08-27 08:40:00,2021,8,27,8,40,69,69387,GUILLOTIERE (DE LA) (GR),45.74736,4.85826,Plein jour,En agglomération,Intersection en T,Normale,Deux véhicules - côté,4,1,1,2,1,1,1,0,1,50,,2,1,0,0,1,31.0,52.0,,,1,2,3,1,3
202100022218,2021-08-27 04:40:00,2021,8,27,4,40,69,69259,EUGENE MARECHAL (R),45.70677,4.88057,Nuit avec éclairage allumé,En agglomération,Hors intersection,Normale,Deux véhicules - côté,4,2,2,0,1,1,1,0,1,50,,2,1,0,0,1,26.0,18.0,,,5,2,1,1,3
202100022219,2021-08-27 10:37:00,2021,8,27,10,37,2B,2B033,ROUTE ROYALE,42.6774678859,9.4337932497,Plein jour,En agglomération,Intersection en T,Normale,Deux véhicules - côté,3,2,2,0,2,1,1,5,1,50,,2,1,0,0,1,67.0,37.0,,,1,2,3,1,3
202100022220,2021-08-17 21:00:00,2021,8,17,21,0,95,95197,RD 928,48.9670367634,2.317434481,Nuit avec éclairage allumé,En agglomération,Intersection en X,Normale,Autre collision,3,2,2,0,1,1,1,0,1,50,,3,1,0,1,1,38.0,38.0,,,5,2,2,1,6
202100022221,2021-08-26 19:20:00,2021,8,26,19,20,91,91433,ROND POINT RD20-RD 207-A,48.45824,2.176576,Plein jour,Hors agglomération,Giratoire,Normale,Deux véhicules - arrière,3,1,3,0,1,1,1,0,1,50,,2,1,0,1,0,51.0,,,,1,1,6,1,2
202100022222,2021-07-11 10:50:00,2021,7,11,10,50,89,89236,26 Grande Rue,48.17558,3.3119,Plein jour,En agglomération,Hors intersection,Normale,Autre collision,3,2,2,0,1,1,1,0,4,50,,1,0,0,1,0,31.0,,,,1,2,1,1,6
202100022223,2021-08-26 17:44:00,2021,8,26,17,44,87,87085,CHENIEUX (RUE FRANCOIS),45.83397,1.25636,Plein jour,En agglomération,Hors intersection,Normale,Deux véhicules - côté,4,2,2,0,1,1,1,0,1,50,,2,1,0,1,0,72.0,21.0,,,1,2,1,1,3
202100022224,2021-08-26 15:45:00,2021,8,26,15,45,87,87085,GAMBETTA (BOULEVARD),45.82845,1.25623,Plein jour,En agglomération,Hors intersection,Normale,Deux véhicules - arrière,4,4,4,0,2,1,1,0,1,50,,2,1,0,0,1,29.0,28.0,,,1,2,1,1,2
202100022225,2021-08-26 18:10:00,2021,8,26,18,10,86,86194,Route de Parthenay,46.601179,0.317349,Plein jour,En agglomération,Hors intersection,Normale,Deux véhicules - arrière,3,2,2,0,1,1,1,0,1,50,,2,1,0,0,1,25.0,67.0,,,1,2,1,1,2
202100022226,2021-08-27 13:00:00,2021,8,27,13,0,83,83137,GUES (BD DE L'ENSEIGNE DE VAISSEAU),43.1140610895,5.9806072712,Plein jour,En agglomération,Intersection en T,Normale,Deux véhicules - côté,4,2,2,0,1,1,1,0,1,30,,2,1,0,0,1,58.0,60.0,,,1,2,3,1,3
202100022227,2021-08-22 16:30:00,2021,8,22,16,30,83,83118,AVENUE DU GRAND DEFENDS,43.42761,6.79692,Plein jour,En agglomération,Hors intersection,Normale,Autre collision,4,-1,2,0,2,2,1,0,3,50,,4,0,0,3,1,16.0,,,,1,2,1,1,6
202100022228,2021-08-24 18:35:00,2021,8,24,18,35,74,74012,ANNEXION (RUE DE L'),46.18539,6.24208,Plein jour,En agglomération,Hors intersection,Normale,Autre collision,4,2,2,0,1,1,1,0,1,50,,1,0,0,0,1,15.0,,,,1,2,1,1,6
202100022229,2021-08-27 19:29:00,2021,8,27,19,29,72,72181,EICHTHAL (RUE D'),47.99978,0.18574,Plein jour,En agglomération,Intersection en X,Normale,Deux véhicules - côté,4,1,3,0,1,1,1,5,1,50,,2,1,0,1,0,24.0,56.0,,,1,2,2,1,3
202100022230,2021-08-27 13:15:00,2021,8,27,13,15,69,69290,DES PARCS (ALL),45.7089,4.93731,Plein jour,En agglomération,Autre intersection,Normale,Deux véhicules - frontale,4,2,2,1,1,1,1,0,1,50,,2,1,0,0,1,23.0,59.0,,,1,2,9,1,1
202100022231,2021-08-27 08:25:00,2021,8,27,8,25,69,69266,CHARLES HERNU (PL),45.7705,4.86291,Plein jour,En agglomération,Passage à niveau,Normale,Deux véhicules - côté,4,2,2,2,1,1,1,0,6,50,,3,1,0,0,2,58.0,59.0,,,1,2,8,1,3
202100022232,2021-07-27 02:00:00,2021,7,27,2,0,69,69282,VERDUN (DE) (AV),45.77947,4.99693,Nuit avec éclairage allumé,En agglomération,Intersection en X,Normale,Deux véhicules - frontale,7,2,3,2,1,1,1,0,1,50,,5,1,0,0,4,22.0,44.0,,,5,2,2,1,1
202100022233,2021-08-26 19:00:00,2021,8,26,19,0,67,67482,BOECKLIN (RUE),48.60108,7.7818,Plein jour,En agglomération,Intersection en Y,Temps éblouissant,Deux véhicules - côté,4,1,1,1,1,1,1,5,1,50,,2,1,0,0,1,41.0,66.0,,,1,2,4,7,3
202100022234,2021-08-26 17:23:00,2021,8,26,17,23,66,66136,ROTTERDAM (ROND POINT DE),42.6942003862,2.8514087945,Plein jour,Hors agglomération,Giratoire,Normale,Deux véhicules - côté,2,1,2,0,1,2,1,0,1,30,,2,1,0,0,1,44.0,66.0,,,1,1,6,1,3
202100022235,2021-08-27 20:40:00,2021,8,27,20,40,65,65440,DUPONT (RUE),43.23701,0.08186,Nuit avec éclairage allumé,En agglomération,Intersection en X,Normale,Deux véhicules - côté,4,2,2,0,1,1,1,0,1,50,,2,1,0,0,1,24.0,48.0,,,5,2,2,1,3
202100022236,2021-08-27 15:35:00,2021,8,27,15,35,64,64445,Avenue des Martyrs du Pont-Long,43.3460184449,-0.3798651695,Plein jour,En agglomération,Hors intersection,Temps éblouissant,Trois véhicules et plus - en chaîne,3,2,2,0,1,1,1,0,1,50,,6,2,0,0,4,36.0,25.0,,,1,2,1,7,4
202100022237,2021-08-27 13:30:00,2021,8,27,13,30,64,64129,BAYONNE DE,43.29839,-0.38896,Plein jour,En agglomération,Hors intersection,Temps éblouissant,Deux véhicules - arrière,4,1,3,0,1,1,1,0,1,50,,3,0,0,0,3,57.0,23.0,,,1,2,1,7,2
202100022238,2021-08-28 02:15:00,2021,8,28,2,15,64,64102,MARINES (AVENUE DES ALLEES),43.497627,-1.485508,Nuit avec éclairage allumé,En agglomération,Hors intersection,Normale,Sans collision,4,2,2,0,1,1,1,0,1,30,,1,0,0,0,1,20.0,,,,5,2,1,1,7
202100022239,2021-08-27 21:50:00,2021,8,27,21,50,64,64102,NAVARRE (AVENUE HENRI DE),43.499909,-1.446312,Nuit avec éclairage allumé,En agglomération,Hors intersection,Normale,Sans collision,3,2,3,0,1,2,1,0,1,50,,1,0,0,1,0,43.0,,,,5,2,1,1,7
202100022240,2021-08-26 19:35:00,2021,8,26,19,35,64,64140,BAZE (Z.A. DU),43.5262897865,-1.4939281297,Plein jour,En agglomération,Hors intersection,Normale,Deux véhicules - arrière,3,2,2,0,1,1,1,0,1,50,,2,1,0,0,1,33.0,32.0,,,1,2,1,1,2
202100022241,2021-08-26 13:50:00,2021,8,26,13,50,63,63113,rue Hugo / rue d'Alsace,45.78074,3.09677,Plein jour,En agglomération,Intersection en X,Normale,Deux véhicules - côté,4,1,1,0,1,1,1,0,1,30,,2,1,0,0,1,44.0,38.0,,,1,2,2,1,3
202100022242,2021-08-27 17:05:00,2021,8,27,17,5,59,59350,LIBERTE BVD N°2 - 90-51 - 145,50.633,3.05923,Plein jour,En agglomération,Autre intersection,Normale,Deux véhicules - arrière,4,2,4,1,1,1,1,5,5,50,,2,1,0,1,0,,30.0,,,1,2,9,1,2
202100022243,2021-08-27 13:00:00,2021,8,27,13,0,59,59350,LAMBRET OSCAR AVENUE,50.61022,3.0386,Plein jour,En agglomération,Autre intersection,Normale,Deux véhicules - frontale,4,3,4,0,1,1,1,5,1,50,,4,2,0,0,2,20.0,32.0,,,1,2,9,1,1
202100022244,2021-08-21 16:20:00,2021,8,21,16,20,59,59350,SALENGRO ROGER RUE,50.6243294702,3.1202861667,Plein jour,En agglomération,Hors intersection,Normale,Autre collision,7,2,6,1,2,1,1,2,5,10,,1,0,0,0,1,51.0,,,,1,2,1,1,6
202100022245,2021-08-26 16:20:00,2021,8,26,16,20,59,59350,DUNKERQUE AVENUE DE,50.64018,3.01904,Plein jour,En agglomération,Intersection en X,Temps couvert,Autre collision,7,2,2,0,1,1,1,0,1,50,,2,1,0,0,1,33.0,,,,1,2,2,8,6
202100022246,2021-08-27 02:30:00,2021,8,27,2,30,59,59122,CATEAU (AVENUE DU),50.17397,3.25031,Nuit avec éclairage allumé,En agglomération,Hors intersection,Normale,Autre collision,3,2,0,0,1,1,1,0,4,50,,2,1,0,1,0,19.0,,,,5,2,1,1,6
202100022247,2021-08-26 15:40:00,2021,8,26,15,40,57,57672,ESCH SUR ALZETTE (ROUTE D') - IMPAIR,49.35697,6.14028,Plein jour,En agglomération,Intersection en T,Normale,Deux véhicules - côté,3,2,2,0,1,1,1,5,1,50,,2,1,0,1,0,38.0,47.0,,,1,2,3,1,3
202100022248,2021-08-27 18:50:00,2021,8,27,18,50,54,54526,BARBUSSE (BD HENRI),48.68452,6.21402,Plein jour,En agglomération,Giratoire,Normale,Deux véhicules - côté,4,1,1,0,1,1,1,0,1,50,,4,3,0,0,1,29.0,34.0,,,1,2,6,1,3