accident_id,datetime,annee,mois,jour,heure,minute,departement,commune_insee,adresse,latitude,longitude,luminosite,agglomeration,intersection,meteo,collision,catr,circ,nbv,vosp,prof,plan,surf,infra,situ,vma,nb_vehicules,nb_usagers,nb_indemnes,nb_tues,nb_blesses_hosp,nb_blesses_legers,age_cond_1,age_cond_2,veh_type_cond_1,veh_type_cond_2,lum_code,agg_code,int_code,atm_code,col_code
202100022249,2021-08-27 15:05:00,2021,8,27,15,5,54,54547,JAURES (AVENUE JEAN),48.66261,6.16208,Plein jour,En agglomération,Intersection en T,Normale,Autre collision,4,2,2,0,1,1,1,0,1,50,,7,6,0,0,1,24.0,61.0,,,1,2,3,1,6
202100022250,2021-08-27 11:30:00,2021,8,27,11,30,54,54526,MILLENAIRE (Rond Point An 2000),48.68387,6.22122,Plein jour,En agglomération,Giratoire,Normale,Deux véhicules - côté,7,1,2,0,1,2,1,0,1,30,,2,1,0,0,1,66.0,61.0,,,1,2,6,1,3
202100022251,2021-08-27 07:25:00,2021,8,27,7,25,54,54395,VILLERS (RUE DE),48.6852490599,6.1665079157,Plein jour,En agglomération,Intersection en Y,Normale,Deux véhicules - côté,4,1,1,2,4,1,1,-1,1,30,,2,1,0,1,0,65.0,27.0,,,1,2,4,1,3
202100022252,2021-08-27 13:45:00,2021,8,27,13,45,51,51454,Rue Ernest Renan,49.26219,4.01141,Plein jour,En agglomération,Hors intersection,Normale,Deux véhicules - côté,3,2,2,0,1,1,1,0,1,50,,2,1,0,0,1,57.0,25.0,,,1,2,1,1,3
202100022253,2021-08-27 07:35:00,2021,8,27,7,35,51,51454,Rue de Courlancy,49.2457518296,4.0176437279,Plein jour,En agglomération,Intersection en X,Normale,Deux véhicules - côté,4,2,0,0,1,1,1,0,1,50,,2,1,0,0,1,42.0,56.0,,,1,2,2,1,3
202100022254,2021-08-26 16:35:00,2021,8,26,16,35,50,50129,BECQUEREL (RUE),49.62849,-1.639752,Plein jour,En agglomération,Intersection en T,Normale,Deux véhicules - frontale,4,2,2,0,4,1,1,0,1,50,,2,1,0,0,1,19.0,52.0,,,1,2,3,1,1
202100022255,2021-08-26 18:45:00,2021,8,26,18,45,49,49099,PLACE DE LA MUNICIPALITE REGIONALE  DU C,47.07083,-0.84181,Plein jour,En agglomération,Giratoire,Normale,Deux véhicules - côté,3,1,2,0,1,3,1,0,1,50,,2,1,0,0,1,48.0,24.0,,,1,2,6,1,3
202100022256,2021-08-27 20:09:00,2021,8,27,20,9,49,49267,CORDELLES,47.4666,-0.5124,Plein jour,En agglomération,Intersection en T,Normale,Deux véhicules - côté,4,2,2,0,1,1,1,0,1,50,,2,1,0,1,0,30.0,24.0,,,1,2,3,1,3
202100022257,2021-08-27 17:47:00,2021,8,27,17,47,49,49007,RABELAIS,47.45994,-0.54584,Plein jour,En agglomération,Intersection en T,Normale,Deux véhicules - côté,4,2,2,0,1,1,1,0,1,50,,2,1,0,0,1,25.0,30.0,,,1,2,3,1,3
202100022258,2021-08-27 15:32:00,2021,8,27,15,32,49,49007,DUNANT BOULEVARD,47.48346,-0.52516,Plein jour,En agglomération,Hors intersection,Normale,Deux véhicules - arrière,4,2,4,0,1,1,1,0,1,50,,2,1,0,0,1,44.0,26.0,,,1,2,1,1,2
202100022259,2021-08-27 08:27:00,2021,8,27,8,27,49,49007,MADELEINE,47.46006,-0.53725,Plein jour,En agglomération,Hors intersection,Normale,Deux véhicules - côté,4,2,2,0,1,1,1,0,1,30,,2,1,0,0,1,19.0,25.0,,,1,2,1,1,3
202100022260,2021-08-28 00:03:00,2021,8,28,0,3,45,45004,Rue de Couleuvreux,47.9821803824,2.769711943,Nuit avec éclairage allumé,En agglomération,Hors intersection,Normale,Deux véhicules - arrière,4,2,2,0,1,1,1,9,1,50,,3,0,0,0,3,22.0,23.0,,,5,2,1,1,2
202100022261,2021-08-27 22:40:00,2021,8,27,22,40,42,42044,Rue de la Malafolie,45.39406,4.30301,Nuit avec éclairage allumé,En agglomération,Intersection en X,Normale,Deux véhicules - frontale,7,2,2,0,1,1,1,5,1,50,,2,1,0,0,1,62.0,,,,5,2,2,1,1
202100022262,2021-08-26 10:00:00,2021,8,26,10,0,40,40279,CENTRE AERE (RUE DU),43.727899107,-1.062734127,Plein jour,En agglomération,Hors intersection,Normale,Autre collision,4,1,2,0,1,1,1,0,1,50,,2,1,0,0,1,39.0,,,,1,2,1,1,6
202100022263,2021-08-27 18:40:00,2021,8,27,18,40,37,37261,CHANZY (RUE DU GENERAL),47.3890866333,0.6730881986,Plein jour,En agglomération,Intersection en X,Normale,Autre collision,4,1,1,0,1,1,1,0,1,50,,2,1,0,0,1,23.0,48.0,,,1,2,2,1,6
202100022264,2021-08-27 15:45:00,2021,8,27,15,45,35,35238,ROCADE 6-7,48.083229,-1.643528,Plein jour,Hors agglomération,Hors intersection,Normale,Deux véhicules - arrière,2,3,2,0,1,1,1,0,1,90,,2,1,0,0,1,27.0,53.0,,,1,1,1,1,2
202100022265,2021-08-27 18:10:00,2021,8,27,18,10,34,34172,Avenue de Toulouse,43.5952,3.86196,Plein jour,En agglomération,Intersection en T,Normale,Deux véhicules - côté,4,2,2,3,2,1,1,0,1,50,,3,1,0,0,2,69.0,51.0,,,1,2,3,1,3
202100022266,2021-08-28 00:00:00,2021,8,28,0,0,33,33550,Avenue des Pyrénées,44.77885,-0.56616,Nuit avec éclairage allumé,En agglomération,Intersection en T,Normale,Trois véhicules et plus - en chaîne,1,1,5,0,2,2,1,3,1,50,,6,2,0,0,4,23.0,23.0,,,5,2,3,1,4
202100022267,2021-08-27 20:35:00,2021,8,27,20,35,33,33281,Avenue de Foncastel,44.836,-0.64107,Crépuscule ou aube,En agglomération,Intersection en X,Normale,Deux véhicules - frontale,4,2,3,2,1,1,1,0,1,50,,2,1,0,0,1,35.0,20.0,,,2,2,2,1,1
202100022268,2021-08-27 15:40:00,2021,8,27,15,40,33,33281,Avenue de Verdun,44.84024,-0.63974,Plein jour,En agglomération,Intersection en X,Normale,Deux véhicules - frontale,4,2,2,0,1,1,1,0,1,50,,2,1,0,0,1,22.0,37.0,,,1,2,2,1,1
202100022269,2021-08-27 12:00:00,2021,8,27,12,0,33,33281,Avenue de la Marne,44.832608,-0.642318,Plein jour,En agglomération,Hors intersection,Normale,Deux véhicules - côté,4,2,4,3,1,1,1,0,1,50,,2,1,0,0,1,52.0,35.0,,,1,2,1,1,3
202100022270,2021-08-27 17:35:00,2021,8,27,17,35,33,33009,CELERIER (RUE),44.65799,-1.14835,Plein jour,En agglomération,Autre intersection,Normale,Deux véhicules - frontale,4,2,-1,0,1,1,1,0,1,50,,2,1,0,0,1,83.0,27.0,,,1,2,9,1,1
202100022271,2021-08-27 19:15:00,2021,8,27,19,15,29,29039,Giratoire de Keramperu,47.890004412,-3.9160032532,Plein jour,Hors agglomération,Giratoire,Normale,Deux véhicules - arrière,3,1,2,0,1,2,1,5,1,70,,7,6,0,0,1,65.0,33.0,,,1,1,6,1,2
202100022272,2021-08-27 10:20:00,2021,8,27,10,20,29,29039,Avenue des Glénan,47.85676,-3.9128,Plein jour,En agglomération,Intersection en X,Normale,Deux véhicules - côté,4,2,2,0,1,1,1,0,1,50,,3,2,0,0,1,51.0,44.0,,,1,2,2,1,3
202100022273,2021-08-27 15:10:00,2021,8,27,15,10,25,25056,DIDEROT BOULEVARD,47.24222,6.03344,Plein jour,En agglomération,Intersection en T,Normale,Deux véhicules - côté,4,-1,1,0,1,1,1,0,1,50,,2,1,0,0,1,26.0,51.0,,,1,2,3,1,3
202100022274,2021-08-26 19:10:00,2021,8,26,19,10,25,25056,VESOUL RUE DE (inf 52),47.24923,6.02002,Plein jour,En agglomération,Intersection en X,Normale,Trois véhicules et plus - collisions multiples,4,2,2,1,2,1,1,0,1,50,,3,2,0,0,1,42.0,22.0,,,1,2,2,1,5
202100022275,2021-08-27 21:15:00,2021,8,27,21,15,17,17028,PLAGE   ROUTE DE LA,46.12658,-1.12744,Nuit sans éclairage public,Hors agglomération,Hors intersection,Normale,Autre collision,6,-1,-1,0,1,1,1,9,1,30,,2,1,0,0,1,39.0,,,,3,1,1,1,6
202100022276,2021-08-13 17:00:00,2021,8,13,17,0,16,16102,HAUTE DE CROUIN (RUE),45.6831,-0.3705,Plein jour,Hors agglomération,Hors intersection,Normale,Trois véhicules et plus - collisions multiples,3,2,2,0,1,1,1,0,1,70,,4,0,0,3,1,39.0,66.0,,,1,1,1,1,5
202100022277,2021-08-27 14:07:00,2021,8,27,14,7,14,14118,LEROY ,49.17178,-0.34853,Plein jour,En agglomération,Intersection en X,Normale,Deux véhicules - frontale,4,2,3,0,1,1,1,0,1,50,,2,1,0,1,0,31.0,47.0,,,1,2,2,1,1
202100022278,2021-08-25 17:15:00,2021,8,25,17,15,14,14137,D9A,49.1841,-0.45847,Plein jour,En agglomération,Hors intersection,Normale,Trois véhicules et plus - collisions multiples,3,2,3,0,1,1,1,0,1,70,,3,2,0,0,1,44.0,58.0,,,1,2,1,1,5
202100022279,2021-08-28 00:55:00,2021,8,28,0,55,13,13209,MICHELET (BOULEVARD),43.25441,5.40153,Nuit avec éclairage allumé,En agglomération,Hors intersection,Normale,Deux véhicules - arrière,7,2,6,3,2,1,1,0,1,50,,2,1,0,0,1,29.0,19.0,,,5,2,1,1,2
202100022280,2021-08-27 22:10:00,2021,8,27,22,10,13,13203,STRASBOURG (BOULEVARD),43.30979,5.37866,Nuit avec éclairage allumé,En agglomération,Hors intersection,Normale,Deux véhicules - frontale,4,2,2,0,2,1,1,0,1,50,,3,2,0,1,0,28.0,21.0,,,5,2,1,1,1
202100022281,2021-08-26 08:10:00,2021,8,26,8,10,13,13208,MADRAGUE DE MONTREDON (AVE DE LA) ,43.2348043334,5.3599542475,Crépuscule ou aube,En agglomération,Hors intersection,Normale,Deux véhicules - frontale,4,2,2,0,1,1,1,0,1,50,,2,1,0,0,1,27.0,26.0,,,2,2,1,1,1
202100022282,2021-08-26 09:30:00,2021,8,26,9,30,13,13203,CLARY (RUE),43.30925,5.37228,Plein jour,En agglomération,Intersection en X,Normale,Deux véhicules - côté,4,-1,2,0,1,1,1,0,1,30,,3,1,0,2,0,63.0,21.0,,,1,2,2,1,3
202100022283,2021-08-27 05:00:00,2021,8,27,5,0,13,13004,RTE N113 MARSEILLE A BORBEAUX,43.65993,4.63931,Nuit sans éclairage public,Hors agglomération,Hors intersection,Normale,Deux véhicules - frontale,2,2,2,0,2,3,1,0,1,70,,2,1,0,0,1,22.0,,,,3,1,1,1,1
202100022284,2021-08-27 20:10:00,2021,8,27,20,10,13,13001,georges COUTTON (rond point),43.50574,5.41221,Crépuscule ou aube,Hors agglomération,Autre intersection,Normale,Deux véhicules - côté,7,1,1,0,1,1,1,0,1,50,,2,1,0,0,1,41.0,25.0,,,2,1,9,1,3
202100022285,2021-08-26 11:15:00,2021,8,26,11,15,10,10081,LAZARE CARNOT (RUE),48.31496,4.051234,Plein jour,En agglomération,Hors intersection,Normale,Deux véhicules - côté,4,2,2,0,1,1,1,0,1,50,,2,1,0,0,1,40.0,21.0,,,1,2,1,1,3
202100022286,2021-08-25 11:50:00,2021,8,25,11,50,10,10387,PREMIER RAM (RUE DU),48.292026069,4.0724837778,Plein jour,En agglomération,Hors intersection,Normale,Deux véhicules - côté,4,2,6,2,1,1,1,0,1,50,,2,1,0,0,1,52.0,65.0,,,1,2,1,1,3
202100022287,2021-08-25 17:15:00,2021,8,25,17,15,09,09122,CADIRAC (AVENUE DE),42.956818,1.603544,Plein jour,En agglomération,Hors intersection,Normale,Sans collision,3,2,2,0,2,1,1,9,1,30,,1,0,0,1,0,61.0,,,,1,2,1,1,7
202100022288,2021-08-27 17:00:00,2021,8,27,17,0,06,06088,GARIBALDI (PL.),43.700432,7.28047,Plein jour,En agglomération,Place,Normale,Autre collision,4,1,1,0,1,3,1,6,1,30,,2,1,0,0,1,57.0,,,,1,2,7,1,6
202100022289,2021-07-27 01:20:00,2021,7,27,1,20,06,06083,EDOUARD VII (AVENUE),43.773717,7.495015,Nuit avec éclairage allumé,En agglomération,Hors intersection,Normale,Deux véhicules - côté,4,2,2,0,1,1,1,0,1,50,,4,3,0,0,1,36.0,19.0,,,5,2,1,1,3
202100022290,2021-08-26 16:10:00,2021,8,26,16,10,06,06027,PLAGE BOULEVARD DE LA,43.653152,7.155562,Plein jour,En agglomération,Hors intersection,Normale,Deux véhicules - arrière,7,3,2,0,1,1,1,0,1,50,,2,1,0,0,1,54.0,55.0,,,1,2,1,1,2
202100022291,2021-08-27 01:05:00,2021,8,27,1,5,05,05061,REVELLY (PLACE  DU ),44.56118,6.07989,Nuit avec éclairage allumé,En agglomération,Hors intersection,Normale,Deux véhicules - arrière,3,1,2,0,1,2,1,0,1,50,,3,2,0,0,1,17.0,19.0,,,5,2,1,1,2
202100022292,2021-08-27 10:20:00,2021,8,27,10,20,75,75105,BOULEVARD SAINT GERMAIN,48.85061,2.346456,Plein jour,En agglomération,Intersection en X,Normale,Deux véhicules - côté,4,1,3,3,1,1,1,0,6,50,,2,1,0,0,1,21.0,51.0,,,1,2,2,1,3
202100022293,2021-08-27 18:45:00,2021,8,27,18,45,75,75120,BOULEVARD DAVOUT,48.851311,2.411124,Plein jour,En agglomération,Intersection en T,Normale,Deux véhicules - côté,4,2,2,1,1,1,1,0,5,30,,2,1,0,0,1,68.0,31.0,,,1,2,3,1,3
202100022294,2021-08-26 21:15:00,2021,8,26,21,15,75,75120,RUE DES DOCTEURS DEJERINE,48.856079,2.411937,Nuit avec éclairage allumé,En agglomération,Hors intersection,Normale,Deux véhicules - côté,4,1,1,1,1,1,1,0,1,50,,3,2,0,0,1,46.0,,,,5,2,1,1,3
202100022295,2021-08-27 16:51:00,2021,8,27,16,51,75,75118,RUE CAULAINCOURT,48.88466,2.329527,Plein jour,En agglomération,Intersection à plus de 4 branches,Normale,Autre collision,4,1,1,0,1,1,1,0,1,50,,2,1,0,0,1,42.0,,,,1,2,5,1,6
202100022296,2021-08-27 10:40:00,2021,8,27,10,40,75,75118,RUE DE CLIGNANCOURT,48.894859,2.349431,Plein jour,En agglomération,Intersection en X,Normale,Autre collision,4,1,1,0,1,1,1,0,1,50,,2,1,0,0,1,23.0,,,,1,2,2,1,6
202100022297,2021-08-27 01:05:00,2021,8,27,1,5,75,75118,RUE DE LA CHAPELLE,48.892711,2.359738,Nuit avec éclairage allumé,En agglomération,Intersection en T,Normale,Deux véhicules - arrière,4,2,1,0,1,1,1,0,1,50,,2,1,0,0,1,47.0,52.0,,,5,2,3,1,2
202100022298,2021-08-27 10:45:00,2021,8,27,10,45,75,75107,RUE DE SEVRES,48.850236,2.324166,Plein jour,En agglomération,Intersection en X,Normale,Deux véhicules - côté,4,2,4,1,1,1,1,0,1,50,,3,2,0,0,1,44.0,59.0,,,1,2,2,1,3
202100022299,2021-08-27 22:20:00,2021,8,27,22,20,75,75113,AVENUE D ITALIE,48.825131,2.357576,Nuit avec éclairage allumé,En agglomération,Intersection en T,Normale,Deux véhicules - côté,4,2,4,1,1,1,1,0,5,50,,3,2,0,0,1,21.0,35.0,,,5,2,3,1,3
202100022300,2021-08-27 17:00:00,2021,8,27,17,0,75,75111,BOULEVARD DE MENILMONTANT,48.863539,2.38657,Plein jour,En agglomération,Hors intersection,Normale,Autre collision,4,1,2,1,1,1,1,0,1,30,,2,1,0,0,1,78.0,,,,1,2,1,1,6
202100022301,2021-08-27 17:00:00,2021,8,27,17,0,75,75110,RUE DU FAUBOURG SAINT MARTIN,48.87232,2.35769,Plein jour,En agglomération,Intersection en T,Normale,Autre collision,4,1,2,0,1,1,1,0,1,50,,2,1,0,0,1,37.0,,,,1,2,3,1,6
202100022302,2021-08-27 01:35:00,2021,8,27,1,35,75,75104,RUE DES LOMBARDS,48.859161,2.349751,Nuit avec éclairage allumé,En agglomération,Intersection en T,Normale,Autre collision,4,2,1,3,1,1,1,0,4,30,,1,0,0,0,1,25.0,,,,5,2,3,1,6
202100022303,2021-08-27 16:30:00,2021,8,27,16,30,75,75101,RUE DE RIVOLI,48.861496,2.339143,Plein jour,En agglomération,Intersection en X,Normale,Deux véhicules - frontale,4,2,3,1,1,1,1,0,5,50,,2,1,0,0,1,47.0,,,,1,2,2,1,1
202100022304,2021-08-27 09:33:00,2021,8,27,9,33,75,75101,RUE ETIENNE MARCEL,48.863637,2.34999,Plein jour,En agglomération,Intersection en X,Normale,Deux véhicules - arrière,4,2,3,1,1,1,1,0,1,50,,2,1,0,0,1,36.0,36.0,,,1,2,2,1,2
202100022305,2021-08-26 18:55:00,2021,8,26,18,55,94,94046,Avenue du Général Leclerc,48.81012,2.43287,Crépuscule ou aube,En agglomération,Hors intersection,Normale,Deux véhicules - côté,3,3,1,0,1,1,1,0,1,50,,3,2,0,0,1,33.0,33.0,,,2,2,1,1,3
202100022306,2021-08-27 09:35:00,2021,8,27,9,35,94,94041,VERDUN (AV DE),48.81342,2.37054,Plein jour,En agglomération,Intersection en X,Normale,Deux véhicules - côté,3,2,6,0,1,1,1,5,1,50,,2,1,0,0,1,25.0,29.0,,,1,2,2,1,3
202100022307,2021-08-27 00:35:00,2021,8,27,0,35,94,94081,STALINGRAD (BD DE),48.80201,2.37856,Nuit avec éclairage allumé,En agglomération,Hors intersection,Normale,Sans collision,3,-1,0,0,1,1,1,0,4,25,,1,0,0,0,1,45.0,,,,5,2,1,1,7
202100022308,2021-08-27 18:50:00,2021,8,27,18,50,94,94028,Rue du Port,48.79969,2.46612,Plein jour,En agglomération,Hors intersection,Normale,Deux véhicules - arrière,4,2,2,0,1,1,1,0,1,50,,2,1,0,0,1,32.0,22.0,,,1,2,1,1,2
202100022309,2021-08-27 18:40:00,2021,8,27,18,40,93,93078,LOUP (CHEMIN DU),48.94621,2.56561,Plein jour,En agglomération,Hors intersection,Normale,Deux véhicules - côté,3,1,1,0,1,1,1,0,1,50,,2,1,0,0,1,21.0,,,,1,2,1,1,3
202100022310,2021-08-27 15:15:00,2021,8,27,15,15,93,93073,Route des Petits Ponts / Septieme Avenue,48.9643,2.5655,Plein jour,En agglomération,Intersection en X,Normale,Deux véhicules - côté,3,2,4,0,1,1,1,5,1,50,,3,2,0,0,1,48.0,29.0,,,1,2,2,1,3
202100022311,2021-08-27 21:45:00,2021,8,27,21,45,93,93077,Grande Rue / Rue du Parc,48.8825407707,2.5248491763,Nuit sans éclairage public,En agglomération,Intersection en X,Normale,Deux véhicules - côté,3,2,4,0,1,1,1,0,1,50,,2,1,0,0,1,21.0,26.0,,,3,2,2,1,3
202100022312,2021-08-27 17:00:00,2021,8,27,17,0,93,93048,Rue de Paris / Rue d’Alembert,48.85471,2.41753,Plein jour,En agglomération,Intersection en X,Normale,Deux véhicules - frontale,3,2,2,0,1,1,1,0,1,50,,2,1,0,1,0,25.0,27.0,,,1,2,2,1,1
202100022313,2021-08-27 20:20:00,2021,8,27,20,20,93,93001,WALDECK ROCHET (RUE),48.914064,2.368072,Plein jour,En agglomération,Hors intersection,Normale,Autre collision,4,2,2,0,1,1,1,0,1,50,,2,1,0,0,1,48.0,,,,1,2,1,1,6
202100022314,2021-08-27 17:20:00,2021,8,27,17,20,92,92046,PIERRE BROSSOLETTE (AVENUE),48.820616126,2.3117852211,Plein jour,En agglomération,Hors intersection,Normale,Deux véhicules - frontale,3,2,4,0,1,1,1,0,1,50,,6,1,0,2,3,41.0,29.0,,,1,2,1,1,1
202100022315,2021-08-27 16:50:00,2021,8,27,16,50,92,92040,FRERES VOISIN (BOULEVARD DES),48.8278509293,2.2714394331,Plein jour,En agglomération,Hors intersection,Normale,Deux véhicules - côté,3,1,3,1,1,1,1,0,1,30,,2,1,0,0,1,43.0,27.0,,,1,2,1,1,3
202100022316,2021-08-27 18:00:00,2021,8,27,18,0,92,92026,MARECHAL JOFFRE (QUAI DU),48.8988814302,2.2701358795,Plein jour,En agglomération,Hors intersection,Normale,Deux véhicules - arrière,3,1,4,0,1,1,1,0,1,70,,2,1,0,0,1,24.0,32.0,,,1,2,1,1,2
202100022317,2021-08-25 09:45:00,2021,8,25,9,45,35,35002,8 Lieu Dit le Coterel,48.000303,-1.495889,Plein jour,Hors agglomération,Hors intersection,Normale,Deux véhicules - côté,3,2,2,0,2,1,1,0,1,80,,2,1,0,1,0,28.0,12.0,,,1,1,1,1,3
202100022318,2021-08-27 20:30:00,2021,8,27,20,30,44,44180,D21,47.570612,-1.215255,Plein jour,Hors agglomération,Hors intersection,Normale,Autre collision,3,2,2,0,1,2,1,0,3,80,,1,0,0,1,0,30.0,,,,1,1,1,1,6
202100022319,2021-08-27 19:00:00,2021,8,27,19,0,91,91648,Rue des Acacias,48.566977,2.354304,Plein jour,En agglomération,Hors intersection,Normale,Autre collision,4,2,2,0,1,1,1,0,1,50,,3,2,0,1,0,67.0,17.0,,,1,2,1,1,6
202100022320,2021-08-27 16:15:00,2021,8,27,16,15,17,17196,Rue de la Foy,45.571154,-0.640147,Plein jour,Hors agglomération,Intersection en T,Normale,Deux véhicules - arrière,3,2,2,0,1,1,1,0,1,80,,2,1,0,1,0,39.0,57.0,,,1,1,3,1,2
202100022321,2021-08-28 14:25:00,2021,8,28,14,25,54,54067,D643 PK 41-500,49.435427,5.6595039368,Plein jour,Hors agglomération,Hors intersection,Normale,Deux véhicules - côté,3,2,2,0,2,1,1,0,1,80,,2,1,0,1,0,25.0,72.0,,,1,1,1,1,3
202100022322,2021-08-27 22:30:00,2021,8,27,22,30,17,17222,D106,46.231661,-1.104888,Nuit sans éclairage public,Hors agglomération,Intersection en Y,Normale,Sans collision,3,2,2,0,1,3,1,0,3,70,,3,0,0,1,2,19.0,,,,3,1,4,1,7
202100022323,2021-08-27 16:40:00,2021,8,27,16,40,67,67194,Rue de Drusenheim,48.731076,7.907549,Plein jour,En agglomération,Giratoire,Normale,Deux véhicules - côté,3,2,2,1,1,3,1,5,1,30,,2,1,0,1,0,65.0,54.0,,,1,2,6,1,3
202100022324,2021-08-28 00:30:00,2021,8,28,0,30,51,51488,D951,49.0968994009,3.9786323225,Nuit sans éclairage public,Hors agglomération,Hors intersection,Normale,Deux véhicules - côté,3,2,2,0,1,1,1,5,1,90,,2,0,0,1,1,23.0,29.0,,,3,1,1,1,3
202100022325,2021-08-21 14:33:00,2021,8,21,14,33,19,19202,Route de Venarsal,45.231473,1.596279,Plein jour,Hors agglomération,Intersection en T,Normale,Deux véhicules - côté,3,2,2,0,2,1,1,0,1,90,,2,1,0,1,0,52.0,41.0,,,1,1,3,1,3
202100022326,2021-08-27 13:30:00,2021,8,27,13,30,77,77012,D71 012+800,48.674555,3.345664,Plein jour,Hors agglomération,Hors intersection,Normale,Autre collision,3,2,2,0,2,2,1,2,8,80,,4,3,0,0,1,58.0,,,,1,1,1,1,6
202100022327,2021-08-27 18:55:00,2021,8,27,18,55,67,67099,D919,48.955551,7.149138,Plein jour,Hors agglomération,Hors intersection,Normale,Autre collision,3,2,2,0,1,1,1,0,3,80,,2,0,0,0,2,18.0,,,,1,1,1,1,6
202100022328,2021-08-27 03:10:00,2021,8,27,3,10,76,76478,11 Route du Parc,49.746139,1.11896,Nuit sans éclairage public,En agglomération,Hors intersection,Normale,Sans collision,3,2,2,0,1,2,1,0,1,-1,,1,0,0,1,0,21.0,,,,3,2,1,1,7
202100022329,2021-08-19 16:35:00,2021,8,19,16,35,80,80094,2b Rue Jean Jaurès,49.80958,2.462536,Plein jour,En agglomération,Hors intersection,Normale,Sans collision,3,2,2,0,1,1,1,2,4,50,,1,0,0,1,0,73.0,,,,1,2,1,1,7
202100022330,2021-08-26 07:45:00,2021,8,26,7,45,65,65057,D936 ,43.195357,-0.000644,Crépuscule ou aube,Hors agglomération,Hors intersection,Temps éblouissant,Deux véhicules - côté,3,2,2,0,1,1,1,0,1,80,,2,1,0,1,0,27.0,62.0,,,2,1,1,7,3
202100022331,2021-08-26 02:00:00,2021,8,26,2,0,33,33236,,44.725646,-1.200268,Nuit avec éclairage allumé,Hors agglomération,Hors intersection,Normale,Trois véhicules et plus - collisions multiples,3,2,2,0,1,2,1,0,1,70,,4,0,0,1,3,58.0,25.0,,,5,1,1,1,5
202100022332,2021-08-16 13:40:00,2021,8,16,13,40,33,33236,,44.750608,-1.180834,Plein jour,En agglomération,Hors intersection,Normale,Autre collision,3,2,2,0,1,1,1,0,1,50,,2,1,0,0,1,28.0,,,,1,2,1,1,6
202100022333,2021-08-28 04:30:00,2021,8,28,4,30,89,89464,D15,48.072258,3.266606,Nuit sans éclairage public,Hors agglomération,Hors intersection,Normale,Autre collision,3,3,2,0,2,1,1,0,3,80,,2,0,1,0,1,22.0,,,,3,1,1,1,6
202100022334,2021-08-26 15:00:00,2021,8,26,15,0,63,63195,Avenue blaise pascal,45.823181,3.379235,Plein jour,En agglomération,Giratoire,Normale,Deux véhicules - côté,3,2,2,0,1,2,1,5,1,50,,2,1,0,1,0,79.0,71.0,,,1,2,6,1,3
202100022335,2021-08-28 13:30:00,2021,8,28,13,30,61,61230,D111,48.501706,0.718832,Plein jour,Hors agglomération,Hors intersection,Normale,Autre collision,3,2,2,0,1,1,1,0,3,90,,1,0,0,1,0,22.0,,,,1,1,1,1,6
202100022336,2021-08-28 01:40:00,2021,8,28,1,40,12,12161,D904,44.543991,2.557996,Nuit avec éclairage non allumé,Hors agglomération,Hors intersection,Normale,Autre collision,3,2,2,0,2,2,1,0,3,80,,2,0,0,1,1,20.0,,,,4,1,1,1,6
202100022337,2021-08-27 19:30:00,2021,8,27,19,30,42,42185,Rue de la Loire,45.587795,4.263403,Plein jour,Hors agglomération,Hors intersection,Normale,Deux véhicules - frontale,3,2,2,0,2,3,1,0,1,80,,3,1,0,1,1,46.0,33.0,,,1,1,1,1,1
202100022338,2021-08-28 01:05:00,2021,8,28,1,5,47,47106,88 Avenue de l Usine,44.489279,0.956788,Nuit avec éclairage allumé,En agglomération,Hors intersection,Normale,Autre collision,3,2,2,0,1,1,1,0,4,50,,1,0,0,1,0,49.0,,,,5,2,1,1,6
202100022339,2021-08-28 15:00:00,2021,8,28,15,0,25,25519,D39,47.297874,6.791139,Plein jour,Hors agglomération,Hors intersection,Normale,Sans collision,3,2,2,0,1,3,1,0,8,80,,2,0,0,2,0,26.0,,,,1,1,1,1,7
202100022340,2021-08-27 16:30:00,2021,8,27,16,30,25,25196,26 Rue d Audincourt,47.475955,6.889742,Plein jour,En agglomération,Intersection en T,Normale,Autre collision,3,2,2,0,1,1,1,0,1,50,,2,1,0,1,0,43.0,,,,1,2,3,1,6
202100022341,2021-08-28 15:00:00,2021,8,28,15,0,29,29216,D785 - Ty Lipig,47.954036,-4.177079,Plein jour,Hors agglomération,Hors intersection,Temps éblouissant,Sans collision,3,3,4,0,1,2,1,0,2,110,,2,0,0,2,0,60.0,,,,1,1,1,7,7
202100022342,2021-07-23 16:45:00,2021,7,23,16,45,31,31118,Route de Fronton,43.792054,1.361165,Plein jour,Hors agglomération,Hors intersection,Normale,Deux véhicules - frontale,3,2,2,0,1,2,1,0,1,80,,3,1,0,1,1,43.0,47.0,,,1,1,1,1,1
202100022343,2021-08-27 19:30:00,2021,8,27,19,30,38,38211,D518,45.456247,5.182714,Crépuscule ou aube,Hors agglomération,Hors intersection,Normale,Sans collision,3,2,2,0,1,3,1,0,8,50,,4,1,0,2,1,23.0,,,,2,1,1,1,7
202100022344,2021-08-28 14:20:00,2021,8,28,14,20,02,02441,Louâtre,49.242473,3.241197,Plein jour,Hors agglomération,Hors intersection,Temps couvert,Autre collision,3,2,2,0,1,2,8,0,3,80,,1,0,0,1,0,48.0,,,,1,1,1,8,6
202100022345,2021-08-27 20:45:00,2021,8,27,20,45,85,85232,A83,46.683834,-1.156322,Plein jour,Hors agglomération,Hors intersection,Normale,Autre collision,1,1,4,0,1,1,1,0,1,110,,1,0,0,1,0,26.0,,,,1,1,1,1,6