accident_id,datetime,annee,mois,jour,heure,minute,departement,commune_insee,adresse,latitude,longitude,luminosite,agglomeration,intersection,meteo,collision,catr,circ,nbv,vosp,prof,plan,surf,infra,situ,vma,nb_vehicules,nb_usagers,nb_indemnes,nb_tues,nb_blesses_hosp,nb_blesses_legers,age_cond_1,age_cond_2,veh_type_cond_1,veh_type_cond_2,lum_code,agg_code,int_code,atm_code,col_code
202100022346,2021-08-28 11:00:00,2021,8,28,11,0,70,70248,Rue d Evette,47.660506,6.775067,Plein jour,Hors agglomération,Hors intersection,Normale,Sans collision,4,2,2,0,2,1,1,0,3,80,,1,0,0,1,0,66.0,,,,1,1,1,1,7
202100022347,2021-08-28 17:00:00,2021,8,28,17,0,72,72169,La Jouannière,47.957743,0.071089,Plein jour,Hors agglomération,Hors intersection,Temps éblouissant,Deux véhicules - frontale,3,2,2,0,1,3,1,0,1,90,,3,1,0,0,2,23.0,58.0,,,1,1,1,7,1
202100022348,2021-08-26 22:47:00,2021,8,26,22,47,06,06151,M2565,43.866574,7.212803,Nuit sans éclairage public,Hors agglomération,Autre intersection,Normale,Autre collision,7,2,3,0,1,1,1,8,5,-1,,1,0,0,1,0,28.0,,,,3,1,9,1,6
202100022349,2021-08-25 09:12:00,2021,8,25,9,12,05,05142,N85,44.774676,6.017804,Plein jour,Hors agglomération,Intersection en T,Normale,Deux véhicules - côté,2,2,2,0,2,2,1,5,1,80,,2,1,0,0,1,49.0,38.0,,,1,1,3,1,3
202100022350,2021-08-28 19:09:00,2021,8,28,19,9,05,05092,les blayes,44.484015,6.027868,Plein jour,Hors agglomération,Hors intersection,Normale,Deux véhicules - frontale,3,2,2,0,2,1,1,0,1,80,,2,0,1,0,1,19.0,30.0,,,1,1,1,1,1
202100022351,2021-08-28 10:45:00,2021,8,28,10,45,50,50379,La Gousserie,48.743668,-1.19015,Plein jour,Hors agglomération,Intersection en Y,Normale,Sans collision,3,2,2,0,2,2,1,0,8,80,,1,0,1,0,0,50.0,,,,1,1,4,1,7
202100022352,2021-08-27 19:40:00,2021,8,27,19,40,45,45329,D162-PR 7 + 0,47.91984,2.973093,Plein jour,Hors agglomération,Hors intersection,Normale,Autre collision,3,2,2,0,1,2,1,0,3,80,,1,0,0,1,0,28.0,,,,1,1,1,1,6
202100022353,2021-08-28 01:10:00,2021,8,28,1,10,18,18141,Route de Berry - Bouy,47.137556,2.238207,Nuit avec éclairage allumé,En agglomération,Hors intersection,Normale,Autre collision,3,2,2,0,1,1,1,0,1,50,,1,0,0,0,1,50.0,,,,5,2,1,1,6
202100022354,2021-08-26 20:10:00,2021,8,26,20,10,36,36088,Rue Ferdinand de Lesseps,46.961001,1.984798,Plein jour,Hors agglomération,Hors intersection,Normale,Sans collision,4,2,2,0,1,3,1,0,8,80,,1,0,0,1,0,22.0,,,,1,1,1,1,7
202100022355,2021-08-28 02:15:00,2021,8,28,2,15,16,16242,Lieu-dit Chez Rouffaud,45.985002,0.353832,Nuit sans éclairage public,Hors agglomération,Hors intersection,Normale,Deux véhicules - frontale,3,2,2,0,2,4,1,0,1,70,,5,1,0,1,3,18.0,39.0,,,3,1,1,1,1
202100022356,2021-08-28 10:13:00,2021,8,28,10,13,16,16028,N10,45.461703,-0.138177,Plein jour,Hors agglomération,Hors intersection,Normale,Trois véhicules et plus - en chaîne,2,3,2,0,1,3,1,0,1,110,,14,10,1,1,2,28.0,43.0,,,1,1,1,1,4
202100022357,2021-08-27 15:45:00,2021,8,27,15,45,53,53121,D33,48.416612,-0.364995,Plein jour,Hors agglomération,Hors intersection,Normale,Sans collision,3,2,2,0,3,2,1,0,3,80,,1,0,0,1,0,18.0,,,,1,1,1,1,7
202100022358,2021-08-28 06:10:00,2021,8,28,6,10,40,40310,Chemin du Bayonnais,43.755566,-1.396809,Nuit sans éclairage public,Hors agglomération,Hors intersection,Normale,Deux véhicules - arrière,5,-1,1,1,1,1,1,9,5,-1,,2,1,0,1,0,,,,,3,1,1,1,2
202100022359,2021-08-27 05:00:00,2021,8,27,5,0,87,87154,2 Rue Auguste Gagne,45.891703,0.901626,Nuit avec éclairage allumé,En agglomération,Hors intersection,Normale,Autre collision,4,2,2,0,2,3,1,0,1,50,,1,0,0,1,0,23.0,,,,5,2,1,1,6
202100022360,2021-08-27 20:00:00,2021,8,27,20,0,30,30003,RD 979,43.568864,4.189841,Crépuscule ou aube,En agglomération,Giratoire,Normale,Sans collision,3,2,2,0,1,3,1,0,1,30,,1,0,0,0,1,56.0,,,,2,2,6,1,7
202100022361,2021-08-28 09:00:00,2021,8,28,9,0,52,52288,D257,48.435113,5.365427,Plein jour,Hors agglomération,Hors intersection,Normale,Sans collision,3,2,2,0,1,1,1,0,1,80,,2,1,0,1,0,27.0,,,,1,1,1,1,7
202100022362,2021-08-26 08:05:00,2021,8,26,8,5,24,24225,Avenue de Bergerac,44.84198,0.38421,Plein jour,En agglomération,Intersection en T,Normale,Deux véhicules - frontale,3,2,2,0,1,1,1,5,1,30,,2,1,0,1,0,19.0,22.0,,,1,2,3,1,1
202100022363,2021-08-27 17:30:00,2021,8,27,17,30,973,97307,petit giratoire de Balata,4.892102,-52.333267,Plein jour,Hors agglomération,Giratoire,Normale,Deux véhicules - arrière,9,1,2,0,1,3,1,5,1,50,,3,1,0,0,2,79.0,51.0,,,1,1,6,1,2
202100022364,2021-08-28 12:30:00,2021,8,28,12,30,973,97309,Route de Montjoly,4.92447,-52.284708,Plein jour,En agglomération,Hors intersection,Normale,Trois véhicules et plus - collisions multiples,3,2,2,0,1,1,1,0,1,50,,3,2,0,0,1,60.0,29.0,,,1,2,1,1,5
202100022365,2021-08-28 11:10:00,2021,8,28,11,10,76,76700,RN27 PR021.000,49.6659668222,1.0435799696,Plein jour,Hors agglomération,Intersection en Y,Pluie forte,Autre collision,2,3,4,0,1,2,2,3,3,100,,1,0,0,1,0,20.0,,,,1,1,4,3,6
202100022366,2021-08-28 19:25:00,2021,8,28,19,25,64,64038,pk 181.000 -- A.63,43.454447,-1.527732,Plein jour,Hors agglomération,Hors intersection,Normale,Deux véhicules - côté,1,3,5,0,2,1,1,0,1,110,,3,1,0,2,0,54.0,19.0,,,1,1,1,1,3
202100022367,2021-08-28 16:15:00,2021,8,28,16,15,14,14514,A13,49.292532,0.203151,Plein jour,Hors agglomération,Hors intersection,Normale,Autre collision,1,1,2,0,1,3,1,3,1,50,,1,0,0,1,0,44.0,,,,1,1,1,1,6
202100022368,2021-08-28 14:30:00,2021,8,28,14,30,976,97617,CCD1,-12.786836,45.111188,Plein jour,Hors agglomération,Hors intersection,Normale,Deux véhicules - frontale,3,2,2,0,1,1,1,0,1,50,,4,1,0,0,3,28.0,53.0,,,1,1,1,1,1
202100022369,2021-08-28 05:00:00,2021,8,28,5,0,988,98808,Méareu- HOUAILOU,-21.297931,165.587418,Crépuscule ou aube,Hors agglomération,Intersection en T,Normale,Autre collision,2,2,2,0,1,3,1,0,3,70,,4,1,1,0,2,23.0,,,,2,1,3,1,6
202100022370,2021-08-28 17:10:00,2021,8,28,17,10,976,97607,RN3- TSARARANO,-12.868398,45.202225,Plein jour,Hors agglomération,Hors intersection,Normale,Autre collision,2,2,2,0,1,2,1,0,3,70,,2,0,0,0,2,49.0,,,,1,1,1,1,6
202100022371,2021-08-27 19:20:00,2021,8,27,19,20,973,97305,CD5,4.982307,-52.469105,Nuit sans éclairage public,Hors agglomération,Hors intersection,Normale,Trois véhicules et plus - collisions multiples,3,2,2,0,1,1,1,0,1,80,,3,1,0,1,1,54.0,32.0,,,3,1,1,1,5
202100022372,2021-08-26 12:30:00,2021,8,26,12,30,971,97128,Chateaubrun,16.25404,-61.353954,Plein jour,Hors agglomération,Autre intersection,Normale,Deux véhicules - côté,3,2,1,0,1,1,1,0,1,70,,2,1,0,0,1,27.0,25.0,,,1,1,9,1,3
202100022373,2021-08-27 08:15:00,2021,8,27,8,15,978,97801,R DE SANDY GROUND,18.05787,-63.097422,Plein jour,En agglomération,Hors intersection,Normale,Deux véhicules - frontale,3,-1,1,0,1,1,1,0,1,-1,,2,1,0,1,0,20.0,17.0,,,1,2,1,1,1
202100022374,2021-08-28 06:30:00,2021,8,28,6,30,95,95489,RD 301,49.021914,2.350559,Nuit sans éclairage public,Hors agglomération,Hors intersection,Temps couvert,Deux véhicules - arrière,3,3,4,0,1,1,1,0,1,90,,3,1,0,2,0,36.0,28.0,,,3,1,1,8,2
202100022375,2021-08-27 17:30:00,2021,8,27,17,30,78,78398,D191,48.755029,1.832233,Plein jour,En agglomération,Hors intersection,Normale,Autre collision,3,2,2,0,2,4,1,0,1,30,,2,1,0,1,0,46.0,,,,1,2,1,1,6
202100022376,2021-08-25 08:45:00,2021,8,25,8,45,78,78310,Rue du Moulin des Arts,48.799613,1.593774,Plein jour,En agglomération,Intersection en X,Normale,Deux véhicules - côté,3,-1,2,0,1,1,1,0,1,-1,,2,0,0,1,1,21.0,48.0,,,1,2,2,1,3
202100022377,2021-08-27 20:10:00,2021,8,27,20,10,2B,2B314,Casta,42.659338,9.204569,Nuit sans éclairage public,Hors agglomération,Hors intersection,Normale,Sans collision,3,2,2,0,1,4,1,0,3,80,,1,0,0,0,1,55.0,,,,3,1,1,1,7
202100022378,2021-08-28 05:15:00,2021,8,28,5,15,83,83108,Chemin de la Foux,43.33411,5.978145,Nuit sans éclairage public,Hors agglomération,Hors intersection,Normale,Autre collision,4,2,1,0,1,1,1,0,3,30,,1,0,0,1,0,26.0,,,,3,1,1,1,6
202100022379,2021-08-28 14:45:00,2021,8,28,14,45,04,04183,RD 955,43.905685,6.542573,Plein jour,Hors agglomération,Hors intersection,Normale,Deux véhicules - frontale,3,2,2,0,1,3,1,0,1,80,,3,2,0,1,0,64.0,17.0,,,1,1,1,1,1
202100022380,2021-08-28 10:05:00,2021,8,28,10,5,13,13076,D7n,43.800794,5.005319,Plein jour,Hors agglomération,Intersection en T,Normale,Deux véhicules - côté,3,2,2,3,1,1,1,0,1,80,,3,1,0,2,0,53.0,70.0,,,1,1,3,1,3
202100022381,2021-08-27 12:00:00,2021,8,27,12,0,67,67348,Rue des Freres Wolff,48.463398,7.485844,Plein jour,En agglomération,Intersection en X,Normale,Deux véhicules - côté,4,2,2,0,1,1,1,0,1,50,,3,2,0,1,0,40.0,16.0,,,1,2,2,1,3
202100022382,2021-08-27 18:30:00,2021,8,27,18,30,57,57683,Rue de Metz,49.300463,6.162842,Plein jour,En agglomération,Hors intersection,Normale,Deux véhicules - arrière,3,2,2,0,1,1,1,0,1,-1,,2,1,0,1,0,56.0,39.0,,,1,2,1,1,2
202100022383,2021-08-28 09:25:00,2021,8,28,9,25,74,74001,D22,46.291784,6.755691,Plein jour,Hors agglomération,Autre intersection,Normale,Deux véhicules - frontale,3,2,2,0,2,1,1,0,1,70,,2,0,0,0,2,39.0,80.0,,,1,1,9,1,1
202100022384,2021-08-27 10:05:00,2021,8,27,10,5,44,44205,La Marchanderie,47.438103,-1.465795,Plein jour,Hors agglomération,Intersection en X,Normale,Deux véhicules - frontale,3,2,2,0,1,1,1,0,1,80,,2,1,0,1,0,74.0,23.0,,,1,1,2,1,1
202100022385,2021-08-26 03:00:00,2021,8,26,3,0,22,22343,51 Rue de Bihit,48.764794271,-3.5692074895,Nuit sans éclairage public,En agglomération,Intersection en Y,Normale,Autre collision,4,2,2,0,1,2,1,0,1,50,,5,3,0,1,1,23.0,,,,3,2,4,1,6
202100022386,2021-08-22 23:00:00,2021,8,22,23,0,57,57323,D57,49.401817,6.141315,Nuit sans éclairage public,Hors agglomération,Hors intersection,Normale,Autre collision,3,3,2,0,1,1,1,0,8,80,,1,0,0,1,0,25.0,,,,3,1,1,1,6
202100022387,2021-08-28 04:45:00,2021,8,28,4,45,60,60628,N31,49.428911049,2.1267946127,Nuit sans éclairage public,Hors agglomération,Hors intersection,Normale,Autre collision,2,3,2,0,1,1,1,0,1,80,,1,0,0,0,1,22.0,,,,3,1,1,1,6
202100022388,2021-08-27 19:00:00,2021,8,27,19,0,62,62355,résidence à l'orée du bois,50.329169,2.927878,Crépuscule ou aube,En agglomération,Hors intersection,Temps éblouissant,Autre collision,4,1,1,0,1,3,1,0,1,50,,2,1,0,0,1,40.0,,,,2,2,1,7,6
202100022389,2021-08-24 12:00:00,2021,8,24,12,0,13,13215,A7-Sens Lyon vers Marseille,43.35715,5.36284,Plein jour,Hors agglomération,Hors intersection,Normale,Deux véhicules - arrière,1,1,3,0,1,1,1,0,2,90,,2,1,0,0,1,32.0,43.0,,,1,1,1,1,2
202100022390,2021-08-25 18:30:00,2021,8,25,18,30,13,13033,DÉPARTEMENTALE 9,43.37917,5.18936,Plein jour,Hors agglomération,Hors intersection,Normale,Sans collision,7,3,2,0,1,1,1,0,8,70,,7,0,1,6,0,17.0,,,,1,1,1,1,7
202100022391,2021-08-27 15:20:00,2021,8,27,15,20,33,33474,AUTOROUTE A 62,44.673112,-0.477236,Plein jour,Hors agglomération,Hors intersection,Normale,Deux véhicules - arrière,1,3,4,0,1,1,1,0,1,130,,5,3,0,0,2,49.0,44.0,,,1,1,1,1,2
202100022392,2021-08-27 21:20:00,2021,8,27,21,20,91,91689,AUTOROUTE A6,48.73052,2.31466,Nuit sans éclairage public,Hors agglomération,Hors intersection,Normale,Deux véhicules - arrière,1,1,3,0,1,1,1,0,1,110,,3,1,0,0,2,26.0,31.0,,,3,1,1,1,2
202100022393,2021-08-27 17:40:00,2021,8,27,17,40,91,91573,RN 104,48.6301,2.5135,Plein jour,Hors agglomération,Hors intersection,Normale,Sans collision,2,1,1,0,1,3,1,0,1,70,,1,0,0,0,1,40.0,,,,1,1,1,1,7
202100022394,2021-08-27 10:50:00,2021,8,27,10,50,94,94034,AUTOROUTE A86,48.76045,2.32045,Plein jour,Hors agglomération,Hors intersection,Normale,Trois véhicules et plus - collisions multiples,1,1,2,0,1,1,1,1,1,70,,3,2,0,0,1,33.0,47.0,,,1,1,1,1,5
202100022395,2021-08-27 18:50:00,2021,8,27,18,50,92,92078,AUTOROUTE A86,48.9310456718,2.3232489824,Plein jour,Hors agglomération,Hors intersection,Normale,Trois véhicules et plus - en chaîne,1,3,6,0,1,1,1,0,1,90,,3,2,0,0,1,29.0,54.0,,,1,1,1,1,4
202100022396,2021-08-23 11:45:00,2021,8,23,11,45,94,94018,A4,48.8264219627,2.3918627688,Plein jour,Hors agglomération,Hors intersection,Normale,Deux véhicules - arrière,1,3,4,0,1,1,1,0,1,90,,2,1,0,0,1,31.0,30.0,,,1,1,1,1,2
202100022397,2021-08-25 19:12:00,2021,8,25,19,12,988,98818,ROUTE DE L'ANSE VATA,-22.28707,166.44837,Nuit avec éclairage allumé,En agglomération,Hors intersection,Normale,Deux véhicules - côté,4,2,2,0,2,2,1,0,1,50,,2,1,0,0,1,51.0,42.0,,,5,2,1,1,3
202100022398,2021-08-26 07:20:00,2021,8,26,7,20,974,97416,MITTERAND (AVENUE DU PDT),-21.3448521448,55.4849401116,Plein jour,En agglomération,Hors intersection,Normale,Deux véhicules - côté,4,2,2,0,2,1,1,0,1,50,,2,1,0,1,0,25.0,17.0,,,1,2,1,1,3
202100022399,2021-08-26 23:00:00,2021,8,26,23,0,69,69199,CARNOT (R),45.70815,4.85722,Nuit avec éclairage allumé,En agglomération,Intersection en X,Normale,Deux véhicules - côté,4,2,2,2,1,1,1,0,1,30,,3,2,0,0,1,39.0,,,,5,2,2,1,3
202100022400,2021-08-26 15:20:00,2021,8,26,15,20,69,69382,PERRACHE (Q),45.74236,4.82496,Plein jour,En agglomération,Intersection en T,Normale,Deux véhicules - frontale,4,2,2,0,1,1,1,0,1,50,,2,1,0,0,1,19.0,50.0,,,1,2,3,1,1
202100022401,2021-08-26 08:30:00,2021,8,26,8,30,69,69389,ST CYR (DE) (R),45.78394,4.80814,Plein jour,En agglomération,Intersection en T,Normale,Deux véhicules - côté,4,2,4,0,1,1,1,0,1,50,,2,1,0,0,1,26.0,21.0,,,1,2,3,1,3
202100022402,2021-08-26 01:20:00,2021,8,26,1,20,88,88413,Rue de l'Etang Piller,48.2964480311,6.9419780374,Nuit avec éclairage allumé,En agglomération,Hors intersection,Normale,Deux véhicules - arrière,9,2,2,0,2,3,1,9,1,50,,5,2,0,1,2,,21.0,,,5,2,1,1,2
202100022403,2021-08-21 15:24:00,2021,8,21,15,24,87,87085,AUTOROUTE A20,45.84623,1.27726,Plein jour,Hors agglomération,Hors intersection,Normale,Deux véhicules - arrière,1,3,4,0,1,1,1,0,1,90,,3,2,0,0,1,26.0,41.0,,,1,1,1,1,2
202100022404,2021-08-23 16:50:00,2021,8,23,16,50,84,84007,Félicien FLORENT (Rue),43.91699,4.88889,Plein jour,En agglomération,Hors intersection,Normale,Deux véhicules - côté,4,2,1,0,1,1,1,0,1,50,,2,1,0,1,0,23.0,35.0,,,1,2,1,1,3
202100022405,2021-08-21 20:00:00,2021,8,21,20,0,84,84007,C.De GAULLE (Rocade),43.93423,4.8314,Plein jour,En agglomération,Intersection en X,Normale,Deux véhicules - côté,4,3,2,0,1,1,1,0,1,50,,2,1,0,0,1,24.0,22.0,,,1,2,2,1,3
202100022406,2021-08-25 21:05:00,2021,8,25,21,5,83,83137,RIVIERE (QUAI COMMANDANT),43.135895,5.907193,Nuit avec éclairage allumé,En agglomération,Hors intersection,Normale,Autre collision,4,2,2,2,1,1,1,9,1,50,,1,0,0,0,1,75.0,,,,5,2,1,1,6
202100022407,2021-08-26 14:00:00,2021,8,26,14,0,83,83069,FRONT DE MER (BOULEVARD),43.1041,6.1744,Plein jour,En agglomération,Hors intersection,Normale,Deux véhicules - arrière,7,2,2,0,1,1,1,0,1,50,,2,1,0,0,1,56.0,46.0,,,1,2,1,1,2
202100022408,2021-08-21 20:15:00,2021,8,21,20,15,83,83118,AVENUE DU COLONEL BROOKE,43.44846,6.7793,Nuit avec éclairage allumé,En agglomération,Hors intersection,Normale,Deux véhicules - côté,4,-1,2,0,2,1,1,0,1,50,,2,1,0,1,0,20.0,72.0,,,5,2,1,1,3
202100022409,2021-08-25 17:00:00,2021,8,25,17,0,81,81004,GAMBETTA (AV),43.923643,2.147627,Plein jour,En agglomération,Intersection en X,Normale,Autre collision,4,2,2,0,1,1,1,0,1,50,,2,1,0,1,0,29.0,,,,1,2,2,1,6
202100022410,2021-08-24 16:20:00,2021,8,24,16,20,80,80021,SUZANNE FILACHET (ALLEE),49.9017,2.30376,Plein jour,En agglomération,Hors intersection,Normale,Autre collision,4,2,1,0,1,1,1,0,1,50,,1,0,0,1,0,25.0,,,,1,2,1,1,6
202100022411,2021-08-23 20:25:00,2021,8,23,20,25,80,80021,ALEXANDRE DUMAS (RUE),49.87558,2.28176,Plein jour,En agglomération,Intersection en X,Normale,Trois véhicules et plus - collisions multiples,3,1,3,0,1,1,1,0,1,50,,4,3,0,0,1,24.0,24.0,,,1,2,2,1,5
202100022412,2021-08-26 11:15:00,2021,8,26,11,15,74,74118,LIBERATION (ROUTE DE LA),46.1807887658,6.229772066,Plein jour,En agglomération,Hors intersection,Normale,Deux véhicules - arrière,3,1,1,0,1,1,1,0,1,30,,2,1,0,0,1,47.0,49.0,,,1,2,1,1,2
202100022413,2021-08-25 16:40:00,2021,8,25,16,40,71,71306,JEAN LAVILLE (RUE),46.67291,4.37112,Plein jour,En agglomération,Hors intersection,Normale,Deux véhicules - côté,4,2,2,0,1,1,1,0,1,50,,2,1,0,0,1,22.0,52.0,,,1,2,1,1,3
202100022414,2021-08-25 20:50:00,2021,8,25,20,50,71,71306,COOPERATIVE (RUE DE LA),46.6947686348,4.3615843208,Plein jour,En agglomération,Intersection en X,Normale,Deux véhicules - côté,4,2,2,0,1,1,1,0,1,50,,2,1,0,0,1,40.0,19.0,,,1,2,2,1,3
202100022415,2021-08-25 12:35:00,2021,8,25,12,35,71,71486,GAMBETTA (RUE),46.64415,4.37052,Plein jour,En agglomération,Intersection en X,Normale,Autre collision,4,2,2,0,1,1,1,0,1,50,,2,1,0,0,1,83.0,41.0,,,1,2,2,1,6
202100022416,2021-08-25 18:00:00,2021,8,25,18,0,67,67482,MARECHAL LEFEBVRE (RUE DU),48.56086,7.74247,Plein jour,En agglomération,Hors intersection,Normale,Deux véhicules - côté,4,2,2,0,1,1,1,0,1,50,,2,1,0,0,1,29.0,29.0,,,1,2,1,1,3
202100022417,2021-08-25 13:35:00,2021,8,25,13,35,67,67482,MARCHE GARE (RUE DU),48.596822,7.749808,Plein jour,En agglomération,Hors intersection,Normale,Deux véhicules - arrière,4,3,3,0,1,1,1,0,1,50,,3,2,0,0,1,40.0,20.0,,,1,2,1,1,2
202100022418,2021-08-26 14:14:00,2021,8,26,14,14,66,66136,PAYRA (JEAN),42.7022200938,2.8932824358,Plein jour,En agglomération,Intersection en T,Normale,Deux véhicules - côté,4,1,2,0,1,1,1,0,1,50,,2,1,0,0,1,40.0,50.0,,,1,2,3,1,3
202100022419,2021-08-21 21:23:00,2021,8,21,21,23,66,66136,ARGELES SUR MER AVENUE D',42.68387,2.90927,Crépuscule ou aube,En agglomération,Intersection en T,Normale,Deux véhicules - côté,4,3,4,3,1,1,1,0,1,50,,4,1,0,0,3,37.0,41.0,,,2,2,3,1,3
202100022420,2021-08-26 12:25:00,2021,8,26,12,25,65,65440,LASSALLE (RUE GEORGES),43.23431,0.07258,Plein jour,En agglomération,Intersection en Y,Normale,Deux véhicules - côté,4,2,2,0,1,1,1,0,1,50,,2,1,0,0,1,43.0,29.0,,,1,2,4,1,3
202100022421,2021-08-26 10:35:00,2021,8,26,10,35,65,65440,VAUSSENAT (RUE),43.2261,0.0748,Plein jour,En agglomération,Intersection en Y,Normale,Autre collision,4,2,2,0,1,1,1,0,4,50,,1,0,0,0,1,55.0,,,,1,2,4,1,6
202100022422,2021-08-26 10:30:00,2021,8,26,10,30,65,65440,MAI 1945 (BOULEVARD DU 08),43.219112,0.078101,Plein jour,En agglomération,Giratoire,Normale,Sans collision,2,2,2,0,1,1,1,0,1,50,,1,0,0,0,1,62.0,,,,1,2,6,1,7
202100022423,2021-08-26 17:20:00,2021,8,26,17,20,64,64545,PRESABURU ALLEE),43.36,-1.7,Plein jour,En agglomération,Hors intersection,Normale,Deux véhicules - côté,4,2,2,0,1,1,1,0,1,50,,2,1,0,0,1,42.0,16.0,,,1,2,1,1,3
202100022424,2021-08-25 18:20:00,2021,8,25,18,20,64,64445,ALFRED NOBEL,43.31577,-0.31427,Plein jour,En agglomération,Hors intersection,Normale,Trois véhicules et plus - en chaîne,3,2,4,1,1,1,1,0,1,50,,3,2,0,0,1,38.0,39.0,,,1,2,1,1,4
202100022425,2021-08-26 17:30:00,2021,8,26,17,30,64,64102,PAULMY (AVENUE DES ALLEES),43.49462,-1.47883,Plein jour,En agglomération,Hors intersection,Normale,Deux véhicules - côté,4,-1,1,2,1,1,1,9,8,30,,2,1,0,0,1,37.0,60.0,,,1,2,1,1,3
202100022426,2021-08-26 07:45:00,2021,8,26,7,45,64,64024,MOULIN BARBOT (RUE DU),43.501,-1.53045,Plein jour,En agglomération,Intersection en T,Temps éblouissant,Deux véhicules - frontale,4,1,1,0,1,1,1,0,1,50,,2,1,0,0,1,28.0,29.0,,,1,2,3,7,1
202100022427,2021-08-25 17:00:00,2021,8,25,17,0,64,64024,ROUTE DE PITOYS,43.46365,-1.50521,Plein jour,En agglomération,Intersection en T,Normale,Deux véhicules - arrière,4,2,2,0,2,1,1,0,1,50,,2,1,0,0,1,29.0,49.0,,,1,2,3,1,2
202100022428,2021-08-26 06:10:00,2021,8,26,6,10,63,63113,BONNEFONS / Fayolle,45.78127,3.07942,Crépuscule ou aube,En agglomération,Intersection en X,Normale,Autre collision,4,1,1,0,1,2,1,0,1,50,,2,1,0,0,1,53.0,,,,2,2,2,1,6
202100022429,2021-08-26 05:03:00,2021,8,26,5,3,63,63113,CARTOUCHERIE (RUE DE LA),45.77574,3.09923,Nuit avec éclairage allumé,En agglomération,Hors intersection,Normale,Autre collision,4,1,1,0,1,1,1,0,1,50,,1,0,0,1,0,22.0,,,,5,2,1,1,6
202100022430,2021-08-23 14:46:00,2021,8,23,14,46,57,57344,RD 955,48.72389,7.01968,Plein jour,Hors agglomération,Intersection en T,Normale,Deux véhicules - côté,3,2,2,0,1,1,2,0,1,70,,3,0,0,0,3,33.0,73.0,,,1,1,3,1,3
202100022431,2021-08-26 17:40:00,2021,8,26,17,40,51,51454,Avenue Nationale de la Neuvillette,49.28736,4.00725,Plein jour,En agglomération,Hors intersection,Normale,Deux véhicules - côté,3,2,2,1,1,1,1,0,5,50,,2,1,0,0,1,22.0,34.0,,,1,2,1,1,3
202100022432,2021-08-25 16:15:00,2021,8,25,16,15,51,51172,Place de la Fraternité,49.2150768145,4.0507441367,Plein jour,En agglomération,Giratoire,Normale,Deux véhicules - côté,3,1,2,0,1,2,1,9,1,50,,2,1,0,0,1,20.0,16.0,,,1,2,6,1,3
202100022433,2021-08-25 13:30:00,2021,8,25,13,30,51,51454,Rue Pierre Beregovoy,49.2199794272,4.0345011809,Plein jour,En agglomération,Giratoire,Normale,Deux véhicules - côté,4,1,1,1,2,3,1,0,5,50,,2,1,0,0,1,31.0,28.0,,,1,2,6,1,3
202100022434,2021-08-26 14:14:00,2021,8,26,14,14,49,49007,CLEMENCEAU BOULEVARD,47.47865,-0.56518,Plein jour,En agglomération,Hors intersection,Normale,Autre collision,4,2,2,0,1,1,1,0,1,30,,2,1,0,0,1,83.0,,,,1,2,1,1,6
202100022435,2021-08-26 06:35:00,2021,8,26,6,35,49,49007,FOULQUES NERRA BOULEVARD,47.47185,-0.56685,Crépuscule ou aube,En agglomération,Hors intersection,Normale,Sans collision,4,3,2,0,1,1,1,0,1,50,,2,0,0,0,2,16.0,,,,2,2,1,1,7
202100022436,2021-08-26 17:55:00,2021,8,26,17,55,45,45234,14 Rue Porte Saint Jean,47.9022917239,1.8971003491,Plein jour,En agglomération,Hors intersection,Normale,Autre collision,4,1,1,1,1,1,1,0,1,30,,2,1,0,0,1,39.0,,,,1,2,1,1,6
202100022437,2021-08-24 17:29:00,2021,8,24,17,29,44,44184,RD 213,47.28752,-2.24708,Plein jour,Hors agglomération,Hors intersection,Normale,Trois véhicules et plus - en chaîne,3,1,1,0,1,1,1,0,1,90,,3,2,0,0,1,27.0,51.0,,,1,1,1,1,4
202100022438,2021-08-26 17:30:00,2021,8,26,17,30,44,44109,BOULEVARD ALEXANDER FLEMING,47.25798,-1.55406,Plein jour,Hors agglomération,Hors intersection,Normale,Trois véhicules et plus - en chaîne,2,3,0,0,1,3,1,0,1,70,,4,2,0,1,1,77.0,20.0,,,1,1,1,1,4
202100022439,2021-08-26 10:15:00,2021,8,26,10,15,38,38185,Rue Albert Reynier,45.16613,5.70723,Plein jour,En agglomération,Hors intersection,Normale,Deux véhicules - arrière,7,1,6,1,1,1,1,0,5,50,,2,1,0,1,0,,75.0,,,1,2,1,1,2
202100022440,2021-08-27 00:50:00,2021,8,27,0,50,35,35238,PREVALAYE (CHEMIN DE LA),48.0843,-1.73138,Nuit sans éclairage public,En agglomération,Hors intersection,Normale,Autre collision,4,2,2,0,1,2,1,0,3,50,,1,0,1,0,0,26.0,,,,3,2,1,1,6
202100022441,2021-08-26 14:15:00,2021,8,26,14,15,35,35238,CHALAIS (SQUARE DES HAUTES),48.0910596326,-1.678604815,Plein jour,En agglomération,Hors intersection,Normale,Deux véhicules - côté,4,2,2,1,1,1,1,0,5,50,,2,1,0,0,1,49.0,14.0,,,1,2,1,1,3
202100022442,2021-08-26 12:30:00,2021,8,26,12,30,35,35238,LORIENT (DE),48.10674,-1.73031,Plein jour,En agglomération,Hors intersection,Normale,Deux véhicules - arrière,2,3,4,0,1,1,1,0,1,50,,3,1,0,0,2,21.0,64.0,,,1,2,1,1,2