accident_id,datetime,annee,mois,jour,heure,minute,departement,commune_insee,adresse,latitude,longitude,luminosite,agglomeration,intersection,meteo,collision,catr,circ,nbv,vosp,prof,plan,surf,infra,situ,vma,nb_vehicules,nb_usagers,nb_indemnes,nb_tues,nb_blesses_hosp,nb_blesses_legers,age_cond_1,age_cond_2,veh_type_cond_1,veh_type_cond_2,lum_code,agg_code,int_code,atm_code,col_code
202100022443,2021-08-26 08:35:00,2021,8,26,8,35,35,35051,ALLIES (BOULEVARD DES),48.1028519753,-1.6101327538,Plein jour,Hors agglomération,Giratoire,Normale,Deux véhicules - côté,4,3,4,0,1,3,1,0,1,50,,2,1,0,0,1,22.0,28.0,,,1,1,6,1,3
202100022444,2021-08-26 22:08:00,2021,8,26,22,8,34,34172,Avenue de Maurin,43.59973,3.87547,Nuit avec éclairage allumé,En agglomération,Intersection en X,Normale,Deux véhicules - côté,4,-1,2,0,1,1,1,5,1,50,,3,1,0,0,2,,21.0,,,5,2,2,1,3
202100022445,2021-08-27 00:05:00,2021,8,27,0,5,33,33318,Avenue du Haut Lévèque,44.79075,-0.65729,Nuit avec éclairage allumé,En agglomération,Intersection en T,Normale,Deux véhicules - côté,4,2,3,2,1,1,1,5,1,50,,2,1,0,0,1,21.0,26.0,,,5,2,3,1,3
202100022446,2021-08-26 08:40:00,2021,8,26,8,40,33,33522,Avenue de la Mission Haut-Brion,44.812609,-0.605825,Plein jour,En agglomération,Hors intersection,Normale,Deux véhicules - frontale,4,2,2,0,1,2,1,0,1,50,,2,1,0,0,1,30.0,24.0,,,1,2,1,1,1
202100022447,2021-08-26 08:30:00,2021,8,26,8,30,33,33162,Rue du Moulineau,44.87381,-0.664635,Plein jour,En agglomération,Hors intersection,Normale,Autre collision,4,2,2,0,1,1,1,0,1,50,,1,0,0,1,0,58.0,,,,1,2,1,1,6
202100022448,2021-08-25 16:45:00,2021,8,25,16,45,33,33529,D259,44.59839,-1.196,Plein jour,Hors agglomération,Giratoire,Normale,Deux véhicules - côté,3,2,2,0,1,1,1,0,1,50,,2,1,0,0,1,75.0,62.0,,,1,1,6,1,3
202100022449,2021-08-26 20:05:00,2021,8,26,20,5,31,31555,AV DU GENERAL EISENHOWER,43.55905,1.3983,Crépuscule ou aube,En agglomération,Hors intersection,Normale,Autre collision,7,2,4,0,2,1,1,0,1,50,,2,1,1,0,0,25.0,,,,2,2,1,1,6
202100022450,2021-08-23 22:50:00,2021,8,23,22,50,31,31555,VA007342 LA CEPIERE  A620 Sortie 27,43.58614,1.40244,Nuit avec éclairage allumé,En agglomération,Hors intersection,Normale,Sans collision,1,1,1,0,1,3,1,0,2,50,,1,0,1,0,0,21.0,,,,5,2,1,1,7
202100022451,2021-08-25 16:25:00,2021,8,25,16,25,31,31555,PINEL (PL MARIUS) DU 1AU 24,43.602673,1.466022,Plein jour,En agglomération,Hors intersection,Normale,Deux véhicules - frontale,4,2,2,1,1,1,1,0,1,50,,2,1,0,0,1,,38.0,,,1,2,1,1,1
202100022452,2021-08-23 18:40:00,2021,8,23,18,40,31,31555,NARBONNE (ROUTE DE),43.56794,1.457507,Crépuscule ou aube,En agglomération,Autre intersection,Normale,Deux véhicules - frontale,7,-1,2,0,1,1,1,9,1,30,,2,1,0,1,0,21.0,62.0,,,2,2,9,1,1
202100022453,2021-08-25 09:40:00,2021,8,25,9,40,30,30007,CARNOT (AVE),44.12138,4.08958,Plein jour,En agglomération,Hors intersection,Normale,Deux véhicules - côté,2,2,2,0,1,1,1,0,1,50,,2,1,0,0,1,44.0,58.0,,,1,2,1,1,3
202100022454,2021-08-25 21:30:00,2021,8,25,21,30,28,28134,MARCEAU (AVENUE DU GENERAL),48.7292,1.36684,Nuit avec éclairage allumé,En agglomération,Hors intersection,Normale,Deux véhicules - côté,4,2,2,0,2,1,1,0,1,50,,2,0,0,0,2,26.0,,,,5,2,1,1,3
202100022455,2021-08-26 10:55:00,2021,8,26,10,55,17,17028,SALENGRO   AVENUE ROGER,46.14019,-1.13387,Plein jour,En agglomération,Hors intersection,Normale,Autre collision,4,2,4,1,1,1,1,5,1,50,,2,1,0,0,1,18.0,20.0,,,1,2,1,1,6
202100022456,2021-08-26 21:30:00,2021,8,26,21,30,13,13216,ESTAQUE PLAGE,43.36179,5.30299,Nuit avec éclairage allumé,En agglomération,Giratoire,Normale,Sans collision,7,2,2,0,1,1,1,0,3,50,,2,0,0,1,1,17.0,,,,5,2,6,1,7
202100022457,2021-08-26 21:25:00,2021,8,26,21,25,13,13208,PRADO (AVENUE DU),43.2647771435,5.3791036605,Nuit sans éclairage public,En agglomération,Hors intersection,Normale,Deux véhicules - côté,4,3,4,0,1,1,1,0,1,50,,3,1,0,0,2,,31.0,,,3,2,1,1,3
202100022458,2021-08-26 17:50:00,2021,8,26,17,50,13,13207,Corniche John Fitzgérald Kennedy,43.2755843906,5.3592141863,Plein jour,En agglomération,Hors intersection,Normale,,4,2,2,0,1,1,1,0,1,50,,3,1,0,1,1,53.0,21.0,,,1,2,1,1,-1
202100022459,2021-08-26 09:40:00,2021,8,26,9,40,13,13005,NATIONALE 8 DE PARIS A TOULON (ROUTE),43.281324,5.605258,Plein jour,Hors agglomération,Hors intersection,Normale,Deux véhicules - côté,7,1,2,0,2,2,1,0,1,50,,2,1,0,0,1,45.0,75.0,,,1,1,1,1,3
202100022460,2021-08-26 08:45:00,2021,8,26,8,45,13,13001,MOURET HENRI (AV),43.5183883848,5.4336029428,Plein jour,En agglomération,Intersection en X,Normale,Deux véhicules - côté,2,1,3,0,1,1,1,0,1,50,,3,2,0,0,1,23.0,34.0,,,1,2,2,1,3
202100022461,2021-08-25 10:15:00,2021,8,25,10,15,13,13001,MOURET HENRI (AV),43.5210675144,5.4358702466,Plein jour,En agglomération,Autre intersection,Normale,Deux véhicules - côté,4,3,6,0,3,1,1,5,1,50,,2,1,0,1,0,26.0,59.0,,,1,2,9,1,3
202100022462,2021-08-26 10:25:00,2021,8,26,10,25,09,09122,VILLOTE (ALLEES DE),42.96356,1.607167,Plein jour,En agglomération,Hors intersection,Normale,Autre collision,3,1,4,0,1,1,1,0,1,30,,2,1,0,1,0,53.0,,,,1,2,1,1,6
202100022463,2021-08-25 14:45:00,2021,8,25,14,45,07,07281,,44.92862,4.80811,Plein jour,Hors agglomération,Hors intersection,Normale,Trois véhicules et plus - en chaîne,3,2,2,0,2,2,1,0,1,80,,5,1,0,0,4,23.0,69.0,,,1,1,1,1,4
202100022464,2021-08-26 13:15:00,2021,8,26,13,15,06,06069,PEGOMAS (ROUTE DE),43.64153,6.93675,Plein jour,En agglomération,Hors intersection,Normale,Deux véhicules - arrière,3,2,2,0,1,3,1,0,1,50,,3,2,0,0,1,60.0,20.0,,,1,2,1,1,2
202100022465,2021-08-25 20:05:00,2021,8,25,20,5,03,03001,GRAVIERS (AVENUE DES),46.10916,3.44001,Crépuscule ou aube,En agglomération,Hors intersection,Normale,Deux véhicules - côté,3,2,2,0,1,1,1,0,1,50,,2,0,0,2,0,27.0,14.0,,,2,2,1,1,3
202100022466,2021-08-26 19:15:00,2021,8,26,19,15,01,01014,CARREFOUR POINT B,46.285417,5.662135,Plein jour,En agglomération,Autre intersection,Normale,Deux véhicules - côté,3,-1,2,0,1,2,1,0,1,50,,3,2,0,0,1,36.0,24.0,,,1,2,9,1,3
202100022467,2021-08-26 15:05:00,2021,8,26,15,5,75,75113,PORTE D ITALIE,48.816241,2.359798,Plein jour,En agglomération,Intersection en Y,Normale,Deux véhicules - frontale,4,1,4,0,1,1,1,0,1,70,,2,1,0,0,1,23.0,24.0,,,1,2,4,1,1
202100022468,2021-08-25 21:10:00,2021,8,25,21,10,75,75112,ECHANGEUR BERCY,48.827258,2.390884,Nuit avec éclairage allumé,En agglomération,Intersection en Y,Normale,Deux véhicules - arrière,4,1,2,0,2,3,1,0,1,50,,2,1,0,0,1,19.0,50.0,,,5,2,4,1,2
202100022469,2021-08-25 16:50:00,2021,8,25,16,50,75,75112,PORTE DOREE,48.836796,2.412611,Plein jour,En agglomération,Hors intersection,Normale,Trois véhicules et plus - en chaîne,4,1,4,0,1,1,1,0,1,70,,3,2,0,0,1,42.0,28.0,,,1,2,1,1,4
202100022470,2021-08-25 03:15:00,2021,8,25,3,15,75,75115,PORTE DE SEVRES,48.832373,2.280542,Nuit avec éclairage allumé,En agglomération,Intersection en Y,Normale,Deux véhicules - arrière,4,1,3,0,1,1,1,0,1,70,,6,5,0,0,1,41.0,23.0,,,5,2,4,1,2
202100022471,2021-08-26 15:06:00,2021,8,26,15,6,75,75120,BOULEVARD DAVOUT,48.853521,2.410793,Plein jour,En agglomération,Intersection en X,Normale,Deux véhicules - côté,4,2,6,3,1,1,1,0,1,30,,2,1,0,0,1,47.0,30.0,,,1,2,2,1,3
202100022472,2021-08-24 04:20:00,2021,8,24,4,20,75,75114,AVENUE DENFERT ROCHEREAU,48.835669,2.333946,Nuit avec éclairage allumé,En agglomération,Hors intersection,Normale,Autre collision,4,2,0,3,1,1,1,0,1,50,,2,0,0,0,2,22.0,,,,5,2,1,1,6
202100022473,2021-08-26 17:40:00,2021,8,26,17,40,75,75111,BOULEVARD DE BELLEVILLE,48.867938,2.381807,Plein jour,En agglomération,Hors intersection,Normale,Autre collision,4,1,1,1,1,1,1,0,5,30,,2,1,0,0,1,34.0,,,,1,2,1,1,6
202100022474,2021-08-26 19:00:00,2021,8,26,19,0,75,75108,AVENUE MONTAIGNE,48.867738,2.307691,Plein jour,En agglomération,Intersection en T,Normale,Deux véhicules - côté,4,1,3,0,1,1,1,0,1,50,,2,1,0,0,1,30.0,26.0,,,1,2,3,1,3
202100022475,2021-08-26 11:20:00,2021,8,26,11,20,75,75107,BOULEVARD DES INVALIDES,48.852081,2.314505,Plein jour,En agglomération,Hors intersection,Normale,Sans collision,4,2,4,0,1,1,1,0,1,50,,1,0,0,0,1,58.0,,,,1,2,1,1,7
202100022476,2021-08-26 02:05:00,2021,8,26,2,5,94,94041,Rue Paul Andrieux,48.81298,2.37021,Nuit avec éclairage allumé,En agglomération,Intersection en X,Normale,Deux véhicules - côté,3,1,8,1,1,1,1,5,5,50,,2,1,0,0,1,19.0,55.0,,,5,2,2,1,3
202100022477,2021-08-26 21:25:00,2021,8,26,21,25,94,94079,Boulevard Jean Monnet,48.83495,2.54713,Nuit avec éclairage allumé,En agglomération,Intersection en X,Normale,Deux véhicules - côté,4,4,12,0,1,1,1,0,1,50,,3,1,0,0,2,39.0,21.0,,,5,2,2,1,3
202100022478,2021-08-25 21:10:00,2021,8,25,21,10,94,94017,REPUBLIQUE (AV DE LA),48.81911,2.51138,Crépuscule ou aube,En agglomération,Hors intersection,Normale,Autre collision,3,2,2,0,2,1,1,0,1,50,,3,2,0,1,0,63.0,36.0,,,2,2,1,1,6
202100022479,2021-08-26 09:10:00,2021,8,26,9,10,93,93078,Parking Avenue Vauban,48.9674,2.55216,Plein jour,En agglomération,Hors intersection,Normale,Autre collision,6,-1,0,0,1,1,1,9,1,15,,1,0,0,0,1,26.0,,,,1,2,1,1,6
202100022480,2021-08-26 19:47:00,2021,8,26,19,47,93,93066,Avenue du Président Wilson,48.92823,2.35673,Plein jour,En agglomération,Hors intersection,Normale,Deux véhicules - arrière,4,3,6,3,1,1,1,0,1,50,,2,1,0,0,1,27.0,,,,1,2,1,1,2
202100022481,2021-08-26 18:00:00,2021,8,26,18,0,93,93048,Rue Robespierre / Rue Cuvier,48.85091,2.42461,Plein jour,En agglomération,Intersection en X,Normale,Deux véhicules - arrière,3,2,2,0,2,1,1,0,1,50,,2,1,0,0,1,28.0,33.0,,,1,2,2,1,2
202100022482,2021-08-25 22:10:00,2021,8,25,22,10,93,93006,Avenue de Stalingrad,48.874925,2.427335,Nuit avec éclairage allumé,En agglomération,Hors intersection,Normale,Deux véhicules - arrière,3,-1,0,0,1,1,1,0,1,50,,2,1,0,0,1,66.0,66.0,,,5,2,1,1,2
202100022483,2021-08-26 11:40:00,2021,8,26,11,40,93,93031,Rue du Commandant Louis Bouchet / Rue Antoine Bourdelle,48.95312,2.3215,Plein jour,En agglomération,Intersection en X,Normale,Deux véhicules - côté,4,2,2,0,1,1,1,5,1,50,,3,2,0,1,0,39.0,73.0,,,1,2,2,1,3
202100022484,2021-08-26 15:00:00,2021,8,26,15,0,93,93005,Rue de Bruxelles,48.93136,2.483822,Plein jour,En agglomération,Hors intersection,Normale,Autre collision,4,1,1,0,1,2,1,0,1,50,,1,0,0,0,1,31.0,,,,1,2,1,1,6
202100022485,2021-08-26 08:48:00,2021,8,26,8,48,92,92049,PERI RUE GABRIEL AUTRES N°,48.8185129648,2.3196036964,Plein jour,En agglomération,Intersection en X,Temps couvert,Deux véhicules - frontale,3,2,2,0,1,1,1,0,1,50,,5,4,0,0,1,46.0,33.0,,,1,2,2,8,1
202100022486,2021-08-26 18:15:00,2021,8,26,18,15,92,92025,AGENT SARRE (AV DE L'),48.924745,2.26616,Plein jour,En agglomération,Hors intersection,Normale,Deux véhicules - côté,3,2,2,0,1,1,1,0,1,50,,2,1,0,0,1,25.0,40.0,,,1,2,1,1,3
202100022487,2021-08-25 15:15:00,2021,8,25,15,15,92,92012,EDOUARD VAILLANT (AVENUE) 57/FIN - 58/FI,48.833837011,2.2444477389,Plein jour,En agglomération,Hors intersection,Normale,Deux véhicules - côté,3,1,1,0,1,1,1,0,1,50,,3,2,0,0,1,42.0,46.0,,,1,2,1,1,3
202100022488,2021-08-25 13:00:00,2021,8,25,13,0,38,38336,N7,45.4628640844,4.8264102208,Plein jour,Hors agglomération,Intersection en T,Normale,Deux véhicules - côté,2,2,2,0,1,1,1,0,1,70,,2,0,0,0,2,22.0,17.0,,,1,1,3,1,3
202100022489,2021-08-14 17:15:00,2021,8,14,17,15,22,22188,Le Chene Guenette,48.519591,-2.875868,Plein jour,Hors agglomération,Hors intersection,Normale,Sans collision,4,2,2,0,1,3,1,0,1,80,,1,0,0,1,0,19.0,,,,1,1,1,1,7
202100022490,2021-08-04 22:15:00,2021,8,4,22,15,33,33138,D261,45.049138,-0.107337,Nuit sans éclairage public,Hors agglomération,Hors intersection,Normale,Deux véhicules - arrière,3,2,2,0,1,1,1,0,1,80,,3,1,0,0,2,34.0,26.0,,,3,1,1,1,2
202100022491,2021-08-25 20:50:00,2021,8,25,20,50,74,74034,Rte du Col,46.28513,6.640157,Nuit sans éclairage public,Hors agglomération,Hors intersection,Normale,Autre collision,3,2,2,0,2,1,1,0,8,80,,2,1,0,1,0,20.0,,,,3,1,1,1,6
202100022492,2021-08-26 16:00:00,2021,8,26,16,0,57,57428,Rue du Wenheck,49.098838,6.738439,Plein jour,En agglomération,Intersection en T,Normale,Deux véhicules - arrière,3,2,2,0,2,1,1,0,1,50,,2,1,0,1,0,40.0,31.0,,,1,2,3,1,2
202100022493,2021-08-26 13:00:00,2021,8,26,13,0,40,40103,a 65 pk 72+600,43.937184,-0.391903,Plein jour,Hors agglomération,Hors intersection,Normale,Sans collision,1,3,4,0,1,1,1,0,3,130,,1,0,0,0,1,25.0,,,,1,1,1,1,7
202100022494,2021-08-26 19:15:00,2021,8,26,19,15,28,28006,D24,48.451806,1.417279,Plein jour,Hors agglomération,Intersection en X,Normale,Deux véhicules - côté,3,2,2,0,1,1,1,5,1,80,,2,1,0,1,0,20.0,55.0,,,1,1,2,1,3
202100022495,2021-08-24 19:20:00,2021,8,24,19,20,19,19276,A20 - pk 243 + 000,45.3990655173,1.5650193225,Plein jour,Hors agglomération,Hors intersection,Normale,Deux véhicules - arrière,1,1,4,0,3,1,1,0,1,130,,6,0,0,1,5,32.0,61.0,,,1,1,1,1,2
202100022496,2021-08-05 19:40:00,2021,8,5,19,40,06,06095,103 Route de Draguignan,43.636995,6.864785,Plein jour,En agglomération,Intersection en Y,Normale,Deux véhicules - côté,3,2,2,0,1,1,1,0,1,50,,2,1,0,1,0,60.0,38.0,,,1,2,4,1,3
202100022497,2021-08-27 08:50:00,2021,8,27,8,50,62,62571,Rue Camille Delacroix,50.458361,1.601445,Plein jour,En agglomération,Hors intersection,Normale,Trois véhicules et plus - collisions multiples,3,2,2,0,1,1,2,0,1,50,,3,2,0,1,0,30.0,15.0,,,1,2,1,1,5
202100022498,2021-08-27 17:30:00,2021,8,27,17,30,26,26219,310 Route de la Vallée,45.212501,4.935185,Plein jour,Hors agglomération,Hors intersection,Normale,Deux véhicules - côté,3,2,2,0,1,1,1,0,1,80,,2,1,0,1,0,48.0,27.0,,,1,1,1,1,3
202100022499,2021-08-26 09:30:00,2021,8,26,9,30,30,30286,Route de Remoulins,43.984817,4.459827,Plein jour,Hors agglomération,Hors intersection,Normale,Sans collision,3,2,2,0,1,1,1,0,3,80,,1,0,0,1,0,22.0,,,,1,1,1,1,7
202100022500,2021-08-24 17:10:00,2021,8,24,17,10,30,30308,Chemin du Perret,43.980371,4.430988,Plein jour,Hors agglomération,Hors intersection,Normale,Deux véhicules - frontale,4,2,1,0,1,2,1,0,1,50,,2,1,0,0,1,16.0,33.0,,,1,1,1,1,1
202100022501,2021-08-27 13:20:00,2021,8,27,13,20,62,62166,D916,50.456255,2.391365,Plein jour,Hors agglomération,Hors intersection,Normale,Autre collision,3,2,2,0,2,1,1,0,1,80,,1,0,0,1,0,21.0,,,,1,1,1,1,6
202100022502,2021-08-27 15:50:00,2021,8,27,15,50,83,83120,D560,43.383142,5.736345,Plein jour,Hors agglomération,Hors intersection,Normale,Trois véhicules et plus - collisions multiples,7,2,2,0,4,2,1,0,1,70,,3,1,0,1,1,40.0,54.0,,,1,1,1,1,5
202100022503,2021-08-26 19:15:00,2021,8,26,19,15,30,30047,Chemin des Canaux,43.815683,4.421192,Crépuscule ou aube,Hors agglomération,Intersection en T,Normale,Deux véhicules - frontale,3,2,2,0,1,1,1,0,1,80,,2,1,0,1,0,36.0,48.0,,,2,1,3,1,1
202100022504,2021-08-25 10:50:00,2021,8,25,10,50,19,19145,D991,45.384135,2.122421,Plein jour,Hors agglomération,Hors intersection,Normale,Sans collision,3,2,2,0,2,3,9,0,1,90,,1,0,0,1,0,40.0,,,,1,1,1,1,7
202100022505,2021-08-26 09:10:00,2021,8,26,9,10,56,56094,Place de l Eglise,47.763135,-3.238816,Plein jour,En agglomération,Hors intersection,Temps éblouissant,Autre collision,4,1,1,0,2,2,1,0,1,30,,2,1,0,1,0,23.0,,,,1,2,1,7,6
202100022506,2021-08-26 06:50:00,2021,8,26,6,50,60,60247,D101,49.4314872921,2.5384764693,Plein jour,Hors agglomération,Hors intersection,Normale,Trois véhicules et plus - collisions multiples,3,2,2,0,1,3,1,0,1,80,,4,1,0,0,3,24.0,28.0,,,1,1,1,1,5
202100022507,2021-08-27 15:05:00,2021,8,27,15,5,80,80274,Rue du Pont d Allemagne,49.740419481,3.0327297282,Plein jour,Hors agglomération,Hors intersection,Normale,Sans collision,3,2,2,0,1,2,1,0,8,80,,2,1,0,0,1,34.0,,,,1,1,1,1,7
202100022508,2021-08-26 12:30:00,2021,8,26,12,30,82,82112,Route de Laujol,44.119754,1.103756,Plein jour,Hors agglomération,Hors intersection,Temps éblouissant,Deux véhicules - côté,3,2,2,0,1,3,1,0,1,70,,4,1,0,2,1,19.0,62.0,,,1,1,1,7,3
202100022509,2021-08-26 18:35:00,2021,8,26,18,35,69,69018,TACOT (DU) (RTE),46.1547134552,4.5845912397,Plein jour,Hors agglomération,Hors intersection,Normale,Deux véhicules - frontale,3,2,2,0,1,3,1,0,1,80,,2,0,0,1,1,76.0,18.0,,,1,1,1,1,1
202100022510,2021-08-25 14:15:00,2021,8,25,14,15,71,71493,Rue du Bourg,46.961761139,4.5482109994,Plein jour,Hors agglomération,Hors intersection,Normale,Deux véhicules - frontale,4,2,1,0,2,2,1,0,1,80,,2,1,0,1,0,14.0,53.0,,,1,1,1,1,1
202100022511,2021-08-26 14:50:00,2021,8,26,14,50,89,89456,D606,48.30202,3.183353,Plein jour,Hors agglomération,Intersection en X,Normale,Deux véhicules - frontale,3,2,3,0,1,3,1,0,1,90,,3,1,0,2,0,33.0,22.0,,,1,1,2,1,1
202100022512,2021-08-26 22:10:00,2021,8,26,22,10,63,63352,D909,45.475484,3.236101,Nuit sans éclairage public,Hors agglomération,Hors intersection,Normale,Autre collision,3,2,2,0,1,1,1,0,4,80,,1,0,0,1,0,40.0,,,,3,1,1,1,6
202100022513,2021-08-26 20:30:00,2021,8,26,20,30,61,61081,Rue des Ecoles,48.651856,0.196312,Crépuscule ou aube,En agglomération,Hors intersection,Normale,Autre collision,4,2,2,0,4,4,1,0,1,50,,1,0,0,1,0,10.0,,,,2,2,1,1,6
202100022514,2021-08-26 16:45:00,2021,8,26,16,45,49,49003,Route d Angers,47.272576,-0.35626,Plein jour,En agglomération,Hors intersection,Normale,Autre collision,3,2,2,0,1,1,1,9,3,50,,1,0,0,1,0,26.0,,,,1,2,1,1,6
202100022515,2021-08-27 19:20:00,2021,8,27,19,20,42,42015,Aux Quatre Vents,46.168854,4.366626,Plein jour,Hors agglomération,Intersection à plus de 4 branches,Normale,Deux véhicules - côté,3,2,2,0,2,1,1,0,1,80,,2,1,0,1,0,49.0,49.0,,,1,1,5,1,3
202100022516,2021-07-31 20:50:00,2021,7,31,20,50,34,34150,Route de Meze,43.390341,3.53756,Nuit sans éclairage public,Hors agglomération,Intersection en T,Normale,Deux véhicules - arrière,3,2,2,0,1,1,1,0,1,-1,,2,1,0,0,1,54.0,23.0,,,3,1,3,1,2
202100022517,2021-08-25 09:05:00,2021,8,25,9,5,34,34178,Avenue Louis Arcelin,43.439576,3.137176,Plein jour,En agglomération,Hors intersection,Normale,Deux véhicules - frontale,3,2,2,0,2,1,1,0,1,30,,2,1,0,1,0,67.0,71.0,,,1,2,1,1,1
202100022518,2021-08-26 18:15:00,2021,8,26,18,15,22,22226,Lan Vrudec,48.685075,-3.561169,Plein jour,Hors agglomération,Intersection en T,Normale,Deux véhicules - côté,3,2,2,0,2,4,1,0,1,80,,2,1,0,0,1,72.0,65.0,,,1,1,3,1,3
202100022519,2021-08-20 07:21:00,2021,8,20,7,21,39,39047,881 Route des Fontaines,46.541853,6.034788,Plein jour,Hors agglomération,Hors intersection,Normale,Deux véhicules - côté,3,2,2,0,2,1,1,5,1,70,,2,1,0,1,0,46.0,30.0,,,1,1,1,1,3
202100022520,2021-08-25 18:00:00,2021,8,25,18,0,25,25527,Rue du Moulin du Pré - D203,47.177309,5.797327,Plein jour,Hors agglomération,Hors intersection,Normale,Deux véhicules - côté,3,2,2,0,2,1,1,0,1,80,,3,1,0,0,2,74.0,61.0,,,1,1,1,1,3
202100022521,2021-08-26 22:30:00,2021,8,26,22,30,44,44006,Route de la Cle des Champs,47.438422,-2.377456,Nuit sans éclairage public,Hors agglomération,Hors intersection,Normale,Autre collision,4,2,2,0,1,3,1,0,3,80,,1,0,0,1,0,27.0,,,,3,1,1,1,6
202100022522,2021-08-27 17:10:00,2021,8,27,17,10,31,31255,route nationale 125,43.036807,0.606265,Plein jour,Hors agglomération,Intersection en X,Normale,Deux véhicules - côté,2,2,2,0,1,1,1,5,1,80,,3,0,0,1,2,50.0,65.0,,,1,1,2,1,3
202100022523,2021-08-22 18:57:00,2021,8,22,18,57,31,31145,Route Departementale 820,43.298174,1.52814,Plein jour,Hors agglomération,Intersection en X,Normale,Deux véhicules - côté,3,2,2,0,1,1,1,5,1,80,,2,0,0,1,1,54.0,61.0,,,1,1,2,1,3
202100022524,2021-08-26 11:40:00,2021,8,26,11,40,03,03029,Lieu Dit Fontcroze,46.240444,3.440191,Plein jour,Hors agglomération,Hors intersection,Normale,Deux véhicules - côté,3,2,2,0,1,1,1,0,1,90,,2,1,0,1,0,84.0,57.0,,,1,1,1,1,3
202100022525,2021-08-27 17:03:00,2021,8,27,17,3,26,26248,Route de Die,44.757217,5.268824,Plein jour,Hors agglomération,Hors intersection,Normale,Autre collision,3,2,2,0,1,1,1,0,3,80,,1,0,0,1,0,63.0,,,,1,1,1,1,6
202100022526,2021-08-27 16:00:00,2021,8,27,16,0,26,26069,Route du Col de Rousset,44.820416,5.392785,Plein jour,Hors agglomération,Hors intersection,Normale,Autre collision,3,2,2,0,2,4,1,0,3,80,,1,0,0,1,0,53.0,,,,1,1,1,1,6
202100022527,2021-08-27 06:40:00,2021,8,27,6,40,54,54157,3 Rue Serge Mangon,48.839115,6.057869,Crépuscule ou aube,En agglomération,Hors intersection,Normale,Deux véhicules - côté,4,2,2,0,1,1,1,0,1,50,,2,1,0,1,0,39.0,58.0,,,2,2,1,1,3
202100022528,2021-08-26 18:40:00,2021,8,26,18,40,14,14193,La croix rouge,49.131436,0.331725,Plein jour,Hors agglomération,Hors intersection,Normale,Trois véhicules et plus - collisions multiples,4,2,2,0,1,1,1,0,1,50,,3,1,0,1,1,16.0,11.0,,,1,1,1,1,5
202100022529,2021-08-26 19:45:00,2021,8,26,19,45,50,50029,Rue Robert Shumann,48.599391,-0.833277,Crépuscule ou aube,En agglomération,Intersection en X,Temps éblouissant,Deux véhicules - frontale,3,2,2,0,1,1,1,0,1,30,,2,1,0,0,1,15.0,24.0,,,2,2,2,7,1
202100022530,2021-08-27 01:50:00,2021,8,27,1,50,60,60447,RD 554,49.2802272896,2.7682679797,Nuit sans éclairage public,Hors agglomération,Hors intersection,Normale,Autre collision,3,2,2,0,1,1,1,0,1,80,,1,0,0,1,0,36.0,,,,3,1,1,1,6
202100022531,2021-08-27 12:11:00,2021,8,27,12,11,64,64038,D254,43.451649,-1.52541,Plein jour,En agglomération,Hors intersection,Normale,Deux véhicules - côté,3,2,2,0,1,1,1,0,1,50,,3,2,1,0,0,64.0,71.0,,,1,2,1,1,3
202100022532,2021-08-26 17:50:00,2021,8,26,17,50,73,73308,RD925,45.6898113281,6.4114165425,Plein jour,Hors agglomération,Hors intersection,Normale,Deux véhicules - côté,3,2,2,0,2,4,1,0,1,50,,2,1,1,0,0,52.0,49.0,,,1,1,1,1,3
202100022533,2021-08-16 07:10:00,2021,8,16,7,10,18,18242,La Garde,46.831822,2.963476,Crépuscule ou aube,Hors agglomération,Hors intersection,Normale,Autre collision,3,2,2,0,1,1,1,0,3,90,,4,1,0,0,3,21.0,,,,2,1,1,1,6
202100022534,2021-08-13 08:26:00,2021,8,13,8,26,07,07136,,44.60351,3.907756,Plein jour,Hors agglomération,Hors intersection,Normale,Autre collision,3,2,2,0,4,1,1,0,1,80,,1,0,0,1,0,29.0,,,,1,1,1,1,6
202100022535,2021-08-27 08:20:00,2021,8,27,8,20,40,40255,Route de Pujo,43.879146,-0.345018,Plein jour,Hors agglomération,Intersection en X,Brouillard / fumée,Deux véhicules - côté,3,2,2,0,1,1,1,0,1,80,,3,2,0,1,0,19.0,73.0,,,1,1,2,5,3
202100022536,2021-08-25 17:25:00,2021,8,25,17,25,85,85297,La Grippe,46.36808,-1.222469,Plein jour,Hors agglomération,Hors intersection,Normale,Deux véhicules - arrière,3,2,2,0,1,1,1,0,1,80,,3,2,0,1,0,39.0,35.0,,,1,1,1,1,2
202100022537,2021-08-26 19:00:00,2021,8,26,19,0,17,17483,CD266 17340,46.042132,-1.007738,Plein jour,Hors agglomération,Hors intersection,Temps éblouissant,Sans collision,3,2,2,0,1,3,1,0,3,80,,1,0,0,1,0,21.0,,,,1,1,1,7,7
202100022538,2021-08-17 12:00:00,2021,8,17,12,0,30,30089,D986l,43.841623,4.619279,Plein jour,Hors agglomération,Hors intersection,Normale,Deux véhicules - frontale,3,2,2,0,1,1,1,0,1,80,,2,1,0,0,1,26.0,42.0,,,1,1,1,1,1