accident_id,datetime,annee,mois,jour,heure,minute,departement,commune_insee,adresse,latitude,longitude,luminosite,agglomeration,intersection,meteo,collision,catr,circ,nbv,vosp,prof,plan,surf,infra,situ,vma,nb_vehicules,nb_usagers,nb_indemnes,nb_tues,nb_blesses_hosp,nb_blesses_legers,age_cond_1,age_cond_2,veh_type_cond_1,veh_type_cond_2,lum_code,agg_code,int_code,atm_code,col_code
202100022539,2021-08-25 11:40:00,2021,8,25,11,40,10,10095,A26 pk 352+000,48.552751,4.193172,Plein jour,Hors agglomération,Hors intersection,Normale,Sans collision,1,3,4,0,1,1,1,0,1,90,,1,0,0,1,0,60.0,,,,1,1,1,1,7
202100022540,2021-08-27 11:50:00,2021,8,27,11,50,03,03175,A71 PK 330+425 sens Clermont-Ferrant -- PARIS,46.253351,3.081228,Plein jour,Hors agglomération,Hors intersection,Normale,Trois véhicules et plus - en chaîne,1,3,4,0,1,1,1,0,1,130,,12,10,0,1,1,38.0,30.0,,,1,1,1,1,4
202100022541,2021-08-21 18:55:00,2021,8,21,18,55,06,06085,Avenue Saint Martin,43.608069,6.984569,Plein jour,En agglomération,Giratoire,Normale,Deux véhicules - côté,4,1,2,0,1,2,1,0,1,50,,2,1,0,1,0,41.0,57.0,,,1,2,6,1,3
202100022542,2021-08-26 13:15:00,2021,8,26,13,15,83,83061,"A8, aire du Reyran",43.498272,6.755082,Plein jour,Hors agglomération,Hors intersection,Temps éblouissant,Autre collision,1,3,5,0,2,3,1,3,8,110,,1,0,0,1,0,58.0,,,,1,1,1,7,6
202100022543,2021-08-27 12:00:00,2021,8,27,12,0,69,69027,LANDE (DE LA) (CHM),45.683889,4.762064,Plein jour,En agglomération,Intersection en Y,Normale,Deux véhicules - arrière,4,2,2,0,2,2,1,0,1,50,,3,2,0,0,1,48.0,28.0,,,1,2,4,1,2
202100022544,2021-08-27 07:30:00,2021,8,27,7,30,971,97103,RN1,16.251393,-61.588401,Plein jour,Hors agglomération,Hors intersection,Normale,Autre collision,2,1,2,0,1,3,1,0,1,90,,2,1,1,0,0,41.0,,,,1,1,1,1,6
202100022545,2021-08-24 18:40:00,2021,8,24,18,40,2B,2B188,au niveau du lieu-dit u castellu,42.604273,9.357047,Plein jour,Hors agglomération,Hors intersection,Pluie forte,Autre collision,3,2,2,0,2,3,2,0,1,80,,2,1,0,0,1,25.0,19.0,,,1,1,1,3,6
202100022546,2021-08-27 11:50:00,2021,8,27,11,50,2A,2A247,Qrt Precojo,41.5437448747,9.2816866636,Plein jour,Hors agglomération,Intersection en T,Normale,Sans collision,3,2,-1,-1,2,2,1,0,1,-1,,2,0,0,0,2,20.0,,,,1,1,3,1,7
202100022547,2021-08-26 10:38:00,2021,8,26,10,38,05,05079,D1091,45.0427450762,6.4164431651,Plein jour,Hors agglomération,Hors intersection,Normale,Trois véhicules et plus - collisions multiples,3,2,2,0,2,4,1,0,1,90,,4,1,0,3,0,71.0,49.0,,,1,1,1,1,5
202100022548,2021-08-26 22:10:00,2021,8,26,22,10,04,04143,RD4 - Rond point du Revest,43.922951,5.911524,Nuit avec éclairage allumé,En agglomération,Giratoire,Normale,Deux véhicules - côté,3,2,2,0,1,1,1,0,1,50,,2,1,0,0,1,30.0,42.0,,,5,2,6,1,3
202100022549,2021-08-27 11:15:00,2021,8,27,11,15,13,13074,RD96,43.644267,5.554833,Plein jour,Hors agglomération,Intersection en X,Normale,Deux véhicules - côté,7,2,2,0,1,1,1,0,1,70,,4,0,0,0,4,21.0,26.0,,,1,1,2,1,3
202100022550,2021-08-21 18:20:00,2021,8,21,18,20,74,74050,Rte du Col de Cou,46.221118,6.433697,Plein jour,Hors agglomération,Intersection en T,Temps éblouissant,Deux véhicules - côté,3,2,2,0,1,1,1,0,1,80,,2,0,0,1,1,88.0,20.0,,,1,1,3,7,3
202100022551,2021-08-25 06:05:00,2021,8,25,6,5,74,74050,D40,46.22114,6.433638,Crépuscule ou aube,Hors agglomération,Intersection en T,Normale,Deux véhicules - côté,3,2,2,0,1,3,1,9,1,80,,2,1,0,0,1,36.0,55.0,,,2,1,3,1,3
202100022552,2021-08-27 11:15:00,2021,8,27,11,15,74,74056,Rte des Montets,45.986109,6.927803,Plein jour,En agglomération,Hors intersection,Normale,Deux véhicules - frontale,3,2,2,0,2,1,1,0,1,50,,3,1,0,2,0,49.0,38.0,,,1,2,1,1,1
202100022553,2021-08-18 00:00:00,2021,8,18,0,0,73,73303,Avenue Jules Bianco,45.750382,6.4191,Nuit avec éclairage allumé,En agglomération,Hors intersection,Normale,Autre collision,4,2,2,0,2,4,1,0,3,50,,1,0,0,1,0,64.0,,,,5,2,1,1,6
202100022554,2021-08-25 17:30:00,2021,8,25,17,30,38,38557,Avenue des Cèdres,45.795626,5.119251,Plein jour,En agglomération,Hors intersection,Normale,Autre collision,3,2,2,0,1,1,1,0,1,50,,3,2,0,1,0,80.0,,,,1,2,1,1,6
202100022555,2021-08-27 15:30:00,2021,8,27,15,30,26,26117,Route des Grands Goulets,45.03476,5.382528,Plein jour,Hors agglomération,Hors intersection,Normale,Deux véhicules - frontale,3,2,2,0,2,2,1,0,1,-1,,3,0,0,1,2,62.0,50.0,,,1,1,1,1,1
202100022556,2021-08-27 07:00:00,2021,8,27,7,0,07,07324,28 Avenue Marechal Foch,45.071276,4.8254093,Crépuscule ou aube,En agglomération,Hors intersection,Normale,Sans collision,3,2,2,1,1,1,1,0,5,50,,1,0,0,1,0,19.0,,,,2,2,1,1,7
202100022557,2021-08-26 04:50:00,2021,8,26,4,50,01,01403,D 19,45.824728,5.445035,Nuit sans éclairage public,Hors agglomération,Hors intersection,Normale,Autre collision,3,2,2,0,1,1,1,0,3,80,,1,0,0,1,0,48.0,,,,3,1,1,1,6
202100022558,2021-08-27 00:45:00,2021,8,27,0,45,17,17421,boulevard pasteur,45.672356,-0.938864,Nuit sans éclairage public,En agglomération,Intersection en X,Normale,Deux véhicules - côté,3,2,2,0,4,1,1,0,1,30,,2,1,0,1,0,21.0,41.0,,,3,2,2,1,3
202100022559,2021-08-26 09:15:00,2021,8,26,9,15,85,85198,RD111,46.9913,-1.042365,Plein jour,En agglomération,Intersection en T,Normale,Deux véhicules - côté,3,2,2,0,1,1,1,5,1,50,,2,1,0,0,1,53.0,64.0,,,1,2,3,1,3
202100022560,2021-08-27 13:30:00,2021,8,27,13,30,14,14332,D658,48.859449,-0.177133,Plein jour,Hors agglomération,Intersection en X,Normale,Deux véhicules - frontale,3,2,2,0,1,1,1,5,1,80,,2,1,0,0,1,33.0,32.0,,,1,1,2,1,1
202100022561,2021-08-26 20:15:00,2021,8,26,20,15,14,14406,D613,49.241959,-0.603036,Crépuscule ou aube,En agglomération,Hors intersection,Normale,Sans collision,3,2,2,0,2,1,1,0,1,50,,2,0,0,1,1,49.0,,,,2,2,1,1,7
202100022562,2021-08-26 19:00:00,2021,8,26,19,0,60,60090,Route départementale 53,49.1713660284,1.8846960065,Plein jour,Hors agglomération,Intersection en T,Normale,Deux véhicules - côté,3,2,2,0,1,1,1,0,1,80,,2,0,0,0,2,18.0,23.0,,,1,1,3,1,3
202100022563,2021-08-26 17:00:00,2021,8,26,17,0,59,59184,Route Nationale,50.7303628396,2.4110081792,Plein jour,En agglomération,Hors intersection,Normale,Trois véhicules et plus - collisions multiples,3,2,2,0,1,1,1,0,1,50,,4,3,0,1,0,84.0,45.0,,,1,2,1,1,5
202100022564,2021-08-26 13:10:00,2021,8,26,13,10,13,13214,A7-Sens Marseille vers Lyon,43.32103,5.37792,Plein jour,Hors agglomération,Hors intersection,Normale,Deux véhicules - arrière,1,1,2,0,1,1,1,8,1,70,,3,1,0,0,2,25.0,25.0,,,1,1,1,1,2
202100022565,2021-08-21 04:00:00,2021,8,21,4,0,13,13005,A50 - Sens Aubagne vers Marseille,43.27268,5.58897,Nuit sans éclairage public,Hors agglomération,Hors intersection,Normale,Trois véhicules et plus - en chaîne,1,3,4,0,2,1,1,0,1,90,,10,4,0,0,6,42.0,28.0,,,3,1,1,1,4
202100022566,2021-08-22 16:15:00,2021,8,22,16,15,69,69029,PERIPHERIQUE LAURENT BONNEVAY (BD),45.7493628368,4.9073364609,Plein jour,Hors agglomération,Hors intersection,Normale,Deux véhicules - côté,7,3,6,0,1,1,1,0,1,70,,2,1,0,0,1,28.0,47.0,,,1,1,1,1,3
202100022567,2021-08-26 17:36:00,2021,8,26,17,36,33,33075,ROCADE A 630,44.88916,-0.59775,Plein jour,Hors agglomération,Hors intersection,Normale,Deux véhicules - arrière,1,3,6,0,1,1,1,0,1,90,,3,2,0,0,1,67.0,28.0,,,1,1,1,1,2
202100022568,2021-08-26 12:30:00,2021,8,26,12,30,91,91377,RN20,48.7301,2.3005,Plein jour,Hors agglomération,Intersection en X,Normale,Deux véhicules - côté,3,2,4,0,1,1,1,0,1,50,,2,1,0,1,0,27.0,39.0,,,1,1,2,1,3
202100022569,2021-08-26 09:10:00,2021,8,26,9,10,91,91377,AUTOROUTE A10,48.72063,2.29448,Plein jour,Hors agglomération,Hors intersection,Normale,Deux véhicules - côté,1,3,3,0,1,1,1,0,1,110,,2,1,0,0,1,36.0,35.0,,,1,1,1,1,3
202100022570,2021-08-26 08:50:00,2021,8,26,8,50,94,94034,AUTOROUTE A86,48.760377,2.319886,Plein jour,Hors agglomération,Hors intersection,Normale,Trois véhicules et plus - en chaîne,1,3,4,0,1,1,1,1,1,70,,3,2,0,0,1,50.0,46.0,,,1,1,1,1,4
202100022571,2021-08-25 20:00:00,2021,8,25,20,0,91,91553,RN 104,48.63232,2.49594,Plein jour,Hors agglomération,Hors intersection,Normale,Deux véhicules - arrière,2,3,3,0,1,1,1,0,1,90,,2,1,0,0,1,25.0,72.0,,,1,1,1,1,2
202100022572,2021-08-26 16:15:00,2021,8,26,16,15,93,93010,AUTOROUTE A3,48.91039,2.47441,Plein jour,Hors agglomération,Hors intersection,Normale,Trois véhicules et plus - collisions multiples,1,3,6,0,1,1,1,0,1,110,,5,4,0,0,1,22.0,43.0,,,1,1,1,1,5
202100022573,2021-08-26 15:00:00,2021,8,26,15,0,95,95212, A1,49.029076903,2.538349825,Plein jour,Hors agglomération,Hors intersection,Normale,Sans collision,1,3,6,0,1,1,1,0,1,90,,1,0,0,0,1,29.0,,,,1,1,1,1,7
202100022574,2021-08-25 13:50:00,2021,8,25,13,50,95,95277,AUTOROUTE A3,48.971892,2.48545,Plein jour,Hors agglomération,Hors intersection,Normale,Deux véhicules - côté,1,3,6,0,1,1,1,0,1,90,,2,1,0,1,0,,51.0,,,1,1,1,1,3
202100022575,2021-08-25 11:55:00,2021,8,25,11,55,93,93078,AUTOROUTE A104,48.9581,2.53084,Plein jour,Hors agglomération,Hors intersection,Normale,Deux véhicules - côté,1,3,6,0,1,3,1,0,1,90,,3,2,0,0,1,61.0,36.0,,,1,1,1,1,3
202100022576,2021-08-26 20:00:00,2021,8,26,20,0,77,77294,A104,48.96627,2.60781,Plein jour,Hors agglomération,Hors intersection,Normale,Sans collision,1,3,1,0,3,1,1,0,1,90,,1,0,0,1,0,60.0,,,,1,1,1,1,7
202100022577,2021-08-26 16:30:00,2021,8,26,16,30,94,94073,A86 INT,48.762100526,2.3816766713,Plein jour,Hors agglomération,Hors intersection,Normale,Trois véhicules et plus - en chaîne,1,-1,3,0,1,1,1,0,1,90,,4,3,0,0,1,42.0,51.0,,,1,1,1,1,4
202100022578,2021-08-25 18:45:00,2021,8,25,18,45,94,94046,A86 INT,48.81,2.449,Plein jour,Hors agglomération,Hors intersection,Normale,Deux véhicules - côté,1,3,9,0,1,1,1,0,1,90,,4,0,0,0,4,26.0,19.0,,,1,1,1,1,3
202100022579,2021-08-25 09:10:00,2021,8,25,9,10,77,77058,A4,48.8287948439,2.7243070605,Plein jour,Hors agglomération,Hors intersection,Normale,Deux véhicules - arrière,1,3,3,0,1,1,1,0,1,130,,2,0,0,0,2,55.0,41.0,,,1,1,1,1,2
202100022580,2021-08-25 09:05:00,2021,8,25,9,5,94,94073,A86 INT,48.75355,2.37528,Plein jour,Hors agglomération,Hors intersection,Normale,Deux véhicules - côté,2,1,2,0,1,1,1,0,1,90,,2,1,0,0,1,26.0,69.0,,,1,1,1,1,3
202100022581,2021-05-21 23:30:00,2021,5,21,23,30,78,78643,RD1,48.96698,1.99328,Nuit sans éclairage public,Hors agglomération,Autre intersection,Temps couvert,Autre collision,3,3,-1,-1,1,1,1,0,1,-1,,1,0,0,0,1,49.0,,,,3,1,9,8,6
202100022582,2021-08-24 18:30:00,2021,8,24,18,30,05,05061,D994,44.54849,6.03825,Plein jour,Hors agglomération,Hors intersection,Pluie forte,Autre collision,3,2,2,0,2,2,2,0,1,50,,1,0,0,0,1,21.0,,,,1,1,1,3,6
202100022583,2021-08-23 18:10:00,2021,8,23,18,10,95,95582,RD 14,48.9718569506,2.2571716233,Plein jour,En agglomération,Hors intersection,Normale,Autre collision,3,2,2,1,1,1,1,0,5,25,,2,1,0,0,1,,,,,1,2,1,1,6
202100022584,2021-04-03 20:22:00,2021,4,3,20,22,06,06004,SAINT CLAUDE CH.DE,43.60232,7.08623,Nuit avec éclairage allumé,Hors agglomération,Hors intersection,Normale,Deux véhicules - côté,4,1,1,0,1,1,1,0,8,30,,2,1,0,1,0,28.0,61.0,,,5,1,1,1,3
202100022585,2021-08-24 18:14:00,2021,8,24,18,14,974,97416,POUDRIERE(RUE DE LA),-21.3339,55.4569,Nuit avec éclairage allumé,En agglomération,Hors intersection,Normale,Deux véhicules - côté,4,2,2,0,1,1,1,0,1,30,,2,1,0,0,1,20.0,61.0,,,5,2,1,1,3
202100022586,2021-08-25 18:15:00,2021,8,25,18,15,974,97411,MONTAGNE (ROUTE DE LA),-20.8887,55.4375,Nuit sans éclairage public,Hors agglomération,Hors intersection,Pluie légère,Deux véhicules - côté,3,2,2,0,2,2,2,0,1,50,,4,3,0,0,1,19.0,59.0,,,3,1,1,2,3
202100022587,2021-08-25 19:46:00,2021,8,25,19,46,973,97302,MONTABO (ROUTE DE) 2,4.9410848938,-52.3027703763,Nuit avec éclairage allumé,En agglomération,Hors intersection,Normale,Deux véhicules - côté,3,2,1,2,1,1,1,0,1,50,,3,1,0,1,1,35.0,19.0,,,5,2,1,1,3
202100022588,2021-08-24 11:20:00,2021,8,24,11,20,973,97302,PASTEUR (AVENUE LOUIS),4.94392,-52.3219,Plein jour,En agglomération,Hors intersection,Normale,Trois véhicules et plus - collisions multiples,4,1,2,0,1,1,1,0,1,50,,4,3,0,0,1,39.0,46.0,,,1,2,1,1,5
202100022589,2021-08-26 22:40:00,2021,8,26,22,40,69,69386,GARIBALDI (R),45.76558,4.85109,Nuit avec éclairage allumé,En agglomération,Intersection en X,Normale,Deux véhicules - côté,4,1,5,2,1,1,1,0,1,50,,2,1,0,1,0,22.0,18.0,,,5,2,2,1,3
202100022590,2021-08-25 12:45:00,2021,8,25,12,45,69,69387,GUILLOTIERE (DE LA) (GR),45.75334,4.84466,Plein jour,En agglomération,Hors intersection,Normale,Autre collision,4,1,1,2,1,1,1,0,5,50,,2,0,0,0,2,24.0,,,,1,2,1,1,6
202100022591,2021-08-25 09:40:00,2021,8,25,9,40,69,69388,ROCKEFELLER (AV),45.7401866847,4.88848418,Plein jour,En agglomération,Intersection en T,Normale,Deux véhicules - côté,4,2,2,3,1,1,1,0,1,50,,2,1,0,0,1,50.0,44.0,,,1,2,3,1,3
202100022592,2021-08-23 09:30:00,2021,8,23,9,30,69,69383,DOCTEUR LONG (CR),45.74956,4.88415,Plein jour,En agglomération,Intersection en X,Normale,Trois véhicules et plus - en chaîne,4,1,1,0,1,1,1,0,1,30,,3,2,0,0,1,41.0,48.0,,,1,2,2,1,4
202100022593,2021-08-25 12:40:00,2021,8,25,12,40,972,97209,RD 41 (ROCADE),14.61177,-61.06998,Plein jour,Hors agglomération,Hors intersection,Normale,Deux véhicules - arrière,3,1,2,0,1,1,1,0,1,60,,2,1,0,1,0,28.0,33.0,,,1,1,1,1,2
202100022594,2021-08-22 10:50:00,2021,8,22,10,50,69,69286,STRASBOURG (DE) (RTE),45.8130203688,4.8873281479,Plein jour,En agglomération,Hors intersection,Normale,Deux véhicules - arrière,7,2,2,0,1,1,1,0,1,50,,2,0,0,0,2,47.0,40.0,,,1,2,1,1,2
202100022595,2021-07-13 19:35:00,2021,7,13,19,35,95,95268,RD 84A,48.96478,2.41756,Plein jour,Hors agglomération,Hors intersection,Normale,Trois véhicules et plus - collisions multiples,3,2,2,0,1,1,1,0,1,90,,3,1,0,0,2,33.0,21.0,,,1,1,1,1,5
202100022596,2021-08-24 18:15:00,2021,8,24,18,15,91,91589,BD ARISTIDE BRIAND,48.687595,2.355494,Plein jour,En agglomération,Autre intersection,Normale,Deux véhicules - côté,4,2,2,0,1,1,1,0,1,50,,2,1,0,0,1,36.0,22.0,,,1,2,9,1,3
202100022597,2021-08-25 05:30:00,2021,8,25,5,30,91,91434,JUVISY (AVENUE DE),48.65253,2.3526,Nuit avec éclairage allumé,En agglomération,Intersection en X,Normale,Deux véhicules - côté,4,2,2,0,1,1,1,0,1,50,,2,1,0,0,1,33.0,26.0,,,5,2,2,1,3
202100022598,2021-08-25 09:42:00,2021,8,25,9,42,87,87065,POITOU (ALLEE DU),45.812,1.32958,Plein jour,En agglomération,Hors intersection,Normale,Autre collision,4,2,2,0,1,1,1,0,1,50,,2,1,0,0,1,25.0,,,,1,2,1,1,6
202100022599,2021-08-25 09:02:00,2021,8,25,9,2,87,87085,BEAUBLANC (BOULEVARD DE),45.84733,1.24454,Plein jour,En agglomération,Intersection en X,Normale,Deux véhicules - côté,4,2,2,0,1,1,1,0,1,50,,2,1,0,0,1,63.0,34.0,,,1,2,2,1,3
202100022600,2021-08-25 08:30:00,2021,8,25,8,30,87,87085,PALISSY (RUE BERNARD),45.83515,1.2522,Plein jour,En agglomération,Intersection en X,Normale,Autre collision,4,1,2,0,1,1,1,5,1,50,,2,1,0,0,1,43.0,,,,1,2,2,1,6
202100022601,2021-08-25 21:05:00,2021,8,25,21,5,83,83144,11 NOVEMBRE 1918 (AVE DU),43.14078,6.00039,Nuit avec éclairage allumé,En agglomération,Hors intersection,Normale,Deux véhicules - frontale,7,2,2,0,2,3,1,0,1,50,,2,1,0,0,1,,19.0,,,5,2,1,1,1
202100022602,2021-08-24 05:30:00,2021,8,24,5,30,83,83062,SALENGRO (AVENUE ROGER),43.12749,6.01347,Nuit avec éclairage allumé,En agglomération,Hors intersection,Normale,Deux véhicules - frontale,4,2,2,0,1,1,1,0,1,50,,2,1,0,1,0,,20.0,,,5,2,1,1,1
202100022603,2021-08-25 19:20:00,2021,8,25,19,20,83,83069,GIENS (ROUTE DE ),43.06675,6.14707,Plein jour,Hors agglomération,Hors intersection,Normale,Deux véhicules - côté,7,2,2,0,1,1,1,0,1,50,,2,1,0,0,1,71.0,40.0,,,1,1,1,1,3
202100022604,2021-08-19 15:50:00,2021,8,19,15,50,83,83118,AVENUE DU 8 MAI 1945,43.431678,6.791105,Plein jour,En agglomération,Hors intersection,Normale,Deux véhicules - frontale,4,-1,2,0,2,1,1,0,1,50,,2,1,0,1,0,55.0,85.0,,,1,2,1,1,1
202100022605,2021-08-24 15:05:00,2021,8,24,15,5,82,82121,giratoire Dompeyre,44.02716,1.34439,Plein jour,En agglomération,Giratoire,Normale,Deux véhicules - côté,4,1,2,0,1,2,1,0,1,50,,2,1,0,1,0,69.0,,,,1,2,6,1,3
202100022606,2021-08-25 18:15:00,2021,8,25,18,15,69,69290,PARILLY (DE)                        (BD),45.71474,4.90584,Plein jour,En agglomération,Hors intersection,Normale,Deux véhicules - arrière,7,2,2,3,1,1,1,0,1,50,,3,2,0,0,1,35.0,61.0,,,1,2,1,1,2
202100022607,2021-08-25 08:35:00,2021,8,25,8,35,69,69266,ANATOLE FRANCE (R),45.76971,4.88903,Plein jour,En agglomération,Intersection en X,Normale,Autre collision,4,1,1,2,1,1,1,0,1,50,,2,1,0,1,0,,,,,1,2,2,1,6
202100022608,2021-08-24 21:30:00,2021,8,24,21,30,67,67482,PIERRE PFLIMLIN (BOULEVARD),48.5994,7.77139,Nuit avec éclairage allumé,En agglomération,Hors intersection,Normale,Deux véhicules - frontale,4,2,4,1,4,1,1,2,1,50,,4,3,0,0,1,22.0,26.0,,,5,2,1,1,1
202100022609,2021-08-23 11:20:00,2021,8,23,11,20,67,67482,MITTELHAUSBERGEN (ROUTE DE),48.59403,7.72015,Plein jour,En agglomération,Hors intersection,Pluie légère,Autre collision,4,2,2,0,1,1,2,0,1,30,,2,1,0,1,0,27.0,,,,1,2,1,2,6
202100022610,2021-08-24 12:45:00,2021,8,24,12,45,66,66136,CLEMENCEAU (BOULEVARD),42.7006681427,2.8910746425,Plein jour,En agglomération,Hors intersection,Normale,Autre collision,4,2,3,3,1,1,1,0,1,50,,2,1,0,0,1,34.0,,,,1,2,1,1,6
202100022611,2021-08-23 13:47:00,2021,8,23,13,47,66,66136,DALBIEZ (AVENUE VICTOR),42.6934574987,2.8878527032,Plein jour,En agglomération,Intersection en T,Normale,Deux véhicules - côté,4,2,4,0,1,1,1,0,1,50,,2,1,0,0,1,42.0,39.0,,,1,2,3,1,3
202100022612,2021-08-22 01:15:00,2021,8,22,1,15,66,66136,NEGUEBOUS (CHEMIN DE),42.7110101148,2.8750398035,Nuit sans éclairage public,Hors agglomération,Intersection en X,Normale,Deux véhicules - frontale,3,2,2,0,1,3,1,5,1,70,,3,1,0,0,2,,44.0,,,3,1,2,1,1
202100022613,2021-08-24 13:45:00,2021,8,24,13,45,64,64102,MAIGNON (GIRATOIRE DE),43.46585,-1.49467,Plein jour,En agglomération,Hors intersection,Normale,Sans collision,3,2,2,0,1,2,9,0,1,50,,2,1,0,0,1,78.0,,,,1,2,1,1,7
202100022614,2021-08-23 20:30:00,2021,8,23,20,30,64,64024,BAB (BOULEVARD DU),43.49377,-1.52376,Nuit avec éclairage allumé,En agglomération,Hors intersection,Normale,Trois véhicules et plus - collisions multiples,4,2,4,0,1,1,1,0,1,30,,3,2,0,0,1,29.0,23.0,,,5,2,1,1,5
202100022615,2021-08-24 22:00:00,2021,8,24,22,0,63,63113,MICHELIN (AVENUE EDOUARD),45.78128,3.10433,Nuit avec éclairage allumé,En agglomération,Intersection en X,Normale,Sans collision,4,1,2,0,1,1,1,0,1,50,,1,0,0,0,1,55.0,,,,5,2,2,1,7
202100022616,2021-08-24 14:25:00,2021,8,24,14,25,63,63113,MALLY (RUE DU DR),45.78977,3.12405,Plein jour,En agglomération,Hors intersection,Normale,Deux véhicules - frontale,4,4,1,0,1,1,1,2,1,50,,5,1,0,0,4,42.0,41.0,,,1,2,1,1,1
202100022617,2021-08-25 18:00:00,2021,8,25,18,0,59,59090,GAULLE (AVENUE DU GENERAL DE),50.70263,3.09692,Plein jour,En agglomération,Hors intersection,Normale,Deux véhicules - arrière,7,1,2,1,1,1,1,0,1,50,,2,1,0,0,1,49.0,63.0,,,1,2,1,1,2
202100022618,2021-08-22 16:00:00,2021,8,22,16,0,59,59028,GAULLE (RUE DU GENERAL DE),50.41467,3.05355,Plein jour,En agglomération,Intersection en X,Normale,Deux véhicules - arrière,3,2,2,0,1,1,1,0,1,50,,3,2,0,0,1,39.0,24.0,,,1,2,2,1,2
202100022619,2021-08-25 13:20:00,2021,8,25,13,20,57,57336,CARLING (RUE DE),49.16,6.732,Plein jour,En agglomération,Hors intersection,Normale,Deux véhicules - frontale,4,2,2,0,1,1,1,8,1,50,,3,0,0,0,3,79.0,85.0,,,1,2,1,1,1
202100022620,2021-08-25 18:30:00,2021,8,25,18,30,54,54395,MALZEVILLE (Rue de),48.7047221159,6.1833720468,Plein jour,En agglomération,Hors intersection,Normale,Deux véhicules - arrière,4,2,2,0,1,1,1,0,1,50,,2,1,0,0,1,52.0,34.0,,,1,2,1,1,2
202100022621,2021-08-25 07:20:00,2021,8,25,7,20,54,54395,SAINT DIZIER (RUE 82 ET 113 A FIN),48.6868678411,6.1853712113,Plein jour,En agglomération,Intersection en X,Normale,Deux véhicules - côté,4,1,3,3,1,1,1,0,1,50,,2,1,0,0,1,60.0,64.0,,,1,2,2,1,3
202100022622,2021-08-25 14:55:00,2021,8,25,14,55,51,51454,Boulevard Lundy,49.25807,4.03838,Plein jour,En agglomération,Intersection en X,Normale,Sans collision,3,2,4,1,1,2,1,0,1,50,,3,1,0,0,2,36.0,,,,1,2,2,1,7
202100022623,2021-08-25 17:45:00,2021,8,25,17,45,50,50502,TORIGNI,49.106615,-1.069526,Plein jour,En agglomération,Hors intersection,Normale,Deux véhicules - arrière,3,2,2,0,2,1,1,0,1,50,,2,1,0,0,1,23.0,28.0,,,1,2,1,1,2
202100022624,2021-08-24 07:01:00,2021,8,24,7,1,49,49015,MENDES FRANCE AVENUE PIERRE,47.499688,-0.582992,Crépuscule ou aube,En agglomération,Hors intersection,Normale,Autre collision,4,3,2,0,1,1,1,0,1,50,,1,0,0,1,0,20.0,,,,2,2,1,1,6
202100022625,2021-08-25 08:45:00,2021,8,25,8,45,45,45232,Avenue Roger Secretain,47.8687964047,1.9118238687,Plein jour,En agglomération,Intersection en X,Normale,Deux véhicules - arrière,4,3,6,0,1,1,1,5,1,70,,4,0,0,0,4,22.0,45.0,,,1,2,2,1,2
202100022626,2021-08-21 18:20:00,2021,8,21,18,20,44,44109,RUE DE LA VERRERIE,47.2097,-1.56668,Plein jour,En agglomération,Intersection en T,Normale,Deux véhicules - côté,4,2,2,0,2,1,1,0,1,30,,4,2,0,0,2,47.0,61.0,,,1,2,3,1,3
202100022627,2021-08-25 19:22:00,2021,8,25,19,22,42,42127,Route du Bas de Mably,46.07872,4.0903,Crépuscule ou aube,En agglomération,Hors intersection,Normale,Deux véhicules - frontale,4,2,2,0,1,3,1,0,1,50,,3,1,0,0,2,40.0,18.0,,,2,2,1,1,1
202100022628,2021-08-25 15:05:00,2021,8,25,15,5,42,42270,Route des Gorges,45.403527,4.242671,Plein jour,Hors agglomération,Hors intersection,Normale,Autre collision,7,-1,2,0,1,1,1,0,3,50,,1,0,0,0,1,26.0,,,,1,1,1,1,6
202100022629,2021-08-25 16:15:00,2021,8,25,16,15,38,38151,AVENUE DES ÉTATS GÉNÉRAUX,45.15511,5.71883,Plein jour,En agglomération,Hors intersection,Normale,Deux véhicules - côté,4,2,2,0,1,1,1,0,1,50,,2,1,0,1,0,,,,,1,2,1,1,3
202100022630,2021-08-25 10:00:00,2021,8,25,10,0,37,37261,MONTJOYEUX (AVENUE),47.3634439919,0.7010600903,Plein jour,En agglomération,Hors intersection,Normale,Sans collision,4,1,1,1,2,2,1,0,1,50,,1,0,0,0,1,27.0,,,,1,2,1,1,7
202100022631,2021-07-27 07:45:00,2021,7,27,7,45,35,35093,Place Crolard,48.631717,-2.057115,Plein jour,En agglomération,Hors intersection,Normale,Autre collision,9,-1,0,0,1,1,1,6,8,30,,2,1,0,1,0,47.0,,,,1,2,1,1,6
202100022632,2021-08-25 17:50:00,2021,8,25,17,50,35,35238,ALBERT 1ER (BD),48.08967,-1.68538,Plein jour,En agglomération,Hors intersection,Normale,Deux véhicules - côté,4,3,2,1,1,1,1,0,1,50,,3,1,0,0,2,51.0,41.0,,,1,2,1,1,3
202100022633,2021-08-25 12:20:00,2021,8,25,12,20,35,35051,BRAY (RUE DE),48.10462,-1.63057,Plein jour,En agglomération,Hors intersection,Normale,Deux véhicules - arrière,4,2,2,0,1,1,1,0,1,50,,2,1,0,0,1,30.0,35.0,,,1,2,1,1,2
202100022634,2021-08-25 16:40:00,2021,8,25,16,40,33,33065,Quai de la Souys,44.81478,-0.52753,Plein jour,En agglomération,Intersection en X,Normale,Deux véhicules - côté,4,2,4,0,1,1,1,0,1,50,,2,1,0,0,1,47.0,79.0,,,1,2,2,1,3