accident_id,datetime,annee,mois,jour,heure,minute,departement,commune_insee,adresse,latitude,longitude,luminosite,agglomeration,intersection,meteo,collision,catr,circ,nbv,vosp,prof,plan,surf,infra,situ,vma,nb_vehicules,nb_usagers,nb_indemnes,nb_tues,nb_blesses_hosp,nb_blesses_legers,age_cond_1,age_cond_2,veh_type_cond_1,veh_type_cond_2,lum_code,agg_code,int_code,atm_code,col_code
202100022635,2021-08-25 04:10:00,2021,8,25,4,10,33,33063,Boulevard Alfred Daney,44.86819,-0.57035,Nuit avec éclairage allumé,En agglomération,Intersection en T,Normale,Deux véhicules - côté,4,2,4,0,1,1,1,5,1,50,,3,2,0,1,0,15.0,21.0,,,5,2,3,1,3
202100022636,2021-08-26 01:30:00,2021,8,26,1,30,33,33529,LIGNON (BD LOUIS),44.6322,-1.18585,Nuit sans éclairage public,Hors agglomération,Hors intersection,Normale,Autre collision,3,2,2,0,2,2,1,0,1,80,,1,0,0,0,1,33.0,,,,3,1,1,1,6
202100022637,2021-08-25 14:10:00,2021,8,25,14,10,33,33009,DESBIEY (CRS) DU 04 AU 96,44.65664,-1.16028,Plein jour,En agglomération,Intersection en X,Normale,Deux véhicules - côté,4,2,2,0,1,1,1,0,1,50,,3,2,0,0,1,22.0,25.0,,,1,2,2,1,3
202100022638,2021-08-25 15:00:00,2021,8,25,15,0,25,25056,VIEILLE MONNAIE RUE DE LA,47.23368,6.02687,Plein jour,En agglomération,Intersection en X,Normale,Deux véhicules - côté,4,1,1,0,1,1,1,0,1,50,,2,1,0,0,1,17.0,69.0,,,1,2,2,1,3
202100022639,2021-08-24 16:09:00,2021,8,24,16,9,24,24138,GAULLE (PLACE DU GENERAL),45.18533,0.6995,Plein jour,En agglomération,Giratoire,Normale,Autre collision,3,2,2,0,1,1,1,0,1,50,,2,1,0,1,0,47.0,,,,1,2,6,1,6
202100022640,2021-08-16 18:45:00,2021,8,16,18,45,22,22360,Vallées (rue des ),48.48298885,-2.68966728,Plein jour,Hors agglomération,Giratoire,Normale,Sans collision,3,1,2,0,1,2,1,3,1,50,,2,0,0,0,2,15.0,,,,1,1,6,1,7
202100022641,2021-07-31 03:05:00,2021,7,31,3,5,22,22215,CARPONT (RUE DU),48.5019555392,-2.7775998669,Nuit avec éclairage allumé,En agglomération,Hors intersection,Normale,Sans collision,4,2,2,0,1,2,1,0,1,50,,1,0,0,0,1,25.0,,,,5,2,1,1,7
202100022642,2021-08-24 18:00:00,2021,8,24,18,0,13,13043,N 368 ,43.39435,5.20505,Plein jour,Hors agglomération,Hors intersection,Normale,Deux véhicules - côté,7,2,2,0,1,1,1,0,1,70,,4,2,0,0,2,39.0,19.0,,,1,1,1,1,3
202100022643,2021-08-25 12:45:00,2021,8,25,12,45,13,13212,PEINTRES ROUX (AVENUE DES),43.3037338646,5.4729360341,Plein jour,En agglomération,Hors intersection,Normale,Deux véhicules - arrière,7,2,4,0,1,1,1,0,1,50,,2,1,0,0,1,,71.0,,,1,2,1,1,2
202100022644,2021-08-25 08:20:00,2021,8,25,8,20,13,13208,ALAIN SAVARY (ROND-POINT),43.2460828531,5.3945754954,Plein jour,En agglomération,Hors intersection,Normale,Deux véhicules - côté,4,-1,4,0,1,2,1,0,1,50,,2,1,0,0,1,22.0,19.0,,,1,2,1,1,3
202100022645,2021-08-25 05:40:00,2021,8,25,5,40,13,13215,MADRAGUE VILLE (chemin de la),43.33445,5.35809,Nuit avec éclairage allumé,En agglomération,Intersection en T,Normale,Deux véhicules - côté,4,2,2,0,1,1,1,0,1,50,,3,2,0,0,1,21.0,40.0,,,5,2,3,1,3
202100022646,2021-08-24 16:45:00,2021,8,24,16,45,13,13215,LYON (RUE DE),43.332766513,5.3643395033,Plein jour,En agglomération,Hors intersection,Normale,Deux véhicules - arrière,4,2,2,0,1,1,1,0,1,50,,2,1,0,0,1,21.0,46.0,,,1,2,1,1,2
202100022647,2021-08-26 02:50:00,2021,8,26,2,50,13,13001,R.N 7,43.55976,5.41311,Nuit sans éclairage public,Hors agglomération,Hors intersection,Normale,Deux véhicules - frontale,7,-1,2,0,1,1,1,0,1,80,,1,0,0,0,1,22.0,,,,3,1,1,1,1
202100022648,2021-08-19 17:30:00,2021,8,19,17,30,11,11262,CREISSEL (BOULEVARD DE),43.177961,3.029141,Plein jour,En agglomération,Hors intersection,Normale,Autre collision,4,2,2,0,1,1,1,9,1,50,,2,1,0,0,1,50.0,,,,1,2,1,1,6
202100022649,2021-08-24 19:10:00,2021,8,24,19,10,11,11069,LIBERTE -DE LA -,43.2158,2.34824,Plein jour,En agglomération,Autre intersection,Normale,Deux véhicules - côté,4,1,1,1,3,1,1,0,5,50,,2,1,0,0,1,60.0,41.0,,,1,2,9,1,3
202100022650,2021-08-24 11:17:00,2021,8,24,11,17,10,10081,CD60,48.309558,4.01329,Plein jour,En agglomération,Hors intersection,Normale,Sans collision,3,2,2,0,1,2,1,0,1,50,,1,0,0,0,1,87.0,,,,1,2,1,1,7
202100022651,2021-08-25 21:16:00,2021,8,25,21,16,06,06088,ANGLAIS (DU N° 265 AU N° 350),43.680495,7.231029,Nuit avec éclairage allumé,En agglomération,Hors intersection,Normale,Deux véhicules - arrière,7,1,3,0,1,1,1,0,1,50,,2,1,0,1,0,33.0,17.0,,,5,2,1,1,2
202100022652,2021-08-24 18:25:00,2021,8,24,18,25,06,06027,PLAGE BOULEVARD DE LA,43.650159,7.151129,Plein jour,En agglomération,Hors intersection,Pluie légère,Autre collision,7,1,2,0,1,1,2,0,1,50,,4,2,0,0,2,54.0,28.0,,,1,2,1,2,6
202100022653,2021-08-24 20:00:00,2021,8,24,20,0,75,75116,PORTE D AUTEUIL,48.844089,2.254686,Plein jour,En agglomération,Hors intersection,Normale,Trois véhicules et plus - en chaîne,4,1,4,0,1,1,1,1,1,70,,4,3,0,0,1,41.0,32.0,,,1,2,1,1,4
202100022654,2021-08-25 00:20:00,2021,8,25,0,20,75,75119,AVENUE DE FLANDRE,48.884178,2.368597,Nuit avec éclairage allumé,En agglomération,Place,Normale,Deux véhicules - côté,4,1,2,0,1,1,1,0,1,50,,3,2,0,0,1,20.0,24.0,,,5,2,7,1,3
202100022655,2021-08-24 22:05:00,2021,8,24,22,5,75,75119,RUE D AUBERVILLIERS,48.891636,2.369039,Nuit avec éclairage allumé,En agglomération,Hors intersection,Normale,Autre collision,4,1,1,1,1,1,1,0,1,50,,4,0,0,0,4,23.0,,,,5,2,1,1,6
202100022656,2021-08-25 15:40:00,2021,8,25,15,40,75,75117,BOULEVARD MALESHERBES,48.885883,2.306485,Plein jour,En agglomération,Intersection en T,Normale,Deux véhicules - côté,4,2,4,1,1,1,1,0,1,30,,2,1,0,0,1,38.0,19.0,,,1,2,3,1,3
202100022657,2021-08-25 06:00:00,2021,8,25,6,0,75,75117,BOULEVARD DU BOIS LE PRETRE,48.899017,2.321543,Nuit avec éclairage allumé,En agglomération,Place,Normale,Autre collision,4,1,2,1,2,1,1,0,1,50,,1,0,0,0,1,20.0,,,,5,2,7,1,6
202100022658,2021-08-25 09:00:00,2021,8,25,9,0,75,75116,PLACE DU TROCADERO ET DU 11 NOVEMBRE,48.863319,2.286667,Plein jour,En agglomération,Place,Normale,Deux véhicules - côté,4,1,2,0,1,2,1,0,1,50,,2,1,0,0,1,30.0,41.0,,,1,2,7,1,3
202100022659,2021-08-24 15:00:00,2021,8,24,15,0,75,75116,AVENUE DE L HIPPODROME,48.863347,2.237465,Plein jour,En agglomération,Hors intersection,Normale,Deux véhicules - frontale,4,1,1,1,1,1,1,0,5,50,,2,0,0,0,2,50.0,50.0,,,1,2,1,1,1
202100022660,2021-08-25 19:55:00,2021,8,25,19,55,75,75115,RUE DE VAUGIRARD,48.837753,2.297427,Plein jour,En agglomération,Intersection en T,Normale,Deux véhicules - arrière,4,1,2,0,1,1,1,0,1,50,,3,2,0,0,1,55.0,57.0,,,1,2,3,1,2
202100022661,2021-08-25 18:20:00,2021,8,25,18,20,75,75113,BOULEVARD DE L HOPITAL,48.837535,2.36004,Plein jour,En agglomération,Hors intersection,Normale,Sans collision,4,2,4,1,2,1,1,0,1,50,,1,0,0,0,1,21.0,,,,1,2,1,1,7
202100022662,2021-08-24 22:00:00,2021,8,24,22,0,75,75113,BOULEVARD ARAGO,48.836743,2.351857,Nuit avec éclairage allumé,En agglomération,Intersection à plus de 4 branches,Normale,Deux véhicules - côté,4,2,4,3,1,1,1,5,1,50,,7,6,0,0,1,46.0,87.0,,,5,2,5,1,3
202100022663,2021-08-25 19:00:00,2021,8,25,19,0,75,75112,RUE MONTGALLET,48.843911,2.388733,Plein jour,En agglomération,Hors intersection,Normale,Autre collision,4,1,1,0,2,1,1,0,4,50,,2,1,0,0,1,,,,,1,2,1,1,6
202100022664,2021-08-25 11:50:00,2021,8,25,11,50,75,75112,QUAI DE BERCY,48.8334,2.38225,Plein jour,En agglomération,Intersection en T,Normale,Deux véhicules - arrière,4,1,2,1,1,1,1,0,1,50,,2,1,0,0,1,24.0,24.0,,,1,2,3,1,2
202100022665,2021-08-25 11:05:00,2021,8,25,11,5,75,75110,AVENUE CLAUDE VELLEFAUX,48.874081,2.370343,Plein jour,En agglomération,Intersection en T,Normale,Deux véhicules - côté,4,2,2,0,2,1,1,0,1,50,,2,1,0,0,1,46.0,66.0,,,1,2,3,1,3
202100022666,2021-08-25 11:50:00,2021,8,25,11,50,94,94079,Route de Bry,48.82972,2.53903,Plein jour,En agglomération,Hors intersection,Normale,Trois véhicules et plus - en chaîne,4,2,2,0,1,3,1,0,1,50,,3,2,0,0,1,42.0,28.0,,,1,2,1,1,4
202100022667,2021-08-25 00:20:00,2021,8,25,0,20,94,94017,Boulevard de Stalingrad,48.816348,2.511774,Nuit avec éclairage allumé,En agglomération,Giratoire,Normale,Sans collision,3,2,2,0,1,1,1,0,1,30,,1,0,0,0,1,38.0,,,,5,2,6,1,7
202100022668,2021-08-25 14:50:00,2021,8,25,14,50,93,93071,Avenue Henri Barbusse / Rue de la Mare Simon,48.934141,2.541333,Plein jour,En agglomération,Intersection en T,Normale,Deux véhicules - frontale,3,2,2,0,1,3,1,0,1,50,,2,1,0,0,1,21.0,58.0,,,1,2,3,1,1
202100022669,2021-08-25 13:30:00,2021,8,25,13,30,93,93074,Rue de Meaux / Rue de l’Ile de France,48.935679,2.574568,Plein jour,En agglomération,Intersection en X,Normale,Deux véhicules - côté,3,2,2,0,1,3,1,0,1,50,,2,1,0,0,1,31.0,44.0,,,1,2,2,1,3
202100022670,2021-08-25 20:05:00,2021,8,25,20,5,93,93029,Rue Nouvelle,48.9241282457,2.4355552197,Plein jour,En agglomération,Autre intersection,Normale,Deux véhicules - côté,4,2,1,0,1,1,1,0,1,50,,2,1,0,1,0,25.0,49.0,,,1,2,9,1,3
202100022671,2021-08-23 18:00:00,2021,8,23,18,0,93,93029,Avenue Henri Barbusse,48.9200682492,2.451826036,Plein jour,En agglomération,Hors intersection,Normale,Deux véhicules - côté,3,2,2,0,1,1,1,0,1,50,,2,1,0,0,1,48.0,25.0,,,1,2,1,1,3
202100022672,2021-08-25 14:15:00,2021,8,25,14,15,93,93007,"""HENRI BARBUSSE (AVENUE """"DU 81 AU 141""""",48.94077,2.46312,Plein jour,En agglomération,Intersection en X,Normale,Deux véhicules - côté,4,2,1,0,1,1,1,0,1,50,,2,1,0,0,1,51.0,50.0,,,1,2,2,1,3
202100022673,2021-08-25 15:00:00,2021,8,25,15,0,92,92044,VOLTAIRE(RUE)1A51 ET2A40,48.89199,2.28437,Plein jour,En agglomération,Hors intersection,Normale,Autre collision,4,1,1,0,1,1,1,0,1,50,,2,1,0,0,1,,,,,1,2,1,1,6
202100022674,2021-08-25 09:45:00,2021,8,25,9,45,92,92044,VIC. HUGO(RUE)115A149 ET 148A178,48.8993823454,2.2933655287,Plein jour,En agglomération,Hors intersection,Normale,Deux véhicules - côté,3,1,2,1,1,1,1,0,3,50,,2,1,0,0,1,20.0,61.0,,,1,2,1,1,3
202100022675,2021-08-25 15:15:00,2021,8,25,15,15,92,92035,JOFFRE ( DE 52 A FIN ET DE 61 A FIN ),48.90298,2.24578,Plein jour,En agglomération,Intersection en X,Normale,Deux véhicules - côté,4,2,2,0,1,1,1,0,1,50,,3,1,0,0,2,27.0,54.0,,,1,2,2,1,3
202100022676,2021-08-25 14:23:00,2021,8,25,14,23,92,92026,PAUL DOUMER,48.8926,2.25929,Plein jour,En agglomération,Hors intersection,Normale,Deux véhicules - côté,3,3,6,0,1,1,1,0,1,50,,2,1,0,0,1,26.0,27.0,,,1,2,1,1,3
202100022677,2021-08-25 19:10:00,2021,8,25,19,10,92,92024,PIERRE BEREGOVOY (RUE),48.9054575474,2.3017906135,Plein jour,En agglomération,Intersection en X,Normale,Deux véhicules - côté,3,2,0,0,1,1,1,0,1,50,,2,1,1,0,0,31.0,26.0,,,1,2,2,1,3
202100022678,2021-08-25 17:05:00,2021,8,25,17,5,91,91645,RN 385 INT,48.759786,2.268938,Plein jour,Hors agglomération,Hors intersection,Normale,Trois véhicules et plus - en chaîne,2,3,3,0,1,1,1,0,1,90,,4,3,0,0,1,24.0,34.0,,,1,1,1,1,4
202100022679,2021-08-25 17:15:00,2021,8,25,17,15,91,91377,AUTOROUTE A10,48.7239,2.2981,Plein jour,Hors agglomération,Hors intersection,Normale,Deux véhicules - arrière,1,1,3,0,1,1,1,0,1,90,,3,1,0,0,2,23.0,38.0,,,1,1,1,1,2
202100022680,2021-08-25 15:20:00,2021,8,25,15,20,94,94043,AUTOROUTE A6B,48.81463,2.35574,Plein jour,Hors agglomération,Hors intersection,Normale,Trois véhicules et plus - en chaîne,1,1,2,0,1,1,1,0,1,70,,5,4,0,0,1,30.0,41.0,,,1,1,1,1,4
202100022681,2021-08-25 13:45:00,2021,8,25,13,45,95,95252,A15,48.97983,2.22672,Plein jour,Hors agglomération,Hors intersection,Normale,Deux véhicules - côté,1,3,6,0,1,1,1,0,1,90,,2,1,0,0,1,54.0,46.0,,,1,1,1,1,3
202100022682,2021-08-25 05:20:00,2021,8,25,5,20,93,93001,AUTOROUTE A86,48.921,2.37491,Nuit sans éclairage public,Hors agglomération,Hors intersection,Normale,Autre collision,1,3,4,0,2,2,1,0,1,90,,1,0,0,0,1,52.0,,,,3,1,1,1,6
202100022683,2021-08-25 13:30:00,2021,8,25,13,30,94,94028,A86 INT,48.79146,2.44096,Plein jour,Hors agglomération,Hors intersection,Normale,Trois véhicules et plus - en chaîne,1,3,6,0,1,1,1,0,1,90,,3,2,0,0,1,39.0,35.0,,,1,1,1,1,4
202100022684,2021-08-25 09:00:00,2021,8,25,9,0,94,94079,A4,48.8354458972,2.5387118132,Plein jour,Hors agglomération,Hors intersection,Normale,Deux véhicules - arrière,1,1,4,0,1,1,1,0,1,110,,2,1,0,0,1,20.0,20.0,,,1,1,1,1,2
202100022685,2021-08-24 10:25:00,2021,8,24,10,25,06,06029,TONNER (AVENUE FRANCIS),43.549442,6.979366,Plein jour,En agglomération,Hors intersection,Normale,Autre collision,4,2,2,0,1,1,1,0,1,30,,2,1,0,0,1,58.0,,,,1,2,1,1,6
202100022686,2021-08-24 20:00:00,2021,8,24,20,0,976,97611,tsoundzou-Cadjifouteni ( rue ),-12.80644,45.20837,Nuit avec éclairage allumé,En agglomération,Intersection en T,Normale,Deux véhicules - côté,4,1,1,0,2,1,1,0,8,30,,3,1,0,0,2,,17.0,,,5,2,3,1,3
202100022687,2021-08-24 07:35:00,2021,8,24,7,35,974,97416,BRUNET (AVENUE LOUIS),-21.34107,55.48223,Plein jour,En agglomération,Hors intersection,Normale,Trois véhicules et plus - en chaîne,4,2,2,0,2,3,1,0,1,50,,3,1,0,0,2,47.0,55.0,,,1,2,1,1,4
202100022688,2021-08-24 07:16:00,2021,8,24,7,16,974,97411,AMAZONITES (ALLEE DES),-20.894535,55.450934,Plein jour,En agglomération,Autre intersection,Normale,Deux véhicules - arrière,4,2,2,0,2,3,1,0,1,50,,4,3,0,0,1,50.0,44.0,,,1,2,9,1,2
202100022689,2021-08-24 17:45:00,2021,8,24,17,45,69,69383,DAUPHINE (DU) (R),45.74991,4.86056,Plein jour,En agglomération,Intersection en T,Normale,Deux véhicules - côté,4,2,2,2,1,1,1,0,1,50,,2,1,0,0,1,59.0,27.0,,,1,2,3,1,3
202100022690,2021-08-24 16:40:00,2021,8,24,16,40,69,69388,MONTAGNY (DE) (R),45.73712,4.85034,Plein jour,En agglomération,Intersection en T,Normale,Deux véhicules - frontale,4,1,2,0,1,1,1,0,1,50,,3,1,0,0,2,28.0,47.0,,,1,2,3,1,1
202100022691,2021-08-24 08:50:00,2021,8,24,8,50,972,97213,CASE NEGRE (RUE),14.62189,-60.98957,Plein jour,En agglomération,Hors intersection,Normale,Autre collision,4,2,2,0,1,1,1,0,1,50,,1,0,0,0,1,65.0,,,,1,2,1,1,6
202100022692,2021-08-24 15:25:00,2021,8,24,15,25,69,69286,MARYSE BASTIE (R),45.82384,4.91818,Plein jour,En agglomération,Hors intersection,Normale,Trois véhicules et plus - en chaîne,7,1,2,0,1,3,1,2,1,50,,4,1,0,0,3,39.0,31.0,,,1,2,1,1,4
202100022693,2021-08-24 06:20:00,2021,8,24,6,20,69,69384,YPRES (D') (R),45.7824055993,4.8174056389,Crépuscule ou aube,En agglomération,Hors intersection,Normale,Sans collision,4,2,2,0,2,2,9,0,1,50,,1,0,0,0,1,54.0,,,,2,2,1,1,7
202100022694,2021-08-23 12:30:00,2021,8,23,12,30,69,69385,CHEMIN NEUF (DU) (MO),45.762,4.826,Plein jour,En agglomération,Hors intersection,Normale,Autre collision,4,1,1,2,2,3,1,0,1,50,,1,0,0,1,0,18.0,,,,1,2,1,1,6
202100022695,2021-08-24 14:00:00,2021,8,24,14,0,2B,2B033,TUNNEL,42.6907418346,9.4487142563,Plein jour,En agglomération,Hors intersection,Normale,Trois véhicules et plus - collisions multiples,2,2,2,0,1,1,1,1,1,50,,4,0,0,1,3,61.0,48.0,,,1,2,1,1,5
202100022696,2021-08-23 15:00:00,2021,8,23,15,0,91,91589,BD ARISTIDE BRIAND,48.68962,2.36018,Plein jour,En agglomération,Hors intersection,Pluie légère,Deux véhicules - arrière,3,2,2,0,1,1,2,0,1,50,,6,4,0,0,2,47.0,33.0,,,1,2,1,2,2
202100022697,2021-08-17 16:00:00,2021,8,17,16,0,30,30351,JUSTICE CHEMIN DE LA,43.95391,4.7889,Plein jour,En agglomération,Hors intersection,Normale,Deux véhicules - arrière,4,2,1,0,1,1,1,0,1,30,,2,1,0,1,0,27.0,36.0,,,1,2,1,1,2
202100022698,2021-08-19 11:05:00,2021,8,19,11,5,84,84007,CHEMIN DE LA TRAILLE,43.95651,4.80495,Plein jour,En agglomération,Hors intersection,Normale,Autre collision,4,2,1,0,1,1,1,0,1,80,,3,1,0,2,0,52.0,,,,1,2,1,1,6
202100022699,2021-08-24 11:20:00,2021,8,24,11,20,83,83061,AVENUE DE LA CORNICHE D'AZUR,43.41173,6.72509,Plein jour,En agglomération,Hors intersection,Normale,Autre collision,3,3,1,1,1,1,1,2,1,50,,3,0,0,2,1,52.0,54.0,,,1,2,1,1,6
202100022700,2021-08-23 18:00:00,2021,8,23,18,0,81,81004,ROCADE RN88 EST,43.91141,2.14162,Plein jour,Hors agglomération,Hors intersection,Normale,Deux véhicules - arrière,2,1,2,0,1,1,1,0,1,90,,2,1,0,0,1,20.0,44.0,,,1,1,1,1,2
202100022701,2021-08-23 16:00:00,2021,8,23,16,0,76,76351,RICHELIEU,49.48937,0.10296,Plein jour,En agglomération,Intersection en X,Normale,Deux véhicules - côté,4,2,2,0,1,1,1,0,1,50,,2,1,0,0,1,22.0,64.0,,,1,2,2,1,3
202100022702,2021-08-23 20:45:00,2021,8,23,20,45,76,76305,N 282,49.49905,0.20151,Plein jour,Hors agglomération,Hors intersection,Normale,Trois véhicules et plus - en chaîne,2,2,2,0,2,1,1,0,1,80,,3,0,0,0,3,30.0,33.0,,,1,1,1,1,4
202100022703,2021-08-23 09:30:00,2021,8,23,9,30,69,69264,NATIONALE (R),45.99285,4.71871,Plein jour,En agglomération,Intersection en T,Normale,Autre collision,3,1,1,0,1,1,1,0,1,50,,2,1,0,0,1,51.0,,,,1,2,3,1,6
202100022704,2021-08-20 15:30:00,2021,8,20,15,30,66,66136,SAINT CHARLES (ROCADE),42.6776553589,2.8512451798,Plein jour,Hors agglomération,Hors intersection,Normale,Deux véhicules - côté,4,2,3,0,1,1,1,0,1,50,,2,1,0,1,0,35.0,20.0,,,1,1,1,1,3
202100022705,2021-08-24 20:25:00,2021,8,24,20,25,64,64445,ALSACE LORRAINE D',43.30439,-0.36748,Nuit avec éclairage non allumé,En agglomération,Intersection en T,Normale,Deux véhicules - côté,4,2,2,0,1,1,1,0,1,50,,2,1,0,0,1,39.0,24.0,,,4,2,3,1,3
202100022706,2021-08-23 17:05:00,2021,8,23,17,5,64,64445,BUROS DE,43.32331,-0.3465,Plein jour,En agglomération,Hors intersection,Normale,Deux véhicules - côté,4,2,2,0,1,1,1,0,1,30,,2,1,0,0,1,9.0,40.0,,,1,2,1,1,3
202100022707,2021-08-23 14:10:00,2021,8,23,14,10,64,64102,PIECE NOYEE (ROND POINT DE LA),43.49918,-1.48122,Plein jour,En agglomération,Hors intersection,Normale,Deux véhicules - côté,4,2,4,0,1,3,1,0,1,50,,2,1,0,0,1,38.0,67.0,,,1,2,1,1,3
202100022708,2021-08-23 16:55:00,2021,8,23,16,55,63,63014,ROUSSILLON (AVENUE DU),45.75545,3.12914,Plein jour,En agglomération,Intersection en X,Normale,Deux véhicules - côté,7,3,4,0,1,1,1,0,1,50,,3,1,0,0,2,56.0,67.0,,,1,2,2,1,3
202100022709,2021-08-10 18:00:00,2021,8,10,18,0,62,62413,PEPIN (R DU MOULIN ),50.442968,2.905055,Plein jour,En agglomération,Intersection en X,Normale,Deux véhicules - côté,4,2,2,0,1,1,1,0,1,50,,2,1,0,1,0,30.0,17.0,,,1,2,2,1,3
202100022710,2021-08-23 10:25:00,2021,8,23,10,25,60,60159,Avenue du Général Weygand,49.40575,2.80866,Plein jour,En agglomération,Intersection en T,Normale,Deux véhicules - côté,4,2,2,0,1,1,1,0,1,50,,2,1,0,0,1,40.0,88.0,,,1,2,3,1,3
202100022711,2021-08-24 10:35:00,2021,8,24,10,35,59,59378,DUCROQUET RUE DU DOC. N°1-167,50.68118,3.09034,Plein jour,En agglomération,Hors intersection,Normale,Autre collision,4,2,1,1,1,1,1,0,8,50,,1,0,0,0,1,18.0,,,,1,2,1,1,6
202100022712,2021-08-23 18:30:00,2021,8,23,18,30,56,56162,PLOEMEUR (RUE DE),47.73364,-3.49511,Plein jour,En agglomération,Hors intersection,Normale,Deux véhicules - côté,3,2,2,0,1,1,1,0,1,30,,2,1,0,0,1,31.0,48.0,,,1,2,1,1,3
202100022713,2021-08-21 10:10:00,2021,8,21,10,10,50,50416,CD 901,49.64925,-1.71811,Plein jour,Hors agglomération,Hors intersection,Pluie légère,Autre collision,3,3,4,0,1,3,2,5,1,90,,1,0,0,0,1,20.0,,,,1,1,1,2,6
202100022714,2021-08-24 05:11:00,2021,8,24,5,11,44,44055,DUBOIS ( BOULEVARD DU DOCTEUR ),47.280777,-2.383976,Nuit avec éclairage allumé,En agglomération,Hors intersection,Normale,Deux véhicules - arrière,4,2,2,0,1,1,1,0,1,50,,7,5,0,1,1,28.0,23.0,,,5,2,1,1,2
202100022715,2021-08-24 17:30:00,2021,8,24,17,30,35,35238,RN136,48.08079,-1.67488,Plein jour,Hors agglomération,Hors intersection,Normale,Deux véhicules - arrière,2,3,8,0,1,1,1,3,1,90,,3,2,0,0,1,46.0,40.0,,,1,1,1,1,2
202100022716,2021-08-24 08:20:00,2021,8,24,8,20,35,35051,RD 29,48.154576,-1.624913,Plein jour,Hors agglomération,Giratoire,Normale,Deux véhicules - côté,7,3,4,0,1,3,1,5,1,50,,2,1,0,0,1,46.0,43.0,,,1,1,6,1,3
202100022717,2021-08-23 15:40:00,2021,8,23,15,40,35,35238,LIBERTE (BD DE LA),48.10762,-1.68073,Plein jour,En agglomération,Hors intersection,Normale,Deux véhicules - arrière,4,3,4,2,1,1,1,0,1,50,,2,1,0,0,1,28.0,58.0,,,1,2,1,1,2
202100022718,2021-08-23 19:25:00,2021,8,23,19,25,34,34129,PALAVAS (ROUTE DE),43.55417,3.89304,Plein jour,Hors agglomération,Hors intersection,Normale,Autre collision,7,3,4,0,1,1,1,0,1,90,,1,0,0,1,0,29.0,,,,1,1,1,1,6
202100022719,2021-08-23 18:40:00,2021,8,23,18,40,34,34172,APOTHICAIRES (AVENUE DES),43.64447,3.84154,Plein jour,En agglomération,Hors intersection,Normale,Deux véhicules - côté,4,1,1,0,1,1,1,0,1,50,,2,1,0,0,1,19.0,21.0,,,1,2,1,1,3
202100022720,2021-08-23 16:25:00,2021,8,23,16,25,34,34003,MEDITERRANNEE (Rond point),43.29926,3.47791,Plein jour,En agglomération,Hors intersection,Normale,Autre collision,4,1,0,3,1,1,1,0,8,50,,2,1,0,1,0,21.0,,,,1,2,1,1,6
202100022721,2021-08-24 18:15:00,2021,8,24,18,15,33,33063,Rue Léo Saignat,44.82706,-0.60083,Plein jour,En agglomération,Hors intersection,Normale,Deux véhicules - frontale,4,2,2,0,1,3,1,0,1,50,,2,1,0,0,1,33.0,45.0,,,1,2,1,1,1
202100022722,2021-08-24 06:50:00,2021,8,24,6,50,31,31557,MARQUISAT (AV DU),43.57803,1.35194,Crépuscule ou aube,En agglomération,Hors intersection,Normale,Deux véhicules - frontale,7,2,2,1,2,2,1,0,5,20,,2,0,0,1,1,52.0,25.0,,,2,2,1,1,1
202100022723,2021-08-23 16:50:00,2021,8,23,16,50,31,31555,AV DE FRONTON,43.65255,1.43255,Plein jour,En agglomération,Autre intersection,Normale,Deux véhicules - côté,7,-1,1,3,1,1,1,0,4,50,,3,2,0,0,1,14.0,39.0,,,1,2,9,1,3
202100022724,2021-08-20 19:15:00,2021,8,20,19,15,31,31555,METZ (RUE DE) DU 21AU 49,43.60068,1.44983,Plein jour,En agglomération,Hors intersection,Temps éblouissant,Autre collision,4,1,1,0,1,1,1,0,1,50,,2,1,0,1,0,43.0,,,,1,2,1,7,6
202100022725,2021-08-13 18:45:00,2021,8,13,18,45,26,26281,1856 Route de Chatillon Saint Jean,45.063644,5.088755,Plein jour,Hors agglomération,Intersection en T,Temps éblouissant,Deux véhicules - côté,3,2,1,0,1,1,1,0,1,80,,2,1,1,0,0,30.0,30.0,,,1,1,3,7,3
202100022726,2021-08-24 22:55:00,2021,8,24,22,55,25,25056,DROZ   AVENUE EDOUARD,47.24246,6.02942,Nuit avec éclairage allumé,En agglomération,Intersection en T,Normale,Autre collision,4,-1,3,0,1,1,1,4,6,50,,2,1,0,1,0,25.0,19.0,,,5,2,3,1,6
202100022727,2021-08-24 05:35:00,2021,8,24,5,35,25,25056,KENNEDY  BOULEVARD J.F.,47.23809,5.98783,Nuit avec éclairage allumé,En agglomération,Intersection en X,Normale,Deux véhicules - côté,4,3,3,0,1,1,2,5,1,50,,2,1,0,0,1,57.0,31.0,,,5,2,2,1,3
202100022728,2021-08-20 19:35:00,2021,8,20,19,35,24,24322,PETIT CHANGE (BOULEVARD DU),45.1836,0.73499,Plein jour,En agglomération,Intersection en T,Temps éblouissant,Deux véhicules - côté,4,2,2,0,2,1,1,0,1,50,,2,1,0,1,0,34.0,78.0,,,1,2,3,7,3
202100022729,2021-08-18 13:23:00,2021,8,18,13,23,22,22113,CARTIER (RUE JACQUES),48.73109,-3.44669,Plein jour,En agglomération,Intersection en T,Normale,Autre collision,4,2,2,0,1,2,1,6,1,50,,2,1,0,1,0,,,,,1,2,3,1,6
202100022730,2021-08-23 11:00:00,2021,8,23,11,0,17,17461,PARC DES SPORTS (AVENUE DU),45.64399,-1.06793,Plein jour,En agglomération,Hors intersection,Normale,Deux véhicules - côté,4,2,2,1,1,1,1,0,1,30,,2,1,0,0,1,58.0,77.0,,,1,2,1,1,3