accident_id,datetime,annee,mois,jour,heure,minute,departement,commune_insee,adresse,latitude,longitude,luminosite,agglomeration,intersection,meteo,collision,catr,circ,nbv,vosp,prof,plan,surf,infra,situ,vma,nb_vehicules,nb_usagers,nb_indemnes,nb_tues,nb_blesses_hosp,nb_blesses_legers,age_cond_1,age_cond_2,veh_type_cond_1,veh_type_cond_2,lum_code,agg_code,int_code,atm_code,col_code
202100022731,2021-08-24 08:59:00,2021,8,24,8,59,17,17300,SAUTEL  BOULEVARD ANDRE,46.16795,-1.13276,Plein jour,En agglomération,Hors intersection,Normale,Deux véhicules - arrière,4,3,4,3,1,1,1,0,1,50,,2,1,0,0,1,34.0,24.0,,,1,2,1,1,2
202100022732,2021-08-24 16:20:00,2021,8,24,16,20,13,13203,PARIS (BOULEVARD DE),43.311058887,5.3695652381,Plein jour,En agglomération,Intersection en X,Normale,Deux véhicules - côté,4,-1,3,0,1,1,1,-1,1,30,,2,1,0,0,1,54.0,,,,1,2,2,1,3
202100022733,2021-08-23 13:00:00,2021,8,23,13,0,13,13001,PARAYRE LIEUTENANT (RUE DU),43.50221,5.35005,Plein jour,Hors agglomération,Hors intersection,Normale,Deux véhicules - frontale,7,2,1,0,1,1,1,0,1,80,,4,0,0,0,4,35.0,33.0,,,1,1,1,1,1
202100022734,2021-08-24 14:45:00,2021,8,24,14,45,12,12100,RD 840 (AXE BRIVE MEDITERRANEE),44.52395,2.3343,Plein jour,Hors agglomération,Hors intersection,Normale,Deux véhicules - côté,3,2,2,0,1,1,1,0,1,70,,4,1,0,0,3,60.0,36.0,,,1,1,1,1,3
202100022735,2021-08-23 18:15:00,2021,8,23,18,15,12,12089,RD 840,44.55936,2.25834,Plein jour,Hors agglomération,Hors intersection,Normale,Deux véhicules - côté,3,2,2,0,1,1,1,0,1,90,,2,1,0,0,1,51.0,71.0,,,1,1,1,1,3
202100022736,2021-08-19 11:00:00,2021,8,19,11,0,11,11262,ARMISSAN ROUTE D'),43.18742,3.01745,Plein jour,En agglomération,Intersection en T,Normale,Deux véhicules - côté,3,2,2,0,1,1,1,0,1,50,,2,1,0,0,1,31.0,48.0,,,1,2,3,1,3
202100022737,2021-08-23 21:20:00,2021,8,23,21,20,11,11069,Rue des Saumes,43.216383,2.28686,Nuit sans éclairage public,Hors agglomération,Intersection en T,Normale,Deux véhicules - côté,4,2,2,0,1,1,1,0,1,80,,2,1,0,1,0,15.0,15.0,,,3,1,3,1,3
202100022738,2021-08-23 14:45:00,2021,8,23,14,45,10,10387,QUATORZE JUILLET (RUE DU),48.29503,4.08,Plein jour,En agglomération,Autre intersection,Temps couvert,Deux véhicules - arrière,4,-1,1,0,1,1,1,0,1,50,,3,1,0,0,2,55.0,30.0,,,1,2,9,8,2
202100022739,2021-08-23 16:00:00,2021,8,23,16,0,08,08105,GAMBETTA BOULEVARD,49.772541,4.710538,Plein jour,En agglomération,Intersection en T,Normale,Deux véhicules - côté,4,2,0,0,1,1,1,0,1,50,,3,2,0,1,0,28.0,34.0,,,1,2,3,1,3
202100022740,2021-08-22 06:35:00,2021,8,22,6,35,05,05061,VILLAROBERT ( RUE DE ),44.57394,6.09505,Crépuscule ou aube,En agglomération,Intersection en T,Normale,Sans collision,3,2,2,0,1,2,1,0,1,50,,2,0,0,0,2,22.0,,,,2,2,3,1,7
202100022741,2021-08-21 20:15:00,2021,8,21,20,15,05,05061,LIBERATION ( BD DE LA ),44.56025,6.07669,Plein jour,En agglomération,Hors intersection,Normale,Autre collision,3,1,2,0,1,1,1,0,1,50,,3,2,0,1,0,23.0,21.0,,,1,2,1,1,6
202100022742,2021-08-24 05:00:00,2021,8,24,5,0,75,75120,PORTE DE BAGNOLET,48.866942,2.41322,Nuit avec éclairage non allumé,En agglomération,Intersection en Y,Normale,Autre collision,4,1,2,0,1,1,1,0,1,70,,1,0,0,0,1,17.0,,,,4,2,4,1,6
202100022743,2021-08-23 09:25:00,2021,8,23,9,25,75,75112,PORTE DOREE,48.83513,2.411619,Plein jour,En agglomération,Hors intersection,Normale,Sans collision,4,1,4,0,1,1,1,0,1,70,,1,0,0,0,1,40.0,,,,1,2,1,1,7
202100022744,2021-08-23 06:35:00,2021,8,23,6,35,75,75120,PORTE DE BAGNOLET,48.866962,2.413435,Crépuscule ou aube,En agglomération,Intersection en Y,Normale,Autre collision,4,-1,4,0,1,1,1,0,1,70,,4,1,0,0,3,,,,,2,2,4,1,6
202100022745,2021-08-23 23:00:00,2021,8,23,23,0,75,75117,AVENUE DE LA PORTE DE CLICHY,48.896257,2.310145,Nuit avec éclairage allumé,En agglomération,Intersection en X,Normale,Deux véhicules - côté,4,2,2,0,1,1,1,0,1,50,,4,3,0,0,1,25.0,33.0,,,5,2,2,1,3
202100022746,2021-08-24 08:40:00,2021,8,24,8,40,75,75120,AVENUE DE LA PORTE DE BAGNOLET,48.865134,2.411299,Plein jour,En agglomération,Hors intersection,Normale,Deux véhicules - côté,4,2,4,0,2,1,1,0,1,50,,2,0,0,0,2,34.0,60.0,,,1,2,1,1,3
202100022747,2021-08-23 23:30:00,2021,8,23,23,30,75,75120,BOULEVARD DAVOUT,48.856253,2.410008,Nuit avec éclairage allumé,En agglomération,Intersection en Y,Normale,Deux véhicules - côté,4,1,2,0,1,1,1,0,1,50,,2,1,0,0,1,,21.0,,,5,2,4,1,3
202100022748,2021-08-24 00:01:00,2021,8,24,0,1,75,75119,AVENUE SIMON BOLIVAR,48.878409,2.374258,Nuit avec éclairage allumé,En agglomération,Intersection en X,Normale,Deux véhicules - côté,4,2,2,0,2,1,1,0,1,50,,3,1,0,0,2,,53.0,,,5,2,2,1,3
202100022749,2021-08-24 08:40:00,2021,8,24,8,40,75,75116,RUE AGAR,48.8513748078,2.2738601267,Plein jour,En agglomération,Hors intersection,Normale,Deux véhicules - arrière,4,1,1,0,1,1,1,0,1,30,,2,1,0,0,1,43.0,27.0,,,1,2,1,1,2
202100022750,2021-08-24 17:30:00,2021,8,24,17,30,75,75110,RUE DU FAUBOURG SAINT MARTIN,48.870461,2.35638,Plein jour,En agglomération,Hors intersection,Normale,Deux véhicules - côté,4,1,3,0,1,1,1,0,1,50,,2,1,0,0,1,59.0,17.0,,,1,2,1,1,3
202100022751,2021-08-24 08:10:00,2021,8,24,8,10,75,75109,RUE SAINT GEORGES,48.877425,2.337304,Plein jour,En agglomération,Hors intersection,Normale,Deux véhicules - côté,4,2,1,1,2,1,1,0,1,30,,2,1,0,0,1,34.0,54.0,,,1,2,1,1,3
202100022752,2021-08-24 09:00:00,2021,8,24,9,0,75,75101,BOULEVARD DE LA MADELEINE,48.869576,2.325891,Plein jour,En agglomération,Intersection en T,Normale,Deux véhicules - arrière,4,2,4,1,1,1,1,0,1,50,,2,0,0,0,2,41.0,31.0,,,1,2,3,1,2
202100022753,2021-08-24 18:20:00,2021,8,24,18,20,94,94081,Avenue Youri Gagarine,48.7870745994,2.3911921388,Plein jour,En agglomération,Hors intersection,Normale,Deux véhicules - côté,3,1,2,0,1,1,1,0,1,50,,3,1,0,0,2,17.0,,,,1,2,1,1,3
202100022754,2021-08-23 12:50:00,2021,8,23,12,50,94,94068,BAC (AV DU),48.79404,2.51284,Plein jour,En agglomération,Hors intersection,Normale,Sans collision,3,2,2,0,1,1,1,0,1,30,,1,0,0,1,0,26.0,,,,1,2,1,1,7
202100022755,2021-08-23 12:15:00,2021,8,23,12,15,94,94041,MARCEL BOYER (QU),48.82188,2.39343,Plein jour,En agglomération,Hors intersection,Normale,Deux véhicules - frontale,3,2,5,3,1,1,1,0,1,50,,2,1,0,0,1,60.0,,,,1,2,1,1,1
202100022756,2021-08-24 15:05:00,2021,8,24,15,5,93,93071,HENRI BARBUSSE (AVENUE),48.93897,2.53871,Plein jour,En agglomération,Autre intersection,Normale,Deux véhicules - frontale,4,1,2,0,1,3,1,0,1,50,,3,1,0,0,2,41.0,29.0,,,1,2,9,1,1
202100022757,2021-08-24 13:30:00,2021,8,24,13,30,93,93074,ILE DE FRANCE RUE DE L',48.93,2.574,Plein jour,En agglomération,Intersection en X,Temps éblouissant,Autre collision,3,2,0,0,1,1,1,0,1,50,,2,1,0,0,1,48.0,,,,1,2,2,7,6
202100022758,2021-08-23 20:00:00,2021,8,23,20,0,93,93006,Rue Louise Michel,48.8781167924,2.4327539207,Crépuscule ou aube,En agglomération,Hors intersection,Normale,Deux véhicules - côté,4,2,2,0,1,1,1,0,1,30,,2,1,0,0,1,19.0,56.0,,,2,2,1,1,3
202100022759,2021-08-24 13:30:00,2021,8,24,13,30,93,93001,CITES (RUE DES)  125/134 =>,48.91315,2.38867,Plein jour,En agglomération,Hors intersection,Normale,Deux véhicules - arrière,4,2,2,0,1,1,1,0,1,50,,2,1,0,0,1,45.0,25.0,,,1,2,1,1,2
202100022760,2021-08-24 18:40:00,2021,8,24,18,40,92,92049,CHATEAUBRIAND RUE DE,48.81171,2.30923,Plein jour,En agglomération,Hors intersection,Normale,Deux véhicules - arrière,4,1,1,0,1,1,1,0,1,30,,2,1,0,0,1,31.0,62.0,,,1,2,1,1,2
202100022761,2021-08-24 08:00:00,2021,8,24,8,0,92,92046,BROSSOLETTE AVENUE PIERRE,48.812822,2.30159,Plein jour,En agglomération,Intersection en T,Normale,Deux véhicules - côté,3,2,4,0,1,1,1,0,5,50,,2,1,0,0,1,28.0,33.0,,,1,2,3,1,3
202100022762,2021-08-24 11:03:00,2021,8,24,11,3,92,92040,GALLIENI (BOULEVARD),48.82831,2.2675,Plein jour,En agglomération,Hors intersection,Normale,Deux véhicules - côté,3,2,2,0,1,1,1,0,8,50,,2,1,0,1,0,35.0,37.0,,,1,2,1,1,3
202100022763,2021-08-24 17:45:00,2021,8,24,17,45,13,13215,A7-Sens Marseille vers Lyon,43.375348,5.360104,Plein jour,Hors agglomération,Hors intersection,Normale,Deux véhicules - arrière,1,1,3,0,1,1,1,0,1,90,,4,3,0,0,1,22.0,28.0,,,1,1,1,1,2
202100022764,2021-08-23 21:30:00,2021,8,23,21,30,13,13215,A7-Sens Marseille vers Lyon,43.37732,5.35785,Nuit sans éclairage public,Hors agglomération,Hors intersection,Normale,Deux véhicules - arrière,1,1,3,0,2,1,1,3,1,90,,3,0,0,0,3,70.0,30.0,,,3,1,1,1,2
202100022765,2021-08-24 12:15:00,2021,8,24,12,15,69,69294,A7,45.6271922002,4.8164034375,Plein jour,Hors agglomération,Hors intersection,Normale,Autre collision,1,3,6,0,1,1,1,0,1,110,,1,0,0,0,1,25.0,,,,1,1,1,1,6
202100022766,2021-08-24 06:10:00,2021,8,24,6,10,69,69287,A43 ,45.6843,5.00558,Crépuscule ou aube,Hors agglomération,Hors intersection,Normale,Deux véhicules - frontale,1,3,8,0,1,1,1,0,1,130,,2,1,0,0,1,40.0,45.0,,,2,1,1,1,1
202100022767,2021-08-24 05:50:00,2021,8,24,5,50,33,33192,ROCADE A 630,44.7869801951,-0.5971455574,Nuit avec éclairage allumé,Hors agglomération,Hors intersection,Normale,Autre collision,1,3,6,0,1,1,1,0,2,90,,1,0,1,0,0,50.0,,,,5,1,1,1,6
202100022768,2021-08-24 01:50:00,2021,8,24,1,50,33,33550,ROCADE A 630,44.777968,-0.564133,Nuit avec éclairage allumé,Hors agglomération,Hors intersection,Normale,Autre collision,1,3,6,0,1,1,1,0,1,90,,3,2,0,0,1,57.0,,,,5,1,1,1,6
202100022769,2021-08-22 17:00:00,2021,8,22,17,0,59,59449,AUTOROUTE A23,50.4716651167,3.2271523925,Plein jour,Hors agglomération,Hors intersection,Normale,Autre collision,1,1,4,0,1,3,1,0,8,130,,3,0,1,2,0,15.0,,,,1,1,1,1,6
202100022770,2021-08-24 18:30:00,2021,8,24,18,30,94,94021,AUTOROUTE A6B,48.771371548,2.3450994762,Plein jour,Hors agglomération,Hors intersection,Normale,Autre collision,1,1,2,0,1,3,1,0,1,90,,1,0,0,0,1,58.0,,,,1,1,1,1,6
202100022771,2021-08-24 18:40:00,2021,8,24,18,40,92,92050,A86,48.9044290792,2.2078710794,Plein jour,Hors agglomération,Hors intersection,Normale,Deux véhicules - côté,1,1,5,0,1,1,1,1,1,70,,3,2,0,0,1,28.0,60.0,,,1,1,1,1,3
202100022772,2021-08-24 19:00:00,2021,8,24,19,0,92,92036,A86,48.9346421839,2.2815214445,Plein jour,Hors agglomération,Autre intersection,Normale,Deux véhicules - arrière,1,3,6,0,1,1,1,3,1,90,,3,1,0,0,2,26.0,30.0,,,1,1,9,1,2
202100022773,2021-08-24 14:45:00,2021,8,24,14,45,94,94052,A86 INT,48.83761,2.49392,Plein jour,Hors agglomération,Hors intersection,Normale,Deux véhicules - arrière,1,3,6,0,1,1,1,1,1,90,,4,1,0,0,3,28.0,45.0,,,1,1,1,1,2
202100022774,2021-08-24 10:15:00,2021,8,24,10,15,77,77514,A104,48.9375437675,2.6282110205,Plein jour,Hors agglomération,Hors intersection,Normale,Deux véhicules - arrière,1,3,-1,0,1,1,1,0,1,90,,2,1,0,0,1,19.0,40.0,,,1,1,1,1,2
202100022775,2021-08-24 06:15:00,2021,8,24,6,15,94,94044,RN406.W,48.7578165023,2.4789462089,Nuit sans éclairage public,Hors agglomération,Hors intersection,Normale,Autre collision,2,3,2,0,1,1,1,0,1,90,,1,0,0,0,1,42.0,,,,3,1,1,1,6
202100022776,2021-04-17 09:50:00,2021,4,17,9,50,44,44172,Rond-Point des Bornes,47.275539,-1.467694,Crépuscule ou aube,Hors agglomération,Giratoire,Normale,Sans collision,7,2,2,0,1,2,8,0,1,80,,1,0,0,0,1,52.0,,,,2,1,6,1,7
202100022777,2021-07-22 09:00:00,2021,7,22,9,0,62,62498,ALAIN (R),50.431055,2.843675,Plein jour,En agglomération,Hors intersection,Normale,Sans collision,4,2,2,0,1,1,1,0,1,50,,2,1,0,1,0,74.0,,,,1,2,1,1,7
202100022778,2021-06-22 10:10:00,2021,6,22,10,10,78,78498,QUARANTE SOUS ROUTE DE,48.91513,2.0191,Plein jour,Hors agglomération,Hors intersection,Pluie forte,Deux véhicules - côté,3,3,3,0,1,1,2,3,1,70,,2,1,0,0,1,,52.0,,,1,1,1,3,3
202100022779,2021-08-23 09:15:00,2021,8,23,9,15,976,97611,doujani-Mosquée de doujani ( rue de la ),-12.79437,45.21138,Plein jour,Hors agglomération,Autre intersection,Normale,Deux véhicules - côté,4,2,2,0,1,1,1,0,1,30,,2,0,0,0,2,19.0,36.0,,,1,1,9,1,3
202100022780,2021-08-23 08:20:00,2021,8,23,8,20,974,97407,ROUTE NATIONALE N° 1,-20.94162,55.32813,Plein jour,Hors agglomération,Hors intersection,Normale,Sans collision,2,1,2,0,1,1,1,0,2,110,,1,0,0,0,1,24.0,,,,1,1,1,1,7
202100022781,2021-08-23 18:30:00,2021,8,23,18,30,973,97302,MONTABO (ROUTE DE) 1,4.9423811074,-52.3052473069,Crépuscule ou aube,En agglomération,Autre intersection,Normale,Deux véhicules - côté,3,2,4,2,1,1,1,9,1,50,,2,1,0,0,1,56.0,36.0,,,2,2,9,1,3
202100022782,2021-08-23 10:31:00,2021,8,23,10,31,973,97302,PREVOT (ERNEST),4.9330239392,-52.332866192,Plein jour,En agglomération,Hors intersection,Normale,Deux véhicules - arrière,4,-1,1,0,1,1,1,0,1,50,,2,1,0,0,1,39.0,70.0,,,1,2,1,1,2
202100022783,2021-08-23 23:30:00,2021,8,23,23,30,2A,2A004,NAPOLEON COURS APRES BEVERINI,41.93215,8.74072,Nuit avec éclairage allumé,En agglomération,Passage à niveau,Normale,Deux véhicules - côté,3,2,4,0,1,3,1,4,1,50,,2,1,0,0,1,,32.0,,,5,2,8,1,3
202100022784,2021-08-22 18:20:00,2021,8,22,18,20,95,95280,Route de Roissy,49.0117257812,2.4776168354,Plein jour,En agglomération,Hors intersection,Normale,Deux véhicules - frontale,3,2,2,0,1,1,1,0,1,50,,2,1,0,0,1,24.0,19.0,,,1,2,1,1,1
202100022785,2021-08-23 17:30:00,2021,8,23,17,30,95,95018,RD 311,48.9389054811,2.2499471872,Plein jour,En agglomération,Hors intersection,Normale,Autre collision,3,3,4,0,1,1,1,0,4,50,,2,1,0,0,1,41.0,,,,1,2,1,1,6
202100022786,2021-08-23 14:18:00,2021,8,23,14,18,91,91469,BOIS DES ROCHES (RUE DU),48.39698,2.14875,Plein jour,En agglomération,Hors intersection,Normale,Autre collision,4,2,2,0,1,1,1,0,1,50,,1,0,0,0,1,17.0,,,,1,2,1,1,6
202100022787,2021-08-23 02:30:00,2021,8,23,2,30,91,91223,R.D.20,48.424896,2.143663,Nuit sans éclairage public,Hors agglomération,Hors intersection,Normale,Autre collision,3,3,4,0,2,1,1,0,3,70,,1,0,1,0,0,27.0,,,,3,1,1,1,6
202100022788,2021-08-22 18:40:00,2021,8,22,18,40,91,91223,MONTFAUCON (BOULEVARD DE),48.44042,2.16024,Plein jour,En agglomération,Intersection en T,Normale,Sans collision,4,2,2,0,2,1,1,5,1,50,,1,0,0,0,1,17.0,,,,1,2,3,1,7
202100022789,2021-08-20 21:50:00,2021,8,20,21,50,87,87085,AUTOROUTE A20,45.83768,1.28264,Nuit avec éclairage allumé,En agglomération,Hors intersection,Normale,Autre collision,1,1,4,0,1,3,1,0,1,90,,2,0,0,0,2,20.0,,,,5,2,1,1,6
202100022790,2021-08-20 16:20:00,2021,8,20,16,20,84,84031,MISTRAL AVENUE FREDERIC,44.04901,5.0364,Plein jour,En agglomération,Hors intersection,Normale,Deux véhicules - côté,4,2,2,0,1,1,1,0,1,50,,2,1,0,1,0,20.0,34.0,,,1,2,1,1,3
202100022791,2021-08-22 23:00:00,2021,8,22,23,0,83,83129,MER (AVENUE DE LA) N°IMPAIRS,43.10347,5.81954,Nuit avec éclairage allumé,En agglomération,Hors intersection,Normale,Deux véhicules - côté,7,2,2,0,1,1,1,0,1,50,,2,1,0,0,1,21.0,29.0,,,5,2,1,1,3
202100022792,2021-08-21 21:10:00,2021,8,21,21,10,83,83123,GARE (ROUTE),43.11922,5.81204,Nuit avec éclairage allumé,En agglomération,Hors intersection,Normale,Deux véhicules - côté,3,2,2,0,1,1,1,0,1,50,,6,5,0,0,1,25.0,18.0,,,5,2,1,1,3
202100022793,2021-08-20 18:15:00,2021,8,20,18,15,80,80021,ANDRE DUROUCHEZ (RUE),49.9310495701,2.2780133666,Plein jour,Hors agglomération,Hors intersection,Normale,Deux véhicules - côté,6,-1,-1,1,1,1,1,0,5,50,,2,1,0,0,1,26.0,51.0,,,1,1,1,1,3
202100022794,2021-08-20 12:20:00,2021,8,20,12,20,78,78311,MARCEAU (RUE),48.92515,2.18526,Plein jour,En agglomération,Hors intersection,Normale,Autre collision,4,2,1,3,2,1,1,0,8,10,,2,1,0,0,1,40.0,,,,1,2,1,1,6
202100022795,2021-08-23 13:00:00,2021,8,23,13,0,69,69266,LAURENT BONNEVAY (BD),45.78753,4.88172,Plein jour,En agglomération,Intersection en T,Normale,Autre collision,4,3,4,0,1,3,1,0,1,70,,3,2,0,1,0,37.0,,,,1,2,3,1,6
202100022796,2021-08-22 01:13:00,2021,8,22,1,13,67,67482,RHIN (ROUTE DU),48.57263,7.79278,Nuit avec éclairage allumé,En agglomération,Intersection en T,Pluie forte,Deux véhicules - côté,4,3,4,0,1,2,2,0,1,50,,6,4,0,0,2,41.0,23.0,,,5,2,3,3,3
202100022797,2021-08-20 11:45:00,2021,8,20,11,45,67,67043,BISCHWILLER (ROUTE DE),48.61621,7.753367,Plein jour,En agglomération,Hors intersection,Normale,Deux véhicules - côté,7,2,2,0,1,1,1,0,1,50,,2,1,0,0,1,,20.0,,,1,2,1,1,3
202100022798,2021-08-20 09:50:00,2021,8,20,9,50,67,67482,ALSACE (AVENUE D ),48.58675,7.761266,Plein jour,En agglomération,Hors intersection,Normale,Deux véhicules - côté,4,2,5,1,1,1,1,0,5,50,,2,1,0,0,1,55.0,47.0,,,1,2,1,1,3
202100022799,2021-08-23 11:30:00,2021,8,23,11,30,65,65251,HIPPODROME (RUE DE L'),43.2040026756,0.0697249601,Plein jour,En agglomération,Hors intersection,Normale,Deux véhicules - frontale,3,2,2,0,1,1,1,0,1,50,,2,1,0,0,1,44.0,42.0,,,1,2,1,1,1
202100022800,2021-08-22 18:20:00,2021,8,22,18,20,64,64122,113 Avenue de la Marne,43.48233,-1.54439,Plein jour,En agglomération,Intersection en X,Normale,Deux véhicules - frontale,4,2,2,0,2,1,1,0,1,50,,4,2,0,1,1,20.0,24.0,,,1,2,2,1,1
202100022801,2021-08-22 23:00:00,2021,8,22,23,0,63,63014,SAHUT (RUE DU DOCTEUR),45.75052,3.10553,Nuit avec éclairage allumé,En agglomération,Hors intersection,Normale,Sans collision,4,1,2,0,2,2,1,0,1,50,,2,1,0,0,1,18.0,,,,5,2,1,1,7
202100022802,2021-08-20 13:05:00,2021,8,20,13,5,63,63113,JAURES (BD JEAN),45.7679,3.0841,Plein jour,En agglomération,Intersection en X,Normale,Deux véhicules - côté,4,1,3,0,1,1,1,0,1,50,,2,1,0,0,1,19.0,20.0,,,1,2,2,1,3
202100022803,2021-08-21 16:28:00,2021,8,21,16,28,56,56121,KERVARIC (ROND POINT DE ),47.74808,-3.3893,Plein jour,En agglomération,Giratoire,Normale,Autre collision,4,-1,2,0,1,2,1,5,4,30,,2,1,0,0,1,21.0,,,,1,2,6,1,6
202100022804,2021-08-21 11:36:00,2021,8,21,11,36,56,56162,Route de Kerpape,47.71955,-3.40905,Plein jour,Hors agglomération,Intersection en Y,Normale,Deux véhicules - frontale,3,2,2,0,1,3,1,0,1,70,,2,1,0,0,1,37.0,21.0,,,1,1,4,1,1
202100022805,2021-08-23 21:40:00,2021,8,23,21,40,54,54253,DEPARTEMENTALE 136,49.192946,5.911225,Nuit sans éclairage public,En agglomération,Hors intersection,Normale,Autre collision,3,2,2,0,1,1,1,2,1,50,,1,0,0,0,1,20.0,,,,3,2,1,1,6
202100022806,2021-08-22 19:47:00,2021,8,22,19,47,49,49007,SAINT LAZARE,47.48001,-0.56599,Plein jour,En agglomération,Hors intersection,Normale,Sans collision,4,2,2,0,1,1,1,0,1,50,,1,0,0,1,0,33.0,,,,1,2,1,1,7
202100022807,2021-08-23 08:30:00,2021,8,23,8,30,45,45004,Parking Leclerc,47.9771104438,2.7323727113,Plein jour,En agglomération,Autre intersection,Temps couvert,Deux véhicules - côté,6,-1,-1,0,1,1,1,0,1,30,,2,1,0,0,1,21.0,54.0,,,1,2,9,8,3
202100022808,2021-08-23 21:55:00,2021,8,23,21,55,44,44109,BOULEVARD DES BELGES,47.2342,-1.53832,Nuit avec éclairage allumé,En agglomération,Hors intersection,Normale,Deux véhicules - côté,4,2,2,2,1,1,1,0,1,50,,2,1,0,1,0,24.0,24.0,,,5,2,1,1,3
202100022809,2021-08-01 02:50:00,2021,8,1,2,50,41,41295,RUE PIERRE GILLES DE GENNES,47.5725,1.3731,Nuit sans éclairage public,Hors agglomération,Hors intersection,Normale,Sans collision,4,2,2,0,1,1,1,0,1,50,,1,0,0,1,0,19.0,,,,3,1,1,1,7
202100022810,2021-08-21 22:35:00,2021,8,21,22,35,41,41212,NATIONALE (ROUTE),47.57313,1.35549,Nuit avec éclairage allumé,En agglomération,Intersection en Y,Normale,Deux véhicules - côté,3,4,2,0,1,1,1,0,1,50,,2,1,0,1,0,20.0,17.0,,,5,2,4,1,3
202100022811,2021-08-23 20:10:00,2021,8,23,20,10,33,33318,Cours de la Libération,44.79342,-0.60525,Plein jour,En agglomération,Hors intersection,Normale,Deux véhicules - côté,4,3,2,0,1,1,1,0,1,50,,2,1,0,0,1,27.0,45.0,,,1,2,1,1,3
202100022812,2021-08-23 08:40:00,2021,8,23,8,40,33,33318,Rue Jean Perrin,44.77965,-0.65861,Plein jour,En agglomération,Hors intersection,Normale,Autre collision,4,2,2,0,1,1,1,0,1,50,,2,1,0,0,1,60.0,,,,1,2,1,1,6
202100022813,2021-08-23 05:00:00,2021,8,23,5,0,27,27375,ELBEUF (ROUTE D'),49.22823,1.1489,Nuit sans éclairage public,Hors agglomération,Hors intersection,Normale,Autre collision,3,2,2,0,2,2,1,0,8,80,,1,0,0,0,1,21.0,,,,3,1,1,1,6
202100022814,2021-08-23 15:50:00,2021,8,23,15,50,17,17200,HUIT MAI 1945   AVENUE DU,46.18641,-1.1506,Plein jour,En agglomération,Hors intersection,Normale,Deux véhicules - côté,3,3,4,0,1,1,1,0,1,50,,2,1,0,0,1,28.0,80.0,,,1,2,1,1,3
202100022815,2021-08-23 19:35:00,2021,8,23,19,35,13,13204,SAKAKINI (BOULEVARD),43.29869,5.40123,Plein jour,En agglomération,Intersection en X,Normale,Deux véhicules - côté,4,2,4,0,1,1,1,0,1,50,,2,1,0,0,1,19.0,48.0,,,1,2,2,1,3
202100022816,2021-08-23 10:20:00,2021,8,23,10,20,13,13202,ANTHOINE (RUE D'),43.316430009,5.368357379,Plein jour,En agglomération,Intersection en X,Normale,Deux véhicules - côté,4,1,1,0,1,1,1,8,1,50,,2,0,0,0,2,24.0,45.0,,,1,2,2,1,3
202100022817,2021-08-22 22:10:00,2021,8,22,22,10,13,13201,JEAN BALLARD (COURS),43.2928,5.3747,Nuit avec éclairage allumé,En agglomération,Hors intersection,Normale,Autre collision,4,1,2,0,1,2,1,6,1,50,,2,1,0,0,1,32.0,,,,5,2,1,1,6
202100022818,2021-08-23 21:00:00,2021,8,23,21,0,06,06088,DIGUE DES FRANCAIS (TRAV. DE LA),43.676823,7.201484,Nuit avec éclairage allumé,En agglomération,Hors intersection,Normale,Deux véhicules - frontale,4,2,4,0,1,1,1,2,1,50,,2,1,0,1,0,20.0,64.0,,,5,2,1,1,1
202100022819,2021-08-19 21:00:00,2021,8,19,21,0,05,05061,DESCENTE ( ROUTE DE LA ),44.573458237,6.0833976451,Nuit avec éclairage allumé,En agglomération,Hors intersection,Normale,Deux véhicules - côté,4,-1,2,0,2,3,1,0,1,50,,2,1,0,0,1,71.0,22.0,,,5,2,1,1,3
202100022820,2021-08-22 08:50:00,2021,8,22,8,50,75,75119,BD PERIPHERIQUE INTERIEUR,48.900171,2.377907,Plein jour,En agglomération,Hors intersection,Normale,Deux véhicules - arrière,4,1,4,0,1,1,1,0,1,70,,3,1,0,2,0,21.0,,,,1,2,1,1,2
202100022821,2021-08-22 08:35:00,2021,8,22,8,35,75,75116,BD PERIPHERIQUE INTERIEUR,48.875781,2.277613,Plein jour,En agglomération,Hors intersection,Normale,Autre collision,4,1,4,0,1,1,1,0,1,70,,2,0,0,1,1,32.0,,,,1,2,1,1,6
202100022822,2021-08-23 06:10:00,2021,8,23,6,10,75,75113,BOULEVARD PERIPHERIQUE INTERIEUR SUD,48.817318,2.366127,Crépuscule ou aube,En agglomération,Intersection en Y,Normale,Autre collision,4,1,5,0,1,1,1,0,1,70,,3,0,0,1,2,29.0,,,,2,2,4,1,6
202100022823,2021-08-23 21:00:00,2021,8,23,21,0,75,75113,BOULEVARD MASSENA,48.82012,2.364639,Nuit avec éclairage allumé,En agglomération,Intersection en X,Normale,Autre collision,4,2,4,0,1,1,1,0,1,50,,2,1,0,0,1,,,,,5,2,2,1,6
202100022824,2021-08-22 19:30:00,2021,8,22,19,30,75,75113,AVENUE D ITALIE,48.828333,2.356605,Plein jour,En agglomération,Intersection en T,Normale,Deux véhicules - arrière,4,2,4,0,1,1,1,0,1,50,,2,1,0,0,1,61.0,24.0,,,1,2,3,1,2
202100022825,2021-08-23 09:10:00,2021,8,23,9,10,75,75111,AVENUE DU TRONE,48.848433,2.398222,Plein jour,En agglomération,Hors intersection,Normale,Autre collision,4,1,4,0,1,3,1,0,1,30,,1,0,0,0,1,25.0,,,,1,2,1,1,6
202100022826,2021-08-22 01:09:00,2021,8,22,1,9,94,94041,Bd Paul Vaillant Couturier,48.8181,2.39799,Nuit avec éclairage allumé,En agglomération,Autre intersection,Normale,Deux véhicules - côté,3,1,3,3,1,1,1,0,1,50,,4,3,0,0,1,31.0,19.0,,,5,2,9,1,3