accident_id,datetime,annee,mois,jour,heure,minute,departement,commune_insee,adresse,latitude,longitude,luminosite,agglomeration,intersection,meteo,collision,catr,circ,nbv,vosp,prof,plan,surf,infra,situ,vma,nb_vehicules,nb_usagers,nb_indemnes,nb_tues,nb_blesses_hosp,nb_blesses_legers,age_cond_1,age_cond_2,veh_type_cond_1,veh_type_cond_2,lum_code,agg_code,int_code,atm_code,col_code
202100022827,2021-08-23 05:30:00,2021,8,23,5,30,93,93073,JAURES (PLACE JEAN),48.95,2.58,Crépuscule ou aube,En agglomération,Autre intersection,Pluie légère,Deux véhicules - frontale,4,2,1,0,1,1,2,9,1,50,,3,1,0,0,2,,,,,2,2,9,2,1
202100022828,2021-08-23 22:55:00,2021,8,23,22,55,93,93031,REPUBLIQUE (AVENUE),48.948,2.33864,Nuit avec éclairage allumé,En agglomération,Intersection en T,Normale,Deux véhicules - côté,3,2,4,0,1,1,1,4,1,50,,5,2,0,3,0,42.0,,,,5,2,3,1,3
202100022829,2021-08-10 20:55:00,2021,8,10,20,55,92,92063,TALMA (AVENUE),48.8680787724,2.1664631367,Plein jour,En agglomération,Hors intersection,Normale,Deux véhicules - arrière,5,2,2,0,1,1,1,0,1,50,,2,1,0,0,1,60.0,32.0,,,1,2,1,1,2
202100022830,2021-08-20 17:10:00,2021,8,20,17,10,92,92063,CHATEAUBRIAND (RUE),48.8690385661,2.2040140629,Plein jour,En agglomération,Intersection en X,Normale,Deux véhicules - côté,4,2,2,0,1,1,1,0,1,50,,3,1,0,0,2,71.0,26.0,,,1,2,2,1,3
202100022831,2021-08-22 23:15:00,2021,8,22,23,15,92,92051,BOURDON (BOULEVARD),48.8959406283,2.271907723,Nuit avec éclairage allumé,En agglomération,Hors intersection,Normale,Autre collision,3,3,4,0,1,1,1,0,8,50,,1,0,0,0,1,20.0,,,,5,2,1,1,6
202100022832,2021-08-23 13:25:00,2021,8,23,13,25,92,92036,PETITS MARAIS (CHEMIN DES),48.9462222865,2.3018717766,Plein jour,En agglomération,Autre intersection,Normale,Autre collision,4,2,2,0,1,1,1,0,1,50,,2,1,0,0,1,29.0,59.0,,,1,2,9,1,6
202100022833,2021-08-23 10:25:00,2021,8,23,10,25,92,92026,FRANKLIN (AVE ET RUE),48.9034890721,2.2664907575,Plein jour,En agglomération,Hors intersection,Normale,Autre collision,4,-1,2,0,1,1,1,0,1,30,,2,1,0,0,1,38.0,,,,1,2,1,1,6
202100022834,2021-08-22 05:45:00,2021,8,22,5,45,39,39331,,46.79101,6.12147,Crépuscule ou aube,En agglomération,Hors intersection,Normale,Sans collision,4,2,2,0,2,1,2,0,1,50,,2,0,0,0,2,19.0,,,,2,2,1,1,7
202100022835,2021-08-23 13:00:00,2021,8,23,13,0,24,24266,197 Route de Gravelle,45.224003,0.558704,Plein jour,En agglomération,Hors intersection,Normale,Trois véhicules et plus - collisions multiples,3,2,2,0,2,1,1,0,1,50,,4,3,1,0,0,36.0,23.0,,,1,2,1,1,5
202100022836,2021-08-22 21:30:00,2021,8,22,21,30,35,35152,A 84,48.232307,-1.484887,Crépuscule ou aube,Hors agglomération,Hors intersection,Normale,Deux véhicules - côté,1,3,4,0,3,1,1,0,1,130,,3,2,0,1,0,20.0,33.0,,,2,1,1,1,3
202100022837,2021-08-23 22:40:00,2021,8,23,22,40,62,62042,D950,50.313489,2.834483,Nuit sans éclairage public,Hors agglomération,Hors intersection,Normale,Deux véhicules - frontale,3,3,4,0,1,1,1,0,2,110,,4,1,1,2,0,31.0,22.0,,,3,1,1,1,1
202100022838,2021-08-22 17:30:00,2021,8,22,17,30,44,44070,rue de la sèvre,47.152369,-1.401615,Plein jour,En agglomération,Hors intersection,Normale,Deux véhicules - côté,3,2,2,0,3,2,1,0,1,50,,5,2,0,1,2,38.0,41.0,,,1,2,1,1,3
202100022839,2021-08-23 18:25:00,2021,8,23,18,25,77,77246,D78,48.585579,3.368565,Plein jour,Hors agglomération,Hors intersection,Normale,Autre collision,3,2,2,0,1,1,1,0,1,50,,2,1,0,0,1,23.0,,,,1,1,1,1,6
202100022840,2021-08-19 19:30:00,2021,8,19,19,30,24,24491,AUTOROUTE A89 PK 155.000,45.156491,1.144222,Plein jour,Hors agglomération,Hors intersection,Normale,Sans collision,1,1,2,0,2,3,1,0,8,130,,1,0,0,1,0,41.0,,,,1,1,1,1,7
202100022841,2021-08-23 19:00:00,2021,8,23,19,0,69,69292,VIADUC (DU) (R),45.826358,4.878944,Plein jour,En agglomération,Intersection en Y,Normale,Deux véhicules - côté,7,2,2,-1,2,3,1,0,1,-1,,4,3,0,0,1,28.0,19.0,,,1,2,4,1,3
202100022842,2021-08-24 15:50:00,2021,8,24,15,50,11,11008,D118,42.996714,2.252648,Plein jour,Hors agglomération,Hors intersection,Normale,Autre collision,3,2,2,0,1,3,1,0,3,50,,1,0,0,1,0,47.0,,,,1,1,1,1,6
202100022843,2021-08-23 14:00:00,2021,8,23,14,0,71,71436,10 Lieu Dit la Galoche,46.7225648121,4.5163459829,Plein jour,Hors agglomération,Hors intersection,Normale,Autre collision,3,2,2,0,1,2,1,0,3,80,,1,0,0,1,0,34.0,,,,1,1,1,1,6
202100022844,2021-08-23 22:00:00,2021,8,23,22,0,71,71305,Chemin du Lavoir de By,46.470102,4.851134,Nuit avec éclairage allumé,En agglomération,Intersection en Y,Normale,Autre collision,4,2,1,0,1,1,1,0,8,50,,1,0,0,1,0,63.0,,,,5,2,4,1,6
202100022845,2021-08-21 20:00:00,2021,8,21,20,0,71,71377,Route de Brancion,46.5463913284,4.8068404199,Crépuscule ou aube,Hors agglomération,Hors intersection,Normale,Autre collision,3,2,2,0,1,3,1,0,3,80,,1,0,0,1,0,17.0,,,,2,1,1,1,6
202100022846,2021-08-21 23:00:00,2021,8,21,23,0,61,61392,la vallée montjoie,48.943559,0.40628,Nuit sans éclairage public,Hors agglomération,Hors intersection,Normale,Autre collision,3,2,2,0,4,1,1,0,1,80,,2,0,0,2,0,18.0,,,,3,1,1,1,6
202100022847,2021-08-22 05:55:00,2021,8,22,5,55,39,39160,,46.794845,5.407097,Nuit sans éclairage public,Hors agglomération,Hors intersection,Normale,Autre collision,3,2,2,0,1,1,1,0,1,80,,2,0,0,1,1,18.0,,,,3,1,1,1,6
202100022848,2021-08-24 12:05:00,2021,8,24,12,5,35,35211,D 38,48.020358,-2.164135,Plein jour,Hors agglomération,Hors intersection,Normale,Autre collision,3,2,2,0,4,2,1,0,1,80,,3,0,0,1,2,20.0,,,,1,1,1,1,6
202100022849,2021-08-15 16:45:00,2021,8,15,16,45,66,66205,CD611,42.823492,2.713119,Plein jour,Hors agglomération,Hors intersection,Normale,Deux véhicules - frontale,3,2,2,0,2,4,1,0,1,80,,2,1,0,0,1,57.0,56.0,,,1,1,1,1,1
202100022850,2021-08-20 19:30:00,2021,8,20,19,30,64,64363,D232 - chemin de Ste Colome,43.119781,-0.34784,Plein jour,Hors agglomération,Intersection en Y,Normale,Deux véhicules - côté,3,2,2,0,2,3,1,0,1,80,,2,1,0,0,1,71.0,59.0,,,1,1,4,1,3
202100022851,2021-08-23 12:30:00,2021,8,23,12,30,64,64256,2 Route de Cambo,43.38212,-1.313344,Plein jour,En agglomération,Hors intersection,Normale,Deux véhicules - arrière,3,2,2,0,1,1,1,0,1,70,,2,1,0,1,0,26.0,65.0,,,1,2,1,1,2
202100022852,2021-08-23 14:45:00,2021,8,23,14,45,18,18240,4 Route de Bourges,47.156973,2.910315,Plein jour,En agglomération,Intersection en T,Normale,Deux véhicules - arrière,2,2,2,0,1,1,1,0,1,50,,2,1,0,1,0,54.0,79.0,,,1,2,3,1,2
202100022853,2021-06-26 20:30:00,2021,6,26,20,30,07,07330,Route touristique des gorges de l'adèche  CD 290,44.382597,4.41365,Crépuscule ou aube,Hors agglomération,Hors intersection,Normale,Sans collision,3,2,2,0,1,2,9,0,1,70,,1,0,0,1,0,25.0,,,,2,1,1,1,7
202100022854,2021-08-20 21:45:00,2021,8,20,21,45,87,87154,D21,45.913213,0.893283,Nuit sans éclairage public,Hors agglomération,Hors intersection,Normale,Deux véhicules - côté,3,-1,2,0,2,3,1,0,1,80,,3,2,0,1,0,,50.0,,,3,1,1,1,3
202100022855,2021-08-23 15:50:00,2021,8,23,15,50,30,30346,D981,43.961376,4.516556,Plein jour,Hors agglomération,Hors intersection,Normale,Autre collision,3,2,2,0,1,1,1,0,3,80,,1,0,0,1,0,79.0,,,,1,1,1,1,6
202100022856,2021-08-16 14:00:00,2021,8,16,14,0,30,30089,D986l,43.847678,4.607568,Plein jour,En agglomération,Intersection en T,Normale,Deux véhicules - côté,3,4,2,0,1,1,1,5,1,50,,2,1,0,1,0,39.0,71.0,,,1,2,3,1,3
202100022857,2021-08-24 11:00:00,2021,8,24,11,0,48,48194,D998,44.334946,3.874075,Plein jour,Hors agglomération,Hors intersection,Normale,Autre collision,3,2,2,0,2,3,1,2,1,90,,1,0,0,1,0,65.0,,,,1,1,1,1,6
202100022858,2021-08-23 09:55:00,2021,8,23,9,55,88,88313,D6,48.341613,6.424873,Plein jour,Hors agglomération,Hors intersection,Normale,Deux véhicules - frontale,3,2,2,0,1,1,1,0,1,80,,2,1,0,0,1,51.0,48.0,,,1,1,1,1,1
202100022859,2021-08-24 13:45:00,2021,8,24,13,45,13,13112,Route Departemental 20,43.518081,5.231713,Plein jour,Hors agglomération,Intersection en T,Normale,Deux véhicules - côté,7,2,2,0,1,1,1,0,1,80,,2,0,1,1,0,33.0,46.0,,,1,1,3,1,3
202100022860,2021-08-22 15:20:00,2021,8,22,15,20,72,72031,A11 - PK 145 - Sens LE MANS-PARIS,48.08529,0.498483,Plein jour,Hors agglomération,Hors intersection,Normale,Deux véhicules - côté,1,3,3,0,1,1,1,0,1,130,,5,2,0,1,2,43.0,33.0,,,1,1,1,1,3
202100022861,2021-08-24 07:32:00,2021,8,24,7,32,25,25157,"3 lieu dit ""la Cluse""",46.876387,6.375074,Plein jour,En agglomération,Hors intersection,Normale,Autre collision,2,2,2,0,1,3,1,0,8,50,,1,0,1,0,0,22.0,,,,1,2,1,1,6
202100022862,2021-08-24 02:30:00,2021,8,24,2,30,77,77071,Autoroute A6 au pointv kilométrique 081.500,48.197376,2.807178,Nuit sans éclairage public,Hors agglomération,Hors intersection,Normale,Deux véhicules - côté,1,3,4,0,1,1,1,0,1,130,,3,0,0,0,3,26.0,59.0,,,3,1,1,1,3
202100022863,2021-08-14 00:40:00,2021,8,14,0,40,11,11202,Parking du Camp Redon,42.863344,3.045734,Nuit avec éclairage allumé,En agglomération,Hors intersection,Normale,Autre collision,6,-1,-1,0,1,2,1,9,8,30,,4,3,0,1,0,72.0,,,,5,2,1,1,6
202100022864,2021-08-23 11:41:00,2021,8,23,11,41,971,97125,RN5,16.269278,-61.278412,Plein jour,En agglomération,Hors intersection,Normale,Autre collision,2,2,2,0,1,1,1,0,1,80,,2,1,1,0,0,59.0,,,,1,2,1,1,6
202100022865,2021-08-23 01:55:00,2021,8,23,1,55,978,97801,R DE SANDY GROUND,18.057776,-63.09864,Nuit avec éclairage allumé,En agglomération,Hors intersection,Normale,Autre collision,3,2,2,0,1,1,1,0,1,50,,2,1,0,1,0,,,,,5,2,1,1,6
202100022866,2021-08-19 17:25:00,2021,8,19,17,25,45,45210,D93,47.857076,2.824628,Plein jour,En agglomération,Intersection en T,Normale,Deux véhicules - côté,3,2,2,0,2,3,1,0,1,50,,2,1,0,0,1,69.0,31.0,,,1,2,3,1,3
202100022867,2021-08-24 17:00:00,2021,8,24,17,0,77,77154,D20,48.818295,2.913061,Plein jour,Hors agglomération,Intersection en T,Normale,Deux véhicules - côté,3,2,2,0,1,1,1,5,1,80,,3,0,0,2,1,53.0,38.0,,,1,1,3,1,3
202100022868,2021-08-24 15:55:00,2021,8,24,15,55,34,34162,le trou du renard,43.460407,3.513055,Plein jour,Hors agglomération,Hors intersection,Normale,Deux véhicules - frontale,3,2,2,0,2,1,1,0,8,80,,2,0,1,1,0,54.0,48.0,,,1,1,1,1,1
202100022869,2021-08-23 16:00:00,2021,8,23,16,0,04,04077,RD 101,43.942452,6.002719,Plein jour,Hors agglomération,Hors intersection,Normale,Autre collision,3,2,2,0,2,1,1,0,3,80,,1,0,0,1,0,47.0,,,,1,1,1,1,6
202100022870,2021-08-22 22:10:00,2021,8,22,22,10,26,26179,Autoroute A7,45.053653,4.877321,Nuit sans éclairage public,Hors agglomération,Hors intersection,Normale,Deux véhicules - côté,1,3,5,0,1,1,1,0,1,130,,6,5,0,0,1,49.0,27.0,,,3,1,1,1,3
202100022871,2021-08-21 21:50:00,2021,8,21,21,50,71,71176,Avenue du General de Gaulle,46.483159,3.985527,Nuit avec éclairage allumé,En agglomération,Intersection en X,Normale,Deux véhicules - côté,3,3,4,0,1,1,1,5,8,50,,2,1,0,1,0,16.0,30.0,,,5,2,2,1,3
202100022872,2021-08-21 19:00:00,2021,8,21,19,0,88,88241,D13,48.307129,5.891094,Plein jour,Hors agglomération,Hors intersection,Normale,Sans collision,3,2,2,0,1,3,1,0,1,80,,1,0,0,1,0,37.0,,,,1,1,1,1,7
202100022873,2021-08-22 09:30:00,2021,8,22,9,30,73,73157,D216,45.183058,6.657742,Plein jour,Hors agglomération,Hors intersection,Normale,Autre collision,3,2,2,0,2,1,1,0,3,80,,3,2,0,0,1,32.0,,,,1,1,1,1,6
202100022874,2021-08-24 06:25:00,2021,8,24,6,25,33,33517,D2,45.049244,-0.692332,Nuit sans éclairage public,Hors agglomération,Hors intersection,Normale,Deux véhicules - frontale,3,2,2,0,1,1,1,0,1,80,,2,1,0,1,0,33.0,60.0,,,3,1,1,1,1
202100022875,2021-08-22 09:15:00,2021,8,22,9,15,44,44205,La Volerie,47.462161,-1.413862,Plein jour,Hors agglomération,Hors intersection,Normale,Sans collision,4,2,2,0,1,3,1,0,3,80,,1,0,0,1,0,20.0,,,,1,1,1,1,7
202100022876,2021-08-24 17:45:00,2021,8,24,17,45,61,61165,D1,48.417111,-0.022166,Plein jour,Hors agglomération,Hors intersection,Normale,Deux véhicules - frontale,3,2,2,0,1,1,1,0,1,70,,2,1,0,1,0,36.0,20.0,,,1,1,1,1,1
202100022877,2021-08-24 09:15:00,2021,8,24,9,15,29,29198,D125 - Route de Lesneven,48.59975,-4.305943,Plein jour,Hors agglomération,Hors intersection,Normale,Autre collision,3,2,2,0,1,1,1,0,1,80,,2,1,0,1,0,73.0,,,,1,1,1,1,6
202100022878,2021-08-24 05:40:00,2021,8,24,5,40,60,60619,,49.122015,2.800527,Nuit sans éclairage public,Hors agglomération,Hors intersection,Normale,Sans collision,4,2,2,0,1,1,1,0,1,70,,2,0,0,0,2,27.0,,,,3,1,1,1,7
202100022879,2021-08-24 14:45:00,2021,8,24,14,45,60,60170,Route du Moulin de la Vallée,49.197285442,2.5452930292,Plein jour,Hors agglomération,Hors intersection,Normale,Deux véhicules - côté,4,2,2,0,1,4,1,0,1,30,,2,1,0,0,1,43.0,18.0,,,1,1,1,1,3
202100022880,2021-08-24 00:00:00,2021,8,24,0,0,59,59524,Rue du 11 Novembre,50.565078,2.906147,Nuit avec éclairage allumé,En agglomération,Hors intersection,Normale,Sans collision,6,-1,0,0,1,1,1,0,8,50,,1,0,0,1,0,18.0,,,,5,2,1,1,7
202100022881,2021-08-23 13:05:00,2021,8,23,13,5,13,13071,A51-Sens Marseille vers Aix en Provence,43.41515,5.36482,Plein jour,Hors agglomération,Hors intersection,Normale,Autre collision,1,-1,3,0,1,1,1,0,1,90,,3,2,0,0,1,38.0,,,,1,1,1,1,6
202100022882,2021-08-23 13:50:00,2021,8,23,13,50,13,13215,A7-Sens Marseille vers Lyon,43.36669,5.36089,Plein jour,Hors agglomération,Hors intersection,Normale,Deux véhicules - arrière,1,-1,3,0,1,1,1,0,1,90,,2,1,0,0,1,33.0,37.0,,,1,1,1,1,2
202100022883,2021-08-23 00:30:00,2021,8,23,0,30,13,13216,A55-Sens Martigues vers Marseille,43.3607824765,5.3430239838,Nuit sans éclairage public,Hors agglomération,Hors intersection,Normale,Deux véhicules - côté,1,1,2,0,2,1,1,0,1,90,,3,2,0,0,1,36.0,36.0,,,3,1,1,1,3
202100022884,2021-08-02 01:20:00,2021,8,2,1,20,54,54483,Autoroute A 33,48.61674,6.28375,Nuit sans éclairage public,Hors agglomération,Hors intersection,Normale,Autre collision,1,3,4,0,1,1,1,0,1,130,,1,0,0,0,1,26.0,,,,3,1,1,1,6
202100022885,2021-08-20 11:15:00,2021,8,20,11,15,59,59646,ROUTE DEPARTEMENTALE 656,50.6665969113,3.1142216921,Plein jour,Hors agglomération,Hors intersection,Normale,Sans collision,7,1,6,0,1,2,1,0,1,70,,2,0,0,1,1,47.0,,,,1,1,1,1,7
202100022886,2021-08-23 09:10:00,2021,8,23,9,10,78,78545,A12 Y,48.81762,2.064601,Plein jour,Hors agglomération,Hors intersection,Normale,Deux véhicules - arrière,1,3,8,0,1,1,1,0,1,110,,3,0,0,0,3,28.0,81.0,,,1,1,1,1,2
202100022887,2021-08-23 20:20:00,2021,8,23,20,20,93,93001,AUTOROUTE A86,48.92181,2.37701,Nuit sans éclairage public,Hors agglomération,Hors intersection,Normale,Deux véhicules - côté,1,3,8,0,2,3,1,2,1,90,,2,1,0,0,1,51.0,33.0,,,3,1,1,1,3
202100022888,2021-08-23 13:40:00,2021,8,23,13,40,92,92036,AUTOROUTE A86,48.9372589587,2.3169021068,Plein jour,Hors agglomération,Hors intersection,Normale,Deux véhicules - côté,1,3,4,0,1,1,1,0,1,90,,4,2,0,0,2,59.0,22.0,,,1,1,1,1,3
202100022889,2021-08-23 08:45:00,2021,8,23,8,45,93,93064,AUTOROUTE A86,48.87122,2.4819,Plein jour,Hors agglomération,Hors intersection,Normale,Deux véhicules - côté,1,3,7,0,1,1,1,1,1,90,,3,1,0,0,2,44.0,26.0,,,1,1,1,1,3
202100022890,2021-08-23 01:00:00,2021,8,23,1,0,95,95641,A1,49.07295,2.55228,Nuit sans éclairage public,Hors agglomération,Hors intersection,Normale,Deux véhicules - arrière,1,3,6,0,1,1,1,0,1,130,,3,1,0,0,2,71.0,33.0,,,3,1,1,1,2
202100022891,2021-04-08 22:25:00,2021,4,8,22,25,26,26058,GAY-LUSSAC RUE,44.94106,4.8937,Nuit avec éclairage allumé,En agglomération,Giratoire,Normale,Deux véhicules - côté,4,2,2,0,1,1,1,0,1,50,,2,1,0,0,1,44.0,30.0,,,5,2,6,1,3
202100022892,2021-04-07 15:15:00,2021,4,7,15,15,26,26362,105 Avenue de Romans,44.933905,4.904347,Plein jour,En agglomération,Hors intersection,Normale,Deux véhicules - côté,4,2,2,1,1,1,1,0,5,50,,2,1,0,0,1,60.0,22.0,,,1,2,1,1,3
202100022893,2021-04-22 15:27:00,2021,4,22,15,27,88,88160,,48.185963,6.445117,Plein jour,En agglomération,Hors intersection,Normale,Autre collision,3,2,2,0,1,1,1,0,1,50,,2,1,0,0,1,54.0,,,,1,2,1,1,6
202100022894,2021-08-21 06:30:00,2021,8,21,6,30,72,72181,BERCE (RUE DE),47.99764,0.21508,Crépuscule ou aube,En agglomération,Hors intersection,Normale,Autre collision,4,2,2,0,1,1,1,0,1,50,,2,0,0,0,2,69.0,57.0,,,2,2,1,1,6
202100022895,2021-07-31 16:50:00,2021,7,31,16,50,52,52121,ALPHANDERY (RUE) PAIR,48.09907,5.13476,Plein jour,En agglomération,Hors intersection,Normale,Autre collision,4,2,2,0,1,1,1,0,4,50,,2,1,0,0,1,,,,,1,2,1,1,6
202100022896,2021-04-14 13:10:00,2021,4,14,13,10,09,09207,RD 117,42.92482,1.63597,Plein jour,Hors agglomération,Hors intersection,Normale,Autre collision,3,2,2,0,1,3,1,0,3,50,,1,0,0,1,0,18.0,,,,1,1,1,1,6
202100022897,2021-08-22 21:05:00,2021,8,22,21,5,974,97411,JAURES (BOULEVARD JEAN),-20.8898,55.46374,Nuit avec éclairage non allumé,En agglomération,Hors intersection,Normale,Autre collision,2,1,3,0,2,2,1,0,1,50,,5,0,0,0,5,43.0,,,,4,2,1,1,6
202100022898,2021-08-22 15:25:00,2021,8,22,15,25,69,69386,MOLIERE (R),45.76657,4.8424,Plein jour,En agglomération,Intersection en X,Normale,Deux véhicules - côté,4,1,1,2,1,1,1,0,1,30,,3,1,0,0,2,43.0,,,,1,2,2,1,3
202100022899,2021-08-22 01:50:00,2021,8,22,1,50,972,97209,MOUTTE (ROUTE DE),14.628471,-61.049044,Nuit avec éclairage allumé,En agglomération,Hors intersection,Pluie légère,Autre collision,3,2,2,0,4,3,2,0,1,30,,4,0,0,0,4,26.0,,,,5,2,1,2,6
202100022900,2021-08-22 14:50:00,2021,8,22,14,50,95,95585,Rue de l’Escouvrier,48.9938,2.3886,Plein jour,En agglomération,Hors intersection,Normale,Autre collision,3,2,2,0,2,1,1,0,1,50,,3,2,0,1,0,26.0,,,,1,2,1,1,6
202100022901,2021-08-22 21:50:00,2021,8,22,21,50,95,95426,RD 909,49.01742,2.28936,Nuit avec éclairage allumé,En agglomération,Hors intersection,Normale,Deux véhicules - arrière,3,2,2,0,1,1,1,0,1,50,,3,2,0,0,1,30.0,38.0,,,5,2,1,1,2
202100022902,2021-08-22 09:50:00,2021,8,22,9,50,91,91549,LIBERTE (AVENUE DE LA),48.6424,2.34735,Plein jour,En agglomération,Giratoire,Normale,Deux véhicules - côté,4,1,1,0,1,2,1,0,1,50,,2,1,0,0,1,73.0,74.0,,,1,2,6,1,3
202100022903,2021-08-21 19:30:00,2021,8,21,19,30,91,91161,AV MAZARIN,48.706,2.31373,Plein jour,En agglomération,Hors intersection,Normale,Deux véhicules - côté,4,2,2,0,1,1,1,0,1,50,,2,1,0,0,1,20.0,32.0,,,1,2,1,1,3
202100022904,2021-08-22 07:50:00,2021,8,22,7,50,83,83069,SALINS ( ROUTE DES VIEUX),43.11558,6.19121,Plein jour,Hors agglomération,Hors intersection,Normale,Autre collision,7,2,2,0,1,1,1,0,1,50,,2,1,0,1,0,,,,,1,1,1,1,6
202100022905,2021-08-22 07:20:00,2021,8,22,7,20,76,76540,EUROPE. BOULEVARD DE L',49.42604,1.08686,Plein jour,En agglomération,Giratoire,Normale,Sans collision,7,2,3,3,1,1,1,4,1,30,,1,0,0,0,1,25.0,,,,1,2,6,1,7
202100022906,2021-08-21 16:00:00,2021,8,21,16,0,76,76217,GAMBETTA (AVENUE),49.914652,1.074861,Plein jour,En agglomération,Hors intersection,Pluie légère,Deux véhicules - côté,3,2,3,0,2,1,2,0,1,50,,2,1,0,0,1,52.0,16.0,,,1,2,1,2,3
202100022907,2021-08-22 16:05:00,2021,8,22,16,5,68,68376,MARKSTEIN (RUE DU),47.81057,7.33123,Plein jour,En agglomération,Intersection en T,Pluie légère,Deux véhicules - côté,4,2,2,0,1,1,2,0,1,50,,4,2,0,1,1,30.0,18.0,,,1,2,3,2,3
202100022908,2021-08-21 10:15:00,2021,8,21,10,15,62,62643,DESMOULINS ( Rue Camille ),50.699409,1.608227,Plein jour,En agglomération,Hors intersection,Normale,Deux véhicules - arrière,3,2,2,0,1,3,1,0,1,50,,2,1,0,0,1,51.0,59.0,,,1,2,1,1,2
202100022909,2021-08-22 01:05:00,2021,8,22,1,5,45,45274,418 Rue de Champdoux,47.8790934851,1.9615331333,Nuit avec éclairage allumé,En agglomération,Hors intersection,Normale,Trois véhicules et plus - en chaîne,4,2,2,0,1,1,1,0,1,30,,3,2,1,0,0,30.0,24.0,,,5,2,1,1,4
202100022910,2021-08-22 19:27:00,2021,8,22,19,27,34,34172,ACCONIERS (RUE DES),43.59544,3.90104,Plein jour,En agglomération,Hors intersection,Normale,Deux véhicules - frontale,4,2,1,0,1,2,1,0,8,30,,2,1,0,1,0,60.0,63.0,,,1,2,1,1,1
202100022911,2021-08-22 16:30:00,2021,8,22,16,30,33,33039,Quai du Président Wilson,44.811045537,-0.533350535,Plein jour,En agglomération,Hors intersection,Normale,Deux véhicules - côté,4,3,4,0,1,1,1,0,1,50,,2,1,0,0,1,37.0,28.0,,,1,2,1,1,3
202100022912,2021-08-22 14:45:00,2021,8,22,14,45,33,33063,Rue de Bègles,44.81351,-0.56468,Plein jour,En agglomération,Intersection en X,Normale,Deux véhicules - côté,4,3,4,3,2,1,1,0,6,50,,3,2,0,0,1,21.0,36.0,,,1,2,2,1,3
202100022913,2021-08-22 14:00:00,2021,8,22,14,0,33,33063,Quai Louis XVIII,44.8465,-0.5708,Plein jour,En agglomération,Place,Normale,Autre collision,4,3,2,1,1,1,1,5,1,50,,2,1,0,0,1,54.0,,,,1,2,7,1,6
202100022914,2021-08-21 05:26:00,2021,8,21,5,26,33,33063,Rue de Leybardie,44.86243,-0.56716,Nuit avec éclairage allumé,En agglomération,Intersection en X,Normale,Autre collision,4,2,2,0,1,1,1,5,1,30,,2,1,0,1,0,24.0,,,,5,2,2,1,6
202100022915,2021-08-22 15:40:00,2021,8,22,15,40,33,33529,BISCAROSSE (AVE) DUNE VERS BISCA,44.56952,-1.22681,Plein jour,Hors agglomération,Hors intersection,Normale,Deux véhicules - côté,3,2,2,1,1,1,1,0,5,30,,2,0,0,1,1,64.0,41.0,,,1,1,1,1,3
202100022916,2021-08-22 23:35:00,2021,8,22,23,35,31,31069,ANDROMEDE (AV),43.6554,1.36759,Nuit avec éclairage allumé,En agglomération,Hors intersection,Normale,Autre collision,4,-1,2,0,1,1,1,0,1,50,,2,1,0,0,1,32.0,,,,5,2,1,1,6
202100022917,2021-08-22 03:55:00,2021,8,22,3,55,17,17300,GEORGETTE   QUAI DE LA,46.15549,-1.14959,Nuit avec éclairage allumé,En agglomération,Hors intersection,Normale,Autre collision,4,1,1,0,1,1,1,6,1,30,,2,1,0,0,1,25.0,,,,5,2,1,1,6
202100022918,2021-08-22 17:00:00,2021,8,22,17,0,13,13213,POILUS (AVENUE DES),43.32074,5.45846,Plein jour,En agglomération,Intersection en T,Normale,Deux véhicules - côté,7,2,2,0,2,1,1,0,1,50,,2,1,0,1,0,53.0,,,,1,2,3,1,3
202100022919,2021-08-21 19:15:00,2021,8,21,19,15,13,13201,RIVE NEUVE (QUAI DE),43.293072602,5.3698849713,Crépuscule ou aube,En agglomération,Hors intersection,Normale,Deux véhicules - frontale,4,2,3,3,1,1,1,0,1,50,,3,2,0,0,1,19.0,41.0,,,2,2,1,1,1
202100022920,2021-08-22 11:00:00,2021,8,22,11,0,06,06123,LECLERC GENERAL AVENUE,43.674809,7.189113,Plein jour,En agglomération,Hors intersection,Normale,Autre collision,7,2,2,0,1,1,1,0,1,50,,2,1,0,0,1,27.0,,,,1,2,1,1,6
202100022921,2021-08-21 06:15:00,2021,8,21,6,15,06,06004,JAMES WYLLIE BD,43.57359,7.12478,Nuit avec éclairage allumé,En agglomération,Hors intersection,Normale,Autre collision,9,-1,1,3,1,1,1,6,6,10,,2,1,0,1,0,58.0,,,,5,2,1,1,6
202100022922,2021-08-22 19:45:00,2021,8,22,19,45,75,75118,BD PERIPHERQIUE INTERIEUR,48.901089,2.352132,Plein jour,En agglomération,Hors intersection,Normale,Trois véhicules et plus - en chaîne,4,1,4,0,1,1,1,0,1,70,,6,4,0,0,2,31.0,22.0,,,1,2,1,1,4
202100022923,2021-08-22 12:30:00,2021,8,22,12,30,75,75116,ALLEE DE LONGCHAMP,48.863551,2.239431,Plein jour,En agglomération,Place,Normale,Deux véhicules - côté,4,2,6,0,2,2,1,0,1,50,,3,2,0,0,1,22.0,52.0,,,1,2,7,1,3
202100022924,2021-08-20 14:00:00,2021,8,20,14,0,75,75116,AVENUE KLEBER,48.871269,2.293249,Plein jour,En agglomération,Intersection en T,Normale,Autre collision,4,2,3,0,1,1,1,0,1,50,,2,1,0,0,1,41.0,,,,1,2,3,1,6