accident_id,datetime,annee,mois,jour,heure,minute,departement,commune_insee,adresse,latitude,longitude,luminosite,agglomeration,intersection,meteo,collision,catr,circ,nbv,vosp,prof,plan,surf,infra,situ,vma,nb_vehicules,nb_usagers,nb_indemnes,nb_tues,nb_blesses_hosp,nb_blesses_legers,age_cond_1,age_cond_2,veh_type_cond_1,veh_type_cond_2,lum_code,agg_code,int_code,atm_code,col_code
202100022925,2021-08-22 12:55:00,2021,8,22,12,55,75,75114,AVENUE MARC SANGNIER,48.826566,2.305273,Plein jour,En agglomération,Hors intersection,Normale,Autre collision,4,1,1,0,1,1,1,0,1,50,,3,2,0,0,1,43.0,,,,1,2,1,1,6
202100022926,2021-08-21 23:30:00,2021,8,21,23,30,75,75113,RUE DU MOULIN DE LA POINTE,48.822106,2.356505,Nuit avec éclairage allumé,En agglomération,Intersection en X,Normale,Deux véhicules - côté,4,2,2,0,1,1,1,0,1,30,,3,2,0,0,1,,72.0,,,5,2,2,1,3
202100022927,2021-08-21 18:52:00,2021,8,21,18,52,75,75110,RUE DE MAUBEUGE,48.8840086457,2.3555636617,Plein jour,En agglomération,Intersection en X,Normale,Deux véhicules - côté,4,2,2,0,1,1,1,0,1,50,,4,2,0,0,2,55.0,28.0,,,1,2,2,1,3
202100022928,2021-08-22 18:50:00,2021,8,22,18,50,75,75104,RUE SAINT ANTOINE,48.854758,2.362418,Plein jour,En agglomération,Intersection en T,Normale,Deux véhicules - côté,4,2,5,1,1,2,1,0,5,30,,2,1,0,0,1,26.0,20.0,,,1,2,3,1,3
202100022929,2021-08-21 22:45:00,2021,8,21,22,45,93,93077,Avenue de Rosny,48.88485,2.50628,Nuit avec éclairage allumé,En agglomération,Hors intersection,Normale,Deux véhicules - côté,3,2,4,0,1,1,1,0,1,50,,2,1,0,0,1,47.0,24.0,,,5,2,1,1,3
202100022930,2021-08-22 14:50:00,2021,8,22,14,50,93,93005,Rue Arthur Chevalier,48.927221,2.50865,Plein jour,En agglomération,Hors intersection,Normale,Deux véhicules - côté,4,3,3,0,1,1,1,0,1,50,,3,2,0,0,1,30.0,19.0,,,1,2,1,1,3
202100022931,2021-08-22 16:50:00,2021,8,22,16,50,92,92078,LONGUE BERTRANE (RUE),48.9290172896,2.3197853128,Plein jour,En agglomération,Autre intersection,Normale,Autre collision,4,-1,0,0,1,1,1,9,8,50,,2,0,0,0,2,24.0,,,,1,2,9,1,6
202100022932,2021-08-22 14:25:00,2021,8,22,14,25,92,92040,ROUGET DE L'ISLE,48.828819,2.26465,Plein jour,En agglomération,Hors intersection,Normale,Deux véhicules - arrière,3,2,5,3,1,1,1,0,1,50,,2,1,0,0,1,24.0,59.0,,,1,2,1,1,2
202100022933,2021-08-22 22:05:00,2021,8,22,22,5,92,92024,GENERAL LECLERC (RUE DU) DE (81 A 109)  ,48.9076238711,2.3082619226,Nuit avec éclairage allumé,En agglomération,Intersection en Y,Normale,Deux véhicules - côté,4,2,2,0,1,1,1,0,1,50,,2,1,0,0,1,28.0,25.0,,,5,2,4,1,3
202100022934,2021-08-22 16:15:00,2021,8,22,16,15,37,37123,38 Rue Rabelais,47.3291221482,0.4107561321,Plein jour,En agglomération,Hors intersection,Normale,Autre collision,3,2,2,0,2,1,1,0,4,30,,2,1,0,1,0,26.0,,,,1,2,1,1,6
202100022935,2021-08-22 21:30:00,2021,8,22,21,30,2A,2A272,D48,41.585978,8.927464,Nuit sans éclairage public,Hors agglomération,Hors intersection,Normale,Deux véhicules - côté,3,2,2,0,1,4,1,0,1,80,,3,0,0,0,3,21.0,21.0,,,3,1,1,1,3
202100022936,2021-08-23 14:55:00,2021,8,23,14,55,86,86276,D741 PK40.500,46.253897,0.523531,Plein jour,Hors agglomération,Hors intersection,Normale,Deux véhicules - arrière,3,2,2,0,3,1,1,0,1,90,,2,0,1,0,1,25.0,52.0,,,1,1,1,1,2
202100022937,2021-08-22 14:30:00,2021,8,22,14,30,01,01074,D904,45.999071,5.155828,Plein jour,Hors agglomération,Hors intersection,Normale,Deux véhicules - frontale,3,2,2,0,1,3,1,0,1,80,,2,1,0,0,1,28.0,,,,1,1,1,1,1
202100022938,2021-08-23 09:15:00,2021,8,23,9,15,26,26139,Route de Génissieux,45.073127,5.112634,Plein jour,Hors agglomération,Intersection en X,Normale,Deux véhicules - frontale,3,2,2,0,1,1,1,5,1,80,,2,1,0,1,0,74.0,36.0,,,1,1,2,1,1
202100022939,2021-08-22 17:30:00,2021,8,22,17,30,22,22103,Rue de la Ville Chevalier,48.551664,-2.007805,Plein jour,En agglomération,Hors intersection,Normale,Deux véhicules - frontale,3,2,2,0,2,1,1,0,1,50,,5,3,0,0,2,51.0,34.0,,,1,2,1,1,1
202100022940,2021-08-23 13:45:00,2021,8,23,13,45,06,06161,Route Départementale 6007,43.62763,7.132788,Plein jour,En agglomération,Hors intersection,Normale,Deux véhicules - côté,3,2,2,1,1,1,1,0,1,50,,2,1,0,1,0,23.0,33.0,,,1,2,1,1,3
202100022941,2021-08-23 01:50:00,2021,8,23,1,50,83,83048,Boulevard Saint Raphael,43.198114,6.564197,Nuit avec éclairage allumé,En agglomération,Hors intersection,Normale,Deux véhicules - frontale,3,2,2,0,2,3,1,0,1,50,,4,2,0,0,2,37.0,23.0,,,5,2,1,1,1
202100022942,2021-08-23 14:30:00,2021,8,23,14,30,14,14027,"D54, 18 rue de la gare",49.020422,-0.637524,Plein jour,En agglomération,Hors intersection,Normale,Sans collision,3,2,2,0,1,1,1,0,1,50,,1,0,0,0,1,49.0,,,,1,2,1,1,7
202100022943,2021-08-22 23:05:00,2021,8,22,23,5,14,14412,D8,49.04661,-0.597376,Nuit sans éclairage public,Hors agglomération,Hors intersection,Normale,Sans collision,3,2,2,0,2,1,1,0,1,80,,1,0,0,0,1,44.0,,,,3,1,1,1,7
202100022944,2021-08-23 18:15:00,2021,8,23,18,15,42,42233,Route de Saint Germain,46.080465,3.936839,Plein jour,Hors agglomération,Hors intersection,Normale,Sans collision,3,2,2,0,1,1,1,0,3,80,,1,0,1,0,0,88.0,,,,1,1,1,1,7
202100022945,2021-08-19 16:00:00,2021,8,19,16,0,17,17142,Rue de Rompsay,46.171446,-1.093051,Plein jour,En agglomération,Hors intersection,Normale,Autre collision,4,2,2,0,1,1,1,0,1,30,,2,1,0,1,0,62.0,63.0,,,1,2,1,1,6
202100022946,2021-06-27 03:00:00,2021,6,27,3,0,74,74263,Av de Chavannex,46.31694,6.38531,Nuit sans éclairage public,Hors agglomération,Hors intersection,Normale,Sans collision,3,2,2,0,2,1,1,0,1,80,,2,0,0,1,1,21.0,21.0,,,3,1,1,1,7
202100022947,2021-08-22 14:45:00,2021,8,22,14,45,59,59058,Route Nationale,50.227785,3.94863,Plein jour,Hors agglomération,Hors intersection,Normale,Sans collision,3,3,4,0,1,1,1,0,2,110,,1,0,0,0,1,63.0,,,,1,1,1,1,7
202100022948,2021-08-23 11:25:00,2021,8,23,11,25,19,19140,Lieu-Dit Escourbaniers,45.075453,1.914276,Plein jour,Hors agglomération,Hors intersection,Normale,Autre collision,4,2,2,0,1,1,1,0,3,30,,2,0,0,1,1,81.0,,,,1,1,1,1,6
202100022949,2021-08-22 07:30:00,2021,8,22,7,30,59,59110,Route de la Colme,50.948845,2.313066,Plein jour,Hors agglomération,Intersection en X,Pluie légère,Deux véhicules - côté,3,2,2,0,1,1,2,0,1,70,,2,1,0,1,0,54.0,43.0,,,1,1,2,2,3
202100022950,2021-08-22 16:49:00,2021,8,22,16,49,74,74225,13 R Rene Cassin,45.855919,5.950481,Plein jour,En agglomération,Intersection en Y,Normale,Deux véhicules - frontale,3,2,2,0,1,1,1,5,1,50,,2,1,0,1,0,45.0,20.0,,,1,2,4,1,1
202100022951,2021-08-23 18:00:00,2021,8,23,18,0,2B,2B096,Route territoriale 20,42.3078635908,9.1538965715,Plein jour,Hors agglomération,Hors intersection,Normale,Deux véhicules - côté,2,2,2,0,2,3,1,0,1,80,,3,0,0,0,3,26.0,24.0,,,1,1,1,1,3
202100022952,2021-08-22 04:30:00,2021,8,22,4,30,49,49086,D748,47.32012,-0.443015,Nuit sans éclairage public,Hors agglomération,Hors intersection,Normale,Sans collision,3,2,2,0,1,1,1,0,1,90,,1,0,0,1,0,17.0,,,,3,1,1,1,7
202100022953,2021-08-23 20:00:00,2021,8,23,20,0,34,34194,D609,43.52362,3.45064,Crépuscule ou aube,Hors agglomération,Hors intersection,Normale,Autre collision,3,2,2,0,1,1,1,0,3,80,,2,0,1,1,0,21.0,,,,2,1,1,1,6
202100022954,2021-08-22 14:00:00,2021,8,22,14,0,29,29023,Croas Ar Mevel,48.656947,-3.919989,Plein jour,En agglomération,Giratoire,Normale,Deux véhicules - côté,4,1,2,0,3,2,1,0,1,50,,6,5,0,1,0,21.0,57.0,,,1,2,6,1,3
202100022955,2021-08-23 15:20:00,2021,8,23,15,20,29,29251,D48 - Route de Lanmeur,48.684614,-3.777924,Plein jour,Hors agglomération,Intersection en X,Normale,Deux véhicules - arrière,3,2,2,0,1,1,1,5,1,80,,3,2,0,1,0,14.0,21.0,,,1,1,2,1,2
202100022956,2021-08-23 19:00:00,2021,8,23,19,0,29,29134,D63 - Route de Moellien,48.100077,-4.214153,Plein jour,Hors agglomération,Hors intersection,Normale,Deux véhicules - frontale,3,2,2,0,2,2,1,5,1,80,,2,0,0,1,1,43.0,61.0,,,1,1,1,1,1
202100022957,2021-08-23 11:36:00,2021,8,23,11,36,03,03024,21 Lieu Dit les Rebourgeons,46.33348,3.711657,Plein jour,Hors agglomération,Hors intersection,Normale,Autre collision,3,2,2,0,2,1,1,0,1,90,,1,0,0,1,0,69.0,,,,1,1,1,1,6
202100022958,2021-08-22 23:25:00,2021,8,22,23,25,03,03218,La Chaume,46.533595,2.990127,Nuit sans éclairage public,Hors agglomération,Hors intersection,Normale,Sans collision,3,2,2,0,1,1,1,0,1,90,,1,0,0,1,0,55.0,,,,3,1,1,1,7
202100022959,2021-08-19 17:00:00,2021,8,19,17,0,06,06042,M55,43.980579,7.139933,Plein jour,Hors agglomération,Hors intersection,Normale,Autre collision,7,2,2,0,2,1,1,0,1,80,,1,0,0,0,1,26.0,,,,1,1,1,1,6
202100022960,2021-08-20 11:30:00,2021,8,20,11,30,14,14191,D514,49.3318172693,-0.4630093576,Plein jour,En agglomération,Hors intersection,Normale,Deux véhicules - côté,3,2,3,0,1,1,1,0,1,50,,2,1,0,0,1,48.0,38.0,,,1,2,1,1,3
202100022961,2021-08-22 22:20:00,2021,8,22,22,20,14,14506,D28,49.153363,-0.826292,Nuit sans éclairage public,Hors agglomération,Hors intersection,Pluie légère,Autre collision,3,2,2,0,1,3,2,0,3,90,,1,0,0,1,0,26.0,,,,3,1,1,2,6
202100022962,2021-08-23 16:00:00,2021,8,23,16,0,50,50118,village de l'église,48.83448,-1.316466,Plein jour,Hors agglomération,Hors intersection,Normale,Deux véhicules - arrière,3,2,2,0,4,1,1,0,1,80,,3,2,0,0,1,77.0,69.0,,,1,1,1,1,2
202100022963,2021-08-22 20:30:00,2021,8,22,20,30,50,50185,RD 33 - PK 14.600,48.858849,-1.278126,Crépuscule ou aube,Hors agglomération,Hors intersection,Temps couvert,Deux véhicules - arrière,3,2,2,0,3,2,1,0,1,80,,2,1,0,1,0,19.0,62.0,,,2,1,1,8,2
202100022964,2021-08-22 18:00:00,2021,8,22,18,0,64,64559,Route d Ainharp,43.259612,-0.897725,Plein jour,Hors agglomération,Hors intersection,Normale,Sans collision,4,-1,2,0,2,2,2,0,3,80,,2,1,0,1,0,34.0,,,,1,1,1,1,7
202100022965,2021-08-23 14:00:00,2021,8,23,14,0,16,16243,Lieu-dit Les Chatelins,45.709866,-0.235681,Plein jour,Hors agglomération,Intersection en T,Normale,Deux véhicules - côté,3,2,2,0,1,3,1,0,1,80,,2,1,0,0,1,24.0,36.0,,,1,1,3,1,3
202100022966,2021-08-22 12:25:00,2021,8,22,12,25,40,40086,Rd 944,43.698053,-0.531743,Plein jour,Hors agglomération,Hors intersection,Normale,Autre collision,3,2,2,0,1,1,1,0,3,80,,1,0,0,1,0,44.0,,,,1,1,1,1,6
202100022967,2021-08-22 11:25:00,2021,8,22,11,25,04,04024,RD 900,44.208973,6.368551,Plein jour,Hors agglomération,Hors intersection,Normale,Deux véhicules - côté,3,2,2,0,2,2,1,0,1,80,,3,2,0,0,1,50.0,,,,1,1,1,1,3
202100022968,2021-08-22 20:00:00,2021,8,22,20,0,27,27011,chemin de la mare robert,49.219062,0.908593,Plein jour,Hors agglomération,Hors intersection,Normale,Sans collision,9,-1,1,0,1,1,6,0,8,50,,2,1,0,0,1,30.0,,,,1,1,1,1,7
202100022969,2021-08-13 22:45:00,2021,8,13,22,45,27,27438,Rue Victor Hugo,48.763424,1.224353,Nuit avec éclairage allumé,En agglomération,Hors intersection,Normale,Autre collision,3,2,2,0,1,3,1,2,8,-1,,1,0,0,0,1,21.0,,,,5,2,1,1,6
202100022970,2021-08-22 15:20:00,2021,8,22,15,20,27,27693,D51,48.918988,1.10625,Plein jour,Hors agglomération,Intersection en X,Normale,Deux véhicules - côté,3,-1,2,0,1,3,1,0,1,80,,4,1,0,1,2,23.0,31.0,,,1,1,2,1,3
202100022971,2021-08-23 12:30:00,2021,8,23,12,30,30,30212,D6086,43.9512,4.5674,Plein jour,Hors agglomération,Hors intersection,Normale,Deux véhicules - frontale,3,2,2,0,1,1,1,0,1,80,,7,3,0,3,1,57.0,35.0,,,1,1,1,1,1
202100022972,2021-08-23 06:25:00,2021,8,23,6,25,30,30122,voie ferrée en bordure d 907,43.891127,4.232923,Crépuscule ou aube,Hors agglomération,Hors intersection,Normale,Deux véhicules - frontale,3,2,2,0,1,1,1,0,8,80,,2,1,0,1,0,42.0,53.0,,,2,1,1,1,1
202100022973,2021-08-22 08:20:00,2021,8,22,8,20,88,88361,D420,48.330563,7.097876,Plein jour,Hors agglomération,Hors intersection,Temps couvert,Sans collision,3,2,2,0,2,3,2,0,3,80,,1,0,0,1,0,23.0,,,,1,1,1,8,7
202100022974,2021-06-01 12:05:00,2021,6,1,12,5,38,38193,Promenade du Decumanus,45.620787,5.220932,Plein jour,En agglomération,Hors intersection,Normale,Autre collision,4,2,2,0,1,1,1,0,1,50,,2,1,0,1,0,20.0,,,,1,2,1,1,6
202100022975,2021-08-23 10:55:00,2021,8,23,10,55,68,68118,A35,47.721437,7.433324,Plein jour,Hors agglomération,Hors intersection,Normale,Deux véhicules - côté,1,3,4,0,1,1,1,0,1,130,,2,0,0,0,2,21.0,27.0,,,1,1,1,1,3
202100022976,2021-08-23 08:30:00,2021,8,23,8,30,11,11178,A61 - PK 278.100,43.337617,1.835253,Plein jour,Hors agglomération,Hors intersection,Normale,Deux véhicules - arrière,1,3,4,0,1,1,1,0,1,130,,2,1,0,1,0,47.0,32.0,,,1,1,1,1,2
202100022977,2021-08-22 06:50:00,2021,8,22,6,50,06,06088,"bretelle entrée n°51 autoroute A8, CADAM, direction CANNES",43.674639,7.19597,Plein jour,Hors agglomération,Hors intersection,Normale,Autre collision,1,1,1,0,2,3,1,3,1,50,,2,1,0,0,1,24.0,,,,1,1,1,1,6
202100022978,2021-08-20 18:00:00,2021,8,20,18,0,971,97128,Berard,16.2604035833,-61.3613677025,Crépuscule ou aube,Hors agglomération,Hors intersection,Normale,Deux véhicules - côté,3,2,2,0,1,1,1,0,1,50,,2,1,0,1,0,34.0,63.0,,,2,1,1,1,3
202100022979,2021-08-22 23:30:00,2021,8,22,23,30,91,91179,D948,48.556646,2.485149,Nuit sans éclairage public,Hors agglomération,Hors intersection,Normale,Trois véhicules et plus - collisions multiples,3,2,3,0,1,1,1,0,1,80,,4,3,0,0,1,41.0,39.0,,,3,1,1,1,5
202100022980,2021-08-15 10:25:00,2021,8,15,10,25,83,83104,RD11,43.653947,5.758585,Plein jour,Hors agglomération,Autre intersection,Normale,Deux véhicules - côté,3,2,2,0,1,3,1,0,1,80,,5,1,0,0,4,37.0,35.0,,,1,1,9,1,3
202100022981,2021-08-23 07:50:00,2021,8,23,7,50,04,04242,RD 4096,43.8824729071,5.8563303487,Plein jour,Hors agglomération,Hors intersection,Normale,Autre collision,3,2,2,1,3,1,1,5,1,80,,2,1,1,0,0,28.0,,,,1,1,1,1,6
202100022982,2021-08-23 13:52:00,2021,8,23,13,52,38,38320,D1075,45.829278,5.409608,Plein jour,Hors agglomération,Intersection en X,Normale,Deux véhicules - côté,3,2,2,0,1,1,1,0,1,80,,2,1,0,1,0,25.0,42.0,,,1,1,2,1,3
202100022983,2021-08-20 10:30:00,2021,8,20,10,30,69,69078,DUERNE (DE) (RTE),45.6805707577,4.5345881581,Plein jour,Hors agglomération,Hors intersection,Normale,Deux véhicules - frontale,3,2,2,0,2,3,1,0,3,80,,3,0,0,1,2,63.0,57.0,,,1,1,1,1,1
202100022984,2021-08-23 08:10:00,2021,8,23,8,10,31,31381,Majouret,43.470198,1.586269,Plein jour,Hors agglomération,Passage à niveau,Normale,Deux véhicules - côté,3,2,2,0,1,3,1,4,1,80,,2,1,0,1,0,48.0,59.0,,,1,1,8,1,3
202100022985,2021-08-21 13:40:00,2021,8,21,13,40,19,19101,D1089,45.249980998,1.7746179923,Plein jour,Hors agglomération,Hors intersection,Normale,Autre collision,3,2,3,0,1,1,1,9,3,90,,1,0,0,1,0,77.0,,,,1,1,1,1,6
202100022986,2021-08-20 18:50:00,2021,8,20,18,50,44,44172,Route de Thouaré,47.258117,-1.458639,Plein jour,En agglomération,Hors intersection,Normale,Autre collision,7,2,2,0,1,1,1,0,1,50,,2,1,0,0,1,47.0,,,,1,2,1,1,6
202100022987,2021-08-22 18:30:00,2021,8,22,18,30,14,14060,D515,49.237026,-0.290505,Plein jour,Hors agglomération,Hors intersection,Normale,Autre collision,3,3,4,0,1,2,1,0,1,110,,2,0,0,0,2,67.0,,,,1,1,1,1,6
202100022988,2021-08-23 03:15:00,2021,8,23,3,15,14,14384,D83,49.30727,-0.359384,Nuit avec éclairage allumé,En agglomération,Hors intersection,Normale,Deux véhicules - arrière,3,2,2,0,1,1,1,0,1,50,,2,1,0,0,1,18.0,19.0,,,5,2,1,1,2
202100022989,2021-05-07 15:55:00,2021,5,7,15,55,35,35360,Boulevard Denis Papin,48.106955,-1.207804,Plein jour,En agglomération,Giratoire,Normale,Deux véhicules - côté,3,3,2,0,2,1,1,5,1,50,,2,1,0,0,1,49.0,52.0,,,1,2,6,1,3
202100022990,2021-08-23 10:56:00,2021,8,23,10,56,62,62128,D42,50.310113,2.926454,Plein jour,Hors agglomération,Hors intersection,Normale,Autre collision,3,2,2,0,1,1,1,0,3,80,,2,1,0,1,0,35.0,,,,1,1,1,1,6
202100022991,2021-08-21 15:00:00,2021,8,21,15,0,59,59243,21 Rue René Vaucelle,50.133873,3.378912,Plein jour,En agglomération,Hors intersection,Normale,Autre collision,4,2,2,0,1,1,1,0,8,50,,1,0,0,1,0,20.0,,,,1,2,1,1,6
202100022992,2021-08-22 22:00:00,2021,8,22,22,0,59,59465,Rue de Forest,50.116242,3.595328,Nuit avec éclairage allumé,En agglomération,Hors intersection,Normale,Deux véhicules - côté,3,2,2,0,1,1,2,0,4,50,,2,1,0,1,0,33.0,53.0,,,5,2,1,1,3
202100022993,2021-08-20 17:15:00,2021,8,20,17,15,69,69272,A46,45.59539,4.84961,Plein jour,Hors agglomération,Hors intersection,Normale,Deux véhicules - arrière,1,3,4,0,1,1,1,0,1,110,,2,1,0,0,1,35.0,20.0,,,1,1,1,1,2
202100022994,2021-08-22 15:50:00,2021,8,22,15,50,78,78362,A13,48.974323,1.727884,Plein jour,Hors agglomération,Hors intersection,Normale,Sans collision,1,3,2,0,1,1,1,0,2,110,,1,0,0,0,1,19.0,,,,1,1,1,1,7
202100022995,2021-08-22 20:30:00,2021,8,22,20,30,93,93010,AUTOROUTE A3,48.91918,2.47898,Plein jour,Hors agglomération,Hors intersection,Normale,Deux véhicules - côté,1,3,6,0,1,1,1,0,1,110,,2,1,0,1,0,25.0,42.0,,,1,1,1,1,3
202100022996,2021-08-22 16:15:00,2021,8,22,16,15,93,93010,AUTOROUTE A3,48.91198,2.47606,Plein jour,Hors agglomération,Hors intersection,Normale,Deux véhicules - côté,1,3,6,0,1,1,1,0,1,110,,2,1,0,0,1,32.0,63.0,,,1,1,1,1,3
202100022997,2021-08-22 07:50:00,2021,8,22,7,50,93,93039,AUTOROUTE A86,48.92668,2.33596,Plein jour,Hors agglomération,Hors intersection,Normale,Autre collision,1,3,8,0,1,1,1,0,1,70,,1,0,0,0,1,33.0,,,,1,1,1,1,6
202100022998,2021-08-22 00:00:00,2021,8,22,0,0,77,77258,A4.Y,48.8298663864,2.6239594205,Nuit avec éclairage non allumé,Hors agglomération,Hors intersection,Normale,Autre collision,1,1,5,0,1,1,1,0,1,90,,3,2,0,0,1,27.0,27.0,,,4,1,1,1,6
202100022999,2021-05-23 11:25:00,2021,5,23,11,25,82,82121,VOLTAIRE (RUE),44.03779,1.3591,Plein jour,En agglomération,Intersection en T,Normale,Deux véhicules - côté,4,4,3,0,1,1,1,0,1,50,,2,1,0,1,0,31.0,77.0,,,1,2,3,1,3
202100023000,2021-05-21 07:40:00,2021,5,21,7,40,82,82121,LACAPELLE (FAUBOURG),44.01361,1.36049,Plein jour,En agglomération,Hors intersection,Normale,Autre collision,3,1,2,0,1,1,1,0,1,50,,2,1,0,0,1,43.0,51.0,,,1,2,1,1,6
202100023001,2021-05-04 13:10:00,2021,5,4,13,10,82,82121,LABAT (RUE DU DOCTEUR),44.02718,1.34453,Plein jour,En agglomération,Giratoire,Normale,Deux véhicules - côté,4,-1,0,3,1,1,1,8,1,50,,2,1,0,0,1,48.0,24.0,,,1,2,6,1,3
202100023002,2021-04-28 19:25:00,2021,4,28,19,25,54,54367,SAINT CHARLES (ROUTE DE),49.5048,5.7892,Plein jour,Hors agglomération,Intersection en T,Normale,Deux véhicules - arrière,2,1,1,0,1,1,1,3,1,80,,2,1,0,1,0,36.0,39.0,,,1,1,3,1,2
202100023003,2021-04-26 23:13:00,2021,4,26,23,13,54,54542,DEPARTEMENTALE 613,49.2131,5.92216,Nuit sans éclairage public,Hors agglomération,Intersection en X,Normale,Deux véhicules - côté,3,2,2,0,3,1,1,5,1,80,,4,0,0,2,2,22.0,39.0,,,3,1,2,1,3
202100023004,2021-05-06 13:00:00,2021,5,6,13,0,36,36044,26 Avenue Marcel Lemoine,46.8156966957,1.6968027429,Plein jour,En agglomération,Hors intersection,Normale,Deux véhicules - côté,4,2,2,0,2,1,1,0,5,50,,2,1,0,0,1,61.0,39.0,,,1,2,1,1,3
202100023005,2021-03-18 14:18:00,2021,3,18,14,18,36,36202,Route de Luant,46.74577,1.621761,Plein jour,Hors agglomération,Hors intersection,Normale,Deux véhicules - frontale,3,2,2,0,1,1,1,0,1,80,,2,0,0,0,2,36.0,56.0,,,1,1,1,1,1
202100023006,2021-08-02 16:05:00,2021,8,2,16,5,988,98818,PROMENADE ROGER LAROQUE,-22.30362,166.44642,Plein jour,En agglomération,Hors intersection,Normale,Deux véhicules - arrière,4,3,4,0,1,1,1,0,1,50,,2,1,0,1,0,74.0,59.0,,,1,2,1,1,2
202100023007,2021-08-02 13:55:00,2021,8,2,13,55,976,97611,mamoudzou centre-Haladi Selemani ( rue ),-12.77971,45.22787,Plein jour,En agglomération,Hors intersection,Normale,Deux véhicules - arrière,4,2,2,0,2,1,1,0,1,50,,2,1,0,0,1,36.0,64.0,,,1,2,1,1,2
202100023008,2021-08-02 13:20:00,2021,8,2,13,20,69,69387,GUILLOTIERE (DE LA) (R),45.75151,4.84744,Plein jour,En agglomération,Intersection en T,Normale,Deux véhicules - côté,4,1,1,2,1,1,1,0,4,50,,2,1,0,0,1,,25.0,,,1,2,3,1,3
202100023009,2021-08-02 08:35:00,2021,8,2,8,35,69,69383,BONNEL (DE) (R),45.7618,4.84796,Plein jour,En agglomération,Hors intersection,Normale,Autre collision,4,1,3,2,1,1,1,0,1,50,,2,1,0,0,1,,,,,1,2,1,1,6
202100023010,2021-07-26 13:46:00,2021,7,26,13,46,69,69388,JEAN MERMOZ (AV),45.7306302113,4.8876298964,Plein jour,En agglomération,Intersection en X,Normale,Deux véhicules - côté,4,3,5,0,1,1,1,0,1,50,,2,1,0,0,1,22.0,30.0,,,1,2,2,1,3
202100023011,2021-08-02 07:50:00,2021,8,2,7,50,972,97213,AUTOROUTE A1,14.59904,-60.99946,Plein jour,Hors agglomération,Hors intersection,Normale,Sans collision,1,3,6,0,1,1,1,0,1,90,,2,1,0,0,1,23.0,30.0,,,1,1,1,1,7
202100023012,2021-07-25 21:20:00,2021,7,25,21,20,972,97213,ROUTE NATIONALE 1,14.61916,-61.00149,Nuit sans éclairage public,Hors agglomération,Hors intersection,Normale,Deux véhicules - arrière,2,-1,4,0,2,1,1,0,1,70,,7,6,0,0,1,59.0,30.0,,,3,1,1,1,2
202100023013,2021-08-02 15:40:00,2021,8,2,15,40,972,97209,AUTOROUTE (A1),14.6144,-61.0505,Plein jour,En agglomération,Hors intersection,Normale,Deux véhicules - arrière,1,1,3,3,1,1,1,0,1,50,,4,3,0,1,0,24.0,34.0,,,1,2,1,1,2
202100023014,2021-06-07 16:00:00,2021,6,7,16,0,69,69384,JOSEPH GILLET (Q),45.78333,4.81422,Plein jour,En agglomération,Hors intersection,Normale,Autre collision,4,2,2,0,1,1,1,9,1,50,,2,1,0,0,1,53.0,,,,1,2,1,1,6
202100023015,2021-07-22 19:30:00,2021,7,22,19,30,69,69081,CHARLES DE GAULLE (DE) ( PL),45.77475,4.77813,Crépuscule ou aube,En agglomération,Autre intersection,Normale,Autre collision,4,2,2,0,1,2,1,0,1,50,,2,1,0,1,0,47.0,,,,2,2,9,1,6
202100023016,2021-08-01 17:45:00,2021,8,1,17,45,971,97101,ROUTE DE BOULIQUI,16.25801,-61.45507,Plein jour,Hors agglomération,Hors intersection,Normale,Autre collision,3,2,2,0,1,1,1,0,1,50,,1,0,0,1,0,64.0,,,,1,1,1,1,6
202100023017,2021-08-01 15:48:00,2021,8,1,15,48,971,97113,SECTION TOMBEAU,16.22128,-61.47848,Plein jour,Hors agglomération,Hors intersection,Normale,Sans collision,3,-1,2,0,1,2,1,0,8,50,,1,0,0,1,0,39.0,,,,1,1,1,1,7
202100023018,2021-07-26 11:34:00,2021,7,26,11,34,2A,2A004,T21,41.9390467934,8.8043532373,Plein jour,Hors agglomération,Hors intersection,Normale,Deux véhicules - frontale,2,2,2,0,1,1,1,0,1,90,,2,0,0,1,1,56.0,56.0,,,1,1,1,1,1
202100023019,2021-07-26 12:33:00,2021,7,26,12,33,95,95268,RD 125,48.9745177025,2.3986029625,Plein jour,En agglomération,Hors intersection,Pluie forte,Deux véhicules - côté,3,2,2,0,1,1,2,0,1,30,,2,1,0,0,1,42.0,22.0,,,1,2,1,3,3
202100023020,2021-07-26 09:50:00,2021,7,26,9,50,95,95585,RD 10,48.99476,2.37891,Plein jour,En agglomération,Hors intersection,Temps couvert,Deux véhicules - frontale,3,2,2,0,1,1,1,9,1,50,,2,1,0,0,1,18.0,25.0,,,1,2,1,8,1
202100023021,2021-08-02 11:00:00,2021,8,2,11,0,95,95277,Avenue Maréchal Foch,49.0016970803,2.4194733204,Plein jour,En agglomération,Hors intersection,Normale,Autre collision,4,2,2,0,1,1,1,0,4,50,,1,0,0,0,1,27.0,,,,1,2,1,1,6