accident_id,datetime,annee,mois,jour,heure,minute,departement,commune_insee,adresse,latitude,longitude,luminosite,agglomeration,intersection,meteo,collision,catr,circ,nbv,vosp,prof,plan,surf,infra,situ,vma,nb_vehicules,nb_usagers,nb_indemnes,nb_tues,nb_blesses_hosp,nb_blesses_legers,age_cond_1,age_cond_2,veh_type_cond_1,veh_type_cond_2,lum_code,agg_code,int_code,atm_code,col_code
202100023022,2021-07-25 13:25:00,2021,7,25,13,25,91,91021,BD JEAN JAURES,48.589464,2.24519,Plein jour,En agglomération,Hors intersection,Pluie légère,Deux véhicules - côté,3,1,1,0,1,1,2,0,1,50,,4,3,0,0,1,41.0,29.0,,,1,2,1,2,3
202100023023,2021-07-26 18:30:00,2021,7,26,18,30,91,91657,AV PAUL VAILLANT COUTURIER,48.696621,2.43597,Plein jour,En agglomération,Intersection en X,Pluie légère,Deux véhicules - côté,4,2,2,0,1,1,2,0,1,50,,5,4,0,0,1,20.0,25.0,,,1,2,2,2,3
202100023024,2021-08-02 02:50:00,2021,8,2,2,50,91,91479,RTE DE FONTAINEBLEAU,48.72881,2.36837,Nuit avec éclairage allumé,Hors agglomération,Hors intersection,Normale,Deux véhicules - côté,2,3,2,0,1,1,1,1,1,70,,3,1,0,0,2,22.0,26.0,,,5,1,1,1,3
202100023025,2021-07-30 14:38:00,2021,7,30,14,38,87,87085,LAFARGE (RUE PAUL),45.84667,1.2623,Plein jour,En agglomération,Hors intersection,Normale,Autre collision,4,1,1,0,1,1,1,9,8,10,,2,1,0,0,1,28.0,,,,1,2,1,1,6
202100023026,2021-07-29 20:10:00,2021,7,29,20,10,87,87085,CHARENTES (PLACE DES),45.8376,1.25267,Plein jour,En agglomération,Intersection en X,Normale,Autre collision,4,2,2,0,1,1,1,0,1,50,,4,3,0,0,1,27.0,56.0,,,1,2,2,1,6
202100023027,2021-07-23 17:01:00,2021,7,23,17,1,87,87085,BAUDIN ( AVENUE) (VC),45.8184,1.25205,Plein jour,En agglomération,Hors intersection,Normale,Trois véhicules et plus - en chaîne,4,1,1,0,1,1,1,0,1,50,,3,2,0,0,1,69.0,27.0,,,1,2,1,1,4
202100023028,2021-07-23 00:25:00,2021,7,23,0,25,87,87085,GARIBALDI (AVENUE),45.8339137,1.2607138,Nuit avec éclairage allumé,En agglomération,Intersection en T,Normale,Deux véhicules - côté,4,4,3,0,1,1,1,0,1,50,,3,1,0,1,1,20.0,49.0,,,5,2,3,1,3
202100023029,2021-07-22 21:05:00,2021,7,22,21,5,87,87085,JOURDAN (PLACE),45.83225,1.26463,Plein jour,En agglomération,Intersection en X,Normale,Deux véhicules - côté,4,4,3,0,1,1,1,0,1,50,,2,1,0,0,1,28.0,20.0,,,1,2,2,1,3
202100023030,2021-07-30 17:15:00,2021,7,30,17,15,84,84007,SAINT MICHEL (Boulevard),43.94301,4.81157,Plein jour,En agglomération,Hors intersection,Normale,Deux véhicules - côté,4,2,4,3,1,1,1,0,1,50,,2,1,0,1,0,46.0,37.0,,,1,2,1,1,3
202100023031,2021-08-02 08:30:00,2021,8,2,8,30,83,83137,MOULINS (AVE DES DE 18 A 23,43.13745,5.9144,Plein jour,En agglomération,Hors intersection,Normale,Deux véhicules - frontale,7,2,2,0,1,1,1,0,1,30,,2,1,0,0,1,35.0,21.0,,,1,2,1,1,1
202100023032,2021-07-26 13:27:00,2021,7,26,13,27,83,83069,AVENUE RITONDALE LEOPOLD,43.11348,6.12576,Plein jour,En agglomération,Hors intersection,Normale,Deux véhicules - arrière,7,1,3,0,1,1,1,0,1,50,,3,2,0,0,1,20.0,61.0,,,1,2,1,1,2
202100023033,2021-07-25 11:35:00,2021,7,25,11,35,83,83069,TOULON RD 554 (AVENUE DE),43.12582,6.11052,Plein jour,En agglomération,Hors intersection,Normale,Deux véhicules - frontale,7,2,2,0,1,1,1,0,1,50,,2,1,0,1,0,25.0,54.0,,,1,2,1,1,1
202100023034,2021-07-25 14:15:00,2021,7,25,14,15,80,80164,CORBIE (ROUTE),49.90192,2.36045,Plein jour,Hors agglomération,Giratoire,Normale,Deux véhicules - côté,3,-1,3,0,1,2,1,0,1,80,,3,2,0,0,1,74.0,31.0,,,1,1,6,1,3
202100023035,2021-07-24 01:48:00,2021,7,24,1,48,80,80021,GRACE (RUE DE),49.90945,2.2522,Nuit avec éclairage allumé,En agglomération,Hors intersection,Normale,Autre collision,4,2,2,0,4,1,9,0,1,50,,2,1,0,0,1,41.0,,,,5,2,1,1,6
202100023036,2021-08-02 17:30:00,2021,8,2,17,30,78,78190,GENERAL DE GAULLE (AVENUE DU),48.88136,2.14031,Plein jour,En agglomération,Hors intersection,Normale,Autre collision,6,-1,0,0,1,1,1,9,1,30,,2,1,0,1,0,87.0,,,,1,2,1,1,6
202100023037,2021-06-27 10:49:00,2021,6,27,10,49,78,78621,PASTEUR MARTIN LUTHER KING (SQUARE DU),48.7732,1.98884,Plein jour,En agglomération,Autre intersection,Normale,Deux véhicules - côté,3,3,4,3,1,1,1,5,1,50,,2,1,0,0,1,20.0,71.0,,,1,2,9,1,3
202100023038,2021-07-26 05:00:00,2021,7,26,5,0,77,77373,RUE DE L EST,48.8044896125,2.6226757049,Nuit avec éclairage allumé,En agglomération,Hors intersection,Normale,Sans collision,3,2,1,0,1,3,1,0,1,50,,1,0,0,1,0,38.0,,,,5,2,1,1,7
202100023039,2021-07-24 20:15:00,2021,7,24,20,15,76,76540,CAUCHOISE. PLACE,49.44589,1.08647,Plein jour,En agglomération,Intersection en Y,Pluie légère,Deux véhicules - côté,7,2,4,3,2,1,2,-1,1,50,,4,3,0,0,1,23.0,40.0,,,1,2,4,2,3
202100023040,2021-07-28 05:55:00,2021,7,28,5,55,76,76351,LAMBLARDIE (QUAI),49.48955,0.11652,Crépuscule ou aube,Hors agglomération,Intersection en X,Normale,Deux véhicules - côté,4,2,2,0,1,1,1,0,1,50,,2,1,0,0,1,28.0,,,,2,1,2,1,3
202100023041,2021-07-23 22:30:00,2021,7,23,22,30,76,76351,RD 6382G,49.52453,0.17891,Nuit sans éclairage public,Hors agglomération,Hors intersection,Pluie légère,Autre collision,3,3,4,0,1,1,2,0,1,70,,2,1,0,1,0,23.0,,,,3,1,1,2,6
202100023042,2021-07-15 17:55:00,2021,7,15,17,55,74,74012,VERDUN (AVENUE DE),46.19416,6.2454,Plein jour,En agglomération,Hors intersection,Normale,Autre collision,4,3,1,0,1,1,1,0,8,50,,2,1,0,0,1,64.0,58.0,,,1,2,1,1,6
202100023043,2021-08-02 08:25:00,2021,8,2,8,25,71,71309,24 Rue Marechal Joffre,46.7895110016,4.4049049778,Plein jour,En agglomération,Hors intersection,Normale,Trois véhicules et plus - en chaîne,3,2,2,0,2,1,1,0,1,50,,3,1,0,0,2,28.0,28.0,,,1,2,1,1,4
202100023044,2021-07-26 21:50:00,2021,7,26,21,50,69,69275,CORNAVENT (R),45.76934,4.9674,Nuit avec éclairage allumé,En agglomération,Intersection en T,Normale,Sans collision,4,2,2,0,4,1,1,0,1,50,,1,0,0,0,1,49.0,,,,5,2,3,1,7
202100023045,2021-07-24 19:40:00,2021,7,24,19,40,67,67482,METZ (BOULEVARD DE),48.5826723438,7.7328555286,Plein jour,En agglomération,Hors intersection,Normale,Deux véhicules - côté,4,3,6,3,1,1,1,0,1,50,,3,2,0,0,1,36.0,23.0,,,1,2,1,1,3
202100023046,2021-07-23 21:15:00,2021,7,23,21,15,66,66136,FLANDRES/DUNKERQUE (CARREFOUR),42.68666,2.9072,Plein jour,En agglomération,Hors intersection,Normale,Deux véhicules - côté,4,2,2,0,1,1,1,0,1,50,,2,1,0,0,1,,17.0,,,1,2,1,1,3
202100023047,2021-07-26 17:10:00,2021,7,26,17,10,65,65100,BORDEAUX (ROUTE DE) CD 935,43.2686110741,0.071003059,Plein jour,Hors agglomération,Hors intersection,Normale,Deux véhicules - arrière,3,2,2,0,1,1,1,0,1,90,,2,1,0,0,1,64.0,35.0,,,1,1,1,1,2
202100023048,2021-08-02 20:00:00,2021,8,2,20,0,64,64483,RD810,43.41548,-1.6118,Plein jour,En agglomération,Hors intersection,Normale,Deux véhicules - côté,3,2,2,0,2,1,1,0,1,70,,2,1,0,1,0,24.0,15.0,,,1,2,1,1,3
202100023049,2021-08-02 15:00:00,2021,8,2,15,0,64,64260,CORNICHE (ROUTE DE LA),43.3751,-1.76093,Plein jour,En agglomération,Hors intersection,Normale,Deux véhicules - arrière,3,2,2,1,2,1,1,9,5,50,,2,1,0,0,1,59.0,15.0,,,1,2,1,1,2
202100023050,2021-08-01 19:59:00,2021,8,1,19,59,63,63113,PUY DE DOME (AVENUE DU),45.7869,3.06355,Plein jour,En agglomération,Hors intersection,Normale,Deux véhicules - arrière,7,2,2,0,2,1,1,0,1,50,,3,1,0,0,2,26.0,35.0,,,1,2,1,1,2
202100023051,2021-07-25 15:40:00,2021,7,25,15,40,60,60057,Rue des Agachots,49.44361,2.08455,Plein jour,En agglomération,Intersection en T,Pluie forte,Deux véhicules - côté,4,2,2,0,1,1,2,0,1,50,,4,1,0,0,3,40.0,20.0,,,1,2,3,3,3
202100023052,2021-07-30 05:25:00,2021,7,30,5,25,59,59178,HERILLIER (PLACE L'),50.36291,3.07845,Crépuscule ou aube,En agglomération,Giratoire,Normale,Deux véhicules - côté,3,2,2,0,1,1,1,0,1,50,,2,0,0,0,2,21.0,21.0,,,2,2,6,1,3
202100023053,2021-07-24 23:25:00,2021,7,24,23,25,59,59234,MARTIN (RUE MARCEAU),50.39962,3.10107,Nuit avec éclairage allumé,En agglomération,Intersection en T,Temps couvert,Deux véhicules - côté,3,2,2,0,1,1,2,0,1,50,,2,0,1,0,1,29.0,26.0,,,5,2,3,8,3
202100023054,2021-07-24 19:00:00,2021,7,24,19,0,58,58194,CARNOT (PLACE),46.9885,3.1574,Plein jour,En agglomération,Intersection en T,Normale,Deux véhicules - côté,4,2,2,0,1,1,1,0,1,30,,2,1,0,0,1,21.0,28.0,,,1,2,3,1,3
202100023055,2021-07-22 00:35:00,2021,7,22,0,35,58,58194,PIERRE EMILE GASPARD,46.9867,3.1527,Nuit avec éclairage allumé,En agglomération,Intersection en T,Normale,Deux véhicules - côté,3,1,1,0,2,1,1,0,1,50,,4,1,0,1,2,24.0,21.0,,,5,2,3,1,3
202100023056,2021-08-01 22:04:00,2021,8,1,22,4,56,56162,KERLIVIO,47.75729,-3.41048,Crépuscule ou aube,Hors agglomération,Hors intersection,Normale,Sans collision,4,2,2,0,1,3,9,0,1,50,,1,0,0,0,1,18.0,,,,2,1,1,1,7
202100023057,2021-07-30 20:27:00,2021,7,30,20,27,56,56098,LOCUNEL (RUE  DE ),47.75424,-3.32859,Plein jour,En agglomération,Hors intersection,Normale,Autre collision,4,2,2,0,1,1,1,0,1,30,,1,0,0,0,1,12.0,,,,1,2,1,1,6
202100023058,2021-07-24 17:50:00,2021,7,24,17,50,56,56162,MEZ (RORH),47.70648,-3.41443,Plein jour,Hors agglomération,Hors intersection,Normale,Deux véhicules - côté,4,2,2,0,1,2,2,0,1,50,,2,1,0,0,1,80.0,35.0,,,1,1,1,1,3
202100023059,2021-07-13 16:00:00,2021,7,13,16,0,51,51454,Avenue de Champagne,49.22312,4.02382,Plein jour,En agglomération,Hors intersection,Pluie forte,Trois véhicules et plus - en chaîne,3,3,4,1,1,1,2,0,1,70,,3,2,0,0,1,52.0,76.0,,,1,2,1,3,4
202100023060,2021-07-31 23:55:00,2021,7,31,23,55,49,49007,FOCH BOULEVARD,47.46899,-0.54945,Nuit avec éclairage allumé,En agglomération,Hors intersection,Normale,Deux véhicules - côté,4,3,4,0,1,1,1,0,1,30,,2,1,0,0,1,32.0,,,,5,2,1,1,3
202100023061,2021-07-26 08:55:00,2021,7,26,8,55,45,45232,Rue de Champagne,47.842811,1.918983,Plein jour,En agglomération,Intersection en T,Normale,Autre collision,4,2,2,0,1,1,1,0,1,50,,2,1,0,1,0,90.0,,,,1,2,3,1,6
202100023062,2021-08-02 14:20:00,2021,8,2,14,20,43,43157,2 Avenue de la Dentelle,45.0413342853,3.8882602751,Plein jour,En agglomération,Hors intersection,Normale,Autre collision,4,1,3,0,1,2,1,2,1,50,,2,1,0,1,0,60.0,,,,1,2,1,1,6
202100023063,2021-07-28 21:53:00,2021,7,28,21,53,42,42218,Rue Etienne Mimard,45.43887,4.39705,Nuit avec éclairage allumé,En agglomération,Intersection en X,Temps couvert,Trois véhicules et plus - collisions multiples,4,2,2,0,2,1,1,0,1,50,,5,1,0,1,3,24.0,22.0,,,5,2,2,8,5
202100023064,2021-08-01 06:34:00,2021,8,1,6,34,37,37261,CHEVALLIER (RUE AUGUSTE),47.3819155946,0.6789225614,Plein jour,En agglomération,Hors intersection,Normale,Autre collision,4,1,1,1,1,1,1,0,1,50,,1,0,0,0,1,21.0,,,,1,2,1,1,6
202100023065,2021-07-25 13:00:00,2021,7,25,13,0,37,37261,HEURTELOUP (BOULEVARD),47.3920517828,0.699652876,Plein jour,En agglomération,Hors intersection,Normale,Deux véhicules - côté,4,2,5,0,1,1,1,0,1,50,,2,1,0,0,1,50.0,23.0,,,1,2,1,1,3
202100023066,2021-07-18 20:45:00,2021,7,18,20,45,36,36202,Avenue de Tours,46.8248483795,1.6464471817,Plein jour,Hors agglomération,Intersection en X,Normale,Deux véhicules - côté,4,2,2,0,1,1,1,5,1,70,,3,0,0,2,1,40.0,53.0,,,1,1,2,1,3
202100023067,2021-08-02 21:09:00,2021,8,2,21,9,33,33063,Rue Durieu de Maisonneuve,44.85378,-0.59046,Crépuscule ou aube,En agglomération,Intersection en T,Normale,Deux véhicules - côté,4,1,1,0,1,1,1,0,1,50,,3,1,0,0,2,25.0,28.0,,,2,2,3,1,3
202100023068,2021-07-25 03:45:00,2021,7,25,3,45,33,33063,Boulevard Alfred Daney,44.87177,-0.56181,Nuit avec éclairage allumé,En agglomération,Hors intersection,Normale,Autre collision,4,2,3,3,1,1,1,5,1,50,,2,1,1,0,0,22.0,,,,5,2,1,1,6
202100023069,2021-08-02 10:00:00,2021,8,2,10,0,33,33529,RD 1250 (CAMICAS-OUSTALET),44.63026,-1.15644,Plein jour,Hors agglomération,Hors intersection,Pluie légère,Autre collision,3,2,2,0,1,1,2,0,1,80,,1,0,0,1,0,44.0,,,,1,1,1,2,6
202100023070,2021-07-26 22:55:00,2021,7,26,22,55,31,31149,RN124,43.60621,1.33497,Nuit avec éclairage allumé,En agglomération,Hors intersection,Normale,Autre collision,7,1,2,0,1,1,1,0,3,50,,1,0,0,0,1,31.0,,,,5,2,1,1,6
202100023071,2021-07-25 14:55:00,2021,7,25,14,55,30,30189,SULLY (RUE),43.8435,4.369,Plein jour,En agglomération,Intersection en T,Normale,Deux véhicules - côté,4,2,2,0,1,1,1,0,1,50,,2,1,0,0,1,79.0,31.0,,,1,2,3,1,3
202100023072,2021-07-20 15:20:00,2021,7,20,15,20,28,28134,JUILLET (BOULEVARD DE),48.72393,1.37501,Plein jour,En agglomération,Hors intersection,Normale,Deux véhicules - côté,4,2,2,0,1,1,1,0,1,50,,2,1,0,0,1,50.0,,,,1,2,1,1,3
202100023073,2021-08-02 03:40:00,2021,8,2,3,40,27,27562,DE GAULLE (BOULEVARD),49.09756,1.45756,Nuit sans éclairage public,En agglomération,Giratoire,Normale,Autre collision,4,2,2,0,1,1,1,5,1,50,,1,0,0,0,1,45.0,,,,3,2,6,1,6
202100023074,2021-07-26 15:35:00,2021,7,26,15,35,26,26362,108 Rue des Alpes,44.92622,4.90126,Plein jour,En agglomération,Autre intersection,Normale,Autre collision,4,1,0,0,1,1,1,9,5,50,,2,1,0,0,1,50.0,18.0,,,1,2,9,1,6
202100023075,2021-07-24 02:30:00,2021,7,24,2,30,22,22278,FERRY (JULES),48.4989411249,-2.771365642,Nuit sans éclairage public,En agglomération,Hors intersection,Normale,Sans collision,4,2,2,0,1,1,1,0,1,50,,1,0,0,0,1,44.0,,,,3,2,1,1,7
202100023076,2021-07-31 19:30:00,2021,7,31,19,30,21,21231,PASCAL (BOULEVARD),47.3372611549,5.0540844327,Plein jour,En agglomération,Hors intersection,Normale,Deux véhicules - côté,4,2,2,0,1,1,1,0,1,50,,2,1,0,1,0,32.0,55.0,,,1,2,1,1,3
202100023077,2021-08-02 19:35:00,2021,8,2,19,35,17,17200,HUIT MAI 1945   AVENUE DU,46.1802,-1.15216,Plein jour,Hors agglomération,Hors intersection,Normale,Trois véhicules et plus - en chaîne,4,1,2,0,1,2,1,1,1,50,,3,2,0,0,1,46.0,35.0,,,1,1,1,1,4
202100023078,2021-08-02 19:00:00,2021,8,2,19,0,17,17300,GUITON   AVENUE JEAN (343-371),46.16074,-1.18939,Plein jour,En agglomération,Hors intersection,Normale,Trois véhicules et plus - collisions multiples,4,2,2,0,1,1,1,0,1,50,,3,2,0,0,1,38.0,21.0,,,1,2,1,1,5
202100023079,2021-08-02 17:30:00,2021,8,2,17,30,13,13054,LIBERATION (AV DE LA ),43.41854,5.21565,Plein jour,En agglomération,Autre intersection,Normale,Deux véhicules - côté,7,2,1,0,1,1,1,0,1,30,,2,1,0,0,1,23.0,30.0,,,1,2,9,1,3
202100023080,2021-08-02 07:55:00,2021,8,2,7,55,13,13019,CD6,43.4246,5.3798,Plein jour,Hors agglomération,Hors intersection,Normale,Deux véhicules - arrière,7,2,2,0,2,1,1,0,1,70,,2,1,0,0,1,22.0,48.0,,,1,1,1,1,2
202100023081,2021-07-25 23:45:00,2021,7,25,23,45,13,13103,RUE CHAMPION - DE L'ADJUDANT CHEF,43.63,5.09973,Nuit avec éclairage allumé,En agglomération,Hors intersection,Normale,Deux véhicules - côté,4,2,1,0,1,1,1,0,1,50,,2,1,0,0,1,,,,,5,2,1,1,3
202100023082,2021-08-02 19:00:00,2021,8,2,19,0,13,13209,MICHELET (BOULEVARD),43.26541,5.39385,Plein jour,En agglomération,Intersection en X,Normale,Deux véhicules - côté,4,2,4,0,1,1,1,0,1,50,,2,1,0,0,1,18.0,32.0,,,1,2,2,1,3
202100023083,2021-07-31 02:50:00,2021,7,31,2,50,13,13204,FRANÇOISE DUPARC (BOULEVARD),43.30292,5.40064,Nuit avec éclairage allumé,En agglomération,Intersection en X,Normale,Deux véhicules - frontale,4,2,4,0,1,1,1,0,1,50,,2,1,0,0,1,,65.0,,,5,2,2,1,1
202100023084,2021-07-26 14:00:00,2021,7,26,14,0,13,13208,PRADO JACQUES CHIRAC (ROND POINT),43.272610688,5.3911159634,Plein jour,En agglomération,Hors intersection,Normale,Deux véhicules - côté,4,1,3,0,1,2,1,0,1,50,,2,1,0,0,1,19.0,55.0,,,1,2,1,1,3
202100023085,2021-07-26 11:40:00,2021,7,26,11,40,13,13213,WRESINKI (rond point),43.32987,5.4102,Plein jour,En agglomération,Intersection en X,Normale,Deux véhicules - côté,7,-1,3,0,1,1,1,0,1,50,,3,2,0,1,0,26.0,70.0,,,1,2,2,1,3
202100023086,2021-07-26 08:30:00,2021,7,26,8,30,13,13213,JEAN PAUL SARTRE (AVENUE),43.3217159202,5.4174342946,Plein jour,En agglomération,Hors intersection,Normale,Trois véhicules et plus - en chaîne,4,3,2,0,1,1,1,0,1,70,,3,2,0,0,1,64.0,32.0,,,1,2,1,1,4
202100023087,2021-08-02 17:25:00,2021,8,2,17,25,11,11069,ROCADE NORD - RD 6113,43.2326,2.3554,Plein jour,En agglomération,Hors intersection,Normale,Deux véhicules - côté,3,2,2,0,1,1,1,0,1,80,,2,1,0,0,1,20.0,19.0,,,1,2,1,1,3
202100023088,2021-07-26 15:20:00,2021,7,26,15,20,06,06088,MERCANTOUR (BD),43.68661,7.1974,Plein jour,Hors agglomération,Hors intersection,Normale,Autre collision,7,1,2,0,1,1,1,0,1,30,,1,0,0,1,0,35.0,,,,1,1,1,1,6
202100023089,2021-08-02 17:10:00,2021,8,2,17,10,06,06029,VALLAURIS (AVENUE DE),43.558415,7.02799,Plein jour,En agglomération,Hors intersection,Normale,Deux véhicules - arrière,3,2,2,0,2,1,1,0,1,50,,2,1,0,0,1,68.0,23.0,,,1,2,1,1,2
202100023090,2021-07-23 12:45:00,2021,7,23,12,45,05,05061,MOLINES  ( ROUTE DE ),44.559928,6.097333,Plein jour,En agglomération,Hors intersection,Normale,Sans collision,4,2,1,0,2,2,9,0,1,50,,1,0,0,0,1,25.0,,,,1,2,1,1,7
202100023091,2021-08-20 17:30:00,2021,8,20,17,30,974,97416,BOIS NOIRS (ALLEE DES) (2),-21.28574,55.46003,Plein jour,En agglomération,Hors intersection,Normale,Deux véhicules - côté,3,2,2,0,2,1,1,0,4,50,,2,1,0,0,1,,10.0,,,1,2,1,1,3
202100023092,2021-08-21 23:15:00,2021,8,21,23,15,69,69387,LECLERC (AV),45.73282,4.82378,Crépuscule ou aube,En agglomération,Autre intersection,Normale,Sans collision,4,2,4,2,1,1,1,9,1,50,,1,0,0,0,1,45.0,,,,2,2,9,1,7
202100023093,2021-08-21 20:05:00,2021,8,21,20,5,69,69387,GAMBETTA (CR),45.7560909537,4.8404592276,Plein jour,En agglomération,Hors intersection,Normale,Deux véhicules - côté,4,2,4,2,1,1,1,0,1,50,,2,1,0,0,1,63.0,37.0,,,1,2,1,1,3
202100023094,2021-08-20 18:55:00,2021,8,20,18,55,972,97209,BALATA (ROUTE DE),14.66971,-61.09066,Nuit sans éclairage public,Hors agglomération,Hors intersection,Normale,Autre collision,2,2,2,0,1,2,1,0,1,50,,1,0,0,1,0,34.0,,,,3,1,1,1,6
202100023095,2021-08-20 20:30:00,2021,8,20,20,30,972,97209,AUTOROUTE (A1),14.61446,-61.04967,Nuit avec éclairage allumé,Hors agglomération,Hors intersection,Normale,Deux véhicules - arrière,1,2,8,3,1,1,1,0,1,90,,3,1,0,0,2,50.0,51.0,,,5,1,1,1,2
202100023096,2021-08-21 14:35:00,2021,8,21,14,35,971,97101,BOZON,16.241066714,-61.5105628967,Plein jour,Hors agglomération,Hors intersection,Pluie légère,Sans collision,4,2,2,0,3,2,2,0,3,70,,4,1,0,0,3,24.0,,,,1,1,1,2,7
202100023097,2021-08-21 15:34:00,2021,8,21,15,34,95,95582,RD 909,48.96556,2.26154,Plein jour,En agglomération,Giratoire,Temps couvert,Deux véhicules - côté,3,2,2,0,1,1,1,5,1,50,,2,1,0,1,0,35.0,40.0,,,1,2,6,8,3
202100023098,2021-08-21 02:50:00,2021,8,21,2,50,91,91377,RUE DU PEROU,48.721671,2.300713,Nuit avec éclairage non allumé,En agglomération,Hors intersection,Normale,Sans collision,4,3,1,0,1,3,1,0,1,50,,4,1,0,0,3,32.0,,,,4,2,1,1,7
202100023099,2021-08-21 23:40:00,2021,8,21,23,40,83,83069,AEROPORT (AVENUE DE L'),43.09267,6.14067,Nuit avec éclairage allumé,Hors agglomération,Hors intersection,Normale,Deux véhicules - arrière,7,2,2,1,1,1,1,0,1,70,,3,1,0,0,2,34.0,29.0,,,5,1,1,1,2
202100023100,2021-08-21 18:10:00,2021,8,21,18,10,83,83069,MARINE (BOULEVARD DE LA),43.0921980958,6.1626648903,Plein jour,Hors agglomération,Hors intersection,Normale,Deux véhicules - arrière,7,2,2,0,1,1,1,0,1,50,,3,2,0,0,1,47.0,66.0,,,1,1,1,1,2
202100023101,2021-08-21 10:37:00,2021,8,21,10,37,77,77169,CLOS DE L'AUMONE (BOULEVARD DU),48.82617,2.61103,Plein jour,Hors agglomération,Intersection en T,Normale,Deux véhicules - côté,3,2,2,0,1,1,1,0,1,70,,2,1,0,0,1,45.0,23.0,,,1,1,3,1,3
202100023102,2021-08-20 02:25:00,2021,8,20,2,25,77,77433,D 402,48.78919,3.06419,Nuit sans éclairage public,Hors agglomération,Hors intersection,Normale,Deux véhicules - frontale,3,2,2,0,1,1,1,0,1,80,,2,0,0,0,2,52.0,28.0,,,3,1,1,1,1
202100023103,2021-08-21 19:29:00,2021,8,21,19,29,76,76319,BRAQUE. RUE GEORGES,49.34789,0.99722,Plein jour,En agglomération,Hors intersection,Normale,Autre collision,4,2,2,0,2,2,1,0,1,30,,2,1,0,0,1,22.0,,,,1,2,1,1,6
202100023104,2021-08-21 11:20:00,2021,8,21,11,20,76,76217,Avenue des Canadiens,49.908,1.077,Plein jour,En agglomération,Hors intersection,Normale,Deux véhicules - arrière,2,3,4,0,1,1,1,0,1,50,,4,2,0,0,2,61.0,65.0,,,1,2,1,1,2
202100023105,2021-08-21 23:25:00,2021,8,21,23,25,74,74298,PATINIERES (CHEMIN DES),46.188921,6.253814,Nuit avec éclairage allumé,En agglomération,Hors intersection,Pluie légère,Autre collision,4,2,2,0,2,2,2,0,4,30,,2,1,0,0,1,33.0,,,,5,2,1,2,6
202100023106,2021-08-20 09:30:00,2021,8,20,9,30,73,73008,LEPIC BOULEVARD,45.6822010675,5.9070289135,Plein jour,En agglomération,Hors intersection,Normale,Sans collision,4,2,2,0,1,1,9,0,1,50,,1,0,0,0,1,20.0,,,,1,2,1,1,7
202100023107,2021-08-20 15:00:00,2021,8,20,15,0,72,72003,GAULLE CHARLES DE (AV),47.97379,0.15843,Plein jour,En agglomération,Giratoire,Normale,Deux véhicules - arrière,4,-1,3,1,1,1,1,0,5,50,,2,1,0,1,0,85.0,76.0,,,1,2,6,1,2
202100023108,2021-08-20 13:55:00,2021,8,20,13,55,71,71486,Boulevard Henri Dunant,46.646794588,4.3401612095,Plein jour,En agglomération,Intersection en X,Normale,Deux véhicules - côté,4,2,2,0,1,1,1,5,1,50,,4,1,0,0,3,87.0,22.0,,,1,2,2,1,3
202100023109,2021-08-19 11:00:00,2021,8,19,11,0,64,64122,PITCHOT (RUE DE),43.46616,-1.537,Plein jour,En agglomération,Hors intersection,Normale,Trois véhicules et plus - collisions multiples,4,2,2,0,2,2,1,0,1,50,,5,4,0,1,0,17.0,34.0,,,1,2,1,1,5
202100023110,2021-08-21 21:20:00,2021,8,21,21,20,59,59599,GRAMME (CHAUSSEE),50.73677,3.16995,Nuit avec éclairage allumé,En agglomération,Intersection en X,Pluie légère,Deux véhicules - côté,7,2,4,0,1,1,2,0,1,50,,3,2,0,0,1,19.0,20.0,,,5,2,2,2,3
202100023111,2021-08-20 17:15:00,2021,8,20,17,15,59,59273,PONT DE PIERRE (RUE DU),50.98289,2.13951,Plein jour,En agglomération,Intersection en T,Normale,Deux véhicules - côté,4,2,3,1,1,1,1,0,1,50,,3,2,0,1,0,19.0,24.0,,,1,2,3,1,3
202100023112,2021-08-20 16:12:00,2021,8,20,16,12,53,53034,RN 162,48.07837,-0.72926,Plein jour,En agglomération,Hors intersection,Normale,Deux véhicules - arrière,2,1,2,0,1,1,1,2,1,110,,2,0,0,1,1,54.0,31.0,,,1,2,1,1,2
202100023113,2021-08-21 15:40:00,2021,8,21,15,40,51,51454,Boulevard Lundy,49.2608389781,4.0345989208,Plein jour,En agglomération,Hors intersection,Normale,Deux véhicules - côté,3,1,2,1,1,1,1,0,1,50,,2,1,0,0,1,27.0,21.0,,,1,2,1,1,3
202100023114,2021-08-21 10:36:00,2021,8,21,10,36,49,49007,DEUX CROIX BOULEVARD,47.47458,-0.52952,Plein jour,En agglomération,Intersection en X,Normale,Deux véhicules - arrière,4,2,2,0,1,1,1,0,1,50,,2,1,0,0,1,41.0,26.0,,,1,2,2,1,2
202100023115,2021-08-21 17:45:00,2021,8,21,17,45,38,38185,GALERIE DE L'ARLEQUIN,45.16515,5.73181,Plein jour,En agglomération,Hors intersection,Normale,Autre collision,9,-1,0,0,1,1,1,6,4,30,,2,0,0,1,1,48.0,,,,1,2,1,1,6
202100023116,2021-08-21 21:05:00,2021,8,21,21,5,34,34172,TESTE MONSIEUR DE 1 A 805 ET 2 A 850,43.60946,3.83245,Nuit avec éclairage allumé,En agglomération,Hors intersection,Normale,Autre collision,4,2,2,0,1,1,1,0,4,30,,5,0,1,3,1,34.0,,,,5,2,1,1,6
202100023117,2021-08-22 02:25:00,2021,8,22,2,25,33,33063,Cours de l’Yser,44.8269303334,-0.5692647016,Nuit avec éclairage allumé,En agglomération,Intersection en X,Normale,Deux véhicules - côté,4,1,1,3,1,1,1,5,1,50,,3,1,0,0,2,24.0,19.0,,,5,2,2,1,3