accident_id,datetime,annee,mois,jour,heure,minute,departement,commune_insee,adresse,latitude,longitude,luminosite,agglomeration,intersection,meteo,collision,catr,circ,nbv,vosp,prof,plan,surf,infra,situ,vma,nb_vehicules,nb_usagers,nb_indemnes,nb_tues,nb_blesses_hosp,nb_blesses_legers,age_cond_1,age_cond_2,veh_type_cond_1,veh_type_cond_2,lum_code,agg_code,int_code,atm_code,col_code
202100023118,2021-08-21 07:15:00,2021,8,21,7,15,33,33119,Avenue du Président J.F. Kennedy,44.86624,-0.51124,Crépuscule ou aube,En agglomération,Hors intersection,Normale,Autre collision,4,3,4,3,1,1,1,0,1,50,,2,1,0,0,1,22.0,,,,2,2,1,1,6
202100023119,2021-08-21 14:15:00,2021,8,21,14,15,33,33529,BISCAROSSE (AVE) DUNE VERS BISCA,44.572493,-1.219684,Plein jour,Hors agglomération,Hors intersection,Normale,Autre collision,3,2,2,1,1,1,1,0,1,70,,2,1,0,0,1,38.0,,,,1,1,1,1,6
202100023120,2021-08-21 10:10:00,2021,8,21,10,10,33,33529,EUROPE (RUE DE L'),44.61733,-1.11748,Plein jour,En agglomération,Intersection en T,Normale,Autre collision,4,2,2,0,1,2,1,0,1,50,,1,0,0,0,1,14.0,,,,1,2,3,1,6
202100023121,2021-08-20 19:15:00,2021,8,20,19,15,31,31555,RUE MARIE LOUISE DISSART,43.6,1.372,Plein jour,En agglomération,Hors intersection,Normale,Deux véhicules - côté,4,2,2,0,2,1,1,0,3,50,,2,1,0,1,0,25.0,5.0,,,1,2,1,1,3
202100023122,2021-08-21 13:10:00,2021,8,21,13,10,27,27229,FOCH (AVENUE DU MARECHAL),49.0234,1.13617,Plein jour,En agglomération,Hors intersection,Normale,Deux véhicules - côté,4,1,2,0,1,2,1,0,1,50,,2,1,0,0,1,20.0,19.0,,,1,2,1,1,3
202100023123,2021-08-21 10:25:00,2021,8,21,10,25,22,22215,CARPONT (RUE DU),48.5013620294,-2.7797513005,Plein jour,En agglomération,Giratoire,Normale,Sans collision,3,1,2,0,1,2,8,0,1,50,,1,0,0,0,1,18.0,,,,1,2,6,1,7
202100023124,2021-08-21 18:30:00,2021,8,21,18,30,14,14118,Avenue Général Laperrine,49.16,-0.3617,Plein jour,En agglomération,Hors intersection,Pluie légère,Deux véhicules - arrière,4,2,2,0,1,1,2,9,1,50,,4,2,0,0,2,47.0,44.0,,,1,2,1,2,2
202100023125,2021-08-21 12:00:00,2021,8,21,12,0,14,14383,N814,49.14437,-0.40575,Plein jour,Hors agglomération,Hors intersection,Pluie légère,Deux véhicules - arrière,2,1,2,0,1,1,2,0,1,110,,2,1,0,0,1,46.0,69.0,,,1,1,1,2,2
202100023126,2021-08-21 21:25:00,2021,8,21,21,25,13,13201,DUGOMMIER (BOULEVARD)     1 A 29,43.29779,5.38102,Nuit avec éclairage allumé,En agglomération,Intersection en X,Normale,Deux véhicules - côté,4,2,4,0,1,1,1,5,1,50,,4,3,0,0,1,29.0,,,,5,2,2,1,3
202100023127,2021-08-20 22:00:00,2021,8,20,22,0,13,13208,RODOCANACHI (BOULEVARD),43.2745924918,5.3868125873,Nuit avec éclairage allumé,En agglomération,Intersection en T,Normale,Deux véhicules - côté,4,1,0,0,2,1,1,0,1,50,,4,0,0,0,4,27.0,26.0,,,5,2,3,1,3
202100023128,2021-08-21 16:20:00,2021,8,21,16,20,06,06083,"FRANCE (AVENUE PORTE DE, N°1 A 51)",43.783482,7.514631,Plein jour,En agglomération,Hors intersection,Normale,Deux véhicules - arrière,3,1,2,0,1,1,1,8,1,30,,2,1,0,1,0,51.0,32.0,,,1,2,1,1,2
202100023129,2021-08-20 18:40:00,2021,8,20,18,40,75,75118,RUE DE CLIGNANCOURT,48.890432,2.34846,Plein jour,En agglomération,Intersection à plus de 4 branches,Normale,Deux véhicules - côté,4,1,1,0,1,1,1,0,1,30,,4,2,0,0,2,20.0,29.0,,,1,2,5,1,3
202100023130,2021-08-20 01:20:00,2021,8,20,1,20,75,75119,BD PERIPHERIQUE EXTERIEUR,48.895359964,2.3947969079,Nuit avec éclairage allumé,En agglomération,Hors intersection,Normale,Autre collision,4,1,4,0,1,1,1,0,1,70,,2,1,0,1,0,,,,,5,2,1,1,6
202100023131,2021-08-21 14:30:00,2021,8,21,14,30,75,75120,BOULEVARD DE CHARONNE,48.853033,2.397194,Plein jour,En agglomération,Intersection en T,Normale,Deux véhicules - côté,4,3,2,0,1,1,1,0,1,50,,2,1,0,0,1,50.0,20.0,,,1,2,3,1,3
202100023132,2021-08-21 06:20:00,2021,8,21,6,20,75,75114,PLACE DENFERT ROCHEREAU,48.834314,2.330972,Nuit avec éclairage allumé,En agglomération,Place,Normale,Sans collision,4,1,3,0,1,2,1,0,1,50,,1,0,0,0,1,34.0,,,,5,2,7,1,7
202100023133,2021-08-21 19:45:00,2021,8,21,19,45,75,75110,BOULEVARD DE STRASBOURG,48.871011,2.355219,Crépuscule ou aube,En agglomération,Intersection en X,Normale,Autre collision,4,2,5,0,2,1,1,0,1,50,,3,2,0,0,1,31.0,,,,2,2,2,1,6
202100023134,2021-08-21 15:20:00,2021,8,21,15,20,75,75110,BOULEVARD DE LA VILLETTE,48.874338,2.374244,Plein jour,En agglomération,Intersection en T,Normale,Deux véhicules - côté,4,3,2,0,1,1,1,0,1,50,,2,1,0,0,1,56.0,39.0,,,1,2,3,1,3
202100023135,2021-08-21 07:20:00,2021,8,21,7,20,75,75108,BOULEVARD HAUSSMANN,48.875301,2.315796,Plein jour,En agglomération,Intersection à plus de 4 branches,Normale,Deux véhicules - côté,4,2,6,0,1,1,1,0,1,50,,2,1,0,1,0,27.0,56.0,,,1,2,5,1,3
202100023136,2021-08-21 03:00:00,2021,8,21,3,0,75,75104,RUE DE RIVOLI,48.85715,2.352923,Nuit avec éclairage allumé,En agglomération,Hors intersection,Normale,Sans collision,4,2,5,1,1,1,1,0,5,30,,2,1,0,0,1,20.0,,,,5,2,1,1,7
202100023137,2021-08-21 15:28:00,2021,8,21,15,28,75,75104,PONT NOTRE DAME,48.8567160976,2.3489281244,Plein jour,En agglomération,Intersection en X,Normale,Deux véhicules - côté,4,1,4,0,1,1,1,0,1,50,,3,2,0,0,1,21.0,31.0,,,1,2,2,1,3
202100023138,2021-08-21 14:34:00,2021,8,21,14,34,75,75101,RUE JEAN JACQUES ROUSSEAU,48.862255,2.340037,Plein jour,En agglomération,Hors intersection,Normale,Deux véhicules - côté,4,1,1,0,1,1,1,0,1,50,,3,2,0,0,1,37.0,20.0,,,1,2,1,1,3
202100023139,2021-08-21 16:00:00,2021,8,21,16,0,94,94076,CHASTENET DE GERY (BD),48.8,2.35,Plein jour,En agglomération,Giratoire,Normale,Deux véhicules - côté,4,2,8,0,1,2,1,0,1,50,,2,1,0,0,1,,36.0,,,1,2,6,1,3
202100023140,2021-08-21 11:42:00,2021,8,21,11,42,94,94065,FONTAINEBLEAU (AV DE),48.7465617661,2.3668627738,Plein jour,Hors agglomération,Hors intersection,Normale,Deux véhicules - arrière,2,1,2,0,1,1,1,0,1,70,,2,1,0,0,1,42.0,28.0,,,1,1,1,1,2
202100023141,2021-08-21 21:30:00,2021,8,21,21,30,94,94077,Cours de Verdun,48.73287,2.40605,Nuit avec éclairage allumé,En agglomération,Intersection en X,Normale,Deux véhicules - côté,4,-1,0,0,1,1,1,0,1,50,,4,1,0,0,3,31.0,47.0,,,5,2,2,1,3
202100023142,2021-08-21 14:59:00,2021,8,21,14,59,93,93078,Boulevard Robert Ballanger / Avenue Roger Salengro,48.955,2.53749,Plein jour,En agglomération,Intersection en X,Temps couvert,Deux véhicules - côté,3,2,2,0,1,1,1,0,1,50,,2,1,0,0,1,61.0,74.0,,,1,2,2,8,3
202100023143,2021-08-20 23:15:00,2021,8,20,23,15,93,93062,Allée de Montfermeil / Allee Notre Dame des Anges,48.89669,2.5301,Nuit avec éclairage allumé,En agglomération,Intersection en X,Normale,Deux véhicules - côté,3,1,2,0,1,1,1,0,1,50,,2,1,0,0,1,50.0,22.0,,,5,2,2,1,3
202100023144,2021-08-21 15:20:00,2021,8,21,15,20,93,93063,Rue de Benfleet / Rue Oradour sur Glane,48.877974,2.440408,Plein jour,En agglomération,Intersection en T,Normale,Deux véhicules - côté,4,1,1,0,1,1,1,0,1,50,,3,2,0,0,1,56.0,37.0,,,1,2,3,1,3
202100023145,2021-08-21 19:45:00,2021,8,21,19,45,93,93010,GUESDES (RUE JULES),48.903858,2.475272,Plein jour,En agglomération,Hors intersection,Normale,Deux véhicules - côté,4,2,2,0,1,1,1,0,1,30,,2,1,0,0,1,35.0,,,,1,2,1,1,3
202100023146,2021-08-21 04:15:00,2021,8,21,4,15,93,93010,GALLIENI (AV.) DE 132 A 186,48.9,2.48,Nuit avec éclairage non allumé,En agglomération,Hors intersection,Temps couvert,Deux véhicules - frontale,9,1,2,0,1,1,1,0,4,50,,3,0,0,0,3,20.0,,,,4,2,1,8,1
202100023147,2021-08-21 18:10:00,2021,8,21,18,10,93,93001,ALBERT WALTER (RUE),48.923502,2.368376,Plein jour,En agglomération,Hors intersection,Normale,Deux véhicules - côté,4,2,2,0,1,1,1,0,1,50,,2,1,0,0,1,39.0,,,,1,2,1,1,3
202100023148,2021-08-21 10:00:00,2021,8,21,10,0,92,92022,ALBERT-PREMIER (RUE),48.8095,2.19064,Plein jour,En agglomération,Hors intersection,Normale,Autre collision,4,1,1,0,2,1,1,0,1,50,,2,1,0,0,1,79.0,,,,1,2,1,1,6
202100023149,2021-08-20 23:35:00,2021,8,20,23,35,92,92025,CHARLES DE GAULLE (BD),48.914526,2.228834,Nuit avec éclairage allumé,En agglomération,Intersection en X,Normale,Deux véhicules - arrière,3,1,2,0,1,1,1,0,1,50,,2,1,0,0,1,27.0,22.0,,,5,2,2,1,2
202100023150,2021-08-21 13:10:00,2021,8,21,13,10,92,92024,JEAN WALTER (RUE),48.910088,2.310446,Plein jour,En agglomération,Intersection en T,Normale,Autre collision,4,2,2,0,1,1,1,0,1,30,,2,1,0,0,1,52.0,,,,1,2,3,1,6
202100023151,2021-08-21 18:43:00,2021,8,21,18,43,92,92002,GENERAL DE GAULLE (PLACE DU),48.7633379294,2.3091712557,Plein jour,En agglomération,Place,Normale,Deux véhicules - côté,3,1,2,0,1,1,1,6,1,50,,2,1,0,0,1,19.0,33.0,,,1,2,7,1,3
202100023152,2021-08-20 02:15:00,2021,8,20,2,15,92,92007,RAVERA (AVENUE HENRI) N° 111 A 217 ET 10,48.8038129743,2.3123458028,Nuit avec éclairage allumé,En agglomération,Hors intersection,Normale,Autre collision,3,2,2,1,1,1,1,9,1,50,,1,0,0,0,1,19.0,,,,5,2,1,1,6
202100023153,2021-08-21 19:20:00,2021,8,21,19,20,17,17389,Intersection D118 et D125,45.842112,-0.858339,Plein jour,Hors agglomération,Intersection en X,Temps couvert,Deux véhicules - côté,3,2,2,0,1,1,1,0,1,80,,4,0,0,2,2,59.0,60.0,,,1,1,2,8,3
202100023154,2021-08-22 15:28:00,2021,8,22,15,28,31,31484,Route de Bessières,43.687174,1.487563,Plein jour,Hors agglomération,Hors intersection,Normale,Deux véhicules - frontale,3,2,2,0,3,3,1,0,1,80,,2,1,1,0,0,57.0,44.0,,,1,1,1,1,1
202100023155,2021-08-21 22:30:00,2021,8,21,22,30,972,97222,Voie Communale de Bois Potteau,14.688278,-60.935653,Nuit avec éclairage allumé,En agglomération,Hors intersection,Normale,Deux véhicules - frontale,4,2,2,0,2,1,1,0,1,50,,5,2,0,0,3,29.0,22.0,,,5,2,1,1,1
202100023156,2021-08-21 21:40:00,2021,8,21,21,40,83,83048,Boulevard Saint Raphael,43.196604,6.561424,Nuit sans éclairage public,Hors agglomération,Hors intersection,Normale,Autre collision,3,2,2,0,2,2,1,0,3,80,,2,0,0,1,1,47.0,,,,3,1,1,1,6
202100023157,2021-08-22 13:45:00,2021,8,22,13,45,41,41018,"A10, PK 151.000, vers PARIS",47.617331,1.322651,Plein jour,Hors agglomération,Hors intersection,Normale,Deux véhicules - arrière,1,3,3,0,1,1,1,0,1,130,,5,3,0,0,2,24.0,35.0,,,1,1,1,1,2
202100023158,2021-08-21 10:22:00,2021,8,21,10,22,65,65113,D136,43.1950356636,0.3123414983,Plein jour,Hors agglomération,Autre intersection,Normale,Deux véhicules - côté,3,2,2,0,1,1,1,0,1,80,,2,1,0,0,1,67.0,17.0,,,1,1,9,1,3
202100023159,2021-08-22 08:30:00,2021,8,22,8,30,56,56178,Rue du General Quinivet,48.069097,-2.968556,Plein jour,En agglomération,Hors intersection,Temps couvert,Sans collision,4,2,2,0,2,2,1,0,1,50,,1,0,0,1,0,48.0,,,,1,2,1,8,7
202100023160,2021-08-22 09:30:00,2021,8,22,9,30,56,56147,LE ROSIER,47.551028,-2.254086,Plein jour,Hors agglomération,Hors intersection,Normale,Trois véhicules et plus - collisions multiples,3,2,2,0,2,1,1,0,1,80,,5,1,0,0,4,54.0,56.0,,,1,1,1,1,5
202100023161,2021-08-22 02:15:00,2021,8,22,2,15,79,79195,58 Avenue Saint-Hubert,46.944683,-0.593058,Nuit avec éclairage allumé,En agglomération,Hors intersection,Normale,Sans collision,3,2,2,0,2,1,1,0,4,50,,1,0,0,0,1,33.0,,,,5,2,1,1,7
202100023162,2021-08-21 16:45:00,2021,8,21,16,45,79,79009,,46.263228,-0.583037,Plein jour,Hors agglomération,Intersection en Y,Normale,Deux véhicules - côté,3,2,2,0,1,1,1,0,1,80,,3,2,0,1,0,14.0,34.0,,,1,1,4,1,3
202100023163,2021-08-22 17:45:00,2021,8,22,17,45,79,79086,Bois Vert,46.407787,-0.370748,Plein jour,En agglomération,Hors intersection,Normale,Sans collision,4,2,2,0,2,1,1,0,1,50,,1,0,0,0,1,15.0,,,,1,2,1,1,7
202100023164,2021-08-22 12:45:00,2021,8,22,12,45,33,33236,RD106,44.774305,-1.170256,Plein jour,Hors agglomération,Hors intersection,Normale,Deux véhicules - côté,3,2,2,1,1,1,1,0,1,80,,3,0,0,2,1,43.0,53.0,,,1,1,1,1,3
202100023165,2021-08-20 12:15:00,2021,8,20,12,15,32,32242,CD 929,43.417794,0.575725,Plein jour,Hors agglomération,Intersection en X,Temps éblouissant,Deux véhicules - frontale,3,2,2,0,1,1,1,0,1,80,,4,0,0,1,3,63.0,38.0,,,1,1,2,7,1
202100023166,2021-08-20 20:15:00,2021,8,20,20,15,71,71263,Rue du Guidon,46.6394001595,5.2127136275,Plein jour,En agglomération,Intersection en T,Normale,Deux véhicules - frontale,3,3,2,0,1,1,1,0,1,50,,2,1,0,0,1,15.0,44.0,,,1,2,3,1,1
202100023167,2021-08-21 17:30:00,2021,8,21,17,30,71,71441,D322,46.3113383188,4.561557453,Plein jour,En agglomération,Intersection en T,Normale,Autre collision,3,2,2,0,2,1,1,0,1,50,,1,0,0,1,0,70.0,,,,1,2,3,1,6
202100023168,2021-08-20 08:00:00,2021,8,20,8,0,63,63430,D906,45.864766,3.538758,Plein jour,Hors agglomération,Hors intersection,Normale,Autre collision,3,2,2,0,1,1,1,0,1,80,,1,0,0,0,1,20.0,,,,1,1,1,1,6
202100023169,2021-08-21 21:00:00,2021,8,21,21,0,61,61429,RN 12,48.666478,0.783849,Crépuscule ou aube,Hors agglomération,Hors intersection,Normale,Sans collision,2,3,2,0,1,1,1,0,1,110,,2,1,0,1,0,28.0,,,,2,1,1,1,7
202100023170,2021-08-22 18:20:00,2021,8,22,18,20,42,42126,Route de Saint Bonnet,45.442865,4.070252,Plein jour,Hors agglomération,Hors intersection,Normale,Deux véhicules - côté,3,2,2,0,2,3,1,0,1,80,,3,2,0,0,1,57.0,68.0,,,1,1,1,1,3
202100023171,2021-08-20 18:26:00,2021,8,20,18,26,34,34300,D18e5,43.390166,3.314186,Plein jour,En agglomération,Intersection en T,Normale,Deux véhicules - côté,3,3,2,0,1,1,1,5,1,50,,5,0,0,0,5,54.0,36.0,,,1,2,3,1,3
202100023172,2021-08-21 14:30:00,2021,8,21,14,30,22,22137,15 Ru Kreisker,48.283686,-3.421742,Plein jour,En agglomération,Intersection en T,Normale,Sans collision,4,2,2,0,1,1,1,0,1,50,,2,1,0,1,0,64.0,,,,1,2,3,1,7
202100023173,2021-08-21 22:55:00,2021,8,21,22,55,29,29282,Intersection D67/C4,48.3805303207,-4.7120189667,Nuit sans éclairage public,Hors agglomération,Intersection en X,Normale,Deux véhicules - côté,3,2,2,0,1,1,1,0,1,80,,2,1,0,1,0,66.0,22.0,,,3,1,2,1,3
202100023174,2021-08-12 16:30:00,2021,8,12,16,30,29,29171,Tremilieg,47.8349756251,-4.2950357624,Plein jour,Hors agglomération,Hors intersection,Normale,Deux véhicules - arrière,3,2,2,0,1,1,1,0,1,80,,2,1,0,1,0,87.0,36.0,,,1,1,1,1,2
202100023175,2021-08-22 18:30:00,2021,8,22,18,30,31,31033,d820,43.378072,1.445711,Plein jour,Hors agglomération,Hors intersection,Normale,Trois véhicules et plus - collisions multiples,3,2,2,0,1,2,1,0,1,80,,6,1,0,3,2,20.0,54.0,,,1,1,1,1,5
202100023176,2021-08-21 15:35:00,2021,8,21,15,35,70,70421,17 Rue Gilberte Lavaire,47.689161,6.042443,Plein jour,En agglomération,Intersection en T,Normale,Deux véhicules - côté,3,2,1,0,2,1,1,0,1,50,,2,1,0,1,0,26.0,62.0,,,1,2,3,1,3
202100023177,2021-08-22 13:31:00,2021,8,22,13,31,26,26069,D518,44.814374,5.392721,Plein jour,Hors agglomération,Hors intersection,Normale,Autre collision,3,2,2,0,2,2,1,0,3,80,,2,0,0,1,1,37.0,,,,1,1,1,1,6
202100023178,2021-08-22 12:30:00,2021,8,22,12,30,26,26183,230 Route du Diois,44.703989,5.114179,Plein jour,Hors agglomération,Intersection en X,Normale,Deux véhicules - côté,3,2,2,0,1,1,1,0,3,70,,3,1,0,0,2,33.0,47.0,,,1,1,2,1,3
202100023179,2021-08-22 09:10:00,2021,8,22,9,10,72,72040,Lieu Dit la Richardiere,48.1724685638,0.5364414064,Plein jour,Hors agglomération,Hors intersection,Normale,Autre collision,3,2,2,0,2,1,2,0,1,80,,1,0,0,1,0,46.0,,,,1,1,1,1,6
202100023180,2021-08-21 13:00:00,2021,8,21,13,0,72,72231,Lieu Dit le Liard,47.950817,0.327525,Plein jour,Hors agglomération,Intersection en X,Normale,Deux véhicules - côté,3,2,2,0,4,1,1,0,1,90,,2,1,0,1,0,58.0,63.0,,,1,1,2,1,3
202100023181,2021-08-21 23:30:00,2021,8,21,23,30,06,06090,1008 Route de la Fenerie,43.584569,6.923182,Nuit avec éclairage allumé,En agglomération,Hors intersection,Normale,Deux véhicules - frontale,3,2,2,0,1,2,1,0,1,50,,3,0,0,0,3,26.0,26.0,,,5,2,1,1,1
202100023182,2021-08-22 00:45:00,2021,8,22,0,45,83,83015,Rd49 PK28,43.705065812,6.1999976669,Nuit sans éclairage public,Hors agglomération,Hors intersection,Normale,Sans collision,3,2,2,0,2,1,1,0,3,80,,3,1,0,1,1,26.0,,,,3,1,1,1,7
202100023183,2021-08-22 05:33:00,2021,8,22,5,33,60,60599,21 Rue Anicet Corniquet,49.699421,1.851228,Nuit sans éclairage public,En agglomération,Hors intersection,Normale,Deux véhicules - côté,3,2,2,0,2,3,1,0,1,70,,6,1,0,0,5,48.0,,,,3,2,1,1,3
202100023184,2021-08-21 14:45:00,2021,8,21,14,45,64,64320,D934,42.928808,-0.447779,Plein jour,Hors agglomération,Intersection en T,Normale,Deux véhicules - côté,3,2,2,0,2,1,1,0,1,80,,2,1,0,1,0,21.0,26.0,,,1,1,3,1,3
202100023185,2021-08-22 04:50:00,2021,8,22,4,50,18,18057,D3,46.571444,2.218981,Nuit sans éclairage public,Hors agglomération,Hors intersection,Normale,Autre collision,3,2,2,0,1,1,1,0,3,80,,1,0,0,1,0,28.0,,,,3,1,1,1,6
202100023186,2021-08-21 16:00:00,2021,8,21,16,0,18,18049,route nationale 151,47.174581,3.008097,Plein jour,En agglomération,Intersection à plus de 4 branches,Normale,Deux véhicules - côté,2,2,2,0,2,1,1,0,1,50,,2,1,0,1,0,66.0,47.0,,,1,2,5,1,3
202100023187,2021-08-20 20:15:00,2021,8,20,20,15,24,24547,Rue Jean Moulin,45.132373,1.284542,Crépuscule ou aube,En agglomération,Hors intersection,Normale,Autre collision,4,2,2,0,1,1,1,0,1,50,,2,1,0,0,1,36.0,50.0,,,2,2,1,1,6
202100023188,2021-08-21 15:15:00,2021,8,21,15,15,87,87199,D901,45.776151,0.842535,Plein jour,Hors agglomération,Hors intersection,Temps éblouissant,Deux véhicules - frontale,3,2,2,0,1,4,1,0,1,90,,11,0,0,1,10,35.0,19.0,,,1,1,1,7,1
202100023189,2021-08-22 19:10:00,2021,8,22,19,10,30,30083,N113,43.728099,4.222109,Plein jour,Hors agglomération,Autre intersection,Normale,Deux véhicules - arrière,2,3,3,3,1,2,1,0,1,80,,3,1,0,0,2,30.0,36.0,,,1,1,9,1,2
202100023190,2021-08-21 07:00:00,2021,8,21,7,0,24,24272,Route des Maines,44.963857,0.048071,Nuit sans éclairage public,Hors agglomération,Hors intersection,Normale,Autre collision,3,2,2,0,1,1,1,0,8,80,,1,0,1,0,0,40.0,,,,3,1,1,1,6
202100023191,2021-08-21 19:10:00,2021,8,21,19,10,973,97309,D23,4.889253,-52.286902,Nuit sans éclairage public,Hors agglomération,Hors intersection,Normale,Deux véhicules - frontale,3,2,2,0,1,1,1,0,1,50,,3,2,0,1,0,24.0,44.0,,,3,1,1,1,1
202100023192,2021-08-22 07:00:00,2021,8,22,7,0,64,64335,A64 PK 99.300,43.344063,-0.39701,Crépuscule ou aube,Hors agglomération,Hors intersection,Normale,Autre collision,1,3,4,0,1,1,1,0,3,130,,2,0,1,1,0,23.0,,,,2,1,1,1,6
202100023193,2021-08-22 12:40:00,2021,8,22,12,40,38,38527,Route Departementale 43,45.15072,6.058155,Plein jour,Hors agglomération,Hors intersection,Normale,Autre collision,3,2,2,0,2,1,1,0,3,80,,1,0,0,1,0,42.0,,,,1,1,1,1,6
202100023194,2021-08-22 13:50:00,2021,8,22,13,50,34,34101,A9,43.39075,3.460683,Plein jour,Hors agglomération,Hors intersection,Normale,Autre collision,1,3,5,0,1,1,1,0,2,130,,4,0,0,1,3,19.0,,,,1,1,1,1,6
202100023195,2021-08-21 12:50:00,2021,8,21,12,50,68,68278,42 Rue de Mulhouse,47.751945,7.400832,Plein jour,En agglomération,Intersection en T,Normale,Deux véhicules - côté,3,2,2,0,1,1,1,0,1,50,,2,1,0,0,1,22.0,47.0,,,1,2,3,1,3
202100023196,2021-08-22 07:10:00,2021,8,22,7,10,91,91441,Autoroute A6 de Paris à Lyon,48.507307,2.510949,Plein jour,Hors agglomération,Hors intersection,Normale,Autre collision,1,1,5,0,1,1,1,0,8,130,,2,1,0,0,1,28.0,,,,1,1,1,1,6
202100023197,2021-08-16 14:00:00,2021,8,16,14,0,987,98729,devant la route de l'usine de jus de fruit,-17.533189,-149.838611,Plein jour,En agglomération,Hors intersection,Normale,Deux véhicules - frontale,2,2,2,0,1,1,1,0,1,60,,2,1,0,1,0,65.0,69.0,,,1,2,1,1,1
202100023198,2021-08-21 15:15:00,2021,8,21,15,15,974,97402,Route Departementale 48,-20.984151,55.65124,Plein jour,En agglomération,Hors intersection,Normale,Deux véhicules - frontale,3,2,2,0,1,1,1,0,1,70,,2,1,0,1,0,53.0,16.0,,,1,2,1,1,1
202100023199,2021-08-21 13:00:00,2021,8,21,13,0,974,97420,Rue Raymond Verges,-20.940754,55.635763,Plein jour,En agglomération,Intersection en T,Normale,Deux véhicules - côté,3,2,2,0,4,2,1,0,1,-1,,2,1,0,1,0,27.0,50.0,,,1,2,3,1,3
202100023200,2021-08-21 18:55:00,2021,8,21,18,55,971,97114,N1,16.128804,-61.579435,Nuit sans éclairage public,Hors agglomération,Hors intersection,Normale,Autre collision,2,2,3,0,2,1,1,0,1,80,,2,1,1,0,0,47.0,,,,3,1,1,1,6
202100023201,2021-08-22 13:32:00,2021,8,22,13,32,77,77339,D16,48.391512,2.489262,Plein jour,Hors agglomération,Intersection en T,Normale,Deux véhicules - frontale,3,2,2,0,1,1,1,0,1,70,,2,1,0,1,0,48.0,31.0,,,1,1,3,1,1
202100023202,2021-08-21 19:50:00,2021,8,21,19,50,2B,2B314,piste saleccia,42.6634721382,9.2045259478,Plein jour,Hors agglomération,Hors intersection,Normale,Autre collision,9,2,2,0,2,1,9,9,6,30,,2,1,0,1,0,19.0,,,,1,1,1,1,6
202100023203,2021-08-20 17:15:00,2021,8,20,17,15,66,66164,D614,42.7545471362,2.8657086566,Plein jour,Hors agglomération,Autre intersection,Normale,Deux véhicules - frontale,3,2,2,0,2,2,1,0,1,80,,3,0,0,2,1,25.0,58.0,,,1,1,9,1,1
202100023204,2021-08-20 20:00:00,2021,8,20,20,0,34,34209,Avenue des Muriers,43.27859,3.364224,Nuit avec éclairage allumé,En agglomération,Hors intersection,Normale,Autre collision,4,1,1,0,1,1,1,0,1,50,,2,1,0,0,1,44.0,,,,5,2,1,1,6
202100023205,2021-08-22 12:45:00,2021,8,22,12,45,83,83119,Route des Plages,43.2596858511,6.6315533502,Plein jour,En agglomération,Intersection en T,Normale,Deux véhicules - côté,3,2,2,2,1,1,1,0,1,50,,2,1,0,1,0,36.0,21.0,,,1,2,3,1,3
202100023206,2021-08-21 19:20:00,2021,8,21,19,20,06,06122,510 Route de la Baronne,43.746194,7.17807,Plein jour,En agglomération,Hors intersection,Normale,Autre collision,7,2,2,0,1,1,1,0,8,50,,2,0,0,1,1,22.0,,,,1,2,1,1,6
202100023207,2021-08-21 15:45:00,2021,8,21,15,45,25,25419,D29,47.47135,6.411231,Plein jour,Hors agglomération,Hors intersection,Normale,Sans collision,3,2,2,0,2,4,1,0,1,80,,1,0,0,1,0,33.0,,,,1,1,1,1,7
202100023208,2021-08-21 12:45:00,2021,8,21,12,45,68,68021,86 Rue de la Gare,47.6351,7.490804,Plein jour,En agglomération,Hors intersection,Normale,Deux véhicules - arrière,3,2,2,0,1,1,1,0,1,50,,2,1,0,0,1,40.0,17.0,,,1,2,1,1,2
202100023209,2021-08-19 15:15:00,2021,8,19,15,15,67,67055,Rue de Daubensand,48.335613,7.702339,Plein jour,En agglomération,Hors intersection,Temps couvert,Deux véhicules - côté,4,2,1,0,1,2,1,0,1,70,,2,1,0,0,1,15.0,69.0,,,1,2,1,8,3
202100023210,2021-08-20 18:25:00,2021,8,20,18,25,88,88460,Grande Rue,48.406309,5.734174,Plein jour,Hors agglomération,Hors intersection,Normale,Deux véhicules - frontale,3,2,2,0,1,3,1,0,1,80,,3,2,0,0,1,38.0,26.0,,,1,1,1,1,1
202100023211,2021-08-21 19:15:00,2021,8,21,19,15,54,54201,D22,48.4475110571,6.6542655239,Plein jour,Hors agglomération,Intersection en X,Temps couvert,Deux véhicules - côté,3,2,2,0,1,1,1,0,1,80,,6,2,0,0,4,31.0,46.0,,,1,1,2,8,3
202100023212,2021-08-20 14:00:00,2021,8,20,14,0,03,03235,RN 7 pk58,46.262568,3.502135,Plein jour,Hors agglomération,Hors intersection,Normale,Deux véhicules - frontale,2,2,2,0,1,1,1,0,1,80,,2,1,0,1,0,31.0,84.0,,,1,1,1,1,1
202100023213,2021-08-22 07:45:00,2021,8,22,7,45,74,74042,34 Imp du Pre Jean Charles,46.087906,6.385894,Plein jour,Hors agglomération,Intersection en Y,Temps couvert,Autre collision,3,2,1,0,2,1,1,0,1,80,,1,0,0,1,0,23.0,,,,1,1,4,8,6