accident_id,datetime,annee,mois,jour,heure,minute,departement,commune_insee,adresse,latitude,longitude,luminosite,agglomeration,intersection,meteo,collision,catr,circ,nbv,vosp,prof,plan,surf,infra,situ,vma,nb_vehicules,nb_usagers,nb_indemnes,nb_tues,nb_blesses_hosp,nb_blesses_legers,age_cond_1,age_cond_2,veh_type_cond_1,veh_type_cond_2,lum_code,agg_code,int_code,atm_code,col_code
202100023214,2021-08-20 20:00:00,2021,8,20,20,0,74,74042,D1205,46.070402,6.430886,Plein jour,Hors agglomération,Hors intersection,Normale,Deux véhicules - frontale,3,2,2,0,3,2,1,3,1,80,,4,3,1,0,0,42.0,34.0,,,1,1,1,1,1
202100023215,2021-08-21 22:31:00,2021,8,21,22,31,38,38071,Rue de la Madeleine,45.082673,5.743098,Nuit avec éclairage allumé,En agglomération,Hors intersection,Normale,Sans collision,4,2,2,0,1,3,1,0,1,50,,1,0,0,1,0,39.0,,,,5,2,1,1,7
202100023216,2021-08-19 15:40:00,2021,8,19,15,40,38,38528,Avenue des Vaulnaveys,45.093898,5.793309,Plein jour,Hors agglomération,Intersection en T,Normale,Autre collision,7,2,2,0,1,1,1,5,3,70,,1,0,0,1,0,53.0,,,,1,1,3,1,6
202100023217,2021-08-21 23:45:00,2021,8,21,23,45,26,26005,Route de Grignan,44.477003,4.771135,Nuit sans éclairage public,Hors agglomération,Hors intersection,Normale,Trois véhicules et plus - collisions multiples,3,2,2,0,1,1,1,0,1,80,,8,4,0,0,4,28.0,46.0,,,3,1,1,1,5
202100023218,2021-08-22 16:10:00,2021,8,22,16,10,01,01202,D40a,45.8870061488,5.3376127034,Plein jour,Hors agglomération,Hors intersection,Normale,Deux véhicules - côté,3,2,2,0,2,1,1,0,1,80,,3,1,1,1,0,60.0,64.0,,,1,1,1,1,3
202100023219,2021-08-21 16:45:00,2021,8,21,16,45,65,65123,Rd 918 - Les Estupas,42.975587,0.242965,Plein jour,Hors agglomération,Hors intersection,Normale,Deux véhicules - frontale,3,2,2,0,1,1,1,0,1,80,,6,1,0,3,2,55.0,45.0,,,1,1,1,1,1
202100023220,2021-08-21 18:00:00,2021,8,21,18,0,65,65123,Artigues,42.9365442733,0.2090942451,Plein jour,Hors agglomération,Hors intersection,Normale,Deux véhicules - frontale,3,2,2,0,2,3,1,0,1,80,,2,1,0,1,0,54.0,24.0,,,1,1,1,1,1
202100023221,2021-08-22 09:45:00,2021,8,22,9,45,17,17219,Route Départementale N 728,45.824598,-1.08946,Plein jour,En agglomération,Hors intersection,Normale,Deux véhicules - frontale,3,2,2,0,1,1,1,0,1,80,,3,0,0,1,2,32.0,18.0,,,1,2,1,1,1
202100023222,2021-08-21 19:30:00,2021,8,21,19,30,64,64430,Avenue du Pesqué,43.4825,-0.770459,Plein jour,En agglomération,Hors intersection,Normale,Deux véhicules - côté,3,2,2,0,1,1,1,0,1,50,,5,4,0,1,0,46.0,46.0,,,1,2,1,1,3
202100023223,2021-08-22 11:50:00,2021,8,22,11,50,33,33414,,44.948262,-0.333935,Plein jour,Hors agglomération,Hors intersection,Normale,Trois véhicules et plus - collisions multiples,3,2,2,0,1,1,1,0,1,80,,4,1,1,0,2,43.0,36.0,,,1,1,1,1,5
202100023224,2021-08-21 17:50:00,2021,8,21,17,50,85,85003,Rue René Couzinet,46.74656,-1.62535,Plein jour,En agglomération,Hors intersection,Temps couvert,Sans collision,4,-1,2,0,1,1,1,0,1,50,,2,0,0,1,1,35.0,,,,1,2,1,8,7
202100023225,2021-08-21 15:50:00,2021,8,21,15,50,85,85178,D2a,46.761914,-1.484892,Plein jour,Hors agglomération,Hors intersection,Normale,Deux véhicules - frontale,3,2,2,0,1,1,1,0,1,80,,3,0,1,2,0,45.0,72.0,,,1,1,1,1,1
202100023226,2021-08-22 17:50:00,2021,8,22,17,50,27,27358,RD 57,49.03752,1.293983,Plein jour,Hors agglomération,Hors intersection,Normale,Sans collision,3,2,2,0,2,4,1,0,3,80,,1,0,0,0,1,21.0,,,,1,1,1,1,7
202100023227,2021-08-22 11:45:00,2021,8,22,11,45,80,80467,D1017,49.675099,2.766967,Plein jour,Hors agglomération,Intersection en T,Normale,Deux véhicules - côté,3,2,2,0,1,1,1,0,1,80,,5,3,0,0,2,71.0,36.0,,,1,1,3,1,3
202100023228,2021-08-22 00:30:00,2021,8,22,0,30,59,59228,D621,50.338805,3.084176,Nuit sans éclairage public,Hors agglomération,Hors intersection,Normale,Deux véhicules - arrière,3,2,3,0,1,1,1,0,1,90,,5,1,0,0,4,36.0,50.0,,,3,1,1,1,2
202100023229,2021-08-21 03:20:00,2021,8,21,3,20,13,13207,Tunnel Prado Carénage,43.29112,5.36393,Nuit sans éclairage public,Hors agglomération,Hors intersection,Normale,Sans collision,4,3,2,0,1,2,1,0,4,50,,1,0,0,0,1,31.0,,,,3,1,1,1,7
202100023230,2021-08-21 14:17:00,2021,8,21,14,17,13,13202,A55-Sens Martigues vers Marseille,43.3231565785,5.3634677528,Plein jour,Hors agglomération,Hors intersection,Normale,Deux véhicules - arrière,1,1,2,0,2,1,1,1,8,50,,2,1,0,0,1,39.0,21.0,,,1,1,1,1,2
202100023231,2021-08-20 18:17:00,2021,8,20,18,17,13,13043,A55-Sens Marseille vers Martigues,43.3833,5.23011,Plein jour,Hors agglomération,Hors intersection,Normale,Trois véhicules et plus - en chaîne,1,1,3,0,1,1,1,0,1,90,,5,3,0,0,2,46.0,43.0,,,1,1,1,1,4
202100023232,2021-08-20 07:40:00,2021,8,20,7,40,13,13005,A501-Sens Aubagne vers Pont de l'Etoile,43.29091,5.55494,Plein jour,Hors agglomération,Hors intersection,Normale,Sans collision,1,1,2,0,1,2,1,0,3,90,,1,0,0,0,1,53.0,,,,1,1,1,1,7
202100023233,2021-08-21 11:30:00,2021,8,21,11,30,33,33249,ROUTE NATIONALE 230,44.87401,-0.50695,Plein jour,Hors agglomération,Hors intersection,Normale,Sans collision,2,3,6,0,1,1,1,0,1,90,,1,0,0,0,1,52.0,,,,1,1,1,1,7
202100023234,2021-08-21 02:50:00,2021,8,21,2,50,33,33550,ROCADE A 630,44.7823,-0.58507,Nuit avec éclairage allumé,Hors agglomération,Hors intersection,Normale,Deux véhicules - arrière,1,3,7,0,1,1,1,3,1,90,,4,2,0,0,2,22.0,46.0,,,5,1,1,1,2
202100023235,2021-08-21 06:15:00,2021,8,21,6,15,91,91161,AUTOROUTE A6,48.6967,2.31622,Nuit sans éclairage public,Hors agglomération,Hors intersection,Normale,Deux véhicules - côté,1,3,6,0,1,1,1,0,1,110,,4,3,0,0,1,25.0,32.0,,,3,1,1,1,3
202100023236,2021-08-21 04:30:00,2021,8,21,4,30,91,91477,AUTOROUTE A126,48.723937,2.237198,Nuit sans éclairage public,Hors agglomération,Hors intersection,Normale,Autre collision,1,3,2,0,1,2,1,0,1,70,,1,0,0,0,1,21.0,,,,3,1,1,1,6
202100023237,2021-08-21 04:50:00,2021,8,21,4,50,91,91086,RN 104,48.624068,2.378904,Nuit sans éclairage public,Hors agglomération,Hors intersection,Normale,Autre collision,2,3,3,0,1,1,1,0,2,110,,1,0,0,0,1,21.0,,,,3,1,1,1,6
202100023238,2021-08-20 21:40:00,2021,8,20,21,40,93,93005,AUTOROUTE A3,48.94984,2.47467,Nuit sans éclairage public,Hors agglomération,Hors intersection,Normale,Trois véhicules et plus - collisions multiples,1,3,9,0,1,1,1,0,1,90,,3,2,0,0,1,22.0,29.0,,,3,1,1,1,5
202100023239,2021-08-19 11:10:00,2021,8,19,11,10,62,62126,BRIAND ( RUE ARISTIDE ),50.52727,2.70536,Plein jour,En agglomération,Hors intersection,Normale,Autre collision,4,2,0,0,1,2,1,0,1,50,,2,1,0,0,1,48.0,,,,1,2,1,1,6
202100023240,2021-08-19 16:20:00,2021,8,19,16,20,50,50218,ARISTIDE BRIAND (AVENUE),48.83732,-1.58317,Plein jour,En agglomération,Hors intersection,Normale,Autre collision,3,2,2,3,1,1,1,6,1,50,,2,1,0,0,1,30.0,,,,1,2,1,1,6
202100023241,2021-08-20 15:25:00,2021,8,20,15,25,14,14118,Rue des Equipes d’Urgence,49.18069,-0.35822,Plein jour,En agglomération,Hors intersection,Normale,Autre collision,4,1,1,0,1,1,1,0,1,50,,2,1,0,1,0,53.0,,,,1,2,1,1,6
202100023242,2021-04-04 14:00:00,2021,4,4,14,0,69,69091,ANATOLE FRANCE (AV),45.57541,4.79039,Plein jour,En agglomération,Intersection en T,Normale,Deux véhicules - côté,7,2,2,1,1,1,1,9,1,50,,2,1,0,0,1,63.0,20.0,,,1,2,3,1,3
202100023243,2021-08-19 09:40:00,2021,8,19,9,40,988,98818,RUE HENRI BONNEAUD/RUE MICHEL KAUMA,-22.29573,166.45663,Plein jour,En agglomération,Intersection en X,Normale,Deux véhicules - côté,4,2,2,0,1,1,1,0,1,50,,2,1,0,1,0,60.0,45.0,,,1,2,2,1,3
202100023244,2021-08-20 21:25:00,2021,8,20,21,25,976,97611,mamoudzou centre-Adrian SOULI (avenue),-12.77971,45.23274,Nuit avec éclairage allumé,En agglomération,Hors intersection,Normale,Deux véhicules - côté,2,2,2,0,1,1,1,0,1,50,,2,1,0,0,1,,21.0,,,5,2,1,1,3
202100023245,2021-08-20 23:15:00,2021,8,20,23,15,974,97409,ROCADE SUD(RUE),-20.97267,55.65185,Nuit avec éclairage allumé,En agglomération,Giratoire,Normale,Deux véhicules - côté,3,2,1,3,1,1,1,0,1,30,,4,3,0,1,0,27.0,21.0,,,5,2,6,1,3
202100023246,2021-08-20 19:30:00,2021,8,20,19,30,973,97302,JADFARD (RENE),4.9347552143,-52.3302628398,Nuit avec éclairage allumé,En agglomération,Hors intersection,Normale,Autre collision,4,2,2,0,1,1,1,0,1,50,,2,1,0,0,1,60.0,21.0,,,5,2,1,1,6
202100023247,2021-08-20 12:05:00,2021,8,20,12,5,973,97302,CABASSOU (ROUTE DE),4.9192068929,-52.3176090718,Plein jour,En agglomération,Intersection en X,Normale,Deux véhicules - côté,3,2,2,2,1,1,1,0,1,50,,2,1,0,0,1,39.0,31.0,,,1,2,2,1,3
202100023248,2021-08-20 00:30:00,2021,8,20,0,30,2B,2B037,TOUTES RUES,42.6209688748,9.437048118,Nuit avec éclairage allumé,Hors agglomération,Giratoire,Normale,Trois véhicules et plus - en chaîne,2,3,4,0,1,1,1,1,1,50,,3,2,0,1,0,19.0,29.0,,,5,1,6,1,4
202100023249,2021-08-20 19:20:00,2021,8,20,19,20,971,97101,GENERAL DE GAULLE,16.2554,-61.52714,Nuit avec éclairage allumé,En agglomération,Intersection en T,Normale,Deux véhicules - frontale,3,2,2,0,1,1,1,0,1,50,,2,1,0,1,0,49.0,30.0,,,5,2,3,1,1
202100023250,2021-08-19 19:50:00,2021,8,19,19,50,91,91549,EPERON (AVENUE DE L'),48.639548,2.332886,Plein jour,En agglomération,Giratoire,Normale,Trois véhicules et plus - en chaîne,3,1,1,0,1,3,1,0,1,30,,3,2,0,0,1,39.0,52.0,,,1,2,6,1,4
202100023251,2021-08-20 13:27:00,2021,8,20,13,27,91,91161,CAR DES CHAMPARTS,48.71549,2.29845,Plein jour,En agglomération,Intersection en X,Normale,Deux véhicules - côté,2,3,2,1,1,1,1,6,5,50,,2,1,0,1,0,65.0,,,,1,2,2,1,3
202100023252,2021-08-20 16:45:00,2021,8,20,16,45,91,91691,ROYALE(RUE),48.72211,2.50292,Plein jour,En agglomération,Intersection en T,Normale,Deux véhicules - frontale,4,2,2,0,1,1,1,0,1,30,,2,1,0,0,1,36.0,32.0,,,1,2,3,1,1
202100023253,2021-08-19 13:26:00,2021,8,19,13,26,87,87085,MONNET (RUE JEAN),45.86101,1.28282,Plein jour,En agglomération,Intersection en T,Normale,Deux véhicules - côté,4,2,2,1,1,1,1,0,1,50,,2,1,0,0,1,60.0,58.0,,,1,2,3,1,3
202100023254,2021-08-19 12:01:00,2021,8,19,12,1,87,87085,THUILLAT (RUE VICTOR),45.84963,1.25362,Plein jour,En agglomération,Intersection en X,Normale,Deux véhicules - côté,4,2,2,0,1,1,1,0,1,50,,2,0,0,1,1,52.0,24.0,,,1,2,2,1,3
202100023255,2021-05-31 15:40:00,2021,5,31,15,40,84,84007,BARTHELASSE(Chemin de la ),43.957065,4.802818,Plein jour,En agglomération,Hors intersection,Normale,Deux véhicules - arrière,4,2,1,0,1,1,1,0,1,50,,2,1,0,0,1,45.0,40.0,,,1,2,1,1,2
202100023256,2021-08-17 20:00:00,2021,8,17,20,0,84,84007,SAINT CHARLES (rue ),43.94451,4.80348,Plein jour,En agglomération,Hors intersection,Normale,Autre collision,4,2,1,0,1,1,1,0,1,30,,2,1,0,1,0,26.0,,,,1,2,1,1,6
202100023257,2021-08-20 08:25:00,2021,8,20,8,25,83,83137,PICOT (AVE DU COLONEL),43.12522,5.95725,Plein jour,En agglomération,Hors intersection,Normale,Autre collision,7,2,2,0,1,1,1,2,1,30,,2,1,0,1,0,20.0,,,,1,2,1,1,6
202100023258,2021-08-19 11:50:00,2021,8,19,11,50,80,80021,ALPHONSE FIQUET (PLACE),49.89049,2.306,Plein jour,En agglomération,Hors intersection,Normale,Sans collision,4,2,6,0,1,1,1,0,1,50,,2,1,0,0,1,,,,,1,2,1,1,7
202100023259,2021-08-17 09:00:00,2021,8,17,9,0,80,80001,PORTELETTE (de la),50.10099,1.8286,Plein jour,En agglomération,Hors intersection,Normale,Autre collision,3,2,2,0,1,1,1,0,1,50,,2,1,0,1,0,78.0,,,,1,2,1,1,6
202100023260,2021-08-20 19:20:00,2021,8,20,19,20,76,76575,LANGEVIN. RUE PAUL,49.38654,1.090922,Plein jour,En agglomération,Autre intersection,Normale,Autre collision,4,2,-1,0,1,1,1,0,1,50,,3,2,0,1,0,,,,,1,2,9,1,6
202100023261,2021-08-19 12:30:00,2021,8,19,12,30,76,76217,REPUBLIQUE (AVENUE DE LA),49.92493,1.10237,Plein jour,En agglomération,Hors intersection,Normale,Deux véhicules - côté,4,2,2,0,2,1,1,0,1,50,,2,1,0,0,1,28.0,30.0,,,1,2,1,1,3
202100023262,2021-08-20 20:37:00,2021,8,20,20,37,72,72181,CUGNOT NICOLAS (BD),47.98972,0.22682,Plein jour,En agglomération,Hors intersection,Normale,Deux véhicules - arrière,4,1,2,0,1,1,1,0,1,70,,3,1,0,0,2,26.0,22.0,,,1,2,1,1,2
202100023263,2021-08-20 06:05:00,2021,8,20,6,5,72,72181,LOUIS BLANC (QUAI),48.00937,0.1955,Nuit avec éclairage allumé,En agglomération,Giratoire,Normale,Deux véhicules - côté,4,2,2,0,1,1,1,5,1,50,,2,1,0,0,1,52.0,56.0,,,5,2,6,1,3
202100023264,2021-08-19 16:30:00,2021,8,19,16,30,67,67482,COLETTE (RUE),48.587449,7.699467,Plein jour,En agglomération,Intersection en T,Temps couvert,Deux véhicules - côté,4,2,2,0,1,2,1,0,1,30,,2,1,0,0,1,10.0,43.0,,,1,2,3,8,3
202100023265,2021-08-18 23:35:00,2021,8,18,23,35,67,67204,BRUMATH (ROUTE DE),48.622266,7.730697,Nuit avec éclairage allumé,En agglomération,Hors intersection,Normale,Autre collision,7,2,2,0,1,1,1,0,1,50,,2,0,0,0,2,33.0,,,,5,2,1,1,6
202100023266,2021-08-17 22:45:00,2021,8,17,22,45,67,67482,RHIN TORTU (RUE DU),48.545821,7.758215,Nuit avec éclairage allumé,En agglomération,Hors intersection,Normale,Autre collision,4,2,2,1,1,1,1,0,1,50,,2,1,0,0,1,37.0,31.0,,,5,2,1,1,6
202100023267,2021-08-20 10:41:00,2021,8,20,10,41,66,66136,JUIN (AVENUE DU MARECHAL),42.68747,2.90061,Plein jour,En agglomération,Intersection à plus de 4 branches,Normale,Deux véhicules - frontale,4,2,3,0,1,1,1,0,1,50,,2,1,0,0,1,28.0,38.0,,,1,2,5,1,1
202100023268,2021-08-18 12:00:00,2021,8,18,12,0,66,66136,JOFFRE (AVENUE DU MARECHAL CD 88),42.71063,2.89021,Plein jour,En agglomération,Hors intersection,Normale,Autre collision,4,2,2,0,1,1,1,0,1,50,,2,1,0,0,1,47.0,,,,1,2,1,1,6
202100023269,2021-08-19 17:50:00,2021,8,19,17,50,64,64483,7 allée des fleurs,43.3900591184,-1.6538742185,Plein jour,En agglomération,Hors intersection,Normale,Deux véhicules - côté,3,2,2,0,1,1,1,0,1,70,,2,1,0,0,1,46.0,43.0,,,1,2,1,1,3
202100023270,2021-08-19 20:55:00,2021,8,19,20,55,64,64445,MOHEDAN DU,43.3112,-0.37093,Crépuscule ou aube,En agglomération,Hors intersection,Normale,Sans collision,4,2,2,0,1,1,1,0,1,50,,1,0,0,0,1,15.0,,,,2,2,1,1,7
202100023271,2021-08-19 17:18:00,2021,8,19,17,18,63,63113,JAURES (BD JEAN),45.76788,3.08411,Plein jour,En agglomération,Intersection en X,Normale,Deux véhicules - côté,4,1,2,0,1,1,1,0,1,50,,2,1,0,0,1,19.0,40.0,,,1,2,2,1,3
202100023272,2021-08-19 13:30:00,2021,8,19,13,30,60,60057,Avenue Jean Mermoz,49.43802,2.06882,Plein jour,En agglomération,Hors intersection,Normale,Deux véhicules - côté,4,2,2,0,1,3,1,9,1,70,,2,1,0,0,1,49.0,72.0,,,1,2,1,1,3
202100023273,2021-08-21 01:00:00,2021,8,21,1,0,54,54578,AIGUILLETTES  (BD 5A A 17A),48.67025,6.15826,Nuit avec éclairage allumé,En agglomération,Intersection en X,Normale,Deux véhicules - côté,4,4,5,0,1,1,1,0,1,50,,2,0,0,0,2,18.0,24.0,,,5,2,2,1,3
202100023274,2021-08-20 19:00:00,2021,8,20,19,0,54,54304,avenue de la Libération,48.694996267,6.138365753,Plein jour,En agglomération,Hors intersection,Normale,Deux véhicules - arrière,4,2,2,0,3,1,1,0,1,50,,2,1,0,0,1,57.0,91.0,,,1,2,1,1,2
202100023275,2021-08-20 15:40:00,2021,8,20,15,40,54,54495,BOSSERVILLE (ROUTE DE),48.6840960273,6.245423045,Plein jour,Hors agglomération,Hors intersection,Normale,Deux véhicules - frontale,4,2,2,0,1,2,1,0,1,50,,2,1,0,0,1,62.0,48.0,,,1,1,1,1,1
202100023276,2021-08-20 12:17:00,2021,8,20,12,17,51,51055,D966,49.2976633694,4.0288951993,Plein jour,Hors agglomération,Hors intersection,Normale,Deux véhicules - arrière,3,2,2,0,1,1,1,0,1,80,,2,1,0,0,1,59.0,21.0,,,1,1,1,1,2
202100023277,2021-08-20 09:40:00,2021,8,20,9,40,51,51454,Rue du Ruisselet,49.2449257377,4.0380916985,Plein jour,En agglomération,Intersection en T,Normale,Deux véhicules - côté,4,2,1,0,1,1,1,0,1,50,,2,1,0,0,1,55.0,48.0,,,1,2,3,1,3
202100023278,2021-08-17 04:40:00,2021,8,17,4,40,50,50147,MARNE,49.04514,-1.44921,Nuit avec éclairage allumé,En agglomération,Hors intersection,Normale,Sans collision,3,2,2,0,2,4,1,0,1,50,,1,0,0,0,1,20.0,,,,5,2,1,1,7
202100023279,2021-08-20 14:50:00,2021,8,20,14,50,45,45147,Rue Frédéric et Hélène Joliot Curie,47.944583633,1.9175037088,Plein jour,En agglomération,Intersection en T,Normale,Deux véhicules - frontale,4,2,4,0,1,1,1,0,1,50,,2,1,0,0,1,37.0,59.0,,,1,2,3,1,1
202100023280,2021-08-20 13:45:00,2021,8,20,13,45,44,44114,BOULEVARD MENDES FRANCE,47.2609,-1.5881,Plein jour,En agglomération,Hors intersection,Normale,Autre collision,7,2,2,0,2,1,1,0,1,30,,2,1,0,1,0,26.0,,,,1,2,1,1,6
202100023281,2021-08-18 16:17:00,2021,8,18,16,17,44,44055,CHEVREL ( BOULEVARD DU DOCTEUR ),47.289065,-2.3941778115,Plein jour,En agglomération,Hors intersection,Temps couvert,Deux véhicules - arrière,3,2,2,0,2,1,1,2,1,50,,2,1,0,0,1,26.0,21.0,,,1,2,1,8,2
202100023282,2021-08-20 19:50:00,2021,8,20,19,50,35,35238,LE GUILLOUX (HENRI),48.11623,-1.69716,Plein jour,En agglomération,Hors intersection,Normale,Autre collision,4,2,2,2,1,1,1,5,1,50,,1,0,0,0,1,48.0,,,,1,2,1,1,6
202100023283,2021-08-20 17:20:00,2021,8,20,17,20,35,35238,Rue d’Antrain,48.12062,-1.67204,Plein jour,En agglomération,Intersection en T,Normale,Deux véhicules - côté,4,2,2,0,1,1,1,5,1,50,,2,1,0,0,1,29.0,32.0,,,1,2,3,1,3
202100023284,2021-08-20 02:00:00,2021,8,20,2,0,34,34172,FLAHAULT (AVENUE CHARLES,43.62613,3.86022,Nuit avec éclairage allumé,En agglomération,Hors intersection,Normale,Sans collision,4,2,4,1,1,1,1,0,1,50,,1,0,0,1,0,39.0,,,,5,2,1,1,7
202100023285,2021-08-19 21:10:00,2021,8,19,21,10,34,34129,AGAU (AVENUE DE L'),43.58808,3.90823,Nuit sans éclairage public,Hors agglomération,Hors intersection,Normale,Deux véhicules - côté,7,2,2,0,1,1,1,0,1,80,,3,2,0,0,1,30.0,28.0,,,3,1,1,1,3
202100023286,2021-08-21 00:25:00,2021,8,21,0,25,33,33063,Cours Jules Ladoumègue,44.8977,-0.5741,Nuit avec éclairage allumé,En agglomération,Hors intersection,Normale,Deux véhicules - arrière,4,3,4,0,1,1,1,0,1,50,,3,1,0,1,1,30.0,35.0,,,5,2,1,1,2
202100023287,2021-08-21 00:15:00,2021,8,21,0,15,33,33318,Avenue Roger Cohé,44.8091,-0.63282,Nuit avec éclairage allumé,En agglomération,Intersection en X,Normale,Deux véhicules - côté,4,2,3,2,1,1,1,0,1,50,,2,1,0,0,1,23.0,19.0,,,5,2,2,1,3
202100023288,2021-08-20 20:00:00,2021,8,20,20,0,33,33009,DESBIEY (CRS) - N°02,44.65657,-1.16069,Plein jour,En agglomération,Hors intersection,Normale,Deux véhicules - côté,4,2,2,0,1,1,1,0,1,50,,2,1,0,0,1,73.0,69.0,,,1,2,1,1,3
202100023289,2021-08-20 13:10:00,2021,8,20,13,10,33,33009,RAPP (AVE),44.65834,-1.18036,Plein jour,En agglomération,Intersection en X,Normale,Deux véhicules - côté,4,2,2,0,1,1,1,0,1,50,,2,1,0,0,1,22.0,53.0,,,1,2,2,1,3
202100023290,2021-08-20 09:25:00,2021,8,20,9,25,33,33529,N250,44.618102,-1.12173,Plein jour,Hors agglomération,Hors intersection,Normale,Deux véhicules - arrière,3,2,2,0,1,1,1,0,1,80,,2,1,0,0,1,61.0,61.0,,,1,1,1,1,2
202100023291,2021-08-20 23:40:00,2021,8,20,23,40,27,27701,FALAISES (ROUTE DES) NATION A ANDELLE,49.2714775775,1.2165499684,Nuit avec éclairage allumé,En agglomération,Intersection en X,Normale,Deux véhicules - côté,4,2,2,0,1,1,1,5,1,50,,6,2,0,0,4,21.0,24.0,,,5,2,2,1,3
202100023292,2021-08-20 17:00:00,2021,8,20,17,0,27,27229,YSER (RUE DE L'),49.03573,1.1353,Plein jour,En agglomération,Intersection en X,Normale,Deux véhicules - frontale,4,2,2,0,1,1,1,0,1,50,,2,1,0,0,1,56.0,41.0,,,1,2,2,1,1
202100023293,2021-07-07 14:35:00,2021,7,7,14,35,22,22106,LAENNEC (RUE),48.49391,-2.72625,Plein jour,En agglomération,Hors intersection,Normale,Deux véhicules - côté,4,2,2,0,1,1,1,0,1,50,,2,1,0,0,1,31.0,36.0,,,1,2,1,1,3
202100023294,2021-08-18 17:34:00,2021,8,18,17,34,22,22278,RIBOT (THEODULE),48.5174274131,-2.7786742006,Plein jour,En agglomération,Hors intersection,Normale,Sans collision,4,2,2,0,1,1,1,0,1,50,,2,1,0,0,1,17.0,,,,1,2,1,1,7
202100023295,2021-08-20 23:00:00,2021,8,20,23,0,22,22113,AIGUILLON (QUAI D'),48.7308473454,-3.4598530354,Nuit avec éclairage allumé,En agglomération,Autre intersection,Normale,Sans collision,3,1,2,0,1,2,1,0,1,50,,1,0,0,1,0,20.0,,,,5,2,9,1,7
202100023296,2021-08-20 03:35:00,2021,8,20,3,35,21,21231,RAYMOND POINCARE (AVENUE),47.32892,5.06901,Nuit avec éclairage allumé,En agglomération,Hors intersection,Normale,Deux véhicules - frontale,4,1,1,0,1,1,1,0,1,50,,3,1,0,2,0,47.0,,,,5,2,1,1,1
202100023297,2021-08-20 15:45:00,2021,8,20,15,45,17,17300,ROMPSAY   AVENUE DE,46.16128,-1.13161,Plein jour,En agglomération,Hors intersection,Normale,Deux véhicules - arrière,4,2,2,0,1,1,1,0,1,30,,2,1,0,0,1,26.0,21.0,,,1,2,1,1,2
202100023298,2021-08-20 14:50:00,2021,8,20,14,50,17,17300,GUITON   AVENUE JEAN (1-7 et 2),46.15836,-1.15765,Plein jour,En agglomération,Intersection en X,Normale,Deux véhicules - côté,4,2,4,2,1,1,1,0,1,30,,2,1,0,0,1,44.0,70.0,,,1,2,2,1,3
202100023299,2021-08-18 23:50:00,2021,8,18,23,50,14,14118,Boulevard Bertrand,49.18033,-0.3688,Nuit avec éclairage allumé,En agglomération,Hors intersection,Pluie légère,Deux véhicules - frontale,4,2,3,0,1,1,2,0,1,50,,2,1,0,0,1,46.0,29.0,,,5,2,1,2,1
202100023300,2021-08-20 19:00:00,2021,8,20,19,0,13,13215,RUISSEAU MI (RUE),43.3498915462,5.3482897502,Plein jour,En agglomération,Hors intersection,Normale,Autre collision,4,2,2,0,2,1,1,0,4,50,,1,0,0,1,0,32.0,,,,1,2,1,1,6
202100023301,2021-08-20 17:45:00,2021,8,20,17,45,13,13075,PAUL SIRVENT (AVE),43.343627693,5.4662971691,Plein jour,En agglomération,Intersection en T,Normale,Deux véhicules - côté,4,2,2,0,2,1,1,0,1,50,,2,1,0,0,1,74.0,29.0,,,1,2,3,1,3
202100023302,2021-08-20 14:30:00,2021,8,20,14,30,13,13002,GÉNÉRAL DE GAULLE (AVENUE DU),43.3383755253,5.4839417046,Plein jour,En agglomération,Hors intersection,Normale,Deux véhicules - frontale,4,2,2,0,2,3,1,9,1,50,,2,1,0,0,1,66.0,,,,1,2,1,1,1
202100023303,2021-08-18 18:20:00,2021,8,18,18,20,13,13215,DE SAINT LOUIS AU ROVE (chemin),43.3506411528,5.35428003,Plein jour,En agglomération,Hors intersection,Normale,Deux véhicules - côté,4,3,2,0,1,1,1,0,1,50,,2,1,0,0,1,,22.0,,,1,2,1,1,3
202100023304,2021-08-20 18:06:00,2021,8,20,18,6,10,10333,ECHENILLY (RUE),48.27806,4.03841,Plein jour,En agglomération,Giratoire,Temps éblouissant,Deux véhicules - côté,3,1,2,1,1,2,1,0,1,50,,2,1,0,1,0,64.0,61.0,,,1,2,6,7,3
202100023305,2021-08-20 21:30:00,2021,8,20,21,30,06,06088,VAUBAN (R. MARECHAL),43.7114,7.2883,Nuit avec éclairage allumé,En agglomération,Intersection en X,Normale,Deux véhicules - frontale,4,2,2,0,1,1,1,0,1,50,,2,1,0,1,0,23.0,53.0,,,5,2,2,1,1
202100023306,2021-08-20 23:50:00,2021,8,20,23,50,06,06069,LECLERC (BOULEVARD DU MARECHAL),43.65051,6.9211,Nuit avec éclairage allumé,En agglomération,Hors intersection,Normale,Deux véhicules - frontale,4,2,2,0,2,1,1,0,1,50,,3,1,0,0,2,20.0,35.0,,,5,2,1,1,1
202100023307,2021-08-20 02:50:00,2021,8,20,2,50,06,06027,PLAGE BOULEVARD DE LA,43.65673,7.16455,Nuit avec éclairage allumé,En agglomération,Hors intersection,Normale,Deux véhicules - frontale,7,2,4,0,1,1,1,0,1,50,,2,0,0,0,2,18.0,23.0,,,5,2,1,1,1
202100023308,2021-08-20 18:05:00,2021,8,20,18,5,05,05023,GAP (ROUTE DE   RN94),44.89378,6.62987,Plein jour,En agglomération,Hors intersection,Normale,Deux véhicules - côté,2,2,2,0,1,1,1,0,1,50,,2,1,0,0,1,51.0,35.0,,,1,2,1,1,3