accident_id,datetime,annee,mois,jour,heure,minute,departement,commune_insee,adresse,latitude,longitude,luminosite,agglomeration,intersection,meteo,collision,catr,circ,nbv,vosp,prof,plan,surf,infra,situ,vma,nb_vehicules,nb_usagers,nb_indemnes,nb_tues,nb_blesses_hosp,nb_blesses_legers,age_cond_1,age_cond_2,veh_type_cond_1,veh_type_cond_2,lum_code,agg_code,int_code,atm_code,col_code
202100023309,2021-08-20 15:25:00,2021,8,20,15,25,05,05023,MAISONS BLANCHES (RUE DES),44.88312,6.62858,Plein jour,En agglomération,Autre intersection,Normale,Deux véhicules - côté,4,2,2,0,1,1,1,0,1,50,,2,1,0,0,1,61.0,10.0,,,1,2,9,1,3
202100023310,2021-08-20 21:30:00,2021,8,20,21,30,75,75103,RUE DE TURBIGO,48.865646,2.356917,Nuit avec éclairage allumé,En agglomération,Intersection en Y,Normale,Autre collision,4,2,4,1,1,1,1,0,5,50,,2,1,0,1,0,36.0,,,,5,2,4,1,6
202100023311,2021-08-19 22:20:00,2021,8,19,22,20,75,75120,RUE DES PYRENEES,48.856210472,2.4049268589,Nuit avec éclairage allumé,En agglomération,Intersection à plus de 4 branches,Normale,Deux véhicules - côté,4,2,2,0,2,1,1,0,1,50,,3,2,0,1,0,41.0,18.0,,,5,2,5,1,3
202100023312,2021-08-20 18:18:00,2021,8,20,18,18,75,75118,AVENUE DE SAINT OUEN,48.891622,2.326971,Plein jour,En agglomération,Intersection en T,Normale,Deux véhicules - côté,4,2,4,1,2,1,1,0,5,50,,2,1,0,0,1,30.0,47.0,,,1,2,3,1,3
202100023313,2021-08-20 15:55:00,2021,8,20,15,55,75,75117,BOULEVARD PEREIRE,48.883132,2.293484,Plein jour,En agglomération,Intersection en X,Normale,Trois véhicules et plus - en chaîne,4,3,1,0,1,1,1,0,1,50,,6,4,0,0,2,24.0,51.0,,,1,2,2,1,4
202100023314,2021-08-19 16:45:00,2021,8,19,16,45,75,75116,CHAUSSEE LA MUETTE,48.8581740669,2.2743443768,Plein jour,En agglomération,Intersection à plus de 4 branches,Normale,Deux véhicules - côté,4,2,4,0,1,1,1,0,1,30,,2,1,0,0,1,84.0,48.0,,,1,2,5,1,3
202100023315,2021-08-19 06:40:00,2021,8,19,6,40,75,75116,AVENUE DU PRESIDENT KENNEDY,48.85583528,2.285233719,Crépuscule ou aube,En agglomération,Intersection en T,Normale,Autre collision,4,2,4,0,1,1,1,0,1,50,,1,0,0,0,1,26.0,,,,2,2,3,1,6
202100023316,2021-08-19 14:15:00,2021,8,19,14,15,75,75112,BOULEVARD PONIATOWSKI,48.833834,2.403684,Plein jour,En agglomération,Intersection en T,Normale,Deux véhicules - côté,4,3,2,0,1,1,1,0,1,50,,3,2,0,0,1,47.0,70.0,,,1,2,3,1,3
202100023317,2021-08-20 12:20:00,2021,8,20,12,20,75,75111,BOULEVARD VOLTAIRE,48.863764,2.370116,Plein jour,En agglomération,Intersection en X,Normale,Deux véhicules - côté,4,2,4,0,1,1,1,0,1,50,,3,0,0,0,3,24.0,21.0,,,1,2,2,1,3
202100023318,2021-08-20 09:10:00,2021,8,20,9,10,75,75101,RUE SAINT HONORE,48.861072,2.344897,Plein jour,En agglomération,Intersection en X,Normale,Autre collision,4,2,2,0,1,1,1,0,1,30,,2,1,0,0,1,27.0,,,,1,2,2,1,6
202100023319,2021-08-20 17:25:00,2021,8,20,17,25,94,94046,GENERAL LECLERC (AV DU),48.80439,2.44347,Plein jour,En agglomération,Intersection en T,Normale,Deux véhicules - côté,3,-1,4,0,1,1,1,0,1,50,,2,1,0,0,1,28.0,41.0,,,1,2,3,1,3
202100023320,2021-08-20 01:25:00,2021,8,20,1,25,94,94011,Avenue de Paris,48.77753,2.47849,Nuit avec éclairage allumé,En agglomération,Hors intersection,Normale,Deux véhicules - côté,4,2,2,0,1,1,1,0,1,50,,2,1,0,1,0,29.0,19.0,,,5,2,1,1,3
202100023321,2021-08-20 19:05:00,2021,8,20,19,5,94,94054,VICTOIRE (AV DE LA),48.74481,2.39851,Plein jour,En agglomération,Hors intersection,Normale,Autre collision,3,-1,0,0,2,1,1,2,1,50,,3,1,0,0,2,32.0,,,,1,2,1,1,6
202100023322,2021-08-20 16:15:00,2021,8,20,16,15,94,94075,Av du Mal de Lattre de Tassigny,48.7277089407,2.5299239159,Plein jour,En agglomération,Hors intersection,Normale,Deux véhicules - arrière,2,3,3,0,1,1,1,0,1,70,,2,1,0,0,1,31.0,24.0,,,1,2,1,1,2
202100023323,2021-08-20 17:35:00,2021,8,20,17,35,93,93053,ROSNY (AVENUE DE) N° 56 A 242,48.8989659491,2.4709716439,Plein jour,En agglomération,Intersection en X,Normale,Deux véhicules - côté,3,2,4,0,1,1,1,0,1,50,,3,1,0,2,0,71.0,19.0,,,1,2,2,1,3
202100023324,2021-08-20 09:15:00,2021,8,20,9,15,93,93048,Avenue Jean Moulin / Rue Galilée,48.8597,2.4503,Plein jour,En agglomération,Intersection en T,Normale,Deux véhicules - côté,3,2,2,1,2,1,1,0,1,30,,2,1,0,0,1,50.0,39.0,,,1,2,3,1,3
202100023325,2021-08-20 18:20:00,2021,8,20,18,20,93,93031,ARGENTEUIL (ROUTE D'),48.95968,2.29133,Plein jour,En agglomération,Hors intersection,Normale,Trois véhicules et plus - en chaîne,3,2,2,0,1,1,1,0,1,50,,5,3,0,0,2,33.0,50.0,,,1,2,1,1,4
202100023326,2021-08-20 14:20:00,2021,8,20,14,20,92,92050,REPUBLIQUE AVENUE DE LA,48.9093319129,2.2167612612,Plein jour,En agglomération,Hors intersection,Normale,Autre collision,3,2,2,0,1,1,1,0,1,50,,2,1,0,0,1,23.0,,,,1,2,1,1,6
202100023327,2021-08-20 07:30:00,2021,8,20,7,30,92,92020,DEFORGES RUE ETIENNE N° PAIRS,48.8047586287,2.2966897571,Crépuscule ou aube,En agglomération,Hors intersection,Normale,Deux véhicules - frontale,4,2,1,0,1,1,1,0,1,50,,2,1,0,0,1,54.0,42.0,,,2,2,1,1,1
202100023328,2021-08-20 15:50:00,2021,8,20,15,50,92,92044,ANA. FRANCE(RUE)1A75 ET 2A72,48.89805,2.27964,Plein jour,En agglomération,Intersection en X,Normale,Deux véhicules - côté,3,1,4,0,1,1,1,0,1,50,,2,0,0,0,2,27.0,23.0,,,1,2,2,1,3
202100023329,2021-08-19 09:10:00,2021,8,19,9,10,92,92004,AULAGNIER ( QUAI ),48.9174625749,2.3199337721,Plein jour,En agglomération,Intersection en T,Normale,Deux véhicules - côté,3,2,4,0,1,1,1,0,1,70,,2,1,0,0,1,28.0,55.0,,,1,2,3,1,3
202100023330,2021-08-20 11:00:00,2021,8,20,11,0,57,57418,44 Rue de la Gare,48.855528,6.880901,Plein jour,Hors agglomération,Hors intersection,Normale,Deux véhicules - frontale,3,2,2,0,1,1,1,0,1,80,,2,1,0,1,0,27.0,30.0,,,1,1,1,1,1
202100023331,2021-08-21 12:30:00,2021,8,21,12,30,83,83148,A8,43.413309,6.44552,Plein jour,Hors agglomération,Hors intersection,Normale,Deux véhicules - arrière,1,3,3,0,1,2,1,0,2,130,,3,1,0,1,1,27.0,20.0,,,1,1,1,1,2
202100023332,2021-08-20 22:30:00,2021,8,20,22,30,27,27073,D59,48.861323,1.335641,Nuit sans éclairage public,Hors agglomération,Hors intersection,Normale,Autre collision,3,2,2,0,1,1,1,0,3,80,,1,0,1,0,0,18.0,,,,3,1,1,1,6
202100023333,2021-08-15 21:35:00,2021,8,15,21,35,68,68300,Route Départementale 201,47.774709,7.390419,Nuit avec éclairage allumé,En agglomération,Hors intersection,Normale,Deux véhicules - côté,9,1,2,0,1,1,1,0,8,-1,,2,1,0,0,1,36.0,19.0,,,5,2,1,1,3
202100023334,2021-08-21 16:00:00,2021,8,21,16,0,62,62261,Avenue de Paris,50.480377,1.581929,Plein jour,En agglomération,Hors intersection,Pluie forte,Autre collision,4,2,2,0,1,1,2,9,8,50,,2,1,0,1,0,83.0,,,,1,2,1,3,6
202100023335,2021-08-21 17:45:00,2021,8,21,17,45,51,51505,D33,49.303552,4.25173,Plein jour,Hors agglomération,Hors intersection,Pluie légère,Sans collision,3,2,2,0,1,1,2,0,3,-1,,1,0,1,0,0,68.0,,,,1,1,1,2,7
202100023336,2021-08-21 18:50:00,2021,8,21,18,50,74,74267,210 Rte d Albertville,45.881334,6.141894,Plein jour,En agglomération,Hors intersection,Normale,Deux véhicules - frontale,3,2,2,0,1,1,1,0,1,50,,2,1,0,1,0,20.0,83.0,,,1,2,1,1,1
202100023337,2021-08-21 00:00:00,2021,8,21,0,0,76,76529,CD 150,49.729344,0.566134,Nuit sans éclairage public,Hors agglomération,Hors intersection,Normale,Deux véhicules - frontale,3,2,2,0,1,1,1,0,1,80,,3,2,0,0,1,45.0,53.0,,,3,1,1,1,1
202100023338,2021-08-21 11:15:00,2021,8,21,11,15,2B,2B341,D143,42.225149,9.217787,Plein jour,Hors agglomération,Hors intersection,Normale,Deux véhicules - frontale,3,2,2,0,2,1,1,0,3,80,,3,1,0,0,2,36.0,,,,1,1,1,1,1
202100023339,2021-08-21 06:40:00,2021,8,21,6,40,2B,2B242,RT 10,42.400793,9.533438,Plein jour,Hors agglomération,Hors intersection,Normale,Deux véhicules - frontale,2,2,2,0,1,1,1,0,1,70,,4,0,0,3,1,81.0,24.0,,,1,1,1,1,1
202100023340,2021-08-21 08:20:00,2021,8,21,8,20,80,80442,D930,49.741982,3.017507,Plein jour,Hors agglomération,Intersection en X,Normale,Trois véhicules et plus - collisions multiples,3,2,2,0,1,1,1,0,1,80,,6,4,0,1,1,72.0,25.0,,,1,1,2,1,5
202100023341,2021-08-20 23:20:00,2021,8,20,23,20,89,89074,D606,48.316923,3.144021,Nuit sans éclairage public,Hors agglomération,Hors intersection,Normale,Deux véhicules - frontale,3,3,3,0,1,2,1,0,1,70,,10,6,0,0,4,42.0,32.0,,,3,1,1,1,1
202100023342,2021-08-20 22:40:00,2021,8,20,22,40,89,89134,D606,47.474911,4.025331,Nuit sans éclairage public,Hors agglomération,Hors intersection,Normale,Sans collision,3,2,2,0,1,2,1,0,3,-1,,1,0,0,0,1,18.0,,,,3,1,1,1,7
202100023343,2021-08-20 23:30:00,2021,8,20,23,30,42,42226,Route de Baroille,45.866779,4.08215,Nuit sans éclairage public,Hors agglomération,Hors intersection,Normale,Sans collision,3,2,2,0,1,1,1,0,3,80,,1,0,0,1,0,26.0,,,,3,1,1,1,7
202100023344,2021-08-20 22:00:00,2021,8,20,22,0,42,42019,Route de Boën,45.762164,4.004313,Nuit sans éclairage public,Hors agglomération,Hors intersection,Normale,Autre collision,3,2,2,0,1,3,1,0,3,80,,3,1,0,0,2,20.0,,,,3,1,1,1,6
202100023345,2021-08-21 01:15:00,2021,8,21,1,15,34,34150,D51e5,43.320827,3.535257,Nuit sans éclairage public,Hors agglomération,Hors intersection,Normale,Sans collision,3,2,2,0,1,3,1,0,3,70,,2,0,0,2,0,37.0,,,,3,1,1,1,7
202100023346,2021-08-21 15:20:00,2021,8,21,15,20,68,68329,D417,48.065949,7.047644,Plein jour,Hors agglomération,Hors intersection,Normale,Deux véhicules - frontale,3,2,2,0,2,3,1,0,1,80,,2,1,0,0,1,23.0,26.0,,,1,1,1,1,1
202100023347,2021-08-20 21:15:00,2021,8,20,21,15,39,39491,15 Rue du Stade,46.398889,5.79583,Nuit avec éclairage allumé,En agglomération,Hors intersection,Normale,Sans collision,4,2,2,0,1,1,1,0,1,50,,1,0,0,1,0,35.0,,,,5,2,1,1,7
202100023348,2021-08-20 11:50:00,2021,8,20,11,50,44,44182,Avenue du Commandant l Herminier,47.179409,-2.153878,Plein jour,En agglomération,Giratoire,Normale,Deux véhicules - côté,4,-1,1,0,1,1,1,5,1,50,,2,1,0,1,0,49.0,69.0,,,1,2,6,1,3
202100023349,2021-08-20 15:45:00,2021,8,20,15,45,29,29037,13bis Rue de l Odet,47.8760186832,-4.1318826377,Plein jour,En agglomération,Hors intersection,Normale,Trois véhicules et plus - collisions multiples,4,2,2,1,1,1,1,0,1,30,,4,1,0,2,1,15.0,77.0,,,1,2,1,1,5
202100023350,2021-08-21 03:20:00,2021,8,21,3,20,01,01034,Route de Saint Germain,45.757568,5.665019,Nuit sans éclairage public,Hors agglomération,Hors intersection,Normale,Sans collision,3,2,2,0,2,3,1,0,1,80,,4,0,0,1,3,19.0,,,,3,1,1,1,7
202100023351,2021-08-20 21:30:00,2021,8,20,21,30,70,70257,D364 A,47.493139,5.931501,Nuit sans éclairage public,Hors agglomération,Hors intersection,Normale,Deux véhicules - frontale,3,2,2,0,1,1,1,0,1,80,,2,1,0,1,0,41.0,23.0,,,3,1,1,1,1
202100023352,2021-08-21 06:40:00,2021,8,21,6,40,26,26360,67 Route de Saint Paul,44.410999,4.805961,Plein jour,Hors agglomération,Hors intersection,Normale,Autre collision,3,2,2,0,4,3,1,0,3,-1,,3,0,0,1,2,27.0,,,,1,1,1,1,6
202100023353,2021-08-21 14:55:00,2021,8,21,14,55,06,06089,Route de Cannes,43.65474,7.003715,Plein jour,Hors agglomération,Hors intersection,Normale,Deux véhicules - frontale,3,2,2,0,1,3,1,0,1,70,,3,1,0,1,1,26.0,35.0,,,1,1,1,1,1
202100023354,2021-08-20 15:30:00,2021,8,20,15,30,05,05142,Pont de Richards (Plateforme),44.7744384455,6.0177675582,Plein jour,Hors agglomération,Hors intersection,Normale,Deux véhicules - arrière,2,2,2,0,1,1,1,2,1,70,,4,2,0,0,2,71.0,42.0,,,1,1,1,1,2
202100023355,2021-08-21 04:00:00,2021,8,21,4,0,60,60577,58 Route Nationale,49.444988,1.81172,Nuit avec éclairage allumé,En agglomération,Hors intersection,Normale,Autre collision,2,2,2,0,2,2,1,0,4,50,,2,0,0,1,1,20.0,,,,5,2,1,1,6
202100023356,2021-08-20 19:36:00,2021,8,20,19,36,64,64424,Route de Garaibie,43.187312,-0.946793,Plein jour,Hors agglomération,Hors intersection,Normale,Sans collision,3,2,2,0,2,1,1,0,3,80,,1,0,0,0,1,44.0,,,,1,1,1,1,7
202100023357,2021-07-10 15:09:00,2021,7,10,15,9,18,18197,165 Avenue du Tour de France,46.721369,2.524978,Plein jour,En agglomération,Intersection en T,Pluie légère,Deux véhicules - côté,4,2,2,0,1,1,2,0,1,50,,2,1,0,0,1,24.0,78.0,,,1,2,3,2,3
202100023358,2021-08-08 22:30:00,2021,8,8,22,30,43,43120,Route de Frugères,45.385174,3.273566,Nuit sans éclairage public,En agglomération,Hors intersection,Normale,Autre collision,3,2,2,0,1,1,1,0,1,50,,1,0,0,1,0,23.0,,,,3,2,1,1,6
202100023359,2021-08-20 19:45:00,2021,8,20,19,45,07,07079,,44.98721,4.543447,Crépuscule ou aube,Hors agglomération,Hors intersection,Normale,Autre collision,3,2,2,0,1,3,1,0,3,80,,1,0,0,1,0,23.0,,,,2,1,1,1,6
202100023360,2021-08-16 12:55:00,2021,8,16,12,55,07,07010,,45.2372,4.621446,Plein jour,Hors agglomération,Hors intersection,Normale,Deux véhicules - frontale,3,2,2,0,1,1,1,0,1,80,,2,0,0,1,1,83.0,50.0,,,1,1,1,1,1
202100023361,2021-08-18 18:45:00,2021,8,18,18,45,07,07329,,44.598229,4.078074,Crépuscule ou aube,En agglomération,Hors intersection,Normale,Deux véhicules - arrière,3,2,2,0,2,2,1,0,1,80,,2,1,0,1,0,55.0,72.0,,,2,2,1,1,2
202100023362,2021-08-21 09:15:00,2021,8,21,9,15,40,40062,rond point de champigny,43.90822,-0.542879,Plein jour,Hors agglomération,Giratoire,Normale,Sans collision,3,-1,2,0,1,3,1,0,8,50,,1,0,0,1,0,62.0,,,,1,1,6,1,7
202100023363,2021-08-20 14:00:00,2021,8,20,14,0,37,37156,65 Rue Georges Courteline,47.3926261438,0.8063003478,Plein jour,En agglomération,Hors intersection,Normale,Autre collision,4,2,2,0,1,1,1,0,1,50,,2,1,1,0,0,48.0,,,,1,2,1,1,6
202100023364,2021-08-16 15:00:00,2021,8,16,15,0,30,30059,Boulevard Gambetta,43.673102,4.236801,Plein jour,En agglomération,Intersection en X,Normale,Autre collision,3,2,2,0,1,1,1,5,1,50,,2,1,0,0,1,89.0,10.0,,,1,2,2,1,6
202100023365,2021-08-20 20:00:00,2021,8,20,20,0,66,66055,Route de Nefiach,42.6675090857,2.6672268659,Plein jour,Hors agglomération,Hors intersection,Normale,Autre collision,3,2,2,0,1,2,1,0,3,80,,1,0,0,1,0,19.0,,,,1,1,1,1,6
202100023366,2021-08-20 16:40:00,2021,8,20,16,40,06,06149,A8 PK 201+650 NORD,43.73236,7.308751,Plein jour,Hors agglomération,Hors intersection,Normale,Deux véhicules - arrière,1,3,4,0,2,1,1,0,1,110,,4,1,0,1,2,32.0,34.0,,,1,1,1,1,2
202100023367,2021-08-20 19:15:00,2021,8,20,19,15,11,11262,Avenue des Cigales,43.165389,3.173515,Plein jour,En agglomération,Hors intersection,Normale,Sans collision,3,3,4,0,1,1,1,0,1,50,,2,1,0,1,0,64.0,67.0,,,1,2,1,1,7
202100023368,2021-08-20 15:50:00,2021,8,20,15,50,975,97501,Miquelon-Langlade - Route de Langlade,46.92178,-56.326389,Plein jour,Hors agglomération,Hors intersection,Normale,Autre collision,2,-1,2,0,1,1,9,9,1,80,,2,1,1,0,0,41.0,,,,1,1,1,1,6
202100023369,2021-08-20 14:15:00,2021,8,20,14,15,971,97118,Chemin de Trianon,16.175595,-61.617175,Plein jour,Hors agglomération,Hors intersection,Normale,Deux véhicules - frontale,4,2,1,0,1,3,1,0,1,50,,2,1,0,1,0,17.0,42.0,,,1,1,1,1,1
202100023370,2021-08-20 14:14:00,2021,8,20,14,14,971,97107,rue valmy,16.044129341,-61.5931481123,Plein jour,En agglomération,Hors intersection,Normale,Autre collision,4,2,1,1,1,1,1,0,3,50,,1,0,0,1,0,57.0,,,,1,2,1,1,6
202100023371,2021-08-18 03:45:00,2021,8,18,3,45,44,44020,Boulevard Nelson Mandela,47.175187,-1.623986,Nuit avec éclairage allumé,En agglomération,Giratoire,Normale,Autre collision,7,2,2,0,1,1,1,5,3,50,,1,0,0,1,0,26.0,,,,5,2,6,1,6
202100023372,2021-08-20 20:50:00,2021,8,20,20,50,91,91044,D186,48.670189,2.280575,Crépuscule ou aube,En agglomération,Autre intersection,Normale,Deux véhicules - frontale,3,2,1,0,3,3,1,0,1,-1,,3,1,0,1,1,45.0,18.0,,,2,2,9,1,1
202100023373,2021-08-20 10:05:00,2021,8,20,10,5,83,83068,D 61 A,43.27098,6.560565,Plein jour,Hors agglomération,Hors intersection,Normale,Deux véhicules - frontale,3,2,2,0,1,1,1,0,1,70,,3,1,0,2,0,80.0,37.0,,,1,1,1,1,1
202100023374,2021-08-21 14:25:00,2021,8,21,14,25,04,04120,RD 900,44.434944,6.873965,Plein jour,Hors agglomération,Hors intersection,Normale,Sans collision,3,2,2,0,1,1,1,0,1,80,,1,0,1,0,0,36.0,,,,1,1,1,1,7
202100023375,2021-08-21 11:34:00,2021,8,21,11,34,71,71571,RN 79 - PR 42+050,46.4045734653,4.4465328628,Plein jour,Hors agglomération,Intersection en Y,Normale,Deux véhicules - arrière,2,2,2,0,1,2,1,9,1,80,,8,6,0,0,2,83.0,34.0,,,1,1,4,1,2
202100023376,2021-08-20 16:29:00,2021,8,20,16,29,71,71371,Route de Cluny,46.3512203371,4.7102384074,Plein jour,Hors agglomération,Intersection en X,Normale,Deux véhicules - côté,3,2,2,0,1,1,1,5,1,70,,4,2,0,0,2,82.0,82.0,,,1,1,2,1,3
202100023377,2021-08-20 21:20:00,2021,8,20,21,20,54,54043,2 Rue Jacques Callot,48.596549683,6.1035758265,Nuit avec éclairage allumé,En agglomération,Hors intersection,Normale,Deux véhicules - côté,3,2,2,0,1,1,1,0,1,50,,2,1,1,0,0,25.0,53.0,,,5,2,1,1,3
202100023378,2021-08-21 12:08:00,2021,8,21,12,8,42,42328,Route du Mongenet,45.571334,3.976461,Plein jour,Hors agglomération,Hors intersection,Normale,Sans collision,3,2,2,0,2,2,1,0,1,80,,1,0,0,1,0,26.0,,,,1,1,1,1,7
202100023379,2021-08-21 10:00:00,2021,8,21,10,0,38,38565,Chemin des Digues,45.296645,5.616615,Plein jour,Hors agglomération,Hors intersection,Normale,Trois véhicules et plus - en chaîne,9,2,2,0,1,1,1,0,5,50,,4,0,0,1,3,74.0,48.0,,,1,1,1,1,4
202100023380,2021-08-21 10:10:00,2021,8,21,10,10,46,46015,N122,44.670432,2.165771,Plein jour,Hors agglomération,Intersection en T,Normale,Deux véhicules - côté,2,2,2,0,1,1,1,0,1,70,,2,1,0,1,0,33.0,83.0,,,1,1,3,1,3
202100023381,2021-08-20 16:45:00,2021,8,20,16,45,32,32207,D924,43.66031,0.65838,Plein jour,Hors agglomération,Autre intersection,Normale,Deux véhicules - côté,3,1,1,0,1,2,1,5,8,50,,3,1,0,1,1,54.0,78.0,,,1,1,9,1,3
202100023382,2021-08-20 20:55:00,2021,8,20,20,55,17,17462,rd 129,45.776008,-0.56154,Plein jour,Hors agglomération,Hors intersection,Normale,Deux véhicules - frontale,3,2,2,0,1,1,1,0,1,80,,5,0,2,3,0,48.0,50.0,,,1,1,1,1,1
202100023383,2021-08-21 02:00:00,2021,8,21,2,0,33,33165,Avenue de l Entre 2 Mers,44.824978,-0.438797,Nuit avec éclairage allumé,En agglomération,Hors intersection,Normale,Sans collision,3,2,2,0,1,1,1,0,1,50,,1,0,0,1,0,27.0,,,,5,2,1,1,7
202100023384,2021-08-20 18:15:00,2021,8,20,18,15,60,60644,RD981,49.2809162892,1.7985670566,Plein jour,Hors agglomération,Hors intersection,Normale,Sans collision,3,2,2,0,1,2,1,0,8,80,,1,0,0,0,1,44.0,,,,1,1,1,1,7
202100023385,2021-08-20 21:45:00,2021,8,20,21,45,59,59059,CD643,50.1267252823,3.4433019161,Nuit sans éclairage public,Hors agglomération,Intersection en T,Normale,Deux véhicules - côté,3,2,2,0,1,1,1,0,1,80,,7,0,0,7,0,31.0,30.0,,,3,1,3,1,3
202100023386,2021-08-20 18:30:00,2021,8,20,18,30,59,59659,Rue de Verdun,50.018129,4.023904,Plein jour,En agglomération,Autre intersection,Normale,Deux véhicules - frontale,3,2,2,0,4,3,1,0,1,50,,2,1,0,1,0,17.0,54.0,,,1,2,9,1,1
202100023387,2021-08-20 18:40:00,2021,8,20,18,40,13,13005,A50 - Sens Aubagne vers Marseille,43.27723,5.587149,Plein jour,Hors agglomération,Hors intersection,Normale,Deux véhicules - arrière,1,3,4,0,2,2,1,3,1,90,,6,2,0,0,4,45.0,49.0,,,1,1,1,1,2
202100023388,2021-08-19 07:30:00,2021,8,19,7,30,69,69297,A7,45.59901,4.79587,Plein jour,Hors agglomération,Hors intersection,Normale,Deux véhicules - arrière,1,3,6,0,1,1,1,0,1,110,,3,2,0,0,1,33.0,23.0,,,1,1,1,1,2
202100023389,2021-08-20 15:30:00,2021,8,20,15,30,91,91377,AUTOROUTE A10,48.7168,2.2913,Plein jour,Hors agglomération,Hors intersection,Normale,Deux véhicules - côté,1,3,3,0,1,1,1,0,1,90,,2,1,0,0,1,23.0,63.0,,,1,1,1,1,3
202100023390,2021-08-20 05:10:00,2021,8,20,5,10,91,91312,RD 444,48.73545,2.23006,Nuit sans éclairage public,Hors agglomération,Hors intersection,Normale,Autre collision,3,2,2,0,1,1,1,0,1,70,,1,0,0,0,1,21.0,,,,3,1,1,1,6
202100023391,2021-08-20 18:00:00,2021,8,20,18,0,95,95678,RN 184,49.0629,2.21319,Plein jour,Hors agglomération,Hors intersection,Normale,Deux véhicules - arrière,2,3,4,0,2,1,1,8,1,70,,2,1,0,0,1,31.0,57.0,,,1,1,1,1,2
202100023392,2021-08-20 17:30:00,2021,8,20,17,30,93,93005,AUTOROUTE A3,48.96794,2.47952,Plein jour,Hors agglomération,Hors intersection,Normale,Trois véhicules et plus - collisions multiples,1,3,8,0,1,1,1,0,1,70,,3,2,0,0,1,,30.0,,,1,1,1,1,5
202100023393,2021-08-20 10:00:00,2021,8,20,10,0,93,93064,AUTOROUTE A86,48.87268,2.4804,Plein jour,Hors agglomération,Hors intersection,Normale,Deux véhicules - arrière,1,3,6,0,1,1,1,1,1,70,,3,2,0,0,1,56.0,21.0,,,1,1,1,1,2
202100023394,2021-08-20 21:00:00,2021,8,20,21,0,77,77468,A104,48.8507875094,2.6617147956,Crépuscule ou aube,Hors agglomération,Hors intersection,Normale,Autre collision,1,-1,3,0,1,3,1,0,1,90,,2,1,0,0,1,21.0,,,,2,1,1,1,6
202100023395,2021-08-20 20:10:00,2021,8,20,20,10,77,77373,RN104,48.77079,2.61226,Crépuscule ou aube,Hors agglomération,Hors intersection,Normale,Autre collision,2,3,5,0,1,1,1,0,1,90,,3,2,0,0,1,29.0,27.0,,,2,1,1,1,6
202100023396,2021-08-20 11:00:00,2021,8,20,11,0,94,94069,A4,48.8176057496,2.4212441061,Plein jour,Hors agglomération,Hors intersection,Normale,Autre collision,1,1,2,0,1,1,1,0,1,50,,1,0,0,0,1,30.0,,,,1,1,1,1,6
202100023397,2021-08-19 20:05:00,2021,8,19,20,5,06,06029,CROISETTE (BOULEVARD DE LA),43.54623,7.03314,Nuit avec éclairage allumé,En agglomération,Hors intersection,Normale,Autre collision,4,3,4,0,1,1,1,0,1,30,,2,1,0,1,0,69.0,,,,5,2,1,1,6
202100023398,2021-08-19 14:50:00,2021,8,19,14,50,92,92048,VAUGIRARD (ROUTE DE),48.8201416393,2.2396418452,Plein jour,En agglomération,Hors intersection,Temps couvert,Deux véhicules - arrière,3,2,2,0,1,1,1,0,1,50,,2,1,0,0,1,31.0,29.0,,,1,2,1,8,2
202100023399,2021-08-18 21:45:00,2021,8,18,21,45,62,62510,AUTOROUTE A21,50.437224,2.747467,Nuit sans éclairage public,Hors agglomération,Hors intersection,Normale,Deux véhicules - arrière,1,1,4,0,1,1,1,0,1,130,,6,1,0,3,2,54.0,31.0,,,3,1,1,1,2
202100023400,2021-08-19 16:30:00,2021,8,19,16,30,976,97611,kaweni-Grande Traverse (rue de la),-12.77129,45.2254,Plein jour,En agglomération,Autre intersection,Normale,Trois véhicules et plus - collisions multiples,4,-1,1,0,1,3,1,0,1,70,,3,2,0,0,1,29.0,36.0,,,1,2,9,1,5
202100023401,2021-08-18 09:50:00,2021,8,18,9,50,973,97302,SOURCE DE BADUEL (CHEMIN DE LA),4.9404328655,-52.3198671342,Plein jour,En agglomération,Hors intersection,Normale,Deux véhicules - côté,3,2,2,0,1,1,1,9,1,50,,3,2,0,0,1,71.0,39.0,,,1,2,1,1,3
202100023402,2021-08-18 22:00:00,2021,8,18,22,0,973,97302,MARAN (RENE) CITE THEMIRE,4.9335092241,-52.3204143048,Nuit avec éclairage allumé,En agglomération,Hors intersection,Normale,Deux véhicules - côté,4,2,1,0,1,1,1,0,1,50,,2,1,0,1,0,21.0,24.0,,,5,2,1,1,3
202100023403,2021-08-18 10:45:00,2021,8,18,10,45,973,97302,LALLOUETTE,4.9404797221,-52.3302471545,Plein jour,En agglomération,Hors intersection,Normale,Deux véhicules - côté,4,1,1,0,1,1,1,0,1,50,,2,1,0,0,1,45.0,44.0,,,1,2,1,1,3
202100023404,2021-08-18 09:30:00,2021,8,18,9,30,973,97302,BADUEL (ROUTE DE),4.9340515171,-52.3107161524,Plein jour,En agglomération,Autre intersection,Normale,Deux véhicules - arrière,3,2,2,0,1,1,1,9,1,50,,2,1,0,0,1,66.0,43.0,,,1,2,9,1,2