accident_id,datetime,annee,mois,jour,heure,minute,departement,commune_insee,adresse,latitude,longitude,luminosite,agglomeration,intersection,meteo,collision,catr,circ,nbv,vosp,prof,plan,surf,infra,situ,vma,nb_vehicules,nb_usagers,nb_indemnes,nb_tues,nb_blesses_hosp,nb_blesses_legers,age_cond_1,age_cond_2,veh_type_cond_1,veh_type_cond_2,lum_code,agg_code,int_code,atm_code,col_code
202100023405,2021-08-19 13:29:00,2021,8,19,13,29,972,97213,VIEUX CHEMIN CALIFORNIE (RUE DU),14.62075,-61.01801,Plein jour,Hors agglomération,Hors intersection,Normale,Deux véhicules - côté,4,-1,2,0,1,1,1,0,1,60,,2,1,0,0,1,26.0,26.0,,,1,1,1,1,3
202100023406,2021-08-19 10:00:00,2021,8,19,10,0,971,97120,UNIVERSITE FOUILLOLE,16.22706,-61.52962,Plein jour,En agglomération,Hors intersection,Normale,Autre collision,3,2,2,0,1,1,1,0,1,50,,2,1,0,0,1,26.0,,,,1,2,1,1,6
202100023407,2021-06-26 23:15:00,2021,6,26,23,15,95,95585,Rue des Bauves,48.9912193587,2.3864632845,Nuit avec éclairage allumé,En agglomération,Intersection en T,Normale,Deux véhicules - frontale,4,2,2,0,1,1,1,0,1,50,,6,4,0,0,2,20.0,47.0,,,5,2,3,1,1
202100023408,2021-08-15 16:40:00,2021,8,15,16,40,88,88413,RD 31,48.2744,6.89942,Plein jour,Hors agglomération,Intersection en Y,Pluie forte,Sans collision,3,2,2,0,1,2,3,9,3,80,,2,1,0,0,1,67.0,,,,1,1,4,3,7
202100023409,2021-08-17 22:25:00,2021,8,17,22,25,80,80379,RD 1029 (ROUTE DE ST QUENTIN),49.86785,2.37431,Nuit avec éclairage allumé,Hors agglomération,Hors intersection,Pluie légère,Deux véhicules - côté,3,1,1,0,1,2,2,0,1,50,,2,1,0,0,1,36.0,,,,5,1,1,2,3
202100023410,2021-08-18 11:00:00,2021,8,18,11,0,79,79329,52 Route de Puyraveau,46.9793,-0.1984,Plein jour,En agglomération,Giratoire,Normale,Sans collision,3,2,2,0,1,3,1,9,1,50,,2,1,0,1,0,60.0,,,,1,2,6,1,7
202100023411,2021-08-18 17:20:00,2021,8,18,17,20,79,79081,51 Rue Armand Guillaumin,46.34901,-0.40512,Plein jour,En agglomération,Hors intersection,Normale,Sans collision,4,2,2,0,2,1,1,0,4,50,,3,1,0,0,2,41.0,,,,1,2,1,1,7
202100023412,2021-08-02 21:45:00,2021,8,2,21,45,76,76498,Boulevard Charles de Gaulle,49.4199190453,1.0611838102,Nuit avec éclairage allumé,En agglomération,Giratoire,Pluie légère,Sans collision,4,2,2,0,2,1,2,5,1,30,,1,0,1,0,0,54.0,,,,5,2,6,2,7
202100023413,2021-08-18 14:25:00,2021,8,18,14,25,74,74012,GARE (RUE DE LA),46.19081,6.23402,Plein jour,En agglomération,Hors intersection,Normale,Autre collision,4,1,1,0,1,1,1,0,1,50,,2,1,0,0,1,32.0,,,,1,2,1,1,6
202100023414,2021-08-18 19:00:00,2021,8,18,19,0,67,67482,BERSTETT (RUE DE),48.59786,7.7068,Plein jour,En agglomération,Hors intersection,Normale,Autre collision,4,2,2,0,1,1,1,0,4,50,,3,1,0,0,2,24.0,,,,1,2,1,1,6
202100023415,2021-08-18 18:52:00,2021,8,18,18,52,66,66136,ESCARGUEL (COURS LAZARE),42.69996,2.88653,Plein jour,En agglomération,Hors intersection,Normale,Deux véhicules - côté,3,3,4,0,1,1,1,0,1,50,,2,1,0,1,0,36.0,17.0,,,1,2,1,1,3
202100023416,2021-08-19 18:20:00,2021,8,19,18,20,40,40312,R.N. 10,43.52911,-1.46321,Plein jour,En agglomération,Hors intersection,Normale,Deux véhicules - frontale,3,2,2,0,1,1,1,0,1,50,,6,5,0,0,1,16.0,52.0,,,1,2,1,1,1
202100023417,2021-08-19 14:45:00,2021,8,19,14,45,64,64102,MAIGNON (GIRATOIRE DE),43.46578,-1.49464,Plein jour,En agglomération,Giratoire,Normale,Deux véhicules - côté,3,1,2,0,1,2,1,0,1,50,,2,1,0,0,1,15.0,77.0,,,1,2,6,1,3
202100023418,2021-08-19 11:45:00,2021,8,19,11,45,64,64140,62 avenue Charles de Gaulle,43.526908,-1.464035,Plein jour,En agglomération,Hors intersection,Normale,Autre collision,3,2,2,0,1,1,1,9,1,50,,2,1,0,1,0,75.0,,,,1,2,1,1,6
202100023419,2021-08-19 08:20:00,2021,8,19,8,20,64,64102,BERNARD (CHEMIN DE SAINT),43.50788,-1.48777,Plein jour,En agglomération,Hors intersection,Normale,Sans collision,4,-1,2,0,1,1,1,0,1,30,,1,0,0,0,1,18.0,,,,1,2,1,1,7
202100023420,2021-08-18 18:55:00,2021,8,18,18,55,56,56121,CALMETTE (RUE  DOCTEUR ),47.75975,-3.38148,Plein jour,En agglomération,Intersection en T,Normale,Deux véhicules - côté,4,2,2,0,1,1,1,0,1,30,,2,1,0,0,1,25.0,39.0,,,1,2,3,1,3
202100023421,2021-08-12 12:20:00,2021,8,12,12,20,55,55545,PARIS ( AVENUE DE ),49.15576,5.36049,Plein jour,En agglomération,Hors intersection,Normale,Deux véhicules - frontale,3,2,2,0,1,1,1,0,1,50,,2,1,0,0,1,41.0,21.0,,,1,2,1,1,1
202100023422,2021-08-19 09:00:00,2021,8,19,9,0,54,54300,ART-SUR-MEURTHE (ROUTE ET RUE),48.6597186387,6.2317270528,Plein jour,En agglomération,Hors intersection,Pluie légère,Deux véhicules - côté,7,2,2,1,2,2,2,0,1,50,,2,1,0,0,1,19.0,32.0,,,1,2,1,2,3
202100023423,2021-08-18 18:15:00,2021,8,18,18,15,54,54395,MON DESERT (RUE),48.684455744,6.1785013229,Plein jour,En agglomération,Hors intersection,Normale,Deux véhicules - arrière,7,1,2,0,1,1,1,0,1,50,,2,1,0,1,0,77.0,27.0,,,1,2,1,1,2
202100023424,2021-08-19 17:35:00,2021,8,19,17,35,51,51454,Boulevard Pommery,49.24761,4.05133,Plein jour,En agglomération,Intersection en T,Normale,Deux véhicules - côté,2,2,2,0,2,1,1,0,1,50,,2,1,0,0,1,56.0,23.0,,,1,2,3,1,3
202100023425,2021-08-18 17:30:00,2021,8,18,17,30,49,49099,MOCRAT(AVENUE DE),47.06208,-0.89583,Plein jour,En agglomération,Autre intersection,Normale,Deux véhicules - côté,4,2,2,0,1,1,1,0,1,50,,2,1,0,0,1,16.0,38.0,,,1,2,9,1,3
202100023426,2021-08-19 16:50:00,2021,8,19,16,50,46,46042,MONZIE (AVENUE ANATOLE OU DE TOULOUSE),44.439941,1.441589,Plein jour,En agglomération,Hors intersection,Normale,Autre collision,3,2,2,0,1,1,1,6,1,50,,2,1,0,0,1,,,,,1,2,1,1,6
202100023427,2021-08-15 04:55:00,2021,8,15,4,55,45,45234,Av de la Recherche Scientifique,47.83402,1.93994,Nuit avec éclairage allumé,En agglomération,Giratoire,Normale,Autre collision,4,1,2,0,1,1,1,0,1,50,,1,0,0,1,0,23.0,,,,5,2,6,1,6
202100023428,2021-08-19 16:00:00,2021,8,19,16,0,35,35238,PARIS (RUE DE),48.11245,-1.66618,Plein jour,En agglomération,Intersection en X,Normale,Deux véhicules - frontale,4,1,1,3,1,1,1,5,8,30,,2,1,0,0,1,23.0,21.0,,,1,2,2,1,1
202100023429,2021-08-18 13:45:00,2021,8,18,13,45,35,35238,MORBIHAN (DU),48.132715,-1.672822,Plein jour,En agglomération,Giratoire,Normale,Deux véhicules - côté,4,2,2,0,1,1,1,5,1,50,,2,1,0,0,1,35.0,37.0,,,1,2,6,1,3
202100023430,2021-08-19 03:15:00,2021,8,19,3,15,35,35051,RN157,48.11425,-1.56931,Nuit sans éclairage public,Hors agglomération,Autre intersection,Pluie légère,Autre collision,2,1,2,0,1,2,2,3,3,90,,1,0,0,0,1,21.0,,,,3,1,9,2,6
202100023431,2021-08-19 15:00:00,2021,8,19,15,0,34,34172,VIEUSSENS (BOULEVARD),43.59972,3.87548,Plein jour,En agglomération,Intersection en X,Normale,Deux véhicules - côté,4,2,2,0,1,1,1,5,1,50,,2,1,0,1,0,75.0,63.0,,,1,2,2,1,3
202100023432,2021-08-19 01:40:00,2021,8,19,1,40,34,34129,PALAVAS D986 (ROUTE DE),43.57602,3.89735,Nuit sans éclairage public,Hors agglomération,Hors intersection,Normale,Deux véhicules - arrière,7,3,4,0,1,1,1,0,1,90,,3,2,0,0,1,31.0,57.0,,,3,1,1,1,2
202100023433,2021-08-18 14:15:00,2021,8,18,14,15,34,34172,TOULOUSE (AVENUE DE,43.59185,3.85835,Plein jour,En agglomération,Hors intersection,Normale,Deux véhicules - arrière,4,2,4,3,1,1,1,0,6,50,,2,1,0,1,0,24.0,33.0,,,1,2,1,1,2
202100023434,2021-08-19 21:25:00,2021,8,19,21,25,33,33529,Avenue de l’Ermitage,44.63226,-1.20304,Crépuscule ou aube,En agglomération,Giratoire,Normale,Deux véhicules - côté,3,2,2,0,1,1,1,0,1,50,,2,1,0,0,1,48.0,70.0,,,2,2,6,1,3
202100023435,2021-08-19 04:10:00,2021,8,19,4,10,29,29051,RN 165,48.0026685558,-4.0551104347,Nuit sans éclairage public,Hors agglomération,Hors intersection,Normale,Sans collision,2,2,4,0,1,1,1,0,3,110,,2,0,0,0,2,33.0,,,,3,1,1,1,7
202100023436,2021-08-19 18:50:00,2021,8,19,18,50,29,29232,Rue Roger Salengro,47.9881606455,-4.0865948796,Plein jour,En agglomération,Hors intersection,Normale,Autre collision,4,-1,1,0,1,1,1,0,1,30,,2,0,0,0,2,39.0,,,,1,2,1,1,6
202100023437,2021-08-17 08:38:00,2021,8,17,8,38,25,25056,EPITAPHE CHEMIN DE L',47.2488,5.996362,Plein jour,En agglomération,Giratoire,Normale,Deux véhicules - côté,4,2,2,0,2,2,1,9,1,50,,2,1,0,0,1,45.0,49.0,,,1,2,6,1,3
202100023438,2021-07-22 10:20:00,2021,7,22,10,20,22,22106,RENNES (RUE DE),48.4940843936,-2.7127510076,Plein jour,En agglomération,Hors intersection,Normale,Sans collision,3,2,2,0,1,1,1,0,1,50,,1,0,0,1,0,65.0,,,,1,2,1,1,7
202100023439,2021-08-17 13:10:00,2021,8,17,13,10,22,22278,GALLOIS (CARREFOUR DES),48.4973168164,-2.7471711501,Plein jour,En agglomération,Giratoire,Normale,Deux véhicules - arrière,3,1,1,0,1,2,1,0,1,50,,2,1,0,0,1,82.0,54.0,,,1,2,6,1,2
202100023440,2021-08-19 20:20:00,2021,8,19,20,20,13,13209,PLATANES CO (BOULEVARD DES),43.27306,5.40826,Crépuscule ou aube,En agglomération,Hors intersection,Normale,Deux véhicules - frontale,4,2,1,0,1,1,1,0,1,30,,2,1,0,0,1,22.0,23.0,,,2,2,1,1,1
202100023441,2021-08-17 23:58:00,2021,8,17,23,58,13,13201,BD MAURICE BOURDET,43.302,5.3792,Nuit avec éclairage allumé,En agglomération,Hors intersection,Normale,Trois véhicules et plus - collisions multiples,4,3,3,0,2,3,1,0,1,50,,5,1,0,4,0,29.0,31.0,,,5,2,1,1,5
202100023442,2021-08-19 14:41:00,2021,8,19,14,41,13,13047,FOS (ROUTE DE) - RN 569,43.542736,4.955859,Plein jour,Hors agglomération,Hors intersection,Normale,Deux véhicules - frontale,2,2,2,0,1,1,1,0,1,80,,2,0,0,1,1,45.0,45.0,,,1,1,1,1,1
202100023443,2021-08-19 08:00:00,2021,8,19,8,0,13,13028,DULAC (AVENUE GUILLAUME),43.1962875264,5.6130073764,Plein jour,En agglomération,Hors intersection,Normale,Deux véhicules - frontale,7,2,2,0,1,1,1,0,1,50,,2,1,0,0,1,39.0,,,,1,2,1,1,1
202100023444,2021-08-19 08:13:00,2021,8,19,8,13,13,13001,CLUB HIPPIQUE (AV),43.51212,5.42514,Plein jour,En agglomération,Autre intersection,Normale,Deux véhicules - frontale,7,3,8,1,1,2,1,2,1,50,,2,1,1,0,0,31.0,43.0,,,1,2,9,1,1
202100023445,2021-08-18 14:15:00,2021,8,18,14,15,11,11262,MISTRAL (BOULEVARD FREDERIC),43.18567,3.00143,Plein jour,En agglomération,Hors intersection,Normale,Autre collision,4,2,2,0,1,1,1,9,1,50,,2,1,0,0,1,41.0,,,,1,2,1,1,6
202100023446,2021-08-20 00:40:00,2021,8,20,0,40,06,06088,ANGLAIS (DU N° 1 AU N° 43),43.69372,7.25616,Nuit avec éclairage allumé,En agglomération,Hors intersection,Normale,Autre collision,4,3,6,0,1,1,1,0,1,50,,2,0,0,2,0,46.0,,,,5,2,1,1,6
202100023447,2021-08-19 19:15:00,2021,8,19,19,15,06,06155,LIBERTE AV.DE LA,43.5722,7.0843,Plein jour,En agglomération,Intersection en T,Normale,Deux véhicules - côté,3,2,2,0,1,1,1,0,1,50,,2,1,0,0,1,,35.0,,,1,2,3,1,3
202100023448,2021-08-19 19:40:00,2021,8,19,19,40,06,06004,QUATRE CHEMINS CH.DES,43.602941,7.114423,Plein jour,En agglomération,Hors intersection,Normale,Autre collision,4,2,2,0,1,1,1,0,1,50,,2,1,0,1,0,15.0,,,,1,2,1,1,6
202100023449,2021-08-19 10:10:00,2021,8,19,10,10,04,04112,RD 907,43.81366001,5.80408,Plein jour,Hors agglomération,Hors intersection,Normale,Deux véhicules - arrière,3,2,2,0,1,1,1,0,1,50,,2,1,0,0,1,44.0,25.0,,,1,1,1,1,2
202100023450,2021-08-18 11:20:00,2021,8,18,11,20,03,03310,CELESTINS (AVENUE DES),46.12442,3.42971,Plein jour,En agglomération,Intersection en Y,Normale,Autre collision,3,2,2,0,2,1,1,0,1,50,,2,1,0,1,0,73.0,,,,1,2,4,1,6
202100023451,2021-08-18 13:23:00,2021,8,18,13,23,75,75104,RUE DE RIVOLI,48.856927,2.353926,Plein jour,En agglomération,Intersection en T,Normale,Deux véhicules - côté,4,2,4,1,1,1,1,0,5,30,,2,1,0,0,1,41.0,25.0,,,1,2,3,1,3
202100023452,2021-08-18 13:20:00,2021,8,18,13,20,75,75105,RUE CLAUDE BERNARD,48.840275,2.346033,Plein jour,En agglomération,Intersection en X,Normale,Deux véhicules - côté,4,2,2,0,2,1,1,0,1,30,,2,1,0,0,1,69.0,20.0,,,1,2,2,1,3
202100023453,2021-08-19 15:25:00,2021,8,19,15,25,75,75120,RUE DE MENILMONTANT,48.86866,2.389649,Plein jour,En agglomération,Intersection en X,Normale,Autre collision,4,2,2,0,2,1,1,0,1,50,,4,1,0,0,3,52.0,,,,1,2,2,1,6
202100023454,2021-08-19 17:15:00,2021,8,19,17,15,75,75118,AVENUE DE LA PORTE DE CLIGNANCOURT,48.898885,2.344157,Plein jour,En agglomération,Hors intersection,Normale,Deux véhicules - côté,4,2,6,0,1,1,1,0,1,50,,2,1,0,0,1,52.0,24.0,,,1,2,1,1,3
202100023455,2021-08-19 09:35:00,2021,8,19,9,35,75,75117,BOULEVARD DE COURCELLES,48.879785,2.30609,Plein jour,En agglomération,Hors intersection,Normale,Deux véhicules - côté,4,2,2,0,1,1,1,0,1,50,,2,1,0,0,1,30.0,28.0,,,1,2,1,1,3
202100023456,2021-08-17 13:50:00,2021,8,17,13,50,75,75117,BOULEVARD DU FORT DE VAUX,48.893219,2.302634,Plein jour,En agglomération,Hors intersection,Normale,Deux véhicules - côté,4,1,2,0,1,1,1,0,1,50,,2,1,0,0,1,47.0,33.0,,,1,2,1,1,3
202100023457,2021-08-18 17:10:00,2021,8,18,17,10,75,75116,ROUTE DE SEVRES A NEUILLY,48.866548,2.241803,Plein jour,En agglomération,Hors intersection,Normale,Sans collision,4,2,4,0,1,1,9,0,1,50,,2,1,0,0,1,27.0,,,,1,2,1,1,7
202100023458,2021-08-19 14:20:00,2021,8,19,14,20,75,75110,BOULEVARD DE LA VILLETTE,48.884264,2.364635,Plein jour,En agglomération,Intersection en X,Temps couvert,Autre collision,4,3,3,0,1,1,1,0,1,30,,3,2,0,0,1,37.0,,,,1,2,2,8,6
202100023459,2021-08-18 14:40:00,2021,8,18,14,40,75,75109,RUE LA FAYETTE,48.876752,2.347319,Plein jour,En agglomération,Intersection en X,Normale,Trois véhicules et plus - en chaîne,4,2,3,3,1,1,1,0,6,50,,3,1,0,0,2,,29.0,,,1,2,2,1,4
202100023460,2021-08-19 19:50:00,2021,8,19,19,50,75,75107,QUAI VOLTAIRE,48.858805,2.331577,Plein jour,En agglomération,Hors intersection,Normale,Deux véhicules - frontale,4,2,5,1,1,1,1,0,5,30,,2,1,0,0,1,32.0,49.0,,,1,2,1,1,1
202100023461,2021-08-19 00:50:00,2021,8,19,0,50,75,75107,SOUTERRAIN BRANLY,48.8594435829,2.2936247092,Nuit avec éclairage allumé,En agglomération,Hors intersection,Normale,Autre collision,4,2,2,0,2,1,1,1,1,30,,1,0,0,0,1,27.0,,,,5,2,1,1,6
202100023462,2021-08-19 19:15:00,2021,8,19,19,15,94,94046,Avenue du Professeur Cadiot,48.80489,2.43209,Plein jour,En agglomération,Hors intersection,Normale,Deux véhicules - côté,3,2,4,0,1,1,1,0,1,50,,3,1,0,0,2,28.0,25.0,,,1,2,1,1,3
202100023463,2021-08-19 18:20:00,2021,8,19,18,20,94,94073,Avenue de Versailles,48.75831,2.3929,Plein jour,En agglomération,Hors intersection,Normale,Deux véhicules - côté,3,3,4,0,2,1,1,0,1,50,,3,2,0,0,1,60.0,16.0,,,1,2,1,1,3
202100023464,2021-08-19 01:10:00,2021,8,19,1,10,93,93048,Boulevard Théophile Sueur,48.864042,2.467338,Nuit avec éclairage allumé,En agglomération,Autre intersection,Normale,Deux véhicules - côté,3,4,4,0,1,1,1,5,8,50,,2,1,0,0,1,29.0,,,,5,2,9,1,3
202100023465,2021-08-18 21:00:00,2021,8,18,21,0,93,93006,CHAMPEAUX RUE DES,48.86445,2.41673,Crépuscule ou aube,En agglomération,Intersection en Y,Normale,Deux véhicules - côté,3,1,1,0,1,1,1,0,1,50,,2,1,0,0,1,34.0,21.0,,,2,2,4,1,3
202100023466,2021-08-19 22:10:00,2021,8,19,22,10,93,93007,DESCARTES (CIMETIERE),48.95013,2.45735,Nuit avec éclairage allumé,En agglomération,Hors intersection,Normale,Deux véhicules - arrière,3,2,4,0,1,1,1,0,1,50,,2,1,0,0,1,28.0,24.0,,,5,2,1,1,2
202100023467,2021-08-19 20:52:00,2021,8,19,20,52,92,92044,LOUIS ROUQUIER (RUE)113+ ET 106+,48.89308,2.29274,Nuit avec éclairage allumé,En agglomération,Intersection en X,Normale,Deux véhicules - côté,4,1,2,0,1,1,1,0,1,50,,2,1,0,0,1,47.0,21.0,,,5,2,2,1,3
202100023468,2021-08-19 17:40:00,2021,8,19,17,40,92,92025,CHARLES DE GAULLE (BD),48.9161314158,2.2269045647,Plein jour,En agglomération,Hors intersection,Normale,Autre collision,3,1,2,0,1,1,1,0,1,50,,3,2,0,0,1,26.0,,,,1,2,1,1,6
202100023469,2021-08-19 12:43:00,2021,8,19,12,43,92,92025,MARCEAU (BD),48.9294139419,2.2655566782,Plein jour,En agglomération,Autre intersection,Normale,Deux véhicules - côté,4,2,4,0,1,2,1,5,1,50,,2,0,0,1,1,25.0,53.0,,,1,2,9,1,3
202100023470,2021-08-18 10:20:00,2021,8,18,10,20,92,92025,CHARLES DE GAULLE (BD),48.914542,2.229174,Plein jour,En agglomération,Intersection en X,Normale,Deux véhicules - côté,3,1,3,0,1,1,1,0,1,50,,3,2,0,0,1,71.0,30.0,,,1,2,2,1,3
202100023471,2021-08-18 18:50:00,2021,8,18,18,50,92,92012,VICTOR HUGO (AVENUE) 49/FIN - 60/FIN,48.8372938567,2.2457486566,Plein jour,En agglomération,Intersection en X,Normale,Sans collision,4,2,2,0,1,1,1,0,1,50,,1,0,0,0,1,30.0,,,,1,2,2,1,7
202100023472,2021-08-19 12:00:00,2021,8,19,12,0,92,92002,JEAN MOULIN (RUE),48.7532481209,2.3059592845,Plein jour,En agglomération,Hors intersection,Temps couvert,Autre collision,4,2,3,0,1,1,1,0,1,50,,2,1,0,0,1,42.0,,,,1,2,1,8,6
202100023473,2021-08-19 17:25:00,2021,8,19,17,25,39,39503,174 Route de Champagnole,46.752009,5.94326,Plein jour,En agglomération,Hors intersection,Normale,Autre collision,3,2,2,0,1,1,1,0,1,50,,2,1,0,1,0,80.0,,,,1,2,1,1,6
202100023474,2021-08-18 16:45:00,2021,8,18,16,45,38,38051,D131,45.318901,4.91709,Plein jour,Hors agglomération,Hors intersection,Normale,Sans collision,3,2,2,0,1,2,8,0,1,80,,1,0,0,0,1,23.0,,,,1,1,1,1,7
202100023475,2021-08-15 11:40:00,2021,8,15,11,40,86,86174,Rue Ambroise Croizat,46.77329,0.482608,Plein jour,En agglomération,Intersection en X,Normale,Deux véhicules - côté,3,2,2,0,1,1,1,0,1,50,,2,1,0,1,0,47.0,53.0,,,1,2,2,1,3
202100023476,2021-08-19 18:00:00,2021,8,19,18,0,95,95313,RD 922,49.112924,2.225563,Plein jour,En agglomération,Hors intersection,Normale,Autre collision,3,2,2,0,1,1,1,0,1,50,,2,1,0,0,1,53.0,,,,1,2,1,1,6
202100023477,2021-08-19 17:00:00,2021,8,19,17,0,83,83061,A8,43.4691450021,6.7298754104,Plein jour,Hors agglomération,Hors intersection,Normale,Trois véhicules et plus - en chaîne,1,3,5,0,2,1,1,7,1,110,,5,4,0,0,1,51.0,23.0,,,1,1,1,1,4
202100023478,2021-08-18 06:45:00,2021,8,18,6,45,972,97217,Pointe Borgnèse (Informations),14.455105,-60.903536,Plein jour,Hors agglomération,Hors intersection,Normale,Deux véhicules - frontale,2,2,2,0,2,2,1,0,1,50,,2,1,0,1,0,47.0,27.0,,,1,1,1,1,1
202100023479,2021-08-20 17:30:00,2021,8,20,17,30,27,27355,Rue de Garennes,48.883189,1.458778,Plein jour,En agglomération,Intersection en T,Normale,Deux véhicules - côté,3,2,2,0,1,1,1,0,1,50,,3,2,0,1,0,46.0,31.0,,,1,2,3,1,3
202100023480,2021-08-19 18:00:00,2021,8,19,18,0,63,63026,D983,45.676194,2.933757,Plein jour,Hors agglomération,Hors intersection,Normale,Autre collision,3,2,2,0,2,3,1,0,3,80,,1,0,0,1,0,60.0,,,,1,1,1,1,6
202100023481,2021-08-19 12:00:00,2021,8,19,12,0,63,63116,D2144,45.97792,3.094874,Plein jour,Hors agglomération,Hors intersection,Normale,Sans collision,3,2,2,0,4,1,1,0,1,80,,1,0,0,0,1,67.0,,,,1,1,1,1,7
202100023482,2021-08-19 18:19:00,2021,8,19,18,19,12,12216,La Roque Basse,44.511113,2.838598,Plein jour,Hors agglomération,Hors intersection,Temps éblouissant,Deux véhicules - côté,3,2,2,0,2,3,1,0,1,80,,2,1,0,1,0,56.0,40.0,,,1,1,1,7,3
202100023483,2021-08-20 11:10:00,2021,8,20,11,10,22,22004,PR 38+300,48.6398,-3.325167,Plein jour,Hors agglomération,Hors intersection,Normale,Sans collision,3,3,4,0,1,1,1,0,3,110,,1,0,0,1,0,80.0,,,,1,1,1,1,7
202100023484,2021-08-19 17:20:00,2021,8,19,17,20,974,97414,Route de Cilaos (Pont),-21.271232,55.440177,Crépuscule ou aube,En agglomération,Intersection en X,Normale,Deux véhicules - frontale,3,2,2,0,2,2,1,5,1,50,,2,1,0,0,1,28.0,,,,2,2,2,1,1
202100023485,2021-08-20 16:00:00,2021,8,20,16,0,62,62081,D939,50.220028,3.051174,Plein jour,Hors agglomération,Intersection en X,Normale,Deux véhicules - côté,3,2,2,0,3,1,1,0,1,80,,2,0,0,0,2,63.0,38.0,,,1,1,2,1,3
202100023486,2021-08-19 16:16:00,2021,8,19,16,16,56,56048,Rue de la Forêt,48.066983,-3.362186,Plein jour,En agglomération,Giratoire,Pluie légère,Autre collision,3,2,2,0,2,3,2,0,1,50,,2,1,1,0,0,29.0,,,,1,2,6,2,6
202100023487,2021-08-20 11:30:00,2021,8,20,11,30,56,56251,Rue de la Madeleine (Theix),47.635899,-2.663777,Plein jour,Hors agglomération,Hors intersection,Normale,Deux véhicules - frontale,4,2,2,0,1,3,1,0,1,70,,2,1,1,0,0,63.0,44.0,,,1,1,1,1,1
202100023488,2021-08-20 10:50:00,2021,8,20,10,50,74,74208,Avenue René Raffort Deruttet,45.924558,6.668615,Plein jour,Hors agglomération,Intersection en T,Normale,Deux véhicules - arrière,3,2,2,0,2,4,1,0,1,80,,2,1,0,1,0,46.0,55.0,,,1,1,3,1,2
202100023489,2021-08-19 20:45:00,2021,8,19,20,45,2B,2B123,Avenue du 9 Septembre,42.015608,9.404994,Nuit avec éclairage allumé,En agglomération,Hors intersection,Normale,Deux véhicules - frontale,2,2,2,0,1,1,1,0,1,50,,4,3,1,0,0,21.0,,,,5,2,1,1,1
202100023490,2021-08-14 11:00:00,2021,8,14,11,0,2B,2B123,Avenue du 9 Septembre,42.016879,9.405965,Plein jour,En agglomération,Hors intersection,Normale,Deux véhicules - frontale,2,2,2,0,1,1,1,0,1,50,,3,1,0,0,2,62.0,,,,1,2,1,1,1
202100023491,2021-08-19 09:44:00,2021,8,19,9,44,33,33290,Route de Parsac,44.909569,-0.094854,Plein jour,Hors agglomération,Hors intersection,Normale,Sans collision,3,2,2,0,1,1,1,0,3,80,,1,0,0,1,0,48.0,,,,1,1,1,1,7
202100023492,2021-08-20 02:00:00,2021,8,20,2,0,71,71305,D906,46.4561592211,4.889508322,Nuit sans éclairage public,Hors agglomération,Hors intersection,Normale,Deux véhicules - côté,3,2,3,0,1,1,1,0,1,90,,2,1,0,1,0,57.0,51.0,,,3,1,1,1,3
202100023493,2021-08-19 18:00:00,2021,8,19,18,0,49,49218,D201,47.270581,-0.985615,Plein jour,Hors agglomération,Intersection en X,Normale,Deux véhicules - frontale,3,2,2,0,2,1,1,0,1,80,,2,1,0,1,0,18.0,62.0,,,1,1,2,1,1
202100023494,2021-08-18 17:55:00,2021,8,18,17,55,12,12037,Broquies le Vieux,44.006784,2.701516,Plein jour,Hors agglomération,Hors intersection,Normale,Deux véhicules - frontale,3,2,2,0,2,2,1,0,1,80,,2,1,0,1,0,20.0,78.0,,,1,1,1,1,1
202100023495,2021-08-19 22:20:00,2021,8,19,22,20,44,44069,Rue Aristide Briand,47.331755,-2.431031,Crépuscule ou aube,En agglomération,Intersection en X,Pluie légère,Deux véhicules - côté,3,2,2,0,1,1,2,5,1,50,,3,1,0,0,2,17.0,25.0,,,2,2,2,2,3
202100023496,2021-08-20 19:50:00,2021,8,20,19,50,29,29106,Ti Feunteun,48.119806,-4.074098,Plein jour,Hors agglomération,Hors intersection,Normale,Autre collision,3,2,2,0,2,1,1,0,3,80,,1,0,1,0,0,40.0,,,,1,1,1,1,6
202100023497,2021-08-09 21:35:00,2021,8,9,21,35,29,29167,Kerbiguet,47.96908,-4.279711,Nuit sans éclairage public,Hors agglomération,Hors intersection,Pluie forte,Sans collision,3,2,2,0,2,3,2,0,1,80,,1,0,0,0,1,22.0,,,,3,1,1,3,7
202100023498,2021-08-19 15:30:00,2021,8,19,15,30,29,29003,Rue de Kerivoas,48.027621,-4.555255,Plein jour,En agglomération,Hors intersection,Normale,Deux véhicules - arrière,4,2,2,0,1,1,1,0,1,50,,3,2,0,1,0,57.0,15.0,,,1,2,1,1,2
202100023499,2021-08-19 11:40:00,2021,8,19,11,40,15,15061,Chemin de la Grangeoune,45.154776,2.823915,Plein jour,Hors agglomération,Hors intersection,Normale,Autre collision,3,2,2,0,2,1,1,0,3,90,,1,0,0,1,0,54.0,,,,1,1,1,1,6
202100023500,2021-08-20 11:20:00,2021,8,20,11,20,26,26183,Route de la Plaine,44.708484,5.093459,Plein jour,Hors agglomération,Intersection en T,Normale,Deux véhicules - frontale,3,2,2,0,1,1,1,0,1,80,,3,2,1,0,0,60.0,83.0,,,1,1,3,1,1