accident_id,datetime,annee,mois,jour,heure,minute,departement,commune_insee,adresse,latitude,longitude,luminosite,agglomeration,intersection,meteo,collision,catr,circ,nbv,vosp,prof,plan,surf,infra,situ,vma,nb_vehicules,nb_usagers,nb_indemnes,nb_tues,nb_blesses_hosp,nb_blesses_legers,age_cond_1,age_cond_2,veh_type_cond_1,veh_type_cond_2,lum_code,agg_code,int_code,atm_code,col_code
202100023501,2021-08-19 19:05:00,2021,8,19,19,5,50,50370,Les Forges de vardon,49.415566,-1.580508,Plein jour,Hors agglomération,Hors intersection,Pluie légère,Sans collision,3,2,2,0,1,3,2,0,1,80,,3,2,0,1,0,33.0,,,,1,1,1,2,7
202100023502,2021-08-19 17:40:00,2021,8,19,17,40,83,83040,D4085,43.800903,6.623164,Plein jour,Hors agglomération,Hors intersection,Normale,Sans collision,3,2,2,0,1,2,1,0,3,80,,2,0,0,1,1,25.0,,,,1,1,1,1,7
202100023503,2021-06-27 16:20:00,2021,6,27,16,20,09,09131,RN 20,42.767801,1.742685,Plein jour,Hors agglomération,Hors intersection,Normale,Trois véhicules et plus - en chaîne,2,2,2,0,2,4,1,0,1,80,,6,5,0,1,0,56.0,31.0,,,1,1,1,1,4
202100023504,2021-08-20 16:20:00,2021,8,20,16,20,60,60129,499 Route de Bailly,49.515642,3.01354,Plein jour,En agglomération,Hors intersection,Normale,Deux véhicules - côté,3,2,2,0,1,1,1,0,1,50,,2,1,0,1,0,51.0,61.0,,,1,2,1,1,3
202100023505,2021-08-20 13:30:00,2021,8,20,13,30,60,60104,Avenue du Général Frère,49.632145,2.290784,Plein jour,En agglomération,Intersection en T,Normale,Autre collision,3,2,2,0,1,1,1,0,1,50,,1,0,0,0,1,62.0,,,,1,2,3,1,6
202100023506,2021-08-20 16:45:00,2021,8,20,16,45,60,60029,,49.393295,2.001743,Plein jour,Hors agglomération,Hors intersection,Normale,Deux véhicules - côté,2,2,4,0,1,1,1,0,1,-1,,2,1,0,0,1,33.0,29.0,,,1,1,1,1,3
202100023507,2021-08-20 08:15:00,2021,8,20,8,15,73,73128,D1201,45.735235,5.922196,Plein jour,Hors agglomération,Hors intersection,Normale,Deux véhicules - frontale,3,2,2,0,1,1,1,0,1,80,,3,0,0,2,1,72.0,19.0,,,1,1,1,1,1
202100023508,2021-08-19 19:35:00,2021,8,19,19,35,18,18036,La Corbinerie,47.152614,2.135291,Plein jour,Hors agglomération,Hors intersection,Normale,Autre collision,4,2,1,0,1,1,1,0,8,70,,1,0,0,1,0,65.0,,,,1,1,1,1,6
202100023509,2021-08-20 06:45:00,2021,8,20,6,45,16,16085,Route d’Yvrac,45.807354,0.452821,Plein jour,Hors agglomération,Hors intersection,Normale,Autre collision,3,2,2,0,1,1,1,0,1,80,,1,0,0,1,0,49.0,,,,1,1,1,1,6
202100023510,2021-08-19 19:40:00,2021,8,19,19,40,16,16140,Lieu-dit Les Grandes Versennes,45.893899,0.190914,Crépuscule ou aube,Hors agglomération,Hors intersection,Normale,Autre collision,2,3,4,0,1,2,1,0,2,110,,2,1,0,1,0,37.0,,,,2,1,1,1,6
202100023511,2021-08-20 00:56:00,2021,8,20,0,56,07,07134,1925 Route d Aubenas,44.498241,4.286259,Nuit sans éclairage public,Hors agglomération,Hors intersection,Normale,Autre collision,3,2,2,0,1,1,1,0,3,80,,1,0,0,1,0,28.0,,,,3,1,1,1,6
202100023512,2021-08-20 10:00:00,2021,8,20,10,0,24,24520,Route de l Abbé Breuil,44.905239,1.20795,Plein jour,En agglomération,Hors intersection,Normale,Deux véhicules - côté,3,2,2,0,1,1,1,0,1,50,,2,1,0,1,0,53.0,29.0,,,1,2,1,1,3
202100023513,2021-08-19 10:20:00,2021,8,19,10,20,04,04079,RD 4,44.100037,6.023684,Plein jour,Hors agglomération,Hors intersection,Normale,Sans collision,3,2,2,0,1,1,1,0,1,80,,2,1,0,1,0,69.0,,,,1,1,1,1,7
202100023514,2021-08-20 15:40:00,2021,8,20,15,40,85,85018,D22,46.88886,-2.072479,Plein jour,Hors agglomération,Hors intersection,Normale,Deux véhicules - arrière,3,2,2,0,1,1,1,0,1,70,,2,1,0,1,0,72.0,71.0,,,1,1,1,1,2
202100023515,2021-08-19 20:30:00,2021,8,19,20,30,27,27156,Rue du Lesmeval,48.787174,0.788527,Crépuscule ou aube,Hors agglomération,Hors intersection,Normale,Autre collision,3,2,2,0,1,1,1,0,1,80,,1,0,0,1,0,34.0,,,,2,1,1,1,6
202100023516,2021-08-11 08:10:00,2021,8,11,8,10,87,87030,Rue des 6 Chataigniers,45.874346,0.853007,Plein jour,Hors agglomération,Hors intersection,Normale,Deux véhicules - côté,3,2,2,0,2,1,1,0,1,80,,2,1,0,1,0,71.0,72.0,,,1,1,1,1,3
202100023517,2021-08-15 11:45:00,2021,8,15,11,45,37,37047,,47.5038193873,0.6966108159,Plein jour,Hors agglomération,Hors intersection,Normale,Deux véhicules - côté,3,2,2,0,3,1,1,0,1,80,,2,1,0,1,0,46.0,49.0,,,1,1,1,1,3
202100023518,2021-08-19 14:03:00,2021,8,19,14,3,30,30146,D109,43.991333,4.112384,Plein jour,Hors agglomération,Intersection en T,Normale,Deux véhicules - frontale,3,2,2,0,1,1,1,0,1,70,,2,0,0,0,2,60.0,24.0,,,1,1,3,1,1
202100023519,2021-08-19 09:47:00,2021,8,19,9,47,88,88426,Rue du 1er Morvan,47.858213,6.828625,Plein jour,En agglomération,Intersection en T,Normale,Deux véhicules - côté,3,2,2,0,1,1,1,0,1,50,,2,1,0,1,0,36.0,71.0,,,1,2,3,1,3
202100023520,2021-08-20 09:00:00,2021,8,20,9,0,973,97307,Route de la Distillerie,4.876158,-52.337263,Plein jour,En agglomération,Hors intersection,Normale,Deux véhicules - arrière,2,2,2,0,1,1,1,0,1,50,,3,1,0,0,2,50.0,64.0,,,1,2,1,1,2
202100023521,2021-08-20 18:35:00,2021,8,20,18,35,976,97606,Route Nationale 3,-12.936312,45.147827,Nuit avec éclairage allumé,En agglomération,Hors intersection,Normale,Deux véhicules - côté,2,2,2,0,1,1,1,0,1,30,,2,1,0,1,0,38.0,19.0,,,5,2,1,1,3
202100023522,2021-08-20 13:00:00,2021,8,20,13,0,13,13114,6173 Route de Berre,43.542171,5.273716,Plein jour,En agglomération,Hors intersection,Normale,Deux véhicules - frontale,7,2,2,0,1,1,1,0,8,70,,3,1,0,1,1,61.0,,,,1,2,1,1,1
202100023523,2021-08-20 09:40:00,2021,8,20,9,40,13,13001,A8 - PK 015.200 - SENS NORD SUD,43.528548,5.398487,Plein jour,Hors agglomération,Hors intersection,Normale,Deux véhicules - arrière,1,2,3,0,1,1,1,0,1,130,,3,1,0,0,2,22.0,37.0,,,1,1,1,1,2
202100023524,2021-08-19 22:00:00,2021,8,19,22,0,987,98714,RT 101 Faanui proche base départ du pearl beach,-16.470864,-151.761489,Nuit sans éclairage public,Hors agglomération,Hors intersection,Normale,Deux véhicules - frontale,2,2,2,0,1,1,1,0,1,60,,2,1,1,0,0,53.0,43.0,,,3,1,1,1,1
202100023525,2021-08-18 08:00:00,2021,8,18,8,0,988,98807,Tribu de Ouayaguette,-20.65922,164.683521,Plein jour,Hors agglomération,Hors intersection,Normale,Sans collision,4,2,2,0,1,4,1,0,3,-1,,7,5,1,1,0,20.0,,,,1,1,1,1,7
202100023526,2021-08-17 15:25:00,2021,8,17,15,25,974,97415,Rue du Général de Gaulle,-21.050621,55.22325,Plein jour,En agglomération,Hors intersection,Normale,Autre collision,2,2,2,0,1,3,1,0,1,50,,2,1,0,1,0,20.0,,,,1,2,1,1,6
202100023527,2021-08-20 04:45:00,2021,8,20,4,45,28,28015,Rue du Champ de Foire,48.464193,1.776561,Nuit sans éclairage public,En agglomération,Hors intersection,Normale,Autre collision,3,2,2,0,2,2,1,0,1,50,,1,0,0,1,0,19.0,,,,3,2,1,1,6
202100023528,2021-08-20 06:20:00,2021,8,20,6,20,77,77153,N2,49.054504,2.699389,Crépuscule ou aube,Hors agglomération,Hors intersection,Normale,Autre collision,2,3,2,0,1,1,1,0,1,110,,2,1,1,0,0,,,,,2,1,1,1,6
202100023529,2021-08-08 17:20:00,2021,8,8,17,20,77,77259,D401,49.046455,2.66486,Plein jour,En agglomération,Intersection en T,Normale,Deux véhicules - frontale,3,2,2,0,1,1,1,0,1,-1,,2,1,0,1,0,34.0,19.0,,,1,2,3,1,1
202100023530,2021-08-18 17:00:00,2021,8,18,17,0,91,91315,CD 31 - 91760 itteville,48.516221,2.355505,Plein jour,Hors agglomération,Hors intersection,Normale,Autre collision,3,2,2,0,1,1,1,0,1,80,,1,0,1,0,0,27.0,,,,1,1,1,1,6
202100023531,2021-08-19 02:30:00,2021,8,19,2,30,34,34299,La Séoune et la Maïre,43.264659,3.330274,Nuit sans éclairage public,Hors agglomération,Place,Normale,Autre collision,5,-1,1,0,1,4,9,0,6,30,,3,1,0,1,1,19.0,,,,3,1,7,1,6
202100023532,2021-08-18 01:00:00,2021,8,18,1,0,05,05118,Route de Sisteron,44.225666,5.859607,Nuit avec éclairage allumé,En agglomération,Hors intersection,Normale,Autre collision,3,2,2,0,1,1,1,0,4,50,,1,0,0,1,0,36.0,,,,5,2,1,1,6
202100023533,2021-08-13 13:30:00,2021,8,13,13,30,13,13004,Route Nationale 568,43.584406594,4.7648717587,Plein jour,Hors agglomération,Intersection en X,Normale,Deux véhicules - côté,2,3,4,0,1,1,1,0,1,90,,4,1,0,1,2,63.0,26.0,,,1,1,2,1,3
202100023534,2021-08-20 07:40:00,2021,8,20,7,40,67,67394,RD 264,48.945166,7.892046,Plein jour,Hors agglomération,Giratoire,Normale,Deux véhicules - côté,3,2,2,0,1,1,1,5,1,80,,2,1,0,1,0,59.0,19.0,,,1,1,6,1,3
202100023535,2021-08-20 07:50:00,2021,8,20,7,50,74,74220,Rte d Annemasse,46.147718,6.261815,Plein jour,Hors agglomération,Hors intersection,Normale,Deux véhicules - frontale,3,2,2,0,3,3,1,0,1,80,,2,1,0,0,1,26.0,55.0,,,1,1,1,1,1
202100023536,2021-08-19 16:30:00,2021,8,19,16,30,74,74160,3911 Rte du Col de la Croix Fry,45.87144,6.373352,Plein jour,Hors agglomération,Autre intersection,Normale,Sans collision,3,2,2,0,2,2,1,0,1,70,,1,0,0,1,0,23.0,,,,1,1,9,1,7
202100023537,2021-08-19 16:50:00,2021,8,19,16,50,74,74302,D909,45.919169,6.38465,Plein jour,Hors agglomération,Hors intersection,Normale,Trois véhicules et plus - collisions multiples,3,2,2,1,2,1,1,0,1,70,,6,1,0,1,4,50.0,50.0,,,1,1,1,1,5
202100023538,2021-08-19 19:00:00,2021,8,19,19,0,38,38557,D124z,45.771229,5.125911,Plein jour,Hors agglomération,Hors intersection,Normale,Deux véhicules - frontale,3,3,2,0,1,1,1,0,1,80,,6,0,0,3,3,46.0,57.0,,,1,1,1,1,1
202100023539,2021-08-20 10:15:00,2021,8,20,10,15,38,38148,468 Route de la Frette,45.616846,5.474558,Plein jour,Hors agglomération,Hors intersection,Normale,Deux véhicules - côté,3,2,2,0,1,1,1,0,1,80,,2,1,0,1,0,33.0,49.0,,,1,1,1,1,3
202100023540,2021-08-19 20:20:00,2021,8,19,20,20,26,26085,4050 Route de Saint Paul,44.514337,4.756592,Crépuscule ou aube,En agglomération,Hors intersection,Normale,Deux véhicules - frontale,3,2,2,0,1,3,1,0,1,70,,2,1,0,1,0,32.0,20.0,,,2,2,1,1,1
202100023541,2021-08-20 09:50:00,2021,8,20,9,50,07,07324,454 chemin imbert,45.05253,4.842221,Plein jour,En agglomération,Hors intersection,Normale,Autre collision,6,-1,-1,0,1,1,1,0,1,30,,2,1,1,0,0,38.0,,,,1,2,1,1,6
202100023542,2021-08-19 10:30:00,2021,8,19,10,30,33,33376,Route de la Serpentine,44.911172191,-0.7381170989,Plein jour,En agglomération,Hors intersection,Normale,Autre collision,4,2,2,0,1,1,1,0,1,30,,1,0,1,0,0,76.0,,,,1,2,1,1,6
202100023543,2021-08-20 01:40:00,2021,8,20,1,40,33,33019,D5,44.718428,-0.88133,Nuit avec éclairage allumé,Hors agglomération,Giratoire,Normale,Autre collision,3,2,2,0,1,1,1,5,1,80,,2,0,1,1,0,17.0,,,,5,1,6,1,6
202100023544,2021-08-20 06:15:00,2021,8,20,6,15,22,22282,Boulevard de Verdun,48.598444,-2.24716,Crépuscule ou aube,Hors agglomération,Hors intersection,Normale,Deux véhicules - frontale,3,2,2,0,1,2,1,0,1,80,,4,1,0,2,1,24.0,19.0,,,2,1,1,1,1
202100023545,2021-08-18 16:21:00,2021,8,18,16,21,22,22162,Chemin de Goasmeur,48.768869,-3.063625,Plein jour,En agglomération,Intersection en X,Normale,Deux véhicules - côté,4,2,2,0,2,1,1,0,1,50,,2,1,0,0,1,34.0,76.0,,,1,2,2,1,3
202100023546,2021-08-18 12:53:00,2021,8,18,12,53,60,60589,Rue Claire Lacombe,49.242644,2.468609,Plein jour,En agglomération,Hors intersection,Normale,Deux véhicules - frontale,4,2,2,0,1,3,1,0,1,50,,2,1,0,0,1,18.0,64.0,,,1,2,1,1,1
202100023547,2021-08-20 14:00:00,2021,8,20,14,0,60,60138,Route Départementale 932A,49.229509,2.624563,Plein jour,Hors agglomération,Intersection en T,Normale,Deux véhicules - côté,3,2,2,0,3,1,1,0,1,80,,2,1,0,0,1,49.0,63.0,,,1,1,3,1,3
202100023548,2021-08-19 16:40:00,2021,8,19,16,40,59,59097,D930,50.1444158122,3.0533891916,Plein jour,Hors agglomération,Hors intersection,Normale,Deux véhicules - arrière,3,2,2,0,1,1,1,0,1,80,,2,1,0,1,0,32.0,65.0,,,1,1,1,1,2
202100023549,2021-08-18 06:00:00,2021,8,18,6,0,13,13215,A7-Sens Lyon vers Marseille,43.3604,5.3619,Nuit sans éclairage public,Hors agglomération,Hors intersection,Normale,Deux véhicules - côté,1,1,3,0,1,1,1,0,1,90,,2,1,0,0,1,,,,,3,1,1,1,3
202100023550,2021-08-19 12:10:00,2021,8,19,12,10,33,33162,Rocade Nord Ouest,44.868501,-0.647388,Plein jour,Hors agglomération,Hors intersection,Normale,Deux véhicules - côté,1,3,4,0,1,1,1,8,1,70,,2,1,0,0,1,73.0,29.0,,,1,1,1,1,3
202100023551,2021-08-18 17:25:00,2021,8,18,17,25,33,33162,Rocade Nord Ouest A630,44.864197,-0.654303,Plein jour,Hors agglomération,Hors intersection,Normale,Sans collision,1,3,6,0,1,1,1,0,1,70,,1,0,0,0,1,61.0,,,,1,1,1,1,7
202100023552,2021-08-12 17:10:00,2021,8,12,17,10,33,33003,Autoroute A10,44.927292,-0.470978,Plein jour,Hors agglomération,Hors intersection,Normale,Autre collision,1,1,2,0,2,3,1,3,2,50,,1,0,0,0,1,34.0,,,,1,1,1,1,6
202100023553,2021-08-16 21:45:00,2021,8,16,21,45,62,62274,AUTOROUTE A1,50.432551,2.979017,Nuit sans éclairage public,Hors agglomération,Hors intersection,Pluie légère,Deux véhicules - arrière,1,1,8,0,1,3,2,0,1,130,,2,1,0,0,1,21.0,27.0,,,3,1,1,2,2
202100023554,2021-08-18 10:10:00,2021,8,18,10,10,93,93078,AUTOROUTE A104,48.96217,2.54627,Plein jour,Hors agglomération,Hors intersection,Normale,Deux véhicules - arrière,1,3,6,0,1,1,2,0,1,110,,2,1,0,0,1,63.0,53.0,,,1,1,1,1,2
202100023555,2021-08-19 19:40:00,2021,8,19,19,40,94,94042,A4,48.82519,2.463966,Plein jour,Hors agglomération,Hors intersection,Normale,Deux véhicules - arrière,1,3,4,0,1,1,1,0,1,90,,2,1,0,0,1,31.0,30.0,,,1,1,1,1,2
202100023556,2021-08-18 08:00:00,2021,8,18,8,0,94,94073,A86 INT,48.75888,2.3837,Plein jour,Hors agglomération,Hors intersection,Temps couvert,Deux véhicules - arrière,1,3,5,0,1,1,1,0,1,90,,4,2,0,0,2,37.0,65.0,,,1,1,1,8,2
202100023557,2021-03-28 11:35:00,2021,3,28,11,35,19,19031,PASTEUR (AVENUE),45.16564,1.53191,Plein jour,En agglomération,Hors intersection,Normale,Deux véhicules - arrière,3,2,2,0,1,1,1,0,1,50,,2,1,0,1,0,62.0,30.0,,,1,2,1,1,2
202100023558,2021-08-18 11:20:00,2021,8,18,11,20,988,98818,RUE DE LA SEINE/RUE SCHMIDT,-22.27664,166.45531,Plein jour,En agglomération,Giratoire,Normale,Deux véhicules - côté,4,2,2,0,1,2,1,5,1,50,,2,1,0,0,1,20.0,76.0,,,1,2,6,1,3
202100023559,2021-08-19 00:20:00,2021,8,19,0,20,69,69388,FRERES LUMIERE (DES) (AV),45.74515,4.86613,Nuit avec éclairage allumé,En agglomération,Hors intersection,Normale,Deux véhicules - arrière,4,1,1,2,1,1,1,0,1,50,,4,3,0,0,1,32.0,60.0,,,5,2,1,1,2
202100023560,2021-08-18 16:10:00,2021,8,18,16,10,69,69383,MARIUS VIVIER MERLE (BD),45.76265,4.85787,Plein jour,En agglomération,Intersection en X,Normale,Autre collision,4,2,4,0,1,1,1,0,1,30,,2,1,0,0,1,35.0,,,,1,2,2,1,6
202100023561,2021-08-18 12:30:00,2021,8,18,12,30,69,69383,LAFAYETTE (CR),45.76362,4.86263,Plein jour,En agglomération,Hors intersection,Normale,Deux véhicules - arrière,4,3,1,2,1,1,1,0,1,50,,2,1,0,0,1,56.0,29.0,,,1,2,1,1,2
202100023562,2021-08-18 11:10:00,2021,8,18,11,10,972,97213,VIEUX CHEMIN CALIFORNIE (RUE DU),14.61837,-61.03139,Plein jour,En agglomération,Giratoire,Normale,Deux véhicules - côté,4,2,3,0,1,1,1,2,1,50,,2,1,0,0,1,61.0,32.0,,,1,2,6,1,3
202100023563,2021-08-18 17:25:00,2021,8,18,17,25,69,69286,GENERAL LECLERC (AV),45.81365,4.89718,Plein jour,En agglomération,Intersection en T,Temps couvert,Deux véhicules - côté,4,2,2,2,1,1,1,0,1,50,,4,3,0,0,1,29.0,26.0,,,1,2,3,8,3
202100023564,2021-08-18 17:40:00,2021,8,18,17,40,971,97101,DOTHEMARE,16.26563,-61.51584,Crépuscule ou aube,En agglomération,Giratoire,Normale,Deux véhicules - côté,9,3,2,0,1,1,1,5,1,50,,2,1,0,0,1,49.0,64.0,,,2,2,6,1,3
202100023565,2021-08-17 13:59:00,2021,8,17,13,59,87,87075,PERIGUEUX (ROUTE DE),45.78981,1.17418,Plein jour,En agglomération,Hors intersection,Normale,Deux véhicules - arrière,2,2,2,0,1,1,1,0,1,50,,2,1,0,0,1,49.0,30.0,,,1,2,1,1,2
202100023566,2021-08-17 11:56:00,2021,8,17,11,56,87,87085,COUTURES (AVENUE DES),45.83494,1.27245,Plein jour,En agglomération,Hors intersection,Normale,Deux véhicules - côté,4,2,2,0,2,2,1,0,1,50,,2,1,0,1,0,38.0,34.0,,,1,2,1,1,3
202100023567,2021-08-16 15:45:00,2021,8,16,15,45,85,85194,AV POMPIDOU,46.4998,-1.78005,Plein jour,En agglomération,Hors intersection,Normale,Autre collision,4,2,2,0,1,1,1,0,1,50,,2,1,0,0,1,18.0,29.0,,,1,2,1,1,6
202100023568,2021-08-07 06:35:00,2021,8,7,6,35,85,85194,Présidents (carrefour des),46.48907,-1.76953,Nuit avec éclairage allumé,En agglomération,Hors intersection,Pluie forte,Autre collision,4,2,2,0,1,1,2,0,1,50,,2,0,0,0,2,18.0,,,,5,2,1,3,6
202100023569,2021-08-18 10:00:00,2021,8,18,10,0,83,83069,DECUGIS (AVENUE ALFRED),43.11034,6.16972,Plein jour,En agglomération,Hors intersection,Normale,Autre collision,4,2,2,0,1,1,1,0,1,50,,1,0,0,0,1,40.0,,,,1,2,1,1,6
202100023570,2021-08-16 16:40:00,2021,8,16,16,40,80,80489,RN 25,49.8690901963,2.3734214308,Plein jour,En agglomération,Hors intersection,Normale,Trois véhicules et plus - collisions multiples,2,2,4,0,1,1,1,0,1,110,,8,3,1,0,4,56.0,30.0,,,1,2,1,1,5
202100023571,2021-08-18 20:05:00,2021,8,18,20,5,78,78124,MARECHAL JUIN (RUE DU),48.91132,2.180511,Plein jour,En agglomération,Intersection en T,Normale,Autre collision,4,2,1,0,1,1,1,0,1,30,,1,0,0,1,0,23.0,,,,1,2,3,1,6
202100023572,2021-08-18 15:40:00,2021,8,18,15,40,76,76451,PASTEUR. RUE LOUIS,49.45699,1.08132,Plein jour,En agglomération,Hors intersection,Normale,Autre collision,4,2,2,0,2,1,1,0,1,50,,1,0,0,0,1,65.0,,,,1,2,1,1,6
202100023573,2021-08-18 17:31:00,2021,8,18,17,31,76,76429,DARNETAL. ROUTE DE,49.41778,1.14653,Plein jour,En agglomération,Hors intersection,Normale,Sans collision,7,2,2,0,1,2,1,0,1,50,,1,0,0,0,1,40.0,,,,1,2,1,1,7
202100023574,2021-08-18 16:08:00,2021,8,18,16,8,72,72181,ITALIENS (BD DES),47.9437361052,0.2074613576,Plein jour,Hors agglomération,Autre intersection,Normale,Autre collision,3,-1,-1,0,2,1,1,9,8,15,,1,0,0,1,0,67.0,,,,1,1,9,1,6
202100023575,2021-08-17 15:55:00,2021,8,17,15,55,72,72181,GENESLAY FELIX (AV) N° IMP 171 A 263,47.97415,0.2064,Plein jour,En agglomération,Hors intersection,Normale,Trois véhicules et plus - en chaîne,4,3,4,0,4,1,1,0,1,50,,3,2,0,0,1,39.0,68.0,,,1,2,1,1,4
202100023576,2021-08-18 22:00:00,2021,8,18,22,0,64,64102,BARTHES (CHEMIN DES),43.49982,-1.49266,Nuit avec éclairage allumé,En agglomération,Hors intersection,Normale,Autre collision,4,2,2,0,1,1,1,0,1,50,,1,0,0,0,1,19.0,,,,5,2,1,1,6
202100023577,2021-08-18 17:45:00,2021,8,18,17,45,64,64102,HUIT MAI 1S33 (AVENUE DU),43.46913,-1.48981,Plein jour,En agglomération,Hors intersection,Temps couvert,Deux véhicules - côté,4,3,2,0,1,1,1,0,1,50,,2,1,0,0,1,34.0,39.0,,,1,2,1,8,3
202100023578,2021-08-18 17:20:00,2021,8,18,17,20,64,64024,ESPAGNE (AVENUE D'),43.47479,-1.53061,Plein jour,En agglomération,Intersection en T,Normale,Deux véhicules - arrière,3,2,2,0,2,1,1,0,1,50,,2,1,0,0,1,42.0,70.0,,,1,2,3,1,2
202100023579,2021-08-18 05:35:00,2021,8,18,5,35,63,63014,MARTIN (RUE EUGENE),45.75197,3.11812,Nuit avec éclairage allumé,En agglomération,Intersection en X,Normale,Deux véhicules - côté,7,2,2,0,1,1,1,5,1,50,,2,1,0,0,1,24.0,21.0,,,5,2,2,1,3
202100023580,2021-08-18 12:00:00,2021,8,18,12,0,63,63113,DURAND (RUE GILLES),45.7849,3.08002,Plein jour,En agglomération,Hors intersection,Normale,Deux véhicules - arrière,4,1,2,0,1,1,1,0,1,50,,2,1,0,0,1,21.0,86.0,,,1,2,1,1,2
202100023581,2021-08-11 18:00:00,2021,8,11,18,0,58,58194,FONTAINE D'ARGENT (PLACE),46.99248,3.14898,Plein jour,En agglomération,Giratoire,Normale,Deux véhicules - côté,3,1,2,0,1,2,1,0,1,30,,2,1,0,0,1,44.0,40.0,,,1,2,6,1,3
202100023582,2021-08-17 16:00:00,2021,8,17,16,0,51,51454,Avenue Jean Jaurès,49.2593799792,4.044745335,Plein jour,En agglomération,Hors intersection,Normale,Autre collision,4,2,2,0,1,1,1,0,1,50,,1,0,0,0,1,44.0,,,,1,2,1,1,6
202100023583,2021-08-16 18:10:00,2021,8,16,18,10,51,51454,Chemin de Saint-Léonard,49.2273009922,4.098777473,Plein jour,Hors agglomération,Hors intersection,Normale,Deux véhicules - arrière,4,-1,2,0,1,1,1,0,1,80,,2,1,0,0,1,45.0,37.0,,,1,1,1,1,2
202100023584,2021-08-18 16:45:00,2021,8,18,16,45,50,50218,MARECHAL LECLERC (AV DU),48.83802,-1.58608,Plein jour,En agglomération,Hors intersection,Normale,Deux véhicules - côté,3,2,2,1,2,1,1,0,1,50,,2,1,0,1,0,76.0,26.0,,,1,2,1,1,3
202100023585,2021-08-18 20:10:00,2021,8,18,20,10,45,45234,Avenue de la Mouillere,47.8831548115,1.9094951749,Plein jour,En agglomération,Intersection en T,Normale,Deux véhicules - côté,4,3,2,3,1,1,1,5,1,50,,5,1,0,0,4,25.0,21.0,,,1,2,3,1,3
202100023586,2021-08-18 14:20:00,2021,8,18,14,20,45,45234,Quai du Roi,47.89888,1.92049,Plein jour,En agglomération,Hors intersection,Temps couvert,Deux véhicules - côté,4,2,2,0,1,1,2,0,1,50,,2,1,0,0,1,67.0,44.0,,,1,2,1,8,3
202100023587,2021-08-18 09:50:00,2021,8,18,9,50,45,45004,Rue du Chesnoy,47.971273,2.737971,Plein jour,En agglomération,Intersection en T,Pluie légère,Deux véhicules - côté,3,2,2,0,1,2,2,0,1,50,,2,1,0,0,1,86.0,52.0,,,1,2,3,2,3
202100023588,2021-08-13 11:25:00,2021,8,13,11,25,42,42053,Route de Sainte Croix,45.49763,4.62995,Plein jour,Hors agglomération,Hors intersection,Normale,Sans collision,7,2,2,0,2,2,2,0,1,70,,1,0,0,1,0,65.0,,,,1,1,1,1,7
202100023589,2021-08-18 19:35:00,2021,8,18,19,35,35,35238,PORTE DE LORIENT,48.10685,-1.71766,Plein jour,En agglomération,Autre intersection,Normale,Autre collision,2,1,1,0,2,3,1,3,3,90,,1,0,0,0,1,23.0,,,,1,2,9,1,6
202100023590,2021-08-16 17:00:00,2021,8,16,17,0,35,35238,CHATILLON (DE),48.08863,-1.67229,Plein jour,En agglomération,Intersection en T,Normale,Autre collision,4,2,2,0,1,1,1,0,4,50,,3,0,0,0,3,46.0,,,,1,2,3,1,6
202100023591,2021-08-18 07:20:00,2021,8,18,7,20,35,35238,Rue PAPU,48.11112,-1.69695,Crépuscule ou aube,En agglomération,Autre intersection,Normale,Deux véhicules - côté,4,1,1,0,2,1,1,0,1,30,,2,1,0,0,1,23.0,66.0,,,2,2,9,1,3
202100023592,2021-08-18 19:50:00,2021,8,18,19,50,33,33281,RUE ISAAC NEWTON,44.83066,-0.6713,Plein jour,En agglomération,Hors intersection,Normale,Deux véhicules - arrière,4,2,2,0,1,1,1,0,1,50,,2,1,0,0,1,21.0,24.0,,,1,2,1,1,2
202100023593,2021-08-18 12:15:00,2021,8,18,12,15,29,29232,Avenue de Ty Bos,47.96651,-4.06121,Plein jour,Hors agglomération,Intersection en T,Normale,Deux véhicules - frontale,3,2,2,0,1,1,1,5,1,70,,8,5,0,0,3,42.0,72.0,,,1,1,3,1,1
202100023594,2021-08-18 09:10:00,2021,8,18,9,10,29,29232,Route de Rosporden,47.98865,-4.05601,Plein jour,En agglomération,Hors intersection,Normale,Deux véhicules - frontale,4,2,2,0,2,1,1,0,1,70,,2,1,0,0,1,37.0,55.0,,,1,2,1,1,1
202100023595,2021-08-18 23:30:00,2021,8,18,23,30,28,28134,BOIS SABOT (RUE DU),48.73861,1.36058,Nuit avec éclairage allumé,En agglomération,Hors intersection,Normale,Autre collision,3,2,2,0,4,3,1,0,1,50,,2,0,0,0,2,20.0,,,,5,2,1,1,6
202100023596,2021-08-16 11:45:00,2021,8,16,11,45,22,22187,RN12,48.53151,-2.756592,Plein jour,En agglomération,Hors intersection,Normale,Trois véhicules et plus - en chaîne,2,2,4,0,1,1,1,0,1,90,,6,2,0,0,4,28.0,57.0,,,1,2,1,1,4
202100023597,2021-07-10 19:30:00,2021,7,10,19,30,22,22278,71° RI (DU),48.51112,-2.76041,Plein jour,En agglomération,Hors intersection,Normale,Autre collision,4,2,2,0,1,1,1,0,1,30,,2,1,0,0,1,,,,,1,2,1,1,6
202100023598,2021-08-18 22:55:00,2021,8,18,22,55,17,17300,COLIGNY   AVENUE,46.16151,-1.16541,Nuit avec éclairage allumé,En agglomération,Intersection en X,Normale,Deux véhicules - côté,4,2,2,0,1,1,1,9,1,30,,3,1,0,0,2,,26.0,,,5,2,2,1,3