accident_id,datetime,annee,mois,jour,heure,minute,departement,commune_insee,adresse,latitude,longitude,luminosite,agglomeration,intersection,meteo,collision,catr,circ,nbv,vosp,prof,plan,surf,infra,situ,vma,nb_vehicules,nb_usagers,nb_indemnes,nb_tues,nb_blesses_hosp,nb_blesses_legers,age_cond_1,age_cond_2,veh_type_cond_1,veh_type_cond_2,lum_code,agg_code,int_code,atm_code,col_code
202100023599,2021-08-18 21:35:00,2021,8,18,21,35,14,14118,Rue du Chemin Vert,49.19427,-0.39492,Nuit avec éclairage allumé,En agglomération,Hors intersection,Normale,Deux véhicules - côté,4,3,8,1,1,3,1,9,1,50,,3,1,0,0,2,15.0,52.0,,,5,2,1,1,3
202100023600,2021-08-17 18:55:00,2021,8,17,18,55,14,14118,N814,49.196,-0.37962,Plein jour,Hors agglomération,Hors intersection,Normale,Sans collision,2,2,4,3,1,1,1,3,2,70,,1,0,0,1,0,42.0,,,,1,1,1,1,7
202100023601,2021-08-17 16:30:00,2021,8,17,16,30,14,14437,Rue Calmette,49.18028,-0.31689,Plein jour,En agglomération,Hors intersection,Normale,Autre collision,4,2,2,0,1,1,1,0,1,50,,2,1,0,0,1,71.0,,,,1,2,1,1,6
202100023602,2021-08-17 11:50:00,2021,8,17,11,50,13,13203,ROGER SALENGRO (AVENUE),43.3156076511,5.3698278027,Plein jour,En agglomération,Hors intersection,Normale,Deux véhicules - arrière,4,1,2,0,1,1,1,0,1,50,,3,2,0,0,1,23.0,60.0,,,1,2,1,1,2
202100023603,2021-08-18 21:00:00,2021,8,18,21,0,13,13028,ROUMANILLE (AVENUE JOSEPH),43.20076,5.62314,Nuit avec éclairage allumé,En agglomération,Intersection en T,Normale,Deux véhicules - côté,7,2,2,0,1,1,1,0,1,50,,2,1,0,0,1,23.0,52.0,,,5,2,3,1,3
202100023604,2021-08-18 17:00:00,2021,8,18,17,0,11,11069,BLUM PAIRS JUSQUAU 1402,43.2259,2.33861,Plein jour,En agglomération,Hors intersection,Normale,Deux véhicules - arrière,4,2,2,0,1,1,1,0,1,50,,2,1,0,0,1,41.0,69.0,,,1,2,1,1,2
202100023605,2021-08-16 11:35:00,2021,8,16,11,35,10,10387,LOMBARDS (AVENUE),48.27812,4.06767,Plein jour,En agglomération,Hors intersection,Normale,Deux véhicules - côté,4,2,2,3,1,1,1,0,6,50,,3,2,0,0,1,,35.0,,,1,2,1,1,3
202100023606,2021-08-18 13:55:00,2021,8,18,13,55,06,06088,TZAREWITCH (BD DU),43.70267,7.25562,Plein jour,En agglomération,Hors intersection,Normale,Autre collision,4,2,2,0,1,1,1,6,8,30,,3,1,0,2,0,33.0,,,,1,2,1,1,6
202100023607,2021-08-17 10:11:00,2021,8,17,10,11,05,05061,ORIENT (BOULEVARD  DE L' ),44.56655,6.10167,Plein jour,En agglomération,Hors intersection,Normale,Deux véhicules - arrière,4,2,2,0,1,1,1,0,1,50,,2,1,0,0,1,46.0,30.0,,,1,2,1,1,2
202100023608,2021-08-16 11:15:00,2021,8,16,11,15,05,05061,GEORGES POMPIDOU ( BD),44.55507,6.076451,Plein jour,En agglomération,Hors intersection,Normale,Deux véhicules - arrière,4,3,3,0,2,1,1,0,1,50,,3,0,0,0,3,46.0,,,,1,2,1,1,2
202100023609,2021-08-16 07:35:00,2021,8,16,7,35,05,05061,FREDERIC EUZIERES ( PLACE ),44.55687,6.07717,Plein jour,En agglomération,Hors intersection,Normale,Deux véhicules - côté,4,1,1,0,1,1,1,0,1,30,,2,1,0,0,1,43.0,30.0,,,1,2,1,1,3
202100023610,2021-08-17 18:30:00,2021,8,17,18,30,75,75119,ECHANGEUR VILLETTE,48.9004053318,2.3808091879,Plein jour,En agglomération,Intersection en Y,Normale,Deux véhicules - côté,4,1,2,0,1,1,1,0,1,50,,2,1,0,0,1,23.0,32.0,,,1,2,4,1,3
202100023611,2021-08-17 12:30:00,2021,8,17,12,30,75,75119,BD PERIPHERIQUE EXTERIEUR,48.900623,2.387504,Plein jour,En agglomération,Hors intersection,Normale,Trois véhicules et plus - en chaîne,4,1,4,0,1,1,1,0,1,70,,12,10,0,0,2,26.0,32.0,,,1,2,1,1,4
202100023612,2021-08-18 11:25:00,2021,8,18,11,25,75,75118,RUE DE LA CHAPELLE,48.8964241853,2.3592988802,Plein jour,En agglomération,Intersection en T,Normale,Deux véhicules - côté,4,2,4,3,1,1,1,0,6,50,,2,1,0,0,1,49.0,56.0,,,1,2,3,1,3
202100023613,2021-08-17 14:00:00,2021,8,17,14,0,75,75116,AVENUE DE NEW YORK,48.858469,2.288644,Plein jour,En agglomération,Hors intersection,Normale,Deux véhicules - côté,4,2,4,3,1,1,1,0,6,50,,2,1,0,0,1,31.0,37.0,,,1,2,1,1,3
202100023614,2021-08-17 18:35:00,2021,8,17,18,35,75,75112,ALLEE VIVALDI,48.841554,2.391278,Plein jour,En agglomération,Hors intersection,Temps couvert,Deux véhicules - côté,4,1,1,0,1,1,1,0,1,50,,2,1,0,0,1,32.0,26.0,,,1,2,1,8,3
202100023615,2021-08-17 16:50:00,2021,8,17,16,50,75,75112,AVENUE DU DOCTEUR ARNOLD NETTER,48.845019,2.405814,Plein jour,En agglomération,Hors intersection,Normale,Deux véhicules - côté,4,2,3,0,2,1,1,0,1,50,,3,2,0,0,1,70.0,18.0,,,1,2,1,1,3
202100023616,2021-08-17 13:45:00,2021,8,17,13,45,75,75111,RUE JEAN PIERRE TIMBAUD,48.868785,2.380239,Plein jour,En agglomération,Hors intersection,Normale,Autre collision,4,1,1,0,2,1,1,0,1,30,,2,1,0,0,1,30.0,,,,1,2,1,1,6
202100023617,2021-08-18 11:00:00,2021,8,18,11,0,75,75110,BOULEVARD DE BONNE NOUVELLE,48.870328,2.349574,Plein jour,En agglomération,Intersection en T,Normale,Deux véhicules - côté,4,2,4,0,1,1,1,0,1,30,,2,1,0,0,1,55.0,31.0,,,1,2,3,1,3
202100023618,2021-08-17 21:45:00,2021,8,17,21,45,94,94076,Avenue de Stalingrad,48.78454,2.36694,Nuit avec éclairage allumé,En agglomération,Hors intersection,Normale,Deux véhicules - côté,3,4,2,0,1,1,1,0,1,50,,4,1,0,0,3,56.0,27.0,,,5,2,1,1,3
202100023619,2021-08-18 15:25:00,2021,8,18,15,25,94,94028,Rue Louis Pasteur Vallery Radot,48.78475,2.44111,Plein jour,En agglomération,Hors intersection,Temps couvert,Autre collision,4,2,2,0,1,1,1,0,1,50,,1,0,0,1,0,19.0,,,,1,2,1,8,6
202100023620,2021-08-18 21:50:00,2021,8,18,21,50,94,94017,Boulevard de Stalingrad,48.82779,2.49388,Nuit avec éclairage allumé,En agglomération,Hors intersection,Normale,Deux véhicules - côté,3,-1,2,0,1,1,1,0,1,50,,2,1,0,0,1,41.0,11.0,,,5,2,1,1,3
202100023621,2021-08-18 18:20:00,2021,8,18,18,20,93,93005,Rue Jacques Duclos / Rue de Madrid,48.949288,2.488923,Plein jour,En agglomération,Intersection en X,Normale,Deux véhicules - arrière,3,3,3,0,1,1,1,0,1,50,,2,1,0,1,0,36.0,24.0,,,1,2,2,1,2
202100023622,2021-08-18 14:50:00,2021,8,18,14,50,92,92072,SAINT CLOUD (RUE DE),48.8287,2.22463,Plein jour,En agglomération,Hors intersection,Normale,Deux véhicules - arrière,3,2,3,0,1,1,1,5,1,50,,2,1,0,1,0,,63.0,,,1,2,1,1,2
202100023623,2021-08-17 22:30:00,2021,8,17,22,30,92,92024,FERNAND PELLOUTIER (RUE),48.902257783,2.3007182075,Nuit avec éclairage allumé,En agglomération,Hors intersection,Normale,Deux véhicules - côté,4,2,2,0,1,1,1,0,1,30,,2,1,0,0,1,24.0,29.0,,,5,2,1,1,3
202100023624,2021-07-20 18:15:00,2021,7,20,18,15,06,06149,119 Route de Laghet,43.746903,7.328766,Plein jour,En agglomération,Hors intersection,Normale,Deux véhicules - frontale,7,2,1,0,1,3,1,0,1,-1,,2,1,0,1,0,46.0,29.0,,,1,2,1,1,1
202100023625,2021-08-19 07:55:00,2021,8,19,7,55,71,71231,Rue des Chânuets,46.543585,4.454371,Plein jour,En agglomération,Intersection en T,Normale,Deux véhicules - frontale,3,2,2,0,1,1,1,0,8,50,,2,1,0,0,1,42.0,36.0,,,1,2,3,1,1
202100023626,2021-08-19 09:00:00,2021,8,19,9,0,06,06161,122 Chemin des Pierres Noires,43.639424,7.134871,Plein jour,En agglomération,Hors intersection,Normale,Autre collision,4,2,2,0,1,1,1,0,1,50,,2,1,0,0,1,81.0,,,,1,2,1,1,6
202100023627,2021-08-13 17:20:00,2021,8,13,17,20,31,31044,Avenue des Aérostiers,43.608356,1.488138,Plein jour,En agglomération,Hors intersection,Temps éblouissant,Deux véhicules - côté,7,3,4,2,1,3,1,6,1,50,,2,1,0,0,1,58.0,61.0,,,1,2,1,7,3
202100023628,2021-08-19 15:50:00,2021,8,19,15,50,28,28088,Boulevard Grindelle,48.07124,1.337414,Plein jour,En agglomération,Intersection en X,Normale,Deux véhicules - côté,3,4,3,1,1,1,1,5,1,50,,2,1,0,1,0,51.0,20.0,,,1,2,2,1,3
202100023629,2021-08-19 14:40:00,2021,8,19,14,40,28,28330,Departementale 955,48.048989,1.450071,Plein jour,Hors agglomération,Hors intersection,Normale,Deux véhicules - frontale,3,2,2,0,1,1,1,0,1,90,,2,1,0,1,0,21.0,58.0,,,1,1,1,1,1
202100023630,2021-08-19 07:30:00,2021,8,19,7,30,34,34118,D68,43.716682,3.912549,Plein jour,Hors agglomération,Hors intersection,Normale,Autre collision,3,2,2,0,1,2,1,0,8,90,,1,0,0,1,0,23.0,,,,1,1,1,1,6
202100023631,2021-08-19 08:00:00,2021,8,19,8,0,56,56100,Chemin de Ker Yves,48.111339,-3.494618,Plein jour,En agglomération,Hors intersection,Pluie légère,Autre collision,4,2,2,0,1,1,2,0,3,50,,1,0,0,1,0,33.0,,,,1,2,1,2,6
202100023632,2021-08-10 21:50:00,2021,8,10,21,50,56,56081,Loge Brillec,48.034277,-3.620033,Crépuscule ou aube,Hors agglomération,Hors intersection,Normale,Sans collision,3,2,2,0,1,1,1,0,1,80,,1,0,0,1,0,47.0,,,,2,1,1,1,7
202100023633,2021-08-16 14:20:00,2021,8,16,14,20,80,80213,D116,49.820196,2.38914,Plein jour,Hors agglomération,Hors intersection,Normale,Sans collision,3,2,2,0,1,1,1,0,3,80,,1,0,0,1,0,20.0,,,,1,1,1,1,7
202100023634,2021-08-19 15:00:00,2021,8,19,15,0,89,89420,D1,47.566783,3.20112,Plein jour,Hors agglomération,Hors intersection,Normale,Deux véhicules - frontale,3,2,2,0,1,1,1,0,1,80,,2,1,1,0,0,63.0,58.0,,,1,1,1,1,1
202100023635,2021-08-19 18:10:00,2021,8,19,18,10,63,63122,chemin communal,45.5147,3.044747,Plein jour,Hors agglomération,Hors intersection,Normale,Autre collision,4,2,5,0,2,1,9,0,3,-1,,2,0,0,2,0,37.0,,,,1,1,1,1,6
202100023636,2021-08-19 11:40:00,2021,8,19,11,40,41,41095,Route du Plessis,47.895225,1.200606,Plein jour,Hors agglomération,Hors intersection,Normale,Autre collision,4,2,2,0,2,2,1,0,1,50,,2,1,0,1,0,46.0,,,,1,1,1,1,6
202100023637,2021-08-17 16:35:00,2021,8,17,16,35,68,68302,Rue de Reiningue,47.754558,7.171571,Plein jour,En agglomération,Hors intersection,Normale,Sans collision,3,2,2,0,1,1,1,0,1,-1,,1,0,0,1,0,54.0,,,,1,2,1,1,7
202100023638,2021-08-18 16:24:00,2021,8,18,16,24,38,38427,chemin des aretes - chemin de quincieu,45.28498,5.36783,Plein jour,Hors agglomération,Hors intersection,Normale,Deux véhicules - frontale,4,-1,2,0,2,3,1,0,1,80,,2,1,0,1,0,61.0,37.0,,,1,1,1,1,1
202100023639,2021-08-19 13:30:00,2021,8,19,13,30,85,85224,D1763,46.994217,-1.349602,Plein jour,Hors agglomération,Hors intersection,Normale,Deux véhicules - frontale,3,2,2,0,1,1,1,2,1,80,,2,1,0,1,0,31.0,39.0,,,1,1,1,1,1
202100023640,2021-08-18 17:48:00,2021,8,18,17,48,06,06038,D2210,43.682358,6.97359,Plein jour,Hors agglomération,Hors intersection,Normale,Deux véhicules - côté,3,2,2,0,2,3,1,0,1,50,,3,2,0,0,1,30.0,21.0,,,1,1,1,1,3
202100023641,2021-08-18 21:15:00,2021,8,18,21,15,14,14625,D182,49.110374,0.22371843,Crépuscule ou aube,Hors agglomération,Hors intersection,Normale,Sans collision,3,2,2,0,1,1,1,0,1,70,,1,0,0,0,1,33.0,,,,2,1,1,1,7
202100023642,2021-08-19 18:45:00,2021,8,19,18,45,60,60021,D1032,49.594975,3.121308,Plein jour,Hors agglomération,Intersection en X,Normale,Deux véhicules - côté,3,2,2,0,1,1,1,0,1,90,,2,1,0,1,0,39.0,27.0,,,1,1,2,1,3
202100023643,2021-08-19 16:40:00,2021,8,19,16,40,64,64350,RD918,43.304905,-1.354569,Plein jour,Hors agglomération,Hors intersection,Normale,Deux véhicules - frontale,3,2,2,0,1,1,1,0,1,80,,7,6,0,1,0,36.0,75.0,,,1,1,1,1,1
202100023644,2021-08-19 03:30:00,2021,8,19,3,30,24,24547,RD 6089,45.131619,1.277611,Nuit avec éclairage allumé,En agglomération,Intersection en T,Normale,Autre collision,3,4,2,0,1,1,1,5,1,50,,5,1,1,0,3,21.0,32.0,,,5,2,3,1,6
202100023645,2021-08-19 09:00:00,2021,8,19,9,0,04,04204,RD 4085,43.929534,6.394279,Plein jour,Hors agglomération,Hors intersection,Normale,Deux véhicules - côté,3,2,2,0,1,3,1,0,1,80,,3,1,0,2,0,69.0,67.0,,,1,1,1,1,3
202100023646,2021-08-19 13:25:00,2021,8,19,13,25,28,28121,D954,48.095788,1.865305,Plein jour,Hors agglomération,Giratoire,Normale,Autre collision,3,1,1,0,1,2,1,0,4,80,,1,0,0,0,1,45.0,,,,1,1,6,1,6
202100023647,2021-08-18 17:10:00,2021,8,18,17,10,23,23076,Avenue de la République,46.171257,2.483999,Plein jour,En agglomération,Hors intersection,Normale,Autre collision,3,2,2,0,1,1,1,0,1,50,,2,1,0,1,0,57.0,,,,1,2,1,1,6
202100023648,2021-08-19 06:15:00,2021,8,19,6,15,37,37104,,47.2804669712,0.823981843,Crépuscule ou aube,Hors agglomération,Intersection en T,Normale,Trois véhicules et plus - collisions multiples,3,2,3,0,1,1,1,0,1,80,,4,2,0,2,0,42.0,26.0,,,2,1,3,1,5
202100023649,2021-08-18 17:15:00,2021,8,18,17,15,30,30146,D6110,43.99266,4.105411,Plein jour,En agglomération,Hors intersection,Normale,Deux véhicules - côté,3,2,2,0,1,1,1,0,1,50,,2,0,0,1,1,56.0,30.0,,,1,2,1,1,3
202100023650,2021-08-19 05:00:00,2021,8,19,5,0,08,08125,42 route nationale,49.811831,4.611525,Nuit avec éclairage allumé,En agglomération,Hors intersection,Temps couvert,Deux véhicules - frontale,3,2,2,0,1,1,2,0,1,50,,2,1,0,1,0,19.0,28.0,,,5,2,1,8,1
202100023651,2021-08-19 14:17:00,2021,8,19,14,17,60,60030,A16 PK 63.600 PARIS - BOULOGNE,49.360433,2.107755,Plein jour,Hors agglomération,Hors intersection,Normale,Autre collision,1,1,4,0,1,1,1,0,2,130,,2,0,1,0,1,31.0,,,,1,1,1,1,6
202100023652,2021-08-17 20:05:00,2021,8,17,20,5,06,06027,A8 pk 183.500 NORD sens Nice - Frejus,43.663494,7.175574,Plein jour,Hors agglomération,Hors intersection,Normale,Deux véhicules - arrière,1,1,5,0,1,1,1,0,1,90,,2,1,0,0,1,48.0,,,,1,1,1,1,2
202100023653,2021-08-19 16:40:00,2021,8,19,16,40,17,17367,D121/D130,45.95012,-0.341477,Plein jour,Hors agglomération,Intersection en X,Autre,Deux véhicules - côté,3,2,2,0,1,1,1,5,1,80,,2,1,1,0,0,44.0,55.0,,,1,1,2,9,3
202100023654,2021-08-18 17:00:00,2021,8,18,17,0,974,97421,Plateau Wickers,-21.015206,55.556633,Plein jour,Hors agglomération,Hors intersection,Temps couvert,Sans collision,3,2,2,0,2,3,1,0,8,70,,2,1,0,1,0,21.0,,,,1,1,1,8,7
202100023655,2021-08-19 18:30:00,2021,8,19,18,30,2B,2B162,47,42.476695,9.151654,Crépuscule ou aube,Hors agglomération,Hors intersection,Normale,Deux véhicules - frontale,3,2,2,0,1,1,1,0,3,80,,2,1,0,1,0,,59.0,,,2,1,1,1,1
202100023656,2021-08-19 01:00:00,2021,8,19,1,0,2B,2B134,Boulevard Fred Scamaroni,42.632834,8.938472,Nuit avec éclairage allumé,En agglomération,Intersection en X,Normale,Deux véhicules - frontale,2,1,1,0,1,1,1,5,1,-1,,1,0,0,1,0,34.0,,,,5,2,2,1,1
202100023657,2021-08-18 17:00:00,2021,8,18,17,0,2B,2B257,RD62,42.5878337575,9.2959946407,Plein jour,Hors agglomération,Hors intersection,Normale,Deux véhicules - frontale,3,2,2,0,1,4,1,0,1,80,,2,1,0,1,0,52.0,15.0,,,1,1,1,1,1
202100023658,2021-08-19 10:35:00,2021,8,19,10,35,34,34272,rue du chateau,43.659792,4.113173,Plein jour,En agglomération,Hors intersection,Normale,Autre collision,4,2,2,0,1,1,1,0,1,50,,2,1,0,1,0,46.0,,,,1,2,1,1,6
202100023659,2021-08-18 09:40:00,2021,8,18,9,40,71,71176,Rue de la Faïencerie,46.489147,3.995376,Plein jour,En agglomération,Hors intersection,Normale,Autre collision,4,2,2,1,1,1,1,0,1,50,,2,1,0,1,0,41.0,,,,1,2,1,1,6
202100023660,2021-08-18 17:50:00,2021,8,18,17,50,67,67067,41 Rue de la Division Leclerc,48.738453,7.70088,Plein jour,En agglomération,Hors intersection,Normale,Sans collision,3,2,2,0,1,1,1,0,1,50,,1,0,0,1,0,69.0,,,,1,2,1,1,7
202100023661,2021-08-17 19:00:00,2021,8,17,19,0,67,67101,rue du Chateau Saint Jean,48.529093,7.498088,Plein jour,En agglomération,Autre intersection,Normale,Deux véhicules - côté,3,4,3,1,1,1,1,0,1,50,,3,2,0,1,0,17.0,42.0,,,1,2,9,1,3
202100023662,2021-08-07 17:40:00,2021,8,7,17,40,88,88344,Rue du Jus,48.366097,5.604975,Plein jour,En agglomération,Hors intersection,Pluie légère,Deux véhicules - arrière,4,2,2,0,1,1,2,0,1,50,,2,1,0,1,0,30.0,70.0,,,1,2,1,2,2
202100023663,2021-08-18 12:10:00,2021,8,18,12,10,09,09289,33 Avenue Aristide Berges,43.007342,1.122875,Plein jour,En agglomération,Intersection en T,Normale,Deux véhicules - côté,3,2,2,1,1,1,1,0,5,50,,2,1,0,1,0,17.0,54.0,,,1,2,3,1,3
202100023664,2021-08-16 12:55:00,2021,8,16,12,55,17,17421,RN150,45.671794,-0.941584,Plein jour,Hors agglomération,Hors intersection,Normale,Trois véhicules et plus - en chaîne,2,3,4,0,1,1,1,0,1,90,,6,4,0,1,1,24.0,21.0,,,1,1,1,1,4
202100023665,2021-08-19 10:00:00,2021,8,19,10,0,59,59084,Rue de la Belle Hotesse,50.691423,2.45271,Plein jour,Hors agglomération,Hors intersection,Normale,Deux véhicules - frontale,3,2,2,0,1,3,1,0,1,80,,3,1,0,2,0,44.0,24.0,,,1,1,1,1,1
202100023666,2021-08-18 00:41:00,2021,8,18,0,41,13,13005,A52-Sens Pont de l'Etoile vers Toulon,43.302768,5.59106,Nuit sans éclairage public,Hors agglomération,Hors intersection,Normale,Deux véhicules - arrière,1,-1,2,0,1,1,1,0,1,110,,8,6,0,0,2,33.0,48.0,,,3,1,1,1,2
202100023667,2021-08-18 07:32:00,2021,8,18,7,32,67,67482,M352,48.57105,7.73264,Plein jour,Hors agglomération,Hors intersection,Normale,Autre collision,7,3,3,0,1,1,1,0,1,70,,1,0,0,0,1,23.0,,,,1,1,1,1,6
202100023668,2021-08-18 12:00:00,2021,8,18,12,0,33,33122,,44.741166,-0.709997,Plein jour,Hors agglomération,Hors intersection,Normale,Deux véhicules - arrière,1,3,4,0,1,1,1,0,1,130,,2,1,0,0,1,20.0,35.0,,,1,1,1,1,2
202100023669,2021-08-17 09:00:00,2021,8,17,9,0,59,59123,AUTOROUTE A1,50.500322,3.007482,Plein jour,Hors agglomération,Hors intersection,Temps couvert,Deux véhicules - arrière,1,1,6,0,1,1,2,0,1,130,,3,2,0,0,1,29.0,19.0,,,1,1,1,8,2
202100023670,2021-08-18 10:20:00,2021,8,18,10,20,92,92051,RN13,48.8808970151,2.272855027,Plein jour,Hors agglomération,Hors intersection,Normale,Trois véhicules et plus - en chaîne,2,3,6,0,1,1,1,0,1,70,,3,2,0,0,1,58.0,50.0,,,1,1,1,1,4
202100023671,2021-08-18 05:07:00,2021,8,18,5,7,94,94033,A86.EXT,48.84864,2.49154,Nuit avec éclairage allumé,Hors agglomération,Hors intersection,Pluie légère,Sans collision,1,1,3,0,1,1,2,1,1,90,,1,0,0,0,1,50.0,,,,5,1,1,2,7
202100023672,2021-08-17 19:30:00,2021,8,17,19,30,974,97411,LANCASTEL (BOULEVARD),-20.876523,55.455549,Crépuscule ou aube,En agglomération,Hors intersection,Normale,Trois véhicules et plus - en chaîne,2,2,4,0,1,1,1,0,1,70,,4,3,0,0,1,31.0,42.0,,,2,2,1,1,4
202100023673,2021-08-16 17:45:00,2021,8,16,17,45,974,97411,HOARAU (RUE MARCEL),-20.90165,55.49212,Plein jour,En agglomération,Intersection en T,Normale,Deux véhicules - côté,4,2,2,0,2,1,1,0,1,50,,2,1,0,0,1,66.0,50.0,,,1,2,3,1,3
202100023674,2021-08-17 07:22:00,2021,8,17,7,22,973,97302,VIRGILE (AVENUE),4.9392207354,-52.3182953597,Plein jour,En agglomération,Intersection en X,Normale,Deux véhicules - côté,3,2,2,0,1,1,1,0,1,50,,3,1,0,0,2,38.0,29.0,,,1,2,2,1,3
202100023675,2021-08-17 08:00:00,2021,8,17,8,0,69,69387,JEAN JAURES (AV),45.7460393771,4.8422992229,Plein jour,En agglomération,Intersection en T,Normale,Autre collision,4,2,2,3,1,1,1,5,1,50,,2,1,0,0,1,35.0,,,,1,2,3,1,6
202100023676,2021-08-17 14:15:00,2021,8,17,14,15,972,97213,ROUTE NATIONALE 1,14.6255,-60.97912,Plein jour,Hors agglomération,Giratoire,Normale,Deux véhicules - arrière,2,2,4,0,1,1,1,0,1,70,,2,1,0,1,0,62.0,45.0,,,1,1,6,1,2
202100023677,2021-08-17 06:01:00,2021,8,17,6,1,69,69381,FEUILLEE DE LA (PT),45.76671,4.82994,Nuit avec éclairage allumé,En agglomération,Hors intersection,Normale,Sans collision,4,2,2,2,2,1,1,2,1,50,,2,1,0,1,0,22.0,,,,5,2,1,1,7
202100023678,2021-08-13 12:30:00,2021,8,13,12,30,69,69385,PIERRE VALDO (R),45.7504,4.78592,Plein jour,En agglomération,Hors intersection,Normale,Deux véhicules - côté,4,1,2,0,1,1,1,9,1,30,,2,1,0,0,1,31.0,42.0,,,1,2,1,1,3
202100023679,2021-08-17 06:25:00,2021,8,17,6,25,69,69382,GALLIENI (PT),45.7485374091,4.8314470053,Crépuscule ou aube,En agglomération,Hors intersection,Normale,Sans collision,4,2,5,0,1,1,1,0,1,50,,1,0,0,0,1,49.0,,,,2,2,1,1,7
202100023680,2021-08-16 18:55:00,2021,8,16,18,55,69,69382,TILSITT (Q),45.7553387175,4.826015532,Plein jour,En agglomération,Hors intersection,Normale,Autre collision,4,1,2,3,1,1,1,0,1,50,,1,0,0,0,1,42.0,,,,1,2,1,1,6
202100023681,2021-08-17 14:25:00,2021,8,17,14,25,88,88160,CAMUS (RUE ALBERT-),48.19239,6.46157,Plein jour,En agglomération,Giratoire,Normale,Deux véhicules - côté,4,2,2,0,1,2,1,5,1,50,,3,2,0,1,0,70.0,62.0,,,1,2,6,1,3
202100023682,2021-05-23 19:20:00,2021,5,23,19,20,84,84007,COLCHESTER (Avenue de),43.94234,4.82745,Plein jour,En agglomération,Hors intersection,Normale,Autre collision,4,2,2,0,1,1,1,0,1,50,,6,2,0,3,1,23.0,,,,1,2,1,1,6
202100023683,2021-08-16 23:07:00,2021,8,16,23,7,82,82033,Route de Beaumont-de-Lomagne,44.00079,1.12959,Nuit sans éclairage public,Hors agglomération,Intersection en T,Normale,Sans collision,3,2,2,0,1,2,1,0,3,70,,1,0,0,0,1,22.0,,,,3,1,3,1,7
202100023684,2021-08-17 19:10:00,2021,8,17,19,10,78,78551,FOURQUEUX (DE),48.89239,2.08243,Plein jour,En agglomération,Intersection à plus de 4 branches,Normale,Deux véhicules - côté,2,1,-1,-1,1,1,1,3,1,-1,,2,1,0,0,1,38.0,38.0,,,1,2,5,1,3
202100023685,2021-08-16 15:50:00,2021,8,16,15,50,77,77186,RD148 carrefour DIANE à SORQUES,48.37303,2.74845,Plein jour,Hors agglomération,Hors intersection,Normale,Deux véhicules - frontale,3,-1,2,0,1,1,1,0,1,80,,3,0,0,0,3,22.0,47.0,,,1,1,1,1,1
202100023686,2021-08-16 17:10:00,2021,8,16,17,10,76,76351,WINSTON CHURCHILL,49.49292,0.13377,Plein jour,En agglomération,Intersection en T,Normale,Deux véhicules - arrière,4,3,4,0,1,1,1,0,1,50,,2,1,0,0,1,43.0,17.0,,,1,2,3,1,2
202100023687,2021-08-16 08:20:00,2021,8,16,8,20,76,76351,PONT VI (DU),49.48584,0.16328,Plein jour,En agglomération,Hors intersection,Pluie légère,Trois véhicules et plus - collisions multiples,4,2,2,0,1,1,2,0,1,30,,3,2,0,0,1,19.0,44.0,,,1,2,1,2,5
202100023688,2021-08-17 11:45:00,2021,8,17,11,45,74,74133,INDUSTRIE (RUE DE L'),46.18626,6.22167,Plein jour,En agglomération,Hors intersection,Normale,Autre collision,4,3,3,0,1,1,1,0,1,50,,2,1,0,0,1,61.0,48.0,,,1,2,1,1,6
202100023689,2021-08-17 11:19:00,2021,8,17,11,19,74,74012,PASTEUR (AVENUE),46.19362,6.2351,Plein jour,En agglomération,Hors intersection,Normale,Autre collision,4,1,1,0,1,1,1,0,1,50,,2,1,0,1,0,26.0,,,,1,2,1,1,6
202100023690,2021-08-16 18:00:00,2021,8,16,18,0,74,74012,RESISTANCE (RUE DE LA),46.19714,6.25314,Plein jour,En agglomération,Hors intersection,Normale,Autre collision,4,2,2,0,2,1,1,0,1,50,,3,2,0,0,1,38.0,25.0,,,1,2,1,1,6
202100023691,2021-08-17 20:20:00,2021,8,17,20,20,71,71153,Avenue de l’Europe,46.8083964573,4.4233362152,Plein jour,En agglomération,Hors intersection,Normale,Autre collision,4,2,2,0,1,1,1,0,4,50,,2,0,0,1,1,21.0,,,,1,2,1,1,6
202100023692,2021-08-17 12:40:00,2021,8,17,12,40,69,69264,MALADIERE (DE LA) (R),45.9788296972,4.7156399488,Plein jour,En agglomération,Hors intersection,Normale,Deux véhicules - côté,3,2,3,0,1,2,1,0,1,50,,2,1,0,0,1,52.0,35.0,,,1,2,1,1,3
202100023693,2021-08-17 00:00:00,2021,8,17,0,0,67,67482,ROMAINS (ROUTE DES),48.57969,7.69795,Nuit avec éclairage non allumé,En agglomération,Hors intersection,Normale,Deux véhicules - côté,4,2,3,1,1,1,1,9,1,50,,2,1,0,0,1,46.0,,,,4,2,1,1,3
202100023694,2021-08-16 20:00:00,2021,8,16,20,0,67,67462,RN 83 SUD,48.24892,7.43644,Plein jour,En agglomération,Hors intersection,Temps couvert,Deux véhicules - côté,3,3,2,0,1,1,1,5,1,50,,2,1,0,0,1,65.0,41.0,,,1,2,1,8,3
202100023695,2021-08-16 18:12:00,2021,8,16,18,12,66,66136,BLANC AVENUE ROSETTE,42.69942,2.91671,Plein jour,Hors agglomération,Hors intersection,Normale,Deux véhicules - arrière,3,2,2,0,2,4,1,0,1,70,,2,1,0,0,1,23.0,54.0,,,1,1,1,1,2