accident_id,datetime,annee,mois,jour,heure,minute,departement,commune_insee,adresse,latitude,longitude,luminosite,agglomeration,intersection,meteo,collision,catr,circ,nbv,vosp,prof,plan,surf,infra,situ,vma,nb_vehicules,nb_usagers,nb_indemnes,nb_tues,nb_blesses_hosp,nb_blesses_legers,age_cond_1,age_cond_2,veh_type_cond_1,veh_type_cond_2,lum_code,agg_code,int_code,atm_code,col_code
202100023696,2021-08-17 12:30:00,2021,8,17,12,30,65,65417,MAI (RUE DU 8),43.223787,0.10613,Plein jour,En agglomération,Hors intersection,Normale,Autre collision,4,2,2,0,1,1,1,0,1,50,,1,0,0,0,1,19.0,,,,1,2,1,1,6
202100023697,2021-08-17 13:15:00,2021,8,17,13,15,64,64483,SAINT PEE (VIEILLE ROUTE DE),43.39105,-1.62897,Plein jour,Hors agglomération,Hors intersection,Temps couvert,Deux véhicules - frontale,3,2,2,0,2,3,1,0,1,50,,2,1,0,1,0,30.0,38.0,,,1,1,1,8,1
202100023698,2021-08-17 11:45:00,2021,8,17,11,45,59,59599,GAMBETTA (BOULEVARD),50.7106768592,3.1595335901,Plein jour,En agglomération,Hors intersection,Normale,Autre collision,7,2,4,0,1,1,1,0,1,50,,2,1,0,0,1,,,,,1,2,1,1,6
202100023699,2021-08-17 17:40:00,2021,8,17,17,40,59,59009,DOUMER PAUL RUE DU PRESIDENT,50.6059,3.14725,Plein jour,En agglomération,Giratoire,Pluie légère,Deux véhicules - côté,7,2,2,0,1,1,2,5,1,50,,2,1,0,0,1,45.0,56.0,,,1,2,6,2,3
202100023700,2021-08-15 11:30:00,2021,8,15,11,30,59,59431,MENEGATTE (RUE DE LA),50.7013,2.81653,Plein jour,Hors agglomération,Passage à niveau,Normale,Deux véhicules - frontale,4,2,1,0,1,2,1,4,1,70,,2,1,0,1,0,68.0,19.0,,,1,1,8,1,1
202100023701,2021-08-13 16:10:00,2021,8,13,16,10,57,57672,CLEMENCEAU (AVENUE) 1 A 31 ET 2 A 72,49.3593,6.17003,Plein jour,En agglomération,Place,Normale,Deux véhicules - frontale,4,1,0,0,1,1,1,0,1,50,,2,1,0,1,0,26.0,47.0,,,1,2,7,1,1
202100023702,2021-08-16 12:27:00,2021,8,16,12,27,56,56098,STALINGRAD ( AV. ET IMP. ),47.75915,-3.34193,Plein jour,En agglomération,Intersection en X,Normale,Deux véhicules - côté,4,2,2,0,1,1,1,0,1,30,,2,1,0,0,1,66.0,31.0,,,1,2,2,1,3
202100023703,2021-08-12 20:20:00,2021,8,12,20,20,56,56098,Avenue François Billoux,47.76173,-3.34686,Plein jour,En agglomération,Giratoire,Normale,Deux véhicules - côté,4,2,2,3,1,2,1,5,6,30,,2,0,0,0,2,21.0,22.0,,,1,2,6,1,3
202100023704,2021-08-17 19:24:00,2021,8,17,19,24,54,54197,LUPCOURT (ROUTE DE),48.62618,6.21828,Crépuscule ou aube,Hors agglomération,Autre intersection,Normale,Deux véhicules - côté,7,4,1,0,2,1,1,2,1,70,,6,5,0,0,1,65.0,37.0,,,2,1,9,1,3
202100023705,2021-08-17 13:45:00,2021,8,17,13,45,54,54578,MULLER (AVENUE PAUL),48.6682023228,6.1474279805,Plein jour,En agglomération,Hors intersection,Normale,Deux véhicules - arrière,4,2,2,0,2,1,1,0,1,50,,2,1,0,0,1,48.0,19.0,,,1,2,1,1,2
202100023706,2021-08-17 11:40:00,2021,8,17,11,40,54,54395,MOUILLERON (RUE GABRIEL),48.6844,6.1728,Plein jour,En agglomération,Intersection en X,Normale,Deux véhicules - côté,4,1,1,2,1,1,1,0,1,30,,2,1,0,0,1,27.0,61.0,,,1,2,2,1,3
202100023707,2021-08-17 17:10:00,2021,8,17,17,10,51,51573,Rue Charles Boucton,49.2533516042,3.9791087348,Plein jour,En agglomération,Giratoire,Normale,Deux véhicules - arrière,4,4,2,0,1,1,1,5,1,50,,3,2,0,0,1,23.0,50.0,,,1,2,6,1,2
202100023708,2021-08-17 09:55:00,2021,8,17,9,55,45,45068,Avenue du Général Leclerc,48.015666,2.738701,Plein jour,En agglomération,Intersection en T,Normale,Deux véhicules - côté,3,2,2,0,1,1,1,0,1,50,,2,1,0,0,1,91.0,71.0,,,1,2,3,1,3
202100023709,2021-08-16 18:45:00,2021,8,16,18,45,44,44162,BOULEVARD DU MASSACRE,47.22834,-1.59863,Plein jour,En agglomération,Hors intersection,Normale,Autre collision,4,2,2,2,1,1,1,0,1,50,,2,1,1,0,0,22.0,,,,1,2,1,1,6
202100023710,2021-08-17 12:10:00,2021,8,17,12,10,41,41226,COMTE (RUE AUGUSTE),47.80409,1.07468,Plein jour,En agglomération,Hors intersection,Normale,Autre collision,3,2,2,0,1,1,1,0,1,50,,1,0,0,1,0,18.0,,,,1,2,1,1,6
202100023711,2021-08-17 15:00:00,2021,8,17,15,0,37,37261,MAGINOT (AV. ANDRE),47.4238015437,0.6982927332,Plein jour,En agglomération,Hors intersection,Normale,Deux véhicules - arrière,4,2,4,0,1,1,1,0,1,50,,3,2,0,0,1,35.0,28.0,,,1,2,1,1,2
202100023712,2021-08-17 10:56:00,2021,8,17,10,56,35,35238,LORIENT (DE),48.10742,-1.71649,Plein jour,En agglomération,Intersection en T,Normale,Deux véhicules - arrière,2,3,4,3,1,1,1,0,1,50,,4,3,0,0,1,47.0,39.0,,,1,2,3,1,2
202100023713,2021-08-15 17:40:00,2021,8,15,17,40,34,34032,ROUTE DE MURVIEL (RD.19 - SECT.3),43.35115,3.2027,Plein jour,Hors agglomération,Hors intersection,Normale,Autre collision,3,2,2,0,1,1,1,0,3,70,,2,1,0,1,0,21.0,,,,1,1,1,1,6
202100023714,2021-08-17 09:00:00,2021,8,17,9,0,33,33063,Cours Victor Hugo,44.83496,-0.57047,Plein jour,En agglomération,Hors intersection,Normale,Deux véhicules - côté,4,2,2,3,1,1,1,-1,5,50,,2,1,0,0,1,27.0,50.0,,,1,2,1,1,3
202100023715,2021-08-17 04:45:00,2021,8,17,4,45,33,33162,RUE DE LANGLET,44.88942,-0.63117,Nuit avec éclairage allumé,En agglomération,Intersection en T,Normale,Deux véhicules - côté,4,3,2,0,1,1,1,0,1,50,,2,1,0,0,1,29.0,27.0,,,5,2,3,1,3
202100023716,2021-08-18 00:10:00,2021,8,18,0,10,33,33529,PETIT PRINCE (RUE DU),44.62052,-1.13844,Nuit sans éclairage public,En agglomération,Hors intersection,Normale,Sans collision,4,-1,2,0,1,1,1,0,1,50,,1,0,0,0,1,20.0,,,,3,2,1,1,7
202100023717,2021-08-17 11:06:00,2021,8,17,11,6,29,29051,D115 - Route d’Elliant,47.99404612,-4.04875319,Plein jour,Hors agglomération,Intersection en T,Normale,Deux véhicules - frontale,3,2,2,0,1,1,1,5,1,70,,2,1,0,0,1,26.0,56.0,,,1,1,3,1,1
202100023718,2021-08-17 17:00:00,2021,8,17,17,0,26,26362,43 Rue des Frères Montgolfier,44.91932,4.90126,Plein jour,En agglomération,Hors intersection,Normale,Deux véhicules - côté,4,2,2,0,1,1,1,0,1,50,,2,1,0,0,1,45.0,22.0,,,1,2,1,1,3
202100023719,2021-08-16 20:10:00,2021,8,16,20,10,18,18279,BAS DE GRANGE (RUE ET PLACE),47.2251744978,2.0504133403,Plein jour,En agglomération,Intersection en X,Normale,Deux véhicules - frontale,4,2,2,0,1,1,1,0,1,50,,3,1,0,0,2,31.0,,,,1,2,2,1,1
202100023720,2021-08-17 22:30:00,2021,8,17,22,30,17,17333,SUZAC (AVENUE DE),45.589765,-0.987248,Nuit avec éclairage allumé,En agglomération,Giratoire,Normale,Deux véhicules - frontale,3,2,2,0,1,1,1,5,1,50,,3,1,0,0,2,21.0,22.0,,,5,2,6,1,1
202100023721,2021-08-17 09:45:00,2021,8,17,9,45,17,17306,HEDDE (AVENUE DANIEL),45.62926,-1.03228,Plein jour,En agglomération,Hors intersection,Normale,Deux véhicules - côté,4,3,2,2,2,1,1,0,5,50,,2,1,0,0,1,70.0,19.0,,,1,2,1,1,3
202100023722,2021-08-16 12:00:00,2021,8,16,12,0,17,17306,BOUCHET LOUIS (AVENUE),45.631945,-0.985541,Plein jour,En agglomération,Intersection en X,Pluie légère,Deux véhicules - arrière,2,2,2,0,1,1,2,0,1,50,,5,3,0,0,2,41.0,40.0,,,1,2,2,2,2
202100023723,2021-08-17 13:45:00,2021,8,17,13,45,14,14715,Rue du Chancelier,49.36828,0.08066,Plein jour,En agglomération,Hors intersection,Normale,Autre collision,4,1,1,0,1,1,1,0,1,50,,1,0,0,0,1,75.0,,,,1,2,1,1,6
202100023724,2021-08-16 21:35:00,2021,8,16,21,35,14,14118,D405,49.17023,-0.38447,Crépuscule ou aube,En agglomération,Hors intersection,Normale,Deux véhicules - frontale,3,2,0,0,4,1,1,0,1,50,,2,1,0,0,1,41.0,22.0,,,2,2,1,1,1
202100023725,2021-08-17 13:10:00,2021,8,17,13,10,13,13206,PARADIS (RUE),43.2831989163,5.3810997142,Plein jour,En agglomération,Intersection en X,Normale,Deux véhicules - côté,4,1,2,0,2,1,1,5,1,50,,2,1,0,0,1,28.0,15.0,,,1,2,2,1,3
202100023726,2021-08-17 13:00:00,2021,8,17,13,0,13,13213,CHEMIN DU MERLAN A LA ROSE ,43.3302884426,5.41268041,Plein jour,En agglomération,Hors intersection,Normale,Autre collision,4,2,2,0,1,1,1,0,1,50,,4,2,0,0,2,,,,,1,2,1,1,6
202100023727,2021-08-17 14:00:00,2021,8,17,14,0,13,13212,ENCO DE BOTTE (RTE),43.317,5.469,Plein jour,En agglomération,Giratoire,Normale,Sans collision,7,2,2,0,1,1,1,0,1,50,,2,1,0,0,1,53.0,40.0,,,1,2,6,1,7
202100023728,2021-08-17 09:00:00,2021,8,17,9,0,13,13202,BASSINS DE RADOUB (BOULEVARD DES),43.3267,5.35843,Plein jour,En agglomération,Intersection en T,Normale,Deux véhicules - côté,7,1,2,0,1,1,1,0,1,50,,2,1,0,0,1,28.0,44.0,,,1,2,3,1,3
202100023729,2021-08-12 03:12:00,2021,8,12,3,12,13,13214,CLAUDE MONET (avenue),43.32688,5.39551,Nuit avec éclairage allumé,En agglomération,Hors intersection,Normale,Sans collision,4,2,2,0,2,3,1,0,3,50,,2,0,1,1,0,18.0,,,,5,2,1,1,7
202100023730,2021-08-16 16:23:00,2021,8,16,16,23,10,10387,LUCIEN MOREL PAYEN (RUE),48.3052101177,4.0893888784,Plein jour,En agglomération,Hors intersection,Temps couvert,Autre collision,4,-1,-1,0,1,1,1,0,6,30,,2,1,0,0,1,33.0,,,,1,2,1,8,6
202100023731,2021-08-16 13:05:00,2021,8,16,13,5,10,10265,JEAN DE LA FONTAINE (RUE),48.29976,4.04523,Plein jour,En agglomération,Intersection en T,Normale,Deux véhicules - côté,3,2,2,0,1,1,1,0,1,50,,3,0,0,0,3,56.0,49.0,,,1,2,3,1,3
202100023732,2021-08-17 20:00:00,2021,8,17,20,0,07,07231,,44.5908,4.39379,Plein jour,Hors agglomération,Hors intersection,Normale,Sans collision,3,2,2,0,1,2,1,0,1,80,,2,0,0,0,2,39.0,,,,1,1,1,1,7
202100023733,2021-08-16 23:05:00,2021,8,16,23,5,07,07019,JEAN MATHON(BOULEVARD),44.61019,4.388,Nuit avec éclairage allumé,En agglomération,Intersection en T,Normale,Sans collision,4,2,2,0,2,1,1,0,4,50,,1,0,0,1,0,46.0,,,,5,2,3,1,7
202100023734,2021-08-14 14:25:00,2021,8,14,14,25,06,06083,GORBIO (ROUTE DE),43.773508,7.476759,Plein jour,En agglomération,Hors intersection,Normale,Trois véhicules et plus - collisions multiples,3,2,2,0,2,3,1,0,1,50,,10,4,0,1,5,36.0,46.0,,,1,2,1,1,5
202100023735,2021-08-17 10:30:00,2021,8,17,10,30,75,75120,BD PERIPHERIQUE EXTERIEUR,48.8766857941,2.409516871,Plein jour,En agglomération,Hors intersection,Temps couvert,Deux véhicules - côté,4,1,4,0,1,1,1,0,1,70,,2,1,0,0,1,51.0,25.0,,,1,2,1,8,3
202100023736,2021-08-17 07:00:00,2021,8,17,7,0,75,75114,BD PERIPHERIQUE INTERIEUR,48.82146,2.319226,Plein jour,En agglomération,Hors intersection,Normale,Autre collision,4,1,3,0,1,1,1,0,1,70,,2,1,0,0,1,23.0,,,,1,2,1,1,6
202100023737,2021-08-17 06:29:00,2021,8,17,6,29,75,75112,AVENUE DAUMESNIL,48.846008,2.378011,Crépuscule ou aube,En agglomération,Intersection en X,Normale,Autre collision,4,2,4,0,1,1,1,0,1,50,,1,0,0,1,0,39.0,,,,2,2,2,1,6
202100023738,2021-08-14 19:05:00,2021,8,14,19,5,75,75110,BOULEVARD DE LA CHAPELLE,48.884271,2.358816,Plein jour,En agglomération,Hors intersection,Temps éblouissant,Trois véhicules et plus - en chaîne,4,3,2,0,1,1,1,0,1,50,,18,13,0,0,5,23.0,29.0,,,1,2,1,7,4
202100023739,2021-08-16 15:20:00,2021,8,16,15,20,75,75117,RUE LEGENDRE,48.891591,2.325808,Plein jour,En agglomération,Hors intersection,Normale,Deux véhicules - côté,4,2,2,0,1,1,1,0,1,30,,2,1,0,0,1,35.0,34.0,,,1,2,1,1,3
202100023740,2021-08-17 21:00:00,2021,8,17,21,0,75,75115,RUE DU THEATRE,48.8502,2.284915,Nuit avec éclairage allumé,En agglomération,Intersection en X,Normale,Deux véhicules - côté,4,2,2,0,1,1,1,0,1,30,,2,1,0,0,1,40.0,72.0,,,5,2,2,1,3
202100023741,2021-08-16 17:45:00,2021,8,16,17,45,75,75112,SOUTERRAIN BERCY,48.830822,2.385755,Plein jour,En agglomération,Hors intersection,Normale,Trois véhicules et plus - en chaîne,4,3,3,0,2,1,1,0,1,50,,5,4,0,0,1,24.0,25.0,,,1,2,1,1,4
202100023742,2021-08-16 12:30:00,2021,8,16,12,30,75,75112,AVENUE DE NOGENT,48.841086,2.451399,Plein jour,En agglomération,Hors intersection,Temps couvert,Deux véhicules - frontale,4,2,4,0,1,1,1,0,1,50,,3,0,0,0,3,61.0,57.0,,,1,2,1,8,1
202100023743,2021-08-17 17:56:00,2021,8,17,17,56,75,75114,RUE D ALESIA,48.830552,2.3193,Plein jour,En agglomération,Intersection à plus de 4 branches,Normale,Deux véhicules - côté,4,2,3,0,1,1,1,0,1,50,,4,3,0,0,1,28.0,26.0,,,1,2,5,1,3
202100023744,2021-08-16 21:46:00,2021,8,16,21,46,75,75107,AVENUE BOSQUET,48.861882,2.302024,Nuit avec éclairage allumé,En agglomération,Intersection en X,Normale,Autre collision,4,2,4,0,1,1,1,0,1,50,,1,0,0,0,1,27.0,,,,5,2,2,1,6
202100023745,2021-08-17 09:15:00,2021,8,17,9,15,75,75101,PLACE DU CARROUSEL,48.860102,2.333321,Plein jour,En agglomération,Intersection en X,Normale,Deux véhicules - côté,4,3,1,0,1,1,1,2,1,50,,2,1,0,0,1,52.0,51.0,,,1,2,2,1,3
202100023746,2021-08-17 15:00:00,2021,8,17,15,0,94,94003,Avenue Vladimir Ilitch Lenine,48.81212,2.33125,Plein jour,En agglomération,Intersection en X,Normale,Deux véhicules - côté,4,-1,2,0,1,1,1,0,1,50,,2,1,0,0,1,41.0,29.0,,,1,2,2,1,3
202100023747,2021-08-17 17:10:00,2021,8,17,17,10,94,94065,Zone SOGARIS,48.75142,2.36107,Plein jour,Hors agglomération,Giratoire,Normale,Autre collision,5,3,4,0,1,1,1,7,1,50,,1,0,0,0,1,40.0,,,,1,1,6,1,6
202100023748,2021-08-16 11:00:00,2021,8,16,11,0,94,94011,Rue Pierre Sémard,48.76269,2.47871,Plein jour,En agglomération,Hors intersection,Normale,Deux véhicules - côté,3,3,4,0,1,3,1,5,1,50,,2,0,0,0,2,56.0,28.0,,,1,2,1,1,3
202100023749,2021-08-17 13:45:00,2021,8,17,13,45,94,94017,Avenue Salvador Allendé,48.80844,2.55845,Plein jour,En agglomération,Hors intersection,Temps couvert,Deux véhicules - côté,3,1,0,1,1,1,1,0,1,50,,2,1,0,0,1,82.0,20.0,,,1,2,1,8,3
202100023750,2021-08-17 17:53:00,2021,8,17,17,53,93,93077,Avenue Outrebon,48.888865,2.511053,Plein jour,En agglomération,Hors intersection,Normale,Deux véhicules - côté,3,1,1,0,1,1,1,0,1,50,,2,1,0,0,1,47.0,35.0,,,1,2,1,1,3
202100023751,2021-08-17 17:40:00,2021,8,17,17,40,93,93055,JEAN LOLIVE (AVENUE)(137/FIN ET 134/FIN),48.89445,2.41982,Plein jour,En agglomération,Hors intersection,Temps couvert,Deux véhicules - côté,3,2,0,3,1,1,1,0,1,50,,3,2,0,0,1,53.0,29.0,,,1,2,1,8,3
202100023752,2021-08-17 21:30:00,2021,8,17,21,30,93,93046,Allée Bayard / Allée Jeanne d’Arc,48.908326,2.520904,Nuit avec éclairage allumé,En agglomération,Intersection en X,Normale,Deux véhicules - côté,4,1,1,0,1,1,1,0,1,50,,2,1,0,1,0,28.0,28.0,,,5,2,2,1,3
202100023753,2021-08-16 21:55:00,2021,8,16,21,55,93,93032,PAUL VAILLANT COUTURIER (RUE),48.87146,2.55435,Nuit avec éclairage allumé,En agglomération,Intersection en T,Normale,Deux véhicules - arrière,3,2,2,0,1,1,1,0,1,50,,2,0,0,0,2,43.0,44.0,,,5,2,3,1,2
202100023754,2021-08-17 20:45:00,2021,8,17,20,45,93,93001,MADELEINE VIONNET(RUE),48.90479,2.375813,Crépuscule ou aube,En agglomération,Hors intersection,Normale,Deux véhicules - frontale,4,3,0,0,1,1,1,0,1,50,,2,1,0,1,0,27.0,,,,2,2,1,1,1
202100023755,2021-08-17 19:35:00,2021,8,17,19,35,92,92046,PIERRE LAROUSSE (AVENUE),48.8195405662,2.3061311245,Plein jour,En agglomération,Intersection en X,Normale,Deux véhicules - côté,3,2,-1,0,1,1,1,5,8,50,,3,1,0,0,2,13.0,34.0,,,1,2,2,1,3
202100023756,2021-08-17 11:05:00,2021,8,17,11,5,92,92062,GENERAL DE GAULLE (AVENUE DU),48.88809,2.23492,Plein jour,En agglomération,Hors intersection,Normale,Deux véhicules - arrière,3,1,3,0,1,2,1,8,1,30,,2,1,0,0,1,54.0,49.0,,,1,2,1,1,2
202100023757,2021-08-15 16:00:00,2021,8,15,16,0,14,14764,D23,48.885503,-0.415184,Plein jour,Hors agglomération,Hors intersection,Normale,Sans collision,3,2,2,0,2,1,1,0,1,80,,1,0,0,0,1,41.0,,,,1,1,1,1,7
202100023758,2021-08-18 14:55:00,2021,8,18,14,55,51,51016,D13,48.599892,4.703093,Plein jour,Hors agglomération,Hors intersection,Temps couvert,Deux véhicules - côté,3,2,2,0,1,2,2,0,1,70,,4,0,0,0,4,34.0,42.0,,,1,1,1,8,3
202100023759,2021-08-17 19:15:00,2021,8,17,19,15,51,51583,D16,48.692223,4.945698,Crépuscule ou aube,Hors agglomération,Hors intersection,Temps couvert,Sans collision,3,2,2,0,2,3,1,0,8,80,,1,0,0,1,0,19.0,,,,2,1,1,8,7
202100023760,2021-08-17 10:00:00,2021,8,17,10,0,01,01092,D904,45.963982,5.258272,Plein jour,Hors agglomération,Hors intersection,Normale,Trois véhicules et plus - collisions multiples,3,2,2,0,1,1,1,0,1,80,,3,0,2,0,1,90.0,72.0,,,1,1,1,1,5
202100023761,2021-08-17 17:00:00,2021,8,17,17,0,69,69279,LYON (DE) (RTE),45.7997676594,5.0597459078,Plein jour,En agglomération,Giratoire,Normale,Deux véhicules - côté,7,2,2,0,1,2,1,5,1,50,,2,1,0,1,0,59.0,60.0,,,1,2,6,1,3
202100023762,2021-08-18 06:20:00,2021,8,18,6,20,83,83148,RD72,43.409596,6.434807,Plein jour,Hors agglomération,Hors intersection,Normale,Sans collision,3,2,2,0,1,1,1,0,3,80,,2,1,0,0,1,21.0,,,,1,1,1,1,7
202100023763,2021-08-17 20:30:00,2021,8,17,20,30,62,62618,D943,50.808406,2.092847,Plein jour,Hors agglomération,Hors intersection,Normale,Deux véhicules - frontale,3,2,2,0,1,3,1,0,1,80,,5,0,0,3,2,22.0,60.0,,,1,1,1,1,1
202100023764,2021-08-18 08:10:00,2021,8,18,8,10,74,74213,D14,45.914863,6.053833,Plein jour,En agglomération,Hors intersection,Normale,Deux véhicules - frontale,3,2,2,1,1,3,1,0,5,-1,,2,1,0,1,0,21.0,63.0,,,1,2,1,1,1
202100023765,2021-08-17 10:30:00,2021,8,17,10,30,87,87201,D20,45.829215,1.165124,Plein jour,Hors agglomération,Hors intersection,Normale,Autre collision,3,2,2,0,2,1,1,0,3,80,,1,0,0,1,0,19.0,,,,1,1,1,1,6
202100023766,2021-08-16 18:40:00,2021,8,16,18,40,34,34088,d5,43.568833,3.736145,Plein jour,Hors agglomération,Intersection en T,Temps éblouissant,Deux véhicules - côté,7,2,2,0,1,1,1,0,1,-1,,2,1,0,1,0,35.0,34.0,,,1,1,3,7,3
202100023767,2021-08-16 10:35:00,2021,8,16,10,35,57,57733,route communale 01,49.317283,6.254225,Plein jour,Hors agglomération,Hors intersection,Normale,Trois véhicules et plus - collisions multiples,4,2,2,0,1,1,1,0,1,80,,5,4,0,1,0,51.0,22.0,,,1,1,1,1,5
202100023768,2021-08-17 15:10:00,2021,8,17,15,10,56,56199,60 Rue Nicolas le Grand,48.127512,-3.71531,Plein jour,En agglomération,Hors intersection,Normale,Autre collision,3,2,2,0,1,1,1,0,4,50,,1,0,0,1,0,69.0,,,,1,2,1,1,6
202100023769,2021-08-17 16:00:00,2021,8,17,16,0,32,32104,D104,43.487587,0.562888,Plein jour,Hors agglomération,Hors intersection,Normale,Autre collision,3,2,2,0,2,2,1,0,3,80,,1,0,0,1,0,61.0,,,,1,1,1,1,6
202100023770,2021-08-15 09:40:00,2021,8,15,9,40,71,71318,805 Route de Varennes,46.5499592732,5.1706275317,Plein jour,Hors agglomération,Intersection en Y,Normale,Sans collision,3,2,2,0,1,1,1,0,1,80,,1,0,0,1,0,52.0,,,,1,1,4,1,7
202100023771,2021-08-15 02:35:00,2021,8,15,2,35,61,61167,86 Rue Grande - GLOS LA FERRIÈRE,48.859865,0.600739,Nuit sans éclairage public,En agglomération,Giratoire,Normale,Autre collision,3,2,2,0,1,1,1,0,4,50,,1,0,0,1,0,38.0,,,,3,2,6,1,6
202100023772,2021-08-17 13:45:00,2021,8,17,13,45,61,61168,D916,48.575095,-0.372639,Plein jour,Hors agglomération,Hors intersection,Normale,Deux véhicules - arrière,3,2,2,0,1,3,1,0,1,70,,2,1,0,0,1,49.0,61.0,,,1,1,1,1,2
202100023773,2021-08-15 22:45:00,2021,8,15,22,45,42,42323,Avenue Henri Planchet,45.563983,4.291053,Nuit avec éclairage allumé,En agglomération,Hors intersection,Normale,Deux véhicules - côté,3,2,2,0,1,1,1,0,1,50,,2,1,0,1,0,14.0,17.0,,,5,2,1,1,3
202100023774,2021-08-17 17:40:00,2021,8,17,17,40,42,42240,D96,45.4880630755,3.9995451271,Plein jour,Hors agglomération,Hors intersection,Normale,Autre collision,3,2,2,0,2,2,1,0,8,80,,1,0,0,1,0,60.0,,,,1,1,1,1,6
202100023775,2021-08-17 19:00:00,2021,8,17,19,0,41,41218,Rue de l Epinetterie,47.276539,1.765586,Plein jour,En agglomération,Intersection en X,Normale,Sans collision,4,2,2,0,1,3,1,0,1,50,,1,0,0,1,0,47.0,,,,1,2,2,1,7
202100023776,2021-08-17 18:20:00,2021,8,17,18,20,25,25262,D461,47.140852,6.610587,Plein jour,Hors agglomération,Hors intersection,Normale,Sans collision,3,2,2,0,1,2,1,0,1,80,,1,0,0,1,0,53.0,,,,1,1,1,1,7
202100023777,2021-08-16 19:00:00,2021,8,16,19,0,44,44005,Mal Hara (Chéméré),47.132099,-1.881638,Plein jour,Hors agglomération,Intersection en T,Normale,Deux véhicules - arrière,3,2,2,0,1,1,1,0,1,80,,2,1,0,1,0,41.0,18.0,,,1,1,3,1,2
202100023778,2021-08-14 13:30:00,2021,8,14,13,30,44,44003,Rue René Urien,47.37066,-1.186917,Plein jour,En agglomération,Hors intersection,Normale,Autre collision,4,2,2,0,1,1,1,0,4,50,,1,0,0,1,0,55.0,,,,1,2,1,1,6
202100023779,2021-08-17 15:30:00,2021,8,17,15,30,29,29134,D63,48.093832,-4.212699,Plein jour,Hors agglomération,Hors intersection,Normale,Autre collision,3,2,2,0,1,1,1,0,3,80,,4,3,1,0,0,55.0,,,,1,1,1,1,6
202100023780,2021-08-16 13:35:00,2021,8,16,13,35,31,31436,pk 25 D23,43.342955,1.029056,Plein jour,Hors agglomération,Hors intersection,Normale,Autre collision,3,2,2,0,1,1,1,0,3,-1,,1,0,0,0,1,29.0,,,,1,1,1,1,6
202100023781,2021-08-17 15:45:00,2021,8,17,15,45,31,31490,Route de Saint-Caprais,43.744169,1.3654,Plein jour,En agglomération,Giratoire,Normale,Sans collision,7,2,2,0,1,2,1,0,1,50,,1,0,0,1,0,20.0,,,,1,2,6,1,7
202100023782,2021-08-18 08:45:00,2021,8,18,8,45,02,02810,D231,49.266054,3.13149,Plein jour,Hors agglomération,Giratoire,Pluie légère,Deux véhicules - côté,3,2,2,0,1,1,2,5,1,80,,2,1,0,0,1,23.0,36.0,,,1,1,6,2,3
202100023783,2021-07-06 12:00:00,2021,7,6,12,0,03,03195,RD 2144,46.293912,2.652431,Plein jour,En agglomération,Hors intersection,Normale,Deux véhicules - côté,3,2,2,0,2,2,1,0,1,50,,4,2,0,2,0,34.0,74.0,,,1,2,1,1,3
202100023784,2021-08-18 08:15:00,2021,8,18,8,15,66,66025,Avenue des Guinguettes,42.4334162001,1.9478305802,Crépuscule ou aube,En agglomération,Hors intersection,Normale,Autre collision,2,2,2,0,1,1,1,0,1,50,,2,1,0,0,1,20.0,,,,2,2,1,1,6
202100023785,2021-08-17 13:45:00,2021,8,17,13,45,06,06038,Route de Gourdon,43.683484,6.973121,Plein jour,Hors agglomération,Hors intersection,Normale,Sans collision,3,2,2,0,2,4,1,0,1,50,,2,1,0,0,1,39.0,21.0,,,1,1,1,1,7
202100023786,2021-08-17 19:10:00,2021,8,17,19,10,06,06079,avenue du maréchal lyautey,43.55094,6.946974,Plein jour,En agglomération,Autre intersection,Temps éblouissant,Deux véhicules - frontale,3,3,2,3,1,1,1,0,1,50,,2,1,0,1,0,50.0,30.0,,,1,2,9,7,1
202100023787,2021-08-18 10:10:00,2021,8,18,10,10,05,05098,route départementale 40,44.509208,6.561177,Plein jour,Hors agglomération,Hors intersection,Normale,Deux véhicules - frontale,3,2,2,0,2,4,1,0,1,80,,6,4,0,2,0,75.0,30.0,,,1,1,1,1,1
202100023788,2021-08-18 16:15:00,2021,8,18,16,15,05,05132,route du domaine,44.663571,6.103678,Plein jour,Hors agglomération,Hors intersection,Normale,Autre collision,3,2,2,0,1,1,1,0,3,50,,1,0,0,1,0,73.0,,,,1,1,1,1,6
202100023789,2021-08-17 10:35:00,2021,8,17,10,35,05,05176,VALSERRES,44.476551,6.115297,Plein jour,Hors agglomération,Autre intersection,Normale,Autre collision,3,2,2,0,1,2,1,0,3,90,,1,0,0,1,0,58.0,,,,1,1,9,1,6
202100023790,2021-08-17 17:00:00,2021,8,17,17,0,50,50151,Boulevard de la Mer,49.199499,-1.578587,Plein jour,En agglomération,Intersection en T,Normale,Autre collision,3,2,2,0,1,1,1,0,3,50,,1,0,0,1,0,39.0,,,,1,2,3,1,6
202100023791,2021-08-15 10:10:00,2021,8,15,10,10,45,45061,Avenue des Acacias,48.0378932619,2.7475909169,Plein jour,Hors agglomération,Intersection en T,Temps éblouissant,Deux véhicules - côté,3,2,2,0,2,1,1,0,1,50,,2,1,0,1,0,73.0,67.0,,,1,1,3,7,3
202100023792,2021-08-12 12:57:00,2021,8,12,12,57,64,64065,Route Departementale 918,43.359861,-1.634334,Plein jour,En agglomération,Autre intersection,Normale,Deux véhicules - arrière,3,2,2,0,1,1,1,0,1,50,,2,1,0,1,0,52.0,75.0,,,1,2,9,1,2