accident_id,datetime,annee,mois,jour,heure,minute,departement,commune_insee,adresse,latitude,longitude,luminosite,agglomeration,intersection,meteo,collision,catr,circ,nbv,vosp,prof,plan,surf,infra,situ,vma,nb_vehicules,nb_usagers,nb_indemnes,nb_tues,nb_blesses_hosp,nb_blesses_legers,age_cond_1,age_cond_2,veh_type_cond_1,veh_type_cond_2,lum_code,agg_code,int_code,atm_code,col_code
202100023793,2021-08-16 23:00:00,2021,8,16,23,0,53,53089,La Mourandière,47.760315,-0.639782,Nuit sans éclairage public,Hors agglomération,Hors intersection,Normale,Deux véhicules - arrière,3,2,2,0,3,1,1,0,1,80,,2,1,0,0,1,35.0,40.0,,,3,1,1,1,2
202100023794,2021-08-13 10:15:00,2021,8,13,10,15,21,21076,D961,47.326461,5.289295,Plein jour,Hors agglomération,Intersection en T,Normale,Deux véhicules - côté,3,2,2,0,1,1,1,0,3,90,,2,1,0,1,0,25.0,20.0,,,1,1,3,1,3
202100023795,2021-08-18 14:30:00,2021,8,18,14,30,24,24472,D14e2,44.804235,0.540519,Plein jour,Hors agglomération,Intersection en X,Normale,Deux véhicules - côté,3,2,2,0,1,1,1,0,1,80,,3,2,1,0,0,65.0,26.0,,,1,1,2,1,3
202100023796,2021-08-17 15:39:00,2021,8,17,15,39,87,87060,Les Pomperies,45.615647,0.891362,Plein jour,Hors agglomération,Hors intersection,Normale,Deux véhicules - frontale,3,2,2,0,2,4,1,0,1,50,,2,1,0,1,0,24.0,70.0,,,1,1,1,1,1
202100023797,2021-08-17 10:00:00,2021,8,17,10,0,30,30133,RD62B - rond point dit du Casino,43.525931,4.149442,Plein jour,En agglomération,Giratoire,Normale,Autre collision,3,2,4,1,1,1,1,9,1,50,,3,2,0,1,0,69.0,37.0,,,1,2,6,1,6
202100023798,2021-08-15 13:20:00,2021,8,15,13,20,88,88497,D12,48.275239,6.441829,Plein jour,Hors agglomération,Hors intersection,Normale,Sans collision,3,2,2,0,1,1,1,0,3,80,,1,0,1,0,0,62.0,,,,1,1,1,1,7
202100023799,2021-08-18 02:00:00,2021,8,18,2,0,45,45222,A 77 PK 012+900,48.127014,2.712947,Nuit sans éclairage public,Hors agglomération,Hors intersection,Normale,Deux véhicules - arrière,1,3,4,0,1,1,1,0,1,130,,2,0,1,0,1,56.0,29.0,,,3,1,1,1,2
202100023800,2021-08-18 15:30:00,2021,8,18,15,30,31,31052,"D4, PR 006+640",43.368651,1.332543,Plein jour,Hors agglomération,Hors intersection,Normale,Deux véhicules - frontale,3,2,2,0,1,1,1,0,1,80,,3,1,2,0,0,64.0,45.0,,,1,1,1,1,1
202100023801,2021-08-17 16:30:00,2021,8,17,16,30,987,98715,Route de Puurai,-17.558223,-149.597878,Plein jour,En agglomération,Intersection en Y,Normale,Deux véhicules - frontale,2,3,2,0,1,2,1,3,1,90,,2,1,0,0,1,49.0,32.0,,,1,2,4,1,1
202100023802,2021-08-17 16:05:00,2021,8,17,16,5,69,69019,A6,46.1030400507,4.7533000531,Plein jour,Hors agglomération,Hors intersection,Normale,Trois véhicules et plus - collisions multiples,1,3,6,0,1,1,2,0,1,130,,4,3,0,0,1,,67.0,,,1,1,1,1,5
202100023803,2021-08-17 19:50:00,2021,8,17,19,50,76,76682,autoroute A13 PK 109+400,49.321346,1.100821,Crépuscule ou aube,Hors agglomération,Hors intersection,Normale,Autre collision,1,1,5,0,3,1,1,0,1,110,,5,0,0,0,5,23.0,,,,2,1,1,1,6
202100023804,2021-08-15 17:30:00,2021,8,15,17,30,34,34163,D111,43.653738,3.699474,Plein jour,Hors agglomération,Hors intersection,Normale,Sans collision,3,2,2,0,1,3,1,0,3,80,,1,0,0,1,0,17.0,,,,1,1,1,1,7
202100023805,2021-08-16 17:15:00,2021,8,16,17,15,974,97402,route nationale 2002,-21.002832,55.691561,Plein jour,En agglomération,Intersection en T,Temps couvert,Deux véhicules - frontale,2,2,2,0,2,1,1,0,1,50,,2,1,0,0,1,26.0,24.0,,,1,2,3,8,1
202100023806,2021-08-17 11:50:00,2021,8,17,11,50,973,97312,Route de Pointe Combi,5.317933,-52.948142,Plein jour,Hors agglomération,Hors intersection,Normale,Sans collision,9,2,2,0,1,2,1,0,3,80,,3,2,0,0,1,44.0,,,,1,1,1,1,7
202100023807,2021-08-17 19:30:00,2021,8,17,19,30,971,97134,Route de Grand Croix,16.047694,-61.751268,Nuit sans éclairage public,Hors agglomération,Hors intersection,Normale,Sans collision,4,2,2,0,2,1,1,0,1,50,,1,0,0,1,0,38.0,,,,3,1,1,1,7
202100023808,2021-08-17 19:00:00,2021,8,17,19,0,66,66182,Route départementale 81,42.733854,3.025649,Plein jour,Hors agglomération,Hors intersection,Vent fort / tempête,Deux véhicules - côté,3,2,2,0,1,1,1,3,1,80,,3,2,0,1,0,57.0,51.0,,,1,1,1,6,3
202100023809,2021-08-10 18:30:00,2021,8,10,18,30,34,34042,d108,43.876269,3.716238,Plein jour,Hors agglomération,Autre intersection,Normale,Deux véhicules - arrière,3,2,2,0,1,1,1,0,1,70,,3,2,0,0,1,42.0,23.0,,,1,1,9,1,2
202100023810,2021-08-18 13:00:00,2021,8,18,13,0,83,83016,809 Chemin de Sainte Brigitte,43.192589,5.819581,Plein jour,Hors agglomération,Hors intersection,Normale,Deux véhicules - frontale,4,2,1,0,1,3,1,0,1,50,,2,1,0,0,1,16.0,61.0,,,1,1,1,1,1
202100023811,2021-08-17 20:30:00,2021,8,17,20,30,13,13049,RD538,43.708509,5.084184,Crépuscule ou aube,Hors agglomération,Hors intersection,Vent fort / tempête,Deux véhicules - frontale,4,2,2,0,1,2,1,0,3,80,,3,0,0,1,2,23.0,,,,2,1,1,6,1
202100023812,2021-08-17 17:20:00,2021,8,17,17,20,67,67252,6a Rue de Weyersheim,48.735368,7.800549,Plein jour,En agglomération,Hors intersection,Normale,Deux véhicules - côté,3,2,2,0,1,1,1,0,1,50,,3,2,1,0,0,17.0,23.0,,,1,2,1,1,3
202100023813,2021-08-17 18:40:00,2021,8,17,18,40,88,88073,départementale n°28,48.353971,6.285499,Plein jour,Hors agglomération,Intersection en Y,Normale,Deux véhicules - côté,3,2,2,0,1,3,1,0,1,80,,4,2,0,2,0,20.0,40.0,,,1,1,4,1,3
202100023814,2021-08-17 22:15:00,2021,8,17,22,15,54,54123,RD.974,48.637971,6.13036,Nuit sans éclairage public,Hors agglomération,Hors intersection,Normale,Autre collision,3,2,1,0,3,1,1,0,1,80,,2,1,1,0,0,23.0,,,,3,1,1,1,6
202100023815,2021-08-18 18:48:00,2021,8,18,18,48,38,38376,D520c,45.430342,5.78833,Plein jour,Hors agglomération,Hors intersection,Temps couvert,Sans collision,3,2,2,0,2,3,1,0,1,80,,1,0,0,0,1,41.0,,,,1,1,1,8,7
202100023816,2021-08-18 00:10:00,2021,8,18,0,10,81,81215,Route de Sainte-Cécile,43.788302,1.916787,Nuit sans éclairage public,Hors agglomération,Hors intersection,Normale,Autre collision,4,2,2,0,1,2,1,0,3,80,,2,0,0,1,1,20.0,,,,3,1,1,1,6
202100023817,2021-08-18 08:40:00,2021,8,18,8,40,79,79270,50 Rue Chaigneau,46.408991,-0.208106,Plein jour,En agglomération,Hors intersection,Temps couvert,Autre collision,4,2,2,0,1,1,1,9,4,30,,1,0,0,1,0,45.0,,,,1,2,1,8,6
202100023818,2021-08-17 19:40:00,2021,8,17,19,40,17,17219,Rue Alsace Lorraine,45.826456,-1.108493,Plein jour,En agglomération,Giratoire,Normale,Sans collision,4,1,1,0,1,3,1,5,1,50,,1,0,0,1,0,36.0,,,,1,2,6,1,7
202100023819,2021-08-17 21:25:00,2021,8,17,21,25,47,47094,1450 Route de Marmande,44.454149,0.233793,Crépuscule ou aube,En agglomération,Hors intersection,Normale,Deux véhicules - arrière,3,3,2,0,1,1,1,0,1,80,,2,1,1,0,0,36.0,44.0,,,2,2,1,1,2
202100023820,2021-08-15 15:12:00,2021,8,15,15,12,80,80826,D940,50.1187679254,1.4836603155,Plein jour,Hors agglomération,Hors intersection,Pluie légère,Sans collision,3,2,2,0,1,1,2,0,1,80,,1,0,0,0,1,19.0,,,,1,1,1,2,7
202100023821,2021-08-17 18:15:00,2021,8,17,18,15,62,62793,38 Rue de la Mairie,50.406156,2.641612,Plein jour,En agglomération,Hors intersection,Pluie légère,Deux véhicules - côté,4,2,2,0,1,1,2,0,1,50,,2,1,1,0,0,71.0,20.0,,,1,2,1,2,3
202100023822,2021-08-17 18:50:00,2021,8,17,18,50,13,13019,A51-Sens Aix en Provence vers Marseille,43.4255055108,5.3774814604,Plein jour,Hors agglomération,Hors intersection,Normale,Deux véhicules - arrière,1,3,3,0,1,1,1,0,1,90,,3,1,0,0,2,32.0,29.0,,,1,1,1,1,2
202100023823,2021-08-17 18:15:00,2021,8,17,18,15,13,13019,A51-Sens Marseille vers Aix en Provence,43.4247811516,5.3758704152,Plein jour,Hors agglomération,Hors intersection,Normale,Deux véhicules - arrière,1,1,3,0,1,1,1,0,1,90,,3,1,0,0,2,27.0,51.0,,,1,1,1,1,2
202100023824,2021-08-17 06:19:00,2021,8,17,6,19,13,13117,A7-Sens Lyon vers Marseille,43.42423,5.26521,Crépuscule ou aube,Hors agglomération,Hors intersection,Normale,Trois véhicules et plus - collisions multiples,1,1,2,0,1,1,1,0,1,90,,3,0,0,0,3,37.0,,,,2,1,1,1,5
202100023825,2021-08-17 05:48:00,2021,8,17,5,48,13,13215,A7-Sens Lyon vers Marseille,43.3502,5.3682,Nuit sans éclairage public,Hors agglomération,Hors intersection,Normale,Autre collision,1,-1,3,0,1,1,1,0,1,90,,2,1,0,0,1,22.0,,,,3,1,1,1,6
202100023826,2021-08-16 12:00:00,2021,8,16,12,0,13,13117,A7-Sens Lyon vers Marseille,43.44673,5.24217,Plein jour,Hors agglomération,Hors intersection,Normale,Deux véhicules - arrière,1,1,3,0,1,1,1,0,1,110,,4,3,0,0,1,42.0,18.0,,,1,1,1,1,2
202100023827,2021-08-16 15:05:00,2021,8,16,15,5,69,69199,RD383,45.70869,4.84366,Plein jour,Hors agglomération,Hors intersection,Normale,Sans collision,7,3,6,0,1,1,1,0,1,70,,1,0,0,1,0,44.0,,,,1,1,1,1,7
202100023828,2021-08-16 12:35:00,2021,8,16,12,35,54,54031,Autoroute A 31,48.82497,6.10065,Plein jour,Hors agglomération,Hors intersection,Normale,Deux véhicules - arrière,1,3,4,0,1,1,1,2,1,90,,3,1,0,0,2,37.0,36.0,,,1,1,1,1,2
202100023829,2021-08-13 19:00:00,2021,8,13,19,0,54,54528,Autoroute A 31,48.65035,5.87247,Plein jour,Hors agglomération,Hors intersection,Normale,Sans collision,1,3,5,0,2,1,1,3,3,110,,1,0,0,0,1,49.0,,,,1,1,1,1,7
202100023830,2021-08-15 15:15:00,2021,8,15,15,15,59,59586,AUTOROUTE A23,50.5420523794,3.1951004861,Plein jour,Hors agglomération,Hors intersection,Normale,Deux véhicules - côté,1,1,4,0,1,1,1,0,1,130,,2,1,0,0,1,27.0,33.0,,,1,1,1,1,3
202100023831,2021-08-13 06:10:00,2021,8,13,6,10,59,59215,AUTOROUTE A2,50.352252,3.579183,Crépuscule ou aube,Hors agglomération,Hors intersection,Normale,Deux véhicules - arrière,1,1,4,0,1,1,1,0,1,130,,4,1,0,3,0,60.0,50.0,,,2,1,1,1,2
202100023832,2021-08-16 17:02:00,2021,8,16,17,2,92,92062,A14,48.892501,2.234986,Plein jour,Hors agglomération,Hors intersection,Normale,Deux véhicules - arrière,1,1,2,0,1,1,1,1,2,70,,2,0,0,0,2,34.0,17.0,,,1,1,1,1,2
202100023833,2021-08-17 05:45:00,2021,8,17,5,45,95,95572,RN 184,49.04835,2.134,Nuit sans éclairage public,Hors agglomération,Hors intersection,Normale,Deux véhicules - côté,2,1,4,0,1,2,1,0,1,90,,2,1,0,0,1,31.0,48.0,,,3,1,1,1,3
202100023834,2021-08-16 13:20:00,2021,8,16,13,20,95,95394,RN 184,49.05312,2.16981,Plein jour,Hors agglomération,Hors intersection,Normale,Autre collision,2,-1,4,0,1,1,1,0,1,90,,2,1,0,0,1,56.0,33.0,,,1,1,1,1,6
202100023835,2021-08-16 08:57:00,2021,8,16,8,57,93,93006,AUTOROUTE A3,48.86988,2.43007,Plein jour,Hors agglomération,Hors intersection,Normale,Autre collision,1,3,9,3,1,1,1,1,1,70,,1,0,1,0,0,51.0,,,,1,1,1,1,6
202100023836,2021-08-16 15:20:00,2021,8,16,15,20,94,94028,A86 EXT,48.7981580773,2.4447797986,Plein jour,Hors agglomération,Hors intersection,Normale,Trois véhicules et plus - en chaîne,1,3,3,0,1,1,1,0,1,90,,3,2,0,0,1,48.0,50.0,,,1,1,1,1,4
202100023837,2021-08-16 07:00:00,2021,8,16,7,0,77,77249,RN104,48.7500689475,2.613919088,Plein jour,Hors agglomération,Hors intersection,Normale,Sans collision,2,1,2,0,1,1,1,0,3,90,,3,0,0,0,3,60.0,,,,1,1,1,1,7
202100023838,2021-08-16 09:00:00,2021,8,16,9,0,69,69266,TOLSTOI (CR),45.76231,4.87956,Plein jour,En agglomération,Hors intersection,Normale,Autre collision,4,2,2,3,1,1,1,9,1,50,,2,0,0,0,2,30.0,,,,1,2,1,1,6
202100023839,2021-05-30 18:10:00,2021,5,30,18,10,66,66136,Départementale 914,42.66196,2.92174,Plein jour,Hors agglomération,Hors intersection,Normale,Deux véhicules - arrière,3,3,4,0,1,1,1,0,1,110,,2,1,0,0,1,,30.0,,,1,1,1,1,2
202100023840,2021-05-29 15:50:00,2021,5,29,15,50,66,66136,ESPAGNE (ROUTE D'),42.67317,2.88932,Plein jour,En agglomération,Hors intersection,Normale,Autre collision,6,-1,-1,0,1,1,1,9,8,30,,2,1,0,1,0,83.0,,,,1,2,1,1,6
202100023841,2021-05-28 11:19:00,2021,5,28,11,19,66,66136,R D 900,42.67006,2.85833,Plein jour,Hors agglomération,Hors intersection,Normale,Deux véhicules - arrière,3,3,2,0,1,1,1,0,1,50,,2,1,0,0,1,62.0,32.0,,,1,1,1,1,2
202100023842,2021-08-16 14:15:00,2021,8,16,14,15,976,97611,mamoudzou centre-Internat (rue de l'),-12.78027,45.22702,Plein jour,En agglomération,Hors intersection,Normale,Deux véhicules - arrière,4,2,2,0,2,1,1,0,1,30,,2,1,0,0,1,34.0,40.0,,,1,2,1,1,2
202100023843,2021-08-16 07:20:00,2021,8,16,7,20,974,97416,FOUR A CHAUX(RUE DU),-21.3407,55.4691,Plein jour,En agglomération,Intersection en X,Temps couvert,Deux véhicules - côté,4,1,1,0,1,1,2,0,1,50,,2,1,0,0,1,56.0,16.0,,,1,2,2,8,3
202100023844,2021-08-16 07:55:00,2021,8,16,7,55,974,97407,AXE MIXTE DE CAMBAIE,-20.95325,55.29431,Plein jour,Hors agglomération,Giratoire,Normale,Sans collision,2,1,2,0,1,1,9,0,1,70,,1,0,0,0,1,25.0,,,,1,1,6,1,7
202100023845,2021-08-16 18:30:00,2021,8,16,18,30,973,97302,GALMOT (AVENUE),4.93165,-52.32959,Crépuscule ou aube,En agglomération,Hors intersection,Normale,Deux véhicules - côté,2,2,2,0,1,1,1,0,1,50,,2,1,0,0,1,49.0,42.0,,,2,2,1,1,3
202100023846,2021-08-16 13:05:00,2021,8,16,13,5,69,69388,FRERES LUMIERE (DES) (AV),45.74587,4.86361,Plein jour,En agglomération,Intersection en T,Normale,Deux véhicules - côté,4,1,1,2,1,1,1,0,1,50,,2,1,0,0,1,51.0,58.0,,,1,2,3,1,3
202100023847,2021-08-16 17:30:00,2021,8,16,17,30,69,69034,SOLDATS (DES) (MO),45.7914,4.86079,Plein jour,En agglomération,Intersection en X,Normale,Deux véhicules - côté,7,1,2,3,4,1,1,0,6,50,,2,1,0,0,1,,62.0,,,1,2,2,1,3
202100023848,2021-08-16 13:55:00,2021,8,16,13,55,69,69385,DOCTEUR EDMOND LOCARD (R),45.75977,4.79594,Plein jour,En agglomération,Intersection en X,Normale,Deux véhicules - côté,4,2,2,2,1,1,1,0,1,50,,2,1,0,0,1,27.0,74.0,,,1,2,2,1,3
202100023849,2021-08-15 22:55:00,2021,8,15,22,55,2B,2B037,LAGUNE (Route de la) D107,42.63697,9.46097,Nuit avec éclairage allumé,Hors agglomération,Hors intersection,Normale,Deux véhicules - arrière,4,-1,2,0,1,1,1,0,1,70,,2,1,0,1,0,28.0,67.0,,,5,1,1,1,2
202100023850,2021-08-16 13:00:00,2021,8,16,13,0,95,95019,rue Henri Barbusse,48.99167,2.41705,Plein jour,En agglomération,Giratoire,Normale,Autre collision,4,2,2,0,1,3,1,5,1,30,,1,0,0,0,1,57.0,,,,1,2,6,1,6
202100023851,2021-08-16 23:30:00,2021,8,16,23,30,95,95555,Rue des Marais,48.973686,2.281235,Nuit avec éclairage allumé,En agglomération,Hors intersection,Normale,Autre collision,4,2,2,0,1,2,1,0,1,50,,3,1,0,0,1,19.0,,,,5,2,1,1,6
202100023852,2021-08-14 21:00:00,2021,8,14,21,0,91,91174,BD JOHN KENNEDY,48.586837,2.476947,Crépuscule ou aube,En agglomération,Intersection en T,Normale,Deux véhicules - côté,3,1,2,0,1,1,1,0,1,50,,4,3,0,0,1,46.0,36.0,,,2,2,3,1,3
202100023853,2021-08-14 19:00:00,2021,8,14,19,0,91,91174,BD GEORGES MICHEL,48.60764,2.47038,Plein jour,En agglomération,Hors intersection,Normale,Autre collision,4,2,2,0,1,3,1,0,1,50,,3,2,0,0,1,22.0,,,,1,2,1,1,6
202100023854,2021-08-10 17:30:00,2021,8,10,17,30,91,91521,AUNETTE (AVENUE DE L'),48.63863,2.41504,Plein jour,En agglomération,Hors intersection,Normale,Autre collision,4,-1,1,0,1,1,1,0,5,20,,2,0,0,1,1,16.0,,,,1,2,1,1,6
202100023855,2021-07-22 15:26:00,2021,7,22,15,26,87,87085,LEON ROCHE (RUE),45.86781,1.1787,Plein jour,En agglomération,Intersection en X,Normale,Deux véhicules - côté,4,1,1,0,1,1,1,0,1,50,,2,1,0,0,1,21.0,58.0,,,1,2,2,1,3
202100023856,2021-08-14 11:43:00,2021,8,14,11,43,87,87085,GARIBALDI (AVENUE),45.83957,1.2579,Plein jour,En agglomération,Hors intersection,Normale,Autre collision,4,2,2,0,1,1,1,0,1,50,,2,1,0,1,0,82.0,,,,1,2,1,1,6
202100023857,2021-08-13 18:31:00,2021,8,13,18,31,87,87085,BORIE (BOULEVARD DE LA),45.84393,1.24022,Plein jour,En agglomération,Hors intersection,Normale,Deux véhicules - côté,4,3,6,0,1,1,1,0,1,50,,2,1,0,1,0,73.0,85.0,,,1,2,1,1,3
202100023858,2021-08-06 07:00:00,2021,8,6,7,0,84,84007,PIERRE SEMARD (avenue),43.93418,4.83141,Crépuscule ou aube,En agglomération,Intersection en X,Normale,Trois véhicules et plus - collisions multiples,4,2,2,3,1,1,1,0,1,50,,5,1,0,4,0,26.0,21.0,,,2,2,2,1,5
202100023859,2021-08-15 06:15:00,2021,8,15,6,15,83,83069,VILLETTE ( CHEMIN DE LA ),43.1083966694,6.1236032555,Crépuscule ou aube,En agglomération,Hors intersection,Normale,Deux véhicules - frontale,7,2,2,0,1,1,1,0,1,50,,2,1,0,0,1,,74.0,,,2,2,1,1,1
202100023860,2021-07-26 21:12:00,2021,7,26,21,12,77,77241,CD 404,49.01304,2.70017,Crépuscule ou aube,Hors agglomération,Intersection en X,Pluie légère,Deux véhicules - côté,3,2,2,0,1,1,2,0,1,80,,3,0,1,1,1,18.0,35.0,,,2,1,2,2,3
202100023861,2021-08-15 19:10:00,2021,8,15,19,10,77,77114,D35,48.716441,2.670217,Plein jour,Hors agglomération,Hors intersection,Normale,Autre collision,3,2,2,0,1,1,1,0,3,80,,2,1,1,0,0,24.0,39.0,,,1,1,1,1,6
202100023862,2021-08-14 20:45:00,2021,8,14,20,45,76,76341,FRIEDRICH ENGELS,49.51321,0.1935,Plein jour,En agglomération,Intersection en T,Normale,Deux véhicules - côté,3,2,2,0,1,1,1,0,1,50,,2,1,0,1,0,17.0,70.0,,,1,2,3,1,3
202100023863,2021-08-13 14:30:00,2021,8,13,14,30,76,76351,GERANIUMS (DES),49.50537,0.16335,Plein jour,En agglomération,Intersection en X,Normale,Deux véhicules - côté,4,2,2,0,1,1,1,0,1,50,,2,1,0,0,1,24.0,68.0,,,1,2,2,1,3
202100023864,2021-08-16 17:50:00,2021,8,16,17,50,76,76217,Boulevard du General de Gaulle,49.9237999923,1.0812393836,Plein jour,En agglomération,Autre intersection,Normale,Autre collision,3,1,1,0,1,2,1,0,1,30,,2,1,0,0,1,35.0,,,,1,2,9,1,6
202100023865,2021-08-13 04:20:00,2021,8,13,4,20,74,74012,ETREMBIERES (ROUTE D'),46.18914,6.23311,Nuit avec éclairage allumé,En agglomération,Hors intersection,Normale,Trois véhicules et plus - collisions multiples,3,2,3,0,2,1,1,0,1,50,,4,2,0,0,2,26.0,22.0,,,5,2,1,1,5
202100023866,2021-08-16 19:25:00,2021,8,16,19,25,72,72181,BOLLEE (AV) N° PAIRS 154 A 222,47.99765,0.21505,Plein jour,En agglomération,Hors intersection,Normale,Sans collision,4,2,2,0,1,1,1,0,1,50,,1,0,0,0,1,24.0,,,,1,2,1,1,7
202100023867,2021-08-15 20:55:00,2021,8,15,20,55,71,71076,DENON (RUE),46.783234648,4.8510114831,Plein jour,En agglomération,Intersection en X,Normale,Deux véhicules - côté,4,2,1,0,1,1,1,0,1,50,,2,1,0,1,0,16.0,23.0,,,1,2,2,1,3
202100023868,2021-08-15 13:50:00,2021,8,15,13,50,71,71118,FRANCHET D'ESPEREY (AVENUE),46.79343,4.823677,Plein jour,En agglomération,Intersection en T,Normale,Deux véhicules - côté,4,2,2,1,1,1,1,5,5,50,,2,1,0,1,0,66.0,,,,1,2,3,1,3
202100023869,2021-08-16 17:10:00,2021,8,16,17,10,69,69264,FRANS (DE) (RTE),45.9839813648,4.7436904907,Plein jour,En agglomération,Giratoire,Normale,Deux véhicules - côté,3,1,1,0,1,1,1,9,1,50,,2,1,0,0,1,24.0,42.0,,,1,2,6,1,3
202100023870,2021-08-15 20:30:00,2021,8,15,20,30,67,67482,AUGUSTIN FRESNEL (RUE),48.60531,7.71887,Crépuscule ou aube,En agglomération,Hors intersection,Normale,Autre collision,4,2,2,0,1,1,1,0,4,30,,2,1,0,0,1,,,,,2,2,1,1,6
202100023871,2021-08-14 17:55:00,2021,8,14,17,55,67,67267,PRES (RUE DES),48.55922,7.69161,Plein jour,En agglomération,Hors intersection,Normale,Autre collision,4,2,2,0,1,3,1,0,1,50,,1,0,0,0,1,64.0,,,,1,2,1,1,6
202100023872,2021-08-13 21:35:00,2021,8,13,21,35,67,67447,PAIX (RUE DE LA),48.60622,7.72942,Nuit avec éclairage non allumé,En agglomération,Hors intersection,Normale,Sans collision,7,2,2,1,2,2,1,0,1,30,,1,0,0,1,0,28.0,,,,4,2,1,1,7
202100023873,2021-08-13 18:10:00,2021,8,13,18,10,67,67482,ROMAINS (ROUTE DES),48.57976,7.71711,Plein jour,En agglomération,Passage à niveau,Normale,Autre collision,4,3,4,1,1,1,1,4,5,50,,3,2,0,0,1,19.0,14.0,,,1,2,8,1,6
202100023874,2021-08-16 15:45:00,2021,8,16,15,45,65,65440,SAINT-EXUPERY (AVENUE ANTOINE DE),43.24411,0.06658,Plein jour,En agglomération,Hors intersection,Normale,Autre collision,4,2,2,0,1,1,1,0,4,50,,1,0,0,0,1,22.0,,,,1,2,1,1,6
202100023875,2021-08-16 11:15:00,2021,8,16,11,15,65,65440,KENNEDY (BOULEVARD DU PRESIDENT JOHN),43.2191,0.0791,Plein jour,En agglomération,Giratoire,Temps couvert,Autre collision,2,1,2,0,1,3,1,0,1,50,,3,1,0,1,1,59.0,,,,1,2,6,8,6
202100023876,2021-08-15 09:30:00,2021,8,15,9,30,64,64545,BRETELLE DE LAUTOROUTE RD 913,43.37756,-1.68715,Plein jour,Hors agglomération,Hors intersection,Normale,Deux véhicules - côté,3,2,2,0,1,3,1,0,1,70,,2,0,1,0,1,26.0,41.0,,,1,1,1,1,3
202100023877,2021-08-16 12:10:00,2021,8,16,12,10,64,64024,ADOUR (AVENUE DE L'),43.51322,-1.5002,Plein jour,En agglomération,Hors intersection,Normale,Deux véhicules - côté,4,2,2,0,1,1,1,0,1,50,,2,1,0,0,1,57.0,84.0,,,1,2,1,1,3
202100023878,2021-08-14 14:10:00,2021,8,14,14,10,63,63224,RD 6,45.86615,3.14411,Plein jour,Hors agglomération,Hors intersection,Normale,Autre collision,3,2,2,0,1,2,1,0,8,80,,2,0,1,1,0,18.0,,,,1,1,1,1,6
202100023879,2021-07-31 03:20:00,2021,7,31,3,20,62,62186,SAGNOL (R MACEL),50.440812,2.71439,Nuit avec éclairage allumé,En agglomération,Hors intersection,Pluie légère,Autre collision,4,2,2,0,1,1,2,0,8,50,,2,1,0,1,0,21.0,,,,5,2,1,2,6
202100023880,2021-08-16 15:25:00,2021,8,16,15,25,59,59350,LORRAINE BOULEVARD,50.63361,3.03869,Plein jour,En agglomération,Hors intersection,Temps couvert,Autre collision,7,2,1,0,1,1,1,0,1,50,,2,1,0,1,0,,,,,1,2,1,8,6
202100023881,2021-07-17 14:10:00,2021,7,17,14,10,59,59350,LIBERTE BVD N°2 - 90-51 - 145,50.6345,3.05664,Plein jour,En agglomération,Intersection en X,Normale,Sans collision,4,3,4,3,1,1,1,0,1,30,,2,1,0,0,1,71.0,23.0,,,1,2,2,1,7
202100023882,2021-08-14 06:35:00,2021,8,14,6,35,57,57672,SAINT-CHARLES,49.34935,6.15406,Nuit avec éclairage allumé,En agglomération,Hors intersection,Normale,Autre collision,4,2,2,0,1,1,1,0,1,50,,3,2,0,1,0,27.0,,,,5,2,1,1,6
202100023883,2021-08-14 08:35:00,2021,8,14,8,35,49,49328,MAYAUD (QUAI),47.25997,-0.07424,Plein jour,En agglomération,Hors intersection,Normale,Autre collision,6,-1,-1,0,1,1,1,0,1,20,,2,1,0,0,1,28.0,,,,1,2,1,1,6
202100023884,2021-08-12 15:00:00,2021,8,12,15,0,49,49328,MARNE (BOULEVARD DE LA) D 93,47.24981,-0.07913,Plein jour,En agglomération,Hors intersection,Normale,Deux véhicules - arrière,4,3,2,0,1,1,1,0,1,50,,3,2,0,0,1,27.0,25.0,,,1,2,1,1,2
202100023885,2021-08-14 21:11:00,2021,8,14,21,11,49,49007,BARANGE BOULEVARD,47.45757,-0.57271,Plein jour,En agglomération,Hors intersection,Normale,Sans collision,4,3,4,0,1,2,1,0,1,60,,1,0,0,0,1,46.0,,,,1,2,1,1,7
202100023886,2021-08-16 15:20:00,2021,8,16,15,20,45,45234,Square Charles Péguy,47.9008075328,1.9195048186,Plein jour,En agglomération,Hors intersection,Pluie légère,Autre collision,4,1,3,0,1,2,2,0,8,50,,2,1,0,0,1,23.0,,,,1,2,1,2,6
202100023887,2021-08-11 19:20:00,2021,8,11,19,20,43,43157,6 Avenue de la Dentelle,45.04188,3.8886,Plein jour,En agglomération,Hors intersection,Normale,Deux véhicules - arrière,4,1,2,0,1,1,1,0,1,50,,2,1,0,1,0,23.0,45.0,,,1,2,1,1,2
202100023888,2021-08-15 10:35:00,2021,8,15,10,35,41,41295,D951,47.60286,1.37462,Plein jour,Hors agglomération,Hors intersection,Normale,Sans collision,3,2,2,0,1,1,1,0,3,80,,1,0,0,0,1,31.0,,,,1,1,1,1,7
202100023889,2021-08-16 13:00:00,2021,8,16,13,0,37,37261,HUYGENS (RUE CHRISTIAN),47.4370792171,0.7081908213,Plein jour,En agglomération,Intersection en T,Normale,Deux véhicules - côté,4,2,2,0,1,3,1,0,1,50,,3,2,0,0,1,31.0,72.0,,,1,2,3,1,3