accident_id,datetime,annee,mois,jour,heure,minute,departement,commune_insee,adresse,latitude,longitude,luminosite,agglomeration,intersection,meteo,collision,catr,circ,nbv,vosp,prof,plan,surf,infra,situ,vma,nb_vehicules,nb_usagers,nb_indemnes,nb_tues,nb_blesses_hosp,nb_blesses_legers,age_cond_1,age_cond_2,veh_type_cond_1,veh_type_cond_2,lum_code,agg_code,int_code,atm_code,col_code
202100023890,2021-08-16 14:40:00,2021,8,16,14,40,33,33529,DE GAULLE ( AVE CHARLES) 01 AU 85,44.63349,-1.14161,Plein jour,En agglomération,Hors intersection,Normale,Deux véhicules - côté,4,2,2,0,1,1,1,0,1,50,,2,1,0,0,1,21.0,62.0,,,1,2,1,1,3
202100023891,2021-08-16 09:45:00,2021,8,16,9,45,31,31555,BD LAZARE CARNOT,43.60369,1.45084,Plein jour,En agglomération,Intersection en T,Normale,Deux véhicules - côté,4,1,1,0,2,1,2,0,8,50,,2,1,0,1,0,80.0,37.0,,,1,2,3,1,3
202100023892,2021-08-16 15:52:00,2021,8,16,15,52,26,26198,7 Rue Joliot Curie,44.55113,4.74468,Plein jour,En agglomération,Hors intersection,Normale,Deux véhicules - côté,4,2,2,0,1,1,1,0,1,30,,2,1,0,0,1,17.0,26.0,,,1,2,1,1,3
202100023893,2021-08-14 09:45:00,2021,8,14,9,45,25,25056,BLUM BOULEVARD LEON (entre 51 ET  90),47.26157,6.03604,Plein jour,En agglomération,Hors intersection,Normale,Autre collision,4,3,4,0,1,1,1,0,1,50,,2,1,0,1,0,,,,,1,2,1,1,6
202100023894,2021-08-16 10:10:00,2021,8,16,10,10,17,17306,CENDRILLES (DES),45.648174,-1.034186,Plein jour,En agglomération,Intersection en X,Normale,Deux véhicules - côté,4,2,2,0,1,1,1,0,1,30,,2,1,0,0,1,29.0,47.0,,,1,2,2,1,3
202100023895,2021-08-16 08:55:00,2021,8,16,8,55,17,17300,NORMANDIN   RUE EMILE,46.150723,-1.146419,Plein jour,En agglomération,Hors intersection,Normale,Deux véhicules - frontale,4,2,2,0,1,4,1,0,1,30,,2,0,0,1,1,27.0,22.0,,,1,2,1,1,1
202100023896,2021-08-14 13:50:00,2021,8,14,13,50,15,15012,RD 920,44.84278,2.477355,Plein jour,Hors agglomération,Hors intersection,Normale,Deux véhicules - frontale,3,2,2,0,1,3,1,0,1,90,,4,0,0,1,3,69.0,86.0,,,1,1,1,1,1
202100023897,2021-08-15 05:00:00,2021,8,15,5,0,14,14118,Quai de la Londe,49.18358,-0.35428,Nuit avec éclairage allumé,En agglomération,Hors intersection,Normale,Sans collision,4,2,1,0,1,1,1,0,1,50,,1,0,0,0,1,22.0,,,,5,2,1,1,7
202100023898,2021-08-15 06:01:00,2021,8,15,6,1,14,14341,N814,49.14628,-0.32941,Nuit avec éclairage non allumé,En agglomération,Hors intersection,Normale,Autre collision,2,3,4,0,1,3,1,0,3,90,,1,0,0,0,1,38.0,,,,4,2,1,1,6
202100023899,2021-08-16 16:40:00,2021,8,16,16,40,13,13216,RABELAIS (RUE),43.3604152058,5.3299222023,Plein jour,En agglomération,Hors intersection,Normale,Deux véhicules - arrière,4,1,1,0,1,1,1,0,1,50,,2,1,0,0,1,32.0,39.0,,,1,2,1,1,2
202100023900,2021-08-15 10:50:00,2021,8,15,10,50,13,13204,TROIS FRERES CARASSO (RUE),43.3043196653,5.399898069,Plein jour,En agglomération,Intersection en T,Normale,Deux véhicules - côté,4,1,1,0,1,1,1,0,1,50,,2,1,0,0,1,20.0,50.0,,,1,2,3,1,3
202100023901,2021-08-13 13:00:00,2021,8,13,13,0,12,12202,GIRATOIRE SAINT LOUIS ( AVENUE DE VABRES,44.36503,2.57425,Plein jour,En agglomération,Giratoire,Normale,Deux véhicules - arrière,3,2,2,0,1,2,1,5,1,50,,2,1,0,0,1,73.0,18.0,,,1,2,6,1,2
202100023902,2021-08-15 17:41:00,2021,8,15,17,41,10,10387,CAMILLE CLAUDEL (RUE),48.2931,4.081,Plein jour,En agglomération,Hors intersection,Normale,Autre collision,4,2,2,0,1,1,1,0,1,50,,5,4,0,0,1,31.0,,,,1,2,1,1,6
202100023903,2021-08-15 05:59:00,2021,8,15,5,59,10,10362,GENERAL LECLERC (RUE DU),48.2913,4.0297,Crépuscule ou aube,En agglomération,Hors intersection,Normale,Deux véhicules - côté,3,2,2,0,1,1,1,0,1,50,,6,0,0,0,6,22.0,22.0,,,2,2,1,1,3
202100023904,2021-08-16 20:30:00,2021,8,16,20,30,06,06069,GARAGAI (CHEMIN DU),43.641051,6.979846,Plein jour,En agglomération,Hors intersection,Normale,Deux véhicules - côté,4,2,2,0,3,1,1,0,1,50,,3,1,0,0,2,37.0,20.0,,,1,2,1,1,3
202100023905,2021-08-16 08:30:00,2021,8,16,8,30,06,06029,LYON (AVENUE DE),43.56502,7.01944,Plein jour,En agglomération,Hors intersection,Normale,Deux véhicules - frontale,4,2,2,0,1,1,1,0,1,30,,2,1,0,0,1,33.0,54.0,,,1,2,1,1,1
202100023906,2021-08-15 17:35:00,2021,8,15,17,35,05,05061,RD944,44.61156,6.12484,Plein jour,Hors agglomération,Hors intersection,Normale,Deux véhicules - côté,3,2,2,0,2,2,1,0,1,90,,3,2,0,0,1,43.0,89.0,,,1,1,1,1,3
202100023907,2021-08-16 10:10:00,2021,8,16,10,10,75,75115,BD PERIPHERIQUE INTERIEUR,48.83058,2.28285,Plein jour,En agglomération,Hors intersection,Normale,Deux véhicules - arrière,4,1,3,0,1,1,1,0,1,70,,3,2,0,0,1,19.0,25.0,,,1,2,1,1,2
202100023908,2021-08-13 12:35:00,2021,8,13,12,35,75,75119,PORTE DE LA VILLETTE,48.900355,2.382103,Plein jour,En agglomération,Hors intersection,Normale,Deux véhicules - côté,4,1,4,0,1,1,1,0,1,70,,2,1,0,0,1,26.0,40.0,,,1,2,1,1,3
202100023909,2021-08-16 12:30:00,2021,8,16,12,30,75,75110,BOULEVARD DE LA VILLETTE,48.881522,2.370061,Plein jour,En agglomération,Intersection en T,Normale,Deux véhicules - côté,4,3,3,0,1,1,1,0,1,50,,6,4,0,0,2,61.0,28.0,,,1,2,3,1,3
202100023910,2021-08-15 03:30:00,2021,8,15,3,30,75,75114,AVENUE DU MAINE,48.8314608054,2.3253800506,Nuit avec éclairage allumé,En agglomération,Intersection en Y,Normale,Autre collision,4,2,4,0,1,1,1,0,1,50,,1,0,0,0,1,25.0,,,,5,2,4,1,6
202100023911,2021-08-15 19:57:00,2021,8,15,19,57,75,75112,PONT D AUSTERLITZ,48.84514,2.366384,Plein jour,En agglomération,Hors intersection,Normale,Deux véhicules - côté,4,2,6,0,1,1,1,2,1,50,,3,2,0,0,1,33.0,44.0,,,1,2,1,1,3
202100023912,2021-08-16 15:20:00,2021,8,16,15,20,75,75110,RUE DU FAUBOURG SAINT MARTIN,48.87577,2.3603,Plein jour,En agglomération,Intersection en T,Temps couvert,Deux véhicules - côté,4,2,5,0,1,1,1,0,1,50,,2,1,0,0,1,19.0,43.0,,,1,2,3,8,3
202100023913,2021-08-16 00:40:00,2021,8,16,0,40,75,75101,PLACE DU CHATELET,48.8572384368,2.3471130612,Nuit avec éclairage allumé,En agglomération,Intersection en X,Normale,Deux véhicules - côté,4,2,3,3,1,1,1,0,6,50,,2,1,0,0,1,29.0,25.0,,,5,2,2,1,3
202100023914,2021-08-16 13:30:00,2021,8,16,13,30,94,94074,Avenue du Rû de Gironde,48.74633,2.46303,Plein jour,En agglomération,Hors intersection,Normale,Autre collision,3,1,1,0,1,1,1,0,1,50,,1,0,0,0,1,55.0,,,,1,2,1,1,6
202100023915,2021-08-16 19:50:00,2021,8,16,19,50,94,94022,Boulevard des Alliés,48.766551,2.404216,Plein jour,En agglomération,Hors intersection,Normale,Deux véhicules - arrière,3,1,2,0,1,1,1,0,1,50,,2,1,0,0,1,32.0,23.0,,,1,2,1,1,2
202100023916,2021-08-16 15:20:00,2021,8,16,15,20,94,94047,Rue de Verdun,48.70595,2.55342,Plein jour,En agglomération,Hors intersection,Normale,Deux véhicules - côté,4,2,2,0,1,1,1,0,4,50,,2,1,0,0,1,30.0,66.0,,,1,2,1,1,3
202100023917,2021-08-16 20:20:00,2021,8,16,20,20,93,93051,VINGT SIX AOUT 1944,48.84705,2.52616,Crépuscule ou aube,En agglomération,Intersection en X,Normale,Deux véhicules - côté,4,2,2,0,1,1,1,0,1,50,,2,1,0,0,1,33.0,46.0,,,2,2,2,1,3
202100023918,2021-08-16 09:20:00,2021,8,16,9,20,93,93033,JOFFRE (AVENUE),48.8622,2.57861,Plein jour,En agglomération,Intersection en T,Temps couvert,Deux véhicules - côté,3,2,2,0,1,1,1,0,1,50,,2,1,0,0,1,32.0,19.0,,,1,2,3,8,3
202100023919,2021-08-16 17:00:00,2021,8,16,17,0,93,93048,Rue des Caillots,48.86665,2.44244,Plein jour,En agglomération,Hors intersection,Normale,Deux véhicules - frontale,4,1,1,0,2,1,1,0,1,30,,2,1,0,0,1,,24.0,,,1,2,1,1,1
202100023920,2021-08-16 19:10:00,2021,8,16,19,10,93,93027,Boulevard Pasteur,48.92464,2.3844,Plein jour,En agglomération,Hors intersection,Normale,Autre collision,3,2,2,0,1,1,1,0,1,50,,2,1,0,0,1,18.0,,,,1,2,1,1,6
202100023921,2021-08-15 18:30:00,2021,8,15,18,30,92,92047,VERSAILLES (RUE DE),48.8302611801,2.1773461998,Plein jour,En agglomération,Hors intersection,Normale,Autre collision,3,2,2,0,1,1,1,0,1,30,,1,0,0,0,1,36.0,,,,1,2,1,1,6
202100023922,2021-07-27 11:20:00,2021,7,27,11,20,92,92064,REPUBLIQUE,48.8444027396,2.2087025642,Plein jour,En agglomération,Hors intersection,Normale,Deux véhicules - arrière,3,1,2,0,1,1,1,0,1,50,,2,1,0,0,1,75.0,20.0,,,1,2,1,1,2
202100023923,2021-08-14 13:00:00,2021,8,14,13,0,92,92063,COLMAR (AVENUE DE),48.887187485,2.1795214713,Plein jour,En agglomération,Intersection en X,Normale,Deux véhicules - côté,3,2,2,1,1,1,1,0,1,50,,2,1,0,0,1,59.0,18.0,,,1,2,2,1,3
202100023924,2021-08-10 19:00:00,2021,8,10,19,0,92,92063,RICHELIEU (BOULEVARD),48.87055,2.18422,Plein jour,En agglomération,Intersection en T,Normale,Deux véhicules - côté,3,2,2,0,1,1,1,0,1,50,,2,0,0,0,2,21.0,21.0,,,1,2,3,1,3
202100023925,2021-08-15 22:55:00,2021,8,15,22,55,92,92020,PARIS AVENUE DE N° IMPAIRS,48.8049313351,2.2900423392,Nuit avec éclairage allumé,En agglomération,Hors intersection,Normale,Deux véhicules - côté,3,2,0,0,1,1,1,0,1,50,,3,2,0,0,1,20.0,22.0,,,5,2,1,1,3
202100023926,2021-08-11 18:10:00,2021,8,11,18,10,92,92036,LOUIS ROCHE (AVENUE) (46/148),48.9294450223,2.3097413778,Plein jour,En agglomération,Hors intersection,Normale,Deux véhicules - arrière,3,2,2,0,1,1,1,0,1,50,,3,1,0,0,2,33.0,53.0,,,1,2,1,1,2
202100023927,2021-08-16 17:40:00,2021,8,16,17,40,92,92012,JEAN JAURES (BOULEVARD) 63/215 - 70/208,48.8366383057,2.2417928967,Plein jour,En agglomération,Hors intersection,Normale,Autre collision,4,2,2,0,1,1,1,0,1,50,,2,0,0,0,2,27.0,,,,1,2,1,1,6
202100023928,2021-08-16 11:00:00,2021,8,16,11,0,22,22065,RD09,48.6213712855,-2.9992746061,Plein jour,Hors agglomération,Hors intersection,Normale,Deux véhicules - frontale,3,2,2,0,2,1,1,8,1,80,,4,1,0,1,2,53.0,59.0,,,1,1,1,1,1
202100023929,2021-08-17 08:55:00,2021,8,17,8,55,95,95134,D301,49.142281,2.251714,Plein jour,Hors agglomération,Autre intersection,Normale,Deux véhicules - arrière,3,1,1,0,1,1,1,8,5,50,,2,1,0,0,1,24.0,35.0,,,1,1,9,1,2
202100023930,2021-08-16 23:20:00,2021,8,16,23,20,23,23169,D942,46.129954,1.9434,Nuit sans éclairage public,Hors agglomération,Hors intersection,Normale,Deux véhicules - frontale,3,2,2,0,1,1,1,0,1,90,,2,1,1,0,0,33.0,27.0,,,3,1,1,1,1
202100023931,2021-08-16 13:35:00,2021,8,16,13,35,28,28388,"D910, rue nationale",48.382514,1.446751,Plein jour,En agglomération,Hors intersection,Normale,Deux véhicules - frontale,3,2,2,0,1,2,1,9,1,80,,3,1,0,2,0,46.0,83.0,,,1,2,1,1,1
202100023932,2021-08-16 20:30:00,2021,8,16,20,30,83,83057,RN 7,43.380942,6.242938,Nuit sans éclairage public,Hors agglomération,Hors intersection,Normale,Deux véhicules - côté,3,2,3,0,2,1,1,0,1,80,,2,1,0,0,1,53.0,42.0,,,3,1,1,1,3
202100023933,2021-08-17 15:25:00,2021,8,17,15,25,77,77109,D231,48.621605,3.195552,Plein jour,Hors agglomération,Giratoire,Normale,Autre collision,3,2,2,0,1,2,1,5,3,90,,2,1,0,1,0,78.0,,,,1,1,6,1,6
202100023934,2021-08-17 11:10:00,2021,8,17,11,10,76,76735,D4,49.854891,0.775802,Plein jour,Hors agglomération,Hors intersection,Normale,Deux véhicules - frontale,3,2,2,0,2,3,1,0,1,80,,2,1,0,1,0,33.0,55.0,,,1,1,1,1,1
202100023935,2021-08-16 14:55:00,2021,8,16,14,55,79,79010,Route du Vanneau,46.296718,-0.67258,Plein jour,Hors agglomération,Intersection en T,Normale,Sans collision,3,2,2,0,1,1,1,0,3,80,,3,1,0,1,1,16.0,62.0,,,1,1,3,1,7
202100023936,2021-08-14 17:30:00,2021,8,14,17,30,80,80709,Rue de Frettecuisse,49.912632,1.824691,Plein jour,Hors agglomération,Hors intersection,Normale,Autre collision,4,2,2,0,4,4,1,0,1,80,,2,1,0,0,1,20.0,,,,1,1,1,1,6
202100023937,2021-08-17 16:30:00,2021,8,17,16,30,11,11103,Route des Pyrénées,42.944089,2.256451,Plein jour,En agglomération,Hors intersection,Normale,Autre collision,3,2,2,0,1,3,1,0,3,50,,3,2,0,1,0,71.0,,,,1,2,1,1,6
202100023938,2021-08-16 19:00:00,2021,8,16,19,0,11,11209,D118,42.969833,2.25938,Plein jour,Hors agglomération,Hors intersection,Normale,Trois véhicules et plus - collisions multiples,3,2,2,0,1,2,1,0,1,70,,7,5,0,2,0,19.0,36.0,,,1,1,1,1,5
202100023939,2021-08-16 16:25:00,2021,8,16,16,25,63,63003,Cleurettes Nord,45.579167,3.73753,Plein jour,Hors agglomération,Hors intersection,Normale,Sans collision,3,2,2,0,4,2,1,0,3,-1,,1,0,0,1,0,60.0,,,,1,1,1,1,7
202100023940,2021-08-16 12:20:00,2021,8,16,12,20,61,61456,D919,48.785986,0.633645,Plein jour,Hors agglomération,Hors intersection,Normale,Trois véhicules et plus - collisions multiples,3,2,2,0,2,1,1,0,1,90,,3,0,0,1,2,20.0,45.0,,,1,1,1,1,5
202100023941,2021-08-10 12:15:00,2021,8,10,12,15,47,47214,Route de Tonneins,44.325383,0.27763,Plein jour,Hors agglomération,Hors intersection,Normale,Sans collision,3,2,2,0,1,2,1,0,1,80,,1,0,0,1,0,19.0,,,,1,1,1,1,7
202100023942,2021-07-28 11:10:00,2021,7,28,11,10,41,41164,rue de Tours,47.281944,1.375115,Plein jour,En agglomération,Intersection en X,Normale,Deux véhicules - côté,3,2,2,1,1,1,1,0,1,50,,5,1,0,1,3,71.0,83.0,,,1,2,2,1,3
202100023943,2021-08-16 15:10:00,2021,8,16,15,10,39,39526,,47.038058,5.414779,Plein jour,Hors agglomération,Hors intersection,Normale,Sans collision,3,2,2,0,1,1,1,3,1,90,,1,0,0,0,1,29.0,,,,1,1,1,1,7
202100023944,2021-08-14 12:40:00,2021,8,14,12,40,44,44126,Rue du Génréal de Gaulle,47.144944,-2.18265,Plein jour,En agglomération,Hors intersection,Normale,Deux véhicules - côté,4,2,1,0,1,1,1,0,1,70,,2,1,0,1,0,61.0,51.0,,,1,2,1,1,3
202100023945,2021-07-26 22:20:00,2021,7,26,22,20,29,29201,Lieu Dit Kerbizivin,48.392082,-4.735708,Crépuscule ou aube,Hors agglomération,Hors intersection,Normale,Sans collision,3,2,2,0,1,1,1,2,3,80,,1,0,0,0,1,64.0,,,,2,1,1,1,7
202100023946,2021-07-01 20:00:00,2021,7,1,20,0,29,29201,Lieu Dit Kerouman Coz,48.41338,-4.71498,Plein jour,Hors agglomération,Hors intersection,Normale,Deux véhicules - frontale,4,2,2,0,1,1,1,0,1,80,,2,0,0,1,1,72.0,38.0,,,1,1,1,1,1
202100023947,2021-08-10 15:10:00,2021,8,10,15,10,29,29165,Rue Pasteur,47.798674,-4.214416,Plein jour,En agglomération,Hors intersection,Normale,Deux véhicules - côté,4,2,2,0,1,1,1,0,1,50,,2,1,0,0,1,74.0,44.0,,,1,2,1,1,3
202100023948,2021-08-12 12:30:00,2021,8,12,12,30,38,38480,route départementale 75,45.56151,4.981399,Plein jour,Hors agglomération,Hors intersection,Normale,Deux véhicules - frontale,3,2,2,0,1,1,1,0,1,80,,3,0,0,1,2,58.0,26.0,,,1,1,1,1,1
202100023949,2021-08-16 13:22:00,2021,8,16,13,22,38,38150,Route de Savoie,45.208091,5.850338,Plein jour,En agglomération,Hors intersection,Normale,Sans collision,7,2,2,0,1,1,1,0,1,50,,2,1,0,0,1,18.0,,,,1,2,1,1,7
202100023950,2021-08-17 18:30:00,2021,8,17,18,30,01,01036,CHAMPDOSSIN - BELMONT LUTHEZIEU,45.875706,5.664804,Plein jour,En agglomération,Hors intersection,Normale,Deux véhicules - frontale,3,2,2,0,2,1,1,0,1,30,,2,1,1,0,0,62.0,37.0,,,1,2,1,1,1
202100023951,2021-08-17 11:55:00,2021,8,17,11,55,72,72054,1 rue marie curie,48.020759,0.330502,Plein jour,En agglomération,Hors intersection,Normale,Deux véhicules - frontale,4,1,1,0,1,3,1,0,1,50,,2,1,0,0,1,48.0,25.0,,,1,2,1,1,1
202100023952,2021-08-17 13:30:00,2021,8,17,13,30,06,06059,M6007,43.729739,7.358265,Plein jour,En agglomération,Hors intersection,Normale,Deux véhicules - côté,7,-1,3,0,2,3,1,0,1,70,,5,4,0,1,0,21.0,24.0,,,1,2,1,1,3
202100023953,2021-08-15 09:20:00,2021,8,15,9,20,50,50589,N175,48.577358,-1.448371,Plein jour,Hors agglomération,Intersection en X,Normale,Deux véhicules - côté,2,3,2,0,2,1,1,5,1,70,,6,5,0,1,0,51.0,29.0,,,1,1,2,1,3
202100023954,2021-08-16 18:15:00,2021,8,16,18,15,64,64475,D113 PK 7,43.00824,-0.85187,Plein jour,Hors agglomération,Hors intersection,Normale,Sans collision,3,2,2,0,2,4,1,0,3,80,,1,0,0,0,1,72.0,,,,1,1,1,1,7
202100023955,2021-08-16 11:09:00,2021,8,16,11,9,10,10433,route departementale 81,48.213921,4.411182,Plein jour,Hors agglomération,Hors intersection,Normale,Autre collision,3,2,2,0,1,2,1,0,1,80,,1,0,0,0,1,19.0,,,,1,1,1,1,6
202100023956,2021-08-16 20:40:00,2021,8,16,20,40,85,85127,Rue des Bourbes,46.402966,-1.486963,Crépuscule ou aube,En agglomération,Hors intersection,Normale,Autre collision,3,2,2,0,1,1,1,0,8,-1,,2,0,0,2,0,19.0,,,,2,2,1,1,6
202100023957,2021-08-16 11:00:00,2021,8,16,11,0,85,85047,Le Clousis,46.810649,-1.83388,Plein jour,En agglomération,Hors intersection,Normale,Deux véhicules - côté,4,2,2,0,1,1,1,0,1,50,,2,1,0,1,0,62.0,68.0,,,1,2,1,1,3
202100023958,2021-08-16 19:00:00,2021,8,16,19,0,30,30269,Departementale 907,44.11225,3.86299,Plein jour,Hors agglomération,Intersection en T,Normale,Deux véhicules - côté,3,2,2,0,1,3,1,0,1,80,,2,1,0,1,0,64.0,64.0,,,1,1,3,1,3
202100023959,2021-08-16 07:50:00,2021,8,16,7,50,88,88306,RD424,48.401186,7.01687,Plein jour,Hors agglomération,Hors intersection,Normale,Deux véhicules - côté,3,2,2,0,2,2,2,0,3,80,,2,1,0,1,0,19.0,18.0,,,1,1,1,1,3
202100023960,2021-08-16 08:00:00,2021,8,16,8,0,72,72328,A11 - PK 150.000,48.053136,0.262406,Plein jour,Hors agglomération,Hors intersection,Normale,Sans collision,1,3,3,0,1,1,1,0,8,130,,2,0,0,0,2,73.0,,,,1,1,1,1,7
202100023961,2021-08-16 13:40:00,2021,8,16,13,40,51,51027,A4,49.06002,4.70511,Plein jour,Hors agglomération,Hors intersection,Temps couvert,Sans collision,1,3,4,0,4,1,1,0,3,130,,1,0,0,0,1,21.0,,,,1,1,1,8,7
202100023962,2021-08-14 19:35:00,2021,8,14,19,35,11,11170,Avenue des Noctambules,43.114953,3.106492,Nuit avec éclairage allumé,En agglomération,Place,Normale,Autre collision,6,-1,-1,0,1,1,1,9,1,-1,,6,5,0,0,1,35.0,,,,5,2,7,1,6
202100023963,2021-08-16 23:30:00,2021,8,16,23,30,77,77431,Autoroute A6 au point kilométrique 070.650 dans le sens LYON vers PARIS,48.286898,2.691361,Nuit sans éclairage public,Hors agglomération,Hors intersection,Normale,Trois véhicules et plus - collisions multiples,1,3,5,0,2,1,1,2,1,130,,5,4,0,0,1,42.0,57.0,,,3,1,1,1,5
202100023964,2021-08-17 03:35:00,2021,8,17,3,35,988,98811,RT1 à hauteur du garage Nord MOTORS,-21.089445,164.883091,Nuit sans éclairage public,Hors agglomération,Hors intersection,Normale,Autre collision,2,2,2,0,1,1,2,0,1,90,,4,3,1,0,0,30.0,,,,3,1,1,1,6
202100023965,2021-08-17 17:20:00,2021,8,17,17,20,988,98817,RPS2/RUE LOUIS THEODORE BERARD,-22.250144,166.566516,Crépuscule ou aube,En agglomération,Intersection en T,Normale,Sans collision,3,2,2,0,1,1,1,0,8,50,,1,0,0,0,1,50.0,,,,2,2,3,1,7
202100023966,2021-08-10 17:30:00,2021,8,10,17,30,66,66210,9 Avenue de la Padrouze,42.6414943543,2.7568607709,Plein jour,En agglomération,Hors intersection,Normale,Autre collision,6,-1,-1,0,1,2,1,0,1,30,,2,1,0,1,0,26.0,,,,1,2,1,1,6
202100023967,2021-08-02 16:25:00,2021,8,2,16,25,34,34199,avenue du Maréchal Leclerc,43.460267,3.426077,Plein jour,En agglomération,Hors intersection,Normale,Autre collision,3,2,2,0,1,2,1,0,1,50,,3,1,0,0,2,42.0,,,,1,2,1,1,6
202100023968,2021-08-17 18:50:00,2021,8,17,18,50,83,83035,Route des Hauts du Camp,43.242249,5.801157,Plein jour,Hors agglomération,Hors intersection,Temps éblouissant,Deux véhicules - frontale,3,2,2,0,2,4,1,0,1,80,,3,2,1,0,0,25.0,43.0,,,1,1,1,7,1
202100023969,2021-08-15 16:30:00,2021,8,15,16,30,05,05058,pallon,44.737722993,6.566520707,Plein jour,En agglomération,Hors intersection,Normale,Autre collision,3,2,2,0,1,3,1,0,1,30,,2,1,0,0,1,73.0,,,,1,2,1,1,6
202100023970,2021-08-17 00:14:00,2021,8,17,0,14,70,70455,Rue de l Aérodrome,47.688352,6.536726,Nuit sans éclairage public,Hors agglomération,Hors intersection,Temps couvert,Autre collision,4,2,2,0,1,1,2,2,1,80,,2,0,0,1,1,20.0,,,,3,1,1,8,6
202100023971,2021-08-17 19:15:00,2021,8,17,19,15,03,03298,Nationale 7,46.312108,3.389325,Plein jour,Hors agglomération,Hors intersection,Normale,Sans collision,2,3,4,0,1,1,1,0,1,110,,1,0,0,1,0,68.0,,,,1,1,1,1,7
202100023972,2021-08-17 16:40:00,2021,8,17,16,40,73,73232,D902,45.569171,6.888642,Plein jour,Hors agglomération,Hors intersection,Normale,Deux véhicules - côté,3,2,2,0,1,2,1,0,1,80,,2,1,0,1,0,33.0,58.0,,,1,1,1,1,3
202100023973,2021-08-13 07:00:00,2021,8,13,7,0,01,01043,intersection d1084 et d1084A,45.833344,4.993587,Plein jour,En agglomération,Giratoire,Normale,Deux véhicules - côté,3,-1,2,1,1,3,1,0,5,50,,2,1,0,0,1,29.0,49.0,,,1,2,6,1,3
202100023974,2021-08-15 19:00:00,2021,8,15,19,0,69,69085,LYON (DE) (RTE),45.862591,4.840674,Plein jour,En agglomération,Intersection en T,Normale,Trois véhicules et plus - en chaîne,7,3,2,3,1,1,1,0,1,70,,4,2,0,0,2,22.0,20.0,,,1,2,3,1,4
202100023975,2021-08-17 05:30:00,2021,8,17,5,30,17,17308,D733,45.878761,-0.964691,Nuit avec éclairage allumé,Hors agglomération,Autre intersection,Normale,Sans collision,3,3,4,0,1,1,1,0,3,110,,4,0,0,4,0,21.0,,,,5,1,9,1,7
202100023976,2021-08-15 21:45:00,2021,8,15,21,45,13,13001,A51-Sens Marseille vers Aix en Provence,43.51181,5.42323,Nuit sans éclairage public,Hors agglomération,Autre intersection,Normale,Deux véhicules - arrière,1,1,4,3,1,1,1,9,1,90,,2,0,0,0,2,22.0,55.0,,,3,1,9,1,2
202100023977,2021-08-15 21:30:00,2021,8,15,21,30,01,01249,A42   6.290 A 8.310,45.81635,4.97266,Nuit sans éclairage public,Hors agglomération,Hors intersection,Temps couvert,Deux véhicules - arrière,1,3,6,0,1,1,2,0,1,110,,3,1,1,0,1,29.0,19.0,,,3,1,1,8,2
202100023978,2021-08-16 19:00:00,2021,8,16,19,0,33,33397,,44.92211,-0.474558,Plein jour,Hors agglomération,Hors intersection,Normale,Trois véhicules et plus - collisions multiples,1,3,6,0,1,1,1,0,1,130,,6,5,0,0,1,37.0,22.0,,,1,1,1,1,5
202100023979,2021-08-15 08:25:00,2021,8,15,8,25,33,33143,,44.962131,-0.443088,Plein jour,Hors agglomération,Hors intersection,Normale,Deux véhicules - arrière,1,3,6,0,2,1,1,2,1,130,,5,3,0,0,2,76.0,20.0,,,1,1,1,1,2
202100023980,2021-08-15 01:14:00,2021,8,15,1,14,91,91689,AUTOROUTE A6B,48.748023,2.327395,Nuit sans éclairage public,Hors agglomération,Hors intersection,Normale,Trois véhicules et plus - en chaîne,1,3,6,0,2,1,1,0,1,90,,4,3,0,0,1,35.0,29.0,,,3,1,1,1,4
202100023981,2021-08-16 15:30:00,2021,8,16,15,30,92,92064,A13,48.8397442438,2.2019797335,Plein jour,Hors agglomération,Hors intersection,Normale,Sans collision,1,3,6,0,1,1,1,0,1,90,,1,0,0,0,1,27.0,,,,1,1,1,1,7
202100023982,2021-08-16 06:30:00,2021,8,16,6,30,95,95241,RN 104,49.04768,2.46637,Crépuscule ou aube,Hors agglomération,Hors intersection,Normale,Autre collision,2,1,4,0,1,1,1,0,1,110,,1,0,0,0,1,20.0,,,,2,1,1,1,6
202100023983,2021-08-15 19:24:00,2021,8,15,19,24,17,17306,FONCILLON (FACADE DE),45.620092,-1.03443,Plein jour,En agglomération,Hors intersection,Normale,Autre collision,4,3,2,0,1,1,1,0,4,30,,2,0,0,0,2,18.0,,,,1,2,1,1,6
202100023984,2021-08-15 16:45:00,2021,8,15,16,45,974,97409,BOIS ROUGE (chemin du),-20.91983,55.63757,Plein jour,Hors agglomération,Hors intersection,Normale,Deux véhicules - frontale,4,-1,2,0,1,3,1,0,8,50,,2,1,0,1,0,23.0,27.0,,,1,1,1,1,1
202100023985,2021-08-14 13:05:00,2021,8,14,13,5,973,97302,MADELEINE (ROUTE DE LA),4.91529,-52.32101,Plein jour,En agglomération,Hors intersection,Normale,Deux véhicules - arrière,3,2,2,0,1,1,1,0,1,50,,3,1,0,0,2,,16.0,,,1,2,1,1,2