accident_id,datetime,annee,mois,jour,heure,minute,departement,commune_insee,adresse,latitude,longitude,luminosite,agglomeration,intersection,meteo,collision,catr,circ,nbv,vosp,prof,plan,surf,infra,situ,vma,nb_vehicules,nb_usagers,nb_indemnes,nb_tues,nb_blesses_hosp,nb_blesses_legers,age_cond_1,age_cond_2,veh_type_cond_1,veh_type_cond_2,lum_code,agg_code,int_code,atm_code,col_code
202100023986,2021-08-14 10:55:00,2021,8,14,10,55,973,97302,COLLERY (ZONE INDUSTRIELLE),4.9379088825,-52.3324735165,Plein jour,En agglomération,Hors intersection,Normale,Deux véhicules - côté,4,1,1,0,1,1,1,9,1,30,,3,1,0,0,2,51.0,53.0,,,1,2,1,1,3
202100023987,2021-08-15 12:00:00,2021,8,15,12,0,69,69259,MARCEL PAUL (AV),45.69897,4.882211,Plein jour,En agglomération,Hors intersection,Normale,Autre collision,4,2,2,0,1,1,1,0,1,50,,2,1,0,0,1,86.0,,,,1,2,1,1,6
202100023988,2021-08-15 16:12:00,2021,8,15,16,12,972,97209,RD 41 (ROCADE),14.6052,-61.08847,Plein jour,Hors agglomération,Hors intersection,Pluie légère,Autre collision,3,1,2,0,1,2,2,2,1,60,,2,0,0,1,1,26.0,,,,1,1,1,2,6
202100023989,2021-08-15 05:05:00,2021,8,15,5,5,972,97209,RN9,14.59758,-61.05424,Nuit sans éclairage public,Hors agglomération,Hors intersection,Normale,Autre collision,2,2,2,0,1,3,2,9,1,50,,1,0,0,1,0,40.0,,,,3,1,1,1,6
202100023990,2021-08-14 08:00:00,2021,8,14,8,0,972,97209,BISHOP (Avenue Maurice),14.60382,-61.06363,Plein jour,En agglomération,Hors intersection,Normale,Autre collision,4,1,2,0,1,1,1,0,4,50,,1,0,0,0,1,52.0,,,,1,2,1,1,6
202100023991,2021-08-14 19:50:00,2021,8,14,19,50,69,69389,DOCKS (DES) (R),45.7854599494,4.8106032145,Plein jour,En agglomération,Hors intersection,Normale,Sans collision,4,-1,1,0,1,1,1,0,1,50,,1,0,0,0,1,25.0,,,,1,2,1,1,7
202100023992,2021-08-15 18:45:00,2021,8,15,18,45,2B,2B033,11 - RT,42.67774,9.44492,Plein jour,En agglomération,Hors intersection,Normale,Deux véhicules - arrière,2,2,3,0,2,1,1,1,1,50,,2,1,0,0,1,37.0,28.0,,,1,2,1,1,2
202100023993,2021-08-14 20:00:00,2021,8,14,20,0,2B,2B037,TOUTES RUES,42.62903,9.43764,Crépuscule ou aube,En agglomération,Giratoire,Normale,Deux véhicules - côté,3,2,4,0,1,2,1,9,1,50,,2,0,0,0,2,30.0,28.0,,,2,2,6,1,3
202100023994,2021-08-15 07:58:00,2021,8,15,7,58,2B,2B033,11 - RT,42.67232,9.44383,Plein jour,En agglomération,Hors intersection,Normale,Deux véhicules - arrière,2,1,1,0,1,1,1,0,1,70,,2,1,0,0,1,52.0,20.0,,,1,2,1,1,2
202100023995,2021-08-15 15:20:00,2021,8,15,15,20,95,95680,RD 316,49.010388,2.384154,Plein jour,En agglomération,Hors intersection,Normale,Autre collision,3,3,4,0,2,1,1,0,1,50,,2,1,0,0,1,54.0,,,,1,2,1,1,6
202100023996,2021-08-15 21:30:00,2021,8,15,21,30,95,95582,RD 14,48.9746914134,2.2502848506,Nuit avec éclairage allumé,En agglomération,Intersection en Y,Normale,Deux véhicules - côté,3,2,2,0,1,1,1,0,1,50,,2,1,0,1,0,29.0,36.0,,,5,2,4,1,3
202100023997,2021-08-15 17:00:00,2021,8,15,17,0,88,88409,RUE DE LA GARE,48.020109,6.66612,Plein jour,En agglomération,Intersection en T,Normale,Deux véhicules - côté,3,2,2,0,1,1,1,0,1,50,,2,1,0,1,0,18.0,16.0,,,1,2,3,1,3
202100023998,2021-08-12 14:30:00,2021,8,12,14,30,83,83123,BANDOL (ROUTE)N° PAIRS,43.13069,5.78192,Plein jour,En agglomération,Hors intersection,Normale,Deux véhicules - arrière,3,2,2,0,1,1,1,0,1,50,,2,1,0,0,1,78.0,70.0,,,1,2,1,1,2
202100023999,2021-08-15 18:15:00,2021,8,15,18,15,83,83069,MARINE (BOULEVARD DE LA),43.093275,6.163566,Plein jour,En agglomération,Hors intersection,Normale,Autre collision,7,2,2,0,1,1,1,0,1,50,,2,1,0,1,0,21.0,,,,1,2,1,1,6
202100024000,2021-08-15 09:10:00,2021,8,15,9,10,82,82121,CARMET (RUE JEAN),44.00916,1.37629,Plein jour,En agglomération,Intersection en T,Normale,Deux véhicules - côté,4,2,2,0,1,4,1,0,1,50,,2,1,0,1,0,59.0,38.0,,,1,2,3,1,3
202100024001,2021-08-14 16:30:00,2021,8,14,16,30,76,76476,KENNEDY (AVENUE),49.4823642033,0.5546164513,Plein jour,Hors agglomération,Passage à niveau,Normale,Autre collision,3,3,4,0,1,1,1,4,1,80,,2,1,0,0,1,44.0,,,,1,1,8,1,6
202100024002,2021-08-13 15:49:00,2021,8,13,15,49,73,73011,BEAUFORT (ANCIENNE ROUTE DE),45.6852,6.4044,Plein jour,Hors agglomération,Hors intersection,Normale,Deux véhicules - côté,4,2,2,0,2,1,1,0,1,-1,,2,1,0,0,1,19.0,50.0,,,1,1,1,1,3
202100024003,2021-08-09 19:20:00,2021,8,9,19,20,73,73008,EAUX VIVES CHEMIN DES,45.6984051034,5.8970839381,Plein jour,En agglomération,Intersection en T,Normale,Autre collision,4,1,1,0,1,1,1,0,1,-1,,2,1,0,0,1,43.0,50.0,,,1,2,3,1,6
202100024004,2021-08-14 18:05:00,2021,8,14,18,5,69,69266,LAURENT BONNEVAY (BD),45.78763,4.88126,Plein jour,En agglomération,Intersection en T,Normale,Deux véhicules - côté,4,2,4,0,1,1,1,0,1,70,,3,2,0,0,1,47.0,86.0,,,1,2,3,1,3
202100024005,2021-08-14 08:48:00,2021,8,14,8,48,69,69256,GABRIEL PERI (AV),45.7714993485,4.9086919427,Plein jour,En agglomération,Hors intersection,Normale,Autre collision,4,2,2,3,1,1,1,0,1,50,,2,1,0,1,0,37.0,,,,1,2,1,1,6
202100024006,2021-08-14 12:00:00,2021,8,14,12,0,69,69264,CONDORCET (R),45.9849,4.73016,Plein jour,En agglomération,Autre intersection,Normale,Deux véhicules - côté,3,1,2,2,1,1,1,0,5,50,,2,1,0,0,1,70.0,22.0,,,1,2,9,1,3
202100024007,2021-08-15 05:30:00,2021,8,15,5,30,59,59426,BRIQUETERIE (RUE),50.74779,3.17251,Crépuscule ou aube,En agglomération,Hors intersection,Normale,Autre collision,7,2,2,0,1,1,1,0,3,50,,3,2,0,1,0,52.0,,,,2,2,1,1,6
202100024008,2021-08-15 21:00:00,2021,8,15,21,0,59,59122,PARIS (AVENUE DE),50.16102,3.22594,Crépuscule ou aube,En agglomération,Intersection en X,Normale,Autre collision,3,-1,2,0,2,1,1,0,4,50,,1,0,0,1,0,57.0,,,,2,2,2,1,6
202100024009,2021-08-12 11:29:00,2021,8,12,11,29,51,51230,Rue Léger Bertin,49.0417261832,3.9502387139,Plein jour,En agglomération,Intersection en X,Normale,Deux véhicules - côté,4,1,1,0,1,1,1,0,1,50,,2,1,0,1,0,67.0,17.0,,,1,2,2,1,3
202100024010,2021-08-14 12:30:00,2021,8,14,12,30,45,45147,159 Rue Marcelin Berthelot,47.9303024354,1.9160762429,Plein jour,En agglomération,Hors intersection,Normale,Autre collision,4,2,2,0,1,1,1,0,1,50,,2,1,0,0,1,27.0,,,,1,2,1,1,6
202100024011,2021-08-14 20:35:00,2021,8,14,20,35,37,37261,CHAUTEMPS (AVENUE CAMILLE),47.3799375958,0.7265836356,Plein jour,En agglomération,Hors intersection,Normale,Sans collision,4,2,2,0,1,3,1,0,1,50,,1,0,0,0,1,33.0,,,,1,2,1,1,7
202100024012,2021-08-16 02:55:00,2021,8,16,2,55,33,33069,Boulevard Pierre 1er,44.85398,-0.59343,Nuit avec éclairage allumé,En agglomération,Hors intersection,Normale,Deux véhicules - arrière,4,3,4,2,1,1,1,5,1,50,,2,1,0,0,1,21.0,30.0,,,5,2,1,1,2
202100024013,2021-08-14 16:30:00,2021,8,14,16,30,33,33529,OCEAN (BD DE L'),44.61907,-1.20164,Plein jour,En agglomération,Hors intersection,Normale,Deux véhicules - arrière,4,2,2,0,1,1,1,0,1,50,,2,1,0,0,1,17.0,22.0,,,1,2,1,1,2
202100024014,2021-08-15 13:00:00,2021,8,15,13,0,29,29019,Rue de l’Anse Saupin,48.3972645269,-4.5150622918,Plein jour,En agglomération,Hors intersection,Normale,Autre collision,4,2,2,0,1,1,1,5,4,50,,1,0,0,0,1,67.0,,,,1,2,1,1,6
202100024015,2021-08-30 15:40:00,2021,8,30,15,40,29,29019,Avenue Victor le Gorgeu,48.401836,-4.502133,Plein jour,En agglomération,Hors intersection,Normale,Sans collision,4,3,5,3,1,1,1,5,1,30,,2,1,0,1,0,25.0,,,,1,2,1,1,7
202100024016,2021-08-15 08:10:00,2021,8,15,8,10,28,28134,BOIS SABOT (RUE DU),48.7386,1.36072,Plein jour,En agglomération,Hors intersection,Normale,Deux véhicules - frontale,3,2,2,0,2,1,1,0,4,50,,2,1,0,0,1,36.0,,,,1,2,1,1,1
202100024017,2021-07-31 03:30:00,2021,7,31,3,30,22,22113,RESISTANCE (AVENUE DE LA),48.746679242,-3.4614993116,Nuit avec éclairage allumé,En agglomération,Giratoire,Normale,Sans collision,3,3,4,0,3,1,1,5,3,70,,1,0,0,0,1,20.0,,,,5,2,6,1,7
202100024018,2021-08-14 16:45:00,2021,8,14,16,45,15,15012,Lieu Dit le Croizet,44.873924,2.477049,Plein jour,Hors agglomération,Hors intersection,Normale,Sans collision,4,2,2,0,1,1,1,0,1,50,,1,0,0,0,1,27.0,,,,1,1,1,1,7
202100024019,2021-08-15 19:00:00,2021,8,15,19,0,14,14118,Rue Jean Romain,49.17873,-0.36122,Plein jour,En agglomération,Intersection en T,Normale,Deux véhicules - côté,4,-1,1,0,1,1,1,0,1,50,,4,1,0,0,3,38.0,64.0,,,1,2,3,1,3
202100024020,2021-08-15 03:45:00,2021,8,15,3,45,13,13213,OLIVES (AVENUE DES),43.32493,5.44233,Nuit avec éclairage allumé,En agglomération,Hors intersection,Normale,Deux véhicules - frontale,7,2,2,0,1,1,1,0,1,50,,1,0,0,1,0,46.0,,,,5,2,1,1,1
202100024021,2021-08-09 10:30:00,2021,8,9,10,30,03,03190,PARIS (ROUTE ET RUE),46.57334,3.32587,Plein jour,En agglomération,Hors intersection,Normale,Deux véhicules - côté,4,1,2,1,1,1,1,0,1,50,,3,2,0,1,0,73.0,66.0,,,1,2,1,1,3
202100024022,2021-08-15 16:45:00,2021,8,15,16,45,75,75114,BD PERIPHERIQUE EXTERIEUR SUD,48.819286,2.32889,Plein jour,En agglomération,Intersection en Y,Normale,Trois véhicules et plus - en chaîne,4,1,3,0,1,1,1,0,1,70,,5,2,0,1,2,24.0,57.0,,,1,2,4,1,4
202100024023,2021-08-13 23:23:00,2021,8,13,23,23,75,75114,AVENUE DU GENERAL LECLERC,48.832235,2.330599,Nuit avec éclairage allumé,En agglomération,Intersection en T,Normale,Autre collision,4,2,4,0,1,1,1,0,1,50,,1,0,0,1,0,79.0,,,,5,2,3,1,6
202100024024,2021-08-14 12:00:00,2021,8,14,12,0,75,75120,RUE DES PYRENEES,48.8562025326,2.4049311175,Plein jour,En agglomération,Intersection à plus de 4 branches,Normale,Deux véhicules - côté,4,2,2,0,2,1,1,0,1,50,,2,1,0,0,1,67.0,59.0,,,1,2,5,1,3
202100024025,2021-08-15 22:00:00,2021,8,15,22,0,75,75118,RUE LAGILLE,48.894616,2.329104,Nuit avec éclairage allumé,En agglomération,Intersection en T,Normale,Deux véhicules - côté,4,1,1,0,1,1,1,0,1,30,,2,1,0,0,1,41.0,41.0,,,5,2,3,1,3
202100024026,2021-08-15 15:30:00,2021,8,15,15,30,75,75118,BOULEVARD BARBES,48.890496,2.349645,Plein jour,En agglomération,Intersection en X,Normale,Autre collision,4,2,4,0,1,3,1,0,1,50,,2,1,0,0,1,44.0,,,,1,2,2,1,6
202100024027,2021-08-15 17:55:00,2021,8,15,17,55,75,75116,AVENUE DE VERSAILLES,48.851269,2.278553,Plein jour,En agglomération,Intersection en X,Normale,Autre collision,4,2,5,0,1,1,1,2,1,50,,2,1,0,0,1,63.0,,,,1,2,2,1,6
202100024028,2021-08-14 10:00:00,2021,8,14,10,0,75,75108,RUE D ARTOIS,48.873706,2.306529,Plein jour,En agglomération,Intersection en X,Normale,Deux véhicules - côté,4,1,1,0,2,1,1,0,1,30,,4,0,0,0,4,19.0,45.0,,,1,2,2,1,3
202100024029,2021-08-13 13:16:00,2021,8,13,13,16,75,75102,RUE DU QUATRE SEPTEMBRE,48.86918,2.338688,Plein jour,En agglomération,Intersection en X,Normale,Deux véhicules - côté,4,1,3,0,1,1,1,0,1,50,,7,4,0,0,3,30.0,41.0,,,1,2,2,1,3
202100024030,2021-08-14 20:45:00,2021,8,14,20,45,75,75107,QUAI JACQUES CHIRAC,48.859872,2.294449,Plein jour,En agglomération,Hors intersection,Normale,Trois véhicules et plus - en chaîne,4,2,5,0,1,1,1,0,1,50,,5,3,0,0,2,19.0,48.0,,,1,2,1,1,4
202100024031,2021-08-14 23:50:00,2021,8,14,23,50,94,94081,REPUBLIQUE (AV DE LA),48.80242,2.39738,Nuit avec éclairage allumé,En agglomération,Intersection en X,Normale,Deux véhicules - côté,3,4,2,0,1,1,1,0,1,30,,2,1,0,1,0,33.0,42.0,,,5,2,2,1,3
202100024032,2021-08-15 17:45:00,2021,8,15,17,45,94,94043,FONTAINEBLEAU (AV DE),48.81351,2.36143,Plein jour,En agglomération,Intersection en T,Normale,Deux véhicules - côté,3,2,5,1,1,1,1,0,1,50,,2,1,0,0,1,19.0,22.0,,,1,2,3,1,3
202100024033,2021-08-15 12:10:00,2021,8,15,12,10,94,94043,JEAN MONET (R),48.80926,2.36046,Plein jour,En agglomération,Hors intersection,Normale,Deux véhicules - côté,3,1,1,0,2,1,1,0,1,50,,2,1,0,0,1,,,,,1,2,1,1,3
202100024034,2021-08-15 20:50:00,2021,8,15,20,50,94,94022,Rue Pompadour,48.7688,2.42254,Crépuscule ou aube,En agglomération,Intersection en T,Normale,Deux véhicules - côté,3,1,2,0,1,1,1,0,1,50,,2,1,0,0,1,26.0,19.0,,,2,2,3,1,3
202100024035,2021-08-15 12:45:00,2021,8,15,12,45,94,94022,Rue Léon Blum,48.7571,2.4121,Plein jour,En agglomération,Hors intersection,Normale,Autre collision,4,2,2,0,2,1,1,0,3,50,,1,0,0,0,1,28.0,,,,1,2,1,1,6
202100024036,2021-08-15 08:30:00,2021,8,15,8,30,93,93048,LEO LAGRANGE (AVENUE),48.87667,2.45438,Crépuscule ou aube,En agglomération,Hors intersection,Normale,Deux véhicules - côté,4,3,1,0,1,1,1,0,1,30,,2,1,0,0,1,59.0,34.0,,,2,2,1,1,3
202100024037,2021-08-15 11:30:00,2021,8,15,11,30,93,93001,Rue Henri Barbusse / Rue Paul Bert,48.908845,2.390594,Plein jour,En agglomération,Intersection en X,Normale,Deux véhicules - frontale,3,1,1,0,1,1,1,0,1,50,,2,1,0,0,1,36.0,34.0,,,1,2,2,1,1
202100024038,2021-08-15 06:50:00,2021,8,15,6,50,92,92040,STALINGRAD (QUAI DE),48.8227714237,2.253440422,Plein jour,En agglomération,Hors intersection,Normale,Autre collision,3,1,2,0,1,2,1,0,4,50,,1,0,0,0,1,30.0,,,,1,2,1,1,6
202100024039,2021-08-15 11:15:00,2021,8,15,11,15,54,54411,D6,48.483462,6.186966,Plein jour,Hors agglomération,Hors intersection,Normale,Sans collision,3,2,2,0,2,1,1,0,1,80,,1,0,0,1,0,21.0,,,,1,1,1,1,7
202100024040,2021-08-16 09:45:00,2021,8,16,9,45,06,06031,Tunnel de la Condamine,43.770316,7.326904,Plein jour,Hors agglomération,Autre intersection,Normale,Autre collision,3,3,4,0,1,1,1,1,1,70,,2,1,0,0,1,39.0,34.0,,,1,1,9,1,6
202100024041,2021-08-15 12:46:00,2021,8,15,12,46,84,84008,D938,44.143541,5.10533,Plein jour,Hors agglomération,Intersection en T,Normale,Deux véhicules - côté,3,2,2,0,1,4,1,0,1,80,,2,1,0,1,0,52.0,63.0,,,1,1,3,1,3
202100024042,2021-08-14 17:50:00,2021,8,14,17,50,62,62439,888 Route du Ventu,50.799005,1.872252,Plein jour,Hors agglomération,Autre intersection,Normale,Deux véhicules - côté,3,2,2,0,2,1,1,0,1,80,,2,1,0,1,0,34.0,37.0,,,1,1,9,1,3
202100024043,2021-08-14 05:30:00,2021,8,14,5,30,66,66021,Avenue Noel Biosca,42.7344379659,2.9366091639,Nuit avec éclairage allumé,En agglomération,Giratoire,Normale,Deux véhicules - frontale,3,1,2,0,1,2,1,0,1,-1,,2,1,0,1,0,19.0,18.0,,,5,2,6,1,1
202100024044,2021-08-16 04:30:00,2021,8,16,4,30,62,62205,D942,50.724326,2.331269,Nuit sans éclairage public,Hors agglomération,Hors intersection,Normale,Deux véhicules - arrière,3,2,2,0,1,1,1,2,1,80,,2,1,0,1,0,21.0,50.0,,,3,1,1,1,2
202100024045,2021-08-15 20:30:00,2021,8,15,20,30,51,51662,Avenue de Rethel,49.2942942187,4.1259583797,Crépuscule ou aube,En agglomération,Intersection en T,Normale,Deux véhicules - côté,3,2,2,0,1,1,1,0,1,50,,2,1,0,1,0,34.0,29.0,,,2,2,3,1,3
202100024046,2021-08-16 19:30:00,2021,8,16,19,30,19,19223,Route de la Borie Gauthier,45.466658,1.47058,Plein jour,Hors agglomération,Hors intersection,Normale,Sans collision,3,2,2,0,4,2,1,0,3,90,,1,0,1,0,0,44.0,,,,1,1,1,1,7
202100024047,2021-08-06 12:40:00,2021,8,6,12,40,74,74177,RD 27,46.046612,6.183307,Plein jour,Hors agglomération,Intersection en T,Normale,Deux véhicules - arrière,3,2,2,0,1,1,1,0,1,50,,2,1,0,1,0,31.0,67.0,,,1,1,3,1,2
202100024048,2021-08-15 19:50:00,2021,8,15,19,50,79,79216,,46.239717,-0.311952,Plein jour,Hors agglomération,Intersection en T,Normale,Autre collision,3,2,2,0,1,2,1,0,1,80,,4,2,0,2,0,66.0,27.0,,,1,1,3,1,6
202100024049,2021-08-15 18:07:00,2021,8,15,18,7,65,65261,route d'auch,43.2383732343,0.4935460159,Plein jour,Hors agglomération,Hors intersection,Normale,Autre collision,3,2,2,0,1,1,1,0,3,90,,2,0,0,0,2,40.0,,,,1,1,1,1,6
202100024050,2021-08-09 14:00:00,2021,8,9,14,0,71,71520,Rue Louis Verchère,46.7346945818,4.8374078983,Plein jour,En agglomération,Hors intersection,Normale,Deux véhicules - frontale,3,2,2,0,2,1,1,0,1,50,,2,1,0,0,1,33.0,59.0,,,1,2,1,1,1
202100024051,2021-08-13 04:20:00,2021,8,13,4,20,41,41168,Route de Vierzon,47.286202,2.110705,Nuit sans éclairage public,Hors agglomération,Hors intersection,Brouillard / fumée,Autre collision,3,2,2,0,1,1,1,0,1,80,,1,0,0,1,0,51.0,,,,3,1,1,5,6
202100024052,2021-08-16 06:50:00,2021,8,16,6,50,34,34332,RD612A,43.319401,3.427831,Plein jour,Hors agglomération,Hors intersection,Normale,Deux véhicules - frontale,3,2,2,0,1,1,1,0,3,80,,5,0,2,3,0,63.0,21.0,,,1,1,1,1,1
202100024053,2021-08-14 19:50:00,2021,8,14,19,50,25,25040,D463,47.508034,6.933156,Plein jour,Hors agglomération,Hors intersection,Normale,Sans collision,3,2,2,0,4,2,9,0,1,80,,1,0,0,1,0,53.0,,,,1,1,1,1,7
202100024054,2021-06-21 19:15:00,2021,6,21,19,15,29,29018,Lieu Dit Kerflaconnier,48.3513701228,-3.8490495667,Plein jour,Hors agglomération,Hors intersection,Normale,Autre collision,3,2,2,0,4,3,1,0,1,80,,1,0,0,0,1,40.0,,,,1,1,1,1,6
202100024055,2021-08-16 16:45:00,2021,8,16,16,45,38,38269,ZI Les Marais (Plateforme),44.932565,5.782757,Plein jour,Hors agglomération,Autre intersection,Normale,Autre collision,6,-1,-1,0,1,1,1,0,1,50,,1,0,0,1,0,53.0,,,,1,1,9,1,6
202100024056,2021-08-16 14:16:00,2021,8,16,14,16,02,02714,N31(pk26+452),49.371116,3.434421,Plein jour,Hors agglomération,Autre intersection,Normale,Deux véhicules - frontale,2,2,2,0,3,1,1,9,1,80,,2,1,0,1,0,50.0,22.0,,,1,1,9,1,1
202100024057,2021-08-14 14:05:00,2021,8,14,14,5,03,03118,ZA des Pres Liats,46.106048,3.150979,Plein jour,Hors agglomération,Hors intersection,Normale,Autre collision,3,2,2,0,2,1,1,0,3,50,,1,0,1,0,0,29.0,,,,1,1,1,1,6
202100024058,2021-08-15 03:45:00,2021,8,15,3,45,85,85246,A83,46.737308,-1.159257,Nuit sans éclairage public,Hors agglomération,Hors intersection,Normale,Deux véhicules - arrière,1,1,4,0,1,1,1,0,5,130,,4,3,0,1,0,51.0,23.0,,,3,1,1,1,2
202100024059,2021-08-16 07:00:00,2021,8,16,7,0,70,70567,D96,47.544069,6.649159,Plein jour,Hors agglomération,Hors intersection,Normale,Sans collision,3,2,2,0,1,1,1,0,8,80,,1,0,0,1,0,39.0,,,,1,1,1,1,7
202100024060,2021-08-15 12:15:00,2021,8,15,12,15,66,66106,RD 900,42.500926,2.821147,Plein jour,Hors agglomération,Intersection en T,Normale,Deux véhicules - côté,3,2,2,0,1,2,1,5,1,80,,6,5,0,1,0,32.0,83.0,,,1,1,3,1,3
202100024061,2021-08-13 16:30:00,2021,8,13,16,30,14,14431,D252,49.068081,-0.086265,Plein jour,En agglomération,Hors intersection,Normale,Sans collision,3,2,2,0,1,1,1,0,1,50,,1,0,0,1,0,41.0,,,,1,2,1,1,7
202100024062,2021-08-15 15:30:00,2021,8,15,15,30,14,14209,D207,49.256246,-0.816792,Plein jour,Hors agglomération,Intersection en X,Normale,Deux véhicules - côté,3,2,2,0,1,1,1,0,1,80,,2,1,0,0,1,27.0,72.0,,,1,1,2,1,3
202100024063,2021-08-16 19:10:00,2021,8,16,19,10,50,50539,Rue des Hommets,49.673446,-1.384621,Plein jour,Hors agglomération,Hors intersection,Normale,Deux véhicules - côté,3,2,2,0,1,1,1,0,1,80,,2,1,0,0,1,53.0,32.0,,,1,1,1,1,3
202100024064,2021-08-15 15:30:00,2021,8,15,15,30,36,36158,,46.531403,1.62838,Plein jour,Hors agglomération,Hors intersection,Normale,Autre collision,3,2,2,0,4,3,1,0,1,80,,2,0,0,2,0,42.0,,,,1,1,1,1,6
202100024065,2021-08-14 13:50:00,2021,8,14,13,50,07,07260,,44.692421,4.71631,Plein jour,Hors agglomération,Hors intersection,Normale,Sans collision,3,2,2,0,1,1,1,0,3,80,,1,0,0,0,1,18.0,,,,1,1,1,1,7
202100024066,2021-08-16 15:50:00,2021,8,16,15,50,40,40046,Avenue de la Plage,44.43738,-1.233923,Plein jour,Hors agglomération,Hors intersection,Normale,Deux véhicules - côté,3,2,3,2,1,1,1,0,1,80,,3,0,0,2,1,31.0,25.0,,,1,1,1,1,3
202100024067,2021-08-15 23:45:00,2021,8,15,23,45,24,24291,Chemin de Gouny,45.054913,1.156515,Nuit sans éclairage public,Hors agglomération,Hors intersection,Normale,Deux véhicules - frontale,3,2,2,0,1,3,1,0,3,80,,1,0,0,1,0,55.0,,,,3,1,1,1,1
202100024068,2021-08-16 17:30:00,2021,8,16,17,30,04,04204,RD 4085,43.893517,6.421058,Plein jour,Hors agglomération,Hors intersection,Normale,Sans collision,3,2,2,0,1,1,1,0,3,80,,2,1,0,0,1,21.0,,,,1,1,1,1,7
202100024069,2021-08-15 16:55:00,2021,8,15,16,55,27,27057,3 Rue René Vallée,49.067711,1.044078,Plein jour,En agglomération,Hors intersection,Normale,Autre collision,4,2,2,0,1,1,1,0,4,50,,2,0,0,2,0,20.0,,,,1,2,1,1,6
202100024070,2021-08-16 01:10:00,2021,8,16,1,10,27,27052,Voie Verte (Piste cyclable),49.238114,0.708669,Nuit sans éclairage public,En agglomération,Hors intersection,Normale,Autre collision,9,-1,2,3,1,1,1,0,8,-1,,1,0,0,1,0,17.0,,,,3,2,1,1,6
202100024071,2021-08-15 20:20:00,2021,8,15,20,20,28,28195,Rue de l Aqueduc,48.574233,1.60351,Plein jour,Hors agglomération,Hors intersection,Normale,Autre collision,3,2,2,0,3,3,1,0,3,80,,1,0,0,1,0,24.0,,,,1,1,1,1,6
202100024072,2021-08-15 07:10:00,2021,8,15,7,10,17,17367,D130,45.949947,-0.335528,Plein jour,Hors agglomération,Hors intersection,Normale,Sans collision,3,2,2,0,1,1,1,0,3,80,,2,1,0,1,0,18.0,,,,1,1,1,1,7
202100024073,2021-08-14 15:15:00,2021,8,14,15,15,08,08214,D 989,50.005643,4.796305,Plein jour,Hors agglomération,Hors intersection,Normale,Sans collision,3,2,2,0,2,2,1,0,3,80,,1,0,0,1,0,50.0,,,,1,1,1,1,7
202100024074,2021-08-13 14:30:00,2021,8,13,14,30,80,80024,A16,49.932125,2.244017,Plein jour,Hors agglomération,Hors intersection,Normale,Autre collision,1,1,1,0,2,3,1,3,2,70,,2,0,0,0,2,45.0,,,,1,1,1,1,6
202100024075,2021-08-16 07:40:00,2021,8,16,7,40,26,26129,Autoroute A 49 ,45.054408,5.1831,Plein jour,Hors agglomération,Hors intersection,Normale,Trois véhicules et plus - collisions multiples,1,3,4,0,1,1,1,0,1,130,,3,0,1,0,2,36.0,49.0,,,1,1,1,1,5
202100024076,2021-08-15 09:20:00,2021,8,15,9,20,01,01343,Aire du Musée de la Bresse (Aire de repos),46.279966,4.982632,Plein jour,Hors agglomération,Hors intersection,Normale,Autre collision,1,1,1,0,2,3,1,0,1,30,,2,0,0,1,1,69.0,,,,1,1,1,1,6
202100024077,2021-08-16 11:45:00,2021,8,16,11,45,973,97309,Route de Rémire,4.898903,-52.273872,Plein jour,En agglomération,Hors intersection,Normale,Deux véhicules - côté,3,2,2,0,1,1,1,0,1,50,,3,1,0,0,2,23.0,27.0,,,1,2,1,1,3
202100024078,2021-08-14 14:05:00,2021,8,14,14,5,18,18063,Autoroute A71 PK231+100,46.879995,2.42167,Plein jour,Hors agglomération,Hors intersection,Normale,Sans collision,1,3,4,3,1,1,1,0,1,130,,2,1,0,0,1,37.0,,,,1,1,1,1,7
202100024079,2021-08-12 16:00:00,2021,8,12,16,0,976,97603,"Route nationale 3, Nyambadao",-12.893886,45.201042,Plein jour,En agglomération,Hors intersection,Normale,Deux véhicules - côté,2,2,2,0,1,1,1,0,1,50,,4,2,0,2,0,27.0,21.0,,,1,2,1,1,3
202100024080,2021-08-16 14:00:00,2021,8,16,14,0,973,97313,Route du Galion - RN 2 PK 19+200,4.782844,-52.422638,Plein jour,Hors agglomération,Intersection en T,Normale,Deux véhicules - côté,2,2,2,0,1,2,1,5,1,80,,7,4,1,0,2,38.0,37.0,,,1,1,3,1,3
202100024081,2021-08-15 18:45:00,2021,8,15,18,45,971,97125,Route Touristique,16.244924,-61.30443,Plein jour,En agglomération,Hors intersection,Normale,Autre collision,4,2,2,0,1,1,1,0,1,50,,2,1,0,1,0,29.0,,,,1,2,1,1,6
202100024082,2021-08-16 15:00:00,2021,8,16,15,0,77,77196,N3 PK 11+500 sens Paris-Meaux,48.948538,2.751737,Plein jour,Hors agglomération,Hors intersection,Normale,Sans collision,2,3,4,0,2,1,1,0,1,110,,1,0,0,1,0,49.0,,,,1,1,1,1,7
202100024083,2021-08-15 22:00:00,2021,8,15,22,0,2A,2A247,RT 10 trinité,41.62295,9.285164,Nuit sans éclairage public,Hors agglomération,Hors intersection,Normale,Deux véhicules - côté,2,2,2,0,2,3,1,0,1,80,,6,4,0,0,2,93.0,29.0,,,3,1,1,1,3
202100024084,2021-08-15 23:00:00,2021,8,15,23,0,83,83115,36 Av du General Touzet du Vigier,43.317664,6.665872,Nuit avec éclairage allumé,En agglomération,Hors intersection,Normale,Deux véhicules - côté,3,2,2,2,1,1,1,0,1,50,,3,2,0,1,0,55.0,24.0,,,5,2,1,1,3