accident_id,datetime,annee,mois,jour,heure,minute,departement,commune_insee,adresse,latitude,longitude,luminosite,agglomeration,intersection,meteo,collision,catr,circ,nbv,vosp,prof,plan,surf,infra,situ,vma,nb_vehicules,nb_usagers,nb_indemnes,nb_tues,nb_blesses_hosp,nb_blesses_legers,age_cond_1,age_cond_2,veh_type_cond_1,veh_type_cond_2,lum_code,agg_code,int_code,atm_code,col_code
202100024085,2021-08-16 10:00:00,2021,8,16,10,0,03,03113,Lieu-Dit Pierre Encize,46.015703,3.664069,Plein jour,Hors agglomération,Hors intersection,Normale,Sans collision,3,2,2,0,1,2,1,0,3,90,,1,0,1,0,0,24.0,,,,1,1,1,1,7
202100024086,2021-08-14 17:30:00,2021,8,14,17,30,74,74041,Route de la Solitude,46.296581,6.672515,Plein jour,En agglomération,Hors intersection,Normale,Sans collision,3,2,2,0,2,2,1,0,1,-1,,2,1,0,1,0,65.0,,,,1,2,1,1,7
202100024087,2021-08-14 17:25:00,2021,8,14,17,25,74,74280,R des Portiques,45.881597,6.325054,Plein jour,En agglomération,Hors intersection,Normale,Autre collision,4,1,1,0,1,1,1,0,1,30,,2,1,0,0,1,33.0,,,,1,2,1,1,6
202100024088,2021-08-16 14:15:00,2021,8,16,14,15,38,38449,Boulevard de la Noirée,45.640692,5.110123,Plein jour,Hors agglomération,Hors intersection,Normale,Deux véhicules - côté,3,1,4,0,1,1,1,0,6,70,,2,1,0,0,1,24.0,47.0,,,1,1,1,1,3
202100024089,2021-08-14 12:25:00,2021,8,14,12,25,07,07312,,45.12666,4.772246,Plein jour,En agglomération,Hors intersection,Normale,Deux véhicules - frontale,3,2,2,0,1,3,1,0,1,50,,3,1,0,1,1,32.0,18.0,,,1,2,1,1,1
202100024090,2021-08-15 10:30:00,2021,8,15,10,30,65,65123,hameau de gripp,42.945456,0.220606,Plein jour,Hors agglomération,Hors intersection,Normale,Deux véhicules - arrière,3,2,2,0,2,1,1,0,1,80,,2,1,0,1,0,55.0,31.0,,,1,1,1,1,2
202100024091,2021-08-15 13:00:00,2021,8,15,13,0,17,17307,69 Route du Mortier,45.695003,-0.908808,Plein jour,Hors agglomération,Hors intersection,Normale,Sans collision,3,2,2,0,1,1,1,0,3,80,,1,0,0,1,0,47.0,,,,1,1,1,1,7
202100024092,2021-08-14 19:30:00,2021,8,14,19,30,24,24080,D53,44.707157,0.923656,Plein jour,Hors agglomération,Intersection en X,Normale,Deux véhicules - côté,3,2,1,0,1,2,1,0,1,80,,4,3,0,1,0,57.0,25.0,,,1,1,2,1,3
202100024093,2021-08-15 17:45:00,2021,8,15,17,45,53,53119,ROUTE DE LAVAL,48.033998,-0.758507,Plein jour,Hors agglomération,Hors intersection,Normale,Sans collision,3,-1,2,0,2,3,1,0,1,70,,4,3,0,1,0,,,,,1,1,1,1,7
202100024094,2021-08-15 17:33:00,2021,8,15,17,33,61,61341,"Lieu dit ""la croix gaillard"" intersection RD 438 RD 1",48.500441,0.123253,Plein jour,Hors agglomération,Intersection en X,Normale,Deux véhicules - côté,3,2,2,0,1,1,1,5,1,70,,2,1,1,0,0,69.0,23.0,,,1,1,2,1,3
202100024095,2021-08-15 19:55:00,2021,8,15,19,55,60,60589,Rue Louis Saint Just,49.24256,2.470408,Plein jour,En agglomération,Hors intersection,Normale,Deux véhicules - frontale,4,2,2,0,1,3,1,0,4,50,,2,1,0,0,1,36.0,19.0,,,1,2,1,1,1
202100024096,2021-08-16 10:34:00,2021,8,16,10,34,59,59660,Rue d Hem,50.635601,3.222706,Plein jour,En agglomération,Hors intersection,Normale,Autre collision,7,2,2,0,1,1,1,0,1,30,,2,1,0,1,0,43.0,,,,1,2,1,1,6
202100024097,2021-08-15 18:55:00,2021,8,15,18,55,13,13055,A507 sens Marseille - Aubagne,43.29673,5.4246,Plein jour,Hors agglomération,Hors intersection,Normale,Deux véhicules - arrière,1,3,4,0,2,1,1,1,1,70,,4,3,0,0,1,34.0,32.0,,,1,1,1,1,2
202100024098,2021-08-15 04:05:00,2021,8,15,4,5,13,13210,A50-Sens Marseille vers Aubagne,43.2850757795,5.421436429,Nuit sans éclairage public,Hors agglomération,Hors intersection,Normale,Autre collision,1,1,3,0,1,1,1,0,1,-1,,3,0,0,0,3,22.0,,,,3,1,1,1,6
202100024099,2021-08-14 15:07:00,2021,8,14,15,7,69,69283,A46S 43.680 A 47.880,45.677821,4.9581,Plein jour,Hors agglomération,Hors intersection,Normale,Autre collision,1,3,4,0,1,1,1,0,2,90,,4,1,1,0,2,26.0,,,,1,1,1,1,6
202100024100,2021-07-31 23:00:00,2021,7,31,23,0,38,38087,A7,45.57974,4.80281,Nuit sans éclairage public,Hors agglomération,Hors intersection,Normale,Deux véhicules - arrière,1,1,3,0,1,1,1,0,1,90,,2,1,0,1,0,74.0,53.0,,,3,1,1,1,2
202100024101,2021-08-10 18:20:00,2021,8,10,18,20,67,67482,M35,48.58717,7.72726,Plein jour,Hors agglomération,Hors intersection,Normale,Trois véhicules et plus - en chaîne,7,3,5,0,1,1,1,0,1,90,,4,3,0,0,1,37.0,27.0,,,1,1,1,1,4
202100024102,2021-08-14 19:40:00,2021,8,14,19,40,94,94038,AUTOROUTE A6A,48.78912,2.34449,Plein jour,Hors agglomération,Hors intersection,Normale,Trois véhicules et plus - collisions multiples,1,1,3,0,1,1,1,0,1,90,,4,2,0,0,2,29.0,37.0,,,1,1,1,1,5
202100024103,2021-08-15 16:45:00,2021,8,15,16,45,93,93048,AUTOROUTE A86,48.86693,2.48202,Plein jour,Hors agglomération,Hors intersection,Normale,Trois véhicules et plus - en chaîne,1,1,4,0,1,1,1,1,1,90,,5,4,0,0,1,67.0,22.0,,,1,1,1,1,4
202100024104,2021-08-15 02:10:00,2021,8,15,2,10,95,95277,AUTOROUTE A3,48.97565,2.48985,Nuit sans éclairage public,Hors agglomération,Hors intersection,Normale,Sans collision,1,3,8,0,1,1,1,0,1,90,,2,0,0,0,2,26.0,,,,3,1,1,1,7
202100024105,2021-08-14 20:30:00,2021,8,14,20,30,95,95394,RN 184,49.0510714607,2.1919368565,Plein jour,Hors agglomération,Hors intersection,Normale,Autre collision,2,2,2,0,1,1,1,0,1,70,,1,0,0,0,1,30.0,,,,1,1,1,1,6
202100024106,2021-08-14 17:50:00,2021,8,14,17,50,93,93064,AUTOROUTE A86,48.8775091635,2.47741539,Plein jour,Hors agglomération,Hors intersection,Normale,Deux véhicules - côté,1,3,4,0,1,1,1,0,1,110,,2,1,0,0,1,31.0,31.0,,,1,1,1,1,3
202100024107,2021-08-14 11:30:00,2021,8,14,11,30,38,38185,Boulevard Gambetta,45.189,5.72274,Plein jour,En agglomération,Intersection en X,Normale,Autre collision,4,2,2,0,1,1,1,0,1,50,,2,1,0,0,1,41.0,,,,1,2,2,1,6
202100024108,2021-08-14 22:10:00,2021,8,14,22,10,17,17299,PELTIER RUE DU DOCTEUR,45.935845,-0.964446,Nuit avec éclairage allumé,En agglomération,Intersection en X,Normale,Autre collision,4,2,2,0,1,2,1,6,1,30,,2,1,0,1,0,21.0,,,,5,2,2,1,6
202100024109,2021-08-13 15:20:00,2021,8,13,15,20,974,97407,MONDON (AVENUE),-20.93498,55.29954,Plein jour,Hors agglomération,Hors intersection,Normale,Deux véhicules - arrière,4,2,1,0,1,1,1,0,1,50,,2,1,0,1,0,35.0,28.0,,,1,1,1,1,2
202100024110,2021-08-14 22:15:00,2021,8,14,22,15,69,69199,CHARLES PLASSE (R),45.70863,4.85463,Crépuscule ou aube,En agglomération,Hors intersection,Normale,Autre collision,7,2,3,0,1,1,1,0,1,50,,2,1,0,0,1,20.0,,,,2,2,1,1,6
202100024111,2021-08-14 16:00:00,2021,8,14,16,0,69,69259,AMBROISE CROIZAT                    (BD),45.70303,4.88741,Plein jour,En agglomération,Autre intersection,Normale,Deux véhicules - arrière,7,-1,2,0,1,1,1,0,1,50,,5,1,0,0,4,39.0,31.0,,,1,2,9,1,2
202100024112,2021-08-14 13:10:00,2021,8,14,13,10,69,69386,CREQUI (DE) (R),45.76696,4.846415,Plein jour,En agglomération,Intersection en X,Normale,Deux véhicules - côté,4,1,1,2,1,1,1,0,1,50,,3,2,0,0,1,51.0,22.0,,,1,2,2,1,3
202100024113,2021-08-14 20:57:00,2021,8,14,20,57,69,69382,BARRE (DE LA) (R),45.75771,4.83511,Plein jour,En agglomération,Hors intersection,Normale,Deux véhicules - arrière,4,1,1,3,1,1,1,0,1,50,,2,1,0,0,1,23.0,27.0,,,1,2,1,1,2
202100024114,2021-08-14 18:25:00,2021,8,14,18,25,69,69389,BALMONT (DE) (BD),45.78562,4.80086,Plein jour,En agglomération,Hors intersection,Normale,Autre collision,4,2,2,0,1,1,1,0,1,50,,2,1,0,0,1,31.0,,,,1,2,1,1,6
202100024115,2021-08-14 17:45:00,2021,8,14,17,45,69,69385,TRION (DE) (R),45.7579,4.81402,Plein jour,En agglomération,Hors intersection,Normale,Sans collision,4,2,3,0,2,1,1,0,1,50,,1,0,0,1,0,21.0,,,,1,2,1,1,7
202100024116,2021-08-13 11:40:00,2021,8,13,11,40,95,95277,RD 370,48.96447,2.46936,Plein jour,Hors agglomération,Hors intersection,Normale,Deux véhicules - arrière,3,3,4,0,1,1,1,0,1,70,,2,1,0,0,1,28.0,42.0,,,1,1,1,1,2
202100024117,2021-08-14 00:45:00,2021,8,14,0,45,82,82121,PAULET (CHEMIN DE),44.014141,1.306391,Nuit sans éclairage public,En agglomération,Hors intersection,Normale,Sans collision,4,2,-1,0,1,3,1,0,1,50,,1,0,0,1,0,42.0,,,,3,2,1,1,7
202100024118,2021-08-14 14:18:00,2021,8,14,14,18,79,79191,28 Rue Jean de la Fontaine,46.31891,-0.47615,Plein jour,En agglomération,Intersection en X,Normale,Deux véhicules - côté,4,2,2,0,1,1,1,0,1,50,,3,1,0,0,2,56.0,24.0,,,1,2,2,1,3
202100024119,2021-08-12 09:45:00,2021,8,12,9,45,78,78551,CROIX DE NOAILLES,48.93948,2.09578,Plein jour,Hors agglomération,Intersection en X,Normale,Deux véhicules - frontale,2,-1,2,0,1,1,1,0,1,70,,3,0,0,1,2,40.0,38.0,,,1,1,2,1,1
202100024120,2021-08-14 09:47:00,2021,8,14,9,47,77,77450,CHE DU PATIS,48.719011,2.589567,Plein jour,En agglomération,Hors intersection,Normale,Autre collision,4,2,2,0,2,1,1,0,1,50,,2,1,0,1,0,29.0,,,,1,2,1,1,6
202100024121,2021-08-14 08:30:00,2021,8,14,8,30,76,76540,EUROPE. BOULEVARD DE L',49.42692,1.0915,Plein jour,En agglomération,Intersection en X,Normale,Deux véhicules - côté,4,2,4,0,1,1,1,0,1,50,,3,1,0,0,2,26.0,20.0,,,1,2,2,1,3
202100024122,2021-08-14 01:35:00,2021,8,14,1,35,76,76319,LEGER. RUE FERNAND,49.349977058,0.9984818101,Nuit avec éclairage allumé,En agglomération,Autre intersection,Normale,Deux véhicules - côté,4,2,2,1,1,1,1,0,1,50,,2,1,0,0,1,30.0,22.0,,,5,2,9,1,3
202100024123,2021-08-13 15:40:00,2021,8,13,15,40,71,71059,9 Rue Pasteur,46.8110335875,4.476336364,Plein jour,En agglomération,Hors intersection,Normale,Deux véhicules - côté,4,2,1,0,2,1,1,0,1,50,,2,1,0,0,1,30.0,14.0,,,1,2,1,1,3
202100024124,2021-08-14 21:10:00,2021,8,14,21,10,69,69256,GENAS (DE) (RTE),45.7476461252,4.9222705194,Nuit avec éclairage allumé,En agglomération,Hors intersection,Normale,Trois véhicules et plus - en chaîne,7,2,2,3,1,1,1,0,1,50,,6,5,0,0,1,34.0,37.0,,,5,2,1,1,4
202100024125,2021-08-14 18:50:00,2021,8,14,18,50,69,69256,FULGENCIO GIMENEZ (R),45.7518588207,4.921746254,Plein jour,En agglomération,Hors intersection,Normale,Deux véhicules - côté,4,2,2,0,1,1,1,0,1,50,,2,0,0,0,2,37.0,21.0,,,1,2,1,1,3
202100024126,2021-08-14 17:45:00,2021,8,14,17,45,68,68297,MICHELFELDEN ( RUE DE ),47.597208,7.559954,Plein jour,En agglomération,Hors intersection,Normale,Deux véhicules - côté,4,1,1,1,1,1,1,0,5,50,,2,1,0,1,0,38.0,56.0,,,1,2,1,1,3
202100024127,2021-08-14 22:49:00,2021,8,14,22,49,59,59512,ALMA  (RUE DE L)',50.697176,3.165879,Nuit avec éclairage allumé,En agglomération,Intersection en X,Normale,Deux véhicules - côté,7,2,2,0,1,1,1,5,1,50,,3,2,0,1,0,36.0,36.0,,,5,2,2,1,3
202100024128,2021-08-14 19:25:00,2021,8,14,19,25,45,45302,D2020-PR 21 + 970,47.96416,1.88836,Plein jour,En agglomération,Intersection en T,Normale,Deux véhicules - arrière,3,2,4,0,1,1,1,0,1,70,,7,5,0,0,2,44.0,62.0,,,1,2,3,1,2
202100024129,2021-08-14 18:40:00,2021,8,14,18,40,44,44109,RUE MEURIS,47.20847,-1.57404,Plein jour,En agglomération,Intersection en X,Normale,Deux véhicules - côté,4,2,2,0,2,1,1,0,1,30,,2,1,0,0,1,26.0,21.0,,,1,2,2,1,3
202100024130,2021-08-14 08:10:00,2021,8,14,8,10,31,31069,ECHANGEUR ST MICHEL (A621-RD901),43.621838,1.392922,Plein jour,Hors agglomération,Hors intersection,Normale,Deux véhicules - arrière,1,1,2,0,1,2,1,0,1,70,,2,1,0,0,1,30.0,26.0,,,1,1,1,1,2
202100024131,2021-08-14 18:25:00,2021,8,14,18,25,30,30007,ANDUZE (VIEILLE ROUTE D'),44.09716,4.06857,Plein jour,Hors agglomération,Hors intersection,Normale,Sans collision,3,2,2,0,1,1,1,0,1,50,,1,0,0,0,1,24.0,,,,1,1,1,1,7
202100024132,2021-08-14 16:15:00,2021,8,14,16,15,29,29039,N165,47.9245291192,-3.8940900564,Plein jour,Hors agglomération,Hors intersection,Normale,Deux véhicules - arrière,2,1,1,0,1,1,1,3,1,80,,3,2,0,0,1,22.0,44.0,,,1,1,1,1,2
202100024133,2021-08-14 14:40:00,2021,8,14,14,40,25,25462,ETRACHES LES,46.92422,6.40044,Plein jour,Hors agglomération,Hors intersection,Normale,Deux véhicules - côté,3,2,2,0,2,1,1,0,1,80,,2,1,0,0,1,35.0,33.0,,,1,1,1,1,3
202100024134,2021-08-13 23:45:00,2021,8,13,23,45,25,25056,GAULLE BOULEVARD CHARLES,47.232998,6.019323,Nuit avec éclairage allumé,En agglomération,Intersection en X,Normale,Deux véhicules - côté,4,2,3,0,1,1,1,9,1,50,,2,1,0,0,1,25.0,19.0,,,5,2,2,1,3
202100024135,2021-08-15 00:55:00,2021,8,15,0,55,17,17380,COMBOTS D'ANSOINE (AVENUE DE),45.66352,-1.11967,Nuit sans éclairage public,Hors agglomération,Hors intersection,Normale,Sans collision,3,2,2,0,4,2,1,0,3,70,,3,1,0,1,1,18.0,,,,3,1,1,1,7
202100024136,2021-08-14 22:58:00,2021,8,14,22,58,17,17300,ALBERT IER   RUE,46.166461,-1.150915,Nuit avec éclairage allumé,En agglomération,Intersection en X,Normale,Deux véhicules - côté,4,1,1,1,1,1,1,0,1,20,,3,2,0,0,1,19.0,34.0,,,5,2,2,1,3
202100024137,2021-08-14 23:30:00,2021,8,14,23,30,13,13208,JOSEPH VIDAL (AVENUE),43.2515336256,5.3777968727,Nuit avec éclairage allumé,En agglomération,Hors intersection,Normale,Deux véhicules - arrière,4,-1,2,0,1,1,1,0,1,50,,4,1,0,0,3,21.0,41.0,,,5,2,1,1,2
202100024138,2021-08-14 20:45:00,2021,8,14,20,45,13,13209,SCHLOESING (BOULEVARD),43.27281,5.40088,Crépuscule ou aube,En agglomération,Hors intersection,Normale,Autre collision,4,2,4,0,1,1,1,0,1,50,,1,0,0,0,1,50.0,,,,2,2,1,1,6
202100024139,2021-08-14 20:30:00,2021,8,14,20,30,13,13211,VALBARELLE (BOULEVARD DE LA ),43.2874879939,5.4478899192,Plein jour,En agglomération,Hors intersection,Normale,Deux véhicules - arrière,4,2,2,0,1,1,1,0,1,50,,3,1,0,0,2,22.0,,,,1,2,1,1,2
202100024140,2021-08-14 13:30:00,2021,8,14,13,30,13,13210,CAPELETTE (AVENUE DE LA),43.2806796366,5.4074904702,Plein jour,En agglomération,Hors intersection,Normale,Deux véhicules - côté,4,2,2,0,1,1,1,0,1,50,,2,1,0,0,1,44.0,19.0,,,1,2,1,1,3
202100024141,2021-08-14 12:35:00,2021,8,14,12,35,12,12084,COMTES D'ARMAGNAC (AVENUE DES),44.084361,3.057332,Plein jour,En agglomération,Hors intersection,Normale,Deux véhicules - frontale,3,-1,2,0,1,2,1,0,1,50,,2,0,1,0,1,41.0,52.0,,,1,2,1,1,1
202100024142,2021-08-14 13:15:00,2021,8,14,13,15,11,11069,MEDIEVALE -VOIE-,43.20324,2.37405,Plein jour,Hors agglomération,Intersection en Y,Normale,Deux véhicules - frontale,3,2,2,0,1,2,1,0,1,80,,3,1,0,0,2,29.0,45.0,,,1,1,4,1,1
202100024143,2021-08-14 18:45:00,2021,8,14,18,45,10,10265,11 NOVEMBRE (RUE DU),48.30211,4.04727,Plein jour,En agglomération,Intersection en X,Normale,Deux véhicules - côté,4,2,2,0,4,1,1,0,1,50,,2,1,0,0,1,14.0,52.0,,,1,2,2,1,3
202100024144,2021-08-14 12:05:00,2021,8,14,12,5,06,06069,RENOIR (AVENUE AUGUSTE),43.681746,6.961238,Plein jour,En agglomération,Hors intersection,Normale,Autre collision,3,2,2,0,1,2,1,0,1,50,,1,0,0,0,1,56.0,,,,1,2,1,1,6
202100024145,2021-08-14 16:00:00,2021,8,14,16,0,75,75118,BD PERIPHERIQUE INTERIEUR,48.900931,2.345297,Plein jour,En agglomération,Hors intersection,Normale,Trois véhicules et plus - en chaîne,4,1,4,0,1,1,1,0,1,70,,4,3,0,0,1,38.0,49.0,,,1,2,1,1,4
202100024146,2021-08-13 17:45:00,2021,8,13,17,45,75,75120,PLACE DE LA PORTE DE BAGNOLET,48.864699,2.408617,Plein jour,En agglomération,Place,Normale,Deux véhicules - côté,4,1,1,0,2,3,1,0,1,30,,2,1,0,0,1,29.0,21.0,,,1,2,7,1,3
202100024147,2021-08-14 10:20:00,2021,8,14,10,20,75,75118,RUE ORDENER,48.8902936739,2.3583242775,Plein jour,En agglomération,Intersection en T,Normale,Autre collision,4,2,4,0,1,1,1,0,1,50,,2,1,0,0,1,,,,,1,2,3,1,6
202100024148,2021-08-13 11:15:00,2021,8,13,11,15,75,75114,RUE DE LA SABLIERE,48.832324,2.320769,Plein jour,En agglomération,Hors intersection,Normale,Autre collision,4,2,2,2,1,2,1,6,4,30,,2,1,0,0,1,29.0,,,,1,2,1,1,6
202100024149,2021-08-14 11:10:00,2021,8,14,11,10,75,75110,RUE DU FAUBOURG DU TEMPLE,48.8688269663,2.3676234484,Plein jour,En agglomération,Intersection en T,Normale,Deux véhicules - arrière,4,1,2,0,2,1,1,0,1,30,,2,1,0,0,1,28.0,38.0,,,1,2,3,1,2
202100024150,2021-08-13 22:30:00,2021,8,13,22,30,75,75102,BOULEVARD SAINT DENIS,48.869366,2.354257,Nuit avec éclairage allumé,En agglomération,Intersection en X,Normale,Deux véhicules - côté,4,2,4,1,1,1,1,0,5,50,,2,1,0,0,1,59.0,,,,5,2,2,1,3
202100024151,2021-08-14 12:15:00,2021,8,14,12,15,75,75102,RUE DU QUATRE SEPTEMBRE,48.869537,2.336797,Plein jour,En agglomération,Intersection en X,Normale,Deux véhicules - côté,4,1,3,0,1,1,1,8,1,50,,4,3,0,0,1,36.0,52.0,,,1,2,2,1,3
202100024152,2021-08-13 12:05:00,2021,8,13,12,5,94,94068,Boulevard de Créteil,48.80042,2.47181,Plein jour,En agglomération,Intersection en Y,Normale,Deux véhicules - côté,3,1,2,0,1,1,1,0,1,30,,9,0,0,1,8,41.0,58.0,,,1,2,4,1,3
202100024153,2021-08-14 18:40:00,2021,8,14,18,40,94,94033,ROGER SALENGRO (R),48.8483990616,2.4876254797,Plein jour,En agglomération,Intersection en T,Normale,Deux véhicules - côté,4,2,2,0,2,2,1,0,1,30,,2,1,0,0,1,53.0,65.0,,,1,2,3,1,3
202100024154,2021-08-12 19:00:00,2021,8,12,19,0,94,94002,Rue Charles de Gaulle,48.81459,2.411984,Plein jour,En agglomération,Intersection à plus de 4 branches,Normale,Sans collision,3,2,4,1,2,3,1,0,1,50,,1,0,0,0,1,27.0,,,,1,2,5,1,7
202100024155,2021-08-14 19:00:00,2021,8,14,19,0,93,93048,Bd Paul Vaillant Couturier,48.86623,2.44459,Plein jour,En agglomération,Hors intersection,Normale,Deux véhicules - côté,3,2,2,1,1,1,1,0,1,50,,3,2,0,0,1,31.0,38.0,,,1,2,1,1,3
202100024156,2021-08-15 15:50:00,2021,8,15,15,50,35,35167,Route du Breil,47.827815,-1.329249,Plein jour,Hors agglomération,Hors intersection,Normale,Sans collision,4,2,2,0,1,3,1,0,8,80,,1,0,0,1,0,32.0,,,,1,1,1,1,7
202100024157,2021-08-14 17:50:00,2021,8,14,17,50,11,11079,D 118,43.403285872,2.2982668877,Plein jour,Hors agglomération,Hors intersection,Normale,Sans collision,3,2,2,0,2,3,1,0,8,80,,1,0,0,1,0,28.0,,,,1,1,1,1,7
202100024158,2021-08-13 19:37:00,2021,8,13,19,37,06,06149,Boulevard Général de Gaulle,43.740948,7.311224,Plein jour,En agglomération,Hors intersection,Normale,Sans collision,7,2,2,0,1,4,1,0,4,50,,2,0,0,0,2,17.0,,,,1,2,1,1,7
202100024159,2021-05-29 19:35:00,2021,5,29,19,35,45,45092,route des quatre croix  / RD 963,47.958034,2.616999,Plein jour,Hors agglomération,Intersection en T,Normale,Autre collision,3,2,2,0,1,1,1,0,3,80,,1,0,0,1,0,31.0,,,,1,1,3,1,6
202100024160,2021-08-15 12:10:00,2021,8,15,12,10,84,84069,D938,44.196811,5.117188,Plein jour,Hors agglomération,Intersection en T,Normale,Deux véhicules - côté,3,2,2,0,1,1,1,0,1,80,,2,1,1,0,0,60.0,24.0,,,1,1,3,1,3
202100024161,2021-06-29 17:40:00,2021,6,29,17,40,84,84137,D938,44.23448,5.081673,Plein jour,Hors agglomération,Hors intersection,Normale,Deux véhicules - frontale,3,2,2,1,1,2,1,0,1,80,,2,1,0,1,0,23.0,56.0,,,1,1,1,1,1
202100024162,2021-08-15 16:30:00,2021,8,15,16,30,83,83019,Route du Baguier,43.1559314827,6.3460830622,Plein jour,Hors agglomération,Hors intersection,Normale,Deux véhicules - côté,3,-1,2,0,2,3,1,0,1,80,,2,1,0,1,0,25.0,79.0,,,1,1,1,1,3
202100024163,2021-08-15 10:50:00,2021,8,15,10,50,30,30334,Route d Arpaillargues,44.003192,4.396577,Plein jour,Hors agglomération,Hors intersection,Normale,Autre collision,3,2,2,0,1,3,1,0,3,70,,1,0,0,1,0,27.0,,,,1,1,1,1,6
202100024164,2021-08-14 00:50:00,2021,8,14,0,50,31,31203,chemin Sauveur,43.516424,1.315656,Nuit avec éclairage allumé,En agglomération,Intersection en T,Normale,Deux véhicules - côté,3,2,2,0,1,1,1,0,1,50,,3,2,0,0,1,23.0,29.0,,,5,2,3,1,3
202100024165,2021-08-07 10:10:00,2021,8,7,10,10,56,56206,D135B Kermelin,47.676495,-2.734045,Plein jour,Hors agglomération,Intersection en T,Pluie légère,Deux véhicules - frontale,3,2,2,0,1,1,2,5,1,80,,2,1,0,0,1,26.0,62.0,,,1,1,3,2,1
202100024166,2021-08-14 20:00:00,2021,8,14,20,0,79,79061,,46.247983,-0.18945,Plein jour,Hors agglomération,Hors intersection,Normale,Trois véhicules et plus - collisions multiples,3,2,3,0,2,1,1,0,1,90,,8,1,0,7,0,21.0,49.0,,,1,1,1,1,5
202100024167,2021-08-14 20:45:00,2021,8,14,20,45,80,80417,46 Rue de Lihons,49.847464,2.674898,Crépuscule ou aube,En agglomération,Intersection en T,Normale,Autre collision,3,2,2,0,1,1,1,0,4,50,,1,0,0,0,1,31.0,,,,2,2,3,1,6
202100024168,2021-08-14 06:00:00,2021,8,14,6,0,69,69070,HOTEL DE VILLE ( DE L') (R),46.018987,4.37792,Nuit avec éclairage allumé,En agglomération,Hors intersection,Normale,Autre collision,3,2,2,0,1,1,1,0,1,50,,1,0,0,1,0,17.0,,,,5,2,1,1,6
202100024169,2021-08-15 07:10:00,2021,8,15,7,10,32,32365,D12,43.357731,0.694531,Crépuscule ou aube,Hors agglomération,Hors intersection,Normale,Autre collision,3,2,2,0,1,1,1,0,3,80,,1,0,0,1,0,24.0,,,,2,1,1,1,6
202100024170,2021-08-13 08:30:00,2021,8,13,8,30,11,11240,D52,42.9453441,2.236056,Plein jour,Hors agglomération,Hors intersection,Normale,Autre collision,3,2,2,0,1,1,1,0,3,80,,1,0,0,1,0,73.0,,,,1,1,1,1,6
202100024171,2021-08-15 14:45:00,2021,8,15,14,45,71,71494,RD 86 route du chateau,46.407642,4.849268,Plein jour,Hors agglomération,Hors intersection,Normale,Deux véhicules - frontale,3,2,1,0,1,3,1,0,1,80,,5,2,0,0,3,21.0,60.0,,,1,1,1,1,1
202100024172,2021-08-14 16:00:00,2021,8,14,16,0,46,46038,D803,44.916958,1.837935,Plein jour,En agglomération,Giratoire,Normale,Autre collision,3,2,1,0,1,1,1,5,8,50,,1,0,0,0,1,57.0,,,,1,2,6,1,6
202100024173,2021-08-13 11:20:00,2021,8,13,11,20,41,41145,Route de Sambin,47.458062,1.295089,Plein jour,Hors agglomération,Hors intersection,Normale,Sans collision,3,2,2,0,1,1,1,0,3,90,,2,1,0,0,1,83.0,21.0,,,1,1,1,1,7
202100024174,2021-08-15 06:55:00,2021,8,15,6,55,22,22219,Saint-Théo,48.2539381744,-2.7199869792,Crépuscule ou aube,Hors agglomération,Hors intersection,Brouillard / fumée,Deux véhicules - frontale,3,2,2,0,1,2,1,0,1,80,,2,0,0,1,1,47.0,19.0,,,2,1,1,5,1
202100024175,2021-08-14 18:10:00,2021,8,14,18,10,25,25413,38 Rue de la Varée,46.715571,6.196516,Plein jour,En agglomération,Hors intersection,Normale,Sans collision,3,-1,2,0,1,1,1,0,1,30,,1,0,0,1,0,58.0,,,,1,2,1,1,7
202100024176,2021-08-14 20:30:00,2021,8,14,20,30,25,25325,Rue du Faubourg,47.257782,6.466382,Crépuscule ou aube,En agglomération,Autre intersection,Normale,Sans collision,4,-1,1,0,1,1,1,0,1,50,,1,0,1,0,0,36.0,,,,2,2,9,1,7
202100024177,2021-08-13 20:20:00,2021,8,13,20,20,25,25058,4 rue du stade,47.204908,5.995054,Plein jour,En agglomération,Intersection en T,Normale,Deux véhicules - côté,4,2,2,0,1,1,1,0,1,30,,2,1,0,1,0,39.0,35.0,,,1,2,3,1,3
202100024178,2021-08-15 11:50:00,2021,8,15,11,50,35,35163,La Barboterie,48.304109,-1.161935,Plein jour,Hors agglomération,Autre intersection,Normale,Deux véhicules - côté,3,2,2,0,1,1,1,0,1,80,,2,1,0,1,0,48.0,18.0,,,1,1,9,1,3
202100024179,2021-08-15 00:40:00,2021,8,15,0,40,31,31341,D2 route de toulouse,43.723025,1.327436,Nuit sans éclairage public,Hors agglomération,Hors intersection,Normale,Autre collision,3,2,2,0,1,1,1,0,1,80,,1,0,0,1,0,42.0,,,,3,1,1,1,6
202100024180,2021-08-14 06:15:00,2021,8,14,6,15,38,38463,Route de Varacieux,45.191194,5.346984,Crépuscule ou aube,Hors agglomération,Hors intersection,Normale,Autre collision,3,2,2,0,1,3,1,0,1,80,,1,0,0,1,0,64.0,,,,2,1,1,1,6