accident_id,datetime,annee,mois,jour,heure,minute,departement,commune_insee,adresse,latitude,longitude,luminosite,agglomeration,intersection,meteo,collision,catr,circ,nbv,vosp,prof,plan,surf,infra,situ,vma,nb_vehicules,nb_usagers,nb_indemnes,nb_tues,nb_blesses_hosp,nb_blesses_legers,age_cond_1,age_cond_2,veh_type_cond_1,veh_type_cond_2,lum_code,agg_code,int_code,atm_code,col_code
202100024181,2021-08-14 17:50:00,2021,8,14,17,50,02,02010,D26,49.457385,3.442379,Plein jour,Hors agglomération,Hors intersection,Normale,Autre collision,3,2,2,0,3,2,1,0,3,80,,3,1,0,1,1,42.0,,,,1,1,1,1,6
202100024182,2021-08-15 11:30:00,2021,8,15,11,30,15,15120,Marsalou,45.214651,2.346606,Plein jour,En agglomération,Hors intersection,Normale,Deux véhicules - côté,6,-1,-1,0,1,1,1,0,1,50,,3,2,0,0,1,49.0,39.0,,,1,2,1,1,3
202100024183,2021-08-14 17:30:00,2021,8,14,17,30,15,15122,Rue Tour de Ville,44.711065,2.197512,Plein jour,En agglomération,Hors intersection,Normale,Autre collision,6,-1,-1,0,1,3,1,0,4,50,,2,1,0,1,0,88.0,,,,1,2,1,1,6
202100024184,2021-08-15 16:30:00,2021,8,15,16,30,70,70245,route nationale 57 PK 001.050,47.926731,6.429394,Plein jour,Hors agglomération,Intersection en T,Pluie légère,Deux véhicules - côté,2,2,2,0,2,1,2,0,1,70,,3,2,0,1,0,35.0,71.0,,,1,1,3,2,3
202100024185,2021-08-14 20:20:00,2021,8,14,20,20,50,50481,Rue du Corps de Garde,49.234028,-1.62677,Crépuscule ou aube,Hors agglomération,Hors intersection,Normale,Autre collision,3,2,2,0,1,1,1,0,3,80,,6,2,0,1,3,82.0,,,,2,1,1,1,6
202100024186,2021-08-14 05:38:00,2021,8,14,5,38,53,53104,56 Rue de la Division Leclerc,47.85434,-0.607231,Crépuscule ou aube,En agglomération,Hors intersection,Normale,Deux véhicules - frontale,3,2,2,0,2,2,1,0,1,50,,4,3,0,1,0,23.0,63.0,,,2,2,1,1,1
202100024187,2021-08-14 22:20:00,2021,8,14,22,20,24,24240,route du saut,44.887446,0.892344,Nuit sans éclairage public,Hors agglomération,Hors intersection,Normale,Autre collision,4,2,2,0,2,1,1,0,3,80,,1,0,1,0,0,77.0,,,,3,1,1,1,6
202100024188,2021-08-15 01:30:00,2021,8,15,1,30,28,28395,La Donnaisiere,48.289158,0.861563,Nuit sans éclairage public,Hors agglomération,Hors intersection,Normale,Autre collision,3,2,1,0,1,1,2,0,3,80,,2,0,0,2,0,22.0,,,,3,1,1,1,6
202100024189,2021-08-14 23:40:00,2021,8,14,23,40,28,28339,D125,48.430144,1.272869,Nuit sans éclairage public,Hors agglomération,Hors intersection,Normale,Autre collision,3,2,2,0,1,1,1,0,3,80,,2,0,0,1,1,25.0,,,,3,1,1,1,6
202100024190,2021-08-15 15:00:00,2021,8,15,15,0,30,30053,Le Plagnol,43.977761,4.209014,Plein jour,En agglomération,Intersection en X,Normale,Deux véhicules - côté,3,2,2,0,1,1,1,0,8,50,,4,0,1,0,3,34.0,21.0,,,1,2,2,1,3
202100024191,2021-08-15 13:05:00,2021,8,15,13,5,48,48069,D18,44.176285,3.535189,Plein jour,Hors agglomération,Hors intersection,Normale,Autre collision,3,2,2,0,2,2,1,0,3,90,,1,0,0,1,0,57.0,,,,1,1,1,1,6
202100024192,2021-08-15 11:00:00,2021,8,15,11,0,08,08436,D877,49.91229,4.469043,Plein jour,Hors agglomération,Hors intersection,Normale,Autre collision,3,2,2,0,1,1,1,0,1,80,,2,1,0,0,1,49.0,,,,1,1,1,1,6
202100024193,2021-08-14 11:40:00,2021,8,14,11,40,973,97307,intersection rue de l'alambic - rue de la récolte,4.879317,-52.324759,Plein jour,En agglomération,Intersection en X,Normale,Deux véhicules - côté,4,2,2,0,1,1,1,0,1,50,,2,1,0,1,0,45.0,50.0,,,1,2,2,1,3
202100024194,2021-08-15 00:30:00,2021,8,15,0,30,13,13113,A.51 - P.K.29.200,43.606157,5.496962,Nuit sans éclairage public,Hors agglomération,Autre intersection,Normale,Deux véhicules - frontale,1,1,1,0,2,3,1,3,1,130,,3,1,0,0,2,25.0,,,,3,1,9,1,1
202100024195,2021-08-15 07:15:00,2021,8,15,7,15,01,01451,A40,46.23637,5.277943,Crépuscule ou aube,Hors agglomération,Hors intersection,Normale,Autre collision,1,3,5,0,1,1,1,0,1,130,,1,0,0,1,0,21.0,,,,2,1,1,1,6
202100024196,2021-08-15 15:50:00,2021,8,15,15,50,67,67033,PK 001.350 autoroute A340,48.751927,7.692157,Plein jour,Hors agglomération,Hors intersection,Normale,Autre collision,3,3,4,0,2,3,1,0,1,110,,1,0,0,1,0,26.0,,,,1,1,1,1,6
202100024197,2021-08-12 16:58:00,2021,8,12,16,58,58,58152,N7,46.903824,3.157464,Plein jour,Hors agglomération,Hors intersection,Normale,Deux véhicules - côté,2,3,4,0,2,1,1,0,1,110,,3,0,0,1,2,52.0,82.0,,,1,1,1,1,3
202100024198,2021-08-13 11:00:00,2021,8,13,11,0,13,13066,A7,43.884408,4.923763,Plein jour,Hors agglomération,Hors intersection,Normale,Autre collision,1,1,3,0,1,1,1,0,1,130,,2,1,0,1,0,44.0,,,,1,1,1,1,6
202100024199,2021-08-15 15:20:00,2021,8,15,15,20,60,60142,D118,49.1295709702,2.5400691031,Plein jour,Hors agglomération,Hors intersection,Normale,Deux véhicules - frontale,3,2,2,0,1,3,1,0,1,80,,2,0,0,1,1,37.0,24.0,,,1,1,1,1,1
202100024200,2021-08-14 22:30:00,2021,8,14,22,30,988,98814,RPI1 - LIFOU,-20.776759,167.211142,Nuit sans éclairage public,Hors agglomération,Hors intersection,Normale,Autre collision,3,2,2,0,1,2,1,0,3,90,,1,0,0,1,0,44.0,,,,3,1,1,1,6
202100024201,2021-08-14 19:40:00,2021,8,14,19,40,33,33214,Route du Baganais,45.001391,-1.180275,Plein jour,Hors agglomération,Hors intersection,Temps éblouissant,Deux véhicules - côté,4,2,2,0,2,1,1,0,1,50,,2,1,1,0,0,13.0,22.0,,,1,1,1,7,3
202100024202,2021-08-14 18:40:00,2021,8,14,18,40,77,77234,44 Grande Rue,48.919241,2.758204,Crépuscule ou aube,En agglomération,Autre intersection,Temps éblouissant,Autre collision,3,2,1,0,1,1,1,9,1,50,,1,0,0,1,0,27.0,,,,2,2,9,7,6
202100024203,2021-08-15 03:00:00,2021,8,15,3,0,77,77178,D403e1,48.228264,2.662173,Nuit sans éclairage public,Hors agglomération,Hors intersection,Normale,Sans collision,3,2,2,0,4,4,1,0,8,-1,,3,2,0,1,0,18.0,,,,3,1,1,1,7
202100024204,2021-08-14 22:10:00,2021,8,14,22,10,78,78389,N12,48.801092,1.827736,Nuit sans éclairage public,Hors agglomération,Hors intersection,Normale,Deux véhicules - arrière,2,3,2,0,1,1,1,0,1,110,,2,0,0,2,0,43.0,34.0,,,3,1,1,1,2
202100024205,2021-08-15 02:05:00,2021,8,15,2,5,34,34151,RD 61,43.621853,4.120787,Nuit sans éclairage public,Hors agglomération,Hors intersection,Normale,Sans collision,3,2,2,0,1,1,1,0,3,80,,6,0,0,0,6,17.0,,,,3,1,1,1,7
202100024206,2021-08-15 11:30:00,2021,8,15,11,30,83,83068,RD 61,43.2683837509,6.5528176652,Plein jour,Hors agglomération,Hors intersection,Normale,Deux véhicules - arrière,3,2,2,0,1,1,1,0,1,-1,,2,1,0,1,0,25.0,47.0,,,1,1,1,1,2
202100024207,2021-08-14 13:45:00,2021,8,14,13,45,06,06101,D.6202,43.949546,6.988792,Plein jour,Hors agglomération,Intersection en T,Normale,Deux véhicules - côté,3,2,2,0,1,1,1,0,1,70,,2,1,0,1,0,59.0,52.0,,,1,1,3,1,3
202100024208,2021-08-15 01:30:00,2021,8,15,1,30,89,89080,Autoroute A19,48.270626,3.292294,Nuit sans éclairage public,Hors agglomération,Hors intersection,Normale,Autre collision,1,1,2,0,1,2,1,3,2,90,,3,1,0,2,0,46.0,,,,3,1,1,1,6
202100024209,2021-08-14 18:30:00,2021,8,14,18,30,71,71371,Route de Macon/avenue de la gare,46.345185095,4.7209559538,Plein jour,En agglomération,Intersection en T,Normale,Deux véhicules - côté,3,2,2,0,1,1,1,0,1,50,,4,3,0,1,0,21.0,46.0,,,1,2,3,1,3
202100024210,2021-08-15 11:35:00,2021,8,15,11,35,55,55258,RD 908,48.774267,5.69372,Plein jour,Hors agglomération,Hors intersection,Normale,Autre collision,3,2,2,0,1,2,1,0,3,80,,1,0,0,0,1,27.0,,,,1,1,1,1,6
202100024211,2021-08-15 08:26:00,2021,8,15,8,26,73,73114,D1212,45.821478,6.531405,Plein jour,Hors agglomération,Hors intersection,Normale,Deux véhicules - frontale,3,2,2,0,2,2,1,2,1,80,,2,1,0,1,0,21.0,26.0,,,1,1,1,1,1
202100024212,2021-08-15 18:15:00,2021,8,15,18,15,38,38317,N85,45.114541,5.698943,Plein jour,Hors agglomération,Hors intersection,Normale,Trois véhicules et plus - collisions multiples,2,2,2,0,1,1,1,0,1,80,,11,0,0,1,10,24.0,34.0,,,1,1,1,1,5
202100024213,2021-08-14 13:30:00,2021,8,14,13,30,09,09269,RD 117 pk48+950,42.99124,1.544999,Plein jour,Hors agglomération,Hors intersection,Normale,Autre collision,3,2,2,0,1,2,1,0,1,80,,1,0,0,1,0,63.0,,,,1,1,1,1,6
202100024214,2021-08-14 20:30:00,2021,8,14,20,30,33,33449,Avenue du Temple ,44.895579,-0.798301,Plein jour,Hors agglomération,Hors intersection,Normale,Trois véhicules et plus - en chaîne,7,2,2,1,1,1,1,0,1,80,,7,1,1,1,4,45.0,24.0,,,1,1,1,1,4
202100024215,2021-06-19 17:45:00,2021,6,19,17,45,33,33051,Rue d’Ayguemorte,44.660908,-0.965853,Plein jour,En agglomération,Hors intersection,Normale,Autre collision,4,2,2,0,1,1,2,0,3,50,,1,0,0,1,0,19.0,,,,1,2,1,1,6
202100024216,2021-08-14 18:00:00,2021,8,14,18,0,14,14088,D43,48.964329,-0.270882,Plein jour,Hors agglomération,Intersection en T,Normale,Autre collision,3,2,2,0,1,1,1,0,3,80,,4,3,0,0,1,27.0,25.0,,,1,1,3,1,6
202100024217,2021-08-13 22:35:00,2021,8,13,22,35,56,56114,Kerdalidec D25,47.294949,-3.106363,Nuit sans éclairage public,Hors agglomération,Hors intersection,Normale,Deux véhicules - côté,3,2,2,0,1,1,1,0,1,80,,2,1,0,1,0,20.0,75.0,,,3,1,1,1,3
202100024218,2021-08-13 11:20:00,2021,8,13,11,20,59,59161,rue du Moulin,50.102868,3.24616,Plein jour,En agglomération,Hors intersection,Normale,Deux véhicules - frontale,3,2,2,0,1,2,1,0,1,50,,2,0,0,1,1,73.0,59.0,,,1,2,1,1,1
202100024219,2021-08-13 13:30:00,2021,8,13,13,30,13,13203,A7-Sens Lyon vers Marseille,43.31917,5.37776,Plein jour,Hors agglomération,Hors intersection,Normale,Autre collision,1,1,2,0,1,1,1,0,1,90,,2,1,0,0,1,24.0,58.0,,,1,1,1,1,6
202100024220,2021-08-09 19:15:00,2021,8,9,19,15,13,13071,A7-Sens Marseille vers Lyon,43.417958,5.273469,Plein jour,Hors agglomération,Hors intersection,Normale,Trois véhicules et plus - en chaîne,1,1,1,0,2,1,1,0,1,90,,3,1,0,0,2,26.0,35.0,,,1,1,1,1,4
202100024221,2021-08-13 21:20:00,2021,8,13,21,20,94,94034,AUTOROUTE A86,48.75873,2.33609,Crépuscule ou aube,Hors agglomération,Hors intersection,Normale,Sans collision,1,1,2,0,2,2,1,0,1,70,,1,0,0,0,1,53.0,,,,2,1,1,1,7
202100024222,2021-08-14 00:50:00,2021,8,14,0,50,92,92012,A13,48.848427126,2.2390222098,Nuit avec éclairage allumé,Hors agglomération,Hors intersection,Normale,Trois véhicules et plus - collisions multiples,1,1,3,0,1,1,1,1,1,70,,5,4,0,0,1,29.0,56.0,,,5,1,1,1,5
202100024223,2021-08-13 21:10:00,2021,8,13,21,10,95,95028,RN 104,49.061921,2.34292,Crépuscule ou aube,Hors agglomération,Autre intersection,Normale,Autre collision,2,3,6,0,1,2,1,3,1,70,,1,0,0,0,1,29.0,,,,2,1,9,1,6
202100024224,2021-08-13 13:40:00,2021,8,13,13,40,93,93066,AUTOROUTE A1,48.90615,2.35833,Plein jour,Hors agglomération,Hors intersection,Normale,Deux véhicules - côté,1,3,8,0,1,1,1,1,1,90,,2,1,0,0,1,43.0,27.0,,,1,1,1,1,3
202100024225,2021-08-14 01:20:00,2021,8,14,1,20,77,77438,A104,48.8672434741,2.6703641706,Nuit sans éclairage public,Hors agglomération,Hors intersection,Normale,Autre collision,1,1,2,0,2,2,1,3,1,50,,1,0,0,0,1,51.0,,,,3,1,1,1,6
202100024226,2021-08-12 19:00:00,2021,8,12,19,0,76,76351,MONT LE COMTE (AVENUE DU),49.51039,0.17926,Plein jour,En agglomération,Hors intersection,Normale,Autre collision,4,2,4,3,1,1,1,0,1,50,,3,1,0,0,2,31.0,,,,1,2,1,1,6
202100024227,2021-08-11 19:57:00,2021,8,11,19,57,94,94028,CHOISY(ROUTE DE),48.78965,2.45253,Plein jour,En agglomération,Hors intersection,Normale,Trois véhicules et plus - en chaîne,3,1,1,0,1,1,1,0,1,50,,4,1,0,0,3,27.0,55.0,,,1,2,1,1,4
202100024228,2021-08-13 15:10:00,2021,8,13,15,10,78,78291,A13,48.970775,1.733463,Plein jour,Hors agglomération,Hors intersection,Normale,Deux véhicules - arrière,1,3,6,0,1,1,1,0,1,110,,3,1,0,0,2,35.0,84.0,,,1,1,1,1,2
202100024229,2021-08-13 09:30:00,2021,8,13,9,30,976,97611,vahibe-Mariage (rue -vahibé),-12.79088,45.17885,Plein jour,En agglomération,Autre intersection,Normale,Deux véhicules - côté,3,2,2,0,1,1,1,0,1,50,,3,2,0,0,1,,28.0,,,1,2,9,1,3
202100024230,2021-08-12 17:20:00,2021,8,12,17,20,974,97411,MAC AULIFFE (RUE VICTOR),-20.8778,55.451,Crépuscule ou aube,En agglomération,Intersection en X,Normale,Deux véhicules - côté,4,1,2,0,1,1,1,0,1,50,,2,1,0,0,1,18.0,54.0,,,2,2,2,1,3
202100024231,2021-08-12 11:40:00,2021,8,12,11,40,974,97411,JAURES (BOULEVARD JEAN),-20.8907,55.4549,Plein jour,En agglomération,Autre intersection,Normale,Deux véhicules - arrière,2,1,2,0,1,1,1,9,1,50,,2,1,0,0,1,29.0,19.0,,,1,2,9,1,2
202100024232,2021-08-13 17:00:00,2021,8,13,17,0,974,97409,RN2 SENS STE SUZANNE ST BENOIT,-20.9716905238,55.6552530942,Plein jour,Hors agglomération,Hors intersection,Normale,Deux véhicules - arrière,2,2,4,0,1,1,1,9,1,110,,2,1,0,0,1,36.0,36.0,,,1,1,1,1,2
202100024233,2021-08-13 14:46:00,2021,8,13,14,46,973,97302,ROUTE NATIONALE 1,4.90569,-52.3231,Plein jour,Hors agglomération,Hors intersection,Pluie légère,Deux véhicules - arrière,2,1,1,0,1,1,2,0,1,50,,2,1,0,0,1,38.0,22.0,,,1,1,1,2,2
202100024234,2021-08-13 11:10:00,2021,8,13,11,10,973,97302,MADELEINE (ROUTE DE LA),4.9206223351,-52.3217418195,Plein jour,En agglomération,Intersection en Y,Normale,Deux véhicules - frontale,3,2,2,0,1,2,1,9,1,50,,2,1,0,0,1,20.0,15.0,,,1,2,4,1,1
202100024235,2021-08-13 22:47:00,2021,8,13,22,47,69,69259,AMBROISE CROIZAT (BD),45.70055,4.88773,Nuit avec éclairage allumé,En agglomération,Intersection en X,Normale,Deux véhicules - côté,7,2,4,0,1,1,1,5,1,30,,3,2,0,0,1,40.0,39.0,,,5,2,2,1,3
202100024236,2021-08-01 10:05:00,2021,8,1,10,5,972,97209,GODISSARD (BOULEVARD),14.63009,-61.07002,Plein jour,Hors agglomération,Hors intersection,Normale,Autre collision,4,2,2,0,2,1,1,0,1,50,,1,0,0,0,1,29.0,,,,1,1,1,1,6
202100024237,2021-08-12 20:45:00,2021,8,12,20,45,2A,2A004,Cours Napoléon,41.9192,8.73687,Crépuscule ou aube,En agglomération,Intersection en X,Normale,Autre collision,2,2,3,0,1,1,1,0,1,50,,2,1,0,1,0,51.0,27.0,,,2,2,2,1,6
202100024238,2021-08-13 18:40:00,2021,8,13,18,40,91,91685,CHASSE (ROUTE),48.661856,2.301273,Plein jour,En agglomération,Hors intersection,Normale,Sans collision,3,-1,2,0,1,1,1,0,4,50,,1,0,0,1,0,55.0,,,,1,2,1,1,7
202100024239,2021-08-13 09:14:00,2021,8,13,9,14,91,91103,RUE DES PRES D'AULNAY,48.61252,2.2783,Plein jour,En agglomération,Intersection en X,Normale,Deux véhicules - côté,4,2,2,0,1,1,1,0,1,50,,4,3,0,0,1,35.0,89.0,,,1,2,2,1,3
202100024240,2021-08-07 20:23:00,2021,8,7,20,23,91,91064,VAL DE GRACE (RUE DU),48.77396,2.22858,Crépuscule ou aube,En agglomération,Intersection en Y,Temps couvert,Sans collision,2,1,0,0,1,3,2,3,3,50,,2,0,0,1,1,20.0,,,,2,2,4,8,7
202100024241,2021-08-13 22:20:00,2021,8,13,22,20,91,91326,COUR DE FRANCE (AVENUE DE LA),48.69796,2.37194,Nuit avec éclairage allumé,En agglomération,Hors intersection,Normale,Deux véhicules - côté,3,1,3,0,1,1,1,0,1,50,,2,1,0,0,1,33.0,20.0,,,5,2,1,1,3
202100024242,2021-08-13 18:30:00,2021,8,13,18,30,91,91223,MOREAU (RUE LOUIS),48.43616,2.161,Plein jour,En agglomération,Intersection en T,Normale,Deux véhicules - côté,4,1,2,0,1,1,1,0,1,50,,2,0,0,0,2,39.0,41.0,,,1,2,3,1,3
202100024243,2021-08-12 11:19:00,2021,8,12,11,19,87,87085,MONTHLERY (RUE DE),45.83755,1.2774,Plein jour,Hors agglomération,Hors intersection,Normale,Sans collision,4,2,2,0,1,1,1,0,1,50,,1,0,0,0,1,17.0,,,,1,1,1,1,7
202100024244,2021-08-13 17:19:00,2021,8,13,17,19,86,86194,Avenue de l’Europe,46.592049,0.3493202,Plein jour,En agglomération,Hors intersection,Normale,Trois véhicules et plus - en chaîne,3,2,2,0,1,1,1,5,1,50,,4,1,0,0,3,28.0,55.0,,,1,2,1,1,4
202100024245,2021-08-13 14:25:00,2021,8,13,14,25,86,86194,Route Départementale 910,46.613639,0.348378,Plein jour,En agglomération,Autre intersection,Normale,Deux véhicules - côté,3,2,1,0,1,2,1,5,1,50,,2,1,0,0,1,37.0,57.0,,,1,2,9,1,3
202100024246,2021-08-12 15:40:00,2021,8,12,15,40,83,83069,OURLEDES (CHEMIN DES),43.12709,6.17681,Plein jour,En agglomération,Hors intersection,Normale,Deux véhicules - frontale,4,2,2,0,1,3,1,0,1,50,,2,1,0,0,1,47.0,61.0,,,1,2,1,1,1
202100024247,2021-08-13 12:15:00,2021,8,13,12,15,83,83061,AVENUE DU GÉNÉRAL D'ARMÉE JEAN CALLIES,43.44095,6.74511,Plein jour,En agglomération,Hors intersection,Normale,Deux véhicules - côté,3,2,2,0,1,1,1,0,1,50,,2,1,0,0,1,32.0,52.0,,,1,2,1,1,3
202100024248,2021-08-11 14:55:00,2021,8,11,14,55,80,80021,SAINT LEU (RUE),49.89681,2.30027,Plein jour,En agglomération,Hors intersection,Normale,Sans collision,4,2,3,0,1,1,1,0,1,50,,2,0,0,0,2,81.0,,,,1,2,1,1,7
202100024249,2021-08-13 19:40:00,2021,8,13,19,40,76,76231,Rue Henry,49.29093,1.007301,Plein jour,En agglomération,Hors intersection,Normale,Autre collision,4,2,2,0,1,1,1,0,1,50,,2,1,0,0,1,53.0,,,,1,2,1,1,6
202100024250,2021-08-12 10:45:00,2021,8,12,10,45,71,71040,REPUBLIQUE (RUE DE LA),46.700713101,4.3891586083,Plein jour,En agglomération,Hors intersection,Normale,Autre collision,3,2,2,0,1,1,1,0,1,50,,2,1,0,0,1,24.0,,,,1,2,1,1,6
202100024251,2021-08-13 17:00:00,2021,8,13,17,0,69,69266,LAURENT BONNEVAY (Gare routière) ,45.76503,4.90906,Plein jour,En agglomération,Hors intersection,Normale,Autre collision,6,-1,-1,3,1,1,1,9,6,30,,2,1,0,0,1,44.0,,,,1,2,1,1,6
202100024252,2021-08-12 22:45:00,2021,8,12,22,45,69,69266,TOLSTOI (CR),45.76385,4.8734,Nuit avec éclairage allumé,En agglomération,Hors intersection,Normale,Autre collision,4,3,3,3,1,1,2,6,1,30,,3,2,0,0,1,22.0,,,,5,2,1,1,6
202100024253,2021-08-11 11:35:00,2021,8,11,11,35,69,69256,EGALITE (DE L') (R),45.78603,4.92407,Plein jour,En agglomération,Intersection en T,Normale,Deux véhicules - arrière,4,2,2,0,1,1,9,8,1,30,,2,1,0,0,1,80.0,69.0,,,1,2,3,1,2
202100024254,2021-08-12 18:39:00,2021,8,12,18,39,69,69092,NATIONALE 6 (RTE),46.0100675992,4.7197008133,Plein jour,Hors agglomération,Hors intersection,Pluie forte,Deux véhicules - côté,3,2,2,0,1,1,2,0,1,70,,2,1,0,0,1,81.0,33.0,,,1,1,1,3,3
202100024255,2021-08-13 12:35:00,2021,8,13,12,35,69,69115,GENERAL DE GAULLE (DU) (AV),45.97323,4.70752,Plein jour,En agglomération,Giratoire,Normale,Sans collision,3,2,2,0,2,1,1,0,1,30,,1,0,0,0,1,45.0,,,,1,2,6,1,7
202100024256,2021-08-13 00:15:00,2021,8,13,0,15,67,67482,PECHEURS (QUAI DES),48.58238,7.75729,Nuit avec éclairage allumé,En agglomération,Intersection en T,Normale,Deux véhicules - frontale,4,2,2,0,2,2,1,0,1,50,,3,2,0,0,1,41.0,32.0,,,5,2,3,1,1
202100024257,2021-08-12 22:30:00,2021,8,12,22,30,67,67482,FRERES MATTHIS (PONT DES),48.57821,7.73441,Nuit avec éclairage allumé,En agglomération,Hors intersection,Normale,Sans collision,4,2,4,0,2,1,1,2,1,50,,2,1,0,1,0,34.0,16.0,,,5,2,1,1,7
202100024258,2021-08-13 11:06:00,2021,8,13,11,6,66,66136,GILLES (AVENUE GENERAL),42.69857,2.92892,Plein jour,En agglomération,Hors intersection,Normale,Deux véhicules - arrière,4,2,2,0,1,1,1,0,1,50,,2,1,0,0,1,63.0,45.0,,,1,2,1,1,2
202100024259,2021-08-12 17:05:00,2021,8,12,17,5,66,66136,PASSIO-VELLA (CHEMIN DE LA),42.68742981,2.9006172717,Plein jour,En agglomération,Hors intersection,Normale,Trois véhicules et plus - collisions multiples,4,2,2,0,1,1,1,0,1,50,,3,1,0,0,2,34.0,48.0,,,1,2,1,1,5
202100024260,2021-08-13 20:50:00,2021,8,13,20,50,64,64483,SENIX (CHEMIN DE),43.420630001,-1.62167,Crépuscule ou aube,Hors agglomération,Hors intersection,Normale,Autre collision,4,2,1,0,2,1,1,0,1,30,,2,1,0,1,0,25.0,,,,2,1,1,1,6
202100024261,2021-08-13 17:25:00,2021,8,13,17,25,64,64445,ALSACE LORRAINE D',43.30455,-0.36811,Plein jour,En agglomération,Giratoire,Normale,Deux véhicules - côté,4,2,3,3,1,1,1,0,1,50,,2,1,0,0,1,27.0,68.0,,,1,2,6,1,3
202100024262,2021-08-12 21:50:00,2021,8,12,21,50,64,64335,OUSSE DE L',43.33,-0.4342,Nuit avec éclairage allumé,En agglomération,Hors intersection,Normale,Sans collision,4,2,2,1,1,1,1,0,1,50,,2,1,0,0,1,17.0,,,,5,2,1,1,7
202100024263,2021-08-13 09:50:00,2021,8,13,9,50,64,64102,THIERS (RUE),43.49306,-1.47556,Plein jour,En agglomération,Hors intersection,Normale,Deux véhicules - côté,4,2,2,0,1,1,1,0,1,30,,3,1,0,0,2,39.0,25.0,,,1,2,1,1,3
202100024264,2021-08-12 18:00:00,2021,8,12,18,0,64,64024,PYRENEES (AVENUE DES),43.50331,-1.50539,Plein jour,En agglomération,Intersection en T,Normale,Deux véhicules - côté,4,2,2,0,1,1,1,0,1,30,,2,1,0,0,1,60.0,15.0,,,1,2,3,1,3
202100024265,2021-08-13 16:55:00,2021,8,13,16,55,59,59352,GRANGE (CHEMIN),50.7320515141,3.0375641584,Plein jour,En agglomération,Hors intersection,Normale,Deux véhicules - côté,4,2,2,0,1,1,1,0,1,50,,2,1,1,0,0,53.0,25.0,,,1,2,1,1,3
202100024266,2021-08-13 19:30:00,2021,8,13,19,30,59,59650,UNION (RUE DE L'),50.71508,3.17972,Plein jour,En agglomération,Intersection en X,Normale,Autre collision,7,2,2,0,1,1,1,0,1,50,,2,1,0,1,0,41.0,,,,1,2,2,1,6
202100024267,2021-08-13 16:10:00,2021,8,13,16,10,54,54328,RD 73,48.6220252935,6.1794622242,Plein jour,En agglomération,Intersection en X,Normale,Deux véhicules - côté,7,2,2,0,1,1,1,0,1,50,,3,2,0,0,1,22.0,82.0,,,1,2,2,1,3
202100024268,2021-08-11 10:45:00,2021,8,11,10,45,54,54526,AVENIR (BD DE L'),48.6865479114,6.2085501105,Plein jour,En agglomération,Hors intersection,Normale,Autre collision,4,1,1,0,1,1,1,0,1,30,,2,1,0,0,1,44.0,,,,1,2,1,1,6
202100024269,2021-08-11 17:40:00,2021,8,11,17,40,54,54184,SAULXURES (AVENUE DE),48.7046783398,6.2458732822,Plein jour,En agglomération,Hors intersection,Normale,Deux véhicules - arrière,4,2,2,1,1,2,1,0,1,50,,2,1,0,0,1,39.0,65.0,,,1,2,1,1,2
202100024270,2021-08-13 10:50:00,2021,8,13,10,50,51,51454,Rue d’Entrecasteaux,49.2252283536,4.0333663017,Plein jour,En agglomération,Intersection en T,Normale,Sans collision,4,1,1,0,1,2,1,0,1,50,,2,1,0,0,1,69.0,,,,1,2,3,1,7
202100024271,2021-08-12 10:35:00,2021,8,12,10,35,51,51454,Rue des Bons Malades,49.2490549411,4.0151865614,Plein jour,En agglomération,Intersection en X,Normale,Deux véhicules - frontale,4,3,3,0,1,1,1,0,1,50,,2,1,0,0,1,73.0,24.0,,,1,2,2,1,1
202100024272,2021-08-12 20:40:00,2021,8,12,20,40,50,50129,NORMANDIE (AVENUE DE),49.62695,-1.63662,Plein jour,En agglomération,Intersection en X,Normale,Deux véhicules - frontale,3,2,2,0,1,1,1,0,1,50,,2,1,0,0,1,26.0,30.0,,,1,2,2,1,1
202100024273,2021-08-11 17:00:00,2021,8,11,17,0,50,50129,FOURCHES (RD PT DES),49.63662,-1.64978,Plein jour,En agglomération,Giratoire,Normale,Sans collision,3,1,1,0,1,2,1,0,1,50,,2,1,0,0,1,21.0,,,,1,2,6,1,7
202100024274,2021-08-14 00:30:00,2021,8,14,0,30,44,44109,DALBY ( BD ERNEST ),47.22505,-1.52948,Nuit avec éclairage allumé,En agglomération,Intersection en X,Normale,Deux véhicules - côté,4,2,2,0,1,1,1,0,1,30,,5,2,0,3,0,21.0,26.0,,,5,2,2,1,3
202100024275,2021-08-12 16:20:00,2021,8,12,16,20,41,41018,MOULIN (RUE JEAN),47.58687,1.32703,Plein jour,En agglomération,Hors intersection,Normale,Autre collision,4,1,2,0,2,1,1,0,1,50,,2,1,0,1,0,22.0,,,,1,2,1,1,6
202100024276,2021-08-13 09:05:00,2021,8,13,9,5,34,34172,VAL DE MONTFERRAND (AVENUE DU),43.63787,3.87366,Plein jour,En agglomération,Hors intersection,Normale,Sans collision,4,2,2,0,2,1,1,0,1,50,,1,0,1,0,0,90.0,,,,1,2,1,1,7
202100024277,2021-08-13 18:45:00,2021,8,13,18,45,33,33063,Rue François de Sourdis,44.83252,-0.58792,Plein jour,En agglomération,Intersection en Y,Normale,Deux véhicules - côté,4,1,0,1,2,1,1,0,1,50,,2,1,0,1,0,47.0,21.0,,,1,2,4,1,3