accident_id,datetime,annee,mois,jour,heure,minute,departement,commune_insee,adresse,latitude,longitude,luminosite,agglomeration,intersection,meteo,collision,catr,circ,nbv,vosp,prof,plan,surf,infra,situ,vma,nb_vehicules,nb_usagers,nb_indemnes,nb_tues,nb_blesses_hosp,nb_blesses_legers,age_cond_1,age_cond_2,veh_type_cond_1,veh_type_cond_2,lum_code,agg_code,int_code,atm_code,col_code
202100024278,2021-08-13 16:40:00,2021,8,13,16,40,33,33119,Avenue René Cassagne,44.85439,-0.51634,Plein jour,En agglomération,Intersection en X,Normale,Deux véhicules - côté,4,2,2,0,1,1,9,0,1,50,,2,1,0,1,0,40.0,24.0,,,1,2,2,1,3
202100024279,2021-08-13 12:40:00,2021,8,13,12,40,33,33162,Avenue du Taillan-Médoc,44.88118,-0.65273,Plein jour,En agglomération,Intersection en T,Normale,Deux véhicules - côté,4,2,3,2,1,1,1,0,5,50,,2,1,0,0,1,20.0,29.0,,,1,2,3,1,3
202100024280,2021-08-12 10:45:00,2021,8,12,10,45,33,33281,AVE FRANCOIS MITTERRAND,44.81719,-0.67516,Plein jour,En agglomération,Giratoire,Normale,Deux véhicules - côté,4,3,2,0,1,1,1,0,1,50,,2,1,0,0,1,48.0,37.0,,,1,2,6,1,3
202100024281,2021-08-12 13:10:00,2021,8,12,13,10,33,33063,Cité Dasvin de Boismarin,44.85027,-0.54485,Plein jour,En agglomération,Intersection en T,Normale,Deux véhicules - côté,4,1,1,2,1,1,1,0,1,30,,2,1,0,0,1,21.0,56.0,,,1,2,3,1,3
202100024282,2021-08-10 06:48:00,2021,8,10,6,48,33,33013,Avenue de Branne,44.84293,-0.50035,Crépuscule ou aube,En agglomération,Autre intersection,Normale,Deux véhicules - côté,4,2,4,0,1,1,1,0,1,50,,2,1,0,1,0,44.0,35.0,,,2,2,9,1,3
202100024283,2021-08-13 13:30:00,2021,8,13,13,30,33,33009,Avenue Victor Hugo,44.6569,-1.1675,Plein jour,En agglomération,Hors intersection,Normale,Autre collision,4,2,2,0,2,1,1,0,1,50,,2,1,0,0,1,81.0,,,,1,2,1,1,6
202100024284,2021-08-13 02:30:00,2021,8,13,2,30,31,31555,AV DE LATTRE DE TASSIGNY,43.5774,1.43647,Nuit avec éclairage allumé,En agglomération,Hors intersection,Normale,Deux véhicules - côté,4,1,4,0,1,1,1,0,1,50,,4,1,0,0,3,20.0,27.0,,,5,2,1,1,3
202100024285,2021-08-11 12:46:00,2021,8,11,12,46,31,31555,VA007547 SOUPETARD A61 Sortie 16,43.610337,1.484551,Plein jour,En agglomération,Autre intersection,Normale,Autre collision,1,1,6,0,1,1,1,3,2,90,,1,0,0,1,0,21.0,,,,1,2,9,1,6
202100024286,2021-08-13 22:55:00,2021,8,13,22,55,27,27681,DEVOS (BOULEVARD JULIEN),49.08395,1.47822,Nuit avec éclairage allumé,En agglomération,Intersection en X,Normale,Deux véhicules - frontale,4,2,4,0,1,1,1,0,1,50,,3,1,0,0,2,26.0,30.0,,,5,2,2,1,1
202100024287,2021-08-13 19:31:00,2021,8,13,19,31,17,17291,N11,46.173697,-1.114553,Plein jour,Hors agglomération,Hors intersection,Normale,Deux véhicules - arrière,2,3,4,0,1,1,1,0,1,90,,3,1,0,0,2,41.0,39.0,,,1,1,1,1,2
202100024288,2021-08-12 18:15:00,2021,8,12,18,15,17,17291,GUYENNE   RUE DE,46.18637,-1.12148,Plein jour,En agglomération,Intersection en T,Normale,Deux véhicules - frontale,4,2,2,0,1,1,1,0,1,50,,2,1,0,1,0,11.0,69.0,,,1,2,3,1,1
202100024289,2021-08-13 08:37:00,2021,8,13,8,37,17,17300,SARTRE   AVENUE JEAN-PAUL,46.15674,-1.12032,Plein jour,En agglomération,Hors intersection,Normale,Deux véhicules - côté,4,2,3,1,1,1,1,0,5,50,,2,1,0,0,1,25.0,22.0,,,1,2,1,1,3
202100024290,2021-07-20 18:00:00,2021,7,20,18,0,16,16089,,45.6813,-0.294699,Plein jour,Hors agglomération,Hors intersection,Normale,Autre collision,2,2,2,0,1,1,1,0,1,70,,2,0,0,2,0,30.0,,,,1,1,1,1,6
202100024291,2021-08-13 20:05:00,2021,8,13,20,5,14,14118,Avenue Sainte Thérèse,49.17056,-0.339,Plein jour,En agglomération,Giratoire,Normale,Deux véhicules - côté,4,2,1,0,1,2,1,0,1,50,,2,1,0,0,1,20.0,21.0,,,1,2,6,1,3
202100024292,2021-07-03 20:20:00,2021,7,3,20,20,13,13108,MAS DE GIBRE CHEMIN DE ,43.80517,4.71271,Plein jour,Hors agglomération,Intersection en X,Normale,Deux véhicules - côté,3,2,2,0,1,1,1,0,1,80,,3,0,0,1,2,28.0,67.0,,,1,1,2,1,3
202100024293,2021-08-13 21:15:00,2021,8,13,21,15,13,13203,CAMILLE PELLETAN (AVENUE),43.30761,5.37383,Nuit avec éclairage allumé,En agglomération,Hors intersection,Normale,Sans collision,4,1,2,3,1,1,1,0,1,50,,3,2,0,0,1,,,,,5,2,1,1,7
202100024294,2021-08-13 14:25:00,2021,8,13,14,25,13,13215,MADRAGUE VILLE (chemin de la),43.3262238383,5.3610610185,Plein jour,En agglomération,Intersection en T,Normale,Deux véhicules - frontale,7,1,2,0,1,1,1,0,1,50,,6,2,0,0,4,23.0,36.0,,,1,2,3,1,1
202100024295,2021-08-12 23:49:00,2021,8,12,23,49,13,13005,SALENGRO (AVENUE ROGER),43.3009,5.57034,Nuit avec éclairage allumé,En agglomération,Giratoire,Normale,Deux véhicules - frontale,7,1,2,0,1,2,1,5,1,30,,5,1,0,0,4,41.0,20.0,,,5,2,6,1,1
202100024296,2021-08-13 07:05:00,2021,8,13,7,5,11,11069,MONTREAL -ROUTE DE -,43.2114,2.3226,Plein jour,En agglomération,Hors intersection,Normale,Autre collision,3,2,2,0,1,1,1,0,1,50,,2,0,0,0,2,63.0,,,,1,2,1,1,6
202100024297,2021-08-12 16:09:00,2021,8,12,16,9,10,10387,EMILE ZOLA (RUE),48.29646,4.07491,Plein jour,En agglomération,Intersection en T,Normale,Deux véhicules - côté,4,1,1,0,1,1,1,0,1,30,,2,1,0,0,1,23.0,17.0,,,1,2,3,1,3
202100024298,2021-08-12 04:10:00,2021,8,12,4,10,10,10362,ROCADE OUEST (RD 610),48.291998,4.032548,Nuit sans éclairage public,En agglomération,Hors intersection,Normale,Autre collision,4,3,2,0,1,2,1,0,1,110,,2,1,1,0,0,29.0,,,,3,2,1,1,6
202100024299,2021-08-12 09:35:00,2021,8,12,9,35,06,06088,GROSSO (A PARTIR DU N° 60-83),43.702779,7.251478,Plein jour,En agglomération,Intersection en X,Normale,Autre collision,4,2,4,0,1,1,1,0,4,50,,4,0,0,1,3,61.0,,,,1,2,2,1,6
202100024300,2021-08-13 21:00:00,2021,8,13,21,0,06,06069,Route de PLASCASSIER,43.64108,6.970875,Crépuscule ou aube,Hors agglomération,Hors intersection,Normale,Trois véhicules et plus - collisions multiples,3,2,2,0,2,2,1,0,1,50,,6,3,0,1,2,26.0,50.0,,,2,1,1,1,5
202100024301,2021-08-13 10:16:00,2021,8,13,10,16,06,06069,FOUX (PLACE DE LA),43.660244,6.922326,Plein jour,En agglomération,Hors intersection,Normale,Autre collision,3,-1,2,0,2,2,1,0,1,50,,1,0,0,0,1,79.0,,,,1,2,1,1,6
202100024302,2021-08-13 20:20:00,2021,8,13,20,20,06,06123,BORD DE MER RN 98,43.658885,7.188532,Plein jour,En agglomération,Hors intersection,Normale,Trois véhicules et plus - en chaîne,7,3,3,0,1,1,1,0,1,50,,3,2,0,0,1,41.0,49.0,,,1,2,1,1,4
202100024303,2021-08-11 08:50:00,2021,8,11,8,50,05,05023,MOULIN (RUE JEAN),44.88658,6.62589,Plein jour,En agglomération,Intersection en T,Normale,Deux véhicules - côté,3,2,2,0,1,1,1,0,1,50,,4,3,0,0,1,25.0,49.0,,,1,2,3,1,3
202100024304,2021-08-10 16:50:00,2021,8,10,16,50,04,04112,Inter ch Charles de Coulomb / ch du Thor,43.8003640544,5.7870663238,Plein jour,Hors agglomération,Intersection en T,Normale,Deux véhicules - frontale,4,2,2,0,1,2,1,0,1,50,,2,1,0,0,1,54.0,26.0,,,1,1,3,1,1
202100024305,2021-08-13 16:00:00,2021,8,13,16,0,75,75114,PORTE DE VANVES,48.824292,2.30637,Plein jour,En agglomération,Hors intersection,Normale,Deux véhicules - côté,4,1,4,0,1,1,1,0,1,70,,2,1,0,0,1,49.0,26.0,,,1,2,1,1,3
202100024306,2021-08-13 14:20:00,2021,8,13,14,20,75,75112,PORTE DE CHARENTON,48.828999,2.400134,Plein jour,En agglomération,Intersection en Y,Normale,Trois véhicules et plus - collisions multiples,4,1,4,0,1,1,1,0,1,70,,8,4,0,0,4,34.0,32.0,,,1,2,4,1,5
202100024307,2021-08-13 17:15:00,2021,8,13,17,15,75,75115,BOULEVARD DE GRENELLE,48.850711,2.292304,Plein jour,En agglomération,Intersection à plus de 4 branches,Normale,Deux véhicules - côté,4,1,2,0,1,1,1,0,1,30,,3,2,0,0,1,31.0,59.0,,,1,2,5,1,3
202100024308,2021-08-12 17:40:00,2021,8,12,17,40,75,75120,BOULEVARD PERIPHERIQUE,48.867163,2.41323,Plein jour,En agglomération,Intersection en Y,Normale,Autre collision,4,1,2,0,1,1,1,2,1,70,,2,0,0,1,1,25.0,,,,1,2,4,1,6
202100024309,2021-08-12 23:40:00,2021,8,12,23,40,75,75105,RUE SOUFFLOT,48.846916,2.34284,Nuit avec éclairage allumé,En agglomération,Intersection en X,Normale,Autre collision,4,2,2,0,2,1,1,0,1,30,,1,0,0,0,1,30.0,,,,5,2,2,1,6
202100024310,2021-08-13 17:16:00,2021,8,13,17,16,75,75120,BOULEVARD DAVOUT,48.853487,2.410792,Plein jour,En agglomération,Intersection en X,Temps éblouissant,Deux véhicules - côté,4,2,2,0,1,1,1,0,1,30,,2,1,0,0,1,21.0,72.0,,,1,2,2,7,3
202100024311,2021-08-13 15:45:00,2021,8,13,15,45,75,75119,AVENUE DE LA PORTE CHAUMONT,48.886007,2.39817,Plein jour,En agglomération,Intersection en X,Normale,Deux véhicules - côté,4,2,8,0,1,1,1,0,1,50,,2,1,0,0,1,32.0,21.0,,,1,2,2,1,3
202100024312,2021-08-13 06:51:00,2021,8,13,6,51,75,75119,BOULEVARD DE LA VILLETTE,48.882383,2.37041,Crépuscule ou aube,En agglomération,Intersection en X,Normale,Autre collision,4,2,7,1,1,1,1,0,1,50,,2,1,0,0,1,40.0,,,,2,2,2,1,6
202100024313,2021-08-12 23:00:00,2021,8,12,23,0,75,75119,AVENUE JEAN JAURES,48.883603,2.37337,Nuit avec éclairage allumé,En agglomération,Intersection en T,Normale,Deux véhicules - frontale,4,2,2,0,1,1,1,0,1,50,,2,1,0,0,1,39.0,24.0,,,5,2,3,1,1
202100024314,2021-08-12 23:05:00,2021,8,12,23,5,75,75118,BOULEVARD ORNANO,48.896459,2.345602,Nuit avec éclairage allumé,En agglomération,Hors intersection,Normale,Deux véhicules - arrière,4,2,6,0,1,1,1,0,1,50,,2,1,0,0,1,38.0,21.0,,,5,2,1,1,2
202100024315,2021-08-13 14:20:00,2021,8,13,14,20,75,75115,RUE CAMBRONNE,48.842096,2.303077,Plein jour,En agglomération,Place,Normale,Sans collision,4,2,2,0,2,1,1,0,1,50,,1,0,0,0,1,84.0,,,,1,2,7,1,7
202100024316,2021-08-12 09:45:00,2021,8,12,9,45,75,75114,RUE D ALESIA,48.826916,2.338645,Plein jour,En agglomération,Intersection en T,Normale,Deux véhicules - côté,4,2,3,0,2,1,1,0,1,30,,3,2,0,0,1,37.0,19.0,,,1,2,3,1,3
202100024317,2021-08-13 17:04:00,2021,8,13,17,4,75,75108,VOIE GEORGES POMPIDOU,48.866016,2.319168,Plein jour,En agglomération,Intersection en Y,Normale,Deux véhicules - arrière,4,1,1,0,1,2,1,1,1,50,,2,1,0,0,1,41.0,22.0,,,1,2,4,1,2
202100024318,2021-08-13 19:18:00,2021,8,13,19,18,75,75101,BOULEVARD DE SEBASTOPOL,48.860052,2.349061,Plein jour,En agglomération,Intersection en X,Normale,Autre collision,4,2,5,1,1,1,1,0,5,50,,2,1,0,0,1,31.0,,,,1,2,2,1,6
202100024319,2021-08-12 21:55:00,2021,8,12,21,55,75,75104,BOULEVARD BOURDON,48.850889,2.367313,Nuit avec éclairage allumé,En agglomération,Intersection en T,Normale,Sans collision,4,2,4,0,1,1,1,0,1,30,,2,1,0,0,1,30.0,,,,5,2,3,1,7
202100024320,2021-08-12 16:45:00,2021,8,12,16,45,94,94076,Avenue de Stalingrad,48.785675,2.366863,Plein jour,En agglomération,Hors intersection,Normale,Deux véhicules - côté,3,1,2,3,1,1,1,0,1,50,,2,1,0,0,1,,27.0,,,1,2,1,1,3
202100024321,2021-08-12 00:55:00,2021,8,12,0,55,94,94021,FRANKLIN ROOSEVELT (AV),48.77192,2.35793,Nuit avec éclairage allumé,En agglomération,Hors intersection,Normale,Autre collision,4,2,2,0,1,1,1,0,1,50,,1,0,0,0,1,21.0,,,,5,2,1,1,6
202100024322,2021-08-12 21:44:00,2021,8,12,21,44,94,94018,Rue de la Republique,48.82324,2.41941,Nuit avec éclairage allumé,En agglomération,Hors intersection,Normale,Deux véhicules - arrière,4,1,2,0,1,1,1,0,8,50,,2,1,0,0,1,47.0,39.0,,,5,2,1,1,2
202100024323,2021-08-12 08:10:00,2021,8,12,8,10,94,94017,PLESSIS TREVISE (R DU),48.8113760799,2.5547719002,Plein jour,En agglomération,Hors intersection,Normale,Autre collision,4,2,2,0,1,1,1,0,1,50,,1,0,0,0,1,49.0,,,,1,2,1,1,6
202100024324,2021-08-13 20:32:00,2021,8,13,20,32,93,93031,Avenue de Lattre de Tassigny,48.956687,2.310551,Crépuscule ou aube,En agglomération,Autre intersection,Normale,Deux véhicules - côté,3,3,4,0,1,1,1,0,1,50,,2,1,0,0,1,23.0,38.0,,,2,2,9,1,3
202100024325,2021-08-12 13:20:00,2021,8,12,13,20,93,93047,GABRIEL PERI  (AVENUE),48.89017,2.55206,Plein jour,En agglomération,Intersection en X,Normale,Deux véhicules - côté,4,2,2,0,1,1,1,0,1,50,,2,1,0,0,1,47.0,35.0,,,1,2,2,1,3
202100024326,2021-08-13 18:45:00,2021,8,13,18,45,93,93008,Rue Bernard / Rue Saint Andre,48.9035,2.424344,Plein jour,En agglomération,Intersection en T,Autre,Deux véhicules - côté,4,2,2,0,1,1,1,0,1,50,,2,1,0,0,1,46.0,26.0,,,1,2,3,9,3
202100024327,2021-08-13 19:00:00,2021,8,13,19,0,93,93008,STALINGRAD (RUE DE) A10,48.91322,2.43589,Plein jour,En agglomération,Place,Normale,Deux véhicules - arrière,3,1,-1,0,1,1,1,0,1,50,,3,2,0,0,1,29.0,60.0,,,1,2,7,1,2
202100024328,2021-08-13 08:35:00,2021,8,13,8,35,92,92076,JARDY,48.83196,2.1528,Plein jour,En agglomération,Hors intersection,Normale,Autre collision,3,1,2,0,1,1,1,2,4,30,,1,0,0,0,1,53.0,,,,1,2,1,1,6
202100024329,2021-08-13 18:40:00,2021,8,13,18,40,92,92050,BOULE PLACE DE LA,48.8868431683,2.2004383124,Plein jour,En agglomération,Giratoire,Normale,Deux véhicules - côté,3,1,2,2,1,2,1,0,5,50,,2,1,0,0,1,31.0,32.0,,,1,2,6,1,3
202100024330,2021-08-13 14:25:00,2021,8,13,14,25,92,92044,BAUDIN (RUE) 27A83 ET 36 A84,48.8981,2.28515,Plein jour,En agglomération,Intersection en X,Normale,Deux véhicules - côté,4,1,1,0,1,1,1,0,1,50,,2,1,0,0,1,55.0,62.0,,,1,2,2,1,3
202100024331,2021-08-13 23:30:00,2021,8,13,23,30,92,92019,JUSTICE (CHEMIN),48.7666752144,2.2639567405,Nuit avec éclairage allumé,En agglomération,Hors intersection,Normale,Sans collision,4,2,2,0,2,1,1,0,1,50,,1,0,0,0,1,17.0,,,,5,2,1,1,7
202100024332,2021-08-13 01:10:00,2021,8,13,1,10,92,92019,DIVISION LECLERC (AVENUE DE LA),48.7619580375,2.2863578796,Nuit avec éclairage allumé,En agglomération,Intersection en T,Normale,Autre collision,3,3,2,0,1,1,1,8,1,30,,2,0,0,0,2,28.0,,,,5,2,3,1,6
202100024333,2021-08-13 14:40:00,2021,8,13,14,40,35,35176,Rue de la Margaterie,47.822625,-1.802561,Plein jour,En agglomération,Hors intersection,Normale,Deux véhicules - frontale,3,2,2,0,1,3,1,0,1,50,,3,1,0,1,1,55.0,41.0,,,1,2,1,1,1
202100024334,2021-08-13 17:00:00,2021,8,13,17,0,60,60335,D930,49.537742,1.871753,Plein jour,Hors agglomération,Hors intersection,Normale,Trois véhicules et plus - collisions multiples,3,2,2,0,2,3,1,0,1,80,,3,2,0,0,1,41.0,46.0,,,1,1,1,1,5
202100024335,2021-08-14 06:30:00,2021,8,14,6,30,95,95094,D10,49.022998,2.418833,Crépuscule ou aube,Hors agglomération,Hors intersection,Normale,Deux véhicules - frontale,3,2,2,0,1,1,1,0,1,-1,,2,0,0,0,2,21.0,25.0,,,2,1,1,1,1
202100024336,2021-08-12 20:36:00,2021,8,12,20,36,52,52461,D107 - Commune de ODIVAL,48.013856,5.399866,Crépuscule ou aube,Hors agglomération,Hors intersection,Normale,Sans collision,3,2,2,0,1,1,1,0,1,80,,1,0,0,1,0,39.0,,,,2,1,1,1,7
202100024337,2021-08-12 16:00:00,2021,8,12,16,0,73,73085,D991,45.833913,5.841229,Plein jour,Hors agglomération,Hors intersection,Normale,Autre collision,3,2,2,0,1,2,1,0,3,80,,1,0,0,1,0,61.0,,,,1,1,1,1,6
202100024338,2021-08-14 03:40:00,2021,8,14,3,40,95,95313,Boulevard de Tilsit,49.124881,2.245941,Nuit sans éclairage public,Hors agglomération,Hors intersection,Normale,Autre collision,4,2,2,0,1,1,1,0,1,50,,2,1,0,0,1,21.0,,,,3,1,1,1,6
202100024339,2021-08-14 16:10:00,2021,8,14,16,10,84,84110,D 40,44.206985,5.282857,Plein jour,Hors agglomération,Hors intersection,Normale,Deux véhicules - frontale,3,2,2,0,1,3,1,0,1,80,,2,1,0,1,0,57.0,29.0,,,1,1,1,1,1
202100024340,2021-08-13 18:50:00,2021,8,13,18,50,51,51199,D24,49.1400050965,3.827721755,Plein jour,Hors agglomération,Hors intersection,Normale,Sans collision,3,2,2,0,2,2,1,0,3,80,,2,0,0,1,1,26.0,,,,1,1,1,1,7
202100024341,2021-08-12 15:00:00,2021,8,12,15,0,23,23245,D914,46.1714527667,1.8098902702,Plein jour,Hors agglomération,Hors intersection,Pluie légère,Autre collision,3,2,2,0,2,4,2,0,3,90,,3,1,0,2,0,21.0,,,,1,1,1,2,6
202100024342,2021-08-11 08:15:00,2021,8,11,8,15,63,63093,13 Route de Manzat,45.964914,2.999042,Plein jour,En agglomération,Hors intersection,Normale,Autre collision,3,2,2,0,2,2,1,0,3,30,,1,0,0,1,0,64.0,,,,1,2,1,1,6
202100024343,2021-07-24 21:15:00,2021,7,24,21,15,22,22004,RD767 PR 40+500,48.645429,-3.327334,Crépuscule ou aube,Hors agglomération,Hors intersection,Normale,Sans collision,3,3,4,0,1,1,1,0,8,110,,1,0,0,0,1,23.0,,,,2,1,1,1,7
202100024344,2021-08-13 15:50:00,2021,8,13,15,50,14,14579,Route du Monde Ancien,49.035385,-0.70202,Plein jour,Hors agglomération,Hors intersection,Normale,Autre collision,4,2,1,0,1,3,1,0,3,80,,1,0,0,1,0,17.0,,,,1,1,1,1,6
202100024345,2021-08-11 21:45:00,2021,8,11,21,45,42,42253,Route de Combray,46.04952,3.999217,Nuit sans éclairage public,En agglomération,Hors intersection,Normale,Sans collision,4,2,2,0,1,1,1,0,1,70,,1,0,0,1,0,58.0,,,,3,2,1,1,7
202100024346,2021-08-14 16:20:00,2021,8,14,16,20,54,54302,4 Rue d Anoux,49.255874,5.863609,Plein jour,Hors agglomération,Hors intersection,Normale,Sans collision,9,2,1,3,1,3,9,0,1,30,,1,0,0,1,0,64.0,,,,1,1,1,1,7
202100024347,2021-08-13 16:50:00,2021,8,13,16,50,34,34253,autoroute A75,43.846214,3.311203,Plein jour,Hors agglomération,Hors intersection,Normale,Autre collision,1,1,2,0,2,2,1,9,8,90,,1,0,0,1,0,63.0,,,,1,1,1,1,6
202100024348,2021-08-14 07:55:00,2021,8,14,7,55,34,34064,A75,43.852154,3.306005,Plein jour,Hors agglomération,Hors intersection,Normale,Deux véhicules - arrière,1,1,4,0,2,3,1,0,1,110,,2,1,0,1,0,84.0,24.0,,,1,1,1,1,2
202100024349,2021-08-12 17:30:00,2021,8,12,17,30,38,38115,LES CADORATS,44.965132,5.637832,Plein jour,Hors agglomération,Hors intersection,Normale,Deux véhicules - côté,3,2,2,0,1,1,1,0,1,70,,2,1,0,0,1,54.0,68.0,,,1,1,1,1,3
202100024350,2021-08-13 00:25:00,2021,8,13,0,25,57,57238,1 Rue Principale,48.84114,6.442303,Nuit avec éclairage allumé,En agglomération,Hors intersection,Normale,Autre collision,3,2,2,0,1,4,1,0,4,50,,1,0,0,1,0,19.0,,,,5,2,1,1,6
202100024351,2021-08-14 16:19:00,2021,8,14,16,19,95,95056,RD 85,49.092185,2.365378,Plein jour,En agglomération,Hors intersection,Normale,Deux véhicules - frontale,3,2,2,0,1,1,1,0,1,30,,2,1,0,0,1,49.0,8.0,,,1,2,1,1,1
202100024352,2021-08-12 12:00:00,2021,8,12,12,0,95,95149,RD 316,49.131394,2.433128,Plein jour,Hors agglomération,Hors intersection,Normale,Autre collision,3,2,2,0,1,1,1,0,3,80,,1,0,0,0,1,80.0,,,,1,1,1,1,6
202100024353,2021-08-12 14:10:00,2021,8,12,14,10,19,19137,L Etang,45.398002,1.860793,Plein jour,Hors agglomération,Hors intersection,Normale,Autre collision,3,2,2,0,2,3,1,0,3,90,,1,0,0,1,0,74.0,,,,1,1,1,1,6
202100024354,2021-08-14 09:50:00,2021,8,14,9,50,19,19192,RD1120,45.120356,1.906192,Plein jour,Hors agglomération,Hors intersection,Normale,Deux véhicules - frontale,3,2,2,0,1,1,1,0,8,90,,3,1,0,1,1,80.0,46.0,,,1,1,1,1,1
202100024355,2021-08-13 18:30:00,2021,8,13,18,30,76,76291,D79,49.710446,0.338806,Plein jour,Hors agglomération,Hors intersection,Normale,Sans collision,3,2,2,0,1,2,1,0,3,80,,1,0,0,1,0,55.0,,,,1,1,1,1,7
202100024356,2021-08-14 14:25:00,2021,8,14,14,25,76,76144,DÉPARTEMENTALE 103,49.758969,0.869004,Plein jour,Hors agglomération,Intersection en X,Normale,Deux véhicules - côté,3,2,2,0,1,1,1,0,1,80,,2,1,0,1,0,37.0,19.0,,,1,1,2,1,3
202100024357,2021-08-13 09:40:00,2021,8,13,9,40,76,76344,D929,49.756531,1.707798,Plein jour,Hors agglomération,Hors intersection,Normale,Deux véhicules - frontale,3,2,2,0,1,1,1,0,1,80,,7,0,0,3,4,19.0,64.0,,,1,1,1,1,1
202100024358,2021-08-14 05:30:00,2021,8,14,5,30,2A,2A006,Rond point U SERENU,41.980581,8.777926,Nuit avec éclairage allumé,Hors agglomération,Giratoire,Normale,Deux véhicules - côté,3,2,2,0,1,1,1,5,1,70,,3,1,0,1,1,43.0,24.0,,,5,1,6,1,3
202100024359,2021-08-14 12:00:00,2021,8,14,12,0,33,33046,54 Grande Route,44.371861,-0.243668,Plein jour,En agglomération,Intersection en T,Normale,Deux véhicules - côté,2,2,2,0,1,1,1,0,1,50,,3,1,0,1,1,83.0,45.0,,,1,2,3,1,3
202100024360,2021-07-29 07:10:00,2021,7,29,7,10,33,33033,,44.726522,-0.449431,Crépuscule ou aube,Hors agglomération,Hors intersection,Normale,Deux véhicules - frontale,3,2,2,0,1,1,1,0,1,80,,2,1,0,1,0,40.0,39.0,,,2,1,1,1,1
202100024361,2021-08-13 17:30:00,2021,8,13,17,30,32,32172,N21,43.549528,0.485947,Plein jour,Hors agglomération,Hors intersection,Normale,Autre collision,2,2,2,0,2,2,9,0,3,80,,1,0,0,1,0,21.0,,,,1,1,1,1,6
202100024362,2021-08-06 16:30:00,2021,8,6,16,30,32,32045,d 939,43.486618,0.406237,Plein jour,Hors agglomération,Intersection en T,Normale,Deux véhicules - frontale,3,2,2,0,1,1,1,0,1,80,,3,1,0,1,1,82.0,23.0,,,1,1,3,1,1
202100024363,2021-08-14 11:40:00,2021,8,14,11,40,71,71015,Route de la Coudre,46.927282,4.394456,Plein jour,Hors agglomération,Hors intersection,Normale,Sans collision,4,2,1,0,1,2,1,0,1,80,,2,1,1,0,0,52.0,21.0,,,1,1,1,1,7
202100024364,2021-08-13 01:00:00,2021,8,13,1,0,63,63178,Fayole/Hauterive,45.538769,3.244033,Nuit avec éclairage allumé,En agglomération,Intersection en X,Temps couvert,Deux véhicules - côté,4,2,2,0,1,1,2,0,1,50,,3,1,0,0,2,20.0,37.0,,,5,2,2,8,3
202100024365,2021-08-14 09:00:00,2021,8,14,9,0,63,63037,lieu-dit la mayoux,45.635602,3.680087,Plein jour,Hors agglomération,Hors intersection,Normale,Deux véhicules - côté,4,2,2,0,1,2,1,0,1,80,,2,1,0,1,0,71.0,26.0,,,1,1,1,1,3
202100024366,2021-08-13 09:00:00,2021,8,13,9,0,61,61414,Route d Alencon,48.5272,0.533132,Plein jour,Hors agglomération,Hors intersection,Normale,Autre collision,6,-1,-1,0,1,1,1,0,1,50,,2,1,0,1,0,58.0,,,,1,1,1,1,6
202100024367,2021-08-13 21:43:00,2021,8,13,21,43,61,61483,6 Avenue Robert Cousin,48.557711,-0.418671,Nuit avec éclairage allumé,En agglomération,Autre intersection,Normale,Autre collision,3,2,2,0,2,1,1,0,6,50,,2,1,0,1,0,77.0,,,,5,2,9,1,6
202100024368,2021-08-12 14:10:00,2021,8,12,14,10,12,12107,N88,44.353023,2.921891,Plein jour,Hors agglomération,Hors intersection,Normale,Autre collision,2,2,2,0,1,2,1,0,3,80,,2,1,0,1,0,18.0,,,,1,1,1,1,6
202100024369,2021-08-12 09:30:00,2021,8,12,9,30,47,47054,D13,44.401097,0.497738,Plein jour,Hors agglomération,Hors intersection,Autre,Sans collision,3,2,2,0,2,1,1,0,8,80,,1,0,1,0,0,74.0,,,,1,1,1,9,7
202100024370,2021-08-13 15:15:00,2021,8,13,15,15,47,47069,N1113,44.216517,0.597872,Plein jour,Hors agglomération,Hors intersection,Normale,Autre collision,2,2,2,0,1,1,1,0,1,80,,5,4,1,0,0,66.0,,,,1,1,1,1,6
202100024371,2021-08-14 09:45:00,2021,8,14,9,45,68,68182,D09B,47.49764,7.477012,Plein jour,Hors agglomération,Hors intersection,Normale,Sans collision,3,2,2,0,1,3,1,0,1,80,,1,0,0,1,0,24.0,,,,1,1,1,1,7
202100024372,2021-08-12 11:50:00,2021,8,12,11,50,39,39470,,46.484971,6.054159,Plein jour,Hors agglomération,Intersection en T,Normale,Deux véhicules - frontale,2,2,2,0,2,1,1,0,1,80,,3,0,0,2,1,33.0,42.0,,,1,1,3,1,1
202100024373,2021-08-13 00:25:00,2021,8,13,0,25,39,39299,,46.952885,5.363406,Nuit sans éclairage public,Hors agglomération,Hors intersection,Normale,Sans collision,3,2,2,0,1,2,1,0,8,80,,1,0,0,1,0,28.0,,,,3,1,1,1,7
202100024374,2021-08-14 15:50:00,2021,8,14,15,50,39,39439,,46.993163,5.832453,Plein jour,Hors agglomération,Hors intersection,Normale,Deux véhicules - frontale,2,2,2,0,1,1,1,0,1,80,,2,1,1,0,0,36.0,36.0,,,1,1,1,1,1
202100024375,2021-08-10 18:10:00,2021,8,10,18,10,44,44133,D751,47.131381,-1.809016,Plein jour,Hors agglomération,Intersection en X,Normale,Deux véhicules - côté,3,2,2,0,1,3,1,0,1,80,,3,1,0,0,2,78.0,86.0,,,1,1,2,1,3