accident_id,datetime,annee,mois,jour,heure,minute,departement,commune_insee,adresse,latitude,longitude,luminosite,agglomeration,intersection,meteo,collision,catr,circ,nbv,vosp,prof,plan,surf,infra,situ,vma,nb_vehicules,nb_usagers,nb_indemnes,nb_tues,nb_blesses_hosp,nb_blesses_legers,age_cond_1,age_cond_2,veh_type_cond_1,veh_type_cond_2,lum_code,agg_code,int_code,atm_code,col_code
202100024376,2021-08-14 10:30:00,2021,8,14,10,30,44,44115,CD 723 44521,47.352984,-1.269983,Plein jour,Hors agglomération,Hors intersection,Normale,Deux véhicules - côté,3,2,2,0,1,1,1,0,1,70,,3,1,0,2,0,61.0,39.0,,,1,1,1,1,3
202100024377,2021-08-13 07:00:00,2021,8,13,7,0,44,44115,353 Rue de Vieille-Cour,47.349327,-1.288078,Plein jour,En agglomération,Hors intersection,Normale,Sans collision,3,2,2,0,2,1,1,0,8,50,,1,0,0,1,0,18.0,,,,1,2,1,1,7
202100024378,2021-08-13 22:50:00,2021,8,13,22,50,35,35207,Rue Pierre Marchand,48.112908,-1.521499,Nuit avec éclairage allumé,En agglomération,Giratoire,Normale,Deux véhicules - côté,4,2,2,0,1,1,1,5,1,50,,4,3,0,0,1,36.0,18.0,,,5,2,6,1,3
202100024379,2021-08-12 19:55:00,2021,8,12,19,55,35,35162,RD 14,48.4812573608,-1.0746906711,Plein jour,Hors agglomération,Hors intersection,Normale,Sans collision,3,2,2,0,3,2,1,0,3,80,,2,0,1,0,1,74.0,,,,1,1,1,1,7
202100024380,2021-08-13 18:50:00,2021,8,13,18,50,35,35184,Rue de la Corderie,48.201466,-2.04085,Plein jour,En agglomération,Intersection en T,Normale,Deux véhicules - frontale,4,2,2,0,1,3,1,0,1,50,,4,2,0,1,1,34.0,15.0,,,1,2,3,1,1
202100024381,2021-08-14 13:30:00,2021,8,14,13,30,29,29146,N165 - Parc Criminal,47.9136868332,-3.8708728552,Plein jour,Hors agglomération,Hors intersection,Normale,Deux véhicules - arrière,2,3,4,0,1,1,1,0,1,110,,5,0,0,1,4,44.0,26.0,,,1,1,1,1,2
202100024382,2021-08-13 23:20:00,2021,8,13,23,20,29,29259,59 Rue du Douric,48.684318,-3.981074,Nuit avec éclairage allumé,En agglomération,Intersection en T,Normale,Autre collision,4,1,1,1,2,1,1,9,5,50,,1,0,1,0,0,20.0,,,,5,2,3,1,6
202100024383,2021-08-12 21:30:00,2021,8,12,21,30,29,29227,Avenue de Toul An Allée,48.336178,-3.629895,Crépuscule ou aube,En agglomération,Hors intersection,Normale,Autre collision,4,2,2,0,1,1,1,0,3,50,,1,0,0,1,0,48.0,,,,2,2,1,1,6
202100024384,2021-08-13 01:30:00,2021,8,13,1,30,29,29003,Rue Marcellin Berthelot,48.0260652828,-4.5431497693,Nuit sans éclairage public,En agglomération,Hors intersection,Normale,Sans collision,4,1,1,0,2,1,1,0,1,50,,2,0,0,2,0,17.0,,,,3,2,1,1,7
202100024385,2021-08-12 21:30:00,2021,8,12,21,30,31,31390,Avenue des Toureilles,43.091817,0.56085,Nuit avec éclairage allumé,En agglomération,Hors intersection,Normale,Trois véhicules et plus - collisions multiples,3,2,2,0,1,1,1,0,1,50,,3,2,0,1,0,20.0,16.0,,,5,2,1,1,5
202100024386,2021-08-12 06:45:00,2021,8,12,6,45,65,65305,D925,42.9603542713,0.5684088721,Crépuscule ou aube,En agglomération,Intersection en T,Normale,Deux véhicules - côté,3,2,2,0,2,3,1,5,1,50,,2,1,0,1,0,30.0,28.0,,,2,2,3,1,3
202100024387,2021-08-14 19:35:00,2021,8,14,19,35,31,31135,Route de Mondavezan,43.223465,1.068211,Plein jour,En agglomération,Intersection en Y,Normale,Deux véhicules - côté,3,2,2,0,1,2,1,0,1,80,,2,1,0,1,0,63.0,20.0,,,1,2,4,1,3
202100024388,2021-08-12 18:50:00,2021,8,12,18,50,38,38240,Route des Brosses,45.392521,4.996397,Plein jour,Hors agglomération,Hors intersection,Pluie légère,Deux véhicules - frontale,4,2,2,0,2,2,2,0,1,80,,2,1,0,1,0,64.0,38.0,,,1,1,1,2,1
202100024389,2021-08-14 03:15:00,2021,8,14,3,15,38,38029,575 Route de Lyon,45.577513,5.520997,Nuit avec éclairage non allumé,En agglomération,Hors intersection,Normale,Autre collision,3,2,2,0,1,1,1,0,3,50,,1,0,0,1,0,20.0,,,,4,2,1,1,6
202100024390,2021-08-14 18:00:00,2021,8,14,18,0,38,38269,"54, rue des Alpes",44.905352,5.792332,Plein jour,En agglomération,Hors intersection,Normale,Autre collision,3,2,2,0,2,1,1,0,1,50,,1,0,0,1,0,50.0,,,,1,2,1,1,6
202100024391,2021-08-13 23:15:00,2021,8,13,23,15,02,02063,Canal de Saint-Quentin,49.934,3.246353,Nuit sans éclairage public,Hors agglomération,Autre intersection,Normale,Deux véhicules - côté,3,2,2,0,1,1,1,0,1,80,,3,2,0,1,0,21.0,22.0,,,3,1,9,1,3
202100024392,2021-08-11 22:45:00,2021,8,11,22,45,84,84009,D956,43.779801,5.615033,Nuit sans éclairage public,Hors agglomération,Hors intersection,Normale,Sans collision,3,2,2,0,1,2,1,0,1,80,,1,0,0,1,0,40.0,,,,3,1,1,1,7
202100024393,2021-08-13 11:10:00,2021,8,13,11,10,03,03158,la mothe,46.488968,2.714138,Plein jour,Hors agglomération,Hors intersection,Normale,Deux véhicules - côté,3,2,2,0,2,1,1,0,1,90,,4,3,0,1,0,78.0,57.0,,,1,1,1,1,3
202100024394,2021-08-13 16:00:00,2021,8,13,16,0,03,03099,D945,46.364144,3.023322,Plein jour,Hors agglomération,Hors intersection,Normale,Autre collision,3,2,2,0,1,2,1,0,3,90,,1,0,0,1,0,25.0,,,,1,1,1,1,6
202100024395,2021-08-11 17:12:00,2021,8,11,17,12,15,15066,Pas de Peyrol (Col de montagne),45.115397,2.670321,Plein jour,Hors agglomération,Hors intersection,Normale,Sans collision,3,2,2,0,2,1,1,0,1,90,,2,1,0,0,1,67.0,,,,1,1,1,1,7
202100024396,2021-08-13 17:00:00,2021,8,13,17,0,70,70413,D4,47.724826,6.756409,Plein jour,Hors agglomération,Hors intersection,Normale,Autre collision,3,2,2,0,4,3,1,0,3,75,,1,0,0,1,0,30.0,,,,1,1,1,1,6
202100024397,2021-08-13 16:10:00,2021,8,13,16,10,66,66137,Route départementale 900,42.4733504203,2.8562305767,Plein jour,Hors agglomération,Hors intersection,Normale,Deux véhicules - côté,3,2,2,0,2,3,1,0,1,80,,2,1,0,1,0,48.0,49.0,,,1,1,1,1,3
202100024398,2021-08-12 17:30:00,2021,8,12,17,30,72,72349,Lieu Dit le Petit Touchesnay,48.204076,0.201305,Plein jour,Hors agglomération,Autre intersection,Normale,Deux véhicules - côté,4,2,2,0,1,1,1,0,1,80,,2,1,0,0,1,40.0,84.0,,,1,1,9,1,3
202100024399,2021-08-14 13:30:00,2021,8,14,13,30,06,06023,Auberge du Col de Brouis (Restaurant),43.924162,7.476239,Plein jour,Hors agglomération,Hors intersection,Normale,Deux véhicules - arrière,3,2,2,0,2,1,1,0,1,80,,3,1,0,0,2,48.0,59.0,,,1,1,1,1,2
202100024400,2021-08-14 12:30:00,2021,8,14,12,30,14,14528,D675,49.329557,0.306324,Plein jour,Hors agglomération,Hors intersection,Normale,Deux véhicules - frontale,3,2,2,0,1,1,1,0,1,90,,7,0,1,5,1,56.0,26.0,,,1,1,1,1,1
202100024401,2021-08-06 17:36:00,2021,8,6,17,36,05,05164,D954,44.513743,6.372207,Plein jour,Hors agglomération,Intersection en T,Temps éblouissant,Deux véhicules - côté,3,2,2,0,2,1,1,0,1,80,,3,2,0,1,0,61.0,72.0,,,1,1,3,7,3
202100024402,2021-08-13 18:50:00,2021,8,13,18,50,50,50410,La Bergerie - Ardevon (Pontorson),48.612108,-1.498121,Plein jour,Hors agglomération,Hors intersection,Normale,Autre collision,3,2,2,0,1,3,1,0,3,80,,1,0,0,1,0,34.0,,,,1,1,1,1,6
202100024403,2021-08-04 08:00:00,2021,8,4,8,0,83,83083,Chemin des Lones,43.473835,6.130393,Plein jour,Hors agglomération,Intersection en Y,Normale,Deux véhicules - côté,3,2,1,0,1,1,1,0,1,50,,2,1,0,1,0,57.0,71.0,,,1,1,4,1,3
202100024404,2021-08-14 19:25:00,2021,8,14,19,25,60,60127,D938,49.59316,2.797608,Plein jour,Hors agglomération,Intersection en X,Normale,Deux véhicules - côté,3,2,2,0,1,1,1,0,1,90,,2,0,0,0,2,53.0,24.0,,,1,1,2,1,3
202100024405,2021-08-13 22:35:00,2021,8,13,22,35,60,60601,Rue de la Commune de Paris,49.2655555371,2.393700979,Nuit avec éclairage allumé,En agglomération,Intersection en T,Normale,Deux véhicules - côté,3,2,1,0,1,1,1,0,1,50,,2,1,0,0,1,29.0,27.0,,,5,2,3,1,3
202100024406,2021-08-13 17:49:00,2021,8,13,17,49,10,10323,23 Rue Gambetta,48.514896,3.72404,Plein jour,En agglomération,Intersection à plus de 4 branches,Normale,Deux véhicules - côté,4,2,2,0,1,3,1,0,1,30,,2,1,0,1,0,20.0,18.0,,,1,2,5,1,3
202100024407,2021-08-13 07:25:00,2021,8,13,7,25,10,10116,Route Nationale,48.14786,4.011641,Plein jour,En agglomération,Hors intersection,Normale,Deux véhicules - côté,2,2,2,0,4,1,1,0,1,70,,2,1,1,0,0,60.0,45.0,,,1,2,1,1,3
202100024408,2021-08-13 00:35:00,2021,8,13,0,35,36,36142,Parcay,46.83596,1.592846,Nuit sans éclairage public,Hors agglomération,Hors intersection,Normale,Autre collision,3,3,4,0,1,1,1,0,1,110,,1,0,1,0,0,49.0,,,,3,1,1,1,6
202100024409,2021-08-14 17:25:00,2021,8,14,17,25,16,16242,,46.011527,0.327728,Plein jour,Hors agglomération,Intersection en X,Normale,Deux véhicules - côté,4,2,2,0,1,1,1,0,1,80,,3,1,0,0,2,41.0,59.0,,,1,1,2,1,3
202100024410,2021-08-12 15:30:00,2021,8,12,15,30,16,16141,Lieu-dit Le Grand Jardin,45.920103,0.196508,Plein jour,Hors agglomération,Hors intersection,Normale,Autre collision,2,3,4,0,1,1,1,0,2,110,,3,0,0,0,3,43.0,,,,1,1,1,1,6
202100024411,2021-08-13 21:45:00,2021,8,13,21,45,53,53160,D34,48.391114,-0.507667,Crépuscule ou aube,Hors agglomération,Hors intersection,Normale,Sans collision,3,2,2,0,1,1,1,0,8,80,,2,1,0,1,0,20.0,,,,2,1,1,1,7
202100024412,2021-08-13 20:00:00,2021,8,13,20,0,24,24443,D706,45.019291,1.079814,Crépuscule ou aube,Hors agglomération,Hors intersection,Normale,Deux véhicules - frontale,3,2,2,0,1,3,1,0,1,80,,3,2,0,1,0,20.0,18.0,,,2,1,1,1,1
202100024413,2021-08-14 13:30:00,2021,8,14,13,30,04,04055,RN 85,43.9886,6.296486,Plein jour,Hors agglomération,Hors intersection,Normale,Trois véhicules et plus - collisions multiples,2,2,2,0,1,3,1,0,1,80,,6,3,0,0,3,40.0,46.0,,,1,1,1,1,5
202100024414,2021-08-13 19:45:00,2021,8,13,19,45,85,85172,Route de Challans,46.827517,-1.947927,Plein jour,Hors agglomération,Hors intersection,Normale,Trois véhicules et plus - collisions multiples,3,2,2,0,1,1,1,0,1,80,,4,2,0,1,1,21.0,23.0,,,1,1,1,1,5
202100024415,2021-07-25 07:00:00,2021,7,25,7,0,85,85050,La Chevrie,46.516986,-1.354741,Crépuscule ou aube,Hors agglomération,Hors intersection,Pluie légère,Autre collision,3,2,2,0,2,3,2,0,1,80,,1,0,0,0,1,19.0,,,,2,1,1,2,6
202100024416,2021-08-12 06:30:00,2021,8,12,6,30,85,85130,La Petite Sigonnière,46.76209,-1.67593,Crépuscule ou aube,Hors agglomération,Hors intersection,Normale,Deux véhicules - côté,3,2,2,0,1,3,1,0,1,80,,2,0,1,0,1,37.0,25.0,,,2,1,1,1,3
202100024417,2021-08-13 17:09:00,2021,8,13,17,9,85,85305,la loge,46.56249,-0.78166,Plein jour,Hors agglomération,Hors intersection,Normale,Deux véhicules - côté,4,2,2,0,1,2,1,0,1,80,,2,1,0,1,0,41.0,56.0,,,1,1,1,1,3
202100024418,2021-08-13 04:10:00,2021,8,13,4,10,27,27377,Boulevard du General de Gaulle,49.401067,1.48147,Nuit avec éclairage allumé,En agglomération,Hors intersection,Normale,Autre collision,3,2,2,0,2,2,1,0,3,50,,1,0,0,1,0,24.0,,,,5,2,1,1,6
202100024419,2021-08-10 10:10:00,2021,8,10,10,10,27,27208,ROUTE DE PARIS,49.14938,0.510333,Plein jour,En agglomération,Hors intersection,Normale,Autre collision,3,2,2,0,1,1,1,0,4,50,,1,0,0,1,0,66.0,,,,1,2,1,1,6
202100024420,2021-08-13 14:35:00,2021,8,13,14,35,28,28265,25 rue de Beauce,48.39318,1.025162,Plein jour,En agglomération,Hors intersection,Normale,Autre collision,3,2,2,0,1,1,1,0,4,50,,1,0,0,1,0,58.0,,,,1,2,1,1,6
202100024421,2021-08-11 15:10:00,2021,8,11,15,10,37,37049,L Esperance,47.1797924666,0.9643453136,Plein jour,Hors agglomération,Intersection en X,Normale,Deux véhicules - côté,3,2,2,0,1,1,1,5,1,80,,6,5,0,1,0,79.0,19.0,,,1,1,2,1,3
202100024422,2021-08-08 18:00:00,2021,8,8,18,0,37,37156,42 Avenue Victor Laloux,47.3845612073,0.8411504705,Plein jour,En agglomération,Giratoire,Normale,Deux véhicules - frontale,4,2,2,0,1,1,1,0,4,50,,2,1,0,0,1,21.0,55.0,,,1,2,6,1,1
202100024423,2021-08-13 15:30:00,2021,8,13,15,30,08,08291,RD981,49.682229,5.286065,Plein jour,Hors agglomération,Hors intersection,Normale,Deux véhicules - arrière,3,2,2,0,2,3,1,0,1,80,,2,1,0,1,0,73.0,56.0,,,1,1,1,1,2
202100024424,2021-08-13 10:45:00,2021,8,13,10,45,88,88108,D20,47.966709,6.312246,Plein jour,Hors agglomération,Hors intersection,Temps éblouissant,Sans collision,3,2,2,0,1,2,1,0,3,80,,1,0,0,1,0,64.0,,,,1,1,1,7,7
202100024425,2021-08-12 10:40:00,2021,8,12,10,40,24,24186,le bourg,44.700428,0.417035,Plein jour,En agglomération,Autre intersection,Normale,Deux véhicules - côté,3,2,2,0,1,3,1,0,1,50,,3,1,0,1,1,27.0,64.0,,,1,2,9,1,3
202100024426,2021-08-13 14:30:00,2021,8,13,14,30,68,68146,rn 83,48.125166,7.36526,Plein jour,Hors agglomération,Hors intersection,Normale,Deux véhicules - arrière,3,3,4,0,1,2,1,0,1,110,,2,1,0,1,0,46.0,54.0,,,1,1,1,1,2
202100024427,2021-08-13 11:45:00,2021,8,13,11,45,973,97309,257 Route d Attila Cabassou,4.88912,-52.289965,Plein jour,Hors agglomération,Hors intersection,Normale,Deux véhicules - arrière,3,-1,2,0,1,1,1,8,1,50,,2,1,0,0,1,42.0,39.0,,,1,1,1,1,2
202100024428,2021-08-13 10:20:00,2021,8,13,10,20,69,69244,FINAT DUCLOS (CHM),45.756927,4.744807,Plein jour,En agglomération,Autre intersection,Normale,Deux véhicules - côté,4,2,2,0,1,1,1,0,1,50,,2,1,0,0,1,39.0,48.0,,,1,2,9,1,3
202100024429,2021-08-13 15:30:00,2021,8,13,15,30,69,69244,11 NOVEMBRE 1918 (DU) (AV),45.76405,4.760245,Plein jour,En agglomération,Intersection en X,Normale,Deux véhicules - frontale,4,2,3,0,1,1,1,5,1,50,,2,0,0,0,2,74.0,23.0,,,1,2,2,1,1
202100024430,2021-08-14 09:05:00,2021,8,14,9,5,42,42279,Av Mellet Mandard,45.505493,4.262247,Plein jour,En agglomération,Hors intersection,Normale,Deux véhicules - côté,3,2,2,0,2,1,1,0,1,50,,2,1,0,0,1,44.0,43.0,,,1,2,1,1,3
202100024431,2021-08-14 09:00:00,2021,8,14,9,0,67,67329,A35 pk420+600,48.447934,7.505207,Plein jour,Hors agglomération,Hors intersection,Normale,Deux véhicules - arrière,1,3,4,0,1,1,1,0,1,130,,2,1,0,1,0,54.0,29.0,,,1,1,1,1,2
202100024432,2021-08-09 08:55:00,2021,8,9,8,55,47,47201,A62 PK124.000,44.161965,0.606244,Plein jour,Hors agglomération,Hors intersection,Normale,Deux véhicules - arrière,1,3,1,0,1,1,1,3,6,90,,2,1,0,1,0,31.0,43.0,,,1,1,1,1,2
202100024433,2021-08-12 22:35:00,2021,8,12,22,35,53,53054,A81,48.114423,-0.800951,Nuit sans éclairage public,Hors agglomération,Hors intersection,Normale,Deux véhicules - arrière,1,3,4,0,1,1,1,0,1,130,,6,3,1,2,0,21.0,42.0,,,3,1,1,1,2
202100024434,2021-08-12 10:20:00,2021,8,12,10,20,971,97103,Rue Henri Becquerel,16.243446,-61.562163,Plein jour,En agglomération,Autre intersection,Normale,Deux véhicules - côté,9,2,2,0,1,1,1,0,1,50,,2,1,0,1,0,20.0,23.0,,,1,2,9,1,3
202100024435,2021-08-13 10:07:00,2021,8,13,10,7,17,17285,"A10, PK 431+900",45.816478,-0.651283,Plein jour,Hors agglomération,Hors intersection,Normale,Deux véhicules - côté,1,3,4,0,1,1,1,0,1,130,,3,1,0,1,1,51.0,26.0,,,1,1,1,1,3
202100024436,2021-08-12 11:45:00,2021,8,12,11,45,68,68278,11 Avenue du Général de Gaulle,47.746278,7.399448,Plein jour,En agglomération,Intersection en T,Normale,Autre collision,3,2,2,0,1,2,1,0,1,30,,2,1,0,1,0,67.0,,,,1,2,3,1,6
202100024437,2021-08-12 06:50:00,2021,8,12,6,50,987,98725,PK10.6C/Mont RT2 - ATIMA,-17.507422,-149.483616,Plein jour,En agglomération,Intersection en T,Normale,Deux véhicules - côté,2,2,2,0,1,1,1,0,1,50,,2,1,0,1,0,42.0,60.0,,,1,2,3,1,3
202100024438,2021-08-07 04:30:00,2021,8,7,4,30,988,98826,RPN1/VU4,-20.24654,164.068054,Nuit sans éclairage public,Hors agglomération,Intersection en T,Normale,Autre collision,3,2,2,0,4,1,1,0,3,90,,2,0,0,1,1,31.0,,,,3,1,3,1,6
202100024439,2021-08-12 20:00:00,2021,8,12,20,0,971,97129,La Boucan,16.28227,-61.669902,Nuit avec éclairage allumé,Hors agglomération,Intersection en X,Normale,Deux véhicules - côté,2,2,2,0,1,1,1,0,1,50,,2,1,1,0,0,77.0,24.0,,,5,1,2,1,3
202100024440,2021-08-10 10:33:00,2021,8,10,10,33,21,21171,Avenue de l Egalité,47.2941057979,5.1326658062,Plein jour,En agglomération,Intersection en Y,Normale,Deux véhicules - côté,4,2,2,0,1,1,1,0,1,50,,2,1,0,0,1,72.0,72.0,,,1,2,4,1,3
202100024441,2021-08-13 18:20:00,2021,8,13,18,20,41,41136,"rd2152, rue nationale",47.697516,1.501281,Plein jour,En agglomération,Hors intersection,Normale,Autre collision,3,2,2,0,1,1,1,9,3,50,,1,0,0,1,0,50.0,,,,1,2,1,1,6
202100024442,2021-08-12 14:25:00,2021,8,12,14,25,45,45335,33 Route de Tigy,47.800724,2.139153,Plein jour,En agglomération,Intersection en T,Normale,Autre collision,3,2,2,0,1,2,1,0,1,50,,1,0,0,1,0,16.0,,,,1,2,3,1,6
202100024443,2021-08-13 16:55:00,2021,8,13,16,55,45,45089,D2060-PR 58 + 500,47.916342,2.009854,Plein jour,Hors agglomération,Autre intersection,Normale,Deux véhicules - arrière,7,3,4,0,1,1,1,0,1,110,,4,3,0,0,1,48.0,69.0,,,1,1,9,1,2
202100024444,2021-08-13 16:00:00,2021,8,13,16,0,77,77382,D228,48.907594,2.888439,Plein jour,Hors agglomération,Hors intersection,Normale,Autre collision,3,2,2,0,1,1,1,0,1,90,,4,2,0,0,2,36.0,26.0,,,1,1,1,1,6
202100024445,2021-08-12 15:15:00,2021,8,12,15,15,2B,2B168,RT30,42.631346,8.950397,Plein jour,En agglomération,Intersection en T,Normale,Deux véhicules - côté,2,2,2,0,1,3,1,0,1,50,,2,1,0,0,1,42.0,55.0,,,1,2,3,1,3
202100024446,2021-08-10 11:50:00,2021,8,10,11,50,66,66037,Départementale D 11,42.714377,3.014835,Plein jour,Hors agglomération,Autre intersection,Normale,Deux véhicules - arrière,3,3,2,0,1,1,1,2,1,80,,2,1,0,1,0,68.0,24.0,,,1,1,9,1,2
202100024447,2021-08-02 14:55:00,2021,8,2,14,55,66,66182,AVENUE DE LA SALANQUE,42.731863,3.022308,Plein jour,En agglomération,Hors intersection,Normale,Trois véhicules et plus - collisions multiples,3,2,2,0,1,3,1,0,1,-1,,5,4,0,0,1,25.0,20.0,,,1,2,1,1,5
202100024448,2021-08-13 00:40:00,2021,8,13,0,40,83,83101,Route des Plages,43.246516,6.648477,Nuit sans éclairage public,Hors agglomération,Hors intersection,Normale,Autre collision,3,2,2,0,2,1,1,0,1,70,,1,0,0,0,1,41.0,,,,3,1,1,1,6
202100024449,2021-08-09 01:00:00,2021,8,9,1,0,83,83101,Ramatuelle,43.2289680683,6.6125400525,Nuit sans éclairage public,Hors agglomération,Hors intersection,Normale,Sans collision,3,2,2,0,2,3,1,0,3,70,,1,0,0,1,0,52.0,,,,3,1,1,1,7
202100024450,2021-08-11 13:30:00,2021,8,11,13,30,83,83081,Route Rd 37,43.5866158834,6.7935515642,Plein jour,Hors agglomération,Hors intersection,Normale,Deux véhicules - frontale,3,2,2,0,1,1,1,0,1,70,,3,1,0,1,1,38.0,74.0,,,1,1,1,1,1
202100024451,2021-08-13 19:45:00,2021,8,13,19,45,05,05070,RUE DU MOULIN ,44.3116403097,5.8227968216,Plein jour,En agglomération,Hors intersection,Normale,Sans collision,3,2,2,0,1,1,1,9,1,50,,2,0,0,2,0,65.0,,,,1,2,1,1,7
202100024452,2021-08-13 19:30:00,2021,8,13,19,30,04,04143,Ch des Buissonnades / RD 4,43.884847,5.908416,Crépuscule ou aube,Hors agglomération,Intersection en X,Normale,Deux véhicules - côté,3,2,2,0,2,1,1,0,1,80,,8,1,0,1,6,36.0,48.0,,,2,1,2,1,3
202100024453,2021-08-12 15:15:00,2021,8,12,15,15,13,13007,Route Nationale 560,43.377247,5.684313,Plein jour,Hors agglomération,Hors intersection,Normale,Deux véhicules - frontale,7,2,2,0,1,1,1,0,1,80,,3,1,0,1,1,45.0,45.0,,,1,1,1,1,1
202100024454,2021-08-12 15:40:00,2021,8,12,15,40,68,68106,D431 PK 8.300,47.891485,7.107639,Plein jour,Hors agglomération,Hors intersection,Normale,Sans collision,3,2,2,0,2,1,1,0,3,80,,1,0,0,1,0,64.0,,,,1,1,1,1,7
202100024455,2021-08-14 10:50:00,2021,8,14,10,50,68,68145,43 grand rue,48.080974,7.394124,Plein jour,En agglomération,Intersection en X,Normale,Deux véhicules - côté,3,2,2,1,1,1,1,5,5,50,,2,1,0,1,0,25.0,83.0,,,1,2,2,1,3
202100024456,2021-08-11 17:55:00,2021,8,11,17,55,67,67263,D3,49.031516,7.75933,Plein jour,Hors agglomération,Hors intersection,Normale,Autre collision,3,2,2,0,1,1,1,0,1,80,,2,1,0,1,0,70.0,38.0,,,1,1,1,1,6
202100024457,2021-08-12 15:10:00,2021,8,12,15,10,67,67101,84 Grand Rue,48.524403,7.491667,Plein jour,En agglomération,Hors intersection,Normale,Deux véhicules - côté,3,2,2,0,1,1,1,0,4,50,,2,1,0,0,1,17.0,48.0,,,1,2,1,1,3
202100024458,2021-08-13 03:15:00,2021,8,13,3,15,88,88175,D420,48.217017,6.580971,Nuit sans éclairage public,Hors agglomération,Hors intersection,Normale,Deux véhicules - frontale,3,3,1,0,1,3,1,5,1,80,,5,2,0,1,2,19.0,19.0,,,3,1,1,1,1
202100024459,2021-08-13 12:15:00,2021,8,13,12,15,74,74286,Le Bouaz Dessos (Informations),46.326058,6.736235,Plein jour,Hors agglomération,Autre intersection,Normale,Sans collision,9,2,2,0,2,4,1,0,8,-1,,2,1,0,1,0,40.0,,,,1,1,9,1,7
202100024460,2021-08-08 16:10:00,2021,8,8,16,10,73,73176,D1090 PK 93,45.623593,6.837699,Plein jour,Hors agglomération,Hors intersection,Temps éblouissant,Deux véhicules - côté,3,2,2,0,3,4,1,0,1,80,,2,1,0,1,0,59.0,43.0,,,1,1,1,7,3
202100024461,2021-08-14 19:05:00,2021,8,14,19,5,42,42005,42 Avenue de Saint-Etienne,45.52722,4.275618,Plein jour,En agglomération,Hors intersection,Normale,Deux véhicules - frontale,7,2,2,0,1,1,1,0,1,50,,2,1,0,0,1,48.0,37.0,,,1,2,1,1,1
202100024462,2021-08-10 09:15:00,2021,8,10,9,15,26,26235,385 Chemin du pont ,44.36772,4.656572,Plein jour,Hors agglomération,Intersection en X,Normale,Deux véhicules - arrière,3,2,2,2,1,1,1,0,1,80,,4,1,0,2,1,19.0,22.0,,,1,1,2,1,2
202100024463,2021-08-13 09:35:00,2021,8,13,9,35,81,81143,RD622,43.529727,2.098603,Plein jour,Hors agglomération,Hors intersection,Normale,Deux véhicules - frontale,3,2,2,0,1,1,1,0,1,80,,2,0,0,0,2,32.0,46.0,,,1,1,1,1,1
202100024464,2021-08-13 09:45:00,2021,8,13,9,45,09,09334,Route du Port de l'hers,42.772912,1.489871,Plein jour,Hors agglomération,Hors intersection,Normale,Deux véhicules - côté,3,2,2,0,2,1,1,0,1,80,,2,1,0,0,1,37.0,32.0,,,1,1,1,1,3
202100024465,2021-08-13 23:55:00,2021,8,13,23,55,16,16291,Lieu-dit Les Loges,45.686167,0.205033,Nuit sans éclairage public,Hors agglomération,Hors intersection,Normale,Trois véhicules et plus - collisions multiples,2,3,4,0,2,3,1,0,1,110,,5,2,2,1,0,59.0,26.0,,,3,1,1,1,5
202100024466,2021-08-12 11:45:00,2021,8,12,11,45,33,33240,,45.303721,-0.93516,Plein jour,En agglomération,Hors intersection,Normale,Deux véhicules - côté,3,2,2,0,1,1,1,0,1,50,,2,1,0,0,1,32.0,66.0,,,1,2,1,1,3
202100024467,2021-08-12 23:40:00,2021,8,12,23,40,33,33376,Route de Louens,44.934,-0.715485,Nuit sans éclairage public,Hors agglomération,Hors intersection,Normale,Autre collision,4,2,2,0,1,1,1,0,1,80,,1,0,0,1,0,70.0,,,,3,1,1,1,6
202100024468,2021-08-10 21:00:00,2021,8,10,21,0,49,49163,Route du Gennetay,47.522186,-0.240079,Crépuscule ou aube,Hors agglomération,Hors intersection,Normale,Sans collision,4,2,2,0,1,3,1,0,3,-1,,5,2,0,1,2,18.0,,,,2,1,1,1,7
202100024469,2021-08-13 10:00:00,2021,8,13,10,0,22,22210,Route de Kerber,48.815759,-3.017957,Plein jour,En agglomération,Hors intersection,Normale,Sans collision,4,2,2,0,2,1,1,0,1,-1,,1,0,0,1,0,58.0,,,,1,2,1,1,7
202100024470,2021-08-11 16:10:00,2021,8,11,16,10,27,27618,D140,48.970537,0.81508,Plein jour,Hors agglomération,Hors intersection,Normale,Sans collision,3,2,2,0,1,1,1,0,8,80,,1,0,0,0,1,28.0,,,,1,1,1,1,7
202100024471,2021-08-13 12:30:00,2021,8,13,12,30,76,76057,241 Rue de la Liberté,49.537558,0.962805,Plein jour,En agglomération,Hors intersection,Normale,Deux véhicules - frontale,4,2,2,0,1,1,1,0,1,50,,2,1,0,1,0,22.0,23.0,,,1,2,1,1,1
202100024472,2021-08-12 08:40:00,2021,8,12,8,40,80,80395,route départementale 68,49.694695,2.661813,Plein jour,Hors agglomération,Hors intersection,Normale,Sans collision,3,2,2,0,2,3,1,0,1,80,,1,0,0,1,0,34.0,,,,1,1,1,1,7