accident_id,datetime,annee,mois,jour,heure,minute,departement,commune_insee,adresse,latitude,longitude,luminosite,agglomeration,intersection,meteo,collision,catr,circ,nbv,vosp,prof,plan,surf,infra,situ,vma,nb_vehicules,nb_usagers,nb_indemnes,nb_tues,nb_blesses_hosp,nb_blesses_legers,age_cond_1,age_cond_2,veh_type_cond_1,veh_type_cond_2,lum_code,agg_code,int_code,atm_code,col_code
202100024473,2021-07-21 11:20:00,2021,7,21,11,20,59,59139,D643,50.131247,3.423713,Plein jour,En agglomération,Autre intersection,Normale,Trois véhicules et plus - collisions multiples,3,3,2,0,4,1,1,0,1,50,,3,2,0,0,1,57.0,35.0,,,1,2,9,1,5
202100024474,2021-08-13 19:50:00,2021,8,13,19,50,59,59250,Rue Faidherbe,50.584156,2.88684,Plein jour,En agglomération,Hors intersection,Normale,Autre collision,7,2,2,0,1,1,1,0,1,50,,1,0,0,1,0,39.0,,,,1,2,1,1,6
202100024475,2021-08-13 15:45:00,2021,8,13,15,45,13,13215,A7-Sens Lyon vers Marseille,43.37725,5.35817,Plein jour,Hors agglomération,Hors intersection,Normale,Trois véhicules et plus - en chaîne,1,1,3,0,1,1,1,0,1,90,,5,2,0,0,3,44.0,69.0,,,1,1,1,1,4
202100024476,2021-08-12 12:45:00,2021,8,12,12,45,83,83144,A57,43.140388,5.999328,Plein jour,Hors agglomération,Hors intersection,Normale,Deux véhicules - arrière,1,3,4,0,1,1,1,0,1,70,,2,0,0,0,2,30.0,18.0,,,1,1,1,1,2
202100024477,2021-08-01 04:30:00,2021,8,1,4,30,69,69275,RN346   29.300 A 34.350,45.78378,4.95647,Nuit sans éclairage public,Hors agglomération,Hors intersection,Normale,Deux véhicules - arrière,2,2,5,0,1,1,2,0,1,90,,2,1,0,0,1,43.0,25.0,,,3,1,1,1,2
202100024478,2021-08-13 13:05:00,2021,8,13,13,5,33,33063,ROCADE A 630,44.88319,-0.55474,Plein jour,Hors agglomération,Hors intersection,Normale,Deux véhicules - côté,1,3,8,0,4,1,1,3,1,70,,2,1,0,0,1,27.0,42.0,,,1,1,1,1,3
202100024479,2021-08-13 08:45:00,2021,8,13,8,45,33,33281,Rue Jean Briaud,44.82189,-0.6723,Plein jour,Hors agglomération,Intersection en T,Normale,Trois véhicules et plus - en chaîne,4,2,2,0,1,1,1,5,1,50,,3,1,0,0,2,35.0,39.0,,,1,1,3,1,4
202100024480,2021-08-13 08:10:00,2021,8,13,8,10,33,33090,,44.77096,-0.660456,Plein jour,Hors agglomération,Hors intersection,Normale,Deux véhicules - arrière,1,3,4,0,1,1,1,0,1,110,,2,1,0,0,1,31.0,36.0,,,1,1,1,1,2
202100024481,2021-08-13 03:00:00,2021,8,13,3,0,93,93027,AUTOROUTE A1,48.93377,2.38922,Nuit avec éclairage allumé,Hors agglomération,Hors intersection,Normale,Deux véhicules - arrière,1,1,7,0,1,1,1,0,1,70,,2,1,0,0,1,21.0,54.0,,,5,1,1,1,2
202100024482,2021-08-12 22:00:00,2021,8,12,22,0,93,93066,AUTOROUTE A86,48.923181,2.34356,Nuit sans éclairage public,Hors agglomération,Hors intersection,Normale,Trois véhicules et plus - en chaîne,1,3,7,0,1,1,1,0,1,90,,3,2,0,0,1,,21.0,,,3,1,1,1,4
202100024483,2021-08-11 22:35:00,2021,8,11,22,35,93,93008,AUTOROUTE A86,48.910711,2.44221,Nuit avec éclairage allumé,Hors agglomération,Hors intersection,Normale,Deux véhicules - arrière,1,3,6,0,1,2,1,1,1,70,,2,1,0,0,1,20.0,,,,5,1,1,1,2
202100024484,2021-08-13 11:15:00,2021,8,13,11,15,94,94028,A86 INT,48.78098,2.441,Plein jour,Hors agglomération,Hors intersection,Normale,Deux véhicules - arrière,1,3,2,0,1,1,1,0,1,90,,2,1,0,0,1,23.0,54.0,,,1,1,1,1,2
202100024485,2021-08-13 07:55:00,2021,8,13,7,55,77,77249,RN104,48.75211432,2.6143782106,Plein jour,Hors agglomération,Hors intersection,Normale,Deux véhicules - arrière,2,3,4,0,1,1,1,0,1,110,,3,1,0,0,2,73.0,16.0,,,1,1,1,1,2
202100024486,2021-08-12 23:30:00,2021,8,12,23,30,94,94073,A86 INT,48.76929,2.37946,Nuit sans éclairage public,Hors agglomération,Hors intersection,Normale,Autre collision,1,1,3,0,1,2,1,0,1,70,,2,1,0,0,1,20.0,,,,3,1,1,1,6
202100024487,2021-05-23 12:00:00,2021,5,23,12,0,73,73011,Avenue du Champ de Mars,45.66402,6.38568,Plein jour,En agglomération,Hors intersection,Normale,Deux véhicules - côté,4,1,1,0,1,1,1,0,1,-1,,2,1,0,0,1,44.0,19.0,,,1,2,1,1,3
202100024488,2021-08-12 16:03:00,2021,8,12,16,3,973,97302,BADUEL (ROUTE DE),4.93023,-52.30457,Plein jour,En agglomération,Autre intersection,Normale,Deux véhicules - arrière,3,2,1,0,1,1,1,0,1,50,,2,1,0,0,1,56.0,33.0,,,1,2,9,1,2
202100024489,2021-08-12 16:05:00,2021,8,12,16,5,69,69388,ALBERT THOMAS (CR),45.74487,4.87321,Plein jour,En agglomération,Intersection en X,Normale,Deux véhicules - arrière,4,2,2,3,1,1,1,0,1,50,,2,1,0,0,1,32.0,20.0,,,1,2,2,1,2
202100024490,2021-08-12 13:05:00,2021,8,12,13,5,972,97213,Z I CALIFORNIE,14.61632,-61.02785,Plein jour,Hors agglomération,Intersection en T,Normale,Deux véhicules - côté,5,2,0,0,2,1,1,9,1,30,,2,1,0,1,0,29.0,18.0,,,1,1,3,1,3
202100024491,2021-08-12 03:30:00,2021,8,12,3,30,69,69381,TERME (R),45.7697,4.83106,Nuit avec éclairage allumé,En agglomération,Hors intersection,Normale,Autre collision,4,1,2,3,2,1,1,1,1,30,,1,0,0,1,0,25.0,,,,5,2,1,1,6
202100024492,2021-08-12 09:00:00,2021,8,12,9,0,69,69149,GRANDE RUE (GR),45.71412,4.80642,Plein jour,En agglomération,Hors intersection,Normale,Autre collision,4,2,2,0,1,1,1,6,1,30,,2,1,0,0,1,,,,,1,2,1,1,6
202100024493,2021-08-12 06:40:00,2021,8,12,6,40,971,97101,CHAUVEL,16.23955,-61.51988,Plein jour,En agglomération,Intersection en T,Normale,Deux véhicules - arrière,3,2,2,0,1,1,1,0,1,30,,3,2,0,0,1,59.0,40.0,,,1,2,3,1,2
202100024494,2021-08-12 18:30:00,2021,8,12,18,30,86,86194,Rue de la Chatonnerie,46.570562,0.35444,Plein jour,En agglomération,Hors intersection,Normale,Deux véhicules - côté,4,2,2,0,1,1,1,0,1,2,,2,1,0,0,1,35.0,22.0,,,1,2,1,1,3
202100024495,2021-08-12 15:30:00,2021,8,12,15,30,86,86194,Avenue John Kennedy,46.586987,0.364979,Plein jour,En agglomération,Intersection en T,Normale,Deux véhicules - côté,3,3,4,0,1,1,1,0,1,50,,2,1,0,0,1,34.0,30.0,,,1,2,3,1,3
202100024496,2021-07-16 09:05:00,2021,7,16,9,5,84,84035,LAGNES-RD24 (ROUTE DE),43.849288,5.048532,Plein jour,Hors agglomération,Hors intersection,Normale,Trois véhicules et plus - en chaîne,3,2,2,0,1,1,1,0,1,80,,4,3,0,1,0,43.0,48.0,,,1,1,1,1,4
202100024497,2021-08-12 08:50:00,2021,8,12,8,50,83,83069,SALINS ( ROUTE DES VIEUX),43.11667,6.18861,Plein jour,Hors agglomération,Hors intersection,Normale,Deux véhicules - côté,7,2,2,0,1,1,1,0,1,70,,2,1,0,0,1,75.0,47.0,,,1,1,1,1,3
202100024498,2021-08-12 21:45:00,2021,8,12,21,45,83,83061,RUE DES MICOCOULIERS,43.42333,6.753049,Nuit avec éclairage allumé,En agglomération,Giratoire,Normale,Autre collision,4,2,2,0,1,1,1,0,4,50,,5,2,1,2,0,25.0,,,,5,2,6,1,6
202100024499,2021-08-11 21:35:00,2021,8,11,21,35,83,83061,N7,43.43501,6.72598,Nuit avec éclairage allumé,En agglomération,Hors intersection,Normale,Deux véhicules - côté,3,2,2,0,2,3,1,3,1,50,,4,1,0,0,3,57.0,34.0,,,5,2,1,1,3
202100024500,2021-08-11 11:30:00,2021,8,11,11,30,83,83061,BOULEVARD DE LA MER,43.4265,6.73764,Plein jour,En agglomération,Intersection en T,Normale,Deux véhicules - côté,4,2,2,0,1,1,1,0,1,50,,2,1,0,1,0,41.0,44.0,,,1,2,3,1,3
202100024501,2021-08-10 20:29:00,2021,8,10,20,29,80,80021,FEURRE (PLACE AU),49.89738,2.29766,Plein jour,En agglomération,Hors intersection,Normale,Deux véhicules - arrière,4,2,4,0,1,1,1,0,1,50,,2,1,0,0,1,24.0,45.0,,,1,2,1,1,2
202100024502,2021-08-12 17:50:00,2021,8,12,17,50,77,77251,ALL DE L'AVANT-SCENE,48.61806,2.54713,Plein jour,En agglomération,Hors intersection,Normale,Deux véhicules - arrière,4,1,2,0,1,1,1,0,1,50,,2,0,0,0,2,22.0,31.0,,,1,2,1,1,2
202100024503,2021-08-12 17:20:00,2021,8,12,17,20,76,76540,GRAND COURS. AVENUE DU,49.427793735,1.1028329359,Plein jour,Hors agglomération,Hors intersection,Normale,Deux véhicules - arrière,7,2,6,0,1,1,1,5,1,70,,2,1,0,1,0,60.0,47.0,,,1,1,1,1,2
202100024504,2021-08-12 18:00:00,2021,8,12,18,0,76,76322,COTY. AVENUE RENE,49.40364,1.05222,Plein jour,En agglomération,Hors intersection,Normale,Autre collision,4,2,2,0,1,1,1,-1,1,30,,1,0,0,0,1,72.0,,,,1,2,1,1,6
202100024505,2021-08-11 13:20:00,2021,8,11,13,20,76,76351,LOUIS SIEFRIDT,49.50903,0.10827,Plein jour,En agglomération,Intersection en X,Normale,Deux véhicules - côté,4,2,2,0,1,1,1,0,1,50,,2,1,0,0,1,18.0,,,,1,2,2,1,3
202100024506,2021-08-11 11:45:00,2021,8,11,11,45,76,76351,JEAN BAPTISTE EYRIES,49.49753,0.11555,Plein jour,En agglomération,Intersection en X,Normale,Deux véhicules - côté,4,2,2,1,1,1,1,0,1,50,,2,1,0,0,1,36.0,23.0,,,1,2,2,1,3
202100024507,2021-08-10 18:15:00,2021,8,10,18,15,76,76447,FONTAINE LA MALLET (DE),49.54303,0.16621,Plein jour,Hors agglomération,Intersection en T,Normale,Deux véhicules - arrière,3,2,2,0,1,1,1,0,1,80,,2,1,0,1,0,24.0,49.0,,,1,1,3,1,2
202100024508,2021-08-02 15:05:00,2021,8,2,15,5,70,70550,COUBERTIN (RUE PIERRE DE),47.62262,6.16418,Plein jour,En agglomération,Intersection en T,Normale,Deux véhicules - côté,3,2,2,0,1,1,1,5,1,50,,2,1,0,0,1,45.0,63.0,,,1,2,3,1,3
202100024509,2021-08-12 18:55:00,2021,8,12,18,55,69,69266,GENAS (DE) (RTE),45.7542607377,4.8880080879,Crépuscule ou aube,En agglomération,Intersection en T,Pluie forte,Sans collision,4,1,1,0,1,1,2,0,1,50,,1,0,0,1,0,22.0,,,,2,2,3,3,7
202100024510,2021-08-10 12:35:00,2021,8,10,12,35,66,66136,DALBIEZ (AVENUE VICTOR),42.6846407156,2.8820612592,Plein jour,En agglomération,Intersection en T,Normale,Deux véhicules - côté,4,2,2,0,1,1,1,0,1,50,,3,1,0,0,2,24.0,,,,1,2,3,1,3
202100024511,2021-08-12 12:35:00,2021,8,12,12,35,64,64545,BRETELLE DE LAUTOROUTE RD 913,43.38903,-1.69996,Plein jour,En agglomération,Hors intersection,Normale,Deux véhicules - côté,3,2,2,0,1,3,1,0,1,70,,2,1,0,0,1,49.0,57.0,,,1,2,1,1,3
202100024512,2021-08-12 10:30:00,2021,8,12,10,30,64,64483,CHANTACO (AVENUE DE ),43.38,-1.64,Plein jour,En agglomération,Hors intersection,Temps couvert,Deux véhicules - côté,3,2,2,0,1,1,1,0,1,50,,2,1,0,0,1,89.0,74.0,,,1,2,1,8,3
202100024513,2021-08-11 19:44:00,2021,8,11,19,44,63,63063,LAMARTINE (RUE),45.83316,3.10048,Plein jour,En agglomération,Intersection en X,Normale,Deux véhicules - côté,4,1,1,0,1,1,1,0,1,50,,4,1,0,0,3,36.0,22.0,,,1,2,2,1,3
202100024514,2021-08-11 17:30:00,2021,8,11,17,30,63,63070,WILSON (AVENUE),45.7307,3.06402,Plein jour,En agglomération,Intersection en Y,Normale,Deux véhicules - côté,4,2,2,0,1,1,1,0,1,50,,2,1,0,0,1,51.0,75.0,,,1,2,4,1,3
202100024515,2021-08-11 23:55:00,2021,8,11,23,55,62,62119,PRE DES SOEURS ( RUE DU ),50.528845,2.649244,Nuit sans éclairage public,En agglomération,Hors intersection,Normale,Autre collision,4,2,0,0,2,1,1,0,1,50,,2,1,0,1,0,,,,,3,2,1,1,6
202100024516,2021-08-11 14:10:00,2021,8,11,14,10,56,56121,BOIS-DU-CHATEAU (RUE  DU ),47.76871,-3.37588,Plein jour,En agglomération,Hors intersection,Normale,Deux véhicules - frontale,4,2,2,0,2,1,1,0,1,30,,3,0,0,0,3,74.0,49.0,,,1,2,1,1,1
202100024517,2021-08-10 15:45:00,2021,8,10,15,45,56,56121,Pénétrante de Lorient D465,47.74967,-3.38699,Plein jour,Hors agglomération,Hors intersection,Normale,Deux véhicules - arrière,3,3,4,0,2,1,1,3,1,70,,3,2,0,0,1,69.0,25.0,,,1,1,1,1,2
202100024518,2021-08-10 20:45:00,2021,8,10,20,45,54,54395,LOBAU (BOULEVARD),48.68414,6.1964,Plein jour,En agglomération,Hors intersection,Normale,Deux véhicules - côté,4,2,4,0,1,1,1,0,1,50,,4,2,0,0,2,28.0,52.0,,,1,2,1,1,3
202100024519,2021-08-11 10:45:00,2021,8,11,10,45,54,54395,GARENNE (ALLEE ET AVENUE DE LA),48.679684397,6.1760680302,Plein jour,En agglomération,Intersection en X,Normale,Deux véhicules - côté,4,2,2,0,1,1,1,0,1,30,,2,1,0,1,0,23.0,34.0,,,1,2,2,1,3
202100024520,2021-08-10 11:15:00,2021,8,10,11,15,41,41047,VILLERBON (RUE DE),47.60729,1.34863,Plein jour,En agglomération,Hors intersection,Normale,Sans collision,4,2,2,0,1,2,1,0,3,80,,1,0,0,1,0,24.0,,,,1,2,1,1,7
202100024521,2021-08-07 13:10:00,2021,8,7,13,10,40,40192,FOCH (AV DU MARECHAL),43.8962,-0.49142,Plein jour,En agglomération,Autre intersection,Normale,Deux véhicules - côté,3,2,2,0,1,1,1,0,1,50,,2,1,0,1,0,64.0,18.0,,,1,2,9,1,3
202100024522,2021-08-10 15:56:00,2021,8,10,15,56,37,37261,VAILLANT (RUE EDOUARD),47.386949914,0.6981601054,Plein jour,En agglomération,Intersection en T,Normale,Deux véhicules - côté,4,2,2,0,1,1,1,0,1,50,,2,0,0,1,1,18.0,23.0,,,1,2,3,1,3
202100024523,2021-08-12 15:40:00,2021,8,12,15,40,33,33281,Avenue de l'Yser,44.842014,-0.660723,Plein jour,En agglomération,Intersection en X,Normale,Deux véhicules - côté,4,2,2,1,1,1,2,0,1,50,,2,1,0,0,1,61.0,31.0,,,1,2,2,1,3
202100024524,2021-08-12 08:14:00,2021,8,12,8,14,33,33075,Avenue Jean Jaurès,44.87238,-0.59121,Plein jour,En agglomération,Passage à niveau,Normale,Deux véhicules - côté,4,2,2,3,1,1,1,4,6,50,,3,1,0,0,2,40.0,26.0,,,1,2,8,1,3
202100024525,2021-08-11 12:30:00,2021,8,11,12,30,33,33063,Rue des Frères Portmann,44.86051,-0.57633,Plein jour,En agglomération,Hors intersection,Normale,Autre collision,4,-1,2,1,1,1,1,0,1,50,,2,1,0,0,1,38.0,,,,1,2,1,1,6
202100024526,2021-08-12 18:55:00,2021,8,12,18,55,32,32013,PIERRE DE MONTESQUIOU (AVENUE),43.63013,0.58718,Plein jour,En agglomération,Hors intersection,Normale,Sans collision,4,2,2,0,1,1,1,0,1,50,,2,1,0,0,1,31.0,,,,1,2,1,1,7
202100024527,2021-08-12 19:35:00,2021,8,12,19,35,29,29151,Giratoire de Penlann,48.58195,-3.81141,Plein jour,En agglomération,Giratoire,Normale,Autre collision,4,1,1,0,1,1,1,5,1,50,,1,0,0,0,1,61.0,,,,1,2,6,1,6
202100024528,2021-08-12 20:40:00,2021,8,12,20,40,28,28085,JAURES (BOULEVARD JEAN),48.45173,1.49149,Plein jour,En agglomération,Hors intersection,Normale,Deux véhicules - frontale,3,2,2,0,1,1,1,0,1,30,,3,2,0,0,1,28.0,,,,1,2,1,1,1
202100024529,2021-08-11 12:25:00,2021,8,11,12,25,27,27229,CONCHES (ROUTE DE),49.01409,1.10776,Plein jour,Hors agglomération,Hors intersection,Normale,Autre collision,3,-1,1,0,1,2,1,0,1,50,,1,0,0,0,1,23.0,,,,1,1,1,1,6
202100024530,2021-08-10 19:20:00,2021,8,10,19,20,25,25031,,47.48037,6.85652,Plein jour,En agglomération,Intersection en Y,Normale,Deux véhicules - frontale,4,2,1,0,1,1,1,0,1,30,,2,1,0,1,0,53.0,10.0,,,1,2,4,1,1
202100024531,2021-08-12 21:40:00,2021,8,12,21,40,18,18213,SAINTE-SOLANGE (ROUTE DE),47.10809,2.49081,Nuit avec éclairage allumé,En agglomération,Hors intersection,Normale,Autre collision,3,2,1,0,1,1,1,0,1,30,,1,0,0,1,0,40.0,,,,5,2,1,1,6
202100024532,2021-08-12 07:45:00,2021,8,12,7,45,13,13071,MITTERRAND (AVENUE FRANCOIS),43.38159,5.34673,Plein jour,En agglomération,Hors intersection,Normale,Deux véhicules - frontale,7,2,2,0,1,1,1,0,1,50,,2,1,0,0,1,32.0,19.0,,,1,2,1,1,1
202100024533,2021-08-10 17:06:00,2021,8,10,17,6,13,13056,PORT DE BOUC ROUTE DE,43.41032,5.0409,Plein jour,En agglomération,Hors intersection,Normale,Deux véhicules - côté,7,2,2,0,1,1,1,0,1,50,,2,0,0,0,2,48.0,20.0,,,1,2,1,1,3
202100024534,2021-08-12 19:45:00,2021,8,12,19,45,13,13208,PRADO (AVENUE DU),43.27624,5.38952,Plein jour,En agglomération,Hors intersection,Normale,Deux véhicules - arrière,4,2,6,3,1,1,1,0,1,50,,3,1,0,0,2,25.0,47.0,,,1,2,1,1,2
202100024535,2021-08-12 17:45:00,2021,8,12,17,45,13,13215,LYON (RUE DE),43.34239,5.3599,Plein jour,En agglomération,Intersection en X,Normale,Deux véhicules - côté,3,2,2,0,2,1,1,5,1,50,,2,1,0,0,1,18.0,18.0,,,1,2,2,1,3
202100024536,2021-08-12 13:25:00,2021,8,12,13,25,13,13209,ROMAIN ROLLAND (BOULEVARD),43.273384419,5.4129743441,Plein jour,En agglomération,Autre intersection,Normale,Deux véhicules - côté,4,2,4,0,1,1,1,0,1,50,,2,1,0,0,1,32.0,39.0,,,1,2,9,1,3
202100024537,2021-08-11 01:40:00,2021,8,11,1,40,13,13207,Corniche John Fitzgérald Kennedy,43.2757276327,5.3590191733,Nuit avec éclairage allumé,En agglomération,Hors intersection,Normale,Sans collision,4,2,3,1,1,3,1,0,1,50,,1,0,0,1,0,25.0,,,,5,2,1,1,7
202100024538,2021-08-13 01:20:00,2021,8,13,1,20,13,13063,BARRIELES CHEMIN DES,43.57781,5.01126,Nuit avec éclairage allumé,En agglomération,Hors intersection,Normale,Autre collision,7,2,2,0,2,3,1,9,1,50,,1,0,0,0,1,47.0,,,,5,2,1,1,6
202100024539,2021-08-12 17:25:00,2021,8,12,17,25,11,11069,Allee des Coteaux de Pech Mary,43.20629,2.38458,Plein jour,En agglomération,Hors intersection,Normale,Deux véhicules - côté,4,2,2,0,2,2,1,0,1,50,,2,1,0,1,0,22.0,20.0,,,1,2,1,1,3
202100024540,2021-08-11 18:45:00,2021,8,11,18,45,11,11069,VILLEMOUSTAUSSOU -ROUTE DE-,43.22841,2.3598,Plein jour,En agglomération,Intersection en T,Normale,Deux véhicules - côté,3,2,3,0,1,1,1,0,1,50,,2,0,0,1,1,33.0,74.0,,,1,2,3,1,3
202100024541,2021-08-11 17:03:00,2021,8,11,17,3,10,10387,PASTEUR (RUE),48.3031,4.0625,Plein jour,En agglomération,Hors intersection,Normale,Deux véhicules - arrière,4,2,2,0,1,1,1,0,1,50,,2,1,0,0,1,41.0,40.0,,,1,2,1,1,2
202100024542,2021-08-12 13:45:00,2021,8,12,13,45,06,06083,MONLEON (QUAI),43.77539,7.50709,Plein jour,En agglomération,Hors intersection,Normale,Autre collision,4,1,1,0,1,1,1,0,1,30,,2,1,1,0,0,57.0,,,,1,2,1,1,6
202100024543,2021-08-12 08:45:00,2021,8,12,8,45,06,06069,MARIGARDE (ROUTE DE LA),43.653819,6.93503,Plein jour,En agglomération,Hors intersection,Normale,Deux véhicules - côté,3,2,2,0,1,1,1,0,1,50,,3,0,0,0,3,27.0,58.0,,,1,2,1,1,3
202100024544,2021-08-12 04:50:00,2021,8,12,4,50,06,06029,JUIN (AVENUE MARECHAL),43.54732,7.04603,Nuit avec éclairage allumé,En agglomération,Hors intersection,Normale,Autre collision,4,3,2,0,1,3,1,0,1,50,,1,0,0,0,1,22.0,,,,5,2,1,1,6
202100024545,2021-08-12 21:05:00,2021,8,12,21,5,02,02738,MARNE (DE LA),49.662967,3.289097,Plein jour,En agglomération,Intersection en X,Normale,Deux véhicules - côté,4,2,2,0,1,1,1,0,1,50,,2,1,0,1,0,35.0,33.0,,,1,2,2,1,3
202100024546,2021-08-12 19:00:00,2021,8,12,19,0,75,75115,PORTE DE VERSAILLES,48.834973,2.273399,Plein jour,En agglomération,Hors intersection,Normale,Deux véhicules - côté,4,1,3,0,1,1,1,0,1,70,,2,1,0,0,1,32.0,43.0,,,1,2,1,1,3
202100024547,2021-08-12 18:20:00,2021,8,12,18,20,75,75118,PORTE DE CLIGNANCOURT,48.900994,2.34146,Plein jour,En agglomération,Intersection en Y,Normale,Deux véhicules - côté,4,1,4,0,1,1,1,0,1,70,,4,3,0,0,1,49.0,57.0,,,1,2,4,1,3
202100024548,2021-08-11 22:30:00,2021,8,11,22,30,75,75114,PORTE DE CHATILLON,48.821922,2.316733,Nuit avec éclairage allumé,En agglomération,Hors intersection,Normale,Deux véhicules - côté,4,1,3,0,1,1,1,0,1,70,,3,2,0,1,0,28.0,30.0,,,5,2,1,1,3
202100024549,2021-08-11 16:00:00,2021,8,11,16,0,75,75114,PORTE DE CHATILLON,48.823425,2.310274,Plein jour,En agglomération,Hors intersection,Normale,Deux véhicules - arrière,4,1,3,0,1,1,1,0,1,70,,2,1,0,0,1,47.0,23.0,,,1,2,1,1,2
202100024550,2021-08-12 17:25:00,2021,8,12,17,25,75,75117,BOULEVARD MALESHERBES,48.888276,2.304442,Plein jour,En agglomération,Hors intersection,Normale,Deux véhicules - arrière,4,2,4,0,1,1,1,0,1,50,,3,2,0,0,1,24.0,46.0,,,1,2,1,1,2
202100024551,2021-08-10 00:02:00,2021,8,10,0,2,75,75117,AVENUE DE LA GRANDE ARMEE,48.876909,2.285416,Nuit avec éclairage allumé,En agglomération,Intersection en Y,Normale,Deux véhicules - côté,4,2,8,0,2,1,1,0,1,50,,3,2,0,0,1,,26.0,,,5,2,4,1,3
202100024552,2021-08-12 19:00:00,2021,8,12,19,0,75,75112,ROUTE DAUPHINE,48.822811,2.442125,Plein jour,En agglomération,Hors intersection,Normale,Deux véhicules - arrière,4,2,2,1,1,1,1,0,5,50,,2,0,0,0,2,49.0,20.0,,,1,2,1,1,2
202100024553,2021-08-11 19:20:00,2021,8,11,19,20,75,75112,RUE TRAVERSIERE,48.844675,2.369144,Plein jour,En agglomération,Intersection en T,Normale,Deux véhicules - frontale,4,2,2,1,1,1,1,0,5,30,,2,1,0,0,1,23.0,63.0,,,1,2,3,1,1
202100024554,2021-08-12 19:23:00,2021,8,12,19,23,75,75110,BOULEVARD SAINT DENIS,48.869331,2.354259,Plein jour,En agglomération,Intersection en X,Normale,Deux véhicules - arrière,4,2,4,0,1,1,1,0,1,50,,2,1,0,0,1,22.0,29.0,,,1,2,2,1,2
202100024555,2021-08-12 16:55:00,2021,8,12,16,55,75,75101,RUE DE RIVOLI,48.866295,2.324161,Plein jour,En agglomération,Intersection en T,Normale,Deux véhicules - côté,4,2,6,0,1,1,1,0,1,30,,2,1,0,0,1,55.0,,,,1,2,3,1,3
202100024556,2021-08-12 11:55:00,2021,8,12,11,55,94,94073,Avenue de Fontainebleau,48.75562,2.36884,Plein jour,En agglomération,Hors intersection,Normale,Deux véhicules - côté,3,3,3,0,1,1,1,0,1,70,,3,2,0,0,1,77.0,27.0,,,1,2,1,1,3
202100024557,2021-08-12 14:20:00,2021,8,12,14,20,94,94011,RHIN ET DANUBE(RUE DU),48.7722356951,2.489807937,Plein jour,En agglomération,Hors intersection,Normale,Autre collision,3,2,4,0,1,1,1,0,1,50,,2,1,0,0,1,,,,,1,2,1,1,6
202100024558,2021-08-11 13:30:00,2021,8,11,13,30,94,94079,Rue du Général Galliéni,48.8263,2.540323,Plein jour,En agglomération,Hors intersection,Normale,Deux véhicules - arrière,3,2,2,0,2,1,1,0,1,50,,2,1,0,0,1,27.0,31.0,,,1,2,1,1,2
202100024559,2021-08-12 07:48:00,2021,8,12,7,48,94,94017,Avenue du Général de Gaulle,48.82115,2.48704,Plein jour,En agglomération,Hors intersection,Normale,Deux véhicules - arrière,3,2,4,0,1,1,1,0,1,50,,2,1,0,0,1,26.0,,,,1,2,1,1,2
202100024560,2021-08-12 17:40:00,2021,8,12,17,40,93,93073,Avenue Carole,48.9797,2.526,Plein jour,Hors agglomération,Hors intersection,Normale,Sans collision,4,2,4,0,1,1,1,0,1,50,,1,0,0,0,1,61.0,,,,1,1,1,1,7
202100024561,2021-08-12 20:10:00,2021,8,12,20,10,93,93066,SAINT LEGER (CHEMIN),48.9453,2.3764,Plein jour,En agglomération,Intersection en T,Normale,Deux véhicules - côté,4,4,4,0,1,1,1,0,1,50,,2,1,0,0,1,10.0,44.0,,,1,2,3,1,3
202100024562,2021-08-12 10:15:00,2021,8,12,10,15,93,93070,MADELEINE(RUE),48.90744,2.34135,Plein jour,En agglomération,Hors intersection,Normale,Deux véhicules - arrière,9,3,2,0,1,1,1,5,1,50,,2,1,0,0,1,52.0,23.0,,,1,2,1,1,2
202100024563,2021-08-11 23:10:00,2021,8,11,23,10,93,93070,JEAN-JAURES (BD),48.9152,2.33782,Nuit avec éclairage allumé,En agglomération,Hors intersection,Normale,Deux véhicules - côté,3,2,4,0,1,1,1,0,1,50,,2,1,0,1,0,21.0,24.0,,,5,2,1,1,3
202100024564,2021-08-10 20:55:00,2021,8,10,20,55,93,93066,Rue Lanne,48.933066609,2.3572658301,Plein jour,En agglomération,Hors intersection,Normale,Deux véhicules - frontale,4,1,1,0,1,1,1,0,1,30,,3,2,0,0,1,27.0,28.0,,,1,2,1,1,1
202100024565,2021-08-12 09:10:00,2021,8,12,9,10,93,93001,SAINT DENIS (RUE DE),48.92059,2.37741,Plein jour,En agglomération,Hors intersection,Normale,Autre collision,3,2,2,0,1,2,1,0,1,50,,2,1,0,0,1,23.0,,,,1,2,1,1,6
202100024566,2021-08-12 22:00:00,2021,8,12,22,0,93,93050,AVRON (RUE),48.85916,2.52421,Nuit avec éclairage allumé,En agglomération,Intersection en X,Normale,Deux véhicules - côté,4,2,2,0,1,1,1,0,1,50,,3,2,0,0,1,30.0,35.0,,,5,2,2,1,3
202100024567,2021-08-12 19:45:00,2021,8,12,19,45,93,93030,Avenue du 8 Mai 1945,48.947302,2.436212,Plein jour,En agglomération,Autre intersection,Normale,Autre collision,3,3,4,0,1,1,1,9,1,10,,2,1,0,1,0,40.0,,,,1,2,9,1,6
202100024568,2021-08-12 15:00:00,2021,8,12,15,0,93,93027,PASTEUR (BOULEVARD) DE 1 A 39,48.92147,2.38334,Plein jour,En agglomération,Hors intersection,Normale,Deux véhicules - côté,3,3,0,0,1,1,1,0,1,50,,2,1,0,0,1,39.0,52.0,,,1,2,1,1,3
202100024569,2021-08-12 19:38:00,2021,8,12,19,38,93,93014,Allée Anatole France,48.9055,2.55614,Plein jour,En agglomération,Hors intersection,Normale,Autre collision,4,2,2,0,1,1,1,8,8,50,,2,1,0,1,0,22.0,,,,1,2,1,1,6