accident_id,datetime,annee,mois,jour,heure,minute,departement,commune_insee,adresse,latitude,longitude,luminosite,agglomeration,intersection,meteo,collision,catr,circ,nbv,vosp,prof,plan,surf,infra,situ,vma,nb_vehicules,nb_usagers,nb_indemnes,nb_tues,nb_blesses_hosp,nb_blesses_legers,age_cond_1,age_cond_2,veh_type_cond_1,veh_type_cond_2,lum_code,agg_code,int_code,atm_code,col_code
202100024570,2021-08-12 14:30:00,2021,8,12,14,30,92,92078,GALLIENI (BD) (1 A 79 ET 22 A 102),48.9249257542,2.3254832625,Plein jour,En agglomération,Intersection en X,Normale,Deux véhicules - côté,3,2,2,1,1,1,1,0,1,50,,2,1,0,0,1,23.0,33.0,,,1,2,2,1,3
202100024571,2021-08-12 15:00:00,2021,8,12,15,0,92,92048,VERDUN (AVENUE DE) DU 152 AU 226,48.8179,2.24884,Plein jour,En agglomération,Giratoire,Normale,Deux véhicules - côté,3,2,2,0,1,1,1,5,1,30,,2,1,0,0,1,57.0,36.0,,,1,2,6,1,3
202100024572,2021-08-12 01:29:00,2021,8,12,1,29,92,92025,PONT DE BEZONS,48.919035,2.22297,Nuit avec éclairage allumé,En agglomération,Intersection en X,Normale,Deux véhicules - côté,3,1,7,0,2,1,1,5,1,50,,3,2,0,0,1,21.0,20.0,,,5,2,2,1,3
202100024573,2021-08-07 00:39:00,2021,8,7,0,39,13,13215,A7-Sens Lyon vers Marseille,43.3494362275,5.3693138366,Nuit sans éclairage public,Hors agglomération,Hors intersection,Normale,Deux véhicules - arrière,1,-1,3,0,2,1,1,0,1,90,,3,1,0,0,2,54.0,,,,3,1,1,1,2
202100024574,2021-08-11 19:50:00,2021,8,11,19,50,13,13088,A55-Sens Marseille vers Martigues,43.383,5.22055,Plein jour,Hors agglomération,Hors intersection,Normale,Trois véhicules et plus - en chaîne,1,-1,2,0,1,1,1,0,1,90,,5,3,0,0,2,47.0,49.0,,,1,1,1,1,4
202100024575,2021-08-11 07:24:00,2021,8,11,7,24,13,13210,A50-Sens Marseille vers Aubagne,43.2841973998,5.4044795036,Plein jour,En agglomération,Hors intersection,Normale,Trois véhicules et plus - en chaîne,1,1,3,0,1,1,1,0,1,90,,3,2,0,0,1,26.0,49.0,,,1,2,1,1,4
202100024576,2021-08-12 21:15:00,2021,8,12,21,15,33,33487,Autoroute A10,44.94994,-0.4631,Crépuscule ou aube,Hors agglomération,Hors intersection,Normale,Deux véhicules - côté,1,3,6,0,2,2,1,2,1,130,,5,4,0,0,1,24.0,51.0,,,2,1,1,1,3
202100024577,2021-08-09 09:30:00,2021,8,9,9,30,62,62186,AUTOROUTE A21,50.436589,2.741791,Plein jour,Hors agglomération,Hors intersection,Normale,Autre collision,1,3,4,0,1,1,8,0,1,90,,1,0,0,0,1,25.0,,,,1,1,1,1,6
202100024578,2021-08-12 12:05:00,2021,8,12,12,5,91,91340,AUTOROUTE A6,48.60382,2.43721,Plein jour,Hors agglomération,Hors intersection,Normale,Deux véhicules - côté,1,1,4,0,1,1,1,0,1,110,,2,1,0,0,1,41.0,29.0,,,1,1,1,1,3
202100024579,2021-08-12 17:00:00,2021,8,12,17,0,92,92050,A86,48.9180852121,2.2229496253,Plein jour,Hors agglomération,Hors intersection,Normale,Deux véhicules - arrière,1,3,6,0,1,1,1,0,1,90,,2,1,0,0,1,59.0,21.0,,,1,1,1,1,2
202100024580,2021-08-12 08:00:00,2021,8,12,8,0,93,93066,AUTOROUTE A86,48.925331,2.33943,Plein jour,Hors agglomération,Hors intersection,Normale,Deux véhicules - arrière,1,3,6,0,1,1,1,0,1,90,,3,2,0,0,1,33.0,49.0,,,1,1,1,1,2
202100024581,2021-08-11 13:00:00,2021,8,11,13,0,95,95252, A15,48.98613,2.21165,Plein jour,Hors agglomération,Hors intersection,Normale,Autre collision,1,3,6,0,1,1,1,0,1,110,,2,0,0,0,2,48.0,,,,1,1,1,1,6
202100024582,2021-08-11 19:00:00,2021,8,11,19,0,77,77053,RN104,48.6983994113,2.5940234615,Plein jour,Hors agglomération,Hors intersection,Normale,Deux véhicules - côté,2,3,2,0,1,1,1,0,1,90,,2,1,0,0,1,31.0,48.0,,,1,1,1,1,3
202100024583,2021-08-10 21:10:00,2021,8,10,21,10,72,72181,CHAPALAIN JEAN YVES (BD),47.96893,0.22489,Plein jour,En agglomération,Intersection en T,Normale,Deux véhicules - côté,4,2,2,0,1,1,1,0,1,50,,2,1,0,0,1,26.0,19.0,,,1,2,3,1,3
202100024584,2021-05-01 18:50:00,2021,5,1,18,50,26,26250,A7 Pk 059.700,45.026738,4.874861,Plein jour,Hors agglomération,Hors intersection,Pluie légère,Autre collision,1,3,5,0,1,1,2,0,3,130,,1,0,0,1,0,48.0,,,,1,1,1,2,6
202100024585,2021-08-10 08:35:00,2021,8,10,8,35,973,97302,BOUDINOT (AUGUSTE) CITE THEMIRE,4.9338553721,-52.3193589449,Plein jour,En agglomération,Intersection en Y,Normale,Deux véhicules - arrière,4,2,2,0,1,1,1,0,1,50,,2,1,0,0,1,63.0,44.0,,,1,2,4,1,2
202100024586,2021-08-01 16:50:00,2021,8,1,16,50,973,97302,ROBERT VIGNON (RUE),4.93184,-52.32311,Plein jour,En agglomération,Hors intersection,Normale,Deux véhicules - frontale,4,2,2,0,1,1,1,0,1,50,,3,1,0,0,2,,18.0,,,1,2,1,1,1
202100024587,2021-08-11 19:15:00,2021,8,11,19,15,69,69387,BERTHELOT (AV),45.74523,4.84178,Plein jour,En agglomération,Intersection en X,Normale,Autre collision,4,1,3,2,1,1,1,0,1,50,,2,1,0,0,1,57.0,,,,1,2,2,1,6
202100024588,2021-08-11 17:30:00,2021,8,11,17,30,69,69388,ALBERT THOMAS (CR),45.74554,4.87128,Plein jour,En agglomération,Intersection en T,Normale,Deux véhicules - arrière,4,2,2,3,1,1,1,0,1,50,,2,1,0,0,1,,21.0,,,1,2,3,1,2
202100024589,2021-08-11 23:11:00,2021,8,11,23,11,95,95018,RD 41,48.94693,2.2381,Nuit sans éclairage public,En agglomération,Intersection en X,Normale,Deux véhicules - côté,3,3,2,0,1,1,1,0,1,50,,3,2,0,0,1,52.0,22.0,,,3,2,2,1,3
202100024590,2021-08-10 18:45:00,2021,8,10,18,45,91,91339,RUE DE LA DIVISION LECLERC,48.63501,2.26606,Plein jour,En agglomération,Intersection en X,Normale,Deux véhicules - côté,3,1,3,0,1,1,1,5,1,50,,2,1,0,0,1,51.0,38.0,,,1,2,2,1,3
202100024591,2021-08-11 11:36:00,2021,8,11,11,36,87,87085,AURIOL (AVENUE DU PRESIDENT VINCENT),45.83967,1.2295,Plein jour,En agglomération,Hors intersection,Normale,Sans collision,4,1,2,0,2,1,1,0,4,50,,1,0,0,0,1,20.0,,,,1,2,1,1,7
202100024592,2021-08-11 05:34:00,2021,8,11,5,34,87,87085,BRIAND (RUE ARISTIDE),45.85635,1.28428,Nuit avec éclairage allumé,En agglomération,Hors intersection,Normale,Sans collision,4,2,2,0,1,1,1,0,1,50,,1,0,0,0,1,18.0,,,,5,2,1,1,7
202100024593,2021-08-10 04:19:00,2021,8,10,4,19,87,87085,VANTEAUX (BOULEVARD DE),45.8209,1.23037,Nuit avec éclairage allumé,En agglomération,Intersection en T,Normale,Deux véhicules - côté,4,4,5,0,1,1,1,0,1,50,,4,1,0,0,3,21.0,29.0,,,5,2,3,1,3
202100024594,2021-08-11 09:23:00,2021,8,11,9,23,77,77251,ALL DU TRAIT D'UNION,48.614885,2.544773,Plein jour,Hors agglomération,Intersection en T,Normale,Autre collision,9,3,4,0,1,1,1,0,1,50,,2,1,0,0,1,49.0,,,,1,1,3,1,6
202100024595,2021-08-11 20:00:00,2021,8,11,20,0,76,76540,GAMBETTA. BOULEVARD,49.43866,1.10797,Plein jour,En agglomération,Autre intersection,Normale,Deux véhicules - côté,9,2,2,3,1,1,1,-1,6,50,,2,1,0,0,1,16.0,46.0,,,1,2,9,1,3
202100024596,2021-08-11 17:30:00,2021,8,11,17,30,76,76575,LENINE. BOULEVARD,49.39779,1.11166,Plein jour,Hors agglomération,Hors intersection,Normale,Deux véhicules - arrière,7,3,4,0,1,1,1,0,1,90,,2,1,0,0,1,53.0,,,,1,1,1,1,2
202100024597,2021-08-10 21:35:00,2021,8,10,21,35,74,74012,GENEVE (RUE DE),46.19289,6.22556,Plein jour,En agglomération,Autre intersection,Normale,Trois véhicules et plus - collisions multiples,3,3,0,0,1,1,1,0,1,50,,3,2,0,0,1,42.0,42.0,,,1,2,9,1,5
202100024598,2021-08-11 11:00:00,2021,8,11,11,0,72,72181,ISAAC (RUE) N° IMP 1 A 141,48.01298,0.21564,Plein jour,En agglomération,Hors intersection,Normale,Autre collision,4,2,2,0,1,1,1,0,1,50,,2,1,0,0,1,26.0,,,,1,2,1,1,6
202100024599,2021-08-11 09:00:00,2021,8,11,9,0,69,69029,BLEUETS (DES) (R),45.7494321182,4.9031598866,Plein jour,En agglomération,Hors intersection,Normale,Autre collision,4,2,1,0,2,1,1,0,1,50,,2,1,0,0,1,52.0,,,,1,2,1,1,6
202100024600,2021-08-11 13:30:00,2021,8,11,13,30,59,59599,ORIONS (RUE DES),50.734879,3.13562,Plein jour,En agglomération,Intersection en T,Normale,Deux véhicules - frontale,4,-1,2,0,1,1,1,0,1,50,,2,1,0,0,1,46.0,57.0,,,1,2,3,1,1
202100024601,2021-08-10 15:00:00,2021,8,10,15,0,59,59009,RD 626,50.6262,3.1365,Plein jour,En agglomération,Intersection en X,Normale,Deux véhicules - côté,7,1,6,0,1,1,1,0,1,50,,2,1,0,0,1,49.0,34.0,,,1,2,2,1,3
202100024602,2021-08-11 21:50:00,2021,8,11,21,50,57,57487,RD157B,49.09824,6.11789,Nuit sans éclairage public,Hors agglomération,Hors intersection,Normale,Deux véhicules - côté,7,1,4,0,1,1,1,0,1,70,,5,4,0,1,0,53.0,25.0,,,3,1,1,1,3
202100024603,2021-08-11 13:44:00,2021,8,11,13,44,51,51172,Place de la Solidarité,49.21744,4.04649,Plein jour,En agglomération,Giratoire,Normale,Deux véhicules - côté,4,1,2,1,1,2,1,0,5,50,,2,1,0,0,1,30.0,45.0,,,1,2,6,1,3
202100024604,2021-08-09 13:10:00,2021,8,9,13,10,49,49099,SAINT PIERRE (RUE),47.06116,-0.8772,Plein jour,En agglomération,Hors intersection,Normale,Deux véhicules - côté,4,1,1,0,2,1,1,0,1,50,,5,3,0,1,1,19.0,53.0,,,1,2,1,1,3
202100024605,2021-08-11 20:15:00,2021,8,11,20,15,45,45232,Rue du petit Bois,47.86127,1.91134,Plein jour,En agglomération,Hors intersection,Normale,Autre collision,4,1,1,0,3,3,1,0,1,50,,1,0,1,0,0,35.0,,,,1,2,1,1,6
202100024606,2021-08-08 01:45:00,2021,8,8,1,45,44,44109,ROUTE DE PARIS,47.26018,-1.49946,Nuit avec éclairage allumé,Hors agglomération,Intersection en X,Pluie légère,Deux véhicules - côté,7,3,5,0,1,1,2,0,1,70,,5,0,0,0,5,19.0,22.0,,,5,1,2,2,3
202100024607,2021-08-11 17:10:00,2021,8,11,17,10,37,37233,CASANOVA (RUE DANIELLE),47.3961488988,0.7383316755,Plein jour,Hors agglomération,Hors intersection,Normale,Deux véhicules - frontale,4,2,2,0,1,1,1,0,1,50,,6,4,0,0,2,66.0,27.0,,,1,1,1,1,1
202100024608,2021-08-11 14:00:00,2021,8,11,14,0,37,37261,GRAMMONT (AVENUE DE),47.384039711,0.6912592517,Plein jour,En agglomération,Intersection en X,Normale,Autre collision,4,2,6,3,1,1,1,5,6,50,,2,1,0,0,1,57.0,40.0,,,1,2,2,1,6
202100024609,2021-08-10 21:45:00,2021,8,10,21,45,34,34172,LIBERTE (AVENUE DE LA,43.608873223,3.8419505954,Nuit avec éclairage allumé,En agglomération,Hors intersection,Normale,Autre collision,4,2,2,0,1,1,1,0,1,50,,2,1,0,0,1,30.0,,,,5,2,1,1,6
202100024610,2021-08-11 09:10:00,2021,8,11,9,10,33,33063,TOULOUSE (RTE DE) (1-51) IMPAIRS,44.81296,-0.57348,Plein jour,En agglomération,Hors intersection,Normale,Autre collision,4,2,2,2,1,1,1,0,1,50,,2,1,0,0,1,67.0,,,,1,2,1,1,6
202100024611,2021-08-11 09:20:00,2021,8,11,9,20,33,33009,Boulevard de la Plage,44.6587382359,-1.1515882916,Plein jour,En agglomération,Hors intersection,Temps éblouissant,Autre collision,3,2,2,0,1,1,1,0,1,50,,1,0,0,0,1,21.0,,,,1,2,1,7,6
202100024612,2021-08-10 17:25:00,2021,8,10,17,25,29,29232,Rue du Cosquer,48.00192,-4.11204,Plein jour,En agglomération,Hors intersection,Normale,Autre collision,4,2,2,0,1,1,1,0,1,50,,2,1,0,0,1,72.0,,,,1,2,1,1,6
202100024613,2021-08-11 14:56:00,2021,8,11,14,56,29,29019,Avenue de Tarente,48.403081,-4.50639,Plein jour,En agglomération,Autre intersection,Normale,Deux véhicules - côté,4,3,2,0,2,1,1,0,1,50,,2,1,0,0,1,58.0,58.0,,,1,2,9,1,3
202100024614,2021-08-11 17:30:00,2021,8,11,17,30,26,26198,7 Rue Roger Morin,44.57921,4.74492,Plein jour,Hors agglomération,Hors intersection,Normale,Autre collision,2,2,2,0,1,1,1,0,1,70,,2,1,0,1,0,44.0,,,,1,1,1,1,6
202100024615,2021-08-10 13:45:00,2021,8,10,13,45,14,14001,D140,49.38997,0.27648,Plein jour,En agglomération,Hors intersection,Pluie légère,Sans collision,3,2,2,0,1,4,2,0,1,50,,1,0,0,0,1,34.0,,,,1,2,1,2,7
202100024616,2021-08-11 02:50:00,2021,8,11,2,50,14,14118,Boulevard Yves Guillou,49.17322,-0.37453,Nuit avec éclairage allumé,En agglomération,Autre intersection,Normale,Autre collision,4,-1,2,0,1,1,1,0,4,50,,1,0,0,0,1,22.0,,,,5,2,9,1,6
202100024617,2021-08-11 12:10:00,2021,8,11,12,10,14,14118,Rue de Rosel,49.18821,-0.3783,Plein jour,En agglomération,Giratoire,Normale,Deux véhicules - arrière,4,1,2,0,1,2,1,0,1,50,,2,1,0,0,1,48.0,60.0,,,1,2,6,1,2
202100024618,2021-08-11 17:05:00,2021,8,11,17,5,13,13211,SAINT MENET (AVENUE DE),43.2891232174,5.5109548136,Plein jour,En agglomération,Hors intersection,Normale,Deux véhicules - frontale,4,3,2,0,1,2,1,0,1,50,,1,0,1,0,0,17.0,,,,1,2,1,1,1
202100024619,2021-08-11 08:00:00,2021,8,11,8,0,13,13206,JULES CANTINI (AVENUE),43.28362,5.38731,Plein jour,En agglomération,Hors intersection,Normale,Deux véhicules - côté,4,2,2,0,1,1,1,0,1,50,,2,1,0,0,1,31.0,,,,1,2,1,1,3
202100024620,2021-08-11 07:35:00,2021,8,11,7,35,13,13075,L'ENJOLRAS (AVE DE),43.33766,5.45282,Plein jour,En agglomération,Intersection en T,Normale,Deux véhicules - côté,7,2,2,0,1,1,1,0,1,50,,2,1,0,0,1,57.0,33.0,,,1,2,3,1,3
202100024621,2021-08-11 22:50:00,2021,8,11,22,50,13,13063,THEODORE AUBANEL BOULEVARD,43.58788,4.99948,Nuit avec éclairage allumé,En agglomération,Autre intersection,Normale,Deux véhicules - côté,4,2,2,0,1,1,1,0,1,50,,5,4,0,1,0,27.0,44.0,,,5,2,9,1,3
202100024622,2021-08-10 11:20:00,2021,8,10,11,20,12,12145,DELMAS ETIENNE,44.1055845691,3.084237434,Plein jour,En agglomération,Intersection en T,Normale,Deux véhicules - côté,3,2,2,0,1,1,1,0,1,50,,2,1,0,1,0,55.0,54.0,,,1,2,3,1,3
202100024623,2021-08-11 13:00:00,2021,8,11,13,0,07,07281,,44.9519,4.8235,Plein jour,Hors agglomération,Hors intersection,Normale,Sans collision,3,2,2,0,2,4,1,0,8,50,,1,0,0,0,1,24.0,,,,1,1,1,1,7
202100024624,2021-08-10 11:30:00,2021,8,10,11,30,06,06088,STE-MARGUERITE (AV.) (A PARTIR DU 62-63),43.68117,7.20663,Plein jour,En agglomération,Hors intersection,Normale,Autre collision,4,2,2,0,1,1,1,0,1,50,,2,1,0,0,1,76.0,,,,1,2,1,1,6
202100024625,2021-08-10 12:10:00,2021,8,10,12,10,05,05061,EMILE DIDIER ( AV ),44.565342,6.092192,Plein jour,En agglomération,Intersection en Y,Normale,Deux véhicules - arrière,2,2,2,0,1,1,1,0,1,50,,2,1,0,0,1,42.0,85.0,,,1,2,4,1,2
202100024626,2021-08-11 15:00:00,2021,8,11,15,0,75,75105,BOULEVARD DE L HOPITAL,48.841854,2.363148,Plein jour,En agglomération,Intersection en T,Normale,Deux véhicules - côté,4,2,6,0,1,1,1,0,1,30,,3,1,0,0,2,29.0,76.0,,,1,2,3,1,3
202100024627,2021-08-10 09:35:00,2021,8,10,9,35,75,75116,ALLEE DE LA REINE MARGUERITE,48.85852,2.24481,Plein jour,En agglomération,Intersection en X,Pluie légère,Deux véhicules - côté,4,2,2,0,1,1,2,0,1,50,,2,1,0,0,1,16.0,21.0,,,1,2,2,2,3
202100024628,2021-08-11 09:01:00,2021,8,11,9,1,75,75114,BOULEVARD ARAGO,48.834654,2.338221,Plein jour,En agglomération,Intersection en T,Normale,Deux véhicules - côté,4,2,4,1,1,1,1,0,5,50,,2,1,0,0,1,31.0,49.0,,,1,2,3,1,3
202100024629,2021-08-11 06:40:00,2021,8,11,6,40,75,75113,QUAI D AUSTERLITZ,48.837945,2.373266,Plein jour,En agglomération,Intersection en T,Normale,Deux véhicules - côté,4,2,4,1,1,1,1,0,5,50,,2,1,0,0,1,43.0,47.0,,,1,2,3,1,3
202100024630,2021-08-10 23:15:00,2021,8,10,23,15,75,75109,RUE DE CLICHY,48.878136,2.330116,Nuit avec éclairage allumé,En agglomération,Intersection en T,Normale,Deux véhicules - côté,4,1,2,3,2,1,1,0,6,50,,2,1,0,0,1,19.0,41.0,,,5,2,3,1,3
202100024631,2021-08-11 16:04:00,2021,8,11,16,4,75,75101,RUE DE RIVOLI,48.8663882209,2.3234843574,Plein jour,En agglomération,Intersection en X,Normale,Autre collision,4,1,1,1,1,1,1,0,1,30,,2,1,0,0,1,73.0,,,,1,2,2,1,6
202100024632,2021-08-11 00:15:00,2021,8,11,0,15,75,75104,QUAI DES CELESTINS,48.853355,2.357813,Nuit avec éclairage allumé,En agglomération,Intersection en X,Pluie légère,Deux véhicules - arrière,4,2,4,0,1,1,2,0,1,50,,3,1,0,0,2,27.0,24.0,,,5,2,2,2,2
202100024633,2021-08-11 16:45:00,2021,8,11,16,45,75,75104,RUE CRILLON,48.849514,2.36565,Plein jour,En agglomération,Intersection en X,Normale,Deux véhicules - côté,4,1,1,0,1,1,1,0,1,50,,2,1,0,0,1,71.0,27.0,,,1,2,2,1,3
202100024634,2021-08-11 17:00:00,2021,8,11,17,0,94,94081,HUIT MAI 1945 (AV DU),48.78439,2.39789,Plein jour,En agglomération,Hors intersection,Normale,Autre collision,4,-1,2,0,1,1,1,0,8,50,,2,1,0,0,1,24.0,,,,1,2,1,1,6
202100024635,2021-08-09 13:20:00,2021,8,9,13,20,94,94068,MAURICE BERTEAUX (BD),48.81093,2.46945,Plein jour,En agglomération,Intersection en X,Normale,Autre collision,3,3,4,0,1,1,1,0,1,50,,2,1,0,0,1,39.0,,,,1,2,2,1,6
202100024636,2021-08-11 03:46:00,2021,8,11,3,46,94,94016,GABRIEL PERI (R),48.79227,2.34391,Nuit avec éclairage allumé,En agglomération,Intersection en T,Normale,Autre collision,3,3,2,0,2,3,1,0,3,50,,2,1,0,0,1,70.0,,,,5,2,3,1,6
202100024637,2021-08-10 19:00:00,2021,8,10,19,0,94,94076,PAUL VAILLANT COUTURIER (AV),48.79447,2.35858,Plein jour,En agglomération,Intersection en T,Normale,Deux véhicules - côté,3,2,2,0,1,1,1,0,1,50,,2,0,0,1,1,33.0,31.0,,,1,2,3,1,3
202100024638,2021-08-11 22:50:00,2021,8,11,22,50,93,93072,AMELIE (RUE),48.96569,2.38527,Nuit avec éclairage allumé,En agglomération,Autre intersection,Normale,Autre collision,4,1,1,0,1,1,1,0,1,50,,5,2,0,0,3,22.0,,,,5,2,9,1,6
202100024639,2021-08-11 05:20:00,2021,8,11,5,20,93,93066,Avenue Roger Sémat / Avenue Lénine,48.947045,2.357426,Nuit avec éclairage allumé,En agglomération,Intersection en X,Normale,Autre collision,3,2,2,0,2,3,1,0,1,50,,2,0,0,0,2,30.0,,,,5,2,2,1,6
202100024640,2021-08-11 22:20:00,2021,8,11,22,20,92,92051,RICHARD WALLACE (BOULEVARD),48.8757143571,2.2485467792,Nuit avec éclairage allumé,En agglomération,Hors intersection,Normale,Deux véhicules - arrière,4,2,4,0,2,1,1,9,1,50,,2,1,0,0,1,53.0,24.0,,,5,2,1,1,2
202100024641,2021-08-11 15:55:00,2021,8,11,15,55,92,92050,CLEMENCEAU GEORGES AVENUE N°IMPAIR,48.8864939027,2.2089990982,Plein jour,En agglomération,Intersection à plus de 4 branches,Normale,Autre collision,3,2,4,0,1,1,1,0,1,50,,2,1,0,1,0,21.0,,,,1,2,5,1,6
202100024642,2021-08-11 09:10:00,2021,8,11,9,10,92,92050,PONS NOEL RUE,48.90402,2.2187,Plein jour,En agglomération,Intersection en T,Normale,Deux véhicules - côté,3,1,4,0,1,1,1,5,1,50,,2,0,0,0,2,24.0,37.0,,,1,2,3,1,3
202100024643,2021-08-10 23:00:00,2021,8,10,23,0,92,92062,PARVIS (LE),48.891829,2.237806,Nuit avec éclairage allumé,En agglomération,Autre intersection,Normale,Deux véhicules - frontale,9,-1,0,0,1,1,1,0,8,20,,2,0,0,2,0,26.0,17.0,,,5,2,9,1,1
202100024644,2021-08-11 08:15:00,2021,8,11,8,15,92,92025,GABRIEL PERI (RUE),48.918070493,2.2385330919,Plein jour,En agglomération,Intersection en T,Normale,Deux véhicules - côté,4,2,2,0,1,1,1,0,1,50,,2,1,0,0,1,35.0,20.0,,,1,2,3,1,3
202100024645,2021-08-10 11:00:00,2021,8,10,11,0,92,92024,VICTOR HUGO (BD),48.8988810419,2.3127839502,Plein jour,En agglomération,Intersection en T,Normale,Deux véhicules - côté,3,2,4,0,1,1,1,0,1,50,,2,1,0,0,1,25.0,43.0,,,1,2,3,1,3
202100024646,2021-07-30 16:05:00,2021,7,30,16,5,92,92024,CLICHY (QUAI DE) DE (8 A 60),48.9039598051,2.2907553613,Plein jour,En agglomération,Hors intersection,Normale,Trois véhicules et plus - collisions multiples,3,2,4,0,1,1,1,0,1,50,,5,3,0,0,2,61.0,31.0,,,1,2,1,1,5
202100024647,2021-07-01 17:00:00,2021,7,1,17,0,92,92004,VOLTAIRE  ( BD 01 A 15 ),48.916567738,2.2890213132,Plein jour,En agglomération,Intersection en T,Normale,Deux véhicules - côté,3,2,2,2,1,1,1,0,5,50,,2,1,0,0,1,48.0,53.0,,,1,2,3,1,3
202100024648,2021-08-12 14:45:00,2021,8,12,14,45,50,50117,La Hoguelle,48.736306,-1.550092,Plein jour,Hors agglomération,Hors intersection,Normale,Deux véhicules - arrière,3,-1,2,0,1,4,1,0,1,80,,2,1,0,1,0,42.0,63.0,,,1,1,1,1,2
202100024649,2021-08-03 06:50:00,2021,8,3,6,50,40,40304,Avenue du Touring Club,43.657227,-1.429081,Crépuscule ou aube,En agglomération,Intersection en X,Normale,Deux véhicules - côté,4,1,1,0,1,1,1,0,1,30,,3,2,0,1,0,17.0,53.0,,,2,2,2,1,3
202100024650,2021-08-12 15:35:00,2021,8,12,15,35,10,10282,Ferme de la Malmaison,48.365053,3.969626,Plein jour,Hors agglomération,Intersection en Y,Normale,Deux véhicules - côté,3,2,4,0,1,3,1,5,1,90,,2,0,1,0,1,85.0,21.0,,,1,1,4,1,3
202100024651,2021-08-11 17:30:00,2021,8,11,17,30,974,97405,N2,-21.367997,55.563172,Crépuscule ou aube,Hors agglomération,Hors intersection,Normale,Deux véhicules - arrière,2,2,3,0,2,1,1,0,1,80,,2,1,0,0,1,23.0,23.0,,,2,1,1,1,2
202100024652,2021-08-11 17:50:00,2021,8,11,17,50,972,97225,Boulevard Saint-Léger Lalun (Chemin piéton),14.744814,-61.176513,Plein jour,En agglomération,Hors intersection,Normale,Deux véhicules - arrière,2,1,1,0,1,1,1,0,1,50,,2,1,0,0,1,41.0,34.0,,,1,2,1,1,2
202100024653,2021-08-12 16:00:00,2021,8,12,16,0,23,23245,Le Monteil,46.187229,1.824138,Plein jour,Hors agglomération,Hors intersection,Pluie forte,Autre collision,3,2,2,0,1,3,2,0,3,90,,3,1,0,2,0,18.0,64.0,,,1,1,1,3,6
202100024654,2021-08-11 08:15:00,2021,8,11,8,15,46,46206,D7,44.284951,1.202939,Plein jour,Hors agglomération,Hors intersection,Normale,Autre collision,3,2,2,0,1,1,1,0,3,50,,1,0,0,0,1,18.0,,,,1,1,1,1,6
202100024655,2021-08-11 11:10:00,2021,8,11,11,10,42,42253,615 Route de Roanne,46.039504,4.01506,Plein jour,En agglomération,Hors intersection,Normale,Deux véhicules - arrière,3,2,2,0,1,1,1,0,1,50,,2,1,0,1,0,16.0,60.0,,,1,2,1,1,2
202100024656,2021-08-12 02:00:00,2021,8,12,2,0,25,25156,A36,47.409303,6.501358,Nuit sans éclairage public,Hors agglomération,Hors intersection,Normale,Sans collision,1,1,2,0,1,1,1,0,2,130,,3,2,0,1,0,52.0,43.0,,,3,1,1,1,7
202100024657,2021-08-12 08:10:00,2021,8,12,8,10,50,50214,A84,48.93437,-1.071424,Plein jour,Hors agglomération,Hors intersection,Normale,Trois véhicules et plus - en chaîne,1,3,4,0,2,3,1,0,1,110,,3,1,2,0,0,47.0,52.0,,,1,1,1,1,4
202100024658,2021-08-12 11:05:00,2021,8,12,11,5,34,34169,D.17,43.668524,3.868282,Plein jour,Hors agglomération,Hors intersection,Normale,Deux véhicules - arrière,7,2,2,2,1,1,1,0,5,70,,2,1,1,0,0,58.0,70.0,,,1,1,1,1,2
202100024659,2021-08-11 03:20:00,2021,8,11,3,20,31,31157,Route de Tournefeuille,43.542374,1.338176,Nuit avec éclairage allumé,En agglomération,Hors intersection,Normale,Autre collision,7,2,2,0,1,1,1,0,4,50,,1,0,0,1,0,31.0,,,,5,2,1,1,6
202100024660,2021-08-11 05:45:00,2021,8,11,5,45,71,71263,Place Saint-Jean,46.6297457278,5.2254213683,Crépuscule ou aube,En agglomération,Intersection en X,Normale,Autre collision,3,2,3,0,1,1,1,0,1,50,,2,1,0,1,0,16.0,51.0,,,2,2,2,1,6
202100024661,2021-08-06 22:46:00,2021,8,6,22,46,71,71202,D906,46.8478352948,4.8089702235,Nuit avec éclairage non allumé,Hors agglomération,Intersection en T,Normale,Deux véhicules - arrière,3,2,1,0,1,1,1,0,1,80,,2,1,0,1,0,23.0,32.0,,,4,1,3,1,2
202100024662,2021-08-11 09:45:00,2021,8,11,9,45,35,35224,Rue de la Croix du Fresne,48.521272,-1.848206,Plein jour,En agglomération,Intersection en X,Temps éblouissant,Deux véhicules - côté,3,2,2,0,1,1,1,5,1,50,,2,1,0,0,1,37.0,22.0,,,1,2,2,7,3
202100024663,2021-08-11 16:40:00,2021,8,11,16,40,14,14403,D143A,49.13886,0.37265,Plein jour,En agglomération,Place,Normale,Autre collision,3,2,2,0,1,3,1,0,4,50,,2,0,0,1,1,25.0,,,,1,2,7,1,6
202100024664,2021-08-12 11:00:00,2021,8,12,11,0,14,14203,D400 ,49.23049,-0.086389,Plein jour,Hors agglomération,Intersection en T,Normale,Deux véhicules - côté,1,2,2,-1,1,2,1,3,1,-1,,2,1,0,1,0,77.0,64.0,,,1,1,3,1,3
202100024665,2021-08-12 12:05:00,2021,8,12,12,5,60,60481,D123,49.289732,2.84531,Plein jour,Hors agglomération,Intersection en T,Normale,Deux véhicules - côté,3,2,2,0,1,1,1,0,1,80,,3,0,0,1,2,34.0,75.0,,,1,1,3,1,3