accident_id,datetime,annee,mois,jour,heure,minute,departement,commune_insee,adresse,latitude,longitude,luminosite,agglomeration,intersection,meteo,collision,catr,circ,nbv,vosp,prof,plan,surf,infra,situ,vma,nb_vehicules,nb_usagers,nb_indemnes,nb_tues,nb_blesses_hosp,nb_blesses_legers,age_cond_1,age_cond_2,veh_type_cond_1,veh_type_cond_2,lum_code,agg_code,int_code,atm_code,col_code
202100024666,2021-08-09 13:05:00,2021,8,9,13,5,45,45234,Route de Concyr,47.8196713444,1.9467618513,Plein jour,En agglomération,Intersection en T,Normale,Deux véhicules - frontale,7,2,2,0,2,1,1,8,1,50,,2,1,0,0,1,18.0,67.0,,,1,2,3,1,1
202100024667,2021-08-11 08:50:00,2021,8,11,8,50,10,10033,5 Rue du Jard,48.235657,4.701982,Plein jour,En agglomération,Hors intersection,Normale,Autre collision,6,-1,-1,3,1,1,1,6,8,-1,,3,1,0,0,2,27.0,,,,1,2,1,1,6
202100024668,2021-08-11 10:30:00,2021,8,11,10,30,16,16003,Lieu-dit Le Pont d'Agris,45.78467,0.342148,Plein jour,En agglomération,Hors intersection,Normale,Deux véhicules - arrière,3,2,2,0,1,1,1,0,1,50,,2,1,0,1,0,64.0,,,,1,2,1,1,2
202100024669,2021-08-12 14:05:00,2021,8,12,14,5,24,24404,D710,44.996285,0.887983,Plein jour,Hors agglomération,Hors intersection,Pluie légère,Deux véhicules - frontale,3,2,2,0,2,3,2,0,1,90,,3,0,0,0,3,52.0,37.0,,,1,1,1,2,1
202100024670,2021-08-12 09:45:00,2021,8,12,9,45,04,04022,RN 202 / RD 469,43.959376,6.432377,Plein jour,Hors agglomération,Intersection en T,Normale,Deux véhicules - frontale,2,2,2,0,1,1,1,0,1,80,,4,0,0,1,3,71.0,87.0,,,1,1,3,1,1
202100024671,2021-08-11 16:00:00,2021,8,11,16,0,85,85288,Rue du Port de la Guittière,46.457229,-1.620199,Plein jour,En agglomération,Hors intersection,Normale,Deux véhicules - côté,3,2,2,0,2,1,1,0,1,50,,2,1,0,0,1,47.0,52.0,,,1,2,1,1,3
202100024672,2021-08-11 15:50:00,2021,8,11,15,50,28,28232,6 Route de Senonches,48.537374,0.942031,Plein jour,Hors agglomération,Hors intersection,Normale,Autre collision,3,2,2,0,1,2,1,0,8,80,,1,0,0,1,0,66.0,,,,1,1,1,1,6
202100024673,2021-08-07 17:35:00,2021,8,7,17,35,37,37270,Rue de la Meslerie,47.4414315292,0.8443662375,Plein jour,Hors agglomération,Intersection en X,Normale,Deux véhicules - côté,4,2,1,0,1,1,1,0,1,80,,5,3,0,0,2,27.0,41.0,,,1,1,2,1,3
202100024674,2021-08-12 13:19:00,2021,8,12,13,19,67,67115,A35,48.309488,7.47654,Plein jour,Hors agglomération,Hors intersection,Normale,Trois véhicules et plus - en chaîne,1,1,4,0,1,1,1,8,1,70,,13,9,0,1,3,36.0,78.0,,,1,1,1,1,4
202100024675,2021-08-12 04:50:00,2021,8,12,4,50,67,67155,A35 PK 424.600,48.400845,7.477355,Nuit sans éclairage public,Hors agglomération,Hors intersection,Normale,Autre collision,1,3,4,0,1,1,1,0,1,130,,3,1,1,1,0,19.0,34.0,,,3,1,1,1,6
202100024676,2021-08-11 18:40:00,2021,8,11,18,40,56,56173,L'Alé Fau,47.953353,-2.999659,Plein jour,Hors agglomération,Intersection en X,Normale,Deux véhicules - côté,4,2,2,0,2,1,1,5,1,70,,9,6,0,0,3,18.0,74.0,,,1,1,2,1,3
202100024677,2021-08-12 16:00:00,2021,8,12,16,0,13,13032,Route de Pelissanne,43.587976,5.291505,Plein jour,Hors agglomération,Hors intersection,Normale,Sans collision,7,2,2,0,1,1,1,0,3,80,,2,0,0,0,2,59.0,,,,1,1,1,1,7
202100024678,2021-08-12 09:30:00,2021,8,12,9,30,988,98827,Village de Népoui,-21.329286,164.994553,Plein jour,En agglomération,Hors intersection,Temps éblouissant,Autre collision,4,2,2,0,1,1,1,0,4,30,,2,0,1,1,0,20.0,,,,1,2,1,7,6
202100024679,2021-08-12 08:25:00,2021,8,12,8,25,973,97312,nationnale 1,5.380867,-52.979808,Plein jour,Hors agglomération,Hors intersection,Normale,Sans collision,2,2,2,0,1,2,1,0,3,80,,5,0,0,2,3,35.0,,,,1,1,1,1,7
202100024680,2021-08-12 08:45:00,2021,8,12,8,45,28,28073,D28,48.499819,1.679535,Plein jour,Hors agglomération,Hors intersection,Normale,Deux véhicules - frontale,3,2,2,0,1,1,1,0,1,80,,2,1,0,1,0,58.0,36.0,,,1,1,1,1,1
202100024681,2021-08-11 19:14:00,2021,8,11,19,14,45,45340,Route de Vannes sur Cossons,47.689399,2.312096,Plein jour,Hors agglomération,Hors intersection,Normale,Deux véhicules - côté,4,2,1,0,1,1,1,0,1,80,,4,2,0,0,2,16.0,16.0,,,1,1,1,1,3
202100024682,2021-08-07 02:50:00,2021,8,7,2,50,34,34209,D 612,43.313906,3.350653,Nuit sans éclairage public,Hors agglomération,Hors intersection,Normale,Sans collision,3,2,3,0,1,1,1,0,3,90,,4,3,0,1,0,22.0,,,,3,1,1,1,7
202100024683,2021-08-12 13:15:00,2021,8,12,13,15,83,83119,Route des Plages,43.254994,6.637392,Plein jour,En agglomération,Hors intersection,Normale,Deux véhicules - côté,3,2,2,1,1,1,1,0,1,50,,2,1,0,1,0,23.0,47.0,,,1,2,1,1,3
202100024684,2021-08-12 09:15:00,2021,8,12,9,15,83,83107,Corniche des Issambres,43.341833585,6.6929622513,Plein jour,En agglomération,Hors intersection,Normale,Deux véhicules - arrière,3,2,2,0,1,1,1,0,1,30,,2,1,0,1,0,47.0,36.0,,,1,2,1,1,2
202100024685,2021-08-11 11:00:00,2021,8,11,11,0,13,13096,D38c,43.546106,4.3505,Plein jour,Hors agglomération,Hors intersection,Normale,Deux véhicules - arrière,3,2,2,0,2,1,1,2,1,50,,3,1,0,0,2,44.0,46.0,,,1,1,1,1,2
202100024686,2021-08-12 10:45:00,2021,8,12,10,45,26,26002,Autoroute 7,45.258384,4.836344,Plein jour,Hors agglomération,Hors intersection,Normale,Deux véhicules - côté,1,3,3,0,1,1,1,0,1,130,,6,2,0,1,3,65.0,34.0,,,1,1,1,1,3
202100024687,2021-08-12 08:00:00,2021,8,12,8,0,25,25043,5 Rue du Général de Gaulle,47.49468,6.771814,Plein jour,En agglomération,Hors intersection,Normale,Deux véhicules - frontale,3,2,2,0,1,3,1,0,1,50,,3,2,0,1,0,33.0,59.0,,,1,2,1,1,1
202100024688,2021-08-12 17:30:00,2021,8,12,17,30,26,26064,Avenue de Romans,44.910435,5.019642,Plein jour,En agglomération,Hors intersection,Normale,Deux véhicules - frontale,3,2,2,0,1,3,1,0,1,80,,2,0,1,1,0,59.0,68.0,,,1,2,1,1,1
202100024689,2021-08-11 14:45:00,2021,8,11,14,45,81,81090,LA TOUR,43.858947,2.075515,Plein jour,Hors agglomération,Hors intersection,Normale,Sans collision,3,2,2,0,2,2,1,0,3,80,,2,0,0,2,0,50.0,,,,1,1,1,1,7
202100024690,2021-08-12 18:00:00,2021,8,12,18,0,81,81116,D47,43.698969,1.852376,Plein jour,Hors agglomération,Hors intersection,Normale,Autre collision,3,2,2,0,1,1,1,0,3,70,,1,0,1,0,0,42.0,,,,1,1,1,1,6
202100024691,2021-08-11 14:25:00,2021,8,11,14,25,19,19146,D58,45.3126776949,1.7701774835,Plein jour,En agglomération,Autre intersection,Normale,Deux véhicules - côté,3,2,2,0,2,2,1,0,1,50,,2,0,0,1,1,16.0,16.0,,,1,2,9,1,3
202100024692,2021-08-11 14:00:00,2021,8,11,14,0,17,17452,D25,45.757186,-1.219069,Plein jour,Hors agglomération,Hors intersection,Normale,Autre collision,3,2,2,0,3,2,1,0,3,70,,1,0,0,1,0,23.0,,,,1,1,1,1,6
202100024693,2021-08-11 17:15:00,2021,8,11,17,15,40,40063,589 Route de Montfort,43.711387,-0.974715,Plein jour,En agglomération,Hors intersection,Normale,Deux véhicules - côté,3,2,2,0,1,1,1,0,1,50,,2,1,0,1,0,38.0,20.0,,,1,2,1,1,3
202100024694,2021-08-11 17:35:00,2021,8,11,17,35,33,33449,Rue Albert Menaut,44.893711,-0.71773,Plein jour,En agglomération,Hors intersection,Normale,Deux véhicules - côté,4,1,0,1,1,1,1,0,6,20,,2,1,0,0,1,29.0,33.0,,,1,2,1,1,3
202100024695,2021-08-12 17:18:00,2021,8,12,17,18,60,60628,D94,49.4169202176,2.1728253365,Plein jour,Hors agglomération,Hors intersection,Normale,Sans collision,2,3,4,0,1,1,1,9,1,110,,2,1,0,0,1,,49.0,,,1,1,1,1,7
202100024696,2021-08-10 22:30:00,2021,8,10,22,30,13,13202,A55-Sens Marseille vers Martigues,43.31083,5.36911,Nuit avec éclairage allumé,Hors agglomération,Hors intersection,Normale,Deux véhicules - arrière,1,1,2,0,2,2,1,3,1,70,,3,1,0,0,2,,28.0,,,5,1,1,1,2
202100024697,2021-08-11 19:50:00,2021,8,11,19,50,91,91617,RN 104,48.642,2.533,Plein jour,Hors agglomération,Hors intersection,Normale,Autre collision,2,2,6,0,1,1,1,0,1,70,,2,1,0,0,1,34.0,,,,1,1,1,1,6
202100024698,2021-08-11 17:05:00,2021,8,11,17,5,94,94043,AUTOROUTE A6B,48.8083944082,2.3479803478,Plein jour,Hors agglomération,Hors intersection,Normale,Trois véhicules et plus - en chaîne,1,2,4,0,1,1,1,1,1,70,,5,4,0,0,1,41.0,22.0,,,1,1,1,1,4
202100024699,2021-08-11 17:30:00,2021,8,11,17,30,92,92064,A13,48.8405738553,2.2205005028,Plein jour,Hors agglomération,Hors intersection,Normale,Trois véhicules et plus - en chaîne,1,3,4,0,1,1,1,0,1,110,,5,3,0,0,2,23.0,44.0,,,1,1,1,1,4
202100024700,2021-08-11 00:20:00,2021,8,11,0,20,95,95572, A15,49.03178,2.11693,Nuit sans éclairage public,Hors agglomération,Hors intersection,Normale,Deux véhicules - arrière,1,3,11,0,1,1,1,0,1,90,,2,1,0,0,1,27.0,22.0,,,3,1,1,1,2
202100024701,2021-08-11 14:30:00,2021,8,11,14,30,94,94052,A4,48.82647,2.46656,Plein jour,Hors agglomération,Hors intersection,Normale,Deux véhicules - arrière,1,-1,3,0,1,1,1,0,1,90,,2,1,0,0,1,24.0,41.0,,,1,1,1,1,2
202100024702,2021-08-11 12:00:00,2021,8,11,12,0,94,94046,A86 EXT,48.8107024269,2.4491754571,Plein jour,Hors agglomération,Hors intersection,Normale,Autre collision,1,-1,3,0,1,1,1,0,1,90,,1,0,0,0,1,25.0,,,,1,1,1,1,6
202100024703,2021-01-29 17:35:00,2021,1,29,17,35,78,78158,,48.829051,2.117521,Nuit avec éclairage allumé,En agglomération,Giratoire,Normale,Autre collision,4,2,-1,-1,1,1,1,5,1,50,,2,1,0,1,0,36.0,,,,5,2,6,1,6
202100024704,2021-08-09 20:55:00,2021,8,9,20,55,976,97611,m'tsapere-Belle vue ( rue ),-12.7839,45.22037,Nuit avec éclairage allumé,En agglomération,Hors intersection,Normale,Autre collision,4,2,2,0,1,1,1,0,1,50,,2,0,0,1,1,26.0,,,,5,2,1,1,6
202100024705,2021-08-09 20:40:00,2021,8,9,20,40,71,71076,AMSTERDAM (RUE D'),46.7843,4.8643,Plein jour,En agglomération,Hors intersection,Normale,Autre collision,4,2,2,0,1,1,1,5,1,50,,2,1,0,0,1,53.0,,,,1,2,1,1,6
202100024706,2021-08-09 19:30:00,2021,8,9,19,30,21,21231,BOURGES (DE) (RUE),47.3204308999,5.0044842031,Crépuscule ou aube,En agglomération,Intersection en T,Normale,Autre collision,4,2,2,0,1,1,1,0,1,50,,2,1,0,0,1,,,,,2,2,3,1,6
202100024707,2021-08-10 19:15:00,2021,8,10,19,15,06,06088,CESSOLE (BD DE) (JUSQU'AU N° 93-110),43.7126709538,7.2552640736,Plein jour,En agglomération,Intersection en T,Normale,Deux véhicules - côté,4,2,2,3,2,1,1,9,1,50,,2,1,0,1,0,38.0,66.0,,,1,2,3,1,3
202100024708,2021-08-10 14:50:00,2021,8,10,14,50,92,92025,GABRIEL PERI (RUE),48.918242,2.23895,Plein jour,En agglomération,Place,Normale,Trois véhicules et plus - collisions multiples,4,2,4,0,1,1,1,0,1,50,,3,2,0,0,1,21.0,28.0,,,1,2,7,1,5
202100024709,2021-08-10 17:30:00,2021,8,10,17,30,974,97416,BASSIN PLAT(CHEMIN),-21.32979,55.4975,Plein jour,Hors agglomération,Hors intersection,Normale,Sans collision,4,2,2,0,1,2,1,0,1,50,,1,0,0,1,0,25.0,,,,1,1,1,1,7
202100024710,2021-08-10 15:40:00,2021,8,10,15,40,974,97411,MACE (ROUTE GABRIEL),-20.9072,55.50393,Plein jour,En agglomération,Hors intersection,Normale,Deux véhicules - côté,4,2,2,0,2,1,1,0,1,50,,2,1,0,0,1,37.0,38.0,,,1,2,1,1,3
202100024711,2021-08-10 15:00:00,2021,8,10,15,0,974,97411,LECLERC (DU MARECHAL),-20.87967,55.45582,Plein jour,En agglomération,Hors intersection,Normale,Deux véhicules - côté,4,2,2,0,2,1,1,0,1,50,,2,1,0,0,1,17.0,54.0,,,1,2,1,1,3
202100024712,2021-08-10 08:30:00,2021,8,10,8,30,973,97302,FLAMBOYANTS (RUE DES),4.9219348012,-52.3219794631,Plein jour,En agglomération,Hors intersection,Pluie légère,Sans collision,4,2,2,0,1,1,2,0,1,50,,2,0,0,0,2,18.0,,,,1,2,1,2,7
202100024713,2021-08-09 19:45:00,2021,8,9,19,45,69,69259,VIENNE (DE) (RTE),45.7181554681,4.8546051979,Plein jour,En agglomération,Hors intersection,Normale,Deux véhicules - côté,4,2,2,0,1,1,1,0,1,50,,3,1,0,2,0,17.0,34.0,,,1,2,1,1,3
202100024714,2021-08-10 10:00:00,2021,8,10,10,0,972,97209,ISAMBERT (RUE),14.604165,-61.072049,Plein jour,En agglomération,Hors intersection,Normale,Autre collision,4,1,1,0,1,1,1,0,1,50,,2,1,0,0,1,21.0,,,,1,2,1,1,6
202100024715,2021-08-10 09:10:00,2021,8,10,9,10,972,97209,FRANTZ FANON (AVENUE),14.60525,-61.08446,Plein jour,En agglomération,Hors intersection,Normale,Autre collision,4,1,1,0,1,1,1,0,1,50,,2,1,0,0,1,60.0,,,,1,2,1,1,6
202100024716,2021-08-10 21:27:00,2021,8,10,21,27,2B,2B033,AV DE LA LIBERATION,42.67956,9.44336,Nuit avec éclairage allumé,En agglomération,Intersection en T,Normale,Deux véhicules - côté,4,2,3,0,2,1,1,5,8,50,,3,1,0,0,2,26.0,19.0,,,5,2,3,1,3
202100024717,2021-08-10 16:43:00,2021,8,10,16,43,2B,2B120,11 - RT,42.636162,9.438596,Plein jour,Hors agglomération,Hors intersection,Normale,Deux véhicules - arrière,2,3,4,0,1,1,1,0,1,90,,4,1,0,1,2,20.0,49.0,,,1,1,1,1,2
202100024718,2021-08-10 00:25:00,2021,8,10,0,25,91,91692,OCEANIE (AVENUE DE L'),48.67591,2.19439,Nuit sans éclairage public,Hors agglomération,Giratoire,Normale,Autre collision,3,1,2,0,1,3,1,5,3,70,,3,0,0,1,2,25.0,,,,3,1,6,1,6
202100024719,2021-08-09 12:55:00,2021,8,9,12,55,91,91201,RUE CHARLES MORY,48.68349,2.43204,Plein jour,En agglomération,Intersection en X,Normale,Trois véhicules et plus - collisions multiples,3,2,2,-1,1,1,1,0,1,-1,,4,0,0,0,4,27.0,,,,1,2,2,1,5
202100024720,2021-08-10 16:35:00,2021,8,10,16,35,91,91433,R.D. 20,48.46332,2.18025,Plein jour,Hors agglomération,Hors intersection,Normale,Deux véhicules - arrière,3,2,4,0,1,1,1,0,1,50,,2,1,0,1,0,58.0,29.0,,,1,1,1,1,2
202100024721,2021-08-09 16:12:00,2021,8,9,16,12,87,87085,GIFFARD (RUE HENRI),45.87021,1.2681,Plein jour,En agglomération,Hors intersection,Normale,Autre collision,4,3,4,0,1,1,1,0,1,50,,2,1,0,1,0,,,,,1,2,1,1,6
202100024722,2021-08-10 14:25:00,2021,8,10,14,25,86,86194,Avenue John Kennedy,46.588094,0.363415,Plein jour,En agglomération,Autre intersection,Normale,Deux véhicules - frontale,3,-1,2,0,1,2,1,0,1,50,,2,0,0,0,2,39.0,65.0,,,1,2,9,1,1
202100024723,2021-08-10 08:40:00,2021,8,10,8,40,83,83137,GASQUET (AVE JOSEPH DE 1408 A FIN,43.122035,5.973509,Plein jour,En agglomération,Intersection en Y,Normale,Deux véhicules - côté,4,2,2,0,1,1,1,0,1,50,,2,1,0,0,1,57.0,26.0,,,1,2,4,1,3
202100024724,2021-08-10 13:55:00,2021,8,10,13,55,72,72181,PIFFAULT PIERRE (AV) BESSEMER A MONNIER,47.97859,0.17,Plein jour,En agglomération,Autre intersection,Normale,Deux véhicules - côté,4,2,2,0,1,1,1,0,1,50,,2,1,0,0,1,24.0,30.0,,,1,2,9,1,3
202100024725,2021-08-09 18:35:00,2021,8,9,18,35,67,67218,ALAMANS (RUE DES),48.53726,7.73258,Plein jour,En agglomération,Intersection en T,Normale,Deux véhicules - côté,4,2,2,0,1,1,1,0,1,30,,2,1,0,0,1,21.0,23.0,,,1,2,3,1,3
202100024726,2021-08-09 11:00:00,2021,8,9,11,0,67,67482,EGLISE ROUGE (RUE DE L ),48.59265,7.74586,Plein jour,En agglomération,Hors intersection,Normale,Deux véhicules - côté,4,4,1,1,1,3,1,0,1,50,,2,1,0,0,1,32.0,32.0,,,1,2,1,1,3
202100024727,2021-08-09 17:12:00,2021,8,9,17,12,66,66136,ESPAGNE (ROUTE D'),42.67438,2.88806,Plein jour,En agglomération,Hors intersection,Normale,Trois véhicules et plus - en chaîne,4,1,5,0,1,1,1,0,1,50,,4,2,0,1,1,14.0,55.0,,,1,2,1,1,4
202100024728,2021-08-09 12:44:00,2021,8,9,12,44,66,66136,BOURRAT BOULEVARD JEAN,42.7005803779,2.9024824202,Plein jour,En agglomération,Intersection en T,Normale,Autre collision,4,2,3,0,1,1,1,0,1,50,,3,1,0,1,1,19.0,,,,1,2,3,1,6
202100024729,2021-08-10 17:20:00,2021,8,10,17,20,65,65100,MONTAIGU (RUE DU),43.25828,0.03957,Plein jour,En agglomération,Giratoire,Normale,Deux véhicules - côté,3,2,2,0,1,1,1,5,1,50,,2,1,0,0,1,30.0,36.0,,,1,2,6,1,3
202100024730,2021-08-10 18:43:00,2021,8,10,18,43,64,64483,LAYATS (AVENUE DE),43.39902,-1.64029,Plein jour,En agglomération,Place,Normale,Deux véhicules - côté,3,2,2,0,1,1,1,0,1,50,,2,1,0,0,1,46.0,21.0,,,1,2,7,1,3
202100024731,2021-08-10 23:35:00,2021,8,10,23,35,64,64102,Chemin de Jupiter,43.48023,-1.45248,Nuit avec éclairage allumé,En agglomération,Hors intersection,Normale,Sans collision,4,-1,2,0,1,1,1,0,1,30,,2,0,0,1,1,35.0,,,,5,2,1,1,7
202100024732,2021-08-09 11:10:00,2021,8,9,11,10,63,63113,SAINT ALYRE (RUE),45.78651,3.08117,Plein jour,En agglomération,Hors intersection,Normale,Autre collision,6,-1,0,0,1,1,1,9,8,30,,2,1,0,0,1,32.0,,,,1,2,1,1,6
202100024733,2021-08-05 07:55:00,2021,8,5,7,55,63,63113,LAVOISIERS (BD),45.78728,3.08322,Plein jour,En agglomération,Intersection en T,Normale,Deux véhicules - côté,4,2,2,0,1,2,1,0,1,50,,2,1,0,0,1,24.0,48.0,,,1,2,3,1,3
202100024734,2021-08-09 13:30:00,2021,8,9,13,30,59,59350,FAUBOURG D'ARRAS RUE,50.60812,3.059553,Plein jour,En agglomération,Hors intersection,Pluie forte,Deux véhicules - côté,4,2,2,0,1,1,2,0,1,50,,2,1,0,0,1,23.0,25.0,,,1,2,1,3,3
202100024735,2021-08-10 18:20:00,2021,8,10,18,20,54,54547,DOUMER (AVENUE PAUL),48.6749163779,6.1872406304,Plein jour,En agglomération,Hors intersection,Normale,Deux véhicules - côté,4,2,2,0,1,1,1,0,1,30,,2,1,0,1,0,,62.0,,,1,2,1,1,3
202100024736,2021-08-10 17:00:00,2021,8,10,17,0,54,54339,SAINT MICHEL (AVENUE),48.7049920549,6.195287928,Plein jour,En agglomération,Intersection en X,Normale,Sans collision,4,3,3,0,1,1,1,0,1,50,,2,1,0,0,1,17.0,,,,1,2,2,1,7
202100024737,2021-08-09 19:20:00,2021,8,9,19,20,54,54395,SAINT DIZIER (RUE 82 ET 113 A FIN),48.687805782,6.1846809648,Plein jour,En agglomération,Hors intersection,Normale,Autre collision,4,1,2,3,1,1,1,0,1,30,,1,0,0,0,1,58.0,,,,1,2,1,1,6
202100024738,2021-08-07 01:45:00,2021,8,7,1,45,54,54329,RUE BOUTET DE MONVEL,48.6007,6.49203,Nuit avec éclairage allumé,En agglomération,Hors intersection,Normale,Autre collision,4,2,2,0,1,1,1,0,4,30,,1,0,1,0,0,63.0,,,,5,2,1,1,6
202100024739,2021-08-10 13:30:00,2021,8,10,13,30,51,51454,Avenue du Général Giraud,49.24074,4.05293,Plein jour,En agglomération,Intersection en Y,Normale,Deux véhicules - arrière,3,2,2,1,1,1,1,0,1,-1,,2,1,0,0,1,27.0,56.0,,,1,2,4,1,2
202100024740,2021-08-09 17:07:00,2021,8,9,17,7,49,49007,JAURES,47.4578145759,-0.5228403211,Plein jour,En agglomération,Intersection en T,Normale,Deux véhicules - frontale,4,2,2,0,1,1,1,0,1,30,,2,1,0,0,1,53.0,33.0,,,1,2,3,1,1
202100024741,2021-08-09 08:51:00,2021,8,9,8,51,49,49007,COUBERTIN BOULEVARD,47.46763,-0.52957,Plein jour,En agglomération,Hors intersection,Normale,Deux véhicules - côté,4,1,2,0,1,2,1,0,1,50,,2,1,0,0,1,33.0,37.0,,,1,2,1,1,3
202100024742,2021-08-10 08:20:00,2021,8,10,8,20,45,45274,2619 Route de Sandillon,47.86604,1.96381,Plein jour,Hors agglomération,Hors intersection,Normale,Deux véhicules - arrière,7,2,2,0,1,1,1,0,1,70,,2,1,0,0,1,41.0,32.0,,,1,1,1,1,2
202100024743,2021-08-10 01:15:00,2021,8,10,1,15,45,45234,D2020-PR 36+500,47.8364,1.91619,Nuit sans éclairage public,Hors agglomération,Hors intersection,Normale,Autre collision,7,3,5,0,1,1,1,0,1,90,,2,1,0,1,0,,,,,3,1,1,1,6
202100024744,2021-08-10 13:35:00,2021,8,10,13,35,45,45004,Rue du Pont d’Ardan,47.9836791334,2.825782299,Plein jour,Hors agglomération,Hors intersection,Normale,Autre collision,3,2,2,0,1,1,1,0,3,70,,1,0,0,0,1,19.0,,,,1,1,1,1,6
202100024745,2021-08-09 14:24:00,2021,8,9,14,24,42,42218,Rue des Alliés,45.4408018321,4.4118251216,Plein jour,En agglomération,Hors intersection,Normale,Deux véhicules - côté,4,2,2,0,1,1,1,0,1,50,,2,1,0,0,1,42.0,17.0,,,1,2,1,1,3
202100024746,2021-07-29 16:00:00,2021,7,29,16,0,40,40192,NAHUQUES (ALLEES DE),43.89082,-0.47356,Plein jour,En agglomération,Hors intersection,Normale,Deux véhicules - frontale,4,1,1,0,2,1,1,0,1,50,,2,1,0,0,1,19.0,,,,1,2,1,1,1
202100024747,2021-07-16 01:00:00,2021,7,16,1,0,34,34108,VAUBAN (AVENUE),43.431782,3.769192,Nuit sans éclairage public,Hors agglomération,Hors intersection,Normale,Sans collision,4,2,2,0,1,1,1,0,1,50,,1,0,0,1,0,53.0,,,,3,1,1,1,7
202100024748,2021-08-10 13:35:00,2021,8,10,13,35,33,33318,Avenue de Beutre,44.80696,-0.69294,Plein jour,En agglomération,Intersection en X,Normale,Deux véhicules - côté,4,2,-1,0,1,1,1,0,1,50,,2,1,0,0,1,39.0,29.0,,,1,2,2,1,3
202100024749,2021-08-10 15:15:00,2021,8,10,15,15,33,33063,Rue d’Enghien,44.84598,-0.57664,Plein jour,En agglomération,Intersection en X,Normale,Deux véhicules - côté,4,1,1,0,1,1,1,0,1,50,,3,2,0,0,1,21.0,53.0,,,1,2,2,1,3
202100024750,2021-08-10 11:40:00,2021,8,10,11,40,33,33281,Avenue Marcel Dassault,44.84351,-0.67296,Plein jour,En agglomération,Intersection en X,Normale,Deux véhicules - côté,1,1,-1,-1,1,1,1,3,1,-1,,2,1,0,1,0,24.0,30.0,,,1,2,2,1,3
202100024751,2021-08-10 19:25:00,2021,8,10,19,25,33,33529,Route du Lac,44.52731,-1.17088,Plein jour,En agglomération,Hors intersection,Normale,Deux véhicules - arrière,4,2,2,0,1,1,1,0,1,30,,3,2,0,0,1,22.0,43.0,,,1,2,1,1,2
202100024752,2021-08-10 17:00:00,2021,8,10,17,0,33,33009,Allée Florida,44.64959,-1.18721,Plein jour,En agglomération,Hors intersection,Normale,Autre collision,4,1,2,0,1,1,1,0,1,50,,1,0,0,0,1,58.0,,,,1,2,1,1,6
202100024753,2021-08-10 08:30:00,2021,8,10,8,30,29,29232,Boulevard de Poulguinan,47.98002,-4.12104,Plein jour,En agglomération,Hors intersection,Normale,Sans collision,4,1,1,0,2,2,2,2,1,50,,1,0,0,0,1,26.0,,,,1,2,1,1,7
202100024754,2021-08-09 21:00:00,2021,8,9,21,0,17,17415,GATERAT LIEU DIT,45.745618,-0.688075,Nuit avec éclairage allumé,Hors agglomération,Hors intersection,Normale,Deux véhicules - côté,2,2,2,0,2,1,1,9,1,80,,2,1,1,0,0,19.0,24.0,,,5,1,1,1,3
202100024755,2021-08-10 00:10:00,2021,8,10,0,10,17,17300,CHURCHILL   BOULEVARD WINSTON,46.15382,-1.18062,Nuit avec éclairage allumé,En agglomération,Giratoire,Normale,Deux véhicules - frontale,4,1,1,0,1,1,1,9,1,30,,3,1,0,0,2,19.0,19.0,,,5,2,6,1,1
202100024756,2021-08-04 16:20:00,2021,8,4,16,20,13,13202,PEYSONNEL (RUE),43.31118,5.37041,Plein jour,En agglomération,Intersection en X,Temps couvert,Deux véhicules - côté,4,1,2,1,1,1,1,0,1,50,,2,0,0,0,2,19.0,27.0,,,1,2,2,8,3
202100024757,2021-08-09 05:15:00,2021,8,9,5,15,13,13202,PEYSONNEL (RUE),43.31136,5.37046,Crépuscule ou aube,En agglomération,Intersection en X,Normale,Deux véhicules - côté,4,1,1,1,1,1,1,0,1,50,,2,1,0,0,1,29.0,31.0,,,2,2,2,1,3
202100024758,2021-07-11 03:24:00,2021,7,11,3,24,11,11069,SOUVENIR FRANCAIS -AVENUE-,43.20868,2.38151,Nuit avec éclairage allumé,En agglomération,Hors intersection,Normale,Autre collision,4,2,2,0,1,1,1,0,4,50,,3,1,0,2,0,28.0,,,,5,2,1,1,6
202100024759,2021-08-10 10:40:00,2021,8,10,10,40,09,09225,PASSERONNE CHEMIN DE LA,43.1014,1.62399,Plein jour,En agglomération,Hors intersection,Normale,Deux véhicules - côté,4,2,2,0,1,3,1,0,1,30,,2,1,0,0,1,17.0,,,,1,2,1,1,3
202100024760,2021-08-10 10:35:00,2021,8,10,10,35,07,07281,C.D. 533 (VERS LE PUY),44.92866,4.80791,Plein jour,Hors agglomération,Hors intersection,Normale,Sans collision,3,2,2,0,2,3,1,0,1,80,,1,0,0,0,1,21.0,,,,1,1,1,1,7
202100024761,2021-08-09 12:00:00,2021,8,9,12,0,75,75105,RUE MONGE,48.8466,2.35165,Plein jour,En agglomération,Intersection en X,Normale,Deux véhicules - côté,4,2,1,0,2,1,1,0,1,30,,2,1,0,0,1,24.0,26.0,,,1,2,2,1,3
202100024762,2021-08-09 22:40:00,2021,8,9,22,40,75,75120,BOULEVARD DAVOUT,48.849065,2.41149,Nuit avec éclairage allumé,En agglomération,Intersection en X,Normale,Deux véhicules - côté,4,2,2,0,1,1,1,0,1,50,,3,1,0,1,1,32.0,48.0,,,5,2,2,1,3
202100024763,2021-08-10 12:30:00,2021,8,10,12,30,75,75119,AVENUE DE LA PORTE BRUNET,48.883439,2.395789,Plein jour,En agglomération,Intersection en T,Normale,Autre collision,4,2,2,0,2,1,1,0,1,50,,2,1,0,0,1,,,,,1,2,3,1,6