accident_id,datetime,annee,mois,jour,heure,minute,departement,commune_insee,adresse,latitude,longitude,luminosite,agglomeration,intersection,meteo,collision,catr,circ,nbv,vosp,prof,plan,surf,infra,situ,vma,nb_vehicules,nb_usagers,nb_indemnes,nb_tues,nb_blesses_hosp,nb_blesses_legers,age_cond_1,age_cond_2,veh_type_cond_1,veh_type_cond_2,lum_code,agg_code,int_code,atm_code,col_code
202100024764,2021-08-10 11:35:00,2021,8,10,11,35,75,75116,AVENUE THEOPHILE GAUTIER,48.851184,2.275226,Plein jour,En agglomération,Intersection en T,Normale,Autre collision,4,2,2,0,1,2,1,0,1,50,,2,1,0,0,1,,,,,1,2,3,1,6
202100024765,2021-08-08 20:00:00,2021,8,8,20,0,75,75116,ROUTE DES TRIBUNES,48.859925,2.229539,Crépuscule ou aube,En agglomération,Hors intersection,Normale,Deux véhicules - arrière,4,2,3,0,1,1,1,0,1,50,,2,1,0,0,1,23.0,,,,2,2,1,1,2
202100024766,2021-08-08 11:11:00,2021,8,8,11,11,75,75108,PLACE DE L ALMA,48.864728,2.301652,Plein jour,En agglomération,Place,Normale,Deux véhicules - côté,4,2,6,0,1,1,1,5,1,50,,2,1,0,0,1,59.0,23.0,,,1,2,7,1,3
202100024767,2021-08-09 16:05:00,2021,8,9,16,5,75,75115,RUE DES ENTREPRENEURS,48.843173,2.29432,Plein jour,En agglomération,Hors intersection,Normale,Autre collision,4,1,1,0,1,1,1,0,1,50,,1,0,0,0,1,71.0,,,,1,2,1,1,6
202100024768,2021-08-10 14:18:00,2021,8,10,14,18,75,75113,RUE DE TOLBIAC,48.830156,2.376015,Plein jour,En agglomération,Hors intersection,Normale,Autre collision,4,2,4,0,1,1,1,0,1,50,,2,1,0,0,1,34.0,,,,1,2,1,1,6
202100024769,2021-08-09 10:40:00,2021,8,9,10,40,75,75113,PLACE D ITALIE,48.831589,2.356221,Plein jour,En agglomération,Place,Normale,Deux véhicules - arrière,4,1,3,0,2,2,8,0,1,50,,2,1,0,0,1,41.0,43.0,,,1,2,7,1,2
202100024770,2021-08-10 18:00:00,2021,8,10,18,0,75,75112,ROUTE DE LA PYRAMIDE,48.834053,2.444833,Plein jour,En agglomération,Giratoire,Normale,Deux véhicules - arrière,4,2,2,0,1,1,1,0,1,50,,2,1,0,0,1,22.0,37.0,,,1,2,6,1,2
202100024771,2021-08-08 13:26:00,2021,8,8,13,26,75,75112,BOULEVARD PONIATOWSKI,48.831799,2.397742,Plein jour,En agglomération,Intersection en X,Normale,Deux véhicules - côté,4,1,6,0,1,1,1,0,1,50,,5,3,0,0,2,57.0,31.0,,,1,2,2,1,3
202100024772,2021-08-10 19:25:00,2021,8,10,19,25,75,75104,QUAI DES CELESTINS,48.851842,2.361485,Plein jour,En agglomération,Hors intersection,Normale,Deux véhicules - côté,4,2,6,1,1,1,1,0,5,30,,2,1,0,0,1,44.0,25.0,,,1,2,1,1,3
202100024773,2021-08-10 09:54:00,2021,8,10,9,54,94,94046,Avenue du Général Leclerc,48.8046,2.44329,Plein jour,En agglomération,Hors intersection,Normale,Deux véhicules - côté,3,1,0,1,1,1,1,9,5,50,,2,1,0,0,1,37.0,36.0,,,1,2,1,1,3
202100024774,2021-08-09 19:00:00,2021,8,9,19,0,94,94046,Avenue de la République,48.809825,2.454878,Plein jour,En agglomération,Hors intersection,Normale,Deux véhicules - côté,3,2,2,0,1,1,1,0,1,50,,2,1,0,0,1,43.0,34.0,,,1,2,1,1,3
202100024775,2021-08-10 15:00:00,2021,8,10,15,0,94,94022,STALINGRAD (BD DE),48.77274,2.40012,Plein jour,En agglomération,Hors intersection,Normale,Deux véhicules - côté,3,1,1,0,1,1,1,0,1,50,,3,2,0,0,1,54.0,18.0,,,1,2,1,1,3
202100024776,2021-08-10 19:25:00,2021,8,10,19,25,93,93027,FONTENAY (MAIL MAURICE DE),48.9282,2.37839,Plein jour,En agglomération,Place,Normale,Autre collision,4,1,1,0,1,1,1,0,1,30,,4,3,0,0,1,27.0,,,,1,2,7,1,6
202100024777,2021-08-09 19:00:00,2021,8,9,19,0,93,93071,Avenue Martin Luther King,48.95042,2.529804,Plein jour,En agglomération,Hors intersection,Normale,Deux véhicules - côté,4,2,2,0,1,1,1,0,1,50,,3,2,0,1,0,36.0,23.0,,,1,2,1,1,3
202100024778,2021-08-10 20:15:00,2021,8,10,20,15,93,93066,Rue de Sevran,48.94112,2.378962,Plein jour,En agglomération,Autre intersection,Normale,Autre collision,4,2,2,0,1,1,1,0,1,50,,2,1,0,0,1,22.0,,,,1,2,9,1,6
202100024779,2021-08-10 13:40:00,2021,8,10,13,40,93,93031,JOFFRE (AVENUE),48.96165,2.29499,Plein jour,En agglomération,Giratoire,Normale,Deux véhicules - côté,3,3,4,0,1,1,1,0,1,50,,2,1,0,0,1,43.0,32.0,,,1,2,6,1,3
202100024780,2021-08-10 10:30:00,2021,8,10,10,30,93,93014,Boulevard Gagarine,48.90481,2.54516,Plein jour,En agglomération,Hors intersection,Normale,Deux véhicules - arrière,3,2,0,0,2,1,1,0,1,50,,2,1,0,0,1,28.0,38.0,,,1,2,1,1,2
202100024781,2021-08-10 17:30:00,2021,8,10,17,30,93,93001,STALINGRAD (SQUARE),48.9115205762,2.3831959884,Plein jour,En agglomération,Autre intersection,Normale,Autre collision,4,-1,0,0,1,1,1,6,4,1,,2,1,0,0,1,13.0,,,,1,2,9,1,6
202100024782,2021-08-10 16:55:00,2021,8,10,16,55,92,92050,SARTROUVILLE RUE DE,48.9098480979,2.2156306005,Plein jour,En agglomération,Intersection en X,Normale,Deux véhicules - côté,4,1,2,0,1,1,1,0,1,50,,3,1,0,0,2,18.0,56.0,,,1,2,2,1,3
202100024783,2021-08-10 17:00:00,2021,8,10,17,0,92,92050,JOLIOT CURIE F. ET IRENE AVENUE  N°PAIRS,48.89225,2.20935,Plein jour,En agglomération,Hors intersection,Normale,Deux véhicules - côté,3,1,2,0,1,1,1,0,1,50,,4,1,0,1,2,43.0,27.0,,,1,2,1,1,3
202100024784,2021-08-11 12:30:00,2021,8,11,12,30,35,35176,La Mauvaisinaie,47.857547,-1.877482,Plein jour,Hors agglomération,Hors intersection,Normale,Deux véhicules - frontale,3,2,2,0,2,3,1,0,1,80,,2,0,1,1,0,67.0,58.0,,,1,1,1,1,1
202100024785,2021-08-10 20:10:00,2021,8,10,20,10,69,69285,D302,45.7645192516,5.0365233421,Plein jour,Hors agglomération,Hors intersection,Normale,Autre collision,3,3,4,0,1,1,1,2,3,90,,1,0,0,1,0,38.0,,,,1,1,1,1,6
202100024786,2021-08-11 00:15:00,2021,8,11,0,15,64,64367,20 Route de Loubieng,43.433994,-0.69841,Nuit sans éclairage public,Hors agglomération,Hors intersection,Normale,Sans collision,3,2,2,0,1,3,1,0,3,80,,1,0,0,1,0,47.0,,,,3,1,1,1,7
202100024787,2021-08-10 10:45:00,2021,8,10,10,45,71,71398,Route d Oslon,46.759139,4.995593,Plein jour,Hors agglomération,Intersection en X,Normale,Deux véhicules - côté,3,2,2,0,1,1,1,0,1,70,,6,3,1,1,1,83.0,46.0,,,1,1,2,1,3
202100024788,2021-08-11 08:35:00,2021,8,11,8,35,77,77355,Intersection D209 / D403,48.486967,3.212251,Plein jour,Hors agglomération,Intersection en X,Normale,Autre collision,3,2,2,0,1,1,1,0,1,80,,8,7,0,0,1,70.0,38.0,,,1,1,2,1,6
202100024789,2021-08-10 13:35:00,2021,8,10,13,35,77,77522,D411,48.450866,3.377631,Plein jour,Hors agglomération,Intersection en X,Normale,Sans collision,3,2,2,0,1,1,1,0,1,80,,4,1,0,0,3,56.0,48.0,,,1,1,2,1,7
202100024790,2021-08-11 09:25:00,2021,8,11,9,25,80,80310,Départementale 925,50.123735,2.233926,Plein jour,Hors agglomération,Hors intersection,Normale,Autre collision,3,2,1,0,1,1,1,0,3,-1,,1,0,1,0,0,92.0,,,,1,1,1,1,6
202100024791,2021-08-06 02:45:00,2021,8,6,2,45,81,81064,le fangas,43.968021,1.812814,Nuit sans éclairage public,Hors agglomération,Hors intersection,Normale,Sans collision,3,2,2,0,2,2,1,0,3,80,,1,0,0,1,0,41.0,,,,3,1,1,1,7
202100024792,2021-08-11 18:10:00,2021,8,11,18,10,55,55015,PK9+950,48.6412935671,5.1112926006,Plein jour,Hors agglomération,Hors intersection,Normale,Sans collision,2,1,4,0,1,1,1,0,8,110,,2,0,0,2,0,79.0,,,,1,1,1,1,7
202100024793,2021-08-10 20:45:00,2021,8,10,20,45,49,49331,Rue Ernest Renan,47.685835,-0.874979,Plein jour,En agglomération,Hors intersection,Normale,Autre collision,4,2,2,0,1,1,1,0,1,50,,1,0,0,1,0,50.0,,,,1,2,1,1,6
202100024794,2021-08-10 15:30:00,2021,8,10,15,30,42,42302,Rue des Écoles,45.50414,4.435092,Plein jour,En agglomération,Hors intersection,Normale,Deux véhicules - côté,7,2,2,0,2,3,1,0,1,50,,2,1,0,0,1,59.0,65.0,,,1,2,1,1,3
202100024795,2021-08-10 17:25:00,2021,8,10,17,25,46,46121,Femmes Mortes,44.719897,1.524385,Plein jour,Hors agglomération,Hors intersection,Normale,Sans collision,3,2,2,0,1,2,1,0,1,80,,1,0,0,1,0,64.0,,,,1,1,1,1,7
202100024796,2021-08-10 11:45:00,2021,8,10,11,45,25,25464,,46.723716,6.152317,Plein jour,Hors agglomération,Hors intersection,Normale,Autre collision,3,2,2,0,1,2,1,0,3,80,,1,0,0,1,0,65.0,,,,1,1,1,1,6
202100024797,2021-08-09 15:40:00,2021,8,9,15,40,25,25356,16 Rue du Général de Gaulle,47.252568,6.801615,Plein jour,En agglomération,Intersection en T,Normale,Deux véhicules - côté,3,2,2,0,1,1,1,0,1,50,,2,1,0,0,1,22.0,18.0,,,1,2,3,1,3
202100024798,2021-08-10 14:47:00,2021,8,10,14,47,29,29160,Lieu Dit Penvern,48.5190075791,-4.4388279319,Plein jour,Hors agglomération,Hors intersection,Normale,Sans collision,4,2,1,0,1,1,9,0,1,50,,1,0,0,1,0,15.0,,,,1,1,1,1,7
202100024799,2021-08-11 02:25:00,2021,8,11,2,25,84,84121,D37,43.747564,5.491362,Nuit sans éclairage public,Hors agglomération,Hors intersection,Normale,Sans collision,3,2,2,0,2,1,2,0,8,80,,1,0,0,1,0,22.0,,,,3,1,1,1,7
202100024800,2021-08-10 16:25:00,2021,8,10,16,25,85,85093,Bel Air,46.659205,-1.224031,Plein jour,Hors agglomération,Hors intersection,Normale,Autre collision,4,2,2,0,1,1,1,0,1,80,,2,1,0,0,1,41.0,,,,1,1,1,1,6
202100024801,2021-08-11 08:30:00,2021,8,11,8,30,14,14086,D288,49.3388141045,0.1072068213,Plein jour,Hors agglomération,Hors intersection,Normale,Deux véhicules - frontale,3,2,2,0,2,4,1,0,1,80,,2,1,0,0,1,42.0,17.0,,,1,1,1,1,1
202100024802,2021-08-11 15:10:00,2021,8,11,15,10,14,14543,D613,49.199867,-0.477605,Plein jour,En agglomération,Intersection en X,Normale,Autre collision,3,2,2,0,1,4,1,0,4,50,,1,0,0,1,0,62.0,,,,1,2,2,1,6
202100024803,2021-08-10 15:00:00,2021,8,10,15,0,50,50215,Rue de la Clerquerie,49.085377,-1.547002,Plein jour,Hors agglomération,Hors intersection,Normale,Sans collision,3,2,2,0,1,1,1,0,3,-1,,1,0,1,0,0,68.0,,,,1,1,1,1,7
202100024804,2021-08-11 10:25:00,2021,8,11,10,25,90,90063,1 Rue Saint Dizier,47.489644,6.976007,Plein jour,En agglomération,Hors intersection,Normale,Deux véhicules - côté,3,2,2,0,1,1,1,0,1,50,,2,1,1,0,0,25.0,45.0,,,1,2,1,1,3
202100024805,2021-06-22 14:17:00,2021,6,22,14,17,45,45018,Le Vau,48.117062,2.482953,Plein jour,En agglomération,Hors intersection,Temps couvert,Autre collision,3,2,2,0,1,1,1,0,4,50,,2,1,0,1,0,31.0,,,,1,2,1,8,6
202100024806,2021-08-10 11:40:00,2021,8,10,11,40,18,18223,pk 35 D68,47.194131,2.367055,Plein jour,Hors agglomération,Hors intersection,Normale,Sans collision,9,2,2,0,3,1,1,0,3,50,,1,0,0,1,0,34.0,,,,1,1,1,1,7
202100024807,2021-08-10 17:13:00,2021,8,10,17,13,85,85004,D 747,46.397873,-1.397379,Plein jour,Hors agglomération,Intersection en T,Normale,Autre collision,3,2,2,0,1,1,1,0,1,80,,2,1,0,0,1,34.0,41.0,,,1,1,3,1,6
202100024808,2021-08-10 10:25:00,2021,8,10,10,25,28,28282,D30.2,48.336522,1.142818,Plein jour,Hors agglomération,Hors intersection,Normale,Sans collision,3,2,2,0,1,1,9,0,8,80,,1,0,0,1,0,46.0,,,,1,1,1,1,7
202100024809,2021-08-11 11:35:00,2021,8,11,11,35,48,48053,D901,44.488377,3.796871,Plein jour,Hors agglomération,Hors intersection,Normale,Autre collision,3,2,2,0,2,3,1,0,1,90,,1,0,0,1,0,27.0,,,,1,1,1,1,6
202100024810,2021-08-11 12:58:00,2021,8,11,12,58,49,49377,Rue de Bennefray,47.519581,-0.436122,Plein jour,En agglomération,Intersection en X,Normale,Deux véhicules - côté,3,2,2,0,1,1,1,5,1,50,,2,1,0,1,0,47.0,58.0,,,1,2,2,1,3
202100024811,2021-08-09 12:30:00,2021,8,9,12,30,74,74221,Col de la Colombière (Col de montagne),45.991569,6.47341,Plein jour,Hors agglomération,Hors intersection,Normale,Deux véhicules - côté,3,2,2,0,2,1,1,0,1,80,,2,1,0,1,0,26.0,32.0,,,1,1,1,1,3
202100024812,2021-08-10 18:40:00,2021,8,10,18,40,988,98822,Napoémien (Tribu),-20.944988,165.330999,Nuit sans éclairage public,Hors agglomération,Hors intersection,Normale,Autre collision,4,2,2,0,1,3,1,0,3,70,,1,0,1,0,0,38.0,,,,3,1,1,1,6
202100024813,2021-08-11 17:20:00,2021,8,11,17,20,976,97608,Boulevard des Crabes,-12.787483,45.263845,Plein jour,En agglomération,Hors intersection,Normale,Autre collision,2,2,2,0,1,1,1,0,1,50,,3,1,0,0,2,46.0,,,,1,2,1,1,6
202100024814,2021-08-10 23:35:00,2021,8,10,23,35,29,29233,Rue Thiers,47.8739491864,-3.5500516891,Nuit avec éclairage allumé,En agglomération,Giratoire,Normale,Deux véhicules - côté,3,2,2,0,1,1,1,5,1,30,,3,2,0,0,1,,17.0,,,5,2,6,1,3
202100024815,2021-08-09 19:20:00,2021,8,9,19,20,83,83065,D98a,43.2571353449,6.5941250323,Plein jour,Hors agglomération,Hors intersection,Normale,Deux véhicules - côté,3,2,2,1,1,1,1,0,1,70,,2,1,0,1,0,31.0,40.0,,,1,1,1,1,3
202100024816,2021-08-11 06:29:00,2021,8,11,6,29,83,83055,RD 562,43.5961782301,6.6944093852,Crépuscule ou aube,Hors agglomération,Hors intersection,Normale,Autre collision,3,2,2,0,1,2,1,0,5,80,,2,0,0,0,2,19.0,,,,2,1,1,1,6
202100024817,2021-06-28 07:45:00,2021,6,28,7,45,13,13027,départementale D28,43.871307,4.818943,Plein jour,Hors agglomération,Intersection en X,Normale,Deux véhicules - arrière,3,2,1,0,1,1,1,0,1,80,,2,1,0,1,0,21.0,44.0,,,1,1,2,1,2
202100024818,2021-08-11 14:45:00,2021,8,11,14,45,55,55435,departementale 16,48.743717,5.022308,Plein jour,Hors agglomération,Hors intersection,Normale,Sans collision,3,2,2,0,2,1,9,0,1,80,,1,0,0,1,0,76.0,,,,1,1,1,1,7
202100024819,2021-08-11 14:45:00,2021,8,11,14,45,54,54258,D2,48.677587,6.563902,Plein jour,Hors agglomération,Hors intersection,Normale,Deux véhicules - côté,3,2,2,0,1,1,1,0,1,80,,2,1,0,1,0,27.0,20.0,,,1,1,1,1,3
202100024820,2021-08-08 18:50:00,2021,8,8,18,50,73,73258,D1006,45.2227696376,6.4517484981,Crépuscule ou aube,Hors agglomération,Hors intersection,Normale,Autre collision,3,2,2,0,3,2,1,0,1,50,,2,1,0,1,0,54.0,24.0,,,2,1,1,1,6
202100024821,2021-08-09 12:40:00,2021,8,9,12,40,38,38276,RD 1085,45.576445,5.301965,Plein jour,Hors agglomération,Intersection en T,Normale,Autre collision,3,2,2,0,3,1,1,2,4,70,,1,0,0,1,0,54.0,,,,1,1,3,1,6
202100024822,2021-08-10 09:30:00,2021,8,10,9,30,38,38382,Route de Grenoble,45.228258,5.684089,Plein jour,En agglomération,Intersection en X,Normale,Deux véhicules - côté,7,2,2,2,1,1,1,0,1,50,,2,1,0,1,0,67.0,71.0,,,1,2,2,1,3
202100024823,2021-08-11 07:30:00,2021,8,11,7,30,24,24022,D29,44.850298,0.802694,Plein jour,Hors agglomération,Hors intersection,Normale,Trois véhicules et plus - en chaîne,3,3,2,0,1,1,1,0,1,80,,4,1,1,0,2,77.0,74.0,,,1,1,1,1,4
202100024824,2021-08-03 17:20:00,2021,8,3,17,20,33,33322,Allée de Geneste,44.944025,-0.678803,Plein jour,Hors agglomération,Hors intersection,Pluie légère,Autre collision,4,2,2,0,1,1,2,0,3,80,,1,0,0,0,1,47.0,,,,1,1,1,2,6
202100024825,2021-08-10 16:40:00,2021,8,10,16,40,49,49301,Rue de la Vendée (st Macaire-En-Mauges),47.115445,-0.993292,Plein jour,En agglomération,Hors intersection,Normale,Autre collision,4,2,1,0,1,1,1,0,1,50,,2,1,0,1,0,77.0,,,,1,2,1,1,6
202100024826,2021-08-11 19:00:00,2021,8,11,19,0,14,14047,D96,49.275827,-0.719819,Plein jour,En agglomération,Intersection en T,Normale,Sans collision,3,2,2,0,3,1,1,0,1,50,,1,0,0,0,1,71.0,,,,1,2,3,1,7
202100024827,2021-08-10 12:30:00,2021,8,10,12,30,27,27016,39 Place Nicolas Poussin,49.246647,1.417521,Plein jour,En agglomération,Hors intersection,Normale,Deux véhicules - côté,3,2,2,0,1,1,1,0,1,50,,2,1,0,0,1,37.0,48.0,,,1,2,1,1,3
202100024828,2021-08-09 00:59:00,2021,8,9,0,59,13,13071,A55-Sens Martigues vers Marseille,43.40019,5.29698,Nuit sans éclairage public,Hors agglomération,Hors intersection,Normale,Deux véhicules - arrière,1,1,3,0,1,1,1,3,1,90,,3,1,0,0,2,,21.0,,,3,1,1,1,2
202100024829,2021-08-09 12:15:00,2021,8,9,12,15,13,13106,A7-Sens Marseille vers Lyon,43.39792,5.35053,Plein jour,Hors agglomération,Hors intersection,Normale,Trois véhicules et plus - en chaîne,1,1,2,0,1,1,1,0,1,90,,7,4,0,0,3,,22.0,,,1,1,1,1,4
202100024830,2021-08-07 22:25:00,2021,8,7,22,25,69,69081,PERIPHERIQUE NORD (BD),45.77654,4.7915,Nuit avec éclairage allumé,Hors agglomération,Hors intersection,Normale,Deux véhicules - arrière,4,1,3,0,1,1,1,1,1,70,,5,2,0,0,3,27.0,48.0,,,5,1,1,1,2
202100024831,2021-08-10 11:35:00,2021,8,10,11,35,69,69256,RN346,45.80361,4.92612,Plein jour,Hors agglomération,Hors intersection,Normale,Deux véhicules - arrière,2,3,4,0,1,3,1,0,1,90,,3,2,0,0,1,33.0,33.0,,,1,1,1,1,2
202100024832,2021-08-08 22:10:00,2021,8,8,22,10,42,42186,A47,45.527975,4.608577,Nuit sans éclairage public,Hors agglomération,Hors intersection,Normale,Deux véhicules - côté,1,3,4,0,1,1,1,0,1,90,,3,1,0,1,1,74.0,38.0,,,3,1,1,1,3
202100024833,2021-08-08 23:50:00,2021,8,8,23,50,59,59447,AUTOROUTE A2,50.388014,3.612399,Nuit sans éclairage public,Hors agglomération,Hors intersection,Normale,Deux véhicules - arrière,1,3,4,0,1,1,1,0,1,110,,2,1,0,0,1,58.0,70.0,,,3,1,1,1,2
202100024834,2021-08-08 02:50:00,2021,8,8,2,50,59,59350,AUTOROUTE A25,50.6165072925,3.0600022534,Nuit sans éclairage public,Hors agglomération,Hors intersection,Normale,Autre collision,1,3,2,0,1,2,1,0,1,70,,1,0,0,0,1,26.0,,,,3,1,1,1,6
202100024835,2021-08-10 11:00:00,2021,8,10,11,0,91,91521,RN 104,48.63242,2.40527,Plein jour,Hors agglomération,Hors intersection,Normale,Sans collision,2,3,2,0,1,3,1,0,3,70,,1,0,0,0,1,41.0,,,,1,1,1,1,7
202100024836,2021-08-10 08:10:00,2021,8,10,8,10,94,94034,AUTOROUTE A86,48.7589540937,2.3243421458,Plein jour,Hors agglomération,Hors intersection,Pluie légère,Autre collision,1,-1,-1,0,1,1,2,1,1,70,,1,0,0,0,1,32.0,,,,1,1,1,2,6
202100024837,2021-08-10 18:30:00,2021,8,10,18,30,93,93027,AUTOROUTE A86,48.92341,2.38326,Plein jour,Hors agglomération,Hors intersection,Normale,Deux véhicules - arrière,1,3,7,0,1,1,1,1,1,90,,2,1,0,0,1,29.0,27.0,,,1,1,1,1,2
202100024838,2021-08-10 07:40:00,2021,8,10,7,40,95,95394,A115,49.05018,2.18409,Plein jour,Hors agglomération,Hors intersection,Pluie légère,Autre collision,1,1,2,0,1,2,2,0,1,70,,1,0,0,0,1,47.0,,,,1,1,1,2,6
202100024839,2021-08-10 08:20:00,2021,8,10,8,20,93,93027,AUTOROUTE A86,48.92288,2.3806,Plein jour,Hors agglomération,Hors intersection,Pluie légère,Autre collision,1,3,2,0,1,2,2,0,1,50,,1,0,0,0,1,21.0,,,,1,1,1,2,6
202100024840,2021-08-10 07:20:00,2021,8,10,7,20,93,93005,AUTOROUTE A3,48.94472,2.47699,Plein jour,Hors agglomération,Hors intersection,Pluie légère,Autre collision,1,3,6,0,1,1,2,0,1,110,,1,0,0,0,1,71.0,,,,1,1,1,2,6
202100024841,2021-08-10 01:10:00,2021,8,10,1,10,93,93013,AUTOROUTE A1,48.94028,2.42276,Nuit avec éclairage allumé,Hors agglomération,Hors intersection,Normale,Deux véhicules - arrière,1,3,4,0,1,3,1,0,1,110,,1,0,0,0,1,40.0,,,,5,1,1,1,2
202100024842,2021-08-10 01:10:00,2021,8,10,1,10,95,95500, A15,49.03841,2.08777,Nuit sans éclairage public,Hors agglomération,Hors intersection,Normale,Deux véhicules - arrière,1,3,8,0,1,1,1,2,1,90,,2,1,0,0,1,41.0,,,,3,1,1,1,2
202100024843,2021-08-10 12:30:00,2021,8,10,12,30,94,94033,A86.EXT,48.85307,2.48989,Plein jour,Hors agglomération,Hors intersection,Normale,Autre collision,1,-1,3,0,1,1,1,0,1,90,,2,1,0,0,1,61.0,30.0,,,1,1,1,1,6
202100024844,2021-07-16 11:41:00,2021,7,16,11,41,14,14118,N814,49.19636,-0.39281,Plein jour,Hors agglomération,Hors intersection,Normale,Trois véhicules et plus - en chaîne,2,1,2,0,2,1,1,9,1,70,,8,7,0,0,1,31.0,32.0,,,1,1,1,1,4
202100024845,2021-08-06 16:25:00,2021,8,6,16,25,83,83126,DE GAULLE (AV CHARLES),43.08117,5.88684,Plein jour,En agglomération,Hors intersection,Normale,Autre collision,7,3,2,0,1,1,1,0,1,50,,2,1,0,1,0,17.0,,,,1,2,1,1,6
202100024846,2021-08-02 13:15:00,2021,8,2,13,15,59,59350,ARRAS RUE D,50.61998,3.065,Plein jour,En agglomération,Hors intersection,Normale,Autre collision,4,3,0,0,1,1,1,0,1,50,,2,1,0,0,1,35.0,,,,1,2,1,1,6
202100024847,2021-03-21 16:15:00,2021,3,21,16,15,28,28012,Rue du Murier,48.091829,1.121142,Plein jour,Hors agglomération,Hors intersection,Normale,Sans collision,3,2,2,0,1,2,1,0,3,50,,2,1,0,0,1,47.0,,,,1,1,1,1,7
202100024848,2021-08-09 14:30:00,2021,8,9,14,30,976,97611,m'tsapere-Nationale 2 (route),-12.78709,45.22548,Plein jour,En agglomération,Hors intersection,Temps couvert,Deux véhicules - côté,2,2,2,0,1,1,1,9,8,50,,3,2,0,1,0,22.0,,,,1,2,1,8,3
202100024849,2021-08-07 17:20:00,2021,8,7,17,20,974,97407,RENAUDIERE DE VAUX(RUE),-20.93583,55.29097,Plein jour,En agglomération,Hors intersection,Normale,Deux véhicules - côté,4,1,1,0,1,1,1,0,1,30,,2,1,0,0,1,16.0,52.0,,,1,2,1,1,3
202100024850,2021-08-09 18:15:00,2021,8,9,18,15,973,97302,MERE THERESA (rue),4.92616,-52.31361,Crépuscule ou aube,En agglomération,Intersection en Y,Normale,Deux véhicules - côté,4,2,2,0,1,1,1,9,1,50,,2,1,0,0,1,21.0,51.0,,,2,2,4,1,3
202100024851,2021-08-09 16:40:00,2021,8,9,16,40,69,69383,LACASSAGNE (AV),45.75317,4.86893,Plein jour,En agglomération,Hors intersection,Normale,Autre collision,4,2,3,3,1,1,1,0,1,50,,3,2,0,0,1,32.0,,,,1,2,1,1,6
202100024852,2021-08-08 21:15:00,2021,8,8,21,15,972,97209,REDOUTE (ROUTE DE LA),14.616188,-61.061675,Nuit avec éclairage allumé,Hors agglomération,Hors intersection,Normale,Deux véhicules - frontale,2,2,2,0,1,3,1,0,1,50,,2,1,0,1,0,29.0,25.0,,,5,1,1,1,1
202100024853,2021-08-08 17:30:00,2021,8,8,17,30,69,69385,COMMANDANT CHARCOT (DU) (R),45.7523,4.80331,Plein jour,En agglomération,Intersection en T,Normale,Deux véhicules - côté,4,2,2,0,1,1,1,0,1,50,,3,2,0,0,1,69.0,57.0,,,1,2,3,1,3
202100024854,2021-08-08 10:40:00,2021,8,8,10,40,69,69382,PERRACHE (Q),45.7343,4.8181,Plein jour,En agglomération,Intersection en X,Normale,Deux véhicules - côté,4,1,4,0,1,1,1,5,1,50,,2,1,0,0,1,32.0,46.0,,,1,2,2,1,3
202100024855,2021-08-09 17:58:00,2021,8,9,17,58,2B,2B033,11 - RT,42.6620799133,9.4422401723,Plein jour,En agglomération,Hors intersection,Normale,Trois véhicules et plus - en chaîne,3,2,2,0,1,1,1,0,1,50,,3,2,0,0,1,56.0,59.0,,,1,2,1,1,4
202100024856,2021-08-08 05:45:00,2021,8,8,5,45,2B,2B033,ALLEE DU 173° R.I.A.,42.70113,9.45239,Plein jour,En agglomération,Hors intersection,Normale,Deux véhicules - frontale,2,1,2,0,1,1,1,0,1,50,,2,1,0,0,1,35.0,,,,1,2,1,1,1
202100024857,2021-07-09 20:20:00,2021,7,9,20,20,2A,2A004,APPIETO (CHEMIN),41.95824,8.78017,Plein jour,En agglomération,Hors intersection,Normale,Deux véhicules - frontale,4,2,1,0,1,3,1,0,1,50,,2,1,0,0,1,18.0,20.0,,,1,2,1,1,1
202100024858,2021-08-09 17:20:00,2021,8,9,17,20,91,91479,RUE E TARTASSE,48.70882,2.37,Plein jour,En agglomération,Hors intersection,Normale,Autre collision,4,1,1,0,1,1,1,0,8,30,,2,1,0,0,1,,,,,1,2,1,1,6
202100024859,2021-08-09 11:03:00,2021,8,9,11,3,87,87085,MAS-BOUYOL  (CITE ET BOULEVARD DU),45.82866,1.22668,Plein jour,En agglomération,Hors intersection,Normale,Deux véhicules - arrière,4,3,6,0,1,1,1,0,1,50,,2,1,0,0,1,28.0,45.0,,,1,2,1,1,2
202100024860,2021-08-06 20:10:00,2021,8,6,20,10,84,84007,PIERRE SEMARD (avenue),43.93574,4.82919,Plein jour,En agglomération,Hors intersection,Normale,Deux véhicules - frontale,4,2,2,3,1,1,1,0,1,30,,3,2,0,1,0,30.0,21.0,,,1,2,1,1,1
202100024861,2021-08-07 06:35:00,2021,8,7,6,35,80,80021,ALEXANDRE DUMAS (RUE),49.87559,2.28118,Crépuscule ou aube,En agglomération,Intersection en X,Normale,Deux véhicules - côté,4,1,1,0,1,1,1,0,1,50,,2,1,0,0,1,,33.0,,,2,2,2,1,3
202100024862,2021-08-09 09:30:00,2021,8,9,9,30,78,78238,CD 14,48.96353,1.86282,Plein jour,En agglomération,Autre intersection,Pluie légère,Deux véhicules - arrière,3,1,4,0,1,1,2,0,1,50,,2,1,0,0,1,31.0,40.0,,,1,2,9,2,2