accident_id,datetime,annee,mois,jour,heure,minute,departement,commune_insee,adresse,latitude,longitude,luminosite,agglomeration,intersection,meteo,collision,catr,circ,nbv,vosp,prof,plan,surf,infra,situ,vma,nb_vehicules,nb_usagers,nb_indemnes,nb_tues,nb_blesses_hosp,nb_blesses_legers,age_cond_1,age_cond_2,veh_type_cond_1,veh_type_cond_2,lum_code,agg_code,int_code,atm_code,col_code
202100024863,2021-08-09 16:30:00,2021,8,9,16,30,77,77285,D39,48.53589,2.624263,Plein jour,En agglomération,Intersection en X,Normale,Deux véhicules - côté,3,2,2,0,1,1,1,0,1,50,,3,1,0,0,2,60.0,,,,1,2,2,1,3
202100024864,2021-08-07 23:40:00,2021,8,7,23,40,67,67482,LA ROCHELLE (RUE DE),48.53659,7.78706,Nuit sans éclairage public,Hors agglomération,Hors intersection,Normale,Sans collision,4,2,2,0,1,2,1,0,3,80,,2,0,0,0,2,24.0,,,,3,1,1,1,7
202100024865,2021-08-08 17:10:00,2021,8,8,17,10,67,67482,SCHIRMECK (ROUTE DE),48.57276,7.71605,Plein jour,En agglomération,Hors intersection,Normale,Deux véhicules - côté,7,2,4,3,1,1,1,0,1,50,,2,1,0,0,1,21.0,40.0,,,1,2,1,1,3
202100024866,2021-08-07 16:28:00,2021,8,7,16,28,66,66136,PAYRA (JEAN),42.70281,2.89332,Plein jour,En agglomération,Hors intersection,Pluie forte,Autre collision,4,1,2,0,1,1,2,0,1,50,,2,1,0,1,0,20.0,,,,1,2,1,3,6
202100024867,2021-08-06 17:45:00,2021,8,6,17,45,66,66136,DALBIEZ (AVENUE VICTOR),42.6884,2.88323,Plein jour,En agglomération,Hors intersection,Pluie légère,Autre collision,4,2,2,0,1,1,2,0,1,30,,2,1,0,1,0,,,,,1,2,1,2,6
202100024868,2021-08-08 17:41:00,2021,8,8,17,41,65,65100,BORDEAUX (ROUTE DE) CD 935,43.2600445613,0.0718080997,Plein jour,Hors agglomération,Hors intersection,Normale,Deux véhicules - arrière,3,2,2,0,1,1,1,0,1,70,,5,1,0,0,4,36.0,20.0,,,1,1,1,1,2
202100024869,2021-08-09 18:50:00,2021,8,9,18,50,64,64102,BAB (Boulevard),43.49521,-1.48226,Plein jour,En agglomération,Hors intersection,Normale,Sans collision,3,2,3,0,1,1,1,0,1,50,,1,0,0,0,1,16.0,,,,1,2,1,1,7
202100024870,2021-08-09 14:00:00,2021,8,9,14,0,64,64024,BAYONNE (AVENUE DE),43.48098,-1.51109,Plein jour,En agglomération,Hors intersection,Normale,Sans collision,3,2,4,3,1,1,1,0,1,50,,1,0,0,0,1,64.0,,,,1,2,1,1,7
202100024871,2021-08-09 09:40:00,2021,8,9,9,40,64,64102,MARCEL DASSAULT (AVENUE),43.48849,-1.49092,Plein jour,En agglomération,Hors intersection,Normale,Deux véhicules - arrière,4,-1,2,0,1,1,1,0,1,50,,2,1,0,0,1,54.0,69.0,,,1,2,1,1,2
202100024872,2021-08-09 21:40:00,2021,8,9,21,40,59,59599,PAPIN (CHAUSSEE DENIS),50.73534,3.14666,Nuit avec éclairage allumé,En agglomération,Intersection en X,Normale,Deux véhicules - côté,7,3,4,1,1,1,1,0,1,50,,3,1,0,0,2,19.0,21.0,,,5,2,2,1,3
202100024873,2021-08-02 10:10:00,2021,8,2,10,10,59,59009,FLANDRE AVENUEE DE,50.66425,3.14591,Plein jour,En agglomération,Intersection en X,Normale,Deux véhicules - côté,7,2,8,0,1,1,1,0,1,50,,2,1,0,0,1,30.0,46.0,,,1,2,2,1,3
202100024874,2021-08-07 06:14:00,2021,8,7,6,14,56,56098,MAURICE (RUE  JEAN-MARIE ),47.75567,-3.34182,Crépuscule ou aube,En agglomération,Hors intersection,Normale,Autre collision,4,2,2,0,1,2,1,0,1,50,,1,0,0,0,1,31.0,,,,2,2,1,1,6
202100024875,2021-08-08 05:10:00,2021,8,8,5,10,54,54547,RM 674,48.6719336824,6.1942532659,Nuit avec éclairage allumé,En agglomération,Hors intersection,Normale,Autre collision,7,1,2,0,2,1,1,0,1,70,,1,0,0,0,1,21.0,,,,5,2,1,1,6
202100024876,2021-08-09 10:00:00,2021,8,9,10,0,53,53130,TRAPPISTINES ( BOULEVARD DES ),48.06014,-0.77748,Plein jour,En agglomération,Hors intersection,Pluie légère,Deux véhicules - côté,3,3,4,0,2,1,1,0,1,70,,2,1,0,0,1,49.0,58.0,,,1,2,1,2,3
202100024877,2021-08-05 18:41:00,2021,8,5,18,41,51,51454,Boulevard Charles Arnould,49.2602407449,4.0089207888,Plein jour,En agglomération,Hors intersection,Normale,Deux véhicules - arrière,4,2,2,1,2,2,2,0,2,50,,4,0,0,0,4,37.0,50.0,,,1,2,1,1,2
202100024878,2021-08-01 18:12:00,2021,8,1,18,12,45,45068,Rue du Gâtinais,48.0109894312,2.7066493034,Plein jour,En agglomération,Hors intersection,Normale,Deux véhicules - côté,3,2,2,0,1,1,1,0,1,50,,3,1,0,0,2,38.0,21.0,,,1,2,1,1,3
202100024879,2021-08-06 11:00:00,2021,8,6,11,0,41,41018,BALZAC  (RUE HONORE DE),47.59479,1.33015,Plein jour,En agglomération,Autre intersection,Normale,Deux véhicules - côté,4,2,2,0,1,1,1,0,4,50,,2,1,0,1,0,34.0,17.0,,,1,2,9,1,3
202100024880,2021-08-08 22:05:00,2021,8,8,22,5,38,38185,Avenue Marie Reynoard,45.1647,5.72855,Nuit avec éclairage allumé,En agglomération,Intersection en T,Normale,Deux véhicules - côté,7,3,4,0,1,1,1,0,1,50,,2,1,0,0,1,21.0,18.0,,,5,2,3,1,3
202100024881,2021-08-09 17:20:00,2021,8,9,17,20,35,35055,RN 136,48.09588,-1.62021,Plein jour,Hors agglomération,Hors intersection,Temps couvert,Deux véhicules - arrière,2,3,4,0,1,1,2,0,1,90,,3,2,0,0,1,19.0,74.0,,,1,1,1,8,2
202100024882,2021-08-09 15:30:00,2021,8,9,15,30,33,33550,Avenue du Maréchal Leclerc,44.778101,-0.5705537,Plein jour,En agglomération,Giratoire,Normale,Deux véhicules - côté,4,3,2,0,1,3,1,0,1,50,,2,1,0,0,1,63.0,68.0,,,1,2,6,1,3
202100024883,2021-08-09 12:00:00,2021,8,9,12,0,33,33529,INDUSTRIE (BD DE L') DU 01 ET +,44.61339,-1.12821,Plein jour,En agglomération,Hors intersection,Normale,Trois véhicules et plus - en chaîne,4,2,2,0,1,1,1,0,1,50,,4,3,0,0,1,31.0,46.0,,,1,2,1,1,4
202100024884,2021-07-29 21:50:00,2021,7,29,21,50,33,33009,Quai du Capitaine Allegre,44.657547,-1.146779,Nuit sans éclairage public,En agglomération,Intersection en X,Normale,Deux véhicules - côté,4,2,2,1,1,1,1,0,1,50,,3,2,0,0,1,26.0,46.0,,,3,2,2,1,3
202100024885,2021-07-01 19:03:00,2021,7,1,19,3,25,25031,CHATEAU (RUE DU),47.48055,6.83829,Plein jour,En agglomération,Intersection en T,Normale,Deux véhicules - côté,4,1,1,0,1,1,1,0,1,50,,2,1,0,1,0,46.0,23.0,,,1,2,3,1,3
202100024886,2021-08-09 13:50:00,2021,8,9,13,50,17,17333,EXPRESS (voie),45.61083,-0.97871,Plein jour,En agglomération,Hors intersection,Normale,Autre collision,3,2,2,0,1,1,1,0,3,80,,1,0,0,1,0,30.0,,,,1,2,1,1,6
202100024887,2021-08-07 13:00:00,2021,8,7,13,0,14,14437,N814,49.16327,-0.30634,Plein jour,Hors agglomération,Hors intersection,Pluie légère,Trois véhicules et plus - en chaîne,2,3,0,0,1,1,2,9,1,90,,6,4,0,0,2,47.0,35.0,,,1,1,1,2,4
202100024888,2021-08-09 00:45:00,2021,8,9,0,45,13,13209,MORGIOU (chemin de ),43.2457,5.4039,Nuit avec éclairage allumé,En agglomération,Hors intersection,Normale,Deux véhicules - côté,4,-1,2,0,1,2,1,0,1,50,,2,1,0,0,1,19.0,23.0,,,5,2,1,1,3
202100024889,2021-08-08 22:30:00,2021,8,8,22,30,13,13047,D.5,43.47623,4.9969,Nuit sans éclairage public,Hors agglomération,Giratoire,Normale,Deux véhicules - arrière,7,2,4,0,1,1,1,5,1,80,,2,1,0,0,1,,21.0,,,3,1,6,1,2
202100024890,2021-08-09 09:30:00,2021,8,9,9,30,06,06069,DUNANT (AVENUE HENRI),43.650559,6.921404,Plein jour,En agglomération,Intersection en T,Normale,Autre collision,4,2,2,0,3,1,1,0,1,50,,2,1,0,1,0,78.0,,,,1,2,3,1,6
202100024891,2021-08-06 19:05:00,2021,8,6,19,5,02,02738,CAMILLE DESMOULIN,49.657094,3.304815,Plein jour,En agglomération,Hors intersection,Normale,Sans collision,4,2,0,0,1,3,1,0,1,50,,1,0,0,1,0,15.0,,,,1,2,1,1,7
202100024892,2021-08-09 15:00:00,2021,8,9,15,0,75,75120,RUE DES PYRENEES,48.859163,2.402132,Plein jour,En agglomération,Intersection en X,Normale,Autre collision,4,2,1,0,1,1,1,0,1,50,,2,1,0,0,1,54.0,,,,1,2,2,1,6
202100024893,2021-07-14 20:00:00,2021,7,14,20,0,75,75116,AVENUE DE L HIPPODROME,48.863629,2.236969,Plein jour,En agglomération,Hors intersection,Normale,Autre collision,4,2,1,1,1,1,1,0,5,30,,2,1,0,0,1,26.0,,,,1,2,1,1,6
202100024894,2021-08-09 11:36:00,2021,8,9,11,36,75,75115,RUE LABROUSTE,48.835289,2.309192,Plein jour,En agglomération,Hors intersection,Normale,Autre collision,4,1,1,0,1,1,1,0,1,50,,2,1,0,0,1,22.0,,,,1,2,1,1,6
202100024895,2021-08-09 10:00:00,2021,8,9,10,0,75,75112,COURS DE VINCENNES,48.846906,2.411347,Plein jour,En agglomération,Intersection en X,Normale,Deux véhicules - arrière,4,-1,3,0,1,2,1,0,1,50,,2,1,0,0,1,36.0,21.0,,,1,2,2,1,2
202100024896,2021-08-09 10:10:00,2021,8,9,10,10,75,75112,QUAI DE BERCY,48.834764,2.380937,Plein jour,En agglomération,Hors intersection,Normale,Trois véhicules et plus - en chaîne,4,1,2,0,1,1,1,0,1,50,,4,3,0,0,1,36.0,37.0,,,1,2,1,1,4
202100024897,2021-08-08 14:50:00,2021,8,8,14,50,75,75112,BOULEVARD PONIATOWSKI,48.829207,2.390266,Plein jour,En agglomération,Intersection en T,Normale,Deux véhicules - côté,4,2,5,0,1,1,1,5,1,50,,2,1,0,0,1,23.0,34.0,,,1,2,3,1,3
202100024898,2021-08-09 08:55:00,2021,8,9,8,55,75,75111,BOULEVARD DE MENILMONTANT,48.862931,2.387517,Plein jour,En agglomération,Intersection en X,Pluie légère,Autre collision,4,3,4,1,2,1,2,0,1,50,,3,1,0,0,2,34.0,,,,1,2,2,2,6
202100024899,2021-08-09 12:50:00,2021,8,9,12,50,75,75110,BOULEVARD DE LA VILLETTE,48.881074,2.370093,Plein jour,En agglomération,Hors intersection,Normale,Sans collision,4,-1,1,1,1,1,2,0,5,50,,1,0,0,0,1,34.0,,,,1,2,1,1,7
202100024900,2021-08-09 08:50:00,2021,8,9,8,50,75,75110,RUE LA FAYETTE,48.878316,2.35324,Plein jour,En agglomération,Hors intersection,Pluie légère,Autre collision,4,1,4,1,1,1,2,0,5,50,,2,1,0,0,1,35.0,,,,1,2,1,2,6
202100024901,2021-08-09 16:20:00,2021,8,9,16,20,75,75107,QUAI BRANLY,48.861566,2.297713,Plein jour,En agglomération,Hors intersection,Normale,Deux véhicules - côté,4,2,5,1,1,1,1,0,5,50,,2,1,0,0,1,52.0,19.0,,,1,2,1,1,3
202100024902,2021-08-04 21:05:00,2021,8,4,21,5,94,94046,Rue Jean Jaurès,48.78957,2.435357,Nuit sans éclairage public,En agglomération,Hors intersection,Pluie légère,Autre collision,3,1,2,0,1,1,2,0,4,50,,2,1,0,0,1,44.0,,,,3,2,1,2,6
202100024903,2021-08-09 09:30:00,2021,8,9,9,30,94,94077,Avenue le Foll,48.72843,2.432,Plein jour,En agglomération,Hors intersection,Normale,Deux véhicules - arrière,4,1,3,0,1,1,1,0,1,50,,2,1,0,0,1,19.0,30.0,,,1,2,1,1,2
202100024904,2021-08-08 12:25:00,2021,8,8,12,25,93,93066,Boulevard Jules Guesde,48.935017,2.350108,Plein jour,En agglomération,Hors intersection,Normale,Autre collision,4,2,4,3,1,1,1,0,1,50,,2,1,0,0,1,,,,,1,2,1,1,6
202100024905,2021-08-09 09:40:00,2021,8,9,9,40,93,93066,Avenue du Président Wilson / Rue du Landy,48.9153724593,2.3575440382,Plein jour,En agglomération,Intersection en X,Pluie légère,Trois véhicules et plus - collisions multiples,3,1,4,0,1,1,2,5,1,30,,4,2,0,0,2,51.0,40.0,,,1,2,2,2,5
202100024906,2021-08-09 13:40:00,2021,8,9,13,40,93,93051,Route de Neuilly / Rue Pierre Brossolette,48.84698,2.54036,Plein jour,En agglomération,Intersection en X,Normale,Deux véhicules - côté,3,2,2,0,2,1,1,0,1,50,,5,4,0,0,1,20.0,33.0,,,1,2,2,1,3
202100024907,2021-08-09 08:25:00,2021,8,9,8,25,93,93048,Rue de Paris,48.8571,2.4304,Plein jour,En agglomération,Hors intersection,Normale,Deux véhicules - côté,3,2,2,0,1,1,1,0,1,50,,2,1,0,0,1,62.0,38.0,,,1,2,1,1,3
202100024908,2021-08-09 19:11:00,2021,8,9,19,11,93,93031,Boulevard Foch,48.94928,2.32973,Plein jour,En agglomération,Hors intersection,Normale,Deux véhicules - côté,3,2,2,0,1,1,1,0,1,50,,2,1,0,0,1,59.0,21.0,,,1,2,1,1,3
202100024909,2021-08-09 13:45:00,2021,8,9,13,45,93,93031,Avenue de Lattre de Tassigny,48.956556,2.310718,Plein jour,En agglomération,Hors intersection,Normale,Deux véhicules - côté,3,3,4,0,1,1,1,0,1,50,,2,1,0,0,1,23.0,21.0,,,1,2,1,1,3
202100024910,2021-08-09 12:35:00,2021,8,9,12,35,93,93047,COUBRON (RUE DE ),48.90319,2.57717,Plein jour,En agglomération,Hors intersection,Temps couvert,Deux véhicules - côté,4,4,2,0,4,4,1,9,1,50,,1,0,0,0,1,28.0,,,,1,2,1,8,3
202100024911,2021-08-07 13:00:00,2021,8,7,13,0,93,93014,Avenue Jean Moulin,48.908229,2.555069,Plein jour,En agglomération,Hors intersection,Normale,Autre collision,4,2,2,0,1,1,2,0,1,50,,2,1,0,0,1,52.0,,,,1,2,1,1,6
202100024912,2021-08-09 22:40:00,2021,8,9,22,40,93,93007,ALBERT EINSTEIN (AVENUE),48.94409,2.47236,Nuit avec éclairage allumé,En agglomération,Hors intersection,Normale,Deux véhicules - arrière,4,2,2,0,1,1,1,0,1,50,,3,2,0,0,1,34.0,29.0,,,5,2,1,1,2
202100024913,2021-08-09 15:00:00,2021,8,9,15,0,93,93001,GARDINOUX (RUE DES),48.90664,2.369531,Plein jour,En agglomération,Hors intersection,Normale,Deux véhicules - côté,4,2,1,0,1,1,1,0,1,50,,2,1,0,0,1,60.0,42.0,,,1,2,1,1,3
202100024914,2021-08-09 17:15:00,2021,8,9,17,15,92,92050,PORT RUE DU,48.89381,2.17777,Plein jour,En agglomération,Hors intersection,Normale,Deux véhicules - côté,4,1,2,1,1,1,1,0,5,50,,2,1,0,0,1,65.0,39.0,,,1,2,1,1,3
202100024915,2021-08-09 12:00:00,2021,8,9,12,0,92,92050,boulevard Aimé Césaire,48.89398,2.22732,Plein jour,En agglomération,Intersection en T,Normale,Deux véhicules - côté,3,3,4,0,1,1,1,8,1,50,,3,2,0,0,1,31.0,54.0,,,1,2,3,1,3
202100024916,2021-08-06 19:30:00,2021,8,6,19,30,92,92036,THOMAS EDISON (RUE),48.9337766433,2.3133891972,Plein jour,En agglomération,Intersection en T,Normale,Autre collision,3,2,2,0,1,1,1,0,1,50,,2,1,0,0,1,21.0,,,,1,2,3,1,6
202100024917,2021-08-08 22:40:00,2021,8,8,22,40,92,92023,GENERAL DE GAULLE (AV DU) N°130 A 340 ET,48.7834224082,2.2467102022,Nuit avec éclairage allumé,En agglomération,Intersection en X,Normale,Deux véhicules - côté,3,2,2,0,1,1,1,0,1,50,,2,1,0,0,1,24.0,40.0,,,5,2,2,1,3
202100024918,2021-07-22 18:15:00,2021,7,22,18,15,974,97415,29 Route de Mafate,-20.973782,55.305168,Nuit sans éclairage public,Hors agglomération,Hors intersection,Normale,Deux véhicules - côté,3,2,2,0,1,1,1,0,1,80,,2,1,0,1,0,22.0,36.0,,,3,1,1,1,3
202100024919,2021-08-10 07:55:00,2021,8,10,7,55,01,01290,RD 1084,45.889149,5.174228,Plein jour,Hors agglomération,Autre intersection,Normale,Deux véhicules - côté,3,2,2,0,1,1,1,0,1,80,,2,0,1,0,1,88.0,56.0,,,1,1,9,1,3
202100024920,2021-07-23 02:45:00,2021,7,23,2,45,17,17373,D109,46.146156,-0.984584,Nuit sans éclairage public,Hors agglomération,Hors intersection,Normale,Autre collision,3,2,2,0,1,1,1,0,3,80,,1,0,0,0,1,19.0,,,,3,1,1,1,6
202100024921,2021-08-08 15:45:00,2021,8,8,15,45,988,98812,RPN7 - lieu dit LA BOUVERIE,-20.498557,164.277315,Plein jour,Hors agglomération,Hors intersection,Normale,Autre collision,3,2,2,0,2,4,1,0,8,-1,,1,0,0,1,0,63.0,,,,1,1,1,1,6
202100024922,2021-08-10 09:00:00,2021,8,10,9,0,05,05161,Route du Bez,44.943888,6.556746,Plein jour,En agglomération,Intersection en T,Normale,Deux véhicules - arrière,4,2,2,0,2,1,1,0,1,50,,3,2,0,1,0,26.0,55.0,,,1,2,3,1,2
202100024923,2021-08-10 07:15:00,2021,8,10,7,15,974,97412,RN 1002,-21.373652,55.615186,Plein jour,Hors agglomération,Giratoire,Normale,Deux véhicules - frontale,2,2,2,0,2,1,1,5,1,70,,2,1,0,0,1,31.0,,,,1,1,6,1,1
202100024924,2021-08-08 12:30:00,2021,8,8,12,30,63,63219,lieu dit les gardes,45.794325,2.900434,Plein jour,Hors agglomération,Hors intersection,Temps couvert,Sans collision,3,2,2,0,2,3,9,0,1,80,,2,0,0,0,2,29.0,51.0,,,1,1,1,8,7
202100024925,2021-08-10 13:18:00,2021,8,10,13,18,67,67106,Route du Rhin (Pont),48.757097,7.960244,Plein jour,En agglomération,Hors intersection,Temps éblouissant,Deux véhicules - frontale,3,2,2,0,1,1,1,2,1,50,,4,3,1,0,0,57.0,69.0,,,1,2,1,7,1
202100024926,2021-08-10 02:25:00,2021,8,10,2,25,30,30221,D976,44.060669,4.770641,Nuit sans éclairage public,Hors agglomération,Hors intersection,Normale,Autre collision,3,2,2,0,1,1,1,0,1,80,,1,0,0,0,1,23.0,,,,3,1,1,1,6
202100024927,2021-08-09 08:51:00,2021,8,9,8,51,30,30334,RD982,44.019445,4.429765,Plein jour,Hors agglomération,Autre intersection,Normale,Deux véhicules - côté,3,2,2,0,1,1,1,0,1,80,,2,1,0,1,0,60.0,42.0,,,1,1,9,1,3
202100024928,2021-08-09 13:00:00,2021,8,9,13,0,56,56237,lieu dit Le Faouet,48.013432,-2.973529,Plein jour,Hors agglomération,Hors intersection,Normale,Trois véhicules et plus - collisions multiples,3,2,2,0,1,1,1,0,1,80,,4,3,0,1,0,40.0,45.0,,,1,1,1,1,5
202100024929,2021-08-10 00:40:00,2021,8,10,0,40,56,56161,Pont Fol,47.667862,-3.070378,Nuit avec éclairage allumé,Hors agglomération,Giratoire,Normale,Deux véhicules - côté,3,2,2,0,1,1,1,5,1,70,,5,1,0,0,4,19.0,41.0,,,5,1,6,1,3
202100024930,2021-07-31 02:30:00,2021,7,31,2,30,2B,2B251,Casamozza,41.986586,9.401169,Nuit avec éclairage allumé,En agglomération,Hors intersection,Normale,Autre collision,2,2,2,0,1,1,1,0,8,50,,1,0,0,1,0,24.0,,,,5,2,1,1,6
202100024931,2021-08-09 18:20:00,2021,8,9,18,20,82,82187,Pech Grimal,44.147406,1.855633,Plein jour,Hors agglomération,Intersection en T,Normale,Deux véhicules - côté,3,2,2,0,2,1,1,0,1,80,,3,2,0,1,0,60.0,8.0,,,1,1,3,1,3
202100024932,2021-08-10 08:05:00,2021,8,10,8,5,81,81175,grand champ - RD12,43.959175,1.585894,Plein jour,Hors agglomération,Hors intersection,Normale,Autre collision,3,2,2,0,2,2,9,0,3,80,,1,0,0,1,0,29.0,,,,1,1,1,1,6
202100024933,2021-08-09 19:00:00,2021,8,9,19,0,32,32301,Route de César,43.687363,0.512688,Plein jour,Hors agglomération,Hors intersection,Normale,Sans collision,4,2,2,0,1,1,1,0,1,50,,1,0,0,1,0,17.0,,,,1,1,1,1,7
202100024934,2021-08-09 18:26:00,2021,8,9,18,26,76,76618,D925,49.936583,1.16837,Plein jour,Hors agglomération,Intersection en X,Normale,Deux véhicules - frontale,3,2,2,0,1,1,1,5,1,-1,,2,1,0,0,1,20.0,30.0,,,1,1,2,1,1
202100024935,2021-08-09 21:50:00,2021,8,9,21,50,49,49221,Route de l Oisellerie,47.456463,0.015954,Nuit avec éclairage allumé,Hors agglomération,Intersection en X,Normale,Deux véhicules - côté,3,2,2,0,1,3,1,5,1,70,,3,1,0,0,2,24.0,27.0,,,5,1,2,1,3
202100024936,2021-08-10 09:00:00,2021,8,10,9,0,47,47079,Route de Villeneuve,44.379883,0.863585,Plein jour,Hors agglomération,Intersection en T,Normale,Deux véhicules - côté,3,2,2,0,1,3,1,0,1,80,,2,1,0,1,0,22.0,36.0,,,1,1,3,1,3
202100024937,2021-08-09 17:00:00,2021,8,9,17,0,34,34281,D30,43.5277475013,3.5499022901,Plein jour,Hors agglomération,Hors intersection,Normale,Deux véhicules - frontale,3,2,2,0,2,3,1,0,1,80,,2,0,1,0,1,57.0,43.0,,,1,1,1,1,1
202100024938,2021-08-09 18:40:00,2021,8,9,18,40,22,22181,Lieu Dit Kerauter,48.221785,-3.196507,Plein jour,Hors agglomération,Hors intersection,Normale,Sans collision,3,2,2,0,1,1,1,0,1,80,,1,0,0,0,1,16.0,,,,1,1,1,1,7
202100024939,2021-08-10 07:50:00,2021,8,10,7,50,39,39255,,46.534419,5.427433,Plein jour,Hors agglomération,Intersection en T,Normale,Deux véhicules - côté,3,2,2,0,1,1,1,0,1,70,,2,1,0,1,0,24.0,18.0,,,1,1,3,1,3
202100024940,2021-08-08 11:30:00,2021,8,8,11,30,31,31317,Les Arrougès,43.30688,1.108407,Plein jour,En agglomération,Hors intersection,Normale,Sans collision,3,2,2,0,2,3,1,0,3,50,,1,0,1,0,0,65.0,,,,1,2,1,1,7
202100024941,2021-08-09 17:00:00,2021,8,9,17,0,38,38370,Route du Furand,45.107935,5.23763,Plein jour,Hors agglomération,Hors intersection,Normale,Sans collision,4,2,2,0,2,2,8,0,1,50,,1,0,0,1,0,58.0,,,,1,1,1,1,7
202100024942,2021-08-09 18:15:00,2021,8,9,18,15,38,38547,Avenue Robert Huant,45.264227,5.900452,Plein jour,En agglomération,Giratoire,Normale,Deux véhicules - côté,3,2,2,0,1,2,1,5,1,50,,2,1,0,0,1,13.0,24.0,,,1,2,6,1,3
202100024943,2021-08-10 12:58:00,2021,8,10,12,58,02,02758,"Le Fosse Michaux (D14, PK 21+040 )",49.419196,3.512334,Plein jour,Hors agglomération,Autre intersection,Normale,Autre collision,3,2,2,0,2,3,1,0,1,80,,4,3,0,1,0,58.0,55.0,,,1,1,9,1,6
202100024944,2021-08-08 18:49:00,2021,8,8,18,49,84,84133,428 Boulevard de Saint Roch,43.721542,5.542132,Plein jour,En agglomération,Hors intersection,Normale,Deux véhicules - arrière,3,2,2,0,1,1,1,0,1,30,,3,1,0,1,1,16.0,64.0,,,1,2,1,1,2
202100024945,2021-08-09 19:30:00,2021,8,9,19,30,03,03247,L Ouche Tureau,46.583288,3.174684,Plein jour,Hors agglomération,Hors intersection,Normale,Deux véhicules - côté,3,2,2,0,1,1,1,0,1,90,,2,0,1,0,1,41.0,47.0,,,1,1,1,1,3
202100024946,2021-08-09 22:10:00,2021,8,9,22,10,26,26106,11 Route Nationale 7,44.650872,4.782931,Nuit avec éclairage allumé,En agglomération,Hors intersection,Normale,Deux véhicules - côté,2,2,3,0,1,2,1,0,1,-1,,3,2,0,0,1,28.0,55.0,,,5,2,1,1,3
202100024947,2021-08-07 11:37:00,2021,8,7,11,37,14,14119,D613,49.150138,-0.264192,Plein jour,En agglomération,Autre intersection,Normale,Deux véhicules - côté,3,2,2,0,1,1,1,0,1,50,,2,1,0,0,1,43.0,50.0,,,1,2,9,1,3
202100024948,2021-08-09 16:45:00,2021,8,9,16,45,05,05050,D900b,44.463981,6.222445,Plein jour,Hors agglomération,Hors intersection,Normale,Deux véhicules - arrière,3,2,2,0,1,1,1,0,1,90,,3,2,0,0,1,40.0,54.0,,,1,1,1,1,2
202100024949,2021-08-05 16:10:00,2021,8,5,16,10,90,90033,Faubourg de Belfort,47.512882,7.001005,Plein jour,En agglomération,Hors intersection,Normale,Deux véhicules - frontale,3,2,2,0,1,1,1,0,1,50,,2,1,0,0,1,76.0,,,,1,2,1,1,1
202100024950,2021-08-09 09:00:00,2021,8,9,9,0,83,83044,RD 955,43.6719486502,6.5051865889,Plein jour,Hors agglomération,Hors intersection,Normale,Autre collision,3,2,2,0,2,3,1,0,3,80,,1,0,0,1,0,37.0,,,,1,1,1,1,6
202100024951,2021-08-09 00:48:00,2021,8,9,0,48,45,45296,Saumery,47.982002,1.716839,Nuit sans éclairage public,Hors agglomération,Hors intersection,Normale,Autre collision,3,2,2,0,1,3,1,0,8,90,,1,0,0,1,0,35.0,,,,3,1,1,1,6
202100024952,2021-08-08 06:30:00,2021,8,8,6,30,43,43152,D13,45.096443,3.852178,Crépuscule ou aube,Hors agglomération,Hors intersection,Normale,Sans collision,3,2,2,0,1,2,1,0,3,80,,1,0,0,1,0,21.0,,,,2,1,1,1,7
202100024953,2021-08-08 12:15:00,2021,8,8,12,15,43,43039,Carrefour face école et D54,44.934956,3.879969,Plein jour,En agglomération,Intersection en T,Normale,Sans collision,3,2,2,0,2,1,1,0,1,30,,1,0,0,1,0,65.0,,,,1,2,3,1,7
202100024954,2021-08-10 12:25:00,2021,8,10,12,25,10,10199,2 Rue des Caves,48.063393,4.506251,Plein jour,En agglomération,Intersection en T,Temps éblouissant,Deux véhicules - arrière,3,2,2,0,2,1,1,0,1,50,,2,1,0,1,0,85.0,69.0,,,1,2,3,7,2
202100024955,2021-08-08 18:15:00,2021,8,8,18,15,07,07155,Cd 235 - Route d'alihon,44.618323,4.352852,Plein jour,Hors agglomération,Hors intersection,Normale,Sans collision,3,2,2,0,1,1,1,0,8,80,,2,0,0,1,1,60.0,,,,1,1,1,1,7
202100024956,2021-08-08 11:20:00,2021,8,8,11,20,07,07288,Col de l'Escrinet (Col de montagne),44.718357,4.492915,Plein jour,Hors agglomération,Intersection en T,Normale,Trois véhicules et plus - collisions multiples,3,2,2,0,3,1,1,0,1,80,,6,4,0,2,0,20.0,27.0,,,1,1,3,1,5
202100024957,2021-08-08 11:10:00,2021,8,8,11,10,85,85204,Rue des Prairies,46.82305,-1.75968,Plein jour,En agglomération,Intersection en Y,Normale,Deux véhicules - côté,3,2,2,0,4,1,1,0,1,50,,2,1,0,1,0,63.0,62.0,,,1,2,4,1,3
202100024958,2021-08-09 18:15:00,2021,8,9,18,15,87,87153,La Maraude,45.83466,1.697645,Plein jour,Hors agglomération,Hors intersection,Normale,Autre collision,3,2,2,0,1,3,1,0,3,80,,2,0,1,0,1,24.0,23.0,,,1,1,1,1,6
202100024959,2021-08-09 18:30:00,2021,8,9,18,30,48,48094,Lieu dit Soulages 48500,44.333442,3.221183,Plein jour,En agglomération,Hors intersection,Normale,Deux véhicules - frontale,4,2,2,0,1,3,1,0,1,50,,3,2,0,1,0,35.0,20.0,,,1,2,1,1,1