accident_id,datetime,annee,mois,jour,heure,minute,departement,commune_insee,adresse,latitude,longitude,luminosite,agglomeration,intersection,meteo,collision,catr,circ,nbv,vosp,prof,plan,surf,infra,situ,vma,nb_vehicules,nb_usagers,nb_indemnes,nb_tues,nb_blesses_hosp,nb_blesses_legers,age_cond_1,age_cond_2,veh_type_cond_1,veh_type_cond_2,lum_code,agg_code,int_code,atm_code,col_code
202100024960,2021-08-08 11:00:00,2021,8,8,11,0,987,98750,Taputapuatea,-16.802574,-151.424078,Plein jour,Hors agglomération,Hors intersection,Normale,Deux véhicules - frontale,4,2,2,0,1,2,1,0,1,-1,,2,1,0,1,0,32.0,55.0,,,1,1,1,1,1
202100024961,2021-08-03 17:40:00,2021,8,3,17,40,971,97125,Belle Allée,16.258917,-61.298271,Crépuscule ou aube,Hors agglomération,Autre intersection,Normale,Deux véhicules - arrière,2,2,2,0,1,1,1,0,1,80,,2,1,0,1,0,60.0,42.0,,,2,1,9,1,2
202100024962,2021-08-10 08:36:00,2021,8,10,8,36,77,77273,Route départementale 41,49.048684,2.762761,Plein jour,Hors agglomération,Hors intersection,Pluie légère,Deux véhicules - frontale,3,2,2,0,1,3,2,0,1,80,,2,1,0,0,1,56.0,79.0,,,1,1,1,2,1
202100024963,2021-08-03 10:15:00,2021,8,3,10,15,84,84129,RD 907 Avenue d'Avignon,43.993092,4.864647,Plein jour,Hors agglomération,Hors intersection,Normale,Sans collision,3,3,2,0,1,1,1,0,1,70,,2,1,0,0,1,38.0,73.0,,,1,1,1,1,7
202100024964,2021-08-10 17:00:00,2021,8,10,17,0,83,83042,N 98,43.230704,6.519195,Plein jour,Hors agglomération,Hors intersection,Normale,Deux véhicules - frontale,3,2,2,0,1,3,1,0,1,80,,2,0,0,1,1,29.0,57.0,,,1,1,1,1,1
202100024965,2021-08-07 08:15:00,2021,8,7,8,15,83,83064,Boulevard de la Libération,43.330813,6.046563,Plein jour,En agglomération,Giratoire,Normale,Deux véhicules - côté,3,-1,2,0,1,1,1,5,1,50,,2,1,0,1,0,67.0,80.0,,,1,2,6,1,3
202100024966,2021-08-09 23:45:00,2021,8,9,23,45,06,06128,M36,43.686163,7.130347,Nuit sans éclairage public,Hors agglomération,Giratoire,Normale,Autre collision,3,1,2,0,2,3,1,9,1,50,,1,0,1,0,0,22.0,,,,3,1,6,1,6
202100024967,2021-08-10 08:00:00,2021,8,10,8,0,89,89427,50 Route Nationale,47.747721,3.541862,Plein jour,En agglomération,Hors intersection,Normale,Deux véhicules - frontale,2,2,2,0,1,1,1,0,1,50,,5,1,0,2,2,74.0,32.0,,,1,2,1,1,1
202100024968,2021-08-10 14:25:00,2021,8,10,14,25,38,38190,D65,45.804647,5.288222,Plein jour,En agglomération,Intersection en T,Normale,Deux véhicules - arrière,3,2,1,0,1,1,1,0,1,50,,3,1,0,1,1,59.0,28.0,,,1,2,3,1,2
202100024969,2021-08-09 10:40:00,2021,8,9,10,40,26,26169,1920 Route de Donzere,44.470426,4.741749,Plein jour,Hors agglomération,Intersection en T,Normale,Deux véhicules - côté,3,2,2,0,2,1,1,0,1,80,,3,2,0,1,0,61.0,30.0,,,1,1,3,1,3
202100024970,2021-08-10 10:45:00,2021,8,10,10,45,69,69009,D306,45.955525,4.715088,Plein jour,Hors agglomération,Hors intersection,Normale,Deux véhicules - arrière,3,2,2,2,1,1,1,0,1,70,,2,1,0,0,1,52.0,23.0,,,1,1,1,1,2
202100024971,2021-08-10 09:25:00,2021,8,10,9,25,81,81105,54 Avenue Gambetta,43.7608211844,1.9869174063,Plein jour,En agglomération,Hors intersection,Normale,Autre collision,4,2,2,0,1,1,1,0,8,50,,2,1,0,1,0,72.0,,,,1,2,1,1,6
202100024972,2021-08-09 17:20:00,2021,8,9,17,20,60,60589,,49.2227712694,2.4554754495,Plein jour,En agglomération,Intersection en T,Normale,Sans collision,3,2,2,0,1,1,1,0,1,-1,,1,0,0,0,1,19.0,,,,1,2,3,1,7
202100024973,2021-08-09 00:30:00,2021,8,9,0,30,13,13005,A50-Sens Marseille vers Aubagne,43.28565,5.56952,Nuit sans éclairage public,Hors agglomération,Hors intersection,Normale,Deux véhicules - arrière,1,1,2,0,2,1,1,0,1,110,,4,3,0,0,1,48.0,20.0,,,3,1,1,1,2
202100024974,2021-08-06 11:23:00,2021,8,6,11,23,83,83129,A50,43.1202970331,5.8488638741,Plein jour,Hors agglomération,Hors intersection,Normale,Deux véhicules - frontale,1,1,1,0,3,1,1,3,1,70,,2,1,0,0,1,31.0,45.0,,,1,1,1,1,1
202100024975,2021-08-09 15:40:00,2021,8,9,15,40,33,33448,AUTOROUTE A 62,44.701371,-0.502894,Plein jour,Hors agglomération,Hors intersection,Normale,Trois véhicules et plus - en chaîne,1,3,4,0,1,1,1,0,1,130,,5,3,0,0,2,32.0,28.0,,,1,1,1,1,4
202100024976,2021-08-06 16:55:00,2021,8,6,16,55,59,59196,AUTOROUTE A25,50.6358060187,2.9447216966,Plein jour,Hors agglomération,Hors intersection,Normale,Trois véhicules et plus - collisions multiples,1,-1,4,0,1,1,1,0,1,110,,4,2,0,0,2,19.0,25.0,,,1,1,1,1,5
202100024977,2021-08-06 18:00:00,2021,8,6,18,0,59,59356,ROUTE DEPARTEMENTALE 652,50.6532880138,3.0043745041,Plein jour,Hors agglomération,Hors intersection,Normale,Deux véhicules - côté,7,3,2,0,1,1,2,0,1,90,,2,1,0,0,1,23.0,37.0,,,1,1,1,1,3
202100024978,2021-08-09 11:20:00,2021,8,9,11,20,94,94021,AUTOROUTE A6B,48.75962,2.33859,Plein jour,Hors agglomération,Hors intersection,Normale,Sans collision,1,3,3,0,1,4,1,0,1,50,,1,0,0,0,1,24.0,,,,1,1,1,1,7
202100024979,2021-08-07 22:26:00,2021,8,7,22,26,91,91286,AUTOROUTE A6,48.652007,2.382582,Nuit sans éclairage public,Hors agglomération,Hors intersection,Normale,Autre collision,1,3,6,0,1,1,1,0,1,110,,2,1,1,0,0,,,,,3,1,1,1,6
202100024980,2021-08-09 10:20:00,2021,8,9,10,20,92,92036,AUTOROUTE A15,48.9378886633,2.297667219,Plein jour,Hors agglomération,Hors intersection,Normale,Trois véhicules et plus - collisions multiples,1,3,8,0,1,1,2,0,1,110,,3,2,0,0,1,39.0,39.0,,,1,1,1,1,5
202100024981,2021-08-09 09:00:00,2021,8,9,9,0,95,95582,RD 170,48.96339,2.26265,Plein jour,Hors agglomération,Hors intersection,Pluie légère,Autre collision,3,1,1,0,1,3,2,3,1,50,,1,0,0,0,1,21.0,,,,1,1,1,2,6
202100024982,2021-08-09 20:30:00,2021,8,9,20,30,94,94074,RN406.W,48.7668528202,2.4541433386,Nuit sans éclairage public,Hors agglomération,Hors intersection,Normale,Trois véhicules et plus - en chaîne,2,1,2,0,1,1,1,0,1,90,,3,2,0,0,1,55.0,49.0,,,3,1,1,1,4
202100024983,2021-08-09 19:00:00,2021,8,9,19,0,94,94052,A86 INT,48.8411888425,2.4928625425,Plein jour,Hors agglomération,Hors intersection,Normale,Trois véhicules et plus - en chaîne,1,3,3,0,1,1,1,1,1,90,,3,2,0,0,1,35.0,54.0,,,1,1,1,1,4
202100024984,2021-08-09 13:40:00,2021,8,9,13,40,94,94079,A4,48.8359457627,2.5398910046,Plein jour,Hors agglomération,Hors intersection,Normale,Autre collision,1,-1,4,0,2,3,1,0,2,110,,2,0,0,0,2,83.0,,,,1,1,1,1,6
202100024985,2021-03-19 18:25:00,2021,3,19,18,25,44,44073,RD 164 Cramezeul,47.4219125749,-1.6587209702,Plein jour,Hors agglomération,Intersection en X,Normale,Deux véhicules - côté,3,2,2,0,1,1,1,0,1,80,,2,1,0,1,0,15.0,38.0,,,1,1,2,1,3
202100024986,2021-08-08 21:10:00,2021,8,8,21,10,77,77108,BD CHILPERIC,48.87461,2.58466,Crépuscule ou aube,En agglomération,Hors intersection,Normale,Autre collision,4,1,1,3,1,1,1,0,1,30,,2,1,0,1,0,40.0,,,,2,2,1,1,6
202100024987,2021-08-08 07:00:00,2021,8,8,7,0,973,97302,LIBERTE (AVENUE DE LA),4.9359547047,-52.3306918144,Plein jour,En agglomération,Hors intersection,Normale,Sans collision,4,1,1,0,1,1,1,9,1,50,,2,1,0,1,0,33.0,,,,1,2,1,1,7
202100024988,2021-08-08 16:50:00,2021,8,8,16,50,69,69388,PAUL SANTY (AV),45.7308,4.87471,Plein jour,En agglomération,Hors intersection,Normale,Deux véhicules - arrière,4,3,2,3,1,1,1,0,1,50,,3,2,0,0,1,26.0,19.0,,,1,2,1,1,2
202100024989,2021-08-08 11:45:00,2021,8,8,11,45,69,69386,LAFAYETTE (CR),45.7636192093,4.8470561206,Plein jour,En agglomération,Intersection en T,Normale,Deux véhicules - côté,4,1,1,3,1,1,1,0,1,50,,4,2,1,0,1,46.0,59.0,,,1,2,3,1,3
202100024990,2021-08-08 21:39:00,2021,8,8,21,39,95,95424,RD 392,48.9834125709,2.1818938851,Nuit avec éclairage allumé,En agglomération,Hors intersection,Pluie légère,Autre collision,3,2,2,0,1,1,2,0,1,50,,2,1,0,0,1,27.0,,,,5,2,1,2,6
202100024991,2021-08-08 00:43:00,2021,8,8,0,43,76,76259,COTY ( RUE PRESIDENT RENE),49.75712,0.36303,Nuit avec éclairage allumé,En agglomération,Hors intersection,Temps couvert,Autre collision,3,2,2,0,2,2,1,0,1,30,,2,0,0,0,2,38.0,,,,5,2,1,8,6
202100024992,2021-08-08 07:25:00,2021,8,8,7,25,74,74118,LIBERATION (ROUTE DE LA),46.18041625,6.22980812,Crépuscule ou aube,En agglomération,Giratoire,Normale,Deux véhicules - côté,3,2,1,0,1,1,1,5,1,50,,2,1,0,0,1,23.0,23.0,,,2,2,6,1,3
202100024993,2021-08-08 16:40:00,2021,8,8,16,40,69,69271,CHARLES DE GAULLE (BD),45.7432641061,4.9372616403,Plein jour,En agglomération,Intersection en X,Normale,Deux véhicules - côté,7,3,4,3,1,1,1,5,1,50,,2,0,1,0,1,22.0,50.0,,,1,2,2,1,3
202100024994,2021-08-07 09:15:00,2021,8,7,9,15,59,59350,ARRAS RUE D,50.61663,3.06312,Plein jour,En agglomération,Intersection en X,Normale,Deux véhicules - côté,1,1,2,0,2,1,1,0,1,50,,7,6,0,0,1,44.0,54.0,,,1,2,2,1,3
202100024995,2021-08-08 14:40:00,2021,8,8,14,40,45,45147,Avenue d’Oradour - sur - Glane,47.933507987,1.9214061563,Plein jour,En agglomération,Intersection en X,Normale,Deux véhicules - côté,4,3,4,0,1,1,1,0,1,50,,4,2,0,0,2,33.0,51.0,,,1,2,2,1,3
202100024996,2021-08-07 20:41:00,2021,8,7,20,41,44,44055,BOIS D'AMOUR ( AVENUE DU ),47.2875,-2.381296,Crépuscule ou aube,En agglomération,Hors intersection,Normale,Deux véhicules - arrière,4,2,2,0,1,1,1,0,1,50,,3,2,0,1,0,31.0,28.0,,,2,2,1,1,2
202100024997,2021-08-06 19:00:00,2021,8,6,19,0,43,43002,Avenue de Bonneville,45.0502983815,3.8815051317,Plein jour,En agglomération,Hors intersection,Normale,Deux véhicules - arrière,3,2,2,0,1,1,1,0,1,50,,2,1,0,0,1,20.0,20.0,,,1,2,1,1,2
202100024998,2021-08-08 17:15:00,2021,8,8,17,15,38,38185,Avenue Edmond Esmonin,45.16188,5.71568,Plein jour,En agglomération,Intersection en X,Normale,Deux véhicules - côté,7,2,3,3,1,1,1,0,1,50,,2,1,0,0,1,37.0,,,,1,2,2,1,3
202100024999,2021-08-08 04:42:00,2021,8,8,4,42,38,38151,A480,45.15241,5.69782,Nuit sans éclairage public,Hors agglomération,Hors intersection,Temps couvert,Trois véhicules et plus - collisions multiples,1,2,4,0,1,1,1,8,1,90,,3,1,0,0,2,,24.0,,,3,1,1,8,5
202100025000,2021-08-08 13:00:00,2021,8,8,13,0,35,35238,RN136,48.11704,-1.71954,Plein jour,Hors agglomération,Hors intersection,Normale,Deux véhicules - arrière,2,3,4,0,2,1,1,0,1,90,,2,1,0,0,1,60.0,32.0,,,1,1,1,1,2
202100025001,2021-08-07 00:15:00,2021,8,7,0,15,34,34032,KENNEDY PRESIDENT (BD DU),43.354841,3.239794,Nuit avec éclairage allumé,En agglomération,Hors intersection,Normale,Autre collision,4,3,4,0,1,1,1,0,1,50,,3,1,2,0,0,31.0,,,,5,2,1,1,6
202100025002,2021-08-06 20:00:00,2021,8,6,20,0,34,34003,Avenue des Sergents,43.28527,3.50557,Plein jour,En agglomération,Hors intersection,Normale,Deux véhicules - frontale,4,-1,0,0,4,1,1,0,1,50,,2,1,0,1,0,31.0,50.0,,,1,2,1,1,1
202100025003,2021-08-08 18:45:00,2021,8,8,18,45,31,31555,ALL DES FOULQUES,43.65397,1.42009,Plein jour,En agglomération,Hors intersection,Normale,,4,2,2,0,1,1,1,0,1,50,,1,0,0,1,0,28.0,,,,1,2,1,1,-1
202100025004,2021-08-11 10:45:00,2021,8,11,10,45,29,29019,Avenue de Tarente,48.4045151351,-4.509805441,Plein jour,En agglomération,Intersection en T,Normale,Deux véhicules - côté,4,2,2,0,1,1,1,5,1,50,,4,1,0,0,3,59.0,52.0,,,1,2,3,1,3
202100025005,2021-08-08 15:40:00,2021,8,8,15,40,17,17380,EXPRESS (VOIE),45.6554,-1.0959,Plein jour,Hors agglomération,Hors intersection,Normale,Deux véhicules - frontale,3,2,2,0,1,1,1,0,1,70,,2,1,1,0,0,54.0,35.0,,,1,1,1,1,1
202100025006,2021-08-08 09:30:00,2021,8,8,9,30,17,17291,35 PK RN11 NANTES ROCADE,46.17177,-1.12096,Plein jour,Hors agglomération,Hors intersection,Normale,Trois véhicules et plus - en chaîne,2,3,4,0,1,1,1,0,1,70,,6,5,0,0,1,66.0,54.0,,,1,1,1,1,4
202100025007,2021-08-08 04:30:00,2021,8,8,4,30,17,17028,FABIEN   RUE DU COLONEL,46.13155,-1.11466,Nuit sans éclairage public,En agglomération,Hors intersection,Pluie légère,Autre collision,4,1,2,0,1,1,2,0,1,20,,1,0,0,0,1,20.0,,,,3,2,1,2,6
202100025008,2021-08-07 10:35:00,2021,8,7,10,35,17,17291,01 PK RN237 MOULIN JUSTICE RE,46.17666,-1.12619,Plein jour,Hors agglomération,Hors intersection,Normale,Trois véhicules et plus - collisions multiples,2,3,6,0,1,1,1,3,1,90,,5,0,0,0,5,41.0,39.0,,,1,1,1,1,5
202100025009,2021-08-08 16:30:00,2021,8,8,16,30,13,13209,COL DE LA GINESTE D559,43.24225,5.44916,Plein jour,En agglomération,Hors intersection,Normale,Deux véhicules - frontale,7,2,2,0,2,2,1,0,1,50,,2,0,0,0,2,35.0,38.0,,,1,2,1,1,1
202100025010,2021-08-08 08:35:00,2021,8,8,8,35,13,13214,AVENUE RAIMU,43.3333,5.3989,Plein jour,En agglomération,Hors intersection,Normale,Deux véhicules - côté,4,2,4,0,2,1,1,0,1,50,,2,1,0,1,0,46.0,,,,1,2,1,1,3
202100025011,2021-08-08 03:35:00,2021,8,8,3,35,13,13205,SAKAKINI (BOULEVARD),43.29,5.4,Nuit avec éclairage allumé,En agglomération,Autre intersection,Normale,Deux véhicules - arrière,4,-1,2,0,1,1,1,0,1,50,,3,2,0,0,1,26.0,,,,5,2,9,1,2
202100025012,2021-08-02 18:30:00,2021,8,2,18,30,13,13210,PAUL CLAUDEL (BOULEVARD),43.2694,5.4216,Plein jour,En agglomération,Autre intersection,Normale,Deux véhicules - côté,4,2,2,0,1,1,1,0,1,50,,2,1,0,0,1,20.0,42.0,,,1,2,9,1,3
202100025013,2021-08-02 17:00:00,2021,8,2,17,0,05,05023,REPUBLIQUE (AVENUE DE LA),44.89755,6.63726,Plein jour,En agglomération,Hors intersection,Normale,Autre collision,3,2,2,0,2,1,1,9,1,30,,2,1,0,0,1,20.0,,,,1,2,1,1,6
202100025014,2021-08-08 06:25:00,2021,8,8,6,25,75,75115,ECHANGEUR ISSY,48.834973,2.273399,Plein jour,En agglomération,Hors intersection,Normale,Autre collision,4,1,4,0,1,1,1,0,1,70,,1,0,0,0,1,28.0,,,,1,2,1,1,6
202100025015,2021-08-08 11:52:00,2021,8,8,11,52,75,75105,BOULEVARD SAINT GERMAIN,48.850816,2.345529,Plein jour,En agglomération,Intersection en X,Normale,Deux véhicules - côté,4,1,2,3,1,1,1,0,6,50,,2,1,0,0,1,66.0,29.0,,,1,2,2,1,3
202100025016,2021-08-08 20:20:00,2021,8,8,20,20,75,75119,BOULEVARD DE LA VILLETTE,48.875153,2.373618,Plein jour,En agglomération,Intersection en T,Normale,Autre collision,4,2,3,0,1,1,1,0,1,50,,2,1,0,0,1,,,,,1,2,3,1,6
202100025017,2021-08-08 18:45:00,2021,8,8,18,45,75,75119,AVENUE JEAN JAURES,48.889061,2.393942,Plein jour,En agglomération,Hors intersection,Normale,Deux véhicules - côté,4,2,5,1,1,1,1,0,5,50,,2,1,0,0,1,38.0,14.0,,,1,2,1,1,3
202100025018,2021-08-08 17:00:00,2021,8,8,17,0,75,75116,RUE GALILEE,48.870933,2.297508,Plein jour,En agglomération,Intersection en X,Normale,Autre collision,4,1,1,0,1,1,1,0,1,50,,2,1,0,0,1,90.0,,,,1,2,2,1,6
202100025019,2021-08-08 12:50:00,2021,8,8,12,50,75,75114,AVENUE DU MAINE,48.840048,2.321693,Plein jour,En agglomération,Intersection en T,Pluie légère,Sans collision,4,1,2,0,2,1,2,0,1,30,,3,1,0,0,2,25.0,46.0,,,1,2,3,2,7
202100025020,2021-08-08 02:10:00,2021,8,8,2,10,75,75110,BOULEVARD DE MAGENTA,48.882081,2.350931,Nuit avec éclairage allumé,En agglomération,Intersection en T,Normale,Deux véhicules - côté,4,2,4,3,1,1,1,0,1,50,,2,1,0,0,1,26.0,29.0,,,5,2,3,1,3
202100025021,2021-08-08 15:50:00,2021,8,8,15,50,75,75117,BOULEVARD DU BOIS LE PRETRE,48.899585,2.319803,Plein jour,En agglomération,Intersection en T,Normale,Deux véhicules - côté,4,2,2,0,1,1,1,0,1,50,,2,1,0,0,1,34.0,70.0,,,1,2,3,1,3
202100025022,2021-08-08 16:30:00,2021,8,8,16,30,75,75103,RUE DE NORMANDIE,48.862639,2.364379,Plein jour,En agglomération,Intersection en T,Normale,Autre collision,4,1,1,0,1,1,1,0,4,50,,1,0,0,0,1,41.0,,,,1,2,3,1,6
202100025023,2021-08-08 20:35:00,2021,8,8,20,35,93,93066,Place du 8 Mai 1945,48.93921,2.35597,Crépuscule ou aube,En agglomération,Hors intersection,Normale,Autre collision,4,-1,0,0,1,1,1,9,8,50,,2,1,0,0,1,40.0,,,,2,2,1,1,6
202100025024,2021-08-08 16:00:00,2021,8,8,16,0,93,93048,Avenue Pasteur,48.8665205988,2.435809346,Plein jour,En agglomération,Hors intersection,Normale,Autre collision,4,2,1,3,1,1,1,0,1,30,,2,1,0,0,1,22.0,,,,1,2,1,1,6
202100025025,2021-08-08 15:06:00,2021,8,8,15,6,93,93014,Allée de Coubron,48.912763,2.552395,Plein jour,En agglomération,Hors intersection,Normale,Autre collision,3,2,2,0,1,1,2,0,1,50,,3,2,0,0,1,20.0,35.0,,,1,2,1,1,6
202100025026,2021-08-09 18:35:00,2021,8,9,18,35,71,71145,,46.529225,4.68596,Plein jour,Hors agglomération,Intersection en X,Normale,Deux véhicules - côté,3,3,2,0,1,1,1,0,1,80,,2,1,0,1,0,91.0,39.0,,,1,1,2,1,3
202100025027,2021-08-08 18:35:00,2021,8,8,18,35,11,11148,A 61 PK 351+600,43.1720712396,2.695813179,Plein jour,Hors agglomération,Hors intersection,Normale,Deux véhicules - arrière,1,-1,4,0,1,1,1,0,1,130,,6,4,0,0,2,20.0,34.0,,,1,1,1,1,2
202100025028,2021-08-08 16:29:00,2021,8,8,16,29,49,49371,D960,47.126111,-0.707164,Plein jour,Hors agglomération,Hors intersection,Normale,Autre collision,3,3,2,0,1,1,1,0,3,90,,1,0,0,1,0,21.0,,,,1,1,1,1,6
202100025029,2021-08-09 10:43:00,2021,8,9,10,43,57,57629,D43,48.779353,7.053129,Plein jour,Hors agglomération,Hors intersection,Normale,Autre collision,3,2,2,0,1,1,1,0,3,80,,1,0,0,1,0,59.0,,,,1,1,1,1,6
202100025030,2021-08-08 19:00:00,2021,8,8,19,0,972,97210,Morne Acajou,14.5828,-60.910826,Nuit avec éclairage allumé,Hors agglomération,Hors intersection,Normale,Sans collision,3,2,2,0,2,1,1,0,3,80,,1,0,1,0,0,24.0,,,,5,1,1,1,7
202100025031,2021-08-09 15:00:00,2021,8,9,15,0,38,38239,Route de Saint Jean,45.332297,5.566764,Plein jour,En agglomération,Hors intersection,Normale,Deux véhicules - côté,3,2,2,0,1,1,1,2,1,50,,3,2,0,0,1,40.0,25.0,,,1,2,1,1,3
202100025032,2021-08-09 10:15:00,2021,8,9,10,15,34,34270,D132e2,43.589266,3.822341,Plein jour,Hors agglomération,Hors intersection,Normale,Deux véhicules - arrière,7,2,2,0,1,1,1,0,1,80,,4,3,0,0,1,28.0,47.0,,,1,1,1,1,2
202100025033,2021-08-09 11:43:00,2021,8,9,11,43,74,74165,R des Grives,45.838113,5.96328,Plein jour,En agglomération,Intersection en X,Normale,Deux véhicules - côté,3,-1,2,0,1,1,1,0,1,50,,2,1,0,0,1,31.0,59.0,,,1,2,2,1,3
202100025034,2021-08-09 16:45:00,2021,8,9,16,45,76,76515,front de mer,49.904976,0.925051,Plein jour,En agglomération,Hors intersection,Normale,Autre collision,3,-1,2,0,1,1,1,0,1,50,,2,1,0,0,1,35.0,,,,1,2,1,1,6
202100025035,2021-08-07 05:15:00,2021,8,7,5,15,19,19066,A-89 Pr 166.200 direction BORDEAUX,45.171933,1.299562,Nuit sans éclairage public,Hors agglomération,Hors intersection,Pluie légère,Autre collision,1,1,4,0,2,1,2,0,1,130,,3,2,0,1,0,67.0,,,,3,1,1,2,6
202100025036,2021-08-08 20:00:00,2021,8,8,20,0,82,82190,intersection rue du Médou et route d'AUCAMVILLE,43.848645,1.231944,Plein jour,En agglomération,Intersection en X,Normale,Deux véhicules - côté,4,2,2,0,4,1,1,5,1,50,,2,1,0,0,1,25.0,12.0,,,1,2,2,1,3
202100025037,2021-08-09 10:40:00,2021,8,9,10,40,81,81192,d162,43.7000671,2.9222729,Plein jour,Hors agglomération,Hors intersection,Normale,Deux véhicules - frontale,3,2,2,0,2,2,1,9,1,80,,2,1,0,1,0,41.0,66.0,,,1,1,1,1,1
202100025038,2021-08-06 09:40:00,2021,8,6,9,40,71,71495,6 Rue de Confle,46.521748,4.60091,Plein jour,En agglomération,Autre intersection,Normale,Autre collision,4,2,2,0,1,3,1,0,1,50,,2,1,0,1,0,62.0,45.0,,,1,2,9,1,6
202100025039,2021-08-08 16:40:00,2021,8,8,16,40,61,61158,Lieu Dit le Gue de Rouvre,48.672671,-0.304425,Plein jour,Hors agglomération,Intersection en X,Normale,Deux véhicules - arrière,3,2,2,0,1,1,1,0,1,90,,3,0,0,1,2,20.0,29.0,,,1,1,2,1,2
202100025040,2021-08-09 11:15:00,2021,8,9,11,15,46,46239,D43 - PK RD43 000+020,44.872009,1.411185,Plein jour,Hors agglomération,Hors intersection,Normale,Autre collision,3,2,2,0,1,1,1,0,3,80,,2,0,0,1,1,30.0,,,,1,1,1,1,6
202100025041,2021-08-09 08:25:00,2021,8,9,8,25,47,47117,D223,44.349471,0.749753,Plein jour,Hors agglomération,Intersection en Y,Normale,Deux véhicules - frontale,3,2,2,0,1,3,1,0,1,80,,2,0,0,1,1,25.0,18.0,,,1,1,4,1,1
202100025042,2021-08-08 19:30:00,2021,8,8,19,30,39,39043,,46.573052,5.453081,Plein jour,Hors agglomération,Hors intersection,Normale,Deux véhicules - frontale,3,2,2,0,2,3,1,0,1,80,,3,0,0,3,0,16.0,20.0,,,1,1,1,1,1
202100025043,2021-08-08 16:55:00,2021,8,8,16,55,25,25525,Saint-Point-Lac RD 129 PK 4+900,46.818124,6.310412,Plein jour,Hors agglomération,Hors intersection,Normale,Sans collision,3,2,2,0,1,3,1,0,8,80,,1,0,0,1,0,30.0,,,,1,1,1,1,7
202100025044,2021-08-08 11:50:00,2021,8,8,11,50,25,25364,N57,47.197003,6.171484,Plein jour,Hors agglomération,Hors intersection,Normale,Autre collision,2,3,4,0,1,3,1,0,1,90,,1,0,1,0,0,32.0,,,,1,1,1,1,6
202100025045,2021-08-07 13:20:00,2021,8,7,13,20,44,44096,D923,47.429611,-1.186244,Plein jour,Hors agglomération,Hors intersection,Pluie légère,Deux véhicules - frontale,3,2,2,0,1,1,2,0,1,80,,3,0,0,3,0,60.0,67.0,,,1,1,1,2,1
202100025046,2021-08-09 12:43:00,2021,8,9,12,43,03,03044,D1093,46.069833,3.380597,Plein jour,Hors agglomération,Intersection en X,Pluie légère,Deux véhicules - côté,3,2,2,0,1,1,2,5,1,90,,2,1,0,1,0,63.0,22.0,,,1,1,2,2,3
202100025047,2021-08-09 07:30:00,2021,8,9,7,30,15,15017,d57,44.934051,2.646254,Plein jour,Hors agglomération,Hors intersection,Normale,Deux véhicules - frontale,3,2,2,0,2,2,1,0,1,90,,2,1,1,0,0,24.0,28.0,,,1,1,1,1,1
202100025048,2021-08-07 19:20:00,2021,8,7,19,20,54,54238,Chemin communal,48.411257,6.234848,Plein jour,Hors agglomération,Hors intersection,Normale,Sans collision,4,2,2,0,2,1,6,0,3,80,,2,0,0,2,0,16.0,,,,1,1,1,1,7
202100025049,2021-08-09 02:15:00,2021,8,9,2,15,54,54362,2 t route Nationale,49.389217,5.754965,Nuit sans éclairage public,Hors agglomération,Hors intersection,Normale,Deux véhicules - côté,3,3,2,0,2,1,1,0,1,-1,,2,1,0,1,0,19.0,46.0,,,3,1,1,1,3
202100025050,2021-08-08 15:50:00,2021,8,8,15,50,06,06110,M30,44.084317,7.056978,Plein jour,Hors agglomération,Hors intersection,Normale,Sans collision,9,2,2,0,2,1,1,0,3,80,,1,0,0,1,0,25.0,,,,1,1,1,1,7
202100025051,2021-08-09 02:45:00,2021,8,9,2,45,06,06094,Route du Garibeuil,44.092317,6.931917,Nuit sans éclairage public,Hors agglomération,Hors intersection,Normale,Autre collision,4,2,2,0,2,2,1,0,3,30,,2,0,0,0,2,20.0,,,,3,1,1,1,6
202100025052,2021-08-08 15:30:00,2021,8,8,15,30,90,90093,D5,47.686196,6.844241,Plein jour,Hors agglomération,Giratoire,Normale,Deux véhicules - côté,3,2,2,0,2,3,1,0,1,70,,2,1,0,1,0,39.0,37.0,,,1,1,6,1,3
202100025053,2021-08-09 17:05:00,2021,8,9,17,5,73,73241,Chemin du Vernay,45.6076649172,6.3042409353,Plein jour,Hors agglomération,Hors intersection,Normale,Autre collision,4,2,2,0,1,1,1,0,3,80,,1,0,1,0,0,53.0,,,,1,1,1,1,6
202100025054,2021-08-08 09:10:00,2021,8,8,9,10,43,43130,2 Chemin de la Levée de Blachon,45.061001,4.242249,Plein jour,Hors agglomération,Intersection en X,Normale,Autre collision,3,2,1,0,2,3,1,0,1,80,,1,0,0,1,0,65.0,,,,1,1,2,1,6
202100025055,2021-08-02 15:55:00,2021,8,2,15,55,43,43016,D16,45.3909015,3.353034,Plein jour,Hors agglomération,Hors intersection,Normale,Trois véhicules et plus - collisions multiples,3,2,2,0,1,3,1,0,1,80,,3,2,0,1,0,65.0,63.0,,,1,1,1,1,5
202100025056,2021-08-07 14:30:00,2021,8,7,14,30,07,07054,Route de Limis - RD 278,44.92966,4.3134158,Plein jour,Hors agglomération,Hors intersection,Pluie forte,Deux véhicules - frontale,3,2,2,0,1,1,2,0,1,80,,3,1,0,0,2,16.0,86.0,,,1,1,1,3,1