accident_id,datetime,annee,mois,jour,heure,minute,departement,commune_insee,adresse,latitude,longitude,luminosite,agglomeration,intersection,meteo,collision,catr,circ,nbv,vosp,prof,plan,surf,infra,situ,vma,nb_vehicules,nb_usagers,nb_indemnes,nb_tues,nb_blesses_hosp,nb_blesses_legers,age_cond_1,age_cond_2,veh_type_cond_1,veh_type_cond_2,lum_code,agg_code,int_code,atm_code,col_code
202100025057,2021-08-08 17:15:00,2021,8,8,17,15,24,24471,La Brunie,44.925706,1.298854,Plein jour,Hors agglomération,Hors intersection,Normale,Autre collision,4,2,2,0,4,1,1,0,8,80,,1,0,0,1,0,35.0,,,,1,1,1,1,6
202100025058,2021-08-05 15:00:00,2021,8,5,15,0,85,85114,Rue du Maréchal Joffre,46.424255,-1.574537,Plein jour,En agglomération,Hors intersection,Normale,Autre collision,3,2,1,0,1,1,1,0,1,50,,2,1,0,1,0,80.0,,,,1,2,1,1,6
202100025059,2021-08-08 10:00:00,2021,8,8,10,0,42,42279,Chemin des Unchats,45.494371,4.237048,Plein jour,En agglomération,Hors intersection,Normale,Deux véhicules - côté,4,2,2,0,1,1,1,0,1,50,,2,1,0,1,0,34.0,46.0,,,1,2,1,1,3
202100025060,2021-08-08 06:00:00,2021,8,8,6,0,01,01032,A42,45.861328,5.125186,Plein jour,Hors agglomération,Hors intersection,Normale,Deux véhicules - arrière,1,1,2,0,1,1,1,0,1,130,,5,3,0,0,2,38.0,36.0,,,1,1,1,1,2
202100025061,2021-08-06 18:45:00,2021,8,6,18,45,976,97603,Carrière de M'Tsamoudou,-12.947725,45.16244,Nuit sans éclairage public,Hors agglomération,Hors intersection,Normale,Deux véhicules - côté,3,3,2,0,2,1,1,0,1,70,,3,1,0,2,0,24.0,18.0,,,3,1,1,1,3
202100025062,2021-08-09 07:00:00,2021,8,9,7,0,51,51599,A4,49.0932378535,4.2570431621,Crépuscule ou aube,Hors agglomération,Hors intersection,Normale,Deux véhicules - côté,1,1,4,0,1,1,1,0,1,130,,8,7,0,1,0,35.0,44.0,,,2,1,1,1,3
202100025063,2021-07-20 08:28:00,2021,7,20,8,28,69,69027,PLAINE D'ELITE (DE LA) (CHM),45.661301,4.750943,Plein jour,En agglomération,Intersection en Y,Normale,Deux véhicules - frontale,4,4,2,0,1,3,1,0,1,-1,,2,0,0,1,1,27.0,51.0,,,1,2,4,1,1
202100025064,2021-08-09 16:40:00,2021,8,9,16,40,91,91111,A10,48.623129,2.135276,Plein jour,Hors agglomération,Hors intersection,Normale,Deux véhicules - arrière,1,3,4,0,2,1,1,0,1,130,,3,1,0,0,2,46.0,47.0,,,1,1,1,1,2
202100025065,2021-08-08 18:30:00,2021,8,8,18,30,987,98747,"Afaahiti, Pk 57+100, RT1",-17.735055,-149.331687,Nuit avec éclairage allumé,Hors agglomération,Hors intersection,Normale,Deux véhicules - frontale,2,2,2,0,1,4,1,0,1,60,,5,0,0,0,5,36.0,21.0,,,5,1,1,1,1
202100025066,2021-08-09 18:00:00,2021,8,9,18,0,988,98821,VE2 HAUTEUR SAVANNAH,-22.164564,166.387703,Nuit sans éclairage public,Hors agglomération,Intersection en Y,Pluie légère,Autre collision,1,3,4,0,1,1,2,0,1,110,,2,1,1,0,0,33.0,,,,3,1,4,2,6
202100025067,2021-08-09 14:00:00,2021,8,9,14,0,988,98802,RT1 Entrée Sud de TOMO - PR 60 + 450,-21.963465,166.158385,Plein jour,Hors agglomération,Hors intersection,Normale,Autre collision,2,2,2,0,1,1,1,0,3,90,,4,3,0,0,1,75.0,,,,1,1,1,1,6
202100025068,2021-08-08 18:00:00,2021,8,8,18,0,974,97418,Route Emile de la Giroday,-20.916779,55.541317,Nuit sans éclairage public,Hors agglomération,Hors intersection,Normale,Deux véhicules - frontale,3,2,2,0,1,3,1,0,1,80,,2,1,0,1,0,66.0,52.0,,,3,1,1,1,1
202100025069,2021-08-08 11:20:00,2021,8,8,11,20,971,97117,Route de Lacroix,16.321311,-61.392276,Plein jour,En agglomération,Hors intersection,Normale,Sans collision,3,1,2,0,3,3,1,0,3,70,,2,1,0,0,1,19.0,59.0,,,1,2,1,1,7
202100025070,2021-08-09 10:15:00,2021,8,9,10,15,66,66093,Avenue des Baléares,42.536547,2.938791,Plein jour,Hors agglomération,Intersection en X,Normale,Deux véhicules - frontale,3,3,2,0,2,3,1,0,1,70,,2,1,1,0,0,62.0,33.0,,,1,1,2,1,1
202100025071,2021-08-07 18:50:00,2021,8,7,18,50,34,34213,RD2e5,43.47178,3.679755,Plein jour,Hors agglomération,Intersection en T,Normale,Deux véhicules - côté,3,2,2,0,1,2,1,2,1,80,,3,1,0,0,2,22.0,16.0,,,1,1,3,1,3
202100025072,2021-08-09 12:30:00,2021,8,9,12,30,34,34272,D24,43.650037,4.09874,Plein jour,Hors agglomération,Hors intersection,Normale,Sans collision,3,2,2,0,1,1,1,0,3,80,,8,1,1,1,5,61.0,,,,1,1,1,1,7
202100025073,2021-08-08 17:00:00,2021,8,8,17,0,05,05065,D902,44.63304,6.671512,Plein jour,Hors agglomération,Hors intersection,Normale,Deux véhicules - côté,3,2,2,0,2,2,1,0,1,80,,3,1,0,1,1,56.0,43.0,,,1,1,1,1,3
202100025074,2021-08-09 16:08:00,2021,8,9,16,8,05,05079,Col du Lautaret,45.038066,6.402825,Plein jour,Hors agglomération,Hors intersection,Normale,Deux véhicules - frontale,3,2,2,0,2,3,1,0,1,80,,2,1,0,1,0,57.0,69.0,,,1,1,1,1,1
202100025075,2021-08-08 17:30:00,2021,8,8,17,30,04,04120,RD 900,44.476628,6.779197,Plein jour,Hors agglomération,Hors intersection,Normale,Deux véhicules - frontale,3,2,2,0,1,3,1,0,1,80,,2,1,0,1,0,57.0,46.0,,,1,1,1,1,1
202100025076,2021-07-15 03:00:00,2021,7,15,3,0,13,13016,Chemin des Gorguettes,43.402206,5.593709,Nuit avec éclairage allumé,Hors agglomération,Hors intersection,Normale,Sans collision,4,2,2,0,2,3,1,0,3,50,,1,0,0,1,0,28.0,,,,5,1,1,1,7
202100025077,2021-08-06 17:20:00,2021,8,6,17,20,26,26179,Autoroute du Soleil,45.067701,4.871042,Plein jour,Hors agglomération,Hors intersection,Normale,Trois véhicules et plus - en chaîne,1,-1,5,0,1,1,1,0,1,130,,7,5,0,0,2,47.0,74.0,,,1,1,1,1,4
202100025078,2021-08-08 12:50:00,2021,8,8,12,50,71,71024,RD982,46.316621,4.038259,Plein jour,Hors agglomération,Hors intersection,Temps couvert,Sans collision,3,2,2,0,1,1,1,0,3,80,,1,0,0,1,0,65.0,,,,1,1,1,8,7
202100025079,2021-08-09 10:55:00,2021,8,9,10,55,57,57620,37 Rue de Briey,49.195938,5.997237,Plein jour,En agglomération,Hors intersection,Normale,Deux véhicules - côté,3,2,2,0,2,1,1,0,1,50,,2,1,0,1,0,55.0,50.0,,,1,2,1,1,3
202100025080,2021-08-06 19:05:00,2021,8,6,19,5,73,73227,D915,45.446303,6.591653,Crépuscule ou aube,Hors agglomération,Hors intersection,Normale,Autre collision,3,2,2,0,2,2,1,0,3,80,,1,0,0,0,1,44.0,,,,2,1,1,1,6
202100025081,2021-06-15 17:30:00,2021,6,15,17,30,69,69296,D312,45.639525,4.825273,Plein jour,Hors agglomération,Hors intersection,Normale,Deux véhicules - côté,7,2,2,0,1,1,1,0,1,70,,2,1,0,1,0,57.0,49.0,,,1,1,1,1,3
202100025082,2021-07-29 19:45:00,2021,7,29,19,45,49,49193,1 Rue Pierre de Ronsard,47.129777,-0.897054,Plein jour,En agglomération,Intersection en T,Normale,Deux véhicules - frontale,4,2,2,0,1,1,1,0,1,50,,2,1,0,0,1,30.0,19.0,,,1,2,3,1,1
202100025083,2021-08-08 15:30:00,2021,8,8,15,30,49,49023,Rue des Mauges (beaupréau),47.19841,-0.994552,Plein jour,En agglomération,Intersection en T,Normale,Deux véhicules - côté,4,2,2,0,4,1,1,0,1,30,,2,1,0,1,0,11.0,57.0,,,1,2,3,1,3
202100025084,2021-08-06 19:29:00,2021,8,6,19,29,14,14530,D514,49.240788,-0.269133,Plein jour,Hors agglomération,Giratoire,Normale,Sans collision,3,2,2,0,1,1,1,0,1,50,,1,0,0,0,1,27.0,,,,1,1,6,1,7
202100025085,2021-08-07 12:06:00,2021,8,7,12,6,13,13055,A507 sens Marseille - Aubagne,43.33803,5.37733,Plein jour,Hors agglomération,Hors intersection,Normale,Autre collision,1,1,1,0,2,2,1,0,1,70,,1,0,0,0,1,24.0,,,,1,1,1,1,6
202100025086,2021-08-08 02:14:00,2021,8,8,2,14,13,13208,Tunnel Prado Carénage,43.2819740603,5.3948292732,Nuit avec éclairage allumé,Hors agglomération,Hors intersection,Normale,Deux véhicules - frontale,1,-1,1,0,1,2,1,1,1,40,,2,0,0,0,2,24.0,,,,5,1,1,1,1
202100025087,2021-08-08 01:55:00,2021,8,8,1,55,13,13211,A50-Sens Marseille vers Aubagne,43.29304,5.45553,Nuit sans éclairage public,Hors agglomération,Hors intersection,Normale,Deux véhicules - arrière,1,3,3,0,1,1,1,0,1,90,,3,1,0,0,2,,46.0,,,3,1,1,1,2
202100025088,2021-08-07 18:10:00,2021,8,7,18,10,13,13033,A55-Sens Marseille vers Martigues,43.37321,5.18637,Plein jour,Hors agglomération,Hors intersection,Normale,Trois véhicules et plus - collisions multiples,1,1,2,0,1,1,1,0,1,110,,4,0,0,0,4,65.0,24.0,,,1,1,1,1,5
202100025089,2021-08-06 21:45:00,2021,8,6,21,45,69,69256,RN346  S/N   25.686 A 29.300,45.7946679497,4.9492607269,Nuit sans éclairage public,Hors agglomération,Hors intersection,Normale,Deux véhicules - arrière,2,3,4,0,1,1,1,0,1,90,,4,1,0,0,3,20.0,22.0,,,3,1,1,1,2
202100025090,2021-08-03 12:35:00,2021,8,3,12,35,42,42097,A72,45.4850002095,4.3307774093,Plein jour,Hors agglomération,Hors intersection,Normale,Deux véhicules - arrière,1,3,6,0,1,1,1,0,2,110,,3,1,0,0,2,28.0,18.0,,,1,1,1,1,2
202100025091,2021-08-06 19:25:00,2021,8,6,19,25,67,67365,M35,48.53504,7.70225,Plein jour,Hors agglomération,Hors intersection,Normale,Trois véhicules et plus - en chaîne,7,3,3,0,1,1,1,0,1,90,,3,2,0,0,1,32.0,44.0,,,1,1,1,1,4
202100025092,2021-08-08 10:05:00,2021,8,8,10,5,33,33192,Rocade Sud Ouest A630,44.786241,-0.595331,Plein jour,Hors agglomération,Hors intersection,Normale,Trois véhicules et plus - en chaîne,1,3,8,0,1,1,2,0,1,90,,9,6,0,0,3,39.0,62.0,,,1,1,1,1,4
202100025093,2021-08-07 21:00:00,2021,8,7,21,0,91,91136,AUTOROUTE A10,48.71107,2.28884,Nuit sans éclairage public,Hors agglomération,Hors intersection,Pluie légère,Deux véhicules - côté,1,1,2,0,2,2,2,0,1,70,,3,2,0,0,1,49.0,30.0,,,3,1,1,2,3
202100025094,2021-08-07 04:35:00,2021,8,7,4,35,78,78490,RN12 INT,48.800429,1.938906,Nuit sans éclairage public,Hors agglomération,Hors intersection,Normale,Autre collision,2,-1,2,0,1,1,9,0,1,110,,3,0,0,0,3,20.0,,,,3,1,1,1,6
202100025095,2021-08-08 16:15:00,2021,8,8,16,15,95,95018,A15,48.96292,2.26532,Plein jour,Hors agglomération,Hors intersection,Normale,Autre collision,1,3,10,0,2,3,1,0,1,70,,2,0,0,0,2,40.0,,,,1,1,1,1,6
202100025096,2021-08-08 01:45:00,2021,8,8,1,45,93,93078,AUTOROUTE A104,48.96154,2.54436,Nuit avec éclairage non allumé,Hors agglomération,Hors intersection,Normale,Deux véhicules - arrière,1,3,6,0,1,1,1,0,1,90,,3,2,0,0,1,48.0,21.0,,,4,1,1,1,2
202100025097,2021-08-07 19:30:00,2021,8,7,19,30,93,93078,AUTOROUTE A104,48.97062,2.49977,Plein jour,Hors agglomération,Hors intersection,Pluie légère,Deux véhicules - arrière,1,3,2,0,2,1,2,0,1,50,,4,1,0,0,3,48.0,53.0,,,1,1,1,2,2
202100025098,2021-08-08 19:20:00,2021,8,8,19,20,94,94069,A4,48.8173796932,2.4387983899,Plein jour,Hors agglomération,Hors intersection,Normale,Deux véhicules - arrière,1,-1,6,0,1,1,1,0,1,90,,2,1,0,0,1,43.0,34.0,,,1,1,1,1,2
202100025099,2021-08-07 12:30:00,2021,8,7,12,30,77,77373,RN104,48.7961741604,2.6215976852,Plein jour,Hors agglomération,Hors intersection,Pluie forte,Trois véhicules et plus - en chaîne,2,-1,3,0,1,1,2,0,1,90,,3,2,0,0,1,36.0,53.0,,,1,1,1,3,4
202100025100,2021-08-07 11:05:00,2021,8,7,11,5,976,97611,m'tsapere-Nationale 2 (route),-12.79042,45.22329,Plein jour,En agglomération,Hors intersection,Normale,Deux véhicules - frontale,2,2,2,0,1,1,1,0,1,50,,2,0,1,1,0,52.0,43.0,,,1,2,1,1,1
202100025101,2021-08-07 19:49:00,2021,8,7,19,49,974,97416,RN02,-21.3298,55.4722,Nuit avec éclairage allumé,En agglomération,Hors intersection,Normale,Autre collision,2,2,2,0,1,1,1,0,1,50,,1,0,0,0,1,27.0,,,,5,2,1,1,6
202100025102,2021-08-07 17:05:00,2021,8,7,17,5,974,97411,GIBERT DES MOLIERES (RUE),-20.88866,55.44534,Plein jour,Hors agglomération,Intersection en X,Normale,Deux véhicules - côté,4,1,0,0,1,1,1,0,1,50,,2,1,0,0,1,47.0,18.0,,,1,1,2,1,3
202100025103,2021-08-06 18:08:00,2021,8,6,18,8,973,97302,RABAN (ROUTE DE),4.9330054117,-52.3131337168,Plein jour,En agglomération,Hors intersection,Normale,Sans collision,4,2,1,0,2,1,1,0,1,50,,2,1,0,1,0,48.0,,,,1,2,1,1,7
202100025104,2021-08-06 19:55:00,2021,8,6,19,55,973,97302,ROUTE NATIONALE 1,4.89883,-52.32689,Nuit avec éclairage allumé,Hors agglomération,Hors intersection,Normale,Deux véhicules - arrière,2,2,4,0,1,1,1,0,1,90,,2,1,0,0,1,24.0,45.0,,,5,1,1,1,2
202100025105,2021-08-08 02:30:00,2021,8,8,2,30,69,69259,AMBROISE CROIZAT (BD),45.7066,4.88747,Nuit avec éclairage allumé,En agglomération,Intersection en T,Temps couvert,Deux véhicules - arrière,7,3,4,0,1,1,1,0,1,50,,2,1,0,0,1,34.0,37.0,,,5,2,3,8,2
202100025106,2021-08-07 11:30:00,2021,8,7,11,30,69,69388,JEAN MERMOZ (AV),45.7311129622,4.8860621452,Plein jour,En agglomération,Hors intersection,Pluie forte,Deux véhicules - côté,2,3,5,3,1,1,2,0,1,50,,2,1,0,0,1,41.0,48.0,,,1,2,1,3,3
202100025107,2021-08-06 15:00:00,2021,8,6,15,0,83,83062,PAIX (AVENUE DE LA),43.128137,6.008677,Plein jour,En agglomération,Hors intersection,Normale,Trois véhicules et plus - collisions multiples,7,2,2,0,1,1,1,6,4,50,,3,2,0,0,1,57.0,24.0,,,1,2,1,1,5
202100025108,2021-08-07 06:15:00,2021,8,7,6,15,79,79191,258 Avenue de Limoges,46.31662,-0.44279,Crépuscule ou aube,En agglomération,Hors intersection,Normale,Autre collision,3,2,3,3,2,2,1,0,4,50,,1,0,0,1,0,20.0,,,,2,2,1,1,6
202100025109,2021-08-07 06:30:00,2021,8,7,6,30,78,78638,D 922,49.018993,1.980475,Crépuscule ou aube,Hors agglomération,Autre intersection,Normale,Trois véhicules et plus - collisions multiples,3,-1,2,0,1,1,1,0,1,80,,11,6,0,0,5,,25.0,,,2,1,9,1,5
202100025110,2021-08-07 15:35:00,2021,8,7,15,35,77,77013,D402,48.834601965,3.0874909387,Plein jour,Hors agglomération,Hors intersection,Normale,Sans collision,3,2,2,0,1,1,1,0,1,80,,1,0,0,0,1,22.0,,,,1,1,1,1,7
202100025111,2021-08-07 15:46:00,2021,8,7,15,46,65,65440,REFFYE (COURS),43.232274,0.071454,Plein jour,En agglomération,Hors intersection,Normale,Autre collision,4,2,2,0,1,1,1,0,1,50,,2,1,0,0,1,22.0,,,,1,2,1,1,6
202100025112,2021-08-07 21:00:00,2021,8,7,21,0,64,64445,RD 817,43.31554,-0.30343,Crépuscule ou aube,Hors agglomération,Hors intersection,Normale,Sans collision,3,2,2,0,1,2,1,0,8,70,,1,0,0,0,1,71.0,,,,2,1,1,1,7
202100025113,2021-08-07 16:55:00,2021,8,7,16,55,64,64122,JEAN BART (RUE),43.48104,-1.55786,Plein jour,En agglomération,Hors intersection,Normale,Sans collision,4,1,0,0,1,1,1,0,1,30,,1,0,0,0,1,55.0,,,,1,2,1,1,7
202100025114,2021-08-07 09:01:00,2021,8,7,9,1,64,64102,AMADE  (ROND POINT),43.50204,-1.47875,Plein jour,En agglomération,Hors intersection,Temps couvert,Sans collision,4,-1,2,0,1,2,2,0,1,50,,2,1,0,0,1,52.0,,,,1,2,1,8,7
202100025115,2021-08-07 21:55:00,2021,8,7,21,55,59,59512,GRIMONPONT (QUAI DU),50.68904,3.21144,Nuit sans éclairage public,En agglomération,Hors intersection,Pluie légère,Deux véhicules - frontale,7,2,2,0,1,3,2,0,1,80,,2,0,0,0,2,72.0,58.0,,,3,2,1,2,1
202100025116,2021-08-08 01:00:00,2021,8,8,1,0,51,51454,Rue de Neufchatel,49.2762933184,4.0268715885,Nuit avec éclairage allumé,En agglomération,Intersection en X,Normale,Deux véhicules - côté,3,2,2,0,1,1,1,0,1,50,,3,2,0,0,1,34.0,45.0,,,5,2,2,1,3
202100025117,2021-08-07 15:30:00,2021,8,7,15,30,51,51454,Rue de l’Arquebuse,49.253754432,4.0236381524,Plein jour,En agglomération,Hors intersection,Normale,Deux véhicules - arrière,4,1,0,0,1,1,2,0,1,50,,2,1,0,0,1,42.0,33.0,,,1,2,1,1,2
202100025118,2021-07-28 17:25:00,2021,7,28,17,25,42,42218,Rue Alfred Sisley,45.4245876554,4.4176840782,Plein jour,En agglomération,Hors intersection,Normale,Deux véhicules - frontale,4,-1,2,0,1,1,1,0,1,50,,2,1,0,1,0,28.0,69.0,,,1,2,1,1,1
202100025119,2021-08-07 00:45:00,2021,8,7,0,45,38,38185,RUE LESDIGUIÈRES,45.1872,5.72766,Nuit avec éclairage allumé,En agglomération,Intersection en X,Normale,Deux véhicules - côté,4,2,4,2,1,1,1,0,4,50,,2,1,0,0,1,21.0,15.0,,,5,2,2,1,3
202100025120,2021-08-07 18:55:00,2021,8,7,18,55,35,35051,RENNES (RUE DE),48.1142,-1.62375,Plein jour,En agglomération,Hors intersection,Normale,Sans collision,4,3,2,3,1,1,1,0,1,50,,1,0,0,0,1,21.0,,,,1,2,1,1,7
202100025121,2021-08-07 03:40:00,2021,8,7,3,40,33,33063,Cours de la Marne,44.83004,-0.56911,Plein jour,En agglomération,Intersection en X,Normale,Deux véhicules - frontale,4,-1,0,0,1,1,1,0,1,50,,4,1,0,0,3,24.0,43.0,,,1,2,2,1,1
202100025122,2021-08-07 12:08:00,2021,8,7,12,8,31,31555,AV LARRIEU THIBAUD,43.5531572373,1.407194666,Plein jour,En agglomération,Hors intersection,Normale,Autre collision,4,2,1,0,1,1,1,0,4,50,,2,1,0,0,1,26.0,,,,1,2,1,1,6
202100025123,2021-08-07 15:05:00,2021,8,7,15,5,29,29039,Giratoire de Kerviniou,47.862481,-3.888854,Plein jour,Hors agglomération,Giratoire,Normale,Deux véhicules - côté,3,1,2,0,1,2,1,5,1,70,,2,1,0,0,1,70.0,61.0,,,1,1,6,1,3
202100025124,2021-08-07 00:40:00,2021,8,7,0,40,28,28134,BOIS SABOT (RUE DU),48.73973,1.35416,Nuit avec éclairage allumé,En agglomération,Hors intersection,Normale,Autre collision,3,2,2,2,1,1,1,0,4,50,,1,0,0,0,1,37.0,,,,5,2,1,1,6
202100025125,2021-08-07 15:40:00,2021,8,7,15,40,27,27229,MONDUIT (RUE HENRI),49.02813,1.13753,Plein jour,En agglomération,Hors intersection,Pluie légère,Autre collision,4,-1,2,0,1,2,2,0,1,50,,2,1,0,0,1,85.0,46.0,,,1,2,1,2,6
202100025126,2021-08-03 17:35:00,2021,8,3,17,35,27,27229,BRANLY (RUE),49.0255994415,1.1625931248,Plein jour,En agglomération,Intersection en T,Temps couvert,Autre collision,4,2,2,0,4,3,1,0,1,30,,1,0,0,0,1,8.0,,,,1,2,3,8,6
202100025127,2021-08-07 23:00:00,2021,8,7,23,0,25,25462,BESANCON (DU 72TER A LA FIN),46.91702,6.34431,Nuit avec éclairage allumé,En agglomération,Intersection en T,Pluie légère,Deux véhicules - arrière,4,2,2,0,1,1,2,0,1,50,,3,2,0,0,1,40.0,34.0,,,5,2,3,2,2
202100025128,2021-08-08 00:30:00,2021,8,8,0,30,17,17306,4E ZOUAVE (DU) (AVENUE),45.629428,-0.993671,Nuit avec éclairage allumé,En agglomération,Intersection en T,Normale,Deux véhicules - frontale,2,4,4,0,1,1,1,5,1,50,,2,1,0,0,1,18.0,22.0,,,5,2,3,1,1
202100025129,2021-08-07 16:09:00,2021,8,7,16,9,17,17200,HUIT MAI 1945   AVENUE DU,46.17911,-1.15326,Plein jour,En agglomération,Autre intersection,Normale,Sans collision,2,1,1,0,1,2,1,3,1,50,,2,0,0,0,2,56.0,,,,1,2,9,1,7
202100025130,2021-08-08 00:30:00,2021,8,8,0,30,13,13208,PRADO (AVENUE DU),43.2705522778,5.3879670488,Nuit avec éclairage allumé,En agglomération,Hors intersection,Normale,Deux véhicules - côté,4,2,2,3,1,1,1,0,1,50,,5,1,0,0,4,41.0,30.0,,,5,2,1,1,3
202100025131,2021-08-07 19:30:00,2021,8,7,19,30,13,13209,MARÉCHAL DE LATTRE (AVENUE),43.2461551641,5.4173497328,Plein jour,En agglomération,Hors intersection,Normale,Deux véhicules - arrière,4,2,2,3,1,1,1,0,1,50,,2,1,0,0,1,22.0,47.0,,,1,2,1,1,2
202100025132,2021-08-07 14:30:00,2021,8,7,14,30,13,13215,PADOUANE (BD DE LA ),43.3533277052,5.3688317217,Plein jour,En agglomération,Hors intersection,Normale,Deux véhicules - frontale,4,2,2,0,1,1,1,0,1,50,,2,0,0,0,2,20.0,,,,1,2,1,1,1
202100025133,2021-08-07 02:10:00,2021,8,7,2,10,13,13208,RABATAU (BOULEVARD),43.2762755896,5.3971970812,Nuit avec éclairage allumé,En agglomération,Hors intersection,Normale,Autre collision,4,2,1,0,1,1,1,0,1,50,,5,4,0,0,1,19.0,,,,5,2,1,1,6
202100025134,2021-08-06 12:15:00,2021,8,6,12,15,13,13001,MONNET JEAN (AV),43.5320399791,5.4220588634,Plein jour,En agglomération,Hors intersection,Normale,Deux véhicules - arrière,4,2,2,0,1,1,1,0,1,50,,5,1,0,0,4,50.0,54.0,,,1,2,1,1,2
202100025135,2021-08-07 18:25:00,2021,8,7,18,25,10,10387,LIEUTENANT PIERRE MURARD (RUE),48.30493,4.05329,Plein jour,En agglomération,Hors intersection,Normale,Deux véhicules - frontale,4,2,2,0,1,1,1,0,1,50,,2,1,0,0,1,32.0,49.0,,,1,2,1,1,1
202100025136,2021-08-07 16:00:00,2021,8,7,16,0,06,06069,CASTORS (CHEMIN DES),43.642076,6.931772,Plein jour,En agglomération,Hors intersection,Normale,Deux véhicules - côté,4,2,2,0,2,2,1,0,1,50,,2,1,0,0,1,25.0,21.0,,,1,2,1,1,3
202100025137,2021-08-06 19:00:00,2021,8,6,19,0,06,06069,POMPIDOU (AVENUE GEORGES) -RD 6085,43.64855,6.93546,Plein jour,En agglomération,Hors intersection,Normale,Deux véhicules - côté,4,2,2,0,2,2,1,0,1,50,,2,1,0,0,1,24.0,24.0,,,1,2,1,1,3
202100025138,2021-08-07 17:00:00,2021,8,7,17,0,06,06123,VESPINS ROUTE DES,43.66031,7.18006,Plein jour,En agglomération,Hors intersection,Normale,Deux véhicules - côté,7,2,3,0,1,1,1,0,1,50,,3,1,0,0,2,29.0,21.0,,,1,2,1,1,3
202100025139,2021-08-06 05:28:00,2021,8,6,5,28,06,06155,RD6007,43.557904,7.062935,Crépuscule ou aube,Hors agglomération,Autre intersection,Normale,Deux véhicules - frontale,3,2,2,0,1,1,1,0,1,70,,2,1,0,1,0,20.0,39.0,,,2,1,9,1,1
202100025140,2021-08-06 11:25:00,2021,8,6,11,25,75,75119,PORTE DE LA VILLETTE,48.899586,2.392595,Plein jour,En agglomération,Hors intersection,Normale,Deux véhicules - arrière,4,1,4,0,1,1,1,0,1,70,,2,1,0,0,1,28.0,40.0,,,1,2,1,1,2
202100025141,2021-08-07 15:20:00,2021,8,7,15,20,75,75105,RUE POLIVEAU,48.839708,2.356596,Plein jour,En agglomération,Intersection en X,Normale,Deux véhicules - côté,4,1,2,0,1,1,1,0,1,50,,2,1,0,0,1,37.0,22.0,,,1,2,2,1,3
202100025142,2021-08-07 16:30:00,2021,8,7,16,30,75,75106,BOULEVARD SAINT MICHEL,48.851399,2.343178,Plein jour,En agglomération,Intersection en X,Normale,Deux véhicules - côté,4,2,3,0,1,1,1,0,1,50,,2,1,0,0,1,28.0,21.0,,,1,2,2,1,3
202100025143,2021-08-07 14:20:00,2021,8,7,14,20,75,75106,RUE DE VAUGIRARD,48.847139,2.327236,Plein jour,En agglomération,Hors intersection,Normale,Autre collision,4,2,2,0,1,1,1,0,1,50,,2,0,0,0,2,29.0,,,,1,2,1,1,6
202100025144,2021-08-07 12:30:00,2021,8,7,12,30,75,75105,BOULEVARD SAINT MARCEL,48.83851,2.357049,Plein jour,En agglomération,Intersection en X,Pluie légère,Autre collision,4,2,4,0,1,1,2,0,1,30,,2,1,0,0,1,31.0,,,,1,2,2,2,6
202100025145,2021-08-07 10:15:00,2021,8,7,10,15,75,75119,RUE DE MOUZAIA,48.880076,2.398463,Plein jour,En agglomération,Intersection à plus de 4 branches,Normale,Deux véhicules - côté,4,2,4,0,2,1,1,0,1,50,,3,2,0,0,1,47.0,,,,1,2,5,1,3
202100025146,2021-08-07 18:45:00,2021,8,7,18,45,75,75117,AVENUE DE LA PORTE D ASNIERES,48.890109,2.303825,Plein jour,En agglomération,Intersection en X,Pluie légère,Deux véhicules - côté,4,1,3,3,1,1,2,5,1,50,,3,1,0,0,2,41.0,36.0,,,1,2,2,2,3
202100025147,2021-08-07 09:00:00,2021,8,7,9,0,75,75114,AVENUE DU GENERAL LECLERC,48.8280250626,2.3269782588,Plein jour,En agglomération,Place,Normale,Deux véhicules - côté,4,2,4,0,1,1,1,0,1,50,,2,1,0,0,1,23.0,21.0,,,1,2,7,1,3
202100025148,2021-08-06 03:55:00,2021,8,6,3,55,75,75113,AVENUE DE LA PORTE D ITALIE,48.816425426,2.3601384457,Nuit avec éclairage allumé,En agglomération,Intersection en T,Normale,Deux véhicules - arrière,4,1,4,1,1,1,1,0,1,50,,4,3,0,0,1,26.0,27.0,,,5,2,3,1,2
202100025149,2021-08-07 13:15:00,2021,8,7,13,15,75,75112,QUAI DE LA RAPEE,48.842584,2.371567,Plein jour,En agglomération,Hors intersection,Temps couvert,Deux véhicules - arrière,4,1,6,0,2,1,2,0,1,50,,3,2,0,0,1,31.0,39.0,,,1,2,1,8,2
202100025150,2021-08-07 00:30:00,2021,8,7,0,30,75,75110,RUE DU FAUBOURG SAINT MARTIN,48.875612,2.359322,Nuit avec éclairage allumé,En agglomération,Intersection en T,Normale,Deux véhicules - côté,4,2,3,3,1,1,1,0,1,50,,2,1,0,0,1,34.0,,,,5,2,3,1,3
202100025151,2021-08-07 12:13:00,2021,8,7,12,13,75,75108,RUE PASQUIER,48.873044,2.323581,Plein jour,En agglomération,Intersection en T,Pluie légère,Deux véhicules - côté,4,1,0,0,1,1,2,0,1,50,,2,1,0,0,1,57.0,29.0,,,1,2,3,2,3
202100025152,2021-08-07 18:15:00,2021,8,7,18,15,75,75104,RUE CRILLON,48.849513,2.365627,Plein jour,En agglomération,Intersection en X,Normale,Deux véhicules - côté,4,1,1,0,1,1,2,0,1,50,,5,3,0,0,2,53.0,26.0,,,1,2,2,1,3