accident_id,datetime,annee,mois,jour,heure,minute,departement,commune_insee,adresse,latitude,longitude,luminosite,agglomeration,intersection,meteo,collision,catr,circ,nbv,vosp,prof,plan,surf,infra,situ,vma,nb_vehicules,nb_usagers,nb_indemnes,nb_tues,nb_blesses_hosp,nb_blesses_legers,age_cond_1,age_cond_2,veh_type_cond_1,veh_type_cond_2,lum_code,agg_code,int_code,atm_code,col_code
202100025153,2021-08-07 18:30:00,2021,8,7,18,30,94,94034,EMILE ZOLA (R),48.75913,2.32468,Plein jour,En agglomération,Hors intersection,Temps couvert,Autre collision,3,2,2,0,1,1,2,0,1,50,,4,2,0,0,2,58.0,22.0,,,1,2,1,8,6
202100025154,2021-08-07 10:30:00,2021,8,7,10,30,93,93051,Quai de la Marne,48.8577,2.5679,Plein jour,En agglomération,Hors intersection,Normale,Deux véhicules - arrière,4,-1,0,0,1,1,1,0,1,50,,2,0,0,0,2,54.0,45.0,,,1,2,1,1,2
202100025155,2021-08-07 15:30:00,2021,8,7,15,30,93,93027,Avenue Jean Mermoz / Rue Nungesser,48.9327447694,2.412166357,Plein jour,En agglomération,Intersection à plus de 4 branches,Normale,Deux véhicules - côté,3,2,2,0,1,1,1,0,1,50,,2,1,0,1,0,27.0,20.0,,,1,2,5,1,3
202100025156,2021-08-06 22:11:00,2021,8,6,22,11,92,92073,JAURES (AVENUE JEAN),48.8646782815,2.2068934143,Nuit sans éclairage public,En agglomération,Intersection en T,Normale,Deux véhicules - côté,3,-1,2,0,1,2,1,0,1,50,,2,1,0,1,0,27.0,29.0,,,3,2,3,1,3
202100025157,2021-08-07 21:30:00,2021,8,7,21,30,92,92051,"CHARLES DE GAULLE (AVENUE, N°27 A 129)",48.886034,2.256183,Nuit avec éclairage allumé,En agglomération,Hors intersection,Normale,Deux véhicules - côté,2,1,3,0,1,1,1,8,1,50,,2,0,0,0,2,29.0,26.0,,,5,2,1,1,3
202100025158,2021-08-07 20:50:00,2021,8,7,20,50,92,92050,ONZE NOVEMBRE RUE DU,48.9068743858,2.2186106443,Crépuscule ou aube,En agglomération,Intersection en Y,Normale,Deux véhicules - côté,4,2,1,0,1,1,1,0,1,50,,2,1,0,0,1,36.0,34.0,,,2,2,4,1,3
202100025159,2021-08-08 04:00:00,2021,8,8,4,0,12,12159,352 Impasse du Serayol,44.336327,2.080257,Nuit sans éclairage public,Hors agglomération,Hors intersection,Normale,Autre collision,3,2,2,0,1,1,1,0,3,90,,1,0,1,0,0,40.0,,,,3,1,1,1,6
202100025160,2021-08-06 15:30:00,2021,8,6,15,30,14,14150,D258,48.992858,-0.393274,Plein jour,Hors agglomération,Intersection en X,Pluie légère,Deux véhicules - côté,3,2,1,0,1,1,2,0,1,80,,2,1,0,1,0,49.0,58.0,,,1,1,2,2,3
202100025161,2021-08-07 20:30:00,2021,8,7,20,30,38,38238,D502,45.500812,5.011989,Crépuscule ou aube,En agglomération,Intersection en X,Normale,Deux véhicules - côté,3,2,1,0,1,1,1,0,1,80,,8,5,0,0,3,20.0,50.0,,,2,2,2,1,3
202100025162,2021-08-07 23:45:00,2021,8,7,23,45,60,60107,D1016,49.353127,2.426991,Nuit sans éclairage public,Hors agglomération,Hors intersection,Temps couvert,Autre collision,3,2,2,0,1,1,1,8,1,70,,4,2,1,0,1,27.0,21.0,,,3,1,1,8,6
202100025163,2021-08-08 17:00:00,2021,8,8,17,0,95,95052,Chemin des Mervignolles,49.14146,2.298539,Plein jour,En agglomération,Hors intersection,Normale,Autre collision,4,2,2,0,1,1,1,0,1,50,,2,1,0,0,1,51.0,,,,1,2,1,1,6
202100025164,2021-08-08 02:40:00,2021,8,8,2,40,18,18117,RD 923,47.407528,2.67354,Nuit sans éclairage public,Hors agglomération,Hors intersection,Normale,Sans collision,3,2,2,0,2,2,1,0,3,80,,1,0,0,1,0,29.0,,,,3,1,1,1,7
202100025165,2021-08-08 16:05:00,2021,8,8,16,5,69,69279,NATIONALE (R),45.796816,5.048674,Plein jour,En agglomération,Intersection en X,Normale,Deux véhicules - côté,7,2,2,0,1,1,1,0,1,50,,2,1,0,0,1,19.0,46.0,,,1,2,2,1,3
202100025166,2021-08-08 16:15:00,2021,8,8,16,15,05,05027,CD 902,44.822562,6.735928,Plein jour,Hors agglomération,Hors intersection,Normale,Deux véhicules - côté,3,2,2,0,2,4,1,0,1,80,,2,1,0,1,0,64.0,46.0,,,1,1,1,1,3
202100025167,2021-08-08 16:20:00,2021,8,8,16,20,01,01173,D1005,46.350184,6.056914,Plein jour,Hors agglomération,Intersection en T,Normale,Deux véhicules - côté,3,2,2,0,2,4,1,0,1,70,,2,1,0,0,1,33.0,37.0,,,1,1,3,1,3
202100025168,2021-08-08 09:55:00,2021,8,8,9,55,35,35191,A 84,48.455041,-1.327759,Plein jour,Hors agglomération,Hors intersection,Temps couvert,Autre collision,1,3,4,0,1,1,1,0,3,130,,1,0,0,1,0,32.0,,,,1,1,1,8,6
202100025169,2021-08-07 15:25:00,2021,8,7,15,25,35,35206,RN 137,48.057624,-1.680109,Plein jour,Hors agglomération,Hors intersection,Normale,Trois véhicules et plus - en chaîne,2,3,4,0,1,1,1,0,1,110,,6,0,0,0,6,40.0,44.0,,,1,1,1,1,4
202100025170,2021-08-08 08:30:00,2021,8,8,8,30,83,83019,D98,43.182477,6.349175,Plein jour,Hors agglomération,Hors intersection,Normale,Autre collision,3,2,2,0,1,1,1,0,3,80,,1,0,0,0,1,48.0,,,,1,1,1,1,6
202100025171,2021-08-07 19:26:00,2021,8,7,19,26,30,30034,Chemin Haut de Générac,43.75445,4.479675,Crépuscule ou aube,Hors agglomération,Hors intersection,Normale,Autre collision,9,-1,2,0,1,3,3,9,3,50,,1,0,1,0,0,45.0,,,,2,1,1,1,6
202100025172,2021-08-07 14:40:00,2021,8,7,14,40,04,04102,RD 954,44.447583,6.405566,Plein jour,Hors agglomération,Hors intersection,Normale,Deux véhicules - côté,3,2,2,0,2,3,1,0,1,80,,2,1,0,1,0,59.0,59.0,,,1,1,1,1,3
202100025173,2021-08-08 09:20:00,2021,8,8,9,20,19,19255,Le Poteau,45.387507,1.721973,Plein jour,Hors agglomération,Hors intersection,Normale,Autre collision,3,2,2,0,2,1,1,0,3,90,,1,0,0,1,0,20.0,,,,1,1,1,1,6
202100025174,2021-08-06 18:35:00,2021,8,6,18,35,41,41211,Le Petit Villeneuve,47.292085,1.15122,Plein jour,Hors agglomération,Hors intersection,Normale,Sans collision,4,2,2,0,1,3,1,0,3,80,,2,1,0,0,1,21.0,,,,1,1,1,1,7
202100025175,2021-08-07 16:45:00,2021,8,7,16,45,65,65019,Rue du 8 Mai 1945,43.158478,0.100465,Plein jour,En agglomération,Hors intersection,Normale,Deux véhicules - côté,3,2,2,0,1,1,1,0,1,50,,2,1,0,1,0,11.0,36.0,,,1,2,1,1,3
202100025176,2021-08-08 16:12:00,2021,8,8,16,12,81,81220,D2,43.846271,1.708921,Plein jour,Hors agglomération,Hors intersection,Normale,Autre collision,3,2,2,0,2,2,1,0,3,80,,1,0,0,0,1,19.0,,,,1,1,1,1,6
202100025177,2021-08-07 17:15:00,2021,8,7,17,15,32,32404,Route départementale D654,43.879351,0.454334,Plein jour,Hors agglomération,Hors intersection,Normale,Sans collision,3,2,2,0,2,2,1,0,8,80,,1,0,0,1,0,18.0,,,,1,1,1,1,7
202100025178,2021-08-07 09:45:00,2021,8,7,9,45,32,32147,RD 523,43.623957,0.909145,Plein jour,Hors agglomération,Intersection en X,Pluie forte,Deux véhicules - côté,3,2,2,0,1,1,2,0,1,80,,2,1,0,1,0,29.0,72.0,,,1,1,2,3,3
202100025179,2021-08-08 05:35:00,2021,8,8,5,35,71,71263,rue du Jura,46.632944,5.250371,Crépuscule ou aube,Hors agglomération,Hors intersection,Normale,Deux véhicules - frontale,3,2,2,0,1,1,1,0,1,80,,11,0,1,1,9,43.0,20.0,,,2,1,1,1,1
202100025180,2021-08-07 13:20:00,2021,8,7,13,20,63,63418,D223,45.7738914705,3.5038078576,Plein jour,Hors agglomération,Intersection en X,Temps couvert,Deux véhicules - côté,3,2,1,0,1,1,2,0,1,80,,4,1,0,3,0,29.0,35.0,,,1,1,2,8,3
202100025181,2021-08-07 18:00:00,2021,8,7,18,0,61,61297,Le Clos Mottay,48.659073,0.481532,Plein jour,Hors agglomération,Intersection en X,Temps couvert,Sans collision,3,2,2,0,1,2,2,0,1,90,,1,0,0,1,0,18.0,,,,1,1,2,8,7
202100025182,2021-08-02 14:30:00,2021,8,2,14,30,12,12208,D999,43.954363,2.931569,Plein jour,Hors agglomération,Hors intersection,Temps éblouissant,Autre collision,3,2,2,0,1,1,1,8,1,90,,2,1,0,0,1,22.0,,,,1,1,1,7,6
202100025183,2021-08-08 15:30:00,2021,8,8,15,30,42,42128,N7,45.93818,4.297151,Plein jour,Hors agglomération,Hors intersection,Normale,Autre collision,2,2,2,0,2,3,1,0,3,80,,1,0,0,1,0,20.0,,,,1,1,1,1,6
202100025184,2021-08-07 13:30:00,2021,8,7,13,30,42,42204,Rue Chevalier,45.422514,4.064925,Plein jour,En agglomération,Hors intersection,Pluie légère,Autre collision,4,2,2,0,2,1,2,0,1,50,,1,0,0,1,0,16.0,,,,1,2,1,2,6
202100025185,2021-08-07 15:30:00,2021,8,7,15,30,46,46059,Le bourg,44.7180632,1.60843,Plein jour,En agglomération,Intersection en X,Normale,Deux véhicules - côté,3,2,2,0,1,3,1,0,1,50,,2,1,0,0,1,11.0,22.0,,,1,2,2,1,3
202100025186,2021-08-08 10:10:00,2021,8,8,10,10,39,39478,,46.424069,5.857884,Plein jour,Hors agglomération,Hors intersection,Normale,Sans collision,3,2,2,0,2,3,2,0,1,80,,1,0,0,1,0,61.0,,,,1,1,1,1,7
202100025187,2021-08-07 13:40:00,2021,8,7,13,40,44,44173,La Fuselière,47.087511,-1.327634,Plein jour,Hors agglomération,Hors intersection,Normale,Deux véhicules - arrière,3,2,2,0,2,1,1,0,1,-1,,2,1,0,1,0,22.0,29.0,,,1,1,1,1,2
202100025188,2021-08-06 14:40:00,2021,8,6,14,40,29,29273,Traon Meur,48.706818,-4.015326,Plein jour,Hors agglomération,Hors intersection,Normale,Trois véhicules et plus - collisions multiples,4,2,1,0,2,4,1,0,1,50,,4,3,0,0,1,53.0,13.0,,,1,1,1,1,5
202100025189,2021-08-06 20:49:00,2021,8,6,20,49,29,29162,15 rue des quatre vents,48.226871,-3.965013,Plein jour,En agglomération,Hors intersection,Normale,Deux véhicules - frontale,4,2,2,0,1,3,1,0,1,50,,2,1,0,1,0,19.0,29.0,,,1,2,1,1,1
202100025190,2021-08-06 23:00:00,2021,8,6,23,0,31,31107,Route de Lancon,43.32531,1.218114,Nuit sans éclairage public,Hors agglomération,Hors intersection,Normale,Autre collision,3,2,2,0,1,1,1,0,1,70,,4,3,0,1,0,47.0,,,,3,1,1,1,6
202100025191,2021-08-08 13:20:00,2021,8,8,13,20,03,03127,"RD 3, PK 12+500",46.499005,2.707604,Plein jour,Hors agglomération,Hors intersection,Pluie forte,Sans collision,3,2,2,0,1,1,2,0,3,90,,2,0,1,0,1,63.0,,,,1,1,1,3,7
202100025192,2021-08-07 02:45:00,2021,8,7,2,45,26,26124,Iles du Chez,44.862379,4.854959,Nuit sans éclairage public,Hors agglomération,Hors intersection,Normale,Sans collision,2,2,2,0,1,2,1,0,1,80,,1,0,0,1,0,25.0,,,,3,1,1,1,7
202100025193,2021-08-07 17:05:00,2021,8,7,17,5,58,58309,Le Bourg,46.9489,3.964906,Plein jour,En agglomération,Hors intersection,Normale,Deux véhicules - côté,3,2,2,0,1,3,1,0,1,50,,2,1,0,1,0,32.0,57.0,,,1,2,1,1,3
202100025194,2021-08-08 12:20:00,2021,8,8,12,20,54,54060,D657,48.8157057907,6.1071324357,Plein jour,Hors agglomération,Intersection en T,Normale,Deux véhicules - côté,1,1,1,0,1,1,1,3,1,50,,2,1,0,1,0,34.0,59.0,,,1,1,3,1,3
202100025195,2021-08-07 15:45:00,2021,8,7,15,45,72,72363,24 Rue de la Mairie,48.110555,0.522242,Plein jour,En agglomération,Hors intersection,Pluie légère,Sans collision,3,3,2,0,1,1,2,0,1,50,,1,0,0,0,1,49.0,,,,1,2,1,2,7
202100025196,2021-08-06 18:30:00,2021,8,6,18,30,50,50267,Rue de la Sainte Croix,49.21765,-1.531525,Plein jour,En agglomération,Giratoire,Normale,Deux véhicules - côté,3,4,2,0,1,1,1,0,1,50,,2,1,0,0,1,28.0,49.0,,,1,2,6,1,3
202100025197,2021-08-08 13:00:00,2021,8,8,13,0,50,50260,Voie Saint Louis,48.676482,-0.98525,Plein jour,Hors agglomération,Hors intersection,Normale,Deux véhicules - arrière,3,2,2,0,1,1,1,0,1,80,,2,1,0,0,1,65.0,89.0,,,1,1,1,1,2
202100025198,2021-08-08 15:15:00,2021,8,8,15,15,50,50428,La Belletière,48.678451,-1.095371,Plein jour,Hors agglomération,Hors intersection,Pluie légère,Deux véhicules - frontale,3,2,2,0,1,2,2,0,1,80,,3,0,0,0,3,21.0,52.0,,,1,1,1,2,1
202100025199,2021-08-08 00:30:00,2021,8,8,0,30,18,18164,Les Cotteries,46.880657,3.04888,Nuit sans éclairage public,Hors agglomération,Hors intersection,Normale,Autre collision,3,2,2,0,1,2,1,0,8,80,,1,0,0,1,0,37.0,,,,3,1,1,1,6
202100025200,2021-08-07 22:15:00,2021,8,7,22,15,18,18230,RD 69 PK 1 + 850,46.662073,2.291336,Nuit sans éclairage public,Hors agglomération,Hors intersection,Normale,Autre collision,3,2,2,0,1,3,1,0,3,80,,2,0,0,2,0,28.0,,,,3,1,1,1,6
202100025201,2021-08-07 12:00:00,2021,8,7,12,0,43,43190,La Vio du Garitou,45.009371,4.028496,Plein jour,Hors agglomération,Intersection en X,Pluie légère,Deux véhicules - côté,4,2,1,0,1,1,2,0,1,50,,2,1,0,1,0,35.0,15.0,,,1,1,2,2,3
202100025202,2021-08-07 17:00:00,2021,8,7,17,0,10,10170,d971,48.0319230372,4.4274392724,Plein jour,Hors agglomération,Intersection en X,Normale,Autre collision,3,2,2,0,1,1,2,0,3,80,,2,0,0,0,2,40.0,,,,1,1,2,1,6
202100025203,2021-08-07 08:30:00,2021,8,7,8,30,40,40181,route de moliets,43.823629,-1.327028,Plein jour,Hors agglomération,Hors intersection,Normale,Deux véhicules - frontale,4,2,2,0,1,1,1,0,1,70,,2,0,0,1,1,29.0,19.0,,,1,1,1,1,1
202100025204,2021-08-05 23:45:00,2021,8,5,23,45,40,40266,Route du Nel,44.04741,-1.235232,Nuit sans éclairage public,Hors agglomération,Hors intersection,Normale,Deux véhicules - arrière,3,2,2,0,1,1,1,0,1,80,,4,3,1,0,0,38.0,19.0,,,3,1,1,1,2
202100025205,2021-08-08 07:10:00,2021,8,8,7,10,24,24147,Roubeyrac,45.23077,0.996225,Plein jour,Hors agglomération,Hors intersection,Normale,Sans collision,3,2,2,0,1,1,1,0,1,80,,1,0,0,1,0,37.0,,,,1,1,1,1,7
202100025206,2021-08-08 18:00:00,2021,8,8,18,0,27,27511,D133,49.159627,1.001574,Plein jour,Hors agglomération,Intersection en X,Normale,Trois véhicules et plus - collisions multiples,3,2,2,0,1,1,1,0,1,50,,8,6,1,1,0,73.0,39.0,,,1,1,2,1,5
202100025207,2021-08-08 06:40:00,2021,8,8,6,40,27,27514,Chemoin du bosc gueret,49.02484,0.504212,Crépuscule ou aube,Hors agglomération,Intersection en X,Normale,Deux véhicules - côté,4,2,1,0,1,1,1,0,1,80,,2,1,0,1,0,44.0,19.0,,,2,1,2,1,3
202100025208,2021-08-07 15:40:00,2021,8,7,15,40,30,30349,RD 6110,43.856742,4.097042,Plein jour,Hors agglomération,Hors intersection,Normale,Autre collision,3,2,2,0,2,1,1,0,1,80,,1,0,0,1,0,22.0,,,,1,1,1,1,6
202100025209,2021-08-07 13:30:00,2021,8,7,13,30,19,19227,A89,45.3072913328,1.6778376142,Plein jour,Hors agglomération,Hors intersection,Pluie légère,Autre collision,1,3,2,0,2,1,2,9,3,130,,2,0,0,1,1,74.0,,,,1,1,1,2,6
202100025210,2021-08-01 11:15:00,2021,8,1,11,15,72,72058,"autoroute A28, sortie numéro 23",48.004941,0.311844,Plein jour,Hors agglomération,Hors intersection,Normale,Sans collision,1,2,2,0,1,1,1,0,1,80,,1,0,0,1,0,31.0,,,,1,1,1,1,7
202100025211,2021-08-08 16:50:00,2021,8,8,16,50,42,42073,Route des Collines,45.783159,4.315428,Plein jour,Hors agglomération,Hors intersection,Normale,Deux véhicules - frontale,3,2,2,0,1,3,1,2,1,80,,3,2,0,1,0,24.0,17.0,,,1,1,1,1,1
202100025212,2021-08-07 23:10:00,2021,8,7,23,10,11,11188,Autoroute A9 - PK 217.100 - sens PERPIGNAN / NARBONNE,42.954491,2.9706,Nuit sans éclairage public,Hors agglomération,Hors intersection,Normale,Autre collision,1,3,3,0,1,1,1,0,1,130,,15,14,0,1,0,53.0,54.0,,,3,1,1,1,6
202100025213,2021-08-07 17:35:00,2021,8,7,17,35,17,17299,A837 - PK 002.400 - Sens Rochefort vers Saintes,45.963594,-0.965424,Plein jour,Hors agglomération,Hors intersection,Normale,Deux véhicules - arrière,1,3,4,0,1,1,1,3,1,110,,7,5,0,0,2,48.0,41.0,,,1,1,1,1,2
202100025214,2021-08-07 07:35:00,2021,8,7,7,35,77,77407,Autoroute A6,48.519944,2.504561,Crépuscule ou aube,Hors agglomération,Hors intersection,Normale,Autre collision,1,3,4,0,1,1,1,0,1,130,,1,0,0,0,1,25.0,,,,2,1,1,1,6
202100025215,2021-08-07 12:20:00,2021,8,7,12,20,971,97117,D114,16.327872,-61.352978,Plein jour,En agglomération,Hors intersection,Normale,Sans collision,3,2,2,0,1,4,1,0,1,50,,2,1,1,0,0,79.0,,,,1,2,1,1,7
202100025216,2021-08-08 06:00:00,2021,8,8,6,0,2A,2A247,Palavesa,41.627437,9.251384,Crépuscule ou aube,En agglomération,Hors intersection,Normale,Autre collision,3,2,2,0,1,3,1,0,4,50,,2,0,0,2,0,19.0,,,,2,2,1,1,6
202100025217,2021-08-08 01:10:00,2021,8,8,1,10,83,83065,Route Departementale 98a,43.262644,6.6045,Nuit avec éclairage allumé,En agglomération,Hors intersection,Normale,Sans collision,3,2,2,1,1,3,1,0,1,70,,2,0,0,2,0,24.0,,,,5,2,1,1,7
202100025218,2021-08-08 08:30:00,2021,8,8,8,30,13,13073,Le Terme D908,43.386883,5.555735,Plein jour,En agglomération,Hors intersection,Normale,Deux véhicules - frontale,7,2,2,1,1,1,1,0,1,50,,2,1,0,0,1,56.0,50.0,,,1,2,1,1,1
202100025219,2021-08-07 01:45:00,2021,8,7,1,45,69,69287,PASTEUR (R),45.70056,5.01278,Nuit avec éclairage non allumé,En agglomération,Hors intersection,Normale,Deux véhicules - arrière,6,-1,0,0,1,1,1,0,8,-1,,2,1,0,0,1,42.0,24.0,,,4,2,1,1,2
202100025220,2021-08-08 15:25:00,2021,8,8,15,25,81,81271,Route de Saint Lieux,43.769724,1.704621,Plein jour,En agglomération,Hors intersection,Normale,Deux véhicules - arrière,4,2,2,0,1,1,1,0,1,50,,2,1,0,1,0,65.0,50.0,,,1,2,1,1,2
202100025221,2021-08-07 22:20:00,2021,8,7,22,20,87,87035,Route des Landes,45.82853,1.546111,Nuit sans éclairage public,Hors agglomération,Hors intersection,Normale,Autre collision,4,2,2,0,1,1,1,0,3,-1,,4,0,0,1,3,21.0,,,,3,1,1,1,6
202100025222,2021-08-08 11:30:00,2021,8,8,11,30,85,85178,L Arnaudière,46.77124,-1.448725,Plein jour,Hors agglomération,Intersection en X,Normale,Deux véhicules - arrière,3,2,2,0,1,1,1,0,1,80,,3,1,0,2,0,39.0,29.0,,,1,1,2,1,2
202100025223,2021-08-06 12:10:00,2021,8,6,12,10,35,35221,La Faroulais,47.876181,-1.742932,Plein jour,Hors agglomération,Intersection en T,Normale,Deux véhicules - côté,4,2,2,0,1,1,1,0,1,80,,4,2,0,1,1,64.0,35.0,,,1,1,3,1,3
202100025224,2021-08-06 20:30:00,2021,8,6,20,30,13,13071,A55 - Sens Marseille vers Martigues,43.38643,5.30852,Nuit sans éclairage public,Hors agglomération,Hors intersection,Normale,Autre collision,1,1,3,0,2,2,1,0,1,110,,3,2,0,0,1,26.0,,,,3,1,1,1,6
202100025225,2021-08-07 08:45:00,2021,8,7,8,45,13,13071,A55-Sens Martigues vers Marseille,43.397937,5.28698,Plein jour,Hors agglomération,Hors intersection,Normale,Deux véhicules - frontale,1,-1,4,0,1,1,1,0,1,90,,1,0,0,0,1,27.0,,,,1,1,1,1,1
202100025226,2021-08-06 22:50:00,2021,8,6,22,50,13,13071,A7-Sens Marseille vers Lyon,43.40361,5.30876,Nuit sans éclairage public,Hors agglomération,Hors intersection,Normale,Deux véhicules - côté,1,3,3,0,1,1,1,3,1,90,,4,2,0,0,2,26.0,56.0,,,3,1,1,1,3
202100025227,2021-08-06 18:00:00,2021,8,6,18,0,13,13071,A51-Sens Aix en Provence vers Marseille,43.41425,5.36457,Plein jour,Hors agglomération,Hors intersection,Normale,Deux véhicules - arrière,1,1,4,0,1,1,1,0,1,90,,3,2,0,0,1,39.0,26.0,,,1,1,1,1,2
202100025228,2021-08-06 07:37:00,2021,8,6,7,37,13,13215,A7-Sens Marseille vers Lyon,43.342643,5.375968,Plein jour,Hors agglomération,Hors intersection,Normale,Deux véhicules - frontale,1,3,3,3,1,1,1,8,6,90,,1,0,0,1,0,28.0,,,,1,1,1,1,1
202100025229,2021-08-06 04:40:00,2021,8,6,4,40,13,13055,A507 sens Marseille - Aubagne,43.2925,5.42435,Nuit avec éclairage allumé,Hors agglomération,Hors intersection,Normale,Deux véhicules - arrière,1,1,3,0,1,1,1,1,1,70,,2,0,0,0,2,33.0,21.0,,,5,1,1,1,2
202100025230,2021-08-03 19:45:00,2021,8,3,19,45,42,42218,A72,45.4640171772,4.3832944035,Plein jour,Hors agglomération,Hors intersection,Pluie légère,Autre collision,1,3,4,0,2,3,2,0,1,70,,1,0,0,0,1,24.0,,,,1,1,1,2,6
202100025231,2021-08-07 16:00:00,2021,8,7,16,0,33,33065,Rocade Rive Droite N230,44.811439,-0.522207,Plein jour,Hors agglomération,Hors intersection,Normale,Trois véhicules et plus - en chaîne,2,3,6,0,1,1,1,0,1,90,,7,5,0,0,2,18.0,33.0,,,1,1,1,1,4
202100025232,2021-08-07 05:10:00,2021,8,7,5,10,33,33080,,44.75139,-0.54195,Nuit sans éclairage public,Hors agglomération,Hors intersection,Normale,Deux véhicules - arrière,1,3,4,0,1,1,1,0,1,130,,2,1,0,0,1,42.0,34.0,,,3,1,1,1,2
202100025233,2021-08-07 20:45:00,2021,8,7,20,45,91,91340,RN 104,48.609,2.43474,Plein jour,Hors agglomération,Hors intersection,Pluie légère,Sans collision,2,1,4,0,1,3,2,0,1,70,,1,0,0,0,1,34.0,,,,1,1,1,2,7
202100025234,2021-08-07 13:50:00,2021,8,7,13,50,91,91659,AUTOROUTE A6,48.57849,2.46293,Plein jour,Hors agglomération,Hors intersection,Pluie forte,Deux véhicules - côté,1,1,3,0,3,1,2,0,1,110,,2,1,0,0,1,52.0,23.0,,,1,1,1,3,3
202100025235,2021-08-07 10:10:00,2021,8,7,10,10,91,91589,AUTOROUTE A6,48.6736,2.3431,Plein jour,Hors agglomération,Hors intersection,Normale,Deux véhicules - arrière,1,3,6,0,3,1,1,0,1,110,,4,1,0,0,3,32.0,60.0,,,1,1,1,1,2
202100025236,2021-08-06 18:30:00,2021,8,6,18,30,78,78090,A13,48.96931,1.915508,Plein jour,Hors agglomération,Hors intersection,Normale,Trois véhicules et plus - en chaîne,1,-1,3,0,1,1,1,0,1,110,,8,6,0,2,0,,46.0,,,1,1,1,1,4
202100025237,2021-08-06 15:00:00,2021,8,6,15,0,78,78043,A12 W,48.842214,2.099356,Plein jour,Hors agglomération,Hors intersection,Normale,Deux véhicules - arrière,1,-1,3,0,1,3,1,0,1,110,,2,1,0,0,1,48.0,33.0,,,1,1,1,1,2
202100025238,2021-08-06 13:15:00,2021,8,6,13,15,78,78073,N12Y,48.797159,2.019518,Plein jour,Hors agglomération,Hors intersection,Normale,Deux véhicules - arrière,2,-1,2,0,1,1,1,0,1,110,,3,2,0,0,1,43.0,44.0,,,1,1,1,1,2
202100025239,2021-08-07 13:20:00,2021,8,7,13,20,95,95572, A15,49.0328519522,2.1079484869,Plein jour,Hors agglomération,Hors intersection,Normale,Autre collision,1,3,6,0,2,2,1,0,1,50,,3,1,0,0,2,39.0,,,,1,1,1,1,6
202100025240,2021-08-07 21:45:00,2021,8,7,21,45,94,94042,A4,48.8283679668,2.4755835633,Nuit sans éclairage public,Hors agglomération,Hors intersection,Normale,Deux véhicules - arrière,1,1,5,0,1,1,2,0,1,90,,2,1,0,0,1,,27.0,,,3,1,1,1,2
202100025241,2021-08-06 11:30:00,2021,8,6,11,30,94,94065,A86 INT,48.7539,2.3526,Plein jour,Hors agglomération,Hors intersection,Normale,Trois véhicules et plus - en chaîne,1,-1,2,0,1,1,1,0,1,90,,3,2,0,0,1,24.0,46.0,,,1,1,1,1,4
202100025242,2021-08-06 00:15:00,2021,8,6,0,15,77,77258,A4.W,48.8309,2.63505,Nuit sans éclairage public,Hors agglomération,Hors intersection,Normale,Autre collision,1,-1,5,0,1,1,2,0,1,110,,4,0,0,0,4,30.0,30.0,,,3,1,1,1,6
202100025243,2021-08-03 23:54:00,2021,8,3,23,54,94,94028,A86 INT,48.7951036154,2.442327081,Nuit sans éclairage public,Hors agglomération,Hors intersection,Normale,Trois véhicules et plus - en chaîne,1,1,3,0,1,1,1,0,1,90,,3,2,0,0,1,21.0,35.0,,,3,1,1,1,4
202100025244,2021-08-06 07:25:00,2021,8,6,7,25,69,69388,PINEL (BD),45.72606,4.88695,Plein jour,En agglomération,Hors intersection,Normale,Deux véhicules - frontale,4,2,3,2,1,1,1,0,1,50,,5,0,0,1,4,21.0,44.0,,,1,2,1,1,1
202100025245,2021-08-06 19:10:00,2021,8,6,19,10,976,97611,tsoundzou-chemin rivière de Kwalé,-12.80534,45.19945,Nuit sans éclairage public,Hors agglomération,Hors intersection,Normale,Autre collision,4,2,2,0,1,2,1,0,1,50,,3,0,0,0,2,,,,,3,1,1,1,6
202100025246,2021-08-06 13:35:00,2021,8,6,13,35,69,69276,LYON (DE) (RTE),45.6761905975,4.8608730459,Plein jour,En agglomération,Hors intersection,Normale,Sans collision,7,2,2,0,1,3,1,8,1,30,,1,0,0,0,1,57.0,,,,1,2,1,1,7
202100025247,2021-08-06 17:59:00,2021,8,6,17,59,972,97209,BALATA (ROUTE DE),14.6206032549,-61.0709542036,Nuit avec éclairage non allumé,Hors agglomération,Hors intersection,Normale,Deux véhicules - arrière,2,2,2,0,2,3,1,0,1,50,,2,1,0,0,1,71.0,44.0,,,4,1,1,1,2
202100025248,2021-08-06 15:10:00,2021,8,6,15,10,972,97209,RN9,14.60028,-61.04658,Plein jour,Hors agglomération,Hors intersection,Normale,Sans collision,2,-1,2,0,2,3,1,0,1,70,,2,0,0,1,1,15.0,,,,1,1,1,1,7
202100025249,2021-08-06 14:55:00,2021,8,6,14,55,69,69385,MENIVAL (DE) (AV),45.7565,4.784,Plein jour,En agglomération,Hors intersection,Normale,Autre collision,6,-1,0,0,1,1,1,0,8,30,,2,1,0,0,1,49.0,,,,1,2,1,1,6
202100025250,2021-06-18 17:45:00,2021,6,18,17,45,971,97101,VIEUX BOURG,16.25011,-61.52927,Plein jour,En agglomération,Giratoire,Normale,Deux véhicules - côté,2,1,1,0,2,1,1,0,1,50,,2,1,0,0,1,60.0,30.0,,,1,2,6,1,3