accident_id,datetime,annee,mois,jour,heure,minute,departement,commune_insee,adresse,latitude,longitude,luminosite,agglomeration,intersection,meteo,collision,catr,circ,nbv,vosp,prof,plan,surf,infra,situ,vma,nb_vehicules,nb_usagers,nb_indemnes,nb_tues,nb_blesses_hosp,nb_blesses_legers,age_cond_1,age_cond_2,veh_type_cond_1,veh_type_cond_2,lum_code,agg_code,int_code,atm_code,col_code
202100025251,2021-08-06 14:25:00,2021,8,6,14,25,91,91549,GABRIEL PERI (AVENUE),48.64729,2.32708,Plein jour,En agglomération,Hors intersection,Normale,Deux véhicules - côté,4,2,2,0,1,1,1,0,1,30,,2,1,0,1,0,90.0,51.0,,,1,2,1,1,3
202100025252,2021-08-05 09:00:00,2021,8,5,9,0,91,91425,RTE D ORLEANS RN 20,48.63997,2.26811,Plein jour,En agglomération,Hors intersection,Normale,Autre collision,3,1,0,0,1,1,1,9,1,50,,3,2,0,0,1,35.0,,,,1,2,1,1,6
202100025253,2021-08-06 06:55:00,2021,8,6,6,55,91,91589,RUE LOUIS JACQUES MEZARD,48.676333,2.353224,Plein jour,En agglomération,Hors intersection,Normale,Autre collision,3,3,2,0,1,1,1,0,6,50,,2,1,0,0,1,69.0,,,,1,2,1,1,6
202100025254,2021-08-06 08:28:00,2021,8,6,8,28,88,88429,RN 57,48.03557,6.579883,Plein jour,Hors agglomération,Hors intersection,Pluie légère,Deux véhicules - côté,2,2,2,0,2,2,2,3,1,90,,2,1,1,0,0,37.0,30.0,,,1,1,1,2,3
202100025255,2021-08-06 08:20:00,2021,8,6,8,20,87,87085,GARIBALDI (AVENUE),45.83519,1.26051,Plein jour,En agglomération,Intersection en T,Pluie légère,Deux véhicules - côté,4,2,2,0,1,1,2,0,1,50,,2,1,0,1,0,31.0,17.0,,,1,2,3,2,3
202100025256,2021-08-06 07:10:00,2021,8,6,7,10,86,86194,Rue du Carreau,46.607833,0.342032,Plein jour,En agglomération,Hors intersection,Normale,Deux véhicules - côté,4,-1,2,0,1,1,1,0,1,50,,2,1,0,0,1,,23.0,,,1,2,1,1,3
202100025257,2021-08-06 08:30:00,2021,8,6,8,30,83,83137,CARNOT (AVE LAZARE),43.1269981726,5.9252303839,Plein jour,En agglomération,Hors intersection,Normale,Trois véhicules et plus - collisions multiples,4,2,3,0,2,1,1,0,1,50,,5,2,1,1,1,47.0,40.0,,,1,2,1,1,5
202100025258,2021-08-06 18:25:00,2021,8,6,18,25,82,82121,AVEYRON (ROUTE DE L'),44.0914585906,1.3214278221,Plein jour,Hors agglomération,Hors intersection,Normale,Autre collision,4,2,2,0,1,4,1,0,3,70,,3,0,1,1,1,40.0,,,,1,1,1,1,6
202100025259,2021-08-04 15:30:00,2021,8,4,15,30,80,80021,ROCADE NORD RN 1,49.92721,2.30457,Plein jour,En agglomération,Hors intersection,Normale,Deux véhicules - arrière,2,1,3,0,1,3,1,0,1,70,,2,1,0,0,1,33.0,46.0,,,1,2,1,1,2
202100025260,2021-08-01 11:49:00,2021,8,1,11,49,78,78640,LOUIS BREGUET (AVENUE),48.78118,2.1842,Plein jour,En agglomération,Hors intersection,Normale,Deux véhicules - arrière,4,1,2,0,1,1,1,0,1,50,,2,1,0,1,0,59.0,,,,1,2,1,1,2
202100025261,2021-07-09 13:20:00,2021,7,9,13,20,77,77243,EUGENE PREVOTS  (RUE   ),48.87287,2.70327,Plein jour,En agglomération,Hors intersection,Normale,Autre collision,9,2,0,0,1,1,1,0,8,50,,2,1,0,0,1,68.0,,,,1,2,1,1,6
202100025262,2021-09-30 15:20:00,2021,9,30,15,20,76,76497,CD 3 (RUE ARISTIDE BRIAND),49.39523,1.024263,Plein jour,En agglomération,Hors intersection,Normale,Deux véhicules - arrière,7,2,3,0,1,1,1,0,1,50,,2,1,0,0,1,48.0,36.0,,,1,2,1,1,2
202100025263,2021-08-05 10:55:00,2021,8,5,10,55,76,76351,PAUL DOUMER,49.49245,0.10388,Plein jour,En agglomération,Hors intersection,Normale,Deux véhicules - arrière,4,2,2,0,1,1,1,0,1,50,,2,1,0,0,1,66.0,33.0,,,1,2,1,1,2
202100025264,2021-08-04 14:40:00,2021,8,4,14,40,76,76351,AUGUSTE DELAUNE,49.50049,0.16672,Plein jour,En agglomération,Intersection en T,Normale,Deux véhicules - côté,4,2,2,0,1,1,1,0,1,50,,4,0,0,0,4,60.0,20.0,,,1,2,3,1,3
202100025265,2021-08-05 21:55:00,2021,8,5,21,55,74,74012,FLORISSANT (AVENUE),46.1966,6.2413,Nuit avec éclairage allumé,En agglomération,Hors intersection,Normale,Deux véhicules - arrière,4,2,2,0,1,1,1,0,1,50,,3,1,0,1,1,56.0,20.0,,,5,2,1,1,2
202100025266,2021-08-07 00:30:00,2021,8,7,0,30,72,72181,BROSSOLETTE PIERRE (BD) N° IMP,47.97897,0.20506,Nuit avec éclairage allumé,En agglomération,Hors intersection,Normale,Sans collision,4,3,4,0,2,1,1,0,1,70,,1,0,0,0,1,20.0,,,,5,2,1,1,7
202100025267,2021-08-06 15:20:00,2021,8,6,15,20,72,72181,ALLONNES PONT ROUGE (RTE D'),47.97583,0.166,Plein jour,Hors agglomération,Hors intersection,Normale,Trois véhicules et plus - en chaîne,4,3,2,0,1,1,1,0,1,50,,3,1,0,0,2,22.0,35.0,,,1,1,1,1,4
202100025268,2021-08-04 12:50:00,2021,8,4,12,50,71,71105,Rond-point du Caron,46.3023540097,4.7948504951,Plein jour,En agglomération,Giratoire,Normale,Deux véhicules - côté,3,1,1,0,1,2,1,5,1,50,,2,1,0,0,1,52.0,29.0,,,1,2,6,1,3
202100025269,2021-08-06 19:25:00,2021,8,6,19,25,69,69266,4 AOUT 1789 (DU) (R),45.76459,4.89129,Plein jour,En agglomération,Hors intersection,Normale,Deux véhicules - côté,4,1,0,2,2,1,1,0,1,50,,2,1,0,1,0,48.0,22.0,,,1,2,1,1,3
202100025270,2021-08-06 17:10:00,2021,8,6,17,10,69,69282,CARREAU (DU) (AV),45.77269,4.99036,Plein jour,En agglomération,Passage à niveau,Normale,Autre collision,4,2,2,0,1,1,1,4,6,50,,2,1,0,0,1,43.0,,,,1,2,8,1,6
202100025271,2021-08-05 21:25:00,2021,8,5,21,25,69,69290,LYON (DE) (RTE),45.711,4.9018,Nuit avec éclairage allumé,En agglomération,Hors intersection,Normale,Deux véhicules - côté,7,2,5,3,1,1,1,0,1,70,,3,0,0,0,3,21.0,49.0,,,5,2,1,1,3
202100025272,2021-08-06 08:40:00,2021,8,6,8,40,65,65440,KENNEDY (BOULEVARD DU PRESIDENT JOHN),43.219434,0.080335,Plein jour,En agglomération,Hors intersection,Normale,Sans collision,2,-1,2,0,1,3,1,0,1,50,,1,0,0,0,1,28.0,,,,1,2,1,1,7
202100025273,2021-08-07 01:25:00,2021,8,7,1,25,64,64024,ADOUR (AVENUE DE L'),43.52053,-1.50246,Nuit avec éclairage allumé,En agglomération,Hors intersection,Pluie légère,Trois véhicules et plus - collisions multiples,4,2,2,1,1,1,2,0,1,50,,5,3,0,0,2,20.0,62.0,,,5,2,1,2,5
202100025274,2021-08-05 19:15:00,2021,8,5,19,15,64,64102,NAVARRE AVENUE HENRI DE),43.5085550102,-1.4440798759,Plein jour,En agglomération,Hors intersection,Normale,Deux véhicules - arrière,3,2,2,0,1,1,1,0,1,50,,2,1,0,0,1,18.0,46.0,,,1,2,1,1,2
202100025275,2021-08-05 13:45:00,2021,8,5,13,45,64,64102,KOENIG (RUE MARECHAL),43.48555,-1.4914,Plein jour,En agglomération,Hors intersection,Normale,Deux véhicules - arrière,3,-1,2,0,1,3,1,0,1,30,,2,1,0,0,1,19.0,22.0,,,1,2,1,1,2
202100025276,2021-08-06 19:15:00,2021,8,6,19,15,60,60414,rue Louis Blanc,49.2599229743,2.4524086118,Plein jour,En agglomération,Intersection en X,Normale,Deux véhicules - frontale,4,3,2,0,1,2,1,0,1,30,,2,1,0,1,0,31.0,30.0,,,1,2,2,1,1
202100025277,2021-08-04 15:45:00,2021,8,4,15,45,59,59654,GALIBOT (RUE DU),50.372442,3.101049,Plein jour,En agglomération,Hors intersection,Normale,Sans collision,4,2,2,0,1,1,1,0,1,30,,1,0,0,1,0,58.0,,,,1,2,1,1,7
202100025278,2021-08-07 01:05:00,2021,8,7,1,5,54,54526,HAASBERGEN (RUE),48.6887755626,6.2134747131,Nuit avec éclairage allumé,En agglomération,Hors intersection,Normale,Autre collision,4,2,2,0,1,1,1,0,1,30,,1,0,0,0,1,35.0,,,,5,2,1,1,6
202100025279,2021-08-06 13:20:00,2021,8,6,13,20,54,54395,STRASBOURG (AVENUE DE),48.68126,6.19346,Plein jour,En agglomération,Intersection en T,Normale,Deux véhicules - côté,7,2,4,3,1,1,1,0,1,50,,2,1,0,0,1,63.0,41.0,,,1,2,3,1,3
202100025280,2021-08-06 08:15:00,2021,8,6,8,15,54,54578,AIGUILLETTES  (BD 5 A 73-2 A 94),48.67239,6.15464,Plein jour,En agglomération,Intersection en T,Normale,Autre collision,4,3,4,0,1,1,2,0,1,50,,2,1,0,0,1,45.0,,,,1,2,3,1,6
202100025281,2021-08-04 13:25:00,2021,8,4,13,25,49,49328,MORTINS (Route des),47.27581,-0.13122,Plein jour,Hors agglomération,Hors intersection,Normale,Deux véhicules - frontale,4,2,2,0,1,1,1,0,1,50,,2,1,0,0,1,25.0,23.0,,,1,1,1,1,1
202100025282,2021-08-03 11:00:00,2021,8,3,11,0,49,49007,DAVIERS BOULEVARD,47.4792,-0.559,Plein jour,En agglomération,Hors intersection,Normale,Sans collision,4,2,2,0,1,1,1,0,1,50,,1,0,0,0,1,23.0,,,,1,2,1,1,7
202100025283,2021-08-03 11:52:00,2021,8,3,11,52,49,49007,FREMUR,47.4551,-0.5631,Plein jour,En agglomération,Hors intersection,Normale,Sans collision,4,2,2,0,1,1,2,0,1,50,,1,0,0,0,1,34.0,,,,1,2,1,1,7
202100025284,2021-08-05 22:05:00,2021,8,5,22,5,49,49267,MONTAIGNE AVENUE,47.4676,-0.5149,Nuit sans éclairage public,En agglomération,Hors intersection,Pluie légère,Autre collision,4,2,2,0,1,1,2,0,1,50,,1,0,0,0,1,30.0,,,,3,2,1,2,6
202100025285,2021-08-05 19:10:00,2021,8,5,19,10,49,49246,A87N,47.43885,-0.51096,Plein jour,En agglomération,Hors intersection,Normale,Autre collision,1,3,4,0,1,1,2,0,1,90,,1,0,0,0,1,64.0,,,,1,2,1,1,6
202100025286,2021-08-06 11:40:00,2021,8,6,11,40,45,45302,Rue de Pimelin,47.927208,1.87571,Plein jour,En agglomération,Intersection en X,Normale,Autre collision,7,1,1,0,3,1,1,2,8,50,,1,0,0,0,1,36.0,,,,1,2,2,1,6
202100025287,2021-08-06 18:35:00,2021,8,6,18,35,44,44109,BOULEVARD ROBERT SCHUMAN,47.23569,-1.56811,Plein jour,En agglomération,Hors intersection,Normale,Deux véhicules - arrière,4,3,2,0,1,1,1,0,1,50,,4,2,0,0,2,26.0,52.0,,,1,2,1,1,2
202100025288,2021-08-06 13:40:00,2021,8,6,13,40,44,44109,SARREBRUCK ( BD DE ),47.21678,-1.51832,Plein jour,En agglomération,Hors intersection,Normale,Autre collision,4,2,4,0,1,1,1,0,1,50,,2,1,0,0,1,30.0,,,,1,2,1,1,6
202100025289,2021-07-31 14:55:00,2021,7,31,14,55,42,42207,Rue Gambetta,45.47271,4.50916,Plein jour,En agglomération,Intersection en Y,Normale,Sans collision,4,2,2,0,1,1,1,0,1,50,,2,0,0,1,1,16.0,,,,1,2,4,1,7
202100025290,2021-08-04 14:25:00,2021,8,4,14,25,41,41212,RD 956,47.56214,1.37278,Plein jour,Hors agglomération,Hors intersection,Pluie forte,Deux véhicules - arrière,3,3,4,0,1,1,2,5,1,90,,2,0,0,0,2,24.0,56.0,,,1,1,1,3,2
202100025291,2021-08-06 22:40:00,2021,8,6,22,40,38,38185,Rue Albert Reynier,45.16761,5.70471,Nuit avec éclairage allumé,En agglomération,Intersection en Y,Normale,Deux véhicules - côté,7,2,4,1,1,1,1,0,1,50,,3,0,0,1,2,22.0,38.0,,,5,2,4,1,3
202100025292,2021-08-06 19:50:00,2021,8,6,19,50,38,38151,Rue Géo Charles,45.15007,5.6968,Crépuscule ou aube,En agglomération,Hors intersection,Normale,Autre collision,4,2,4,0,1,1,1,2,1,50,,2,0,2,0,0,30.0,,,,2,2,1,1,6
202100025293,2021-08-05 19:53:00,2021,8,5,19,53,37,37261,GIRAUDEAU (RUE),47.386639345,0.6766115829,Plein jour,En agglomération,Hors intersection,Normale,Deux véhicules - arrière,4,2,2,0,1,1,1,0,1,50,,4,3,0,0,1,48.0,19.0,,,1,2,1,1,2
202100025294,2021-08-05 17:15:00,2021,8,5,17,15,37,37261,NIESSEL (AVENUE DU GENERAL),47.366154742,0.7005931456,Plein jour,En agglomération,Hors intersection,Pluie légère,Sans collision,4,2,2,0,3,3,2,0,1,50,,2,1,0,0,1,41.0,,,,1,2,1,2,7
202100025295,2021-08-06 15:55:00,2021,8,6,15,55,35,35238,PORTE ALMA,48.07949,-1.67625,Plein jour,Hors agglomération,Hors intersection,Normale,Sans collision,2,1,1,0,2,3,1,3,1,50,,1,0,0,0,1,21.0,,,,1,1,1,1,7
202100025296,2021-08-06 14:00:00,2021,8,6,14,0,35,35238,JANVIER (AVENUE JEAN),48.10955,-1.6739,Plein jour,En agglomération,Hors intersection,Normale,Deux véhicules - arrière,4,2,2,0,1,1,1,0,1,50,,2,1,0,0,1,68.0,21.0,,,1,2,1,1,2
202100025297,2021-08-06 01:00:00,2021,8,6,1,0,34,34172,SAINT LAZARE (AVENUE DE),43.61768,3.886,Nuit avec éclairage allumé,En agglomération,Intersection en Y,Normale,Autre collision,4,-1,1,0,1,1,1,9,1,30,,2,1,0,0,1,,,,,5,2,4,1,6
202100025298,2021-08-06 19:25:00,2021,8,6,19,25,33,33063,Rue du Hamel,44.83155,-0.56602,Plein jour,En agglomération,Intersection en X,Normale,Deux véhicules - côté,4,1,1,0,1,1,1,0,1,50,,2,1,0,0,1,36.0,,,,1,2,2,1,3
202100025299,2021-08-06 15:40:00,2021,8,6,15,40,33,33529,Rue du Port,44.63693,-1.14459,Plein jour,En agglomération,Hors intersection,Normale,Autre collision,4,2,2,0,1,1,1,0,1,50,,3,1,0,0,2,46.0,17.0,,,1,2,1,1,6
202100025300,2021-08-06 10:00:00,2021,8,6,10,0,31,31555,IMP DE LA GLACIERE,43.64676,1.42285,Plein jour,En agglomération,Hors intersection,Normale,Deux véhicules - côté,4,-1,1,0,1,1,1,0,1,50,,2,1,0,1,0,52.0,,,,1,2,1,1,3
202100025301,2021-07-31 01:00:00,2021,7,31,1,0,30,30189,JAURES JEAN (BOULEVARD),43.83279,4.3518,Nuit avec éclairage non allumé,En agglomération,Intersection en X,Normale,Deux véhicules - côté,4,-1,2,0,1,1,1,0,1,50,,3,1,0,0,2,33.0,23.0,,,4,2,2,1,3
202100025302,2021-07-24 15:35:00,2021,7,24,15,35,30,30189,FAITA VINCENT (RUE),43.8457,4.3717,Plein jour,En agglomération,Intersection en T,Normale,Deux véhicules - côté,4,2,0,0,1,1,1,0,1,50,,2,1,0,0,1,22.0,20.0,,,1,2,3,1,3
202100025303,2021-08-05 15:05:00,2021,8,5,15,5,29,29232,Avenue de la Liberation,47.99372,-4.09038,Plein jour,En agglomération,Hors intersection,Normale,Autre collision,4,2,2,0,1,1,1,0,1,50,,2,1,0,0,1,37.0,,,,1,2,1,1,6
202100025304,2021-08-06 16:40:00,2021,8,6,16,40,29,29019,Rue Emile Rousse,48.3854,-4.5282,Plein jour,En agglomération,Giratoire,Normale,Deux véhicules - côté,4,2,2,0,1,1,1,5,1,50,,3,0,0,0,3,88.0,29.0,,,1,2,6,1,3
202100025305,2021-07-15 19:10:00,2021,7,15,19,10,28,28085,CHASLES (BOULEVARD),48.44198,1.48437,Plein jour,En agglomération,Intersection en T,Normale,Deux véhicules - côté,4,2,2,3,1,1,1,0,6,30,,3,0,0,0,3,48.0,31.0,,,1,2,3,1,3
202100025306,2021-08-05 16:00:00,2021,8,5,16,0,27,27299,RN 154,49.052,1.17878,Plein jour,Hors agglomération,Hors intersection,Normale,Deux véhicules - côté,2,-1,2,0,1,1,1,0,1,110,,2,1,0,0,1,20.0,33.0,,,1,1,1,1,3
202100025307,2021-08-06 10:25:00,2021,8,6,10,25,17,17380,BRICK (DU),45.64747,-1.11023,Plein jour,En agglomération,Intersection en T,Normale,Deux véhicules - arrière,4,2,2,1,2,2,1,0,5,30,,2,1,0,0,1,33.0,76.0,,,1,2,3,1,2
202100025308,2021-08-05 20:20:00,2021,8,5,20,20,14,14118,D9A,49.18515,-0.39564,Plein jour,En agglomération,Intersection en T,Normale,Autre collision,4,2,2,0,1,1,1,0,1,50,,3,1,0,0,2,48.0,24.0,,,1,2,3,1,6
202100025309,2021-08-06 17:18:00,2021,8,6,17,18,13,13202,JOLIETTE (PLACE DE LA),43.30507,5.36676,Plein jour,En agglomération,Intersection en Y,Normale,Deux véhicules - arrière,4,1,2,0,1,1,1,0,1,50,,3,1,0,0,2,,58.0,,,1,2,4,1,2
202100025310,2021-08-06 17:25:00,2021,8,6,17,25,13,13215,MADRAGUE VILLE (chemin de la),43.32136,5.36494,Plein jour,En agglomération,Hors intersection,Normale,Deux véhicules - côté,7,2,2,0,1,1,1,0,1,50,,2,0,0,0,2,37.0,,,,1,2,1,1,3
202100025311,2021-08-06 13:00:00,2021,8,6,13,0,13,13214,ALEX ANSALDI (RUE),43.33115,5.40615,Plein jour,En agglomération,Intersection en Y,Normale,Deux véhicules - côté,7,2,4,0,1,1,1,0,1,50,,5,0,0,0,5,37.0,21.0,,,1,2,4,1,3
202100025312,2021-08-06 05:25:00,2021,8,6,5,25,13,13203,PLOMBIERES (BOULEVARD DES),43.3148616542,5.3886176814,Nuit avec éclairage allumé,En agglomération,Intersection en X,Normale,Deux véhicules - côté,4,2,4,0,1,1,1,0,1,50,,2,1,0,0,1,26.0,23.0,,,5,2,2,1,3
202100025313,2021-08-05 21:45:00,2021,8,5,21,45,13,13204,CHARTREUX (AVENUE DES),43.31126,5.40104,Nuit avec éclairage allumé,En agglomération,Intersection en T,Normale,Deux véhicules - côté,4,3,2,0,1,1,1,0,1,50,,4,2,0,0,2,36.0,36.0,,,5,2,3,1,3
202100025314,2021-08-05 16:40:00,2021,8,5,16,40,13,13209,MICHELET (BOULEVARD),43.25942,5.398,Plein jour,En agglomération,Hors intersection,Normale,Deux véhicules - côté,9,1,1,0,1,1,1,0,1,30,,2,1,0,0,1,74.0,,,,1,2,1,1,3
202100025315,2021-08-05 16:30:00,2021,8,5,16,30,13,13202,VAUDOYER (AVENUE),43.29505,5.36434,Plein jour,En agglomération,Hors intersection,Normale,Deux véhicules - côté,4,2,2,0,1,2,1,0,1,50,,4,2,0,0,2,36.0,26.0,,,1,2,1,1,3
202100025316,2021-08-06 19:15:00,2021,8,6,19,15,13,13063,D.10,43.57071,5.01999,Plein jour,En agglomération,Hors intersection,Normale,Deux véhicules - arrière,7,2,2,0,1,1,1,0,1,50,,6,5,0,0,1,23.0,34.0,,,1,2,1,1,2
202100025317,2021-08-09 15:30:00,2021,8,9,15,30,11,11069,ROCADE SUD RD 6161,43.2035,2.3792,Plein jour,En agglomération,Hors intersection,Normale,Deux véhicules - côté,3,2,2,0,1,1,1,0,1,70,,3,2,0,0,1,28.0,21.0,,,1,2,1,1,3
202100025318,2021-08-05 10:40:00,2021,8,5,10,40,11,11069,ROCADE OUEST,43.213064,2.320691,Plein jour,En agglomération,Hors intersection,Normale,Autre collision,3,2,2,0,1,1,1,0,1,80,,6,4,0,0,2,38.0,43.0,,,1,2,1,1,6
202100025319,2021-08-06 19:35:00,2021,8,6,19,35,06,06088,PASTORELLI (R.),43.701863,7.273303,Plein jour,En agglomération,Intersection en X,Normale,Deux véhicules - côté,4,1,1,0,1,1,1,0,1,50,,3,0,0,3,0,45.0,26.0,,,1,2,2,1,3
202100025320,2021-08-06 13:45:00,2021,8,6,13,45,06,06123,LECLERC GENERAL AVENUE,43.674821,7.189102,Plein jour,En agglomération,Hors intersection,Normale,Autre collision,7,2,2,0,1,1,1,0,1,50,,2,1,0,0,1,68.0,,,,1,2,1,1,6
202100025321,2021-08-05 12:20:00,2021,8,5,12,20,06,06027,CLAVERIE RUE DU BRIGADIER,43.6627,7.152998,Plein jour,En agglomération,Giratoire,Normale,Deux véhicules - côté,4,2,2,1,1,4,1,5,1,30,,2,1,0,0,1,86.0,52.0,,,1,2,6,1,3
202100025322,2021-08-05 15:25:00,2021,8,5,15,25,05,05061,JEAN JAURES ( AVENUE ),44.5506750764,6.069525776,Plein jour,En agglomération,Intersection en T,Normale,Deux véhicules - côté,2,2,2,0,1,1,1,0,1,50,,2,1,0,1,0,60.0,25.0,,,1,2,3,1,3
202100025323,2021-08-05 07:10:00,2021,8,5,7,10,05,05061,MARECHAL FOCH ( AVENUE DU ),44.56289,6.08619,Plein jour,En agglomération,Hors intersection,Normale,Deux véhicules - côté,2,2,3,0,1,1,1,0,1,50,,2,1,0,0,1,19.0,29.0,,,1,2,1,1,3
202100025324,2021-08-06 18:35:00,2021,8,6,18,35,75,75113,QUAI D IVRY,48.826491,2.389146,Plein jour,En agglomération,Hors intersection,Normale,Deux véhicules - arrière,4,1,4,0,1,1,1,0,1,70,,3,2,0,0,1,53.0,27.0,,,1,2,1,1,2
202100025325,2021-08-06 16:00:00,2021,8,6,16,0,75,75116,ECHANGEUR MUETTE,48.864239,2.266641,Plein jour,En agglomération,Hors intersection,Normale,Trois véhicules et plus - en chaîne,4,-1,4,0,1,1,1,1,1,70,,3,2,0,0,1,22.0,51.0,,,1,2,1,1,4
202100025326,2021-08-04 14:55:00,2021,8,4,14,55,75,75120,PORTE DE BAGNOLET,48.863502,2.413408,Plein jour,En agglomération,Intersection en Y,Normale,Deux véhicules - côté,4,1,4,0,1,1,1,0,1,70,,2,1,0,1,0,20.0,26.0,,,1,2,4,1,3
202100025327,2021-08-06 16:00:00,2021,8,6,16,0,75,75120,RUE DE BELLEVILLE,48.876122,2.403042,Plein jour,En agglomération,Hors intersection,Normale,Deux véhicules - côté,4,2,2,0,1,1,1,0,1,50,,3,2,0,0,1,61.0,57.0,,,1,2,1,1,3
202100025328,2021-08-06 07:10:00,2021,8,6,7,10,75,75120,RUE DES PYRENEES,48.869956,2.3945,Plein jour,En agglomération,Intersection en X,Normale,Deux véhicules - côté,4,2,3,1,1,1,1,0,1,50,,2,1,0,0,1,39.0,20.0,,,1,2,2,1,3
202100025329,2021-08-06 14:45:00,2021,8,6,14,45,75,75119,AVENUE SIMON BOLIVAR,48.873918,2.385325,Plein jour,En agglomération,Intersection en X,Normale,Deux véhicules - côté,4,2,2,0,1,1,1,8,1,50,,2,1,0,0,1,44.0,61.0,,,1,2,2,1,3
202100025330,2021-08-06 07:00:00,2021,8,6,7,0,75,75119,AVENUE SIMON BOLIVAR,48.874069,2.384237,Plein jour,En agglomération,Hors intersection,Normale,Deux véhicules - frontale,4,1,1,0,1,1,1,0,1,30,,2,1,0,0,1,59.0,40.0,,,1,2,1,1,1
202100025331,2021-08-06 01:04:00,2021,8,6,1,4,75,75118,RUE DES POISSONNIERS,48.891185,2.351618,Nuit avec éclairage allumé,En agglomération,Intersection en X,Normale,Deux véhicules - côté,4,2,2,0,1,1,1,5,1,50,,2,1,0,0,1,33.0,45.0,,,5,2,2,1,3
202100025332,2021-08-05 03:00:00,2021,8,5,3,0,75,75116,AVENUE KLEBER,48.863978,2.288112,Nuit avec éclairage allumé,En agglomération,Hors intersection,Normale,Deux véhicules - arrière,4,2,2,0,1,1,1,0,1,50,,8,5,0,0,3,22.0,21.0,,,5,2,1,1,2
202100025333,2021-08-05 19:45:00,2021,8,5,19,45,75,75116,AVENUE DE LA GRANDE ARMEE,48.874008,2.29411,Crépuscule ou aube,En agglomération,Place,Temps couvert,Trois véhicules et plus - collisions multiples,4,2,6,0,1,1,1,0,1,50,,5,4,0,0,1,23.0,34.0,,,2,2,7,8,5
202100025334,2021-08-05 11:40:00,2021,8,5,11,40,75,75115,RUE DE VAUGIRARD,48.836094,2.293967,Plein jour,En agglomération,Intersection en X,Normale,Autre collision,4,1,3,0,1,1,1,0,1,50,,1,0,0,0,1,22.0,,,,1,2,2,1,6
202100025335,2021-08-05 10:05:00,2021,8,5,10,5,75,75115,BOULEVARD DE GRENELLE,48.852472,2.290602,Plein jour,En agglomération,Intersection en X,Normale,Deux véhicules - côté,4,2,2,1,1,1,1,0,5,30,,2,1,0,0,1,24.0,30.0,,,1,2,2,1,3
202100025336,2021-08-05 09:45:00,2021,8,5,9,45,75,75112,BOULEVARD SOULT,48.844316,2.410398,Plein jour,En agglomération,Intersection en X,Normale,Deux véhicules - côté,4,2,2,0,1,1,1,0,1,50,,2,1,0,0,1,27.0,25.0,,,1,2,2,1,3
202100025337,2021-08-06 10:30:00,2021,8,6,10,30,75,75111,BOULEVARD DE MENILMONTANT,48.862875,2.387272,Plein jour,En agglomération,Intersection à plus de 4 branches,Normale,Autre collision,4,1,1,0,1,1,1,8,1,50,,1,0,0,0,1,82.0,,,,1,2,5,1,6
202100025338,2021-08-06 19:51:00,2021,8,6,19,51,75,75101,RUE DE RIVOLI,48.860918,2.340805,Plein jour,En agglomération,Intersection en X,Normale,Autre collision,4,2,3,1,1,1,1,0,1,50,,2,0,0,0,2,26.0,,,,1,2,2,1,6
202100025339,2021-08-06 07:30:00,2021,8,6,7,30,94,94074,Avenue Henri Barbusse,48.7648,2.4419,Plein jour,En agglomération,Hors intersection,Normale,Autre collision,2,3,4,0,1,1,1,0,1,50,,2,1,0,0,1,,31.0,,,1,2,1,1,6
202100025340,2021-08-06 17:00:00,2021,8,6,17,0,94,94016,DIVISION LECLERC (AV DE LA),48.78641,2.32935,Plein jour,En agglomération,Hors intersection,Normale,Sans collision,3,2,2,0,1,1,1,0,3,50,,2,1,0,0,1,,,,,1,2,1,1,7
202100025341,2021-08-06 15:00:00,2021,8,6,15,0,94,94011,MONNET(RUE JEAN),48.7581,2.48197,Plein jour,En agglomération,Autre intersection,Normale,Deux véhicules - arrière,3,3,4,0,1,1,1,3,1,50,,3,2,0,0,1,72.0,39.0,,,1,2,9,1,2
202100025342,2021-08-06 08:45:00,2021,8,6,8,45,93,93008,THIMBAUD (RUE JEAN PIERRE),48.905839,2.468361,Plein jour,En agglomération,Hors intersection,Normale,Deux véhicules - frontale,4,1,1,0,1,1,1,0,1,50,,2,1,0,0,1,36.0,,,,1,2,1,1,1
202100025343,2021-08-06 21:20:00,2021,8,6,21,20,93,93007,JULIEN GRIMAU (RUE),48.941,2.45879,Nuit avec éclairage allumé,En agglomération,Intersection en X,Normale,Deux véhicules - côté,4,2,2,0,1,1,1,0,1,50,,2,1,0,0,1,59.0,,,,5,2,2,1,3
202100025344,2021-08-06 11:00:00,2021,8,6,11,0,93,93001,FELIX FAURE (BLD) =>174,48.90498,2.38184,Plein jour,En agglomération,Autre intersection,Normale,Deux véhicules - côté,4,2,2,0,1,1,1,0,1,50,,2,1,0,0,1,29.0,,,,1,2,9,1,3
202100025345,2021-05-23 20:23:00,2021,5,23,20,23,92,92044,BAUDIN (RUE) 1A25 ET 2A34,48.89697,2.28193,Crépuscule ou aube,En agglomération,Intersection en X,Normale,Deux véhicules - côté,4,1,2,0,1,1,1,0,1,50,,2,1,0,0,1,,26.0,,,2,2,2,1,3
202100025346,2021-08-06 19:30:00,2021,8,6,19,30,92,92025,SOLFERINO (RUE   AV),48.929937,2.260374,Plein jour,En agglomération,Intersection en X,Normale,Deux véhicules - côté,4,1,0,0,1,1,1,0,1,50,,2,1,0,0,1,24.0,26.0,,,1,2,2,1,3
202100025347,2021-07-28 18:00:00,2021,7,28,18,0,976,97610,Trevani,-12.73183,45.195394,Plein jour,Hors agglomération,Hors intersection,Normale,Sans collision,2,2,2,0,2,2,1,0,3,80,,1,0,0,0,1,48.0,,,,1,1,1,1,7