accident_id,datetime,annee,mois,jour,heure,minute,departement,commune_insee,adresse,latitude,longitude,luminosite,agglomeration,intersection,meteo,collision,catr,circ,nbv,vosp,prof,plan,surf,infra,situ,vma,nb_vehicules,nb_usagers,nb_indemnes,nb_tues,nb_blesses_hosp,nb_blesses_legers,age_cond_1,age_cond_2,veh_type_cond_1,veh_type_cond_2,lum_code,agg_code,int_code,atm_code,col_code
202100025348,2021-08-03 18:40:00,2021,8,3,18,40,81,81099,D18,43.923677,1.931534,Plein jour,Hors agglomération,Hors intersection,Normale,Sans collision,3,2,2,0,1,1,1,0,3,80,,1,0,0,0,1,58.0,,,,1,1,1,1,7
202100025349,2021-08-06 14:15:00,2021,8,6,14,15,2A,2A090,RD 81 - lieu dit SANTANA,42.098015,8.709996,Plein jour,En agglomération,Hors intersection,Normale,Deux véhicules - côté,3,2,2,0,1,1,1,0,1,50,,2,1,0,1,0,15.0,43.0,,,1,2,1,1,3
202100025350,2021-08-06 14:50:00,2021,8,6,14,50,60,60107,6 Rue des Grives,49.365079,2.416611,Plein jour,En agglomération,Hors intersection,Normale,Deux véhicules - frontale,4,2,2,0,1,1,1,0,1,50,,3,2,0,1,0,19.0,45.0,,,1,2,1,1,1
202100025351,2021-08-06 20:20:00,2021,8,6,20,20,41,41194,D922,47.375788,1.732525,Plein jour,Hors agglomération,Hors intersection,Normale,Deux véhicules - frontale,3,2,2,0,1,1,1,0,1,80,,6,2,0,4,0,42.0,39.0,,,1,1,1,1,1
202100025352,2021-08-06 16:15:00,2021,8,6,16,15,95,95487,ROUTE DÉPARTEMENTALE 4,49.152422,2.254965,Plein jour,Hors agglomération,Hors intersection,Normale,Deux véhicules - côté,3,2,3,0,1,1,1,0,1,90,,2,1,0,0,1,21.0,21.0,,,1,1,1,1,3
202100025353,2021-08-06 07:35:00,2021,8,6,7,35,29,29068,N12 - Kermat,48.5204408008,-4.0033733317,Plein jour,Hors agglomération,Hors intersection,Pluie légère,Autre collision,2,1,4,0,1,1,2,0,1,110,,1,0,0,1,0,20.0,,,,1,1,1,2,6
202100025354,2021-08-07 18:15:00,2021,8,7,18,15,51,51036,D49,48.6587874386,3.6855874438,Plein jour,Hors agglomération,Hors intersection,Temps couvert,Sans collision,3,2,2,0,2,3,2,0,3,80,,1,0,0,1,0,24.0,,,,1,1,1,8,7
202100025355,2021-08-06 14:40:00,2021,8,6,14,40,19,19075,Nirige,45.2655999316,1.9194062836,Plein jour,Hors agglomération,Hors intersection,Normale,Autre collision,4,2,2,0,4,4,2,0,3,80,,3,0,0,1,2,30.0,,,,1,1,1,1,6
202100025356,2021-08-07 14:30:00,2021,8,7,14,30,56,56047,Ville Glais,48.059668,-2.752939,Plein jour,Hors agglomération,Intersection en X,Normale,Deux véhicules - côté,4,2,2,0,1,2,1,0,1,80,,4,1,0,1,2,62.0,43.0,,,1,1,2,1,3
202100025357,2021-08-07 01:45:00,2021,8,7,1,45,2B,2B346,lieu dit san giabico,42.496055,9.447856,Nuit sans éclairage public,Hors agglomération,Hors intersection,Normale,Autre collision,3,2,2,0,2,2,1,9,1,90,,1,0,0,1,0,30.0,,,,3,1,1,1,6
202100025358,2021-08-07 08:00:00,2021,8,7,8,0,33,33125,,45.212248,-0.876621,Crépuscule ou aube,Hors agglomération,Hors intersection,Normale,Autre collision,3,2,2,0,1,2,1,0,3,80,,1,0,1,0,0,58.0,,,,2,1,1,1,6
202100025359,2021-08-07 05:30:00,2021,8,7,5,30,11,11085,Route de Saint Hilaire,43.178299,2.324858,Nuit sans éclairage public,Hors agglomération,Hors intersection,Normale,Sans collision,3,2,2,0,1,2,1,0,3,80,,1,0,0,0,1,22.0,,,,3,1,1,1,7
202100025360,2021-08-07 13:50:00,2021,8,7,13,50,12,12016,RD840 ,44.509131,2.362018,Plein jour,Hors agglomération,Hors intersection,Pluie légère,Trois véhicules et plus - collisions multiples,3,2,2,0,2,4,2,0,1,90,,6,0,0,3,3,33.0,28.0,,,1,1,1,2,5
202100025361,2021-08-06 08:45:00,2021,8,6,8,45,46,46157,Le bourg,44.521586,1.943454,Plein jour,En agglomération,Hors intersection,Normale,Deux véhicules - arrière,3,2,2,0,1,1,1,0,1,50,,2,1,0,1,0,54.0,50.0,,,1,2,1,1,2
202100025362,2021-08-05 18:40:00,2021,8,5,18,40,47,47082,Le Fau,44.253576,0.84496,Plein jour,Hors agglomération,Hors intersection,Normale,Autre collision,4,-1,2,0,3,1,1,0,8,-1,,1,0,0,1,0,29.0,,,,1,1,1,1,6
202100025363,2021-08-03 18:30:00,2021,8,3,18,30,44,44213,Rue Pierre de Coubertin (parking du stade),47.389879,-1.029486,Plein jour,En agglomération,Autre intersection,Normale,Deux véhicules - côté,6,-1,-1,0,1,1,1,0,8,-1,,2,1,0,1,0,16.0,16.0,,,1,2,9,1,3
202100025364,2021-08-06 16:10:00,2021,8,6,16,10,31,31109,Lieu dit La Ruère,43.226823,0.79878,Plein jour,Hors agglomération,Hors intersection,Normale,Deux véhicules - côté,3,2,2,0,1,1,1,0,1,70,,3,0,0,2,1,23.0,24.0,,,1,1,1,1,3
202100025365,2021-08-03 18:45:00,2021,8,3,18,45,31,31426,Rue de la Barrière,43.08813,0.63276,Plein jour,Hors agglomération,Hors intersection,Normale,Autre collision,4,2,1,0,1,1,1,0,1,80,,1,0,0,1,0,63.0,,,,1,1,1,1,6
202100025366,2021-08-06 19:20:00,2021,8,6,19,20,03,03223,LE CHITIN,46.177286,3.585652,Plein jour,Hors agglomération,Hors intersection,Normale,Sans collision,3,2,2,0,1,2,1,0,3,90,,1,0,0,1,0,51.0,,,,1,1,1,1,7
202100025367,2021-08-07 14:15:00,2021,8,7,14,15,85,85038,A83 PK028+300,46.91543,-1.32581,Plein jour,Hors agglomération,Hors intersection,Normale,Sans collision,1,3,4,0,2,1,2,0,2,130,,1,0,0,1,0,22.0,,,,1,1,1,1,7
202100025368,2021-08-06 16:20:00,2021,8,6,16,20,26,26305,Route de ,44.600276,4.9015331,Plein jour,Hors agglomération,Intersection en X,Normale,Deux véhicules - côté,3,2,2,0,1,1,1,0,1,80,,2,1,0,1,0,46.0,31.0,,,1,1,2,1,3
202100025369,2021-08-05 19:00:00,2021,8,5,19,0,06,06032,118 Avenue du Trois Septembre,43.723138,7.396502,Plein jour,En agglomération,Hors intersection,Normale,Autre collision,7,2,2,0,1,1,1,6,1,50,,2,1,0,1,0,20.0,,,,1,2,1,1,6
202100025370,2021-08-07 18:30:00,2021,8,7,18,30,90,90012,RD 1083,47.64736,6.91716,Plein jour,Hors agglomération,Autre intersection,Pluie légère,Deux véhicules - côté,3,2,3,0,1,1,2,5,1,80,,2,1,0,0,1,22.0,67.0,,,1,1,9,2,3
202100025371,2021-08-06 17:50:00,2021,8,6,17,50,45,45279,Avenue des Guiberts aux Ducoins,47.981014,2.84202,Plein jour,Hors agglomération,Intersection en X,Normale,Deux véhicules - frontale,3,2,2,0,1,3,1,0,1,70,,2,1,0,1,0,74.0,26.0,,,1,1,2,1,1
202100025372,2021-08-07 11:00:00,2021,8,7,11,0,43,43212,Bouffelaure,45.34047,3.990961,Plein jour,Hors agglomération,Hors intersection,Pluie forte,Autre collision,3,2,2,0,1,1,2,0,3,-1,,2,0,0,2,0,18.0,,,,1,1,1,3,6
202100025373,2021-08-06 14:39:00,2021,8,6,14,39,10,10074,Rue du Bourget,48.12633,3.964257,Plein jour,Hors agglomération,Autre intersection,Normale,Autre collision,2,2,3,0,1,1,1,5,1,80,,4,1,0,1,2,18.0,46.0,,,1,1,9,1,6
202100025374,2021-08-07 16:25:00,2021,8,7,16,25,16,16093,Intersection RD4 / RD 412,45.626044,0.363085,Plein jour,Hors agglomération,Intersection en X,Normale,Deux véhicules - côté,3,2,2,0,1,1,1,0,1,90,,2,0,1,0,1,38.0,67.0,,,1,1,2,1,3
202100025375,2021-08-06 18:00:00,2021,8,6,18,0,30,30350,d999,43.992008,3.624217,Plein jour,Hors agglomération,Hors intersection,Normale,Autre collision,3,1,1,0,1,1,1,0,3,70,,4,3,0,0,1,74.0,,,,1,1,1,1,6
202100025376,2021-08-07 03:55:00,2021,8,7,3,55,33,33122,,44.692149,-0.7687,Nuit sans éclairage public,Hors agglomération,Hors intersection,Normale,Trois véhicules et plus - en chaîne,1,2,4,0,1,1,1,0,1,130,,4,3,0,0,1,27.0,30.0,,,3,1,1,1,4
202100025377,2021-08-02 21:00:00,2021,8,2,21,0,33,33284,"Autoroute A660, PK 007+664 sens Arcachon/Bordeaux",44.630917,-0.934653,Nuit sans éclairage public,Hors agglomération,Hors intersection,Normale,Autre collision,1,3,4,0,1,1,1,2,3,130,,1,0,0,1,0,48.0,,,,3,1,1,1,6
202100025378,2021-08-05 11:55:00,2021,8,5,11,55,74,74264,Cluses,46.058953,6.565919,Plein jour,Hors agglomération,Hors intersection,Normale,Sans collision,3,2,2,0,1,1,1,0,3,80,,1,0,0,0,1,43.0,,,,1,1,1,1,7
202100025379,2021-08-06 11:35:00,2021,8,6,11,35,01,01047,D124,45.856633,5.230093,Plein jour,Hors agglomération,Hors intersection,Normale,Trois véhicules et plus - en chaîne,3,2,2,0,1,1,1,0,1,80,,4,2,0,0,2,53.0,59.0,,,1,1,1,1,4
202100025380,2021-08-07 12:00:00,2021,8,7,12,0,58,58057,Route Nationale 7,46.731904,3.169545,Plein jour,Hors agglomération,Autre intersection,Normale,Deux véhicules - côté,2,2,2,0,1,1,1,0,1,70,,5,3,0,0,2,28.0,35.0,,,1,1,9,1,3
202100025381,2021-08-07 00:30:00,2021,8,7,0,30,68,68118,Rue d Eschentzwiller,47.722546,7.416546,Nuit sans éclairage public,Hors agglomération,Hors intersection,Normale,Sans collision,3,2,2,0,1,2,1,0,1,70,,1,0,0,0,1,32.0,,,,3,1,1,1,7
202100025382,2021-08-07 07:10:00,2021,8,7,7,10,45,45085,RD 56,47.837329,2.891164,Plein jour,Hors agglomération,Hors intersection,Normale,Autre collision,3,2,2,0,2,3,1,0,8,80,,1,0,1,0,0,56.0,,,,1,1,1,1,6
202100025383,2021-08-07 08:30:00,2021,8,7,8,30,77,77280,route départementale 3,49.016144,3.046646,Plein jour,Hors agglomération,Hors intersection,Normale,Sans collision,3,2,2,0,1,1,1,0,3,80,,1,0,0,0,1,48.0,,,,1,1,1,1,7
202100025384,2021-08-06 07:20:00,2021,8,6,7,20,06,06157,11 Chemin des Roures,43.718984,7.084313,Crépuscule ou aube,En agglomération,Hors intersection,Normale,Deux véhicules - frontale,4,2,1,0,1,2,1,0,1,50,,2,1,0,1,0,28.0,23.0,,,2,2,1,1,1
202100025385,2021-08-06 15:30:00,2021,8,6,15,30,89,89255,,48.322288,3.231133,Plein jour,Hors agglomération,Autre intersection,Normale,Deux véhicules - arrière,1,3,4,0,1,1,1,0,1,130,,2,1,0,0,1,46.0,40.0,,,1,1,9,1,2
202100025386,2021-08-06 18:15:00,2021,8,6,18,15,68,68294,1 Petit Rombach,48.260997,7.214914,Plein jour,En agglomération,Hors intersection,Temps couvert,Deux véhicules - frontale,4,2,2,0,1,2,1,0,1,50,,3,2,0,0,1,37.0,27.0,,,1,2,1,8,1
202100025387,2021-07-29 17:45:00,2021,7,29,17,45,67,67084,lieu dit meymatten,48.315496,7.435877,Plein jour,Hors agglomération,Intersection en X,Normale,Deux véhicules - côté,4,2,1,3,1,1,1,0,6,-1,,2,1,0,1,0,44.0,28.0,,,1,1,2,1,3
202100025388,2021-08-06 18:35:00,2021,8,6,18,35,63,63077,RD 36 - Col de la croix saint robert,45.559827,2.853913,Plein jour,Hors agglomération,Hors intersection,Normale,Sans collision,3,2,2,0,2,2,1,0,3,80,,1,0,1,0,0,66.0,,,,1,1,1,1,7
202100025389,2021-08-07 12:45:00,2021,8,7,12,45,74,74116,D1203,46.072494,6.288332,Plein jour,Hors agglomération,Autre intersection,Vent fort / tempête,Deux véhicules - côté,3,1,1,0,2,1,4,0,1,80,,2,1,0,1,0,28.0,40.0,,,1,1,9,6,3
202100025390,2021-08-07 00:20:00,2021,8,7,0,20,73,73099,RD 925,45.4484831045,6.0970903071,Nuit sans éclairage public,En agglomération,Hors intersection,Normale,Autre collision,3,2,2,2,1,3,1,-1,1,50,,1,0,0,1,0,55.0,,,,3,2,1,1,6
202100025391,2021-08-07 12:00:00,2021,8,7,12,0,26,26235,Rond-Point Louis Pasteur (Parking),44.375493,4.698654,Plein jour,En agglomération,Giratoire,Temps couvert,Deux véhicules - côté,4,1,2,0,1,2,1,9,1,30,,2,1,0,1,0,69.0,18.0,,,1,2,6,8,3
202100025392,2021-06-23 19:43:00,2021,6,23,19,43,33,33300,Route du Pin-Sec,45.266762,-1.14316,Plein jour,En agglomération,Intersection en X,Normale,Deux véhicules - côté,3,2,2,0,1,1,1,0,1,50,,4,2,0,0,2,19.0,61.0,,,1,2,2,1,3
202100025393,2021-08-06 22:30:00,2021,8,6,22,30,33,33085,24 bis route des deux ponts,44.769489,-0.493328,Nuit avec éclairage allumé,En agglomération,Intersection en T,Normale,Deux véhicules - arrière,3,2,2,0,1,1,1,0,1,70,,4,3,0,0,1,32.0,34.0,,,5,2,3,1,2
202100025394,2021-08-06 17:50:00,2021,8,6,17,50,22,22003,Rue du Chatelet,48.455481,-2.129551,Plein jour,En agglomération,Hors intersection,Normale,Sans collision,4,2,2,0,1,4,1,0,3,50,,1,0,0,1,0,20.0,,,,1,2,1,1,7
202100025395,2021-08-03 17:10:00,2021,8,3,17,10,67,67471,M35,48.6307,7.7239,Plein jour,Hors agglomération,Hors intersection,Temps couvert,Deux véhicules - arrière,7,3,3,0,1,1,2,0,1,90,,2,1,0,0,1,46.0,83.0,,,1,1,1,8,2
202100025396,2021-08-05 15:55:00,2021,8,5,15,55,91,91312,RD 444,48.7311,2.2407,Plein jour,Hors agglomération,Hors intersection,Normale,Deux véhicules - côté,3,2,2,0,1,1,1,0,1,70,,3,0,0,0,3,70.0,31.0,,,1,1,1,1,3
202100025397,2021-08-06 20:00:00,2021,8,6,20,0,93,93053,AUTOROUTE A3,48.88084,2.45178,Plein jour,Hors agglomération,Hors intersection,Normale,Deux véhicules - côté,1,3,7,0,2,1,1,0,1,90,,2,1,0,0,1,26.0,21.0,,,1,1,1,1,3
202100025398,2021-08-06 18:40:00,2021,8,6,18,40,93,93053,AUTOROUTE A3,48.89541,2.47065,Plein jour,Hors agglomération,Hors intersection,Normale,Sans collision,1,3,10,0,1,1,1,0,1,90,,1,0,0,0,1,60.0,,,,1,1,1,1,7
202100025399,2021-08-06 11:00:00,2021,8,6,11,0,92,92036,AUTOROUTE A15,48.9378886633,2.297667219,Plein jour,Hors agglomération,Hors intersection,Normale,Autre collision,1,3,4,0,1,2,1,3,1,70,,1,0,0,1,0,26.0,,,,1,1,1,1,6
202100025400,2021-08-06 05:30:00,2021,8,6,5,30,60,60241,AUTOROUTE A1,49.16184,2.59706,Nuit sans éclairage public,Hors agglomération,Hors intersection,Normale,Trois véhicules et plus - collisions multiples,1,3,6,0,1,1,1,0,1,110,,4,3,0,0,1,50.0,58.0,,,3,1,1,1,5
202100025401,2021-08-06 01:30:00,2021,8,6,1,30,95,95306, A15,49.00919,2.15782,Nuit sans éclairage public,Hors agglomération,Hors intersection,Normale,Deux véhicules - arrière,1,-1,6,0,1,1,1,0,1,110,,2,0,0,0,2,38.0,49.0,,,3,1,1,1,2
202100025402,2021-08-05 22:40:00,2021,8,5,22,40,92,92078,AUTOROUTE A86,48.9283084303,2.3316245851,Nuit sans éclairage public,Hors agglomération,Hors intersection,Normale,Autre collision,1,3,7,0,1,2,1,0,8,70,,2,1,0,0,1,22.0,,,,3,1,1,1,6
202100025403,2021-08-06 14:10:00,2021,8,6,14,10,94,94069,A4,48.8176057496,2.4212441061,Plein jour,Hors agglomération,Hors intersection,Normale,Deux véhicules - côté,1,3,4,0,1,1,1,0,1,90,,2,1,0,0,1,22.0,25.0,,,1,1,1,1,3
202100025404,2021-08-06 11:00:00,2021,8,6,11,0,77,77121,A104,48.8322725439,2.6661949944,Plein jour,Hors agglomération,Hors intersection,Pluie légère,Autre collision,1,3,1,0,1,2,2,3,1,90,,1,0,0,0,1,30.0,,,,1,1,1,2,6
202100025405,2021-08-06 07:00:00,2021,8,6,7,0,93,93051,A4,48.8354,2.56911,Plein jour,Hors agglomération,Hors intersection,Normale,Autre collision,1,-1,4,0,1,1,1,0,1,110,,1,0,0,0,1,65.0,,,,1,1,1,1,6
202100025406,2021-08-01 19:28:00,2021,8,1,19,28,92,92048,GEORGES LANGRONET (RUE) N° 1 A 31,48.8021468259,2.2395885927,Plein jour,En agglomération,Hors intersection,Normale,Sans collision,4,-1,0,0,2,1,1,9,8,30,,1,0,0,0,1,21.0,,,,1,2,1,1,7
202100025407,2021-08-05 16:30:00,2021,8,5,16,30,976,97611,kaweni-Poste ( rue de la ),-12.77259,45.22317,Plein jour,En agglomération,Hors intersection,Normale,Autre collision,2,2,2,0,1,1,1,0,1,50,,2,0,0,0,2,20.0,,,,1,2,1,1,6
202100025408,2021-06-01 18:15:00,2021,6,1,18,15,11,11262,LORRAINE (QUAI DE),43.185753,2.9986433,Plein jour,En agglomération,Intersection en T,Normale,Autre collision,3,2,2,0,1,1,1,9,1,50,,2,1,0,1,0,25.0,,,,1,2,3,1,6
202100025409,2021-05-31 17:35:00,2021,5,31,17,35,11,11262,PELISSIER (RUE YVAN),43.17976,3.00398,Plein jour,En agglomération,Intersection en X,Normale,Deux véhicules - côté,4,2,2,0,1,1,1,9,1,50,,2,1,0,0,1,,17.0,,,1,2,2,1,3
202100025410,2021-08-06 07:05:00,2021,8,6,7,5,988,98818,RUE BOULARI/ROUTE DE L'ANSE VATA,-22.3017,166.44506,Plein jour,En agglomération,Intersection en T,Normale,Deux véhicules - arrière,4,3,2,0,1,1,1,0,1,50,,2,1,0,1,0,56.0,57.0,,,1,2,3,1,2
202100025411,2021-08-05 11:00:00,2021,8,5,11,0,974,97411,RAMBAUD (LEOPOLD),-20.8855462184,55.4699720442,Plein jour,En agglomération,Hors intersection,Normale,Autre collision,2,1,3,0,1,1,1,0,1,50,,2,1,0,0,1,60.0,,,,1,2,1,1,6
202100025412,2021-08-03 16:30:00,2021,8,3,16,30,974,97411,MARIE (RUE SAINTE),-20.8848386716,55.447224266,Plein jour,En agglomération,Intersection en X,Normale,,4,1,1,0,1,1,1,0,6,50,,2,1,0,0,1,26.0,,,,1,2,2,1,-1
202100025413,2021-08-04 14:30:00,2021,8,4,14,30,974,97407,VERDUN (BOULEVARD),-20.94198,55.29274,Plein jour,En agglomération,Hors intersection,Normale,Deux véhicules - frontale,4,2,2,0,1,1,1,0,1,50,,2,1,0,0,1,25.0,21.0,,,1,2,1,1,1
202100025414,2021-08-05 14:45:00,2021,8,5,14,45,973,97302,MARINGOUINS (ROND-POINT),4.90783,-52.32216,Plein jour,En agglomération,Giratoire,Normale,Deux véhicules - arrière,2,1,2,0,1,3,1,0,1,50,,3,2,0,0,1,31.0,53.0,,,1,2,6,1,2
202100025415,2021-08-04 22:30:00,2021,8,4,22,30,973,97302,ARAGO (FRANCOIS),4.93944,-52.3319,Nuit avec éclairage allumé,En agglomération,Intersection en X,Normale,Deux véhicules - côté,4,2,2,0,1,1,1,0,1,50,,2,1,0,0,1,22.0,31.0,,,5,2,2,1,3
202100025416,2021-08-04 06:55:00,2021,8,4,6,55,973,97302,HEDER (place),4.9409589419,-52.3336304426,Plein jour,En agglomération,Intersection en X,Normale,Deux véhicules - côté,4,-1,2,0,1,1,1,0,1,50,,2,1,0,0,1,62.0,34.0,,,1,2,2,1,3
202100025417,2021-08-06 02:20:00,2021,8,6,2,20,69,69259,ENNEMOND ROMAND (PL),45.7259177902,4.8589272358,Nuit avec éclairage allumé,En agglomération,Hors intersection,Normale,Autre collision,4,2,2,0,1,1,1,0,1,50,,2,1,0,1,0,,,,,5,2,1,1,6
202100025418,2021-08-05 07:50:00,2021,8,5,7,50,69,69387,GUILLOTIERE (DE LA) (GR),45.7494474785,4.8528670571,Plein jour,En agglomération,Hors intersection,Normale,Deux véhicules - côté,4,1,2,2,1,1,1,0,1,50,,2,1,0,0,1,21.0,57.0,,,1,2,1,1,3
202100025419,2021-08-05 16:25:00,2021,8,5,16,25,972,97209,VIEUX CHEMIN (RUE DU),14.60959,-61.07182,Plein jour,En agglomération,Intersection en T,Normale,Autre collision,4,1,1,0,1,1,1,0,1,30,,2,1,0,0,1,44.0,,,,1,2,3,1,6
202100025420,2021-08-04 20:15:00,2021,8,4,20,15,69,69384,BIRMINGHAM (DE) (AV),45.77465,4.8125,Crépuscule ou aube,En agglomération,Hors intersection,Pluie légère,Deux véhicules - côté,4,2,4,1,1,1,2,0,5,50,,2,1,0,0,1,19.0,,,,2,2,1,2,3
202100025421,2021-08-04 08:30:00,2021,8,4,8,30,971,97101,ACHILLE RENE BOISNEUF (RUE),16.2693,-61.5063,Plein jour,En agglomération,Intersection en T,Normale,Deux véhicules - côté,4,2,2,0,1,1,1,0,1,50,,2,1,0,0,1,27.0,51.0,,,1,2,3,1,3
202100025422,2021-08-03 19:40:00,2021,8,3,19,40,91,91549,SIROLIERS (RUE DES),48.631689,2.335869,Plein jour,En agglomération,Hors intersection,Normale,Autre collision,4,-1,2,0,1,1,1,0,1,30,,2,1,0,1,0,36.0,,,,1,2,1,1,6
202100025423,2021-08-04 19:22:00,2021,8,4,19,22,87,87113,SABLIERE (LA),45.87115,1.33446,Plein jour,En agglomération,Hors intersection,Pluie légère,Autre collision,3,2,2,0,1,3,2,0,1,50,,1,0,0,0,1,25.0,,,,1,2,1,2,6
202100025424,2021-08-04 00:15:00,2021,8,4,0,15,87,87113,LIMOGES (AVENUE DE),45.85725,1.31188,Nuit avec éclairage allumé,En agglomération,Hors intersection,Pluie légère,Autre collision,3,2,2,0,1,1,2,0,1,50,,1,0,0,0,1,21.0,,,,5,2,1,2,6
202100025425,2021-08-05 03:10:00,2021,8,5,3,10,83,83129,MER (AVENUE DE LA) N° PAIRS,43.09814,5.82818,Nuit avec éclairage allumé,En agglomération,Hors intersection,Normale,Sans collision,7,2,2,0,1,1,1,0,1,50,,1,0,0,1,0,34.0,,,,5,2,1,1,7
202100025426,2021-08-03 18:45:00,2021,8,3,18,45,80,80021,LEO LAGRANGE (RUE),49.91067,2.31531,Plein jour,En agglomération,Intersection en X,Normale,Deux véhicules - côté,4,2,4,3,1,1,1,0,1,50,,2,1,0,0,1,36.0,21.0,,,1,2,2,1,3
202100025427,2021-08-05 18:00:00,2021,8,5,18,0,79,79191,133 Route de Coulonges,46.34432,-0.47624,Plein jour,En agglomération,Hors intersection,Pluie légère,Sans collision,3,-1,2,0,1,1,2,0,1,50,,2,1,0,0,1,52.0,,,,1,2,1,2,7
202100025428,2021-08-04 20:46:00,2021,8,4,20,46,79,79191,Rue du Maréchal Leclerc,46.35128,-0.44092,Plein jour,Hors agglomération,Intersection en X,Normale,Deux véhicules - côté,3,2,3,3,2,1,2,0,1,80,,2,1,0,0,1,61.0,33.0,,,1,1,2,1,3
202100025429,2021-07-25 22:50:00,2021,7,25,22,50,77,77042,FERTE GAUCHER (RUE DE LA),48.815415,3.144777,Nuit sans éclairage public,Hors agglomération,Hors intersection,Normale,Sans collision,3,2,2,0,1,1,1,0,8,80,,1,0,0,0,1,40.0,,,,3,1,1,1,7
202100025430,2021-08-05 07:55:00,2021,8,5,7,55,76,76540,LYONS LA FORET. RUE DE,49.43791,1.11857,Plein jour,En agglomération,Hors intersection,Normale,Autre collision,4,-1,2,0,1,1,1,0,1,30,,2,1,0,0,1,26.0,,,,1,2,1,1,6
202100025431,2021-08-04 14:40:00,2021,8,4,14,40,71,71306,18 Rue de Charolles,46.6625129321,4.3501712091,Plein jour,En agglomération,Hors intersection,Temps couvert,Sans collision,4,2,2,0,2,1,2,0,1,50,,1,0,0,0,1,17.0,,,,1,2,1,8,7
202100025432,2021-07-26 07:30:00,2021,7,26,7,30,67,67482,FUSTEL DE COULANGES (QUAI),48.5749,7.75168,Plein jour,En agglomération,Hors intersection,Normale,Autre collision,4,2,5,3,1,1,1,0,4,50,,1,0,1,0,0,47.0,,,,1,2,1,1,6
202100025433,2021-08-05 14:21:00,2021,8,5,14,21,66,66136,BALEARES ROND POINT ET CITE DES,42.68856,2.89486,Plein jour,En agglomération,Hors intersection,Normale,Deux véhicules - côté,4,1,2,0,1,1,1,0,1,50,,2,1,0,0,1,48.0,37.0,,,1,2,1,1,3
202100025434,2021-08-04 18:35:00,2021,8,4,18,35,66,66136,MICHELET (BOULEVARD EDMOND),42.70105,2.88354,Plein jour,En agglomération,Hors intersection,Normale,Deux véhicules - arrière,3,3,4,0,1,1,1,0,1,50,,3,1,0,0,2,41.0,33.0,,,1,2,1,1,2
202100025435,2021-08-04 17:25:00,2021,8,4,17,25,66,66136,R D 900,42.67899,2.87273,Plein jour,En agglomération,Hors intersection,Normale,Deux véhicules - arrière,3,3,4,0,1,1,1,0,1,90,,3,2,0,0,1,26.0,33.0,,,1,2,1,1,2
202100025436,2021-08-05 12:35:00,2021,8,5,12,35,65,65440,VERDUN (PLACE DE),43.233507473,0.0731760263,Plein jour,En agglomération,Hors intersection,Normale,Autre collision,9,1,2,0,1,1,1,0,1,50,,2,0,0,0,2,60.0,,,,1,2,1,1,6
202100025437,2021-08-05 09:48:00,2021,8,5,9,48,65,65251,RD215,43.214877,0.085375,Plein jour,Hors agglomération,Intersection en T,Normale,Deux véhicules - côté,3,2,2,0,1,1,1,0,1,50,,2,1,0,0,1,87.0,55.0,,,1,1,3,1,3
202100025438,2021-08-05 13:00:00,2021,8,5,13,0,64,64545,CORNICHE (ROUTE DE LA),43.3901,-1.70397,Plein jour,En agglomération,Hors intersection,Normale,Trois véhicules et plus - en chaîne,3,2,2,0,1,1,1,0,1,50,,3,2,0,0,1,38.0,43.0,,,1,2,1,1,4
202100025439,2021-08-04 16:40:00,2021,8,4,16,40,63,63113,CLEMENTEL (BD ETIENNE),45.81661,3.10936,Plein jour,En agglomération,Hors intersection,Normale,Autre collision,7,-1,4,0,1,1,1,0,1,50,,2,1,0,1,0,62.0,,,,1,2,1,1,6
202100025440,2021-06-18 19:15:00,2021,6,18,19,15,60,60057,Rue Binet,49.42181,2.07916,Plein jour,En agglomération,Hors intersection,Normale,Autre collision,4,-1,2,0,2,1,1,0,8,50,,2,0,0,1,0,,,,,1,2,1,1,6
202100025441,2021-08-05 18:15:00,2021,8,5,18,15,59,59599,ROUBAIX (RUE DE),50.715,3.1641,Plein jour,En agglomération,Intersection en T,Normale,Deux véhicules - côté,4,-1,2,0,1,1,1,0,1,50,,2,1,0,0,1,29.0,17.0,,,1,2,3,1,3
202100025442,2021-08-05 03:42:00,2021,8,5,3,42,59,59512,JAURES (AVENUE JEAN),50.68073,3.16515,Nuit avec éclairage allumé,En agglomération,Hors intersection,Normale,Autre collision,7,2,2,0,1,2,1,0,4,50,,6,0,0,2,4,17.0,,,,5,2,1,1,6
202100025443,2021-07-30 06:13:00,2021,7,30,6,13,57,57019,REPUBLIQUE (RUE DE LA),49.26261,6.13936,Crépuscule ou aube,En agglomération,Hors intersection,Temps éblouissant,Deux véhicules - frontale,3,2,2,0,1,3,1,0,1,50,,2,0,0,0,2,43.0,65.0,,,2,2,1,7,1
202100025444,2021-08-03 07:50:00,2021,8,3,7,50,56,56162,MOULIN DU TER (RUE DU ),47.73469,-3.40324,Plein jour,En agglomération,Hors intersection,Normale,Deux véhicules - frontale,3,2,2,0,2,3,1,0,1,50,,2,0,0,0,2,50.0,60.0,,,1,2,1,1,1
202100025445,2021-08-04 09:28:00,2021,8,4,9,28,54,54329,RUE DU GENERAL CHANZY,48.5958,6.4896,Plein jour,En agglomération,Intersection en T,Normale,Autre collision,4,2,3,0,1,1,1,0,1,30,,2,1,0,1,0,32.0,,,,1,2,3,1,6