accident_id,datetime,annee,mois,jour,heure,minute,departement,commune_insee,adresse,latitude,longitude,luminosite,agglomeration,intersection,meteo,collision,catr,circ,nbv,vosp,prof,plan,surf,infra,situ,vma,nb_vehicules,nb_usagers,nb_indemnes,nb_tues,nb_blesses_hosp,nb_blesses_legers,age_cond_1,age_cond_2,veh_type_cond_1,veh_type_cond_2,lum_code,agg_code,int_code,atm_code,col_code
202100025446,2021-08-04 11:45:00,2021,8,4,11,45,47,47001,DURAND (PLACE JEAN-BAPTISTE),44.20456,0.6182,Plein jour,En agglomération,Hors intersection,Pluie légère,Autre collision,4,1,1,0,1,2,2,0,1,30,,2,1,0,0,1,42.0,,,,1,2,1,2,6
202100025447,2021-08-04 08:05:00,2021,8,4,8,5,47,47001,BLUM (AV. LEON),44.20866,0.64231,Plein jour,En agglomération,Intersection en X,Pluie légère,Deux véhicules - arrière,3,2,4,0,1,1,2,5,1,50,,2,1,0,0,1,38.0,24.0,,,1,2,2,2,2
202100025448,2021-08-05 23:45:00,2021,8,5,23,45,44,44109,Pont de Tbilissi,47.21277,-1.54161,Nuit avec éclairage allumé,En agglomération,Hors intersection,Pluie légère,Autre collision,4,2,3,0,2,1,2,2,1,50,,2,1,0,1,0,33.0,,,,5,2,1,2,6
202100025449,2021-08-02 15:15:00,2021,8,2,15,15,44,44109,BOULEVARD MICHELET,47.23134,-1.55654,Plein jour,En agglomération,Hors intersection,Normale,Deux véhicules - côté,4,3,2,3,1,1,1,0,5,30,,2,1,0,0,1,18.0,50.0,,,1,2,1,1,3
202100025450,2021-08-04 20:20:00,2021,8,4,20,20,37,37261,WAGNER (BOULEVARD RICHARD),47.3743481269,0.703927651,Plein jour,En agglomération,Intersection en T,Temps couvert,Sans collision,4,3,4,0,2,1,2,0,1,50,,1,0,0,0,1,41.0,,,,1,2,3,8,7
202100025451,2021-08-04 11:00:00,2021,8,4,11,0,34,34172,BLAYAC (RUE DU PROFESSEUR),43.62485,3.82627,Plein jour,En agglomération,Hors intersection,Pluie légère,Deux véhicules - arrière,7,-1,4,0,1,1,2,9,1,70,,2,1,0,0,1,53.0,17.0,,,1,2,1,2,2
202100025452,2021-08-05 17:20:00,2021,8,5,17,20,33,33119,Cours Victor Hugo,44.85087,-0.53309,Plein jour,En agglomération,Hors intersection,Normale,Deux véhicules - côté,4,2,2,0,1,1,1,0,1,50,,2,1,0,0,1,35.0,16.0,,,1,2,1,1,3
202100025453,2021-08-05 12:31:00,2021,8,5,12,31,33,33063,Boulevard Joliot-Curie,44.84234,-0.54238,Plein jour,En agglomération,Intersection en Y,Normale,Deux véhicules - arrière,4,3,8,0,1,1,1,0,1,50,,3,1,0,0,2,47.0,56.0,,,1,2,4,1,2
202100025454,2021-08-05 17:30:00,2021,8,5,17,30,31,31483,D921,43.098126,0.708589,Plein jour,Hors agglomération,Hors intersection,Normale,Deux véhicules - arrière,3,2,2,0,1,1,1,0,1,80,,2,1,0,0,1,55.0,49.0,,,1,1,1,1,2
202100025455,2021-08-05 20:15:00,2021,8,5,20,15,27,27375,FERRY (BOULEVARD JULES),49.21101,1.16546,Crépuscule ou aube,En agglomération,Intersection en T,Normale,Deux véhicules - côté,4,2,1,0,1,1,1,0,1,50,,2,1,0,0,1,38.0,33.0,,,2,2,3,1,3
202100025456,2021-08-05 10:15:00,2021,8,5,10,15,26,26362,67 Route de Beauvallon,44.90262,4.88464,Plein jour,En agglomération,Hors intersection,Normale,Autre collision,4,2,2,0,1,1,1,8,1,50,,1,0,0,1,0,61.0,,,,1,2,1,1,6
202100025457,2021-08-04 20:50:00,2021,8,4,20,50,26,26362,LACRA ,44.953955,4.935413,Crépuscule ou aube,Hors agglomération,Autre intersection,Pluie légère,Deux véhicules - côté,2,1,2,0,1,3,2,3,2,110,,2,0,0,0,2,42.0,41.0,,,2,1,9,2,3
202100025458,2021-08-04 15:15:00,2021,8,4,15,15,70,70285,LÉON JOUHAUX(AVENUE),47.57999,6.76515,Plein jour,En agglomération,Intersection en T,Pluie légère,Deux véhicules - arrière,4,2,2,0,1,1,2,0,1,50,,3,1,0,0,2,55.0,17.0,,,1,2,3,2,2
202100025459,2021-08-03 19:00:00,2021,8,3,19,0,22,22187,LAMARTINE (Rue ),48.5410881518,-2.8289022443,Plein jour,Hors agglomération,Intersection en Y,Normale,Deux véhicules - côté,3,2,2,0,1,1,1,0,1,50,,2,1,0,0,1,49.0,49.0,,,1,1,4,1,3
202100025460,2021-08-05 13:00:00,2021,8,5,13,0,21,21355,DIJON (DE) (ROUTE),47.28536,5.06303,Plein jour,En agglomération,Hors intersection,Normale,Autre collision,7,2,2,0,1,1,1,0,1,30,,2,1,0,0,1,27.0,,,,1,2,1,1,6
202100025461,2021-08-05 09:15:00,2021,8,5,9,15,17,17306,GARNIER (BD FREDERIC),45.6198,-1.01749,Plein jour,En agglomération,Autre intersection,Pluie légère,Deux véhicules - arrière,4,2,2,0,1,1,2,0,1,30,,2,1,0,0,1,28.0,23.0,,,1,2,9,2,2
202100025462,2021-07-28 20:00:00,2021,7,28,20,0,17,17449,AUNIS AVENUE D',45.95081,-0.93004,Plein jour,En agglomération,Giratoire,Normale,Deux véhicules - côté,3,1,2,0,1,2,1,0,1,50,,2,1,0,1,0,41.0,20.0,,,1,2,6,1,3
202100025463,2021-08-05 09:30:00,2021,8,5,9,30,15,15014,LECLERC (AVENUE DU GENERAL),44.906349,2.450113,Plein jour,En agglomération,Hors intersection,Normale,Trois véhicules et plus - en chaîne,4,2,2,3,1,1,1,0,1,50,,4,1,0,0,3,20.0,49.0,,,1,2,1,1,4
202100025464,2021-08-05 19:45:00,2021,8,5,19,45,14,14118,Boulevard Yves Guillou,49.17675,-0.36831,Plein jour,En agglomération,Intersection en T,Normale,Deux véhicules - côté,4,2,2,0,1,1,1,5,1,50,,2,1,0,0,1,18.0,19.0,,,1,2,3,1,3
202100025465,2021-08-03 22:20:00,2021,8,3,22,20,13,13039,ROUTE NATIONALE 569,43.46529,4.93004,Nuit sans éclairage public,Hors agglomération,Hors intersection,Normale,Sans collision,2,2,2,0,1,1,1,0,1,80,,1,0,0,0,1,54.0,,,,3,1,1,1,7
202100025466,2021-08-06 01:10:00,2021,8,6,1,10,13,13211,SAINT LOUP (BOULEVARD DE),43.2834218429,5.4339307708,Nuit avec éclairage allumé,En agglomération,Hors intersection,Normale,Deux véhicules - frontale,7,2,2,0,1,2,1,0,1,30,,2,1,0,0,1,30.0,,,,5,2,1,1,1
202100025467,2021-08-05 19:05:00,2021,8,5,19,5,13,13202,DUNKERQUE  (BOULEVARD DE),43.30513,5.36723,Plein jour,En agglomération,Hors intersection,Normale,Autre collision,4,2,4,3,1,1,1,0,1,50,,2,1,0,0,1,,,,,1,2,1,1,6
202100025468,2021-08-05 13:00:00,2021,8,5,13,0,13,13216,LITTORAL (CHEMIN DU),43.34661,5.34674,Plein jour,En agglomération,Hors intersection,Normale,Deux véhicules - frontale,7,2,1,0,2,1,1,0,1,50,,2,1,0,0,1,17.0,,,,1,2,1,1,1
202100025469,2021-08-05 09:30:00,2021,8,5,9,30,13,13209,AVIATEUR LE BRIX (RUE),43.25858,5.39928,Plein jour,En agglomération,Intersection en T,Normale,Deux véhicules - côté,7,2,2,0,1,1,1,0,1,50,,2,1,0,1,0,60.0,27.0,,,1,2,3,1,3
202100025470,2021-08-05 02:10:00,2021,8,5,2,10,13,13208,CLOT BEY (AVENUE),43.26207,5.38754,Nuit avec éclairage allumé,En agglomération,Hors intersection,Normale,Sans collision,4,2,2,0,1,1,1,0,1,50,,1,0,0,0,1,29.0,,,,5,2,1,1,7
202100025471,2021-08-05 07:20:00,2021,8,5,7,20,13,13005,RN 96 (ROUTE NATIONALE ),43.30478,5.571309,Plein jour,En agglomération,Hors intersection,Normale,Deux véhicules - côté,7,2,2,0,1,1,1,0,1,30,,2,0,0,0,2,21.0,60.0,,,1,2,1,1,3
202100025472,2021-08-05 08:00:00,2021,8,5,8,0,11,11069,CANAL PROMENADE,43.21763,2.34933,Plein jour,En agglomération,Hors intersection,Normale,Autre collision,4,1,1,0,2,2,9,0,1,50,,2,1,0,1,0,7.0,52.0,,,1,2,1,1,6
202100025473,2021-08-04 19:15:00,2021,8,4,19,15,10,10387,JEAN NESMY (RUE),48.294519,4.08979,Plein jour,En agglomération,Hors intersection,Normale,Autre collision,4,2,2,0,1,2,1,0,1,50,,2,1,0,0,1,22.0,,,,1,2,1,1,6
202100025474,2021-08-05 03:00:00,2021,8,5,3,0,07,07102,Jean CHARCOT (Rue),44.93643,4.86859,Nuit avec éclairage allumé,En agglomération,Intersection en X,Temps couvert,Deux véhicules - côté,4,2,2,0,1,1,2,0,1,50,,3,2,0,0,1,40.0,16.0,,,5,2,2,8,3
202100025475,2021-08-05 14:06:00,2021,8,5,14,6,06,06088,POMPIDOU (BD GEORGES),43.668687,7.203912,Plein jour,En agglomération,Hors intersection,Temps éblouissant,Deux véhicules - arrière,7,1,3,0,1,1,1,0,1,50,,2,1,0,1,0,27.0,51.0,,,1,2,1,7,2
202100025476,2021-08-05 18:05:00,2021,8,5,18,5,75,75105,BOULEVARD SAINT GERMAIN,48.849503,2.352854,Plein jour,En agglomération,Intersection en X,Normale,Autre collision,4,1,3,0,1,1,1,6,1,50,,3,2,0,1,0,43.0,39.0,,,1,2,2,1,6
202100025477,2021-08-05 14:04:00,2021,8,5,14,4,75,75120,AVENUE DE LA PORTE DE BAGNOLET,48.864776,2.410148,Plein jour,En agglomération,Intersection en T,Normale,Deux véhicules - côté,4,2,7,0,1,1,1,0,1,50,,2,1,0,0,1,,36.0,,,1,2,3,1,3
202100025478,2021-08-05 17:50:00,2021,8,5,17,50,75,75118,RUE DUC,48.892262,2.342375,Plein jour,En agglomération,Intersection en X,Normale,Deux véhicules - côté,4,1,1,0,1,1,1,0,1,50,,2,1,0,0,1,38.0,24.0,,,1,2,2,1,3
202100025479,2021-08-05 14:00:00,2021,8,5,14,0,75,75117,BOULEVARD BERTHIER,48.894034,2.313039,Plein jour,En agglomération,Hors intersection,Normale,Deux véhicules - côté,4,2,3,0,1,1,1,0,1,50,,2,1,0,0,1,53.0,48.0,,,1,2,1,1,3
202100025480,2021-08-04 13:05:00,2021,8,4,13,5,75,75117,RUE JEAN OESTREICHER,48.886656,2.28866,Plein jour,En agglomération,Hors intersection,Normale,Deux véhicules - arrière,4,1,2,0,1,1,1,0,1,30,,3,2,0,0,1,25.0,50.0,,,1,2,1,1,2
202100025481,2021-08-04 19:00:00,2021,8,4,19,0,75,75116,PASSERELLE DEBILLY,48.862744,2.296783,Plein jour,En agglomération,Hors intersection,Normale,Autre collision,4,-1,0,0,1,1,1,6,4,1,,2,1,0,0,1,,,,,1,2,1,1,6
202100025482,2021-08-05 14:45:00,2021,8,5,14,45,75,75113,BOULEVARD AUGUSTE BLANQUI,48.830334,2.346986,Plein jour,En agglomération,Intersection en T,Normale,Deux véhicules - côté,4,2,2,0,2,1,1,0,1,50,,2,1,0,0,1,39.0,21.0,,,1,2,3,1,3
202100025483,2021-08-05 10:54:00,2021,8,5,10,54,75,75113,BOULEVARD VINCENT AURIOL,48.83281,2.362062,Plein jour,En agglomération,Intersection en X,Normale,Deux véhicules - côté,4,2,4,3,2,1,1,0,6,30,,4,3,0,0,1,34.0,,,,1,2,2,1,3
202100025484,2021-08-05 20:20:00,2021,8,5,20,20,75,75111,RUE SAINT MAUR,48.8635539958,2.3788929702,Plein jour,En agglomération,Intersection en T,Normale,Autre collision,4,1,1,0,1,1,1,0,1,30,,2,1,0,0,1,26.0,73.0,,,1,2,3,1,6
202100025485,2021-08-05 06:30:00,2021,8,5,6,30,75,75108,RUE LA BOETIE,48.870526,2.305286,Crépuscule ou aube,En agglomération,Intersection en X,Normale,Sans collision,4,1,2,0,1,1,1,0,1,30,,1,0,0,0,1,35.0,,,,2,2,2,1,7
202100025486,2021-08-05 20:00:00,2021,8,5,20,0,94,94046,Rue Jean Jaurès,48.7947,2.4343,Plein jour,En agglomération,Autre intersection,Normale,Trois véhicules et plus - en chaîne,3,2,4,0,1,1,1,8,1,50,,3,2,0,0,1,28.0,34.0,,,1,2,9,1,4
202100025487,2021-08-05 15:35:00,2021,8,5,15,35,94,94081,GABRIEL PERI (R),48.796,2.399,Plein jour,En agglomération,Intersection en T,Normale,Deux véhicules - frontale,4,2,2,0,1,1,1,0,1,50,,2,1,0,0,1,25.0,22.0,,,1,2,3,1,1
202100025488,2021-08-03 09:15:00,2021,8,3,9,15,94,94015,GEORGES MELIES (BD),48.8326317603,2.5313727486,Plein jour,En agglomération,Giratoire,Normale,Deux véhicules - côté,3,2,2,0,1,1,1,0,1,50,,2,1,0,0,1,36.0,20.0,,,1,2,6,1,3
202100025489,2021-08-05 20:50:00,2021,8,5,20,50,94,94076,Boulevard Maxime Gorki,48.79192,2.36955,Nuit avec éclairage allumé,En agglomération,Hors intersection,Pluie légère,Autre collision,3,2,2,0,1,1,2,0,6,50,,3,2,0,0,1,25.0,24.0,,,5,2,1,2,6
202100025490,2021-08-05 13:30:00,2021,8,5,13,30,94,94034,Avenue de la Division Leclerc,48.75732,2.32978,Plein jour,En agglomération,Giratoire,Normale,Deux véhicules - arrière,3,1,3,0,1,1,1,0,1,50,,2,1,0,0,1,42.0,57.0,,,1,2,6,1,2
202100025491,2021-08-01 00:30:00,2021,8,1,0,30,94,94028,CARF POMPADOUR,48.77117,2.42901,Nuit avec éclairage non allumé,En agglomération,Giratoire,Normale,Deux véhicules - côté,3,2,2,3,1,1,1,9,6,50,,3,2,0,0,1,,48.0,,,4,2,6,1,3
202100025492,2021-08-05 19:45:00,2021,8,5,19,45,94,94022,AVENUE LOUIS LUC,48.7607041107,2.4154768158,Plein jour,En agglomération,Hors intersection,Normale,Autre collision,4,1,0,0,1,1,1,0,1,30,,2,1,0,0,1,31.0,,,,1,2,1,1,6
202100025493,2021-08-05 16:15:00,2021,8,5,16,15,94,94018,Rue de la Republique,48.823329,2.41934,Plein jour,En agglomération,Hors intersection,Normale,Deux véhicules - côté,4,1,2,3,1,1,1,0,1,30,,2,1,0,0,1,47.0,69.0,,,1,2,1,1,3
202100025494,2021-08-04 09:20:00,2021,8,4,9,20,94,94018,CARRIERES (QU DES),48.81989,2.40521,Plein jour,En agglomération,Hors intersection,Normale,Deux véhicules - côté,3,2,3,0,1,1,1,0,1,50,,2,1,0,0,1,30.0,37.0,,,1,2,1,1,3
202100025495,2021-08-05 12:15:00,2021,8,5,12,15,94,94017,BERNAU (R DE),48.81727,2.52522,Plein jour,En agglomération,Hors intersection,Temps couvert,Deux véhicules - côté,4,1,4,1,1,1,1,9,1,50,,3,2,0,0,1,38.0,53.0,,,1,2,1,8,3
202100025496,2021-08-05 12:15:00,2021,8,5,12,15,93,93073,Rue du Chapitre,49.0018793383,2.5370355151,Plein jour,En agglomération,Intersection en Y,Normale,Deux véhicules - côté,4,1,1,0,1,1,1,0,1,50,,2,1,0,0,1,57.0,27.0,,,1,2,4,1,3
202100025497,2021-08-04 21:50:00,2021,8,4,21,50,93,93073,Avenue de la Paix,48.9518,2.56696,Nuit avec éclairage allumé,En agglomération,Hors intersection,Normale,Deux véhicules - côté,4,2,2,0,1,1,1,0,1,50,,2,1,0,0,1,18.0,36.0,,,5,2,1,1,3
202100025498,2021-08-04 23:40:00,2021,8,4,23,40,93,93070,GABRIEL-PERI (AV),48.9085,2.33265,Nuit avec éclairage allumé,En agglomération,Intersection en X,Normale,Deux véhicules - côté,3,2,2,0,1,1,1,5,1,50,,2,1,0,0,1,21.0,29.0,,,5,2,2,1,3
202100025499,2021-08-05 07:25:00,2021,8,5,7,25,93,93046,Av du Consul General Nordling / Av du Pdt J Fitzgerald Kennedy,48.91648,2.5316,Plein jour,En agglomération,Intersection en X,Normale,Deux véhicules - côté,3,2,4,0,1,1,1,5,1,50,,2,0,0,0,2,31.0,61.0,,,1,2,2,1,3
202100025500,2021-08-04 17:50:00,2021,8,4,17,50,93,93063,REPUBLIQUE RUE DE LA,48.8791,2.4331,Plein jour,En agglomération,Autre intersection,Normale,Deux véhicules - côté,4,2,2,0,1,1,1,9,1,30,,2,1,0,0,1,39.0,52.0,,,1,2,9,1,3
202100025501,2021-08-05 12:30:00,2021,8,5,12,30,93,93001,VICTOR HUGO (AVE)  N° 122 =>,48.912093,2.379813,Plein jour,En agglomération,Autre intersection,Normale,Deux véhicules - côté,3,2,2,0,1,3,1,0,1,50,,2,1,0,0,1,48.0,,,,1,2,9,1,3
202100025502,2021-08-05 10:15:00,2021,8,5,10,15,92,92078,GALLIENI (BD) (1 A 79 ET 22 A 102),48.92683,2.32925,Plein jour,En agglomération,Autre intersection,Normale,Autre collision,3,3,2,1,1,1,1,0,5,50,,1,0,0,0,1,36.0,,,,1,2,9,1,6
202100025503,2021-08-05 14:50:00,2021,8,5,14,50,92,92050,PROVINCES FRANCAISES BD DES,48.9011247414,2.2166565389,Plein jour,En agglomération,Intersection en X,Normale,Autre collision,4,2,2,0,1,1,1,0,1,50,,2,1,0,0,1,,,,,1,2,2,1,6
202100025504,2021-08-05 21:30:00,2021,8,5,21,30,92,92049,VERDIER AVENUE N°25 A 79,48.81538,2.31737,Nuit avec éclairage allumé,En agglomération,Hors intersection,Pluie légère,Autre collision,4,2,2,0,1,1,2,5,4,50,,1,0,0,0,1,41.0,,,,5,2,1,2,6
202100025505,2021-07-25 06:25:00,2021,7,25,6,25,22,22182,Lieu Dit Saint Blaise,48.54741,-2.938328,Crépuscule ou aube,Hors agglomération,Intersection en X,Normale,Deux véhicules - côté,4,2,2,0,1,1,1,0,1,80,,2,1,0,0,1,43.0,27.0,,,2,1,2,1,3
202100025506,2021-08-05 18:50:00,2021,8,5,18,50,31,31113,13-17 chemin du halage,43.521792,1.519375,Plein jour,Hors agglomération,Hors intersection,Normale,Sans collision,4,-1,2,1,1,1,1,0,5,-1,,1,0,1,0,0,71.0,,,,1,1,1,1,7
202100025507,2021-08-05 17:45:00,2021,8,5,17,45,84,84029,Chemin d Avignon,44.157513,4.871702,Plein jour,En agglomération,Intersection en X,Normale,Deux véhicules - côté,4,2,1,0,1,1,1,5,1,50,,3,2,0,1,0,67.0,16.0,,,1,2,2,1,3
202100025508,2021-08-06 15:45:00,2021,8,6,15,45,60,60020,Route de Mareuil,49.1542486245,2.9865517615,Plein jour,Hors agglomération,Autre intersection,Normale,Sans collision,3,2,2,0,1,2,1,0,1,80,,1,0,0,0,1,41.0,,,,1,1,9,1,7
202100025509,2021-08-06 07:35:00,2021,8,6,7,35,15,15207,A75,45.168566,3.160887,Crépuscule ou aube,Hors agglomération,Hors intersection,Normale,Deux véhicules - arrière,1,3,4,0,2,1,1,0,1,130,,10,9,1,0,0,27.0,44.0,,,2,1,1,1,2
202100025510,2021-07-30 07:15:00,2021,7,30,7,15,30,30299,D982,44.022786,4.458818,Plein jour,Hors agglomération,Hors intersection,Normale,Autre collision,3,2,2,0,1,1,1,0,3,80,,2,1,0,1,0,19.0,,,,1,1,1,1,6
202100025511,2021-07-23 16:00:00,2021,7,23,16,0,67,67330,1 route de buhl,48.913926,8.03298,Plein jour,Hors agglomération,Hors intersection,Normale,Sans collision,3,2,2,0,2,2,9,2,8,50,,1,0,0,1,0,38.0,,,,1,1,1,1,7
202100025512,2021-08-05 19:45:00,2021,8,5,19,45,79,79176,56 Rue de Saint-Maixent,46.490079,-0.057431,Plein jour,En agglomération,Hors intersection,Pluie légère,Autre collision,3,2,2,0,4,2,2,2,3,50,,1,0,0,0,1,20.0,,,,1,2,1,2,6
202100025513,2021-07-24 12:00:00,2021,7,24,12,0,2B,2B123,T10,42.060625,9.43507,Plein jour,Hors agglomération,Hors intersection,Normale,Deux véhicules - arrière,2,2,2,0,1,1,1,0,1,80,,7,3,0,0,4,52.0,37.0,,,1,1,1,1,2
202100025514,2021-07-31 19:40:00,2021,7,31,19,40,61,61176,D16,48.624853,-0.044621,Plein jour,Hors agglomération,Hors intersection,Normale,Deux véhicules - arrière,3,2,2,0,1,1,1,0,1,90,,7,4,0,1,2,50.0,39.0,,,1,1,1,1,2
202100025515,2021-08-06 08:15:00,2021,8,6,8,15,55,55118,D998,49.372538,5.147953,Plein jour,Hors agglomération,Hors intersection,Temps couvert,Deux véhicules - frontale,3,2,2,0,1,1,1,0,1,80,,2,1,0,1,0,56.0,50.0,,,1,1,1,8,1
202100025516,2021-08-05 11:05:00,2021,8,5,11,5,35,35049,11 Quai Duguay-Trouin,48.669801,-1.856942,Plein jour,En agglomération,Hors intersection,Pluie légère,Autre collision,3,2,2,0,1,1,2,0,1,50,,3,2,0,1,0,17.0,,,,1,2,1,2,6
202100025517,2021-08-06 00:45:00,2021,8,6,0,45,29,29101,Kroas Huella,48.591451,-4.58426,Nuit sans éclairage public,Hors agglomération,Giratoire,Pluie légère,Deux véhicules - côté,4,1,1,0,2,1,2,5,1,50,,2,1,0,0,1,21.0,21.0,,,3,1,6,2,3
202100025518,2021-08-06 17:35:00,2021,8,6,17,35,31,31317,D48,43.303414,1.13319,Plein jour,Hors agglomération,Hors intersection,Temps couvert,Autre collision,3,2,2,0,1,3,1,0,8,80,,2,1,0,0,1,32.0,,,,1,1,1,8,6
202100025519,2021-08-05 19:10:00,2021,8,5,19,10,31,31579,Route de Toulouse,43.739379,1.493293,Plein jour,Hors agglomération,Intersection en X,Normale,Deux véhicules - côté,3,2,2,0,1,1,1,5,1,80,,2,1,0,1,0,44.0,42.0,,,1,1,2,1,3
202100025520,2021-08-05 19:25:00,2021,8,5,19,25,02,02376,Hauteville,49.876547,3.528677,Plein jour,Hors agglomération,Hors intersection,Normale,Deux véhicules - frontale,3,2,2,0,1,3,1,2,1,50,,2,1,0,0,1,63.0,48.0,,,1,1,1,1,1
202100025521,2021-06-28 10:15:00,2021,6,28,10,15,84,84020,D943 Col du pointu,43.864798,5.301752,Plein jour,Hors agglomération,Hors intersection,Normale,Deux véhicules - côté,3,2,2,0,1,1,1,0,8,80,,2,1,0,0,1,56.0,76.0,,,1,1,1,1,3
202100025522,2021-07-30 18:20:00,2021,7,30,18,20,26,26005,Route de Malataverne,44.484416,4.777454,Plein jour,Hors agglomération,Intersection en T,Normale,Trois véhicules et plus - collisions multiples,3,2,2,0,1,1,1,0,1,80,,3,2,0,0,1,37.0,29.0,,,1,1,3,1,5
202100025523,2021-08-06 04:55:00,2021,8,6,4,55,54,54129,RD 993,48.5921360284,6.9251418116,Nuit sans éclairage public,Hors agglomération,Hors intersection,Pluie légère,Sans collision,3,-1,2,0,1,2,2,0,3,80,,5,0,1,3,1,19.0,,,,3,1,1,2,7
202100025524,2021-08-06 16:24:00,2021,8,6,16,24,72,72295,lieu dit le marquoie,48.340363,0.347518,Plein jour,Hors agglomération,Hors intersection,Normale,Deux véhicules - frontale,3,2,2,0,2,3,2,0,1,70,,2,0,0,1,1,20.0,66.0,,,1,1,1,1,1
202100025525,2021-08-05 20:30:00,2021,8,5,20,30,14,14556,Colonel Jacques W Ostiguy,49.127968,-0.379315,Plein jour,En agglomération,Intersection en T,Pluie légère,Deux véhicules - côté,4,2,2,0,1,1,2,5,1,50,,4,2,0,1,1,21.0,51.0,,,1,2,3,2,3
202100025526,2021-08-04 12:00:00,2021,8,4,12,0,14,14062,D404,49.299942,-0.432887,Plein jour,Hors agglomération,Hors intersection,Normale,Deux véhicules - frontale,3,2,2,0,1,1,1,0,1,90,,2,1,0,1,0,78.0,26.0,,,1,1,1,1,1
202100025527,2021-08-03 07:30:00,2021,8,3,7,30,14,14745,D30,49.372775,-0.904226,Plein jour,En agglomération,Hors intersection,Normale,Deux véhicules - côté,3,2,2,0,1,1,1,0,1,50,,3,2,0,1,0,30.0,39.0,,,1,2,1,1,3
202100025528,2021-08-06 17:00:00,2021,8,6,17,0,50,50076,Rue Jacques Pimor,48.897467,-1.562676,Plein jour,En agglomération,Intersection en X,Normale,Deux véhicules - côté,4,2,2,0,1,1,1,0,1,50,,2,1,0,0,1,55.0,76.0,,,1,2,2,1,3
202100025529,2021-08-06 14:05:00,2021,8,6,14,5,50,50580,D317,49.529286,-1.754685,Plein jour,Hors agglomération,Intersection en T,Normale,Sans collision,3,2,2,0,3,3,9,0,1,80,,1,0,0,0,1,63.0,,,,1,1,3,1,7
202100025530,2021-08-06 12:45:00,2021,8,6,12,45,83,83025,D560,43.5278923808,5.97568089,Plein jour,Hors agglomération,Hors intersection,Normale,Autre collision,3,2,2,0,1,2,1,0,3,80,,1,0,0,1,0,51.0,,,,1,1,1,1,6
202100025531,2021-08-06 19:30:00,2021,8,6,19,30,09,09113,Camp de Serres,42.836356,1.297787,Crépuscule ou aube,Hors agglomération,Hors intersection,Pluie légère,Sans collision,3,2,2,0,1,2,2,0,3,80,,3,0,0,0,3,42.0,,,,2,1,1,2,7
202100025532,2021-08-06 08:45:00,2021,8,6,8,45,45,45272,391 Rue du 11 Novembre,47.829981965,1.9700758159,Plein jour,En agglomération,Giratoire,Normale,Sans collision,4,1,1,0,1,1,1,0,1,50,,1,0,0,1,0,74.0,,,,1,2,6,1,7
202100025533,2021-08-05 14:35:00,2021,8,5,14,35,16,16378,Lieu-dit Les Groies de l'Isle,46.073738,0.234134,Plein jour,Hors agglomération,Hors intersection,Normale,Autre collision,3,2,2,0,2,2,1,0,3,80,,1,0,0,1,0,24.0,,,,1,1,1,1,6
202100025534,2021-08-05 18:20:00,2021,8,5,18,20,53,53271,D113,48.344855,-0.316479,Plein jour,Hors agglomération,Hors intersection,Normale,Sans collision,3,2,2,0,4,1,2,0,1,80,,1,0,0,1,0,21.0,,,,1,1,1,1,7
202100025535,2021-08-05 09:20:00,2021,8,5,9,20,24,24170,Lieu Dit Puychautu,45.322351,0.722758,Plein jour,Hors agglomération,Hors intersection,Normale,Autre collision,3,2,2,0,1,1,1,0,3,70,,1,0,0,0,1,20.0,,,,1,1,1,1,6
202100025536,2021-08-05 12:15:00,2021,8,5,12,15,85,85029,Route de Beauvoir,46.95293,-2.01799,Plein jour,Hors agglomération,Hors intersection,Pluie forte,Deux véhicules - côté,3,2,1,0,1,3,2,0,1,70,,6,5,0,1,0,59.0,62.0,,,1,1,1,3,3
202100025537,2021-08-05 09:30:00,2021,8,5,9,30,85,85179,D70,46.51418,-1.542099,Plein jour,Hors agglomération,Intersection en X,Pluie légère,Deux véhicules - côté,3,2,2,0,1,1,2,0,1,80,,2,1,0,1,0,34.0,57.0,,,1,1,2,2,3
202100025538,2021-08-05 19:20:00,2021,8,5,19,20,85,85090,Rue des Épicières,46.835448,-0.903062,Plein jour,En agglomération,Intersection en Y,Pluie légère,Deux véhicules - côté,3,2,2,0,1,1,2,0,1,50,,2,1,0,1,0,16.0,26.0,,,1,2,4,2,3
202100025539,2021-08-05 18:10:00,2021,8,5,18,10,17,17208,Rue de Curzay,46.224295,-0.994112,Plein jour,En agglomération,Intersection en X,Normale,Deux véhicules - arrière,3,2,2,0,1,1,2,0,1,50,,2,1,0,1,0,14.0,51.0,,,1,2,2,1,2
202100025540,2021-08-06 03:00:00,2021,8,6,3,0,03,03175,A71 PK 331+850,46.240325,3.094411,Nuit sans éclairage public,Hors agglomération,Hors intersection,Normale,Deux véhicules - arrière,1,3,4,0,1,1,1,0,1,130,,4,3,0,0,1,26.0,40.0,,,3,1,1,1,2
202100025541,2021-08-06 18:40:00,2021,8,6,18,40,67,67101,A352 PR 009+580,48.520179,7.501441,Plein jour,Hors agglomération,Intersection en Y,Normale,Autre collision,1,3,4,0,1,3,1,3,1,110,,1,0,0,0,1,31.0,,,,1,1,4,1,6
202100025542,2021-08-05 09:00:00,2021,8,5,9,0,64,64249,PK 189+300 A63 SENS Espagne-France,43.416918,-1.60505,Plein jour,Hors agglomération,Hors intersection,Normale,Deux véhicules - côté,1,1,2,0,2,2,1,0,1,130,,3,1,0,1,1,27.0,52.0,,,1,1,1,1,3
202100025543,2021-08-04 13:55:00,2021,8,4,13,55,40,40206,A 641 - sens A64 Peyrehorade,43.522695,-1.101036,Plein jour,Hors agglomération,Hors intersection,Normale,Sans collision,1,2,2,0,1,2,1,0,1,80,,1,0,0,1,0,62.0,,,,1,1,1,1,7