accident_id,datetime,annee,mois,jour,heure,minute,departement,commune_insee,adresse,latitude,longitude,luminosite,agglomeration,intersection,meteo,collision,catr,circ,nbv,vosp,prof,plan,surf,infra,situ,vma,nb_vehicules,nb_usagers,nb_indemnes,nb_tues,nb_blesses_hosp,nb_blesses_legers,age_cond_1,age_cond_2,veh_type_cond_1,veh_type_cond_2,lum_code,agg_code,int_code,atm_code,col_code
202100025544,2021-08-05 17:40:00,2021,8,5,17,40,17,17431,Route de Nieul,45.772754,-0.775234,Plein jour,Hors agglomération,Hors intersection,Pluie légère,Deux véhicules - côté,3,2,2,0,2,2,2,0,1,80,,2,1,0,1,0,79.0,52.0,,,1,1,1,2,3
202100025545,2021-08-05 06:30:00,2021,8,5,6,30,34,34123,ROUTE DE LODEVE,43.618885,3.792708,Crépuscule ou aube,En agglomération,Hors intersection,Normale,Deux véhicules - frontale,4,2,2,0,1,2,1,2,1,50,,2,0,0,1,1,29.0,28.0,,,2,2,1,1,1
202100025546,2021-08-06 07:15:00,2021,8,6,7,15,971,97102,carrefour D122 - route Anse Maurice,16.47681,-61.501765,Plein jour,Hors agglomération,Intersection en Y,Temps éblouissant,Trois véhicules et plus - collisions multiples,3,2,2,0,3,3,1,0,1,80,,3,1,1,0,1,66.0,66.0,,,1,1,4,7,5
202100025547,2021-08-06 14:05:00,2021,8,6,14,5,91,91226,Route Nationale 20,48.480194,2.192287,Plein jour,Hors agglomération,Hors intersection,Normale,Sans collision,3,2,4,0,3,1,1,0,1,90,,1,0,0,1,0,56.0,,,,1,1,1,1,7
202100025548,2021-08-06 09:35:00,2021,8,6,9,35,2A,2A247,D59,41.603698,9.180815,Plein jour,Hors agglomération,Hors intersection,Normale,Sans collision,3,2,2,0,2,2,1,0,3,80,,1,0,0,0,1,59.0,,,,1,1,1,1,7
202100025549,2021-08-05 11:20:00,2021,8,5,11,20,83,83064,D81,43.321033,6.044696,Plein jour,Hors agglomération,Intersection en T,Normale,Deux véhicules - côté,3,2,1,0,1,1,1,0,1,80,,2,1,0,1,0,71.0,26.0,,,1,1,3,1,3
202100025550,2021-08-05 15:00:00,2021,8,5,15,0,67,67474,1 Rue des Chenes,48.928015,7.896912,Plein jour,En agglomération,Hors intersection,Normale,Autre collision,4,2,2,0,1,1,1,0,3,50,,2,1,0,1,0,56.0,,,,1,2,1,1,6
202100025551,2021-08-05 17:00:00,2021,8,5,17,0,67,67118,Route de Wasselonne,48.583726,7.689191,Plein jour,En agglomération,Hors intersection,Normale,Sans collision,4,2,2,1,1,1,2,0,5,20,,1,0,0,1,0,36.0,,,,1,2,1,1,7
202100025552,2021-08-05 23:50:00,2021,8,5,23,50,01,01412,D64,46.165959,4.948112,Nuit sans éclairage public,Hors agglomération,Hors intersection,Normale,Autre collision,3,2,2,0,1,3,1,0,3,80,,1,0,0,1,0,23.0,,,,3,1,1,1,6
202100025553,2021-07-16 07:20:00,2021,7,16,7,20,69,69140,CHAZAY (DE) (RTE),45.89427,4.69999,Crépuscule ou aube,En agglomération,Hors intersection,Pluie légère,Autre collision,3,2,2,0,1,1,2,0,3,50,,1,0,0,1,0,22.0,,,,2,2,1,2,6
202100025554,2021-08-06 15:40:00,2021,8,6,15,40,17,17452,D25,45.759724,-1.158822,Plein jour,Hors agglomération,Intersection en X,Normale,Deux véhicules - côté,3,2,2,0,1,2,1,5,1,80,,4,3,0,1,0,36.0,48.0,,,1,1,2,1,3
202100025555,2021-08-05 16:45:00,2021,8,5,16,45,40,40011,1218 route de BONNUT,43.5639915342,-0.7839560509,Plein jour,Hors agglomération,Intersection en Y,Normale,Deux véhicules - frontale,3,2,2,0,1,3,1,0,1,80,,2,1,0,1,0,56.0,21.0,,,1,1,4,1,1
202100025556,2021-07-24 12:20:00,2021,7,24,12,20,33,33143,Avenue de paris - Rd1010,44.978172,-0.451663,Plein jour,Hors agglomération,Hors intersection,Normale,Deux véhicules - côté,3,2,3,0,1,1,1,0,1,80,,4,2,0,1,1,69.0,20.0,,,1,1,1,1,3
202100025557,2021-07-30 13:30:00,2021,7,30,13,30,27,27650,D613,49.083421,0.98879,Plein jour,Hors agglomération,Hors intersection,Normale,Sans collision,3,2,2,0,1,1,1,0,3,-1,,2,0,0,2,0,39.0,,,,1,1,1,1,7
202100025558,2021-08-06 19:40:00,2021,8,6,19,40,59,59477,Rue Nationale,50.512274,2.91371,Plein jour,En agglomération,Intersection en T,Pluie légère,Deux véhicules - côté,7,2,2,0,1,1,2,0,1,50,,2,1,0,1,0,39.0,27.0,,,1,2,3,2,3
202100025559,2021-08-05 19:00:00,2021,8,5,19,0,13,13211,A50-Sens Aubagne vers Marseille,43.29074,5.48743,Plein jour,Hors agglomération,Hors intersection,Normale,Deux véhicules - arrière,1,3,3,0,1,1,1,0,1,90,,3,2,0,0,1,42.0,46.0,,,1,1,1,1,2
202100025560,2021-08-05 15:02:00,2021,8,5,15,2,13,13005,A50 - Sens Aubagne vers Marseille,43.26752,5.5877,Plein jour,Hors agglomération,Hors intersection,Normale,Sans collision,1,3,3,0,2,4,1,0,1,110,,1,0,0,0,1,22.0,,,,1,1,1,1,7
202100025561,2021-08-05 16:50:00,2021,8,5,16,50,13,13071,A7-Sens Marseille vers Lyon,43.41658,5.27601,Plein jour,Hors agglomération,Hors intersection,Normale,Deux véhicules - arrière,1,-1,3,0,1,1,1,0,1,110,,4,1,0,0,3,26.0,21.0,,,1,1,1,1,2
202100025562,2021-08-01 04:30:00,2021,8,1,4,30,69,69275,RN346   29.300 A 34.350,45.78359,4.95659,Nuit sans éclairage public,Hors agglomération,Hors intersection,Pluie légère,Deux véhicules - arrière,2,3,5,0,1,2,2,0,1,90,,5,1,0,0,4,21.0,38.0,,,3,1,1,2,2
202100025563,2021-08-05 12:00:00,2021,8,5,12,0,33,33063,ROCADE A 630,44.886326,-0.56612,Plein jour,Hors agglomération,Hors intersection,Normale,Trois véhicules et plus - collisions multiples,1,3,4,0,1,1,1,3,1,90,,3,2,0,0,1,55.0,34.0,,,1,1,1,1,5
202100025564,2021-08-04 10:30:00,2021,8,4,10,30,92,92025,A86,48.9324848646,2.2484916319,Plein jour,Hors agglomération,Hors intersection,Normale,Deux véhicules - côté,1,1,2,0,1,1,1,0,1,90,,2,1,0,0,1,36.0,29.0,,,1,1,1,1,3
202100025565,2021-08-05 18:30:00,2021,8,5,18,30,93,93039,AUTOROUTE A86,48.92731,2.33415,Plein jour,Hors agglomération,Hors intersection,Normale,Deux véhicules - arrière,1,3,6,0,1,1,1,0,1,90,,2,1,0,0,1,39.0,37.0,,,1,1,1,1,2
202100025566,2021-08-05 12:00:00,2021,8,5,12,0,93,93078,AUTOROUTE A104,48.96365,2.55129,Plein jour,Hors agglomération,Hors intersection,Normale,Trois véhicules et plus - collisions multiples,1,3,8,0,1,1,1,0,1,90,,4,2,0,0,2,20.0,43.0,,,1,1,1,1,5
202100025567,2021-08-04 18:45:00,2021,8,4,18,45,93,93066,AUTOROUTE A86,48.92418,2.34153,Plein jour,Hors agglomération,Hors intersection,Normale,Deux véhicules - côté,1,3,8,0,1,1,1,0,1,90,,2,1,0,0,1,25.0,45.0,,,1,1,1,1,3
202100025568,2021-08-05 06:05:00,2021,8,5,6,5,94,94065,N186,48.7543063896,2.3502602337,Crépuscule ou aube,Hors agglomération,Hors intersection,Normale,Autre collision,2,3,3,0,1,1,1,0,1,90,,1,0,0,0,1,45.0,,,,2,1,1,1,6
202100025569,2021-07-06 16:30:00,2021,7,6,16,30,13,13056,ZIEM (Avenue Félix),43.40185,5.04671,Plein jour,En agglomération,Hors intersection,Normale,Deux véhicules - côté,7,3,4,0,1,1,1,0,1,50,,2,1,0,1,0,77.0,,,,1,2,1,1,3
202100025570,2021-07-13 07:30:00,2021,7,13,7,30,51,51454,Rue du Val Clair,49.2228,4.10443,Plein jour,En agglomération,Hors intersection,Pluie forte,Deux véhicules - arrière,4,2,0,1,1,2,2,0,5,50,,2,1,0,0,1,21.0,,,,1,2,1,3,2
202100025571,2021-08-04 14:00:00,2021,8,4,14,0,76,76540,BEAUVOISINE. PLACE,49.44856,1.09988,Plein jour,En agglomération,Hors intersection,Normale,Autre collision,7,2,4,3,1,1,1,-1,1,50,,2,1,0,0,1,22.0,,,,1,2,1,1,6
202100025572,2021-06-02 09:30:00,2021,6,2,9,30,85,85194,Avenue François Mitterrand,46.50734,-1.77731,Plein jour,En agglomération,Hors intersection,Normale,Autre collision,4,2,2,0,1,1,1,6,4,30,,2,1,0,1,0,25.0,,,,1,2,1,1,6
202100025573,2021-04-04 17:24:00,2021,4,4,17,24,82,82033,JEAN MOULIN (AVENUE),44.0396238105,1.1137227229,Plein jour,En agglomération,Hors intersection,Normale,Deux véhicules - frontale,3,2,2,0,1,3,1,0,1,50,,3,0,0,0,3,28.0,46.0,,,1,2,1,1,1
202100025574,2021-06-01 17:35:00,2021,6,1,17,35,11,11262,MISTRAL (BOULEVARD FREDERIC),43.19003,3.00593,Plein jour,En agglomération,Hors intersection,Normale,Autre collision,4,2,2,0,1,1,1,9,1,50,,2,1,0,0,1,22.0,28.0,,,1,2,1,1,6
202100025575,2021-07-26 07:55:00,2021,7,26,7,55,988,98818,RUE DE LA SOMME,-22.27345,166.44189,Plein jour,En agglomération,Intersection en T,Normale,Deux véhicules - côté,4,3,2,0,1,1,1,9,1,50,,2,1,0,0,1,70.0,66.0,,,1,2,3,1,3
202100025576,2021-08-03 10:50:00,2021,8,3,10,50,974,97416,LORION (RUE LUC),-21.33126,55.47212,Plein jour,En agglomération,Hors intersection,Normale,Autre collision,4,1,2,0,4,1,1,0,1,30,,2,1,0,0,1,38.0,,,,1,2,1,1,6
202100025577,2021-08-04 05:00:00,2021,8,4,5,0,974,97411,RAMBAUD (LEOPOLD),-20.885933,55.475456,Nuit avec éclairage allumé,En agglomération,Hors intersection,Normale,Deux véhicules - côté,2,1,0,0,1,1,1,0,1,70,,2,1,0,0,1,30.0,52.0,,,5,2,1,1,3
202100025578,2021-08-02 14:30:00,2021,8,2,14,30,974,97411,QUATRE VOIES GILLOT (ROUTE A),-20.8889,55.5005,Plein jour,Hors agglomération,Hors intersection,Pluie légère,Deux véhicules - côté,2,3,4,0,2,3,2,0,1,90,,3,1,0,0,2,47.0,55.0,,,1,1,1,2,3
202100025579,2021-08-04 13:30:00,2021,8,4,13,30,69,69388,PHILIPPE FABIA (R),45.72728,4.87092,Plein jour,Hors agglomération,Hors intersection,Pluie légère,Autre collision,4,2,2,0,1,1,2,0,1,50,,2,1,0,0,1,52.0,,,,1,1,1,2,6
202100025580,2021-08-04 08:25:00,2021,8,4,8,25,972,97209,GENERAL DE GAULLE (BLD DU),14.60763,-61.06884,Plein jour,En agglomération,Hors intersection,Normale,Autre collision,4,1,2,0,1,1,1,0,1,30,,2,1,0,0,1,76.0,,,,1,2,1,1,6
202100025581,2021-08-04 05:25:00,2021,8,4,5,25,69,69382,VERDUN PERRACHE (CR),45.7487,4.8283,Nuit avec éclairage allumé,En agglomération,Autre intersection,Pluie légère,Autre collision,4,4,5,0,2,2,2,0,3,50,,1,0,0,0,1,35.0,,,,5,2,9,2,6
202100025582,2021-08-04 01:40:00,2021,8,4,1,40,69,69034,SOLDATS (DES) (MO),45.79538,4.85853,Nuit avec éclairage allumé,En agglomération,Hors intersection,Pluie légère,Autre collision,7,3,3,0,2,1,2,0,8,50,,2,1,0,0,1,23.0,,,,5,2,1,2,6
202100025583,2021-08-04 14:40:00,2021,8,4,14,40,971,97101,PATRICK SAINT ELOI ( AVENUE ),16.24727,-61.53332,Plein jour,En agglomération,Hors intersection,Normale,Deux véhicules - côté,3,2,1,0,1,1,1,0,1,50,,2,1,0,0,1,70.0,49.0,,,1,2,1,1,3
202100025584,2021-08-03 11:50:00,2021,8,3,11,50,971,97101,DOTHEMARE,16.27146,-61.51524,Plein jour,Hors agglomération,Hors intersection,Normale,Autre collision,6,-1,-1,0,1,1,1,0,8,30,,2,0,0,2,0,37.0,,,,1,1,1,1,6
202100025585,2021-08-03 13:33:00,2021,8,3,13,33,971,97113,PETIT HAVRE (SECTEUR),16.2134452047,-61.4279776812,Plein jour,Hors agglomération,Hors intersection,Normale,Deux véhicules - côté,2,2,2,0,1,1,1,0,1,70,,3,2,0,1,0,23.0,34.0,,,1,1,1,1,3
202100025586,2021-08-04 21:20:00,2021,8,4,21,20,2A,2A004,AMIRAUTE PORT BD CHARLES BONAPARTE,41.93142,8.7404,Nuit avec éclairage allumé,En agglomération,Hors intersection,Normale,Sans collision,2,2,3,0,1,1,1,0,1,50,,2,0,0,1,1,31.0,,,,5,2,1,1,7
202100025587,2021-08-03 18:00:00,2021,8,3,18,0,91,91021,RTE NATIONALE 20 DEVIATION,48.590695,2.238208,Plein jour,En agglomération,Hors intersection,Normale,Sans collision,3,1,4,0,1,1,1,0,1,90,,1,0,0,0,1,48.0,,,,1,2,1,1,7
202100025588,2021-08-05 00:15:00,2021,8,5,0,15,91,91421,NATIONALE 6 (GLACIERE),48.70795,2.44254,Nuit sans éclairage public,Hors agglomération,Hors intersection,Pluie légère,Sans collision,2,3,4,0,1,1,2,0,1,90,,1,0,0,1,0,50.0,,,,3,1,1,2,7
202100025589,2021-07-30 16:38:00,2021,7,30,16,38,89,89024,MANGIN (BOULEVARD) N° IMPAIRS,47.7996,3.55274,Plein jour,En agglomération,Intersection en X,Normale,Deux véhicules - côté,3,2,3,0,1,1,1,0,1,50,,2,1,0,0,1,66.0,47.0,,,1,2,2,1,3
202100025590,2021-08-03 12:15:00,2021,8,3,12,15,87,87113,BASTIE (AVENUE MARYSE),45.88137,1.32946,Plein jour,Hors agglomération,Hors intersection,Pluie légère,Sans collision,4,1,1,0,2,4,2,0,8,30,,1,0,0,0,1,32.0,,,,1,1,1,2,7
202100025591,2021-07-29 17:20:00,2021,7,29,17,20,82,82121,AVEYRON (ROUTE DE L'),44.0403562516,1.3475552201,Plein jour,En agglomération,Intersection en T,Normale,Trois véhicules et plus - collisions multiples,4,2,2,0,1,1,1,0,1,50,,4,3,0,1,0,37.0,65.0,,,1,2,3,1,5
202100025592,2021-07-31 15:18:00,2021,7,31,15,18,80,80489,VICTOR HUGO (AVENUE),49.86771,2.35681,Plein jour,En agglomération,Intersection en X,Normale,Deux véhicules - côté,4,2,2,0,1,1,1,0,1,50,,3,2,0,0,1,20.0,35.0,,,1,2,2,1,3
202100025593,2021-07-27 18:05:00,2021,7,27,18,5,78,78646,MINIERE (ROUTE DE LA),48.78295,2.10647,Plein jour,Hors agglomération,Hors intersection,Pluie forte,Autre collision,3,3,4,0,1,2,2,0,1,70,,1,0,0,1,0,25.0,,,,1,1,1,3,6
202100025594,2021-02-24 12:25:00,2021,2,24,12,25,69,69256,ROMAIN ROLLAND (R),45.75864,4.93115,Plein jour,En agglomération,Intersection en T,Normale,Autre collision,4,2,0,0,1,1,1,0,1,50,,2,1,0,0,1,,,,,1,2,3,1,6
202100025595,2021-08-03 12:49:00,2021,8,3,12,49,67,67482,AVERROES,48.57309,7.73787,Plein jour,En agglomération,Hors intersection,Pluie légère,Autre collision,4,2,4,0,2,2,2,0,4,50,,1,0,1,0,0,57.0,,,,1,2,1,2,6
202100025596,2021-08-03 01:40:00,2021,8,3,1,40,67,67482,LA WANTZENAU (ROUTE DE),48.605708,7.778172,Nuit sans éclairage public,En agglomération,Hors intersection,Normale,Autre collision,4,2,2,0,1,1,1,0,1,50,,1,0,0,0,1,22.0,,,,3,2,1,1,6
202100025597,2021-08-02 09:05:00,2021,8,2,9,5,67,67482,VOSGES (AVENUE DES),48.5879,7.757226,Plein jour,En agglomération,Intersection en T,Normale,Deux véhicules - côté,4,2,3,1,1,1,1,0,1,50,,2,1,0,0,1,44.0,41.0,,,1,2,3,1,3
202100025598,2021-08-04 11:28:00,2021,8,4,11,28,66,66136,ALDUY (Paul),42.67809,2.90499,Plein jour,En agglomération,Hors intersection,Pluie forte,Autre collision,4,2,2,0,1,1,2,0,1,50,,2,1,0,0,1,66.0,,,,1,2,1,3,6
202100025599,2021-08-03 09:00:00,2021,8,3,9,0,66,66136,ALDUY (Paul),42.6848602775,2.9018665105,Plein jour,En agglomération,Hors intersection,Normale,Deux véhicules - frontale,4,2,2,0,1,1,1,0,1,50,,2,1,0,0,1,46.0,41.0,,,1,2,1,1,1
202100025600,2021-08-04 19:35:00,2021,8,4,19,35,64,64024,ADOUR (AV DE L'),43.52584,-1.51085,Plein jour,En agglomération,Hors intersection,Normale,Autre collision,4,2,2,0,1,1,1,0,4,30,,2,1,0,0,1,28.0,,,,1,2,1,1,6
202100025601,2021-08-04 06:30:00,2021,8,4,6,30,64,64024,route de Pitoys,43.46324,-1.50884,Crépuscule ou aube,En agglomération,Hors intersection,Pluie légère,Sans collision,4,2,2,0,1,1,8,0,1,50,,1,0,0,0,1,53.0,,,,2,2,1,2,7
202100025602,2021-08-03 09:10:00,2021,8,3,9,10,64,64102,BOUFFLERS (ALLEES),43.4928,-1.47208,Plein jour,En agglomération,Hors intersection,Temps couvert,Deux véhicules - côté,4,2,4,0,1,1,1,0,1,50,,3,1,0,0,2,62.0,48.0,,,1,2,1,8,3
202100025603,2021-08-04 13:30:00,2021,8,4,13,30,59,59360,PARE AMBROISE RUE,50.60205,3.03788,Plein jour,En agglomération,Autre intersection,Normale,Deux véhicules - côté,7,2,3,0,1,1,1,0,1,50,,2,1,0,0,1,44.0,50.0,,,1,2,9,1,3
202100025604,2021-08-04 02:10:00,2021,8,4,2,10,45,45234,2 Rue Jousselin,47.90068,1.9308,Nuit avec éclairage allumé,En agglomération,Hors intersection,Normale,Autre collision,4,2,2,0,1,2,1,0,4,50,,1,0,0,0,1,40.0,,,,5,2,1,1,6
202100025605,2021-08-03 19:30:00,2021,8,3,19,30,44,44184,PARMENTIER (RUE ANTOINE) 02 AU 108  -  0,47.26294,-2.22873,Plein jour,En agglomération,Hors intersection,Pluie légère,Autre collision,4,1,2,0,2,1,2,0,1,50,,1,0,0,1,0,52.0,,,,1,2,1,2,6
202100025606,2021-08-02 19:30:00,2021,8,2,19,30,44,44184,GÂTÉ (RUE DU CDT) DU 35 AU 121 - DU 64 A,47.277,-2.22754,Plein jour,En agglomération,Intersection en X,Normale,Deux véhicules - côté,4,3,2,0,1,1,1,0,1,50,,3,2,0,0,1,18.0,53.0,,,1,2,2,1,3
202100025607,2021-08-04 01:00:00,2021,8,4,1,0,37,37261,TANNEURS (RUE DES),47.3953425146,0.6764423847,Nuit avec éclairage allumé,En agglomération,Hors intersection,Normale,Sans collision,4,3,2,2,1,3,1,0,5,50,,2,1,0,0,1,56.0,,,,5,2,1,1,7
202100025608,2021-08-03 16:58:00,2021,8,3,16,58,37,37261,GANCE (BOULEVARD ABEL),47.41012,0.72032,Plein jour,En agglomération,Giratoire,Normale,Sans collision,7,3,4,0,1,2,1,0,1,50,,1,0,0,0,1,79.0,,,,1,2,6,1,7
202100025609,2021-08-03 17:20:00,2021,8,3,17,20,37,37261,CHURCHILL (BOULEVARD WINSTON),47.3737042069,0.6847009063,Plein jour,En agglomération,Hors intersection,Normale,Deux véhicules - arrière,4,2,4,0,1,1,1,9,1,50,,4,3,0,0,1,34.0,43.0,,,1,2,1,1,2
202100025610,2021-08-04 22:35:00,2021,8,4,22,35,33,33063,Quai de Paludate,44.829428,-0.554802,Nuit avec éclairage allumé,En agglomération,Intersection en T,Normale,Deux véhicules - côté,4,2,4,0,1,1,1,5,1,50,,2,1,0,0,1,,32.0,,,5,2,3,1,3
202100025611,2021-08-04 14:10:00,2021,8,4,14,10,33,33063,Rue de l’Ecole Normale,44.84787,-0.60191,Plein jour,En agglomération,Hors intersection,Pluie légère,Deux véhicules - côté,4,1,2,3,1,1,2,0,1,30,,2,1,0,0,1,42.0,33.0,,,1,2,1,2,3
202100025612,2021-08-04 10:15:00,2021,8,4,10,15,33,33009,COTE D'ARGENT (BD) DU 48 AU 162,44.6447,-1.19526,Plein jour,En agglomération,Hors intersection,Pluie légère,Sans collision,3,2,2,0,1,1,2,0,1,50,,2,1,0,0,1,69.0,19.0,,,1,2,1,2,7
202100025613,2021-08-04 19:10:00,2021,8,4,19,10,26,26058,103 Route de Marcerolles,44.969652,4.87684,Plein jour,En agglomération,Hors intersection,Normale,Deux véhicules - côté,4,2,1,0,1,1,1,0,8,50,,2,1,0,0,1,43.0,26.0,,,1,2,1,1,3
202100025614,2021-08-02 12:15:00,2021,8,2,12,15,15,15014,GAULLE (AVENUE CHARLES DE),44.91435,2.43348,Plein jour,En agglomération,Hors intersection,Normale,Autre collision,4,2,2,0,1,1,1,0,1,50,,2,1,0,0,1,19.0,15.0,,,1,2,1,1,6
202100025615,2021-08-04 11:40:00,2021,8,4,11,40,13,13019,D543,43.4316,5.3668,Plein jour,Hors agglomération,Hors intersection,Pluie forte,Sans collision,7,2,0,0,2,2,2,0,1,80,,1,0,0,1,0,63.0,,,,1,1,1,3,7
202100025616,2021-08-04 03:00:00,2021,8,4,3,0,13,13077,RN 568,43.42169,4.97744,Nuit avec éclairage allumé,En agglomération,Hors intersection,Normale,Deux véhicules - arrière,2,3,4,0,1,1,1,0,1,50,,2,1,0,0,1,26.0,25.0,,,5,2,1,1,2
202100025617,2021-08-02 14:50:00,2021,8,2,14,50,13,13211,SAINT LOUP (BOULEVARD DE),43.28463,5.44059,Plein jour,En agglomération,Autre intersection,Normale,Deux véhicules - arrière,7,2,2,0,1,1,1,0,8,30,,2,1,0,0,1,19.0,68.0,,,1,2,9,1,2
202100025618,2021-08-04 10:00:00,2021,8,4,10,0,13,13209,MICHELET (BOULEVARD),43.25858,5.39928,Plein jour,En agglomération,Hors intersection,Pluie légère,Deux véhicules - arrière,7,2,6,3,2,1,2,0,1,50,,2,1,0,1,0,34.0,69.0,,,1,2,1,2,2
202100025619,2021-08-03 11:15:00,2021,8,3,11,15,13,13206,SAINT SEBASTIEN (RUE),43.28174,5.38466,Plein jour,En agglomération,Intersection en X,Normale,Deux véhicules - côté,4,1,1,0,1,1,1,5,1,50,,2,1,0,0,1,98.0,55.0,,,1,2,2,1,3
202100025620,2021-08-03 10:49:00,2021,8,3,10,49,13,13208,PRADO (AVENUE DU),43.28,5.38,Plein jour,En agglomération,Intersection en T,Normale,Deux véhicules - côté,4,2,6,3,1,1,1,0,1,50,,2,1,0,0,1,60.0,32.0,,,1,2,3,1,3
202100025621,2021-08-04 12:45:00,2021,8,4,12,45,13,13098,D.51,43.43678,5.03638,Plein jour,En agglomération,Hors intersection,Pluie légère,Deux véhicules - côté,7,1,2,0,1,1,2,0,1,50,,2,1,0,0,1,42.0,,,,1,2,1,2,3
202100025622,2021-06-12 12:49:00,2021,6,12,12,49,11,11262,MISTRAL (BOULEVARD FREDERIC),43.18696,3.00132,Plein jour,En agglomération,Hors intersection,Normale,Autre collision,4,1,2,0,1,1,1,9,1,50,,2,1,0,0,1,51.0,,,,1,2,1,1,6
202100025623,2021-08-04 16:00:00,2021,8,4,16,0,11,11069,LECLERC AV. DU GENERAL IMPAIR ...93,43.2106,2.3633,Plein jour,En agglomération,Hors intersection,Normale,Deux véhicules - côté,4,2,4,0,1,1,2,0,1,50,,2,1,0,0,1,18.0,44.0,,,1,2,1,1,3
202100025624,2021-08-03 17:32:00,2021,8,3,17,32,11,11069,MINERVOISE -ROUTE-,43.21658,2.35382,Plein jour,En agglomération,Hors intersection,Normale,Autre collision,4,2,3,0,1,1,1,0,4,50,,1,0,0,0,1,22.0,,,,1,2,1,1,6
202100025625,2021-08-03 08:12:00,2021,8,3,8,12,11,11069,PAPIN DENIS -BD-,43.20759,2.3145,Plein jour,En agglomération,Giratoire,Normale,Deux véhicules - côté,4,2,2,0,1,1,1,5,1,50,,2,1,0,0,1,52.0,43.0,,,1,2,6,1,3
202100025626,2021-08-03 18:45:00,2021,8,3,18,45,75,75116,PORTE MAILLOT,48.875126,2.276671,Plein jour,En agglomération,Intersection en Y,Normale,Deux véhicules - côté,4,1,2,0,1,3,1,0,1,50,,2,1,0,0,1,27.0,64.0,,,1,2,4,1,3
202100025627,2021-08-03 17:39:00,2021,8,3,17,39,75,75117,PORTE D ASNIERES,48.888911,2.294871,Plein jour,En agglomération,Hors intersection,Normale,Sans collision,4,1,4,0,1,1,1,1,1,70,,1,0,0,0,1,34.0,,,,1,2,1,1,7
202100025628,2021-08-04 11:03:00,2021,8,4,11,3,75,75111,AVENUE DE TAILLEBOURG,48.850287,2.398587,Plein jour,En agglomération,Intersection en X,Normale,Deux véhicules - arrière,4,2,1,0,1,1,1,0,1,30,,2,0,0,1,1,29.0,70.0,,,1,2,2,1,2
202100025629,2021-08-04 17:21:00,2021,8,4,17,21,75,75106,QUAI DE CONTI,48.85679,2.339266,Plein jour,En agglomération,Hors intersection,Normale,Deux véhicules - côté,4,1,2,0,1,1,1,0,1,50,,2,1,0,0,1,25.0,23.0,,,1,2,1,1,3
202100025630,2021-08-03 04:08:00,2021,8,3,4,8,75,75116,AVENUE DE VERSAILLES,48.840857,2.265283,Nuit avec éclairage allumé,En agglomération,Intersection en X,Pluie légère,Autre collision,4,2,4,0,1,1,2,0,1,50,,2,1,0,0,1,46.0,,,,5,2,2,2,6
202100025631,2021-08-04 19:15:00,2021,8,4,19,15,75,75110,RUE DU FAUBOURG SAINT DENIS,48.87694,2.35621,Plein jour,En agglomération,Hors intersection,Normale,Deux véhicules - arrière,4,2,2,0,2,1,1,0,1,50,,2,1,0,0,1,46.0,41.0,,,1,2,1,1,2
202100025632,2021-08-04 17:30:00,2021,8,4,17,30,75,75102,RUE SAINT DENIS,48.868902,2.352186,Plein jour,En agglomération,Intersection en T,Normale,Deux véhicules - côté,4,1,1,0,1,1,1,6,1,50,,2,1,0,0,1,16.0,60.0,,,1,2,3,1,3
202100025633,2021-08-04 05:25:00,2021,8,4,5,25,75,75104,QUAI DE GESVRES,48.856721,2.348934,Nuit avec éclairage allumé,En agglomération,Intersection en X,Normale,Autre collision,4,1,2,0,1,1,1,0,1,50,,2,1,0,0,1,,,,,5,2,2,1,6
202100025634,2021-08-04 11:30:00,2021,8,4,11,30,94,94078,PARIS (R DE),48.7355962665,2.4468291782,Plein jour,En agglomération,Intersection en T,Temps couvert,Deux véhicules - côté,2,3,4,0,1,1,1,0,1,50,,2,1,0,0,1,29.0,47.0,,,1,2,3,8,3
202100025635,2021-08-04 18:44:00,2021,8,4,18,44,94,94046,Rue Ernest Renan,48.812884,2.427657,Plein jour,En agglomération,Autre intersection,Pluie légère,Deux véhicules - arrière,3,3,2,0,1,1,2,0,1,50,,2,1,0,1,0,26.0,66.0,,,1,2,9,2,2
202100025636,2021-08-04 19:20:00,2021,8,4,19,20,94,94081,Avenue Henri Barbusse,48.79297,2.39536,Plein jour,En agglomération,Intersection à plus de 4 branches,Normale,Deux véhicules - côté,3,2,4,3,2,1,1,0,1,50,,5,0,0,3,2,33.0,27.0,,,1,2,5,1,3
202100025637,2021-08-04 14:25:00,2021,8,4,14,25,94,94041,Boulevard du Colonel Fabien,48.814587,2.407725,Plein jour,En agglomération,Intersection en T,Pluie légère,Deux véhicules - côté,3,2,4,1,2,1,2,0,1,50,,2,1,0,0,1,73.0,30.0,,,1,2,3,2,3
202100025638,2021-08-04 17:20:00,2021,8,4,17,20,94,94073,STALINGRAD (BD DE),48.77064,2.40139,Plein jour,En agglomération,Passage à niveau,Normale,Deux véhicules - côté,3,-1,0,0,1,1,1,4,8,50,,2,1,0,0,1,29.0,32.0,,,1,2,8,1,3
202100025639,2021-08-02 17:00:00,2021,8,2,17,0,94,94022,Boulevard de Stalingrad,48.77283,2.39999,Plein jour,En agglomération,Hors intersection,Normale,Deux véhicules - côté,3,-1,0,0,1,1,1,0,1,50,,2,1,0,1,0,,31.0,,,1,2,1,1,3
202100025640,2021-08-04 18:50:00,2021,8,4,18,50,93,93078,Boulevard Robert Ballanger / Avenue Emile Dambel,48.95759,2.54508,Plein jour,En agglomération,Intersection en X,Normale,Autre collision,3,2,2,0,1,1,1,0,1,50,,2,1,0,0,1,34.0,,,,1,2,2,1,6