accident_id,datetime,annee,mois,jour,heure,minute,departement,commune_insee,adresse,latitude,longitude,luminosite,agglomeration,intersection,meteo,collision,catr,circ,nbv,vosp,prof,plan,surf,infra,situ,vma,nb_vehicules,nb_usagers,nb_indemnes,nb_tues,nb_blesses_hosp,nb_blesses_legers,age_cond_1,age_cond_2,veh_type_cond_1,veh_type_cond_2,lum_code,agg_code,int_code,atm_code,col_code
202100025641,2021-08-04 06:45:00,2021,8,4,6,45,93,93072,Avenue Louis Bordes,48.9558026659,2.3832982779,Plein jour,En agglomération,Intersection en X,Normale,Deux véhicules - côté,3,2,-1,-1,1,1,1,5,1,-1,,2,1,0,0,1,24.0,39.0,,,1,2,2,1,3
202100025642,2021-08-04 15:00:00,2021,8,4,15,0,93,93055,PIERRE BROSSOLETTE,48.89333,2.42214,Plein jour,En agglomération,Intersection en X,Normale,Deux véhicules - côté,4,1,1,0,1,1,1,0,1,50,,2,1,0,0,1,28.0,41.0,,,1,2,2,1,3
202100025643,2021-08-04 19:00:00,2021,8,4,19,0,93,93046,Avenue du Maréchal Leclerc / Allée Joseph Noize,48.92018,2.53909,Plein jour,En agglomération,Intersection en X,Normale,Deux véhicules - côté,3,3,4,0,1,1,1,0,1,50,,3,2,0,0,1,39.0,24.0,,,1,2,2,1,3
202100025644,2021-08-04 17:20:00,2021,8,4,17,20,93,93010,GALLIENI (AV.) DE 111 A 175,48.9063950968,2.4844227989,Plein jour,En agglomération,Hors intersection,Normale,Deux véhicules - côté,4,-1,0,0,1,1,1,0,4,50,,2,1,0,0,1,,20.0,,,1,2,1,1,3
202100025645,2021-08-04 11:05:00,2021,8,4,11,5,93,93071,Avenue John Fitzgerald Kennedy / Rue d’Aulnay,48.9396839716,2.5126710705,Plein jour,En agglomération,Intersection en X,Normale,Deux véhicules - côté,3,2,2,0,1,1,1,0,1,50,,2,1,0,0,1,32.0,23.0,,,1,2,2,1,3
202100025646,2021-08-04 16:15:00,2021,8,4,16,15,92,92046,PIERRE BROSSOLETTE (AVENUE),48.8115314878,2.300208807,Plein jour,En agglomération,Intersection en T,Temps couvert,Deux véhicules - côté,3,2,5,2,2,1,1,5,1,50,,2,1,0,0,1,32.0,70.0,,,1,2,3,8,3
202100025647,2021-08-05 18:00:00,2021,8,5,18,0,974,97415,9 Route Hubert de Lisle (bdn),-21.008866,55.320004,Nuit avec éclairage allumé,En agglomération,Hors intersection,Normale,Deux véhicules - frontale,3,2,2,0,2,2,1,0,1,50,,2,0,0,1,1,18.0,,,,5,2,1,1,1
202100025648,2021-06-30 10:24:00,2021,6,30,10,24,47,47181,RD 150,44.542006,0.820756,Plein jour,Hors agglomération,Hors intersection,Normale,Deux véhicules - frontale,3,2,2,0,1,1,1,0,1,80,,3,0,0,2,1,24.0,24.0,,,1,1,1,1,1
202100025649,2021-08-01 18:25:00,2021,8,1,18,25,2A,2A272,RT 40,41.505147,8.950446,Plein jour,Hors agglomération,Hors intersection,Normale,Trois véhicules et plus - collisions multiples,2,2,2,0,2,3,2,0,1,80,,4,1,0,0,3,60.0,49.0,,,1,1,1,1,5
202100025650,2021-08-04 17:20:00,2021,8,4,17,20,2A,2A065,rd81,42.136574,8.613088,Plein jour,Hors agglomération,Hors intersection,Normale,Deux véhicules - frontale,3,2,2,0,1,1,1,0,1,80,,5,4,0,1,0,50.0,74.0,,,1,1,1,1,1
202100025651,2021-08-05 10:45:00,2021,8,5,10,45,01,01299,D1083,46.031735,5.062927,Plein jour,Hors agglomération,Hors intersection,Normale,Deux véhicules - frontale,3,2,2,0,1,1,1,0,1,80,,3,0,2,0,1,50.0,65.0,,,1,1,1,1,1
202100025652,2021-07-30 18:30:00,2021,7,30,18,30,38,38336,RN7,45.478023,4.829521,Plein jour,En agglomération,Hors intersection,Normale,Deux véhicules - côté,2,2,2,0,1,1,1,0,1,50,,2,1,0,0,1,20.0,31.0,,,1,2,1,1,3
202100025653,2021-08-04 16:30:00,2021,8,4,16,30,74,74307,A41,46.005413,6.12623,Plein jour,Hors agglomération,Hors intersection,Pluie forte,Sans collision,1,3,4,0,2,3,4,0,1,110,,2,0,0,1,1,22.0,,,,1,1,1,3,7
202100025654,2021-08-05 10:35:00,2021,8,5,10,35,26,26169,Autoroute du Soleil,44.463611,4.761124,Plein jour,Hors agglomération,Hors intersection,Normale,Trois véhicules et plus - collisions multiples,1,3,5,0,1,1,1,0,1,130,,8,7,0,1,0,36.0,36.0,,,1,1,1,1,5
202100025655,2021-08-05 15:56:00,2021,8,5,15,56,91,91458,CD 35,48.660897,2.224251,Plein jour,Hors agglomération,Hors intersection,Normale,Deux véhicules - frontale,3,2,2,0,1,1,1,5,1,80,,2,0,0,0,2,36.0,62.0,,,1,1,1,1,1
202100025656,2021-08-04 14:50:00,2021,8,4,14,50,58,58086,D955a,47.421438,2.930431,Plein jour,Hors agglomération,Hors intersection,Normale,Trois véhicules et plus - collisions multiples,3,2,2,0,1,1,1,0,1,80,,4,3,0,1,0,76.0,42.0,,,1,1,1,1,5
202100025657,2021-07-22 22:00:00,2021,7,22,22,0,30,30202,Route d Ardéche,44.272354,4.629611,Crépuscule ou aube,En agglomération,Hors intersection,Normale,Deux véhicules - frontale,3,2,2,0,1,1,1,0,1,50,,2,1,0,1,0,66.0,14.0,,,2,2,1,1,1
202100025658,2021-08-04 10:55:00,2021,8,4,10,55,19,19001,D3e3,45.503016,1.712365,Plein jour,Hors agglomération,Hors intersection,Temps couvert,Sans collision,3,2,2,0,2,2,2,0,1,90,,1,0,0,1,0,49.0,,,,1,1,1,8,7
202100025659,2021-08-04 19:00:00,2021,8,4,19,0,56,56166,Kerprat Vihan,47.910043,-3.290062,Plein jour,Hors agglomération,Intersection en T,Pluie légère,Deux véhicules - arrière,3,2,2,0,2,1,2,0,1,80,,2,1,0,1,0,20.0,51.0,,,1,1,3,2,2
202100025660,2021-07-31 19:00:00,2021,7,31,19,0,2A,2A001,lieu dit batroni,41.975046,8.813299,Plein jour,En agglomération,Hors intersection,Normale,Deux véhicules - côté,3,2,2,0,2,3,1,0,1,50,,2,1,0,0,1,59.0,23.0,,,1,2,1,1,3
202100025661,2021-06-25 23:50:00,2021,6,25,23,50,33,33298,Route de la Métairie,44.834916,-0.209553,Nuit sans éclairage public,Hors agglomération,Intersection en Y,Normale,Deux véhicules - frontale,3,2,2,0,2,3,1,0,1,70,,3,1,0,1,1,30.0,24.0,,,3,1,4,1,1
202100025662,2021-08-04 20:45:00,2021,8,4,20,45,69,69035,D627,46.274657,4.67773,Crépuscule ou aube,Hors agglomération,Hors intersection,Pluie légère,Autre collision,3,2,2,0,1,4,2,0,3,80,,1,0,0,1,0,29.0,,,,2,1,1,2,6
202100025663,2021-08-05 08:05:00,2021,8,5,8,5,76,76058,RD78,49.9929101211,1.4039738616,Plein jour,Hors agglomération,Intersection en X,Normale,Deux véhicules - côté,3,2,2,0,1,1,1,0,1,80,,2,0,0,1,1,36.0,23.0,,,1,1,2,1,3
202100025664,2021-08-04 14:20:00,2021,8,4,14,20,34,34028,D909,43.598847,3.17154,Plein jour,Hors agglomération,Hors intersection,Pluie légère,Autre collision,3,2,2,0,2,3,2,0,3,80,,1,0,0,1,0,61.0,,,,1,1,1,2,6
202100025665,2021-08-04 17:00:00,2021,8,4,17,0,44,44120,Z.A LA BRAHANNERIE,47.185571,-1.779442,Plein jour,Hors agglomération,Hors intersection,Normale,Sans collision,4,2,2,1,1,3,1,0,3,80,,2,1,0,1,0,21.0,,,,1,1,1,1,7
202100025666,2021-06-29 19:15:00,2021,6,29,19,15,29,29020,Rue de Kerhapp,48.103155,-4.000562,Plein jour,En agglomération,Intersection en T,Normale,Deux véhicules - frontale,4,2,2,0,1,1,1,0,1,50,,2,1,0,0,1,14.0,,,,1,2,3,1,1
202100025667,2021-08-04 11:15:00,2021,8,4,11,15,15,15229,Leyrinoux Ouest,45.078551,3.241653,Plein jour,Hors agglomération,Intersection en X,Temps couvert,Deux véhicules - côté,3,2,2,0,1,1,2,0,1,90,,3,2,0,1,0,47.0,30.0,,,1,1,2,8,3
202100025668,2021-08-04 12:31:00,2021,8,4,12,31,26,26330,Route de Chateauneuf,45.275747,4.959919,Plein jour,En agglomération,Hors intersection,Pluie légère,Autre collision,3,2,2,0,2,1,2,0,3,80,,1,0,0,1,0,20.0,,,,1,2,1,2,6
202100025669,2021-08-05 08:00:00,2021,8,5,8,0,58,58189,D1,47.242561,3.070861,Plein jour,Hors agglomération,Hors intersection,Normale,Deux véhicules - arrière,3,2,2,0,2,1,2,0,1,80,,2,0,0,0,2,45.0,22.0,,,1,1,1,1,2
202100025670,2021-08-04 07:02:00,2021,8,4,7,2,18,18155,D2076,46.819731,3.023686,Crépuscule ou aube,En agglomération,Hors intersection,Pluie légère,Deux véhicules - frontale,3,2,2,0,1,1,2,0,1,50,,5,0,0,3,2,54.0,27.0,,,2,2,1,2,1
202100025671,2021-08-02 18:30:00,2021,8,2,18,30,43,43020,D42,45.286648,4.113693,Plein jour,Hors agglomération,Intersection en T,Normale,Deux véhicules - côté,3,2,2,0,2,1,1,0,1,70,,3,1,0,0,2,31.0,23.0,,,1,1,3,1,3
202100025672,2021-08-04 06:40:00,2021,8,4,6,40,10,10287,5000f Grand Orient,48.288462,4.393244,Crépuscule ou aube,Hors agglomération,Intersection en Y,Temps couvert,Autre collision,3,2,2,0,2,3,1,5,3,80,,1,0,0,0,1,59.0,,,,2,1,4,8,6
202100025673,2021-08-03 20:00:00,2021,8,3,20,0,40,40195,Chemin de la Treyture,43.736019,-0.479901,Plein jour,Hors agglomération,Hors intersection,Pluie légère,Deux véhicules - arrière,4,2,2,0,2,2,1,9,1,50,,2,1,0,1,0,,18.0,,,1,1,1,2,2
202100025674,2021-08-05 18:15:00,2021,8,5,18,15,24,24504,La Sonnerie,45.200225,0.379254,Plein jour,Hors agglomération,Hors intersection,Temps couvert,Sans collision,3,2,2,0,1,3,2,0,1,80,,1,0,1,0,0,46.0,,,,1,1,1,8,7
202100025675,2021-08-05 17:55:00,2021,8,5,17,55,08,08490,6 Rue Avetant,49.396787,4.702364,Plein jour,En agglomération,Autre intersection,Normale,Autre collision,3,1,2,0,2,1,1,0,1,50,,2,1,0,0,1,33.0,,,,1,2,9,1,6
202100025676,2021-07-22 06:45:00,2021,7,22,6,45,973,97307,rue de la rhumerie,4.869242,-52.319148,Plein jour,En agglomération,Hors intersection,Temps éblouissant,Autre collision,4,-1,2,0,1,1,1,0,3,50,,2,1,0,1,0,47.0,,,,1,2,1,7,6
202100025677,2021-08-05 06:05:00,2021,8,5,6,5,13,13051,D19,43.596253,5.099915,Crépuscule ou aube,Hors agglomération,Hors intersection,Normale,Deux véhicules - frontale,7,2,2,0,1,1,1,2,1,80,,2,0,1,0,1,19.0,,,,2,1,1,1,1
202100025678,2021-08-05 18:26:00,2021,8,5,18,26,33,33090,Chemin de Camparian,44.748813,-0.652742,Plein jour,En agglomération,Hors intersection,Normale,Autre collision,4,2,2,0,1,2,1,0,3,70,,2,0,1,1,0,20.0,,,,1,2,1,1,6
202100025679,2021-08-05 11:50:00,2021,8,5,11,50,06,06088,A8- PK 185+900 NORD,43.6688732722,7.2001521879,Plein jour,Hors agglomération,Hors intersection,Normale,Autre collision,1,3,5,0,1,3,1,0,1,90,,1,0,1,0,0,66.0,,,,1,1,1,1,6
202100025680,2021-08-05 13:15:00,2021,8,5,13,15,51,51097,A4,49.0326768452,4.5607422952,Plein jour,Hors agglomération,Hors intersection,Normale,Sans collision,1,3,2,0,1,1,1,0,2,130,,1,0,0,0,1,49.0,,,,1,1,1,1,7
202100025681,2021-08-04 22:30:00,2021,8,4,22,30,11,11014,CD 168 Route de Narbonne Plage,43.177235,3.101406,Nuit sans éclairage public,Hors agglomération,Hors intersection,Autre,Deux véhicules - frontale,3,2,2,0,2,4,2,0,1,70,,13,1,0,3,9,20.0,51.0,,,3,1,1,9,1
202100025682,2021-08-04 21:50:00,2021,8,4,21,50,988,98811,Route Territoriale 1 (Pont),-21.043651,164.748788,Nuit sans éclairage public,Hors agglomération,Hors intersection,Normale,Sans collision,2,2,2,0,1,1,1,0,3,110,,4,2,0,2,0,34.0,,,,3,1,1,1,7
202100025683,2021-08-02 11:40:00,2021,8,2,11,40,77,77493,rue de la gare,48.643745,2.829975,Plein jour,En agglomération,Intersection en T,Normale,Sans collision,3,2,2,0,2,3,1,0,3,50,,2,1,0,1,0,,24.0,,,1,2,3,1,7
202100025684,2021-08-04 08:50:00,2021,8,4,8,50,84,84064,rd8,44.297978,4.691285,Plein jour,Hors agglomération,Hors intersection,Pluie légère,Deux véhicules - frontale,3,2,2,0,1,1,2,0,1,70,,2,0,0,0,2,38.0,20.0,,,1,1,1,2,1
202100025685,2021-08-05 08:12:00,2021,8,5,8,12,70,70081,6 Route d Adelans,47.697431,6.422463,Plein jour,En agglomération,Intersection en X,Temps couvert,Autre collision,3,2,2,0,1,1,2,5,4,50,,1,0,1,0,0,62.0,,,,1,2,2,8,6
202100025686,2021-08-04 15:20:00,2021,8,4,15,20,89,89438,Autoroute A6,47.791485,3.66827,Plein jour,Hors agglomération,Hors intersection,Normale,Deux véhicules - arrière,1,3,7,0,3,1,1,0,1,130,,2,1,0,1,0,48.0,49.0,,,1,1,1,1,2
202100025687,2021-08-05 09:45:00,2021,8,5,9,45,68,68292,Passage à niveau,47.869127,7.036604,Plein jour,En agglomération,Passage à niveau,Pluie légère,Deux véhicules - côté,3,2,2,0,1,1,2,4,1,50,,2,1,0,1,0,77.0,32.0,,,1,2,8,2,3
202100025688,2021-08-04 06:50:00,2021,8,4,6,50,67,67474,D264,48.932679,7.879719,Crépuscule ou aube,Hors agglomération,Hors intersection,Normale,Autre collision,3,2,2,0,1,3,1,0,8,80,,1,0,0,1,0,19.0,,,,2,1,1,1,6
202100025689,2021-08-05 11:55:00,2021,8,5,11,55,26,26206,1  Avenue du Vercors,44.831914,4.977944,Plein jour,En agglomération,Giratoire,Normale,Deux véhicules - côté,3,-1,1,0,2,2,1,5,1,50,,3,1,0,1,1,21.0,72.0,,,1,2,6,1,3
202100025690,2021-08-05 17:40:00,2021,8,5,17,40,81,81131,Route de Brens,43.89262,1.987882,Plein jour,Hors agglomération,Intersection en T,Normale,Deux véhicules - côté,3,2,2,0,1,1,1,0,1,80,,2,1,0,1,0,60.0,67.0,,,1,1,3,1,3
202100025691,2021-08-05 18:45:00,2021,8,5,18,45,33,33553,,45.023333,-0.424315,Plein jour,Hors agglomération,Autre intersection,Normale,Autre collision,2,2,4,0,1,3,1,3,3,110,,3,1,0,2,0,22.0,,,,1,1,9,1,6
202100025692,2021-08-04 17:26:00,2021,8,4,17,26,33,33267,,45.270477,-0.532708,Plein jour,Hors agglomération,Intersection en X,Pluie légère,Deux véhicules - côté,3,2,2,0,1,1,2,0,1,50,,3,2,0,1,0,36.0,39.0,,,1,1,2,2,3
202100025693,2021-07-25 16:43:00,2021,7,25,16,43,22,22090,Route de Pont Ar Hoail,48.77506,-3.375819,Plein jour,En agglomération,Autre intersection,Normale,Autre collision,4,2,2,0,1,2,1,5,5,50,,1,0,0,1,0,16.0,,,,1,2,9,1,6
202100025694,2021-08-04 13:30:00,2021,8,4,13,30,13,13071,A7-Sens Marseille vers Lyon,43.40709,5.33363,Plein jour,Hors agglomération,Hors intersection,Pluie légère,Sans collision,1,-1,1,0,2,1,2,0,1,90,,1,0,0,0,1,54.0,,,,1,1,1,2,7
202100025695,2021-08-03 17:20:00,2021,8,3,17,20,83,83137,BRETELLE17  ACCES TOULON CENTRE N -T,43.121273,5.953185,Plein jour,Hors agglomération,Hors intersection,Normale,Trois véhicules et plus - collisions multiples,1,1,3,0,2,1,1,0,1,70,,3,2,0,0,1,22.0,38.0,,,1,1,1,1,5
202100025696,2021-08-01 15:15:00,2021,8,1,15,15,69,69266,LAURENT BONNEVAY (BD),45.75902,4.90921,Plein jour,Hors agglomération,Hors intersection,Normale,Deux véhicules - arrière,7,3,6,0,1,1,1,0,1,70,,4,1,0,0,3,19.0,43.0,,,1,1,1,1,2
202100025697,2021-08-04 16:46:00,2021,8,4,16,46,33,33063,ROCADE A 630,44.880288,-0.538316,Plein jour,Hors agglomération,Hors intersection,Normale,Trois véhicules et plus - en chaîne,1,3,6,0,2,1,1,2,1,70,,3,2,0,0,1,47.0,47.0,,,1,1,1,1,4
202100025698,2021-08-04 10:15:00,2021,8,4,10,15,93,93010,AUTOROUTE A3,48.89115,2.47342,Plein jour,Hors agglomération,Hors intersection,Normale,Deux véhicules - côté,1,3,10,0,1,1,1,2,1,90,,2,1,0,0,1,66.0,50.0,,,1,1,1,1,3
202100025699,2021-08-04 04:40:00,2021,8,4,4,40,93,93005,AUTOROUTE A3,48.96574,2.47644,Nuit sans éclairage public,Hors agglomération,Hors intersection,Normale,Autre collision,1,3,10,0,1,3,1,0,1,90,,1,0,1,0,0,22.0,,,,3,1,1,1,6
202100025700,2021-08-04 16:30:00,2021,8,4,16,30,94,94028,A86 EXT,48.78012,2.44169,Plein jour,Hors agglomération,Hors intersection,Normale,Autre collision,1,3,1,0,1,3,1,0,1,50,,1,0,0,0,1,31.0,,,,1,1,1,1,6
202100025701,2021-08-04 04:00:00,2021,8,4,4,0,77,77121,A104,48.8317,2.6692,Nuit sans éclairage public,Hors agglomération,Hors intersection,Normale,Sans collision,1,1,2,0,1,2,1,2,1,70,,1,0,0,0,1,46.0,,,,3,1,1,1,7
202100025702,2021-08-03 04:35:00,2021,8,3,4,35,93,93051,A4,48.8356,2.563,Nuit sans éclairage public,Hors agglomération,Hors intersection,Pluie légère,Deux véhicules - arrière,1,1,4,0,1,1,2,0,1,90,,2,1,0,0,1,47.0,31.0,,,3,1,1,2,2
202100025703,2021-06-02 08:10:00,2021,6,2,8,10,59,59063,Rue Marcellin Berthelot,50.137676,3.380195,Plein jour,En agglomération,Hors intersection,Normale,Deux véhicules - frontale,3,2,2,0,1,1,1,0,1,-1,,2,1,0,1,0,23.0,59.0,,,1,2,1,1,1
202100025704,2021-08-03 11:20:00,2021,8,3,11,20,974,97411,PARIS (RUE DE),-20.8839,55.45039,Plein jour,En agglomération,Intersection en X,Normale,Deux véhicules - côté,4,1,1,0,1,1,1,9,1,50,,4,2,0,0,2,46.0,59.0,,,1,2,2,1,3
202100025705,2021-08-02 11:20:00,2021,8,2,11,20,974,97407,MARINS PECHEURS(RUE),-20.94691,55.28769,Plein jour,En agglomération,Hors intersection,Normale,Deux véhicules - arrière,4,2,2,0,1,1,1,0,1,50,,2,1,0,1,0,63.0,65.0,,,1,2,1,1,2
202100025706,2021-08-03 18:00:00,2021,8,3,18,0,973,97302,SOURCE DE BADUEL (CHEMIN DE LA),4.92632,-52.30358,Plein jour,En agglomération,Hors intersection,Normale,Autre collision,4,-1,2,0,1,1,1,0,1,50,,2,1,0,0,1,17.0,,,,1,2,1,1,6
202100025707,2021-07-26 18:20:00,2021,7,26,18,20,69,69387,TONY GARNIER                        (AV),45.7299,4.82395,Plein jour,En agglomération,Intersection en T,Normale,Deux véhicules - côté,4,2,2,0,1,1,1,0,1,30,,2,1,0,0,1,61.0,22.0,,,1,2,3,1,3
202100025708,2021-08-03 17:05:00,2021,8,3,17,5,69,69389,HIPPOLYTE JAYR (Q),45.78048,4.80898,Plein jour,En agglomération,Intersection en X,Pluie forte,Deux véhicules - côté,4,2,3,1,1,1,3,5,1,50,,2,1,0,1,0,41.0,27.0,,,1,2,2,3,3
202100025709,2021-08-02 18:25:00,2021,8,2,18,25,69,69286,MARYSE BASTIE (R),45.82535,4.91805,Plein jour,En agglomération,Hors intersection,Normale,Deux véhicules - arrière,7,2,2,0,2,1,1,0,1,70,,2,1,0,0,1,68.0,,,,1,2,1,1,2
202100025710,2021-08-03 08:30:00,2021,8,3,8,30,95,95277,RD 970,48.99102,2.45657,Plein jour,En agglomération,Hors intersection,Pluie légère,Deux véhicules - arrière,3,3,3,0,2,1,2,-1,1,50,,2,1,0,0,1,57.0,25.0,,,1,2,1,2,2
202100025711,2021-08-03 05:55:00,2021,8,3,5,55,91,91103,RUE DE L'HUREPOIX,48.59855,2.29947,Plein jour,En agglomération,Hors intersection,Pluie légère,Sans collision,4,2,1,0,1,4,2,0,1,50,,1,0,0,0,1,17.0,,,,1,2,1,2,7
202100025712,2021-08-03 16:25:00,2021,8,3,16,25,91,91477,GUTEMBERG (RUE),48.71667,2.25,Plein jour,En agglomération,Hors intersection,Normale,Deux véhicules - arrière,4,-1,2,0,1,1,1,2,1,50,,2,1,0,0,1,43.0,37.0,,,1,2,1,1,2
202100025713,2021-08-03 20:55:00,2021,8,3,20,55,91,91657,AV HENRI BARBUSSE,48.70048,2.42096,Plein jour,En agglomération,Intersection en T,Normale,Deux véhicules - côté,3,2,2,0,1,1,1,5,1,50,,5,4,0,0,1,52.0,26.0,,,1,2,3,1,3
202100025714,2021-08-01 01:27:00,2021,8,1,1,27,87,87085,GAGNANT (AVENUE JEAN),45.83322,1.2751,Nuit avec éclairage allumé,En agglomération,Intersection en T,Pluie légère,Deux véhicules - arrière,2,4,5,0,1,1,2,0,1,50,,4,1,0,0,3,41.0,25.0,,,5,2,3,2,2
202100025715,2021-07-31 01:19:00,2021,7,31,1,19,87,87085,JOLIOT CURIE (RUE IRENE ET FREDERIC),45.83373,1.22406,Nuit avec éclairage allumé,En agglomération,Hors intersection,Normale,Autre collision,4,2,2,0,1,1,1,0,1,50,,2,1,0,1,0,,,,,5,2,1,1,6
202100025716,2021-08-02 19:06:00,2021,8,2,19,6,84,84087,LECLERC (AVENUE DU GENERAL),44.1347,4.81091,Plein jour,En agglomération,Autre intersection,Normale,Deux véhicules - arrière,4,1,2,0,1,1,1,0,1,50,,2,1,0,1,0,16.0,22.0,,,1,2,9,1,2
202100025717,2021-08-02 04:45:00,2021,8,2,4,45,83,83069,NICE (ROUTE DE),43.132,6.171,Nuit sans éclairage public,Hors agglomération,Hors intersection,Normale,Sans collision,7,2,2,2,1,2,1,9,8,70,,5,2,0,0,3,21.0,,,,3,1,1,1,7
202100025718,2021-08-03 07:10:00,2021,8,3,7,10,83,83061,AVENUE DE LA CORNICHE D'AZUR,43.3820670976,6.7221978307,Plein jour,En agglomération,Intersection en T,Normale,Deux véhicules - côté,3,2,1,0,1,1,1,0,1,50,,4,3,0,1,0,53.0,20.0,,,1,2,3,1,3
202100025719,2021-08-03 08:00:00,2021,8,3,8,0,83,83141,ARCS(ROUTE DES),43.49985,6.48556,Plein jour,Hors agglomération,Hors intersection,Normale,Autre collision,3,3,4,0,2,1,1,9,8,70,,2,1,0,1,0,82.0,,,,1,1,1,1,6
202100025720,2021-07-30 19:40:00,2021,7,30,19,40,80,80021,GAUTHIER DE RUMILLY (RUE),49.8838436759,2.2919695217,Plein jour,En agglomération,Hors intersection,Normale,Autre collision,4,1,1,1,1,1,1,0,1,50,,1,0,0,0,1,75.0,,,,1,2,1,1,6
202100025721,2021-06-30 23:35:00,2021,6,30,23,35,78,78640,NOIRE (ALLEE),48.79576,2.18113,Nuit avec éclairage non allumé,Hors agglomération,Intersection en X,Normale,Deux véhicules - côté,3,-1,0,0,1,1,1,5,1,50,,5,4,1,0,0,30.0,49.0,,,4,1,2,1,3
202100025722,2021-08-02 07:02:00,2021,8,2,7,2,77,77186,D607,48.35045,2.69593,Crépuscule ou aube,Hors agglomération,Autre intersection,Normale,Deux véhicules - frontale,3,2,3,0,1,1,1,0,1,90,,5,1,0,4,0,29.0,49.0,,,2,1,9,1,1
202100025723,2021-08-02 11:00:00,2021,8,2,11,0,74,74010,CORNICHE (BOULEVARD DE LA),45.8914,6.1344,Plein jour,En agglomération,Intersection en Y,Normale,Autre collision,3,2,2,0,2,4,1,0,1,50,,2,1,1,0,0,48.0,58.0,,,1,2,4,1,6
202100025724,2021-07-30 10:50:00,2021,7,30,10,50,67,67482,NEUHOF (ROUTE),48.55364,7.76648,Plein jour,En agglomération,Hors intersection,Normale,Autre collision,4,2,2,0,1,1,1,0,1,50,,3,2,0,0,1,85.0,51.0,,,1,2,1,1,6
202100025725,2021-07-30 09:45:00,2021,7,30,9,45,67,67482,SCHUTZENBERGER (AVENUE),48.5963,7.75932,Plein jour,En agglomération,Hors intersection,Normale,Autre collision,4,2,2,3,1,1,1,8,3,50,,2,1,0,0,1,41.0,,,,1,2,1,1,6
202100025726,2021-07-31 14:14:00,2021,7,31,14,14,66,66136,R D 900,42.677202,2.856855,Plein jour,Hors agglomération,Hors intersection,Normale,Trois véhicules et plus - en chaîne,3,3,2,0,1,3,1,0,1,90,,5,3,0,0,2,50.0,25.0,,,1,1,1,1,4
202100025727,2021-08-03 18:30:00,2021,8,3,18,30,64,64260,ALLEES (RUE DES),43.35536,-1.77425,Plein jour,En agglomération,Giratoire,Normale,Deux véhicules - côté,4,-1,2,0,1,1,1,9,1,50,,3,1,0,0,2,49.0,42.0,,,1,2,6,1,3
202100025728,2021-07-31 14:40:00,2021,7,31,14,40,63,63300,RD 2009,45.9129103873,3.1311249733,Plein jour,Hors agglomération,Hors intersection,Normale,Trois véhicules et plus - collisions multiples,3,2,2,0,2,1,1,0,1,80,,4,1,0,2,1,79.0,55.0,,,1,1,1,1,5
202100025729,2021-08-03 19:50:00,2021,8,3,19,50,62,62480,GUESDE JULES ( RUE ),50.494014,2.680738,Plein jour,En agglomération,Hors intersection,Normale,Deux véhicules - frontale,3,2,2,0,1,3,1,2,6,50,,2,1,0,1,0,35.0,25.0,,,1,2,1,1,1
202100025730,2021-08-02 18:20:00,2021,8,2,18,20,59,59350,LONDRES RUE COTE PAIR DU 10 AU 58,50.61988,3.02304,Plein jour,En agglomération,Hors intersection,Normale,Deux véhicules - arrière,4,2,1,0,1,1,1,0,1,50,,2,0,0,0,2,21.0,21.0,,,1,2,1,1,2
202100025731,2021-08-03 22:25:00,2021,8,3,22,25,59,59273,RD601 (DÃ©VIÃ©E),50.98791,2.1534,Nuit sans éclairage public,Hors agglomération,Hors intersection,Normale,Sans collision,3,2,2,0,1,2,1,0,1,70,,1,0,1,0,0,41.0,,,,3,1,1,1,7
202100025732,2021-08-02 16:15:00,2021,8,2,16,15,56,56121,JOFFRE ( BD MARECHAL ),47.751775,-3.3652053,Plein jour,En agglomération,Giratoire,Normale,Deux véhicules - côté,4,3,2,0,1,1,1,5,1,30,,2,1,0,0,1,53.0,28.0,,,1,2,6,1,3
202100025733,2021-08-03 11:37:00,2021,8,3,11,37,54,54265,RM 570,48.6443087944,6.1819177866,Plein jour,En agglomération,Hors intersection,Normale,Autre collision,7,2,2,0,1,1,1,0,1,70,,2,1,0,1,0,83.0,,,,1,2,1,1,6
202100025734,2021-08-02 21:37:00,2021,8,2,21,37,54,54395,OUDINOT (RUE DU MAL),48.67567,6.18204,Nuit avec éclairage allumé,En agglomération,Intersection en X,Normale,Deux véhicules - côté,7,1,2,2,2,1,1,0,1,50,,3,0,0,0,3,58.0,20.0,,,5,2,2,1,3
202100025735,2021-08-03 00:25:00,2021,8,3,0,25,50,50129,ABBAYE (RUE DE L'),49.6464,-1.64224,Nuit avec éclairage allumé,En agglomération,Intersection en X,Normale,Deux véhicules - côté,3,3,4,0,1,2,1,0,1,50,,4,1,0,0,3,,23.0,,,5,2,2,1,3
202100025736,2021-08-03 08:57:00,2021,8,3,8,57,49,49007,MANSION,47.4778772899,-0.5915954874,Plein jour,En agglomération,Hors intersection,Normale,Deux véhicules - arrière,4,2,2,0,1,1,1,0,1,50,,2,1,0,0,1,21.0,47.0,,,1,2,1,1,2
202100025737,2021-08-02 12:50:00,2021,8,2,12,50,45,45208,Rue Raymond Laforge,47.996269,2.735205,Plein jour,En agglomération,Hors intersection,Normale,Autre collision,4,2,2,0,1,1,1,2,4,50,,1,0,0,0,1,21.0,,,,1,2,1,1,6