accident_id,datetime,annee,mois,jour,heure,minute,departement,commune_insee,adresse,latitude,longitude,luminosite,agglomeration,intersection,meteo,collision,catr,circ,nbv,vosp,prof,plan,surf,infra,situ,vma,nb_vehicules,nb_usagers,nb_indemnes,nb_tues,nb_blesses_hosp,nb_blesses_legers,age_cond_1,age_cond_2,veh_type_cond_1,veh_type_cond_2,lum_code,agg_code,int_code,atm_code,col_code
202100025738,2021-08-03 16:05:00,2021,8,3,16,5,35,35238,RN136,48.11511,-1.71925,Plein jour,Hors agglomération,Hors intersection,Normale,Deux véhicules - côté,2,3,6,0,1,1,1,0,1,90,,2,1,0,0,1,32.0,24.0,,,1,1,1,1,3
202100025739,2021-07-31 12:30:00,2021,7,31,12,30,34,34032,BESSAN (ROUTE DE),43.352817,3.269073,Plein jour,Hors agglomération,Intersection en T,Normale,Deux véhicules - côté,3,2,2,0,1,1,1,0,1,80,,4,3,1,0,0,24.0,57.0,,,1,1,3,1,3
202100025740,2021-08-03 18:45:00,2021,8,3,18,45,33,33063,Rue Marguerite Crauste,44.83545,-0.58875,Plein jour,En agglomération,Intersection en X,Pluie légère,Autre collision,4,2,3,1,1,1,2,5,1,50,,2,1,0,0,1,23.0,,,,1,2,2,2,6
202100025741,2021-08-03 12:30:00,2021,8,3,12,30,32,32013,PIERRE DE MONTESQUIOU (AVENUE),43.63,0.5872,Plein jour,En agglomération,Intersection en Y,Normale,Deux véhicules - côté,4,2,2,0,1,1,1,0,1,50,,2,1,0,0,1,55.0,24.0,,,1,2,4,1,3
202100025742,2021-08-31 00:20:00,2021,8,31,0,20,31,31555,VA007313 LE CHAPITRE A64 Sortie 38,43.545244,1.401195,Nuit avec éclairage allumé,Hors agglomération,Autre intersection,Normale,Deux véhicules - arrière,1,1,3,0,1,1,1,0,1,90,,3,2,0,0,1,36.0,32.0,,,5,1,9,1,2
202100025743,2021-07-26 14:00:00,2021,7,26,14,0,26,26362,144 Avenue de Romans,44.935316,4.909285,Plein jour,En agglomération,Hors intersection,Normale,Deux véhicules - côté,4,2,2,1,2,3,1,0,5,50,,2,1,0,0,1,23.0,24.0,,,1,2,1,1,3
202100025744,2021-08-03 17:43:00,2021,8,3,17,43,26,26198,Route du Teil,44.551612,4.698643,Plein jour,En agglomération,Intersection en T,Temps couvert,Deux véhicules - côté,2,2,2,0,1,1,1,0,1,70,,3,0,0,1,2,47.0,29.0,,,1,2,3,8,3
202100025745,2021-07-20 13:40:00,2021,7,20,13,40,24,24037,SEVIGNE (RUE),44.85684,0.4722,Plein jour,En agglomération,Hors intersection,Normale,Deux véhicules - côté,4,1,1,0,1,1,1,0,1,30,,2,1,0,1,0,35.0,31.0,,,1,2,1,1,3
202100025746,2021-08-03 16:15:00,2021,8,3,16,15,14,14118,N814,49.19844,-0.37346,Plein jour,En agglomération,Hors intersection,Normale,Deux véhicules - côté,2,1,2,0,1,1,1,8,1,90,,3,1,0,0,2,44.0,48.0,,,1,2,1,1,3
202100025747,2021-08-03 22:40:00,2021,8,3,22,40,13,13206,FRIEDLAND (RUE),43.28592,5.3901,Nuit avec éclairage allumé,En agglomération,Intersection en X,Normale,Deux véhicules - côté,4,1,1,0,2,1,1,0,1,50,,2,1,0,0,1,,20.0,,,5,2,2,1,3
202100025748,2021-08-03 20:30:00,2021,8,3,20,30,13,13209,MARÉCHAL DE LATTRE (AVENUE),43.24918,5.40542,Nuit sans éclairage public,En agglomération,Hors intersection,Normale,Sans collision,7,2,3,3,1,1,1,0,1,50,,2,1,0,0,1,63.0,,,,3,2,1,1,7
202100025749,2021-08-03 02:40:00,2021,8,3,2,40,13,13208,MADRAGUE DE MONTREDON (AVE DE LA) ,43.23187,5.35312,Nuit avec éclairage allumé,En agglomération,Hors intersection,Normale,Deux véhicules - côté,4,2,2,0,1,1,1,0,4,50,,3,1,0,0,2,,,,,5,2,1,1,3
202100025750,2021-08-03 19:20:00,2021,8,3,19,20,13,13047,JEAN MARIE L'HUILLIER (BOULEVARD),43.51277,4.98552,Plein jour,En agglomération,Intersection en T,Normale,Deux véhicules - côté,4,2,2,0,1,1,1,0,1,50,,3,0,0,0,3,29.0,19.0,,,1,2,3,1,3
202100025751,2021-08-03 20:15:00,2021,8,3,20,15,13,13004,AV DE LA LIBERATION,43.703784445,4.6415980918,Crépuscule ou aube,En agglomération,Hors intersection,Normale,Trois véhicules et plus - collisions multiples,4,2,2,0,1,1,1,0,1,50,,9,8,0,1,0,48.0,24.0,,,2,2,1,1,5
202100025752,2021-08-01 19:00:00,2021,8,1,19,0,11,11262,AOSTE (RUE D'),43.192502,3.015585,Plein jour,En agglomération,Hors intersection,Normale,Autre collision,4,2,2,0,1,1,1,9,1,50,,2,1,0,0,1,18.0,,,,1,2,1,1,6
202100025753,2021-08-02 12:20:00,2021,8,2,12,20,11,11262,MALARD (BOULEVARD DE),43.1818472,3.02999956,Plein jour,En agglomération,Hors intersection,Normale,Autre collision,4,2,2,0,1,1,1,9,1,50,,2,1,0,0,1,22.0,,,,1,2,1,1,6
202100025754,2021-08-01 19:27:00,2021,8,1,19,27,06,06088,NAPOLEON III (PONT),43.663364,7.197142,Crépuscule ou aube,En agglomération,Hors intersection,Temps éblouissant,Trois véhicules et plus - collisions multiples,7,-1,2,0,1,1,1,0,1,70,,4,1,1,2,0,35.0,73.0,,,2,2,1,7,5
202100025755,2021-07-26 21:08:00,2021,7,26,21,8,06,06088,MONTEL (BD PAUL),43.675605,7.206718,Nuit avec éclairage allumé,En agglomération,Hors intersection,Normale,Autre collision,4,1,2,3,1,1,1,9,6,40,,2,1,0,1,0,34.0,,,,5,2,1,1,6
202100025756,2021-08-03 13:45:00,2021,8,3,13,45,06,06069,CASTORS (CHEMIN DES),43.641456,6.933079,Plein jour,En agglomération,Autre intersection,Normale,Deux véhicules - côté,4,4,2,0,2,3,1,9,1,50,,2,1,0,0,1,51.0,70.0,,,1,2,9,1,3
202100025757,2021-08-02 19:15:00,2021,8,2,19,15,05,05061,MUSEE ( Carrefour du ),44.56179,6.08418,Plein jour,En agglomération,Hors intersection,Normale,Deux véhicules - arrière,2,1,2,0,1,1,1,0,1,50,,2,1,0,0,1,42.0,60.0,,,1,2,1,1,2
202100025758,2021-08-02 08:00:00,2021,8,2,8,0,05,05061,ST JEAN ( ROUTE DE ),44.53708,6.04934,Plein jour,En agglomération,Intersection en T,Normale,Deux véhicules - côté,3,2,2,0,1,1,1,0,1,50,,2,1,0,0,1,53.0,60.0,,,1,2,3,1,3
202100025759,2021-08-01 16:24:00,2021,8,1,16,24,05,05061,VALSERRES ( RUE DE ),44.54527,6.08703,Plein jour,Hors agglomération,Hors intersection,Normale,Autre collision,3,2,2,0,1,2,1,0,3,80,,1,0,0,0,1,89.0,,,,1,1,1,1,6
202100025760,2021-08-02 15:45:00,2021,8,2,15,45,03,03101,8 MAI 1945 ( RUE DU ),46.36318,2.531722,Plein jour,En agglomération,Hors intersection,Normale,Autre collision,4,1,1,0,1,1,1,0,1,50,,1,0,0,1,0,15.0,,,,1,2,1,1,6
202100025761,2021-08-03 09:40:00,2021,8,3,9,40,75,75115,PORTE DE VERSAILLES,48.828061,2.290946,Plein jour,En agglomération,Hors intersection,Normale,Deux véhicules - arrière,4,1,3,0,1,1,1,0,1,70,,2,1,0,0,1,24.0,28.0,,,1,2,1,1,2
202100025762,2021-08-03 08:40:00,2021,8,3,8,40,75,75120,RUE LEVERT,48.873352,2.39006,Plein jour,En agglomération,Intersection en X,Normale,Autre collision,4,2,2,0,2,1,2,0,1,30,,2,1,0,0,1,56.0,,,,1,2,2,1,6
202100025763,2021-08-03 08:30:00,2021,8,3,8,30,75,75119,PLACE AUGUSTE BARON,48.900103,2.388273,Plein jour,En agglomération,Place,Normale,Sans collision,4,2,3,0,1,3,1,5,1,50,,1,0,0,0,1,32.0,,,,1,2,7,1,7
202100025764,2021-08-03 07:30:00,2021,8,3,7,30,75,75118,AVENUE DE LA PORTE DE CLIGNANCOURT,48.900723,2.344283,Plein jour,En agglomération,Intersection en X,Pluie légère,Deux véhicules - côté,4,2,2,0,1,1,2,0,1,50,,2,1,0,0,1,60.0,47.0,,,1,2,2,2,3
202100025765,2021-08-02 18:30:00,2021,8,2,18,30,75,75116,AVENUE DE L HIPPODROME,48.864009,2.236062,Plein jour,En agglomération,Intersection en Y,Normale,Deux véhicules - arrière,4,1,2,0,1,1,1,0,1,50,,3,2,0,0,1,44.0,46.0,,,1,2,4,1,2
202100025766,2021-08-03 20:15:00,2021,8,3,20,15,75,75113,BOULEVARD PERIPHERIQUE INTERIEUR SUD,48.819197,2.371793,Plein jour,En agglomération,Hors intersection,Normale,Deux véhicules - côté,4,1,4,0,1,3,1,0,1,70,,2,1,0,0,1,62.0,54.0,,,1,2,1,1,3
202100025767,2021-08-03 08:40:00,2021,8,3,8,40,75,75113,BOULEVARD MASSENA,48.820124,2.36466,Plein jour,En agglomération,Intersection en X,Temps couvert,Deux véhicules - côté,4,2,2,0,1,1,2,0,1,50,,2,1,0,1,0,22.0,50.0,,,1,2,2,8,3
202100025768,2021-08-03 07:30:00,2021,8,3,7,30,75,75113,QUAI D AUSTERLITZ,48.841997,2.367731,Plein jour,En agglomération,Intersection en T,Temps couvert,Autre collision,4,2,5,1,2,1,2,0,1,50,,3,2,0,0,1,22.0,,,,1,2,3,8,6
202100025769,2021-08-02 23:30:00,2021,8,2,23,30,75,75113,RUE DE TOLBIAC,48.82618,2.357276,Nuit avec éclairage allumé,En agglomération,Intersection en X,Pluie légère,Deux véhicules - côté,4,3,2,0,1,1,2,5,1,50,,2,1,0,0,1,55.0,17.0,,,5,2,2,2,3
202100025770,2021-08-03 18:20:00,2021,8,3,18,20,75,75112,AVENUE DU GENERAL MICHEL BIZOT,48.835687,2.402195,Plein jour,En agglomération,Hors intersection,Normale,Deux véhicules - côté,4,2,2,0,1,1,1,0,1,50,,2,1,0,0,1,44.0,34.0,,,1,2,1,1,3
202100025771,2021-08-03 12:50:00,2021,8,3,12,50,75,75111,BOULEVARD VOLTAIRE,48.852158,2.389588,Plein jour,En agglomération,Intersection en T,Normale,Autre collision,4,2,4,1,1,1,1,0,1,30,,2,1,0,0,1,79.0,,,,1,2,3,1,6
202100025772,2021-08-03 16:50:00,2021,8,3,16,50,75,75110,BOULEVARD DE MAGENTA,48.877329,2.355125,Plein jour,En agglomération,Intersection en T,Normale,Sans collision,4,2,4,1,1,1,1,0,5,50,,1,0,0,0,1,49.0,,,,1,2,3,1,7
202100025773,2021-08-03 11:40:00,2021,8,3,11,40,75,75108,AVENUE WINSTON CHURCHILL,48.86611,2.313828,Plein jour,En agglomération,Hors intersection,Normale,Deux véhicules - côté,4,2,4,0,1,1,1,0,1,50,,2,1,0,0,1,54.0,72.0,,,1,2,1,1,3
202100025774,2021-08-02 20:55:00,2021,8,2,20,55,75,75103,PLACE DE LA REPUBLIQUE,48.867342,2.363347,Plein jour,En agglomération,Intersection en T,Pluie légère,Autre collision,4,2,5,0,1,1,2,0,1,50,,2,1,0,0,1,52.0,,,,1,2,3,2,6
202100025775,2021-08-03 20:40:00,2021,8,3,20,40,94,94081,STALINGRAD (BD DE),48.77374,2.4046,Crépuscule ou aube,Hors agglomération,Autre intersection,Normale,Deux véhicules - côté,1,1,0,0,4,1,1,3,1,50,,2,1,0,0,1,,24.0,,,2,1,9,1,3
202100025776,2021-08-03 18:40:00,2021,8,3,18,40,94,94015,LOUIS FERBER (QU),48.83394,2.51821,Plein jour,En agglomération,Intersection en T,Normale,Sans collision,3,-1,0,0,1,1,1,0,1,45,,2,1,0,0,1,19.0,,,,1,2,3,1,7
202100025777,2021-08-03 06:45:00,2021,8,3,6,45,94,94037,PAUL VAILLANT COUTURIER (AV),48.816409,2.339993,Crépuscule ou aube,En agglomération,Hors intersection,Pluie légère,Deux véhicules - côté,4,2,2,0,1,1,2,0,1,50,,2,1,0,0,1,32.0,49.0,,,2,2,1,2,3
202100025778,2021-08-02 03:08:00,2021,8,2,3,8,94,94043,FONTAINEBLEAU (AV DE),48.8097949105,2.3622239213,Nuit avec éclairage allumé,En agglomération,Giratoire,Normale,Autre collision,3,4,3,0,1,1,1,0,4,50,,2,0,0,0,2,21.0,,,,5,2,6,1,6
202100025779,2021-07-28 14:25:00,2021,7,28,14,25,94,94021,Avenue de Stalingrad,48.76889,2.36781,Plein jour,En agglomération,Intersection en X,Normale,Deux véhicules - côté,3,3,2,0,1,1,1,5,1,50,,2,1,0,0,1,31.0,31.0,,,1,2,2,1,3
202100025780,2021-08-03 15:40:00,2021,8,3,15,40,93,93078,BALLANGER (BD ROBERT),48.95746,2.54496,Plein jour,En agglomération,Intersection en X,Normale,Deux véhicules - arrière,3,3,4,0,1,1,1,5,1,50,,2,1,0,0,1,40.0,28.0,,,1,2,2,1,2
202100025781,2021-08-02 16:25:00,2021,8,2,16,25,93,93066,Avenue du Stade de France,48.91872,2.36185,Plein jour,En agglomération,Hors intersection,Normale,Autre collision,4,2,4,3,1,1,1,0,1,50,,2,1,0,1,0,31.0,,,,1,2,1,1,6
202100025782,2021-08-03 03:28:00,2021,8,3,3,28,93,93046,Boulevard Marx Dormoy,48.907332,2.524678,Nuit avec éclairage allumé,En agglomération,Autre intersection,Pluie légère,Deux véhicules - frontale,3,3,6,0,1,1,2,5,1,50,,2,0,0,1,1,32.0,25.0,,,5,2,9,2,1
202100025783,2021-08-03 20:50:00,2021,8,3,20,50,93,93010,PASTEUR (AV.),48.90424,2.48501,Crépuscule ou aube,En agglomération,Hors intersection,Normale,Deux véhicules - côté,4,2,2,0,1,1,1,0,1,30,,2,1,0,0,1,36.0,,,,2,2,1,1,3
202100025784,2021-08-03 18:45:00,2021,8,3,18,45,93,93008,RENARD (RUE EDOUARD),48.91385,2.41593,Plein jour,En agglomération,Hors intersection,Normale,Autre collision,4,2,2,0,1,1,1,0,1,50,,2,0,0,0,2,23.0,,,,1,2,1,1,6
202100025785,2021-08-03 14:20:00,2021,8,3,14,20,93,93007,ARISTIDE BRIAND (AVENUE COTE PAIRS),48.944205579,2.447095296,Plein jour,En agglomération,Hors intersection,Normale,Autre collision,3,2,2,0,1,1,1,0,1,50,,2,1,0,1,0,28.0,61.0,,,1,2,1,1,6
202100025786,2021-08-03 17:00:00,2021,8,3,17,0,93,93001,REPUBLIQUE (AVE DE LA ) 43/106 =>,48.90572,2.38981,Plein jour,En agglomération,Hors intersection,Normale,Deux véhicules - arrière,3,2,2,0,1,1,1,0,1,50,,2,1,0,0,1,24.0,35.0,,,1,2,1,1,2
202100025787,2021-08-03 22:15:00,2021,8,3,22,15,92,92048,LE CORBEILLER (AVENUE) N° 1 A 45,48.8137288787,2.2422876653,Nuit avec éclairage allumé,En agglomération,Hors intersection,Normale,Autre collision,4,1,2,0,2,1,1,0,1,50,,1,0,0,0,1,32.0,,,,5,2,1,1,6
202100025788,2021-08-02 16:30:00,2021,8,2,16,30,92,92050,PONT DE BEZONS,48.9202052399,2.220826149,Plein jour,En agglomération,Hors intersection,Normale,Autre collision,3,3,8,3,2,1,1,2,1,50,,2,1,0,0,1,36.0,,,,1,2,1,1,6
202100025789,2021-07-31 23:05:00,2021,7,31,23,5,92,92024,MARTRE (RUE) DE (111 A 119)   (122 A 144,48.9068662973,2.302567585,Nuit avec éclairage allumé,En agglomération,Intersection en T,Normale,Deux véhicules - côté,3,1,3,3,1,1,1,0,1,50,,2,1,0,0,1,25.0,26.0,,,5,2,3,1,3
202100025790,2021-08-03 14:05:00,2021,8,3,14,5,92,92002,RAYMON ARON (AVENUE),48.7702330261,2.3115531984,Plein jour,En agglomération,Hors intersection,Pluie légère,Deux véhicules - arrière,3,3,4,1,1,2,2,0,1,50,,3,2,0,0,1,48.0,26.0,,,1,2,1,2,2
202100025791,2021-08-03 10:05:00,2021,8,3,10,5,01,01004,Avenue Leon Blum,45.964027,5.340898,Plein jour,En agglomération,Hors intersection,Normale,Autre collision,4,2,2,0,1,1,1,0,1,50,,2,1,0,1,0,88.0,,,,1,2,1,1,6
202100025792,2021-08-04 00:40:00,2021,8,4,0,40,67,67441,RD 235,48.834925,7.579059,Nuit sans éclairage public,Hors agglomération,Hors intersection,Pluie légère,Sans collision,3,2,2,0,1,3,2,2,1,80,,3,0,0,2,1,19.0,,,,3,1,1,2,7
202100025793,2021-07-09 10:17:00,2021,7,9,10,17,06,06149,Boulevard Francois Suarez,43.742993,7.315789,Plein jour,En agglomération,Place,Normale,Autre collision,9,-1,2,0,1,1,1,0,1,30,,2,1,0,1,0,79.0,,,,1,2,7,1,6
202100025794,2021-07-27 18:00:00,2021,7,27,18,0,13,13078,Avenue du Port,43.388772,4.802662,Plein jour,En agglomération,Intersection en X,Normale,Deux véhicules - côté,7,2,2,0,1,1,1,0,1,50,,2,1,0,1,0,40.0,60.0,,,1,2,2,1,3
202100025795,2021-08-04 06:35:00,2021,8,4,6,35,71,71494,autoroute A6,46.4072158926,4.8572613189,Crépuscule ou aube,Hors agglomération,Hors intersection,Pluie légère,Deux véhicules - arrière,1,3,5,0,2,1,2,0,1,130,,8,7,0,1,0,35.0,57.0,,,2,1,1,2,2
202100025796,2021-08-03 16:15:00,2021,8,3,16,15,28,28103,D15,48.011444,1.213861,Plein jour,Hors agglomération,Hors intersection,Normale,Autre collision,3,2,2,0,1,4,1,0,3,80,,1,0,0,1,0,21.0,,,,1,1,1,1,6
202100025797,2021-08-04 14:20:00,2021,8,4,14,20,974,97414,RN 1,-21.291973,55.411772,Plein jour,En agglomération,Hors intersection,Normale,Deux véhicules - côté,2,1,2,0,1,1,1,0,1,50,,2,1,0,1,0,31.0,52.0,,,1,2,1,1,3
202100025798,2021-08-04 11:25:00,2021,8,4,11,25,38,38084,le grand chemin,45.344417,5.522245,Plein jour,En agglomération,Intersection en X,Pluie légère,Deux véhicules - frontale,3,2,2,0,2,1,2,0,1,45,,10,8,0,1,1,19.0,41.0,,,1,2,2,2,1
202100025799,2021-08-03 18:15:00,2021,8,3,18,15,62,62688,Cd 940 Rte de Bagatelle,50.433664,1.608059,Plein jour,Hors agglomération,Hors intersection,Normale,Deux véhicules - côté,3,2,2,1,1,1,1,0,1,70,,3,1,0,1,1,39.0,59.0,,,1,1,1,1,3
202100025800,2021-08-03 20:15:00,2021,8,3,20,15,47,47121,RD 933,44.343947,0.107353,Plein jour,Hors agglomération,Hors intersection,Pluie légère,Deux véhicules - frontale,3,2,2,0,1,1,2,0,1,80,,2,0,1,0,1,37.0,37.0,,,1,1,1,2,1
202100025801,2021-08-03 12:50:00,2021,8,3,12,50,62,62535,D139,50.462717,1.755852,Plein jour,Hors agglomération,Hors intersection,Normale,Autre collision,3,2,2,0,2,2,1,0,3,80,,1,0,0,1,0,76.0,,,,1,1,1,1,6
202100025802,2021-08-03 06:05:00,2021,8,3,6,5,44,44009,N249,47.215458,-1.452572,Crépuscule ou aube,Hors agglomération,Hors intersection,Normale,Deux véhicules - arrière,2,3,4,0,1,1,1,3,1,80,,2,1,0,1,0,54.0,62.0,,,2,1,1,1,2
202100025803,2021-08-03 10:40:00,2021,8,3,10,40,80,80333,Avenue de la Plage,50.339996,1.567939,Plein jour,En agglomération,Intersection en X,Normale,Deux véhicules - côté,3,2,2,2,1,1,1,5,1,50,,2,1,0,0,1,75.0,53.0,,,1,2,2,1,3
202100025804,2021-08-03 16:31:00,2021,8,3,16,31,81,81220,rd 988 Plaine de Fontgrave,43.8409499,1.761234998,Plein jour,Hors agglomération,Hors intersection,Normale,Sans collision,3,2,2,0,1,1,1,0,1,80,,1,0,0,1,0,25.0,,,,1,1,1,1,7
202100025805,2021-08-04 17:20:00,2021,8,4,17,20,71,71014,Avenue du Morvan,46.9500571968,4.2938922016,Plein jour,En agglomération,Intersection en T,Pluie légère,Deux véhicules - côté,3,2,2,0,1,1,2,0,1,50,,2,1,0,0,1,31.0,60.0,,,1,2,3,2,3
202100025806,2021-08-03 15:05:00,2021,8,3,15,5,46,46231,LA POULINE,44.520347,1.128523,Plein jour,Hors agglomération,Hors intersection,Normale,Autre collision,3,2,2,0,2,1,1,0,3,80,,1,0,0,0,1,18.0,,,,1,1,1,1,6
202100025807,2021-08-03 17:00:00,2021,8,3,17,0,35,35201,17 Rue du Petit Chemin,48.126531,-2.157585,Plein jour,En agglomération,Hors intersection,Normale,Deux véhicules - côté,4,2,2,0,1,1,1,0,1,50,,2,1,0,0,1,14.0,57.0,,,1,2,1,1,3
202100025808,2021-08-03 18:30:00,2021,8,3,18,30,29,29135,Lieu-Dit Quemeur,47.822725,-4.201428,Plein jour,Hors agglomération,Hors intersection,Pluie légère,Deux véhicules - frontale,4,2,2,0,1,2,2,0,1,80,,2,1,0,0,1,59.0,22.0,,,1,1,1,2,1
202100025809,2021-08-03 10:00:00,2021,8,3,10,0,03,03018,D219,46.247873,3.265675,Plein jour,En agglomération,Intersection en X,Temps couvert,Deux véhicules - côté,3,2,2,0,1,1,1,0,1,50,,2,1,0,1,0,63.0,76.0,,,1,2,2,8,3
202100025810,2021-08-03 19:25:00,2021,8,3,19,25,03,03227,route départmenetale 6,46.24966,3.329335,Plein jour,Hors agglomération,Hors intersection,Pluie légère,Deux véhicules - frontale,3,2,2,0,1,2,2,0,1,90,,2,0,1,0,1,20.0,51.0,,,1,1,1,2,1
202100025811,2021-08-04 16:45:00,2021,8,4,16,45,50,50359,D907,48.639389,-0.936091,Plein jour,Hors agglomération,Intersection en T,Normale,Autre collision,3,2,2,0,1,1,1,5,3,80,,1,0,0,1,0,21.0,,,,1,1,3,1,6
202100025812,2021-08-03 20:30:00,2021,8,3,20,30,64,64101,9 Rue de Navarre,43.208452,-0.260485,Plein jour,En agglomération,Hors intersection,Normale,Sans collision,3,2,2,0,1,2,1,0,4,50,,1,0,0,0,1,43.0,,,,1,2,1,1,7
202100025813,2021-07-31 11:00:00,2021,7,31,11,0,18,18151,Les Salmons,47.244789,2.701392,Plein jour,Hors agglomération,Hors intersection,Normale,Autre collision,3,2,2,0,1,3,1,0,3,80,,1,0,0,1,0,60.0,,,,1,1,1,1,6
202100025814,2021-08-03 16:50:00,2021,8,3,16,50,10,10035,Route Départementale 396,48.176446,4.780855,Plein jour,Hors agglomération,Hors intersection,Normale,Deux véhicules - arrière,3,2,2,0,1,1,1,0,1,80,,3,1,2,0,0,67.0,25.0,,,1,1,1,1,2
202100025815,2021-08-03 15:05:00,2021,8,3,15,5,16,16120,LIeu Dit La Font Toussaint,45.599284,0.268629,Plein jour,Hors agglomération,Intersection en X,Normale,Deux véhicules - côté,3,2,3,0,2,1,1,5,1,90,,2,1,0,1,0,60.0,29.0,,,1,1,2,1,3
202100025816,2021-08-03 16:50:00,2021,8,3,16,50,04,04144,RD 23,43.779654,6.340238,Plein jour,En agglomération,Hors intersection,Normale,Deux véhicules - arrière,3,2,2,0,2,1,1,0,1,50,,2,1,0,1,0,29.0,51.0,,,1,2,1,1,2
202100025817,2021-08-04 07:15:00,2021,8,4,7,15,30,30259,Route de Nîmes,44.097706,4.106129,Crépuscule ou aube,En agglomération,Hors intersection,Pluie forte,Deux véhicules - arrière,3,2,1,0,1,1,2,0,1,50,,3,2,0,1,0,19.0,19.0,,,2,2,1,3,2
202100025818,2021-08-04 04:50:00,2021,8,4,4,50,52,52212,Route Nationale 67,48.402956,5.156814,Nuit sans éclairage public,Hors agglomération,Hors intersection,Brouillard / fumée,Deux véhicules - frontale,2,2,1,0,1,3,1,0,1,80,,2,1,1,0,0,45.0,26.0,,,3,1,1,5,1
202100025819,2021-08-01 03:05:00,2021,8,1,3,5,63,63311,A71 PR 356+200 SENS RIOM/PARIS,46.0464214752,3.1124632444,Nuit sans éclairage public,Hors agglomération,Hors intersection,Normale,Trois véhicules et plus - en chaîne,1,3,5,0,2,1,1,0,1,-1,,7,6,0,0,1,37.0,47.0,,,3,1,1,1,4
202100025820,2021-08-04 13:58:00,2021,8,4,13,58,82,82025,A20 PK 428.250,43.9337475354,1.3198122051,Plein jour,Hors agglomération,Hors intersection,Pluie forte,Deux véhicules - arrière,1,3,4,0,1,1,2,0,1,110,,3,2,0,0,1,29.0,22.0,,,1,1,1,3,2
202100025821,2021-08-03 23:05:00,2021,8,3,23,5,53,53201,PK 253.600,48.096275,-0.854161,Nuit sans éclairage public,Hors agglomération,Hors intersection,Pluie légère,Trois véhicules et plus - collisions multiples,1,3,4,0,1,1,2,0,1,130,,7,3,0,1,3,49.0,29.0,,,3,1,1,2,5
202100025822,2021-08-04 07:00:00,2021,8,4,7,0,68,68118,A35 - bretelle n°33,47.741437,7.42355,Crépuscule ou aube,Hors agglomération,Hors intersection,Normale,Autre collision,1,2,2,0,2,2,1,3,2,70,,1,0,1,0,0,27.0,,,,2,1,1,1,6
202100025823,2021-08-03 18:25:00,2021,8,3,18,25,74,74081,Avenue de la sardagne,46.070075,6.563129,Plein jour,En agglomération,Giratoire,Pluie légère,Deux véhicules - côté,3,4,1,0,1,3,2,0,1,50,,3,2,0,1,0,17.0,58.0,,,1,2,6,2,3
202100025824,2021-08-03 08:25:00,2021,8,3,8,25,57,57114,PR 28+600 nationale 4 sens Phalsbourg / Nancy,48.75386,7.178439,Plein jour,Hors agglomération,Hors intersection,Pluie légère,Autre collision,2,3,4,0,2,1,2,0,1,110,,1,0,0,1,0,23.0,,,,1,1,1,2,6
202100025825,2021-08-01 10:00:00,2021,8,1,10,0,971,97121,Rue de la Bataille Anse Guyonn,16.227193,-61.786286,Plein jour,En agglomération,Hors intersection,Normale,Deux véhicules - côté,2,2,2,0,1,1,1,0,1,50,,2,1,0,1,0,48.0,33.0,,,1,2,1,1,3
202100025826,2021-08-04 13:15:00,2021,8,4,13,15,77,77322,"Chemin Departemental 26A, PK 1+500",49.058528,2.588332,Plein jour,Hors agglomération,Hors intersection,Normale,Deux véhicules - frontale,3,2,2,0,2,1,1,0,3,80,,2,0,0,2,0,39.0,28.0,,,1,1,1,1,1
202100025827,2021-08-04 01:00:00,2021,8,4,1,0,66,66164,RD117,42.75749,2.856617,Nuit sans éclairage public,Hors agglomération,Hors intersection,Normale,Sans collision,3,2,2,0,1,1,1,0,3,80,,2,0,1,0,1,25.0,,,,3,1,1,1,7
202100025828,2021-08-03 13:30:00,2021,8,3,13,30,11,11181,Chemin des Brunels,43.392255,2.007735,Plein jour,En agglomération,Hors intersection,Normale,Autre collision,4,2,1,0,4,3,1,2,8,50,,1,0,0,1,0,70.0,,,,1,2,1,1,6
202100025829,2021-08-03 17:50:00,2021,8,3,17,50,13,13018,D24,43.867401,4.960274,Plein jour,Hors agglomération,Hors intersection,Normale,Deux véhicules - frontale,3,2,2,0,1,1,1,0,3,80,,3,0,0,2,1,23.0,,,,1,1,1,1,1
202100025830,2021-08-01 17:29:00,2021,8,1,17,29,08,08188,D22,49.816063,4.821582,Plein jour,Hors agglomération,Hors intersection,Temps couvert,Sans collision,3,2,2,0,1,1,1,0,1,80,,2,1,0,0,1,41.0,,,,1,1,1,8,7
202100025831,2021-08-04 15:00:00,2021,8,4,15,0,38,38059,D5,45.128297,5.777971,Plein jour,Hors agglomération,Hors intersection,Pluie légère,Deux véhicules - côté,7,2,2,0,2,3,2,0,1,70,,2,1,0,0,1,52.0,40.0,,,1,1,1,2,3
202100025832,2021-08-03 19:10:00,2021,8,3,19,10,69,69149,BRIGNAIS (DE) (RTE),45.7197524965,4.7784921527,Plein jour,Hors agglomération,Intersection en T,Pluie légère,Deux véhicules - frontale,7,2,2,0,4,1,2,0,1,70,,5,3,0,1,1,24.0,34.0,,,1,1,3,2,1
202100025833,2021-08-04 06:50:00,2021,8,4,6,50,09,09160,16 Rue Jean Jaurès,42.93208,1.847044,Crépuscule ou aube,En agglomération,Autre intersection,Pluie légère,Deux véhicules - côté,3,2,2,0,1,1,2,0,1,50,,2,1,0,1,0,57.0,34.0,,,2,2,9,2,3