accident_id,datetime,annee,mois,jour,heure,minute,departement,commune_insee,adresse,latitude,longitude,luminosite,agglomeration,intersection,meteo,collision,catr,circ,nbv,vosp,prof,plan,surf,infra,situ,vma,nb_vehicules,nb_usagers,nb_indemnes,nb_tues,nb_blesses_hosp,nb_blesses_legers,age_cond_1,age_cond_2,veh_type_cond_1,veh_type_cond_2,lum_code,agg_code,int_code,atm_code,col_code
202100025834,2021-08-03 18:40:00,2021,8,3,18,40,86,86021,9 Route Océane,46.55881,0.047336,Plein jour,En agglomération,Hors intersection,Normale,Deux véhicules - arrière,3,2,2,0,2,1,1,0,1,30,,2,0,0,1,1,22.0,16.0,,,1,2,1,1,2
202100025835,2021-08-03 09:25:00,2021,8,3,9,25,29,29042,Boulevard de la France Libre,48.239455,-4.494411,Plein jour,En agglomération,Giratoire,Normale,Deux véhicules - côté,4,2,2,0,2,1,2,5,1,50,,2,1,0,1,0,79.0,51.0,,,1,2,6,1,3
202100025836,2021-08-04 11:30:00,2021,8,4,11,30,22,22198,"CD21, PR20",48.759428,-3.495466,Plein jour,Hors agglomération,Intersection en T,Temps couvert,Trois véhicules et plus - collisions multiples,3,2,2,0,1,1,2,5,1,80,,6,4,0,0,2,61.0,38.0,,,1,1,3,8,5
202100025837,2021-08-03 18:15:00,2021,8,3,18,15,27,27517,D316,49.14585,1.319942,Plein jour,Hors agglomération,Hors intersection,Normale,Autre collision,3,2,3,0,2,2,1,0,3,70,,1,0,1,0,0,19.0,,,,1,1,1,1,6
202100025838,2021-08-03 19:40:00,2021,8,3,19,40,76,76164,Quai Guilbaud,49.524546,0.726147,Plein jour,En agglomération,Hors intersection,Normale,Deux véhicules - frontale,3,2,2,0,1,1,1,0,1,30,,2,1,0,0,1,30.0,37.0,,,1,2,1,1,1
202100025839,2021-08-03 19:40:00,2021,8,3,19,40,13,13106,A51-Sens Aix en Provence vers Marseille,43.404106974,5.3582724374,Plein jour,Hors agglomération,Hors intersection,Normale,Trois véhicules et plus - en chaîne,1,1,3,0,1,1,1,0,1,90,,4,3,0,0,1,39.0,27.0,,,1,1,1,1,4
202100025840,2021-08-02 17:05:00,2021,8,2,17,5,13,13015,A51-Sens Aix en Provence vers Marseille,43.432,5.393,Plein jour,Hors agglomération,Hors intersection,Normale,Trois véhicules et plus - en chaîne,1,1,3,0,1,1,1,0,1,110,,5,3,0,0,2,26.0,26.0,,,1,1,1,1,4
202100025841,2021-05-02 16:45:00,2021,5,2,16,45,13,13019,A51-Sens Aix en Provence vers Marseille,43.4241,5.37457,Plein jour,Hors agglomération,Hors intersection,Normale,Deux véhicules - arrière,1,-1,4,0,1,1,1,0,1,90,,2,1,0,0,1,36.0,59.0,,,1,1,1,1,2
202100025842,2021-08-02 02:50:00,2021,8,2,2,50,13,13043,A55-Sens Martigues vers Marseille,43.38525,5.23852,Nuit sans éclairage public,Hors agglomération,Hors intersection,Normale,Sans collision,1,3,2,0,1,1,1,0,3,110,,2,0,0,0,2,21.0,,,,3,1,1,1,7
202100025843,2021-07-30 19:40:00,2021,7,30,19,40,83,83027,A50,43.1750195329,5.7697120318,Plein jour,Hors agglomération,Hors intersection,Normale,Deux véhicules - côté,1,3,6,0,1,1,1,0,1,130,,2,0,0,1,1,57.0,56.0,,,1,1,1,1,3
202100025844,2021-07-30 12:50:00,2021,7,30,12,50,83,83137,A50,43.126608,5.892343,Plein jour,Hors agglomération,Hors intersection,Normale,Deux véhicules - côté,1,3,7,0,1,1,1,0,1,70,,3,2,0,0,1,63.0,63.0,,,1,1,1,1,3
202100025845,2021-07-31 23:55:00,2021,7,31,23,55,69,69029,RD383   7.640 A 11.044,45.7386423155,4.90447488,Nuit avec éclairage allumé,Hors agglomération,Hors intersection,Pluie légère,Deux véhicules - arrière,7,3,8,0,1,2,2,0,1,70,,3,1,0,0,2,,31.0,,,5,1,1,2,2
202100025846,2021-08-03 15:10:00,2021,8,3,15,10,91,91589,AUTOROUTE A6,48.67507,2.34152,Plein jour,Hors agglomération,Hors intersection,Normale,Deux véhicules - arrière,1,3,3,0,1,1,1,0,1,110,,2,1,0,0,1,59.0,23.0,,,1,1,1,1,2
202100025847,2021-08-03 12:50:00,2021,8,3,12,50,91,91174,RN 104,48.6221,2.4638,Plein jour,Hors agglomération,Hors intersection,Pluie légère,Deux véhicules - côté,2,1,3,0,1,1,2,0,1,90,,2,1,0,0,1,39.0,35.0,,,1,1,1,2,3
202100025848,2021-08-03 18:00:00,2021,8,3,18,0,92,92036,A86,48.9351292754,2.2839515454,Plein jour,Hors agglomération,Hors intersection,Normale,Autre collision,1,-1,2,0,1,1,1,0,1,90,,1,0,0,0,1,38.0,,,,1,1,1,1,6
202100025849,2021-08-03 15:50:00,2021,8,3,15,50,93,93066,AUTOROUTE A1,48.93367,2.38067,Plein jour,Hors agglomération,Hors intersection,Normale,Deux véhicules - côté,1,3,10,0,1,1,1,0,1,90,,2,1,0,0,1,36.0,,,,1,1,1,1,3
202100025850,2021-08-03 04:00:00,2021,8,3,4,0,93,93064,AUTOROUTE A86,48.87263,2.4807,Nuit sans éclairage public,Hors agglomération,Hors intersection,Pluie légère,Autre collision,1,3,6,0,2,2,2,3,1,90,,2,0,0,0,2,47.0,28.0,,,3,1,1,2,6
202100025851,2021-08-02 21:34:00,2021,8,2,21,34,93,93027,AUTOROUTE A86,48.92749,2.40347,Nuit sans éclairage public,Hors agglomération,Hors intersection,Pluie légère,Autre collision,1,3,4,0,1,2,2,0,1,50,,1,0,0,0,1,26.0,,,,3,1,1,2,6
202100025852,2021-08-02 07:00:00,2021,8,2,7,0,95,95252,A15,48.98309,2.21899,Plein jour,Hors agglomération,Hors intersection,Normale,Autre collision,1,3,6,0,1,1,1,0,1,110,,1,0,0,0,1,55.0,,,,1,1,1,1,6
202100025853,2021-08-03 11:00:00,2021,8,3,11,0,77,77468,A104,48.84832,2.66184,Plein jour,Hors agglomération,Hors intersection,Normale,Deux véhicules - arrière,1,3,6,0,1,1,1,0,1,90,,2,1,0,0,1,26.0,50.0,,,1,1,1,1,2
202100025854,2021-08-02 11:30:00,2021,8,2,11,30,94,94073,A86 INT,48.7639305386,2.3806452928,Plein jour,Hors agglomération,Hors intersection,Normale,Trois véhicules et plus - en chaîne,1,3,6,0,1,1,1,1,1,90,,9,7,0,0,2,48.0,30.0,,,1,1,1,1,4
202100025855,2021-03-27 14:50:00,2021,3,27,14,50,38,38565,Avenue Henri Chapays,45.29812,5.635718,Plein jour,En agglomération,Hors intersection,Normale,Autre collision,3,2,2,0,2,1,1,0,1,30,,2,1,0,0,1,19.0,,,,1,2,1,1,6
202100025856,2021-03-24 17:00:00,2021,3,24,17,0,38,38095,Chemin des Taillis,45.14176,5.24975,Plein jour,Hors agglomération,Hors intersection,Normale,Sans collision,4,2,1,0,1,1,9,0,8,-1,,1,0,1,0,0,14.0,,,,1,1,1,1,7
202100025857,2021-03-24 12:10:00,2021,3,24,12,10,38,38269,Rue du Breuil,44.906469,5.787842,Plein jour,En agglomération,Intersection en T,Normale,Deux véhicules - arrière,3,2,2,0,1,1,1,0,1,50,,2,1,0,0,1,52.0,33.0,,,1,2,3,1,2
202100025858,2021-03-27 21:20:00,2021,3,27,21,20,38,38342,RD 1075,44.900648,5.616033,Nuit avec éclairage allumé,Hors agglomération,Hors intersection,Normale,Sans collision,3,2,2,0,1,3,1,0,8,50,,2,0,0,1,1,29.0,,,,5,1,1,1,7
202100025859,2021-03-29 09:00:00,2021,3,29,9,0,38,38158,Rue Francois Quesnay,45.14844,5.73556,Plein jour,En agglomération,Giratoire,Temps éblouissant,Autre collision,7,1,2,1,1,3,1,0,5,50,,2,1,0,0,1,69.0,,,,1,2,6,7,6
202100025860,2021-03-19 17:50:00,2021,3,19,17,50,38,38087,Avenue de Nor-hadjin,45.581232,4.796847,Plein jour,En agglomération,Intersection en X,Normale,Trois véhicules et plus - collisions multiples,3,2,2,0,1,1,1,0,1,50,,7,4,0,0,3,21.0,36.0,,,1,2,2,1,5
202100025861,2021-03-30 17:45:00,2021,3,30,17,45,38,38463,Route de Rossat,45.179851,5.359078,Plein jour,Hors agglomération,Hors intersection,Temps éblouissant,Deux véhicules - frontale,4,2,2,0,1,1,1,0,1,50,,2,1,0,1,0,19.0,7.0,,,1,1,1,7,1
202100025862,2021-03-14 17:57:00,2021,3,14,17,57,38,38032,route neuve,45.329695,5.122204,Plein jour,Hors agglomération,Hors intersection,Normale,Deux véhicules - côté,3,2,2,0,2,2,1,0,1,80,,2,1,0,1,0,15.0,47.0,,,1,1,1,1,3
202100025863,2021-03-14 14:00:00,2021,3,14,14,0,38,38140,Rue des Echelles,45.28068,5.89476,Plein jour,Hors agglomération,Hors intersection,Pluie légère,Sans collision,4,2,2,0,1,2,2,0,3,50,,1,0,0,1,0,54.0,,,,1,1,1,2,7
202100025864,2021-03-13 18:15:00,2021,3,13,18,15,38,38124,Route de la Chèvre,45.605692,5.564356,Crépuscule ou aube,Hors agglomération,Hors intersection,Pluie légère,Autre collision,3,2,2,0,1,3,2,0,3,80,,2,0,0,0,2,19.0,,,,2,1,1,2,6
202100025865,2021-03-10 15:30:00,2021,3,10,15,30,38,38547,Avenue Robert Huant,45.26286,5.90198,Plein jour,En agglomération,Passage à niveau,Normale,Autre collision,3,2,2,0,1,1,1,4,8,-1,,2,1,1,0,0,45.0,,,,1,2,8,1,6
202100025866,2021-03-09 15:15:00,2021,3,9,15,15,38,38158,Rue Montesquieu,45.14539,5.742792,Plein jour,En agglomération,Hors intersection,Normale,Deux véhicules - côté,4,-1,2,0,2,1,1,9,1,50,,2,1,0,1,0,75.0,22.0,,,1,2,1,1,3
202100025867,2021-08-02 15:00:00,2021,8,2,15,0,92,92024,GENERAL LECLERC (BD DU) DE (61 A 9),48.8999679818,2.3180669546,Plein jour,En agglomération,Intersection en T,Temps couvert,Autre collision,4,2,2,0,1,1,1,0,1,50,,2,1,0,0,1,35.0,,,,1,2,3,8,6
202100025868,2021-08-02 22:29:00,2021,8,2,22,29,75,75120,RUE DES FRERES FLAVIEN,48.877375,2.411533,Nuit sans éclairage public,En agglomération,Hors intersection,Pluie légère,Deux véhicules - frontale,4,2,2,0,1,1,2,0,1,50,,2,1,0,0,1,38.0,53.0,,,3,2,1,2,1
202100025869,2021-08-02 20:35:00,2021,8,2,20,35,75,75119,RUE GASTON TESSIER,48.895976,2.374006,Crépuscule ou aube,En agglomération,Intersection en T,Pluie forte,Autre collision,4,2,1,0,1,1,2,0,1,50,,2,1,0,1,0,34.0,,,,2,2,3,3,6
202100025870,2021-08-02 10:05:00,2021,8,2,10,5,75,75119,AVENUE SECRETAN,48.881255,2.373234,Plein jour,En agglomération,Intersection en X,Normale,Deux véhicules - côté,4,2,3,0,1,1,1,8,1,50,,2,1,0,0,1,18.0,53.0,,,1,2,2,1,3
202100025871,2021-08-02 00:10:00,2021,8,2,0,10,75,75119,AVENUE JEAN JAURES,48.88848,2.391941,Nuit avec éclairage allumé,En agglomération,Intersection en T,Normale,Deux véhicules - côté,4,-1,2,0,1,1,1,0,1,50,,3,2,0,0,1,24.0,27.0,,,5,2,3,1,3
202100025872,2021-08-01 22:07:00,2021,8,1,22,7,75,75116,ROUTE DE SEVRES A NEUILLY,48.87536,2.249577,Nuit avec éclairage allumé,En agglomération,Intersection en T,Normale,Deux véhicules - arrière,4,3,4,0,1,1,1,0,1,50,,3,2,0,0,1,34.0,22.0,,,5,2,3,1,2
202100025873,2021-07-31 22:45:00,2021,7,31,22,45,75,75116,ROUTE DE LA MUETTE A NEUILLY,48.864571252,2.2664827108,Nuit avec éclairage allumé,En agglomération,Intersection en T,Normale,Deux véhicules - arrière,4,1,2,0,1,2,1,0,1,50,,5,4,0,0,1,19.0,34.0,,,5,2,3,1,2
202100025874,2021-08-02 09:40:00,2021,8,2,9,40,75,75114,RUE DU COMMANDANT RENE MOUCHOTTE,48.839817,2.321519,Plein jour,En agglomération,Intersection en T,Normale,Deux véhicules - côté,4,3,1,0,1,1,1,0,1,50,,2,1,0,0,1,41.0,38.0,,,1,2,3,1,3
202100025875,2021-08-01 16:45:00,2021,8,1,16,45,75,75101,RUE DE RIVOLI,48.862732,2.335245,Plein jour,En agglomération,Intersection en T,Normale,Deux véhicules - côté,4,2,3,1,1,1,1,0,1,30,,2,1,0,0,1,62.0,30.0,,,1,2,3,1,3
202100025876,2021-08-02 04:35:00,2021,8,2,4,35,94,94067,Avenue Gallieni,48.84658,2.41647,Nuit avec éclairage allumé,En agglomération,Intersection en X,Normale,Autre collision,3,3,4,0,1,1,1,0,1,50,,2,1,0,0,1,55.0,,,,5,2,2,1,6
202100025877,2021-08-02 04:45:00,2021,8,2,4,45,94,94002,BLANQUI (QU),48.8034,2.41312,Nuit avec éclairage allumé,En agglomération,Intersection en T,Normale,Deux véhicules - côté,3,2,2,0,1,1,1,0,1,50,,4,0,0,2,2,22.0,27.0,,,5,2,3,1,3
202100025878,2021-08-02 18:00:00,2021,8,2,18,0,93,93072,MAXIME GORKI (BOULEVARD) DES N°89 A ...,48.9495,2.38597,Plein jour,En agglomération,Intersection en T,Normale,Deux véhicules - frontale,3,2,2,0,1,1,1,0,1,50,,2,1,0,0,1,60.0,29.0,,,1,2,3,1,1
202100025879,2021-08-01 21:15:00,2021,8,1,21,15,93,93064,Rue Laënnec,48.878085,2.497837,Plein jour,En agglomération,Autre intersection,Normale,Deux véhicules - côté,4,2,2,0,2,2,1,0,1,50,,2,1,0,0,1,22.0,64.0,,,1,2,9,1,3
202100025880,2021-08-02 15:20:00,2021,8,2,15,20,93,93046,Avenue Camille Desmoulins,48.911567,2.524347,Plein jour,En agglomération,Hors intersection,Normale,Trois véhicules et plus - en chaîne,3,2,2,0,1,1,1,0,1,50,,3,2,0,0,1,40.0,61.0,,,1,2,1,1,4
202100025881,2021-08-02 08:48:00,2021,8,2,8,48,93,93047,JEAN JAURES (AVENUE),48.898849,2.546515,Plein jour,En agglomération,Intersection en X,Temps couvert,Deux véhicules - côté,3,2,3,0,1,1,1,0,1,50,,2,1,0,0,1,30.0,28.0,,,1,2,2,8,3
202100025882,2021-08-02 05:30:00,2021,8,2,5,30,93,93057,ATHENES (allée d'),48.911646,2.493483,Crépuscule ou aube,En agglomération,Hors intersection,Normale,Autre collision,4,2,-1,0,1,1,1,0,1,50,,2,1,0,0,1,,,,,2,2,1,1,6
202100025883,2021-08-02 18:25:00,2021,8,2,18,25,93,93007,8 MAI 45 (AVENUE DU 184 AU 240)  Z1,48.95182,2.44096,Plein jour,En agglomération,Hors intersection,Normale,Deux véhicules - côté,3,3,2,0,1,1,1,0,1,50,,2,1,0,1,0,34.0,48.0,,,1,2,1,1,3
202100025884,2021-08-01 14:15:00,2021,8,1,14,15,93,93005,Rdpt des Droits de l'Homme,48.9300788743,2.4811875056,Plein jour,En agglomération,Autre intersection,Normale,Deux véhicules - côté,3,1,2,0,1,1,1,5,1,50,,3,0,0,0,3,49.0,42.0,,,1,2,9,1,3
202100025885,2021-08-02 11:00:00,2021,8,2,11,0,92,92064,CALVAIRE,48.8482865927,2.2188234554,Plein jour,En agglomération,Hors intersection,Normale,Autre collision,4,1,1,0,1,1,1,0,1,50,,2,1,0,0,1,24.0,,,,1,2,1,1,6
202100025886,2021-07-31 19:45:00,2021,7,31,19,45,92,92063,SOLFERINO (BOULEVARD),48.87454,2.18361,Plein jour,En agglomération,Hors intersection,Normale,Deux véhicules - frontale,3,2,2,0,1,1,1,0,1,50,,2,0,0,0,2,33.0,37.0,,,1,2,1,1,1
202100025887,2021-08-02 14:00:00,2021,8,2,14,0,92,92050,PICASSO PABLO AVENUE,48.8907521392,2.2159052817,Plein jour,En agglomération,Hors intersection,Normale,Autre collision,4,2,2,1,1,1,1,0,1,50,,2,1,0,0,1,31.0,15.0,,,1,2,1,1,6
202100025888,2021-08-02 21:04:00,2021,8,2,21,4,92,92023,GENERAL DE GAULLE (AVENUE DU),48.785464,2.251717,Nuit avec éclairage allumé,En agglomération,Hors intersection,Pluie légère,Autre collision,3,3,2,0,1,1,2,0,4,50,,1,0,0,0,1,19.0,,,,5,2,1,2,6
202100025889,2021-08-02 12:45:00,2021,8,2,12,45,11,11032,Chemin du Cimetiere,43.112834,2.055554,Plein jour,Hors agglomération,Hors intersection,Normale,Autre collision,4,1,1,0,2,1,1,2,8,50,,1,0,0,1,0,17.0,,,,1,1,1,1,6
202100025890,2021-08-03 09:15:00,2021,8,3,9,15,71,71007,RD 14 - route de Cortevaix Bois Dernier,46.5365100658,4.6802891634,Plein jour,Hors agglomération,Hors intersection,Pluie légère,Sans collision,3,2,2,0,1,1,2,0,1,70,,1,0,0,0,1,19.0,,,,1,1,1,2,7
202100025891,2021-08-03 03:15:00,2021,8,3,3,15,41,41262,Avenue des Ponts d’Arian,47.542367,1.511357,Nuit sans éclairage public,Hors agglomération,Hors intersection,Normale,Autre collision,3,2,2,0,1,1,1,0,1,70,,1,0,0,1,0,18.0,,,,3,1,1,1,6
202100025892,2021-07-25 18:49:00,2021,7,25,18,49,95,95487,RD 301,49.1487,2.248517,Plein jour,Hors agglomération,Hors intersection,Pluie légère,Trois véhicules et plus - en chaîne,3,3,3,0,1,1,2,8,1,-1,,3,2,0,0,1,33.0,28.0,,,1,1,1,2,4
202100025893,2021-07-30 09:50:00,2021,7,30,9,50,18,18241,route communale 5,47.325803,2.814651,Plein jour,Hors agglomération,Hors intersection,Normale,Sans collision,4,2,2,0,2,1,1,0,8,70,,1,0,0,1,0,84.0,,,,1,1,1,1,7
202100025894,2021-08-02 17:07:00,2021,8,2,17,7,974,97405,Rue Mahe de la Bourdonnais,-21.355284,55.564966,Plein jour,En agglomération,Hors intersection,Normale,Deux véhicules - frontale,9,2,2,0,2,2,1,0,1,50,,2,1,0,1,0,28.0,,,,1,2,1,1,1
202100025895,2021-08-01 18:25:00,2021,8,1,18,25,972,97231,L Anse à l Âne,14.538511,-61.066968,Crépuscule ou aube,En agglomération,Hors intersection,Normale,Deux véhicules - frontale,3,2,2,0,2,2,1,0,1,-1,,2,0,0,0,2,52.0,23.0,,,2,2,1,1,1
202100025896,2021-08-01 12:30:00,2021,8,1,12,30,12,12096,Place Saint-Georges,44.520458,2.762032,Plein jour,En agglomération,Place,Normale,Autre collision,9,1,1,0,1,1,1,9,4,50,,2,1,0,0,1,75.0,,,,1,2,7,1,6
202100025897,2021-08-02 17:50:00,2021,8,2,17,50,58,58187,D907,47.459375,2.931118,Plein jour,Hors agglomération,Hors intersection,Normale,Deux véhicules - arrière,3,2,3,0,1,1,1,0,1,80,,3,1,1,1,0,21.0,41.0,,,1,1,1,1,2
202100025898,2021-08-01 05:30:00,2021,8,1,5,30,19,19043,La Chapelle-aux-Brocs,45.1401757253,1.6404386625,Crépuscule ou aube,Hors agglomération,Hors intersection,Normale,Autre collision,3,1,2,0,1,3,1,0,3,90,,1,0,0,1,0,36.0,,,,2,1,1,1,6
202100025899,2021-08-02 12:50:00,2021,8,2,12,50,78,78530,Allée des Marronniers,48.909408,1.684999,Plein jour,Hors agglomération,Intersection en T,Normale,Autre collision,4,2,2,0,1,1,1,0,3,50,,1,0,0,1,0,59.0,,,,1,1,3,1,6
202100025900,2021-07-22 09:55:00,2021,7,22,9,55,80,80620,Rue Saint-Fursy,49.929,2.934342,Plein jour,En agglomération,Hors intersection,Normale,Autre collision,3,2,2,0,1,1,1,0,1,50,,2,1,0,0,1,56.0,,,,1,2,1,1,6
202100025901,2021-08-02 22:15:00,2021,8,2,22,15,69,69088,MARRONIERS (DES) (AV),45.821573,4.86241,Nuit avec éclairage allumé,En agglomération,Intersection en T,Normale,Deux véhicules - côté,7,3,2,0,1,1,1,0,1,50,,3,1,0,0,2,21.0,43.0,,,5,2,3,1,3
202100025902,2021-08-03 09:00:00,2021,8,3,9,0,71,71422,intersection RD 49 / RD18,46.695915,4.761404,Plein jour,Hors agglomération,Intersection en X,Pluie légère,Deux véhicules - côté,3,2,2,0,1,1,2,0,1,80,,2,1,0,1,0,73.0,19.0,,,1,1,2,2,3
202100025903,2021-08-02 18:45:00,2021,8,2,18,45,12,12241,Lieu Dit Laubart le Vieux,44.34608,2.609843,Plein jour,Hors agglomération,Hors intersection,Normale,Autre collision,4,2,2,0,1,1,1,0,3,80,,2,0,0,0,2,27.0,,,,1,1,1,1,6
202100025904,2021-08-03 09:45:00,2021,8,3,9,45,34,34119,D908,43.592681,3.107076,Plein jour,En agglomération,Giratoire,Normale,Deux véhicules - frontale,3,4,3,0,1,4,1,0,1,50,,2,1,0,1,0,17.0,57.0,,,1,2,6,1,1
202100025905,2021-08-02 12:50:00,2021,8,2,12,50,22,22207,La Garenne,48.590816,-3.495991,Plein jour,Hors agglomération,Hors intersection,Normale,Sans collision,3,2,2,0,1,2,1,0,3,80,,1,0,0,1,0,89.0,,,,1,1,1,1,7
202100025906,2021-06-11 23:00:00,2021,6,11,23,0,44,44069,Route de la Baule,47.310518,-2.409149,Nuit sans éclairage public,Hors agglomération,Hors intersection,Normale,Deux véhicules - arrière,3,2,2,0,1,1,1,0,1,80,,3,1,0,0,2,21.0,19.0,,,3,1,1,1,2
202100025907,2021-08-03 01:10:00,2021,8,3,1,10,44,44012,La blinière,47.09564,-2.036002,Nuit sans éclairage public,Hors agglomération,Hors intersection,Normale,Trois véhicules et plus - collisions multiples,3,3,2,0,1,1,1,0,1,80,,3,0,0,2,1,16.0,17.0,,,3,1,1,1,5
202100025908,2021-08-02 12:00:00,2021,8,2,12,0,29,29167,Penfrat Huella,47.964612,-4.308894,Plein jour,Hors agglomération,Hors intersection,Normale,Deux véhicules - côté,3,2,2,0,1,3,1,0,1,80,,2,1,0,0,1,32.0,56.0,,,1,1,1,1,3
202100025909,2021-07-01 15:30:00,2021,7,1,15,30,31,31247,Route de la Fontaine,43.082404,0.677937,Plein jour,En agglomération,Hors intersection,Normale,Deux véhicules - côté,4,2,2,0,1,1,1,0,1,50,,2,1,0,1,0,51.0,20.0,,,1,2,1,1,3
202100025910,2021-08-03 16:15:00,2021,8,3,16,15,03,03110,Chemin de Pouzat,46.125404,3.363286,Plein jour,Hors agglomération,Hors intersection,Pluie légère,Sans collision,3,2,1,0,2,2,2,0,3,80,,1,0,1,0,0,56.0,,,,1,1,1,2,7
202100025911,2021-08-02 18:40:00,2021,8,2,18,40,15,15074,N122,44.92953,2.505484,Plein jour,Hors agglomération,Intersection en Y,Normale,Deux véhicules - frontale,2,3,2,0,2,1,1,5,1,80,,3,2,0,1,0,36.0,30.0,,,1,1,4,1,1
202100025912,2021-08-02 18:10:00,2021,8,2,18,10,01,01199,"Rue Samuel Pery, la route",46.053403,5.388207,Plein jour,En agglomération,Hors intersection,Normale,Deux véhicules - côté,3,2,2,0,1,1,1,0,1,50,,2,0,1,0,1,39.0,54.0,,,1,2,1,1,3
202100025913,2021-08-03 07:50:00,2021,8,3,7,50,70,70405,"RN57, PK 61 + 500",47.489652,6.105158,Plein jour,Hors agglomération,Hors intersection,Normale,Trois véhicules et plus - collisions multiples,2,2,2,0,1,1,2,0,1,80,,3,1,1,1,0,43.0,56.0,,,1,1,1,1,5
202100025914,2021-07-29 09:35:00,2021,7,29,9,35,72,72381,Les Tamaris,47.9284230391,0.1017340421,Plein jour,Hors agglomération,Giratoire,Normale,Deux véhicules - côté,3,2,2,0,1,1,1,5,1,90,,2,1,0,0,1,39.0,26.0,,,1,1,6,1,3
202100025915,2021-08-03 07:50:00,2021,8,3,7,50,05,05115,"Départementale 900  , PK 15+900",44.4678,6.158448,Plein jour,Hors agglomération,Hors intersection,Normale,Sans collision,3,2,2,0,1,3,1,0,3,90,,1,0,0,1,0,38.0,,,,1,1,1,1,7
202100025916,2021-08-02 18:15:00,2021,8,2,18,15,50,50483,Rue de la Mer,49.104114,-1.18162,Plein jour,Hors agglomération,Hors intersection,Normale,Trois véhicules et plus - collisions multiples,3,2,2,0,1,1,1,0,1,80,,5,4,0,0,1,51.0,68.0,,,1,1,1,1,5
202100025917,2021-08-03 17:00:00,2021,8,3,17,0,21,21203,route départementale D4K,47.451548492,4.1769044151,Plein jour,En agglomération,Hors intersection,Pluie légère,Deux véhicules - frontale,3,2,2,0,1,2,2,0,1,80,,3,0,0,1,2,21.0,35.0,,,1,2,1,2,1
202100025918,2021-07-31 17:35:00,2021,7,31,17,35,30,30073,D6086,43.978661,4.575071,Plein jour,Hors agglomération,Intersection en T,Normale,Sans collision,3,2,1,0,2,1,1,0,1,80,,1,0,0,1,0,24.0,,,,1,1,3,1,7
202100025919,2021-08-03 15:45:00,2021,8,3,15,45,48,48061,D16,44.323691,3.58709,Plein jour,Hors agglomération,Hors intersection,Normale,Autre collision,3,2,2,0,2,4,1,0,8,80,,1,0,0,0,1,49.0,,,,1,1,1,1,6
202100025920,2021-08-03 15:50:00,2021,8,3,15,50,08,08206,RD 40,49.801551,4.58154,Plein jour,Hors agglomération,Hors intersection,Normale,Deux véhicules - frontale,3,2,2,0,2,3,1,0,1,80,,2,1,0,1,0,38.0,56.0,,,1,1,1,1,1
202100025921,2021-07-25 18:55:00,2021,7,25,18,55,973,97307,RN1,4.891193,-52.337408,Nuit sans éclairage public,Hors agglomération,Autre intersection,Normale,Autre collision,2,3,1,0,1,1,1,0,2,80,,2,1,0,1,0,,,,,3,1,9,1,6
202100025922,2021-08-03 13:50:00,2021,8,3,13,50,31,31421,route departementale 820,43.484174,1.400692,Plein jour,Hors agglomération,Hors intersection,Normale,Deux véhicules - arrière,3,3,4,0,1,1,1,0,1,70,,2,1,0,1,0,21.0,23.0,,,1,1,1,1,2
202100025923,2021-06-28 21:51:00,2021,6,28,21,51,95,95678,RN184,49.072615,2.239988,Crépuscule ou aube,Hors agglomération,Hors intersection,Normale,Trois véhicules et plus - collisions multiples,2,1,2,0,2,2,8,0,1,90,,3,2,0,1,0,53.0,39.0,,,2,1,1,1,5
202100025924,2021-08-03 03:45:00,2021,8,3,3,45,33,33122,Chemin Dubourdieu,44.749397,-0.739906,Crépuscule ou aube,Hors agglomération,Hors intersection,Normale,Autre collision,4,2,2,0,1,1,1,0,3,80,,1,0,0,1,0,34.0,,,,2,1,1,1,6
202100025925,2021-08-01 21:30:00,2021,8,1,21,30,06,06085,Route d Antibes,43.602588,7.027066,Nuit sans éclairage public,Hors agglomération,Hors intersection,Normale,Trois véhicules et plus - collisions multiples,3,3,2,1,2,1,1,0,1,70,,4,2,0,0,2,33.0,28.0,,,3,1,1,1,5
202100025926,2021-08-02 21:00:00,2021,8,2,21,0,34,34172,A709,43.606387,3.93332,Plein jour,Hors agglomération,Autre intersection,Normale,Autre collision,1,-1,1,0,2,3,1,3,3,50,,1,0,0,1,0,32.0,,,,1,1,9,1,6
202100025927,2021-08-03 10:20:00,2021,8,3,10,20,30,30189,"A 54, PK 1+200",43.808912,4.347872,Plein jour,Hors agglomération,Hors intersection,Normale,Deux véhicules - arrière,1,2,2,0,1,1,1,0,1,130,,3,2,0,0,1,77.0,49.0,,,1,1,1,1,2
202100025928,2021-08-03 08:30:00,2021,8,3,8,30,38,38553,D36,45.602764,5.155592,Plein jour,Hors agglomération,Intersection en T,Temps couvert,Deux véhicules - frontale,3,2,3,0,2,1,1,0,1,70,,9,4,1,0,4,45.0,90.0,,,1,1,3,8,1
202100025929,2021-08-03 06:30:00,2021,8,3,6,30,77,77333,"Autoroute A6, PK 073+100, Direction Province/PARIS",48.267476,2.718945,Crépuscule ou aube,Hors agglomération,Hors intersection,Pluie forte,Deux véhicules - arrière,1,3,4,0,2,1,2,0,1,110,,8,5,0,0,3,55.0,52.0,,,2,1,1,3,2