accident_id,datetime,annee,mois,jour,heure,minute,departement,commune_insee,adresse,latitude,longitude,luminosite,agglomeration,intersection,meteo,collision,catr,circ,nbv,vosp,prof,plan,surf,infra,situ,vma,nb_vehicules,nb_usagers,nb_indemnes,nb_tues,nb_blesses_hosp,nb_blesses_legers,age_cond_1,age_cond_2,veh_type_cond_1,veh_type_cond_2,lum_code,agg_code,int_code,atm_code,col_code
202100025930,2021-07-03 20:00:00,2021,7,3,20,0,988,98814,Tribu de QANONO,-20.915176,167.263048,Nuit avec éclairage allumé,En agglomération,Hors intersection,Pluie légère,Deux véhicules - côté,2,2,2,0,1,1,2,0,1,30,,5,2,0,0,3,32.0,42.0,,,5,2,1,2,3
202100025931,2021-08-03 13:25:00,2021,8,3,13,25,37,37004,,47.1307715109,0.2978777254,Plein jour,Hors agglomération,Intersection en X,Pluie légère,Deux véhicules - côté,3,2,2,0,2,1,2,0,1,80,,3,0,0,1,2,39.0,31.0,,,1,1,2,2,3
202100025932,2021-08-02 12:00:00,2021,8,2,12,0,37,37003,Boulevard saint denis hors,47.3931521635,1.008934981,Plein jour,Hors agglomération,Hors intersection,Normale,Autre collision,3,2,2,0,1,1,1,0,3,90,,3,0,0,1,2,19.0,,,,1,1,1,1,6
202100025933,2021-08-03 17:35:00,2021,8,3,17,35,77,77176,Rue du 27 Aout,48.79885,2.997347,Plein jour,En agglomération,Hors intersection,Normale,Autre collision,3,2,2,0,1,1,2,0,1,50,,2,1,0,1,0,35.0,,,,1,2,1,1,6
202100025934,2021-08-02 21:15:00,2021,8,2,21,15,77,77091,RD 216 PK 20+600,48.743399,2.813101,Nuit sans éclairage public,Hors agglomération,Hors intersection,Pluie légère,Autre collision,3,2,2,0,1,2,2,0,3,80,,1,0,0,1,0,27.0,,,,3,1,1,2,6
202100025935,2021-08-03 17:25:00,2021,8,3,17,25,2A,2A247,Rue Henry Frenay,41.602573,9.278896,Plein jour,En agglomération,Hors intersection,Normale,Deux véhicules - arrière,3,2,2,0,1,1,1,0,1,50,,2,1,0,0,1,66.0,65.0,,,1,2,1,1,2
202100025936,2021-08-02 20:59:00,2021,8,2,20,59,34,34183,Boulevard de Cantaussel,43.28527,3.13002,Crépuscule ou aube,En agglomération,Hors intersection,Normale,Deux véhicules - arrière,4,2,2,0,1,1,1,0,1,50,,2,1,0,0,1,18.0,17.0,,,2,2,1,1,2
202100025937,2021-08-03 18:45:00,2021,8,3,18,45,83,83065,rd98,43.263949,6.618279,Plein jour,Hors agglomération,Hors intersection,Normale,Deux véhicules - frontale,3,2,2,1,1,1,1,0,1,70,,2,1,0,1,0,34.0,25.0,,,1,1,1,1,1
202100025938,2021-08-02 16:30:00,2021,8,2,16,30,04,04148,RD 2211,43.808154,6.671266,Plein jour,Hors agglomération,Hors intersection,Normale,Deux véhicules - arrière,3,-1,2,0,1,1,1,0,1,80,,4,1,0,0,3,50.0,57.0,,,1,1,1,1,2
202100025939,2021-07-30 11:30:00,2021,7,30,11,30,13,13016,Rue Jean Pourchier,43.397132,5.591375,Plein jour,En agglomération,Autre intersection,Normale,Deux véhicules - frontale,7,2,2,0,1,1,1,6,8,50,,2,1,0,0,1,51.0,,,,1,2,9,1,1
202100025940,2021-07-27 21:00:00,2021,7,27,21,0,67,67084,Rue de la Gare,48.323529,7.429676,Nuit avec éclairage allumé,En agglomération,Hors intersection,Pluie forte,Sans collision,3,2,2,1,1,1,2,6,4,50,,1,0,0,1,0,39.0,,,,5,2,1,3,7
202100025941,2021-08-02 18:45:00,2021,8,2,18,45,74,74056,Mte Charles Bozon,45.912553,6.852477,Plein jour,En agglomération,Hors intersection,Normale,Autre collision,4,1,1,0,2,1,1,0,1,50,,2,1,0,1,0,51.0,,,,1,2,1,1,6
202100025942,2021-08-02 18:15:00,2021,8,2,18,15,38,38156,Route Departementale 1085,45.536933,5.293546,Plein jour,Hors agglomération,Intersection en X,Normale,Deux véhicules - côté,3,2,2,0,2,1,1,5,1,70,,2,1,0,1,0,69.0,32.0,,,1,1,2,1,3
202100025943,2021-08-02 19:50:00,2021,8,2,19,50,01,01390,Allee des Cedres,45.8302056886,5.2797534662,Plein jour,Hors agglomération,Intersection en T,Normale,Deux véhicules - côté,4,1,2,3,1,1,1,0,1,30,,2,0,1,0,1,26.0,49.0,,,1,1,3,1,3
202100025944,2021-08-03 12:45:00,2021,8,3,12,45,86,86026,Lieu Dit le Grand Poncay,47.065951,0.163659,Plein jour,Hors agglomération,Hors intersection,Pluie légère,Deux véhicules - arrière,3,2,2,0,2,4,2,0,1,50,,2,1,1,0,0,51.0,58.0,,,1,1,1,2,2
202100025945,2021-08-03 19:20:00,2021,8,3,19,20,76,76535,chemin départemental 915,49.627913,1.485456,Plein jour,Hors agglomération,Intersection en T,Normale,Deux véhicules - arrière,3,2,2,0,1,1,1,0,1,80,,2,1,0,1,0,32.0,26.0,,,1,1,3,1,2
202100025946,2021-07-02 15:29:00,2021,7,2,15,29,13,13055,A507 sens Aubagne- Marseille,43.33,5.3985,Plein jour,Hors agglomération,Hors intersection,Normale,Deux véhicules - arrière,1,1,3,0,2,1,1,1,1,70,,3,2,0,0,1,24.0,25.0,,,1,1,1,1,2
202100025947,2021-08-02 08:30:00,2021,8,2,8,30,13,13071,A7-Sens Marseille vers Lyon,43.412615,5.281847,Plein jour,Hors agglomération,Hors intersection,Normale,Trois véhicules et plus - en chaîne,1,1,3,0,1,1,1,0,1,110,,4,3,0,0,1,54.0,33.0,,,1,1,1,1,4
202100025948,2021-08-01 22:55:00,2021,8,1,22,55,13,13214,A7-Sens Lyon vers Marseille,43.33746,5.37696,Nuit avec éclairage allumé,Hors agglomération,Hors intersection,Normale,Deux véhicules - arrière,1,1,4,0,1,1,1,0,1,90,,5,1,0,0,4,55.0,,,,5,1,1,1,2
202100025949,2021-08-02 06:00:00,2021,8,2,6,0,91,91377,RN20,48.71951,2.29887,Nuit avec éclairage non allumé,En agglomération,Hors intersection,Normale,Deux véhicules - arrière,3,3,2,0,1,1,1,0,1,50,,2,1,0,0,1,,44.0,,,4,2,1,1,2
202100025950,2021-08-02 13:10:00,2021,8,2,13,10,92,92050,A86,48.9065760454,2.211009264,Plein jour,Hors agglomération,Hors intersection,Normale,Sans collision,1,-1,3,0,1,1,1,0,1,90,,1,0,0,0,1,63.0,,,,1,1,1,1,7
202100025951,2021-08-02 09:15:00,2021,8,2,9,15,92,92025,A86,48.9227631754,2.2275204652,Plein jour,Hors agglomération,Hors intersection,Normale,Deux véhicules - côté,1,1,2,0,1,1,1,0,1,90,,2,1,0,0,1,23.0,35.0,,,1,1,1,1,3
202100025952,2021-08-02 09:00:00,2021,8,2,9,0,78,78043,A12 W,48.824534,2.074272,Plein jour,Hors agglomération,Hors intersection,Normale,Deux véhicules - arrière,1,-1,4,0,1,1,1,0,1,110,,2,1,0,1,0,37.0,63.0,,,1,1,1,1,2
202100025953,2021-08-02 22:00:00,2021,8,2,22,0,93,93027,AUTOROUTE A86,48.92852,2.41348,Nuit sans éclairage public,Hors agglomération,Hors intersection,Pluie légère,Sans collision,1,3,8,0,2,2,2,0,1,70,,2,0,0,0,2,20.0,,,,3,1,1,2,7
202100025954,2021-08-02 05:30:00,2021,8,2,5,30,92,92078,AUTOROUTE A86,48.9275406874,2.3326984048,Nuit sans éclairage public,Hors agglomération,Hors intersection,Normale,Autre collision,1,3,7,0,1,1,1,0,1,50,,2,1,0,0,1,25.0,,,,3,1,1,1,6
202100025955,2021-08-01 22:10:00,2021,8,1,22,10,93,93053,AUTOROUTE A3,48.89708,2.46964,Nuit sans éclairage public,Hors agglomération,Hors intersection,Normale,Sans collision,1,3,10,0,1,1,1,0,3,70,,3,2,0,1,0,,44.0,,,3,1,1,1,7
202100025956,2021-08-02 18:30:00,2021,8,2,18,30,94,94022,A86 EXT,48.7733811508,2.4011395508,Plein jour,Hors agglomération,Hors intersection,Normale,Trois véhicules et plus - en chaîne,1,1,2,0,1,1,1,0,1,50,,4,3,0,0,1,48.0,31.0,,,1,1,1,1,4
202100025957,2021-08-02 18:10:00,2021,8,2,18,10,77,77249,RN104,48.7312281445,2.6091964028,Plein jour,Hors agglomération,Hors intersection,Normale,Autre collision,2,3,2,0,1,1,1,0,1,90,,3,2,0,0,1,39.0,37.0,,,1,1,1,1,6
202100025958,2021-03-05 17:30:00,2021,3,5,17,30,38,38085,route de lyon,45.7528996665,5.1400828385,Plein jour,Hors agglomération,Hors intersection,Normale,Sans collision,3,2,2,0,1,3,1,0,1,70,,1,0,0,1,0,24.0,,,,1,1,1,1,7
202100025959,2021-08-01 16:06:00,2021,8,1,16,6,76,76282,BEAU SITE. RUE DU,49.3032358371,1.049797833,Plein jour,En agglomération,Hors intersection,Normale,Autre collision,4,2,1,3,2,1,1,0,1,80,,2,1,0,1,0,57.0,16.0,,,1,2,1,1,6
202100025960,2021-07-31 22:40:00,2021,7,31,22,40,988,98818,AVENUE DU GENERAL DE GAULLE,-22.2829,166.44449,Nuit avec éclairage allumé,En agglomération,Intersection en X,Normale,Deux véhicules - arrière,4,1,3,0,2,1,1,0,1,50,,3,1,0,0,2,36.0,52.0,,,5,2,2,1,2
202100025961,2021-07-31 18:10:00,2021,7,31,18,10,976,97611,m'tsapere-Nationale 2 (route),-12.79096,45.22262,Nuit sans éclairage public,Hors agglomération,Hors intersection,Normale,Deux véhicules - arrière,2,2,2,0,1,1,1,0,1,50,,2,1,0,0,1,23.0,41.0,,,3,1,1,1,2
202100025962,2021-08-01 02:45:00,2021,8,1,2,45,973,97302,GALMOT (ROND-POINT),4.93161,-52.32982,Nuit avec éclairage allumé,En agglomération,Hors intersection,Normale,Autre collision,2,3,2,0,1,3,1,0,1,50,,1,0,0,1,0,27.0,,,,5,2,1,1,6
202100025963,2021-08-01 21:40:00,2021,8,1,21,40,69,69383,BONNEL (DE) (R),45.7624310275,4.8554420471,Nuit avec éclairage allumé,En agglomération,Hors intersection,Normale,Trois véhicules et plus - en chaîne,4,1,2,0,2,1,1,1,1,50,,4,2,0,0,2,25.0,29.0,,,5,2,1,1,4
202100025964,2021-08-01 13:55:00,2021,8,1,13,55,69,69386,BELLECOMBE (DE) (R),45.76634,4.86345,Plein jour,En agglomération,Intersection en X,Normale,Deux véhicules - côté,4,1,1,2,1,1,1,0,1,50,,2,1,0,0,1,21.0,22.0,,,1,2,2,1,3
202100025965,2021-08-01 11:00:00,2021,8,1,11,0,972,97213,ROUTE NATIONALE 1,14.62574,-60.97886,Plein jour,Hors agglomération,Hors intersection,Normale,Deux véhicules - côté,2,3,1,0,1,2,1,0,1,50,,2,1,0,1,0,24.0,71.0,,,1,1,1,1,3
202100025966,2021-07-31 19:30:00,2021,7,31,19,30,69,69034,CANUTS (DES)                        (BD),45.78402,4.83135,Crépuscule ou aube,En agglomération,Intersection en X,Pluie légère,Deux véhicules - côté,4,2,2,0,3,1,2,0,1,50,,3,1,0,0,2,43.0,46.0,,,2,2,2,2,3
202100025967,2021-08-01 17:48:00,2021,8,1,17,48,95,95019,Avenue Henri Barbusse,48.9873,2.41497,Plein jour,En agglomération,Hors intersection,Normale,Sans collision,4,2,2,0,1,3,1,0,1,50,,1,0,0,0,1,69.0,,,,1,2,1,1,7
202100025968,2021-08-01 21:10:00,2021,8,1,21,10,95,95018,EPINAY (RUE D' ),48.9551838769,2.2891178727,Plein jour,En agglomération,Hors intersection,Normale,Autre collision,4,2,2,0,1,1,1,0,4,50,,4,1,0,2,1,,,,,1,2,1,1,6
202100025969,2021-08-01 22:09:00,2021,8,1,22,9,91,91027,AV FRANCOIS MITTERRAND,48.70332,2.37174,Nuit avec éclairage allumé,En agglomération,Hors intersection,Normale,Autre collision,3,3,4,0,1,1,1,0,1,50,,2,0,0,1,1,21.0,,,,5,2,1,1,6
202100025970,2021-08-01 11:03:00,2021,8,1,11,3,91,91286,1ERE ARMEE (AVENUE),48.654428,2.396888,Plein jour,En agglomération,Hors intersection,Normale,Deux véhicules - frontale,3,2,2,0,2,2,1,0,1,30,,2,1,0,1,0,42.0,58.0,,,1,2,1,1,1
202100025971,2021-08-01 14:25:00,2021,8,1,14,25,91,91223,LYS (RUE DES),48.43129,2.13649,Plein jour,En agglomération,Hors intersection,Normale,Sans collision,4,2,2,0,2,1,1,0,1,50,,1,0,0,1,0,52.0,,,,1,2,1,1,7
202100025972,2021-08-01 18:35:00,2021,8,1,18,35,83,83069,AVENUE RITONDALE LEOPOLD,43.1150285932,6.1371538638,Plein jour,Hors agglomération,Hors intersection,Normale,Trois véhicules et plus - en chaîne,3,3,4,0,1,1,1,0,1,50,,3,2,0,0,1,53.0,27.0,,,1,1,1,1,4
202100025973,2021-08-01 03:40:00,2021,8,1,3,40,77,77288,VOISENON  (ROUTE DE),48.556074,2.663289,Nuit sans éclairage public,Hors agglomération,Giratoire,Normale,Autre collision,3,3,4,-1,1,2,1,5,8,70,,2,0,0,0,2,29.0,,,,3,1,6,1,6
202100025974,2021-08-01 13:15:00,2021,8,1,13,15,74,74218,RIVE (AVENUE DE LA) RD 1005,46.38674,6.52115,Plein jour,Hors agglomération,Hors intersection,Normale,Deux véhicules - frontale,3,2,2,0,2,3,1,0,1,70,,3,1,0,0,2,21.0,79.0,,,1,1,1,1,1
202100025975,2021-08-01 20:00:00,2021,8,1,20,0,64,64284,AVENUE RAUSKI,43.2762,-0.3882,Plein jour,En agglomération,Intersection en T,Normale,Deux véhicules - arrière,2,2,2,0,1,1,1,0,1,50,,3,2,0,0,1,,30.0,,,1,2,3,1,2
202100025976,2021-08-01 19:55:00,2021,8,1,19,55,61,61397,SAINT BARTHELEMY (RUE DE),48.42201,0.05738,Plein jour,Hors agglomération,Hors intersection,Normale,Autre collision,3,-1,2,0,1,3,1,0,1,50,,2,0,0,1,1,28.0,,,,1,1,1,1,6
202100025977,2021-08-01 15:00:00,2021,8,1,15,0,59,59350,FAUBOURG D'ARRAS RUE,50.6076659879,3.0593745521,Plein jour,En agglomération,Hors intersection,Normale,Deux véhicules - côté,7,2,1,0,1,1,1,0,1,30,,2,1,0,1,0,82.0,60.0,,,1,2,1,1,3
202100025978,2021-07-31 13:05:00,2021,7,31,13,5,50,50502,SAINT JEAN,49.11087,-1.05755,Plein jour,En agglomération,Intersection en X,Pluie légère,Deux véhicules - côté,4,2,2,0,1,1,2,9,1,50,,2,1,0,1,0,57.0,47.0,,,1,2,2,2,3
202100025979,2021-08-01 20:30:00,2021,8,1,20,30,45,45234,42 Rue Emile Zola,47.9103255329,1.9079571962,Plein jour,En agglomération,Hors intersection,Normale,Autre collision,4,2,3,2,1,1,1,0,1,50,,4,3,0,1,0,19.0,,,,1,2,1,1,6
202100025980,2021-08-01 01:25:00,2021,8,1,1,25,45,45234,39 Rue du Faubourg de Bourgogne,47.901804,1.923945,Nuit avec éclairage allumé,En agglomération,Intersection en X,Normale,Deux véhicules - frontale,4,2,2,0,1,1,1,0,1,50,,2,0,0,0,2,27.0,48.0,,,5,2,2,1,1
202100025981,2021-07-31 23:00:00,2021,7,31,23,0,44,44172,PERIPHERIQUE,47.23512,-1.47798,Nuit sans éclairage public,Hors agglomération,Hors intersection,Normale,Deux véhicules - arrière,2,3,4,0,1,1,1,0,1,90,,3,1,1,0,1,21.0,29.0,,,3,1,1,1,2
202100025982,2021-08-01 10:15:00,2021,8,1,10,15,35,35238,PAPIER TIMBRE (DU),48.10441,-1.68306,Plein jour,En agglomération,Hors intersection,Normale,Deux véhicules - frontale,4,2,2,0,1,1,1,0,1,30,,2,1,0,1,0,42.0,80.0,,,1,2,1,1,1
202100025983,2021-07-31 11:45:00,2021,7,31,11,45,35,35238,HERVE (BD GAETAN),48.091186,-1.664811,Plein jour,En agglomération,Hors intersection,Normale,Autre collision,4,2,2,0,1,2,1,0,1,30,,1,0,0,0,1,25.0,,,,1,2,1,1,6
202100025984,2021-08-01 17:00:00,2021,8,1,17,0,33,33063,Boulevard Joliot-Curie,44.83456,-0.55195,Plein jour,En agglomération,Hors intersection,Normale,Trois véhicules et plus - en chaîne,4,3,6,2,3,1,1,2,1,50,,8,6,0,0,2,24.0,29.0,,,1,2,1,1,4
202100025985,2021-08-01 06:25:00,2021,8,1,6,25,33,33063,Boulevard du Président Wilson,44.85218,-0.59465,Nuit avec éclairage allumé,En agglomération,Hors intersection,Pluie légère,Autre collision,4,3,2,0,1,1,2,0,1,50,,4,2,0,0,2,19.0,,,,5,2,1,2,6
202100025986,2021-08-01 03:40:00,2021,8,1,3,40,33,33063,Rue Pierre Baour,44.890698,-0.546846,Nuit avec éclairage allumé,En agglomération,Intersection en X,Normale,Deux véhicules - côté,4,2,2,0,1,1,1,0,1,50,,3,1,0,0,2,,36.0,,,5,2,2,1,3
202100025987,2021-08-02 00:33:00,2021,8,2,0,33,31,31555,BD PIERRE ET MARIE CURIE,43.6261,1.43711,Nuit avec éclairage allumé,En agglomération,Intersection en Y,Normale,Deux véhicules - frontale,7,2,2,0,1,1,1,0,1,50,,2,1,0,0,1,,33.0,,,5,2,4,1,1
202100025988,2021-08-01 05:10:00,2021,8,1,5,10,31,31555,GRANDE BRETAGNE (AV DE) DU 39AU 306,43.603664,1.406855,Nuit avec éclairage allumé,En agglomération,Hors intersection,Pluie légère,Deux véhicules - côté,4,2,4,0,1,1,2,0,1,50,,2,1,0,0,1,28.0,,,,5,2,1,2,3
202100025989,2021-07-31 17:05:00,2021,7,31,17,5,30,30007,BILINA (QUAI),44.13051,4.07222,Plein jour,En agglomération,Intersection en T,Normale,Deux véhicules - côté,3,2,2,0,1,1,1,0,1,50,,2,1,0,1,0,27.0,42.0,,,1,2,3,1,3
202100025990,2021-07-31 19:45:00,2021,7,31,19,45,29,29232,Route du Loc H,48.0106,-4.09455,Plein jour,En agglomération,Hors intersection,Normale,Deux véhicules - arrière,4,2,2,0,1,1,1,0,1,50,,2,1,0,0,1,23.0,17.0,,,1,2,1,1,2
202100025991,2021-08-01 17:42:00,2021,8,1,17,42,29,29039,RD 122,47.878253,-3.856588,Plein jour,Hors agglomération,Hors intersection,Normale,Sans collision,3,2,2,0,1,1,1,0,1,70,,1,0,0,0,1,15.0,,,,1,1,1,1,7
202100025992,2021-07-31 16:45:00,2021,7,31,16,45,26,26198,Avenue du 14 Juillet 1789,44.554382,4.74369,Plein jour,En agglomération,Hors intersection,Normale,Deux véhicules - côté,4,2,2,0,1,1,1,0,1,50,,2,1,0,0,1,53.0,73.0,,,1,2,1,1,3
202100025993,2021-08-01 05:10:00,2021,8,1,5,10,25,25056,DOLE RUE DE (inf 82),47.23132,5.99733,Nuit avec éclairage allumé,En agglomération,Hors intersection,Normale,Autre collision,4,3,2,2,1,1,2,0,4,50,,2,1,0,0,1,,,,,5,2,1,1,6
202100025994,2021-07-31 17:30:00,2021,7,31,17,30,22,22113,SAINT MARC (RUE DE),48.7339402336,-3.4430359716,Plein jour,En agglomération,Hors intersection,Normale,Autre collision,4,2,2,0,1,1,1,9,1,50,,2,1,1,0,0,18.0,,,,1,2,1,1,6
202100025995,2021-08-01 14:27:00,2021,8,1,14,27,17,17291,33 PK RN11 NANTES ROCADE,46.17494,-1.11075,Plein jour,Hors agglomération,Hors intersection,Normale,Deux véhicules - arrière,2,3,4,0,1,1,1,0,1,70,,3,0,0,0,3,37.0,22.0,,,1,1,1,1,2
202100025996,2021-08-02 01:00:00,2021,8,2,1,0,13,13216,ESTAQUE PLAGE,43.3578,5.31947,Nuit avec éclairage allumé,En agglomération,Hors intersection,Normale,Deux véhicules - frontale,9,-1,2,0,1,1,1,9,4,50,,3,1,0,2,0,,,,,5,2,1,1,1
202100025997,2021-08-01 20:15:00,2021,8,1,20,15,13,13205,SAINT PIERRE (RUE),43.29255,5.40019,Plein jour,En agglomération,Intersection en X,Normale,Deux véhicules - côté,7,2,3,0,1,1,1,0,1,50,,3,1,0,0,2,42.0,42.0,,,1,2,2,1,3
202100025998,2021-08-01 20:30:00,2021,8,1,20,30,13,13205,LOUIS FRANGIN (RUE),43.29507,5.40671,Crépuscule ou aube,En agglomération,Hors intersection,Normale,Deux véhicules - côté,4,2,2,0,2,1,1,0,1,50,,2,1,0,1,0,21.0,19.0,,,2,2,1,1,3
202100025999,2021-08-01 15:30:00,2021,8,1,15,30,13,13208,RHONE (RUE DU),43.27899,5.38205,Plein jour,En agglomération,Intersection en X,Normale,Deux véhicules - côté,4,2,1,0,2,1,1,0,1,50,,2,0,0,0,2,46.0,39.0,,,1,2,2,1,3
202100026000,2021-08-01 13:05:00,2021,8,1,13,5,13,13205,LIBERATION (BOULEVARD),43.3008035067,5.3905386512,Plein jour,En agglomération,Hors intersection,Normale,Autre collision,4,2,2,0,1,1,1,0,1,50,,2,1,0,0,1,,,,,1,2,1,1,6
202100026001,2021-08-01 06:25:00,2021,8,1,6,25,09,09225,RIJOLE AVENUE DE LA,43.11851,1.62188,Crépuscule ou aube,En agglomération,Intersection en T,Temps couvert,Autre collision,4,2,2,1,1,3,2,0,8,30,,4,2,0,0,2,30.0,,,,2,2,3,8,6
202100026002,2021-07-31 10:10:00,2021,7,31,10,10,06,06123,VESPINS ROUTE DES,43.660272,7.180049,Plein jour,En agglomération,Hors intersection,Normale,Deux véhicules - frontale,7,2,3,0,1,1,1,0,1,50,,2,1,0,0,1,71.0,50.0,,,1,2,1,1,1
202100026003,2021-08-01 12:15:00,2021,8,1,12,15,06,06004,BORD DE MER RN.98 LA SIESTA,43.61191,7.12718,Plein jour,Hors agglomération,Hors intersection,Normale,Deux véhicules - côté,3,2,4,1,1,1,1,0,5,50,,2,1,0,0,1,65.0,25.0,,,1,1,1,1,3
202100026004,2021-06-04 15:25:00,2021,6,4,15,25,04,04112,Inter ch. de robert / ch. des cabris,43.8205362052,5.7876756801,Plein jour,En agglomération,Intersection en T,Normale,Deux véhicules - côté,4,2,2,0,2,1,1,0,1,50,,2,1,0,0,1,,27.0,,,1,2,3,1,3
202100026005,2021-08-01 19:20:00,2021,8,1,19,20,75,75113,BOULEVARD PERIPHERIQUE EXTERIEUR SUD,48.819066,2.371901,Plein jour,En agglomération,Hors intersection,Normale,Trois véhicules et plus - collisions multiples,4,-1,4,0,1,1,1,0,1,70,,3,2,0,0,1,28.0,33.0,,,1,2,1,1,5
202100026006,2021-08-01 01:45:00,2021,8,1,1,45,75,75119,BOULEVARD SERURIER,48.878532,2.402503,Nuit avec éclairage allumé,En agglomération,Hors intersection,Normale,Deux véhicules - arrière,4,2,1,0,2,1,1,0,1,50,,3,2,0,0,1,39.0,54.0,,,5,2,1,1,2
202100026007,2021-08-01 21:12:00,2021,8,1,21,12,75,75115,AVENUE EMILE ZOLA,48.846631,2.287624,Nuit avec éclairage allumé,En agglomération,Hors intersection,Normale,Autre collision,4,-1,2,0,2,1,1,0,1,50,,1,0,0,0,1,32.0,,,,5,2,1,1,6
202100026008,2021-08-01 06:50:00,2021,8,1,6,50,75,75115,QUAI ANDRE CITROEN,48.838738,2.269711,Plein jour,En agglomération,Intersection en X,Normale,Deux véhicules - côté,4,2,3,0,1,1,1,5,1,50,,2,1,0,0,1,61.0,55.0,,,1,2,2,1,3
202100026009,2021-08-01 10:31:00,2021,8,1,10,31,75,75108,AVENUE DES CHAMPS ELYSEES,48.866625,2.317538,Plein jour,En agglomération,Hors intersection,Normale,Deux véhicules - arrière,4,2,6,3,1,1,1,0,1,50,,3,2,0,0,1,56.0,39.0,,,1,2,1,1,2
202100026010,2021-08-01 17:50:00,2021,8,1,17,50,75,75101,PLACE DU CARROUSEL,48.861019,2.334023,Plein jour,En agglomération,Hors intersection,Normale,Sans collision,4,-1,0,0,1,1,1,6,4,1,,1,0,0,0,1,66.0,,,,1,2,1,1,7
202100026011,2021-08-01 02:45:00,2021,8,1,2,45,75,75101,AVENUE GENERAL LEMONNIER,48.860943,2.330059,Nuit avec éclairage allumé,En agglomération,Intersection en T,Normale,Deux véhicules - côté,4,1,2,0,1,1,1,0,1,50,,2,1,0,0,1,,19.0,,,5,2,3,1,3
202100026012,2021-08-01 00:45:00,2021,8,1,0,45,75,75103,PLACE DE LA REPUBLIQUE,48.866651,2.364613,Nuit avec éclairage allumé,En agglomération,Place,Normale,Deux véhicules - frontale,4,2,6,3,1,2,1,0,1,50,,3,2,0,0,1,28.0,33.0,,,5,2,7,1,1
202100026013,2021-08-01 17:40:00,2021,8,1,17,40,93,93066,Avenue de Stalingrad,48.94603,2.3667,Plein jour,En agglomération,Hors intersection,Normale,Autre collision,3,2,2,0,1,1,1,0,1,50,,2,1,0,0,1,37.0,,,,1,2,1,1,6
202100026014,2021-07-31 21:00:00,2021,7,31,21,0,93,93050,Avenue Turgot / Avenue Paul Vaillant Couturier,48.87376,2.552819,Plein jour,En agglomération,Intersection en X,Normale,Deux véhicules - côté,3,2,2,0,1,1,1,0,1,50,,2,1,0,0,1,22.0,40.0,,,1,2,2,1,3
202100026015,2021-08-01 16:00:00,2021,8,1,16,0,93,93007,ALTRINCHAM (RUE),48.94754,2.4476,Plein jour,En agglomération,Hors intersection,Normale,Deux véhicules - côté,4,2,2,0,1,1,1,5,1,50,,4,2,0,0,1,48.0,,,,1,2,1,1,3
202100026016,2021-08-01 18:35:00,2021,8,1,18,35,92,92044,CHARLES PASQUA (QUAI) 32 A 58,48.900182,2.282531,Plein jour,En agglomération,Hors intersection,Normale,Deux véhicules - arrière,3,-1,2,0,1,3,1,9,1,50,,2,1,0,0,1,21.0,37.0,,,1,2,1,1,2
202100026017,2021-08-01 01:30:00,2021,8,1,1,30,92,92024,JEAN JAURES (BD) DE (1 A 45)   (2 A 54),48.9000173959,2.3062035441,Nuit avec éclairage allumé,En agglomération,Intersection en X,Normale,Deux véhicules - côté,3,1,4,1,1,1,1,5,1,50,,3,0,0,0,3,29.0,55.0,,,5,2,2,1,3
202100026018,2021-08-01 19:05:00,2021,8,1,19,5,34,34263,D135 ROUTE DE SAUSSINES,43.757829,4.025716,Plein jour,Hors agglomération,Hors intersection,Normale,Deux véhicules - côté,3,2,2,0,1,1,1,0,3,80,,3,1,0,1,1,20.0,49.0,,,1,1,1,1,3
202100026019,2021-08-01 18:00:00,2021,8,1,18,0,2A,2A360,RT 40,41.820967,8.962741,Plein jour,Hors agglomération,Hors intersection,Normale,Sans collision,2,2,2,0,2,2,1,0,3,80,,1,0,0,1,0,59.0,,,,1,1,1,1,7
202100026020,2021-06-28 19:00:00,2021,6,28,19,0,41,41091,D957,47.648622,1.2745,Plein jour,Hors agglomération,Hors intersection,Temps couvert,Autre collision,3,2,2,0,2,1,2,0,1,80,,2,1,1,0,0,39.0,26.0,,,1,1,1,8,6
202100026021,2021-08-01 12:25:00,2021,8,1,12,25,84,84069,Route de Vaison-la-Romaine,44.175841,5.12929,Plein jour,En agglomération,Autre intersection,Temps éblouissant,Deux véhicules - arrière,3,2,2,0,1,1,1,0,1,50,,2,1,0,1,0,47.0,41.0,,,1,2,9,7,2
202100026022,2021-08-02 15:40:00,2021,8,2,15,40,31,31547,Les Aujoulets,43.504239,1.2483,Plein jour,Hors agglomération,Intersection en X,Normale,Deux véhicules - côté,3,2,2,0,1,1,1,0,1,80,,5,4,0,1,0,21.0,37.0,,,1,1,2,1,3
202100026023,2021-08-01 22:00:00,2021,8,1,22,0,71,71195,"Aire de repos de FARGES-LES-MACON, autoroute A6, PK 363+300, sens PARIS/LYON",46.5141555094,4.9110992157,Nuit sans éclairage public,Hors agglomération,Hors intersection,Normale,Autre collision,1,2,5,0,1,3,1,0,1,70,,4,2,0,0,2,60.0,,,,3,1,1,1,6
202100026024,2021-08-01 17:50:00,2021,8,1,17,50,974,97405,nationale 2,-21.366678,55.556939,Nuit sans éclairage public,En agglomération,Autre intersection,Normale,Autre collision,2,2,2,0,2,2,1,0,1,50,,1,0,0,1,0,33.0,,,,3,2,9,1,6