accident_id,datetime,annee,mois,jour,heure,minute,departement,commune_insee,adresse,latitude,longitude,luminosite,agglomeration,intersection,meteo,collision,catr,circ,nbv,vosp,prof,plan,surf,infra,situ,vma,nb_vehicules,nb_usagers,nb_indemnes,nb_tues,nb_blesses_hosp,nb_blesses_legers,age_cond_1,age_cond_2,veh_type_cond_1,veh_type_cond_2,lum_code,agg_code,int_code,atm_code,col_code
202100026025,2021-08-01 10:00:00,2021,8,1,10,0,974,97405,Chemin Cambrai,-21.350132,55.562239,Plein jour,En agglomération,Autre intersection,Normale,Sans collision,4,1,1,0,2,3,1,0,4,50,,1,0,0,1,0,12.0,,,,1,2,9,1,7
202100026026,2021-08-01 19:45:00,2021,8,1,19,45,63,63358,route départementale 2144,46.048574,3.049328,Plein jour,Hors agglomération,Hors intersection,Normale,Sans collision,3,2,2,0,2,1,1,0,3,80,,1,0,0,1,0,21.0,,,,1,1,1,1,7
202100026027,2021-08-02 07:50:00,2021,8,2,7,50,01,01153,Route de la Pralay,46.2941031609,6.0425815685,Plein jour,Hors agglomération,Intersection en X,Normale,Deux véhicules - côté,3,2,2,0,1,1,1,0,1,80,,2,1,0,0,1,42.0,50.0,,,1,1,2,1,3
202100026028,2021-08-01 04:15:00,2021,8,1,4,15,17,17376,Route de la Ferandière,46.24746,-1.0417,Nuit avec éclairage non allumé,Hors agglomération,Hors intersection,Pluie légère,Autre collision,3,2,2,0,1,1,2,0,3,50,,2,1,0,1,0,28.0,,,,4,1,1,2,6
202100026029,2021-07-31 15:50:00,2021,7,31,15,50,68,68260,Route départementale 430 PK 43.500,47.8859686874,7.2596301735,Plein jour,Hors agglomération,Hors intersection,Normale,Autre collision,3,2,4,0,1,1,1,0,1,110,,1,0,0,0,1,21.0,,,,1,1,1,1,6
202100026030,2021-08-01 01:30:00,2021,8,1,1,30,62,62361,D54,50.283447,2.30339,Nuit sans éclairage public,Hors agglomération,Hors intersection,Normale,Autre collision,3,2,2,0,2,1,1,0,3,80,,1,0,0,1,0,36.0,,,,3,1,1,1,6
202100026031,2021-07-30 18:55:00,2021,7,30,18,55,41,41278,N10,47.656388,0.958287,Plein jour,Hors agglomération,Hors intersection,Normale,Autre collision,2,2,2,0,2,2,1,2,1,80,,5,2,0,3,0,78.0,72.0,,,1,1,1,1,6
202100026032,2021-08-02 15:28:00,2021,8,2,15,28,40,40246,D834,44.14128,-0.724676,Plein jour,Hors agglomération,Hors intersection,Normale,Deux véhicules - frontale,3,2,2,0,1,1,1,0,5,80,,3,1,0,1,1,56.0,74.0,,,1,1,1,1,1
202100026033,2021-08-02 12:15:00,2021,8,2,12,15,04,04205,RD 900,44.345044,6.372789,Plein jour,Hors agglomération,Hors intersection,Normale,Deux véhicules - frontale,3,2,2,0,1,4,1,0,1,80,,4,1,0,1,2,79.0,36.0,,,1,1,1,1,1
202100026034,2021-08-02 13:45:00,2021,8,2,13,45,19,19002,RD 1089,45.5837067421,2.3690424748,Plein jour,Hors agglomération,Hors intersection,Normale,Deux véhicules - côté,3,2,2,0,2,3,1,0,1,90,,2,1,0,1,0,24.0,71.0,,,1,1,1,1,3
202100026035,2021-08-02 00:45:00,2021,8,2,0,45,95,95612,RD 47,49.008101,2.46487,Nuit sans éclairage public,Hors agglomération,Hors intersection,Normale,Autre collision,3,2,2,0,1,1,1,0,1,90,,2,1,0,0,1,26.0,,,,3,1,1,1,6
202100026036,2021-07-30 21:20:00,2021,7,30,21,20,56,56165,N24,47.920872,-2.353113,Nuit sans éclairage public,Hors agglomération,Hors intersection,Pluie légère,Deux véhicules - arrière,2,3,4,0,1,1,2,0,1,110,,3,1,0,2,0,54.0,24.0,,,3,1,1,2,2
202100026037,2021-08-01 16:15:00,2021,8,1,16,15,76,76686,Rue des Chataigniers,49.767403,0.54046,Plein jour,En agglomération,Hors intersection,Normale,Sans collision,4,2,2,0,1,4,1,0,3,-1,,1,0,0,1,0,17.0,,,,1,2,1,1,7
202100026038,2021-08-01 22:45:00,2021,8,1,22,45,76,76068,Route de Valmont,49.703778,0.457478,Nuit sans éclairage public,Hors agglomération,Hors intersection,Normale,Sans collision,3,2,2,0,2,2,1,0,3,80,,1,0,0,0,1,22.0,,,,3,1,1,1,7
202100026039,2021-08-02 12:45:00,2021,8,2,12,45,79,79290,Chemin des Guinées,46.438764,-0.60637,Plein jour,Hors agglomération,Intersection en X,Normale,Deux véhicules - côté,4,2,2,0,1,1,1,0,1,80,,2,1,0,0,1,16.0,56.0,,,1,1,2,1,3
202100026040,2021-07-29 13:20:00,2021,7,29,13,20,33,33248,,45.102032,-0.802732,Plein jour,Hors agglomération,Hors intersection,Normale,Deux véhicules - arrière,3,3,4,0,1,1,1,0,1,-1,,2,0,0,1,1,39.0,28.0,,,1,1,1,1,2
202100026041,2021-07-23 09:45:00,2021,7,23,9,45,33,33282,Lieu Dit la Gouteyre,44.778694,-0.107067,Plein jour,Hors agglomération,Intersection en T,Normale,Deux véhicules - frontale,3,2,2,0,1,1,1,0,1,80,,2,1,0,0,1,30.0,64.0,,,1,1,3,1,1
202100026042,2021-08-01 17:30:00,2021,8,1,17,30,81,81031,bel air,43.6173320724,2.4484508279,Plein jour,Hors agglomération,Intersection en X,Normale,Deux véhicules - côté,3,2,2,0,2,1,1,0,1,80,,2,1,0,1,0,35.0,21.0,,,1,1,2,1,3
202100026043,2021-07-29 23:30:00,2021,7,29,23,30,63,63162,RD37,45.537242,3.60755,Nuit sans éclairage public,Hors agglomération,Hors intersection,Normale,Sans collision,3,2,2,0,4,3,1,0,3,80,,1,0,0,1,0,33.0,,,,3,1,1,1,7
202100026044,2021-08-02 15:30:00,2021,8,2,15,30,61,61336,D277,48.282172,0.496144,Plein jour,Hors agglomération,Hors intersection,Normale,Deux véhicules - frontale,3,2,2,0,1,1,1,0,1,80,,4,0,0,0,4,29.0,28.0,,,1,1,1,1,1
202100026045,2021-07-28 12:00:00,2021,7,28,12,0,42,42059,Route du Premier Pont,45.646733,4.366057,Plein jour,Hors agglomération,Hors intersection,Pluie légère,Sans collision,3,2,2,0,2,3,2,0,1,80,,1,0,0,0,1,28.0,,,,1,1,1,2,7
202100026046,2021-08-02 18:27:00,2021,8,2,18,27,47,47252,25 Av Rene Cassin,44.403024,0.595826,Plein jour,En agglomération,Intersection en T,Normale,Deux véhicules - côté,3,2,2,0,1,1,1,5,1,50,,2,1,0,1,0,16.0,81.0,,,1,2,3,1,3
202100026047,2021-07-31 02:15:00,2021,7,31,2,15,47,47110,D299,44.456176,0.289142,Nuit sans éclairage public,Hors agglomération,Hors intersection,Normale,Autre collision,3,2,2,0,1,3,1,0,3,70,,3,0,0,3,0,21.0,,,,3,1,1,1,6
202100026048,2021-08-01 19:40:00,2021,8,1,19,40,47,47301,Tardy,44.530137,0.29125,Plein jour,Hors agglomération,Hors intersection,Normale,Autre collision,3,2,2,0,1,1,1,0,3,80,,1,0,1,0,0,71.0,,,,1,1,1,1,6
202100026049,2021-08-01 11:42:00,2021,8,1,11,42,22,22135,PONT MEIN,48.530518,-3.358662,Plein jour,Hors agglomération,Hors intersection,Pluie légère,Deux véhicules - frontale,3,2,2,0,1,2,3,0,1,-1,,3,1,0,0,2,61.0,28.0,,,1,1,1,2,1
202100026050,2021-08-01 19:10:00,2021,8,1,19,10,22,22013,KERLEIN,48.496232,-3.187859,Plein jour,Hors agglomération,Intersection en X,Normale,Deux véhicules - côté,4,2,2,0,1,1,1,0,1,80,,2,1,0,1,0,44.0,29.0,,,1,1,2,1,3
202100026051,2021-08-01 20:30:00,2021,8,1,20,30,25,25004,D34,47.426164,6.933553,Crépuscule ou aube,Hors agglomération,Hors intersection,Normale,Deux véhicules - frontale,3,2,2,0,2,3,1,0,1,70,,2,0,0,2,0,33.0,18.0,,,2,1,1,1,1
202100026052,2021-08-01 23:05:00,2021,8,1,23,5,44,44166,Place de la Liberté,47.1958,-1.723952,Nuit avec éclairage allumé,En agglomération,Hors intersection,Normale,Autre collision,7,2,2,0,1,3,1,5,1,30,,2,1,0,1,0,16.0,,,,5,2,1,1,6
202100026053,2021-08-02 08:15:00,2021,8,2,8,15,44,44067,Mondesir,47.620129,-1.826638,Plein jour,Hors agglomération,Intersection en T,Normale,Deux véhicules - frontale,3,2,2,0,1,1,1,0,1,70,,2,1,0,1,0,57.0,33.0,,,1,1,3,1,1
202100026054,2021-07-31 09:40:00,2021,7,31,9,40,44,44067,Rue de Châteaubriant,47.627451,-1.82895,Plein jour,En agglomération,Hors intersection,Normale,Deux véhicules - frontale,3,2,2,0,2,1,1,9,1,30,,5,2,0,1,2,26.0,20.0,,,1,2,1,1,1
202100026055,2021-07-30 18:45:00,2021,7,30,18,45,29,29260,Lieu dit Pontavenec,48.4261490689,-4.6042274062,Plein jour,En agglomération,Hors intersection,Normale,Deux véhicules - arrière,3,2,2,0,1,1,1,5,1,50,,2,1,0,0,1,33.0,25.0,,,1,2,1,1,2
202100026056,2021-07-31 00:45:00,2021,7,31,0,45,29,29075,Boulevard Michel Briant,48.422337,-4.422437,Nuit avec éclairage allumé,Hors agglomération,Hors intersection,Normale,Autre collision,7,3,4,0,1,1,1,0,1,70,,1,0,1,0,0,43.0,,,,5,1,1,1,6
202100026057,2021-08-01 15:40:00,2021,8,1,15,40,29,29158,9 Route de Kerglib,47.812921556,-4.3417815864,Plein jour,En agglomération,Intersection en T,Normale,Deux véhicules - frontale,4,2,2,0,1,1,1,5,1,50,,2,1,0,0,1,27.0,55.0,,,1,2,3,1,1
202100026058,2021-08-02 04:30:00,2021,8,2,4,30,31,31413,D29,43.733127,1.104105,Nuit sans éclairage public,Hors agglomération,Hors intersection,Temps couvert,Autre collision,3,2,2,0,1,1,1,0,3,80,,1,0,0,1,0,19.0,,,,3,1,1,8,6
202100026059,2021-08-02 04:30:00,2021,8,2,4,30,38,38134,RD 538 cour,45.455856,4.99526,Nuit sans éclairage public,Hors agglomération,Hors intersection,Normale,Deux véhicules - frontale,3,2,2,0,2,2,1,0,1,80,,4,0,0,4,0,16.0,32.0,,,3,1,1,1,1
202100026060,2021-08-02 09:50:00,2021,8,2,9,50,38,38012,Route de Saint Genix,45.594278,5.621427,Plein jour,En agglomération,Hors intersection,Normale,Autre collision,3,2,2,0,1,1,1,0,1,50,,1,0,0,1,0,62.0,,,,1,2,1,1,6
202100026061,2021-07-30 16:10:00,2021,7,30,16,10,64,64040,le vert à l'oeil,43.096988,-0.721123,Plein jour,En agglomération,Hors intersection,Pluie légère,Sans collision,3,2,2,0,1,3,2,0,3,30,,5,3,0,0,2,17.0,,,,1,2,1,2,7
202100026062,2021-07-30 09:49:00,2021,7,30,9,49,36,36165,la boudinière,46.702673,1.038637,Plein jour,Hors agglomération,Intersection en X,Normale,Autre collision,3,2,2,0,3,1,1,0,3,80,,6,5,0,1,0,44.0,34.0,,,1,1,2,1,6
202100026063,2021-08-01 13:35:00,2021,8,1,13,35,16,16236,Chemin de la Croix Ronde,45.566181,0.122263,Plein jour,En agglomération,Intersection en T,Pluie légère,Autre collision,4,2,2,0,1,1,2,0,3,50,,1,0,1,0,0,85.0,,,,1,2,3,2,6
202100026064,2021-08-02 09:30:00,2021,8,2,9,30,17,17224,4bis Rue du Semblier,45.863223,-0.317338,Plein jour,En agglomération,Intersection en T,Normale,Deux véhicules - côté,4,2,2,0,2,4,1,0,1,50,,2,1,0,0,1,,18.0,,,1,2,3,1,3
202100026065,2021-08-01 01:56:00,2021,8,1,1,56,30,30237,route départementale 51,44.272369,4.189053,Nuit sans éclairage public,Hors agglomération,Hors intersection,Normale,Autre collision,3,2,2,0,1,2,1,0,1,-1,,5,1,0,0,4,31.0,,,,3,1,1,1,6
202100026066,2021-07-31 11:00:00,2021,7,31,11,0,30,30291,D160,44.150312,4.003315,Plein jour,Hors agglomération,Hors intersection,Normale,Deux véhicules - côté,3,2,2,0,3,2,1,0,1,50,,2,1,0,1,0,19.0,70.0,,,1,1,1,1,3
202100026067,2021-07-30 14:15:00,2021,7,30,14,15,88,88516,place de gaulle,48.2004386869,5.949126184,Plein jour,En agglomération,Intersection en Y,Normale,Autre collision,3,1,2,0,1,3,1,0,1,50,,2,1,0,0,1,42.0,,,,1,2,4,1,6
202100026068,2021-08-02 14:20:00,2021,8,2,14,20,24,24194,Départementale 36,44.838419,0.304399,Plein jour,Hors agglomération,Intersection en T,Normale,Deux véhicules - côté,3,2,2,0,1,1,1,0,1,80,,7,5,1,0,1,57.0,30.0,,,1,1,3,1,3
202100026069,2021-07-31 11:35:00,2021,7,31,11,35,973,97307,RN 2 intersection chemin paramana,4.821642,-52.342762,Plein jour,Hors agglomération,Hors intersection,Normale,Deux véhicules - côté,2,2,2,0,1,1,1,0,1,80,,2,1,0,1,0,20.0,62.0,,,1,1,1,1,3
202100026070,2021-08-02 12:48:00,2021,8,2,12,48,60,60299,"Autoroute A16, pk 093.900 sens PARIS-BOULOGNE",49.6175219746,2.2092781694,Plein jour,Hors agglomération,Hors intersection,Pluie forte,Autre collision,1,3,4,0,1,1,2,0,3,130,,1,0,0,0,1,55.0,,,,1,1,1,3,6
202100026071,2021-08-02 08:20:00,2021,8,2,8,20,06,06018,Route des Dolines,43.621698,7.05866,Plein jour,Hors agglomération,Intersection en T,Normale,Deux véhicules - côté,3,2,2,0,1,1,1,9,1,50,,2,1,0,0,1,38.0,41.0,,,1,1,3,1,3
202100026072,2021-08-02 12:35:00,2021,8,2,12,35,39,39233,,47.084632,5.425272,Plein jour,Hors agglomération,Hors intersection,Normale,Sans collision,1,3,4,0,1,1,1,0,3,130,,14,13,0,1,0,28.0,,,,1,1,1,1,7
202100026073,2021-08-01 18:57:00,2021,8,1,18,57,11,11144,D6009,42.867582,2.985427,Plein jour,Hors agglomération,Hors intersection,Normale,Trois véhicules et plus - collisions multiples,3,2,2,0,1,1,1,0,1,80,,6,4,0,1,1,57.0,63.0,,,1,1,1,1,5
202100026074,2021-08-02 07:50:00,2021,8,2,7,50,95,95170,D28,49.041789,1.947085,Plein jour,Hors agglomération,Hors intersection,Normale,Deux véhicules - frontale,3,2,2,0,1,3,1,0,1,80,,7,0,1,0,6,20.0,53.0,,,1,1,1,1,1
202100026075,2021-08-01 05:50:00,2021,8,1,5,50,95,95213,Rue des Chantereines,49.122927,2.064673,Crépuscule ou aube,Hors agglomération,Hors intersection,Normale,Autre collision,4,2,2,0,1,1,1,0,3,-1,,1,0,0,1,0,19.0,,,,2,1,1,1,6
202100026076,2021-07-30 19:45:00,2021,7,30,19,45,11,11322,La Murelle,43.001054,2.969495,Plein jour,Hors agglomération,Hors intersection,Normale,Deux véhicules - côté,3,2,2,0,2,1,1,0,1,90,,3,2,0,1,0,25.0,55.0,,,1,1,1,1,3
202100026077,2021-08-02 01:15:00,2021,8,2,1,15,34,34052,avenue de la République,43.327135,3.039171,Nuit avec éclairage allumé,En agglomération,Hors intersection,Normale,Autre collision,3,2,2,0,2,1,1,0,4,50,,1,0,0,0,1,28.0,,,,5,2,1,1,6
202100026078,2021-08-02 11:45:00,2021,8,2,11,45,34,34027,M118 beaulieu,43.732732,4.006748,Plein jour,Hors agglomération,Hors intersection,Normale,Sans collision,7,2,2,0,1,2,1,0,8,70,,1,0,0,0,1,25.0,,,,1,1,1,1,7
202100026079,2021-08-01 16:15:00,2021,8,1,16,15,04,04069,Rte de Soleihas,43.879776,6.555898,Plein jour,Hors agglomération,Hors intersection,Normale,Sans collision,4,2,2,0,4,4,1,0,1,80,,1,0,0,0,1,55.0,,,,1,1,1,1,7
202100026080,2021-08-02 14:30:00,2021,8,2,14,30,13,13089,rd30A,43.829574,4.931231,Plein jour,Hors agglomération,Intersection en X,Normale,Deux véhicules - côté,3,2,2,0,1,1,1,0,1,80,,3,0,0,2,1,49.0,25.0,,,1,1,2,1,3
202100026081,2021-07-27 18:37:00,2021,7,27,18,37,71,71382,RD 979,46.518057363,3.8587461202,Plein jour,Hors agglomération,Hors intersection,Pluie légère,Sans collision,3,2,2,0,1,1,2,0,8,80,,1,0,0,1,0,66.0,,,,1,1,1,2,7
202100026082,2021-08-01 18:10:00,2021,8,1,18,10,68,68251,D18b,47.987835,7.214455,Plein jour,Hors agglomération,Autre intersection,Temps couvert,Sans collision,3,2,2,0,2,2,2,0,3,80,,5,0,0,1,4,18.0,,,,1,1,9,8,7
202100026083,2021-08-01 19:15:00,2021,8,1,19,15,57,57631,RN 61,49.109532,7.02867,Plein jour,Hors agglomération,Hors intersection,Normale,Sans collision,2,3,4,0,2,3,1,0,8,110,,1,0,0,1,0,63.0,,,,1,1,1,1,7
202100026084,2021-08-02 07:30:00,2021,8,2,7,30,38,38565,268 Quai des Chartreux,45.300162,5.637993,Plein jour,Hors agglomération,Hors intersection,Normale,Deux véhicules - côté,3,2,2,0,2,1,1,0,1,80,,2,1,0,0,1,31.0,64.0,,,1,1,1,1,3
202100026085,2021-07-31 17:00:00,2021,7,31,17,0,69,69101,BOIS DE SOUL (DU) (CHM),45.9798374927,4.6294417977,Plein jour,En agglomération,Hors intersection,Pluie légère,Sans collision,4,2,2,0,2,3,8,0,1,50,,1,0,1,0,0,69.0,,,,1,2,1,2,7
202100026086,2021-08-02 08:00:00,2021,8,2,8,0,69,69163,D87,45.934916,4.771821,Plein jour,Hors agglomération,Hors intersection,Normale,Deux véhicules - frontale,7,2,2,0,1,1,1,0,1,80,,3,0,0,0,3,21.0,21.0,,,1,1,1,1,1
202100026087,2021-07-29 19:05:00,2021,7,29,19,5,44,44047,Rue du Premier Mai,47.213469,-1.682395,Plein jour,En agglomération,Hors intersection,Normale,Deux véhicules - côté,7,2,2,0,2,1,1,0,1,30,,3,1,0,2,0,25.0,67.0,,,1,2,1,1,3
202100026088,2021-08-01 10:05:00,2021,8,1,10,5,14,14488,D514,49.288631,-0.264503,Plein jour,En agglomération,Intersection en X,Normale,Deux véhicules - côté,3,2,2,0,2,1,1,0,1,50,,2,1,0,1,0,72.0,51.0,,,1,2,2,1,3
202100026089,2021-08-01 18:00:00,2021,8,1,18,0,60,60139,Rue Thomas Edison,49.153464,2.253254,Plein jour,En agglomération,Hors intersection,Normale,Deux véhicules - côté,4,2,2,0,1,1,1,0,1,50,,2,1,0,0,1,18.0,25.0,,,1,2,1,1,3
202100026090,2021-08-02 16:30:00,2021,8,2,16,30,59,59105,Rue de la Chapelle,50.43628,3.244953,Plein jour,En agglomération,Hors intersection,Normale,Deux véhicules - frontale,4,2,2,0,1,2,1,9,1,50,,2,1,0,0,1,31.0,16.0,,,1,2,1,1,1
202100026091,2021-08-01 19:17:00,2021,8,1,19,17,59,59558,D114,50.241699,3.460267,Plein jour,Hors agglomération,Hors intersection,Normale,Sans collision,3,2,2,0,2,1,1,0,1,80,,1,0,0,1,0,53.0,,,,1,1,1,1,7
202100026092,2021-08-01 06:45:00,2021,8,1,6,45,13,13216,A55-Sens Martigues vers Marseille,43.35025,5.3468,Plein jour,En agglomération,Hors intersection,Normale,Sans collision,1,1,3,0,2,3,1,2,1,901,,5,4,0,0,1,,,,,1,2,1,1,7
202100026093,2021-07-31 08:45:00,2021,7,31,8,45,13,13215,A7-Sens Lyon vers Marseille,43.34994,5.36872,Plein jour,En agglomération,Hors intersection,Normale,Sans collision,1,1,3,0,1,1,1,0,1,90,,1,0,0,0,1,25.0,,,,1,2,1,1,7
202100026094,2021-07-30 05:15:00,2021,7,30,5,15,13,13210,A50-Sens Marseille vers Aubagne,43.28416,5.4045,Crépuscule ou aube,Hors agglomération,Hors intersection,Normale,Deux véhicules - frontale,1,1,3,0,1,1,1,0,1,90,,1,0,0,0,1,26.0,,,,2,1,1,1,1
202100026095,2021-08-01 20:05:00,2021,8,1,20,5,91,91589,AUTOROUTE A6,48.67657,2.33925,Plein jour,Hors agglomération,Hors intersection,Normale,Autre collision,1,3,8,0,1,1,1,0,1,110,,3,0,0,0,3,23.0,,,,1,1,1,1,6
202100026096,2021-08-01 11:40:00,2021,8,1,11,40,91,91136,RD188 PROVINCE / A10 PARIS,48.71456,2.27292,Plein jour,Hors agglomération,Hors intersection,Normale,Trois véhicules et plus - en chaîne,1,1,3,0,1,1,1,0,1,90,,4,2,0,0,2,46.0,50.0,,,1,1,1,1,4
202100026097,2021-07-31 13:40:00,2021,7,31,13,40,91,91689,AUTOROUTE A6A,48.743481,2.321666,Plein jour,Hors agglomération,Hors intersection,Normale,Deux véhicules - côté,1,3,-1,0,2,1,1,0,1,110,,4,2,0,0,2,42.0,56.0,,,1,1,1,1,3
202100026098,2021-07-30 18:35:00,2021,7,30,18,35,91,91377,RN20,48.7194,2.29905,Plein jour,Hors agglomération,Autre intersection,Normale,Deux véhicules - arrière,3,4,4,0,1,1,1,5,1,70,,3,2,0,0,1,23.0,58.0,,,1,1,9,1,2
202100026099,2021-08-01 06:50:00,2021,8,1,6,50,78,78206,A13,48.954276,1.939066,Plein jour,Hors agglomération,Hors intersection,Normale,Autre collision,1,3,3,0,1,1,1,0,1,130,,2,0,0,0,2,21.0,,,,1,1,1,1,6
202100026100,2021-08-01 05:05:00,2021,8,1,5,5,92,92012,A13,48.8482342934,2.2325493297,Nuit sans éclairage public,Hors agglomération,Hors intersection,Normale,Autre collision,1,1,3,0,1,1,1,1,1,70,,1,0,0,0,1,19.0,,,,3,1,1,1,6
202100026101,2021-08-01 17:30:00,2021,8,1,17,30,93,93053,AUTOROUTE A103,48.8876568563,2.4726906697,Plein jour,Hors agglomération,Hors intersection,Normale,Sans collision,1,3,8,0,4,2,1,0,1,70,,1,0,0,0,1,28.0,,,,1,1,1,1,7
202100026102,2021-08-01 06:20:00,2021,8,1,6,20,95,95277,AUTOROUTE A1,48.976717,2.492356,Crépuscule ou aube,Hors agglomération,Hors intersection,Normale,Deux véhicules - arrière,1,3,6,0,1,1,1,0,1,110,,5,3,0,0,2,28.0,34.0,,,2,1,1,1,2
202100026103,2021-07-31 10:10:00,2021,7,31,10,10,95,95572, A15,49.0339,2.10409,Plein jour,Hors agglomération,Hors intersection,Normale,Deux véhicules - côté,1,3,9,0,1,1,1,0,1,110,,2,1,0,0,1,,21.0,,,1,1,1,1,3
202100026104,2021-07-31 12:10:00,2021,7,31,12,10,38,38185,Cours Jean Jaurès,45.18398,5.71767,Plein jour,En agglomération,Hors intersection,Normale,Autre collision,7,2,7,1,1,1,1,5,4,30,,2,1,1,0,0,27.0,,,,1,2,1,1,6
202100026105,2021-07-31 02:50:00,2021,7,31,2,50,29,29019,40 Rue d’Estienne d’Orves,48.3917028245,-4.4604407565,Nuit avec éclairage allumé,En agglomération,Hors intersection,Normale,Autre collision,4,2,2,0,1,1,1,0,1,50,,2,0,1,0,1,41.0,,,,5,2,1,1,6
202100026106,2021-07-31 14:10:00,2021,7,31,14,10,988,98818,ROUTE DE L'ANSE VATA/RUE MARCELLIN LACABANNE,-22.29362,166.44655,Plein jour,En agglomération,Intersection en T,Normale,Deux véhicules - arrière,4,2,2,0,1,1,1,5,1,50,,4,1,0,0,3,55.0,47.0,,,1,2,3,1,2
202100026107,2021-07-31 09:15:00,2021,7,31,9,15,973,97302,FELIX EBOUE(ROCADE),4.9351973853,-52.3079652788,Plein jour,En agglomération,Autre intersection,Normale,Deux véhicules - côté,3,2,2,0,1,1,1,9,1,50,,3,1,0,0,2,47.0,33.0,,,1,2,9,1,3
202100026108,2021-07-31 21:20:00,2021,7,31,21,20,69,69199,YVES FARGE (BD),45.70465,4.85687,Nuit avec éclairage allumé,En agglomération,Hors intersection,Pluie légère,Deux véhicules - frontale,7,2,2,2,2,2,2,0,1,50,,2,1,0,0,1,35.0,23.0,,,5,2,1,2,1
202100026109,2021-07-31 15:50:00,2021,7,31,15,50,69,69383,DOCTEUR LONG (DU) (CR),45.7530329298,4.8951875567,Plein jour,En agglomération,Intersection en X,Temps couvert,Autre collision,4,1,1,0,1,1,1,0,1,50,,2,1,0,0,1,31.0,,,,1,2,2,8,6
202100026110,2021-07-30 21:05:00,2021,7,30,21,5,972,97209,RD 41 (ROCADE),14.616166,-61.054085,Nuit avec éclairage allumé,En agglomération,Hors intersection,Pluie légère,Autre collision,3,3,4,0,2,1,2,0,1,60,,1,0,0,0,1,32.0,,,,5,2,1,2,6
202100026111,2021-06-27 11:20:00,2021,6,27,11,20,971,97101,CLARA BOURGAREL - ASSAINISSEMENT (RUE),16.2386,-61.52945,Plein jour,En agglomération,Hors intersection,Normale,Autre collision,3,3,2,0,1,1,1,0,1,50,,2,1,0,0,1,59.0,,,,1,2,1,1,6
202100026112,2021-07-30 13:45:00,2021,7,30,13,45,971,97101,CHAUVEL,16.238,-61.52284,Plein jour,Hors agglomération,Hors intersection,Normale,Trois véhicules et plus - en chaîne,2,1,2,0,2,1,1,0,1,90,,3,1,0,1,1,34.0,50.0,,,1,1,1,1,4
202100026113,2021-07-31 14:00:00,2021,7,31,14,0,95,95680,GENERAL ARCHINARD (RUE DU),49.0074438945,2.3946064711,Plein jour,En agglomération,Hors intersection,Normale,Deux véhicules - côté,4,1,1,0,1,1,1,0,1,50,,4,2,0,0,2,20.0,27.0,,,1,2,1,1,3
202100026114,2021-07-31 00:55:00,2021,7,31,0,55,95,95268,AV PIERRE SEMARD,48.9689058072,2.3886492848,Nuit avec éclairage allumé,En agglomération,Hors intersection,Normale,Deux véhicules - frontale,4,1,1,0,1,1,1,0,1,50,,2,1,0,1,0,45.0,38.0,,,5,2,1,1,1
202100026115,2021-07-31 00:10:00,2021,7,31,0,10,95,95424,RD 392,48.98656,2.18183,Nuit sans éclairage public,En agglomération,Autre intersection,Normale,Deux véhicules - côté,3,2,2,0,1,1,1,0,1,50,,2,1,0,1,0,,32.0,,,3,2,9,1,3
202100026116,2021-07-31 04:21:00,2021,7,31,4,21,91,91103,RUE DU PARC,48.608453,2.300332,Nuit avec éclairage allumé,En agglomération,Hors intersection,Normale,Sans collision,4,1,1,0,2,1,1,9,1,50,,1,0,0,0,1,25.0,,,,5,2,1,1,7
202100026117,2021-07-30 14:10:00,2021,7,30,14,10,91,91103,CD 133,48.62441,2.29749,Plein jour,En agglomération,Intersection en Y,Normale,Deux véhicules - côté,2,1,1,0,1,1,1,0,1,90,,2,0,0,0,2,20.0,68.0,,,1,2,4,1,3
202100026118,2021-07-31 08:55:00,2021,7,31,8,55,91,91377,RUE DE LA DIVISION LECLERC,48.7302,2.27383,Plein jour,En agglomération,Hors intersection,Normale,Deux véhicules - côté,3,1,1,0,1,3,1,0,1,30,,2,1,0,0,1,61.0,35.0,,,1,2,1,1,3
202100026119,2021-07-30 12:25:00,2021,7,30,12,25,91,91377,AV DE L EUROPE,48.7266,2.279,Plein jour,En agglomération,Hors intersection,Normale,Deux véhicules - arrière,3,1,2,2,2,1,1,1,1,50,,2,1,0,0,1,33.0,50.0,,,1,2,1,1,2
202100026120,2021-07-30 19:40:00,2021,7,30,19,40,83,83069,LOUBES (ROUTE DES),43.113588,6.100998,Plein jour,Hors agglomération,Hors intersection,Normale,Deux véhicules - arrière,7,2,2,0,1,1,1,0,1,70,,2,1,0,0,1,40.0,28.0,,,1,1,1,1,2
202100026121,2021-07-31 21:50:00,2021,7,31,21,50,82,82033,FOURRIERES VC 1 (ROUTE DES) ,44.04205,1.1417,Nuit sans éclairage public,Hors agglomération,Hors intersection,Temps couvert,Sans collision,4,2,2,0,1,3,2,0,3,80,,1,0,0,1,0,43.0,,,,3,1,1,8,7
202100026122,2021-07-30 20:15:00,2021,7,30,20,15,77,77350,AV MAURICE CHEVALIER,48.7657161792,2.6818143299,Plein jour,En agglomération,Intersection en X,Normale,Deux véhicules - côté,4,2,2,0,1,1,1,0,1,50,,2,1,0,0,1,69.0,18.0,,,1,2,2,1,3