accident_id,datetime,annee,mois,jour,heure,minute,departement,commune_insee,adresse,latitude,longitude,luminosite,agglomeration,intersection,meteo,collision,catr,circ,nbv,vosp,prof,plan,surf,infra,situ,vma,nb_vehicules,nb_usagers,nb_indemnes,nb_tues,nb_blesses_hosp,nb_blesses_legers,age_cond_1,age_cond_2,veh_type_cond_1,veh_type_cond_2,lum_code,agg_code,int_code,atm_code,col_code
202100026123,2021-07-31 09:10:00,2021,7,31,9,10,69,69290,SALVADOR ALLENDE (R),45.7037437173,4.9349790215,Plein jour,En agglomération,Autre intersection,Normale,Deux véhicules - côté,4,2,2,0,2,1,1,4,1,50,,3,1,0,0,2,41.0,31.0,,,1,2,9,1,3
202100026124,2021-07-30 18:25:00,2021,7,30,18,25,63,63113,Parking Auchan nord,45.8138380283,3.1072246939,Plein jour,En agglomération,Hors intersection,Normale,Deux véhicules - côté,6,-1,2,0,1,1,1,0,1,50,,3,2,0,0,1,17.0,58.0,,,1,2,1,1,3
202100026125,2021-07-30 09:04:00,2021,7,30,9,4,63,63113,FLAUBERT/ Schuman,45.76415,3.12595,Plein jour,En agglomération,Intersection en X,Normale,Deux véhicules - côté,7,3,5,0,1,1,1,0,1,50,,2,1,0,0,1,30.0,40.0,,,1,2,2,1,3
202100026126,2021-07-23 16:20:00,2021,7,23,16,20,63,63164,MARTYRS (RUE DES),45.8196418179,3.1496172428,Plein jour,En agglomération,Giratoire,Normale,Deux véhicules - arrière,7,2,2,0,1,1,1,0,1,50,,2,1,0,0,1,23.0,27.0,,,1,2,6,1,2
202100026127,2021-07-26 17:35:00,2021,7,26,17,35,62,62108,ROND POINT DU MARQUENTERRE,50.40172,1.59525,Plein jour,En agglomération,Hors intersection,Normale,Deux véhicules - arrière,4,1,2,0,1,1,1,0,1,50,,3,2,0,0,1,33.0,43.0,,,1,2,1,1,2
202100026128,2021-07-31 17:25:00,2021,7,31,17,25,60,60057,Rue de Notre-Dame-du-Thil,49.45298,2.07468,Plein jour,En agglomération,Autre intersection,Normale,Deux véhicules - côté,4,2,2,0,2,1,1,5,1,50,,3,1,0,0,2,54.0,29.0,,,1,2,9,1,3
202100026129,2021-07-31 08:25:00,2021,7,31,8,25,54,54431,EUROPE (AVENUE DE L'),48.91664,6.06301,Plein jour,En agglomération,Intersection en X,Normale,Deux véhicules - frontale,3,2,3,0,1,1,1,0,1,50,,2,0,0,0,2,95.0,42.0,,,1,2,2,1,1
202100026130,2021-07-31 21:45:00,2021,7,31,21,45,54,54395,CHARLES III (RUE),48.69,6.19526,Nuit avec éclairage allumé,En agglomération,Hors intersection,Normale,Autre collision,4,-1,1,1,1,1,1,0,6,50,,2,1,0,0,1,21.0,,,,5,2,1,1,6
202100026131,2021-07-31 12:20:00,2021,7,31,12,20,54,54395,FOCH (AVENUE 2 A 16-1 A 7),48.6875855517,6.1707450449,Plein jour,En agglomération,Intersection en X,Normale,Deux véhicules - côté,7,1,3,3,1,1,1,-1,1,50,,2,1,0,0,1,48.0,20.0,,,1,2,2,1,3
202100026132,2021-07-29 15:10:00,2021,7,29,15,10,50,50502,ALSACE LORRAINE,49.11463,-1.09876,Plein jour,En agglomération,Hors intersection,Normale,Deux véhicules - côté,3,1,2,0,1,1,1,0,1,50,,2,1,0,1,0,77.0,64.0,,,1,2,1,1,3
202100026133,2021-07-31 12:45:00,2021,7,31,12,45,49,49007,TALOT,47.46737,-0.55585,Plein jour,En agglomération,Hors intersection,Normale,Deux véhicules - côté,4,1,1,0,1,1,1,0,1,30,,2,1,0,0,1,57.0,33.0,,,1,2,1,1,3
202100026134,2021-07-30 19:30:00,2021,7,30,19,30,45,45338,Rue des Primevères,47.993097,2.70398,Plein jour,En agglomération,Hors intersection,Normale,Autre collision,4,2,2,0,1,1,1,0,4,50,,1,0,0,0,1,20.0,,,,1,2,1,1,6
202100026135,2021-07-27 19:55:00,2021,7,27,19,55,42,42187,Avenue de Lyon,46.039146,4.077321,Plein jour,En agglomération,Hors intersection,Normale,Autre collision,3,2,2,1,2,3,1,0,3,50,,1,0,0,0,1,23.0,,,,1,2,1,1,6
202100026136,2021-07-31 16:45:00,2021,7,31,16,45,37,37261,MAGINOT (AV. ANDRE),47.4350184044,0.7075560093,Plein jour,En agglomération,Hors intersection,Normale,Deux véhicules - frontale,7,2,2,0,1,1,1,0,1,50,,4,2,0,0,2,74.0,24.0,,,1,2,1,1,1
202100026137,2021-07-31 19:00:00,2021,7,31,19,0,35,35278,ALPHASIS (AVENUE D'),48.15411,-1.69674,Plein jour,En agglomération,Intersection en X,Normale,Deux véhicules - côté,4,2,2,0,1,1,2,0,1,30,,2,1,0,0,1,69.0,24.0,,,1,2,2,1,3
202100026138,2021-07-31 08:45:00,2021,7,31,8,45,35,35238,BERNARD (CLAUDE),48.0992945942,-1.6943326592,Plein jour,En agglomération,Hors intersection,Temps couvert,Deux véhicules - côté,4,2,2,2,2,1,1,0,1,50,,2,1,0,0,1,26.0,22.0,,,1,2,1,8,3
202100026139,2021-07-31 20:37:00,2021,7,31,20,37,33,33063,Rue Naujac,44.84684,-0.591984,Plein jour,Hors agglomération,Intersection en X,Normale,Deux véhicules - côté,4,1,1,0,1,1,1,0,1,50,,3,2,0,1,0,19.0,72.0,,,1,1,2,1,3
202100026140,2021-07-31 23:40:00,2021,7,31,23,40,33,33009,BALDE (ALL. JEAN) DU 02 AU 30,44.65173,-1.18013,Nuit sans éclairage public,En agglomération,Hors intersection,Normale,Sans collision,4,2,2,0,2,1,1,0,1,50,,1,0,0,0,1,60.0,,,,3,2,1,1,7
202100026141,2021-07-31 08:20:00,2021,7,31,8,20,31,31555,LOGE (CHE DE LA) DU 1AU 18,43.57815,1.43406,Plein jour,En agglomération,Hors intersection,Pluie légère,Autre collision,4,3,2,0,1,3,2,0,4,50,,2,0,0,0,2,30.0,,,,1,2,1,2,6
202100026142,2021-07-31 15:14:00,2021,7,31,15,14,29,29019,Pont de Recouvrance,48.38435,-4.49546,Plein jour,En agglomération,Hors intersection,Normale,Autre collision,4,3,2,0,1,1,1,2,1,50,,3,2,0,0,1,17.0,,,,1,2,1,1,6
202100026143,2021-07-31 06:15:00,2021,7,31,6,15,13,13206,PIERRE PUGET (COURS),43.29024,5.37594,Crépuscule ou aube,En agglomération,Intersection en X,Normale,Deux véhicules - côté,4,1,2,0,2,1,1,0,1,50,,5,2,0,0,3,25.0,18.0,,,2,2,2,1,3
202100026144,2021-07-30 15:45:00,2021,7,30,15,45,13,13005,LONGUELANCE (CHEMIN DE ),43.31499,5.57745,Plein jour,En agglomération,Intersection en T,Normale,Deux véhicules - côté,7,2,2,0,1,1,1,0,1,50,,2,1,0,0,1,20.0,36.0,,,1,2,3,1,3
202100026145,2021-07-31 09:10:00,2021,7,31,9,10,11,11069,SAINT HILAIRE -ROUTE DE-,43.2015,2.3598,Plein jour,En agglomération,Hors intersection,Temps couvert,Sans collision,3,2,2,0,1,2,2,0,1,50,,1,0,0,0,1,56.0,,,,1,2,1,8,7
202100026146,2021-07-30 12:40:00,2021,7,30,12,40,11,11069,ROCADE SUD RD 6161,43.1986,2.3373,Plein jour,En agglomération,Hors intersection,Normale,Trois véhicules et plus - en chaîne,3,2,2,0,1,1,1,0,1,80,,3,2,0,0,1,50.0,63.0,,,1,2,1,1,4
202100026147,2021-07-26 06:40:00,2021,7,26,6,40,09,09225,9° R.C.P. AVENUE DU,43.11561,1.62391,Plein jour,En agglomération,Intersection en T,Pluie légère,Deux véhicules - côté,3,2,2,0,1,1,2,0,1,30,,5,4,0,0,1,27.0,39.0,,,1,2,3,2,3
202100026148,2021-07-31 05:44:00,2021,7,31,5,44,06,06088,GAUTHIER (R. ANTOINE),43.698673,7.283092,Nuit avec éclairage allumé,En agglomération,Intersection en X,Normale,Deux véhicules - côté,4,1,1,0,2,1,2,0,1,30,,2,1,0,0,1,19.0,18.0,,,5,2,2,1,3
202100026149,2021-07-31 01:40:00,2021,7,31,1,40,75,75119,PORTE DE LA VILLETTE,48.900426,2.388878,Nuit avec éclairage allumé,En agglomération,Hors intersection,Normale,Deux véhicules - arrière,4,1,4,0,1,1,1,0,1,70,,2,1,0,0,1,47.0,,,,5,2,1,1,2
202100026150,2021-07-30 11:20:00,2021,7,30,11,20,75,75116,PORTE DE SAINT CLOUD,48.841434,2.254139,Plein jour,En agglomération,Intersection en Y,Normale,Autre collision,4,1,4,0,1,1,1,1,1,70,,1,0,0,0,1,45.0,,,,1,2,4,1,6
202100026151,2021-07-31 03:47:00,2021,7,31,3,47,75,75116,ROUTE DE SURESNES,48.865034,2.234458,Nuit avec éclairage allumé,En agglomération,Intersection en X,Normale,Deux véhicules - côté,4,2,4,0,1,1,1,5,1,50,,3,1,0,2,0,18.0,,,,5,2,2,1,3
202100026152,2021-07-31 16:45:00,2021,7,31,16,45,75,75117,AVENUE NIEL,48.88293,2.29638,Plein jour,En agglomération,Intersection en X,Normale,Deux véhicules - côté,4,2,2,0,1,1,1,0,1,50,,2,1,0,0,1,32.0,20.0,,,1,2,2,1,3
202100026153,2021-07-31 19:00:00,2021,7,31,19,0,75,75115,PLACE DU MOULIN DE JAVEL,48.84042,2.271546,Plein jour,En agglomération,Place,Normale,Deux véhicules - arrière,4,3,2,0,1,1,1,0,1,50,,2,1,0,0,1,42.0,45.0,,,1,2,7,1,2
202100026154,2021-07-31 06:00:00,2021,7,31,6,0,75,75115,BOULEVARD PASTEUR,48.841553,2.314013,Crépuscule ou aube,En agglomération,Intersection en Y,Normale,Deux véhicules - côté,4,1,1,0,2,1,1,0,1,50,,2,0,0,0,2,34.0,63.0,,,2,2,4,1,3
202100026155,2021-07-31 10:45:00,2021,7,31,10,45,75,75114,AVENUE DU GENERAL LECLERC,48.829591,2.328375,Plein jour,En agglomération,Intersection en X,Normale,Deux véhicules - arrière,4,2,2,0,1,1,1,0,1,50,,2,1,0,0,1,20.0,47.0,,,1,2,2,1,2
202100026156,2021-07-31 04:20:00,2021,7,31,4,20,75,75113,BOULEVARD VINCENT AURIOL,48.835466,2.36929,Nuit avec éclairage allumé,En agglomération,Intersection en T,Normale,Autre collision,4,1,2,1,4,1,1,0,5,30,,2,1,0,0,1,38.0,,,,5,2,3,1,6
202100026157,2021-07-31 16:35:00,2021,7,31,16,35,75,75111,AVENUE DE LA REPUBLIQUE,48.864456,2.378832,Plein jour,En agglomération,Hors intersection,Normale,Deux véhicules - côté,4,2,0,1,1,1,1,0,5,30,,3,2,0,0,1,19.0,52.0,,,1,2,1,1,3
202100026158,2021-07-31 14:03:00,2021,7,31,14,3,75,75108,PLACE DE LA CONCORDE,48.86476,2.32058,Plein jour,En agglomération,Place,Normale,Autre collision,4,1,4,0,1,1,1,0,1,50,,2,1,0,0,1,26.0,,,,1,2,7,1,6
202100026159,2021-07-29 22:35:00,2021,7,29,22,35,75,75116,PLACE DE LA PORTE DE PASSY,48.857675,2.263556,Nuit avec éclairage allumé,En agglomération,Place,Normale,Deux véhicules - arrière,4,2,3,0,1,1,1,0,1,50,,4,2,0,0,2,,60.0,,,5,2,7,1,2
202100026160,2021-07-31 03:02:00,2021,7,31,3,2,75,75103,RUE DU TEMPLE,48.86679,2.3619,Nuit avec éclairage allumé,En agglomération,Intersection en Y,Normale,Autre collision,4,1,3,0,1,3,1,0,1,50,,2,1,0,0,1,,,,,5,2,4,1,6
202100026161,2021-07-31 20:14:00,2021,7,31,20,14,75,75101,RUE DE RIVOLI,48.860916,2.340808,Crépuscule ou aube,En agglomération,Intersection en X,Normale,Sans collision,4,2,3,1,1,1,1,0,5,50,,1,0,0,0,1,22.0,,,,2,2,2,1,7
202100026162,2021-07-31 05:30:00,2021,7,31,5,30,94,94054,VICTOIRE (AV DE LA),48.745149,2.3884099,Crépuscule ou aube,En agglomération,Hors intersection,Normale,Autre collision,3,2,2,0,1,1,1,0,1,50,,1,0,0,0,1,56.0,,,,2,2,1,1,6
202100026163,2021-07-31 16:10:00,2021,7,31,16,10,93,93064,KENNEDY (AVENUE DU PRESIDENT),48.87,2.486,Plein jour,Hors agglomération,Hors intersection,Normale,Deux véhicules - côté,3,2,2,1,1,1,1,0,5,50,,2,1,0,0,1,68.0,31.0,,,1,1,1,1,3
202100026164,2021-07-31 02:00:00,2021,7,31,2,0,93,93008,ALLENDE (AVE DU P. SALVADOR),48.9,2.44,Nuit avec éclairage allumé,En agglomération,Autre intersection,Normale,Autre collision,3,2,2,0,1,1,1,0,1,50,,1,0,0,0,1,28.0,,,,5,2,9,1,6
202100026165,2021-07-31 18:00:00,2021,7,31,18,0,93,93005,Avenue Jean Jaurès / Avenue des Friches,48.921696,2.504071,Plein jour,En agglomération,Intersection en X,Normale,Deux véhicules - côté,4,2,2,0,1,1,1,0,1,50,,2,1,0,0,1,43.0,40.0,,,1,2,2,1,3
202100026166,2021-07-31 17:05:00,2021,7,31,17,5,92,92020,PARIS AVENUE DE N° IMPAIRS,48.8073527845,2.2942331039,Plein jour,En agglomération,Hors intersection,Normale,Autre collision,3,2,2,0,1,1,1,0,1,50,,2,1,0,0,1,,,,,1,2,1,1,6
202100026167,2021-07-31 17:28:00,2021,7,31,17,28,92,92040,Rue du Général Leclerc,48.82453,2.27434,Plein jour,En agglomération,Intersection en T,Normale,Deux véhicules - côté,3,2,2,0,1,1,1,5,1,30,,2,1,0,0,1,48.0,24.0,,,1,2,3,1,3
202100026168,2021-07-31 10:15:00,2021,7,31,10,15,92,92035,National ( boulevard ),48.9085095186,2.2372077405,Plein jour,En agglomération,Hors intersection,Normale,Autre collision,3,1,2,0,1,1,1,0,1,50,,2,1,0,0,1,23.0,,,,1,2,1,1,6
202100026169,2021-07-31 18:16:00,2021,7,31,18,16,92,92002,RAYMON ARON (AVENUE),48.76759,2.31064,Plein jour,En agglomération,Hors intersection,Normale,Deux véhicules - côté,3,2,4,0,1,1,1,0,1,50,,2,1,0,0,1,57.0,47.0,,,1,2,1,1,3
202100026170,2021-07-30 18:00:00,2021,7,30,18,0,38,38336,1035 N7,45.470093,4.8284,Plein jour,En agglomération,Hors intersection,Normale,Trois véhicules et plus - collisions multiples,2,2,2,0,1,1,2,0,1,50,,7,5,0,1,1,54.0,24.0,,,1,2,1,1,5
202100026171,2021-08-01 18:30:00,2021,8,1,18,30,57,57479,Rue de la Chapelle,49.409218,6.390948,Plein jour,Hors agglomération,Hors intersection,Normale,Deux véhicules - frontale,4,2,2,0,2,3,1,0,1,80,,2,1,1,0,0,27.0,22.0,,,1,1,1,1,1
202100026172,2021-07-31 07:22:00,2021,7,31,7,22,17,17183,D117,45.604836,-0.810448,Plein jour,Hors agglomération,Intersection en X,Normale,Deux véhicules - frontale,3,2,2,0,1,1,1,0,1,80,,2,1,0,1,0,30.0,35.0,,,1,1,2,1,1
202100026173,2021-08-01 04:00:00,2021,8,1,4,0,71,71550,A6 Pk 365+400 sens Paris - Lyon,46.495453,4.898593,Nuit sans éclairage public,Hors agglomération,Hors intersection,Normale,Deux véhicules - côté,1,3,5,0,1,1,1,0,1,130,,6,2,0,0,4,52.0,39.0,,,3,1,1,1,3
202100026174,2021-08-01 03:40:00,2021,8,1,3,40,71,71150,A6 aire de creches sur saone,46.236346,4.795318,Nuit avec éclairage non allumé,Hors agglomération,Hors intersection,Normale,Deux véhicules - arrière,1,1,1,0,1,3,1,0,8,70,,4,3,0,0,1,52.0,36.0,,,4,1,1,1,2
202100026175,2021-07-31 12:20:00,2021,7,31,12,20,28,28211,D941,48.158315,1.263111,Plein jour,Hors agglomération,Hors intersection,Normale,Autre collision,3,2,2,0,1,1,1,0,8,80,,1,0,0,1,0,31.0,,,,1,1,1,1,6
202100026176,2021-08-01 15:50:00,2021,8,1,15,50,11,11360,D607,43.2638469071,2.9028046131,Plein jour,Hors agglomération,Hors intersection,Normale,Deux véhicules - arrière,3,2,2,0,1,1,1,0,1,70,,3,2,0,1,0,53.0,64.0,,,1,1,1,1,2
202100026177,2021-07-31 17:00:00,2021,7,31,17,0,68,68300,Route de Chalampé,47.784968,7.430186,Plein jour,Hors agglomération,Autre intersection,Normale,Deux véhicules - côté,3,3,4,0,1,2,1,0,1,90,,4,1,0,1,2,34.0,55.0,,,1,1,9,1,3
202100026178,2021-08-01 15:12:00,2021,8,1,15,12,62,62742,Rue de Montreuil,50.461206,1.677293,Plein jour,Hors agglomération,Hors intersection,Normale,Autre collision,3,2,2,0,1,3,1,0,3,70,,1,0,1,0,0,60.0,,,,1,1,1,1,6
202100026179,2021-07-31 21:00:00,2021,7,31,21,0,50,50487,A84,48.526983,-1.34524,Crépuscule ou aube,Hors agglomération,Hors intersection,Normale,Trois véhicules et plus - collisions multiples,1,3,4,0,1,1,1,0,1,130,,9,6,0,1,2,21.0,35.0,,,2,1,1,1,5
202100026180,2021-07-31 14:00:00,2021,7,31,14,0,30,30134,D901,44.285967,4.465122,Plein jour,Hors agglomération,Hors intersection,Normale,Deux véhicules - frontale,3,2,2,0,1,3,1,0,1,80,,3,1,0,2,0,42.0,48.0,,,1,1,1,1,1
202100026181,2021-07-31 14:36:00,2021,7,31,14,36,89,89195,Départementale 1060,48.170288,3.275996,Plein jour,Hors agglomération,Hors intersection,Normale,Deux véhicules - frontale,3,2,2,0,1,1,1,2,1,80,,2,1,0,1,0,57.0,41.0,,,1,1,1,1,1
202100026182,2021-08-01 09:55:00,2021,8,1,9,55,95,95652,RD 909Z,49.112907,2.36529,Plein jour,Hors agglomération,Hors intersection,Normale,Autre collision,3,2,2,0,2,1,1,0,1,70,,1,0,0,0,1,46.0,,,,1,1,1,1,6
202100026183,2021-07-31 16:50:00,2021,7,31,16,50,95,95612,Rue de Paris,49.008898,2.47241,Plein jour,En agglomération,Hors intersection,Normale,Deux véhicules - côté,4,2,2,0,1,1,1,0,1,50,,3,2,0,1,0,21.0,,,,1,2,1,1,3
202100026184,2021-07-31 14:45:00,2021,7,31,14,45,56,56102,La Bottine,48.03423,-2.546023,Plein jour,Hors agglomération,Intersection en Y,Temps couvert,Autre collision,3,2,2,0,1,3,2,0,3,80,,1,0,0,1,0,29.0,,,,1,1,4,8,6
202100026185,2021-08-01 18:40:00,2021,8,1,18,40,67,67360,Rue du Moulin,48.1948915511,7.4929118156,Plein jour,Hors agglomération,Hors intersection,Normale,Sans collision,4,-1,2,0,1,2,6,0,8,-1,,2,1,0,1,0,26.0,,,,1,1,1,1,7
202100026186,2021-07-31 16:15:00,2021,7,31,16,15,79,79321,,46.918702,-0.106645,Plein jour,Hors agglomération,Hors intersection,Normale,Autre collision,3,2,2,0,2,1,1,0,3,80,,1,0,0,0,1,24.0,,,,1,1,1,1,6
202100026187,2021-07-31 18:10:00,2021,7,31,18,10,79,79090,intersction de la D1 et de la D106,46.114955,-0.342464,Plein jour,En agglomération,Intersection en T,Normale,Deux véhicules - côté,3,2,2,0,1,1,1,0,1,50,,6,2,0,0,4,35.0,41.0,,,1,2,3,1,3
202100026188,2021-07-26 10:20:00,2021,7,26,10,20,79,79126,,46.178048,-0.366454,Plein jour,Hors agglomération,Intersection en X,Pluie légère,Deux véhicules - côté,3,2,2,0,1,1,2,0,1,80,,3,2,0,1,0,76.0,27.0,,,1,1,2,2,3
202100026189,2021-08-01 17:50:00,2021,8,1,17,50,82,82059,lieu dit Souléry,43.847767,0.952919,Plein jour,Hors agglomération,Hors intersection,Normale,Deux véhicules - frontale,4,2,2,0,1,1,1,0,1,80,,2,1,0,0,1,,65.0,,,1,1,1,1,1
202100026190,2021-08-01 19:05:00,2021,8,1,19,5,81,81183,Route de la Prade,43.80331,2.372773,Plein jour,Hors agglomération,Hors intersection,Normale,Deux véhicules - frontale,4,2,2,0,2,1,1,0,1,80,,2,1,1,0,0,50.0,18.0,,,1,1,1,1,1
202100026191,2021-08-01 17:30:00,2021,8,1,17,30,11,11049,D4,43.268741,2.132485,Plein jour,En agglomération,Hors intersection,Normale,Autre collision,3,2,2,0,3,1,1,0,8,70,,1,0,0,1,0,53.0,,,,1,2,1,1,6
202100026192,2021-07-31 22:49:00,2021,7,31,22,49,12,12232,RD 93,43.934711,3.014063,Nuit sans éclairage public,Hors agglomération,Hors intersection,Normale,Sans collision,3,2,2,0,1,4,2,0,3,80,,4,0,0,1,3,23.0,,,,3,1,1,1,7
202100026193,2021-08-01 13:50:00,2021,8,1,13,50,68,68201,17 Route Joffre,47.776216,7.000034,Plein jour,En agglomération,Hors intersection,Normale,Autre collision,3,2,2,0,2,1,2,0,4,50,,1,0,1,0,0,49.0,,,,1,2,1,1,6
202100026194,2021-07-31 07:20:00,2021,7,31,7,20,29,29268,Lieu-dit Veuleury,48.462436,-4.300665,Crépuscule ou aube,Hors agglomération,Hors intersection,Normale,Autre collision,4,2,2,0,4,2,1,0,3,-1,,1,0,0,0,1,19.0,,,,2,1,1,1,6
202100026195,2021-07-31 16:00:00,2021,7,31,16,0,38,38399,D126,45.522962,5.149122,Plein jour,Hors agglomération,Hors intersection,Normale,Deux véhicules - arrière,3,2,2,0,2,1,1,0,1,80,,5,2,0,0,3,57.0,27.0,,,1,1,1,1,2
202100026196,2021-07-31 20:05:00,2021,7,31,20,5,38,38195,Route des Deveys,45.1522,5.369786,Crépuscule ou aube,Hors agglomération,Hors intersection,Pluie légère,Deux véhicules - frontale,4,2,2,0,1,1,2,0,1,80,,2,1,0,1,0,43.0,9.0,,,2,1,1,2,1
202100026197,2021-08-01 10:00:00,2021,8,1,10,0,84,84079,D1,44.082607,5.365883,Plein jour,Hors agglomération,Hors intersection,Normale,Sans collision,3,2,2,0,2,2,1,0,3,80,,1,0,1,0,0,39.0,,,,1,1,1,1,7
202100026198,2021-08-01 05:45:00,2021,8,1,5,45,03,03122,les placourauds,46.504241,3.027248,Crépuscule ou aube,Hors agglomération,Hors intersection,Normale,Sans collision,3,2,2,0,2,1,9,0,3,50,,3,0,0,2,1,19.0,,,,2,1,1,1,7
202100026199,2021-08-01 15:00:00,2021,8,1,15,0,01,01034,ZA de l Ousson,45.758276,5.706051,Plein jour,En agglomération,Giratoire,Normale,Deux véhicules - côté,3,2,2,1,4,3,2,0,1,50,,2,1,0,0,1,77.0,20.0,,,1,2,6,1,3
202100026200,2021-07-30 10:00:00,2021,7,30,10,0,70,70428,RN 19,47.656781,6.111268,Plein jour,Hors agglomération,Hors intersection,Normale,Trois véhicules et plus - collisions multiples,2,3,2,0,1,1,1,0,1,110,,3,0,0,2,1,81.0,63.0,,,1,1,1,1,5
202100026201,2021-08-01 16:20:00,2021,8,1,16,20,14,14254,D8,49.146598,-0.418317,Plein jour,Hors agglomération,Hors intersection,Normale,Autre collision,3,2,2,0,1,1,1,0,3,90,,3,2,0,0,1,40.0,,,,1,1,1,1,6
202100026202,2021-08-01 08:20:00,2021,8,1,8,20,05,05184,D20,44.4108,5.954386,Plein jour,Hors agglomération,Hors intersection,Normale,Sans collision,3,2,2,0,2,1,1,0,1,50,,1,0,0,1,0,43.0,,,,1,1,1,1,7
202100026203,2021-07-30 10:15:00,2021,7,30,10,15,83,83032,Route du Lac,43.4705672552,6.1976394037,Plein jour,Hors agglomération,Hors intersection,Normale,Deux véhicules - frontale,3,2,2,0,1,3,1,0,1,-1,,2,1,0,1,0,51.0,42.0,,,1,1,1,1,1
202100026204,2021-07-30 16:20:00,2021,7,30,16,20,43,43213,RD 500,45.251054,4.273392,Plein jour,Hors agglomération,Hors intersection,Normale,Sans collision,3,2,2,0,1,1,1,0,3,80,,1,0,0,1,0,19.0,,,,1,1,1,1,7
202100026205,2021-07-30 23:00:00,2021,7,30,23,0,10,10427,D4,48.102568,4.435329,Nuit sans éclairage public,Hors agglomération,Hors intersection,Normale,Deux véhicules - arrière,3,2,2,0,1,1,1,0,1,80,,2,1,0,0,1,35.0,56.0,,,3,1,1,1,2
202100026206,2021-07-31 21:20:00,2021,7,31,21,20,21,21196,Rue du Pont de Paris,46.921028,4.753228,Nuit avec éclairage non allumé,En agglomération,Intersection en X,Normale,Deux véhicules - côté,3,-1,2,0,1,1,1,0,1,50,,2,1,0,1,0,53.0,59.0,,,4,2,2,1,3
202100026207,2021-07-31 17:05:00,2021,7,31,17,5,24,24004,lieu-dit Tuilerie de La Garde - PK 31+800 - CD 6089,45.134492,1.036159,Plein jour,Hors agglomération,Hors intersection,Temps couvert,Deux véhicules - frontale,3,2,2,0,1,3,1,0,1,90,,7,0,0,0,7,31.0,23.0,,,1,1,1,8,1
202100026208,2021-07-31 10:30:00,2021,7,31,10,30,85,85234,Route de Challans,46.79577,-2.048328,Plein jour,En agglomération,Giratoire,Normale,Deux véhicules - arrière,3,2,2,0,1,3,1,0,1,50,,2,1,0,1,0,89.0,56.0,,,1,2,6,1,2
202100026209,2021-08-01 01:40:00,2021,8,1,1,40,85,85197,D763,46.872938,-1.395087,Nuit sans éclairage public,Hors agglomération,Hors intersection,Normale,Autre collision,3,3,4,0,1,2,1,0,8,110,,2,0,0,1,1,25.0,,,,3,1,1,1,6
202100026210,2021-08-01 05:50:00,2021,8,1,5,50,85,85084,Bois Roulin (Les Essarts),46.76504,-1.24986,Nuit sans éclairage public,En agglomération,Hors intersection,Normale,Sans collision,4,2,2,0,1,2,1,0,1,50,,1,0,0,0,1,17.0,,,,3,2,1,1,7
202100026211,2021-08-01 04:30:00,2021,8,1,4,30,85,85202,Rue de Saint-Martin,46.74013,-1.1172,Nuit sans éclairage public,En agglomération,Hors intersection,Normale,Autre collision,3,4,2,0,1,1,1,9,1,50,,2,0,0,0,2,16.0,,,,3,2,1,1,6
202100026212,2021-07-31 22:40:00,2021,7,31,22,40,27,27597,D102,49.383847,0.374254,Nuit sans éclairage public,Hors agglomération,Hors intersection,Normale,Autre collision,3,2,2,0,1,2,1,0,1,80,,2,0,0,1,1,19.0,,,,3,1,1,1,6
202100026213,2021-08-01 00:15:00,2021,8,1,0,15,23,23255,D997,46.227806,2.238405,Nuit sans éclairage public,Hors agglomération,Hors intersection,Normale,Sans collision,3,2,2,0,1,1,9,0,1,-1,,2,0,0,1,1,20.0,,,,3,1,1,1,7
202100026214,2021-07-31 05:20:00,2021,7,31,5,20,30,30218,D.51,44.241856,4.27911,Crépuscule ou aube,Hors agglomération,Hors intersection,Normale,Autre collision,3,2,2,0,2,1,1,0,3,80,,1,0,0,1,0,22.0,,,,2,1,1,1,6
202100026215,2021-07-31 00:10:00,2021,7,31,0,10,30,30037,D17,44.29545,4.075456,Nuit avec éclairage allumé,En agglomération,Hors intersection,Normale,Autre collision,3,2,2,0,1,3,1,0,4,50,,1,0,0,1,0,31.0,,,,5,2,1,1,6
202100026216,2021-07-31 06:45:00,2021,7,31,6,45,72,72080,Pk 134+500,48.135306,0.641069,Plein jour,Hors agglomération,Hors intersection,Normale,Sans collision,1,3,3,3,2,1,1,0,3,130,,4,3,0,1,0,34.0,,,,1,1,1,1,7
202100026217,2021-07-31 17:15:00,2021,7,31,17,15,72,72031,autoroute A11 pk 146,48.088257,0.505328,Plein jour,Hors agglomération,Hors intersection,Normale,Deux véhicules - côté,1,1,3,0,1,1,1,0,1,130,,2,1,0,1,0,58.0,49.0,,,1,1,1,1,3
202100026218,2021-07-29 21:00:00,2021,7,29,21,0,11,11262,CD32,43.169129,3.037162,Crépuscule ou aube,Hors agglomération,Hors intersection,Normale,Sans collision,3,2,2,0,1,3,1,0,3,70,,1,0,0,0,1,40.0,,,,2,1,1,1,7
202100026219,2021-08-01 07:50:00,2021,8,1,7,50,17,17285,A10,45.803226,-0.654953,Plein jour,Hors agglomération,Hors intersection,Normale,Deux véhicules - côté,1,3,4,3,1,1,2,0,1,130,,4,2,0,1,1,85.0,50.0,,,1,1,1,1,3