accident_id,datetime,annee,mois,jour,heure,minute,departement,commune_insee,adresse,latitude,longitude,luminosite,agglomeration,intersection,meteo,collision,catr,circ,nbv,vosp,prof,plan,surf,infra,situ,vma,nb_vehicules,nb_usagers,nb_indemnes,nb_tues,nb_blesses_hosp,nb_blesses_legers,age_cond_1,age_cond_2,veh_type_cond_1,veh_type_cond_2,lum_code,agg_code,int_code,atm_code,col_code
202100026220,2021-07-31 20:15:00,2021,7,31,20,15,975,97502,Rue Maître Georges Lefèvre,46.782684,-56.174045,Plein jour,En agglomération,Intersection en X,Normale,Autre collision,4,1,2,0,1,1,1,0,1,50,,3,1,0,1,1,43.0,14.0,,,1,2,2,1,6
202100026221,2021-07-30 21:20:00,2021,7,30,21,20,971,97118,Route de Viard,16.168866,-61.587617,Nuit sans éclairage public,Hors agglomération,Hors intersection,Normale,Deux véhicules - frontale,3,2,2,0,2,2,2,0,1,70,,2,1,0,1,0,55.0,50.0,,,3,1,1,1,1
202100026222,2021-08-01 00:15:00,2021,8,1,0,15,978,97801,N7- route de bellevue,18.052357,-63.085856,Nuit sans éclairage public,Hors agglomération,Hors intersection,Normale,Trois véhicules et plus - collisions multiples,2,-1,2,0,1,1,1,0,8,70,,6,4,0,2,0,30.0,32.0,,,3,1,1,1,5
202100026223,2021-07-31 20:10:00,2021,7,31,20,10,21,21171,Boulevard Jan Pallach,47.294057,5.127348,Plein jour,En agglomération,Hors intersection,Normale,Sans collision,7,2,2,0,1,1,1,9,4,50,,1,0,0,1,0,25.0,,,,1,2,1,1,7
202100026224,2021-08-01 04:45:00,2021,8,1,4,45,45,45063,48 Route d Argent,47.633485,2.365301,Crépuscule ou aube,En agglomération,Hors intersection,Normale,Autre collision,3,2,2,0,1,1,1,5,4,50,,5,4,0,1,0,21.0,,,,2,2,1,1,6
202100026225,2021-07-31 22:00:00,2021,7,31,22,0,45,45290,66 Route de Chateauneuf,47.861524,2.249678,Nuit sans éclairage public,Hors agglomération,Hors intersection,Normale,Deux véhicules - arrière,3,2,2,0,1,1,1,0,1,80,,3,1,2,0,0,48.0,50.0,,,3,1,1,1,2
202100026226,2021-07-31 21:30:00,2021,7,31,21,30,30,30258,Boulevard Chanzy,43.673036,4.434636,Nuit avec éclairage allumé,En agglomération,Hors intersection,Pluie légère,Deux véhicules - frontale,3,2,2,0,1,1,2,2,1,50,,3,1,0,0,2,23.0,55.0,,,5,2,1,2,1
202100026227,2021-08-01 17:45:00,2021,8,1,17,45,04,04100,RD 900,44.435971,6.872141,Plein jour,Hors agglomération,Hors intersection,Normale,Sans collision,3,2,2,0,2,2,1,0,1,80,,2,0,0,2,0,47.0,,,,1,1,1,1,7
202100026228,2021-07-30 19:20:00,2021,7,30,19,20,13,13022,2 Chemin du Plan d Olive,43.231572,5.545435,Plein jour,En agglomération,Autre intersection,Normale,Deux véhicules - frontale,4,2,2,0,1,3,1,0,1,30,,2,1,0,1,0,20.0,65.0,,,1,2,9,1,1
202100026229,2021-08-01 15:14:00,2021,8,1,15,14,71,71123,Le Moulin Bailly,46.230092,3.950309,Plein jour,Hors agglomération,Hors intersection,Normale,Deux véhicules - côté,4,2,2,0,1,3,1,0,1,80,,3,2,0,1,0,10.0,33.0,,,1,1,1,1,3
202100026230,2021-07-31 18:18:00,2021,7,31,18,18,57,57596,D603,49.163245,6.857834,Plein jour,En agglomération,Hors intersection,Temps couvert,Deux véhicules - arrière,3,2,2,0,3,1,1,2,1,50,,2,1,0,0,1,40.0,59.0,,,1,2,1,8,2
202100026231,2021-08-01 00:45:00,2021,8,1,0,45,03,03119,D30,46.70794,3.587732,Nuit sans éclairage public,Hors agglomération,Hors intersection,Normale,Autre collision,3,3,2,0,1,1,1,0,1,90,,1,0,1,0,0,21.0,,,,3,1,1,1,6
202100026232,2021-07-21 12:00:00,2021,7,21,12,0,73,73026,D1006,45.208947,6.730237,Plein jour,Hors agglomération,Hors intersection,Normale,Deux véhicules - côté,3,2,2,0,1,1,1,0,1,80,,2,1,0,0,1,26.0,31.0,,,1,1,1,1,3
202100026233,2021-07-31 11:20:00,2021,7,31,11,20,73,73262,D1212 Route du Val d Arly,45.795087846,6.4838374924,Plein jour,Hors agglomération,Hors intersection,Normale,Sans collision,3,2,2,0,2,2,1,0,1,80,,3,2,0,0,1,75.0,26.0,,,1,1,1,1,7
202100026234,2021-07-30 17:35:00,2021,7,30,17,35,73,73021,D207 A,45.449504,6.124835,Plein jour,Hors agglomération,Hors intersection,Normale,Sans collision,3,2,2,0,2,4,9,8,1,50,,1,0,0,1,0,28.0,,,,1,1,1,1,7
202100026235,2021-07-28 16:45:00,2021,7,28,16,45,26,26250,Route des 7 Chemins,45.0389311,4.887082,Plein jour,Hors agglomération,Giratoire,Normale,Deux véhicules - côté,3,2,2,0,1,3,1,0,1,80,,5,4,0,0,1,23.0,57.0,,,1,1,6,1,3
202100026236,2021-08-01 00:20:00,2021,8,1,0,20,09,09282,D14,43.233557,1.569993,Nuit sans éclairage public,En agglomération,Intersection en Y,Normale,Deux véhicules - frontale,3,2,2,0,2,1,1,0,1,30,,4,3,0,0,1,34.0,18.0,,,3,2,4,1,1
202100026237,2021-07-31 01:35:00,2021,7,31,1,35,09,09042,rd 117 pk 59+450,43.009715,1.413889,Nuit sans éclairage public,Hors agglomération,Hors intersection,Normale,Deux véhicules - frontale,3,2,2,0,1,1,1,0,1,80,,3,2,1,0,0,52.0,47.0,,,3,1,1,1,1
202100026238,2021-08-01 04:43:00,2021,8,1,4,43,60,60328,D149,49.507866188,2.0878443717,Nuit sans éclairage public,Hors agglomération,Hors intersection,Normale,Autre collision,3,2,2,0,1,1,1,0,3,80,,2,0,0,0,2,20.0,,,,3,1,1,1,6
202100026239,2021-08-01 17:15:00,2021,8,1,17,15,59,59409,D132,50.296742,3.210261,Plein jour,Hors agglomération,Hors intersection,Normale,Deux véhicules - frontale,3,2,2,0,1,3,1,0,1,80,,2,0,0,2,0,54.0,36.0,,,1,1,1,1,1
202100026240,2021-07-31 12:00:00,2021,7,31,12,0,59,59401,363 Rue Nationale,50.739439,2.703192,Plein jour,Hors agglomération,Hors intersection,Normale,Deux véhicules - frontale,3,2,2,0,1,1,1,0,1,70,,3,2,0,0,1,23.0,26.0,,,1,1,1,1,1
202100026241,2021-07-30 17:10:00,2021,7,30,17,10,13,13055,A507 sens Aubagne- Marseille,43.33631,5.3802,Plein jour,Hors agglomération,Hors intersection,Normale,Trois véhicules et plus - en chaîne,1,1,2,0,1,1,1,0,1,70,,4,2,0,0,2,40.0,38.0,,,1,1,1,1,4
202100026242,2021-07-31 07:45:00,2021,7,31,7,45,13,13071,A7-Sens Lyon vers Marseille,43.405,5.33886,Plein jour,Hors agglomération,Hors intersection,Normale,Deux véhicules - arrière,1,1,4,0,1,1,1,3,1,110,,2,1,0,0,1,67.0,21.0,,,1,1,1,1,2
202100026243,2021-07-31 03:57:00,2021,7,31,3,57,13,13215,A55-Sens Marseille vers Martigues,43.33019,5.35513,Nuit sans éclairage public,Hors agglomération,Hors intersection,Normale,Deux véhicules - frontale,1,1,1,0,2,2,1,3,1,50,,1,0,0,0,1,27.0,,,,3,1,1,1,1
202100026244,2021-07-31 01:30:00,2021,7,31,1,30,13,13216,A55-Sens Martigues vers Marseille,43.36328,5.34099,Nuit sans éclairage public,Hors agglomération,Hors intersection,Normale,Deux véhicules - arrière,1,1,2,0,1,3,1,0,1,90,,3,1,0,0,2,,56.0,,,3,1,1,1,2
202100026245,2021-07-27 19:30:00,2021,7,27,19,30,13,13106,A7-Sens Lyon vers Marseille,43.39588,5.3504,Plein jour,Hors agglomération,Hors intersection,Normale,Trois véhicules et plus - collisions multiples,1,1,2,0,1,1,1,0,1,90,,3,2,0,0,1,49.0,38.0,,,1,1,1,1,5
202100026246,2021-07-28 22:46:00,2021,7,28,22,46,67,67482,M35,48.58147,7.72428,Nuit sans éclairage public,Hors agglomération,Hors intersection,Normale,Sans collision,7,1,1,0,1,1,1,0,3,90,,1,0,0,0,1,25.0,,,,3,1,1,1,7
202100026247,2021-07-31 15:00:00,2021,7,31,15,0,91,91689,AUTOROUTE A6B,48.743389,2.321569,Plein jour,Hors agglomération,Hors intersection,Normale,Trois véhicules et plus - en chaîne,1,1,3,0,2,1,1,0,1,110,,5,4,0,0,1,39.0,56.0,,,1,1,1,1,4
202100026248,2021-07-31 13:45:00,2021,7,31,13,45,95,95252,A15,48.98393,2.21762,Plein jour,Hors agglomération,Hors intersection,Normale,Autre collision,1,3,6,0,1,1,1,0,1,110,,1,0,0,0,1,24.0,,,,1,1,1,1,6
202100026249,2021-07-30 22:40:00,2021,7,30,22,40,93,93001,AUTOROUTE A86,48.92151,2.37645,Nuit avec éclairage non allumé,Hors agglomération,Hors intersection,Normale,Autre collision,1,3,8,0,2,1,1,0,1,90,,1,0,0,0,1,24.0,,,,4,1,1,1,6
202100026250,2021-07-30 19:40:00,2021,7,30,19,40,92,92036,AUTOROUTE A86,48.9381005247,2.2979271279,Plein jour,Hors agglomération,Hors intersection,Normale,Deux véhicules - côté,1,3,9,0,1,1,1,0,1,90,,2,1,0,0,1,27.0,57.0,,,1,1,1,1,3
202100026251,2021-07-30 23:27:00,2021,7,30,23,27,94,94028,A86 INT,48.77952,2.44109,Nuit avec éclairage allumé,Hors agglomération,Autre intersection,Normale,Autre collision,1,1,2,0,4,3,1,0,1,90,,3,0,0,1,2,21.0,23.0,,,5,1,9,1,6
202100026252,2021-07-29 11:38:00,2021,7,29,11,38,91,91477,LEON BOURGEOIS (RUE),48.70346,2.23736,Plein jour,En agglomération,Hors intersection,Normale,Autre collision,4,2,2,0,2,1,1,0,3,30,,3,2,1,0,0,57.0,84.0,,,1,2,1,1,6
202100026253,2021-07-30 11:50:00,2021,7,30,11,50,91,91589,BD ARISTIDE BRIAND,48.687089,2.353872,Plein jour,En agglomération,Hors intersection,Normale,Autre collision,3,1,2,0,1,1,1,0,1,50,,2,1,0,0,1,,,,,1,2,1,1,6
202100026254,2021-07-29 11:05:00,2021,7,29,11,5,43,43089,Chemin du Val du Riou,45.04605,3.86087,Plein jour,En agglomération,Hors intersection,Normale,Autre collision,4,2,2,0,1,1,1,0,1,50,,2,1,0,1,0,35.0,,,,1,2,1,1,6
202100026255,2021-07-30 08:45:00,2021,7,30,8,45,974,97411,RN2/111,-20.872243,55.450103,Plein jour,Hors agglomération,Hors intersection,Pluie légère,Autre collision,2,2,4,0,2,2,2,0,1,90,,4,2,0,2,0,31.0,,,,1,1,1,2,6
202100026256,2021-07-29 14:40:00,2021,7,29,14,40,974,97411,LATTRE DE TASSIGNY (AVENUE MARECHAL DE),-20.88909,55.47571,Plein jour,En agglomération,Intersection en X,Normale,Deux véhicules - frontale,4,2,6,0,1,2,1,5,1,50,,2,1,0,0,1,68.0,,,,1,2,2,1,1
202100026257,2021-07-25 13:00:00,2021,7,25,13,0,974,97407,NEHRU (ALLEE),-20.93846,55.30215,Plein jour,En agglomération,Hors intersection,Normale,Deux véhicules - côté,4,2,2,0,1,1,1,0,1,50,,1,0,0,0,1,64.0,,,,1,2,1,1,3
202100026258,2021-07-30 14:45:00,2021,7,30,14,45,69,69386,JULIETTE RECAMIER (R),45.7665679792,4.8565841317,Plein jour,En agglomération,Hors intersection,Pluie légère,Autre collision,4,1,2,0,1,1,2,0,1,50,,2,1,0,0,1,28.0,,,,1,2,1,2,6
202100026259,2021-07-29 03:58:00,2021,7,29,3,58,69,69383,LACASSAGNE (AV),45.74763,4.88179,Nuit avec éclairage allumé,En agglomération,Hors intersection,Normale,Deux véhicules - arrière,4,1,3,2,1,1,1,0,2,50,,2,1,0,1,0,20.0,36.0,,,5,2,1,1,2
202100026260,2021-07-29 08:20:00,2021,7,29,8,20,972,97213,PELLETIER (ROUTE DE),14.65685,-60.97979,Plein jour,Hors agglomération,Autre intersection,Normale,Autre collision,3,2,1,0,1,1,1,9,8,30,,2,1,0,0,1,26.0,,,,1,1,9,1,6
202100026261,2021-07-30 23:30:00,2021,7,30,23,30,69,69386,CHARLES DE GAULLE (Q),45.776773077,4.8438561559,Nuit avec éclairage allumé,En agglomération,Intersection en Y,Normale,Deux véhicules - arrière,4,1,2,2,1,1,1,0,1,50,,3,2,0,0,1,26.0,24.0,,,5,2,4,1,2
202100026262,2021-07-30 17:10:00,2021,7,30,17,10,69,69389,BOURGOGNE (DE) (R),45.778591015,4.802509278,Plein jour,En agglomération,Intersection en X,Pluie légère,Deux véhicules - côté,4,2,2,0,1,1,2,5,1,50,,2,1,0,0,1,22.0,48.0,,,1,2,2,2,3
202100026263,2021-07-30 05:40:00,2021,7,30,5,40,69,69142,STEPHANE DECHANT (R),45.72468,4.81334,Nuit avec éclairage allumé,En agglomération,Hors intersection,Normale,Deux véhicules - frontale,7,2,2,3,1,1,1,0,6,50,,2,1,0,0,1,36.0,64.0,,,5,2,1,1,1
202100026264,2021-07-24 20:15:00,2021,7,24,20,15,971,97101,VIEUX BOURG,16.24951,-61.52847,Nuit avec éclairage allumé,En agglomération,Intersection en Y,Normale,Deux véhicules - arrière,2,1,1,0,3,3,1,3,1,30,,3,2,0,0,1,34.0,40.0,,,5,2,4,1,2
202100026265,2021-07-30 15:30:00,2021,7,30,15,30,95,95424,RD 14,48.9927377478,2.1984251924,Plein jour,En agglomération,Giratoire,Normale,Deux véhicules - côté,3,3,4,1,1,1,1,5,1,50,,2,1,0,0,1,53.0,70.0,,,1,2,6,1,3
202100026266,2021-07-29 20:50:00,2021,7,29,20,50,91,91027,AV FRANCOIS MITTERRAND,48.70501,2.37146,Plein jour,En agglomération,Intersection en T,Normale,Deux véhicules - côté,3,1,2,0,1,1,1,0,1,50,,5,2,0,0,3,21.0,33.0,,,1,2,3,1,3
202100026267,2021-07-30 05:57:00,2021,7,30,5,57,91,91223,RUE DE LA MARE DES BELLES FILLES ,48.40174,2.12642,Nuit sans éclairage public,En agglomération,Hors intersection,Normale,Sans collision,4,2,2,0,1,1,1,0,1,50,,1,0,0,0,1,17.0,,,,3,2,1,1,7
202100026268,2021-07-31 00:05:00,2021,7,31,0,5,83,83126,GAMBETTA (AV),43.1048,5.87866,Nuit avec éclairage allumé,En agglomération,Hors intersection,Normale,Autre collision,4,1,2,0,1,1,1,0,1,50,,2,1,0,1,0,35.0,,,,5,2,1,1,6
202100026269,2021-07-30 06:45:00,2021,7,30,6,45,78,78401,PONT SAINT COME (RUE DU),49.00173,1.90789,Plein jour,En agglomération,Autre intersection,Normale,Deux véhicules - frontale,4,2,2,0,1,1,1,2,1,50,,3,0,0,0,3,23.0,28.0,,,1,2,9,1,1
202100026270,2021-07-29 18:25:00,2021,7,29,18,25,77,77350,RUE LAVOISIER,48.76793,2.68249,Plein jour,En agglomération,Hors intersection,Normale,Deux véhicules - côté,4,2,2,0,1,1,1,0,1,50,,4,2,0,0,2,16.0,51.0,,,1,2,1,1,3
202100026271,2021-07-28 03:30:00,2021,7,28,3,30,77,77067,RD 306,48.5832,2.608,Nuit avec éclairage allumé,Hors agglomération,Intersection en T,Normale,Deux véhicules - côté,3,2,4,0,1,1,2,0,1,50,,4,1,0,0,3,19.0,53.0,,,5,1,3,1,3
202100026272,2021-07-29 15:15:00,2021,7,29,15,15,77,77320,D44 x D934,48.825425,3.03751,Plein jour,En agglomération,Intersection en T,Normale,Deux véhicules - côté,3,2,2,1,1,1,1,0,1,50,,2,1,0,1,0,26.0,27.0,,,1,2,3,1,3
202100026273,2021-07-30 18:51:00,2021,7,30,18,51,72,72181,RUAUDIN (RUE) N° IMP 1 A 67,47.96963,0.234218,Plein jour,En agglomération,Intersection en Y,Normale,Autre collision,4,2,2,0,2,2,1,0,1,50,,3,1,0,0,2,50.0,31.0,,,1,2,4,1,6
202100026274,2021-07-30 17:15:00,2021,7,30,17,15,72,72181,JAURES JEAN (AV) N° IMP 35 A 179,47.9940741621,0.2035939691,Plein jour,En agglomération,Hors intersection,Normale,Deux véhicules - arrière,4,3,2,0,1,1,1,0,1,50,,2,1,0,0,1,24.0,37.0,,,1,2,1,1,2
202100026275,2021-07-26 07:15:00,2021,7,26,7,15,72,72181,POITEVIN ALPHONSE (RUE),48.015265,0.201667,Plein jour,En agglomération,Giratoire,Normale,Deux véhicules - côté,4,-1,2,1,1,3,1,5,1,50,,2,1,0,0,1,30.0,46.0,,,1,2,6,1,3
202100026276,2021-07-30 16:05:00,2021,7,30,16,5,71,71040,4 bis Rue Felix Clerc,46.69731,4.38891,Plein jour,En agglomération,Hors intersection,Normale,Deux véhicules - côté,4,-1,2,0,2,2,1,0,1,50,,2,1,0,0,1,64.0,47.0,,,1,2,1,1,3
202100026277,2021-07-28 11:20:00,2021,7,28,11,20,71,71270,129 Quai Lamartine,46.30425,4.83457,Plein jour,En agglomération,Intersection en T,Normale,Deux véhicules - côté,3,3,4,0,1,1,1,5,1,50,,2,1,0,0,1,31.0,54.0,,,1,2,3,1,3
202100026278,2021-07-25 11:45:00,2021,7,25,11,45,67,67180,LANDAU (ROND-POINT DE),48.82219,7.79197,Plein jour,En agglomération,Giratoire,Normale,Sans collision,3,1,2,0,1,2,1,5,1,50,,1,0,0,0,1,45.0,,,,1,2,6,1,7
202100026279,2021-07-29 15:55:00,2021,7,29,15,55,66,66136,ESPAGNE (ROUTE D'),42.67902,2.89199,Plein jour,En agglomération,Hors intersection,Normale,Autre collision,4,2,2,0,1,1,1,0,1,50,,2,0,0,0,2,82.0,79.0,,,1,2,1,1,6
202100026280,2021-07-30 13:50:00,2021,7,30,13,50,65,65047,JAURES (AVE JEAN),43.243532,0.095815,Plein jour,En agglomération,Hors intersection,Normale,Trois véhicules et plus - en chaîne,2,2,2,0,1,1,1,0,1,50,,4,0,0,0,4,51.0,18.0,,,1,2,1,1,4
202100026281,2021-07-29 11:40:00,2021,7,29,11,40,64,64545,rd 913,43.37795,-1.68758,Plein jour,Hors agglomération,Hors intersection,Normale,Trois véhicules et plus - collisions multiples,3,2,2,0,1,1,1,0,1,70,,7,2,0,1,4,82.0,47.0,,,1,1,1,1,5
202100026282,2021-07-26 16:00:00,2021,7,26,16,0,64,64125,ESPAGNE (AVENUE D'),43.42707,-1.60383,Plein jour,En agglomération,Hors intersection,Normale,Sans collision,3,2,2,0,1,3,1,0,1,50,,1,0,0,1,0,27.0,,,,1,2,1,1,7
202100026283,2021-07-25 18:50:00,2021,7,25,18,50,64,64122,REINE NATHALIE (AVENUE DE LA),43.48372,-1.5465,Plein jour,En agglomération,Hors intersection,Normale,Deux véhicules - côté,4,1,1,0,1,1,1,9,1,30,,2,1,0,0,1,34.0,39.0,,,1,2,1,1,3
202100026284,2021-07-25 02:15:00,2021,7,25,2,15,64,64122,"""FOCH (AV, DU MARECHAL)""",43.47786,-1.55729,Nuit avec éclairage allumé,En agglomération,Hors intersection,Pluie légère,Sans collision,4,2,2,0,2,3,2,0,1,30,,1,0,0,0,1,35.0,,,,5,2,1,2,7
202100026285,2021-07-30 19:30:00,2021,7,30,19,30,64,64102,PAULMY (AVENUE DES ALLEES),43.49509,-1.47849,Plein jour,En agglomération,Intersection en X,Normale,Deux véhicules - côté,4,1,1,0,1,2,1,0,1,50,,2,1,0,0,1,20.0,21.0,,,1,2,2,1,3
202100026286,2021-07-29 19:15:00,2021,7,29,19,15,62,62540,CD941,50.4587019,2.575848,Plein jour,Hors agglomération,Hors intersection,Normale,Sans collision,3,2,2,0,1,1,1,0,1,80,,2,1,0,1,0,36.0,,,,1,1,1,1,7
202100026287,2021-07-29 19:05:00,2021,7,29,19,5,62,62193,SAINT EXUPERY (AVENUE. 220 A ...),50.94684,1.91367,Plein jour,En agglomération,Autre intersection,Normale,Deux véhicules - côté,4,3,2,1,1,1,1,0,1,50,,2,1,0,0,1,48.0,55.0,,,1,2,9,1,3
202100026288,2021-07-30 14:15:00,2021,7,30,14,15,60,60159,Boulevard des États-Unis,49.40766,2.82503,Plein jour,En agglomération,Intersection en T,Normale,Deux véhicules - côté,4,2,2,0,1,1,1,0,1,50,,4,0,0,1,3,84.0,63.0,,,1,2,3,1,3
202100026289,2021-07-07 20:05:00,2021,7,7,20,5,59,59350,JEMMAPES RUE,50.6446,3.05761,Plein jour,En agglomération,Intersection en X,Normale,Deux véhicules - côté,4,1,1,0,1,1,1,0,1,30,,2,1,0,0,1,,23.0,,,1,2,2,1,3
202100026290,2021-07-28 07:10:00,2021,7,28,7,10,59,59009,JAURES JEAN RUE DU 130 AU 252,50.66516,3.14063,Plein jour,En agglomération,Hors intersection,Normale,Autre collision,7,2,2,3,1,1,1,6,1,50,,2,1,0,0,1,64.0,,,,1,2,1,1,6
202100026291,2021-07-29 15:15:00,2021,7,29,15,15,56,56083,KERPOTENCE (RUE  DE ),47.81555,-3.24384,Plein jour,En agglomération,Giratoire,Normale,Sans collision,3,2,2,0,1,2,1,5,3,30,,1,0,0,0,1,17.0,,,,1,2,6,1,7
202100026292,2021-07-30 13:20:00,2021,7,30,13,20,54,54304,BOIS GRONEE (AVENUE DU),48.6793281055,6.1425898969,Plein jour,En agglomération,Intersection en X,Normale,Deux véhicules - côté,7,2,3,0,1,1,1,0,1,50,,3,0,0,0,3,25.0,22.0,,,1,2,2,1,3
202100026293,2021-07-30 17:30:00,2021,7,30,17,30,51,51454,Rue du Docteur Albert Schweitzer,49.27974,4.02154,Plein jour,En agglomération,Hors intersection,Normale,Sans collision,4,3,-1,3,1,1,1,-1,6,50,,2,1,0,0,1,37.0,,,,1,2,1,1,7
202100026294,2021-07-29 11:55:00,2021,7,29,11,55,51,51454,Rue de Courcelles,49.26646,4.00377,Plein jour,En agglomération,Hors intersection,Normale,Deux véhicules - arrière,4,2,2,1,1,1,1,0,1,50,,2,1,0,0,1,26.0,,,,1,2,1,1,2
202100026295,2021-07-29 17:35:00,2021,7,29,17,35,51,51230,Rue Pierre Semard,49.04566,3.96145,Plein jour,En agglomération,Hors intersection,Normale,Sans collision,3,1,1,0,2,3,1,0,1,50,,2,1,0,0,1,38.0,,,,1,2,1,1,7
202100026296,2021-07-29 11:03:00,2021,7,29,11,3,49,49007,GRAND MONTREJEAU,47.46828,-0.52201,Plein jour,En agglomération,Hors intersection,Normale,Deux véhicules - frontale,4,2,2,0,1,1,1,0,1,50,,2,1,0,0,1,,63.0,,,1,2,1,1,1
202100026297,2021-07-29 19:23:00,2021,7,29,19,23,49,49007,SAINT LAZARE,47.48071,-0.56682,Plein jour,En agglomération,Hors intersection,Normale,Sans collision,4,2,2,0,1,1,1,0,1,50,,1,0,0,0,1,19.0,,,,1,2,1,1,7
202100026298,2021-07-28 16:28:00,2021,7,28,16,28,49,49007,STRASBOURG BOULEVARD,47.456,-0.5513,Plein jour,En agglomération,Intersection en X,Normale,Autre collision,4,2,2,0,1,1,1,0,1,50,,2,1,0,1,0,26.0,,,,1,2,2,1,6
202100026299,2021-07-23 14:25:00,2021,7,23,14,25,45,45208,3 Avenue de la Gare,48.006707,2.741908,Plein jour,En agglomération,Hors intersection,Normale,Autre collision,4,3,2,3,1,1,1,0,1,50,,1,0,0,1,0,53.0,,,,1,2,1,1,6
202100026300,2021-07-31 00:03:00,2021,7,31,0,3,44,44109,BOULEVARD BENONI GOULLIN,47.20149,-1.55191,Nuit avec éclairage allumé,En agglomération,Hors intersection,Normale,Autre collision,4,3,4,2,1,1,1,9,1,50,,1,0,0,0,1,20.0,,,,5,2,1,1,6
202100026301,2021-07-30 13:00:00,2021,7,30,13,0,44,44162,AVENUE DE L'ANGEVINIERE,47.24552,-1.60932,Plein jour,En agglomération,Hors intersection,Normale,Deux véhicules - côté,4,3,0,0,1,1,1,0,6,50,,2,1,0,0,1,19.0,19.0,,,1,2,1,1,3
202100026302,2021-07-30 14:40:00,2021,7,30,14,40,44,44132,PLAGE (AVENUE DE LA),47.2613,-2.3409,Plein jour,En agglomération,Intersection en X,Normale,Deux véhicules - frontale,4,2,1,0,1,1,1,5,1,30,,2,1,0,1,0,21.0,73.0,,,1,2,2,1,1
202100026303,2021-07-27 16:25:00,2021,7,27,16,25,42,42103,Rue Jean Jaurés,45.50598,4.57059,Plein jour,En agglomération,Hors intersection,Normale,Trois véhicules et plus - en chaîne,7,2,2,0,2,1,1,0,1,50,,3,2,0,0,1,26.0,86.0,,,1,2,1,1,4
202100026304,2021-07-28 23:25:00,2021,7,28,23,25,41,41047,N152,47.60879,1.35596,Nuit avec éclairage allumé,En agglomération,Hors intersection,Normale,Sans collision,3,2,2,0,1,1,1,0,1,50,,2,1,0,0,1,21.0,,,,5,2,1,1,7
202100026305,2021-07-30 15:00:00,2021,7,30,15,0,37,37261,GANCE (BOULEVARD ABEL),47.4089075539,0.7207900286,Plein jour,En agglomération,Hors intersection,Normale,Deux véhicules - arrière,7,2,3,0,2,1,1,0,1,50,,3,2,0,0,1,40.0,30.0,,,1,2,1,1,2
202100026306,2021-07-30 14:10:00,2021,7,30,14,10,37,37214,VOISIN (BOULEVARD ANDRE-GEORGES),47.43059,0.67266,Plein jour,En agglomération,Giratoire,Normale,Deux véhicules - côté,7,3,4,0,1,1,1,0,1,50,,3,2,0,0,1,64.0,44.0,,,1,2,6,1,3
202100026307,2021-07-29 23:30:00,2021,7,29,23,30,37,37261,MALRAUX (QUAI ANDRE),47.39754,0.69944,Nuit avec éclairage allumé,En agglomération,Intersection en X,Normale,Autre collision,4,3,4,0,1,1,1,0,1,50,,2,1,0,1,0,26.0,80.0,,,5,2,2,1,6
202100026308,2021-07-30 22:50:00,2021,7,30,22,50,35,35238,Rue SAINT-MARTIN,48.11985,-1.68035,Nuit avec éclairage allumé,En agglomération,Hors intersection,Normale,Deux véhicules - côté,4,1,2,2,2,1,1,0,5,50,,2,1,0,0,1,18.0,58.0,,,5,2,1,1,3
202100026309,2021-07-30 06:20:00,2021,7,30,6,20,34,34172,Ernest Hémingway (avenue),43.63639,3.83162,Crépuscule ou aube,Hors agglomération,Hors intersection,Normale,Deux véhicules - frontale,7,2,2,0,1,1,1,0,1,50,,2,0,0,1,1,36.0,49.0,,,2,1,1,1,1
202100026310,2021-07-30 09:30:00,2021,7,30,9,30,33,33162,Avenue du Médoc,44.89297,-0.6669,Plein jour,En agglomération,Hors intersection,Normale,Deux véhicules - côté,4,2,-1,2,1,1,1,0,5,50,,2,1,0,0,1,51.0,67.0,,,1,2,1,1,3
202100026311,2021-07-29 16:33:00,2021,7,29,16,33,33,33281,Rue du Jard,44.84156,-0.63946,Plein jour,En agglomération,Intersection en X,Normale,Deux véhicules - côté,4,2,2,0,1,1,1,0,1,50,,2,1,0,0,1,43.0,54.0,,,1,2,2,1,3
202100026312,2021-07-30 14:45:00,2021,7,30,14,45,31,31557,RAMELET MOUNDI (CH DE),43.5816,1.36776,Plein jour,En agglomération,Autre intersection,Temps couvert,Deux véhicules - arrière,7,2,1,0,1,1,1,0,1,50,,2,0,0,0,2,33.0,46.0,,,1,2,9,8,2
202100026313,2021-07-29 23:30:00,2021,7,29,23,30,31,31555,RUE DARDENNE,43.60391,1.45889,Nuit avec éclairage allumé,En agglomération,Intersection en X,Normale,Deux véhicules - côté,4,2,1,0,2,1,1,0,1,50,,3,2,0,0,1,47.0,,,,5,2,2,1,3
202100026314,2021-07-29 10:25:00,2021,7,29,10,25,30,30007,JUIN (AVE DU MARECHAL),44.11723,4.10818,Plein jour,En agglomération,Autre intersection,Normale,Deux véhicules - côté,3,1,1,0,1,2,1,9,1,50,,2,1,0,0,1,78.0,82.0,,,1,2,9,1,3
202100026315,2021-07-30 23:35:00,2021,7,30,23,35,29,29039,Avenue de la Gare,47.87585,-3.91909,Nuit avec éclairage allumé,En agglomération,Hors intersection,Normale,Deux véhicules - frontale,4,2,2,0,2,1,1,9,1,50,,3,2,0,0,1,21.0,25.0,,,5,2,1,1,1
202100026316,2021-07-30 11:00:00,2021,7,30,11,0,29,29039,Quai Carnot,47.87594,-3.91429,Plein jour,En agglomération,Intersection en T,Normale,Autre collision,4,1,1,1,1,2,1,0,1,30,,2,0,0,0,2,73.0,,,,1,2,3,1,6