accident_id,datetime,annee,mois,jour,heure,minute,departement,commune_insee,adresse,latitude,longitude,luminosite,agglomeration,intersection,meteo,collision,catr,circ,nbv,vosp,prof,plan,surf,infra,situ,vma,nb_vehicules,nb_usagers,nb_indemnes,nb_tues,nb_blesses_hosp,nb_blesses_legers,age_cond_1,age_cond_2,veh_type_cond_1,veh_type_cond_2,lum_code,agg_code,int_code,atm_code,col_code
202100026317,2021-07-30 15:50:00,2021,7,30,15,50,29,29019,Rue de Pontaniou,48.38904,-4.499656,Plein jour,En agglomération,Autre intersection,Normale,Deux véhicules - frontale,4,2,2,0,1,1,1,5,1,50,,2,1,0,0,1,24.0,32.0,,,1,2,9,1,1
202100026318,2021-07-30 17:25:00,2021,7,30,17,25,18,18279,RESISTANCE (PLACE DE LA ),47.22361,2.0722,Plein jour,En agglomération,Hors intersection,Temps éblouissant,Deux véhicules - frontale,6,2,0,0,1,3,1,0,8,50,,2,1,0,0,1,38.0,,,,1,2,1,7,1
202100026319,2021-07-29 10:50:00,2021,7,29,10,50,18,18050,BOURGES (ROUTE DE),47.0655,2.32484,Plein jour,En agglomération,Hors intersection,Normale,Deux véhicules - côté,3,3,2,0,1,1,1,0,1,50,,2,1,0,1,0,64.0,48.0,,,1,2,1,1,3
202100026320,2021-07-30 09:30:00,2021,7,30,9,30,17,17306,REPUBLIQUE (DE LA) (BD),45.624987,-1.026633,Plein jour,En agglomération,Intersection en X,Normale,Autre collision,3,2,2,0,1,1,1,0,1,30,,2,1,0,0,1,56.0,,,,1,2,2,1,6
202100026321,2021-07-29 16:35:00,2021,7,29,16,35,17,17461,EXPRESS (VOIE),45.6553,-1.054,Plein jour,Hors agglomération,Hors intersection,Normale,Sans collision,3,3,4,0,1,1,1,0,3,90,,1,0,0,0,1,30.0,,,,1,1,1,1,7
202100026322,2021-07-14 13:20:00,2021,7,14,13,20,13,13026,RN 568 CLM,43.39018,5.16225,Plein jour,En agglomération,Autre intersection,Normale,Deux véhicules - côté,7,2,2,0,1,3,1,5,1,50,,2,1,1,0,0,71.0,53.0,,,1,2,9,1,3
202100026323,2021-07-30 16:30:00,2021,7,30,16,30,13,13208,PRADO (AVENUE DU),43.2821,5.3863,Plein jour,En agglomération,Intersection en X,Normale,Deux véhicules - côté,4,4,0,0,1,1,1,0,8,50,,4,2,0,0,2,44.0,40.0,,,1,2,2,1,3
202100026324,2021-07-29 14:25:00,2021,7,29,14,25,13,13209,COL DE LA GINESTE D559,43.2406450141,5.4521830158,Plein jour,Hors agglomération,Autre intersection,Normale,Deux véhicules - côté,7,2,2,0,1,1,1,0,1,70,,6,1,0,0,5,21.0,50.0,,,1,1,9,1,3
202100026325,2021-07-29 14:00:00,2021,7,29,14,0,13,13206,DOCTEUR JEAN FIOLLE (RUE DU),43.28498,5.38283,Plein jour,En agglomération,Intersection en X,Normale,Deux véhicules - frontale,4,1,1,0,2,1,1,0,1,50,,2,1,0,1,0,37.0,,,,1,2,2,1,1
202100026326,2021-07-30 12:00:00,2021,7,30,12,0,06,06159,PRINCESSE GRACE DE MONACO (AVENUE),43.695537,7.305057,Plein jour,En agglomération,Autre intersection,Normale,Deux véhicules - côté,7,2,2,0,1,1,1,0,1,50,,2,1,0,0,1,21.0,63.0,,,1,2,9,1,3
202100026327,2021-07-30 11:30:00,2021,7,30,11,30,06,06088,WALESA (BD LECH),43.699563,7.28738,Plein jour,En agglomération,Hors intersection,Normale,Autre collision,4,1,2,0,1,1,1,0,1,50,,3,1,0,0,2,47.0,,,,1,2,1,1,6
202100026328,2021-07-29 22:20:00,2021,7,29,22,20,05,05061,JEAN JAURES ( AVENUE ),44.5504,6.06924,Nuit avec éclairage allumé,En agglomération,Hors intersection,Normale,Sans collision,2,2,2,0,1,1,1,0,1,50,,1,0,0,0,1,50.0,,,,5,2,1,1,7
202100026329,2021-07-30 18:30:00,2021,7,30,18,30,75,75115,RUE ERNEST RENAN,48.84231,2.310574,Plein jour,En agglomération,Intersection en T,Normale,Sans collision,4,1,1,0,1,1,1,0,1,50,,1,0,0,0,1,27.0,,,,1,2,3,1,7
202100026330,2021-07-29 17:45:00,2021,7,29,17,45,75,75115,RUE DE VAUGIRARD,48.840539,2.304715,Plein jour,En agglomération,Hors intersection,Normale,Deux véhicules - côté,4,1,3,1,1,1,1,0,5,30,,2,1,0,0,1,21.0,36.0,,,1,2,1,1,3
202100026331,2021-07-29 14:00:00,2021,7,29,14,0,75,75115,RUE DE LA CONVENTION,48.841336,2.287394,Plein jour,En agglomération,Hors intersection,Normale,Deux véhicules - côté,4,2,3,0,1,1,1,0,1,30,,2,1,0,0,1,53.0,35.0,,,1,2,1,1,3
202100026332,2021-07-30 20:35:00,2021,7,30,20,35,75,75112,AVENUE DAUMESNIL,48.835894,2.405678,Crépuscule ou aube,En agglomération,Intersection en X,Normale,Autre collision,4,2,2,0,1,1,1,0,1,50,,2,1,0,0,1,20.0,,,,2,2,2,1,6
202100026333,2021-07-29 12:00:00,2021,7,29,12,0,75,75112,BOULEVARD DE BERCY,48.839424,2.385307,Plein jour,En agglomération,Hors intersection,Normale,Deux véhicules - côté,4,2,3,0,1,1,1,0,1,50,,2,1,0,0,1,33.0,34.0,,,1,2,1,1,3
202100026334,2021-07-30 09:35:00,2021,7,30,9,35,75,75110,RUE RENE BOULANGER,48.86927,2.356798,Plein jour,En agglomération,Intersection en Y,Normale,Deux véhicules - côté,4,1,1,1,1,1,1,0,5,30,,2,1,0,0,1,,54.0,,,1,2,4,1,3
202100026335,2021-07-30 01:25:00,2021,7,30,1,25,75,75101,RUE SAUVAL,48.861864,2.342494,Nuit avec éclairage allumé,En agglomération,Hors intersection,Normale,Autre collision,4,1,1,0,1,1,1,0,1,30,,1,0,0,1,0,19.0,,,,5,2,1,1,6
202100026336,2021-07-30 17:40:00,2021,7,30,17,40,94,94081,Route de Fontainebleau,48.77402,2.36787,Plein jour,En agglomération,Intersection en T,Normale,Deux véhicules - côté,3,1,2,2,1,1,1,0,1,50,,2,1,0,0,1,23.0,28.0,,,1,2,3,1,3
202100026337,2021-07-30 18:30:00,2021,7,30,18,30,94,94078,CARNOT (AV),48.7329880103,2.4483619867,Plein jour,En agglomération,Intersection en T,Normale,Autre collision,3,2,2,0,1,1,1,0,1,50,,2,1,0,0,1,60.0,,,,1,2,3,1,6
202100026338,2021-07-29 17:30:00,2021,7,29,17,30,94,94068,Avenue Emile Zola,48.8025,2.4846,Plein jour,En agglomération,Intersection en X,Normale,Deux véhicules - côté,4,1,1,0,1,1,1,0,1,30,,5,4,0,0,1,28.0,63.0,,,1,2,2,1,3
202100026339,2021-07-30 15:52:00,2021,7,30,15,52,94,94041,PAUL VAILLANT COUTURIER (BD),48.8182867539,2.397942983,Plein jour,En agglomération,Hors intersection,Normale,Deux véhicules - côté,3,2,3,3,1,1,1,0,6,50,,2,1,0,0,1,34.0,47.0,,,1,2,1,1,3
202100026340,2021-07-30 10:40:00,2021,7,30,10,40,94,94022,Avenue de Lugo,48.77331,2.40934,Plein jour,En agglomération,Hors intersection,Normale,Deux véhicules - arrière,3,1,2,0,1,1,1,0,1,50,,2,1,0,0,1,41.0,27.0,,,1,2,1,1,2
202100026341,2021-07-30 00:23:00,2021,7,30,0,23,94,94018,PARIS (R DE),48.82821,2.40328,Nuit avec éclairage allumé,En agglomération,Hors intersection,Normale,Deux véhicules - côté,3,-1,4,1,1,1,1,0,1,30,,4,2,0,0,2,26.0,19.0,,,5,2,1,1,3
202100026342,2021-07-30 18:05:00,2021,7,30,18,5,93,93062,GENERAL DE GAULLE (PLACE DU),48.89016,2.51192,Plein jour,En agglomération,Giratoire,Normale,Deux véhicules - frontale,3,2,0,0,1,2,1,5,1,50,,3,1,0,0,2,32.0,47.0,,,1,2,6,1,1
202100026343,2021-07-30 15:00:00,2021,7,30,15,0,93,93077,Parking Place Emile Ducate,48.88408,2.51065,Plein jour,En agglomération,Hors intersection,Normale,Autre collision,6,-1,-1,0,1,1,1,0,1,30,,3,1,0,0,2,81.0,,,,1,2,1,1,6
202100026344,2021-07-30 15:00:00,2021,7,30,15,0,93,93062,THIERS (AVENUE),48.898334,2.520121,Plein jour,En agglomération,Hors intersection,Normale,Deux véhicules - côté,3,3,2,0,1,1,1,0,1,50,,2,1,0,0,1,20.0,,,,1,2,1,1,3
202100026345,2021-07-30 17:00:00,2021,7,30,17,0,93,93053,PARIS (RUE DE),48.90177,2.46037,Plein jour,En agglomération,Autre intersection,Normale,Deux véhicules - côté,3,1,1,0,1,1,1,0,1,50,,2,1,0,0,1,49.0,,,,1,2,9,1,3
202100026346,2021-07-30 11:00:00,2021,7,30,11,0,93,93053,Rue de Brément,48.88783,2.462941,Plein jour,En agglomération,Hors intersection,Normale,Autre collision,3,1,1,3,1,1,1,6,4,50,,2,1,0,0,1,27.0,,,,1,2,1,1,6
202100026347,2021-07-29 11:09:00,2021,7,29,11,9,93,93053,Rue Vaillant Couturier,48.891045,2.449271,Plein jour,En agglomération,Hors intersection,Normale,Deux véhicules - arrière,3,2,2,0,1,1,1,8,1,30,,4,2,0,0,2,26.0,22.0,,,1,2,1,1,2
202100026348,2021-07-30 07:40:00,2021,7,30,7,40,93,93049,Boulevard Galliéni / Rue Edgar Quinet,48.85278,2.51313,Plein jour,En agglomération,Intersection en X,Normale,Deux véhicules - côté,3,3,4,0,1,1,1,0,1,50,,2,1,0,0,1,43.0,27.0,,,1,2,2,1,3
202100026349,2021-07-29 22:45:00,2021,7,29,22,45,93,93048,MONTAGNE PIERREUSE (RUE DE LA),48.87428,2.4647,Nuit avec éclairage allumé,En agglomération,Hors intersection,Normale,Autre collision,4,2,1,0,1,1,1,0,1,30,,3,1,0,0,2,19.0,,,,5,2,1,1,6
202100026350,2021-07-30 14:02:00,2021,7,30,14,2,93,93046,LIBERATION PLACE DE LA,48.92338,2.54548,Plein jour,En agglomération,Hors intersection,Normale,Deux véhicules - arrière,3,2,6,0,1,1,1,0,1,50,,2,1,0,0,1,50.0,57.0,,,1,2,1,1,2
202100026351,2021-07-30 07:50:00,2021,7,30,7,50,93,93027,Rue de la Convention / Rue Raspail,48.925931,2.396735,Plein jour,En agglomération,Intersection en X,Normale,Deux véhicules - côté,3,3,4,0,2,1,1,0,1,50,,2,1,0,0,1,27.0,56.0,,,1,2,2,1,3
202100026352,2021-07-30 21:00:00,2021,7,30,21,0,93,93008,VAILLANT COUTURIER (AVENUE PAUL),48.910574,2.441978,Crépuscule ou aube,En agglomération,Hors intersection,Normale,Deux véhicules - côté,3,1,4,3,1,1,1,0,1,50,,2,1,0,0,1,22.0,28.0,,,2,2,1,1,3
202100026353,2021-07-30 10:20:00,2021,7,30,10,20,92,92064,MARCEL DASSAULT,48.8566281075,2.2232937813,Plein jour,En agglomération,Intersection en T,Normale,Autre collision,3,2,3,0,1,1,1,0,1,50,,3,1,0,0,1,,,,,1,2,3,1,6
202100026354,2021-07-30 11:40:00,2021,7,30,11,40,92,92035,République ( boulevard de la ),48.9059972979,2.2512920201,Plein jour,En agglomération,Hors intersection,Normale,Autre collision,3,2,2,0,1,1,1,0,1,50,,2,1,0,0,1,58.0,64.0,,,1,2,1,1,6
202100026355,2021-08-06 22:20:00,2021,8,6,22,20,92,92012,CHATEAU (RUE DU) 127/FIN - 133/FIN,48.841948,2.23849,Nuit avec éclairage allumé,En agglomération,Hors intersection,Normale,Deux véhicules - côté,4,-1,2,0,1,1,1,0,1,50,,2,1,0,0,1,38.0,64.0,,,5,2,1,1,3
202100026356,2021-06-28 12:30:00,2021,6,28,12,30,35,35002,La Croix de la Lande,47.996286,-1.515328,Plein jour,Hors agglomération,Intersection en X,Pluie forte,Deux véhicules - côté,3,2,2,0,1,1,2,5,1,80,,3,2,0,0,1,74.0,48.0,,,1,1,2,3,3
202100026357,2021-07-31 01:00:00,2021,7,31,1,0,34,34314,D17,43.737848,3.867123,Nuit sans éclairage public,Hors agglomération,Hors intersection,Normale,Sans collision,3,2,2,0,1,1,1,0,3,90,,2,1,0,1,0,20.0,,,,3,1,1,1,7
202100026358,2021-07-30 19:15:00,2021,7,30,19,15,50,50281,Village Juhel,48.78946,-1.423894,Plein jour,Hors agglomération,Hors intersection,Normale,Deux véhicules - frontale,4,2,2,0,2,1,1,0,1,80,,3,2,0,0,1,69.0,17.0,,,1,1,1,1,1
202100026359,2021-07-29 16:30:00,2021,7,29,16,30,65,65193,Route de Mauléoon,42.9868459475,0.5739980937,Plein jour,Hors agglomération,Hors intersection,Temps couvert,Sans collision,3,2,2,0,1,1,1,0,1,80,,2,1,0,0,1,55.0,67.0,,,1,1,1,8,7
202100026360,2021-07-27 23:00:00,2021,7,27,23,0,40,40065,50 Avenue Mal de lattre de tassigny,43.647748,-1.440598,Nuit avec éclairage allumé,En agglomération,Intersection en T,Normale,Deux véhicules - côté,4,2,2,0,4,1,1,0,1,30,,2,1,0,1,0,16.0,32.0,,,5,2,3,1,3
202100026361,2021-07-30 19:30:00,2021,7,30,19,30,06,06161,114 Avenue du Loubet,43.651387,7.127591,Plein jour,En agglomération,Hors intersection,Normale,Deux véhicules - arrière,3,2,2,1,1,3,1,0,1,50,,2,1,0,0,1,38.0,29.0,,,1,2,1,1,2
202100026362,2021-07-31 08:35:00,2021,7,31,8,35,81,81218,RD 612,43.883867,2.168341,Plein jour,Hors agglomération,Hors intersection,Normale,Deux véhicules - frontale,3,2,2,0,1,3,1,0,1,90,,2,0,0,1,1,27.0,21.0,,,1,1,1,1,1
202100026363,2021-07-30 18:10:00,2021,7,30,18,10,35,35231,N137,47.903728,-1.685864,Plein jour,Hors agglomération,Hors intersection,Normale,Sans collision,2,3,4,3,1,1,1,0,3,110,,1,0,1,0,0,80.0,,,,1,1,1,1,7
202100026364,2021-07-31 16:10:00,2021,7,31,16,10,62,62397,Rue de Leulingues,50.863046,1.879804,Plein jour,En agglomération,Intersection en T,Normale,Deux véhicules - frontale,3,2,2,0,1,1,1,0,1,50,,8,1,0,2,5,23.0,69.0,,,1,2,3,1,1
202100026365,2021-07-31 15:25:00,2021,7,31,15,25,21,21238,D977bis,47.287599,4.694252,Plein jour,Hors agglomération,Hors intersection,Normale,Deux véhicules - frontale,3,2,2,0,2,3,1,0,1,80,,2,1,0,1,0,48.0,44.0,,,1,1,1,1,1
202100026366,2021-07-30 11:00:00,2021,7,30,11,0,56,56166,21 Rue des Alliés,47.916328,-3.332875,Plein jour,En agglomération,Hors intersection,Normale,Autre collision,3,2,2,0,1,1,1,0,4,50,,2,1,0,0,1,47.0,,,,1,2,1,1,6
202100026367,2021-07-30 21:15:00,2021,7,30,21,15,2B,2B152,D180,42.889863,9.462426,Crépuscule ou aube,Hors agglomération,Hors intersection,Normale,Deux véhicules - arrière,3,2,2,0,3,1,1,0,1,80,,3,1,0,1,1,23.0,48.0,,,2,1,1,1,2
202100026368,2021-07-31 00:45:00,2021,7,31,0,45,80,80190,574 Rue du Bois,50.067914,1.651812,Nuit sans éclairage public,En agglomération,Intersection en Y,Normale,Autre collision,3,2,2,0,1,2,1,0,3,50,,3,1,0,2,0,23.0,,,,3,2,4,1,6
202100026369,2021-07-30 03:00:00,2021,7,30,3,0,32,32271,Route du Stade,43.861283,-0.197968,Nuit sans éclairage public,Hors agglomération,Hors intersection,Normale,Autre collision,3,2,2,0,1,2,1,0,3,80,,2,0,0,2,0,21.0,30.0,,,3,1,1,1,6
202100026370,2021-07-31 12:10:00,2021,7,31,12,10,71,71530,Rue du Lavoir,46.9829831828,4.429259385,Plein jour,En agglomération,Intersection en T,Normale,Deux véhicules - côté,3,2,3,0,2,1,1,5,1,70,,2,0,1,0,1,21.0,58.0,,,1,2,3,1,3
202100026371,2021-07-31 00:40:00,2021,7,31,0,40,42,42312,Chemin de Guillaumont,45.430771,4.072832,Nuit sans éclairage public,En agglomération,Intersection en T,Normale,Sans collision,4,2,2,0,2,1,1,0,1,50,,1,0,0,0,1,16.0,,,,3,2,3,1,7
202100026372,2021-07-30 15:30:00,2021,7,30,15,30,86,86207,Cours Pasteur,46.786262,0.812789,Plein jour,En agglomération,Hors intersection,Normale,Autre collision,3,2,2,0,1,1,1,0,4,50,,2,1,0,1,0,38.0,,,,1,2,1,1,6
202100026373,2021-07-30 16:45:00,2021,7,30,16,45,86,86002,D 24,46.747768,0.13798,Plein jour,Hors agglomération,Hors intersection,Normale,Deux véhicules - frontale,3,2,2,0,1,1,1,0,1,80,,2,0,0,2,0,29.0,28.0,,,1,1,1,1,1
202100026374,2021-07-30 21:30:00,2021,7,30,21,30,39,39299,,46.94634,5.355685,Nuit sans éclairage public,Hors agglomération,Hors intersection,Normale,Deux véhicules - arrière,3,2,2,0,1,1,1,0,1,80,,2,1,0,1,0,63.0,17.0,,,3,1,1,1,2
202100026375,2021-07-30 17:15:00,2021,7,30,17,15,44,44069,D99 route de la Turballe,47.334286,-2.460508,Plein jour,En agglomération,Hors intersection,Normale,Deux véhicules - arrière,3,2,2,0,1,1,1,0,1,50,,2,1,0,0,1,18.0,65.0,,,1,2,1,1,2
202100026376,2021-07-29 16:00:00,2021,7,29,16,0,03,03063,D779,46.475563,3.966349,Plein jour,Hors agglomération,Intersection en T,Normale,Trois véhicules et plus - collisions multiples,3,2,2,0,1,1,1,0,1,90,,5,4,0,0,1,47.0,70.0,,,1,1,3,1,5
202100026377,2021-07-30 14:00:00,2021,7,30,14,0,03,03218,Les Vieilles Ventes,46.517709,3.018467,Plein jour,Hors agglomération,Intersection en X,Normale,Deux véhicules - côté,3,2,2,0,1,1,1,0,1,90,,3,2,0,1,0,82.0,71.0,,,1,1,2,1,3
202100026378,2021-07-31 00:30:00,2021,7,31,0,30,26,26124,4950 Route Nationale 7,44.834326,4.864626,Nuit avec éclairage allumé,En agglomération,Hors intersection,Pluie forte,Sans collision,2,2,2,0,2,1,2,2,1,70,,1,0,0,1,0,40.0,,,,5,2,1,3,7
202100026379,2021-07-30 13:45:00,2021,7,30,13,45,26,26144,3895 Route de Roche,44.698461,4.932023,Plein jour,Hors agglomération,Hors intersection,Normale,Autre collision,3,2,2,0,3,3,1,0,8,90,,1,0,0,1,0,19.0,,,,1,1,1,1,6
202100026380,2021-07-30 15:35:00,2021,7,30,15,35,66,66192,RN 116,42.507429,2.130811,Plein jour,Hors agglomération,Hors intersection,Normale,Deux véhicules - frontale,2,2,2,0,1,3,1,0,1,80,,6,4,0,1,1,48.0,57.0,,,1,1,1,1,1
202100026381,2021-07-31 00:00:00,2021,7,31,0,0,10,10055,RD 671,48.131000218,4.3379688263,Nuit sans éclairage public,Hors agglomération,Hors intersection,Normale,Sans collision,3,2,2,0,1,3,1,0,3,80,,1,0,0,0,1,19.0,,,,3,1,1,1,7
202100026382,2021-07-30 16:40:00,2021,7,30,16,40,85,85128,Avenue Michel Rambaud,46.460185,-1.169266,Plein jour,En agglomération,Giratoire,Temps couvert,Deux véhicules - côté,4,2,2,0,1,1,1,5,1,50,,3,2,0,1,0,20.0,21.0,,,1,2,6,8,3
202100026383,2021-07-29 17:00:00,2021,7,29,17,0,28,28405,D152,48.760404,1.309631,Plein jour,Hors agglomération,Hors intersection,Normale,Deux véhicules - arrière,3,2,2,0,1,1,1,0,1,80,,2,1,0,0,1,23.0,20.0,,,1,1,1,1,2
202100026384,2021-07-30 22:51:00,2021,7,30,22,51,37,37192,Rochette,47.2103957822,0.900823161,Nuit sans éclairage public,Hors agglomération,Hors intersection,Normale,Deux véhicules - frontale,3,2,2,0,1,1,1,0,1,80,,2,0,0,2,0,54.0,55.0,,,3,1,1,1,1
202100026385,2021-07-29 17:00:00,2021,7,29,17,0,63,63272,bretelle de sortie N°3 - A75 pk 4+500,45.736725,3.151853,Plein jour,Hors agglomération,Intersection en Y,Normale,Trois véhicules et plus - collisions multiples,1,1,1,0,1,1,1,3,8,90,,5,2,0,1,2,51.0,48.0,,,1,1,4,1,5
202100026386,2021-07-31 08:15:00,2021,7,31,8,15,974,97422,Rue Jean de Fos du Rau,-21.222421,55.555815,Plein jour,En agglomération,Intersection en X,Normale,Deux véhicules - côté,2,2,2,0,2,2,1,0,1,50,,2,1,0,1,0,31.0,48.0,,,1,2,2,1,3
202100026387,2021-07-31 00:20:00,2021,7,31,0,20,29,29234,D22 - Lieu Rosgrand,47.87757,-3.512642,Nuit sans éclairage public,Hors agglomération,Hors intersection,Normale,Autre collision,3,2,2,0,1,1,1,0,8,80,,2,0,0,2,0,38.0,,,,3,1,1,1,6
202100026388,2021-07-31 14:00:00,2021,7,31,14,0,95,95535,RD 28,49.055287,1.961156,Plein jour,Hors agglomération,Hors intersection,Normale,Autre collision,3,2,3,0,2,3,1,0,3,80,,1,0,0,1,0,65.0,,,,1,1,1,1,6
202100026389,2021-07-27 10:45:00,2021,7,27,10,45,2B,2B313,RD34,42.373336,9.501929,Plein jour,Hors agglomération,Hors intersection,Normale,Deux véhicules - côté,3,2,2,0,2,4,1,0,1,70,,2,1,0,1,0,44.0,60.0,,,1,1,1,1,3
202100026390,2021-07-30 17:00:00,2021,7,30,17,0,66,66164,D900,42.773133,2.90156,Plein jour,Hors agglomération,Hors intersection,Normale,Trois véhicules et plus - en chaîne,3,1,2,0,1,1,1,0,1,110,,6,1,0,0,5,53.0,32.0,,,1,1,1,1,4
202100026391,2021-07-30 21:15:00,2021,7,30,21,15,83,83101,4363 Route des Plages,43.231677,6.652112,Plein jour,Hors agglomération,Hors intersection,Normale,Deux véhicules - frontale,3,2,2,0,2,1,1,0,1,70,,2,1,0,1,0,23.0,41.0,,,1,1,1,1,1
202100026392,2021-07-31 03:13:00,2021,7,31,3,13,13,13100,D99,43.785014,4.870151,Nuit sans éclairage public,Hors agglomération,Hors intersection,Normale,Autre collision,3,2,2,0,1,1,1,0,1,80,,1,0,0,1,0,19.0,,,,3,1,1,1,6
202100026393,2021-07-30 16:00:00,2021,7,30,16,0,68,68171,D27,47.942927,6.978879,Plein jour,Hors agglomération,Hors intersection,Normale,Sans collision,3,2,2,0,2,2,1,0,1,70,,1,0,0,0,1,41.0,,,,1,1,1,1,7
202100026394,2021-07-31 12:20:00,2021,7,31,12,20,67,67351,Route de Trimbach,48.973071,7.995644,Plein jour,En agglomération,Hors intersection,Normale,Deux véhicules - côté,3,-1,2,0,1,1,1,0,1,50,,3,0,0,1,2,41.0,65.0,,,1,2,1,1,3
202100026395,2021-07-30 12:20:00,2021,7,30,12,20,67,67416,D3,49.030138,7.916604,Plein jour,Hors agglomération,Hors intersection,Normale,Deux véhicules - côté,3,2,2,0,2,1,1,0,1,-1,,2,1,0,1,0,,56.0,,,1,1,1,1,3
202100026396,2021-07-30 21:15:00,2021,7,30,21,15,88,88222,,48.25417,6.614671,Plein jour,Hors agglomération,Hors intersection,Normale,Deux véhicules - côté,3,2,2,0,1,1,1,0,1,80,,3,1,2,0,0,20.0,43.0,,,1,1,1,1,3
202100026397,2021-07-31 12:00:00,2021,7,31,12,0,63,63038,Super Besse,45.502708,2.877538,Plein jour,Hors agglomération,Hors intersection,Pluie légère,Sans collision,3,2,2,0,2,3,2,0,1,80,,1,0,0,1,0,71.0,,,,1,1,1,2,7
202100026398,2021-07-30 15:20:00,2021,7,30,15,20,01,01202,D20 PK 12+920,45.856752,5.302899,Plein jour,Hors agglomération,Hors intersection,Normale,Deux véhicules - frontale,3,2,2,0,1,3,1,0,1,80,,3,0,0,2,1,42.0,30.0,,,1,1,1,1,1
202100026399,2021-07-30 22:10:00,2021,7,30,22,10,01,01301,,46.251902,5.100494,Nuit sans éclairage public,Hors agglomération,Intersection en X,Temps couvert,Deux véhicules - arrière,3,2,2,0,1,1,1,0,1,80,,3,2,0,0,1,42.0,31.0,,,3,1,2,8,2
202100026400,2021-07-30 21:37:00,2021,7,30,21,37,33,33322,1160 Route de Soulac,44.954428,-0.703442,Crépuscule ou aube,En agglomération,Hors intersection,Normale,Deux véhicules - côté,3,2,2,0,1,1,1,0,1,50,,3,1,0,1,1,32.0,55.0,,,2,2,1,1,3
202100026401,2021-07-30 14:30:00,2021,7,30,14,30,29,29060,Route de Quimper,47.9242971917,-4.0839003795,Plein jour,Hors agglomération,Hors intersection,Normale,Deux véhicules - frontale,3,2,2,0,1,3,1,0,1,70,,4,1,0,1,2,43.0,72.0,,,1,1,1,1,1
202100026402,2021-07-31 00:00:00,2021,7,31,0,0,60,60141,Avenue du Maréchal Joffre,49.187075,2.461227,Nuit avec éclairage allumé,En agglomération,Hors intersection,Normale,Autre collision,3,2,2,0,1,1,1,0,1,50,,2,1,0,0,1,24.0,,,,5,2,1,1,6
202100026403,2021-07-30 15:12:00,2021,7,30,15,12,13,13210,A50-Sens Marseille vers Aubagne,43.28496,5.42418,Plein jour,Hors agglomération,Hors intersection,Normale,Deux véhicules - arrière,1,1,2,0,2,1,1,0,1,50,,2,1,0,0,1,47.0,35.0,,,1,1,1,1,2
202100026404,2021-07-30 03:46:00,2021,7,30,3,46,13,13005,A50-Sens Marseille vers Aubagne,43.28004,5.5832,Nuit sans éclairage public,Hors agglomération,Hors intersection,Normale,Autre collision,1,-1,2,0,4,3,1,0,1,90,,2,0,1,1,0,24.0,25.0,,,3,1,1,1,6
202100026405,2021-07-29 17:20:00,2021,7,29,17,20,13,13033,A55-Sens Martigues vers Marseille,43.37813,5.20358,Plein jour,Hors agglomération,Hors intersection,Normale,Deux véhicules - arrière,1,1,2,0,1,3,1,0,1,110,,3,2,0,0,1,23.0,21.0,,,1,1,1,1,2
202100026406,2021-07-29 15:25:00,2021,7,29,15,25,42,42207,N88,45.46476,4.49561,Plein jour,Hors agglomération,Hors intersection,Normale,Sans collision,2,3,6,0,1,3,1,9,1,90,,3,0,0,0,3,25.0,,,,1,1,1,1,7
202100026407,2021-07-25 14:14:00,2021,7,25,14,14,42,42183,RN88,45.4044807226,4.3763128329,Plein jour,Hors agglomération,Hors intersection,Normale,Autre collision,2,3,4,0,1,1,1,0,2,90,,3,0,1,0,2,55.0,,,,1,1,1,1,6
202100026408,2021-07-30 20:55:00,2021,7,30,20,55,77,77296,AUTOROUTE A5A,48.6064054864,2.5843693888,Plein jour,Hors agglomération,Hors intersection,Normale,Autre collision,1,1,1,0,1,1,1,0,1,70,,1,0,0,0,1,23.0,,,,1,1,1,1,6
202100026409,2021-07-30 07:40:00,2021,7,30,7,40,94,94065,AUTOROUTE A86,48.75544,2.3432,Plein jour,Hors agglomération,Hors intersection,Normale,Deux véhicules - côté,1,1,4,0,1,3,1,0,1,70,,2,1,0,0,1,54.0,23.0,,,1,1,1,1,3
202100026410,2021-07-30 05:20:00,2021,7,30,5,20,94,94076,AUTOROUTE A6B,48.79578,2.34509,Nuit sans éclairage public,Hors agglomération,Hors intersection,Normale,Autre collision,1,1,3,0,2,1,1,0,1,70,,1,0,0,0,1,28.0,,,,3,1,1,1,6
202100026411,2021-07-30 19:15:00,2021,7,30,19,15,77,77294,A104,48.9751067554,2.5823085186,Plein jour,Hors agglomération,Hors intersection,Normale,Deux véhicules - côté,1,-1,3,0,1,1,1,0,1,90,,2,1,0,0,1,57.0,21.0,,,1,1,1,1,3
202100026412,2021-07-30 16:45:00,2021,7,30,16,45,94,94028,A86 EXT,48.77621,2.43641,Plein jour,Hors agglomération,Hors intersection,Normale,Autre collision,1,3,8,0,1,1,1,0,1,90,,2,1,0,1,0,53.0,31.0,,,1,1,1,1,6
202100026413,2021-07-29 15:30:00,2021,7,29,15,30,976,97611,m'tsapere-Belle vue ( rue ),-12.78673,45.21866,Plein jour,En agglomération,Hors intersection,Normale,Autre collision,4,2,2,0,1,2,1,5,1,50,,2,0,0,0,2,24.0,,,,1,2,1,1,6