accident_id,datetime,annee,mois,jour,heure,minute,departement,commune_insee,adresse,latitude,longitude,luminosite,agglomeration,intersection,meteo,collision,catr,circ,nbv,vosp,prof,plan,surf,infra,situ,vma,nb_vehicules,nb_usagers,nb_indemnes,nb_tues,nb_blesses_hosp,nb_blesses_legers,age_cond_1,age_cond_2,veh_type_cond_1,veh_type_cond_2,lum_code,agg_code,int_code,atm_code,col_code
202100026414,2021-07-29 15:00:00,2021,7,29,15,0,76,76681,BLUM. RUE LEON,49.42153,1.08918,Plein jour,En agglomération,Intersection en X,Normale,Deux véhicules - frontale,4,2,2,3,1,1,1,4,8,30,,2,1,0,0,1,54.0,15.0,,,1,2,2,1,1
202100026415,2021-07-27 22:40:00,2021,7,27,22,40,89,89387,Rue Mal de Lattre de Tassigny,48.19673,3.30525,Nuit avec éclairage allumé,En agglomération,Intersection en T,Normale,Autre collision,4,2,2,0,1,1,1,0,1,50,,2,1,0,1,0,27.0,,,,5,2,3,1,6
202100026416,2021-05-09 18:25:00,2021,5,9,18,25,76,76351,PAULINE KERGOMARD,49.5246,0.11214,Plein jour,Hors agglomération,Hors intersection,Pluie forte,Autre collision,4,2,1,0,1,1,3,0,1,50,,2,1,0,1,0,58.0,,,,1,1,1,3,6
202100026417,2021-07-29 22:15:00,2021,7,29,22,15,974,97416,GENERAL DE GAULLE(AVENUE),-21.3573012213,55.5197171133,Nuit avec éclairage allumé,En agglomération,Autre intersection,Normale,Autre collision,2,2,2,0,2,1,1,0,1,50,,1,0,0,1,0,24.0,,,,5,2,9,1,6
202100026418,2021-07-29 11:00:00,2021,7,29,11,0,974,97411,LITTORAL (ROUTE 1 DU),-20.88114,55.39755,Plein jour,En agglomération,Hors intersection,Normale,Deux véhicules - arrière,2,2,4,0,1,1,1,9,1,90,,2,1,0,0,1,21.0,21.0,,,1,2,1,1,2
202100026419,2021-07-29 06:10:00,2021,7,29,6,10,974,97411,LITTORAL (ROUTE 2 DU),-20.88114,55.39755,Nuit sans éclairage public,Hors agglomération,Hors intersection,Pluie légère,Sans collision,2,2,-1,0,1,3,2,0,1,90,,1,0,0,0,1,30.0,,,,3,1,1,2,7
202100026420,2021-07-29 19:30:00,2021,7,29,19,30,69,69199,JEAN JAURES (AV),45.71311,4.85502,Plein jour,En agglomération,Intersection en T,Normale,Deux véhicules - côté,7,3,3,0,1,1,1,0,1,30,,2,0,0,0,2,23.0,30.0,,,1,2,3,1,3
202100026421,2021-07-29 17:18:00,2021,7,29,17,18,69,69383,GAMBETTA (CR),45.7537049257,4.8477199673,Plein jour,En agglomération,Intersection en X,Normale,Deux véhicules - côté,4,4,5,1,1,1,1,0,1,50,,2,1,0,0,1,34.0,38.0,,,1,2,2,1,3
202100026422,2021-07-29 15:43:00,2021,7,29,15,43,69,69387,JEAN JAURES (AV),45.7383309979,4.8377686198,Plein jour,En agglomération,Hors intersection,Normale,Deux véhicules - côté,4,2,4,3,1,1,1,0,1,50,,2,1,0,0,1,30.0,31.0,,,1,2,1,1,3
202100026423,2021-07-28 22:27:00,2021,7,28,22,27,69,69383,MARIGNAN (R),45.7560922001,4.8436398363,Nuit avec éclairage allumé,En agglomération,Hors intersection,Normale,Sans collision,4,1,1,0,1,1,1,0,8,50,,1,0,0,0,1,19.0,,,,5,2,1,1,7
202100026424,2021-07-29 15:00:00,2021,7,29,15,0,972,97213,Z I LES MANGLES,14.61353,-61.01227,Plein jour,Hors agglomération,Hors intersection,Normale,Trois véhicules et plus - en chaîne,9,2,2,0,1,3,1,0,1,50,,3,2,0,0,1,81.0,34.0,,,1,1,1,1,4
202100026425,2021-07-28 21:35:00,2021,7,28,21,35,972,97209,REDOUTE (ROUTE DE LA),14.6253613541,-61.0607528687,Nuit avec éclairage allumé,Hors agglomération,Hors intersection,Autre,Deux véhicules - arrière,2,2,2,0,1,1,2,0,1,50,,2,1,0,0,1,70.0,21.0,,,5,1,1,9,2
202100026426,2021-07-28 20:50:00,2021,7,28,20,50,972,97209,BISHOP (Avenue Maurice),14.6082753571,-61.0564478771,Nuit avec éclairage allumé,En agglomération,Hors intersection,Normale,Autre collision,2,1,4,0,1,1,1,0,1,50,,1,0,1,0,0,33.0,,,,5,2,1,1,6
202100026427,2021-07-29 23:40:00,2021,7,29,23,40,69,69382,SALA (R),45.75536,4.83059,Nuit avec éclairage allumé,En agglomération,Intersection en X,Normale,Deux véhicules - côté,4,1,1,2,1,1,1,5,1,30,,2,1,0,0,1,20.0,22.0,,,5,2,2,1,3
202100026428,2021-07-29 16:50:00,2021,7,29,16,50,69,69389,COMMERCE (DU) (Q),45.7815057402,4.8099397123,Plein jour,En agglomération,Hors intersection,Normale,Deux véhicules - côté,4,2,2,0,1,1,1,0,1,50,,2,1,0,0,1,46.0,71.0,,,1,2,1,1,3
202100026429,2021-07-28 12:00:00,2021,7,28,12,0,69,69385,FAVORITE (DE LA ) (R),45.75711,4.8097,Plein jour,En agglomération,Hors intersection,Normale,Autre collision,4,2,2,0,1,1,1,0,4,50,,1,0,0,1,0,26.0,,,,1,2,1,1,6
202100026430,2021-07-29 13:25:00,2021,7,29,13,25,971,97113,SECTION PLIANE,16.2124836703,-61.4557492733,Plein jour,Hors agglomération,Hors intersection,Normale,Deux véhicules - côté,4,2,2,0,2,1,1,0,1,70,,2,1,0,0,1,22.0,21.0,,,1,1,1,1,3
202100026431,2021-07-17 15:30:00,2021,7,17,15,30,95,95427,RD 928,48.959275727,2.3290586472,Plein jour,En agglomération,Hors intersection,Normale,Deux véhicules - côté,3,2,2,0,2,3,1,0,1,50,,2,1,0,0,1,27.0,32.0,,,1,2,1,1,3
202100026432,2021-07-29 17:50:00,2021,7,29,17,50,91,91103,AV JEAN MERMOZ,48.6086,2.31247,Plein jour,En agglomération,Giratoire,Normale,Sans collision,4,2,1,0,1,3,8,9,8,50,,2,1,0,0,1,23.0,,,,1,2,6,1,7
202100026433,2021-07-28 19:10:00,2021,7,28,19,10,91,91665,AV DE LA DIVISION LECLERC,48.662898,2.276962,Plein jour,En agglomération,Hors intersection,Normale,Deux véhicules - côté,3,3,0,1,1,1,1,0,5,70,,2,1,0,0,1,32.0,42.0,,,1,2,1,1,3
202100026434,2021-07-28 12:30:00,2021,7,28,12,30,91,91432,AV CHARLES DE GAULLE,48.70516,2.33955,Plein jour,En agglomération,Autre intersection,Normale,Deux véhicules - côté,3,4,4,0,1,1,1,5,1,50,,2,1,0,0,1,65.0,25.0,,,1,2,9,1,3
202100026435,2021-07-28 18:11:00,2021,7,28,18,11,87,87085,THOMAS (AVENUE ALBERT),45.83465,1.24584,Plein jour,En agglomération,Hors intersection,Normale,,4,2,2,0,1,1,1,0,1,50,,2,1,0,0,1,22.0,21.0,,,1,2,1,1,-1
202100026436,2021-07-29 08:35:00,2021,7,29,8,35,83,83069,VICTORIA (AVENUE),43.1153272487,6.1252534389,Plein jour,En agglomération,Giratoire,Normale,Autre collision,4,2,3,0,1,1,1,0,8,50,,1,0,0,0,1,39.0,,,,1,2,6,1,6
202100026437,2021-07-27 14:00:00,2021,7,27,14,0,80,80021,TROIS CAILLOUX (RUE DES),49.89242,2.29975,Plein jour,En agglomération,Hors intersection,Normale,Deux véhicules - frontale,4,2,1,3,1,1,1,0,1,30,,2,1,0,0,1,54.0,20.0,,,1,2,1,1,1
202100026438,2021-07-29 20:20:00,2021,7,29,20,20,78,78481,GENERAL LECLERC (AVENUE DU),48.887,2.10066,Plein jour,En agglomération,Hors intersection,Normale,Deux véhicules - côté,2,1,2,0,1,1,1,0,1,50,,2,1,0,0,1,29.0,29.0,,,1,2,1,1,3
202100026439,2021-07-29 13:40:00,2021,7,29,13,40,78,78372,COEUR VOLANT (COTE DU),48.86431,2.10353,Plein jour,En agglomération,Hors intersection,Normale,Autre collision,3,2,0,0,2,1,1,0,3,50,,2,1,0,0,1,23.0,,,,1,2,1,1,6
202100026440,2021-07-29 18:30:00,2021,7,29,18,30,77,77169,OLOF PALME (BOULEVARD),48.80831,2.61876,Plein jour,En agglomération,Hors intersection,Normale,Autre collision,4,2,2,0,1,1,1,0,1,50,,2,1,0,0,1,23.0,,,,1,2,1,1,6
202100026441,2021-07-25 09:40:00,2021,7,25,9,40,73,73008,D50 / Bd Lepic,45.68541,5.90617,Plein jour,En agglomération,Giratoire,Normale,Deux véhicules - côté,3,1,1,0,1,2,1,0,1,50,,2,1,0,1,0,48.0,81.0,,,1,2,6,1,3
202100026442,2021-07-29 07:40:00,2021,7,29,7,40,67,67447,BISCHWILLER (ROUTE DE),48.607886,7.749872,Plein jour,En agglomération,Hors intersection,Normale,Deux véhicules - côté,7,2,2,0,1,1,1,0,1,50,,2,1,0,0,1,50.0,37.0,,,1,2,1,1,3
202100026443,2021-07-28 22:15:00,2021,7,28,22,15,67,67482,VOSGES (AVENUE DES),48.58754,7.7586,Nuit avec éclairage allumé,En agglomération,Intersection en T,Normale,Deux véhicules - côté,4,2,3,0,1,1,1,0,1,50,,2,1,0,0,1,20.0,24.0,,,5,2,3,1,3
202100026444,2021-07-29 11:38:00,2021,7,29,11,38,66,66136,NUNGESSER-ET-COLI (BOULEVARD),42.68737,2.88717,Plein jour,En agglomération,Hors intersection,Normale,Deux véhicules - côté,4,2,2,0,1,1,1,0,4,50,,2,1,0,0,1,23.0,58.0,,,1,2,1,1,3
202100026445,2021-07-28 15:08:00,2021,7,28,15,8,66,66136,JOFFRE (AVENUE DU MARECHAL CD 88),42.71054,2.89024,Plein jour,En agglomération,Hors intersection,Normale,Autre collision,4,2,2,0,1,1,1,0,1,50,,2,1,0,0,1,14.0,79.0,,,1,2,1,1,6
202100026446,2021-07-29 18:57:00,2021,7,29,18,57,64,64102,MOYNAC (AVENUE DOCTEUR LEON),43.48445,-1.48006,Plein jour,En agglomération,Hors intersection,Normale,Deux véhicules - côté,4,2,2,0,1,2,1,0,1,50,,2,1,0,0,1,45.0,50.0,,,1,2,1,1,3
202100026447,2021-07-29 15:50:00,2021,7,29,15,50,64,64102,SOULT (AVENUE MARECHAL),43.48662,-1.48749,Plein jour,En agglomération,Autre intersection,Normale,Autre collision,3,3,4,3,1,1,1,9,1,50,,2,1,0,0,1,20.0,,,,1,2,9,1,6
202100026448,2021-07-29 15:50:00,2021,7,29,15,50,64,64102,Avenue Maréchal Soult,43.48767,-1.48301,Plein jour,En agglomération,Hors intersection,Normale,Deux véhicules - arrière,3,3,4,0,1,1,1,0,1,50,,2,1,0,0,1,22.0,22.0,,,1,2,1,1,2
202100026449,2021-07-28 18:05:00,2021,7,28,18,5,64,64024,EMPEREUR (ALLEE DE L'),43.51705,-1.50357,Plein jour,En agglomération,Intersection en Y,Normale,Deux véhicules - côté,4,2,2,0,2,1,1,0,1,50,,2,1,0,0,1,22.0,52.0,,,1,2,4,1,3
202100026450,2021-07-25 08:00:00,2021,7,25,8,0,64,64102,MAI 1945 (AVENUE DU 8),43.46655,-1.493228,Crépuscule ou aube,Hors agglomération,Hors intersection,Pluie légère,Sans collision,4,-1,2,0,1,3,2,0,1,50,,1,0,0,0,1,17.0,,,,2,1,1,2,7
202100026451,2021-07-25 06:05:00,2021,7,25,6,5,64,64024,BAB (BOULEVARD DU),43.4929825807,-1.5312570333,Nuit sans éclairage public,En agglomération,Hors intersection,Pluie forte,Sans collision,4,2,4,0,1,3,2,0,1,50,,1,0,0,0,1,27.0,,,,3,2,1,3,7
202100026452,2021-07-24 16:30:00,2021,7,24,16,30,62,62563,THOMAS (R LOUIS),50.471296,2.710683,Plein jour,En agglomération,Hors intersection,Normale,Deux véhicules - côté,4,2,0,0,1,1,1,0,1,50,,6,2,0,0,4,26.0,31.0,,,1,2,1,1,3
202100026453,2021-07-29 21:30:00,2021,7,29,21,30,59,59343,MEUNIERS RUE DES,50.5885822991,3.086643219,Crépuscule ou aube,En agglomération,Intersection en X,Normale,Deux véhicules - côté,7,2,0,0,1,1,1,9,1,50,,2,1,0,0,1,20.0,17.0,,,2,2,2,1,3
202100026454,2021-07-28 18:05:00,2021,7,28,18,5,56,56083,CALVAIRE ( PLACE DU ),47.80584,-3.27209,Plein jour,En agglomération,Hors intersection,Normale,Autre collision,9,-1,-1,3,1,1,1,0,6,-1,,2,1,0,0,1,16.0,,,,1,2,1,1,6
202100026455,2021-07-28 15:25:00,2021,7,28,15,25,56,56162,FORCES FRANCAISES LIBRES (PLACE DES),47.73538,-3.42829,Plein jour,En agglomération,Hors intersection,Normale,Sans collision,6,-1,-1,0,1,1,1,0,1,50,,1,0,0,0,1,63.0,,,,1,2,1,1,7
202100026456,2021-07-26 15:50:00,2021,7,26,15,50,54,54395,SAINTE CATHERINE (RUE),48.6951,6.18837,Plein jour,En agglomération,Hors intersection,Normale,Deux véhicules - côté,4,1,2,2,1,1,1,0,1,30,,2,1,0,0,1,49.0,,,,1,2,1,1,3
202100026457,2021-07-29 16:40:00,2021,7,29,16,40,51,51573,Route de Soissons,49.25363,3.9753,Plein jour,En agglomération,Hors intersection,Normale,Deux véhicules - arrière,4,1,2,0,1,1,1,0,1,50,,2,1,0,0,1,28.0,45.0,,,1,2,1,1,2
202100026458,2021-07-27 22:53:00,2021,7,27,22,53,49,49007,MONTAIGNE AVENUE,47.46881,-0.53178,Nuit sans éclairage public,En agglomération,Hors intersection,Autre,Autre collision,4,2,2,0,1,1,1,0,1,50,,2,1,0,0,1,60.0,,,,3,2,1,9,6
202100026459,2021-07-28 14:04:00,2021,7,28,14,4,49,49007,VOIE DES BERGES,47.47508,-0.55529,Plein jour,En agglomération,Hors intersection,Normale,Trois véhicules et plus - en chaîne,3,3,4,0,1,1,1,0,1,50,,3,1,0,0,2,43.0,54.0,,,1,2,1,1,4
202100026460,2021-07-29 22:40:00,2021,7,29,22,40,47,47027,PETIT PAREN (lieu-dit),44.40249,0.66146,Nuit sans éclairage public,Hors agglomération,Hors intersection,Normale,Autre collision,3,2,2,0,1,1,1,0,3,80,,4,0,0,4,0,25.0,,,,3,1,1,1,6
202100026461,2021-07-29 20:35:00,2021,7,29,20,35,45,45234,Avenue Roger Secretain,47.8855227476,1.897109914,Plein jour,En agglomération,Intersection en X,Normale,Deux véhicules - frontale,4,3,5,0,1,1,1,5,1,50,,7,0,0,1,6,19.0,36.0,,,1,2,2,1,1
202100026462,2021-07-28 14:03:00,2021,7,28,14,3,37,37261,TOSCANE (ALLEE DE),47.3749520787,0.7090144604,Plein jour,Hors agglomération,Hors intersection,Normale,Autre collision,4,1,1,0,1,3,1,9,8,30,,1,0,0,0,1,85.0,,,,1,1,1,1,6
202100026463,2021-07-28 09:47:00,2021,7,28,9,47,37,37122,JAURES (BOULEVARD JEAN),47.3473030749,0.6528174877,Plein jour,En agglomération,Hors intersection,Normale,Trois véhicules et plus - en chaîne,4,-1,1,0,1,1,1,0,1,50,,3,2,0,0,1,70.0,68.0,,,1,2,1,1,4
202100026464,2021-07-29 22:20:00,2021,7,29,22,20,35,35238,PORTE DE LORIENT,48.10703,-1.71783,Nuit avec éclairage allumé,En agglomération,Hors intersection,Normale,Autre collision,2,1,1,0,2,3,1,3,3,50,,4,0,0,0,4,28.0,,,,5,2,1,1,6
202100026465,2021-07-28 06:30:00,2021,7,28,6,30,34,34172,GANGES (ROUTE DE,43.64333,3.84478,Crépuscule ou aube,Hors agglomération,Hors intersection,Pluie légère,Deux véhicules - frontale,7,3,2,0,1,1,2,0,1,50,,3,0,0,3,0,32.0,21.0,,,2,1,1,2,1
202100026466,2021-07-25 15:15:00,2021,7,25,15,15,34,34032,Avenue Enseigne Albertini,43.345949362,3.2263891797,Plein jour,En agglomération,Hors intersection,Normale,Deux véhicules - côté,4,2,3,0,1,1,1,0,1,50,,2,1,0,1,0,46.0,49.0,,,1,2,1,1,3
202100026467,2021-07-22 19:30:00,2021,7,22,19,30,33,33200,Avenue de Magudas,44.86186,-0.69664,Plein jour,En agglomération,Giratoire,Normale,Deux véhicules - côté,4,2,4,0,1,1,1,0,1,50,,2,1,0,0,1,21.0,39.0,,,1,2,6,1,3
202100026468,2021-07-29 12:30:00,2021,7,29,12,30,33,33063,Boulevard Pierre 1er,44.85872,-0.58953,Plein jour,En agglomération,Intersection en T,Normale,Deux véhicules - côté,4,3,4,3,1,1,1,0,1,50,,2,1,0,0,1,20.0,71.0,,,1,2,3,1,3
202100026469,2021-07-28 16:00:00,2021,7,28,16,0,33,33063,Cours du Médoc,44.86337,-0.57285,Plein jour,En agglomération,Hors intersection,Normale,Autre collision,4,2,2,1,1,1,1,0,1,50,,2,1,0,0,1,52.0,,,,1,2,1,1,6
202100026470,2021-07-29 13:20:00,2021,7,29,13,20,33,33009,Cours Desbiey,44.65665,-1.16029,Plein jour,En agglomération,Intersection en X,Normale,Deux véhicules - côté,4,2,3,0,2,1,1,5,1,50,,2,1,0,1,0,55.0,69.0,,,1,2,2,1,3
202100026471,2021-07-29 16:25:00,2021,7,29,16,25,29,29232,Rond Point de l'Eau Blanche,47.99137,-4.07343,Plein jour,En agglomération,Giratoire,Normale,Deux véhicules - côté,4,4,2,0,1,2,1,5,1,50,,2,1,0,0,1,33.0,30.0,,,1,2,6,1,3
202100026472,2021-07-28 12:15:00,2021,7,28,12,15,22,22113,ANRTP (PEGASE),48.753234,-3.45832,Plein jour,En agglomération,Giratoire,Normale,Deux véhicules - côté,3,3,4,0,1,3,1,5,1,50,,2,1,0,0,1,68.0,73.0,,,1,2,6,1,3
202100026473,2021-07-27 15:15:00,2021,7,27,15,15,21,21231,PLANCHETTES (DES) (RUE),47.3154495887,5.0627916455,Plein jour,En agglomération,Intersection en X,Normale,Deux véhicules - côté,4,2,2,0,1,1,1,0,1,50,,4,3,0,1,0,20.0,65.0,,,1,2,2,1,3
202100026474,2021-07-27 15:35:00,2021,7,27,15,35,19,19275,PONTY (ROUTE DE),45.5442447242,2.2965030525,Plein jour,Hors agglomération,Hors intersection,Normale,Autre collision,3,2,2,0,1,3,1,0,8,50,,1,0,0,1,0,53.0,,,,1,1,1,1,6
202100026475,2021-07-29 15:35:00,2021,7,29,15,35,17,17306,RHIN-DANUBE (ROND POINT),45.62462,-1.0023,Plein jour,En agglomération,Giratoire,Normale,Deux véhicules - arrière,2,1,2,0,1,2,1,0,1,50,,5,3,0,0,2,34.0,42.0,,,1,2,6,1,2
202100026476,2021-07-29 10:27:00,2021,7,29,10,27,17,17200,HUIT MAI 1945   AVENUE DU,46.18606,-1.15097,Plein jour,En agglomération,Intersection en X,Normale,Deux véhicules - côté,3,3,4,0,1,1,1,5,1,50,,2,1,0,0,1,67.0,26.0,,,1,2,2,1,3
202100026477,2021-07-28 14:35:00,2021,7,28,14,35,17,17300,CENT-VINGT-TROISIEME REGIMENT D,46.15221,-1.14824,Plein jour,En agglomération,Giratoire,Normale,Deux véhicules - côté,4,-1,1,1,3,3,1,0,1,30,,2,1,0,0,1,25.0,26.0,,,1,2,6,1,3
202100026478,2021-07-28 20:28:00,2021,7,28,20,28,15,15014,Giratoire du Vialenc,44.92237,2.42802,Plein jour,En agglomération,Giratoire,Normale,Autre collision,3,1,1,0,1,2,1,5,1,50,,2,1,0,0,1,17.0,76.0,,,1,2,6,1,6
202100026479,2021-07-29 10:30:00,2021,7,29,10,30,13,13002,JEAN GIONO (AVENUE),43.3315,5.4877,Plein jour,En agglomération,Hors intersection,Normale,Deux véhicules - frontale,7,2,2,0,1,1,1,0,1,50,,2,1,0,0,1,77.0,60.0,,,1,2,1,1,1
202100026480,2021-07-29 08:20:00,2021,7,29,8,20,13,13208,MAZARGUES (AVENUE DE),43.2588553086,5.3941975136,Plein jour,En agglomération,Hors intersection,Normale,Autre collision,4,2,2,0,2,1,1,0,1,30,,2,1,0,0,1,51.0,,,,1,2,1,1,6
202100026481,2021-07-29 03:30:00,2021,7,29,3,30,13,13208,SCHLOESING (BOULEVARD),43.272520577,5.4011367113,Nuit avec éclairage allumé,En agglomération,Hors intersection,Normale,Deux véhicules - côté,4,2,2,0,1,1,1,2,1,50,,4,1,0,0,3,28.0,29.0,,,5,2,1,1,3
202100026482,2021-07-26 16:15:00,2021,7,26,16,15,13,13206,LIEUTAUD (COURS),43.29527,5.38161,Plein jour,En agglomération,Hors intersection,Normale,Deux véhicules - frontale,4,2,2,0,1,1,1,0,1,50,,2,1,0,0,1,,,,,1,2,1,1,1
202100026483,2021-07-30 01:40:00,2021,7,30,1,40,13,13001,GALICE (RTE),43.5279303361,5.4046265356,Nuit avec éclairage allumé,En agglomération,Hors intersection,Normale,Deux véhicules - frontale,4,1,1,0,1,2,1,0,1,50,,1,0,0,0,1,46.0,,,,5,2,1,1,1
202100026484,2021-07-25 15:20:00,2021,7,25,15,20,12,12013,CHATAIGNIERS (CITE DES),44.5307816545,2.2622837126,Plein jour,En agglomération,Intersection en T,Normale,Deux véhicules - côté,4,2,2,0,2,1,1,0,1,30,,2,1,0,0,1,30.0,21.0,,,1,2,3,1,3
202100026485,2021-07-30 00:38:00,2021,7,30,0,38,10,10387,MARECHAL DE LATTRE DE TASSIGNY (RUE DU),48.30309,4.10004,Nuit avec éclairage allumé,En agglomération,Intersection en X,Normale,Deux véhicules - côté,4,2,4,0,1,1,1,5,1,50,,2,1,0,0,1,,20.0,,,5,2,2,1,3
202100026486,2021-07-29 17:45:00,2021,7,29,17,45,07,07281,HUIT MAI (AVENUE DU),44.94544,4.85236,Plein jour,En agglomération,Giratoire,Temps éblouissant,Sans collision,3,-1,2,0,1,1,1,9,1,50,,1,0,0,0,1,87.0,,,,1,2,6,7,7
202100026487,2021-07-29 17:20:00,2021,7,29,17,20,06,06027,GRASSE AVENUE DE,43.66035,7.13038,Plein jour,En agglomération,Hors intersection,Normale,Deux véhicules - arrière,7,2,2,0,1,1,1,0,1,50,,2,1,0,0,1,59.0,28.0,,,1,2,1,1,2
202100026488,2021-06-17 18:23:00,2021,6,17,18,23,02,02722,PRESLES ( BOULEVARD ),49.37228,3.30515,Plein jour,En agglomération,Hors intersection,Normale,Deux véhicules - côté,4,2,2,0,1,1,1,0,1,50,,2,1,0,1,0,62.0,45.0,,,1,2,1,1,3
202100026489,2021-07-07 11:15:00,2021,7,7,11,15,02,02064,FERE EN TARDENOIS ( ROUTE DE - C.D. 06 ),49.36667,3.33398,Plein jour,En agglomération,Hors intersection,Normale,Autre collision,3,2,2,0,1,1,1,0,1,50,,2,1,0,0,1,75.0,,,,1,2,1,1,6
202100026490,2021-07-29 16:35:00,2021,7,29,16,35,75,75117,PORTE DE CLICHY,48.897339,2.312554,Plein jour,En agglomération,Intersection en Y,Normale,Deux véhicules - arrière,4,1,1,0,2,1,1,0,1,50,,2,0,0,0,2,23.0,33.0,,,1,2,4,1,2
202100026491,2021-07-29 08:50:00,2021,7,29,8,50,75,75113,RUE DE TOLBIAC,48.827094,2.366989,Plein jour,En agglomération,Hors intersection,Normale,Autre collision,4,2,3,0,1,1,1,0,1,30,,2,1,0,1,0,40.0,,,,1,2,1,1,6
202100026492,2021-07-29 19:40:00,2021,7,29,19,40,75,75120,RUE JULIEN LACROIX,48.87191,2.38271,Plein jour,En agglomération,Intersection en X,Normale,Autre collision,4,2,2,0,2,1,1,0,1,30,,2,1,0,0,1,,,,,1,2,2,1,6
202100026493,2021-07-29 16:50:00,2021,7,29,16,50,75,75120,AVENUE GAMBETTA,48.863128,2.3888427,Plein jour,En agglomération,Hors intersection,Normale,Deux véhicules - frontale,4,2,5,1,2,1,1,0,1,30,,2,1,0,0,1,34.0,23.0,,,1,2,1,1,1
202100026494,2021-07-29 14:30:00,2021,7,29,14,30,75,75120,RUE D AVRON,48.852792,2.406632,Plein jour,En agglomération,Intersection en X,Normale,Deux véhicules - côté,4,2,3,0,1,1,1,0,1,30,,2,1,0,0,1,59.0,45.0,,,1,2,2,1,3
202100026495,2021-07-28 02:05:00,2021,7,28,2,5,75,75120,RUE BELGRAND,48.864801,2.40131,Nuit avec éclairage allumé,En agglomération,Intersection en X,Pluie légère,Deux véhicules - arrière,4,1,2,0,1,1,2,0,1,50,,2,1,0,0,1,36.0,28.0,,,5,2,2,2,2
202100026496,2021-07-29 09:25:00,2021,7,29,9,25,75,75118,RUE BERVIC,48.884106,2.349457,Plein jour,En agglomération,Intersection en T,Normale,Autre collision,4,1,1,0,2,1,1,0,1,30,,2,1,0,0,1,46.0,,,,1,2,3,1,6
202100026497,2021-07-29 16:00:00,2021,7,29,16,0,75,75114,RUE DAGUERRE,48.835683,2.324964,Plein jour,En agglomération,Intersection en T,Normale,Deux véhicules - côté,4,2,2,1,2,1,1,0,5,30,,2,1,0,0,1,31.0,57.0,,,1,2,3,1,3
202100026498,2021-07-28 16:35:00,2021,7,28,16,35,75,75114,BOULEVARD BRUNE,48.826986,2.308865,Plein jour,En agglomération,Intersection en T,Normale,Autre collision,4,2,2,0,1,1,1,6,4,50,,2,1,0,0,1,31.0,,,,1,2,3,1,6
202100026499,2021-07-29 00:05:00,2021,7,29,0,5,75,75111,BOULEVARD VOLTAIRE,48.854417,2.385796,Nuit avec éclairage allumé,En agglomération,Hors intersection,Normale,Deux véhicules - arrière,4,2,2,0,1,1,1,0,1,50,,2,1,0,0,1,29.0,27.0,,,5,2,1,1,2
202100026500,2021-07-29 09:40:00,2021,7,29,9,40,75,75110,BOULEVARD DE LA CHAPELLE,48.88428,2.364657,Plein jour,En agglomération,Intersection en X,Normale,Deux véhicules - côté,4,3,2,0,1,1,1,0,1,50,,2,1,0,0,1,,23.0,,,1,2,2,1,3
202100026501,2021-07-29 01:20:00,2021,7,29,1,20,75,75101,QUAI DE LA MEGISSERIE,48.857998,2.344419,Nuit avec éclairage allumé,En agglomération,Intersection en T,Normale,Deux véhicules - côté,4,1,3,3,1,1,1,0,1,50,,2,1,0,0,1,77.0,21.0,,,5,2,3,1,3
202100026502,2021-07-29 17:05:00,2021,7,29,17,5,75,75109,RUE DU HAVRE,48.87512,2.3267,Plein jour,En agglomération,Hors intersection,Normale,Deux véhicules - côté,4,2,4,1,1,1,1,0,1,50,,2,1,0,0,1,27.0,35.0,,,1,2,1,1,3
202100026503,2021-07-28 18:15:00,2021,7,28,18,15,75,75102,BOULEVARD DE BONNE NOUVELLE,48.870151,2.350481,Plein jour,En agglomération,Intersection en T,Normale,Deux véhicules - côté,4,2,5,0,1,1,1,0,1,50,,2,1,0,0,1,49.0,26.0,,,1,2,3,1,3
202100026504,2021-07-28 14:30:00,2021,7,28,14,30,75,75102,BOULEVARD DES ITALIENS,48.871241,2.335944,Plein jour,En agglomération,Intersection en T,Normale,Deux véhicules - côté,4,2,4,0,1,1,1,0,1,50,,4,3,0,0,1,42.0,58.0,,,1,2,3,1,3
202100026505,2021-07-28 14:30:00,2021,7,28,14,30,94,94068,RABELAIS (BD),48.806,2.476,Plein jour,En agglomération,Hors intersection,Normale,Deux véhicules - côté,4,2,2,0,1,1,1,0,1,30,,2,1,0,0,1,30.0,37.0,,,1,2,1,1,3
202100026506,2021-07-29 19:40:00,2021,7,29,19,40,94,94058,Avenue Pierre Brossolette,48.83487,2.50468,Plein jour,En agglomération,Hors intersection,Normale,Deux véhicules - côté,3,2,2,0,1,1,1,0,1,50,,2,1,0,0,1,35.0,44.0,,,1,2,1,1,3
202100026507,2021-07-28 15:30:00,2021,7,28,15,30,94,94042,Avenue du Général Galliéni,48.82007,2.47448,Plein jour,En agglomération,Place,Normale,Autre collision,3,2,4,3,1,1,1,6,8,50,,2,1,0,0,1,24.0,,,,1,2,7,1,6
202100026508,2021-07-28 23:45:00,2021,7,28,23,45,94,94041,Rue Louis Bertrand,48.81801,2.37689,Nuit avec éclairage allumé,En agglomération,Hors intersection,Pluie légère,Sans collision,3,2,2,0,2,3,2,0,1,50,,1,0,0,0,1,34.0,,,,5,2,1,2,7
202100026509,2021-07-11 02:35:00,2021,7,11,2,35,94,94017,Avenue du Général de Gaulle,48.826239,2.505272,Nuit avec éclairage allumé,En agglomération,Hors intersection,Normale,Autre collision,3,2,4,0,1,1,1,0,1,50,,2,0,0,1,1,24.0,,,,5,2,1,1,6