accident_id,datetime,annee,mois,jour,heure,minute,departement,commune_insee,adresse,latitude,longitude,luminosite,agglomeration,intersection,meteo,collision,catr,circ,nbv,vosp,prof,plan,surf,infra,situ,vma,nb_vehicules,nb_usagers,nb_indemnes,nb_tues,nb_blesses_hosp,nb_blesses_legers,age_cond_1,age_cond_2,veh_type_cond_1,veh_type_cond_2,lum_code,agg_code,int_code,atm_code,col_code
202100026510,2021-06-29 23:20:00,2021,6,29,23,20,93,93066,Rue Albert Einstein / Avenue Paul Vaillant-Couturier,48.9345,2.36718,Nuit avec éclairage allumé,En agglomération,Intersection en T,Normale,Deux véhicules - côté,4,1,1,0,1,1,1,0,1,50,,2,1,0,0,1,38.0,,,,5,2,3,1,3
202100026511,2021-07-29 15:00:00,2021,7,29,15,0,93,93066,Boulevard Anatole France / Rue Jules Saulnier,48.92551,2.35064,Plein jour,En agglomération,Intersection en T,Normale,Deux véhicules - côté,3,3,4,0,1,2,1,0,1,50,,2,1,0,0,1,61.0,20.0,,,1,2,3,1,3
202100026512,2021-07-27 16:12:00,2021,7,27,16,12,93,93066,Rue Ambroise Croizat,48.9300832795,2.350582838,Plein jour,En agglomération,Hors intersection,Normale,Deux véhicules - arrière,3,3,2,0,1,1,2,0,1,50,,2,1,0,0,1,22.0,30.0,,,1,2,1,1,2
202100026513,2021-07-29 17:00:00,2021,7,29,17,0,93,93048,Boulevard de Chanzy / Rue des Sorins,48.85873,2.42724,Plein jour,En agglomération,Intersection en T,Normale,Deux véhicules - côté,3,2,2,1,1,1,1,0,1,50,,2,1,0,0,1,69.0,21.0,,,1,2,3,1,3
202100026514,2021-07-29 08:30:00,2021,7,29,8,30,93,93005,Carrefour de l’Europe / Boulevard Georges Braque,48.951804,2.485049,Plein jour,En agglomération,Giratoire,Normale,Deux véhicules - côté,3,3,6,0,1,3,1,5,1,50,,2,1,0,0,1,30.0,48.0,,,1,2,6,1,3
202100026515,2021-07-28 17:25:00,2021,7,28,17,25,93,93001,HENRI BARBUSSE (RUE)  111 =>,48.911858,2.391297,Plein jour,En agglomération,Hors intersection,Normale,Autre collision,3,1,1,0,1,1,1,0,1,50,,3,2,0,0,1,53.0,,,,1,2,1,1,6
202100026516,2021-07-28 11:59:00,2021,7,28,11,59,92,92051,MAURICE BARRES (BOULEVARD),48.8796892051,2.2643731211,Plein jour,En agglomération,Autre intersection,Normale,Deux véhicules - côté,4,2,4,0,1,1,1,0,1,30,,2,1,0,0,1,58.0,18.0,,,1,2,9,1,3
202100026517,2021-07-29 20:15:00,2021,7,29,20,15,92,92050,FOCH MARECHAL PLACE DU,48.88826,2.194083,Crépuscule ou aube,En agglomération,Giratoire,Normale,Deux véhicules - côté,3,2,2,2,1,1,1,0,1,50,,2,1,0,0,1,38.0,39.0,,,2,2,6,1,3
202100026518,2021-07-29 00:09:00,2021,7,29,0,9,92,92050,CLEMENCEAU GEORGES AVENUE N°IMPAIR,48.88573,2.21922,Nuit avec éclairage allumé,En agglomération,Intersection en T,Normale,Deux véhicules - côté,3,2,4,2,1,1,1,5,1,50,,3,1,0,2,0,24.0,,,,5,2,3,1,3
202100026519,2021-07-28 09:30:00,2021,7,28,9,30,92,92012,ANATOLE FRANCE (BOULEVARD) 1/4BIS,48.8503404179,2.23777601,Plein jour,En agglomération,Intersection en X,Normale,Deux véhicules - côté,4,2,2,0,1,1,1,0,1,50,,2,1,0,0,1,27.0,68.0,,,1,2,2,1,3
202100026520,2021-07-29 20:56:00,2021,7,29,20,56,60,60403,D901,49.502973,2.020197,Plein jour,Hors agglomération,Hors intersection,Normale,Trois véhicules et plus - en chaîne,3,2,2,0,1,1,1,0,1,80,,4,2,0,0,2,23.0,24.0,,,1,1,1,1,4
202100026521,2021-07-29 16:30:00,2021,7,29,16,30,62,62897,67 ROUTE DE LUMBRES,50.681912,2.081405,Plein jour,En agglomération,Hors intersection,Normale,Autre collision,3,2,2,0,1,1,1,0,1,50,,2,1,0,1,0,36.0,41.0,,,1,2,1,1,6
202100026522,2021-07-29 17:00:00,2021,7,29,17,0,41,41104,Route de Chambord,47.592318,1.453135,Plein jour,En agglomération,Intersection en T,Normale,Deux véhicules - frontale,3,2,1,0,2,1,1,0,1,50,,2,1,0,1,0,22.0,60.0,,,1,2,3,1,1
202100026523,2021-07-30 07:15:00,2021,7,30,7,15,71,71481,A6 Pk 400.860 sens Paris/Lyon,46.20198,4.779856,Crépuscule ou aube,Hors agglomération,Hors intersection,Normale,Trois véhicules et plus - en chaîne,1,3,6,0,1,1,1,2,1,130,,4,2,2,0,0,51.0,46.0,,,2,1,1,1,4
202100026524,2021-07-24 12:00:00,2021,7,24,12,0,28,28088,Place de la Liberté,48.075262,1.343653,Plein jour,En agglomération,Hors intersection,Normale,Autre collision,4,2,2,0,1,1,1,0,1,50,,2,1,0,0,1,66.0,,,,1,2,1,1,6
202100026525,2021-07-30 05:30:00,2021,7,30,5,30,55,55242,Autoroute A4 PK 273.100,49.127898,5.650277,Crépuscule ou aube,Hors agglomération,Hors intersection,Normale,Autre collision,1,1,4,0,1,1,1,0,3,130,,4,0,0,2,2,53.0,,,,2,1,1,1,6
202100026526,2021-07-24 09:30:00,2021,7,24,9,30,21,21272,Autoroute A6,47.435044,4.307212,Plein jour,Hors agglomération,Hors intersection,Normale,Deux véhicules - arrière,1,3,4,0,1,1,1,0,1,130,,8,7,0,0,1,45.0,39.0,,,1,1,1,1,2
202100026527,2021-06-25 18:48:00,2021,6,25,18,48,26,26325,68 Rue de Marseille,45.286505,4.816727,Crépuscule ou aube,En agglomération,Intersection en T,Normale,Deux véhicules - frontale,3,2,2,0,1,1,1,0,1,50,,2,1,0,1,0,17.0,24.0,,,2,2,3,1,1
202100026528,2021-07-29 15:00:00,2021,7,29,15,0,67,67409,D504,48.83531,8.089746,Plein jour,Hors agglomération,Hors intersection,Normale,Trois véhicules et plus - en chaîne,3,1,1,0,1,1,1,0,1,90,,4,2,1,0,1,55.0,43.0,,,1,1,1,1,4
202100026529,2021-07-30 10:29:00,2021,7,30,10,29,62,62070,D77,50.387666,2.458911,Plein jour,Hors agglomération,Intersection en X,Normale,Deux véhicules - côté,3,2,2,0,1,1,1,0,1,80,,5,1,0,0,4,25.0,36.0,,,1,1,2,1,3
202100026530,2021-07-30 09:07:00,2021,7,30,9,7,69,69260,VERNAISON (DE) (PT),45.645923,4.816035,Plein jour,En agglomération,Hors intersection,Normale,Deux véhicules - frontale,7,1,2,0,1,1,1,2,1,50,,3,1,0,1,1,54.0,29.0,,,1,2,1,1,1
202100026531,2021-07-30 15:30:00,2021,7,30,15,30,51,51662,Avenue de Rethel,49.2947019938,4.1264552147,Plein jour,En agglomération,Intersection en T,Normale,Deux véhicules - côté,3,2,2,0,1,1,1,0,1,50,,2,1,0,0,1,52.0,27.0,,,1,2,3,1,3
202100026532,2021-07-29 15:55:00,2021,7,29,15,55,56,56074,Route Nationale N° 24,47.895348,-2.962296,Plein jour,Hors agglomération,Hors intersection,Temps éblouissant,Deux véhicules - arrière,2,3,4,0,2,2,1,0,1,110,,3,2,0,1,0,46.0,86.0,,,1,1,1,7,2
202100026533,2021-07-29 22:27:00,2021,7,29,22,27,56,56034,Rue du Ménec,47.591516,-3.083485,Nuit sans éclairage public,En agglomération,Hors intersection,Normale,Autre collision,3,2,2,0,1,1,1,0,1,50,,3,1,1,1,0,38.0,28.0,,,3,2,1,1,6
202100026534,2021-07-29 20:40:00,2021,7,29,20,40,74,74002,D1201,45.819702,6.008497,Plein jour,Hors agglomération,Hors intersection,Normale,Deux véhicules - côté,3,2,3,0,2,3,1,0,1,80,,2,1,0,1,0,55.0,21.0,,,1,1,1,1,3
202100026535,2021-07-11 19:40:00,2021,7,11,19,40,67,67029,D340,48.882441,7.149868,Plein jour,Hors agglomération,Giratoire,Normale,Deux véhicules - côté,3,2,2,0,1,1,1,0,1,80,,2,1,0,0,1,54.0,34.0,,,1,1,6,1,3
202100026536,2021-07-30 03:00:00,2021,7,30,3,0,79,79179,Lieu Dit la Haute Geniere,46.706793,-0.591813,Nuit sans éclairage public,Hors agglomération,Hors intersection,Normale,Autre collision,4,2,2,0,1,2,1,0,3,80,,1,0,0,1,0,20.0,,,,3,1,1,1,6
202100026537,2021-07-29 22:30:00,2021,7,29,22,30,79,79008,,46.735787,-0.301158,Nuit sans éclairage public,Hors agglomération,Hors intersection,Normale,Autre collision,2,2,2,0,1,1,1,0,1,80,,2,1,0,1,0,50.0,,,,3,1,1,1,6
202100026538,2021-07-29 23:40:00,2021,7,29,23,40,33,33193,Route de Vensac,45.418678,-1.075931,Nuit sans éclairage public,Hors agglomération,Intersection en X,Normale,Deux véhicules - côté,3,2,2,0,1,1,1,0,1,80,,6,1,0,3,2,41.0,18.0,,,3,1,2,1,3
202100026539,2021-07-29 14:20:00,2021,7,29,14,20,63,63255,D722,45.491115,3.285572,Plein jour,Hors agglomération,Intersection en T,Normale,Autre collision,3,2,2,0,2,3,1,5,3,80,,3,2,0,1,0,18.0,,,,1,1,3,1,6
202100026540,2021-07-30 18:30:00,2021,7,30,18,30,55,55391,D13,49.5565199256,5.2272163209,Plein jour,Hors agglomération,Intersection en T,Normale,Deux véhicules - côté,3,2,2,0,1,1,1,5,1,80,,2,1,0,1,0,41.0,,,,1,1,3,1,3
202100026541,2021-07-29 12:15:00,2021,7,29,12,15,49,49307,D347,47.4751381838,-0.3552103043,Plein jour,Hors agglomération,Giratoire,Normale,Deux véhicules - arrière,3,2,2,0,1,1,1,0,1,50,,2,1,0,1,0,45.0,16.0,,,1,1,6,1,2
202100026542,2021-07-30 17:44:00,2021,7,30,17,44,12,12266,RD 911 ,44.262462,2.821437,Plein jour,Hors agglomération,Hors intersection,Normale,Deux véhicules - frontale,3,2,2,0,2,3,1,0,1,90,,2,0,0,1,1,83.0,51.0,,,1,1,1,1,1
202100026543,2021-07-29 20:05:00,2021,7,29,20,5,46,46086,RD 840,44.977962,1.541112,Plein jour,Hors agglomération,Hors intersection,Normale,Autre collision,3,2,2,0,1,1,1,0,3,80,,1,0,0,0,1,52.0,,,,1,1,1,1,6
202100026544,2021-07-21 06:10:00,2021,7,21,6,10,46,46340,D820,44.525066,1.457137,Crépuscule ou aube,Hors agglomération,Hors intersection,Normale,Autre collision,3,2,2,0,1,1,1,0,3,80,,1,0,0,0,1,52.0,,,,2,1,1,1,6
202100026545,2021-07-30 20:20:00,2021,7,30,20,20,34,34012,D27e1,43.704108,3.667621,Plein jour,Hors agglomération,Hors intersection,Normale,Sans collision,3,2,2,0,1,2,1,0,1,80,,1,0,0,0,1,23.0,,,,1,1,1,1,7
202100026546,2021-06-27 17:30:00,2021,6,27,17,30,68,68368,D10,48.056155,7.212553,Plein jour,Hors agglomération,Hors intersection,Normale,Autre collision,3,2,2,0,1,1,1,0,3,80,,1,0,1,0,0,19.0,,,,1,1,1,1,6
202100026547,2021-07-30 11:30:00,2021,7,30,11,30,44,44067,Rue de Beslé,47.631175,-1.836251,Plein jour,En agglomération,Intersection en X,Normale,Trois véhicules et plus - collisions multiples,3,2,2,0,1,1,1,0,1,50,,3,2,0,1,0,16.0,72.0,,,1,2,2,1,5
202100026548,2021-07-30 08:15:00,2021,7,30,8,15,35,35049,HERICAN,48.679404,-1.881983,Crépuscule ou aube,Hors agglomération,Intersection en X,Temps éblouissant,Autre collision,3,2,2,0,3,1,1,0,1,80,,2,1,0,1,0,50.0,,,,2,1,2,7,6
202100026549,2021-07-30 12:50:00,2021,7,30,12,50,84,84123,D164,44.111976,5.3931,Plein jour,Hors agglomération,Hors intersection,Normale,Autre collision,3,2,2,0,2,3,1,0,3,80,,1,0,0,1,0,61.0,,,,1,1,1,1,6
202100026550,2021-07-30 16:00:00,2021,7,30,16,0,03,03304,Lieu Dit Champoux,46.167015,3.336228,Plein jour,Hors agglomération,Hors intersection,Normale,Deux véhicules - arrière,3,2,2,0,1,1,1,0,1,90,,2,1,0,1,0,38.0,,,,1,1,1,1,2
202100026551,2021-07-30 13:00:00,2021,7,30,13,0,03,03297,rue paul constans,46.536714,2.609451,Plein jour,En agglomération,Hors intersection,Normale,Autre collision,3,2,2,0,2,1,1,0,1,50,,2,1,0,0,1,50.0,,,,1,2,1,1,6
202100026552,2021-07-30 11:47:00,2021,7,30,11,47,85,85202,Intersection D98 et D48,46.718997,-1.113398,Plein jour,Hors agglomération,Intersection en X,Normale,Deux véhicules - côté,3,2,2,0,1,1,1,0,1,80,,2,0,0,1,1,29.0,39.0,,,1,1,2,1,3
202100026553,2021-07-29 14:40:00,2021,7,29,14,40,85,85238,A87,46.9636717654,-0.9236589074,Plein jour,Hors agglomération,Hors intersection,Normale,Sans collision,1,1,4,0,2,1,1,0,3,130,,4,2,0,0,2,58.0,,,,1,1,1,1,7
202100026554,2021-07-30 17:19:00,2021,7,30,17,19,54,54073,D674,48.644344,5.892341,Plein jour,Hors agglomération,Autre intersection,Normale,Autre collision,3,2,2,0,3,3,1,0,1,70,,4,3,0,0,1,71.0,16.0,,,1,1,9,1,6
202100026555,2021-07-29 14:25:00,2021,7,29,14,25,06,06089,2 bis route de grasse,43.665959,6.980379,Plein jour,Hors agglomération,Hors intersection,Normale,Deux véhicules - côté,3,2,1,0,1,1,1,0,1,50,,2,1,0,0,1,20.0,66.0,,,1,1,1,1,3
202100026556,2021-07-30 08:15:00,2021,7,30,8,15,50,50507,Intersection D. 14 D.69,49.476936,-1.298919,Plein jour,Hors agglomération,Intersection en X,Normale,Deux véhicules - côté,3,2,2,0,1,1,1,5,1,80,,2,1,0,1,0,67.0,56.0,,,1,1,2,1,3
202100026557,2021-07-21 18:00:00,2021,7,21,18,0,50,50178,Village le Pied Sablon,49.676993,-1.473541,Plein jour,Hors agglomération,Hors intersection,Normale,Sans collision,3,3,2,0,2,3,1,0,1,80,,2,1,0,0,1,41.0,74.0,,,1,1,1,1,7
202100026558,2021-07-29 19:00:00,2021,7,29,19,0,09,09312,rue du 08 mai,43.102624,1.64978,Plein jour,En agglomération,Giratoire,Normale,Deux véhicules - côté,3,-1,2,0,1,2,1,0,1,50,,2,1,0,1,0,19.0,16.0,,,1,2,6,1,3
202100026559,2021-07-12 16:20:00,2021,7,12,16,20,18,18159,D944,47.356562,2.169212,Plein jour,Hors agglomération,Hors intersection,Pluie forte,Sans collision,3,2,2,0,1,3,2,0,3,70,,1,0,0,0,1,31.0,,,,1,1,1,3,7
202100026560,2021-07-29 11:00:00,2021,7,29,11,0,43,43190,RD150,45.027951,4.003808,Plein jour,Hors agglomération,Hors intersection,Normale,Deux véhicules - côté,3,2,2,0,2,1,1,0,1,90,,2,1,0,1,0,31.0,59.0,,,1,1,1,1,3
202100026561,2021-07-30 05:00:00,2021,7,30,5,0,24,24587,Les Mazers,44.830959,1.214236,Nuit sans éclairage public,En agglomération,Hors intersection,Normale,Autre collision,4,2,2,0,1,3,1,0,3,-1,,1,0,0,1,0,21.0,,,,3,2,1,1,6
202100026562,2021-07-29 17:40:00,2021,7,29,17,40,04,04076,RD 4202,43.950386,6.815252,Plein jour,En agglomération,Hors intersection,Normale,Autre collision,3,2,2,0,1,2,1,0,8,50,,1,0,0,1,0,53.0,,,,1,2,1,1,6
202100026563,2021-07-15 11:30:00,2021,7,15,11,30,04,04042,RD 660,43.993517,6.763367,Plein jour,En agglomération,Hors intersection,Normale,Sans collision,3,2,2,0,2,3,1,0,3,50,,1,0,0,1,0,71.0,,,,1,2,1,1,7
202100026564,2021-07-30 12:22:00,2021,7,30,12,22,60,60082,,49.6939448832,2.2310410738,Plein jour,Hors agglomération,Hors intersection,Normale,Deux véhicules - côté,1,2,4,0,1,1,1,0,1,-1,,3,1,0,0,2,79.0,50.0,,,1,1,1,1,3
202100026565,2021-07-28 17:15:00,2021,7,28,17,15,35,35206,D34,48.044966,-1.656446,Plein jour,Hors agglomération,Hors intersection,Normale,Deux véhicules - frontale,7,2,2,0,1,1,1,0,1,80,,3,0,0,2,1,43.0,56.0,,,1,1,1,1,1
202100026566,2021-07-30 08:30:00,2021,7,30,8,30,53,53267,D24  PK 015.025,48.018635,-0.46443,Plein jour,Hors agglomération,Hors intersection,Temps couvert,Trois véhicules et plus - collisions multiples,3,2,2,0,1,1,1,0,1,80,,3,2,0,0,1,29.0,58.0,,,1,1,1,8,5
202100026567,2021-07-28 21:10:00,2021,7,28,21,10,69,69043,GARE (DE LA) (RTE),45.698866,4.763281,Nuit avec éclairage allumé,En agglomération,Passage à niveau,Normale,Autre collision,4,3,2,2,1,1,1,4,1,50,,1,0,0,1,0,21.0,,,,5,2,8,1,6
202100026568,2021-07-25 16:30:00,2021,7,25,16,30,45,45146,A71 PK 120+650,47.736264,1.873426,Plein jour,Hors agglomération,Hors intersection,Normale,Autre collision,1,2,2,0,1,1,1,0,8,130,,1,0,1,0,0,55.0,,,,1,1,1,1,6
202100026569,2021-07-30 18:20:00,2021,7,30,18,20,976,97617,D1,-12.79185,45.12475,Nuit sans éclairage public,Hors agglomération,Hors intersection,Normale,Autre collision,3,2,2,0,1,1,1,0,1,70,,2,1,1,0,0,,,,,3,1,1,1,6
202100026570,2021-07-16 18:10:00,2021,7,16,18,10,73,73257,RD117 intersection VILLARABOUT,45.3823375903,6.5056909919,Plein jour,Hors agglomération,Intersection en X,Normale,Deux véhicules - côté,3,2,2,0,2,1,1,0,1,50,,3,2,0,0,1,22.0,42.0,,,1,1,2,1,3
202100026571,2021-03-09 19:00:00,2021,3,9,19,0,976,97608,Route des Badamiers,-12.781425,45.277986,Nuit sans éclairage public,En agglomération,Hors intersection,Normale,Autre collision,3,2,1,0,1,1,1,0,1,50,,2,0,0,1,1,46.0,,,,3,2,1,1,6
202100026572,2021-07-30 08:40:00,2021,7,30,8,40,971,97110,chemin de la montagne,16.320737,-61.04403,Plein jour,Hors agglomération,Hors intersection,Normale,Sans collision,4,2,2,0,1,1,1,0,1,-1,,1,0,0,1,0,19.0,,,,1,1,1,1,7
202100026573,2021-07-28 16:55:00,2021,7,28,16,55,971,97111,nationale 2,16.352313,-61.765416,Plein jour,Hors agglomération,Hors intersection,Normale,Deux véhicules - côté,2,2,2,0,3,3,1,0,1,70,,2,1,0,1,0,35.0,31.0,,,1,1,1,1,3
202100026574,2021-07-29 13:20:00,2021,7,29,13,20,28,28015,Chemin d'equillemont,48.472587,1.767018,Plein jour,En agglomération,Hors intersection,Normale,Deux véhicules - frontale,3,2,2,0,2,1,1,0,1,50,,2,1,0,1,0,54.0,15.0,,,1,2,1,1,1
202100026575,2021-07-02 00:45:00,2021,7,2,0,45,18,18244,Route de Mareuil,46.956707,2.131948,Nuit sans éclairage public,Hors agglomération,Hors intersection,Normale,Autre collision,3,2,2,0,4,3,1,0,3,80,,2,0,0,0,2,24.0,,,,3,1,1,1,6
202100026576,2021-07-30 12:30:00,2021,7,30,12,30,78,78321,Route Nationale 12,48.793719,1.899261,Plein jour,Hors agglomération,Hors intersection,Normale,Autre collision,2,1,3,0,1,2,1,0,3,110,,1,0,0,0,1,22.0,,,,1,1,1,1,6
202100026577,2021-07-29 19:00:00,2021,7,29,19,0,66,66134,D40,42.582087,2.814635,Plein jour,Hors agglomération,Hors intersection,Normale,Sans collision,3,2,2,0,1,1,1,0,8,80,,1,0,0,1,0,17.0,,,,1,1,1,1,7
202100026578,2021-07-30 13:40:00,2021,7,30,13,40,30,30027,Chemin de Peyrigoux,44.0752,4.057646,Plein jour,En agglomération,Intersection en Y,Normale,Deux véhicules - frontale,3,2,2,0,1,1,1,0,1,50,,2,1,0,1,0,25.0,49.0,,,1,2,4,1,1
202100026579,2021-07-30 10:45:00,2021,7,30,10,45,06,06091,3250 D53,43.778251,7.398078,Plein jour,En agglomération,Hors intersection,Normale,Deux véhicules - côté,3,2,2,0,1,3,1,0,1,50,,2,0,0,1,1,17.0,30.0,,,1,2,1,1,3
202100026580,2021-07-27 19:53:00,2021,7,27,19,53,13,13007,RD 45 A,43.342674,5.656521,Plein jour,Hors agglomération,Hors intersection,Normale,Sans collision,7,2,2,0,2,3,1,0,3,80,,2,1,0,1,0,45.0,,,,1,1,1,1,7
202100026581,2021-07-30 08:10:00,2021,7,30,8,10,13,13004,D268,43.473594,4.846516,Plein jour,Hors agglomération,Hors intersection,Pluie légère,Deux véhicules - frontale,3,2,3,0,1,1,2,0,3,90,,4,0,2,2,0,27.0,,,,1,1,1,2,1
202100026582,2021-07-29 07:50:00,2021,7,29,7,50,13,13027,Avenue Léon Vachet,43.884806,4.856923,Plein jour,En agglomération,Hors intersection,Normale,Deux véhicules - côté,4,2,2,0,1,1,1,0,1,30,,2,1,0,1,0,73.0,29.0,,,1,2,1,1,3
202100026583,2021-07-29 10:15:00,2021,7,29,10,15,54,54215,Rue du Saule Gaillard,48.74445,6.15038,Plein jour,En agglomération,Hors intersection,Normale,Sans collision,4,3,2,0,2,2,1,0,1,50,,3,2,0,0,1,26.0,47.0,,,1,2,1,1,7
202100026584,2021-07-30 15:20:00,2021,7,30,15,20,38,38205,D531 - route des eymards,45.111202,5.567418,Plein jour,En agglomération,Intersection en Y,Normale,Deux véhicules - côté,3,2,2,0,1,1,1,0,1,50,,2,1,0,0,1,62.0,19.0,,,1,2,4,1,3
202100026585,2021-07-30 16:55:00,2021,7,30,16,55,46,46332,Cavialle Nord,44.646712,2.076427,Plein jour,En agglomération,Hors intersection,Normale,Deux véhicules - frontale,3,2,2,0,2,2,1,0,1,50,,2,1,0,1,0,67.0,,,,1,2,1,1,1
202100026586,2021-07-30 02:35:00,2021,7,30,2,35,46,46102,Avenue du Marechal Joffre,44.607595,2.02974,Nuit avec éclairage allumé,En agglomération,Intersection en T,Normale,Deux véhicules - côté,3,2,2,0,1,1,1,0,1,50,,4,3,0,1,0,19.0,24.0,,,5,2,3,1,3
202100026587,2021-07-30 10:45:00,2021,7,30,10,45,85,85178,La Gendronnière,46.75857,-1.496673,Plein jour,Hors agglomération,Hors intersection,Normale,Autre collision,3,2,2,0,2,3,1,0,3,80,,2,1,0,1,0,28.0,,,,1,1,1,1,6
202100026588,2021-07-29 17:55:00,2021,7,29,17,55,22,22384,Rue des Rochers,48.281972,-2.833094,Plein jour,En agglomération,Intersection en T,Normale,Deux véhicules - frontale,4,2,2,0,2,2,1,0,1,50,,2,0,0,1,1,16.0,48.0,,,1,2,3,1,1
202100026589,2021-07-29 16:05:00,2021,7,29,16,5,60,60139,D923,49.182482,2.234666,Plein jour,Hors agglomération,Intersection en X,Normale,Deux véhicules - côté,3,2,2,0,2,1,1,0,1,70,,2,1,0,0,1,46.0,64.0,,,1,1,2,1,3
202100026590,2021-07-29 23:15:00,2021,7,29,23,15,59,59571,D958,50.196216,3.50074,Nuit sans éclairage public,Hors agglomération,Hors intersection,Normale,Deux véhicules - frontale,3,2,2,0,1,1,1,0,1,80,,4,3,0,1,0,42.0,40.0,,,3,1,1,1,1
202100026591,2021-07-29 07:30:00,2021,7,29,7,30,59,59011,M 39,50.517438,2.930131,Plein jour,Hors agglomération,Hors intersection,Normale,Sans collision,7,2,2,0,1,1,1,0,1,80,,1,0,0,1,0,59.0,,,,1,1,1,1,7
202100026592,2021-07-28 02:03:00,2021,7,28,2,3,13,13005,A501-Sens Aubagne vers Pont de l'Etoile,43.29248,5.55642,Nuit sans éclairage public,Hors agglomération,Hors intersection,Normale,Deux véhicules - arrière,1,1,2,0,1,1,1,0,1,90,,2,1,0,1,0,21.0,54.0,,,3,1,1,1,2
202100026593,2021-07-25 19:00:00,2021,7,25,19,0,69,69091,A47   1.809 A 5.820,45.5896192618,4.7762929162,Plein jour,Hors agglomération,Hors intersection,Normale,Trois véhicules et plus - en chaîne,1,3,4,0,1,1,1,0,1,70,,3,2,0,0,1,49.0,20.0,,,1,1,1,1,4
202100026594,2021-07-29 12:30:00,2021,7,29,12,30,33,33318,ROCADE A 630,44.812904,-0.672151,Plein jour,Hors agglomération,Hors intersection,Normale,Deux véhicules - arrière,1,3,6,0,1,1,1,0,1,90,,2,1,0,0,1,74.0,69.0,,,1,1,1,1,2
202100026595,2021-07-29 15:45:00,2021,7,29,15,45,91,91661,RD 188 CHEVREUSE,48.69689,2.22957,Plein jour,Hors agglomération,Hors intersection,Normale,Autre collision,3,2,2,0,1,1,1,0,8,70,,1,0,0,0,1,22.0,,,,1,1,1,1,6
202100026596,2021-07-29 04:50:00,2021,7,29,4,50,91,91286,AUTOROUTE A6,48.65373,2.3807,Nuit sans éclairage public,Hors agglomération,Hors intersection,Normale,Deux véhicules - arrière,1,2,6,0,1,1,1,0,1,110,,3,2,0,0,1,21.0,57.0,,,3,1,1,1,2
202100026597,2021-07-29 09:20:00,2021,7,29,9,20,78,78043,A12 W,48.840905,2.097178,Plein jour,Hors agglomération,Hors intersection,Normale,Sans collision,1,1,3,0,1,1,1,0,1,90,,1,0,0,0,1,50.0,,,,1,1,1,1,7
202100026598,2021-07-28 09:00:00,2021,7,28,9,0,92,92072,N118,48.8166709546,2.2156290262,Plein jour,Hors agglomération,Hors intersection,Normale,Deux véhicules - côté,2,1,2,0,1,1,1,0,1,70,,3,2,0,0,1,24.0,25.0,,,1,1,1,1,3
202100026599,2021-07-28 08:10:00,2021,7,28,8,10,92,92064,A13,48.8373662415,2.1886466304,Plein jour,Hors agglomération,Hors intersection,Normale,Deux véhicules - arrière,1,-1,3,0,1,1,1,0,1,90,,3,2,0,0,1,33.0,69.0,,,1,1,1,1,2
202100026600,2021-07-29 09:25:00,2021,7,29,9,25,93,93007,AUTOROUTE A3,48.92689,2.48133,Plein jour,Hors agglomération,Hors intersection,Normale,Deux véhicules - côté,1,3,6,0,2,2,1,0,1,70,,2,1,0,0,1,21.0,46.0,,,1,1,1,1,3
202100026601,2021-07-29 06:00:00,2021,7,29,6,0,95,95394,RN 184,49.053058,2.176123,Nuit sans éclairage public,Hors agglomération,Hors intersection,Normale,Autre collision,2,3,4,0,1,1,1,0,1,90,,1,0,0,0,1,24.0,,,,3,1,1,1,6
202100026602,2021-07-28 18:30:00,2021,7,28,18,30,95,95491,A115,49.0089320527,2.2367314421,Plein jour,Hors agglomération,Hors intersection,Normale,Deux véhicules - arrière,1,3,4,0,2,1,1,0,1,90,,2,1,0,0,1,27.0,31.0,,,1,1,1,1,2
202100026603,2021-07-28 17:30:00,2021,7,28,17,30,60,60494,AUTOROUTE A1,49.1151978773,2.5544916841,Plein jour,Hors agglomération,Hors intersection,Normale,Autre collision,1,3,6,0,1,1,1,0,1,130,,2,0,0,0,2,20.0,,,,1,1,1,1,6
202100026604,2021-07-28 19:00:00,2021,7,28,19,0,94,94028,A86 EXT,48.78242,2.4409,Plein jour,Hors agglomération,Hors intersection,Normale,Autre collision,1,3,4,0,1,1,1,0,1,90,,2,1,0,1,0,34.0,,,,1,1,1,1,6
202100026605,2021-07-28 18:20:00,2021,7,28,18,20,94,94018,A4,48.82345,2.39529,Plein jour,Hors agglomération,Hors intersection,Normale,Deux véhicules - arrière,1,3,4,0,1,1,1,0,1,90,,2,1,0,0,1,29.0,24.0,,,1,1,1,1,2
202100026606,2021-07-28 14:30:00,2021,7,28,14,30,94,94017,A4,48.8273238388,2.5090636814,Plein jour,Hors agglomération,Hors intersection,Normale,Deux véhicules - arrière,1,1,4,0,1,1,1,1,2,90,,2,1,0,0,1,60.0,21.0,,,1,1,1,1,2
202100026607,2021-03-04 07:00:00,2021,3,4,7,0,84,84007,RASPAIL (boulevard),43.944431,4.805356,Crépuscule ou aube,En agglomération,Hors intersection,Normale,Autre collision,4,2,2,0,1,1,1,0,1,50,,2,1,0,1,0,46.0,,,,2,2,1,1,6