accident_id,datetime,annee,mois,jour,heure,minute,departement,commune_insee,adresse,latitude,longitude,luminosite,agglomeration,intersection,meteo,collision,catr,circ,nbv,vosp,prof,plan,surf,infra,situ,vma,nb_vehicules,nb_usagers,nb_indemnes,nb_tues,nb_blesses_hosp,nb_blesses_legers,age_cond_1,age_cond_2,veh_type_cond_1,veh_type_cond_2,lum_code,agg_code,int_code,atm_code,col_code
202100026608,2021-04-02 15:50:00,2021,4,2,15,50,74,74289,route de genève,45.907618,5.932987,Plein jour,En agglomération,Hors intersection,Normale,Deux véhicules - côté,3,2,2,0,1,2,1,0,1,50,,2,1,0,1,0,54.0,32.0,,,1,2,1,1,3
202100026609,2021-04-01 16:00:00,2021,4,1,16,0,74,74116,ROUTE DÉPARTEMENTALE 1203,46.060699,6.289426,Plein jour,Hors agglomération,Hors intersection,Normale,Deux véhicules - arrière,3,2,2,0,1,1,1,0,1,80,,2,1,0,1,0,36.0,63.0,,,1,1,1,1,2
202100026610,2021-07-29 08:50:00,2021,7,29,8,50,988,98818,RUE DE L'ALMA ANDRE BALLANDE,-22.26955,166.44335,Plein jour,En agglomération,Intersection en X,Normale,Deux véhicules - côté,4,-1,2,0,2,1,1,0,1,50,,7,6,0,0,1,72.0,25.0,,,1,2,2,1,3
202100026611,2021-07-28 09:45:00,2021,7,28,9,45,974,97411,PRINCE VINH-SAN (BD DU),-20.880408,55.438769,Plein jour,Hors agglomération,Hors intersection,Pluie légère,Autre collision,2,1,2,0,2,1,2,0,1,90,,1,0,0,0,1,20.0,,,,1,1,1,2,6
202100026612,2021-07-28 06:45:00,2021,7,28,6,45,974,97411,JAURES (BOULEVARD JEAN),-20.88865,55.44923,Crépuscule ou aube,En agglomération,Hors intersection,Pluie légère,Deux véhicules - arrière,2,2,2,0,1,1,2,0,1,50,,2,1,0,0,1,37.0,60.0,,,2,2,1,2,2
202100026613,2021-07-27 19:30:00,2021,7,27,19,30,974,97411,AZALEES (ROUTE DES),-20.92566,55.43626,Nuit avec éclairage allumé,En agglomération,Hors intersection,Normale,Sans collision,3,2,2,0,1,4,9,0,1,50,,1,0,0,0,1,39.0,,,,5,2,1,1,7
202100026614,2021-07-28 18:15:00,2021,7,28,18,15,69,69386,CHARLES DE GAULLE (Q),45.77812,4.84425,Plein jour,En agglomération,Hors intersection,Normale,Deux véhicules - frontale,9,2,0,3,1,3,1,2,6,50,,2,0,0,0,2,28.0,41.0,,,1,2,1,1,1
202100026615,2021-07-28 16:00:00,2021,7,28,16,0,69,69386,DUQUESNE (R),45.7726562931,4.8453331547,Plein jour,En agglomération,Intersection en X,Normale,Trois véhicules et plus - en chaîne,4,1,2,3,1,1,1,0,1,50,,4,1,0,1,2,38.0,19.0,,,1,2,2,1,4
202100026616,2021-07-27 15:15:00,2021,7,27,15,15,972,97209,MOI LAMINAIRE (RUE),14.59538,-61.04314,Plein jour,En agglomération,Hors intersection,Normale,Deux véhicules - côté,4,2,2,0,1,1,1,0,1,30,,3,1,0,0,2,48.0,43.0,,,1,2,1,1,3
202100026617,2021-07-26 10:15:00,2021,7,26,10,15,69,69385,BARTHELEMY BUYER (AV),45.76355366,4.7989171743,Plein jour,En agglomération,Hors intersection,Normale,Autre collision,6,-1,0,0,1,1,1,9,8,30,,2,1,0,0,1,46.0,,,,1,2,1,1,6
202100026618,2021-07-28 13:20:00,2021,7,28,13,20,2B,2B353,CAP - ROUTE DU CAP,42.71615,9.45573,Plein jour,En agglomération,Hors intersection,Normale,Deux véhicules - arrière,3,2,2,0,1,2,1,0,1,50,,3,1,0,0,2,19.0,45.0,,,1,2,1,1,2
202100026619,2021-07-28 10:30:00,2021,7,28,10,30,2A,2A004,T21,41.928568056,8.7696594,Plein jour,Hors agglomération,Hors intersection,Normale,Deux véhicules - côté,2,-1,2,0,1,1,1,0,1,90,,2,1,0,0,1,20.0,34.0,,,1,1,1,1,3
202100026620,2021-07-27 15:00:00,2021,7,27,15,0,95,95088,RD 170,48.97654,2.42938,Plein jour,Hors agglomération,Hors intersection,Pluie légère,Autre collision,3,3,4,0,1,3,2,0,2,90,,2,1,0,0,1,19.0,,,,1,1,1,2,6
202100026621,2021-07-27 17:15:00,2021,7,27,17,15,91,91589,AV DES TOURTERELLES,48.691733,2.35742,Plein jour,En agglomération,Intersection en X,Normale,Deux véhicules - côté,4,2,2,0,1,1,2,0,1,50,,2,1,0,0,1,62.0,17.0,,,1,2,2,1,3
202100026622,2021-07-27 17:14:00,2021,7,27,17,14,87,87085,BROSSOLETTE (RUE PIERRE),45.8242,1.25468,Plein jour,En agglomération,Intersection en T,Normale,Autre collision,4,2,2,0,1,2,1,0,1,50,,2,1,0,0,1,,79.0,,,1,2,3,1,6
202100026623,2021-07-07 09:30:00,2021,7,7,9,30,84,84007,FONTCOUVERTE(Avenue de),43.93783,4.83236,Plein jour,En agglomération,Hors intersection,Normale,Autre collision,4,3,2,1,1,1,1,0,1,50,,2,1,0,1,0,68.0,,,,1,2,1,1,6
202100026624,2021-07-27 11:00:00,2021,7,27,11,0,83,83062,DE LATTRE DE TASSIGNY (AVENUE),43.1134,5.99036,Plein jour,En agglomération,Intersection en Y,Normale,Autre collision,7,2,2,0,1,1,1,0,1,50,,2,1,0,1,0,65.0,,,,1,2,4,1,6
202100026625,2021-07-28 08:57:00,2021,7,28,8,57,83,83069,PETIT (ROND POINT HENRI),43.11323,6.12424,Plein jour,En agglomération,Hors intersection,Normale,Deux véhicules - côté,7,4,3,0,1,2,1,0,1,50,,2,1,0,0,1,49.0,23.0,,,1,2,1,1,3
202100026626,2021-07-26 12:50:00,2021,7,26,12,50,80,80021,QUEBEC (RUE DE),49.8694,2.32342,Plein jour,En agglomération,Hors intersection,Normale,Autre collision,4,2,2,0,1,2,1,0,1,50,,2,1,0,0,1,48.0,,,,1,2,1,1,6
202100026627,2021-05-04 22:05:00,2021,5,4,22,5,78,78490,DEUX PLATEAUX (ROUTE DES),48.81351,1.95997,Nuit sans éclairage public,Hors agglomération,Hors intersection,Normale,Autre collision,3,2,2,0,4,2,1,0,1,50,,2,0,0,1,1,33.0,,,,3,1,1,1,6
202100026628,2021-07-26 17:50:00,2021,7,26,17,50,76,76457,GOSSELIN RUE,49.3397,0.9617,Plein jour,Hors agglomération,Intersection en T,Temps couvert,Deux véhicules - côté,7,2,-1,0,1,2,1,0,1,50,,2,1,0,0,1,33.0,,,,1,1,3,8,3
202100026629,2021-07-24 15:25:00,2021,7,24,15,25,76,76351,JENNER (TUNNEL),49.50265,0.13188,Plein jour,Hors agglomération,Hors intersection,Normale,Autre collision,4,3,3,3,2,1,1,1,1,50,,5,3,0,0,2,25.0,24.0,,,1,1,1,1,6
202100026630,2021-07-28 15:25:00,2021,7,28,15,25,72,72003,ANJOU (BD D'),47.964584,0.162632,Plein jour,En agglomération,Hors intersection,Normale,Autre collision,4,2,2,0,1,1,1,0,1,50,,2,1,0,0,1,48.0,,,,1,2,1,1,6
202100026631,2021-07-28 06:20:00,2021,7,28,6,20,72,72181,TIRONNEAU ADRIEN (PL),47.9829,0.2104,Crépuscule ou aube,En agglomération,Giratoire,Normale,Autre collision,4,1,1,1,1,1,2,9,6,50,,2,1,0,1,0,22.0,57.0,,,2,2,6,1,6
202100026632,2021-07-26 17:10:00,2021,7,26,17,10,71,71153,29 Route de Montcenis,46.8010485263,4.4120175909,Plein jour,En agglomération,Hors intersection,Normale,Trois véhicules et plus - collisions multiples,3,2,2,0,1,1,1,0,1,50,,3,2,0,0,1,20.0,23.0,,,1,2,1,1,5
202100026633,2021-07-29 00:30:00,2021,7,29,0,30,69,69266,LEON BLUM (R),45.7610604698,4.9081039101,Nuit avec éclairage allumé,En agglomération,Hors intersection,Normale,Sans collision,4,2,2,0,1,1,1,0,1,50,,2,1,0,1,0,18.0,,,,5,2,1,1,7
202100026634,2021-07-28 12:00:00,2021,7,28,12,0,69,69266,PIERRE BARATIN (R),45.7631743365,4.9002864314,Plein jour,En agglomération,Intersection en X,Normale,Deux véhicules - côté,4,2,2,1,1,2,1,0,1,50,,3,2,0,0,1,51.0,46.0,,,1,2,2,1,3
202100026635,2021-07-28 14:50:00,2021,7,28,14,50,69,69092,PARADIS (DU) (R),45.9811355345,4.6966425776,Plein jour,Hors agglomération,Hors intersection,Normale,Trois véhicules et plus - collisions multiples,3,-1,0,0,1,1,1,0,1,50,,3,0,0,0,3,46.0,65.0,,,1,1,1,1,5
202100026636,2021-07-27 22:15:00,2021,7,27,22,15,67,67482,PIERRE MENDES FRANCE (AVENUE),48.5966815283,7.749935165,Nuit avec éclairage allumé,En agglomération,Hors intersection,Pluie légère,Deux véhicules - côté,7,3,4,0,1,1,2,0,1,50,,2,1,0,0,1,21.0,34.0,,,5,2,1,2,3
202100026637,2021-07-27 18:03:00,2021,7,27,18,3,66,66136,BRIAND BOULEVARD ARISTIDE,42.69612,2.903,Plein jour,En agglomération,Hors intersection,Normale,Deux véhicules - arrière,4,2,2,0,1,1,1,0,1,50,,3,2,0,0,1,66.0,28.0,,,1,2,1,1,2
202100026638,2021-07-26 18:18:00,2021,7,26,18,18,66,66136,MASSOT (PAUL),42.6948,2.88457,Plein jour,En agglomération,Intersection en T,Normale,Deux véhicules - côté,4,2,2,0,1,1,1,0,1,50,,4,2,0,0,2,56.0,,,,1,2,3,1,3
202100026639,2021-07-28 12:59:00,2021,7,28,12,59,64,64445,JEAN MERMOZ,43.3081,-0.37656,Plein jour,En agglomération,Hors intersection,Normale,Trois véhicules et plus - collisions multiples,4,2,1,0,1,1,1,0,1,50,,5,2,0,0,3,25.0,74.0,,,1,2,1,1,5
202100026640,2021-07-27 23:00:00,2021,7,27,23,0,63,63113,FLAUBERT (BD GUSTAVE),45.76456,3.12555,Nuit avec éclairage allumé,En agglomération,Giratoire,Normale,Deux véhicules - côté,7,-1,4,0,1,1,1,0,1,50,,4,3,0,0,1,22.0,26.0,,,5,2,6,1,3
202100026641,2021-07-28 23:40:00,2021,7,28,23,40,60,60463,Rue Edouard Herriot,49.26857,2.45634,Nuit avec éclairage non allumé,En agglomération,Giratoire,Normale,Sans collision,4,4,8,0,1,2,1,0,4,50,,1,0,0,0,1,18.0,,,,4,2,6,1,7
202100026642,2021-07-20 23:05:00,2021,7,20,23,5,60,60159,Avenue du Maréchal de Lattre de Tassigny,49.40472,2.82019,Nuit avec éclairage non allumé,En agglomération,Intersection en T,Normale,Deux véhicules - côté,4,3,2,0,1,1,1,0,1,50,,2,1,0,1,0,31.0,27.0,,,4,2,3,1,3
202100026643,2021-07-28 03:00:00,2021,7,28,3,0,57,57143,FOCH (RUE),49.26169,6.10468,Nuit sans éclairage public,En agglomération,Hors intersection,Autre,Autre collision,4,2,2,0,1,1,1,0,8,30,,1,0,0,1,0,22.0,,,,3,2,1,9,6
202100026644,2021-07-27 23:09:00,2021,7,27,23,9,56,56121,GUIEYSSE (RUE  PAUL ),47.75712,-3.36781,Nuit avec éclairage non allumé,En agglomération,Intersection en T,Normale,Deux véhicules - côté,4,2,2,0,1,1,1,0,1,50,,3,2,0,0,1,69.0,20.0,,,4,2,3,1,3
202100026645,2021-07-27 19:25:00,2021,7,27,19,25,56,56098,SAKHAROV (RUE  ANDRE ),47.77717,-3.34311,Plein jour,En agglomération,Hors intersection,Normale,Sans collision,4,2,2,0,2,1,2,0,1,50,,1,0,0,0,1,51.0,,,,1,2,1,1,7
202100026646,2021-07-27 11:15:00,2021,7,27,11,15,56,56083,N165 sens Brest/Nantes,47.78807,-3.2811,Plein jour,Hors agglomération,Hors intersection,Pluie légère,Sans collision,2,3,4,0,1,1,2,0,1,110,,1,0,0,0,1,67.0,,,,1,1,1,2,7
202100026647,2021-07-28 11:22:00,2021,7,28,11,22,52,52125,R.D. 417,48.10903,5.19367,Plein jour,Hors agglomération,Hors intersection,Normale,Deux véhicules - côté,3,2,2,0,1,1,1,0,1,90,,3,1,0,0,2,30.0,56.0,,,1,1,1,1,3
202100026648,2021-07-26 08:10:00,2021,7,26,8,10,51,51454,Boulevard Dieu Lumière,49.2401040602,4.0414907502,Plein jour,En agglomération,Intersection en X,Pluie légère,Deux véhicules - côté,4,2,4,0,2,1,2,0,1,50,,2,1,0,0,1,,24.0,,,1,2,2,2,3
202100026649,2021-07-27 05:50:00,2021,7,27,5,50,50,50129,CONQUERANT (BOULEVARD GUILLAUME LE),49.64216,-1.63703,Crépuscule ou aube,En agglomération,Intersection en X,Pluie légère,Deux véhicules - côté,3,3,4,0,1,1,2,0,1,50,,2,1,0,0,1,46.0,22.0,,,2,2,2,2,3
202100026650,2021-07-27 18:15:00,2021,7,27,18,15,49,49267,A87N,47.46644,-0.51624,Plein jour,En agglomération,Hors intersection,Temps couvert,Trois véhicules et plus - collisions multiples,1,3,4,0,1,1,2,0,1,90,,5,3,0,0,2,20.0,37.0,,,1,2,1,8,5
202100026651,2021-07-02 08:34:00,2021,7,2,8,34,49,49007,NEY PLACE,47.4787210195,-0.5440552533,Plein jour,En agglomération,Hors intersection,Normale,Deux véhicules - arrière,4,2,2,0,1,1,1,0,1,50,,2,1,0,0,1,45.0,32.0,,,1,2,1,1,2
202100026652,2021-07-27 10:14:00,2021,7,27,10,14,49,49007,BRESSIGNY,47.46719,-0.54946,Plein jour,En agglomération,Hors intersection,Normale,Sans collision,4,1,1,0,1,1,1,0,1,30,,1,0,0,0,1,30.0,,,,1,2,1,1,7
202100026653,2021-07-28 13:50:00,2021,7,28,13,50,45,45284,Avenue de Verdun,47.92378,1.99143,Plein jour,En agglomération,Hors intersection,Normale,Deux véhicules - frontale,4,3,5,0,1,1,1,5,1,50,,2,1,0,0,1,,31.0,,,1,2,1,1,1
202100026654,2021-07-28 10:30:00,2021,7,28,10,30,45,45169,Route d’Orléans,47.91517,1.84441,Plein jour,En agglomération,Intersection en T,Normale,Deux véhicules - arrière,4,2,2,0,1,1,1,0,1,50,,2,0,0,0,2,70.0,37.0,,,1,2,3,1,2
202100026655,2021-07-28 10:00:00,2021,7,28,10,0,45,45234,Avenue Jean Zay,47.90642,1.92188,Plein jour,En agglomération,Hors intersection,Normale,Deux véhicules - arrière,4,2,2,0,1,2,2,0,1,50,,2,1,0,0,1,35.0,38.0,,,1,2,1,1,2
202100026656,2021-06-17 06:00:00,2021,6,17,6,0,42,42330,Montee de la Feuilletiere,45.46903,4.36344,Nuit avec éclairage allumé,En agglomération,Hors intersection,Normale,Deux véhicules - frontale,4,2,2,0,2,1,1,0,1,50,,2,1,0,0,1,56.0,29.0,,,5,2,1,1,1
202100026657,2021-07-28 18:30:00,2021,7,28,18,30,38,38185,Rue Prosper Merimée,45.17389,5.72531,Plein jour,En agglomération,Hors intersection,Normale,Autre collision,4,2,2,0,1,1,1,0,1,50,,2,1,0,0,1,25.0,,,,1,2,1,1,6
202100026658,2021-07-27 13:45:00,2021,7,27,13,45,37,37261,PROUDHON (AVENUE),47.3950819305,0.6726174568,Plein jour,Hors agglomération,Autre intersection,Pluie légère,Sans collision,4,4,2,0,2,3,2,2,8,70,,1,0,0,0,1,22.0,,,,1,1,9,2,7
202100026659,2021-07-27 09:00:00,2021,7,27,9,0,37,37261,MIRABEAU (RUE),47.3944764265,0.6999734044,Plein jour,En agglomération,Hors intersection,Temps couvert,Sans collision,4,3,2,0,1,1,1,0,1,50,,1,0,0,0,1,38.0,,,,1,2,1,8,7
202100026660,2021-07-28 17:30:00,2021,7,28,17,30,35,35238,VALLES (JULES),48.10168,-1.71761,Plein jour,En agglomération,Hors intersection,Normale,Autre collision,4,2,2,1,1,1,1,0,1,50,,1,0,0,0,1,75.0,,,,1,2,1,1,6
202100026661,2021-07-28 07:52:00,2021,7,28,7,52,35,35238,FOUGERES (RUE DE),48.125133,-1.656486,Plein jour,En agglomération,Intersection en T,Normale,Deux véhicules - côté,4,2,2,2,1,1,1,0,1,50,,2,1,0,0,1,62.0,17.0,,,1,2,3,1,3
202100026662,2021-07-27 03:05:00,2021,7,27,3,5,33,33063,Rue Edmond Besse,44.887244,-0.547015,Nuit avec éclairage allumé,En agglomération,Autre intersection,Normale,Deux véhicules - côté,4,2,2,0,1,1,1,0,1,50,,4,0,0,0,4,23.0,24.0,,,5,2,9,1,3
202100026663,2021-07-26 21:40:00,2021,7,26,21,40,33,33069,Avenue de l'Hippodrome,44.87557,-0.62429,Plein jour,En agglomération,Hors intersection,Normale,Deux véhicules - côté,4,1,6,3,1,1,1,0,1,50,,3,2,0,0,1,30.0,19.0,,,1,2,1,1,3
202100026664,2021-07-23 21:50:00,2021,7,23,21,50,33,33063,Quai de la Douane,44.84046,-0.56924,Nuit avec éclairage allumé,En agglomération,Hors intersection,Normale,Deux véhicules - arrière,4,2,4,0,1,1,1,0,1,50,,2,1,0,0,1,,60.0,,,5,2,1,1,2
202100026665,2021-07-28 13:30:00,2021,7,28,13,30,33,33529,,44.54305,-1.16019,Plein jour,Hors agglomération,Hors intersection,Normale,Autre collision,3,2,2,1,1,2,1,0,1,70,,2,1,0,0,1,45.0,,,,1,1,1,1,6
202100026666,2021-07-28 11:30:00,2021,7,28,11,30,31,31555,RUE DU PONT GUILHEMERY,43.60168,1.45808,Plein jour,En agglomération,Hors intersection,Normale,Autre collision,7,2,5,2,2,1,1,0,1,50,,2,0,0,2,0,22.0,,,,1,2,1,1,6
202100026667,2021-07-23 18:05:00,2021,7,23,18,5,30,30007,CASSIN (RUE RENE),44.10833,4.10262,Plein jour,En agglomération,Hors intersection,Normale,Deux véhicules - arrière,4,3,4,0,1,1,1,0,1,70,,2,1,0,0,1,25.0,47.0,,,1,2,1,1,2
202100026668,2021-07-28 10:35:00,2021,7,28,10,35,29,29232,Boulevard Louis le Guennec,47.98729,-4.10994,Plein jour,Hors agglomération,Hors intersection,Normale,Deux véhicules - arrière,3,3,4,0,1,3,1,0,1,50,,3,2,0,0,1,63.0,37.0,,,1,1,1,1,2
202100026669,2021-07-27 12:06:00,2021,7,27,12,6,17,17300,SARTRE   AVENUE JEAN-PAUL,46.15611,-1.11859,Plein jour,En agglomération,Intersection en X,Pluie légère,Deux véhicules - arrière,4,2,3,0,1,1,2,5,1,50,,3,2,0,0,1,50.0,40.0,,,1,2,2,2,2
202100026670,2021-06-25 18:20:00,2021,6,25,18,20,17,17299,ONZE NOVEMBRE 1918 AVENUE DU,45.92371,-0.95831,Plein jour,En agglomération,Autre intersection,Normale,Deux véhicules - côté,6,-1,-1,0,1,1,1,0,1,30,,2,1,0,1,0,32.0,39.0,,,1,2,9,1,3
202100026671,2021-07-28 18:15:00,2021,7,28,18,15,13,13208,PERIER (BOULEVARD),43.2789,5.38208,Plein jour,En agglomération,Intersection en X,Normale,Deux véhicules - arrière,4,2,4,0,2,1,1,0,1,50,,3,1,0,0,2,20.0,49.0,,,1,2,2,1,2
202100026672,2021-07-23 09:07:00,2021,7,23,9,7,12,12176,CHATEAU (ROUTE DU),44.39087,2.54006,Plein jour,En agglomération,Intersection en X,Normale,Deux véhicules - côté,4,2,2,0,1,1,1,0,1,50,,2,1,0,1,0,52.0,20.0,,,1,2,2,1,3
202100026673,2021-07-28 23:25:00,2021,7,28,23,25,06,06123,DONADEI EUGENE AVENUE,43.65923,7.19532,Nuit avec éclairage allumé,En agglomération,Hors intersection,Normale,Autre collision,4,1,1,3,1,1,1,0,6,50,,2,1,0,0,1,58.0,,,,5,2,1,1,6
202100026674,2021-07-28 12:35:00,2021,7,28,12,35,01,01053,BAUDIN (AVENUE ALPHONSE),46.20052,5.21768,Plein jour,En agglomération,Hors intersection,Normale,Autre collision,4,2,2,0,1,1,1,0,1,50,,3,2,0,1,0,21.0,,,,1,2,1,1,6
202100026675,2021-07-28 15:30:00,2021,7,28,15,30,75,75118,ECHANGEUR CHAPELLE,48.901023,2.356188,Plein jour,En agglomération,Intersection en Y,Normale,Trois véhicules et plus - en chaîne,4,1,1,3,1,3,1,0,1,70,,7,3,0,0,4,56.0,30.0,,,1,2,4,1,4
202100026676,2021-07-25 22:30:00,2021,7,25,22,30,75,75112,PORTE DE VINCENNES,48.845831,2.414209,Nuit sans éclairage public,En agglomération,Place,Normale,Deux véhicules - frontale,4,1,4,0,1,1,1,0,1,70,,3,2,0,0,1,65.0,35.0,,,3,2,7,1,1
202100026677,2021-07-28 19:35:00,2021,7,28,19,35,75,75120,RUE D AVRON,48.852324,2.404014,Plein jour,En agglomération,Intersection en X,Normale,Autre collision,4,2,2,0,1,1,1,0,1,30,,2,0,0,0,2,57.0,,,,1,2,2,1,6
202100026678,2021-07-28 15:00:00,2021,7,28,15,0,75,75119,RUE D AUBERVILLIERS,48.885559,2.365809,Plein jour,En agglomération,Intersection en X,Normale,Deux véhicules - côté,4,1,3,0,1,1,1,0,1,30,,2,1,0,0,1,24.0,25.0,,,1,2,2,1,3
202100026679,2021-07-28 12:00:00,2021,7,28,12,0,75,75117,AVENUE DE LA PORTE DE CLICHY,48.894609,2.312859,Plein jour,En agglomération,Intersection en Y,Normale,Sans collision,4,2,5,3,1,1,8,0,6,50,,1,0,0,0,1,36.0,,,,1,2,4,1,7
202100026680,2021-07-27 14:30:00,2021,7,27,14,30,75,75117,RUE DE ROME,48.884009,2.31851,Plein jour,En agglomération,Intersection en X,Pluie légère,Deux véhicules - côté,4,2,3,2,1,1,2,6,1,50,,2,1,0,0,1,35.0,49.0,,,1,2,2,2,3
202100026681,2021-07-28 15:30:00,2021,7,28,15,30,75,75116,RUE DE BOULAINVILLIERS,48.85816,2.274835,Plein jour,En agglomération,Intersection en Y,Normale,Autre collision,4,1,1,0,1,1,1,0,1,50,,3,2,0,0,1,19.0,,,,1,2,4,1,6
202100026682,2021-07-28 16:20:00,2021,7,28,16,20,75,75115,RUE DE LOURMEL,48.837188,2.281204,Plein jour,En agglomération,Hors intersection,Normale,Deux véhicules - côté,4,2,1,0,1,1,1,0,1,50,,2,1,0,0,1,25.0,31.0,,,1,2,1,1,3
202100026683,2021-07-28 20:25:00,2021,7,28,20,25,75,75113,RUE BAUDRICOURT,48.825764,2.362983,Plein jour,En agglomération,Hors intersection,Normale,Autre collision,4,1,1,0,1,1,1,8,1,30,,2,1,0,0,1,18.0,,,,1,2,1,1,6
202100026684,2021-07-28 11:10:00,2021,7,28,11,10,75,75112,BOULEVARD PONIATOWSKI,48.829266,2.390371,Plein jour,En agglomération,Intersection en T,Normale,Deux véhicules - côté,4,2,6,0,1,1,2,0,1,50,,2,1,0,0,1,23.0,59.0,,,1,2,3,1,3
202100026685,2021-07-28 19:15:00,2021,7,28,19,15,75,75111,AVENUE LEDRU ROLLIN,48.853306,2.37732,Plein jour,En agglomération,Intersection en X,Normale,Deux véhicules - côté,4,2,2,0,1,1,1,0,1,50,,2,1,0,0,1,50.0,37.0,,,1,2,2,1,3
202100026686,2021-07-28 18:15:00,2021,7,28,18,15,75,75110,BOULEVARD DE MAGENTA,48.880667,2.352078,Plein jour,En agglomération,Place,Normale,Autre collision,4,1,1,1,2,1,1,0,5,50,,2,1,0,0,1,29.0,,,,1,2,7,1,6
202100026687,2021-07-28 14:15:00,2021,7,28,14,15,75,75108,AVENUE MARCEAU,48.866126,2.299692,Plein jour,En agglomération,Place,Normale,Autre collision,4,2,4,0,2,1,1,0,1,50,,2,1,0,0,1,36.0,,,,1,2,7,1,6
202100026688,2021-07-28 01:50:00,2021,7,28,1,50,75,75107,PLACE DE LA RESISTANCE,48.862406,2.301503,Nuit avec éclairage allumé,En agglomération,Place,Pluie légère,Autre collision,4,2,9,0,1,1,2,8,1,50,,2,1,0,0,1,46.0,,,,5,2,7,2,6
202100026689,2021-07-27 18:30:00,2021,7,27,18,30,75,75101,QUAI DE LA MEGISSERIE,48.857321,2.346847,Plein jour,En agglomération,Place,Pluie légère,Sans collision,4,1,3,3,1,1,2,0,1,50,,1,0,0,0,1,40.0,,,,1,2,7,2,7
202100026690,2021-07-28 13:25:00,2021,7,28,13,25,94,94073,Esplanade Auguste Perret,48.76279,2.36929,Plein jour,En agglomération,Autre intersection,Normale,Deux véhicules - côté,4,1,0,0,1,1,1,0,1,50,,2,1,0,0,1,43.0,39.0,,,1,2,9,1,3
202100026691,2021-07-28 08:00:00,2021,7,28,8,0,94,94021,Rue du 19 mars 1962,48.76502,2.35805,Plein jour,En agglomération,Autre intersection,Pluie légère,Sans collision,4,1,1,0,1,3,2,0,8,50,,1,0,0,0,1,33.0,,,,1,2,9,2,7
202100026692,2021-07-27 13:20:00,2021,7,27,13,20,94,94028,Route de la Pompadour,48.76785,2.46727,Plein jour,En agglomération,Autre intersection,Temps couvert,Autre collision,3,2,4,0,1,2,2,2,3,50,,1,0,0,0,1,37.0,,,,1,2,9,8,6
202100026693,2021-07-27 18:05:00,2021,7,27,18,5,94,94018,Quai des Carrieres,48.81953,2.40669,Plein jour,En agglomération,Hors intersection,Temps couvert,Deux véhicules - côté,3,2,3,0,1,1,2,0,4,30,,2,1,0,0,1,50.0,22.0,,,1,2,1,8,3
202100026694,2021-07-28 17:44:00,2021,7,28,17,44,93,93070,MICHELET (AVE) : DU 1 AU 103,48.90544,2.3442,Plein jour,En agglomération,Intersection en Y,Normale,Deux véhicules - côté,3,2,4,0,1,1,1,0,1,50,,2,1,0,0,1,29.0,34.0,,,1,2,4,1,3
202100026695,2021-07-28 19:19:00,2021,7,28,19,19,93,93066,Rue Ambroise Croizat,48.93227,2.348984,Plein jour,En agglomération,Hors intersection,Normale,Autre collision,3,2,1,0,1,1,1,0,1,50,,1,0,0,0,1,46.0,,,,1,2,1,1,6
202100026696,2021-07-28 17:15:00,2021,7,28,17,15,93,93046,COLONEL FABIEN AVENUE DU,48.91502,2.51277,Plein jour,En agglomération,Hors intersection,Normale,Deux véhicules - frontale,4,2,0,0,1,1,1,0,1,50,,2,1,0,0,1,41.0,38.0,,,1,2,1,1,1
202100026697,2021-07-28 17:40:00,2021,7,28,17,40,93,93027,Avenue Paul Vaillant Couturier,48.923352,2.413443,Plein jour,En agglomération,Autre intersection,Temps couvert,Deux véhicules - côté,3,3,2,0,1,1,1,5,1,50,,3,2,0,0,1,45.0,29.0,,,1,2,9,8,3
202100026698,2021-07-28 09:15:00,2021,7,28,9,15,92,92050,CLEMENCEAU GEORGES AVENUE N°IMPAIR,48.885763588,2.2192208469,Plein jour,En agglomération,Autre intersection,Normale,Deux véhicules - côté,3,2,6,1,1,1,1,0,1,50,,2,1,0,0,1,44.0,50.0,,,1,2,9,1,3
202100026699,2021-07-28 12:40:00,2021,7,28,12,40,92,92026,GEORGES CLEMENCEAU,48.9029953811,2.2708573937,Plein jour,En agglomération,Hors intersection,Normale,Autre collision,3,2,4,1,1,1,1,0,1,50,,2,1,0,0,1,21.0,56.0,,,1,2,1,1,6
202100026700,2021-07-28 14:30:00,2021,7,28,14,30,92,92004,PONT D'ASNIERES,48.904909379,2.2877848148,Plein jour,En agglomération,Intersection en X,Normale,Deux véhicules - côté,3,2,0,0,1,1,1,0,1,50,,2,1,0,0,1,23.0,48.0,,,1,2,2,1,3
202100026701,2021-07-28 14:10:00,2021,7,28,14,10,01,01235,,46.062951,5.083126,Plein jour,Hors agglomération,Hors intersection,Normale,Deux véhicules - frontale,3,2,2,0,1,1,1,0,1,80,,3,2,1,0,0,62.0,77.0,,,1,1,1,1,1
202100026702,2021-07-28 15:50:00,2021,7,28,15,50,26,26344,380 Chemin de Saudon,44.62498,5.02006,Plein jour,Hors agglomération,Hors intersection,Normale,Deux véhicules - côté,3,2,2,0,1,3,1,0,1,80,,2,1,0,1,0,53.0,42.0,,,1,1,1,1,3
202100026703,2021-07-28 22:50:00,2021,7,28,22,50,52,52171,D60,48.42798,4.968578,Nuit sans éclairage public,Hors agglomération,Hors intersection,Normale,Autre collision,3,1,2,0,1,3,2,0,3,90,,1,0,0,0,1,23.0,,,,3,1,1,1,6
202100026704,2021-07-28 16:40:00,2021,7,28,16,40,52,52282,RD 143,47.997715,5.178841,Plein jour,Hors agglomération,Hors intersection,Normale,Autre collision,3,2,2,0,4,2,1,0,3,80,,2,1,0,0,1,26.0,,,,1,1,1,1,6