accident_id,datetime,annee,mois,jour,heure,minute,departement,commune_insee,adresse,latitude,longitude,luminosite,agglomeration,intersection,meteo,collision,catr,circ,nbv,vosp,prof,plan,surf,infra,situ,vma,nb_vehicules,nb_usagers,nb_indemnes,nb_tues,nb_blesses_hosp,nb_blesses_legers,age_cond_1,age_cond_2,veh_type_cond_1,veh_type_cond_2,lum_code,agg_code,int_code,atm_code,col_code
202100026705,2021-07-27 22:55:00,2021,7,27,22,55,28,28330,Lieu Dit Auvilliers,48.005971,1.513812,Nuit sans éclairage public,En agglomération,Hors intersection,Pluie légère,Autre collision,3,2,2,0,1,1,2,0,1,80,,2,0,0,1,1,28.0,,,,3,2,1,2,6
202100026706,2021-07-26 14:50:00,2021,7,26,14,50,972,97221,RN5,14.505509,-60.981781,Plein jour,Hors agglomération,Hors intersection,Normale,Deux véhicules - frontale,2,3,4,0,1,1,1,0,1,-1,,3,2,0,1,0,24.0,24.0,,,1,1,1,1,1
202100026707,2021-07-29 02:30:00,2021,7,29,2,30,21,21630,Autoroute A6 PK 262+300 sens PARIS-LYON,47.260869,4.523106,Nuit sans éclairage public,Hors agglomération,Hors intersection,Normale,Trois véhicules et plus - collisions multiples,1,3,4,0,1,2,1,0,3,130,,2,0,0,2,0,22.0,,,,3,1,1,1,5
202100026708,2021-07-19 03:30:00,2021,7,19,3,30,44,44089,RN 165 PR28+900,47.34823,-1.869071,Nuit sans éclairage public,Hors agglomération,Hors intersection,Pluie légère,Autre collision,2,3,4,0,1,1,2,0,2,110,,2,1,0,1,0,23.0,,,,3,1,1,2,6
202100026709,2021-07-27 18:14:00,2021,7,27,18,14,51,51617,Rue des Côtes des Blancs,49.0250561361,4.3208402395,Plein jour,Hors agglomération,Hors intersection,Normale,Sans collision,3,2,2,0,1,1,1,0,1,90,,1,0,0,1,0,20.0,,,,1,1,1,1,7
202100026710,2021-07-28 14:00:00,2021,7,28,14,0,56,56189,La Bottine,47.940574,-2.71789,Plein jour,En agglomération,Intersection en T,Temps couvert,Deux véhicules - côté,3,2,2,0,2,1,1,0,1,50,,2,0,0,1,1,17.0,22.0,,,1,2,3,8,3
202100026711,2021-07-28 23:15:00,2021,7,28,23,15,76,76315,Route de Cany,49.7498952382,0.6360639887,Nuit avec éclairage allumé,En agglomération,Hors intersection,Normale,Deux véhicules - côté,3,2,2,0,1,1,1,0,1,50,,2,0,0,2,0,25.0,24.0,,,5,2,1,1,3
202100026712,2021-07-28 18:40:00,2021,7,28,18,40,76,76603,Route de Bolbec,49.643189,0.463491,Plein jour,Hors agglomération,Intersection à plus de 4 branches,Normale,Deux véhicules - côté,3,2,1,0,1,4,1,0,1,80,,6,0,0,2,4,29.0,57.0,,,1,1,5,1,3
202100026713,2021-07-28 17:15:00,2021,7,28,17,15,79,79014,,47.012362,-0.260046,Plein jour,Hors agglomération,Hors intersection,Normale,Sans collision,3,2,2,0,2,2,1,0,3,80,,1,0,0,0,1,26.0,,,,1,1,1,1,7
202100026714,2021-07-29 03:28:00,2021,7,29,3,28,80,80746,8 Route Nationale,50.028703,2.319043,Nuit avec éclairage allumé,En agglomération,Hors intersection,Normale,Autre collision,2,2,2,0,1,1,1,0,3,50,,2,0,1,1,0,62.0,,,,5,2,1,1,6
202100026715,2021-07-29 17:20:00,2021,7,29,17,20,11,11304,D117,42.879392,2.169698,Plein jour,Hors agglomération,Hors intersection,Normale,Sans collision,3,2,2,0,2,2,1,0,1,80,,2,0,0,2,0,61.0,,,,1,1,1,1,7
202100026716,2021-07-29 06:50:00,2021,7,29,6,50,71,71282,7 Rue de la Croix Blanchot,46.837468,4.358425,Plein jour,En agglomération,Hors intersection,Normale,Autre collision,3,2,2,0,1,1,1,0,1,50,,2,1,0,0,1,28.0,,,,1,2,1,1,6
202100026717,2021-07-28 18:00:00,2021,7,28,18,0,89,89279,D956,47.693472,4.023356,Plein jour,Hors agglomération,Hors intersection,Normale,Sans collision,3,2,2,0,2,3,1,0,8,80,,1,0,0,1,0,29.0,,,,1,1,1,1,7
202100026718,2021-07-29 15:50:00,2021,7,29,15,50,61,61348,D938,48.473263,0.546827,Plein jour,Hors agglomération,Intersection en T,Normale,Deux véhicules - côté,3,2,2,0,2,1,1,0,1,90,,3,1,0,2,0,44.0,60.0,,,1,1,3,1,3
202100026719,2021-07-29 19:35:00,2021,7,29,19,35,49,49180,D347,47.404965,-0.148187,Plein jour,Hors agglomération,Intersection en X,Normale,Deux véhicules - côté,3,2,1,0,1,1,1,0,1,80,,5,4,0,1,0,54.0,33.0,,,1,1,2,1,3
202100026720,2021-07-25 06:40:00,2021,7,25,6,40,44,44097,Route de Kerlagadec,47.39747,-2.476671,Crépuscule ou aube,Hors agglomération,Hors intersection,Normale,Autre collision,3,2,2,0,2,3,1,0,3,70,,4,3,0,0,1,19.0,,,,2,1,1,1,6
202100026721,2021-07-28 21:00:00,2021,7,28,21,0,15,15049,Départementale 49,45.211772,2.712078,Plein jour,Hors agglomération,Hors intersection,Normale,Deux véhicules - frontale,3,2,2,0,4,1,1,0,1,90,,2,1,0,1,0,25.0,22.0,,,1,1,1,1,1
202100026722,2021-07-25 17:50:00,2021,7,25,17,50,01,01389,474 Route de Chatillon,46.07586,4.902456,Plein jour,En agglomération,Giratoire,Normale,Deux véhicules - arrière,3,2,2,0,1,1,1,0,1,-1,,2,1,0,1,0,20.0,56.0,,,1,2,6,1,2
202100026723,2021-07-29 16:20:00,2021,7,29,16,20,58,58202,D985,47.074612,3.70898,Plein jour,Hors agglomération,Intersection en X,Normale,Autre collision,3,2,2,0,1,1,1,0,1,80,,5,3,0,1,1,22.0,15.0,,,1,1,2,1,6
202100026724,2021-07-29 15:00:00,2021,7,29,15,0,50,50003,80 Avenue du Passous,49.040551,-1.584923,Plein jour,En agglomération,Hors intersection,Normale,Sans collision,3,2,2,0,2,1,1,0,1,50,,1,0,0,1,0,71.0,,,,1,2,1,1,7
202100026725,2021-07-28 12:00:00,2021,7,28,12,0,64,64083,RD 936,43.390596,-0.958211,Plein jour,Hors agglomération,Intersection en X,Normale,Deux véhicules - côté,3,2,2,0,1,1,1,0,1,80,,2,1,0,1,0,35.0,56.0,,,1,1,2,1,3
202100026726,2021-07-29 15:15:00,2021,7,29,15,15,64,64380,Route Departementale 944,43.507834,-0.383851,Plein jour,En agglomération,Hors intersection,Normale,Deux véhicules - frontale,3,2,2,0,1,1,1,0,1,50,,4,1,0,0,3,62.0,71.0,,,1,2,1,1,1
202100026727,2021-07-28 20:29:00,2021,7,28,20,29,18,18209,D951,46.687463,2.466409,Plein jour,Hors agglomération,Hors intersection,Normale,Autre collision,3,2,2,0,2,2,1,0,1,80,,1,0,0,0,1,36.0,,,,1,1,1,1,6
202100026728,2021-07-28 00:15:00,2021,7,28,0,15,43,43030,D13,45.106114,3.842152,Nuit sans éclairage public,En agglomération,Hors intersection,Pluie forte,Autre collision,3,2,2,0,1,2,2,0,1,-1,,3,2,0,1,0,18.0,,,,3,2,1,3,6
202100026729,2021-07-29 15:30:00,2021,7,29,15,30,53,53008,D113,48.305906,-0.553157,Plein jour,Hors agglomération,Hors intersection,Normale,Sans collision,3,2,2,0,1,2,1,0,3,80,,1,0,0,1,0,40.0,,,,1,1,1,1,7
202100026730,2021-07-21 01:39:00,2021,7,21,1,39,40,40217,Route de Lahitte,44.354895,-1.09476,Nuit sans éclairage public,Hors agglomération,Hors intersection,Normale,Autre collision,4,2,2,0,1,1,1,0,3,80,,3,1,0,1,1,24.0,,,,3,1,1,1,6
202100026731,2021-07-29 10:00:00,2021,7,29,10,0,85,85127,CD 105 - pk 7+400,46.393406,-1.483482,Plein jour,Hors agglomération,Intersection en T,Normale,Deux véhicules - côté,3,2,2,0,1,1,1,0,1,80,,2,1,0,0,1,69.0,50.0,,,1,1,3,1,3
202100026732,2021-07-28 19:00:00,2021,7,28,19,0,85,85142,Les Baraques,46.738232,-1.277171,Plein jour,Hors agglomération,Intersection en X,Normale,Autre collision,3,2,2,0,1,1,1,0,3,80,,2,0,0,1,1,41.0,,,,1,1,2,1,6
202100026733,2021-07-29 17:15:00,2021,7,29,17,15,28,28108,Intersection RD 927 et RD 935,48.135564,1.60932,Plein jour,Hors agglomération,Intersection en T,Normale,Deux véhicules - côté,3,2,2,0,1,1,1,0,1,70,,3,2,0,0,1,73.0,43.0,,,1,1,3,1,3
202100026734,2021-07-28 19:30:00,2021,7,28,19,30,17,17317,D252,45.423794,-0.62327,Plein jour,Hors agglomération,Hors intersection,Normale,Deux véhicules - côté,3,2,2,0,1,1,1,0,1,80,,3,2,1,0,0,82.0,60.0,,,1,1,1,1,3
202100026735,2021-07-25 16:10:00,2021,7,25,16,10,37,37068,,47.6541885398,0.6493708491,Plein jour,Hors agglomération,Intersection en X,Normale,Deux véhicules - côté,3,2,2,0,1,1,1,0,1,80,,2,0,0,1,1,30.0,48.0,,,1,1,2,1,3
202100026736,2021-07-28 16:15:00,2021,7,28,16,15,30,30261,Route de Vézènobres,44.068871,4.201359,Plein jour,En agglomération,Hors intersection,Normale,Sans collision,3,2,2,0,1,1,1,0,1,50,,1,0,0,0,1,63.0,,,,1,2,1,1,7
202100026737,2021-07-28 14:15:00,2021,7,28,14,15,08,08142,D764,49.692626,4.864647,Plein jour,Hors agglomération,Hors intersection,Normale,Deux véhicules - côté,3,2,2,0,1,1,1,0,1,80,,2,1,0,0,1,21.0,51.0,,,1,1,1,1,3
202100026738,2021-07-28 14:24:00,2021,7,28,14,24,38,38450,autoroute A49,45.293411,5.53874,Plein jour,Hors agglomération,Hors intersection,Normale,Deux véhicules - arrière,1,3,2,0,1,1,1,0,1,130,,6,4,0,0,2,21.0,73.0,,,1,1,1,1,2
202100026739,2021-07-28 23:00:00,2021,7,28,23,0,02,02498,a26,49.536799,3.857617,Nuit sans éclairage public,Hors agglomération,Hors intersection,Normale,Sans collision,1,1,4,0,1,1,1,0,2,130,,1,0,0,0,1,36.0,,,,3,1,1,1,7
202100026740,2021-07-26 19:10:00,2021,7,26,19,10,06,06084,Chemin du Plan Sarrain,43.601333,6.950312,Plein jour,En agglomération,Giratoire,Temps couvert,Deux véhicules - côté,4,2,2,0,1,1,1,0,1,30,,2,1,0,1,0,49.0,34.0,,,1,2,6,8,3
202100026741,2021-07-28 15:05:00,2021,7,28,15,5,13,13001,autoroute A8 pk 19 sens sud,43.51202,5.440893,Plein jour,Hors agglomération,Hors intersection,Normale,Deux véhicules - côté,1,1,5,0,1,2,1,0,1,90,,3,1,0,0,2,43.0,45.0,,,1,1,1,1,3
202100026742,2021-07-28 17:40:00,2021,7,28,17,40,976,97616,CCD5,-12.845256,45.105067,Plein jour,Hors agglomération,Hors intersection,Normale,Autre collision,3,2,2,0,2,2,1,0,8,50,,2,0,0,2,0,47.0,,,,1,1,1,1,6
202100026743,2021-07-29 01:30:00,2021,7,29,1,30,59,59312,"Autoroute A26, sens CALAIS/REIMS, PK 147+600",50.022024,3.170478,Nuit sans éclairage public,Hors agglomération,Hors intersection,Normale,Deux véhicules - frontale,1,3,4,0,1,1,1,0,1,130,,2,1,1,0,0,32.0,26.0,,,3,1,1,1,1
202100026744,2021-07-29 05:50:00,2021,7,29,5,50,27,27091,A13,49.363148,0.846977,Crépuscule ou aube,Hors agglomération,Hors intersection,Normale,Autre collision,1,3,4,0,1,1,1,0,1,130,,1,0,0,0,1,30.0,,,,2,1,1,1,6
202100026745,2021-07-30 00:50:00,2021,7,30,0,50,988,98817,Route de la corniche/RPS2,-22.276995,166.573699,Nuit avec éclairage allumé,En agglomération,Hors intersection,Normale,Autre collision,3,2,2,0,1,1,1,0,3,50,,2,0,0,1,1,19.0,,,,5,2,1,1,6
202100026746,2021-07-29 08:55:00,2021,7,29,8,55,29,29233,Lieu Dit le Ristouar,47.849192,-3.577868,Plein jour,Hors agglomération,Intersection en T,Normale,Deux véhicules - frontale,3,2,2,0,1,1,1,5,1,70,,2,1,0,1,0,40.0,68.0,,,1,1,3,1,1
202100026747,2021-07-27 13:45:00,2021,7,27,13,45,28,28417,D307 PR4+700,48.622988,1.575143,Plein jour,Hors agglomération,Hors intersection,Pluie légère,Autre collision,3,2,2,0,2,4,2,0,3,80,,2,1,0,1,0,20.0,,,,1,1,1,2,6
202100026748,2021-07-27 08:50:00,2021,7,27,8,50,28,28374,Intersection RD26 et RN154,48.60627,1.419811,Plein jour,Hors agglomération,Intersection en X,Pluie légère,Deux véhicules - côté,2,2,-1,-1,-1,-1,-1,3,-1,-1,,2,1,0,1,0,16.0,50.0,,,1,1,2,2,3
202100026749,2021-07-08 15:00:00,2021,7,8,15,0,95,95169,RD 43,49.129492,1.887787,Plein jour,Hors agglomération,Hors intersection,Normale,Autre collision,3,2,2,0,1,1,1,0,3,80,,2,1,1,0,0,48.0,,,,1,1,1,1,6
202100026750,2021-07-26 11:30:00,2021,7,26,11,30,78,78564,RD 168,48.52182,1.920269,Plein jour,Hors agglomération,Intersection en X,Normale,Deux véhicules - côté,3,2,2,0,1,1,1,0,1,80,,2,1,0,0,1,27.0,36.0,,,1,1,2,1,3
202100026751,2021-07-29 09:15:00,2021,7,29,9,15,34,34027,Route de Saint Genies des Mourgues,43.7214231332,4.0225614369,Plein jour,En agglomération,Giratoire,Normale,Deux véhicules - côté,7,-1,2,0,1,1,1,0,1,50,,2,1,0,1,0,64.0,52.0,,,1,2,6,1,3
202100026752,2021-07-25 09:45:00,2021,7,25,9,45,83,83063,Route Departementale 558,43.3324969609,6.4487997206,Plein jour,Hors agglomération,Hors intersection,Normale,Deux véhicules - côté,3,2,2,0,2,1,1,0,1,70,,2,1,0,0,1,,51.0,,,1,1,1,1,3
202100026753,2021-07-28 17:10:00,2021,7,28,17,10,38,38474,Rue du Vinay,45.204957,5.667561,Plein jour,En agglomération,Intersection en X,Normale,Deux véhicules - côté,4,2,2,1,1,1,1,5,5,30,,2,1,0,1,0,54.0,67.0,,,1,2,2,1,3
202100026754,2021-07-13 11:20:00,2021,7,13,11,20,09,09261,Boulevard Frédéric Arnaud,42.984947,1.147409,Plein jour,En agglomération,Hors intersection,Normale,Autre collision,3,2,2,0,1,3,1,0,1,50,,2,1,0,1,0,59.0,,,,1,2,1,1,6
202100026755,2021-07-29 09:45:00,2021,7,29,9,45,79,79088,,46.816846,-0.401323,Plein jour,Hors agglomération,Hors intersection,Normale,Trois véhicules et plus - collisions multiples,2,2,2,0,1,1,1,0,1,80,,3,2,1,0,0,34.0,50.0,,,1,1,1,1,5
202100026756,2021-07-19 17:40:00,2021,7,19,17,40,47,47326,D933,44.506101,0.272518,Plein jour,Hors agglomération,Intersection en T,Normale,Deux véhicules - côté,3,2,2,0,1,1,1,5,1,80,,2,1,0,1,0,26.0,16.0,,,1,1,3,1,3
202100026757,2021-07-28 10:50:00,2021,7,28,10,50,14,14160,N158,49.055469,-0.287222,Plein jour,Hors agglomération,Hors intersection,Temps couvert,Autre collision,2,3,4,0,1,1,1,0,3,110,,1,0,0,1,0,78.0,,,,1,1,1,8,6
202100026758,2021-07-25 12:10:00,2021,7,25,12,10,13,13214,A7-Sens Lyon vers Marseille,43.33396,5.37713,Plein jour,Hors agglomération,Hors intersection,Normale,Deux véhicules - côté,1,4,4,0,1,1,1,0,1,90,,2,1,0,0,1,51.0,36.0,,,1,1,1,1,3
202100026759,2021-07-28 06:30:00,2021,7,28,6,30,83,83144,A57,43.13349,5.98476,Crépuscule ou aube,Hors agglomération,Hors intersection,Normale,Autre collision,1,1,1,0,1,1,1,3,1,50,,2,1,0,0,1,54.0,42.0,,,2,1,1,1,6
202100026760,2021-07-28 08:00:00,2021,7,28,8,0,69,69297,A47   0.000  A 1.657,45.5882949463,4.790304981,Plein jour,Hors agglomération,Hors intersection,Normale,Deux véhicules - côté,1,3,4,0,1,1,2,3,1,70,,2,1,0,0,1,29.0,38.0,,,1,1,1,1,3
202100026761,2021-07-27 02:55:00,2021,7,27,2,55,59,59646,ROUTE DEPARTEMENTALE 656,50.680953,3.127647,Nuit sans éclairage public,Hors agglomération,Hors intersection,Normale,Deux véhicules - arrière,7,3,4,0,1,1,1,0,1,90,,2,1,0,0,1,32.0,28.0,,,3,1,1,1,2
202100026762,2021-07-28 15:30:00,2021,7,28,15,30,91,91216,AUTOROUTE A6,48.68617,2.32671,Plein jour,Hors agglomération,Hors intersection,Normale,Deux véhicules - arrière,1,1,3,0,1,1,1,0,1,110,,5,2,0,0,3,56.0,47.0,,,1,1,1,1,2
202100026763,2021-07-28 15:30:00,2021,7,28,15,30,78,78158,A13,48.831481,2.146917,Plein jour,Hors agglomération,Hors intersection,Normale,Deux véhicules - arrière,1,1,3,0,1,1,1,0,1,110,,2,1,0,0,1,27.0,41.0,,,1,1,1,1,2
202100026764,2021-07-28 11:15:00,2021,7,28,11,15,92,92064,A13,48.8397442438,2.2019797335,Plein jour,Hors agglomération,Hors intersection,Normale,Trois véhicules et plus - en chaîne,1,3,3,0,1,1,1,0,1,70,,3,2,0,0,1,31.0,43.0,,,1,1,1,1,4
202100026765,2021-07-27 21:10:00,2021,7,27,21,10,78,78498,A13,48.91788,2.00792,Crépuscule ou aube,Hors agglomération,Hors intersection,Normale,Autre collision,1,1,1,0,2,3,2,3,1,50,,1,0,0,0,1,55.0,,,,2,1,1,1,6
202100026766,2021-07-28 01:00:00,2021,7,28,1,0,95,95572,RN 184,49.03338,2.10918,Nuit sans éclairage public,Hors agglomération,Hors intersection,Pluie légère,Autre collision,2,1,1,0,2,3,2,3,1,50,,1,0,0,0,1,52.0,,,,3,1,1,2,6
202100026767,2021-07-27 12:15:00,2021,7,27,12,15,42,42095,DUCHENE (RUE),45.3894748725,4.2843564727,Plein jour,En agglomération,Intersection en X,Normale,Deux véhicules - arrière,4,2,2,0,1,1,1,0,1,50,,3,2,0,0,1,69.0,59.0,,,1,2,2,1,2
202100026768,2021-07-27 18:15:00,2021,7,27,18,15,33,33063,Rue Billaudel,44.825837,-0.564954,Plein jour,En agglomération,Hors intersection,Normale,Autre collision,4,2,1,0,1,1,1,0,1,50,,2,1,0,1,0,49.0,,,,1,2,1,1,6
202100026769,2021-07-27 16:29:00,2021,7,27,16,29,75,75120,BOULEVARD MORTIER,48.87669,2.407094,Plein jour,En agglomération,Hors intersection,Pluie forte,Autre collision,4,-1,4,3,3,1,2,-1,6,30,,2,1,0,0,1,53.0,,,,1,2,1,3,6
202100026770,2021-04-27 16:40:00,2021,4,27,16,40,13,13082,1736 Route de Lambesc,43.665425,5.319602,Plein jour,Hors agglomération,Hors intersection,Temps couvert,Deux véhicules - frontale,7,2,2,0,1,1,1,0,1,80,,2,0,0,1,1,40.0,50.0,,,1,1,1,8,1
202100026771,2021-07-28 04:15:00,2021,7,28,4,15,988,98818,RUE AMPERE,-22.2331,166.45655,Nuit avec éclairage allumé,En agglomération,Giratoire,Normale,Autre collision,4,2,2,0,2,2,1,2,3,50,,2,1,0,0,1,34.0,,,,5,2,6,1,6
202100026772,2021-07-27 05:40:00,2021,7,27,5,40,976,97611,mamoudzou centre-Haladi Selemani ( rue ),-12.78442,45.22924,Nuit avec éclairage allumé,En agglomération,Autre intersection,Normale,Sans collision,4,2,2,0,3,2,1,0,1,50,,2,1,0,0,1,55.0,23.0,,,5,2,9,1,7
202100026773,2021-07-27 17:30:00,2021,7,27,17,30,974,97416,LORION(RUE LUC),-21.33208,55.47188,Plein jour,En agglomération,Intersection en X,Normale,Deux véhicules - côté,4,3,3,0,2,1,1,9,1,50,,6,4,0,0,2,39.0,50.0,,,1,2,2,1,3
202100026774,2021-07-27 10:00:00,2021,7,27,10,0,69,69276,312                                     ,45.66963,4.84685,Plein jour,Hors agglomération,Hors intersection,Normale,Sans collision,7,2,2,0,1,1,1,0,3,70,,3,2,0,0,1,28.0,,,,1,1,1,1,7
202100026775,2021-07-27 13:10:00,2021,7,27,13,10,69,69259,D301,45.68333,4.88333,Plein jour,En agglomération,Autre intersection,Normale,Sans collision,7,1,3,0,1,1,1,0,1,50,,1,0,0,0,1,20.0,,,,1,2,9,1,7
202100026776,2021-07-27 07:55:00,2021,7,27,7,55,69,69387,SALOMON REINACH (R),45.75155,4.84105,Plein jour,En agglomération,Intersection en X,Normale,Deux véhicules - côté,4,2,2,1,1,1,1,0,1,50,,2,1,0,0,1,27.0,32.0,,,1,2,2,1,3
202100026777,2021-07-26 08:40:00,2021,7,26,8,40,69,69387,JULES CARTERET (BD),45.726,4.84502,Plein jour,En agglomération,Intersection en Y,Normale,Trois véhicules et plus - en chaîne,4,2,2,0,1,1,1,2,1,50,,3,2,0,0,1,26.0,30.0,,,1,2,4,1,4
202100026778,2021-07-27 06:40:00,2021,7,27,6,40,972,97209,DIDIER (ROUTE DE),14.6203,-61.07802,Plein jour,En agglomération,Hors intersection,Normale,Deux véhicules - côté,3,2,1,0,1,1,1,0,1,50,,2,1,0,0,1,60.0,63.0,,,1,2,1,1,3
202100026779,2021-07-27 10:15:00,2021,7,27,10,15,69,69034,PIERRE BRUNIER (R),45.78328,4.82929,Plein jour,En agglomération,Hors intersection,Normale,Autre collision,4,2,2,0,2,1,1,0,3,50,,1,0,0,0,1,34.0,,,,1,2,1,1,6
202100026780,2021-07-27 13:00:00,2021,7,27,13,0,91,91691,GABRIEL PERI(RUE) DU N°70 AU N°122,48.70633,2.48825,Plein jour,En agglomération,Hors intersection,Pluie légère,Deux véhicules - arrière,3,2,0,0,2,1,2,0,1,50,,2,1,0,0,1,24.0,47.0,,,1,2,1,2,2
202100026781,2021-07-27 14:40:00,2021,7,27,14,40,91,91223,ROND POINT CHARLES DE GAULLES,48.426312,2.154107,Plein jour,En agglomération,Hors intersection,Pluie légère,Deux véhicules - frontale,3,2,2,0,1,2,2,0,1,50,,2,0,0,0,2,42.0,18.0,,,1,2,1,2,1
202100026782,2021-07-27 11:00:00,2021,7,27,11,0,87,87114,PICANYA (DE),45.83223,1.28809,Plein jour,En agglomération,Hors intersection,Normale,Autre collision,4,2,2,0,1,1,1,0,1,50,,1,0,0,0,1,79.0,,,,1,2,1,1,6
202100026783,2021-07-26 16:42:00,2021,7,26,16,42,87,87085,NEXON (RUE DE),45.8195,1.26584,Plein jour,En agglomération,Hors intersection,Pluie légère,Autre collision,4,2,2,0,1,1,2,0,1,50,,2,1,0,0,1,32.0,,,,1,2,1,2,6
202100026784,2021-07-16 18:40:00,2021,7,16,18,40,84,84007,pont de l'europe,43.94452,4.79473,Plein jour,En agglomération,Hors intersection,Normale,Deux véhicules - arrière,4,2,2,0,1,1,1,0,1,70,,3,2,0,1,0,43.0,22.0,,,1,2,1,1,2
202100026785,2021-07-13 09:20:00,2021,7,13,9,20,84,84007,C.De GAULLE (Rocade),43.92882,4.81333,Plein jour,En agglomération,Hors intersection,Normale,Autre collision,4,3,4,0,1,1,1,0,1,50,,2,1,0,1,0,52.0,,,,1,2,1,1,6
202100026786,2021-07-13 00:50:00,2021,7,13,0,50,84,84007,C.De GAULLE (Rocade),43.93655,4.78175,Nuit avec éclairage allumé,Hors agglomération,Hors intersection,Normale,Autre collision,4,3,2,0,1,2,1,9,1,50,,2,1,0,1,0,47.0,,,,5,1,1,1,6
202100026787,2021-07-23 01:00:00,2021,7,23,1,0,80,80021,ALSACE LORRAINE (BOULEVARD D'),49.8944399,2.3091,Nuit avec éclairage allumé,En agglomération,Intersection en X,Normale,Deux véhicules - frontale,4,2,10,1,1,1,1,0,1,50,,2,1,0,0,1,21.0,25.0,,,5,2,2,1,1
202100026788,2021-07-24 13:10:00,2021,7,24,13,10,78,78524,ROUTE DE VERSAILLES,48.8317,2.11292,Plein jour,Hors agglomération,Autre intersection,Normale,Deux véhicules - côté,3,3,3,0,1,1,1,0,1,70,,2,1,0,0,1,38.0,65.0,,,1,1,9,1,3
202100026789,2021-07-27 06:50:00,2021,7,27,6,50,76,76351,DEMIDOFF (RUE),49.49765,0.13655,Plein jour,En agglomération,Intersection en X,Pluie légère,Deux véhicules - côté,4,2,2,0,1,1,2,0,1,50,,2,1,0,0,1,19.0,,,,1,2,2,2,3
202100026790,2021-07-23 15:05:00,2021,7,23,15,5,76,76481,Route de la Chênaie,49.5307701258,0.1034474373,Plein jour,Hors agglomération,Hors intersection,Normale,Autre collision,4,2,2,0,1,1,1,0,1,30,,1,0,0,1,0,83.0,,,,1,1,1,1,6
202100026791,2021-07-27 15:10:00,2021,7,27,15,10,74,74010,BROGNY (AVENUE DE) (SECTEUR 310),45.91156,6.12589,Plein jour,En agglomération,Intersection en T,Normale,Deux véhicules - côté,3,2,4,1,1,1,1,0,1,50,,2,1,0,0,1,20.0,35.0,,,1,2,3,1,3
202100026792,2021-07-27 18:00:00,2021,7,27,18,0,73,73011,D990 Route de Tours,45.6686293399,6.4048978686,Plein jour,En agglomération,Hors intersection,Temps couvert,Autre collision,3,2,2,2,1,2,1,-1,1,50,,3,0,0,1,2,31.0,,,,1,2,1,8,6
202100026793,2021-07-28 01:30:00,2021,7,28,1,30,72,72181,BOLLEE (AV) N° PAIRS 154 A 222,47.99781,0.21442,Nuit avec éclairage allumé,En agglomération,Hors intersection,Normale,Autre collision,4,2,3,0,1,2,2,0,4,50,,1,0,0,0,1,22.0,,,,5,2,1,1,6
202100026794,2021-07-27 19:00:00,2021,7,27,19,0,72,72181,MAILLETS (RUE DES) IMP 37 A 159,48.0153,0.21199,Plein jour,En agglomération,Hors intersection,Normale,Deux véhicules - arrière,4,1,2,2,1,1,1,0,1,30,,2,1,0,0,1,19.0,20.0,,,1,2,1,1,2
202100026795,2021-07-27 13:45:00,2021,7,27,13,45,69,69266,AUGUSTE BLANQUI (AV),45.7627918033,4.8846656306,Plein jour,En agglomération,Hors intersection,Normale,Deux véhicules - côté,4,1,1,2,1,1,1,0,5,50,,2,1,0,0,1,,34.0,,,1,2,1,1,3
202100026796,2021-07-27 13:10:00,2021,7,27,13,10,68,68224,VOIE RAPIDE NORD SUD,47.77808,7.33415,Plein jour,En agglomération,Giratoire,Normale,Autre collision,3,3,2,0,2,3,1,0,1,50,,1,0,0,1,0,64.0,,,,1,2,6,1,6
202100026797,2021-07-22 14:02:00,2021,7,22,14,2,68,68224,DESCARTES (RUE),47.74745,7.32848,Plein jour,En agglomération,Hors intersection,Normale,Deux véhicules - frontale,4,1,1,0,1,3,1,9,8,50,,3,2,0,1,0,18.0,54.0,,,1,2,1,1,1
202100026798,2021-07-27 07:30:00,2021,7,27,7,30,67,67447,MALTERIES (RUE DES),48.59998,7.73971,Plein jour,En agglomération,Hors intersection,Normale,Autre collision,7,2,3,1,1,1,1,0,1,30,,2,1,0,0,1,,,,,1,2,1,1,6
202100026799,2021-07-25 14:50:00,2021,7,25,14,50,67,67482,GOEB (CHEMIN),48.59286,7.7831,Plein jour,En agglomération,Hors intersection,Normale,Autre collision,4,2,4,1,1,1,1,0,5,50,,2,0,0,0,2,21.0,,,,1,2,1,1,6
202100026800,2021-07-24 23:20:00,2021,7,24,23,20,67,67482,PRESIDENT WILSON (BOULEVARD),48.5874771501,7.7386263013,Nuit avec éclairage allumé,En agglomération,Passage à niveau,Pluie forte,Deux véhicules - frontale,4,3,6,3,1,2,2,4,1,50,,4,3,0,0,1,22.0,18.0,,,5,2,8,3,1
202100026801,2021-07-27 01:20:00,2021,7,27,1,20,64,64445,TRESPOEY,43.2988954314,-0.3493228555,Nuit avec éclairage allumé,En agglomération,Hors intersection,Normale,Sans collision,4,2,2,0,1,1,1,0,1,30,,1,0,1,0,0,46.0,,,,5,2,1,1,7