accident_id,datetime,annee,mois,jour,heure,minute,departement,commune_insee,adresse,latitude,longitude,luminosite,agglomeration,intersection,meteo,collision,catr,circ,nbv,vosp,prof,plan,surf,infra,situ,vma,nb_vehicules,nb_usagers,nb_indemnes,nb_tues,nb_blesses_hosp,nb_blesses_legers,age_cond_1,age_cond_2,veh_type_cond_1,veh_type_cond_2,lum_code,agg_code,int_code,atm_code,col_code
202100026802,2021-07-27 18:45:00,2021,7,27,18,45,64,64102,Allée Pierre Latécoère,43.4662850589,-1.4920055866,Plein jour,En agglomération,Hors intersection,Normale,Sans collision,4,2,2,0,1,1,1,0,1,30,,1,0,0,1,0,17.0,,,,1,2,1,1,7
202100026803,2021-07-27 09:45:00,2021,7,27,9,45,64,64102,Allées Marines,43.49742,-1.48487,Plein jour,En agglomération,Hors intersection,Normale,Deux véhicules - arrière,4,2,2,0,1,1,1,0,1,50,,2,1,0,1,0,54.0,42.0,,,1,2,1,1,2
202100026804,2021-07-26 14:30:00,2021,7,26,14,30,64,64102,DUVERGIER DE HAURANNE (AVENUE),43.48291,-1.46597,Plein jour,En agglomération,Giratoire,Normale,Deux véhicules - arrière,3,2,2,0,1,1,1,0,1,30,,2,1,0,0,1,18.0,49.0,,,1,2,6,1,2
202100026805,2021-07-22 14:37:00,2021,7,22,14,37,63,63032,POURLIAT (ROND-POINT DU),45.74747,3.09479,Plein jour,En agglomération,Giratoire,Normale,Deux véhicules - arrière,7,3,4,0,1,1,1,0,1,50,,2,1,0,0,1,55.0,35.0,,,1,2,6,1,2
202100026806,2021-07-26 17:43:00,2021,7,26,17,43,63,63113,LIBERATION (AVENUE DE LA),45.75852,3.08111,Plein jour,En agglomération,Intersection en T,Normale,Deux véhicules - côté,4,2,2,0,1,1,1,0,1,50,,2,1,0,0,1,28.0,55.0,,,1,2,3,1,3
202100026807,2021-07-23 18:35:00,2021,7,23,18,35,63,63113,ORADOU (RUE DE L')/ Printemps,45.76715,3.12009,Plein jour,En agglomération,Intersection en T,Normale,Deux véhicules - côté,7,2,2,0,1,1,1,0,1,50,,2,1,0,0,1,63.0,55.0,,,1,2,3,1,3
202100026808,2021-07-27 18:25:00,2021,7,27,18,25,60,60684,RD 200_NORD,49.2849666573,2.4931368827,Plein jour,Hors agglomération,Hors intersection,Pluie légère,Trois véhicules et plus - en chaîne,3,2,0,0,1,1,2,0,1,80,,4,2,0,0,2,41.0,39.0,,,1,1,1,2,4
202100026809,2021-07-25 18:05:00,2021,7,25,18,5,59,59512,INDUSTRIE (RUE DE L'),50.68813,3.16306,Plein jour,En agglomération,Intersection en X,Normale,Deux véhicules - frontale,4,2,2,0,1,1,1,0,1,50,,5,3,0,0,2,22.0,28.0,,,1,2,2,1,1
202100026810,2021-07-27 21:10:00,2021,7,27,21,10,59,59648,CLEMENCEAU RUE,50.5938184035,3.0511415005,Plein jour,En agglomération,Intersection en T,Temps couvert,Deux véhicules - arrière,7,2,2,0,1,1,2,5,1,50,,3,1,0,0,2,,34.0,,,1,2,3,8,2
202100026811,2021-07-27 17:15:00,2021,7,27,17,15,59,59410,SANGNIER MARC AVENUE,50.64732,3.11139,Plein jour,En agglomération,Giratoire,Pluie légère,Deux véhicules - côté,7,1,2,0,1,2,2,0,1,50,,2,1,0,0,1,77.0,30.0,,,1,2,6,2,3
202100026812,2021-07-17 13:10:00,2021,7,17,13,10,59,59328,DUNKERQUE AVENUE DE,50.6392257495,3.0207681656,Plein jour,En agglomération,Hors intersection,Normale,Autre collision,7,2,2,0,1,1,1,9,1,50,,2,1,0,0,1,47.0,,,,1,2,1,1,6
202100026813,2021-07-27 14:46:00,2021,7,27,14,46,51,51058,Rue Alfred Kastler,49.22062,4.0036,Plein jour,En agglomération,Intersection en T,Normale,Deux véhicules - côté,4,2,2,0,1,1,1,0,1,50,,3,2,0,0,1,50.0,32.0,,,1,2,3,1,3
202100026814,2021-07-27 14:30:00,2021,7,27,14,30,51,51454,Rue Hugues Krafft,49.27526,4.02034,Plein jour,En agglomération,Intersection en X,Pluie légère,Deux véhicules - côté,4,2,2,0,1,1,2,0,1,50,,2,1,0,0,1,45.0,36.0,,,1,2,2,2,3
202100026815,2021-07-26 07:50:00,2021,7,26,7,50,49,49328,CESSART (ROND-POINT),47.26134,-0.07668,Plein jour,En agglomération,Giratoire,Normale,Deux véhicules - côté,4,1,1,0,1,2,1,0,1,50,,2,1,0,0,1,18.0,21.0,,,1,2,6,1,3
202100026816,2021-07-27 12:00:00,2021,7,27,12,0,45,45234,Avenue de Trevise,47.894517,1.899987,Plein jour,En agglomération,Hors intersection,Pluie légère,Deux véhicules - frontale,7,2,2,0,2,2,2,0,1,50,,3,2,0,0,1,48.0,19.0,,,1,2,1,2,1
202100026817,2021-07-26 19:45:00,2021,7,26,19,45,37,37208,LAC (AVENUE DU),47.3659856363,0.7176411152,Plein jour,En agglomération,Giratoire,Normale,Trois véhicules et plus - collisions multiples,4,2,0,0,1,2,1,0,1,50,,3,2,0,0,1,32.0,28.0,,,1,2,6,1,5
202100026818,2021-07-26 18:10:00,2021,7,26,18,10,37,37261,MARCEAU (RUE),47.3919289194,0.6857791543,Plein jour,En agglomération,Hors intersection,Normale,Autre collision,4,2,2,2,1,1,1,0,1,50,,2,1,0,0,1,42.0,47.0,,,1,2,1,1,6
202100026819,2021-07-26 08:09:00,2021,7,26,8,9,37,37122,CHINON (BOULEVARD DE),47.3513941,0.68141381,Plein jour,En agglomération,Intersection en T,Normale,Sans collision,4,3,2,1,2,1,1,0,1,50,,1,0,0,0,1,17.0,,,,1,2,3,1,7
202100026820,2021-07-27 15:45:00,2021,7,27,15,45,35,35238,PATTON (AVENUE DU GENERAL SIR GEORGES),48.13334,-1.66069,Plein jour,En agglomération,Hors intersection,Pluie légère,Deux véhicules - arrière,4,2,2,1,1,3,2,0,1,50,,2,1,0,0,1,46.0,82.0,,,1,2,1,2,2
202100026821,2021-07-26 23:50:00,2021,7,26,23,50,35,35238,LANGUEDOC (AVENUE DU),48.1164,-1.70748,Nuit avec éclairage allumé,En agglomération,Intersection en Y,Normale,Autre collision,4,1,1,2,1,3,1,5,1,50,,2,1,0,1,0,21.0,,,,5,2,4,1,6
202100026822,2021-07-27 11:20:00,2021,7,27,11,20,34,34172,ALLEE MANITAS DE PLATA,43.61382,3.93,Plein jour,En agglomération,Hors intersection,Normale,Deux véhicules - côté,4,2,-1,0,1,1,1,0,1,50,,2,1,0,0,1,30.0,32.0,,,1,2,1,1,3
202100026823,2021-07-26 14:50:00,2021,7,26,14,50,34,34172,AEROPORT INTERNATIONAL (BOULEVARD DE L'),43.6088157965,3.8947349371,Plein jour,En agglomération,Autre intersection,Normale,Deux véhicules - côté,4,1,3,0,2,1,1,0,1,50,,2,1,0,0,1,80.0,52.0,,,1,2,9,1,3
202100026824,2021-07-27 23:40:00,2021,7,27,23,40,33,33063,Cours de la Somme,44.82471,-0.57256,Plein jour,En agglomération,Hors intersection,Normale,Deux véhicules - arrière,4,2,2,0,1,1,1,0,1,50,,3,2,0,0,1,28.0,31.0,,,1,2,1,1,2
202100026825,2021-07-27 11:50:00,2021,7,27,11,50,33,33318,Avenue Jean Cordier,44.81142,-0.6246,Plein jour,En agglomération,Intersection en X,Normale,Deux véhicules - côté,4,2,2,2,1,1,1,0,1,30,,2,1,0,0,1,44.0,48.0,,,1,2,2,1,3
202100026826,2021-07-26 18:50:00,2021,7,26,18,50,31,31555,STRASBOURG (BD DE) DU 2AU 66,43.6066132308,1.4477866888,Plein jour,En agglomération,Autre intersection,Normale,Trois véhicules et plus - en chaîne,4,2,4,3,1,1,1,0,1,50,,3,1,0,0,2,56.0,23.0,,,1,2,9,1,4
202100026827,2021-07-24 01:20:00,2021,7,24,1,20,30,30189,ARTS (AVENUE),43.82311,4.33585,Nuit avec éclairage allumé,En agglomération,Intersection en X,Normale,Autre collision,4,2,2,0,1,1,1,0,1,50,,4,0,0,0,4,24.0,24.0,,,5,2,2,1,6
202100026828,2021-07-26 19:40:00,2021,7,26,19,40,30,30243,MOULIN (AVENUE J.),44.07566,4.07997,Plein jour,En agglomération,Autre intersection,Normale,Deux véhicules - arrière,3,1,1,0,1,3,1,9,8,30,,2,1,0,0,1,,17.0,,,1,2,9,1,2
202100026829,2021-07-27 16:50:00,2021,7,27,16,50,29,29232,Boulevard Dupleix,47.994128,-4.104593,Plein jour,En agglomération,Hors intersection,Normale,Autre collision,4,1,2,0,1,1,1,0,1,50,,2,1,0,0,1,59.0,,,,1,2,1,1,6
202100026830,2021-07-27 20:47:00,2021,7,27,20,47,29,29019,Boulevard de l’Europe,48.41292,-4.50154,Crépuscule ou aube,En agglomération,Intersection en T,Normale,Deux véhicules - côté,4,2,4,0,1,1,1,5,1,50,,3,0,0,0,3,22.0,25.0,,,2,2,3,1,3
202100026831,2021-07-27 14:00:00,2021,7,27,14,0,29,29019,Rue Général Paulet,48.409016,-4.476099,Plein jour,En agglomération,Hors intersection,Normale,Deux véhicules - arrière,4,-1,2,0,1,1,1,0,1,50,,3,1,0,1,1,42.0,27.0,,,1,2,1,1,2
202100026832,2021-07-27 21:45:00,2021,7,27,21,45,13,13208,GOUDES (CHEMIN DES),43.225733073,5.3484599983,Plein jour,En agglomération,Hors intersection,Normale,Deux véhicules - côté,4,1,1,0,1,1,1,0,1,50,,2,1,0,0,1,25.0,,,,1,2,1,1,3
202100026833,2021-07-27 16:25:00,2021,7,27,16,25,13,13207,PASTEUR (AVENUE),43.29179,5.359,Plein jour,En agglomération,Intersection en T,Normale,Autre collision,4,2,3,0,2,1,1,0,1,50,,2,1,0,0,1,20.0,,,,1,2,3,1,6
202100026834,2021-07-27 10:30:00,2021,7,27,10,30,13,13209,CHE DE LA COLLINE SAINT JOSEPH,43.25011,5.41658,Plein jour,En agglomération,Hors intersection,Normale,Sans collision,4,2,1,0,2,2,1,0,1,50,,1,0,0,1,0,52.0,,,,1,2,1,1,7
202100026835,2021-07-26 09:30:00,2021,7,26,9,30,13,13207,CATALANS (RUE DES),43.2924334329,5.3556697461,Plein jour,En agglomération,Hors intersection,Normale,Deux véhicules - arrière,4,1,3,2,1,1,1,0,1,50,,2,1,0,0,1,20.0,49.0,,,1,2,1,1,2
202100026836,2021-07-26 06:10:00,2021,7,26,6,10,13,13205,BROCHIER (RUE),43.2909854796,5.3921223708,Plein jour,En agglomération,Intersection en X,Normale,Deux véhicules - côté,4,1,1,0,1,1,1,0,1,50,,2,0,0,0,2,50.0,28.0,,,1,2,2,1,3
202100026837,2021-07-26 08:25:00,2021,7,26,8,25,12,12089,D 963,44.58568,2.24784,Plein jour,Hors agglomération,Hors intersection,Normale,Autre collision,3,2,2,0,2,2,1,0,3,90,,1,0,0,0,1,38.0,,,,1,1,1,1,6
202100026838,2021-07-26 18:05:00,2021,7,26,18,5,09,09225,LAKANAL RUE,43.11684,1.61193,Plein jour,En agglomération,Hors intersection,Normale,Sans collision,4,1,0,0,1,1,1,0,1,30,,2,1,0,1,0,21.0,,,,1,2,1,1,7
202100026839,2021-07-26 18:07:00,2021,7,26,18,7,09,09122,LESPINET (RUE DE),42.966754,1.603685,Plein jour,En agglomération,Hors intersection,Normale,Autre collision,3,4,2,0,2,1,1,8,1,30,,2,1,0,0,1,45.0,45.0,,,1,2,1,1,6
202100026840,2021-07-27 11:42:00,2021,7,27,11,42,06,06069,GRAND CHENE (CHEMIN DU),43.63725,6.92405,Plein jour,En agglomération,Hors intersection,Normale,Autre collision,4,2,2,0,2,2,1,0,8,50,,1,0,0,0,1,73.0,,,,1,2,1,1,6
202100026841,2021-07-26 18:15:00,2021,7,26,18,15,06,06123,BORD DE MER RN 98,43.663207,7.197398,Plein jour,Hors agglomération,Hors intersection,Normale,Deux véhicules - arrière,7,1,3,0,1,1,1,2,1,70,,2,1,0,0,1,49.0,44.0,,,1,1,1,1,2
202100026842,2021-07-26 18:30:00,2021,7,26,18,30,04,04112,Inter bd des Tilleuls / Rue d’Aubette,43.83424,5.7854,Plein jour,En agglomération,Intersection en X,Normale,Deux véhicules - côté,4,1,3,2,1,2,1,0,1,30,,3,1,0,1,1,19.0,15.0,,,1,2,2,1,3
202100026843,2021-07-27 13:45:00,2021,7,27,13,45,02,02738,GAMBETTA (BOULEVARD),49.65317,3.28973,Plein jour,En agglomération,Intersection en X,Pluie légère,Deux véhicules - frontale,4,2,2,0,1,1,2,0,1,50,,2,0,0,1,1,20.0,57.0,,,1,2,2,2,1
202100026844,2021-07-27 08:05:00,2021,7,27,8,5,75,75120,RUE DES FRERES FLAVIEN,48.876799,2.411998,Plein jour,En agglomération,Intersection en X,Normale,Autre collision,4,2,2,0,1,1,1,0,1,50,,2,1,0,0,1,42.0,,,,1,2,2,1,6
202100026845,2021-07-27 17:31:00,2021,7,27,17,31,75,75119,RUE DE CRIMEE,48.892153,2.375095,Plein jour,En agglomération,Intersection en X,Pluie légère,Deux véhicules - côté,4,1,2,0,1,1,2,0,1,30,,2,1,0,0,1,22.0,11.0,,,1,2,2,2,3
202100026846,2021-07-26 23:34:00,2021,7,26,23,34,75,75119,RUE MANIN,48.884343,2.391283,Nuit avec éclairage allumé,En agglomération,Intersection en T,Normale,Autre collision,4,2,1,0,1,1,1,0,1,50,,3,1,0,0,2,69.0,24.0,,,5,2,3,1,6
202100026847,2021-07-27 12:30:00,2021,7,27,12,30,75,75115,BOULEVARD DE GRENELLE,48.849909,2.29566,Plein jour,En agglomération,Hors intersection,Pluie légère,Deux véhicules - arrière,4,-1,1,0,1,1,2,0,1,50,,2,1,0,0,1,38.0,49.0,,,1,2,1,2,2
202100026848,2021-07-27 16:20:00,2021,7,27,16,20,75,75113,AVENUE D ITALIE,48.826183,2.357277,Plein jour,En agglomération,Intersection en X,Pluie forte,Deux véhicules - côté,4,2,4,0,1,1,2,0,1,50,,2,1,0,0,1,65.0,21.0,,,1,2,2,3,3
202100026849,2021-07-27 11:35:00,2021,7,27,11,35,75,75113,BOULEVARD DE L HOPITAL,48.835764,2.358905,Plein jour,En agglomération,Hors intersection,Pluie légère,Sans collision,4,2,4,3,2,1,2,0,4,50,,1,0,0,0,1,21.0,,,,1,2,1,2,7
202100026850,2021-07-27 11:05:00,2021,7,27,11,5,75,75113,RUE EMILE DESLANDRES,48.834735,2.349855,Plein jour,En agglomération,Hors intersection,Pluie légère,Deux véhicules - côté,4,2,2,0,1,1,2,0,1,30,,2,1,0,0,1,36.0,44.0,,,1,2,1,2,3
202100026851,2021-07-26 12:50:00,2021,7,26,12,50,75,75112,AVENUE LEDRU ROLLIN,48.847993,2.371426,Plein jour,En agglomération,Intersection en X,Normale,Deux véhicules - côté,4,1,2,0,1,1,2,0,1,50,,2,1,0,0,1,20.0,57.0,,,1,2,2,1,3
202100026852,2021-07-27 08:30:00,2021,7,27,8,30,75,75110,BOULEVARD DE MAGENTA,48.8690033976,2.3625808954,Plein jour,En agglomération,Intersection en Y,Normale,Autre collision,4,2,4,0,1,1,1,0,1,50,,1,0,0,0,1,31.0,,,,1,2,4,1,6
202100026853,2021-07-27 06:00:00,2021,7,27,6,0,75,75110,RUE DU FAUBOURG SAINT DENIS,48.879086,2.357049,Plein jour,En agglomération,Hors intersection,Normale,Autre collision,4,2,3,3,3,1,1,0,4,50,,2,1,0,0,1,27.0,,,,1,2,1,1,6
202100026854,2021-07-27 00:00:00,2021,7,27,0,0,75,75110,RUE LA FAYETTE,48.875892,2.35408,Nuit avec éclairage allumé,En agglomération,Intersection à plus de 4 branches,Normale,Deux véhicules - côté,4,1,3,0,1,1,1,0,1,30,,2,1,0,0,1,,27.0,,,5,2,5,1,3
202100026855,2021-07-27 18:00:00,2021,7,27,18,0,75,75108,PLACE DE L ALMA,48.864351,2.301847,Plein jour,En agglomération,Place,Pluie légère,Sans collision,4,2,3,1,1,1,2,0,1,50,,1,0,0,0,1,57.0,,,,1,2,7,2,7
202100026856,2021-07-27 15:00:00,2021,7,27,15,0,75,75101,QUAI DE LA MEGISSERIE,48.858002,2.344435,Plein jour,En agglomération,Intersection en T,Normale,Trois véhicules et plus - collisions multiples,4,1,3,3,1,1,2,0,1,50,,4,2,0,0,2,53.0,22.0,,,1,2,3,1,5
202100026857,2021-07-27 15:00:00,2021,7,27,15,0,75,75101,QUAI DU LOUVRE,48.85904,2.339863,Plein jour,En agglomération,Intersection en T,Pluie légère,Deux véhicules - arrière,4,1,4,0,1,1,2,5,1,50,,2,1,0,0,1,22.0,44.0,,,1,2,3,2,2
202100026858,2021-07-26 20:10:00,2021,7,26,20,10,75,75104,BOULEVARD MORLAND,48.848939,2.364616,Plein jour,En agglomération,Intersection en T,Normale,Sans collision,4,1,2,1,1,1,1,0,5,50,,1,0,0,0,1,17.0,,,,1,2,3,1,7
202100026859,2021-07-26 14:40:00,2021,7,26,14,40,75,75101,RUE DE RIVOLI,48.864645,2.329301,Plein jour,En agglomération,Intersection en T,Pluie légère,Sans collision,4,2,3,1,1,1,2,0,5,50,,1,0,0,0,1,40.0,,,,1,2,3,2,7
202100026860,2021-07-27 16:00:00,2021,7,27,16,0,94,94081,Avenue Youri Gagarine,48.78533,2.39238,Plein jour,En agglomération,Hors intersection,Pluie légère,Deux véhicules - arrière,3,1,0,0,1,1,2,0,1,50,,2,1,0,0,1,30.0,,,,1,2,1,2,2
202100026861,2021-07-23 09:15:00,2021,7,23,9,15,94,94080,Rue de Lagny,48.849105,2.423052,Plein jour,En agglomération,Intersection en X,Normale,Deux véhicules - frontale,3,1,1,1,1,1,1,0,5,30,,2,1,0,0,1,37.0,37.0,,,1,2,2,1,1
202100026862,2021-07-26 03:40:00,2021,7,26,3,40,94,94080,MINIMES (AV DES),48.841335,2.430245,Nuit avec éclairage allumé,En agglomération,Hors intersection,Normale,Autre collision,3,2,2,0,1,1,1,0,1,50,,1,0,0,0,1,20.0,,,,5,2,1,1,6
202100026863,2021-07-27 18:00:00,2021,7,27,18,0,94,94015,Boulevard Georges Méliès,48.835287,2.536319,Plein jour,En agglomération,Hors intersection,Pluie légère,Trois véhicules et plus - en chaîne,3,-1,4,0,1,1,2,0,1,50,,3,1,0,0,2,21.0,64.0,,,1,2,1,2,4
202100026864,2021-07-27 21:50:00,2021,7,27,21,50,93,93078,Boulevard Robert Ballanger / Avenue Jean Fourgeaud,48.96021,2.55306,Crépuscule ou aube,En agglomération,Intersection en X,Pluie légère,Deux véhicules - arrière,3,3,4,0,1,1,2,5,1,50,,2,1,0,0,1,42.0,22.0,,,2,2,2,2,2
202100026865,2021-07-24 10:20:00,2021,7,24,10,20,93,93005,Boulevard Marc Chagall,48.953076,2.50152,Plein jour,En agglomération,Hors intersection,Normale,Deux véhicules - côté,3,3,4,0,1,1,1,0,1,50,,6,5,0,0,1,40.0,34.0,,,1,2,1,1,3
202100026866,2021-07-25 22:50:00,2021,7,25,22,50,93,93066,FRANCE ANATOLE (BOULEVARD) NR AUTRES,48.9255215768,2.3507142323,Nuit avec éclairage allumé,En agglomération,Intersection en X,Normale,Deux véhicules - frontale,3,2,4,0,1,1,1,5,1,50,,5,3,0,0,2,25.0,23.0,,,5,2,2,1,1
202100026867,2021-07-27 12:45:00,2021,7,27,12,45,93,93053,Boulevard Roger Salengro,48.88372,2.45518,Plein jour,En agglomération,Hors intersection,Pluie légère,Deux véhicules - arrière,3,2,2,0,2,1,2,0,1,50,,4,2,0,0,2,53.0,31.0,,,1,2,1,2,2
202100026868,2021-07-27 09:00:00,2021,7,27,9,0,93,93063,Rue de la Fraternité,48.87712,2.44573,Plein jour,En agglomération,Hors intersection,Normale,Deux véhicules - côté,4,2,2,0,1,1,1,0,1,30,,2,1,0,0,1,41.0,35.0,,,1,2,1,1,3
202100026869,2021-07-25 06:34:00,2021,7,25,6,34,93,93032,Avenue Jean Jaurès,48.88368,2.53009,Crépuscule ou aube,En agglomération,Hors intersection,Pluie légère,Autre collision,3,2,2,0,1,1,2,0,1,50,,2,1,0,1,0,52.0,,,,2,2,1,2,6
202100026870,2021-07-26 21:55:00,2021,7,26,21,55,93,93029,SADI CARNOT,48.92588,2.44022,Crépuscule ou aube,En agglomération,Intersection en T,Normale,Deux véhicules - côté,3,2,2,0,1,1,1,0,1,50,,2,1,0,1,0,19.0,26.0,,,2,2,3,1,3
202100026871,2021-07-27 20:25:00,2021,7,27,20,25,93,93047,Avenue Jean Jaurés / Avenue des Géraniums,48.898598,2.550398,Plein jour,En agglomération,Intersection en X,Pluie légère,Deux véhicules - côté,3,2,2,0,1,1,2,0,1,50,,3,1,0,0,2,35.0,23.0,,,1,2,2,2,3
202100026872,2021-07-27 08:20:00,2021,7,27,8,20,93,93008,VAILLANT (AVENUE EDOUARD),48.91165,2.46491,Plein jour,En agglomération,Intersection en T,Normale,Deux véhicules - côté,3,-1,2,0,1,1,1,0,1,50,,2,1,0,0,1,24.0,24.0,,,1,2,3,1,3
202100026873,2021-07-27 18:03:00,2021,7,27,18,3,92,92062,DE DION BOUTON (QUAI) DU 29 AU 65,48.88572,2.25165,Plein jour,En agglomération,Hors intersection,Pluie légère,Deux véhicules - arrière,3,1,3,0,1,1,2,0,1,50,,2,1,0,0,1,54.0,42.0,,,1,2,1,2,2
202100026874,2021-07-23 16:30:00,2021,7,23,16,30,92,92024,GENNEVILLIERS (PONT DE),48.91277,2.31117,Plein jour,En agglomération,Hors intersection,Normale,Trois véhicules et plus - en chaîne,3,2,3,0,1,1,1,2,1,50,,3,2,0,0,1,34.0,44.0,,,1,2,1,1,4
202100026875,2021-07-27 15:40:00,2021,7,27,15,40,60,60225,Rue de Crèvecoeur,49.4198483226,2.3615262508,Plein jour,En agglomération,Intersection en T,Pluie légère,Deux véhicules - côté,3,2,2,0,2,3,2,0,1,50,,2,1,0,0,1,31.0,15.0,,,1,2,3,2,3
202100026876,2021-06-09 14:30:00,2021,6,9,14,30,22,22112,D6,48.6499441389,-3.010318278,Plein jour,Hors agglomération,Hors intersection,Normale,Deux véhicules - frontale,3,2,2,0,1,1,1,0,1,70,,2,1,0,0,1,60.0,59.0,,,1,1,1,1,1
202100026877,2021-07-25 17:30:00,2021,7,25,17,30,57,57245,D62,49.424702,6.292441,Plein jour,Hors agglomération,Hors intersection,Pluie forte,Deux véhicules - frontale,3,2,2,0,1,2,3,0,1,80,,3,2,0,1,0,19.0,22.0,,,1,1,1,3,1
202100026878,2021-07-21 18:00:00,2021,7,21,18,0,13,13078,D268,43.403224,4.788054,Plein jour,Hors agglomération,Intersection en T,Normale,Deux véhicules - côté,7,3,2,0,1,2,1,0,1,80,,2,1,0,1,0,23.0,32.0,,,1,1,3,1,3
202100026879,2021-07-27 17:25:00,2021,7,27,17,25,972,97210,D16/Gabourin 2,14.593172,-60.920734,Plein jour,Hors agglomération,Hors intersection,Normale,Deux véhicules - côté,3,2,2,0,2,1,1,0,1,80,,2,1,0,1,0,21.0,31.0,,,1,1,1,1,3
202100026880,2021-07-27 15:00:00,2021,7,27,15,0,63,63071,Rue des Pres Verts,45.765607,2.900521,Plein jour,En agglomération,Intersection en X,Temps couvert,Deux véhicules - côté,3,2,2,0,1,1,1,0,1,50,,6,5,0,0,1,37.0,43.0,,,1,2,2,8,3
202100026881,2021-07-27 15:40:00,2021,7,27,15,40,64,64057,Carrefour D31 / D731,43.464063,-0.619193,Plein jour,Hors agglomération,Intersection en X,Normale,Trois véhicules et plus - collisions multiples,3,2,2,0,2,3,1,0,1,50,,4,2,0,1,1,62.0,21.0,,,1,1,2,1,5
202100026882,2021-07-27 08:30:00,2021,7,27,8,30,41,41131,D5,47.821713,0.929271,Plein jour,Hors agglomération,Hors intersection,Pluie légère,Autre collision,3,-1,2,0,2,4,2,0,3,80,,1,0,0,1,0,22.0,,,,1,1,1,2,6
202100026883,2021-06-28 15:49:00,2021,6,28,15,49,37,37054,"autoroute A28, PK 023+800",47.4798550978,0.6883841088,Plein jour,Hors agglomération,Hors intersection,Pluie légère,Sans collision,1,3,4,0,1,3,2,0,8,110,,2,1,0,0,1,82.0,,,,1,1,1,2,7
202100026884,2021-07-26 18:30:00,2021,7,26,18,30,66,66189,D62,42.6544196893,2.9287026823,Plein jour,Hors agglomération,Hors intersection,Temps couvert,Deux véhicules - frontale,3,2,2,0,1,2,2,0,1,70,,3,1,0,2,0,21.0,49.0,,,1,1,1,8,1
202100026885,2021-07-28 08:25:00,2021,7,28,8,25,2B,2B207,RT 10 FOLELLI,42.441741,9.508742,Plein jour,En agglomération,Hors intersection,Normale,Deux véhicules - frontale,2,2,2,0,1,1,1,0,1,50,,2,1,0,0,1,53.0,,,,1,2,1,1,1
202100026886,2021-07-28 11:50:00,2021,7,28,11,50,65,65145,Rd921 PK 11-750,42.916387,-0.038248,Plein jour,Hors agglomération,Hors intersection,Normale,Autre collision,3,2,2,0,1,2,1,0,3,80,,1,0,0,1,0,38.0,,,,1,1,1,1,6
202100026887,2021-07-28 18:35:00,2021,7,28,18,35,32,32296,D931,43.754349,-0.048301,Plein jour,Hors agglomération,Intersection en X,Normale,Deux véhicules - côté,3,2,1,0,3,1,1,0,1,80,,2,1,0,1,0,26.0,40.0,,,1,1,2,1,3
202100026888,2021-07-24 23:12:00,2021,7,24,23,12,39,39462,,47.129805,5.562987,Nuit sans éclairage public,Hors agglomération,Hors intersection,Brouillard / fumée,Trois véhicules et plus - collisions multiples,3,2,3,0,2,1,2,0,1,90,,14,9,0,0,5,85.0,69.0,,,3,1,1,5,5
202100026889,2021-07-27 20:40:00,2021,7,27,20,40,29,29172,Route de Lestrevet,48.1730633933,-4.285492169,Plein jour,En agglomération,Hors intersection,Normale,Deux véhicules - arrière,4,2,2,0,2,1,1,0,1,50,,3,2,0,0,1,27.0,21.0,,,1,2,1,1,2
202100026890,2021-07-27 12:30:00,2021,7,27,12,30,29,29072,Quai d Estienne d Orves,47.794252,-4.282485,Plein jour,En agglomération,Intersection en T,Normale,Autre collision,4,2,2,0,1,1,1,5,1,50,,2,1,0,1,0,29.0,,,,1,2,3,1,6
202100026891,2021-07-28 16:20:00,2021,7,28,16,20,38,38261,934 Rue Paul Claudel,45.673233,5.482607,Plein jour,En agglomération,Intersection en X,Normale,Deux véhicules - frontale,3,2,2,0,1,1,1,5,1,50,,2,1,0,1,0,14.0,67.0,,,1,2,2,1,1
202100026892,2021-07-27 12:00:00,2021,7,27,12,0,84,84102,D2 route des lavandes,43.919551,5.277429,Plein jour,Hors agglomération,Hors intersection,Normale,Autre collision,3,2,2,0,1,1,1,0,8,80,,1,0,0,1,0,39.0,,,,1,1,1,1,6
202100026893,2021-07-28 00:30:00,2021,7,28,0,30,70,70473,Rue Edouard Herriot,47.8084376281,6.3831889591,Nuit avec éclairage allumé,En agglomération,Giratoire,Pluie légère,Deux véhicules - côté,3,2,-1,-1,1,1,2,0,1,50,,6,4,0,1,1,24.0,22.0,,,5,2,6,2,3
202100026894,2021-07-28 15:47:00,2021,7,28,15,47,26,26299,693 Route de Die,44.763133,5.286409,Plein jour,Hors agglomération,Intersection en T,Normale,Deux véhicules - frontale,3,2,2,0,1,1,1,0,1,70,,2,1,0,1,0,41.0,53.0,,,1,1,3,1,1
202100026895,2021-07-27 19:40:00,2021,7,27,19,40,54,54102,D908,48.7146805826,5.8574670561,Plein jour,Hors agglomération,Hors intersection,Temps couvert,Autre collision,3,2,2,0,1,1,2,0,3,80,,1,0,0,1,0,20.0,,,,1,1,1,8,6
202100026896,2021-07-28 17:55:00,2021,7,28,17,55,60,60155,D929,49.247638,2.315669,Plein jour,Hors agglomération,Hors intersection,Normale,Deux véhicules - côté,3,2,1,0,2,1,1,0,1,80,,2,1,0,0,1,51.0,24.0,,,1,1,1,1,3
202100026897,2021-07-26 17:30:00,2021,7,26,17,30,07,07204,D21,44.964203,4.444742,Plein jour,Hors agglomération,Hors intersection,Normale,Sans collision,3,2,2,0,1,2,1,0,3,70,,1,0,0,0,1,22.0,,,,1,1,1,1,7