accident_id,datetime,annee,mois,jour,heure,minute,departement,commune_insee,adresse,latitude,longitude,luminosite,agglomeration,intersection,meteo,collision,catr,circ,nbv,vosp,prof,plan,surf,infra,situ,vma,nb_vehicules,nb_usagers,nb_indemnes,nb_tues,nb_blesses_hosp,nb_blesses_legers,age_cond_1,age_cond_2,veh_type_cond_1,veh_type_cond_2,lum_code,agg_code,int_code,atm_code,col_code
202100026898,2021-07-28 17:50:00,2021,7,28,17,50,53,53219,D5,48.319085,-0.700432,Plein jour,Hors agglomération,Intersection en T,Normale,Sans collision,3,-1,2,0,4,3,1,0,3,80,,1,0,0,1,0,22.0,,,,1,1,3,1,7
202100026899,2021-07-27 22:20:00,2021,7,27,22,20,21,21271,RD9 PR31+500,47.511578,4.524908,Nuit sans éclairage public,Hors agglomération,Hors intersection,Pluie légère,Autre collision,3,2,2,0,2,2,2,0,3,80,,1,0,0,1,0,48.0,,,,3,1,1,2,6
202100026900,2021-07-28 07:00:00,2021,7,28,7,0,04,04006,RD 908,44.301554,6.582892,Plein jour,Hors agglomération,Hors intersection,Pluie légère,Autre collision,3,2,2,0,2,3,2,0,8,80,,2,0,0,1,1,20.0,,,,1,1,1,2,6
202100026901,2021-07-28 15:35:00,2021,7,28,15,35,85,85029,Le Pre Greneze,46.947827,-2.024542,Plein jour,Hors agglomération,Hors intersection,Normale,Deux véhicules - frontale,3,2,2,0,1,1,1,0,1,-1,,2,0,0,0,2,35.0,21.0,,,1,1,1,1,1
202100026902,2021-07-27 21:30:00,2021,7,27,21,30,27,27398,13 Rue Rangée des Sablons,49.105098,0.618887,Plein jour,Hors agglomération,Hors intersection,Pluie légère,Autre collision,4,2,2,0,1,1,2,0,4,50,,2,0,0,1,1,34.0,,,,1,1,1,2,6
202100026903,2021-07-28 12:30:00,2021,7,28,12,30,27,27198,Aigremont,48.843254,1.011922,Plein jour,En agglomération,Hors intersection,Normale,Autre collision,4,2,2,0,2,1,6,0,3,-1,,1,0,1,0,0,14.0,,,,1,2,1,1,6
202100026904,2021-07-28 17:34:00,2021,7,28,17,34,28,28335,Le Frou,48.454737,1.022683,Plein jour,Hors agglomération,Hors intersection,Normale,Deux véhicules - frontale,3,2,2,0,2,3,1,0,1,80,,4,3,1,0,0,44.0,24.0,,,1,1,1,1,1
202100026905,2021-07-25 07:39:00,2021,7,25,7,39,48,48016,RN 88,44.484321,3.457689,Plein jour,Hors agglomération,Hors intersection,Normale,Sans collision,2,2,2,0,1,1,1,0,1,80,,1,0,0,1,0,57.0,,,,1,1,1,1,7
202100026906,2021-07-27 22:10:00,2021,7,27,22,10,48,48016,N106,44.47853,3.463059,Nuit sans éclairage public,Hors agglomération,Hors intersection,Normale,Deux véhicules - frontale,2,2,2,0,1,1,1,0,1,80,,2,1,1,0,0,37.0,28.0,,,3,1,1,1,1
202100026907,2021-07-22 03:46:00,2021,7,22,3,46,40,40152,Autoroute A63 - PK 110.600,43.946114,-1.079235,Nuit sans éclairage public,Hors agglomération,Hors intersection,Normale,Autre collision,1,3,3,0,1,1,1,0,1,130,,3,2,0,1,0,66.0,63.0,,,3,1,1,1,6
202100026908,2021-07-27 16:00:00,2021,7,27,16,0,34,34320,D111,43.651634,3.725696,Plein jour,Hors agglomération,Hors intersection,Normale,Deux véhicules - côté,3,2,2,0,1,3,1,0,1,80,,4,2,0,1,1,37.0,25.0,,,1,1,1,1,3
202100026909,2021-07-27 20:00:00,2021,7,27,20,0,976,97612,RN1,-12.703122,45.055704,Nuit sans éclairage public,Hors agglomération,Hors intersection,Normale,Deux véhicules - frontale,3,2,2,0,2,1,1,0,1,70,,3,2,1,0,0,22.0,52.0,,,3,1,1,1,1
202100026910,2021-07-28 14:00:00,2021,7,28,14,0,60,60408,A1 - PK 75+500 Lille/Paris,49.4764269288,2.7115616214,Plein jour,Hors agglomération,Hors intersection,Normale,Sans collision,1,3,6,0,2,1,1,8,8,110,,1,0,1,0,0,68.0,,,,1,1,1,1,7
202100026911,2021-07-28 00:05:00,2021,7,28,0,5,974,97408,3 Rue Bobby Sands,-20.963685,55.324935,Nuit avec éclairage allumé,En agglomération,Hors intersection,Normale,Autre collision,4,2,2,0,2,2,1,0,4,50,,1,0,0,0,1,29.0,,,,5,2,1,1,6
202100026912,2021-07-28 09:45:00,2021,7,28,9,45,29,29233,14 Rue de Ty-Bordeaux,47.86627,-3.550046,Plein jour,En agglomération,Hors intersection,Normale,Sans collision,4,2,2,0,2,1,1,0,3,30,,1,0,0,1,0,75.0,,,,1,2,1,1,7
202100026913,2021-07-27 23:40:00,2021,7,27,23,40,77,77203,D17,48.977485,2.963251,Nuit sans éclairage public,Hors agglomération,Hors intersection,Pluie légère,Autre collision,3,2,2,0,2,2,2,0,1,80,,1,0,0,1,0,33.0,,,,3,1,1,2,6
202100026914,2021-07-25 10:10:00,2021,7,25,10,10,2A,2A041,Bonifacio,41.388763,9.167174,Plein jour,En agglomération,Hors intersection,Normale,Sans collision,3,1,1,0,1,3,8,0,1,50,,1,0,0,0,1,39.0,,,,1,2,1,1,7
202100026915,2021-07-28 09:30:00,2021,7,28,9,30,83,83065,D98a,43.264042,6.6204,Plein jour,En agglomération,Hors intersection,Normale,Autre collision,3,2,2,0,1,1,1,0,1,70,,2,0,0,1,1,23.0,,,,1,2,1,1,6
202100026916,2021-06-07 17:45:00,2021,6,7,17,45,13,13073,rue de la république,43.383976,5.570986,Plein jour,En agglomération,Hors intersection,Normale,Deux véhicules - frontale,7,2,2,0,1,1,1,0,1,50,,2,1,0,1,0,37.0,,,,1,2,1,1,1
202100026917,2021-07-27 18:45:00,2021,7,27,18,45,67,67137,18 rue Paul Gauguin,48.487024,7.697114,Plein jour,En agglomération,Hors intersection,Normale,Deux véhicules - arrière,6,-1,-1,0,1,1,1,9,8,5,,2,1,0,0,1,43.0,4.0,,,1,2,1,1,2
202100026918,2021-07-26 16:40:00,2021,7,26,16,40,88,88126,D266,48.199063,6.354813,Plein jour,En agglomération,Intersection en Y,Normale,Deux véhicules - côté,3,2,2,0,1,2,1,0,1,50,,2,1,0,0,1,17.0,85.0,,,1,2,4,1,3
202100026919,2021-07-27 12:55:00,2021,7,27,12,55,38,38085,10 Route de Lyon,45.750291,5.164227,Plein jour,En agglomération,Hors intersection,Temps éblouissant,Deux véhicules - arrière,3,2,1,0,2,1,1,0,1,50,,2,1,0,0,1,24.0,47.0,,,1,2,1,7,2
202100026920,2021-05-23 18:45:00,2021,5,23,18,45,69,69236,D488,45.563981,4.696451,Plein jour,Hors agglomération,Hors intersection,Normale,Deux véhicules - côté,3,2,2,0,1,3,1,0,1,80,,2,1,0,0,1,63.0,23.0,,,1,1,1,1,3
202100026921,2021-06-04 19:45:00,2021,6,4,19,45,56,56177,Route de Languidic D102,47.782377,-3.022002,Crépuscule ou aube,Hors agglomération,Hors intersection,Normale,Sans collision,3,2,2,0,1,2,1,0,3,80,,1,0,0,0,1,54.0,,,,2,1,1,1,7
202100026922,2021-07-27 09:50:00,2021,7,27,9,50,22,22070,Rue du Marechal Joffre,48.56325,-3.149927,Plein jour,En agglomération,Intersection en X,Pluie légère,Trois véhicules et plus - en chaîne,3,2,2,0,2,1,2,0,1,50,,3,2,0,0,1,,64.0,,,1,2,2,2,4
202100026923,2021-07-21 10:50:00,2021,7,21,10,50,22,22272,D9,48.565703,-3.108294,Plein jour,Hors agglomération,Intersection en X,Normale,Deux véhicules - côté,3,2,2,0,2,1,1,0,1,80,,3,2,0,0,1,22.0,41.0,,,1,1,2,1,3
202100026924,2021-07-28 08:15:00,2021,7,28,8,15,60,60341,,49.084969,2.757225,Plein jour,Hors agglomération,Giratoire,Normale,Deux véhicules - côté,2,2,2,0,1,2,1,5,1,80,,2,1,0,0,1,24.0,48.0,,,1,1,6,1,3
202100026925,2021-07-27 18:00:00,2021,7,27,18,0,13,13055,A507 sens Marseille - Aubagne,43.32959,5.41282,Plein jour,Hors agglomération,Hors intersection,Normale,Deux véhicules - arrière,1,1,2,0,2,3,1,0,1,70,,2,1,0,0,1,21.0,25.0,,,1,1,1,1,2
202100026926,2021-07-27 14:20:00,2021,7,27,14,20,13,13215,A7-Sens Lyon vers Marseille,43.3473643947,5.3716866519,Plein jour,Hors agglomération,Hors intersection,Normale,Deux véhicules - côté,1,1,3,0,1,1,1,0,1,70,,2,1,0,0,1,36.0,,,,1,1,1,1,3
202100026927,2021-07-26 16:45:00,2021,7,26,16,45,13,13207,A55-Sens Marseille vers Martigues,43.29079,5.36426,Plein jour,Hors agglomération,Hors intersection,Normale,Deux véhicules - arrière,1,3,2,0,4,1,1,1,1,50,,2,1,0,0,1,67.0,44.0,,,1,1,1,1,2
202100026928,2021-07-25 22:56:00,2021,7,25,22,56,13,13055,A507 sens Aubagne- Marseille,43.29271,5.42436,Nuit avec éclairage allumé,Hors agglomération,Hors intersection,Normale,Deux véhicules - arrière,1,1,3,0,1,1,1,1,1,70,,6,1,0,0,5,40.0,41.0,,,5,1,1,1,2
202100026929,2021-07-25 22:40:00,2021,7,25,22,40,33,33013,,44.846133,-0.502271,Nuit avec éclairage allumé,Hors agglomération,Hors intersection,Normale,Autre collision,2,3,6,0,1,1,1,3,1,90,,3,2,0,0,1,21.0,54.0,,,5,1,1,1,6
202100026930,2021-07-27 17:15:00,2021,7,27,17,15,91,91521,RN 104,48.63607,2.4021,Plein jour,Hors agglomération,Hors intersection,Pluie légère,Deux véhicules - côté,2,3,2,0,2,2,2,0,1,50,,2,1,0,0,1,32.0,19.0,,,1,1,1,2,3
202100026931,2021-07-27 13:50:00,2021,7,27,13,50,91,91549,RN 104,48.62584,2.33881,Plein jour,Hors agglomération,Hors intersection,Pluie forte,Deux véhicules - arrière,2,1,3,0,1,1,2,0,1,110,,4,1,0,0,3,26.0,45.0,,,1,1,1,3,2
202100026932,2021-07-27 16:50:00,2021,7,27,16,50,92,92036,A86,48.936403103,2.2894631783,Plein jour,Hors agglomération,Hors intersection,Pluie légère,Trois véhicules et plus - en chaîne,1,1,3,0,1,1,2,0,1,90,,4,3,0,0,1,49.0,46.0,,,1,1,1,2,4
202100026933,2021-07-27 08:50:00,2021,7,27,8,50,78,78007,A13 Y,48.89576,2.00712,Plein jour,Hors agglomération,Hors intersection,Normale,Deux véhicules - arrière,1,-1,2,0,1,1,1,0,1,110,,2,1,0,0,1,68.0,40.0,,,1,1,1,1,2
202100026934,2021-07-26 17:10:00,2021,7,26,17,10,92,92036,A86,48.9345665738,2.280304127,Plein jour,Hors agglomération,Hors intersection,Pluie légère,Autre collision,1,1,2,0,1,1,2,0,1,90,,1,0,0,0,1,22.0,,,,1,1,1,2,6
202100026935,2021-07-26 14:55:00,2021,7,26,14,55,78,78043,A13W,48.84117,2.1008,Plein jour,Hors agglomération,Hors intersection,Normale,Autre collision,1,1,4,0,1,1,1,3,1,90,,3,1,0,1,1,44.0,,,,1,1,1,1,6
202100026936,2021-07-27 18:30:00,2021,7,27,18,30,92,92036,AUTOROUTE A15,48.9406783537,2.2926308104,Plein jour,Hors agglomération,Hors intersection,Pluie légère,Autre collision,1,3,4,0,2,3,2,0,1,50,,2,1,0,0,1,43.0,,,,1,1,1,2,6
202100026937,2021-07-27 00:15:00,2021,7,27,0,15,95,95582, A115,48.97792,2.24101,Nuit sans éclairage public,Hors agglomération,Hors intersection,Normale,Autre collision,1,3,4,0,1,3,1,0,1,70,,1,0,0,0,1,22.0,,,,3,1,1,1,6
202100026938,2021-07-27 14:45:00,2021,7,27,14,45,77,77249,RN104,48.7489851927,2.6137740302,Plein jour,Hors agglomération,Hors intersection,Pluie légère,Autre collision,2,3,4,0,1,1,2,0,1,90,,4,1,0,0,3,23.0,66.0,,,1,1,1,2,6
202100026939,2021-03-01 15:30:00,2021,3,1,15,30,60,60036,rd 75,49.404593,2.574663,Plein jour,Hors agglomération,Hors intersection,Normale,Sans collision,3,2,2,0,1,1,1,0,3,80,,3,0,0,0,3,26.0,,,,1,1,1,1,7
202100026940,2021-03-25 14:20:00,2021,3,25,14,20,73,73150,D223 / Plagne Centre,45.506909,6.678872,Plein jour,En agglomération,Intersection en T,Normale,Deux véhicules - frontale,3,2,2,0,2,3,1,0,1,50,,2,0,0,1,1,64.0,67.0,,,1,2,3,1,1
202100026941,2021-03-06 11:10:00,2021,3,6,11,10,73,73085,D991 B,45.791826,5.862837,Plein jour,Hors agglomération,Hors intersection,Normale,Deux véhicules - arrière,3,2,2,0,2,4,1,0,1,80,,2,1,0,1,0,30.0,54.0,,,1,1,1,1,2
202100026942,2021-04-14 10:35:00,2021,4,14,10,35,74,74159,route nationale,46.019287,6.621945,Plein jour,En agglomération,Hors intersection,Normale,Deux véhicules - arrière,3,2,2,0,1,1,1,0,1,50,,3,2,0,0,1,23.0,44.0,,,1,2,1,1,2
202100026943,2021-03-18 18:00:00,2021,3,18,18,0,74,74169,R de la Fin,46.0629,6.525204,Plein jour,En agglomération,Hors intersection,Normale,Deux véhicules - frontale,4,2,2,0,1,1,1,0,1,50,,2,1,0,0,1,46.0,20.0,,,1,2,1,1,1
202100026944,2021-03-21 18:30:00,2021,3,21,18,30,74,74264,Av de la Route Blanche,46.060281,6.549616,Crépuscule ou aube,Hors agglomération,Hors intersection,Normale,Sans collision,3,2,2,0,1,4,1,0,1,80,,1,0,0,1,0,19.0,,,,2,1,1,1,7
202100026945,2021-07-26 11:10:00,2021,7,26,11,10,75,75119,PLACE AUGUSTE BARON,48.900148,2.38839,Plein jour,En agglomération,Place,Normale,Deux véhicules - arrière,4,1,3,0,1,1,2,0,1,50,,3,2,0,0,1,26.0,41.0,,,1,2,7,1,2
202100026946,2021-07-25 11:55:00,2021,7,25,11,55,75,75115,BOULEVARD DU MONTPARNASSE,48.845926,2.31834,Plein jour,En agglomération,Hors intersection,Pluie légère,Deux véhicules - arrière,4,2,2,0,1,1,2,0,1,50,,2,1,0,0,1,64.0,22.0,,,1,2,1,2,2
202100026947,2021-07-26 19:50:00,2021,7,26,19,50,75,75111,BOULEVARD VOLTAIRE,48.850394,2.392522,Plein jour,En agglomération,Intersection en X,Temps couvert,Deux véhicules - côté,4,2,-1,1,1,1,1,0,1,30,,2,1,0,0,1,28.0,36.0,,,1,2,2,8,3
202100026948,2021-07-26 15:20:00,2021,7,26,15,20,75,75111,BOULEVARD RICHARD LENOIR,48.861942,2.37277,Plein jour,En agglomération,Intersection en T,Temps couvert,Deux véhicules - frontale,4,1,2,1,1,1,2,0,5,30,,2,1,0,0,1,,47.0,,,1,2,3,8,1
202100026949,2021-07-26 14:20:00,2021,7,26,14,20,75,75110,BOULEVARD DE LA CHAPELLE,48.8842447229,2.3646086454,Plein jour,En agglomération,Intersection en X,Temps couvert,Deux véhicules - côté,4,1,2,1,1,1,2,0,1,30,,2,1,0,0,1,30.0,29.0,,,1,2,2,8,3
202100026950,2021-07-26 12:40:00,2021,7,26,12,40,75,75110,RUE BEAUREPAIRE,48.870646,2.363979,Crépuscule ou aube,En agglomération,Hors intersection,Pluie légère,Autre collision,4,-1,1,0,1,1,2,0,1,30,,2,1,0,0,1,45.0,,,,2,2,1,2,6
202100026951,2021-07-26 17:21:00,2021,7,26,17,21,75,75108,AVENUE WINSTON CHURCHILL,48.867117,2.313954,Plein jour,En agglomération,Intersection en X,Pluie légère,Deux véhicules - arrière,4,2,4,1,1,1,2,6,1,50,,4,2,0,0,2,32.0,27.0,,,1,2,2,2,2
202100026952,2021-07-26 09:55:00,2021,7,26,9,55,75,75107,AVENUE DU MARECHAL GALLIENI,48.861041,2.313238,Plein jour,En agglomération,Intersection en X,Pluie légère,Deux véhicules - arrière,4,2,4,0,1,1,2,0,1,50,,2,1,0,0,1,48.0,44.0,,,1,2,2,2,2
202100026953,2021-07-25 23:40:00,2021,7,25,23,40,75,75101,RUE DE RIVOLI,48.862186,2.337015,Nuit avec éclairage allumé,En agglomération,Place,Normale,Deux véhicules - frontale,4,3,3,1,1,1,1,0,5,50,,3,2,0,0,1,21.0,22.0,,,5,2,7,1,1
202100026954,2021-07-26 17:15:00,2021,7,26,17,15,94,94078,Rue de Paris,48.7355781165,2.4468451738,Plein jour,En agglomération,Intersection en T,Normale,Deux véhicules - côté,2,-1,0,0,1,1,1,5,1,50,,2,1,0,0,1,27.0,33.0,,,1,2,3,1,3
202100026955,2021-07-26 20:08:00,2021,7,26,20,8,94,94046,Avenue du Général Leclerc,48.81008,2.43266,Plein jour,En agglomération,Hors intersection,Pluie légère,Deux véhicules - côté,3,2,5,0,1,1,2,0,1,50,,2,1,0,0,1,18.0,34.0,,,1,2,1,2,3
202100026956,2021-07-26 17:31:00,2021,7,26,17,31,94,94046,Avenue du Général Leclerc,48.81485,2.42278,Plein jour,En agglomération,Hors intersection,Pluie légère,Deux véhicules - arrière,3,3,2,3,1,1,2,9,6,50,,3,0,0,1,2,39.0,38.0,,,1,2,1,2,2
202100026957,2021-07-26 01:30:00,2021,7,26,1,30,94,94041,Rue Lucien Nadaire,48.800854,2.393049,Nuit avec éclairage allumé,En agglomération,Hors intersection,Normale,Autre collision,4,2,3,1,2,1,1,9,1,30,,1,0,0,0,1,23.0,,,,5,2,1,1,6
202100026958,2021-07-26 17:26:00,2021,7,26,17,26,94,94028,ARCOS.(RUE RENE),48.77775,2.46361,Plein jour,En agglomération,Intersection en X,Pluie forte,Deux véhicules - côté,4,2,4,0,2,1,2,0,1,50,,2,1,0,0,1,30.0,29.0,,,1,2,2,3,3
202100026959,2021-07-21 23:00:00,2021,7,21,23,0,94,94028,Route de la Pompadour,48.77326,2.43525,Nuit avec éclairage allumé,En agglomération,Hors intersection,Normale,Deux véhicules - arrière,3,1,1,0,1,1,1,0,1,50,,4,3,0,0,1,47.0,20.0,,,5,2,1,1,2
202100026960,2021-07-25 19:10:00,2021,7,25,19,10,94,94018,Rue Paul Eluard,48.819873,2.410154,Plein jour,En agglomération,Intersection en X,Normale,Deux véhicules - côté,4,1,2,0,1,1,1,0,1,50,,2,1,0,0,1,32.0,20.0,,,1,2,2,1,3
202100026961,2021-07-26 19:30:00,2021,7,26,19,30,93,93078,Allée Arthur Adamov / Rue Sigmund Freud,48.95456,2.54907,Plein jour,En agglomération,Intersection en T,Pluie légère,Deux véhicules - frontale,4,2,2,0,1,1,2,0,1,50,,2,1,0,0,1,32.0,35.0,,,1,2,3,2,1
202100026962,2021-07-26 07:55:00,2021,7,26,7,55,93,93070,DIEUMEGARD(RUE),48.91185,2.33376,Plein jour,En agglomération,Intersection en Y,Temps couvert,Deux véhicules - côté,3,1,2,0,1,1,1,0,1,50,,2,1,0,0,1,23.0,25.0,,,1,2,4,8,3
202100026963,2021-07-25 08:58:00,2021,7,25,8,58,93,93055,JEAN LOLIVE (AVENUE)(55/73.62/86),48.891243,2.402548,Plein jour,En agglomération,Intersection en T,Normale,Deux véhicules - frontale,3,2,2,0,1,1,1,0,1,50,,4,3,0,0,1,22.0,46.0,,,1,2,3,1,1
202100026964,2021-07-26 17:30:00,2021,7,26,17,30,93,93051,DOCTEUR SUREAU,48.84783,2.54814,Plein jour,En agglomération,Hors intersection,Pluie légère,Deux véhicules - frontale,4,2,2,0,2,1,2,0,4,50,,1,0,0,0,1,48.0,,,,1,2,1,2,1
202100026965,2021-07-26 16:15:00,2021,7,26,16,15,93,93049,Boulevard Galliéni / Rue Edgar Quinet,48.85281,2.51321,Plein jour,En agglomération,Intersection en T,Normale,Deux véhicules - côté,3,2,4,0,1,1,1,0,1,50,,2,1,0,0,1,23.0,47.0,,,1,2,3,1,3
202100026966,2021-07-25 18:00:00,2021,7,25,18,0,93,93046,Avenue Gambetta,48.918415,2.521146,Plein jour,En agglomération,Autre intersection,Normale,Deux véhicules - côté,4,2,3,0,1,1,1,0,1,50,,3,2,0,0,1,45.0,42.0,,,1,2,9,1,3
202100026967,2021-07-26 19:52:00,2021,7,26,19,52,93,93031,Rue de Strasbourg,48.95668,2.29736,Plein jour,En agglomération,Hors intersection,Normale,Autre collision,4,2,2,0,1,1,1,0,1,50,,2,1,0,0,1,21.0,,,,1,2,1,1,6
202100026968,2021-07-26 09:45:00,2021,7,26,9,45,92,92051,VILLIERS(RUE DE)  2A52,48.889147,2.280743,Plein jour,En agglomération,Intersection en T,Temps couvert,Sans collision,4,2,0,0,1,1,2,0,1,50,,1,0,0,0,1,28.0,,,,1,2,3,8,7
202100026969,2021-07-25 06:30:00,2021,7,25,6,30,92,92036,CHANDON (AVENUE) (62/110),48.9210183468,2.3016973432,Crépuscule ou aube,En agglomération,Hors intersection,Normale,Autre collision,4,2,2,0,1,1,1,0,1,50,,1,0,0,0,1,20.0,,,,2,2,1,1,6
202100026970,2021-07-26 14:15:00,2021,7,26,14,15,92,92032,REDOUTE (RUE DE LA),48.79472,2.27501,Plein jour,En agglomération,Hors intersection,Normale,Autre collision,4,2,2,2,1,1,1,0,1,50,,1,0,0,0,1,28.0,,,,1,2,1,1,6
202100026971,2021-07-26 18:00:00,2021,7,26,18,0,95,95313,Autoroute A16 ,49.114304,2.253871,Plein jour,Hors agglomération,Autre intersection,Pluie forte,Sans collision,1,3,4,0,1,1,3,0,1,110,,1,0,0,1,0,62.0,,,,1,1,9,3,7
202100026972,2021-07-27 12:35:00,2021,7,27,12,35,2A,2A262,D4,42.133781,8.853457,Plein jour,Hors agglomération,Hors intersection,Normale,Deux véhicules - côté,3,2,2,0,1,4,1,0,1,80,,2,1,0,1,0,59.0,30.0,,,1,1,1,1,3
202100026973,2021-07-27 12:29:00,2021,7,27,12,29,25,25631,RN 83 - PR 018+100,47.15288,5.940342,Plein jour,Hors agglomération,Hors intersection,Normale,Trois véhicules et plus - collisions multiples,2,2,2,0,1,1,1,0,1,80,,4,3,0,1,0,33.0,41.0,,,1,1,1,1,5
202100026974,2021-07-25 20:30:00,2021,7,25,20,30,41,41234,D155,47.565038,1.132897,Plein jour,Hors agglomération,Hors intersection,Temps éblouissant,Sans collision,3,2,2,0,1,1,2,0,3,90,,2,0,0,1,1,23.0,,,,1,1,1,7,7
202100026975,2021-07-14 17:40:00,2021,7,14,17,40,84,84044,795 Route de Mollans,44.22524,5.147079,Plein jour,Hors agglomération,Hors intersection,Normale,Deux véhicules - frontale,3,2,2,0,2,2,1,0,1,80,,3,0,0,1,2,37.0,39.0,,,1,1,1,1,1
202100026976,2021-07-10 11:30:00,2021,7,10,11,30,88,88505,lieu dit Thiriville,48.175004,6.845974,Plein jour,Hors agglomération,Hors intersection,Normale,Sans collision,4,-1,2,0,2,1,1,0,1,30,,1,0,1,0,0,51.0,,,,1,1,1,1,7
202100026977,2021-07-26 01:15:00,2021,7,26,1,15,74,74010,7 R Emile Tyrode,45.915124,6.093324,Nuit avec éclairage allumé,En agglomération,Hors intersection,Normale,Autre collision,4,2,2,0,1,1,1,0,4,30,,5,4,0,1,0,18.0,,,,5,2,1,1,6
202100026978,2021-07-26 23:10:00,2021,7,26,23,10,974,97410,RN 2,-21.108574,55.749264,Nuit sans éclairage public,Hors agglomération,Hors intersection,Normale,Deux véhicules - côté,2,4,3,0,1,1,1,0,1,80,,5,4,0,1,0,25.0,25.0,,,3,1,1,1,3
202100026979,2021-07-25 20:00:00,2021,7,25,20,0,971,97133,Rue de Blondeau,15.953257,-61.681731,Nuit sans éclairage public,Hors agglomération,Hors intersection,Normale,Sans collision,3,2,2,0,1,2,1,0,3,80,,6,3,0,1,2,29.0,,,,3,1,1,1,7
202100026980,2021-07-26 16:20:00,2021,7,26,16,20,41,41173,RD25,47.886107,1.531348,Plein jour,Hors agglomération,Intersection en X,Normale,Deux véhicules - côté,3,2,2,0,1,1,1,0,1,80,,3,2,0,0,1,79.0,66.0,,,1,1,2,1,3
202100026981,2021-07-26 16:15:00,2021,7,26,16,15,34,34217,Route de Mende,43.699707,3.862384,Plein jour,En agglomération,Hors intersection,Normale,Sans collision,7,2,2,0,1,1,1,0,1,50,,1,0,0,1,0,70.0,,,,1,2,1,1,7
202100026982,2021-07-26 19:35:00,2021,7,26,19,35,51,51312,Boulevard de Champagne,49.0122984492,4.2649767662,Plein jour,En agglomération,Hors intersection,Normale,Sans collision,4,2,2,0,1,1,2,0,1,50,,1,0,0,0,1,57.0,,,,1,2,1,1,7
202100026983,2021-07-26 16:45:00,2021,7,26,16,45,19,19057,la gondrone,45.046716,1.664922,Plein jour,Hors agglomération,Hors intersection,Normale,Deux véhicules - frontale,4,2,2,0,2,3,1,0,1,90,,2,1,0,1,0,49.0,31.0,,,1,1,1,1,1
202100026984,2021-07-26 16:15:00,2021,7,26,16,15,56,56165,RN 166  PR 40+900,47.91801,-2.40467,Plein jour,Hors agglomération,Hors intersection,Normale,Deux véhicules - arrière,2,2,2,0,2,1,1,0,1,70,,4,2,0,0,2,23.0,56.0,,,1,1,1,1,2
202100026985,2021-07-26 17:50:00,2021,7,26,17,50,56,56240,Route des Chataigniers,47.539883,-2.82943,Plein jour,Hors agglomération,Hors intersection,Normale,Deux véhicules - côté,4,2,2,0,2,3,1,0,1,80,,2,1,0,1,0,58.0,26.0,,,1,1,1,1,3
202100026986,2021-07-26 18:05:00,2021,7,26,18,5,79,79340,,46.539086,-0.122738,Plein jour,Hors agglomération,Hors intersection,Normale,Autre collision,3,2,2,0,1,1,1,0,3,80,,1,0,0,0,1,54.0,,,,1,1,1,1,6
202100026987,2021-07-27 13:50:00,2021,7,27,13,50,2A,2A008,D55 / FACE RESIDENCE LES FLOTS BLEUS,41.859226,8.791562,Plein jour,En agglomération,Hors intersection,Normale,Autre collision,3,2,2,0,1,1,1,0,1,50,,3,2,0,1,0,51.0,30.0,,,1,2,1,1,6
202100026988,2021-07-26 17:25:00,2021,7,26,17,25,80,80015,Route Departementale 917,49.957985,2.972574,Plein jour,Hors agglomération,Hors intersection,Pluie légère,Deux véhicules - frontale,3,2,2,0,1,1,2,0,1,80,,2,1,0,1,0,24.0,43.0,,,1,1,1,2,1
202100026989,2021-07-27 04:00:00,2021,7,27,4,0,89,89304,,47.84646,3.386192,Nuit sans éclairage public,Hors agglomération,Hors intersection,Normale,Sans collision,3,2,2,0,2,1,1,0,3,80,,2,0,1,1,0,35.0,,,,3,1,1,1,7
202100026990,2021-07-27 13:45:00,2021,7,27,13,45,55,55438,Chemin de Wallou,49.324605,5.076381,Plein jour,Hors agglomération,Hors intersection,Normale,Deux véhicules - frontale,4,-1,2,0,1,3,1,0,1,80,,2,1,0,1,0,48.0,44.0,,,1,1,1,1,1
202100026991,2021-07-27 17:38:00,2021,7,27,17,38,12,12148,Route de Sangayrac,44.472907,2.233411,Plein jour,Hors agglomération,Hors intersection,Normale,Deux véhicules - frontale,4,2,2,0,1,2,1,0,1,80,,2,1,0,1,0,34.0,17.0,,,1,1,1,1,1
202100026992,2021-07-26 18:15:00,2021,7,26,18,15,42,42009,D68,45.770565,4.004538,Plein jour,Hors agglomération,Intersection en X,Normale,Deux véhicules - côté,3,2,2,0,1,1,1,0,1,80,,2,1,0,0,1,54.0,15.0,,,1,1,2,1,3
202100026993,2021-07-27 18:00:00,2021,7,27,18,0,39,39548,6 Route de Champagnole,46.826628,5.721988,Plein jour,En agglomération,Hors intersection,Normale,Deux véhicules - frontale,2,2,2,0,2,3,1,0,1,50,,5,0,0,1,4,44.0,36.0,,,1,2,1,1,1
202100026994,2021-07-27 10:43:00,2021,7,27,10,43,25,25103,intersction RN83 D110,47.160453,5.951929,Plein jour,Hors agglomération,Intersection en T,Normale,Deux véhicules - côté,2,2,3,3,1,1,1,0,1,80,,2,0,0,2,0,88.0,58.0,,,1,1,3,1,3
202100026995,2021-07-26 12:48:00,2021,7,26,12,48,31,31503,D52,43.137367,0.951122,Plein jour,Hors agglomération,Hors intersection,Pluie légère,Autre collision,3,2,2,0,2,1,2,0,3,80,,2,1,0,1,0,47.0,,,,1,1,1,2,6