accident_id,datetime,annee,mois,jour,heure,minute,departement,commune_insee,adresse,latitude,longitude,luminosite,agglomeration,intersection,meteo,collision,catr,circ,nbv,vosp,prof,plan,surf,infra,situ,vma,nb_vehicules,nb_usagers,nb_indemnes,nb_tues,nb_blesses_hosp,nb_blesses_legers,age_cond_1,age_cond_2,veh_type_cond_1,veh_type_cond_2,lum_code,agg_code,int_code,atm_code,col_code
202100026996,2021-07-27 14:15:00,2021,7,27,14,15,38,38078,ROUTE DE BENS,45.399,6.139,Plein jour,Hors agglomération,Hors intersection,Normale,Sans collision,4,2,2,0,2,2,1,0,8,80,,1,0,0,1,0,53.0,,,,1,1,1,1,7
202100026997,2021-07-26 21:15:00,2021,7,26,21,15,15,15215,Saint-Simon,44.966441,2.474649,Nuit sans éclairage public,Hors agglomération,Hors intersection,Normale,Autre collision,3,2,2,0,1,1,1,0,8,90,,1,0,0,1,0,28.0,,,,3,1,1,1,6
202100026998,2021-07-25 03:30:00,2021,7,25,3,30,26,26305,735 Chemin des Andrans,44.590475,4.901898,Nuit sans éclairage public,Hors agglomération,Hors intersection,Normale,Autre collision,4,2,2,0,1,1,1,0,8,70,,1,0,0,0,1,19.0,,,,3,1,1,1,6
202100026999,2021-07-26 16:15:00,2021,7,26,16,15,58,58017,Chausse,47.102484,3.730765,Plein jour,Hors agglomération,Passage à niveau,Normale,Deux véhicules - côté,4,-1,2,0,1,1,1,4,6,80,,2,1,0,1,0,36.0,24.0,,,1,1,8,1,3
202100027000,2021-07-26 19:15:00,2021,7,26,19,15,06,06090,D309,43.589184,6.917042,Plein jour,Hors agglomération,Hors intersection,Normale,Deux véhicules - frontale,3,2,2,0,2,2,1,0,1,80,,4,0,0,1,3,43.0,50.0,,,1,1,1,1,1
202100027001,2021-07-27 10:20:00,2021,7,27,10,20,14,14070,D146 ,49.19035,-0.044079,Plein jour,En agglomération,Hors intersection,Normale,Autre collision,3,2,2,0,2,1,1,0,3,50,,1,0,0,0,1,18.0,,,,1,2,1,1,6
202100027002,2021-07-27 01:45:00,2021,7,27,1,45,64,64034,D933 - PK 40.500,43.346903,-1.001236,Nuit sans éclairage public,Hors agglomération,Hors intersection,Normale,Autre collision,3,2,2,0,1,1,1,0,3,80,,3,1,0,1,1,19.0,,,,3,1,1,1,6
202100027003,2021-07-19 10:20:00,2021,7,19,10,20,36,36127,9 Rue du Pont,46.60137,1.979698,Plein jour,En agglomération,Hors intersection,Normale,Autre collision,3,2,2,0,1,3,1,0,1,50,,2,1,0,1,0,83.0,,,,1,2,1,1,6
202100027004,2021-07-27 13:30:00,2021,7,27,13,30,07,07198,D265A,44.799505,4.723971,Plein jour,Hors agglomération,Hors intersection,Normale,Sans collision,3,2,2,0,2,4,1,0,1,70,,1,0,0,1,0,52.0,,,,1,1,1,1,7
202100027005,2021-07-26 14:15:00,2021,7,26,14,15,21,21425,D905,47.624562,4.317976,Plein jour,En agglomération,Hors intersection,Normale,Autre collision,3,3,2,0,1,2,1,0,8,50,,1,0,0,1,0,52.0,,,,1,2,1,1,6
202100027006,2021-07-26 22:15:00,2021,7,26,22,15,21,21492,D974,47.009527,4.80934,Nuit sans éclairage public,Hors agglomération,Hors intersection,Normale,Deux véhicules - frontale,3,2,2,0,1,1,1,0,1,70,,3,0,1,0,2,35.0,37.0,,,3,1,1,1,1
202100027007,2021-07-18 16:05:00,2021,7,18,16,5,40,40236,D7,43.683248,-0.83634,Plein jour,Hors agglomération,Hors intersection,Normale,Deux véhicules - frontale,3,2,2,0,2,4,1,0,1,80,,2,1,0,1,0,24.0,30.0,,,1,1,1,1,1
202100027008,2021-07-23 19:05:00,2021,7,23,19,5,40,40075,Route de Bayonne,43.861631,-1.162813,Plein jour,Hors agglomération,Intersection en T,Normale,Deux véhicules - arrière,3,2,2,0,1,1,1,0,1,80,,2,1,0,1,0,26.0,53.0,,,1,1,3,1,2
202100027009,2021-07-26 20:30:00,2021,7,26,20,30,85,85210,La Grande Villeneuve,46.843785,-1.622586,Crépuscule ou aube,Hors agglomération,Hors intersection,Normale,Deux véhicules - frontale,3,2,2,0,2,3,1,0,1,80,,3,0,0,1,2,36.0,43.0,,,2,1,1,1,1
202100027010,2021-07-26 14:10:00,2021,7,26,14,10,88,88468,Rue des 9 Pres,47.877145,6.756452,Plein jour,En agglomération,Intersection en T,Normale,Deux véhicules - côté,4,2,2,0,1,1,1,0,1,50,,2,1,0,1,0,73.0,53.0,,,1,2,3,1,3
202100027011,2021-07-26 15:45:00,2021,7,26,15,45,10,10380,Autoroute A26,48.523341,4.178967,Plein jour,Hors agglomération,Hors intersection,Normale,Deux véhicules - arrière,1,3,2,0,1,1,1,0,1,130,,3,0,0,0,3,32.0,45.0,,,1,1,1,1,2
202100027012,2021-07-27 15:00:00,2021,7,27,15,0,973,97307,Chemin Mogès,4.784908,-52.337757,Plein jour,Hors agglomération,Hors intersection,Pluie forte,Deux véhicules - frontale,4,2,2,0,1,1,2,0,1,80,,2,1,0,0,1,35.0,35.0,,,1,1,1,3,1
202100027013,2021-07-27 13:20:00,2021,7,27,13,20,42,42279,Rte de Bonson,45.5039345381,4.2499109512,Plein jour,En agglomération,Intersection en X,Normale,Deux véhicules - frontale,3,2,2,0,1,1,1,0,1,50,,3,0,0,3,0,19.0,46.0,,,1,2,2,1,1
202100027014,2021-07-26 21:00:00,2021,7,26,21,0,11,11145,D718,43.231134,3.200455,Crépuscule ou aube,Hors agglomération,Hors intersection,Normale,Deux véhicules - arrière,3,2,2,0,1,1,1,0,1,80,,2,1,0,1,0,21.0,39.0,,,2,1,1,1,2
202100027015,2021-06-09 05:00:00,2021,6,9,5,0,988,98814,Thuahaik (Tribu),-21.00814,167.288003,Nuit sans éclairage public,Hors agglomération,Hors intersection,Normale,Autre collision,4,2,2,0,1,1,1,0,1,-1,,2,1,0,1,0,,,,,3,1,1,1,6
202100027016,2021-07-26 13:40:00,2021,7,26,13,40,988,98808,Nédivin (Tribu),-21.28787,165.559303,Plein jour,Hors agglomération,Hors intersection,Normale,Autre collision,2,2,2,0,1,1,1,0,3,110,,4,3,0,1,0,31.0,,,,1,1,1,1,6
202100027017,2021-07-27 12:50:00,2021,7,27,12,50,971,97126,section saint charles,15.973068,-61.270326,Plein jour,Hors agglomération,Hors intersection,Normale,Deux véhicules - frontale,2,2,2,0,1,1,1,0,1,70,,2,0,0,1,1,74.0,25.0,,,1,1,1,1,1
202100027018,2021-07-26 18:00:00,2021,7,26,18,0,91,91338,10 rue de versailles,48.652614,2.072894,Plein jour,En agglomération,Hors intersection,Normale,Trois véhicules et plus - en chaîne,3,2,2,0,1,1,1,0,1,50,,4,1,0,0,3,23.0,54.0,,,1,2,1,1,4
202100027019,2021-07-27 12:50:00,2021,7,27,12,50,2B,2B042,Avenue de Borgo - Route territoriale 205,42.564089,9.441043,Plein jour,En agglomération,Hors intersection,Normale,Deux véhicules - arrière,2,2,2,0,1,1,1,0,1,50,,4,0,0,0,4,34.0,48.0,,,1,2,1,1,2
202100027020,2021-07-24 20:45:00,2021,7,24,20,45,83,83070,Av Louis Faedda,43.13761,6.376807,Plein jour,En agglomération,Intersection en X,Normale,Deux véhicules - côté,4,2,2,0,1,1,1,0,1,50,,2,1,0,1,0,45.0,75.0,,,1,2,2,1,3
202100027021,2021-07-27 06:19:00,2021,7,27,6,19,13,13018,cd 26 PR 06-400,43.855481,4.957912,Crépuscule ou aube,Hors agglomération,Hors intersection,Normale,Deux véhicules - arrière,3,2,2,0,1,1,1,0,1,80,,2,1,1,0,0,53.0,54.0,,,2,1,1,1,2
202100027022,2021-07-26 19:50:00,2021,7,26,19,50,57,57521,Route de Sarreguemines,49.179847,6.918686,Plein jour,Hors agglomération,Autre intersection,Normale,Autre collision,3,2,2,0,4,3,1,3,1,50,,2,1,0,0,1,26.0,,,,1,1,9,1,6
202100027023,2021-07-27 09:40:00,2021,7,27,9,40,74,74136,Rte de la Culaz,45.966454,6.423815,Plein jour,Hors agglomération,Hors intersection,Normale,Sans collision,4,2,2,0,2,1,1,0,1,80,,1,0,1,0,0,69.0,,,,1,1,1,1,7
202100027024,2021-07-21 19:00:00,2021,7,21,19,0,38,38153,D513,45.203449,5.633497,Plein jour,Hors agglomération,Hors intersection,Normale,Deux véhicules - frontale,3,2,2,0,2,4,1,0,1,80,,2,1,0,0,1,47.0,45.0,,,1,1,1,1,1
202100027025,2021-07-27 14:32:00,2021,7,27,14,32,38,38382,Avenue de San Marino,45.239982,5.666199,Plein jour,En agglomération,Intersection à plus de 4 branches,Normale,Deux véhicules - côté,7,1,1,0,1,1,1,5,1,50,,3,1,0,0,2,25.0,66.0,,,1,2,5,1,3
202100027026,2021-07-24 11:00:00,2021,7,24,11,0,01,01032,1637 Route de Chanes,45.8575634993,5.1388147698,Plein jour,Hors agglomération,Hors intersection,Normale,Deux véhicules - côté,4,2,2,0,2,1,1,2,1,50,,2,1,0,1,0,36.0,17.0,,,1,1,1,1,3
202100027027,2021-07-26 20:10:00,2021,7,26,20,10,16,16320,Lieu-dirt Les Aigaux,45.760272,0.009911,Crépuscule ou aube,Hors agglomération,Hors intersection,Normale,Autre collision,3,2,2,0,2,2,1,0,1,80,,1,0,0,1,0,45.0,,,,2,1,1,1,6
202100027028,2021-07-26 19:00:00,2021,7,26,19,0,85,85003,RD 107,46.750152,-1.651751,Plein jour,Hors agglomération,Intersection en X,Normale,Deux véhicules - côté,3,2,2,0,1,3,1,0,1,-1,,2,1,0,1,0,20.0,17.0,,,1,1,2,1,3
202100027029,2021-07-26 15:15:00,2021,7,26,15,15,76,76533,route des falaises,49.495936,0.258844,Plein jour,Hors agglomération,Hors intersection,Normale,Autre collision,3,2,1,0,2,1,1,0,3,80,,2,1,0,0,1,,46.0,,,1,1,1,1,6
202100027030,2021-07-26 12:35:00,2021,7,26,12,35,60,60408,D935,49.480171,2.749103,Plein jour,Hors agglomération,Intersection en X,Normale,Deux véhicules - côté,3,2,2,0,1,1,1,0,1,80,,3,0,0,0,3,44.0,57.0,,,1,1,2,1,3
202100027031,2021-07-26 14:30:00,2021,7,26,14,30,80,80039,Camping Municipal de la Chapelle,50.106323,1.45741,Plein jour,En agglomération,Hors intersection,Normale,Autre collision,9,1,1,0,1,1,1,0,1,20,,2,1,0,1,0,62.0,,,,1,2,1,1,6
202100027032,2021-07-26 20:36:00,2021,7,26,20,36,80,80685,D934,49.71344,2.790742,Plein jour,Hors agglomération,Hors intersection,Normale,Deux véhicules - frontale,3,2,2,0,2,2,1,0,1,80,,5,1,4,0,0,53.0,52.0,,,1,1,1,1,1
202100027033,2021-07-27 12:59:00,2021,7,27,12,59,59,59097,D930,50.144305,3.052804,Plein jour,Hors agglomération,Intersection en X,Temps couvert,Deux véhicules - côté,3,2,2,0,4,1,1,5,1,80,,2,1,0,1,0,40.0,57.0,,,1,1,2,8,3
202100027034,2021-07-26 07:00:00,2021,7,26,7,0,54,54157,Autoroute A 31,48.83911,6.09114,Plein jour,Hors agglomération,Hors intersection,Normale,Deux véhicules - arrière,1,-1,4,0,1,1,1,0,1,110,,2,1,0,0,1,43.0,25.0,,,1,1,1,1,2
202100027035,2021-07-26 01:40:00,2021,7,26,1,40,59,59646,ROUTE DEPARTEMENTALE 656,50.671428,3.115523,Nuit sans éclairage public,Hors agglomération,Hors intersection,Normale,Autre collision,7,3,2,0,1,1,1,0,1,90,,1,0,0,0,1,27.0,,,,3,1,1,1,6
202100027036,2021-07-26 10:20:00,2021,7,26,10,20,92,92063,A86,48.8723901573,2.1569627523,Plein jour,Hors agglomération,Hors intersection,Pluie légère,Deux véhicules - côté,1,3,4,0,1,3,2,1,1,70,,3,2,0,0,1,47.0,43.0,,,1,1,1,2,3
202100027037,2021-07-26 10:00:00,2021,7,26,10,0,92,92036,A86,48.9378606491,2.2967300369,Plein jour,Hors agglomération,Hors intersection,Pluie légère,Trois véhicules et plus - collisions multiples,1,3,1,0,1,1,2,0,1,70,,4,3,0,0,1,24.0,42.0,,,1,1,1,2,5
202100027038,2021-07-26 16:15:00,2021,7,26,16,15,94,94046,A86 EXT,48.80813,2.44903,Plein jour,Hors agglomération,Hors intersection,Normale,Sans collision,1,3,9,0,1,1,1,0,1,90,,1,0,0,0,1,24.0,,,,1,1,1,1,7
202100027039,2021-07-26 13:45:00,2021,7,26,13,45,94,94052,A86 INT,48.84421,2.49233,Plein jour,Hors agglomération,Hors intersection,Pluie légère,Deux véhicules - arrière,1,3,6,0,1,1,2,0,1,90,,3,1,0,0,2,52.0,43.0,,,1,1,1,2,2
202100027040,2021-07-26 01:00:00,2021,7,26,1,0,77,77384,A5b,48.602273,2.634138,Nuit sans éclairage public,Hors agglomération,Hors intersection,Normale,Autre collision,1,1,2,0,1,1,1,0,1,110,,3,2,0,0,1,29.0,44.0,,,3,1,1,1,6
202100027041,2021-07-25 23:15:00,2021,7,25,23,15,77,77294,A104,48.964742,2.610069,Nuit sans éclairage public,Hors agglomération,Hors intersection,Normale,Autre collision,1,-1,2,0,1,3,2,0,1,90,,3,1,0,0,2,49.0,29.0,,,3,1,1,1,6
202100027042,2021-07-25 00:10:00,2021,7,25,0,10,94,94015,A4,48.8316,2.53179,Plein jour,Hors agglomération,Hors intersection,Normale,Autre collision,1,1,4,0,1,1,1,0,1,110,,1,0,0,0,1,22.0,,,,1,1,1,1,6
202100027043,2021-07-25 00:00:00,2021,7,25,0,0,93,93057,BRIAND ( AV. ARISTIDE) 31 A 91,48.9111,2.51635,Nuit avec éclairage allumé,En agglomération,Hors intersection,Normale,Autre collision,3,3,6,3,1,1,1,0,3,50,,2,1,0,0,1,34.0,,,,5,2,1,1,6
202100027044,2021-03-07 11:45:00,2021,3,7,11,45,90,90091,RD 83,47.689977,6.959753,Plein jour,Hors agglomération,Giratoire,Normale,Deux véhicules - côté,3,-1,1,0,1,1,1,5,1,80,,2,1,0,1,0,73.0,78.0,,,1,1,6,1,3
202100027045,2021-07-24 20:45:00,2021,7,24,20,45,987,98736,CHARLES DE GAULLE (AV),-17.529445,-149.550693,Nuit avec éclairage allumé,En agglomération,Hors intersection,Normale,Sans collision,2,3,0,0,1,1,1,0,1,60,,1,0,0,1,0,54.0,,,,5,2,1,1,7
202100027046,2021-07-25 19:50:00,2021,7,25,19,50,974,97411,LANCASTEL (BOULEVARD),-20.88531,55.47273,Nuit avec éclairage allumé,En agglomération,Intersection en T,Normale,Deux véhicules - côté,2,1,3,0,1,1,1,0,1,50,,2,1,0,0,1,32.0,75.0,,,5,2,3,1,3
202100027047,2021-07-25 22:50:00,2021,7,25,22,50,974,97407,ROUTE NATIONALE N° 1,-20.9492,55.32071,Nuit sans éclairage public,Hors agglomération,Hors intersection,Normale,Deux véhicules - côté,2,1,2,0,1,1,1,0,1,110,,3,2,0,0,1,57.0,31.0,,,3,1,1,1,3
202100027048,2021-07-25 20:45:00,2021,7,25,20,45,69,69383,DAUPHINE (DU) (R),45.75149,4.86534,Nuit avec éclairage allumé,En agglomération,Hors intersection,Normale,Autre collision,4,1,2,3,1,1,1,0,1,50,,2,0,0,0,2,18.0,,,,5,2,1,1,6
202100027049,2021-07-25 17:45:00,2021,7,25,17,45,69,69386,VERGUIN                             (AV),45.7727,4.85684,Plein jour,Hors agglomération,Hors intersection,Normale,Trois véhicules et plus - en chaîne,4,2,3,0,1,1,1,0,1,50,,5,3,0,0,2,27.0,30.0,,,1,1,1,1,4
202100027050,2021-07-25 16:15:00,2021,7,25,16,15,69,69388,NUNGESSER ET COLI (R),45.741,4.879,Plein jour,En agglomération,Hors intersection,Normale,Autre collision,4,2,2,0,1,1,1,0,4,50,,2,0,0,0,2,82.0,,,,1,2,1,1,6
202100027051,2021-07-25 01:35:00,2021,7,25,1,35,69,69383,GARIBALDI (R),45.7621,4.8518,Nuit avec éclairage allumé,En agglomération,Intersection en X,Normale,Deux véhicules - côté,4,1,4,3,1,1,1,0,1,50,,4,3,0,0,1,27.0,20.0,,,5,2,2,1,3
202100027052,2021-07-25 06:50:00,2021,7,25,6,50,972,97213,ROUTE NATIONALE 1,14.61993,-60.99379,Plein jour,En agglomération,Hors intersection,Pluie légère,Sans collision,2,1,2,0,1,3,8,0,1,90,,1,0,0,0,1,31.0,,,,1,2,1,2,7
202100027053,2021-07-25 13:20:00,2021,7,25,13,20,95,95268,RD 125,48.966493304,2.4093099728,Plein jour,En agglomération,Intersection en X,Normale,Deux véhicules - arrière,3,3,4,0,1,1,1,0,1,50,,2,1,0,0,1,23.0,24.0,,,1,2,2,1,2
202100027054,2021-07-25 17:54:00,2021,7,25,17,54,95,95019,SCHUMAN ROBERT (RUE),48.9854394845,2.4256698042,Plein jour,En agglomération,Intersection en X,Pluie forte,Deux véhicules - arrière,3,2,2,0,1,1,2,0,1,50,,2,1,0,0,1,46.0,20.0,,,1,2,2,3,2
202100027055,2021-07-24 15:30:00,2021,7,24,15,30,88,88160,CARPENTIER (VOIE PIERRE-),48.179462,6.455929,Plein jour,En agglomération,Hors intersection,Pluie forte,Trois véhicules et plus - collisions multiples,4,2,2,0,2,3,2,0,1,30,,3,2,0,1,0,30.0,39.0,,,1,2,1,3,5
202100027056,2021-07-25 23:21:00,2021,7,25,23,21,83,83129,MER (AVENUE DE LA) N° PAIRS,43.100656,5.824159,Nuit avec éclairage allumé,En agglomération,Hors intersection,Normale,Autre collision,7,2,2,1,1,1,1,0,3,50,,1,0,0,1,0,29.0,,,,5,2,1,1,6
202100027057,2021-07-22 12:55:00,2021,7,22,12,55,83,83129,CAP NEGRE (ALLEE ET CHE),43.102753,5.811474,Plein jour,En agglomération,Hors intersection,Normale,Deux véhicules - côté,4,3,2,1,2,1,1,0,1,50,,2,1,0,0,1,54.0,41.0,,,1,2,1,1,3
202100027058,2021-07-25 16:45:00,2021,7,25,16,45,77,77373,ALL CHARLES BAUDELAIRE,48.80011,2.61393,Plein jour,En agglomération,Hors intersection,Normale,Autre collision,4,2,1,0,1,3,1,0,4,50,,3,2,1,0,0,40.0,,,,1,2,1,1,6
202100027059,2021-07-25 03:25:00,2021,7,25,3,25,77,77494,D 210,48.41871,2.85906,Nuit sans éclairage public,Hors agglomération,Hors intersection,Pluie légère,Sans collision,3,2,2,0,1,1,2,0,3,80,,2,0,1,0,1,38.0,,,,3,1,1,2,7
202100027060,2021-07-12 00:27:00,2021,7,12,0,27,73,73008,MARLIOZ AVENUE DE,45.684,5.91259,Nuit avec éclairage allumé,En agglomération,Hors intersection,Normale,Deux véhicules - côté,4,2,2,0,1,1,1,0,1,50,,2,1,0,0,1,29.0,18.0,,,5,2,1,1,3
202100027061,2021-07-25 11:42:00,2021,7,25,11,42,65,65331,BIGORRE (RUE DE),43.199504,0.060051,Plein jour,En agglomération,Intersection en T,Normale,Deux véhicules - frontale,4,2,2,1,1,2,1,0,1,30,,2,1,0,0,1,45.0,31.0,,,1,2,3,1,1
202100027062,2021-07-25 10:11:00,2021,7,25,10,11,65,65100,BORDEAUX (ROUTE DE) CD 935,43.267564,0.070755,Plein jour,En agglomération,Giratoire,Normale,Sans collision,3,1,1,0,1,2,8,0,1,50,,2,0,0,2,0,62.0,,,,1,2,6,1,7
202100027063,2021-07-25 03:40:00,2021,7,25,3,40,59,59585,GUESDE JULES RUE,50.573964768,3.053129102,Nuit avec éclairage allumé,En agglomération,Intersection en X,Pluie forte,Deux véhicules - côté,4,2,2,0,1,1,2,0,4,50,,2,1,0,0,1,22.0,19.0,,,5,2,2,3,3
202100027064,2021-07-25 12:50:00,2021,7,25,12,50,45,45068,Rue Ponte de Lima,48.0070764638,2.72165999,Plein jour,En agglomération,Autre intersection,Pluie forte,Deux véhicules - arrière,4,2,2,0,2,2,2,0,1,30,,2,1,0,0,1,43.0,18.0,,,1,2,9,3,2
202100027065,2021-07-26 00:10:00,2021,7,26,0,10,35,35278,MONTGERMONT (ROND POINT DE),48.1547540709,-1.7009228468,Nuit sans éclairage public,Hors agglomération,Giratoire,Normale,Autre collision,7,4,4,0,2,2,1,9,1,80,,1,0,0,0,1,31.0,,,,3,1,6,1,6
202100027066,2021-07-25 19:30:00,2021,7,25,19,30,33,33529,PYLA (BD DU),44.63409,-1.15801,Plein jour,En agglomération,Hors intersection,Normale,Autre collision,3,2,2,0,1,1,1,0,1,50,,1,0,0,0,1,10.0,,,,1,2,1,1,6
202100027067,2021-07-25 07:10:00,2021,7,25,7,10,33,33529,DE GAULLE (AVE CHARLES) 87 ET +,44.63718,-1.128802,Plein jour,Hors agglomération,Hors intersection,Normale,Autre collision,3,2,2,0,1,1,1,0,1,50,,1,0,0,0,1,22.0,,,,1,1,1,1,6
202100027068,2021-07-25 09:00:00,2021,7,25,9,0,33,33529,Rue Jean de Grailly,44.62659,-1.14141,Plein jour,En agglomération,Giratoire,Normale,Deux véhicules - côté,4,1,1,2,1,3,1,0,1,50,,2,1,0,0,1,48.0,18.0,,,1,2,6,1,3
202100027069,2021-07-24 19:10:00,2021,7,24,19,10,29,29232,Rue de l’Hippodrome,47.99618,-4.09569,Plein jour,En agglomération,Hors intersection,Normale,Deux véhicules - arrière,4,2,2,0,1,1,2,0,1,50,,2,1,0,0,1,17.0,56.0,,,1,2,1,1,2
202100027070,2021-07-24 19:50:00,2021,7,24,19,50,29,29232,Boulevard d'Ergue Armel,47.988372,-4.074614,Plein jour,Hors agglomération,Hors intersection,Normale,Autre collision,3,3,3,0,2,3,2,0,1,70,,1,0,0,0,1,22.0,,,,1,1,1,1,6
202100027071,2021-07-25 10:50:00,2021,7,25,10,50,27,27375,BERTINOT (RUE GUSTAVE),49.210270205,1.17038089,Plein jour,En agglomération,Autre intersection,Normale,Autre collision,4,1,1,0,2,1,1,0,6,30,,2,1,0,0,1,75.0,,,,1,2,9,1,6
202100027072,2021-07-02 07:40:00,2021,7,2,7,40,22,22106,RENNES (RUE DE),48.4944269511,-2.7142010092,Plein jour,En agglomération,Intersection en T,Autre,Deux véhicules - côté,3,2,2,0,1,1,1,0,1,50,,2,1,0,1,0,22.0,41.0,,,1,2,3,9,3
202100027073,2021-07-07 16:00:00,2021,7,7,16,0,22,22360,CROIX GIBAT (RUE DE LA),48.4744427068,-2.720807075,Plein jour,Hors agglomération,Giratoire,Pluie forte,Sans collision,3,4,2,0,1,2,4,5,1,50,,1,0,0,0,1,22.0,,,,1,1,6,3,7
202100027074,2021-07-13 18:20:00,2021,7,13,18,20,22,22187,ALLEUX (RUE DES ),48.5530432688,-2.7799101945,Plein jour,En agglomération,Hors intersection,Normale,Deux véhicules - arrière,4,2,0,0,1,2,1,0,1,50,,2,1,0,1,0,61.0,57.0,,,1,2,1,1,2
202100027075,2021-07-23 15:09:00,2021,7,23,15,9,18,18033,JURANVILLE (BOULEVARD DE),47.08337,2.38885,Plein jour,En agglomération,Intersection en Y,Normale,Deux véhicules - côté,4,2,2,0,1,1,1,9,1,50,,2,1,0,0,1,52.0,50.0,,,1,2,4,1,3
202100027076,2021-07-25 20:50:00,2021,7,25,20,50,13,13204,FRANÇOISE DUPARC (BOULEVARD),43.30802,5.40216,Crépuscule ou aube,En agglomération,Hors intersection,Normale,Autre collision,4,3,4,0,1,1,1,0,1,50,,2,1,0,0,1,43.0,,,,2,2,1,1,6
202100027077,2021-07-20 11:00:00,2021,7,20,11,0,13,13211,SAINT MARCEL (BOULEVARD DE ),43.28752,5.46495,Plein jour,En agglomération,Autre intersection,Normale,Deux véhicules - côté,7,2,2,0,1,1,1,0,8,30,,2,1,0,0,1,36.0,38.0,,,1,2,9,1,3
202100027078,2021-07-25 15:50:00,2021,7,25,15,50,13,13209,GOUFFONNE (TRAVERSE DE LA),43.24881,5.40913,Plein jour,En agglomération,Hors intersection,Normale,Deux véhicules - arrière,4,2,2,0,1,1,1,0,1,30,,4,2,0,0,2,41.0,37.0,,,1,2,1,1,2
202100027079,2021-07-25 08:15:00,2021,7,25,8,15,13,13005,DIX NEUF MARS 1962 (AVENUE DU),43.28853,5.57066,Plein jour,En agglomération,Autre intersection,Normale,Deux véhicules - côté,7,2,2,0,1,1,1,0,1,30,,2,1,0,0,1,44.0,22.0,,,1,2,9,1,3
202100027080,2021-07-24 11:45:00,2021,7,24,11,45,13,13005,CIOTAT (ROUTE DE LA RN559),43.27137,5.58925,Plein jour,Hors agglomération,Hors intersection,Normale,Deux véhicules - frontale,7,2,2,1,2,3,1,0,1,80,,2,0,0,1,1,49.0,35.0,,,1,1,1,1,1
202100027081,2021-07-24 15:45:00,2021,7,24,15,45,75,75117,PORTE DE CHAMPERRET,48.887035,2.29029,Plein jour,En agglomération,Hors intersection,Normale,Trois véhicules et plus - en chaîne,4,1,4,0,1,1,1,1,1,70,,4,2,0,0,2,36.0,28.0,,,1,2,1,1,4
202100027082,2021-07-24 14:18:00,2021,7,24,14,18,75,75114,PORTE D ORLEANS,48.819808,2.327024,Plein jour,En agglomération,Hors intersection,Normale,Deux véhicules - arrière,4,1,3,0,1,1,1,0,1,70,,2,1,0,0,1,46.0,38.0,,,1,2,1,1,2
202100027083,2021-07-24 09:30:00,2021,7,24,9,30,75,75116,ECHANGEUR MUETTE,48.8635,2.265922,Plein jour,En agglomération,Hors intersection,Normale,Deux véhicules - côté,4,1,4,0,1,1,1,1,1,70,,2,1,0,0,1,35.0,33.0,,,1,2,1,1,3
202100027084,2021-07-23 18:15:00,2021,7,23,18,15,75,75116,ECHANGEUR MUETTE,48.862014,2.264393,Plein jour,En agglomération,Hors intersection,Normale,Deux véhicules - arrière,4,1,4,0,1,1,1,0,1,70,,2,1,0,0,1,22.0,58.0,,,1,2,1,1,2
202100027085,2021-07-25 19:25:00,2021,7,25,19,25,75,75119,BOULEVARD DE LA VILLETTE,48.884475,2.364808,Plein jour,En agglomération,Intersection en X,Normale,Deux véhicules - côté,4,1,3,0,1,1,1,5,1,30,,2,1,0,0,1,57.0,60.0,,,1,2,2,1,3
202100027086,2021-07-25 13:00:00,2021,7,25,13,0,75,75119,AVENUE DE LA PORTE DE LA VILLETTE,48.899626,2.387693,Plein jour,En agglomération,Place,Pluie légère,Deux véhicules - côté,4,3,6,0,1,1,2,0,1,50,,2,1,0,0,1,29.0,25.0,,,1,2,7,2,3
202100027087,2021-07-25 11:10:00,2021,7,25,11,10,75,75119,RUE DE LORRAINE,48.883834,2.384606,Plein jour,En agglomération,Intersection en Y,Pluie légère,Autre collision,4,1,1,0,2,2,2,0,1,50,,2,1,0,0,1,58.0,,,,1,2,4,2,6
202100027088,2021-07-24 14:00:00,2021,7,24,14,0,75,75116,RUE SAINT DIDIER,48.866859,2.284289,Plein jour,En agglomération,Intersection en T,Normale,Deux véhicules - côté,4,1,1,0,1,1,1,0,1,50,,2,1,0,0,1,44.0,61.0,,,1,2,3,1,3
202100027089,2021-07-25 00:40:00,2021,7,25,0,40,75,75115,QUAI ANDRE CITROEN,48.842861,2.274209,Nuit avec éclairage allumé,En agglomération,Hors intersection,Normale,Trois véhicules et plus - en chaîne,4,1,2,0,1,1,1,0,1,50,,3,1,0,0,2,30.0,49.0,,,5,2,1,1,4
202100027090,2021-07-25 14:00:00,2021,7,25,14,0,75,75111,RUE FROMENT,48.857194,2.372811,Plein jour,En agglomération,Intersection en X,Pluie légère,Sans collision,4,1,2,2,1,1,2,0,5,30,,2,1,0,0,1,28.0,21.0,,,1,2,2,2,7
202100027091,2021-07-22 12:43:00,2021,7,22,12,43,75,75108,PLACE DE LA CONCORDE,48.866796,2.322082,Plein jour,En agglomération,Place,Normale,Deux véhicules - côté,4,2,6,0,1,1,1,0,1,50,,2,1,0,0,1,25.0,43.0,,,1,2,7,1,3