accident_id,datetime,annee,mois,jour,heure,minute,departement,commune_insee,adresse,latitude,longitude,luminosite,agglomeration,intersection,meteo,collision,catr,circ,nbv,vosp,prof,plan,surf,infra,situ,vma,nb_vehicules,nb_usagers,nb_indemnes,nb_tues,nb_blesses_hosp,nb_blesses_legers,age_cond_1,age_cond_2,veh_type_cond_1,veh_type_cond_2,lum_code,agg_code,int_code,atm_code,col_code
202100027092,2021-07-25 05:16:00,2021,7,25,5,16,75,75108,AVENUE DES CHAMPS ELYSEES,48.873128,2.297064,Nuit avec éclairage allumé,En agglomération,Intersection en Y,Pluie forte,Trois véhicules et plus - en chaîne,4,2,8,0,1,1,2,0,1,50,,6,4,0,0,2,19.0,23.0,,,5,2,4,3,4
202100027093,2021-07-25 11:05:00,2021,7,25,11,5,93,93071,Avenue John Fitzgerald Kennedy,48.93847,2.51325,Plein jour,En agglomération,Hors intersection,Pluie légère,Deux véhicules - arrière,3,2,3,0,1,1,2,0,1,50,,3,1,0,0,2,,66.0,,,1,2,1,2,2
202100027094,2021-07-25 16:00:00,2021,7,25,16,0,93,93066,Rue Ambroise Croizat,48.932296,2.348941,Plein jour,En agglomération,Hors intersection,Pluie légère,Deux véhicules - côté,3,2,2,0,1,1,1,0,1,50,,3,1,0,0,2,25.0,19.0,,,1,2,1,2,3
202100027095,2021-07-25 20:00:00,2021,7,25,20,0,93,93046,Rue du Docteur Roux,48.933476,2.55112,Plein jour,En agglomération,Hors intersection,Normale,Deux véhicules - côté,3,2,2,0,1,1,1,0,1,50,,2,1,0,1,0,29.0,54.0,,,1,2,1,1,3
202100027096,2021-07-25 18:00:00,2021,7,25,18,0,92,92044,VIC. HUGO(RUE)077A089 ET 090A110,48.8967717502,2.2957320258,Plein jour,En agglomération,Intersection en T,Normale,Deux véhicules - arrière,3,1,3,0,1,1,1,0,1,50,,5,3,0,0,2,51.0,39.0,,,1,2,3,1,2
202100027097,2021-07-26 09:35:00,2021,7,26,9,35,11,11254,"Autoroute 61, PK 308",43.224489,2.162468,Plein jour,Hors agglomération,Hors intersection,Normale,Deux véhicules - arrière,1,3,4,0,1,1,1,0,2,130,,3,2,0,0,1,27.0,34.0,,,1,1,1,1,2
202100027098,2021-07-25 08:30:00,2021,7,25,8,30,45,45259,Le Moulin Borde,47.967464,2.429996,Crépuscule ou aube,Hors agglomération,Hors intersection,Normale,Autre collision,3,2,2,0,2,2,1,0,3,80,,1,0,0,1,0,21.0,,,,2,1,1,1,6
202100027099,2021-07-25 15:20:00,2021,7,25,15,20,31,31547,D23,43.488268,1.275455,Plein jour,Hors agglomération,Intersection en X,Normale,Trois véhicules et plus - collisions multiples,3,2,2,0,1,1,1,0,1,80,,9,1,0,3,5,43.0,33.0,,,1,1,2,1,5
202100027100,2021-07-24 19:00:00,2021,7,24,19,0,972,97214,N1,14.831642,-61.045521,Nuit avec éclairage allumé,En agglomération,Hors intersection,Normale,Autre collision,2,2,1,0,2,1,1,0,1,50,,2,1,0,1,0,62.0,,,,5,2,1,1,6
202100027101,2021-07-26 07:30:00,2021,7,26,7,30,26,26339,Autoroute du soleil,44.595235,4.797689,Plein jour,Hors agglomération,Hors intersection,Normale,Deux véhicules - arrière,1,3,3,0,1,1,1,0,1,130,,5,4,0,1,0,33.0,51.0,,,1,1,1,1,2
202100027102,2021-07-25 15:45:00,2021,7,25,15,45,42,42085,Route du Stade,45.433014,4.588385,Plein jour,Hors agglomération,Hors intersection,Normale,Deux véhicules - frontale,4,2,2,0,2,3,1,0,1,50,,2,1,0,0,1,66.0,21.0,,,1,1,1,1,1
202100027103,2021-07-25 20:40:00,2021,7,25,20,40,60,60176,Boulevard Victor Hugo,49.231725,2.890294,Plein jour,En agglomération,Hors intersection,Normale,Sans collision,3,2,2,0,1,1,2,0,1,50,,1,0,0,0,1,18.0,,,,1,2,1,1,7
202100027104,2021-07-26 16:30:00,2021,7,26,16,30,50,50137,A84 sens RENNES vers CAEN PR 194+400,48.865075,-1.187704,Plein jour,Hors agglomération,Hors intersection,Normale,Deux véhicules - arrière,1,3,5,3,1,1,1,0,1,130,,2,1,0,1,0,51.0,53.0,,,1,1,1,1,2
202100027105,2021-07-26 09:21:00,2021,7,26,9,21,77,77162,Croisement C17/D37,48.85971,3.155458,Plein jour,Hors agglomération,Autre intersection,Pluie légère,Deux véhicules - côté,3,2,2,0,1,1,2,5,3,80,,2,0,0,2,0,46.0,70.0,,,1,1,9,2,3
202100027106,2021-07-23 15:20:00,2021,7,23,15,20,66,66141,D900,42.7537665678,2.8956672549,Plein jour,Hors agglomération,Hors intersection,Normale,Autre collision,3,3,4,0,3,1,1,2,1,110,,3,0,0,2,1,49.0,,,,1,1,1,1,6
202100027107,2021-07-25 16:55:00,2021,7,25,16,55,27,27001,A28,49.162287,0.696945,Plein jour,Hors agglomération,Hors intersection,Pluie légère,Sans collision,1,3,2,0,1,2,2,0,3,130,,3,0,0,2,1,29.0,,,,1,1,1,2,7
202100027108,2021-07-26 14:35:00,2021,7,26,14,35,51,51631,A4,49.206194,4.012048,Plein jour,Hors agglomération,Hors intersection,Pluie légère,Autre collision,1,1,2,3,1,1,2,1,2,130,,4,3,0,1,0,27.0,,,,1,1,1,2,6
202100027109,2021-07-26 09:25:00,2021,7,26,9,25,51,51617,D21/A4,49.0444286696,4.3248839656,Plein jour,Hors agglomération,Intersection en T,Normale,Deux véhicules - côté,1,2,4,0,1,1,1,3,1,-1,,4,1,1,0,2,30.0,20.0,,,1,1,3,1,3
202100027110,2021-07-25 19:30:00,2021,7,25,19,30,74,74104,3728 Rte d Annecy,45.810106,6.210639,Plein jour,En agglomération,Hors intersection,Normale,Autre collision,3,2,2,0,1,1,1,0,3,-1,,3,2,0,0,1,47.0,,,,1,2,1,1,6
202100027111,2021-07-24 23:00:00,2021,7,24,23,0,41,41044,autoroute A.85,47.295014,1.917881,Nuit sans éclairage public,Hors agglomération,Hors intersection,Normale,Deux véhicules - arrière,1,1,2,0,1,1,1,0,8,130,,3,2,0,1,0,21.0,38.0,,,3,1,1,1,2
202100027112,2021-07-24 04:30:00,2021,7,24,4,30,63,63148,7 Route des Rollet,45.88841,3.185386,Nuit sans éclairage public,En agglomération,Hors intersection,Temps couvert,Deux véhicules - frontale,3,2,2,0,1,1,2,0,1,80,,2,1,0,0,1,18.0,24.0,,,3,2,1,8,1
202100027113,2021-07-10 11:20:00,2021,7,10,11,20,41,41084,17 Rue Nationale,47.385793,1.957445,Plein jour,En agglomération,Place,Normale,Autre collision,3,2,2,0,1,1,1,0,1,50,,2,1,0,0,1,80.0,,,,1,2,7,1,6
202100027114,2021-07-21 19:00:00,2021,7,21,19,0,39,39526,1 Rue Nationale,47.038544,5.412848,Plein jour,En agglomération,Intersection en T,Temps éblouissant,Deux véhicules - côté,3,2,2,0,1,1,1,0,1,50,,2,1,0,1,0,52.0,59.0,,,1,2,3,7,3
202100027115,2021-07-25 18:39:00,2021,7,25,18,39,25,25147,Grande Rue,47.223168,5.892518,Plein jour,En agglomération,Intersection en X,Normale,Deux véhicules - côté,3,2,2,0,2,1,1,0,1,50,,4,2,0,2,0,14.0,21.0,,,1,2,2,1,3
202100027116,2021-07-24 17:15:00,2021,7,24,17,15,44,44111,Les Ardillières,47.36777,-1.729885,Plein jour,Hors agglomération,Intersection à plus de 4 branches,Pluie légère,Sans collision,3,2,2,0,1,1,2,0,1,80,,1,0,0,1,0,55.0,,,,1,1,5,2,7
202100027117,2021-07-25 17:05:00,2021,7,25,17,5,29,29023,Lieu-dit Kermen Bras,48.649009,-3.922784,Plein jour,Hors agglomération,Intersection en T,Normale,Deux véhicules - frontale,4,2,2,0,1,3,1,5,1,80,,5,1,0,0,4,48.0,13.0,,,1,1,3,1,1
202100027118,2021-07-17 17:20:00,2021,7,17,17,20,29,29267,D72 - Lieu Dit Kergoloen,48.160393,-3.877863,Plein jour,Hors agglomération,Hors intersection,Normale,Deux véhicules - frontale,3,2,2,0,1,1,1,0,1,70,,2,1,0,0,1,53.0,73.0,,,1,1,1,1,1
202100027119,2021-07-25 11:50:00,2021,7,25,11,50,38,38310,Route de Tullins,45.270524,5.479807,Plein jour,Hors agglomération,Hors intersection,Normale,Sans collision,3,2,2,0,1,3,1,0,3,70,,1,0,0,1,0,65.0,,,,1,1,1,1,7
202100027120,2021-07-20 14:00:00,2021,7,20,14,0,38,38345,RD 35,45.179095,5.496383,Nuit sans éclairage public,Hors agglomération,Hors intersection,Pluie légère,Sans collision,3,2,2,0,2,1,2,1,1,30,,1,0,0,1,0,80.0,,,,3,1,1,2,7
202100027121,2021-07-25 17:30:00,2021,7,25,17,30,02,02445,CHEMIN DES CARRIÈRES,49.920269,3.96511,Plein jour,Hors agglomération,Hors intersection,Normale,Sans collision,4,-1,2,0,3,1,1,0,1,-1,,2,0,0,1,1,18.0,,,,1,1,1,1,7
202100027122,2021-07-26 09:30:00,2021,7,26,9,30,03,03085,lieu dit carimantrants,46.570058,3.242447,Plein jour,Hors agglomération,Intersection en X,Normale,Trois véhicules et plus - collisions multiples,3,2,2,0,1,1,1,0,1,90,,3,0,0,1,2,42.0,41.0,,,1,1,2,1,5
202100027123,2021-07-24 17:00:00,2021,7,24,17,0,58,58134,Rue Paul Vaillant Couturier,46.922848,3.268419,Plein jour,En agglomération,Hors intersection,Normale,Deux véhicules - côté,3,2,2,0,1,1,1,0,1,50,,6,5,0,1,0,38.0,64.0,,,1,2,1,1,3
202100027124,2021-07-26 10:15:00,2021,7,26,10,15,54,54130,D133,48.468451,6.408345,Plein jour,Hors agglomération,Intersection en T,Normale,Deux véhicules - côté,3,2,2,0,2,1,1,0,1,80,,2,1,0,1,0,76.0,89.0,,,1,1,3,1,3
202100027125,2021-05-30 14:50:00,2021,5,30,14,50,72,72204,Résidence des Pervenches,47.939071,0.702753,Plein jour,En agglomération,Intersection en Y,Normale,Deux véhicules - frontale,3,2,2,0,2,1,1,0,1,50,,3,1,0,0,2,22.0,15.0,,,1,2,4,1,1
202100027126,2021-06-16 09:30:00,2021,6,16,9,30,06,06079,Avenue Jean Mermoz,43.561774,6.950457,Plein jour,Hors agglomération,Hors intersection,Normale,Trois véhicules et plus - en chaîne,3,3,2,0,1,1,1,0,1,80,,13,0,0,0,13,41.0,67.0,,,1,1,1,1,4
202100027127,2021-06-27 17:10:00,2021,6,27,17,10,14,14527,D101,49.094047,-0.037723,Plein jour,Hors agglomération,Hors intersection,Normale,Autre collision,3,2,2,0,1,1,1,0,1,80,,4,3,0,0,1,40.0,,,,1,1,1,1,6
202100027128,2021-07-25 21:05:00,2021,7,25,21,5,05,05164,RN 94,44.535583,6.384645,Nuit sans éclairage public,Hors agglomération,Hors intersection,Normale,Deux véhicules - côté,2,2,2,0,1,1,1,0,1,80,,4,0,0,1,3,56.0,66.0,,,3,1,1,1,3
202100027129,2021-07-26 17:40:00,2021,7,26,17,40,05,05040,les bernards,44.53517,6.300766,Plein jour,Hors agglomération,Hors intersection,Normale,Deux véhicules - frontale,2,2,2,0,1,1,1,0,1,80,,3,0,0,1,2,67.0,45.0,,,1,1,1,1,1
202100027130,2021-07-25 19:30:00,2021,7,25,19,30,05,05127,cd103 le clauset,44.478174,6.251071,Plein jour,Hors agglomération,Intersection en Y,Normale,Sans collision,3,2,2,0,1,1,1,0,1,50,,1,0,0,1,0,21.0,,,,1,1,4,1,7
202100027131,2021-07-26 13:45:00,2021,7,26,13,45,90,90045,D463,47.509085,6.961555,Plein jour,Hors agglomération,Hors intersection,Normale,Autre collision,3,2,2,0,2,3,1,0,3,70,,1,0,1,0,0,34.0,,,,1,1,1,1,6
202100027132,2021-07-23 18:15:00,2021,7,23,18,15,90,90033,11 Rue du Jura,47.51511,7.005538,Plein jour,En agglomération,Hors intersection,Temps éblouissant,Deux véhicules - frontale,4,2,2,0,1,1,1,0,1,30,,2,1,0,1,0,19.0,,,,1,2,1,7,1
202100027133,2021-07-26 12:10:00,2021,7,26,12,10,60,60658,N2,49.238849,3.008717,Plein jour,Hors agglomération,Hors intersection,Pluie légère,Autre collision,2,3,4,0,2,1,2,0,3,-1,,1,0,0,0,1,61.0,,,,1,1,1,2,6
202100027134,2021-07-26 16:28:00,2021,7,26,16,28,60,60199,D930,49.612782,2.170894,Plein jour,Hors agglomération,Intersection en X,Temps couvert,Deux véhicules - côté,3,2,2,0,1,1,2,5,1,80,,2,1,1,0,0,33.0,25.0,,,1,1,2,8,3
202100027135,2021-07-15 14:45:00,2021,7,15,14,45,64,64279,route de larzamendi,43.307575,-1.408353,Plein jour,Hors agglomération,Hors intersection,Normale,Sans collision,4,-1,1,0,4,3,1,0,3,50,,4,0,0,4,0,28.0,,,,1,1,1,1,7
202100027136,2021-07-25 22:35:00,2021,7,25,22,35,64,64504,Col St Ignace,43.322212,-1.599498,Nuit sans éclairage public,Hors agglomération,Hors intersection,Normale,Sans collision,3,2,2,0,2,3,1,0,8,80,,2,0,0,2,0,35.0,,,,3,1,1,1,7
202100027137,2021-07-24 09:15:00,2021,7,24,9,15,73,73298,D990 Route Porte de Tarentaise,45.661076,6.433235,Plein jour,En agglomération,Hors intersection,Normale,Deux véhicules - côté,3,2,2,0,1,1,1,0,1,50,,2,1,0,1,0,39.0,71.0,,,1,2,1,1,3
202100027138,2021-07-25 20:15:00,2021,7,25,20,15,36,36046,Rue de l Indre,46.582197,1.990644,Plein jour,En agglomération,Intersection en Y,Normale,Autre collision,4,1,1,0,2,1,1,0,1,50,,2,1,0,1,0,27.0,,,,1,2,4,1,6
202100027139,2021-07-25 10:50:00,2021,7,25,10,50,85,85234,301 Rue des Sables,46.775263,-2.009602,Plein jour,Hors agglomération,Hors intersection,Normale,Deux véhicules - arrière,3,2,2,0,1,1,1,0,1,70,,7,5,0,1,1,50.0,57.0,,,1,1,1,1,2
202100027140,2021-07-26 19:45:00,2021,7,26,19,45,27,27428,Rue de Honfleur,49.152229,0.91304,Plein jour,En agglomération,Hors intersection,Normale,Deux véhicules - frontale,4,2,2,0,1,2,1,0,1,50,,4,3,0,0,1,19.0,16.0,,,1,2,1,1,1
202100027141,2021-07-25 19:30:00,2021,7,25,19,30,28,28267,départemtale 16.1,48.760305,1.395049,Crépuscule ou aube,Hors agglomération,Hors intersection,Pluie légère,Sans collision,3,2,2,0,3,3,2,0,1,80,,1,0,1,0,0,34.0,,,,2,1,1,2,7
202100027142,2021-07-26 09:30:00,2021,7,26,9,30,88,88445,Rue Raymond Panin,48.237876,6.9522,Plein jour,En agglomération,Hors intersection,Normale,Autre collision,3,2,2,0,1,1,1,0,1,50,,2,1,0,1,0,39.0,,,,1,2,1,1,6
202100027143,2021-07-26 11:45:00,2021,7,26,11,45,40,40075,A63,43.921019,-1.113138,Plein jour,Hors agglomération,Hors intersection,Normale,Sans collision,1,1,3,0,1,1,1,0,1,130,,2,1,0,1,0,53.0,,,,1,1,1,1,7
202100027144,2021-07-25 23:35:00,2021,7,25,23,35,18,18279,A71,47.245438,2.067345,Nuit sans éclairage public,Hors agglomération,Intersection en Y,Normale,Autre collision,1,3,4,0,2,1,2,3,1,130,,1,0,0,0,1,45.0,,,,3,1,4,1,6
202100027145,2021-07-25 17:45:00,2021,7,25,17,45,91,91159,D74,48.529029,2.448787,Plein jour,Hors agglomération,Hors intersection,Normale,Deux véhicules - arrière,3,2,2,0,1,1,1,0,1,80,,2,1,0,1,0,34.0,36.0,,,1,1,1,1,2
202100027146,2021-07-24 19:55:00,2021,7,24,19,55,987,98724,"RT111, District Fitii",-16.727384,-151.01125,Nuit sans éclairage public,Hors agglomération,Hors intersection,Normale,Autre collision,2,2,2,0,1,1,1,0,1,60,,2,1,1,0,0,24.0,,,,3,1,1,1,6
202100027147,2021-07-25 06:20:00,2021,7,25,6,20,987,98722,RT2 - PK 32 avant le pont - MAHAENA,-17.564215,-149.326944,Crépuscule ou aube,Hors agglomération,Hors intersection,Normale,Deux véhicules - frontale,2,2,2,0,1,3,1,2,1,50,,3,1,0,1,1,39.0,21.0,,,2,1,1,1,1
202100027148,2021-07-23 19:30:00,2021,7,23,19,30,971,97128,rue daniel maragnes,16.262462,-61.387411,Nuit avec éclairage allumé,En agglomération,Hors intersection,Pluie légère,Autre collision,9,2,2,0,1,1,2,0,1,50,,2,1,0,1,0,37.0,,,,5,2,1,2,6
202100027149,2021-07-23 11:30:00,2021,7,23,11,30,971,97111,"Nationale 2, section ferry",16.281549,-61.803482,Plein jour,En agglomération,Hors intersection,Normale,Autre collision,2,2,2,0,2,2,1,0,3,70,,1,0,0,0,1,45.0,,,,1,2,1,1,6
202100027150,2021-07-18 17:52:00,2021,7,18,17,52,971,97106,Route Nationale 2,16.142686,-61.769085,Crépuscule ou aube,Hors agglomération,Hors intersection,Normale,Sans collision,2,2,2,0,3,2,1,0,1,-1,,2,0,0,1,1,58.0,,,,2,1,1,1,7
202100027151,2021-07-24 12:35:00,2021,7,24,12,35,28,28180,D115,48.907777,1.519364,Plein jour,Hors agglomération,Hors intersection,Normale,Sans collision,3,2,2,0,1,1,1,0,1,80,,1,0,0,0,1,18.0,,,,1,1,1,1,7
202100027152,2021-07-25 14:00:00,2021,7,25,14,0,45,45042,D952 - PR29+700,47.79844,2.431621,Plein jour,Hors agglomération,Hors intersection,Temps couvert,Deux véhicules - frontale,3,2,2,0,1,1,2,0,1,90,,7,0,1,5,1,36.0,71.0,,,1,1,1,8,1
202100027153,2021-07-23 17:00:00,2021,7,23,17,0,2B,2B199,RT 30,42.652458,9.033594,Plein jour,Hors agglomération,Hors intersection,Normale,Sans collision,2,2,2,0,2,1,1,0,3,80,,4,3,0,0,1,79.0,,,,1,1,1,1,7
202100027154,2021-07-26 07:55:00,2021,7,26,7,55,66,66176,D83,42.777224,2.95726,Plein jour,Hors agglomération,Hors intersection,Normale,Autre collision,3,3,4,0,1,1,1,0,3,110,,1,0,1,0,0,20.0,,,,1,1,1,1,6
202100027155,2021-07-26 04:15:00,2021,7,26,4,15,66,66017,départemantale 83,42.820903,3.031111,Nuit sans éclairage public,Hors agglomération,Hors intersection,Normale,Autre collision,3,3,4,0,1,1,1,0,1,110,,3,2,0,1,0,29.0,,,,3,1,1,1,6
202100027156,2021-07-24 11:45:00,2021,7,24,11,45,66,66212,D81,42.752051,3.02145,Plein jour,Hors agglomération,Hors intersection,Normale,Deux véhicules - arrière,3,2,2,0,1,1,1,0,1,80,,2,1,0,1,0,34.0,50.0,,,1,1,1,1,2
202100027157,2021-07-26 13:30:00,2021,7,26,13,30,69,69053,MOULIN A VENT (DU) (RTE),46.2050429484,4.7244991915,Plein jour,Hors agglomération,Intersection en T,Normale,Deux véhicules - côté,3,2,2,0,1,1,1,0,1,50,,4,2,0,1,1,16.0,58.0,,,1,1,3,1,3
202100027158,2021-07-25 21:45:00,2021,7,25,21,45,26,26084,Route du Péage,45.028448,4.987831,Crépuscule ou aube,Hors agglomération,Hors intersection,Normale,Autre collision,3,2,2,0,1,2,1,0,3,80,,2,0,0,0,2,20.0,,,,2,1,1,1,6
202100027159,2021-07-25 01:35:00,2021,7,25,1,35,09,09185,Avenue de Pamiers,43.241219,1.664697,Nuit sans éclairage public,Hors agglomération,Hors intersection,Normale,Autre collision,3,2,2,0,1,1,1,0,3,80,,1,0,0,1,0,50.0,,,,3,1,1,1,6
202100027160,2021-07-26 14:15:00,2021,7,26,14,15,33,33051,,44.636895,-0.958459,Plein jour,En agglomération,Giratoire,Normale,Autre collision,3,2,2,0,1,1,1,0,1,50,,2,1,0,1,0,38.0,,,,1,2,6,1,6
202100027161,2021-07-26 15:25:00,2021,7,26,15,25,22,22173,La mare Boudard,48.545276,-2.581494,Plein jour,Hors agglomération,Intersection en X,Normale,Deux véhicules - côté,3,2,2,0,1,4,1,0,1,80,,2,0,0,0,2,44.0,25.0,,,1,1,2,1,3
202100027162,2021-07-26 18:20:00,2021,7,26,18,20,27,27191,Rue de la Garenne,49.11087,1.226553,Plein jour,Hors agglomération,Hors intersection,Normale,Autre collision,4,2,2,0,1,1,1,0,1,70,,1,0,0,1,0,52.0,,,,1,1,1,1,6
202100027163,2021-07-26 17:20:00,2021,7,26,17,20,60,60116,,49.3114813681,2.3368226875,Plein jour,Hors agglomération,Hors intersection,Pluie légère,Trois véhicules et plus - en chaîne,3,2,2,0,1,1,2,0,1,70,,8,3,0,0,5,49.0,26.0,,,1,1,1,2,4
202100027164,2021-07-24 20:00:00,2021,7,24,20,0,59,59391,D943,50.303568,3.285964,Plein jour,Hors agglomération,Hors intersection,Normale,Deux véhicules - arrière,3,2,2,0,1,1,1,0,1,80,,2,1,0,1,0,75.0,29.0,,,1,1,1,1,2
202100027165,2021-07-25 07:15:00,2021,7,25,7,15,59,59087,Route de Cassel,50.6803150356,2.4600349367,Plein jour,Hors agglomération,Hors intersection,Pluie légère,Deux véhicules - frontale,3,2,2,0,3,3,2,0,1,-1,,3,2,0,1,0,44.0,24.0,,,1,1,1,2,1
202100027166,2021-07-25 19:55:00,2021,7,25,19,55,13,13026,A55-Sens Marseille vers Martigues,43.40217,5.10642,Plein jour,Hors agglomération,Hors intersection,Normale,Deux véhicules - frontale,1,1,3,0,1,1,1,0,1,110,,4,2,0,0,2,20.0,,,,1,1,1,1,1
202100027167,2021-07-25 14:00:00,2021,7,25,14,0,13,13215,A7-Sens Lyon vers Marseille,43.37866,5.35706,Plein jour,Hors agglomération,Hors intersection,Normale,Deux véhicules - côté,1,3,2,0,1,2,1,0,1,50,,4,2,0,0,2,62.0,32.0,,,1,1,1,1,3
202100027168,2021-07-25 12:00:00,2021,7,25,12,0,13,13215,A7-Sens Marseille vers Lyon,43.3458187582,5.3736421119,Plein jour,Hors agglomération,Hors intersection,Normale,Trois véhicules et plus - en chaîne,1,1,3,0,1,1,1,0,1,90,,6,5,0,0,1,37.0,25.0,,,1,1,1,1,4
202100027169,2021-07-24 22:45:00,2021,7,24,22,45,13,13005,A50-Sens Marseille vers Aubagne,43.2863114586,5.5348191464,Nuit sans éclairage public,Hors agglomération,Hors intersection,Normale,Deux véhicules - arrière,1,3,3,0,1,1,1,0,1,90,,7,3,0,0,4,21.0,26.0,,,3,1,1,1,2
202100027170,2021-07-25 16:45:00,2021,7,25,16,45,94,94034,AUTOROUTE A6B,48.75959,2.33811,Plein jour,Hors agglomération,Hors intersection,Temps couvert,Autre collision,1,2,3,0,2,3,2,0,1,50,,2,0,0,0,2,32.0,,,,1,1,1,8,6
202100027171,2021-07-25 15:45:00,2021,7,25,15,45,91,91161,AUTOROUTE A6,48.70426,2.306522,Plein jour,Hors agglomération,Hors intersection,Normale,Deux véhicules - frontale,1,1,3,0,1,1,2,0,1,110,,3,2,0,0,1,48.0,39.0,,,1,1,1,1,1
202100027172,2021-07-25 15:15:00,2021,7,25,15,15,91,91689,AUTOROUTE A6,48.729,2.314,Plein jour,Hors agglomération,Hors intersection,Pluie légère,Deux véhicules - arrière,1,1,3,0,1,1,2,0,1,110,,4,2,0,0,2,20.0,25.0,,,1,1,1,2,2
202100027173,2021-07-25 11:00:00,2021,7,25,11,0,91,91589,AUTOROUTE A6,48.67709,2.33893,Plein jour,Hors agglomération,Hors intersection,Pluie forte,Autre collision,1,1,3,0,2,2,2,0,1,110,,4,0,0,0,4,38.0,,,,1,1,1,3,6
202100027174,2021-07-25 09:40:00,2021,7,25,9,40,91,91161,AUTOROUTE A6,48.69951,2.31177,Plein jour,Hors agglomération,Hors intersection,Temps couvert,Deux véhicules - côté,1,1,3,0,1,1,1,0,1,110,,2,1,0,0,1,29.0,26.0,,,1,1,1,8,3
202100027175,2021-07-25 17:15:00,2021,7,25,17,15,95,95252,A115,48.9842885593,2.2416543564,Plein jour,Hors agglomération,Hors intersection,Pluie légère,Trois véhicules et plus - en chaîne,1,3,4,0,1,1,2,0,1,90,,5,2,0,0,3,34.0,67.0,,,1,1,1,2,4
202100027176,2021-07-25 15:00:00,2021,7,25,15,0,95,95582,A15,48.9642700298,2.2623306513,Plein jour,Hors agglomération,Hors intersection,Pluie légère,Autre collision,1,3,8,0,1,1,2,0,1,50,,1,0,0,0,1,20.0,,,,1,1,1,2,6
202100027177,2021-07-25 12:15:00,2021,7,25,12,15,93,93027,AUTOROUTE A86,48.92362,2.38468,Plein jour,Hors agglomération,Hors intersection,Normale,Deux véhicules - arrière,1,3,7,0,1,1,1,1,1,90,,3,1,0,0,2,40.0,31.0,,,1,1,1,1,2
202100027178,2021-07-25 11:10:00,2021,7,25,11,10,95,95582, A15,48.97416,2.2449,Plein jour,Hors agglomération,Hors intersection,Normale,Sans collision,1,3,10,0,1,1,1,0,1,110,,1,0,0,0,1,33.0,,,,1,1,1,1,7
202100027179,2021-07-24 23:00:00,2021,7,24,23,0,95,95572,RN 184,49.04847,2.13432,Nuit sans éclairage public,Hors agglomération,Hors intersection,Normale,Autre collision,2,3,4,0,1,2,1,0,1,90,,2,1,0,0,1,54.0,,,,3,1,1,1,6
202100027180,2021-07-25 19:20:00,2021,7,25,19,20,77,77122,RN104,48.663999,2.613281,Plein jour,Hors agglomération,Hors intersection,Pluie légère,Autre collision,2,3,6,0,1,2,2,3,1,90,,1,0,0,0,1,23.0,,,,1,1,1,2,6
202100027181,2021-07-24 15:00:00,2021,7,24,15,0,77,77258,A4.Y,48.829956,2.622637,Plein jour,Hors agglomération,Hors intersection,Normale,Deux véhicules - côté,1,3,2,0,2,3,1,0,1,90,,3,2,0,0,1,30.0,67.0,,,1,1,1,1,3
202100027182,2021-07-23 21:00:00,2021,7,23,21,0,77,77514,A104,48.94252,2.628311,Plein jour,Hors agglomération,Hors intersection,Normale,Sans collision,1,1,2,0,1,1,1,0,8,90,,1,0,0,0,1,26.0,,,,1,1,1,1,7
202100027183,2021-07-24 19:00:00,2021,7,24,19,0,35,35238,DONELIERE (RUE DE LA),48.1303710191,-1.684699908,Plein jour,En agglomération,Autre intersection,Pluie légère,Autre collision,6,-1,-1,0,1,1,2,0,1,10,,2,1,0,0,1,41.0,,,,1,2,9,2,6
202100027184,2021-07-24 14:50:00,2021,7,24,14,50,988,98818,RUE DE L'ALMA/AVENUE DU MARECHAL FOCH,-22.26947,166.44241,Plein jour,En agglomération,Intersection en X,Normale,Autre collision,4,1,2,0,1,1,1,0,1,50,,2,1,0,1,0,48.0,,,,1,2,2,1,6
202100027185,2021-07-20 19:43:00,2021,7,20,19,43,49,49328,VERDEN (AVENUE DE),47.26159,-0.06705,Plein jour,En agglomération,Hors intersection,Normale,Autre collision,4,2,4,1,1,1,1,0,5,30,,2,0,0,1,1,56.0,,,,1,2,1,1,6
202100027186,2021-07-24 16:30:00,2021,7,24,16,30,974,97416,CLAIN (CHEMIN),-21.293493,55.46405,Plein jour,En agglomération,Hors intersection,Normale,Sans collision,4,2,1,0,2,3,1,0,1,50,,2,1,0,1,0,48.0,30.0,,,1,2,1,1,7
202100027187,2021-07-24 13:20:00,2021,7,24,13,20,974,97411,MACE (BOULEVARD GABRIEL),-20.872314,55.450382,Plein jour,En agglomération,Autre intersection,Normale,Deux véhicules - côté,2,2,2,0,1,1,1,0,1,50,,3,2,0,0,1,55.0,21.0,,,1,2,9,1,3
202100027188,2021-07-24 18:50:00,2021,7,24,18,50,974,97407,VERGES(AVENUE),-20.93959,55.30207,Nuit avec éclairage allumé,En agglomération,Hors intersection,Normale,Deux véhicules - arrière,4,1,1,1,1,1,1,0,1,50,,2,1,0,0,1,30.0,22.0,,,5,2,1,1,2
202100027189,2021-07-24 12:30:00,2021,7,24,12,30,974,97407,ROUTE NATIONALE N° 1,-20.9538,55.31465,Plein jour,Hors agglomération,Hors intersection,Normale,Deux véhicules - arrière,2,1,2,0,1,1,1,0,1,110,,7,6,0,0,1,35.0,21.0,,,1,1,1,1,2