accident_id,datetime,annee,mois,jour,heure,minute,departement,commune_insee,adresse,latitude,longitude,luminosite,agglomeration,intersection,meteo,collision,catr,circ,nbv,vosp,prof,plan,surf,infra,situ,vma,nb_vehicules,nb_usagers,nb_indemnes,nb_tues,nb_blesses_hosp,nb_blesses_legers,age_cond_1,age_cond_2,veh_type_cond_1,veh_type_cond_2,lum_code,agg_code,int_code,atm_code,col_code
202100027190,2021-07-24 17:00:00,2021,7,24,17,0,69,69259,AMBROISE CROIZAT                    (BD),45.697,4.88776,Plein jour,En agglomération,Intersection en X,Normale,Deux véhicules - côté,7,3,4,0,1,1,1,5,1,50,,3,2,0,0,1,24.0,68.0,,,1,2,2,1,3
202100027191,2021-07-24 17:30:00,2021,7,24,17,30,69,69199,ALBERT RAMBOZ                       (AV),45.69451,4.84424,Plein jour,En agglomération,Intersection en X,Normale,Deux véhicules - côté,4,1,2,0,1,3,1,3,1,70,,3,2,0,0,1,32.0,20.0,,,1,2,2,1,3
202100027192,2021-07-24 16:30:00,2021,7,24,16,30,69,69259,JULES FERRY (R),45.7000278172,4.8857673258,Plein jour,En agglomération,Autre intersection,Pluie légère,Deux véhicules - côté,4,2,2,0,1,1,2,0,1,50,,5,4,0,0,1,48.0,36.0,,,1,2,9,2,3
202100027193,2021-07-24 06:05:00,2021,7,24,6,5,69,69259,GEORGES LYVET (R),45.695,4.875,Crépuscule ou aube,En agglomération,Hors intersection,Pluie légère,Deux véhicules - côté,4,2,2,0,1,1,2,0,1,50,,3,2,0,0,1,22.0,48.0,,,2,2,1,2,3
202100027194,2021-07-24 22:05:00,2021,7,24,22,5,69,69389,SIDOINE APPOLINAIRE                 (AV),45.7652,4.8014,Nuit avec éclairage allumé,En agglomération,Intersection en X,Normale,Sans collision,4,2,1,0,2,1,1,0,1,50,,1,0,0,0,1,21.0,,,,5,2,2,1,7
202100027195,2021-07-23 19:12:00,2021,7,23,19,12,95,95306,PONTOISE(CHEMIN DE),49.0124662116,2.1405637264,Plein jour,En agglomération,Hors intersection,Normale,Autre collision,4,2,1,0,1,1,1,0,4,50,,1,0,0,1,0,25.0,,,,1,2,1,1,6
202100027196,2021-07-24 19:35:00,2021,7,24,19,35,95,95018,UNION (RUE DE L' ),48.94,2.21832,Plein jour,En agglomération,Hors intersection,Normale,Autre collision,4,2,1,0,1,1,1,0,1,50,,2,1,0,0,1,53.0,,,,1,2,1,1,6
202100027197,2021-07-24 20:35:00,2021,7,24,20,35,78,78440,BROSSOLETTE (STADE),48.97873,1.91586,Plein jour,En agglomération,Autre intersection,Normale,Deux véhicules - côté,4,2,2,0,1,1,1,0,1,50,,3,2,0,0,1,21.0,31.0,,,1,2,9,1,3
202100027198,2021-07-24 13:15:00,2021,7,24,13,15,69,69386,STALINGRAD  - ESPACE TETE D'Or - (BD),45.7739,4.85454,Plein jour,En agglomération,Hors intersection,Normale,Deux véhicules - frontale,5,-1,0,0,1,1,1,0,8,30,,2,0,0,0,2,6.0,22.0,,,1,2,1,1,1
202100027199,2021-07-24 11:30:00,2021,7,24,11,30,69,69256,TITTA COIS (R ),45.7711830851,4.9054449989,Plein jour,En agglomération,Hors intersection,Normale,Sans collision,9,-1,0,0,1,1,1,0,8,50,,1,0,0,1,0,29.0,,,,1,2,1,1,7
202100027200,2021-07-22 11:15:00,2021,7,22,11,15,62,62178,CADOT ( HENRI ),50.481415,2.549022,Plein jour,En agglomération,Autre intersection,Normale,Deux véhicules - frontale,3,2,2,0,4,1,1,0,3,50,,3,1,1,1,0,94.0,68.0,,,1,2,9,1,1
202100027201,2021-07-24 02:50:00,2021,7,24,2,50,62,62132,DE GAULLE ( RUE DU GENERAL ),50.516434,2.862971,Nuit avec éclairage allumé,En agglomération,Hors intersection,Normale,Autre collision,3,2,2,0,1,2,1,0,4,50,,1,0,0,0,1,23.0,,,,5,2,1,1,6
202100027202,2021-07-24 08:45:00,2021,7,24,8,45,49,49007,BAUMETTE PROMENADE,47.4591,-0.56891,Plein jour,En agglomération,Hors intersection,Normale,Deux véhicules - côté,4,2,2,0,1,1,1,0,1,50,,2,1,0,0,1,35.0,16.0,,,1,2,1,1,3
202100027203,2021-07-23 07:43:00,2021,7,23,7,43,48,48095,GORGES DU TARN (AVENUE DES),44.5162,3.48815,Plein jour,En agglomération,Autre intersection,Normale,Deux véhicules - côté,2,2,2,0,1,1,1,9,1,50,,2,1,0,1,0,39.0,54.0,,,1,2,9,1,3
202100027204,2021-07-20 18:40:00,2021,7,20,18,40,48,48095,DOUMER (ALLEE PAUL),44.52103,3.49963,Plein jour,En agglomération,Hors intersection,Normale,Trois véhicules et plus - collisions multiples,3,2,2,0,2,3,1,0,1,50,,4,2,0,1,1,24.0,33.0,,,1,2,1,1,5
202100027205,2021-07-24 15:00:00,2021,7,24,15,0,45,45068,36 Rue Saint-Just,48.0048,2.71842,Plein jour,En agglomération,Hors intersection,Normale,Deux véhicules - frontale,4,2,2,0,1,1,1,0,1,50,,6,0,0,0,6,31.0,60.0,,,1,2,1,1,1
202100027206,2021-07-24 19:20:00,2021,7,24,19,20,35,35238,GROS MALHON (AVENUE),48.1278562475,-1.6833366307,Plein jour,En agglomération,Intersection en X,Pluie légère,Deux véhicules - côté,4,3,5,1,1,1,2,5,1,50,,2,1,0,0,1,18.0,34.0,,,1,2,2,2,3
202100027207,2021-07-24 15:55:00,2021,7,24,15,55,35,35238,MOTTE BRULON (DE LA),48.1296970224,-1.674036967,Plein jour,En agglomération,Hors intersection,Pluie légère,Sans collision,4,2,2,0,1,3,2,0,1,50,,1,0,0,0,1,18.0,,,,1,2,1,2,7
202100027208,2021-07-24 16:10:00,2021,7,24,16,10,35,35051,Giratoire des douz'arômes,48.154758,-1.624566,Plein jour,En agglomération,Giratoire,Pluie légère,Autre collision,7,3,4,0,1,1,2,5,1,90,,2,1,0,0,1,19.0,,,,1,2,6,2,6
202100027209,2021-07-24 21:10:00,2021,7,24,21,10,33,33063,Boulevard du Président Franklin Roosevelt,44.81688,-0.57573,Nuit avec éclairage allumé,En agglomération,Autre intersection,Normale,Deux véhicules - côté,4,3,4,0,1,1,1,0,1,50,,2,1,0,0,1,62.0,,,,5,2,9,1,3
202100027210,2021-07-24 02:15:00,2021,7,24,2,15,33,33529,,44.61819,-1.12411,Nuit sans éclairage public,Hors agglomération,Giratoire,Normale,Autre collision,2,3,4,0,1,1,1,0,1,50,,4,1,0,0,3,,,,,3,1,6,1,6
202100027211,2021-07-23 23:50:00,2021,7,23,23,50,31,31555,AV DES ETATS UNIS,43.6567,1.42082,Nuit avec éclairage allumé,En agglomération,Hors intersection,Normale,Deux véhicules - côté,7,3,4,0,1,1,1,5,1,50,,2,1,0,0,1,29.0,46.0,,,5,2,1,1,3
202100027212,2021-07-23 08:30:00,2021,7,23,8,30,31,31555,RUE DE GAILLAC,43.623922,1.474807,Plein jour,En agglomération,Hors intersection,Normale,Deux véhicules - côté,4,2,2,3,1,1,1,0,1,50,,2,1,0,1,0,22.0,58.0,,,1,2,1,1,3
202100027213,2021-07-22 23:36:00,2021,7,22,23,36,29,29232,Boulevard Louis Le Guennec,47.9822,-4.1102,Nuit sans éclairage public,En agglomération,Hors intersection,Normale,Autre collision,3,3,4,0,1,1,1,0,3,70,,1,0,0,0,1,78.0,,,,3,2,1,1,6
202100027214,2021-07-17 13:18:00,2021,7,17,13,18,27,27229,BRIAND (AVENUE ARISTIDE),49.019038,1.128658,Plein jour,En agglomération,Hors intersection,Normale,Sans collision,3,2,2,0,1,1,1,0,1,50,,1,0,0,0,1,60.0,,,,1,2,1,1,7
202100027215,2021-07-24 08:30:00,2021,7,24,8,30,15,15014,Avenue de Tronquières,44.907096,2.42889,Plein jour,En agglomération,Hors intersection,Temps couvert,Deux véhicules - côté,4,2,2,0,1,1,1,0,1,50,,3,2,0,0,1,17.0,23.0,,,1,2,1,8,3
202100027216,2021-07-23 17:25:00,2021,7,23,17,25,14,14220,Rue Eugéne Colas,49.3594,0.07224,Plein jour,En agglomération,Hors intersection,Normale,Autre collision,4,2,2,0,1,1,1,0,1,50,,2,1,0,1,0,66.0,,,,1,2,1,1,6
202100027217,2021-07-25 02:15:00,2021,7,25,2,15,14,14118,Rue de Bras,49.1817,-0.36657,Nuit avec éclairage allumé,En agglomération,Intersection en T,Normale,Deux véhicules - frontale,4,1,1,0,1,1,1,0,1,50,,2,1,0,0,1,22.0,24.0,,,5,2,3,1,1
202100027218,2021-07-24 08:40:00,2021,7,24,8,40,14,14167,D513,49.20229,-0.28958,Plein jour,En agglomération,Hors intersection,Normale,Autre collision,3,2,2,0,1,1,1,0,1,50,,1,0,0,0,1,54.0,,,,1,2,1,1,6
202100027219,2021-07-24 11:15:00,2021,7,24,11,15,13,13208,MONTREDON (AVENUE DE),43.2421084012,5.3690072541,Plein jour,En agglomération,Hors intersection,Normale,Deux véhicules - frontale,4,1,3,1,2,1,1,0,1,50,,2,1,0,0,1,,,,,1,2,1,1,1
202100027220,2021-07-23 12:20:00,2021,7,23,12,20,11,11069,BRAM -ROUTE DE-,43.22149,2.29891,Plein jour,Hors agglomération,Hors intersection,Normale,Deux véhicules - côté,3,2,2,0,2,1,1,0,1,70,,4,1,0,0,3,37.0,33.0,,,1,1,1,1,3
202100027221,2021-07-23 06:26:00,2021,7,23,6,26,10,10387,MARIE DE CHAMPAGNE (RUE),48.3070003,4.059627,Plein jour,En agglomération,Hors intersection,Pluie légère,Autre collision,4,2,2,0,1,1,2,0,4,50,,2,1,0,0,1,28.0,,,,1,2,1,2,6
202100027222,2021-07-24 09:55:00,2021,7,24,9,55,06,06029,BASTIE MARYSE,43.55275,6.95702,Plein jour,En agglomération,Hors intersection,Normale,Deux véhicules - frontale,4,2,2,0,1,1,1,0,1,50,,2,1,0,0,1,22.0,24.0,,,1,2,1,1,1
202100027223,2021-07-24 15:08:00,2021,7,24,15,8,75,75112,AVENUE DES TERROIRS DE FRANCE,48.831981,2.388259,Plein jour,En agglomération,Hors intersection,Normale,Autre collision,4,3,4,0,1,1,1,0,1,50,,1,0,0,1,0,22.0,,,,1,2,1,1,6
202100027224,2021-07-24 07:11:00,2021,7,24,7,11,75,75107,PLACE DE LA RESISTANCE,48.862265,2.301546,Crépuscule ou aube,En agglomération,Place,Normale,Sans collision,4,1,0,0,1,1,1,0,1,50,,1,0,0,0,1,26.0,,,,2,2,7,1,7
202100027225,2021-07-23 16:34:00,2021,7,23,16,34,75,75113,BOULEVARD AUGUSTE BLANQUI,48.83087,2.34416,Plein jour,En agglomération,Hors intersection,Normale,Deux véhicules - côté,4,-1,4,0,1,1,1,0,1,50,,2,1,0,0,1,37.0,,,,1,2,1,1,3
202100027226,2021-07-24 00:30:00,2021,7,24,0,30,75,75111,RUE JEAN PIERRE TIMBAUD,48.865182,2.367727,Nuit avec éclairage allumé,En agglomération,Intersection en X,Normale,Deux véhicules - côté,4,3,3,1,1,1,1,0,1,50,,2,1,0,0,1,39.0,30.0,,,5,2,2,1,3
202100027227,2021-07-24 20:40:00,2021,7,24,20,40,75,75110,BOULEVARD DE MAGENTA,48.881971,2.350958,Plein jour,En agglomération,Intersection en T,Normale,Deux véhicules - côté,4,3,2,1,1,1,1,0,5,50,,2,1,0,0,1,50.0,38.0,,,1,2,3,1,3
202100027228,2021-07-24 20:10:00,2021,7,24,20,10,75,75108,COURS LA REINE,48.864679,2.313656,Plein jour,En agglomération,Intersection en X,Pluie légère,Deux véhicules - côté,4,1,2,0,1,1,2,0,1,50,,2,1,0,0,1,35.0,32.0,,,1,2,2,2,3
202100027229,2021-07-23 20:15:00,2021,7,23,20,15,75,75104,BOULEVARD BOURDON,48.8493283147,2.3665696585,Plein jour,En agglomération,Intersection en T,Normale,Deux véhicules - arrière,4,1,6,1,1,1,1,0,1,50,,2,1,0,0,1,25.0,35.0,,,1,2,3,1,2
202100027230,2021-07-23 16:30:00,2021,7,23,16,30,75,75104,RUE CRILLON,48.849515,2.365647,Plein jour,En agglomération,Intersection en X,Normale,Autre collision,4,1,2,0,1,1,1,0,1,50,,2,0,0,0,2,26.0,,,,1,2,2,1,6
202100027231,2021-07-24 12:15:00,2021,7,24,12,15,94,94081,Avenue André Maginot,48.78978,2.39919,Plein jour,En agglomération,Intersection en X,Normale,Deux véhicules - côté,4,2,0,0,1,1,1,0,1,50,,2,1,0,0,1,60.0,37.0,,,1,2,2,1,3
202100027232,2021-07-24 14:20:00,2021,7,24,14,20,94,94078,L'APPEL DU DIX-HUIT JUIN 1940 (AV DE),48.761317,2.442774,Plein jour,En agglomération,Hors intersection,Normale,Deux véhicules - côté,6,-1,0,0,1,1,1,9,1,20,,2,1,0,0,1,48.0,28.0,,,1,2,1,1,3
202100027233,2021-07-24 14:45:00,2021,7,24,14,45,94,94078,Rue de Paris,48.741224,2.446808,Plein jour,En agglomération,Hors intersection,Normale,Deux véhicules - arrière,2,1,2,0,1,1,1,0,1,50,,2,1,0,0,1,,28.0,,,1,2,1,1,2
202100027234,2021-07-24 11:00:00,2021,7,24,11,0,94,94073,PAUL VAILLANT COUTURIER (R),48.76118,2.39367,Plein jour,En agglomération,Hors intersection,Normale,Deux véhicules - arrière,4,2,2,0,1,1,1,0,1,50,,2,1,0,0,1,66.0,18.0,,,1,2,1,1,2
202100027235,2021-07-24 19:15:00,2021,7,24,19,15,94,94028,Saussaie du ban (rue de la),48.76667,2.45681,Plein jour,En agglomération,Hors intersection,Temps couvert,Deux véhicules - côté,3,2,2,0,1,3,2,0,1,50,,2,1,0,0,1,25.0,63.0,,,1,2,1,8,3
202100027236,2021-07-24 17:20:00,2021,7,24,17,20,94,94078,Avenue Winston Churchill,48.753663,2.450699,Plein jour,En agglomération,Intersection en T,Normale,Deux véhicules - côté,3,3,4,0,1,1,1,0,1,50,,2,1,0,0,1,26.0,51.0,,,1,2,3,1,3
202100027237,2021-07-24 09:55:00,2021,7,24,9,55,93,93063,REPUBLIQUE RUE DE LA,48.87934,2.43393,Plein jour,En agglomération,Hors intersection,Normale,Deux véhicules - côté,4,2,2,0,1,1,1,0,1,50,,1,0,0,0,1,57.0,,,,1,2,1,1,3
202100027238,2021-07-24 07:25:00,2021,7,24,7,25,93,93005,Route de Mitry / Rue du Préfet Chaleil,48.940228,2.502216,Plein jour,En agglomération,Intersection en X,Normale,Deux véhicules - côté,3,2,2,0,1,1,1,0,1,50,,3,1,0,0,2,42.0,24.0,,,1,2,2,1,3
202100027239,2021-07-23 23:10:00,2021,7,23,23,10,92,92073,Avenue Franklin Roosevelt,48.8723307481,2.2209763527,Nuit avec éclairage allumé,En agglomération,Hors intersection,Normale,Autre collision,3,2,3,0,2,2,1,0,4,50,,1,0,0,0,1,51.0,,,,5,2,1,1,6
202100027240,2021-07-24 19:54:00,2021,7,24,19,54,92,92050,PORT RUE DU,48.8944289598,2.176293536,Plein jour,En agglomération,Hors intersection,Pluie légère,Deux véhicules - côté,4,2,2,0,1,1,2,0,1,50,,2,1,0,0,1,19.0,29.0,,,1,2,1,2,3
202100027241,2021-07-20 02:49:00,2021,7,20,2,49,92,92048,VAUGIRARD (ROUTE DE),48.82052,2.23773,Nuit avec éclairage allumé,En agglomération,Hors intersection,Normale,Autre collision,3,2,2,1,1,1,1,0,5,50,,1,0,0,0,1,40.0,,,,5,2,1,1,6
202100027242,2021-07-24 20:45:00,2021,7,24,20,45,92,92044,LOUIS ROUQUIER (RUE)113+ ET 106+,48.89276,2.29189,Plein jour,En agglomération,Intersection en X,Normale,Deux véhicules - côté,4,1,1,0,1,1,1,0,1,50,,4,2,0,0,2,56.0,51.0,,,1,2,2,1,3
202100027243,2021-07-24 02:48:00,2021,7,24,2,48,92,92023,PETIT CLAMART (ROND POINT DU),48.7767614677,2.230219245,Nuit avec éclairage allumé,En agglomération,Hors intersection,Normale,Autre collision,3,1,1,0,1,2,1,2,1,50,,2,0,0,0,2,28.0,,,,5,2,1,1,6
202100027244,2021-07-14 18:45:00,2021,7,14,18,45,44,44144,154 Rue de l Ouche,47.517028,-1.293746,Plein jour,En agglomération,Intersection en T,Normale,Deux véhicules - côté,3,2,2,0,1,1,1,5,1,50,,2,1,0,0,1,30.0,74.0,,,1,2,3,1,3
202100027245,2021-07-25 09:00:00,2021,7,25,9,0,95,95504,RN184,49.102533,2.268033,Plein jour,Hors agglomération,Hors intersection,Temps couvert,Deux véhicules - arrière,2,1,1,0,1,2,1,3,3,90,,6,1,0,0,5,33.0,43.0,,,1,1,1,8,2
202100027246,2021-07-23 11:15:00,2021,7,23,11,15,11,11146,A61 - pk 334.400,43.183963,2.474113,Plein jour,Hors agglomération,Hors intersection,Normale,Trois véhicules et plus - en chaîne,1,3,4,0,1,1,1,0,1,130,,4,1,0,1,2,31.0,48.0,,,1,1,1,1,4
202100027247,2021-07-24 16:10:00,2021,7,24,16,10,06,06161,2809 Route de Grasse,43.657327,7.090312,Plein jour,Hors agglomération,Hors intersection,Normale,Deux véhicules - côté,3,2,2,0,2,1,1,5,1,70,,2,1,0,0,1,78.0,81.0,,,1,1,1,1,3
202100027248,2021-07-24 21:45:00,2021,7,24,21,45,76,76624,Rue des Canadiens,49.876723,1.212297,Crépuscule ou aube,En agglomération,Hors intersection,Temps couvert,Autre collision,3,2,2,0,1,1,1,0,1,50,,1,0,0,1,0,18.0,,,,2,2,1,8,6
202100027249,2021-07-24 09:20:00,2021,7,24,9,20,83,83148,Dn7,43.403442,6.39297,Plein jour,Hors agglomération,Giratoire,Normale,Autre collision,3,2,2,0,1,3,9,5,3,70,,1,0,0,1,0,45.0,,,,1,1,6,1,6
202100027250,2021-07-25 08:45:00,2021,7,25,8,45,01,01436,D984c,46.341491,6.088765,Plein jour,Hors agglomération,Intersection en X,Pluie légère,Deux véhicules - côté,3,2,1,0,1,1,2,0,1,70,,2,1,0,1,0,73.0,23.0,,,1,1,2,2,3
202100027251,2021-07-24 15:30:00,2021,7,24,15,30,76,76424,Autoroute A 28 PK 052.200,49.760477,1.484399,Plein jour,Hors agglomération,Hors intersection,Normale,Sans collision,1,1,2,0,1,3,1,3,3,130,,1,0,0,1,0,50.0,,,,1,1,1,1,7
202100027252,2021-07-24 20:30:00,2021,7,24,20,30,91,91665,Chemin des Berges,48.66224,2.271777,Plein jour,En agglomération,Hors intersection,Pluie légère,Sans collision,4,2,2,0,2,1,2,0,1,30,,2,1,0,0,1,29.0,19.0,,,1,2,1,2,7
202100027253,2021-07-24 21:45:00,2021,7,24,21,45,62,62390,D940,50.391181,1.605007,Nuit sans éclairage public,En agglomération,Hors intersection,Pluie forte,Sans collision,3,3,2,0,1,1,2,0,1,50,,2,1,0,0,1,40.0,,,,3,2,1,3,7
202100027254,2021-07-25 07:30:00,2021,7,25,7,30,60,60101,D79,49.09315,2.860186,Plein jour,Hors agglomération,Hors intersection,Pluie légère,Sans collision,3,2,2,0,3,3,2,0,3,-1,,2,0,0,1,1,23.0,,,,1,1,1,2,7
202100027255,2021-07-24 18:15:00,2021,7,24,18,15,72,72260,Route de Brette les Pins,47.936245,0.272866,Plein jour,En agglomération,Autre intersection,Normale,Autre collision,3,2,2,0,1,1,2,0,1,50,,3,1,0,1,1,35.0,21.0,,,1,2,9,1,6
202100027256,2021-07-23 20:30:00,2021,7,23,20,30,57,57540,36 Route de Bois de Chene du Haut,48.762037,7.271943,Crépuscule ou aube,En agglomération,Hors intersection,Normale,Autre collision,4,2,2,0,1,3,1,0,3,50,,5,3,0,1,1,19.0,,,,2,2,1,1,6
202100027257,2021-07-24 22:15:00,2021,7,24,22,15,62,62214,D901,50.65765,1.705477,Nuit sans éclairage public,Hors agglomération,Hors intersection,Pluie légère,Trois véhicules et plus - collisions multiples,3,2,2,0,1,1,2,0,1,80,,10,0,0,7,3,76.0,37.0,,,3,1,1,2,5
202100027258,2021-07-24 15:10:00,2021,7,24,15,10,51,51243,D9/D53,48.654541,3.934929,Plein jour,En agglomération,Intersection à plus de 4 branches,Normale,Deux véhicules - côté,3,2,1,0,1,1,1,5,1,50,,4,0,0,0,4,24.0,22.0,,,1,2,5,1,3
202100027259,2021-07-24 08:00:00,2021,7,24,8,0,31,31150,Route de Colomiers,43.640683,1.33073,Plein jour,En agglomération,Giratoire,Normale,Autre collision,7,1,1,0,1,3,1,0,4,50,,1,0,0,1,0,75.0,,,,1,2,6,1,6
202100027260,2021-07-24 18:00:00,2021,7,24,18,0,71,71318,route de sainte croix,46.555954,5.184259,Plein jour,Hors agglomération,Hors intersection,Normale,Sans collision,3,2,2,0,1,1,1,0,3,80,,1,0,0,1,0,54.0,,,,1,1,1,1,7
202100027261,2021-07-24 14:30:00,2021,7,24,14,30,71,71330,CHEDDE,46.5932975279,3.9585937142,Plein jour,Hors agglomération,Intersection en X,Temps couvert,Sans collision,3,2,2,0,1,1,2,0,1,80,,2,1,0,1,0,22.0,,,,1,1,2,8,7
202100027262,2021-07-25 18:00:00,2021,7,25,18,0,89,89255,D323,48.303769,3.23768,Plein jour,Hors agglomération,Hors intersection,Normale,Sans collision,3,2,2,0,1,1,1,0,1,80,,1,0,0,1,0,46.0,,,,1,1,1,1,7
202100027263,2021-07-25 01:45:00,2021,7,25,1,45,89,89282,D209,47.966566,3.577337,Nuit sans éclairage public,Hors agglomération,Hors intersection,Normale,Sans collision,3,2,2,0,1,1,1,0,8,80,,2,0,0,1,1,30.0,,,,3,1,1,1,7
202100027264,2021-07-24 18:10:00,2021,7,24,18,10,12,12198,lavernhe,44.285661,2.222583,Plein jour,Hors agglomération,Hors intersection,Normale,Deux véhicules - côté,4,2,2,0,4,2,1,0,1,80,,2,1,0,1,0,21.0,59.0,,,1,1,1,1,3
202100027265,2021-07-24 05:00:00,2021,7,24,5,0,39,39520,,46.989723,5.565691,Nuit sans éclairage public,Hors agglomération,Hors intersection,Pluie forte,Autre collision,3,2,2,0,1,1,2,0,1,90,,2,1,0,1,0,50.0,,,,3,1,1,3,6
202100027266,2021-07-22 18:30:00,2021,7,22,18,30,39,39399,,47.001885,5.668054,Plein jour,Hors agglomération,Hors intersection,Normale,Sans collision,3,2,2,0,2,2,1,0,3,80,,1,0,0,0,1,49.0,,,,1,1,1,1,7
202100027267,2021-07-24 18:30:00,2021,7,24,18,30,44,44028,D723,47.336703,-1.356786,Plein jour,Hors agglomération,Autre intersection,Pluie forte,Deux véhicules - frontale,3,2,3,0,2,1,2,0,1,80,,2,0,0,2,0,58.0,20.0,,,1,1,9,3,1
202100027268,2021-07-25 07:15:00,2021,7,25,7,15,29,29293,D783 - Pont du Minaouet,47.858756254,-3.8798832891,Plein jour,Hors agglomération,Hors intersection,Normale,Autre collision,3,2,2,0,1,3,1,2,3,80,,1,0,1,0,0,21.0,,,,1,1,1,1,6
202100027269,2021-07-25 18:40:00,2021,7,25,18,40,29,29214,Roz Languidou,47.913628,-4.34961,Plein jour,Hors agglomération,Hors intersection,Normale,Deux véhicules - frontale,4,2,2,0,2,2,1,0,1,70,,4,2,0,2,0,51.0,20.0,,,1,1,1,1,1
202100027270,2021-07-24 18:45:00,2021,7,24,18,45,15,15138,20 Avenue du Docteur Louis Mallet,45.109548,2.869218,Plein jour,En agglomération,Intersection en T,Temps éblouissant,Deux véhicules - arrière,2,2,2,0,1,1,1,0,1,50,,2,1,0,1,0,50.0,60.0,,,1,2,3,7,2
202100027271,2021-07-25 12:15:00,2021,7,25,12,15,15,15038,D522,45.414662,2.639559,Plein jour,Hors agglomération,Hors intersection,Pluie légère,Deux véhicules - côté,3,2,2,0,2,3,2,0,1,90,,2,1,0,1,0,59.0,61.0,,,1,1,1,2,3
202100027272,2021-07-24 18:30:00,2021,7,24,18,30,15,15162,D3,45.270692,2.665797,Plein jour,Hors agglomération,Hors intersection,Normale,Sans collision,3,2,2,0,1,3,1,8,1,90,,2,1,0,0,1,52.0,,,,1,1,1,1,7
202100027273,2021-07-25 09:40:00,2021,7,25,9,40,26,26288,1935 Route de Nyons,44.4023,5.248568,Plein jour,Hors agglomération,Hors intersection,Normale,Trois véhicules et plus - collisions multiples,3,2,2,0,1,2,1,0,1,80,,5,2,0,2,1,72.0,58.0,,,1,1,1,1,5
202100027274,2021-07-25 06:30:00,2021,7,25,6,30,06,06105,Route de Roquefort,43.661414,7.03486,Crépuscule ou aube,Hors agglomération,Hors intersection,Normale,Deux véhicules - côté,3,2,2,0,1,1,1,2,1,80,,2,1,0,0,1,54.0,22.0,,,2,1,1,1,3
202100027275,2021-07-24 17:40:00,2021,7,24,17,40,45,45327,Les Arrachis,47.934488,2.076067,Plein jour,Hors agglomération,Hors intersection,Normale,Autre collision,9,-1,1,0,1,1,3,0,8,50,,1,0,0,1,0,41.0,,,,1,1,1,1,6
202100027276,2021-07-25 18:00:00,2021,7,25,18,0,45,45097,Les Grands Chaillots,48.019374,2.941069,Plein jour,Hors agglomération,Hors intersection,Normale,Autre collision,4,2,2,0,1,1,1,0,3,80,,1,0,1,0,0,42.0,,,,1,1,1,1,6
202100027277,2021-07-25 15:50:00,2021,7,25,15,50,73,73032,D990 Rue Paul Girod,45.625444,6.448785,Plein jour,En agglomération,Hors intersection,Normale,Autre collision,3,2,2,0,1,1,1,0,4,30,,1,0,1,0,0,37.0,,,,1,2,1,1,6
202100027278,2021-07-25 08:30:00,2021,7,25,8,30,18,18111,D59,47.234949,2.629412,Plein jour,Hors agglomération,Hors intersection,Temps couvert,Autre collision,3,2,2,0,2,1,2,0,1,80,,1,0,0,1,0,20.0,,,,1,1,1,8,6
202100027279,2021-07-25 02:27:00,2021,7,25,2,27,16,16349,Lieu-dit La pointe à Mézan,45.751298,-0.258212,Nuit sans éclairage public,Hors agglomération,Hors intersection,Pluie légère,Autre collision,3,2,2,0,2,1,2,0,3,80,,3,2,0,1,0,21.0,,,,3,1,1,2,6
202100027280,2021-07-24 17:15:00,2021,7,24,17,15,07,07334,RD 901,44.411191,4.153647,Plein jour,Hors agglomération,Hors intersection,Normale,Deux véhicules - frontale,3,3,2,0,1,2,1,0,1,70,,3,0,0,2,1,49.0,24.0,,,1,1,1,1,1
202100027281,2021-07-05 15:55:00,2021,7,5,15,55,07,07121,D16,44.824358,4.030116,Plein jour,Hors agglomération,Hors intersection,Normale,Sans collision,3,2,2,0,2,2,9,8,1,80,,1,0,0,1,0,38.0,,,,1,1,1,1,7
202100027282,2021-07-24 15:00:00,2021,7,24,15,0,04,04236,RN 202,43.914372,6.579437,Plein jour,Hors agglomération,Hors intersection,Normale,Autre collision,2,2,2,0,2,2,1,0,3,80,,2,1,0,1,0,68.0,,,,1,1,1,1,6
202100027283,2021-07-25 11:45:00,2021,7,25,11,45,27,27629,La Carbonnière,49.134518,0.435237,Plein jour,Hors agglomération,Autre intersection,Pluie légère,Autre collision,4,-1,1,0,1,1,6,0,8,-1,,1,0,1,0,0,59.0,,,,1,1,9,2,6
202100027284,2021-07-24 16:19:00,2021,7,24,16,19,48,48016,RD31,44.465319,3.41677,Plein jour,Hors agglomération,Hors intersection,Normale,Trois véhicules et plus - en chaîne,3,2,2,0,1,1,1,0,3,90,,8,5,0,2,1,59.0,18.0,,,1,1,1,1,4
202100027285,2021-07-24 16:40:00,2021,7,24,16,40,24,24122,Le Ségalat,44.808813,1.072813,Plein jour,Hors agglomération,Hors intersection,Normale,Sans collision,4,2,2,0,1,1,1,0,8,80,,2,0,0,1,1,42.0,,,,1,1,1,1,7
202100027286,2021-07-24 21:00:00,2021,7,24,21,0,69,69244,CHARLES DE GAULLE (AV),45.763081,4.780437,Nuit avec éclairage allumé,En agglomération,Intersection en X,Normale,Deux véhicules - côté,4,2,2,0,1,1,1,0,1,50,,3,1,0,0,2,55.0,41.0,,,5,2,2,1,3