accident_id,datetime,annee,mois,jour,heure,minute,departement,commune_insee,adresse,latitude,longitude,luminosite,agglomeration,intersection,meteo,collision,catr,circ,nbv,vosp,prof,plan,surf,infra,situ,vma,nb_vehicules,nb_usagers,nb_indemnes,nb_tues,nb_blesses_hosp,nb_blesses_legers,age_cond_1,age_cond_2,veh_type_cond_1,veh_type_cond_2,lum_code,agg_code,int_code,atm_code,col_code
202100027287,2021-07-24 15:00:00,2021,7,24,15,0,31,31254,"autoroute a61, pk 241.800",43.543431,1.502466,Plein jour,Hors agglomération,Hors intersection,Normale,Autre collision,1,1,4,0,1,1,1,0,1,130,,3,1,0,1,1,78.0,,,,1,1,1,1,6
202100027288,2021-07-23 11:50:00,2021,7,23,11,50,01,01008,D1075,45.94125,5.331749,Plein jour,Hors agglomération,Giratoire,Normale,Sans collision,3,2,2,0,1,3,1,0,1,80,,1,0,0,0,1,33.0,,,,1,1,6,1,7
202100027289,2021-07-25 14:55:00,2021,7,25,14,55,974,97421,Rd 52,-21.033402,55.534301,Plein jour,Hors agglomération,Hors intersection,Normale,Sans collision,3,2,2,0,2,2,1,0,1,80,,2,1,0,1,0,26.0,,,,1,1,1,1,7
202100027290,2021-07-24 23:10:00,2021,7,24,23,10,973,97311,4101 Avenue Jean Galmot,5.5212551023,-53.9587692375,Nuit sans éclairage public,Hors agglomération,Hors intersection,Normale,Deux véhicules - frontale,3,2,2,0,1,1,1,0,1,80,,9,0,1,1,7,34.0,55.0,,,3,1,1,1,1
202100027291,2021-07-24 17:25:00,2021,7,24,17,25,37,37072,D751,47.1784601941,0.2623839276,Plein jour,En agglomération,Giratoire,Normale,Deux véhicules - arrière,3,-1,1,1,1,2,1,0,5,50,,3,2,0,1,0,36.0,57.0,,,1,2,6,1,2
202100027292,2021-07-25 19:30:00,2021,7,25,19,30,37,37230,D31,47.4911998862,1.0093032332,Plein jour,Hors agglomération,Hors intersection,Temps couvert,Autre collision,3,2,2,0,1,2,2,0,3,70,,3,2,0,0,1,48.0,,,,1,1,1,8,6
202100027293,2021-07-24 21:20:00,2021,7,24,21,20,77,77091,D216,48.74331,2.816309,Crépuscule ou aube,Hors agglomération,Intersection en X,Normale,Deux véhicules - côté,3,2,2,0,1,1,1,0,1,80,,4,3,0,1,0,47.0,21.0,,,2,1,2,1,3
202100027294,2021-07-24 23:00:00,2021,7,24,23,0,11,11429,D201,43.251619,2.389344,Nuit sans éclairage public,Hors agglomération,Hors intersection,Normale,Deux véhicules - frontale,3,2,2,0,1,1,1,0,1,80,,2,0,0,1,1,59.0,21.0,,,3,1,1,1,1
202100027295,2021-07-24 10:30:00,2021,7,24,10,30,13,13110,D6,43.463962,5.722332,Plein jour,Hors agglomération,Hors intersection,Normale,Deux véhicules - frontale,7,2,2,0,1,3,1,0,1,80,,1,0,0,1,0,49.0,,,,1,1,1,1,1
202100027296,2021-07-23 18:45:00,2021,7,23,18,45,67,67510,pk 12 D144,48.763953,7.69665,Plein jour,Hors agglomération,Giratoire,Normale,Deux véhicules - côté,3,2,2,0,1,1,1,5,1,80,,2,1,0,0,1,38.0,36.0,,,1,1,6,1,3
202100027297,2021-07-25 16:15:00,2021,7,25,16,15,38,38515,Route de Crémieu,45.683641,5.312158,Plein jour,En agglomération,Hors intersection,Normale,Autre collision,3,2,2,0,1,1,1,0,3,50,,2,0,1,0,1,67.0,,,,1,2,1,1,6
202100027298,2021-07-25 11:30:00,2021,7,25,11,30,38,38562,D1091,45.073983,5.765398,Plein jour,En agglomération,Hors intersection,Normale,Sans collision,7,2,2,0,1,1,1,0,1,80,,1,0,0,1,0,53.0,,,,1,2,1,1,7
202100027299,2021-07-23 18:00:00,2021,7,23,18,0,69,69089,BELVEDERE (DU) (CHM),45.73205,4.745769,Plein jour,En agglomération,Hors intersection,Normale,Deux véhicules - arrière,4,2,2,0,3,2,1,0,1,50,,5,3,0,0,2,31.0,43.0,,,1,2,1,1,2
202100027300,2021-07-25 05:05:00,2021,7,25,5,5,81,81046,Route de Graulhet,43.8466947427,1.9807912409,Nuit sans éclairage public,En agglomération,Intersection en T,Normale,Autre collision,3,2,2,0,1,1,1,0,1,50,,3,0,0,2,1,29.0,,,,3,2,3,1,6
202100027301,2021-07-24 14:49:00,2021,7,24,14,49,09,09108,D15,43.032604,1.32926,Plein jour,Hors agglomération,Hors intersection,Pluie légère,Autre collision,3,2,2,0,1,1,2,0,3,80,,1,0,0,1,0,79.0,,,,1,1,1,2,6
202100027302,2021-07-23 17:10:00,2021,7,23,17,10,22,22143,Route de Saint-Cast,48.598774,-2.286701,Plein jour,En agglomération,Hors intersection,Normale,Deux véhicules - côté,6,-1,0,0,1,1,1,0,8,-1,,2,1,0,0,1,44.0,46.0,,,1,2,1,1,3
202100027303,2021-07-21 13:41:00,2021,7,21,13,41,35,35012,Rue du Chêne Vert,47.84629,-1.686847,Plein jour,En agglomération,Hors intersection,Normale,Sans collision,4,2,2,0,2,3,1,0,4,50,,1,0,0,1,0,22.0,,,,1,2,1,1,7
202100027304,2021-07-23 14:00:00,2021,7,23,14,0,27,27469,RD6015,49.280422,1.158296,Plein jour,Hors agglomération,Hors intersection,Normale,Deux véhicules - frontale,3,2,3,0,2,1,1,0,1,70,,2,1,1,0,0,48.0,80.0,,,1,1,1,1,1
202100027305,2021-07-23 17:30:00,2021,7,23,17,30,13,13211,A50-Sens Aubagne vers Marseille,43.28688,5.43518,Plein jour,Hors agglomération,Hors intersection,Normale,Deux véhicules - arrière,1,1,4,0,1,1,1,0,1,70,,6,3,0,0,3,38.0,25.0,,,1,1,1,1,2
202100027306,2021-07-23 14:43:00,2021,7,23,14,43,13,13070,A50-Sens Aubagne vers Marseille,43.285918,5.51191,Plein jour,Hors agglomération,Hors intersection,Normale,Sans collision,1,1,1,0,1,3,1,0,1,90,,1,0,0,0,1,52.0,,,,1,1,1,1,7
202100027307,2021-07-24 00:40:00,2021,7,24,0,40,13,13215,A7-Sens Lyon vers Marseille,43.36117,5.3614,Nuit sans éclairage public,Hors agglomération,Hors intersection,Normale,Deux véhicules - arrière,1,3,3,0,1,1,1,0,1,90,,9,7,0,0,2,,30.0,,,3,1,1,1,2
202100027308,2021-07-23 23:20:00,2021,7,23,23,20,69,69382,M7,45.73557,4.81976,Nuit avec éclairage allumé,En agglomération,Hors intersection,Normale,Deux véhicules - côté,7,3,7,0,1,1,1,0,1,70,,2,1,0,0,1,74.0,25.0,,,5,2,1,1,3
202100027309,2021-07-20 08:15:00,2021,7,20,8,15,67,67482,M35,48.58018,7.72434,Plein jour,Hors agglomération,Hors intersection,Normale,Trois véhicules et plus - collisions multiples,7,3,4,0,1,1,1,0,1,90,,3,1,0,0,2,66.0,35.0,,,1,1,1,1,5
202100027310,2021-07-24 17:35:00,2021,7,24,17,35,91,91521,RD 31,48.64047,2.39463,Plein jour,Hors agglomération,Hors intersection,Normale,Autre collision,2,1,1,0,1,1,1,0,1,70,,1,0,0,1,0,37.0,,,,1,1,1,1,6
202100027311,2021-07-24 02:00:00,2021,7,24,2,0,91,91161,AUTOROUTE A6,48.7018,2.30861,Nuit avec éclairage non allumé,Hors agglomération,Hors intersection,Normale,Trois véhicules et plus - en chaîne,1,1,4,0,1,1,1,0,1,110,,3,2,0,0,1,26.0,31.0,,,4,1,1,1,4
202100027312,2021-07-24 10:00:00,2021,7,24,10,0,95,95572,A15,49.02817,2.12829,Plein jour,Hors agglomération,Hors intersection,Normale,Deux véhicules - arrière,1,3,8,0,1,2,1,0,1,90,,2,0,0,0,2,19.0,47.0,,,1,1,1,1,2
202100027313,2021-07-24 01:00:00,2021,7,24,1,0,95,95252, A15,48.98554,2.214,Nuit sans éclairage public,Hors agglomération,Hors intersection,Normale,Deux véhicules - arrière,1,3,8,0,1,1,1,0,1,110,,2,0,0,0,2,30.0,29.0,,,3,1,1,1,2
202100027314,2021-07-23 21:50:00,2021,7,23,21,50,93,93066,AUTOROUTE A1,48.91393,2.35798,Nuit avec éclairage allumé,Hors agglomération,Hors intersection,Normale,Deux véhicules - arrière,1,3,8,0,1,1,1,1,1,90,,3,1,0,0,2,59.0,21.0,,,5,1,1,1,2
202100027315,2021-07-23 21:10:00,2021,7,23,21,10,93,93007,AUTOROUTE A3,48.93315,2.48084,Plein jour,Hors agglomération,Hors intersection,Normale,Trois véhicules et plus - collisions multiples,1,3,6,0,1,1,1,0,1,110,,3,2,0,0,1,25.0,56.0,,,1,1,1,1,5
202100027316,2021-07-23 14:40:00,2021,7,23,14,40,93,93007,ABBE NIORT (RUE DE L'),48.94066,2.43293,Plein jour,En agglomération,Hors intersection,Temps éblouissant,Autre collision,3,2,3,0,1,1,1,0,1,50,,2,1,0,0,1,40.0,,,,1,2,1,7,6
202100027317,2021-07-23 14:15:00,2021,7,23,14,15,974,97411,VICTOIRE (AVENUE DE LA),-20.875995,55.447616,Plein jour,En agglomération,Intersection en T,Normale,Deux véhicules - côté,4,2,2,0,2,1,1,0,1,50,,2,1,0,0,1,31.0,27.0,,,1,2,3,1,3
202100027318,2021-07-23 09:50:00,2021,7,23,9,50,974,97411,MACE (BOULEVARD GABRIEL),-20.87297,55.44768,Plein jour,En agglomération,Hors intersection,Normale,Autre collision,2,2,2,0,1,1,1,0,1,50,,4,3,0,0,1,46.0,43.0,,,1,2,1,1,6
202100027319,2021-07-19 15:40:00,2021,7,19,15,40,974,97411,MOUFIA (ROUTE DE),-20.89816,55.49149,Plein jour,En agglomération,Intersection en T,Normale,Deux véhicules - côté,4,2,0,0,1,1,1,0,1,50,,2,1,0,0,1,31.0,24.0,,,1,2,3,1,3
202100027320,2021-07-23 11:00:00,2021,7,23,11,0,974,97407,LAUDE E(RUE),-20.93811,55.29998,Plein jour,En agglomération,Hors intersection,Normale,Trois véhicules et plus - collisions multiples,4,2,1,0,1,1,1,0,1,50,,5,1,0,1,3,42.0,38.0,,,1,2,1,1,5
202100027321,2021-07-23 11:10:00,2021,7,23,11,10,973,97302,A.HENRI(RUE),4.9226612363,-52.3113594953,Plein jour,En agglomération,Hors intersection,Normale,Deux véhicules - côté,4,2,1,0,1,1,1,0,1,30,,2,1,0,0,1,68.0,13.0,,,1,2,1,1,3
202100027322,2021-07-23 23:45:00,2021,7,23,23,45,69,69199,DANIELLE CASANOVA  (R),45.71074,4.86262,Nuit avec éclairage allumé,En agglomération,Intersection en X,Normale,Deux véhicules - côté,4,2,2,0,1,1,1,0,1,50,,5,3,0,0,2,20.0,35.0,,,5,2,2,1,3
202100027323,2021-07-23 11:45:00,2021,7,23,11,45,69,69383,GENAS (DE) (RTE),45.7536225604,4.8952929676,Plein jour,En agglomération,Intersection en X,Normale,Deux véhicules - côté,4,2,3,0,1,1,1,0,1,50,,3,2,0,0,1,20.0,25.0,,,1,2,2,1,3
202100027324,2021-07-22 11:45:00,2021,7,22,11,45,69,69081,MOULIN CARRON (CHM),45.79069,4.77802,Plein jour,En agglomération,Hors intersection,Normale,Autre collision,4,2,2,0,1,1,1,0,3,50,,1,0,0,0,1,36.0,,,,1,2,1,1,6
202100027325,2021-07-20 19:55:00,2021,7,20,19,55,69,69389,ANDREI SAKHAROV (AV),45.7892146085,4.7985121608,Plein jour,En agglomération,Hors intersection,Normale,Deux véhicules - frontale,6,-1,-1,0,1,1,1,9,1,50,,2,1,0,0,1,39.0,16.0,,,1,2,1,1,1
202100027326,2021-07-23 08:23:00,2021,7,23,8,23,69,69034,SOLDATS (DES)                       (MO),45.7960075689,4.8580757444,Plein jour,En agglomération,Hors intersection,Normale,Deux véhicules - côté,7,1,1,0,2,1,1,0,1,50,,2,1,0,0,1,45.0,56.0,,,1,2,1,1,3
202100027327,2021-07-23 13:35:00,2021,7,23,13,35,971,97113,RN4 - SECTION RIVIERA,16.21871,-61.50198,Plein jour,Hors agglomération,Hors intersection,Normale,Trois véhicules et plus - collisions multiples,2,2,3,0,1,1,1,0,1,70,,7,2,0,0,5,22.0,67.0,,,1,1,1,1,5
202100027328,2021-07-23 16:35:00,2021,7,23,16,35,2A,2A004,SPOSATA CHEMIN DE LA,41.9478963896,8.7574977279,Plein jour,En agglomération,Hors intersection,Normale,Deux véhicules - frontale,4,2,2,0,2,1,1,2,1,50,,3,2,0,0,1,24.0,37.0,,,1,2,1,1,1
202100027329,2021-07-23 15:30:00,2021,7,23,15,30,91,91552,RUE DU MESNIL,48.59612,2.27389,Plein jour,En agglomération,Hors intersection,Normale,Autre collision,3,2,2,0,1,1,1,0,4,50,,1,0,0,0,1,44.0,,,,1,2,1,1,6
202100027330,2021-07-22 22:20:00,2021,7,22,22,20,91,91570,POTAGERS (RUE DES),48.64278,2.30806,Nuit avec éclairage allumé,En agglomération,Hors intersection,Normale,Deux véhicules - côté,4,-1,0,0,1,1,1,0,1,50,,2,1,0,0,1,,15.0,,,5,2,1,1,3
202100027331,2021-07-23 09:40:00,2021,7,23,9,40,91,91549,ROGER PERRIAUD (PLACE),48.64092,2.32604,Plein jour,En agglomération,Giratoire,Normale,Deux véhicules - frontale,4,-1,7,0,1,1,1,0,1,30,,2,1,0,0,1,61.0,22.0,,,1,2,6,1,1
202100027332,2021-07-23 18:45:00,2021,7,23,18,45,91,91109,COCHET (RUE DU)        RD201,48.45937,2.12498,Plein jour,En agglomération,Hors intersection,Normale,Deux véhicules - frontale,3,2,2,0,1,1,1,0,1,70,,2,0,0,0,2,18.0,47.0,,,1,2,1,1,1
202100027333,2021-07-23 18:35:00,2021,7,23,18,35,91,91223,VASSAL (RUE PHILEAS),48.4267,2.13912,Plein jour,En agglomération,Hors intersection,Normale,Autre collision,4,-1,1,0,1,1,1,0,1,50,,2,1,0,0,1,42.0,,,,1,2,1,1,6
202100027334,2021-07-22 22:25:00,2021,7,22,22,25,83,83137,PICOT (AVE DU COLONEL),43.128847,5.966873,Nuit avec éclairage allumé,En agglomération,Hors intersection,Normale,Autre collision,7,2,2,0,2,1,1,0,4,50,,2,0,0,0,2,18.0,,,,5,2,1,1,6
202100027335,2021-07-15 18:45:00,2021,7,15,18,45,83,83126,CURET (AV LOUIS),43.103623,5.881264,Plein jour,En agglomération,Hors intersection,Normale,Autre collision,4,1,2,0,1,2,1,0,1,30,,2,1,0,1,0,66.0,,,,1,2,1,1,6
202100027336,2021-07-23 09:40:00,2021,7,23,9,40,83,83069,PIERREFEU (ROUTE DE) RD 12,43.13212,6.16392,Plein jour,Hors agglomération,Hors intersection,Normale,Trois véhicules et plus - en chaîne,7,2,2,0,1,1,1,0,1,50,,6,3,0,0,3,67.0,38.0,,,1,1,1,1,4
202100027337,2021-07-23 08:43:00,2021,7,23,8,43,83,83069,OLBIA  (VOIE),43.116,6.139,Plein jour,En agglomération,Intersection en X,Normale,Deux véhicules - arrière,7,1,2,0,1,1,1,0,1,50,,2,0,0,0,2,50.0,49.0,,,1,2,2,1,2
202100027338,2021-07-22 22:10:00,2021,7,22,22,10,83,83034,RUE DES 3 PINS,43.1072,6.051994,Nuit avec éclairage allumé,En agglomération,Hors intersection,Normale,Deux véhicules - côté,4,1,1,0,1,2,1,5,1,50,,2,1,0,0,1,22.0,65.0,,,5,2,1,1,3
202100027339,2021-07-23 07:25:00,2021,7,23,7,25,83,83061,AVENUE DE LA CORNICHE D'AZUR,43.41169,6.7252,Plein jour,Hors agglomération,Hors intersection,Normale,Deux véhicules - frontale,3,2,2,0,1,1,1,0,1,70,,3,0,1,0,2,54.0,18.0,,,1,1,1,1,1
202100027340,2021-07-22 11:20:00,2021,7,22,11,20,81,81163,TASSIGNY (DE LATTRE DE),43.4895087656,2.369141914,Plein jour,En agglomération,Intersection en T,Normale,Deux véhicules - côté,4,2,2,0,1,1,1,0,1,50,,2,1,0,0,1,36.0,63.0,,,1,2,3,1,3
202100027341,2021-07-23 12:30:00,2021,7,23,12,30,81,81065,BRASSAC (RUE DU PONT DE),43.621912,2.290194,Plein jour,Hors agglomération,Hors intersection,Normale,Deux véhicules - frontale,3,2,2,0,2,2,1,9,1,80,,3,0,3,0,0,74.0,40.0,,,1,1,1,1,1
202100027342,2021-07-01 12:10:00,2021,7,1,12,10,78,78643,TRIEL AVENUE DE,48.977306,1.983719,Plein jour,En agglomération,Intersection en T,Normale,Deux véhicules - côté,3,2,2,0,1,1,1,0,1,50,,2,1,0,0,1,60.0,70.0,,,1,2,3,1,3
202100027343,2021-07-23 11:40:00,2021,7,23,11,40,76,76341,GENERAL LECLERC (AVENUE),49.50517,0.19553,Plein jour,En agglomération,Hors intersection,Normale,Sans collision,3,2,2,0,1,2,1,0,1,50,,1,0,0,0,1,40.0,,,,1,2,1,1,7
202100027344,2021-07-24 00:25:00,2021,7,24,0,25,72,72181,BOETEAU DOCTEUR (RUE DU),48.013,0.2099,Nuit avec éclairage allumé,En agglomération,Hors intersection,Normale,Autre collision,4,2,2,0,2,1,1,0,1,50,,1,0,0,0,1,24.0,,,,5,2,1,1,6
202100027345,2021-07-23 17:20:00,2021,7,23,17,20,72,72181,STALINGRAD (PL DE) MAISON ASS ET PALAIS,48.00032,0.19244,Plein jour,En agglomération,Hors intersection,Normale,Deux véhicules - côté,4,3,2,0,2,1,1,9,1,50,,2,1,0,0,1,21.0,39.0,,,1,2,1,1,3
202100027346,2021-07-23 21:00:00,2021,7,23,21,0,71,71306,BOURGOGNE (RUE DE),46.671148,4.376747,Nuit avec éclairage allumé,En agglomération,Intersection en X,Normale,Deux véhicules - côté,4,-1,2,0,1,1,1,0,1,50,,2,1,0,1,0,33.0,22.0,,,5,2,2,1,3
202100027347,2021-07-21 11:50:00,2021,7,21,11,50,67,67482,MONTAGNE VERTE (RUE DE LA),48.570268,7.737739,Plein jour,En agglomération,Intersection en T,Normale,Deux véhicules - côté,7,3,4,0,1,2,1,0,1,50,,2,1,0,0,1,47.0,51.0,,,1,2,3,1,3
202100027348,2021-07-18 01:10:00,2021,7,18,1,10,67,67482,OBERHAUSBERGEN (ROUTE D ),48.595,7.71018,Nuit avec éclairage allumé,En agglomération,Intersection en T,Normale,Deux véhicules - côté,4,3,2,1,1,1,1,0,1,50,,2,0,0,0,2,50.0,19.0,,,5,2,3,1,3
202100027349,2021-07-23 10:45:00,2021,7,23,10,45,64,64483,ITHURRALDE ANDRE (AVENUE),43.39936,-1.64085,Plein jour,En agglomération,Giratoire,Normale,Deux véhicules - côté,3,2,2,0,1,3,1,0,1,50,,2,0,0,0,2,50.0,29.0,,,1,2,6,1,3
202100027350,2021-07-22 20:20:00,2021,7,22,20,20,60,60057,Avenue Salvador Allende,49.4398439216,2.1073601245,Plein jour,En agglomération,Hors intersection,Normale,Autre collision,4,2,2,0,1,1,1,0,1,30,,2,0,0,0,2,23.0,,,,1,2,1,1,6
202100027351,2021-07-16 14:15:00,2021,7,16,14,15,59,59327,MONTOZON (RUE DE),50.39118,3.15741,Plein jour,En agglomération,Intersection en T,Normale,Deux véhicules - côté,4,2,2,0,1,2,1,0,1,50,,2,1,0,1,0,70.0,24.0,,,1,2,3,1,3
202100027352,2021-07-22 13:35:00,2021,7,22,13,35,56,56107,MOULIN (RUE DU VIEUX),47.72161,-3.38286,Plein jour,En agglomération,Hors intersection,Normale,Sans collision,4,2,2,0,1,3,1,0,1,50,,1,0,0,0,1,26.0,,,,1,2,1,1,7
202100027353,2021-07-23 15:30:00,2021,7,23,15,30,54,54395,BROT (Rond-Point Marcel),48.6773,6.2066,Plein jour,En agglomération,Giratoire,Normale,Deux véhicules - arrière,7,1,2,0,1,2,1,9,1,50,,3,2,0,0,1,27.0,36.0,,,1,2,6,1,2
202100027354,2021-07-22 18:35:00,2021,7,22,18,35,54,54395,SAINTE CATHERINE (QUAI),48.69385,6.19186,Plein jour,En agglomération,Intersection en X,Normale,Deux véhicules - côté,4,1,3,0,1,1,1,0,1,50,,2,1,0,1,0,40.0,38.0,,,1,2,2,1,3
202100027355,2021-07-22 16:50:00,2021,7,22,16,50,54,54395,TIERCELINS (RUE DES),48.69088,6.18987,Plein jour,En agglomération,Hors intersection,Normale,Deux véhicules - arrière,4,1,1,2,1,1,1,0,1,50,,2,1,0,0,1,58.0,22.0,,,1,2,1,1,2
202100027356,2021-07-22 09:05:00,2021,7,22,9,5,50,50129,ABBAYE (RUE DE L'),49.64664,-1.64227,Plein jour,En agglomération,Hors intersection,Normale,Deux véhicules - arrière,3,3,4,1,1,3,1,0,1,50,,2,1,0,0,1,35.0,53.0,,,1,2,1,1,2
202100027357,2021-07-23 10:46:00,2021,7,23,10,46,49,49246,MAISONS ROUGES CHEMIN,47.43705,-0.51433,Plein jour,En agglomération,Giratoire,Normale,Deux véhicules - arrière,3,2,2,0,1,1,1,0,1,50,,2,1,0,0,1,29.0,21.0,,,1,2,6,1,2
202100027358,2021-07-22 22:15:00,2021,7,22,22,15,44,44184,NEYMAN (BOULEVARD JEAN DE),47.27721,-2.23378,Crépuscule ou aube,En agglomération,Intersection en X,Normale,Deux véhicules - côté,4,2,3,0,2,1,1,0,1,50,,3,1,0,0,2,25.0,17.0,,,2,2,2,1,3
202100027359,2021-07-23 22:40:00,2021,7,23,22,40,44,44109,BOULEVARD ERNEST DALBY,47.21978,-1.53232,Nuit avec éclairage allumé,En agglomération,Hors intersection,Normale,Deux véhicules - arrière,4,2,3,0,1,1,1,0,1,30,,2,1,0,0,1,32.0,23.0,,,5,2,1,1,2
202100027360,2021-07-23 16:45:00,2021,7,23,16,45,35,35238,MONTS D'ARREE (AVENUE DES),48.13162,-1.67271,Plein jour,En agglomération,Intersection en T,Normale,Deux véhicules - arrière,4,3,4,0,1,1,1,5,1,50,,2,1,0,0,1,31.0,19.0,,,1,2,3,1,2
202100027361,2021-07-23 08:25:00,2021,7,23,8,25,35,35238,VERN (DE),48.1,-1.65793,Plein jour,En agglomération,Hors intersection,Normale,Autre collision,4,2,2,3,1,1,1,0,1,50,,2,1,0,0,1,89.0,,,,1,2,1,1,6
202100027362,2021-07-23 04:30:00,2021,7,23,4,30,35,35206,RN 136,48.079225,-1.692513,Nuit sans éclairage public,Hors agglomération,Hors intersection,Normale,Autre collision,2,3,4,0,3,3,1,0,1,90,,1,0,0,0,1,19.0,,,,3,1,1,1,6
202100027363,2021-07-22 18:10:00,2021,7,22,18,10,35,35238,Parc relais La Poterie,48.08709,-1.64287,Plein jour,Hors agglomération,Place,Normale,Deux véhicules - côté,6,-1,-1,1,1,1,1,0,5,20,,2,1,0,0,1,36.0,36.0,,,1,1,7,1,3
202100027364,2021-07-23 17:45:00,2021,7,23,17,45,33,33318,Avenue du Pontet,44.789986,-0.639274,Plein jour,En agglomération,Intersection en T,Normale,Deux véhicules - côté,4,2,2,0,1,1,1,0,1,50,,2,0,0,0,2,50.0,43.0,,,1,2,3,1,3
202100027365,2021-07-23 13:15:00,2021,7,23,13,15,33,33063,Rue Bergeon,44.82969,-0.56918,Plein jour,En agglomération,Intersection en X,Normale,Deux véhicules - côté,4,1,1,0,1,1,1,0,1,20,,2,1,0,0,1,31.0,24.0,,,1,2,2,1,3
202100027366,2021-07-23 07:50:00,2021,7,23,7,50,31,31555,CHE DU VERDON,43.625634,1.477919,Plein jour,En agglomération,Autre intersection,Normale,Deux véhicules - arrière,4,2,2,0,1,1,1,0,1,50,,2,1,0,0,1,36.0,75.0,,,1,2,9,1,2
202100027367,2021-07-23 22:00:00,2021,7,23,22,0,30,30007,BOISSIER DE SAUVAGE (quai),44.1267,4.07395,Nuit avec éclairage allumé,En agglomération,Hors intersection,Normale,Deux véhicules - côté,4,3,4,0,1,1,1,0,1,50,,2,1,0,0,1,10.0,55.0,,,5,2,1,1,3
202100027368,2021-07-23 22:40:00,2021,7,23,22,40,25,25056,VALENTIN  CHEMIN DE,47.271477,6.006482,Nuit avec éclairage allumé,En agglomération,Hors intersection,Normale,Deux véhicules - côté,4,2,1,0,4,1,1,0,1,50,,5,3,0,0,2,21.0,18.0,,,5,2,1,1,3
202100027369,2021-07-23 14:00:00,2021,7,23,14,0,19,19272,Saint Adrian (Lieu dit),45.2773174683,1.7871236801,Plein jour,Hors agglomération,Hors intersection,Normale,Deux véhicules - frontale,3,2,2,0,2,1,1,0,1,50,,2,0,0,0,2,42.0,73.0,,,1,1,1,1,1
202100027370,2021-07-20 16:57:00,2021,7,20,16,57,15,15014,PUPILLES DE LA NATION (AVENUE DES),44.91918,2.43881,Plein jour,En agglomération,Hors intersection,Normale,Trois véhicules et plus - en chaîne,4,2,4,0,1,1,1,0,1,50,,6,4,0,0,2,42.0,77.0,,,1,2,1,1,4
202100027371,2021-02-10 10:00:00,2021,2,10,10,0,13,13077,THOREZ MAURICE (avenue),43.40815,4.98107,Plein jour,En agglomération,Hors intersection,Normale,Autre collision,4,2,2,0,1,1,1,0,1,50,,2,1,0,1,0,29.0,,,,1,2,1,1,6
202100027372,2021-07-23 14:00:00,2021,7,23,14,0,13,13212,PIERRE CHEVALIER (avenue),43.2949124364,5.4270375391,Plein jour,En agglomération,Intersection en X,Normale,Deux véhicules - frontale,4,3,2,0,2,1,1,5,1,50,,2,1,0,1,0,48.0,26.0,,,1,2,2,1,1
202100027373,2021-07-22 22:50:00,2021,7,22,22,50,13,13202,MALAVAL (RUE),43.30484,5.37172,Nuit avec éclairage allumé,En agglomération,Hors intersection,Normale,Autre collision,4,1,1,0,1,1,1,0,1,50,,2,1,0,0,1,,,,,5,2,1,1,6
202100027374,2021-07-22 19:10:00,2021,7,22,19,10,13,13208,MICHELET (BOULEVARD),43.25942,5.39895,Plein jour,En agglomération,Hors intersection,Normale,Trois véhicules et plus - collisions multiples,7,2,6,3,2,1,1,0,1,50,,8,7,0,0,1,36.0,,,,1,2,1,1,5
202100027375,2021-07-23 13:04:00,2021,7,23,13,4,10,10357,EDOUARD VAILLANT (RUE),48.30121,4.09902,Plein jour,En agglomération,Hors intersection,Temps éblouissant,Autre collision,4,1,1,0,1,1,1,0,1,50,,1,0,0,0,1,65.0,,,,1,2,1,7,6
202100027376,2021-07-23 16:00:00,2021,7,23,16,0,06,06088,CESSOLE (BD DE) (A PARTIR DU 101-114),43.722061,7.250809,Plein jour,En agglomération,Autre intersection,Normale,Autre collision,4,2,2,0,2,1,1,0,1,50,,3,2,0,0,1,54.0,,,,1,2,9,1,6
202100027377,2021-07-23 08:00:00,2021,7,23,8,0,06,06069,Boulevard Emile Zola,43.65215,6.918669,Plein jour,En agglomération,Hors intersection,Normale,Deux véhicules - frontale,3,2,2,0,1,3,1,0,1,30,,2,1,0,0,1,32.0,31.0,,,1,2,1,1,1
202100027378,2021-07-21 14:00:00,2021,7,21,14,0,05,05061,PROVENCE (AVENUE DE),44.54104,6.05765,Plein jour,En agglomération,Hors intersection,Normale,Deux véhicules - côté,2,2,2,0,2,1,1,0,1,50,,2,0,0,0,2,21.0,54.0,,,1,2,1,1,3
202100027379,2021-07-22 12:10:00,2021,7,22,12,10,75,75113,QUAI D IVRY,48.823637,2.382249,Plein jour,En agglomération,Hors intersection,Normale,Deux véhicules - arrière,4,1,4,0,1,1,1,0,1,70,,3,1,0,0,2,39.0,79.0,,,1,2,1,1,2
202100027380,2021-07-20 09:30:00,2021,7,20,9,30,75,75115,PORTE DE VERSAILLES,48.829065,2.288675,Plein jour,En agglomération,Hors intersection,Normale,Deux véhicules - côté,4,1,3,0,1,1,1,0,1,70,,2,1,0,0,1,23.0,71.0,,,1,2,1,1,3
202100027381,2021-07-23 22:00:00,2021,7,23,22,0,75,75119,BOULEVARD SERURIER,48.887999,2.395355,Nuit avec éclairage allumé,En agglomération,Hors intersection,Normale,Deux véhicules - côté,4,3,5,1,2,1,1,0,5,30,,2,1,0,0,1,24.0,31.0,,,5,2,1,1,3
202100027382,2021-07-23 22:42:00,2021,7,23,22,42,75,75118,RUE DES POISSONNIERS,48.891191,2.351632,Nuit avec éclairage allumé,En agglomération,Intersection en X,Normale,Deux véhicules - côté,4,2,2,0,1,1,1,0,1,50,,2,1,0,0,1,66.0,24.0,,,5,2,2,1,3