accident_id,datetime,annee,mois,jour,heure,minute,departement,commune_insee,adresse,latitude,longitude,luminosite,agglomeration,intersection,meteo,collision,catr,circ,nbv,vosp,prof,plan,surf,infra,situ,vma,nb_vehicules,nb_usagers,nb_indemnes,nb_tues,nb_blesses_hosp,nb_blesses_legers,age_cond_1,age_cond_2,veh_type_cond_1,veh_type_cond_2,lum_code,agg_code,int_code,atm_code,col_code
202100027383,2021-07-23 19:50:00,2021,7,23,19,50,75,75118,RUE LETORT,48.897064,2.344057,Plein jour,En agglomération,Hors intersection,Normale,Autre collision,4,1,1,0,1,1,1,0,1,50,,2,1,0,0,1,20.0,,,,1,2,1,1,6
202100027384,2021-07-23 16:05:00,2021,7,23,16,5,75,75118,BOULEVARD ORNANO,48.897202,2.345007,Plein jour,En agglomération,Hors intersection,Normale,Autre collision,4,2,4,0,1,1,1,0,1,50,,2,1,0,0,1,54.0,,,,1,2,1,1,6
202100027385,2021-07-23 19:50:00,2021,7,23,19,50,75,75117,AVENUE DE LA GRANDE ARMEE,48.874599,2.293113,Plein jour,En agglomération,Intersection en X,Normale,Trois véhicules et plus - collisions multiples,4,3,3,0,1,1,1,0,1,50,,5,4,0,0,1,54.0,42.0,,,1,2,2,1,5
202100027386,2021-07-23 12:35:00,2021,7,23,12,35,75,75117,BOULEVARD MALESHERBES,48.888853,2.304283,Plein jour,En agglomération,Intersection en Y,Normale,Deux véhicules - côté,4,2,2,3,1,1,1,0,6,50,,2,1,0,0,1,31.0,32.0,,,1,2,4,1,3
202100027387,2021-07-23 20:00:00,2021,7,23,20,0,75,75116,ALLEE DE LA REINE MARGUERITE,48.864915,2.249097,Plein jour,En agglomération,Intersection en T,Normale,Deux véhicules - côté,4,2,6,0,1,1,1,0,1,50,,2,1,0,0,1,30.0,44.0,,,1,2,3,1,3
202100027388,2021-07-23 17:40:00,2021,7,23,17,40,75,75116,AVENUE DU PRESIDENT WILSON,48.863765,2.290674,Plein jour,En agglomération,Intersection en X,Normale,Deux véhicules - côté,4,3,4,0,2,1,1,0,1,50,,4,3,0,0,1,35.0,34.0,,,1,2,2,1,3
202100027389,2021-07-21 20:45:00,2021,7,21,20,45,75,75116,ROUTE DES TRIBUNES,48.861887,2.23042,Plein jour,En agglomération,Hors intersection,Normale,Deux véhicules - arrière,4,2,2,1,1,3,1,0,5,50,,2,1,0,0,1,32.0,,,,1,2,1,1,2
202100027390,2021-07-23 02:45:00,2021,7,23,2,45,75,75104,RUE DE LA CERISAIE,48.851841292,2.3664914316,Nuit avec éclairage allumé,En agglomération,Intersection en T,Normale,Autre collision,4,1,1,2,1,1,1,0,1,50,,2,1,0,0,1,25.0,,,,5,2,3,1,6
202100027391,2021-07-23 12:30:00,2021,7,23,12,30,94,94078,Avenue Winston Churchill,48.7531,2.4522,Plein jour,En agglomération,Intersection en T,Normale,Deux véhicules - côté,3,1,2,0,1,1,1,0,1,50,,2,1,0,0,1,31.0,30.0,,,1,2,3,1,3
202100027392,2021-07-23 17:40:00,2021,7,23,17,40,94,94068,PAUL DEROULEDE (R),48.78954,2.48352,Plein jour,En agglomération,Intersection en T,Normale,Deux véhicules - côté,4,1,1,0,1,1,1,0,1,30,,2,1,0,0,1,30.0,28.0,,,1,2,3,1,3
202100027393,2021-07-23 16:15:00,2021,7,23,16,15,94,94068,Boulevard des Corneilles,48.78579,2.49215,Plein jour,En agglomération,Intersection en X,Normale,Deux véhicules - côté,4,2,2,0,1,1,1,0,1,30,,2,1,0,0,1,45.0,86.0,,,1,2,2,1,3
202100027394,2021-07-22 02:15:00,2021,7,22,2,15,94,94068,Boulevard de Créteil,48.79813,2.48402,Nuit avec éclairage allumé,En agglomération,Intersection en X,Normale,Deux véhicules - côté,3,2,2,0,1,1,1,0,1,30,,3,0,0,0,3,21.0,23.0,,,5,2,2,1,3
202100027395,2021-07-23 08:45:00,2021,7,23,8,45,94,94058,Avenue du Général de Gaulle,48.848174,2.497313,Plein jour,En agglomération,Autre intersection,Normale,Deux véhicules - côté,3,2,2,0,1,1,1,0,1,50,,2,1,0,0,1,53.0,40.0,,,1,2,9,1,3
202100027396,2021-07-23 02:20:00,2021,7,23,2,20,94,94015,Boulevard du General Gallieni,48.84513,2.52768,Nuit avec éclairage allumé,En agglomération,Intersection en X,Normale,Deux véhicules - côté,4,2,2,0,1,1,1,0,1,50,,3,2,0,0,1,23.0,34.0,,,5,2,2,1,3
202100027397,2021-07-23 17:25:00,2021,7,23,17,25,94,94046,Avenue du Général Leclerc,48.80583,2.44094,Plein jour,En agglomération,Intersection en X,Normale,Deux véhicules - côté,3,-1,4,0,1,1,1,0,1,50,,3,2,0,0,1,42.0,35.0,,,1,2,2,1,3
202100027398,2021-07-23 17:05:00,2021,7,23,17,5,94,94021,Avenue de Stalingrad,48.76836,2.36787,Plein jour,En agglomération,Hors intersection,Normale,Deux véhicules - côté,3,1,2,0,1,1,1,0,1,50,,2,1,0,0,1,47.0,30.0,,,1,2,1,1,3
202100027399,2021-07-23 19:25:00,2021,7,23,19,25,94,94028,EGLISE.(PLACE DE L'),48.793657,2.460957,Plein jour,En agglomération,Autre intersection,Normale,Deux véhicules - côté,3,1,3,3,1,1,1,5,1,50,,2,1,0,0,1,51.0,48.0,,,1,2,9,1,3
202100027400,2021-07-23 00:25:00,2021,7,23,0,25,94,94060,ANDRE GIDE (AV),48.789,2.5733,Nuit avec éclairage allumé,En agglomération,Hors intersection,Normale,Autre collision,4,2,2,0,1,1,1,0,4,50,,2,0,0,0,2,28.0,,,,5,2,1,1,6
202100027401,2021-07-23 18:40:00,2021,7,23,18,40,93,93073,Rue du Chapitre,49.0030683826,2.5368440594,Plein jour,Hors agglomération,Hors intersection,Normale,Deux véhicules - frontale,9,2,2,0,1,1,1,0,1,50,,2,0,0,0,2,33.0,52.0,,,1,1,1,1,1
202100027402,2021-07-23 08:30:00,2021,7,23,8,30,93,93073,Rue du Chapitre,49.002242867,2.5369866425,Plein jour,Hors agglomération,Autre intersection,Normale,Deux véhicules - arrière,9,1,3,0,1,2,1,9,1,90,,3,2,0,0,1,41.0,31.0,,,1,1,9,1,2
202100027403,2021-07-21 09:45:00,2021,7,21,9,45,93,93078,Avenue Georges Clémenceau / Avenue Charles de Gaulle,48.9582,2.55844,Plein jour,En agglomération,Intersection en X,Normale,Deux véhicules - frontale,3,2,4,0,1,1,1,5,1,50,,2,1,0,1,0,,31.0,,,1,2,2,1,1
202100027404,2021-07-23 17:00:00,2021,7,23,17,0,92,92051,"JEAN MERMOZ (BOULEVARD, N° 5 A 15)",48.8859858609,2.2688396434,Plein jour,En agglomération,Intersection en X,Normale,Autre collision,4,2,2,0,1,1,1,0,1,50,,2,1,0,0,1,31.0,,,,1,2,2,1,6
202100027405,2021-07-23 08:15:00,2021,7,23,8,15,92,92025,PAUL BERT (RUE),48.930443,2.245252,Plein jour,En agglomération,Hors intersection,Normale,Deux véhicules - côté,3,-1,4,0,1,1,1,0,1,50,,2,1,0,1,0,20.0,52.0,,,1,2,1,1,3
202100027406,2021-07-23 13:30:00,2021,7,23,13,30,92,92002,VELPEAU (RUE),48.76184,2.30491,Plein jour,En agglomération,Hors intersection,Normale,Deux véhicules - frontale,4,2,2,0,1,1,1,0,1,30,,2,0,0,0,2,21.0,26.0,,,1,2,1,1,1
202100027407,2021-07-23 04:05:00,2021,7,23,4,5,92,92014,MARECHAL JOFFRE (BD DU) (1 A 41 - 2 A 56,48.78541,2.31669,Nuit avec éclairage allumé,En agglomération,Hors intersection,Normale,Autre collision,3,1,2,0,2,1,1,0,1,50,,1,0,0,1,0,20.0,,,,5,2,1,1,6
202100027408,2021-07-22 08:20:00,2021,7,22,8,20,92,92002,ADOLPHE PAJEAUD (RUE),48.74121,2.28364,Plein jour,En agglomération,Hors intersection,Normale,Deux véhicules - côté,3,3,1,0,1,1,1,0,1,50,,2,1,0,0,1,45.0,43.0,,,1,2,1,1,3
202100027409,2021-07-24 13:10:00,2021,7,24,13,10,11,11367,D103,43.358043,2.188618,Plein jour,Hors agglomération,Hors intersection,Normale,Sans collision,3,2,2,0,1,2,9,0,1,80,,1,0,0,1,0,29.0,,,,1,1,1,1,7
202100027410,2021-07-23 19:45:00,2021,7,23,19,45,60,60106,182 Rue de la Bruyère,49.370099,2.456571,Plein jour,En agglomération,Hors intersection,Normale,Autre collision,4,2,1,0,2,3,1,0,1,50,,1,0,0,0,1,76.0,,,,1,2,1,1,6
202100027411,2021-07-23 12:20:00,2021,7,23,12,20,973,97362,route de Loka,3.818631,-54.160988,Plein jour,Hors agglomération,Hors intersection,Normale,Sans collision,9,2,2,0,3,2,1,0,3,80,,3,1,0,1,1,44.0,,,,1,1,1,1,7
202100027412,2021-07-23 10:00:00,2021,7,23,10,0,06,06161,494 Route Départementale 6007,43.646122,7.136339,Plein jour,Hors agglomération,Hors intersection,Normale,Deux véhicules - côté,3,3,4,0,1,1,1,0,1,70,,2,1,0,0,1,62.0,23.0,,,1,1,1,1,3
202100027413,2021-07-24 11:30:00,2021,7,24,11,30,21,21298,A6 - PK 253+700,47.3263221278,4.4855384533,Plein jour,Hors agglomération,Hors intersection,Pluie forte,Trois véhicules et plus - en chaîne,1,3,4,0,1,1,3,0,1,110,,8,7,0,1,0,47.0,27.0,,,1,1,1,3,4
202100027414,2021-07-23 17:45:00,2021,7,23,17,45,62,62620,Rue de l Eglise,50.582409,2.410973,Plein jour,En agglomération,Intersection en T,Normale,Deux véhicules - côté,3,2,1,0,1,1,1,0,1,30,,2,1,0,0,1,17.0,19.0,,,1,2,3,1,3
202100027415,2021-07-23 14:10:00,2021,7,23,14,10,51,51107,Rue de Paris,48.899674,4.093024,Plein jour,Hors agglomération,Autre intersection,Normale,Deux véhicules - côté,3,2,2,0,1,1,1,0,1,90,,4,0,0,2,2,42.0,34.0,,,1,1,9,1,3
202100027416,2021-07-24 12:50:00,2021,7,24,12,50,56,56204,Keriolas,47.893156,-2.752856,Plein jour,Hors agglomération,Hors intersection,Pluie légère,Deux véhicules - frontale,3,2,2,0,2,3,2,0,1,80,,2,1,0,0,1,33.0,60.0,,,1,1,1,2,1
202100027417,2021-07-24 11:25:00,2021,7,24,11,25,79,79013,,46.978613,-0.457778,Plein jour,Hors agglomération,Hors intersection,Pluie légère,Autre collision,3,2,2,0,2,3,2,0,3,70,,1,0,0,1,0,22.0,,,,1,1,1,2,6
202100027418,2021-07-24 00:45:00,2021,7,24,0,45,82,82087,4228 Route de Saint-Jean,44.123674,1.274173,Nuit sans éclairage public,Hors agglomération,Hors intersection,Normale,Autre collision,4,2,2,0,2,3,1,0,3,80,,5,0,0,3,2,19.0,,,,3,1,1,1,6
202100027419,2021-07-22 14:05:00,2021,7,22,14,5,81,81128,Crémaussel,43.664946,2.391737,Plein jour,Hors agglomération,Hors intersection,Normale,Autre collision,4,2,2,0,2,1,1,0,1,80,,2,1,0,0,1,58.0,,,,1,1,1,1,6
202100027420,2021-07-24 02:30:00,2021,7,24,2,30,32,32410,Avenue de Cazaux,43.498441,0.935694,Nuit sans éclairage public,En agglomération,Hors intersection,Normale,Autre collision,3,2,2,0,1,1,1,0,3,50,,1,0,1,0,0,23.0,,,,3,2,1,1,6
202100027421,2021-07-24 11:00:00,2021,7,24,11,0,76,76711,Rue de la Poissonnerie,50.062756,1.370158,Plein jour,En agglomération,Hors intersection,Normale,Autre collision,6,-1,-1,0,1,1,1,0,1,-1,,4,1,0,2,1,73.0,,,,1,2,1,1,6
202100027422,2021-07-24 05:40:00,2021,7,24,5,40,61,61208,Champ Hubert,48.671849,0.703672,Crépuscule ou aube,Hors agglomération,Hors intersection,Normale,Autre collision,3,2,2,0,1,4,1,0,1,80,,2,0,0,2,0,24.0,,,,2,1,1,1,6
202100027423,2021-07-21 23:15:00,2021,7,21,23,15,61,61456,Rue de la Fonte,48.768187,0.643533,Nuit sans éclairage public,Hors agglomération,Hors intersection,Normale,Deux véhicules - frontale,4,2,2,0,1,3,1,0,1,80,,2,1,0,0,1,34.0,23.0,,,3,1,1,1,1
202100027424,2021-07-24 18:40:00,2021,7,24,18,40,42,42128,N7,45.918087,4.331703,Plein jour,Hors agglomération,Autre intersection,Normale,Deux véhicules - frontale,2,4,3,0,3,2,1,5,1,70,,4,0,0,0,4,64.0,23.0,,,1,1,9,1,1
202100027425,2021-07-21 09:30:00,2021,7,21,9,30,42,42149,Avenue de la Gare,45.6441650427,4.2323984206,Plein jour,En agglomération,Intersection en Y,Normale,Autre collision,3,2,2,0,1,1,1,0,1,50,,2,1,0,1,0,55.0,,,,1,2,4,1,6
202100027426,2021-07-24 02:40:00,2021,7,24,2,40,46,46284,D19,44.878719,1.849694,Nuit sans éclairage public,Hors agglomération,Hors intersection,Normale,Autre collision,3,2,2,0,1,1,1,0,8,80,,2,0,1,1,0,25.0,,,,3,1,1,1,6
202100027427,2021-07-23 17:45:00,2021,7,23,17,45,41,41078,D957,47.898848,0.932593,Plein jour,Hors agglomération,Giratoire,Normale,Autre collision,3,3,2,0,1,3,8,0,4,80,,2,1,0,1,0,48.0,,,,1,1,6,1,6
202100027428,2021-07-24 19:30:00,2021,7,24,19,30,34,34010,D 32,43.672373,3.571061,Plein jour,Hors agglomération,Hors intersection,Normale,Autre collision,3,2,2,0,1,1,1,0,8,80,,2,0,0,1,1,39.0,,,,1,1,1,1,6
202100027429,2021-07-23 17:55:00,2021,7,23,17,55,68,68200,3 Rue de la Vallée,47.615747,7.105724,Plein jour,En agglomération,Hors intersection,Normale,Deux véhicules - arrière,3,2,2,0,2,2,1,0,1,50,,2,1,0,0,1,51.0,59.0,,,1,2,1,1,2
202100027430,2021-07-19 08:12:00,2021,7,19,8,12,29,29285,Lieu-dit Lodeven,48.634791,-4.091656,Plein jour,Hors agglomération,Intersection en X,Normale,Deux véhicules - côté,4,2,2,0,1,1,1,0,1,-1,,2,1,0,1,0,31.0,66.0,,,1,1,2,1,3
202100027431,2021-07-24 12:10:00,2021,7,24,12,10,29,29003,Rue Rene Laënnec (Audierne),48.023917,-4.55909,Plein jour,En agglomération,Hors intersection,Temps couvert,Deux véhicules - frontale,4,2,2,0,1,1,2,0,1,50,,2,1,0,0,1,15.0,31.0,,,1,2,1,8,1
202100027432,2021-07-24 11:15:00,2021,7,24,11,15,31,31033,Route de Grépiac,43.369068,1.471551,Plein jour,Hors agglomération,Hors intersection,Normale,Autre collision,3,2,2,0,1,1,1,0,3,80,,1,0,0,1,0,55.0,,,,1,1,1,1,6
202100027433,2021-07-23 23:15:00,2021,7,23,23,15,03,03236,16 Rue de Bourzat,46.197909,3.432552,Nuit sans éclairage public,En agglomération,Hors intersection,Normale,Autre collision,4,1,1,0,1,2,1,0,8,70,,3,1,0,0,2,35.0,,,,3,2,1,1,6
202100027434,2021-07-23 02:00:00,2021,7,23,2,0,26,26339,Route Departementale 165,44.594975,4.795618,Nuit sans éclairage public,Hors agglomération,Hors intersection,Normale,Autre collision,3,2,2,0,1,2,1,0,1,70,,1,0,0,1,0,42.0,,,,3,1,1,1,6
202100027435,2021-07-22 23:15:00,2021,7,22,23,15,26,26124,6830 Route Nationale 7,44.817129,4.858832,Nuit sans éclairage public,Hors agglomération,Hors intersection,Normale,Sans collision,2,2,2,0,1,1,1,0,1,90,,1,0,0,0,1,25.0,,,,3,1,1,1,7
202100027436,2021-07-23 16:20:00,2021,7,23,16,20,72,72029,D26,48.226081,0.128395,Plein jour,En agglomération,Autre intersection,Temps éblouissant,Deux véhicules - côté,3,2,2,0,1,1,1,5,1,50,,2,1,0,1,0,44.0,22.0,,,1,2,9,7,3
202100027437,2021-07-24 16:30:00,2021,7,24,16,30,72,72195,Route des Foutaies,47.835963574,-0.0129932503,Plein jour,Hors agglomération,Autre intersection,Autre,Autre collision,3,2,2,0,1,3,2,0,1,50,,4,2,0,0,2,20.0,,,,1,1,9,9,6
202100027438,2021-07-24 19:55:00,2021,7,24,19,55,14,14682,D312,49.306256,0.221175,Plein jour,Hors agglomération,Intersection en Y,Pluie légère,Autre collision,3,2,2,0,2,2,2,0,3,45,,4,1,0,1,2,41.0,,,,1,1,4,2,6
202100027439,2021-07-23 20:40:00,2021,7,23,20,40,64,64490,Le Hameau d Exave,43.23736,-1.310817,Plein jour,En agglomération,Hors intersection,Normale,Deux véhicules - frontale,3,2,2,0,2,2,1,0,1,50,,2,1,0,0,1,12.0,22.0,,,1,2,1,1,1
202100027440,2021-07-23 11:35:00,2021,7,23,11,35,64,64490,D918,43.223848,-1.298726,Plein jour,Hors agglomération,Intersection en T,Normale,Deux véhicules - côté,3,2,2,0,1,1,1,0,1,80,,2,1,0,1,0,28.0,69.0,,,1,1,3,1,3
202100027441,2021-07-24 02:00:00,2021,7,24,2,0,43,43227,D231,45.287418,4.309505,Nuit sans éclairage public,Hors agglomération,Hors intersection,Normale,Autre collision,3,2,2,0,2,2,1,0,3,70,,2,0,1,1,0,26.0,,,,3,1,1,1,6
202100027442,2021-07-24 03:25:00,2021,7,24,3,25,10,10404,RD67,48.041473,4.558859,Nuit sans éclairage public,Hors agglomération,Hors intersection,Pluie forte,Autre collision,3,2,2,0,1,1,2,0,8,80,,3,0,0,1,2,25.0,,,,3,1,1,3,6
202100027443,2021-07-24 00:15:00,2021,7,24,0,15,07,07027,D21,44.82911,4.783714,Nuit sans éclairage public,Hors agglomération,Hors intersection,Normale,Sans collision,3,2,2,0,1,1,1,0,8,50,,2,0,0,1,1,31.0,,,,3,1,1,1,7
202100027444,2021-07-22 18:57:00,2021,7,22,18,57,40,40131,D626,43.950239,-0.157006,Plein jour,Hors agglomération,Intersection en X,Normale,Autre collision,3,2,2,0,1,1,1,0,1,80,,2,1,0,1,0,23.0,,,,1,1,2,1,6
202100027445,2021-07-22 08:00:00,2021,7,22,8,0,24,24291,avenue du Chambon,45.073862,1.171203,Plein jour,En agglomération,Hors intersection,Normale,Deux véhicules - frontale,3,2,2,0,1,1,1,0,1,50,,2,0,0,1,1,71.0,54.0,,,1,2,1,1,1
202100027446,2021-07-24 12:35:00,2021,7,24,12,35,04,04135,RD 952,43.856274,6.197968,Plein jour,Hors agglomération,Hors intersection,Normale,Sans collision,3,2,2,0,4,3,1,0,3,80,,1,0,0,0,1,65.0,,,,1,1,1,1,7
202100027447,2021-07-23 15:55:00,2021,7,23,15,55,04,04244,RD 4 / Ch de Saint Jean,44.122669,6.002907,Plein jour,En agglomération,Intersection en T,Normale,Deux véhicules - côté,3,2,1,0,3,1,1,0,1,50,,4,0,1,1,2,21.0,82.0,,,1,2,3,1,3
202100027448,2021-07-24 00:15:00,2021,7,24,0,15,85,85123,Route de Sainte-Christine,46.365114,-0.695357,Nuit sans éclairage public,Hors agglomération,Hors intersection,Normale,Deux véhicules - côté,3,2,2,0,1,1,1,0,1,80,,3,2,0,1,0,17.0,17.0,,,3,1,1,1,3
202100027449,2021-07-14 16:00:00,2021,7,14,16,0,27,27417,D316,49.366571,1.565037,Plein jour,Hors agglomération,Intersection en X,Normale,Deux véhicules - côté,3,2,2,0,1,1,1,0,1,80,,4,2,0,0,2,85.0,24.0,,,1,1,2,1,3
202100027450,2021-07-24 02:00:00,2021,7,24,2,0,27,27013,5 Route du Val Pitan,49.311173,1.249502,Nuit sans éclairage public,En agglomération,Intersection en X,Normale,Autre collision,3,2,2,0,1,1,1,0,3,50,,6,0,4,0,2,18.0,,,,3,2,2,1,6
202100027451,2021-07-24 14:30:00,2021,7,24,14,30,27,27210,D613,49.130689,0.81323,Plein jour,Hors agglomération,Intersection en X,Normale,Deux véhicules - frontale,3,2,4,0,1,1,1,9,1,80,,4,0,0,2,2,89.0,50.0,,,1,1,2,1,1
202100027452,2021-07-24 16:30:00,2021,7,24,16,30,52,52371,Départementale 167,48.229265,5.114168,Plein jour,Hors agglomération,Autre intersection,Pluie légère,Deux véhicules - frontale,3,2,2,0,1,2,2,0,1,70,,3,2,0,0,1,60.0,47.0,,,1,1,9,2,1
202100027453,2021-07-24 05:50:00,2021,7,24,5,50,13,13091,route nationale 7,43.606157,5.335729,Plein jour,Hors agglomération,Hors intersection,Normale,Deux véhicules - frontale,7,2,2,0,1,1,1,0,3,80,,1,0,1,0,0,23.0,,,,1,1,1,1,1
202100027454,2021-07-23 09:40:00,2021,7,23,9,40,13,13051,D15,43.613522,5.138683,Plein jour,Hors agglomération,Intersection en X,Normale,Deux véhicules - côté,7,2,2,0,1,1,1,0,1,80,,2,1,0,1,0,65.0,76.0,,,1,1,2,1,3
202100027455,2021-07-23 22:23:00,2021,7,23,22,23,973,97309,582 Route de Montjoly,4.916075,-52.275676,Nuit avec éclairage allumé,En agglomération,Hors intersection,Normale,Deux véhicules - côté,3,2,2,0,1,1,1,0,1,50,,2,1,0,0,1,22.0,26.0,,,5,2,1,1,3
202100027456,2021-07-19 15:20:00,2021,7,19,15,20,69,69288,A432 - barrière de péage de Saint Exupéry,45.672802,5.05119,Plein jour,Hors agglomération,Hors intersection,Normale,Deux véhicules - arrière,1,1,5,0,1,1,1,7,1,50,,5,4,0,0,1,25.0,35.0,,,1,1,1,1,2
202100027457,2021-07-17 09:55:00,2021,7,17,9,55,74,74081,Av du Dr Jacques Arnaud,46.065519,6.570677,Plein jour,En agglomération,Hors intersection,Normale,Autre collision,4,2,2,0,1,1,1,0,1,50,,2,1,0,0,1,78.0,,,,1,2,1,1,6
202100027458,2021-07-24 07:30:00,2021,7,24,7,30,988,98831,VU60,-20.936962,164.718039,Plein jour,Hors agglomération,Hors intersection,Normale,Sans collision,4,2,2,0,1,2,9,0,1,70,,2,0,1,0,1,34.0,,,,1,1,1,1,7
202100027459,2021-07-23 16:25:00,2021,7,23,16,25,29,29233,Rue du Viaduc,47.866496,-3.54315,Plein jour,En agglomération,Hors intersection,Normale,Autre collision,4,2,2,0,1,2,1,0,8,30,,2,0,2,0,0,88.0,,,,1,2,1,1,6
202100027460,2021-07-23 14:30:00,2021,7,23,14,30,37,37027,D976,47.322523,0.970442,Plein jour,Hors agglomération,Hors intersection,Normale,Deux véhicules - frontale,3,2,2,0,2,3,1,0,1,90,,2,1,0,0,1,44.0,24.0,,,1,1,1,1,1
202100027461,2021-07-23 11:40:00,2021,7,23,11,40,28,28279,D104 PR37+700,48.631802,1.53343,Plein jour,Hors agglomération,Hors intersection,Temps éblouissant,Sans collision,3,2,2,0,1,4,1,0,3,80,,2,1,0,1,0,25.0,41.0,,,1,1,1,7,7
202100027462,2021-07-24 11:30:00,2021,7,24,11,30,48,48198,RD 906 48800,44.451045,3.931904,Plein jour,Hors agglomération,Hors intersection,Normale,Autre collision,3,2,2,0,1,3,1,0,1,90,,2,0,1,0,1,36.0,49.0,,,1,1,1,1,6
202100027463,2021-07-24 09:20:00,2021,7,24,9,20,83,83112,D1559,43.178129,5.701888,Plein jour,En agglomération,Hors intersection,Normale,Deux véhicules - frontale,3,2,2,0,1,1,1,0,1,70,,2,1,0,1,0,37.0,48.0,,,1,2,1,1,1
202100027464,2021-07-24 03:30:00,2021,7,24,3,30,83,83065,D98a,43.263726,6.613212,Nuit avec éclairage allumé,Hors agglomération,Hors intersection,Normale,Autre collision,3,3,1,1,1,1,1,9,1,70,,2,1,0,1,0,60.0,,,,5,1,1,1,6
202100027465,2021-07-23 23:15:00,2021,7,23,23,15,83,83068,Route du Littoral,43.272354,6.573794,Nuit avec éclairage allumé,Hors agglomération,Hors intersection,Normale,Deux véhicules - frontale,3,2,2,0,1,1,1,0,1,70,,2,1,0,1,0,29.0,42.0,,,5,1,1,1,1
202100027466,2021-07-23 18:45:00,2021,7,23,18,45,83,83059,rd 43,43.344671,6.087574,Plein jour,Hors agglomération,Intersection en X,Normale,Deux véhicules - côté,3,2,1,0,1,1,1,5,1,80,,2,1,0,0,1,26.0,40.0,,,1,1,2,1,3
202100027467,2021-07-14 04:20:00,2021,7,14,4,20,13,13041,Route Departementale 6,43.473228,5.477629,Nuit sans éclairage public,Hors agglomération,Hors intersection,Normale,Trois véhicules et plus - collisions multiples,7,3,4,0,1,1,1,0,1,110,,2,0,0,1,1,37.0,,,,3,1,1,1,5
202100027468,2021-07-23 20:00:00,2021,7,23,20,0,68,68247,D27,47.950314,7.001359,Plein jour,Hors agglomération,Hors intersection,Normale,Sans collision,3,2,2,0,2,2,1,0,3,80,,1,0,0,1,0,37.0,,,,1,1,1,1,7
202100027469,2021-07-23 09:40:00,2021,7,23,9,40,74,74160,D160,45.873032,6.41696,Plein jour,Hors agglomération,Hors intersection,Normale,Deux véhicules - côté,3,2,2,0,2,3,1,0,1,80,,3,1,0,1,1,19.0,72.0,,,1,1,1,1,3
202100027470,2021-06-18 16:10:00,2021,6,18,16,10,69,69116,SAINT ANDRE (DE) (CHM),45.8299779402,4.7819495201,Plein jour,En agglomération,Intersection en X,Normale,Deux véhicules - côté,7,2,2,-1,1,4,1,0,1,-1,,2,1,0,1,0,32.0,58.0,,,1,2,2,1,3
202100027471,2021-07-23 16:15:00,2021,7,23,16,15,64,64064,Rn 134,43.114189,-0.618882,Plein jour,Hors agglomération,Hors intersection,Normale,Autre collision,2,2,2,0,1,1,1,9,3,80,,1,0,0,1,0,64.0,,,,1,1,1,1,6
202100027472,2021-07-24 16:40:00,2021,7,24,16,40,33,33238,5 Avenue de la Duragne,44.732238,-0.593492,Plein jour,En agglomération,Hors intersection,Normale,Deux véhicules - côté,4,2,2,2,1,1,1,0,1,50,,5,2,0,0,3,18.0,36.0,,,1,2,1,1,3
202100027473,2021-07-23 08:50:00,2021,7,23,8,50,33,33422,Avenue de Pierroton,44.769771,-0.771339,Plein jour,Hors agglomération,Intersection en X,Temps couvert,Deux véhicules - côté,3,2,2,0,1,1,1,0,1,80,,3,2,0,1,0,20.0,49.0,,,1,1,2,8,3
202100027474,2021-07-23 13:20:00,2021,7,23,13,20,33,33422,,44.802503,-0.828035,Plein jour,Hors agglomération,Hors intersection,Normale,Deux véhicules - côté,3,2,2,0,1,1,1,0,1,80,,2,1,0,1,0,22.0,31.0,,,1,1,1,1,3
202100027475,2021-07-24 18:00:00,2021,7,24,18,0,85,85151,D160,46.98834,-0.93823,Plein jour,Hors agglomération,Hors intersection,Pluie légère,Trois véhicules et plus - en chaîne,3,2,2,0,1,3,2,0,1,80,,4,2,0,0,2,23.0,58.0,,,1,1,1,2,4
202100027476,2021-07-19 15:47:00,2021,7,19,15,47,22,22067,Rue de Gourland,48.5605936246,-3.1670769205,Plein jour,En agglomération,Hors intersection,Normale,Deux véhicules - frontale,4,2,2,0,1,3,1,0,1,50,,2,1,0,1,0,16.0,46.0,,,1,2,1,1,1
202100027477,2021-07-22 18:10:00,2021,7,22,18,10,13,13207,TVPCM-Sens Saint Victor vers Les Ports,43.2910179317,5.3648482661,Plein jour,Hors agglomération,Hors intersection,Normale,Deux véhicules - arrière,1,3,2,0,1,1,1,1,1,50,,2,1,0,0,1,78.0,35.0,,,1,1,1,1,2
202100027478,2021-07-22 17:54:00,2021,7,22,17,54,13,13033,A55-Sens Martigues vers Marseille,43.37547,5.19967,Plein jour,Hors agglomération,Hors intersection,Normale,Deux véhicules - arrière,1,1,2,0,1,1,1,0,1,110,,2,1,0,1,0,45.0,66.0,,,1,1,1,1,2
202100027479,2021-07-23 03:45:00,2021,7,23,3,45,54,54483,Autoroute A 33,48.61759,6.31188,Nuit sans éclairage public,Hors agglomération,Hors intersection,Normale,Autre collision,1,3,4,0,2,3,1,0,3,110,,2,0,0,0,2,23.0,,,,3,1,1,1,6