accident_id,datetime,annee,mois,jour,heure,minute,departement,commune_insee,adresse,latitude,longitude,luminosite,agglomeration,intersection,meteo,collision,catr,circ,nbv,vosp,prof,plan,surf,infra,situ,vma,nb_vehicules,nb_usagers,nb_indemnes,nb_tues,nb_blesses_hosp,nb_blesses_legers,age_cond_1,age_cond_2,veh_type_cond_1,veh_type_cond_2,lum_code,agg_code,int_code,atm_code,col_code
202100027480,2021-07-23 19:20:00,2021,7,23,19,20,33,33167,Rocade Rive Droite N230,44.836707,-0.500221,Plein jour,Hors agglomération,Hors intersection,Normale,Sans collision,2,3,6,0,2,2,1,0,1,90,,1,0,0,0,1,22.0,,,,1,1,1,1,7
202100027481,2021-07-23 12:15:00,2021,7,23,12,15,33,33096,AUTOROUTE A 10,44.890778,-0.502514,Plein jour,Hors agglomération,Hors intersection,Normale,Trois véhicules et plus - en chaîne,1,3,6,0,1,1,1,3,1,90,,9,8,0,0,1,43.0,32.0,,,1,1,1,1,4
202100027482,2021-07-22 18:05:00,2021,7,22,18,5,59,59599,ROUTE DEPARTEMENTALE 656,50.702524,3.15893,Plein jour,Hors agglomération,Hors intersection,Normale,Trois véhicules et plus - en chaîne,7,3,4,0,1,3,1,0,1,90,,3,2,0,0,1,63.0,71.0,,,1,1,1,1,4
202100027483,2021-07-23 21:35:00,2021,7,23,21,35,94,94034,AUTOROUTE A86,48.75548,2.34296,Plein jour,Hors agglomération,Hors intersection,Normale,Autre collision,1,1,2,0,1,1,1,0,1,70,,2,1,0,0,1,22.0,,,,1,1,1,1,6
202100027484,2021-07-23 18:30:00,2021,7,23,18,30,91,91064,RN 118,48.77018,2.22931,Plein jour,Hors agglomération,Hors intersection,Normale,Deux véhicules - arrière,2,1,2,0,1,1,1,0,1,70,,2,1,0,0,1,27.0,25.0,,,1,1,1,1,2
202100027485,2021-07-23 17:10:00,2021,7,23,17,10,92,92002,AUTOROUTE A10,48.73225,2.31072,Plein jour,Hors agglomération,Hors intersection,Normale,Deux véhicules - côté,1,3,3,0,1,1,1,0,1,90,,2,1,0,0,1,52.0,57.0,,,1,1,1,1,3
202100027486,2021-07-23 04:35:00,2021,7,23,4,35,91,91228,AUTOROUTE A6,48.61345,2.43047,Nuit sans éclairage public,Hors agglomération,Hors intersection,Normale,Autre collision,1,3,6,0,1,1,1,0,1,110,,1,0,0,0,1,27.0,,,,3,1,1,1,6
202100027487,2021-07-23 01:25:00,2021,7,23,1,25,94,94069,A4,48.817392416,2.4362247214,Nuit sans éclairage public,Hors agglomération,Autre intersection,Normale,Autre collision,1,1,4,0,1,1,1,0,1,90,,1,0,0,0,1,51.0,,,,3,1,9,1,6
202100027488,2021-07-22 12:40:00,2021,7,22,12,40,75,75112,RUE DE REUILLY,48.845309,2.388956,Plein jour,En agglomération,Intersection en T,Normale,Deux véhicules - côté,4,2,2,0,4,1,1,0,1,30,,2,1,0,0,1,,30.0,,,1,2,3,1,3
202100027489,2021-07-21 18:20:00,2021,7,21,18,20,974,97416,RN3 (ANCIENNE ROUTE),-21.3024361106,55.5015161633,Nuit sans éclairage public,Hors agglomération,Hors intersection,Normale,Deux véhicules - arrière,1,3,4,0,4,1,1,0,1,110,,2,1,0,0,1,75.0,23.0,,,3,1,1,1,2
202100027490,2021-07-21 08:25:00,2021,7,21,8,25,974,97407,14 JUILLET 1789(AVENUE DU),-20.9325,55.2943,Plein jour,En agglomération,Hors intersection,Normale,Deux véhicules - côté,4,-1,1,0,1,1,1,0,1,50,,2,1,0,0,1,71.0,,,,1,2,1,1,3
202100027491,2021-07-22 17:30:00,2021,7,22,17,30,973,97302,ARAGO (FRANCOIS),4.9371753437,-52.3313482628,Plein jour,En agglomération,Autre intersection,Normale,Deux véhicules - côté,4,-1,2,0,1,1,1,0,1,50,,2,1,0,0,1,27.0,19.0,,,1,2,9,1,3
202100027492,2021-07-22 16:35:00,2021,7,22,16,35,973,97302,LALLOUETTE,4.9407170049,-52.3292470734,Plein jour,En agglomération,Autre intersection,Normale,Deux véhicules - côté,4,1,1,0,1,1,1,9,1,50,,2,1,0,0,1,62.0,36.0,,,1,2,9,1,3
202100027493,2021-07-21 22:00:00,2021,7,21,22,0,973,97302,JACARANDAS (CITE),4.92905704,-52.31106621,Nuit avec éclairage allumé,En agglomération,Hors intersection,Normale,Sans collision,4,2,2,0,1,1,1,0,1,30,,1,0,0,0,1,40.0,,,,5,2,1,1,7
202100027494,2021-07-22 20:35:00,2021,7,22,20,35,69,69388,AUGUSTE CHOLLAT (R),45.73769,4.85017,Crépuscule ou aube,En agglomération,Hors intersection,Normale,Deux véhicules - frontale,4,1,1,0,4,2,1,0,1,50,,4,2,0,1,1,24.0,30.0,,,2,2,1,1,1
202100027495,2021-07-22 18:00:00,2021,7,22,18,0,69,69387,GUILLOTIERE (DE LA) (PT),45.7566673467,4.8385387659,Plein jour,En agglomération,Hors intersection,Normale,Autre collision,4,2,4,2,1,1,1,2,4,50,,2,1,0,0,1,17.0,,,,1,2,1,1,6
202100027496,2021-07-22 17:30:00,2021,7,22,17,30,69,69383,PAUL BERT (R),45.75571,4.84435,Plein jour,En agglomération,Hors intersection,Normale,Autre collision,4,1,1,2,1,1,1,0,5,50,,2,1,0,0,1,,,,,1,2,1,1,6
202100027497,2021-07-22 16:50:00,2021,7,22,16,50,69,69259,BERLIET (PT),45.70226,4.89263,Plein jour,En agglomération,Hors intersection,Normale,Trois véhicules et plus - en chaîne,4,2,2,0,2,1,1,0,1,50,,3,2,0,0,1,20.0,31.0,,,1,2,1,1,4
202100027498,2021-07-21 19:40:00,2021,7,21,19,40,69,69388,ST MAURICE (R),45.74068,4.86627,Plein jour,En agglomération,Intersection en X,Normale,Deux véhicules - côté,4,1,1,0,1,1,1,0,1,50,,2,1,0,0,1,47.0,,,,1,2,2,1,3
202100027499,2021-07-22 11:35:00,2021,7,22,11,35,69,69383,NAZARETH (DE) (R),45.75945,4.87,Plein jour,En agglomération,Hors intersection,Normale,Autre collision,4,1,1,2,1,1,1,0,1,50,,4,1,0,1,2,83.0,,,,1,2,1,1,6
202100027500,2021-07-22 12:30:00,2021,7,22,12,30,972,97209,GEORGES GRATIANT (AVENUE),14.61249,-61.04083,Plein jour,En agglomération,Hors intersection,Normale,Deux véhicules - arrière,4,2,2,0,2,1,1,0,1,30,,2,1,0,1,0,63.0,39.0,,,1,2,1,1,2
202100027501,2021-07-22 07:40:00,2021,7,22,7,40,971,97113,SECTION LEROUX,16.2348106657,-61.4724755287,Plein jour,Hors agglomération,Hors intersection,Normale,Deux véhicules - frontale,3,2,2,0,1,2,2,0,1,70,,2,0,0,2,0,57.0,25.0,,,1,1,1,1,1
202100027502,2021-07-22 18:50:00,2021,7,22,18,50,2A,2A004,RECCO ABBE BOULEVARD,41.9379183107,8.740033865,Plein jour,En agglomération,Hors intersection,Normale,Deux véhicules - côté,4,3,4,3,1,1,1,0,6,50,,3,2,0,0,1,26.0,19.0,,,1,2,1,1,3
202100027503,2021-07-21 18:50:00,2021,7,21,18,50,95,95197,Rue de la Gare,48.975366,2.332775,Plein jour,En agglomération,Intersection en T,Normale,Deux véhicules - frontale,3,2,2,0,1,2,1,0,1,50,,2,1,0,0,1,35.0,60.0,,,1,2,3,1,1
202100027504,2021-07-21 23:30:00,2021,7,21,23,30,91,91103,RUE D'ESTIENNE D'ORVES,48.60767,2.3039,Nuit avec éclairage allumé,En agglomération,Hors intersection,Normale,Deux véhicules - frontale,3,1,1,0,1,3,1,0,1,50,,2,1,0,0,1,39.0,32.0,,,5,2,1,1,1
202100027505,2021-07-22 17:00:00,2021,7,22,17,0,91,91286,EMILE ALLIAUD (AVENUE),48.64953,2.38366,Plein jour,En agglomération,Hors intersection,Normale,Trois véhicules et plus - collisions multiples,3,2,3,0,1,1,1,2,1,50,,3,2,0,0,1,43.0,47.0,,,1,2,1,1,5
202100027506,2021-07-21 19:53:00,2021,7,21,19,53,87,87085,LE BAIL (RUE JEAN),45.8386241525,1.2278613902,Plein jour,En agglomération,Hors intersection,Normale,Sans collision,4,2,2,0,1,1,1,0,1,50,,1,0,0,1,0,58.0,,,,1,2,1,1,7
202100027507,2021-07-21 18:23:00,2021,7,21,18,23,87,87085,GRINJOLLES (CHEMIN DE),45.88771,1.27553,Plein jour,En agglomération,Hors intersection,Normale,Sans collision,4,2,2,0,1,3,1,0,1,50,,1,0,0,0,1,37.0,,,,1,2,1,1,7
202100027508,2021-07-21 10:20:00,2021,7,21,10,20,86,86194,Boulevard Savari,46.576803,0.37832,Plein jour,En agglomération,Intersection en T,Normale,Deux véhicules - côté,4,2,4,0,1,2,1,0,1,50,,2,1,0,1,0,45.0,59.0,,,1,2,3,1,3
202100027509,2021-07-21 23:40:00,2021,7,21,23,40,84,84007,C.De GAULLE (Rocade),43.9288,4.80259,Nuit avec éclairage allumé,En agglomération,Hors intersection,Normale,Deux véhicules - arrière,4,2,4,0,1,1,1,0,1,70,,2,1,0,1,0,28.0,21.0,,,5,2,1,1,2
202100027510,2021-07-22 08:50:00,2021,7,22,8,50,83,83090,2 FRERES (CHEMIN DES),43.12759,5.85335,Plein jour,Hors agglomération,Intersection en T,Normale,Deux véhicules - côté,7,2,2,0,1,1,1,0,1,30,,2,0,0,0,2,45.0,36.0,,,1,1,3,1,3
202100027511,2021-07-22 14:27:00,2021,7,22,14,27,83,83069,CAWELL (AVENUE EDITH),43.11034,6.1256,Plein jour,En agglomération,Hors intersection,Normale,Deux véhicules - arrière,4,1,1,0,1,1,1,0,1,50,,2,1,0,0,1,50.0,75.0,,,1,2,1,1,2
202100027512,2021-07-23 01:35:00,2021,7,23,1,35,78,78551,LOGES (AVENUE DES),48.90784,2.09163,Nuit avec éclairage allumé,Hors agglomération,Hors intersection,Normale,Deux véhicules - arrière,3,2,0,0,1,1,1,0,1,50,,2,1,0,0,1,25.0,44.0,,,5,1,1,1,2
202100027513,2021-07-20 21:00:00,2021,7,20,21,0,77,77326,D50,48.5858,2.5572,Plein jour,Hors agglomération,Intersection en T,Normale,Deux véhicules - côté,3,2,3,0,2,1,1,0,1,50,,2,1,0,0,1,37.0,46.0,,,1,1,3,1,3
202100027514,2021-07-22 09:53:00,2021,7,22,9,53,76,76681,Rue Pierre Mendes-France,49.41293,1.09233,Plein jour,En agglomération,Hors intersection,Normale,Autre collision,4,2,2,0,1,1,1,0,4,50,,2,1,0,0,1,78.0,,,,1,2,1,1,6
202100027515,2021-07-22 08:40:00,2021,7,22,8,40,74,74012,LECLERC (AVENUE DU MARECHAL),46.18716,6.24791,Plein jour,En agglomération,Intersection en T,Normale,Deux véhicules - côté,4,2,2,2,1,1,1,0,1,50,,2,1,0,0,1,26.0,26.0,,,1,2,3,1,3
202100027516,2021-07-22 13:45:00,2021,7,22,13,45,71,71076,Avenue Georges Pompidou,46.7799471131,4.8452828288,Plein jour,En agglomération,Intersection en T,Normale,Autre collision,4,3,2,1,1,1,1,0,1,50,,2,1,0,0,1,38.0,,,,1,2,3,1,6
202100027517,2021-07-22 17:45:00,2021,7,22,17,45,69,69264,MEUNIER-VIAL FRANCOIS (R),45.9949,4.73406,Plein jour,En agglomération,Hors intersection,Normale,Trois véhicules et plus - en chaîne,4,2,2,2,1,1,1,0,1,50,,4,3,0,0,1,50.0,35.0,,,1,2,1,1,4
202100027518,2021-07-15 21:30:00,2021,7,15,21,30,67,67482,SCHIRMECK (ROUTE DE),48.5654,7.70712,Crépuscule ou aube,En agglomération,Intersection en T,Normale,Deux véhicules - côté,7,2,3,0,1,1,1,0,1,50,,3,2,0,0,1,28.0,19.0,,,2,2,3,1,3
202100027519,2021-07-15 11:02:00,2021,7,15,11,2,67,67482,FRANCS BOURGEOIS (RUE DES),48.582896,7.745424,Plein jour,En agglomération,Passage à niveau,Normale,Deux véhicules - côté,4,4,2,0,1,1,1,4,1,30,,2,1,0,0,1,73.0,,,,1,2,8,1,3
202100027520,2021-07-14 17:20:00,2021,7,14,17,20,67,67218,FORT UHRICH (ROUTE DU),48.51469,7.70599,Plein jour,En agglomération,Intersection en T,Pluie légère,Deux véhicules - côté,7,2,3,0,1,1,2,0,1,50,,2,1,0,0,1,,24.0,,,1,2,3,2,3
202100027521,2021-07-21 16:20:00,2021,7,21,16,20,67,67180,BITCHE (ROUTE DE),48.82581,7.76365,Plein jour,Hors agglomération,Giratoire,Normale,Deux véhicules - côté,3,1,1,0,1,2,1,0,1,50,,2,1,0,1,0,55.0,28.0,,,1,1,6,1,3
202100027522,2021-07-21 18:04:00,2021,7,21,18,4,66,66136,PANCHOT (AVENUE JULIEN),42.6919,2.88363,Plein jour,En agglomération,Hors intersection,Normale,Deux véhicules - côté,4,2,2,0,1,1,1,0,1,50,,2,1,0,0,1,52.0,39.0,,,1,2,1,1,3
202100027523,2021-07-21 14:00:00,2021,7,21,14,0,64,64122,FRANCIS JAMMES (RUE),43.46204,-1.55482,Plein jour,En agglomération,Hors intersection,Normale,Autre collision,4,2,2,0,1,1,1,0,1,30,,1,0,0,0,1,17.0,,,,1,2,1,1,6
202100027524,2021-07-22 05:30:00,2021,7,22,5,30,64,64102,avenue du 8 mai 1945,43.46255,-1.49526,Nuit avec éclairage allumé,En agglomération,Giratoire,Pluie légère,Sans collision,3,2,2,0,1,2,2,0,1,50,,1,0,0,0,1,50.0,,,,5,2,6,2,7
202100027525,2021-07-21 16:15:00,2021,7,21,16,15,64,64024,Boulevard du B.a.b.,43.48735,-1.53647,Plein jour,En agglomération,Intersection en X,Normale,Autre collision,4,-1,4,0,1,1,1,0,1,50,,2,1,0,0,1,41.0,,,,1,2,2,1,6
202100027526,2021-07-22 14:40:00,2021,7,22,14,40,62,62083,VIEIL ARRAS (RUE DU),50.4477,2.606512,Plein jour,En agglomération,Hors intersection,Normale,Autre collision,3,1,1,0,2,1,1,0,4,50,,2,0,0,0,2,19.0,,,,1,2,1,1,6
202100027527,2021-07-20 08:20:00,2021,7,20,8,20,62,62758,BOIS ( Rue au ),50.72619,1.63784,Plein jour,En agglomération,Intersection en X,Normale,Autre collision,3,1,1,0,2,1,1,0,1,50,,2,1,1,0,0,50.0,,,,1,2,2,1,6
202100027528,2021-07-22 20:30:00,2021,7,22,20,30,59,59350,FUSILLES RUE DES,50.6411717225,2.9719305038,Plein jour,En agglomération,Hors intersection,Normale,Autre collision,7,2,2,0,1,1,1,0,1,50,,2,1,0,1,0,36.0,,,,1,2,1,1,6
202100027529,2021-07-22 17:30:00,2021,7,22,17,30,59,59350,ARBRISSEAU RUE DE L,50.60623,3.04863,Plein jour,En agglomération,Autre intersection,Normale,Deux véhicules - frontale,4,2,2,0,1,1,1,0,1,30,,2,1,0,0,1,45.0,20.0,,,1,2,9,1,1
202100027530,2021-07-20 16:45:00,2021,7,20,16,45,52,52121,BROTTES (RUE DE),48.08883,5.14248,Plein jour,En agglomération,Hors intersection,Normale,Deux véhicules - frontale,3,-1,2,0,1,1,1,0,1,50,,2,0,0,0,2,31.0,58.0,,,1,2,1,1,1
202100027531,2021-07-21 13:20:00,2021,7,21,13,20,50,50203,BANQUE A GENETS (CHEMIN DE LA),49.60011,-1.59983,Plein jour,En agglomération,Giratoire,Normale,Deux véhicules - côté,3,2,2,0,1,2,1,0,1,50,,2,1,0,0,1,59.0,24.0,,,1,2,6,1,3
202100027532,2021-07-22 17:22:00,2021,7,22,17,22,49,49007,BRIOLLAY ROUTE,47.48904,-0.53122,Plein jour,En agglomération,Intersection en T,Normale,Autre collision,4,2,1,0,1,1,1,0,1,30,,3,2,0,0,1,48.0,41.0,,,1,2,3,1,6
202100027533,2021-07-21 15:04:00,2021,7,21,15,4,49,49007,ECRITURE,47.48721,-0.52572,Plein jour,En agglomération,Intersection en T,Normale,Autre collision,4,2,2,0,1,1,1,0,1,30,,2,1,0,0,1,40.0,,,,1,2,3,1,6
202100027534,2021-07-22 20:25:00,2021,7,22,20,25,47,47323,BORDENEUVE (AVENUE JACQUES),44.4044,0.6911,Plein jour,En agglomération,Hors intersection,Normale,Deux véhicules - côté,3,1,1,0,1,2,1,0,1,50,,2,1,0,1,0,54.0,23.0,,,1,2,1,1,3
202100027535,2021-07-22 17:17:00,2021,7,22,17,17,44,44109,BOULEVARD JEAN MONNET,47.208837,-1.550102,Plein jour,En agglomération,Intersection en T,Normale,Deux véhicules - côté,4,1,1,2,1,1,1,0,1,30,,3,1,0,0,2,28.0,61.0,,,1,2,3,1,3
202100027536,2021-07-22 19:25:00,2021,7,22,19,25,37,37261,AMBOISE (RUE D'),47.3818698318,0.6898829184,Plein jour,En agglomération,Intersection en X,Normale,Deux véhicules - côté,4,1,1,0,1,1,1,0,1,50,,3,2,0,0,1,21.0,48.0,,,1,2,2,1,3
202100027537,2021-07-22 18:35:00,2021,7,22,18,35,37,37214,ENGERAND (RUE ROLAND),47.4105878442,0.6737419923,Plein jour,En agglomération,Intersection en X,Normale,Autre collision,4,2,2,0,1,1,1,9,1,50,,3,2,0,0,1,71.0,32.0,,,1,2,2,1,6
202100027538,2021-07-22 18:09:00,2021,7,22,18,9,37,37233,LABOURDE (RUE JEANNE),47.3971445494,0.7418815792,Plein jour,En agglomération,Intersection en X,Normale,Deux véhicules - côté,4,2,2,0,1,1,1,0,1,50,,2,1,0,0,1,19.0,46.0,,,1,2,2,1,3
202100027539,2021-07-22 10:00:00,2021,7,22,10,0,37,37233,CACHIN (RUE MARCEL),47.3975796159,0.7473194227,Plein jour,En agglomération,Hors intersection,Normale,Autre collision,4,2,2,0,1,1,1,0,1,50,,1,0,0,0,1,19.0,,,,1,2,1,1,6
202100027540,2021-07-22 11:00:00,2021,7,22,11,0,35,35238,SAINT-HELIER,48.10642,-1.66799,Plein jour,En agglomération,Hors intersection,Normale,Deux véhicules - côté,4,2,2,2,1,1,1,0,5,50,,2,1,0,0,1,55.0,45.0,,,1,2,1,1,3
202100027541,2021-07-22 09:35:00,2021,7,22,9,35,35,35281,MARIN (RUE JEAN),48.08263,-1.7127,Plein jour,En agglomération,Intersection en X,Normale,Deux véhicules - côté,4,2,2,0,1,1,1,0,1,50,,2,0,0,0,2,30.0,40.0,,,1,2,2,1,3
202100027542,2021-07-22 09:00:00,2021,7,22,9,0,35,35238,AROT (SQUARE JOSEPH),48.11144,-1.70819,Plein jour,En agglomération,Hors intersection,Normale,Autre collision,4,2,2,0,1,1,1,0,1,30,,1,0,0,0,1,79.0,,,,1,2,1,1,6
202100027543,2021-07-09 00:35:00,2021,7,9,0,35,34,34301,MOULINS (QUAI DES),43.4091161591,3.7034976482,Nuit avec éclairage allumé,En agglomération,Giratoire,Normale,Sans collision,4,2,2,0,1,1,1,9,1,50,,1,0,0,1,0,26.0,,,,5,2,6,1,7
202100027544,2021-07-22 17:00:00,2021,7,22,17,0,33,33063,Rue Vergniaud,44.85099,-0.57973,Plein jour,En agglomération,Intersection en X,Normale,Deux véhicules - frontale,4,1,1,0,1,1,1,0,1,50,,2,1,0,0,1,49.0,20.0,,,1,2,2,1,1
202100027545,2021-07-22 14:45:00,2021,7,22,14,45,33,33529,ARCACHON (BD D'),44.638854,-1.172122,Plein jour,Hors agglomération,Hors intersection,Normale,Sans collision,3,2,2,2,2,2,1,0,5,30,,1,0,0,0,1,13.0,,,,1,1,1,1,7
202100027546,2021-07-22 13:55:00,2021,7,22,13,55,33,33009,Boulevard Maréchal Leclerc,44.65924,-1.16453,Plein jour,En agglomération,Hors intersection,Normale,Deux véhicules - côté,4,-1,1,1,1,1,1,0,5,30,,3,2,0,0,1,75.0,21.0,,,1,2,1,1,3
202100027547,2021-07-22 07:35:00,2021,7,22,7,35,31,31555,33 A LALANDE (PEAGE NORD),43.65024,1.42222,Plein jour,Hors agglomération,Hors intersection,Normale,Trois véhicules et plus - collisions multiples,1,3,6,0,1,1,1,0,1,90,,3,1,0,0,2,60.0,56.0,,,1,1,1,1,5
202100027548,2021-07-22 08:10:00,2021,7,22,8,10,29,29019,Rue Monjaret de Kerjegu,48.38904,-4.45688,Plein jour,En agglomération,Intersection en Y,Normale,Deux véhicules - arrière,4,-1,2,0,1,1,1,5,1,50,,2,1,0,0,1,45.0,20.0,,,1,2,4,1,2
202100027549,2021-07-22 05:00:00,2021,7,22,5,0,27,27701,BLANCHE (CH. DE LA VOIE) LOUVIERS A LACS,49.27375,1.20409,Crépuscule ou aube,En agglomération,Autre intersection,Normale,Deux véhicules - côté,3,2,10,0,1,1,1,5,8,50,,2,1,0,0,1,,58.0,,,2,2,9,1,3
202100027550,2021-07-19 12:25:00,2021,7,19,12,25,19,19031,CLEMENCEAU (BOULEVARD),45.15358,1.53113,Plein jour,En agglomération,Hors intersection,Normale,Autre collision,4,2,2,0,2,1,1,0,1,50,,2,1,0,0,1,89.0,,,,1,2,1,1,6
202100027551,2021-07-22 20:56:00,2021,7,22,20,56,17,17291,N11,46.176947,-1.103719,Plein jour,Hors agglomération,Hors intersection,Normale,Deux véhicules - côté,2,3,4,0,1,1,1,0,1,90,,2,1,0,1,0,67.0,,,,1,1,1,1,3
202100027552,2021-07-21 13:15:00,2021,7,21,13,15,15,15014,Rue des Carmes,44.9272,2.4434,Plein jour,En agglomération,Hors intersection,Normale,Autre collision,4,2,2,2,1,1,1,0,5,30,,2,1,0,0,1,27.0,,,,1,2,1,1,6
202100027553,2021-07-22 22:00:00,2021,7,22,22,0,13,13210,PIERRE DOIZE  (RUE),43.2766397213,5.4268260768,Nuit avec éclairage allumé,En agglomération,Hors intersection,Normale,Deux véhicules - côté,4,2,2,0,1,1,1,0,1,50,,2,1,0,0,1,21.0,86.0,,,5,2,1,1,3
202100027554,2021-07-22 09:15:00,2021,7,22,9,15,13,13209,GAYE (BOULEVARD DE LA),43.2593838879,5.4134185248,Plein jour,En agglomération,Hors intersection,Normale,Deux véhicules - côté,4,2,2,0,1,1,1,0,1,50,,2,1,0,0,1,32.0,,,,1,2,1,1,3
202100027555,2021-07-21 08:50:00,2021,7,21,8,50,11,11262,TORGAN (RUE DU),43.183803,2.97586,Plein jour,En agglomération,Hors intersection,Normale,Autre collision,4,2,2,0,1,1,1,9,1,50,,2,1,0,1,0,25.0,83.0,,,1,2,1,1,6
202100027556,2021-07-20 16:20:00,2021,7,20,16,20,11,11069,MULLOT ARTHUR AV. PAIRS,43.21119,2.36069,Plein jour,En agglomération,Hors intersection,Normale,Deux véhicules - arrière,4,2,3,0,1,1,1,0,1,50,,5,4,0,0,1,30.0,21.0,,,1,2,1,1,2
202100027557,2021-07-20 19:35:00,2021,7,20,19,35,10,10387,JULES GUESDE (RUE),48.29325,4.08205,Plein jour,En agglomération,Intersection en X,Temps éblouissant,Deux véhicules - côté,4,-1,1,0,1,1,1,0,1,50,,2,1,0,0,1,19.0,,,,1,2,2,7,3
202100027558,2021-07-22 10:50:00,2021,7,22,10,50,02,02738,GAMBETTA (BOULEVARD),49.6546,3.29468,Plein jour,En agglomération,Hors intersection,Normale,Autre collision,3,2,2,3,1,1,1,0,1,50,,2,1,0,1,0,77.0,,,,1,2,1,1,6
202100027559,2021-07-21 06:45:00,2021,7,21,6,45,75,75118,PORTE DE LA CHAPELLE,48.900911,2.360246,Plein jour,En agglomération,Hors intersection,Normale,Deux véhicules - arrière,4,1,4,0,1,1,1,0,1,70,,2,1,0,0,1,33.0,24.0,,,1,2,1,1,2
202100027560,2021-07-21 18:00:00,2021,7,21,18,0,75,75116,BOULEVARD PERIPHERIQUE INTERIEUR OUEST,48.848151,2.253569,Plein jour,En agglomération,Hors intersection,Normale,Trois véhicules et plus - collisions multiples,4,1,4,0,1,1,1,0,1,70,,4,3,0,1,0,20.0,44.0,,,1,2,1,1,5
202100027561,2021-07-21 01:59:00,2021,7,21,1,59,75,75112,BOULEVARD DE BERCY,48.840037,2.381918,Nuit avec éclairage allumé,En agglomération,Intersection en T,Normale,Autre collision,4,2,3,0,1,1,1,0,1,50,,1,0,0,1,0,34.0,,,,5,2,3,1,6
202100027562,2021-07-22 09:30:00,2021,7,22,9,30,75,75106,PLACE SAINT GERMAIN DES PRES,48.853792,2.333347,Plein jour,En agglomération,Place,Normale,Deux véhicules - côté,4,1,1,0,1,1,1,0,1,30,,2,1,0,0,1,30.0,37.0,,,1,2,7,1,3
202100027563,2021-07-22 02:20:00,2021,7,22,2,20,75,75114,BOULEVARD JOURDAN,48.819708,2.341406,Nuit avec éclairage allumé,En agglomération,Hors intersection,Normale,Autre collision,4,1,2,0,4,1,1,9,1,50,,5,4,0,0,1,29.0,,,,5,2,1,1,6
202100027564,2021-07-22 16:45:00,2021,7,22,16,45,75,75119,AVENUE JEAN JAURES,48.886569,2.384658,Plein jour,En agglomération,Intersection en X,Normale,Deux véhicules - côté,4,2,2,0,1,1,1,5,1,50,,2,1,0,0,1,34.0,82.0,,,1,2,2,1,3
202100027565,2021-07-22 15:43:00,2021,7,22,15,43,75,75119,AVENUE JEAN JAURES,48.883308,2.371998,Plein jour,En agglomération,Hors intersection,Normale,Deux véhicules - côté,4,1,1,1,1,1,1,0,5,50,,2,1,0,0,1,37.0,33.0,,,1,2,1,1,3
202100027566,2021-07-21 21:35:00,2021,7,21,21,35,75,75119,BOULEVARD DE LA VILLETTE,48.877459,2.370989,Crépuscule ou aube,En agglomération,Hors intersection,Normale,Deux véhicules - côté,4,1,1,1,1,1,1,0,1,50,,2,1,0,0,1,40.0,41.0,,,2,2,1,1,3
202100027567,2021-07-22 01:30:00,2021,7,22,1,30,75,75119,AVENUE DE FLANDRE,48.892318,2.379151,Nuit avec éclairage allumé,En agglomération,Intersection en X,Normale,Deux véhicules - côté,4,4,4,0,1,1,1,0,1,50,,2,1,0,0,1,33.0,36.0,,,5,2,2,1,3
202100027568,2021-07-22 16:45:00,2021,7,22,16,45,75,75117,BOULEVARD MALESHERBES,48.881878,2.311296,Plein jour,En agglomération,Intersection en X,Normale,Deux véhicules - arrière,4,2,2,0,1,1,1,0,1,50,,2,1,0,0,1,75.0,25.0,,,1,2,2,1,2
202100027569,2021-07-22 16:00:00,2021,7,22,16,0,75,75115,RUE DE LA CROIX NIVERT,48.837352,2.289451,Plein jour,En agglomération,Intersection en X,Normale,Autre collision,4,2,2,0,1,1,1,0,1,50,,2,0,0,0,2,26.0,,,,1,2,2,1,6
202100027570,2021-07-22 06:45:00,2021,7,22,6,45,75,75112,QUAI DE LA RAPEE,48.843667,2.369891,Plein jour,En agglomération,Hors intersection,Normale,Deux véhicules - arrière,4,1,3,0,2,3,1,1,1,50,,3,1,0,0,2,28.0,36.0,,,1,2,1,1,2
202100027571,2021-07-21 23:15:00,2021,7,21,23,15,75,75111,BOULEVARD DE BELLEVILLE,48.868896,2.380431,Nuit avec éclairage allumé,En agglomération,Intersection en X,Normale,Deux véhicules - côté,4,2,2,1,1,1,1,0,1,50,,2,1,0,0,1,30.0,67.0,,,5,2,2,1,3
202100027572,2021-07-22 06:00:00,2021,7,22,6,0,75,75109,BOULEVARD POISSONNIERE,48.871501,2.343064,Plein jour,En agglomération,Intersection en X,Normale,Deux véhicules - côté,4,2,5,3,1,1,1,0,1,30,,2,1,0,0,1,24.0,,,,1,2,2,1,3
202100027573,2021-07-22 14:05:00,2021,7,22,14,5,75,75108,AVENUE DE WAGRAM,48.87476,2.29577,Plein jour,En agglomération,Hors intersection,Normale,Deux véhicules - côté,4,2,2,3,1,1,1,0,1,50,,2,1,0,0,1,55.0,30.0,,,1,2,1,1,3
202100027574,2021-07-22 13:55:00,2021,7,22,13,55,75,75102,BOULEVARD DES CAPUCINES,48.87009,2.329051,Plein jour,En agglomération,Intersection en Y,Normale,Deux véhicules - côté,4,2,4,3,1,1,1,0,6,50,,2,1,0,0,1,47.0,21.0,,,1,2,4,1,3
202100027575,2021-07-22 12:00:00,2021,7,22,12,0,75,75104,QUAI DE L ARCHEVECHE,48.852652,2.352187,Plein jour,En agglomération,Intersection en X,Normale,Sans collision,4,-1,1,0,1,1,1,0,1,30,,1,0,0,0,1,20.0,,,,1,2,2,1,7
202100027576,2021-07-22 09:05:00,2021,7,22,9,5,75,75102,RUE DES PETITS PERES,48.866177,2.339997,Plein jour,En agglomération,Intersection en Y,Normale,Autre collision,4,1,1,0,1,1,1,0,1,50,,1,0,0,0,1,19.0,,,,1,2,4,1,6