accident_id,datetime,annee,mois,jour,heure,minute,departement,commune_insee,adresse,latitude,longitude,luminosite,agglomeration,intersection,meteo,collision,catr,circ,nbv,vosp,prof,plan,surf,infra,situ,vma,nb_vehicules,nb_usagers,nb_indemnes,nb_tues,nb_blesses_hosp,nb_blesses_legers,age_cond_1,age_cond_2,veh_type_cond_1,veh_type_cond_2,lum_code,agg_code,int_code,atm_code,col_code
202100027577,2021-07-21 14:00:00,2021,7,21,14,0,94,94068,ALMA (AV DE L),48.78904,2.49018,Plein jour,En agglomération,Hors intersection,Normale,Deux véhicules - côté,4,2,2,0,1,1,1,0,1,30,,2,1,0,0,1,31.0,26.0,,,1,2,1,1,3
202100027578,2021-07-22 07:30:00,2021,7,22,7,30,94,94058,Boulevard d’Alsace-Lorraine,48.851893,2.509093,Plein jour,En agglomération,Hors intersection,Normale,Deux véhicules - côté,3,3,2,3,2,1,1,0,1,50,,2,1,0,0,1,33.0,44.0,,,1,2,1,1,3
202100027579,2021-07-22 14:05:00,2021,7,22,14,5,94,94046,Avenue du Général de Gaulle,48.814371,2.420717,Plein jour,En agglomération,Hors intersection,Normale,Sans collision,3,2,4,0,1,1,1,0,1,50,,2,0,0,0,2,24.0,,,,1,2,1,1,7
202100027580,2021-07-21 20:00:00,2021,7,21,20,0,94,94043,VERDUN (R DE),48.80851,2.35759,Plein jour,En agglomération,Hors intersection,Normale,Sans collision,3,1,2,0,2,1,1,0,1,50,,1,0,0,0,1,22.0,,,,1,2,1,1,7
202100027581,2021-07-22 05:30:00,2021,7,22,5,30,94,94041,Rue Lénine,48.81892,2.39915,Crépuscule ou aube,En agglomération,Hors intersection,Normale,Deux véhicules - arrière,3,1,2,0,2,1,1,0,1,50,,2,1,0,0,1,23.0,35.0,,,2,2,1,1,2
202100027582,2021-07-22 19:50:00,2021,7,22,19,50,94,94017,Rue Jean Jaurès,48.8149934176,2.50674963,Plein jour,En agglomération,Hors intersection,Normale,Deux véhicules - côté,3,2,2,1,1,1,1,0,1,50,,3,2,0,0,1,20.0,34.0,,,1,2,1,1,3
202100027583,2021-07-22 17:20:00,2021,7,22,17,20,93,93066,Rue de Strasbourg,48.9359,2.36871,Plein jour,En agglomération,Hors intersection,Normale,Autre collision,4,2,2,0,1,1,1,0,1,50,,2,1,0,0,1,23.0,,,,1,2,1,1,6
202100027584,2021-07-22 09:50:00,2021,7,22,9,50,93,93066,Rue Jules Saulnier,48.9254027728,2.3524024488,Plein jour,En agglomération,Hors intersection,Normale,Deux véhicules - côté,3,3,2,0,1,1,1,0,8,50,,2,1,0,0,1,41.0,47.0,,,1,2,1,1,3
202100027585,2021-07-22 21:25:00,2021,7,22,21,25,93,93064,REPUBLIQUE (AVENUE DE LA),48.86972,2.48531,Crépuscule ou aube,En agglomération,Hors intersection,Normale,Deux véhicules - frontale,3,2,-1,3,1,1,1,0,1,50,,2,1,0,1,0,60.0,43.0,,,2,2,1,1,1
202100027586,2021-07-22 13:50:00,2021,7,22,13,50,93,93064,ALSACE-LORRAINE (BOULEVARD),48.883801,2.489036,Plein jour,En agglomération,Hors intersection,Normale,Autre collision,3,2,2,0,1,1,1,0,1,50,,2,1,0,0,1,40.0,,,,1,2,1,1,6
202100027587,2021-07-22 16:45:00,2021,7,22,16,45,93,93048,Bd Paul Vaillant Couturier,48.866204,2.444529,Plein jour,En agglomération,Autre intersection,Normale,Deux véhicules - côté,3,-1,1,0,1,2,1,0,1,50,,2,1,0,1,0,55.0,28.0,,,1,2,9,1,3
202100027588,2021-07-22 21:22:00,2021,7,22,21,22,92,92073,ROOSEVELT (AVENUE FRANKLIN),48.8741948486,2.2211319208,Crépuscule ou aube,En agglomération,Intersection en T,Normale,Deux véhicules - côté,3,2,2,0,2,1,1,0,1,50,,2,1,0,0,1,,28.0,,,2,2,3,1,3
202100027589,2021-07-22 08:30:00,2021,7,22,8,30,92,92073,BOMBIGER (RUE DU DOCTEUR MARC),48.8624167617,2.2123906016,Plein jour,En agglomération,Hors intersection,Normale,Deux véhicules - frontale,3,2,2,0,1,1,1,0,1,50,,2,1,0,0,1,52.0,32.0,,,1,2,1,1,1
202100027590,2021-07-22 21:30:00,2021,7,22,21,30,92,92062,REPUBLIQUE (RUE DE LA) N° 100 A 14,48.886505226,2.2444224896,Crépuscule ou aube,En agglomération,Hors intersection,Normale,Deux véhicules - arrière,4,2,2,0,1,1,1,0,1,50,,2,1,0,0,1,23.0,,,,2,2,1,1,2
202100027591,2021-07-22 22:10:00,2021,7,22,22,10,92,92040,VICTOR CRESSON (AVENUE) DU 01 AU 27,48.823973,2.272827,Nuit avec éclairage allumé,En agglomération,Intersection à plus de 4 branches,Normale,Deux véhicules - côté,3,-1,5,0,1,1,1,5,1,30,,4,3,0,0,1,28.0,23.0,,,5,2,5,1,3
202100027592,2021-07-22 21:30:00,2021,7,22,21,30,92,92040,GENERAL LECLERC,48.826825,2.278994,Crépuscule ou aube,En agglomération,Intersection en T,Normale,Deux véhicules - côté,3,1,1,3,1,1,1,0,1,50,,2,1,0,0,1,36.0,30.0,,,2,2,3,1,3
202100027593,2021-07-22 07:50:00,2021,7,22,7,50,92,92035,National ( boulevard ),48.9022295674,2.2394835949,Plein jour,En agglomération,Intersection en X,Normale,Deux véhicules - côté,3,1,2,0,1,1,1,0,1,50,,2,1,0,0,1,31.0,57.0,,,1,2,2,1,3
202100027594,2021-07-22 12:50:00,2021,7,22,12,50,92,92026,GAULTIER,48.8995,2.24528,Plein jour,En agglomération,Hors intersection,Normale,Autre collision,3,2,2,0,1,1,1,0,1,50,,2,1,0,0,1,38.0,,,,1,2,1,1,6
202100027595,2021-07-22 13:09:00,2021,7,22,13,9,92,92060,PAUL RIVET (RUE) COTE PAIR,48.7839390426,2.2588062286,Plein jour,En agglomération,Intersection en T,Normale,Deux véhicules - côté,4,4,3,0,4,1,1,0,1,50,,2,1,0,0,1,21.0,73.0,,,1,2,3,1,3
202100027596,2021-07-21 19:30:00,2021,7,21,19,30,92,92009,ARGENTEUIL ( AVENUE D' ),48.9228487953,2.2763518989,Plein jour,En agglomération,Hors intersection,Normale,Deux véhicules - frontale,3,2,0,0,1,1,1,0,1,50,,2,1,0,0,1,32.0,35.0,,,1,2,1,1,1
202100027597,2021-07-23 12:04:00,2021,7,23,12,4,08,08427,D985,49.542866,4.382086,Plein jour,Hors agglomération,Hors intersection,Normale,Trois véhicules et plus - collisions multiples,3,2,2,0,1,1,1,0,1,80,,3,1,1,1,0,22.0,21.0,,,1,1,1,1,5
202100027598,2021-07-23 11:30:00,2021,7,23,11,30,52,52365,D65,48.063992,4.946852,Plein jour,Hors agglomération,Intersection en X,Normale,Deux véhicules - arrière,3,2,2,0,1,1,1,0,1,90,,2,1,0,1,0,72.0,23.0,,,1,1,2,1,2
202100027599,2021-07-21 17:47:00,2021,7,21,17,47,60,60234,D916,49.404395,2.420303,Plein jour,Hors agglomération,Intersection en T,Normale,Deux véhicules - arrière,3,2,2,0,1,1,1,0,1,70,,2,1,0,0,1,36.0,19.0,,,1,1,3,1,2
202100027600,2021-07-21 11:15:00,2021,7,21,11,15,22,22045,D7,48.466206,-2.948338,Plein jour,Hors agglomération,Hors intersection,Normale,Trois véhicules et plus - en chaîne,3,2,2,0,1,2,1,0,1,80,,3,2,0,1,0,58.0,46.0,,,1,1,1,1,4
202100027601,2021-07-23 06:00:00,2021,7,23,6,0,28,28104,AUTOROUTE A11  PK  49+175,48.47397,1.608255,Crépuscule ou aube,Hors agglomération,Hors intersection,Normale,Deux véhicules - arrière,1,3,3,0,1,1,1,0,1,130,,4,1,0,0,3,46.0,20.0,,,2,1,1,1,2
202100027602,2021-07-22 15:30:00,2021,7,22,15,30,67,67374,cd 31 pfettisheim pr 10,48.658237,7.650953,Plein jour,Hors agglomération,Intersection en T,Normale,Deux véhicules - côté,3,2,2,1,1,1,1,0,5,90,,2,1,0,0,1,50.0,40.0,,,1,1,3,1,3
202100027603,2021-07-23 17:35:00,2021,7,23,17,35,85,85215,3 Rue Jules Verne,46.851567,-1.170537,Plein jour,En agglomération,Hors intersection,Normale,Sans collision,4,2,2,0,1,1,1,0,1,50,,1,0,0,1,0,15.0,,,,1,2,1,1,7
202100027604,2021-07-23 10:25:00,2021,7,23,10,25,36,36033,,46.508005,1.505289,Plein jour,Hors agglomération,Hors intersection,Normale,Autre collision,1,3,4,0,2,1,1,2,1,130,,1,0,1,0,0,53.0,,,,1,1,1,1,6
202100027605,2021-07-22 23:00:00,2021,7,22,23,0,62,62647,D939,50.379014,2.101607,Nuit avec éclairage allumé,En agglomération,Intersection en T,Normale,Deux véhicules - côté,3,2,2,0,1,1,1,5,1,50,,2,1,0,1,0,36.0,28.0,,,5,2,3,1,3
202100027606,2021-07-22 09:20:00,2021,7,22,9,20,77,77113,D112,48.733673,3.198844,Plein jour,Hors agglomération,Hors intersection,Normale,Deux véhicules - arrière,4,2,2,0,1,1,1,0,1,-1,,2,1,0,1,0,69.0,67.0,,,1,1,1,1,2
202100027607,2021-07-22 22:15:00,2021,7,22,22,15,57,57097,départementale  25,49.178225,6.516953,Nuit sans éclairage public,Hors agglomération,Hors intersection,Normale,Sans collision,3,2,2,0,2,2,1,0,3,80,,2,0,0,1,1,32.0,,,,3,1,1,1,7
202100027608,2021-07-23 10:38:00,2021,7,23,10,38,56,56222,La Mare au Sel,47.802226,-2.764294,Plein jour,Hors agglomération,Hors intersection,Temps couvert,Autre collision,3,2,2,0,1,1,1,0,3,80,,1,0,0,1,0,17.0,,,,1,1,1,8,6
202100027609,2021-07-23 14:20:00,2021,7,23,14,20,2B,2B043,départementale 54,42.774865,9.470934,Plein jour,Hors agglomération,Hors intersection,Normale,Autre collision,3,2,2,0,2,1,1,0,1,-1,,1,0,0,1,0,16.0,,,,1,1,1,1,6
202100027610,2021-07-22 22:17:00,2021,7,22,22,17,80,80192,D71a,49.906224,2.645345,Nuit sans éclairage public,En agglomération,Autre intersection,Normale,Sans collision,3,2,2,0,1,1,1,2,1,50,,1,0,0,1,0,17.0,,,,3,2,9,1,7
202100027611,2021-07-23 10:30:00,2021,7,23,10,30,33,33314,Boulevard Halimbourg,45.222383,-0.748176,Plein jour,Hors agglomération,Hors intersection,Normale,Autre collision,3,2,2,0,1,3,1,0,1,70,,2,0,0,2,0,32.0,,,,1,1,1,1,6
202100027612,2021-07-23 20:10:00,2021,7,23,20,10,81,81220,D988 - PK 070+500,43.839859,1.759282,Plein jour,Hors agglomération,Hors intersection,Normale,Sans collision,3,2,2,0,1,1,1,0,1,80,,1,0,0,0,1,50.0,,,,1,1,1,1,7
202100027613,2021-07-23 18:56:00,2021,7,23,18,56,81,81279,D999,43.92037,1.656489,Plein jour,Hors agglomération,Hors intersection,Normale,Deux véhicules - frontale,3,2,2,0,1,1,1,0,1,90,,3,1,0,2,0,29.0,20.0,,,1,1,1,1,1
202100027614,2021-07-22 16:20:00,2021,7,22,16,20,32,32208,Lescharties,43.953637,0.65109,Plein jour,Hors agglomération,Intersection en Y,Normale,Deux véhicules - frontale,2,2,2,0,1,3,1,0,1,80,,3,0,0,1,2,74.0,22.0,,,1,1,4,1,1
202100027615,2021-07-23 16:55:00,2021,7,23,16,55,71,71263,68 Rue du Guidon,46.638207,5.213447,Plein jour,En agglomération,Hors intersection,Normale,Trois véhicules et plus - en chaîne,3,2,2,0,1,1,1,0,1,50,,4,3,0,0,1,38.0,56.0,,,1,2,1,1,4
202100027616,2021-07-23 07:50:00,2021,7,23,7,50,55,55490,D964,49.3340595855,5.2463894337,Plein jour,Hors agglomération,Hors intersection,Normale,Trois véhicules et plus - en chaîne,3,2,2,0,4,3,1,0,1,50,,4,1,1,2,0,19.0,54.0,,,1,1,1,1,4
202100027617,2021-07-22 18:30:00,2021,7,22,18,30,55,55085,D 33,48.830222,5.707687,Crépuscule ou aube,Hors agglomération,Hors intersection,Normale,Deux véhicules - frontale,3,2,2,0,1,1,1,0,1,80,,2,1,0,1,0,25.0,51.0,,,2,1,1,1,1
202100027618,2021-07-23 16:00:00,2021,7,23,16,0,55,55501,"RN4, PK 14+660",48.646365,5.158918,Plein jour,Hors agglomération,Hors intersection,Normale,Autre collision,2,3,4,0,1,1,1,0,8,110,,2,1,0,1,0,45.0,,,,1,1,1,1,6
202100027619,2021-07-19 13:35:00,2021,7,19,13,35,49,49266,Le Champ Couteau,47.462944,-0.768555,Plein jour,Hors agglomération,Hors intersection,Normale,Deux véhicules - frontale,3,2,2,0,1,3,1,0,1,80,,2,1,0,1,0,31.0,50.0,,,1,1,1,1,1
202100027620,2021-07-22 19:45:00,2021,7,22,19,45,42,42243,Le Bourg,45.848215,3.996454,Crépuscule ou aube,En agglomération,Hors intersection,Temps éblouissant,Deux véhicules - frontale,4,2,2,0,1,1,1,0,1,50,,2,1,0,0,1,17.0,37.0,,,2,2,1,7,1
202100027621,2021-07-22 13:42:00,2021,7,22,13,42,86,86002,D18,46.742447,0.180825,Plein jour,Hors agglomération,Hors intersection,Normale,Deux véhicules - arrière,3,2,2,0,1,1,1,0,1,80,,2,1,0,1,0,19.0,17.0,,,1,1,1,1,2
202100027622,2021-07-23 16:25:00,2021,7,23,16,25,39,39106,,46.478209,5.724648,Plein jour,Hors agglomération,Hors intersection,Normale,Trois véhicules et plus - collisions multiples,3,2,2,0,1,1,1,0,1,90,,5,0,0,1,4,30.0,46.0,,,1,1,1,1,5
202100027623,2021-07-22 19:50:00,2021,7,22,19,50,39,39323,10 Rue du Crapaud,47.164669,5.499988,Plein jour,En agglomération,Hors intersection,Normale,Sans collision,4,2,2,0,2,2,1,0,1,50,,1,0,0,1,0,56.0,,,,1,2,1,1,7
202100027624,2021-07-22 21:30:00,2021,7,22,21,30,25,25145,Chazot,47.33161,6.533808,Nuit sans éclairage public,Hors agglomération,Hors intersection,Normale,Sans collision,3,2,2,0,2,2,1,0,1,80,,1,0,0,1,0,48.0,,,,3,1,1,1,7
202100027625,2021-07-22 17:00:00,2021,7,22,17,0,44,44023,Le Bois Laine,47.395096,-1.893661,Plein jour,Hors agglomération,Intersection en X,Normale,Deux véhicules - côté,4,2,2,0,1,1,1,0,1,80,,2,1,0,1,0,39.0,15.0,,,1,1,2,1,3
202100027626,2021-07-23 02:00:00,2021,7,23,2,0,38,38450,Route du Sud,45.278962,5.537877,Nuit sans éclairage public,En agglomération,Intersection en T,Normale,Deux véhicules - frontale,3,2,2,0,4,1,1,0,1,50,,2,0,0,0,2,19.0,51.0,,,3,2,3,1,1
202100027627,2021-07-22 10:00:00,2021,7,22,10,0,02,02191,Rue de l Eglise,49.527848,3.584585,Plein jour,En agglomération,Hors intersection,Normale,Sans collision,3,2,2,0,1,1,1,0,1,50,,1,0,1,0,0,66.0,,,,1,2,1,1,7
202100027628,2021-07-22 17:20:00,2021,7,22,17,20,15,15084,D920,44.749499,2.480475,Plein jour,Hors agglomération,Intersection en T,Normale,Deux véhicules - côté,3,2,2,0,2,1,1,0,1,90,,4,2,0,2,0,81.0,56.0,,,1,1,3,1,3
202100027629,2021-07-22 18:55:00,2021,7,22,18,55,26,26330,265 Avenue des Pins,45.290592,4.953766,Plein jour,En agglomération,Hors intersection,Normale,Deux véhicules - arrière,3,2,2,0,1,1,1,0,1,50,,2,1,0,0,1,69.0,17.0,,,1,2,1,1,2
202100027630,2021-07-22 10:45:00,2021,7,22,10,45,58,58046,Place d Aligre,46.869516,3.645601,Plein jour,En agglomération,Hors intersection,Temps éblouissant,Autre collision,6,-1,2,0,1,1,1,0,1,30,,2,1,0,0,1,32.0,,,,1,2,1,7,6
202100027631,2021-07-23 16:15:00,2021,7,23,16,15,14,14506,D28,49.1683207034,-0.8352720737,Plein jour,Hors agglomération,Hors intersection,Normale,Autre collision,3,2,2,0,1,1,1,0,8,80,,1,0,1,0,0,54.0,,,,1,1,1,1,6
202100027632,2021-07-23 08:00:00,2021,7,23,8,0,50,50168,976 PK 39+500,48.616952,-1.274232,Plein jour,Hors agglomération,Hors intersection,Normale,Trois véhicules et plus - collisions multiples,3,2,2,0,1,1,1,0,1,80,,4,2,0,0,2,46.0,48.0,,,1,1,1,1,5
202100027633,2021-07-20 18:30:00,2021,7,20,18,30,45,45098,Rue Louis XI,47.819314,1.755584,Plein jour,En agglomération,Hors intersection,Normale,Deux véhicules - côté,3,2,2,0,1,1,1,0,1,50,,2,1,0,1,0,18.0,36.0,,,1,2,1,1,3
202100027634,2021-07-23 18:20:00,2021,7,23,18,20,36,36021,,46.969374,1.987174,Plein jour,Hors agglomération,Hors intersection,Normale,Autre collision,3,2,2,0,1,3,1,0,8,80,,5,0,0,5,0,20.0,,,,1,1,1,1,6
202100027635,2021-07-22 19:00:00,2021,7,22,19,0,16,16307,,45.8714208847,0.2628223176,Plein jour,Hors agglomération,Hors intersection,Normale,Sans collision,4,2,2,0,2,2,1,0,8,70,,1,0,0,1,0,14.0,,,,1,1,1,1,7
202100027636,2021-07-20 18:00:00,2021,7,20,18,0,53,53197,D230,47.837682,-1.113846,Plein jour,Hors agglomération,Hors intersection,Normale,Deux véhicules - côté,3,2,2,0,1,2,1,0,1,80,,2,1,0,1,0,60.0,55.0,,,1,1,1,1,3
202100027637,2021-07-22 14:35:00,2021,7,22,14,35,85,85024,Route du Port la Roche,46.981153,-1.921695,Plein jour,Hors agglomération,Intersection en X,Normale,Deux véhicules - côté,3,2,2,0,1,1,1,0,3,80,,7,0,0,2,5,52.0,40.0,,,1,1,2,1,3
202100027638,2021-07-22 08:30:00,2021,7,22,8,30,30,30182,d999,43.860184,4.161973,Plein jour,Hors agglomération,Hors intersection,Normale,Deux véhicules - côté,3,2,2,0,1,1,1,9,8,80,,2,1,0,1,0,57.0,46.0,,,1,1,1,1,3
202100027639,2021-07-21 08:00:00,2021,7,21,8,0,88,88233,D460,48.134722,6.240658,Plein jour,Hors agglomération,Intersection en X,Normale,Deux véhicules - côté,3,2,2,0,1,1,1,0,1,80,,2,1,0,0,1,28.0,19.0,,,1,1,2,1,3
202100027640,2021-06-20 11:40:00,2021,6,20,11,40,30,30169,N113,43.7817,4.295,Plein jour,Hors agglomération,Hors intersection,Normale,Trois véhicules et plus - collisions multiples,2,2,2,0,1,1,1,0,1,70,,5,3,0,0,2,44.0,81.0,,,1,1,1,1,5
202100027641,2021-07-23 08:58:00,2021,7,23,8,58,69,69244,GENERAL BROSSET (AV),45.7570874691,4.7803124342,Plein jour,En agglomération,Hors intersection,Normale,Deux véhicules - côté,4,2,3,0,2,1,1,0,1,50,,2,1,0,0,1,53.0,38.0,,,1,2,1,1,3
202100027642,2021-07-21 11:20:00,2021,7,21,11,20,69,69244,FINAT DUCLOS (CHM),45.758259,4.751772,Plein jour,En agglomération,Intersection en X,Normale,Deux véhicules - côté,4,2,2,0,1,1,1,0,1,50,,2,1,0,1,0,44.0,45.0,,,1,2,2,1,3
202100027643,2021-07-17 18:30:00,2021,7,17,18,30,33,33122,,44.71158,-0.725741,Plein jour,Hors agglomération,Hors intersection,Normale,Deux véhicules - frontale,3,2,2,0,1,1,1,0,1,80,,3,2,0,1,0,23.0,67.0,,,1,1,1,1,1
202100027644,2021-07-23 07:45:00,2021,7,23,7,45,988,98817,ROUTE DU VALLON DORE/PARKING ECOLE DES COCCINELLES,-22.249551,166.567776,Plein jour,En agglomération,Autre intersection,Normale,Deux véhicules - côté,3,2,2,0,1,1,1,5,1,50,,8,7,0,1,0,49.0,33.0,,,1,2,9,1,3
202100027645,2021-07-22 17:40:00,2021,7,22,17,40,971,97117,Rue st jean,16.332886,-61.34605,Plein jour,En agglomération,Hors intersection,Normale,Sans collision,4,1,2,0,1,1,1,0,1,50,,2,1,0,0,1,52.0,,,,1,2,1,1,7
202100027646,2021-07-22 13:00:00,2021,7,22,13,0,971,97118,Route de la Traversee,16.204666,-61.634626,Plein jour,Hors agglomération,Hors intersection,Normale,Autre collision,3,2,2,0,2,2,1,0,3,80,,3,0,1,0,2,21.0,,,,1,1,1,1,6
202100027647,2021-07-22 17:05:00,2021,7,22,17,5,978,97801,Rue de Concordia,18.067565,-63.082509,Plein jour,En agglomération,Hors intersection,Normale,Deux véhicules - côté,9,-1,2,0,2,1,1,0,1,50,,2,1,0,1,0,23.0,28.0,,,1,2,1,1,3
202100027648,2021-07-23 10:00:00,2021,7,23,10,0,28,28194,D24,48.441959,1.644881,Plein jour,Hors agglomération,Hors intersection,Normale,Deux véhicules - frontale,3,2,2,0,1,4,1,0,1,80,,2,1,1,0,0,70.0,40.0,,,1,1,1,1,1
202100027649,2021-07-23 17:20:00,2021,7,23,17,20,2B,2B042,Route de Lanciatojo,42.578955,9.464212,Plein jour,Hors agglomération,Hors intersection,Normale,Deux véhicules - frontale,4,2,2,0,1,1,1,0,1,50,,2,1,0,0,1,30.0,14.0,,,1,1,1,1,1
202100027650,2021-07-23 01:30:00,2021,7,23,1,30,83,83104,D3,43.610609,5.760623,Nuit sans éclairage public,Hors agglomération,Hors intersection,Normale,Autre collision,3,2,2,0,2,3,1,0,1,80,,1,0,0,1,0,15.0,,,,3,1,1,1,6
202100027651,2021-07-22 17:50:00,2021,7,22,17,50,05,05079,Col du Galibier (Col de montagne),45.060624,6.411477,Plein jour,Hors agglomération,Hors intersection,Normale,Deux véhicules - arrière,3,2,2,0,2,2,1,0,1,80,,2,1,0,1,0,30.0,67.0,,,1,1,1,1,2
202100027652,2021-07-19 00:30:00,2021,7,19,0,30,13,13041,Avenue Emile Zola,43.437032,5.465076,Nuit avec éclairage allumé,En agglomération,Hors intersection,Normale,Deux véhicules - arrière,7,-1,2,0,1,1,1,0,1,30,,2,1,0,1,0,17.0,25.0,,,5,2,1,1,2
202100027653,2021-07-14 23:20:00,2021,7,14,23,20,21,21609,D905,47.206742,5.315259,Nuit sans éclairage public,Hors agglomération,Hors intersection,Normale,Sans collision,3,2,2,0,1,1,1,0,8,90,,2,0,0,1,1,27.0,,,,3,1,1,1,7
202100027654,2021-07-06 08:12:00,2021,7,6,8,12,57,57443,Rue de la Rousse,49.211777,6.115743,Plein jour,En agglomération,Hors intersection,Pluie forte,Autre collision,6,-1,-1,0,1,2,2,0,8,-1,,2,1,0,0,1,38.0,,,,1,2,1,3,6
202100027655,2021-07-23 07:20:00,2021,7,23,7,20,26,26235,Route nationale 7,44.368517,4.694166,Crépuscule ou aube,En agglomération,Giratoire,Normale,Deux véhicules - arrière,2,2,3,0,1,1,1,5,1,50,,2,1,0,1,0,61.0,29.0,,,2,2,6,1,2
202100027656,2021-07-23 17:00:00,2021,7,23,17,0,76,76160,Rue de l Eglise,49.552754,0.82349,Plein jour,En agglomération,Hors intersection,Normale,Sans collision,4,2,1,0,1,2,1,0,3,50,,1,0,0,1,0,16.0,,,,1,2,1,1,7
202100027657,2021-07-22 16:30:00,2021,7,22,16,30,60,60644,Rue Villers-sur-Trie,49.2964448984,1.8158753514,Plein jour,En agglomération,Hors intersection,Normale,Autre collision,9,-1,1,0,1,1,1,0,1,30,,2,1,0,0,1,67.0,,,,1,2,1,1,6
202100027658,2021-06-25 18:50:00,2021,6,25,18,50,59,59069,Départementale 114,50.254559,3.544378,Plein jour,Hors agglomération,Hors intersection,Normale,Deux véhicules - côté,3,2,2,0,1,1,1,0,1,80,,2,1,0,0,1,84.0,33.0,,,1,1,1,1,3
202100027659,2021-07-21 19:01:00,2021,7,21,19,1,13,13071,A7-Sens Lyon vers Marseille,43.40404,5.3422,Plein jour,Hors agglomération,Hors intersection,Normale,Trois véhicules et plus - en chaîne,1,1,3,0,2,1,1,0,1,110,,3,0,0,0,3,21.0,24.0,,,1,1,1,1,4
202100027660,2021-07-18 12:15:00,2021,7,18,12,15,13,13055,A507 sens Marseille - Aubagne,43.32708,5.41927,Plein jour,Hors agglomération,Hors intersection,Normale,Deux véhicules - arrière,1,1,3,0,2,1,1,1,1,70,,2,1,0,0,1,35.0,32.0,,,1,1,1,1,2
202100027661,2021-07-18 19:40:00,2021,7,18,19,40,13,13211,A50-Sens Aubagne vers Marseille,43.2924,5.47915,Plein jour,Hors agglomération,Hors intersection,Normale,Deux véhicules - arrière,1,3,3,0,1,1,1,0,1,90,,2,1,0,0,1,53.0,,,,1,1,1,1,2
202100027662,2021-07-22 08:30:00,2021,7,22,8,30,33,33080,AUTOROUTE A 62,44.725735,-0.52659,Plein jour,Hors agglomération,Hors intersection,Normale,Deux véhicules - côté,1,3,4,0,1,1,1,0,1,130,,3,2,0,0,1,42.0,74.0,,,1,1,1,1,3
202100027663,2021-07-22 07:25:00,2021,7,22,7,25,33,33474,,44.678605,-0.48571,Plein jour,Hors agglomération,Hors intersection,Normale,Autre collision,1,3,4,0,1,1,1,0,1,130,,1,0,0,0,1,39.0,,,,1,1,1,1,6
202100027664,2021-07-22 18:25:00,2021,7,22,18,25,77,77251,AUTOROUTE A5A,48.61318,2.56665,Plein jour,Hors agglomération,Hors intersection,Normale,Deux véhicules - arrière,1,3,8,0,1,1,1,0,1,110,,3,2,0,0,1,38.0,28.0,,,1,1,1,1,2
202100027665,2021-07-22 15:10:00,2021,7,22,15,10,91,91589,AUTOROUTE A6,48.67314,2.34345,Plein jour,Hors agglomération,Hors intersection,Normale,Deux véhicules - arrière,1,3,6,0,2,1,1,0,1,110,,2,1,0,0,1,35.0,24.0,,,1,1,1,1,2
202100027666,2021-07-22 01:40:00,2021,7,22,1,40,91,91340,AUTOROUTE A6,48.602347,2.438146,Nuit sans éclairage public,Hors agglomération,Hors intersection,Normale,Deux véhicules - arrière,1,3,7,0,1,1,1,0,1,110,,2,1,0,0,1,71.0,25.0,,,3,1,1,1,2
202100027667,2021-07-22 18:30:00,2021,7,22,18,30,78,78043,A13Y,48.842619,2.093643,Plein jour,Hors agglomération,Hors intersection,Normale,Deux véhicules - arrière,1,1,2,0,1,1,1,0,1,110,,2,1,0,0,1,46.0,36.0,,,1,1,1,1,2
202100027668,2021-07-21 17:00:00,2021,7,21,17,0,78,78073,N12Y,48.799268,1.995459,Plein jour,Hors agglomération,Hors intersection,Normale,Deux véhicules - arrière,2,1,1,0,1,1,1,0,1,70,,2,1,0,0,1,73.0,23.0,,,1,1,1,1,2
202100027669,2021-07-22 18:40:00,2021,7,22,18,40,93,93006,AUTOROUTE A3,48.86559,2.42041,Plein jour,Hors agglomération,Hors intersection,Normale,Deux véhicules - côté,1,3,8,0,1,1,1,0,1,70,,2,1,0,0,1,35.0,25.0,,,1,1,1,1,3
202100027670,2021-07-22 13:05:00,2021,7,22,13,5,93,93064,AUTOROUTE A86,48.88224,2.47345,Plein jour,Hors agglomération,Hors intersection,Normale,Deux véhicules - arrière,1,3,7,0,1,1,1,0,1,90,,2,1,0,0,1,36.0,49.0,,,1,1,1,1,2
202100027671,2021-07-22 11:15:00,2021,7,22,11,15,93,93053,AUTOROUTE A3,48.88188,2.45448,Plein jour,Hors agglomération,Hors intersection,Normale,Deux véhicules - arrière,1,3,8,0,3,1,1,0,1,70,,2,1,0,0,1,27.0,47.0,,,1,1,1,1,2
202100027672,2021-07-21 18:40:00,2021,7,21,18,40,95,95018, A15,48.9616763902,2.2684363334,Plein jour,Hors agglomération,Hors intersection,Normale,Deux véhicules - arrière,1,3,10,0,1,1,1,0,1,110,,2,1,0,0,1,23.0,47.0,,,1,1,1,1,2
202100027673,2021-07-22 17:15:00,2021,7,22,17,15,94,94028,A86 EXT,48.7827541084,2.4408460732,Plein jour,Hors agglomération,Hors intersection,Normale,Deux véhicules - arrière,1,-1,4,0,1,1,1,0,1,90,,2,1,0,0,1,34.0,44.0,,,1,1,1,1,2