accident_id,datetime,annee,mois,jour,heure,minute,departement,commune_insee,adresse,latitude,longitude,luminosite,agglomeration,intersection,meteo,collision,catr,circ,nbv,vosp,prof,plan,surf,infra,situ,vma,nb_vehicules,nb_usagers,nb_indemnes,nb_tues,nb_blesses_hosp,nb_blesses_legers,age_cond_1,age_cond_2,veh_type_cond_1,veh_type_cond_2,lum_code,agg_code,int_code,atm_code,col_code
202100027674,2021-07-22 09:25:00,2021,7,22,9,25,94,94052,A86 INT,48.83505,2.4936,Plein jour,Hors agglomération,Hors intersection,Normale,Trois véhicules et plus - collisions multiples,1,3,5,0,1,3,1,1,1,90,,3,2,0,0,1,33.0,54.0,,,1,1,1,1,5
202100027675,2021-07-22 09:15:00,2021,7,22,9,15,77,77294,A104,48.965234,2.608879,Plein jour,Hors agglomération,Hors intersection,Normale,Deux véhicules - arrière,1,-1,4,0,1,1,1,0,1,90,,5,3,0,0,2,61.0,32.0,,,1,1,1,1,2
202100027676,2021-07-21 09:20:00,2021,7,21,9,20,77,77146,A4.Y,48.8319870876,2.6512725706,Plein jour,Hors agglomération,Hors intersection,Normale,Deux véhicules - arrière,1,3,4,0,1,2,1,0,1,110,,4,2,0,0,2,25.0,45.0,,,1,1,1,1,2
202100027677,2021-07-21 05:30:00,2021,7,21,5,30,94,94073,A86 INT,48.7664,2.3788,Crépuscule ou aube,Hors agglomération,Hors intersection,Normale,Deux véhicules - arrière,1,3,6,0,1,2,1,0,1,90,,2,1,0,0,1,63.0,33.0,,,2,1,1,1,2
202100027678,2021-07-21 16:40:00,2021,7,21,16,40,38,38185,Avenue Felix Viallet,45.19083,5.71883,Plein jour,En agglomération,Intersection en T,Normale,Autre collision,4,2,3,0,1,1,1,0,1,50,,2,1,0,1,0,41.0,,,,1,2,3,1,6
202100027679,2021-06-25 08:40:00,2021,6,25,8,40,77,77333,RUE DE LA GRANDE MONTAGNE,48.268533,2.699525,Plein jour,En agglomération,Hors intersection,Normale,Autre collision,4,2,0,0,2,2,1,-1,1,50,,2,1,0,0,1,47.0,,,,1,2,1,1,6
202100027680,2021-03-13 13:30:00,2021,3,13,13,30,84,84007,HAENDEL (Rue),43.92688,4.80005,Plein jour,Hors agglomération,Intersection en Y,Normale,Deux véhicules - côté,4,2,1,0,1,1,1,0,1,50,,5,2,0,3,0,43.0,24.0,,,1,1,4,1,3
202100027681,2021-05-11 11:50:00,2021,5,11,11,50,44,44109,PARIS ( ROUTE DE ),47.2565510444,-1.5079683942,Plein jour,En agglomération,Hors intersection,Normale,Autre collision,4,1,2,0,1,1,1,0,1,50,,3,0,0,0,3,27.0,,,,1,2,1,1,6
202100027682,2021-07-21 11:22:00,2021,7,21,11,22,976,97611,kaweni-Poste ( rue de la ),-12.77457,45.22235,Plein jour,En agglomération,Autre intersection,Normale,Deux véhicules - frontale,4,2,2,0,1,1,1,0,1,50,,3,1,0,0,2,23.0,30.0,,,1,2,9,1,1
202100027683,2021-07-21 07:50:00,2021,7,21,7,50,974,97416,RN3 (3),-21.33078,55.46822,Plein jour,Hors agglomération,Hors intersection,Normale,Deux véhicules - arrière,2,1,3,0,2,1,1,0,1,110,,2,0,0,2,0,47.0,22.0,,,1,1,1,1,2
202100027684,2021-07-20 12:15:00,2021,7,20,12,15,974,97416,LEBLOND 2 (RUE MARIUS ET ARY),-21.33254,55.45626,Plein jour,En agglomération,Hors intersection,Normale,Deux véhicules - côté,4,2,3,1,1,1,1,0,1,50,,2,1,0,0,1,43.0,43.0,,,1,2,1,1,3
202100027685,2021-07-19 14:00:00,2021,7,19,14,0,974,97411,LORY LES BAS (RUE),-20.89055,55.4805,Plein jour,En agglomération,Intersection en T,Pluie légère,Deux véhicules - côté,4,2,2,0,1,1,1,0,4,50,,2,1,0,0,1,49.0,,,,1,2,3,2,3
202100027686,2021-07-21 13:25:00,2021,7,21,13,25,974,97407,RUE RENE MICHEL,-20.9376,55.2933,Plein jour,En agglomération,Hors intersection,Normale,Autre collision,4,-1,1,0,1,1,1,0,1,50,,2,1,0,0,1,53.0,,,,1,2,1,1,6
202100027687,2021-07-21 23:30:00,2021,7,21,23,30,69,69386,GARIBALDI (R),45.77196,4.84988,Nuit avec éclairage allumé,En agglomération,Intersection en X,Normale,Deux véhicules - côté,4,1,1,0,1,1,1,0,1,50,,3,2,0,1,0,16.0,20.0,,,5,2,2,1,3
202100027688,2021-07-21 22:40:00,2021,7,21,22,40,69,69383,ALBERT THOMAS (CR),45.74756,4.86555,Nuit avec éclairage allumé,En agglomération,Hors intersection,Normale,Autre collision,4,2,4,3,1,1,1,0,1,50,,2,1,0,0,1,35.0,,,,5,2,1,1,6
202100027689,2021-07-21 20:20:00,2021,7,21,20,20,69,69383,SAINTE ANNE DE BARABAN (R),45.75825,4.87351,Plein jour,En agglomération,Intersection en X,Normale,Deux véhicules - côté,4,1,1,0,2,1,1,0,1,50,,2,1,0,0,1,27.0,25.0,,,1,2,2,1,3
202100027690,2021-07-20 12:22:00,2021,7,20,12,22,69,69387,TONY GARNIER (AV),45.72653,4.83074,Plein jour,En agglomération,Intersection en X,Normale,Deux véhicules - côté,4,2,6,0,1,1,1,0,1,50,,4,3,0,0,1,46.0,32.0,,,1,2,2,1,3
202100027691,2021-07-21 10:30:00,2021,7,21,10,30,69,69387,UNIVERSITE (DE L') (R),45.75109,4.83878,Plein jour,En agglomération,Hors intersection,Normale,Autre collision,4,1,2,3,1,1,1,0,1,50,,2,1,0,0,1,41.0,,,,1,2,1,1,6
202100027692,2021-07-21 22:25:00,2021,7,21,22,25,69,69142,STEPHANE DECHANT (IMP),45.72635,4.81443,Nuit avec éclairage allumé,En agglomération,Hors intersection,Normale,Autre collision,4,2,2,3,1,1,1,0,1,50,,3,2,0,0,1,19.0,23.0,,,5,2,1,1,6
202100027693,2021-07-21 17:45:00,2021,7,21,17,45,69,69149,JEAN JAURES (AV),45.71157,4.82003,Plein jour,En agglomération,Hors intersection,Normale,Deux véhicules - frontale,7,2,2,0,1,1,1,0,1,50,,2,0,0,0,2,44.0,28.0,,,1,2,1,1,1
202100027694,2021-07-18 18:30:00,2021,7,18,18,30,69,69381,ANDRE LASSAGNE (Q),45.76869,4.83828,Plein jour,En agglomération,Place,Normale,Deux véhicules - côté,4,1,3,2,1,1,1,0,1,50,,2,1,0,0,1,23.0,21.0,,,1,2,7,1,3
202100027695,2021-07-19 16:30:00,2021,7,19,16,30,69,69149,CELESTINS (DES) (CHM),45.7198553118,4.7981890165,Plein jour,En agglomération,Hors intersection,Normale,Deux véhicules - frontale,4,-1,2,0,1,2,1,0,1,30,,2,0,0,0,2,29.0,53.0,,,1,2,1,1,1
202100027696,2021-07-20 16:50:00,2021,7,20,16,50,971,97101,RN05,16.25415,-61.52361,Plein jour,En agglomération,Autre intersection,Normale,Deux véhicules - côté,2,1,2,0,1,1,1,9,1,50,,2,1,0,0,1,21.0,30.0,,,1,2,9,1,3
202100027697,2021-07-21 22:00:00,2021,7,21,22,0,95,95277,RD 970,48.993292,2.442686,Nuit avec éclairage allumé,En agglomération,Giratoire,Normale,Deux véhicules - côté,3,3,3,3,1,1,1,5,1,50,,2,1,0,0,1,71.0,24.0,,,5,2,6,1,3
202100027698,2021-07-20 10:05:00,2021,7,20,10,5,95,95306,RD 14,48.99815,2.18755,Plein jour,En agglomération,Giratoire,Normale,Autre collision,3,1,2,0,1,2,1,0,1,50,,2,1,0,0,1,61.0,,,,1,2,6,1,6
202100027699,2021-07-20 19:00:00,2021,7,20,19,0,91,91216,GRANDE RUE,48.67582,2.32267,Plein jour,En agglomération,Hors intersection,Normale,Autre collision,3,2,2,0,1,1,1,0,1,50,,2,1,0,0,1,23.0,,,,1,2,1,1,6
202100027700,2021-07-20 08:00:00,2021,7,20,8,0,91,91103,RUE EDOUARD DANAUX,48.60249,2.28791,Plein jour,En agglomération,Hors intersection,Normale,Autre collision,4,-1,2,0,1,1,1,0,1,50,,2,1,0,0,1,21.0,27.0,,,1,2,1,1,6
202100027701,2021-07-21 20:20:00,2021,7,21,20,20,91,91692,OCEANIE (AVENUE DE L'),48.67615,2.19246,Plein jour,Hors agglomération,Giratoire,Normale,Deux véhicules - arrière,3,1,1,0,1,2,1,0,1,30,,2,0,0,1,1,23.0,27.0,,,1,1,6,1,2
202100027702,2021-07-21 13:50:00,2021,7,21,13,50,91,91657,RUE DU CHATEAU,48.70458,2.43643,Plein jour,En agglomération,Intersection en T,Normale,Deux véhicules - frontale,3,2,2,0,1,1,1,0,1,50,,2,1,0,0,1,36.0,23.0,,,1,2,3,1,1
202100027703,2021-07-21 03:40:00,2021,7,21,3,40,91,91432,AV EVARISTE GALLOIS,48.696432,2.334933,Nuit avec éclairage allumé,En agglomération,Hors intersection,Normale,Deux véhicules - côté,4,4,4,0,1,1,1,0,1,50,,2,1,0,0,1,,37.0,,,5,2,1,1,3
202100027704,2021-07-16 16:21:00,2021,7,16,16,21,87,87085,AUTOROUTE A20,45.85814,1.28378,Plein jour,Hors agglomération,Hors intersection,Normale,Deux véhicules - côté,1,3,4,0,1,1,1,0,1,110,,3,1,0,0,2,33.0,37.0,,,1,1,1,1,3
202100027705,2021-07-18 16:28:00,2021,7,18,16,28,87,87085,AUTOROUTE A20,45.90663,1.2916,Plein jour,Hors agglomération,Hors intersection,Normale,Autre collision,1,3,4,0,1,1,1,0,1,110,,1,0,0,1,0,68.0,,,,1,1,1,1,6
202100027706,2021-07-19 10:25:00,2021,7,19,10,25,84,84087,GAULLE (AVENUE CHARLES DE),44.13619,4.80245,Plein jour,En agglomération,Hors intersection,Normale,Deux véhicules - côté,3,-1,2,0,1,1,1,0,1,30,,2,1,0,1,0,69.0,,,,1,2,1,1,3
202100027707,2021-07-20 16:10:00,2021,7,20,16,10,83,83137,DUNANT (HENRI),43.12563,5.94585,Plein jour,En agglomération,Intersection en X,Normale,Deux véhicules - frontale,4,2,2,0,3,1,1,0,1,50,,2,1,0,1,0,20.0,34.0,,,1,2,2,1,1
202100027708,2021-07-20 11:10:00,2021,7,20,11,10,83,83137,DEPARTEMENTALE 46 (CHEMIN),43.14965,5.973,Plein jour,En agglomération,Hors intersection,Normale,Trois véhicules et plus - en chaîne,7,2,2,0,2,1,1,0,1,50,,3,0,0,1,2,31.0,65.0,,,1,2,1,1,4
202100027709,2021-07-20 11:55:00,2021,7,20,11,55,78,78586,BERTEAUX (MAURICE) N°44 A 152,48.9383,2.17062,Plein jour,En agglomération,Intersection en X,Normale,Deux véhicules - côté,3,4,6,0,1,1,1,5,1,50,,2,1,0,1,0,26.0,60.0,,,1,2,2,1,3
202100027710,2021-07-19 19:45:00,2021,7,19,19,45,78,78531,RUE NATIONALE,49.008232,1.61556,Plein jour,Hors agglomération,Autre intersection,Temps éblouissant,Deux véhicules - frontale,3,2,2,0,1,1,1,0,1,50,,6,1,0,2,3,57.0,32.0,,,1,1,9,7,1
202100027711,2021-07-18 20:15:00,2021,7,18,20,15,77,77458,RUE DU COUDRAY,48.19036,2.73586,Plein jour,En agglomération,Hors intersection,Normale,Autre collision,4,2,1,0,1,2,1,0,1,30,,2,1,1,0,0,22.0,,,,1,2,1,1,6
202100027712,2021-07-21 22:45:00,2021,7,21,22,45,76,76497,D 418,49.3817488295,1.0576486588,Nuit sans éclairage public,Hors agglomération,Hors intersection,Normale,Autre collision,7,3,4,0,1,1,1,0,1,90,,1,0,0,0,1,34.0,,,,3,1,1,1,6
202100027713,2021-07-20 10:15:00,2021,7,20,10,15,72,72181,BOLLEE (AV) N° IMP 1 A 63,48.00246,0.20599,Plein jour,En agglomération,Hors intersection,Normale,Autre collision,4,2,3,3,1,1,1,0,1,50,,2,1,0,1,0,49.0,,,,1,2,1,1,6
202100027714,2021-07-21 20:10:00,2021,7,21,20,10,71,71306,RN 70 (ROUTE EXPRESS),46.68687,4.35731,Plein jour,Hors agglomération,Hors intersection,Normale,Autre collision,2,1,1,0,4,2,1,3,2,70,,1,0,0,0,1,19.0,,,,1,1,1,1,6
202100027715,2021-07-21 23:40:00,2021,7,21,23,40,69,69264,ROGER SALENGRO  (BD),45.99824,4.71611,Nuit avec éclairage allumé,En agglomération,Hors intersection,Normale,Autre collision,4,2,2,2,1,1,1,0,1,50,,2,1,0,1,0,31.0,,,,5,2,1,1,6
202100027716,2021-07-20 21:10:00,2021,7,20,21,10,67,67482,ALTENHEIM (ROUTE D ),48.54016,7.76787,Crépuscule ou aube,En agglomération,Intersection en T,Normale,Deux véhicules - côté,4,1,1,0,1,1,1,0,1,30,,3,2,0,0,1,18.0,68.0,,,2,2,3,1,3
202100027717,2021-07-20 13:00:00,2021,7,20,13,0,67,67482,FLANDRES (RUE DE),48.58177,7.77468,Plein jour,En agglomération,Intersection en T,Normale,Deux véhicules - côté,4,2,2,0,1,1,1,0,1,30,,2,1,0,0,1,18.0,33.0,,,1,2,3,1,3
202100027718,2021-07-19 12:40:00,2021,7,19,12,40,67,67482,OBERHAUSBERGEN (ROUTE D ),48.59251,7.71662,Plein jour,En agglomération,Intersection en T,Normale,Deux véhicules - côté,4,2,2,0,1,1,1,0,1,50,,2,1,0,0,1,43.0,64.0,,,1,2,3,1,3
202100027719,2021-07-13 16:20:00,2021,7,13,16,20,67,67482,HOPITAL (ROUTE DE L ),48.572853,7.750264,Plein jour,En agglomération,Hors intersection,Temps couvert,Autre collision,4,2,4,0,1,1,2,0,1,50,,3,2,0,0,1,34.0,69.0,,,1,2,1,8,6
202100027720,2021-07-21 15:10:00,2021,7,21,15,10,64,64260,RUE DES CLEMATITES,43.3716,-1.77271,Plein jour,En agglomération,Giratoire,Normale,Autre collision,3,2,2,0,1,1,1,0,1,50,,2,1,0,0,1,26.0,,,,1,2,6,1,6
202100027721,2021-07-21 07:45:00,2021,7,21,7,45,64,64445,LEON BERARD,43.311688,-0.3662,Plein jour,En agglomération,Hors intersection,Normale,Trois véhicules et plus - en chaîne,4,2,3,0,1,1,1,0,1,50,,3,2,0,0,1,43.0,27.0,,,1,2,1,1,4
202100027722,2021-07-20 00:45:00,2021,7,20,0,45,62,62401,DOUAUMONT ( RUE DE ),50.49576,2.80616,Nuit avec éclairage allumé,En agglomération,Autre intersection,Normale,Sans collision,4,-1,2,0,1,1,1,9,1,50,,1,0,0,1,0,19.0,,,,5,2,9,1,7
202100027723,2021-07-21 06:40:00,2021,7,21,6,40,59,59512,MONTESQUIEU (BOULEVARD),50.686325,3.157636,Plein jour,En agglomération,Hors intersection,Normale,Deux véhicules - arrière,7,2,2,0,1,1,1,0,1,50,,2,0,0,0,2,22.0,25.0,,,1,2,1,1,2
202100027724,2021-07-21 17:30:00,2021,7,21,17,30,59,59350,PETITPREZ ELIE RUE,50.64457,2.99096,Plein jour,En agglomération,Hors intersection,Normale,Autre collision,4,2,1,0,1,1,1,0,1,30,,2,0,0,0,2,22.0,,,,1,2,1,1,6
202100027725,2021-07-19 17:08:00,2021,7,19,17,8,57,57672,14 JUILLET (AVENUE),49.35811,6.13146,Plein jour,En agglomération,Hors intersection,Normale,Autre collision,4,3,4,1,1,3,1,6,1,50,,2,1,0,0,1,70.0,53.0,,,1,2,1,1,6
202100027726,2021-07-21 10:40:00,2021,7,21,10,40,56,56260,Avenue du Marechal Juin,47.63241,-2.78046,Plein jour,En agglomération,Hors intersection,Normale,Deux véhicules - côté,6,-1,-1,0,1,1,1,0,1,30,,2,1,0,0,1,71.0,65.0,,,1,2,1,1,3
202100027727,2021-07-20 14:10:00,2021,7,20,14,10,56,56121,FRANCE ( AVE ANATOLE ),47.7468036,-3.3660221,Plein jour,En agglomération,Giratoire,Normale,Deux véhicules - côté,4,2,2,0,2,1,1,0,1,30,,2,1,0,0,1,53.0,50.0,,,1,2,6,1,3
202100027728,2021-07-16 12:40:00,2021,7,16,12,40,50,50602,BOIS (RUE DU),49.63431,-1.59982,Plein jour,En agglomération,Intersection en T,Normale,Deux véhicules - côté,4,2,2,0,1,1,1,0,1,50,,2,1,0,0,1,17.0,32.0,,,1,2,3,1,3
202100027729,2021-07-20 11:50:00,2021,7,20,11,50,49,49099,OISILLONNETTE (RUE DE L'),47.0661,-0.87623,Plein jour,En agglomération,Intersection en X,Normale,Autre collision,4,1,1,0,1,1,1,0,1,50,,2,1,0,0,1,,,,,1,2,2,1,6
202100027730,2021-07-14 15:20:00,2021,7,14,15,20,49,49099,PINEAU (RUE DE),47.06486,-0.88051,Plein jour,En agglomération,Hors intersection,Normale,Autre collision,4,1,1,0,2,1,1,0,1,50,,2,1,0,1,0,55.0,,,,1,2,1,1,6
202100027731,2021-07-08 07:30:00,2021,7,8,7,30,49,49099,CARNOT (RUE SADI),47.06294,-0.86621,Plein jour,En agglomération,Giratoire,Normale,Autre collision,4,2,2,0,3,1,1,0,1,50,,2,1,0,0,1,35.0,,,,1,2,6,1,6
202100027732,2021-07-19 22:50:00,2021,7,19,22,50,49,49099,EUROPE (AVENUE DE L'),47.04953,-0.88506,Nuit avec éclairage allumé,En agglomération,Intersection en X,Normale,Deux véhicules - côté,4,2,2,0,1,2,1,0,1,50,,4,1,0,2,1,17.0,23.0,,,5,2,2,1,3
202100027733,2021-07-10 10:23:00,2021,7,10,10,23,49,49007,PAUL BERT,47.46548,-0.55062,Plein jour,En agglomération,Hors intersection,Normale,Deux véhicules - côté,4,-1,2,0,1,1,1,0,1,50,,2,1,0,1,0,23.0,69.0,,,1,2,1,1,3
202100027734,2021-07-20 22:35:00,2021,7,20,22,35,47,47031,ECOLE (RUE DE L'),44.16565,0.63439,Nuit avec éclairage allumé,En agglomération,Hors intersection,Normale,Autre collision,4,-1,2,0,1,1,1,0,1,50,,1,0,0,0,1,46.0,,,,5,2,1,1,6
202100027735,2021-07-21 12:53:00,2021,7,21,12,53,45,45302,Rue Passe Debout,47.93777,1.89344,Plein jour,En agglomération,Intersection en T,Normale,Deux véhicules - côté,4,2,2,0,1,1,1,0,1,50,,2,1,0,0,1,17.0,29.0,,,1,2,3,1,3
202100027736,2021-07-21 23:30:00,2021,7,21,23,30,44,44109,PONT DE PIRMIL,47.19808,-1.54281,Nuit avec éclairage allumé,En agglomération,Intersection en X,Normale,Deux véhicules - côté,4,2,4,2,1,1,1,0,1,50,,2,1,0,1,0,23.0,50.0,,,5,2,2,1,3
202100027737,2021-07-20 19:45:00,2021,7,20,19,45,37,37233,PAUL (RUE MARCEL),47.3949811924,0.7263194025,Plein jour,En agglomération,Giratoire,Normale,Autre collision,4,2,2,0,1,1,1,0,1,50,,2,1,0,1,0,77.0,53.0,,,1,2,6,1,6
202100027738,2021-07-21 12:24:00,2021,7,21,12,24,35,35238,BREIL (DU),48.09685,-1.63529,Plein jour,En agglomération,Intersection en X,Normale,Deux véhicules - côté,4,1,2,0,1,2,1,9,1,50,,2,1,0,0,1,37.0,47.0,,,1,2,2,1,3
202100027739,2021-07-20 11:45:00,2021,7,20,11,45,35,35238,NANTES (DE),48.0863962779,-1.69507429,Plein jour,En agglomération,Intersection en X,Normale,Deux véhicules - arrière,7,2,2,0,1,1,1,5,1,50,,3,1,0,0,2,58.0,44.0,,,1,2,2,1,2
202100027740,2021-07-20 10:00:00,2021,7,20,10,0,35,35281,DODIN (AVENUE ROGER),48.06726,-1.71429,Plein jour,Hors agglomération,Intersection en T,Normale,Deux véhicules - arrière,7,2,4,0,1,1,1,5,1,70,,4,2,0,0,2,45.0,22.0,,,1,1,3,1,2
202100027741,2021-07-21 16:40:00,2021,7,21,16,40,33,33009,Avenue des Goélands,44.65765,-1.19385,Plein jour,En agglomération,Hors intersection,Normale,Autre collision,4,2,1,1,1,1,1,0,5,30,,1,0,0,0,1,50.0,,,,1,2,1,1,6
202100027742,2021-07-21 18:55:00,2021,7,21,18,55,33,33529,Boulevard de l’Industrie,44.614526,-1.1277484,Plein jour,En agglomération,Intersection en X,Normale,Deux véhicules - côté,4,2,2,0,1,1,1,0,1,50,,4,2,0,0,2,20.0,72.0,,,1,2,2,1,3
202100027743,2021-07-21 11:34:00,2021,7,21,11,34,31,31555,GRANDE RUE SAINT MICHEL,43.58701,1.44688,Plein jour,En agglomération,Hors intersection,Normale,Deux véhicules - côté,4,2,1,0,1,1,1,0,1,50,,2,1,0,1,0,27.0,86.0,,,1,2,1,1,3
202100027744,2021-07-09 12:44:00,2021,7,9,12,44,30,30007,ANDUZE (VIEILLE ROUTE D'),44.1023,4.075,Plein jour,En agglomération,Intersection en T,Normale,Autre collision,3,2,2,0,1,3,1,0,1,50,,2,1,0,0,1,26.0,27.0,,,1,2,3,1,6
202100027745,2021-07-21 21:08:00,2021,7,21,21,8,28,28085,SAINT CHERON (RUE),48.4464,1.5052,Plein jour,En agglomération,Hors intersection,Normale,Deux véhicules - arrière,4,-1,2,0,1,1,1,0,1,30,,5,3,0,0,2,25.0,19.0,,,1,2,1,1,2
202100027746,2021-07-21 16:20:00,2021,7,21,16,20,27,27554,D64E (voie nouvelle),49.09403,1.39572,Plein jour,Hors agglomération,Hors intersection,Normale,Sans collision,3,2,0,0,1,1,1,0,1,70,,1,0,0,0,1,18.0,,,,1,1,1,1,7
202100027747,2021-07-21 17:20:00,2021,7,21,17,20,27,27701,D6154,49.24242,1.18773,Plein jour,En agglomération,Hors intersection,Temps éblouissant,Trois véhicules et plus - en chaîne,3,2,2,0,2,1,1,0,1,50,,4,3,0,0,1,26.0,40.0,,,1,2,1,7,4
202100027748,2021-07-21 20:00:00,2021,7,21,20,0,13,13208,RAY GRASSI (Allée),43.27089,5.39654,Plein jour,En agglomération,Hors intersection,Normale,Autre collision,4,2,2,0,1,1,1,0,1,30,,1,0,0,1,0,18.0,,,,1,2,1,1,6
202100027749,2021-07-21 11:15:00,2021,7,21,11,15,13,13202,DAMES (BOULEVARD DES),43.30288,5.36772,Plein jour,En agglomération,Intersection en X,Normale,Deux véhicules - arrière,4,2,2,1,2,1,1,0,1,50,,3,1,0,0,2,40.0,,,,1,2,2,1,2
202100027750,2021-07-20 23:14:00,2021,7,20,23,14,13,13206,CHARLES LIVON (BOULEVARD),43.29202,5.37896,Nuit avec éclairage allumé,En agglomération,Hors intersection,Normale,Deux véhicules - frontale,4,3,4,0,1,1,1,0,1,50,,3,2,0,1,0,44.0,17.0,,,5,2,1,1,1
202100027751,2021-07-21 15:15:00,2021,7,21,15,15,11,11069,LECLERC AV. DU GENERAL PAIRS A PARTIR DU,43.20722,2.38219,Plein jour,En agglomération,Hors intersection,Normale,Deux véhicules - arrière,4,2,2,0,1,1,1,0,1,50,,4,3,0,0,1,47.0,64.0,,,1,2,1,1,2
202100027752,2021-07-20 17:06:00,2021,7,20,17,6,10,10387,PIERRE BROSSOLETTE (RUE),48.29063,4.07582,Plein jour,En agglomération,Intersection en X,Normale,Deux véhicules - côté,4,2,2,0,1,1,1,0,1,50,,2,1,0,0,1,48.0,15.0,,,1,2,2,1,3
202100027753,2021-07-21 21:16:00,2021,7,21,21,16,06,06088,JOLY (CORNICHE ANDRE DE),43.70144,7.29239,Crépuscule ou aube,En agglomération,Hors intersection,Normale,Deux véhicules - frontale,7,2,3,0,2,1,1,0,1,50,,4,3,0,1,0,49.0,57.0,,,2,2,1,1,1
202100027754,2021-07-20 13:15:00,2021,7,20,13,15,05,05061,ALPHONSE DAUDET,44.54875,6.06704,Plein jour,En agglomération,Intersection en Y,Normale,Autre collision,2,2,2,0,1,1,1,0,1,50,,1,0,0,0,1,71.0,,,,1,2,4,1,6
202100027755,2021-07-21 18:05:00,2021,7,21,18,5,75,75112,ECHANGEUR BERCY,48.826635,2.388995,Plein jour,En agglomération,Hors intersection,Normale,Deux véhicules - arrière,4,1,4,0,1,1,1,0,1,70,,2,1,0,0,1,38.0,31.0,,,1,2,1,1,2
202100027756,2021-07-20 18:20:00,2021,7,20,18,20,75,75114,PORTE DE CHATILLON,48.823153,2.31226,Plein jour,En agglomération,Intersection en Y,Normale,Deux véhicules - côté,4,1,3,0,1,1,1,0,1,70,,2,1,0,0,1,34.0,28.0,,,1,2,4,1,3
202100027757,2021-07-20 05:55:00,2021,7,20,5,55,75,75113,BOULEVARD PERIPHERIQUE,48.822313,2.380376,Plein jour,En agglomération,Hors intersection,Normale,Deux véhicules - côté,4,1,4,0,1,1,1,2,1,70,,2,1,0,0,1,,43.0,,,1,2,1,1,3
202100027758,2021-07-21 15:45:00,2021,7,21,15,45,75,75120,AVENUE GAMBETTA,48.868331,2.401426,Plein jour,En agglomération,Intersection à plus de 4 branches,Normale,Autre collision,4,2,2,1,2,1,1,0,5,50,,1,0,0,1,0,31.0,,,,1,2,5,1,6
202100027759,2021-07-21 20:20:00,2021,7,21,20,20,75,75118,RUE ORDENER,48.890875,2.35324,Plein jour,En agglomération,Intersection en T,Normale,Deux véhicules - frontale,4,2,2,0,1,1,1,0,1,50,,3,2,0,0,1,30.0,33.0,,,1,2,3,1,1
202100027760,2021-07-21 00:50:00,2021,7,21,0,50,75,75116,RUE GEORGE SAND,48.849101,2.269374,Nuit avec éclairage allumé,En agglomération,Intersection en X,Normale,Deux véhicules - côté,4,1,1,0,1,1,1,0,1,50,,3,1,0,0,2,24.0,19.0,,,5,2,2,1,3
202100027761,2021-07-20 09:00:00,2021,7,20,9,0,75,75115,RUE DE VOUILLE,48.833572,2.309242,Plein jour,En agglomération,Place,Normale,Deux véhicules - côté,4,2,3,0,1,1,1,0,1,50,,2,1,0,0,1,55.0,30.0,,,1,2,7,1,3
202100027762,2021-07-12 14:10:00,2021,7,12,14,10,75,75114,RUE EMILE DEUTSCH DE LA MEURTHE,48.822626,2.335137,Plein jour,En agglomération,Intersection en T,Pluie légère,Sans collision,4,1,1,1,2,1,2,0,5,50,,1,0,0,0,1,48.0,,,,1,2,3,2,7
202100027763,2021-07-21 19:20:00,2021,7,21,19,20,75,75113,BOULEVARD PERIPHERIQUE EXTERIEUR SUD,48.819874,2.374335,Plein jour,En agglomération,Hors intersection,Normale,Deux véhicules - côté,4,1,4,0,1,1,1,0,1,70,,2,1,0,0,1,27.0,42.0,,,1,2,1,1,3
202100027764,2021-07-21 22:15:00,2021,7,21,22,15,75,75111,BOULEVARD VOLTAIRE,48.864405,2.36913,Nuit avec éclairage allumé,En agglomération,Intersection en T,Normale,Autre collision,4,2,2,3,1,1,1,0,1,50,,2,1,0,0,1,,,,,5,2,3,1,6
202100027765,2021-07-21 14:45:00,2021,7,21,14,45,75,75111,RUE DU FAUBOURG SAINT ANTOINE,48.850636,2.378824,Plein jour,En agglomération,Intersection en Y,Normale,Deux véhicules - côté,4,2,2,3,1,1,1,0,6,50,,3,2,0,0,1,48.0,27.0,,,1,2,4,1,3
202100027766,2021-07-20 22:34:00,2021,7,20,22,34,75,75111,BOULEVARD VOLTAIRE,48.850386,2.392521,Nuit avec éclairage allumé,En agglomération,Intersection à plus de 4 branches,Normale,Deux véhicules - côté,4,2,4,1,1,1,1,0,5,50,,3,0,0,0,3,38.0,39.0,,,5,2,5,1,3
202100027767,2021-07-21 02:00:00,2021,7,21,2,0,75,75108,RUE DE BERRI,48.873705,2.306517,Nuit avec éclairage allumé,En agglomération,Intersection en X,Normale,Deux véhicules - côté,4,1,1,0,1,1,1,0,1,30,,4,2,0,0,2,58.0,22.0,,,5,2,2,1,3
202100027768,2021-07-20 13:40:00,2021,7,20,13,40,75,75107,ALLEE THOMY THIERRY,48.856318,2.295155,Plein jour,En agglomération,Intersection en T,Normale,Autre collision,4,-1,0,0,1,1,1,6,1,10,,1,0,0,0,1,28.0,,,,1,2,3,1,6
202100027769,2021-07-21 07:55:00,2021,7,21,7,55,75,75104,BOULEVARD BEAUMARCHAIS,48.85406,2.368924,Plein jour,En agglomération,Intersection en Y,Normale,Sans collision,4,2,6,0,1,1,1,0,1,50,,1,0,0,0,1,24.0,,,,1,2,4,1,7
202100027770,2021-07-20 23:45:00,2021,7,20,23,45,75,75101,QUAI FRANCOIS MITTERRAND,48.860132,2.333357,Nuit avec éclairage allumé,En agglomération,Intersection en X,Normale,Autre collision,4,1,5,0,1,1,1,0,1,50,,1,0,0,0,1,28.0,,,,5,2,2,1,6