accident_id,datetime,annee,mois,jour,heure,minute,departement,commune_insee,adresse,latitude,longitude,luminosite,agglomeration,intersection,meteo,collision,catr,circ,nbv,vosp,prof,plan,surf,infra,situ,vma,nb_vehicules,nb_usagers,nb_indemnes,nb_tues,nb_blesses_hosp,nb_blesses_legers,age_cond_1,age_cond_2,veh_type_cond_1,veh_type_cond_2,lum_code,agg_code,int_code,atm_code,col_code
202100027771,2021-07-20 20:40:00,2021,7,20,20,40,75,75101,RUE ETIENNE MARCEL,48.864178,2.347633,Crépuscule ou aube,En agglomération,Intersection en X,Normale,Sans collision,4,2,3,0,1,1,1,0,1,50,,1,0,0,0,1,27.0,,,,2,2,2,1,7
202100027772,2021-07-21 11:15:00,2021,7,21,11,15,94,94081,Avenue du Colonel Fabien,48.78643,2.37701,Plein jour,En agglomération,Hors intersection,Normale,Autre collision,4,2,2,0,1,1,1,0,1,50,,2,1,0,1,0,45.0,,,,1,2,1,1,6
202100027773,2021-07-21 20:15:00,2021,7,21,20,15,94,94041,Quai Jean Compagnon,48.81991,2.39714,Plein jour,En agglomération,Hors intersection,Normale,Deux véhicules - côté,3,2,2,0,1,1,1,0,1,50,,2,1,0,0,1,39.0,39.0,,,1,2,1,1,3
202100027774,2021-07-19 11:05:00,2021,7,19,11,5,94,94041,Rue Baudin,48.815818,2.375142,Plein jour,En agglomération,Hors intersection,Temps éblouissant,Autre collision,4,1,1,0,1,1,1,0,1,50,,1,0,0,1,0,63.0,,,,1,2,1,7,6
202100027775,2021-07-21 10:30:00,2021,7,21,10,30,94,94017,Rue Jean Jaurès,48.8148,2.50649,Plein jour,En agglomération,Hors intersection,Normale,Deux véhicules - côté,3,2,2,0,1,1,1,0,8,50,,3,1,0,0,2,29.0,29.0,,,1,2,1,1,3
202100027776,2021-07-15 03:12:00,2021,7,15,3,12,93,93066,"""PERI GABRIEL, NR 2  A 114 ET 1 A 133""",48.929789,2.356469,Nuit avec éclairage allumé,En agglomération,Intersection en X,Normale,Deux véhicules - arrière,3,2,2,0,1,1,1,0,1,50,,2,1,0,1,0,,,,,5,2,2,1,2
202100027777,2021-07-20 17:10:00,2021,7,20,17,10,93,93066,Boulevard Anatole France,48.924485,2.349293,Plein jour,En agglomération,Hors intersection,Normale,Deux véhicules - côté,3,1,2,1,1,1,1,9,5,50,,2,1,0,0,1,27.0,53.0,,,1,2,1,1,3
202100027778,2021-07-20 04:40:00,2021,7,20,4,40,93,93066,Avenue du Président Wilson / Rue du Landy,48.915457,2.357734,Nuit avec éclairage allumé,En agglomération,Intersection en X,Normale,Autre collision,3,3,4,0,1,1,1,0,1,50,,4,1,0,0,3,,,,,5,2,2,1,6
202100027779,2021-07-18 23:15:00,2021,7,18,23,15,93,93066,Boulevard Anatole France,48.92499,2.34966,Nuit avec éclairage allumé,En agglomération,Hors intersection,Normale,Deux véhicules - côté,3,3,4,1,1,1,1,9,1,50,,3,2,0,0,1,20.0,23.0,,,5,2,1,1,3
202100027780,2021-07-21 00:00:00,2021,7,21,0,0,93,93055,JEAN LOLIVE (AVENUE)(137/FIN ET 134/FIN),48.8928594266,2.4114650487,Nuit avec éclairage allumé,En agglomération,Hors intersection,Normale,Autre collision,3,3,1,3,1,1,1,0,6,50,,2,0,0,0,1,,,,,5,2,1,1,6
202100027781,2021-07-20 23:55:00,2021,7,20,23,55,93,93048,Avenue Faidherbe,48.86668,2.43766,Nuit avec éclairage allumé,En agglomération,Hors intersection,Normale,Deux véhicules - arrière,4,1,1,0,1,1,1,0,1,50,,6,5,0,0,1,36.0,26.0,,,5,2,1,1,2
202100027782,2021-07-21 09:30:00,2021,7,21,9,30,93,93047,PICASSO  (AVENUE),48.902337,2.56081,Plein jour,En agglomération,Intersection en X,Temps éblouissant,Deux véhicules - côté,4,2,2,0,1,2,1,5,1,50,,2,1,0,0,1,27.0,57.0,,,1,2,2,7,3
202100027783,2021-07-21 15:05:00,2021,7,21,15,5,93,93001,HENRI MANIGART (RUE),48.913148,2.398542,Plein jour,En agglomération,Hors intersection,Normale,Autre collision,4,2,2,0,1,1,1,0,1,30,,2,1,0,0,1,31.0,,,,1,2,1,1,6
202100027784,2021-07-21 01:34:00,2021,7,21,1,34,93,93001,ADRIEN AGNES (QUAI),48.91857,2.36922,Nuit avec éclairage allumé,Hors agglomération,Autre intersection,Normale,Deux véhicules - côté,9,2,2,0,2,1,1,6,1,50,,1,0,0,0,1,39.0,,,,5,1,9,1,3
202100027785,2021-07-01 11:20:00,2021,7,1,11,20,92,92075,VICTOR HUGO (AVENUE),48.823958,2.289629,Plein jour,En agglomération,Autre intersection,Normale,Deux véhicules - frontale,4,2,1,0,1,1,1,0,1,50,,2,1,0,0,1,35.0,31.0,,,1,2,9,1,1
202100027786,2021-07-19 21:15:00,2021,7,19,21,15,92,92063,BUZENVAL (PLACE DE),48.85724,2.19021,Crépuscule ou aube,En agglomération,Place,Normale,Deux véhicules - côté,3,2,1,0,1,2,1,0,1,50,,2,1,0,0,1,42.0,18.0,,,2,2,7,1,3
202100027787,2021-07-21 07:10:00,2021,7,21,7,10,92,92025,PRESIDENT SALVADOR ALLENDE (RUE DU),48.9205987177,2.229052484,Crépuscule ou aube,En agglomération,Hors intersection,Normale,Deux véhicules - côté,4,3,0,0,1,1,1,0,1,50,,2,1,0,0,1,38.0,34.0,,,2,2,1,1,3
202100027788,2021-07-21 20:30:00,2021,7,21,20,30,92,92012,MAILLASSON (ALLEE),48.8336902375,2.2406213548,Crépuscule ou aube,En agglomération,Hors intersection,Normale,Deux véhicules - arrière,4,1,0,0,1,1,1,0,1,50,,2,1,0,0,1,29.0,28.0,,,2,2,1,1,2
202100027789,2021-07-21 09:20:00,2021,7,21,9,20,92,92012,POINT DU JOUR (QUAI DU),48.8309353895,2.2581850424,Plein jour,En agglomération,Intersection en T,Normale,Deux véhicules - côté,3,-1,4,0,1,3,1,3,1,50,,2,0,1,0,1,33.0,35.0,,,1,2,3,1,3
202100027790,2021-07-21 19:50:00,2021,7,21,19,50,92,92007,BRIAND (AVENUE ARISTIDE) N° 162 A 300,48.7946092038,2.3211367428,Plein jour,En agglomération,Intersection en T,Normale,Deux véhicules - côté,3,3,3,1,1,1,1,0,5,50,,2,1,0,0,1,38.0,53.0,,,1,2,3,1,3
202100027791,2021-07-22 12:00:00,2021,7,22,12,0,41,41276,départementale 924,47.6363,1.325223,Plein jour,Hors agglomération,Intersection en X,Normale,Deux véhicules - côté,3,2,2,0,1,1,1,5,1,90,,3,2,0,1,0,85.0,35.0,,,1,1,2,1,3
202100027792,2021-07-21 17:20:00,2021,7,21,17,20,76,76210,Route de Dieppe,49.861638,1.196716,Plein jour,En agglomération,Hors intersection,Normale,Deux véhicules - côté,3,2,2,0,1,1,1,0,1,50,,3,2,0,1,0,31.0,61.0,,,1,2,1,1,3
202100027793,2021-07-22 06:50:00,2021,7,22,6,50,988,98812,RPN8 paagoumene,-20.494723,164.191532,Plein jour,Hors agglomération,Hors intersection,Normale,Autre collision,3,2,2,0,1,1,1,2,8,30,,1,0,1,0,0,41.0,,,,1,1,1,1,6
202100027794,2021-07-21 12:20:00,2021,7,21,12,20,972,97221,national 5,14.533009,-60.982999,Plein jour,Hors agglomération,Hors intersection,Normale,Deux véhicules - côté,2,1,4,0,1,1,1,0,1,70,,2,1,1,0,0,24.0,21.0,,,1,1,1,1,3
202100027795,2021-07-21 20:00:00,2021,7,21,20,0,27,27017,N 1013,48.9981415,1.1644864,Plein jour,Hors agglomération,Hors intersection,Normale,Autre collision,2,3,4,0,1,1,1,0,3,110,,1,0,0,0,1,32.0,,,,1,1,1,1,6
202100027796,2021-07-20 23:45:00,2021,7,20,23,45,35,35056,5 rue chateaubriand,48.384081,-1.822996,Nuit avec éclairage non allumé,En agglomération,Hors intersection,Normale,Autre collision,3,2,2,0,1,3,1,0,1,50,,1,0,0,1,0,42.0,,,,4,2,1,1,6
202100027797,2021-07-21 17:00:00,2021,7,21,17,0,63,63163,Lieu Dit Say,45.762868,2.798016,Plein jour,Hors agglomération,Hors intersection,Temps éblouissant,Deux véhicules - frontale,4,2,2,0,2,3,1,0,1,80,,2,1,0,0,1,23.0,58.0,,,1,1,1,7,1
202100027798,2021-07-20 07:58:00,2021,7,20,7,58,74,74112,D1201,45.929834,6.120147,Plein jour,Hors agglomération,Hors intersection,Normale,Deux véhicules - côté,3,3,4,0,1,2,1,0,1,70,,3,1,0,1,1,26.0,50.0,,,1,1,1,1,3
202100027799,2021-06-29 14:30:00,2021,6,29,14,30,38,38383,D520,45.3777567093,5.6538981199,Plein jour,Hors agglomération,Hors intersection,Normale,Sans collision,3,2,2,0,2,4,1,0,1,80,,2,0,0,1,1,28.0,,,,1,1,1,1,7
202100027800,2021-07-22 10:15:00,2021,7,22,10,15,47,47034,Metairie Neuve,44.410666,0.12512,Plein jour,Hors agglomération,Hors intersection,Normale,Deux véhicules - côté,3,2,2,0,1,1,1,0,1,80,,2,1,0,1,0,66.0,59.0,,,1,1,1,1,3
202100027801,2021-07-18 22:35:00,2021,7,18,22,35,83,83049,Avenue des Bousquets,43.232799,6.082483,Nuit avec éclairage allumé,Hors agglomération,Hors intersection,Normale,Deux véhicules - arrière,4,2,2,0,1,1,1,0,1,50,,2,1,0,0,1,61.0,54.0,,,5,1,1,1,2
202100027802,2021-07-21 22:35:00,2021,7,21,22,35,51,51171,D32,49.380696,3.860879,Nuit sans éclairage public,Hors agglomération,Hors intersection,Normale,Sans collision,3,2,2,0,1,1,1,0,1,80,,1,0,0,1,0,30.0,,,,3,1,1,1,7
202100027803,2021-07-04 14:40:00,2021,7,4,14,40,51,51030,Veloroute du Canal Latéral à la Marne,49.042986,4.041287,Plein jour,Hors agglomération,Hors intersection,Normale,Sans collision,4,2,2,1,2,1,2,0,5,-1,,1,0,0,1,0,59.0,,,,1,1,1,1,7
202100027804,2021-07-21 14:40:00,2021,7,21,14,40,51,51343,D50,48.566047,3.703004,Plein jour,Hors agglomération,Intersection en X,Normale,Deux véhicules - côté,3,2,2,0,1,1,1,0,1,80,,2,1,0,0,1,21.0,46.0,,,1,1,2,1,3
202100027805,2021-07-21 19:55:00,2021,7,21,19,55,59,59571,D955,50.16681,3.494596,Plein jour,Hors agglomération,Hors intersection,Normale,Sans collision,3,2,2,0,1,2,1,0,3,80,,1,0,0,0,1,57.0,,,,1,1,1,1,7
202100027806,2021-07-22 16:30:00,2021,7,22,16,30,56,56180,N24,47.92682,-2.21122,Plein jour,Hors agglomération,Hors intersection,Normale,Autre collision,2,3,4,0,1,1,1,0,3,110,,2,0,1,0,1,55.0,,,,1,1,1,1,6
202100027807,2021-07-21 17:00:00,2021,7,21,17,0,74,74309,route de Bellegarde,46.113449,6.007403,Plein jour,Hors agglomération,Intersection en X,Normale,Deux véhicules - côté,3,2,2,0,1,1,1,5,1,80,,2,1,0,1,0,33.0,31.0,,,1,1,2,1,3
202100027808,2021-07-21 18:40:00,2021,7,21,18,40,78,78020,RD11,48.889563,1.722112,Plein jour,Hors agglomération,Intersection en X,Normale,Deux véhicules - côté,3,2,2,0,1,1,1,0,1,50,,2,1,0,1,0,25.0,35.0,,,1,1,2,1,3
202100027809,2021-07-21 22:45:00,2021,7,21,22,45,76,76293,intersection RD 50 et RD 37,49.7592691812,0.7967069767,Nuit sans éclairage public,Hors agglomération,Intersection en X,Normale,Deux véhicules - frontale,3,2,2,0,1,1,1,0,1,80,,2,1,0,1,0,66.0,28.0,,,3,1,2,1,1
202100027810,2021-07-22 00:05:00,2021,7,22,0,5,2A,2A130,Centre commercial i candilelli,41.89969,8.810413,Nuit avec éclairage allumé,En agglomération,Hors intersection,Normale,Deux véhicules - côté,3,2,2,0,1,1,1,0,1,50,,2,1,0,1,0,22.0,20.0,,,5,2,1,1,3
202100027811,2021-07-22 09:00:00,2021,7,22,9,0,80,80092,D 933,49.960345,2.27402,Plein jour,Hors agglomération,Intersection en X,Normale,Deux véhicules - côté,3,2,2,0,1,1,1,0,1,80,,2,1,0,1,0,20.0,64.0,,,1,1,2,1,3
202100027812,2021-07-20 18:00:00,2021,7,20,18,0,89,89255,D976,48.313234,3.220518,Plein jour,Hors agglomération,Intersection en X,Normale,Deux véhicules - frontale,3,2,2,0,1,1,1,5,1,80,,2,1,0,0,1,65.0,86.0,,,1,1,2,1,1
202100027813,2021-07-22 19:10:00,2021,7,22,19,10,63,63406,D122,45.961939,3.222675,Plein jour,Hors agglomération,Hors intersection,Normale,Sans collision,3,2,2,0,1,1,1,0,3,80,,1,0,0,1,0,19.0,,,,1,1,1,1,7
202100027814,2021-07-09 08:00:00,2021,7,9,8,0,61,61044,D224,48.847395,-0.4893479,Plein jour,Hors agglomération,Hors intersection,Temps couvert,Autre collision,3,2,2,0,2,1,1,0,1,80,,1,0,0,0,1,37.0,,,,1,1,1,8,6
202100027815,2021-07-22 13:00:00,2021,7,22,13,0,61,61040,La Metairie,48.706709,-0.437973,Plein jour,Hors agglomération,Hors intersection,Normale,Sans collision,3,2,2,0,1,1,1,0,3,90,,1,0,1,0,0,71.0,,,,1,1,1,1,7
202100027816,2021-07-21 17:57:00,2021,7,21,17,57,61,61339,D909,48.737236,-0.248115,Plein jour,Hors agglomération,Intersection en X,Normale,Trois véhicules et plus - collisions multiples,3,2,2,0,2,1,1,0,1,90,,4,3,0,0,1,24.0,40.0,,,1,1,2,1,5
202100027817,2021-07-22 18:35:00,2021,7,22,18,35,12,12107,N88,44.357748,2.905165,Plein jour,Hors agglomération,Hors intersection,Normale,Deux véhicules - côté,2,2,2,0,1,1,1,0,1,80,,2,1,0,1,0,50.0,22.0,,,1,1,1,1,3
202100027818,2021-07-21 18:30:00,2021,7,21,18,30,46,46297,Pepy,44.673800153,1.2698435783,Plein jour,Hors agglomération,Hors intersection,Normale,Sans collision,4,2,2,0,2,1,1,0,1,80,,1,0,0,1,0,19.0,,,,1,1,1,1,7
202100027819,2021-07-21 14:55:00,2021,7,21,14,55,46,46225,D67,44.515978,1.189656,Plein jour,Hors agglomération,Hors intersection,Normale,Sans collision,3,2,2,0,1,1,1,0,1,80,,1,0,0,1,0,61.0,,,,1,1,1,1,7
202100027820,2021-07-16 17:00:00,2021,7,16,17,0,29,29045,D29 - lieu dit Kerloussouarn,48.426068,-4.286363,Plein jour,Hors agglomération,Hors intersection,Normale,Deux véhicules - arrière,3,2,2,0,1,1,1,0,1,80,,2,1,0,0,1,41.0,28.0,,,1,1,1,1,2
202100027821,2021-07-21 19:15:00,2021,7,21,19,15,29,29140,Route de Rostiviec,48.353162,-4.320223,Plein jour,Hors agglomération,Hors intersection,Normale,Sans collision,4,2,2,0,2,1,1,0,1,70,,1,0,0,0,1,61.0,,,,1,1,1,1,7
202100027822,2021-07-22 11:25:00,2021,7,22,11,25,68,68091,Rue de l Europe,47.908245,7.579778,Plein jour,Hors agglomération,Hors intersection,Normale,Autre collision,4,2,2,2,1,2,1,0,3,50,,1,0,1,0,0,15.0,,,,1,1,1,1,6
202100027823,2021-07-21 23:50:00,2021,7,21,23,50,29,29146,D24 - La Trinité,47.918629,-3.81577,Nuit sans éclairage public,Hors agglomération,Intersection en X,Normale,Deux véhicules - frontale,3,3,2,0,4,1,1,5,1,80,,3,0,0,0,3,24.0,54.0,,,3,1,2,1,1
202100027824,2021-07-22 07:50:00,2021,7,22,7,50,38,38044,5 Chemin des Azimets,45.503572,5.367658,Plein jour,En agglomération,Hors intersection,Normale,Deux véhicules - frontale,3,2,2,0,1,2,1,0,1,50,,2,1,0,1,0,41.0,60.0,,,1,2,1,1,1
202100027825,2021-07-22 18:05:00,2021,7,22,18,5,02,02810,D813,49.239765,3.072567,Plein jour,En agglomération,Hors intersection,Normale,Trois véhicules et plus - collisions multiples,3,2,2,0,1,1,1,0,1,50,,4,2,0,2,0,14.0,33.0,,,1,2,1,1,5
202100027826,2021-07-22 17:30:00,2021,7,22,17,30,02,02150,D967,49.437638,3.676386,Plein jour,Hors agglomération,Hors intersection,Normale,Autre collision,3,2,2,0,2,3,1,0,3,80,,1,0,0,1,0,23.0,,,,1,1,1,1,6
202100027827,2021-07-22 16:10:00,2021,7,22,16,10,03,03128,route du camping,46.382672,2.449034,Plein jour,En agglomération,Hors intersection,Normale,Sans collision,4,2,1,0,1,2,1,0,3,50,,2,0,0,0,2,19.0,,,,1,2,1,1,7
202100027828,2021-07-22 10:05:00,2021,7,22,10,5,58,58215,47 Rue Waldeck Rousseau,47.283341,2.956202,Plein jour,En agglomération,Hors intersection,Normale,Sans collision,3,2,2,0,1,1,1,0,1,30,,2,1,0,1,0,,58.0,,,1,2,1,1,7
202100027829,2021-07-22 02:20:00,2021,7,22,2,20,58,58180,Les Settons,47.198224,4.0633721,Nuit sans éclairage public,Hors agglomération,Place,Normale,Autre collision,3,2,2,0,2,2,1,9,8,30,,6,5,0,0,1,20.0,,,,3,1,7,1,6
202100027830,2021-07-21 20:10:00,2021,7,21,20,10,45,45193,D921-PR 63 + 430,47.799478,2.07839,Crépuscule ou aube,Hors agglomération,Intersection à plus de 4 branches,Normale,Deux véhicules - frontale,3,2,2,0,1,1,1,5,1,70,,2,0,0,1,1,34.0,23.0,,,2,1,5,1,1
202100027831,2021-07-21 18:30:00,2021,7,21,18,30,16,16070,boulevard de verdun,45.874406,0.719669,Plein jour,En agglomération,Place,Normale,Deux véhicules - frontale,3,2,2,0,1,1,1,2,1,50,,2,1,0,1,0,24.0,65.0,,,1,2,7,1,1
202100027832,2021-07-22 05:00:00,2021,7,22,5,0,16,16055,Lieu-dit La Cave du Loup,45.615115,0.293575,Nuit sans éclairage public,Hors agglomération,Hors intersection,Normale,Autre collision,3,2,2,0,2,3,1,0,3,80,,1,0,0,1,0,20.0,,,,3,1,1,1,6
202100027833,2021-07-21 19:50:00,2021,7,21,19,50,21,21362,D14,47.224253,4.577388,Plein jour,Hors agglomération,Hors intersection,Normale,Deux véhicules - frontale,3,2,2,0,1,1,1,0,3,80,,1,0,0,1,0,46.0,,,,1,1,1,1,1
202100027834,2021-07-21 18:15:00,2021,7,21,18,15,28,28199,927,48.205358,1.869698,Plein jour,Hors agglomération,Hors intersection,Normale,Deux véhicules - arrière,3,2,2,0,1,1,1,0,1,90,,2,1,0,1,0,33.0,48.0,,,1,1,1,1,2
202100027835,2021-07-21 18:25:00,2021,7,21,18,25,30,30339,D986,44.089689,3.590223,Plein jour,Hors agglomération,Hors intersection,Normale,Sans collision,3,2,2,0,1,1,1,0,8,80,,3,0,0,1,2,63.0,,,,1,1,1,1,7
202100027836,2021-07-22 10:35:00,2021,7,22,10,35,48,48080,Route Regordane,44.729876,3.848047,Plein jour,En agglomération,Hors intersection,Normale,Deux véhicules - arrière,4,2,2,0,2,1,1,0,1,50,,2,1,0,1,0,57.0,70.0,,,1,2,1,1,2
202100027837,2021-07-05 17:15:00,2021,7,5,17,15,35,35275,D21,48.160063,-1.834862,Plein jour,Hors agglomération,Intersection à plus de 4 branches,Pluie légère,Deux véhicules - frontale,2,1,1,0,1,1,2,3,1,50,,2,1,0,0,1,72.0,23.0,,,1,1,5,2,1
202100027838,2021-07-20 11:30:00,2021,7,20,11,30,987,98745,"Quartier Hatupa, district de Tiva",-16.5833493804,-151.4943116158,Plein jour,Hors agglomération,Hors intersection,Normale,Deux véhicules - arrière,2,2,2,0,1,1,1,0,1,40,,2,1,0,1,0,28.0,24.0,,,1,1,1,1,2
202100027839,2021-07-21 15:30:00,2021,7,21,15,30,89,89339,,47.584356,3.92463,Plein jour,Hors agglomération,Hors intersection,Normale,Sans collision,1,3,4,0,3,1,1,0,3,90,,1,0,0,0,1,20.0,,,,1,1,1,1,7
202100027840,2021-07-18 14:00:00,2021,7,18,14,0,86,86116,A10,46.487204,0.075066,Plein jour,Hors agglomération,Hors intersection,Normale,Autre collision,1,3,2,0,1,1,1,0,3,130,,3,2,0,1,0,45.0,,,,1,1,1,1,6
202100027841,2021-07-21 22:20:00,2021,7,21,22,20,11,11262,D32,43.170851,3.034952,Nuit sans éclairage public,Hors agglomération,Hors intersection,Normale,Autre collision,3,2,2,0,1,1,1,0,3,80,,2,1,1,0,0,,,,,3,1,1,1,6
202100027842,2021-07-22 20:30:00,2021,7,22,20,30,974,97408,Rue du Camp Magloire,-20.925849,55.339116,Nuit avec éclairage allumé,En agglomération,Hors intersection,Normale,Sans collision,4,2,2,0,1,1,1,0,1,50,,1,0,0,0,1,33.0,,,,5,2,1,1,7
202100027843,2021-03-06 20:00:00,2021,3,6,20,0,971,97129,Lieu Dit Bebel,16.326492,-61.690689,Crépuscule ou aube,En agglomération,Intersection en T,Normale,Deux véhicules - frontale,2,2,2,0,1,1,1,0,1,-1,,2,1,0,1,0,50.0,42.0,,,2,2,3,1,1
202100027844,2021-07-21 17:20:00,2021,7,21,17,20,978,97801,rn 7 - bellevue,18.05711,-63.08547,Plein jour,En agglomération,Hors intersection,Normale,Deux véhicules - arrière,2,-1,2,0,1,1,1,0,1,70,,2,1,0,1,0,43.0,23.0,,,1,2,1,1,2
202100027845,2021-07-21 15:40:00,2021,7,21,15,40,977,97701,"rt47, morne tourterelle",17.894155,-62.831519,Plein jour,En agglomération,Hors intersection,Normale,Deux véhicules - frontale,2,2,2,0,2,3,1,0,1,50,,3,2,1,0,0,37.0,55.0,,,1,2,1,1,1
202100027846,2021-07-20 09:10:00,2021,7,20,9,10,84,84012,avenue gambetta,44.121529,5.02867,Crépuscule ou aube,En agglomération,Hors intersection,Temps éblouissant,Deux véhicules - frontale,3,2,2,0,2,1,1,9,1,-1,,2,1,0,0,1,40.0,,,,2,2,1,7,1
202100027847,2021-07-22 12:15:00,2021,7,22,12,15,84,84003,D22 -- intersection chemin des coulets,43.896779,5.431795,Plein jour,Hors agglomération,Hors intersection,Normale,Deux véhicules - arrière,3,2,2,0,1,1,1,0,1,80,,5,1,0,1,3,25.0,50.0,,,1,1,1,1,2
202100027848,2021-07-20 22:30:00,2021,7,20,22,30,71,71150,1049 Route Nationale 6,46.241457,4.787083,Nuit avec éclairage allumé,En agglomération,Intersection en T,Normale,Deux véhicules - arrière,3,2,2,0,1,1,1,0,1,50,,2,1,0,0,1,50.0,24.0,,,5,2,3,1,2
202100027849,2021-07-21 19:45:00,2021,7,21,19,45,21,21699,Rue des Gesserottes,47.203935,5.341453,Plein jour,Hors agglomération,Intersection en T,Normale,Deux véhicules - côté,3,2,2,0,1,1,1,0,1,50,,2,1,0,1,0,57.0,38.0,,,1,1,3,1,3
202100027850,2021-07-19 05:20:00,2021,7,19,5,20,67,67348,D426,48.46346,7.460661,Plein jour,Hors agglomération,Hors intersection,Normale,Autre collision,3,2,2,0,1,1,1,0,3,-1,,2,0,0,1,1,21.0,,,,1,1,1,1,6
202100027851,2021-07-22 20:10:00,2021,7,22,20,10,55,55435,1 Rue du Roncier,48.746721,5.0307,Crépuscule ou aube,En agglomération,Hors intersection,Normale,Deux véhicules - frontale,3,2,2,0,1,1,1,0,1,50,,2,1,0,1,0,21.0,34.0,,,2,2,1,1,1
202100027852,2021-07-22 09:50:00,2021,7,22,9,50,42,42094,3 place du Forum,45.743501,4.222537,Plein jour,En agglomération,Hors intersection,Normale,Autre collision,3,2,2,0,1,1,1,9,1,50,,2,1,0,1,0,61.0,,,,1,2,1,1,6
202100027853,2021-07-02 08:45:00,2021,7,2,8,45,38,38298,Avenue Jules Ferry,45.369017,4.798284,Plein jour,En agglomération,Intersection en T,Normale,Autre collision,3,2,2,0,1,1,1,0,1,30,,2,1,0,1,0,44.0,,,,1,2,3,1,6
202100027854,2021-07-22 00:20:00,2021,7,22,0,20,69,69243,CHARLES DE GAULLE (AV),45.8981640392,4.4337551721,Nuit avec éclairage allumé,En agglomération,Hors intersection,Normale,Autre collision,4,3,2,0,2,1,1,0,1,50,,2,0,0,2,0,33.0,,,,5,2,1,1,6
202100027855,2021-07-21 13:15:00,2021,7,21,13,15,65,65123,D918,42.936475,0.209169,Plein jour,Hors agglomération,Hors intersection,Normale,Sans collision,3,2,2,0,2,3,1,0,3,80,,1,0,0,1,0,20.0,,,,1,1,1,1,7
202100027856,2021-07-21 15:40:00,2021,7,21,15,40,22,22178,La Trinité - RD 7,48.693077017,-3.0196558977,Plein jour,Hors agglomération,Hors intersection,Normale,Sans collision,3,3,4,0,1,1,1,0,3,110,,1,0,0,1,0,49.0,,,,1,1,1,1,7
202100027857,2021-07-22 10:50:00,2021,7,22,10,50,59,59659,Rue de Verdun,50.018226,4.024317,Plein jour,En agglomération,Autre intersection,Temps éblouissant,Deux véhicules - frontale,3,2,2,0,1,2,1,0,1,-1,,2,1,0,1,0,37.0,71.0,,,1,2,9,7,1
202100027858,2021-07-21 08:20:00,2021,7,21,8,20,13,13210,S10CM-Sens Marseille vers A.50 Aubagne,43.28324,5.40039,Plein jour,Hors agglomération,Hors intersection,Normale,Deux véhicules - arrière,7,3,1,0,2,1,1,3,1,50,,2,0,0,0,2,27.0,35.0,,,1,1,1,1,2
202100027859,2021-07-21 12:05:00,2021,7,21,12,5,13,13055,A507 sens Aubagne- Marseille,43.32686,5.42002,Plein jour,Hors agglomération,Hors intersection,Normale,Deux véhicules - arrière,1,3,2,0,2,2,1,0,1,70,,2,0,0,0,2,23.0,25.0,,,1,1,1,1,2
202100027860,2021-07-21 07:45:00,2021,7,21,7,45,13,13055,A507 sens Aubagne- Marseille,43.3298875067,5.3947033882,Plein jour,Hors agglomération,Hors intersection,Normale,Deux véhicules - arrière,1,1,3,0,1,3,1,1,1,70,,3,1,0,0,2,42.0,62.0,,,1,1,1,1,2
202100027861,2021-07-21 07:30:00,2021,7,21,7,30,13,13071,A7-Sens Marseille vers Lyon,43.41484,5.27912,Plein jour,Hors agglomération,Hors intersection,Normale,Trois véhicules et plus - en chaîne,1,1,3,0,1,1,1,0,1,110,,4,2,0,0,2,25.0,23.0,,,1,1,1,1,4
202100027862,2021-07-21 00:25:00,2021,7,21,0,25,13,13117,A7-Sens Lyon vers Marseille,43.43211,5.25758,Nuit sans éclairage public,Hors agglomération,Hors intersection,Normale,Deux véhicules - arrière,1,1,2,0,1,1,1,0,1,110,,5,3,0,0,2,31.0,34.0,,,3,1,1,1,2
202100027863,2021-07-21 15:35:00,2021,7,21,15,35,33,33075,Rocade Nord A630,44.888939,-0.594622,Plein jour,Hors agglomération,Hors intersection,Normale,Deux véhicules - arrière,1,3,4,0,1,1,1,0,1,90,,2,1,0,0,1,33.0,71.0,,,1,1,1,1,2
202100027864,2021-07-21 03:10:00,2021,7,21,3,10,33,33143,AUTOROUTE A 10,44.974968,-0.433433,Nuit sans éclairage public,Hors agglomération,Hors intersection,Normale,Trois véhicules et plus - en chaîne,1,3,6,0,1,1,1,0,1,110,,7,4,0,0,3,40.0,50.0,,,3,1,1,1,4
202100027865,2021-07-20 21:15:00,2021,7,20,21,15,33,33550,ROCADE A 630,44.777999,-0.556732,Crépuscule ou aube,Hors agglomération,Hors intersection,Normale,Deux véhicules - côté,1,3,6,0,1,1,1,0,1,90,,3,1,0,0,2,61.0,37.0,,,2,1,1,1,3
202100027866,2021-07-21 17:25:00,2021,7,21,17,25,92,92072,N118,48.820957621,2.2188498305,Plein jour,Hors agglomération,Hors intersection,Normale,Autre collision,2,1,2,0,2,4,1,0,1,90,,1,0,0,0,1,33.0,,,,1,1,1,1,6
202100027867,2021-07-21 07:55:00,2021,7,21,7,55,78,78466,A13,48.924937,1.998511,Plein jour,Hors agglomération,Hors intersection,Normale,Deux véhicules - côté,1,3,3,0,1,1,1,0,1,90,,2,1,0,0,1,40.0,25.0,,,1,1,1,1,3