accident_id,datetime,annee,mois,jour,heure,minute,departement,commune_insee,adresse,latitude,longitude,luminosite,agglomeration,intersection,meteo,collision,catr,circ,nbv,vosp,prof,plan,surf,infra,situ,vma,nb_vehicules,nb_usagers,nb_indemnes,nb_tues,nb_blesses_hosp,nb_blesses_legers,age_cond_1,age_cond_2,veh_type_cond_1,veh_type_cond_2,lum_code,agg_code,int_code,atm_code,col_code
202100027868,2021-07-20 21:57:00,2021,7,20,21,57,95,95641,AUTOROUTE A1,49.06706,2.55246,Crépuscule ou aube,Hors agglomération,Hors intersection,Normale,Deux véhicules - arrière,1,3,8,0,1,1,1,0,1,130,,2,1,0,0,1,28.0,52.0,,,2,1,1,1,2
202100027869,2021-07-20 09:50:00,2021,7,20,9,50,38,38185,RUE MAURICE DODERO,45.16369,5.7306,Plein jour,En agglomération,Hors intersection,Normale,Autre collision,4,2,2,1,1,1,1,0,1,30,,2,1,0,1,0,63.0,,,,1,2,1,1,6
202100027870,2021-07-19 20:15:00,2021,7,19,20,15,974,97416,RN 01,-21.3112321493,55.436153411,Nuit sans éclairage public,Hors agglomération,Hors intersection,Pluie légère,Autre collision,2,3,4,0,1,2,1,0,1,110,,3,2,0,0,1,,19.0,,,3,1,1,2,6
202100027871,2021-07-19 18:41:00,2021,7,19,18,41,974,97416,STEPHANE(CHEMIN),-21.28297,55.4796,Nuit avec éclairage allumé,Hors agglomération,Intersection en T,Normale,Deux véhicules - côté,4,3,2,0,1,1,1,0,1,50,,2,1,0,0,1,56.0,42.0,,,5,1,3,1,3
202100027872,2021-07-19 18:45:00,2021,7,19,18,45,974,97407,AUGUSTE RODIN (RUE) - RIV. DES GALETS,-20.9588,55.3112,Nuit avec éclairage allumé,En agglomération,Hors intersection,Normale,Deux véhicules - côté,4,2,1,0,1,1,1,0,3,50,,2,1,0,0,1,70.0,22.0,,,5,2,1,1,3
202100027873,2021-07-20 18:00:00,2021,7,20,18,0,69,69259,DOCTEUR GEORGES LEVY (DU)           (AV),45.7193539752,4.8547768593,Plein jour,En agglomération,Intersection en X,Normale,Deux véhicules - arrière,4,2,2,2,1,1,1,0,1,50,,2,0,0,0,2,46.0,30.0,,,1,2,2,1,2
202100027874,2021-07-20 13:30:00,2021,7,20,13,30,69,69387,GUILLOTIERE (DE LA) (GR),45.7490668654,4.8534622531,Plein jour,En agglomération,Intersection en X,Normale,Autre collision,4,1,3,0,1,2,1,0,1,50,,2,1,0,1,0,75.0,,,,1,2,2,1,6
202100027875,2021-07-20 14:00:00,2021,7,20,14,0,69,69387,GAMBETTA (CR),45.7516237643,4.8535631597,Plein jour,En agglomération,Intersection en X,Normale,Deux véhicules - côté,4,2,4,3,1,1,1,0,1,50,,2,1,0,0,1,25.0,22.0,,,1,2,2,1,3
202100027876,2021-07-20 14:15:00,2021,7,20,14,15,69,69199,ROBERT REYNIER (R),45.70969,4.86088,Plein jour,En agglomération,Intersection en X,Normale,Deux véhicules - côté,4,2,2,0,1,1,1,0,1,50,,2,1,0,0,1,32.0,23.0,,,1,2,2,1,3
202100027877,2021-07-20 09:45:00,2021,7,20,9,45,69,69259,INDUSTRIE (DE L') (R),45.7090175671,4.882478714,Plein jour,En agglomération,Hors intersection,Normale,Autre collision,4,2,2,0,1,1,1,0,1,50,,1,0,0,0,1,95.0,,,,1,2,1,1,6
202100027878,2021-07-17 01:20:00,2021,7,17,1,20,69,69259,COMMUNE DE PARIS (DE LA) (R),45.70265,4.87006,Nuit avec éclairage allumé,En agglomération,Intersection en X,Normale,Deux véhicules - côté,4,2,2,0,1,1,1,0,1,50,,7,6,0,0,1,52.0,19.0,,,5,2,2,1,3
202100027879,2021-07-19 20:25:00,2021,7,19,20,25,972,97213,AUTOROUTE A1,14.61821,-61.03327,Nuit avec éclairage allumé,Hors agglomération,Hors intersection,Normale,Trois véhicules et plus - collisions multiples,1,1,2,0,1,3,1,0,1,70,,4,3,0,0,1,30.0,29.0,,,5,1,1,1,5
202100027880,2021-07-16 11:47:00,2021,7,16,11,47,69,69381,SAINT VINCENT (Q),45.7684290886,4.8259946702,Plein jour,En agglomération,Intersection en T,Normale,Deux véhicules - côté,4,1,3,1,1,1,1,0,5,50,,3,2,0,0,1,27.0,38.0,,,1,2,3,1,3
202100027881,2021-07-19 19:35:00,2021,7,19,19,35,69,69382,JULES COURMONT (Q),45.76226,4.83811,Plein jour,En agglomération,Hors intersection,Normale,Autre collision,4,1,3,3,1,1,1,0,6,50,,2,0,0,1,1,43.0,,,,1,2,1,1,6
202100027882,2021-07-20 10:15:00,2021,7,20,10,15,971,97113,MONTAUBAN (SECTEUR),16.20629,-61.49849,Plein jour,En agglomération,Intersection en T,Normale,Deux véhicules - côté,3,-1,2,0,1,1,1,0,1,30,,2,1,0,0,1,54.0,58.0,,,1,2,3,1,3
202100027883,2021-07-20 07:35:00,2021,7,20,7,35,95,95585,REFUZNICKS (ROUTE DES),48.98505,2.38305,Plein jour,En agglomération,Hors intersection,Normale,Deux véhicules - côté,3,2,4,0,1,1,1,0,1,50,,2,1,0,0,1,26.0,45.0,,,1,2,1,1,3
202100027884,2021-07-20 23:30:00,2021,7,20,23,30,91,91421,NATIONALE 6 (CES POMPIDOU),48.69984,2.44402,Nuit sans éclairage public,Hors agglomération,Hors intersection,Normale,Deux véhicules - arrière,2,3,4,0,1,1,1,0,3,90,,2,1,0,0,1,20.0,46.0,,,3,1,1,1,2
202100027885,2021-07-20 18:00:00,2021,7,20,18,0,91,91657,AV HENRI BARBUSSE,48.70146,2.42431,Plein jour,En agglomération,Hors intersection,Normale,Deux véhicules - arrière,3,2,2,0,1,1,1,0,1,50,,3,1,0,0,2,81.0,33.0,,,1,2,1,1,2
202100027886,2021-07-20 19:45:00,2021,7,20,19,45,91,91687,GENERAL DE GAULLE (AVENUE DU),48.67816,2.38279,Plein jour,En agglomération,Hors intersection,Normale,Trois véhicules et plus - en chaîne,3,3,3,0,1,1,1,0,1,50,,4,3,0,0,1,23.0,70.0,,,1,2,1,1,4
202100027887,2021-07-04 21:20:00,2021,7,4,21,20,89,89387,D606,48.19744,3.31336,Plein jour,Hors agglomération,Hors intersection,Normale,Trois véhicules et plus - collisions multiples,3,2,3,0,1,2,1,0,1,90,,3,0,0,0,3,30.0,21.0,,,1,1,1,1,5
202100027888,2021-07-18 14:16:00,2021,7,18,14,16,87,87085,BENEDICTINS (RAMPE DES),45.83532,1.26846,Plein jour,En agglomération,Hors intersection,Normale,Autre collision,4,2,2,0,2,1,1,0,1,50,,2,1,0,1,0,50.0,,,,1,2,1,1,6
202100027889,2021-07-17 19:15:00,2021,7,17,19,15,87,87085,GRANDE PIECE (Ave de la),45.854412,1.24883,Plein jour,En agglomération,Hors intersection,Normale,Sans collision,4,-1,2,0,1,3,9,0,1,50,,1,0,0,1,0,16.0,,,,1,2,1,1,7
202100027890,2021-07-18 06:04:00,2021,7,18,6,4,87,87085,ORADOUR SUR GLANE (CARREFOUR D'),45.83445,1.22642,Nuit avec éclairage allumé,En agglomération,Intersection en X,Normale,Deux véhicules - côté,3,3,6,0,1,1,1,0,1,50,,3,2,0,1,0,55.0,23.0,,,5,2,2,1,3
202100027891,2021-07-17 14:53:00,2021,7,17,14,53,80,80021,PIERRE ROLLIN (RUE),49.87639,2.31329,Plein jour,En agglomération,Hors intersection,Normale,Deux véhicules - côté,4,2,3,0,1,1,1,0,1,50,,2,1,0,1,0,32.0,21.0,,,1,2,1,1,3
202100027892,2021-07-17 23:45:00,2021,7,17,23,45,80,80021,BEAUVAIS (RUE DE),49.89291,2.29427,Nuit avec éclairage allumé,En agglomération,Hors intersection,Normale,Deux véhicules - frontale,4,1,1,0,2,3,1,0,1,30,,2,1,0,0,1,20.0,23.0,,,5,2,1,1,1
202100027893,2021-07-17 00:20:00,2021,7,17,0,20,80,80702,AMIENS (RUE D'),49.8382177181,2.3137164116,Nuit avec éclairage allumé,En agglomération,Hors intersection,Normale,Sans collision,4,1,1,0,4,1,1,0,1,50,,1,0,0,0,1,32.0,,,,5,2,1,1,7
202100027894,2021-07-17 01:17:00,2021,7,17,1,17,80,80379,PHILEAS FOGG (AVENUE),49.86529,2.37849,Nuit avec éclairage allumé,En agglomération,Hors intersection,Normale,Autre collision,4,2,4,0,1,1,1,0,1,30,,2,0,1,1,0,33.0,,,,5,2,1,1,6
202100027895,2021-07-08 08:30:00,2021,7,8,8,30,78,78621,ROCADE 12,48.79295,1.98459,Plein jour,Hors agglomération,Hors intersection,Normale,Trois véhicules et plus - collisions multiples,4,2,2,0,1,1,1,0,1,50,,3,0,0,3,0,54.0,37.0,,,1,1,1,1,5
202100027896,2021-07-18 07:10:00,2021,7,18,7,10,76,76351,LENINGRAD (BD DE),49.49997,0.16845,Plein jour,En agglomération,Hors intersection,Normale,Autre collision,3,3,4,0,1,1,1,0,3,50,,1,0,0,0,1,29.0,,,,1,2,1,1,6
202100027897,2021-07-17 18:40:00,2021,7,17,18,40,76,76351,FRISSARD (QUAI),49.48925,0.12282,Plein jour,En agglomération,Hors intersection,Normale,Sans collision,4,2,2,1,1,1,1,0,1,50,,2,1,0,1,0,34.0,,,,1,2,1,1,7
202100027898,2021-07-17 15:35:00,2021,7,17,15,35,76,76351,LOUIS BLERIOT,49.52575,0.09016,Plein jour,En agglomération,Hors intersection,Normale,Autre collision,3,2,2,0,1,1,1,0,1,50,,3,1,0,1,1,26.0,29.0,,,1,2,1,1,6
202100027899,2021-07-19 20:15:00,2021,7,19,20,15,72,72181,LOUIS BLANC (QUAI),48.01143,0.19749,Plein jour,En agglomération,Hors intersection,Normale,Deux véhicules - arrière,4,2,2,0,1,1,1,0,1,50,,2,1,0,0,1,21.0,78.0,,,1,2,1,1,2
202100027900,2021-07-19 18:20:00,2021,7,19,18,20,72,72181,TIRONNEAU ADRIEN (PL),47.98299,0.21046,Plein jour,En agglomération,Hors intersection,Normale,Deux véhicules - arrière,4,3,1,0,1,1,1,0,1,30,,2,1,0,0,1,37.0,52.0,,,1,2,1,1,2
202100027901,2021-07-20 09:00:00,2021,7,20,9,0,71,71270,Cours Moreau,46.30836,4.83201,Plein jour,En agglomération,Giratoire,Normale,Deux véhicules - côté,3,2,2,1,1,3,1,5,5,50,,2,1,0,0,1,53.0,51.0,,,1,2,6,1,3
202100027902,2021-07-19 18:15:00,2021,7,19,18,15,69,69275,ELISEE RECLUS (R),45.7518,4.94217,Plein jour,En agglomération,Hors intersection,Normale,Trois véhicules et plus - collisions multiples,4,2,2,0,1,3,1,0,1,50,,7,3,0,0,4,41.0,24.0,,,1,2,1,1,5
202100027903,2021-07-20 16:20:00,2021,7,20,16,20,69,69256,ROGER SALENGRO (AV),45.74605,4.92698,Plein jour,En agglomération,Intersection en T,Normale,Sans collision,7,2,2,0,1,1,1,0,1,50,,3,2,0,0,1,19.0,,,,1,2,3,1,7
202100027904,2021-07-20 16:59:00,2021,7,20,16,59,65,65286,ROMAIN (BOULEVARD DU CDT CELESTIN),43.10078,-0.04619,Plein jour,En agglomération,Intersection en Y,Temps couvert,Deux véhicules - côté,3,2,3,0,2,4,1,0,1,50,,6,2,0,0,4,49.0,20.0,,,1,2,4,8,3
202100027905,2021-07-20 17:55:00,2021,7,20,17,55,64,64483,RD810,43.41232,-1.61793,Plein jour,En agglomération,Giratoire,Normale,Deux véhicules - côté,3,2,2,0,1,3,1,5,8,50,,2,1,0,1,0,23.0,70.0,,,1,2,6,1,3
202100027906,2021-07-20 13:35:00,2021,7,20,13,35,64,64024,LAPORTE (AVENUE JEAN LEON),43.4969,-1.50794,Plein jour,En agglomération,Hors intersection,Normale,Sans collision,4,-1,3,0,1,1,1,0,1,50,,1,0,0,0,1,53.0,,,,1,2,1,1,7
202100027907,2021-07-20 13:15:00,2021,7,20,13,15,64,64024,CHASSIN (RUE DE),43.48664,-1.53141,Plein jour,En agglomération,Hors intersection,Normale,Sans collision,4,-1,2,0,1,1,1,0,1,50,,1,0,0,0,1,19.0,,,,1,2,1,1,7
202100027908,2021-07-19 18:40:00,2021,7,19,18,40,64,64102,MAIGNON (ROUTE DE),43.4662902501,-1.4962622523,Plein jour,En agglomération,Hors intersection,Normale,Deux véhicules - côté,4,-1,3,3,2,1,1,0,6,50,,2,1,0,1,0,44.0,18.0,,,1,2,1,1,3
202100027909,2021-07-19 17:40:00,2021,7,19,17,40,63,63113,MOULIN (BD JEAN),45.77698,3.11781,Plein jour,En agglomération,Intersection en X,Normale,Deux véhicules - côté,7,3,5,0,1,1,1,0,1,50,,2,0,0,0,2,31.0,37.0,,,1,2,2,1,3
202100027910,2021-07-19 10:17:00,2021,7,19,10,17,63,63113,13 FLAUBERT (BD GUSTAVE),45.7714948975,3.1220340011,Plein jour,En agglomération,Hors intersection,Normale,Autre collision,7,3,4,0,1,1,1,0,1,50,,1,0,0,0,1,53.0,,,,1,2,1,1,6
202100027911,2021-07-15 21:47:00,2021,7,15,21,47,63,63113,DELILLE (PLACE),45.78015,3.09107,Crépuscule ou aube,En agglomération,Hors intersection,Normale,Autre collision,4,1,2,0,1,1,1,0,1,50,,2,1,0,0,1,19.0,,,,2,2,1,1,6
202100027912,2021-07-19 12:35:00,2021,7,19,12,35,59,59286,CARNOT SADI RUE,50.61157,2.99645,Plein jour,En agglomération,Hors intersection,Normale,Deux véhicules - côté,7,2,4,3,1,1,1,0,6,50,,2,1,0,0,1,18.0,28.0,,,1,2,1,1,3
202100027913,2021-07-19 20:30:00,2021,7,19,20,30,54,54395,FOCH (AVENUE 2 A 16,48.6882832023,6.1734674871,Plein jour,En agglomération,Autre intersection,Normale,Autre collision,4,1,2,0,1,1,1,0,1,50,,2,1,0,0,1,24.0,,,,1,2,9,1,6
202100027914,2021-07-19 13:40:00,2021,7,19,13,40,54,54395,LIBERATION (AVENUE DE LA),48.697278,6.154478,Plein jour,En agglomération,Autre intersection,Normale,Deux véhicules - arrière,7,2,1,0,2,1,1,0,1,50,,2,0,0,0,2,57.0,24.0,,,1,2,9,1,2
202100027915,2021-07-19 17:50:00,2021,7,19,17,50,50,50147,ECAUDERIE,49.070312,-1.430352,Plein jour,Hors agglomération,Hors intersection,Temps éblouissant,Deux véhicules - côté,4,2,2,0,2,3,1,9,1,50,,2,1,0,0,1,13.0,72.0,,,1,1,1,7,3
202100027916,2021-07-19 18:11:00,2021,7,19,18,11,49,49007,PRE PIGEON,47.47794,-0.54343,Plein jour,En agglomération,Hors intersection,Normale,Deux véhicules - côté,4,2,2,0,1,1,1,0,1,30,,2,1,0,0,1,51.0,19.0,,,1,2,1,1,3
202100027917,2021-07-19 16:33:00,2021,7,19,16,33,49,49007,GASNIER AVENUE,47.4843,-0.57111,Plein jour,En agglomération,Hors intersection,Normale,Sans collision,4,2,2,0,1,1,1,0,1,30,,1,0,0,0,1,37.0,,,,1,2,1,1,7
202100027918,2021-07-20 20:10:00,2021,7,20,20,10,45,45075,Route de Blois,47.88216,1.81671,Plein jour,Hors agglomération,Intersection en X,Normale,Trois véhicules et plus - en chaîne,7,2,0,0,1,1,1,0,1,70,,4,1,0,0,3,51.0,60.0,,,1,1,2,1,4
202100027919,2021-07-20 12:00:00,2021,7,20,12,0,44,44109,PLACE VICTOR MANGIN,47.20102,-1.544376,Plein jour,En agglomération,Giratoire,Normale,Deux véhicules - côté,4,1,2,1,1,1,1,0,5,30,,2,1,0,0,1,19.0,92.0,,,1,2,6,1,3
202100027920,2021-07-19 13:48:00,2021,7,19,13,48,43,43157,Avenue de la Dentelle,45.0426439789,3.889086771,Plein jour,En agglomération,Intersection en X,Normale,Deux véhicules - côté,4,1,2,0,1,1,1,5,1,50,,2,1,0,1,0,55.0,21.0,,,1,2,2,1,3
202100027921,2021-07-15 23:30:00,2021,7,15,23,30,42,42189,Rue Massenet,45.4293685048,4.3174518943,Nuit avec éclairage allumé,En agglomération,Hors intersection,Pluie légère,Autre collision,4,2,2,0,2,1,2,0,4,50,,1,0,0,1,0,18.0,,,,5,2,1,2,6
202100027922,2021-07-20 11:30:00,2021,7,20,11,30,37,37261,CHOPIN (RUE),47.4124761474,0.7015585899,Plein jour,En agglomération,Hors intersection,Normale,Sans collision,4,2,2,0,1,1,1,0,1,50,,1,0,0,0,1,31.0,,,,1,2,1,1,7
202100027923,2021-07-20 08:40:00,2021,7,20,8,40,37,37261,PROUDHON (AVENUE),47.3948651545,0.6713187168,Plein jour,En agglomération,Intersection en T,Normale,Autre collision,4,2,2,0,1,1,1,6,1,50,,2,1,0,0,1,53.0,33.0,,,1,2,3,1,6
202100027924,2021-07-21 00:15:00,2021,7,21,0,15,33,33063,Rue d’Armagnac,44.82158,-0.55303,Nuit avec éclairage allumé,En agglomération,Hors intersection,Normale,Deux véhicules - côté,4,2,2,0,1,2,1,0,1,50,,3,1,0,2,0,33.0,,,,5,2,1,1,3
202100027925,2021-07-20 12:30:00,2021,7,20,12,30,33,33063,Boulevard d'Aliénor d'Aquitaine,44.87444,-0.56486,Plein jour,Hors agglomération,Hors intersection,Normale,Deux véhicules - arrière,4,3,4,0,1,1,1,0,1,70,,2,0,0,0,2,27.0,29.0,,,1,1,1,1,2
202100027926,2021-07-20 09:00:00,2021,7,20,9,0,33,33281,Avenue de l’Yser,44.84205,-0.66069,Plein jour,En agglomération,Intersection en X,Normale,Deux véhicules - côté,4,2,3,2,1,1,1,0,1,50,,2,1,0,0,1,85.0,24.0,,,1,2,2,1,3
202100027927,2021-07-20 15:10:00,2021,7,20,15,10,33,33529,Avenue des Dunes,44.5716726592,-1.2230294438,Plein jour,Hors agglomération,Hors intersection,Normale,Sans collision,3,2,2,1,2,1,1,0,1,70,,1,0,0,0,1,46.0,,,,1,1,1,1,7
202100027928,2021-07-20 10:35:00,2021,7,20,10,35,33,33529,Avenue Eskualduna,44.60592,-1.20562,Plein jour,Hors agglomération,Intersection en X,Normale,Deux véhicules - côté,4,2,2,0,1,1,1,0,1,30,,2,1,0,0,1,69.0,27.0,,,1,1,2,1,3
202100027929,2021-07-20 10:25:00,2021,7,20,10,25,33,33529,BISCAROSSE (AVE) DUNE VERS BISCA,44.5841,-1.2097070929,Plein jour,Hors agglomération,Hors intersection,Temps éblouissant,Sans collision,3,2,1,1,1,1,1,0,5,30,,1,0,0,1,0,50.0,,,,1,1,1,7,7
202100027930,2021-07-20 09:45:00,2021,7,20,9,45,33,33529,PISTE 214,44.584033,-1.203468,Plein jour,Hors agglomération,Hors intersection,Normale,Sans collision,4,2,2,1,2,1,1,0,1,50,,1,0,0,0,1,61.0,,,,1,1,1,1,7
202100027931,2021-07-19 15:05:00,2021,7,19,15,5,30,30189,AQUEDUC (RUE),43.8306,4.3548,Plein jour,En agglomération,Intersection en T,Normale,Deux véhicules - côté,4,1,1,0,1,1,1,0,1,50,,2,1,0,0,1,48.0,57.0,,,1,2,3,1,3
202100027932,2021-07-15 07:35:00,2021,7,15,7,35,29,29019,Rue Jeanne Chauvin,48.4226831076,-4.4757151007,Plein jour,En agglomération,Giratoire,Normale,Deux véhicules - frontale,4,2,2,0,1,1,1,5,1,50,,2,1,0,0,1,40.0,59.0,,,1,2,6,1,1
202100027933,2021-07-20 10:18:00,2021,7,20,10,18,26,26362,31 rue de la Cécile,44.922283,4.890713,Plein jour,En agglomération,Giratoire,Normale,Deux véhicules - côté,4,2,2,-1,1,1,1,2,1,50,,2,1,1,0,0,33.0,75.0,,,1,2,6,1,3
202100027934,2021-07-05 19:10:00,2021,7,5,19,10,26,26198,135 Route de Chateauneuf,44.53052,4.73644,Plein jour,En agglomération,Hors intersection,Normale,Deux véhicules - côté,3,2,2,0,1,1,1,0,1,70,,2,0,0,0,2,34.0,59.0,,,1,2,1,1,3
202100027935,2021-07-20 08:30:00,2021,7,20,8,30,21,21231,ARISTIDE BRIAND (AVENUE),47.3336290682,5.0525669986,Plein jour,En agglomération,Intersection en T,Normale,Deux véhicules - côté,4,2,2,0,1,1,1,0,1,50,,2,0,0,1,1,25.0,90.0,,,1,2,3,1,3
202100027936,2021-07-20 19:10:00,2021,7,20,19,10,14,14118,Rue Caponière,49.17836,-0.37993,Plein jour,En agglomération,Intersection en T,Normale,Deux véhicules - frontale,4,2,2,0,1,4,1,0,1,30,,2,1,0,0,1,31.0,48.0,,,1,2,3,1,1
202100027937,2021-07-20 23:30:00,2021,7,20,23,30,13,13207,CHARLES LIVON (BOULEVARD),43.2916,5.35598,Nuit avec éclairage allumé,En agglomération,Hors intersection,Normale,Deux véhicules - frontale,4,1,2,0,2,2,1,0,1,50,,2,1,0,0,1,29.0,21.0,,,5,2,1,1,1
202100027938,2021-07-20 19:10:00,2021,7,20,19,10,13,13209,REDON (BOULEVARD DU),43.24957,5.42279,Plein jour,En agglomération,Autre intersection,Normale,Deux véhicules - frontale,4,2,2,0,1,1,1,0,1,50,,2,1,0,0,1,,37.0,,,1,2,9,1,1
202100027939,2021-07-20 15:00:00,2021,7,20,15,0,13,13210,ROMAIN ROLLAND (BOULEVARD),43.2752435446,5.4162251824,Plein jour,En agglomération,Hors intersection,Normale,Deux véhicules - côté,4,2,2,0,1,1,1,0,1,50,,3,2,0,0,1,22.0,17.0,,,1,2,1,1,3
202100027940,2021-07-20 13:52:00,2021,7,20,13,52,13,13208,PRADO (AVENUE DU),43.270821789,5.3886912463,Plein jour,En agglomération,Hors intersection,Normale,Deux véhicules - arrière,4,2,6,3,1,1,1,0,6,50,,2,1,0,0,1,20.0,58.0,,,1,2,1,1,2
202100027941,2021-07-20 09:30:00,2021,7,20,9,30,13,13203,CLOVIS HUGUES (RUE),43.3096092584,5.3861043983,Plein jour,En agglomération,Intersection en X,Normale,Deux véhicules - côté,4,-1,2,0,1,1,1,0,1,50,,2,1,0,0,1,,55.0,,,1,2,2,1,3
202100027942,2021-07-20 08:20:00,2021,7,20,8,20,13,13204,SAINT JUST (AVENUE DE),43.31395,5.40264,Plein jour,En agglomération,Intersection en X,Normale,Deux véhicules - côté,4,2,2,0,1,1,1,0,1,50,,2,1,0,1,0,85.0,35.0,,,1,2,2,1,3
202100027943,2021-07-20 07:02:00,2021,7,20,7,2,13,13208,MENDES FRANCE (AVENUE),43.2601,5.37534,Plein jour,En agglomération,Hors intersection,Normale,Deux véhicules - côté,4,1,3,0,1,1,1,0,1,50,,3,1,0,1,1,67.0,56.0,,,1,2,1,1,3
202100027944,2021-07-19 22:53:00,2021,7,19,22,53,13,13206,LIEUTAUD (COURS),43.29249,5.38263,Nuit avec éclairage allumé,En agglomération,Hors intersection,Normale,Deux véhicules - côté,4,2,3,0,1,1,1,0,1,30,,3,1,0,0,2,42.0,20.0,,,5,2,1,1,3
202100027945,2021-07-19 06:50:00,2021,7,19,6,50,13,13004,RUE MIREILLE,43.67646,4.6375,Plein jour,En agglomération,Autre intersection,Normale,Deux véhicules - côté,4,1,2,0,1,1,1,0,1,50,,2,1,0,0,1,24.0,49.0,,,1,2,9,1,3
202100027946,2021-07-18 20:09:00,2021,7,18,20,9,11,11069,ROCADE OUEST,43.2165845991,2.3232167959,Plein jour,Hors agglomération,Autre intersection,Normale,Deux véhicules - côté,3,2,2,0,1,3,1,3,1,70,,2,1,0,0,1,32.0,29.0,,,1,1,9,1,3
202100027947,2021-07-20 17:43:00,2021,7,20,17,43,10,10387,JULES GUESDE (RUE),48.29401,4.081826,Plein jour,En agglomération,Intersection en X,Temps éblouissant,Autre collision,4,2,3,0,1,1,1,0,1,50,,2,1,0,0,1,54.0,,,,1,2,2,7,6
202100027948,2021-07-20 21:03:00,2021,7,20,21,3,06,06088,ANGLAIS (DU N° 265 AU N° 350),43.66539,7.20325,Crépuscule ou aube,En agglomération,Hors intersection,Normale,Deux véhicules - arrière,7,3,4,0,1,1,1,0,1,70,,4,3,0,0,1,24.0,32.0,,,2,2,1,1,2
202100027949,2021-07-20 11:30:00,2021,7,20,11,30,06,06004,BORD DE MER RN.98 LA SIESTA,43.611158,7.126653,Plein jour,Hors agglomération,Giratoire,Normale,Deux véhicules - côté,3,1,1,0,1,2,1,5,1,50,,2,1,0,1,0,27.0,23.0,,,1,1,6,1,3
202100027950,2021-07-19 17:00:00,2021,7,19,17,0,01,01451,PARIS (ROUTE DE),46.2246893226,5.2063381417,Plein jour,Hors agglomération,Giratoire,Normale,Trois véhicules et plus - en chaîne,3,3,2,0,1,1,1,0,1,70,,4,3,0,0,1,45.0,,,,1,1,6,1,4
202100027951,2021-07-19 19:00:00,2021,7,19,19,0,75,75118,PORTE DE LA CHAPELLE,48.900887,2.362974,Crépuscule ou aube,En agglomération,Hors intersection,Normale,Deux véhicules - arrière,4,1,4,0,1,1,1,0,1,70,,3,1,0,0,2,49.0,47.0,,,2,2,1,1,2
202100027952,2021-07-20 11:45:00,2021,7,20,11,45,75,75106,QUAI DES GRANDS AUGUSTINS,48.85429,2.343174,Plein jour,En agglomération,Intersection en T,Normale,Deux véhicules - arrière,4,2,4,1,1,1,1,0,5,30,,2,0,0,0,2,59.0,15.0,,,1,2,3,1,2
202100027953,2021-07-19 03:40:00,2021,7,19,3,40,75,75105,RUE DES BOULANGERS,48.846541,2.351642,Nuit avec éclairage allumé,En agglomération,Intersection à plus de 4 branches,Normale,Autre collision,4,1,1,0,2,3,1,0,1,50,,2,1,0,0,1,29.0,,,,5,2,5,1,6
202100027954,2021-07-20 00:00:00,2021,7,20,0,0,75,75119,BOULEVARD DE LA VILLETTE,48.88448,2.364803,Nuit avec éclairage allumé,En agglomération,Intersection en X,Normale,Deux véhicules - côté,4,3,2,0,1,1,1,0,1,50,,2,1,0,0,1,45.0,21.0,,,5,2,2,1,3
202100027955,2021-07-20 04:20:00,2021,7,20,4,20,75,75118,BOULEVARD DE CLICHY,48.883407,2.33437,Nuit avec éclairage allumé,En agglomération,Intersection en Y,Normale,Autre collision,4,3,2,0,1,1,1,0,1,50,,2,1,0,0,1,29.0,,,,5,2,4,1,6
202100027956,2021-07-20 21:00:00,2021,7,20,21,0,75,75117,BOULEVARD MALESHERBES,48.880857,2.312545,Plein jour,En agglomération,Intersection en X,Normale,Deux véhicules - côté,4,2,4,0,1,1,1,0,1,50,,2,1,0,1,0,33.0,25.0,,,1,2,2,1,3
202100027957,2021-07-20 17:30:00,2021,7,20,17,30,75,75117,RUE DE LA TERRASSE,48.88163,2.312944,Plein jour,En agglomération,Hors intersection,Normale,Deux véhicules - côté,4,1,1,0,1,1,1,0,1,50,,2,1,0,0,1,26.0,26.0,,,1,2,1,1,3
202100027958,2021-07-20 16:18:00,2021,7,20,16,18,75,75117,BOULEVARD BERTHIER,48.890227,2.304601,Plein jour,En agglomération,Intersection en T,Normale,Deux véhicules - arrière,4,3,3,0,1,1,1,0,1,50,,2,1,0,0,1,31.0,50.0,,,1,2,3,1,2
202100027959,2021-07-19 04:45:00,2021,7,19,4,45,75,75116,BOULEVARD THIERRY DE MARTEL,48.874925,2.278645,Nuit avec éclairage allumé,En agglomération,Intersection à plus de 4 branches,Normale,Autre collision,4,1,0,0,1,2,1,8,1,30,,2,0,0,0,2,16.0,,,,5,2,5,1,6
202100027960,2021-07-19 08:25:00,2021,7,19,8,25,75,75115,RUE LEON LHERMITTE,48.842931,2.29802,Plein jour,En agglomération,Intersection en X,Normale,Autre collision,4,1,1,0,1,1,1,0,1,50,,2,1,0,0,1,71.0,,,,1,2,2,1,6
202100027961,2021-07-17 17:20:00,2021,7,17,17,20,75,75115,RUE DE LA CONVENTION,48.840671,2.288868,Plein jour,En agglomération,Intersection en T,Normale,Deux véhicules - côté,4,2,2,0,1,1,1,0,1,50,,2,1,0,0,1,42.0,28.0,,,1,2,3,1,3
202100027962,2021-07-19 23:20:00,2021,7,19,23,20,75,75114,BOULEVARD EDGAR QUINET,48.839705,2.32957,Nuit avec éclairage allumé,En agglomération,Hors intersection,Normale,Autre collision,4,1,1,0,1,1,1,0,1,50,,1,0,0,0,1,31.0,,,,5,2,1,1,6
202100027963,2021-07-20 16:00:00,2021,7,20,16,0,75,75113,QUAI D AUSTERLITZ,48.84307,2.366317,Plein jour,En agglomération,Intersection en T,Normale,Deux véhicules - arrière,4,2,5,0,1,1,1,0,1,50,,2,1,0,0,1,24.0,27.0,,,1,2,3,1,2