accident_id,datetime,annee,mois,jour,heure,minute,departement,commune_insee,adresse,latitude,longitude,luminosite,agglomeration,intersection,meteo,collision,catr,circ,nbv,vosp,prof,plan,surf,infra,situ,vma,nb_vehicules,nb_usagers,nb_indemnes,nb_tues,nb_blesses_hosp,nb_blesses_legers,age_cond_1,age_cond_2,veh_type_cond_1,veh_type_cond_2,lum_code,agg_code,int_code,atm_code,col_code
202100027964,2021-07-20 16:05:00,2021,7,20,16,5,75,75111,BOULEVARD VOLTAIRE,48.861396,2.374101,Plein jour,En agglomération,Hors intersection,Normale,Deux véhicules - arrière,4,2,2,0,1,1,1,0,1,30,,2,1,0,0,1,34.0,34.0,,,1,2,1,1,2
202100027965,2021-07-20 15:45:00,2021,7,20,15,45,75,75111,RUE DE MONTREUIL,48.850461,2.386567,Plein jour,En agglomération,Intersection en T,Normale,Autre collision,4,2,2,0,2,1,1,0,1,30,,2,1,0,0,1,52.0,,,,1,2,3,1,6
202100027966,2021-07-20 19:10:00,2021,7,20,19,10,75,75110,PLACE DU COLONEL FABIEN,48.877745,2.370135,Plein jour,En agglomération,Place,Normale,Trois véhicules et plus - en chaîne,4,1,3,0,1,1,1,0,1,50,,3,2,0,0,1,,,,,1,2,7,1,4
202100027967,2021-07-20 18:08:00,2021,7,20,18,8,75,75110,BOULEVARD DE MAGENTA,48.87854,2.354072,Plein jour,En agglomération,Intersection en X,Normale,Autre collision,4,2,4,3,1,1,1,5,6,50,,2,0,0,0,2,48.0,,,,1,2,2,1,6
202100027968,2021-07-20 07:30:00,2021,7,20,7,30,75,75110,RUE LA FAYETTE,48.879743,2.35872,Plein jour,En agglomération,Intersection en X,Normale,Deux véhicules - côté,4,2,4,0,1,1,1,8,1,50,,2,1,0,0,1,38.0,57.0,,,1,2,2,1,3
202100027969,2021-07-20 13:00:00,2021,7,20,13,0,75,75109,RUE BLANCHE,48.87937,2.33143,Plein jour,En agglomération,Hors intersection,Normale,Sans collision,4,1,1,0,2,1,1,0,1,30,,1,0,0,0,1,22.0,,,,1,2,1,1,7
202100027970,2021-07-20 18:20:00,2021,7,20,18,20,75,75108,PLACE SAINT AUGUSTIN,48.87503,2.319875,Plein jour,En agglomération,Place,Normale,Autre collision,4,2,4,0,1,1,1,0,1,50,,2,1,0,0,1,28.0,,,,1,2,7,1,6
202100027971,2021-07-19 20:10:00,2021,7,19,20,10,75,75107,PONT ROYAL,48.859539,2.329291,Plein jour,En agglomération,Intersection en T,Normale,Deux véhicules - arrière,4,1,1,0,1,1,1,2,1,50,,2,1,0,0,1,51.0,39.0,,,1,2,3,1,2
202100027972,2021-07-20 17:30:00,2021,7,20,17,30,75,75103,RUE DE TURENNE,48.858153,2.364469,Plein jour,En agglomération,Intersection en X,Normale,Autre collision,4,2,2,0,1,1,1,0,1,30,,2,0,0,0,2,54.0,,,,1,2,2,1,6
202100027973,2021-07-20 14:20:00,2021,7,20,14,20,94,94081,Avenue Rouget de Lisle,48.78275,2.39418,Plein jour,En agglomération,Intersection en X,Normale,Deux véhicules - côté,4,1,0,0,1,1,1,0,1,50,,3,1,0,0,2,26.0,85.0,,,1,2,2,1,3
202100027974,2021-07-20 11:20:00,2021,7,20,11,20,94,94078,Rue de Paris,48.731,2.446,Plein jour,En agglomération,Hors intersection,Normale,Deux véhicules - arrière,2,2,0,0,1,1,1,0,1,50,,2,1,0,0,1,37.0,45.0,,,1,2,1,1,2
202100027975,2021-07-19 19:45:00,2021,7,19,19,45,94,94052,Boulevard Albert 1er,48.83539,2.49377,Plein jour,En agglomération,Autre intersection,Normale,Autre collision,2,2,2,0,1,1,1,0,8,50,,2,1,0,0,1,29.0,,,,1,2,9,1,6
202100027976,2021-07-19 21:45:00,2021,7,19,21,45,94,94041,Rue Molière,48.81372,2.39542,Nuit avec éclairage allumé,En agglomération,Intersection en X,Normale,Deux véhicules - côté,4,2,2,0,1,1,1,0,1,50,,2,0,0,0,2,44.0,24.0,,,5,2,2,1,3
202100027977,2021-07-19 18:30:00,2021,7,19,18,30,94,94041,VERDUN (AV DE),48.81306,2.37041,Plein jour,En agglomération,Intersection en X,Normale,Deux véhicules - côté,3,2,4,0,1,1,1,0,1,50,,4,1,0,0,3,55.0,41.0,,,1,2,2,1,3
202100027978,2021-07-20 15:25:00,2021,7,20,15,25,94,94038,Rue Eugène Givors,48.78322,2.33111,Plein jour,En agglomération,Hors intersection,Normale,Autre collision,4,2,2,0,1,1,1,0,4,50,,2,1,0,0,1,,,,,1,2,1,1,6
202100027979,2021-07-20 09:34:00,2021,7,20,9,34,94,94028,POMPADOUR(ROUTE DE LA),48.76674,2.47161,Plein jour,En agglomération,Autre intersection,Normale,Deux véhicules - côté,3,1,2,0,1,2,1,0,1,50,,2,1,0,0,1,27.0,47.0,,,1,2,9,1,3
202100027980,2021-07-18 22:30:00,2021,7,18,22,30,94,94004,FFI (ALL DES),48.75658,2.50723,Nuit avec éclairage allumé,En agglomération,Hors intersection,Normale,Deux véhicules - frontale,3,2,2,0,1,2,1,5,1,50,,1,0,0,0,1,34.0,,,,5,2,1,1,1
202100027981,2021-07-20 09:45:00,2021,7,20,9,45,93,93066,Rue Clovis Hugues,48.942865,2.374902,Plein jour,En agglomération,Hors intersection,Normale,Deux véhicules - côté,4,2,2,0,1,1,1,0,1,50,,2,1,0,1,0,62.0,54.0,,,1,2,1,1,3
202100027982,2021-07-20 08:39:00,2021,7,20,8,39,93,93050,Chemin de Halage,48.853727,2.530944,Plein jour,En agglomération,Hors intersection,Temps éblouissant,Deux véhicules - frontale,4,-1,0,1,1,1,1,9,5,30,,2,0,0,1,1,36.0,47.0,,,1,2,1,7,1
202100027983,2021-07-19 22:30:00,2021,7,19,22,30,93,93066,MOULIN JEAN (AVENUE) NR 2 A 8 ET 1 A 11,48.94197,2.36538,Nuit avec éclairage allumé,En agglomération,Intersection en X,Normale,Deux véhicules - frontale,3,2,4,0,1,1,1,9,1,50,,1,0,0,0,1,25.0,,,,5,2,2,1,1
202100027984,2021-07-20 19:15:00,2021,7,20,19,15,92,92073,SELLIER (BOULEVARD HENRI),48.8654287463,2.2194635868,Plein jour,En agglomération,Hors intersection,Normale,Deux véhicules - arrière,3,3,0,0,2,1,1,0,1,50,,2,1,0,0,1,50.0,56.0,,,1,2,1,1,2
202100027985,2021-07-19 16:05:00,2021,7,19,16,5,92,92051,GRAVIERS (RUE DES),48.881987,2.26295,Plein jour,En agglomération,Hors intersection,Normale,Deux véhicules - frontale,4,1,1,0,1,1,1,0,1,30,,3,2,0,0,1,41.0,33.0,,,1,2,1,1,1
202100027986,2021-07-20 15:15:00,2021,7,20,15,15,92,92062,DELARIVIERE LEFOULLON (RUE),48.8879921445,2.2436629919,Plein jour,En agglomération,Hors intersection,Normale,Deux véhicules - arrière,4,1,2,0,2,3,1,0,1,50,,2,1,0,0,1,57.0,41.0,,,1,2,1,1,2
202100027987,2021-07-18 18:25:00,2021,7,18,18,25,92,92024,ABREUVOIR (RUE DE L') DE (2 A 16),48.9030076788,2.3016089201,Plein jour,En agglomération,Place,Normale,Autre collision,4,1,1,0,1,1,1,0,1,30,,2,1,0,0,1,30.0,,,,1,2,7,1,6
202100027988,2021-07-18 06:39:00,2021,7,18,6,39,01,01156,D4,45.9140127981,5.1445010304,Crépuscule ou aube,Hors agglomération,Hors intersection,Normale,Autre collision,3,2,2,0,1,1,1,0,3,-1,,1,0,0,1,0,24.0,,,,2,1,1,1,6
202100027989,2021-07-16 10:55:00,2021,7,16,10,55,11,11254,A61 PK 306.500 sens TOULOUSE - NARBONNE,43.223879,2.164049,Plein jour,Hors agglomération,Hors intersection,Normale,Trois véhicules et plus - collisions multiples,1,3,4,0,1,1,1,0,1,130,,5,4,0,0,1,23.0,50.0,,,1,1,1,1,5
202100027990,2021-07-21 12:05:00,2021,7,21,12,5,2A,2A308,Saint André,41.697045,9.069192,Plein jour,Hors agglomération,Hors intersection,Normale,Deux véhicules - côté,3,2,2,0,2,2,1,0,1,50,,2,1,0,1,0,64.0,69.0,,,1,1,1,1,3
202100027991,2021-07-21 02:10:00,2021,7,21,2,10,40,40304,Avenue des Tulipes,43.673176,-1.435808,Nuit sans éclairage public,En agglomération,Hors intersection,Normale,Autre collision,4,2,1,0,1,2,1,0,3,50,,4,3,0,0,1,20.0,,,,3,2,1,1,6
202100027992,2021-06-28 21:00:00,2021,6,28,21,0,36,36237,,47.113656,1.612673,Crépuscule ou aube,Hors agglomération,Hors intersection,Normale,Sans collision,3,2,2,0,1,1,1,0,8,80,,1,0,0,1,0,55.0,,,,2,1,1,1,7
202100027993,2021-07-21 00:00:00,2021,7,21,0,0,31,31446,D813,43.537909,1.481609,Nuit avec éclairage allumé,En agglomération,Giratoire,Normale,Autre collision,3,1,1,3,1,3,1,5,1,50,,1,0,0,1,0,28.0,,,,5,2,6,1,6
202100027994,2021-07-13 12:10:00,2021,7,13,12,10,972,97225,Savane du Fort,14.74864,-61.174246,Plein jour,En agglomération,Hors intersection,Normale,Deux véhicules - frontale,2,2,2,0,2,2,1,0,1,50,,2,1,0,1,0,21.0,73.0,,,1,2,1,1,1
202100027995,2021-07-20 18:20:00,2021,7,20,18,20,62,62307,Route de Peuplingues,50.914111,1.724478,Plein jour,En agglomération,Hors intersection,Normale,Deux véhicules - frontale,3,2,2,0,1,2,1,6,1,50,,4,1,0,0,3,47.0,20.0,,,1,2,1,1,1
202100027996,2021-07-18 10:50:00,2021,7,18,10,50,26,26295,31 B Rue de la Vallée,45.172167,4.866836,Plein jour,En agglomération,Hors intersection,Normale,Deux véhicules - arrière,3,2,2,0,1,1,1,0,1,50,,3,1,0,2,0,60.0,44.0,,,1,2,1,1,2
202100027997,2021-07-04 22:55:00,2021,7,4,22,55,12,12082,A75,43.906726,3.269448,Nuit sans éclairage public,Hors agglomération,Hors intersection,Normale,Autre collision,1,3,4,0,1,3,1,0,3,130,,1,0,0,1,0,29.0,,,,3,1,1,1,6
202100027998,2021-05-16 01:25:00,2021,5,16,1,25,33,33207,Avenue du Général de Gaulle,44.920958,-0.364738,Nuit avec éclairage allumé,En agglomération,Intersection en T,Pluie légère,Deux véhicules - côté,3,2,2,0,1,2,2,0,1,50,,5,3,0,0,2,34.0,21.0,,,5,2,3,2,3
202100027999,2021-07-21 17:40:00,2021,7,21,17,40,04,04126,RD 900,44.412003,6.346986,Plein jour,Hors agglomération,Hors intersection,Normale,Sans collision,3,2,2,0,2,1,1,0,3,80,,1,0,0,1,0,16.0,,,,1,1,1,1,7
202100028000,2021-07-21 15:00:00,2021,7,21,15,0,62,62845,D215,50.624774,1.688826,Plein jour,Hors agglomération,Intersection en X,Normale,Deux véhicules - côté,3,2,2,0,1,1,1,0,1,80,,8,1,0,1,6,33.0,56.0,,,1,1,2,1,3
202100028001,2021-07-04 10:15:00,2021,7,4,10,15,56,56214,Botpenal,47.522682,-2.830262,Plein jour,Hors agglomération,Hors intersection,Normale,Trois véhicules et plus - collisions multiples,4,2,2,0,1,3,1,0,1,50,,5,3,0,1,1,25.0,60.0,,,1,1,1,1,5
202100028002,2021-07-21 09:10:00,2021,7,21,9,10,74,74256,Rte de Blancheville,45.968011,6.625365,Plein jour,En agglomération,Intersection en T,Normale,Deux véhicules - frontale,4,2,2,0,1,1,1,0,1,50,,2,1,0,1,0,19.0,58.0,,,1,2,3,1,1
202100028003,2021-07-20 21:30:00,2021,7,20,21,30,76,76189,Route des Calvaires,49.807153,0.722415,Crépuscule ou aube,En agglomération,Hors intersection,Normale,Deux véhicules - frontale,4,2,1,0,2,2,1,0,1,50,,2,1,0,1,0,51.0,15.0,,,2,2,1,1,1
202100028004,2021-07-20 18:50:00,2021,7,20,18,50,76,76312,Rue de l Abreuvoir,49.488103,1.725465,Plein jour,En agglomération,Hors intersection,Temps éblouissant,Sans collision,3,2,2,0,3,1,1,0,1,50,,1,0,0,1,0,20.0,,,,1,2,1,7,7
202100028005,2021-07-21 02:45:00,2021,7,21,2,45,2A,2A139,saint cyprien,41.637962,9.342139,Nuit avec éclairage allumé,En agglomération,Hors intersection,Normale,Autre collision,4,2,2,0,1,1,1,0,4,50,,1,0,0,0,1,27.0,,,,5,2,1,1,6
202100028006,2021-07-21 17:59:00,2021,7,21,17,59,82,82113,Route de Molieres,44.194082,1.438179,Plein jour,Hors agglomération,Intersection en X,Temps éblouissant,Deux véhicules - côté,3,2,2,0,1,1,1,0,1,80,,2,1,0,1,0,77.0,18.0,,,1,1,2,7,3
202100028007,2021-07-20 16:57:00,2021,7,20,16,57,65,65254,Avenue du Val d Arros,43.327664,0.226781,Plein jour,Hors agglomération,Hors intersection,Normale,Sans collision,3,2,2,0,1,2,1,0,3,80,,1,0,0,1,0,33.0,,,,1,1,1,1,7
202100028008,2021-07-21 06:45:00,2021,7,21,6,45,33,33395,Chenal du Lazaret (Buse),45.232009,-0.747719,Crépuscule ou aube,Hors agglomération,Hors intersection,Normale,Autre collision,3,2,2,0,1,2,1,8,1,80,,1,0,0,1,0,24.0,,,,2,1,1,1,6
202100028009,2021-07-20 11:50:00,2021,7,20,11,50,89,89353,Saint-Martin-d'Ordon,48.024089,3.167496,Plein jour,Hors agglomération,Hors intersection,Normale,Deux véhicules - côté,3,2,2,0,1,1,1,0,1,80,,2,1,0,0,1,20.0,87.0,,,1,1,1,1,3
202100028010,2021-07-20 23:00:00,2021,7,20,23,0,76,76507,16 Route d Eu,50.041105,1.439928,Nuit avec éclairage allumé,En agglomération,Hors intersection,Normale,Autre collision,3,2,2,0,1,1,1,0,1,50,,1,0,0,1,0,20.0,,,,5,2,1,1,6
202100028011,2021-07-21 07:00:00,2021,7,21,7,0,61,61435,Saint-Nicolas-de-Sommaire,48.829664,0.610782,Nuit sans éclairage public,Hors agglomération,Hors intersection,Normale,Sans collision,3,2,2,0,1,1,1,0,3,90,,1,0,1,0,0,23.0,,,,3,1,1,1,7
202100028012,2021-07-19 07:35:00,2021,7,19,7,35,49,49180,Rue du Docteur Jean Rabilloud,47.370981,-0.105138,Plein jour,En agglomération,Intersection en Y,Temps éblouissant,Deux véhicules - côté,4,2,2,0,1,1,1,0,1,50,,2,1,0,1,0,47.0,52.0,,,1,2,4,7,3
202100028013,2021-07-20 11:30:00,2021,7,20,11,30,42,42059,4 Place de la Poterne,45.637983,4.392333,Plein jour,En agglomération,Hors intersection,Normale,Autre collision,3,2,2,0,2,1,1,0,8,50,,2,0,0,2,0,51.0,,,,1,2,1,1,6
202100028014,2021-07-02 04:45:00,2021,7,2,4,45,42,42216,Route de Chazelles sur Lyon,45.6192684088,4.4127416611,Nuit sans éclairage public,Hors agglomération,Hors intersection,Normale,Sans collision,3,2,2,0,2,1,1,0,1,80,,1,0,0,0,1,43.0,,,,3,1,1,1,7
202100028015,2021-07-20 07:30:00,2021,7,20,7,30,34,34215,Rue des Rouvieres,43.61424,3.51695,Crépuscule ou aube,En agglomération,Hors intersection,Normale,Deux véhicules - frontale,4,2,1,0,2,2,1,0,1,50,,2,1,0,1,0,22.0,72.0,,,2,2,1,1,1
202100028016,2021-07-20 05:50:00,2021,7,20,5,50,68,68091,D52,47.905253,7.557456,Crépuscule ou aube,Hors agglomération,Intersection en T,Normale,Deux véhicules - côté,3,2,1,0,1,1,1,0,1,70,,2,1,0,0,1,58.0,22.0,,,2,1,3,1,3
202100028017,2021-06-28 13:10:00,2021,6,28,13,10,29,29090,Route du Ris,48.0923558585,-4.2889595032,Plein jour,Hors agglomération,Hors intersection,Normale,Autre collision,3,2,2,0,2,2,2,0,1,80,,1,0,0,1,0,33.0,,,,1,1,1,1,6
202100028018,2021-07-21 07:40:00,2021,7,21,7,40,31,31135,Avenue de Palaminy,43.203842,1.076649,Plein jour,En agglomération,Hors intersection,Normale,Autre collision,3,2,2,0,1,1,1,0,4,50,,1,0,0,1,0,16.0,,,,1,2,1,1,6
202100028019,2021-07-17 03:50:00,2021,7,17,3,50,01,01034,Place de la Victoire,45.761053,5.686793,Nuit avec éclairage allumé,En agglomération,Giratoire,Normale,Deux véhicules - côté,3,1,1,0,1,3,1,0,1,50,,4,1,0,0,3,20.0,48.0,,,5,2,6,1,3
202100028020,2021-07-21 13:55:00,2021,7,21,13,55,01,01025,Route de Montrevel,46.311999,4.96163,Plein jour,Hors agglomération,Autre intersection,Normale,Sans collision,3,2,2,0,1,3,1,0,1,-1,,1,0,0,0,1,26.0,,,,1,1,9,1,7
202100028021,2021-07-19 10:00:00,2021,7,19,10,0,54,54491,D156 ,49.3632453489,5.9256863589,Plein jour,Hors agglomération,Hors intersection,Normale,Autre collision,3,2,2,0,1,1,1,0,3,80,,1,0,1,0,0,60.0,,,,1,1,1,1,6
202100028022,2021-07-21 17:40:00,2021,7,21,17,40,14,14431,D152,49.077665,-0.088524,Plein jour,Hors agglomération,Intersection en X,Normale,Deux véhicules - côté,3,2,2,0,1,1,1,0,1,80,,3,0,1,0,2,25.0,79.0,,,1,1,2,1,3
202100028023,2021-07-20 21:00:00,2021,7,20,21,0,14,14504,D510,49.207876,0.339375,Crépuscule ou aube,Hors agglomération,Intersection en X,Normale,Deux véhicules - côté,3,2,2,0,1,1,1,0,1,80,,3,0,0,0,3,53.0,31.0,,,2,1,2,1,3
202100028024,2021-07-21 10:15:00,2021,7,21,10,15,83,83051,D31,43.5322151188,6.2447395533,Plein jour,Hors agglomération,Hors intersection,Normale,Autre collision,3,2,2,0,1,1,1,0,8,80,,1,0,0,1,0,19.0,,,,1,1,1,1,6
202100028025,2021-07-21 06:10:00,2021,7,21,6,10,60,60272,D332,49.303247,2.884834,Crépuscule ou aube,Hors agglomération,Hors intersection,Normale,Sans collision,3,2,2,0,2,4,1,0,8,80,,1,0,0,0,1,25.0,,,,2,1,1,1,7
202100028026,2021-07-20 21:25:00,2021,7,20,21,25,60,60653,D916,49.480652,2.455841,Crépuscule ou aube,Hors agglomération,Hors intersection,Normale,Deux véhicules - côté,3,2,2,0,2,2,1,0,1,80,,2,0,0,0,2,19.0,30.0,,,2,1,1,1,3
202100028027,2021-07-20 12:27:00,2021,7,20,12,27,64,64147,D21,43.452041,-1.334729,Plein jour,Hors agglomération,Intersection en T,Normale,Sans collision,1,2,4,-1,2,1,1,3,1,-1,,2,0,0,2,0,72.0,,,,1,1,3,1,7
202100028028,2021-07-20 18:30:00,2021,7,20,18,30,36,36005,Rue Victor Hugo,46.7418960057,1.831291616,Plein jour,En agglomération,Intersection en X,Normale,Deux véhicules - côté,3,2,2,0,2,3,1,0,1,50,,2,1,0,0,1,19.0,30.0,,,1,2,2,1,3
202100028029,2021-07-20 22:15:00,2021,7,20,22,15,16,16085,,45.8552,0.431438,Nuit sans éclairage public,Hors agglomération,Hors intersection,Normale,Autre collision,3,2,2,0,3,3,1,0,3,80,,3,0,0,1,2,19.0,,,,3,1,1,1,6
202100028030,2021-07-21 04:00:00,2021,7,21,4,0,16,16192,108 Route Nationale ,45.885565,0.577485,Nuit avec éclairage non allumé,En agglomération,Hors intersection,Normale,Deux véhicules - côté,2,2,2,0,1,1,1,0,1,50,,2,1,0,1,0,61.0,49.0,,,4,2,1,1,3
202100028031,2021-07-20 17:40:00,2021,7,20,17,40,07,07314,D233,44.88019,4.601871,Plein jour,Hors agglomération,Hors intersection,Normale,Sans collision,3,2,2,0,1,4,1,0,1,80,,1,0,0,0,1,15.0,,,,1,1,1,1,7
202100028032,2021-07-20 19:44:00,2021,7,20,19,44,07,07130,N102,44.733504,4.002081,Plein jour,Hors agglomération,Hors intersection,Normale,Deux véhicules - frontale,2,2,2,0,2,3,1,0,1,80,,3,1,0,2,0,44.0,69.0,,,1,1,1,1,1
202100028033,2021-07-20 03:00:00,2021,7,20,3,0,53,53175,La Picouillere,48.015266,-0.677794,Nuit sans éclairage public,Hors agglomération,Hors intersection,Normale,Sans collision,4,2,1,0,1,2,1,0,3,80,,1,0,0,0,1,17.0,,,,3,1,1,1,7
202100028034,2021-07-19 19:44:00,2021,7,19,19,44,24,24526,Les Landes de Vaux,45.358201,1.232671,Plein jour,Hors agglomération,Intersection en X,Normale,Deux véhicules - arrière,3,2,2,0,1,1,1,0,1,80,,6,4,0,0,2,20.0,35.0,,,1,1,2,1,2
202100028035,2021-07-18 20:30:00,2021,7,18,20,30,27,27467,39 Rue de la République,49.356,0.515001,Plein jour,En agglomération,Hors intersection,Normale,Trois véhicules et plus - collisions multiples,4,2,2,0,1,1,1,0,1,50,,3,1,0,0,2,56.0,38.0,,,1,2,1,1,5
202100028036,2021-07-21 04:45:00,2021,7,21,4,45,37,37216,,47.1394218255,0.522426988,Nuit sans éclairage public,Hors agglomération,Hors intersection,Normale,Autre collision,3,2,2,0,1,1,1,0,1,80,,1,0,0,1,0,28.0,,,,3,1,1,1,6
202100028037,2021-07-19 08:30:00,2021,7,19,8,30,37,37170,Les Huches,47.6115622164,0.5966805611,Plein jour,Hors agglomération,Intersection en T,Temps éblouissant,Deux véhicules - côté,3,2,2,0,4,3,1,0,1,80,,2,1,0,1,0,53.0,48.0,,,1,1,3,7,3
202100028038,2021-07-10 19:45:00,2021,7,10,19,45,35,35266,le haut ruze,48.020236,-1.628273,Plein jour,Hors agglomération,Hors intersection,Normale,Autre collision,7,2,2,0,1,3,1,0,3,80,,3,0,0,2,1,20.0,,,,1,1,1,1,6
202100028039,2021-07-20 09:45:00,2021,7,20,9,45,74,74067,540 Rte des Creuses,45.879733,6.042192,Plein jour,Hors agglomération,Hors intersection,Normale,Deux véhicules - côté,3,2,2,0,1,1,1,0,3,70,,2,1,0,1,0,41.0,,,,1,1,1,1,3
202100028040,2021-07-19 18:45:00,2021,7,19,18,45,86,86174,D161,46.778729,0.520005,Plein jour,Hors agglomération,Hors intersection,Normale,Deux véhicules - côté,3,3,1,0,1,3,1,0,1,90,,2,1,0,1,0,53.0,52.0,,,1,1,1,1,3
202100028041,2021-07-18 03:45:00,2021,7,18,3,45,988,98804,Tribu de Gélima,-21.536708,165.984203,Nuit sans éclairage public,En agglomération,Intersection en T,Normale,Deux véhicules - côté,3,2,2,-1,-1,-1,1,-1,1,-1,,3,1,0,1,1,36.0,39.0,,,3,2,3,1,3
202100028042,2021-07-20 17:15:00,2021,7,20,17,15,971,97129,Nogent,16.353219,-61.734458,Plein jour,Hors agglomération,Intersection en T,Normale,Deux véhicules - frontale,2,2,2,0,4,1,1,0,1,-1,,4,3,0,1,0,27.0,59.0,,,1,1,3,1,1
202100028043,2021-07-21 06:15:00,2021,7,21,6,15,977,97701,"Route de Flamand, quartier Terre neuve",17.91492,-62.855165,Plein jour,Hors agglomération,Hors intersection,Pluie légère,Deux véhicules - frontale,4,2,2,0,2,3,2,0,1,30,,3,2,0,1,0,35.0,75.0,,,1,1,1,2,1
202100028044,2021-07-19 02:00:00,2021,7,19,2,0,971,97106,Rue de l'Allemand,16.179377,-61.779771,Nuit avec éclairage allumé,Hors agglomération,Hors intersection,Pluie forte,Autre collision,4,2,2,0,2,1,2,0,1,50,,1,0,0,1,0,25.0,,,,5,1,1,3,6
202100028045,2021-07-21 09:55:00,2021,7,21,9,55,28,28185,Pont,48.772681,1.555177,Plein jour,Hors agglomération,Hors intersection,Normale,Sans collision,2,3,4,0,1,2,1,0,3,110,,5,0,0,1,4,45.0,,,,1,1,1,1,7
202100028046,2021-07-21 14:30:00,2021,7,21,14,30,28,28015,D18.5,48.474643,1.783991,Plein jour,Hors agglomération,Hors intersection,Temps éblouissant,Deux véhicules - frontale,3,2,2,0,1,1,1,0,1,80,,6,1,0,2,3,22.0,27.0,,,1,1,1,7,1
202100028047,2021-07-20 19:20:00,2021,7,20,19,20,78,78490,D109,48.834823,1.960952,Plein jour,Hors agglomération,Hors intersection,Temps éblouissant,Deux véhicules - arrière,3,2,2,0,1,1,1,0,1,80,,2,1,0,1,0,66.0,49.0,,,1,1,1,7,2
202100028048,2021-07-21 01:15:00,2021,7,21,1,15,66,66171,D81,42.60113,3.02403,Nuit sans éclairage public,Hors agglomération,Hors intersection,Normale,Sans collision,3,2,2,0,1,1,2,0,3,80,,2,0,1,1,0,44.0,,,,3,1,1,1,7
202100028049,2021-07-21 06:35:00,2021,7,21,6,35,34,34213,D2,43.495332,3.697066,Plein jour,Hors agglomération,Intersection en X,Normale,Deux véhicules - côté,3,2,3,0,1,1,1,5,1,80,,2,1,0,1,0,35.0,42.0,,,1,1,2,1,3
202100028050,2021-07-20 16:20:00,2021,7,20,16,20,34,34058,M610,43.672186,3.995376,Plein jour,Hors agglomération,Autre intersection,Normale,Deux véhicules - frontale,7,2,2,0,1,3,1,0,1,80,,2,0,1,1,0,37.0,57.0,,,1,1,9,1,1
202100028051,2021-07-21 13:00:00,2021,7,21,13,0,84,84118,Chemin des Geais,43.937338,5.400724,Plein jour,Hors agglomération,Hors intersection,Normale,Deux véhicules - frontale,3,2,2,0,1,1,1,0,1,80,,2,1,0,1,0,21.0,,,,1,1,1,1,1
202100028052,2021-07-15 23:15:00,2021,7,15,23,15,68,68359,D431,47.8409029513,7.1541675925,Nuit sans éclairage public,Hors agglomération,Hors intersection,Pluie légère,Autre collision,3,2,2,0,2,4,2,0,3,70,,1,0,0,1,0,53.0,,,,3,1,1,2,6
202100028053,2021-07-20 16:40:00,2021,7,20,16,40,57,57484,96 rue Nationale,49.171162,6.873633,Plein jour,En agglomération,Hors intersection,Normale,Deux véhicules - côté,3,2,2,3,2,1,1,0,1,50,,2,1,0,0,1,20.0,57.0,,,1,2,1,1,3
202100028054,2021-07-21 06:20:00,2021,7,21,6,20,74,74175,rd 1005,46.405086,6.734179,Plein jour,Hors agglomération,Hors intersection,Normale,Deux véhicules - frontale,3,2,2,0,3,2,1,0,1,80,,3,2,0,1,0,30.0,40.0,,,1,1,1,1,1
202100028055,2021-07-21 08:00:00,2021,7,21,8,0,73,73290,Col de la Madeleine D902,45.293607,6.922417,Plein jour,Hors agglomération,Hors intersection,Temps éblouissant,Deux véhicules - côté,3,2,2,0,2,3,1,0,1,80,,2,1,0,0,1,46.0,69.0,,,1,1,1,7,3
202100028056,2021-07-20 20:35:00,2021,7,20,20,35,38,38382,19 Rue des Moutonnées,45.226342,5.683451,Crépuscule ou aube,En agglomération,Hors intersection,Normale,Sans collision,4,2,2,0,1,1,1,0,1,50,,1,0,0,0,1,42.0,,,,2,2,1,1,7
202100028057,2021-07-20 21:45:00,2021,7,20,21,45,01,01403,D19,45.8278,5.4431,Nuit sans éclairage public,Hors agglomération,Hors intersection,Normale,Deux véhicules - frontale,3,2,2,0,1,1,1,0,1,80,,4,0,1,2,1,19.0,28.0,,,3,1,1,1,1
202100028058,2021-07-21 18:12:00,2021,7,21,18,12,69,69009,FRERES GIRAUDET (DES) (PL),45.935848,4.721825,Crépuscule ou aube,En agglomération,Hors intersection,Temps éblouissant,Autre collision,3,1,2,0,1,1,1,0,8,30,,2,1,0,0,1,24.0,,,,2,2,1,7,6
202100028059,2021-07-21 17:50:00,2021,7,21,17,50,79,79049,70 Boulevard de Thouars,46.847428,-0.476494,Plein jour,En agglomération,Giratoire,Normale,Deux véhicules - côté,3,2,2,0,1,1,1,5,1,50,,2,0,1,0,1,42.0,31.0,,,1,2,6,1,3
202100028060,2021-07-21 16:45:00,2021,7,21,16,45,40,40184,Rue des Lacs,44.208296,-1.295979,Plein jour,En agglomération,Intersection en X,Normale,Deux véhicules - côté,3,2,2,0,1,1,1,0,1,50,,2,1,0,1,0,16.0,64.0,,,1,2,2,1,3