accident_id,datetime,annee,mois,jour,heure,minute,departement,commune_insee,adresse,latitude,longitude,luminosite,agglomeration,intersection,meteo,collision,catr,circ,nbv,vosp,prof,plan,surf,infra,situ,vma,nb_vehicules,nb_usagers,nb_indemnes,nb_tues,nb_blesses_hosp,nb_blesses_legers,age_cond_1,age_cond_2,veh_type_cond_1,veh_type_cond_2,lum_code,agg_code,int_code,atm_code,col_code
202100028061,2021-07-20 19:00:00,2021,7,20,19,0,33,33322,allée Montesquieu,44.961792,-0.649545,Plein jour,Hors agglomération,Hors intersection,Normale,Deux véhicules - frontale,3,2,2,0,1,2,1,2,1,50,,3,1,1,1,0,23.0,43.0,,,1,1,1,1,1
202100028062,2021-07-21 16:35:00,2021,7,21,16,35,29,29032,D34 - Hameau de Keranscoët,47.887856,-4.098963,Plein jour,Hors agglomération,Hors intersection,Normale,Autre collision,3,-1,2,0,1,1,1,0,1,70,,2,1,0,1,0,58.0,,,,1,1,1,1,6
202100028063,2021-07-20 18:45:00,2021,7,20,18,45,22,22353,Route de Poull Palud,48.825316,-3.492633,Plein jour,En agglomération,Hors intersection,Normale,Deux véhicules - frontale,3,2,2,0,1,1,1,0,3,50,,2,1,0,1,0,70.0,66.0,,,1,2,1,1,1
202100028064,2021-07-21 11:05:00,2021,7,21,11,5,27,27114,Rue Lamartine,48.962222,1.427067,Plein jour,En agglomération,Intersection en X,Normale,Deux véhicules - frontale,3,2,2,0,1,1,1,0,1,50,,2,1,0,1,0,64.0,72.0,,,1,2,2,1,1
202100028065,2021-07-20 13:50:00,2021,7,20,13,50,13,13071,A7-Sens Lyon vers Marseille,43.40865,5.28666,Plein jour,Hors agglomération,Hors intersection,Normale,Deux véhicules - arrière,1,1,3,0,1,1,1,0,1,110,,4,3,0,0,1,37.0,33.0,,,1,1,1,1,2
202100028066,2021-07-20 08:30:00,2021,7,20,8,30,13,13207,Tunnel Prado Carénage,43.2896366904,5.3701579571,Plein jour,Hors agglomération,Hors intersection,Normale,Deux véhicules - arrière,1,1,2,0,1,1,1,1,1,60,,2,1,0,0,1,30.0,33.0,,,1,1,1,1,2
202100028067,2021-07-20 08:35:00,2021,7,20,8,35,13,13055,A507 sens Marseille - Aubagne,43.29552,5.42463,Plein jour,Hors agglomération,Hors intersection,Normale,Deux véhicules - arrière,1,1,3,0,1,1,1,0,1,70,,2,1,0,0,1,50.0,34.0,,,1,1,1,1,2
202100028068,2021-07-19 19:35:00,2021,7,19,19,35,13,13203,A7-Sens Lyon vers Marseille,43.306955,5.37535,Plein jour,En agglomération,Hors intersection,Normale,Deux véhicules - arrière,1,-1,3,0,1,1,1,0,1,70,,2,1,0,0,1,46.0,29.0,,,1,2,1,1,2
202100028069,2021-07-19 17:00:00,2021,7,19,17,0,13,13026,A55-Sens Martigues vers Marseille,43.3873563669,5.145580473,Plein jour,Hors agglomération,Hors intersection,Normale,Deux véhicules - arrière,1,1,2,0,1,1,1,0,1,110,,2,1,0,0,1,35.0,,,,1,1,1,1,2
202100028070,2021-07-19 16:30:00,2021,7,19,16,30,13,13055,A507 sens Marseille - Aubagne,43.2861991975,5.4254499397,Nuit avec éclairage allumé,Hors agglomération,Hors intersection,Normale,Deux véhicules - arrière,1,1,3,0,1,1,1,1,1,3,,2,1,0,0,1,19.0,34.0,,,5,1,1,1,2
202100028071,2021-07-05 18:30:00,2021,7,5,18,30,69,69290,RN346   38.960 A 40.883,45.7204669408,4.9725566804,Plein jour,Hors agglomération,Hors intersection,Normale,Deux véhicules - arrière,2,3,4,0,1,1,1,0,1,90,,2,1,0,0,1,37.0,,,,1,1,1,1,2
202100028072,2021-07-20 00:55:00,2021,7,20,0,55,69,69290,A46S   40.883 A 43.680,45.6925182338,4.9682454534,Nuit sans éclairage public,Hors agglomération,Hors intersection,Normale,Deux véhicules - arrière,1,3,4,0,1,1,1,0,2,90,,6,3,0,2,1,60.0,59.0,,,3,1,1,1,2
202100028073,2021-07-20 15:23:00,2021,7,20,15,23,33,33550,AUTOROUTE A 62,44.76643,-0.55132,Plein jour,Hors agglomération,Hors intersection,Normale,Autre collision,1,3,4,0,1,2,1,0,1,130,,1,0,0,0,1,79.0,,,,1,1,1,1,6
202100028074,2021-07-20 09:15:00,2021,7,20,9,15,33,33550,ROCADE A 630,44.778921,-0.552957,Plein jour,Hors agglomération,Hors intersection,Normale,Deux véhicules - arrière,1,3,7,0,1,1,1,0,1,90,,3,1,0,0,2,41.0,56.0,,,1,1,1,1,2
202100028075,2021-07-19 09:05:00,2021,7,19,9,5,33,33075,ROCADE A 630,44.888232,-0.584546,Plein jour,Hors agglomération,Hors intersection,Normale,Trois véhicules et plus - en chaîne,1,3,6,0,1,1,1,0,1,90,,5,2,0,2,1,47.0,59.0,,,1,1,1,1,4
202100028076,2021-07-20 19:00:00,2021,7,20,19,0,92,92002,AUTOROUTE A86,48.7617,2.2984,Plein jour,Hors agglomération,Hors intersection,Normale,Deux véhicules - arrière,1,1,2,0,1,1,1,0,1,70,,2,1,0,0,1,33.0,55.0,,,1,1,1,1,2
202100028077,2021-07-20 16:30:00,2021,7,20,16,30,91,91174,RN 104,48.6112,2.4466,Plein jour,Hors agglomération,Hors intersection,Normale,Deux véhicules - côté,2,1,3,0,1,1,1,0,1,90,,2,1,0,1,0,48.0,39.0,,,1,1,1,1,3
202100028078,2021-07-20 15:30:00,2021,7,20,15,30,91,91553,RN 104,48.6261,2.4739,Plein jour,Hors agglomération,Hors intersection,Normale,Autre collision,2,1,3,0,1,1,1,0,1,90,,1,0,0,0,1,20.0,,,,1,1,1,1,6
202100028079,2021-07-20 14:30:00,2021,7,20,14,30,78,78029,A13Y,48.964626,1.845941,Plein jour,Hors agglomération,Hors intersection,Normale,Deux véhicules - arrière,1,3,3,0,1,1,1,0,1,130,,2,1,0,0,1,36.0,26.0,,,1,1,1,1,2
202100028080,2021-07-20 19:20:00,2021,7,20,19,20,92,92078,AUTOROUTE A86,48.9283084303,2.3316245851,Plein jour,Hors agglomération,Hors intersection,Normale,Deux véhicules - arrière,1,1,6,0,1,1,1,0,1,70,,2,1,0,0,1,45.0,47.0,,,1,1,1,1,2
202100028081,2021-07-20 14:00:00,2021,7,20,14,0,92,92078,AUTOROUTE A86,48.9294615368,2.327973188,Plein jour,Hors agglomération,Hors intersection,Normale,Trois véhicules et plus - en chaîne,1,3,6,0,1,1,1,0,1,90,,3,2,0,0,1,48.0,54.0,,,1,1,1,1,4
202100028082,2021-07-20 12:30:00,2021,7,20,12,30,95,95277,RD 170 ,48.97814,2.45686,Plein jour,Hors agglomération,Hors intersection,Normale,Deux véhicules - arrière,3,3,6,0,1,1,1,0,1,90,,3,0,0,0,3,21.0,37.0,,,1,1,1,1,2
202100028083,2021-07-20 02:10:00,2021,7,20,2,10,95,95306, A15,49.00887,2.1598,Nuit sans éclairage public,Hors agglomération,Hors intersection,Normale,Autre collision,1,3,1,0,2,3,1,3,1,50,,2,1,0,0,1,26.0,,,,3,1,1,1,6
202100028084,2021-07-19 09:15:00,2021,7,19,9,15,93,93066,AUTOROUTE A1,48.90341,2.35857,Plein jour,Hors agglomération,Hors intersection,Normale,Deux véhicules - arrière,1,3,8,0,1,1,1,0,1,90,,2,1,0,0,1,34.0,29.0,,,1,1,1,1,2
202100028085,2021-07-19 08:00:00,2021,7,19,8,0,95,95018, A15,48.96178,2.26797,Plein jour,Hors agglomération,Hors intersection,Normale,Trois véhicules et plus - collisions multiples,1,3,9,0,1,1,1,0,1,90,,3,2,0,0,1,43.0,30.0,,,1,1,1,1,5
202100028086,2021-07-20 18:00:00,2021,7,20,18,0,94,94018,A4,48.8205076244,2.4018322324,Plein jour,Hors agglomération,Hors intersection,Normale,Deux véhicules - arrière,1,3,4,0,1,1,1,0,1,90,,2,1,0,0,1,20.0,28.0,,,1,1,1,1,2
202100028087,2021-07-19 19:40:00,2021,7,19,19,40,75,75112,A4,48.8187729748,2.4575042725,Plein jour,Hors agglomération,Hors intersection,Normale,Autre collision,1,3,8,0,1,1,1,0,1,90,,1,0,0,0,1,22.0,,,,1,1,1,1,6
202100028088,2021-07-18 17:47:00,2021,7,18,17,47,971,97101,sortie Lauricisque,16.25365,-61.54879,Plein jour,Hors agglomération,Autre intersection,Normale,Trois véhicules et plus - en chaîne,2,1,3,0,1,1,1,2,1,80,,4,3,0,0,1,50.0,26.0,,,1,1,9,1,4
202100028089,2021-07-18 19:15:00,2021,7,18,19,15,27,27229,BRIAND (AVENUE ARISTIDE),49.01672,1.12312,Plein jour,En agglomération,Intersection en T,Normale,Autre collision,3,2,2,0,1,1,1,0,1,50,,2,1,0,1,0,23.0,,,,1,2,3,1,6
202100028090,2021-07-19 07:00:00,2021,7,19,7,0,976,97611,mamoudzou centre-RP Passot quai colas (R,-12.77677,45.23192,Plein jour,En agglomération,Hors intersection,Normale,Deux véhicules - côté,2,2,2,0,1,1,1,0,1,50,,2,1,0,0,1,28.0,19.0,,,1,2,1,1,3
202100028091,2021-07-19 19:00:00,2021,7,19,19,0,974,97416,RN3 (3),-21.32393,55.48695,Nuit sans éclairage public,Hors agglomération,Hors intersection,Pluie légère,Autre collision,2,1,1,0,2,1,2,0,1,70,,2,0,0,1,1,31.0,,,,3,1,1,2,6
202100028092,2021-07-19 16:50:00,2021,7,19,16,50,69,69383,FELIX FAURE (AV),45.7529494602,4.853451848,Plein jour,En agglomération,Intersection en X,Temps éblouissant,Deux véhicules - côté,4,2,3,2,1,1,1,0,1,50,,2,1,0,0,1,21.0,56.0,,,1,2,2,7,3
202100028093,2021-07-19 09:15:00,2021,7,19,9,15,69,69387,TONY GARNIER                        (AV),45.7264698155,4.8290008307,Plein jour,En agglomération,Hors intersection,Normale,Deux véhicules - côté,4,2,5,3,1,1,1,0,1,50,,2,1,0,1,0,41.0,30.0,,,1,2,1,1,3
202100028094,2021-07-19 08:40:00,2021,7,19,8,40,69,69388,PINEL (BD),45.7366096267,4.890267849,Plein jour,En agglomération,Hors intersection,Normale,Autre collision,4,3,2,2,2,1,1,0,1,50,,1,0,0,0,1,31.0,,,,1,2,1,1,6
202100028095,2021-07-19 08:35:00,2021,7,19,8,35,69,69259,FRANCIS DE PRESSENSE (AV),45.7172,4.8704,Plein jour,En agglomération,Intersection en T,Normale,Deux véhicules - côté,4,2,2,1,1,1,1,0,1,50,,2,1,0,1,0,90.0,54.0,,,1,2,3,1,3
202100028096,2021-07-17 18:48:00,2021,7,17,18,48,2B,2B033,11 - RT,42.69863,9.45264,Plein jour,En agglomération,Hors intersection,Normale,Deux véhicules - frontale,2,2,2,0,1,2,1,1,1,50,,4,1,1,0,2,36.0,85.0,,,1,2,1,1,1
202100028097,2021-07-19 14:02:00,2021,7,19,14,2,971,97113,RN4 - SECTION RIVIERA,16.21733,-61.4842,Plein jour,Hors agglomération,Hors intersection,Normale,Deux véhicules - frontale,2,2,2,0,1,1,1,0,1,70,,4,0,0,2,2,30.0,40.0,,,1,1,1,1,1
202100028098,2021-07-19 19:07:00,2021,7,19,19,7,95,95585,BERGSON (BOULEVARD HENRI),48.975382071,2.3763962735,Plein jour,En agglomération,Hors intersection,Normale,Autre collision,4,2,2,0,1,1,1,0,1,50,,2,1,0,0,1,25.0,38.0,,,1,2,1,1,6
202100028099,2021-07-19 15:05:00,2021,7,19,15,5,95,95489,RD 301,49.0144670214,2.352039814,Plein jour,Hors agglomération,Hors intersection,Normale,Deux véhicules - côté,3,3,4,0,1,1,1,0,1,90,,2,0,0,0,2,41.0,19.0,,,1,1,1,1,3
202100028100,2021-07-19 22:30:00,2021,7,19,22,30,95,95572,VERT GALANT (RUE DU),49.05148,2.13247,Nuit avec éclairage allumé,Hors agglomération,Intersection en X,Normale,Deux véhicules - côté,4,2,2,0,1,1,1,0,1,50,,2,1,0,0,1,21.0,22.0,,,5,1,2,1,3
202100028101,2021-07-19 04:45:00,2021,7,19,4,45,91,91549,CORBEIL (ROUTE DE),48.63497,2.33366,Nuit avec éclairage allumé,En agglomération,Hors intersection,Normale,Sans collision,3,3,2,0,1,1,1,0,1,50,,1,0,1,0,0,60.0,,,,5,2,1,1,7
202100028102,2021-07-18 19:10:00,2021,7,18,19,10,91,91223,R.D.20,48.426212,2.147076,Plein jour,Hors agglomération,Hors intersection,Normale,Sans collision,3,3,4,0,1,1,1,0,3,90,,1,0,0,0,1,32.0,,,,1,1,1,1,7
202100028103,2021-07-17 22:50:00,2021,7,17,22,50,85,85194,RD 160,46.52042,-1.74261,Nuit sans éclairage public,Hors agglomération,Hors intersection,Normale,Deux véhicules - arrière,3,3,4,0,1,1,1,0,1,110,,2,0,1,0,1,20.0,80.0,,,3,1,1,1,2
202100028104,2021-07-16 16:20:00,2021,7,16,16,20,81,81163,GALIBERT-FERRET,43.49104,2.37609,Plein jour,En agglomération,Hors intersection,Normale,Autre collision,4,1,1,0,1,1,1,5,8,50,,2,1,0,0,1,44.0,,,,1,2,1,1,6
202100028105,2021-07-19 17:30:00,2021,7,19,17,30,78,78440,AMPERE (RUE),48.996836,1.912649,Plein jour,En agglomération,Hors intersection,Normale,Deux véhicules - côté,3,1,2,0,1,3,1,0,1,50,,6,3,0,0,3,60.0,44.0,,,1,2,1,1,3
202100028106,2021-07-19 08:45:00,2021,7,19,8,45,78,78403,CHATEAUBRIAND (AVENUE),48.998251,1.88302,Plein jour,En agglomération,Intersection en X,Normale,Deux véhicules - côté,3,2,2,0,1,1,1,5,1,50,,2,1,0,0,1,44.0,30.0,,,1,2,2,1,3
202100028107,2021-07-19 21:26:00,2021,7,19,21,26,76,76540,HAVRE. QUAI (HAUT) DU,49.44084,1.08294,Nuit avec éclairage allumé,En agglomération,Hors intersection,Normale,Autre collision,7,1,4,0,1,1,1,1,1,50,,1,0,0,0,1,56.0,,,,5,2,1,1,6
202100028108,2021-07-18 02:10:00,2021,7,18,2,10,76,76540,CORNEILLE. PONT PIERRE,49.43498,1.09405,Nuit avec éclairage allumé,En agglomération,Intersection en X,Normale,Autre collision,7,1,2,3,1,1,1,-1,1,50,,3,2,1,0,0,39.0,,,,5,2,2,1,6
202100028109,2021-07-18 21:20:00,2021,7,18,21,20,76,76351,Boulevard de Léningrad,49.49859,0.15935,Plein jour,Hors agglomération,Intersection en X,Normale,Deux véhicules - côté,4,3,8,1,1,1,1,0,1,50,,2,1,0,1,0,34.0,15.0,,,1,1,2,1,3
202100028110,2021-07-18 11:10:00,2021,7,18,11,10,72,72181,NEGRIER GENERAL (BD) N° PAIRS,48.00974,0.20706,Plein jour,En agglomération,Hors intersection,Normale,Autre collision,4,2,2,0,1,1,1,0,1,50,,3,2,0,0,1,20.0,43.0,,,1,2,1,1,6
202100028111,2021-07-19 00:30:00,2021,7,19,0,30,69,69266,EMILE ZOLA (CR),45.7686,4.88442,Nuit avec éclairage allumé,En agglomération,Intersection en X,Normale,Deux véhicules - côté,4,2,4,2,1,1,1,0,1,50,,6,2,0,0,4,28.0,20.0,,,5,2,2,1,3
202100028112,2021-07-19 08:38:00,2021,7,19,8,38,66,66136,MAS-PALEGRY (CHEMIN DU),42.66012,2.88561,Plein jour,En agglomération,Intersection en X,Normale,Deux véhicules - côté,4,2,2,0,1,1,1,0,1,50,,2,1,0,0,1,64.0,73.0,,,1,2,2,1,3
202100028113,2021-07-16 15:51:00,2021,7,16,15,51,66,66136,R D 900,42.67464,2.86344,Plein jour,Hors agglomération,Hors intersection,Normale,Deux véhicules - arrière,3,3,2,0,1,1,1,0,1,50,,2,1,0,0,1,44.0,23.0,,,1,1,1,1,2
202100028114,2021-07-19 18:25:00,2021,7,19,18,25,64,64445,GRAMONT,43.2964,-0.3742,Plein jour,En agglomération,Intersection en T,Normale,Deux véhicules - côté,4,1,1,0,2,1,1,0,1,50,,2,1,0,0,1,29.0,22.0,,,1,2,3,1,3
202100028115,2021-07-19 09:05:00,2021,7,19,9,5,64,64348,CHARLES DE GAULLE,43.3069036134,-0.4051047564,Plein jour,En agglomération,Hors intersection,Normale,Deux véhicules - côté,4,2,0,0,1,1,1,0,1,50,,2,0,0,2,0,23.0,32.0,,,1,2,1,1,3
202100028116,2021-07-19 15:40:00,2021,7,19,15,40,64,64125,ATHERBEA (AVENUE),43.43239,-1.59651,Plein jour,En agglomération,Hors intersection,Normale,Deux véhicules - frontale,3,2,3,0,1,2,1,0,1,50,,2,0,0,0,2,18.0,54.0,,,1,2,1,1,1
202100028117,2021-07-19 02:40:00,2021,7,19,2,40,64,64024,FONTAINE LABORDE (ALLEE DE),43.5014916581,-1.5311041305,Nuit avec éclairage allumé,En agglomération,Hors intersection,Normale,Sans collision,4,1,1,0,2,2,1,0,1,30,,1,0,0,0,1,41.0,,,,5,2,1,1,7
202100028118,2021-07-18 14:00:00,2021,7,18,14,0,64,64024,BAB (BOULEVARD DU),43.48737,-1.53649,Plein jour,En agglomération,Intersection en X,Normale,Deux véhicules - côté,4,2,4,0,1,1,1,0,1,50,,4,3,0,0,1,15.0,28.0,,,1,2,2,1,3
202100028119,2021-07-18 19:51:00,2021,7,18,19,51,63,63113,18 BLATIN (RUE),45.776909663,3.079766508,Plein jour,En agglomération,Hors intersection,Normale,Autre collision,4,1,2,3,1,1,1,0,1,50,,2,1,0,0,1,49.0,,,,1,2,1,1,6
202100028120,2021-07-19 17:00:00,2021,7,19,17,0,59,59426,CHEMIN VERT (RUE),50.7510473778,3.1786461089,Plein jour,En agglomération,Hors intersection,Normale,Deux véhicules - arrière,4,-1,1,0,1,1,1,0,1,50,,2,1,0,0,1,15.0,,,,1,2,1,1,2
202100028121,2021-07-19 04:55:00,2021,7,19,4,55,56,56107,ROUTE DEPARTEMENTALE 29,47.72627,-3.38359,Nuit avec éclairage allumé,En agglomération,Hors intersection,Normale,Autre collision,3,3,4,0,3,1,1,1,1,70,,1,0,0,0,1,21.0,,,,5,2,1,1,6
202100028122,2021-07-19 03:42:00,2021,7,19,3,42,56,56098,SAINT GUENAEL (RUE DE),47.76091,-3.31778,Nuit avec éclairage allumé,En agglomération,Hors intersection,Normale,Sans collision,4,2,2,0,1,1,1,0,1,30,,1,0,0,0,1,17.0,,,,5,2,1,1,7
202100028123,2021-07-18 08:35:00,2021,7,18,8,35,56,56098,KERFREHOUR (RUE DE),47.76406,-3.333,Plein jour,En agglomération,Hors intersection,Normale,Sans collision,4,2,2,0,1,1,1,0,1,50,,1,0,0,0,1,34.0,,,,1,2,1,1,7
202100028124,2021-07-17 17:25:00,2021,7,17,17,25,56,56083,N165 sens Nantes/Brest,47.788434,-3.2770948,Plein jour,Hors agglomération,Hors intersection,Normale,Trois véhicules et plus - en chaîne,2,3,4,0,1,1,1,0,1,110,,7,3,0,0,4,20.0,49.0,,,1,1,1,1,4
202100028125,2021-07-19 19:25:00,2021,7,19,19,25,51,51454,Rue de Courlancy,49.2440018555,4.021019143,Plein jour,En agglomération,Hors intersection,Normale,Deux véhicules - frontale,4,2,2,0,1,1,1,0,1,50,,2,1,0,0,1,36.0,23.0,,,1,2,1,1,1
202100028126,2021-07-19 17:25:00,2021,7,19,17,25,51,51454,Avenue Georges Clémenceau,49.2506553808,4.0518602729,Plein jour,En agglomération,Hors intersection,Normale,Deux véhicules - côté,4,2,4,1,1,1,1,0,1,50,,2,1,0,0,1,23.0,26.0,,,1,2,1,1,3
202100028127,2021-07-16 14:35:00,2021,7,16,14,35,50,50129,MENDES FRANCE (BOULEVARD),49.63442,-1.6257,Plein jour,En agglomération,Hors intersection,Normale,Deux véhicules - arrière,3,3,4,0,1,1,1,0,1,50,,2,1,0,0,1,37.0,24.0,,,1,2,1,1,2
202100028128,2021-07-17 11:35:00,2021,7,17,11,35,49,49328,ROND POINT  PONT FOUCHARD,47.25376,-0.08548,Plein jour,En agglomération,Giratoire,Normale,Deux véhicules - côté,4,1,2,0,1,2,1,0,1,30,,2,1,0,0,1,86.0,26.0,,,1,2,6,1,3
202100028129,2021-07-17 19:15:00,2021,7,17,19,15,49,49328,PALUSTRE (RUE LEOPOLD),47.27051,-0.10447,Plein jour,En agglomération,Hors intersection,Normale,Autre collision,4,2,2,0,1,1,1,0,1,50,,2,1,0,0,1,71.0,,,,1,2,1,1,6
202100028130,2021-07-15 22:00:00,2021,7,15,22,0,49,49007,IMBACH PLACE,47.47359,-0.54884,Plein jour,En agglomération,Hors intersection,Normale,Autre collision,4,1,1,0,1,2,1,0,4,30,,6,1,0,2,3,21.0,,,,1,2,1,1,6
202100028131,2021-07-19 18:30:00,2021,7,19,18,30,45,45234,Passage des Azalées,47.8875823315,1.9114977121,Plein jour,En agglomération,Hors intersection,Normale,Deux véhicules - frontale,4,2,2,0,1,3,1,0,1,30,,2,1,0,0,1,8.0,23.0,,,1,2,1,1,1
202100028132,2021-07-19 21:05:00,2021,7,19,21,5,41,41018,DUPUIS (BOULEVARD DANIEL),47.5818,1.32375,Crépuscule ou aube,En agglomération,Hors intersection,Pluie forte,Deux véhicules - arrière,4,2,2,0,2,4,2,0,1,50,,2,1,0,0,1,25.0,28.0,,,2,2,1,3,2
202100028133,2021-07-18 11:35:00,2021,7,18,11,35,38,38053,JOLIOT CURIE,45.5801309617,5.2710020542,Plein jour,En agglomération,Hors intersection,Normale,Deux véhicules - arrière,3,2,4,1,1,1,1,0,5,50,,2,1,0,1,0,20.0,34.0,,,1,2,1,1,2
202100028134,2021-07-18 17:30:00,2021,7,18,17,30,37,37261,EUROPE (AVENUE DE L'),47.42309,0.68811,Plein jour,En agglomération,Autre intersection,Normale,Autre collision,9,2,4,3,1,1,1,-1,6,50,,3,2,0,1,0,60.0,,,,1,2,9,1,6
202100028135,2021-07-18 02:30:00,2021,7,18,2,30,37,37261,WAGNER (BOULEVARD RICHARD),47.3755051653,0.7087026536,Nuit avec éclairage allumé,En agglomération,Hors intersection,Normale,Autre collision,4,3,4,0,1,1,1,0,1,50,,2,1,0,0,1,27.0,32.0,,,5,2,1,1,6
202100028136,2021-07-18 19:27:00,2021,7,18,19,27,34,34172,PARGUEL (AVENUE ABBE PAUL,43.64072,3.85757,Plein jour,En agglomération,Intersection en X,Normale,Deux véhicules - frontale,4,2,2,0,2,1,1,0,1,50,,2,1,0,0,1,19.0,39.0,,,1,2,2,1,1
202100028137,2021-07-19 18:35:00,2021,7,19,18,35,33,33199,,44.57765,-1.10361,Plein jour,Hors agglomération,Hors intersection,Normale,Deux véhicules - arrière,3,2,2,0,1,1,1,0,1,70,,2,1,0,0,1,19.0,,,,1,1,1,1,2
202100028138,2021-07-19 14:20:00,2021,7,19,14,20,33,33009,Avenue Jean Farges,44.65664,-1.1603,Plein jour,En agglomération,Intersection en X,Normale,Deux véhicules - frontale,4,2,3,0,2,1,1,0,1,50,,4,1,0,0,3,74.0,39.0,,,1,2,2,1,1
202100028139,2021-07-19 07:15:00,2021,7,19,7,15,31,31555,18 MONTAUDRAN (PERIPH EST A61),43.57316,1.49474,Plein jour,En agglomération,Hors intersection,Normale,Deux véhicules - arrière,1,1,4,0,2,1,1,9,1,50,,2,1,0,0,1,28.0,44.0,,,1,2,1,1,2
202100028140,2021-07-19 10:45:00,2021,7,19,10,45,27,27681,EVREUX (ROUTE D'),49.07675,1.464,Plein jour,Hors agglomération,Intersection en T,Normale,Deux véhicules - côté,3,2,4,0,2,2,1,0,1,50,,4,0,0,0,4,74.0,37.0,,,1,1,3,1,3
202100028141,2021-07-19 22:00:00,2021,7,19,22,0,27,27375,VERTE (CHEMIN DE LA COTE),49.21401,1.14595,Crépuscule ou aube,Hors agglomération,Hors intersection,Normale,Sans collision,4,2,2,0,1,1,1,0,1,50,,1,0,0,0,1,49.0,,,,2,1,1,1,7
202100028142,2021-07-19 16:45:00,2021,7,19,16,45,14,14699,D677,49.340107,0.102973,Plein jour,En agglomération,Intersection en X,Normale,Deux véhicules - côté,3,2,3,0,1,1,1,5,1,50,,2,1,0,1,0,70.0,37.0,,,1,2,2,1,3
202100028143,2021-07-19 18:21:00,2021,7,19,18,21,14,14118,Boulevard André Detolle,49.175427,-0.389611,Plein jour,En agglomération,Intersection en X,Normale,Deux véhicules - côté,4,1,1,0,1,1,1,0,1,50,,2,1,0,0,1,26.0,40.0,,,1,2,2,1,3
202100028144,2021-07-19 08:55:00,2021,7,19,8,55,14,14101,N814,49.184961,-0.425146,Plein jour,En agglomération,Hors intersection,Normale,Deux véhicules - côté,2,3,2,0,1,1,1,0,1,90,,2,1,0,0,1,23.0,43.0,,,1,2,1,1,3
202100028145,2021-07-19 17:00:00,2021,7,19,17,0,13,13202,EVECHE (RUE DE L'),43.30252,5.36739,Plein jour,En agglomération,Intersection en T,Normale,Deux véhicules - arrière,4,1,1,0,1,1,1,0,1,50,,2,1,0,0,1,33.0,29.0,,,1,2,3,1,2
202100028146,2021-07-19 15:00:00,2021,7,19,15,0,13,13212,POILUS (AVENUE DES),43.319036005,5.4592958714,Plein jour,En agglomération,Hors intersection,Normale,Trois véhicules et plus - en chaîne,4,2,2,0,1,1,1,0,1,50,,10,7,0,0,3,20.0,39.0,,,1,2,1,1,4
202100028147,2021-07-19 14:00:00,2021,7,19,14,0,13,13203,BERNARD CADENAT (PLACE),43.3118789308,5.3871213627,Plein jour,En agglomération,Autre intersection,Normale,Deux véhicules - arrière,9,1,1,0,1,2,1,0,1,50,,2,1,0,0,1,38.0,,,,1,2,9,1,2
202100028148,2021-07-19 08:30:00,2021,7,19,8,30,13,13208,HAMBOURG (BOULEVARD),43.2507176027,5.3885094774,Plein jour,En agglomération,Hors intersection,Normale,Deux véhicules - arrière,4,1,2,0,2,1,1,0,1,30,,2,1,0,0,1,26.0,33.0,,,1,2,1,1,2
202100028149,2021-07-15 17:15:00,2021,7,15,17,15,13,13028,SAINT JEAN (AVENUE DE),43.18901,5.62916,Plein jour,En agglomération,Hors intersection,Normale,Deux véhicules - frontale,7,2,2,0,1,1,1,0,1,50,,2,1,0,1,0,38.0,,,,1,2,1,1,1
202100028150,2021-07-19 06:15:00,2021,7,19,6,15,13,13028,BILLOUX (AVENUE FRANCOIS ),43.1787,5.59752,Plein jour,En agglomération,Intersection en X,Normale,Deux véhicules - frontale,4,3,4,0,2,1,1,0,1,50,,4,3,0,0,1,24.0,35.0,,,1,2,2,1,1
202100028151,2021-07-18 20:15:00,2021,7,18,20,15,11,11262,LECLERC (AVENUE DU GENERAL),43.17648,2.99399,Plein jour,En agglomération,Autre intersection,Normale,Deux véhicules - côté,4,3,2,0,1,1,1,9,1,50,,2,1,1,0,0,35.0,44.0,,,1,2,9,1,3
202100028152,2021-07-10 23:54:00,2021,7,10,23,54,11,11262,PERPIGNAN (RUE DE L'ANCIENNE PORTE),43.16432,2.98545,Nuit avec éclairage allumé,En agglomération,Hors intersection,Normale,Deux véhicules - arrière,3,1,2,0,1,1,1,9,1,50,,3,1,0,0,2,38.0,62.0,,,5,2,1,1,2
202100028153,2021-07-15 14:50:00,2021,7,15,14,50,10,10387,MAJOR GENERAL VANIER (AVENUE),48.305219,4.07419,Plein jour,En agglomération,Intersection en X,Normale,Deux véhicules - arrière,4,1,2,0,1,1,1,0,1,50,,5,4,0,0,1,,22.0,,,1,2,2,1,2
202100028154,2021-07-17 00:52:00,2021,7,17,0,52,05,05061,EMILE FABRE (COURS  ),44.56077,6.07737,Nuit avec éclairage allumé,En agglomération,Intersection en T,Normale,Deux véhicules - côté,4,1,2,0,1,1,1,0,1,50,,3,0,0,0,3,20.0,28.0,,,5,2,3,1,3
202100028155,2021-07-16 16:31:00,2021,7,16,16,31,05,05061,LUYE ( ROUTE DE LA ),44.53172,6.06109,Plein jour,En agglomération,Hors intersection,Normale,Trois véhicules et plus - en chaîne,3,2,2,0,1,1,1,0,1,50,,4,2,0,0,2,76.0,21.0,,,1,2,1,1,4
202100028156,2021-07-19 01:00:00,2021,7,19,1,0,03,03023,RUSSIE (AVENUE DE),46.11538,3.40811,Nuit avec éclairage allumé,En agglomération,Intersection en X,Normale,Autre collision,3,2,2,0,3,1,1,0,1,50,,2,1,0,1,0,19.0,18.0,,,5,2,2,1,6