accident_id,datetime,annee,mois,jour,heure,minute,departement,commune_insee,adresse,latitude,longitude,luminosite,agglomeration,intersection,meteo,collision,catr,circ,nbv,vosp,prof,plan,surf,infra,situ,vma,nb_vehicules,nb_usagers,nb_indemnes,nb_tues,nb_blesses_hosp,nb_blesses_legers,age_cond_1,age_cond_2,veh_type_cond_1,veh_type_cond_2,lum_code,agg_code,int_code,atm_code,col_code
202100028157,2021-07-03 10:35:00,2021,7,3,10,35,03,03310,CELESTINS (AVENUE DES),46.12338,3.42871,Plein jour,En agglomération,Intersection en X,Normale,Autre collision,4,2,2,0,1,1,1,0,1,50,,2,1,0,1,0,20.0,,,,1,2,2,1,6
202100028158,2021-07-19 15:00:00,2021,7,19,15,0,75,75112,PORTE DE VINCENNES,48.844051,2.413842,Plein jour,En agglomération,Hors intersection,Normale,Deux véhicules - arrière,4,1,4,0,1,1,1,0,1,70,,2,1,0,0,1,61.0,44.0,,,1,2,1,1,2
202100028159,2021-07-17 09:30:00,2021,7,17,9,30,75,75120,PORTE DE VINCENNES,48.848601,2.415121,Plein jour,En agglomération,Intersection en Y,Normale,Trois véhicules et plus - en chaîne,4,1,4,0,1,1,1,0,1,70,,5,3,0,0,2,19.0,36.0,,,1,2,4,1,4
202100028160,2021-07-19 22:25:00,2021,7,19,22,25,75,75106,QUAI DE CONTI,48.857517,2.338121,Nuit avec éclairage allumé,En agglomération,Hors intersection,Normale,Deux véhicules - arrière,4,2,3,1,1,2,1,0,5,30,,2,1,0,0,1,25.0,32.0,,,5,2,1,1,2
202100028161,2021-07-19 12:10:00,2021,7,19,12,10,75,75105,RUE SAINT JACQUES,48.849593,2.344873,Plein jour,En agglomération,Intersection en X,Normale,Deux véhicules - côté,4,1,4,1,2,1,1,0,5,30,,2,1,0,0,1,21.0,27.0,,,1,2,2,1,3
202100028162,2021-07-19 21:38:00,2021,7,19,21,38,75,75119,AVENUE JEAN JAURES,48.886998,2.387159,Crépuscule ou aube,En agglomération,Intersection en T,Normale,Autre collision,4,2,0,0,1,1,1,0,1,50,,2,1,0,0,1,,,,,2,2,3,1,6
202100028163,2021-07-19 19:40:00,2021,7,19,19,40,75,75119,RUE DE KABYLIE,48.884293,2.367615,Plein jour,En agglomération,Intersection en T,Normale,Deux véhicules - côté,4,1,0,1,1,1,1,0,5,30,,2,1,0,0,1,39.0,36.0,,,1,2,3,1,3
202100028164,2021-07-19 08:00:00,2021,7,19,8,0,75,75118,RUE VAUVENARGUES,48.894173,2.332636,Plein jour,En agglomération,Intersection à plus de 4 branches,Normale,Deux véhicules - côté,4,2,2,0,1,1,1,0,1,50,,2,1,0,0,1,31.0,31.0,,,1,2,5,1,3
202100028165,2021-07-19 17:30:00,2021,7,19,17,30,75,75116,RUE DE LA TOUR,48.861748,2.278335,Plein jour,En agglomération,Intersection en T,Normale,Deux véhicules - côté,4,1,1,0,1,1,1,0,1,50,,2,1,0,0,1,42.0,35.0,,,1,2,3,1,3
202100028166,2021-07-19 11:30:00,2021,7,19,11,30,75,75115,BOULEVARD LEFEBVRE,48.82847,2.301362,Plein jour,En agglomération,Intersection en X,Normale,Deux véhicules - côté,4,3,4,0,1,1,1,0,1,50,,2,1,0,0,1,38.0,71.0,,,1,2,2,1,3
202100028167,2021-07-18 16:00:00,2021,7,18,16,0,75,75115,QUAI DE GRENELLE,48.849375,2.281551,Plein jour,En agglomération,Intersection en X,Normale,Deux véhicules - côté,4,2,5,0,1,1,1,0,1,50,,2,1,0,0,1,50.0,39.0,,,1,2,2,1,3
202100028168,2021-07-19 18:15:00,2021,7,19,18,15,75,75111,BOULEVARD DU TEMPLE,48.863759,2.366325,Plein jour,En agglomération,Intersection en T,Normale,Deux véhicules - arrière,4,2,4,0,1,1,1,0,1,50,,3,2,0,0,1,29.0,,,,1,2,3,1,2
202100028169,2021-07-19 18:00:00,2021,7,19,18,0,75,75109,BOULEVARD DE ROCHECHOUART,48.882166,2.341136,Plein jour,En agglomération,Intersection en T,Normale,Deux véhicules - arrière,4,1,2,0,1,1,1,0,1,30,,2,1,0,0,1,20.0,32.0,,,1,2,3,1,2
202100028170,2021-07-19 07:50:00,2021,7,19,7,50,75,75108,AVENUE DES CHAMPS ELYSEES,48.865867,2.319892,Plein jour,En agglomération,Place,Normale,Deux véhicules - côté,4,2,6,0,1,1,1,0,1,50,,2,1,0,0,1,25.0,60.0,,,1,2,7,1,3
202100028171,2021-07-19 02:20:00,2021,7,19,2,20,75,75104,RUE MORNAY,48.849514,2.365638,Nuit avec éclairage allumé,En agglomération,Intersection en X,Normale,Deux véhicules - arrière,4,2,1,0,1,1,1,0,1,50,,3,1,0,0,2,27.0,26.0,,,5,2,2,1,2
202100028172,2021-07-19 12:35:00,2021,7,19,12,35,94,94081,Avenue Henri Barbusse,48.79267,2.38924,Plein jour,En agglomération,Hors intersection,Normale,Deux véhicules - côté,3,2,4,0,2,1,1,0,1,50,,2,1,0,0,1,44.0,60.0,,,1,2,1,1,3
202100028173,2021-07-19 17:05:00,2021,7,19,17,5,94,94080,Avenue de la République,48.84874,2.4327,Plein jour,En agglomération,Autre intersection,Normale,Deux véhicules - arrière,3,2,2,0,1,1,1,0,1,50,,2,1,0,0,1,54.0,30.0,,,1,2,9,1,2
202100028174,2021-07-19 19:10:00,2021,7,19,19,10,94,94054,CLAUDE BERNARD (SQ),48.74982,2.4103,Plein jour,En agglomération,Hors intersection,Normale,Autre collision,4,2,2,0,1,1,1,0,1,50,,2,1,0,0,1,7.0,59.0,,,1,2,1,1,6
202100028175,2021-07-18 11:30:00,2021,7,18,11,30,94,94060,JEAN JAURES (R),48.78299,2.57867,Plein jour,En agglomération,Hors intersection,Normale,Deux véhicules - côté,3,2,1,0,2,1,1,0,1,50,,2,1,0,0,1,33.0,47.0,,,1,2,1,1,3
202100028176,2021-07-19 11:15:00,2021,7,19,11,15,94,94047,Rue de Brie,48.70198,2.54574,Plein jour,En agglomération,Intersection en T,Normale,Deux véhicules - côté,3,2,2,0,1,1,1,0,1,50,,10,8,0,0,2,46.0,23.0,,,1,2,3,1,3
202100028177,2021-07-19 18:00:00,2021,7,19,18,0,93,93066,Avenue du Président Wilson,48.914497,2.357443,Plein jour,En agglomération,Hors intersection,Normale,Deux véhicules - frontale,3,3,4,3,1,1,1,0,1,50,,2,0,0,0,2,35.0,72.0,,,1,2,1,1,1
202100028178,2021-07-19 14:00:00,2021,7,19,14,0,93,93066,Rue Ambroise Croizat,48.932396,2.34887,Plein jour,En agglomération,Hors intersection,Normale,Deux véhicules - côté,3,2,3,0,1,1,1,0,1,50,,2,1,0,0,1,21.0,63.0,,,1,2,1,1,3
202100028179,2021-07-19 16:50:00,2021,7,19,16,50,93,93050,Rue Paul et Camille Thomoux / Avenue du General de Gaulle,48.857137,2.531263,Plein jour,En agglomération,Intersection en X,Normale,Deux véhicules - côté,3,3,3,0,1,1,1,0,1,50,,5,2,0,0,3,34.0,55.0,,,1,2,2,1,3
202100028180,2021-07-19 08:45:00,2021,7,19,8,45,93,93049,FICHOT (BOULEVARD),48.8529,2.5114,Plein jour,En agglomération,Hors intersection,Normale,Deux véhicules - arrière,3,1,1,0,1,1,1,0,1,50,,2,1,0,0,1,35.0,38.0,,,1,2,1,1,2
202100028181,2021-07-19 07:20:00,2021,7,19,7,20,93,93050,Place du Commerce,48.86907,2.53236,Plein jour,En agglomération,Autre intersection,Normale,Autre collision,6,-1,0,0,2,1,1,0,8,30,,3,1,0,0,1,,,,,1,2,9,1,6
202100028182,2021-07-19 18:55:00,2021,7,19,18,55,93,93046,Avenue Léon Blum,48.90888,2.53117,Plein jour,En agglomération,Hors intersection,Normale,Deux véhicules - côté,3,3,2,2,1,1,1,0,1,50,,2,1,0,0,1,36.0,51.0,,,1,2,1,1,3
202100028183,2021-07-19 14:36:00,2021,7,19,14,36,93,93005,Avenue Raoul Dufy,48.95548,2.50841,Plein jour,En agglomération,Hors intersection,Normale,Deux véhicules - arrière,3,2,4,0,1,1,1,0,1,50,,2,1,0,0,1,38.0,64.0,,,1,2,1,1,2
202100028184,2021-07-19 07:15:00,2021,7,19,7,15,93,93001,FORT (IMPASSE DU),48.911898,2.39756,Plein jour,En agglomération,Hors intersection,Normale,Deux véhicules - frontale,4,2,1,0,1,1,1,0,1,30,,1,0,0,0,1,44.0,,,,1,2,1,1,1
202100028185,2021-07-16 19:00:00,2021,7,16,19,0,92,92063,BONAPARTE (AVENUE NAPOLEON) SUD,48.8773746323,2.1734623611,Plein jour,En agglomération,Intersection en T,Normale,Deux véhicules - côté,3,3,5,0,1,1,1,5,1,50,,2,1,0,0,1,13.0,66.0,,,1,2,3,1,3
202100028186,2021-07-19 19:11:00,2021,7,19,19,11,92,92026,SAINT-DENIS BD DE (01 A 197 / 02 A 118),48.8985,2.265097,Plein jour,En agglomération,Hors intersection,Normale,Deux véhicules - côté,3,2,2,0,1,1,1,0,1,50,,2,1,0,0,1,49.0,51.0,,,1,2,1,1,3
202100028187,2021-07-19 17:45:00,2021,7,19,17,45,92,92026,MISSION MARCHAND (COTE IMPAIR),48.8976934217,2.2400227189,Plein jour,En agglomération,Intersection en X,Normale,Deux véhicules - côté,3,2,4,0,1,1,1,5,1,50,,2,1,0,1,0,52.0,61.0,,,1,2,2,1,3
202100028188,2021-07-19 15:20:00,2021,7,19,15,20,92,92026,BEZONS  (DE 01 A 22),48.893436,2.252115,Plein jour,En agglomération,Giratoire,Normale,Deux véhicules - côté,4,1,1,0,2,1,1,5,1,30,,2,1,0,0,1,51.0,23.0,,,1,2,6,1,3
202100028189,2021-07-19 19:26:00,2021,7,19,19,26,92,92012,PYRAMIDE (SENTE DE LA),48.8339258396,2.2341236888,Plein jour,En agglomération,Hors intersection,Normale,Deux véhicules - côté,4,1,1,0,1,1,1,0,1,30,,2,1,0,0,1,47.0,32.0,,,1,2,1,1,3
202100028190,2021-07-19 15:30:00,2021,7,19,15,30,92,92007,DE GAULLE (AVENUE CHARLES),48.7973678718,2.2980683884,Plein jour,En agglomération,Hors intersection,Normale,Deux véhicules - arrière,3,2,2,0,1,1,1,0,1,50,,2,1,0,0,1,32.0,27.0,,,1,2,1,1,2
202100028191,2021-07-20 07:30:00,2021,7,20,7,30,09,09124,D14,43.174074,1.424489,Plein jour,Hors agglomération,Hors intersection,Temps éblouissant,Deux véhicules - côté,3,2,2,0,2,1,1,0,1,80,,2,1,0,1,0,62.0,56.0,,,1,1,1,7,3
202100028192,2021-07-19 17:35:00,2021,7,19,17,35,33,33478,La Place,45.011413,0.01194,Plein jour,En agglomération,Hors intersection,Normale,Deux véhicules - arrière,3,2,2,0,1,1,1,0,1,50,,2,0,1,0,1,68.0,24.0,,,1,2,1,1,2
202100028193,2021-07-20 18:40:00,2021,7,20,18,40,59,59260,Rue Nationale (Les Moëres),51.022409,2.548323,Plein jour,Hors agglomération,Hors intersection,Normale,Deux véhicules - arrière,3,2,2,0,1,1,1,0,1,80,,3,1,0,2,0,60.0,31.0,,,1,1,1,1,2
202100028194,2021-07-19 18:40:00,2021,7,19,18,40,68,68260,D4b,47.885574,7.272192,Plein jour,En agglomération,Hors intersection,Normale,Trois véhicules et plus - collisions multiples,3,2,2,0,1,1,1,0,1,50,,3,2,0,0,1,40.0,67.0,,,1,2,1,1,5
202100028195,2021-07-19 15:00:00,2021,7,19,15,0,68,68088,Route de Mulhouse,47.849836,7.276517,Plein jour,Hors agglomération,Intersection en Y,Normale,Deux véhicules - frontale,3,2,2,3,1,1,1,0,1,70,,5,4,0,0,1,49.0,72.0,,,1,1,4,1,1
202100028196,2021-07-19 06:30:00,2021,7,19,6,30,974,97413,Rue du General Lambert,-21.166629,55.287645,Crépuscule ou aube,En agglomération,Hors intersection,Normale,Deux véhicules - frontale,2,2,2,0,1,1,1,0,1,50,,2,1,1,0,0,41.0,,,,2,2,1,1,1
202100028197,2021-07-19 15:05:00,2021,7,19,15,5,77,77472,Départementale 68,48.889552,3.218179,Plein jour,Hors agglomération,Hors intersection,Temps éblouissant,Sans collision,3,2,2,0,1,1,1,0,1,80,,2,0,0,0,2,42.0,,,,1,1,1,7,7
202100028198,2021-07-19 15:10:00,2021,7,19,15,10,69,69260,Place du 11 Novembre 1918 et du 8 Mai 1945 (Parking),45.647261,4.812571,Plein jour,En agglomération,Autre intersection,Normale,Autre collision,6,-1,-1,0,1,1,1,0,1,50,,2,1,0,0,1,64.0,,,,1,2,9,1,6
202100028199,2021-07-05 01:15:00,2021,7,5,1,15,77,77509,D201,48.497384,3.046303,Nuit sans éclairage public,Hors agglomération,Hors intersection,Normale,Trois véhicules et plus - en chaîne,3,2,2,0,1,1,1,0,1,80,,6,5,0,0,1,23.0,20.0,,,3,1,1,1,4
202100028200,2021-07-19 18:50:00,2021,7,19,18,50,2A,2A269,RD 268,41.86209,9.391133,Plein jour,Hors agglomération,Hors intersection,Normale,Autre collision,3,2,2,0,2,2,1,0,3,70,,1,0,0,1,0,41.0,,,,1,1,1,1,6
202100028201,2021-07-19 18:00:00,2021,7,19,18,0,33,33437,Intersection D936 et C204,44.8548,-0.073283,Plein jour,Hors agglomération,Intersection en X,Normale,Deux véhicules - côté,3,2,3,0,1,1,1,5,1,80,,3,1,0,1,1,61.0,79.0,,,1,1,2,1,3
202100028202,2021-07-18 18:15:00,2021,7,18,18,15,11,11304,RD 117,42.879974,2.165272,Plein jour,Hors agglomération,Hors intersection,Normale,Autre collision,3,2,2,0,2,1,1,0,1,80,,2,0,0,2,0,54.0,,,,1,1,1,1,6
202100028203,2021-07-18 12:15:00,2021,7,18,12,15,12,12253,D993,44.161123,2.806465,Plein jour,Hors agglomération,Hors intersection,Normale,Deux véhicules - arrière,3,2,2,0,1,1,1,0,1,90,,2,0,0,0,2,34.0,65.0,,,1,1,1,1,2
202100028204,2021-07-19 17:25:00,2021,7,19,17,25,68,68201,25 Route Joffre,47.778703,7.002625,Plein jour,En agglomération,Hors intersection,Normale,Deux véhicules - côté,3,2,2,0,2,1,1,0,1,50,,3,2,0,1,0,73.0,28.0,,,1,2,1,1,3
202100028205,2021-07-20 08:55:00,2021,7,20,8,55,22,22158,Coët Digo (Saint-Guen),48.210018,-2.917836,Plein jour,Hors agglomération,Intersection en T,Normale,Sans collision,2,2,0,0,2,3,1,5,3,80,,1,0,0,1,0,41.0,,,,1,1,3,1,7
202100028206,2021-07-19 19:30:00,2021,7,19,19,30,44,44038,Le Coin des Haies,47.129075,-2.025706,Plein jour,Hors agglomération,Hors intersection,Normale,Sans collision,4,2,2,0,1,1,1,9,8,80,,1,0,0,1,0,56.0,,,,1,1,1,1,7
202100028207,2021-07-18 18:45:00,2021,7,18,18,45,31,31100,Ferme du Vie,43.310967,1.625623,Plein jour,Hors agglomération,Hors intersection,Normale,Autre collision,3,2,2,0,2,2,1,0,1,80,,1,0,0,1,0,42.0,,,,1,1,1,1,6
202100028208,2021-07-19 20:00:00,2021,7,19,20,0,31,31135,Chemin de Camparaou,43.230297,1.097142,Plein jour,Hors agglomération,Hors intersection,Normale,Autre collision,4,1,1,3,1,1,1,0,1,80,,3,2,0,1,0,19.0,,,,1,1,1,1,6
202100028209,2021-07-20 17:08:00,2021,7,20,17,8,38,38126,D512,45.227332,5.758821,Plein jour,Hors agglomération,Intersection en Y,Normale,Deux véhicules - côté,7,2,2,0,2,4,1,0,1,70,,2,1,0,0,1,60.0,53.0,,,1,1,4,1,3
202100028210,2021-07-20 01:58:00,2021,7,20,1,58,38,38249,Route de Domène (Pont),45.222209,5.822201,Nuit sans éclairage public,Hors agglomération,Giratoire,Normale,Autre collision,3,1,2,0,3,1,1,0,4,70,,5,1,0,0,4,32.0,,,,3,1,6,1,6
202100028211,2021-07-20 08:44:00,2021,7,20,8,44,38,38022,Avenue Perriollat,45.634627,5.56111,Plein jour,En agglomération,Intersection en X,Normale,Deux véhicules - côté,3,2,2,0,1,1,1,0,1,50,,2,1,0,0,1,42.0,81.0,,,1,2,2,1,3
202100028212,2021-06-18 20:40:00,2021,6,18,20,40,38,38323,Route d Italie,45.533171,5.63248,Plein jour,Hors agglomération,Hors intersection,Normale,Autre collision,3,2,2,0,1,1,1,0,1,70,,2,1,0,1,0,24.0,72.0,,,1,1,1,1,6
202100028213,2021-07-20 13:15:00,2021,7,20,13,15,02,02558,39 Route de Boue,50.014844,3.774513,Plein jour,En agglomération,Hors intersection,Normale,Autre collision,3,2,2,0,1,1,1,0,4,50,,1,0,0,0,1,60.0,,,,1,2,1,1,6
202100028214,2021-07-19 17:10:00,2021,7,19,17,10,03,03254,RD46,46.317473,3.335155,Plein jour,Hors agglomération,Hors intersection,Normale,Trois véhicules et plus - en chaîne,3,2,2,0,1,1,1,0,1,90,,6,5,0,0,1,20.0,48.0,,,1,1,1,1,4
202100028215,2021-07-19 12:45:00,2021,7,19,12,45,01,01334,intersection D2 et route de la petite moussière,46.2208207689,4.9234011769,Plein jour,Hors agglomération,Intersection en X,Normale,Deux véhicules - côté,3,2,2,0,2,1,1,0,1,80,,2,1,0,1,0,28.0,71.0,,,1,1,2,1,3
202100028216,2021-07-19 18:30:00,2021,7,19,18,30,26,26303,Route des Princes d’Orange,44.300909,5.368774,Plein jour,Hors agglomération,Hors intersection,Normale,Autre collision,3,2,2,0,1,2,1,0,3,80,,1,0,0,1,0,51.0,,,,1,1,1,1,6
202100028217,2021-07-18 16:10:00,2021,7,18,16,10,72,72369,D30,47.722802,0.29522,Plein jour,Hors agglomération,Hors intersection,Temps éblouissant,Deux véhicules - côté,3,2,2,0,1,1,1,0,1,80,,2,1,0,1,0,76.0,55.0,,,1,1,1,7,3
202100028218,2021-07-20 15:45:00,2021,7,20,15,45,64,64495,1220 Chemin Karrika Zahara,43.358351,-1.601236,Plein jour,Hors agglomération,Intersection en Y,Normale,Sans collision,4,2,2,0,1,3,1,0,3,70,,1,0,0,1,0,55.0,,,,1,1,4,1,7
202100028219,2021-07-16 18:01:00,2021,7,16,18,1,10,10094,Ruelle du Clos Vauchelet,48.505979,4.567244,Plein jour,Hors agglomération,Hors intersection,Normale,Autre collision,4,2,2,0,2,1,1,0,3,50,,2,1,0,1,0,23.0,,,,1,1,1,1,6
202100028220,2021-07-16 17:28:00,2021,7,16,17,28,10,10193,D61,48.421255,4.417191,Plein jour,Hors agglomération,Hors intersection,Normale,Deux véhicules - arrière,3,2,2,0,1,1,1,0,1,80,,4,2,0,0,2,38.0,15.0,,,1,1,1,1,2
202100028221,2021-07-13 14:22:00,2021,7,13,14,22,36,36088,Place de la Croix de Pierre,46.947702,1.997125,Plein jour,En agglomération,Place,Normale,Autre collision,9,1,2,0,1,2,1,0,8,50,,2,1,0,1,0,28.0,,,,1,2,7,1,6
202100028222,2021-07-17 17:55:00,2021,7,17,17,55,16,16300,Lieu-dit Les Taillis de Palot,45.864138,0.30764,Plein jour,Hors agglomération,Hors intersection,Normale,Deux véhicules - frontale,3,2,2,0,2,3,1,0,1,80,,2,1,0,0,1,22.0,20.0,,,1,1,1,1,1
202100028223,2021-07-19 22:00:00,2021,7,19,22,0,07,07269,Rue Sauveyre,44.9321918599,4.3611555125,Nuit avec éclairage allumé,En agglomération,Hors intersection,Normale,Autre collision,3,2,2,0,1,2,1,0,1,50,,1,0,0,1,0,60.0,,,,5,2,1,1,6
202100028224,2021-07-20 13:20:00,2021,7,20,13,20,07,07017,,44.41539,4.162509,Plein jour,Hors agglomération,Intersection en T,Normale,Deux véhicules - côté,3,2,2,0,1,1,1,0,1,80,,2,1,0,0,1,19.0,59.0,,,1,1,3,1,3
202100028225,2021-07-20 10:15:00,2021,7,20,10,15,24,24392,Peneyral,44.956842,1.273298,Plein jour,En agglomération,Intersection en T,Normale,Deux véhicules - côté,3,2,2,0,1,1,1,0,1,50,,10,9,0,1,0,57.0,27.0,,,1,2,3,1,3
202100028226,2021-07-19 10:45:00,2021,7,19,10,45,85,85128,Route de Champagne,46.451027,-1.154782,Plein jour,En agglomération,Hors intersection,Normale,Sans collision,3,2,2,0,1,2,1,0,3,50,,1,0,0,0,1,34.0,,,,1,2,1,1,7
202100028227,2021-07-20 19:00:00,2021,7,20,19,0,85,85046,La Gouelle,46.68351,-1.30203,Plein jour,Hors agglomération,Hors intersection,Normale,Autre collision,3,2,2,0,1,2,1,0,3,80,,1,0,0,1,0,24.0,,,,1,1,1,1,6
202100028228,2021-07-20 10:40:00,2021,7,20,10,40,27,27682,Vesly,49.236949,1.64715,Plein jour,Hors agglomération,Intersection en X,Normale,Deux véhicules - côté,4,2,2,0,1,1,1,0,1,80,,2,1,0,1,0,52.0,58.0,,,1,1,2,1,3
202100028229,2021-07-20 11:35:00,2021,7,20,11,35,17,17218,83 Rue d Aligre,46.307084,-0.991351,Plein jour,En agglomération,Hors intersection,Temps éblouissant,Autre collision,3,2,2,0,1,1,1,0,1,50,,2,1,0,1,0,64.0,,,,1,2,1,7,6
202100028230,2021-07-19 16:00:00,2021,7,19,16,0,30,30235,D6086,43.919381,4.533427,Plein jour,Hors agglomération,Hors intersection,Normale,Deux véhicules - frontale,3,2,2,0,2,1,1,0,1,80,,4,0,0,3,1,19.0,26.0,,,1,1,1,1,1
202100028231,2021-07-20 16:30:00,2021,7,20,16,30,48,48010,RD 26 PK 12+500,44.77425,3.731242,Plein jour,Hors agglomération,Hors intersection,Normale,Sans collision,3,2,2,0,2,2,1,0,1,90,,1,0,0,0,1,30.0,,,,1,1,1,1,7
202100028232,2021-07-20 09:45:00,2021,7,20,9,45,49,49261,quai de la loire,47.34972,-0.226529,Plein jour,En agglomération,Autre intersection,Normale,Autre collision,3,2,2,0,1,1,1,0,1,50,,2,1,0,1,0,49.0,,,,1,2,9,1,6
202100028233,2021-07-19 08:15:00,2021,7,19,8,15,63,63116,A71 PR 368+600 sens province vers paris,45.985781,3.108444,Plein jour,Hors agglomération,Hors intersection,Normale,Trois véhicules et plus - collisions multiples,1,3,4,0,1,1,1,0,1,130,,6,4,0,1,1,34.0,30.0,,,1,1,1,1,5
202100028234,2021-07-16 16:55:00,2021,7,16,16,55,90,90080,autoroute A36,47.660835,6.948402,Plein jour,Hors agglomération,Autre intersection,Pluie légère,Trois véhicules et plus - collisions multiples,1,3,4,0,1,1,2,9,1,130,,6,5,0,0,1,49.0,44.0,,,1,1,9,2,5
202100028235,2021-07-19 12:50:00,2021,7,19,12,50,86,86083,A10,46.507657,0.181364,Plein jour,Hors agglomération,Hors intersection,Normale,Deux véhicules - arrière,1,3,2,0,1,1,1,0,1,130,,3,1,0,2,0,25.0,54.0,,,1,1,1,1,2
202100028236,2021-07-20 11:30:00,2021,7,20,11,30,63,63113,A75 Pk 001.100,45.765921,3.138871,Plein jour,Hors agglomération,Hors intersection,Normale,Deux véhicules - arrière,1,3,4,3,1,1,1,0,1,90,,3,1,0,0,2,30.0,64.0,,,1,1,1,1,2
202100028237,2021-07-11 17:15:00,2021,7,11,17,15,21,21708,A 36 PK 213 sens MULHOUSE vers BEAUNE,47.045914,4.982901,Plein jour,Hors agglomération,Hors intersection,Normale,Deux véhicules - arrière,1,3,4,0,1,1,1,0,1,130,,3,1,0,1,1,53.0,24.0,,,1,1,1,1,2
202100028238,2021-07-18 10:20:00,2021,7,18,10,20,13,13032,Route de Berre,43.541954,5.368356,Plein jour,Hors agglomération,Giratoire,Normale,Deux véhicules - arrière,7,2,2,0,1,2,1,0,1,80,,2,1,0,0,1,62.0,42.0,,,1,1,6,1,2
202100028239,2021-07-19 17:28:00,2021,7,19,17,28,971,97103,Lieu Dit Chantilly,16.236519,-61.616654,Plein jour,En agglomération,Hors intersection,Normale,Autre collision,4,2,2,0,1,1,1,0,8,70,,1,0,1,0,0,21.0,,,,1,2,1,1,6
202100028240,2021-07-20 12:00:00,2021,7,20,12,0,37,37110,24 Rue de l Europe,47.3079039005,1.0750368924,Plein jour,En agglomération,Hors intersection,Normale,Autre collision,4,2,2,0,1,1,1,0,1,50,,2,1,0,1,0,26.0,,,,1,2,1,1,6
202100028241,2021-07-11 20:45:00,2021,7,11,20,45,2B,2B307,Suaglione,42.384471,9.530302,Nuit avec éclairage allumé,En agglomération,Hors intersection,Normale,Deux véhicules - côté,2,2,2,0,1,1,1,0,1,70,,2,0,0,1,1,34.0,46.0,,,5,2,1,1,3
202100028242,2021-07-20 03:40:00,2021,7,20,3,40,2B,2B337,RT20,42.475318,9.262547,Nuit sans éclairage public,Hors agglomération,Hors intersection,Normale,Sans collision,2,2,2,0,1,3,1,2,1,80,,1,0,0,1,0,49.0,,,,3,1,1,1,7
202100028243,2021-07-20 03:25:00,2021,7,20,3,25,2B,2B093,ZA CORABARA - RT 30,42.611317,8.891501,Nuit avec éclairage allumé,Hors agglomération,Hors intersection,Normale,Trois véhicules et plus - en chaîne,2,2,2,0,2,3,1,0,3,70,,1,0,0,0,1,38.0,,,,5,1,1,1,4
202100028244,2021-07-20 15:20:00,2021,7,20,15,20,83,83115,Route du Plan de la Tour,43.327262,6.592934,Plein jour,En agglomération,Intersection en T,Normale,Deux véhicules - frontale,3,2,2,0,1,1,1,0,1,70,,2,0,1,0,1,56.0,19.0,,,1,2,3,1,1
202100028245,2021-07-20 08:40:00,2021,7,20,8,40,68,68154,20 Avenue du Luxembourg,47.77136,7.369707,Plein jour,En agglomération,Intersection en Y,Temps éblouissant,Deux véhicules - côté,4,2,2,0,1,3,1,0,8,50,,2,1,0,0,1,20.0,61.0,,,1,2,4,7,3
202100028246,2021-07-20 15:55:00,2021,7,20,15,55,42,42328,Route du Mongenet,45.576051,3.98793,Plein jour,Hors agglomération,Hors intersection,Normale,Deux véhicules - frontale,3,2,1,0,2,1,1,0,1,80,,2,0,0,1,1,27.0,24.0,,,1,1,1,1,1
202100028247,2021-07-20 09:30:00,2021,7,20,9,30,38,38110,Route de Leveau,45.567812,4.878455,Plein jour,Hors agglomération,Hors intersection,Normale,Autre collision,3,2,2,0,1,2,1,0,3,70,,1,0,0,1,0,25.0,,,,1,1,1,1,6
202100028248,2021-07-20 15:30:00,2021,7,20,15,30,38,38158,Avenue du Maquis de l'Oisans,45.147455,5.75719,Plein jour,En agglomération,Hors intersection,Normale,Deux véhicules - côté,7,2,2,0,4,1,1,0,1,50,,3,2,0,1,0,23.0,57.0,,,1,2,1,1,3
202100028249,2021-07-20 07:45:00,2021,7,20,7,45,38,38001,croisement d1075 / d50 - la Batie Divisin,45.500933,5.592921,Plein jour,Hors agglomération,Intersection en Y,Normale,Deux véhicules - côté,3,2,2,0,1,1,1,5,1,80,,3,2,0,0,1,71.0,41.0,,,1,1,4,1,3
202100028250,2021-07-19 17:50:00,2021,7,19,17,50,26,26307, 24 Avenue des Pionniers du Vercors,45.022021,5.294852,Plein jour,En agglomération,Intersection en Y,Normale,Deux véhicules - frontale,3,2,2,0,2,3,1,0,1,50,,2,1,0,0,1,25.0,16.0,,,1,2,4,1,1
202100028251,2021-07-19 16:15:00,2021,7,19,16,15,07,07203,,44.808465,4.210188,Plein jour,Hors agglomération,Intersection en Y,Normale,Deux véhicules - côté,3,2,2,0,1,1,1,0,1,80,,2,1,0,1,0,39.0,53.0,,,1,1,4,1,3
202100028252,2021-07-20 08:00:00,2021,7,20,8,0,01,01249,Route de Strasbourg,45.866614,4.912654,Plein jour,En agglomération,Hors intersection,Temps éblouissant,Deux véhicules - côté,3,2,2,0,1,1,1,0,1,50,,2,1,0,1,0,26.0,50.0,,,1,2,1,7,3
202100028253,2021-07-16 06:55:00,2021,7,16,6,55,31,31395,Rue de Gascogne,43.456766,1.292921,Crépuscule ou aube,Hors agglomération,Hors intersection,Normale,Autre collision,3,2,2,0,1,1,1,0,1,80,,1,0,0,1,0,53.0,,,,2,1,1,1,6