accident_id,datetime,annee,mois,jour,heure,minute,departement,commune_insee,adresse,latitude,longitude,luminosite,agglomeration,intersection,meteo,collision,catr,circ,nbv,vosp,prof,plan,surf,infra,situ,vma,nb_vehicules,nb_usagers,nb_indemnes,nb_tues,nb_blesses_hosp,nb_blesses_legers,age_cond_1,age_cond_2,veh_type_cond_1,veh_type_cond_2,lum_code,agg_code,int_code,atm_code,col_code
202100028254,2021-07-19 19:00:00,2021,7,19,19,0,13,13071,A7-Sens Lyon vers Marseille,43.40434,5.34131,Plein jour,Hors agglomération,Hors intersection,Normale,Deux véhicules - arrière,1,1,4,0,1,1,1,0,1,110,,3,1,0,0,2,23.0,38.0,,,1,1,1,1,2
202100028255,2021-07-19 16:25:00,2021,7,19,16,25,13,13215,A7-Sens Marseille vers Lyon,43.36023,5.36228,Plein jour,Hors agglomération,Hors intersection,Normale,Deux véhicules - arrière,1,1,3,0,1,1,1,0,1,90,,2,1,0,0,1,22.0,20.0,,,1,1,1,1,2
202100028256,2021-07-16 16:30:00,2021,7,16,16,30,83,83129,A50,43.1206210783,5.8429957461,Plein jour,Hors agglomération,Hors intersection,Normale,Trois véhicules et plus - en chaîne,1,3,6,0,1,1,1,0,1,110,,10,5,0,1,4,39.0,42.0,,,1,1,1,1,4
202100028257,2021-07-19 10:00:00,2021,7,19,10,0,33,33003,AUTOROUTE A 10,44.927571,-0.471307,Plein jour,Hors agglomération,Hors intersection,Normale,Sans collision,1,3,7,0,1,1,1,3,1,130,,1,0,0,1,0,44.0,,,,1,1,1,1,7
202100028258,2021-07-15 10:10:00,2021,7,15,10,10,62,62274,AUTOROUTE A1,50.439311,2.97354,Plein jour,Hors agglomération,Hors intersection,Normale,Deux véhicules - côté,1,3,6,0,1,1,1,0,1,110,,2,1,0,0,1,38.0,,,,1,1,1,1,3
202100028259,2021-07-19 11:20:00,2021,7,19,11,20,91,91377,AUTOROUTE A10,48.7229811815,2.2972054481,Plein jour,Hors agglomération,Hors intersection,Normale,Deux véhicules - arrière,1,1,3,0,1,1,1,0,1,90,,2,1,0,0,1,24.0,41.0,,,1,1,1,1,2
202100028260,2021-07-19 07:45:00,2021,7,19,7,45,91,91589,AUTOROUTE A6,48.67454,2.34221,Plein jour,Hors agglomération,Hors intersection,Normale,Deux véhicules - côté,1,1,3,0,1,1,1,0,1,110,,2,1,0,0,1,42.0,40.0,,,1,1,1,1,3
202100028261,2021-07-18 03:35:00,2021,7,18,3,35,91,91589,AUTOROUTE A6,48.676755,2.33901,Nuit sans éclairage public,Hors agglomération,Hors intersection,Normale,Deux véhicules - arrière,1,1,3,0,3,1,1,0,1,110,,2,1,0,0,1,51.0,38.0,,,3,1,1,1,2
202100028262,2021-07-19 05:15:00,2021,7,19,5,15,95,95582,A15,48.9701,2.2499,Nuit sans éclairage public,Hors agglomération,Hors intersection,Normale,Deux véhicules - arrière,1,3,8,0,1,1,1,0,1,90,,2,1,0,1,0,22.0,34.0,,,3,1,1,1,2
202100028263,2021-07-19 03:15:00,2021,7,19,3,15,95,95241,RN 104,49.05214,2.42813,Nuit sans éclairage public,Hors agglomération,Hors intersection,Normale,Autre collision,2,3,4,0,1,1,1,0,1,110,,2,1,0,0,1,,,,,3,1,1,1,6
202100028264,2021-07-16 16:50:00,2021,7,16,16,50,69,69264,HERON  PHILIPPE (R),45.9890894887,4.7097934931,Plein jour,En agglomération,Hors intersection,Normale,Sans collision,4,1,2,0,1,1,1,0,1,50,,2,1,0,0,1,32.0,21.0,,,1,2,1,1,7
202100028265,2021-07-18 12:50:00,2021,7,18,12,50,06,06029,MACE (RUE),43.5507,7.02175,Plein jour,En agglomération,Hors intersection,Normale,Autre collision,4,2,1,0,1,1,1,0,1,50,,2,1,0,0,1,25.0,,,,1,2,1,1,6
202100028266,2021-03-26 10:10:00,2021,3,26,10,10,74,74236,Rte de Megeve,45.8947175751,6.6981625557,Plein jour,Hors agglomération,Intersection en T,Normale,Deux véhicules - côté,3,2,2,0,2,1,1,0,1,80,,2,1,0,1,0,39.0,48.0,,,1,1,3,1,3
202100028267,2021-07-18 02:20:00,2021,7,18,2,20,976,97611,mamoudzou centre-Cinema Alpajoe (rue du),-12.78128,45.22992,Nuit sans éclairage public,En agglomération,Hors intersection,Normale,Autre collision,4,1,1,0,4,1,1,0,1,50,,1,0,0,0,1,33.0,,,,3,2,1,1,6
202100028268,2021-07-18 16:45:00,2021,7,18,16,45,976,97611,mamoudzou centre-RP Passot quai colas (R,-12.777,45.23183,Crépuscule ou aube,En agglomération,Hors intersection,Normale,Autre collision,2,2,2,0,1,1,1,0,1,50,,2,1,0,0,1,,,,,2,2,1,1,6
202100028269,2021-07-17 20:00:00,2021,7,17,20,0,974,97416,RN02,-21.3338,55.48396,Nuit sans éclairage public,Hors agglomération,Hors intersection,Normale,Autre collision,2,2,2,0,1,1,1,0,1,70,,2,1,0,1,0,53.0,,,,3,1,1,1,6
202100028270,2021-07-18 20:30:00,2021,7,18,20,30,974,97411,RAMBAUD (LEOPOLD),-20.88567,55.49629,Nuit avec éclairage allumé,Hors agglomération,Hors intersection,Pluie forte,Autre collision,2,3,2,0,2,2,2,0,1,90,,1,0,0,0,1,23.0,,,,5,1,1,3,6
202100028271,2021-07-18 10:40:00,2021,7,18,10,40,974,97411,AUBER (RUE JULES),-20.87828,55.45264,Plein jour,En agglomération,Autre intersection,Normale,Autre collision,4,1,1,0,2,1,1,9,1,30,,3,2,0,0,1,46.0,,,,1,2,9,1,6
202100028272,2021-07-18 18:30:00,2021,7,18,18,30,973,97302,MANGO (ROUTE),4.9317471793,-52.3174234201,Plein jour,En agglomération,Hors intersection,Normale,Deux véhicules - côté,4,2,2,0,1,1,1,0,1,50,,2,1,0,0,1,,36.0,,,1,2,1,1,3
202100028273,2021-07-18 10:50:00,2021,7,18,10,50,973,97302,ZEPHIR (ROCADE),4.93573,-52.30272,Plein jour,En agglomération,Intersection en T,Normale,Deux véhicules - côté,3,2,1,0,1,1,1,0,1,50,,4,3,0,1,0,63.0,30.0,,,1,2,3,1,3
202100028274,2021-07-17 12:41:00,2021,7,17,12,41,973,97302,MONTABO (ROUTE DE) 2,4.936430189,-52.2966070176,Plein jour,En agglomération,Hors intersection,Normale,Deux véhicules - côté,3,2,1,0,1,1,1,0,1,50,,3,1,0,0,2,26.0,16.0,,,1,2,1,1,3
202100028275,2021-06-29 17:40:00,2021,6,29,17,40,69,69386,BELLECOMBE (DE) (R),45.7682,4.8632,Plein jour,En agglomération,Intersection en X,Normale,Deux véhicules - côté,4,1,1,2,1,1,1,0,1,50,,2,1,0,0,1,41.0,61.0,,,1,2,2,1,3
202100028276,2021-07-18 13:25:00,2021,7,18,13,25,972,97209,RD 41 (ROCADE),14.61642,-61.07456,Plein jour,Hors agglomération,Hors intersection,Normale,Autre collision,3,1,6,0,4,3,1,0,1,70,,3,1,0,0,2,46.0,,,,1,1,1,1,6
202100028277,2021-07-17 11:30:00,2021,7,17,11,30,972,97209,CHEVALIER SAINTE-MARTHE (BOULEVARD),14.6040821089,-61.0654688784,Plein jour,En agglomération,Hors intersection,Normale,Deux véhicules - côté,4,2,2,0,1,1,1,0,1,50,,2,1,0,0,1,41.0,19.0,,,1,2,1,1,3
202100028278,2021-07-16 08:35:00,2021,7,16,8,35,69,69149,EUROPE (DE L') (BD),45.70944,4.80561,Plein jour,En agglomération,Autre intersection,Pluie légère,Deux véhicules - frontale,4,2,2,0,1,2,2,0,1,50,,2,0,0,0,2,69.0,22.0,,,1,2,9,2,1
202100028279,2021-07-17 19:13:00,2021,7,17,19,13,95,95323,ECANCOURT (BOULEVARD D'),49.01085,2.04618,Plein jour,En agglomération,Hors intersection,Temps éblouissant,Deux véhicules - côté,4,2,2,0,2,1,1,0,1,50,,2,1,0,1,0,3.0,42.0,,,1,2,1,7,3
202100028280,2021-07-16 13:15:00,2021,7,16,13,15,83,83129,KENNEDY (AVENUE J.)N°PAIRS 2A2560,43.1077455676,5.8333218098,Plein jour,En agglomération,Hors intersection,Temps éblouissant,Deux véhicules - côté,7,2,2,0,2,1,1,0,1,50,,2,1,0,0,1,57.0,32.0,,,1,2,1,7,3
202100028281,2021-07-14 19:21:00,2021,7,14,19,21,83,83129,LAENNEC (AVENUE DE) N° PAIRS,43.088883,5.828623,Plein jour,En agglomération,Autre intersection,Normale,Deux véhicules - côté,7,2,2,0,1,2,1,9,1,50,,5,3,0,1,1,30.0,60.0,,,1,2,9,1,3
202100028282,2021-07-18 20:42:00,2021,7,18,20,42,79,79191,Quai de la Préfecture,46.32461,-0.46693,Plein jour,En agglomération,Intersection en T,Normale,Deux véhicules - côté,4,2,2,0,2,1,1,0,1,50,,2,1,0,1,0,20.0,24.0,,,1,2,3,1,3
202100028283,2021-07-18 02:20:00,2021,7,18,2,20,78,78551,RN 184,48.92096,2.08185,Nuit sans éclairage public,Hors agglomération,Hors intersection,Normale,Deux véhicules - arrière,2,2,0,0,1,1,1,0,1,50,,3,2,0,0,1,50.0,21.0,,,3,1,1,1,2
202100028284,2021-07-17 02:55:00,2021,7,17,2,55,74,74012,FLORISSANT (AVENUE),46.19127,6.24337,Nuit avec éclairage allumé,En agglomération,Giratoire,Normale,Deux véhicules - arrière,4,2,2,0,1,1,1,0,1,50,,3,2,0,0,1,48.0,29.0,,,5,2,6,1,2
202100028285,2021-07-18 23:15:00,2021,7,18,23,15,69,69256,GENAS (DE) (RTE),45.74787,4.92186,Nuit avec éclairage allumé,En agglomération,Hors intersection,Normale,Autre collision,7,2,2,3,1,1,1,0,4,50,,1,0,0,1,0,22.0,,,,5,2,1,1,6
202100028286,2021-07-18 18:33:00,2021,7,18,18,33,69,69256,EMILE ZOLA (R),45.77666,4.92115,Plein jour,En agglomération,Intersection en T,Temps éblouissant,Deux véhicules - arrière,4,2,2,3,1,1,1,0,1,50,,3,1,0,0,2,27.0,16.0,,,1,2,3,7,2
202100028287,2021-07-18 15:45:00,2021,7,18,15,45,69,69256,LENINE - MAS DU TAUREAU (PD),45.7856,4.91049,Plein jour,En agglomération,Autre intersection,Normale,Autre collision,9,-1,0,3,1,1,1,6,6,10,,2,1,0,0,1,,,,,1,2,9,1,6
202100028288,2021-07-17 16:15:00,2021,7,17,16,15,59,59392,EUROPE (BOULEVARD DE L'),50.2775947247,3.9672996104,Plein jour,En agglomération,Hors intersection,Normale,Sans collision,3,1,4,0,1,1,1,0,3,50,,2,1,0,0,1,50.0,,,,1,2,1,1,7
202100028289,2021-07-18 11:03:00,2021,7,18,11,3,59,59350,MILLET FRANCOIS RUE,50.62991,3.0265,Plein jour,En agglomération,Hors intersection,Normale,Autre collision,4,1,2,2,1,1,1,0,4,50,,2,1,0,1,0,,,,,1,2,1,1,6
202100028290,2021-07-18 00:00:00,2021,7,18,0,0,59,59350,VAUBAN BOULEVARD N° RESTE,50.6344189558,3.0487852545,Nuit avec éclairage allumé,En agglomération,Intersection en T,Normale,Deux véhicules - côté,4,2,2,0,1,1,1,5,1,50,,4,3,0,0,1,39.0,25.0,,,5,2,3,1,3
202100028291,2021-07-17 16:35:00,2021,7,17,16,35,59,59317,ROUTE DEPARTEMENTALE 945,50.6985,2.9284,Plein jour,Hors agglomération,Giratoire,Normale,Deux véhicules - côté,7,2,2,2,1,1,1,5,1,70,,2,1,0,0,1,70.0,58.0,,,1,1,6,1,3
202100028292,2021-07-18 23:50:00,2021,7,18,23,50,54,54395,STANISLAS (PLACE ET PORTE),48.69109,6.17518,Nuit avec éclairage allumé,En agglomération,Intersection en T,Normale,Deux véhicules - côté,4,1,4,0,1,1,1,5,1,50,,3,2,0,0,1,22.0,42.0,,,5,2,3,1,3
202100028293,2021-07-18 12:45:00,2021,7,18,12,45,50,50165,D 135E,48.852953,-1.5631,Plein jour,En agglomération,Hors intersection,Normale,Deux véhicules - côté,3,2,2,0,2,1,1,5,1,30,,3,1,0,0,2,60.0,23.0,,,1,2,1,1,3
202100028294,2021-07-18 06:30:00,2021,7,18,6,30,35,35238,CLEMENCEAU (BD GEORGES),48.09451,-1.68526,Crépuscule ou aube,En agglomération,Hors intersection,Normale,Autre collision,4,2,2,2,1,1,1,0,1,50,,1,0,0,0,1,38.0,,,,2,2,1,1,6
202100028295,2021-07-19 02:20:00,2021,7,19,2,20,33,33529,Avenue Vulcain,44.61393,-1.11923,Nuit sans éclairage public,Hors agglomération,Intersection en X,Normale,Autre collision,4,2,2,0,1,3,1,5,1,50,,1,0,0,0,1,17.0,,,,3,1,2,1,6
202100028296,2021-07-18 08:50:00,2021,7,18,8,50,32,32013,CORPS FRANC POMMIES (AVENUE DU),43.63054,0.58127,Plein jour,Hors agglomération,Hors intersection,Normale,Autre collision,6,-1,-1,0,1,1,1,0,8,30,,1,0,0,0,1,65.0,,,,1,1,1,1,6
202100028297,2021-07-18 17:30:00,2021,7,18,17,30,31,31555,FENOUILLET (CHE DE) DU 8AU 201,43.64418,1.41503,Plein jour,En agglomération,Hors intersection,Normale,Deux véhicules - arrière,4,2,2,0,1,1,1,0,1,50,,3,2,0,0,1,18.0,28.0,,,1,2,1,1,2
202100028298,2021-07-17 15:20:00,2021,7,17,15,20,26,26198,Route Nationale 7,44.5539,4.7306,Plein jour,En agglomération,Hors intersection,Normale,Trois véhicules et plus - collisions multiples,2,2,2,0,1,1,1,2,1,80,,3,2,0,0,1,37.0,38.0,,,1,2,1,1,5
202100028299,2021-07-18 00:30:00,2021,7,18,0,30,22,22113,RESISTANCE (AVENUE DE LA),48.74593,-3.46049,Nuit avec éclairage allumé,En agglomération,Autre intersection,Normale,Deux véhicules - côté,6,-1,-1,0,1,1,1,0,1,50,,2,1,0,1,0,,19.0,,,5,2,9,1,3
202100028300,2021-07-18 21:35:00,2021,7,18,21,35,22,22113,KERMARIA (PONT DE),48.72799,-3.45782,Plein jour,En agglomération,Giratoire,Normale,Deux véhicules - côté,3,2,2,0,1,2,1,2,1,50,,2,1,0,0,1,21.0,17.0,,,1,2,6,1,3
202100028301,2021-07-15 12:16:00,2021,7,15,12,16,17,17306,PINSONS (DES),45.64406,-1.02805,Plein jour,En agglomération,Hors intersection,Normale,Deux véhicules - côté,4,2,2,0,1,2,1,0,1,50,,2,0,0,0,2,66.0,73.0,,,1,2,1,1,3
202100028302,2021-07-17 08:30:00,2021,7,17,8,30,16,16089,,45.68195,-0.29872,Plein jour,Hors agglomération,Hors intersection,Normale,Deux véhicules - frontale,2,2,2,0,1,1,1,0,1,70,,3,2,1,0,0,30.0,25.0,,,1,1,1,1,1
202100028303,2021-07-17 17:55:00,2021,7,17,17,55,14,14333,D580,49.41781,0.23997,Plein jour,En agglomération,Giratoire,Normale,Deux véhicules - côté,3,1,1,0,1,3,1,0,1,50,,2,1,0,0,1,74.0,28.0,,,1,2,6,1,3
202100028304,2021-07-18 06:00:00,2021,7,18,6,0,13,13216,ROVE (ROUTE DU),43.36072,5.28629,Crépuscule ou aube,En agglomération,Autre intersection,Normale,Deux véhicules - frontale,7,2,2,0,2,3,1,0,1,50,,5,0,0,0,5,20.0,22.0,,,2,2,9,1,1
202100028305,2021-07-18 06:10:00,2021,7,18,6,10,13,13207,Corniche John Fitzgérald Kennedy,43.2766456055,5.3577798601,Crépuscule ou aube,En agglomération,Hors intersection,Normale,Deux véhicules - arrière,4,3,2,0,2,1,1,0,1,50,,3,1,0,0,2,23.0,,,,2,2,1,1,2
202100028306,2021-07-18 05:00:00,2021,7,18,5,0,13,13210,RABATAU (BOULEVARD),43.2765,5.39774,Nuit avec éclairage allumé,En agglomération,Hors intersection,Normale,Autre collision,7,2,4,0,1,1,1,0,1,50,,2,1,0,0,1,,,,,5,2,1,1,6
202100028307,2021-07-17 09:10:00,2021,7,17,9,10,13,13204,ALEX. FLEMING (BOULEVARD),43.3166272454,5.3975235229,Plein jour,En agglomération,Hors intersection,Normale,Deux véhicules - arrière,4,1,2,0,1,1,1,0,1,50,,2,1,0,0,1,40.0,62.0,,,1,2,1,1,2
202100028308,2021-07-17 16:00:00,2021,7,17,16,0,13,13028,KENNEDY (AVENUE PRESIDENT JOHN FITZGERAL,43.1792831791,5.6035751732,Plein jour,En agglomération,Hors intersection,Normale,Deux véhicules - côté,4,2,2,0,1,1,1,0,1,50,,3,0,0,0,3,79.0,79.0,,,1,2,1,1,3
202100028309,2021-07-18 08:45:00,2021,7,18,8,45,13,13001,CHATEAU DOUBLE (BD),43.53186,5.42373,Plein jour,En agglomération,Giratoire,Normale,Deux véhicules - côté,7,4,1,0,1,2,1,0,1,50,,2,1,0,0,1,38.0,88.0,,,1,2,6,1,3
202100028310,2021-07-18 20:20:00,2021,7,18,20,20,06,06088,BISCHOFFSHEIM (BD),43.713188,7.296111,Plein jour,En agglomération,Hors intersection,Normale,Autre collision,7,2,2,0,2,1,1,0,1,50,,2,0,0,2,0,23.0,,,,1,2,1,1,6
202100028311,2021-07-18 13:10:00,2021,7,18,13,10,06,06123,OSSOLA JEAN BOULEVARD,43.666077,7.19021,Plein jour,En agglomération,Autre intersection,Normale,Deux véhicules - côté,4,2,1,0,3,1,1,0,1,50,,3,1,0,0,2,25.0,19.0,,,1,2,9,1,3
202100028312,2021-07-17 09:23:00,2021,7,17,9,23,03,03262,RCEA-  RN 145,46.376083,2.593658,Plein jour,Hors agglomération,Hors intersection,Normale,Deux véhicules - frontale,2,1,4,0,1,1,1,9,1,110,,2,0,0,2,0,93.0,23.0,,,1,1,1,1,1
202100028313,2021-07-18 00:04:00,2021,7,18,0,4,75,75105,QUAI SAINT BERNARD,48.849393,2.356807,Nuit avec éclairage allumé,En agglomération,Intersection en X,Normale,Deux véhicules - côté,4,2,5,0,1,1,1,0,1,50,,2,0,0,0,2,23.0,31.0,,,5,2,2,1,3
202100028314,2021-07-18 13:25:00,2021,7,18,13,25,75,75118,RUE BELLIARD,48.897059,2.340939,Plein jour,En agglomération,Hors intersection,Normale,Sans collision,4,1,1,0,1,1,1,0,1,50,,1,0,0,0,1,33.0,,,,1,2,1,1,7
202100028315,2021-07-18 11:55:00,2021,7,18,11,55,75,75118,RUE CUSTINE,48.888866,2.346528,Plein jour,En agglomération,Intersection à plus de 4 branches,Normale,Deux véhicules - côté,4,2,2,0,1,1,1,0,1,50,,2,1,0,0,1,28.0,48.0,,,1,2,5,1,3
202100028316,2021-07-18 20:10:00,2021,7,18,20,10,75,75117,RUE TORRICELLI,48.880916,2.292127,Crépuscule ou aube,En agglomération,Intersection en X,Normale,Deux véhicules - côté,4,1,1,0,1,1,1,0,1,50,,2,1,0,0,1,45.0,38.0,,,2,2,2,1,3
202100028317,2021-07-18 20:15:00,2021,7,18,20,15,75,75107,RUE DE BABYLONE,48.851751,2.317794,Plein jour,En agglomération,Hors intersection,Normale,Autre collision,4,1,1,0,1,1,1,0,1,50,,2,0,0,0,2,21.0,,,,1,2,1,1,6
202100028318,2021-07-18 17:10:00,2021,7,18,17,10,75,75115,RUE DE DANTZIG,48.835527,2.300689,Plein jour,En agglomération,Intersection en X,Normale,Sans collision,4,2,2,0,1,1,1,0,1,30,,1,0,0,0,1,43.0,,,,1,2,2,1,7
202100028319,2021-07-18 19:15:00,2021,7,18,19,15,75,75113,BOULEVARD MASSENA,48.824165,2.376803,Plein jour,En agglomération,Intersection en X,Normale,Deux véhicules - côté,4,3,3,0,1,1,1,0,1,50,,3,2,0,0,1,40.0,,,,1,2,2,1,3
202100028320,2021-07-18 16:20:00,2021,7,18,16,20,75,75111,BOULEVARD VOLTAIRE,48.864729,2.3685,Plein jour,En agglomération,Hors intersection,Normale,Autre collision,4,2,2,0,1,1,1,0,1,50,,2,1,0,0,1,41.0,,,,1,2,1,1,6
202100028321,2021-07-18 20:40:00,2021,7,18,20,40,75,75110,RUE DE DUNKERQUE,48.88024,2.353651,Plein jour,En agglomération,Intersection en X,Normale,Deux véhicules - côté,4,1,2,0,1,1,1,0,1,30,,2,1,0,0,1,22.0,63.0,,,1,2,2,1,3
202100028322,2021-07-18 01:10:00,2021,7,18,1,10,75,75105,QUAI SAINT BERNARD,48.846855,2.360967,Nuit avec éclairage allumé,En agglomération,Intersection en T,Normale,Deux véhicules - frontale,4,2,4,3,1,1,1,0,6,50,,2,1,0,0,1,20.0,31.0,,,5,2,3,1,1
202100028323,2021-07-18 19:40:00,2021,7,18,19,40,75,75107,RUE ARISTIDE BRIAND,48.861587,2.319335,Plein jour,En agglomération,Intersection en T,Normale,Deux véhicules - frontale,4,2,2,0,1,1,1,0,1,50,,2,1,0,0,1,65.0,22.0,,,1,2,3,1,1
202100028324,2021-07-18 03:05:00,2021,7,18,3,5,75,75109,RUE LA FAYETTE,48.876053,2.34468,Nuit sans éclairage public,En agglomération,Intersection en Y,Normale,Autre collision,4,2,4,0,1,1,1,0,4,30,,2,1,0,0,1,22.0,,,,3,2,4,1,6
202100028325,2021-07-18 18:10:00,2021,7,18,18,10,94,94052,Rue Hoche,48.83366,2.49068,Plein jour,En agglomération,Autre intersection,Normale,Sans collision,4,2,2,0,1,1,1,0,1,30,,2,1,0,0,1,34.0,56.0,,,1,2,9,1,7
202100028326,2021-07-18 17:50:00,2021,7,18,17,50,94,94016,Rue Gabriel Péri,48.7917,2.3437,Plein jour,En agglomération,Intersection en Y,Normale,Deux véhicules - frontale,3,2,2,0,1,1,1,0,1,50,,2,0,0,0,2,31.0,36.0,,,1,2,4,1,1
202100028327,2021-07-18 18:50:00,2021,7,18,18,50,94,94028,MITTERAND (Rue François),48.7692,2.4657,Plein jour,En agglomération,Hors intersection,Normale,Deux véhicules - côté,3,2,2,0,1,3,1,0,1,30,,2,1,0,0,1,14.0,41.0,,,1,2,1,1,3
202100028328,2021-07-18 15:20:00,2021,7,18,15,20,94,94011,SEMARD(RUE PIERRE),48.76285,2.47846,Plein jour,En agglomération,Hors intersection,Normale,Deux véhicules - arrière,4,1,2,0,1,2,1,0,1,50,,3,2,0,0,1,43.0,23.0,,,1,2,1,1,2
202100028329,2021-07-18 15:20:00,2021,7,18,15,20,94,94017,BOILEAU (AV),48.8045,2.55337,Plein jour,En agglomération,Hors intersection,Normale,Deux véhicules - côté,3,-1,0,0,1,1,1,0,1,50,,1,0,0,0,1,75.0,,,,1,2,1,1,3
202100028330,2021-07-18 13:00:00,2021,7,18,13,0,93,93066,GENERAL JOINVILLE,48.93553,2.3674,Plein jour,En agglomération,Hors intersection,Normale,Deux véhicules - frontale,4,1,2,1,1,3,1,0,1,50,,2,1,0,0,1,34.0,,,,1,2,1,1,1
202100028331,2021-07-18 16:22:00,2021,7,18,16,22,93,93066,COURNEUVE (ROUTE),48.932963,2.37404,Plein jour,En agglomération,Hors intersection,Normale,Trois véhicules et plus - en chaîne,3,1,2,1,1,1,1,0,1,50,,3,2,0,0,1,57.0,34.0,,,1,2,1,1,4
202100028332,2021-07-17 22:10:00,2021,7,17,22,10,93,93055,JEAN LOLIVE (AVENUE)(137/FIN ET 134/FIN),48.8930313052,2.4128029346,Nuit sans éclairage public,En agglomération,Hors intersection,Normale,Deux véhicules - côté,3,1,2,0,1,1,1,0,1,50,,2,1,0,0,1,,28.0,,,3,2,1,1,3
202100028333,2021-07-18 11:13:00,2021,7,18,11,13,93,93048,PARIS (RUE DE),48.85643,2.42685,Plein jour,En agglomération,Hors intersection,Normale,Deux véhicules - arrière,3,2,2,0,1,1,1,0,1,50,,2,1,0,1,0,,,,,1,2,1,1,2
202100028334,2021-07-18 12:00:00,2021,7,18,12,0,93,93031,DIX HUIT JUIN 1940 (AVENUE DU),48.953392,2.307571,Plein jour,En agglomération,Hors intersection,Temps éblouissant,Deux véhicules - côté,3,2,4,0,1,1,1,0,1,50,,2,1,0,0,1,63.0,53.0,,,1,2,1,7,3
202100028335,2021-07-18 11:47:00,2021,7,18,11,47,93,93001,LOPEZ ET JULES MARTIN (RUE),48.915499,2.39995,Plein jour,En agglomération,Intersection en X,Normale,Deux véhicules - côté,3,2,2,0,1,1,1,0,1,50,,3,1,0,0,2,67.0,,,,1,2,2,1,3
202100028336,2021-07-18 03:00:00,2021,7,18,3,0,92,92064,MARCEL DASSAULT,48.852964,2.222814,Nuit avec éclairage allumé,En agglomération,Intersection en T,Normale,Deux véhicules - arrière,3,2,3,0,1,1,1,0,1,50,,2,1,0,0,1,24.0,25.0,,,5,2,3,1,2
202100028337,2021-07-17 09:30:00,2021,7,17,9,30,35,35064,D56,47.703293,-1.935396,Plein jour,Hors agglomération,Hors intersection,Normale,Autre collision,3,2,2,0,1,1,1,0,3,80,,2,1,0,1,0,75.0,,,,1,1,1,1,6
202100028338,2021-07-18 15:30:00,2021,7,18,15,30,54,54311,D126,48.6699037949,6.3233023891,Plein jour,Hors agglomération,Hors intersection,Normale,Sans collision,3,2,2,0,4,3,1,0,1,80,,1,0,0,1,0,43.0,,,,1,1,1,1,7
202100028339,2021-07-17 11:00:00,2021,7,17,11,0,24,24543,Gabillou,45.040272,0.380348,Plein jour,Hors agglomération,Hors intersection,Normale,Sans collision,3,2,2,0,1,1,1,0,1,70,,2,1,0,1,0,86.0,,,,1,1,1,1,7
202100028340,2021-07-10 16:20:00,2021,7,10,16,20,51,51531,Rue Maurice Denonvilliers,48.7874443489,4.9140308285,Plein jour,En agglomération,Hors intersection,Normale,Deux véhicules - frontale,4,2,2,0,1,3,1,0,1,30,,2,1,0,0,1,17.0,35.0,,,1,2,1,1,1
202100028341,2021-07-18 15:20:00,2021,7,18,15,20,22,22103,Rue de la Rance,48.561468,-2.006845,Plein jour,En agglomération,Intersection en X,Normale,Deux véhicules - côté,4,2,1,0,1,1,1,0,1,50,,2,0,0,1,1,28.0,80.0,,,1,2,2,1,3
202100028342,2021-07-19 16:00:00,2021,7,19,16,0,95,95487,D4,49.152291,2.253324,Plein jour,Hors agglomération,Giratoire,Normale,Deux véhicules - côté,3,1,2,0,1,2,1,0,1,50,,2,1,0,0,1,71.0,34.0,,,1,1,6,1,3
202100028343,2021-07-18 18:36:00,2021,7,18,18,36,81,81014,d68,43.565117,2.564927,Plein jour,En agglomération,Hors intersection,Normale,Autre collision,3,2,2,0,1,2,1,0,1,50,,1,0,0,1,0,32.0,,,,1,2,1,1,6
202100028344,2021-07-19 18:30:00,2021,7,19,18,30,28,28409,A11,48.27651,1.184206,Plein jour,Hors agglomération,Hors intersection,Normale,Autre collision,1,2,3,0,1,1,1,0,3,130,,3,2,0,1,0,81.0,,,,1,1,1,1,6
202100028345,2021-07-18 21:00:00,2021,7,18,21,0,68,68367,3 Rue de la Foret,48.06147,7.480086,Crépuscule ou aube,En agglomération,Hors intersection,Normale,Autre collision,3,2,2,0,1,1,1,0,4,50,,1,0,0,1,0,28.0,,,,2,2,1,1,6
202100028346,2021-07-18 23:00:00,2021,7,18,23,0,84,84056,Route de Violès,44.143329,4.941809,Nuit sans éclairage public,Hors agglomération,Hors intersection,Normale,Autre collision,3,-1,2,0,1,1,1,0,3,80,,3,1,1,0,1,27.0,,,,3,1,1,1,6
202100028347,2021-07-18 17:00:00,2021,7,18,17,0,12,12098,D920,44.550643,2.67855,Plein jour,Hors agglomération,Hors intersection,Normale,Deux véhicules - frontale,3,2,2,0,1,3,1,0,1,90,,4,1,0,1,2,71.0,52.0,,,1,1,1,1,1
202100028348,2021-07-17 03:15:00,2021,7,17,3,15,83,83048,1115 Boulevard Georges Selliez,43.201133,6.575645,Nuit avec éclairage allumé,En agglomération,Hors intersection,Normale,Deux véhicules - côté,3,2,2,0,1,4,1,0,1,50,,3,2,0,0,1,25.0,32.0,,,5,2,1,1,3
202100028349,2021-07-17 19:30:00,2021,7,17,19,30,67,67366,D1004,48.755736,7.330263,Plein jour,Hors agglomération,Hors intersection,Normale,Sans collision,3,2,2,0,2,1,1,0,1,80,,1,0,0,0,1,21.0,,,,1,1,1,1,7