accident_id,datetime,annee,mois,jour,heure,minute,departement,commune_insee,adresse,latitude,longitude,luminosite,agglomeration,intersection,meteo,collision,catr,circ,nbv,vosp,prof,plan,surf,infra,situ,vma,nb_vehicules,nb_usagers,nb_indemnes,nb_tues,nb_blesses_hosp,nb_blesses_legers,age_cond_1,age_cond_2,veh_type_cond_1,veh_type_cond_2,lum_code,agg_code,int_code,atm_code,col_code
202100028350,2021-07-19 00:30:00,2021,7,19,0,30,38,38400,Route de Grenoble,45.324641,5.589994,Nuit sans éclairage public,Hors agglomération,Hors intersection,Normale,Autre collision,3,2,2,0,1,1,1,0,1,80,,1,0,0,1,0,23.0,,,,3,1,1,1,6
202100028351,2021-07-14 11:00:00,2021,7,14,11,0,06,06025,Route des Iscles,43.830425,7.177473,Plein jour,Hors agglomération,Hors intersection,Normale,Deux véhicules - arrière,7,2,2,0,1,1,1,0,1,80,,2,1,0,1,0,65.0,20.0,,,1,1,1,1,2
202100028352,2021-06-19 16:30:00,2021,6,19,16,30,83,83091,D14,43.226868032,6.1221144226,Plein jour,Hors agglomération,Hors intersection,Normale,Deux véhicules - côté,3,2,2,0,1,1,1,0,1,80,,6,2,0,0,4,35.0,24.0,,,1,1,1,1,3
202100028353,2021-07-18 18:05:00,2021,7,18,18,5,62,62233,d142,50.3951492996,1.6892029345,Plein jour,Hors agglomération,Intersection en X,Normale,Deux véhicules - frontale,3,2,1,0,1,1,1,0,1,80,,5,3,0,2,0,40.0,26.0,,,1,1,2,1,1
202100028354,2021-07-11 17:10:00,2021,7,11,17,10,57,57619,Rue Bellevue,48.988664,7.348219,Plein jour,En agglomération,Hors intersection,Normale,Sans collision,4,2,2,0,3,1,1,0,8,50,,1,0,1,0,0,89.0,,,,1,2,1,1,7
202100028355,2021-07-16 12:35:00,2021,7,16,12,35,57,57599,D19,49.205377,6.471274,Plein jour,Hors agglomération,Intersection en X,Normale,Trois véhicules et plus - en chaîne,3,2,2,0,1,1,1,0,1,50,,3,1,0,0,2,24.0,58.0,,,1,1,2,1,4
202100028356,2021-07-19 07:45:00,2021,7,19,7,45,04,04203,RD 7,44.402821,6.295531,Plein jour,Hors agglomération,Hors intersection,Normale,Deux véhicules - frontale,3,2,2,0,2,3,1,0,1,80,,2,1,0,1,0,34.0,19.0,,,1,1,1,1,1
202100028357,2021-07-18 18:50:00,2021,7,18,18,50,51,51214,D70,48.980583,4.763796,Plein jour,Hors agglomération,Hors intersection,Temps éblouissant,Sans collision,3,2,2,0,3,2,1,0,3,80,,1,0,0,1,0,30.0,,,,1,1,1,7,7
202100028358,2021-07-19 14:15:00,2021,7,19,14,15,56,56201,Lieu Dit Stangala,48.121385,-3.531933,Plein jour,Hors agglomération,Hors intersection,Normale,Autre collision,3,2,2,0,2,2,1,0,3,80,,1,0,1,0,0,39.0,,,,1,1,1,1,6
202100028359,2021-07-18 19:00:00,2021,7,18,19,0,76,76021,Route de Mentheville,49.688764,0.416569,Plein jour,Hors agglomération,Hors intersection,Normale,Sans collision,3,2,2,0,1,2,1,0,3,80,,1,0,0,1,0,66.0,,,,1,1,1,1,7
202100028360,2021-07-19 00:16:00,2021,7,19,0,16,79,79242,,46.978927,-0.515301,Nuit sans éclairage public,Hors agglomération,Intersection en T,Normale,Deux véhicules - arrière,3,2,2,0,1,1,1,0,1,90,,2,0,0,0,1,,53.0,,,3,1,3,1,2
202100028361,2021-07-18 19:40:00,2021,7,18,19,40,2A,2A139,RT10,41.690476,9.329431,Plein jour,Hors agglomération,Hors intersection,Normale,Deux véhicules - côté,2,2,2,0,1,1,1,0,1,80,,3,2,0,0,1,21.0,56.0,,,1,1,1,1,3
202100028362,2021-07-19 10:00:00,2021,7,19,10,0,2B,2B150,T30,42.590184,8.836441,Plein jour,Hors agglomération,Hors intersection,Normale,Sans collision,2,2,2,0,2,1,1,0,1,70,,2,1,0,1,0,71.0,70.0,,,1,1,1,1,7
202100028363,2021-07-19 02:00:00,2021,7,19,2,0,2B,2B101,lieu dit QUERCETO,42.410475,9.355422,Nuit sans éclairage public,Hors agglomération,Hors intersection,Normale,Autre collision,3,2,2,0,1,2,1,0,8,80,,4,0,0,4,0,16.0,,,,3,1,1,1,6
202100028364,2021-07-19 18:00:00,2021,7,19,18,0,80,80070,D31,50.072125,2.343521,Plein jour,Hors agglomération,Hors intersection,Temps éblouissant,Deux véhicules - frontale,3,2,2,0,1,2,1,0,1,80,,3,2,0,1,0,40.0,30.0,,,1,1,1,7,1
202100028365,2021-07-16 14:30:00,2021,7,16,14,30,41,41126,aoutoroute A.85 PK 146+150,47.292469,1.281169,Plein jour,Hors agglomération,Autre intersection,Normale,Autre collision,1,1,2,0,1,1,1,0,8,130,,4,3,0,1,0,48.0,,,,1,1,9,1,6
202100028366,2021-07-18 16:50:00,2021,7,18,16,50,65,65022,RD 602- Route du Bergons,43.010091,-0.162293,Plein jour,Hors agglomération,Hors intersection,Normale,Sans collision,3,2,2,0,2,1,1,0,3,80,,1,0,0,1,0,58.0,,,,1,1,1,1,7
202100028367,2021-07-19 19:15:00,2021,7,19,19,15,71,71373,route des alpes,46.5026723975,5.0666026405,Plein jour,En agglomération,Intersection en T,Normale,Deux véhicules - côté,3,2,2,0,1,3,1,5,1,30,,2,1,0,1,0,19.0,85.0,,,1,2,3,1,3
202100028368,2021-07-19 14:10:00,2021,7,19,14,10,89,89197,D11,47.520968,4.095583,Plein jour,Hors agglomération,Hors intersection,Normale,Autre collision,3,2,2,0,1,1,1,0,3,80,,1,0,0,0,1,58.0,,,,1,1,1,1,6
202100028369,2021-07-16 15:15:00,2021,7,16,15,15,89,89405,16 Rue de l Abreuvoir,47.597907,3.423632,Plein jour,En agglomération,Hors intersection,Normale,Autre collision,3,2,2,0,1,1,1,0,4,50,,1,0,1,0,0,62.0,,,,1,2,1,1,6
202100028370,2021-07-18 18:15:00,2021,7,18,18,15,61,61176,Les Courtils,48.652294,-0.088883,Plein jour,Hors agglomération,Hors intersection,Normale,Autre collision,3,2,2,0,2,1,1,0,3,90,,1,0,0,0,1,46.0,,,,1,1,1,1,6
202100028371,2021-07-18 17:50:00,2021,7,18,17,50,55,55461,c1,49.387737,5.512685,Plein jour,Hors agglomération,Hors intersection,Normale,Deux véhicules - frontale,4,2,2,0,1,1,1,0,1,80,,2,0,1,1,0,19.0,22.0,,,1,1,1,1,1
202100028372,2021-07-17 20:30:00,2021,7,17,20,30,49,49368,37 Rue Eugène Livet,47.391754,0.058223,Plein jour,En agglomération,Autre intersection,Normale,Deux véhicules - côté,4,2,2,0,1,1,1,0,1,30,,3,2,0,1,0,15.0,50.0,,,1,2,9,1,3
202100028373,2021-07-19 15:15:00,2021,7,19,15,15,12,12248,Route de Pousthomy,43.880851,2.601587,Plein jour,En agglomération,Hors intersection,Normale,Autre collision,3,2,2,0,4,3,1,2,1,50,,1,0,0,1,0,40.0,,,,1,2,1,1,6
202100028374,2021-07-17 06:05:00,2021,7,17,6,5,42,42323,Avenue du Général de Gaulle,45.561202,4.277158,Crépuscule ou aube,En agglomération,Hors intersection,Temps couvert,Deux véhicules - côté,3,2,2,0,1,1,1,0,1,50,,2,1,0,1,0,27.0,13.0,,,2,2,1,8,3
202100028375,2021-07-18 11:40:00,2021,7,18,11,40,46,46165,route de la prairie,44.797124,1.759427,Plein jour,En agglomération,Hors intersection,Normale,Sans collision,4,2,2,0,1,1,1,0,1,50,,2,0,0,0,2,58.0,,,,1,2,1,1,7
202100028376,2021-07-19 08:30:00,2021,7,19,8,30,47,47297,D113,44.330794,0.629686,Plein jour,Hors agglomération,Hors intersection,Normale,Sans collision,3,2,2,0,2,1,1,0,1,80,,1,0,0,1,0,42.0,,,,1,1,1,1,7
202100028377,2021-07-19 07:15:00,2021,7,19,7,15,68,68004,1 Rue Charles de Gaulle,47.622266,7.235506,Crépuscule ou aube,En agglomération,Intersection en Y,Normale,Autre collision,4,1,1,0,1,1,1,0,1,50,,2,1,0,0,1,33.0,,,,2,2,4,1,6
202100028378,2021-07-18 18:30:00,2021,7,18,18,30,39,39336,,46.828022,5.849888,Plein jour,Hors agglomération,Hors intersection,Temps éblouissant,Sans collision,3,2,2,0,2,3,1,0,3,80,,1,0,0,1,0,16.0,,,,1,1,1,7,7
202100028379,2021-07-18 17:35:00,2021,7,18,17,35,31,31451,Boulevard de la République,43.459951,2.002988,Plein jour,En agglomération,Hors intersection,Normale,Deux véhicules - côté,3,2,2,0,1,3,1,0,1,50,,2,1,0,1,0,44.0,57.0,,,1,2,1,1,3
202100028380,2021-07-19 13:30:00,2021,7,19,13,30,31,31098,Route de Garac,43.722071,1.045584,Plein jour,Hors agglomération,Hors intersection,Normale,Autre collision,3,2,2,0,1,3,1,0,3,80,,1,0,1,0,0,28.0,,,,1,1,1,1,6
202100028381,2021-07-19 12:30:00,2021,7,19,12,30,03,03289,coutant,46.376966,3.502879,Plein jour,Hors agglomération,Hors intersection,Normale,Sans collision,4,2,2,0,1,1,2,0,1,50,,1,0,0,0,1,53.0,,,,1,1,1,1,7
202100028382,2021-07-18 18:30:00,2021,7,18,18,30,15,15066,Col de Neronne,45.149903,2.601185,Plein jour,Hors agglomération,Hors intersection,Normale,Sans collision,3,2,2,0,1,3,1,0,1,90,,2,1,0,0,1,57.0,,,,1,1,1,1,7
202100028383,2021-07-18 23:25:00,2021,7,18,23,25,01,01252,,46.154954,4.816132,Nuit sans éclairage public,Hors agglomération,Hors intersection,Normale,Autre collision,3,2,2,0,1,1,1,0,3,80,,5,0,0,4,1,18.0,,,,3,1,1,1,6
202100028384,2021-07-18 21:20:00,2021,7,18,21,20,01,01336,Route de Condeissiat,46.1423354892,5.1158259107,Nuit sans éclairage public,Hors agglomération,Hors intersection,Normale,Sans collision,3,2,2,0,1,2,1,0,3,80,,1,0,0,0,1,36.0,,,,3,1,1,1,7
202100028385,2021-07-18 19:30:00,2021,7,18,19,30,70,70493,D15b,47.402023,6.0511493,Plein jour,Hors agglomération,Hors intersection,Normale,Autre collision,3,2,2,0,1,1,1,0,3,80,,1,0,1,0,0,38.0,,,,1,1,1,1,6
202100028386,2021-07-19 07:00:00,2021,7,19,7,0,26,26040,D93,44.550173,5.593629,Plein jour,Hors agglomération,Hors intersection,Normale,Autre collision,3,2,2,0,2,2,1,0,3,80,,1,0,0,0,1,54.0,,,,1,1,1,1,6
202100028387,2021-07-19 20:10:00,2021,7,19,20,10,50,50391,Route de la Croix du Hamel,48.610483,-1.061254,Plein jour,Hors agglomération,Hors intersection,Normale,Deux véhicules - côté,4,2,2,0,1,1,1,0,1,80,,3,2,0,1,0,16.0,18.0,,,1,1,1,1,3
202100028388,2021-07-19 15:10:00,2021,7,19,15,10,60,60336,départementale 151,49.5744065227,2.1825360059,Plein jour,Hors agglomération,Intersection en X,Temps éblouissant,Deux véhicules - côté,3,2,2,0,1,1,1,0,1,80,,4,0,1,3,0,51.0,41.0,,,1,1,2,7,3
202100028389,2021-07-19 19:10:00,2021,7,19,19,10,45,45160,Rue de la Biringue,48.182284,2.111617,Plein jour,En agglomération,Intersection en X,Normale,Deux véhicules - côté,3,2,2,0,1,1,1,0,1,50,,2,1,0,0,1,13.0,21.0,,,1,2,2,1,3
202100028390,2021-07-19 11:30:00,2021,7,19,11,30,36,36046,Rue Nationale,46.57961,1.985578,Plein jour,En agglomération,Intersection en X,Normale,Autre collision,3,2,2,0,2,1,1,5,1,50,,2,1,1,0,0,19.0,,,,1,2,2,1,6
202100028391,2021-07-15 20:30:00,2021,7,15,20,30,36,36136,,46.931305,1.173885,Crépuscule ou aube,Hors agglomération,Intersection en X,Normale,Deux véhicules - côté,3,2,2,0,1,1,1,0,1,80,,4,1,0,0,3,21.0,60.0,,,2,1,2,1,3
202100028392,2021-07-18 19:30:00,2021,7,18,19,30,40,40312,Boulevard de la Yayi,43.549443,-1.459327,Plein jour,En agglomération,Hors intersection,Normale,Deux véhicules - côté,3,3,4,3,1,2,1,0,1,50,,2,1,0,1,0,20.0,67.0,,,1,2,1,1,3
202100028393,2021-05-25 14:15:00,2021,5,25,14,15,04,04135,RD 952,43.817607,6.243539,Plein jour,Hors agglomération,Hors intersection,Normale,Deux véhicules - frontale,3,2,2,0,2,2,1,0,1,80,,2,1,0,1,0,81.0,33.0,,,1,1,1,1,1
202100028394,2021-07-18 09:45:00,2021,7,18,9,45,28,28116,Rue de Chartres,48.448557,1.251529,Plein jour,En agglomération,Intersection en T,Normale,Deux véhicules - côté,3,2,2,0,1,1,1,0,1,50,,2,1,0,1,0,56.0,41.0,,,1,2,3,1,3
202100028395,2021-07-19 15:00:00,2021,7,19,15,0,48,48055,RN88,44.488974,3.381493,Plein jour,Hors agglomération,Hors intersection,Normale,Deux véhicules - frontale,2,2,2,0,1,1,1,0,1,80,,6,4,0,0,2,36.0,19.0,,,1,1,1,1,1
202100028396,2021-07-19 18:50:00,2021,7,19,18,50,08,08419,ROUTE DÉPARTEMENTALE 27,49.721136,4.402878,Plein jour,Hors agglomération,Hors intersection,Temps éblouissant,Autre collision,3,2,2,0,2,2,1,0,1,80,,1,0,0,1,0,30.0,,,,1,1,1,7,6
202100028397,2021-07-19 09:45:00,2021,7,19,9,45,31,31181,Autoroute A64 PK 264+078,43.392224,1.286334,Plein jour,Hors agglomération,Hors intersection,Normale,Deux véhicules - arrière,1,3,4,0,1,1,1,0,1,130,,2,0,0,1,1,21.0,71.0,,,1,1,1,1,2
202100028398,2021-07-18 17:20:00,2021,7,18,17,20,63,63300,A71 PR 373.800,45.905947,3.15427,Plein jour,Hors agglomération,Hors intersection,Normale,Trois véhicules et plus - en chaîne,1,3,4,0,1,1,1,0,1,130,,5,4,0,0,1,76.0,47.0,,,1,1,1,1,4
202100028399,2021-07-18 18:30:00,2021,7,18,18,30,13,13110,Autoroute A8 PK042.900,43.477354,5.713266,Crépuscule ou aube,Hors agglomération,Hors intersection,Normale,Sans collision,1,3,3,0,1,1,1,0,1,-1,,1,0,0,1,0,57.0,,,,2,1,1,1,7
202100028400,2021-07-18 14:35:00,2021,7,18,14,35,62,62405,Aire des Bonnettes (Aire de repos),50.283907,2.958911,Plein jour,Hors agglomération,Hors intersection,Normale,Autre collision,1,3,4,0,1,3,1,0,1,130,,1,0,1,0,0,53.0,,,,1,1,1,1,6
202100028401,2021-07-18 01:30:00,2021,7,18,1,30,988,98830,Tribu de kokingone - RPN10,-20.85819,165.255039,Nuit sans éclairage public,Hors agglomération,Hors intersection,Normale,Sans collision,3,2,2,0,1,2,1,0,3,70,,5,2,1,0,2,40.0,,,,3,1,1,1,7
202100028402,2021-07-17 09:25:00,2021,7,17,9,25,976,97608,Route des Badamiers en face de la quincaillerie KOURATI,-12.777422,45.282104,Plein jour,En agglomération,Hors intersection,Normale,Deux véhicules - arrière,4,2,2,0,1,1,1,0,1,50,,2,1,0,0,1,28.0,40.0,,,1,2,1,1,2
202100028403,2021-07-19 11:10:00,2021,7,19,11,10,976,97615,RN 4 - STATION TOTAL,-12.792425,45.270436,Plein jour,En agglomération,Hors intersection,Normale,Autre collision,2,2,2,0,1,1,1,9,8,50,,2,1,0,1,0,52.0,,,,1,2,1,1,6
202100028404,2021-07-18 23:15:00,2021,7,18,23,15,28,28015,Rue de la Libération,48.525558,1.748199,Nuit avec éclairage allumé,Hors agglomération,Hors intersection,Normale,Sans collision,3,2,2,0,2,3,1,0,1,80,,1,0,0,1,0,24.0,,,,5,1,1,1,7
202100028405,2021-07-18 18:00:00,2021,7,18,18,0,28,28015,D122.14,48.524173,1.771352,Plein jour,Hors agglomération,Hors intersection,Normale,Sans collision,3,2,2,0,2,2,1,0,3,80,,1,0,0,1,0,49.0,,,,1,1,1,1,7
202100028406,2021-07-18 17:40:00,2021,7,18,17,40,45,45191,RD 2152,48.2494936236,2.3436691624,Plein jour,Hors agglomération,Hors intersection,Normale,Trois véhicules et plus - collisions multiples,3,2,2,0,1,1,1,9,1,90,,9,8,1,0,0,44.0,54.0,,,1,1,1,1,5
202100028407,2021-07-18 19:20:00,2021,7,18,19,20,77,77050,2 Barbigny,48.142087,2.84895,Plein jour,Hors agglomération,Hors intersection,Normale,Deux véhicules - frontale,4,2,1,0,1,2,1,0,1,70,,2,0,0,1,1,21.0,20.0,,,1,1,1,1,1
202100028408,2021-04-20 19:30:00,2021,4,20,19,30,91,91525,Rue de Beauvais,48.53256,2.045608,Plein jour,En agglomération,Hors intersection,Normale,Deux véhicules - frontale,4,2,2,0,2,3,1,0,1,50,,4,3,0,1,0,18.0,49.0,,,1,2,1,1,1
202100028409,2021-07-18 09:45:00,2021,7,18,9,45,78,78389,N12,48.801154,1.810513,Plein jour,Hors agglomération,Autre intersection,Normale,Sans collision,2,3,4,0,1,1,1,0,8,110,,5,4,0,1,0,26.0,,,,1,1,9,1,7
202100028410,2021-07-18 17:50:00,2021,7,18,17,50,2B,2B134,T30,42.627072,8.927298,Plein jour,En agglomération,Hors intersection,Temps éblouissant,Deux véhicules - frontale,2,2,2,0,2,3,1,0,1,30,,4,3,0,0,1,49.0,75.0,,,1,2,1,7,1
202100028411,2021-07-16 08:30:00,2021,7,16,8,30,2B,2B029,D81,42.694911,9.371874,Plein jour,Hors agglomération,Hors intersection,Normale,Deux véhicules - côté,3,2,2,0,2,4,2,0,1,80,,3,2,0,0,1,53.0,48.0,,,1,1,1,1,3
202100028412,2021-07-18 20:20:00,2021,7,18,20,20,83,83019,RD98 Forêt du Dom,43.178956,6.338167,Plein jour,Hors agglomération,Hors intersection,Normale,Deux véhicules - frontale,3,2,2,0,1,1,1,0,1,70,,2,1,1,0,0,38.0,34.0,,,1,1,1,1,1
202100028413,2021-07-19 13:40:00,2021,7,19,13,40,52,52432,2 Rue de Lorraine,47.950982,5.287637,Plein jour,En agglomération,Intersection en Y,Normale,Sans collision,3,2,2,0,2,2,9,0,1,50,,1,0,0,1,0,31.0,,,,1,2,4,1,7
202100028414,2021-07-17 15:20:00,2021,7,17,15,20,67,67033,D421,48.7477,7.677383,Plein jour,Hors agglomération,Hors intersection,Normale,Autre collision,3,3,4,0,1,3,1,5,1,70,,1,0,0,1,0,58.0,,,,1,1,1,1,6
202100028415,2021-07-18 12:30:00,2021,7,18,12,30,67,67052,"RD 766, PK 5+350",48.448504,7.315156,Plein jour,Hors agglomération,Hors intersection,Normale,Deux véhicules - frontale,3,2,2,0,2,4,1,0,1,80,,2,1,0,1,0,38.0,50.0,,,1,1,1,1,1
202100028416,2021-07-18 19:45:00,2021,7,18,19,45,73,73290,D1006,45.2535353205,6.9073598385,Plein jour,Hors agglomération,Hors intersection,Normale,Deux véhicules - frontale,3,2,2,0,2,3,1,0,1,80,,3,0,1,2,0,53.0,18.0,,,1,1,1,1,1
202100028417,2021-07-18 17:10:00,2021,7,18,17,10,73,73192,D912 Le Cholet,45.66737,6.042287,Plein jour,Hors agglomération,Hors intersection,Normale,Deux véhicules - arrière,3,2,2,0,2,3,1,0,1,80,,4,2,0,1,1,63.0,48.0,,,1,1,1,1,2
202100028418,2021-07-19 07:25:00,2021,7,19,7,25,42,42304,Route des Monts,45.553359,4.213804,Plein jour,Hors agglomération,Hors intersection,Normale,Autre collision,3,2,2,0,1,1,1,0,3,80,,2,1,0,1,0,24.0,,,,1,1,1,1,6
202100028419,2021-07-15 12:15:00,2021,7,15,12,15,65,65173,RD 918,42.876483,0.008578,Plein jour,Hors agglomération,Hors intersection,Normale,Trois véhicules et plus - collisions multiples,3,2,2,0,2,1,1,0,1,70,,3,0,0,1,2,47.0,47.0,,,1,1,1,1,5
202100028420,2021-07-18 18:20:00,2021,7,18,18,20,53,53094,Le Port,47.998602,-0.73456,Plein jour,Hors agglomération,Hors intersection,Temps éblouissant,Sans collision,3,3,2,0,2,3,1,0,4,50,,1,0,1,0,0,67.0,,,,1,1,1,7,7
202100028421,2021-07-18 18:37:00,2021,7,18,18,37,49,49301,Rue Saint-Sauveur (torfou),47.038256,-1.119533,Plein jour,En agglomération,Intersection en T,Normale,Deux véhicules - côté,3,2,2,0,2,1,1,0,1,50,,2,1,0,1,0,41.0,5.0,,,1,2,3,1,3
202100028422,2021-07-17 15:15:00,2021,7,17,15,15,61,61357,Le Haut Boulay,48.538254,-0.077022,Plein jour,Hors agglomération,Hors intersection,Normale,Sans collision,3,2,2,0,2,3,1,0,1,70,,1,0,0,1,0,25.0,,,,1,1,1,1,7
202100028423,2021-07-19 08:45:00,2021,7,19,8,45,22,22306,Le Cordon Blanc,48.363716,-1.970437,Plein jour,Hors agglomération,Intersection en X,Normale,Deux véhicules - côté,3,2,2,0,1,1,1,0,1,80,,2,1,0,1,0,38.0,64.0,,,1,1,2,1,3
202100028424,2021-07-18 17:20:00,2021,7,18,17,20,27,27016,4 Rue de l Ecole,49.222524,1.417502,Plein jour,En agglomération,Hors intersection,Normale,Sans collision,4,2,2,0,1,3,1,0,1,50,,1,0,0,1,0,20.0,,,,1,2,1,1,7
202100028425,2021-07-19 01:10:00,2021,7,19,1,10,27,27004,Rue Andre Rouille,49.010458,1.424274,Nuit sans éclairage public,En agglomération,Hors intersection,Normale,Autre collision,4,2,2,0,1,1,1,0,1,50,,2,0,0,1,1,16.0,,,,3,2,1,1,6
202100028426,2021-07-19 06:57:00,2021,7,19,6,57,60,60355,N31,49.4119903528,2.2018701917,Plein jour,Hors agglomération,Hors intersection,Temps éblouissant,Autre collision,2,3,4,0,1,1,1,0,1,110,,1,0,0,0,1,25.0,,,,1,1,1,7,6
202100028427,2021-07-16 21:45:00,2021,7,16,21,45,59,59073,376 Grand Rue,50.781752,2.696206,Nuit sans éclairage public,En agglomération,Hors intersection,Normale,Deux véhicules - côté,3,2,2,0,1,1,1,0,1,50,,2,0,0,1,1,42.0,23.0,,,3,2,1,1,3
202100028428,2021-07-17 12:05:00,2021,7,17,12,5,13,13071,A51-Sens Aix en Provence vers Marseille,43.4152,5.3646,Plein jour,Hors agglomération,Hors intersection,Normale,Deux véhicules - arrière,1,1,3,3,1,1,1,0,6,90,,2,1,0,0,1,73.0,40.0,,,1,1,1,1,2
202100028429,2021-07-17 09:20:00,2021,7,17,9,20,13,13215,A7-Sens Lyon vers Marseille,43.3692815724,5.3608748317,Plein jour,Hors agglomération,Hors intersection,Normale,Deux véhicules - arrière,1,1,3,0,1,1,1,0,2,90,,2,0,0,0,2,42.0,67.0,,,1,1,1,1,2
202100028430,2021-07-13 14:30:00,2021,7,13,14,30,69,69199,RD383   14.250 A 18.000,45.70033,4.84551,Plein jour,Hors agglomération,Hors intersection,Normale,Deux véhicules - côté,7,3,8,0,1,1,1,0,1,70,,2,1,0,0,1,32.0,50.0,,,1,1,1,1,3
202100028431,2021-07-18 07:35:00,2021,7,18,7,35,69,69152,M7   4.270 A 5.756,45.7068236241,4.8312056065,Plein jour,Hors agglomération,Hors intersection,Normale,Deux véhicules - arrière,7,3,6,0,1,1,1,0,1,70,,6,2,0,0,4,77.0,20.0,,,1,1,1,1,2
202100028432,2021-07-17 02:50:00,2021,7,17,2,50,01,01275,A42  4.020 A 4.353   GEN/LYON,45.80768,4.927889,Nuit sans éclairage public,Hors agglomération,Hors intersection,Normale,Deux véhicules - arrière,1,1,3,0,1,1,2,0,1,90,,2,0,0,1,1,26.0,27.0,,,3,1,1,1,2
202100028433,2021-07-18 20:45:00,2021,7,18,20,45,94,94034,AUTOROUTE A86,48.75963,2.32223,Plein jour,Hors agglomération,Hors intersection,Normale,Deux véhicules - arrière,1,1,2,0,2,1,1,0,1,70,,3,2,0,0,1,47.0,22.0,,,1,1,1,1,2
202100028434,2021-07-18 15:00:00,2021,7,18,15,0,94,94034,AUTOROUTE A6A,48.75803,2.33621,Plein jour,Hors agglomération,Hors intersection,Normale,Sans collision,1,3,12,0,1,1,1,0,1,110,,2,0,0,0,2,55.0,,,,1,1,1,1,7
202100028435,2021-07-18 16:00:00,2021,7,18,16,0,92,92002,AUTOROUTE A10,48.729831923,2.3073863983,Plein jour,Hors agglomération,Hors intersection,Normale,Deux véhicules - arrière,1,3,0,0,1,1,1,0,1,90,,3,1,0,0,2,22.0,68.0,,,1,1,1,1,2
202100028436,2021-07-18 16:00:00,2021,7,18,16,0,94,94038,AUTOROUTE A6B,48.7821629733,2.3468914366,Plein jour,Hors agglomération,Hors intersection,Normale,Trois véhicules et plus - en chaîne,1,1,3,0,1,1,1,0,1,90,,4,2,0,0,2,27.0,37.0,,,1,1,1,1,4
202100028437,2021-07-18 11:15:00,2021,7,18,11,15,94,94003,AUTOROUTE A6B,48.8,2.3437,Plein jour,Hors agglomération,Hors intersection,Normale,Deux véhicules - arrière,1,3,4,0,4,3,1,0,1,70,,3,2,0,0,1,73.0,34.0,,,1,1,1,1,2
202100028438,2021-07-18 02:50:00,2021,7,18,2,50,92,92002,AUTOROUTE A10,48.7294333177,2.3064851761,Nuit sans éclairage public,Hors agglomération,Hors intersection,Normale,Trois véhicules et plus - en chaîne,1,3,3,0,1,1,1,0,1,110,,6,2,0,2,2,24.0,30.0,,,3,1,1,1,4
202100028439,2021-07-18 15:00:00,2021,7,18,15,0,78,78007,A13W,48.899178,2.005413,Plein jour,Hors agglomération,Hors intersection,Normale,Deux véhicules - arrière,1,3,4,0,1,1,1,0,1,110,,6,3,0,0,3,42.0,44.0,,,1,1,1,1,2
202100028440,2021-07-18 08:50:00,2021,7,18,8,50,93,93066,AUTOROUTE A1,48.91213,2.35813,Plein jour,Hors agglomération,Hors intersection,Normale,Deux véhicules - arrière,1,3,8,0,1,1,1,0,1,90,,3,2,0,0,1,21.0,44.0,,,1,1,1,1,2
202100028441,2021-07-18 00:10:00,2021,7,18,0,10,95,95306,A15,48.99848,2.17709,Nuit sans éclairage public,Hors agglomération,Hors intersection,Normale,Deux véhicules - arrière,1,3,9,0,1,1,1,0,1,110,,3,1,0,0,2,49.0,,,,3,1,1,1,2
202100028442,2021-07-17 12:30:00,2021,7,17,12,30,93,93010,AUTOROUTE A3,48.89203,2.4732,Plein jour,Hors agglomération,Hors intersection,Normale,Autre collision,1,3,10,0,4,3,1,2,1,70,,1,0,0,0,1,21.0,,,,1,1,1,1,6
202100028443,2021-07-18 14:45:00,2021,7,18,14,45,94,94017,A4,48.8283361632,2.5023593274,Plein jour,Hors agglomération,Hors intersection,Normale,Deux véhicules - arrière,1,3,4,0,1,1,1,0,1,90,,4,2,0,0,2,75.0,34.0,,,1,1,1,1,2
202100028444,2021-07-15 00:20:00,2021,7,15,0,20,94,94065,A86 INT,48.75351,2.35964,Nuit sans éclairage public,Hors agglomération,Hors intersection,Normale,Deux véhicules - côté,2,3,3,0,1,1,1,0,1,90,,3,1,0,0,2,25.0,23.0,,,3,1,1,1,3
202100028445,2021-07-17 18:57:00,2021,7,17,18,57,75,75112,AVENUE DES TERROIRS DE FRANCE,48.832047,2.388404,Plein jour,En agglomération,Hors intersection,Normale,Autre collision,4,3,2,0,1,1,1,0,1,50,,4,3,0,0,1,47.0,,,,1,2,1,1,6
202100028446,2021-07-16 23:55:00,2021,7,16,23,55,75,75117,AVENUE DE LA PORTE D ASNIERES,48.892293,2.300996,Nuit sans éclairage public,En agglomération,Intersection en X,Normale,Autre collision,4,1,4,0,1,1,1,0,1,50,,3,2,0,0,1,32.0,,,,3,2,2,1,6
202100028447,2021-03-25 12:40:00,2021,3,25,12,40,69,69116,ROUTE NATIONALE 6,45.8181899346,4.7713172436,Plein jour,En agglomération,Intersection en X,Normale,Deux véhicules - côté,7,2,2,3,1,1,1,0,6,70,,2,1,0,1,0,29.0,38.0,,,1,2,2,1,3