accident_id,datetime,annee,mois,jour,heure,minute,departement,commune_insee,adresse,latitude,longitude,luminosite,agglomeration,intersection,meteo,collision,catr,circ,nbv,vosp,prof,plan,surf,infra,situ,vma,nb_vehicules,nb_usagers,nb_indemnes,nb_tues,nb_blesses_hosp,nb_blesses_legers,age_cond_1,age_cond_2,veh_type_cond_1,veh_type_cond_2,lum_code,agg_code,int_code,atm_code,col_code
202100028448,2021-07-16 11:30:00,2021,7,16,11,30,973,97302,MADELEINE (ROUTE DE LA),4.90767253,-52.32262053,Plein jour,Hors agglomération,Giratoire,Normale,Deux véhicules - côté,2,2,2,0,1,1,1,0,1,50,,3,2,0,0,1,55.0,46.0,,,1,1,6,1,3
202100028449,2021-07-17 06:20:00,2021,7,17,6,20,69,69387,JULES CARTERET                      (BD),45.72586,4.84056,Plein jour,En agglomération,Intersection en X,Normale,Deux véhicules - côté,4,2,2,0,1,3,1,0,1,50,,2,1,0,0,1,28.0,28.0,,,1,2,2,1,3
202100028450,2021-07-17 14:45:00,2021,7,17,14,45,972,97209,RD 41 (ROCADE),14.61699,-61.05993,Plein jour,En agglomération,Hors intersection,Normale,Deux véhicules - côté,3,1,4,0,1,2,1,0,1,60,,2,1,0,1,0,,43.0,,,1,2,1,1,3
202100028451,2021-07-17 20:45:00,2021,7,17,20,45,69,69384,BELFORT (DE) (R),45.7802512642,4.8346057534,Crépuscule ou aube,En agglomération,Intersection en X,Normale,Deux véhicules - côté,4,1,1,0,2,1,1,5,1,50,,2,1,0,0,1,26.0,22.0,,,2,2,2,1,3
202100028452,2021-07-17 17:00:00,2021,7,17,17,0,69,69286,MONT BLANC (DU)  (AV),45.81162,4.89412,Plein jour,En agglomération,Hors intersection,Normale,Autre collision,4,2,2,0,1,1,1,9,1,50,,3,2,0,0,1,66.0,,,,1,2,1,1,6
202100028453,2021-07-17 02:30:00,2021,7,17,2,30,69,69382,JULES COURMONT  (Q),45.76351,4.83846,Nuit avec éclairage allumé,En agglomération,Intersection en X,Normale,Deux véhicules - côté,4,1,5,1,1,1,1,0,1,50,,2,1,0,0,1,24.0,37.0,,,5,2,2,1,3
202100028454,2021-07-16 11:35:00,2021,7,16,11,35,2B,2B037,TOUTES RUES,42.61841,9.43722,Plein jour,En agglomération,Hors intersection,Normale,Deux véhicules - arrière,2,2,4,0,1,1,1,0,1,70,,3,2,0,0,1,39.0,49.0,,,1,2,1,1,2
202100028455,2021-07-17 07:55:00,2021,7,17,7,55,971,97113,SECTION TOMBEAU,16.22183,-61.47826,Crépuscule ou aube,Hors agglomération,Hors intersection,Normale,Sans collision,3,2,2,0,1,2,1,0,8,80,,1,0,0,1,0,64.0,,,,2,1,1,1,7
202100028456,2021-07-16 09:35:00,2021,7,16,9,35,971,97101,DOTHEMARE,16.27017,-61.50958,Plein jour,En agglomération,Intersection en X,Normale,Deux véhicules - côté,4,2,2,0,1,1,1,0,1,50,,2,0,0,0,2,37.0,34.0,,,1,2,2,1,3
202100028457,2021-07-17 13:40:00,2021,7,17,13,40,83,83137,Boulevard Grignan,43.10962,5.93977,Plein jour,En agglomération,Hors intersection,Normale,Autre collision,4,2,1,0,3,1,1,0,1,30,,2,1,0,0,1,35.0,,,,1,2,1,1,6
202100028458,2021-07-16 17:15:00,2021,7,16,17,15,80,80001,8 MAI 1945 (du),50.1104545037,1.8396252394,Plein jour,En agglomération,Hors intersection,Normale,Autre collision,4,1,1,0,1,1,1,9,1,20,,2,1,0,0,1,27.0,,,,1,2,1,1,6
202100028459,2021-07-17 16:30:00,2021,7,17,16,30,77,77479,RUE FRANCOIS COPPEE,48.871,2.632,Plein jour,En agglomération,Intersection en X,Normale,Deux véhicules - côté,4,1,1,0,1,1,1,5,1,50,,2,1,0,0,1,48.0,71.0,,,1,2,2,1,3
202100028460,2021-07-18 00:15:00,2021,7,18,0,15,76,76540,CORNEILLE. QUAI (HAUT) PIERRE,49.43771,1.09394,Nuit avec éclairage allumé,En agglomération,Hors intersection,Normale,Deux véhicules - côté,7,2,6,3,1,1,1,-1,1,50,,2,1,0,0,1,28.0,51.0,,,5,2,1,1,3
202100028461,2021-07-17 17:00:00,2021,7,17,17,0,72,72181,ALENCON (RTE D'),48.02958,0.1792,Plein jour,Hors agglomération,Hors intersection,Normale,Autre collision,3,1,1,0,1,3,1,0,3,50,,1,0,0,1,0,52.0,,,,1,1,1,1,6
202100028462,2021-07-17 22:20:00,2021,7,17,22,20,69,69029,LAURENT BONNEVAY (BD),45.7437589119,4.9058139324,Nuit avec éclairage allumé,Hors agglomération,Autre intersection,Normale,Deux véhicules - arrière,7,3,8,0,1,1,1,3,2,70,,2,1,0,0,1,27.0,,,,5,1,9,1,2
202100028463,2021-07-17 18:55:00,2021,7,17,18,55,69,69282,JEAN JAURES (R),45.76999,5.01256,Plein jour,En agglomération,Passage à niveau,Normale,Autre collision,4,2,2,3,1,1,1,4,6,60,,2,1,0,1,0,52.0,,,,1,2,8,1,6
202100028464,2021-07-17 21:54:00,2021,7,17,21,54,69,69091,JOSEPH FAURE (R),45.5854735919,4.7745585464,Nuit avec éclairage allumé,En agglomération,Intersection en Y,Normale,Autre collision,7,1,1,0,1,2,1,9,1,30,,2,1,0,0,1,19.0,,,,5,2,4,1,6
202100028465,2021-07-17 18:30:00,2021,7,17,18,30,64,64545,RD810,43.37552,-1.67766,Plein jour,En agglomération,Hors intersection,Normale,Deux véhicules - côté,3,2,3,0,1,1,1,0,1,50,,3,1,0,0,2,42.0,43.0,,,1,2,1,1,3
202100028466,2021-07-17 01:25:00,2021,7,17,1,25,59,59646,TOURCOING (RUE DE),50.689841,3.145346,Nuit sans éclairage public,En agglomération,Intersection en X,Normale,Deux véhicules - côté,7,2,2,0,1,1,1,9,1,50,,3,1,0,0,2,,25.0,,,3,2,2,1,3
202100028467,2021-07-17 12:09:00,2021,7,17,12,9,49,49007,SAINT JULIEN RUE ET IMPASSE,47.47022,-0.55192,Plein jour,En agglomération,Intersection en X,Normale,Deux véhicules - frontale,4,1,1,2,1,1,1,0,1,30,,2,1,0,0,1,57.0,58.0,,,1,2,2,1,1
202100028468,2021-07-17 05:30:00,2021,7,17,5,30,38,38179,AVENUE ESCLANGON,45.18115,5.78039,Nuit avec éclairage non allumé,En agglomération,Hors intersection,Normale,Deux véhicules - frontale,7,3,4,0,1,1,1,0,1,50,,2,0,0,0,2,25.0,18.0,,,4,2,1,1,1
202100028469,2021-07-17 08:40:00,2021,7,17,8,40,37,37261,MIRABEAU (PONT),47.4027045961,0.7019689679,Plein jour,En agglomération,Intersection en Y,Normale,Autre collision,4,2,3,3,3,3,1,2,1,50,,2,1,0,0,1,22.0,74.0,,,1,2,4,1,6
202100028470,2021-07-17 16:15:00,2021,7,17,16,15,35,35238,RN136,48.11154,-1.71819,Plein jour,Hors agglomération,Hors intersection,Temps éblouissant,Trois véhicules et plus - en chaîne,2,3,6,0,1,1,1,0,1,90,,3,2,0,0,1,35.0,18.0,,,1,1,1,7,4
202100028471,2021-07-17 02:15:00,2021,7,17,2,15,34,34172,GIRAUD (AVENUE DU DOYEN GASTON),43.63357,3.8501,Nuit avec éclairage allumé,En agglomération,Hors intersection,Normale,Autre collision,4,1,2,0,1,1,1,0,1,50,,2,1,0,1,0,23.0,,,,5,2,1,1,6
202100028472,2021-07-17 01:00:00,2021,7,17,1,0,34,34129,BRET (ROND POINT PAUL LOUIS),43.5762252688,3.8735557815,Nuit avec éclairage allumé,En agglomération,Giratoire,Normale,Deux véhicules - arrière,1,1,2,0,1,1,1,3,1,50,,2,1,0,1,0,40.0,22.0,,,5,2,6,1,2
202100028473,2021-07-18 01:53:00,2021,7,18,1,53,33,33063,Cours Victor Hugo,44.836196,-0.566193,Nuit avec éclairage allumé,En agglomération,Hors intersection,Normale,Autre collision,4,1,1,0,2,2,1,0,1,50,,1,0,0,1,0,23.0,,,,5,2,1,1,6
202100028474,2021-07-17 11:06:00,2021,7,17,11,6,32,32013,ANCIEN FOIRAIL (PLACE),43.64931,0.583,Plein jour,En agglomération,Hors intersection,Normale,Autre collision,4,1,1,0,2,1,1,0,1,50,,2,1,0,1,0,60.0,,,,1,2,1,1,6
202100028475,2021-07-17 08:20:00,2021,7,17,8,20,31,31555,MINIMES (AV DES) DU 1AU 178,43.61635,1.43717,Plein jour,En agglomération,Hors intersection,Normale,Deux véhicules - arrière,7,2,4,0,1,1,1,0,1,50,,2,1,0,0,1,44.0,,,,1,2,1,1,2
202100028476,2021-07-18 00:50:00,2021,7,18,0,50,18,18279,GOURDON (RUE),47.22,2.06,Nuit avec éclairage allumé,En agglomération,Intersection en X,Normale,Deux véhicules - côté,4,2,1,0,1,1,1,0,1,50,,4,1,0,0,3,,21.0,,,5,2,2,1,3
202100028477,2021-07-17 10:50:00,2021,7,17,10,50,14,14242,D7,49.21617,-0.36539,Plein jour,En agglomération,Autre intersection,Normale,Trois véhicules et plus - en chaîne,3,-1,2,0,1,1,1,0,1,50,,3,2,0,0,1,50.0,64.0,,,1,2,9,1,4
202100028478,2021-07-17 14:40:00,2021,7,17,14,40,13,13056,OLIVE AVENUE JULIEN,43.422,5.051,Plein jour,En agglomération,Intersection en X,Normale,Deux véhicules - côté,4,4,3,0,1,3,1,0,1,50,,4,0,0,0,4,25.0,24.0,,,1,2,2,1,3
202100028479,2021-07-17 21:00:00,2021,7,17,21,0,13,13209,MICHELET (BOULEVARD),43.2612587135,5.3976859848,Plein jour,En agglomération,Hors intersection,Normale,Deux véhicules - côté,4,2,4,3,1,1,1,0,1,50,,6,5,0,1,0,39.0,19.0,,,1,2,1,1,3
202100028480,2021-07-17 19:30:00,2021,7,17,19,30,13,13213,CROIX ROUGE (AVENUE),43.33174,5.43398,Plein jour,En agglomération,Hors intersection,Normale,Deux véhicules - frontale,7,2,1,0,1,1,1,0,1,50,,2,0,0,0,2,56.0,,,,1,2,1,1,1
202100028481,2021-07-17 09:05:00,2021,7,17,9,5,13,13028,FONTSAINTE (AVENUE DE),43.1903456125,5.6373652288,Plein jour,En agglomération,Hors intersection,Normale,Deux véhicules - côté,7,2,2,0,1,1,1,0,1,50,,2,0,0,0,2,25.0,48.0,,,1,2,1,1,3
202100028482,2021-07-17 04:30:00,2021,7,17,4,30,13,13004,RTE N570 AVIGNON STES MARIES,43.71883,4.64642,Nuit sans éclairage public,Hors agglomération,Hors intersection,Autre,Sans collision,3,2,2,0,1,1,1,0,8,80,,4,0,1,0,3,22.0,,,,3,1,1,9,7
202100028483,2021-07-17 06:30:00,2021,7,17,6,30,11,11069,PERRIN JEAN BAPTISTE,43.22339,2.34135,Crépuscule ou aube,En agglomération,Hors intersection,Normale,Sans collision,4,2,1,0,1,1,1,0,1,50,,2,0,0,0,2,20.0,,,,2,2,1,1,7
202100028484,2021-07-17 08:15:00,2021,7,17,8,15,09,09122,20 (R.N.) COTE SUD DU TUNNEL,42.955849,1.62378,Plein jour,Hors agglomération,Hors intersection,Normale,Deux véhicules - frontale,2,2,2,0,1,1,1,0,1,70,,5,1,0,0,4,72.0,22.0,,,1,1,1,1,1
202100028485,2021-07-16 17:45:00,2021,7,16,17,45,09,09122,VILLOTE (PARKING DE),42.963604,1.60553,Plein jour,En agglomération,Hors intersection,Normale,Autre collision,4,-1,1,0,1,1,1,9,8,20,,2,1,0,0,1,68.0,,,,1,2,1,1,6
202100028486,2021-07-17 09:45:00,2021,7,17,9,45,06,06069,GRAND CHENE (CHEMIN DU),43.63792,6.931308,Plein jour,En agglomération,Hors intersection,Normale,Autre collision,4,2,2,0,1,2,1,0,1,50,,1,0,0,0,1,22.0,,,,1,2,1,1,6
202100028487,2021-07-17 13:25:00,2021,7,17,13,25,06,06027,VAL FLEURI CHEMIN DU,43.666399,7.16913,Plein jour,En agglomération,Hors intersection,Normale,Deux véhicules - côté,4,2,2,0,1,1,1,0,1,50,,2,1,0,0,1,24.0,42.0,,,1,2,1,1,3
202100028488,2021-07-17 01:15:00,2021,7,17,1,15,06,06027,GAUDE AVENUE DE LA,43.66714,7.15265,Nuit avec éclairage allumé,En agglomération,Hors intersection,Temps couvert,Autre collision,7,2,2,0,1,2,1,0,1,50,,5,2,0,0,3,20.0,,,,5,2,1,8,6
202100028489,2021-07-17 10:20:00,2021,7,17,10,20,06,06155,LIBERTE AV.DE LA,43.572249,7.084288,Plein jour,En agglomération,Intersection en T,Normale,Deux véhicules - frontale,3,2,2,0,1,1,1,0,1,50,,2,1,0,1,0,41.0,35.0,,,1,2,3,1,1
202100028490,2021-07-17 07:30:00,2021,7,17,7,30,06,06004,SABLES CH.ET ALLEE,43.56848,7.11764,Plein jour,En agglomération,Intersection en T,Normale,Deux véhicules - côté,4,2,2,0,2,1,1,0,1,50,,2,1,0,0,1,16.0,45.0,,,1,2,3,1,3
202100028491,2021-07-16 17:45:00,2021,7,16,17,45,04,04112,Hopital de Manosque,43.8295481323,5.8049259749,Plein jour,En agglomération,Intersection en T,Normale,Deux véhicules - frontale,4,2,2,0,1,1,1,0,1,30,,2,1,0,1,0,20.0,71.0,,,1,2,3,1,1
202100028492,2021-07-17 20:15:00,2021,7,17,20,15,75,75112,ECHANGEUR BERCY,48.826787,2.390762,Plein jour,En agglomération,Intersection en Y,Normale,Deux véhicules - côté,4,1,2,0,1,3,1,0,1,50,,3,1,0,0,2,61.0,24.0,,,1,2,4,1,3
202100028493,2021-07-16 15:10:00,2021,7,16,15,10,75,75116,PORTE MAILLOT,48.876942,2.27952,Plein jour,En agglomération,Intersection en Y,Normale,Trois véhicules et plus - collisions multiples,4,1,2,0,1,2,1,0,1,50,,3,2,0,0,1,39.0,38.0,,,1,2,4,1,5
202100028494,2021-07-17 13:35:00,2021,7,17,13,35,75,75118,RUE D AUBERVILLIERS,48.896147,2.370877,Plein jour,En agglomération,Hors intersection,Normale,Sans collision,4,2,5,0,2,3,1,8,1,50,,1,0,0,0,1,27.0,,,,1,2,1,1,7
202100028495,2021-07-17 12:55:00,2021,7,17,12,55,75,75118,RUE MARX DORMOY,48.88906,2.359919,Plein jour,En agglomération,Intersection en T,Normale,Deux véhicules - côté,4,2,4,3,1,1,1,0,6,50,,2,1,0,0,1,40.0,5.0,,,1,2,3,1,3
202100028496,2021-07-17 02:55:00,2021,7,17,2,55,75,75118,RUE CAULAINCOURT,48.884689,2.329566,Nuit avec éclairage allumé,En agglomération,Intersection à plus de 4 branches,Normale,Deux véhicules - arrière,4,2,3,0,1,1,1,0,1,50,,2,1,0,0,1,25.0,,,,5,2,5,1,2
202100028497,2021-07-16 23:30:00,2021,7,16,23,30,75,75116,AVENUE EDOUARD VAILLANT,48.836538,2.255982,Nuit avec éclairage allumé,En agglomération,Intersection en X,Normale,Deux véhicules - côté,4,1,3,0,1,1,1,0,1,50,,2,1,0,0,1,35.0,46.0,,,5,2,2,1,3
202100028498,2021-07-16 02:20:00,2021,7,16,2,20,75,75116,ALLEE DE LONGCHAMP,48.871932,2.262747,Nuit avec éclairage allumé,En agglomération,Hors intersection,Normale,Trois véhicules et plus - collisions multiples,4,2,4,0,1,1,1,0,1,50,,8,7,0,0,1,37.0,18.0,,,5,2,1,1,5
202100028499,2021-07-17 21:10:00,2021,7,17,21,10,75,75114,AVENUE DU MAINE,48.832382,2.325031,Plein jour,En agglomération,Intersection en Y,Normale,Deux véhicules - côté,4,2,5,0,1,1,1,0,1,50,,2,1,0,0,1,29.0,28.0,,,1,2,4,1,3
202100028500,2021-07-17 10:53:00,2021,7,17,10,53,75,75109,RUE BALLU,48.882071,2.329383,Plein jour,En agglomération,Hors intersection,Normale,Deux véhicules - côté,4,2,2,0,1,1,1,0,1,30,,3,2,0,0,1,60.0,39.0,,,1,2,1,1,3
202100028501,2021-07-17 15:55:00,2021,7,17,15,55,75,75108,PLACE DE LA CONCORDE,48.865857,2.319933,Plein jour,En agglomération,Place,Normale,Deux véhicules - côté,4,1,4,0,1,1,1,0,1,50,,5,3,0,0,2,26.0,37.0,,,1,2,7,1,3
202100028502,2021-07-17 16:45:00,2021,7,17,16,45,75,75101,RUE DE L AMIRAL DE COLIGNY,48.859033,2.339876,Plein jour,En agglomération,Intersection en T,Normale,Autre collision,4,2,4,0,1,1,1,0,1,50,,2,1,0,0,1,45.0,,,,1,2,3,1,6
202100028503,2021-07-17 00:55:00,2021,7,17,0,55,94,94046,Rue Jean Jaurès,48.78913,2.4355,Nuit avec éclairage allumé,En agglomération,Hors intersection,Normale,Autre collision,3,-1,4,0,1,1,1,0,1,50,,2,1,0,0,1,,,,,5,2,1,1,6
202100028504,2021-07-17 15:15:00,2021,7,17,15,15,94,94003,LAPLACE (AV),48.80746,2.3348,Plein jour,En agglomération,Hors intersection,Normale,Deux véhicules - arrière,3,2,2,0,1,1,1,0,1,30,,4,3,0,0,1,25.0,43.0,,,1,2,1,1,2
202100028505,2021-07-17 23:00:00,2021,7,17,23,0,94,94033,Boulevard de Verdun,48.85348,2.46999,Nuit avec éclairage allumé,En agglomération,Hors intersection,Normale,Deux véhicules - côté,3,2,2,0,1,1,1,0,1,50,,3,2,0,0,1,,25.0,,,5,2,1,1,3
202100028506,2021-07-17 18:40:00,2021,7,17,18,40,93,93072,JULES GUESDE (AVENUE) COTE DU N°2 AU N°1,48.9647654409,2.3892259598,Plein jour,En agglomération,Hors intersection,Normale,Autre collision,3,2,2,0,1,1,1,0,1,50,,3,2,0,0,1,24.0,,,,1,2,1,1,6
202100028507,2021-07-17 07:30:00,2021,7,17,7,30,93,93005,Avenue Raoul Dufy,48.959664,2.502726,Plein jour,En agglomération,Hors intersection,Normale,Deux véhicules - frontale,3,2,3,0,1,1,1,0,1,50,,2,1,0,0,1,,60.0,,,1,2,1,1,1
202100028508,2021-07-16 22:00:00,2021,7,16,22,0,93,93031,Avenue Joffre / Avenue Galliéni,48.96174,2.29518,Nuit avec éclairage allumé,En agglomération,Intersection en X,Normale,Deux véhicules - côté,3,2,4,0,1,1,1,0,1,50,,6,3,0,3,0,20.0,35.0,,,5,2,2,1,3
202100028509,2021-07-17 00:35:00,2021,7,17,0,35,93,93008,Avenue Louis Aragon / Rue Paul Belwo,48.91483,2.441,Nuit avec éclairage allumé,En agglomération,Intersection en X,Normale,Deux véhicules - côté,3,3,2,0,1,1,1,9,8,50,,2,1,0,0,1,27.0,26.0,,,5,2,2,1,3
202100028510,2021-07-17 12:45:00,2021,7,17,12,45,92,92046,PIERRE BROSSOLETTE (AVENUE),48.8129365005,2.3016504943,Plein jour,En agglomération,Intersection en X,Normale,Deux véhicules - côté,3,1,0,1,1,1,1,0,1,50,,2,1,0,0,1,48.0,58.0,,,1,2,2,1,3
202100028511,2021-07-17 19:00:00,2021,7,17,19,0,92,92022,SABLEE (ROUTE),48.7999547738,2.2005003691,Plein jour,En agglomération,Hors intersection,Normale,Sans collision,9,-1,0,0,1,1,1,0,8,30,,1,0,0,0,1,35.0,,,,1,2,1,1,7
202100028512,2021-07-17 08:22:00,2021,7,17,8,22,92,92020,PARIS AVENUE DE N° IMPAIRS,48.80747,2.2944,Plein jour,En agglomération,Hors intersection,Normale,Sans collision,3,2,2,0,2,1,1,0,1,50,,2,1,0,0,1,37.0,49.0,,,1,2,1,1,7
202100028513,2021-07-17 20:05:00,2021,7,17,20,5,92,92012,DANJOU (RUE) 17/FIN - 20/FIN,48.83219,2.24879,Plein jour,En agglomération,Intersection en X,Normale,Deux véhicules - côté,4,1,1,0,1,1,1,0,1,30,,2,1,0,0,1,24.0,62.0,,,1,2,2,1,3
202100028514,2021-07-18 14:30:00,2021,7,18,14,30,87,87157,Rd 5,45.948106,1.510105,Plein jour,Hors agglomération,Hors intersection,Normale,Deux véhicules - frontale,3,2,2,0,2,3,1,0,1,-1,,2,1,1,0,0,74.0,48.0,,,1,1,1,1,1
202100028515,2021-07-16 16:00:00,2021,7,16,16,0,01,01279,D1504,45.945935,5.479447,Plein jour,Hors agglomération,Hors intersection,Normale,Deux véhicules - côté,3,2,2,0,2,3,1,0,1,80,,2,1,0,1,0,20.0,38.0,,,1,1,1,1,3
202100028516,2021-07-18 15:18:00,2021,7,18,15,18,28,28398,Autroute A11 PK 100+400,48.238552,1.063228,Plein jour,Hors agglomération,Hors intersection,Normale,Autre collision,1,3,3,0,1,1,1,0,3,130,,2,0,0,2,0,44.0,,,,1,1,1,1,6
202100028517,2021-07-18 06:00:00,2021,7,18,6,0,27,27391,Rue d Ezy,48.828728,1.347794,Plein jour,En agglomération,Intersection en T,Normale,Sans collision,3,2,2,0,1,2,1,0,3,50,,1,0,0,1,0,19.0,,,,1,2,3,1,7
202100028518,2021-07-18 15:55:00,2021,7,18,15,55,71,71202,Autoroute A6 sens LYON/PARIS PK 323+060,46.859507,4.823622,Plein jour,Hors agglomération,Hors intersection,Normale,Sans collision,1,3,5,0,1,1,1,0,1,130,,2,0,0,2,0,60.0,,,,1,1,1,1,7
202100028519,2021-07-18 12:20:00,2021,7,18,12,20,83,83019,Route de Cabasson,43.12011,6.324606,Plein jour,Hors agglomération,Hors intersection,Normale,Sans collision,3,2,2,0,2,3,1,0,3,-1,,1,0,0,1,0,54.0,,,,1,1,1,1,7
202100028520,2021-07-17 23:10:00,2021,7,17,23,10,34,34123,N109,43.626112,3.784833,Nuit sans éclairage public,Hors agglomération,Hors intersection,Normale,Autre collision,2,3,2,0,1,1,1,0,8,110,,2,0,1,0,1,27.0,,,,3,1,1,1,6
202100028521,2021-07-17 20:15:00,2021,7,17,20,15,22,22337,La Croix Charles Alain,48.360637,-2.299595,Plein jour,Hors agglomération,Hors intersection,Normale,Sans collision,3,2,2,0,1,3,1,0,3,80,,1,0,1,0,0,38.0,,,,1,1,1,1,7
202100028522,2021-07-18 11:20:00,2021,7,18,11,20,62,62870,D303,50.415163,1.69153,Plein jour,Hors agglomération,Hors intersection,Normale,Deux véhicules - côté,3,2,2,0,1,1,1,0,1,80,,7,5,0,2,0,31.0,23.0,,,1,1,1,1,3
202100028523,2021-07-18 16:10:00,2021,7,18,16,10,56,56089,Ty Névé Baymant,47.982762,-3.307196,Plein jour,Hors agglomération,Hors intersection,Normale,Autre collision,4,2,2,0,2,2,1,0,3,80,,3,1,1,1,0,23.0,,,,1,1,1,1,6
202100028524,2021-07-18 12:00:00,2021,7,18,12,0,74,74241,Rte de Marignier,46.135196,6.478554,Plein jour,Hors agglomération,Hors intersection,Normale,Deux véhicules - côté,3,2,2,0,1,1,1,0,1,80,,4,2,0,1,1,23.0,59.0,,,1,1,1,1,3
202100028525,2021-07-18 17:55:00,2021,7,18,17,55,67,67281,D468,48.136774,7.543981,Plein jour,Hors agglomération,Hors intersection,Normale,Sans collision,3,2,2,0,1,1,1,0,3,70,,1,0,1,0,0,54.0,,,,1,1,1,1,7
202100028526,2021-07-17 17:26:00,2021,7,17,17,26,2A,2A092,RT10,41.727543,9.401943,Plein jour,Hors agglomération,Hors intersection,Normale,Deux véhicules - côté,2,2,2,0,1,3,1,0,1,80,,3,0,0,0,3,35.0,48.0,,,1,1,1,1,3
202100028527,2021-07-18 16:30:00,2021,7,18,16,30,65,65025,D918,42.999131,-0.111446,Plein jour,Hors agglomération,Hors intersection,Normale,Deux véhicules - frontale,3,2,2,0,2,3,1,0,1,80,,2,0,0,0,2,34.0,50.0,,,1,1,1,1,1
202100028528,2021-07-18 15:35:00,2021,7,18,15,35,69,69214,D 504,46.004534,4.357436,Plein jour,Hors agglomération,Hors intersection,Normale,Deux véhicules - côté,3,2,2,0,2,1,1,0,1,80,,7,6,0,1,0,24.0,32.0,,,1,1,1,1,3
202100028529,2021-07-18 12:00:00,2021,7,18,12,0,71,71310,Rue du Bois Bretoux,46.737522,4.477589,Plein jour,En agglomération,Intersection en X,Normale,Sans collision,3,2,2,0,1,1,1,0,1,50,,1,0,0,0,1,33.0,,,,1,2,2,1,7
202100028530,2021-07-17 18:50:00,2021,7,17,18,50,63,63319,D252a,45.5443363997,3.8869443487,Plein jour,Hors agglomération,Hors intersection,Normale,Sans collision,3,2,2,0,3,2,1,0,1,-1,,2,0,0,0,2,16.0,,,,1,1,1,1,7
202100028531,2021-07-18 17:30:00,2021,7,18,17,30,61,61300,La Louvetterie,48.468582,0.827,Plein jour,Hors agglomération,Hors intersection,Normale,Sans collision,3,2,2,0,4,3,1,0,1,90,,1,0,0,1,0,24.0,,,,1,1,1,1,7
202100028532,2021-07-18 08:25:00,2021,7,18,8,25,61,61207,La Maladrerie,48.320247,0.514361,Plein jour,En agglomération,Hors intersection,Temps éblouissant,Deux véhicules - côté,3,2,2,0,1,1,1,0,1,50,,2,1,0,0,1,35.0,27.0,,,1,2,1,7,3
202100028533,2021-07-17 17:00:00,2021,7,17,17,0,34,34079,Cours de la Chicane,43.625751,3.437337,Plein jour,En agglomération,Intersection en T,Normale,Deux véhicules - côté,4,2,2,0,1,1,1,0,1,50,,2,1,0,1,0,55.0,62.0,,,1,2,3,1,3
202100028534,2021-07-17 16:10:00,2021,7,17,16,10,34,34293,Chemin du Redoundel,43.604891,2.701663,Plein jour,En agglomération,Hors intersection,Normale,Deux véhicules - frontale,4,2,2,0,1,1,1,0,1,50,,2,1,0,1,0,91.0,15.0,,,1,2,1,1,1
202100028535,2021-07-17 23:10:00,2021,7,17,23,10,39,39189,,47.076274,5.401304,Nuit sans éclairage public,Hors agglomération,Hors intersection,Normale,Sans collision,3,2,2,0,1,1,1,0,6,80,,1,0,0,1,0,56.0,,,,3,1,1,1,7
202100028536,2021-07-10 14:20:00,2021,7,10,14,20,35,35161,Rue Madame de Sévigné,48.048592,-1.330634,Plein jour,En agglomération,Hors intersection,Normale,Deux véhicules - frontale,3,2,2,0,1,1,1,0,1,50,,2,1,0,1,0,38.0,38.0,,,1,2,1,1,1
202100028537,2021-07-18 09:40:00,2021,7,18,9,40,35,35227,giratoire D68,48.175974,-1.925933,Plein jour,Hors agglomération,Giratoire,Normale,Deux véhicules - arrière,3,1,1,0,3,1,1,5,1,80,,2,1,0,1,0,36.0,30.0,,,1,1,6,1,2
202100028538,2021-07-17 16:20:00,2021,7,17,16,20,31,31246,D817,43.112228,0.853357,Plein jour,Hors agglomération,Hors intersection,Normale,Autre collision,3,2,2,0,1,1,1,0,3,80,,5,2,0,1,2,48.0,,,,1,1,1,1,6
202100028539,2021-07-18 12:10:00,2021,7,18,12,10,84,84017,le jas de perrache,44.120195,5.233366,Plein jour,Hors agglomération,Hors intersection,Normale,Deux véhicules - frontale,3,2,2,0,2,2,1,0,1,80,,3,2,0,1,0,24.0,44.0,,,1,1,1,1,1
202100028540,2021-07-17 14:15:00,2021,7,17,14,15,03,03178,le tonkin RD 15,46.253035,3.803415,Plein jour,Hors agglomération,Hors intersection,Normale,Deux véhicules - côté,3,2,2,0,1,2,1,0,1,90,,4,2,0,1,1,19.0,65.0,,,1,1,1,1,3
202100028541,2021-07-18 06:00:00,2021,7,18,6,0,15,15038,RD 679,45.365383,2.588353,Nuit sans éclairage public,Hors agglomération,Hors intersection,Normale,Autre collision,3,2,2,0,1,4,1,0,3,90,,1,0,0,0,1,41.0,,,,3,1,1,1,6
202100028542,2021-07-18 06:30:00,2021,7,18,6,30,01,01113,La Buissonnière,46.157782,5.092104,Crépuscule ou aube,Hors agglomération,Hors intersection,Normale,Autre collision,4,2,2,0,1,1,1,0,3,80,,1,0,0,0,1,20.0,,,,2,1,1,1,6
202100028543,2021-07-17 13:20:00,2021,7,17,13,20,26,26292,166 Montee de Pequin,44.287179,5.416431,Plein jour,Hors agglomération,Hors intersection,Normale,Deux véhicules - frontale,3,2,2,0,1,2,1,0,1,80,,4,0,0,0,4,20.0,24.0,,,1,1,1,1,1
202100028544,2021-07-17 19:00:00,2021,7,17,19,0,26,26357,15 Place du Cours,44.285912,4.929589,Plein jour,En agglomération,Hors intersection,Normale,Deux véhicules - côté,3,2,2,0,1,1,1,0,1,50,,3,1,0,1,1,34.0,44.0,,,1,2,1,1,3