accident_id,datetime,annee,mois,jour,heure,minute,departement,commune_insee,adresse,latitude,longitude,luminosite,agglomeration,intersection,meteo,collision,catr,circ,nbv,vosp,prof,plan,surf,infra,situ,vma,nb_vehicules,nb_usagers,nb_indemnes,nb_tues,nb_blesses_hosp,nb_blesses_legers,age_cond_1,age_cond_2,veh_type_cond_1,veh_type_cond_2,lum_code,agg_code,int_code,atm_code,col_code
202100028545,2021-07-07 17:30:00,2021,7,7,17,30,26,26073,Route de Valaurie,44.407094,4.827906,Plein jour,Hors agglomération,Hors intersection,Normale,Deux véhicules - frontale,3,2,2,0,2,1,1,0,1,70,,2,1,0,1,0,27.0,25.0,,,1,1,1,1,1
202100028546,2021-07-18 16:15:00,2021,7,18,16,15,72,72248,Rue du Pont de l Arche,47.83799,0.43309,Plein jour,En agglomération,Hors intersection,Normale,Deux véhicules - frontale,3,2,2,0,2,3,1,0,1,50,,4,1,0,0,3,23.0,53.0,,,1,2,1,1,1
202100028547,2021-07-17 11:20:00,2021,7,17,11,20,14,14726,D512,48.854,-0.654137,Plein jour,Hors agglomération,Hors intersection,Normale,Autre collision,3,2,2,0,1,1,1,0,3,90,,1,0,0,1,0,19.0,,,,1,1,1,1,6
202100028548,2021-07-15 17:30:00,2021,7,15,17,30,64,64547,Chemin Oihan Bidea,43.391203,-1.491759,Plein jour,Hors agglomération,Hors intersection,Normale,Deux véhicules - frontale,4,2,2,0,1,1,1,0,1,-1,,2,1,0,1,0,70.0,14.0,,,1,1,1,1,1
202100028549,2021-07-18 01:10:00,2021,7,18,1,10,64,64519,Chemin des Lanots,43.373009,-0.360299,Nuit avec éclairage allumé,En agglomération,Hors intersection,Normale,Sans collision,4,2,2,0,1,1,1,0,1,50,,1,0,0,1,0,27.0,,,,5,2,1,1,7
202100028550,2021-07-18 17:15:00,2021,7,18,17,15,21,21412,D974,46.953953,4.766049,Plein jour,Hors agglomération,Intersection en T,Normale,Deux véhicules - côté,3,2,2,0,1,1,1,0,1,90,,3,2,1,0,0,68.0,61.0,,,1,1,3,1,3
202100028551,2021-07-17 15:40:00,2021,7,17,15,40,24,24064,8 Avenue de Perigueux,45.357664,0.651986,Plein jour,En agglomération,Hors intersection,Normale,Autre collision,3,2,2,0,1,3,1,0,4,50,,3,1,0,0,2,61.0,,,,1,2,1,1,6
202100028552,2021-07-17 14:00:00,2021,7,17,14,0,85,85101,La Joyeuse,46.491948,-1.412555,Plein jour,Hors agglomération,Intersection en X,Normale,Deux véhicules - frontale,3,2,1,0,1,1,1,0,1,80,,2,1,0,0,1,22.0,24.0,,,1,1,2,1,1
202100028553,2021-07-17 06:15:00,2021,7,17,6,15,27,27467,Rue de l Etang,49.353095,0.492759,Crépuscule ou aube,En agglomération,Hors intersection,Normale,Autre collision,3,2,2,0,3,2,1,0,4,50,,2,1,0,1,0,27.0,,,,2,2,1,1,6
202100028554,2021-07-18 20:06:00,2021,7,18,20,6,27,27313,Route de Fouqueville,49.230111,0.993342,Plein jour,En agglomération,Intersection en X,Normale,Deux véhicules - côté,4,2,2,0,1,1,1,0,1,50,,2,0,0,0,2,55.0,47.0,,,1,2,2,1,3
202100028555,2021-07-18 17:00:00,2021,7,18,17,0,28,28322,Route Departementale 941,48.707943,0.922591,Plein jour,Hors agglomération,Hors intersection,Temps éblouissant,Autre collision,3,2,2,0,2,1,1,0,3,80,,2,0,0,2,0,68.0,,,,1,1,1,7,6
202100028556,2021-07-17 17:30:00,2021,7,17,17,30,38,38450,A49,45.294792,5.554774,Plein jour,Hors agglomération,Hors intersection,Normale,Deux véhicules - arrière,1,1,4,0,1,1,1,0,1,130,,6,4,0,0,2,19.0,58.0,,,1,1,1,1,2
202100028557,2021-07-12 18:20:00,2021,7,12,18,20,67,67471,6 Rue des Vosges,48.632313,7.748516,Plein jour,En agglomération,Intersection en X,Normale,Deux véhicules - côté,4,2,2,0,1,1,1,0,5,40,,3,2,0,1,0,17.0,69.0,,,1,2,2,1,3
202100028558,2021-07-18 03:50:00,2021,7,18,3,50,67,67152,D401,48.522471,7.666435,Nuit sans éclairage public,Hors agglomération,Giratoire,Normale,Autre collision,7,3,4,0,1,1,1,5,3,70,,1,0,1,0,0,54.0,,,,3,1,6,1,6
202100028559,2021-07-06 15:30:00,2021,7,6,15,30,06,06085,Avenue de la Plaine,43.611056,6.976439,Plein jour,En agglomération,Intersection en T,Normale,Sans collision,4,2,2,0,1,1,1,0,1,50,,2,1,0,0,1,33.0,51.0,,,1,2,3,1,7
202100028560,2021-07-17 19:30:00,2021,7,17,19,30,31,31145,D820 - PK66+900,43.288999,1.537228,Plein jour,Hors agglomération,Hors intersection,Normale,Deux véhicules - côté,3,2,2,0,1,1,1,9,1,80,,4,1,0,0,3,30.0,72.0,,,1,1,1,1,3
202100028561,2021-07-18 01:05:00,2021,7,18,1,5,02,02655,A4,49.134195,3.609288,Nuit sans éclairage public,Hors agglomération,Hors intersection,Normale,Deux véhicules - arrière,1,1,4,0,1,1,1,0,1,130,,6,1,0,1,4,52.0,38.0,,,3,1,1,1,2
202100028562,2021-07-18 10:30:00,2021,7,18,10,30,988,98832,RPS3,-22.16718,166.79209,Plein jour,Hors agglomération,Hors intersection,Normale,Sans collision,3,2,2,0,1,3,1,0,3,90,,1,0,0,1,0,50.0,,,,1,1,1,1,7
202100028563,2021-07-17 17:10:00,2021,7,17,17,10,77,77148,D102,49.06813,3.075657,Plein jour,Hors agglomération,Hors intersection,Normale,Deux véhicules - côté,3,2,2,0,1,1,1,0,1,80,,2,1,0,0,1,,17.0,,,1,1,1,1,3
202100028564,2021-07-18 00:16:00,2021,7,18,0,16,30,30042,Place Emile Chambon,44.049569,4.020567,Nuit sans éclairage public,En agglomération,Giratoire,Normale,Autre collision,3,2,2,0,4,1,1,5,1,-1,,5,0,0,2,3,18.0,,,,3,2,6,1,6
202100028565,2021-07-17 16:40:00,2021,7,17,16,40,05,05089,RD 1075,44.387021,5.743586,Plein jour,Hors agglomération,Hors intersection,Normale,Deux véhicules - côté,3,2,2,0,1,3,1,0,1,90,,6,3,0,0,3,60.0,42.0,,,1,1,1,1,3
202100028566,2021-07-16 20:10:00,2021,7,16,20,10,13,13022,6 Avenue de Provence,43.215447,5.544957,Plein jour,En agglomération,Hors intersection,Normale,Sans collision,4,2,2,0,1,1,1,0,1,30,,1,0,0,1,0,20.0,,,,1,2,1,1,7
202100028567,2021-07-18 02:45:00,2021,7,18,2,45,26,26072,Autoroute du Soleil,45.126556,4.896308,Nuit sans éclairage public,Hors agglomération,Hors intersection,Normale,Deux véhicules - arrière,1,3,5,0,2,2,1,0,1,130,,7,4,0,0,3,40.0,20.0,,,3,1,1,1,2
202100028568,2021-07-18 17:00:00,2021,7,18,17,0,88,88322,D30,48.156218,6.664345,Plein jour,Hors agglomération,Hors intersection,Normale,Sans collision,3,2,2,0,2,2,1,0,3,80,,1,0,0,0,1,17.0,,,,1,1,1,1,7
202100028569,2021-07-17 19:01:00,2021,7,17,19,1,74,74211,Rte de Reignier,46.114449,6.261091,Plein jour,Hors agglomération,Hors intersection,Normale,Deux véhicules - frontale,3,2,2,0,2,1,1,0,1,80,,4,1,0,3,0,55.0,25.0,,,1,1,1,1,1
202100028570,2021-07-18 16:15:00,2021,7,18,16,15,73,73114,D909,45.852959,6.500269,Plein jour,Hors agglomération,Hors intersection,Normale,Deux véhicules - frontale,3,2,2,0,1,1,1,0,1,80,,3,1,0,1,1,30.0,26.0,,,1,1,1,1,1
202100028571,2021-07-18 15:45:00,2021,7,18,15,45,38,38548,Route de Bois Barbu,45.068471,5.535049,Plein jour,Hors agglomération,Hors intersection,Normale,Deux véhicules - frontale,3,2,2,0,2,3,1,0,1,80,,4,3,0,1,0,9.0,35.0,,,1,1,1,1,1
202100028572,2021-07-17 18:10:00,2021,7,17,18,10,38,38545,Avenue de la Gare,45.046928,5.688204,Plein jour,En agglomération,Hors intersection,Normale,Deux véhicules - frontale,7,2,2,0,1,1,1,0,1,70,,5,2,0,2,1,71.0,32.0,,,1,2,1,1,1
202100028573,2021-07-17 20:00:00,2021,7,17,20,0,09,09014,Route de Luchon,42.926593,1.000609,Plein jour,Hors agglomération,Hors intersection,Normale,Autre collision,3,2,2,0,1,3,1,0,3,80,,1,0,0,1,0,74.0,,,,1,1,1,1,6
202100028574,2021-07-17 02:15:00,2021,7,17,2,15,31,31568,D2,43.4744995403,1.6923558712,Nuit sans éclairage public,Hors agglomération,Hors intersection,Normale,Deux véhicules - frontale,3,2,2,0,1,1,1,0,1,80,,2,1,0,1,0,43.0,46.0,,,3,1,1,1,1
202100028575,2021-07-17 20:00:00,2021,7,17,20,0,40,40202,Route de Sort,43.691995,-0.998731,Crépuscule ou aube,En agglomération,Intersection en T,Normale,Deux véhicules - côté,3,2,2,0,1,1,1,0,1,50,,2,1,0,1,0,19.0,20.0,,,2,2,3,1,3
202100028576,2021-07-17 19:10:00,2021,7,17,19,10,33,33366,Avenue Jules Ferry,45.001262,-0.429945,Plein jour,En agglomération,Autre intersection,Normale,Deux véhicules - côté,3,2,2,0,1,1,1,0,1,50,,2,1,0,1,0,7.0,25.0,,,1,2,9,1,3
202100028577,2021-07-18 00:00:00,2021,7,18,0,0,33,33551,11 Lieu Dit Bidou,45.078597,-0.620486,Nuit avec éclairage allumé,Hors agglomération,Hors intersection,Normale,Autre collision,4,2,2,0,1,1,1,0,1,80,,1,0,0,1,0,15.0,,,,5,1,1,1,6
202100028578,2021-07-17 21:05:00,2021,7,17,21,5,50,50099,D913,49.336239,-1.262966,Crépuscule ou aube,Hors agglomération,Intersection en X,Temps éblouissant,Deux véhicules - frontale,2,3,-1,-1,1,1,1,5,1,-1,,5,1,0,0,4,23.0,28.0,,,2,1,2,7,1
202100028579,2021-07-17 17:00:00,2021,7,17,17,0,14,14068,D141,49.243936,-0.330494,Plein jour,Hors agglomération,Intersection en X,Normale,Deux véhicules - arrière,3,2,2,0,4,1,1,0,1,80,,3,2,0,1,0,21.0,63.0,,,1,1,2,1,2
202100028580,2021-07-16 14:45:00,2021,7,16,14,45,35,35047,Avenue Alphonse Legault,48.025826,-1.733458,Plein jour,En agglomération,Intersection en Y,Temps éblouissant,Deux véhicules - arrière,7,2,2,2,1,1,1,0,1,-1,,2,1,0,1,0,73.0,44.0,,,1,2,4,7,2
202100028581,2021-07-17 18:30:00,2021,7,17,18,30,27,27439,D155,49.066858,1.172742,Plein jour,En agglomération,Intersection en T,Normale,Deux véhicules - frontale,3,2,2,0,2,1,1,0,1,50,,2,1,0,1,0,20.0,41.0,,,1,2,3,1,1
202100028582,2021-07-18 12:45:00,2021,7,18,12,45,27,27165,Route de Breteuil,48.943875,0.94543,Plein jour,En agglomération,Hors intersection,Normale,Deux véhicules - arrière,3,2,2,0,1,1,1,0,1,70,,5,0,0,0,5,27.0,58.0,,,1,2,1,1,2
202100028583,2021-07-18 06:22:00,2021,7,18,6,22,60,60346,Avenue de Royaumont,49.161544,2.387359,Plein jour,En agglomération,Hors intersection,Normale,Autre collision,3,2,2,0,1,3,1,0,3,50,,3,1,0,0,2,22.0,,,,1,2,1,1,6
202100028584,2021-07-18 19:15:00,2021,7,18,19,15,60,60575,D55,49.2878155725,2.2233506178,Plein jour,Hors agglomération,Hors intersection,Temps éblouissant,Sans collision,3,2,2,0,2,1,1,0,3,80,,1,0,0,0,1,23.0,,,,1,1,1,7,7
202100028585,2021-07-16 09:00:00,2021,7,16,9,0,59,59634,Route du Bourbourg,50.723772,2.471733,Plein jour,Hors agglomération,Autre intersection,Normale,Deux véhicules - côté,3,2,1,0,1,1,1,5,1,70,,3,1,0,2,0,76.0,36.0,,,1,1,9,1,3
202100028586,2021-07-16 02:07:00,2021,7,16,2,7,13,13005,A50-Sens Marseille vers Aubagne,43.274421,5.588676,Nuit sans éclairage public,Hors agglomération,Hors intersection,Normale,Deux véhicules - côté,1,1,4,0,2,1,1,0,1,110,,2,1,0,0,1,38.0,33.0,,,3,1,1,1,3
202100028587,2021-07-16 17:35:00,2021,7,16,17,35,33,33162,ROCADE A 630,44.871121,-0.642292,Plein jour,Hors agglomération,Hors intersection,Normale,Trois véhicules et plus - en chaîne,1,3,4,0,1,1,1,8,1,70,,4,3,0,0,1,28.0,42.0,,,1,1,1,1,4
202100028588,2021-07-17 00:30:00,2021,7,17,0,30,91,91553,RN 104,48.629221,2.482797,Nuit sans éclairage public,Hors agglomération,Hors intersection,Normale,Deux véhicules - arrière,2,1,3,0,2,1,1,0,1,110,,5,2,0,0,3,26.0,26.0,,,3,1,1,1,2
202100028589,2021-07-17 00:00:00,2021,7,17,0,0,92,92072,N118,48.824997576,2.2209931165,Nuit avec éclairage non allumé,Hors agglomération,Hors intersection,Normale,Autre collision,2,3,5,0,2,2,1,0,1,70,,2,0,0,0,2,45.0,,,,4,1,1,1,6
202100028590,2021-07-17 13:10:00,2021,7,17,13,10,93,93010,AUTOROUTE A3,48.91642,2.47775,Plein jour,Hors agglomération,Hors intersection,Normale,Deux véhicules - arrière,1,3,8,0,1,3,1,0,1,70,,2,1,0,0,1,21.0,44.0,,,1,1,1,1,2
202100028591,2021-07-17 09:10:00,2021,7,17,9,10,93,93005,AUTOROUTE A3,48.96804,2.47783,Plein jour,Hors agglomération,Hors intersection,Normale,Deux véhicules - arrière,1,3,-1,0,1,1,1,0,1,90,,2,1,0,0,1,26.0,43.0,,,1,1,1,1,2
202100028592,2021-07-17 06:35:00,2021,7,17,6,35,93,93010,AUTOROUTE A3,48.89203,2.4732,Crépuscule ou aube,Hors agglomération,Hors intersection,Normale,Autre collision,1,3,10,0,2,1,1,2,1,70,,1,0,0,0,1,35.0,,,,2,1,1,1,6
202100028593,2021-07-16 18:30:00,2021,7,16,18,30,95,95488,A15,49.01343,2.14822,Plein jour,Hors agglomération,Hors intersection,Normale,Deux véhicules - côté,1,3,6,0,1,1,1,0,1,110,,2,1,0,0,1,25.0,28.0,,,1,1,1,1,3
202100028594,2021-07-15 22:40:00,2021,7,15,22,40,93,93027,AUTOROUTE A86,48.9241,2.387,Nuit sans éclairage public,En agglomération,Hors intersection,Normale,Deux véhicules - côté,1,3,8,0,1,1,1,0,1,90,,5,3,0,0,2,44.0,20.0,,,3,2,1,1,3
202100028595,2021-07-17 20:50:00,2021,7,17,20,50,93,93051,A4,48.8355814772,2.5679362605,Plein jour,Hors agglomération,Hors intersection,Normale,Deux véhicules - arrière,1,3,4,0,1,1,1,0,1,110,,2,1,0,0,1,26.0,,,,1,1,1,1,2
202100028596,2021-07-17 17:00:00,2021,7,17,17,0,77,77373,RN104,48.7869240079,2.6174129882,Plein jour,Hors agglomération,Hors intersection,Normale,Deux véhicules - arrière,2,3,3,0,1,1,1,0,1,90,,4,3,0,0,1,30.0,24.0,,,1,1,1,1,2
202100028597,2021-07-17 10:30:00,2021,7,17,10,30,94,94042,A4,48.8275727947,2.4704969547,Plein jour,Hors agglomération,Hors intersection,Normale,Autre collision,1,3,6,0,1,1,1,0,1,90,,3,2,0,0,1,88.0,30.0,,,1,1,1,1,6
202100028598,2021-07-16 04:20:00,2021,7,16,4,20,75,75112,A4,48.8215162124,2.4620640278,Nuit sans éclairage public,Hors agglomération,Hors intersection,Pluie légère,Deux véhicules - côté,1,3,4,0,1,2,2,0,1,90,,2,1,0,0,1,46.0,28.0,,,3,1,1,2,3
202100028599,2021-07-16 12:50:00,2021,7,16,12,50,64,64237,D 802,43.279015,-0.375759,Plein jour,Hors agglomération,Hors intersection,Normale,Autre collision,3,2,2,0,1,1,1,0,1,70,,2,1,0,0,1,64.0,,,,1,1,1,1,6
202100028600,2021-07-16 05:55:00,2021,7,16,5,55,976,97611,m'tsapere-Nationale 2 (route),-12.78748,45.22537,Crépuscule ou aube,En agglomération,Hors intersection,Normale,Deux véhicules - côté,4,2,2,0,1,1,1,0,1,50,,2,1,0,1,0,30.0,27.0,,,2,2,1,1,3
202100028601,2021-07-16 10:15:00,2021,7,16,10,15,974,97411,BOIS DE NEFLES (ROUTE DE),-20.8939,55.47841,Plein jour,En agglomération,Intersection en X,Pluie légère,Deux véhicules - côté,4,-1,2,0,1,1,2,0,1,50,,2,1,0,0,1,,72.0,,,1,2,2,2,3
202100028602,2021-07-16 07:45:00,2021,7,16,7,45,974,97411,CHAUDRON  (BLD 1 DU),-20.89737,55.49634,Plein jour,En agglomération,Hors intersection,Normale,Deux véhicules - côté,4,2,2,0,1,1,1,0,1,50,,2,1,0,0,1,43.0,26.0,,,1,2,1,1,3
202100028603,2021-07-16 16:50:00,2021,7,16,16,50,973,97302,MADELEINE (ROUTE DE LA),4.9134611819,-52.3206982613,Plein jour,En agglomération,Autre intersection,Normale,Deux véhicules - côté,3,2,2,2,1,1,1,9,1,50,,2,1,0,1,0,21.0,32.0,,,1,2,9,1,3
202100028604,2021-07-16 16:40:00,2021,7,16,16,40,69,69259,YVES FARGE (BD),45.6889339077,4.8618149757,Plein jour,En agglomération,Intersection en X,Normale,Deux véhicules - côté,7,2,2,0,1,1,1,0,1,50,,2,1,0,0,1,21.0,40.0,,,1,2,2,1,3
202100028605,2021-07-16 17:05:00,2021,7,16,17,5,972,97209,AUTOROUTE (A1),14.61827,-61.03856,Plein jour,Hors agglomération,Hors intersection,Normale,Deux véhicules - arrière,1,1,6,0,1,1,1,0,1,90,,2,0,0,0,2,57.0,22.0,,,1,1,1,1,2
202100028606,2021-07-16 13:55:00,2021,7,16,13,55,972,97209,AUTOROUTE (A1),14.61466,-61.04822,Plein jour,Hors agglomération,Hors intersection,Normale,Deux véhicules - arrière,1,1,6,0,1,1,1,0,1,90,,2,1,0,1,0,23.0,37.0,,,1,1,1,1,2
202100028607,2021-07-15 06:35:00,2021,7,15,6,35,972,97209,AUTOROUTE (A1),14.6143154849,-61.0504245758,Plein jour,Hors agglomération,Hors intersection,Normale,Trois véhicules et plus - en chaîne,1,3,6,0,2,1,1,0,1,90,,3,2,0,0,1,28.0,24.0,,,1,1,1,1,4
202100028608,2021-07-16 16:45:00,2021,7,16,16,45,69,69381,REPUBLIQUE (DE LA) (R),45.7653129078,4.8359095305,Plein jour,En agglomération,Intersection en X,Normale,Autre collision,4,2,2,3,1,1,1,6,1,50,,2,1,0,0,1,19.0,,,,1,2,2,1,6
202100028609,2021-07-16 05:10:00,2021,7,16,5,10,69,69381,JEAN MOULIN (Q),45.7662269065,4.8380747437,Nuit avec éclairage allumé,En agglomération,Intersection en T,Pluie légère,Deux véhicules - côté,4,1,3,2,1,1,2,0,5,50,,4,2,0,0,2,23.0,38.0,,,5,2,3,2,3
202100028610,2021-07-15 16:00:00,2021,7,15,16,0,69,69381,SAINTE-CATHERINE (R),45.76815,4.83281,Plein jour,En agglomération,Hors intersection,Pluie légère,Autre collision,4,1,1,2,1,1,2,0,1,50,,2,1,0,0,1,20.0,,,,1,2,1,2,6
202100028611,2021-07-12 20:50:00,2021,7,12,20,50,95,95323,ECANCOURT (BOULEVARD D'),49.0104800098,2.0439890913,Plein jour,En agglomération,Giratoire,Pluie légère,Deux véhicules - côté,4,1,1,0,1,2,2,5,1,50,,2,1,0,1,0,50.0,19.0,,,1,2,6,2,3
202100028612,2021-07-15 13:30:00,2021,7,15,13,30,91,91689,BD ARAGO,48.73185,2.31814,Plein jour,En agglomération,Hors intersection,Normale,Deux véhicules - côté,4,2,2,0,1,3,1,0,1,50,,2,1,0,0,1,35.0,22.0,,,1,2,1,1,3
202100028613,2021-07-13 15:30:00,2021,7,13,15,30,89,89024,PONT (RUE DU),47.79466,3.57676,Plein jour,En agglomération,Hors intersection,Normale,Autre collision,4,1,1,0,2,1,1,0,1,50,,2,0,0,1,1,18.0,,,,1,2,1,1,6
202100028614,2021-07-16 03:40:00,2021,7,16,3,40,87,87085,JUIN (RUE DU MARECHAL),45.83183,1.22234,Nuit avec éclairage allumé,En agglomération,Hors intersection,Normale,Autre collision,4,2,2,0,1,4,1,0,1,30,,4,1,0,1,2,18.0,,,,5,2,1,1,6
202100028615,2021-07-15 17:45:00,2021,7,15,17,45,80,80021,LEON DUPONTREUE (RUE),49.90686,2.31803,Plein jour,En agglomération,Giratoire,Temps éblouissant,Deux véhicules - arrière,3,2,-1,-1,1,1,1,0,1,-1,,2,1,0,0,1,46.0,30.0,,,1,2,6,7,2
202100028616,2021-07-14 19:45:00,2021,7,14,19,45,80,80021,CAGNARD (RUE),49.90355,2.2872,Plein jour,En agglomération,Hors intersection,Normale,Deux véhicules - côté,4,2,2,0,4,1,1,0,1,50,,2,0,0,0,2,35.0,48.0,,,1,2,1,1,3
202100028617,2021-07-13 15:08:00,2021,7,13,15,8,80,80021,JEAN MARC LAURENT (RUE),49.87082,2.31086,Plein jour,En agglomération,Intersection en T,Pluie légère,Deux véhicules - côté,4,2,3,0,1,1,2,0,1,50,,2,1,0,0,1,80.0,22.0,,,1,2,3,2,3
202100028618,2021-07-16 17:00:00,2021,7,16,17,0,77,77296,AV PAUL DELOUVRIER,48.62091,2.58187,Plein jour,Hors agglomération,Intersection en T,Normale,Deux véhicules - côté,3,3,6,0,1,1,1,5,1,70,,2,1,0,1,0,,20.0,,,1,1,3,1,3
202100028619,2021-07-14 00:40:00,2021,7,14,0,40,74,74008,GENEVE (RUE DE),46.19278,6.22437,Nuit avec éclairage allumé,En agglomération,Intersection en T,Temps couvert,Autre collision,4,-1,2,0,1,1,1,0,1,50,,1,0,0,0,1,39.0,,,,5,2,3,8,6
202100028620,2021-07-16 11:35:00,2021,7,16,11,35,72,72181,CLEMENCEAU GEORGES ( BD) N° IMP,47.9793,0.215,Plein jour,En agglomération,Autre intersection,Normale,Deux véhicules - arrière,4,3,4,0,1,1,1,0,1,50,,2,1,0,0,1,30.0,42.0,,,1,2,9,1,2
202100028621,2021-07-16 12:49:00,2021,7,16,12,49,66,66136,WILSON (BOULEVARD THOMAS),42.70198,2.89934,Plein jour,En agglomération,Hors intersection,Normale,Deux véhicules - arrière,4,2,2,0,1,1,1,0,1,50,,2,1,0,0,1,52.0,23.0,,,1,2,1,1,2
202100028622,2021-07-16 21:40:00,2021,7,16,21,40,64,64445,EUROPE DE L',43.32335,-0.3154,Plein jour,En agglomération,Intersection en T,Normale,Sans collision,3,2,2,0,1,1,1,0,1,70,,1,0,0,1,0,19.0,,,,1,2,3,1,7
202100028623,2021-07-16 16:25:00,2021,7,16,16,25,64,64132,IDRON D',43.29105,-0.33165,Plein jour,Hors agglomération,Hors intersection,Normale,Deux véhicules - côté,3,-1,1,0,1,1,1,0,1,70,,2,1,0,0,1,60.0,33.0,,,1,1,1,1,3
202100028624,2021-07-17 01:15:00,2021,7,17,1,15,64,64125,Chemin Sempau,43.4478,-1.55841,Nuit sans éclairage public,En agglomération,Hors intersection,Normale,Autre collision,4,2,2,0,2,1,1,0,1,20,,1,0,1,0,0,41.0,,,,3,2,1,1,6
202100028625,2021-07-16 13:30:00,2021,7,16,13,30,64,64102,ROND POINT DU GRAND BASQUE,43.49123,-1.45339,Plein jour,En agglomération,Giratoire,Normale,Deux véhicules - côté,3,1,2,0,1,4,1,0,1,50,,2,1,0,0,1,38.0,35.0,,,1,2,6,1,3
202100028626,2021-07-16 11:25:00,2021,7,16,11,25,64,64024,BOIS BELIN (RUE DU),43.4932,-1.52785,Plein jour,En agglomération,Giratoire,Normale,Deux véhicules - côté,4,1,2,1,1,1,1,5,1,50,,2,1,0,0,1,69.0,65.0,,,1,2,6,1,3
202100028627,2021-07-15 23:30:00,2021,7,15,23,30,64,64102,AQUITAINE (AVENUE DE L'),43.48691,-1.46913,Nuit avec éclairage allumé,En agglomération,Hors intersection,Normale,Deux véhicules - arrière,3,2,3,0,1,1,1,0,1,50,,2,0,0,0,2,34.0,19.0,,,5,2,1,1,2
202100028628,2021-07-15 15:08:00,2021,7,15,15,8,63,63063,JEAN MOULIN (BD)/8mai,45.8301573235,3.1054269322,Plein jour,En agglomération,Intersection en X,Normale,Trois véhicules et plus - en chaîne,4,4,3,0,1,1,1,0,1,50,,5,1,1,0,3,49.0,64.0,,,1,2,2,1,4
202100028629,2021-07-16 14:15:00,2021,7,16,14,15,59,59508,LILLE (RUE DE)MENIN A 8 MAI 1945,50.755293,3.120721,Plein jour,En agglomération,Hors intersection,Normale,Deux véhicules - côté,7,2,2,0,1,1,1,0,1,50,,2,1,0,0,1,34.0,33.0,,,1,2,1,1,3
202100028630,2021-07-16 15:10:00,2021,7,16,15,10,59,59350,SALENGRO ROGER RUE,50.62564,3.11507,Plein jour,En agglomération,Hors intersection,Normale,Deux véhicules - frontale,7,2,2,1,1,3,1,0,1,50,,2,1,0,0,1,55.0,35.0,,,1,2,1,1,1
202100028631,2021-07-13 10:07:00,2021,7,13,10,7,57,57672,GENERAL DE CASTELNAU (RUE DU),49.35218,6.16033,Plein jour,En agglomération,Hors intersection,Pluie légère,Autre collision,4,2,2,0,1,1,2,6,1,50,,2,1,0,0,1,39.0,20.0,,,1,2,1,2,6
202100028632,2021-07-15 10:55:00,2021,7,15,10,55,56,56083,LIBERATION ( AV. DE LA ),47.80325,-3.26677,Plein jour,En agglomération,Intersection en T,Normale,Deux véhicules - côté,3,2,2,0,1,1,1,0,1,30,,2,1,0,0,1,58.0,50.0,,,1,2,3,1,3
202100028633,2021-07-14 07:45:00,2021,7,14,7,45,56,56121,BLUM ( BD LEON ),47.74785,-3.37508,Plein jour,En agglomération,Hors intersection,Normale,Autre collision,4,2,2,0,1,1,1,0,1,30,,1,0,0,0,1,21.0,,,,1,2,1,1,6
202100028634,2021-07-16 07:55:00,2021,7,16,7,55,54,54395,LIBERATION (AVENUE DE LA),48.69727,6.15624,Plein jour,En agglomération,Intersection en T,Normale,Deux véhicules - arrière,7,3,2,0,1,1,1,0,1,50,,2,1,0,0,1,47.0,61.0,,,1,2,3,1,2
202100028635,2021-07-16 14:15:00,2021,7,16,14,15,51,51573,Avenue du 29 Août 1944,49.24887,3.99347,Plein jour,En agglomération,Hors intersection,Temps couvert,Autre collision,4,2,2,2,1,1,1,8,5,50,,2,1,0,0,1,33.0,33.0,,,1,2,1,8,6
202100028636,2021-07-15 07:30:00,2021,7,15,7,30,50,50147,DIVISION LECLERC,49.06704,-1.43116,Crépuscule ou aube,En agglomération,Giratoire,Normale,Deux véhicules - côté,3,-1,0,0,1,3,1,0,1,30,,2,1,0,0,1,55.0,53.0,,,2,2,6,1,3
202100028637,2021-07-16 09:50:00,2021,7,16,9,50,50,50129,Quai Lawton COLLINS,49.6407,-1.6181,Plein jour,En agglomération,Hors intersection,Normale,Deux véhicules - arrière,4,2,2,0,1,1,1,0,1,50,,2,1,0,0,1,57.0,29.0,,,1,2,1,1,2
202100028638,2021-07-13 20:05:00,2021,7,13,20,5,49,49328,GAMBETTA (RUE),47.2597451305,-0.0821989775,Plein jour,En agglomération,Hors intersection,Normale,Sans collision,4,2,2,0,1,1,1,0,1,50,,1,0,0,1,0,65.0,,,,1,2,1,1,7
202100028639,2021-07-16 20:54:00,2021,7,16,20,54,49,49007,MONTAIGNE AVENUE,47.46612,-0.52122,Plein jour,En agglomération,Hors intersection,Normale,Autre collision,4,2,1,0,1,1,1,0,1,30,,3,1,0,0,2,25.0,,,,1,2,1,1,6
202100028640,2021-07-16 07:44:00,2021,7,16,7,44,49,49007,CAMUS BOULEVARD,47.4834866767,-0.5756945908,Plein jour,En agglomération,Giratoire,Normale,Deux véhicules - côté,4,2,2,0,1,3,1,0,1,30,,2,1,0,0,1,24.0,19.0,,,1,2,6,1,3
202100028641,2021-07-15 15:45:00,2021,7,15,15,45,49,49007,,47.44404,-0.53479,Plein jour,En agglomération,Hors intersection,Normale,Autre collision,3,2,2,0,1,1,1,0,1,30,,1,0,0,0,1,81.0,,,,1,2,1,1,6
202100028642,2021-07-15 17:53:00,2021,7,15,17,53,47,47001,CUVIER (AV. GEORGES),44.19548,0.63207,Plein jour,En agglomération,Intersection en X,Normale,Deux véhicules - côté,4,2,2,0,1,1,1,0,1,50,,2,1,0,0,1,42.0,20.0,,,1,2,2,1,3