accident_id,datetime,annee,mois,jour,heure,minute,departement,commune_insee,adresse,latitude,longitude,luminosite,agglomeration,intersection,meteo,collision,catr,circ,nbv,vosp,prof,plan,surf,infra,situ,vma,nb_vehicules,nb_usagers,nb_indemnes,nb_tues,nb_blesses_hosp,nb_blesses_legers,age_cond_1,age_cond_2,veh_type_cond_1,veh_type_cond_2,lum_code,agg_code,int_code,atm_code,col_code
202100028643,2021-07-15 10:35:00,2021,7,15,10,35,44,44184,MAINE (RUE DU) DU 33 AU 103 - DU 36 AU 1,47.2807,-2.21008,Plein jour,En agglomération,Intersection en X,Normale,Deux véhicules - côté,4,2,1,0,1,1,1,0,1,50,,2,1,0,0,1,39.0,,,,1,2,2,1,3
202100028644,2021-07-15 17:10:00,2021,7,15,17,10,37,37261,BEDAUX (AVENUE CHARLES),47.377335123,0.669554472,Plein jour,En agglomération,Hors intersection,Normale,Autre collision,4,2,0,0,1,1,1,0,1,50,,1,0,0,1,0,20.0,,,,1,2,1,1,6
202100028645,2021-07-15 16:55:00,2021,7,15,16,55,37,37122,ARAGO (RUE FRANCOIS),47.3451903772,0.6614689529,Plein jour,En agglomération,Hors intersection,Normale,Autre collision,4,2,2,0,1,1,1,0,1,30,,4,3,0,0,1,17.0,26.0,,,1,2,1,1,6
202100028646,2021-07-16 12:25:00,2021,7,16,12,25,35,35238,FOUGERES (RUE DE),48.13187,-1.63542,Plein jour,En agglomération,Intersection en X,Normale,Deux véhicules - côté,4,2,4,2,1,1,1,5,1,50,,2,0,0,0,2,32.0,33.0,,,1,2,2,1,3
202100028647,2021-07-15 06:57:00,2021,7,15,6,57,34,34032,ROUTE DE CORNEILHAN (RD.154),43.3759,3.20559,Plein jour,Hors agglomération,Hors intersection,Normale,Trois véhicules et plus - collisions multiples,3,2,2,0,3,3,1,0,1,80,,3,1,1,1,0,64.0,53.0,,,1,1,1,1,5
202100028648,2021-07-17 01:40:00,2021,7,17,1,40,33,33063,Rue Sainte-Catherine,44.840235,-0.574218,Nuit avec éclairage allumé,En agglomération,Intersection en T,Normale,Deux véhicules - frontale,4,-1,0,0,2,1,1,0,1,30,,2,0,0,0,2,42.0,39.0,,,5,2,3,1,1
202100028649,2021-07-16 16:40:00,2021,7,16,16,40,33,33063,Rue de Bethmann,44.82272,-0.60324,Plein jour,En agglomération,Hors intersection,Normale,Deux véhicules - arrière,4,2,2,0,1,1,1,0,1,50,,2,1,0,0,1,,55.0,,,1,2,1,1,2
202100028650,2021-07-17 00:00:00,2021,7,17,0,0,31,31555,STRASBOURG (BD DE) DU 2AU 66,43.6091,1.44545,Nuit avec éclairage allumé,En agglomération,Autre intersection,Normale,Deux véhicules - frontale,4,2,4,3,1,1,1,0,1,50,,3,2,0,0,1,,27.0,,,5,2,9,1,1
202100028651,2021-07-16 15:15:00,2021,7,16,15,15,31,31149,GILET (RUE),43.6101278678,1.3394558972,Plein jour,En agglomération,Hors intersection,Normale,Deux véhicules - côté,4,2,1,0,1,1,1,0,1,50,,2,1,0,0,1,69.0,,,,1,2,1,1,3
202100028652,2021-07-16 04:30:00,2021,7,16,4,30,31,31555,RUE DES MOUETTES,43.57658,1.44019,Nuit avec éclairage allumé,En agglomération,Hors intersection,Normale,Autre collision,4,2,2,0,1,2,1,0,8,50,,2,1,0,0,1,24.0,,,,5,2,1,1,6
202100028653,2021-07-13 22:55:00,2021,7,13,22,55,30,30189,LECLERC GENERAL (AVENUE),43.8293,4.3714,Nuit avec éclairage allumé,En agglomération,Hors intersection,Normale,Deux véhicules - côté,4,2,2,0,1,1,1,0,1,50,,2,1,0,1,0,41.0,49.0,,,5,2,1,1,3
202100028654,2021-07-13 07:30:00,2021,7,13,7,30,30,30189,POMPIDOU GEORGES (AVENUE),43.8377,4.345,Plein jour,En agglomération,Intersection en T,Normale,Autre collision,3,2,4,0,1,1,1,0,4,50,,2,1,0,0,1,,,,,1,2,3,1,6
202100028655,2021-07-05 19:05:00,2021,7,5,19,5,30,30189,LAURIERS  (RUE),43.81641,4.3493,Plein jour,En agglomération,Hors intersection,Normale,Autre collision,4,-1,2,0,1,1,1,0,1,50,,2,1,0,0,1,,,,,1,2,1,1,6
202100028656,2021-07-16 23:15:00,2021,7,16,23,15,30,30007,STALINGRAD (AVENUE DE),44.12491,4.08803,Nuit avec éclairage allumé,En agglomération,Hors intersection,Normale,Autre collision,4,2,2,0,1,1,1,0,3,30,,2,1,0,0,1,30.0,,,,5,2,1,1,6
202100028657,2021-07-13 17:45:00,2021,7,13,17,45,30,30007,ROCHEBELLE (PONT DE),44.1241,4.0717,Plein jour,En agglomération,Hors intersection,Normale,Deux véhicules - frontale,4,1,1,0,1,1,1,2,1,30,,2,1,0,0,1,28.0,27.0,,,1,2,1,1,1
202100028658,2021-07-16 19:05:00,2021,7,16,19,5,27,27229,PAUL (RUE MARCEL),49.028737,1.163348,Plein jour,En agglomération,Hors intersection,Normale,Autre collision,4,2,2,3,1,1,1,0,1,50,,2,1,0,0,1,20.0,,,,1,2,1,1,6
202100028659,2021-07-12 10:30:00,2021,7,12,10,30,26,26198,36 Boulevard de l’Europe,44.54576,4.75555,Plein jour,En agglomération,Giratoire,Normale,Deux véhicules - arrière,4,1,1,0,1,4,1,0,1,50,,2,1,0,1,0,73.0,79.0,,,1,2,6,1,2
202100028660,2021-07-17 01:10:00,2021,7,17,1,10,25,25056,RN 1057 (CH. EPITAPHE-CH. MONTBOUCONS),47.26186,6.00532,Nuit sans éclairage public,Hors agglomération,Hors intersection,Normale,Autre collision,2,3,4,0,1,1,2,2,1,90,,1,0,0,0,1,21.0,,,,3,1,1,1,6
202100028661,2021-07-16 23:40:00,2021,7,16,23,40,25,25056,DOLE RUE DE (entre 82 et 185),47.2297,5.9914,Nuit avec éclairage allumé,En agglomération,Hors intersection,Temps couvert,Sans collision,4,2,2,2,1,1,2,0,1,50,,2,0,0,0,2,27.0,,,,5,2,1,8,7
202100028662,2021-07-07 20:50:00,2021,7,7,20,50,22,22187,RN12,48.5270531372,-2.7528991615,Plein jour,En agglomération,Hors intersection,Pluie légère,Deux véhicules - arrière,2,2,4,0,1,1,2,0,1,90,,2,1,0,0,1,25.0,45.0,,,1,2,1,2,2
202100028663,2021-07-16 11:15:00,2021,7,16,11,15,14,14437,N814,49.16362,-0.30579,Plein jour,Hors agglomération,Hors intersection,Normale,Autre collision,2,3,2,0,1,1,1,0,1,70,,3,1,0,0,2,45.0,55.0,,,1,1,1,1,6
202100028664,2021-07-16 23:15:00,2021,7,16,23,15,13,13210,MIREILLE LAUZE (BOULEVARD),43.2853501217,5.4251148564,Nuit avec éclairage allumé,En agglomération,Hors intersection,Normale,Sans collision,7,2,2,0,1,1,1,0,1,50,,1,0,0,0,1,28.0,,,,5,2,1,1,7
202100028665,2021-07-16 18:00:00,2021,7,16,18,0,13,13209,AVIATEUR LE BRIX (RUE),43.2606348339,5.4032087829,Plein jour,En agglomération,Autre intersection,Normale,Deux véhicules - côté,4,2,3,0,2,1,1,0,1,50,,3,0,0,0,3,62.0,20.0,,,1,2,9,1,3
202100028666,2021-07-15 18:35:00,2021,7,15,18,35,13,13206,LIEUTAUD (COURS),43.2927,5.38269,Plein jour,En agglomération,Hors intersection,Normale,Deux véhicules - côté,4,2,2,0,1,1,1,0,1,50,,3,2,0,0,1,43.0,27.0,,,1,2,1,1,3
202100028667,2021-07-15 11:25:00,2021,7,15,11,25,13,13206,EDMOND ROSTAND (RUE),43.28247,5.38275,Plein jour,En agglomération,Hors intersection,Normale,Deux véhicules - arrière,4,1,1,0,1,1,1,0,1,50,,2,1,0,0,1,23.0,55.0,,,1,2,1,1,2
202100028668,2021-07-16 23:48:00,2021,7,16,23,48,11,11069,D 18,43.19327,2.30356,Nuit sans éclairage public,Hors agglomération,Hors intersection,Normale,Autre collision,3,2,2,0,1,1,1,0,1,80,,2,1,0,1,0,30.0,,,,3,1,1,1,6
202100028669,2021-07-16 14:56:00,2021,7,16,14,56,11,11069,ROCADE NORD - RD 6113,43.2271,2.33243,Plein jour,Hors agglomération,Hors intersection,Normale,Deux véhicules - côté,3,2,2,0,1,1,1,0,1,80,,3,2,0,0,1,30.0,20.0,,,1,1,1,1,3
202100028670,2021-07-16 22:45:00,2021,7,16,22,45,10,10387,GENERAL PATTON (NATIONALE),48.29489,4.06771,Nuit avec éclairage allumé,En agglomération,Giratoire,Normale,Sans collision,4,1,2,0,1,2,1,5,4,50,,1,0,0,0,1,53.0,,,,5,2,6,1,7
202100028671,2021-07-16 12:50:00,2021,7,16,12,50,06,06069,HAUTES RIBES (CHEMIN DES),43.66593,6.89483,Plein jour,En agglomération,Hors intersection,Normale,Sans collision,4,2,1,0,2,1,1,0,1,30,,1,0,0,0,1,18.0,,,,1,2,1,1,7
202100028672,2021-07-16 00:50:00,2021,7,16,0,50,06,06155,LIBERTE AV.DE LA,43.568628,7.074026,Nuit avec éclairage allumé,En agglomération,Autre intersection,Normale,Sans collision,3,2,2,0,1,1,1,0,1,50,,1,0,0,1,0,43.0,,,,5,2,9,1,7
202100028673,2021-07-16 14:40:00,2021,7,16,14,40,04,04070,RN 85,44.047621186,6.2028919436,Plein jour,Hors agglomération,Hors intersection,Normale,Sans collision,2,2,2,0,2,4,1,0,1,70,,1,0,0,1,0,49.0,,,,1,1,1,1,7
202100028674,2021-07-16 14:15:00,2021,7,16,14,15,75,75114,PORTE D ORLEANS,48.820927,2.321828,Plein jour,En agglomération,Intersection en Y,Normale,Trois véhicules et plus - collisions multiples,4,1,3,0,1,1,1,1,1,70,,3,2,0,0,1,21.0,28.0,,,1,2,4,1,5
202100028675,2021-07-16 07:45:00,2021,7,16,7,45,75,75116,PORTE DE SAINT CLOUD,48.837187,2.255484,Plein jour,En agglomération,Hors intersection,Normale,Sans collision,4,1,4,0,1,1,1,0,1,70,,1,0,0,0,1,42.0,,,,1,2,1,1,7
202100028676,2021-07-14 23:30:00,2021,7,14,23,30,75,75120,BOULEVARD MORTIER,48.872163,2.40875,Nuit avec éclairage allumé,En agglomération,Hors intersection,Temps couvert,Autre collision,4,2,4,0,1,1,1,0,1,50,,2,1,0,1,0,33.0,,,,5,2,1,8,6
202100028677,2021-07-16 14:50:00,2021,7,16,14,50,75,75106,RUE DE RENNES,48.845246,2.325212,Plein jour,En agglomération,Hors intersection,Normale,Deux véhicules - côté,4,-1,2,1,1,1,1,0,5,30,,2,1,0,0,1,26.0,33.0,,,1,2,1,1,3
202100028678,2021-07-16 10:25:00,2021,7,16,10,25,75,75106,PLACE SAINT SULPICE,48.851273,2.332951,Plein jour,En agglomération,Place,Normale,Autre collision,4,1,2,0,1,1,1,0,1,30,,2,1,0,0,1,27.0,,,,1,2,7,1,6
202100028679,2021-07-16 12:00:00,2021,7,16,12,0,75,75118,RUE ORDENER,48.891559,2.349622,Plein jour,En agglomération,Intersection en X,Normale,Sans collision,4,2,3,0,1,1,1,0,1,50,,3,1,0,0,2,47.0,,,,1,2,2,1,7
202100028680,2021-07-16 15:00:00,2021,7,16,15,0,75,75117,BOULEVARD PEREIRE,48.880849,2.289954,Plein jour,En agglomération,Intersection en X,Normale,Autre collision,4,1,1,0,1,1,1,0,1,30,,2,1,0,0,1,25.0,,,,1,2,2,1,6
202100028681,2021-07-16 13:50:00,2021,7,16,13,50,75,75117,AVENUE NIEL,48.882927,2.296383,Plein jour,En agglomération,Intersection en X,Normale,Deux véhicules - côté,4,-1,0,0,1,1,1,0,1,30,,2,1,0,0,1,34.0,27.0,,,1,2,2,1,3
202100028682,2021-07-16 10:00:00,2021,7,16,10,0,75,75116,AVENUE FOCH,48.873586,2.292795,Plein jour,En agglomération,Intersection en X,Temps couvert,Autre collision,4,1,1,0,1,1,1,0,1,50,,2,1,0,0,1,40.0,,,,1,2,2,8,6
202100028683,2021-07-16 19:55:00,2021,7,16,19,55,75,75115,RUE CAMBRONNE,48.84262,2.302705,Plein jour,En agglomération,Intersection en X,Normale,Trois véhicules et plus - collisions multiples,4,2,3,0,1,1,1,0,1,50,,3,2,0,0,1,33.0,25.0,,,1,2,2,1,5
202100028684,2021-07-15 05:15:00,2021,7,15,5,15,75,75115,PLACE CHARLES MICHELS,48.8468,2.285713,Nuit avec éclairage allumé,En agglomération,Place,Normale,Deux véhicules - côté,4,2,4,0,1,1,1,5,1,50,,9,7,0,0,2,56.0,19.0,,,5,2,7,1,3
202100028685,2021-07-16 15:20:00,2021,7,16,15,20,75,75114,RUE RAYMOND LOSSERAND,48.836826,2.323199,Plein jour,En agglomération,Intersection en T,Normale,Autre collision,4,1,2,0,1,1,1,0,1,50,,2,1,0,0,1,53.0,48.0,,,1,2,3,1,6
202100028686,2021-07-16 17:20:00,2021,7,16,17,20,75,75113,RUE DES LONGUES RAIES,48.821203,2.350552,Plein jour,En agglomération,Intersection en T,Normale,Autre collision,4,1,1,1,3,1,1,0,5,30,,4,3,0,0,1,65.0,,,,1,2,3,1,6
202100028687,2021-07-16 14:15:00,2021,7,16,14,15,75,75112,BOULEVARD DE LA GUYANE,48.835628,2.412473,Plein jour,En agglomération,Hors intersection,Normale,Deux véhicules - frontale,4,2,4,0,1,1,1,8,1,50,,4,1,0,0,3,67.0,55.0,,,1,2,1,1,1
202100028688,2021-07-16 13:15:00,2021,7,16,13,15,75,75112,VOIE GEORGES POMPIDOU,48.845954,2.36619,Plein jour,En agglomération,Hors intersection,Normale,Deux véhicules - arrière,4,1,3,0,2,1,1,0,1,30,,2,1,0,0,1,27.0,49.0,,,1,2,1,1,2
202100028689,2021-07-16 12:10:00,2021,7,16,12,10,75,75111,BOULEVARD VOLTAIRE,48.865189,2.367727,Plein jour,En agglomération,Intersection en X,Normale,Deux véhicules - arrière,4,2,4,0,1,1,1,0,1,50,,3,2,0,0,1,26.0,62.0,,,1,2,2,1,2
202100028690,2021-07-16 17:30:00,2021,7,16,17,30,75,75115,RUE DESNOUETTES,48.835636,2.286381,Plein jour,En agglomération,Hors intersection,Normale,Deux véhicules - côté,4,-1,1,0,1,1,1,0,1,50,,2,1,0,0,1,49.0,47.0,,,1,2,1,1,3
202100028691,2021-07-16 18:00:00,2021,7,16,18,0,75,75108,AVENUE DES CHAMPS ELYSEES,48.866006,2.319169,Plein jour,En agglomération,Intersection en Y,Normale,Deux véhicules - arrière,4,2,8,3,1,1,1,0,1,50,,3,2,0,0,1,25.0,27.0,,,1,2,4,1,2
202100028692,2021-07-16 10:05:00,2021,7,16,10,5,75,75107,QUAI ANATOLE FRANCE,48.861804,2.321841,Plein jour,En agglomération,Hors intersection,Temps couvert,Deux véhicules - côté,4,1,2,0,1,1,1,0,1,50,,2,1,0,0,1,50.0,,,,1,2,1,8,3
202100028693,2021-07-16 18:20:00,2021,7,16,18,20,94,94068,GENERAL GIRAUD (BD DU),48.7886,2.48931,Plein jour,En agglomération,Intersection en X,Normale,Deux véhicules - côté,4,2,1,0,1,1,1,0,1,30,,3,2,0,0,1,33.0,55.0,,,1,2,2,1,3
202100028694,2021-07-16 12:45:00,2021,7,16,12,45,94,94068,Boulevard de Créteil,48.7981,2.48707,Plein jour,En agglomération,Intersection en X,Temps couvert,Deux véhicules - côté,3,1,2,0,1,1,1,0,1,30,,3,1,0,0,2,28.0,51.0,,,1,2,2,8,3
202100028695,2021-07-16 06:35:00,2021,7,16,6,35,94,94058,RAYMOND POINCARE (BD),48.8497,2.49501,Crépuscule ou aube,En agglomération,Hors intersection,Temps couvert,Deux véhicules - arrière,3,1,4,1,1,1,1,9,1,50,,2,1,0,0,1,53.0,62.0,,,2,2,1,8,2
202100028696,2021-07-16 16:05:00,2021,7,16,16,5,94,94041,DENIS PAPIN (R),48.81365,2.39539,Plein jour,En agglomération,Intersection en X,Normale,Deux véhicules - frontale,4,2,2,0,1,1,1,0,1,50,,2,1,0,0,1,49.0,16.0,,,1,2,2,1,1
202100028697,2021-07-16 10:31:00,2021,7,16,10,31,94,94065,RN 186,48.75351,2.35632,Plein jour,Hors agglomération,Hors intersection,Normale,Deux véhicules - côté,2,1,2,0,1,1,1,3,1,70,,2,1,0,0,1,30.0,35.0,,,1,1,1,1,3
202100028698,2021-07-14 23:00:00,2021,7,14,23,0,94,94022,ALLIES (BD DES),48.7657996946,2.4048117958,Nuit avec éclairage allumé,En agglomération,Hors intersection,Normale,Sans collision,9,-1,0,3,1,1,1,9,4,30,,1,0,0,0,1,24.0,,,,5,2,1,1,7
202100028699,2021-07-16 10:50:00,2021,7,16,10,50,93,93073,Route de Roissy,48.983271,2.546491,Plein jour,Hors agglomération,Hors intersection,Normale,Deux véhicules - côté,3,3,2,0,1,1,1,8,1,50,,3,2,0,0,1,40.0,29.0,,,1,1,1,1,3
202100028700,2021-07-16 15:30:00,2021,7,16,15,30,93,93070,MICHELET (AVE) : DU 1 AU 103,48.906909,2.344131,Plein jour,En agglomération,Hors intersection,Normale,Deux véhicules - côté,3,2,2,0,1,1,1,0,1,50,,3,2,0,0,1,41.0,21.0,,,1,2,1,1,3
202100028701,2021-07-16 22:55:00,2021,7,16,22,55,93,93064,JAURES (AVENUE JEAN),48.864178,2.488192,Nuit avec éclairage allumé,En agglomération,Intersection en X,Normale,Deux véhicules - frontale,3,-1,2,0,1,1,1,0,1,50,,2,1,0,0,1,57.0,21.0,,,5,2,2,1,1
202100028702,2021-07-16 20:00:00,2021,7,16,20,0,93,93064,LISBONNE (RUE DE),48.8799762088,2.4741339684,Plein jour,En agglomération,Hors intersection,Normale,Deux véhicules - frontale,4,2,3,0,1,1,1,0,4,50,,2,1,0,0,1,33.0,44.0,,,1,2,1,1,1
202100028703,2021-07-16 16:56:00,2021,7,16,16,56,93,93055,JEAN LOLIVE (AVENUE)(75/105.88/106),48.892182,2.407905,Plein jour,En agglomération,Hors intersection,Normale,Deux véhicules - côté,3,1,1,1,1,1,1,0,1,50,,2,1,0,0,1,38.0,32.0,,,1,2,1,1,3
202100028704,2021-07-15 14:20:00,2021,7,15,14,20,93,93006,GAMBETTA AV.,48.87215,2.41879,Plein jour,En agglomération,Intersection en X,Normale,Deux véhicules - côté,3,2,2,0,1,1,1,5,1,50,,2,1,0,0,1,55.0,21.0,,,1,2,2,1,3
202100028705,2021-07-16 20:00:00,2021,7,16,20,0,93,93031,Route de Saint-Leu,48.953352,2.336295,Plein jour,En agglomération,Hors intersection,Normale,Deux véhicules - côté,3,2,2,0,1,1,1,0,1,50,,2,1,0,0,1,41.0,28.0,,,1,2,1,1,3
202100028706,2021-07-16 17:35:00,2021,7,16,17,35,93,93008,Promenade Jean Rostand / Rue Sigmund Freud,48.90945,2.454363,Plein jour,En agglomération,Intersection en X,Normale,Deux véhicules - côté,4,2,2,0,1,1,1,0,1,50,,2,1,0,0,1,23.0,41.0,,,1,2,2,1,3
202100028707,2021-07-15 18:19:00,2021,7,15,18,19,92,92078,GALLIENI (BD) (1 A 79 ET 22 A 102),48.9262095571,2.3285490274,Plein jour,En agglomération,Hors intersection,Normale,Deux véhicules - côté,6,-1,-1,0,1,1,1,9,8,10,,3,1,0,0,2,25.0,19.0,,,1,2,1,1,3
202100028708,2021-07-16 17:25:00,2021,7,16,17,25,92,92062,KUPKA (RUE FRANCK) TOUR,48.891011,2.232949,Plein jour,En agglomération,Autre intersection,Normale,Autre collision,9,-1,1,0,1,1,1,6,6,25,,3,1,0,0,2,29.0,,,,1,2,9,1,6
202100028709,2021-07-15 07:55:00,2021,7,15,7,55,92,92049,BARBES RUE,48.8171845943,2.3301690817,Plein jour,En agglomération,Hors intersection,Normale,Deux véhicules - arrière,3,2,4,1,1,1,1,0,1,50,,2,1,0,0,1,25.0,25.0,,,1,2,1,1,2
202100028710,2021-07-16 21:00:00,2021,7,16,21,0,92,92040,EGALITE ( DE L'),48.8173092244,2.2612164119,Crépuscule ou aube,En agglomération,Intersection en T,Normale,Deux véhicules - côté,3,2,3,0,1,1,1,0,1,30,,2,1,0,0,1,57.0,51.0,,,2,2,3,1,3
202100028711,2021-07-16 12:45:00,2021,7,16,12,45,92,92025,GABRIEL PERI (RUE),48.918186,2.238815,Plein jour,En agglomération,Hors intersection,Normale,Deux véhicules - arrière,4,2,4,3,1,1,1,0,1,50,,2,1,0,0,1,65.0,23.0,,,1,2,1,1,2
202100028712,2021-07-16 10:42:00,2021,7,16,10,42,92,92025,ESTIENNE D'ORVES (RUE),48.9202420764,2.246838212,Plein jour,En agglomération,Hors intersection,Normale,Autre collision,4,1,1,0,1,1,1,1,8,10,,2,0,0,0,2,65.0,,,,1,2,1,1,6
202100028713,2021-07-16 20:10:00,2021,7,16,20,10,92,92004,MOURINOUX ( RUE DES ),48.93055,2.27529,Plein jour,En agglomération,Hors intersection,Normale,Autre collision,4,1,1,0,1,1,1,0,1,50,,2,1,0,0,1,31.0,,,,1,2,1,1,6
202100028714,2021-07-16 16:55:00,2021,7,16,16,55,35,35317,D137,48.271487,-1.784225,Plein jour,Hors agglomération,Hors intersection,Normale,Deux véhicules - côté,3,3,4,0,1,1,1,0,1,110,,2,1,0,0,1,51.0,46.0,,,1,1,1,1,3
202100028715,2021-07-16 14:55:00,2021,7,16,14,55,2A,2A203,RD 81,42.291152,8.678963,Plein jour,Hors agglomération,Hors intersection,Normale,Sans collision,3,2,2,0,1,3,1,0,1,80,,1,0,0,1,0,56.0,,,,1,1,1,1,7
202100028716,2021-07-10 17:00:00,2021,7,10,17,0,17,17094,51 Rue Bir Hakeim Foch,46.074619,-1.085436,Plein jour,En agglomération,Hors intersection,Normale,Autre collision,4,2,2,0,1,1,1,0,1,50,,1,0,0,0,1,19.0,,,,1,2,1,1,6
202100028717,2021-07-02 10:30:00,2021,7,2,10,30,972,97227,Quartier Epinay,14.508687,-60.925369,Plein jour,En agglomération,Hors intersection,Vent fort / tempête,Autre collision,3,2,2,0,1,1,2,0,1,50,,1,0,0,0,1,67.0,,,,1,2,1,6,6
202100028718,2021-07-16 19:10:00,2021,7,16,19,10,38,38239,D1085,45.334138,5.563824,Plein jour,Hors agglomération,Autre intersection,Normale,Autre collision,3,2,2,0,1,2,1,3,1,70,,2,1,0,0,1,63.0,24.0,,,1,1,9,1,6
202100028719,2021-07-15 06:30:00,2021,7,15,6,30,84,84099,D2,43.84827,5.110933,Plein jour,En agglomération,Hors intersection,Normale,Autre collision,3,2,2,0,1,1,1,0,4,30,,2,1,0,1,0,69.0,,,,1,2,1,1,6
202100028720,2021-07-16 19:30:00,2021,7,16,19,30,85,85242,La Narducière,46.851387,-0.953922,Plein jour,Hors agglomération,Hors intersection,Temps éblouissant,Autre collision,3,2,2,0,2,3,1,0,3,80,,2,0,0,1,1,20.0,,,,1,1,1,7,6
202100028721,2021-07-17 05:30:00,2021,7,17,5,30,34,34259,A750,43.633837,3.756517,Crépuscule ou aube,Hors agglomération,Hors intersection,Normale,Autre collision,1,3,4,0,1,1,1,2,1,130,,2,0,0,2,0,22.0,,,,2,1,1,1,6
202100028722,2021-07-17 14:25:00,2021,7,17,14,25,2B,2B009,D343 - Domaine de Mavella,42.084337,9.45925,Plein jour,Hors agglomération,Hors intersection,Normale,Deux véhicules - côté,3,-1,2,0,3,1,1,0,1,70,,2,1,0,0,1,13.0,69.0,,,1,1,1,1,3
202100028723,2021-07-10 18:15:00,2021,7,10,18,15,74,74267,Rte d Albertville,45.84336,6.151287,Crépuscule ou aube,En agglomération,Hors intersection,Pluie légère,Autre collision,3,3,1,0,1,1,2,0,1,50,,2,1,0,1,0,51.0,,,,2,2,1,2,6
202100028724,2021-07-17 03:00:00,2021,7,17,3,0,78,78192,Chemin du Tertre,48.918991,1.614888,Nuit sans éclairage public,Hors agglomération,Hors intersection,Normale,Autre collision,4,2,2,0,1,1,1,0,8,80,,1,0,0,1,0,19.0,,,,3,1,1,1,6
202100028725,2021-07-16 18:30:00,2021,7,16,18,30,80,80184,Rue de Morcourt,49.903031,2.643923,Plein jour,Hors agglomération,Hors intersection,Normale,Sans collision,3,2,2,0,1,1,1,0,3,-1,,1,0,0,1,0,17.0,,,,1,1,1,1,7
202100028726,2021-07-15 15:09:00,2021,7,15,15,9,65,65148,RD 929,43.26371,0.504963,Plein jour,Hors agglomération,Hors intersection,Normale,Deux véhicules - frontale,3,2,2,0,1,1,1,0,1,90,,4,0,2,2,0,78.0,88.0,,,1,1,1,1,1
202100028727,2021-07-14 19:00:00,2021,7,14,19,0,33,33314,,45.192941,-0.749152,Plein jour,En agglomération,Giratoire,Normale,Deux véhicules - côté,3,2,2,0,1,1,1,5,1,50,,2,1,0,1,0,38.0,35.0,,,1,2,6,1,3
202100028728,2021-07-17 10:20:00,2021,7,17,10,20,89,89238,D39,47.590131,3.649993,Plein jour,Hors agglomération,Hors intersection,Normale,Autre collision,3,2,2,0,1,1,1,0,3,80,,3,0,0,0,3,61.0,,,,1,1,1,1,6
202100028729,2021-07-17 18:30:00,2021,7,17,18,30,61,61181,Rue Lemercier,48.793846,0.297258,Plein jour,En agglomération,Intersection en T,Normale,Sans collision,3,2,2,0,1,3,1,5,1,50,,1,0,0,1,0,30.0,,,,1,2,3,1,7
202100028730,2021-07-16 22:30:00,2021,7,16,22,30,49,49125,Boulevard Jacques Savary,47.187377,-0.272859,Nuit avec éclairage non allumé,En agglomération,Hors intersection,Normale,Deux véhicules - côté,4,2,2,2,1,1,1,0,1,50,,3,2,0,0,1,47.0,17.0,,,4,2,1,1,3
202100028731,2021-07-16 16:50:00,2021,7,16,16,50,49,49223,D751,47.391232,-0.558565,Plein jour,Hors agglomération,Hors intersection,Normale,Deux véhicules - côté,3,2,2,0,2,3,1,0,1,80,,2,1,0,0,1,18.0,22.0,,,1,1,1,1,3
202100028732,2021-07-17 10:57:00,2021,7,17,10,57,12,12247,D2,44.409658,3.023257,Plein jour,Hors agglomération,Hors intersection,Normale,Deux véhicules - frontale,3,2,2,0,2,2,1,0,1,80,,3,2,0,1,0,43.0,17.0,,,1,1,1,1,1
202100028733,2021-07-10 18:30:00,2021,7,10,18,30,47,47135,Carrefour D202 D263,44.385955,0.445032,Plein jour,Hors agglomération,Intersection en X,Normale,Deux véhicules - côté,3,2,2,0,2,1,1,0,1,80,,6,3,0,1,2,57.0,36.0,,,1,1,2,1,3
202100028734,2021-07-16 20:00:00,2021,7,16,20,0,68,68062,D419,47.629219,7.210228,Plein jour,Hors agglomération,Hors intersection,Normale,Deux véhicules - côté,3,2,2,0,1,1,1,0,1,80,,2,1,0,0,1,43.0,25.0,,,1,1,1,1,3
202100028735,2021-07-15 15:15:00,2021,7,15,15,15,44,44064,Le Chaintreau,47.105712,-1.282246,Plein jour,Hors agglomération,Hors intersection,Normale,Deux véhicules - arrière,3,2,2,0,1,1,1,0,1,80,,2,1,0,0,1,71.0,22.0,,,1,1,1,1,2
202100028736,2021-07-16 22:40:00,2021,7,16,22,40,31,31212,31 Route Departementale 888,43.705003,1.560804,Nuit avec éclairage allumé,En agglomération,Hors intersection,Normale,Autre collision,3,2,2,0,4,3,1,0,1,50,,3,0,1,2,0,17.0,,,,5,2,1,1,6
202100028737,2021-07-16 13:05:00,2021,7,16,13,5,14,14270,D613,49.153151,0.318033,Plein jour,Hors agglomération,Giratoire,Normale,Deux véhicules - côté,3,-1,2,0,1,1,1,5,1,30,,2,1,0,1,0,89.0,61.0,,,1,1,6,1,3
202100028738,2021-07-16 21:10:00,2021,7,16,21,10,14,14607,D67,49.087689,-0.677773,Crépuscule ou aube,Hors agglomération,Hors intersection,Normale,Deux véhicules - frontale,3,2,2,0,2,1,1,0,1,80,,2,1,0,1,0,50.0,41.0,,,2,1,1,1,1
202100028739,2021-07-16 19:35:00,2021,7,16,19,35,18,18141,lieu dit La Petite Vallée,47.147714,2.246307,Plein jour,Hors agglomération,Hors intersection,Temps couvert,Autre collision,4,2,2,0,1,1,1,0,3,50,,2,1,0,1,0,57.0,,,,1,1,1,8,6