accident_id,datetime,annee,mois,jour,heure,minute,departement,commune_insee,adresse,latitude,longitude,luminosite,agglomeration,intersection,meteo,collision,catr,circ,nbv,vosp,prof,plan,surf,infra,situ,vma,nb_vehicules,nb_usagers,nb_indemnes,nb_tues,nb_blesses_hosp,nb_blesses_legers,age_cond_1,age_cond_2,veh_type_cond_1,veh_type_cond_2,lum_code,agg_code,int_code,atm_code,col_code
202100028740,2021-07-17 09:15:00,2021,7,17,9,15,18,18025,RD 45,47.103002,3.009117,Plein jour,Hors agglomération,Autre intersection,Normale,Deux véhicules - côté,3,2,2,0,1,1,1,0,1,80,,2,1,0,1,0,92.0,69.0,,,1,1,9,1,3
202100028741,2021-07-16 18:50:00,2021,7,16,18,50,16,16068,Lieu-Dit Les Pins,45.892323,0.340812,Plein jour,Hors agglomération,Hors intersection,Normale,Autre collision,3,2,2,0,4,1,1,0,3,80,,4,1,0,2,1,28.0,,,,1,1,1,1,6
202100028742,2021-07-16 23:45:00,2021,7,16,23,45,24,24224,Peyssonnat,44.9182,0.560989,Nuit sans éclairage public,Hors agglomération,Hors intersection,Normale,Deux véhicules - frontale,2,2,2,0,1,1,1,0,1,80,,4,1,1,0,2,52.0,21.0,,,3,1,1,1,1
202100028743,2021-07-17 16:10:00,2021,7,17,16,10,04,04076,RD 4202,43.954224,6.852529,Plein jour,Hors agglomération,Hors intersection,Normale,Autre collision,3,2,2,0,1,1,1,0,8,70,,3,0,0,2,1,35.0,,,,1,1,1,1,6
202100028744,2021-07-17 15:30:00,2021,7,17,15,30,04,04084,RD 907,43.933205,6.155509,Plein jour,Hors agglomération,Hors intersection,Normale,Deux véhicules - côté,3,2,2,0,3,2,1,0,1,80,,4,2,0,2,0,53.0,52.0,,,1,1,1,1,3
202100028745,2021-07-17 11:45:00,2021,7,17,11,45,85,85288,Rue du Porteau,46.464016,-1.690834,Plein jour,En agglomération,Hors intersection,Normale,Trois véhicules et plus - collisions multiples,4,2,2,0,1,1,1,0,1,50,,3,1,0,1,1,52.0,53.0,,,1,2,1,1,5
202100028746,2021-07-16 09:00:00,2021,7,16,9,0,27,27026,RD 6014,49.229789,1.62382,Plein jour,Hors agglomération,Hors intersection,Normale,Deux véhicules - arrière,3,2,2,0,1,1,1,0,1,80,,2,1,0,1,0,43.0,49.0,,,1,1,1,1,2
202100028747,2021-07-17 09:00:00,2021,7,17,9,0,27,27334,RD834,49.198279,0.524297,Plein jour,Hors agglomération,Hors intersection,Normale,Deux véhicules - frontale,3,2,2,0,1,1,1,0,1,90,,3,0,1,0,2,78.0,21.0,,,1,1,1,1,1
202100028748,2021-07-14 00:30:00,2021,7,14,0,30,88,88486,2 Rue Michel Collinet,48.007819,6.716246,Nuit avec éclairage allumé,En agglomération,Intersection en T,Normale,Autre collision,3,2,2,0,1,1,1,0,4,50,,5,4,0,0,1,20.0,,,,5,2,3,1,6
202100028749,2021-07-16 23:50:00,2021,7,16,23,50,13,13113,Autoroute A51 - PK 28+500,43.605987,5.497134,Nuit sans éclairage public,Hors agglomération,Hors intersection,Normale,Deux véhicules - côté,1,3,4,0,2,2,1,0,8,130,,10,9,0,0,1,32.0,44.0,,,3,1,1,1,3
202100028750,2021-07-16 23:35:00,2021,7,16,23,35,01,01032,A42,45.861161,5.125272,Nuit avec éclairage non allumé,Hors agglomération,Hors intersection,Normale,Deux véhicules - arrière,1,3,4,0,1,1,1,0,1,130,,4,3,0,0,1,19.0,49.0,,,4,1,1,1,2
202100028751,2021-07-16 18:35:00,2021,7,16,18,35,53,53054,A81 Point Kilometrique 249.600,48.11597,-0.780716,Plein jour,Hors agglomération,Hors intersection,Normale,Deux véhicules - arrière,1,3,4,0,1,1,1,0,1,130,,3,2,1,0,0,58.0,24.0,,,1,1,1,1,2
202100028752,2021-07-17 02:15:00,2021,7,17,2,15,33,33199,N250,44.61612,-1.104858,Nuit sans éclairage public,Hors agglomération,Autre intersection,Normale,Deux véhicules - arrière,2,3,4,3,1,1,1,3,6,70,,3,0,0,0,3,22.0,18.0,,,3,1,9,1,2
202100028753,2021-07-13 11:25:00,2021,7,13,11,25,06,06085,AUTOROUTE A8,43.583873,6.992283,Plein jour,Hors agglomération,Hors intersection,Normale,Trois véhicules et plus - collisions multiples,1,3,3,0,1,1,1,0,1,110,,4,2,0,0,2,63.0,31.0,,,1,1,1,1,5
202100028754,2021-07-17 09:45:00,2021,7,17,9,45,06,06088,A8 PK 194+000 NORD,43.7223325283,7.2226953506,Plein jour,Hors agglomération,Hors intersection,Normale,Autre collision,1,3,4,0,2,3,1,0,1,90,,3,1,0,0,2,63.0,51.0,,,1,1,1,1,6
202100028755,2021-07-16 20:30:00,2021,7,16,20,30,22,22389,RN 12,48.480617,-2.676737,Plein jour,Hors agglomération,Hors intersection,Normale,Sans collision,2,3,4,0,1,1,1,9,1,110,,1,0,0,1,0,36.0,,,,1,1,1,1,7
202100028756,2021-07-17 06:15:00,2021,7,17,6,15,59,59377,A26 PK 136+025,50.112075,3.160887,Plein jour,Hors agglomération,Hors intersection,Normale,Deux véhicules - arrière,1,2,4,0,1,1,1,0,1,130,,3,1,1,1,0,26.0,52.0,,,1,1,1,1,2
202100028757,2021-07-17 16:30:00,2021,7,17,16,30,62,62080,A1,50.108786,2.871552,Plein jour,Hors agglomération,Hors intersection,Normale,Deux véhicules - côté,1,1,3,0,1,1,1,0,1,130,,4,1,0,1,2,33.0,70.0,,,1,1,1,1,3
202100028758,2021-07-16 10:55:00,2021,7,16,10,55,988,98808,RPN3 - HOUAILOU,-21.374871,165.684943,Plein jour,Hors agglomération,Hors intersection,Brouillard / fumée,Autre collision,3,2,2,0,2,2,2,0,3,90,,1,0,0,1,0,31.0,,,,1,1,1,5,6
202100028759,2021-07-10 18:00:00,2021,7,10,18,0,33,33214,9 Boulevard de la Plage,45.003784,-1.201351,Plein jour,En agglomération,Hors intersection,Normale,Autre collision,4,1,2,1,1,1,1,0,8,30,,2,1,0,1,0,73.0,,,,1,2,1,1,6
202100028760,2021-07-16 16:50:00,2021,7,16,16,50,41,41207,Rue Nationale,47.656124,1.490675,Plein jour,En agglomération,Intersection en X,Normale,Deux véhicules - frontale,3,2,2,0,1,1,1,0,1,30,,2,1,0,1,0,53.0,49.0,,,1,2,2,1,1
202100028761,2021-07-16 11:15:00,2021,7,16,11,15,95,95169,d43,49.129931,1.887857,Plein jour,Hors agglomération,Hors intersection,Normale,Autre collision,3,2,2,0,1,1,1,0,3,80,,1,0,0,0,1,59.0,,,,1,1,1,1,6
202100028762,2021-07-17 12:20:00,2021,7,17,12,20,91,91330,D449,48.527057,2.293046,Plein jour,En agglomération,Giratoire,Normale,Deux véhicules - frontale,3,2,2,0,1,1,1,5,8,50,,2,1,1,0,0,82.0,59.0,,,1,2,6,1,1
202100028763,2021-07-17 10:55:00,2021,7,17,10,55,83,83071,Rond Point des trois puits,43.146502,6.256679,Plein jour,Hors agglomération,Giratoire,Normale,Autre collision,3,3,2,0,1,1,1,5,1,90,,7,5,0,1,1,54.0,65.0,,,1,1,6,1,6
202100028764,2021-07-16 23:00:00,2021,7,16,23,0,83,83023,D12 pk 3,43.396769,6.08938,Nuit sans éclairage public,Hors agglomération,Hors intersection,Normale,Autre collision,3,2,2,0,2,3,1,0,8,80,,3,0,0,1,2,20.0,,,,3,1,1,1,6
202100028765,2021-07-17 17:00:00,2021,7,17,17,0,04,04062,RD 900,44.454656,6.74368,Plein jour,Hors agglomération,Hors intersection,Normale,Sans collision,3,2,2,0,1,2,1,0,8,80,,2,0,0,1,1,48.0,,,,1,1,1,1,7
202100028766,2021-07-17 05:30:00,2021,7,17,5,30,13,13109,Avenue Paul Jullien,43.508554,5.499891,Crépuscule ou aube,En agglomération,Hors intersection,Normale,Autre collision,7,3,2,0,1,1,1,0,1,50,,1,0,0,1,0,19.0,,,,2,2,1,1,6
202100028767,2021-07-17 15:30:00,2021,7,17,15,30,73,73227,"Place de l'Alpinium, Le Praz",45.4321494712,6.6186618805,Plein jour,En agglomération,Place,Temps éblouissant,Autre collision,9,-1,-1,0,1,1,1,9,8,-1,,2,1,0,1,0,59.0,,,,1,2,7,7,6
202100028768,2021-07-16 20:00:00,2021,7,16,20,0,38,38562,D1091,45.049899,5.784345,Plein jour,Hors agglomération,Hors intersection,Normale,Deux véhicules - côté,7,2,2,0,1,2,1,0,1,80,,2,1,0,1,0,45.0,36.0,,,1,1,1,1,3
202100028769,2021-07-17 04:00:00,2021,7,17,4,0,69,69178,MONTBRISON (DE) (RTE),45.702043,4.460256,Nuit sans éclairage public,Hors agglomération,Hors intersection,Pluie légère,Sans collision,3,2,2,0,1,1,2,0,3,70,,1,0,0,0,1,27.0,,,,3,1,1,2,7
202100028770,2021-07-16 13:15:00,2021,7,16,13,15,17,17228,route de St Georges,45.624558,-0.965402,Plein jour,En agglomération,Intersection en X,Normale,Deux véhicules - côté,3,2,2,0,2,1,1,0,1,50,,2,1,0,1,0,62.0,62.0,,,1,2,2,1,3
202100028771,2021-07-16 02:05:00,2021,7,16,2,5,33,33323,Route départementale 1113,44.570369,-0.213643,Nuit sans éclairage public,Hors agglomération,Giratoire,Normale,Autre collision,3,2,1,0,1,1,1,0,8,80,,2,0,1,1,0,25.0,,,,3,1,6,1,6
202100028772,2021-07-16 22:15:00,2021,7,16,22,15,44,44103,D100,47.307492,-2.15185,Crépuscule ou aube,Hors agglomération,Giratoire,Normale,Sans collision,3,2,1,0,1,1,1,0,1,80,,1,0,0,1,0,26.0,,,,2,1,6,1,7
202100028773,2021-07-16 17:32:00,2021,7,16,17,32,50,50616,Le Milieu de l M,48.663743,-1.353689,Plein jour,Hors agglomération,Hors intersection,Normale,Deux véhicules - arrière,3,1,2,0,4,1,1,0,1,70,,2,1,1,0,0,39.0,67.0,,,1,1,1,1,2
202100028774,2021-07-17 04:00:00,2021,7,17,4,0,27,27213,Rue du Chesnay,49.188232,1.544022,Nuit sans éclairage public,En agglomération,Hors intersection,Normale,Sans collision,3,2,2,0,1,1,9,0,1,50,,1,0,0,1,0,44.0,,,,3,2,1,1,7
202100028775,2021-07-17 19:05:00,2021,7,17,19,5,60,60321,D105,49.232844,2.012429,Plein jour,Hors agglomération,Hors intersection,Normale,Sans collision,3,2,2,0,1,1,1,0,1,80,,1,0,0,1,0,33.0,,,,1,1,1,1,7
202100028776,2021-07-17 17:50:00,2021,7,17,17,50,80,80803,départementale 934,49.712271,2.756367,Plein jour,Hors agglomération,Hors intersection,Normale,Deux véhicules - arrière,3,1,2,0,1,1,1,0,1,110,,2,1,0,0,1,23.0,51.0,,,1,1,1,1,2
202100028777,2021-07-16 12:15:00,2021,7,16,12,15,13,13043,A55-Sens Marseille vers Martigues,43.38296,5.22792,Plein jour,Hors agglomération,Hors intersection,Normale,Trois véhicules et plus - en chaîne,1,1,2,0,1,1,1,0,1,90,,3,1,0,0,2,45.0,43.0,,,1,1,1,1,4
202100028778,2021-07-13 15:50:00,2021,7,13,15,50,13,13106,A7-Sens Lyon vers Marseille,43.3906881539,5.3509865221,Plein jour,Hors agglomération,Hors intersection,Normale,Deux véhicules - arrière,1,1,1,0,1,1,1,0,6,50,,4,3,0,0,1,26.0,29.0,,,1,1,1,1,2
202100028779,2021-07-15 17:50:00,2021,7,15,17,50,69,69297,A47   0.000  A 1.657,45.5892939006,4.7777813673,Plein jour,Hors agglomération,Hors intersection,Pluie légère,Trois véhicules et plus - en chaîne,1,3,4,0,1,1,2,2,1,70,,4,2,0,0,2,46.0,43.0,,,1,1,1,2,4
202100028780,2021-07-14 23:55:00,2021,7,14,23,55,69,69297,A7,45.6026736491,4.7972363215,Nuit sans éclairage public,Hors agglomération,Hors intersection,Normale,Autre collision,1,3,6,0,1,1,2,0,1,110,,5,0,0,2,3,24.0,24.0,,,3,1,1,1,6
202100028781,2021-07-16 15:25:00,2021,7,16,15,25,33,33397,,44.923001,-0.47403,Plein jour,Hors agglomération,Hors intersection,Normale,Trois véhicules et plus - en chaîne,1,3,6,0,1,1,1,0,1,130,,6,5,0,0,1,34.0,55.0,,,1,1,1,1,4
202100028782,2021-07-16 14:25:00,2021,7,16,14,25,94,94034,AUTOROUTE A6A,48.75829,2.33627,Plein jour,Hors agglomération,Hors intersection,Normale,Trois véhicules et plus - collisions multiples,1,3,6,0,1,1,1,0,1,90,,3,2,0,0,1,30.0,30.0,,,1,1,1,1,5
202100028783,2021-07-16 15:20:00,2021,7,16,15,20,91,91174,RN 104,48.61093,2.44659,Plein jour,Hors agglomération,Hors intersection,Normale,Deux véhicules - côté,2,1,2,0,1,2,1,0,1,90,,2,1,0,0,1,65.0,52.0,,,1,1,1,1,3
202100028784,2021-07-16 17:15:00,2021,7,16,17,15,92,92064,A13,48.8396923526,2.2110547396,Plein jour,Hors agglomération,Hors intersection,Normale,Trois véhicules et plus - collisions multiples,1,3,4,0,1,1,1,0,1,90,,3,2,0,0,1,50.0,40.0,,,1,1,1,1,5
202100028785,2021-07-16 03:38:00,2021,7,16,3,38,92,92026,RN192,48.8907672742,2.2427309569,Nuit avec éclairage allumé,En agglomération,Hors intersection,Normale,Deux véhicules - frontale,2,1,1,0,1,3,1,1,1,70,,2,1,0,1,0,23.0,40.0,,,5,2,1,1,1
202100028786,2021-07-16 03:15:00,2021,7,16,3,15,92,92050,A86,48.90219,2.20339,Nuit avec éclairage allumé,Hors agglomération,Hors intersection,Normale,Deux véhicules - arrière,1,-1,2,0,1,1,1,0,1,90,,2,0,0,0,2,24.0,24.0,,,5,1,1,1,2
202100028787,2021-07-16 12:30:00,2021,7,16,12,30,95,95277, A1,48.97451,2.48907,Plein jour,Hors agglomération,Hors intersection,Normale,Deux véhicules - arrière,1,3,6,0,1,1,1,0,1,110,,2,1,0,0,1,52.0,59.0,,,1,1,1,1,2
202100028788,2021-07-16 18:00:00,2021,7,16,18,0,93,93063,AUTOROUTE A3,48.8758,2.44158,Plein jour,Hors agglomération,Hors intersection,Normale,Deux véhicules - côté,1,3,7,0,1,1,1,0,1,90,,2,1,0,0,1,45.0,24.0,,,1,1,1,1,3
202100028789,2021-07-16 05:00:00,2021,7,16,5,0,93,93005,AUTOROUTE A3,48.9413879154,2.4787292013,Nuit sans éclairage public,Hors agglomération,Hors intersection,Normale,Deux véhicules - arrière,1,3,6,0,1,1,1,0,1,90,,2,1,0,0,1,,20.0,,,3,1,1,1,2
202100028790,2021-07-14 09:15:00,2021,7,14,9,15,94,94002,Rue du Président Kennedy,48.80377,2.42455,Plein jour,En agglomération,Giratoire,Normale,Autre collision,4,2,1,1,1,1,2,0,1,30,,2,1,0,0,1,56.0,,,,1,2,6,1,6
202100028791,2021-07-16 04:15:00,2021,7,16,4,15,988,98818,Bretelle insertion VE3/VE3,-22.22679,166.49106,Nuit sans éclairage public,Hors agglomération,Intersection en Y,Normale,Deux véhicules - frontale,1,1,1,0,1,1,1,3,1,70,,4,0,1,2,1,23.0,24.0,,,3,1,4,1,1
202100028792,2021-07-14 05:15:00,2021,7,14,5,15,974,97416,RN02,-21.34488,55.4979,Nuit sans éclairage public,Hors agglomération,Hors intersection,Normale,Autre collision,2,3,2,0,1,1,1,0,1,80,,2,1,1,0,0,53.0,,,,3,1,1,1,6
202100028793,2021-07-15 21:00:00,2021,7,15,21,0,69,69387,GUILLOTIERE (DE LA)                 (PT),45.7561484528,4.840275988,Crépuscule ou aube,En agglomération,Intersection en X,Pluie légère,Deux véhicules - côté,4,2,3,1,1,1,2,2,1,50,,2,1,0,1,0,52.0,27.0,,,2,2,2,2,3
202100028794,2021-07-15 07:30:00,2021,7,15,7,30,69,69259,LAURENT BONNEVAY                    (BD),45.71949,4.87961,Plein jour,Hors agglomération,Autre intersection,Normale,Deux véhicules - frontale,7,-1,4,0,1,1,2,0,1,90,,2,0,0,0,2,20.0,53.0,,,1,1,9,1,1
202100028795,2021-07-14 21:20:00,2021,7,14,21,20,972,97209,Route de Ravine Vilaine,14.63669,-61.06318,Nuit avec éclairage allumé,En agglomération,Hors intersection,Pluie légère,Sans collision,4,2,2,0,2,1,1,0,1,50,,1,0,0,0,1,45.0,,,,5,2,1,2,7
202100028796,2021-07-15 07:20:00,2021,7,15,7,20,2A,2A004,ROSSINI PASCAL BD,41.91717,8.7347,Plein jour,En agglomération,Giratoire,Normale,Deux véhicules - arrière,3,2,2,0,1,1,1,0,1,50,,2,1,0,0,1,69.0,57.0,,,1,2,6,1,2
202100028797,2021-07-14 21:10:00,2021,7,14,21,10,95,95268,RUE ALFRED SISLEY,48.977896,2.395128,Nuit avec éclairage allumé,En agglomération,Hors intersection,Temps couvert,Autre collision,4,1,1,0,1,1,1,0,4,50,,2,1,0,0,1,45.0,,,,5,2,1,8,6
202100028798,2021-07-14 19:39:00,2021,7,14,19,39,95,95585,Avenue Paul Langevin,48.981973,2.378791,Plein jour,En agglomération,Hors intersection,Normale,Autre collision,4,2,2,0,1,1,1,0,4,30,,2,1,0,0,1,32.0,,,,1,2,1,1,6
202100028799,2021-07-15 20:45:00,2021,7,15,20,45,91,91434,JARDINET (AVENUE DU),48.65207,2.351366,Plein jour,En agglomération,Intersection en X,Normale,Deux véhicules - côté,4,2,2,0,1,1,1,0,1,30,,2,1,0,0,1,18.0,60.0,,,1,2,2,1,3
202100028800,2021-07-14 05:45:00,2021,7,14,5,45,91,91223,MARC SANGNIER (RUE),48.4176,2.14828,Nuit avec éclairage non allumé,En agglomération,Hors intersection,Normale,Sans collision,3,2,2,0,1,2,3,0,1,50,,1,0,0,0,1,17.0,,,,4,2,1,1,7
202100028801,2021-07-14 10:39:00,2021,7,14,10,39,87,87085,FOUCAUD (AVENUE),45.82957,1.25144,Plein jour,En agglomération,Intersection en X,Normale,Deux véhicules - côté,4,2,2,0,1,1,2,0,1,50,,2,0,0,0,2,46.0,21.0,,,1,2,2,1,3
202100028802,2021-07-13 18:02:00,2021,7,13,18,2,87,87085,GORDINI ( RUE AMEDEE),45.89489,1.28051,Plein jour,En agglomération,Hors intersection,Pluie légère,Sans collision,4,2,2,0,1,1,2,0,1,50,,1,0,0,0,1,28.0,,,,1,2,1,2,7
202100028803,2021-07-12 13:23:00,2021,7,12,13,23,80,80021,EDMOND ROSTAND (RUE),49.87327,2.3248,Plein jour,En agglomération,Hors intersection,Pluie légère,Autre collision,4,2,2,0,1,1,2,0,1,50,,1,0,0,0,1,58.0,,,,1,2,1,2,6
202100028804,2021-07-13 19:00:00,2021,7,13,19,0,80,80131,RD 934,49.85385,2.39924,Crépuscule ou aube,Hors agglomération,Hors intersection,Pluie légère,Deux véhicules - arrière,3,3,4,0,4,1,2,0,1,90,,3,0,0,1,2,53.0,45.0,,,2,1,1,2,2
202100028805,2021-07-15 20:50:00,2021,7,15,20,50,77,77479,QUAI DU PORT,48.8659485852,2.6423293177,Plein jour,En agglomération,Giratoire,Normale,Deux véhicules - côté,4,1,1,0,1,2,1,5,1,50,,2,1,0,1,0,40.0,72.0,,,1,2,6,1,3
202100028806,2021-07-15 12:20:00,2021,7,15,12,20,77,77269,D215,48.5675402131,2.7018880405,Plein jour,Hors agglomération,Hors intersection,Normale,Autre collision,3,2,2,0,1,1,1,0,3,70,,1,0,1,0,0,21.0,,,,1,1,1,1,6
202100028807,2021-07-15 19:25:00,2021,7,15,19,25,76,76178,CD 7 (ROUTE DE TOURVILLE),49.30854,1.03848,Plein jour,En agglomération,Intersection en X,Normale,Deux véhicules - frontale,7,2,2,3,1,1,1,-1,1,50,,3,1,0,0,2,,35.0,,,1,2,2,1,1
202100028808,2021-07-13 23:59:00,2021,7,13,23,59,76,76351,CRONSTADT (DE),49.504742,0.116111,Nuit avec éclairage allumé,En agglomération,Hors intersection,Normale,Autre collision,4,3,4,0,1,1,1,0,1,50,,2,1,0,1,0,46.0,56.0,,,5,2,1,1,6
202100028809,2021-07-12 02:12:00,2021,7,12,2,12,76,76114,RD 149,49.5914431743,0.4856514931,Nuit avec éclairage allumé,En agglomération,Intersection en T,Normale,Autre collision,3,2,2,0,1,1,1,2,8,50,,2,1,0,1,0,22.0,,,,5,2,3,1,6
202100028810,2021-07-13 10:48:00,2021,7,13,10,48,74,74012,VERDUN (AVENUE DE),46.1888552095,6.2439879117,Plein jour,En agglomération,Hors intersection,Pluie légère,Sans collision,4,3,3,0,1,1,2,0,4,50,,1,0,1,0,0,80.0,,,,1,2,1,2,7
202100028811,2021-07-14 17:25:00,2021,7,14,17,25,71,71040,RN 70 (ROUTE EXPRESS),46.69203,4.37552,Plein jour,Hors agglomération,Hors intersection,Pluie légère,Autre collision,2,1,2,0,1,1,2,0,3,110,,3,0,0,0,3,24.0,,,,1,1,1,2,6
202100028812,2021-07-15 18:20:00,2021,7,15,18,20,69,69290,LYONNAIS (DU) (R),45.6955380048,4.9124037623,Plein jour,Hors agglomération,Intersection en Y,Pluie légère,Deux véhicules - arrière,4,2,2,0,1,3,2,0,1,50,,2,1,0,0,1,27.0,,,,1,1,4,2,2
202100028813,2021-07-14 12:30:00,2021,7,14,12,30,69,69115,LIBERATION (DE LA) (AV),45.97452,4.70744,Plein jour,En agglomération,Intersection en T,Normale,Deux véhicules - côté,3,2,2,0,2,1,2,0,1,50,,3,2,0,0,1,25.0,73.0,,,1,2,3,1,3
202100028814,2021-07-13 18:21:00,2021,7,13,18,21,66,66136,JULIEN PANCHOT (AVENUE),42.68361,2.86365,Plein jour,En agglomération,Hors intersection,Normale,Deux véhicules - arrière,3,2,2,0,1,1,1,0,1,50,,2,1,0,0,1,44.0,52.0,,,1,2,1,1,2
202100028815,2021-07-14 18:03:00,2021,7,14,18,3,64,64260,MER (BOULEVARD DE LA),43.37522,-1.76432,Plein jour,En agglomération,Intersection en T,Pluie légère,Trois véhicules et plus - collisions multiples,3,2,2,0,1,1,2,0,1,20,,3,2,0,0,1,51.0,42.0,,,1,2,3,2,5
202100028816,2021-07-15 08:30:00,2021,7,15,8,30,64,64445,CARNOT,43.30085,-0.36945,Plein jour,En agglomération,Hors intersection,Normale,Deux véhicules - côté,4,1,2,1,1,1,1,0,1,30,,2,1,0,0,1,46.0,65.0,,,1,2,1,1,3
202100028817,2021-07-14 18:50:00,2021,7,14,18,50,64,64102,MARINES (AVENUE DES ALLEES),43.4959,-1.48031,Plein jour,En agglomération,Hors intersection,Normale,Deux véhicules - côté,4,2,2,0,1,1,1,0,1,50,,2,1,0,0,1,22.0,21.0,,,1,2,1,1,3
202100028818,2021-07-15 03:25:00,2021,7,15,3,25,59,59279,DESMETTRE (RUE GUSTAVE),50.7824,3.1283,Nuit avec éclairage allumé,En agglomération,Hors intersection,Normale,Autre collision,4,2,0,0,1,2,1,0,1,50,,2,0,0,1,1,16.0,,,,5,2,1,1,6
202100028819,2021-07-13 11:15:00,2021,7,13,11,15,57,57672,AFRIQUE (CHAUSSEE D') - PAIR,49.35686,6.14353,Plein jour,Hors agglomération,Hors intersection,Pluie légère,Deux véhicules - arrière,4,2,2,0,1,3,2,0,1,50,,2,1,0,1,0,52.0,53.0,,,1,1,1,2,2
202100028820,2021-07-14 04:05:00,2021,7,14,4,5,56,56121,LECLERC ( BD GENERAL ),47.75006,-3.3663,Nuit avec éclairage allumé,En agglomération,Giratoire,Normale,Autre collision,4,2,2,0,1,3,1,0,1,30,,1,0,0,0,1,20.0,,,,5,2,6,1,6
202100028821,2021-07-15 15:15:00,2021,7,15,15,15,51,51454,Rue Cognacq Jay,49.2319524147,4.0189768293,Plein jour,En agglomération,Hors intersection,Pluie légère,Sans collision,4,2,2,0,1,1,2,0,1,50,,2,1,0,0,1,43.0,,,,1,2,1,2,7
202100028822,2021-07-13 17:30:00,2021,7,13,17,30,50,50173,THIVET ( avenue du ),49.63574,-1.66595,Plein jour,En agglomération,Intersection en T,Normale,Deux véhicules - côté,3,2,3,3,3,1,1,0,1,50,,4,0,0,0,4,34.0,36.0,,,1,2,3,1,3
202100028823,2021-07-15 14:00:00,2021,7,15,14,0,45,45169,Rue de la Mouchetière,47.9103529808,1.8575656563,Plein jour,En agglomération,Intersection en T,Normale,Deux véhicules - arrière,4,2,2,0,1,1,1,0,1,50,,2,1,0,0,1,51.0,48.0,,,1,2,3,1,2
202100028824,2021-07-14 17:10:00,2021,7,14,17,10,45,45232,Boulevard Victor Hugo,47.8568843375,1.903052777,Plein jour,En agglomération,Giratoire,Normale,Deux véhicules - côté,7,2,2,0,1,2,1,0,1,50,,3,1,0,0,2,65.0,16.0,,,1,2,6,1,3
202100028825,2021-07-15 07:35:00,2021,7,15,7,35,42,42184,Rue Branly,46.0616572829,4.0481568687,Plein jour,En agglomération,Giratoire,Pluie légère,Deux véhicules - côté,4,-1,2,0,2,1,2,0,1,50,,2,1,0,1,0,19.0,51.0,,,1,2,6,2,3
202100028826,2021-07-16 00:25:00,2021,7,16,0,25,42,42095,Rue Trémollet,45.38344,4.28171,Nuit avec éclairage allumé,En agglomération,Hors intersection,Pluie légère,Autre collision,4,2,2,0,2,1,2,0,4,50,,1,0,0,0,1,23.0,,,,5,2,1,2,6
202100028827,2021-07-13 23:30:00,2021,7,13,23,30,41,41018,PAPIN (RUE DENIS),47.58722,1.33199,Nuit avec éclairage allumé,En agglomération,Hors intersection,Pluie légère,Autre collision,4,2,2,0,1,1,2,0,1,20,,2,1,0,0,1,29.0,,,,5,2,1,2,6
202100028828,2021-07-15 02:10:00,2021,7,15,2,10,38,38185,Avenue Jean Perrot,45.18063,5.73498,Nuit avec éclairage allumé,En agglomération,Intersection en X,Pluie légère,Deux véhicules - côté,7,3,2,3,1,1,2,0,1,50,,5,1,0,0,4,37.0,23.0,,,5,2,2,2,3
202100028829,2021-07-16 01:15:00,2021,7,16,1,15,35,35238,LOGES (RUE DUPONT DES),48.1090489204,-1.6703312695,Nuit avec éclairage allumé,En agglomération,Hors intersection,Normale,Autre collision,4,1,1,0,1,1,1,0,1,30,,1,0,0,0,1,38.0,,,,5,2,1,1,6
202100028830,2021-07-15 15:50:00,2021,7,15,15,50,35,35238,LIBERTE (BD DE LA),48.10739,-1.6803,Plein jour,En agglomération,Autre intersection,Normale,Autre collision,4,3,1,2,1,1,1,0,8,50,,2,1,0,0,1,32.0,,,,1,2,9,1,6
202100028831,2021-07-15 12:30:00,2021,7,15,12,30,35,35238,COMBES (BD EMILE),48.09536,-1.66287,Plein jour,En agglomération,Intersection en T,Normale,Deux véhicules - arrière,4,2,2,0,1,1,1,0,1,50,,2,1,0,0,1,32.0,43.0,,,1,2,3,1,2
202100028832,2021-07-14 00:30:00,2021,7,14,0,30,35,35115,LAVAL (RUE DE),48.33887,-1.19329,Nuit avec éclairage allumé,En agglomération,Hors intersection,Normale,Autre collision,4,2,2,0,1,1,1,0,1,50,,2,0,0,1,1,22.0,,,,5,2,1,1,6
202100028833,2021-07-15 16:00:00,2021,7,15,16,0,33,33529,,44.6403239659,-1.172486139,Plein jour,En agglomération,Hors intersection,Normale,Autre collision,3,2,2,1,2,1,1,0,1,30,,1,0,0,0,1,56.0,,,,1,2,1,1,6
202100028834,2021-07-15 14:05:00,2021,7,15,14,5,31,31555,ECHANGEUR ST MARTIN ( A624-RD 901),43.61166,1.38097,Plein jour,Hors agglomération,Hors intersection,Normale,Deux véhicules - arrière,1,3,6,0,1,3,1,0,1,90,,5,1,0,0,4,54.0,29.0,,,1,1,1,1,2
202100028835,2021-07-15 08:30:00,2021,7,15,8,30,31,31555,BD DELACOURTIE,43.58379,1.45008,Plein jour,En agglomération,Hors intersection,Normale,Deux véhicules - côté,4,2,1,0,1,1,1,0,1,50,,2,1,0,0,1,58.0,26.0,,,1,2,1,1,3