accident_id,datetime,annee,mois,jour,heure,minute,departement,commune_insee,adresse,latitude,longitude,luminosite,agglomeration,intersection,meteo,collision,catr,circ,nbv,vosp,prof,plan,surf,infra,situ,vma,nb_vehicules,nb_usagers,nb_indemnes,nb_tues,nb_blesses_hosp,nb_blesses_legers,age_cond_1,age_cond_2,veh_type_cond_1,veh_type_cond_2,lum_code,agg_code,int_code,atm_code,col_code
202100028836,2021-07-15 01:45:00,2021,7,15,1,45,29,29039,Rue Malakoff,47.8737944011,-3.9196380973,Nuit avec éclairage allumé,En agglomération,Hors intersection,Normale,Autre collision,4,1,1,0,2,3,1,0,1,30,,2,1,0,1,0,17.0,,,,5,2,1,1,6
202100028837,2021-07-15 19:55:00,2021,7,15,19,55,25,25056,FAURE AVENUE EDGAR,47.242759,6.017005,Plein jour,En agglomération,Hors intersection,Pluie légère,Autre collision,4,2,2,0,2,2,2,0,1,50,,1,0,0,0,1,21.0,,,,1,2,1,2,6
202100028838,2021-07-14 16:45:00,2021,7,14,16,45,24,24037,D709 (Rte de Mussidan),44.88493,0.45439,Plein jour,Hors agglomération,Hors intersection,Normale,Deux véhicules - frontale,3,2,2,0,1,1,1,0,1,90,,3,0,0,3,0,42.0,65.0,,,1,1,1,1,1
202100028839,2021-07-15 18:00:00,2021,7,15,18,0,15,15014,POMPIDOU (AVENUE GEORGES),44.91309,2.44549,Plein jour,En agglomération,Hors intersection,Normale,Trois véhicules et plus - en chaîne,2,2,2,0,1,1,1,0,1,50,,4,2,0,0,2,21.0,40.0,,,1,2,1,1,4
202100028840,2021-07-13 10:20:00,2021,7,13,10,20,13,13077,GARE DE FOS,43.40676,4.98447,Plein jour,En agglomération,Hors intersection,Normale,Deux véhicules - côté,4,2,2,0,1,1,1,0,1,50,,2,1,0,0,1,66.0,,,,1,2,1,1,3
202100028841,2021-07-16 00:05:00,2021,7,16,0,5,13,13208,POMPIDOU (PROMENADE),43.26735,5.37223,Nuit avec éclairage allumé,En agglomération,Hors intersection,Normale,Deux véhicules - côté,4,1,2,0,1,1,1,9,1,50,,3,2,0,0,1,,61.0,,,5,2,1,1,3
202100028842,2021-07-15 00:30:00,2021,7,15,0,30,13,13215,SAINT ANTOINE A SAINT JOSEPH (CHEMIN DE),43.35531,5.37038,Nuit avec éclairage allumé,En agglomération,Hors intersection,Normale,Deux véhicules - frontale,4,2,2,0,2,1,1,0,1,50,,3,0,1,0,2,28.0,25.0,,,5,2,1,1,1
202100028843,2021-07-15 14:20:00,2021,7,15,14,20,07,07281,TRAMWAY (CHEMIN DU),44.94312,4.78772,Plein jour,Hors agglomération,Hors intersection,Normale,Deux véhicules - frontale,4,-1,1,0,1,1,1,0,1,50,,3,2,0,0,1,44.0,19.0,,,1,1,1,1,1
202100028844,2021-07-15 13:35:00,2021,7,15,13,35,06,06159,PRINCESSE GRACE DE MONACO (AVENUE),43.70018,7.30565,Plein jour,En agglomération,Hors intersection,Normale,Deux véhicules - arrière,7,2,3,0,1,1,1,0,4,50,,3,2,0,0,1,39.0,12.0,,,1,2,1,1,2
202100028845,2021-07-15 18:00:00,2021,7,15,18,0,06,06069,MARCEL PAGNOL (AVENUE),43.645364,6.944271,Plein jour,En agglomération,Hors intersection,Temps couvert,Trois véhicules et plus - collisions multiples,4,2,2,0,2,1,1,0,1,50,,3,2,0,0,1,50.0,59.0,,,1,2,1,8,5
202100028846,2021-07-15 14:00:00,2021,7,15,14,0,06,06027,MAURE CHEMIN DE LA,43.683725,7.159646,Plein jour,Hors agglomération,Hors intersection,Normale,Autre collision,4,2,2,0,1,1,1,0,1,70,,1,0,0,0,1,28.0,,,,1,1,1,1,6
202100028847,2021-07-14 08:50:00,2021,7,14,8,50,06,06155,LIBERTE AV.DE LA,43.572119,7.084136,Plein jour,En agglomération,Hors intersection,Normale,Autre collision,3,2,2,0,1,1,1,0,1,50,,2,1,0,1,0,21.0,,,,1,2,1,1,6
202100028848,2021-07-15 13:40:00,2021,7,15,13,40,01,01451,MARBOZ RD 996 ( ROUTE DE ) PAIR,46.28605,5.23166,Plein jour,Hors agglomération,Hors intersection,Pluie forte,Deux véhicules - frontale,3,2,2,0,1,2,2,0,1,80,,2,0,0,2,0,20.0,53.0,,,1,1,1,3,1
202100028849,2021-07-15 15:20:00,2021,7,15,15,20,75,75119,BOULEVARD PERIPHERIQUE,48.89361,2.395287,Plein jour,En agglomération,Hors intersection,Normale,Deux véhicules - arrière,4,1,4,0,1,1,1,0,1,70,,2,1,0,0,1,38.0,32.0,,,1,2,1,1,2
202100028850,2021-07-15 13:35:00,2021,7,15,13,35,75,75112,ECHANGEUR BERCY,48.826535,2.391164,Plein jour,En agglomération,Hors intersection,Normale,Sans collision,4,1,2,0,2,4,1,0,1,50,,1,0,0,0,1,48.0,,,,1,2,1,1,7
202100028851,2021-07-14 22:04:00,2021,7,14,22,4,75,75111,AVENUE PHILIPPE AUGUSTE,48.85356,2.392713,Nuit avec éclairage allumé,En agglomération,Intersection en X,Normale,Deux véhicules - côté,4,2,2,0,2,1,1,5,1,30,,2,0,0,2,0,32.0,25.0,,,5,2,2,1,3
202100028852,2021-07-15 10:50:00,2021,7,15,10,50,75,75120,AVENUE GAMBETTA,48.864986,2.395526,Plein jour,En agglomération,Intersection à plus de 4 branches,Normale,Deux véhicules - côté,4,2,3,1,1,1,1,0,5,30,,2,1,0,0,1,,44.0,,,1,2,5,1,3
202100028853,2021-07-14 19:41:00,2021,7,14,19,41,75,75119,BOULEVARD MACDONALD,48.898235,2.386203,Crépuscule ou aube,En agglomération,Intersection en X,Normale,Deux véhicules - côté,4,2,2,0,1,1,1,0,1,50,,2,1,0,1,0,40.0,59.0,,,2,2,2,1,3
202100028854,2021-07-14 15:50:00,2021,7,14,15,50,75,75117,AVENUE DE CLICHY,48.886735,2.32594,Plein jour,En agglomération,Intersection en T,Normale,Deux véhicules - côté,4,2,1,1,1,1,1,0,5,30,,2,1,0,0,1,26.0,58.0,,,1,2,3,1,3
202100028855,2021-07-15 02:29:00,2021,7,15,2,29,75,75116,ALLEE DU BORD DE L EAU,48.871347,2.241179,Nuit avec éclairage non allumé,En agglomération,Hors intersection,Normale,Autre collision,4,2,2,0,1,1,1,0,1,50,,2,0,1,1,0,22.0,,,,4,2,1,1,6
202100028856,2021-07-15 16:00:00,2021,7,15,16,0,75,75115,BOULEVARD VICTOR,48.833944,2.285361,Plein jour,En agglomération,Intersection en T,Normale,Deux véhicules - côté,4,3,3,1,2,1,1,0,5,50,,2,1,0,0,1,40.0,53.0,,,1,2,3,1,3
202100028857,2021-07-15 09:40:00,2021,7,15,9,40,75,75115,RUE VIOLET,48.847152,2.29265,Plein jour,En agglomération,Intersection en X,Normale,Deux véhicules - côté,4,2,2,0,1,1,1,0,1,30,,3,2,0,0,1,77.0,,,,1,2,2,1,3
202100028858,2021-07-15 19:10:00,2021,7,15,19,10,75,75115,QUAI DE GRENELLE,48.849191,2.281883,Plein jour,En agglomération,Intersection en X,Normale,Deux véhicules - côté,4,2,4,0,1,1,1,0,1,50,,2,1,0,0,1,52.0,45.0,,,1,2,2,1,3
202100028859,2021-07-15 19:00:00,2021,7,15,19,0,75,75113,QUAI DE LA GARE,48.836926,2.374206,Plein jour,En agglomération,Hors intersection,Normale,Autre collision,4,2,5,1,1,1,1,0,5,50,,2,1,0,0,1,35.0,,,,1,2,1,1,6
202100028860,2021-07-15 16:00:00,2021,7,15,16,0,75,75113,QUAI DE LA GARE,48.837343,2.373862,Plein jour,En agglomération,Intersection en X,Normale,Deux véhicules - côté,4,2,5,1,1,1,1,0,5,50,,2,1,0,0,1,56.0,25.0,,,1,2,2,1,3
202100028861,2021-07-15 01:30:00,2021,7,15,1,30,75,75111,RUE OBERKAMPF,48.865131,2.375265,Nuit avec éclairage allumé,En agglomération,Intersection en X,Normale,Deux véhicules - frontale,4,1,1,0,1,1,1,0,1,50,,2,1,0,0,1,21.0,,,,5,2,2,1,1
202100028862,2021-07-15 10:45:00,2021,7,15,10,45,75,75115,RUE LECOURBE,48.842783,2.30328,Plein jour,En agglomération,Hors intersection,Normale,Autre collision,4,1,2,0,1,1,1,0,1,50,,2,1,0,0,1,35.0,,,,1,2,1,1,6
202100028863,2021-07-15 02:10:00,2021,7,15,2,10,75,75103,RUE DE BRETAGNE,48.863721,2.361102,Nuit avec éclairage allumé,En agglomération,Intersection en X,Normale,Deux véhicules - côté,4,1,2,0,1,1,1,0,1,50,,2,1,0,0,1,20.0,30.0,,,5,2,2,1,3
202100028864,2021-07-15 01:15:00,2021,7,15,1,15,75,75102,BOULEVARD DE SEBASTOPOL,48.864427,2.351518,Nuit avec éclairage allumé,En agglomération,Intersection en X,Normale,Sans collision,4,1,4,1,1,1,1,9,5,50,,2,1,0,0,1,22.0,,,,5,2,2,1,7
202100028865,2021-07-13 21:10:00,2021,7,13,21,10,75,75101,RUE CROIX DES PETITS CHAMPS,48.862239,2.339161,Crépuscule ou aube,En agglomération,Intersection en T,Pluie légère,Autre collision,4,2,2,0,1,1,2,0,1,50,,2,1,0,0,1,24.0,,,,2,2,3,2,6
202100028866,2021-07-14 21:40:00,2021,7,14,21,40,94,94046,Rue Jean Jaurès,48.79042,2.43511,Nuit avec éclairage allumé,En agglomération,Intersection en T,Normale,Deux véhicules - côté,3,-1,4,0,1,1,1,0,1,50,,2,1,0,0,1,27.0,19.0,,,5,2,3,1,3
202100028867,2021-07-15 20:10:00,2021,7,15,20,10,94,94041,HENRI POURCHASSE (QU),48.80934,2.40796,Plein jour,En agglomération,Hors intersection,Normale,Deux véhicules - côté,3,2,2,0,1,1,1,0,1,50,,2,0,0,0,2,29.0,51.0,,,1,2,1,1,3
202100028868,2021-07-15 08:00:00,2021,7,15,8,0,94,94065,RN 186,48.7549,2.345,Plein jour,Hors agglomération,Autre intersection,Normale,Autre collision,2,1,2,0,1,1,1,3,3,90,,1,0,0,0,1,24.0,,,,1,1,9,1,6
202100028869,2021-07-14 14:30:00,2021,7,14,14,30,94,94011,Avenue de Boissy,48.76393,2.49312,Plein jour,En agglomération,Hors intersection,Normale,Deux véhicules - arrière,3,2,4,0,1,1,1,0,1,50,,2,1,0,0,1,46.0,46.0,,,1,2,1,1,2
202100028870,2021-07-15 05:50:00,2021,7,15,5,50,94,94017,Avenue de la Famille,48.81,2.55,Plein jour,En agglomération,Hors intersection,Normale,Autre collision,4,-1,1,0,1,1,1,0,4,30,,1,0,0,0,1,39.0,,,,1,2,1,1,6
202100028871,2021-07-15 18:25:00,2021,7,15,18,25,94,94004,Rue de Paris,48.753586,2.507164,Plein jour,En agglomération,Hors intersection,Normale,Autre collision,4,2,2,0,2,1,1,0,1,30,,2,1,0,0,1,62.0,,,,1,2,1,1,6
202100028872,2021-07-15 21:15:00,2021,7,15,21,15,93,93066,Rue Guynemer / Cité Guynemer,48.947619,2.359809,Plein jour,En agglomération,Intersection en T,Normale,Deux véhicules - côté,4,2,4,0,1,1,1,9,4,50,,2,1,0,0,1,36.0,20.0,,,1,2,3,1,3
202100028873,2021-07-15 20:30:00,2021,7,15,20,30,93,93064,OFFENBACH (RUE JACQUES),48.884241,2.481339,Plein jour,En agglomération,Hors intersection,Normale,Deux véhicules - frontale,4,1,1,0,1,1,1,0,1,50,,2,1,0,0,1,10.0,19.0,,,1,2,1,1,1
202100028874,2021-07-15 15:10:00,2021,7,15,15,10,93,93074,Rue de Meaux,48.936384,2.581437,Plein jour,En agglomération,Hors intersection,Normale,Autre collision,3,2,2,0,1,1,1,0,1,50,,1,0,0,0,1,18.0,,,,1,2,1,1,6
202100028875,2021-07-15 11:09:00,2021,7,15,11,9,93,93055,OURCQ (QUAI DE L'),48.8959318296,2.4053959405,Plein jour,En agglomération,Hors intersection,Normale,Autre collision,4,2,1,3,1,1,1,6,6,20,,2,1,0,0,1,46.0,38.0,,,1,2,1,1,6
202100028876,2021-07-15 21:00:00,2021,7,15,21,0,93,93008,Avenue Paul Vaillant - Couturier,48.90828,2.45224,Plein jour,En agglomération,Hors intersection,Normale,Deux véhicules - côté,3,1,3,2,1,1,1,0,1,50,,2,1,0,0,1,43.0,23.0,,,1,2,1,1,3
202100028877,2021-07-13 09:10:00,2021,7,13,9,10,92,92078,DU PONANT (AVENUE),48.9440996409,2.3275889018,Plein jour,En agglomération,Hors intersection,Normale,Sans collision,4,2,0,0,1,1,1,0,1,30,,1,0,0,0,1,32.0,,,,1,2,1,1,7
202100028878,2021-07-13 20:15:00,2021,7,13,20,15,92,92036,VIEUX CHEMIN DE ST DENIS (AVENUE),48.931477,2.319998,Plein jour,En agglomération,Hors intersection,Normale,Deux véhicules - côté,4,2,0,0,1,1,1,0,1,50,,2,1,0,0,1,25.0,23.0,,,1,2,1,1,3
202100028879,2021-07-12 15:50:00,2021,7,12,15,50,92,92078,ASNIERES (QUAI),48.932496,2.33554,Plein jour,En agglomération,Hors intersection,Normale,Deux véhicules - côté,4,2,0,0,1,1,1,0,1,50,,3,1,0,0,2,20.0,43.0,,,1,2,1,1,3
202100028880,2021-07-14 20:15:00,2021,7,14,20,15,92,92036,LAURENT CELY (AVENUE) (1/143),48.9306539064,2.3017966747,Crépuscule ou aube,En agglomération,Hors intersection,Normale,Autre collision,3,3,4,0,1,1,1,0,1,50,,2,1,0,0,1,37.0,,,,2,2,1,1,6
202100028881,2021-07-15 17:50:00,2021,7,15,17,50,92,92026,CHARRAS,48.8951756756,2.2499321401,Plein jour,En agglomération,Intersection en X,Normale,Deux véhicules - côté,3,1,2,0,1,1,1,5,1,50,,2,1,0,0,1,48.0,39.0,,,1,2,2,1,3
202100028882,2021-07-15 13:34:00,2021,7,15,13,34,92,92044,LOUISE MICHEL(RUE) 1A39 ET 2A30,48.887746,2.285524,Plein jour,En agglomération,Hors intersection,Normale,Deux véhicules - côté,4,1,1,0,1,1,1,0,1,30,,2,1,0,0,1,36.0,42.0,,,1,2,1,1,3
202100028883,2021-07-15 08:40:00,2021,7,15,8,40,92,92012,GENERAL LECLERC (AVENUE DU) 1/33 - 2/58,48.8331071578,2.2419183385,Plein jour,En agglomération,Hors intersection,Normale,Trois véhicules et plus - en chaîne,3,3,4,0,1,1,1,0,1,50,,3,2,0,0,1,28.0,50.0,,,1,2,1,1,4
202100028884,2021-07-14 04:30:00,2021,7,14,4,30,92,92012,ALPHONSE LE GALLO (QUAI) 35/FIN,48.8377129109,2.2240577999,Nuit avec éclairage allumé,En agglomération,Hors intersection,Pluie forte,Sans collision,3,-1,0,0,1,1,3,0,1,50,,1,0,0,1,0,24.0,,,,5,2,1,3,7
202100028885,2021-07-15 15:45:00,2021,7,15,15,45,92,92004,HENRI POINCARE,48.9303606641,2.2813542187,Plein jour,En agglomération,Intersection en T,Normale,Deux véhicules - côté,4,2,0,0,1,1,1,0,1,50,,2,1,0,0,1,48.0,16.0,,,1,2,3,1,3
202100028886,2021-07-15 14:40:00,2021,7,15,14,40,11,11115,D118,43.367333,2.275318,Plein jour,Hors agglomération,Hors intersection,Normale,Deux véhicules - frontale,3,2,2,0,2,3,1,0,1,80,,6,3,0,2,1,68.0,30.0,,,1,1,1,1,1
202100028887,2021-05-23 03:20:00,2021,5,23,3,20,60,60514,D97,49.607248,1.995499,Nuit sans éclairage public,Hors agglomération,Hors intersection,Temps couvert,Autre collision,3,2,2,0,1,3,1,0,3,80,,3,2,0,0,1,20.0,,,,3,1,1,8,6
202100028888,2021-07-15 05:40:00,2021,7,15,5,40,62,62008,départementale 225,50.730418,2.087767,Crépuscule ou aube,En agglomération,Autre intersection,Normale,Autre collision,3,2,1,0,1,1,1,0,3,50,,1,0,0,1,0,29.0,,,,2,2,9,1,6
202100028889,2021-07-16 20:45:00,2021,7,16,20,45,91,91390,Rue de Chartres,48.312528,2.075939,Crépuscule ou aube,En agglomération,Intersection en T,Normale,Deux véhicules - arrière,3,2,2,0,1,1,1,0,1,-1,,2,1,0,1,0,34.0,18.0,,,2,2,3,1,2
202100028890,2021-07-15 08:45:00,2021,7,15,8,45,974,97422,Rue du Général de Gaulle,-21.273893,55.517491,Plein jour,En agglomération,Intersection en T,Normale,Deux véhicules - côté,4,2,-1,-1,-1,-1,-1,-1,-1,-1,,2,1,0,1,0,79.0,18.0,,,1,2,3,1,3
202100028891,2021-07-15 05:45:00,2021,7,15,5,45,35,35226,RD 137,48.386601,-1.903041,Crépuscule ou aube,Hors agglomération,Hors intersection,Normale,Deux véhicules - arrière,3,3,4,0,1,1,1,0,1,110,,2,1,0,1,0,59.0,37.0,,,2,1,1,1,2
202100028892,2021-07-11 01:31:00,2021,7,11,1,31,01,01347,759 Chemin de Rebillard,45.953693,4.769601,Nuit sans éclairage public,En agglomération,Hors intersection,Normale,Autre collision,4,2,2,0,1,1,2,0,8,50,,2,0,0,2,0,27.0,,,,3,2,1,1,6
202100028893,2021-07-16 17:43:00,2021,7,16,17,43,22,22388,RN176 PR019+200,48.438084,-2.141111,Plein jour,Hors agglomération,Hors intersection,Normale,Sans collision,2,3,4,0,1,1,1,0,3,110,,4,0,0,0,4,31.0,,,,1,1,1,1,7
202100028894,2021-07-14 14:50:00,2021,7,14,14,50,22,22341,D712,48.399039,-2.40496,Plein jour,Hors agglomération,Intersection en X,Normale,Deux véhicules - arrière,3,2,3,0,1,1,1,5,1,70,,3,2,0,1,0,73.0,24.0,,,1,1,2,1,2
202100028895,2021-07-16 17:30:00,2021,7,16,17,30,34,34169,D17,43.660393,3.866484,Plein jour,Hors agglomération,Hors intersection,Normale,Deux véhicules - frontale,7,2,2,1,2,3,1,0,1,80,,3,0,1,2,0,50.0,75.0,,,1,1,1,1,1
202100028896,2021-06-26 22:15:00,2021,6,26,22,15,51,51367,Rue des Chetillons,48.9493489785,4.0300506417,Crépuscule ou aube,En agglomération,Hors intersection,Normale,Deux véhicules - arrière,3,2,2,0,2,1,1,5,1,50,,5,4,0,0,1,48.0,31.0,,,2,2,1,1,2
202100028897,2021-07-16 09:25:00,2021,7,16,9,25,56,56185,Route de Kerdual,47.782016,-3.404544,Plein jour,En agglomération,Intersection en T,Normale,Deux véhicules - côté,4,2,2,0,1,1,1,0,1,50,,2,1,0,1,0,24.0,38.0,,,1,2,3,1,3
202100028898,2021-07-14 05:35:00,2021,7,14,5,35,56,56111,Truda,47.639821,-2.349626,Nuit sans éclairage public,Hors agglomération,Hors intersection,Normale,Autre collision,4,-1,-1,0,2,1,1,0,1,50,,2,1,1,0,0,65.0,,,,3,1,1,1,6
202100028899,2021-07-16 08:45:00,2021,7,16,8,45,79,79286,,46.645857,-0.635673,Plein jour,Hors agglomération,Hors intersection,Normale,Autre collision,3,2,2,0,1,1,1,0,3,80,,1,0,1,0,0,88.0,,,,1,1,1,1,6
202100028900,2021-07-16 15:50:00,2021,7,16,15,50,31,31351,départmentale 1,43.663727,1.30122,Plein jour,En agglomération,Hors intersection,Normale,Autre collision,7,2,2,0,1,1,1,0,3,50,,1,0,1,0,0,48.0,,,,1,2,1,1,6
202100028901,2021-07-15 06:50:00,2021,7,15,6,50,81,81145,Route de Salvagnac,43.853183,1.804762,Crépuscule ou aube,En agglomération,Intersection en X,Normale,Autre collision,3,2,2,0,1,1,1,5,3,50,,1,0,0,1,0,41.0,,,,2,2,2,1,6
202100028902,2021-07-16 11:50:00,2021,7,16,11,50,63,63448,l'enclos,45.474841,3.465645,Plein jour,Hors agglomération,Hors intersection,Pluie légère,Autre collision,3,2,2,0,2,3,2,0,3,80,,1,0,0,1,0,21.0,,,,1,1,1,2,6
202100028903,2021-07-15 07:50:00,2021,7,15,7,50,61,61309,La Roncelière,48.305092,0.689692,Plein jour,Hors agglomération,Intersection en X,Normale,Deux véhicules - frontale,3,-1,2,0,1,1,1,0,1,80,,2,1,0,1,0,40.0,29.0,,,1,1,2,1,1
202100028904,2021-07-14 17:55:00,2021,7,14,17,55,49,49229,La Fosse,47.687781,-0.976367,Plein jour,Hors agglomération,Hors intersection,Normale,Autre collision,3,2,2,0,2,3,1,0,3,-1,,1,0,0,1,0,38.0,,,,1,1,1,1,6
202100028905,2021-07-16 15:03:00,2021,7,16,15,3,12,12043,D888,44.285622,2.518838,Plein jour,Hors agglomération,Intersection en X,Normale,Deux véhicules - côté,3,2,2,0,1,1,1,5,1,90,,2,0,1,1,0,50.0,24.0,,,1,1,2,1,3
202100028906,2021-06-28 12:30:00,2021,6,28,12,30,46,46127,D 704,44.748754,1.378995,Plein jour,Hors agglomération,Hors intersection,Normale,Autre collision,3,-1,2,0,2,2,1,0,3,50,,1,0,0,1,0,20.0,,,,1,1,1,1,6
202100028907,2021-07-15 23:50:00,2021,7,15,23,50,34,34281,D2,43.527829,3.569098,Nuit sans éclairage public,Hors agglomération,Hors intersection,Normale,Sans collision,3,2,2,0,1,2,1,0,3,-1,,1,0,0,1,0,27.0,,,,3,1,1,1,7
202100028908,2021-07-16 08:58:00,2021,7,16,8,58,25,25071,D35,47.428598,6.844036,Crépuscule ou aube,Hors agglomération,Hors intersection,Pluie légère,Sans collision,3,2,2,0,2,2,2,0,3,80,,1,0,0,1,0,28.0,,,,2,1,1,2,7
202100028909,2021-07-15 18:30:00,2021,7,15,18,30,44,44212,La Chalousiere,47.161022,-1.215255,Plein jour,Hors agglomération,Hors intersection,Normale,Autre collision,3,2,2,0,3,3,1,0,3,80,,1,0,0,1,0,25.0,,,,1,1,1,1,6
202100028910,2021-07-15 13:35:00,2021,7,15,13,35,44,44064,Route de Saint-Fiacre,47.102469,-1.311193,Plein jour,Hors agglomération,Hors intersection,Temps éblouissant,Deux véhicules - frontale,3,2,2,0,2,3,1,0,1,80,,2,1,0,1,0,17.0,44.0,,,1,1,1,7,1
202100028911,2021-07-15 10:25:00,2021,7,15,10,25,44,44131,D213,47.143814,-2.132716,Plein jour,Hors agglomération,Autre intersection,Normale,Deux véhicules - côté,3,3,4,0,1,1,1,5,1,90,,3,2,0,0,1,72.0,80.0,,,1,1,9,1,3
202100028912,2021-07-08 02:05:00,2021,7,8,2,5,34,34154,D62,43.551033,3.988901,Nuit sans éclairage public,Hors agglomération,Hors intersection,Normale,Deux véhicules - arrière,3,3,4,0,1,1,1,0,1,110,,5,0,0,1,4,24.0,21.0,,,3,1,1,1,2
202100028913,2021-07-15 20:45:00,2021,7,15,20,45,31,31182,route départementale 820,43.691692,1.402946,Plein jour,Hors agglomération,Hors intersection,Normale,Deux véhicules - frontale,7,2,2,3,1,1,1,0,1,70,,2,0,1,0,1,27.0,57.0,,,1,1,1,1,1
202100028914,2021-07-15 17:45:00,2021,7,15,17,45,38,38387,Route de Saint Marcellin,45.312941,5.336255,Plein jour,Hors agglomération,Hors intersection,Pluie forte,Deux véhicules - frontale,3,2,2,0,1,1,2,0,1,80,,2,0,0,2,0,25.0,55.0,,,1,1,1,3,1
202100028915,2021-07-15 10:52:00,2021,7,15,10,52,38,38350,D290,45.242065,5.909207,Plein jour,Hors agglomération,Hors intersection,Pluie légère,Deux véhicules - frontale,3,2,2,0,2,1,2,0,1,50,,2,1,0,1,0,15.0,45.0,,,1,1,1,2,1
202100028916,2021-07-16 06:10:00,2021,7,16,6,10,13,13045,d570n,43.86259,4.769343,Crépuscule ou aube,Hors agglomération,Hors intersection,Normale,Deux véhicules - frontale,3,2,2,0,1,3,1,0,1,80,,2,1,1,0,0,23.0,26.0,,,2,1,1,1,1
202100028917,2021-07-15 19:35:00,2021,7,15,19,35,06,06071,D2202 PR35+200,44.069303,6.854718,Plein jour,Hors agglomération,Hors intersection,Temps couvert,Autre collision,3,2,2,0,1,2,2,0,3,80,,1,0,0,0,1,28.0,,,,1,1,1,8,6
202100028918,2021-07-13 17:37:00,2021,7,13,17,37,06,06032,avenue du port,43.725805,7.41589,Plein jour,En agglomération,Hors intersection,Normale,Autre collision,9,1,2,0,1,1,1,9,1,30,,1,0,0,1,0,29.0,,,,1,2,1,1,6
202100028919,2021-07-16 04:45:00,2021,7,16,4,45,14,14174,D562,48.858503,-0.535991,Nuit sans éclairage public,Hors agglomération,Hors intersection,Normale,Deux véhicules - côté,3,2,3,0,2,1,1,0,1,90,,2,0,0,1,1,19.0,22.0,,,3,1,1,1,3
202100028920,2021-07-14 19:45:00,2021,7,14,19,45,83,83007,Route de Fox Amphoux,43.621072,6.192663,Plein jour,Hors agglomération,Hors intersection,Normale,Autre collision,3,2,2,0,1,1,1,0,3,80,,1,0,0,1,0,30.0,,,,1,1,1,1,6
202100028921,2021-07-13 20:40:00,2021,7,13,20,40,64,64406,D946,43.50772,-0.543891,Plein jour,Hors agglomération,Hors intersection,Pluie légère,Sans collision,3,2,2,0,1,3,2,0,3,80,,1,0,0,1,0,39.0,,,,1,1,1,2,7
202100028922,2021-07-15 18:45:00,2021,7,15,18,45,43,43186,Lieu Dit Roffiac,44.990761,4.185008,Plein jour,Hors agglomération,Intersection en X,Pluie légère,Sans collision,4,2,1,0,2,3,2,0,3,-1,,1,0,0,1,0,22.0,,,,1,1,2,2,7
202100028923,2021-07-15 15:55:00,2021,7,15,15,55,24,24130,Avenue Georges Haupinot,45.1212742055,1.2273073194,Plein jour,En agglomération,Hors intersection,Normale,Deux véhicules - arrière,3,2,2,0,1,2,1,5,1,50,,2,0,0,0,2,24.0,57.0,,,1,2,1,1,2
202100028924,2021-07-15 16:15:00,2021,7,15,16,15,17,17253,D911,46.013423,-0.858221,Plein jour,Hors agglomération,Hors intersection,Normale,Autre collision,3,2,2,0,1,1,1,0,3,80,,1,0,0,1,0,29.0,,,,1,1,1,1,6
202100028925,2021-07-12 13:50:00,2021,7,12,13,50,42,42013,Avenue des Farges,45.646484,4.291357,Plein jour,En agglomération,Intersection en X,Temps couvert,Deux véhicules - côté,3,2,2,0,1,1,1,0,1,50,,3,2,0,0,1,31.0,25.0,,,1,2,2,8,3
202100028926,2021-07-16 13:49:00,2021,7,16,13,49,06,06155,"A8, PK 170.940, Chaussée NORD",43.604608,7.065673,Plein jour,Hors agglomération,Hors intersection,Pluie légère,Deux véhicules - côté,1,3,5,0,1,1,2,7,1,110,,3,2,0,0,1,59.0,60.0,,,1,1,1,2,3
202100028927,2021-07-16 11:30:00,2021,7,16,11,30,976,97617,Combani,-12.790092,45.133794,Plein jour,En agglomération,Hors intersection,Normale,Deux véhicules - frontale,3,2,2,0,1,1,1,0,3,50,,2,1,0,1,0,19.0,,,,1,2,1,1,1
202100028928,2021-07-15 19:45:00,2021,7,15,19,45,973,97311,Avenue Jean Galmot,5.50792,-53.966721,Nuit sans éclairage public,Hors agglomération,Hors intersection,Normale,Deux véhicules - frontale,3,2,2,0,1,1,1,0,1,-1,,4,2,0,1,1,31.0,30.0,,,3,1,1,1,1
202100028929,2021-07-06 13:20:00,2021,7,6,13,20,78,78380,Rue d Orléans,48.907703,1.849796,Plein jour,En agglomération,Hors intersection,Normale,Deux véhicules - frontale,3,2,2,0,2,1,1,0,1,50,,2,1,0,1,0,34.0,41.0,,,1,2,1,1,1
202100028930,2021-07-14 17:00:00,2021,7,14,17,0,30,30130,D 906,44.311842,3.968296,Plein jour,Hors agglomération,Hors intersection,Normale,Sans collision,3,2,2,0,1,1,1,0,1,80,,1,0,0,1,0,38.0,,,,1,1,1,1,7
202100028931,2021-07-10 19:30:00,2021,7,10,19,30,84,84049,D8,44.16377,4.974414,Plein jour,Hors agglomération,Hors intersection,Normale,Deux véhicules - côté,3,2,2,0,2,1,1,0,1,80,,2,1,0,1,0,26.0,23.0,,,1,1,1,1,3
202100028932,2021-07-15 11:25:00,2021,7,15,11,25,83,83107,Route du Col du Bougnon,43.361097,6.673357,Plein jour,Hors agglomération,Autre intersection,Normale,Deux véhicules - côté,3,2,2,0,2,1,1,0,1,70,,2,1,0,1,0,47.0,49.0,,,1,1,9,1,3