accident_id,datetime,annee,mois,jour,heure,minute,departement,commune_insee,adresse,latitude,longitude,luminosite,agglomeration,intersection,meteo,collision,catr,circ,nbv,vosp,prof,plan,surf,infra,situ,vma,nb_vehicules,nb_usagers,nb_indemnes,nb_tues,nb_blesses_hosp,nb_blesses_legers,age_cond_1,age_cond_2,veh_type_cond_1,veh_type_cond_2,lum_code,agg_code,int_code,atm_code,col_code
202100028933,2021-07-15 17:15:00,2021,7,15,17,15,13,13084,D561 Intersection D23,43.723971,5.315666,Plein jour,Hors agglomération,Intersection en Y,Normale,Deux véhicules - côté,7,2,2,0,1,2,1,0,1,80,,4,0,0,1,3,35.0,77.0,,,1,1,4,1,3
202100028934,2021-07-15 10:15:00,2021,7,15,10,15,42,42265,Route de Verlieu,45.444593,4.75215,Plein jour,Hors agglomération,Intersection en T,Temps couvert,Deux véhicules - frontale,3,2,2,0,1,1,1,0,1,70,,3,1,0,1,1,91.0,59.0,,,1,1,3,8,1
202100028935,2021-07-15 17:27:00,2021,7,15,17,27,69,69206,LEON FOILLARD (AV),46.052446,4.722147,Plein jour,En agglomération,Hors intersection,Pluie forte,Trois véhicules et plus - en chaîne,3,2,2,0,1,1,2,0,1,50,,6,3,0,1,2,46.0,60.0,,,1,2,1,3,4
202100028936,2021-07-13 17:00:00,2021,7,13,17,0,69,69094,BORDEAUX (DE) (RTE),45.74209,4.695035,Plein jour,En agglomération,Autre intersection,Pluie légère,Deux véhicules - côté,3,2,2,3,2,1,2,0,1,70,,2,1,0,1,0,58.0,53.0,,,1,2,9,2,3
202100028937,2021-07-15 20:20:00,2021,7,15,20,20,33,33100,Lieu Dit la Pistolette,45.140974,-0.597411,Plein jour,Hors agglomération,Intersection en X,Normale,Deux véhicules - côté,3,2,2,0,1,1,1,5,1,70,,3,2,0,1,0,23.0,23.0,,,1,1,2,1,3
202100028938,2021-07-16 15:55:00,2021,7,16,15,55,50,50041,La Terrasse,49.642936,-1.802372,Plein jour,Hors agglomération,Intersection en X,Normale,Deux véhicules - côté,3,2,2,0,1,1,1,0,1,80,,2,1,0,0,1,39.0,33.0,,,1,1,2,1,3
202100028939,2021-07-16 18:30:00,2021,7,16,18,30,60,60065,rue de villers,49.356139,2.224023,Plein jour,En agglomération,Hors intersection,Normale,Sans collision,3,2,2,0,1,1,1,0,4,50,,1,0,0,0,1,51.0,,,,1,2,1,1,7
202100028940,2021-07-15 21:10:00,2021,7,15,21,10,13,13206,Tunnel Prado Carénage,43.2820120582,5.3940979149,Plein jour,En agglomération,Hors intersection,Normale,Deux véhicules - frontale,1,1,3,0,1,2,1,1,1,50,,1,0,0,0,1,36.0,,,,1,2,1,1,1
202100028941,2021-07-14 22:00:00,2021,7,14,22,0,13,13215,A7-Sens Lyon vers Marseille,43.35823,5.36259,Nuit sans éclairage public,Hors agglomération,Hors intersection,Normale,Deux véhicules - côté,1,1,3,0,1,1,1,0,1,90,,6,4,0,0,2,,21.0,,,3,1,1,1,3
202100028942,2021-07-14 06:10:00,2021,7,14,6,10,13,13215,A7-Sens Lyon vers Marseille,43.3653267019,5.3607288234,Plein jour,Hors agglomération,Hors intersection,Normale,Sans collision,1,1,1,0,1,1,1,0,1,90,,1,0,0,0,1,32.0,,,,1,1,1,1,7
202100028943,2021-07-15 14:40:00,2021,7,15,14,40,33,33366,,44.978006,-0.431411,Plein jour,Hors agglomération,Autre intersection,Normale,Trois véhicules et plus - collisions multiples,1,-1,1,-1,1,1,1,9,1,30,,4,2,0,0,2,41.0,42.0,,,1,1,9,1,5
202100028944,2021-07-15 14:00:00,2021,7,15,14,0,91,91235,RN 104,48.62382,2.3686,Plein jour,Hors agglomération,Hors intersection,Normale,Deux véhicules - arrière,2,1,2,0,1,1,1,0,1,110,,2,1,0,0,1,28.0,22.0,,,1,1,1,1,2
202100028945,2021-07-15 13:00:00,2021,7,15,13,0,91,91617,RN6 PROVINCE / RN104 INT,48.6405,2.53555,Plein jour,Hors agglomération,Hors intersection,Normale,Deux véhicules - arrière,2,1,4,0,1,1,1,0,1,90,,2,1,0,0,1,27.0,43.0,,,1,1,1,1,2
202100028946,2021-07-11 20:50:00,2021,7,11,20,50,78,78455,A13,48.850362,2.068434,Plein jour,Hors agglomération,Hors intersection,Normale,Autre collision,1,1,2,0,1,1,1,0,1,110,,4,3,0,0,1,21.0,,,,1,1,1,1,6
202100028947,2021-07-14 23:30:00,2021,7,14,23,30,78,78118,A13,48.9819,1.68953,Nuit avec éclairage allumé,Hors agglomération,Hors intersection,Normale,Deux véhicules - arrière,1,1,3,0,1,1,1,0,1,110,,4,1,0,0,3,39.0,,,,5,1,1,1,2
202100028948,2021-07-14 22:25:00,2021,7,14,22,25,78,78362,A13,48.97933,1.70297,Nuit avec éclairage allumé,Hors agglomération,Hors intersection,Normale,Deux véhicules - arrière,1,3,6,0,1,1,1,8,1,110,,5,4,0,0,1,25.0,52.0,,,5,1,1,1,2
202100028949,2021-07-14 20:20:00,2021,7,14,20,20,78,78043,A12 W,48.842346,2.097543,Plein jour,Hors agglomération,Hors intersection,Normale,Deux véhicules - arrière,1,1,1,0,1,2,1,3,1,90,,2,1,0,0,1,,25.0,,,1,1,1,1,2
202100028950,2021-07-15 16:00:00,2021,7,15,16,0,93,93053,AUTOROUTE A3,48.89352,2.47233,Plein jour,Hors agglomération,Hors intersection,Normale,Trois véhicules et plus - en chaîne,1,3,10,0,1,1,1,0,1,90,,3,2,0,0,1,35.0,53.0,,,1,1,1,1,4
202100028951,2021-07-15 16:45:00,2021,7,15,16,45,92,92078,AUTOROUTE A86,48.9283084303,2.3316245851,Plein jour,Hors agglomération,Hors intersection,Normale,Deux véhicules - arrière,1,3,6,0,1,1,1,0,1,70,,2,1,0,0,1,54.0,46.0,,,1,1,1,1,2
202100028952,2021-07-15 13:30:00,2021,7,15,13,30,93,93053,AUTOROUTE A3,48.88076,2.45227,Plein jour,Hors agglomération,Hors intersection,Normale,Deux véhicules - arrière,1,3,7,0,1,1,1,1,1,70,,2,1,0,0,1,50.0,51.0,,,1,1,1,1,2
202100028953,2021-07-14 19:00:00,2021,7,14,19,0,95,95256,RN 184,49.0540257214,2.2002321482,Plein jour,Hors agglomération,Hors intersection,Normale,Autre collision,2,3,7,0,1,1,1,0,1,90,,1,0,0,0,1,21.0,,,,1,1,1,1,6
202100028954,2021-07-14 11:00:00,2021,7,14,11,0,93,93053,AUTOROUTE A103,48.88758,2.47285,Plein jour,Hors agglomération,Hors intersection,Temps couvert,Sans collision,1,3,4,0,1,2,2,0,1,90,,1,0,0,0,1,28.0,,,,1,1,1,8,7
202100028955,2021-07-14 10:50:00,2021,7,14,10,50,93,93027,BDL,48.93585,2.40396,Plein jour,Hors agglomération,Hors intersection,Pluie légère,Autre collision,1,3,4,0,2,3,2,3,1,70,,1,0,0,0,1,24.0,,,,1,1,1,2,6
202100028956,2021-07-15 18:40:00,2021,7,15,18,40,94,94028,A86 EXT,48.798,2.445,Plein jour,Hors agglomération,Hors intersection,Normale,Deux véhicules - côté,1,1,4,0,1,1,1,0,1,90,,2,1,0,0,1,22.0,30.0,,,1,1,1,1,3
202100028957,2021-07-14 17:45:00,2021,7,14,17,45,94,94033,A86.INT,48.84764,2.49136,Plein jour,Hors agglomération,Hors intersection,Normale,Trois véhicules et plus - collisions multiples,1,1,2,0,1,1,1,1,1,90,,3,2,0,0,1,29.0,36.0,,,1,1,1,1,5
202100028958,2021-07-14 08:20:00,2021,7,14,8,20,94,94017,A4,48.828166544,2.5039882462,Plein jour,Hors agglomération,Hors intersection,Pluie légère,Deux véhicules - arrière,1,1,5,0,1,1,2,1,1,90,,2,1,0,0,1,24.0,22.0,,,1,1,1,2,2
202100028959,2021-07-14 09:50:00,2021,7,14,9,50,69,69386,BOSSUET (R),45.7678,4.85066,Plein jour,En agglomération,Intersection en X,Pluie légère,Deux véhicules - côté,4,1,1,0,1,1,2,0,1,50,,3,1,0,0,2,56.0,30.0,,,1,2,2,2,3
202100028960,2021-07-14 06:00:00,2021,7,14,6,0,69,69387,ARTILLERIE (DE L')                  (BD),45.7358644318,4.8430148162,Crépuscule ou aube,En agglomération,Hors intersection,Normale,Sans collision,4,2,2,0,1,2,1,9,8,50,,2,1,0,1,0,,,,,2,2,1,1,7
202100028961,2021-07-11 11:20:00,2021,7,11,11,20,972,97213,ROUTE DEPARTEMENTALE 15 A,14.61118,-61.00084,Plein jour,En agglomération,Hors intersection,Normale,Sans collision,3,2,2,0,1,1,1,0,8,50,,4,3,0,0,1,,,,,1,2,1,1,7
202100028962,2021-07-14 22:20:00,2021,7,14,22,20,69,69382,PERRACHE (Q),45.74585,4.82804,Nuit avec éclairage allumé,En agglomération,Hors intersection,Normale,Sans collision,4,2,2,1,1,1,1,0,1,50,,1,0,0,0,1,42.0,,,,5,2,1,1,7
202100028963,2021-07-13 12:05:00,2021,7,13,12,5,69,69389,ST CYR (DE) (R),45.7885438196,4.8079338723,Plein jour,En agglomération,Hors intersection,Normale,Deux véhicules - côté,4,2,3,2,1,1,1,0,4,50,,2,1,0,0,1,33.0,43.0,,,1,2,1,1,3
202100028964,2021-07-15 01:25:00,2021,7,15,1,25,83,83137,15EME CORPS (AVE DU),43.12855,5.91386,Nuit avec éclairage allumé,En agglomération,Hors intersection,Normale,Deux véhicules - arrière,4,2,2,0,1,1,1,0,1,50,,3,1,0,0,2,26.0,,,,5,2,1,1,2
202100028965,2021-07-14 06:00:00,2021,7,14,6,0,76,76410,GARSTEDT. RUE DE,49.481518,1.033961,Plein jour,En agglomération,Hors intersection,Normale,Autre collision,4,-1,2,0,2,3,1,0,4,50,,2,0,0,0,2,29.0,,,,1,2,1,1,6
202100028966,2021-07-13 09:50:00,2021,7,13,9,50,67,67180,MARECHAL FOCH (RUE DU),48.81244,7.7948,Plein jour,En agglomération,Giratoire,Pluie légère,Autre collision,4,-1,1,0,1,2,2,5,8,50,,2,1,0,0,1,75.0,,,,1,2,6,2,6
202100028967,2021-07-14 09:50:00,2021,7,14,9,50,64,64122,JAULERRY (AVENUE),43.48059,-1.5593,Plein jour,En agglomération,Hors intersection,Normale,Deux véhicules - côté,4,1,1,0,2,1,1,0,1,30,,2,1,0,0,1,51.0,49.0,,,1,2,1,1,3
202100028968,2021-06-18 01:45:00,2021,6,18,1,45,54,54339,EGLISE (RUE DE L'),48.71171,6.18662,Nuit avec éclairage allumé,En agglomération,Hors intersection,Normale,Autre collision,7,1,1,0,1,1,1,0,4,50,,1,0,0,1,0,25.0,,,,5,2,1,1,6
202100028969,2021-07-14 22:10:00,2021,7,14,22,10,54,54395,FRANCE (AVENUE ANATOLE),48.6869484179,6.1617096044,Nuit avec éclairage allumé,En agglomération,Intersection en X,Pluie forte,Deux véhicules - côté,4,1,2,2,1,1,2,-1,1,50,,2,1,0,0,1,22.0,28.0,,,5,2,2,3,3
202100028970,2021-07-09 19:50:00,2021,7,9,19,50,42,42218,Rue Benoit Frachon,45.4465047763,4.3674532324,Plein jour,En agglomération,Intersection en X,Normale,Autre collision,4,-1,0,0,1,1,1,0,1,50,,2,1,0,0,1,46.0,,,,1,2,2,1,6
202100028971,2021-07-13 10:40:00,2021,7,13,10,40,42,42187,Rue de Villemontais,46.0262251768,4.061295495,Plein jour,En agglomération,Intersection en Y,Normale,Deux véhicules - côté,4,2,2,0,1,1,1,0,1,50,,4,2,0,0,2,24.0,31.0,,,1,2,4,1,3
202100028972,2021-07-14 17:50:00,2021,7,14,17,50,33,33009,COTE D'ARGENT (BD) DU 164 AU 254,44.64167,-1.20168,Plein jour,En agglomération,Hors intersection,Normale,Sans collision,3,2,2,1,1,1,1,0,1,30,,1,0,0,0,1,57.0,,,,1,2,1,1,7
202100028973,2021-07-13 10:32:00,2021,7,13,10,32,17,17291,RN11,46.17457,-1.11213,Plein jour,Hors agglomération,Hors intersection,Pluie légère,Deux véhicules - arrière,2,3,4,0,1,1,2,0,1,50,,3,2,0,0,1,30.0,23.0,,,1,1,1,2,2
202100028974,2021-07-14 19:42:00,2021,7,14,19,42,14,14118,Rue de la Masse,49.18529,-0.34505,Plein jour,En agglomération,Intersection en X,Normale,Deux véhicules - côté,4,2,2,2,4,1,1,0,1,50,,2,1,0,0,1,32.0,55.0,,,1,2,2,1,3
202100028975,2021-07-14 13:50:00,2021,7,14,13,50,14,14118,Boulevard Dunois,49.18832,-0.37828,Plein jour,En agglomération,Autre intersection,Normale,Deux véhicules - côté,4,2,2,0,1,1,1,9,1,50,,2,1,0,0,1,22.0,27.0,,,1,2,9,1,3
202100028976,2021-07-14 20:40:00,2021,7,14,20,40,13,13205,SAINT JEAN DU DESERT (CHEMIN),43.29365,5.40849,Crépuscule ou aube,En agglomération,Intersection en X,Normale,Deux véhicules - côté,4,2,2,0,1,1,1,5,1,50,,3,1,0,2,0,47.0,18.0,,,2,2,2,1,3
202100028977,2021-07-14 15:00:00,2021,7,14,15,0,13,13210,PRUD'HOMMES (TVSE),43.2744,5.43884,Plein jour,En agglomération,Hors intersection,Normale,Deux véhicules - côté,4,-1,1,0,1,1,1,0,1,50,,2,0,0,0,2,66.0,20.0,,,1,2,1,1,3
202100028978,2021-07-14 22:50:00,2021,7,14,22,50,13,13001,GARDANNE (ROUTE DE ),43.48805,5.40945,Nuit sans éclairage public,Hors agglomération,Hors intersection,Normale,Deux véhicules - frontale,7,-1,2,0,1,1,1,0,1,80,,10,2,0,0,8,30.0,34.0,,,3,1,1,1,1
202100028979,2021-07-14 06:20:00,2021,7,14,6,20,13,13001,GARDANNE (ROUTE DE ),43.53,5.40683,Crépuscule ou aube,En agglomération,Autre intersection,Normale,Deux véhicules - frontale,7,1,0,0,1,2,1,0,1,50,,2,1,0,0,1,32.0,,,,2,2,9,1,1
202100028980,2021-07-14 13:23:00,2021,7,14,13,23,06,06088,Boulevard de Cessole,43.71933,7.25209,Plein jour,En agglomération,Hors intersection,Normale,Autre collision,4,2,3,3,2,1,1,0,1,50,,2,1,0,1,0,55.0,63.0,,,1,2,1,1,6
202100028981,2021-07-14 20:50:00,2021,7,14,20,50,06,06069,PEGOMAS (ROUTE DE),43.636846,6.933318,Crépuscule ou aube,En agglomération,Hors intersection,Normale,Autre collision,3,2,2,0,2,1,1,0,8,50,,3,1,0,0,2,,30.0,,,2,2,1,1,6
202100028982,2021-07-14 18:20:00,2021,7,14,18,20,06,06123,SAUVAIGO PIERRE AVENUE,43.660879,7.177565,Plein jour,En agglomération,Hors intersection,Normale,Deux véhicules - arrière,7,2,2,0,2,1,1,0,1,50,,2,1,0,0,1,17.0,16.0,,,1,2,1,1,2
202100028983,2021-07-14 17:15:00,2021,7,14,17,15,75,75113,BOULEVARD VINCENT AURIOL,48.8361964597,2.3714992404,Plein jour,En agglomération,Intersection en X,Normale,Deux véhicules - côté,4,2,4,0,1,1,1,0,1,50,,2,1,0,0,1,48.0,48.0,,,1,2,2,1,3
202100028984,2021-07-13 21:53:00,2021,7,13,21,53,75,75111,BOULEVARD BEAUMARCHAIS,48.860663,2.367332,Crépuscule ou aube,En agglomération,Intersection en T,Temps couvert,Autre collision,4,2,4,3,1,1,2,0,6,50,,3,1,0,1,1,23.0,41.0,,,2,2,3,8,6
202100028985,2021-07-14 17:25:00,2021,7,14,17,25,75,75118,RUE MARCADET,48.890706,2.345518,Plein jour,En agglomération,Intersection en Y,Normale,Deux véhicules - côté,4,1,1,0,1,1,1,0,1,30,,2,1,0,0,1,29.0,41.0,,,1,2,4,1,3
202100028986,2021-07-14 17:00:00,2021,7,14,17,0,75,75118,BOULEVARD DE ROCHECHOUART,48.883843,2.349419,Plein jour,En agglomération,Intersection en X,Normale,Autre collision,4,1,2,0,1,1,1,0,1,50,,2,1,0,0,1,60.0,,,,1,2,2,1,6
202100028987,2021-07-14 16:45:00,2021,7,14,16,45,75,75117,PLACE DES TERNES,48.877766,2.298397,Plein jour,En agglomération,Place,Normale,Deux véhicules - côté,4,2,2,0,1,1,1,0,1,50,,2,1,0,0,1,37.0,19.0,,,1,2,7,1,3
202100028988,2021-07-13 17:05:00,2021,7,13,17,5,75,75115,RUE DE LA CROIX NIVERT,48.839324,2.289889,Plein jour,En agglomération,Hors intersection,Pluie forte,Sans collision,4,2,2,0,1,1,2,0,1,30,,1,0,0,0,1,22.0,,,,1,2,1,3,7
202100028989,2021-07-14 17:20:00,2021,7,14,17,20,75,75110,BOULEVARD DE MAGENTA,48.878243,2.354303,Plein jour,En agglomération,Intersection en T,Normale,Autre collision,4,2,4,3,2,1,1,0,6,50,,2,1,0,0,1,34.0,,,,1,2,3,1,6
202100028990,2021-07-14 18:10:00,2021,7,14,18,10,75,75109,RUE LA FAYETTE,48.875817,2.343716,Plein jour,En agglomération,Intersection en X,Normale,Deux véhicules - frontale,4,2,1,1,1,1,1,0,5,50,,2,1,0,0,1,56.0,21.0,,,1,2,2,1,1
202100028991,2021-07-14 03:20:00,2021,7,14,3,20,75,75104,QUAI AUX FLEURS,48.85443,2.351363,Nuit avec éclairage allumé,En agglomération,Hors intersection,Pluie forte,Autre collision,4,1,2,0,1,1,2,0,1,50,,1,0,0,0,1,53.0,,,,5,2,1,3,6
202100028992,2021-07-14 00:30:00,2021,7,14,0,30,94,94081,Rue Charles Infroit,48.79551,2.39158,Nuit avec éclairage allumé,En agglomération,Intersection en T,Pluie légère,Deux véhicules - côté,4,2,2,0,2,1,2,0,1,50,,3,2,0,0,1,28.0,20.0,,,5,2,3,2,3
202100028993,2021-07-14 18:17:00,2021,7,14,18,17,94,94046,Avenue Joffre,48.81493,2.45163,Plein jour,En agglomération,Hors intersection,Normale,Autre collision,4,3,2,0,1,1,1,0,1,30,,2,1,0,0,1,50.0,,,,1,2,1,1,6
202100028994,2021-07-14 09:15:00,2021,7,14,9,15,94,94019,LIBERATION (RTE DE LA),48.79908,2.54502,Plein jour,En agglomération,Intersection en X,Temps couvert,Deux véhicules - côté,3,2,2,0,1,1,1,0,1,50,,2,1,0,0,1,32.0,30.0,,,1,2,2,8,3
202100028995,2021-07-14 19:05:00,2021,7,14,19,5,94,94017,Avenue du Général de Gaulle,48.8272,2.50732,Plein jour,Hors agglomération,Hors intersection,Normale,Deux véhicules - arrière,1,1,2,0,2,1,1,0,1,50,,3,2,0,0,1,57.0,28.0,,,1,1,1,1,2
202100028996,2021-07-14 13:30:00,2021,7,14,13,30,93,93077,Rue Victor Hugo,48.885218,2.498185,Plein jour,En agglomération,Hors intersection,Normale,Autre collision,4,2,2,0,1,1,1,0,1,50,,2,1,0,0,1,51.0,,,,1,2,1,1,6
202100028997,2021-07-13 22:40:00,2021,7,13,22,40,93,93048,Avenue du Président Wilson,48.857869,2.440212,Nuit avec éclairage allumé,En agglomération,Hors intersection,Pluie forte,Autre collision,4,2,2,0,1,1,1,0,1,50,,1,0,0,0,1,88.0,,,,5,2,1,3,6
202100028998,2021-07-14 00:00:00,2021,7,14,0,0,93,93006,Rue Robespierre,48.857781,2.421668,Nuit sans éclairage public,En agglomération,Hors intersection,Pluie forte,Autre collision,3,1,1,0,1,1,1,0,6,10,,3,0,0,1,2,89.0,,,,3,2,1,3,6
202100028999,2021-07-14 20:20:00,2021,7,14,20,20,93,93046,Avenue Aristide Briand,48.911463,2.518285,Plein jour,En agglomération,Autre intersection,Normale,Deux véhicules - côté,3,2,4,0,1,1,1,5,1,50,,2,1,0,1,0,52.0,34.0,,,1,2,9,1,3
202100029000,2021-07-14 16:50:00,2021,7,14,16,50,92,92023,HUIT MAI 1945 (CARREFOUR DU) S102,48.791526695,2.2626833618,Plein jour,En agglomération,Hors intersection,Normale,Sans collision,4,1,1,0,1,1,1,0,1,30,,1,0,0,0,1,17.0,,,,1,2,1,1,7
202100029001,2021-07-13 19:40:00,2021,7,13,19,40,92,92071,HOUDAN (RUE),48.7790804544,2.2801485658,Plein jour,En agglomération,Intersection en X,Pluie forte,Autre collision,3,2,2,0,1,1,2,0,1,30,,3,2,0,0,1,24.0,,,,1,2,2,3,6
202100029002,2021-07-14 16:55:00,2021,7,14,16,55,92,92012,JEAN JAURES (BOULEVARD) 1/61 - COTE IMPA,48.8407916219,2.2394181209,Plein jour,En agglomération,Hors intersection,Normale,Autre collision,4,2,2,0,1,1,1,0,1,50,,2,1,0,0,1,19.0,,,,1,2,1,1,6
202100029003,2021-07-15 09:55:00,2021,7,15,9,55,974,97415,79 Route de l'éperon,-21.042134,55.254946,Plein jour,En agglomération,Intersection en T,Normale,Autre collision,3,2,2,0,2,1,1,5,8,50,,1,0,1,0,0,76.0,,,,1,2,3,1,6
202100029004,2021-07-15 01:25:00,2021,7,15,1,25,37,37194,Rue Edmond Chédehoux,47.4824390507,0.8848548004,Nuit sans éclairage public,En agglomération,Hors intersection,Normale,Autre collision,3,2,2,0,1,1,1,0,1,50,,1,0,0,0,1,39.0,,,,3,2,1,1,6
202100029005,2021-07-14 15:10:00,2021,7,14,15,10,47,47175,Avenue de la libération,44.529418,0.765921,Plein jour,En agglomération,Hors intersection,Normale,Autre collision,3,2,2,0,2,1,1,0,4,50,,1,0,0,1,0,15.0,,,,1,2,1,1,6
202100029006,2021-07-15 03:00:00,2021,7,15,3,0,01,01105,D66,45.9049250762,4.8796411212,Nuit sans éclairage public,Hors agglomération,Giratoire,Pluie légère,Autre collision,3,-1,2,0,1,3,2,0,4,50,,2,0,0,1,1,31.0,,,,3,1,6,2,6
202100029007,2021-07-12 09:15:00,2021,7,12,9,15,71,71220,D979,46.538724,3.765017,Plein jour,Hors agglomération,Hors intersection,Pluie légère,Deux véhicules - frontale,3,3,2,0,1,2,2,0,1,80,,2,0,0,0,2,19.0,55.0,,,1,1,1,2,1
202100029008,2021-07-08 19:00:00,2021,7,8,19,0,11,11140,RD 106 ,43.1494618909,2.7226781845,Plein jour,En agglomération,Intersection en X,Normale,Trois véhicules et plus - collisions multiples,3,2,2,0,1,1,1,0,1,50,,4,2,0,0,2,50.0,60.0,,,1,2,2,1,5
202100029009,2021-07-14 23:00:00,2021,7,14,23,0,58,58086,d 955 A,47.432442,2.933328,Nuit sans éclairage public,En agglomération,Hors intersection,Normale,Deux véhicules - arrière,3,2,2,0,1,1,1,0,1,80,,2,1,0,0,1,,52.0,,,3,2,1,1,2
202100029010,2021-07-15 18:30:00,2021,7,15,18,30,85,85072,10 Rue de la FOntenelle,46.851405,-1.347118,Plein jour,En agglomération,Hors intersection,Normale,Deux véhicules - frontale,3,2,2,0,2,2,1,0,1,50,,2,1,0,1,0,23.0,15.0,,,1,2,1,1,1
202100029011,2021-07-15 00:56:00,2021,7,15,0,56,37,37261,,47.3829045723,0.7109939965,Nuit sans éclairage public,Hors agglomération,Hors intersection,Normale,Deux véhicules - arrière,1,3,3,0,2,1,1,0,1,90,,5,4,0,0,1,48.0,33.0,,,3,1,1,1,2
202100029012,2021-07-15 07:35:00,2021,7,15,7,35,66,66186,Avenue de Cabestany,42.665136,2.97602,Plein jour,Hors agglomération,Hors intersection,Normale,Deux véhicules - frontale,3,2,2,0,1,3,1,0,1,80,,2,1,0,1,0,22.0,54.0,,,1,1,1,1,1
202100029013,2021-07-13 14:10:00,2021,7,13,14,10,56,56078,Route Départementale N°765,47.797247,-3.472479,Plein jour,Hors agglomération,Intersection en X,Normale,Deux véhicules - arrière,3,2,2,0,1,1,1,0,1,80,,2,1,0,1,0,16.0,44.0,,,1,1,2,1,2
202100029014,2021-07-15 11:30:00,2021,7,15,11,30,56,56239,Rue de la Déchetterie,47.684206,-2.137983,Plein jour,Hors agglomération,Intersection en T,Normale,Deux véhicules - côté,3,2,2,0,1,3,1,5,1,80,,2,1,0,0,1,45.0,52.0,,,1,1,3,1,3
202100029015,2021-07-15 16:45:00,2021,7,15,16,45,76,76019,D23,49.841875,1.086536,Plein jour,Hors agglomération,Hors intersection,Normale,Sans collision,3,2,2,0,2,2,1,0,3,70,,1,0,0,1,0,57.0,,,,1,1,1,1,7
202100029016,2021-07-15 05:09:00,2021,7,15,5,9,76,76120,Route de Mathonville,49.60345031,1.39565614,Nuit sans éclairage public,Hors agglomération,Intersection en X,Normale,Deux véhicules - arrière,3,2,2,0,2,1,1,0,1,80,,2,0,0,1,1,39.0,19.0,,,3,1,2,1,2
202100029017,2021-07-14 21:25:00,2021,7,14,21,25,79,79340,,46.552191,-0.171189,Crépuscule ou aube,Hors agglomération,Hors intersection,Normale,Autre collision,3,2,2,0,2,2,1,0,3,80,,1,0,0,1,0,29.0,,,,2,1,1,1,6
202100029018,2021-07-14 16:50:00,2021,7,14,16,50,2B,2B050,RT30,42.557731,8.795902,Plein jour,Hors agglomération,Hors intersection,Normale,Deux véhicules - frontale,2,2,2,0,1,1,1,0,1,70,,4,2,0,0,2,45.0,49.0,,,1,1,1,1,1
202100029019,2021-07-15 13:35:00,2021,7,15,13,35,33,33236,26 Chemin du Bourgeon,44.787105,-1.151998,Plein jour,En agglomération,Hors intersection,Normale,Sans collision,4,2,2,0,1,1,1,0,1,50,,1,0,1,0,0,77.0,,,,1,2,1,1,7
202100029020,2021-07-15 02:30:00,2021,7,15,2,30,11,11042,Canal du Midi,43.213027,2.59316,Nuit sans éclairage public,Hors agglomération,Hors intersection,Normale,Autre collision,3,2,2,0,1,1,1,0,3,80,,1,0,0,1,0,35.0,,,,3,1,1,1,6
202100029021,2021-07-15 11:10:00,2021,7,15,11,10,71,71187,RN 80 PR 38+200,46.748823,4.508064,Plein jour,Hors agglomération,Hors intersection,Pluie légère,Deux véhicules - arrière,2,3,4,0,3,1,2,0,1,110,,2,1,0,0,1,37.0,30.0,,,1,1,1,2,2
202100029022,2021-07-14 14:45:00,2021,7,14,14,45,89,89404,Rue Aristide Bruand,48.167036,3.2039,Plein jour,En agglomération,Hors intersection,Temps couvert,Trois véhicules et plus - en chaîne,3,2,2,0,1,1,2,0,1,50,,3,2,0,0,1,29.0,35.0,,,1,2,1,8,4
202100029023,2021-07-14 10:45:00,2021,7,14,10,45,61,61179,rd909 (La Fresnaye-au-Sauvage),48.724718,-0.261011,Plein jour,Hors agglomération,Hors intersection,Normale,Deux véhicules - arrière,3,2,2,0,1,1,1,0,1,90,,2,1,1,0,0,19.0,73.0,,,1,1,1,1,2
202100029024,2021-07-14 21:20:00,2021,7,14,21,20,68,68082,26 Faubourg de Belfort,47.860297,7.34377,Nuit avec éclairage allumé,En agglomération,Hors intersection,Pluie forte,Sans collision,3,2,2,0,1,1,3,0,1,50,,1,0,0,0,1,18.0,,,,5,2,1,3,7
202100029025,2021-07-14 16:29:00,2021,7,14,16,29,44,44069,Route du Bois du Pont lieu dit Bouzaire,47.370011,-2.384312,Plein jour,En agglomération,Hors intersection,Normale,Deux véhicules - frontale,3,2,2,0,1,3,1,0,1,50,,2,1,0,1,0,49.0,47.0,,,1,2,1,1,1
202100029026,2021-07-14 21:30:00,2021,7,14,21,30,29,29030,Lieu Dit Kerbellec,48.6844855527,-4.096583426,Plein jour,Hors agglomération,Intersection en X,Normale,Deux véhicules - côté,4,2,1,0,1,1,1,0,1,80,,2,1,0,1,0,61.0,51.0,,,1,1,2,1,3
202100029027,2021-07-14 18:50:00,2021,7,14,18,50,29,29015,Route de Breignou Coz,48.4811150407,-4.4955116251,Plein jour,Hors agglomération,Hors intersection,Normale,Autre collision,3,2,2,0,1,2,1,0,3,50,,2,0,0,1,1,21.0,,,,1,1,1,1,6
202100029028,2021-07-11 01:45:00,2021,7,11,1,45,29,29197,Rue de Locquéran,48.024055,-4.534079,Nuit avec éclairage non allumé,En agglomération,Hors intersection,Normale,Deux véhicules - arrière,4,2,2,0,1,1,1,0,1,50,,2,1,0,0,1,15.0,,,,4,2,1,1,2
202100029029,2021-07-14 20:30:00,2021,7,14,20,30,31,31247,19 rue Jean Mermoz,43.076879,0.678821,Plein jour,En agglomération,Hors intersection,Normale,Autre collision,3,2,2,0,1,1,1,9,3,50,,1,0,0,1,0,29.0,,,,1,2,1,1,6