accident_id,datetime,annee,mois,jour,heure,minute,departement,commune_insee,adresse,latitude,longitude,luminosite,agglomeration,intersection,meteo,collision,catr,circ,nbv,vosp,prof,plan,surf,infra,situ,vma,nb_vehicules,nb_usagers,nb_indemnes,nb_tues,nb_blesses_hosp,nb_blesses_legers,age_cond_1,age_cond_2,veh_type_cond_1,veh_type_cond_2,lum_code,agg_code,int_code,atm_code,col_code
202100029030,2021-07-14 20:25:00,2021,7,14,20,25,01,01374,route départementale 1075,46.088099,5.315897,Crépuscule ou aube,Hors agglomération,Hors intersection,Pluie légère,Trois véhicules et plus - collisions multiples,3,2,2,0,1,1,2,0,1,80,,4,0,0,1,3,44.0,32.0,,,2,1,1,2,5
202100029031,2021-07-15 02:45:00,2021,7,15,2,45,01,01294,route du rhône,45.670101,5.679918,Nuit sans éclairage public,Hors agglomération,Hors intersection,Pluie légère,Sans collision,3,2,2,0,1,3,2,0,3,80,,1,0,0,1,0,30.0,,,,3,1,1,2,7
202100029032,2021-07-13 09:00:00,2021,7,13,9,0,06,06079,Place du Souvenir Français,43.555364,6.937287,Plein jour,En agglomération,Autre intersection,Normale,Autre collision,6,-1,-1,0,1,1,1,0,1,30,,2,1,0,1,0,53.0,,,,1,2,9,1,6
202100029033,2021-07-15 04:30:00,2021,7,15,4,30,60,60066,D332,49.28225,2.875582,Nuit sans éclairage public,Hors agglomération,Hors intersection,Normale,Autre collision,3,2,2,0,1,1,1,0,1,80,,2,1,0,1,0,27.0,,,,3,1,1,1,6
202100029034,2021-07-14 10:50:00,2021,7,14,10,50,60,60222,D938,49.4690155915,2.2619862555,Plein jour,Hors agglomération,Intersection en X,Normale,Deux véhicules - côté,3,2,2,0,1,1,1,9,1,80,,2,1,0,0,1,46.0,41.0,,,1,1,2,1,3
202100029035,2021-07-14 02:00:00,2021,7,14,2,0,64,64043,Chemin du Haut,43.443097,-0.349873,Nuit avec éclairage allumé,En agglomération,Hors intersection,Pluie légère,Sans collision,4,2,2,0,1,1,2,0,1,50,,3,0,0,0,3,23.0,,,,5,2,1,2,7
202100029036,2021-07-14 08:30:00,2021,7,14,8,30,10,10317,453,47.968635,4.35359,Plein jour,Hors agglomération,Hors intersection,Pluie légère,Sans collision,3,2,2,0,1,1,2,0,1,80,,1,0,0,1,0,20.0,,,,1,1,1,2,7
202100029037,2021-06-10 09:30:00,2021,6,10,9,30,40,40126,Route de Dax,43.702269,-0.935715,Plein jour,En agglomération,Hors intersection,Normale,Deux véhicules - frontale,3,2,2,0,1,1,1,0,1,50,,2,0,0,1,1,36.0,64.0,,,1,2,1,1,1
202100029038,2021-07-15 19:30:00,2021,7,15,19,30,17,17323,Rue de la Plage,46.034811,-1.374836,Plein jour,En agglomération,Intersection en X,Normale,Deux véhicules - côté,4,1,1,2,1,1,1,0,1,50,,4,3,0,0,1,51.0,23.0,,,1,2,2,1,3
202100029039,2021-07-15 01:30:00,2021,7,15,1,30,87,87046,Rue des Grillas,45.825502,1.009047,Nuit sans éclairage public,Hors agglomération,Hors intersection,Temps couvert,Autre collision,4,2,2,0,2,3,2,0,3,80,,3,0,2,0,1,19.0,,,,3,1,1,8,6
202100029040,2021-07-14 20:20:00,2021,7,14,20,20,30,30006,D6572,43.686109,4.20771,Crépuscule ou aube,En agglomération,Giratoire,Normale,Autre collision,3,1,1,0,1,4,1,9,4,50,,2,1,0,0,1,35.0,,,,2,2,6,1,6
202100029041,2021-07-15 11:15:00,2021,7,15,11,15,31,31315,face au numéro 21 de la D117,43.081239,0.95257,Plein jour,En agglomération,Hors intersection,Normale,Autre collision,3,2,1,0,2,1,1,0,1,50,,2,1,1,0,0,29.0,,,,1,2,1,1,6
202100029042,2021-07-14 17:05:00,2021,7,14,17,5,973,97309,HELICOJYP,4.896191,-52.293388,Plein jour,Hors agglomération,Hors intersection,Normale,Sans collision,5,-1,1,0,1,1,1,0,3,50,,1,0,1,0,0,46.0,,,,1,1,1,1,7
202100029043,2021-07-15 11:10:00,2021,7,15,11,10,82,82149,A20,44.1246259115,1.4786373542,Plein jour,Hors agglomération,Hors intersection,Normale,Deux véhicules - arrière,1,3,4,3,1,1,1,0,2,130,,2,1,0,1,0,58.0,66.0,,,1,1,1,1,2
202100029044,2021-07-14 07:15:00,2021,7,14,7,15,47,47238,A 62 - PK 117,44.20007,0.501997,Plein jour,Hors agglomération,Hors intersection,Pluie légère,Autre collision,1,3,4,0,1,1,2,3,2,130,,1,0,0,0,1,71.0,,,,1,1,1,2,6
202100029045,2021-07-13 08:00:00,2021,7,13,8,0,976,97612,quartier tchad - hamjago,-12.692195,45.07522,Plein jour,En agglomération,Hors intersection,Normale,Deux véhicules - arrière,4,2,2,0,2,1,1,0,1,30,,5,4,0,1,0,49.0,23.0,,,1,2,1,1,2
202100029046,2021-07-04 06:20:00,2021,7,4,6,20,30,30145,Autoroute A9/PK37/Sens ORANGE/NIMES,43.900645,4.522676,Crépuscule ou aube,Hors agglomération,Hors intersection,Pluie forte,Deux véhicules - arrière,1,-1,2,0,1,1,2,0,1,130,,2,1,0,0,1,60.0,33.0,,,2,1,1,3,2
202100029047,2021-07-14 20:50:00,2021,7,14,20,50,78,78385,2 Chemin Departemental 110,48.956467,1.592749,Plein jour,Hors agglomération,Intersection en T,Normale,Deux véhicules - arrière,3,2,2,0,1,1,1,0,1,70,,2,1,0,0,1,33.0,20.0,,,1,1,3,1,2
202100029048,2021-07-15 00:40:00,2021,7,15,0,40,11,11426,cd 620 villegly,43.276038,2.426471,Nuit sans éclairage public,Hors agglomération,Hors intersection,Normale,Autre collision,3,2,2,0,1,2,1,0,3,80,,1,0,0,1,0,38.0,,,,3,1,1,1,6
202100029049,2021-07-14 22:30:00,2021,7,14,22,30,83,83112,boulevard du Maréchal Juin,43.1814606058,5.7034170628,Nuit avec éclairage allumé,En agglomération,Hors intersection,Normale,Sans collision,3,3,2,0,1,3,1,9,8,50,,1,0,0,1,0,55.0,,,,5,2,1,1,7
202100029050,2021-07-14 19:28:00,2021,7,14,19,28,05,05166,RD1075 PK29,44.440644,5.713255,Plein jour,Hors agglomération,Hors intersection,Normale,Autre collision,3,2,2,0,1,2,1,0,3,90,,1,0,0,1,0,65.0,,,,1,1,1,1,6
202100029051,2021-07-14 20:25:00,2021,7,14,20,25,13,13022,D41e,43.236721,5.544272,Plein jour,Hors agglomération,Hors intersection,Normale,Deux véhicules - côté,7,2,3,0,2,3,1,0,1,-1,,2,1,0,1,0,16.0,,,,1,1,1,1,3
202100029052,2021-07-14 15:15:00,2021,7,14,15,15,13,13023,RD 559A le pas d'ouillier,43.233885,5.591011,Plein jour,Hors agglomération,Hors intersection,Normale,Deux véhicules - frontale,7,2,2,0,2,3,1,0,1,80,,3,2,0,1,0,20.0,29.0,,,1,1,1,1,1
202100029053,2021-07-14 13:43:00,2021,7,14,13,43,38,38344,A7 - Pk 18+400 - S/N,45.370509,4.808214,Plein jour,Hors agglomération,Hors intersection,Pluie légère,Autre collision,1,3,4,0,4,2,2,0,2,130,,1,0,0,1,0,42.0,,,,1,1,1,2,6
202100029054,2021-07-14 10:25:00,2021,7,14,10,25,03,03186,Boulevard Jean Moulin,46.319372,2.959016,Plein jour,En agglomération,Giratoire,Pluie forte,Deux véhicules - côté,3,2,2,0,1,1,2,0,1,50,,3,0,0,0,3,21.0,60.0,,,1,2,6,3,3
202100029055,2021-07-15 01:15:00,2021,7,15,1,15,17,17161,route du paradis,46.184344,-1.314043,Crépuscule ou aube,Hors agglomération,Hors intersection,Normale,Deux véhicules - côté,4,2,2,0,1,1,1,0,1,80,,3,2,0,0,1,36.0,34.0,,,2,1,1,1,3
202100029056,2021-07-08 02:28:00,2021,7,8,2,28,33,33449,Avenue Descartes,44.882252,-0.688105,Nuit avec éclairage allumé,En agglomération,Giratoire,Pluie légère,Autre collision,4,3,2,1,1,2,2,5,1,50,,1,0,0,0,1,21.0,,,,5,2,6,2,6
202100029057,2021-07-14 16:30:00,2021,7,14,16,30,94,94037,AUTOROUTE A6A,48.81583,2.33663,Plein jour,Hors agglomération,Hors intersection,Temps couvert,Sans collision,1,1,2,0,1,3,1,0,1,70,,1,0,0,0,1,22.0,,,,1,1,1,8,7
202100029058,2021-07-14 07:35:00,2021,7,14,7,35,91,91521,RN 104,48.63374,2.40075,Plein jour,Hors agglomération,Hors intersection,Pluie légère,Deux véhicules - arrière,2,3,2,0,2,3,2,0,1,70,,3,2,0,0,1,21.0,55.0,,,1,1,1,2,2
202100029059,2021-07-14 06:30:00,2021,7,14,6,30,91,91179,AUTOROUTE A6,48.5677,2.47201,Crépuscule ou aube,Hors agglomération,Hors intersection,Normale,Sans collision,1,3,3,0,1,2,2,0,1,110,,1,0,0,0,1,20.0,,,,2,1,1,1,7
202100029060,2021-07-14 05:40:00,2021,7,14,5,40,91,91432,AUTOROUTE A6,48.69279,2.32108,Crépuscule ou aube,Hors agglomération,Hors intersection,Pluie légère,Autre collision,1,1,3,0,2,1,2,0,1,110,,1,0,0,0,1,32.0,,,,2,1,1,2,6
202100029061,2021-07-13 21:45:00,2021,7,13,21,45,91,91659,AUTOROUTE A6,48.57843,2.46313,Crépuscule ou aube,Hors agglomération,Hors intersection,Pluie légère,Autre collision,1,1,3,0,2,1,2,0,8,110,,1,0,0,0,1,22.0,,,,2,1,1,2,6
202100029062,2021-07-14 16:10:00,2021,7,14,16,10,93,93066,AUTOROUTE A86,48.92236,2.35723,Plein jour,Hors agglomération,Hors intersection,Normale,Deux véhicules - côté,1,3,10,0,1,1,1,0,1,90,,2,1,0,0,1,26.0,47.0,,,1,1,1,1,3
202100029063,2021-07-14 14:20:00,2021,7,14,14,20,93,93027,AUTOROUTE A1,48.93464,2.39847,Plein jour,Hors agglomération,Hors intersection,Normale,Deux véhicules - côté,1,3,6,0,1,1,1,0,1,90,,2,1,0,0,1,53.0,24.0,,,1,1,1,1,3
202100029064,2021-07-13 22:10:00,2021,7,13,22,10,93,93027,AUTOROUTE A86,48.92835,2.41251,Nuit sans éclairage public,Hors agglomération,Hors intersection,Pluie légère,Deux véhicules - arrière,1,3,8,0,1,2,2,0,1,70,,2,1,0,0,1,25.0,23.0,,,3,1,1,2,2
202100029065,2021-07-13 22:10:00,2021,7,13,22,10,93,93078,AUTOROUTE A104,48.96361,2.5215,Nuit sans éclairage public,Hors agglomération,Hors intersection,Pluie légère,Autre collision,1,3,6,0,1,1,2,0,1,90,,2,1,0,0,1,32.0,,,,3,1,1,2,6
202100029066,2021-07-13 21:45:00,2021,7,13,21,45,93,93066,AUTOROUTE A1,48.9103,2.35794,Nuit avec éclairage allumé,Hors agglomération,Hors intersection,Pluie légère,Deux véhicules - côté,1,3,4,0,1,1,2,1,1,90,,2,1,0,0,1,,42.0,,,5,1,1,2,3
202100029067,2021-07-13 00:03:00,2021,7,13,0,3,95,95252,A15,48.98586,2.21262,Nuit sans éclairage public,Hors agglomération,Hors intersection,Pluie légère,Deux véhicules - arrière,1,3,6,0,1,1,2,0,1,110,,2,0,0,0,2,28.0,28.0,,,3,1,1,2,2
202100029068,2021-07-13 22:45:00,2021,7,13,22,45,94,94073,A86 INT,48.7698097869,2.3803961277,Nuit sans éclairage public,Hors agglomération,Hors intersection,Pluie légère,Autre collision,1,1,3,0,1,3,2,0,1,70,,1,0,0,0,1,52.0,,,,3,1,1,2,6
202100029069,2021-01-29 10:28:00,2021,1,29,10,28,06,06029,,43.551599,6.976161,Plein jour,En agglomération,Hors intersection,Normale,Sans collision,4,1,-1,-1,1,1,1,0,1,-1,,1,0,1,0,0,86.0,,,,1,2,1,1,7
202100029070,2021-07-12 12:45:00,2021,7,12,12,45,12,12202,Boscary Monsservin (Avenue),44.3608455653,2.5566367507,Plein jour,En agglomération,Intersection en T,Temps couvert,Autre collision,4,2,2,0,1,1,2,0,1,50,,2,1,0,0,1,50.0,,,,1,2,3,8,6
202100029071,2021-05-10 08:40:00,2021,5,10,8,40,91,91027,AV HENRI DUNANT,48.71343,2.39595,Plein jour,En agglomération,Hors intersection,Temps couvert,Autre collision,3,1,0,2,1,1,1,6,5,50,,2,1,0,0,1,,,,,1,2,1,8,6
202100029072,2021-03-31 17:30:00,2021,3,31,17,30,01,01344,TREVOUX (AVENUE DE),46.20037,5.19531,Plein jour,En agglomération,Hors intersection,Normale,Deux véhicules - arrière,3,2,1,0,2,1,1,0,1,50,,3,2,0,0,1,20.0,28.0,,,1,2,1,1,2
202100029073,2021-07-10 17:10:00,2021,7,10,17,10,974,97416,AUGUSTIN ARCHAMBAUD(RUE),-21.332675,55.479093,Plein jour,En agglomération,Hors intersection,Normale,Deux véhicules - côté,4,2,2,0,1,1,1,0,1,50,,2,1,0,0,1,40.0,27.0,,,1,2,1,1,3
202100029074,2021-07-12 08:30:00,2021,7,12,8,30,974,97416,RN3 (1),-21.31752,55.49051,Plein jour,Hors agglomération,Hors intersection,Normale,Deux véhicules - côté,2,3,4,0,4,1,1,0,3,110,,3,2,0,0,1,34.0,49.0,,,1,1,1,1,3
202100029075,2021-07-13 14:45:00,2021,7,13,14,45,973,97302,MADELEINE (ROUTE DE LA),4.90778,-52.3221,Plein jour,Hors agglomération,Giratoire,Normale,Deux véhicules - arrière,2,2,2,0,1,1,1,0,1,50,,3,2,0,0,1,49.0,20.0,,,1,1,6,1,2
202100029076,2021-07-13 09:55:00,2021,7,13,9,55,973,97302,RABAN (ROUTE DE),4.9260793346,-52.313497033,Plein jour,En agglomération,Hors intersection,Normale,Sans collision,4,-1,2,0,1,1,1,0,1,50,,3,2,0,0,1,17.0,,,,1,2,1,1,7
202100029077,2021-07-13 18:36:00,2021,7,13,18,36,69,69259,MAURICE THOREZ (AV),45.69995,4.86292,Plein jour,En agglomération,Autre intersection,Pluie légère,Deux véhicules - arrière,4,2,2,0,1,1,2,9,8,50,,2,1,0,0,1,20.0,60.0,,,1,2,9,2,2
202100029078,2021-07-13 12:00:00,2021,7,13,12,0,69,69259,JULES GRANDCLEMENT (PL),45.71905,4.88783,Plein jour,En agglomération,Hors intersection,Pluie légère,Autre collision,4,2,2,3,1,1,2,0,6,30,,2,1,0,0,1,22.0,,,,1,2,1,2,6
202100029079,2021-07-13 09:50:00,2021,7,13,9,50,69,69034,CREPIEUX (DE) (CHM),45.80059,4.84896,Plein jour,En agglomération,Hors intersection,Normale,Autre collision,4,2,2,0,2,1,1,0,1,50,,2,1,0,0,1,76.0,,,,1,2,1,1,6
202100029080,2021-07-13 21:50:00,2021,7,13,21,50,91,91377,RUE ROBERT SCHUMAN,48.72816,2.25897,Crépuscule ou aube,En agglomération,Autre intersection,Pluie forte,Deux véhicules - côté,3,3,2,0,1,1,2,0,1,50,,2,1,0,0,1,37.0,,,,2,2,9,3,3
202100029081,2021-07-03 10:10:00,2021,7,3,10,10,88,88415,cd 42,48.04876,6.59753,Plein jour,Hors agglomération,Hors intersection,Normale,Deux véhicules - côté,3,2,2,0,1,1,1,0,1,80,,2,1,0,0,1,49.0,52.0,,,1,1,1,1,3
202100029082,2021-07-10 17:43:00,2021,7,10,17,43,87,87038,RN520,45.90135,1.22692,Plein jour,Hors agglomération,Hors intersection,Normale,Deux véhicules - côté,2,2,2,0,1,1,1,0,1,80,,3,1,0,0,2,55.0,75.0,,,1,1,1,1,3
202100029083,2021-07-10 10:42:00,2021,7,10,10,42,87,87085,BLANC LOUIS (BOULEVARD),45.82732,1.26023,Plein jour,En agglomération,Hors intersection,Normale,Autre collision,4,2,3,0,1,1,1,5,1,50,,2,1,0,0,1,44.0,,,,1,2,1,1,6
202100029084,2021-07-10 02:43:00,2021,7,10,2,43,87,87050,D35,45.87658,1.20826,Nuit avec éclairage allumé,Hors agglomération,Hors intersection,Normale,Autre collision,3,2,2,0,1,1,1,0,1,70,,2,1,0,0,1,29.0,,,,5,1,1,1,6
202100029085,2021-07-09 19:14:00,2021,7,9,19,14,87,87085,BEAUBLANC (BOULEVARD DE),45.84619,1.24326,Plein jour,En agglomération,Hors intersection,Normale,Autre collision,6,-1,-1,0,1,1,1,0,1,30,,3,2,0,0,1,18.0,39.0,,,1,2,1,1,6
202100029086,2021-07-13 19:30:00,2021,7,13,19,30,83,83137,JOFFRE (BD MARECHAL),43.1237759044,5.951487869,Plein jour,En agglomération,Intersection en T,Normale,Trois véhicules et plus - collisions multiples,7,2,2,0,1,1,1,0,1,50,,3,2,0,1,0,25.0,18.0,,,1,2,3,1,5
202100029087,2021-07-13 18:10:00,2021,7,13,18,10,83,83069,GODILLOT  ( AVENUE ALEXIS ),43.1108819616,6.1238957948,Plein jour,En agglomération,Intersection en X,Normale,Deux véhicules - côté,4,2,2,0,2,1,1,0,1,50,,2,1,0,0,1,27.0,71.0,,,1,2,2,1,3
202100029088,2021-07-13 14:50:00,2021,7,13,14,50,83,83069,LOUBES (ROUTE DES),43.110681,6.116232,Plein jour,En agglomération,Intersection en T,Normale,Deux véhicules - côté,7,2,2,0,1,1,1,0,1,70,,2,1,0,0,1,18.0,89.0,,,1,2,3,1,3
202100029089,2021-07-12 18:10:00,2021,7,12,18,10,83,83069,PIERREFEU (ROUTE DE) RD 12,43.1443910517,6.1534953117,Plein jour,Hors agglomération,Intersection en T,Normale,Trois véhicules et plus - collisions multiples,7,4,2,0,1,1,1,0,1,80,,3,2,0,1,0,20.0,64.0,,,1,1,3,1,5
202100029090,2021-07-11 22:36:00,2021,7,11,22,36,80,80021,JULES BARNI (RUE),49.8873452182,2.3151529332,Nuit avec éclairage allumé,En agglomération,Hors intersection,Normale,Deux véhicules - frontale,4,2,4,0,2,1,1,0,1,50,,2,1,0,0,1,18.0,54.0,,,5,2,1,1,1
202100029091,2021-07-10 19:04:00,2021,7,10,19,4,80,80021,STENDHAL (RUE),49.9081927855,2.3168063164,Plein jour,En agglomération,Hors intersection,Normale,Autre collision,4,2,2,0,1,1,1,0,1,50,,2,1,0,0,1,42.0,,,,1,2,1,1,6
202100029092,2021-07-10 21:00:00,2021,7,10,21,0,80,80021,ALSACE LORRAINE (BOULEVARD D'),49.8934317858,2.3084270954,Plein jour,En agglomération,Intersection en X,Normale,Deux véhicules - frontale,4,2,4,0,1,1,1,0,1,50,,2,1,0,0,1,23.0,19.0,,,1,2,2,1,1
202100029093,2021-07-10 02:44:00,2021,7,10,2,44,80,80489,ONZE NOVEMBRE 1918 (RUE DU ),49.869315667,2.3623287678,Nuit avec éclairage allumé,En agglomération,Hors intersection,Normale,Autre collision,4,2,2,0,1,1,1,0,1,50,,4,1,0,0,3,,,,,5,2,1,1,6
202100029094,2021-07-09 15:45:00,2021,7,9,15,45,80,80021,ROUBAIX (BOULEVARD DE ),49.90774,2.31792,Plein jour,En agglomération,Hors intersection,Normale,Autre collision,4,2,2,0,2,1,1,0,1,50,,2,1,0,0,1,35.0,,,,1,2,1,1,6
202100029095,2021-07-08 14:15:00,2021,7,8,14,15,80,80021,MILLEVOYE (RUE),49.88667,2.29784,Plein jour,En agglomération,Intersection en X,Normale,Deux véhicules - côté,4,1,2,1,1,1,1,0,1,50,,3,2,0,0,1,21.0,67.0,,,1,2,2,1,3
202100029096,2021-07-13 15:00:00,2021,7,13,15,0,76,76429,PARIS. ROUTE DE,49.4161,1.13381,Plein jour,En agglomération,Hors intersection,Temps couvert,Sans collision,7,2,2,0,1,1,1,0,1,50,,3,1,0,0,2,72.0,,,,1,2,1,8,7
202100029097,2021-07-12 10:23:00,2021,7,12,10,23,76,76351,Boulevard de Léningrad,49.50024,0.17102,Plein jour,Hors agglomération,Intersection en X,Pluie légère,Autre collision,4,3,8,1,1,1,2,2,1,50,,2,1,0,1,0,58.0,,,,1,1,2,2,6
202100029098,2021-07-12 18:48:00,2021,7,12,18,48,74,74012,BEULET (RUE DU),46.19127,6.23968,Plein jour,En agglomération,Hors intersection,Temps couvert,Deux véhicules - arrière,4,3,2,0,1,1,1,0,1,50,,3,1,0,0,2,21.0,37.0,,,1,2,1,8,2
202100029099,2021-07-13 18:25:00,2021,7,13,18,25,72,72181,LIBERATION (AV DE LA) N° IMP 147 ET+,48.00162,0.18441,Plein jour,En agglomération,Hors intersection,Normale,Sans collision,4,2,3,0,1,1,1,0,1,50,,3,2,0,0,1,55.0,,,,1,2,1,1,7
202100029100,2021-07-12 15:38:00,2021,7,12,15,38,72,72095,MOSCOU (RUE DE),48.02224,0.20706,Plein jour,En agglomération,Hors intersection,Pluie légère,Autre collision,4,2,2,0,1,1,2,0,1,50,,2,1,0,0,1,25.0,,,,1,2,1,2,6
202100029101,2021-07-12 11:50:00,2021,7,12,11,50,69,69266,ANATOLE FRANCE (R),45.7689946031,4.8840932697,Plein jour,En agglomération,Hors intersection,Normale,Deux véhicules - côté,4,1,2,2,1,1,1,0,5,50,,2,1,0,0,1,61.0,25.0,,,1,2,1,1,3
202100029102,2021-07-13 13:40:00,2021,7,13,13,40,69,69264,FRANS (DE) (RTE),45.98496,4.73167,Plein jour,En agglomération,Intersection en T,Normale,Deux véhicules - côté,3,1,4,1,1,1,1,0,1,50,,2,1,0,0,1,50.0,28.0,,,1,2,3,1,3
202100029103,2021-07-12 15:15:00,2021,7,12,15,15,67,67482,SCHIRMECK (ROUTE DE),48.5638098753,7.7046823069,Plein jour,En agglomération,Hors intersection,Normale,Deux véhicules - côté,7,2,4,1,1,1,1,0,1,50,,2,1,0,0,1,54.0,25.0,,,1,2,1,1,3
202100029104,2021-07-11 11:40:00,2021,7,11,11,40,67,67482,LOUIS LOUCHEUR (RUE),48.54994,7.75608,Plein jour,En agglomération,Hors intersection,Normale,Autre collision,4,2,1,0,1,1,1,9,8,30,,2,1,0,0,1,22.0,,,,1,2,1,1,6
202100029105,2021-07-10 18:30:00,2021,7,10,18,30,67,67482,BRUMATH (ROUTE DE),48.59694,7.74197,Plein jour,En agglomération,Hors intersection,Normale,Deux véhicules - côté,4,3,2,2,1,1,1,2,1,50,,2,1,0,1,0,25.0,30.0,,,1,2,1,1,3
202100029106,2021-07-13 10:40:00,2021,7,13,10,40,65,65417,Rue des Pyrénées,43.212860103,0.1098418236,Plein jour,En agglomération,Hors intersection,Normale,Deux véhicules - arrière,3,2,2,0,1,1,1,0,1,50,,2,1,0,0,1,58.0,36.0,,,1,2,1,1,2
202100029107,2021-07-12 13:15:00,2021,7,12,13,15,64,64335,RD 817,43.3452,-0.4227,Plein jour,Hors agglomération,Giratoire,Pluie légère,Deux véhicules - arrière,3,2,2,0,1,2,2,0,1,50,,4,0,0,0,4,18.0,48.0,,,1,1,6,2,2
202100029108,2021-07-13 20:35:00,2021,7,13,20,35,64,64122,MIGRON (AVENUE DE),43.47348,-1.55032,Plein jour,En agglomération,Intersection en T,Normale,Deux véhicules - frontale,4,-1,0,0,1,1,1,0,1,50,,2,1,0,0,1,25.0,23.0,,,1,2,3,1,1
202100029109,2021-07-13 23:10:00,2021,7,13,23,10,64,64102,Place Paul Bert,43.49017,-1.47086,Nuit avec éclairage allumé,En agglomération,Hors intersection,Normale,Deux véhicules - côté,4,2,2,0,1,1,1,0,1,30,,3,1,0,0,2,16.0,20.0,,,5,2,1,1,3
202100029110,2021-07-12 18:15:00,2021,7,12,18,15,64,64102,AQUITAINE (AVENUE DE L'),43.48826,-1.45963,Plein jour,En agglomération,Hors intersection,Temps couvert,Trois véhicules et plus - en chaîne,3,2,4,0,2,1,2,0,1,50,,3,2,0,0,1,29.0,35.0,,,1,2,1,8,4
202100029111,2021-07-10 08:30:00,2021,7,10,8,30,63,63224,RD 2009,45.86177,3.11854,Plein jour,Hors agglomération,Hors intersection,Normale,Autre collision,3,2,2,0,1,1,1,0,1,110,,1,0,0,1,0,22.0,,,,1,1,1,1,6
202100029112,2021-07-08 19:15:00,2021,7,8,19,15,63,63113,JACOBINS (RUE DES),45.78188,3.09511,Plein jour,En agglomération,Hors intersection,Normale,Trois véhicules et plus - collisions multiples,4,1,2,2,2,1,1,-1,4,50,,3,0,0,0,3,22.0,31.0,,,1,2,1,1,5
202100029113,2021-07-10 21:05:00,2021,7,10,21,5,63,63075,ROYAT (AVENUE DE),45.77418,3.06288,Plein jour,En agglomération,Intersection en X,Normale,Autre collision,7,2,2,0,2,1,1,0,1,50,,1,0,0,1,0,25.0,,,,1,2,2,1,6
202100029114,2021-06-12 22:45:00,2021,6,12,22,45,62,62842,D 947,50.459256,2.815547,Nuit sans éclairage public,Hors agglomération,Hors intersection,Normale,Sans collision,3,2,2,0,1,1,1,0,1,80,,4,2,0,1,1,21.0,,,,3,1,1,1,7
202100029115,2021-07-13 10:35:00,2021,7,13,10,35,60,60159,Route Nationale 31,49.423516002,2.8582863806,Plein jour,Hors agglomération,Hors intersection,Pluie forte,Autre collision,2,2,2,0,1,1,2,0,3,80,,1,0,0,1,0,20.0,,,,1,1,1,3,6
202100029116,2021-07-12 11:40:00,2021,7,12,11,40,60,60159,Avenue Pierre et Marie Curie,49.39546,2.79322,Plein jour,En agglomération,Hors intersection,Temps couvert,Autre collision,4,2,1,0,1,1,2,0,1,30,,2,1,0,0,1,37.0,,,,1,2,1,8,6
202100029117,2021-07-09 18:45:00,2021,7,9,18,45,59,59345,PASTEUR (RUE),50.3428,3.15881,Plein jour,En agglomération,Hors intersection,Normale,Deux véhicules - arrière,3,2,2,0,1,1,1,0,1,50,,3,2,0,0,1,53.0,34.0,,,1,2,1,1,2
202100029118,2021-07-13 20:32:00,2021,7,13,20,32,51,51454,Place Royale,49.2553759355,4.0337352455,Nuit avec éclairage allumé,En agglomération,Intersection en T,Pluie forte,Deux véhicules - côté,4,1,2,0,1,1,2,0,1,50,,6,5,0,0,1,45.0,25.0,,,5,2,3,3,3
202100029119,2021-07-13 16:30:00,2021,7,13,16,30,51,51454,Rue Gosset,49.2674536798,4.0457562158,Plein jour,En agglomération,Intersection en T,Pluie légère,Deux véhicules - côté,4,1,1,0,1,1,2,0,1,50,,3,2,0,0,1,,31.0,,,1,2,3,2,3
202100029120,2021-07-13 14:20:00,2021,7,13,14,20,51,51454,Boulevard Lundy,49.2581282736,4.0383762417,Plein jour,En agglomération,Intersection en X,Pluie légère,Sans collision,3,2,4,0,1,1,2,0,1,50,,2,1,0,0,1,30.0,,,,1,2,2,2,7
202100029121,2021-07-13 22:15:00,2021,7,13,22,15,49,49007,CLEMENCEAU BOULEVARD,47.475701,-0.566855,Crépuscule ou aube,En agglomération,Hors intersection,Normale,Deux véhicules - côté,4,2,2,0,1,2,1,0,1,50,,2,1,0,0,1,43.0,18.0,,,2,2,1,1,3
202100029122,2021-07-13 09:20:00,2021,7,13,9,20,49,49007,BRIOLLAY ROUTE,47.48719,-0.53229,Plein jour,En agglomération,Intersection en T,Pluie légère,Deux véhicules - arrière,4,2,2,0,1,1,2,0,1,50,,2,1,0,0,1,31.0,74.0,,,1,2,3,2,2
202100029123,2021-07-11 03:41:00,2021,7,11,3,41,49,49007,BARANGE BOULEVARD,47.45798,-0.57276,Nuit sans éclairage public,Hors agglomération,Hors intersection,Normale,Sans collision,4,1,2,0,1,3,1,0,1,70,,2,1,1,0,0,28.0,,,,3,1,1,1,7
202100029124,2021-07-13 19:15:00,2021,7,13,19,15,45,45284,121 Rue du Faubourg de Bourgogne,47.903393,1.932,Plein jour,En agglomération,Hors intersection,Pluie légère,Autre collision,4,2,2,0,1,1,2,0,1,50,,2,1,0,0,1,48.0,,,,1,2,1,2,6
202100029125,2021-07-14 01:10:00,2021,7,14,1,10,44,44109,POILUS ( BD DES ),47.231733,-1.530851,Nuit avec éclairage allumé,En agglomération,Giratoire,Normale,Deux véhicules - côté,4,2,2,2,1,1,1,0,1,50,,2,1,0,1,0,25.0,19.0,,,5,2,6,1,3