accident_id,datetime,annee,mois,jour,heure,minute,departement,commune_insee,adresse,latitude,longitude,luminosite,agglomeration,intersection,meteo,collision,catr,circ,nbv,vosp,prof,plan,surf,infra,situ,vma,nb_vehicules,nb_usagers,nb_indemnes,nb_tues,nb_blesses_hosp,nb_blesses_legers,age_cond_1,age_cond_2,veh_type_cond_1,veh_type_cond_2,lum_code,agg_code,int_code,atm_code,col_code
202100029126,2021-07-13 03:30:00,2021,7,13,3,30,43,43157,22 Avenue du Val Vert,45.03243,3.88483,Nuit avec éclairage allumé,En agglomération,Hors intersection,Normale,Sans collision,4,2,2,0,1,1,2,0,1,50,,2,1,0,1,0,16.0,,,,5,2,1,1,7
202100029127,2021-07-13 21:00:00,2021,7,13,21,0,37,37195,,47.39356,0.66295,Crépuscule ou aube,En agglomération,Intersection en T,Normale,Deux véhicules - côté,7,2,3,0,1,1,1,0,1,50,,3,2,0,0,1,23.0,40.0,,,2,2,3,1,3
202100029128,2021-07-13 15:55:00,2021,7,13,15,55,37,37261,MAGINOT (AV. ANDRE),47.425575858,0.6992197037,Plein jour,En agglomération,Hors intersection,Normale,Deux véhicules - côté,6,-1,-1,0,1,1,2,9,1,50,,4,2,0,0,2,26.0,26.0,,,1,2,1,1,3
202100029129,2021-07-13 12:35:00,2021,7,13,12,35,37,37208,BEAUGAILLARD (AVENUE),47.3610558969,0.7210221843,Plein jour,En agglomération,Hors intersection,Pluie légère,Sans collision,4,2,2,0,2,2,2,0,3,50,,1,0,0,0,1,78.0,,,,1,2,1,2,7
202100029130,2021-07-12 14:40:00,2021,7,12,14,40,37,37261,FEBVOTTE (RUE),47.3771448201,0.6882311595,Plein jour,En agglomération,Intersection en T,Normale,Autre collision,4,2,2,0,1,1,1,0,1,50,,3,2,0,0,1,64.0,56.0,,,1,2,3,1,6
202100029131,2021-07-12 08:45:00,2021,7,12,8,45,37,37261,PROUDHON (AVENUE),47.3954623495,0.6750020385,Plein jour,En agglomération,Hors intersection,Pluie légère,Sans collision,4,1,4,0,1,3,2,0,3,50,,2,0,0,0,2,24.0,,,,1,2,1,2,7
202100029132,2021-07-13 16:30:00,2021,7,13,16,30,35,35055,BREILLOU (RUE DU),48.09858,-1.62145,Plein jour,En agglomération,Giratoire,Normale,Deux véhicules - frontale,4,2,2,0,1,1,1,0,1,50,,2,1,0,0,1,76.0,37.0,,,1,2,6,1,1
202100029133,2021-07-11 19:50:00,2021,7,11,19,50,34,34032,LECLERC MARECHAL (BD),43.34539,3.23873,Plein jour,En agglomération,Intersection en X,Normale,Deux véhicules - côté,4,1,2,0,1,1,1,5,1,50,,2,1,0,0,1,52.0,16.0,,,1,2,2,1,3
202100029134,2021-07-13 22:05:00,2021,7,13,22,5,33,33522,Cours de la Libération,44.80254,-0.59341,Nuit avec éclairage allumé,En agglomération,Hors intersection,Normale,Deux véhicules - côté,4,3,2,2,1,1,1,0,1,30,,2,1,0,0,1,33.0,19.0,,,5,2,1,1,3
202100029135,2021-07-13 16:30:00,2021,7,13,16,30,33,33522,Cours Maréchal Gallieni,44.81952,-0.59793,Plein jour,En agglomération,Hors intersection,Pluie légère,Deux véhicules - arrière,4,2,2,0,1,1,2,0,1,50,,2,1,0,0,1,19.0,25.0,,,1,2,1,2,2
202100029136,2021-07-13 13:15:00,2021,7,13,13,15,33,33063,Avenue de Labarde,44.90812,-0.55649,Plein jour,En agglomération,Hors intersection,Pluie forte,Deux véhicules - côté,4,2,2,0,1,1,2,0,1,70,,2,1,0,0,1,52.0,23.0,,,1,2,1,3,3
202100029137,2021-07-13 13:30:00,2021,7,13,13,30,33,33063,Cours Victor Hugo,44.834989,-0.572069,Plein jour,En agglomération,Intersection en T,Pluie forte,Deux véhicules - côté,4,2,4,3,1,1,2,-1,1,50,,2,1,0,0,1,21.0,19.0,,,1,2,3,3,3
202100029138,2021-07-13 09:00:00,2021,7,13,9,0,33,33522,Rue de Tremeuge,44.80293,-0.58935,Plein jour,En agglomération,Intersection en X,Normale,Deux véhicules - côté,4,2,2,0,1,1,1,0,1,50,,2,1,0,0,1,15.0,38.0,,,1,2,2,1,3
202100029139,2021-07-13 19:20:00,2021,7,13,19,20,31,31555,SEVERAC (BD DEODAT DE) DU 52AU 101,43.588744,1.422908,Plein jour,En agglomération,Intersection en T,Pluie légère,Deux véhicules - arrière,4,2,2,0,1,1,2,0,1,50,,2,1,0,0,1,53.0,19.0,,,1,2,3,2,2
202100029140,2021-07-13 03:25:00,2021,7,13,3,25,31,31555,AV DES ETATS UNIS,43.65258,1.42484,Nuit avec éclairage allumé,En agglomération,Autre intersection,Normale,Deux véhicules - arrière,7,1,1,0,1,2,1,5,1,50,,4,3,0,1,0,,22.0,,,5,2,9,1,2
202100029141,2021-07-13 08:15:00,2021,7,13,8,15,26,26198,RN 7 (Bouquet-Sarda),44.55866,4.72964,Plein jour,En agglomération,Hors intersection,Normale,Trois véhicules et plus - collisions multiples,2,2,2,0,1,1,1,0,1,50,,3,2,0,0,1,22.0,30.0,,,1,2,1,1,5
202100029142,2021-07-11 10:50:00,2021,7,11,10,50,25,25056,DOLE RUE DE (sup 200),47.2242,5.969343,Plein jour,En agglomération,Hors intersection,Normale,Autre collision,3,2,4,0,1,1,1,0,1,70,,1,0,0,0,1,26.0,,,,1,2,1,1,6
202100029143,2021-07-12 22:10:00,2021,7,12,22,10,21,21231,BOURROCHES (DES) (BOULEVARD),47.3116220072,5.0148022533,Nuit avec éclairage allumé,En agglomération,Intersection en T,Pluie légère,Deux véhicules - côté,4,2,2,0,1,1,2,0,1,50,,5,4,1,0,0,23.0,20.0,,,5,2,3,2,3
202100029144,2021-07-14 02:40:00,2021,7,14,2,40,13,13215,HENRI BARNIER (BOULEVARD),43.3729,5.3512,Nuit avec éclairage allumé,En agglomération,Hors intersection,Normale,Deux véhicules - côté,7,2,4,0,2,1,1,0,1,50,,3,2,0,0,1,,56.0,,,5,2,1,1,3
202100029145,2021-07-12 22:40:00,2021,7,12,22,40,13,13207,CHARLES LIVON (BOULEVARD),43.29225,5.36375,Nuit avec éclairage allumé,En agglomération,Intersection en T,Normale,Deux véhicules - côté,4,2,3,0,1,1,1,0,1,50,,2,1,0,1,0,35.0,38.0,,,5,2,3,1,3
202100029146,2021-07-12 19:05:00,2021,7,12,19,5,12,12013,RD5 ANTOINE DE ST EXUPERY,44.513042,2.244437,Plein jour,Hors agglomération,Hors intersection,Pluie légère,Sans collision,3,2,2,0,2,1,2,0,3,90,,1,0,0,0,1,21.0,,,,1,1,1,2,7
202100029147,2021-07-13 13:50:00,2021,7,13,13,50,06,06069,CHEVALIER (AVENUE MAURICE),43.626516,6.937647,Plein jour,En agglomération,Autre intersection,Normale,Deux véhicules - côté,4,2,2,0,2,1,1,0,1,50,,2,1,0,0,1,49.0,54.0,,,1,2,9,1,3
202100029148,2021-07-13 11:55:00,2021,7,13,11,55,06,06069,PAGNOL (BOULEVARD MARCEL),43.645362,6.944253,Plein jour,En agglomération,Hors intersection,Normale,Deux véhicules - arrière,4,2,2,0,2,1,1,0,1,50,,2,1,0,0,1,26.0,25.0,,,1,2,1,1,2
202100029149,2021-07-12 10:31:00,2021,7,12,10,31,05,05061,EMBRUN ( AVENUE D'),44.56887,6.09984,Plein jour,En agglomération,Hors intersection,Normale,Autre collision,6,-1,0,0,1,1,1,0,8,50,,1,0,0,0,1,42.0,,,,1,2,1,1,6
202100029150,2021-07-13 16:15:00,2021,7,13,16,15,75,75116,BOULEVARD PERIPHERIQUE,48.862761,2.26515,Plein jour,En agglomération,Hors intersection,Normale,Deux véhicules - côté,4,1,4,0,1,1,2,1,1,70,,2,1,0,0,1,53.0,59.0,,,1,2,1,1,3
202100029151,2021-07-12 01:10:00,2021,7,12,1,10,75,75116,PORTE DE SAINT CLOUD,48.83527,2.259963,Nuit avec éclairage allumé,En agglomération,Intersection en Y,Normale,Deux véhicules - côté,4,1,4,0,1,1,1,0,1,70,,2,1,0,0,1,21.0,,,,5,2,4,1,3
202100029152,2021-07-12 17:07:00,2021,7,12,17,7,75,75103,RUE DE BRETAGNE,48.864232,2.360353,Plein jour,En agglomération,Hors intersection,Temps couvert,Deux véhicules - côté,4,2,2,0,1,1,1,0,1,30,,2,1,0,1,0,54.0,41.0,,,1,2,1,8,3
202100029153,2021-07-13 11:39:00,2021,7,13,11,39,75,75105,QUAI DE MONTEBELLO,48.851931,2.349187,Plein jour,En agglomération,Intersection en T,Pluie légère,Deux véhicules - côté,4,2,4,0,1,1,2,0,1,50,,2,1,0,0,1,23.0,25.0,,,1,2,3,2,3
202100029154,2021-07-13 07:50:00,2021,7,13,7,50,75,75118,BOULEVARD BARBES,48.888352,2.349597,Plein jour,En agglomération,Intersection en X,Temps couvert,Deux véhicules - côté,4,2,4,3,1,1,2,0,6,50,,3,1,0,0,2,39.0,57.0,,,1,2,2,8,3
202100029155,2021-07-13 16:40:00,2021,7,13,16,40,75,75117,RUE DU PRINTEMPS,48.886688,2.308629,Plein jour,En agglomération,Intersection en T,Pluie forte,Deux véhicules - côté,4,1,1,0,1,1,2,0,1,30,,3,2,0,0,1,36.0,50.0,,,1,2,3,3,3
202100029156,2021-07-13 08:40:00,2021,7,13,8,40,75,75115,QUAI DE GRENELLE,48.854415,2.288686,Plein jour,En agglomération,Intersection en T,Normale,Autre collision,4,2,5,0,1,1,1,0,1,50,,2,1,0,0,1,32.0,,,,1,2,3,1,6
202100029157,2021-07-13 12:20:00,2021,7,13,12,20,75,75114,BOULEVARD RASPAIL,48.840593,2.330122,Plein jour,En agglomération,Intersection en Y,Pluie forte,Deux véhicules - côté,4,2,4,3,1,1,2,0,6,50,,2,1,0,1,0,48.0,35.0,,,1,2,4,3,3
202100029158,2021-07-12 21:30:00,2021,7,12,21,30,75,75114,AVENUE DU MAINE,48.83438,2.324189,Nuit avec éclairage allumé,En agglomération,Intersection en T,Temps couvert,Deux véhicules - côté,4,2,4,0,1,1,2,0,1,50,,2,1,0,0,1,24.0,31.0,,,5,2,3,8,3
202100029159,2021-07-13 20:25:00,2021,7,13,20,25,75,75112,AVENUE DU TREMBLAY,48.835819,2.453104,Plein jour,En agglomération,Intersection en X,Pluie légère,Deux véhicules - arrière,4,2,2,0,1,1,2,0,1,50,,2,1,0,0,1,30.0,22.0,,,1,2,2,2,2
202100029160,2021-07-12 01:26:00,2021,7,12,1,26,75,75112,AVENUE DE LA PORTE DE CHARENTON,48.831705,2.39788,Nuit avec éclairage allumé,En agglomération,Intersection en X,Normale,Autre collision,4,2,4,0,1,1,1,0,4,50,,2,1,0,0,1,,,,,5,2,2,1,6
202100029161,2021-07-13 17:35:00,2021,7,13,17,35,75,75111,AVENUE DU TRONE,48.848245,2.397512,Plein jour,En agglomération,Place,Pluie forte,Autre collision,4,3,3,1,1,1,2,0,5,30,,2,1,0,0,1,22.0,,,,1,2,7,3,6
202100029162,2021-07-13 18:20:00,2021,7,13,18,20,75,75109,RUE DE LONDRES,48.87786,2.326986,Plein jour,En agglomération,Intersection à plus de 4 branches,Pluie forte,Sans collision,4,1,2,0,2,1,2,0,1,50,,1,0,0,0,1,43.0,,,,1,2,5,3,7
202100029163,2021-07-13 14:52:00,2021,7,13,14,52,75,75108,PLACE DE L ALMA,48.864684,2.301754,Plein jour,En agglomération,Place,Pluie légère,Deux véhicules - côté,4,1,4,0,1,1,2,0,1,50,,2,1,0,0,1,31.0,59.0,,,1,2,7,2,3
202100029164,2021-07-13 08:35:00,2021,7,13,8,35,94,94068,Rue Saint-Hilaire,48.791788,2.513305,Plein jour,En agglomération,Intersection en X,Pluie légère,Deux véhicules - côté,4,2,2,0,1,1,2,0,1,30,,3,2,0,0,1,43.0,35.0,,,1,2,2,2,3
202100029165,2021-07-13 07:00:00,2021,7,13,7,0,94,94042,Boulevard du Maréchal Leclerc,48.81476,2.46796,Crépuscule ou aube,En agglomération,Hors intersection,Pluie légère,Deux véhicules - arrière,3,2,4,1,1,1,2,0,5,50,,2,1,0,0,1,,30.0,,,2,2,1,2,2
202100029166,2021-07-13 18:00:00,2021,7,13,18,0,94,94076,Rue René Hamon,48.78973,2.36146,Plein jour,En agglomération,Hors intersection,Pluie forte,Autre collision,3,2,2,0,1,2,2,0,1,50,,3,1,0,0,2,21.0,,,,1,2,1,3,6
202100029167,2021-07-13 20:15:00,2021,7,13,20,15,94,94021,DES MARAICHERS (AVENUE),48.76302,2.34872,Crépuscule ou aube,Hors agglomération,Autre intersection,Pluie légère,Deux véhicules - côté,5,2,4,0,1,2,2,0,1,50,,2,1,0,0,1,40.0,25.0,,,2,1,9,2,3
202100029168,2021-07-13 13:16:00,2021,7,13,13,16,94,94073,Avenue de Versailles,48.75866,2.39474,Plein jour,En agglomération,Hors intersection,Pluie légère,Sans collision,3,1,6,0,2,1,2,0,1,50,,1,0,0,0,1,36.0,,,,1,2,1,2,7
202100029169,2021-07-12 09:00:00,2021,7,12,9,0,94,94011,Avenue Rhin et Danube,48.77089,2.49019,Plein jour,En agglomération,Intersection en T,Pluie légère,Deux véhicules - côté,3,3,5,3,1,1,2,0,6,50,,2,1,0,0,1,23.0,20.0,,,1,2,3,2,3
202100029170,2021-07-13 17:10:00,2021,7,13,17,10,93,93064,LISBONNE (RUE DE),48.880899,2.472084,Plein jour,En agglomération,Hors intersection,Pluie forte,Deux véhicules - côté,4,2,3,0,1,1,2,0,1,50,,2,1,0,0,1,49.0,,,,1,2,1,3,3
202100029171,2021-07-13 12:53:00,2021,7,13,12,53,93,93031,Boulevard Foch,48.946738,2.333884,Plein jour,En agglomération,Autre intersection,Pluie forte,Autre collision,3,4,0,0,1,1,2,9,4,30,,2,1,0,0,1,61.0,,,,1,2,9,3,6
202100029172,2021-07-13 17:40:00,2021,7,13,17,40,93,93013,Avenue John Fitzgerald Kennedy / Rue de l’Egalité,48.93894,2.4243,Plein jour,En agglomération,Intersection en X,Pluie forte,Deux véhicules - côté,3,3,4,0,1,1,2,0,8,50,,4,3,0,0,1,22.0,51.0,,,1,2,2,3,3
202100029173,2021-07-13 15:38:00,2021,7,13,15,38,93,93001,JEAN JAURES  (AVE)  157 A 213,48.91203,2.40112,Plein jour,En agglomération,Hors intersection,Pluie forte,Deux véhicules - arrière,3,2,4,3,1,1,2,0,1,50,,3,2,0,0,1,51.0,35.0,,,1,2,1,3,2
202100029174,2021-07-08 18:59:00,2021,7,8,18,59,92,92078,VERDUN (AVENUE) (PAIRS 92 ET PLUS),48.935702,2.335842,Plein jour,En agglomération,Hors intersection,Normale,Deux véhicules - côté,3,2,0,0,1,1,1,0,1,50,,3,1,0,1,1,22.0,39.0,,,1,2,1,1,3
202100029175,2021-07-08 11:00:00,2021,7,8,11,0,92,92078,CHARLES DE GAULLE (BD) (1 AU 13),48.936919,2.33079,Plein jour,En agglomération,Hors intersection,Normale,Deux véhicules - frontale,3,2,0,0,1,1,1,0,1,50,,4,1,0,1,2,35.0,26.0,,,1,2,1,1,1
202100029176,2021-07-12 19:37:00,2021,7,12,19,37,92,92064,PLACE CLEMENCEAU,48.8414941859,2.2219195395,Plein jour,En agglomération,Place,Pluie forte,Sans collision,3,-1,0,0,1,1,2,5,4,50,,1,0,0,0,1,67.0,,,,1,2,7,3,7
202100029177,2021-07-13 07:20:00,2021,7,13,7,20,92,92062,DE DION BOUTON (QUAI) DU 29 AU 65,48.8844916211,2.2502741218,Plein jour,En agglomération,Hors intersection,Normale,Deux véhicules - arrière,3,1,4,0,1,1,1,0,1,50,,2,1,0,0,1,51.0,54.0,,,1,2,1,1,2
202100029178,2021-07-13 13:30:00,2021,7,13,13,30,92,92050,BARBUSSE HENRI RUE,48.8904633722,2.1949294209,Plein jour,En agglomération,Intersection en T,Pluie forte,Autre collision,4,1,1,0,1,2,2,0,1,50,,2,1,0,0,1,35.0,,,,1,2,3,3,6
202100029179,2021-07-13 13:40:00,2021,7,13,13,40,92,92026,Rue du Général Audran,48.8903452139,2.2535356879,Plein jour,En agglomération,Hors intersection,Pluie forte,Deux véhicules - côté,3,1,2,0,2,2,2,0,1,50,,2,1,0,1,0,30.0,50.0,,,1,2,1,3,3
202100029180,2021-07-13 17:48:00,2021,7,13,17,48,92,92025,CHARLES DE GAULLE (BD),48.914323,2.229426,Plein jour,En agglomération,Hors intersection,Pluie forte,Autre collision,3,1,2,0,1,1,2,0,1,50,,2,1,0,0,1,23.0,,,,1,2,1,3,6
202100029181,2021-07-13 13:00:00,2021,7,13,13,0,92,92024,GENERAL LECLERC (RUE DU) DE (59 ET PLUS),48.9092640416,2.307022959,Plein jour,En agglomération,Hors intersection,Pluie forte,Sans collision,4,2,2,0,1,1,2,0,1,50,,1,0,0,0,1,24.0,,,,1,2,1,3,7
202100029182,2021-07-12 12:45:00,2021,7,12,12,45,92,92024,GENERAL LECLERC (BD DU) (9 A 59)   (4 A,48.90085,2.31587,Plein jour,En agglomération,Intersection en X,Pluie légère,Deux véhicules - côté,3,2,4,0,1,1,2,0,1,50,,2,1,0,0,1,23.0,30.0,,,1,2,2,2,3
202100029183,2021-07-12 09:00:00,2021,7,12,9,0,92,92024,CLICHY (QUAI DE) DE (8 A 60),48.9047049535,2.292484045,Plein jour,En agglomération,Hors intersection,Temps couvert,Trois véhicules et plus - collisions multiples,3,2,4,0,1,1,1,0,1,50,,4,1,0,0,3,35.0,31.0,,,1,2,1,8,5
202100029184,2021-07-13 20:05:00,2021,7,13,20,5,92,92012,SEVRES (RUE DE) 1/55 - 2/40,48.83992,2.22852,Plein jour,En agglomération,Intersection en T,Pluie forte,Sans collision,4,2,2,0,1,1,2,0,1,30,,2,1,0,0,1,41.0,34.0,,,1,2,3,3,7
202100029185,2021-07-11 22:00:00,2021,7,11,22,0,92,92004,REDOUTE ( AVENUE DE LA  ),48.9295549677,2.2818463504,Crépuscule ou aube,En agglomération,Intersection en X,Normale,Deux véhicules - côté,3,1,0,3,1,1,1,0,6,50,,2,1,0,0,1,63.0,25.0,,,2,2,2,1,3
202100029186,2021-06-10 08:10:00,2021,6,10,8,10,35,35126,Rue de Redon,47.999524,-1.775972,Plein jour,En agglomération,Hors intersection,Normale,Deux véhicules - côté,3,2,2,0,1,1,1,0,1,30,,2,1,0,0,1,19.0,16.0,,,1,2,1,1,3
202100029187,2021-07-13 16:50:00,2021,7,13,16,50,26,26323,Route Départementale la Dauphinoise,45.068656,5.127692,Plein jour,En agglomération,Hors intersection,Normale,Sans collision,3,2,2,0,1,1,1,0,1,50,,1,0,0,1,0,64.0,,,,1,2,1,1,7
202100029188,2021-07-14 08:15:00,2021,7,14,8,15,42,42294,N7,46.011896,4.106376,Plein jour,Hors agglomération,Hors intersection,Pluie forte,Deux véhicules - arrière,2,3,4,0,1,2,2,0,1,110,,2,1,0,1,0,20.0,54.0,,,1,1,1,3,2
202100029189,2021-07-13 18:40:00,2021,7,13,18,40,974,97422,Avenue de l Europe,-21.275862,55.504968,Nuit avec éclairage allumé,En agglomération,Hors intersection,Normale,Sans collision,4,2,2,0,2,1,1,0,3,-1,,1,0,0,1,0,40.0,,,,5,2,1,1,7
202100029190,2021-07-13 12:45:00,2021,7,13,12,45,74,74182,RUE DU NANT,45.917594,6.088389,Plein jour,En agglomération,Hors intersection,Pluie légère,Autre collision,4,2,2,1,1,1,2,0,1,50,,2,1,0,1,0,55.0,,,,1,2,1,2,6
202100029191,2021-06-29 17:00:00,2021,6,29,17,0,72,72008,D323,47.943135,0.192094,Plein jour,Hors agglomération,Hors intersection,Normale,Autre collision,3,1,4,0,2,3,1,0,1,90,,1,0,0,1,0,31.0,,,,1,1,1,1,6
202100029192,2021-07-13 17:15:00,2021,7,13,17,15,30,30286,Départementale 981,43.983853,4.462734,Plein jour,Hors agglomération,Hors intersection,Normale,Autre collision,3,2,2,0,1,1,1,0,1,80,,1,0,0,1,0,19.0,,,,1,1,1,1,6
202100029193,2021-07-13 20:00:00,2021,7,13,20,0,56,56015,Le Flachec,47.623058,-2.53473,Plein jour,Hors agglomération,Hors intersection,Normale,Deux véhicules - arrière,3,2,2,0,1,1,1,0,1,80,,2,1,0,1,0,47.0,52.0,,,1,1,1,1,2
202100029194,2021-07-13 16:30:00,2021,7,13,16,30,56,56008,Prad Lann Tourlarec,47.622154,-2.893766,Plein jour,Hors agglomération,Intersection en X,Normale,Deux véhicules - côté,3,2,2,0,1,1,1,0,1,80,,3,2,0,0,1,73.0,92.0,,,1,1,2,1,3
202100029195,2021-07-14 19:15:00,2021,7,14,19,15,80,80430,D1,49.922607,2.839655,Plein jour,En agglomération,Hors intersection,Normale,Autre collision,3,2,2,0,1,3,1,0,4,-1,,1,0,0,1,0,45.0,,,,1,2,1,1,6
202100029196,2021-07-14 02:14:00,2021,7,14,2,14,80,80688,Rue Siffait de Moncourt,50.273235,1.676252,Nuit avec éclairage non allumé,En agglomération,Hors intersection,Normale,Sans collision,3,2,2,0,1,1,1,0,1,50,,2,0,0,0,2,22.0,,,,4,2,1,1,7
202100029197,2021-07-06 15:40:00,2021,7,6,15,40,63,63128,D223,45.914609482,3.3790052272,Plein jour,Hors agglomération,Hors intersection,Normale,Deux véhicules - frontale,3,2,2,0,2,3,1,0,1,70,,3,0,0,0,3,32.0,22.0,,,1,1,1,1,1
202100029198,2021-07-13 19:30:00,2021,7,13,19,30,63,63317,Pagnant,45.953067,3.313172,Plein jour,En agglomération,Hors intersection,Normale,Deux véhicules - frontale,3,2,2,0,1,2,1,0,1,50,,2,1,0,1,0,17.0,42.0,,,1,2,1,1,1
202100029199,2021-07-13 19:00:00,2021,7,13,19,0,12,12259,Lieu Dit Puech de Vialelles,44.3083607363,2.0364689824,Plein jour,Hors agglomération,Hors intersection,Pluie forte,Deux véhicules - frontale,3,2,2,0,2,2,2,0,1,80,,2,1,0,1,0,64.0,22.0,,,1,1,1,3,1
202100029200,2021-07-11 07:15:00,2021,7,11,7,15,12,12059,Le suquet,44.316172,2.31745,Crépuscule ou aube,Hors agglomération,Hors intersection,Normale,Autre collision,3,2,2,0,1,1,1,0,3,90,,2,1,0,0,1,21.0,,,,2,1,1,1,6
202100029201,2021-07-14 08:20:00,2021,7,14,8,20,12,12039,Lieu dit Cusses,43.792721,2.938027,Plein jour,Hors agglomération,Hors intersection,Pluie forte,Autre collision,3,2,2,0,1,3,2,0,3,80,,1,0,0,1,0,61.0,,,,1,1,1,3,6
202100029202,2021-07-14 09:22:00,2021,7,14,9,22,12,12171,D901,44.491177,2.444852,Plein jour,Hors agglomération,Hors intersection,Pluie légère,Deux véhicules - côté,3,2,1,0,1,3,2,0,1,90,,3,2,0,1,0,61.0,20.0,,,1,1,1,2,3
202100029203,2021-07-13 16:30:00,2021,7,13,16,30,12,12138,RD901,44.490256,2.448417,Plein jour,Hors agglomération,Hors intersection,Pluie forte,Deux véhicules - frontale,3,2,2,0,1,3,2,2,1,90,,3,1,0,0,2,23.0,70.0,,,1,1,1,3,1
202100029204,2021-07-13 22:00:00,2021,7,13,22,0,42,42318,D498,45.367471,3.92301,Nuit sans éclairage public,Hors agglomération,Hors intersection,Temps couvert,Sans collision,3,2,2,0,2,1,9,0,3,50,,3,2,0,1,0,19.0,,,,3,1,1,8,7
202100029205,2021-07-10 16:00:00,2021,7,10,16,0,47,47014,Bois de Lugot,44.547791,0.403077,Plein jour,Hors agglomération,Hors intersection,Normale,Autre collision,3,2,2,0,4,3,1,0,3,80,,5,2,0,2,1,36.0,,,,1,1,1,1,6
202100029206,2021-07-11 10:50:00,2021,7,11,10,50,41,41002,D976,47.334809,1.239191,Plein jour,Hors agglomération,Giratoire,Normale,Sans collision,3,2,1,0,1,1,1,5,8,90,,5,0,0,2,3,72.0,,,,1,1,6,1,7
202100029207,2021-07-11 11:50:00,2021,7,11,11,50,86,86145,Route Nationale 10,46.481514,0.271396,Plein jour,Hors agglomération,Hors intersection,Normale,Sans collision,2,3,0,0,1,1,1,0,3,90,,3,1,0,1,1,18.0,,,,1,1,1,1,7
202100029208,2021-07-14 19:30:00,2021,7,14,19,30,29,29020,Ti Nevez Kerdeillou,48.0876543445,-3.9523015388,Plein jour,Hors agglomération,Hors intersection,Normale,Deux véhicules - côté,3,2,2,0,3,2,1,0,3,80,,3,0,0,0,3,49.0,71.0,,,1,1,1,1,3
202100029209,2021-07-13 19:20:00,2021,7,13,19,20,02,02658,Rue de Paris,49.811089,3.184372,Plein jour,En agglomération,Hors intersection,Normale,Deux véhicules - arrière,3,2,2,0,1,1,1,0,1,50,,4,2,0,1,1,76.0,38.0,,,1,2,1,1,2
202100029210,2021-07-13 20:15:00,2021,7,13,20,15,01,01334,D2,46.2167821576,4.9272682518,Plein jour,Hors agglomération,Hors intersection,Normale,Deux véhicules - côté,3,2,2,0,1,1,1,0,1,80,,2,1,0,0,1,27.0,36.0,,,1,1,1,1,3
202100029211,2021-07-14 05:50:00,2021,7,14,5,50,01,01163,Route de Bezentet,46.387813,5.1509,Crépuscule ou aube,Hors agglomération,Hors intersection,Temps couvert,Autre collision,4,2,1,0,1,3,2,0,3,80,,2,0,0,0,2,19.0,,,,2,1,1,8,6
202100029212,2021-07-13 19:45:00,2021,7,13,19,45,70,70459,D73,47.751018,6.583045,Plein jour,En agglomération,Intersection en X,Normale,Deux véhicules - côté,3,2,2,0,1,1,1,0,1,50,,2,1,0,1,0,58.0,18.0,,,1,2,2,1,3
202100029213,2021-07-14 00:10:00,2021,7,14,0,10,58,58040,Brienne,47.001172,3.688547,Nuit sans éclairage public,En agglomération,Hors intersection,Pluie légère,Autre collision,4,2,2,0,1,1,2,0,3,50,,1,0,1,0,0,76.0,,,,3,2,1,2,6
202100029214,2021-07-14 12:30:00,2021,7,14,12,30,50,50103,Rue de la Libération (Chef-du-Pont),49.382499,-1.329314,Plein jour,Hors agglomération,Hors intersection,Normale,Deux véhicules - arrière,3,2,2,0,1,1,1,0,1,80,,2,1,1,0,0,37.0,37.0,,,1,1,1,1,2
202100029215,2021-07-13 19:00:00,2021,7,13,19,0,09,09057,tartein,42.900692,1.328853,Plein jour,Hors agglomération,Hors intersection,Pluie légère,Sans collision,3,2,2,0,2,3,2,0,3,80,,1,0,0,1,0,54.0,,,,1,1,1,2,7
202100029216,2021-07-13 17:36:00,2021,7,13,17,36,21,21050,D906,47.003378,4.661703,Plein jour,Hors agglomération,Autre intersection,Normale,Autre collision,3,2,2,0,1,1,1,0,3,90,,3,2,0,1,0,67.0,,,,1,1,9,1,6
202100029217,2021-07-14 01:00:00,2021,7,14,1,0,40,40162,D392,43.955375,-0.387322,Nuit sans éclairage public,Hors agglomération,Hors intersection,Normale,Sans collision,3,-1,2,0,1,1,2,0,3,-1,,1,0,0,1,0,33.0,,,,3,1,1,1,7
202100029218,2021-07-14 18:00:00,2021,7,14,18,0,04,04157,RD 953,43.887194,6.132546,Plein jour,Hors agglomération,Hors intersection,Normale,Deux véhicules - frontale,3,2,2,0,2,1,1,0,1,80,,3,2,0,0,1,47.0,26.0,,,1,1,1,1,1
202100029219,2021-07-14 10:15:00,2021,7,14,10,15,48,48128,RD806,44.757751,3.331883,Plein jour,Hors agglomération,Hors intersection,Pluie légère,Autre collision,3,2,2,0,2,4,2,0,3,90,,1,0,1,0,0,49.0,,,,1,1,1,2,6
202100029220,2021-07-13 20:00:00,2021,7,13,20,0,48,48072,D808,44.504372,3.338084,Plein jour,Hors agglomération,Hors intersection,Pluie légère,Autre collision,3,2,2,0,2,3,2,0,3,90,,1,0,0,0,1,25.0,,,,1,1,1,2,6
202100029221,2021-07-13 07:45:00,2021,7,13,7,45,48,48032,D73,44.640197,3.221958,Plein jour,En agglomération,Hors intersection,Normale,Deux véhicules - frontale,3,2,2,0,1,2,2,0,1,50,,2,0,0,0,2,25.0,20.0,,,1,2,1,1,1
202100029222,2021-07-12 12:09:00,2021,7,12,12,9,10,10430,autoroute A26,48.6515011332,4.1746330261,Plein jour,Hors agglomération,Hors intersection,Pluie légère,Autre collision,1,3,4,0,1,1,2,0,3,130,,2,1,0,1,0,84.0,,,,1,1,1,2,6