accident_id,datetime,annee,mois,jour,heure,minute,departement,commune_insee,adresse,latitude,longitude,luminosite,agglomeration,intersection,meteo,collision,catr,circ,nbv,vosp,prof,plan,surf,infra,situ,vma,nb_vehicules,nb_usagers,nb_indemnes,nb_tues,nb_blesses_hosp,nb_blesses_legers,age_cond_1,age_cond_2,veh_type_cond_1,veh_type_cond_2,lum_code,agg_code,int_code,atm_code,col_code
202100029223,2021-07-14 06:20:00,2021,7,14,6,20,68,68118,138 Rue du Général de Gaulle,47.72282,7.418113,Plein jour,En agglomération,Intersection en X,Normale,Deux véhicules - côté,3,2,3,0,1,1,1,5,1,50,,2,1,0,0,1,56.0,26.0,,,1,2,2,1,3
202100029224,2021-07-05 09:30:00,2021,7,5,9,30,971,97128,Calvaire,16.263006,-61.380916,Plein jour,En agglomération,Hors intersection,Normale,Autre collision,3,2,2,0,1,2,1,0,1,-1,,2,1,0,1,0,68.0,,,,1,2,1,1,6
202100029225,2021-07-11 21:15:00,2021,7,11,21,15,33,33214,,45.001493,-1.198039,Plein jour,En agglomération,Hors intersection,Normale,Autre collision,3,1,1,0,1,3,1,5,1,50,,2,1,0,0,1,17.0,,,,1,2,1,1,6
202100029226,2021-07-13 20:45:00,2021,7,13,20,45,77,77196,route nationale 3,48.948605,2.750573,Nuit sans éclairage public,Hors agglomération,Hors intersection,Pluie forte,Autre collision,2,3,4,0,1,1,2,0,1,110,,8,6,0,0,2,20.0,58.0,,,3,1,1,3,6
202100029227,2021-07-03 18:10:00,2021,7,3,18,10,91,91085,Route d Avrainville,48.55944,2.223506,Plein jour,Hors agglomération,Hors intersection,Normale,Sans collision,3,1,2,0,2,1,1,0,1,50,,1,0,0,0,1,35.0,,,,1,1,1,1,7
202100029228,2021-07-12 18:20:00,2021,7,12,18,20,30,30330,RD 35,44.003187,4.00795,Plein jour,Hors agglomération,Hors intersection,Temps couvert,Deux véhicules - côté,3,2,2,0,1,1,2,0,1,80,,6,5,0,0,1,51.0,59.0,,,1,1,1,8,3
202100029229,2021-07-14 14:05:00,2021,7,14,14,5,13,13015,avenue thiers,43.445194,5.405878,Plein jour,En agglomération,Intersection en T,Normale,Deux véhicules - côté,7,2,2,0,1,2,1,5,1,50,,10,4,0,0,6,19.0,36.0,,,1,2,3,1,3
202100029230,2021-07-14 15:07:00,2021,7,14,15,7,26,26002,Autoroute du Soleil,45.230626,4.850271,Plein jour,Hors agglomération,Hors intersection,Pluie légère,Autre collision,1,3,3,0,2,3,2,0,8,130,,2,1,0,1,0,27.0,,,,1,1,1,2,6
202100029231,2021-07-12 15:00:00,2021,7,12,15,0,67,67233,Rue de Huttenheim,48.374899,7.569339,Plein jour,En agglomération,Intersection en T,Normale,Deux véhicules - côté,4,2,1,0,1,1,1,0,1,50,,2,1,0,0,1,29.0,15.0,,,1,2,3,1,3
202100029232,2021-07-14 02:00:00,2021,7,14,2,0,88,88026,7ter Route de Remiremont,48.212295,6.581104,Nuit sans éclairage public,En agglomération,Hors intersection,Normale,Autre collision,3,2,2,0,3,2,2,0,3,50,,2,0,0,2,0,19.0,,,,3,2,1,1,6
202100029233,2021-07-11 15:30:00,2021,7,11,15,30,57,57091,6 rue du chateau,49.112859,7.177078,Plein jour,En agglomération,Hors intersection,Normale,Autre collision,4,2,2,0,2,1,1,0,4,50,,1,0,0,1,0,54.0,,,,1,2,1,1,6
202100029234,2021-07-13 16:50:00,2021,7,13,16,50,74,74222,D26,46.336481,6.555549,Plein jour,Hors agglomération,Hors intersection,Pluie légère,Deux véhicules - frontale,3,2,2,0,1,3,2,0,1,80,,2,0,0,2,0,85.0,20.0,,,1,1,1,2,1
202100029235,2021-07-13 09:45:00,2021,7,13,9,45,07,07156,Le Pradel,44.680921,4.283322,Plein jour,Hors agglomération,Hors intersection,Normale,Autre collision,3,2,2,0,1,1,1,0,3,80,,1,0,0,1,0,36.0,,,,1,1,1,1,6
202100029236,2021-07-14 03:13:00,2021,7,14,3,13,69,69074,RIVOLET (DE) (RTE),45.996373,4.663213,Nuit avec éclairage allumé,Hors agglomération,Intersection en X,Temps couvert,Deux véhicules - côté,3,2,2,2,1,1,1,0,1,70,,3,0,1,2,0,22.0,19.0,,,5,1,2,8,3
202100029237,2021-07-14 11:45:00,2021,7,14,11,45,33,33339,,45.027766,-0.483801,Plein jour,Hors agglomération,Hors intersection,Pluie forte,Deux véhicules - frontale,3,2,2,0,1,1,2,0,1,70,,3,1,0,1,1,32.0,73.0,,,1,1,1,3,1
202100029238,2021-07-13 18:30:00,2021,7,13,18,30,22,22067,Rue Pen An Croissant,48.555416,-3.16317,Plein jour,En agglomération,Intersection en T,Normale,Deux véhicules - côté,3,2,0,0,4,1,1,0,1,50,,2,1,0,1,0,25.0,20.0,,,1,2,3,1,3
202100029239,2021-07-14 12:47:00,2021,7,14,12,47,22,22213,La Mettrie Pommerais,48.53034,-1.986085,Plein jour,En agglomération,Hors intersection,Normale,Autre collision,4,2,1,0,2,1,1,0,1,50,,2,1,0,1,0,59.0,,,,1,2,1,1,6
202100029240,2021-07-14 10:27:00,2021,7,14,10,27,22,22054,Rue du Four à Boulets,48.639687,-2.481322,Plein jour,En agglomération,Hors intersection,Normale,Deux véhicules - frontale,4,2,2,0,3,3,1,0,1,50,,3,2,0,1,0,27.0,18.0,,,1,2,1,1,1
202100029241,2021-07-12 16:40:00,2021,7,12,16,40,13,13071,A51-Sens Marseille vers Aix en Provence,43.415,5.365,Plein jour,Hors agglomération,Hors intersection,Normale,Trois véhicules et plus - en chaîne,1,-1,3,0,1,1,1,0,1,90,,6,3,0,0,3,43.0,19.0,,,1,1,1,1,4
202100029242,2021-07-13 05:25:00,2021,7,13,5,25,13,13056,A55-Sens Marseille vers Martigues,43.399424,5.087552,Crépuscule ou aube,Hors agglomération,Hors intersection,Normale,Deux véhicules - arrière,1,1,2,0,1,1,1,0,1,110,,3,2,0,0,1,20.0,33.0,,,2,1,1,1,2
202100029243,2021-07-12 16:30:00,2021,7,12,16,30,13,13215,A7-Sens Marseille vers Lyon,43.37196,5.36118,Plein jour,Hors agglomération,Hors intersection,Normale,Deux véhicules - arrière,1,-1,3,0,1,3,1,0,1,90,,2,1,0,0,1,48.0,32.0,,,1,1,1,1,2
202100029244,2021-07-13 17:45:00,2021,7,13,17,45,33,33366,AUTOROUTE A 10,44.990686,-0.427101,Plein jour,Hors agglomération,Hors intersection,Normale,Deux véhicules - arrière,1,3,6,0,1,1,1,0,1,130,,3,2,0,0,1,37.0,23.0,,,1,1,1,1,2
202100029245,2021-07-13 15:55:00,2021,7,13,15,55,33,33249,ROCADE A 630,44.884669,-0.513288,Plein jour,Hors agglomération,Hors intersection,Pluie légère,Sans collision,1,1,2,0,2,2,2,3,1,50,,1,0,0,0,1,29.0,,,,1,1,1,2,7
202100029246,2021-07-13 17:58:00,2021,7,13,17,58,91,91617,RN 104,48.63145,2.51223,Plein jour,Hors agglomération,Hors intersection,Pluie forte,Deux véhicules - côté,2,3,6,0,1,1,2,0,1,110,,2,1,0,0,1,24.0,27.0,,,1,1,1,3,3
202100029247,2021-07-13 15:55:00,2021,7,13,15,55,92,92002,AUTOROUTE A86,48.7632033216,2.3051235029,Plein jour,Hors agglomération,Hors intersection,Pluie forte,Deux véhicules - arrière,1,-1,4,0,1,1,3,1,1,70,,3,1,0,0,2,72.0,19.0,,,1,1,1,3,2
202100029248,2021-07-13 09:05:00,2021,7,13,9,5,91,91174,RN 104,48.62312,2.46681,Plein jour,Hors agglomération,Hors intersection,Temps couvert,Deux véhicules - côté,2,3,6,0,1,1,1,0,1,90,,2,1,0,0,1,32.0,30.0,,,1,1,1,8,3
202100029249,2021-07-13 08:05:00,2021,7,13,8,5,94,94065,N186,48.75473,2.34713,Plein jour,Hors agglomération,Hors intersection,Normale,Trois véhicules et plus - en chaîne,2,3,3,0,1,1,2,0,1,70,,3,2,0,0,1,45.0,55.0,,,1,1,1,1,4
202100029250,2021-07-12 23:35:00,2021,7,12,23,35,91,91286,AUTOROUTE A6,48.64714,2.38739,Nuit sans éclairage public,Hors agglomération,Hors intersection,Pluie forte,Deux véhicules - arrière,1,1,3,0,1,1,2,0,1,110,,2,0,0,0,2,35.0,84.0,,,3,1,1,3,2
202100029251,2021-07-13 18:10:00,2021,7,13,18,10,92,92036,AUTOROUTE A86,48.9383700387,2.3001401108,Plein jour,Hors agglomération,Hors intersection,Normale,Deux véhicules - arrière,1,3,10,0,1,1,2,0,1,110,,2,0,0,0,2,41.0,34.0,,,1,1,1,1,2
202100029252,2021-07-13 15:50:00,2021,7,13,15,50,92,92036,AUTOROUTE A15,48.9384432213,2.2966712184,Plein jour,Hors agglomération,Hors intersection,Pluie légère,Deux véhicules - arrière,1,3,6,0,1,1,2,2,1,90,,2,1,0,0,1,65.0,45.0,,,1,1,1,2,2
202100029253,2021-07-13 15:45:00,2021,7,13,15,45,95,95582, A15,48.96655,2.25597,Plein jour,Hors agglomération,Hors intersection,Pluie forte,Sans collision,1,3,8,0,1,1,2,0,1,90,,1,0,0,0,1,19.0,,,,1,1,1,3,7
202100029254,2021-07-13 13:00:00,2021,7,13,13,0,95,95582,A15,48.96344,2.26432,Plein jour,Hors agglomération,Hors intersection,Pluie forte,Trois véhicules et plus - collisions multiples,1,3,8,0,1,1,2,0,1,110,,3,2,0,0,1,29.0,55.0,,,1,1,1,3,5
202100029255,2021-07-13 10:30:00,2021,7,13,10,30,95,95018,A15,48.95923,2.2733,Plein jour,Hors agglomération,Hors intersection,Pluie légère,Autre collision,1,3,8,0,1,1,2,0,1,110,,1,0,0,0,1,34.0,,,,1,1,1,2,6
202100029256,2021-07-13 09:20:00,2021,7,13,9,20,93,93078,AUTOROUTE A104,48.9712217736,2.4988746643,Plein jour,Hors agglomération,Hors intersection,Pluie légère,Deux véhicules - arrière,1,3,7,0,1,1,2,0,1,90,,3,1,0,0,2,55.0,22.0,,,1,1,1,2,2
202100029257,2021-07-13 06:45:00,2021,7,13,6,45,95,95028,RN 104,49.06429,2.36833,Crépuscule ou aube,Hors agglomération,Hors intersection,Pluie légère,Sans collision,2,3,4,0,1,1,2,0,1,90,,1,0,0,0,1,26.0,,,,2,1,1,2,7
202100029258,2021-07-12 07:30:00,2021,7,12,7,30,976,97611,passamanty-Vahibé ( route ),-12.80102,45.20862,Plein jour,En agglomération,Hors intersection,Normale,Autre collision,3,2,2,0,1,1,1,0,1,50,,2,1,0,0,1,27.0,,,,1,2,1,1,6
202100029259,2021-07-06 17:00:00,2021,7,6,17,0,55,55029,BRADFER ( RUE ERNEST ),48.7691,5.17232,Plein jour,En agglomération,Hors intersection,Normale,Autre collision,3,2,2,0,1,1,1,0,1,50,,2,1,0,0,1,63.0,,,,1,2,1,1,6
202100029260,2021-02-19 18:10:00,2021,2,19,18,10,74,74212,Rte des Eveaux,46.027381,6.391693,Crépuscule ou aube,Hors agglomération,Hors intersection,Normale,Sans collision,3,2,2,0,2,4,1,0,1,80,,1,0,0,1,0,44.0,,,,2,1,1,1,7
202100029261,2021-07-09 23:25:00,2021,7,9,23,25,988,98818,RUE JULES GARNIER/RUE PADDON,-22.28963,166.44161,Nuit avec éclairage allumé,En agglomération,Intersection en T,Normale,Autre collision,4,3,2,0,1,3,1,0,1,50,,4,0,0,2,2,18.0,,,,5,2,3,1,6
202100029262,2021-07-12 12:18:00,2021,7,12,12,18,976,97611,mamoudzou centre-Haladi Selemani ( rue ),-12.78103,45.23057,Plein jour,En agglomération,Hors intersection,Normale,Autre collision,4,2,2,0,1,1,1,0,1,50,,2,1,0,0,1,50.0,,,,1,2,1,1,6
202100029263,2021-07-12 17:25:00,2021,7,12,17,25,974,97411,LECLERC (DU MARECHAL),-20.87987,55.45628,Crépuscule ou aube,En agglomération,Hors intersection,Normale,Deux véhicules - frontale,4,2,2,2,1,1,1,6,1,50,,2,1,0,0,1,50.0,,,,2,2,1,1,1
202100029264,2021-07-12 17:20:00,2021,7,12,17,20,973,97302,MADELEINE (ROUTE DE LA),4.91409,-52.3209,Plein jour,En agglomération,Hors intersection,Normale,Deux véhicules - frontale,3,2,1,0,1,1,1,0,1,50,,2,1,0,1,0,31.0,32.0,,,1,2,1,1,1
202100029265,2021-07-11 07:08:00,2021,7,11,7,8,973,97302,TROUBIRAN (CHEMIN DE),4.91669566,-52.30904195,Plein jour,En agglomération,Hors intersection,Pluie légère,Deux véhicules - côté,4,2,1,0,1,1,2,0,1,50,,3,2,0,0,1,47.0,29.0,,,1,2,1,2,3
202100029266,2021-06-14 16:10:00,2021,6,14,16,10,973,97302,CATAYEE (JUSTIN),4.938705227,-52.3304154316,Plein jour,En agglomération,Hors intersection,Normale,Sans collision,4,2,2,3,2,2,2,0,2,50,,1,0,0,1,0,19.0,,,,1,2,1,1,7
202100029267,2021-07-10 21:10:00,2021,7,10,21,10,972,97209,RD 41 (ROCADE),14.6165302417,-61.0746717453,Nuit avec éclairage allumé,Hors agglomération,Hors intersection,Temps couvert,Autre collision,3,1,2,0,1,1,1,0,1,60,,1,0,0,0,1,65.0,,,,5,1,1,8,6
202100029268,2021-07-12 17:25:00,2021,7,12,17,25,69,69385,CHOULANS (DE) (MO),45.75603,4.81553,Plein jour,En agglomération,Hors intersection,Pluie forte,Autre collision,4,2,2,0,2,1,2,9,1,50,,2,1,0,1,0,59.0,,,,1,2,1,3,6
202100029269,2021-07-11 17:50:00,2021,7,11,17,50,971,97113,Morne Salines,16.209,-61.44217,Plein jour,Hors agglomération,Hors intersection,Normale,Deux véhicules - frontale,2,2,2,0,2,1,1,0,1,70,,2,1,1,0,0,50.0,20.0,,,1,1,1,1,1
202100029270,2021-07-11 13:20:00,2021,7,11,13,20,971,97113,RN4 - SECTION RIVIERA,16.21746,-61.49231,Plein jour,Hors agglomération,Hors intersection,Normale,Trois véhicules et plus - collisions multiples,2,2,3,0,1,1,1,0,1,70,,4,3,0,0,1,32.0,40.0,,,1,1,1,1,5
202100029271,2021-07-11 06:30:00,2021,7,11,6,30,971,97120,CHEMIN NEUF,16.23288,-61.5326,Plein jour,Hors agglomération,Hors intersection,Temps couvert,Deux véhicules - frontale,4,1,1,0,1,1,1,0,1,50,,4,2,0,0,2,,35.0,,,1,1,1,8,1
202100029272,2021-07-11 14:45:00,2021,7,11,14,45,971,97107,MARQUISAT ( ROUTE DE ),16.0408,-61.56748,Plein jour,En agglomération,Hors intersection,Normale,Sans collision,4,-1,2,0,2,1,1,0,1,50,,2,0,0,1,1,27.0,,,,1,2,1,1,7
202100029273,2021-07-12 08:00:00,2021,7,12,8,0,95,95277,Rue Nungesser et Coli,48.97387,2.46103,Plein jour,En agglomération,Hors intersection,Pluie légère,Deux véhicules - côté,3,2,4,0,1,1,2,3,1,70,,3,1,0,0,2,46.0,,,,1,2,1,2,3
202100029274,2021-07-12 14:30:00,2021,7,12,14,30,91,91691,VALENTON(RUE),48.73094,2.51384,Plein jour,En agglomération,Intersection en X,Pluie forte,Deux véhicules - côté,4,2,2,0,1,1,2,0,1,50,,3,1,0,0,2,17.0,42.0,,,1,2,2,3,3
202100029275,2021-07-12 09:35:00,2021,7,12,9,35,91,91027,RTE NATIONALE 7,48.717391,2.37081,Plein jour,En agglomération,Hors intersection,Pluie forte,Deux véhicules - arrière,3,3,2,0,4,1,2,1,1,50,,2,1,0,0,1,39.0,25.0,,,1,2,1,3,2
202100029276,2021-07-09 12:45:00,2021,7,9,12,45,85,85194,BENATIER (RUE JOSEPH),46.50399,-1.79951,Plein jour,En agglomération,Autre intersection,Normale,Autre collision,6,-1,-1,0,1,1,1,9,8,30,,2,1,0,1,0,41.0,,,,1,2,9,1,6
202100029277,2021-07-10 09:45:00,2021,7,10,9,45,84,84031,PONT DES FONTAINES AVENUE,44.060988,5.053801,Plein jour,Hors agglomération,Hors intersection,Temps éblouissant,Autre collision,4,2,2,0,1,1,1,9,1,30,,2,1,1,0,0,20.0,,,,1,1,1,7,6
202100029278,2021-07-04 22:30:00,2021,7,4,22,30,84,84007,FOLIE (Avenue de la),43.948673,4.819278,Nuit avec éclairage non allumé,En agglomération,Hors intersection,Normale,Autre collision,4,2,2,0,1,1,1,0,1,50,,2,0,0,2,0,22.0,,,,4,2,1,1,6
202100029279,2021-07-10 17:30:00,2021,7,10,17,30,83,83137,PICOT (AVE DU COLONEL),43.12775,5.96348,Plein jour,En agglomération,Autre intersection,Normale,Deux véhicules - arrière,7,2,2,0,2,1,1,0,1,50,,2,1,0,0,1,61.0,47.0,,,1,2,9,1,2
202100029280,2021-07-10 04:15:00,2021,7,10,4,15,83,83123,TOULON (ANCIEN CHEMIN DE),43.1269,5.81641,Nuit avec éclairage allumé,En agglomération,Hors intersection,Normale,Deux véhicules - frontale,4,2,2,0,2,1,1,0,1,50,,3,0,0,1,2,42.0,20.0,,,5,2,1,1,1
202100029281,2021-07-12 08:20:00,2021,7,12,8,20,77,77131,ELVERT ROBERT (AVENUE),48.803,3.084,Plein jour,En agglomération,Hors intersection,Pluie légère,Deux véhicules - arrière,4,2,2,0,1,1,2,5,1,50,,3,1,0,0,2,51.0,35.0,,,1,2,1,2,2
202100029282,2021-07-09 12:42:00,2021,7,9,12,42,76,76351,SAINTE ADRESSE (DE),49.49986,0.09255,Plein jour,En agglomération,Intersection en T,Normale,Deux véhicules - côté,4,2,2,0,1,1,1,0,1,50,,2,1,0,1,0,68.0,25.0,,,1,2,3,1,3
202100029283,2021-07-09 19:40:00,2021,7,9,19,40,69,69256,PABLO PICASSO (AV),45.7755939015,4.9174005296,Plein jour,En agglomération,Intersection en X,Normale,Deux véhicules - frontale,4,2,2,2,1,1,1,0,1,50,,3,2,0,0,1,18.0,47.0,,,1,2,2,1,1
202100029284,2021-07-12 18:50:00,2021,7,12,18,50,65,65226,PAU (ROUTE DE),43.23944,-0.02562,Plein jour,Hors agglomération,Hors intersection,Pluie légère,Trois véhicules et plus - collisions multiples,3,2,3,0,2,3,2,0,1,50,,10,5,0,0,5,25.0,67.0,,,1,1,1,2,5
202100029285,2021-07-12 17:15:00,2021,7,12,17,15,65,65440,JOFFRE (AVENUE DU MARECHAL),43.2395,0.06851,Plein jour,En agglomération,Hors intersection,Normale,Deux véhicules - arrière,3,2,2,0,1,1,1,0,1,50,,2,1,0,0,1,18.0,41.0,,,1,2,1,1,2
202100029286,2021-07-12 11:30:00,2021,7,12,11,30,65,65440,AZEREIX (AVENUE D'),43.22988,0.05947,Plein jour,En agglomération,Hors intersection,Normale,Autre collision,4,2,2,0,1,1,1,0,1,50,,1,0,0,0,1,18.0,,,,1,2,1,1,6
202100029287,2021-07-12 20:00:00,2021,7,12,20,0,64,64483,RD810,43.40584,-1.62958,Plein jour,En agglomération,Hors intersection,Temps couvert,Deux véhicules - côté,3,2,2,0,2,1,1,0,1,70,,2,1,0,1,0,67.0,39.0,,,1,2,1,8,3
202100029288,2021-07-11 02:00:00,2021,7,11,2,0,64,64024,Promenade des Sources,43.4943161093,-1.545547843,Nuit sans éclairage public,En agglomération,Hors intersection,Normale,Autre collision,4,2,1,0,4,1,1,0,1,30,,1,0,0,1,0,27.0,,,,3,2,1,1,6
202100029289,2021-06-20 15:15:00,2021,6,20,15,15,61,61006,SEVIGNY (ROUTE DE) COTE  IMPAIR,48.75211,-0.02495,Plein jour,En agglomération,Hors intersection,Normale,Autre collision,4,2,2,0,2,1,1,0,4,50,,1,0,0,1,0,21.0,,,,1,2,1,1,6
202100029290,2021-07-08 08:25:00,2021,7,8,8,25,58,58194,RAVELIN,46.9885,3.1663,Plein jour,En agglomération,Intersection en Y,Normale,Deux véhicules - arrière,3,1,1,0,1,1,1,0,1,50,,2,1,0,1,0,78.0,28.0,,,1,2,4,1,2
202100029291,2021-07-11 17:55:00,2021,7,11,17,55,56,56162,Route du Fort Bloqué,47.73789,-3.45789,Plein jour,Hors agglomération,Intersection en X,Normale,Deux véhicules - côté,3,2,2,0,1,1,1,0,1,70,,3,0,0,0,3,41.0,72.0,,,1,1,2,1,3
202100029292,2021-07-11 02:08:00,2021,7,11,2,8,56,56121,BLUM ( BD LEON ),47.74725,-3.37654,Nuit avec éclairage allumé,En agglomération,Giratoire,Normale,Deux véhicules - côté,4,2,2,0,1,1,1,5,1,30,,2,1,0,1,0,,22.0,,,5,2,6,1,3
202100029293,2021-07-10 18:58:00,2021,7,10,18,58,54,54382,52 (ROUTE NATIONALE),49.54708,5.77027,Crépuscule ou aube,Hors agglomération,Hors intersection,Pluie forte,Trois véhicules et plus - en chaîne,2,3,3,0,2,3,2,0,1,90,,3,0,0,1,2,46.0,36.0,,,2,1,1,3,4
202100029294,2021-07-09 23:10:00,2021,7,9,23,10,54,54323,FAIENCERIE (RUE DE LA),49.51033,5.76973,Nuit sans éclairage public,En agglomération,Hors intersection,Normale,Autre collision,3,3,2,0,2,3,1,0,1,50,,2,1,0,0,1,33.0,,,,3,2,1,1,6
202100029295,2021-07-08 04:06:00,2021,7,8,4,6,53,53201,RD 57 VERS RENNES,48.0728,-0.87363,Nuit sans éclairage public,Hors agglomération,Hors intersection,Normale,Deux véhicules - frontale,3,2,2,0,1,1,1,0,1,90,,2,1,1,0,0,53.0,34.0,,,3,1,1,1,1
202100029296,2021-07-10 16:20:00,2021,7,10,16,20,50,50203,LUCET (RUE),49.62213,-1.61342,Plein jour,En agglomération,Hors intersection,Temps couvert,Autre collision,2,3,4,0,2,4,2,0,3,40,,1,0,0,0,1,64.0,,,,1,2,1,8,6
202100029297,2021-07-12 19:16:00,2021,7,12,19,16,49,49246,LAMARTINE,47.43832,-0.48734,Plein jour,En agglomération,Hors intersection,Normale,Deux véhicules - côté,3,3,2,0,1,1,1,0,1,50,,2,1,0,0,1,39.0,26.0,,,1,2,1,1,3
202100029298,2021-07-12 10:10:00,2021,7,12,10,10,49,49007,DUNANT BOULEVARD,47.48331,-0.52756,Plein jour,En agglomération,Hors intersection,Temps couvert,Deux véhicules - côté,4,2,2,0,1,1,2,0,1,50,,2,1,0,0,1,83.0,88.0,,,1,2,1,8,3
202100029299,2021-07-12 23:45:00,2021,7,12,23,45,45,45338,Avenue Henri Barbusse,47.99084,2.71246,Nuit avec éclairage allumé,En agglomération,Intersection en T,Normale,Deux véhicules - frontale,3,2,2,1,1,3,1,0,1,50,,5,1,0,0,4,25.0,32.0,,,5,2,3,1,1
202100029300,2021-07-10 01:50:00,2021,7,10,1,50,40,40088,SAINT-VINCENT DE PAUL (AVENUE),43.7169198731,-1.0534644127,Nuit avec éclairage allumé,En agglomération,Hors intersection,Normale,Deux véhicules - frontale,3,2,2,1,1,1,1,0,1,50,,3,1,0,2,0,18.0,18.0,,,5,2,1,1,1
202100029301,2021-07-12 15:00:00,2021,7,12,15,0,35,35238,Avenue Gros Malhon,48.1278332821,-1.683335376,Plein jour,En agglomération,Intersection en X,Normale,Deux véhicules - côté,4,3,4,0,1,1,1,5,1,50,,2,1,0,0,1,30.0,40.0,,,1,2,2,1,3
202100029302,2021-07-12 14:50:00,2021,7,12,14,50,35,35238,FREVILLE (AVENUE HENRI),48.09209,-1.67484,Plein jour,En agglomération,Intersection en X,Normale,Deux véhicules - côté,4,3,4,2,1,1,1,5,1,50,,2,1,0,0,1,20.0,21.0,,,1,2,2,1,3
202100029303,2021-07-12 09:00:00,2021,7,12,9,0,35,35281,TEMPLE-DE-BLOSNE (RUE DU),48.090198,-1.695026,Plein jour,En agglomération,Hors intersection,Pluie légère,Autre collision,4,2,2,0,1,1,2,0,1,50,,2,0,0,0,2,58.0,,,,1,2,1,2,6
202100029304,2021-07-12 20:45:00,2021,7,12,20,45,33,33162,Route de Lacanau,44.88503,-0.66467,Crépuscule ou aube,Hors agglomération,Giratoire,Pluie légère,Autre collision,4,3,2,0,1,3,2,0,1,90,,1,0,0,0,1,22.0,,,,2,1,6,2,6
202100029305,2021-07-11 17:05:00,2021,7,11,17,5,33,33167,Avenue Pasteur,44.84147,-0.53065,Plein jour,En agglomération,Intersection en T,Normale,Deux véhicules - côté,4,2,2,0,1,1,1,0,1,50,,2,1,0,0,1,29.0,46.0,,,1,2,3,1,3
202100029306,2021-07-12 16:51:00,2021,7,12,16,51,29,29039,D783 - Rue de Keriolet,47.88778,-3.91463,Plein jour,En agglomération,Hors intersection,Normale,Trois véhicules et plus - en chaîne,3,2,2,0,1,1,1,2,1,70,,4,2,0,0,2,39.0,22.0,,,1,2,1,1,4
202100029307,2021-07-12 14:25:00,2021,7,12,14,25,26,26198,RN7,44.55309,4.73085,Plein jour,En agglomération,Hors intersection,Normale,Deux véhicules - arrière,2,2,2,0,1,1,1,2,1,80,,2,1,0,0,1,56.0,36.0,,,1,2,1,1,2
202100029308,2021-06-26 12:15:00,2021,6,26,12,15,24,24037,SAINTE-CATHERINE (RUE),44.85456,0.48451,Plein jour,En agglomération,Hors intersection,Normale,Autre collision,4,1,1,0,1,1,1,0,1,30,,2,1,0,1,0,83.0,,,,1,2,1,1,6
202100029309,2021-07-12 19:20:00,2021,7,12,19,20,17,17449,AUNIS AVENUE D',45.9502752374,-0.9264591646,Plein jour,En agglomération,Hors intersection,Normale,Deux véhicules - côté,4,-1,2,0,1,1,1,0,1,50,,2,1,0,0,1,50.0,36.0,,,1,2,1,1,3
202100029310,2021-07-11 06:30:00,2021,7,11,6,30,14,14566,D401,49.20316,-0.39156,Plein jour,En agglomération,Giratoire,Temps couvert,Autre collision,3,1,2,0,1,3,2,3,3,50,,1,0,0,0,1,23.0,,,,1,2,6,8,6
202100029311,2021-07-12 18:45:00,2021,7,12,18,45,13,13202,REPUBLIQUE (RUE DE LA),43.29889,5.37183,Plein jour,En agglomération,Hors intersection,Normale,Deux véhicules - côté,4,2,2,0,1,1,1,0,1,50,,3,2,0,0,1,42.0,40.0,,,1,2,1,1,3
202100029312,2021-07-09 19:00:00,2021,7,9,19,0,13,13210,CAPELETTE (AVENUE DE LA),43.2812029469,5.4057041202,Plein jour,En agglomération,Hors intersection,Normale,Deux véhicules - côté,4,2,2,0,1,2,1,0,1,50,,3,1,0,0,2,50.0,58.0,,,1,2,1,1,3
202100029313,2021-07-12 12:00:00,2021,7,12,12,0,13,13028,ROVARCH (AVENUE PIERRE),43.19174,5.6049,Plein jour,En agglomération,Giratoire,Normale,Deux véhicules - côté,7,1,2,0,1,2,1,5,1,50,,3,1,0,0,2,19.0,53.0,,,1,2,6,1,3
202100029314,2021-07-12 13:45:00,2021,7,12,13,45,06,06088,ANGLAIS (DU N° 265 AU N° 350),43.67852,7.22973,Plein jour,En agglomération,Hors intersection,Normale,Deux véhicules - arrière,7,1,4,3,1,1,1,0,1,50,,2,1,0,0,1,50.0,18.0,,,1,2,1,1,2
202100029315,2021-07-12 15:35:00,2021,7,12,15,35,06,06027,NICE AVENUE DE (RN7),43.659378,7.167371,Plein jour,En agglomération,Intersection en X,Normale,Sans collision,7,2,2,0,1,1,1,0,1,50,,1,0,0,0,1,21.0,,,,1,2,2,1,7
202100029316,2021-07-12 09:00:00,2021,7,12,9,0,06,06123,OSSOLA JEAN BOULEVARD,43.662044,7.192161,Plein jour,En agglomération,Hors intersection,Normale,Autre collision,4,2,2,0,1,1,1,0,1,50,,2,1,0,0,1,48.0,,,,1,2,1,1,6
202100029317,2021-07-12 09:10:00,2021,7,12,9,10,75,75117,PORTE D ASNIERES,48.892762,2.302367,Plein jour,En agglomération,Intersection en Y,Pluie légère,Deux véhicules - côté,4,1,4,0,1,1,2,0,1,70,,2,1,0,0,1,34.0,,,,1,2,4,2,3
202100029318,2021-07-10 15:40:00,2021,7,10,15,40,75,75116,BOULEVARD PERIPHERIQUE,48.850786,2.251995,Plein jour,En agglomération,Intersection en Y,Normale,Trois véhicules et plus - en chaîne,4,1,4,0,1,1,1,0,1,70,,3,2,0,0,1,20.0,21.0,,,1,2,4,1,4