accident_id,datetime,annee,mois,jour,heure,minute,departement,commune_insee,adresse,latitude,longitude,luminosite,agglomeration,intersection,meteo,collision,catr,circ,nbv,vosp,prof,plan,surf,infra,situ,vma,nb_vehicules,nb_usagers,nb_indemnes,nb_tues,nb_blesses_hosp,nb_blesses_legers,age_cond_1,age_cond_2,veh_type_cond_1,veh_type_cond_2,lum_code,agg_code,int_code,atm_code,col_code
202100029319,2021-07-12 15:45:00,2021,7,12,15,45,75,75118,BOULEVARD BARBES,48.885261,2.34955,Plein jour,En agglomération,Intersection en T,Pluie légère,Deux véhicules - côté,4,2,6,3,1,1,2,0,6,50,,2,1,0,0,1,66.0,43.0,,,1,2,3,2,3
202100029320,2021-07-12 10:20:00,2021,7,12,10,20,75,75117,AVENUE DE VILLIERS,48.881461,2.316022,Plein jour,En agglomération,Intersection en Y,Pluie légère,Autre collision,4,1,1,0,1,1,2,0,1,50,,2,0,0,0,2,27.0,,,,1,2,4,2,6
202100029321,2021-07-12 16:00:00,2021,7,12,16,0,75,75116,QUAI SAINT EXUPERY,48.837805,2.265302,Plein jour,En agglomération,Hors intersection,Normale,Deux véhicules - côté,4,1,2,0,1,1,2,0,1,50,,2,1,0,0,1,37.0,58.0,,,1,2,1,1,3
202100029322,2021-07-12 09:00:00,2021,7,12,9,0,75,75116,RUE DE BOULAINVILLIERS,48.851779,2.277602,Plein jour,En agglomération,Intersection en T,Pluie légère,Deux véhicules - côté,4,2,2,0,1,1,2,0,1,50,,2,1,0,0,1,26.0,21.0,,,1,2,3,2,3
202100029323,2021-07-11 15:45:00,2021,7,11,15,45,75,75116,VOIE GEORGES POMPIDOU,48.855822,2.285815,Plein jour,En agglomération,Hors intersection,Normale,Deux véhicules - arrière,4,1,2,0,1,1,1,0,1,50,,3,2,0,0,1,52.0,63.0,,,1,2,1,1,2
202100029324,2021-07-12 20:35:00,2021,7,12,20,35,75,75115,PLACE D ALLERAY,48.836443,2.306522,Plein jour,En agglomération,Place,Normale,Deux véhicules - arrière,4,1,1,0,1,1,2,0,1,50,,2,1,0,0,1,74.0,36.0,,,1,2,7,1,2
202100029325,2021-07-12 09:20:00,2021,7,12,9,20,75,75115,RUE LINOIS,48.848524,2.282883,Plein jour,En agglomération,Intersection en T,Pluie légère,Deux véhicules - côté,4,2,2,0,1,1,2,0,1,50,,2,1,0,0,1,65.0,,,,1,2,3,2,3
202100029326,2021-07-12 12:10:00,2021,7,12,12,10,75,75112,AVENUE COURTELINE,48.844004,2.413836,Plein jour,En agglomération,Intersection en X,Normale,Deux véhicules - arrière,4,3,2,0,1,1,2,0,1,50,,3,2,0,0,1,21.0,31.0,,,1,2,2,1,2
202100029327,2021-07-12 10:30:00,2021,7,12,10,30,75,75112,QUAI DE LA RAPEE,48.842641,2.369083,Plein jour,En agglomération,Hors intersection,Pluie légère,Sans collision,4,1,3,0,1,1,2,0,1,50,,2,1,0,0,1,37.0,,,,1,2,1,2,7
202100029328,2021-07-12 19:50:00,2021,7,12,19,50,75,75108,AVENUE DES CHAMPS ELYSEES,48.872067,2.300484,Plein jour,En agglomération,Intersection en T,Pluie légère,Deux véhicules - côté,4,2,7,0,1,1,2,0,1,50,,3,2,0,0,1,16.0,,,,1,2,3,2,3
202100029329,2021-07-12 13:19:00,2021,7,12,13,19,75,75108,PLACE DE LA CONCORDE,48.865866,2.319896,Plein jour,En agglomération,Place,Normale,Deux véhicules - côté,4,1,4,3,1,1,2,0,1,50,,3,1,0,0,2,58.0,47.0,,,1,2,7,1,3
202100029330,2021-07-12 09:00:00,2021,7,12,9,0,75,75108,AVENUE HOCHE,48.874576,2.296942,Plein jour,En agglomération,Intersection en X,Pluie légère,Deux véhicules - arrière,4,2,0,0,1,1,2,0,1,50,,2,1,0,0,1,37.0,61.0,,,1,2,2,2,2
202100029331,2021-07-11 20:30:00,2021,7,11,20,30,75,75108,RUE DE MIROMESNIL,48.87123,2.316123,Plein jour,En agglomération,Place,Normale,Deux véhicules - arrière,4,1,1,0,1,1,1,0,1,50,,2,1,0,0,1,23.0,27.0,,,1,2,7,1,2
202100029332,2021-07-12 11:40:00,2021,7,12,11,40,75,75107,RUE DE SEVRES,48.848425,2.320552,Plein jour,En agglomération,Intersection en T,Pluie légère,Autre collision,4,2,3,0,1,1,2,0,4,50,,1,0,0,0,1,63.0,,,,1,2,3,2,6
202100029333,2021-07-12 15:20:00,2021,7,12,15,20,75,75103,PLACE DE LA REPUBLIQUE,48.867331,2.363346,Plein jour,En agglomération,Place,Normale,Sans collision,4,2,7,0,1,1,2,0,1,50,,1,0,0,0,1,57.0,,,,1,2,7,1,7
202100029334,2021-07-12 13:40:00,2021,7,12,13,40,75,75104,RUE DE RIVOLI,48.855209,2.361128,Plein jour,En agglomération,Intersection en T,Normale,Autre collision,4,2,3,1,1,1,1,0,5,20,,1,0,0,0,1,71.0,,,,1,2,3,1,6
202100029335,2021-07-11 14:00:00,2021,7,11,14,0,75,75101,BOULEVARD DE SEBASTOPOL,48.86055,2.349352,Plein jour,En agglomération,Intersection en X,Normale,Deux véhicules - côté,4,2,5,2,1,1,1,0,5,15,,2,1,0,0,1,33.0,30.0,,,1,2,2,1,3
202100029336,2021-07-12 21:00:00,2021,7,12,21,0,94,94021,Rue du Lieutenant Petit Leroy,48.76507,2.3615,Plein jour,En agglomération,Intersection en Y,Pluie légère,Sans collision,4,2,1,0,1,1,2,0,4,30,,1,0,0,0,1,68.0,,,,1,2,4,2,7
202100029337,2021-07-12 00:40:00,2021,7,12,0,40,94,94022,Avenue Léon Gourdault,48.76241,2.40655,Nuit avec éclairage allumé,En agglomération,Hors intersection,Normale,Deux véhicules - côté,3,3,2,1,1,1,1,5,1,50,,2,1,0,0,1,28.0,29.0,,,5,2,1,1,3
202100029338,2021-07-11 20:10:00,2021,7,11,20,10,94,94019,Rue d’Amboile,48.79049,2.53194,Plein jour,En agglomération,Autre intersection,Normale,Deux véhicules - côté,4,2,2,0,1,1,1,0,1,50,,2,1,0,0,1,37.0,29.0,,,1,2,9,1,3
202100029339,2021-07-12 17:40:00,2021,7,12,17,40,94,94004,FFI (ALL DES),48.75663,2.50752,Plein jour,En agglomération,Autre intersection,Pluie légère,Sans collision,3,2,2,0,1,2,2,9,8,50,,2,0,0,0,2,32.0,,,,1,2,9,2,7
202100029340,2021-07-12 18:35:00,2021,7,12,18,35,93,93078,Avenue Paul Vaillant Couturier,48.95589,2.5352,Plein jour,En agglomération,Hors intersection,Pluie légère,Deux véhicules - arrière,4,2,2,0,1,1,1,0,1,50,,2,1,0,0,1,38.0,53.0,,,1,2,1,2,2
202100029341,2021-07-12 13:40:00,2021,7,12,13,40,93,93064,REPUBLIQUE (AVENUE DE LA),48.868301,2.48505,Plein jour,En agglomération,Place,Pluie légère,Deux véhicules - frontale,3,2,2,0,1,2,2,0,4,30,,4,0,0,1,3,45.0,,,,1,2,7,2,1
202100029342,2021-07-12 17:45:00,2021,7,12,17,45,93,93010,BENHAMOU (R. MAURICE),48.913062,2.482593,Plein jour,En agglomération,Hors intersection,Pluie légère,Deux véhicules - côté,4,2,0,0,1,1,2,0,1,50,,2,1,0,0,1,41.0,52.0,,,1,2,1,2,3
202100029343,2021-07-12 17:40:00,2021,7,12,17,40,92,92050,REPUBLIQUE AVENUE DE LA,48.9126751193,2.224766314,Plein jour,En agglomération,Hors intersection,Temps couvert,Autre collision,3,2,2,0,1,1,2,0,1,50,,2,1,0,0,1,19.0,,,,1,2,1,8,6
202100029344,2021-07-12 19:45:00,2021,7,12,19,45,92,92050,PROVINCES FRANCAISES BD DES,48.9009,2.215,Plein jour,En agglomération,Intersection en Y,Pluie légère,Autre collision,4,3,2,0,1,1,2,6,1,50,,2,1,0,0,1,19.0,,,,1,2,4,2,6
202100029345,2021-07-11 01:30:00,2021,7,11,1,30,92,92050,VAILLANT COUTURIER PAUL RUE,48.8786685212,2.210637778,Nuit avec éclairage allumé,En agglomération,Intersection en X,Normale,Deux véhicules - frontale,3,2,4,2,2,1,1,0,1,50,,2,1,0,0,1,39.0,50.0,,,5,2,2,1,1
202100029346,2021-07-12 17:45:00,2021,7,12,17,45,92,92049,BRIAND AVENUE ARISTIDE N°2 A 114,48.81792,2.32546,Plein jour,En agglomération,Hors intersection,Normale,Sans collision,3,1,2,0,1,1,1,0,1,50,,1,0,0,0,1,58.0,,,,1,2,1,1,7
202100029347,2021-07-12 18:20:00,2021,7,12,18,20,92,92026,MARECHAL JOFFRE (QUAI DU),48.90229,2.28188,Plein jour,En agglomération,Hors intersection,Pluie légère,Deux véhicules - arrière,3,3,4,0,1,1,1,0,1,70,,2,1,0,1,0,39.0,43.0,,,1,2,1,2,2
202100029348,2021-07-11 21:05:00,2021,7,11,21,5,92,92024,CLAUDE DEBUSSY (AVENUE),48.9103698909,2.312938571,Nuit avec éclairage allumé,En agglomération,Giratoire,Normale,Sans collision,4,2,2,0,1,3,1,5,1,30,,1,0,0,0,1,29.0,,,,5,2,6,1,7
202100029349,2021-07-11 04:36:00,2021,7,11,4,36,92,92024,MARTRE (RUE) DE (59 A 109)   (58 A 120),48.90384,2.30539,Nuit avec éclairage allumé,En agglomération,Hors intersection,Normale,Deux véhicules - côté,3,1,3,3,1,1,1,8,1,50,,5,0,1,1,3,20.0,21.0,,,5,2,1,1,3
202100029350,2021-07-12 22:10:00,2021,7,12,22,10,92,92023,JEAN BAPTISTE CLEMENT (AVENUE),48.80022,2.26758,Nuit avec éclairage allumé,En agglomération,Hors intersection,Normale,Deux véhicules - côté,4,2,2,0,2,1,1,0,1,50,,2,1,0,0,1,20.0,48.0,,,5,2,1,1,3
202100029351,2021-07-12 17:45:00,2021,7,12,17,45,45,45017,D2060-PR 45 + 910,47.97033,2.506793,Plein jour,Hors agglomération,Hors intersection,Normale,Deux véhicules - frontale,3,2,2,0,1,1,2,0,1,80,,2,1,1,0,0,41.0,21.0,,,1,1,1,1,1
202100029352,2021-07-13 20:10:00,2021,7,13,20,10,06,06161,Route du Bord de Mer,43.640264,7.13893,Crépuscule ou aube,En agglomération,Hors intersection,Normale,Autre collision,6,-1,0,0,1,3,1,0,1,30,,2,1,0,0,1,30.0,,,,2,2,1,1,6
202100029353,2021-07-13 11:45:00,2021,7,13,11,45,41,41091,D957,47.637562,1.282504,Plein jour,Hors agglomération,Hors intersection,Pluie forte,Deux véhicules - frontale,3,2,2,0,1,2,2,0,1,80,,4,2,0,1,1,51.0,68.0,,,1,1,1,3,1
202100029354,2021-07-07 15:15:00,2021,7,7,15,15,31,31163,D94,43.579108,1.601509,Plein jour,Hors agglomération,Hors intersection,Normale,Autre collision,7,2,2,0,2,1,1,0,3,80,,2,0,0,1,1,71.0,,,,1,1,1,1,6
202100029355,2021-07-12 08:30:00,2021,7,12,8,30,83,83031,Autoroute A8,43.401711,6.372628,Plein jour,Hors agglomération,Hors intersection,Normale,Autre collision,1,3,3,0,1,1,1,0,1,130,,3,2,0,0,1,50.0,,,,1,1,1,1,6
202100029356,2021-07-13 11:45:00,2021,7,13,11,45,41,41046,A71,47.667293,1.924136,Plein jour,Hors agglomération,Hors intersection,Pluie forte,Autre collision,1,1,1,0,1,1,2,9,8,50,,4,0,0,1,3,86.0,,,,1,1,1,3,6
202100029357,2021-07-12 22:00:00,2021,7,12,22,0,974,97414,Chemin du Piton,-21.285566,55.443599,Nuit sans éclairage public,En agglomération,Hors intersection,Normale,Sans collision,4,2,2,0,1,1,1,0,1,50,,1,0,0,1,0,21.0,,,,3,2,1,1,7
202100029358,2021-07-13 14:30:00,2021,7,13,14,30,71,71002,Route de chalon,46.7503930033,5.0371673571,Plein jour,Hors agglomération,Intersection en X,Normale,Deux véhicules - côté,3,2,2,0,1,1,1,0,1,80,,3,0,0,2,1,74.0,43.0,,,1,1,2,1,3
202100029359,2021-07-13 02:28:00,2021,7,13,2,28,12,12084,Autoroute A75 ,44.0520301098,3.0474181473,Nuit sans éclairage public,Hors agglomération,Hors intersection,Pluie légère,Autre collision,1,3,4,0,1,1,2,0,2,130,,2,0,0,1,1,20.0,,,,3,1,1,2,6
202100029360,2021-07-12 23:15:00,2021,7,12,23,15,44,44071,Rue de la Bonodière,47.213104,-1.431173,Nuit avec éclairage non allumé,En agglomération,Hors intersection,Normale,Sans collision,3,2,2,0,2,2,1,0,3,50,,2,1,0,1,0,19.0,,,,4,2,1,1,7
202100029361,2021-07-12 01:10:00,2021,7,12,1,10,56,56207,Kernestic,47.93192,-3.016848,Nuit sans éclairage public,Hors agglomération,Hors intersection,Normale,Autre collision,3,2,2,0,1,1,1,0,1,80,,1,0,1,0,0,27.0,,,,3,1,1,1,6
202100029362,2021-07-11 01:40:00,2021,7,11,1,40,56,56151,D767,48.010917,-2.905763,Nuit sans éclairage public,Hors agglomération,Hors intersection,Normale,Autre collision,3,2,2,0,1,1,1,0,3,80,,2,0,0,2,0,16.0,,,,3,1,1,1,6
202100029363,2021-07-12 11:30:00,2021,7,12,11,30,56,56243,Route de l Hippodrome,47.623333,-2.731218,Plein jour,En agglomération,Autre intersection,Normale,Deux véhicules - frontale,4,2,2,1,1,1,1,0,5,30,,2,1,0,0,1,24.0,37.0,,,1,2,9,1,1
202100029364,2021-07-13 08:20:00,2021,7,13,8,20,65,65362,62 avenue Jean Moulin,42.959186,-0.074431,Plein jour,En agglomération,Hors intersection,Pluie légère,Autre collision,3,2,2,0,1,1,2,0,1,50,,2,1,1,0,0,26.0,,,,1,2,1,2,6
202100029365,2021-07-12 21:27:00,2021,7,12,21,27,11,11043,Le Moulin,43.228062,2.435188,Crépuscule ou aube,Hors agglomération,Hors intersection,Normale,Trois véhicules et plus - collisions multiples,3,2,2,0,1,1,1,0,8,80,,6,1,1,4,0,22.0,,,,2,1,1,1,5
202100029366,2021-07-11 10:45:00,2021,7,11,10,45,89,89286,la croix rouge,47.756558,3.342462,Plein jour,Hors agglomération,Hors intersection,Normale,Deux véhicules - arrière,3,2,2,0,1,3,1,0,1,80,,2,1,0,1,0,76.0,74.0,,,1,1,1,1,2
202100029367,2021-07-12 23:30:00,2021,7,12,23,30,63,63210,Boulevard du Foirail,45.92152,3.325778,Nuit sans éclairage public,En agglomération,Autre intersection,Pluie légère,Autre collision,4,2,2,0,2,3,2,0,3,50,,1,0,0,0,1,20.0,,,,3,2,9,2,6
202100029368,2021-07-13 18:50:00,2021,7,13,18,50,12,12186,D999 - PK 100+500,43.876795,2.585451,Plein jour,Hors agglomération,Hors intersection,Pluie forte,Deux véhicules - côté,3,2,3,0,2,2,2,0,1,90,,3,0,0,0,3,19.0,55.0,,,1,1,1,3,3
202100029369,2021-07-12 14:00:00,2021,7,12,14,0,34,34051,D2,43.6047489885,3.4781490979,Plein jour,Hors agglomération,Hors intersection,Normale,Sans collision,3,2,2,0,1,1,1,0,3,90,,1,0,0,1,0,43.0,,,,1,1,1,1,7
202100029370,2021-07-12 18:34:00,2021,7,12,18,34,39,39434,,46.829331,5.717932,Plein jour,Hors agglomération,Hors intersection,Pluie forte,Deux véhicules - frontale,2,2,2,0,2,3,2,0,1,80,,3,0,0,1,2,75.0,40.0,,,1,1,1,3,1
202100029371,2021-07-08 13:45:00,2021,7,8,13,45,29,29183,Kerven Bras,48.576632,-3.596075,Plein jour,Hors agglomération,Hors intersection,Normale,Sans collision,4,2,2,0,2,2,1,0,3,80,,1,0,0,1,0,30.0,,,,1,1,1,1,7
202100029372,2021-06-26 18:45:00,2021,6,26,18,45,02,02464,RN2,49.424042,3.410338,Plein jour,Hors agglomération,Hors intersection,Normale,Deux véhicules - frontale,2,3,4,0,1,1,1,0,1,110,,3,2,1,0,0,27.0,46.0,,,1,1,1,1,1
202100029373,2021-07-12 21:21:00,2021,7,12,21,21,01,01035,D33,46.261299,5.782056,Crépuscule ou aube,Hors agglomération,Hors intersection,Pluie forte,Autre collision,3,2,2,0,1,2,2,0,1,80,,1,0,0,1,0,58.0,,,,2,1,1,3,6
202100029374,2021-07-13 08:15:00,2021,7,13,8,15,06,06151,M 6202,43.884137,7.190648,Plein jour,Hors agglomération,Hors intersection,Normale,Deux véhicules - frontale,9,2,2,0,1,2,1,0,1,70,,3,1,0,0,2,52.0,34.0,,,1,1,1,1,1
202100029375,2021-06-15 09:00:00,2021,6,15,9,0,14,14062,Rue du Viquet,49.291031,-0.434824,Plein jour,En agglomération,Hors intersection,Normale,Sans collision,4,2,2,0,1,1,1,0,1,50,,1,0,0,1,0,21.0,,,,1,2,1,1,7
202100029376,2021-07-20 14:55:00,2021,7,20,14,55,07,07181,Avenue Jean Jaurès,44.746246,4.748395,Plein jour,En agglomération,Intersection en T,Normale,Deux véhicules - frontale,3,2,2,0,1,1,1,0,1,50,,2,1,0,1,0,41.0,18.0,,,1,2,3,1,1
202100029377,2021-07-12 16:35:00,2021,7,12,16,35,53,53182,51 Rue des Rochers,48.108617,-0.967703,Plein jour,En agglomération,Hors intersection,Normale,Deux véhicules - frontale,4,2,2,0,2,3,1,0,1,50,,2,1,0,0,1,66.0,16.0,,,1,2,1,1,1
202100029378,2021-03-25 20:00:00,2021,3,25,20,0,40,40046,Avenue de Laouadie,44.41026,-1.163065,Nuit avec éclairage allumé,En agglomération,Hors intersection,Normale,Sans collision,3,2,2,0,1,1,1,0,1,50,,1,0,0,1,0,31.0,,,,5,2,1,1,7
202100029379,2021-07-08 19:45:00,2021,7,8,19,45,40,40269,Route de Peyrehorade,43.606585,-1.136495,Plein jour,En agglomération,Hors intersection,Normale,Sans collision,3,2,2,0,2,1,1,0,3,50,,1,0,0,1,0,64.0,,,,1,2,1,1,7
202100029380,2021-07-06 17:00:00,2021,7,6,17,0,85,85234,Route de Beauvoir,46.803996,-2.066288,Plein jour,Hors agglomération,Intersection en T,Normale,Deux véhicules - arrière,3,2,2,0,1,1,1,9,1,80,,2,1,0,1,0,27.0,73.0,,,1,1,3,1,2
202100029381,2021-07-13 09:30:00,2021,7,13,9,30,27,27065,Route départementale D675,49.348227,0.361723,Plein jour,Hors agglomération,Giratoire,Pluie légère,Sans collision,3,2,2,0,1,1,2,0,1,80,,2,1,0,1,0,36.0,20.0,,,1,1,6,2,7
202100029382,2021-07-12 00:45:00,2021,7,12,0,45,17,17486,Boulevard d Antioche,46.020595,-1.354866,Nuit sans éclairage public,En agglomération,Hors intersection,Normale,Sans collision,4,2,2,0,1,3,1,0,4,50,,1,0,1,0,0,47.0,,,,3,2,1,1,7
202100029383,2021-07-13 11:45:00,2021,7,13,11,45,38,38304,D115d,44.949107,5.766419,Plein jour,Hors agglomération,Hors intersection,Temps couvert,Deux véhicules - frontale,3,2,2,0,2,3,1,0,1,80,,3,2,0,1,0,30.0,23.0,,,1,1,1,8,1
202100029384,2021-07-09 16:04:00,2021,7,9,16,4,01,01032,A42,45.8626915245,5.1573689282,Plein jour,Hors agglomération,Hors intersection,Normale,Autre collision,1,3,5,0,1,1,1,0,3,130,,1,0,0,0,1,36.0,,,,1,1,1,1,6
202100029385,2021-07-11 18:30:00,2021,7,11,18,30,987,98745,Murifenua,-16.603066,-151.536331,Nuit sans éclairage public,Hors agglomération,Hors intersection,Normale,Trois véhicules et plus - collisions multiples,2,2,2,0,1,1,1,0,1,60,,5,1,0,3,1,30.0,26.0,,,3,1,1,1,5
202100029386,2021-07-13 13:15:00,2021,7,13,13,15,45,45317,A10-PK125 + 153,47.769438,1.572075,Plein jour,Hors agglomération,Hors intersection,Temps couvert,Autre collision,1,3,3,0,1,1,2,0,3,-1,,4,2,0,2,0,30.0,,,,1,1,1,8,6
202100029387,2021-07-12 03:39:00,2021,7,12,3,39,28,28199,A10,48.200183,1.850422,Nuit sans éclairage public,Hors agglomération,Hors intersection,Temps couvert,Deux véhicules - côté,1,3,3,0,1,1,2,0,3,130,,4,3,0,1,0,40.0,,,,3,1,1,8,3
202100029388,2021-07-13 10:50:00,2021,7,13,10,50,59,59623,A26 PK 147.6,50.0277319573,3.1710536403,Plein jour,Hors agglomération,Hors intersection,Temps couvert,Deux véhicules - arrière,1,3,4,0,4,1,1,0,1,130,,4,3,0,1,0,25.0,58.0,,,1,1,1,8,2
202100029389,2021-06-28 06:10:00,2021,6,28,6,10,988,98817,RPS1/BOULARI,-22.230723,166.525547,Plein jour,En agglomération,Hors intersection,Normale,Autre collision,3,3,4,0,1,1,1,0,1,50,,2,1,0,1,0,58.0,,,,1,2,1,1,6
202100029390,2021-07-12 18:57:00,2021,7,12,18,57,77,77364,D27,49.008164,2.769649,Plein jour,Hors agglomération,Intersection en X,Pluie légère,Deux véhicules - côté,3,2,2,0,1,1,2,0,1,80,,4,2,0,0,2,51.0,15.0,,,1,1,2,2,3
202100029391,2021-07-11 19:00:00,2021,7,11,19,0,77,77175,RD 305 PK 003,48.643742,2.625089,Plein jour,Hors agglomération,Hors intersection,Normale,Sans collision,3,2,2,0,1,2,1,0,3,80,,1,0,0,1,0,29.0,,,,1,1,1,1,7
202100029392,2021-07-13 05:00:00,2021,7,13,5,0,66,66008,Avenue de la Retirada 1939,42.564632,3.035941,Nuit sans éclairage public,En agglomération,Hors intersection,Normale,Autre collision,4,2,2,0,1,1,1,0,3,50,,2,0,1,1,0,22.0,,,,3,2,1,1,6
202100029393,2021-07-12 15:35:00,2021,7,12,15,35,30,30039,D6086,43.879509,4.483114,Plein jour,En agglomération,Intersection en T,Normale,Deux véhicules - côté,3,2,2,0,1,1,1,0,1,50,,4,2,0,1,1,74.0,56.0,,,1,2,3,1,3
202100029394,2021-07-13 13:30:00,2021,7,13,13,30,57,57288,20 Rue Abbe Cavelius,49.189459,6.673465,Plein jour,En agglomération,Hors intersection,Pluie forte,Autre collision,3,2,2,0,1,3,2,0,4,50,,1,0,0,1,0,57.0,,,,1,2,1,3,6
202100029395,2021-06-26 17:00:00,2021,6,26,17,0,74,74073,D32,46.346779,6.631858,Plein jour,Hors agglomération,Hors intersection,Normale,Deux véhicules - frontale,3,2,2,0,1,3,9,0,1,80,,2,1,0,1,0,56.0,45.0,,,1,1,1,1,1
202100029396,2021-07-12 09:35:00,2021,7,12,9,35,42,42066,Route de Montbrison,45.735594,4.178227,Plein jour,Hors agglomération,Hors intersection,Pluie légère,Autre collision,3,2,2,0,1,3,2,0,3,80,,1,0,0,1,0,44.0,,,,1,1,1,2,6
202100029397,2021-07-11 20:15:00,2021,7,11,20,15,01,01386,Chemin des épinettes,45.890843,5.357522,Plein jour,En agglomération,Hors intersection,Normale,Sans collision,4,2,2,0,1,2,1,0,3,50,,2,0,0,1,1,23.0,,,,1,2,1,1,7
202100029398,2021-07-08 10:10:00,2021,7,8,10,10,69,69288,JEAN MOULIN (AV),45.687108,5.049098,Plein jour,En agglomération,Hors intersection,Normale,Autre collision,3,2,2,0,1,1,1,0,3,50,,2,1,0,1,0,75.0,,,,1,2,1,1,6
202100029399,2021-07-12 18:40:00,2021,7,12,18,40,69,69055,112 Route Nationale 6,45.8790494274,4.746453166,Plein jour,Hors agglomération,Intersection en X,Pluie forte,Deux véhicules - côté,3,2,3,0,1,1,2,0,1,90,,2,1,0,1,0,37.0,30.0,,,1,1,2,3,3
202100029400,2021-07-12 18:05:00,2021,7,12,18,5,85,85178,Le Boucheau,46.749256,-1.455581,Plein jour,Hors agglomération,Hors intersection,Normale,Sans collision,3,2,2,0,1,2,1,0,1,80,,2,1,0,0,1,40.0,43.0,,,1,1,1,1,7
202100029401,2021-07-12 15:30:00,2021,7,12,15,30,62,62329,Rue du Hure,50.83024,1.776494,Plein jour,En agglomération,Intersection en T,Pluie forte,Deux véhicules - arrière,3,2,2,-1,1,1,2,0,1,-1,,2,1,0,0,1,60.0,65.0,,,1,2,3,3,2
202100029402,2021-07-12 17:15:00,2021,7,12,17,15,13,13005,A502-Sens Toulon par R.N. vers  Aubagne,43.28408,5.59232,Plein jour,Hors agglomération,Hors intersection,Normale,Sans collision,1,3,2,0,2,1,1,0,1,70,,1,0,0,1,0,21.0,,,,1,1,1,1,7
202100029403,2021-07-12 15:00:00,2021,7,12,15,0,91,91064,RN 118,48.74998,2.205,Plein jour,Hors agglomération,Hors intersection,Pluie légère,Deux véhicules - arrière,2,1,2,0,2,1,2,0,1,90,,2,1,0,0,1,21.0,35.0,,,1,1,1,2,2
202100029404,2021-07-12 14:26:00,2021,7,12,14,26,91,91340,AUTOROUTE A6,48.59936,2.4402,Plein jour,Hors agglomération,Hors intersection,Pluie forte,Sans collision,1,3,8,0,1,1,2,0,1,90,,1,0,0,0,1,25.0,,,,1,1,1,3,7
202100029405,2021-07-12 03:01:00,2021,7,12,3,1,77,77384,autoroute A5a,48.5992016898,2.6052106981,Nuit sans éclairage public,Hors agglomération,Autre intersection,Normale,Autre collision,1,1,8,0,1,1,1,0,2,110,,2,1,0,0,1,,,,,3,1,9,1,6
202100029406,2021-07-12 15:44:00,2021,7,12,15,44,78,78043,A12 W,48.841322,2.101545,Plein jour,Hors agglomération,Hors intersection,Normale,Deux véhicules - arrière,1,1,4,0,1,1,1,0,1,90,,3,2,0,0,1,61.0,42.0,,,1,1,1,1,2
202100029407,2021-07-12 22:15:00,2021,7,12,22,15,93,93078,AUTOROUTE A104,48.96083,2.52464,Nuit sans éclairage public,Hors agglomération,Hors intersection,Pluie légère,Autre collision,1,-1,6,0,1,1,2,0,2,90,,2,0,0,0,2,20.0,,,,3,1,1,2,6
202100029408,2021-07-12 16:37:00,2021,7,12,16,37,93,93013,AUTOROUTE A1,48.94144,2.42871,Plein jour,Hors agglomération,Hors intersection,Normale,Trois véhicules et plus - en chaîne,1,3,8,0,1,1,1,0,1,110,,5,3,0,0,2,47.0,22.0,,,1,1,1,1,4
202100029409,2021-07-12 14:30:00,2021,7,12,14,30,95,95241,RN 104,49.04595,2.45237,Plein jour,Hors agglomération,Hors intersection,Pluie forte,Autre collision,2,3,6,0,1,1,2,0,1,90,,1,0,0,0,1,37.0,,,,1,1,1,3,6
202100029410,2021-07-12 07:45:00,2021,7,12,7,45,95,95582,AUTOROUTE A15,48.96612,2.25712,Crépuscule ou aube,Hors agglomération,Hors intersection,Normale,Deux véhicules - côté,1,3,8,0,1,1,1,0,1,110,,2,1,0,0,1,57.0,43.0,,,2,1,1,1,3
202100029411,2021-07-11 03:50:00,2021,7,11,3,50,95,95018,A15,48.9614,2.26895,Nuit sans éclairage public,Hors agglomération,Hors intersection,Normale,Trois véhicules et plus - collisions multiples,1,3,11,0,1,1,1,0,1,110,,4,2,0,0,2,22.0,31.0,,,3,1,1,1,5
202100029412,2021-07-11 11:35:00,2021,7,11,11,35,93,93063,Avenue Lénine,48.88432,2.43002,Plein jour,En agglomération,Hors intersection,Normale,Autre collision,3,2,2,0,1,1,1,0,1,50,,2,1,0,0,1,71.0,,,,1,2,1,1,6
202100029413,2021-07-11 14:55:00,2021,7,11,14,55,976,97611,kaweni-Grande Traverse (rue de la),-12.77387,45.22287,Plein jour,En agglomération,Hors intersection,Normale,Sans collision,4,2,2,0,1,1,1,0,1,50,,3,1,0,0,2,19.0,48.0,,,1,2,1,1,7
202100029414,2021-07-11 15:00:00,2021,7,11,15,0,974,97411,PEPINIERE (CHEMIN DE LA),-20.89652,55.43894,Plein jour,En agglomération,Hors intersection,Normale,Sans collision,4,2,1,0,1,1,1,0,1,30,,1,0,0,0,1,43.0,,,,1,2,1,1,7
202100029415,2021-07-10 20:00:00,2021,7,10,20,0,974,97411,MONTAGNE (ROUTE DE LA),-20.88788,55.44107,Nuit sans éclairage public,Hors agglomération,Hors intersection,Normale,Autre collision,3,2,2,0,2,3,1,0,8,70,,1,0,0,0,1,49.0,,,,3,1,1,1,6
202100029416,2021-07-11 23:05:00,2021,7,11,23,5,69,69199,THIRARD (R),45.7096562542,4.8597188294,Crépuscule ou aube,En agglomération,Intersection en X,Normale,Autre collision,4,1,1,2,1,1,1,0,1,50,,3,2,0,0,1,30.0,,,,2,2,2,1,6