accident_id,datetime,annee,mois,jour,heure,minute,departement,commune_insee,adresse,latitude,longitude,luminosite,agglomeration,intersection,meteo,collision,catr,circ,nbv,vosp,prof,plan,surf,infra,situ,vma,nb_vehicules,nb_usagers,nb_indemnes,nb_tues,nb_blesses_hosp,nb_blesses_legers,age_cond_1,age_cond_2,veh_type_cond_1,veh_type_cond_2,lum_code,agg_code,int_code,atm_code,col_code
202100029417,2021-07-10 17:10:00,2021,7,10,17,10,971,97101,ROUTE DE CHAZEAU,16.28757,-61.48233,Plein jour,Hors agglomération,Hors intersection,Normale,Autre collision,3,2,2,0,1,2,1,0,4,70,,1,0,0,1,0,27.0,,,,1,1,1,1,6
202100029418,2021-07-10 11:05:00,2021,7,10,11,5,91,91201,RUE DE RIS,48.66468,2.41948,Plein jour,En agglomération,Intersection en X,Pluie légère,Deux véhicules - côté,3,2,4,0,1,1,2,5,1,50,,2,1,0,0,1,61.0,56.0,,,1,2,2,2,3
202100029419,2021-07-10 08:30:00,2021,7,10,8,30,90,90008,BELFORT (RUE DE),47.6251,6.8427,Plein jour,En agglomération,Hors intersection,Normale,Deux véhicules - arrière,3,2,2,0,2,1,1,0,1,50,,2,1,0,1,0,59.0,39.0,,,1,2,1,1,2
202100029420,2021-07-11 20:10:00,2021,7,11,20,10,83,83034,ROUTE DE LA MOUTONNE,43.1113519434,6.051305294,Plein jour,En agglomération,Hors intersection,Normale,Autre collision,7,2,2,0,2,3,1,0,3,80,,1,0,0,1,0,31.0,,,,1,2,1,1,6
202100029421,2021-06-06 16:30:00,2021,6,6,16,30,83,83050,FOCH(BOULEVARD DU MARECHAL),43.53862,6.46251,Plein jour,En agglomération,Autre intersection,Normale,Autre collision,3,2,2,0,2,1,1,9,1,50,,2,1,0,1,0,21.0,,,,1,2,9,1,6
202100029422,2021-07-10 21:18:00,2021,7,10,21,18,65,65440,FORGES (AVENUE DES),43.24025,0.08187,Plein jour,En agglomération,Hors intersection,Normale,Deux véhicules - côté,3,2,2,0,1,1,1,0,1,50,,2,1,0,0,1,50.0,28.0,,,1,2,1,1,3
202100029423,2021-07-11 23:10:00,2021,7,11,23,10,64,64024,MAIGNON (ROUTE DE),43.4726,-1.4991,Nuit avec éclairage allumé,Hors agglomération,Giratoire,Pluie légère,Deux véhicules - frontale,4,2,2,0,1,1,2,0,1,50,,3,1,0,0,2,44.0,48.0,,,5,1,6,2,1
202100029424,2021-07-11 13:10:00,2021,7,11,13,10,64,64102,SOULT (AVENUE MARECHAL),43.48738,-1.48477,Plein jour,En agglomération,Hors intersection,Normale,Sans collision,3,2,2,3,2,1,1,0,1,50,,2,0,0,0,2,52.0,,,,1,2,1,1,7
202100029425,2021-07-11 09:00:00,2021,7,11,9,0,59,59512,SALENGRO  (AVENUE ROGER),50.6774228401,3.1991940737,Plein jour,En agglomération,Intersection en T,Normale,Deux véhicules - côté,7,3,4,0,1,1,1,5,1,50,,2,1,0,0,1,75.0,44.0,,,1,2,3,1,3
202100029426,2021-07-10 11:05:00,2021,7,10,11,5,51,51454,Boulevard Marcellin Berthelot,49.27207,4.06515,Plein jour,En agglomération,Intersection en T,Normale,Deux véhicules - côté,4,2,2,0,1,1,1,0,1,50,,2,0,0,0,2,33.0,23.0,,,1,2,3,1,3
202100029427,2021-07-11 16:21:00,2021,7,11,16,21,49,49007,GUYNEMER RUE ET SQUARE,47.45282,-0.5512,Plein jour,En agglomération,Intersection en T,Normale,Autre collision,4,2,2,0,1,1,1,0,1,50,,3,1,0,0,2,36.0,,,,1,2,3,1,6
202100029428,2021-07-11 20:50:00,2021,7,11,20,50,47,47001,LIBERTE (BOULEVARD DE LA),44.19934,0.6215,Plein jour,En agglomération,Intersection en X,Normale,Deux véhicules - côté,3,2,2,0,1,1,1,0,1,50,,4,2,0,0,2,20.0,22.0,,,1,2,2,1,3
202100029429,2021-07-11 19:02:00,2021,7,11,19,2,37,37261,BERANGER (BOULEVARD),47.389700743,0.6859403848,Plein jour,En agglomération,Autre intersection,Normale,Deux véhicules - arrière,4,-1,2,0,1,1,1,6,1,50,,2,1,0,0,1,25.0,46.0,,,1,2,9,1,2
202100029430,2021-07-11 10:35:00,2021,7,11,10,35,35,35238,SERGENT MAGINOT (AVENUE),48.10998,-1.65754,Plein jour,En agglomération,Autre intersection,Normale,Deux véhicules - arrière,4,1,1,2,1,1,1,0,5,50,,2,1,0,0,1,24.0,22.0,,,1,2,9,1,2
202100029431,2021-07-11 02:22:00,2021,7,11,2,22,29,29039,Chemin de Parc Menez,47.9038549999,-3.9376219017,Nuit sans éclairage public,Hors agglomération,Hors intersection,Normale,Autre collision,4,2,2,0,2,2,1,0,3,80,,2,0,0,0,2,24.0,,,,3,1,1,1,6
202100029432,2021-07-11 16:50:00,2021,7,11,16,50,29,29019,Rue Anatole France,48.38185,-4.52528,Plein jour,En agglomération,Hors intersection,Normale,Autre collision,4,-1,2,0,2,1,1,0,1,50,,2,1,0,0,1,,,,,1,2,1,1,6
202100029433,2021-07-11 23:00:00,2021,7,11,23,0,17,17300,GUITON   AVENUE JEAN,46.160349,-1.169802,Nuit avec éclairage allumé,En agglomération,Hors intersection,Normale,Sans collision,4,2,2,0,1,1,1,0,1,50,,2,1,0,0,1,26.0,,,,5,2,1,1,7
202100029434,2021-07-11 19:45:00,2021,7,11,19,45,13,13209,MARÉCHAL DE LATTRE (AVENUE),43.24653,5.40816,Plein jour,En agglomération,Intersection en T,Normale,Deux véhicules - côté,7,2,2,0,1,1,1,0,1,50,,2,1,0,0,1,,21.0,,,1,2,3,1,3
202100029435,2021-07-11 18:00:00,2021,7,11,18,0,13,13211,JEAN TCHORLOU (rd pt),43.2900061634,5.4942952006,Plein jour,En agglomération,Autre intersection,Normale,Deux véhicules - côté,4,1,2,0,1,2,1,0,1,50,,1,0,0,0,1,27.0,,,,1,2,9,1,3
202100029436,2021-07-11 04:00:00,2021,7,11,4,0,13,13208,MENDES FRANCE (AVENUE),43.2555039459,5.3764447443,Nuit avec éclairage allumé,En agglomération,Hors intersection,Normale,Deux véhicules - frontale,4,2,6,0,1,1,1,0,1,50,,2,1,0,1,0,,,,,5,2,1,1,1
202100029437,2021-07-11 03:35:00,2021,7,11,3,35,13,13202,PORT (QUAI DU),43.29538,5.3646,Nuit avec éclairage allumé,En agglomération,Intersection en X,Normale,Deux véhicules - frontale,4,2,4,3,1,1,1,5,1,50,,1,0,0,1,0,39.0,,,,5,2,2,1,1
202100029438,2021-07-11 06:30:00,2021,7,11,6,30,06,06069,GENETS (AVENUE DES),43.674002,6.905571,Plein jour,En agglomération,Hors intersection,Normale,Sans collision,4,2,2,0,2,1,1,0,1,50,,1,0,0,0,1,34.0,,,,1,2,1,1,7
202100029439,2021-07-10 09:10:00,2021,7,10,9,10,75,75118,ECHANGEUR CHAPELLE,48.900891,2.355747,Plein jour,En agglomération,Intersection en Y,Normale,Deux véhicules - côté,4,1,2,0,1,2,1,0,1,50,,3,1,0,0,2,32.0,27.0,,,1,2,4,1,3
202100029440,2021-07-11 16:20:00,2021,7,11,16,20,75,75114,AVENUE DU GENERAL LECLERC,48.828801,2.327707,Plein jour,En agglomération,Intersection en Y,Normale,Autre collision,4,2,5,2,1,1,1,0,5,50,,3,2,0,0,1,29.0,,,,1,2,4,1,6
202100029441,2021-07-11 04:45:00,2021,7,11,4,45,75,75112,BOULEVARD DIDEROT,48.846106,2.376011,Nuit avec éclairage allumé,En agglomération,Intersection en X,Normale,Deux véhicules - côté,4,1,2,0,1,1,1,0,1,50,,2,1,0,0,1,33.0,27.0,,,5,2,2,1,3
202100029442,2021-07-11 15:15:00,2021,7,11,15,15,75,75111,BOULEVARD BEAUMARCHAIS,48.855385,2.368634,Plein jour,En agglomération,Hors intersection,Normale,Deux véhicules - arrière,4,2,4,0,1,1,1,0,1,50,,2,1,0,0,1,60.0,21.0,,,1,2,1,1,2
202100029443,2021-07-11 14:20:00,2021,7,11,14,20,75,75110,BOULEVARD SAINT DENIS,48.869332,2.354258,Plein jour,En agglomération,Intersection en X,Normale,Deux véhicules - arrière,4,2,3,0,1,1,1,0,1,50,,2,1,0,0,1,56.0,27.0,,,1,2,2,1,2
202100029444,2021-07-11 19:28:00,2021,7,11,19,28,75,75108,PLACE DE L ALMA,48.864712,2.301391,Plein jour,En agglomération,Place,Normale,Deux véhicules - côté,4,2,4,0,1,1,1,5,1,50,,2,1,0,0,1,43.0,,,,1,2,7,1,3
202100029445,2021-07-11 12:25:00,2021,7,11,12,25,75,75108,PLACE DE LA CONCORDE,48.864378,2.320212,Plein jour,En agglomération,Place,Normale,Deux véhicules - côté,4,2,3,0,1,1,1,0,1,50,,3,1,0,0,2,57.0,20.0,,,1,2,7,1,3
202100029446,2021-07-11 02:40:00,2021,7,11,2,40,75,75108,PLACE DE LA CONCORDE,48.864087,2.320112,Nuit avec éclairage allumé,En agglomération,Place,Normale,Deux véhicules - côté,4,2,8,0,1,1,1,0,1,50,,2,1,0,0,1,29.0,31.0,,,5,2,7,1,3
202100029447,2021-07-10 20:50:00,2021,7,10,20,50,75,75108,AVENUE DES CHAMPS ELYSEES,48.873088,2.297255,Plein jour,En agglomération,Intersection en T,Normale,Deux véhicules - côté,4,2,8,0,1,1,1,0,1,50,,2,1,0,0,1,41.0,21.0,,,1,2,3,1,3
202100029448,2021-07-10 17:45:00,2021,7,10,17,45,75,75102,RUE DE LA PAIX,48.868903,2.330895,Plein jour,En agglomération,Hors intersection,Temps couvert,Deux véhicules - côté,4,2,2,0,1,1,2,0,1,50,,3,2,0,0,1,49.0,45.0,,,1,2,1,8,3
202100029449,2021-07-10 09:30:00,2021,7,10,9,30,94,94038,Avenue Jules Gravereaux,48.776541,2.330261,Plein jour,En agglomération,Hors intersection,Normale,Autre collision,4,2,2,0,3,2,1,0,4,50,,1,0,0,0,1,27.0,,,,1,2,1,1,6
202100029450,2021-07-11 21:30:00,2021,7,11,21,30,93,93071,Avenue John Fitzgerald Kennedy,48.938599,2.513138,Crépuscule ou aube,En agglomération,Autre intersection,Normale,Deux véhicules - arrière,3,2,2,1,1,1,1,9,1,50,,3,2,0,0,1,37.0,,,,2,2,9,1,2
202100029451,2021-07-11 04:25:00,2021,7,11,4,25,93,93064,QUATRIEME ZOUAVES (RUE DU),48.87255,2.4768,Nuit avec éclairage allumé,En agglomération,Autre intersection,Normale,Deux véhicules - frontale,3,1,0,0,2,1,1,0,1,50,,1,0,0,0,1,21.0,,,,5,2,9,1,1
202100029452,2021-07-11 07:50:00,2021,7,11,7,50,93,93046,STANISLAS KUBACKI ALLEE,48.92405,2.53468,Plein jour,En agglomération,Intersection en X,Normale,Autre collision,4,-1,2,0,1,1,1,0,4,50,,2,1,0,0,1,26.0,50.0,,,1,2,2,1,6
202100029453,2021-07-11 18:30:00,2021,7,11,18,30,93,93006,Avenue Raspail,48.875124,2.42993,Plein jour,En agglomération,Hors intersection,Normale,Autre collision,3,2,2,0,1,1,1,0,1,50,,2,0,0,0,2,19.0,,,,1,2,1,1,6
202100029454,2021-07-11 18:15:00,2021,7,11,18,15,92,92048,Rue de Paris,48.817431875,2.2486916184,Plein jour,En agglomération,Hors intersection,Normale,Deux véhicules - côté,4,2,2,0,4,3,1,0,1,50,,2,1,0,0,1,60.0,25.0,,,1,2,1,1,3
202100029455,2021-07-11 13:30:00,2021,7,11,13,30,92,92012,SAUSSIERE (RUE DE LA),48.8377463104,2.2403759029,Plein jour,En agglomération,Intersection en X,Normale,Deux véhicules - côté,4,1,1,0,1,1,1,0,1,30,,2,1,0,0,1,19.0,25.0,,,1,2,2,1,3
202100029456,2021-07-11 04:30:00,2021,7,11,4,30,92,92007,LINCOLN (RUE ABRAHAM),48.790363615,2.3183566332,Nuit avec éclairage allumé,En agglomération,Hors intersection,Normale,Autre collision,4,2,2,0,1,1,1,0,1,50,,2,1,0,0,1,21.0,,,,5,2,1,1,6
202100029457,2021-07-11 10:15:00,2021,7,11,10,15,50,50115,la porte,48.779574,-1.40802,Plein jour,Hors agglomération,Hors intersection,Normale,Autre collision,3,2,2,0,1,2,1,0,1,80,,2,1,1,0,0,20.0,,,,1,1,1,1,6
202100029458,2021-07-12 08:00:00,2021,7,12,8,0,08,08032,pk 36 D25,49.362085,4.342132,Plein jour,Hors agglomération,Hors intersection,Temps couvert,Sans collision,3,2,2,0,1,2,2,0,3,80,,1,0,0,0,1,22.0,,,,1,1,1,8,7
202100029459,2021-07-10 10:10:00,2021,7,10,10,10,01,01443,Rue du Commerce,46.001495,5.029263,Plein jour,En agglomération,Intersection en T,Normale,Autre collision,4,2,2,0,1,1,1,0,1,30,,2,1,0,1,0,27.0,,,,1,2,3,1,6
202100029460,2021-07-04 20:00:00,2021,7,4,20,0,91,91549,Avenue du Hurepoix,48.625019,2.345406,Plein jour,Hors agglomération,Hors intersection,Pluie légère,Trois véhicules et plus - en chaîne,3,2,2,0,1,2,2,0,1,50,,8,6,0,1,1,25.0,31.0,,,1,1,1,2,4
202100029461,2021-07-11 19:50:00,2021,7,11,19,50,31,31454,Route de l Isle En Dodon,43.403736,1.078181,Plein jour,Hors agglomération,Hors intersection,Normale,Autre collision,3,2,2,0,2,3,1,0,3,80,,1,0,0,0,1,68.0,,,,1,1,1,1,6
202100029462,2021-07-11 20:30:00,2021,7,11,20,30,28,28015,Autoroute Oceane - A11,48.512177,1.767249,Plein jour,Hors agglomération,Hors intersection,Normale,Deux véhicules - côté,1,3,3,0,3,1,1,0,1,130,,6,2,1,0,3,35.0,41.0,,,1,1,1,1,3
202100029463,2021-07-12 00:30:00,2021,7,12,0,30,22,22093,RN12 PR 36+500,48.455648,-2.501664,Nuit sans éclairage public,Hors agglomération,Hors intersection,Normale,Sans collision,2,3,2,0,1,1,1,0,1,110,,3,0,0,1,2,44.0,,,,3,1,1,1,7
202100029464,2021-07-11 16:25:00,2021,7,11,16,25,58,58002,Les Jaudoux,47.437464,3.101256,Plein jour,Hors agglomération,Hors intersection,Normale,Sans collision,3,2,2,0,1,1,1,0,3,80,,2,1,0,1,0,69.0,,,,1,1,1,1,7
202100029465,2021-07-10 16:15:00,2021,7,10,16,15,62,62571,Rue Joseph Daubrège 156,50.457211,1.613046,Plein jour,En agglomération,Hors intersection,Pluie légère,Deux véhicules - frontale,3,2,2,0,1,1,2,0,1,50,,4,2,0,0,2,35.0,56.0,,,1,2,1,2,1
202100029466,2021-07-11 09:55:00,2021,7,11,9,55,62,62835,Rue de Saint-Pol,50.431561,2.375509,Plein jour,En agglomération,Hors intersection,Normale,Autre collision,3,2,2,0,1,1,1,0,3,50,,2,0,0,1,1,64.0,,,,1,2,1,1,6
202100029467,2021-06-17 14:10:00,2021,6,17,14,10,57,57426,D2,49.262988,6.308749,Plein jour,Hors agglomération,Hors intersection,Normale,Autre collision,3,2,2,0,1,1,1,0,8,80,,1,0,0,1,0,64.0,,,,1,1,1,1,6
202100029468,2021-07-11 16:15:00,2021,7,11,16,15,19,19138,Route de la Foucherie,45.051048,1.679943,Plein jour,Hors agglomération,Hors intersection,Normale,Trois véhicules et plus - collisions multiples,3,2,2,0,2,1,1,0,1,-1,,3,2,0,1,0,43.0,59.0,,,1,1,1,1,5
202100029469,2021-07-12 15:15:00,2021,7,12,15,15,19,19079,Route du Coteau,45.437611,1.621749,Plein jour,Hors agglomération,Hors intersection,Normale,Deux véhicules - frontale,4,2,2,0,1,2,1,0,1,70,,2,1,0,1,0,16.0,52.0,,,1,1,1,1,1
202100029470,2021-07-12 07:30:00,2021,7,12,7,30,56,56094,Lieu Dit Lopriac,47.75779,-3.207085,Plein jour,Hors agglomération,Intersection en X,Normale,Deux véhicules - côté,3,2,2,0,2,2,1,0,1,80,,2,0,1,0,1,38.0,20.0,,,1,1,2,1,3
202100029471,2021-07-09 20:15:00,2021,7,9,20,15,56,56164,Rue de Ker Anna,47.655383,-2.868754,Plein jour,En agglomération,Giratoire,Normale,Autre collision,4,2,2,0,1,2,1,5,4,30,,4,1,0,2,1,32.0,,,,1,2,6,1,6
202100029472,2021-06-27 21:40:00,2021,6,27,21,40,59,59580,route departementale 37,50.820438,2.573955,Nuit sans éclairage public,Hors agglomération,Hors intersection,Pluie forte,Deux véhicules - frontale,3,2,2,0,1,3,3,0,1,80,,3,2,0,1,0,29.0,45.0,,,3,1,1,3,1
202100029473,2021-07-12 00:15:00,2021,7,12,0,15,79,79202,,46.63603,-0.246012,Nuit avec éclairage allumé,En agglomération,Giratoire,Pluie légère,Deux véhicules - côté,3,2,2,0,1,1,2,0,1,50,,4,2,0,0,2,21.0,65.0,,,5,2,6,2,3
202100029474,2021-07-10 09:50:00,2021,7,10,9,50,2A,2A040,D27,42.065722,9.046755,Plein jour,Hors agglomération,Hors intersection,Normale,Deux véhicules - frontale,3,2,2,0,2,2,1,0,1,80,,2,0,0,2,0,45.0,52.0,,,1,1,1,1,1
202100029475,2021-07-06 00:30:00,2021,7,6,0,30,11,11129,route départementale 46,42.915126,2.226743,Nuit sans éclairage public,Hors agglomération,Hors intersection,Normale,Autre collision,3,2,2,0,2,2,1,2,1,80,,4,1,0,0,3,18.0,,,,3,1,1,1,6
202100029476,2021-07-12 02:00:00,2021,7,12,2,0,11,11288,RD 629,43.261425,2.246146,Nuit sans éclairage public,Hors agglomération,Hors intersection,Normale,Autre collision,3,2,2,0,1,1,1,0,3,80,,3,2,0,1,0,21.0,,,,3,1,1,1,6
202100029477,2021-07-11 21:40:00,2021,7,11,21,40,71,71001,Route de Tournus,46.5773519002,4.9571943279,Nuit sans éclairage public,Hors agglomération,Hors intersection,Normale,Autre collision,3,2,1,0,1,1,1,0,3,80,,1,0,1,0,0,37.0,,,,3,1,1,1,6
202100029478,2021-07-11 16:20:00,2021,7,11,16,20,71,71135,Rue des Carrieres,46.4345152952,4.8278523864,Plein jour,Hors agglomération,Hors intersection,Normale,Sans collision,4,2,1,0,2,2,9,0,1,80,,1,0,0,1,0,33.0,,,,1,1,1,1,7
202100029479,2021-07-12 10:18:00,2021,7,12,10,18,55,55291,Route Nationale 4,48.674229,5.299315,Plein jour,Hors agglomération,Hors intersection,Pluie légère,Sans collision,2,3,4,0,2,1,2,0,1,110,,3,0,0,0,3,24.0,,,,1,1,1,2,7
202100029480,2021-07-02 04:50:00,2021,7,2,4,50,49,49018,Rue Principale (Échemiré),47.551501,-0.167877,Crépuscule ou aube,En agglomération,Hors intersection,Normale,Deux véhicules - frontale,3,2,2,0,2,1,1,0,1,50,,2,1,0,1,0,23.0,31.0,,,2,2,1,1,1
202100029481,2021-07-09 14:25:00,2021,7,9,14,25,49,49050,pk 5 D90,47.325807,-0.39422,Plein jour,Hors agglomération,Intersection en X,Temps couvert,Deux véhicules - côté,3,2,2,0,1,1,1,0,1,80,,2,0,0,0,2,17.0,45.0,,,1,1,2,8,3
202100029482,2021-07-11 13:40:00,2021,7,11,13,40,12,12101,840 Route de Saint Jacques,44.570171,2.279727,Plein jour,Hors agglomération,Hors intersection,Normale,Autre collision,3,2,2,0,3,2,1,0,1,80,,1,0,0,0,1,75.0,,,,1,1,1,1,6
202100029483,2021-07-11 21:07:00,2021,7,11,21,7,46,46040,Lieu dit guillot,44.531392,1.553712,Plein jour,Hors agglomération,Hors intersection,Normale,Autre collision,3,2,2,0,2,2,1,0,1,80,,2,1,0,1,0,28.0,,,,1,1,1,1,6
202100029484,2021-07-11 18:00:00,2021,7,11,18,0,47,47162,Lieu-dit Garry,44.348558,0.861139,Plein jour,Hors agglomération,Hors intersection,Normale,Autre collision,3,2,2,0,1,3,9,0,3,80,,3,2,0,1,0,18.0,,,,1,1,1,1,6
202100029485,2021-07-11 14:30:00,2021,7,11,14,30,86,86150,Intersection D30 / D738,46.744919,0.042272,Plein jour,Hors agglomération,Intersection en X,Normale,Deux véhicules - côté,3,2,2,0,1,1,1,0,1,-1,,4,3,0,1,0,31.0,70.0,,,1,1,2,1,3
202100029486,2021-07-11 17:40:00,2021,7,11,17,40,68,68062,D419,47.628593,7.221596,Plein jour,Hors agglomération,Intersection en T,Temps éblouissant,Deux véhicules - frontale,3,2,2,0,1,1,1,5,1,80,,2,1,0,0,1,20.0,36.0,,,1,1,3,7,1
202100029487,2021-07-11 18:00:00,2021,7,11,18,0,68,68152,Chemin des Vignerons,47.67081,7.272472,Plein jour,En agglomération,Hors intersection,Normale,Sans collision,9,2,1,0,2,1,1,0,1,50,,2,1,0,1,0,15.0,,,,1,2,1,1,7
202100029488,2021-07-11 15:00:00,2021,7,11,15,0,22,22181,Lieu Dit Kerauter,48.221156612,-3.1977667676,Plein jour,Hors agglomération,Hors intersection,Normale,Sans collision,3,2,2,0,1,1,1,0,3,80,,2,0,0,2,0,54.0,,,,1,1,1,1,7
202100029489,2021-07-10 16:19:00,2021,7,10,16,19,22,22245,D93,48.644568,-3.333817,Plein jour,Hors agglomération,Intersection en T,Normale,Deux véhicules - côté,3,2,2,0,1,1,1,0,1,80,,2,0,0,0,2,20.0,21.0,,,1,1,3,1,3
202100029490,2021-07-11 10:56:00,2021,7,11,10,56,39,39441,,46.421559,6.066341,Plein jour,Hors agglomération,Hors intersection,Normale,Deux véhicules - frontale,3,2,2,0,1,2,1,0,1,80,,2,0,0,1,1,45.0,39.0,,,1,1,1,1,1
202100029491,2021-07-12 02:00:00,2021,7,12,2,0,25,25133,N57,47.308547,5.992109,Nuit sans éclairage public,Hors agglomération,Hors intersection,Normale,Deux véhicules - frontale,2,2,2,0,1,1,1,0,1,70,,2,0,0,0,2,24.0,36.0,,,3,1,1,1,1
202100029492,2021-07-10 10:45:00,2021,7,10,10,45,25,25317,Grande Rue,47.252608,5.713057,Plein jour,Hors agglomération,Hors intersection,Normale,Sans collision,3,2,1,0,1,1,1,0,1,50,,1,0,0,1,0,39.0,,,,1,1,1,1,7
202100029493,2021-07-11 20:45:00,2021,7,11,20,45,44,44003,Boulevard de la Prairie,47.374276,-1.196802,Plein jour,En agglomération,Intersection en X,Normale,Deux véhicules - côté,6,-1,-1,0,2,1,1,0,1,50,,2,1,0,0,1,17.0,27.0,,,1,2,2,1,3
202100029494,2021-07-08 14:05:00,2021,7,8,14,5,35,35211,D773,47.992584,-2.142694,Plein jour,Hors agglomération,Hors intersection,Temps couvert,Autre collision,3,2,2,0,1,1,1,0,1,80,,3,2,1,0,0,52.0,,,,1,1,1,8,6
202100029495,2021-07-01 18:30:00,2021,7,1,18,30,35,35277,Le Pont Hervil,48.112886,-2.075394,Plein jour,Hors agglomération,Autre intersection,Normale,Autre collision,4,2,2,0,1,3,1,0,3,80,,1,0,0,1,0,26.0,,,,1,1,9,1,6
202100029496,2021-07-11 03:00:00,2021,7,11,3,0,31,31255,N125,43.046691,0.591223,Nuit sans éclairage public,Hors agglomération,Hors intersection,Normale,Deux véhicules - frontale,2,2,2,0,1,2,1,0,1,80,,2,0,0,1,1,34.0,53.0,,,3,1,1,1,1
202100029497,2021-07-11 12:15:00,2021,7,11,12,15,38,38561,Chemin de la Madone,45.311073,5.212138,Plein jour,En agglomération,Hors intersection,Normale,Autre collision,3,2,1,0,2,1,1,0,1,50,,1,0,0,1,0,22.0,,,,1,2,1,1,6
202100029498,2021-07-11 19:50:00,2021,7,11,19,50,03,03264,Avenue de Thiers,46.065612,3.465199,Plein jour,En agglomération,Intersection en X,Normale,Deux véhicules - côté,3,2,2,0,1,1,1,0,1,50,,2,1,0,1,0,33.0,22.0,,,1,2,2,1,3
202100029499,2021-07-12 11:45:00,2021,7,12,11,45,03,03290,n7,46.635047,3.278472,Plein jour,Hors agglomération,Hors intersection,Pluie forte,Deux véhicules - frontale,2,2,2,0,1,1,2,0,1,50,,2,1,0,1,0,39.0,32.0,,,1,1,1,3,1
202100029500,2021-07-10 20:50:00,2021,7,10,20,50,03,03092,Le Bois,46.418353,3.197263,Plein jour,Hors agglomération,Hors intersection,Normale,Deux véhicules - frontale,3,2,2,0,1,3,1,0,1,90,,2,1,0,1,0,16.0,65.0,,,1,1,1,1,1
202100029501,2021-07-12 12:15:00,2021,7,12,12,15,15,15084,6 Cazillac,44.750898,2.466083,Plein jour,Hors agglomération,Intersection en T,Pluie légère,Sans collision,4,2,2,0,2,3,9,0,1,90,,1,0,0,0,1,50.0,,,,1,1,3,2,7
202100029502,2021-07-11 17:15:00,2021,7,11,17,15,70,70452,D8,47.556198,6.027331,Plein jour,Hors agglomération,Hors intersection,Normale,Deux véhicules - côté,3,2,2,0,1,1,1,0,1,80,,2,0,0,1,1,45.0,41.0,,,1,1,1,1,3
202100029503,2021-07-10 16:40:00,2021,7,10,16,40,54,54435,Au Chateau,48.978864,5.994082,Plein jour,En agglomération,Hors intersection,Normale,Sans collision,4,2,2,0,1,1,1,0,1,50,,1,0,0,1,0,48.0,,,,1,2,1,1,7
202100029504,2021-07-12 01:12:00,2021,7,12,1,12,06,06150,Avenue de Cap d Ail,43.731352,7.394271,Nuit sans éclairage public,Hors agglomération,Hors intersection,Normale,Autre collision,3,2,2,0,2,2,1,0,1,80,,1,0,0,1,0,22.0,,,,3,1,1,1,6
202100029505,2021-07-12 12:15:00,2021,7,12,12,15,14,14504,D51,49.207883,0.33938,Plein jour,Hors agglomération,Intersection en X,Pluie légère,Deux véhicules - côté,3,2,2,0,2,1,2,0,1,80,,2,1,0,1,0,19.0,45.0,,,1,1,2,2,3
202100029506,2021-06-06 10:30:00,2021,6,6,10,30,64,64504,Saint-Pée-sur-Nivelle,43.333729,-1.578225,Plein jour,Hors agglomération,Hors intersection,Normale,Sans collision,4,-1,2,0,1,2,1,0,1,-1,,1,0,0,0,1,36.0,,,,1,1,1,1,7
202100029507,2021-07-12 11:50:00,2021,7,12,11,50,73,73312,D201c,45.663347,6.311126,Plein jour,Hors agglomération,Intersection en X,Normale,Deux véhicules - frontale,3,2,2,0,2,3,1,0,1,80,,2,1,0,1,0,27.0,64.0,,,1,1,2,1,1
202100029508,2021-07-10 22:37:00,2021,7,10,22,37,18,18186,7 rue La Fontaine,47.098577,2.173893,Nuit avec éclairage allumé,En agglomération,Hors intersection,Normale,Autre collision,3,2,2,0,2,4,1,0,4,50,,1,0,0,1,0,33.0,,,,5,2,1,1,6
202100029509,2021-07-12 17:55:00,2021,7,12,17,55,16,16012,Lieu-Dit Le Peu,45.598771,-0.319998,Plein jour,Hors agglomération,Hors intersection,Normale,Trois véhicules et plus - collisions multiples,3,2,2,0,2,4,1,0,1,80,,7,1,0,2,4,20.0,48.0,,,1,1,1,1,5
202100029510,2021-07-01 23:55:00,2021,7,1,23,55,40,40287,Route de Biscarrosse,44.463237,-1.089406,Nuit sans éclairage public,Hors agglomération,Hors intersection,Normale,Sans collision,3,3,2,0,1,2,1,0,3,80,,1,0,0,1,0,45.0,,,,3,1,1,1,7
202100029511,2021-07-11 15:20:00,2021,7,11,15,20,04,04176,RD 111,43.760537,6.148047,Plein jour,Hors agglomération,Hors intersection,Normale,Sans collision,3,2,2,0,1,1,1,0,1,80,,1,0,0,0,1,28.0,,,,1,1,1,1,7
202100029512,2021-07-11 16:30:00,2021,7,11,16,30,85,85018,D948 - les ménites,46.92157,-2.09231,Plein jour,Hors agglomération,Hors intersection,Normale,Autre collision,3,2,2,0,1,1,1,0,1,80,,1,0,0,1,0,19.0,,,,1,1,1,1,6
202100029513,2021-07-11 23:25:00,2021,7,11,23,25,27,27476,Côte du Mont Morel,49.32012,0.47636,Nuit sans éclairage public,En agglomération,Hors intersection,Temps couvert,Sans collision,4,2,1,0,2,1,2,0,1,50,,1,0,0,1,0,44.0,,,,3,2,1,8,7