accident_id,datetime,annee,mois,jour,heure,minute,departement,commune_insee,adresse,latitude,longitude,luminosite,agglomeration,intersection,meteo,collision,catr,circ,nbv,vosp,prof,plan,surf,infra,situ,vma,nb_vehicules,nb_usagers,nb_indemnes,nb_tues,nb_blesses_hosp,nb_blesses_legers,age_cond_1,age_cond_2,veh_type_cond_1,veh_type_cond_2,lum_code,agg_code,int_code,atm_code,col_code
202100029514,2021-07-12 13:35:00,2021,7,12,13,35,08,08406,D982,49.373935,4.708393,Plein jour,Hors agglomération,Hors intersection,Pluie légère,Deux véhicules - frontale,3,2,2,0,1,4,2,2,1,70,,2,1,0,1,0,21.0,23.0,,,1,1,1,2,1
202100029515,2021-07-12 07:50:00,2021,7,12,7,50,74,74256,A40,45.954932,6.635672,Plein jour,Hors agglomération,Hors intersection,Normale,Autre collision,1,-1,2,0,1,1,1,0,1,130,,1,0,0,1,0,42.0,,,,1,1,1,1,6
202100029516,2021-07-11 14:10:00,2021,7,11,14,10,63,63276,A89 Pk 426+850,45.8548802854,3.4737350299,Plein jour,Hors agglomération,Hors intersection,Temps éblouissant,Trois véhicules et plus - collisions multiples,1,3,4,0,1,1,1,0,1,130,,10,6,0,0,4,33.0,82.0,,,1,1,1,7,5
202100029517,2021-07-12 11:45:00,2021,7,12,11,45,25,25440,RN.57,47.005236,6.326666,Plein jour,Hors agglomération,Hors intersection,Normale,Trois véhicules et plus - collisions multiples,2,2,2,0,2,1,1,0,1,80,,6,4,0,1,1,35.0,71.0,,,1,1,1,1,5
202100029518,2021-07-12 00:30:00,2021,7,12,0,30,17,17444,Autoroute A10 PK 446.500,45.691848,-0.647657,Nuit sans éclairage public,Hors agglomération,Hors intersection,Pluie forte,Deux véhicules - arrière,1,3,4,0,1,1,2,0,1,130,,6,3,0,1,2,55.0,34.0,,,3,1,1,3,2
202100029519,2021-07-11 16:20:00,2021,7,11,16,20,27,27340,A13,49.365307,0.80875,Plein jour,Hors agglomération,Hors intersection,Normale,Autre collision,1,3,4,0,1,1,1,0,1,130,,5,0,0,0,5,29.0,51.0,,,1,1,1,1,6
202100029520,2021-07-11 21:40:00,2021,7,11,21,40,988,98817,RP1 HAUTEUR SAINT LOUIS,-22.230489,166.549832,Nuit avec éclairage allumé,Hors agglomération,Hors intersection,Normale,Autre collision,3,2,2,0,1,1,1,0,3,50,,1,0,1,0,0,50.0,,,,5,1,1,1,6
202100029521,2021-07-12 13:00:00,2021,7,12,13,0,973,97305,RN1 - PK 12+900,4.924577,-52.389679,Plein jour,Hors agglomération,Hors intersection,Normale,Deux véhicules - arrière,2,2,2,0,1,1,1,0,1,80,,2,1,1,0,0,25.0,49.0,,,1,1,1,1,2
202100029522,2021-07-11 19:31:00,2021,7,11,19,31,971,97125,N5,16.260668,-61.275891,Nuit sans éclairage public,En agglomération,Hors intersection,Normale,Deux véhicules - frontale,2,2,2,0,1,1,1,0,1,50,,2,0,0,1,1,35.0,36.0,,,3,2,1,1,1
202100029523,2021-07-11 22:50:00,2021,7,11,22,50,978,97801,R DE CONCORDIA,18.065367,-63.078891,Nuit avec éclairage allumé,En agglomération,Hors intersection,Normale,Deux véhicules - frontale,9,2,2,0,2,3,1,0,1,-1,,2,1,0,1,0,23.0,34.0,,,5,2,1,1,1
202100029524,2021-06-30 13:20:00,2021,6,30,13,20,977,97701,"rt211, grand fond",17.893746,-62.803967,Plein jour,En agglomération,Hors intersection,Normale,Deux véhicules - frontale,2,2,2,0,1,1,1,0,1,50,,2,1,0,1,0,18.0,,,,1,2,1,1,1
202100029525,2021-07-11 20:55:00,2021,7,11,20,55,45,45210,Chemin des Gravissants,47.862881,2.820944,Crépuscule ou aube,En agglomération,Hors intersection,Normale,Autre collision,4,2,1,0,1,1,1,0,3,50,,1,0,0,1,0,27.0,,,,2,2,1,1,6
202100029526,2021-07-12 08:30:00,2021,7,12,8,30,45,45179,D19-PR 7 + 960 ,47.756089,1.726162,Plein jour,Hors agglomération,Hors intersection,Pluie légère,Deux véhicules - frontale,3,2,2,0,1,3,2,0,1,80,,2,0,1,0,1,23.0,25.0,,,1,1,1,2,1
202100029527,2021-07-11 16:20:00,2021,7,11,16,20,77,77315,Rue Emile Zola,48.887684,2.832704,Plein jour,En agglomération,Hors intersection,Normale,Sans collision,4,-1,2,0,3,1,1,0,8,50,,2,1,0,0,1,19.0,,,,1,2,1,1,7
202100029528,2021-02-07 19:20:00,2021,2,7,19,20,77,77470,N4,48.735772,2.771537,Nuit sans éclairage public,Hors agglomération,Hors intersection,Neige / grêle,Trois véhicules et plus - en chaîne,2,3,4,0,1,1,2,0,1,90,,4,2,0,1,1,20.0,46.0,,,3,1,1,4,4
202100029529,2021-07-08 11:30:00,2021,7,8,11,30,91,91041,D19,48.573015,2.240868,Plein jour,En agglomération,Giratoire,Normale,Deux véhicules - arrière,3,1,3,0,1,2,1,0,1,50,,2,1,0,0,1,61.0,38.0,,,1,2,6,1,2
202100029530,2021-07-11 15:30:00,2021,7,11,15,30,2B,2B079,Castello-di-Rostino,42.475191,9.260852,Plein jour,Hors agglomération,Hors intersection,Normale,Sans collision,2,2,2,0,1,1,1,0,3,80,,2,1,0,0,1,,,,,1,1,1,1,7
202100029531,2021-07-11 06:45:00,2021,7,11,6,45,66,66037,D11,42.681189,2.994568,Plein jour,Hors agglomération,Hors intersection,Normale,Autre collision,3,2,2,0,1,1,1,2,3,80,,1,0,1,0,0,24.0,,,,1,1,1,1,6
202100029532,2021-07-12 10:20:00,2021,7,12,10,20,13,13041,Clos des Puits - Route blanche,43.448246,5.472693,Plein jour,En agglomération,Autre intersection,Normale,Deux véhicules - arrière,9,-1,2,0,1,1,1,0,8,-1,,2,1,0,1,0,27.0,,,,1,2,9,1,2
202100029533,2021-07-12 09:10:00,2021,7,12,9,10,26,26271,Autoroute du Soleil,45.040098,4.877973,Plein jour,Hors agglomération,Hors intersection,Normale,Autre collision,1,3,3,0,1,1,1,9,2,130,,3,0,0,0,3,20.0,,,,1,1,1,1,6
202100029534,2021-07-10 08:55:00,2021,7,10,8,55,44,44201,46 Avenue de l Europe,47.343545,-1.529557,Plein jour,En agglomération,Hors intersection,Normale,Autre collision,4,-1,1,0,1,1,1,0,8,-1,,2,1,0,1,0,52.0,,,,1,2,1,1,6
202100029535,2021-06-29 18:40:00,2021,6,29,18,40,38,38478,RD1091,45.053621,5.801532,Plein jour,Hors agglomération,Hors intersection,Normale,Deux véhicules - côté,7,3,4,1,1,1,1,0,1,80,,2,1,0,1,0,53.0,62.0,,,1,1,1,1,3
202100029536,2021-07-09 18:20:00,2021,7,9,18,20,69,69286,RD71I,45.83532,4.917828,Plein jour,Hors agglomération,Intersection en T,Temps éblouissant,Deux véhicules - côté,7,2,2,0,1,1,1,0,1,80,,3,2,0,0,1,59.0,18.0,,,1,1,3,7,3
202100029537,2021-06-28 21:15:00,2021,6,28,21,15,69,69121,D30,45.861721,4.690754,Crépuscule ou aube,En agglomération,Hors intersection,Normale,Autre collision,3,2,2,0,2,1,1,0,3,70,,1,0,0,1,0,31.0,,,,2,2,1,1,6
202100029538,2021-07-11 20:00:00,2021,7,11,20,0,72,72154,20 Rue de l Arthuisière,47.714924,-0.059845,Plein jour,En agglomération,Autre intersection,Normale,Deux véhicules - arrière,4,2,2,0,1,1,1,0,1,50,,2,1,0,1,0,,11.0,,,1,2,9,1,2
202100029539,2021-07-11 07:30:00,2021,7,11,7,30,72,72154,D306 entre LA FLECHE et THOREE LES PINS,47.688359,0.005407,Crépuscule ou aube,Hors agglomération,Hors intersection,Normale,Sans collision,3,2,2,0,1,1,1,0,3,90,,1,0,0,1,0,37.0,,,,2,1,1,1,7
202100029540,2021-06-23 14:30:00,2021,6,23,14,30,72,72154,Avenue Rhin et Danube,47.703596,-0.092628,Plein jour,En agglomération,Hors intersection,Normale,Autre collision,3,2,2,0,1,1,1,0,1,50,,3,1,0,2,0,80.0,,,,1,2,1,1,6
202100029541,2021-07-11 11:50:00,2021,7,11,11,50,27,27196,D77,49.297283,1.174722,Plein jour,Hors agglomération,Giratoire,Normale,Deux véhicules - côté,3,2,2,0,2,1,1,5,1,80,,2,1,0,1,0,59.0,68.0,,,1,1,6,1,3
202100029542,2021-07-11 16:35:00,2021,7,11,16,35,13,13071,A55-Sens Martigues vers Marseille,43.41465,5.28496,Plein jour,Hors agglomération,Hors intersection,Normale,Sans collision,1,1,2,0,1,3,1,0,3,110,,1,0,0,0,1,20.0,,,,1,1,1,1,7
202100029543,2021-07-10 20:30:00,2021,7,10,20,30,13,13210,A50-Sens Marseille vers Aubagne,43.28593,5.42978,Crépuscule ou aube,Hors agglomération,Hors intersection,Normale,Deux véhicules - côté,1,3,4,0,1,1,1,0,1,70,,3,2,0,0,1,43.0,58.0,,,2,1,1,1,3
202100029544,2021-07-10 16:00:00,2021,7,10,16,0,13,13015,A51-Sens Marseille vers Aix en Provence,43.47088,5.40728,Plein jour,Hors agglomération,Hors intersection,Normale,Deux véhicules - arrière,1,1,2,0,1,1,1,0,1,90,,2,1,0,0,1,47.0,71.0,,,1,1,1,1,2
202100029545,2021-07-04 00:30:00,2021,7,4,0,30,38,38544,RN7   5.180 A 10.000,45.52694,4.87295,Nuit avec éclairage allumé,En agglomération,Place,Normale,Deux véhicules - côté,2,2,6,0,1,1,1,0,1,50,,3,2,0,1,0,24.0,18.0,,,5,2,7,1,3
202100029546,2021-07-10 13:15:00,2021,7,10,13,15,69,69275,EST (ROC),45.78066,4.95915,Plein jour,Hors agglomération,Hors intersection,Normale,Trois véhicules et plus - en chaîne,2,3,4,0,1,3,1,0,2,90,,4,2,0,0,2,43.0,18.0,,,1,1,1,1,4
202100029547,2021-07-11 06:50:00,2021,7,11,6,50,38,38087,A46S   61.010 A 61.220,45.5893,4.80945,Plein jour,Hors agglomération,Autre intersection,Normale,Autre collision,1,1,3,0,2,1,1,0,1,110,,1,0,0,1,0,31.0,,,,1,1,9,1,6
202100029548,2021-07-11 00:45:00,2021,7,11,0,45,69,69199,PIERRE SEMARD (AV),45.7002947257,4.8454722102,Nuit sans éclairage public,Hors agglomération,Hors intersection,Normale,Deux véhicules - arrière,7,3,6,0,1,1,2,0,1,70,,2,1,0,0,1,,69.0,,,3,1,1,1,2
202100029549,2021-07-11 18:12:00,2021,7,11,18,12,33,33192,ROCADE A 630,44.78762,-0.59954,Plein jour,Hors agglomération,Hors intersection,Normale,Deux véhicules - arrière,1,3,6,0,1,1,1,0,1,90,,7,2,0,0,5,42.0,21.0,,,1,1,1,1,2
202100029550,2021-07-11 04:19:00,2021,7,11,4,19,91,91434,AUTOROUTE A6,48.66778,2.35686,Nuit sans éclairage public,Hors agglomération,Hors intersection,Pluie légère,Sans collision,1,3,6,0,2,1,2,0,2,110,,1,0,0,0,1,33.0,,,,3,1,1,2,7
202100029551,2021-07-11 02:06:00,2021,7,11,2,6,91,91521,RN 104,48.636082,2.402053,Nuit sans éclairage public,Hors agglomération,Autre intersection,Pluie légère,Autre collision,2,1,3,0,2,3,2,0,1,70,,1,0,0,0,1,26.0,,,,3,1,9,2,6
202100029552,2021-07-10 21:15:00,2021,7,10,21,15,94,94038,AUTOROUTE A6A,48.7826,2.3464,Plein jour,Hors agglomération,Hors intersection,Normale,Deux véhicules - arrière,1,3,12,0,1,1,1,0,1,90,,3,2,0,0,1,41.0,32.0,,,1,1,1,1,2
202100029553,2021-07-11 17:00:00,2021,7,11,17,0,95,95572,A15,49.03217,2.11405,Plein jour,Hors agglomération,Hors intersection,Normale,Autre collision,1,3,9,0,2,1,1,0,1,90,,1,0,0,0,1,22.0,,,,1,1,1,1,6
202100029554,2021-07-11 09:50:00,2021,7,11,9,50,95,95604,AUTOROUTE A1,49.1052561022,2.5512421131,Plein jour,Hors agglomération,Hors intersection,Normale,Deux véhicules - arrière,1,3,6,0,1,1,1,0,1,130,,4,1,0,0,3,36.0,27.0,,,1,1,1,1,2
202100029555,2021-07-11 09:00:00,2021,7,11,9,0,93,93027,AUTOROUTE A86,48.92517,2.3939,Plein jour,Hors agglomération,Hors intersection,Normale,Trois véhicules et plus - en chaîne,1,3,8,0,1,1,1,0,1,90,,3,2,0,0,1,32.0,31.0,,,1,1,1,1,4
202100029556,2021-07-10 12:20:00,2021,7,10,12,20,93,93063,AUTOROUTE A3,48.87447,2.44002,Plein jour,Hors agglomération,Hors intersection,Normale,Deux véhicules - arrière,1,3,12,0,2,3,2,0,1,50,,4,0,0,0,4,50.0,46.0,,,1,1,1,1,2
202100029557,2021-07-11 17:15:00,2021,7,11,17,15,75,75112,A4,48.82025,2.4606,Plein jour,Hors agglomération,Hors intersection,Normale,Deux véhicules - arrière,1,3,4,0,1,1,1,0,1,110,,2,1,0,0,1,29.0,23.0,,,1,1,1,1,2
202100029558,2021-07-10 15:45:00,2021,7,10,15,45,77,77363,A104,48.9266563842,2.6288649398,Plein jour,Hors agglomération,Hors intersection,Normale,Deux véhicules - arrière,1,1,2,0,1,1,1,0,1,90,,2,1,0,0,1,28.0,37.0,,,1,1,1,1,2
202100029559,2021-07-09 18:30:00,2021,7,9,18,30,77,77373,RN104,48.7669394254,2.6137633301,Plein jour,Hors agglomération,Hors intersection,Normale,Deux véhicules - arrière,2,1,2,0,1,1,1,0,6,90,,2,1,0,0,1,25.0,30.0,,,1,1,1,1,2
202100029560,2021-07-08 23:40:00,2021,7,8,23,40,93,93051,A4,48.8352965341,2.5718894005,Nuit avec éclairage non allumé,Hors agglomération,Hors intersection,Normale,Autre collision,1,3,3,0,1,1,1,0,1,110,,2,1,0,0,1,27.0,52.0,,,4,1,1,1,6
202100029561,2021-03-17 13:35:00,2021,3,17,13,35,48,48095,Avenue du 11 Novembre,44.525429,3.479882,Plein jour,En agglomération,Hors intersection,Pluie légère,Autre collision,3,2,2,0,2,1,2,0,1,50,,3,1,0,1,1,24.0,,,,1,2,1,2,6
202100029562,2021-07-09 18:30:00,2021,7,9,18,30,974,97416,D28 LIGNE DES BAMBOUS,-21.3044,55.4956,Nuit avec éclairage allumé,Hors agglomération,Hors intersection,Normale,Deux véhicules - côté,9,2,2,0,1,1,1,0,1,30,,3,1,0,0,2,42.0,56.0,,,5,1,1,1,3
202100029563,2021-07-10 17:40:00,2021,7,10,17,40,974,97411,RIVIERE DES PLUIES (ROUTE DE LA),-20.90087,55.50058,Crépuscule ou aube,Hors agglomération,Autre intersection,Normale,Autre collision,4,2,1,0,2,1,1,0,1,50,,3,2,0,1,0,20.0,,,,2,1,9,1,6
202100029564,2021-07-10 06:45:00,2021,7,10,6,45,974,97411,RAMBAUD (LEOPOLD),-20.886308,55.482286,Plein jour,En agglomération,Intersection en X,Normale,Deux véhicules - côté,4,1,3,0,1,1,1,0,1,70,,2,1,0,0,1,44.0,63.0,,,1,2,2,1,3
202100029565,2021-07-09 08:10:00,2021,7,9,8,10,973,97302,BADUEL (ROUTE DE),4.93815,-52.31679,Plein jour,En agglomération,Hors intersection,Normale,Deux véhicules - arrière,3,2,1,0,1,1,1,0,1,50,,2,1,0,0,1,43.0,20.0,,,1,2,1,1,2
202100029566,2021-07-10 07:00:00,2021,7,10,7,0,973,97302,ZEPHIR (ROCADE),4.93805,-52.30634,Plein jour,En agglomération,Intersection en T,Normale,Deux véhicules - côté,3,2,2,2,1,1,1,0,1,50,,2,1,0,0,1,26.0,76.0,,,1,2,3,1,3
202100029567,2021-07-10 21:25:00,2021,7,10,21,25,69,69386,THIERS (AV),45.76629,4.86169,Nuit avec éclairage allumé,En agglomération,Intersection en T,Temps couvert,Deux véhicules - côté,4,2,5,3,1,1,2,0,1,50,,4,2,0,0,2,21.0,25.0,,,5,2,3,8,3
202100029568,2021-07-09 20:00:00,2021,7,9,20,0,69,69388,ALBERT THOMAS (CR),45.74524,4.87213,Crépuscule ou aube,En agglomération,Hors intersection,Normale,Autre collision,4,1,2,3,1,1,1,0,6,50,,2,1,0,0,1,27.0,,,,2,2,1,1,6
202100029569,2021-07-10 04:00:00,2021,7,10,4,0,972,97213,AUTOROUTE A1,14.61815,-61.03242,Nuit avec éclairage allumé,Hors agglomération,Hors intersection,Normale,Autre collision,1,2,8,3,2,1,1,0,1,90,,1,0,0,0,1,39.0,,,,5,1,1,1,6
202100029570,2021-07-10 14:00:00,2021,7,10,14,0,69,69389,SERGENT MICHEL BERTHET (DU) (R),45.7669961275,4.8053539151,Plein jour,En agglomération,Intersection en T,Normale,Deux véhicules - côté,4,2,2,3,2,1,1,0,1,50,,2,0,0,1,1,31.0,45.0,,,1,2,3,1,3
202100029571,2021-07-09 20:10:00,2021,7,9,20,10,69,69034,ST CLAIR (DE) (R) (GR),45.7869621066,4.8504301212,Plein jour,En agglomération,Hors intersection,Normale,Deux véhicules - arrière,4,1,1,0,1,1,1,0,1,50,,2,1,0,0,1,21.0,39.0,,,1,2,1,1,2
202100029572,2021-07-10 02:20:00,2021,7,10,2,20,69,69385,TRAMASSAC (R),45.7618,4.82609,Nuit avec éclairage allumé,En agglomération,Hors intersection,Normale,Autre collision,4,1,1,2,1,1,1,0,1,50,,3,2,0,0,1,25.0,,,,5,2,1,1,6
202100029573,2021-07-10 16:29:00,2021,7,10,16,29,2B,2B037,LAGUNE (Route de la) D107,42.6112,9.48234,Plein jour,Hors agglomération,Hors intersection,Normale,Deux véhicules - arrière,4,2,2,0,1,1,1,0,1,70,,2,0,0,0,2,52.0,26.0,,,1,1,1,1,2
202100029574,2021-07-10 14:12:00,2021,7,10,14,12,2B,2B033,11 - RT,42.69109,9.44955,Plein jour,Hors agglomération,Hors intersection,Normale,Deux véhicules - frontale,2,2,2,0,1,3,1,0,1,70,,5,1,0,0,4,23.0,43.0,,,1,1,1,1,1
202100029575,2021-06-28 13:20:00,2021,6,28,13,20,971,97101,PATRICK SAINT ELOI ( AVENUE ),16.2544897658,-61.5226073563,Plein jour,Hors agglomération,Hors intersection,Normale,Sans collision,2,2,5,0,1,1,1,9,4,50,,2,1,0,0,1,59.0,,,,1,1,1,1,7
202100029576,2021-07-10 19:35:00,2021,7,10,19,35,91,91549,GABRIEL PERI (AVENUE),48.64806,2.32432,Plein jour,En agglomération,Intersection en T,Normale,Deux véhicules - arrière,4,2,2,0,1,1,1,0,1,30,,2,1,0,1,0,19.0,37.0,,,1,2,3,1,2
202100029577,2021-07-10 15:10:00,2021,7,10,15,10,83,83034,BOULEVARD DE LA LIBERTÉ,43.0901348998,6.0838615894,Plein jour,En agglomération,Hors intersection,Normale,Autre collision,7,3,2,1,1,2,1,0,4,50,,3,0,0,2,1,80.0,,,,1,2,1,1,6
202100029578,2021-07-10 09:05:00,2021,7,10,9,5,83,83069,GIENS (ROUTE DE ),43.0666,6.1472,Plein jour,Hors agglomération,Hors intersection,Normale,Autre collision,7,2,2,0,1,1,1,0,1,70,,3,2,0,0,1,72.0,81.0,,,1,1,1,1,6
202100029579,2021-07-10 22:50:00,2021,7,10,22,50,78,78396,AVENUE DE POISSY,48.94331,2.12797,Nuit avec éclairage allumé,En agglomération,Hors intersection,Normale,Trois véhicules et plus - collisions multiples,3,2,3,0,1,1,1,5,1,50,,6,4,0,0,2,24.0,25.0,,,5,2,1,1,5
202100029580,2021-07-10 22:40:00,2021,7,10,22,40,78,78551,RN 184,48.92328,2.0869,Nuit sans éclairage public,Hors agglomération,Hors intersection,Normale,Autre collision,2,2,3,0,1,1,1,0,1,50,,4,1,0,2,1,19.0,,,,3,1,1,1,6
202100029581,2021-07-10 16:00:00,2021,7,10,16,0,76,76540,SAINT PAUL. PLACE,49.43416,1.105935,Plein jour,En agglomération,Place,Normale,Deux véhicules - côté,4,2,2,0,1,1,1,0,6,30,,2,1,0,0,1,23.0,20.0,,,1,2,7,1,3
202100029582,2021-07-10 19:08:00,2021,7,10,19,8,74,74133,GENEVE (RUE DE),46.19205,6.20824,Plein jour,En agglomération,Passage à niveau,Temps couvert,Sans collision,3,2,3,0,2,1,2,4,1,30,,1,0,0,1,0,64.0,,,,1,2,8,8,7
202100029583,2021-07-10 23:00:00,2021,7,10,23,0,72,72181,JAURES JEAN (AV) N° PAIRS 60 ET >,47.98616,0.2087,Nuit avec éclairage allumé,En agglomération,Hors intersection,Normale,Trois véhicules et plus - en chaîne,4,2,3,0,1,1,1,0,1,50,,3,2,0,0,1,27.0,43.0,,,5,2,1,1,4
202100029584,2021-07-09 14:50:00,2021,7,9,14,50,72,72181,19 MARS 1962 (PL),47.96059,0.22409,Plein jour,Hors agglomération,Hors intersection,Normale,Deux véhicules - côté,3,2,2,0,1,1,1,0,1,50,,2,1,0,0,1,49.0,38.0,,,1,1,1,1,3
202100029585,2021-07-10 17:55:00,2021,7,10,17,55,69,69029,UNIVERSITE  (DE L') (BD),45.72522,4.92476,Plein jour,Hors agglomération,Intersection en T,Normale,Deux véhicules - côté,1,1,1,0,2,3,1,3,1,50,,2,1,0,0,1,31.0,,,,1,1,3,1,3
202100029586,2021-07-10 14:40:00,2021,7,10,14,40,69,69256,GARIBALDI (AV),45.76706,4.93291,Plein jour,En agglomération,Intersection en X,Normale,Deux véhicules - côté,7,3,4,0,1,1,1,0,1,50,,4,1,0,0,3,29.0,37.0,,,1,2,2,1,3
202100029587,2021-07-09 20:55:00,2021,7,9,20,55,64,64269,TARBES DE,43.29812,-0.30301,Plein jour,Hors agglomération,Intersection en X,Normale,Deux véhicules - arrière,3,2,3,0,1,1,1,5,1,50,,3,1,0,0,2,24.0,64.0,,,1,1,2,1,2
202100029588,2021-07-09 10:05:00,2021,7,9,10,5,64,64269,TARBES DE,43.2978040495,-0.3016600013,Plein jour,En agglomération,Hors intersection,Normale,Deux véhicules - arrière,3,3,2,0,1,1,1,0,1,50,,2,1,0,0,1,42.0,23.0,,,1,2,1,1,2
202100029589,2021-07-10 20:20:00,2021,7,10,20,20,64,64122,MADRID (RUE DE),43.46874,-1.57002,Plein jour,En agglomération,Hors intersection,Normale,Deux véhicules - côté,4,1,1,0,2,1,1,0,1,30,,2,1,0,0,1,24.0,47.0,,,1,2,1,1,3
202100029590,2021-07-09 23:45:00,2021,7,9,23,45,62,62160,BRANLY (Rue Edouard),50.719682,1.62025,Nuit avec éclairage non allumé,En agglomération,Intersection en X,Normale,Deux véhicules - côté,3,2,2,0,1,2,1,0,1,50,,2,1,0,1,0,18.0,32.0,,,4,2,2,1,3
202100029591,2021-06-29 22:22:00,2021,6,29,22,22,54,54547,AIGUILLETTES (BD 1 A 3),48.66674,6.16601,Nuit avec éclairage allumé,En agglomération,Hors intersection,Normale,Deux véhicules - côté,4,3,2,0,1,1,1,0,1,50,,2,1,0,0,1,19.0,53.0,,,5,2,1,1,3
202100029592,2021-07-10 09:20:00,2021,7,10,9,20,54,54395,GRANDVILLE (RUE),48.69999,6.18007,Plein jour,En agglomération,Intersection en X,Normale,Deux véhicules - frontale,4,-1,1,0,1,1,1,9,1,30,,2,1,0,0,1,28.0,29.0,,,1,2,2,1,1
202100029593,2021-07-10 14:52:00,2021,7,10,14,52,49,49007,BARANGE BOULEVARD,47.4650162134,-0.5704696476,Plein jour,En agglomération,Hors intersection,Pluie légère,Sans collision,4,3,2,0,1,1,2,0,1,70,,1,0,0,0,1,51.0,,,,1,2,1,2,7
202100029594,2021-07-10 11:40:00,2021,7,10,11,40,45,45234,106 Rue du Faubourg Saint Jean,47.90719,1.88778,Plein jour,En agglomération,Hors intersection,Normale,Deux véhicules - côté,4,-1,2,0,2,1,1,0,4,50,,3,2,0,0,1,36.0,24.0,,,1,2,1,1,3
202100029595,2021-07-09 17:20:00,2021,7,9,17,20,45,45234,Avenue de la Liberation,47.919105,1.902045,Plein jour,En agglomération,Hors intersection,Normale,Deux véhicules - arrière,3,2,2,0,1,1,1,0,1,50,,3,2,0,0,1,,43.0,,,1,2,1,1,2
202100029596,2021-07-10 22:00:00,2021,7,10,22,0,44,44109,BOULEVARD ROBERT SCHUMAN,47.245958,-1.576645,Crépuscule ou aube,En agglomération,Intersection en T,Normale,Deux véhicules - arrière,4,2,4,0,2,1,1,0,1,50,,2,1,0,0,1,27.0,32.0,,,2,2,3,1,2
202100029597,2021-06-12 14:00:00,2021,6,12,14,0,42,42218,Rue de Monthieu,45.44206,4.41525,Plein jour,En agglomération,Hors intersection,Normale,Autre collision,4,-1,1,0,1,1,1,9,8,30,,2,1,0,0,1,53.0,,,,1,2,1,1,6
202100029598,2021-07-10 22:10:00,2021,7,10,22,10,42,42071,Boulevard des Belges,46.02487,4.09036,Crépuscule ou aube,En agglomération,Intersection en X,Normale,Deux véhicules - arrière,3,2,2,0,1,1,1,5,1,50,,6,3,0,0,3,53.0,49.0,,,2,2,2,1,2
202100029599,2021-07-10 17:25:00,2021,7,10,17,25,37,37261,BEDEL (RUE MAURICE),47.3782812977,0.6980712422,Plein jour,En agglomération,Hors intersection,Pluie légère,Autre collision,4,2,1,0,1,2,2,0,1,50,,2,1,0,0,1,,,,,1,2,1,2,6
202100029600,2021-07-10 03:25:00,2021,7,10,3,25,35,35238,VOLCLAIR (BD LOUIS),48.08832,-1.66912,Nuit avec éclairage allumé,En agglomération,Intersection en X,Normale,Deux véhicules - côté,4,3,2,2,1,1,1,0,1,50,,4,2,0,2,0,28.0,19.0,,,5,2,2,1,3
202100029601,2021-07-09 10:56:00,2021,7,9,10,56,33,33075,Avenue du Médoc,44.87965,-0.6268,Plein jour,En agglomération,Intersection en Y,Normale,Deux véhicules - côté,1,1,1,-1,1,2,1,3,1,50,,2,1,0,0,1,57.0,33.0,,,1,2,4,1,3
202100029602,2021-07-10 15:20:00,2021,7,10,15,20,31,31555,AV DE GRANDE BRETAGNE,43.60357,1.406793,Plein jour,En agglomération,Autre intersection,Normale,Autre collision,4,1,1,0,1,1,1,9,1,50,,2,1,0,0,1,19.0,,,,1,2,9,1,6
202100029603,2021-07-10 19:30:00,2021,7,10,19,30,27,27562,LAGRANGE (RUE LEO),49.1029,1.45049,Plein jour,En agglomération,Hors intersection,Pluie légère,Deux véhicules - frontale,4,2,2,0,1,2,2,0,1,50,,3,2,0,0,1,26.0,40.0,,,1,2,1,2,1
202100029604,2021-07-10 12:25:00,2021,7,10,12,25,27,27229,MOULIN (RUE JEAN),49.0139948,1.1526205,Plein jour,En agglomération,Giratoire,Pluie légère,Sans collision,4,2,2,0,2,1,2,0,1,50,,1,0,0,0,1,21.0,,,,1,2,6,2,7
202100029605,2021-07-10 21:40:00,2021,7,10,21,40,13,13208,MICHELET (BOULEVARD),43.2613290316,5.3976323406,Nuit sans éclairage public,En agglomération,Hors intersection,Normale,Deux véhicules - côté,4,2,4,0,1,1,1,0,1,50,,5,4,0,0,1,59.0,28.0,,,3,2,1,1,3
202100029606,2021-07-10 21:00:00,2021,7,10,21,0,13,13214,ALEX ANSALDI (RUE),43.33544,5.40015,Nuit avec éclairage allumé,En agglomération,Autre intersection,Normale,Deux véhicules - côté,7,3,2,0,1,1,1,0,1,50,,2,1,0,0,1,24.0,,,,5,2,9,1,3
202100029607,2021-07-10 15:25:00,2021,7,10,15,25,13,13211,CAMOINS (AVENUE DES),43.3061511055,5.5105923443,Plein jour,En agglomération,Autre intersection,Normale,Autre collision,4,2,2,0,1,1,1,0,1,50,,3,2,0,1,0,24.0,56.0,,,1,2,9,1,6
202100029608,2021-07-10 07:00:00,2021,7,10,7,0,13,13213,ROSE (AVENUE DE LA),43.32696,5.42294,Plein jour,En agglomération,Hors intersection,Normale,Deux véhicules - frontale,7,2,2,0,1,1,1,0,1,50,,2,1,0,1,0,31.0,,,,1,2,1,1,1
202100029609,2021-07-10 02:30:00,2021,7,10,2,30,13,13202,PORT (QUAI DU),43.29538,5.3646,Nuit avec éclairage allumé,En agglomération,Intersection en X,Normale,Deux véhicules - frontale,4,2,4,3,1,1,1,5,1,50,,2,0,0,2,0,22.0,,,,5,2,2,1,1