accident_id,datetime,annee,mois,jour,heure,minute,departement,commune_insee,adresse,latitude,longitude,luminosite,agglomeration,intersection,meteo,collision,catr,circ,nbv,vosp,prof,plan,surf,infra,situ,vma,nb_vehicules,nb_usagers,nb_indemnes,nb_tues,nb_blesses_hosp,nb_blesses_legers,age_cond_1,age_cond_2,veh_type_cond_1,veh_type_cond_2,lum_code,agg_code,int_code,atm_code,col_code
202100029610,2021-07-10 02:45:00,2021,7,10,2,45,13,13214,CLAUDE MONET (avenue),43.325888676,5.3943256567,Nuit avec éclairage allumé,En agglomération,Hors intersection,Normale,Deux véhicules - frontale,4,2,2,0,2,1,1,0,1,50,,1,0,0,1,0,53.0,,,,5,2,1,1,1
202100029611,2021-07-11 01:09:00,2021,7,11,1,9,10,10387,MAURICE ROMAGON (RUE),48.28203,4.09087,Nuit avec éclairage allumé,En agglomération,Intersection en X,Temps couvert,Deux véhicules - côté,4,2,2,0,1,1,2,0,1,50,,2,1,0,0,1,56.0,19.0,,,5,2,2,8,3
202100029612,2021-07-09 19:30:00,2021,7,9,19,30,07,07072,LES TROIS CHEMINS,44.75008,4.5982,Plein jour,Hors agglomération,Hors intersection,Normale,Deux véhicules - côté,4,2,2,0,2,1,1,0,1,80,,2,1,0,0,1,32.0,52.0,,,1,1,1,1,3
202100029613,2021-07-09 16:20:00,2021,7,9,16,20,07,07281,ONZE NOVEMBRE (AVENUE DU),44.94756,4.84462,Plein jour,En agglomération,Hors intersection,Normale,Deux véhicules - côté,3,2,2,0,1,1,1,0,1,50,,3,1,0,0,2,29.0,16.0,,,1,2,1,1,3
202100029614,2021-07-10 15:00:00,2021,7,10,15,0,06,06088,FAURE (AV. FELIX),43.698071,7.272669,Plein jour,En agglomération,Intersection en T,Normale,Autre collision,4,1,2,0,1,3,1,0,4,50,,3,1,0,1,1,23.0,,,,1,2,3,1,6
202100029615,2021-07-09 11:55:00,2021,7,9,11,55,75,75120,BOULEVARD DE MENILMONTANT,48.866043,2.38402,Plein jour,En agglomération,Intersection en T,Normale,Deux véhicules - côté,4,3,2,1,1,1,1,0,5,30,,2,1,0,1,0,31.0,40.0,,,1,2,3,1,3
202100029616,2021-07-10 17:00:00,2021,7,10,17,0,75,75106,RUE DE RENNES,48.845196,2.325166,Plein jour,En agglomération,Hors intersection,Pluie légère,Deux véhicules - côté,4,2,4,0,1,1,2,0,1,50,,2,1,0,0,1,24.0,32.0,,,1,2,1,2,3
202100029617,2021-07-10 16:20:00,2021,7,10,16,20,75,75118,BOULEVARD BARBES,48.887237,2.349571,Plein jour,En agglomération,Intersection en Y,Normale,Deux véhicules - côté,4,2,4,3,1,1,1,0,6,50,,3,1,0,0,2,28.0,19.0,,,1,2,4,1,3
202100029618,2021-07-09 23:15:00,2021,7,9,23,15,75,75118,RUE ORDENER,48.893035,2.340793,Nuit avec éclairage allumé,En agglomération,Hors intersection,Normale,Deux véhicules - frontale,4,2,2,0,1,1,1,0,1,50,,3,1,0,0,2,39.0,24.0,,,5,2,1,1,1
202100029619,2021-07-10 03:00:00,2021,7,10,3,0,75,75115,AVENUE ALBERT BARTHOLOME,48.827726,2.300127,Nuit avec éclairage allumé,En agglomération,Intersection en T,Normale,Sans collision,4,2,2,0,1,1,1,0,1,50,,1,0,0,0,1,27.0,,,,5,2,3,1,7
202100029620,2021-07-09 21:30:00,2021,7,9,21,30,75,75115,ALLEE DU CAPITAINE DRONNE,48.839286,2.317759,Crépuscule ou aube,En agglomération,Hors intersection,Normale,Autre collision,4,-1,2,0,1,1,1,6,4,10,,1,0,0,0,1,29.0,,,,2,2,1,1,6
202100029621,2021-07-10 12:40:00,2021,7,10,12,40,75,75113,BOULEVARD VINCENT AURIOL,48.836661,2.371886,Plein jour,En agglomération,Intersection en X,Normale,Deux véhicules - arrière,4,3,3,0,2,1,1,0,1,30,,2,1,0,0,1,42.0,32.0,,,1,2,2,1,2
202100029622,2021-07-10 04:00:00,2021,7,10,4,0,75,75113,RUE DE TOLBIAC,48.826069,2.355222,Nuit avec éclairage allumé,En agglomération,Intersection en T,Normale,Deux véhicules - côté,4,2,2,0,1,1,1,0,1,50,,2,1,0,0,1,22.0,36.0,,,5,2,3,1,3
202100029623,2021-07-10 12:40:00,2021,7,10,12,40,75,75109,BOULEVARD DE ROCHECHOUART,48.882551,2.343089,Plein jour,En agglomération,Hors intersection,Normale,Deux véhicules - côté,4,3,3,0,1,1,2,0,1,30,,3,1,0,0,2,30.0,49.0,,,1,2,1,1,3
202100029624,2021-07-10 12:30:00,2021,7,10,12,30,75,75108,PLACE DE LA CONCORDE,48.865864,2.319917,Plein jour,En agglomération,Place,Pluie légère,Deux véhicules - côté,4,1,8,0,1,1,2,0,1,50,,5,4,0,0,1,50.0,69.0,,,1,2,7,2,3
202100029625,2021-07-10 17:20:00,2021,7,10,17,20,75,75101,RUE DE RIVOLI,48.864382,2.330124,Plein jour,En agglomération,Intersection en T,Normale,Sans collision,4,2,4,1,1,1,1,0,5,30,,1,0,0,0,1,64.0,,,,1,2,3,1,7
202100029626,2021-07-09 15:50:00,2021,7,9,15,50,75,75104,BOULEVARD BEAUMARCHAIS,48.855811,2.368508,Plein jour,En agglomération,Intersection en X,Normale,Deux véhicules - côté,4,2,4,3,1,1,1,0,6,50,,2,0,0,0,2,23.0,32.0,,,1,2,2,1,3
202100029627,2021-07-10 19:45:00,2021,7,10,19,45,94,94081,Rue Eugene Henaff,48.794764,2.417874,Plein jour,En agglomération,Intersection en X,Normale,Deux véhicules - côté,3,1,2,0,1,1,1,0,1,50,,8,6,0,0,2,35.0,42.0,,,1,2,2,1,3
202100029628,2021-07-10 15:10:00,2021,7,10,15,10,94,94074,Rue Théodule Jourdain,48.769559,2.448809,Plein jour,En agglomération,Hors intersection,Pluie légère,Autre collision,3,2,2,0,1,3,2,0,4,50,,2,1,0,0,1,33.0,,,,1,2,1,2,6
202100029629,2021-07-10 13:50:00,2021,7,10,13,50,94,94015,Boulevard Georges Méliès,48.830513,2.528061,Plein jour,En agglomération,Hors intersection,Pluie légère,Deux véhicules - côté,3,2,4,0,1,1,2,0,1,50,,2,1,0,1,0,32.0,42.0,,,1,2,1,2,3
202100029630,2021-07-10 20:45:00,2021,7,10,20,45,94,94028,Rue René Arcos,48.777856,2.465683,Crépuscule ou aube,En agglomération,Autre intersection,Normale,Deux véhicules - côté,4,1,2,0,2,1,1,0,1,50,,4,1,0,0,3,19.0,,,,2,2,9,1,3
202100029631,2021-07-10 17:17:00,2021,7,10,17,17,94,94022,Avenue de Lugo,48.76716,2.41059,Plein jour,En agglomération,Intersection en T,Normale,Sans collision,3,1,2,0,1,2,1,0,1,30,,1,0,0,0,1,27.0,,,,1,2,3,1,7
202100029632,2021-07-09 16:30:00,2021,7,9,16,30,94,94055,Avenue Wladimir d’Ormesson,48.7862,2.54147,Plein jour,En agglomération,Hors intersection,Normale,Trois véhicules et plus - collisions multiples,3,2,2,0,1,1,1,0,1,50,,4,3,0,0,1,42.0,29.0,,,1,2,1,1,5
202100029633,2021-07-10 14:00:00,2021,7,10,14,0,94,94017,Avenue de Coeuilly,48.81275,2.52725,Plein jour,En agglomération,Intersection en Y,Normale,Autre collision,4,2,2,0,1,1,1,6,1,50,,2,0,0,0,2,33.0,,,,1,2,4,1,6
202100029634,2021-07-09 12:15:00,2021,7,9,12,15,94,94002,Digue d’Alfortville,48.78183,2.42197,Plein jour,En agglomération,Hors intersection,Normale,Deux véhicules - côté,3,2,2,0,1,1,1,0,1,50,,4,1,0,0,3,41.0,41.0,,,1,2,1,1,3
202100029635,2021-07-10 15:55:00,2021,7,10,15,55,93,93072,PAUL VERLAINE (RUE),48.9532,2.37725,Plein jour,En agglomération,Hors intersection,Normale,Deux véhicules - côté,4,2,2,0,1,1,1,0,1,50,,2,1,0,0,1,83.0,14.0,,,1,2,1,1,3
202100029636,2021-07-10 17:35:00,2021,7,10,17,35,93,93072,STALINGRAD (Avenue),48.951582,2.38796,Plein jour,En agglomération,Autre intersection,Normale,Deux véhicules - frontale,3,2,2,0,1,1,1,0,1,50,,2,1,0,1,0,28.0,,,,1,2,9,1,1
202100029637,2021-07-10 15:30:00,2021,7,10,15,30,93,93066,MOULIN JEAN (AVE) NR 10 A 20 ET  13 A 17,48.94035,2.36348,Plein jour,En agglomération,Intersection en Y,Normale,Deux véhicules - arrière,4,2,2,0,1,1,1,0,1,50,,2,1,0,0,1,19.0,25.0,,,1,2,4,1,2
202100029638,2021-07-10 11:00:00,2021,7,10,11,0,92,92050,PASCAL RUE,48.8974500417,2.2031182051,Plein jour,En agglomération,Hors intersection,Temps couvert,Autre collision,4,2,2,1,1,1,1,0,1,50,,2,1,0,0,1,43.0,,,,1,2,1,8,6
202100029639,2021-07-10 11:20:00,2021,7,10,11,20,92,92050,COMMUNE DE PARIS AVENUE DE LA,48.907511,2.212093,Plein jour,En agglomération,Intersection en T,Pluie légère,Deux véhicules - arrière,3,1,2,0,1,1,2,0,1,50,,2,1,0,0,1,41.0,28.0,,,1,2,3,2,2
202100029640,2021-07-10 12:15:00,2021,7,10,12,15,92,92049,BRIAND AVENUE ARISTIDE N°2 A 114,48.81747,2.32545,Plein jour,En agglomération,Intersection en T,Normale,Autre collision,3,3,6,1,1,1,1,0,1,50,,2,1,0,0,1,28.0,,,,1,2,3,1,6
202100029641,2021-07-10 18:50:00,2021,7,10,18,50,14,14162,D184,48.920617,-0.519962,Plein jour,Hors agglomération,Hors intersection,Normale,Sans collision,3,2,2,0,2,1,1,0,1,90,,1,0,0,0,1,17.0,,,,1,1,1,1,7
202100029642,2021-07-10 19:40:00,2021,7,10,19,40,51,51080,D396/D55,48.5923060405,4.5425147563,Plein jour,Hors agglomération,Intersection en X,Normale,Deux véhicules - côté,3,2,2,0,2,1,1,0,1,80,,5,0,0,2,3,25.0,37.0,,,1,1,2,1,3
202100029643,2021-07-10 04:00:00,2021,7,10,4,0,51,51513,D58,48.6068628807,4.6386005608,Nuit sans éclairage public,Hors agglomération,Hors intersection,Normale,Sans collision,3,2,2,0,1,3,2,0,1,80,,1,0,1,0,0,36.0,,,,3,1,1,1,7
202100029644,2021-07-11 10:45:00,2021,7,11,10,45,01,01248,Route de Bourg-En-Bresse,45.912351,4.940653,Plein jour,Hors agglomération,Hors intersection,Normale,Trois véhicules et plus - collisions multiples,3,2,2,0,2,1,1,0,1,80,,3,0,0,1,2,54.0,42.0,,,1,1,1,1,5
202100029645,2021-07-11 07:50:00,2021,7,11,7,50,38,38019,Route Nationale 7,45.432649,4.818127,Plein jour,En agglomération,Hors intersection,Normale,Deux véhicules - arrière,2,2,2,0,2,1,1,0,1,50,,3,1,0,2,0,59.0,20.0,,,1,2,1,1,2
202100029646,2021-07-11 11:00:00,2021,7,11,11,0,68,68178,D430,47.937536,7.098144,Plein jour,Hors agglomération,Hors intersection,Normale,Trois véhicules et plus - collisions multiples,3,2,2,0,2,3,2,0,1,80,,3,0,0,0,3,27.0,28.0,,,1,1,1,1,5
202100029647,2021-07-11 09:55:00,2021,7,11,9,55,45,45301,A19-PR 104 + 900,48.108692,2.130661,Plein jour,Hors agglomération,Hors intersection,Normale,Autre collision,1,3,4,0,1,2,1,0,8,130,,2,0,0,2,0,57.0,,,,1,1,1,1,6
202100029648,2021-07-11 13:00:00,2021,7,11,13,0,28,28018,Autoroute Oceane - A11,48.203726,0.895557,Plein jour,Hors agglomération,Hors intersection,Normale,Deux véhicules - arrière,1,1,3,0,1,1,1,0,1,130,,4,0,0,2,2,79.0,73.0,,,1,1,1,1,2
202100029649,2021-07-09 19:30:00,2021,7,9,19,30,83,83073,A8,43.4018630742,6.3050960715,Plein jour,Hors agglomération,Hors intersection,Normale,Sans collision,1,3,3,0,2,2,1,0,1,110,,1,0,0,1,0,30.0,,,,1,1,1,1,7
202100029650,2021-07-10 12:10:00,2021,7,10,12,10,71,71576,"Autoroute A6, PK 362.000, sens PARIS-LYON",46.5277005047,4.9190413894,Plein jour,Hors agglomération,Hors intersection,Normale,Deux véhicules - arrière,1,3,5,0,1,1,1,0,1,130,,8,7,0,0,1,20.0,39.0,,,1,1,1,1,2
202100029651,2021-07-09 20:35:00,2021,7,9,20,35,972,97218,Plateau Sable,14.767047,-61.147338,Nuit sans éclairage public,Hors agglomération,Hors intersection,Normale,Autre collision,2,2,2,0,2,2,1,0,1,70,,2,1,0,1,0,,,,,3,1,1,1,6
202100029652,2021-07-11 06:10:00,2021,7,11,6,10,54,54277,A4,49.1795573532,5.7831430437,Crépuscule ou aube,Hors agglomération,Hors intersection,Normale,Autre collision,1,3,4,0,1,1,1,2,1,130,,1,0,0,0,1,35.0,,,,2,1,1,1,6
202100029653,2021-07-10 21:55:00,2021,7,10,21,55,46,46201,47 Boulevard Jacques Chapou,44.337378,1.207836,Nuit avec éclairage allumé,En agglomération,Hors intersection,Normale,Sans collision,3,1,1,0,1,1,1,9,1,30,,1,0,0,1,0,74.0,,,,5,2,1,1,7
202100029654,2021-07-10 22:45:00,2021,7,10,22,45,86,86114,Zone de la carte,46.567062,0.616064,Nuit avec éclairage non allumé,Hors agglomération,Giratoire,Normale,Sans collision,3,2,2,0,1,1,1,5,1,90,,1,0,1,0,0,37.0,,,,4,1,6,1,7
202100029655,2021-07-10 20:30:00,2021,7,10,20,30,67,67534,38 rue du général Leclerc,48.748224,7.500851,Plein jour,En agglomération,Hors intersection,Pluie légère,Deux véhicules - frontale,3,2,2,0,1,2,2,0,1,50,,2,0,1,0,1,27.0,28.0,,,1,2,1,2,1
202100029656,2021-07-10 13:00:00,2021,7,10,13,0,974,97414,233 route de cilaos,-21.270684,55.442934,Plein jour,En agglomération,Hors intersection,Normale,Deux véhicules - côté,2,2,2,0,2,1,1,0,1,50,,2,1,0,1,0,27.0,13.0,,,1,2,1,1,3
202100029657,2021-07-11 14:45:00,2021,7,11,14,45,83,83019,930 Avenue Lou Mistraou,43.1411122005,6.3499760117,Plein jour,En agglomération,Hors intersection,Normale,Trois véhicules et plus - collisions multiples,3,2,2,0,1,1,1,0,1,50,,3,2,0,0,1,48.0,49.0,,,1,2,1,1,5
202100029658,2021-07-10 16:25:00,2021,7,10,16,25,83,83073,RN7,43.39583,6.292358,Plein jour,Hors agglomération,Hors intersection,Normale,Autre collision,3,2,2,0,1,1,1,0,3,80,,1,0,0,1,0,86.0,,,,1,1,1,1,6
202100029659,2021-07-10 20:30:00,2021,7,10,20,30,80,80606,D29,49.947706,1.775714,Crépuscule ou aube,Hors agglomération,Hors intersection,Normale,Autre collision,3,2,2,0,2,3,1,0,3,80,,1,0,0,1,0,50.0,,,,2,1,1,1,6
202100029660,2021-07-11 17:00:00,2021,7,11,17,0,33,33540,Dune de Ginestras (Pic),45.308338,-1.137171,Plein jour,Hors agglomération,Hors intersection,Normale,Sans collision,4,2,2,1,1,1,1,-1,1,80,,1,0,0,1,0,21.0,,,,1,1,1,1,7
202100029661,2021-07-11 19:10:00,2021,7,11,19,10,11,11255,D6113,43.182665,2.948654,Plein jour,Hors agglomération,Hors intersection,Normale,Deux véhicules - frontale,3,2,2,0,1,1,1,0,1,90,,3,0,2,1,0,75.0,56.0,,,1,1,1,1,1
202100029662,2021-07-11 00:40:00,2021,7,11,0,40,71,71248,D975,46.555588,4.933864,Nuit sans éclairage public,En agglomération,Intersection en Y,Normale,Deux véhicules - frontale,3,2,2,0,3,2,1,0,1,50,,8,0,1,1,6,18.0,46.0,,,3,2,4,1,1
202100029663,2021-07-04 16:45:00,2021,7,4,16,45,89,89276,Rue de la Gare,48.03676,3.794644,Plein jour,Hors agglomération,Hors intersection,Normale,Sans collision,3,2,2,0,2,4,1,0,1,-1,,2,0,0,1,1,54.0,,,,1,1,1,1,7
202100029664,2021-07-11 19:00:00,2021,7,11,19,0,63,63190,Départementale D73,45.5266226579,2.5567282128,Plein jour,Hors agglomération,Hors intersection,Normale,Sans collision,3,2,2,0,1,1,1,0,1,80,,1,0,0,1,0,29.0,,,,1,1,1,1,7
202100029665,2021-07-10 15:15:00,2021,7,10,15,15,63,63352,D214,45.449274,3.222588,Plein jour,Hors agglomération,Hors intersection,Normale,Sans collision,3,2,2,0,1,1,1,0,3,80,,1,0,0,1,0,38.0,,,,1,1,1,1,7
202100029666,2021-07-09 12:00:00,2021,7,9,12,0,42,42081,Route du Stade,45.613283,4.264144,Plein jour,En agglomération,Intersection en X,Temps éblouissant,Deux véhicules - côté,3,2,2,0,1,1,1,0,1,50,,2,1,0,1,0,43.0,57.0,,,1,2,2,7,3
202100029667,2021-06-18 16:50:00,2021,6,18,16,50,42,42043,915 Route de Saint Bonnet les Oules,45.5689069357,4.3160905139,Plein jour,Hors agglomération,Intersection en T,Normale,Deux véhicules - frontale,7,2,2,0,1,3,1,0,1,80,,3,1,0,1,1,60.0,79.0,,,1,1,3,1,1
202100029668,2021-07-10 11:40:00,2021,7,10,11,40,47,47242,Lastreilles,44.567977,0.996063,Plein jour,Hors agglomération,Hors intersection,Normale,Sans collision,3,2,2,0,2,2,1,0,3,80,,1,0,0,0,1,24.0,,,,1,1,1,1,7
202100029669,2021-07-10 19:15:00,2021,7,10,19,15,34,34197,D124e2,43.566847,3.385966,Plein jour,Hors agglomération,Hors intersection,Temps éblouissant,Autre collision,3,2,2,0,1,1,1,0,1,80,,3,1,0,2,0,26.0,,,,1,1,1,7,6
202100029670,2021-07-11 10:50:00,2021,7,11,10,50,39,39510,,46.361656,5.909775,Plein jour,Hors agglomération,Hors intersection,Normale,Autre collision,3,2,2,0,2,4,1,0,3,80,,4,0,0,2,2,19.0,,,,1,1,1,1,6
202100029671,2021-07-09 17:45:00,2021,7,9,17,45,35,35068,N 157,48.101442,-1.427954,Plein jour,Hors agglomération,Hors intersection,Normale,Deux véhicules - côté,2,3,4,0,2,1,1,0,1,110,,3,2,0,0,1,54.0,44.0,,,1,1,1,1,3
202100029672,2021-07-10 18:11:00,2021,7,10,18,11,29,29199,Avenue du Maréchal Leclerc,48.569657,-3.70508,Plein jour,En agglomération,Hors intersection,Normale,Autre collision,4,2,2,0,1,1,1,0,4,50,,2,1,0,1,0,22.0,,,,1,2,1,1,6
202100029673,2021-07-10 14:40:00,2021,7,10,14,40,31,31510,Départementale 17 - Pk 28+400,43.266675,0.706472,Plein jour,Hors agglomération,Hors intersection,Normale,Deux véhicules - frontale,3,2,2,0,1,1,1,0,1,80,,3,2,0,0,1,60.0,62.0,,,1,1,1,1,1
202100029674,2021-07-11 16:30:00,2021,7,11,16,30,31,31052,route de toulouse,43.399256,1.363496,Plein jour,Hors agglomération,Hors intersection,Normale,Deux véhicules - frontale,3,2,2,0,1,2,1,0,1,80,,3,0,2,0,1,18.0,58.0,,,1,1,1,1,1
202100029675,2021-07-11 11:15:00,2021,7,11,11,15,03,03258,Rue de Vendat,46.182096,3.332173,Plein jour,Hors agglomération,Intersection en X,Normale,Deux véhicules - frontale,3,2,2,0,1,1,1,0,1,90,,5,3,0,2,0,14.0,53.0,,,1,1,2,1,1
202100029676,2021-07-11 02:10:00,2021,7,11,2,10,85,85191,A.87,46.65158,-1.38613,Nuit sans éclairage public,Hors agglomération,Hors intersection,Normale,Sans collision,1,3,4,0,1,1,1,0,2,130,,1,0,0,0,1,20.0,,,,3,1,1,1,7
202100029677,2021-07-10 01:00:00,2021,7,10,1,0,58,58088,Rue Bailly,47.005895,3.186963,Nuit avec éclairage non allumé,En agglomération,Hors intersection,Normale,Deux véhicules - côté,9,2,2,0,1,1,1,0,1,-1,,7,6,0,0,1,23.0,22.0,,,4,2,1,1,3
202100029678,2021-07-09 17:10:00,2021,7,9,17,10,06,06073,M97,44.197141,7.06586,Plein jour,Hors agglomération,Autre intersection,Normale,Sans collision,7,2,2,0,3,3,1,0,8,80,,2,1,0,1,0,79.0,,,,1,1,9,1,7
202100029679,2021-07-11 06:00:00,2021,7,11,6,0,06,06079,route de tanneron,43.554477,6.921265,Crépuscule ou aube,Hors agglomération,Hors intersection,Normale,Deux véhicules - frontale,3,2,2,0,2,2,1,0,1,80,,2,1,1,0,0,32.0,,,,2,1,1,1,1
202100029680,2021-07-11 00:37:00,2021,7,11,0,37,06,06007,1014 avenue de grasse,43.614737,6.921175,Nuit sans éclairage public,Hors agglomération,Hors intersection,Normale,Autre collision,3,2,2,0,2,2,1,0,1,70,,3,0,0,0,3,20.0,,,,3,1,1,1,6
202100029681,2021-07-11 11:35:00,2021,7,11,11,35,14,14335,D80,49.188681,-0.078186,Plein jour,Hors agglomération,Hors intersection,Normale,Sans collision,3,-1,2,0,1,2,1,0,1,80,,2,1,0,0,1,54.0,30.0,,,1,1,1,1,7
202100029682,2021-07-11 16:45:00,2021,7,11,16,45,60,60059,Chemin de la Rouatte,49.596989,3.065317,Plein jour,Hors agglomération,Hors intersection,Normale,Autre collision,9,-1,1,0,1,3,1,0,8,-1,,2,1,0,1,0,22.0,,,,1,1,1,1,6
202100029683,2021-07-11 18:25:00,2021,7,11,18,25,64,64006,chemin vieux,42.988404,-0.599763,Plein jour,Hors agglomération,Hors intersection,Normale,Sans collision,3,2,2,0,1,1,1,0,1,80,,2,1,0,1,0,25.0,,,,1,1,1,1,7
202100029684,2021-07-04 11:00:00,2021,7,4,11,0,73,73171,D1006,45.498113,6.043586,Plein jour,Hors agglomération,Hors intersection,Pluie forte,Deux véhicules - frontale,3,2,2,0,4,3,2,1,1,70,,5,3,0,0,2,23.0,29.0,,,1,1,1,3,1
202100029685,2021-07-09 20:15:00,2021,7,9,20,15,07,07314,"RD241 lieu dit ""Le Sallée""",44.874958,4.586265,Plein jour,Hors agglomération,Hors intersection,Normale,Sans collision,3,2,2,0,1,3,1,0,3,80,,1,0,0,0,1,53.0,,,,1,1,1,1,7
202100029686,2021-07-11 03:45:00,2021,7,11,3,45,21,21378,RD 5F,47.858555,4.413006,Nuit sans éclairage public,Hors agglomération,Hors intersection,Normale,Deux véhicules - frontale,3,2,2,0,3,1,1,0,1,80,,1,0,0,1,0,18.0,,,,3,1,1,1,1
202100029687,2021-07-10 21:00:00,2021,7,10,21,0,21,21358,D19 pk 11+50,47.612415,4.517374,Plein jour,Hors agglomération,Hors intersection,Pluie forte,Deux véhicules - côté,3,2,2,0,1,2,2,0,3,80,,1,0,1,0,0,26.0,,,,1,1,1,3,3
202100029688,2021-07-09 07:20:00,2021,7,9,7,20,17,17482,D115,46.152011,-0.81243,Plein jour,Hors agglomération,Hors intersection,Normale,Deux véhicules - côté,3,2,2,0,1,1,1,0,1,80,,2,1,0,1,0,49.0,30.0,,,1,1,1,1,3
202100029689,2021-07-11 20:04:00,2021,7,11,20,4,30,30101,RD 131,44.078861,4.147317,Plein jour,Hors agglomération,Hors intersection,Normale,Autre collision,3,2,2,0,1,1,1,0,3,80,,1,0,0,1,0,30.0,,,,1,1,1,1,6
202100029690,2021-07-08 23:45:00,2021,7,8,23,45,10,10084,A26,48.396236,4.151595,Nuit sans éclairage public,Hors agglomération,Hors intersection,Normale,Deux véhicules - arrière,1,3,4,0,1,1,1,0,1,130,,6,5,0,1,0,46.0,56.0,,,3,1,1,1,2
202100029691,2021-07-11 08:30:00,2021,7,11,8,30,76,76660,pont de normandie,49.4526208982,0.271359086,Plein jour,Hors agglomération,Hors intersection,Normale,Deux véhicules - côté,2,3,4,2,2,1,1,2,5,70,,2,1,0,0,1,68.0,31.0,,,1,1,1,1,3
202100029692,2021-07-10 16:30:00,2021,7,10,16,30,74,74010,Av d Aix les Bains (Seynod),45.871037,6.074753,Plein jour,Hors agglomération,Intersection en T,Normale,Deux véhicules - côté,3,2,3,0,2,1,1,0,1,80,,2,0,0,1,1,31.0,59.0,,,1,1,3,1,3
202100029693,2021-07-10 03:00:00,2021,7,10,3,0,33,33042,A63,44.428039,-0.817217,Nuit sans éclairage public,Hors agglomération,Hors intersection,Normale,Deux véhicules - arrière,1,1,5,0,1,1,1,0,1,130,,2,1,0,1,0,46.0,51.0,,,3,1,1,1,2
202100029694,2021-07-10 11:15:00,2021,7,10,11,15,38,38534,Le Clapier et L'Ile,44.9846,6.12906,Plein jour,Hors agglomération,Hors intersection,Normale,Deux véhicules - arrière,3,2,2,0,2,4,1,0,1,80,,2,1,1,0,0,56.0,67.0,,,1,1,1,1,2
202100029695,2021-07-10 15:25:00,2021,7,10,15,25,987,98738,"RDO sortie université, sens PUNAAUIA PAPEETE",-17.5762983048,-149.6117949486,Plein jour,Hors agglomération,Intersection en Y,Normale,Deux véhicules - frontale,4,1,4,0,4,3,1,0,1,-1,,2,1,1,0,0,54.0,58.0,,,1,1,4,1,1
202100029696,2021-07-10 17:45:00,2021,7,10,17,45,72,72241,Autoroute A11 PK 155+000 - Sens PARIS - PROVINCE,48.063511,0.401173,Plein jour,Hors agglomération,Hors intersection,Normale,Autre collision,1,3,3,0,1,1,1,0,3,130,,2,0,0,1,1,75.0,,,,1,1,1,1,6
202100029697,2021-07-10 09:20:00,2021,7,10,9,20,83,83116,Autoroute A8 PK 056+400 Nord,43.458402,5.869703,Plein jour,Hors agglomération,Hors intersection,Normale,Deux véhicules - frontale,1,3,3,0,1,1,1,0,1,130,,5,2,0,1,2,50.0,73.0,,,1,1,1,1,1
202100029698,2021-07-11 17:30:00,2021,7,11,17,30,988,98817,ROUTE DU VALLON DORE,-22.250144,166.566516,Crépuscule ou aube,Hors agglomération,Autre intersection,Pluie légère,Sans collision,3,2,2,0,2,2,2,0,8,50,,1,0,0,0,1,41.0,,,,2,1,9,2,7
202100029699,2021-07-11 04:00:00,2021,7,11,4,0,77,77471,D410,48.353411,2.454994,Nuit sans éclairage public,Hors agglomération,Hors intersection,Normale,Autre collision,3,2,2,0,1,1,1,0,1,90,,2,1,0,1,0,81.0,,,,3,1,1,1,6
202100029700,2021-07-09 16:15:00,2021,7,9,16,15,77,77211,RD 619,48.5812,2.964302,Plein jour,Hors agglomération,Intersection en X,Temps éblouissant,Deux véhicules - côté,3,2,1,0,1,1,1,0,1,90,,3,0,1,1,1,66.0,67.0,,,1,1,2,7,3
202100029701,2021-07-11 01:50:00,2021,7,11,1,50,34,34113,Issanka,43.4795713921,3.6991108954,Nuit sans éclairage public,En agglomération,Intersection en T,Normale,Autre collision,3,2,2,0,1,1,1,0,3,50,,3,0,0,2,1,22.0,,,,3,2,3,1,6
202100029702,2021-07-11 11:15:00,2021,7,11,11,15,84,84118,départementale D943,43.9429,5.377636,Plein jour,Hors agglomération,Hors intersection,Normale,Trois véhicules et plus - collisions multiples,3,2,2,0,1,1,1,0,1,80,,3,1,0,0,2,55.0,58.0,,,1,1,1,1,5
202100029703,2021-07-11 11:15:00,2021,7,11,11,15,83,83071,D98,43.1274225597,6.2060598914,Plein jour,Hors agglomération,Hors intersection,Normale,Trois véhicules et plus - en chaîne,3,1,2,0,1,1,1,0,1,90,,6,0,1,1,4,38.0,61.0,,,1,1,1,1,4
202100029704,2021-07-10 20:45:00,2021,7,10,20,45,83,83065,D98a,43.262429,6.60068,Nuit sans éclairage public,En agglomération,Hors intersection,Normale,Deux véhicules - côté,3,2,2,0,1,1,1,0,1,70,,3,1,0,2,0,20.0,58.0,,,3,2,1,1,3
202100029705,2021-07-10 18:15:00,2021,7,10,18,15,13,13030,D8n,43.26855,5.73585,Plein jour,Hors agglomération,Hors intersection,Normale,Deux véhicules - frontale,7,2,2,0,1,3,1,0,1,80,,2,1,0,1,0,27.0,30.0,,,1,1,1,1,1
202100029706,2021-07-10 17:15:00,2021,7,10,17,15,13,13004,18 route de la crau,43.411125,4.726619,Plein jour,En agglomération,Hors intersection,Normale,Deux véhicules - côté,3,2,2,0,1,1,1,0,1,50,,2,1,0,0,1,30.0,74.0,,,1,2,1,1,3