accident_id,datetime,annee,mois,jour,heure,minute,departement,commune_insee,adresse,latitude,longitude,luminosite,agglomeration,intersection,meteo,collision,catr,circ,nbv,vosp,prof,plan,surf,infra,situ,vma,nb_vehicules,nb_usagers,nb_indemnes,nb_tues,nb_blesses_hosp,nb_blesses_legers,age_cond_1,age_cond_2,veh_type_cond_1,veh_type_cond_2,lum_code,agg_code,int_code,atm_code,col_code
202100029707,2021-07-11 14:57:00,2021,7,11,14,57,71,71251,D994,46.898315,4.188457,Plein jour,Hors agglomération,Intersection en X,Normale,Deux véhicules - arrière,3,2,2,0,1,1,1,0,1,80,,2,1,0,1,0,62.0,80.0,,,1,1,2,1,2
202100029708,2021-07-09 18:20:00,2021,7,9,18,20,73,73089,RD 1006,45.539009612,6.1326765681,Plein jour,Hors agglomération,Hors intersection,Normale,Autre collision,3,2,2,0,1,1,1,0,3,80,,4,0,3,1,0,19.0,,,,1,1,1,1,6
202100029709,2021-07-11 07:10:00,2021,7,11,7,10,26,26085,1555 Route Nationale 7,44.516962,4.74472,Crépuscule ou aube,Hors agglomération,Intersection en T,Normale,Deux véhicules - côté,2,2,2,0,1,1,1,0,1,80,,4,3,0,1,0,,24.0,,,2,1,3,1,3
202100029710,2021-07-10 13:00:00,2021,7,10,13,0,69,69295,Route Départementale 307,45.607628,4.853339,Plein jour,Hors agglomération,Hors intersection,Normale,Deux véhicules - côté,3,2,2,1,1,1,1,0,1,80,,5,4,1,0,0,30.0,28.0,,,1,1,1,1,3
202100029711,2021-07-11 16:45:00,2021,7,11,16,45,46,46102,départementale 2 - lieu dit Poutisse,44.604952,2.061117,Plein jour,Hors agglomération,Hors intersection,Normale,Deux véhicules - frontale,3,2,2,0,2,1,1,0,1,80,,2,1,0,0,1,40.0,69.0,,,1,1,1,1,1
202100029712,2021-07-11 17:20:00,2021,7,11,17,20,79,79049,65 Rue de la Grange,46.837669,-0.483974,Plein jour,En agglomération,Intersection en T,Normale,Sans collision,4,1,1,0,1,1,1,0,1,50,,2,1,0,1,0,19.0,,,,1,2,3,1,7
202100029713,2021-07-11 02:43:00,2021,7,11,2,43,64,64304,2467 Route de l Adour,43.493581,-1.396154,Nuit sans éclairage public,Hors agglomération,Hors intersection,Normale,Sans collision,3,2,2,0,1,1,1,0,3,70,,1,0,1,0,0,40.0,,,,3,1,1,1,7
202100029714,2021-07-10 19:40:00,2021,7,10,19,40,33,33435,,44.564732,-0.241098,Plein jour,Hors agglomération,Hors intersection,Normale,Deux véhicules - arrière,3,3,2,0,3,1,1,0,1,80,,2,1,0,0,1,32.0,31.0,,,1,1,1,1,2
202100029715,2021-07-10 22:00:00,2021,7,10,22,0,22,22012,D52,48.584507,-2.431111,Nuit sans éclairage public,Hors agglomération,Intersection en X,Normale,Deux véhicules - côté,3,2,2,0,2,1,2,0,1,-1,,4,2,0,2,0,77.0,41.0,,,3,1,2,1,3
202100029716,2021-07-11 19:00:00,2021,7,11,19,0,80,80313,A1,49.920407,2.851354,Plein jour,Hors agglomération,Hors intersection,Normale,Deux véhicules - côté,1,3,3,0,1,1,1,0,2,130,,4,2,0,0,2,42.0,48.0,,,1,1,1,1,3
202100029717,2021-07-09 09:09:00,2021,7,9,9,9,13,13202,A55-Sens Marseille vers Martigues,43.32927,5.35632,Plein jour,Hors agglomération,Hors intersection,Normale,Sans collision,1,1,2,0,2,2,1,0,1,50,,2,1,0,0,1,48.0,,,,1,1,1,1,7
202100029718,2021-07-09 11:30:00,2021,7,9,11,30,13,13215,A7-Sens Marseille vers Lyon,43.36685,5.36078,Plein jour,Hors agglomération,Hors intersection,Normale,Deux véhicules - côté,1,1,3,0,1,1,1,1,1,90,,3,2,0,0,1,61.0,26.0,,,1,1,1,1,3
202100029719,2021-07-09 20:00:00,2021,7,9,20,0,13,13070,A50-Sens Marseille vers Aubagne,43.28557,5.51288,Plein jour,Hors agglomération,Hors intersection,Normale,Deux véhicules - arrière,1,1,3,0,1,1,1,0,1,90,,3,0,0,0,3,42.0,26.0,,,1,1,1,1,2
202100029720,2021-07-09 17:00:00,2021,7,9,17,0,13,13055,A507 sens Aubagne- Marseille,43.33804,5.39243,Plein jour,Hors agglomération,Hors intersection,Normale,Deux véhicules - arrière,7,-1,3,0,1,1,1,1,1,70,,2,1,0,0,1,22.0,43.0,,,1,1,1,1,2
202100029721,2021-07-09 06:45:00,2021,7,9,6,45,13,13071,A7-Sens Marseille vers Lyon,43.403978,5.303837,Plein jour,Hors agglomération,Hors intersection,Normale,Deux véhicules - côté,1,3,2,0,1,1,1,0,1,90,,2,1,0,0,1,36.0,28.0,,,1,1,1,1,3
202100029722,2021-07-05 12:20:00,2021,7,5,12,20,67,67482,M35,48.5895,7.73169,Plein jour,Hors agglomération,Hors intersection,Normale,Autre collision,7,3,4,0,1,1,1,0,1,90,,1,0,0,0,1,25.0,,,,1,1,1,1,6
202100029723,2021-07-10 15:10:00,2021,7,10,15,10,33,33075,ROCADE A 630,44.88828,-0.58585,Plein jour,Hors agglomération,Hors intersection,Normale,Deux véhicules - arrière,1,3,6,0,1,1,1,0,1,90,,5,4,0,0,1,51.0,58.0,,,1,1,1,1,2
202100029724,2021-07-10 02:55:00,2021,7,10,2,55,33,33080,AUTOROUTE A 62,44.73749,-0.53403,Nuit sans éclairage public,Hors agglomération,Hors intersection,Normale,Deux véhicules - arrière,1,3,4,0,1,1,1,0,1,130,,2,1,0,0,1,27.0,40.0,,,3,1,1,1,2
202100029725,2021-07-10 06:25:00,2021,7,10,6,25,94,94003,AUTOROUTE A6A,48.8026,2.342,Plein jour,Hors agglomération,Hors intersection,Normale,Deux véhicules - arrière,1,1,3,0,2,1,1,0,1,70,,2,0,0,1,1,38.0,25.0,,,1,1,1,1,2
202100029726,2021-07-09 19:35:00,2021,7,9,19,35,91,91136,AUTOROUTE A10,48.71351,2.2785,Plein jour,Hors agglomération,Hors intersection,Normale,Deux véhicules - côté,1,1,3,0,1,1,1,0,1,90,,2,1,0,0,1,38.0,36.0,,,1,1,1,1,3
202100029727,2021-07-09 19:55:00,2021,7,9,19,55,91,91689,AUTOROUTE A10,48.74153,2.32059,Plein jour,Hors agglomération,Hors intersection,Normale,Deux véhicules - côté,1,1,4,0,2,3,1,0,1,90,,2,1,0,0,1,26.0,22.0,,,1,1,1,1,3
202100029728,2021-07-10 15:41:00,2021,7,10,15,41,92,92025,A86,48.9232300709,2.2288666058,Plein jour,Hors agglomération,Hors intersection,Normale,Deux véhicules - arrière,1,3,4,0,1,1,1,0,1,90,,5,4,0,0,1,39.0,38.0,,,1,1,1,1,2
202100029729,2021-07-10 15:05:00,2021,7,10,15,5,92,92025,A86,48.9217595598,2.2261142366,Plein jour,Hors agglomération,Hors intersection,Normale,Trois véhicules et plus - en chaîne,1,3,4,0,1,1,1,0,1,90,,7,6,0,0,1,25.0,30.0,,,1,1,1,1,4
202100029730,2021-07-09 22:40:00,2021,7,9,22,40,93,93066,AUTOROUTE A1,48.90287,2.35863,Nuit avec éclairage allumé,Hors agglomération,Hors intersection,Normale,Deux véhicules - arrière,1,3,9,0,2,1,1,0,1,90,,2,1,0,0,1,24.0,50.0,,,5,1,1,1,2
202100029731,2021-07-09 11:30:00,2021,7,9,11,30,93,93010,AUTOROUTE A3,48.91577,2.47758,Plein jour,Hors agglomération,Hors intersection,Normale,Deux véhicules - côté,1,3,8,0,1,1,1,0,1,90,,2,1,0,0,1,27.0,42.0,,,1,1,1,1,3
202100029732,2021-07-10 13:20:00,2021,7,10,13,20,77,77122,RN104,48.6466701112,2.5861363461,Plein jour,Hors agglomération,Hors intersection,Normale,Autre collision,2,1,2,0,1,1,1,0,1,90,,3,0,0,0,3,21.0,,,,1,1,1,1,6
202100029733,2021-07-09 22:15:00,2021,7,9,22,15,64,64024,10 PROMENADE DES FALAISES ,43.49788,-1.54042,Nuit avec éclairage allumé,En agglomération,Hors intersection,Normale,Deux véhicules - frontale,4,2,2,0,2,1,1,0,1,50,,2,1,0,0,1,22.0,19.0,,,5,2,1,1,1
202100029734,2021-07-09 18:15:00,2021,7,9,18,15,38,38151,AVENUE EDMOND ESMONIN,45.15929,5.72684,Plein jour,En agglomération,Hors intersection,Normale,Deux véhicules - frontale,7,1,3,3,1,1,1,0,1,50,,3,2,0,1,0,22.0,,,,1,2,1,1,1
202100029735,2021-05-07 16:40:00,2021,5,7,16,40,94,94043,CHARLES GIDE (AV),48.8068,2.35116,Plein jour,En agglomération,Hors intersection,Normale,Autre collision,3,2,2,0,1,1,1,0,1,50,,3,1,0,0,2,61.0,,,,1,2,1,1,6
202100029736,2021-07-08 16:00:00,2021,7,8,16,0,974,97411,JAURES (BLD 2 JEAN),-20.90104,55.49683,Plein jour,En agglomération,Giratoire,Normale,Deux véhicules - côté,4,4,2,0,1,2,1,0,1,50,,2,1,0,0,1,72.0,63.0,,,1,2,6,1,3
202100029737,2021-07-09 13:10:00,2021,7,9,13,10,973,97302,BADUEL (ROUTE DE),4.9289,-52.29952,Plein jour,En agglomération,Hors intersection,Normale,Deux véhicules - côté,3,2,2,2,1,1,1,0,1,50,,2,1,0,0,1,38.0,34.0,,,1,2,1,1,3
202100029738,2021-07-08 19:35:00,2021,7,8,19,35,69,69387,JULES GUESDE (PL),45.74668,4.83745,Plein jour,En agglomération,Intersection en X,Normale,Deux véhicules - côté,4,1,1,2,1,1,2,4,6,50,,2,1,0,0,1,55.0,30.0,,,1,2,2,1,3
202100029739,2021-07-08 21:49:00,2021,7,8,21,49,972,97213,AUTOROUTE A1,14.61867,-61.02311,Nuit avec éclairage allumé,Hors agglomération,Hors intersection,Normale,Deux véhicules - arrière,1,2,6,0,1,1,1,0,1,90,,4,2,0,0,2,39.0,19.0,,,5,1,1,1,2
202100029740,2021-07-09 13:15:00,2021,7,9,13,15,972,97209,VICTOR SCHOELCHER (RUE),14.60367,-61.06987,Plein jour,En agglomération,Autre intersection,Normale,Autre collision,4,1,1,0,1,1,1,0,1,30,,2,1,0,1,0,72.0,,,,1,2,9,1,6
202100029741,2021-07-09 07:10:00,2021,7,9,7,10,972,97209,RAVINE VILAINE (CHEMIN DEPARTEMENTAL DE),14.64182,-61.0591,Plein jour,En agglomération,Hors intersection,Normale,Deux véhicules - côté,3,2,2,0,1,1,1,0,1,50,,2,1,0,0,1,26.0,49.0,,,1,2,1,1,3
202100029742,2021-07-08 22:00:00,2021,7,8,22,0,972,97209,AUTOROUTE (A1),14.61142,-61.0509,Nuit sans éclairage public,Hors agglomération,Hors intersection,Normale,Deux véhicules - côté,1,1,4,0,4,2,1,3,1,50,,5,4,0,0,1,21.0,22.0,,,3,1,1,1,3
202100029743,2021-07-08 17:49:00,2021,7,8,17,49,972,97209,RD 41,14.6155,-61.0613,Plein jour,En agglomération,Hors intersection,Normale,Deux véhicules - côté,3,1,4,0,1,1,1,0,1,60,,2,1,0,0,1,23.0,36.0,,,1,2,1,1,3
202100029744,2021-07-08 17:10:00,2021,7,8,17,10,69,69389,DOCTEUR HORAND (DU) (R),45.7718651471,4.8018340766,Plein jour,En agglomération,Hors intersection,Normale,Deux véhicules - arrière,4,1,1,2,1,1,1,0,1,50,,2,1,0,1,0,20.0,27.0,,,1,2,1,1,2
202100029745,2021-07-09 12:35:00,2021,7,9,12,35,2B,2B033,ROUTE ROYALE,42.6794,9.42925,Plein jour,En agglomération,Hors intersection,Normale,Deux véhicules - frontale,3,-1,2,0,2,1,1,9,1,50,,2,1,0,1,0,31.0,,,,1,2,1,1,1
202100029746,2021-07-10 01:30:00,2021,7,10,1,30,2A,2A004,ILES SANGUINAIRES ROUTE DES,41.908,8.685,Nuit avec éclairage allumé,En agglomération,Hors intersection,Normale,Sans collision,3,2,2,0,1,2,1,0,1,50,,1,0,0,0,1,32.0,,,,5,2,1,1,7
202100029747,2021-07-09 07:43:00,2021,7,9,7,43,95,95427,Rue du Muret,48.9749120725,2.3428559303,Plein jour,En agglomération,Intersection en X,Normale,Deux véhicules - côté,3,2,2,0,1,1,1,5,1,50,,2,1,0,0,1,43.0,,,,1,2,2,1,3
202100029748,2021-07-09 16:00:00,2021,7,9,16,0,91,91097,RUE DU MOULIN NEUF,48.6889,2.53395,Plein jour,En agglomération,Hors intersection,Normale,Autre collision,3,2,2,0,1,1,1,0,1,50,,1,0,0,1,0,80.0,,,,1,2,1,1,6
202100029749,2021-07-09 12:35:00,2021,7,9,12,35,91,91223,DIGUE (RUE DE LA),48.42687,2.14688,Plein jour,En agglomération,Hors intersection,Normale,Deux véhicules - côté,4,2,2,0,1,1,1,0,1,50,,2,1,0,0,1,48.0,22.0,,,1,2,1,1,3
202100029750,2021-06-29 16:35:00,2021,6,29,16,35,86,86194,Rue de Montbernage,46.582836,0.359274,Plein jour,En agglomération,Hors intersection,Normale,Autre collision,4,2,2,0,2,1,1,0,1,50,,2,1,0,1,0,23.0,,,,1,2,1,1,6
202100029751,2021-05-14 04:45:00,2021,5,14,4,45,85,85194,AV POMPIDOU,46.49793,-1.78205,Nuit avec éclairage allumé,En agglomération,Giratoire,Normale,Deux véhicules - côté,4,2,2,0,1,1,1,5,1,50,,2,0,0,0,2,18.0,52.0,,,5,2,6,1,3
202100029752,2021-07-09 17:30:00,2021,7,9,17,30,83,83069,SEMARD ( RUE PIERRE ),43.1096919873,6.122482717,Plein jour,En agglomération,Hors intersection,Normale,Deux véhicules - arrière,4,1,1,0,1,1,1,0,1,50,,2,1,0,1,0,55.0,77.0,,,1,2,1,1,2
202100029753,2021-07-09 20:57:00,2021,7,9,20,57,78,78224,NOISY (ROUTE DE),48.85471,2.064302,Plein jour,Hors agglomération,Intersection en T,Normale,Autre collision,3,2,2,0,1,2,1,0,3,70,,1,0,0,1,0,24.0,,,,1,1,3,1,6
202100029754,2021-07-08 02:38:00,2021,7,8,2,38,77,77114,RUE ALBERT DAUVERGNE,48.7274049212,2.6589094503,Nuit avec éclairage allumé,En agglomération,Hors intersection,Normale,Autre collision,5,-1,0,3,2,4,9,6,6,15,,1,0,0,1,0,24.0,,,,5,2,1,1,6
202100029755,2021-07-09 09:15:00,2021,7,9,9,15,76,76575,SEMARD. RUE PIERRE,49.394,1.09333,Plein jour,En agglomération,Hors intersection,Normale,Deux véhicules - côté,4,2,2,0,1,1,1,0,1,500,,2,1,0,0,1,25.0,25.0,,,1,2,1,1,3
202100029756,2021-07-09 03:25:00,2021,7,9,3,25,76,76540,BOULET. QUAI GASTON,49.44291,1.0781,Nuit avec éclairage allumé,En agglomération,Hors intersection,Normale,Deux véhicules - arrière,7,1,1,0,1,1,1,0,1,30,,3,2,0,0,1,24.0,59.0,,,5,2,1,1,2
202100029757,2021-07-08 17:45:00,2021,7,8,17,45,76,76351,Rue Louis Lumière,49.52706,0.13002,Plein jour,Hors agglomération,Intersection en T,Normale,Deux véhicules - côté,3,2,3,0,2,1,1,0,1,50,,2,1,0,1,0,22.0,48.0,,,1,1,3,1,3
202100029758,2021-07-08 13:20:00,2021,7,8,13,20,74,74298,EUROPE (AVENUE DE L'),46.17636,6.24305,Plein jour,En agglomération,Hors intersection,Pluie légère,Deux véhicules - côté,4,2,2,0,2,2,2,0,1,50,,2,1,0,0,1,34.0,53.0,,,1,2,1,2,3
202100029759,2021-07-09 01:49:00,2021,7,9,1,49,72,72181,BOLLEE (AV) N° PAIRS 64 A 146,47.99827,0.21368,Nuit avec éclairage allumé,En agglomération,Hors intersection,Normale,Autre collision,4,2,4,0,2,3,1,0,1,50,,3,2,0,0,1,29.0,,,,5,2,1,1,6
202100029760,2021-07-08 19:00:00,2021,7,8,19,0,72,72181,ESTIENNE D'ORVES (BD D'),47.98425,0.18533,Plein jour,En agglomération,Intersection en X,Normale,Deux véhicules - frontale,4,3,6,0,1,1,1,0,1,70,,2,1,0,0,1,24.0,19.0,,,1,2,2,1,1
202100029761,2021-07-03 09:50:00,2021,7,3,9,50,70,70550,CURIE (RUE PIERRE),47.6127984213,6.1527242884,Plein jour,En agglomération,Hors intersection,Normale,Autre collision,3,2,2,1,1,1,1,0,1,50,,2,1,0,1,0,89.0,,,,1,2,1,1,6
202100029762,2021-07-09 18:35:00,2021,7,9,18,35,69,69256,PAUL TESTE (R),45.77278,4.91291,Plein jour,En agglomération,Hors intersection,Normale,Deux véhicules - arrière,4,2,2,3,1,1,1,0,1,50,,4,1,0,0,3,36.0,,,,1,2,1,1,2
202100029763,2021-07-09 18:00:00,2021,7,9,18,0,69,69266,GREUZE (R),45.77119,4.89368,Plein jour,En agglomération,Intersection en X,Normale,Deux véhicules - côté,4,2,2,0,1,1,1,0,1,50,,2,1,0,0,1,39.0,33.0,,,1,2,2,1,3
202100029764,2021-07-09 13:18:00,2021,7,9,13,18,69,69266,EMILE DECORPS (R),45.7569742548,4.8997682333,Plein jour,En agglomération,Passage à niveau,Normale,Autre collision,4,2,2,2,1,1,1,4,1,50,,2,1,0,0,1,51.0,,,,1,2,8,1,6
202100029765,2021-07-08 18:26:00,2021,7,8,18,26,66,66136,R D 900,42.72324,2.87614,Plein jour,Hors agglomération,Hors intersection,Normale,Deux véhicules - arrière,3,3,4,0,1,1,1,0,1,90,,2,1,0,1,0,41.0,24.0,,,1,1,1,1,2
202100029766,2021-07-07 17:47:00,2021,7,7,17,47,66,66136,R D 900,42.67976,2.87947,Plein jour,Hors agglomération,Hors intersection,Normale,Trois véhicules et plus - collisions multiples,3,-1,4,0,1,1,1,0,1,90,,3,1,0,0,2,51.0,29.0,,,1,1,1,1,5
202100029767,2021-07-08 21:15:00,2021,7,8,21,15,65,65440,MARNE (AVENUE DE LA),43.23216,0.0874,Plein jour,En agglomération,Intersection en X,Temps couvert,Deux véhicules - côté,3,2,2,0,3,1,1,2,1,50,,3,1,0,0,2,42.0,19.0,,,1,2,2,8,3
202100029768,2021-07-09 21:10:00,2021,7,9,21,10,64,64445,Allée Catherine de Bourbon,43.32418,-0.35778,Nuit avec éclairage non allumé,En agglomération,Hors intersection,Normale,Sans collision,4,1,2,0,1,1,1,0,8,50,,1,0,0,0,1,17.0,,,,4,2,1,1,7
202100029769,2021-07-09 15:10:00,2021,7,9,15,10,64,64140,RUE LUCIE AUBRAC,43.52465,-1.4857,Plein jour,En agglomération,Hors intersection,Normale,Deux véhicules - arrière,3,2,2,1,1,1,1,0,1,50,,3,1,0,0,2,24.0,67.0,,,1,2,1,1,2
202100029770,2021-07-09 10:20:00,2021,7,9,10,20,64,64102,URSUYA (AVENUE DE L'),43.47863,-1.49557,Plein jour,En agglomération,Intersection en T,Normale,Deux véhicules - côté,4,2,2,0,2,1,1,0,1,50,,3,2,0,1,0,80.0,21.0,,,1,2,3,1,3
202100029771,2021-07-09 21:30:00,2021,7,9,21,30,62,62737,NATIONALE (ROUTE) CD937,50.4513,2.68706,Plein jour,En agglomération,Giratoire,Normale,Deux véhicules - côté,3,-1,1,0,1,1,1,5,1,50,,3,1,0,2,0,29.0,29.0,,,1,2,6,1,3
202100029772,2021-07-06 18:20:00,2021,7,6,18,20,62,62065,ELUARD PAUL,50.39752,2.83361,Plein jour,En agglomération,Hors intersection,Normale,Deux véhicules - côté,4,2,1,0,1,1,1,0,1,50,,2,1,0,1,0,21.0,44.0,,,1,2,1,1,3
202100029773,2021-06-09 10:50:00,2021,6,9,10,50,58,58194,COLBERT,46.99477,3.15835,Plein jour,En agglomération,Hors intersection,Normale,Sans collision,4,2,2,0,1,1,1,0,1,50,,1,0,0,0,1,26.0,,,,1,2,1,1,7
202100029774,2021-07-07 17:36:00,2021,7,7,17,36,57,57757,ROBERT SCHUMANN (BOULEVARD),49.35379,6.17957,Plein jour,En agglomération,Hors intersection,Normale,Autre collision,3,2,4,0,1,1,1,0,1,50,,2,1,0,0,1,37.0,,,,1,2,1,1,6
202100029775,2021-07-05 13:35:00,2021,7,5,13,35,56,56121,INDES ( QUAI DES ),47.74519,-3.35854,Plein jour,En agglomération,Intersection en X,Normale,Deux véhicules - côté,4,2,2,0,1,1,1,0,1,30,,2,1,0,0,1,52.0,20.0,,,1,2,2,1,3
202100029776,2021-07-05 06:20:00,2021,7,5,6,20,56,56121,ASSEMBLEE-NATIONALE (RUE DE L'),47.74882,-3.36301,Crépuscule ou aube,En agglomération,Intersection en X,Normale,Deux véhicules - côté,4,2,2,3,2,1,1,0,6,30,,3,2,0,0,1,34.0,64.0,,,2,2,2,1,3
202100029777,2021-07-04 10:35:00,2021,7,4,10,35,56,56083,JEAN-MARIE DE LA MENNAIS (RUE),47.80108,-3.27952,Plein jour,En agglomération,Hors intersection,Normale,Autre collision,4,2,2,0,1,1,6,0,1,30,,2,1,0,0,1,40.0,,,,1,2,1,1,6
202100029778,2021-07-04 02:38:00,2021,7,4,2,38,56,56121,Rue Colonel Jean Muller,47.76351,-3.39505,Nuit avec éclairage allumé,En agglomération,Giratoire,Normale,Deux véhicules - côté,4,2,2,3,1,1,1,5,6,30,,2,1,0,0,1,60.0,17.0,,,5,2,6,1,3
202100029779,2021-07-09 10:15:00,2021,7,9,10,15,54,54395,RAUGRAFF (RUE),48.6890614077,6.1823087186,Plein jour,En agglomération,Hors intersection,Normale,Autre collision,4,1,1,0,1,1,1,0,1,30,,2,1,0,0,1,59.0,,,,1,2,1,1,6
202100029780,2021-07-08 16:50:00,2021,7,8,16,50,54,54382,SAINT FIACRE (RUE),49.54097,5.78187,Plein jour,En agglomération,Hors intersection,Normale,Deux véhicules - côté,4,1,1,0,2,4,1,0,1,50,,2,1,0,0,1,17.0,37.0,,,1,2,1,1,3
202100029781,2021-07-09 11:00:00,2021,7,9,11,0,51,51172,Route de Louvois,49.21521,4.05238,Plein jour,En agglomération,Autre intersection,Normale,Sans collision,6,-1,-1,0,1,1,1,0,1,30,,2,1,0,0,1,51.0,,,,1,2,9,1,7
202100029782,2021-07-07 22:30:00,2021,7,7,22,30,50,50602,COTENTIN (BOULEVARD DU),49.63899,-1.5736,Plein jour,En agglomération,Intersection en X,Normale,Deux véhicules - côté,4,2,2,0,1,1,1,0,1,50,,2,1,0,0,1,22.0,,,,1,2,2,1,3
202100029783,2021-07-09 07:39:00,2021,7,9,7,39,49,49007,HAUTE DES BANCHAIS,47.48058,-0.51744,Plein jour,En agglomération,Hors intersection,Normale,Autre collision,4,2,2,0,1,1,1,0,1,50,,2,1,0,0,1,25.0,,,,1,2,1,1,6
202100029784,2021-07-09 02:31:00,2021,7,9,2,31,44,44109,BOULEVARD DES NATIONS UNIES,47.21054,-1.56005,Nuit avec éclairage allumé,En agglomération,Hors intersection,Normale,Deux véhicules - côté,4,2,2,2,1,1,1,0,1,30,,2,1,0,0,1,37.0,,,,5,2,1,1,3
202100029785,2021-07-07 18:00:00,2021,7,7,18,0,42,42305,Rue Mirabeau,45.47931,4.42226,Plein jour,En agglomération,Intersection en Y,Normale,Autre collision,7,2,2,0,1,1,1,0,1,30,,2,1,0,1,0,70.0,,,,1,2,4,1,6
202100029786,2021-07-06 12:15:00,2021,7,6,12,15,40,40088,ARCHERS (RUE DES),43.70899,-1.05481,Plein jour,En agglomération,Intersection en T,Normale,Autre collision,4,1,1,0,1,1,1,6,1,30,,4,2,0,1,1,84.0,,,,1,2,3,1,6
202100029787,2021-06-30 14:00:00,2021,6,30,14,0,40,40088,DOUMER (AVENUE PAUL),43.70236,-1.05652,Plein jour,En agglomération,Intersection en T,Normale,Deux véhicules - côté,4,1,1,1,1,1,1,0,1,30,,3,2,0,1,0,68.0,29.0,,,1,2,3,1,3
202100029788,2021-07-09 17:00:00,2021,7,9,17,0,38,38151,AVENUE GÉNÉRAL DE GAULLE,45.13964,5.71389,Plein jour,En agglomération,Hors intersection,Normale,Autre collision,7,3,1,1,1,1,1,0,5,50,,1,0,0,1,0,49.0,,,,1,2,1,1,6
202100029789,2021-07-08 18:30:00,2021,7,8,18,30,37,37122,CHINON (BOULEVARD DE),47.3520912961,0.6869664432,Plein jour,En agglomération,Hors intersection,Normale,Deux véhicules - arrière,4,2,2,0,1,3,1,0,1,50,,4,2,0,0,2,52.0,40.0,,,1,2,1,1,2
202100029790,2021-07-08 15:18:00,2021,7,8,15,18,37,37261,BORDIERS (RUE DES),47.4249275734,0.6725732982,Plein jour,En agglomération,Hors intersection,Normale,Autre collision,4,1,1,3,1,1,1,0,6,30,,2,1,0,1,0,33.0,,,,1,2,1,1,6
202100029791,2021-06-01 09:40:00,2021,6,1,9,40,36,36202,Route de Gireugne,46.779,1.67493,Plein jour,Hors agglomération,Hors intersection,Normale,Deux véhicules - arrière,4,2,2,0,1,1,1,0,1,80,,2,1,0,1,0,62.0,55.0,,,1,1,1,1,2
202100029792,2021-06-17 18:25:00,2021,6,17,18,25,36,36044,21 Rue du 11 Novembre 1918,46.8058440635,1.7042917013,Plein jour,En agglomération,Hors intersection,Normale,Autre collision,4,2,2,0,1,1,1,0,1,50,,2,1,0,0,1,35.0,,,,1,2,1,1,6
202100029793,2021-07-09 19:40:00,2021,7,9,19,40,35,35238,ALBERT 1ER (BD),48.089918719,-1.6861774027,Plein jour,En agglomération,Hors intersection,Normale,Deux véhicules - côté,4,3,2,2,1,1,1,0,4,50,,4,3,0,0,1,27.0,35.0,,,1,2,1,1,3
202100029794,2021-07-09 23:55:00,2021,7,9,23,55,33,33063,Boulevard des Frères Moga,44.8318,-0.5575,Nuit avec éclairage allumé,En agglomération,Hors intersection,Autre,Autre collision,4,1,2,0,1,3,1,1,1,50,,2,0,0,0,2,30.0,,,,5,2,1,9,6
202100029795,2021-07-09 12:35:00,2021,7,9,12,35,33,33200,Rue du Médoc,44.88374,-0.67696,Plein jour,En agglomération,Intersection en T,Normale,Deux véhicules - côté,4,2,2,2,1,1,1,5,1,30,,2,1,0,0,1,31.0,18.0,,,1,2,3,1,3
202100029796,2021-07-09 18:20:00,2021,7,9,18,20,31,31555,VA007418 PONT JUMEAUX A620 Sortie 30,43.60922,1.4126,Plein jour,Hors agglomération,Hors intersection,Normale,Deux véhicules - côté,1,1,1,0,1,1,1,0,1,90,,2,1,0,0,1,27.0,,,,1,1,1,1,3
202100029797,2021-07-07 23:50:00,2021,7,7,23,50,30,30007,GRABIEUX (QUAI DU),44.14026,4.08757,Nuit avec éclairage allumé,En agglomération,Hors intersection,Normale,Deux véhicules - arrière,4,3,2,0,1,1,2,0,1,50,,3,2,0,0,1,34.0,26.0,,,5,2,1,1,2
202100029798,2021-07-08 17:05:00,2021,7,8,17,5,30,30243,RESPESCHAS (CHEMIN DU),44.09136,4.06829,Plein jour,En agglomération,Hors intersection,Normale,Sans collision,4,-1,1,0,1,1,1,0,1,50,,1,0,0,0,1,26.0,,,,1,2,1,1,7
202100029799,2021-07-09 15:30:00,2021,7,9,15,30,29,29232,Avenue de Ty Bos,47.96665,-4.06122,Plein jour,Hors agglomération,Hors intersection,Normale,Deux véhicules - arrière,3,2,2,0,1,1,1,5,1,70,,2,0,0,0,2,18.0,19.0,,,1,1,1,1,2
202100029800,2021-07-09 11:35:00,2021,7,9,11,35,29,29051,Route de Kerourvois,48.00303,-4.05547,Plein jour,Hors agglomération,Hors intersection,Normale,Deux véhicules - côté,4,2,2,0,1,1,1,0,1,50,,3,2,0,0,1,21.0,41.0,,,1,1,1,1,3
202100029801,2021-07-08 22:55:00,2021,7,8,22,55,17,17300,JOFFRE   BOULEVARD (79 et 18),46.15659,-1.14287,Nuit avec éclairage allumé,En agglomération,Autre intersection,Normale,Deux véhicules - côté,4,2,2,0,1,1,1,0,1,50,,2,1,0,0,1,33.0,74.0,,,5,2,9,1,3
202100029802,2021-07-09 15:50:00,2021,7,9,15,50,14,14118,Rue de Geôle,49.18417,-0.36159,Plein jour,En agglomération,Hors intersection,Pluie légère,Deux véhicules - côté,4,2,2,0,1,1,2,0,1,50,,2,1,0,0,1,14.0,30.0,,,1,2,1,2,3
202100029803,2021-07-08 15:40:00,2021,7,8,15,40,13,13106,8 MAI 1945 (AVENUE DU),43.39378,5.36477,Plein jour,En agglomération,Hors intersection,Normale,Deux véhicules - côté,7,2,2,0,2,1,1,0,1,50,,6,4,0,1,1,30.0,86.0,,,1,2,1,1,3