accident_id,datetime,annee,mois,jour,heure,minute,departement,commune_insee,adresse,latitude,longitude,luminosite,agglomeration,intersection,meteo,collision,catr,circ,nbv,vosp,prof,plan,surf,infra,situ,vma,nb_vehicules,nb_usagers,nb_indemnes,nb_tues,nb_blesses_hosp,nb_blesses_legers,age_cond_1,age_cond_2,veh_type_cond_1,veh_type_cond_2,lum_code,agg_code,int_code,atm_code,col_code
202100029804,2021-07-09 13:30:00,2021,7,9,13,30,13,13103,RTE DE MIRAMAS-RD 69,43.62990954,5.0611460209,Plein jour,Hors agglomération,Hors intersection,Normale,Deux véhicules - frontale,7,3,2,0,1,2,1,0,1,80,,1,0,0,0,1,20.0,,,,1,1,1,1,1
202100029805,2021-07-09 14:40:00,2021,7,9,14,40,13,13215,SAINT ANTOINE (AVENUE DE),43.3681,5.3564,Plein jour,En agglomération,Intersection en T,Normale,Deux véhicules - côté,4,2,2,0,1,1,1,0,1,50,,2,1,0,0,1,26.0,51.0,,,1,2,3,1,3
202100029806,2021-07-09 04:10:00,2021,7,9,4,10,13,13208,CARMAGNOLES (BD),43.2683,5.38808,Nuit avec éclairage allumé,En agglomération,Hors intersection,Normale,Autre collision,4,1,1,0,1,1,1,0,1,50,,1,0,0,1,0,50.0,,,,5,2,1,1,6
202100029807,2021-07-08 18:46:00,2021,7,8,18,46,13,13001,BENOIT FERNAND (AV),43.55043,5.43863,Plein jour,En agglomération,Intersection en Y,Normale,Deux véhicules - côté,7,2,2,1,1,1,1,0,1,50,,2,1,0,0,1,28.0,49.0,,,1,2,4,1,3
202100029808,2021-07-09 10:22:00,2021,7,9,10,22,10,10387,CHAILLOUET RUE),48.305355,4.085209,Plein jour,En agglomération,Hors intersection,Normale,Deux véhicules - côté,4,2,-1,0,1,1,1,0,1,50,,3,1,0,0,2,37.0,53.0,,,1,2,1,1,3
202100029809,2021-07-08 14:20:00,2021,7,8,14,20,10,10060,GENERAL LECLERC (RUE DU),48.25451,4.09618,Plein jour,En agglomération,Hors intersection,Pluie légère,Deux véhicules - arrière,3,2,2,0,1,1,2,0,1,50,,4,3,0,0,1,46.0,53.0,,,1,2,1,2,2
202100029810,2021-07-09 09:45:00,2021,7,9,9,45,09,09122,LERIDA (AVENUE DE),42.964405,1.602892,Plein jour,En agglomération,Hors intersection,Normale,Autre collision,3,3,2,0,1,3,1,9,1,50,,2,1,0,0,1,66.0,,,,1,2,1,1,6
202100029811,2021-07-09 21:50:00,2021,7,9,21,50,07,07201,,44.434684,4.341747,Nuit avec éclairage allumé,En agglomération,Intersection en X,Normale,Deux véhicules - côté,3,2,2,0,2,1,1,0,1,30,,3,2,0,1,0,18.0,69.0,,,5,2,2,1,3
202100029812,2021-07-09 10:40:00,2021,7,9,10,40,07,07102,REPUBLIQUE (AV. DE LA) [DU N° AU N°],44.93681,4.86716,Plein jour,En agglomération,Hors intersection,Normale,Deux véhicules - côté,6,-1,-1,0,1,1,1,9,8,30,,2,1,0,0,1,52.0,39.0,,,1,2,1,1,3
202100029813,2021-07-09 17:50:00,2021,7,9,17,50,06,06012,CARNIER (AVENUE DU),43.74253,7.422073,Plein jour,En agglomération,Hors intersection,Normale,Autre collision,4,1,1,0,1,1,1,0,1,30,,1,0,0,1,0,26.0,,,,1,2,1,1,6
202100029814,2021-07-09 16:35:00,2021,7,9,16,35,04,04112,Ch de la Lienne,43.8254,5.8055,Plein jour,Hors agglomération,Hors intersection,Normale,Sans collision,4,2,2,1,1,3,1,0,8,30,,1,0,0,0,1,30.0,,,,1,1,1,1,7
202100029815,2021-07-09 07:20:00,2021,7,9,7,20,01,01053,,46.20967,5.23011,Plein jour,En agglomération,Intersection en X,Normale,Deux véhicules - arrière,3,-1,5,0,1,1,1,5,1,50,,2,1,0,0,1,72.0,60.0,,,1,2,2,1,2
202100029816,2021-07-09 18:00:00,2021,7,9,18,0,75,75112,ECHANGEUR BERCY,48.825591,2.392255,Plein jour,En agglomération,Hors intersection,Normale,Deux véhicules - arrière,4,1,2,0,1,1,1,1,1,50,,2,1,0,0,1,40.0,49.0,,,1,2,1,1,2
202100029817,2021-07-09 09:50:00,2021,7,9,9,50,75,75120,PORTE DES LILAS,48.872376,2.412504,Plein jour,En agglomération,Hors intersection,Normale,Trois véhicules et plus - en chaîne,4,1,4,0,1,1,1,1,1,70,,3,2,0,0,1,35.0,22.0,,,1,2,1,1,4
202100029818,2021-07-08 23:23:00,2021,7,8,23,23,75,75106,QUAI DE CONTI,48.857862,2.336231,Nuit avec éclairage allumé,En agglomération,Intersection en T,Normale,Deux véhicules - arrière,4,2,5,1,1,1,1,0,5,50,,2,0,0,0,2,29.0,30.0,,,5,2,3,1,2
202100029819,2021-07-09 16:15:00,2021,7,9,16,15,75,75119,AVENUE DE LA PORTE BRUNET,48.883456,2.39578,Plein jour,En agglomération,Intersection en T,Normale,Autre collision,4,2,2,0,2,1,1,0,1,50,,2,1,0,0,1,31.0,,,,1,2,3,1,6
202100029820,2021-07-09 14:50:00,2021,7,9,14,50,75,75117,PLACE DE LA PORTE MAILLOT,48.877547,2.283845,Plein jour,En agglomération,Place,Temps couvert,Deux véhicules - côté,4,1,4,0,1,2,1,8,1,50,,3,1,0,0,2,45.0,59.0,,,1,2,7,8,3
202100029821,2021-07-07 11:30:00,2021,7,7,11,30,75,75117,BOULEVARD DES BATIGNOLLES,48.88211,2.320414,Plein jour,En agglomération,Intersection en X,Normale,Deux véhicules - arrière,4,3,2,0,1,1,1,0,1,50,,3,2,0,0,1,52.0,46.0,,,1,2,2,1,2
202100029822,2021-07-09 16:20:00,2021,7,9,16,20,75,75115,RUE LEBLANC,48.83651,2.280011,Plein jour,En agglomération,Hors intersection,Normale,Deux véhicules - arrière,4,1,2,0,1,1,1,0,1,50,,2,1,0,0,1,24.0,74.0,,,1,2,1,1,2
202100029823,2021-07-08 08:50:00,2021,7,8,8,50,75,75115,RUE MARMONTEL,48.836746,2.299555,Plein jour,En agglomération,Intersection en X,Normale,Deux véhicules - côté,4,1,1,0,1,1,1,0,1,30,,2,1,0,0,1,29.0,52.0,,,1,2,2,1,3
202100029824,2021-07-09 19:20:00,2021,7,9,19,20,75,75114,BOULEVARD BRUNE,48.823149,2.325521,Plein jour,En agglomération,Place,Normale,Autre collision,4,3,2,0,1,1,1,0,1,50,,2,1,0,0,1,18.0,,,,1,2,7,1,6
202100029825,2021-07-09 02:15:00,2021,7,9,2,15,75,75113,RUE DE TOLBIAC,48.826462,2.341775,Nuit avec éclairage allumé,En agglomération,Intersection à plus de 4 branches,Normale,Deux véhicules - côté,4,2,4,0,2,1,1,0,1,50,,2,1,0,0,1,36.0,21.0,,,5,2,5,1,3
202100029826,2021-07-09 00:15:00,2021,7,9,0,15,75,75113,BOULEVARD MASSENA,48.822716,2.373039,Nuit avec éclairage allumé,En agglomération,Intersection en Y,Normale,Deux véhicules - côté,4,3,2,0,2,1,1,0,1,50,,4,3,0,0,1,38.0,41.0,,,5,2,4,1,3
202100029827,2021-07-08 15:10:00,2021,7,8,15,10,75,75112,QUAI DE LA RAPEE,48.84344,2.370723,Plein jour,En agglomération,Intersection en X,Normale,Deux véhicules - côté,4,1,3,0,2,1,1,0,1,50,,2,1,0,0,1,37.0,27.0,,,1,2,2,1,3
202100029828,2021-07-08 08:45:00,2021,7,8,8,45,75,75112,AVENUE DAUMESNIL,48.838466,2.398681,Plein jour,En agglomération,Intersection en T,Normale,Autre collision,4,-1,1,0,1,1,1,0,1,50,,2,1,0,0,1,48.0,,,,1,2,3,1,6
202100029829,2021-07-09 17:15:00,2021,7,9,17,15,75,75110,BOULEVARD DE MAGENTA,48.879504,2.35322,Plein jour,En agglomération,Intersection en Y,Normale,Sans collision,4,2,4,0,1,1,1,0,1,50,,1,0,0,0,1,44.0,,,,1,2,4,1,7
202100029830,2021-07-09 14:55:00,2021,7,9,14,55,75,75110,RUE DU FAUBOURG SAINT MARTIN,48.875863,2.360268,Plein jour,En agglomération,Intersection en T,Normale,Deux véhicules - côté,4,2,3,0,1,1,1,0,1,30,,2,1,0,0,1,29.0,52.0,,,1,2,3,1,3
202100029831,2021-07-09 10:45:00,2021,7,9,10,45,75,75110,RUE D HAUTEVILLE,48.873824,2.350516,Plein jour,En agglomération,Intersection en X,Normale,Autre collision,4,1,1,0,1,1,1,0,4,30,,2,1,0,0,1,25.0,,,,1,2,2,1,6
202100029832,2021-07-09 00:45:00,2021,7,9,0,45,75,75101,QUAI DES TUILERIES,48.861806,2.327205,Nuit avec éclairage allumé,En agglomération,Hors intersection,Normale,Deux véhicules - frontale,4,1,3,0,1,1,1,0,1,50,,2,1,0,0,1,32.0,26.0,,,5,2,1,1,1
202100029833,2021-07-09 17:55:00,2021,7,9,17,55,75,75107,AVENUE DE LOWENDAL,48.852702,2.309565,Plein jour,En agglomération,Intersection en X,Normale,Autre collision,4,2,2,0,1,1,1,0,1,50,,2,1,0,0,1,25.0,,,,1,2,2,1,6
202100029834,2021-07-09 14:05:00,2021,7,9,14,5,75,75107,RUE SAINT DOMINIQUE,48.859359,2.305773,Plein jour,En agglomération,Hors intersection,Normale,Deux véhicules - côté,4,1,1,0,1,1,1,0,1,50,,2,1,0,0,1,27.0,56.0,,,1,2,1,1,3
202100029835,2021-07-09 16:30:00,2021,7,9,16,30,75,75108,PLACE DE LA CONCORDE,48.864103,2.32011,Plein jour,En agglomération,Place,Normale,Autre collision,4,3,4,0,1,1,1,0,1,50,,1,0,0,0,1,48.0,,,,1,2,7,1,6
202100029836,2021-07-09 16:50:00,2021,7,9,16,50,94,94074,Avenue Guy Môquet,48.73991,2.47338,Plein jour,En agglomération,Hors intersection,Normale,Sans collision,3,1,2,0,1,1,1,0,1,50,,1,0,0,0,1,20.0,,,,1,2,1,1,7
202100029837,2021-07-09 12:55:00,2021,7,9,12,55,94,94078,Avenue Anatole France,48.739891,2.45642,Plein jour,En agglomération,Intersection en X,Normale,Deux véhicules - frontale,4,2,2,0,1,1,1,0,1,50,,2,1,0,0,1,34.0,26.0,,,1,2,2,1,1
202100029838,2021-07-09 09:00:00,2021,7,9,9,0,94,94068,Rue Albert de Mun,48.78723,2.48851,Plein jour,En agglomération,Intersection en X,Normale,Deux véhicules - côté,4,2,2,0,1,1,1,0,1,30,,2,1,0,0,1,,60.0,,,1,2,2,1,3
202100029839,2021-07-09 12:30:00,2021,7,9,12,30,94,94052,Boulevard de Strasbourg,48.845107,2.488953,Plein jour,En agglomération,Hors intersection,Normale,Deux véhicules - arrière,3,2,2,0,2,1,1,0,1,50,,2,1,0,0,1,27.0,34.0,,,1,2,1,1,2
202100029840,2021-07-09 00:10:00,2021,7,9,0,10,94,94042,Avenue du Général Galliéni,48.82006,2.47936,Nuit avec éclairage allumé,En agglomération,Intersection en X,Normale,Sans collision,3,-1,2,1,1,1,1,0,1,50,,1,0,0,0,1,31.0,,,,5,2,2,1,7
202100029841,2021-07-09 19:00:00,2021,7,9,19,0,94,94041,Rue Paul Andrieux,48.81205,2.36675,Plein jour,En agglomération,Hors intersection,Normale,Deux véhicules - frontale,3,2,3,1,1,1,1,0,1,50,,2,1,0,0,1,47.0,25.0,,,1,2,1,1,1
202100029842,2021-07-09 13:55:00,2021,7,9,13,55,94,94033,ROGER SALENGRO (R),48.85063,2.48829,Plein jour,En agglomération,Hors intersection,Normale,Deux véhicules - côté,4,2,2,0,1,1,1,0,1,50,,4,2,0,1,1,39.0,50.0,,,1,2,1,1,3
202100029843,2021-07-09 12:30:00,2021,7,9,12,30,94,94017,ROITELETS (R DES),48.80987,2.55092,Plein jour,En agglomération,Intersection en X,Normale,Deux véhicules - côté,4,2,2,0,1,1,1,5,1,50,,2,1,0,0,1,44.0,55.0,,,1,2,2,1,3
202100029844,2021-07-08 22:15:00,2021,7,8,22,15,93,93070,DOCTEUR BAUER(RUE DU) :N° 1 AU 73,48.910237,2.337833,Nuit avec éclairage allumé,En agglomération,Hors intersection,Normale,Deux véhicules - arrière,3,2,2,0,1,1,1,0,1,50,,2,1,0,0,1,73.0,,,,5,2,1,1,2
202100029845,2021-07-09 18:15:00,2021,7,9,18,15,93,93079,Route de Saint-Leu,48.952268,2.338002,Plein jour,En agglomération,Intersection en T,Normale,Deux véhicules - frontale,3,1,1,0,1,1,1,0,1,50,,3,2,0,0,1,19.0,19.0,,,1,2,3,1,1
202100029846,2021-07-09 15:40:00,2021,7,9,15,40,93,93048,Rue de Rosny,48.86886,2.46175,Plein jour,En agglomération,Hors intersection,Normale,Autre collision,3,2,2,0,1,1,1,0,1,50,,2,0,0,0,1,,,,,1,2,1,1,6
202100029847,2021-07-09 18:20:00,2021,7,9,18,20,93,93079,ROGER SALENGRO,48.96393,2.34388,Plein jour,En agglomération,Hors intersection,Normale,Deux véhicules - côté,4,2,2,0,1,1,1,0,1,50,,2,1,0,0,1,51.0,,,,1,2,1,1,3
202100029848,2021-07-09 12:20:00,2021,7,9,12,20,93,93031,Rue de Paris,48.954222,2.31006,Plein jour,En agglomération,Autre intersection,Normale,Autre collision,4,2,2,3,1,1,1,6,6,30,,2,1,0,0,1,,,,,1,2,9,1,6
202100029849,2021-07-09 16:00:00,2021,7,9,16,0,93,93029,ANATOLE FRANCE,48.9256186568,2.4489051104,Plein jour,En agglomération,Hors intersection,Normale,Deux véhicules - frontale,4,1,2,0,1,1,1,6,8,50,,2,1,0,0,1,29.0,,,,1,2,1,1,1
202100029850,2021-07-09 13:00:00,2021,7,9,13,0,93,93008,JAURES (AVENUE JEAN),48.9053855587,2.4393190756,Plein jour,En agglomération,Hors intersection,Normale,Deux véhicules - côté,4,2,2,0,1,1,1,9,1,50,,2,1,0,0,1,20.0,28.0,,,1,2,1,1,3
202100029851,2021-07-09 15:19:00,2021,7,9,15,19,93,93005,Rue Camille Pelletan,48.94304,2.49564,Plein jour,En agglomération,Hors intersection,Normale,Autre collision,6,-1,-1,0,1,1,1,0,1,50,,2,1,0,0,1,46.0,,,,1,2,1,1,6
202100029852,2021-07-09 09:50:00,2021,7,9,9,50,93,93005,Avenue Charles de Gaulle,48.930992,2.484035,Plein jour,En agglomération,Hors intersection,Normale,Deux véhicules - arrière,3,1,1,0,2,1,1,0,1,50,,3,2,0,0,1,24.0,43.0,,,1,2,1,1,2
202100029853,2021-07-09 09:20:00,2021,7,9,9,20,92,92046,SAVIER (RUE),48.8211505132,2.3074573181,Plein jour,En agglomération,Hors intersection,Normale,Autre collision,4,1,1,0,1,1,1,0,1,30,,2,1,0,0,1,34.0,,,,1,2,1,1,6
202100029854,2021-07-09 07:45:00,2021,7,9,7,45,92,92050,HAVRE BOULEVARD DU,48.9196963141,2.2215396166,Plein jour,En agglomération,Hors intersection,Normale,Deux véhicules - côté,3,1,2,0,2,1,1,9,5,50,,2,1,0,0,1,45.0,51.0,,,1,2,1,1,3
202100029855,2021-07-08 16:00:00,2021,7,8,16,0,92,92050,JOFFRE MARECHAL AVENUE DU,48.8857421147,2.1968150139,Plein jour,En agglomération,Hors intersection,Normale,Deux véhicules - côté,3,2,0,0,1,1,1,1,1,50,,2,1,0,0,1,41.0,20.0,,,1,2,1,1,3
202100029856,2021-07-09 18:30:00,2021,7,9,18,30,92,92035,République ( boulevard de la ),48.9069175787,2.2442311049,Plein jour,En agglomération,Intersection en T,Normale,Deux véhicules - côté,3,2,1,0,1,1,1,0,1,50,,2,0,0,0,2,40.0,32.0,,,1,2,3,1,3
202100029857,2021-07-09 21:30:00,2021,7,9,21,30,92,92026,HÔTEL DE VILLE (RUE),48.89625,2.25642,Crépuscule ou aube,En agglomération,Hors intersection,Normale,Deux véhicules - côté,3,3,3,1,2,1,1,9,1,50,,2,1,0,0,1,21.0,27.0,,,2,2,1,1,3
202100029858,2021-07-08 20:45:00,2021,7,8,20,45,92,92025,ESTIENNE D'ORVES (RUE),48.914975,2.242046,Plein jour,En agglomération,Hors intersection,Normale,Deux véhicules - côté,4,-1,0,0,1,1,1,0,1,50,,2,0,0,0,2,44.0,45.0,,,1,2,1,1,3
202100029859,2021-07-09 19:08:00,2021,7,9,19,8,92,92024,JEAN JAURES (BD) DE (120 A 138),48.9063408503,2.3011226798,Plein jour,En agglomération,Hors intersection,Normale,Deux véhicules - côté,3,1,2,1,1,1,1,0,1,50,,2,1,0,0,1,50.0,,,,1,2,1,1,3
202100029860,2021-07-08 22:47:00,2021,7,8,22,47,92,92024,MARTRE DE (4 A 54),48.89984,2.30898,Nuit avec éclairage allumé,En agglomération,Hors intersection,Normale,Deux véhicules - arrière,3,1,4,3,1,1,1,0,1,50,,3,2,0,0,1,46.0,45.0,,,5,2,1,1,2
202100029861,2021-07-08 15:00:00,2021,7,8,15,0,92,92024,VICTOR HUGO (BD),48.90316,2.31971,Plein jour,En agglomération,Intersection en T,Temps couvert,Deux véhicules - arrière,3,2,2,0,1,1,1,0,1,50,,2,1,0,0,1,27.0,22.0,,,1,2,3,8,2
202100029862,2021-07-09 20:30:00,2021,7,9,20,30,92,92002,ARISTIDE BRIAND (AVENUE),48.7585894182,2.3070377111,Plein jour,En agglomération,Intersection en T,Normale,Deux véhicules - côté,3,2,4,0,1,1,1,0,1,50,,2,1,0,0,1,19.0,54.0,,,1,2,3,1,3
202100029863,2021-07-09 18:45:00,2021,7,9,18,45,92,92014,GENERAL LECLERC (AV.) (135 A FIN - 134 A,48.77519,2.31374,Plein jour,En agglomération,Hors intersection,Normale,Deux véhicules - côté,3,1,2,0,1,1,1,0,1,50,,2,1,0,0,1,33.0,44.0,,,1,2,1,1,3
202100029864,2021-07-09 10:05:00,2021,7,9,10,5,86,86272,Rue de Lencloitre,46.8150245,0.435931,Plein jour,En agglomération,Hors intersection,Normale,Deux véhicules - arrière,3,2,2,0,1,1,1,0,1,50,,2,1,0,1,0,19.0,58.0,,,1,2,1,1,2
202100029865,2021-07-09 19:35:00,2021,7,9,19,35,68,68366,D4,48.109845,7.43871,Plein jour,Hors agglomération,Giratoire,Normale,Deux véhicules - côté,3,2,2,0,1,2,1,0,1,80,,2,1,0,0,1,42.0,29.0,,,1,1,6,1,3
202100029866,2021-07-10 03:05:00,2021,7,10,3,5,62,62759,D341,50.649713,1.90105,Nuit sans éclairage public,Hors agglomération,Hors intersection,Normale,Autre collision,3,2,2,0,2,1,1,0,3,80,,1,0,1,0,0,32.0,,,,3,1,1,1,6
202100029867,2021-07-09 19:05:00,2021,7,9,19,5,51,51439,Rue de la Gare,49.3238323999,4.1483227879,Plein jour,Hors agglomération,Hors intersection,Normale,Sans collision,3,2,2,0,1,1,1,0,8,80,,1,0,0,1,0,25.0,,,,1,1,1,1,7
202100029868,2021-07-09 12:00:00,2021,7,9,12,0,51,51662,Avenue de Rethel,49.297511,4.130049,Plein jour,En agglomération,Giratoire,Normale,Deux véhicules - côté,3,1,1,0,1,1,1,5,1,50,,2,1,0,1,0,26.0,19.0,,,1,2,6,1,3
202100029869,2021-07-07 18:50:00,2021,7,7,18,50,51,51028,Boulevard Jules Ferry,49.069235136,4.0455110664,Plein jour,En agglomération,Hors intersection,Normale,Sans collision,3,2,2,0,1,1,1,0,4,50,,1,0,0,0,1,39.0,,,,1,2,1,1,7
202100029870,2021-07-09 08:55:00,2021,7,9,8,55,74,74256,28 Qu Alexandre Curral,45.93574,6.630014,Plein jour,En agglomération,Hors intersection,Normale,Autre collision,3,1,1,0,1,1,1,0,1,50,,2,1,0,1,0,60.0,,,,1,2,1,1,6
202100029871,2021-07-10 11:52:00,2021,7,10,11,52,2A,2A271,T22,41.957615,8.801529,Plein jour,En agglomération,Hors intersection,Normale,Deux véhicules - côté,2,-1,2,0,1,1,1,0,1,50,,2,1,1,0,0,59.0,54.0,,,1,2,1,1,3
202100029872,2021-07-10 09:00:00,2021,7,10,9,0,2B,2B207,RT 10,42.44528,9.507734,Plein jour,En agglomération,Hors intersection,Normale,Deux véhicules - arrière,2,2,1,0,1,1,1,0,1,50,,5,3,0,0,2,23.0,43.0,,,1,2,1,1,2
202100029873,2021-07-10 12:18:00,2021,7,10,12,18,12,12203,D 23,43.979533,2.96901,Plein jour,Hors agglomération,Hors intersection,Normale,Autre collision,3,2,2,0,2,4,1,0,1,80,,1,0,0,0,1,36.0,,,,1,1,1,1,6
202100029874,2021-07-09 14:20:00,2021,7,9,14,20,22,22265,Croas Diben (Calvaire),48.759078,-3.396183,Plein jour,Hors agglomération,Intersection en T,Normale,Deux véhicules - côté,3,2,2,0,1,1,1,0,1,80,,2,1,0,1,0,64.0,23.0,,,1,1,3,1,3
202100029875,2021-07-09 21:00:00,2021,7,9,21,0,25,25127,Cerneux Maillot,47.192658,6.822531,Plein jour,Hors agglomération,Hors intersection,Normale,Sans collision,3,2,2,0,2,2,1,0,3,80,,1,0,0,1,0,42.0,,,,1,1,1,1,7
202100029876,2021-07-10 01:30:00,2021,7,10,1,30,25,25002,D107,47.127359,5.884885,Nuit sans éclairage public,Hors agglomération,Hors intersection,Normale,Deux véhicules - frontale,3,2,2,0,2,3,1,0,1,80,,4,3,0,0,1,59.0,20.0,,,3,1,1,1,1
202100029877,2021-07-09 15:25:00,2021,7,9,15,25,44,44127,11 Rue de la Paix,47.017142,-1.434419,Plein jour,En agglomération,Hors intersection,Normale,Deux véhicules - côté,3,2,2,0,1,2,1,0,1,30,,2,1,0,1,0,17.0,35.0,,,1,2,1,1,3
202100029878,2021-07-07 15:50:00,2021,7,7,15,50,35,35179,Place des 4 Freres de Villele,48.514211,-1.89981,Plein jour,En agglomération,Intersection en T,Temps couvert,Autre collision,3,1,1,0,1,1,1,0,1,50,,2,1,0,1,0,56.0,,,,1,2,3,8,6
202100029879,2021-07-09 19:15:00,2021,7,9,19,15,31,31490,11 rue vivaldi,43.74684,1.372926,Plein jour,En agglomération,Hors intersection,Normale,Autre collision,4,2,2,0,1,1,1,0,1,50,,4,3,0,1,0,34.0,,,,1,2,1,1,6
202100029880,2021-07-09 21:50:00,2021,7,9,21,50,02,02746,D1044 direction LAON,49.674641,3.349468,Nuit sans éclairage public,Hors agglomération,Intersection en T,Normale,Deux véhicules - côté,3,2,2,0,1,1,1,5,1,80,,6,2,0,4,0,59.0,23.0,,,3,1,3,1,3
202100029881,2021-07-10 01:10:00,2021,7,10,1,10,03,03289,Queue de l Etang,46.379978,3.536042,Nuit sans éclairage public,Hors agglomération,Hors intersection,Normale,Autre collision,3,2,2,0,1,1,1,0,3,90,,1,0,1,0,0,32.0,,,,3,1,1,1,6
202100029882,2021-07-10 03:00:00,2021,7,10,3,0,15,15042,D10,45.198229,3.244454,Nuit sans éclairage public,Hors agglomération,Hors intersection,Normale,Autre collision,3,2,2,0,1,1,1,0,3,90,,1,0,0,1,0,24.0,,,,3,1,1,1,6
202100029883,2021-07-07 16:43:00,2021,7,7,16,43,01,01057,D933,46.401394,4.920287,Plein jour,Hors agglomération,Intersection en X,Normale,Deux véhicules - côté,3,2,1,0,1,1,1,0,1,80,,2,1,0,1,0,54.0,44.0,,,1,1,2,1,3
202100029884,2021-07-10 03:00:00,2021,7,10,3,0,58,58300,D207,47.066044,3.193792,Nuit sans éclairage public,Hors agglomération,Hors intersection,Brouillard / fumée,Autre collision,3,2,2,0,1,3,1,0,3,80,,1,0,0,0,1,20.0,,,,3,1,1,5,6
202100029885,2021-07-08 18:10:00,2021,7,8,18,10,06,06079,Avenue de Frejus Paul Ricard,43.532667,6.933194,Plein jour,En agglomération,Intersection en T,Normale,Deux véhicules - côté,6,-1,-1,0,1,1,1,0,1,30,,2,1,0,1,0,62.0,67.0,,,1,2,3,1,3
202100029886,2021-07-10 02:45:00,2021,7,10,2,45,06,06090,Route de Cannes,43.603003,6.920421,Nuit avec éclairage allumé,En agglomération,Hors intersection,Normale,Sans collision,3,2,2,0,1,1,1,0,4,50,,1,0,0,0,1,38.0,,,,5,2,1,1,7
202100029887,2021-07-09 23:30:00,2021,7,9,23,30,06,06079,Avenue de Cannes,43.544905,6.937794,Nuit avec éclairage allumé,En agglomération,Intersection en T,Normale,Deux véhicules - frontale,3,3,-1,-1,1,1,1,0,1,50,,4,2,0,0,2,25.0,50.0,,,5,2,3,1,1
202100029888,2021-07-09 17:25:00,2021,7,9,17,25,64,64371,Boulevard des Pyrénées,43.224747,-0.888321,Plein jour,En agglomération,Giratoire,Normale,Deux véhicules - arrière,3,2,2,0,1,1,1,0,1,50,,3,2,0,1,0,41.0,25.0,,,1,2,6,1,2
202100029889,2021-07-10 04:00:00,2021,7,10,4,0,10,10034,RD443,48.129864,4.388738,Nuit sans éclairage public,Hors agglomération,Hors intersection,Normale,Autre collision,3,2,2,0,2,4,1,0,3,80,,5,0,0,5,0,21.0,,,,3,1,1,1,6
202100029890,2021-07-09 21:20:00,2021,7,9,21,20,85,85034,22 Rue de la Gare,46.643194,-1.17426,Plein jour,En agglomération,Hors intersection,Normale,Sans collision,3,2,2,0,1,1,1,0,1,50,,1,0,0,0,1,18.0,,,,1,2,1,1,7
202100029891,2021-07-08 13:00:00,2021,7,8,13,0,37,37067,,47.2529733248,0.4543083208,Plein jour,Hors agglomération,Hors intersection,Normale,Deux véhicules - frontale,3,2,2,0,2,1,1,0,1,90,,3,0,2,0,1,77.0,25.0,,,1,1,1,1,1
202100029892,2021-07-10 13:45:00,2021,7,10,13,45,30,30341,hameau de montcalm,43.604573,4.342561,Plein jour,Hors agglomération,Hors intersection,Normale,Sans collision,3,2,2,0,1,1,1,0,3,80,,1,0,0,1,0,34.0,,,,1,1,1,1,7
202100029893,2021-07-09 20:30:00,2021,7,9,20,30,52,52426,D104,48.263788,4.874529,Plein jour,Hors agglomération,Intersection en X,Normale,Deux véhicules - côté,3,2,2,0,1,1,1,5,1,80,,2,1,1,0,0,62.0,88.0,,,1,1,2,1,3
202100029894,2021-07-10 05:45:00,2021,7,10,5,45,13,13080,RD 561 PK 25850,43.653807,5.474818,Crépuscule ou aube,Hors agglomération,Hors intersection,Normale,Deux véhicules - frontale,7,2,2,0,1,1,1,0,3,80,,2,0,2,0,0,21.0,,,,2,1,1,1,1
202100029895,2021-07-10 16:35:00,2021,7,10,16,35,01,01031,,46.243675,5.621824,Plein jour,Hors agglomération,Hors intersection,Normale,Autre collision,1,3,4,0,1,1,1,0,1,110,,1,0,0,1,0,69.0,,,,1,1,1,1,6
202100029896,2021-07-10 11:55:00,2021,7,10,11,55,18,18157,A71,47.062755,2.297838,Plein jour,Hors agglomération,Hors intersection,Normale,Autre collision,1,3,4,0,1,2,1,0,1,130,,4,3,0,0,1,43.0,,,,1,1,1,1,6
202100029897,2021-07-10 11:30:00,2021,7,10,11,30,973,97309,Route de Rémire,4.903823,-52.273335,Plein jour,En agglomération,Hors intersection,Normale,Deux véhicules - côté,3,2,2,0,1,1,1,5,1,-1,,2,1,0,0,1,38.0,,,,1,2,1,1,3
202100029898,2021-07-09 00:00:00,2021,7,9,0,0,987,98715,PK 4.3 RT1 devant la gendarmerie,-17.584522,-149.568578,Nuit avec éclairage allumé,En agglomération,Hors intersection,Normale,Autre collision,4,2,2,0,1,1,1,0,4,50,,1,0,0,1,0,33.0,,,,5,2,1,1,6
202100029899,2021-07-10 07:35:00,2021,7,10,7,35,17,17219,"Route de Bourcefranc ""La Chainade""",45.832044,-1.124275,Plein jour,En agglomération,Hors intersection,Normale,Deux véhicules - frontale,3,2,2,0,1,1,1,0,1,50,,2,1,0,0,1,49.0,36.0,,,1,2,1,1,1
202100029900,2021-06-29 14:30:00,2021,6,29,14,30,28,28367,"A10 sens PARIS-Province, PK 072+200, commune de DAMBRON",48.143862,1.855499,Plein jour,Hors agglomération,Hors intersection,Normale,Deux véhicules - arrière,1,3,4,0,1,1,1,0,2,-1,,3,2,0,1,0,29.0,55.0,,,1,1,1,1,2
202100029901,2021-07-10 02:00:00,2021,7,10,2,0,74,74197,"A 40, sortie 15, direction Geneve",46.14182,6.317165,Nuit sans éclairage public,Hors agglomération,Hors intersection,Normale,Autre collision,1,1,1,0,2,3,1,3,3,70,,1,0,0,0,1,25.0,,,,3,1,1,1,6