accident_id,datetime,annee,mois,jour,heure,minute,departement,commune_insee,adresse,latitude,longitude,luminosite,agglomeration,intersection,meteo,collision,catr,circ,nbv,vosp,prof,plan,surf,infra,situ,vma,nb_vehicules,nb_usagers,nb_indemnes,nb_tues,nb_blesses_hosp,nb_blesses_legers,age_cond_1,age_cond_2,veh_type_cond_1,veh_type_cond_2,lum_code,agg_code,int_code,atm_code,col_code
202100029902,2021-07-01 18:57:00,2021,7,1,18,57,971,97116,Blanchet,16.323661,-61.413467,Nuit avec éclairage allumé,Hors agglomération,Intersection en T,Pluie légère,Deux véhicules - côté,2,2,2,0,1,1,2,0,1,70,,2,1,0,1,0,52.0,37.0,,,5,1,3,2,3
202100029903,2021-07-09 17:50:00,2021,7,9,17,50,21,21171,D107,47.303589,5.114892,Plein jour,En agglomération,Giratoire,Normale,Autre collision,7,3,1,0,1,3,1,5,1,50,,2,1,0,0,1,85.0,,,,1,2,6,1,6
202100029904,2021-07-09 21:05:00,2021,7,9,21,5,2A,2A247,Rue Henry Frenay,41.605624,9.279628,Plein jour,En agglomération,Intersection en T,Normale,Deux véhicules - frontale,3,2,2,0,1,1,1,0,1,50,,3,2,0,1,0,46.0,45.0,,,1,2,3,1,1
202100029905,2021-07-09 17:35:00,2021,7,9,17,35,84,84124,1241 Route de Fontaine de Vaucluse,43.91905,5.097219,Plein jour,Hors agglomération,Hors intersection,Normale,Deux véhicules - frontale,3,2,2,0,1,3,1,0,1,80,,2,0,0,1,1,39.0,22.0,,,1,1,1,1,1
202100029906,2021-07-10 12:00:00,2021,7,10,12,0,83,83071,Chemin du Pansard,43.123101,6.234612,Plein jour,En agglomération,Hors intersection,Normale,Autre collision,3,2,2,0,1,3,1,0,3,50,,1,0,0,1,0,25.0,,,,1,2,1,1,6
202100029907,2021-07-10 03:15:00,2021,7,10,3,15,83,83059,D43,43.325818,6.079624,Nuit sans éclairage public,Hors agglomération,Giratoire,Normale,Autre collision,3,-1,2,0,1,2,1,0,3,80,,4,0,2,0,2,21.0,,,,3,1,6,1,6
202100029908,2021-07-10 17:30:00,2021,7,10,17,30,05,05052,RN94,44.669076,6.61845,Plein jour,Hors agglomération,Intersection en T,Normale,Deux véhicules - côté,2,2,2,0,1,2,1,0,1,80,,3,2,0,0,1,81.0,35.0,,,1,1,3,1,3
202100029909,2021-07-10 03:40:00,2021,7,10,3,40,21,21458,D996,47.199128,5.083446,Nuit sans éclairage public,Hors agglomération,Hors intersection,Normale,Autre collision,3,2,2,0,2,3,1,0,3,80,,3,1,0,2,0,26.0,,,,3,1,1,1,6
202100029910,2021-07-10 17:20:00,2021,7,10,17,20,67,67544,D3,49.026824,7.891488,Plein jour,Hors agglomération,Hors intersection,Normale,Autre collision,3,2,2,0,2,4,1,0,3,70,,1,0,0,0,1,24.0,,,,1,1,1,1,6
202100029911,2021-07-10 13:50:00,2021,7,10,13,50,73,73322,D1006,45.206155,6.696296,Plein jour,Hors agglomération,Hors intersection,Normale,Autre collision,3,2,2,0,2,2,1,0,3,80,,1,0,0,1,0,34.0,,,,1,1,1,1,6
202100029912,2021-07-10 14:10:00,2021,7,10,14,10,38,38565,Avenue de Juin 1940,45.295403,5.628245,Plein jour,Hors agglomération,Giratoire,Normale,Deux véhicules - côté,3,1,5,0,1,2,1,0,1,70,,3,1,0,2,0,55.0,40.0,,,1,1,6,1,3
202100029913,2021-07-10 09:50:00,2021,7,10,9,50,26,26116,Route Nationale 7,44.443156,4.721739,Plein jour,En agglomération,Hors intersection,Normale,Deux véhicules - frontale,2,2,2,0,1,1,1,0,1,70,,3,1,0,1,1,52.0,46.0,,,1,2,1,1,1
202100029914,2021-07-09 07:00:00,2021,7,9,7,0,69,69296,D36,45.64242,4.82683,Plein jour,Hors agglomération,Giratoire,Temps éblouissant,Deux véhicules - arrière,7,1,1,0,1,3,1,0,1,50,,2,1,0,1,0,53.0,47.0,,,1,1,6,7,2
202100029915,2021-07-09 00:00:00,2021,7,9,0,0,69,69269,D489,45.7205964628,4.6100118756,Nuit sans éclairage public,Hors agglomération,Hors intersection,Normale,Autre collision,3,2,2,0,2,2,1,0,3,80,,1,0,0,1,0,19.0,,,,3,1,1,1,6
202100029916,2021-07-09 17:45:00,2021,7,9,17,45,69,69287,COPRIN CHEVELU (DU) (CHM),45.677956,5.00792,Plein jour,Hors agglomération,Hors intersection,Normale,Deux véhicules - côté,4,2,2,0,1,1,1,0,1,70,,2,1,0,1,0,59.0,49.0,,,1,1,1,1,3
202100029917,2021-07-10 07:15:00,2021,7,10,7,15,85,85155,La Maçonnerie,46.694606,-1.489701,Plein jour,Hors agglomération,Hors intersection,Pluie légère,Autre collision,3,3,2,0,1,1,2,0,3,110,,3,0,0,2,1,22.0,,,,1,1,1,2,6
202100029918,2021-07-09 23:20:00,2021,7,9,23,20,14,14691,N158,49.110849,-0.319033,Nuit sans éclairage public,Hors agglomération,Hors intersection,Normale,Deux véhicules - arrière,2,3,4,0,1,1,1,0,3,110,,2,1,0,0,1,56.0,31.0,,,3,1,1,1,2
202100029919,2021-07-08 18:00:00,2021,7,8,18,0,56,56046,Lieu Dit Kerveurh,47.608022,-3.011874,Plein jour,En agglomération,Giratoire,Normale,Autre collision,4,1,1,0,1,2,1,0,3,50,,3,2,0,1,0,22.0,,,,1,2,6,1,6
202100029920,2021-07-09 12:45:00,2021,7,9,12,45,60,60402,Rue du Général de Gaulle,49.3562909381,2.7583375013,Plein jour,En agglomération,Intersection en X,Normale,Deux véhicules - côté,3,2,2,0,1,1,1,0,1,50,,2,1,0,1,0,66.0,53.0,,,1,2,2,1,3
202100029921,2021-07-10 06:30:00,2021,7,10,6,30,80,80031,D934,49.755199,2.652656,Crépuscule ou aube,Hors agglomération,Hors intersection,Normale,Sans collision,3,3,4,0,1,3,1,0,3,110,,4,3,0,0,1,29.0,,,,2,1,1,1,7
202100029922,2021-07-10 12:09:00,2021,7,10,12,9,59,59269,CD 29b,50.057779,3.095956,Plein jour,Hors agglomération,Autre intersection,Pluie forte,Deux véhicules - côté,3,2,2,0,2,1,2,0,1,80,,3,1,0,2,0,48.0,21.0,,,1,1,9,3,3
202100029923,2021-07-07 16:15:00,2021,7,7,16,15,13,13215,A7-Sens Marseille vers Lyon,43.3492,5.3697,Plein jour,Hors agglomération,Hors intersection,Normale,Deux véhicules - arrière,1,1,3,0,1,1,1,0,1,90,,2,1,0,0,1,28.0,22.0,,,1,1,1,1,2
202100029924,2021-07-08 18:35:00,2021,7,8,18,35,13,13106,A51-Sens Aix en Provence vers Marseille,43.40406,5.35836,Plein jour,Hors agglomération,Hors intersection,Normale,Trois véhicules et plus - en chaîne,1,1,3,0,1,1,1,0,1,90,,7,4,0,0,3,48.0,57.0,,,1,1,1,1,4
202100029925,2021-07-08 08:45:00,2021,7,8,8,45,13,13071,A7-Sens Marseille vers Lyon,43.40696,5.29044,Plein jour,Hors agglomération,Hors intersection,Normale,Deux véhicules - côté,1,1,7,0,1,1,1,0,1,110,,2,1,0,0,1,41.0,28.0,,,1,1,1,1,3
202100029926,2021-07-02 13:45:00,2021,7,2,13,45,13,13043,A55-Sens Marseille vers Martigues,43.3844238707,5.2348025836,Plein jour,Hors agglomération,Hors intersection,Normale,Trois véhicules et plus - collisions multiples,1,1,2,0,1,1,1,0,8,110,,1,0,0,0,1,36.0,,,,1,1,1,1,5
202100029927,2021-07-09 20:30:00,2021,7,9,20,30,33,33063,ROCADE A 630,44.88093,-0.54228,Plein jour,Hors agglomération,Hors intersection,Normale,Deux véhicules - arrière,1,-1,6,0,1,1,1,0,1,70,,5,1,0,0,4,53.0,47.0,,,1,1,1,1,2
202100029928,2021-07-07 11:35:00,2021,7,7,11,35,33,33013,Route Nationale 89,44.868833,-0.499702,Plein jour,Hors agglomération,Autre intersection,Normale,Deux véhicules - côté,2,3,5,0,1,1,1,3,1,50,,2,1,0,0,1,33.0,63.0,,,1,1,9,1,3
202100029929,2021-07-09 01:15:00,2021,7,9,1,15,59,59523,AUTOROUTE A27,50.5989494095,3.1793857184,Nuit sans éclairage public,Hors agglomération,Hors intersection,Normale,Autre collision,1,3,4,0,1,1,1,0,1,110,,2,1,1,0,0,,,,,3,1,1,1,6
202100029930,2021-07-09 00:30:00,2021,7,9,0,30,59,59143,AUTOROUTE A25,50.671960602,2.8694385185,Nuit sans éclairage public,Hors agglomération,Hors intersection,Normale,Deux véhicules - arrière,1,3,4,0,1,1,1,0,1,110,,2,1,0,0,1,63.0,26.0,,,3,1,1,1,2
202100029931,2021-07-09 19:00:00,2021,7,9,19,0,91,91659,AUTOROUTE A6,48.58084,2.45963,Plein jour,Hors agglomération,Hors intersection,Normale,Trois véhicules et plus - en chaîne,1,3,6,0,2,1,1,0,1,110,,3,2,0,0,1,59.0,53.0,,,1,1,1,1,4
202100029932,2021-07-09 14:25:00,2021,7,9,14,25,94,94043,AUTOROUTE A6B,48.8153,2.356,Plein jour,Hors agglomération,Hors intersection,Normale,Deux véhicules - côté,1,1,2,0,1,1,1,1,1,70,,2,1,0,0,1,25.0,25.0,,,1,1,1,1,3
202100029933,2021-07-09 01:00:00,2021,7,9,1,0,91,91434,AUTOROUTE A6,48.6681541,2.355139,Nuit sans éclairage public,Hors agglomération,Hors intersection,Normale,Trois véhicules et plus - collisions multiples,1,1,3,0,2,1,1,0,1,70,,4,2,0,0,2,45.0,41.0,,,3,1,1,1,5
202100029934,2021-07-09 06:50:00,2021,7,9,6,50,95,95582,A115,48.98026,2.24082,Crépuscule ou aube,Hors agglomération,Hors intersection,Normale,Deux véhicules - arrière,1,3,6,0,1,1,1,0,1,90,,2,1,0,0,1,35.0,34.0,,,2,1,1,1,2
202100029935,2021-07-09 15:00:00,2021,7,9,15,0,94,94052,A86.EXT,48.8472805032,2.4919650215,Plein jour,Hors agglomération,Hors intersection,Normale,Sans collision,1,1,2,0,1,1,1,0,1,90,,2,1,0,0,1,62.0,28.0,,,1,1,1,1,7
202100029936,2021-06-25 16:45:00,2021,6,25,16,45,04,04070,Rue Simone Pelissier,44.0825,6.21749,Plein jour,En agglomération,Giratoire,Normale,Autre collision,4,3,2,0,1,1,1,0,1,70,,2,1,0,1,0,51.0,,,,1,2,6,1,6
202100029937,2021-06-29 16:30:00,2021,6,29,16,30,976,97611,m'tsapere-Mosquée Maevantana (ruelle ),-12.788,45.22115,Crépuscule ou aube,En agglomération,Hors intersection,Normale,Autre collision,4,2,0,0,1,1,1,0,1,50,,2,1,0,1,0,31.0,,,,2,2,1,1,6
202100029938,2021-07-06 15:45:00,2021,7,6,15,45,13,13206,CORINTHE (AVENUE DE),43.28355,5.39018,Plein jour,En agglomération,Hors intersection,Normale,Deux véhicules - côté,4,3,2,0,1,1,1,0,1,50,,2,1,0,0,1,21.0,21.0,,,1,2,1,1,3
202100029939,2021-07-08 07:35:00,2021,7,8,7,35,75,75111,BOULEVARD RICHARD LENOIR,48.864012,2.370696,Plein jour,En agglomération,Intersection en X,Normale,Deux véhicules - côté,4,3,6,0,1,1,1,0,1,50,,2,1,0,0,1,53.0,29.0,,,1,2,2,1,3
202100029940,2021-07-08 16:40:00,2021,7,8,16,40,988,98818,ROUTE DE LA BAIE DES DAMES,-22.23298,166.43387,Plein jour,En agglomération,Hors intersection,Normale,Autre collision,3,3,2,2,1,1,1,0,1,50,,3,2,0,0,1,26.0,,,,1,2,1,1,6
202100029941,2021-07-08 10:50:00,2021,7,8,10,50,973,97302,COLOMB (CHRISTOPHE),4.9384732553,-52.3302003989,Plein jour,En agglomération,Autre intersection,Normale,Deux véhicules - arrière,4,-1,1,0,1,1,1,0,1,30,,3,2,0,0,1,29.0,19.0,,,1,2,9,1,2
202100029942,2021-07-08 12:00:00,2021,7,8,12,0,973,97302,BADUEL (ROUTE DE),4.9385309385,-52.3173490763,Plein jour,En agglomération,Autre intersection,Normale,Deux véhicules - côté,3,2,2,0,1,1,1,9,1,50,,2,0,0,2,0,38.0,52.0,,,1,2,9,1,3
202100029943,2021-07-08 19:28:00,2021,7,8,19,28,69,69199,BOURRELIER (DE) (R),45.71103,4.85408,Plein jour,En agglomération,Hors intersection,Normale,Autre collision,4,2,2,0,1,1,1,9,1,30,,2,1,0,1,0,26.0,,,,1,2,1,1,6
202100029944,2021-07-08 11:00:00,2021,7,8,11,0,972,97213,Z I LA JAMBETTE,14.61693,-61.03261,Plein jour,En agglomération,Hors intersection,Normale,Deux véhicules - frontale,4,2,2,0,1,1,1,0,1,50,,2,1,0,0,1,77.0,63.0,,,1,2,1,1,1
202100029945,2021-07-08 14:20:00,2021,7,8,14,20,69,69382,BELLECOUR (PL),45.75818,4.83322,Plein jour,En agglomération,Hors intersection,Normale,Autre collision,4,1,1,1,1,1,1,0,1,50,,2,1,0,0,1,40.0,,,,1,2,1,1,6
202100029946,2021-07-08 11:50:00,2021,7,8,11,50,69,69382,M6,45.7492337436,4.8266217113,Plein jour,En agglomération,Hors intersection,Normale,Autre collision,7,2,2,0,1,1,1,1,6,10,,3,0,0,0,3,45.0,,,,1,2,1,1,6
202100029947,2021-07-08 15:45:00,2021,7,8,15,45,971,97107,REPUBLIQUE ( RUE DE LA ),16.04744,-61.5635,Plein jour,En agglomération,Autre intersection,Normale,Deux véhicules - arrière,4,2,2,0,1,1,1,0,1,50,,2,0,0,1,1,75.0,17.0,,,1,2,9,1,2
202100029948,2021-07-03 18:15:00,2021,7,3,18,15,95,95127,PAMPRE D'OR (RUE DU),49.04626,2.04215,Plein jour,En agglomération,Hors intersection,Normale,Sans collision,5,-1,0,0,1,1,9,9,8,50,,3,2,1,0,0,23.0,,,,1,2,1,1,7
202100029949,2021-07-08 08:35:00,2021,7,8,8,35,95,95018,ENGHIEN (ROUTE D' ),48.956488,2.281753,Plein jour,En agglomération,Hors intersection,Normale,Trois véhicules et plus - collisions multiples,3,2,2,0,1,1,1,0,1,50,,3,0,0,0,3,56.0,33.0,,,1,2,1,1,5
202100029950,2021-07-08 08:05:00,2021,7,8,8,5,91,91201,AV DES SABLES DE ROUVRES,48.69252,2.42739,Plein jour,En agglomération,Autre intersection,Normale,Deux véhicules - côté,4,2,2,0,1,1,1,0,1,50,,2,1,0,0,1,42.0,50.0,,,1,2,9,1,3
202100029951,2021-07-07 19:10:00,2021,7,7,19,10,91,91223,R.D.20,48.429013,2.160979,Plein jour,Hors agglomération,Hors intersection,Normale,Sans collision,3,2,4,0,1,1,1,0,1,90,,3,0,0,0,3,21.0,,,,1,1,1,1,7
202100029952,2021-07-07 14:05:00,2021,7,7,14,5,89,89236,D146/Route de Sens,48.18023,3.3067,Plein jour,En agglomération,Intersection en T,Normale,Deux véhicules - côté,3,2,2,0,1,1,1,0,1,50,,2,1,0,0,1,16.0,19.0,,,1,2,3,1,3
202100029953,2021-07-02 19:05:00,2021,7,2,19,5,89,89387,GENERAL DE GAULLE (RUE DU),48.19449,3.28351,Plein jour,En agglomération,Intersection en X,Normale,Deux véhicules - frontale,4,2,2,0,1,1,1,0,1,30,,2,1,0,0,1,20.0,23.0,,,1,2,2,1,1
202100029954,2021-07-07 21:25:00,2021,7,7,21,25,88,88413,Ortimont  ( rue d' ),48.299351,6.937498,Plein jour,En agglomération,Hors intersection,Normale,Deux véhicules - frontale,4,2,2,0,1,3,1,0,1,50,,2,1,0,1,0,27.0,24.0,,,1,2,1,1,1
202100029955,2021-07-07 13:36:00,2021,7,7,13,36,87,87085,LIBERATION (AVENUE DE LA),45.83414,1.25987,Plein jour,En agglomération,Intersection en X,Normale,Deux véhicules - côté,4,2,2,0,1,1,1,5,1,50,,2,1,0,0,1,29.0,22.0,,,1,2,2,1,3
202100029956,2021-07-07 22:08:00,2021,7,7,22,8,87,87085,MAS-BOUYOL  (CITE ET BOULEVARD DU),45.83454,1.2265,Nuit avec éclairage allumé,En agglomération,Intersection en X,Normale,Deux véhicules - côté,4,3,6,0,1,1,1,5,1,50,,6,0,0,0,6,22.0,20.0,,,5,2,2,1,3
202100029957,2021-07-07 15:15:00,2021,7,7,15,15,86,86194,Avenue du 8 Mai 1945,46.55691,0.30973,Plein jour,En agglomération,Hors intersection,Normale,Deux véhicules - côté,4,3,5,0,1,1,1,0,1,50,,2,1,0,0,1,42.0,21.0,,,1,2,1,1,3
202100029958,2021-07-08 13:30:00,2021,7,8,13,30,77,77445,CURIE (AVENUE PIERRE ET MARIE),48.60485,2.56538,Plein jour,En agglomération,Giratoire,Normale,Deux véhicules - côté,4,1,1,0,1,2,1,0,1,50,,2,1,0,0,1,48.0,32.0,,,1,2,6,1,3
202100029959,2021-07-08 17:45:00,2021,7,8,17,45,74,74012,EUROPE (AVENUE DE L'),46.17731,6.23877,Plein jour,En agglomération,Hors intersection,Pluie légère,Trois véhicules et plus - en chaîne,4,2,2,0,2,1,2,0,1,50,,3,1,0,0,2,49.0,26.0,,,1,2,1,2,4
202100029960,2021-07-08 12:02:00,2021,7,8,12,2,72,72181,Robert Jarry (Bd),47.99638,0.19215,Plein jour,En agglomération,Hors intersection,Normale,Autre collision,4,2,2,0,1,1,1,0,1,50,,2,1,0,0,1,30.0,,,,1,2,1,1,6
202100029961,2021-07-07 18:30:00,2021,7,7,18,30,72,72181,ALENCON (RTE D'),48.02977,0.18002,Plein jour,Hors agglomération,Hors intersection,Normale,Deux véhicules - arrière,3,1,2,0,2,1,1,0,1,50,,3,1,0,0,2,29.0,45.0,,,1,1,1,1,2
202100029962,2021-07-08 19:00:00,2021,7,8,19,0,69,69266,LEON BLUM (R),45.760688848,4.9065307081,Plein jour,En agglomération,Hors intersection,Pluie forte,Deux véhicules - arrière,4,2,4,0,1,1,2,0,1,50,,3,2,0,0,1,33.0,33.0,,,1,2,1,3,2
202100029963,2021-07-08 16:25:00,2021,7,8,16,25,69,69266,GREUZE (R),45.77039,4.89365,Plein jour,En agglomération,Hors intersection,Normale,Autre collision,4,2,2,0,1,1,1,0,1,50,,2,1,0,0,1,78.0,,,,1,2,1,1,6
202100029964,2021-07-08 09:00:00,2021,7,8,9,0,69,69266,CUSSET (DE) (PT),45.76963,4.90609,Plein jour,En agglomération,Giratoire,Normale,Deux véhicules - côté,4,2,4,0,1,1,1,0,1,50,,2,1,0,0,1,20.0,21.0,,,1,2,6,1,3
202100029965,2021-07-07 17:50:00,2021,7,7,17,50,68,68376,RD 430,47.82381,7.28853,Plein jour,Hors agglomération,Hors intersection,Temps éblouissant,Trois véhicules et plus - en chaîne,3,3,5,0,1,1,1,0,1,90,,3,1,0,0,2,48.0,24.0,,,1,1,1,7,4
202100029966,2021-07-08 10:00:00,2021,7,8,10,0,67,67482,GEORGES WODLI (RUE),48.58766,7.73883,Plein jour,En agglomération,Hors intersection,Pluie légère,Autre collision,4,1,3,3,1,1,2,0,1,50,,2,1,0,0,1,21.0,,,,1,2,1,2,6
202100029967,2021-07-08 08:40:00,2021,7,8,8,40,67,67482,NUEE BLEUE (RUE DE LA),48.585609,7.747331,Plein jour,En agglomération,Hors intersection,Pluie forte,Autre collision,4,2,2,0,1,1,2,0,1,30,,2,1,0,0,1,45.0,,,,1,2,1,3,6
202100029968,2021-07-07 19:05:00,2021,7,7,19,5,67,67447,GENERAL DE GAULLE (ROUTE DU),48.606683,7.736014,Plein jour,En agglomération,Intersection en T,Temps éblouissant,Deux véhicules - côté,7,2,3,3,1,1,1,0,1,50,,2,1,0,0,1,20.0,25.0,,,1,2,3,7,3
202100029969,2021-07-07 15:10:00,2021,7,7,15,10,64,64102,TILLOLE (RUE DE LA),43.49006,-1.45445,Plein jour,En agglomération,Hors intersection,Pluie légère,Autre collision,3,2,2,0,1,3,2,0,1,30,,1,0,0,0,1,19.0,,,,1,2,1,2,6
202100029970,2021-07-07 23:08:00,2021,7,7,23,8,63,63113,ORADOU (RUE DE L'),45.7648941468,3.1238318793,Nuit avec éclairage allumé,En agglomération,Hors intersection,Normale,Deux véhicules - arrière,7,2,3,0,1,1,1,0,1,50,,2,1,0,0,1,42.0,,,,5,2,1,1,2
202100029971,2021-07-07 13:27:00,2021,7,7,13,27,63,63113,SCHUMAN (BD ROBERT),45.7640615391,3.1261553801,Plein jour,En agglomération,Intersection en X,Normale,Deux véhicules - arrière,7,3,4,0,1,1,1,0,1,50,,2,1,0,0,1,59.0,26.0,,,1,2,2,1,2
202100029972,2021-07-07 19:23:00,2021,7,7,19,23,62,62893,C.D. 940,50.75574,1.60406,Plein jour,Hors agglomération,Intersection en T,Normale,Deux véhicules - côté,3,2,2,1,2,1,1,5,5,70,,2,0,2,0,0,30.0,26.0,,,1,1,3,1,3
202100029973,2021-07-09 00:00:00,2021,7,9,0,0,59,59421,CARNOT (BLD) DE1 A 29,50.69916,3.13866,Nuit avec éclairage allumé,En agglomération,Autre intersection,Normale,Deux véhicules - côté,7,2,6,0,1,1,1,0,1,50,,3,2,0,0,1,23.0,56.0,,,5,2,9,1,3
202100029974,2021-07-08 12:30:00,2021,7,8,12,30,59,59163,DELESCLUSE (RUE JEAN BAPTISTE),50.68286,3.15523,Plein jour,En agglomération,Intersection en T,Normale,Deux véhicules - côté,4,1,1,1,2,1,1,0,1,50,,2,1,0,1,0,26.0,,,,1,2,3,1,3
202100029975,2021-07-08 08:39:00,2021,7,8,8,39,59,59512,FONTENOY (RUE DE),50.699178,3.166723,Plein jour,En agglomération,Hors intersection,Temps éblouissant,Deux véhicules - côté,4,1,1,1,1,1,1,9,1,50,,2,1,0,0,1,47.0,24.0,,,1,2,1,7,3
202100029976,2021-07-08 00:40:00,2021,7,8,0,40,57,57049,PLAPPEVILLE (ROUTE DE ),49.12801,6.15139,Nuit avec éclairage allumé,En agglomération,Hors intersection,Normale,Deux véhicules - frontale,3,2,2,0,1,3,1,0,1,50,,3,0,0,2,1,33.0,31.0,,,5,2,1,1,1
202100029977,2021-07-02 19:30:00,2021,7,2,19,30,56,56162,Boulevard de l’Atlantique,47.72369,-3.48539,Plein jour,Hors agglomération,Hors intersection,Normale,Deux véhicules - frontale,3,2,2,0,1,2,1,0,1,70,,2,0,0,1,1,44.0,32.0,,,1,1,1,1,1
202100029978,2021-07-07 19:56:00,2021,7,7,19,56,54,54395,SELLIER (RUE),48.70003,6.18004,Plein jour,En agglomération,Intersection en X,Normale,Deux véhicules - côté,4,1,1,2,1,1,1,0,1,30,,2,1,0,0,1,36.0,35.0,,,1,2,2,1,3
202100029979,2021-07-07 13:30:00,2021,7,7,13,30,51,51454,Boulevard du Val de Vesle,49.22935,4.06438,Plein jour,En agglomération,Hors intersection,Normale,Sans collision,4,2,2,0,1,2,1,0,1,50,,1,0,0,0,1,15.0,,,,1,2,1,1,7
202100029980,2021-07-08 10:00:00,2021,7,8,10,0,45,45234,Rue Edouard Lalo,47.91081,1.92775,Plein jour,En agglomération,Intersection en T,Normale,Autre collision,4,2,2,0,1,1,1,0,1,30,,2,1,0,1,0,,,,,1,2,3,1,6
202100029981,2021-07-08 02:10:00,2021,7,8,2,10,41,41212,RD 956,47.56094,1.37308,Nuit sans éclairage public,Hors agglomération,Hors intersection,Normale,Autre collision,3,3,4,0,1,1,1,0,1,90,,1,0,0,1,0,23.0,,,,3,1,1,1,6
202100029982,2021-07-08 14:50:00,2021,7,8,14,50,38,38185,RUE GÉNÉRAL GARIBALDI,45.16974,5.71501,Plein jour,En agglomération,Hors intersection,Normale,Deux véhicules - frontale,4,-1,2,0,1,1,1,0,1,50,,2,1,0,0,1,20.0,37.0,,,1,2,1,1,1
202100029983,2021-07-08 11:01:00,2021,7,8,11,1,37,37261,GRAMMONT (AVENUE DE),47.3826893765,0.6919633171,Plein jour,En agglomération,Hors intersection,Normale,Autre collision,4,2,4,3,1,1,1,0,1,50,,2,1,0,0,1,29.0,48.0,,,1,2,1,1,6
202100029984,2021-07-07 11:25:00,2021,7,7,11,25,37,37195,PROUDHON (AVENUE),47.3889218673,0.6467865407,Plein jour,En agglomération,Hors intersection,Normale,Sans collision,7,3,4,0,1,3,2,2,1,50,,1,0,0,0,1,51.0,,,,1,2,1,1,7
202100029985,2021-06-29 13:10:00,2021,6,29,13,10,35,35288,RD168,48.61761,-2.00569,Plein jour,Hors agglomération,Hors intersection,Normale,Deux véhicules - arrière,3,3,4,0,1,3,1,0,1,80,,2,1,0,1,0,51.0,37.0,,,1,1,1,1,2
202100029986,2021-07-07 20:20:00,2021,7,7,20,20,35,35238,ROOSEVELT (BD FRANKLIN),48.09784,-1.65622,Crépuscule ou aube,En agglomération,Hors intersection,Pluie légère,Deux véhicules - arrière,4,2,2,0,1,1,2,0,1,50,,2,1,0,1,0,28.0,28.0,,,2,2,1,2,2
202100029987,2021-07-09 01:10:00,2021,7,9,1,10,33,33063,Rue Elie Gintrac,44.83088,-0.56978,Nuit avec éclairage allumé,En agglomération,Intersection en X,Normale,Deux véhicules - côté,4,1,1,0,1,1,1,0,1,30,,2,1,0,0,1,30.0,23.0,,,5,2,2,1,3
202100029988,2021-07-08 11:00:00,2021,7,8,11,0,33,33063,Rue Esprit-des-Lois,44.84316,-0.57195,Plein jour,En agglomération,Hors intersection,Normale,Deux véhicules - côté,4,2,2,2,1,1,1,0,1,50,,2,1,0,0,1,45.0,65.0,,,1,2,1,1,3
202100029989,2021-07-06 14:35:00,2021,7,6,14,35,33,33249,Rue des Garosses,44.8764199563,-0.5179394896,Plein jour,En agglomération,Intersection en T,Normale,Trois véhicules et plus - collisions multiples,4,2,2,0,2,1,1,0,1,50,,3,2,0,0,1,70.0,24.0,,,1,2,3,1,5
202100029990,2021-07-08 17:05:00,2021,7,8,17,5,31,31555,VA007495 A62,43.65192,1.43003,Plein jour,En agglomération,Hors intersection,Normale,Sans collision,1,3,8,0,1,1,1,0,1,90,,1,0,0,1,0,25.0,,,,1,2,1,1,7
202100029991,2021-07-08 10:30:00,2021,7,8,10,30,31,31555,BD DE LA GARE,43.60566,1.45691,Plein jour,En agglomération,Hors intersection,Normale,Deux véhicules - arrière,4,1,3,3,1,1,1,0,1,50,,3,1,0,0,2,28.0,39.0,,,1,2,1,1,2
202100029992,2021-07-08 15:05:00,2021,7,8,15,5,29,29039,Rue Henri Cevaer,47.87709,-3.92923,Plein jour,En agglomération,Intersection en Y,Normale,Deux véhicules - frontale,4,2,2,0,2,1,1,0,1,50,,3,0,0,0,3,21.0,44.0,,,1,2,4,1,1
202100029993,2021-07-08 20:40:00,2021,7,8,20,40,13,13208,MENDES FRANCE (AVENUE),43.25066,5.37561,Plein jour,En agglomération,Hors intersection,Normale,Deux véhicules - arrière,4,2,4,0,1,1,1,0,1,50,,2,1,0,0,1,22.0,46.0,,,1,2,1,1,2
202100029994,2021-07-08 16:30:00,2021,7,8,16,30,13,13213,ROSE (AVENUE DE LA),43.32923,5.42768,Plein jour,En agglomération,Hors intersection,Normale,Deux véhicules - frontale,7,2,2,0,1,1,1,0,1,50,,2,1,0,0,1,76.0,16.0,,,1,2,1,1,1
202100029995,2021-07-08 02:10:00,2021,7,8,2,10,13,13208,PRADO (AVENUE DU),43.26382,5.37786,Nuit avec éclairage allumé,En agglomération,Hors intersection,Normale,Deux véhicules - côté,4,2,6,3,1,1,1,0,1,50,,2,1,0,0,1,26.0,19.0,,,5,2,1,1,3
202100029996,2021-07-07 18:05:00,2021,7,7,18,5,13,13005,SAINT PIERRE (CHEMIN DE),43.30697,5.59232,Plein jour,Hors agglomération,Intersection en T,Normale,Deux véhicules - côté,7,2,2,0,1,1,1,0,1,80,,2,1,0,1,0,60.0,36.0,,,1,1,3,1,3
202100029997,2021-07-09 01:40:00,2021,7,9,1,40,13,13001,georges COUTTON (rond point),43.5056041059,5.4121152002,Nuit avec éclairage allumé,Hors agglomération,Autre intersection,Normale,Autre collision,7,-1,1,0,1,1,1,0,4,50,,1,0,0,1,0,22.0,,,,5,1,9,1,6
202100029998,2021-07-08 17:46:00,2021,7,8,17,46,13,13001,COTY RENE (RUE),43.53846,5.44863,Plein jour,En agglomération,Hors intersection,Normale,Deux véhicules - frontale,4,2,1,0,1,1,1,0,1,20,,2,1,0,1,0,26.0,31.0,,,1,2,1,1,1