accident_id,datetime,annee,mois,jour,heure,minute,departement,commune_insee,adresse,latitude,longitude,luminosite,agglomeration,intersection,meteo,collision,catr,circ,nbv,vosp,prof,plan,surf,infra,situ,vma,nb_vehicules,nb_usagers,nb_indemnes,nb_tues,nb_blesses_hosp,nb_blesses_legers,age_cond_1,age_cond_2,veh_type_cond_1,veh_type_cond_2,lum_code,agg_code,int_code,atm_code,col_code
202100029999,2021-07-05 11:30:00,2021,7,5,11,30,12,12145,D911,44.13041,3.04454,Plein jour,Hors agglomération,Intersection en T,Normale,Deux véhicules - côté,3,2,2,0,2,1,1,0,1,90,,4,1,0,1,2,25.0,70.0,,,1,1,3,1,3
202100030000,2021-07-07 14:58:00,2021,7,7,14,58,10,10387,CARNOT (RUE),48.29738,4.06627,Plein jour,En agglomération,Place,Temps couvert,Deux véhicules - arrière,4,3,5,0,1,3,1,0,1,50,,2,1,0,0,1,24.0,32.0,,,1,2,7,8,2
202100030001,2021-07-08 19:00:00,2021,7,8,19,0,07,07102,MISTRAL (PONT FREDERIC),44.93277,4.88037,Plein jour,En agglomération,Autre intersection,Normale,Deux véhicules - côté,3,2,4,1,2,3,1,6,1,30,,2,1,0,1,0,21.0,11.0,,,1,2,9,1,3
202100030002,2021-07-07 13:00:00,2021,7,7,13,0,07,07281,C.D. 533 (VERS LE PUY),44.93016,4.80865,Plein jour,Hors agglomération,Hors intersection,Normale,Sans collision,3,-1,2,0,2,4,1,0,1,80,,1,0,0,1,0,25.0,,,,1,1,1,1,7
202100030003,2021-07-07 17:30:00,2021,7,7,17,30,06,06069,ZOLA (BOULEVARD EMILE),43.651651,6.917694,Plein jour,En agglomération,Hors intersection,Normale,Deux véhicules - frontale,3,2,2,0,1,1,1,0,1,50,,2,1,0,0,1,42.0,23.0,,,1,2,1,1,1
202100030004,2021-07-08 15:15:00,2021,7,8,15,15,04,04112,RD 6,43.82257,5.79146,Plein jour,En agglomération,Hors intersection,Normale,Autre collision,3,2,2,0,1,1,1,5,1,50,,2,1,0,0,1,26.0,,,,1,2,1,1,6
202100030005,2021-07-08 13:20:00,2021,7,8,13,20,75,75113,PORTE D IVRY,48.820798,2.376664,Plein jour,En agglomération,Intersection en Y,Normale,Trois véhicules et plus - en chaîne,4,1,4,0,1,1,1,0,1,70,,4,3,0,0,1,46.0,29.0,,,1,2,4,1,4
202100030006,2021-07-06 18:55:00,2021,7,6,18,55,75,75118,PORTE DE CLIGNANCOURT,48.900815,2.339917,Plein jour,En agglomération,Hors intersection,Normale,Deux véhicules - arrière,4,1,4,0,1,1,1,0,1,70,,2,1,0,0,1,61.0,24.0,,,1,2,1,1,2
202100030007,2021-07-08 00:20:00,2021,7,8,0,20,75,75106,RUE DE VAUGIRARD,48.848699,2.332802,Nuit avec éclairage allumé,En agglomération,Intersection en X,Normale,Deux véhicules - côté,4,2,2,0,1,1,1,0,1,50,,3,2,0,0,1,,30.0,,,5,2,2,1,3
202100030008,2021-07-08 11:40:00,2021,7,8,11,40,75,75120,BOULEVARD DAVOUT,48.855873,2.410307,Plein jour,En agglomération,Intersection en X,Normale,Deux véhicules - frontale,4,2,2,1,2,1,1,0,5,25,,2,1,0,0,1,23.0,59.0,,,1,2,2,1,1
202100030009,2021-07-07 13:40:00,2021,7,7,13,40,75,75118,RUE ORDENER,48.890885,2.353254,Plein jour,En agglomération,Intersection en T,Normale,Deux véhicules - côté,4,2,2,0,1,1,1,0,1,50,,2,1,0,0,1,26.0,43.0,,,1,2,3,1,3
202100030010,2021-07-07 21:15:00,2021,7,7,21,15,75,75117,RUE AMPERE,48.8854,2.299482,Crépuscule ou aube,En agglomération,Intersection en T,Normale,Deux véhicules - côté,4,2,2,0,1,1,1,0,1,50,,2,1,0,0,1,29.0,45.0,,,2,2,3,1,3
202100030011,2021-07-08 18:15:00,2021,7,8,18,15,75,75116,AVENUE FOCH,48.872684,2.284569,Plein jour,En agglomération,Intersection en X,Normale,Deux véhicules - côté,4,2,2,0,1,1,1,1,1,50,,2,1,0,0,1,25.0,29.0,,,1,2,2,1,3
202100030012,2021-07-08 10:00:00,2021,7,8,10,0,75,75116,PLACE DE LA PORTE MAILLOT,48.877005,2.283502,Plein jour,En agglomération,Place,Normale,Deux véhicules - côté,4,1,4,0,1,3,1,0,1,50,,2,1,0,0,1,26.0,26.0,,,1,2,7,1,3
202100030013,2021-07-08 06:15:00,2021,7,8,6,15,75,75116,ROUTE DE LA MUETTE A NEUILLY,48.864501,2.266503,Plein jour,En agglomération,Intersection en X,Normale,Deux véhicules - côté,4,3,2,0,1,1,1,0,1,50,,2,1,0,0,1,36.0,,,,1,2,2,1,3
202100030014,2021-07-07 22:30:00,2021,7,7,22,30,75,75115,RUE DE SEVRES,48.846423,2.315357,Nuit avec éclairage allumé,En agglomération,Intersection en T,Normale,Deux véhicules - côté,4,2,4,3,1,1,1,0,6,50,,2,1,0,0,1,30.0,28.0,,,5,2,3,1,3
202100030015,2021-07-07 12:05:00,2021,7,7,12,5,75,75114,BOULEVARD BRUNE,48.823314,2.324384,Plein jour,En agglomération,Intersection en T,Normale,Deux véhicules - côté,4,3,3,0,1,1,1,0,1,50,,2,1,0,0,1,65.0,40.0,,,1,2,3,1,3
202100030016,2021-07-08 18:55:00,2021,7,8,18,55,75,75113,AVENUE DE LA PORTE DE VITRY,48.821777,2.378684,Plein jour,En agglomération,Hors intersection,Normale,Deux véhicules - côté,4,2,4,0,1,1,1,0,1,50,,2,1,0,0,1,47.0,31.0,,,1,2,1,1,3
202100030017,2021-07-08 15:40:00,2021,7,8,15,40,75,75112,RUE DU FAUBOURG SAINT ANTOINE,48.851596,2.374841,Plein jour,En agglomération,Intersection en T,Normale,Deux véhicules - côté,4,2,2,1,1,1,1,0,5,50,,2,1,0,0,1,74.0,30.0,,,1,2,3,1,3
202100030018,2021-07-08 10:45:00,2021,7,8,10,45,75,75111,BOULEVARD VOLTAIRE,48.859758,2.376842,Plein jour,En agglomération,Intersection en X,Normale,Deux véhicules - côté,4,2,-1,1,1,1,1,0,5,30,,2,1,0,0,1,45.0,30.0,,,1,2,2,1,3
202100030019,2021-07-08 07:35:00,2021,7,8,7,35,75,75111,RUE DU CHEMIN VERT,48.85878,2.373785,Plein jour,En agglomération,Intersection en T,Normale,Deux véhicules - côté,4,1,-1,0,2,1,1,0,1,30,,2,1,0,0,1,36.0,56.0,,,1,2,3,1,3
202100030020,2021-07-07 22:15:00,2021,7,7,22,15,75,75111,BOULEVARD RICHARD LENOIR,48.866191,2.369675,Nuit avec éclairage allumé,En agglomération,Intersection en X,Normale,Deux véhicules - côté,4,3,2,0,1,1,1,0,1,50,,2,1,0,0,1,28.0,23.0,,,5,2,2,1,3
202100030021,2021-07-08 16:20:00,2021,7,8,16,20,75,75110,BOULEVARD DE MAGENTA,48.874857,2.357288,Plein jour,En agglomération,Intersection à plus de 4 branches,Normale,Deux véhicules - côté,4,3,2,1,2,1,1,5,5,50,,2,1,0,0,1,32.0,25.0,,,1,2,5,1,3
202100030022,2021-07-07 15:00:00,2021,7,7,15,0,75,75109,BOULEVARD DE ROCHECHOUART,48.882166,2.34114,Plein jour,En agglomération,Intersection en T,Normale,Deux véhicules - arrière,4,3,2,0,1,1,1,0,1,50,,2,1,0,0,1,24.0,30.0,,,1,2,3,1,2
202100030023,2021-07-08 15:10:00,2021,7,8,15,10,75,75108,AVENUE DES CHAMPS ELYSEES,48.865867,2.319891,Plein jour,En agglomération,Place,Normale,Trois véhicules et plus - en chaîne,4,2,6,0,1,1,1,5,1,50,,3,2,0,0,1,50.0,46.0,,,1,2,7,1,4
202100030024,2021-07-08 15:15:00,2021,7,8,15,15,75,75108,AVENUE DE MARIGNY,48.869032,2.31476,Plein jour,En agglomération,Intersection en X,Normale,Deux véhicules - côté,4,2,2,0,1,1,1,0,1,50,,2,1,0,0,1,50.0,31.0,,,1,2,2,1,3
202100030025,2021-07-08 09:00:00,2021,7,8,9,0,75,75117,BOULEVARD DE COURCELLES,48.879743,2.305815,Plein jour,En agglomération,Hors intersection,Normale,Autre collision,4,2,2,0,1,1,1,0,1,50,,2,1,0,0,1,27.0,,,,1,2,1,1,6
202100030026,2021-07-07 19:34:00,2021,7,7,19,34,75,75108,AVENUE DES CHAMPS ELYSEES,48.868919,2.31033,Plein jour,En agglomération,Place,Temps éblouissant,Sans collision,4,2,8,0,1,1,8,0,1,50,,1,0,0,0,1,52.0,,,,1,2,7,7,7
202100030027,2021-07-07 11:14:00,2021,7,7,11,14,75,75108,PLACE DE LA CONCORDE,48.864096,2.320129,Plein jour,En agglomération,Place,Normale,Deux véhicules - côté,4,1,8,1,1,1,1,0,5,50,,2,0,0,0,2,54.0,44.0,,,1,2,7,1,3
202100030028,2021-07-07 13:25:00,2021,7,7,13,25,75,75108,BOULEVARD MALESHERBES,48.875551,2.319006,Plein jour,En agglomération,Place,Normale,Deux véhicules - côté,4,2,6,2,2,1,1,0,1,50,,2,1,0,0,1,25.0,31.0,,,1,2,7,1,3
202100030029,2021-07-08 20:20:00,2021,7,8,20,20,75,75101,BOULEVARD DE SEBASTOPOL,48.861221,2.349727,Plein jour,En agglomération,Intersection en T,Normale,Deux véhicules - côté,4,2,4,1,1,1,1,0,5,50,,2,1,0,0,1,38.0,25.0,,,1,2,3,1,3
202100030030,2021-07-08 18:15:00,2021,7,8,18,15,75,75103,RUE DE TURBIGO,48.865467,2.355998,Plein jour,En agglomération,Intersection en X,Normale,Deux véhicules - côté,4,1,3,0,1,1,1,0,1,50,,2,0,0,1,1,62.0,36.0,,,1,2,2,1,3
202100030031,2021-07-07 10:53:00,2021,7,7,10,53,94,94081,Rue Léon Geffroy,48.78345,2.40714,Plein jour,En agglomération,Autre intersection,Normale,Autre collision,3,-1,1,0,1,2,1,5,4,50,,2,1,0,0,1,48.0,,,,1,2,9,1,6
202100030032,2021-07-04 08:40:00,2021,7,4,8,40,94,94067,GENERAL DE GAULLE (AV DU),48.844445,2.417587,Plein jour,En agglomération,Hors intersection,Pluie légère,Deux véhicules - côté,3,2,2,0,1,1,2,0,1,30,,2,1,0,0,1,41.0,28.0,,,1,2,1,2,3
202100030033,2021-07-07 13:00:00,2021,7,7,13,0,94,94068,Avenue de la Libération,48.81267,2.47965,Plein jour,En agglomération,Hors intersection,Normale,Autre collision,3,2,2,0,2,1,1,0,1,30,,2,1,0,0,1,34.0,,,,1,2,1,1,6
202100030034,2021-07-08 11:45:00,2021,7,8,11,45,94,94046,GENERAL DE GAULLE (AV DU),48.804,2.42725,Plein jour,En agglomération,Hors intersection,Normale,Autre collision,3,1,1,0,1,1,1,0,1,30,,2,1,0,0,1,,52.0,,,1,2,1,1,6
202100030035,2021-07-06 15:00:00,2021,7,6,15,0,94,94028,Avenue du Maréchal Foch,48.77344,2.43963,Plein jour,En agglomération,Hors intersection,Normale,Trois véhicules et plus - collisions multiples,2,1,2,0,1,1,1,0,1,50,,6,3,0,0,3,22.0,42.0,,,1,2,1,1,5
202100030036,2021-07-08 01:57:00,2021,7,8,1,57,94,94069,Rue du Pont,48.817866,2.419636,Nuit avec éclairage allumé,En agglomération,Intersection en X,Normale,Deux véhicules - côté,3,-1,8,0,1,1,1,5,1,50,,3,2,0,0,1,71.0,55.0,,,5,2,2,1,3
202100030037,2021-07-08 09:20:00,2021,7,8,9,20,94,94017,BOILEAU (AV),48.806,2.545,Plein jour,En agglomération,Hors intersection,Normale,Deux véhicules - arrière,4,-1,2,0,1,1,1,0,1,50,,2,1,0,0,1,28.0,26.0,,,1,2,1,1,2
202100030038,2021-07-08 20:20:00,2021,7,8,20,20,93,93073,MARRONNIERS (AVENUE DES),48.95443,2.58601,Plein jour,En agglomération,Hors intersection,Normale,Deux véhicules - frontale,4,2,2,0,1,1,1,0,1,50,,2,1,0,0,1,62.0,21.0,,,1,2,1,1,1
202100030039,2021-07-08 19:00:00,2021,7,8,19,0,93,93073,Gare Aéroport CDG2 TGV,49.00386,2.57079,Plein jour,En agglomération,Hors intersection,Normale,Deux véhicules - arrière,9,1,1,0,3,1,1,2,1,50,,4,3,0,0,1,28.0,34.0,,,1,2,1,1,2
202100030040,2021-07-08 14:10:00,2021,7,8,14,10,93,93073,RESISTANCE (RUE DE LA),48.95083,2.56425,Plein jour,En agglomération,Hors intersection,Normale,Deux véhicules - arrière,3,3,4,0,1,1,1,0,1,50,,3,2,0,0,1,49.0,26.0,,,1,2,1,1,2
202100030041,2021-07-07 15:45:00,2021,7,7,15,45,93,93073,BARBUSSE (RUE HENRI),48.96,2.56,Plein jour,En agglomération,Intersection en X,Normale,Deux véhicules - côté,4,2,2,0,1,1,1,0,1,50,,2,1,0,0,1,34.0,32.0,,,1,2,2,1,3
202100030042,2021-07-08 09:30:00,2021,7,8,9,30,93,93072,STALINGRAD (AVENUE DE) DES N° 126 A 156,48.9515731421,2.3880055547,Plein jour,En agglomération,Hors intersection,Normale,Deux véhicules - côté,3,1,2,0,1,1,1,0,1,50,,2,1,0,0,1,39.0,23.0,,,1,2,1,1,3
202100030043,2021-07-07 18:45:00,2021,7,7,18,45,93,93079,Route de Saint-Leu,48.951335,2.339292,Plein jour,En agglomération,Hors intersection,Normale,Deux véhicules - côté,3,2,2,0,1,1,1,0,1,50,,2,1,0,0,1,29.0,23.0,,,1,2,1,1,3
202100030044,2021-07-08 17:00:00,2021,7,8,17,0,93,93014,Allée de Coubron / Allée Veuve Lindet Girard,48.91258,2.5517,Plein jour,En agglomération,Intersection en T,Normale,Trois véhicules et plus - en chaîne,3,2,2,0,1,1,1,0,1,50,,4,3,0,0,1,43.0,58.0,,,1,2,3,1,4
202100030045,2021-07-08 19:30:00,2021,7,8,19,30,93,93057,BRIAND (AV. ARISTIDE) 2 A 132,48.90782,2.49411,Plein jour,En agglomération,Hors intersection,Normale,Deux véhicules - côté,3,3,7,0,1,1,1,0,1,50,,2,1,0,0,1,23.0,46.0,,,1,2,1,1,3
202100030046,2021-07-08 18:10:00,2021,7,8,18,10,93,93001,JEAN JAURES  (AVE)  157 A 213,48.905597,2.374617,Plein jour,En agglomération,Hors intersection,Normale,Autre collision,3,2,2,0,1,1,1,0,1,50,,2,1,0,0,1,34.0,48.0,,,1,2,1,1,6
202100030047,2021-07-07 17:30:00,2021,7,7,17,30,92,92062,LAFARGUES (RUE PAUL),48.883889,2.249584,Plein jour,En agglomération,Intersection en T,Normale,Deux véhicules - côté,3,1,2,1,1,1,1,0,1,50,,2,1,0,0,1,24.0,30.0,,,1,2,3,1,3
202100030048,2021-07-08 19:39:00,2021,7,8,19,39,92,92044,DANTON(RUE) 1A73 ET 2A88,48.8908935581,2.2832160788,Plein jour,En agglomération,Intersection en T,Normale,Deux véhicules - côté,4,1,0,0,1,1,1,0,1,50,,2,1,0,0,1,41.0,53.0,,,1,2,3,1,3
202100030049,2021-07-08 18:10:00,2021,7,8,18,10,92,92026,Boulevard de Verdun,48.9004052582,2.2607642412,Plein jour,En agglomération,Intersection en X,Normale,Deux véhicules - côté,3,2,4,3,1,1,1,0,1,50,,2,1,0,0,1,57.0,25.0,,,1,2,2,1,3
202100030050,2021-07-08 11:25:00,2021,7,8,11,25,92,92026,MARECHAL JOFFRE (QUAI DU),48.900132,2.27377,Plein jour,En agglomération,Hors intersection,Normale,Deux véhicules - arrière,3,1,2,0,1,1,1,0,1,50,,2,1,0,0,1,33.0,29.0,,,1,2,1,1,2
202100030051,2021-07-08 09:30:00,2021,7,8,9,30,92,92024,GENERAL LECLERC (BD DU) (9 A 59)   (4 A,48.90133,2.31526,Plein jour,En agglomération,Intersection en X,Normale,Deux véhicules - côté,4,2,2,2,1,1,1,0,1,50,,2,1,0,0,1,34.0,34.0,,,1,2,2,1,3
202100030052,2021-07-08 18:30:00,2021,7,8,18,30,92,92012,QUATRE SEPTEMBRE (QUAI DU),48.8452257406,2.2266758382,Plein jour,En agglomération,Intersection en Y,Normale,Deux véhicules - côté,3,2,2,0,1,1,1,9,5,50,,2,1,0,0,1,23.0,34.0,,,1,2,4,1,3
202100030053,2021-07-08 00:25:00,2021,7,8,0,25,92,92012,JEAN JAURES (BOULEVARD) 217/FIN - 210/FI,48.8311521415,2.2449059235,Nuit avec éclairage allumé,En agglomération,Hors intersection,Normale,Autre collision,4,2,2,0,1,1,1,9,1,50,,1,0,0,0,1,30.0,,,,5,2,1,1,6
202100030054,2021-07-08 18:50:00,2021,7,8,18,50,44,44180,La chenelière - FREIGNE,47.533096,-1.11751,Plein jour,Hors agglomération,Hors intersection,Normale,Autre collision,3,2,2,0,1,3,1,0,3,80,,1,0,0,1,0,25.0,,,,1,1,1,1,6
202100030055,2021-06-23 10:10:00,2021,6,23,10,10,2A,2A232,D302,41.780849,8.906136,Plein jour,Hors agglomération,Hors intersection,Normale,Deux véhicules - frontale,3,2,2,0,2,2,1,0,1,80,,2,0,0,1,1,63.0,49.0,,,1,1,1,1,1
202100030056,2021-07-08 10:20:00,2021,7,8,10,20,83,83072,Route des Arcs,43.475719,6.375069,Plein jour,Hors agglomération,Hors intersection,Normale,Trois véhicules et plus - collisions multiples,3,2,2,0,1,1,1,0,1,80,,3,1,2,0,0,64.0,66.0,,,1,1,1,1,5
202100030057,2021-07-09 12:14:00,2021,7,9,12,14,81,81266,D144,43.624504,2.003755,Plein jour,Hors agglomération,Hors intersection,Normale,Deux véhicules - frontale,3,2,2,0,1,3,1,0,1,80,,2,1,0,1,0,36.0,17.0,,,1,1,1,1,1
202100030058,2021-07-08 14:42:00,2021,7,8,14,42,28,28161,Autoroute  A11,48.264598,1.14614,Plein jour,Hors agglomération,Hors intersection,Normale,Autre collision,1,3,3,0,2,1,1,0,8,130,,1,0,0,0,1,21.0,,,,1,1,1,1,6
202100030059,2021-07-07 17:40:00,2021,7,7,17,40,83,83130,Autoroute A57 sortie LES TERRAINS,43.1992172077,6.0447525891,Plein jour,Hors agglomération,Hors intersection,Normale,Autre collision,1,1,1,0,1,3,1,0,1,50,,1,0,0,1,0,56.0,,,,1,1,1,1,6
202100030060,2021-07-08 16:00:00,2021,7,8,16,0,28,28389,RD 924,48.036143,1.348357,Plein jour,Hors agglomération,Hors intersection,Normale,Deux véhicules - frontale,3,2,2,0,1,1,1,0,1,80,,2,1,1,0,0,26.0,34.0,,,1,1,1,1,1
202100030061,2021-07-07 22:45:00,2021,7,7,22,45,52,52332,A31,47.99404,5.513096,Nuit sans éclairage public,Hors agglomération,Autre intersection,Pluie forte,Autre collision,1,3,4,0,1,1,2,0,3,130,,1,0,0,0,1,24.0,,,,3,1,9,3,6
202100030062,2021-07-08 12:00:00,2021,7,8,12,0,28,28104,27 rue jean moulin,48.484951,1.591392,Plein jour,En agglomération,Hors intersection,Normale,Autre collision,3,2,2,0,1,1,1,0,1,50,,1,0,0,0,1,61.0,,,,1,2,1,1,6
202100030063,2021-06-27 19:00:00,2021,6,27,19,0,35,35338,Route nationale 157,48.074906,-1.263807,Plein jour,Hors agglomération,Hors intersection,Normale,Deux véhicules - arrière,2,3,4,0,1,1,1,0,1,110,,3,2,0,0,1,22.0,35.0,,,1,1,1,1,2
202100030064,2021-07-09 18:00:00,2021,7,9,18,0,67,67437,Route départementale 132,48.733394,7.341292,Plein jour,Hors agglomération,Intersection en T,Normale,Deux véhicules - arrière,3,2,2,0,1,4,1,0,1,80,,3,1,0,1,1,22.0,24.0,,,1,1,3,1,2
202100030065,2021-07-08 15:30:00,2021,7,8,15,30,35,35024,RD 97,48.159894,-1.625086,Plein jour,Hors agglomération,Hors intersection,Normale,Deux véhicules - côté,3,2,2,0,1,1,1,0,1,70,,2,1,0,1,0,22.0,66.0,,,1,1,1,1,3
202100030066,2021-06-23 17:24:00,2021,6,23,17,24,57,57370,Eclus,49.398002,6.276589,Plein jour,Hors agglomération,Autre intersection,Normale,Sans collision,4,-1,2,0,1,3,1,0,1,80,,1,0,0,1,0,16.0,,,,1,1,9,1,7
202100030067,2021-07-09 07:45:00,2021,7,9,7,45,51,51612,Route du Mesnil,48.910485,4.014323,Plein jour,Hors agglomération,Intersection en X,Normale,Deux véhicules - frontale,3,2,2,0,1,1,1,0,3,80,,2,1,0,0,1,44.0,36.0,,,1,1,2,1,1
202100030068,2021-07-09 12:20:00,2021,7,9,12,20,2A,2A271,Zone Industrielle de Baleone,41.952325,8.796262,Plein jour,En agglomération,Hors intersection,Normale,Deux véhicules - côté,6,-1,-1,0,1,1,1,0,1,50,,2,1,0,1,0,75.0,29.0,,,1,2,1,1,3
202100030069,2021-07-09 14:00:00,2021,7,9,14,0,80,80186,D142,49.812346,2.823272,Plein jour,Hors agglomération,Hors intersection,Normale,Sans collision,3,2,2,0,2,1,1,0,1,80,,1,0,0,1,0,56.0,,,,1,1,1,1,7
202100030070,2021-07-09 15:00:00,2021,7,9,15,0,80,80246,D90,49.795287,2.392482,Plein jour,Hors agglomération,Intersection en X,Normale,Deux véhicules - frontale,3,2,2,0,1,1,1,0,1,70,,2,0,0,2,0,69.0,54.0,,,1,1,2,1,1
202100030071,2021-07-09 17:30:00,2021,7,9,17,30,55,55010,RN4 PK 01+700,48.635167,5.008891,Plein jour,Hors agglomération,Hors intersection,Normale,Deux véhicules - arrière,2,3,1,0,1,1,1,0,1,90,,3,1,0,1,1,53.0,33.0,,,1,1,1,1,2
202100030072,2021-07-07 03:45:00,2021,7,7,3,45,49,49345,D24,47.278341,-0.483162,Nuit sans éclairage public,En agglomération,Hors intersection,Normale,Autre collision,3,2,2,0,2,2,1,0,3,50,,5,0,0,0,5,19.0,,,,3,2,1,1,6
202100030073,2021-07-09 19:30:00,2021,7,9,19,30,68,68062,D16,47.626283,7.217975,Crépuscule ou aube,Hors agglomération,Hors intersection,Normale,Deux véhicules - frontale,3,2,2,0,1,1,1,0,1,80,,2,1,0,0,1,21.0,59.0,,,2,1,1,1,1
202100030074,2021-07-07 20:45:00,2021,7,7,20,45,44,44127,Rue de Nantes,47.017367,-1.436442,Plein jour,En agglomération,Hors intersection,Normale,Autre collision,3,2,2,0,1,1,1,0,1,50,,2,1,0,1,0,44.0,,,,1,2,1,1,6
202100030075,2021-07-08 08:55:00,2021,7,8,8,55,35,35099,Les Grées,48.082623,-1.532013,Plein jour,Hors agglomération,Intersection en X,Normale,Deux véhicules - côté,4,2,2,0,1,1,1,0,1,80,,2,1,0,1,0,22.0,18.0,,,1,1,2,1,3
202100030076,2021-07-08 15:40:00,2021,7,8,15,40,29,29163,44b Rue de la République,48.5082,-3.874226,Plein jour,En agglomération,Intersection en T,Normale,Deux véhicules - côté,4,2,2,0,1,1,1,5,1,30,,2,1,0,0,1,16.0,53.0,,,1,2,3,1,3
202100030077,2021-07-09 08:55:00,2021,7,9,8,55,29,29167,D784 - Lieu Dit Kerandoare,47.999467,-4.271214,Plein jour,Hors agglomération,Giratoire,Normale,Deux véhicules - côté,3,1,1,0,1,1,1,5,1,70,,2,1,0,0,1,37.0,36.0,,,1,1,6,1,3
202100030078,2021-07-08 19:45:00,2021,7,8,19,45,31,31358,1785 Route de Lavaur,43.716979,1.609303,Plein jour,Hors agglomération,Hors intersection,Normale,Deux véhicules - arrière,3,2,2,0,1,1,1,0,1,80,,2,1,0,1,0,43.0,,,,1,1,1,1,2
202100030079,2021-07-08 09:25:00,2021,7,8,9,25,84,84017,D19,44.135415,5.166631,Plein jour,Hors agglomération,Hors intersection,Normale,Autre collision,3,2,2,0,2,2,1,0,1,80,,3,1,0,0,2,52.0,51.0,,,1,1,1,1,6
202100030080,2021-07-08 22:21:00,2021,7,8,22,21,01,01196,Route de Bourg,46.355062,5.124055,Nuit sans éclairage public,Hors agglomération,Intersection en Y,Normale,Deux véhicules - frontale,3,2,2,0,2,1,1,0,1,80,,2,1,1,0,0,17.0,30.0,,,3,1,4,1,1
202100030081,2021-07-08 12:30:00,2021,7,8,12,30,26,26342,Route de Saint Paul,44.339151,4.817607,Plein jour,Hors agglomération,Hors intersection,Vent fort / tempête,Deux véhicules - frontale,3,2,2,0,2,3,1,0,1,80,,3,2,0,1,0,33.0,45.0,,,1,1,1,6,1
202100030082,2021-07-09 12:55:00,2021,7,9,12,55,06,06007,1681 Route de Saint Jacques,43.620167,6.918206,Plein jour,Hors agglomération,Hors intersection,Normale,Deux véhicules - côté,3,2,2,0,2,1,1,0,1,50,,2,1,0,0,1,46.0,67.0,,,1,1,1,1,3
202100030083,2021-07-09 06:20:00,2021,7,9,6,20,14,14334,D613,49.143243,0.388545,Crépuscule ou aube,Hors agglomération,Hors intersection,Normale,Autre collision,3,2,2,0,1,1,1,0,3,90,,1,0,0,1,0,68.0,,,,2,1,1,1,6
202100030084,2021-07-08 14:20:00,2021,7,8,14,20,05,05146,Départementale 1075,44.641766,5.698621,Plein jour,Hors agglomération,Hors intersection,Normale,Trois véhicules et plus - collisions multiples,3,2,2,0,1,1,1,8,1,70,,7,0,0,2,5,62.0,28.0,,,1,1,1,1,5
202100030085,2021-07-09 01:10:00,2021,7,9,1,10,45,45136,Route d Egreville,48.09009,2.980739,Nuit sans éclairage public,En agglomération,Hors intersection,Normale,Autre collision,3,2,2,0,1,2,1,0,4,50,,1,0,0,1,0,21.0,,,,3,2,1,1,6
202100030086,2021-07-09 16:15:00,2021,7,9,16,15,36,36128,,46.859971,1.78251,Plein jour,En agglomération,Intersection en X,Normale,Deux véhicules - côté,2,2,2,0,1,1,1,5,1,50,,2,0,1,1,0,38.0,59.0,,,1,2,2,1,3
202100030087,2021-07-07 12:00:00,2021,7,7,12,0,07,07204,Chemin du Chiniac,45.016925,4.402792,Plein jour,En agglomération,Intersection en T,Temps couvert,Deux véhicules - frontale,3,2,2,0,2,2,1,5,1,70,,2,1,0,1,0,58.0,66.0,,,1,2,3,8,1
202100030088,2021-07-08 00:35:00,2021,7,8,0,35,40,40284,Rue de Marron,43.655542,-1.301429,Nuit sans éclairage public,En agglomération,Hors intersection,Pluie légère,Sans collision,3,2,2,0,1,1,2,0,3,50,,2,1,1,0,0,32.0,,,,3,2,1,2,7
202100030089,2021-07-02 16:46:00,2021,7,2,16,46,24,24581,route de perigueux PR 65 RD 4,45.029855,0.557394,Plein jour,Hors agglomération,Hors intersection,Normale,Deux véhicules - arrière,3,2,2,0,2,1,1,0,1,80,,2,1,0,1,0,54.0,26.0,,,1,1,1,1,2
202100030090,2021-07-08 09:10:00,2021,7,8,9,10,04,04006,RD 126,44.291122,6.569387,Plein jour,En agglomération,Hors intersection,Normale,Deux véhicules - côté,3,2,2,0,1,2,1,0,1,50,,2,1,0,1,0,64.0,63.0,,,1,2,1,1,3
202100030091,2021-07-09 14:15:00,2021,7,9,14,15,04,04008,RN 202 (Hameau de Rouaine),43.933066,6.669817,Plein jour,Hors agglomération,Hors intersection,Normale,Deux véhicules - frontale,2,2,2,0,2,3,1,0,1,80,,2,1,0,0,1,27.0,57.0,,,1,1,1,1,1
202100030092,2021-07-08 22:15:00,2021,7,8,22,15,37,37162,lieu dit la Lyé,47.0981092601,0.9173853905,Crépuscule ou aube,Hors agglomération,Hors intersection,Normale,Autre collision,3,2,2,0,1,2,1,0,3,80,,1,0,1,0,0,55.0,,,,2,1,1,1,6
202100030093,2021-07-09 12:35:00,2021,7,9,12,35,72,72320,"Autoroute A11, PK 172+400",48.050539,0.166597,Plein jour,Hors agglomération,Hors intersection,Normale,Trois véhicules et plus - collisions multiples,1,1,4,0,2,1,1,0,1,110,,5,1,0,0,4,45.0,44.0,,,1,1,1,1,5
202100030094,2021-07-09 19:34:00,2021,7,9,19,34,38,38193,D1006,45.6106139152,5.2114167809,Plein jour,Hors agglomération,Hors intersection,Normale,Deux véhicules - côté,3,1,4,0,1,1,1,0,1,70,,2,1,0,0,1,24.0,,,,1,1,1,1,3
202100030095,2021-07-09 03:45:00,2021,7,9,3,45,67,67124,Rue des sports,48.535082,7.634431,Nuit avec éclairage allumé,En agglomération,Hors intersection,Normale,Autre collision,6,-1,-1,0,1,1,1,0,8,30,,2,0,0,0,2,18.0,,,,5,2,1,1,6