accident_id,datetime,annee,mois,jour,heure,minute,departement,commune_insee,adresse,latitude,longitude,luminosite,agglomeration,intersection,meteo,collision,catr,circ,nbv,vosp,prof,plan,surf,infra,situ,vma,nb_vehicules,nb_usagers,nb_indemnes,nb_tues,nb_blesses_hosp,nb_blesses_legers,age_cond_1,age_cond_2,veh_type_cond_1,veh_type_cond_2,lum_code,agg_code,int_code,atm_code,col_code
202100030096,2021-07-08 22:15:00,2021,7,8,22,15,42,42256,Rue de la Liberation,45.497594,4.165846,Nuit avec éclairage allumé,En agglomération,Intersection en X,Normale,Deux véhicules - côté,3,2,2,0,1,1,1,0,1,50,,2,1,0,1,0,62.0,17.0,,,5,2,2,1,3
202100030097,2021-07-08 19:25:00,2021,7,8,19,25,51,51118,A26,49.270269,3.960614,Plein jour,Hors agglomération,Hors intersection,Normale,Trois véhicules et plus - en chaîne,1,3,4,0,1,1,1,2,1,130,,3,1,0,1,1,43.0,40.0,,,1,1,1,1,4
202100030098,2021-07-09 12:47:00,2021,7,9,12,47,34,34240,A9 PK 093+700,43.639942,3.972845,Plein jour,Hors agglomération,Hors intersection,Normale,Autre collision,1,3,5,0,1,1,1,0,1,110,,2,0,1,1,0,65.0,,,,1,1,1,1,6
202100030099,2021-07-06 05:45:00,2021,7,6,5,45,34,34240,A9,43.64592,3.978553,Crépuscule ou aube,Hors agglomération,Hors intersection,Normale,Deux véhicules - côté,1,3,5,0,1,1,1,0,1,110,,8,7,0,0,1,57.0,22.0,,,2,1,1,1,3
202100030100,2021-07-02 19:00:00,2021,7,2,19,0,69,69097,PELUSSIN (DE) (RTE),45.5145872236,4.7212833166,Plein jour,Hors agglomération,Hors intersection,Normale,Sans collision,3,2,2,0,2,1,1,0,1,80,,1,0,0,1,0,51.0,,,,1,1,1,1,7
202100030101,2021-07-09 15:30:00,2021,7,9,15,30,974,97422,"RN3, PK 42+700",-21.235087,55.541736,Plein jour,Hors agglomération,Hors intersection,Normale,Deux véhicules - frontale,2,2,2,0,2,3,1,0,1,80,,8,5,1,2,0,42.0,40.0,,,1,1,1,1,1
202100030102,2021-07-08 16:00:00,2021,7,8,16,0,971,97106,Galets,16.168884,-61.77637,Plein jour,En agglomération,Hors intersection,Normale,Autre collision,2,-1,2,0,1,1,1,0,1,50,,2,1,0,1,0,70.0,,,,1,2,1,1,6
202100030103,2021-06-27 11:15:00,2021,6,27,11,15,28,28279,D26,48.635142,1.502692,Plein jour,Hors agglomération,Giratoire,Pluie forte,Deux véhicules - côté,3,-1,1,0,1,2,2,9,1,80,,2,1,0,1,0,82.0,68.0,,,1,1,6,3,3
202100030104,2021-07-09 11:20:00,2021,7,9,11,20,78,78562,D138,48.741135,1.77794,Plein jour,Hors agglomération,Hors intersection,Normale,Autre collision,3,2,2,0,1,3,1,0,3,50,,1,0,0,1,0,80.0,,,,1,1,1,1,6
202100030105,2021-07-08 12:10:00,2021,7,8,12,10,04,04152,Ch de Sainte Tulle,43.80597,5.727798,Plein jour,Hors agglomération,Hors intersection,Normale,Sans collision,4,2,2,0,1,3,1,0,1,50,,1,0,0,0,1,16.0,,,,1,1,1,1,7
202100030106,2021-07-05 21:55:00,2021,7,5,21,55,04,04039,RD 955,43.877448,6.536286,Nuit sans éclairage public,Hors agglomération,Hors intersection,Normale,Autre collision,3,2,2,0,1,1,1,0,1,80,,1,0,0,0,1,34.0,,,,3,1,1,1,6
202100030107,2021-07-08 15:50:00,2021,7,8,15,50,13,13027,740 Route de la Crau,43.889148,4.825723,Plein jour,Hors agglomération,Autre intersection,Normale,Deux véhicules - côté,3,2,2,0,1,1,1,0,1,80,,2,1,0,1,0,25.0,64.0,,,1,1,9,1,3
202100030108,2021-07-08 17:40:00,2021,7,8,17,40,89,89099,Rue de la République,47.947217,3.539604,Plein jour,En agglomération,Intersection en Y,Temps couvert,Deux véhicules - arrière,3,2,2,0,1,3,1,0,1,50,,5,1,0,1,3,22.0,38.0,,,1,2,4,8,2
202100030109,2021-07-08 18:05:00,2021,7,8,18,5,71,71150,RD 906 - PK 82+700,46.2526869575,4.7885610035,Plein jour,Hors agglomération,Hors intersection,Normale,Trois véhicules et plus - collisions multiples,3,2,2,0,1,1,1,0,1,70,,4,0,0,0,4,18.0,52.0,,,1,1,1,1,5
202100030110,2021-07-05 09:45:00,2021,7,5,9,45,52,52269,Avenue de la Collinière,47.869391,5.333481,Plein jour,En agglomération,Hors intersection,Pluie légère,Deux véhicules - côté,2,2,2,0,2,2,2,0,1,30,,3,2,0,0,1,69.0,82.0,,,1,2,1,2,3
202100030111,2021-07-09 05:10:00,2021,7,9,5,10,03,03298,Lieu Dit le Champ du Rompet,46.303259,3.425138,Crépuscule ou aube,Hors agglomération,Hors intersection,Normale,Deux véhicules - frontale,2,2,2,0,1,1,1,0,1,80,,2,1,1,0,0,26.0,29.0,,,2,1,1,1,1
202100030112,2021-07-08 10:54:00,2021,7,8,10,54,01,01262,Faubourg de Lyon,45.848211,5.047172,Plein jour,En agglomération,Hors intersection,Normale,Autre collision,3,2,2,0,1,1,1,0,1,50,,2,1,0,0,1,26.0,,,,1,2,1,1,6
202100030113,2021-07-09 11:00:00,2021,7,9,11,0,01,01249,935 Route de Tramoyes,45.871063,4.923125,Plein jour,En agglomération,Intersection en T,Normale,Deux véhicules - côté,3,2,2,0,1,1,1,0,1,50,,2,1,0,0,1,60.0,28.0,,,1,2,3,1,3
202100030114,2021-07-08 22:15:00,2021,7,8,22,15,33,33323,,44.570522,-0.214126,Nuit sans éclairage public,Hors agglomération,Giratoire,Normale,Autre collision,3,2,2,0,1,1,1,9,8,80,,1,0,0,1,0,37.0,,,,3,1,6,1,6
202100030115,2021-07-09 20:15:00,2021,7,9,20,15,60,60346,1 Avenue de Gouvieux,49.1564467444,2.4385163783,Plein jour,En agglomération,Hors intersection,Normale,Deux véhicules - frontale,3,2,2,0,1,1,1,0,1,50,,2,0,0,1,1,40.0,22.0,,,1,2,1,1,1
202100030116,2021-07-09 17:00:00,2021,7,9,17,0,60,60282,,49.208612,2.452483,Plein jour,Hors agglomération,Hors intersection,Normale,Deux véhicules - arrière,3,2,2,0,1,1,1,0,1,80,,3,0,0,0,3,36.0,27.0,,,1,1,1,1,2
202100030117,2021-07-09 14:15:00,2021,7,9,14,15,59,59379,d 132,50.286799,3.239079,Plein jour,En agglomération,Giratoire,Normale,Deux véhicules - côté,3,2,2,0,1,1,1,5,1,50,,3,2,0,0,1,23.0,41.0,,,1,2,6,1,3
202100030118,2021-07-08 19:00:00,2021,7,8,19,0,13,13211,A50-Sens Aubagne vers Marseille,43.29288,5.47664,Plein jour,Hors agglomération,Hors intersection,Normale,Deux véhicules - côté,1,3,3,0,1,1,1,0,1,90,,2,1,0,0,1,42.0,,,,1,1,1,1,3
202100030119,2021-06-10 16:30:00,2021,6,10,16,30,13,13215,A7-Sens Lyon vers Marseille,43.37039,5.36121,Plein jour,Hors agglomération,Hors intersection,Normale,Deux véhicules - arrière,1,1,3,0,1,1,1,0,1,90,,2,1,0,0,1,31.0,40.0,,,1,1,1,1,2
202100030120,2021-07-07 17:45:00,2021,7,7,17,45,13,13106,A7-Sens Marseille vers Lyon,43.3967,5.35032,Plein jour,Hors agglomération,Hors intersection,Normale,Deux véhicules - arrière,1,1,2,0,1,1,1,0,1,90,,2,1,0,0,1,28.0,21.0,,,1,1,1,1,2
202100030121,2021-07-08 00:45:00,2021,7,8,0,45,13,13211,A50-Sens Aubagne vers Marseille,43.29473,5.46546,Nuit sans éclairage public,Hors agglomération,Hors intersection,Normale,Sans collision,1,1,3,0,2,1,1,0,1,90,,1,0,0,0,1,28.0,,,,3,1,1,1,7
202100030122,2021-07-07 19:15:00,2021,7,7,19,15,13,13055,A507 sens Marseille - Aubagne,43.28742,5.4248,Plein jour,Hors agglomération,Hors intersection,Normale,Deux véhicules - arrière,1,3,4,0,4,1,1,1,1,70,,3,2,0,0,1,27.0,32.0,,,1,1,1,1,2
202100030123,2021-07-08 14:00:00,2021,7,8,14,0,69,69275,EST (ROC),45.77154,4.98483,Plein jour,Hors agglomération,Hors intersection,Normale,Deux véhicules - côté,2,3,4,0,2,1,1,0,1,90,,2,1,0,0,1,43.0,68.0,,,1,1,1,1,3
202100030124,2021-07-07 15:20:00,2021,7,7,15,20,33,33397,AUTOROUTE A 10,44.920078,-0.475621,Plein jour,Hors agglomération,Hors intersection,Pluie forte,Deux véhicules - arrière,1,3,6,0,1,1,2,0,1,110,,3,2,0,0,1,74.0,30.0,,,1,1,1,3,2
202100030125,2021-07-07 17:20:00,2021,7,7,17,20,59,59383,AUTOROUTE A2,50.338311,3.540221,Plein jour,Hors agglomération,Hors intersection,Normale,Deux véhicules - arrière,1,3,4,0,1,1,1,0,1,110,,3,1,0,1,1,50.0,24.0,,,1,1,1,1,2
202100030126,2021-07-06 09:05:00,2021,7,6,9,5,59,59386,ROUTE DEPARTEMENTALE 652,50.682631,3.078978,Plein jour,Hors agglomération,Hors intersection,Normale,Deux véhicules - côté,7,3,4,0,1,1,1,0,1,90,,2,1,0,1,0,21.0,54.0,,,1,1,1,1,3
202100030127,2021-07-08 16:50:00,2021,7,8,16,50,91,91589,AUTOROUTE A6,48.67614,2.34037,Plein jour,Hors agglomération,Hors intersection,Normale,Sans collision,1,3,6,0,4,2,1,0,3,110,,1,0,0,0,1,36.0,,,,1,1,1,1,7
202100030128,2021-07-08 08:20:00,2021,7,8,8,20,94,94003,AUTOROUTE A6A,48.80957,2.3392,Plein jour,Hors agglomération,Hors intersection,Normale,Deux véhicules - côté,1,1,3,0,1,1,1,0,1,70,,2,1,0,0,1,55.0,61.0,,,1,1,1,1,3
202100030129,2021-07-07 20:45:00,2021,7,7,20,45,91,91689,AUTOROUTE A6B,48.74072,2.32089,Plein jour,Hors agglomération,Hors intersection,Normale,Deux véhicules - côté,1,3,3,0,1,1,1,0,1,90,,2,1,0,0,1,38.0,45.0,,,1,1,1,1,3
202100030130,2021-07-08 18:20:00,2021,7,8,18,20,78,78043,A12 W,48.83083,2.08279,Plein jour,Hors agglomération,Hors intersection,Normale,Deux véhicules - côté,1,3,7,0,1,1,1,0,1,110,,2,1,0,0,1,43.0,28.0,,,1,1,1,1,3
202100030131,2021-07-08 12:35:00,2021,7,8,12,35,92,92050,A14,48.894937158,2.2282637291,Nuit avec éclairage allumé,Hors agglomération,Hors intersection,Normale,Autre collision,1,1,4,0,1,1,1,1,1,70,,2,1,0,0,1,29.0,71.0,,,5,1,1,1,6
202100030132,2021-07-07 21:25:00,2021,7,7,21,25,92,92048,N118,48.8000383686,2.2159557149,Plein jour,Hors agglomération,Hors intersection,Normale,Deux véhicules - arrière,2,3,4,0,1,1,1,8,8,90,,4,2,0,0,2,21.0,24.0,,,1,1,1,1,2
202100030133,2021-07-08 09:25:00,2021,7,8,9,25,92,92025,A86,48.9337646787,2.2726945731,Plein jour,Hors agglomération,Hors intersection,Normale,Deux véhicules - côté,1,3,4,0,1,1,1,0,1,90,,2,1,0,0,1,36.0,33.0,,,1,1,1,1,3
202100030134,2021-07-08 20:20:00,2021,7,8,20,20,93,93048,AUTOROUTE A3,48.87082,2.43176,Plein jour,Hors agglomération,Hors intersection,Normale,Deux véhicules - côté,1,3,8,0,1,1,1,0,1,90,,2,1,0,0,1,24.0,22.0,,,1,1,1,1,3
202100030135,2021-07-08 19:00:00,2021,7,8,19,0,95,95277,A104,48.97406,2.48889,Plein jour,Hors agglomération,Hors intersection,Normale,Trois véhicules et plus - collisions multiples,1,1,2,0,1,1,1,0,1,70,,4,2,0,0,2,24.0,22.0,,,1,1,1,1,5
202100030136,2021-07-08 15:45:00,2021,7,8,15,45,95,95277,AUTOROUTE A3,48.97998,2.4966,Plein jour,Hors agglomération,Hors intersection,Normale,Deux véhicules - côté,1,3,-1,0,1,1,1,0,1,90,,2,1,0,0,1,49.0,62.0,,,1,1,1,1,3
202100030137,2021-07-07 06:40:00,2021,7,7,6,40,95,95252, A15,48.97797,2.232,Crépuscule ou aube,Hors agglomération,Hors intersection,Normale,Deux véhicules - arrière,1,3,8,0,1,1,1,0,1,90,,3,1,0,0,2,43.0,21.0,,,2,1,1,1,2
202100030138,2021-07-07 06:50:00,2021,7,7,6,50,95,95582, A15,48.97472,2.24404,Plein jour,Hors agglomération,Hors intersection,Normale,Deux véhicules - arrière,1,3,10,0,2,2,1,0,1,110,,3,2,0,0,1,43.0,50.0,,,1,1,1,1,2
202100030139,2021-07-07 07:50:00,2021,7,7,7,50,93,93051,A4,48.8356151426,2.564079351,Plein jour,Hors agglomération,Hors intersection,Normale,Deux véhicules - arrière,1,3,3,0,1,1,1,0,1,110,,2,1,0,0,1,42.0,37.0,,,1,1,1,1,2
202100030140,2021-07-06 18:45:00,2021,7,6,18,45,59,59654,DEPORTES (AVENUE DES),50.37594,3.10035,Plein jour,En agglomération,Hors intersection,Normale,Autre collision,4,2,2,0,1,1,1,0,1,50,,3,2,1,0,0,27.0,,,,1,2,1,1,6
202100030141,2021-04-01 15:50:00,2021,4,1,15,50,61,61344,Rue de la fée d'Argouges,48.640796,-0.209759,Plein jour,En agglomération,Hors intersection,Normale,Autre collision,3,2,-1,-1,1,1,1,0,4,50,,2,1,0,0,1,91.0,,,,1,2,1,1,6
202100030142,2021-07-07 10:30:00,2021,7,7,10,30,38,38185,RUE ANDRÉ MAGINOT,45.181993984,5.725016892,Plein jour,En agglomération,Autre intersection,Normale,Deux véhicules - côté,4,1,1,0,1,1,1,0,1,30,,2,1,0,0,1,38.0,,,,1,2,9,1,3
202100030143,2021-07-07 12:30:00,2021,7,7,12,30,33,33281,Avenue de Magudas,44.85602,-0.65265,Plein jour,En agglomération,Autre intersection,Pluie forte,Autre collision,6,-1,-1,3,1,1,2,0,1,-1,,2,1,0,1,0,52.0,,,,1,2,9,3,6
202100030144,2021-04-02 17:06:00,2021,4,2,17,6,16,16015,carrefour de  BARROUILHET ,45.653453,0.147903,Plein jour,En agglomération,Intersection en T,Normale,Deux véhicules - côté,4,2,3,0,4,2,1,0,1,50,,2,1,0,1,0,35.0,21.0,,,1,2,3,1,3
202100030145,2021-07-07 10:10:00,2021,7,7,10,10,974,97416,LEBLOND(RUE M. ET A.),-21.33558,55.46674,Plein jour,En agglomération,Hors intersection,Normale,Deux véhicules - arrière,4,1,2,0,1,1,1,0,1,50,,2,1,0,0,1,40.0,23.0,,,1,2,1,1,2
202100030146,2021-07-07 10:45:00,2021,7,7,10,45,974,97407,POLITZER(AVENUE),-20.9454,55.2929,Plein jour,En agglomération,Autre intersection,Normale,Deux véhicules - côté,4,-1,1,0,1,1,1,0,1,50,,2,1,0,0,1,8.0,62.0,,,1,2,9,1,3
202100030147,2021-07-07 14:38:00,2021,7,7,14,38,973,97302,ROUTE NATIONALE 1,4.9077344839,-52.3227224352,Plein jour,Hors agglomération,Giratoire,Normale,Deux véhicules - côté,2,1,1,1,1,1,1,0,5,50,,4,2,0,0,2,34.0,27.0,,,1,1,6,1,3
202100030148,2021-07-07 13:10:00,2021,7,7,13,10,69,69199,FRERES PERRET (AV),45.69338,4.84511,Plein jour,Hors agglomération,Hors intersection,Normale,Autre collision,7,2,2,0,1,1,1,0,3,70,,2,1,0,0,1,38.0,,,,1,1,1,1,6
202100030149,2021-07-07 10:45:00,2021,7,7,10,45,69,69386,MONTGOLFIER (R),45.77189,4.84874,Plein jour,En agglomération,Hors intersection,Normale,Deux véhicules - côté,4,1,1,2,1,1,1,0,1,30,,2,1,0,0,1,16.0,31.0,,,1,2,1,1,3
202100030150,2021-07-04 22:15:00,2021,7,4,22,15,972,97209,ROBERT ATTULY (BOULEVARD),14.6031855823,-61.0761090184,Nuit avec éclairage non allumé,En agglomération,Hors intersection,Normale,Autre collision,2,2,2,0,2,2,1,0,1,30,,1,0,0,0,1,35.0,,,,4,2,1,1,6
202100030151,2021-07-06 10:15:00,2021,7,6,10,15,69,69034,PIERRE TERRASSE (AV),45.79915,4.84769,Plein jour,En agglomération,Hors intersection,Pluie forte,Deux véhicules - côté,4,2,2,0,1,1,2,0,1,50,,2,1,0,0,1,49.0,31.0,,,1,2,1,3,3
202100030152,2021-07-07 16:15:00,2021,7,7,16,15,971,97101,PATRICK SAINT ELOI ( AVENUE ),16.25421,-61.52294,Plein jour,En agglomération,Intersection en T,Normale,Deux véhicules - côté,2,2,4,0,1,1,1,5,1,50,,2,1,0,0,1,51.0,57.0,,,1,2,3,1,3
202100030153,2021-07-05 06:45:00,2021,7,5,6,45,87,87085,PORT DU NAVEIX (RUE DU),45.83327,1.27528,Crépuscule ou aube,En agglomération,Hors intersection,Normale,Deux véhicules - côté,2,3,4,0,1,1,1,5,1,50,,3,2,0,0,1,19.0,56.0,,,2,2,1,1,3
202100030154,2021-07-06 18:05:00,2021,7,6,18,5,83,83069,VILETTE (CHEMIN DE LA),43.10581,6.12677,Plein jour,En agglomération,Hors intersection,Normale,Autre collision,7,2,2,0,1,1,1,0,1,50,,2,1,0,1,0,54.0,,,,1,2,1,1,6
202100030155,2021-07-05 19:30:00,2021,7,5,19,30,83,83069,GAMBETTA (AVENUE),43.11759,6.12861,Plein jour,En agglomération,Intersection en X,Normale,Deux véhicules - côté,4,2,2,0,1,1,1,5,1,50,,3,1,0,0,2,27.0,14.0,,,1,2,2,1,3
202100030156,2021-07-06 12:15:00,2021,7,6,12,15,83,83050,BUISSON(BOULEVARD FERDINAND),43.533529,6.469847,Plein jour,En agglomération,Intersection en T,Normale,Deux véhicules - côté,4,2,2,0,1,1,1,0,1,50,,2,1,0,1,0,16.0,30.0,,,1,2,3,1,3
202100030157,2021-07-05 16:50:00,2021,7,5,16,50,80,80021,BEAUVILLE CENTRE (BOULEVARD),49.89864,2.31198,Plein jour,En agglomération,Hors intersection,Normale,Deux véhicules - côté,4,2,2,0,4,1,1,0,1,50,,2,1,0,0,1,31.0,43.0,,,1,2,1,1,3
202100030158,2021-07-05 12:15:00,2021,7,5,12,15,80,80021,AMONT (PORT D'),49.89494,2.30822,Plein jour,En agglomération,Hors intersection,Normale,Deux véhicules - côté,4,2,4,0,1,1,1,0,1,50,,2,1,0,0,1,58.0,17.0,,,1,2,1,1,3
202100030159,2021-07-03 01:20:00,2021,7,3,1,20,78,78490,CD 30,48.80338,1.9585,Nuit avec éclairage non allumé,Hors agglomération,Hors intersection,Normale,Autre collision,3,3,4,0,1,1,1,0,8,70,,1,0,1,0,0,20.0,,,,4,1,1,1,6
202100030160,2021-07-07 15:25:00,2021,7,7,15,25,76,76681,GARIBALDI. RUE,49.4155,1.09134,Plein jour,En agglomération,Hors intersection,Normale,Autre collision,4,2,1,3,1,1,1,4,1,30,,3,1,0,0,2,88.0,,,,1,2,1,1,6
202100030161,2021-07-07 15:00:00,2021,7,7,15,0,73,73065,VOIE RAPIDE URBAINE,45.57324,5.93428,Plein jour,Hors agglomération,Hors intersection,Normale,Deux véhicules - côté,2,3,8,0,1,1,1,0,1,90,,2,1,0,0,1,23.0,47.0,,,1,1,1,1,3
202100030162,2021-07-04 09:40:00,2021,7,4,9,40,73,73065,Rue du Dauphiné / D991,45.58836859,5.9216952324,Plein jour,En agglomération,Giratoire,Normale,Autre collision,3,1,1,0,2,2,1,0,1,50,,2,1,0,1,0,27.0,,,,1,2,6,1,6
202100030163,2021-07-06 12:10:00,2021,7,6,12,10,72,72181,TOURS (RTE) LIGNE DROITE DES HUNAUDIERES,47.96075,0.22409,Plein jour,Hors agglomération,Hors intersection,Normale,Trois véhicules et plus - en chaîne,3,2,2,0,2,1,1,0,1,70,,4,2,0,0,2,56.0,37.0,,,1,1,1,1,4
202100030164,2021-07-07 16:40:00,2021,7,7,16,40,69,69275,EMILE ZOLA (R),45.7639674833,4.9559803865,Plein jour,En agglomération,Intersection en X,Normale,Deux véhicules - côté,4,2,2,1,1,1,1,0,1,50,,2,1,0,0,1,59.0,14.0,,,1,2,2,1,3
202100030165,2021-07-07 12:50:00,2021,7,7,12,50,69,69256,CANUTS (DES) (AV)                           ,45.76167,4.92507,Plein jour,En agglomération,Hors intersection,Normale,Autre collision,4,1,0,3,1,1,1,9,6,30,,2,1,0,0,1,57.0,,,,1,2,1,1,6
202100030166,2021-07-06 12:52:00,2021,7,6,12,52,68,68224,GERARDMER (RUE DE),47.77451,7.31743,Plein jour,En agglomération,Intersection en X,Pluie légère,Deux véhicules - frontale,4,2,2,0,1,1,2,0,1,50,,2,1,0,1,0,51.0,35.0,,,1,2,2,2,1
202100030167,2021-07-06 19:45:00,2021,7,6,19,45,67,67043,ROBERTSAU (RUE DE LA),48.612992,7.764914,Plein jour,En agglomération,Hors intersection,Pluie légère,Deux véhicules - côté,7,2,4,1,1,1,2,0,1,50,,2,0,0,0,2,22.0,26.0,,,1,2,1,2,3
202100030168,2021-07-06 18:30:00,2021,7,6,18,30,67,67482,HERRENSCHMIDT (AVENUE),48.59888,7.75272,Plein jour,En agglomération,Hors intersection,Pluie légère,Deux véhicules - arrière,7,2,3,0,1,1,2,0,1,50,,2,1,0,0,1,67.0,42.0,,,1,2,1,2,2
202100030169,2021-07-07 11:05:00,2021,7,7,11,5,65,65440,JAURES (PLACE JEAN),43.232856,0.077659,Plein jour,En agglomération,Hors intersection,Normale,Autre collision,4,1,2,0,1,1,1,0,1,50,,2,1,0,1,0,67.0,,,,1,2,1,1,6
202100030170,2021-07-06 17:40:00,2021,7,6,17,40,64,64102,GRENET (AVENUE HENRI),43.50147,-1.47893,Plein jour,En agglomération,Hors intersection,Pluie légère,Sans collision,4,2,4,0,1,1,2,0,1,50,,1,0,0,0,1,38.0,,,,1,2,1,2,7
202100030171,2021-07-06 16:00:00,2021,7,6,16,0,64,64102,GRENET (AVENUE HENRI),43.50373,-1.47448,Plein jour,En agglomération,Hors intersection,Temps couvert,Deux véhicules - frontale,4,2,3,2,2,1,1,0,1,50,,2,1,0,1,0,39.0,16.0,,,1,2,1,8,1
202100030172,2021-07-06 13:35:00,2021,7,6,13,35,64,64024,MONTBRUN (AVENUE DE),43.50358,-1.50368,Plein jour,En agglomération,Hors intersection,Normale,Deux véhicules - côté,4,2,2,0,1,1,1,0,1,50,,2,1,0,0,1,16.0,31.0,,,1,2,1,1,3
202100030173,2021-07-06 11:05:00,2021,7,6,11,5,64,64102,19 Allées Paulmy,43.49097,-1.48126,Plein jour,En agglomération,Hors intersection,Normale,Deux véhicules - côté,4,2,4,0,1,1,1,5,1,50,,3,2,0,0,1,58.0,68.0,,,1,2,1,1,3
202100030174,2021-07-06 21:10:00,2021,7,6,21,10,63,63113,POURCHON (BD MAURICE),45.78964,3.08138,Crépuscule ou aube,En agglomération,Hors intersection,Normale,Deux véhicules - arrière,7,2,4,0,1,1,1,0,1,50,,2,1,0,0,1,28.0,44.0,,,2,2,1,1,2
202100030175,2021-07-06 15:20:00,2021,7,6,15,20,63,63113,SAINT ALYRE (RUE),45.78637,3.08118,Plein jour,En agglomération,Hors intersection,Normale,Deux véhicules - frontale,6,-1,0,0,1,1,1,0,1,50,,2,1,0,0,1,27.0,33.0,,,1,2,1,1,1
202100030176,2021-07-07 06:45:00,2021,7,7,6,45,59,59508,,50.759552,3.133889,Plein jour,Hors agglomération,Intersection en X,Normale,Deux véhicules - côté,7,2,1,0,1,1,1,0,1,70,,2,1,0,0,1,60.0,56.0,,,1,1,2,1,3
202100030177,2021-07-07 14:15:00,2021,7,7,14,15,59,59650,EGALITE (BOULEVARD DE L'),50.7104,3.19722,Plein jour,En agglomération,Intersection en X,Normale,Deux véhicules - côté,7,2,4,0,1,1,1,5,1,50,,3,1,0,0,2,49.0,19.0,,,1,2,2,1,3
202100030178,2021-07-07 22:50:00,2021,7,7,22,50,51,51454,Rue de la Pompelle,49.25,4.03333,Nuit avec éclairage allumé,En agglomération,Hors intersection,Normale,Sans collision,4,1,1,0,1,1,1,0,1,50,,2,1,0,0,1,39.0,,,,5,2,1,1,7
202100030179,2021-07-07 16:34:00,2021,7,7,16,34,49,49007,PORT CHAMP BAS CHEMIN,47.49496,-0.53855,Plein jour,Hors agglomération,Hors intersection,Normale,Autre collision,4,2,2,0,1,1,1,0,1,30,,2,1,0,0,1,15.0,,,,1,1,1,1,6
202100030180,2021-07-06 17:48:00,2021,7,6,17,48,49,49323,A87N,47.495343,-0.498744,Plein jour,En agglomération,Hors intersection,Normale,Deux véhicules - arrière,1,2,2,0,1,1,1,0,1,50,,2,1,0,0,1,59.0,23.0,,,1,2,1,1,2
202100030181,2021-07-06 16:12:00,2021,7,6,16,12,49,49007,ECCE HOMO BOULEVARD,47.46414,-0.5648,Plein jour,En agglomération,Hors intersection,Normale,Autre collision,4,2,1,1,1,1,1,0,1,50,,1,0,0,0,1,24.0,,,,1,2,1,1,6
202100030182,2021-07-07 21:15:00,2021,7,7,21,15,41,41158,ROUTE DEPARTEMENTALE 917,47.781312,1.0203,Crépuscule ou aube,Hors agglomération,Giratoire,Normale,Deux véhicules - côté,3,-1,2,0,1,1,1,0,1,50,,2,1,0,0,1,52.0,48.0,,,2,1,6,1,3
202100030183,2021-07-07 17:55:00,2021,7,7,17,55,41,41018,LATTRE DE TASSIGNY (QUAI DU MARECHAL DE),47.5866,1.33699,Plein jour,En agglomération,Hors intersection,Normale,Sans collision,4,2,2,0,1,1,1,0,1,50,,1,0,0,0,1,19.0,,,,1,2,1,1,7
202100030184,2021-07-06 19:30:00,2021,7,6,19,30,37,37208,CORMERY (RUE DE),47.3549626892,0.7320300185,Plein jour,En agglomération,Intersection en T,Normale,Deux véhicules - arrière,4,2,2,0,1,1,1,0,1,50,,2,1,0,0,1,33.0,34.0,,,1,2,3,1,2
202100030185,2021-07-06 16:00:00,2021,7,6,16,0,37,37261,SAINT SAUVEUR (PONT),47.3717169964,0.6777070463,Plein jour,En agglomération,Intersection en T,Normale,Autre collision,4,3,4,2,1,1,1,0,1,50,,2,1,0,0,1,42.0,68.0,,,1,2,3,1,6
202100030186,2021-07-07 22:40:00,2021,7,7,22,40,35,35238,FREVILLE (AVENUE HENRI),48.08542,-1.6743,Nuit avec éclairage allumé,En agglomération,Intersection en T,Normale,Deux véhicules - arrière,4,3,4,0,1,1,1,5,1,50,,2,0,0,0,2,31.0,45.0,,,5,2,3,1,2
202100030187,2021-07-07 11:40:00,2021,7,7,11,40,35,35238,LORIENT (DE),48.10689,-1.72764,Plein jour,En agglomération,Autre intersection,Normale,Deux véhicules - côté,2,3,6,3,1,1,1,0,1,50,,2,1,0,0,1,58.0,58.0,,,1,2,9,1,3
202100030188,2021-07-07 20:57:00,2021,7,7,20,57,34,34172,CLEMENCEAU (AVENUE GEORGES),43.6033,3.87202,Plein jour,En agglomération,Intersection en T,Normale,Deux véhicules - côté,4,1,3,3,1,1,1,0,1,50,,2,1,0,1,0,22.0,22.0,,,1,2,3,1,3
202100030189,2021-07-05 16:35:00,2021,7,5,16,35,34,34032,LIBERTE (BD DE LA),43.34031,3.22286,Plein jour,En agglomération,Hors intersection,Normale,Deux véhicules - côté,4,2,2,0,1,1,1,0,1,50,,2,1,0,1,0,27.0,23.0,,,1,2,1,1,3
202100030190,2021-06-11 00:00:00,2021,6,11,0,0,33,33039,Avenue Jeanne d’Arc,44.79491,-0.54169,Nuit sans éclairage public,En agglomération,Hors intersection,Normale,Deux véhicules - frontale,4,2,2,0,1,2,1,0,1,50,,2,1,0,0,1,28.0,29.0,,,3,2,1,1,1
202100030191,2021-06-21 19:15:00,2021,6,21,19,15,33,33069,Rue Formige,44.8651621711,-0.600089885,Plein jour,En agglomération,Hors intersection,Normale,Autre collision,4,2,2,0,1,1,1,0,1,30,,2,1,0,0,1,43.0,,,,1,2,1,1,6
202100030192,2021-07-07 01:20:00,2021,7,7,1,20,33,33162,Avenue du Médoc,44.89091,-0.65656,Nuit avec éclairage non allumé,En agglomération,Hors intersection,Normale,Sans collision,4,2,2,0,1,1,1,0,1,50,,3,1,0,0,2,18.0,,,,4,2,1,1,7