accident_id,datetime,annee,mois,jour,heure,minute,departement,commune_insee,adresse,latitude,longitude,luminosite,agglomeration,intersection,meteo,collision,catr,circ,nbv,vosp,prof,plan,surf,infra,situ,vma,nb_vehicules,nb_usagers,nb_indemnes,nb_tues,nb_blesses_hosp,nb_blesses_legers,age_cond_1,age_cond_2,veh_type_cond_1,veh_type_cond_2,lum_code,agg_code,int_code,atm_code,col_code
202100030193,2021-07-06 04:55:00,2021,7,6,4,55,31,31555,RTE D AGDE,43.62758,1.47953,Nuit avec éclairage allumé,En agglomération,Autre intersection,Pluie légère,Deux véhicules - côté,7,2,3,0,1,1,2,5,1,50,,2,0,0,0,2,26.0,26.0,,,5,2,9,2,3
202100030194,2021-07-05 10:20:00,2021,7,5,10,20,30,30007,DE LATTRE DE TASSIGNY (AVE),44.12742,4.08057,Plein jour,En agglomération,Hors intersection,Normale,Autre collision,4,2,2,0,1,1,1,0,1,50,,2,1,0,1,0,53.0,,,,1,2,1,1,6
202100030195,2021-07-07 16:15:00,2021,7,7,16,15,29,29019,Rue Jacques Blaise,48.372756,-4.539122,Plein jour,En agglomération,Intersection en X,Normale,Deux véhicules - côté,4,2,2,0,2,1,1,0,1,50,,2,0,0,0,2,22.0,56.0,,,1,2,2,1,3
202100030196,2021-07-08 01:37:00,2021,7,8,1,37,25,25031,REVOLUTION DE 1789 AVENUE DE LA),47.48171,6.84505,Nuit avec éclairage allumé,En agglomération,Intersection en T,Pluie légère,Deux véhicules - côté,3,3,6,0,1,1,2,5,1,50,,3,2,0,0,1,20.0,19.0,,,5,2,3,2,3
202100030197,2021-07-07 22:55:00,2021,7,7,22,55,17,17306,EXPRESS (VOIE),45.631629,-1.008194,Nuit sans éclairage public,Hors agglomération,Hors intersection,Normale,Trois véhicules et plus - collisions multiples,3,2,2,0,4,1,1,2,1,80,,4,3,0,0,1,30.0,61.0,,,3,1,1,1,5
202100030198,2021-07-07 13:45:00,2021,7,7,13,45,15,15014,Rue Gutenberg,44.9163,2.42811,Plein jour,En agglomération,Hors intersection,Normale,Autre collision,4,2,2,0,1,1,1,0,1,50,,2,0,0,1,1,40.0,,,,1,2,1,1,6
202100030199,2021-07-07 18:50:00,2021,7,7,18,50,14,14118,Boulevard Yves Guillou,49.17266,-0.37877,Plein jour,En agglomération,Hors intersection,Normale,Deux véhicules - côté,4,1,3,0,2,1,1,0,1,50,,2,1,0,0,1,56.0,26.0,,,1,2,1,1,3
202100030200,2021-07-07 17:54:00,2021,7,7,17,54,14,14181,N814,49.153719,-0.315086,Plein jour,Hors agglomération,Hors intersection,Normale,Trois véhicules et plus - en chaîne,2,1,2,0,1,1,1,0,1,90,,4,3,0,0,1,54.0,35.0,,,1,1,1,1,4
202100030201,2021-07-07 09:00:00,2021,7,7,9,0,14,14118,Avenue Nicolas Copernic,49.19865,-0.36059,Plein jour,En agglomération,Intersection en T,Normale,Deux véhicules - côté,3,2,0,0,3,1,1,5,1,50,,2,1,0,1,0,30.0,45.0,,,1,2,3,1,3
202100030202,2021-07-07 11:25:00,2021,7,7,11,25,13,13039,PINS (Allée des),43.4505,4.93909,Plein jour,En agglomération,Hors intersection,Normale,Deux véhicules - côté,4,2,2,0,1,2,1,0,1,50,,2,1,0,0,1,76.0,39.0,,,1,2,1,1,3
202100030203,2021-07-07 19:20:00,2021,7,7,19,20,13,13206,NOTRE DAME (BOULEVARD),43.2874620117,5.3736044099,Plein jour,En agglomération,Hors intersection,Normale,Deux véhicules - arrière,4,1,0,0,2,1,1,0,1,50,,3,1,0,1,1,,51.0,,,1,2,1,1,2
202100030204,2021-07-07 13:15:00,2021,7,7,13,15,13,13207,SAINTE (RUE),43.2917076023,5.371789952,Plein jour,En agglomération,Intersection en X,Normale,Deux véhicules - côté,4,1,1,0,1,1,1,0,1,50,,2,1,0,0,1,67.0,23.0,,,1,2,2,1,3
202100030205,2021-07-07 10:00:00,2021,7,7,10,0,13,13214,MERIMEE,43.32771,5.39672,Plein jour,En agglomération,Giratoire,Normale,Autre collision,4,1,2,0,1,1,1,9,8,50,,2,1,0,1,0,52.0,,,,1,2,6,1,6
202100030206,2021-07-07 01:15:00,2021,7,7,1,15,13,13208,PRADO (AVENUE DU),43.26861,5.38526,Nuit avec éclairage allumé,En agglomération,Hors intersection,Normale,Deux véhicules - frontale,4,2,6,0,1,1,1,0,1,50,,4,0,0,0,4,24.0,23.0,,,5,2,1,1,1
202100030207,2021-07-07 00:15:00,2021,7,7,0,15,13,13207,Corniche John Fitzgérald Kennedy,43.28367,5.35305,Nuit avec éclairage allumé,En agglomération,Intersection en T,Normale,Deux véhicules - côté,4,2,2,0,1,1,1,0,1,50,,3,2,0,1,0,29.0,21.0,,,5,2,3,1,3
202100030208,2021-07-06 10:08:00,2021,7,6,10,8,13,13201,LIEUTAUD (COURS)      2 A 52,43.29508,5.38179,Plein jour,En agglomération,Intersection en T,Normale,Deux véhicules - côté,4,2,2,0,1,1,1,0,1,50,,2,1,0,0,1,,52.0,,,1,2,3,1,3
202100030209,2021-07-07 05:10:00,2021,7,7,5,10,13,13004,RPT COLETTE LAFFINEUR RD 570,43.68652,4.64364,Nuit sans éclairage public,Hors agglomération,Hors intersection,Temps couvert,Deux véhicules - frontale,3,2,2,0,1,1,1,0,1,80,,2,0,1,1,0,52.0,38.0,,,3,1,1,8,1
202100030210,2021-07-07 23:45:00,2021,7,7,23,45,13,13001,GALICE (RTE DE),43.5280509078,5.4048625695,Nuit avec éclairage non allumé,En agglomération,Autre intersection,Normale,Deux véhicules - côté,7,2,4,0,1,1,1,0,1,50,,4,1,0,0,3,72.0,47.0,,,4,2,9,1,3
202100030211,2021-07-06 15:20:00,2021,7,6,15,20,10,10387,GEORGES POMPIDOU (RUE),48.29114,4.0884,Plein jour,En agglomération,Hors intersection,Normale,Deux véhicules - côté,4,1,1,1,1,2,1,0,5,50,,2,1,0,0,1,30.0,,,,1,2,1,1,3
202100030212,2021-07-07 16:50:00,2021,7,7,16,50,06,06123,PUGETS MOYENNE CORNICHE DES,43.69215,7.1792,Plein jour,Hors agglomération,Hors intersection,Normale,Deux véhicules - côté,4,2,2,0,2,2,1,0,1,70,,2,1,0,0,1,16.0,16.0,,,1,1,1,1,3
202100030213,2021-07-02 19:20:00,2021,7,2,19,20,03,03001,Route d’Hauterive,46.09756,3.43127,Plein jour,Hors agglomération,Hors intersection,Normale,Deux véhicules - frontale,3,2,2,0,1,1,1,0,1,70,,3,2,0,1,0,39.0,26.0,,,1,1,1,1,1
202100030214,2021-07-06 14:26:00,2021,7,6,14,26,02,02738,JEAN JAURES,49.659403,3.30411,Plein jour,En agglomération,Intersection en X,Normale,Deux véhicules - côté,4,1,2,0,1,1,1,5,1,50,,2,1,0,0,1,32.0,43.0,,,1,2,2,1,3
202100030215,2021-07-07 15:30:00,2021,7,7,15,30,75,75116,BOULEVARD PERIPHERIQUE,48.861934,2.2646,Plein jour,En agglomération,Hors intersection,Normale,Deux véhicules - côté,4,1,4,0,1,1,1,0,1,70,,2,1,0,0,1,58.0,26.0,,,1,2,1,1,3
202100030216,2021-07-06 16:15:00,2021,7,6,16,15,75,75115,PORTE DE SEVRES,48.834768,2.274802,Plein jour,En agglomération,Hors intersection,Normale,Deux véhicules - côté,4,1,3,0,1,1,1,0,1,70,,2,1,0,0,1,,48.0,,,1,2,1,1,3
202100030217,2021-07-06 10:30:00,2021,7,6,10,30,75,75114,PORTE DE CHATILLON,48.823808,2.309054,Plein jour,En agglomération,Hors intersection,Normale,Deux véhicules - arrière,4,1,3,0,1,1,1,0,1,70,,2,1,0,0,1,30.0,47.0,,,1,2,1,1,2
202100030218,2021-07-06 06:45:00,2021,7,6,6,45,75,75113,PORTE D ITALIE,48.817318,2.366127,Plein jour,En agglomération,Hors intersection,Normale,Trois véhicules et plus - en chaîne,4,1,4,0,1,1,1,0,1,70,,3,2,0,0,1,35.0,51.0,,,1,2,1,1,4
202100030219,2021-07-06 21:06:00,2021,7,6,21,6,75,75104,QUAI DE GESVRES,48.856074,2.350672,Crépuscule ou aube,En agglomération,Intersection en X,Normale,Trois véhicules et plus - collisions multiples,4,1,4,0,1,1,1,0,1,50,,5,1,0,1,3,20.0,39.0,,,2,2,2,1,5
202100030220,2021-07-06 20:10:00,2021,7,6,20,10,75,75117,BOULEVARD PERIPHERIQUE EXTERIEUR OUEST,48.880416,2.281654,Plein jour,En agglomération,Intersection en Y,Normale,Deux véhicules - côté,4,1,3,0,1,1,1,0,1,50,,2,1,0,1,0,25.0,25.0,,,1,2,4,1,3
202100030221,2021-07-06 18:14:00,2021,7,6,18,14,75,75116,ROUTE DES TRIBUNES,48.861957,2.230377,Plein jour,En agglomération,Intersection en T,Normale,Deux véhicules - côté,4,1,3,0,1,1,1,0,1,50,,2,1,0,1,0,59.0,34.0,,,1,2,3,1,3
202100030222,2021-07-07 12:45:00,2021,7,7,12,45,75,75106,RUE DE RENNES,48.845645,2.325591,Plein jour,En agglomération,Intersection en T,Normale,Autre collision,4,2,4,0,1,1,1,0,1,50,,3,1,0,0,2,,,,,1,2,3,1,6
202100030223,2021-07-07 18:55:00,2021,7,7,18,55,75,75117,AVENUE DE LA GRANDE ARMEE,48.876206,2.287165,Plein jour,En agglomération,Intersection à plus de 4 branches,Normale,Sans collision,4,2,8,0,1,1,1,0,1,50,,1,0,0,0,1,58.0,,,,1,2,5,1,7
202100030224,2021-07-07 11:15:00,2021,7,7,11,15,75,75117,BOULEVARD BESSIERES,48.897526,2.324185,Plein jour,En agglomération,Intersection à plus de 4 branches,Normale,Deux véhicules - côté,4,3,3,1,1,1,1,0,5,50,,2,1,0,0,1,72.0,27.0,,,1,2,5,1,3
202100030225,2021-07-07 08:20:00,2021,7,7,8,20,75,75116,CARREFOUR DES TRIBUNES,48.862239,2.229331,Plein jour,En agglomération,Intersection en T,Normale,Deux véhicules - côté,4,3,3,0,1,1,1,0,1,50,,2,1,0,0,1,37.0,48.0,,,1,2,3,1,3
202100030226,2021-07-07 06:50:00,2021,7,7,6,50,75,75116,ALLEE DU BORD DE L EAU,48.853843,2.226273,Plein jour,En agglomération,Hors intersection,Normale,Deux véhicules - arrière,4,2,4,0,1,1,1,0,1,50,,5,4,0,0,1,22.0,41.0,,,1,2,1,1,2
202100030227,2021-07-05 22:00:00,2021,7,5,22,0,75,75116,ALLEE DE LA REINE MARGUERITE,48.858574,2.244882,Nuit avec éclairage allumé,En agglomération,Intersection en X,Normale,Deux véhicules - côté,4,2,2,0,1,1,1,0,1,30,,2,1,0,0,1,29.0,,,,5,2,2,1,3
202100030228,2021-07-07 16:02:00,2021,7,7,16,2,75,75107,RUE DU BAC,48.856436,2.326548,Plein jour,En agglomération,Intersection en T,Normale,Deux véhicules - côté,4,2,2,0,1,1,1,0,1,50,,2,1,0,0,1,41.0,55.0,,,1,2,3,1,3
202100030229,2021-07-07 07:00:00,2021,7,7,7,0,75,75113,RUE MAURICE ET LOUIS DE BROGLIE,48.83328,2.36967,Crépuscule ou aube,En agglomération,Intersection en X,Normale,Deux véhicules - frontale,4,2,2,0,1,1,1,0,1,50,,2,1,0,0,1,40.0,63.0,,,2,2,2,1,1
202100030230,2021-07-06 16:44:00,2021,7,6,16,44,75,75113,AVENUE DES GOBELINS,48.834364,2.353556,Plein jour,En agglomération,Intersection en T,Normale,Autre collision,4,1,4,0,2,1,1,0,1,50,,2,0,0,0,2,25.0,,,,1,2,3,1,6
202100030231,2021-07-07 18:00:00,2021,7,7,18,0,75,75112,AVENUE LEDRU ROLLIN,48.850594,2.375394,Plein jour,En agglomération,Hors intersection,Normale,Autre collision,4,2,2,0,1,1,1,0,1,30,,2,1,0,0,1,62.0,,,,1,2,1,1,6
202100030232,2021-07-07 09:30:00,2021,7,7,9,30,75,75112,AVENUE DE SAINT MANDE,48.845124,2.400372,Plein jour,En agglomération,Hors intersection,Normale,Trois véhicules et plus - collisions multiples,4,2,2,0,1,1,1,0,4,50,,4,2,0,0,2,33.0,54.0,,,1,2,1,1,5
202100030233,2021-07-07 20:35:00,2021,7,7,20,35,75,75111,BOULEVARD JULES FERRY,48.866965,2.36838,Crépuscule ou aube,En agglomération,Hors intersection,Normale,Deux véhicules - côté,4,3,2,0,1,1,1,0,1,30,,2,1,0,0,1,22.0,20.0,,,2,2,1,1,3
202100030234,2021-07-07 10:00:00,2021,7,7,10,0,75,75111,RUE RICHARD LENOIR,48.85679,2.381023,Plein jour,En agglomération,Hors intersection,Normale,Deux véhicules - côté,4,2,2,1,1,1,1,0,5,30,,2,1,0,0,1,69.0,32.0,,,1,2,1,1,3
202100030235,2021-07-07 19:15:00,2021,7,7,19,15,75,75109,RUE DE LA TOUR D AUVERGNE,48.878761,2.34532,Plein jour,En agglomération,Intersection en X,Normale,Deux véhicules - arrière,4,2,2,0,1,1,1,0,1,30,,2,1,0,0,1,22.0,33.0,,,1,2,2,1,2
202100030236,2021-07-07 21:10:00,2021,7,7,21,10,75,75107,BOULEVARD DES INVALIDES,48.849458,2.315161,Plein jour,En agglomération,Intersection en X,Normale,Deux véhicules - côté,4,2,4,0,1,1,1,0,1,50,,2,1,0,0,1,20.0,16.0,,,1,2,2,1,3
202100030237,2021-07-07 18:00:00,2021,7,7,18,0,75,75114,AVENUE DU MAINE,48.840144,2.321817,Plein jour,En agglomération,Intersection en Y,Normale,Deux véhicules - côté,4,3,2,0,1,1,1,0,1,50,,2,1,0,0,1,24.0,56.0,,,1,2,4,1,3
202100030238,2021-07-07 09:00:00,2021,7,7,9,0,75,75107,BOULEVARD DE LA TOUR MAUBOURG,48.854969,2.309658,Plein jour,En agglomération,Intersection en T,Normale,Deux véhicules - arrière,4,1,2,0,1,1,1,0,1,50,,2,1,0,0,1,49.0,54.0,,,1,2,3,1,2
202100030239,2021-07-07 19:45:00,2021,7,7,19,45,75,75104,RUE DU RENARD,48.858364,2.351937,Plein jour,En agglomération,Intersection en X,Normale,Sans collision,4,1,3,3,1,1,1,0,6,50,,1,0,0,0,1,39.0,,,,1,2,2,1,7
202100030240,2021-07-06 15:00:00,2021,7,6,15,0,75,75102,BOULEVARD DES CAPUCINES,48.870118,2.329078,Plein jour,En agglomération,Intersection en T,Normale,Deux véhicules - côté,4,2,0,3,1,1,1,0,6,30,,2,1,0,0,1,37.0,44.0,,,1,2,3,1,3
202100030241,2021-07-07 17:40:00,2021,7,7,17,40,94,94081,JEAN PIERRE TIMBAUD (R),48.78732,2.40657,Plein jour,En agglomération,Intersection en X,Normale,Autre collision,3,3,4,3,1,1,1,0,8,50,,2,1,0,0,1,61.0,,,,1,2,2,1,6
202100030242,2021-07-07 08:30:00,2021,7,7,8,30,94,94081,STALINGRAD (BD DE),48.8,2.38,Plein jour,En agglomération,Hors intersection,Normale,Deux véhicules - côté,3,1,2,0,1,1,1,0,1,50,,2,0,0,0,2,31.0,,,,1,2,1,1,3
202100030243,2021-07-06 12:40:00,2021,7,6,12,40,94,94043,Avenue de Fontainebleau,48.80862,2.36271,Plein jour,En agglomération,Hors intersection,Normale,Autre collision,3,4,5,3,1,1,1,5,1,30,,2,1,1,0,0,47.0,,,,1,2,1,1,6
202100030244,2021-07-06 14:15:00,2021,7,6,14,15,94,94041,GASTON MONMOUSSEAU (R),48.80675,2.37909,Plein jour,En agglomération,Hors intersection,Normale,Deux véhicules - côté,4,2,2,0,1,1,1,0,1,50,,2,1,0,1,0,34.0,17.0,,,1,2,1,1,3
202100030245,2021-07-07 19:00:00,2021,7,7,19,0,94,94060,HENRI ROUART (R),48.78227,2.57823,Plein jour,En agglomération,Intersection en X,Normale,Deux véhicules - côté,4,2,2,0,2,1,1,0,1,50,,2,1,0,0,1,22.0,22.0,,,1,2,2,1,3
202100030246,2021-07-07 16:00:00,2021,7,7,16,0,93,93051,Allée du Fort,48.831412,2.558873,Plein jour,En agglomération,Autre intersection,Pluie légère,Autre collision,4,1,1,0,1,1,2,0,1,30,,5,4,0,0,1,30.0,,,,1,2,9,2,6
202100030247,2021-07-06 18:40:00,2021,7,6,18,40,92,92033,GENERAL DE GAULLE,48.839834,2.191091,Plein jour,En agglomération,Intersection en T,Normale,Deux véhicules - côté,3,3,2,1,1,1,1,0,1,50,,2,1,0,0,1,90.0,25.0,,,1,2,3,1,3
202100030248,2021-07-04 15:30:00,2021,7,4,15,30,92,92050,NATIONAL (BOULEVARD),48.88849,2.18394,Plein jour,En agglomération,Intersection en X,Normale,Deux véhicules - côté,3,2,2,0,1,1,1,0,1,50,,2,1,0,0,1,,55.0,,,1,2,2,1,3
202100030249,2021-07-07 16:41:00,2021,7,7,16,41,92,92050,ORVES D'ESTIENNE ALLEE D',48.8964625796,2.2110682726,Plein jour,En agglomération,Hors intersection,Normale,Autre collision,4,1,1,0,1,2,1,0,1,30,,2,1,0,1,0,61.0,,,,1,2,1,1,6
202100030250,2021-07-07 18:10:00,2021,7,7,18,10,92,92048,BELGIQUE (RUE DE LA),48.8084874144,2.2479697827,Plein jour,En agglomération,Intersection en X,Normale,Deux véhicules - côté,4,-1,4,0,2,1,1,8,1,30,,2,1,0,0,1,44.0,37.0,,,1,2,2,1,3
202100030251,2021-07-07 18:58:00,2021,7,7,18,58,92,92040,FOUCHER LEPELLETIER,48.8302894309,2.2802786529,Plein jour,En agglomération,Hors intersection,Normale,Deux véhicules - arrière,4,1,1,1,1,1,9,0,1,30,,2,1,0,0,1,21.0,30.0,,,1,2,1,1,2
202100030252,2021-07-07 12:30:00,2021,7,7,12,30,92,92026,MARECHAL JOFFRE (QUAI DU),48.90286,2.28331,Plein jour,En agglomération,Hors intersection,Normale,Deux véhicules - côté,3,1,2,0,1,1,1,0,1,70,,2,1,0,0,1,,31.0,,,1,2,1,1,3
202100030253,2021-07-07 20:30:00,2021,7,7,20,30,92,92024,PORT (RUE DU),48.906596,2.298893,Crépuscule ou aube,En agglomération,Intersection en X,Normale,Deux véhicules - côté,4,1,1,0,1,1,1,0,1,30,,2,1,0,0,1,37.0,,,,2,2,2,1,3
202100030254,2021-07-07 10:00:00,2021,7,7,10,0,92,92012,COURS DE L'ILE SEGUIN,48.82661,2.23308,Plein jour,En agglomération,Hors intersection,Normale,Deux véhicules - côté,4,3,4,0,1,1,1,0,1,30,,2,1,0,0,1,63.0,54.0,,,1,2,1,1,3
202100030255,2021-07-05 06:00:00,2021,7,5,6,0,92,92004,VOLTAIRE ( BD 16 A FIN ),48.91818224,2.2837775946,Plein jour,En agglomération,Intersection en X,Pluie forte,Deux véhicules - côté,3,2,0,2,1,1,2,0,1,50,,3,1,0,0,2,38.0,26.0,,,1,2,2,3,3
202100030256,2021-07-06 19:00:00,2021,7,6,19,0,92,92004,MOURINOUX ( RUE DES ),48.9301536114,2.2750543803,Plein jour,En agglomération,Hors intersection,Normale,Autre collision,4,2,2,0,1,1,1,0,1,30,,2,1,0,0,1,37.0,,,,1,2,1,1,6
202100030257,2021-07-07 17:45:00,2021,7,7,17,45,92,92002,DIVISION LECLERC (53 A 217 - 58 A 186),48.74351,2.30301,Plein jour,En agglomération,Hors intersection,Normale,Deux véhicules - arrière,3,1,4,0,1,1,1,5,1,50,,2,1,0,0,1,,28.0,,,1,2,1,1,2
202100030258,2021-07-08 13:50:00,2021,7,8,13,50,83,83073,A8 Pk 093.400,43.4045382354,6.2982773781,Plein jour,Hors agglomération,Hors intersection,Normale,Autre collision,1,3,4,0,2,2,1,0,1,130,,2,0,0,2,0,25.0,,,,1,1,1,1,6
202100030259,2021-07-07 19:50:00,2021,7,7,19,50,974,97422,26 Rue Georges Pompidou,-21.265867,55.524768,Nuit avec éclairage allumé,En agglomération,Hors intersection,Normale,Deux véhicules - frontale,2,2,2,0,2,1,1,0,1,50,,2,1,0,1,0,41.0,47.0,,,5,2,1,1,1
202100030260,2021-07-07 18:40:00,2021,7,7,18,40,51,51217,Avenue de Paris,49.065104,3.627566,Plein jour,Hors agglomération,Hors intersection,Normale,Deux véhicules - frontale,3,2,2,0,1,3,1,0,1,-1,,3,1,0,2,0,21.0,38.0,,,1,1,1,1,1
202100030261,2021-07-07 17:00:00,2021,7,7,17,0,26,26295,Route de Saint Vallier,45.179307,4.845904,Plein jour,Hors agglomération,Hors intersection,Normale,Deux véhicules - frontale,3,2,1,0,1,1,1,0,1,80,,3,0,0,0,3,37.0,22.0,,,1,1,1,1,1
202100030262,2021-07-08 00:10:00,2021,7,8,0,10,83,83019,2387 Route de Léoube,43.122667,6.293229,Nuit sans éclairage public,Hors agglomération,Hors intersection,Normale,Autre collision,3,2,2,0,2,3,1,0,3,70,,1,0,0,1,0,34.0,,,,3,1,1,1,6
202100030263,2021-07-08 13:15:00,2021,7,8,13,15,974,97413,rue du général de gaulle,-21.155533,55.28316,Plein jour,Hors agglomération,Hors intersection,Normale,Trois véhicules et plus - en chaîne,2,2,2,2,1,1,1,0,1,-1,,4,2,0,2,0,31.0,59.0,,,1,1,1,1,4
202100030264,2021-07-07 13:10:00,2021,7,7,13,10,87,87180,RN 145 PR 18+300,46.192294,1.242571,Plein jour,Hors agglomération,Hors intersection,Normale,Autre collision,2,2,2,0,1,1,1,0,1,80,,5,1,2,0,2,37.0,39.0,,,1,1,1,1,6
202100030265,2021-07-05 03:05:00,2021,7,5,3,5,41,41149,35 Boulevard des Alliés,47.752576,0.865962,Nuit sans éclairage public,En agglomération,Hors intersection,Pluie forte,Autre collision,4,2,2,0,1,2,2,0,3,50,,4,1,0,1,2,21.0,,,,3,2,1,3,6
202100030266,2021-07-07 17:55:00,2021,7,7,17,55,30,30141,intersection D9 - Rue de boulogne,44.10063,4.64918,Plein jour,Hors agglomération,Intersection en Y,Normale,Autre collision,3,3,2,0,1,1,1,5,1,80,,1,0,0,1,0,47.0,,,,1,1,4,1,6
202100030267,2021-07-08 01:15:00,2021,7,8,1,15,51,51044,D944,49.1739742513,4.1689381172,Nuit sans éclairage public,Hors agglomération,Hors intersection,Normale,Deux véhicules - frontale,3,2,2,0,1,3,1,0,1,90,,2,1,1,0,0,59.0,26.0,,,3,1,1,1,1
202100030268,2021-07-07 12:30:00,2021,7,7,12,30,56,56155,Route de la Roche Bernard,47.478718,-2.430981,Plein jour,Hors agglomération,Hors intersection,Normale,Autre collision,3,2,2,0,1,1,1,0,1,80,,2,1,0,0,1,27.0,,,,1,1,1,1,6
202100030269,2021-07-08 07:50:00,2021,7,8,7,50,74,74282,D1203,46.035809,6.240739,Plein jour,Hors agglomération,Hors intersection,Temps couvert,Trois véhicules et plus - collisions multiples,3,2,2,0,2,2,2,0,1,80,,6,1,0,0,5,33.0,60.0,,,1,1,1,8,5
202100030270,2021-07-08 08:30:00,2021,7,8,8,30,77,77246,Intersection RD236 et RD78,48.578062,3.369638,Plein jour,Hors agglomération,Intersection en X,Normale,Deux véhicules - côté,3,2,2,0,1,1,1,0,1,90,,2,1,0,1,0,58.0,,,,1,1,2,1,3
202100030271,2021-07-07 16:55:00,2021,7,7,16,55,2B,2B049,cd 151,42.527199,8.840142,Plein jour,Hors agglomération,Hors intersection,Normale,Deux véhicules - côté,3,2,2,0,1,1,1,0,1,70,,4,3,0,1,0,32.0,29.0,,,1,1,1,1,3
202100030272,2021-07-06 16:00:00,2021,7,6,16,0,46,46137,Route du Cluzel,44.394933,1.364751,Plein jour,Hors agglomération,Hors intersection,Normale,Deux véhicules - frontale,3,2,2,0,2,3,1,0,1,90,,3,1,0,1,1,63.0,59.0,,,1,1,1,1,1
202100030273,2021-06-26 16:20:00,2021,6,26,16,20,41,41239,route départementale 675,47.242444,1.35016,Plein jour,Hors agglomération,Hors intersection,Normale,Sans collision,3,2,2,0,2,4,1,0,1,90,,1,0,0,1,0,49.0,,,,1,1,1,1,7
202100030274,2021-07-07 07:45:00,2021,7,7,7,45,68,68021,D21.3,47.638415,7.519583,Plein jour,Hors agglomération,Hors intersection,Temps couvert,Autre collision,3,2,2,0,1,1,2,0,1,50,,2,1,0,0,1,35.0,22.0,,,1,1,1,8,6
202100030275,2021-07-08 08:30:00,2021,7,8,8,30,31,31232,Rue des Pyrénées,43.760954,1.30232,Plein jour,En agglomération,Hors intersection,Normale,Autre collision,4,2,2,0,1,1,1,0,1,50,,2,1,0,1,0,58.0,,,,1,2,1,1,6
202100030276,2021-07-08 07:35:00,2021,7,8,7,35,38,38070,Route départemental 10A,45.281334,5.922318,Plein jour,Hors agglomération,Hors intersection,Normale,Deux véhicules - frontale,3,2,2,0,1,3,2,0,1,80,,2,0,0,1,1,54.0,22.0,,,1,1,1,1,1
202100030277,2021-07-06 00:20:00,2021,7,6,0,20,02,02359,D1,49.809787,3.286827,Nuit avec éclairage non allumé,Hors agglomération,Hors intersection,Normale,Sans collision,3,3,4,0,2,1,1,0,3,110,,1,0,0,1,0,25.0,,,,4,1,1,1,7
202100030278,2021-07-07 20:20:00,2021,7,7,20,20,84,84085,D4,43.951119,5.243161,Crépuscule ou aube,En agglomération,Hors intersection,Normale,Sans collision,3,2,2,0,1,2,1,0,1,50,,1,0,0,1,0,58.0,,,,2,2,1,1,7
202100030279,2021-07-08 12:10:00,2021,7,8,12,10,01,01010,RD992,45.885184,5.806918,Plein jour,Hors agglomération,Hors intersection,Temps couvert,Deux véhicules - frontale,3,2,2,0,1,3,2,0,1,80,,3,0,0,3,0,45.0,20.0,,,1,1,1,8,1
202100030280,2021-07-06 17:50:00,2021,7,6,17,50,70,70325,D474,47.496836,5.976053,Plein jour,Hors agglomération,Hors intersection,Pluie forte,Deux véhicules - arrière,3,2,2,0,1,1,2,0,1,80,,4,3,0,1,0,30.0,26.0,,,1,1,1,3,2
202100030281,2021-07-08 15:10:00,2021,7,8,15,10,66,66063,intersection d900/d13 pk 48+260,42.491482,2.83164,Plein jour,Hors agglomération,Intersection en Y,Normale,Deux véhicules - côté,3,2,2,0,1,1,1,9,6,80,,2,1,0,1,0,36.0,54.0,,,1,1,4,1,3
202100030282,2021-07-08 06:20:00,2021,7,8,6,20,54,54080,departementale 960,48.6061845769,5.8113920697,Crépuscule ou aube,Hors agglomération,Hors intersection,Pluie légère,Autre collision,3,2,2,0,1,1,9,9,3,50,,1,0,1,0,0,24.0,,,,2,1,1,2,6
202100030283,2021-07-08 19:20:00,2021,7,8,19,20,06,06105,Route Départementale 2085,43.666234,7.050771,Plein jour,En agglomération,Hors intersection,Normale,Autre collision,3,2,2,1,1,1,1,0,1,30,,3,1,0,1,1,22.0,,,,1,2,1,1,6
202100030284,2021-07-07 16:55:00,2021,7,7,16,55,50,50101,La Rue,49.651783,-1.443822,Plein jour,Hors agglomération,Hors intersection,Normale,Sans collision,3,2,2,0,1,1,1,0,3,80,,1,0,0,0,1,21.0,,,,1,1,1,1,7
202100030285,2021-07-07 21:20:00,2021,7,7,21,20,60,60068,Rue Ernest Rigolot,49.305105,2.806047,Crépuscule ou aube,En agglomération,Hors intersection,Normale,Sans collision,4,2,2,0,2,1,1,0,1,50,,1,0,0,0,1,39.0,,,,2,2,1,1,7
202100030286,2021-07-07 12:10:00,2021,7,7,12,10,45,45040,46 Faubourg de la Villeneuve,47.556331,2.844561,Plein jour,En agglomération,Hors intersection,Normale,Deux véhicules - frontale,3,2,2,0,1,1,1,0,1,50,,2,1,0,1,0,31.0,31.0,,,1,2,1,1,1
202100030287,2021-07-07 21:10:00,2021,7,7,21,10,21,21525,Hameau de Chamont,47.411714,4.178753,Crépuscule ou aube,Hors agglomération,Hors intersection,Normale,Deux véhicules - frontale,3,2,2,0,2,1,1,0,1,90,,3,0,0,3,0,43.0,26.0,,,2,1,1,1,1
202100030288,2021-07-08 07:05:00,2021,7,8,7,5,24,24234,Haut Tresseroux,44.974332,0.403039,Plein jour,Hors agglomération,Hors intersection,Normale,Deux véhicules - côté,3,-1,2,0,1,3,1,0,1,80,,2,0,0,2,0,49.0,63.0,,,1,1,1,1,3