accident_id,datetime,annee,mois,jour,heure,minute,departement,commune_insee,adresse,latitude,longitude,luminosite,agglomeration,intersection,meteo,collision,catr,circ,nbv,vosp,prof,plan,surf,infra,situ,vma,nb_vehicules,nb_usagers,nb_indemnes,nb_tues,nb_blesses_hosp,nb_blesses_legers,age_cond_1,age_cond_2,veh_type_cond_1,veh_type_cond_2,lum_code,agg_code,int_code,atm_code,col_code
202100030289,2021-07-07 10:20:00,2021,7,7,10,20,37,37130,étang de la Chétaudière,47.0484002713,0.841117237,Plein jour,Hors agglomération,Hors intersection,Pluie forte,Deux véhicules - frontale,3,2,2,0,2,2,2,0,1,80,,4,2,0,2,0,59.0,47.0,,,1,1,1,3,1
202100030290,2021-07-04 03:50:00,2021,7,4,3,50,37,37094,Trémont,47.0347770645,0.7530377701,Nuit sans éclairage public,Hors agglomération,Hors intersection,Normale,Sans collision,3,2,2,0,1,2,1,0,3,50,,3,1,0,1,1,20.0,,,,3,1,1,1,7
202100030291,2021-06-26 13:35:00,2021,6,26,13,35,37,37018,Boulevard de Chinon,47.322597,0.598182,Plein jour,En agglomération,Giratoire,Normale,Deux véhicules - arrière,7,2,2,1,1,3,1,5,1,70,,3,2,0,0,1,43.0,79.0,,,1,2,6,1,2
202100030292,2021-07-02 17:45:00,2021,7,2,17,45,08,08282,49 Chemin de l Oiseau,49.883986,4.430457,Plein jour,En agglomération,Hors intersection,Normale,Deux véhicules - frontale,3,2,2,0,1,3,1,0,1,50,,2,1,0,1,0,58.0,17.0,,,1,2,1,1,1
202100030293,2021-07-08 13:00:00,2021,7,8,13,0,82,82079,A62 pk 194.500,43.9075125098,1.3181299745,Plein jour,Hors agglomération,Hors intersection,Normale,Deux véhicules - arrière,1,1,3,0,1,1,1,0,1,130,,3,1,1,1,0,51.0,47.0,,,1,1,1,1,2
202100030294,2021-07-05 23:15:00,2021,7,5,23,15,976,97612,Descente du collège de Mtsamboro,-12.685329,45.078465,Plein jour,Hors agglomération,Hors intersection,Normale,Sans collision,2,2,2,0,2,1,1,0,3,70,,4,3,0,1,0,21.0,,,,1,1,1,1,7
202100030295,2021-07-08 08:50:00,2021,7,8,8,50,44,44026,Avenue Syrma,47.278734,-1.475194,Plein jour,En agglomération,Hors intersection,Normale,Deux véhicules - frontale,4,2,2,0,1,4,1,0,1,50,,2,1,0,1,0,25.0,19.0,,,1,2,1,1,1
202100030296,2021-07-07 20:44:00,2021,7,7,20,44,62,62317,A26,50.264519,2.991526,Plein jour,Hors agglomération,Hors intersection,Normale,Sans collision,1,1,2,0,1,1,1,0,1,130,,4,0,0,1,3,28.0,,,,1,1,1,1,7
202100030297,2021-07-07 06:45:00,2021,7,7,6,45,973,97304,RN1,5.117126,-52.647514,Plein jour,Hors agglomération,Hors intersection,Pluie légère,Deux véhicules - frontale,2,-1,2,0,4,2,2,0,1,-1,,3,2,0,1,0,71.0,24.0,,,1,1,1,2,1
202100030298,2021-07-07 20:00:00,2021,7,7,20,0,971,97125,d 116,16.276539,-61.32077,Nuit avec éclairage allumé,Hors agglomération,Hors intersection,Normale,Deux véhicules - frontale,3,2,2,0,1,1,1,0,1,80,,2,1,0,0,1,40.0,44.0,,,5,1,1,1,1
202100030299,2021-07-08 09:00:00,2021,7,8,9,0,77,77144,D 231,48.7634096431,2.9231275828,Plein jour,Hors agglomération,Hors intersection,Normale,Deux véhicules - frontale,3,2,2,0,1,1,1,0,1,80,,2,0,1,0,1,58.0,34.0,,,1,1,1,1,1
202100030300,2021-07-07 17:15:00,2021,7,7,17,15,55,55517,route de verdun,48.977879,5.059236,Plein jour,En agglomération,Hors intersection,Temps éblouissant,Deux véhicules - côté,3,2,2,0,1,1,1,0,1,50,,2,1,0,1,0,8.0,43.0,,,1,2,1,7,3
202100030301,2021-07-08 12:30:00,2021,7,8,12,30,54,54208,D611,48.7342749334,5.9371930369,Plein jour,Hors agglomération,Intersection en T,Normale,Deux véhicules - côté,3,2,2,0,1,1,1,0,1,80,,2,1,0,0,1,72.0,21.0,,,1,1,3,1,3
202100030302,2021-06-28 08:00:00,2021,6,28,8,0,69,69003,D51,45.863697,4.83473,Plein jour,En agglomération,Giratoire,Pluie légère,Deux véhicules - arrière,7,1,1,0,1,2,2,0,1,50,,2,1,0,0,1,41.0,33.0,,,1,2,6,2,2
202100030303,2021-06-26 00:00:00,2021,6,26,0,0,81,81104,D631,43.7489399256,1.80272877,Nuit sans éclairage public,Hors agglomération,Hors intersection,Normale,Deux véhicules - côté,3,2,2,0,1,3,1,0,1,80,,2,1,0,1,0,33.0,53.0,,,3,1,1,1,3
202100030304,2021-06-29 20:10:00,2021,6,29,20,10,31,31291,3 Route de Bayonne,43.599305,1.230469,Plein jour,En agglomération,Hors intersection,Normale,Deux véhicules - arrière,3,2,2,0,1,1,1,0,1,50,,2,1,0,0,1,77.0,38.0,,,1,2,1,1,2
202100030305,2021-06-22 10:25:00,2021,6,22,10,25,33,33449,Chemin Lafon,44.881301,-0.696917,Plein jour,En agglomération,Giratoire,Temps couvert,Autre collision,4,2,2,2,1,1,1,0,1,50,,2,1,0,1,0,81.0,,,,1,2,6,8,6
202100030306,2021-07-07 18:35:00,2021,7,7,18,35,27,27469,Avenue de Lattre de Tassigny,49.298857,1.158682,Plein jour,En agglomération,Hors intersection,Normale,Deux véhicules - côté,3,2,2,0,2,1,1,0,1,-1,,2,1,0,0,1,36.0,19.0,,,1,2,1,1,3
202100030307,2021-07-07 18:45:00,2021,7,7,18,45,60,60533,,49.522074,2.713183,Plein jour,Hors agglomération,Autre intersection,Pluie légère,Deux véhicules - arrière,1,2,-1,-1,1,1,2,3,1,-1,,10,8,0,2,0,25.0,41.0,,,1,1,9,2,2
202100030308,2021-07-06 23:10:00,2021,7,6,23,10,13,13211,A507 sens Aubagne- Marseille,43.29473,5.4654,Nuit sans éclairage public,Hors agglomération,Hors intersection,Normale,Deux véhicules - arrière,1,-1,3,0,2,1,1,2,1,90,,3,1,1,1,0,38.0,44.0,,,3,1,1,1,2
202100030309,2021-07-07 17:25:00,2021,7,7,17,25,33,33090,,44.774722,-0.652155,Plein jour,Hors agglomération,Hors intersection,Pluie légère,Trois véhicules et plus - en chaîne,1,3,4,0,1,1,2,0,1,110,,11,5,0,0,6,43.0,40.0,,,1,1,1,2,4
202100030310,2021-07-07 09:30:00,2021,7,7,9,30,94,94043,AUTOROUTE A6B,48.8120300591,2.3522646154,Plein jour,Hors agglomération,Hors intersection,Normale,Deux véhicules - côté,1,3,4,0,1,1,1,1,1,70,,2,1,0,0,1,23.0,48.0,,,1,1,1,1,3
202100030311,2021-07-07 11:45:00,2021,7,7,11,45,92,92025,A86,48.9208583988,2.2252729604,Plein jour,Hors agglomération,Hors intersection,Normale,Sans collision,1,3,4,0,1,1,1,0,1,90,,2,1,0,0,1,34.0,32.0,,,1,1,1,1,7
202100030312,2021-07-07 05:35:00,2021,7,7,5,35,92,92064,A13,48.8378491587,2.1898092321,Crépuscule ou aube,Hors agglomération,Hors intersection,Normale,Autre collision,1,3,6,0,1,1,1,0,1,110,,1,0,0,0,1,29.0,,,,2,1,1,1,6
202100030313,2021-07-07 14:00:00,2021,7,7,14,0,95,95572,RN 184,49.03853,2.12434,Plein jour,Hors agglomération,Hors intersection,Normale,Deux véhicules - arrière,2,3,4,0,1,1,1,0,1,90,,2,1,0,0,1,21.0,32.0,,,1,1,1,1,2
202100030314,2021-07-06 22:00:00,2021,7,6,22,0,93,93078,AUTOROUTE A104,48.96427,2.52005,Nuit sans éclairage public,Hors agglomération,Hors intersection,Normale,Deux véhicules - arrière,1,3,6,0,1,1,1,0,1,90,,3,0,1,0,2,42.0,24.0,,,3,1,1,1,2
202100030315,2021-07-07 17:25:00,2021,7,7,17,25,94,94079,A4,48.8352511054,2.5387158104,Plein jour,Hors agglomération,Hors intersection,Normale,Autre collision,1,3,8,0,1,1,1,0,1,110,,3,2,0,0,1,21.0,41.0,,,1,1,1,1,6
202100030316,2021-07-07 16:30:00,2021,7,7,16,30,94,94028,A86 EXT,48.79772,2.44451,Plein jour,Hors agglomération,Hors intersection,Normale,Deux véhicules - côté,1,3,8,0,1,1,1,0,1,90,,2,1,0,0,1,29.0,22.0,,,1,1,1,1,3
202100030317,2021-07-06 11:00:00,2021,7,6,11,0,75,75108,RUE MARBEUF,48.869142,2.304514,Plein jour,En agglomération,Intersection en T,Normale,Autre collision,4,1,1,1,1,1,1,0,5,30,,2,1,0,0,1,41.0,,,,1,2,3,1,6
202100030318,2021-07-05 16:05:00,2021,7,5,16,5,76,76351,VALLEE (RUE DE LA),49.49524,0.15542,Plein jour,En agglomération,Intersection en X,Pluie forte,Autre collision,4,2,2,0,1,1,2,0,1,50,,2,1,0,1,0,39.0,,,,1,2,2,3,6
202100030319,2021-07-06 19:15:00,2021,7,6,19,15,75,75119,RUE PETIT,48.8861,2.389853,Plein jour,En agglomération,Intersection en X,Normale,Deux véhicules - côté,4,1,0,0,1,2,1,0,1,50,,4,3,0,0,1,18.0,41.0,,,1,2,2,1,3
202100030320,2021-03-10 12:21:00,2021,3,10,12,21,01,01153,1612 Route de Chenaz,46.302373,6.062386,Plein jour,En agglomération,Hors intersection,Normale,Autre collision,4,2,2,0,2,2,1,0,4,50,,1,0,0,1,0,30.0,,,,1,2,1,1,6
202100030321,2021-07-06 09:30:00,2021,7,6,9,30,974,97411,CHATEL (JEAN),-20.88358,55.45166,Plein jour,En agglomération,Intersection en X,Normale,Deux véhicules - côté,4,1,0,0,1,1,1,0,1,50,,2,1,0,1,0,84.0,20.0,,,1,2,2,1,3
202100030322,2021-07-06 10:30:00,2021,7,6,10,30,974,97407,MAHATMA GANDHY - RIV. DES GALETS,-20.95301,55.32457,Plein jour,Hors agglomération,Hors intersection,Normale,Deux véhicules - arrière,4,2,2,1,2,1,1,0,5,70,,2,1,0,0,1,35.0,23.0,,,1,1,1,1,2
202100030323,2021-07-06 10:10:00,2021,7,6,10,10,974,97407,ROUTE DU SACRE COEUR,-20.95573,55.31036,Plein jour,Hors agglomération,Hors intersection,Normale,Deux véhicules - côté,6,1,2,0,1,1,1,0,1,30,,3,2,0,1,0,78.0,,,,1,1,1,1,3
202100030324,2021-07-06 20:30:00,2021,7,6,20,30,69,69259,PIERRE SEMARD (AV),45.7088948859,4.8760816455,Crépuscule ou aube,En agglomération,Hors intersection,Pluie légère,Trois véhicules et plus - en chaîne,4,2,3,2,2,1,2,2,1,50,,4,3,0,0,1,27.0,27.0,,,2,2,1,2,4
202100030325,2021-07-06 16:55:00,2021,7,6,16,55,69,69388,ETATS UNIS (DES) (BD),45.73458,4.86334,Plein jour,En agglomération,Intersection en X,Pluie forte,Deux véhicules - côté,4,2,5,1,1,1,2,0,1,50,,2,1,0,0,1,48.0,36.0,,,1,2,2,3,3
202100030326,2021-07-06 16:55:00,2021,7,6,16,55,69,69387,SEBASTIEN GRYPHE (R),45.75082,4.84242,Plein jour,En agglomération,Intersection en X,Pluie forte,Deux véhicules - côté,4,1,1,2,1,1,2,0,1,50,,2,1,0,0,1,23.0,42.0,,,1,2,2,3,3
202100030327,2021-07-06 08:45:00,2021,7,6,8,45,69,69387,DEBOURG (AV),45.7313888341,4.8336617079,Plein jour,En agglomération,Intersection en X,Pluie légère,Deux véhicules - côté,4,2,3,2,1,1,2,0,1,50,,2,1,0,0,1,43.0,54.0,,,1,2,2,2,3
202100030328,2021-07-02 18:40:00,2021,7,2,18,40,69,69387,TONY GARNIER (AV),45.7267,4.83091,Plein jour,En agglomération,Intersection en X,Normale,Deux véhicules - côté,4,-1,5,0,1,1,1,0,1,50,,2,1,0,0,1,35.0,24.0,,,1,2,2,1,3
202100030329,2021-07-06 08:00:00,2021,7,6,8,0,69,69259,IRENE JOLIOT CURIE (BD),45.71503,4.87897,Plein jour,En agglomération,Autre intersection,Pluie légère,Autre collision,4,-1,2,0,1,1,2,0,1,50,,2,1,0,0,1,33.0,,,,1,2,9,2,6
202100030330,2021-07-06 08:05:00,2021,7,6,8,5,972,97209,PROFESSEUR RAYMOND GARCIN (RUE DU),14.61611,-61.07846,Plein jour,En agglomération,Hors intersection,Normale,Deux véhicules - arrière,4,2,2,0,1,1,1,0,1,50,,2,0,0,0,1,,32.0,,,1,2,1,1,2
202100030331,2021-07-06 22:15:00,2021,7,6,22,15,69,69034,ST CLAIR (DE) (GR) (R),45.78685,4.85017,Nuit avec éclairage allumé,En agglomération,Hors intersection,Normale,Deux véhicules - arrière,4,1,1,0,1,1,2,0,1,50,,2,1,0,0,1,54.0,27.0,,,5,2,1,1,2
202100030332,2021-07-06 10:10:00,2021,7,6,10,10,69,69286,GENEVE (DE) (RTE),45.8044372439,4.8834475279,Plein jour,En agglomération,Hors intersection,Pluie forte,Trois véhicules et plus - collisions multiples,7,2,2,0,2,1,2,0,1,50,,3,1,0,0,2,36.0,25.0,,,1,2,1,3,5
202100030333,2021-07-06 14:38:00,2021,7,6,14,38,971,97101,RN11,16.26849,-61.51212,Plein jour,Hors agglomération,Hors intersection,Pluie légère,Sans collision,2,-1,2,0,1,1,2,0,1,70,,1,0,0,0,1,25.0,,,,1,1,1,2,7
202100030334,2021-07-05 22:45:00,2021,7,5,22,45,971,97101,CHAUVEL,16.2387,-61.52644,Nuit avec éclairage allumé,En agglomération,Hors intersection,Normale,Autre collision,3,3,2,0,1,1,1,0,1,50,,2,1,0,0,1,58.0,,,,5,2,1,1,6
202100030335,2021-07-06 19:20:00,2021,7,6,19,20,95,95268,CHEMIN DE BONNEUIL,48.965769,2.41454,Plein jour,Hors agglomération,Hors intersection,Normale,Autre collision,4,2,2,0,1,1,1,0,1,90,,1,0,0,0,1,34.0,,,,1,1,1,1,6
202100030336,2021-07-06 19:10:00,2021,7,6,19,10,91,91645,CHARLES DE GAULLE (PLACE),48.746503,2.266867,Plein jour,En agglomération,Autre intersection,Normale,Deux véhicules - côté,4,-1,1,0,1,1,1,0,1,50,,2,1,0,0,1,56.0,50.0,,,1,2,9,1,3
202100030337,2021-07-06 08:30:00,2021,7,6,8,30,91,91027,AV FRANCOIS MITTERRAND,48.70581,2.37144,Plein jour,En agglomération,Intersection en T,Normale,Deux véhicules - côté,3,2,3,0,1,1,1,0,1,50,,2,1,0,0,1,26.0,36.0,,,1,2,3,1,3
202100030338,2021-07-02 11:00:00,2021,7,2,11,0,89,89354,17 Rue des Caves,48.21249,3.26074,Plein jour,En agglomération,Intersection en T,Normale,Autre collision,4,2,2,0,1,1,9,0,1,30,,2,1,1,0,0,47.0,58.0,,,1,2,3,1,6
202100030339,2021-06-27 18:00:00,2021,6,27,18,0,88,88383,Faubourg du VAL D'AJOL,48.01321,6.58647,Plein jour,En agglomération,Hors intersection,Temps couvert,Deux véhicules - côté,3,2,0,0,2,1,1,0,8,50,,2,1,0,1,0,70.0,49.0,,,1,2,1,8,3
202100030340,2021-07-03 13:01:00,2021,7,3,13,1,87,87065,RD 704A,45.79468,1.29511,Plein jour,Hors agglomération,Hors intersection,Pluie légère,Autre collision,3,2,2,0,2,4,2,0,1,80,,3,1,0,0,2,59.0,34.0,,,1,1,1,2,6
202100030341,2021-07-03 20:05:00,2021,7,3,20,5,87,87085,LATTRE-DE-TASSIGNY (AVENUE DU MARECHAL),45.82705,1.28357,Crépuscule ou aube,En agglomération,Intersection en X,Normale,Deux véhicules - côté,3,2,4,0,1,1,1,3,1,50,,3,2,0,0,1,21.0,29.0,,,2,2,2,1,3
202100030342,2021-07-05 17:30:00,2021,7,5,17,30,86,86194,Avenue du 11 Novembre,46.56733,0.36581,Plein jour,En agglomération,Intersection en X,Normale,Trois véhicules et plus - collisions multiples,3,4,7,3,1,1,1,0,1,50,,8,3,0,0,5,32.0,63.0,,,1,2,2,1,5
202100030343,2021-07-06 12:35:00,2021,7,6,12,35,83,83069,PIERREFEU (ROUTE DE) RD 12,43.1756481036,6.1178638239,Plein jour,Hors agglomération,Hors intersection,Normale,Autre collision,7,2,2,0,1,2,1,0,1,70,,1,0,0,1,0,63.0,,,,1,1,1,1,6
202100030344,2021-07-05 17:35:00,2021,7,5,17,35,83,83034,RUE DES 3 PINS,43.106864371,6.0511788726,Plein jour,Hors agglomération,Hors intersection,Normale,Deux véhicules - arrière,4,2,2,0,1,1,1,0,1,70,,2,0,0,0,2,42.0,22.0,,,1,1,1,1,2
202100030345,2021-07-06 16:55:00,2021,7,6,16,55,78,78224,NOISY (ROUTE DE),48.86311,2.06787,Plein jour,En agglomération,Autre intersection,Normale,Deux véhicules - frontale,3,2,2,0,2,3,1,9,1,30,,2,1,0,1,0,56.0,51.0,,,1,2,9,1,1
202100030346,2021-07-05 18:10:00,2021,7,5,18,10,78,78551,RN 13,48.901578,2.061808,Plein jour,Hors agglomération,Hors intersection,Normale,Trois véhicules et plus - en chaîne,2,1,2,0,1,1,1,0,1,50,,3,2,0,0,1,35.0,43.0,,,1,1,1,1,4
202100030347,2021-07-06 16:28:00,2021,7,6,16,28,78,78220,YVETTE (RUE DE L'),48.6959,1.9369,Plein jour,Hors agglomération,Hors intersection,Normale,Deux véhicules - frontale,3,2,2,0,1,2,1,0,1,70,,2,1,0,1,0,68.0,42.0,,,1,1,1,1,1
202100030348,2021-07-05 15:20:00,2021,7,5,15,20,76,76270,RD 6382,49.526072,0.153818,Plein jour,Hors agglomération,Hors intersection,Normale,Autre collision,3,3,4,0,2,1,1,2,1,90,,2,0,0,2,0,69.0,,,,1,1,1,1,6
202100030349,2021-07-05 15:50:00,2021,7,5,15,50,72,72181,BRIAND ARISTIDE (PL),48.00224,0.1985,Plein jour,En agglomération,Hors intersection,Temps couvert,Autre collision,4,1,2,1,1,1,2,0,6,50,,2,1,0,0,1,45.0,,,,1,2,1,8,6
202100030350,2021-07-06 21:14:00,2021,7,6,21,14,69,69266,ANTOINE PRIMAT (R),45.75818,4.89326,Crépuscule ou aube,En agglomération,Intersection en X,Pluie légère,Deux véhicules - côté,4,2,2,0,1,1,2,0,1,50,,2,1,0,0,1,29.0,75.0,,,2,2,2,2,3
202100030351,2021-07-04 03:08:00,2021,7,4,3,8,66,66136,BLANC AVENUE ROSETTE,42.69946,2.91031,Nuit sans éclairage public,Hors agglomération,Hors intersection,Normale,Autre collision,3,1,3,0,1,2,1,0,1,70,,1,0,0,0,1,35.0,,,,3,1,1,1,6
202100030352,2021-07-03 00:15:00,2021,7,3,0,15,66,66136,SERRAT DEN VAQUER (RD PT),42.67838,2.88063,Nuit avec éclairage allumé,Hors agglomération,Giratoire,Normale,Autre collision,3,3,4,0,1,1,1,0,1,90,,1,0,0,1,0,29.0,,,,5,1,6,1,6
202100030353,2021-07-06 17:32:00,2021,7,6,17,32,65,65440,JOLIOT CURIE (RUE),43.222964,0.079529,Plein jour,En agglomération,Giratoire,Temps couvert,Autre collision,4,2,2,0,1,3,1,0,1,50,,2,1,0,0,1,75.0,,,,1,2,6,8,6
202100030354,2021-07-06 07:35:00,2021,7,6,7,35,64,64102,COMPAGNET (GIRATOIRE DE),43.45999,-1.49605,Plein jour,En agglomération,Giratoire,Normale,Sans collision,3,1,2,0,1,1,2,0,1,50,,1,0,0,0,1,20.0,,,,1,2,6,1,7
202100030355,2021-07-05 19:00:00,2021,7,5,19,0,64,64024,ADOUR (AVENUE DE L'),43.52005,-1.50219,Plein jour,En agglomération,Intersection en T,Normale,Deux véhicules - côté,4,2,2,0,1,1,1,0,1,50,,2,1,0,0,1,16.0,66.0,,,1,2,3,1,3
202100030356,2021-06-10 19:00:00,2021,6,10,19,0,62,62498,LANOY (R RENE),50.433039,2.833931,Plein jour,En agglomération,Hors intersection,Normale,Deux véhicules - côté,4,2,4,0,1,1,1,0,1,50,,6,4,0,2,0,19.0,22.0,,,1,2,1,1,3
202100030357,2021-07-06 21:00:00,2021,7,6,21,0,59,59599,SCHWEITZER (RUE DU DOCTEUR),50.739831,3.180084,Plein jour,En agglomération,Hors intersection,Normale,Autre collision,4,2,2,0,1,1,1,0,1,50,,2,1,0,1,0,21.0,,,,1,2,1,1,6
202100030358,2021-07-06 18:10:00,2021,7,6,18,10,59,59599,THIERS (RUE),50.717085,3.161767,Plein jour,En agglomération,Intersection en T,Normale,Deux véhicules - côté,7,2,2,0,1,1,1,0,1,50,,3,1,0,0,2,37.0,27.0,,,1,2,3,1,3
202100030359,2021-07-05 12:10:00,2021,7,5,12,10,59,59599,DRON (AVENUE GUSTAVE),50.7178540803,3.1657421792,Plein jour,En agglomération,Intersection en X,Normale,Deux véhicules - côté,4,2,2,0,1,1,1,0,1,50,,3,2,0,0,1,33.0,29.0,,,1,2,2,1,3
202100030360,2021-07-03 11:25:00,2021,7,3,11,25,59,59456,COLLIEZ GUSTAVE(RUE),50.37722,3.21256,Plein jour,En agglomération,Hors intersection,Normale,Autre collision,3,-1,2,0,1,1,1,0,1,50,,2,1,0,0,1,67.0,,,,1,2,1,1,6
202100030361,2021-07-05 20:50:00,2021,7,5,20,50,58,58194,SAINT NICOLAS (PLACE),46.98707,3.16155,Plein jour,En agglomération,Giratoire,Temps couvert,Deux véhicules - frontale,3,1,1,0,1,2,1,0,1,50,,2,1,0,0,1,17.0,61.0,,,1,2,6,8,1
202100030362,2021-07-05 22:05:00,2021,7,5,22,5,56,56260,COMMERCE (RUE DU),47.64603,-2.75767,Plein jour,En agglomération,Hors intersection,Temps couvert,Autre collision,4,2,2,0,2,1,2,0,3,50,,3,1,0,0,2,23.0,,,,1,2,1,8,6
202100030363,2021-07-05 17:30:00,2021,7,5,17,30,54,54304,HEUBACH (RUE DE),48.681815164,6.1481257793,Plein jour,En agglomération,Hors intersection,Normale,Deux véhicules - côté,4,-1,2,0,1,1,1,0,1,50,,2,0,0,0,2,25.0,25.0,,,1,2,1,1,3
202100030364,2021-07-04 17:10:00,2021,7,4,17,10,54,54521,Cite Place Ste Claire,49.46703,5.91324,Plein jour,En agglomération,Hors intersection,Normale,Autre collision,4,2,2,0,4,1,1,0,3,40,,2,1,0,1,0,22.0,,,,1,2,1,1,6
202100030365,2021-07-06 14:40:00,2021,7,6,14,40,51,51454,Rue de Talleyrand,49.25752,4.02812,Plein jour,En agglomération,Intersection en X,Normale,Deux véhicules - côté,4,1,2,0,1,1,1,0,1,50,,3,2,0,0,1,47.0,22.0,,,1,2,2,1,3
202100030366,2021-07-04 22:00:00,2021,7,4,22,0,51,51454,Rue du Colonel Fabien,49.249202183,4.0165945888,Nuit avec éclairage allumé,En agglomération,Intersection en T,Normale,Deux véhicules - côté,3,2,1,0,1,1,1,0,1,50,,4,1,0,0,3,45.0,23.0,,,5,2,3,1,3
202100030367,2021-07-05 18:53:00,2021,7,5,18,53,51,51454,Rue Coquebert,49.26139,4.03833,Plein jour,En agglomération,Intersection en X,Normale,Deux véhicules - côté,4,2,2,0,2,1,1,0,1,50,,2,1,0,0,1,19.0,30.0,,,1,2,2,1,3
202100030368,2021-07-06 15:05:00,2021,7,6,15,5,44,44109,FOSSE ( QUAI DE LA ),47.21034,-1.56303,Plein jour,En agglomération,Hors intersection,Normale,Deux véhicules - côté,7,1,1,1,1,1,1,0,1,30,,2,1,0,1,0,39.0,28.0,,,1,2,1,1,3
202100030369,2021-07-06 09:30:00,2021,7,6,9,30,37,37208,PETIT BOIS (RUE DU),47.3565443379,0.7155935839,Plein jour,En agglomération,Intersection en X,Normale,Deux véhicules - côté,4,2,2,0,1,1,1,0,1,50,,3,2,0,0,1,51.0,66.0,,,1,2,2,1,3
202100030370,2021-07-06 10:55:00,2021,7,6,10,55,37,37261,BERANGER (BOULEVARD),47.3884177345,0.6768014432,Plein jour,En agglomération,Hors intersection,Normale,Autre collision,4,2,4,0,1,1,1,0,1,50,,2,1,0,0,1,65.0,,,,1,2,1,1,6
202100030371,2021-07-05 18:20:00,2021,7,5,18,20,37,37261,Daniel Mayer,47.4186289527,0.6916129589,Plein jour,En agglomération,Intersection en T,Normale,Sans collision,4,2,2,1,1,1,1,0,5,50,,1,0,0,0,1,59.0,,,,1,2,3,1,7
202100030372,2021-07-05 06:40:00,2021,7,5,6,40,37,37122,RD 37,47.339906688,0.6666786742,Plein jour,En agglomération,Hors intersection,Pluie légère,Sans collision,7,2,4,0,1,2,2,0,1,90,,1,0,0,0,1,21.0,,,,1,2,1,2,7
202100030373,2021-07-05 09:15:00,2021,7,5,9,15,35,35093,REPUBLIQUE  (PLACE DE LA ),48.6335,-2.056284,Plein jour,En agglomération,Intersection en T,Pluie légère,Autre collision,4,1,1,0,4,1,2,6,1,30,,3,1,0,0,2,24.0,,,,1,2,3,2,6
202100030374,2021-07-06 12:30:00,2021,7,6,12,30,35,35055,LOGES (RUE DES),48.0787,-1.6317,Plein jour,Hors agglomération,Intersection en T,Normale,Deux véhicules - côté,4,2,2,0,1,1,1,5,1,50,,2,1,0,0,1,41.0,54.0,,,1,1,3,1,3
202100030375,2021-07-06 08:25:00,2021,7,6,8,25,35,35238,RONDE (CHEMIN DE),48.089378,-1.643513,Plein jour,En agglomération,Autre intersection,Normale,Deux véhicules - côté,4,2,2,0,1,1,1,0,1,30,,3,1,0,0,2,43.0,20.0,,,1,2,9,1,3
202100030376,2021-07-05 11:59:00,2021,7,5,11,59,35,35238,MAGINOT (AVENUE SERGENT),48.11,-1.66,Plein jour,En agglomération,Place,Pluie légère,Deux véhicules - côté,4,2,1,3,1,1,2,6,1,50,,3,1,0,0,2,41.0,50.0,,,1,2,7,2,3
202100030377,2021-07-06 22:30:00,2021,7,6,22,30,33,33063,Avenue des Quarante Journaux,44.87821,-0.56841,Nuit avec éclairage allumé,En agglomération,Intersection en T,Normale,Deux véhicules - côté,4,1,1,0,1,1,1,0,1,10,,2,1,0,0,1,32.0,34.0,,,5,2,3,1,3
202100030378,2021-07-06 08:35:00,2021,7,6,8,35,33,33065,Côte de Bouliac,44.82059,-0.51208,Plein jour,En agglomération,Intersection en Y,Pluie légère,Deux véhicules - frontale,4,2,2,0,4,1,2,5,1,50,,2,1,0,0,1,78.0,35.0,,,1,2,4,2,1
202100030379,2021-07-06 22:50:00,2021,7,6,22,50,33,33529,,44.618512,-1.125434,Nuit avec éclairage allumé,En agglomération,Giratoire,Normale,Autre collision,2,2,2,0,1,1,1,5,1,50,,1,0,0,1,0,51.0,,,,5,2,6,1,6
202100030380,2021-07-06 06:50:00,2021,7,6,6,50,31,31555,VA007331 A620,43.65234,1.42994,Plein jour,En agglomération,Autre intersection,Pluie légère,Trois véhicules et plus - collisions multiples,1,1,4,3,1,3,2,3,1,90,,3,2,0,0,1,59.0,22.0,,,1,2,9,2,5
202100030381,2021-07-05 14:10:00,2021,7,5,14,10,31,31069,GRAND NOBLE (PORTE DU),43.63924,1.37656,Plein jour,Hors agglomération,Hors intersection,Normale,Deux véhicules - côté,7,3,2,0,2,3,1,0,1,50,,5,3,0,0,2,36.0,20.0,,,1,1,1,1,3
202100030382,2021-07-01 01:45:00,2021,7,1,1,45,30,30189,BEAUCAIRE (ROUTE),43.8338038103,4.4184958935,Nuit sans éclairage public,Hors agglomération,Hors intersection,Normale,Autre collision,3,2,0,0,1,1,1,0,1,90,,4,0,0,0,4,23.0,,,,3,1,1,1,6
202100030383,2021-07-06 10:30:00,2021,7,6,10,30,28,28085,INTERMARCHE (RUE DU GORD),48.43222,1.4935,Plein jour,En agglomération,Autre intersection,Normale,Deux véhicules - arrière,6,-1,1,3,1,1,1,9,6,30,,2,1,0,1,0,55.0,,,,1,2,9,1,2
202100030384,2021-06-30 15:45:00,2021,6,30,15,45,26,26198,79 Avenue Jean Jaurès,44.5474,4.74707,Plein jour,En agglomération,Hors intersection,Normale,Autre collision,4,2,-1,0,1,1,1,0,1,50,,2,1,0,0,1,55.0,,,,1,2,1,1,6
202100030385,2021-06-20 01:31:00,2021,6,20,1,31,25,25388,HOLLANDE (RUE DE LA PETITE),47.500272,6.791716,Nuit avec éclairage allumé,En agglomération,Intersection en X,Normale,Autre collision,4,3,2,2,1,1,1,5,1,50,,4,1,1,1,1,26.0,,,,5,2,2,1,6
202100030386,2021-06-21 09:37:00,2021,6,21,9,37,22,22278,SEVIGNE (BD),48.5120083122,-2.7574465809,Plein jour,En agglomération,Giratoire,Normale,Deux véhicules - côté,4,2,2,2,1,1,1,0,5,50,,3,1,0,0,2,32.0,56.0,,,1,2,6,1,3