accident_id,datetime,annee,mois,jour,heure,minute,departement,commune_insee,adresse,latitude,longitude,luminosite,agglomeration,intersection,meteo,collision,catr,circ,nbv,vosp,prof,plan,surf,infra,situ,vma,nb_vehicules,nb_usagers,nb_indemnes,nb_tues,nb_blesses_hosp,nb_blesses_legers,age_cond_1,age_cond_2,veh_type_cond_1,veh_type_cond_2,lum_code,agg_code,int_code,atm_code,col_code
202100030387,2021-07-05 20:40:00,2021,7,5,20,40,22,22113,MESMEUR (RUE DE),48.751704,-3.43548,Plein jour,Hors agglomération,Hors intersection,Pluie légère,Sans collision,4,2,2,0,2,4,2,0,3,80,,1,0,0,0,1,23.0,,,,1,1,1,2,7
202100030388,2021-07-06 16:45:00,2021,7,6,16,45,17,17300,VERDUN   PLACE DE,46.16242,-1.15249,Plein jour,En agglomération,Hors intersection,Normale,Deux véhicules - arrière,4,2,2,0,1,1,1,0,1,30,,2,1,0,0,1,,15.0,,,1,2,1,1,2
202100030389,2021-07-06 08:50:00,2021,7,6,8,50,17,17300,SARTRE   AVENUE JEAN-PAUL,46.1565,-1.12694,Plein jour,En agglomération,Hors intersection,Normale,Deux véhicules - arrière,4,2,2,0,1,1,1,0,1,50,,2,1,0,0,1,60.0,46.0,,,1,2,1,1,2
202100030390,2021-07-06 17:10:00,2021,7,6,17,10,14,14327,N814,49.19197,-0.33504,Plein jour,Hors agglomération,Hors intersection,Temps couvert,Deux véhicules - arrière,2,1,2,0,1,1,1,8,1,70,,2,1,0,0,1,38.0,49.0,,,1,1,1,8,2
202100030391,2021-07-05 10:00:00,2021,7,5,10,0,13,13103,RUE URSULE -REYNAUD D',43.63769,5.09771,Plein jour,En agglomération,Hors intersection,Normale,Deux véhicules - frontale,4,2,2,0,1,1,1,0,1,50,,2,1,0,1,0,83.0,,,,1,2,1,1,1
202100030392,2021-07-06 20:10:00,2021,7,6,20,10,13,13207,Corniche John Fitzgérald Kennedy,43.27728,5.35669,Plein jour,En agglomération,Hors intersection,Normale,Autre collision,4,2,3,0,1,1,1,0,1,50,,2,0,0,2,0,30.0,35.0,,,1,2,1,1,6
202100030393,2021-07-06 12:20:00,2021,7,6,12,20,13,13214,CAPITAINE GEZE (BOULEVARD),43.33067,5.3716,Plein jour,En agglomération,Intersection en T,Normale,Deux véhicules - côté,4,2,4,0,1,1,1,0,1,50,,2,1,0,1,0,,43.0,,,1,2,3,1,3
202100030394,2021-07-05 20:20:00,2021,7,5,20,20,13,13028,ROVARCH (AVENUE PIERRE),43.19244,5.61511,Plein jour,En agglomération,Hors intersection,Temps éblouissant,Deux véhicules - côté,7,1,2,1,1,1,1,6,8,30,,2,1,0,0,1,58.0,22.0,,,1,2,1,7,3
202100030395,2021-07-05 14:15:00,2021,7,5,14,15,12,12305,JAURES JEAN (AVENUE),44.54877,2.21774,Plein jour,Hors agglomération,Hors intersection,Normale,Sans collision,3,2,2,0,1,1,1,0,3,70,,1,0,0,1,0,60.0,,,,1,1,1,1,7
202100030396,2021-07-05 11:50:00,2021,7,5,11,50,11,11069,PAPIN DENIS -BD-,43.21098,2.32656,Plein jour,En agglomération,Hors intersection,Normale,Deux véhicules - frontale,4,2,2,0,1,3,1,0,1,50,,2,0,0,0,2,45.0,58.0,,,1,2,1,1,1
202100030397,2021-07-05 19:10:00,2021,7,5,19,10,10,10387,MAROTS (RUE DES),48.2909,4.0742,Plein jour,En agglomération,Intersection en X,Normale,Deux véhicules - côté,4,2,2,0,2,1,1,0,1,50,,2,0,0,0,2,24.0,21.0,,,1,2,2,1,3
202100030398,2021-07-06 16:52:00,2021,7,6,16,52,08,08105,TOUR DU ROY QUAI,49.7605,4.71448,Plein jour,En agglomération,Hors intersection,Normale,Autre collision,3,2,2,0,1,1,1,0,1,50,,1,0,1,0,0,21.0,,,,1,2,1,1,6
202100030399,2021-07-06 15:30:00,2021,7,6,15,30,06,06088,ANGLAIS (DU N° 45 AU N° 112),43.692039,7.249394,Plein jour,En agglomération,Hors intersection,Temps éblouissant,Trois véhicules et plus - en chaîne,7,3,6,0,1,1,1,0,1,50,,3,2,0,1,0,34.0,62.0,,,1,2,1,7,4
202100030400,2021-07-06 10:05:00,2021,7,6,10,5,06,06088,MADELEINE (BD DE LA),43.692675,7.244353,Plein jour,En agglomération,Hors intersection,Normale,Trois véhicules et plus - en chaîne,4,1,1,0,1,3,1,3,1,50,,3,1,0,0,2,44.0,26.0,,,1,2,1,1,4
202100030401,2021-06-30 07:20:00,2021,6,30,7,20,06,06088,GOUNOD (RUE),43.69961,7.26029,Plein jour,En agglomération,Intersection en X,Normale,Autre collision,4,1,1,0,1,1,1,0,1,50,,2,1,1,0,0,44.0,,,,1,2,2,1,6
202100030402,2021-07-06 15:00:00,2021,7,6,15,0,06,06069,PAOUTE (ROUTE ET TRAVERSE DE LA),43.633611,6.957644,Plein jour,En agglomération,Hors intersection,Normale,Autre collision,4,2,1,0,1,1,1,0,1,50,,2,1,0,0,1,71.0,,,,1,2,1,1,6
202100030403,2021-07-06 13:50:00,2021,7,6,13,50,06,06123,CURIE PIERRE ET MARIE AVENUE,43.683958,7.188348,Plein jour,En agglomération,Hors intersection,Normale,Deux véhicules - côté,7,2,3,0,1,1,1,0,1,50,,2,1,0,0,1,31.0,18.0,,,1,2,1,1,3
202100030404,2021-07-05 05:25:00,2021,7,5,5,25,04,04112,Chemin Leon Foucault,43.84543,5.83365,Crépuscule ou aube,En agglomération,Hors intersection,Normale,Autre collision,4,2,2,0,1,3,1,0,3,70,,1,0,0,1,0,36.0,,,,2,2,1,1,6
202100030405,2021-07-04 20:28:00,2021,7,4,20,28,75,75108,AVENUE MONTAIGNE,48.865282,2.302946,Plein jour,En agglomération,Place,Normale,Deux véhicules - côté,4,2,4,3,1,1,1,0,6,30,,3,1,0,0,2,55.0,35.0,,,1,2,7,1,3
202100030406,2021-07-06 20:00:00,2021,7,6,20,0,75,75119,RUE DE CRIMEE,48.888552,2.379226,Plein jour,En agglomération,Intersection en T,Normale,Deux véhicules - arrière,4,1,1,1,1,1,1,2,5,50,,2,1,0,0,1,34.0,,,,1,2,3,1,2
202100030407,2021-07-06 17:30:00,2021,7,6,17,30,75,75119,RUE ARCHEREAU,48.891612,2.374422,Plein jour,En agglomération,Hors intersection,Normale,Autre collision,4,1,1,0,1,1,1,0,1,50,,2,1,0,0,1,,,,,1,2,1,1,6
202100030408,2021-07-06 15:30:00,2021,7,6,15,30,75,75119,RUE DES ARDENNES,48.888797,2.385935,Plein jour,En agglomération,Intersection en T,Normale,Deux véhicules - côté,4,1,1,0,1,1,1,0,1,50,,2,1,0,0,1,31.0,23.0,,,1,2,3,1,3
202100030409,2021-07-06 11:38:00,2021,7,6,11,38,75,75118,BOULEVARD DE LA CHAPELLE,48.883976,2.351251,Plein jour,En agglomération,Intersection en T,Normale,Deux véhicules - côté,4,1,2,0,1,1,1,0,1,50,,2,1,0,0,1,53.0,59.0,,,1,2,3,1,3
202100030410,2021-07-06 15:15:00,2021,7,6,15,15,75,75116,BOULEVARD DE BEAUSEJOUR,48.85804,2.272598,Plein jour,En agglomération,Intersection à plus de 4 branches,Normale,Autre collision,4,1,1,0,1,3,1,0,1,50,,2,1,0,0,1,,,,,1,2,5,1,6
202100030411,2021-07-06 19:30:00,2021,7,6,19,30,75,75115,BOULEVARD VICTOR,48.835294,2.280957,Plein jour,En agglomération,Intersection en T,Normale,Autre collision,4,1,1,0,1,1,1,0,5,50,,1,0,0,0,1,52.0,,,,1,2,3,1,6
202100030412,2021-07-06 17:50:00,2021,7,6,17,50,75,75114,AVENUE DU GENERAL LECLERC,48.823273,2.325448,Plein jour,En agglomération,Intersection en X,Normale,Deux véhicules - côté,4,1,2,3,1,1,1,0,6,50,,2,1,0,0,1,56.0,,,,1,2,2,1,3
202100030413,2021-07-06 17:50:00,2021,7,6,17,50,75,75113,BOULEVARD ARAGO,48.83496,2.344992,Plein jour,En agglomération,Intersection en X,Normale,Deux véhicules - côté,4,3,2,1,1,1,1,0,5,50,,2,1,0,0,1,57.0,32.0,,,1,2,2,1,3
202100030414,2021-07-06 12:50:00,2021,7,6,12,50,75,75105,PLACE VALHUBERT,48.843652,2.364827,Plein jour,En agglomération,Place,Normale,Deux véhicules - côté,4,2,4,3,1,3,1,0,6,50,,3,2,0,0,1,61.0,33.0,,,1,2,7,1,3
202100030415,2021-07-06 08:50:00,2021,7,6,8,50,75,75113,BOULEVARD DE L HOPITAL,48.838758,2.360923,Plein jour,En agglomération,Intersection en Y,Normale,Sans collision,4,3,5,0,2,1,1,0,1,50,,2,1,0,0,1,64.0,21.0,,,1,2,4,1,7
202100030416,2021-07-06 21:08:00,2021,7,6,21,8,75,75112,QUAI DE LA RAPEE,48.84415,2.369801,Crépuscule ou aube,En agglomération,Hors intersection,Normale,Sans collision,4,3,6,0,2,3,1,0,1,50,,1,0,0,1,0,18.0,,,,2,2,1,1,7
202100030417,2021-07-06 08:20:00,2021,7,6,8,20,75,75112,BOULEVARD PONIATOWSKI,48.831658,2.397868,Plein jour,En agglomération,Intersection en X,Normale,Deux véhicules - arrière,4,2,3,0,1,1,1,0,1,50,,2,1,0,0,1,25.0,29.0,,,1,2,2,1,2
202100030418,2021-07-06 16:00:00,2021,7,6,16,0,75,75111,RUE DE LA ROQUETTE,48.857871,2.38109,Plein jour,En agglomération,Place,Normale,Autre collision,4,2,-1,0,2,1,1,0,1,50,,3,2,0,0,1,20.0,,,,1,2,7,1,6
202100030419,2021-07-06 15:30:00,2021,7,6,15,30,75,75111,RUE DE LA ROQUETTE,48.857992,2.381576,Plein jour,En agglomération,Intersection en T,Normale,Autre collision,4,2,2,0,2,1,1,0,1,30,,2,1,0,0,1,,,,,1,2,3,1,6
202100030420,2021-07-06 10:00:00,2021,7,6,10,0,75,75107,QUAI ANATOLE FRANCE,48.861798,2.321872,Plein jour,En agglomération,Hors intersection,Normale,Sans collision,4,1,3,1,1,1,1,0,5,50,,1,0,0,0,1,43.0,,,,1,2,1,1,7
202100030421,2021-07-06 11:30:00,2021,7,6,11,30,75,75103,BOULEVARD BEAUMARCHAIS,48.858551,2.367813,Plein jour,En agglomération,Intersection en T,Normale,Deux véhicules - côté,4,2,4,0,1,3,1,0,1,50,,3,1,0,0,2,28.0,,,,1,2,3,1,3
202100030422,2021-07-06 10:25:00,2021,7,6,10,25,75,75101,RUE DE RIVOLI,48.862409,2.336262,Plein jour,En agglomération,Place,Temps couvert,Deux véhicules - côté,4,1,4,2,1,1,1,0,6,50,,2,1,0,0,1,24.0,36.0,,,1,2,7,8,3
202100030423,2021-07-06 00:01:00,2021,7,6,0,1,75,75108,PLACE DE LA CONCORDE,48.865873,2.319947,Nuit avec éclairage allumé,En agglomération,Place,Normale,Deux véhicules - côté,4,-1,2,0,1,1,1,0,1,50,,2,1,0,0,1,51.0,35.0,,,5,2,7,1,3
202100030424,2021-07-05 19:55:00,2021,7,5,19,55,75,75104,RUE DE LA BASTILLE,48.853822,2.368178,Plein jour,En agglomération,Intersection en T,Normale,Autre collision,4,1,1,2,1,1,1,0,5,30,,2,1,0,0,1,27.0,,,,1,2,3,1,6
202100030425,2021-07-05 21:45:00,2021,7,5,21,45,94,94078,Avenue Léo Lagrange,48.73125,2.45877,Crépuscule ou aube,En agglomération,Intersection en X,Temps couvert,Deux véhicules - frontale,3,3,2,0,1,1,1,0,1,50,,5,2,0,0,3,35.0,,,,2,2,2,8,1
202100030426,2021-07-05 17:45:00,2021,7,5,17,45,94,94068,DARTOIS BIDOT (PAS),48.806618,2.474499,Plein jour,En agglomération,Hors intersection,Pluie légère,Autre collision,4,2,1,0,1,1,2,0,1,30,,1,0,0,0,1,18.0,,,,1,2,1,2,6
202100030427,2021-07-05 23:20:00,2021,7,5,23,20,94,94042,Quai Pierre Brossolette,48.82015,2.46719,Nuit avec éclairage allumé,En agglomération,Intersection en X,Temps couvert,Deux véhicules - côté,3,2,2,0,3,1,1,0,1,50,,3,1,0,0,2,15.0,68.0,,,5,2,2,8,3
202100030428,2021-07-06 19:05:00,2021,7,6,19,5,94,94016,Rue Marcel Bonnet,48.79561,2.32703,Plein jour,En agglomération,Intersection en X,Normale,Sans collision,4,2,2,0,2,1,1,0,1,50,,1,0,0,0,1,43.0,,,,1,2,2,1,7
202100030429,2021-07-06 15:50:00,2021,7,6,15,50,94,94041,Rue Lénine,48.81566,2.39351,Plein jour,En agglomération,Hors intersection,Normale,Sans collision,3,1,2,0,1,1,1,0,1,50,,4,1,0,0,3,29.0,,,,1,2,1,1,7
202100030430,2021-07-06 11:10:00,2021,7,6,11,10,94,94028,BORDIERES(RUE DES),48.80043,2.4513,Plein jour,En agglomération,Intersection en T,Normale,Deux véhicules - côté,3,-1,3,1,1,1,1,0,5,50,,2,1,0,0,1,28.0,40.0,,,1,2,3,1,3
202100030431,2021-07-05 19:25:00,2021,7,5,19,25,94,94028,Rue des Mèches,48.79344,2.46107,Plein jour,En agglomération,Autre intersection,Normale,Deux véhicules - côté,3,1,0,0,1,1,1,0,1,50,,4,2,0,0,2,,39.0,,,1,2,9,1,3
202100030432,2021-07-06 12:55:00,2021,7,6,12,55,94,94017,ROGER SALENGRO (AV),48.818739,2.489787,Plein jour,En agglomération,Hors intersection,Normale,Deux véhicules - côté,3,-1,2,0,1,1,1,0,1,30,,3,1,0,0,2,70.0,25.0,,,1,2,1,1,3
202100030433,2021-07-05 21:40:00,2021,7,5,21,40,93,93072,MAXIME GORKI (BOULEVARD) N°72 AU 80,48.9494,2.38618,Plein jour,En agglomération,Hors intersection,Normale,Deux véhicules - côté,3,2,3,3,1,1,1,0,6,50,,2,1,0,0,1,51.0,44.0,,,1,2,1,1,3
202100030434,2021-07-06 09:47:00,2021,7,6,9,47,93,93070,JEAN-JAURES (BD),48.91241,2.33422,Plein jour,En agglomération,Place,Normale,Autre collision,3,1,1,0,1,1,1,0,1,50,,2,1,0,0,1,16.0,,,,1,2,7,1,6
202100030435,2021-07-06 12:30:00,2021,7,6,12,30,93,93066,2-34 Rue de Strasbourg,48.936231,2.363302,Plein jour,En agglomération,Hors intersection,Normale,Deux véhicules - côté,4,3,2,0,1,1,1,0,1,50,,2,0,0,0,2,37.0,31.0,,,1,2,1,1,3
202100030436,2021-07-06 04:30:00,2021,7,6,4,30,93,93066,Boulevard Anatole France,48.9262,2.35143,Nuit avec éclairage allumé,En agglomération,Hors intersection,Normale,Deux véhicules - arrière,3,2,4,0,1,1,1,0,1,50,,2,0,0,0,2,37.0,20.0,,,5,2,1,1,2
202100030437,2021-07-06 18:40:00,2021,7,6,18,40,93,93055,JEAN LOLIVE (AVENUE)(137/FIN ET 134/FIN),48.893017,2.412419,Plein jour,En agglomération,Hors intersection,Normale,Deux véhicules - arrière,3,-1,3,0,1,1,1,0,1,50,,2,1,0,0,1,35.0,40.0,,,1,2,1,1,2
202100030438,2021-07-06 13:20:00,2021,7,6,13,20,93,93008,Rue Henri Nozières / Avenue Paul Vaillant - Couturier,48.911375,2.441415,Plein jour,En agglomération,Intersection en T,Normale,Deux véhicules - frontale,3,1,2,-1,1,1,1,0,1,-1,,2,1,0,0,1,53.0,37.0,,,1,2,3,1,1
202100030439,2021-07-06 13:20:00,2021,7,6,13,20,93,93048,Boulevard de Chanzy,48.8586663492,2.4280707835,Plein jour,En agglomération,Hors intersection,Temps couvert,Autre collision,3,2,2,0,1,1,1,6,1,50,,2,0,0,0,2,31.0,,,,1,2,1,8,6
202100030440,2021-07-06 07:45:00,2021,7,6,7,45,93,93031,SAINT LEU (ROUTE DE) 1 à 157,48.95845,2.32915,Plein jour,En agglomération,Hors intersection,Normale,Autre collision,3,1,3,0,1,1,1,0,1,50,,2,1,0,1,0,,,,,1,2,1,1,6
202100030441,2021-07-06 07:38:00,2021,7,6,7,38,93,93057,ATHENES (allée d'),48.911822,2.494578,Plein jour,En agglomération,Hors intersection,Normale,Deux véhicules - frontale,4,2,2,0,1,1,1,0,1,50,,2,1,0,0,1,61.0,22.0,,,1,2,1,1,1
202100030442,2021-07-16 18:10:00,2021,7,16,18,10,92,92072,VILLE D'AVRAY (RUE DE ),48.8258512789,2.2045721342,Plein jour,En agglomération,Hors intersection,Normale,Autre collision,3,2,2,0,2,1,1,0,8,50,,2,1,0,0,1,81.0,,,,1,2,1,1,6
202100030443,2021-07-06 21:10:00,2021,7,6,21,10,92,92064,GOUNOD,48.84302,2.21393,Crépuscule ou aube,En agglomération,Intersection en T,Normale,Deux véhicules - côté,3,2,2,0,3,1,1,0,1,50,,2,1,0,0,1,61.0,64.0,,,2,2,3,1,3
202100030444,2021-07-06 12:00:00,2021,7,6,12,0,92,92051,"CHARLES DE GAULLE (AVENUE, N°27 A 129)",48.88249,2.26683,Plein jour,En agglomération,Hors intersection,Normale,Deux véhicules - arrière,2,1,3,0,1,1,1,0,1,70,,2,1,0,0,1,25.0,23.0,,,1,2,1,1,2
202100030445,2021-07-06 10:15:00,2021,7,6,10,15,92,92051,"ROULE (AVENUE DU, N° 29 A 91 ET 30 A 86)",48.8819767379,2.2797462344,Plein jour,En agglomération,Hors intersection,Normale,Deux véhicules - côté,4,1,4,2,1,1,1,0,5,50,,2,1,0,0,1,21.0,29.0,,,1,2,1,1,3
202100030446,2021-07-06 16:05:00,2021,7,6,16,5,92,92024,HENRI BARBUSSE (RUE) DE (68 A 102),48.90163424,2.3096689582,Plein jour,En agglomération,Hors intersection,Normale,Autre collision,4,2,2,0,1,1,1,0,1,50,,2,1,0,0,1,40.0,,,,1,2,1,1,6
202100030447,2021-07-06 15:25:00,2021,7,6,15,25,92,92012,PARIS (RUE DE) 97BIS/FIN - 116/FIN,48.841652,2.235863,Plein jour,En agglomération,Intersection en T,Normale,Deux véhicules - côté,4,2,2,0,1,1,1,0,1,30,,2,1,0,0,1,22.0,44.0,,,1,2,3,1,3
202100030448,2021-07-06 09:15:00,2021,7,6,9,15,92,92007,PASTEUR (AVENUE LOUIS) N° 1 A 39 ET 2 A,48.797106,2.317347,Plein jour,En agglomération,Intersection en T,Normale,Deux véhicules - côté,3,2,2,0,1,1,1,0,1,50,,4,3,0,0,1,27.0,29.0,,,1,2,3,1,3
202100030449,2021-06-27 17:50:00,2021,6,27,17,50,14,14764,D167,48.870375,-0.406344,Plein jour,Hors agglomération,Hors intersection,Pluie légère,Autre collision,3,2,2,0,1,1,2,0,1,80,,1,0,0,0,1,18.0,,,,1,1,1,2,6
202100030450,2021-06-27 18:50:00,2021,6,27,18,50,14,14689,D6,48.988103,-0.495715,Plein jour,Hors agglomération,Hors intersection,Pluie forte,Autre collision,3,2,2,0,1,1,8,0,1,80,,2,0,0,0,2,19.0,,,,1,1,1,3,6
202100030451,2021-07-07 07:00:00,2021,7,7,7,0,49,49092,35 Rue Nationale (chemillé),47.221277,-0.726739,Plein jour,En agglomération,Hors intersection,Normale,Autre collision,3,2,2,0,2,1,1,0,3,50,,1,0,0,1,0,24.0,,,,1,2,1,1,6
202100030452,2021-07-07 11:15:00,2021,7,7,11,15,974,97412,Route de la Grande Corniche,-21.372812,55.593039,Plein jour,Hors agglomération,Hors intersection,Pluie légère,Deux véhicules - frontale,2,2,3,0,2,2,2,0,1,80,,4,1,1,1,1,34.0,67.0,,,1,1,1,2,1
202100030453,2021-07-06 23:00:00,2021,7,6,23,0,85,85109,Bellevue,46.8905004154,-1.0123354197,Nuit sans éclairage public,Hors agglomération,Hors intersection,Pluie légère,Deux véhicules - frontale,3,2,1,0,2,2,2,0,1,70,,3,0,0,3,0,33.0,60.0,,,3,1,1,2,1
202100030454,2021-07-06 21:15:00,2021,7,6,21,15,71,71256,11 Route de Chalon,46.7409091693,5.0918471695,Nuit avec éclairage allumé,En agglomération,Hors intersection,Normale,Autre collision,3,2,2,0,1,2,1,0,4,50,,2,1,0,0,1,20.0,,,,5,2,1,1,6
202100030455,2021-07-06 16:00:00,2021,7,6,16,0,71,71420,17 Route de Louhans,46.704115,4.992095,Plein jour,Hors agglomération,Hors intersection,Pluie légère,Trois véhicules et plus - collisions multiples,3,2,2,0,1,1,2,0,1,70,,3,1,0,0,2,85.0,53.0,,,1,1,1,2,5
202100030456,2021-07-07 10:30:00,2021,7,7,10,30,79,79285,La Croix des Vignes,46.569387,-0.2982,Plein jour,Hors agglomération,Intersection en X,Normale,Deux véhicules - côté,3,2,3,3,2,1,1,5,1,70,,3,0,1,0,2,23.0,57.0,,,1,1,2,1,3
202100030457,2021-07-06 18:45:00,2021,7,6,18,45,79,79062,D33,46.805898,-0.680653,Plein jour,Hors agglomération,Intersection en X,Normale,Trois véhicules et plus - collisions multiples,3,2,2,0,2,1,1,0,1,80,,4,1,0,0,3,37.0,18.0,,,1,1,2,1,5
202100030458,2021-07-06 21:20:00,2021,7,6,21,20,80,80542,D930,49.771623,2.908888,Plein jour,Hors agglomération,Giratoire,Normale,Deux véhicules - frontale,3,-1,1,0,1,3,1,0,1,50,,2,1,0,1,0,33.0,59.0,,,1,1,6,1,1
202100030459,2021-07-07 16:30:00,2021,7,7,16,30,80,80624,D11,50.005874,2.380694,Plein jour,Hors agglomération,Hors intersection,Normale,Deux véhicules - frontale,3,2,2,0,2,1,1,0,1,80,,2,0,1,1,0,20.0,42.0,,,1,1,1,1,1
202100030460,2021-07-06 18:50:00,2021,7,6,18,50,32,32083,D930,43.810546,0.427297,Plein jour,Hors agglomération,Hors intersection,Normale,Deux véhicules - côté,3,2,2,0,1,1,1,0,1,80,,2,1,0,1,0,43.0,47.0,,,1,1,1,1,3
202100030461,2021-07-07 11:25:00,2021,7,7,11,25,11,11355,D19,43.091756,2.210899,Plein jour,Hors agglomération,Intersection en T,Normale,Deux véhicules - côté,3,2,2,0,1,1,1,0,1,80,,2,1,1,0,0,50.0,37.0,,,1,1,3,1,3
202100030462,2021-07-06 18:20:00,2021,7,6,18,20,63,63338,rue jean jaurès,46.162218,2.833711,Plein jour,En agglomération,Hors intersection,Normale,Deux véhicules - frontale,3,2,2,0,4,1,1,0,1,30,,4,0,0,2,2,19.0,19.0,,,1,2,1,1,1
202100030463,2021-07-06 17:45:00,2021,7,6,17,45,47,47095,D813,44.4270060785,0.2827391623,Plein jour,Hors agglomération,Giratoire,Normale,Deux véhicules - côté,3,2,2,0,1,1,1,5,1,80,,2,1,0,1,0,45.0,16.0,,,1,1,6,1,3
202100030464,2021-07-07 14:40:00,2021,7,7,14,40,44,44151,Chemin de la Briéronne,47.342978,-2.325518,Plein jour,En agglomération,Intersection en T,Normale,Deux véhicules - côté,4,2,2,0,1,1,1,0,1,50,,2,1,0,1,0,7.0,34.0,,,1,2,3,1,3
202100030465,2021-07-06 14:00:00,2021,7,6,14,0,44,44062,lieu dit La Génetrie,47.527721,-1.746676,Plein jour,Hors agglomération,Hors intersection,Normale,Deux véhicules - frontale,4,2,2,0,1,1,1,0,1,80,,2,0,0,2,0,18.0,37.0,,,1,1,1,1,1
202100030466,2021-07-06 18:00:00,2021,7,6,18,0,35,35306,D7,48.565447,-1.918101,Plein jour,Hors agglomération,Autre intersection,Temps couvert,Deux véhicules - frontale,3,2,2,0,2,3,2,0,1,80,,2,1,0,1,0,20.0,25.0,,,1,1,9,8,1
202100030467,2021-07-06 09:00:00,2021,7,6,9,0,31,31135,126 Chemin des Vignes,43.22769,1.083205,Plein jour,En agglomération,Intersection en X,Normale,Trois véhicules et plus - en chaîne,3,2,2,0,1,1,1,0,1,80,,3,2,0,1,0,90.0,55.0,,,1,2,2,1,4
202100030468,2021-06-27 23:25:00,2021,6,27,23,25,72,72143,Route Departementale 304,47.87009,0.45115,Nuit sans éclairage public,Hors agglomération,Hors intersection,Normale,Deux véhicules - arrière,3,2,1,0,1,1,1,0,1,90,,2,1,0,1,0,60.0,36.0,,,3,1,1,1,2
202100030469,2021-07-07 11:30:00,2021,7,7,11,30,72,72166,D357,48.020693,-0.081347,Plein jour,Hors agglomération,Hors intersection,Normale,Sans collision,3,2,2,0,1,1,1,0,1,90,,1,0,0,1,0,37.0,,,,1,1,1,1,7
202100030470,2021-07-07 03:21:00,2021,7,7,3,21,50,50093,Lieu Dit le Fut,49.079699,-1.304991,Nuit sans éclairage public,Hors agglomération,Intersection en Y,Normale,Autre collision,3,2,3,0,2,1,2,0,3,80,,1,0,1,0,0,24.0,,,,3,1,4,1,6
202100030471,2021-07-07 17:18:00,2021,7,7,17,18,60,60466,intersection D37/D101,49.43565,2.527585,Plein jour,Hors agglomération,Intersection en X,Normale,Trois véhicules et plus - collisions multiples,3,2,2,0,1,1,1,0,1,80,,8,7,0,0,1,28.0,75.0,,,1,1,2,1,5
202100030472,2021-07-07 19:30:00,2021,7,7,19,30,60,60111,,49.631492,2.450584,Plein jour,Hors agglomération,Intersection en X,Normale,Deux véhicules - arrière,3,2,2,0,1,1,1,0,1,80,,2,1,0,0,1,51.0,23.0,,,1,1,2,1,2
202100030473,2021-07-07 17:50:00,2021,7,7,17,50,45,45333,1 Rue de la Croix de Liverson,47.949692,2.060924,Plein jour,En agglomération,Hors intersection,Normale,Autre collision,4,2,1,0,1,1,1,0,8,50,,1,0,0,1,0,50.0,,,,1,2,1,1,6
202100030474,2021-06-17 19:38:00,2021,6,17,19,38,43,43184,"ROUTE NATIONALE 88, PK 000+600",45.368745,4.27012,Plein jour,Hors agglomération,Hors intersection,Normale,Autre collision,2,3,4,0,2,3,1,0,2,-1,,2,1,0,1,0,24.0,,,,1,1,1,1,6
202100030475,2021-07-06 18:20:00,2021,7,6,18,20,53,53250,Rue de Bretagne,47.965628,-1.046011,Plein jour,En agglomération,Hors intersection,Normale,Autre collision,3,2,2,0,1,1,1,0,1,30,,1,0,0,1,0,17.0,,,,1,2,1,1,6
202100030476,2021-07-06 16:15:00,2021,7,6,16,15,27,27414,le grand mesnil,48.921949,0.444624,Plein jour,Hors agglomération,Intersection en X,Normale,Deux véhicules - côté,3,2,2,0,1,1,1,0,1,80,,2,0,0,0,2,72.0,37.0,,,1,1,2,1,3
202100030477,2021-06-25 16:20:00,2021,6,25,16,20,17,17212,D939,45.835049,-0.210736,Plein jour,Hors agglomération,Intersection en T,Normale,Trois véhicules et plus - collisions multiples,3,2,2,0,1,1,1,0,1,80,,4,2,0,1,1,61.0,49.0,,,1,1,3,1,5
202100030478,2021-07-06 11:30:00,2021,7,6,11,30,30,30102,"D22, Pk26 décroissant",43.932977,4.2886,Plein jour,Hors agglomération,Hors intersection,Pluie légère,Deux véhicules - frontale,3,2,2,0,1,1,2,0,3,80,,3,0,0,1,2,34.0,60.0,,,1,1,1,2,1
202100030479,2021-07-06 19:15:00,2021,7,6,19,15,48,48128,D806,44.78198734,3.29576969,Plein jour,Hors agglomération,Hors intersection,Normale,Autre collision,3,2,2,0,1,1,2,0,3,90,,2,0,0,1,1,20.0,,,,1,1,1,1,6
202100030480,2021-07-06 16:10:00,2021,7,6,16,10,68,68375,75 Rue de Reiningue,47.797471,7.23182,Plein jour,En agglomération,Intersection en T,Pluie légère,Deux véhicules - côté,3,2,2,1,1,1,2,0,4,50,,2,1,0,1,0,16.0,35.0,,,1,2,3,2,3
202100030481,2021-07-07 12:00:00,2021,7,7,12,0,31,31462,"autoroute A68, pk:006.200",43.655546,1.541305,Plein jour,Hors agglomération,Hors intersection,Normale,Autre collision,1,1,2,3,3,2,1,0,3,130,,1,0,1,0,0,73.0,,,,1,1,1,1,6
202100030482,2021-07-06 21:00:00,2021,7,6,21,0,95,95151,D44,49.057853,2.269578,Crépuscule ou aube,Hors agglomération,Hors intersection,Normale,Autre collision,3,-1,2,0,2,1,1,0,1,70,,1,0,0,1,0,25.0,,,,2,1,1,1,6
202100030483,2021-06-30 14:04:00,2021,6,30,14,4,06,06018,Route de la Mer,43.617817,7.11181,Plein jour,Hors agglomération,Giratoire,Normale,Sans collision,3,1,1,0,1,2,1,5,4,50,,2,0,0,0,2,28.0,,,,1,1,6,1,7