accident_id,datetime,annee,mois,jour,heure,minute,departement,commune_insee,adresse,latitude,longitude,luminosite,agglomeration,intersection,meteo,collision,catr,circ,nbv,vosp,prof,plan,surf,infra,situ,vma,nb_vehicules,nb_usagers,nb_indemnes,nb_tues,nb_blesses_hosp,nb_blesses_legers,age_cond_1,age_cond_2,veh_type_cond_1,veh_type_cond_2,lum_code,agg_code,int_code,atm_code,col_code
202100030484,2021-07-07 13:45:00,2021,7,7,13,45,06,06079,AUTOROUTE A8 K 152.200 NORD,43.534549,6.882334,Plein jour,Hors agglomération,Hors intersection,Normale,Trois véhicules et plus - collisions multiples,1,3,5,0,1,1,1,0,1,110,,10,3,1,2,4,37.0,57.0,,,1,1,1,1,5
202100030485,2021-07-07 17:35:00,2021,7,7,17,35,17,17271,Intersection D950/D220,45.989195,-0.412642,Plein jour,Hors agglomération,Intersection en X,Normale,Deux véhicules - côté,3,2,2,0,1,1,1,5,1,90,,2,1,0,1,0,70.0,50.0,,,1,1,2,1,3
202100030486,2021-07-07 22:00:00,2021,7,7,22,0,974,97418,Rue Roger Payet,-20.909719,55.509903,Nuit avec éclairage allumé,En agglomération,Hors intersection,Normale,Autre collision,3,2,2,0,2,1,1,0,1,50,,1,0,1,0,0,38.0,,,,5,2,1,1,6
202100030487,2021-07-06 19:45:00,2021,7,6,19,45,34,34183,Place du marché,43.28992,3.128338,Plein jour,En agglomération,Place,Normale,Deux véhicules - arrière,6,-1,-1,0,1,1,1,0,1,50,,2,1,0,1,0,53.0,23.0,,,1,2,7,1,2
202100030488,2021-07-06 15:50:00,2021,7,6,15,50,06,06065,416 Chemin des Sablieres,43.732315,7.153515,Plein jour,En agglomération,Hors intersection,Normale,Deux véhicules - frontale,7,2,2,0,2,1,1,0,1,30,,2,1,0,1,0,15.0,39.0,,,1,2,1,1,1
202100030489,2021-07-05 17:00:00,2021,7,5,17,0,67,67080,D93,48.547786,7.549106,Plein jour,Hors agglomération,Hors intersection,Pluie légère,Sans collision,4,2,2,0,1,4,6,2,8,50,,1,0,0,1,0,28.0,,,,1,1,1,2,7
202100030490,2021-07-05 15:00:00,2021,7,5,15,0,73,73290,D902 Col de la Madeleine,45.294634,6.926429,Plein jour,Hors agglomération,Hors intersection,Normale,Sans collision,3,2,2,0,2,2,1,0,1,80,,1,0,0,1,0,56.0,,,,1,1,1,1,7
202100030491,2021-07-06 16:50:00,2021,7,6,16,50,44,44209,D537,47.331755,-1.617833,Plein jour,En agglomération,Giratoire,Temps couvert,Autre collision,3,2,2,0,1,3,3,5,1,50,,2,1,0,1,0,88.0,14.0,,,1,2,6,8,6
202100030492,2021-06-28 20:00:00,2021,6,28,20,0,38,38377,Avenue du Stade,45.577388,5.507219,Crépuscule ou aube,Hors agglomération,Hors intersection,Temps couvert,Autre collision,3,2,2,0,1,2,2,0,3,70,,1,0,0,0,1,20.0,,,,2,1,1,8,6
202100030493,2021-07-07 12:00:00,2021,7,7,12,0,69,69047,CARRIERES (DES) (RTE),45.905714,4.660826,Plein jour,Hors agglomération,Intersection en X,Normale,Deux véhicules - côté,4,2,2,0,2,1,1,0,1,50,,2,1,0,1,0,66.0,13.0,,,1,1,2,1,3
202100030494,2021-07-06 14:15:00,2021,7,6,14,15,65,65310,Route de la Coume,43.093924,0.185802,Plein jour,Hors agglomération,Hors intersection,Normale,Autre collision,3,2,2,0,4,3,1,0,3,70,,1,0,0,0,1,73.0,,,,1,1,1,1,6
202100030495,2021-07-07 17:00:00,2021,7,7,17,0,49,49301,rue de vendée - ST MACAIRE EN MAUGES,47.114569,-0.993104,Plein jour,En agglomération,Giratoire,Normale,Deux véhicules - côté,3,-1,1,2,1,2,1,9,5,50,,2,1,0,1,0,21.0,15.0,,,1,2,6,1,3
202100030496,2021-06-29 14:00:00,2021,6,29,14,0,22,22364,D776,48.4411103666,-2.1019036518,Plein jour,Hors agglomération,Intersection en T,Normale,Deux véhicules - côté,3,-1,2,0,1,1,1,0,1,90,,2,1,0,1,0,89.0,12.0,,,1,1,3,1,3
202100030497,2021-07-07 14:40:00,2021,7,7,14,40,76,76647,Route de Lillebonne,49.525807,0.38288,Plein jour,Hors agglomération,Hors intersection,Normale,Deux véhicules - côté,3,2,2,0,1,1,1,0,1,80,,2,1,0,1,0,62.0,49.0,,,1,1,1,1,3
202100030498,2021-07-06 17:42:00,2021,7,6,17,42,13,13215,A7-Sens Lyon vers Marseille,43.35487,5.36396,Plein jour,Hors agglomération,Hors intersection,Normale,Deux véhicules - arrière,1,-1,3,0,1,1,1,0,1,90,,3,1,0,0,2,19.0,54.0,,,1,1,1,1,2
202100030499,2021-07-06 18:17:00,2021,7,6,18,17,13,13005,A50 - Sens Aubagne vers Marseille,43.278,5.586,Plein jour,Hors agglomération,Hors intersection,Normale,Trois véhicules et plus - en chaîne,1,1,2,0,2,1,1,0,1,90,,5,2,0,0,3,29.0,59.0,,,1,1,1,1,4
202100030500,2021-07-06 14:35:00,2021,7,6,14,35,13,13022,A50-Sens Aubagne vers Toulon,43.227,5.583,Plein jour,Hors agglomération,Hors intersection,Normale,Deux véhicules - frontale,1,3,3,0,2,1,1,0,1,110,,1,0,0,0,1,75.0,,,,1,1,1,1,1
202100030501,2021-07-06 09:00:00,2021,7,6,9,0,13,13055,A507 sens Marseille - Aubagne,43.2974878396,5.4248757362,Plein jour,Hors agglomération,Hors intersection,Normale,Deux véhicules - arrière,1,-1,3,0,1,1,1,1,1,70,,2,0,0,0,2,26.0,25.0,,,1,1,1,1,2
202100030502,2021-07-06 08:30:00,2021,7,6,8,30,13,13055,A507 sens Marseille - Aubagne,43.2860667101,5.4294900969,Plein jour,Hors agglomération,Hors intersection,Normale,Deux véhicules - arrière,1,1,3,0,1,1,1,0,1,70,,4,2,0,0,2,76.0,37.0,,,1,1,1,1,2
202100030503,2021-07-06 08:10:00,2021,7,6,8,10,13,13071,A7-Sens Marseille vers Lyon,43.40401,5.30191,Plein jour,Hors agglomération,Hors intersection,Normale,Deux véhicules - côté,1,1,2,0,1,1,1,0,1,110,,2,1,0,0,1,25.0,46.0,,,1,1,1,1,3
202100030504,2021-07-05 19:25:00,2021,7,5,19,25,13,13071,A51-Sens Aix en Provence vers Marseille,43.41057,5.36389,Plein jour,Hors agglomération,Hors intersection,Normale,Deux véhicules - arrière,1,1,3,0,1,1,1,0,1,90,,3,2,0,0,1,63.0,33.0,,,1,1,1,1,2
202100030505,2021-07-05 09:15:00,2021,7,5,9,15,13,13210,Tunnel Prado Carénage,43.2825843163,5.3934502602,Plein jour,Hors agglomération,Hors intersection,Normale,Trois véhicules et plus - en chaîne,1,1,2,0,1,1,1,1,1,60,,3,2,0,0,1,34.0,33.0,,,1,1,1,1,4
202100030506,2021-07-05 07:50:00,2021,7,5,7,50,13,13055,A507 sens Marseille - Aubagne,43.32977,5.40456,Plein jour,Hors agglomération,Hors intersection,Normale,Deux véhicules - côté,1,1,3,0,1,1,1,1,1,70,,2,1,0,0,1,23.0,57.0,,,1,1,1,1,3
202100030507,2021-07-01 11:10:00,2021,7,1,11,10,69,69115,A6   427.300 A 428.640,45.9633559654,4.7231432467,Plein jour,Hors agglomération,Hors intersection,Normale,Trois véhicules et plus - collisions multiples,1,-1,6,0,1,1,1,0,1,110,,5,3,0,1,1,40.0,29.0,,,1,1,1,1,5
202100030508,2021-07-06 00:30:00,2021,7,6,0,30,69,69294,A7   13.970 A 15.270,45.63136,4.8186,Nuit sans éclairage public,Hors agglomération,Hors intersection,Normale,Deux véhicules - arrière,1,3,6,0,1,1,1,0,1,110,,5,2,0,1,2,20.0,22.0,,,3,1,1,1,2
202100030509,2021-07-06 08:50:00,2021,7,6,8,50,94,94034,AUTOROUTE A86,48.75833,2.32602,Plein jour,Hors agglomération,Hors intersection,Normale,Deux véhicules - côté,1,3,2,0,1,1,1,1,1,70,,2,1,0,0,1,53.0,31.0,,,1,1,1,1,3
202100030510,2021-07-06 18:15:00,2021,7,6,18,15,92,92063,A86,48.8901110828,2.1699447278,Plein jour,Hors agglomération,Hors intersection,Normale,Deux véhicules - arrière,1,3,5,0,1,2,1,3,1,90,,2,1,0,0,1,52.0,24.0,,,1,1,1,1,2
202100030511,2021-07-06 19:30:00,2021,7,6,19,30,93,93064,AUTOROUTE A86,48.87459,2.47911,Plein jour,Hors agglomération,Hors intersection,Normale,Deux véhicules - arrière,1,3,8,0,1,1,1,0,1,90,,2,1,0,0,1,44.0,58.0,,,1,1,1,1,2
202100030512,2021-07-06 13:00:00,2021,7,6,13,0,93,93005,AUTOROUTE A3,48.9306216899,2.4812834163,Plein jour,Hors agglomération,Hors intersection,Normale,Deux véhicules - arrière,1,3,6,0,1,1,1,0,1,90,,3,2,0,0,1,21.0,43.0,,,1,1,1,1,2
202100030513,2021-07-06 07:50:00,2021,7,6,7,50,95,95394,RN 184,49.0514,2.18506,Plein jour,Hors agglomération,Hors intersection,Normale,Deux véhicules - côté,2,3,5,0,1,1,1,0,1,90,,2,1,0,1,0,22.0,22.0,,,1,1,1,1,3
202100030514,2021-07-05 19:30:00,2021,7,5,19,30,95,95218,A15,49.035,2.09853,Crépuscule ou aube,Hors agglomération,Hors intersection,Normale,Deux véhicules - côté,1,3,8,0,1,1,1,0,1,90,,2,1,0,0,1,32.0,23.0,,,2,1,1,1,3
202100030515,2021-07-05 17:55:00,2021,7,5,17,55,93,93006,AUTOROUTE A3,48.86634,2.42384,Plein jour,Hors agglomération,Hors intersection,Normale,Deux véhicules - côté,1,3,9,0,3,2,1,0,1,110,,2,1,0,0,1,62.0,27.0,,,1,1,1,1,3
202100030516,2021-07-06 14:15:00,2021,7,6,14,15,94,94052,A86 INT,48.8402076992,2.4930906024,Plein jour,Hors agglomération,Hors intersection,Normale,Trois véhicules et plus - en chaîne,1,1,3,0,1,1,1,1,1,90,,4,3,0,0,1,34.0,40.0,,,1,1,1,1,4
202100030517,2021-07-06 08:30:00,2021,7,6,8,30,77,77018,A4,48.83856,2.81695,Plein jour,Hors agglomération,Hors intersection,Normale,Sans collision,1,3,4,0,1,1,1,0,1,130,,2,1,0,0,1,39.0,22.0,,,1,1,1,1,7
202100030518,2021-06-29 15:35:00,2021,6,29,15,35,86,86066,Boulevard de Blossac,46.81627,0.54494,Plein jour,En agglomération,Hors intersection,Normale,Autre collision,3,1,2,1,1,1,1,0,1,30,,2,0,0,0,2,15.0,,,,1,2,1,1,6
202100030519,2021-07-05 16:05:00,2021,7,5,16,5,69,69266,LEON BLUM (R),45.76057,4.90466,Plein jour,En agglomération,Hors intersection,Normale,Autre collision,4,2,4,3,1,1,1,0,1,50,,2,1,0,1,0,34.0,,,,1,2,1,1,6
202100030520,2021-07-01 12:20:00,2021,7,1,12,20,59,59350,HUGO VICTOR RUE,50.63205,3.00713,Plein jour,En agglomération,Hors intersection,Normale,Autre collision,7,2,2,0,1,1,1,0,8,50,,3,1,0,0,2,49.0,,,,1,2,1,1,6
202100030521,2021-06-09 15:00:00,2021,6,9,15,0,62,62842,CENTRE COMMERCIAL CORA,50.461434,2.825756,Plein jour,Hors agglomération,Hors intersection,Normale,Autre collision,5,1,2,0,1,1,1,0,1,30,,3,1,0,0,2,78.0,,,,1,1,1,1,6
202100030522,2021-05-05 18:25:00,2021,5,5,18,25,30,30189,ARTS (AVENUE),43.8446,4.3475,Plein jour,En agglomération,Hors intersection,Normale,Autre collision,4,2,2,3,2,1,1,0,1,50,,2,1,0,0,1,,,,,1,2,1,1,6
202100030523,2021-07-04 15:59:00,2021,7,4,15,59,988,98818,RUE TARAGNAT,-22.2714,166.4526,Plein jour,En agglomération,Hors intersection,Normale,Autre collision,6,-1,1,0,1,1,1,0,8,30,,7,0,1,2,4,85.0,,,,1,2,1,1,6
202100030524,2021-07-05 17:45:00,2021,7,5,17,45,974,97416,MITTERAND (AVENUE DU PDT),-21.344566,55.484311,Nuit avec éclairage allumé,Hors agglomération,Hors intersection,Normale,Deux véhicules - arrière,4,1,1,0,2,1,1,0,1,30,,2,1,0,1,0,23.0,22.0,,,5,1,1,1,2
202100030525,2021-03-09 23:10:00,2021,3,9,23,10,973,97302,MANDELA  (BOULEVARD),4.9399475833,-52.3266363056,Nuit avec éclairage allumé,En agglomération,Intersection en X,Normale,Deux véhicules - côté,3,3,2,0,1,1,1,0,1,50,,6,2,0,2,2,21.0,27.0,,,5,2,2,1,3
202100030526,2021-07-05 17:25:00,2021,7,5,17,25,69,69387,ARTILLERIE (DE L') (BD),45.7314209857,4.8422997752,Plein jour,En agglomération,Hors intersection,Normale,Deux véhicules - côté,4,2,2,0,1,1,1,0,1,50,,2,1,0,0,1,27.0,59.0,,,1,2,1,1,3
202100030527,2021-07-05 00:15:00,2021,7,5,0,15,972,97213,AUTOROUTE A1,14.6181013193,-61.034052372,Nuit sans éclairage public,Hors agglomération,Hors intersection,Temps couvert,Deux véhicules - arrière,1,-1,6,0,1,1,2,0,1,90,,2,1,0,0,1,26.0,,,,3,1,1,8,2
202100030528,2021-07-05 17:20:00,2021,7,5,17,20,69,69389,CHATEAU DE LA DUCHERE (DU) (R),45.7801258088,4.7936465442,Plein jour,En agglomération,Hors intersection,Normale,Autre collision,6,-1,-1,0,1,1,1,0,1,30,,2,1,0,0,1,26.0,,,,1,2,1,1,6
202100030529,2021-07-05 08:35:00,2021,7,5,8,35,69,69382,DOCTEUR GAILLETON (DU) (Q),45.7514,4.8325,Plein jour,En agglomération,Autre intersection,Temps couvert,Deux véhicules - côté,4,1,3,3,1,1,1,0,8,50,,2,1,0,0,1,48.0,23.0,,,1,2,9,8,3
202100030530,2021-07-05 00:15:00,2021,7,5,0,15,69,69382,TILSITT (Q),45.75702,4.82712,Nuit avec éclairage allumé,En agglomération,Hors intersection,Normale,Deux véhicules - arrière,4,1,2,3,1,1,1,0,6,50,,2,1,0,1,0,40.0,28.0,,,5,2,1,1,2
202100030531,2021-07-05 17:30:00,2021,7,5,17,30,91,91692,HERMITAGE (RUE DE L'),48.68181,2.18967,Plein jour,Hors agglomération,Intersection en T,Normale,Deux véhicules - côté,3,3,2,0,1,1,1,5,1,70,,2,1,0,0,1,36.0,20.0,,,1,1,3,1,3
202100030532,2021-07-03 12:35:00,2021,7,3,12,35,87,87085,RN520,45.89087,1.27847,Plein jour,Hors agglomération,Hors intersection,Normale,Trois véhicules et plus - en chaîne,2,2,2,0,1,1,2,0,1,70,,7,3,0,0,4,64.0,45.0,,,1,1,1,1,4
202100030533,2021-06-03 17:40:00,2021,6,3,17,40,85,85194,COTY (AVENUE RENE),46.4914,-1.75698,Crépuscule ou aube,En agglomération,Place,Normale,Deux véhicules - côté,4,2,2,0,1,1,1,9,1,50,,2,1,0,1,0,20.0,35.0,,,2,2,7,1,3
202100030534,2021-07-05 13:40:00,2021,7,5,13,40,82,82121,AUTOROUTE A20,44.0524815174,1.4101646841,Plein jour,Hors agglomération,Hors intersection,Normale,Autre collision,1,3,2,0,1,1,1,7,1,50,,1,0,1,0,0,76.0,,,,1,1,1,1,6
202100030535,2021-07-02 21:28:00,2021,7,2,21,28,80,80021,ALPHONSE FIQUET (PLACE),49.8906,2.30625,Crépuscule ou aube,En agglomération,Hors intersection,Normale,Sans collision,4,2,4,0,2,1,1,0,1,50,,2,1,0,0,1,21.0,,,,2,2,1,1,7
202100030536,2021-07-02 12:40:00,2021,7,2,12,40,78,78551,RN 184,48.98348,2.08535,Plein jour,Hors agglomération,Hors intersection,Normale,Deux véhicules - arrière,2,3,4,0,4,1,1,0,1,90,,2,1,0,0,1,45.0,30.0,,,1,1,1,1,2
202100030537,2021-07-05 08:20:00,2021,7,5,8,20,76,76575,Z.A. DU MADRILLET,49.3822,1.07351,Plein jour,En agglomération,Hors intersection,Pluie légère,Deux véhicules - frontale,4,2,2,0,1,1,2,0,1,30,,2,0,0,0,2,45.0,32.0,,,1,2,1,2,1
202100030538,2021-07-03 19:30:00,2021,7,3,19,30,76,76351,VAL AUX CORNEILLES (AVENUE DU)°,49.50915,0.14905,Plein jour,En agglomération,Hors intersection,Pluie légère,Deux véhicules - frontale,4,2,2,0,1,2,2,0,1,50,,2,1,0,0,1,27.0,22.0,,,1,2,1,2,1
202100030539,2021-07-03 16:30:00,2021,7,3,16,30,76,76341,D6382,49.509030743,0.1976645784,Plein jour,Hors agglomération,Hors intersection,Normale,Trois véhicules et plus - en chaîne,3,1,1,0,1,1,2,0,1,70,,4,1,0,0,3,44.0,19.0,,,1,1,1,1,4
202100030540,2021-06-30 13:20:00,2021,6,30,13,20,73,73065,AIX LES BAINS (AVENUE),45.58291,5.92438,Plein jour,En agglomération,Intersection en T,Normale,Deux véhicules - côté,3,4,2,2,2,1,1,0,1,50,,2,1,0,1,0,40.0,40.0,,,1,2,3,1,3
202100030541,2021-07-05 06:40:00,2021,7,5,6,40,71,71540,D290,46.7710162908,4.4713549057,Plein jour,Hors agglomération,Hors intersection,Pluie légère,Sans collision,3,2,2,0,1,2,2,0,3,80,,1,0,0,0,1,38.0,,,,1,1,1,2,7
202100030542,2021-07-04 11:55:00,2021,7,4,11,55,71,71059,Bois Labert,46.77801,4.47521,Plein jour,En agglomération,Hors intersection,Normale,Deux véhicules - côté,3,2,2,0,1,3,2,0,1,50,,2,1,0,0,1,24.0,43.0,,,1,2,1,1,3
202100030543,2021-07-03 11:10:00,2021,7,3,11,10,67,67482,HOCHFELDEN (RUE DE),48.601948,7.722528,Plein jour,En agglomération,Hors intersection,Normale,Deux véhicules - arrière,4,1,2,0,1,1,1,0,1,50,,4,2,0,0,2,42.0,82.0,,,1,2,1,1,2
202100030544,2021-07-02 15:45:00,2021,7,2,15,45,67,67482,GEORGES WODLI (RUE),48.590206,7.734927,Plein jour,En agglomération,Intersection en T,Normale,Deux véhicules - côté,4,1,2,0,1,3,1,1,1,50,,2,1,0,0,1,51.0,62.0,,,1,2,3,1,3
202100030545,2021-07-02 13:50:00,2021,7,2,13,50,67,67482,SCHIRMECK (ROUTE DE),48.573302,7.718817,Plein jour,En agglomération,Hors intersection,Normale,Autre collision,7,2,4,3,1,1,1,0,1,50,,2,0,0,1,1,24.0,,,,1,2,1,1,6
202100030546,2021-07-05 20:30:00,2021,7,5,20,30,64,64445,FOUCHET,43.31367,-0.37189,Plein jour,En agglomération,Hors intersection,Temps éblouissant,Deux véhicules - côté,4,2,2,0,1,1,1,0,1,30,,2,1,0,1,0,19.0,50.0,,,1,2,1,7,3
202100030547,2021-07-05 07:43:00,2021,7,5,7,43,64,64445,LEON BLUM,43.31433,-0.33323,Plein jour,En agglomération,Intersection en T,Temps éblouissant,Deux véhicules - arrière,4,2,2,2,1,1,1,0,1,50,,2,1,0,0,1,44.0,29.0,,,1,2,3,7,2
202100030548,2021-07-05 13:40:00,2021,7,5,13,40,64,64102,MARINES (AVENUE DES ALLEES),43.49962,-1.48986,Plein jour,En agglomération,Hors intersection,Normale,Deux véhicules - arrière,4,2,2,0,1,1,1,0,1,50,,2,1,0,0,1,15.0,33.0,,,1,2,1,1,2
202100030549,2021-07-04 03:40:00,2021,7,4,3,40,64,64102,ARITXAGUE (BD D'),43.49028,-1.49341,Nuit avec éclairage allumé,En agglomération,Hors intersection,Normale,Deux véhicules - frontale,4,2,3,0,1,1,1,0,1,70,,4,0,0,0,4,31.0,31.0,,,5,2,1,1,1
202100030550,2021-07-04 14:17:00,2021,7,4,14,17,63,63113,REPUBLIQUE (AVENUE DE LA),45.78244,3.09575,Plein jour,En agglomération,Hors intersection,Normale,Autre collision,4,1,2,0,1,1,1,0,1,50,,1,0,0,0,1,22.0,,,,1,2,1,1,6
202100030551,2021-07-04 03:00:00,2021,7,4,3,0,63,63113,FLAUBERT (BD GUSTAVE),45.76423,3.12549,Nuit avec éclairage allumé,En agglomération,Intersection en X,Normale,Deux véhicules - côté,7,2,4,0,1,1,1,5,1,50,,2,1,0,0,1,41.0,26.0,,,5,2,2,1,3
202100030552,2021-07-05 21:10:00,2021,7,5,21,10,60,60175,Rue d’Herbeval,49.2523443636,2.473306462,Crépuscule ou aube,En agglomération,Hors intersection,Temps couvert,Autre collision,4,2,2,0,1,2,1,0,1,30,,1,0,0,1,0,30.0,,,,2,2,1,8,6
202100030553,2021-07-02 15:40:00,2021,7,2,15,40,59,59153,RUE DU CHAMP DE MARS,50.453053149,3.5889263538,Plein jour,En agglomération,Giratoire,Normale,Deux véhicules - côté,3,1,2,0,1,1,1,9,1,50,,2,1,1,0,0,70.0,49.0,,,1,2,6,1,3
202100030554,2021-07-05 19:50:00,2021,7,5,19,50,59,59378,REPUBLIQUE AV DE LA (N°512-832),50.65206,3.08244,Plein jour,En agglomération,Hors intersection,Pluie légère,Autre collision,7,1,0,1,1,1,2,0,1,50,,2,1,0,0,1,87.0,,,,1,2,1,2,6
202100030555,2021-06-01 17:20:00,2021,6,1,17,20,59,59350,PIVOINES RUE,50.611639,3.041736,Plein jour,En agglomération,Hors intersection,Normale,Autre collision,4,-1,1,0,1,1,1,0,8,50,,2,1,1,0,0,90.0,,,,1,2,1,1,6
202100030556,2021-07-01 15:50:00,2021,7,1,15,50,59,59122,NICE (RUE DE),50.176651,3.234492,Plein jour,En agglomération,Intersection en T,Normale,Deux véhicules - côté,4,1,1,0,1,1,1,0,1,50,,3,1,0,1,1,59.0,50.0,,,1,2,3,1,3
202100030557,2021-07-05 11:32:00,2021,7,5,11,32,54,54431,IMAGERIE (RUE DE L'),48.90497,6.05959,Plein jour,En agglomération,Hors intersection,Normale,Autre collision,4,2,1,0,1,1,1,0,1,50,,2,1,0,0,1,44.0,,,,1,2,1,1,6
202100030558,2021-07-05 17:40:00,2021,7,5,17,40,54,54159,Chemin des sables,48.60255,6.36164,Plein jour,Hors agglomération,Intersection en X,Normale,Autre collision,4,2,2,0,1,1,1,9,1,30,,4,2,0,0,2,52.0,62.0,,,1,1,2,1,6
202100030559,2021-06-16 17:00:00,2021,6,16,17,0,54,54342,RUE JOFFRE,49.28264,5.89663,Plein jour,En agglomération,Intersection en T,Normale,Autre collision,3,2,2,0,1,3,1,0,1,50,,2,1,0,0,1,39.0,44.0,,,1,2,3,1,6
202100030560,2021-07-04 04:20:00,2021,7,4,4,20,50,50129,REIBELL (AVENUE),49.63885,-1.61779,Nuit avec éclairage allumé,En agglomération,Intersection en T,Pluie légère,Autre collision,4,2,2,0,1,1,2,5,1,50,,3,1,0,0,2,19.0,,,,5,2,3,2,6
202100030561,2021-07-02 16:30:00,2021,7,2,16,30,50,50203,Les Rouges Terres,49.60974,-1.60018,Plein jour,En agglomération,Hors intersection,Normale,Trois véhicules et plus - en chaîne,2,3,4,0,2,1,1,0,1,50,,5,2,0,0,3,22.0,72.0,,,1,2,1,1,4
202100030562,2021-07-02 08:20:00,2021,7,2,8,20,49,49328,RESISTANCE (PLACE DE LA) N 147,47.267095,-0.069698,Plein jour,En agglomération,Giratoire,Normale,Deux véhicules - côté,3,2,2,2,1,1,1,0,1,50,,2,1,0,0,1,19.0,61.0,,,1,2,6,1,3
202100030563,2021-07-05 12:30:00,2021,7,5,12,30,42,42218,Cours Fauriel,45.4249922662,4.4067192077,Plein jour,En agglomération,Hors intersection,Normale,Autre collision,4,1,1,0,1,1,1,0,1,50,,2,1,0,0,1,28.0,,,,1,2,1,1,6
202100030564,2021-07-05 08:00:00,2021,7,5,8,0,37,37233,DUCLOS (AVENUE JACQUES),47.3811074508,0.7348997891,Plein jour,En agglomération,Hors intersection,Pluie légère,Sans collision,4,2,2,0,1,1,2,0,1,50,,1,0,0,0,1,34.0,,,,1,2,1,2,7
202100030565,2021-07-03 21:45:00,2021,7,3,21,45,37,37122,RD 37,47.3670829084,0.6536141038,Crépuscule ou aube,En agglomération,Autre intersection,Normale,Autre collision,7,3,4,0,1,1,1,0,1,90,,2,1,0,1,0,29.0,39.0,,,2,2,9,1,6
202100030566,2021-07-05 14:50:00,2021,7,5,14,50,35,35278,ROBIQUETTE (ROND POINT DE LA),48.13495,-1.69341,Plein jour,En agglomération,Giratoire,Pluie légère,Autre collision,4,1,1,0,1,1,2,9,1,30,,2,1,0,0,1,26.0,,,,1,2,6,2,6
202100030567,2021-07-05 14:50:00,2021,7,5,14,50,33,33063,Boulevard Maréchal Leclerc,44.830551,-0.597016,Plein jour,En agglomération,Hors intersection,Normale,Deux véhicules - côté,4,1,2,3,1,1,1,0,1,50,,2,1,0,0,1,,18.0,,,1,2,1,1,3
202100030568,2021-07-05 22:00:00,2021,7,5,22,0,33,33529,Boulevard de l’Ocean,44.634797,-1.202416,Crépuscule ou aube,En agglomération,Hors intersection,Normale,Deux véhicules - côté,3,2,2,0,1,1,1,0,1,50,,2,1,0,0,1,23.0,9.0,,,2,2,1,1,3
202100030569,2021-07-05 08:00:00,2021,7,5,8,0,31,31555,BD DE THIBAUD,43.55431,1.40494,Plein jour,En agglomération,Giratoire,Normale,Deux véhicules - côté,4,2,2,0,1,1,1,0,1,50,,2,1,0,1,0,51.0,50.0,,,1,2,6,1,3
202100030570,2021-07-05 18:45:00,2021,7,5,18,45,31,31483,FRANCE ANATOLE (RUE),43.11492,0.70485,Plein jour,En agglomération,Hors intersection,Normale,Deux véhicules - côté,4,2,0,0,1,1,1,0,1,50,,2,1,0,0,1,60.0,60.0,,,1,2,1,1,3
202100030571,2021-06-30 15:45:00,2021,6,30,15,45,30,30189,FRANCAIS LIBRES (BD),43.8411,4.3189,Plein jour,En agglomération,Hors intersection,Normale,Trois véhicules et plus - collisions multiples,2,2,0,0,1,2,1,2,1,50,,4,1,0,1,2,76.0,23.0,,,1,2,1,1,5
202100030572,2021-06-28 14:30:00,2021,6,28,14,30,30,30189,SAUVE (RUE),43.8379,4.3501,Plein jour,En agglomération,Intersection en X,Normale,Autre collision,4,1,2,0,1,1,2,0,1,50,,3,1,0,0,2,14.0,38.0,,,1,2,2,1,6
202100030573,2021-07-05 01:05:00,2021,7,5,1,5,27,27681,DE LATTRE DE TASSIGNY (AVENUE DU MAL),49.08524,1.46271,Nuit avec éclairage allumé,En agglomération,Intersection en Y,Normale,Autre collision,3,2,2,0,1,1,1,0,8,50,,1,0,0,0,1,25.0,,,,5,2,4,1,6
202100030574,2021-06-29 10:08:00,2021,6,29,10,8,27,27229,CORBEAU (RUE CHARLES),49.02436,1.15,Plein jour,En agglomération,Autre intersection,Pluie légère,Autre collision,4,1,0,0,1,1,2,0,1,50,,2,1,0,0,1,63.0,,,,1,2,9,2,6
202100030575,2021-07-05 11:47:00,2021,7,5,11,47,24,24037,ROUX (RUE DOCTEUR),44.86163,0.49671,Plein jour,En agglomération,Hors intersection,Pluie légère,Autre collision,4,2,2,0,1,1,1,0,4,50,,2,1,0,0,1,88.0,,,,1,2,1,2,6
202100030576,2021-07-04 09:05:00,2021,7,4,9,5,19,19272,Champeau (Lieu dit),45.2652690015,1.7719702719,Plein jour,En agglomération,Hors intersection,Pluie légère,Autre collision,3,2,1,0,1,3,2,0,3,50,,1,0,0,0,1,49.0,,,,1,2,1,2,6
202100030577,2021-06-25 22:20:00,2021,6,25,22,20,19,19031,THIERS (AVENUE),45.15755,1.54036,Nuit sans éclairage public,En agglomération,Intersection en X,Normale,Deux véhicules - côté,4,2,2,0,1,1,1,5,1,50,,2,1,0,0,1,23.0,66.0,,,3,2,2,1,3
202100030578,2021-07-05 23:09:00,2021,7,5,23,9,17,17306,HEDDE (AVENUE DANIEL),45.63181,-1.03186,Nuit avec éclairage allumé,En agglomération,Hors intersection,Normale,Autre collision,3,3,4,0,4,1,1,5,1,50,,1,0,0,0,1,27.0,,,,5,2,1,1,6
202100030579,2021-07-05 16:47:00,2021,7,5,16,47,17,17306,LOTI PIERRE,45.624551,-1.029605,Plein jour,En agglomération,Intersection en X,Normale,Autre collision,4,1,3,0,1,1,1,5,1,50,,3,2,0,0,1,79.0,,,,1,2,2,1,6
202100030580,2021-07-05 18:05:00,2021,7,5,18,5,14,14118,Avenue Père Charles de Foucauld,49.16136,-0.36199,Plein jour,En agglomération,Hors intersection,Pluie légère,Autre collision,4,1,1,0,1,1,2,9,1,50,,2,1,0,0,1,60.0,,,,1,2,1,2,6