accident_id,datetime,annee,mois,jour,heure,minute,departement,commune_insee,adresse,latitude,longitude,luminosite,agglomeration,intersection,meteo,collision,catr,circ,nbv,vosp,prof,plan,surf,infra,situ,vma,nb_vehicules,nb_usagers,nb_indemnes,nb_tues,nb_blesses_hosp,nb_blesses_legers,age_cond_1,age_cond_2,veh_type_cond_1,veh_type_cond_2,lum_code,agg_code,int_code,atm_code,col_code
202100030581,2021-07-05 15:20:00,2021,7,5,15,20,13,13106,VICTOR ROMAN (AVENUE),43.39264,5.37142,Plein jour,En agglomération,Hors intersection,Normale,Deux véhicules - frontale,4,2,1,0,2,2,1,0,1,50,,2,1,0,0,1,54.0,75.0,,,1,2,1,1,1
202100030582,2021-07-05 22:40:00,2021,7,5,22,40,13,13207,Corniche John Fitzgérald Kennedy,43.28105,5.3516,Nuit avec éclairage allumé,En agglomération,Hors intersection,Normale,Deux véhicules - côté,4,2,2,0,1,1,1,0,1,50,,2,0,0,1,1,21.0,,,,5,2,1,1,3
202100030583,2021-07-05 15:30:00,2021,7,5,15,30,13,13212,SAINT JEAN DU DESERT (chemin),43.2939620506,5.4112510763,Plein jour,En agglomération,Hors intersection,Normale,Deux véhicules - côté,4,-1,2,0,2,1,1,0,1,50,,2,1,0,0,1,21.0,36.0,,,1,2,1,1,3
202100030584,2021-07-05 14:25:00,2021,7,5,14,25,13,13208,PRADO (AVENUE DU),43.275,5.391,Plein jour,En agglomération,Hors intersection,Normale,Deux véhicules - côté,4,-1,6,0,1,1,1,0,1,50,,2,1,0,0,1,20.0,50.0,,,1,2,1,1,3
202100030585,2021-07-03 23:30:00,2021,7,3,23,30,13,13005,NATIONALE 8 DE PARIS A TOULON (ROUTE),43.28704,5.5844,Nuit sans éclairage public,En agglomération,Autre intersection,Normale,Autre collision,7,2,3,0,1,2,1,0,1,50,,5,0,0,0,5,19.0,64.0,,,3,2,9,1,6
202100030586,2021-07-04 20:15:00,2021,7,4,20,15,10,10362,GABRIEL THIERRY (RUE),48.29859,4.0446,Plein jour,En agglomération,Hors intersection,Normale,Autre collision,4,1,2,1,1,1,1,0,1,50,,1,0,0,0,1,22.0,,,,1,2,1,1,6
202100030587,2021-07-05 09:15:00,2021,7,5,9,15,09,09225,Route d’Escosse,43.129209,1.604019,Plein jour,Hors agglomération,Hors intersection,Normale,Autre collision,3,2,2,0,1,3,9,9,3,80,,2,0,0,0,2,83.0,,,,1,1,1,1,6
202100030588,2021-07-05 00:55:00,2021,7,5,0,55,09,09225,ROUTE NATIONALE 20 (VOIE RAPIDE),43.100928,1.633015,Nuit sans éclairage public,Hors agglomération,Hors intersection,Normale,Deux véhicules - arrière,2,3,4,0,1,1,1,0,1,110,,2,0,1,0,1,24.0,61.0,,,3,1,1,1,2
202100030589,2021-07-01 16:45:00,2021,7,1,16,45,09,09013,20 (R.N.) COTE NORD DU TUNNEL,42.980849,1.62322,Plein jour,Hors agglomération,Hors intersection,Normale,Trois véhicules et plus - en chaîne,2,2,2,0,1,1,1,8,1,70,,5,4,0,1,0,66.0,68.0,,,1,1,1,1,4
202100030590,2021-07-02 11:50:00,2021,7,2,11,50,06,06027,PLAGE BOULEVARD DE LA,43.651507,7.153151,Plein jour,En agglomération,Hors intersection,Normale,Deux véhicules - côté,7,1,2,0,1,1,1,0,1,50,,2,1,0,0,1,70.0,45.0,,,1,2,1,1,3
202100030591,2021-07-04 21:45:00,2021,7,4,21,45,05,05061,Bernard GIVAUDAN (Avenue) D900B,44.54317,6.06509,Crépuscule ou aube,En agglomération,Giratoire,Normale,Autre collision,3,2,2,0,1,1,1,0,1,50,,1,0,0,1,0,48.0,,,,2,2,6,1,6
202100030592,2021-07-03 10:40:00,2021,7,3,10,40,05,05061,MARECHAL FOCH ( AVENUE DU ),44.56398,6.08875,Plein jour,En agglomération,Hors intersection,Normale,Deux véhicules - côté,2,2,3,0,1,1,1,0,1,50,,3,1,0,0,2,45.0,34.0,,,1,2,1,1,3
202100030593,2021-07-05 19:05:00,2021,7,5,19,5,01,01053,MAGINOT ( AVENUE) COTE PAIR,46.20983,5.22734,Plein jour,En agglomération,Intersection en X,Normale,Deux véhicules - côté,3,2,3,0,1,1,1,0,1,50,,3,1,0,0,2,53.0,21.0,,,1,2,2,1,3
202100030594,2021-07-05 21:35:00,2021,7,5,21,35,75,75120,RUE DE BELLEVILLE,48.872852,2.379851,Nuit avec éclairage allumé,En agglomération,Intersection en X,Normale,Deux véhicules - arrière,4,2,2,0,2,1,1,0,1,50,,2,1,0,0,1,22.0,,,,5,2,2,1,2
202100030595,2021-07-05 12:40:00,2021,7,5,12,40,75,75118,RUE DE CLIGNANCOURT,48.891716,2.34873,Plein jour,En agglomération,Intersection en X,Normale,Deux véhicules - arrière,4,1,1,0,1,1,1,0,1,50,,2,1,0,0,1,35.0,49.0,,,1,2,2,1,2
202100030596,2021-07-05 01:46:00,2021,7,5,1,46,75,75118,RUE DU SIMPLON,48.893597,2.351017,Nuit avec éclairage allumé,En agglomération,Intersection en X,Pluie légère,Autre collision,4,1,1,0,1,1,2,0,1,30,,1,0,0,0,1,46.0,,,,5,2,2,2,6
202100030597,2021-07-04 13:15:00,2021,7,4,13,15,75,75118,RUE DE LA CHAPELLE,48.898532,2.359384,Plein jour,En agglomération,Intersection en X,Pluie légère,Deux véhicules - côté,4,3,3,3,1,1,2,0,6,50,,4,2,0,0,2,52.0,35.0,,,1,2,2,2,3
202100030598,2021-07-05 15:10:00,2021,7,5,15,10,75,75116,ALLEE DU BORD DE L EAU,48.85335,2.226424,Plein jour,En agglomération,Intersection en T,Normale,Deux véhicules - côté,4,2,2,1,1,1,1,0,5,50,,2,1,0,0,1,40.0,41.0,,,1,2,3,1,3
202100030599,2021-07-05 14:45:00,2021,7,5,14,45,75,75111,BOULEVARD VOLTAIRE,48.864836,2.368312,Plein jour,En agglomération,Hors intersection,Normale,Deux véhicules - côté,4,2,4,1,1,1,1,0,5,30,,2,1,0,0,1,64.0,,,,1,2,1,1,3
202100030600,2021-07-05 14:05:00,2021,7,5,14,5,75,75103,RUE REAUMUR,48.86499,2.358264,Plein jour,En agglomération,Intersection en T,Normale,Deux véhicules - côté,4,1,3,0,1,1,1,0,1,50,,2,1,0,0,1,26.0,43.0,,,1,2,3,1,3
202100030601,2021-07-05 10:10:00,2021,7,5,10,10,75,75104,BOULEVARD HENRI IV,48.850825,2.361428,Plein jour,En agglomération,Intersection en X,Normale,Deux véhicules - arrière,4,-1,4,0,1,1,1,0,1,50,,2,0,0,0,2,36.0,58.0,,,1,2,2,1,2
202100030602,2021-07-05 14:45:00,2021,7,5,14,45,94,94068,Avenue Raspail,48.7858494742,2.4917292595,Plein jour,En agglomération,Hors intersection,Normale,Autre collision,4,1,1,0,1,1,3,0,4,30,,2,1,0,0,1,20.0,,,,1,2,1,1,6
202100030603,2021-07-05 20:39:00,2021,7,5,20,39,94,94046,JEAN JAURES (R),48.7949252045,2.4337935448,Plein jour,En agglomération,Autre intersection,Normale,Autre collision,4,-1,4,3,1,1,1,6,6,50,,2,1,0,0,1,,,,,1,2,9,1,6
202100030604,2021-07-05 13:00:00,2021,7,5,13,0,94,94073,ESPAGNE (RPT D),48.7543,2.3751,Plein jour,En agglomération,Intersection en X,Normale,Deux véhicules - côté,2,1,2,0,1,1,1,0,1,50,,5,2,0,0,3,31.0,37.0,,,1,2,2,1,3
202100030605,2021-07-05 00:40:00,2021,7,5,0,40,94,94017,GENERAL DE GAULLE (AV DU),48.82374,2.49613,Nuit avec éclairage allumé,En agglomération,Hors intersection,Autre,Deux véhicules - arrière,3,2,3,0,1,1,2,0,1,50,,2,1,0,0,1,39.0,58.0,,,5,2,1,9,2
202100030606,2021-07-05 07:45:00,2021,7,5,7,45,93,93066,LAMAZE DOCTEUR,48.93582,2.37219,Plein jour,Hors agglomération,Hors intersection,Pluie légère,Deux véhicules - arrière,3,2,8,0,2,1,2,0,1,50,,2,1,0,0,1,42.0,21.0,,,1,1,1,2,2
202100030607,2021-07-05 17:50:00,2021,7,5,17,50,93,93064,REPUBLIQUE (AVENUE DE LA),48.86744,2.48461,Plein jour,En agglomération,Hors intersection,Normale,Autre collision,3,2,2,0,1,3,1,0,4,50,,1,0,0,0,1,30.0,,,,1,2,1,1,6
202100030608,2021-07-05 00:50:00,2021,7,5,0,50,93,93008,BALZAC (RUE),48.91347,2.41646,Nuit avec éclairage allumé,En agglomération,Giratoire,Normale,Autre collision,4,2,8,0,1,1,1,5,1,50,,2,1,0,0,1,27.0,43.0,,,5,2,6,1,6
202100030609,2021-07-05 02:50:00,2021,7,5,2,50,93,93007,PABLO NERUDA (ROND-POINT),48.9501534941,2.4666824456,Nuit avec éclairage allumé,En agglomération,Giratoire,Pluie légère,Deux véhicules - côté,3,1,3,0,1,1,2,0,1,50,,2,1,0,0,1,19.0,21.0,,,5,2,6,2,3
202100030610,2021-07-01 18:15:00,2021,7,1,18,15,92,92063,COLMAR (AVENUE DE),48.8875657687,2.1849247813,Plein jour,En agglomération,Hors intersection,Normale,Deux véhicules - arrière,3,3,4,0,1,1,1,0,1,50,,3,2,0,0,1,76.0,32.0,,,1,2,1,1,2
202100030611,2021-07-05 20:10:00,2021,7,5,20,10,92,92049,BRIAND AVENUE ARISTIDE N°2 A 114,48.8180912327,2.3254618049,Plein jour,En agglomération,Hors intersection,Temps couvert,Autre collision,3,1,1,0,1,1,1,0,1,50,,2,1,0,0,1,49.0,,,,1,2,1,8,6
202100030612,2021-03-19 18:15:00,2021,3,19,18,15,14,14570,Route du Val Andrieu,49.093413,0.33632,Plein jour,Hors agglomération,Hors intersection,Normale,Deux véhicules - frontale,4,2,2,0,1,3,1,0,1,80,,2,1,0,1,0,87.0,25.0,,,1,1,1,1,1
202100030613,2021-03-08 19:08:00,2021,3,8,19,8,14,14384,Avenue Lecuyer,49.320769,-0.359277,Nuit avec éclairage allumé,En agglomération,Hors intersection,Normale,Deux véhicules - arrière,4,2,2,0,1,2,1,0,4,50,,4,3,0,0,1,31.0,24.0,,,5,2,1,1,2
202100030614,2021-07-02 18:00:00,2021,7,2,18,0,13,13212,LA FOURRAGERE (AVENUE),43.2987,5.43108,Plein jour,En agglomération,Hors intersection,Normale,Deux véhicules - côté,4,2,2,0,2,1,1,0,1,50,,2,1,0,0,1,34.0,,,,1,2,1,1,3
202100030615,2021-07-05 17:30:00,2021,7,5,17,30,92,92004,ARGENTEUIL AV D',48.9166157918,2.2821334004,Plein jour,En agglomération,Hors intersection,Normale,Autre collision,3,2,2,0,1,1,1,0,1,50,,2,1,0,0,1,71.0,,,,1,2,1,1,6
202100030616,2021-07-06 11:20:00,2021,7,6,11,20,07,07005,D107,44.557749,4.60259,Plein jour,Hors agglomération,Hors intersection,Normale,Deux véhicules - arrière,3,2,2,0,1,1,1,0,1,80,,3,2,0,1,0,22.0,38.0,,,1,1,1,1,2
202100030617,2021-07-05 23:05:00,2021,7,5,23,5,972,97204,N2,14.685481,-61.165609,Nuit sans éclairage public,Hors agglomération,Hors intersection,Normale,Deux véhicules - frontale,2,2,2,0,2,3,1,0,1,80,,3,0,0,1,2,30.0,48.0,,,3,1,1,1,1
202100030618,2021-07-05 09:10:00,2021,7,5,9,10,46,46263,lieu ventaurel SAINT DAUNES,44.362151,1.228151,Plein jour,Hors agglomération,Hors intersection,Normale,Autre collision,3,2,2,0,2,2,1,0,3,80,,5,2,0,0,3,21.0,,,,1,1,1,1,6
202100030619,2021-07-05 09:50:00,2021,7,5,9,50,01,01446,Chemin de Chanteins,46.030372,4.88632,Plein jour,Hors agglomération,Intersection en X,Normale,Trois véhicules et plus - collisions multiples,4,2,1,0,1,1,1,0,1,50,,3,1,0,2,0,19.0,79.0,,,1,1,2,1,5
202100030620,2021-07-05 10:29:00,2021,7,5,10,29,68,68144,13 Rue Principale,47.760319,7.504204,Plein jour,En agglomération,Hors intersection,Pluie forte,Autre collision,3,2,2,0,1,2,2,0,4,30,,1,0,0,0,1,15.0,,,,1,2,1,3,6
202100030621,2021-07-03 10:50:00,2021,7,3,10,50,62,62491,Rue du Général de Gaulle,50.628138,2.771534,Plein jour,En agglomération,Intersection en X,Normale,Autre collision,3,2,2,0,1,1,1,5,1,50,,2,1,0,1,0,23.0,,,,1,2,2,1,6
202100030622,2021-06-15 22:15:00,2021,6,15,22,15,62,62736,1173 Rue de la Lys,50.658544,2.770863,Nuit avec éclairage allumé,En agglomération,Hors intersection,Normale,Deux véhicules - côté,3,2,2,0,1,1,1,0,4,50,,2,1,0,1,0,,52.0,,,5,2,1,1,3
202100030623,2021-07-06 11:15:00,2021,7,6,11,15,62,62230,route nationale 42,50.742009,1.833928,Plein jour,Hors agglomération,Hors intersection,Vent fort / tempête,Sans collision,2,3,4,3,1,2,1,0,1,110,,1,0,0,0,1,37.0,,,,1,1,1,6,7
202100030624,2021-07-05 14:45:00,2021,7,5,14,45,51,51454,A34,49.253549,4.084597,Plein jour,Hors agglomération,Hors intersection,Normale,Sans collision,1,3,4,0,1,1,1,0,1,-1,,1,0,0,1,0,37.0,,,,1,1,1,1,7
202100030625,2021-07-05 20:45:00,2021,7,5,20,45,19,19005,Carrefour D 34 - Route de gauch,45.2570535736,1.4874190593,Plein jour,Hors agglomération,Hors intersection,Normale,Deux véhicules - côté,3,2,2,0,1,4,1,0,1,90,,3,2,0,1,0,17.0,37.0,,,1,1,1,1,3
202100030626,2021-07-05 23:24:00,2021,7,5,23,24,79,79195,44 Avenue Saint-Hubert,46.946591,-0.594123,Nuit avec éclairage allumé,En agglomération,Giratoire,Temps couvert,Autre collision,3,2,2,0,1,1,1,0,4,50,,2,0,0,2,0,15.0,,,,5,2,6,8,6
202100030627,2021-07-06 16:00:00,2021,7,6,16,0,81,81062,Lieu Dit la Font frège,43.680842,2.475652,Plein jour,Hors agglomération,Hors intersection,Normale,Autre collision,3,2,2,0,1,3,1,0,1,90,,1,0,0,1,0,66.0,,,,1,1,1,1,6
202100030628,2021-07-05 08:20:00,2021,7,5,8,20,89,89254,D965,47.709993,3.200712,Plein jour,Hors agglomération,Hors intersection,Pluie légère,Deux véhicules - frontale,3,2,2,0,1,1,2,0,1,80,,3,0,0,0,3,65.0,41.0,,,1,1,1,2,1
202100030629,2021-07-05 21:10:00,2021,7,5,21,10,63,63453,D10,45.783335,3.308076,Plein jour,Hors agglomération,Passage à niveau,Normale,Sans collision,3,2,2,0,1,3,1,4,3,80,,4,0,0,2,2,20.0,,,,1,1,8,1,7
202100030630,2021-06-16 07:10:00,2021,6,16,7,10,63,63334,D997,45.666718,3.485439,Plein jour,Hors agglomération,Hors intersection,Normale,Deux véhicules - frontale,3,2,2,0,2,2,1,0,1,80,,2,1,0,0,1,28.0,43.0,,,1,1,1,1,1
202100030631,2021-07-06 12:15:00,2021,7,6,12,15,61,61096,Lieu Dit la Hubaudiere,48.544146,-0.400679,Plein jour,Hors agglomération,Intersection en T,Normale,Deux véhicules - côté,3,2,2,0,1,1,1,0,1,90,,2,1,0,1,0,43.0,28.0,,,1,1,3,1,3
202100030632,2021-07-03 23:30:00,2021,7,3,23,30,61,61070,Le Vieux Caligny,48.815526,-0.6218,Nuit sans éclairage public,Hors agglomération,Hors intersection,Normale,Sans collision,3,2,2,0,1,1,1,0,3,90,,1,0,0,1,0,60.0,,,,3,1,1,1,7
202100030633,2021-07-06 08:10:00,2021,7,6,8,10,49,49374,Route de Tours,47.251381,-0.026168,Plein jour,Hors agglomération,Intersection en Y,Normale,Deux véhicules - côté,3,2,2,0,1,1,1,0,1,80,,2,1,0,1,0,34.0,46.0,,,1,1,4,1,3
202100030634,2021-07-06 18:00:00,2021,7,6,18,0,12,12025,RD117,43.843434,2.733407,Plein jour,Hors agglomération,Hors intersection,Normale,Autre collision,3,2,2,0,1,2,1,0,3,80,,1,0,1,0,0,90.0,,,,1,1,1,1,6
202100030635,2021-07-05 18:20:00,2021,7,5,18,20,47,47030,D224,44.288807,0.870624,Plein jour,Hors agglomération,Hors intersection,Normale,Autre collision,3,2,1,0,2,1,1,0,1,80,,4,3,0,1,0,45.0,,,,1,1,1,1,6
202100030636,2021-07-05 19:30:00,2021,7,5,19,30,35,35302,D125,48.188253,-2.169585,Plein jour,Hors agglomération,Hors intersection,Pluie forte,Deux véhicules - frontale,3,2,2,0,1,1,2,2,1,80,,2,1,0,0,1,20.0,19.0,,,1,1,1,3,1
202100030637,2021-07-05 00:20:00,2021,7,5,0,20,34,34154,D62,43.554532,4.007553,Nuit sans éclairage public,Hors agglomération,Hors intersection,Normale,Deux véhicules - arrière,3,3,4,0,1,1,1,0,1,110,,3,1,0,2,0,25.0,34.0,,,3,1,1,1,2
202100030638,2021-07-05 18:30:00,2021,7,5,18,30,31,31174,Pujos,43.033192,0.821217,Plein jour,En agglomération,Hors intersection,Normale,Deux véhicules - arrière,3,2,2,0,4,2,1,0,1,50,,3,2,0,1,0,72.0,25.0,,,1,2,1,1,2
202100030639,2021-07-05 13:30:00,2021,7,5,13,30,38,38130,Route de la Gare,45.36631,5.264036,Plein jour,Hors agglomération,Hors intersection,Normale,Deux véhicules - frontale,3,2,2,0,1,1,1,0,1,80,,2,1,0,0,1,46.0,24.0,,,1,1,1,1,1
202100030640,2021-07-02 18:00:00,2021,7,2,18,0,02,02452,D735,49.886385,3.19339,Plein jour,Hors agglomération,Hors intersection,Normale,Deux véhicules - frontale,4,2,2,0,2,2,1,0,1,80,,2,1,1,0,0,45.0,59.0,,,1,1,1,1,1
202100030641,2021-06-20 17:35:00,2021,6,20,17,35,01,01368,D2,46.194712,4.954072,Plein jour,Hors agglomération,Intersection en T,Pluie légère,Autre collision,3,2,1,0,1,3,2,0,1,80,,1,0,0,0,1,80.0,,,,1,1,3,2,6
202100030642,2021-07-01 12:15:00,2021,7,1,12,15,70,70421,17 rue de l'église,47.690403,6.043242,Plein jour,En agglomération,Hors intersection,Normale,Sans collision,3,2,2,0,1,1,1,0,1,50,,1,0,1,0,0,71.0,,,,1,2,1,1,7
202100030643,2021-07-05 09:30:00,2021,7,5,9,30,14,14514,D579,49.297272,0.187736,Plein jour,En agglomération,Hors intersection,Normale,Trois véhicules et plus - en chaîne,3,2,2,0,1,1,1,0,1,30,,3,2,0,0,1,34.0,86.0,,,1,2,1,1,4
202100030644,2021-07-06 07:30:00,2021,7,6,7,30,64,64066,D918,43.204413,-1.273888,Crépuscule ou aube,Hors agglomération,Hors intersection,Pluie légère,Deux véhicules - frontale,3,2,2,0,1,3,2,0,1,80,,2,1,0,0,1,22.0,28.0,,,2,1,1,2,1
202100030645,2021-07-05 16:35:00,2021,7,5,16,35,10,10104,D444,48.149653,4.127855,Plein jour,Hors agglomération,Hors intersection,Normale,Deux véhicules - frontale,3,2,2,0,1,4,1,0,1,80,,2,1,0,1,0,57.0,51.0,,,1,1,1,1,1
202100030646,2021-07-05 16:30:00,2021,7,5,16,30,36,36088,Rue Louis Aragon,46.954334,1.998943,Plein jour,En agglomération,Place,Normale,Autre collision,6,-1,-1,0,4,2,1,0,4,50,,2,1,0,0,1,35.0,,,,1,2,7,1,6
202100030647,2021-07-05 18:15:00,2021,7,5,18,15,21,21489,D901,47.596274,4.772138,Plein jour,Hors agglomération,Hors intersection,Normale,Autre collision,3,2,2,0,1,1,1,0,3,90,,1,0,1,0,0,33.0,,,,1,1,1,1,6
202100030648,2021-06-04 19:50:00,2021,6,4,19,50,978,97801,"route nationale 7, baie orientale",18.087989,-63.028457,Nuit sans éclairage public,En agglomération,Hors intersection,Normale,Deux véhicules - frontale,2,2,2,0,2,4,1,9,1,70,,3,2,1,0,0,53.0,33.0,,,3,2,1,1,1
202100030649,2021-07-05 16:05:00,2021,7,5,16,5,13,13051,Route Departementale 10,43.544903,5.136804,Plein jour,Hors agglomération,Hors intersection,Normale,Deux véhicules - frontale,7,2,2,0,1,3,1,0,1,80,,2,0,0,1,1,21.0,71.0,,,1,1,1,1,1
202100030650,2021-07-06 10:17:00,2021,7,6,10,17,973,97309,Route de Remire (rd2),4.908126,-52.272788,Plein jour,En agglomération,Hors intersection,Normale,Autre collision,3,2,2,2,1,1,1,0,1,50,,2,1,1,0,0,26.0,,,,1,2,1,1,6
202100030651,2021-06-29 00:00:00,2021,6,29,0,0,42,42279,D498,45.518027,4.269707,Nuit sans éclairage public,Hors agglomération,Hors intersection,Temps couvert,Trois véhicules et plus - en chaîne,3,3,4,0,1,1,2,2,1,110,,5,1,0,1,3,20.0,24.0,,,3,1,1,8,4
202100030652,2021-07-05 17:30:00,2021,7,5,17,30,06,06027,A8 Sortie 48 PK 181.238 Nord,43.66039,7.151198,Plein jour,Hors agglomération,Hors intersection,Normale,Trois véhicules et plus - en chaîne,1,3,5,0,1,3,1,0,1,50,,3,2,0,1,0,53.0,48.0,,,1,1,1,1,4
202100030653,2021-07-03 16:30:00,2021,7,3,16,30,976,97606,D4,-12.93512,45.126724,Plein jour,Hors agglomération,Hors intersection,Normale,Deux véhicules - arrière,3,2,2,0,1,1,1,0,1,70,,2,1,0,1,0,27.0,16.0,,,1,1,1,1,2
202100030654,2021-07-05 14:30:00,2021,7,5,14,30,57,57596,A320,49.162638,6.859031,Plein jour,Hors agglomération,Hors intersection,Normale,Deux véhicules - côté,1,1,4,0,2,3,2,2,8,110,,3,1,0,2,0,24.0,46.0,,,1,1,1,1,3
202100030655,2021-07-05 22:25:00,2021,7,5,22,25,34,34143,a9,43.465434,3.633299,Nuit sans éclairage public,Hors agglomération,Hors intersection,Normale,Deux véhicules - arrière,1,3,2,0,1,1,1,0,1,130,,4,0,1,2,1,32.0,23.0,,,3,1,1,1,2
202100030656,2021-07-01 00:30:00,2021,7,1,0,30,69,69206,A6,46.042706,4.727018,Nuit sans éclairage public,Hors agglomération,Hors intersection,Normale,Trois véhicules et plus - collisions multiples,1,3,6,0,1,1,1,0,1,130,,7,3,3,1,0,84.0,67.0,,,3,1,1,1,5
202100030657,2021-07-02 18:05:00,2021,7,2,18,5,13,13001,autoroute A8 point kilométrique 15+790 sens nord/sud,43.527673,5.400295,Plein jour,Hors agglomération,Hors intersection,Normale,Deux véhicules - côté,1,1,5,0,2,1,1,0,1,110,,2,1,0,0,1,62.0,28.0,,,1,1,1,1,3
202100030658,2021-07-05 13:40:00,2021,7,5,13,40,974,97417,63 Route Nationale 2 Basse Vallee,-21.370972,55.712512,Plein jour,En agglomération,Hors intersection,Normale,Deux véhicules - côté,2,2,2,0,1,1,1,0,1,50,,2,1,0,0,1,49.0,62.0,,,1,2,1,1,3
202100030659,2021-07-05 15:05:00,2021,7,5,15,5,974,97415,Rue du Général de Gaulle,-21.051417,55.225702,Plein jour,En agglomération,Hors intersection,Normale,Autre collision,4,2,2,0,1,1,1,0,1,50,,2,1,0,0,1,24.0,36.0,,,1,2,1,1,6
202100030660,2021-07-06 16:30:00,2021,7,6,16,30,2B,2B298,RD 81 à proximité du garage PEUGEOT,42.677545,9.302807,Plein jour,En agglomération,Hors intersection,Normale,Deux véhicules - frontale,3,2,2,0,1,1,1,0,1,50,,1,0,0,1,0,18.0,,,,1,2,1,1,1
202100030661,2021-07-06 06:05:00,2021,7,6,6,5,2A,2A247,Route de Piccovaggia,41.59314,9.315226,Crépuscule ou aube,Hors agglomération,Hors intersection,Normale,Sans collision,3,2,2,0,2,2,1,0,3,70,,3,2,0,0,1,27.0,,,,2,1,1,1,7
202100030662,2021-07-04 12:40:00,2021,7,4,12,40,83,83068,323 Route du Littoral,43.270323,6.573186,Plein jour,Hors agglomération,Hors intersection,Normale,Deux véhicules - arrière,3,2,2,0,1,1,1,0,1,70,,2,1,0,1,0,60.0,59.0,,,1,1,1,1,2
202100030663,2021-07-06 11:00:00,2021,7,6,11,0,71,71283,D6,46.710843,4.93155,Plein jour,Hors agglomération,Hors intersection,Pluie légère,Deux véhicules - côté,3,2,2,0,2,1,2,2,1,80,,2,1,1,0,0,34.0,56.0,,,1,1,1,2,3
202100030664,2021-07-05 21:15:00,2021,7,5,21,15,55,55366,D35,48.814833,5.111561,Crépuscule ou aube,Hors agglomération,Hors intersection,Normale,Deux véhicules - côté,3,2,2,0,2,3,1,0,1,80,,2,1,0,0,1,21.0,70.0,,,2,1,1,1,3
202100030665,2021-07-06 15:30:00,2021,7,6,15,30,03,03235,Le Pont de Pierre,46.272387,3.50731,Plein jour,Hors agglomération,Intersection en T,Temps couvert,Deux véhicules - côté,3,2,1,0,1,3,1,0,3,90,,2,1,0,0,1,51.0,39.0,,,1,1,3,8,3
202100030666,2021-07-04 09:00:00,2021,7,4,9,0,73,73047,D902 Col de l'Iseran (Col de montagne),45.392574,7.045305,Plein jour,Hors agglomération,Hors intersection,Temps couvert,Sans collision,3,2,2,0,2,3,1,0,3,80,,1,0,0,1,0,57.0,,,,1,1,1,8,7
202100030667,2021-07-05 18:55:00,2021,7,5,18,55,81,81105,30 Avenue Gambetta,43.760115,1.988,Plein jour,En agglomération,Hors intersection,Temps éblouissant,Autre collision,3,2,2,0,1,3,1,0,1,50,,2,1,1,0,0,50.0,,,,1,2,1,7,6
202100030668,2021-07-06 14:58:00,2021,7,6,14,58,33,33341,,45.072483,-0.511614,Plein jour,Hors agglomération,Hors intersection,Normale,Deux véhicules - côté,3,2,2,0,1,1,1,0,1,80,,2,1,0,1,0,49.0,61.0,,,1,1,1,1,3
202100030669,2021-07-05 16:30:00,2021,7,5,16,30,49,49301,RN 249 - PK 16+700 - SAINT ANDRE DE LA MARCHE,47.09109,-0.997353,Plein jour,Hors agglomération,Hors intersection,Normale,Deux véhicules - arrière,2,3,4,0,1,1,1,0,1,110,,4,0,0,0,4,20.0,50.0,,,1,1,1,1,2
202100030670,2021-07-05 18:00:00,2021,7,5,18,0,49,49023,Rue du Commerce (andrezé),47.178731,-0.962779,Plein jour,Hors agglomération,Hors intersection,Normale,Autre collision,4,2,2,0,1,1,1,0,1,80,,1,0,1,0,0,43.0,,,,1,1,1,1,6
202100030671,2021-07-04 10:15:00,2021,7,4,10,15,22,22070,rue du maréchal joffre,48.563811,-3.151998,Plein jour,En agglomération,Hors intersection,Normale,Sans collision,3,2,2,0,1,1,2,0,1,50,,1,0,0,1,0,61.0,,,,1,2,1,1,7
202100030672,2021-07-05 17:00:00,2021,7,5,17,0,13,13215,A7-Sens Marseille vers Lyon,43.37528,5.36054,Plein jour,Hors agglomération,Hors intersection,Normale,Sans collision,1,1,2,0,1,1,1,0,1,50,,1,0,0,0,1,43.0,,,,1,1,1,1,7
202100030673,2021-06-27 06:40:00,2021,6,27,6,40,69,69029,D383   7.640 A 11.044,45.73962,4.90481,Plein jour,Hors agglomération,Hors intersection,Normale,Deux véhicules - arrière,7,3,6,0,1,1,1,0,1,70,,2,1,0,0,1,,36.0,,,1,1,1,1,2
202100030674,2021-06-30 15:30:00,2021,6,30,15,30,42,42218,A72,45.44896,4.42224,Plein jour,Hors agglomération,Hors intersection,Normale,Deux véhicules - arrière,1,3,4,0,1,1,1,0,1,90,,3,0,0,0,3,49.0,40.0,,,1,1,1,1,2
202100030675,2021-07-05 16:55:00,2021,7,5,16,55,33,33039,ROUTE NATIONALE 230,44.805688,-0.530334,Plein jour,Hors agglomération,Hors intersection,Normale,Trois véhicules et plus - en chaîne,2,3,6,0,1,1,1,0,1,90,,8,7,0,0,1,29.0,25.0,,,1,1,1,1,4
202100030676,2021-07-04 12:10:00,2021,7,4,12,10,33,33096,AUTOROUTE A10,44.890888,-0.502431,Plein jour,Hors agglomération,Hors intersection,Pluie forte,Deux véhicules - arrière,1,3,6,0,1,1,2,0,1,110,,2,1,0,0,1,37.0,57.0,,,1,1,1,3,2