accident_id,datetime,annee,mois,jour,heure,minute,departement,commune_insee,adresse,latitude,longitude,luminosite,agglomeration,intersection,meteo,collision,catr,circ,nbv,vosp,prof,plan,surf,infra,situ,vma,nb_vehicules,nb_usagers,nb_indemnes,nb_tues,nb_blesses_hosp,nb_blesses_legers,age_cond_1,age_cond_2,veh_type_cond_1,veh_type_cond_2,lum_code,agg_code,int_code,atm_code,col_code
202100030677,2021-07-05 21:59:00,2021,7,5,21,59,91,91521,RN 104,48.63224,2.40113,Nuit sans éclairage public,Hors agglomération,Hors intersection,Normale,Autre collision,2,1,3,0,2,3,1,0,1,70,,1,0,0,0,1,27.0,,,,3,1,1,1,6
202100030678,2021-07-05 08:40:00,2021,7,5,8,40,91,91432,AUTOROUTE A6,48.69082,2.32241,Plein jour,Hors agglomération,Hors intersection,Pluie légère,Deux véhicules - arrière,1,3,3,0,3,1,2,0,1,110,,3,2,0,0,1,22.0,30.0,,,1,1,1,2,2
202100030679,2021-07-05 06:20:00,2021,7,5,6,20,94,94021,AUTOROUTE A6A,48.76372,2.34185,Plein jour,Hors agglomération,Hors intersection,Pluie forte,Autre collision,1,1,3,0,1,3,3,0,1,90,,1,0,0,0,1,44.0,,,,1,1,1,3,6
202100030680,2021-07-04 01:05:00,2021,7,4,1,5,78,78208,RN12 EXT,48.7995,1.9852,Nuit sans éclairage public,Hors agglomération,Hors intersection,Normale,Deux véhicules - arrière,2,-1,2,0,1,1,1,0,1,110,,3,1,0,0,2,62.0,22.0,,,3,1,1,1,2
202100030681,2021-07-05 18:45:00,2021,7,5,18,45,93,93066,AUTOROUTE A86,48.9218358415,2.365490464,Plein jour,Hors agglomération,Hors intersection,Normale,Deux véhicules - côté,1,3,6,0,1,1,1,0,1,90,,2,1,0,0,1,64.0,31.0,,,1,1,1,1,3
202100030682,2021-07-05 08:40:00,2021,7,5,8,40,95,95682,RN 104,49.06827,2.38573,Plein jour,Hors agglomération,Hors intersection,Pluie légère,Deux véhicules - arrière,2,3,4,0,1,2,2,0,1,110,,2,1,0,0,1,58.0,21.0,,,1,1,1,2,2
202100030683,2021-07-05 04:40:00,2021,7,5,4,40,95,95604,A1,49.10172,2.55066,Nuit sans éclairage public,Hors agglomération,Hors intersection,Pluie légère,Trois véhicules et plus - en chaîne,1,3,6,0,1,1,2,0,1,130,,7,4,0,0,3,61.0,60.0,,,3,1,1,2,4
202100030684,2021-07-05 03:30:00,2021,7,5,3,30,95,95604, A1,49.103547,2.551039,Nuit sans éclairage public,Hors agglomération,Hors intersection,Pluie légère,Autre collision,1,3,6,0,1,1,2,0,1,130,,2,0,1,1,0,21.0,,,,3,1,1,2,6
202100030685,2021-07-04 23:30:00,2021,7,4,23,30,93,93078,AUTOROUTE A104,48.95823,2.53013,Nuit sans éclairage public,Hors agglomération,Hors intersection,Pluie légère,Autre collision,1,3,9,0,2,3,2,0,1,70,,1,0,0,0,1,21.0,,,,3,1,1,2,6
202100030686,2021-04-19 16:00:00,2021,4,19,16,0,62,62457,GALLIENI (RUE DU MARECHAL),50.460772,2.55254,Plein jour,En agglomération,Hors intersection,Normale,Deux véhicules - arrière,4,2,1,0,1,1,1,0,1,50,,2,1,0,1,0,23.0,23.0,,,1,2,1,1,2
202100030687,2021-01-08 06:50:00,2021,1,8,6,50,91,91547,Rue du Bois de Mérobert,48.424302,1.963377,Nuit sans éclairage public,Hors agglomération,Hors intersection,Autre,Sans collision,3,2,2,0,1,1,7,5,3,70,,1,0,0,1,0,21.0,,,,3,1,1,9,7
202100030688,2021-01-16 13:00:00,2021,1,16,13,0,91,91103,DEVI DU CD 19,48.57834,2.29886,Plein jour,Hors agglomération,Hors intersection,Neige / grêle,Sans collision,3,1,2,0,1,2,5,0,1,30,,1,0,0,0,1,43.0,,,,1,1,1,4,7
202100030689,2021-07-03 15:50:00,2021,7,3,15,50,976,97611,tsoundzou-Kwalé ( route de ),-12.8085,45.20389,Plein jour,En agglomération,Hors intersection,Normale,Autre collision,2,-1,2,0,1,1,1,0,1,50,,2,1,0,0,1,23.0,,,,1,2,1,1,6
202100030690,2021-06-30 05:05:00,2021,6,30,5,5,971,97105,Parking cora Desmarais,16.0002033431,-61.7192709446,Nuit avec éclairage allumé,En agglomération,Autre intersection,Pluie légère,Autre collision,9,3,2,0,4,3,2,9,1,30,,2,1,0,0,1,55.0,,,,5,2,9,2,6
202100030691,2021-06-30 13:10:00,2021,6,30,13,10,91,91345,RUE MICHEL DE GAILLARD,48.69821,2.29046,Plein jour,En agglomération,Hors intersection,Normale,Autre collision,3,2,0,0,1,1,1,0,1,50,,2,1,0,1,0,53.0,,,,1,2,1,1,6
202100030692,2021-06-30 18:30:00,2021,6,30,18,30,83,83090,GARE (ROUTE DE LA),43.12309,5.82833,Plein jour,En agglomération,Hors intersection,Normale,Autre collision,4,2,2,0,1,1,1,0,1,50,,2,1,1,0,0,30.0,,,,1,2,1,1,6
202100030693,2021-03-09 15:30:00,2021,3,9,15,30,83,83137,15EME CORPS (AVE DU),43.128549,5.912809,Plein jour,En agglomération,Hors intersection,Normale,Autre collision,3,2,1,0,1,1,1,6,1,50,,2,1,0,1,0,61.0,,,,1,2,1,1,6
202100030694,2021-01-30 07:50:00,2021,1,30,7,50,972,97213,ROUTE DEPARTEMENTALE 3,14.64859,-60.98881,Plein jour,Hors agglomération,Hors intersection,Normale,Deux véhicules - côté,3,1,2,0,2,1,1,0,1,500,,2,1,0,0,1,49.0,,,,1,1,1,1,3
202100030695,2021-03-26 18:37:00,2021,3,26,18,37,83,83062,ROUTE NATIONALE 97,43.14993,6.03268,Crépuscule ou aube,Hors agglomération,Hors intersection,Normale,Deux véhicules - côté,7,3,2,0,1,1,1,0,1,70,,2,1,0,0,1,29.0,29.0,,,2,1,1,1,3
202100030696,2021-03-11 16:20:00,2021,3,11,16,20,83,83137,SAINT ROCH (AVE),43.12977,5.92054,Plein jour,En agglomération,Hors intersection,Normale,Deux véhicules - côté,7,2,2,0,1,1,1,0,1,50,,2,1,0,0,1,36.0,29.0,,,1,2,1,1,3
202100030697,2021-03-10 08:55:00,2021,3,10,8,55,74,74012,FLORISSANT (AVENUE),46.1949,6.2442,Plein jour,En agglomération,Hors intersection,Normale,Deux véhicules - côté,4,1,2,3,1,1,1,0,1,50,,2,1,0,1,0,14.0,35.0,,,1,2,1,1,3
202100030698,2021-03-20 15:15:00,2021,3,20,15,15,61,61169,DROULIS (LES),48.72808,-0.61251,Plein jour,Hors agglomération,Hors intersection,Normale,Deux véhicules - arrière,3,2,2,0,1,1,1,0,1,90,,2,1,0,1,0,57.0,57.0,,,1,1,1,1,2
202100030699,2021-03-20 17:45:00,2021,3,20,17,45,26,26058,MOULIN RUE JEAN,44.94802,4.89745,Plein jour,En agglomération,Hors intersection,Normale,Autre collision,4,2,2,0,1,1,1,0,1,50,,4,1,0,2,1,56.0,,,,1,2,1,1,6
202100030700,2021-03-27 14:10:00,2021,3,27,14,10,81,81306,Moulin de Boussac,44.042987,2.246055,Plein jour,Hors agglomération,Hors intersection,Normale,Deux véhicules - frontale,3,2,2,0,2,3,1,0,1,80,,2,1,0,1,0,21.0,50.0,,,1,1,1,1,1
202100030701,2021-03-23 15:30:00,2021,3,23,15,30,01,01351,Rue de la Bresse,46.148737,4.865441,Plein jour,En agglomération,Hors intersection,Normale,Deux véhicules - côté,3,2,2,0,1,3,1,5,1,30,,2,1,0,1,0,15.0,54.0,,,1,2,1,1,3
202100030702,2021-03-09 16:45:00,2021,3,9,16,45,70,70329,N19,47.7361509849,5.7988568544,Plein jour,Hors agglomération,Intersection en X,Pluie légère,Deux véhicules - côté,2,2,2,0,2,1,2,0,1,80,,2,1,0,1,0,23.0,49.0,,,1,1,2,2,3
202100030703,2021-03-17 19:45:00,2021,3,17,19,45,01,01043,Chemin des Baterses,45.8296156768,4.987500608,Nuit avec éclairage non allumé,En agglomération,Passage à niveau,Normale,Deux véhicules - frontale,4,2,2,0,1,1,2,4,6,50,,2,1,0,0,1,20.0,40.0,,,4,2,8,1,1
202100030704,2021-07-03 01:35:00,2021,7,3,1,35,988,98818,RUE JACQUES IEKAWE/RUE MAX MEYER,-22.22285,166.48128,Nuit avec éclairage allumé,En agglomération,Intersection en T,Normale,Deux véhicules - arrière,4,2,2,0,1,1,1,0,1,50,,2,1,0,0,1,30.0,51.0,,,5,2,3,1,2
202100030705,2021-07-01 19:50:00,2021,7,1,19,50,988,98818,RUE JACQUES IEKAWE,-22.22397,166.48107,Nuit avec éclairage allumé,En agglomération,Hors intersection,Pluie légère,Deux véhicules - frontale,4,2,2,0,2,1,2,2,1,50,,3,1,0,0,2,56.0,68.0,,,5,2,1,2,1
202100030706,2021-07-01 09:40:00,2021,7,1,9,40,988,98818,AVENUE DU MARECHAL FOCH/AVENUE DE LA VICTOIRE H. LAFLEUR,-22.27435,166.44283,Plein jour,En agglomération,Intersection en X,Normale,Deux véhicules - côté,4,3,5,0,1,1,1,5,1,50,,2,1,0,1,0,50.0,52.0,,,1,2,2,1,3
202100030707,2021-06-29 13:20:00,2021,6,29,13,20,988,98818,VOIE DE DEGAGEMENT EST,-22.28014,166.46564,Plein jour,En agglomération,Hors intersection,Temps couvert,Trois véhicules et plus - collisions multiples,4,2,2,0,1,3,1,0,1,50,,3,1,0,0,2,26.0,42.0,,,1,2,1,8,5
202100030708,2021-07-01 22:25:00,2021,7,1,22,25,987,98735,PRINCE HINOI (AVENUE),-17.53435,-149.56198,Nuit avec éclairage allumé,En agglomération,Hors intersection,Normale,Autre collision,4,3,4,0,1,1,1,0,8,50,,1,0,1,0,0,30.0,,,,5,2,1,1,6
202100030709,2021-07-04 19:20:00,2021,7,4,19,20,976,97611,kaweni-Kaweni nord ( Z I ),-12.77586,45.22647,Nuit sans éclairage public,En agglomération,Hors intersection,Normale,Sans collision,2,2,0,0,1,1,1,0,1,50,,2,1,0,0,1,57.0,,,,3,2,1,1,7
202100030710,2021-07-02 17:10:00,2021,7,2,17,10,976,97611,mamoudzou centre-Rassi Boina Kaïm (rue),-12.77597,45.23047,Plein jour,Hors agglomération,Hors intersection,Normale,Deux véhicules - côté,2,2,0,0,1,1,1,0,1,50,,2,1,0,0,1,26.0,28.0,,,1,1,1,1,3
202100030711,2021-07-01 14:00:00,2021,7,1,14,0,976,97610,Hauts Vallons - Majicavo ( rue des),-12.75504,45.23283,Plein jour,En agglomération,Hors intersection,Normale,Deux véhicules - côté,4,2,0,0,1,1,1,0,1,50,,2,0,0,0,2,28.0,16.0,,,1,2,1,1,3
202100030712,2021-06-30 18:40:00,2021,6,30,18,40,976,97611,kaweni-Europe (avenue),-12.77144,45.22453,Nuit avec éclairage allumé,En agglomération,Hors intersection,Normale,Deux véhicules - frontale,2,2,0,0,1,1,1,0,1,50,,2,1,0,0,1,29.0,23.0,,,5,2,1,1,1
202100030713,2021-07-03 16:55:00,2021,7,3,16,55,974,97416,TERRE DES CHENES (CHEMIN),-21.31878,55.55051,Plein jour,Hors agglomération,Hors intersection,Normale,Sans collision,4,-1,2,0,2,2,1,0,1,50,,2,1,0,0,1,24.0,,,,1,1,1,1,7
202100030714,2021-07-01 16:55:00,2021,7,1,16,55,974,97416,LENORMAND(CHEMIN),-21.27975,55.47133,Plein jour,Hors agglomération,Hors intersection,Normale,Deux véhicules - frontale,4,2,2,0,1,1,1,0,1,30,,2,0,0,0,2,34.0,,,,1,1,1,1,1
202100030715,2021-07-01 15:00:00,2021,7,1,15,0,974,97416,RN1 (ROUTE NATIONALE),-21.30103,55.42455,Plein jour,Hors agglomération,Hors intersection,Normale,Deux véhicules - arrière,2,1,2,0,1,3,1,0,1,90,,2,1,0,0,1,22.0,22.0,,,1,1,1,1,2
202100030716,2021-06-29 17:20:00,2021,6,29,17,20,974,97416,POUDRIERE(RUE DE LA),-21.3346656861,55.4565757513,Plein jour,Hors agglomération,Hors intersection,Autre,Deux véhicules - côté,4,2,1,0,1,1,1,0,1,50,,3,2,0,1,0,42.0,,,,1,1,1,9,3
202100030717,2021-07-02 23:30:00,2021,7,2,23,30,974,97411,JAURES (BLD 2 JEAN),-20.90261,55.50056,Nuit avec éclairage allumé,En agglomération,Hors intersection,Normale,Deux véhicules - frontale,4,3,4,0,2,2,2,0,4,70,,1,0,0,0,1,38.0,,,,5,2,1,1,1
202100030718,2021-07-01 17:10:00,2021,7,1,17,10,974,97411,JAURES (BOULEVARD JEAN),-20.88843,55.44729,Plein jour,En agglomération,Intersection en X,Normale,Deux véhicules - côté,2,3,4,0,2,1,1,0,1,50,,7,4,0,0,3,32.0,25.0,,,1,2,2,1,3
202100030719,2021-07-01 16:10:00,2021,7,1,16,10,974,97411,GARE ROUTIERE (DE LA),-20.87565,55.45555,Plein jour,En agglomération,Hors intersection,Normale,Deux véhicules - côté,9,-1,1,0,1,1,1,9,8,30,,2,0,0,0,2,60.0,,,,1,2,1,1,3
202100030720,2021-06-30 01:10:00,2021,6,30,1,10,974,97411,JAURES (BOULEVARD JEAN),-20.89072,55.46571,Nuit avec éclairage allumé,En agglomération,Autre intersection,Normale,Autre collision,2,1,3,0,4,3,1,0,1,70,,2,0,1,0,1,23.0,,,,5,2,9,1,6
202100030721,2021-06-29 14:40:00,2021,6,29,14,40,974,97411,ROSTAND (RUE EDMOND),-20.88674,55.46781,Plein jour,En agglomération,Intersection en X,Normale,Deux véhicules - côté,4,-1,2,0,1,1,1,0,1,30,,2,1,0,1,0,25.0,20.0,,,1,2,2,1,3
202100030722,2021-06-28 13:00:00,2021,6,28,13,0,974,97411,AUBER (RUE JULES),-20.88372,55.45468,Plein jour,En agglomération,Intersection en X,Normale,Deux véhicules - côté,4,1,1,0,1,1,1,0,8,30,,2,1,0,0,1,27.0,61.0,,,1,2,2,1,3
202100030723,2021-06-28 10:30:00,2021,6,28,10,30,974,97411,JAURES (BOULEVARD JEAN),-20.8884,55.44643,Plein jour,En agglomération,Intersection en X,Normale,Deux véhicules - côté,2,1,3,0,1,1,1,0,1,50,,2,1,0,1,0,51.0,39.0,,,1,2,2,1,3
202100030724,2021-07-02 15:45:00,2021,7,2,15,45,974,97407,SANS SOUCIS(RUE),-20.94918,55.29393,Plein jour,En agglomération,Intersection en X,Normale,Deux véhicules - côté,4,-1,2,0,1,1,1,0,1,50,,2,1,0,0,1,19.0,29.0,,,1,2,2,1,3
202100030725,2021-06-28 05:35:00,2021,6,28,5,35,974,97407,ROND POINT DE LA GLACIERE,-20.93328,55.29208,Nuit sans éclairage public,En agglomération,Hors intersection,Normale,Autre collision,4,1,1,0,1,1,1,0,1,50,,2,1,0,0,1,37.0,,,,3,2,1,1,6
202100030726,2021-06-29 15:20:00,2021,6,29,15,20,974,97407,SACRE COEUR (RD POINT) -RIV. DES GALETS ,-20.95528,55.31169,Plein jour,En agglomération,Autre intersection,Normale,Deux véhicules - côté,4,1,2,1,1,1,1,0,1,20,,2,1,0,0,1,20.0,29.0,,,1,2,9,1,3
202100030727,2021-06-29 07:55:00,2021,6,29,7,55,974,97407,ROMERO(AVENUE),-20.94566,55.29802,Plein jour,En agglomération,Autre intersection,Normale,Deux véhicules - côté,4,2,2,0,1,1,1,0,1,20,,2,1,0,0,1,53.0,,,,1,2,9,1,3
202100030728,2021-07-04 20:45:00,2021,7,4,20,45,973,97302,MADELEINE (ROUTE DE LA),4.9177428746,-52.3214774335,Nuit avec éclairage allumé,En agglomération,Autre intersection,Normale,Deux véhicules - arrière,3,2,2,0,1,1,2,9,1,50,,2,1,0,0,1,61.0,52.0,,,5,2,9,1,2
202100030729,2021-07-03 13:35:00,2021,7,3,13,35,973,97302,BADUEL (ROUTE DE),4.9292014266,-52.3019969781,Plein jour,En agglomération,Autre intersection,Normale,Deux véhicules - côté,3,2,1,1,1,1,1,9,1,50,,3,1,0,0,2,35.0,34.0,,,1,2,9,1,3
202100030730,2021-07-02 14:40:00,2021,7,2,14,40,973,97302,RABAN (ROUTE DE),4.9318126028,-52.3129966712,Plein jour,En agglomération,Hors intersection,Normale,Deux véhicules - frontale,4,2,1,0,1,1,1,0,1,50,,2,1,0,0,1,67.0,19.0,,,1,2,1,1,1
202100030731,2021-07-01 09:20:00,2021,7,1,9,20,973,97302,MONTABO (ROUTE DE) 2,4.94178,-52.3041,Plein jour,En agglomération,Intersection en T,Normale,Deux véhicules - côté,3,2,2,0,1,1,1,0,1,50,,2,1,0,0,1,65.0,21.0,,,1,2,3,1,3
202100030732,2021-06-18 10:40:00,2021,6,18,10,40,973,97302,MADELEINE (ROUTE DE LA),4.92167,-52.32257,Plein jour,En agglomération,Hors intersection,Normale,Sans collision,3,2,2,0,1,1,1,0,1,50,,1,0,0,0,1,26.0,,,,1,2,1,1,7
202100030733,2021-06-29 07:55:00,2021,6,29,7,55,973,97302,MADELEINE (ROUTE DE LA),4.9265827263,-52.3244739384,Plein jour,En agglomération,Hors intersection,Normale,Autre collision,3,2,2,0,1,1,1,0,1,50,,2,1,0,0,1,24.0,,,,1,2,1,1,6
202100030734,2021-06-29 07:13:00,2021,6,29,7,13,973,97302,MADELEINE (ROUTE DE LA),4.9220946299,-52.3228802277,Plein jour,En agglomération,Hors intersection,Normale,Deux véhicules - côté,3,2,2,0,1,1,1,0,1,50,,2,1,0,0,1,19.0,52.0,,,1,2,1,1,3
202100030735,2021-07-04 11:55:00,2021,7,4,11,55,69,69386,LOUIS BLANC (R),45.76457,4.84687,Plein jour,En agglomération,Intersection en T,Pluie forte,Deux véhicules - côté,4,1,1,2,1,1,2,0,1,50,,2,1,0,0,1,63.0,32.0,,,1,2,3,3,3
202100030736,2021-07-03 23:45:00,2021,7,3,23,45,69,69383,ABONDANCE (DE L') (R),45.7534,4.85027,Nuit avec éclairage allumé,En agglomération,Intersection en X,Normale,Deux véhicules - côté,4,1,1,0,1,1,1,0,1,50,,4,3,0,0,1,41.0,21.0,,,5,2,2,1,3
202100030737,2021-07-03 23:40:00,2021,7,3,23,40,69,69387,GALLIENI (PT),45.7482529147,4.8323374987,Nuit avec éclairage allumé,En agglomération,Autre intersection,Normale,Deux véhicules - arrière,4,1,5,0,2,1,1,2,1,50,,3,2,0,0,1,41.0,20.0,,,5,2,9,1,2
202100030738,2021-07-03 18:10:00,2021,7,3,18,10,69,69386,DUQUESNE (R),45.7726462367,4.8440292478,Plein jour,En agglomération,Hors intersection,Normale,Deux véhicules - arrière,4,1,1,3,1,1,1,0,6,50,,2,1,0,0,1,60.0,28.0,,,1,2,1,1,2
202100030739,2021-07-03 12:48:00,2021,7,3,12,48,69,69383,GENERAL MOUTON DUVERNET (DU) (R),45.7541368684,4.8615681115,Plein jour,En agglomération,Hors intersection,Pluie légère,Deux véhicules - côté,4,2,2,0,1,1,2,0,1,50,,2,1,0,0,1,25.0,22.0,,,1,2,1,2,3
202100030740,2021-06-29 19:30:00,2021,6,29,19,30,69,69386,LAFAYETTE (CR),45.7636958684,4.8470520973,Plein jour,En agglomération,Intersection en X,Normale,Deux véhicules - côté,4,2,3,1,1,1,1,0,1,50,,2,1,0,0,1,37.0,20.0,,,1,2,2,1,3
202100030741,2021-07-02 23:00:00,2021,7,2,23,0,69,69259,PRESIDENT EDOUARD HERRIOT (DU) (R),45.69674,4.87683,Nuit avec éclairage allumé,En agglomération,Intersection en T,Normale,Deux véhicules - frontale,4,2,2,0,1,1,1,0,1,50,,2,1,0,1,0,,39.0,,,5,2,3,1,1
202100030742,2021-07-02 16:00:00,2021,7,2,16,0,69,69388,VIENNE (DE) (RTE),45.7336515041,4.8533941806,Plein jour,En agglomération,Hors intersection,Normale,Deux véhicules - frontale,4,2,2,2,1,1,1,0,1,50,,2,1,0,0,1,26.0,34.0,,,1,2,1,1,1
202100030743,2021-07-01 18:15:00,2021,7,1,18,15,69,69276,VIENNE (DE) (RTE),45.6711890336,4.8599374294,Plein jour,En agglomération,Hors intersection,Normale,Deux véhicules - arrière,7,2,2,0,2,1,1,0,1,50,,3,2,0,0,1,36.0,44.0,,,1,2,1,1,2
202100030744,2021-06-30 18:00:00,2021,6,30,18,0,69,69199,MARCEL ET PAULETTE NICOLLIN (R),45.7057793795,4.8541760445,Plein jour,En agglomération,Hors intersection,Normale,Autre collision,4,2,2,2,2,1,1,0,1,50,,2,1,0,0,1,35.0,,,,1,2,1,1,6
202100030745,2021-06-30 18:15:00,2021,6,30,18,15,69,69386,CHARLES DE GAULLE (Q),45.78147,4.8465,Plein jour,En agglomération,Hors intersection,Temps couvert,Autre collision,4,1,3,2,1,1,1,0,6,50,,3,2,0,0,1,23.0,72.0,,,1,2,1,8,6
202100030746,2021-06-30 15:35:00,2021,6,30,15,35,69,69259,CHARLES DE GAULLE (AV),45.71303,4.89871,Plein jour,En agglomération,Autre intersection,Normale,Trois véhicules et plus - en chaîne,7,3,4,3,1,1,1,0,1,50,,5,2,0,0,3,53.0,33.0,,,1,2,9,1,4
202100030747,2021-06-30 00:40:00,2021,6,30,0,40,69,69259,IRENE JOLIOT CURIE (BD),45.72131,4.87408,Nuit avec éclairage allumé,En agglomération,Giratoire,Normale,Autre collision,4,1,1,0,1,1,1,0,4,50,,1,0,0,1,0,18.0,,,,5,2,6,1,6
202100030748,2021-06-29 22:05:00,2021,6,29,22,5,69,69276,LYON (DE) (RTE),45.67597,4.86076,Nuit avec éclairage allumé,En agglomération,Hors intersection,Normale,Trois véhicules et plus - en chaîne,7,2,2,0,2,1,1,0,1,50,,4,2,0,0,2,45.0,,,,5,2,1,1,4
202100030749,2021-06-29 18:20:00,2021,6,29,18,20,69,69383,GAMBETTA (CR),45.75414,4.84634,Plein jour,En agglomération,Intersection en T,Pluie légère,Trois véhicules et plus - collisions multiples,4,2,4,3,1,1,2,0,6,50,,3,2,0,0,1,39.0,28.0,,,1,2,3,2,5
202100030750,2021-06-29 17:30:00,2021,6,29,17,30,69,69387,LECLERC (AV),45.74557,4.83206,Plein jour,En agglomération,Autre intersection,Pluie légère,Deux véhicules - côté,4,2,5,3,1,1,2,0,1,50,,2,1,0,1,0,31.0,25.0,,,1,2,9,2,3
202100030751,2021-06-29 08:50:00,2021,6,29,8,50,69,69259,IRENE JOLIOT CURIE (BD),45.7099553047,4.883916378,Plein jour,En agglomération,Hors intersection,Normale,Deux véhicules - arrière,4,2,2,0,1,1,1,0,1,50,,2,1,0,0,1,36.0,39.0,,,1,2,1,1,2
202100030752,2021-06-29 07:35:00,2021,6,29,7,35,69,69388,PAUL CAZENEUVE (R),45.73184,4.86052,Plein jour,En agglomération,Intersection en X,Normale,Deux véhicules - côté,4,2,4,1,1,1,1,0,1,50,,2,1,0,0,1,25.0,40.0,,,1,2,2,1,3
202100030753,2021-07-04 16:50:00,2021,7,4,16,50,972,97213,ROUTE NATIONALE 5,14.59593,-60.98722,Plein jour,En agglomération,Hors intersection,Normale,Deux véhicules - arrière,2,2,6,0,1,1,1,0,1,90,,2,1,0,0,1,43.0,54.0,,,1,2,1,1,2
202100030754,2021-07-03 13:15:00,2021,7,3,13,15,972,97213,AUTOROUTE A1,14.6185788695,-61.0239672661,Plein jour,En agglomération,Hors intersection,Normale,Deux véhicules - arrière,1,2,4,0,1,1,1,0,1,90,,2,1,0,0,1,47.0,44.0,,,1,2,1,1,2
202100030755,2021-07-02 22:45:00,2021,7,2,22,45,972,97213,ROUTE NATIONALE 5,14.59667,-60.99641,Nuit avec éclairage allumé,Hors agglomération,Hors intersection,Normale,Autre collision,2,2,7,0,1,1,1,0,1,70,,2,1,0,0,1,37.0,,,,5,1,1,1,6
202100030756,2021-07-01 23:40:00,2021,7,1,23,40,972,97209,AUTOROUTE (A1),14.6159488707,-61.0448026657,Nuit avec éclairage allumé,En agglomération,Hors intersection,Pluie légère,Autre collision,1,1,4,0,1,1,2,0,1,90,,2,0,0,0,2,35.0,,,,5,2,1,2,6
202100030757,2021-07-01 16:45:00,2021,7,1,16,45,972,97209,ROUTOUTOU (RUE DU),14.5971736375,-61.0564595744,Plein jour,En agglomération,Hors intersection,Normale,Autre collision,4,2,2,0,1,1,1,0,1,30,,2,1,0,1,0,46.0,,,,1,2,1,1,6
202100030758,2021-06-30 15:25:00,2021,6,30,15,25,972,97209,RD 41 (ROCADE),14.61444,-61.05301,Plein jour,Hors agglomération,Hors intersection,Pluie légère,Autre collision,3,1,2,0,2,3,2,0,1,60,,2,0,0,0,2,31.0,,,,1,1,1,2,6
202100030759,2021-07-04 16:30:00,2021,7,4,16,30,69,69034,MARGNOLLES (DE) (R),45.7887497487,4.8447688169,Plein jour,En agglomération,Hors intersection,Normale,Deux véhicules - arrière,4,-1,2,0,1,1,1,0,1,50,,2,1,0,0,1,20.0,43.0,,,1,2,1,1,2
202100030760,2021-07-03 16:00:00,2021,7,3,16,0,69,69385,CHAMPVERT (DE) (R),45.75828,4.79505,Plein jour,En agglomération,Intersection en T,Normale,Autre collision,4,2,2,0,1,1,2,0,4,50,,2,1,0,0,1,19.0,,,,1,2,3,1,6
202100030761,2021-07-03 15:15:00,2021,7,3,15,15,69,69384,ESSES (DES) (MO),45.77195,4.81612,Plein jour,En agglomération,Hors intersection,Temps couvert,Sans collision,4,2,2,2,2,3,2,0,1,50,,1,0,0,0,1,55.0,,,,1,2,1,8,7
202100030762,2021-07-03 01:50:00,2021,7,3,1,50,69,69034,BELLEVUE (Q),45.78577,4.84888,Nuit avec éclairage allumé,En agglomération,Intersection en Y,Normale,Deux véhicules - arrière,4,1,2,0,1,1,1,0,1,50,,2,1,0,0,1,37.0,,,,5,2,4,1,2
202100030763,2021-07-01 21:20:00,2021,7,1,21,20,69,69389,PIERRE SCIZE (Q),45.7664234172,4.8182343446,Plein jour,En agglomération,Intersection en T,Normale,Deux véhicules - côté,4,1,1,3,1,2,1,0,1,50,,2,0,0,0,2,25.0,31.0,,,1,2,3,1,3
202100030764,2021-07-01 14:40:00,2021,7,1,14,40,69,69286,BUISSIERE (DE LA) (CHM),45.80117,4.88225,Plein jour,En agglomération,Hors intersection,Normale,Autre collision,4,2,2,0,1,1,1,0,1,50,,2,1,0,0,1,59.0,,,,1,2,1,1,6
202100030765,2021-07-01 08:00:00,2021,7,1,8,0,69,69385,FOSSES DE TRION (DES) (R),45.75839,4.81312,Plein jour,En agglomération,Place,Normale,Autre collision,4,1,3,0,2,2,1,0,1,50,,2,1,1,0,0,25.0,,,,1,2,7,1,6
202100030766,2021-06-28 18:00:00,2021,6,28,18,0,69,69389,BOURBONNAIS (DU) (R),45.77357,4.79423,Plein jour,En agglomération,Hors intersection,Normale,Deux véhicules - côté,4,1,1,0,2,1,1,0,4,50,,2,1,0,1,0,29.0,27.0,,,1,2,1,1,3
202100030767,2021-06-30 19:25:00,2021,6,30,19,25,69,69389,ROSA PARKS (AV),45.7866790414,4.7929787636,Plein jour,En agglomération,Intersection en T,Normale,Trois véhicules et plus - collisions multiples,4,2,2,0,2,1,1,0,1,50,,3,2,0,0,1,37.0,22.0,,,1,2,3,1,5
202100030768,2021-06-30 14:30:00,2021,6,30,14,30,69,69389,24 MARS 1852 (DU) (R) ,45.77877,4.80262,Plein jour,En agglomération,Hors intersection,Normale,Autre collision,4,2,2,3,1,1,1,0,1,50,,2,1,0,0,1,25.0,,,,1,2,1,1,6
202100030769,2021-06-27 03:15:00,2021,6,27,3,15,69,69381,CROIX ROUSSE (DE LA) (BD),45.77426,4.83058,Nuit avec éclairage allumé,En agglomération,Hors intersection,Normale,Autre collision,4,2,3,0,1,1,1,0,1,50,,3,2,0,0,1,24.0,,,,5,2,1,1,6
202100030770,2021-07-02 22:04:00,2021,7,2,22,4,2B,2B033,ALLEE DU 173° R.I.A.,42.69928,9.45125,Nuit avec éclairage allumé,En agglomération,Hors intersection,Normale,Autre collision,4,-1,1,0,1,1,1,0,4,30,,2,1,0,0,1,17.0,,,,5,2,1,1,6
202100030771,2021-07-01 15:55:00,2021,7,1,15,55,2B,2B037,TOUTES RUES,42.60655,9.4335,Plein jour,En agglomération,Intersection en T,Normale,Deux véhicules - arrière,4,2,1,0,1,1,1,0,1,50,,4,3,0,0,1,26.0,16.0,,,1,2,3,1,2