accident_id,datetime,annee,mois,jour,heure,minute,departement,commune_insee,adresse,latitude,longitude,luminosite,agglomeration,intersection,meteo,collision,catr,circ,nbv,vosp,prof,plan,surf,infra,situ,vma,nb_vehicules,nb_usagers,nb_indemnes,nb_tues,nb_blesses_hosp,nb_blesses_legers,age_cond_1,age_cond_2,veh_type_cond_1,veh_type_cond_2,lum_code,agg_code,int_code,atm_code,col_code
202100030772,2021-06-30 17:40:00,2021,6,30,17,40,2B,2B033,ROUTE ROYALE,42.68275,9.42187,Plein jour,Hors agglomération,Intersection en T,Normale,Deux véhicules - côté,3,2,2,0,2,1,1,0,1,50,,3,2,0,0,1,37.0,25.0,,,1,1,3,1,3
202100030773,2021-07-01 14:30:00,2021,7,1,14,30,971,97113,BAS DU FORT,16.21844,-61.51608,Plein jour,En agglomération,Intersection en X,Normale,Deux véhicules - côté,6,-1,-1,0,1,1,1,0,1,30,,2,1,0,1,0,21.0,19.0,,,1,2,2,1,3
202100030774,2021-06-30 13:10:00,2021,6,30,13,10,971,97101,PETIT PEROU,16.25603,-61.51401,Plein jour,En agglomération,Hors intersection,Normale,Deux véhicules - côté,3,2,2,0,1,1,1,0,1,50,,2,1,0,1,0,45.0,58.0,,,1,2,1,1,3
202100030775,2021-06-29 11:55:00,2021,6,29,11,55,971,97101,RN05,16.25412,-61.52324,Plein jour,En agglomération,Hors intersection,Normale,Autre collision,2,1,2,0,1,1,1,6,1,50,,4,3,0,0,1,23.0,,,,1,2,1,1,6
202100030776,2021-06-29 07:15:00,2021,6,29,7,15,971,97113,RN4 - SECTION RIVIERA,16.2168,-61.48183,Plein jour,Hors agglomération,Hors intersection,Normale,Autre collision,2,2,2,0,1,1,1,0,1,70,,1,0,0,1,0,51.0,,,,1,1,1,1,6
202100030777,2021-06-29 01:07:00,2021,6,29,1,7,971,97113,RN4 - SECTION RIVIERA,16.21915,-61.50226,Nuit avec éclairage allumé,En agglomération,Hors intersection,Normale,Autre collision,2,2,3,0,1,2,2,0,3,70,,2,0,1,1,0,20.0,,,,5,2,1,1,6
202100030778,2021-07-01 16:30:00,2021,7,1,16,30,971,97107,USINE (RUE DE L'),16.0438337605,-61.5678548813,Plein jour,En agglomération,Intersection en Y,Normale,Deux véhicules - côté,4,2,2,0,1,3,1,9,1,30,,2,1,0,1,0,25.0,21.0,,,1,2,4,1,3
202100030779,2021-07-03 20:40:00,2021,7,3,20,40,95,95268,RD 125,48.97622,2.39453,Plein jour,En agglomération,Intersection en X,Normale,Deux véhicules - côté,3,2,4,0,1,1,1,0,1,50,,3,0,0,0,3,22.0,21.0,,,1,2,2,1,3
202100030780,2021-06-28 20:10:00,2021,6,28,20,10,95,95268,AV DE STALINGRAD,48.9633613715,2.404230237,Crépuscule ou aube,En agglomération,Hors intersection,Temps couvert,Autre collision,3,2,4,0,1,1,1,0,1,50,,2,1,0,0,1,28.0,,,,2,2,1,8,6
202100030781,2021-06-30 11:15:00,2021,6,30,11,15,95,95598,EGALITE (RUE DE L'),48.99299,2.29432,Plein jour,En agglomération,Hors intersection,Normale,Deux véhicules - côté,4,2,2,0,1,1,1,0,1,50,,2,1,0,1,0,31.0,82.0,,,1,2,1,1,3
202100030782,2021-06-21 09:45:00,2021,6,21,9,45,95,95210,ORMESSON (RUE D'),48.962691,2.311236,Plein jour,En agglomération,Hors intersection,Normale,Autre collision,6,-1,-1,3,1,1,1,0,4,30,,2,1,0,1,0,90.0,,,,1,2,1,1,6
202100030783,2021-06-22 08:25:00,2021,6,22,8,25,95,95210,DEPART (RUE DU),48.97475,2.30457,Plein jour,En agglomération,Hors intersection,Normale,Deux véhicules - frontale,4,2,2,0,1,1,1,9,1,50,,2,1,0,0,1,42.0,24.0,,,1,2,1,1,1
202100030784,2021-07-01 15:45:00,2021,7,1,15,45,91,91685,CHASSE (ROUTE),48.659733,2.306126,Plein jour,En agglomération,Intersection en X,Normale,Trois véhicules et plus - en chaîne,3,2,2,0,2,1,1,0,1,50,,5,4,0,0,1,28.0,41.0,,,1,2,2,1,4
202100030785,2021-07-01 02:10:00,2021,7,1,2,10,91,91216,CORBEIL (RUE),48.670513,2.332283,Nuit avec éclairage allumé,En agglomération,Hors intersection,Normale,Autre collision,3,2,2,0,1,1,1,0,1,50,,1,0,0,0,1,24.0,,,,5,2,1,1,6
202100030786,2021-06-29 11:04:00,2021,6,29,11,4,91,91549,ROND POINT CD 117,48.62562,2.3413,Plein jour,En agglomération,Hors intersection,Pluie légère,Autre collision,3,1,2,0,1,2,2,0,1,30,,1,0,0,0,1,34.0,,,,1,2,1,2,6
202100030787,2021-06-28 17:50:00,2021,6,28,17,50,91,91103,RUE DU GENERAL LECLERC,48.609404,2.305004,Plein jour,En agglomération,Hors intersection,Temps éblouissant,Autre collision,4,3,2,0,1,1,1,9,8,50,,2,1,0,0,1,37.0,,,,1,2,1,7,6
202100030788,2021-06-28 16:00:00,2021,6,28,16,0,91,91103,AV DE LA MAISON NEUVE,48.58574,2.30489,Plein jour,Hors agglomération,Autre intersection,Normale,Deux véhicules - côté,6,-1,0,0,1,1,1,0,1,30,,3,2,0,0,1,33.0,41.0,,,1,1,9,1,3
202100030789,2021-06-30 16:30:00,2021,6,30,16,30,91,91377,AV DU PRESIDENT J F KENNEDY,48.736364,2.292252,Plein jour,En agglomération,Intersection en T,Normale,Deux véhicules - côté,3,2,2,0,1,1,1,0,1,50,,2,1,0,0,1,23.0,54.0,,,1,2,3,1,3
202100030790,2021-07-03 18:05:00,2021,7,3,18,5,64,64445,Rue d’Étigny,43.29603,-0.38228,Plein jour,En agglomération,Hors intersection,Normale,Autre collision,4,2,2,0,2,1,1,0,1,50,,2,1,0,1,0,32.0,,,,1,2,1,1,6
202100030791,2021-07-04 21:52:00,2021,7,4,21,52,44,44109,LUCE ( RTE DE SAINTE ),47.22956,-1.52473,Crépuscule ou aube,En agglomération,Hors intersection,Pluie forte,Autre collision,4,2,2,2,1,1,2,0,1,50,,2,1,0,0,1,36.0,,,,2,2,1,3,6
202100030792,2021-06-30 18:40:00,2021,6,30,18,40,91,91691,MARCEAU BAILLIOTI(RUE),48.7074,2.49578,Plein jour,En agglomération,Autre intersection,Normale,Deux véhicules - côté,3,2,2,0,1,1,1,0,1,50,,3,2,0,0,1,20.0,37.0,,,1,2,9,1,3
202100030793,2021-06-29 21:45:00,2021,6,29,21,45,91,91657,AV HENRI BARBUSSE,48.70193,2.42603,Crépuscule ou aube,En agglomération,Intersection en X,Pluie légère,Deux véhicules - côté,3,2,2,0,1,1,2,0,1,50,,2,1,0,0,1,20.0,37.0,,,2,2,2,2,3
202100030794,2021-06-29 11:15:00,2021,6,29,11,15,91,91097,RUE DU BESLY,48.68624,2.53635,Plein jour,En agglomération,Intersection en T,Normale,Deux véhicules - côté,3,-1,2,0,4,1,1,0,1,50,,2,1,0,0,1,28.0,27.0,,,1,2,3,1,3
202100030795,2021-06-29 17:40:00,2021,6,29,17,40,91,91434,JUVISY (AVENUE DE),48.653969,2.353929,Plein jour,En agglomération,Hors intersection,Normale,Deux véhicules - côté,4,2,2,0,1,1,1,0,1,50,,2,1,0,0,1,22.0,48.0,,,1,2,1,1,3
202100030796,2021-06-29 17:15:00,2021,6,29,17,15,91,91687,MARMONT (AVENUE),48.66,2.37,Plein jour,En agglomération,Intersection en X,Normale,Deux véhicules - arrière,4,2,4,0,4,1,1,0,1,50,,2,1,0,0,1,35.0,32.0,,,1,2,2,1,2
202100030797,2021-06-29 11:30:00,2021,6,29,11,30,91,91027,AV FRANCOIS MITTERRAND,48.71351,2.37328,Plein jour,Hors agglomération,Autre intersection,Temps couvert,Autre collision,6,-1,0,3,1,1,2,9,2,50,,2,1,0,0,1,25.0,,,,1,1,9,8,6
202100030798,2021-06-29 06:20:00,2021,6,29,6,20,91,91326,COUR DE FRANCE (AVENUE DE LA),48.69287,2.37083,Plein jour,En agglomération,Intersection en X,Normale,Deux véhicules - côté,3,2,4,0,2,1,1,0,1,50,,2,1,0,0,1,61.0,59.0,,,1,2,2,1,3
202100030799,2021-07-02 16:10:00,2021,7,2,16,10,91,91223,MAI 1945 (AVENUE DU 8),48.43733,2.16317,Plein jour,En agglomération,Hors intersection,Normale,Deux véhicules - frontale,3,2,2,0,1,3,1,0,4,50,,2,1,0,0,1,16.0,51.0,,,1,2,1,1,1
202100030800,2021-07-01 12:10:00,2021,7,1,12,10,87,87085,ALLENDE (QUAI SALVADOR),45.81798,1.25534,Plein jour,En agglomération,Hors intersection,Normale,Autre collision,4,3,4,0,1,1,1,0,1,50,,2,1,0,0,1,22.0,61.0,,,1,2,1,1,6
202100030801,2021-06-30 18:02:00,2021,6,30,18,2,87,87085,JOURDAN (PLACE),45.83224,1.26463,Plein jour,En agglomération,Intersection en X,Normale,Autre collision,4,2,4,0,1,2,1,5,1,50,,2,1,0,0,1,,,,,1,2,2,1,6
202100030802,2021-06-30 12:35:00,2021,6,30,12,35,87,87085,POMPIDOU (AVENUE GEORGES),45.8189,1.26593,Plein jour,En agglomération,Hors intersection,Normale,Sans collision,4,3,4,0,2,1,1,0,1,50,,1,0,0,0,1,23.0,,,,1,2,1,1,7
202100030803,2021-06-29 14:11:00,2021,6,29,14,11,87,87085,RD941 (OUEST),45.83485,1.21829,Plein jour,Hors agglomération,Hors intersection,Pluie légère,Autre collision,3,3,4,0,1,1,2,0,1,110,,1,0,0,0,1,29.0,,,,1,1,1,2,6
202100030804,2021-06-29 22:04:00,2021,6,29,22,4,87,87114,AUTOROUTE A20,45.83121,1.2827,Nuit sans éclairage public,Hors agglomération,Hors intersection,Pluie légère,Trois véhicules et plus - en chaîne,1,3,4,0,1,1,2,0,1,90,,7,6,0,0,1,55.0,37.0,,,3,1,1,2,4
202100030805,2021-06-29 17:50:00,2021,6,29,17,50,87,87085,ISLE (RUE D'),45.82471,1.23458,Plein jour,En agglomération,Intersection en X,Pluie forte,Deux véhicules - côté,4,2,2,0,1,1,2,5,1,50,,3,2,0,0,1,26.0,41.0,,,1,2,2,3,3
202100030806,2021-06-29 13:41:00,2021,6,29,13,41,87,87085,FLEURUS (BOULEVARD DE),45.83047,1.26325,Plein jour,En agglomération,Hors intersection,Normale,Deux véhicules - côté,4,2,2,0,1,1,2,5,1,50,,2,1,0,0,1,20.0,39.0,,,1,2,1,1,3
202100030807,2021-06-28 15:24:00,2021,6,28,15,24,87,87065,AUTOROUTE A20,45.79595,1.29838,Plein jour,Hors agglomération,Hors intersection,Normale,Deux véhicules - arrière,1,3,4,0,1,1,1,0,1,110,,4,2,0,0,2,56.0,70.0,,,1,1,1,1,2
202100030808,2021-06-27 16:11:00,2021,6,27,16,11,87,87085,CATROUX (RUE DU GENERAL),45.81266,1.28429,Plein jour,En agglomération,Hors intersection,Normale,Autre collision,6,-1,-1,0,1,1,1,0,1,30,,2,1,0,1,0,61.0,,,,1,2,1,1,6
202100030809,2021-07-01 22:30:00,2021,7,1,22,30,86,86194,Place Coimbra,46.58912,0.360524,Nuit avec éclairage allumé,En agglomération,Hors intersection,Normale,Autre collision,3,-1,1,0,1,1,1,0,1,50,,3,1,0,0,2,36.0,,,,5,2,1,1,6
202100030810,2021-06-24 18:25:00,2021,6,24,18,25,85,85194,BERNARD (RUE JEAN),46.51406,-1.75313,Plein jour,Hors agglomération,Intersection en X,Normale,Deux véhicules - côté,4,2,2,0,1,1,1,5,1,50,,2,1,0,1,0,46.0,65.0,,,1,1,2,1,3
202100030811,2021-07-20 19:52:00,2021,7,20,19,52,84,84087,CHAMPLAIN (CHEMIN DE),44.16833,4.84193,Crépuscule ou aube,En agglomération,Intersection en T,Normale,Deux véhicules - frontale,4,-1,2,0,1,1,1,0,1,50,,3,1,0,2,0,36.0,19.0,,,2,2,3,1,1
202100030812,2021-06-30 17:55:00,2021,6,30,17,55,84,84087,TACITURNE (AVENUE GUILLAUME LE),44.14188,4.81314,Plein jour,En agglomération,Intersection en T,Normale,Deux véhicules - côté,4,4,2,0,1,1,1,0,1,50,,2,1,0,0,1,23.0,,,,1,2,3,1,3
202100030813,2021-07-01 13:30:00,2021,7,1,13,30,83,83062,QUATRE CHEMINS,43.13736,6.02599,Plein jour,Hors agglomération,Giratoire,Normale,Deux véhicules - arrière,7,1,2,0,1,3,1,0,1,50,,2,1,0,1,0,56.0,56.0,,,1,1,6,1,2
202100030814,2021-06-28 17:40:00,2021,6,28,17,40,83,83137,CD 46 DE 1930 A FIN (VALETTE),43.14908,5.97406,Plein jour,En agglomération,Hors intersection,Normale,Deux véhicules - côté,7,2,2,0,2,1,1,0,3,70,,3,2,0,0,1,33.0,16.0,,,1,2,1,1,3
202100030815,2021-07-02 08:30:00,2021,7,2,8,30,83,83129,PLAYES (ROCADE DES),43.103169,5.827498,Plein jour,En agglomération,Hors intersection,Normale,Autre collision,4,2,2,0,1,1,1,0,1,50,,2,1,0,0,1,50.0,,,,1,2,1,1,6
202100030816,2021-06-30 19:10:00,2021,6,30,19,10,83,83123,RESISTANCE (AVENUE),43.12182,5.79605,Plein jour,En agglomération,Hors intersection,Temps éblouissant,Autre collision,3,2,1,0,2,1,1,0,1,50,,2,1,0,1,0,24.0,,,,1,2,1,7,6
202100030817,2021-06-24 11:15:00,2021,6,24,11,15,83,83129,MER (AVENUE DE LA) N°IMPAIRS,43.101832823,5.8221101761,Plein jour,En agglomération,Intersection en T,Normale,Trois véhicules et plus - en chaîne,7,2,1,0,1,1,1,0,1,50,,4,3,0,1,0,56.0,23.0,,,1,2,3,1,4
202100030818,2021-07-02 15:34:00,2021,7,2,15,34,72,72181,COURBOULAY PAUL (RUE),48.0034525443,0.1913309095,Plein jour,En agglomération,Hors intersection,Normale,Autre collision,4,3,2,0,1,1,1,0,1,50,,2,1,1,0,0,23.0,,,,1,2,1,1,6
202100030819,2021-07-03 14:00:00,2021,7,3,14,0,83,83069,OLBIA  (VOIE),43.113923,6.133483,Plein jour,En agglomération,Hors intersection,Normale,Autre collision,7,1,2,0,1,1,1,0,1,50,,1,0,0,0,1,89.0,,,,1,2,1,1,6
202100030820,2021-06-30 07:00:00,2021,6,30,7,0,83,83069,ALMANARRE (ROUTE DE L'),43.0845,6.1114,Plein jour,Hors agglomération,Hors intersection,Normale,Deux véhicules - côté,7,2,2,0,1,1,1,0,1,50,,2,1,0,0,1,51.0,22.0,,,1,1,1,1,3
202100030821,2021-06-30 07:40:00,2021,6,30,7,40,83,83069,OLBIA  (VOIE),43.11569,6.13945,Plein jour,En agglomération,Hors intersection,Temps éblouissant,Trois véhicules et plus - en chaîne,7,1,2,0,1,1,1,0,1,50,,3,1,0,0,2,50.0,66.0,,,1,2,1,7,4
202100030822,2021-06-29 18:00:00,2021,6,29,18,0,83,83069,RIMBAUD ( RUE EMILE ),43.08074,6.15557,Plein jour,En agglomération,Hors intersection,Normale,Autre collision,4,1,1,0,1,1,1,0,1,50,,3,1,0,0,2,52.0,,,,1,2,1,1,6
202100030823,2021-07-01 11:10:00,2021,7,1,11,10,82,82121,VILLEBOURBON (QUAI),44.0170871467,1.3479568809,Plein jour,En agglomération,Intersection en X,Normale,Deux véhicules - côté,4,1,1,0,2,3,1,0,1,30,,2,1,0,0,1,62.0,79.0,,,1,2,2,1,3
202100030824,2021-07-04 00:40:00,2021,7,4,0,40,78,78498,GAMBETTA BD,48.934073,2.040767,Nuit avec éclairage allumé,En agglomération,Intersection en X,Normale,Autre collision,3,1,2,0,1,1,1,5,1,50,,3,1,0,0,2,20.0,22.0,,,5,2,2,1,6
202100030825,2021-07-04 19:45:00,2021,7,4,19,45,76,76575,RENAN. RUE ERNEST,49.39862,1.06571,Plein jour,En agglomération,Hors intersection,Normale,Autre collision,4,2,2,0,1,1,1,0,1,50,,2,1,0,0,1,56.0,,,,1,2,1,1,6
202100030826,2021-07-04 20:10:00,2021,7,4,20,10,76,76575,CHATEAU BLANC,49.39311,1.07044,Plein jour,En agglomération,Hors intersection,Normale,Sans collision,4,2,2,3,1,1,1,4,1,50,,2,1,0,0,1,44.0,,,,1,2,1,1,7
202100030827,2021-07-03 13:50:00,2021,7,3,13,50,76,76259,RICHARD ( PLACE DES DUCS),49.75528,0.38,Plein jour,En agglomération,Place,Normale,Deux véhicules - frontale,4,2,4,0,1,2,1,0,1,50,,2,1,0,1,0,41.0,24.0,,,1,2,7,1,1
202100030828,2021-07-03 10:35:00,2021,7,3,10,35,74,74010,PONT NEUF,45.89677,6.11211,Plein jour,En agglomération,Intersection en T,Normale,Deux véhicules - frontale,3,2,2,0,2,2,1,0,1,50,,3,2,0,1,0,54.0,31.0,,,1,2,3,1,1
202100030829,2021-07-03 12:50:00,2021,7,3,12,50,69,69266,GENAS (DE) (RTE),45.7511245415,4.9078671634,Plein jour,En agglomération,Intersection en X,Pluie légère,Deux véhicules - côté,7,2,4,0,1,1,2,0,1,50,,2,0,0,0,2,69.0,45.0,,,1,2,2,2,3
202100030830,2021-07-02 12:30:00,2021,7,2,12,30,69,69271,LYON (DE) (RTE),45.7403913897,4.9511647224,Plein jour,En agglomération,Hors intersection,Normale,Trois véhicules et plus - en chaîne,7,2,3,0,1,1,1,0,1,50,,3,2,0,0,1,43.0,35.0,,,1,2,1,1,4
202100030831,2021-07-04 21:15:00,2021,7,4,21,15,64,64445,ETIGNY D',43.2966,-0.38601,Crépuscule ou aube,En agglomération,Hors intersection,Normale,Trois véhicules et plus - en chaîne,4,2,5,1,1,1,1,0,1,50,,5,4,0,0,1,22.0,31.0,,,2,2,1,1,4
202100030832,2021-07-01 12:27:00,2021,7,1,12,27,76,76351,ETRETAT (D'),49.49801,0.09596,Plein jour,En agglomération,Intersection en T,Normale,Autre collision,4,2,2,0,2,1,1,0,1,50,,2,1,0,1,0,33.0,,,,1,2,3,1,6
202100030833,2021-07-04 02:30:00,2021,7,4,2,30,62,62193,EDGAR QUINET,50.947439,1.843425,Nuit avec éclairage allumé,En agglomération,Hors intersection,Normale,Autre collision,4,2,2,0,1,1,1,0,4,50,,2,0,0,1,1,24.0,,,,5,2,1,1,6
202100030834,2021-07-03 00:40:00,2021,7,3,0,40,61,61169,PIERRE HUET (RUE),48.74633,-0.55343,Nuit avec éclairage allumé,En agglomération,Hors intersection,Normale,Autre collision,6,-1,0,0,1,1,1,9,8,10,,4,3,0,1,0,19.0,,,,5,2,1,1,6
202100030835,2021-07-04 03:45:00,2021,7,4,3,45,61,61006,2EME D.B. (AVENUE DE LA),48.733823,-0.034201,Nuit sans éclairage public,En agglomération,Giratoire,Normale,Autre collision,3,2,2,0,1,1,2,0,4,50,,2,1,0,1,0,,,,,3,2,6,1,6
202100030836,2021-07-03 16:20:00,2021,7,3,16,20,60,60325,Avenue Jean Moulin,49.4045721824,2.7785241231,Plein jour,Hors agglomération,Intersection en T,Normale,Deux véhicules - arrière,4,3,4,0,1,1,1,0,1,50,,3,1,0,1,1,32.0,36.0,,,1,1,3,1,2
202100030837,2021-07-04 22:32:00,2021,7,4,22,32,59,59512,GAMBETTA (BOULEVARD),50.69245,3.18339,Nuit avec éclairage allumé,En agglomération,Hors intersection,Normale,Deux véhicules - côté,7,1,0,0,1,1,1,0,1,50,,2,1,1,0,0,,21.0,,,5,2,1,1,3
202100030838,2021-07-04 13:00:00,2021,7,4,13,0,51,51454,Rue Marie Clémence Fouriaux,49.26504,4.02256,Plein jour,En agglomération,Intersection en Y,Pluie légère,Deux véhicules - frontale,4,-1,2,0,1,1,2,0,1,50,,2,1,0,0,1,23.0,30.0,,,1,2,4,2,1
202100030839,2021-07-03 23:15:00,2021,7,3,23,15,51,51108,Place Sainte-Croix,48.95164,4.3687,Nuit avec éclairage allumé,En agglomération,Place,Temps couvert,Trois véhicules et plus - en chaîne,3,3,6,0,1,1,1,5,1,50,,6,4,0,0,2,20.0,33.0,,,5,2,7,8,4
202100030840,2021-07-04 04:30:00,2021,7,4,4,30,49,49099,STRASBOURG (BOULEVARD DE),47.0646,-0.86733,Nuit avec éclairage allumé,En agglomération,Intersection en X,Normale,Autre collision,4,2,3,0,1,2,1,0,1,50,,1,0,0,0,1,18.0,,,,5,2,2,1,6
202100030841,2021-07-04 19:30:00,2021,7,4,19,30,45,45147,Rue Maximilien de Robespierre,47.939241,1.921087,Plein jour,En agglomération,Intersection en X,Normale,Deux véhicules - côté,7,2,2,0,1,1,1,0,1,50,,3,2,0,0,1,64.0,28.0,,,1,2,2,1,3
202100030842,2021-07-03 21:49:00,2021,7,3,21,49,42,42127,Route de Paris,46.066315,4.054489,Nuit avec éclairage allumé,En agglomération,Intersection en T,Normale,Autre collision,2,2,2,0,1,1,9,5,8,50,,4,0,0,0,4,70.0,,,,5,2,3,1,6
202100030843,2021-07-03 19:34:00,2021,7,3,19,34,37,37261,HEURTELOUP (BOULEVARD),47.3925289266,0.7012681256,Plein jour,En agglomération,Intersection en X,Normale,Autre collision,4,3,5,0,1,1,1,0,1,50,,2,0,0,0,2,21.0,45.0,,,1,2,2,1,6
202100030844,2021-07-04 12:00:00,2021,7,4,12,0,35,35238,CLEMENCEAU (BD GEORGES),48.09459,-1.69015,Plein jour,En agglomération,Intersection en X,Normale,Deux véhicules - côté,7,2,2,0,2,1,1,5,1,50,,2,1,0,0,1,91.0,25.0,,,1,2,2,1,3
202100030845,2021-07-04 02:03:00,2021,7,4,2,3,31,31555,ECHANGEUR SESQUIERES (A62-A620),43.64795,1.42203,Nuit sans éclairage public,En agglomération,Hors intersection,Pluie forte,Deux véhicules - côté,1,3,2,0,1,1,2,3,1,50,,5,0,0,0,5,33.0,21.0,,,3,2,1,3,3
202100030846,2021-06-29 15:00:00,2021,6,29,15,0,30,30028,DAUDET (AVENUE ALPHONSE),44.15764,4.61326,Plein jour,En agglomération,Hors intersection,Normale,Autre collision,6,-1,-1,0,1,1,1,0,8,30,,2,1,0,1,0,50.0,,,,1,2,1,1,6
202100030847,2021-07-03 23:15:00,2021,7,3,23,15,27,27701,RD313,49.245205,1.203991,Nuit sans éclairage public,Hors agglomération,Hors intersection,Pluie légère,Autre collision,3,2,2,0,2,1,2,0,3,80,,2,0,0,0,2,19.0,,,,3,1,1,2,6
202100030848,2021-07-04 23:32:00,2021,7,4,23,32,25,25056,DROZ   AVENUE EDOUARD,47.24248,6.02961,Nuit avec éclairage allumé,En agglomération,Intersection en X,Normale,Deux véhicules - côté,4,4,2,3,1,1,2,5,1,50,,4,2,0,1,1,26.0,16.0,,,5,2,2,1,3
202100030849,2021-07-04 18:36:00,2021,7,4,18,36,13,13215,MADRAGUE VILLE (chemin de la),43.3333152,5.3585199,Plein jour,En agglomération,Hors intersection,Normale,Deux véhicules - côté,4,2,4,0,2,2,1,0,1,50,,3,2,0,0,1,25.0,26.0,,,1,2,1,1,3
202100030850,2021-07-04 12:05:00,2021,7,4,12,5,09,09225,PAIX AVENUE DE LA,43.11088,1.61879,Plein jour,En agglomération,Intersection en X,Pluie légère,Deux véhicules - côté,4,2,1,0,1,1,2,0,1,30,,2,1,0,0,1,18.0,61.0,,,1,2,2,2,3
202100030851,2021-07-04 00:10:00,2021,7,4,0,10,09,09225,BELPECH ROUTE DE,43.12747,1.65137,Nuit avec éclairage allumé,En agglomération,Hors intersection,Normale,Deux véhicules - côté,3,2,2,0,1,1,1,0,1,50,,5,3,0,0,2,45.0,19.0,,,5,2,1,1,3
202100030852,2021-07-04 13:45:00,2021,7,4,13,45,06,06069,DRAGUIGNAN (ROUTE DE) - D2562-,43.640952,6.910413,Plein jour,En agglomération,Intersection en T,Normale,Deux véhicules - côté,3,4,3,0,2,1,1,5,1,50,,4,2,0,0,2,26.0,31.0,,,1,2,3,1,3
202100030853,2021-07-03 18:25:00,2021,7,3,18,25,75,75113,BOULEVARD PERIPHERIQUE,48.816317,2.357204,Plein jour,En agglomération,Hors intersection,Normale,Trois véhicules et plus - en chaîne,4,1,2,0,1,1,1,0,1,70,,3,2,0,0,1,21.0,34.0,,,1,2,1,1,4
202100030854,2021-07-04 15:55:00,2021,7,4,15,55,75,75116,ALLEE DE LONGCHAMP,48.873493,2.267118,Plein jour,En agglomération,Hors intersection,Normale,Deux véhicules - côté,4,2,4,0,1,1,1,0,1,50,,2,1,0,1,0,20.0,58.0,,,1,2,1,1,3
202100030855,2021-07-03 18:35:00,2021,7,3,18,35,75,75118,AVENUE DE SAINT OUEN,48.897626,2.329016,Plein jour,En agglomération,Intersection en X,Normale,Deux véhicules - côté,4,2,3,0,1,1,1,0,1,30,,5,1,0,0,4,37.0,21.0,,,1,2,2,1,3
202100030856,2021-07-04 14:30:00,2021,7,4,14,30,75,75116,ALLEE DE LA REINE MARGUERITE,48.863182,2.247933,Plein jour,En agglomération,Hors intersection,Pluie légère,Deux véhicules - côté,4,2,2,0,1,1,2,0,1,50,,2,1,0,0,1,30.0,74.0,,,1,2,1,2,3
202100030857,2021-07-04 09:30:00,2021,7,4,9,30,75,75114,RUE D ALESIA,48.830824,2.318318,Plein jour,En agglomération,Hors intersection,Pluie légère,Autre collision,4,2,3,0,1,1,2,0,1,50,,1,0,0,0,1,33.0,,,,1,2,1,2,6
202100030858,2021-07-04 16:55:00,2021,7,4,16,55,75,75113,AVENUE DES GOBELINS,48.834373,2.35355,Plein jour,En agglomération,Intersection en T,Normale,Autre collision,4,2,4,0,2,1,1,0,1,50,,2,1,0,0,1,19.0,,,,1,2,3,1,6
202100030859,2021-07-04 01:40:00,2021,7,4,1,40,75,75112,RUE LOUIS BRAILLE,48.83972,2.40212,Nuit avec éclairage allumé,En agglomération,Hors intersection,Normale,Deux véhicules - arrière,4,2,2,0,2,1,1,0,1,50,,2,1,0,0,1,45.0,26.0,,,5,2,1,1,2
202100030860,2021-07-04 17:00:00,2021,7,4,17,0,75,75108,RUE DE COURCELLES,48.879145,2.30311,Plein jour,En agglomération,Intersection en X,Pluie légère,Autre collision,4,2,2,0,2,1,2,0,4,50,,3,1,0,1,1,23.0,,,,1,2,2,2,6
202100030861,2021-07-04 16:14:00,2021,7,4,16,14,75,75108,PLACE DE LA CONCORDE,48.865857,2.319891,Plein jour,En agglomération,Place,Pluie légère,Deux véhicules - côté,4,1,8,0,1,1,2,0,1,50,,4,2,0,0,2,46.0,38.0,,,1,2,7,2,3
202100030862,2021-07-03 19:10:00,2021,7,3,19,10,75,75108,AVENUE DES CHAMPS ELYSEES,48.873138,2.297096,Plein jour,En agglomération,Place,Temps éblouissant,Trois véhicules et plus - en chaîne,4,2,8,0,2,1,1,0,1,50,,3,2,0,0,1,17.0,43.0,,,1,2,7,7,4
202100030863,2021-07-03 10:48:00,2021,7,3,10,48,75,75107,RUE DE GRENELLE,48.854996,2.32457,Plein jour,En agglomération,Intersection en X,Pluie légère,Deux véhicules - côté,4,1,1,0,1,1,2,0,1,50,,2,1,0,0,1,70.0,71.0,,,1,2,2,2,3
202100030864,2021-07-04 15:05:00,2021,7,4,15,5,75,75104,VOIE GEORGES POMPIDOU,48.8510924362,2.3611365259,Plein jour,En agglomération,Intersection en Y,Pluie légère,Autre collision,4,2,2,3,1,2,2,6,4,20,,2,1,0,0,1,33.0,,,,1,2,4,2,6
202100030865,2021-07-04 02:43:00,2021,7,4,2,43,94,94076,Rue Dauphin,48.80569,2.36369,Nuit avec éclairage allumé,En agglomération,Intersection en X,Normale,Deux véhicules - côté,3,2,4,2,1,1,1,0,5,70,,2,1,0,0,1,18.0,45.0,,,5,2,2,1,3
202100030866,2021-07-04 18:48:00,2021,7,4,18,48,93,93055,ANATOLE FRANCE (AVENUE),48.893152,2.424146,Plein jour,En agglomération,Intersection en T,Temps couvert,Deux véhicules - côté,3,2,2,0,2,1,1,5,1,50,,2,1,0,0,1,72.0,66.0,,,1,2,3,8,3
202100030867,2021-07-04 13:10:00,2021,7,4,13,10,93,93051,Avenue Aristide Briand,48.84841,2.5526,Plein jour,En agglomération,Hors intersection,Normale,Autre collision,4,2,2,0,2,1,1,0,1,50,,2,1,0,0,1,75.0,,,,1,2,1,1,6
202100030868,2021-07-04 11:43:00,2021,7,4,11,43,93,93048,Rue de la Demi-Lune / Rue Georges Melies,48.876,2.45749,Plein jour,En agglomération,Intersection en T,Normale,Deux véhicules - frontale,4,1,1,0,1,1,1,0,1,50,,2,1,0,1,0,36.0,8.0,,,1,2,3,1,1