accident_id,datetime,annee,mois,jour,heure,minute,departement,commune_insee,adresse,latitude,longitude,luminosite,agglomeration,intersection,meteo,collision,catr,circ,nbv,vosp,prof,plan,surf,infra,situ,vma,nb_vehicules,nb_usagers,nb_indemnes,nb_tues,nb_blesses_hosp,nb_blesses_legers,age_cond_1,age_cond_2,veh_type_cond_1,veh_type_cond_2,lum_code,agg_code,int_code,atm_code,col_code
202100030869,2021-07-04 15:05:00,2021,7,4,15,5,93,93008,Avenue de la Division Leclerc,48.9083648269,2.4202430248,Plein jour,En agglomération,Autre intersection,Normale,Deux véhicules - arrière,3,2,2,0,1,1,1,0,1,50,,2,1,0,0,1,21.0,55.0,,,1,2,9,1,2
202100030870,2021-07-04 22:20:00,2021,7,4,22,20,92,92035,8 Mai 1945 ( rue du ),48.9116180406,2.2568307817,Nuit avec éclairage allumé,En agglomération,Hors intersection,Normale,Autre collision,4,1,1,0,1,2,1,0,1,30,,1,0,0,0,1,18.0,,,,5,2,1,1,6
202100030871,2021-07-04 17:00:00,2021,7,4,17,0,92,92026,Boulevard de la Paix,48.9018416974,2.264522016,Plein jour,En agglomération,Hors intersection,Normale,Deux véhicules - côté,4,2,2,0,1,1,2,0,1,50,,2,1,0,0,1,25.0,27.0,,,1,2,1,1,3
202100030872,2021-07-04 20:15:00,2021,7,4,20,15,92,92036,OLYMPE DE GOUGES (RUE),48.9200993574,2.315056175,Crépuscule ou aube,En agglomération,Intersection en T,Normale,Deux véhicules - côté,3,2,2,3,1,1,1,0,1,50,,2,1,0,1,0,33.0,36.0,,,2,2,3,1,3
202100030873,2021-07-02 16:00:00,2021,7,2,16,0,92,92009,EUROPE (AVENUE),48.9069410703,2.2626444697,Plein jour,En agglomération,Hors intersection,Normale,Deux véhicules - côté,3,2,2,0,1,1,1,0,1,50,,2,1,0,0,1,48.0,68.0,,,1,2,1,1,3
202100030874,2021-06-19 19:20:00,2021,6,19,19,20,40,40304,Avenue Bremontier,43.656253,-1.433228,Plein jour,En agglomération,Intersection en X,Normale,Deux véhicules - côté,4,1,2,1,1,1,1,0,5,50,,2,1,0,0,1,64.0,22.0,,,1,2,2,1,3
202100030875,2021-07-04 10:50:00,2021,7,4,10,50,49,49220,6 Rue Emile Trouvé,47.73367,-0.416949,Plein jour,En agglomération,Hors intersection,Pluie légère,Deux véhicules - frontale,9,2,2,0,2,2,2,0,1,50,,2,1,0,0,1,17.0,49.0,,,1,2,1,2,1
202100030876,2021-07-02 18:20:00,2021,7,2,18,20,83,83086,D47,43.50511,6.592011,Plein jour,Hors agglomération,Hors intersection,Normale,Deux véhicules - frontale,3,2,2,0,2,3,1,0,1,80,,2,1,0,1,0,39.0,44.0,,,1,1,1,1,1
202100030877,2021-07-04 17:00:00,2021,7,4,17,0,01,01173,D1005,46.34931,6.051289,Plein jour,Hors agglomération,Hors intersection,Temps couvert,Autre collision,3,2,2,0,4,2,2,5,1,80,,1,0,0,1,0,58.0,,,,1,1,1,8,6
202100030878,2021-07-02 20:15:00,2021,7,2,20,15,67,67425,RD219,48.7670814635,7.3793651876,Plein jour,Hors agglomération,Intersection en T,Normale,Deux véhicules - côté,3,2,2,0,2,1,1,5,1,80,,3,1,0,0,2,27.0,28.0,,,1,1,3,1,3
202100030879,2021-07-03 12:00:00,2021,7,3,12,0,22,22070,RN12 PR 89+100,48.549498,-3.147089,Plein jour,Hors agglomération,Hors intersection,Normale,Sans collision,2,3,4,0,1,1,1,2,2,110,,1,0,1,0,0,32.0,,,,1,1,1,1,7
202100030880,2021-07-03 08:50:00,2021,7,3,8,50,974,97410,RN2 pont des marsouins,-21.040627,55.712636,Plein jour,En agglomération,Hors intersection,Normale,Sans collision,2,2,2,1,1,1,1,0,5,50,,1,0,0,1,0,61.0,,,,1,2,1,1,7
202100030881,2021-07-04 10:10:00,2021,7,4,10,10,60,60176,Rue Jeanne d’Arc,49.236095,2.887339,Plein jour,En agglomération,Hors intersection,Pluie forte,Sans collision,4,1,2,0,1,1,2,0,1,50,,2,1,0,1,0,67.0,,,,1,2,1,3,7
202100030882,2021-06-26 16:00:00,2021,6,26,16,0,21,21018,D 35,47.28217,4.835497,Plein jour,Hors agglomération,Hors intersection,Temps éblouissant,Deux véhicules - frontale,3,2,2,0,2,2,1,0,1,80,,3,0,0,1,2,28.0,59.0,,,1,1,1,7,1
202100030883,2021-07-03 17:45:00,2021,7,3,17,45,83,83087,Route Departementale 560,43.405765,5.818999,Plein jour,Hors agglomération,Hors intersection,Normale,Deux véhicules - arrière,3,2,2,0,1,1,1,0,1,70,,3,1,0,0,2,62.0,48.0,,,1,1,1,1,2
202100030884,2021-07-02 18:30:00,2021,7,2,18,30,19,19274,La Mouillade,45.1924165796,1.4868854932,Plein jour,Hors agglomération,Intersection en T,Pluie légère,Deux véhicules - côté,3,2,2,0,1,1,2,0,1,90,,2,1,0,1,0,41.0,23.0,,,1,1,3,2,3
202100030885,2021-07-02 16:30:00,2021,7,2,16,30,74,74208,Av des Raches,45.913209,6.713497,Plein jour,En agglomération,Intersection en T,Normale,Sans collision,4,2,2,0,1,1,1,0,1,50,,1,0,0,1,0,50.0,,,,1,2,3,1,7
202100030886,2021-07-05 00:35:00,2021,7,5,0,35,80,80649,Route de Fort Mahon,50.331231,1.595432,Nuit sans éclairage public,Hors agglomération,Hors intersection,Normale,Sans collision,3,2,2,0,1,2,2,0,1,80,,1,0,0,1,0,24.0,,,,3,1,1,1,7
202100030887,2021-07-02 16:35:00,2021,7,2,16,35,80,80655,D936,49.959848,1.987821,Plein jour,Hors agglomération,Hors intersection,Normale,Trois véhicules et plus - collisions multiples,3,2,2,0,1,1,1,0,1,80,,4,3,0,0,1,64.0,53.0,,,1,1,1,1,5
202100030888,2021-07-05 14:00:00,2021,7,5,14,0,65,65408,"23, route des nestes",42.968535,0.37603,Plein jour,En agglomération,Hors intersection,Normale,Autre collision,3,2,2,1,1,1,1,0,3,50,,2,1,0,1,0,61.0,,,,1,2,1,1,6
202100030889,2021-07-05 09:00:00,2021,7,5,9,0,71,71263,16 Rue du Guidon,46.6336479855,5.2169185279,Plein jour,En agglomération,Hors intersection,Normale,Deux véhicules - côté,3,2,2,0,1,1,1,0,1,50,,2,1,0,1,0,45.0,64.0,,,1,2,1,1,3
202100030890,2021-07-02 13:40:00,2021,7,2,13,40,71,71395,Route du Bourg,46.528314,4.258554,Plein jour,En agglomération,Hors intersection,Temps éblouissant,Deux véhicules - frontale,4,2,2,0,2,3,1,0,1,50,,2,0,0,0,2,45.0,21.0,,,1,2,1,7,1
202100030891,2021-07-04 19:05:00,2021,7,4,19,5,12,12288,RD840,44.430095,2.446014,Plein jour,Hors agglomération,Hors intersection,Normale,Deux véhicules - frontale,3,2,2,0,1,2,1,0,1,90,,4,0,0,1,3,40.0,20.0,,,1,1,1,1,1
202100030892,2021-07-04 02:20:00,2021,7,4,2,20,46,46038,834 Avenue du General de Gaulle,44.921765,1.8299,Nuit avec éclairage allumé,Hors agglomération,Hors intersection,Normale,Autre collision,3,2,2,0,1,3,1,0,8,70,,5,0,0,2,3,20.0,,,,5,1,1,1,6
202100030893,2021-06-13 17:30:00,2021,6,13,17,30,34,34194,Route d Adissan,43.537758,3.444391,Plein jour,Hors agglomération,Hors intersection,Normale,Deux véhicules - frontale,4,-1,2,0,3,1,1,0,1,50,,2,1,0,1,0,23.0,57.0,,,1,1,1,1,1
202100030894,2021-07-04 22:00:00,2021,7,4,22,0,68,68099,D18.5,47.68616,7.265981,Nuit avec éclairage allumé,En agglomération,Autre intersection,Temps couvert,Deux véhicules - côté,3,2,2,0,1,1,1,5,1,50,,2,1,0,1,0,17.0,32.0,,,5,2,9,8,3
202100030895,2021-07-04 11:25:00,2021,7,4,11,25,22,22055,Rue de la République (Étables-sur-Mer),48.621619,-2.830975,Plein jour,En agglomération,Intersection en X,Normale,Deux véhicules - côté,4,2,2,0,1,1,1,0,1,30,,3,2,0,0,1,54.0,24.0,,,1,2,2,1,3
202100030896,2021-07-05 01:15:00,2021,7,5,1,15,39,39339,,46.355499,5.77103,Nuit sans éclairage public,Hors agglomération,Hors intersection,Normale,Autre collision,3,2,2,0,2,2,1,0,1,80,,1,0,0,1,0,50.0,,,,3,1,1,1,6
202100030897,2021-06-16 19:40:00,2021,6,16,19,40,25,25403,D 48,47.036687,6.617943,Plein jour,Hors agglomération,Hors intersection,Normale,Sans collision,3,2,2,0,2,3,1,0,1,80,,1,0,0,1,0,71.0,,,,1,1,1,1,7
202100030898,2021-07-05 12:00:00,2021,7,5,12,0,44,44069,D192,47.290139,-2.405094,Plein jour,Hors agglomération,Hors intersection,Normale,Autre collision,3,2,2,1,1,2,1,0,5,80,,2,1,0,0,1,65.0,,,,1,1,1,1,6
202100030899,2021-06-27 05:20:00,2021,6,27,5,20,35,35184,RN 12,48.192844,-2.023333,Nuit sans éclairage public,Hors agglomération,Hors intersection,Brouillard / fumée,Deux véhicules - arrière,2,3,4,0,1,1,1,0,1,110,,2,0,0,0,2,33.0,60.0,,,3,1,1,5,2
202100030900,2021-07-02 04:45:00,2021,7,2,4,45,29,29166,D63,48.155268,-4.233418,Nuit sans éclairage public,Hors agglomération,Hors intersection,Normale,Autre collision,3,2,2,0,3,1,1,0,3,50,,1,0,0,0,1,59.0,,,,3,1,1,1,6
202100030901,2021-06-30 19:10:00,2021,6,30,19,10,29,29069,Route de Pont-Cabioc'h,48.402911,-4.544991,Plein jour,Hors agglomération,Hors intersection,Normale,Deux véhicules - frontale,7,2,2,0,2,3,1,0,1,60,,2,0,0,0,2,22.0,42.0,,,1,1,1,1,1
202100030902,2021-07-04 15:30:00,2021,7,4,15,30,29,29173,lieu dit Leuré,48.0086064585,-4.1801691055,Plein jour,Hors agglomération,Hors intersection,Normale,Autre collision,3,3,2,0,3,1,1,0,3,80,,1,0,0,0,1,56.0,,,,1,1,1,1,6
202100030903,2021-07-04 17:40:00,2021,7,4,17,40,31,31334,185 Route de Saint-Sulpice,43.371162,1.312963,Plein jour,Hors agglomération,Hors intersection,Normale,Trois véhicules et plus - collisions multiples,3,2,2,0,1,1,1,0,1,80,,5,3,1,0,1,63.0,63.0,,,1,1,1,1,5
202100030904,2021-06-30 18:30:00,2021,6,30,18,30,31,31066,D15E,43.787903,1.573867,Plein jour,Hors agglomération,Intersection en T,Normale,Deux véhicules - côté,3,2,2,0,2,2,1,0,1,80,,2,1,0,1,0,49.0,13.0,,,1,1,3,1,3
202100030905,2021-07-03 18:44:00,2021,7,3,18,44,38,38134,D538,45.450452,4.994895,Plein jour,Hors agglomération,Hors intersection,Normale,Deux véhicules - frontale,3,2,2,0,2,1,1,0,1,80,,7,0,0,6,1,52.0,37.0,,,1,1,1,1,1
202100030906,2021-07-03 22:50:00,2021,7,3,22,50,38,38503,D29,45.333138,5.914834,Nuit sans éclairage public,Hors agglomération,Hors intersection,Normale,Sans collision,3,2,2,0,2,4,2,0,8,80,,4,0,0,3,1,24.0,,,,3,1,1,1,7
202100030907,2021-07-04 15:53:00,2021,7,4,15,53,38,38518,D526,44.893981,5.887411,Plein jour,Hors agglomération,Hors intersection,Pluie légère,Sans collision,3,2,2,0,2,1,2,0,3,80,,1,0,0,1,0,36.0,,,,1,1,1,2,7
202100030908,2021-06-28 12:30:00,2021,6,28,12,30,02,02712,Ferme de Camp,49.2017614438,3.5834821902,Plein jour,Hors agglomération,Hors intersection,Normale,Deux véhicules - arrière,3,2,2,0,1,1,1,0,1,80,,2,1,1,0,0,74.0,14.0,,,1,1,1,1,2
202100030909,2021-07-03 12:30:00,2021,7,3,12,30,01,01426,rd936,46.237932,5.377019,Plein jour,Hors agglomération,Hors intersection,Pluie forte,Deux véhicules - frontale,3,2,2,0,2,3,2,0,1,80,,6,4,0,0,2,73.0,46.0,,,1,1,1,3,1
202100030910,2021-07-05 09:40:00,2021,7,5,9,40,85,85008,A87 PK 120+882,46.62723,-1.43186,Plein jour,Hors agglomération,Hors intersection,Normale,Trois véhicules et plus - en chaîne,1,3,4,0,1,1,1,9,1,130,,4,2,1,1,0,59.0,37.0,,,1,1,1,1,4
202100030911,2021-07-05 11:05:00,2021,7,5,11,5,70,70311,N57,47.822789,6.394577,Plein jour,Hors agglomération,Hors intersection,Pluie légère,Autre collision,2,2,2,0,1,1,2,0,2,110,,1,0,0,1,0,76.0,,,,1,1,1,2,6
202100030912,2021-07-05 17:20:00,2021,7,5,17,20,06,06079,791 Avenue de Frejus Paul Ricard,43.533633,6.931684,Plein jour,En agglomération,Intersection en T,Normale,Autre collision,3,1,1,-1,1,1,1,-1,1,-1,,2,1,0,0,1,60.0,,,,1,2,3,1,6
202100030913,2021-07-03 23:45:00,2021,7,3,23,45,14,14515,Quai Félix Faure,49.34785,-0.755133,Nuit avec éclairage allumé,En agglomération,Hors intersection,Pluie forte,Sans collision,4,1,2,0,1,1,2,9,1,50,,1,0,0,0,1,23.0,,,,5,2,1,3,7
202100030914,2021-06-29 21:00:00,2021,6,29,21,0,64,64451,Route Departementale 202,43.325388,-0.053719,Plein jour,Hors agglomération,Hors intersection,Normale,Sans collision,3,2,2,0,1,3,1,0,3,80,,2,1,0,0,1,26.0,,,,1,1,1,1,7
202100030915,2021-07-03 14:20:00,2021,7,3,14,20,73,73107,lieu dit les bruns,45.4679706778,5.8847349032,Plein jour,Hors agglomération,Intersection en Y,Pluie légère,Autre collision,4,2,2,0,2,4,2,0,1,-1,,2,1,0,1,0,47.0,,,,1,1,4,2,6
202100030916,2021-07-02 22:00:00,2021,7,2,22,0,43,43268,RN 88,45.144039,4.109863,Nuit sans éclairage public,Hors agglomération,Autre intersection,Normale,Trois véhicules et plus - collisions multiples,2,2,2,0,1,1,1,8,1,90,,3,1,0,1,1,41.0,23.0,,,3,1,9,1,5
202100030917,2021-07-02 19:50:00,2021,7,2,19,50,43,43194,lieu dit le Triadour,45.069279,4.067192,Plein jour,Hors agglomération,Intersection en T,Normale,Deux véhicules - arrière,3,2,2,0,2,1,1,0,1,80,,2,1,0,0,1,21.0,24.0,,,1,1,3,1,2
202100030918,2021-07-02 18:40:00,2021,7,2,18,40,21,21027,Rue de Bellefond,47.38322,5.051501,Plein jour,Hors agglomération,Intersection en T,Normale,Deux véhicules - frontale,3,2,2,0,1,1,1,0,1,80,,2,0,0,1,1,33.0,70.0,,,1,1,3,1,1
202100030919,2021-06-21 15:00:00,2021,6,21,15,0,40,40312,Square Albert Mora,43.541547,-1.483483,Plein jour,En agglomération,Intersection en T,Pluie légère,Sans collision,3,2,2,0,1,1,2,0,4,50,,1,0,0,1,0,34.0,,,,1,2,3,2,7
202100030920,2021-07-04 17:30:00,2021,7,4,17,30,04,04135,RD 952,43.850877,6.173962,Plein jour,Hors agglomération,Hors intersection,Normale,Deux véhicules - côté,3,2,2,0,1,1,1,0,1,80,,4,2,0,1,1,50.0,63.0,,,1,1,1,1,3
202100030921,2021-07-04 03:15:00,2021,7,4,3,15,85,85096,la vieille garnache,46.90236,-1.82279,Nuit sans éclairage public,Hors agglomération,Hors intersection,Pluie légère,Deux véhicules - côté,3,2,2,0,1,1,1,0,1,80,,2,1,0,1,0,28.0,18.0,,,3,1,1,2,3
202100030922,2021-07-05 14:30:00,2021,7,5,14,30,17,17038,"D158, lieu dit louvrignac",45.173571,-0.305804,Plein jour,Hors agglomération,Hors intersection,Normale,Deux véhicules - frontale,3,2,2,0,1,3,1,0,1,80,,2,0,0,2,0,60.0,37.0,,,1,1,1,1,1
202100030923,2021-07-05 08:00:00,2021,7,5,8,0,30,30336,D183,43.854645,4.642625,Plein jour,Hors agglomération,Hors intersection,Temps éblouissant,Autre collision,3,2,2,0,1,1,1,0,1,80,,2,1,0,0,1,30.0,,,,1,1,1,7,6
202100030924,2021-07-04 17:15:00,2021,7,4,17,15,19,19002,A89 - PK 285.900,45.601848,2.432442,Plein jour,Hors agglomération,Hors intersection,Pluie légère,Sans collision,1,1,2,0,1,3,2,0,3,130,,1,0,0,1,0,33.0,,,,1,1,1,2,7
202100030925,2021-06-29 12:05:00,2021,6,29,12,5,973,97307,Rue Kalandja,4.88564,-52.345165,Plein jour,En agglomération,Autre intersection,Normale,Deux véhicules - côté,4,1,1,0,2,1,1,0,1,50,,2,1,0,1,0,26.0,43.0,,,1,2,9,1,3
202100030926,2021-07-04 17:55:00,2021,7,4,17,55,45,45096,A77-PK 51 + 800,47.798139,2.701391,Plein jour,Hors agglomération,Hors intersection,Pluie légère,Deux véhicules - côté,1,3,4,0,1,2,2,0,3,110,,7,2,0,2,3,48.0,36.0,,,1,1,1,2,3
202100030927,2021-06-07 12:10:00,2021,6,7,12,10,31,31107,A64,43.315578,1.209957,Plein jour,Hors agglomération,Hors intersection,Normale,Autre collision,1,-1,4,0,1,1,1,0,1,130,,1,0,0,1,0,83.0,,,,1,1,1,1,6
202100030928,2021-07-04 21:30:00,2021,7,4,21,30,978,97801,RN7 Grand Case,18.09933,-63.053933,Nuit sans éclairage public,Hors agglomération,Hors intersection,Normale,Deux véhicules - frontale,2,2,2,0,1,1,1,0,1,70,,3,1,0,1,1,62.0,36.0,,,3,1,1,1,1
202100030929,2021-04-03 19:05:00,2021,4,3,19,5,973,97309,Route de Degrad des Cannes,4.875084,-52.278206,Nuit avec éclairage allumé,En agglomération,Hors intersection,Pluie légère,Deux véhicules - frontale,3,2,2,0,1,1,2,0,1,80,,2,0,0,2,0,32.0,66.0,,,5,2,1,2,1
202100030930,2021-07-03 16:00:00,2021,7,3,16,0,28,28001,D928,48.793118,1.40095,Plein jour,Hors agglomération,Intersection en X,Normale,Deux véhicules - frontale,3,2,2,0,1,1,1,0,1,80,,2,1,0,1,0,45.0,29.0,,,1,1,2,1,1
202100030931,2021-07-03 12:00:00,2021,7,3,12,0,2A,2A247,Rue General de Boissoudy,41.607541,9.280116,Plein jour,En agglomération,Hors intersection,Normale,Trois véhicules et plus - collisions multiples,3,2,2,0,1,1,1,0,1,50,,3,1,0,0,2,34.0,18.0,,,1,2,1,1,5
202100030932,2021-07-05 12:53:00,2021,7,5,12,53,11,11301,D610,43.222585,2.619072,Plein jour,En agglomération,Intersection en T,Normale,Autre collision,3,2,1,0,1,1,1,0,1,50,,2,1,0,1,0,64.0,74.0,,,1,2,3,1,6
202100030933,2021-07-04 17:30:00,2021,7,4,17,30,34,34135,d14,43.286742,3.180166,Plein jour,Hors agglomération,Hors intersection,Normale,Deux véhicules - frontale,3,2,2,0,1,1,1,0,1,80,,3,2,0,1,0,20.0,56.0,,,1,1,1,1,1
202100030934,2021-07-05 07:08:00,2021,7,5,7,8,26,26362,Autoroute du Soleil,44.927003,4.880531,Plein jour,Hors agglomération,Hors intersection,Normale,Trois véhicules et plus - en chaîne,1,1,4,0,1,1,1,0,1,130,,6,3,0,1,2,33.0,35.0,,,1,1,1,1,4
202100030935,2021-07-04 16:35:00,2021,7,4,16,35,68,68145,1 Grand Rue,48.0812,7.387359,Plein jour,En agglomération,Hors intersection,Pluie forte,Autre collision,3,2,2,0,1,1,2,0,4,50,,1,0,0,1,0,71.0,,,,1,2,1,3,6
202100030936,2021-07-04 18:40:00,2021,7,4,18,40,88,88367,Route d Autrey,48.338562,6.658718,Plein jour,En agglomération,Hors intersection,Normale,Deux véhicules - frontale,3,2,2,0,1,1,1,0,1,50,,2,1,0,1,0,25.0,61.0,,,1,2,1,1,1
202100030937,2021-06-26 19:30:00,2021,6,26,19,30,38,38449,Luzais,45.66206,5.09921,Plein jour,Hors agglomération,Hors intersection,Normale,Trois véhicules et plus - collisions multiples,3,2,2,0,1,1,1,0,1,80,,9,3,1,0,5,30.0,68.0,,,1,1,1,1,5
202100030938,2021-07-05 16:30:00,2021,7,5,16,30,38,38451,Route de Loyettes,45.770659,5.205642,Plein jour,Hors agglomération,Hors intersection,Normale,Autre collision,3,2,2,0,1,1,1,0,1,80,,2,1,0,1,0,63.0,,,,1,1,1,1,6
202100030939,2021-07-05 13:15:00,2021,7,5,13,15,38,38407,D520 A,45.327847,5.656908,Plein jour,Hors agglomération,Hors intersection,Normale,Deux véhicules - côté,3,2,2,0,2,2,1,0,1,70,,4,1,0,0,3,74.0,26.0,,,1,1,1,1,3
202100030940,2021-07-05 11:25:00,2021,7,5,11,25,26,26313,Avenue de Provence,44.9612,4.940296,Plein jour,En agglomération,Giratoire,Normale,Deux véhicules - côté,3,2,2,0,1,1,1,9,1,30,,2,1,0,1,0,79.0,58.0,,,1,2,6,1,3
202100030941,2021-07-04 05:20:00,2021,7,4,5,20,26,26235,31 Place du Champ de Mars,44.376158,4.698737,Nuit avec éclairage allumé,En agglomération,Place,Normale,Autre collision,4,2,2,0,1,2,1,0,4,30,,2,0,0,1,1,25.0,,,,5,2,7,1,6
202100030942,2021-07-05 18:45:00,2021,7,5,18,45,01,01202,32 Route du Port,45.90098,5.347426,Plein jour,En agglomération,Hors intersection,Normale,Autre collision,3,2,2,0,1,1,1,0,1,50,,2,1,0,1,0,17.0,,,,1,2,1,1,6
202100030943,2021-07-03 16:40:00,2021,7,3,16,40,86,86062,Allée du Haut Poitou,46.646985,0.361053,Plein jour,Hors agglomération,Hors intersection,Normale,Autre collision,4,2,2,0,1,1,1,0,1,50,,3,1,0,1,1,54.0,,,,1,1,1,1,6
202100030944,2021-07-02 13:50:00,2021,7,2,13,50,85,85226,Rue des Tressanges,46.709773,-1.961161,Plein jour,En agglomération,Giratoire,Normale,Deux véhicules - côté,4,2,2,0,1,3,1,0,1,50,,2,1,0,1,0,88.0,77.0,,,1,2,6,1,3
202100030945,2021-06-11 22:30:00,2021,6,11,22,30,44,44172,Route de Paris,47.265871,-1.487564,Nuit avec éclairage allumé,Hors agglomération,Intersection à plus de 4 branches,Normale,Deux véhicules - côté,7,3,4,0,1,1,1,5,1,70,,2,0,0,1,1,26.0,30.0,,,5,1,5,1,3
202100030946,2021-07-04 20:00:00,2021,7,4,20,0,14,14106,D513,49.222012,-0.236099,Plein jour,Hors agglomération,Intersection en Y,Normale,Deux véhicules - côté,3,2,2,0,1,2,1,3,1,90,,5,4,0,1,0,35.0,28.0,,,1,1,4,1,3
202100030947,2021-07-05 05:30:00,2021,7,5,5,30,76,76678,Route de la Cavée,49.632336,1.480166,Crépuscule ou aube,Hors agglomération,Hors intersection,Normale,Autre collision,3,2,2,0,3,3,2,0,3,70,,1,0,0,1,0,35.0,,,,2,1,1,1,6
202100030948,2021-07-02 04:35:00,2021,7,2,4,35,76,76672,Route de Gaillefontaine,49.6154885042,1.5539555526,Nuit sans éclairage public,Hors agglomération,Hors intersection,Brouillard / fumée,Sans collision,3,2,2,0,1,3,1,0,3,80,,1,0,0,1,0,19.0,,,,3,1,1,5,7
202100030949,2021-07-05 18:00:00,2021,7,5,18,0,60,60346,Rond point de l'étoile,49.1636147496,2.4301999211,Plein jour,En agglomération,Giratoire,Normale,Deux véhicules - frontale,4,1,2,0,1,2,1,0,1,30,,2,1,0,0,1,13.0,37.0,,,1,2,6,1,1
202100030950,2021-07-04 23:45:00,2021,7,4,23,45,02,02574,D963,49.891623,4.033661,Nuit sans éclairage public,Hors agglomération,Hors intersection,Normale,Deux véhicules - frontale,3,2,2,0,1,1,1,2,1,80,,2,1,1,0,0,46.0,46.0,,,3,1,1,1,1
202100030951,2021-07-04 19:56:00,2021,7,4,19,56,62,62443,Boulevard de la Fosse 10,50.440582,2.653692,Crépuscule ou aube,En agglomération,Hors intersection,Normale,Deux véhicules - frontale,4,2,2,0,2,2,2,2,1,50,,2,0,0,0,2,33.0,38.0,,,2,2,1,1,1
202100030952,2021-07-03 06:00:00,2021,7,3,6,0,13,13215,A7-Sens Lyon vers Marseille,43.350217,5.368929,Nuit sans éclairage public,Hors agglomération,Hors intersection,Normale,Autre collision,1,1,3,0,1,1,1,0,1,90,,1,0,0,0,1,36.0,,,,3,1,1,1,6
202100030953,2021-06-28 15:00:00,2021,6,28,15,0,69,69152,A450  0.000 A 1.090,45.6951344633,4.8306155205,Plein jour,Hors agglomération,Hors intersection,Normale,Deux véhicules - côté,1,3,6,0,1,1,1,0,1,70,,3,2,0,1,0,24.0,42.0,,,1,1,1,1,3
202100030954,2021-07-04 01:55:00,2021,7,4,1,55,33,33080,AUTOROUTE A 62,44.739036,-0.534809,Nuit sans éclairage public,Hors agglomération,Hors intersection,Normale,Deux véhicules - arrière,1,3,4,0,1,1,1,0,1,130,,5,3,0,0,2,29.0,25.0,,,3,1,1,1,2
202100030955,2021-07-04 18:40:00,2021,7,4,18,40,91,91363,RN 104,48.65789,2.18259,Plein jour,Hors agglomération,Hors intersection,Pluie forte,Trois véhicules et plus - collisions multiples,2,3,2,0,2,1,2,0,1,70,,5,3,0,0,2,57.0,28.0,,,1,1,1,3,5
202100030956,2021-07-04 13:00:00,2021,7,4,13,0,91,91161,AUTOROUTE A6,48.69637,2.31657,Plein jour,Hors agglomération,Hors intersection,Normale,Autre collision,1,3,6,0,1,1,1,0,1,110,,4,2,0,0,2,48.0,20.0,,,1,1,1,1,6
202100030957,2021-07-04 09:26:00,2021,7,4,9,26,94,94038,AUTOROUTE A6B,48.77194,2.34519,Plein jour,Hors agglomération,Hors intersection,Pluie légère,Deux véhicules - arrière,1,1,4,0,1,1,2,3,1,90,,3,1,0,0,2,72.0,,,,1,1,1,2,2
202100030958,2021-07-04 09:45:00,2021,7,4,9,45,91,91228,RN 104,48.62707,2.40039,Plein jour,Hors agglomération,Hors intersection,Pluie légère,Autre collision,2,1,2,0,1,2,2,0,1,90,,1,0,0,0,1,20.0,,,,1,1,1,2,6
202100030959,2021-07-03 15:15:00,2021,7,3,15,15,91,91689,AUTOROUTE A6,48.72896,2.31446,Plein jour,Hors agglomération,Hors intersection,Normale,Deux véhicules - arrière,1,1,3,0,1,1,1,0,1,110,,6,1,0,0,5,36.0,24.0,,,1,1,1,1,2
202100030960,2021-07-04 14:50:00,2021,7,4,14,50,78,78007,A13W,48.896757,2.006461,Plein jour,Hors agglomération,Hors intersection,Pluie légère,Autre collision,1,3,4,0,2,1,2,0,1,110,,1,0,0,0,1,30.0,,,,1,1,1,2,6
202100030961,2021-07-04 07:15:00,2021,7,4,7,15,92,92036,RN315 Y,48.9299019086,2.3021194538,Crépuscule ou aube,Hors agglomération,Hors intersection,Normale,Autre collision,2,3,4,0,1,1,1,0,1,110,,1,0,0,0,1,27.0,,,,2,1,1,1,6
202100030962,2021-07-04 06:27:00,2021,7,4,6,27,78,78133,A13,48.893417,2.008204,Crépuscule ou aube,Hors agglomération,Hors intersection,Pluie légère,Autre collision,1,3,4,0,1,1,2,0,1,110,,3,0,0,0,3,19.0,,,,2,1,1,2,6
202100030963,2021-07-03 18:10:00,2021,7,3,18,10,92,92047,A13,48.8367476276,2.1860577644,Plein jour,Hors agglomération,Hors intersection,Normale,Trois véhicules et plus - en chaîne,1,1,3,0,1,1,1,2,1,110,,6,5,0,0,1,53.0,23.0,,,1,1,1,1,4
202100030964,2021-07-03 18:30:00,2021,7,3,18,30,95,95500,A15,49.03604,2.0951,Plein jour,Hors agglomération,Hors intersection,Pluie forte,Deux véhicules - côté,1,3,4,0,1,1,2,0,1,90,,3,0,0,0,3,39.0,43.0,,,1,1,1,3,3
202100030965,2021-07-04 15:50:00,2021,7,4,15,50,95,95256,RN 184,49.054282,2.200432,Plein jour,Hors agglomération,Hors intersection,Normale,Trois véhicules et plus - collisions multiples,2,3,6,0,2,1,1,0,1,90,,4,2,0,0,2,31.0,60.0,,,1,1,1,1,5