accident_id,datetime,annee,mois,jour,heure,minute,departement,commune_insee,adresse,latitude,longitude,luminosite,agglomeration,intersection,meteo,collision,catr,circ,nbv,vosp,prof,plan,surf,infra,situ,vma,nb_vehicules,nb_usagers,nb_indemnes,nb_tues,nb_blesses_hosp,nb_blesses_legers,age_cond_1,age_cond_2,veh_type_cond_1,veh_type_cond_2,lum_code,agg_code,int_code,atm_code,col_code
202100030966,2021-07-04 16:40:00,2021,7,4,16,40,92,92036,AUTOROUTE A15,48.9423087641,2.2895919163,Plein jour,Hors agglomération,Hors intersection,Normale,Trois véhicules et plus - en chaîne,1,3,6,0,1,1,2,0,1,90,,3,0,0,0,3,31.0,30.0,,,1,1,1,1,4
202100030967,2021-07-04 16:00:00,2021,7,4,16,0,93,93007,AUTOROUTE A3,48.94366,2.47769,Plein jour,Hors agglomération,Hors intersection,Normale,Trois véhicules et plus - en chaîne,1,3,3,0,1,1,1,0,1,90,,5,3,0,0,2,41.0,37.0,,,1,1,1,1,4
202100030968,2021-07-04 16:00:00,2021,7,4,16,0,93,93007,AUTOROUTE A3,48.94366,2.47769,Plein jour,Hors agglomération,Hors intersection,Normale,Deux véhicules - arrière,1,3,6,0,1,1,1,0,1,110,,3,2,0,0,1,54.0,62.0,,,1,1,1,1,2
202100030969,2021-07-04 12:00:00,2021,7,4,12,0,95,95572,RN 184,49.0315187277,2.1055233479,Plein jour,Hors agglomération,Hors intersection,Pluie légère,Autre collision,2,1,1,0,1,3,2,0,1,70,,2,1,0,0,1,28.0,,,,1,1,1,2,6
202100030970,2021-07-04 11:50:00,2021,7,4,11,50,93,93027,Landy,48.9335256501,2.3841247558,Plein jour,Hors agglomération,Hors intersection,Pluie légère,Deux véhicules - arrière,1,3,2,0,2,2,2,3,1,70,,3,2,0,0,1,36.0,47.0,,,1,1,1,2,2
202100030971,2021-07-04 09:00:00,2021,7,4,9,0,95,95604,AUTOROUTE A1,49.11956,2.55617,Plein jour,Hors agglomération,Hors intersection,Pluie légère,Deux véhicules - arrière,1,3,6,0,1,1,2,0,1,130,,2,1,0,0,1,21.0,75.0,,,1,1,1,2,2
202100030972,2021-07-04 06:10:00,2021,7,4,6,10,93,93066,AUTOROUTE A1,48.9287391267,2.3587736587,Nuit sans éclairage public,Hors agglomération,Hors intersection,Pluie légère,Trois véhicules et plus - collisions multiples,1,3,6,0,2,3,2,2,1,70,,4,2,0,0,2,21.0,27.0,,,3,1,1,2,5
202100030973,2021-07-04 01:40:00,2021,7,4,1,40,95,95582, A15,48.9662,2.2573,Nuit sans éclairage public,Hors agglomération,Hors intersection,Normale,Autre collision,1,3,8,0,1,1,1,0,1,90,,4,2,0,0,2,23.0,,,,3,1,1,1,6
202100030974,2021-07-03 23:30:00,2021,7,3,23,30,95,95582, A15,48.96624,2.25746,Nuit sans éclairage public,Hors agglomération,Hors intersection,Normale,Deux véhicules - arrière,1,3,9,0,1,1,1,0,1,110,,3,2,0,0,1,66.0,31.0,,,3,1,1,1,2
202100030975,2021-07-03 19:55:00,2021,7,3,19,55,93,93066,AUTOROUTE A86,48.92191,2.36663,Plein jour,Hors agglomération,Hors intersection,Normale,Trois véhicules et plus - en chaîne,1,3,10,0,1,1,1,0,1,90,,4,0,0,0,4,48.0,47.0,,,1,1,1,1,4
202100030976,2021-07-02 15:00:00,2021,7,2,15,0,92,92078,AUTOROUTE A86,48.9294615368,2.327973188,Plein jour,Hors agglomération,Hors intersection,Normale,Deux véhicules - arrière,1,3,8,0,1,1,1,0,1,90,,3,2,0,0,1,56.0,71.0,,,1,1,1,1,2
202100030977,2021-07-03 15:30:00,2021,7,3,15,30,94,94065,N186,48.7535954991,2.3654068996,Plein jour,Hors agglomération,Hors intersection,Normale,Deux véhicules - côté,2,3,4,0,1,1,1,0,1,90,,2,1,0,0,1,26.0,42.0,,,1,1,1,1,3
202100030978,2021-07-03 20:15:00,2021,7,3,20,15,82,82033,SAINT NICOLAS VC 4 ET 58 (CHEMIN DE) ,44.066256,1.068324,Plein jour,Hors agglomération,Hors intersection,Normale,Sans collision,4,2,2,0,1,3,1,0,1,50,,1,0,0,1,0,64.0,,,,1,1,1,1,7
202100030979,2021-06-29 18:20:00,2021,6,29,18,20,80,80021,ABBEVILLE (RUE D'),49.91089,2.25679,Plein jour,En agglomération,Hors intersection,Normale,Trois véhicules et plus - en chaîne,3,2,3,3,1,1,1,0,1,50,,4,3,0,0,1,55.0,70.0,,,1,2,1,1,4
202100030980,2021-06-28 12:14:00,2021,6,28,12,14,80,80021,BAPAUME (BOULEVARD DE),49.87894,2.30524,Plein jour,En agglomération,Intersection en X,Normale,Deux véhicules - côté,3,2,5,0,1,1,1,0,1,50,,2,1,0,0,1,42.0,52.0,,,1,2,2,1,3
202100030981,2021-06-23 20:15:00,2021,6,23,20,15,80,80021,PARMENTIER (PLACE),49.89546,2.30588,Plein jour,En agglomération,Hors intersection,Normale,Deux véhicules - côté,4,2,3,0,1,1,1,0,1,50,,2,1,0,0,1,24.0,42.0,,,1,2,1,1,3
202100030982,2021-06-26 14:00:00,2021,6,26,14,0,80,80489,VICTOR HUGO (AVENUE),49.86606,2.35343,Plein jour,En agglomération,Hors intersection,Normale,Deux véhicules - arrière,4,2,2,0,1,1,1,0,1,50,,3,1,0,0,2,20.0,43.0,,,1,2,1,1,2
202100030983,2021-07-04 00:25:00,2021,7,4,0,25,78,78401,BRIGITTE GROS (PLACE),49.004766,1.910462,Nuit avec éclairage allumé,En agglomération,Place,Pluie légère,Autre collision,4,2,2,0,1,2,2,0,1,50,,2,1,0,0,1,29.0,,,,5,2,7,2,6
202100030984,2021-07-01 20:25:00,2021,7,1,20,25,78,78498,CEP AVENUE DU,48.928829,2.041463,Plein jour,En agglomération,Giratoire,Normale,Autre collision,4,-1,1,0,1,2,1,9,1,50,,3,1,0,0,2,19.0,,,,1,2,6,1,6
202100030985,2021-06-29 16:50:00,2021,6,29,16,50,78,78498,EISENHOWER AV DU GENERAL,48.92622,2.05137,Plein jour,En agglomération,Hors intersection,Temps couvert,Autre collision,3,3,2,0,2,1,1,5,1,50,,2,0,1,1,0,21.0,,,,1,2,1,8,6
202100030986,2021-06-28 14:50:00,2021,6,28,14,50,77,77326,D.346,48.58159,2.55374,Plein jour,Hors agglomération,Intersection en T,Normale,Deux véhicules - frontale,3,2,3,0,1,1,1,0,1,70,,4,0,0,4,0,29.0,41.0,,,1,1,3,1,1
202100030987,2021-07-01 20:40:00,2021,7,1,20,40,77,77449,BD LA MERIDIENNE,48.85374,2.77352,Plein jour,En agglomération,Autre intersection,Normale,Deux véhicules - côté,3,2,6,0,1,1,1,0,1,50,,3,1,0,0,2,45.0,30.0,,,1,2,9,1,3
202100030988,2021-06-28 10:00:00,2021,6,28,10,0,77,77307,AV THIBAUD DE CHAMPAGNE,48.877759,2.73831,Plein jour,En agglomération,Hors intersection,Normale,Deux véhicules - frontale,3,2,2,0,2,1,1,0,1,50,,4,1,0,0,3,19.0,60.0,,,1,2,1,1,1
202100030989,2021-06-19 14:30:00,2021,6,19,14,30,77,77131,Longs Sillons (rue),48.80736,3.10126,Plein jour,En agglomération,Hors intersection,Normale,Sans collision,5,2,2,0,1,1,1,9,8,30,,1,0,0,1,0,18.0,,,,1,2,1,1,7
202100030990,2021-06-29 12:30:00,2021,6,29,12,30,76,76540,EMENDREVILLE. RUE D',49.42956,1.09611,Plein jour,En agglomération,Hors intersection,Normale,Deux véhicules - côté,4,2,1,0,1,1,1,0,1,30,,2,0,0,2,0,21.0,82.0,,,1,2,1,1,3
202100030991,2021-06-16 20:53:00,2021,6,16,20,53,74,74008,GENEVE (RUE DE),46.19302,6.22533,Plein jour,En agglomération,Hors intersection,Normale,Autre collision,3,2,2,0,1,2,1,0,1,50,,1,0,1,0,0,18.0,,,,1,2,1,1,6
202100030992,2021-06-30 13:50:00,2021,6,30,13,50,74,74010,MARQUISATS (AVENUE DES),45.8969,6.1317,Plein jour,En agglomération,Hors intersection,Normale,Deux véhicules - côté,3,4,2,0,1,3,1,5,1,30,,3,2,0,0,1,60.0,37.0,,,1,2,1,1,3
202100030993,2021-06-29 08:25:00,2021,6,29,8,25,73,73065,ROUSSEAU JEAN JACQUES (ROND POINT) / D912,45.56333,5.92832,Plein jour,En agglomération,Giratoire,Pluie légère,Deux véhicules - côté,3,2,2,0,4,1,2,5,1,50,,2,1,0,1,0,53.0,17.0,,,1,2,6,2,3
202100030994,2021-06-25 17:35:00,2021,6,25,17,35,73,73065,N201 VRU,45.575202,5.928766,Plein jour,Hors agglomération,Hors intersection,Normale,Deux véhicules - arrière,2,3,6,0,1,1,1,1,1,90,,2,1,0,0,1,46.0,,,,1,1,1,1,2
202100030995,2021-07-03 15:20:00,2021,7,3,15,20,72,72181,RHIN ET DANUBE (AV) N° PAIRS 194 A 338,48.02237,0.18343,Plein jour,En agglomération,Hors intersection,Normale,Autre collision,4,2,2,0,1,1,1,0,4,50,,1,0,0,1,0,31.0,,,,1,2,1,1,6
202100030996,2021-07-02 22:15:00,2021,7,2,22,15,72,72181,CLEMENCEAU GEORGES ( BD) N° IMP,47.97836,0.21328,Nuit avec éclairage allumé,En agglomération,Hors intersection,Normale,Deux véhicules - frontale,4,2,2,0,2,1,1,0,1,50,,2,1,0,0,1,20.0,43.0,,,5,2,1,1,1
202100030997,2021-06-30 23:20:00,2021,6,30,23,20,72,72181,GENESLAY FELIX (AV) N° PAIRS 146 A 234,47.97786,0.20813,Nuit sans éclairage public,En agglomération,Intersection en X,Normale,Deux véhicules - côté,3,3,4,0,1,1,1,0,1,50,,4,2,0,0,2,,33.0,,,3,2,2,1,3
202100030998,2021-06-30 18:00:00,2021,6,30,18,0,72,72003,CROIX GEORGETTE (RTE DE LA),47.97412,0.14286,Plein jour,Hors agglomération,Hors intersection,Normale,Deux véhicules - arrière,4,2,2,0,1,1,1,0,1,50,,3,1,0,0,2,69.0,20.0,,,1,1,1,1,2
202100030999,2021-06-30 16:15:00,2021,6,30,16,15,72,72181,SAURIA CHARLES (RUE),48.0339,0.1807,Plein jour,En agglomération,Hors intersection,Normale,Deux véhicules - côté,4,2,3,0,2,1,1,0,1,50,,2,1,0,0,1,37.0,31.0,,,1,2,1,1,3
202100031000,2021-06-30 14:20:00,2021,6,30,14,20,72,72003,GAULLE CHARLES DE (AV),47.96999,0.15959,Plein jour,En agglomération,Hors intersection,Normale,Autre collision,4,2,2,0,1,1,1,0,1,50,,2,1,0,0,1,71.0,,,,1,2,1,1,6
202100031001,2021-07-03 19:20:00,2021,7,3,19,20,71,71306,Rue du 11 Novembre 1918,46.676708,4.364386,Plein jour,En agglomération,Intersection en T,Normale,Autre collision,4,2,2,0,2,1,1,5,1,50,,2,1,0,0,1,46.0,,,,1,2,3,1,6
202100031002,2021-06-29 02:00:00,2021,6,29,2,0,71,71306,Rue de Montcenis,46.692185551,4.3471958197,Nuit sans éclairage public,En agglomération,Intersection en X,Pluie légère,Autre collision,3,2,2,0,1,1,2,0,1,50,,4,1,0,1,2,28.0,,,,3,2,2,2,6
202100031003,2021-06-28 12:27:00,2021,6,28,12,27,71,71270,Avenue Edouard Hérriot,46.30007,4.82875,Plein jour,En agglomération,Hors intersection,Normale,Autre collision,3,3,4,0,1,1,2,0,1,50,,2,1,0,0,1,19.0,,,,1,2,1,1,6
202100031004,2021-07-01 17:30:00,2021,7,1,17,30,71,71309,27 Rue d’Autun,46.7929560576,4.3889371816,Plein jour,En agglomération,Intersection en X,Normale,Deux véhicules - côté,3,2,2,0,1,1,1,0,1,50,,2,0,0,1,1,22.0,40.0,,,1,2,2,1,3
202100031005,2021-07-01 15:55:00,2021,7,1,15,55,71,71540,Rond-Point du Vieux Saule,46.7683229003,4.4520665769,Plein jour,Hors agglomération,Hors intersection,Normale,Deux véhicules - arrière,3,2,2,0,4,1,1,5,1,70,,2,1,0,0,1,23.0,48.0,,,1,1,1,1,2
202100031006,2021-06-25 14:05:00,2021,6,25,14,5,71,71118,,46.7982525382,4.8007827081,Plein jour,Hors agglomération,Hors intersection,Normale,Deux véhicules - côté,3,2,2,1,1,1,1,-1,1,50,,2,0,0,1,1,16.0,39.0,,,1,1,1,1,3
202100031007,2021-06-21 10:25:00,2021,6,21,10,25,70,70550,ROCADE OUEST - RD 457,47.6413452135,6.1478349566,Plein jour,Hors agglomération,Giratoire,Normale,Deux véhicules - côté,2,1,1,0,1,2,1,5,1,50,,2,1,0,1,0,54.0,27.0,,,1,1,6,1,3
202100031008,2021-07-03 17:00:00,2021,7,3,17,0,69,69266,GENAS (DE) (RTE) ,45.75156,4.90646,Plein jour,En agglomération,Intersection en X,Temps couvert,Deux véhicules - côté,4,2,5,0,1,1,1,0,1,50,,3,1,0,0,2,21.0,25.0,,,1,2,2,8,3
202100031009,2021-07-03 13:30:00,2021,7,3,13,30,69,69256,SOIE  (DE LA ) (RDPT),45.7722410553,4.9335471623,Plein jour,En agglomération,Hors intersection,Pluie légère,Trois véhicules et plus - en chaîne,7,2,4,0,1,2,2,2,1,50,,7,3,0,1,3,21.0,44.0,,,1,2,1,2,4
202100031010,2021-07-01 08:20:00,2021,7,1,8,20,69,69256,GUY MOQUET (PL),45.78487,4.9111,Plein jour,En agglomération,Hors intersection,Normale,Autre collision,4,1,1,3,1,1,1,0,1,50,,2,1,0,0,1,36.0,,,,1,2,1,1,6
202100031011,2021-06-01 12:30:00,2021,6,1,12,30,69,69256,PAUL MARCELLIN                      (AV),45.77405,4.93232,Plein jour,En agglomération,Intersection en Y,Normale,Deux véhicules - arrière,4,2,4,0,1,3,1,0,1,30,,2,1,0,0,1,12.0,51.0,,,1,2,4,1,2
202100031012,2021-06-27 21:45:00,2021,6,27,21,45,69,69264,BURDEAU (BD),45.99535,4.71933,Nuit avec éclairage allumé,En agglomération,Hors intersection,Normale,Autre collision,3,2,3,2,1,1,1,0,8,50,,3,1,0,0,2,19.0,,,,5,2,1,1,6
202100031013,2021-06-29 22:35:00,2021,6,29,22,35,69,69013,RN6 (CHARTONNIERE),46.00344,4.71957,Nuit avec éclairage non allumé,En agglomération,Hors intersection,Normale,Deux véhicules - côté,3,2,2,0,1,1,1,0,1,50,,2,1,0,0,1,29.0,17.0,,,4,2,1,1,3
202100031014,2021-06-30 14:45:00,2021,6,30,14,45,68,68256,REPUBLIQUE (RUE DE LA),47.76749,7.31092,Plein jour,En agglomération,Hors intersection,Pluie légère,Deux véhicules - frontale,4,2,2,1,1,1,2,0,1,50,,2,1,0,1,0,19.0,,,,1,2,1,2,1
202100031015,2021-06-28 16:45:00,2021,6,28,16,45,68,68056,19ème Dragon (rue),47.71509,7.32814,Plein jour,Hors agglomération,Hors intersection,Pluie légère,Autre collision,3,2,2,0,1,1,2,0,1,70,,1,0,0,0,1,28.0,,,,1,1,1,2,6
202100031016,2021-06-27 20:30:00,2021,6,27,20,30,67,67482,JARDINIERS (RUE DES),48.5984027109,7.7852344729,Plein jour,En agglomération,Hors intersection,Normale,Autre collision,4,1,1,2,1,2,1,0,1,30,,1,0,0,0,1,86.0,,,,1,2,1,1,6
202100031017,2021-06-27 15:45:00,2021,6,27,15,45,67,67482,MONTAGNE VERTE (RUE DE LA),48.57032,7.73809,Plein jour,En agglomération,Intersection en T,Normale,Deux véhicules - côté,4,3,4,0,1,2,1,5,1,50,,3,1,0,0,2,45.0,30.0,,,1,2,3,1,3
202100031018,2021-07-02 10:58:00,2021,7,2,10,58,66,66136,FLANDRES/DUNKERQUE (CARREFOUR),42.68666,2.90729,Plein jour,En agglomération,Giratoire,Normale,Deux véhicules - côté,4,1,3,1,1,2,1,0,1,30,,2,1,0,0,1,24.0,28.0,,,1,2,6,1,3
202100031019,2021-07-01 16:11:00,2021,7,1,16,11,66,66136,CLEMENCEAU (BOULEVARD),42.70081,2.89168,Plein jour,En agglomération,Hors intersection,Normale,Autre collision,4,2,3,3,1,1,1,0,1,50,,2,1,0,1,0,51.0,,,,1,2,1,1,6
202100031020,2021-06-30 17:04:00,2021,6,30,17,4,66,66136,GRANDE BRETAGNE (AVENUE DE),42.6994519169,2.8826370835,Plein jour,En agglomération,Hors intersection,Normale,Autre collision,4,2,2,0,1,1,1,0,1,50,,2,1,0,0,1,24.0,,,,1,2,1,1,6
202100031021,2021-06-30 00:10:00,2021,6,30,0,10,66,66136,NATURE,42.69057,2.91024,Nuit avec éclairage allumé,En agglomération,Hors intersection,Normale,Autre collision,4,2,2,0,1,1,1,0,1,50,,2,0,0,1,1,32.0,,,,5,2,1,1,6
202100031022,2021-06-28 15:45:00,2021,6,28,15,45,66,66136,FRANCE LIBRE (BOULEVARD DE LA),42.70742,2.90802,Plein jour,En agglomération,Hors intersection,Normale,Deux véhicules - frontale,3,2,2,0,1,1,1,0,1,50,,2,1,0,0,1,62.0,62.0,,,1,2,1,1,1
202100031023,2021-07-01 12:50:00,2021,7,1,12,50,65,65047,JAURES (AVE JEAN),43.26152,0.10279,Plein jour,Hors agglomération,Hors intersection,Normale,Autre collision,2,2,2,0,1,1,1,0,3,70,,2,0,0,0,2,33.0,,,,1,1,1,1,6
202100031024,2021-07-01 10:15:00,2021,7,1,10,15,65,65417,REPUBLIQUE (RUE DE LA),43.2284,0.10323,Plein jour,En agglomération,Hors intersection,Normale,Sans collision,4,-1,0,0,1,1,1,0,4,50,,1,0,0,0,1,69.0,,,,1,2,1,1,7
202100031025,2021-06-29 20:50:00,2021,6,29,20,50,65,65440,JOFFRE (AVENUE DU MARECHAL),43.23955,0.07026,Plein jour,En agglomération,Intersection en T,Normale,Deux véhicules - côté,3,2,2,0,1,1,1,0,1,50,,4,3,0,0,1,18.0,34.0,,,1,2,3,1,3
202100031026,2021-06-29 18:30:00,2021,6,29,18,30,64,64249,GETARIA(AVENUE),43.4210149645,-1.6059663904,Plein jour,En agglomération,Hors intersection,Temps couvert,Deux véhicules - arrière,3,2,2,0,2,1,1,0,1,70,,3,2,0,0,1,66.0,59.0,,,1,2,1,8,2
202100031027,2021-07-03 10:25:00,2021,7,3,10,25,64,64445,CARNOT,43.29976,-0.36999,Plein jour,En agglomération,Intersection en X,Temps couvert,Deux véhicules - côté,4,-1,1,1,1,1,2,0,5,30,,2,1,0,0,1,18.0,30.0,,,1,2,2,8,3
202100031028,2021-06-30 12:25:00,2021,6,30,12,25,64,64445,EMILE GARET,43.3000442411,-0.3624163455,Plein jour,En agglomération,Hors intersection,Normale,Autre collision,4,2,2,0,1,1,1,0,1,30,,2,1,0,0,1,65.0,27.0,,,1,2,1,1,6
202100031029,2021-07-02 14:15:00,2021,7,2,14,15,64,64125,LAC (AVENUE DU ),43.45909,-1.57885,Plein jour,En agglomération,Autre intersection,Temps éblouissant,Autre collision,4,-1,1,0,1,1,1,0,4,30,,1,0,0,0,1,61.0,,,,1,2,9,7,6
202100031030,2021-06-28 10:55:00,2021,6,28,10,55,64,64122,BEAURIVAGE (AVENUE- PLACE),43.47308,-1.56659,Plein jour,En agglomération,Hors intersection,Normale,Deux véhicules - arrière,4,1,5,0,1,3,1,9,1,50,,2,1,0,0,1,55.0,67.0,,,1,2,1,1,2
202100031031,2021-07-02 18:57:00,2021,7,2,18,57,64,64102,SOULT (AVENUE MARECHAL),43.48715,-1.48557,Plein jour,En agglomération,Hors intersection,Normale,Deux véhicules - arrière,3,3,4,0,1,1,1,0,1,50,,2,1,0,0,1,18.0,66.0,,,1,2,1,1,2
202100031032,2021-07-02 16:45:00,2021,7,2,16,45,64,64102,SAINT LEON (ROND POINT),43.48781,-1.48281,Plein jour,En agglomération,Giratoire,Normale,Deux véhicules - arrière,3,1,2,0,1,1,1,5,1,50,,2,1,0,0,1,14.0,14.0,,,1,2,6,1,2
202100031033,2021-07-02 11:00:00,2021,7,2,11,0,64,64024,BAYONNE (AVENUE DE),43.48265,-1.50449,Plein jour,En agglomération,Hors intersection,Normale,Sans collision,3,2,4,3,1,1,1,0,1,50,,1,0,0,0,1,23.0,,,,1,2,1,1,7
202100031034,2021-06-29 21:20:00,2021,6,29,21,20,64,64102,MAUBEC (RUE),43.49809,-1.46751,Plein jour,En agglomération,Intersection en T,Normale,Deux véhicules - côté,4,-1,3,0,2,1,1,0,1,30,,2,1,0,0,1,48.0,30.0,,,1,2,3,1,3
202100031035,2021-06-28 17:50:00,2021,6,28,17,50,64,64140,DOUANE (QUAI DE LA),43.5225,-1.49001,Plein jour,En agglomération,Hors intersection,Normale,Deux véhicules - côté,3,2,2,0,1,4,1,0,1,50,,2,1,0,0,1,15.0,34.0,,,1,2,1,1,3
202100031036,2021-06-28 12:40:00,2021,6,28,12,40,64,64102,SOULT (AVENUE MARECHAL),43.48368,-1.50096,Plein jour,En agglomération,Hors intersection,Normale,Autre collision,3,2,4,0,2,1,1,0,1,50,,2,0,0,0,2,25.0,,,,1,2,1,1,6
202100031037,2021-07-03 03:54:00,2021,7,3,3,54,63,63113,FOREST (AVENUE FERNAND),45.79997,3.1123,Nuit avec éclairage allumé,En agglomération,Intersection en X,Pluie légère,Deux véhicules - côté,7,2,7,0,1,1,2,0,1,50,,2,1,0,0,1,25.0,22.0,,,5,2,2,2,3
202100031038,2021-07-02 10:06:00,2021,7,2,10,6,63,63113,CHARRAS (AVENUE),45.77975,3.09593,Plein jour,En agglomération,Hors intersection,Normale,Autre collision,4,1,1,0,1,1,1,0,1,50,,2,1,0,0,1,66.0,,,,1,2,1,1,6
202100031039,2021-07-02 14:27:00,2021,7,2,14,27,63,63113,JOUHAUX (BD LEON),45.79988,3.11273,Plein jour,En agglomération,Hors intersection,Normale,Autre collision,6,-1,-1,0,1,1,1,0,4,50,,2,1,0,0,1,64.0,,,,1,2,1,1,6
202100031040,2021-07-02 01:30:00,2021,7,2,1,30,63,63113,JAURES (BD JEAN),45.7678246174,3.081869576,Nuit avec éclairage allumé,En agglomération,Intersection en X,Normale,Deux véhicules - côté,4,2,2,0,1,1,1,0,1,50,,3,0,0,0,3,26.0,25.0,,,5,2,2,1,3
202100031041,2021-06-30 12:38:00,2021,6,30,12,38,63,63113,LAGARLAYE (RUE DE),45.77375,3.08236,Plein jour,En agglomération,Intersection en X,Normale,Deux véhicules - arrière,4,1,2,0,1,1,1,5,1,50,,2,1,0,0,1,32.0,41.0,,,1,2,2,1,2
202100031042,2021-06-29 20:53:00,2021,6,29,20,53,63,63113,CLEMENTEL (BD ETIENNE),45.80006,3.11232,Plein jour,En agglomération,Intersection en X,Normale,Deux véhicules - côté,7,3,7,0,1,1,1,0,1,50,,2,1,0,0,1,29.0,34.0,,,1,2,2,1,3
202100031043,2021-06-29 07:47:00,2021,6,29,7,47,63,63014,D2089,45.74401,3.1402,Plein jour,En agglomération,Hors intersection,Normale,Deux véhicules - arrière,3,1,2,0,1,1,1,0,1,50,,2,1,0,0,1,36.0,22.0,,,1,2,1,1,2
202100031044,2021-06-28 11:57:00,2021,6,28,11,57,63,63075,THERMALE (AVENUE),45.77546,3.05391,Plein jour,En agglomération,Intersection en X,Normale,Deux véhicules - côté,7,1,2,0,1,1,1,0,1,50,,2,1,0,0,1,56.0,55.0,,,1,2,2,1,3
202100031045,2021-06-30 11:25:00,2021,6,30,11,25,62,62270,CD 301,50.47393,2.51831,Plein jour,Hors agglomération,Autre intersection,Autre,Autre collision,3,1,1,0,1,3,2,3,6,70,,1,0,1,0,0,54.0,,,,1,1,9,9,6
202100031046,2021-07-01 16:15:00,2021,7,1,16,15,62,62035,VERDUN ( AVENUE DE ),50.533768,2.619507,Plein jour,En agglomération,Hors intersection,Normale,Deux véhicules - côté,4,-1,2,0,1,1,1,0,1,50,,2,1,0,1,0,15.0,15.0,,,1,2,1,1,3
202100031047,2021-07-03 10:05:00,2021,7,3,10,5,61,61001,BASINGSTOKE (AVENUE DE),48.44427,0.09917,Plein jour,En agglomération,Giratoire,Temps couvert,Autre collision,3,3,2,0,1,1,2,5,1,50,,2,1,0,1,0,78.0,,,,1,2,6,8,6
202100031048,2021-07-01 21:16:00,2021,7,1,21,16,60,60463,Rue Pierre Sémard,49.27318,2.47421,Plein jour,En agglomération,Intersection en Y,Normale,Deux véhicules - côté,4,2,2,0,1,1,1,0,1,50,,2,1,0,0,1,50.0,33.0,,,1,2,4,1,3
202100031049,2021-07-01 04:35:00,2021,7,1,4,35,60,60414,RD 200_ENTREE MONTATAIRE_SURPLOMB AVEN L,49.2592,2.4531,Nuit avec éclairage allumé,Hors agglomération,Hors intersection,Normale,Deux véhicules - frontale,3,3,4,0,1,1,1,0,1,90,,2,1,0,0,1,31.0,31.0,,,5,1,1,1,1
202100031050,2021-06-28 17:19:00,2021,6,28,17,19,60,60463,Rue Roland Vachette,49.28363,2.4649,Plein jour,En agglomération,Intersection en X,Normale,Deux véhicules - côté,3,-1,-1,0,1,1,1,5,1,50,,3,0,0,2,1,36.0,32.0,,,1,2,2,1,3
202100031051,2021-07-03 13:00:00,2021,7,3,13,0,59,59090,GAULLE (AVENUE DU GENERAL DE),50.68752,3.08623,Plein jour,Hors agglomération,Intersection en T,Pluie légère,Autre collision,7,2,0,3,1,1,2,0,1,50,,3,2,1,0,0,37.0,19.0,,,1,1,3,2,6
202100031052,2021-06-29 19:15:00,2021,6,29,19,15,59,59279,RD 191,50.759895676,3.1097745895,Plein jour,Hors agglomération,Hors intersection,Normale,Deux véhicules - côté,7,2,4,1,1,1,1,0,1,50,,3,2,0,0,1,33.0,35.0,,,1,1,1,1,3
202100031053,2021-06-29 10:10:00,2021,6,29,10,10,59,59599,CARNOT (RUE),50.7190894906,3.161444664,Plein jour,En agglomération,Hors intersection,Normale,Autre collision,4,3,4,0,1,1,1,0,1,50,,2,1,0,0,1,47.0,,,,1,2,1,1,6
202100031054,2021-07-02 00:15:00,2021,7,2,0,15,59,59009,MARCONI GUGLIELMO RUE,50.61126,3.13488,Nuit avec éclairage non allumé,En agglomération,Autre intersection,Normale,Autre collision,4,2,2,0,1,1,1,0,8,20,,1,0,0,0,1,21.0,,,,4,2,9,1,6
202100031055,2021-07-01 08:45:00,2021,7,1,8,45,59,59648,TEMPLEMARS RUE DU MONT DE,50.5749702447,3.0303812027,Plein jour,En agglomération,Hors intersection,Normale,Deux véhicules - arrière,4,3,2,0,1,1,1,0,1,50,,2,1,0,0,1,40.0,35.0,,,1,2,1,1,2
202100031056,2021-06-29 20:15:00,2021,6,29,20,15,59,59507,CLEMENCEAU RUE,50.6035,3.0924,Plein jour,En agglomération,Autre intersection,Pluie légère,Deux véhicules - côté,4,2,2,0,1,1,2,0,1,50,,2,1,0,1,0,22.0,37.0,,,1,2,9,2,3
202100031057,2021-07-02 22:50:00,2021,7,2,22,50,59,59155,CAPUCINES,51.02592,2.40155,Nuit avec éclairage allumé,En agglomération,Intersection en X,Normale,Deux véhicules - frontale,3,2,2,0,1,1,1,0,1,50,,3,2,0,1,0,24.0,69.0,,,5,2,2,1,1
202100031058,2021-06-28 16:35:00,2021,6,28,16,35,59,59486,NATIONALE (RUE),50.41109,3.13355,Plein jour,En agglomération,Intersection en T,Normale,Deux véhicules - côté,3,2,2,0,1,1,1,0,4,50,,2,0,0,1,1,18.0,13.0,,,1,2,3,1,3
202100031059,2021-06-30 15:15:00,2021,6,30,15,15,56,56260,BOUCICAUT(RUE ARISTIDE),47.66971,-2.79274,Plein jour,En agglomération,Hors intersection,Normale,Autre collision,4,2,2,0,1,1,1,0,1,50,,3,2,0,0,1,48.0,,,,1,2,1,1,6
202100031060,2021-07-03 14:55:00,2021,7,3,14,55,56,56121,LE MAUX ( BD JEAN ),47.75689,-3.38632,Plein jour,En agglomération,Hors intersection,Normale,Deux véhicules - arrière,4,3,2,0,1,1,1,0,1,30,,3,2,0,0,1,25.0,23.0,,,1,2,1,1,2
202100031061,2021-07-01 15:40:00,2021,7,1,15,40,56,56121,CARNOT (RUE  LAZARE ),47.7427,-3.36073,Plein jour,En agglomération,Intersection en X,Normale,Deux véhicules - côté,4,2,2,0,1,1,1,0,1,50,,3,1,0,0,2,67.0,47.0,,,1,2,2,1,3
202100031062,2021-06-28 15:30:00,2021,6,28,15,30,56,56121,INDES (PONT DES),47.75736,-3.35496,Plein jour,En agglomération,Intersection en Y,Pluie légère,Autre collision,4,2,2,0,1,1,2,2,1,30,,2,1,0,0,1,61.0,,,,1,2,4,2,6