accident_id,datetime,annee,mois,jour,heure,minute,departement,commune_insee,adresse,latitude,longitude,luminosite,agglomeration,intersection,meteo,collision,catr,circ,nbv,vosp,prof,plan,surf,infra,situ,vma,nb_vehicules,nb_usagers,nb_indemnes,nb_tues,nb_blesses_hosp,nb_blesses_legers,age_cond_1,age_cond_2,veh_type_cond_1,veh_type_cond_2,lum_code,agg_code,int_code,atm_code,col_code
202100031063,2021-07-01 18:13:00,2021,7,1,18,13,55,55029,RD 152,48.73204,5.15641,Plein jour,Hors agglomération,Hors intersection,Normale,Deux véhicules - frontale,3,2,2,0,1,1,1,0,1,80,,2,0,0,0,2,64.0,30.0,,,1,1,1,1,1
202100031064,2021-06-17 08:15:00,2021,6,17,8,15,54,54528,PONT BERNON (AVENUE),48.69019,5.8933,Plein jour,En agglomération,Autre intersection,Normale,Autre collision,4,2,2,0,1,1,1,0,1,30,,2,1,0,1,0,21.0,,,,1,2,9,1,6
202100031065,2021-07-02 17:50:00,2021,7,2,17,50,54,54526,TOMBLAINE (RUE DE),48.68774,6.20593,Plein jour,En agglomération,Autre intersection,Normale,Autre collision,4,2,0,0,1,1,1,2,4,50,,1,0,0,0,1,32.0,,,,1,2,9,1,6
202100031066,2021-06-29 18:45:00,2021,6,29,18,45,54,54526,TOLSTOI (BOULEVARD),48.67718,6.21998,Plein jour,En agglomération,Autre intersection,Normale,Deux véhicules - arrière,4,2,2,0,1,1,1,0,1,50,,2,0,0,0,2,62.0,27.0,,,1,2,9,1,2
202100031067,2021-06-17 17:40:00,2021,6,17,17,40,54,54280,EUGENE BASTIEN (RUE),49.22726,6.00837,Plein jour,En agglomération,Hors intersection,Normale,Autre collision,5,-1,1,3,2,1,1,0,8,20,,3,1,0,0,2,55.0,,,,1,2,1,1,6
202100031068,2021-07-03 18:55:00,2021,7,3,18,55,51,51454,Rue Paul Vaillant Couturier,49.27746,4.01074,Plein jour,En agglomération,Intersection en X,Normale,Deux véhicules - côté,4,2,2,1,1,1,1,0,1,50,,2,1,0,0,1,57.0,22.0,,,1,2,2,1,3
202100031069,2021-07-02 20:10:00,2021,7,2,20,10,51,51454,Avenue Léon Blum,49.2265,4.01141,Plein jour,En agglomération,Autre intersection,Normale,Sans collision,6,-1,0,0,1,1,1,0,4,50,,3,2,0,0,1,62.0,,,,1,2,9,1,7
202100031070,2021-07-02 17:05:00,2021,7,2,17,5,51,51474,Rue de la Neuvillette,49.26589,3.99349,Plein jour,En agglomération,Intersection en T,Normale,Deux véhicules - côté,4,2,2,0,1,1,1,0,1,50,,3,2,0,0,1,41.0,27.0,,,1,2,3,1,3
202100031071,2021-07-02 08:40:00,2021,7,2,8,40,51,51474,Rue de la Liberation,49.262101,3.985604,Plein jour,En agglomération,Hors intersection,Normale,Deux véhicules - arrière,4,2,2,0,1,1,1,0,1,50,,2,1,0,0,1,62.0,59.0,,,1,2,1,1,2
202100031072,2021-07-02 10:25:00,2021,7,2,10,25,50,50502,COMMUNE (boulevard de La),49.10376,-1.07198,Plein jour,En agglomération,Hors intersection,Normale,Deux véhicules - arrière,3,1,2,0,1,1,1,0,1,70,,2,1,1,0,0,80.0,29.0,,,1,2,1,1,2
202100031073,2021-06-29 16:45:00,2021,6,29,16,45,50,50218,VENDEENS (AV DES),48.83532,-1.5793,Plein jour,En agglomération,Hors intersection,Normale,Deux véhicules - arrière,3,2,2,0,1,1,1,0,1,50,,3,2,0,0,1,45.0,17.0,,,1,2,1,1,2
202100031074,2021-06-28 15:45:00,2021,6,28,15,45,50,50218,PORT (RUE DU),48.83599,-1.60387,Plein jour,En agglomération,Hors intersection,Pluie forte,Deux véhicules - arrière,4,-1,2,0,1,1,2,0,1,50,,2,1,0,0,1,75.0,15.0,,,1,2,1,3,2
202100031075,2021-07-01 13:10:00,2021,7,1,13,10,50,50537,LE GRAND GRIS CAILLOU,49.04824,-1.42164,Plein jour,Hors agglomération,Hors intersection,Normale,Deux véhicules - frontale,3,2,2,0,1,3,1,9,1,80,,2,1,0,0,1,37.0,23.0,,,1,1,1,1,1
202100031076,2021-06-25 12:10:00,2021,6,25,12,10,50,50129,NORMANDIE (AVENUE DE),49.62676,-1.6343,Plein jour,En agglomération,Intersection en T,Pluie forte,Deux véhicules - côté,4,2,2,0,1,1,2,5,1,50,,2,1,0,0,1,40.0,28.0,,,1,2,3,3,3
202100031077,2021-06-28 18:30:00,2021,6,28,18,30,49,49099,CARNOT (RUE SADI),47.0612,-0.87092,Plein jour,En agglomération,Hors intersection,Pluie légère,Sans collision,4,2,2,0,2,1,2,0,1,50,,2,1,0,0,1,16.0,,,,1,2,1,2,7
202100031078,2021-07-03 21:20:00,2021,7,3,21,20,49,49007,VOLNEY,47.46,-0.5373,Plein jour,En agglomération,Hors intersection,Normale,Deux véhicules - frontale,4,2,1,0,1,1,1,0,1,30,,2,1,0,1,0,22.0,62.0,,,1,2,1,1,1
202100031079,2021-07-02 11:11:00,2021,7,2,11,11,49,49007,COEFFARD,47.4744,-0.53183,Plein jour,En agglomération,Hors intersection,Normale,Sans collision,4,2,2,0,1,1,1,0,1,50,,1,0,0,0,1,12.0,,,,1,2,1,1,7
202100031080,2021-07-02 08:28:00,2021,7,2,8,28,49,49007,JAURES,47.45614,-0.52398,Plein jour,En agglomération,Hors intersection,Normale,Autre collision,4,2,2,0,1,1,1,0,6,30,,2,1,0,0,1,75.0,,,,1,2,1,1,6
202100031081,2021-06-30 12:28:00,2021,6,30,12,28,49,49007,COUPERIN,47.46727,-0.52925,Plein jour,En agglomération,Hors intersection,Normale,Deux véhicules - côté,4,2,2,0,1,1,1,0,1,30,,2,1,0,1,0,66.0,27.0,,,1,2,1,1,3
202100031082,2021-06-30 18:06:00,2021,6,30,18,6,49,49007,GASNIER AVENUE,47.483438,-0.569914,Plein jour,En agglomération,Hors intersection,Normale,Deux véhicules - arrière,4,2,2,0,1,1,1,0,1,50,,2,1,0,0,1,39.0,52.0,,,1,2,1,1,2
202100031083,2021-06-29 18:30:00,2021,6,29,18,30,49,49007,HOCHE,47.46775,-0.55878,Plein jour,En agglomération,Hors intersection,Normale,Autre collision,4,1,1,0,1,1,1,0,1,30,,2,1,0,0,1,49.0,,,,1,2,1,1,6
202100031084,2021-06-27 22:40:00,2021,6,27,22,40,49,49015,BRUYERES RUE DES,47.49648,-0.58514,Nuit avec éclairage allumé,En agglomération,Hors intersection,Normale,Autre collision,4,2,2,0,1,1,1,0,1,50,,1,0,0,0,1,26.0,,,,5,2,1,1,6
202100031085,2021-06-28 17:34:00,2021,6,28,17,34,49,49007,RAMON BOULEVARD,47.48644,-0.53702,Plein jour,En agglomération,Hors intersection,Normale,Deux véhicules - frontale,4,3,4,0,1,1,2,0,1,50,,2,0,0,1,1,24.0,63.0,,,1,2,1,1,1
202100031086,2021-06-28 09:14:00,2021,6,28,9,14,49,49007,MONPLAISIR BOULEVARD,47.49085,-0.52718,Plein jour,En agglomération,Hors intersection,Normale,Trois véhicules et plus - en chaîne,4,3,2,0,1,1,1,0,1,50,,3,2,0,0,1,60.0,45.0,,,1,2,1,1,4
202100031087,2021-06-27 21:35:00,2021,6,27,21,35,49,49267,PLEIN PONT,47.47333,-0.50702,Crépuscule ou aube,En agglomération,Hors intersection,Normale,Sans collision,1,-1,2,0,1,1,1,0,1,90,,1,0,0,0,1,34.0,,,,2,2,1,1,7
202100031088,2021-07-02 10:50:00,2021,7,2,10,50,47,47215,R D 118,44.3811006131,0.6699511565,Plein jour,Hors agglomération,Hors intersection,Normale,Deux véhicules - côté,3,2,2,0,2,3,1,0,1,80,,2,1,0,1,0,53.0,17.0,,,1,1,1,1,3
202100031089,2021-07-01 12:50:00,2021,7,1,12,50,45,45302,Rue Nationale 20,47.95462,1.89116,Plein jour,En agglomération,Intersection en X,Normale,Deux véhicules - côté,3,2,4,1,1,1,1,0,1,50,,4,2,0,0,2,70.0,66.0,,,1,2,2,1,3
202100031090,2021-07-01 07:50:00,2021,7,1,7,50,45,45232,Rue de la Reine Blanche,47.87239,1.88589,Plein jour,En agglomération,Hors intersection,Normale,Deux véhicules - frontale,4,2,2,1,1,3,1,0,1,50,,5,2,0,0,3,50.0,25.0,,,1,2,1,1,1
202100031091,2021-06-29 09:45:00,2021,6,29,9,45,45,45284,D2060-PK93+405,47.9238049227,1.955144763,Plein jour,Hors agglomération,Hors intersection,Pluie légère,Deux véhicules - arrière,7,3,4,0,1,1,2,0,1,90,,6,1,0,0,5,58.0,37.0,,,1,1,1,2,2
202100031092,2021-07-02 16:25:00,2021,7,2,16,25,44,44109,MAUVES ( BD DE LA PRAIRIE),47.22507,-1.49729,Plein jour,Hors agglomération,Hors intersection,Normale,Deux véhicules - côté,4,3,2,3,1,1,1,0,1,70,,2,1,0,1,0,22.0,33.0,,,1,1,1,1,3
202100031093,2021-07-02 15:05:00,2021,7,2,15,5,43,43089,42 Avenue de l’’Hermitage,45.05506,3.86469,Plein jour,En agglomération,Hors intersection,Normale,Autre collision,3,2,2,0,2,1,1,0,1,50,,2,0,0,2,0,18.0,,,,1,2,1,1,6
202100031094,2021-06-30 08:45:00,2021,6,30,8,45,43,43157,39 Boulevard Marechal Joffre,45.04938,3.89468,Plein jour,En agglomération,Hors intersection,Normale,Deux véhicules - frontale,3,2,4,0,1,1,1,0,1,50,,2,1,0,0,1,35.0,40.0,,,1,2,1,1,1
202100031095,2021-07-03 16:15:00,2021,7,3,16,15,42,42044,Route de Malmont,45.372528,4.325413,Plein jour,Hors agglomération,Hors intersection,Normale,Sans collision,7,2,1,0,2,1,8,0,1,80,,1,0,0,0,1,31.0,,,,1,1,1,1,7
202100031096,2021-07-01 14:20:00,2021,7,1,14,20,41,41018,RD 957,47.611863,1.337103,Plein jour,Hors agglomération,Hors intersection,Normale,Deux véhicules - arrière,3,3,4,0,1,1,1,0,1,90,,2,1,0,0,1,19.0,30.0,,,1,1,1,1,2
202100031097,2021-07-01 23:30:00,2021,7,1,23,30,38,38318,Route de Cancanne,45.5335719624,4.9035125971,Nuit avec éclairage allumé,En agglomération,Hors intersection,Normale,Autre collision,3,2,1,0,1,3,1,0,1,50,,2,1,0,0,1,20.0,,,,5,2,1,1,6
202100031098,2021-07-02 17:15:00,2021,7,2,17,15,38,38179,PETIT JEAN (RUE DU),45.1822,5.7837,Plein jour,En agglomération,Intersection en Y,Normale,Deux véhicules - frontale,7,2,2,0,1,1,1,0,1,30,,2,1,0,0,1,15.0,81.0,,,1,2,4,1,1
202100031099,2021-07-02 13:35:00,2021,7,2,13,35,38,38185,Rue Docteur Calmette,45.18079,5.70864,Plein jour,En agglomération,Intersection en X,Normale,Autre collision,4,2,2,0,1,1,1,0,2,50,,2,1,0,0,1,25.0,,,,1,2,2,1,6
202100031100,2021-06-03 16:09:00,2021,6,3,16,9,36,36044,217 Avenue de la Châtre,46.8037984289,1.7152412325,Plein jour,En agglomération,Hors intersection,Normale,Autre collision,4,2,2,0,1,1,1,0,1,50,,2,1,0,1,0,90.0,,,,1,2,1,1,6
202100031101,2021-07-02 14:45:00,2021,7,2,14,45,37,37122,HUGO (AVENUE VICTOR),47.3510539271,0.6639003754,Plein jour,En agglomération,Hors intersection,Normale,Sans collision,4,2,2,0,2,1,1,0,1,50,,1,0,0,0,1,59.0,,,,1,2,1,1,7
202100031102,2021-07-01 13:37:00,2021,7,1,13,37,37,37122,DOUZILLIERE (RUE DE LA),47.33889,0.65349,Plein jour,En agglomération,Giratoire,Normale,Deux véhicules - côté,4,2,4,0,1,2,1,5,1,50,,3,2,0,0,1,27.0,33.0,,,1,2,6,1,3
202100031103,2021-07-01 10:20:00,2021,7,1,10,20,37,37261,GANCE (BOULEVARD ABEL),47.4256466589,0.71095233,Plein jour,En agglomération,Hors intersection,Normale,Sans collision,7,3,4,0,2,1,1,0,3,50,,1,0,0,0,1,33.0,,,,1,2,1,1,7
202100031104,2021-07-01 07:45:00,2021,7,1,7,45,37,37214,MURIER (RUE DU),47.4210617442,0.6631587446,Plein jour,En agglomération,Hors intersection,Normale,Autre collision,4,2,2,0,1,1,1,0,1,50,,2,1,0,0,1,26.0,27.0,,,1,2,1,1,6
202100031105,2021-06-30 18:55:00,2021,6,30,18,55,37,37261,POMPIDOU (AVENUE GEORGES),47.3859782038,0.7095783949,Plein jour,En agglomération,Hors intersection,Normale,Trois véhicules et plus - collisions multiples,4,2,2,0,1,1,1,0,1,50,,8,7,0,0,1,21.0,35.0,,,1,2,1,1,5
202100031106,2021-06-30 17:20:00,2021,6,30,17,20,37,37261,DE GAULLE (AVENUE DU GENERAL),47.3812454798,0.7019555569,Plein jour,En agglomération,Intersection en T,Normale,Deux véhicules - arrière,4,2,2,0,1,1,1,0,1,50,,3,2,0,0,1,47.0,27.0,,,1,2,3,1,2
202100031107,2021-07-01 11:25:00,2021,7,1,11,25,33,33281,Avenue Président John Fitzgerald Kennedy,44.83292,-0.65345,Plein jour,En agglomération,Autre intersection,Normale,Autre collision,4,3,2,0,1,1,1,8,1,30,,2,1,0,0,1,40.0,,,,1,2,9,1,6
202100031108,2021-07-03 19:00:00,2021,7,3,19,0,35,35238,VILLEBOIS MAREUIL (BD),48.10398,-1.64988,Crépuscule ou aube,En agglomération,Giratoire,Normale,Deux véhicules - côté,4,1,1,2,1,1,1,5,1,50,,2,1,0,1,0,29.0,,,,2,2,6,1,3
202100031109,2021-07-03 05:32:00,2021,7,3,5,32,35,35238,VILLEBOIS MAREUIL (BD),48.100641,-1.649665,Nuit avec éclairage allumé,En agglomération,Intersection en X,Pluie légère,Autre collision,4,2,3,2,1,2,2,5,4,50,,1,0,0,0,1,25.0,,,,5,2,2,2,6
202100031110,2021-07-02 10:00:00,2021,7,2,10,0,35,35238,BREST (DE),48.11175,-1.6892,Plein jour,En agglomération,Intersection en T,Normale,Autre collision,4,3,2,3,1,1,1,0,1,50,,3,2,0,1,0,53.0,,,,1,2,3,1,6
202100031111,2021-06-18 19:00:00,2021,6,18,19,0,35,35115,JAURES (BD JEAN),48.35099,-1.19673,Plein jour,En agglomération,Hors intersection,Normale,Deux véhicules - arrière,4,2,2,0,2,1,1,0,1,30,,2,1,0,1,0,51.0,78.0,,,1,2,1,1,2
202100031112,2021-06-30 15:50:00,2021,6,30,15,50,34,34172,JUIN (AVENUE ALPHONSE),43.61942,3.9009,Plein jour,En agglomération,Hors intersection,Normale,Deux véhicules - côté,4,2,2,1,2,1,1,0,1,50,,2,1,0,1,0,31.0,23.0,,,1,2,1,1,3
202100031113,2021-07-03 16:40:00,2021,7,3,16,40,33,33318,Avenue du Général Leclerc,44.798,-0.66459,Plein jour,En agglomération,Intersection en Y,Normale,Deux véhicules - côté,4,2,2,2,1,1,1,5,5,50,,2,1,0,0,1,22.0,29.0,,,1,2,4,1,3
202100031114,2021-07-03 01:50:00,2021,7,3,1,50,33,33063,Rue de la Course,44.85132,-0.57618,Nuit avec éclairage allumé,En agglomération,Intersection en X,Pluie légère,Deux véhicules - côté,4,1,1,2,1,1,2,9,1,30,,3,1,0,0,2,19.0,29.0,,,5,2,2,2,3
202100031115,2021-07-02 12:30:00,2021,7,2,12,30,33,33162,Avenue du Haillan,44.88443,-0.66104,Plein jour,En agglomération,Intersection en T,Normale,Deux véhicules - frontale,4,2,4,1,1,1,1,0,1,50,,2,1,0,1,0,19.0,22.0,,,1,2,3,1,1
202100031116,2021-07-02 16:10:00,2021,7,2,16,10,33,33063,Rue de Bègles,44.824413,-0.566157,Plein jour,En agglomération,Hors intersection,Normale,Autre collision,4,2,2,3,1,1,1,0,1,50,,2,1,0,0,1,49.0,,,,1,2,1,1,6
202100031117,2021-07-02 03:00:00,2021,7,2,3,0,33,33249,Quai Chaigneau Bichon,44.87937,-0.53306,Nuit avec éclairage allumé,En agglomération,Hors intersection,Normale,Autre collision,4,2,2,0,1,3,1,0,3,30,,1,0,1,0,0,20.0,,,,5,2,1,1,6
202100031118,2021-07-01 16:30:00,2021,7,1,16,30,33,33069,Avenue de la Libération Charles de Gaulle,44.8680999447,-0.6077706964,Plein jour,En agglomération,Autre intersection,Normale,Deux véhicules - côté,4,3,2,2,1,1,1,0,4,50,,2,1,0,0,1,43.0,29.0,,,1,2,9,1,3
202100031119,2021-07-01 13:10:00,2021,7,1,13,10,33,33192,Boulevard de Malartic,44.77009,-0.60158,Plein jour,En agglomération,Autre intersection,Normale,Autre collision,6,-1,-1,3,1,1,1,0,1,30,,3,2,0,0,1,34.0,,,,1,2,9,1,6
202100031120,2021-07-01 10:30:00,2021,7,1,10,30,33,33063,Boulevard du Président Wilson,44.850742,-0.595855,Plein jour,En agglomération,Hors intersection,Normale,Deux véhicules - côté,4,3,4,2,1,1,1,8,1,50,,2,1,0,0,1,42.0,47.0,,,1,2,1,1,3
202100031121,2021-07-01 11:40:00,2021,7,1,11,40,33,33063,Rue Fondaudège,44.8495,-0.58472,Plein jour,En agglomération,Intersection en T,Normale,Deux véhicules - côté,4,1,1,3,1,1,1,4,6,50,,2,1,0,0,1,26.0,17.0,,,1,2,3,1,3
202100031122,2021-07-01 09:10:00,2021,7,1,9,10,33,33063,Avenue des Trois Cardinaux,44.88801,-0.55844,Plein jour,En agglomération,Autre intersection,Normale,Deux véhicules - côté,4,2,3,0,1,1,1,0,1,50,,4,3,0,0,1,30.0,19.0,,,1,2,9,1,3
202100031123,2021-07-01 06:00:00,2021,7,1,6,0,33,33063,Cours de Verdun,44.84718,-0.57657,Crépuscule ou aube,En agglomération,Intersection en T,Normale,Deux véhicules - côté,4,3,4,3,2,1,1,5,1,50,,4,3,0,1,0,42.0,28.0,,,2,2,3,1,3
202100031124,2021-06-30 05:50:00,2021,6,30,5,50,33,33281,Avenue Marcel Dassault,44.8481,-0.67964,Crépuscule ou aube,En agglomération,Giratoire,Normale,Deux véhicules - côté,4,3,2,2,1,1,1,0,1,50,,2,1,0,0,1,57.0,35.0,,,2,2,6,1,3
202100031125,2021-07-03 16:05:00,2021,7,3,16,5,33,33009,PLAGE (BD DE LA) DU 196 ET +,44.66281,-1.17663,Plein jour,En agglomération,Hors intersection,Temps couvert,Deux véhicules - arrière,3,1,2,0,1,1,1,0,1,50,,3,1,0,0,2,36.0,21.0,,,1,2,1,8,2
202100031126,2021-07-02 10:15:00,2021,7,2,10,15,33,33009,Boulevard du Général Leclerc,44.65985,-1.16627,Plein jour,En agglomération,Hors intersection,Normale,Autre collision,4,2,3,0,1,1,1,0,1,50,,2,1,0,0,1,26.0,,,,1,2,1,1,6
202100031127,2021-07-03 22:10:00,2021,7,3,22,10,31,31149,ECH LES ARMURIERS,43.59748,1.36383,Nuit avec éclairage allumé,Hors agglomération,Hors intersection,Normale,Deux véhicules - côté,7,-1,2,0,1,1,1,2,1,90,,3,2,0,0,1,30.0,57.0,,,5,1,1,1,3
202100031128,2021-07-02 11:00:00,2021,7,2,11,0,31,31149,PAUL VALERY,43.60248,1.34493,Plein jour,En agglomération,Intersection en T,Normale,Deux véhicules - côté,7,2,2,0,2,1,1,0,1,50,,4,1,0,0,3,19.0,43.0,,,1,2,3,1,3
202100031129,2021-07-01 19:30:00,2021,7,1,19,30,31,31555,AV DE LA GLOIRE,43.60513,1.45741,Plein jour,En agglomération,Autre intersection,Normale,Deux véhicules - côté,4,2,1,0,1,1,1,0,1,50,,4,2,0,0,2,31.0,,,,1,2,9,1,3
202100031130,2021-07-01 18:31:00,2021,7,1,18,31,31,31555,AV CAMILLE PUJOL,43.6015,1.45906,Plein jour,Hors agglomération,Intersection en T,Normale,Deux véhicules - côté,7,2,2,1,2,1,1,0,1,50,,2,0,0,0,2,59.0,29.0,,,1,1,3,1,3
202100031131,2021-05-11 11:50:00,2021,5,11,11,50,31,31483,D 9  ROUTE DE LA SERRE DE NEROUS,43.12964,0.70761,Plein jour,Hors agglomération,Hors intersection,Pluie légère,Deux véhicules - frontale,3,2,2,0,2,2,2,0,1,80,,2,0,0,0,2,62.0,79.0,,,1,1,1,2,1
202100031132,2021-06-27 19:25:00,2021,6,27,19,25,30,30189,THALES (RUE OU PLACE),43.82928,4.33296,Plein jour,En agglomération,Hors intersection,Normale,Autre collision,4,2,2,0,1,1,1,0,1,50,,2,1,0,1,0,21.0,,,,1,2,1,1,6
202100031133,2021-06-25 19:45:00,2021,6,25,19,45,30,30189,VERDUN (RUE),43.83123,4.35043,Plein jour,En agglomération,Hors intersection,Normale,Deux véhicules - côté,4,2,3,1,1,1,1,0,1,50,,2,1,0,0,1,27.0,21.0,,,1,2,1,1,3
202100031134,2021-06-25 15:48:00,2021,6,25,15,48,30,30075,Route de Sauve,43.8547,4.2553,Plein jour,Hors agglomération,Hors intersection,Normale,Trois véhicules et plus - collisions multiples,3,2,2,0,1,1,1,0,1,80,,4,2,0,1,1,20.0,49.0,,,1,1,1,1,5
202100031135,2021-06-26 08:45:00,2021,6,26,8,45,30,30028,MARECHAL DE LATTRE DE TASSIGNY (AVENUE),44.16885,4.61685,Plein jour,En agglomération,Hors intersection,Normale,Autre collision,3,2,-1,0,1,1,1,0,1,50,,2,1,0,0,1,27.0,,,,1,2,1,1,6
202100031136,2021-06-25 16:15:00,2021,6,25,16,15,29,29232,Route de Brest,48.0007246374,-4.0857338903,Plein jour,En agglomération,Hors intersection,Normale,Trois véhicules et plus - en chaîne,4,2,2,0,1,1,1,0,1,50,,3,2,0,0,1,58.0,35.0,,,1,2,1,1,4
202100031137,2021-07-01 13:30:00,2021,7,1,13,30,29,29039,Boulevard Alfred Guillou,47.87584,-3.92934,Plein jour,En agglomération,Hors intersection,Normale,Autre collision,4,-1,2,1,1,1,1,0,1,50,,1,0,0,0,1,71.0,,,,1,2,1,1,6
202100031138,2021-07-07 08:39:00,2021,7,7,8,39,29,29019,Rue Kertatupage,48.40939,-4.48317,Plein jour,En agglomération,Giratoire,Normale,Deux véhicules - côté,4,1,0,0,1,2,1,5,1,30,,2,1,0,0,1,63.0,44.0,,,1,2,6,1,3
202100031139,2021-06-30 14:10:00,2021,6,30,14,10,29,29019,Rue Pierre Sémard,48.38758,-4.47102,Plein jour,En agglomération,Hors intersection,Normale,Deux véhicules - frontale,4,2,2,0,3,2,1,0,1,30,,3,2,0,0,1,40.0,22.0,,,1,2,1,1,1
202100031140,2021-06-30 17:20:00,2021,6,30,17,20,29,29019,Rue Anatole France,48.3831,-4.50921,Plein jour,En agglomération,Hors intersection,Normale,Deux véhicules - frontale,4,-1,2,0,2,1,1,0,1,50,,2,1,0,0,1,27.0,41.0,,,1,2,1,1,1
202100031141,2021-06-30 14:10:00,2021,6,30,14,10,29,29019,Rue du Château,48.388269627,-4.4845274091,Plein jour,En agglomération,Hors intersection,Normale,Deux véhicules - côté,4,1,2,0,1,1,1,0,1,30,,2,1,0,0,1,67.0,17.0,,,1,2,1,1,3
202100031142,2021-07-01 08:30:00,2021,7,1,8,30,27,27701,FALAISES (ROUTE DES) NATION A ANDELLE,49.27365,1.22374,Plein jour,En agglomération,Intersection en X,Normale,Deux véhicules - côté,4,2,2,0,1,1,1,0,1,50,,2,1,0,0,1,39.0,35.0,,,1,2,2,1,3
202100031143,2021-07-03 11:30:00,2021,7,3,11,30,25,25056,BELFORT RUE DE (inf144),47.25107,6.03449,Plein jour,En agglomération,Intersection en T,Normale,Deux véhicules - côté,3,2,2,0,2,1,1,-1,1,50,,2,1,0,0,1,69.0,45.0,,,1,2,3,1,3
202100031144,2021-07-01 09:12:00,2021,7,1,9,12,25,25056,BELFORT RUE DE (inf144),47.2469,6.02654,Plein jour,En agglomération,Hors intersection,Normale,Deux véhicules - côté,3,1,2,0,1,1,1,0,1,50,,2,1,0,0,1,33.0,24.0,,,1,2,1,1,3
202100031145,2021-06-30 18:10:00,2021,6,30,18,10,22,22113,PERROS (ROUTE DE),48.74672,-3.44683,Plein jour,Hors agglomération,Hors intersection,Normale,Deux véhicules - arrière,3,2,2,0,1,1,1,0,1,70,,3,1,0,0,2,63.0,27.0,,,1,1,1,1,2
202100031146,2021-06-29 19:25:00,2021,6,29,19,25,21,21231,JACQUES CELLERIER (RUE),47.3266035154,5.0329165629,Plein jour,En agglomération,Intersection en X,Pluie légère,Deux véhicules - côté,4,2,2,0,1,1,2,0,1,50,,2,1,0,1,0,41.0,23.0,,,1,2,2,2,3
202100031147,2021-06-27 03:55:00,2021,6,27,3,55,21,21231,24 Boulevard Carnot,47.3190387353,5.0479161462,Nuit avec éclairage allumé,En agglomération,Intersection en X,Normale,Deux véhicules - côté,4,2,2,0,1,1,1,0,1,50,,6,2,1,2,1,24.0,21.0,,,5,2,2,1,3
202100031148,2021-08-17 21:15:00,2021,8,17,21,15,21,21054,42C Rue du Moulin Perpreuil,47.0168470446,4.8420160032,Nuit avec éclairage allumé,En agglomération,Autre intersection,Normale,Autre collision,4,2,2,0,1,1,1,0,4,50,,7,5,0,1,1,33.0,,,,5,2,9,1,6
202100031149,2021-07-02 16:50:00,2021,7,2,16,50,21,21054,Rue Gustave Eiffel,47.0412967983,4.8445637048,Plein jour,En agglomération,Giratoire,Normale,Deux véhicules - côté,4,2,2,0,1,3,1,5,1,50,,3,1,0,0,2,42.0,80.0,,,1,2,6,1,3
202100031150,2021-07-03 14:01:00,2021,7,3,14,1,17,17300,MONNET   AVENUE JEAN,46.14344,-1.1534,Plein jour,En agglomération,Hors intersection,Normale,Trois véhicules et plus - en chaîne,4,2,4,1,1,1,1,0,1,50,,4,1,0,0,3,19.0,24.0,,,1,2,1,1,4
202100031151,2021-07-02 08:20:00,2021,7,2,8,20,17,17300,DENFERT-ROCHEREAU   AVENUE (15),46.1656,-1.1883,Plein jour,En agglomération,Giratoire,Normale,Deux véhicules - côté,4,1,2,1,2,2,1,0,5,50,,2,1,0,0,1,57.0,61.0,,,1,2,6,1,3
202100031152,2021-07-01 11:15:00,2021,7,1,11,15,17,17300,MAIL   ALLEE DU,46.15556,-1.16921,Plein jour,En agglomération,Hors intersection,Normale,Deux véhicules - côté,4,1,1,0,2,1,1,9,1,30,,2,1,0,0,1,92.0,84.0,,,1,2,1,1,3
202100031153,2021-07-02 15:45:00,2021,7,2,15,45,14,14437,N814,49.17959,-0.32263,Plein jour,En agglomération,Hors intersection,Normale,Trois véhicules et plus - en chaîne,2,2,4,3,1,1,1,0,1,90,,3,2,0,1,0,31.0,29.0,,,1,2,1,1,4
202100031154,2021-07-02 11:50:00,2021,7,2,11,50,14,14118,Place Louis Guillouard,49.181,-0.3698,Plein jour,En agglomération,Autre intersection,Normale,Autre collision,4,1,2,0,1,2,1,9,3,50,,1,0,0,0,1,71.0,,,,1,2,9,1,6
202100031155,2021-06-30 18:00:00,2021,6,30,18,0,14,14137,Rue du Poirier,49.19292,-0.44696,Plein jour,En agglomération,Intersection en X,Normale,Deux véhicules - côté,4,2,2,0,1,1,1,0,1,50,,2,1,0,0,1,51.0,21.0,,,1,2,2,1,3
202100031156,2021-06-30 10:05:00,2021,6,30,10,5,14,14383,N814,49.14616,-0.40911,Plein jour,Hors agglomération,Autre intersection,Normale,Deux véhicules - arrière,2,3,4,0,1,1,1,0,1,90,,2,1,0,0,1,29.0,35.0,,,1,1,9,1,2
202100031157,2021-07-01 14:15:00,2021,7,1,14,15,13,13054,COMBATTANTS AFN 52 62 (AV DES ),43.4039952938,5.2236442193,Plein jour,En agglomération,Hors intersection,Normale,Deux véhicules - arrière,9,-1,2,0,1,1,1,0,1,30,,4,1,0,0,3,23.0,35.0,,,1,2,1,1,2
202100031158,2021-07-03 03:00:00,2021,7,3,3,0,13,13215,BOURRELY (CHEMIN DES),43.38386,5.36508,Nuit avec éclairage allumé,En agglomération,Hors intersection,Normale,Deux véhicules - frontale,4,3,2,0,1,1,1,0,1,50,,2,0,0,0,2,21.0,,,,5,2,1,1,1
202100031159,2021-07-03 18:00:00,2021,7,3,18,0,13,13214,MAHOUBI TIR ,43.3332055,5.3977304,Plein jour,En agglomération,Hors intersection,Normale,Autre collision,4,2,2,0,1,3,1,0,1,50,,2,1,0,0,1,,,,,1,2,1,1,6