accident_id,datetime,annee,mois,jour,heure,minute,departement,commune_insee,adresse,latitude,longitude,luminosite,agglomeration,intersection,meteo,collision,catr,circ,nbv,vosp,prof,plan,surf,infra,situ,vma,nb_vehicules,nb_usagers,nb_indemnes,nb_tues,nb_blesses_hosp,nb_blesses_legers,age_cond_1,age_cond_2,veh_type_cond_1,veh_type_cond_2,lum_code,agg_code,int_code,atm_code,col_code
202100031160,2021-07-03 05:20:00,2021,7,3,5,20,13,13215,LYON (RUE DE),43.3328078516,5.364324656,Crépuscule ou aube,En agglomération,Hors intersection,Normale,Deux véhicules - arrière,7,3,3,0,2,1,1,0,1,50,,1,0,0,0,1,21.0,,,,2,2,1,1,2
202100031161,2021-07-03 02:15:00,2021,7,3,2,15,13,13213,JEAN PAUL SARTRE (AVENUE),43.31382,5.40607,Nuit avec éclairage allumé,En agglomération,Hors intersection,Normale,Deux véhicules - côté,7,2,6,0,1,1,1,0,1,50,,2,0,0,0,2,21.0,25.0,,,5,2,1,1,3
202100031162,2021-07-02 19:34:00,2021,7,2,19,34,13,13210,ELIE WIESEL (BD),43.28257,5.42677,Nuit avec éclairage allumé,En agglomération,Hors intersection,Normale,Autre collision,4,1,2,0,2,3,1,1,1,50,,1,0,0,0,1,50.0,,,,5,2,1,1,6
202100031163,2021-07-02 08:40:00,2021,7,2,8,40,75,75119,BOULEVARD PERIPHERIQUE,48.900309,2.377994,Plein jour,En agglomération,Hors intersection,Normale,Deux véhicules - côté,4,1,4,0,1,1,1,0,1,70,,2,1,0,1,0,22.0,29.0,,,1,2,1,1,3
202100031164,2021-07-02 14:50:00,2021,7,2,14,50,13,13212,PEINTRES ROUX (AVENUE DES),43.303,5.473,Plein jour,En agglomération,Hors intersection,Normale,Deux véhicules - côté,7,2,4,0,1,1,1,0,1,50,,2,0,0,0,2,32.0,59.0,,,1,2,1,1,3
202100031165,2021-07-02 12:55:00,2021,7,2,12,55,13,13211,LOUIS REGIS (RUE),43.289,5.497,Plein jour,En agglomération,Hors intersection,Normale,Deux véhicules - côté,7,2,4,0,1,1,1,0,1,50,,2,1,0,0,1,37.0,33.0,,,1,2,1,1,3
202100031166,2021-07-01 18:40:00,2021,7,1,18,40,13,13210,MIREILLE LAUZE (BOULEVARD),43.28252,5.41045,Plein jour,En agglomération,Hors intersection,Normale,Deux véhicules - côté,4,2,2,0,2,1,1,0,1,50,,2,1,0,0,1,35.0,23.0,,,1,2,1,1,3
202100031167,2021-07-01 17:00:00,2021,7,1,17,0,13,13213,POUNCHE (CHEMIN DE LA),43.3283849,5.4548886,Plein jour,En agglomération,Hors intersection,Normale,Deux véhicules - frontale,4,2,2,0,1,1,1,0,1,50,,2,1,0,0,1,61.0,16.0,,,1,2,1,1,1
202100031168,2021-07-02 15:25:00,2021,7,2,15,25,13,13063,MARIUS CHALVE AVENUE,43.5792,4.99962,Plein jour,En agglomération,Hors intersection,Normale,Deux véhicules - côté,4,2,2,0,1,1,1,0,1,50,,2,1,0,0,1,58.0,90.0,,,1,2,1,1,3
202100031169,2021-07-01 14:45:00,2021,7,1,14,45,13,13005,PALUDS (AVENUE DES),43.28605,5.6016,Plein jour,En agglomération,Autre intersection,Normale,Deux véhicules - côté,9,2,2,0,1,1,1,0,1,50,,3,2,0,0,1,53.0,73.0,,,1,2,9,1,3
202100031170,2021-07-01 20:50:00,2021,7,1,20,50,13,13001,DEPORTES DE LA RESISTANCE(AV),43.52496,5.46034,Crépuscule ou aube,En agglomération,Hors intersection,Normale,Deux véhicules - côté,4,2,2,0,1,1,1,0,1,50,,2,1,0,0,1,23.0,23.0,,,2,2,1,1,3
202100031171,2021-07-03 17:05:00,2021,7,3,17,5,12,12176,VABRE (AVENUE DE),44.40098,2.56035,Plein jour,Hors agglomération,Intersection en X,Normale,Autre collision,3,2,2,0,1,1,1,0,1,70,,5,2,0,0,3,27.0,73.0,,,1,1,2,1,6
202100031172,2021-07-02 18:00:00,2021,7,2,18,0,12,12305,JAURES JEAN (AVENUE),44.55601,2.21652,Plein jour,En agglomération,Intersection en X,Normale,Deux véhicules - côté,3,1,1,0,1,1,1,0,1,50,,4,2,0,0,2,22.0,59.0,,,1,2,2,1,3
202100031173,2021-07-01 15:00:00,2021,7,1,15,0,11,11069,ROCADE NORD - RD 6113,43.23001,2.34287,Plein jour,En agglomération,Hors intersection,Normale,Deux véhicules - arrière,3,2,2,0,1,1,1,0,1,80,,2,1,0,0,1,34.0,59.0,,,1,2,1,1,2
202100031174,2021-07-01 19:10:00,2021,7,1,19,10,10,10387,QUATORZE JUILLET (RUE DU),48.2941,4.07783,Plein jour,En agglomération,Intersection en T,Normale,Deux véhicules - côté,4,3,2,0,1,1,2,0,1,50,,2,1,0,0,1,91.0,20.0,,,1,2,3,1,3
202100031175,2021-07-01 00:53:00,2021,7,1,0,53,10,10297,ROGER SALENGRO (RUE),48.31425,4.09882,Nuit avec éclairage allumé,En agglomération,Hors intersection,Normale,Autre collision,3,1,2,1,1,1,1,0,4,50,,1,0,0,0,1,39.0,,,,5,2,1,1,6
202100031176,2021-06-29 12:31:00,2021,6,29,12,31,10,10343,RONSARD (RUE),48.268359,4.097391,Plein jour,En agglomération,Intersection en T,Normale,Deux véhicules - côté,3,-1,0,0,2,1,1,0,1,50,,2,1,0,0,1,16.0,31.0,,,1,2,3,1,3
202100031177,2021-07-02 14:10:00,2021,7,2,14,10,07,07281,TASSINI (AVENUE VICTOR),44.945631228,4.8367734314,Plein jour,Hors agglomération,Hors intersection,Normale,Sans collision,3,2,2,0,2,3,1,0,8,80,,1,0,0,1,0,31.0,,,,1,1,1,1,7
202100031178,2021-07-03 11:50:00,2021,7,3,11,50,06,06088,GAMBETTA (A PARTIR DU N° 63-74),43.702865,7.25617,Plein jour,En agglomération,Intersection en T,Normale,Deux véhicules - côté,4,2,4,0,1,1,1,9,1,50,,2,1,0,0,1,24.0,34.0,,,1,2,3,1,3
202100031179,2021-07-02 14:40:00,2021,7,2,14,40,06,06088,LANTERNE (AV. DE LA),43.683791,7.221575,Plein jour,En agglomération,Hors intersection,Normale,Autre collision,4,2,2,0,2,1,1,0,1,50,,2,1,0,1,0,24.0,,,,1,2,1,1,6
202100031180,2021-07-02 09:15:00,2021,7,2,9,15,06,06083,MONNET (AVENUE JEAN),43.76554,7.48523,Plein jour,En agglomération,Hors intersection,Normale,Autre collision,4,1,1,0,1,2,1,0,1,50,,1,0,0,0,1,27.0,,,,1,2,1,1,6
202100031181,2021-07-02 19:15:00,2021,7,2,19,15,06,06069,SIDI BRAHIM (AVENUE),43.651234,6.926209,Plein jour,En agglomération,Hors intersection,Temps éblouissant,Autre collision,4,2,2,0,4,3,1,0,1,50,,4,2,0,0,2,25.0,,,,1,2,1,7,6
202100031182,2021-07-02 21:15:00,2021,7,2,21,15,06,06029,MIDI (BOULEVARD DU),43.54659,6.97504,Crépuscule ou aube,En agglomération,Hors intersection,Normale,Deux véhicules - côté,4,2,2,0,1,1,1,0,1,50,,2,1,0,0,1,31.0,24.0,,,2,2,1,1,3
202100031183,2021-07-04 01:30:00,2021,7,4,1,30,06,06027,NICE AVENUE DE (RN7),43.6596,7.16958,Nuit avec éclairage allumé,En agglomération,Intersection en X,Normale,Deux véhicules - côté,7,2,2,0,1,1,1,0,1,50,,3,2,0,0,1,21.0,27.0,,,5,2,2,1,3
202100031184,2021-07-02 19:10:00,2021,7,2,19,10,06,06123,ZOO AVENUE DU,43.665518,7.182301,Plein jour,Hors agglomération,Intersection en T,Normale,Deux véhicules - côté,4,2,2,0,1,1,1,0,1,50,,2,1,0,0,1,50.0,22.0,,,1,1,3,1,3
202100031185,2021-07-03 20:40:00,2021,7,3,20,40,06,06155,CANNES AV.DE,43.574055,7.049106,Plein jour,En agglomération,Giratoire,Normale,Deux véhicules - côté,3,2,2,0,1,2,1,5,1,50,,2,1,0,0,1,79.0,28.0,,,1,2,6,1,3
202100031186,2021-07-01 15:56:00,2021,7,1,15,56,05,05061,CHARLES AUROUZE ( RUE ),44.5655398408,6.0792992659,Plein jour,En agglomération,Hors intersection,Normale,Deux véhicules - côté,4,2,2,0,1,1,1,0,1,50,,2,1,0,0,1,14.0,41.0,,,1,2,1,1,3
202100031187,2021-07-02 21:50:00,2021,7,2,21,50,01,01053,LECLERC (BVD  MARECHAL COTE PAIR),46.20514,5.21877,Nuit avec éclairage allumé,Hors agglomération,Intersection en X,Normale,Deux véhicules - côté,4,2,3,3,1,1,1,0,1,50,,4,0,0,0,4,26.0,21.0,,,5,1,2,1,3
202100031188,2021-07-03 12:00:00,2021,7,3,12,0,75,75117,PORTE D ASNIERES,48.89261,2.302462,Plein jour,En agglomération,Hors intersection,Normale,Deux véhicules - côté,4,1,4,0,1,1,1,0,1,70,,2,1,0,0,1,48.0,28.0,,,1,2,1,1,3
202100031189,2021-07-02 12:30:00,2021,7,2,12,30,75,75115,BOULEVARD PERIPHERIQUE,48.83464,2.274681,Plein jour,En agglomération,Hors intersection,Normale,Sans collision,4,1,4,0,1,1,1,0,1,70,,1,0,0,0,1,46.0,,,,1,2,1,1,7
202100031190,2021-07-03 16:41:00,2021,7,3,16,41,75,75115,RUE FREMICOURT,48.847053,2.295932,Plein jour,En agglomération,Intersection à plus de 4 branches,Normale,Deux véhicules - côté,4,2,2,0,1,1,1,0,1,50,,4,3,0,0,1,29.0,34.0,,,1,2,5,1,3
202100031191,2021-07-03 03:25:00,2021,7,3,3,25,75,75119,AVENUE JEAN JAURES,48.888621,2.392411,Nuit avec éclairage allumé,En agglomération,Hors intersection,Normale,Autre collision,4,2,4,0,1,1,1,0,1,50,,2,1,0,1,0,,,,,5,2,1,1,6
202100031192,2021-07-03 12:00:00,2021,7,3,12,0,75,75118,RUE DAMREMONT,48.891214,2.334717,Plein jour,En agglomération,Hors intersection,Temps couvert,Autre collision,4,1,1,1,2,1,1,0,5,50,,2,1,0,0,1,20.0,,,,1,2,1,8,6
202100031193,2021-07-02 14:40:00,2021,7,2,14,40,75,75118,BOULEVARD BARBES,48.885997,2.349544,Plein jour,En agglomération,Hors intersection,Normale,Autre collision,4,2,6,1,2,1,1,0,5,50,,1,0,0,0,1,58.0,,,,1,2,1,1,6
202100031194,2021-07-03 02:20:00,2021,7,3,2,20,75,75116,AVENUE DE VERSAILLES,48.848723,2.275051,Nuit avec éclairage allumé,En agglomération,Intersection en X,Normale,Deux véhicules - côté,4,2,2,0,1,1,1,0,1,50,,2,1,0,0,1,25.0,,,,5,2,2,1,3
202100031195,2021-07-02 22:00:00,2021,7,2,22,0,75,75116,VOIE GEORGES POMPIDOU,48.849399,2.277007,Nuit avec éclairage allumé,En agglomération,Hors intersection,Normale,Deux véhicules - côté,4,2,3,0,1,1,1,0,1,50,,2,1,0,0,1,29.0,31.0,,,5,2,1,1,3
202100031196,2021-07-02 22:30:00,2021,7,2,22,30,75,75115,BOULEVARD PASTEUR,48.839414,2.316132,Nuit avec éclairage allumé,En agglomération,Hors intersection,Normale,Deux véhicules - arrière,4,2,6,0,2,1,1,0,1,50,,2,1,0,0,1,24.0,34.0,,,5,2,1,1,2
202100031197,2021-07-03 11:00:00,2021,7,3,11,0,75,75113,RUE DE TOLBIAC,48.828472,2.372962,Plein jour,En agglomération,Intersection en X,Normale,Autre collision,4,2,3,0,2,1,1,0,1,50,,2,1,0,0,1,44.0,,,,1,2,2,1,6
202100031198,2021-07-03 17:50:00,2021,7,3,17,50,75,75109,RUE DE CHATEAUDUN,48.875869,2.340336,Plein jour,En agglomération,Intersection en X,Normale,Deux véhicules - côté,4,1,3,0,1,1,1,0,1,30,,2,1,0,0,1,41.0,25.0,,,1,2,2,1,3
202100031199,2021-07-03 18:57:00,2021,7,3,18,57,75,75108,PLACE DE LA CONCORDE,48.865687,2.321865,Plein jour,En agglomération,Place,Normale,Autre collision,4,1,5,0,1,1,1,0,1,50,,2,0,0,0,2,28.0,,,,1,2,7,1,6
202100031200,2021-07-03 12:35:00,2021,7,3,12,35,75,75101,RUE DE RIVOLI,48.863744,2.332105,Plein jour,En agglomération,Intersection en X,Normale,Autre collision,4,2,5,1,1,1,1,0,5,50,,2,1,0,0,1,35.0,,,,1,2,2,1,6
202100031201,2021-07-03 07:20:00,2021,7,3,7,20,75,75104,QUAI HENRI IV,48.847852,2.364047,Plein jour,En agglomération,Intersection en Y,Normale,Autre collision,4,1,2,0,1,1,1,0,1,50,,2,1,0,0,1,,,,,1,2,4,1,6
202100031202,2021-07-03 18:15:00,2021,7,3,18,15,94,94068,Avenue de la Libération,48.8114,2.47861,Plein jour,En agglomération,Intersection en T,Normale,Deux véhicules - frontale,3,2,2,0,1,1,1,9,1,30,,2,1,0,0,1,29.0,31.0,,,1,2,3,1,1
202100031203,2021-07-03 04:03:00,2021,7,3,4,3,94,94028,Rue du Général Leclerc,48.78686,2.46886,Nuit avec éclairage non allumé,En agglomération,Hors intersection,Normale,Autre collision,3,2,2,0,1,1,1,0,1,50,,3,1,0,0,2,24.0,,,,4,2,1,1,6
202100031204,2021-07-03 18:30:00,2021,7,3,18,30,94,94038,Rue Henri Thirard,48.778189,2.34554,Plein jour,En agglomération,Hors intersection,Temps éblouissant,Deux véhicules - côté,4,2,2,0,1,1,1,0,1,50,,2,1,0,0,1,35.0,54.0,,,1,2,1,7,3
202100031205,2021-07-03 19:00:00,2021,7,3,19,0,94,94028,CHOISY(ROUTE DE),48.7877,2.4507,Plein jour,En agglomération,Hors intersection,Normale,Deux véhicules - frontale,3,3,6,3,1,1,1,0,6,50,,3,2,0,0,1,38.0,20.0,,,1,2,1,1,1
202100031206,2021-07-03 01:36:00,2021,7,3,1,36,94,94011,Avenue de Paris,48.78048,2.47541,Nuit avec éclairage non allumé,En agglomération,Hors intersection,Normale,Deux véhicules - côté,3,3,2,0,1,1,1,0,1,50,,3,2,0,0,1,19.0,26.0,,,4,2,1,1,3
202100031207,2021-07-03 15:20:00,2021,7,3,15,20,93,93070,VICTOR-HUGO (BD),48.9073,2.32632,Plein jour,En agglomération,Intersection en X,Normale,Deux véhicules - frontale,3,2,3,0,1,1,1,0,1,50,,2,1,0,0,1,30.0,35.0,,,1,2,2,1,1
202100031208,2021-07-03 20:58:00,2021,7,3,20,58,93,93055,VOIE F,48.91437,2.41285,Plein jour,En agglomération,Hors intersection,Normale,Autre collision,4,2,2,0,1,1,1,0,1,50,,1,0,0,0,1,55.0,,,,1,2,1,1,6
202100031209,2021-07-03 03:20:00,2021,7,3,3,20,93,93053,GAGNY (AVENUE DE),48.88645,2.47404,Nuit avec éclairage allumé,En agglomération,Intersection en T,Normale,Deux véhicules - côté,3,2,2,0,1,1,1,0,1,50,,3,1,0,1,1,32.0,24.0,,,5,2,3,1,3
202100031210,2021-07-03 17:30:00,2021,7,3,17,30,93,93046,Boulevard Robert Schuman,48.928534,2.550285,Plein jour,En agglomération,Hors intersection,Normale,Deux véhicules - côté,4,2,2,0,1,1,1,0,1,50,,3,2,0,0,1,26.0,33.0,,,1,2,1,1,3
202100031211,2021-07-03 19:10:00,2021,7,3,19,10,93,93045,Rue de Paris,48.88293,2.42667,Plein jour,En agglomération,Hors intersection,Normale,Deux véhicules - arrière,3,2,2,0,1,1,1,0,1,50,,2,1,0,0,1,18.0,54.0,,,1,2,1,1,2
202100031212,2021-07-03 05:50:00,2021,7,3,5,50,93,93057,WILSON (AV. DU PRESIDENT) 1 A 69,48.90493,2.51029,Crépuscule ou aube,En agglomération,Intersection en X,Normale,Deux véhicules - frontale,3,1,1,0,1,1,1,0,1,30,,1,0,0,0,1,30.0,,,,2,2,2,1,1
202100031213,2021-07-03 20:00:00,2021,7,3,20,0,93,93008,Avenue Paul Vaillant - Couturier / Avenue Edouard Vaillant,48.90594,2.46963,Plein jour,En agglomération,Intersection en X,Normale,Autre collision,3,2,3,0,1,1,1,9,1,50,,2,1,0,1,0,51.0,,,,1,2,2,1,6
202100031214,2021-07-03 08:20:00,2021,7,3,8,20,93,93001,SAINT GOBAIN (RUE DE),48.912758,2.367575,Plein jour,En agglomération,Hors intersection,Normale,Deux véhicules - côté,4,3,2,0,1,1,1,0,1,10,,2,1,0,0,1,50.0,65.0,,,1,2,1,1,3
202100031215,2021-07-03 13:20:00,2021,7,3,13,20,92,92073,GALLIENI (QUAI),48.869717909,2.2309193015,Plein jour,En agglomération,Hors intersection,Normale,Autre collision,3,1,2,0,1,1,1,0,1,50,,2,1,0,0,1,61.0,,,,1,2,1,1,6
202100031216,2021-07-03 13:56:00,2021,7,3,13,56,92,92072,CRISTALLERIE (AVENUE DE LA),48.8263917048,2.221441716,Plein jour,En agglomération,Hors intersection,Normale,Deux véhicules - frontale,4,1,1,2,2,1,1,0,1,30,,2,1,0,0,1,21.0,47.0,,,1,2,1,1,1
202100031217,2021-07-03 13:30:00,2021,7,3,13,30,92,92062,BAS-ROGERS (RUE DES) N° 38 AU 96,48.8801129053,2.2301729769,Plein jour,En agglomération,Hors intersection,Normale,Deux véhicules - frontale,3,2,2,0,2,1,1,0,1,50,,2,1,0,1,0,35.0,50.0,,,1,2,1,1,1
202100031218,2021-07-03 06:20:00,2021,7,3,6,20,92,92040,PDT ROOSEVELT (QUAI DU),48.8283356727,2.2607347369,Crépuscule ou aube,En agglomération,Hors intersection,Normale,Sans collision,3,2,2,0,2,1,1,1,1,50,,1,0,0,0,1,24.0,,,,2,2,1,1,7
202100031219,2021-07-02 22:55:00,2021,7,2,22,55,92,92026,SAINT DENIS BD (120 A 174 / 199 A 315),48.9021755272,2.2736737132,Nuit avec éclairage allumé,En agglomération,Intersection en T,Normale,Deux véhicules - côté,3,2,3,0,1,1,1,5,1,50,,3,2,0,0,1,23.0,24.0,,,5,2,3,1,3
202100031220,2021-07-03 07:30:00,2021,7,3,7,30,92,92023,PLAISANCE (RUE DE),48.78034,2.23478,Plein jour,En agglomération,Hors intersection,Normale,Autre collision,4,1,0,0,1,1,1,0,1,50,,1,0,0,0,1,42.0,,,,1,2,1,1,6
202100031221,2021-07-03 13:20:00,2021,7,3,13,20,92,92012,EDOUARD VAILLANT (AVENUE) DEBUT/56 - COT,48.834961191,2.2476562858,Plein jour,En agglomération,Hors intersection,Normale,Deux véhicules - côté,3,1,2,0,1,1,1,0,1,50,,2,1,0,0,1,29.0,47.0,,,1,2,1,1,3
202100031222,2021-07-04 11:10:00,2021,7,4,11,10,976,97610,Majikavo Koropa RN1,-12.748076,45.228025,Plein jour,Hors agglomération,Hors intersection,Normale,Deux véhicules - arrière,2,2,2,0,1,1,1,0,1,70,,2,0,0,2,0,28.0,45.0,,,1,1,1,1,2
202100031223,2021-07-02 18:25:00,2021,7,2,18,25,54,54250,D80,48.6827973591,6.3674944648,Plein jour,Hors agglomération,Hors intersection,Normale,Sans collision,3,2,2,0,1,2,1,0,1,80,,2,0,0,0,2,48.0,,,,1,1,1,1,7
202100031224,2021-07-04 06:15:00,2021,7,4,6,15,83,83058,Route de Lorgues,43.5320616045,6.3212352783,Crépuscule ou aube,Hors agglomération,Hors intersection,Normale,Deux véhicules - frontale,3,2,2,0,2,1,1,0,1,80,,2,0,0,0,2,32.0,30.0,,,2,1,1,1,1
202100031225,2021-07-04 04:05:00,2021,7,4,4,5,95,95116,Chemin du Bac des Aubins,49.147563,2.331161,Nuit sans éclairage public,Hors agglomération,Hors intersection,Pluie légère,Sans collision,5,-1,2,0,1,1,2,9,8,30,,2,1,1,0,0,32.0,,,,3,1,1,2,7
202100031226,2021-07-04 09:20:00,2021,7,4,9,20,84,84116,1835 Route de Nyons,44.262531,5.100854,Plein jour,Hors agglomération,Hors intersection,Pluie légère,Deux véhicules - frontale,3,2,2,0,2,3,2,0,1,80,,2,0,0,1,1,23.0,28.0,,,1,1,1,2,1
202100031227,2021-06-01 19:29:00,2021,6,1,19,29,81,81297,RN88,43.9151453687,2.0639705659,Plein jour,Hors agglomération,Hors intersection,Normale,Deux véhicules - côté,2,3,4,0,1,1,1,0,1,110,,2,1,0,0,1,21.0,28.0,,,1,1,1,1,3
202100031228,2021-07-04 15:40:00,2021,7,4,15,40,68,68367,D12,48.064888,7.462109,Plein jour,Hors agglomération,Hors intersection,Pluie légère,Deux véhicules - frontale,3,2,2,0,1,1,2,0,1,80,,3,2,0,1,0,48.0,27.0,,,1,1,1,2,1
202100031229,2021-07-03 22:50:00,2021,7,3,22,50,974,97422,93 Rue Alverdy,-21.279512,55.512505,Nuit sans éclairage public,En agglomération,Hors intersection,Normale,Deux véhicules - frontale,4,1,1,0,1,1,1,0,3,50,,1,0,0,0,1,35.0,,,,3,2,1,1,1
202100031230,2021-07-04 16:00:00,2021,7,4,16,0,83,83036,Avenue des Sauvagieres,43.199345,6.525165,Plein jour,Hors agglomération,Hors intersection,Temps couvert,Sans collision,4,-1,2,0,2,3,1,0,1,50,,1,0,0,0,1,21.0,,,,1,1,1,8,7
202100031231,2021-07-02 17:30:00,2021,7,2,17,30,74,74010,avenue des carrés,45.915297,6.146885,Plein jour,En agglomération,Giratoire,Normale,Deux véhicules - côté,4,1,2,0,1,1,1,0,1,50,,2,1,0,0,1,61.0,49.0,,,1,2,6,1,3
202100031232,2021-07-03 14:10:00,2021,7,3,14,10,76,76201,N31,49.458194,1.41037,Plein jour,Hors agglomération,Hors intersection,Pluie légère,Deux véhicules - côté,2,2,3,0,3,3,2,0,1,80,,4,3,0,1,0,43.0,37.0,,,1,1,1,2,3
202100031233,2021-07-04 03:08:00,2021,7,4,3,8,2A,2A092,"entre les lieux dits "" Tarcu"" et "" Fautea"" -PK: 46+150",41.720309,9.403219,Nuit sans éclairage public,Hors agglomération,Hors intersection,Normale,Autre collision,2,2,2,0,2,2,1,0,3,70,,1,0,0,0,1,38.0,,,,3,1,1,1,6
202100031234,2021-06-26 12:30:00,2021,6,26,12,30,82,82148,Route de Caussade,44.236464,1.607056,Plein jour,Hors agglomération,Hors intersection,Normale,Autre collision,3,2,2,0,1,1,1,0,3,80,,1,0,0,1,0,58.0,,,,1,1,1,1,6
202100031235,2021-07-03 18:15:00,2021,7,3,18,15,49,49261,Route de Doue,47.337321,-0.231464,Plein jour,En agglomération,Hors intersection,Normale,Autre collision,3,2,2,0,2,1,1,0,8,50,,4,1,0,3,0,35.0,,,,1,2,1,1,6
202100031236,2021-07-03 12:40:00,2021,7,3,12,40,12,12289,D5,44.502363,2.23583,Plein jour,Hors agglomération,Hors intersection,Pluie forte,Deux véhicules - côté,3,2,2,0,2,2,2,0,1,90,,4,2,0,1,1,24.0,55.0,,,1,1,1,3,3
202100031237,2021-07-03 20:50:00,2021,7,3,20,50,34,34239,Route de Jonquiere,43.658853,3.49745,Crépuscule ou aube,Hors agglomération,Hors intersection,Temps couvert,Autre collision,3,2,2,0,3,1,1,2,1,70,,2,1,1,0,0,40.0,,,,2,1,1,8,6
202100031238,2021-07-03 20:00:00,2021,7,3,20,0,34,34281,D32,43.52444,3.484879,Plein jour,Hors agglomération,Autre intersection,Normale,Trois véhicules et plus - collisions multiples,3,2,2,0,1,2,1,0,1,90,,7,0,2,1,4,44.0,19.0,,,1,1,9,1,5
202100031239,2021-07-04 08:30:00,2021,7,4,8,30,29,29049,Tachen Coadic,48.031257,-3.944671,Plein jour,Hors agglomération,Hors intersection,Temps couvert,Autre collision,3,2,2,0,1,1,2,0,1,80,,1,0,0,0,1,40.0,,,,1,1,1,8,6
202100031240,2021-06-29 19:30:00,2021,6,29,19,30,38,38389,Route de Lafayette,45.562336,5.072207,Crépuscule ou aube,Hors agglomération,Hors intersection,Autre,Deux véhicules - frontale,3,2,2,0,2,1,2,0,3,80,,2,1,0,1,0,18.0,39.0,,,2,1,1,9,1
202100031241,2021-07-03 15:00:00,2021,7,3,15,0,38,38517,D73e,45.306044,5.476513,Plein jour,Hors agglomération,Hors intersection,Pluie légère,Deux véhicules - côté,3,2,2,0,2,2,2,0,1,80,,4,3,0,0,1,41.0,64.0,,,1,1,1,2,3
202100031242,2021-07-03 20:15:00,2021,7,3,20,15,01,01240,125 Rue de Charmine,46.268674,5.566788,Crépuscule ou aube,En agglomération,Hors intersection,Normale,Sans collision,4,2,1,0,1,2,2,0,1,50,,1,0,0,0,1,42.0,,,,2,2,1,1,7
202100031243,2021-07-04 00:25:00,2021,7,4,0,25,01,01373,58 grande rue,46.137215,5.551963,Nuit avec éclairage non allumé,En agglomération,Hors intersection,Normale,Autre collision,3,2,2,0,1,1,1,0,1,50,,1,0,0,1,0,26.0,,,,4,2,1,1,6
202100031244,2021-07-03 18:50:00,2021,7,3,18,50,01,01138,,45.83173,5.790396,Plein jour,Hors agglomération,Hors intersection,Temps couvert,Deux véhicules - frontale,3,2,2,0,1,3,2,0,1,80,,3,1,1,1,0,31.0,30.0,,,1,1,1,8,1
202100031245,2021-07-03 21:30:00,2021,7,3,21,30,72,72040,Le Champ sous Bois,48.1715444704,0.5577437081,Plein jour,Hors agglomération,Hors intersection,Normale,Autre collision,3,2,2,0,2,2,1,0,3,90,,2,1,0,0,1,28.0,,,,1,1,1,1,6
202100031246,2021-07-03 02:45:00,2021,7,3,2,45,06,06059,ROUTE DE LA TURBIE,43.734732,7.380238,Nuit sans éclairage public,Hors agglomération,Hors intersection,Normale,Autre collision,7,2,2,0,2,1,1,0,1,70,,1,0,0,1,0,44.0,,,,3,1,1,1,6
202100031247,2021-06-28 12:40:00,2021,6,28,12,40,14,14621,D47,49.044275,0.361476,Plein jour,En agglomération,Intersection en Y,Normale,Deux véhicules - côté,3,2,2,0,1,1,1,0,1,80,,2,1,0,1,0,74.0,48.0,,,1,2,4,1,3
202100031248,2021-07-03 16:20:00,2021,7,3,16,20,64,64495,D918,43.359104,-1.614175,Plein jour,En agglomération,Intersection en Y,Temps couvert,Deux véhicules - arrière,3,2,2,0,1,1,1,0,1,50,,2,1,0,1,0,36.0,44.0,,,1,2,4,8,2
202100031249,2021-07-03 16:10:00,2021,7,3,16,10,04,04135,RD 952,43.846212,6.203606,Plein jour,En agglomération,Hors intersection,Normale,Autre collision,3,2,2,0,1,2,1,2,3,80,,1,0,0,1,0,21.0,,,,1,2,1,1,6
202100031250,2021-07-04 14:01:00,2021,7,4,14,1,04,04174,RD 2202 / RN 202,43.970787,6.759845,Plein jour,Hors agglomération,Intersection en T,Pluie légère,Sans collision,2,2,2,0,1,3,2,0,8,80,,2,0,0,0,2,36.0,,,,1,1,3,2,7
202100031251,2021-07-03 20:25:00,2021,7,3,20,25,04,04094,RD 952,43.751846,5.855037,Plein jour,Hors agglomération,Hors intersection,Normale,Deux véhicules - frontale,3,2,2,0,1,3,1,0,1,80,,7,5,1,1,0,44.0,61.0,,,1,1,1,1,1
202100031252,2021-07-03 13:00:00,2021,7,3,13,0,85,85059,ROUTE DEPARTEMENTALE 938 TER,46.639264,-0.737479,Plein jour,Hors agglomération,Giratoire,Autre,Sans collision,3,2,2,0,1,2,2,5,1,80,,1,0,0,1,0,15.0,,,,1,1,6,9,7
202100031253,2021-07-03 00:55:00,2021,7,3,0,55,30,30147,D907,44.011058,4.047391,Nuit sans éclairage public,Hors agglomération,Hors intersection,Normale,Autre collision,3,2,2,0,1,2,1,0,3,80,,1,0,0,1,0,30.0,,,,3,1,1,1,6
202100031254,2021-07-04 00:30:00,2021,7,4,0,30,30,30223,Popnt d'avène,44.210559,4.145641,Nuit sans éclairage public,Hors agglomération,Hors intersection,Normale,Deux véhicules - côté,3,2,3,0,2,1,1,0,1,90,,2,1,0,1,0,28.0,48.0,,,3,1,1,1,3
202100031255,2021-07-03 20:30:00,2021,7,3,20,30,08,08478,D27,49.63373,4.717383,Plein jour,Hors agglomération,Hors intersection,Normale,Deux véhicules - frontale,3,2,2,0,1,3,1,0,1,80,,5,0,0,2,3,45.0,34.0,,,1,1,1,1,1