accident_id,datetime,annee,mois,jour,heure,minute,departement,commune_insee,adresse,latitude,longitude,luminosite,agglomeration,intersection,meteo,collision,catr,circ,nbv,vosp,prof,plan,surf,infra,situ,vma,nb_vehicules,nb_usagers,nb_indemnes,nb_tues,nb_blesses_hosp,nb_blesses_legers,age_cond_1,age_cond_2,veh_type_cond_1,veh_type_cond_2,lum_code,agg_code,int_code,atm_code,col_code
202100031256,2021-07-02 11:52:00,2021,7,2,11,52,40,40152,A 63 - PK 101,43.979985,-1.049559,Plein jour,Hors agglomération,Hors intersection,Normale,Deux véhicules - arrière,1,3,3,0,1,1,1,0,1,130,,3,2,0,1,0,75.0,48.0,,,1,1,1,1,2
202100031257,2021-07-01 23:45:00,2021,7,1,23,45,13,13044,D69,43.617973,5.033561,Nuit sans éclairage public,Hors agglomération,Hors intersection,Normale,Trois véhicules et plus - collisions multiples,7,2,2,0,1,1,1,0,1,80,,4,1,1,1,1,27.0,57.0,,,3,1,1,1,5
202100031258,2021-07-04 00:06:00,2021,7,4,0,6,06,06085,Chemin de Carimail,43.574655,6.975986,Nuit sans éclairage public,Hors agglomération,Hors intersection,Normale,Deux véhicules - frontale,3,2,2,0,2,2,1,0,1,80,,2,1,0,1,0,23.0,56.0,,,3,1,1,1,1
202100031259,2021-07-03 07:32:00,2021,7,3,7,32,13,13051,autoroute A7,43.59873,5.158167,Crépuscule ou aube,Hors agglomération,Hors intersection,Normale,Deux véhicules - arrière,1,1,3,0,1,1,1,0,1,130,,5,1,0,2,2,27.0,20.0,,,2,1,1,1,2
202100031260,2021-07-04 07:20:00,2021,7,4,7,20,78,78349,A10,48.571379,1.995129,Plein jour,Hors agglomération,Hors intersection,Normale,Autre collision,1,3,4,0,1,1,1,0,3,130,,2,0,1,1,0,25.0,,,,1,1,1,1,6
202100031261,2021-07-03 15:15:00,2021,7,3,15,15,974,97422,74 Rue Jean de Fos du Rau,-21.224007,55.551896,Plein jour,En agglomération,Hors intersection,Normale,Deux véhicules - frontale,2,2,2,0,2,3,1,0,1,50,,2,1,1,0,0,81.0,43.0,,,1,2,1,1,1
202100031262,2021-07-02 13:25:00,2021,7,2,13,25,971,97125,Chemin de l Esperance,16.286003,-61.270677,Plein jour,Hors agglomération,Hors intersection,Vent fort / tempête,Deux véhicules - arrière,4,2,2,0,1,1,1,0,1,80,,2,1,0,0,1,45.0,47.0,,,1,1,1,6,2
202100031263,2021-07-02 18:00:00,2021,7,2,18,0,28,28321,D115.2; D21,48.821714,1.472307,Plein jour,Hors agglomération,Intersection en X,Normale,Deux véhicules - frontale,3,2,2,0,1,1,1,0,1,80,,2,1,0,0,1,37.0,23.0,,,1,1,2,1,1
202100031264,2021-07-03 15:30:00,2021,7,3,15,30,77,77238,D402,48.868773,3.091793,Plein jour,Hors agglomération,Intersection en X,Normale,Trois véhicules et plus - collisions multiples,3,2,2,0,1,1,1,0,1,80,,4,2,0,1,1,49.0,52.0,,,1,1,2,1,5
202100031265,2021-07-03 23:00:00,2021,7,3,23,0,95,95462,RD 86,49.1475197073,1.7134260238,Nuit sans éclairage public,Hors agglomération,Hors intersection,Normale,Trois véhicules et plus - collisions multiples,3,2,2,0,1,1,1,0,1,80,,6,1,0,4,1,41.0,46.0,,,3,1,1,1,5
202100031266,2021-07-03 02:00:00,2021,7,3,2,0,2B,2B185,RD 82,42.663867,9.313617,Nuit sans éclairage public,Hors agglomération,Hors intersection,Normale,Deux véhicules - côté,3,2,2,0,1,3,1,0,1,50,,2,1,0,1,0,21.0,48.0,,,3,1,1,1,3
202100031267,2021-07-04 16:30:00,2021,7,4,16,30,66,66088,6 Route de Prades,42.667596,2.61453,Plein jour,En agglomération,Hors intersection,Normale,Autre collision,3,2,2,0,1,1,1,0,1,50,,2,1,1,0,0,60.0,,,,1,2,1,1,6
202100031268,2021-07-04 14:25:00,2021,7,4,14,25,34,34145,Avenue du Vidourle,43.684625,4.152034,Plein jour,En agglomération,Hors intersection,Normale,Deux véhicules - frontale,2,2,2,0,1,1,1,0,1,70,,2,0,0,2,0,28.0,77.0,,,1,2,1,1,1
202100031269,2021-07-03 19:30:00,2021,7,3,19,30,83,83107,Route Départementale 7,43.452545,6.633339,Plein jour,En agglomération,Hors intersection,Normale,Deux véhicules - côté,3,2,2,0,1,1,1,0,1,50,,2,1,0,1,0,51.0,40.0,,,1,2,1,1,3
202100031270,2021-07-03 18:25:00,2021,7,3,18,25,83,83023,Dn7,43.406096,6.021184,Plein jour,Hors agglomération,Hors intersection,Normale,Deux véhicules - côté,3,2,2,0,1,1,1,5,1,80,,3,1,0,2,0,28.0,62.0,,,1,1,1,1,3
202100031271,2021-07-03 00:32:00,2021,7,3,0,32,04,04245,Chemin de Pietramal,43.869714,5.829867,Nuit sans éclairage public,Hors agglomération,Hors intersection,Normale,Autre collision,4,-1,1,0,1,1,1,0,3,50,,2,0,0,1,1,20.0,,,,3,1,1,1,6
202100031272,2021-07-04 11:30:00,2021,7,4,11,30,73,73034,Rte du Col du Pre,45.6854128764,6.5766920301,Plein jour,Hors agglomération,Hors intersection,Pluie légère,Sans collision,4,2,2,0,2,1,1,0,1,80,,1,0,0,1,0,62.0,,,,1,1,1,2,7
202100031273,2021-07-04 10:30:00,2021,7,4,10,30,42,42202,2170 Route de Feurs,45.728584,4.317133,Plein jour,Hors agglomération,Hors intersection,Pluie forte,Deux véhicules - côté,3,2,2,0,2,4,2,0,1,80,,2,0,0,1,1,51.0,74.0,,,1,1,1,3,3
202100031274,2021-07-02 09:58:00,2021,7,2,9,58,38,38203,N85,45.020474,5.77486,Plein jour,Hors agglomération,Hors intersection,Normale,Deux véhicules - côté,2,2,2,0,1,1,1,0,1,80,,2,1,0,1,0,61.0,62.0,,,1,1,1,1,3
202100031275,2021-07-02 21:45:00,2021,7,2,21,45,81,81099,D3,43.930836,1.928535,Crépuscule ou aube,Hors agglomération,Intersection en T,Normale,Deux véhicules - arrière,3,2,2,0,1,1,1,0,1,80,,3,0,0,0,3,16.0,16.0,,,2,1,3,1,2
202100031276,2021-07-04 08:50:00,2021,7,4,8,50,79,79049,,46.881975,-0.496037,Plein jour,Hors agglomération,Intersection en T,Pluie légère,Sans collision,3,2,2,0,1,2,2,0,1,80,,1,0,0,0,1,17.0,,,,1,1,3,2,7
202100031277,2021-07-02 12:15:00,2021,7,2,12,15,72,72025,35 Rue du Maine,47.689378,-0.168673,Plein jour,En agglomération,Hors intersection,Normale,Autre collision,3,2,2,0,1,1,1,0,1,30,,2,1,0,1,0,48.0,,,,1,2,1,1,6
202100031278,2021-07-03 19:15:00,2021,7,3,19,15,60,60589,Rond point du verbois,49.220793,2.466924,Plein jour,Hors agglomération,Giratoire,Normale,Deux véhicules - côté,3,4,2,0,1,3,1,0,8,70,,2,0,0,0,2,33.0,22.0,,,1,1,6,1,3
202100031279,2021-07-03 17:10:00,2021,7,3,17,10,13,13117,A7-Sens Marseille vers Lyon,43.45253,5.2379,Plein jour,Hors agglomération,Hors intersection,Normale,Autre collision,1,1,2,0,2,1,1,0,3,110,,1,0,0,0,1,26.0,,,,1,1,1,1,6
202100031280,2021-07-03 20:12:00,2021,7,3,20,12,94,94034,AUTOROUTE A86,48.7602012934,2.3206169189,Plein jour,Hors agglomération,Hors intersection,Normale,Sans collision,1,1,2,0,2,1,1,0,1,70,,3,2,0,0,1,27.0,26.0,,,1,1,1,1,7
202100031281,2021-07-03 17:00:00,2021,7,3,17,0,94,94037,AUTOROUTE A6B,48.8106695381,2.3500442505,Plein jour,Hors agglomération,Hors intersection,Normale,Trois véhicules et plus - en chaîne,1,3,4,0,1,1,1,1,1,70,,4,3,0,0,1,31.0,,,,1,1,1,1,4
202100031282,2021-07-03 13:40:00,2021,7,3,13,40,94,94034,AUTOROUTE A86,48.7599,2.3223,Plein jour,Hors agglomération,Hors intersection,Normale,Trois véhicules et plus - en chaîne,1,1,2,0,2,1,1,0,1,70,,4,3,0,0,1,28.0,37.0,,,1,1,1,1,4
202100031283,2021-07-03 14:00:00,2021,7,3,14,0,92,92050,A86,48.91539,2.2202,Plein jour,Hors agglomération,Hors intersection,Normale,Deux véhicules - arrière,1,1,3,0,1,1,1,0,1,90,,3,1,0,0,2,19.0,,,,1,1,1,1,2
202100031284,2021-07-03 01:10:00,2021,7,3,1,10,78,78206,A13,48.95633,1.93606,Nuit sans éclairage public,Hors agglomération,Hors intersection,Normale,Deux véhicules - arrière,1,3,6,0,2,1,1,0,2,130,,3,2,0,0,1,21.0,60.0,,,3,1,1,1,2
202100031285,2021-07-03 13:15:00,2021,7,3,13,15,93,93006,AUTOROUTE A3,48.86649,2.4239,Plein jour,Hors agglomération,Hors intersection,Normale,Deux véhicules - côté,1,3,8,0,1,1,1,0,1,90,,2,1,0,0,1,52.0,50.0,,,1,1,1,1,3
202100031286,2021-07-03 19:20:00,2021,7,3,19,20,95,95154,AUTOROUTE A1,49.04503,2.54503,Plein jour,Hors agglomération,Hors intersection,Normale,Autre collision,1,3,6,0,1,1,1,0,1,110,,1,0,0,0,1,25.0,,,,1,1,1,1,6
202100031287,2021-07-02 12:50:00,2021,7,2,12,50,92,92036,AUTOROUTE A86,48.93898,2.30265,Plein jour,Hors agglomération,Hors intersection,Normale,Autre collision,1,3,4,0,1,1,1,0,1,90,,1,0,0,0,1,56.0,,,,1,1,1,1,6
202100031288,2021-07-02 19:20:00,2021,7,2,19,20,95,95582, A15,48.9657003372,2.2591197611,Plein jour,Hors agglomération,Hors intersection,Normale,Deux véhicules - arrière,1,3,8,0,1,1,1,0,1,110,,2,1,0,0,1,45.0,32.0,,,1,1,1,1,2
202100031289,2021-07-02 15:45:00,2021,7,2,15,45,93,93027,AUTOROUTE A86,48.92291,2.38068,Plein jour,Hors agglomération,Hors intersection,Normale,Trois véhicules et plus - en chaîne,1,3,8,0,1,1,1,1,1,90,,3,2,0,0,1,27.0,49.0,,,1,1,1,1,4
202100031290,2021-07-02 11:55:00,2021,7,2,11,55,75,75105,RUE SAINT JACQUES,48.850446,2.345325,Plein jour,En agglomération,Hors intersection,Normale,Deux véhicules - côté,4,1,3,1,2,1,1,0,5,30,,2,1,0,0,1,39.0,22.0,,,1,2,1,1,3
202100031291,2021-07-02 19:50:00,2021,7,2,19,50,75,75120,RUE DE MENILMONTANT,48.870082,2.395766,Plein jour,En agglomération,Intersection en X,Normale,Deux véhicules - arrière,4,2,2,0,1,1,1,0,1,50,,2,1,0,0,1,35.0,,,,1,2,2,1,2
202100031292,2021-07-02 17:15:00,2021,7,2,17,15,75,75120,BOULEVARD DAVOUT,48.852724,2.410793,Plein jour,En agglomération,Intersection en T,Normale,Deux véhicules - côté,4,3,4,1,2,1,1,0,5,50,,2,0,0,0,2,47.0,19.0,,,1,2,3,1,3
202100031293,2021-07-02 17:05:00,2021,7,2,17,5,75,75119,AVENUE DE FLANDRE,48.891237,2.377388,Plein jour,En agglomération,Intersection en T,Normale,Deux véhicules - côté,4,3,3,1,1,1,1,0,5,50,,2,1,0,0,1,39.0,59.0,,,1,2,3,1,3
202100031294,2021-07-02 12:30:00,2021,7,2,12,30,75,75119,RUE RIQUET,48.888941,2.372461,Plein jour,En agglomération,Hors intersection,Normale,Autre collision,4,2,3,0,1,1,1,0,1,30,,2,1,0,0,1,24.0,,,,1,2,1,1,6
202100031295,2021-07-02 10:47:00,2021,7,2,10,47,75,75116,AVENUE RAYMOND POINCARE,48.869421,2.285419,Plein jour,En agglomération,Place,Normale,Autre collision,4,2,2,0,1,1,1,0,1,50,,2,1,0,0,1,61.0,,,,1,2,7,1,6
202100031296,2021-07-02 08:40:00,2021,7,2,8,40,75,75115,BOULEVARD VICTOR,48.836167,2.278306,Plein jour,En agglomération,Intersection en X,Normale,Deux véhicules - côté,4,3,2,0,1,1,1,5,1,50,,2,1,0,0,1,22.0,31.0,,,1,2,2,1,3
202100031297,2021-07-02 01:25:00,2021,7,2,1,25,75,75115,QUAI BRANLY,48.854585,2.288911,Nuit avec éclairage allumé,En agglomération,Intersection en T,Normale,Autre collision,4,2,1,1,1,3,1,0,5,25,,1,0,0,1,0,26.0,,,,5,2,3,1,6
202100031298,2021-07-01 18:05:00,2021,7,1,18,5,75,75115,RUE LOUIS ARMAND,48.833358,2.277176,Plein jour,En agglomération,Intersection en Y,Normale,Deux véhicules - côté,4,2,2,0,1,1,1,0,1,50,,2,1,0,0,1,47.0,63.0,,,1,2,4,1,3
202100031299,2021-06-29 23:00:00,2021,6,29,23,0,75,75115,RUE DE VAUGIRARD,48.839849,2.302127,Nuit avec éclairage allumé,En agglomération,Intersection en Y,Normale,Deux véhicules - côté,4,1,3,1,1,1,1,0,5,50,,2,1,0,0,1,59.0,37.0,,,5,2,4,1,3
202100031300,2021-07-02 05:20:00,2021,7,2,5,20,75,75114,RUE FROIDEVAUX,48.834749,2.331174,Crépuscule ou aube,En agglomération,Place,Normale,Autre collision,4,2,3,0,1,1,1,0,1,50,,1,0,0,0,1,58.0,,,,2,2,7,1,6
202100031301,2021-07-02 02:55:00,2021,7,2,2,55,75,75113,RUE DU CHATEAU DES RENTIERS,48.82898,2.365429,Nuit avec éclairage allumé,En agglomération,Place,Normale,Autre collision,4,1,1,0,4,1,1,0,1,50,,1,0,0,0,1,52.0,,,,5,2,7,1,6
202100031302,2021-07-02 21:00:00,2021,7,2,21,0,75,75112,BOULEVARD DE PICPUS,48.84514,2.402397,Plein jour,En agglomération,Place,Normale,Deux véhicules - côté,4,3,1,0,1,2,1,0,1,50,,2,1,0,0,1,,59.0,,,1,2,7,1,3
202100031303,2021-07-02 16:00:00,2021,7,2,16,0,75,75111,RUE DU FAUBOURG SAINT ANTOINE,48.853338,2.370337,Plein jour,En agglomération,Intersection à plus de 4 branches,Normale,Autre collision,4,2,3,1,1,1,1,0,5,50,,2,1,0,0,1,61.0,,,,1,2,5,1,6
202100031304,2021-07-01 18:45:00,2021,7,1,18,45,75,75112,RUE DE REUILLY,48.846584,2.38746,Plein jour,En agglomération,Intersection en T,Normale,Deux véhicules - côté,4,2,2,0,1,1,1,0,1,50,,2,1,0,0,1,41.0,75.0,,,1,2,3,1,3
202100031305,2021-07-02 14:05:00,2021,7,2,14,5,75,75108,AVENUE DES CHAMPS ELYSEES,48.867799,2.313911,Plein jour,En agglomération,Intersection en X,Normale,Deux véhicules - arrière,4,2,10,0,1,1,1,0,1,50,,3,2,0,0,1,41.0,34.0,,,1,2,2,1,2
202100031306,2021-07-02 14:20:00,2021,7,2,14,20,75,75107,QUAI BRANLY,48.857473,2.291051,Plein jour,En agglomération,Intersection en T,Normale,Deux véhicules - côté,4,2,6,1,1,1,1,0,5,50,,2,1,0,0,1,57.0,24.0,,,1,2,3,1,3
202100031307,2021-07-02 02:50:00,2021,7,2,2,50,75,75107,QUAI ANATOLE FRANCE,48.861387,2.323218,Nuit avec éclairage allumé,En agglomération,Hors intersection,Normale,Deux véhicules - frontale,4,2,4,1,1,1,1,0,5,50,,2,1,0,0,1,19.0,22.0,,,5,2,1,1,1
202100031308,2021-07-01 20:30:00,2021,7,1,20,30,75,75102,PLACE DE L OPERA,48.870572,2.332161,Crépuscule ou aube,En agglomération,Place,Normale,Deux véhicules - côté,4,-1,3,0,1,1,1,0,1,50,,2,1,0,0,1,75.0,27.0,,,2,2,7,1,3
202100031309,2021-07-02 16:20:00,2021,7,2,16,20,94,94081,Avenue Henri Barbusse,48.7899,2.3908,Plein jour,En agglomération,Hors intersection,Normale,Deux véhicules - arrière,3,1,1,0,2,1,1,0,1,50,,2,1,0,0,1,39.0,32.0,,,1,2,1,1,2
202100031310,2021-07-02 12:30:00,2021,7,2,12,30,94,94081,Avenue Rouget de Lisle,48.78266,2.39394,Plein jour,En agglomération,Intersection en X,Normale,Deux véhicules - côté,3,1,2,3,1,1,1,0,1,50,,3,2,0,0,1,55.0,38.0,,,1,2,2,1,3
202100031311,2021-07-02 13:30:00,2021,7,2,13,30,94,94067,PARIS (av. de),48.84587,2.4237,Plein jour,En agglomération,Intersection en T,Normale,Deux véhicules - côté,3,2,2,1,1,1,1,0,1,50,,2,1,0,0,1,46.0,20.0,,,1,2,3,1,3
202100031312,2021-07-02 11:57:00,2021,7,2,11,57,94,94074,Avenue Guy Môquet,48.73993,2.47349,Plein jour,En agglomération,Hors intersection,Normale,Deux véhicules - côté,3,2,1,0,2,1,1,0,1,50,,2,1,0,0,1,32.0,67.0,,,1,2,1,1,3
202100031313,2021-07-01 19:35:00,2021,7,1,19,35,94,94068,GUYNEMER (AV),48.789,2.486,Plein jour,En agglomération,Intersection en X,Normale,Deux véhicules - côté,4,1,2,1,1,1,1,0,1,30,,3,0,0,0,3,35.0,32.0,,,1,2,2,1,3
202100031314,2021-07-02 17:12:00,2021,7,2,17,12,94,94046,JEAN JAURES (R),48.800079,2.432263,Plein jour,En agglomération,Intersection en T,Normale,Autre collision,4,2,4,0,1,1,1,0,1,50,,2,1,0,0,1,19.0,,,,1,2,3,1,6
202100031315,2021-07-02 08:30:00,2021,7,2,8,30,94,94046,Avenue du Général Leclerc,48.80925,2.4345,Plein jour,En agglomération,Intersection en T,Normale,Trois véhicules et plus - collisions multiples,3,3,4,0,1,1,1,0,1,50,,3,2,0,0,1,53.0,33.0,,,1,2,3,1,5
202100031316,2021-07-02 06:09:00,2021,7,2,6,9,94,94041,Quai Jean Compagnon,48.82078,2.39545,Nuit avec éclairage allumé,En agglomération,Hors intersection,Normale,Deux véhicules - côté,3,2,2,0,1,1,1,0,1,50,,2,1,0,0,1,27.0,56.0,,,5,2,1,1,3
202100031317,2021-06-28 13:30:00,2021,6,28,13,30,94,94041,Avenue de la République,48.802608,2.397098,Plein jour,En agglomération,Hors intersection,Normale,Deux véhicules - côté,4,2,2,0,1,1,1,5,1,50,,2,1,0,1,0,48.0,52.0,,,1,2,1,1,3
202100031318,2021-07-02 17:15:00,2021,7,2,17,15,94,94033,Place Moreau-David,48.8439,2.46481,Plein jour,En agglomération,Hors intersection,Normale,Autre collision,4,2,1,0,1,1,1,0,1,50,,2,1,0,0,1,40.0,,,,1,2,1,1,6
202100031319,2021-07-01 20:40:00,2021,7,1,20,40,94,94028,ABYMES.(ESPLANADE DES),48.77349,2.45682,Plein jour,En agglomération,Hors intersection,Normale,Autre collision,9,-1,0,3,1,1,1,6,8,50,,2,1,0,0,1,18.0,,,,1,2,1,1,6
202100031320,2021-07-01 11:40:00,2021,7,1,11,40,94,94011,ROSTAND.(RUE JEAN),48.7672013545,2.4851145253,Plein jour,En agglomération,Hors intersection,Normale,Autre collision,4,2,0,3,1,1,1,0,4,50,,1,0,0,0,1,19.0,,,,1,2,1,1,6
202100031321,2021-07-02 17:15:00,2021,7,2,17,15,94,94022,JEAN JAURES (R),48.76568,2.40988,Plein jour,En agglomération,Hors intersection,Temps éblouissant,Deux véhicules - côté,3,2,3,3,1,1,1,0,1,50,,4,1,0,0,3,25.0,32.0,,,1,2,1,7,3
202100031322,2021-07-02 13:20:00,2021,7,2,13,20,94,94004,8 MAI 1945 (AV DU),48.75838,2.50364,Plein jour,En agglomération,Hors intersection,Normale,Autre collision,4,2,2,0,2,2,1,0,4,50,,1,0,0,0,1,42.0,,,,1,2,1,1,6
202100031323,2021-07-02 17:30:00,2021,7,2,17,30,93,93046,Avenue du Maréchal Leclerc / Allée Joseph Noize,48.92,2.53929,Plein jour,En agglomération,Intersection en X,Normale,Deux véhicules - arrière,3,2,4,0,1,1,1,0,1,50,,3,2,0,0,1,20.0,40.0,,,1,2,2,1,2
202100031324,2021-07-02 15:15:00,2021,7,2,15,15,93,93014,Chemin des Postes / Allee de la Fosse Maussoin,48.9078,2.53203,Plein jour,En agglomération,Giratoire,Normale,Deux véhicules - côté,4,2,2,0,1,2,1,0,1,50,,2,1,0,0,1,20.0,49.0,,,1,2,6,1,3
202100031325,2021-07-02 06:40:00,2021,7,2,6,40,93,93005,Boulevard de Strasbourg,48.924999,2.487464,Plein jour,En agglomération,Hors intersection,Normale,Deux véhicules - arrière,4,2,2,0,1,1,1,0,1,50,,2,1,0,0,1,48.0,25.0,,,1,2,1,1,2
202100031326,2021-07-02 20:26:00,2021,7,2,20,26,93,93001,JEAN JAURES  (AVE)  157 A 213,48.913321,2.402497,Plein jour,En agglomération,Hors intersection,Normale,Deux véhicules - côté,3,2,4,3,1,1,1,0,1,50,,3,2,0,0,1,53.0,33.0,,,1,2,1,1,3
202100031327,2021-07-01 17:40:00,2021,7,1,17,40,92,92072,GRANDE RUE,48.8208933457,2.2016912699,Plein jour,En agglomération,Autre intersection,Normale,Autre collision,3,2,2,0,1,2,1,5,1,50,,2,1,0,0,1,22.0,,,,1,2,9,1,6
202100031328,2021-07-01 20:43:00,2021,7,1,20,43,92,92036,PIERRE DE COUBERTIN (BOULEVARD) (G.SAND,48.926329,2.28472,Plein jour,En agglomération,Hors intersection,Normale,Deux véhicules - arrière,3,3,4,0,1,1,1,0,1,50,,2,1,0,0,1,29.0,,,,1,2,1,1,2
202100031329,2021-07-02 18:20:00,2021,7,2,18,20,92,92026,PRÉSIDENT PAUL DOUMER (QUAI DU),48.88976,2.2558,Plein jour,En agglomération,Hors intersection,Normale,Deux véhicules - arrière,3,1,2,0,2,1,1,2,1,50,,3,1,0,0,2,29.0,32.0,,,1,2,1,1,2
202100031330,2021-07-02 09:45:00,2021,7,2,9,45,92,92026,VERDUN (DE 01 A 61),48.8968940236,2.2641652822,Plein jour,En agglomération,Intersection en T,Normale,Deux véhicules - côté,3,2,7,1,1,1,1,0,1,50,,2,1,0,1,0,22.0,59.0,,,1,2,3,1,3
202100031331,2021-07-01 17:25:00,2021,7,1,17,25,92,92025,PDT S.ALLENDE> 278   147 (RUE DU),48.922103,2.233233,Plein jour,En agglomération,Hors intersection,Normale,Deux véhicules - côté,4,2,2,0,1,1,1,0,1,30,,3,2,0,0,1,36.0,29.0,,,1,2,1,1,3
202100031332,2021-07-02 17:50:00,2021,7,2,17,50,92,92024,JEAN JAURES (BD) DE (111 A 159),48.9050817087,2.3021246574,Plein jour,En agglomération,Hors intersection,Normale,Deux véhicules - côté,3,1,2,1,1,1,1,0,5,50,,2,1,0,0,1,44.0,37.0,,,1,2,1,1,3
202100031333,2021-07-02 18:40:00,2021,7,2,18,40,92,92023,LAZARE CARNOT (RUE),48.80949,2.27123,Plein jour,En agglomération,Hors intersection,Normale,Deux véhicules - côté,4,2,2,0,1,1,1,0,1,30,,2,1,0,0,1,27.0,45.0,,,1,2,1,1,3
202100031334,2021-07-02 19:05:00,2021,7,2,19,5,92,92012,MARCEL SEMBAT (PLACE),48.8337055879,2.2433513403,Plein jour,En agglomération,Giratoire,Normale,Sans collision,3,1,2,0,1,2,1,0,1,50,,1,0,0,0,1,25.0,,,,1,2,6,1,7
202100031335,2021-07-02 08:39:00,2021,7,2,8,39,92,92012,VIEUX PONT DE SEVRES (RUE DU) 157/FIN,48.8314968516,2.2421812266,Plein jour,En agglomération,Intersection à plus de 4 branches,Normale,Deux véhicules - côté,4,1,2,0,1,1,1,0,1,50,,2,1,0,0,1,31.0,85.0,,,1,2,5,1,3
202100031336,2021-07-02 21:45:00,2021,7,2,21,45,87,87178,RD29,45.879284,1.372733,Crépuscule ou aube,Hors agglomération,Hors intersection,Temps couvert,Autre collision,3,2,2,0,1,2,2,0,3,80,,1,0,0,1,0,38.0,,,,2,1,1,8,6
202100031337,2021-07-03 09:50:00,2021,7,3,9,50,06,06114,2087 Route de l Abadie,43.744903,7.292931,Plein jour,En agglomération,Hors intersection,Normale,Deux véhicules - frontale,7,2,2,0,2,2,1,0,1,50,,2,1,0,0,1,31.0,29.0,,,1,2,1,1,1
202100031338,2021-07-02 08:00:00,2021,7,2,8,0,33,33098,,44.681264,-0.320309,Plein jour,En agglomération,Intersection en Y,Normale,Deux véhicules - frontale,3,2,2,0,2,2,1,0,1,50,,2,1,0,1,0,20.0,65.0,,,1,2,4,1,1
202100031339,2021-07-03 02:00:00,2021,7,3,2,0,31,31445,74 Route de la Saune,43.580827,1.535976,Nuit avec éclairage allumé,En agglomération,Hors intersection,Normale,Autre collision,7,2,2,0,1,2,1,9,4,50,,3,2,0,1,0,19.0,,,,5,2,1,1,6
202100031340,2021-05-29 16:30:00,2021,5,29,16,30,68,68044,D148,48.159034,7.074848,Plein jour,Hors agglomération,Hors intersection,Normale,Sans collision,3,2,2,0,2,2,1,0,3,-1,,1,0,0,1,0,25.0,,,,1,1,1,1,7
202100031341,2021-07-03 10:00:00,2021,7,3,10,0,52,52014,"A31, point kilométrique 97+100",47.769458,5.195514,Plein jour,Hors agglomération,Hors intersection,Normale,Autre collision,1,3,5,0,1,1,1,0,1,130,,4,1,0,0,3,18.0,,,,1,1,1,1,6
202100031342,2021-06-29 07:30:00,2021,6,29,7,30,12,12267,D902,44.065418,2.51514,Plein jour,Hors agglomération,Hors intersection,Pluie légère,Deux véhicules - frontale,3,2,2,0,2,2,2,0,1,90,,2,0,0,2,0,42.0,72.0,,,1,1,1,2,1
202100031343,2021-07-03 03:30:00,2021,7,3,3,30,41,41252,A10 PK 136.000 Vers Paris,47.708837,1.460152,Nuit sans éclairage public,Hors agglomération,Autre intersection,Normale,Deux véhicules - côté,1,3,3,0,1,1,1,0,8,90,,3,0,0,1,2,55.0,53.0,,,3,1,9,1,3
202100031344,2021-06-29 16:00:00,2021,6,29,16,0,85,85144,Le Bois Trieau,46.844067,-1.12163,Plein jour,Hors agglomération,Hors intersection,Normale,Deux véhicules - frontale,4,2,2,0,1,2,1,0,1,80,,3,2,0,1,0,15.0,23.0,,,1,1,1,1,1
202100031345,2021-07-02 14:45:00,2021,7,2,14,45,40,40246,Route de Luxey,44.151728,-0.714632,Plein jour,Hors agglomération,Autre intersection,Normale,Autre collision,3,2,2,0,1,1,1,0,1,80,,1,0,0,1,0,27.0,,,,1,1,9,1,6
202100031346,2021-07-03 05:15:00,2021,7,3,5,15,56,56204,Chateaubriand,47.9052618,-2.7682972,Nuit sans éclairage public,Hors agglomération,Hors intersection,Pluie légère,Autre collision,3,2,2,0,1,3,2,0,3,50,,2,0,0,1,1,21.0,,,,3,1,1,2,6
202100031347,2021-07-02 17:15:00,2021,7,2,17,15,77,77025,Route départementale 411 - PK 016.626,48.400864,3.205916,Plein jour,Hors agglomération,Autre intersection,Normale,Trois véhicules et plus - en chaîne,3,2,2,0,4,1,1,0,1,80,,6,2,0,0,4,24.0,48.0,,,1,1,9,1,4
202100031348,2021-07-03 09:50:00,2021,7,3,9,50,76,76441,D49,49.944558,1.590775,Plein jour,En agglomération,Intersection en Y,Pluie légère,Sans collision,3,2,2,0,1,1,2,0,1,-1,,1,0,0,1,0,21.0,,,,1,2,4,2,7
202100031349,2021-07-02 19:10:00,2021,7,2,19,10,80,80222,D111,50.214262,1.818575,Plein jour,Hors agglomération,Hors intersection,Normale,Deux véhicules - arrière,3,2,2,0,2,1,1,0,1,80,,3,1,1,1,0,29.0,38.0,,,1,1,1,1,2
202100031350,2021-07-03 15:40:00,2021,7,3,15,40,82,82134,D115,44.0654396944,1.5020415623,Plein jour,Hors agglomération,Hors intersection,Autre,Deux véhicules - frontale,3,2,2,0,1,1,1,0,1,80,,2,1,1,0,0,57.0,49.0,,,1,1,1,9,1
202100031351,2021-07-02 22:25:00,2021,7,2,22,25,33,33125,8 Chemin de Cambeil,45.2251264873,-0.8832345243,Nuit sans éclairage public,Hors agglomération,Hors intersection,Normale,Autre collision,4,2,2,0,1,3,1,0,1,50,,1,0,0,0,1,19.0,,,,3,1,1,1,6
202100031352,2021-07-03 08:00:00,2021,7,3,8,0,32,32369,D931,43.794521,0.022214,Plein jour,Hors agglomération,Hors intersection,Pluie légère,Deux véhicules - frontale,3,2,2,0,1,3,2,0,1,80,,5,0,1,0,4,41.0,21.0,,,1,1,1,2,1
202100031353,2021-07-03 15:00:00,2021,7,3,15,0,11,11304,RD118,42.890795,2.195211,Plein jour,En agglomération,Intersection en Y,Normale,Trois véhicules et plus - collisions multiples,3,2,2,0,1,3,1,0,1,50,,3,2,0,1,0,58.0,41.0,,,1,2,4,1,5