accident_id,datetime,annee,mois,jour,heure,minute,departement,commune_insee,adresse,latitude,longitude,luminosite,agglomeration,intersection,meteo,collision,catr,circ,nbv,vosp,prof,plan,surf,infra,situ,vma,nb_vehicules,nb_usagers,nb_indemnes,nb_tues,nb_blesses_hosp,nb_blesses_legers,age_cond_1,age_cond_2,veh_type_cond_1,veh_type_cond_2,lum_code,agg_code,int_code,atm_code,col_code
202100031354,2021-07-03 01:30:00,2021,7,3,1,30,71,71353,route de Potte,46.5403014514,4.8919011831,Nuit sans éclairage public,Hors agglomération,Hors intersection,Normale,Autre collision,3,2,2,0,1,1,1,0,8,80,,1,0,0,1,0,22.0,,,,3,1,1,1,6
202100031355,2021-07-03 11:30:00,2021,7,3,11,30,55,55245,Lac de la Madine,48.9379838696,5.7247942686,Plein jour,Hors agglomération,Hors intersection,Normale,Autre collision,9,2,2,1,1,1,1,0,5,20,,1,0,0,1,0,54.0,,,,1,1,1,1,6
202100031356,2021-07-03 12:55:00,2021,7,3,12,55,42,42026,Route de Melay,46.1741401801,4.0768490732,Plein jour,Hors agglomération,Hors intersection,Pluie légère,Autre collision,3,2,2,0,2,3,2,0,8,80,,5,4,0,0,1,24.0,,,,1,1,1,2,6
202100031357,2021-07-03 03:00:00,2021,7,3,3,0,42,42139,Route du Play,45.284965,4.389762,Nuit sans éclairage public,En agglomération,Hors intersection,Normale,Sans collision,4,2,2,0,2,1,1,0,8,50,,1,0,0,1,0,15.0,,,,3,2,1,1,7
202100031358,2021-07-02 11:45:00,2021,7,2,11,45,86,86281,RD 18,46.732844,0.192372,Plein jour,Hors agglomération,Intersection en X,Normale,Deux véhicules - côté,3,2,2,0,1,1,1,0,1,80,,3,2,0,0,1,63.0,30.0,,,1,1,2,1,3
202100031359,2021-07-03 02:30:00,2021,7,3,2,30,34,34126,D908,43.588205,3.09447,Nuit sans éclairage public,Hors agglomération,Hors intersection,Normale,Autre collision,3,2,2,0,1,1,1,0,1,70,,2,0,1,0,1,18.0,,,,3,1,1,1,6
202100031360,2021-06-27 18:10:00,2021,6,27,18,10,68,68068,D419,47.630405,7.138023,Plein jour,Hors agglomération,Intersection en Y,Normale,Deux véhicules - côté,3,2,2,0,2,1,2,0,1,80,,3,1,0,1,1,67.0,53.0,,,1,1,4,1,3
202100031361,2021-07-03 02:30:00,2021,7,3,2,30,68,68155,D415,48.103878,7.303398,Nuit sans éclairage public,Hors agglomération,Giratoire,Normale,Sans collision,3,-1,4,0,1,1,1,0,8,80,,1,0,0,1,0,39.0,,,,3,1,6,1,7
202100031362,2021-06-17 02:30:00,2021,6,17,2,30,44,44079,rue de bellevue,47.209148,-1.299928,Nuit sans éclairage public,En agglomération,Hors intersection,Normale,Sans collision,4,2,2,0,1,1,1,0,3,50,,1,0,0,1,0,21.0,,,,3,2,1,1,7
202100031363,2021-07-03 08:50:00,2021,7,3,8,50,31,31585,Route de Pomarede,43.134905,0.66051,Plein jour,Hors agglomération,Hors intersection,Normale,Autre collision,4,1,1,0,2,3,1,0,3,80,,4,2,0,1,1,21.0,,,,1,1,1,1,6
202100031364,2021-07-02 17:00:00,2021,7,2,17,0,38,38519,D53,45.596575,5.059606,Plein jour,Hors agglomération,Intersection en T,Normale,Deux véhicules - frontale,3,2,2,0,1,1,1,0,1,80,,3,1,0,0,2,44.0,20.0,,,1,1,3,1,1
202100031365,2021-07-03 18:55:00,2021,7,3,18,55,02,02719,route départementale 1,49.587443,3.26317,Plein jour,Hors agglomération,Hors intersection,Normale,Autre collision,3,2,2,0,1,1,1,0,3,80,,3,0,0,1,2,31.0,,,,1,1,1,1,6
202100031366,2021-07-02 17:05:00,2021,7,2,17,5,02,02173,Rue de la Chaussée (Pont),49.60989,3.220062,Plein jour,En agglomération,Hors intersection,Normale,Deux véhicules - côté,3,2,2,0,2,1,1,0,1,50,,2,0,0,0,2,26.0,30.0,,,1,2,1,1,3
202100031367,2021-07-02 15:45:00,2021,7,2,15,45,03,03138,Rue André Roumeau,46.24625,3.629758,Plein jour,En agglomération,Intersection en T,Normale,Deux véhicules - côté,3,2,1,0,1,1,1,0,1,50,,2,1,0,0,1,31.0,,,,1,2,3,1,3
202100031368,2021-07-02 18:00:00,2021,7,2,18,0,26,26125,Route de Montoison,44.760272,4.957875,Plein jour,Hors agglomération,Hors intersection,Normale,Deux véhicules - frontale,3,2,2,0,2,1,1,0,1,80,,3,0,0,1,2,32.0,26.0,,,1,1,1,1,1
202100031369,2021-06-29 16:00:00,2021,6,29,16,0,14,14401,D514,49.336599,-0.647236,Plein jour,Hors agglomération,Hors intersection,Normale,Autre collision,3,2,2,0,1,1,1,0,1,80,,2,1,0,0,1,77.0,,,,1,1,1,1,6
202100031370,2021-06-29 17:30:00,2021,6,29,17,30,05,05068,d942A,44.503421405,6.1116089688,Plein jour,Hors agglomération,Hors intersection,Normale,Deux véhicules - côté,3,2,2,0,2,1,1,0,1,80,,2,1,0,0,1,26.0,50.0,,,1,1,1,1,3
202100031371,2021-07-02 16:00:00,2021,7,2,16,0,50,50487,Rue Patton,48.523654,-1.324512,Plein jour,En agglomération,Hors intersection,Normale,Autre collision,3,2,2,2,2,1,1,0,5,50,,2,1,0,1,0,57.0,,,,1,2,1,1,6
202100031372,2021-07-02 15:45:00,2021,7,2,15,45,50,50453,Carrefour RD975 et RD999,48.845424,-1.201259,Plein jour,Hors agglomération,Intersection en X,Normale,Deux véhicules - côté,3,3,4,0,1,1,1,5,1,80,,4,2,0,2,0,49.0,46.0,,,1,1,2,1,3
202100031373,2021-07-03 17:45:00,2021,7,3,17,45,83,83032,RD 562,43.466018,6.147602,Plein jour,Hors agglomération,Hors intersection,Normale,Deux véhicules - arrière,3,2,2,0,1,1,1,0,1,80,,2,1,0,0,1,,21.0,,,1,1,1,1,2
202100031374,2021-07-02 17:25:00,2021,7,2,17,25,43,43191,Gizac,45.351173,3.292058,Plein jour,Hors agglomération,Hors intersection,Pluie légère,Autre collision,3,2,2,0,4,4,2,0,1,80,,6,5,0,1,0,43.0,42.0,,,1,1,1,2,6
202100031375,2021-07-02 21:12:00,2021,7,2,21,12,07,07347,D121,45.202285,4.554117,Plein jour,Hors agglomération,Hors intersection,Normale,Autre collision,3,2,2,0,1,1,1,0,1,80,,2,1,0,1,0,42.0,,,,1,1,1,1,6
202100031376,2021-06-10 19:30:00,2021,6,10,19,30,07,07330,RD 4,44.409382,4.419036,Plein jour,Hors agglomération,Hors intersection,Normale,Sans collision,3,2,2,0,2,2,1,0,1,80,,2,0,0,1,1,41.0,,,,1,1,1,1,7
202100031377,2021-07-03 05:00:00,2021,7,3,5,0,07,07023,"D579, lieu-dit Les Salles",44.509556,4.385374,Nuit sans éclairage public,Hors agglomération,Hors intersection,Normale,Autre collision,3,2,2,0,2,3,1,0,3,80,,2,1,1,0,0,20.0,,,,3,1,1,1,6
202100031378,2021-07-02 19:00:00,2021,7,2,19,0,21,21546,D906 carrefour avec le chemin des mouillerandes,47.322221,4.194138,Plein jour,Hors agglomération,Intersection en X,Normale,Deux véhicules - côté,3,2,2,0,1,1,1,0,1,90,,3,2,0,1,0,54.0,17.0,,,1,1,2,1,3
202100031379,2021-07-02 14:05:00,2021,7,2,14,5,21,21347,D970,46.994206,4.868563,Plein jour,Hors agglomération,Intersection en T,Normale,Deux véhicules - côté,3,2,2,0,1,1,1,5,1,90,,2,1,0,1,0,18.0,60.0,,,1,1,3,1,3
202100031380,2021-07-02 22:00:00,2021,7,2,22,0,37,37156,D140,47.3668376339,0.8421957814,Crépuscule ou aube,Hors agglomération,Hors intersection,Normale,Autre collision,3,2,2,1,1,2,1,0,3,90,,1,0,0,1,0,38.0,,,,2,1,1,1,6
202100031381,2021-07-02 15:40:00,2021,7,2,15,40,88,88526,Col de Sainte Marie,48.245325,7.130781,Plein jour,Hors agglomération,Hors intersection,Normale,Deux véhicules - côté,3,2,2,0,2,1,1,0,1,80,,2,1,0,1,0,44.0,29.0,,,1,1,1,1,3
202100031382,2021-07-02 08:15:00,2021,7,2,8,15,971,97104,Chemin des Pyrenees,16.03063,-61.742708,Plein jour,En agglomération,Hors intersection,Normale,Autre collision,4,2,2,0,2,1,2,0,3,50,,1,0,0,1,0,77.0,,,,1,2,1,1,6
202100031383,2021-06-29 11:30:00,2021,6,29,11,30,95,95675,RD 9,49.058295716,2.5428000964,Plein jour,En agglomération,Hors intersection,Temps couvert,Autre collision,3,2,2,0,1,1,1,0,1,50,,2,1,0,0,1,34.0,,,,1,2,1,8,6
202100031384,2021-07-02 11:15:00,2021,7,2,11,15,91,91111,Place de la Libération,48.624394,2.125089,Plein jour,En agglomération,Hors intersection,Normale,Autre collision,3,2,2,0,1,1,1,0,4,30,,2,1,0,1,0,58.0,,,,1,2,1,1,6
202100031385,2021-06-02 18:55:00,2021,6,2,18,55,84,84016,Chemin des Ecoliers,44.042084,4.89099,Plein jour,En agglomération,Hors intersection,Normale,Deux véhicules - frontale,4,2,1,0,1,1,1,0,1,30,,3,1,0,2,0,64.0,17.0,,,1,2,1,1,1
202100031386,2021-06-26 22:45:00,2021,6,26,22,45,83,83049,D97,43.244894,6.086812,Nuit sans éclairage public,Hors agglomération,Intersection en X,Normale,Deux véhicules - côté,3,1,1,0,1,1,1,0,1,70,,5,1,0,0,4,42.0,38.0,,,3,1,2,1,3
202100031387,2021-07-02 16:05:00,2021,7,2,16,5,04,04039,RD 4085,43.836365,6.546693,Plein jour,Hors agglomération,Hors intersection,Normale,Sans collision,3,2,2,0,2,2,1,0,1,80,,1,0,0,1,0,34.0,,,,1,1,1,1,7
202100031388,2021-06-30 07:50:00,2021,6,30,7,50,13,13041,D8c,43.449492,5.449825,Plein jour,En agglomération,Hors intersection,Normale,Deux véhicules - arrière,7,2,2,0,1,1,1,0,1,50,,2,1,0,0,1,52.0,74.0,,,1,2,1,1,2
202100031389,2021-06-26 19:20:00,2021,6,26,19,20,71,71106,4bis Avenue du 8 Juin 1944,46.436899,4.268237,Crépuscule ou aube,En agglomération,Intersection en X,Temps éblouissant,Deux véhicules - côté,3,-1,2,0,1,1,1,0,1,50,,3,1,0,1,1,62.0,28.0,,,2,2,2,7,3
202100031390,2021-07-03 05:20:00,2021,7,3,5,20,63,63284,D2 route de Malintrat,45.79529,3.212804,Crépuscule ou aube,Hors agglomération,Hors intersection,Temps couvert,Autre collision,7,2,2,0,1,3,2,0,3,80,,1,0,0,1,0,20.0,,,,2,1,1,8,6
202100031391,2021-07-02 18:25:00,2021,7,2,18,25,38,38382,Rue Lieutenant Fiancey,45.222477,5.682568,Plein jour,En agglomération,Hors intersection,Normale,Deux véhicules - côté,4,2,2,0,1,1,1,0,1,50,,4,3,0,0,1,49.0,57.0,,,1,2,1,1,3
202100031392,2021-07-03 06:50:00,2021,7,3,6,50,01,01444,D19,45.827964,5.442983,Crépuscule ou aube,Hors agglomération,Hors intersection,Normale,Sans collision,3,2,2,0,1,1,1,0,1,80,,3,2,0,1,0,22.0,,,,2,1,1,1,7
202100031393,2021-07-01 17:00:00,2021,7,1,17,0,69,69294,DAUPHINE (DU) (AV),45.629094,4.828217,Plein jour,En agglomération,Intersection en T,Normale,Deux véhicules - côté,3,2,2,0,1,1,1,5,1,50,,2,1,0,1,0,15.0,38.0,,,1,2,3,1,3
202100031394,2021-07-02 20:00:00,2021,7,2,20,0,69,69094,Le Tupinier,45.746631,4.703436,Crépuscule ou aube,En agglomération,Giratoire,Normale,Autre collision,3,2,2,0,1,3,1,0,4,50,,1,0,0,0,1,21.0,,,,2,2,6,1,6
202100031395,2021-07-02 09:50:00,2021,7,2,9,50,17,17452,Avenue de la Cêpe,45.792952,-1.174518,Plein jour,En agglomération,Hors intersection,Normale,Autre collision,3,2,2,0,1,2,1,0,1,50,,1,0,0,0,1,15.0,,,,1,2,1,1,6
202100031396,2021-07-03 15:45:00,2021,7,3,15,45,49,49023,rue de la lime,47.202018,-0.993485,Plein jour,En agglomération,Intersection en X,Normale,Deux véhicules - côté,4,2,1,0,2,1,1,0,1,50,,3,2,0,1,0,42.0,41.0,,,1,2,2,1,3
202100031397,2021-07-02 23:40:00,2021,7,2,23,40,27,27611,D316,49.083536,1.26332,Nuit sans éclairage public,Hors agglomération,Hors intersection,Normale,Sans collision,3,2,2,0,2,3,2,0,8,70,,1,0,0,0,1,22.0,,,,3,1,1,1,7
202100031398,2021-07-02 16:40:00,2021,7,2,16,40,76,76533,Côte de Rogerville,49.501482,0.268763,Plein jour,En agglomération,Hors intersection,Normale,Autre collision,3,2,2,0,2,3,1,0,1,50,,2,1,1,0,0,22.0,33.0,,,1,2,1,1,6
202100031399,2021-07-01 21:55:00,2021,7,1,21,55,13,13043,A55-Sens Marseille vers Martigues,43.38996,5.24669,Nuit sans éclairage public,Hors agglomération,Hors intersection,Normale,Deux véhicules - côté,1,1,2,0,1,1,1,0,1,110,,2,0,0,2,0,40.0,,,,3,1,1,1,3
202100031400,2021-07-02 14:30:00,2021,7,2,14,30,69,69287,A43   9.894 A 13.029,45.68661,4.9983,Plein jour,Hors agglomération,Hors intersection,Normale,Sans collision,1,1,4,0,1,1,1,0,3,130,,1,0,0,1,0,32.0,,,,1,1,1,1,7
202100031401,2021-07-02 16:00:00,2021,7,2,16,0,33,33167,Rocade Rive Droite N230,44.819491,-0.5200031,Plein jour,Hors agglomération,Hors intersection,Normale,Deux véhicules - arrière,2,3,6,0,1,2,1,0,1,90,,3,2,0,0,1,35.0,33.0,,,1,1,1,1,2
202100031402,2021-07-02 15:25:00,2021,7,2,15,25,91,91228,AUTOROUTE A6,48.6287,2.4119,Plein jour,Hors agglomération,Hors intersection,Normale,Trois véhicules et plus - collisions multiples,1,1,3,0,1,1,1,0,1,110,,3,2,0,0,1,35.0,65.0,,,1,1,1,1,5
202100031403,2021-07-02 14:00:00,2021,7,2,14,0,91,91174,RN 104,48.60987,2.44193,Plein jour,Hors agglomération,Hors intersection,Normale,Deux véhicules - frontale,2,3,6,0,1,1,1,0,1,110,,2,1,0,0,1,45.0,22.0,,,1,1,1,1,1
202100031404,2021-07-02 17:00:00,2021,7,2,17,0,78,78133,A13,48.892787,2.008523,Plein jour,Hors agglomération,Hors intersection,Normale,Trois véhicules et plus - en chaîne,1,3,4,0,2,1,1,0,1,110,,6,2,0,0,4,24.0,22.0,,,1,1,1,1,4
202100031405,2021-07-02 16:45:00,2021,7,2,16,45,92,92050,A86,48.9154227847,2.2202196256,Plein jour,Hors agglomération,Hors intersection,Normale,Deux véhicules - côté,1,3,6,0,1,1,1,0,1,90,,6,5,0,0,1,32.0,50.0,,,1,1,1,1,3
202100031406,2021-07-02 13:20:00,2021,7,2,13,20,92,92036,RN315 Y,48.9182648361,2.30736786,Plein jour,Hors agglomération,Hors intersection,Normale,Trois véhicules et plus - en chaîne,2,3,4,0,2,3,1,0,1,90,,4,1,0,0,3,38.0,80.0,,,1,1,1,1,4
202100031407,2021-07-02 00:45:00,2021,7,2,0,45,78,78362,A13,48.97467,1.72663,Nuit avec éclairage allumé,Hors agglomération,Hors intersection,Normale,Deux véhicules - côté,1,3,6,0,1,1,1,0,1,110,,4,1,0,0,3,19.0,31.0,,,5,1,1,1,3
202100031408,2021-07-02 17:20:00,2021,7,2,17,20,95,95572,A15,49.03401,2.10276,Plein jour,Hors agglomération,Hors intersection,Normale,Deux véhicules - côté,1,3,6,0,1,1,1,0,1,90,,2,1,0,0,1,22.0,41.0,,,1,1,1,1,3
202100031409,2021-07-02 15:15:00,2021,7,2,15,15,93,93005,AUTOROUTE A3,48.94127,2.47856,Plein jour,Hors agglomération,Hors intersection,Normale,Deux véhicules - arrière,1,3,6,0,1,1,1,0,1,90,,2,1,0,0,1,37.0,30.0,,,1,1,1,1,2
202100031410,2021-07-02 06:10:00,2021,7,2,6,10,93,93066,AUTOROUTE A86,48.9226,2.35448,Plein jour,Hors agglomération,Hors intersection,Normale,Trois véhicules et plus - en chaîne,1,3,9,0,1,1,1,0,1,90,,3,2,0,0,1,31.0,86.0,,,1,1,1,1,4
202100031411,2021-07-02 13:25:00,2021,7,2,13,25,94,94073,A86 INT,48.7713,2.3913,Plein jour,Hors agglomération,Hors intersection,Normale,Deux véhicules - arrière,1,3,6,0,1,1,1,1,1,90,,2,1,0,0,1,40.0,22.0,,,1,1,1,1,2
202100031412,2021-07-01 21:40:00,2021,7,1,21,40,06,06030,CAMPON (RUE,43.570709,7.014503,Crépuscule ou aube,En agglomération,Hors intersection,Normale,Deux véhicules - frontale,3,3,4,0,2,1,1,0,1,50,,2,1,0,1,0,65.0,17.0,,,2,2,1,1,1
202100031413,2021-07-01 19:05:00,2021,7,1,19,5,04,04112,RD 907,43.81441,5.80255,Plein jour,En agglomération,Hors intersection,Normale,Deux véhicules - arrière,3,2,2,1,1,1,1,0,1,70,,2,0,0,0,2,23.0,59.0,,,1,2,1,1,2
202100031414,2021-07-01 13:00:00,2021,7,1,13,0,75,75113,PORTE D ITALIE,48.816347,2.363837,Plein jour,En agglomération,Hors intersection,Normale,Deux véhicules - côté,4,1,4,0,1,1,1,0,1,70,,2,1,0,0,1,52.0,,,,1,2,1,1,3
202100031415,2021-07-01 14:55:00,2021,7,1,14,55,75,75118,PORTE DE LA CHAPELLE,48.900869,2.364336,Plein jour,En agglomération,Intersection en Y,Normale,Trois véhicules et plus - en chaîne,4,1,4,0,1,1,1,0,1,70,,3,2,0,0,1,27.0,43.0,,,1,2,4,1,4
202100031416,2021-06-30 16:35:00,2021,6,30,16,35,75,75119,PORTE D AUBERVILLIERS,48.900479,2.37528,Plein jour,En agglomération,Hors intersection,Normale,Deux véhicules - côté,4,1,4,0,1,1,1,0,1,70,,2,1,0,0,1,37.0,45.0,,,1,2,1,1,3
202100031417,2021-07-01 13:05:00,2021,7,1,13,5,75,75118,BOULEVARD PERIPHERIQUE EXTERIEUR NORD  ,48.901208,2.353476,Plein jour,En agglomération,Hors intersection,Normale,Trois véhicules et plus - en chaîne,4,1,4,0,1,1,1,0,1,70,,9,8,0,0,1,38.0,25.0,,,1,2,1,1,4
202100031418,2021-07-01 03:51:00,2021,7,1,3,51,75,75117,PORTE DE CLICHY,48.895562,2.307691,Nuit avec éclairage allumé,En agglomération,Hors intersection,Normale,Trois véhicules et plus - collisions multiples,4,2,4,0,1,1,1,0,1,70,,6,1,0,1,4,35.0,24.0,,,5,2,1,1,5
202100031419,2021-06-28 23:28:00,2021,6,28,23,28,75,75116,BOULEVARD PERIPHERIQUE EXTERIEUR OUEST,48.843213,2.254373,Nuit avec éclairage allumé,En agglomération,Hors intersection,Normale,Deux véhicules - arrière,4,3,4,0,1,1,1,1,1,70,,2,1,0,1,0,58.0,26.0,,,5,2,1,1,2
202100031420,2021-07-01 20:40:00,2021,7,1,20,40,75,75120,RUE DES PYRENEES,48.872666,2.390996,Plein jour,En agglomération,Hors intersection,Normale,Deux véhicules - côté,4,2,3,3,4,1,1,0,6,30,,2,1,0,0,1,35.0,74.0,,,1,2,1,1,3
202100031421,2021-07-01 18:45:00,2021,7,1,18,45,75,75117,AVENUE DE LA PORTE DE CLICHY,48.895639,2.31139,Plein jour,En agglomération,Hors intersection,Normale,Deux véhicules - arrière,4,2,2,3,1,1,1,0,6,50,,2,1,0,0,1,35.0,31.0,,,1,2,1,1,2
202100031422,2021-07-01 22:05:00,2021,7,1,22,5,75,75117,BOULEVARD MALESHERBES,48.889874,2.303361,Nuit avec éclairage allumé,En agglomération,Intersection en X,Normale,Deux véhicules - côté,4,2,4,0,1,1,1,0,1,30,,2,0,0,0,2,68.0,30.0,,,5,2,2,1,3
202100031423,2021-06-30 12:20:00,2021,6,30,12,20,75,75117,RUE NOLLET,48.88639,2.322372,Plein jour,En agglomération,Intersection en X,Normale,Deux véhicules - côté,4,1,2,2,1,1,2,0,1,30,,2,1,0,0,1,,84.0,,,1,2,2,1,3
202100031424,2021-07-01 16:40:00,2021,7,1,16,40,75,75112,BOULEVARD SOULT,48.844243,2.410286,Plein jour,En agglomération,Intersection en X,Normale,Deux véhicules - arrière,4,2,2,0,1,1,1,5,1,50,,2,1,0,0,1,61.0,54.0,,,1,2,2,1,2
202100031425,2021-07-01 08:45:00,2021,7,1,8,45,75,75112,AVENUE DU TREMBLAY,48.842043,2.449136,Plein jour,En agglomération,Intersection en Y,Normale,Deux véhicules - côté,4,2,6,2,1,1,1,0,5,50,,2,0,0,0,2,24.0,28.0,,,1,2,4,1,3
202100031426,2021-07-01 11:10:00,2021,7,1,11,10,75,75110,RUE LA FAYETTE,48.880051,2.359882,Plein jour,En agglomération,Hors intersection,Normale,Deux véhicules - côté,4,2,2,0,1,1,1,2,1,50,,2,1,0,0,1,34.0,58.0,,,1,2,1,1,3
202100031427,2021-07-01 15:58:00,2021,7,1,15,58,75,75108,PLACE CHARLES DE GAULLE,48.874127,2.295881,Plein jour,En agglomération,Place,Normale,Trois véhicules et plus - collisions multiples,4,1,5,0,1,2,1,0,1,50,,4,3,0,0,1,49.0,63.0,,,1,2,7,1,5
202100031428,2021-07-01 13:34:00,2021,7,1,13,34,94,94046,PROFESSEUR CADIOT (AV DU),48.80449,2.43248,Plein jour,En agglomération,Intersection en T,Normale,Deux véhicules - côté,3,-1,4,1,1,1,1,0,5,50,,2,1,0,0,1,39.0,68.0,,,1,2,3,1,3
202100031429,2021-07-01 18:10:00,2021,7,1,18,10,94,94016,Avenue Aristide Briand,48.79897,2.32311,Plein jour,En agglomération,Hors intersection,Normale,Autre collision,3,3,4,1,1,1,1,0,5,50,,3,1,0,0,2,17.0,,,,1,2,1,1,6
202100031430,2021-07-01 09:55:00,2021,7,1,9,55,94,94076,MAXIME GORKI (BD),48.79639,2.36836,Plein jour,En agglomération,Hors intersection,Normale,Sans collision,3,2,4,2,1,1,1,0,5,50,,1,0,0,0,1,23.0,,,,1,2,1,1,7
202100031431,2021-07-01 07:33:00,2021,7,1,7,33,94,94065,Zone SOGARIS,48.75386,2.36591,Plein jour,Hors agglomération,Hors intersection,Normale,Sans collision,2,1,2,0,1,1,1,0,1,90,,1,0,0,0,1,42.0,,,,1,1,1,1,7
202100031432,2021-07-01 02:15:00,2021,7,1,2,15,94,94033,Rue Gambetta,48.85024,2.46468,Nuit avec éclairage allumé,En agglomération,Autre intersection,Normale,Deux véhicules - arrière,4,1,1,0,1,1,1,0,1,30,,6,5,0,0,1,24.0,34.0,,,5,2,9,1,2
202100031433,2021-07-01 20:30:00,2021,7,1,20,30,93,93057,WILSON (AV. DU PRESIDENT) 1 A 69,48.905119,2.510555,Plein jour,En agglomération,Hors intersection,Normale,Deux véhicules - côté,3,1,1,0,1,1,1,0,1,50,,2,0,0,0,2,22.0,18.0,,,1,2,1,1,3
202100031434,2021-07-01 21:20:00,2021,7,1,21,20,93,93005,PREFET CHALEIL (CD44) (RUE DU),48.939876,2.506032,Plein jour,En agglomération,Hors intersection,Normale,Deux véhicules - côté,3,2,2,0,1,1,1,9,1,50,,2,1,0,0,1,,,,,1,2,1,1,3
202100031435,2021-07-01 17:10:00,2021,7,1,17,10,93,93005,Rue Jacques Duclos,48.95106,2.4862,Plein jour,En agglomération,Hors intersection,Normale,Sans collision,3,3,4,0,1,1,1,0,1,50,,1,0,0,0,1,35.0,,,,1,2,1,1,7
202100031436,2021-07-01 09:50:00,2021,7,1,9,50,92,92036,RENIERS (AVENUE CHEMIN),48.9343459738,2.3200088739,Plein jour,En agglomération,Intersection en T,Normale,Autre collision,3,3,-1,-1,1,1,1,0,1,-1,,2,1,0,0,1,23.0,,,,1,2,3,1,6
202100031437,2021-07-01 10:35:00,2021,7,1,10,35,92,92051,MADRID (AVENUE DE),48.883258161,2.259786576,Plein jour,En agglomération,Intersection en T,Normale,Deux véhicules - côté,4,2,2,0,1,1,1,0,1,50,,2,1,0,0,1,33.0,37.0,,,1,2,3,1,3
202100031438,2021-07-01 10:45:00,2021,7,1,10,45,92,92050,HAUTES PATURES RUE DES,48.9187905091,2.2215514886,Plein jour,En agglomération,Hors intersection,Normale,Deux véhicules - frontale,4,2,2,0,1,1,1,0,1,50,,2,1,0,0,1,56.0,34.0,,,1,2,1,1,1
202100031439,2021-07-01 16:30:00,2021,7,1,16,30,92,92020,PARIS AVENUE DE N°2 A82,48.80568,2.29155,Plein jour,En agglomération,Hors intersection,Normale,Sans collision,4,1,0,0,2,1,1,0,1,50,,2,1,0,0,1,38.0,64.0,,,1,2,1,1,7
202100031440,2021-07-01 19:10:00,2021,7,1,19,10,92,92048,MARECHAL LECLERC (AVENUE DU),48.7899441601,2.2237165196,Plein jour,En agglomération,Intersection en T,Normale,Autre collision,4,2,2,2,1,1,1,6,1,30,,2,1,0,0,1,49.0,,,,1,2,3,1,6
202100031441,2021-06-30 23:10:00,2021,6,30,23,10,92,92024,GUSTAVE EIFFEL (RUE),48.9046421007,2.2969418764,Nuit avec éclairage allumé,En agglomération,Hors intersection,Normale,Sans collision,4,2,2,0,1,1,1,0,1,30,,1,0,0,0,1,41.0,,,,5,2,1,1,7
202100031442,2021-06-30 10:00:00,2021,6,30,10,0,92,92024,VILLENEUVE (RUE) DE (55 A 87BIS),48.9060913101,2.3128339648,Plein jour,En agglomération,Hors intersection,Normale,Sans collision,4,2,2,0,1,1,1,0,1,30,,1,0,0,0,1,36.0,,,,1,2,1,1,7
202100031443,2021-06-30 13:36:00,2021,6,30,13,36,92,92024,CLICHY (QUAI DE) DE (104 A 202),48.908379513,2.2998278593,Plein jour,En agglomération,Intersection à plus de 4 branches,Normale,Deux véhicules - côté,3,1,2,0,1,1,1,0,1,50,,3,2,0,0,1,24.0,24.0,,,1,2,5,1,3
202100031444,2021-06-30 19:40:00,2021,6,30,19,40,92,92012,PIERRE GRENIER (AVENUE),48.8328510385,2.2535641242,Plein jour,En agglomération,Intersection en T,Normale,Deux véhicules - côté,4,2,2,1,1,1,1,0,1,50,,2,1,0,0,1,48.0,45.0,,,1,2,3,1,3
202100031445,2021-07-02 06:40:00,2021,7,2,6,40,39,39126,,46.589036,5.947123,Plein jour,Hors agglomération,Intersection en T,Temps éblouissant,Deux véhicules - côté,3,2,2,0,1,1,1,0,1,70,,2,1,0,1,0,39.0,49.0,,,1,1,3,7,3
202100031446,2021-07-02 15:30:00,2021,7,2,15,30,47,47146,Route de la Lède,44.453749,0.645715,Plein jour,Hors agglomération,Intersection en X,Temps éblouissant,Deux véhicules - côté,3,2,2,0,1,1,1,0,1,80,,2,1,0,1,0,56.0,49.0,,,1,1,2,7,3
202100031447,2021-06-29 14:55:00,2021,6,29,14,55,47,47033,1581 Route de Cancon,44.537112,0.66964,Plein jour,Hors agglomération,Hors intersection,Normale,Deux véhicules - frontale,3,2,2,0,2,3,1,0,1,80,,2,0,0,2,0,45.0,25.0,,,1,1,1,1,1
202100031448,2021-07-02 18:15:00,2021,7,2,18,15,38,38160,65 Route de Vienne,45.4743,4.996214,Plein jour,En agglomération,Hors intersection,Normale,Autre collision,3,2,2,0,1,2,1,0,4,50,,1,0,0,0,1,38.0,,,,1,2,1,1,6
202100031449,2021-07-02 12:05:00,2021,7,2,12,5,95,95229,RD 370,49.0341072805,2.3440039158,Plein jour,En agglomération,Hors intersection,Normale,Deux véhicules - côté,3,2,2,0,1,1,1,0,1,50,,2,1,0,0,1,37.0,52.0,,,1,2,1,1,3
202100031450,2021-07-02 14:45:00,2021,7,2,14,45,73,73085,D991B Rte de la Chambotte,45.7907411158,5.8627933997,Plein jour,Hors agglomération,Hors intersection,Temps éblouissant,Autre collision,3,2,2,0,2,3,1,9,1,80,,2,1,1,0,0,58.0,41.0,,,1,1,1,7,6