accident_id,datetime,annee,mois,jour,heure,minute,departement,commune_insee,adresse,latitude,longitude,luminosite,agglomeration,intersection,meteo,collision,catr,circ,nbv,vosp,prof,plan,surf,infra,situ,vma,nb_vehicules,nb_usagers,nb_indemnes,nb_tues,nb_blesses_hosp,nb_blesses_legers,age_cond_1,age_cond_2,veh_type_cond_1,veh_type_cond_2,lum_code,agg_code,int_code,atm_code,col_code
202100031451,2021-06-29 18:50:00,2021,6,29,18,50,28,28252,A11,48.226511,0.982096,Plein jour,Hors agglomération,Hors intersection,Pluie légère,Sans collision,1,3,3,0,2,1,2,0,1,130,,2,0,0,0,2,51.0,,,,1,1,1,2,7
202100031452,2021-07-02 18:40:00,2021,7,2,18,40,67,67320,D897 PR000.500,48.335121783,7.3184287548,Plein jour,Hors agglomération,Hors intersection,Normale,Deux véhicules - frontale,3,2,2,0,2,2,1,0,1,80,,2,0,0,1,1,18.0,44.0,,,1,1,1,1,1
202100031453,2021-07-01 16:55:00,2021,7,1,16,55,974,97401,Route du Tévelave,-21.219771,55.348295,Plein jour,Hors agglomération,Hors intersection,Normale,Sans collision,3,2,2,0,2,1,1,0,1,50,,1,0,0,1,0,27.0,,,,1,1,1,1,7
202100031454,2021-06-29 12:30:00,2021,6,29,12,30,972,97203,route nationale 1,14.850227,-61.091151,Plein jour,Hors agglomération,Hors intersection,Normale,Deux véhicules - frontale,2,-1,2,0,1,3,1,0,1,80,,5,0,0,1,4,29.0,70.0,,,1,1,1,1,1
202100031455,2021-07-01 18:00:00,2021,7,1,18,0,06,06033,1ère Avenue 6ème rue,43.778498,7.213581,Plein jour,En agglomération,Intersection en T,Normale,Deux véhicules - côté,7,2,2,0,1,3,1,0,1,70,,2,1,1,0,0,28.0,31.0,,,1,2,3,1,3
202100031456,2021-07-01 18:00:00,2021,7,1,18,0,59,59641,Rue du Canal,50.984066,2.486429,Plein jour,En agglomération,Hors intersection,Normale,Deux véhicules - frontale,3,2,2,0,1,1,1,0,1,80,,4,1,0,0,3,64.0,75.0,,,1,2,1,1,1
202100031457,2021-06-30 15:05:00,2021,6,30,15,5,37,37266,Échangeur entre A10 et A85 (Embranchement d'autoroute),47.3027267754,0.6830191612,Plein jour,Hors agglomération,Intersection en Y,Normale,Deux véhicules - côté,1,1,4,0,1,1,1,0,1,130,,3,1,0,0,2,32.0,,,,1,1,4,1,3
202100031458,2021-07-02 10:30:00,2021,7,2,10,30,62,62878,2 Rue de la Bassure,50.27848,2.666878,Plein jour,En agglomération,Intersection en T,Normale,Deux véhicules - côté,3,2,2,0,1,1,1,0,1,50,,2,1,0,0,1,27.0,52.0,,,1,2,3,1,3
202100031459,2021-07-02 18:00:00,2021,7,2,18,0,51,51265,D76,48.6785352863,3.8108959794,Plein jour,Hors agglomération,Intersection en T,Normale,Deux véhicules - côté,3,2,2,0,1,1,1,0,1,80,,2,1,0,1,0,22.0,28.0,,,1,1,3,1,3
202100031460,2021-07-01 13:45:00,2021,7,1,13,45,19,19015,D140,45.253078,1.336169,Plein jour,Hors agglomération,Hors intersection,Normale,Sans collision,3,2,2,0,1,2,1,0,1,90,,1,0,0,1,0,28.0,,,,1,1,1,1,7
202100031461,2021-07-01 13:50:00,2021,7,1,13,50,19,19007,Fontmerle,44.960604,1.878123,Plein jour,Hors agglomération,Hors intersection,Normale,Sans collision,4,2,2,0,2,1,1,0,3,90,,1,0,0,0,1,31.0,,,,1,1,1,1,7
202100031462,2021-07-02 19:20:00,2021,7,2,19,20,56,56244,D151,47.812578,-2.4966,Plein jour,Hors agglomération,Hors intersection,Normale,Autre collision,3,2,2,0,1,3,1,0,3,80,,1,0,1,0,0,40.0,,,,1,1,1,1,6
202100031463,2021-07-02 07:15:00,2021,7,2,7,15,74,74131,Pl de l Eglise,46.019384,5.930595,Plein jour,En agglomération,Hors intersection,Temps éblouissant,Autre collision,3,2,2,0,1,3,1,0,1,30,,2,1,0,0,1,57.0,,,,1,2,1,7,6
202100031464,2021-07-02 17:05:00,2021,7,2,17,5,71,71171,Route de Chagny,46.868176,4.650956,Plein jour,En agglomération,Hors intersection,Normale,Deux véhicules - côté,3,2,2,0,1,1,1,0,1,50,,2,1,0,1,0,20.0,43.0,,,1,2,1,1,3
202100031465,2021-07-02 13:30:00,2021,7,2,13,30,89,89068,D91,47.803216,3.798193,Plein jour,Hors agglomération,Intersection en T,Normale,Deux véhicules - frontale,3,2,2,0,1,1,1,0,1,80,,2,1,0,1,0,52.0,87.0,,,1,1,3,1,1
202100031466,2021-07-01 15:00:00,2021,7,1,15,0,61,61095,La Thiaudière,48.719041,-0.628538,Plein jour,Hors agglomération,Hors intersection,Normale,Sans collision,3,2,2,0,2,1,1,0,1,80,,1,0,0,0,1,16.0,,,,1,1,1,1,7
202100031467,2021-07-02 16:55:00,2021,7,2,16,55,12,12056,217 Avenue du Centre,44.277101,2.433236,Plein jour,En agglomération,Intersection en T,Normale,Deux véhicules - côté,2,2,2,0,1,1,1,0,1,50,,2,1,0,0,1,45.0,79.0,,,1,2,3,1,3
202100031468,2021-07-01 07:22:00,2021,7,1,7,22,42,42092,Rue du 8 Mai,45.4858605391,4.3797988817,Plein jour,En agglomération,Hors intersection,Normale,Autre collision,7,2,2,0,1,1,1,0,1,30,,2,1,0,1,0,58.0,,,,1,2,1,1,6
202100031469,2021-07-01 20:55:00,2021,7,1,20,55,46,46231,Le Trieu,44.500435,1.109485,Crépuscule ou aube,Hors agglomération,Hors intersection,Normale,Autre collision,3,2,2,0,1,1,1,0,3,80,,2,1,0,1,0,64.0,34.0,,,2,1,1,1,6
202100031470,2021-07-01 18:15:00,2021,7,1,18,15,34,34192,Route de Maguelone,43.519708,3.90969,Plein jour,En agglomération,Hors intersection,Normale,Deux véhicules - côté,4,2,2,0,1,2,1,0,1,50,,2,1,0,1,0,62.0,20.0,,,1,2,1,1,3
202100031471,2021-07-01 17:49:00,2021,7,1,17,49,31,31033,47 Route d Espagne,43.348959,1.471701,Plein jour,En agglomération,Hors intersection,Normale,Deux véhicules - côté,3,2,1,0,2,1,1,0,1,50,,2,1,0,1,0,14.0,58.0,,,1,2,1,1,3
202100031472,2021-07-02 19:36:00,2021,7,2,19,36,38,38457,D71,45.297592,5.266914,Plein jour,Hors agglomération,Hors intersection,Normale,Autre collision,3,2,2,0,2,4,1,0,1,80,,1,0,0,0,1,79.0,,,,1,1,1,1,6
202100031473,2021-07-02 13:30:00,2021,7,2,13,30,02,02303,Forum de Picardie,49.858692,3.253992,Plein jour,En agglomération,Hors intersection,Normale,Autre collision,6,-1,-1,0,1,3,1,0,1,50,,2,1,0,1,0,39.0,,,,1,2,1,1,6
202100031474,2021-07-02 18:45:00,2021,7,2,18,45,03,03031,Le bourg,46.408881,2.734469,Plein jour,Hors agglomération,Hors intersection,Normale,Deux véhicules - frontale,3,2,2,0,2,2,1,0,1,-1,,2,1,0,1,0,33.0,14.0,,,1,1,1,1,1
202100031475,2021-07-01 09:50:00,2021,7,1,9,50,15,15122,place de l'europe,44.712434,2.19836,Plein jour,En agglomération,Place,Normale,Autre collision,6,-1,-1,0,1,1,1,0,8,5,,2,1,0,0,1,69.0,,,,1,2,7,1,6
202100031476,2021-06-29 17:15:00,2021,6,29,17,15,01,01082,Route de Seyssel,46.001761,5.783862,Plein jour,En agglomération,Hors intersection,Pluie légère,Sans collision,3,3,2,0,2,3,9,0,1,50,,1,0,0,1,0,18.0,,,,1,2,1,2,7
202100031477,2021-06-30 17:00:00,2021,6,30,17,0,85,85039,RD 753 PR 001.500,47.011235,-1.125498,Plein jour,Hors agglomération,Hors intersection,Normale,Autre collision,3,2,2,0,2,4,1,0,3,80,,1,0,0,1,0,42.0,,,,1,1,1,1,6
202100031478,2021-07-02 16:10:00,2021,7,2,16,10,26,26227,Route de Gap,44.389774,5.384685,Plein jour,Hors agglomération,Hors intersection,Normale,Deux véhicules - frontale,3,2,2,0,1,3,1,0,1,80,,3,0,0,0,3,22.0,48.0,,,1,1,1,1,1
202100031479,2021-07-01 18:15:00,2021,7,1,18,15,72,72255,Chene Vert,48.155529,-0.21595,Plein jour,Hors agglomération,Hors intersection,Normale,Deux véhicules - frontale,3,2,2,0,3,3,1,0,1,90,,2,0,0,0,2,28.0,30.0,,,1,1,1,1,1
202100031480,2021-07-02 17:50:00,2021,7,2,17,50,60,60545,47 rue de picardie,49.7131015173,1.8100780248,Plein jour,En agglomération,Hors intersection,Normale,Autre collision,4,2,2,0,1,1,1,0,1,50,,2,1,0,1,0,30.0,,,,1,2,1,1,6
202100031481,2021-06-11 17:17:00,2021,6,11,17,17,64,64205,chemin de la plane,43.454554,-1.003683,Plein jour,Hors agglomération,Hors intersection,Normale,Sans collision,4,2,2,0,1,2,1,0,1,80,,1,0,1,0,0,36.0,,,,1,1,1,1,7
202100031482,2021-07-01 18:55:00,2021,7,1,18,55,18,18057,Rue de la Gare,46.560323,2.204559,Plein jour,En agglomération,Intersection en T,Normale,Deux véhicules - côté,4,2,2,0,2,2,1,0,1,50,,2,1,0,0,1,18.0,82.0,,,1,2,3,1,3
202100031483,2021-07-02 13:30:00,2021,7,2,13,30,24,24355,RD 703,44.808756,1.205664,Plein jour,Hors agglomération,Intersection en T,Normale,Deux véhicules - côté,3,2,2,0,1,1,1,0,1,80,,3,2,0,1,0,49.0,55.0,,,1,1,3,1,3
202100031484,2021-07-01 19:30:00,2021,7,1,19,30,04,04209,RD 951 / ch de la Haute Chaumiane,44.217916,5.9395,Crépuscule ou aube,En agglomération,Intersection en Y,Temps éblouissant,Deux véhicules - côté,3,2,2,0,2,1,1,0,1,50,,2,1,0,1,0,79.0,28.0,,,2,2,4,7,3
202100031485,2021-07-01 08:25:00,2021,7,1,8,25,27,27013,Route du Val Pitan,49.311499,1.248617,Plein jour,Hors agglomération,Hors intersection,Normale,Deux véhicules - côté,3,2,2,0,1,1,1,0,1,70,,2,1,0,1,0,79.0,73.0,,,1,1,1,1,3
202100031486,2021-07-01 16:45:00,2021,7,1,16,45,28,28391,D2020,48.207244,1.944666,Plein jour,Hors agglomération,Hors intersection,Normale,Deux véhicules - côté,3,2,3,0,1,1,1,0,1,90,,2,1,0,1,0,39.0,24.0,,,1,1,1,1,3
202100031487,2021-07-01 19:30:00,2021,7,1,19,30,48,48155,D13,44.223195,3.8341,Plein jour,Hors agglomération,Hors intersection,Normale,Autre collision,3,2,2,0,1,3,1,0,3,90,,1,0,0,1,0,49.0,,,,1,1,1,1,6
202100031488,2021-07-01 15:50:00,2021,7,1,15,50,52,52423,Départementale 1,48.245768,5.32824,Plein jour,Hors agglomération,Hors intersection,Normale,Autre collision,3,2,2,0,2,1,1,0,1,90,,1,0,0,0,1,63.0,,,,1,1,1,1,6
202100031489,2021-07-02 14:38:00,2021,7,2,14,38,08,08296,Départementale 6,49.29041,4.819653,Plein jour,Hors agglomération,Hors intersection,Normale,Sans collision,3,2,2,0,1,2,1,0,1,80,,1,0,0,1,0,15.0,,,,1,1,1,1,7
202100031490,2021-06-28 12:10:00,2021,6,28,12,10,68,68375,4 rue de Mulhouse,47.809379,7.240081,Plein jour,En agglomération,Giratoire,Normale,Autre collision,3,3,2,0,1,1,1,5,1,50,,2,1,1,0,0,44.0,,,,1,2,6,1,6
202100031491,2021-06-24 17:50:00,2021,6,24,17,50,973,97307,Rue Convoué,4.886923,-52.344988,Plein jour,En agglomération,Hors intersection,Normale,Deux véhicules - côté,4,2,2,0,1,1,1,0,1,50,,2,1,0,1,0,18.0,27.0,,,1,2,1,1,3
202100031492,2021-07-02 05:00:00,2021,7,2,5,0,71,71143,A39,46.451497,5.288029,Crépuscule ou aube,Hors agglomération,Hors intersection,Normale,Autre collision,1,3,4,0,1,1,1,2,3,130,,2,0,1,0,1,21.0,,,,2,1,1,1,6
202100031493,2021-07-01 11:00:00,2021,7,1,11,0,82,82050,A62,44.096485,0.780823,Plein jour,Hors agglomération,Hors intersection,Normale,Deux véhicules - arrière,1,3,4,0,1,1,1,0,1,130,,2,1,0,0,1,22.0,62.0,,,1,1,1,1,2
202100031494,2021-06-28 13:30:00,2021,6,28,13,30,69,69050,A89 PK 533.000,45.8542405311,4.6504456793,Plein jour,Hors agglomération,Hors intersection,Pluie légère,Deux véhicules - côté,1,3,4,0,1,2,2,0,2,110,,2,1,0,0,1,51.0,26.0,,,1,1,1,2,3
202100031495,2021-06-11 19:30:00,2021,6,11,19,30,69,69097,D28E2,45.5108628751,4.722340107,Plein jour,Hors agglomération,Hors intersection,Normale,Deux véhicules - frontale,3,2,2,0,2,3,1,0,1,-1,,2,0,0,0,2,65.0,23.0,,,1,1,1,1,1
202100031496,2021-07-02 12:50:00,2021,7,2,12,50,971,97116,Route du 13 Fevrier 1952,16.323661,-61.413429,Plein jour,Hors agglomération,Intersection en Y,Normale,Deux véhicules - côté,2,2,1,0,1,1,1,0,1,80,,2,1,0,1,0,21.0,67.0,,,1,1,4,1,3
202100031497,2021-07-01 19:40:00,2021,7,1,19,40,977,97701,"rt211, grand fond",17.900423,-62.819889,Nuit sans éclairage public,En agglomération,Hors intersection,Normale,Sans collision,2,2,2,0,2,1,1,0,1,50,,1,0,0,1,0,49.0,,,,3,2,1,1,7
202100031498,2021-07-02 14:45:00,2021,7,2,14,45,21,21171,M107,47.303587,5.119173,Plein jour,En agglomération,Giratoire,Normale,Deux véhicules - côté,7,1,2,0,1,2,1,5,1,50,,2,1,1,0,0,59.0,76.0,,,1,2,6,1,3
202100031499,2021-07-01 17:20:00,2021,7,1,17,20,41,41252,Route départementale 2152 - PK 10,47.686712,1.488733,Plein jour,Hors agglomération,Hors intersection,Normale,Autre collision,3,2,2,0,1,1,1,0,1,90,,3,2,0,1,0,52.0,44.0,,,1,1,1,1,6
202100031500,2021-06-28 11:09:00,2021,6,28,11,9,45,45315,17 Boulevard Jeanne d’Arc,47.765746,2.37387,Plein jour,En agglomération,Intersection en X,Normale,Autre collision,4,2,2,0,1,1,1,0,1,50,,2,1,0,0,1,89.0,,,,1,2,2,1,6
202100031501,2021-06-12 18:15:00,2021,6,12,18,15,45,45028,Rue du Faubourg Porte Dieu,47.78503,1.637,Plein jour,En agglomération,Hors intersection,Normale,Autre collision,4,2,2,0,1,1,1,0,4,50,,1,0,0,1,0,59.0,,,,1,2,1,1,6
202100031502,2021-07-02 17:35:00,2021,7,2,17,35,77,77354,D605,48.469087,2.858548,Plein jour,Hors agglomération,Intersection en X,Normale,Deux véhicules - frontale,3,2,2,0,1,1,1,0,1,90,,2,1,0,1,0,26.0,24.0,,,1,1,2,1,1
202100031503,2021-07-02 01:30:00,2021,7,2,1,30,95,95446,Route de Parmain,49.123714,2.182181,Nuit avec éclairage allumé,En agglomération,Giratoire,Normale,Autre collision,3,2,2,0,2,1,1,0,1,50,,1,0,0,1,0,26.0,,,,5,2,6,1,6
202100031504,2021-07-01 20:15:00,2021,7,1,20,15,2B,2B248,d118,42.423412,9.163992,Plein jour,En agglomération,Hors intersection,Normale,Autre collision,3,2,2,0,2,3,9,0,1,30,,2,0,0,0,2,58.0,,,,1,2,1,1,6
202100031505,2021-07-02 02:00:00,2021,7,2,2,0,2A,2A247,T10 route de Bonifacio,41.543983,9.26847,Nuit sans éclairage public,Hors agglomération,Hors intersection,Normale,Deux véhicules - arrière,2,2,2,0,1,1,1,0,1,70,,5,3,0,0,2,55.0,25.0,,,3,1,1,1,2
202100031506,2021-06-29 15:00:00,2021,6,29,15,0,34,34244,N113,43.66869,4.047482,Plein jour,Hors agglomération,Hors intersection,Normale,Deux véhicules - côté,2,2,2,0,1,1,1,0,1,-1,,3,2,0,0,1,31.0,21.0,,,1,1,1,1,3
202100031507,2021-07-01 16:25:00,2021,7,1,16,25,83,83008,RD47,43.51705,6.650205,Plein jour,Hors agglomération,Hors intersection,Normale,Deux véhicules - frontale,3,2,2,0,2,1,1,0,1,80,,2,1,1,0,0,49.0,21.0,,,1,1,1,1,1
202100031508,2021-06-25 18:30:00,2021,6,25,18,30,06,06098,D 116,43.970847,6.903223,Plein jour,Hors agglomération,Hors intersection,Normale,Deux véhicules - frontale,3,-1,2,0,2,2,1,0,1,80,,2,1,0,0,1,55.0,26.0,,,1,1,1,1,1
202100031509,2021-07-02 18:19:00,2021,7,2,18,19,04,04171,RD 952,43.804487,6.440992,Plein jour,Hors agglomération,Hors intersection,Normale,Autre collision,3,2,2,0,1,2,1,0,3,80,,1,0,0,0,1,63.0,,,,1,1,1,1,6
202100031510,2021-06-24 14:47:00,2021,6,24,14,47,67,67379,1 Rue de l Eglise,48.943855,7.8043,Plein jour,En agglomération,Hors intersection,Normale,Autre collision,3,2,2,0,1,3,1,0,1,50,,2,1,1,0,0,52.0,,,,1,2,1,1,6
202100031511,2021-07-02 12:00:00,2021,7,2,12,0,03,03189,D2371,46.333853,2.814697,Plein jour,Hors agglomération,Intersection en T,Normale,Deux véhicules - côté,3,2,2,0,2,1,1,0,1,90,,2,1,0,1,0,62.0,28.0,,,1,1,3,1,3
202100031512,2021-06-30 15:00:00,2021,6,30,15,0,73,73179,D1 / R Jean et Andre Riottot,45.588549,5.882546,Plein jour,En agglomération,Intersection en Y,Normale,Deux véhicules - côté,3,2,2,1,1,1,1,-1,5,50,,2,1,0,0,1,46.0,31.0,,,1,2,4,1,3
202100031513,2021-06-14 14:45:00,2021,6,14,14,45,73,73326,RD 47 Route des Perriers,45.5474111838,5.8745634556,Plein jour,En agglomération,Intersection en T,Normale,Sans collision,3,2,2,0,2,2,1,0,3,50,,2,0,0,1,1,74.0,,,,1,2,3,1,7
202100031514,2021-07-02 06:55:00,2021,7,2,6,55,07,07348,Départemenatle 579,44.542733,4.409637,Plein jour,Hors agglomération,Hors intersection,Normale,Autre collision,3,2,2,0,1,2,1,2,1,70,,2,0,0,0,2,19.0,52.0,,,1,1,1,1,6
202100031515,2021-06-29 15:30:00,2021,6,29,15,30,07,07341,Voie de Chauvel,44.558839,4.498531,Plein jour,En agglomération,Intersection en Y,Normale,Autre collision,4,2,2,0,3,1,1,0,8,50,,1,0,1,0,0,47.0,,,,1,2,4,1,6
202100031516,2021-07-02 17:15:00,2021,7,2,17,15,01,01400,D87,45.805843,5.491847,Plein jour,En agglomération,Autre intersection,Normale,Deux véhicules - côté,3,2,2,0,2,3,1,0,1,50,,2,1,0,0,1,16.0,26.0,,,1,2,9,1,3
202100031517,2021-07-02 00:30:00,2021,7,2,0,30,69,69176,LOUP (DU) (CHM),45.6751720084,4.7128987312,Nuit sans éclairage public,Hors agglomération,Hors intersection,Normale,Autre collision,4,2,2,0,1,2,1,0,8,70,,13,6,0,1,6,24.0,,,,3,1,1,1,6
202100031518,2021-06-28 07:55:00,2021,6,28,7,55,69,69141,D30,45.6085296263,4.6685739647,Crépuscule ou aube,Hors agglomération,Hors intersection,Normale,Autre collision,3,2,2,0,2,2,2,0,3,80,,1,0,0,1,0,18.0,,,,2,1,1,1,6
202100031519,2021-07-02 14:45:00,2021,7,2,14,45,09,09249,RD117,42.926719,1.743237,Plein jour,Hors agglomération,Hors intersection,Normale,Deux véhicules - frontale,3,2,2,0,1,3,1,0,1,80,,3,0,3,0,0,67.0,79.0,,,1,1,1,1,1
202100031520,2021-07-02 16:16:00,2021,7,2,16,16,79,79049,23 Rue de la Huchette,46.839411,-0.49281,Plein jour,En agglomération,Intersection en X,Normale,Sans collision,4,1,1,0,1,2,1,6,1,50,,2,1,0,0,1,34.0,,,,1,2,2,1,7
202100031521,2021-07-01 23:30:00,2021,7,1,23,30,64,64430,Avenue du Corps Franc Pommies,43.497367,-0.77444,Nuit avec éclairage allumé,En agglomération,Giratoire,Normale,Sans collision,3,2,2,0,1,3,1,0,4,50,,2,1,0,1,0,29.0,,,,5,2,6,1,7
202100031522,2021-07-01 18:50:00,2021,7,1,18,50,33,33268,,45.028608,-0.654214,Plein jour,En agglomération,Intersection en T,Normale,Trois véhicules et plus - collisions multiples,3,2,2,0,1,1,1,0,1,30,,3,1,0,1,1,46.0,57.0,,,1,2,3,1,5
202100031523,2021-06-25 18:00:00,2021,6,25,18,0,33,33238,Rue de Grandjean,44.7419,-0.598462,Plein jour,En agglomération,Hors intersection,Normale,Deux véhicules - frontale,4,2,2,0,1,1,1,0,1,50,,2,1,0,0,1,18.0,39.0,,,1,2,1,1,1
202100031524,2021-05-20 03:30:00,2021,5,20,3,30,59,59411,4 Rue des 2 Villes,50.483569,3.087128,Nuit avec éclairage allumé,En agglomération,Intersection en Y,Normale,Autre collision,3,2,2,0,2,3,1,0,4,80,,3,2,0,0,1,19.0,,,,5,2,4,1,6
202100031525,2021-07-01 19:40:00,2021,7,1,19,40,13,13202,Tunnel Joliette Marseille vers Aubagne,43.30816,5.36631,Plein jour,Hors agglomération,Autre intersection,Normale,Sans collision,9,-1,2,0,1,1,1,1,1,50,,1,0,0,0,1,22.0,,,,1,1,9,1,7
202100031526,2021-07-01 16:55:00,2021,7,1,16,55,13,13005,A50 - Sens Aubagne vers Marseille,43.2789,5.58559,Plein jour,Hors agglomération,Hors intersection,Normale,Deux véhicules - arrière,1,3,2,0,2,2,1,3,1,110,,2,1,0,0,1,29.0,45.0,,,1,1,1,1,2
202100031527,2021-07-01 08:03:00,2021,7,1,8,3,13,13211,A50-Sens Marseille vers Aubagne,43.29045,5.42652,Plein jour,Hors agglomération,Hors intersection,Normale,Sans collision,1,3,3,0,1,1,1,0,1,90,,1,0,0,1,0,29.0,,,,1,1,1,1,7
202100031528,2021-06-30 18:00:00,2021,6,30,18,0,13,13202,A55-Sens Martigues vers Marseille,43.3238739724,5.3628263331,Plein jour,Hors agglomération,Hors intersection,Normale,Deux véhicules - arrière,1,1,3,0,1,1,1,2,1,70,,2,1,0,1,0,,49.0,,,1,1,1,1,2
202100031529,2021-06-30 15:50:00,2021,6,30,15,50,13,13005,A50-Sens Aubagne vers Marseille,43.28634,5.56819,Plein jour,Hors agglomération,Hors intersection,Normale,Deux véhicules - arrière,1,3,2,0,1,1,1,0,1,90,,3,1,0,0,2,31.0,26.0,,,1,1,1,1,2
202100031530,2021-06-30 19:20:00,2021,6,30,19,20,13,13055,A507 sens Marseille - Aubagne,43.33776,5.38489,Plein jour,Hors agglomération,Hors intersection,Normale,Deux véhicules - arrière,1,1,3,0,1,1,1,0,1,70,,2,0,0,0,2,38.0,35.0,,,1,1,1,1,2
202100031531,2021-06-30 09:51:00,2021,6,30,9,51,13,13055,A507 sens Aubagne- Marseille,43.33006,5.40335,Plein jour,Hors agglomération,Hors intersection,Normale,Deux véhicules - arrière,1,1,2,0,1,1,1,0,1,70,,2,1,0,0,1,31.0,29.0,,,1,1,1,1,2
202100031532,2021-06-30 07:50:00,2021,6,30,7,50,13,13215,A7-Sens Marseille vers Lyon,43.3447034921,5.3747048378,Plein jour,Hors agglomération,Hors intersection,Normale,Deux véhicules - côté,1,1,4,0,1,1,1,0,1,90,,2,1,0,0,1,60.0,24.0,,,1,1,1,1,3
202100031533,2021-06-30 07:30:00,2021,6,30,7,30,13,13216,A55-Sens Marseille vers Martigues,43.366913,5.329148,Plein jour,Hors agglomération,Hors intersection,Normale,Deux véhicules - arrière,1,3,2,0,1,1,1,0,1,90,,2,1,0,0,1,60.0,49.0,,,1,1,1,1,2
202100031534,2021-06-27 04:10:00,2021,6,27,4,10,42,42207,A47,45.49194,4.52063,Nuit sans éclairage public,Hors agglomération,Hors intersection,Normale,Trois véhicules et plus - en chaîne,1,3,5,0,1,1,1,0,1,110,,4,2,0,1,1,24.0,28.0,,,3,1,1,1,4
202100031535,2021-06-30 09:45:00,2021,6,30,9,45,33,33013,Rocade Rive Droite N230 -E26-,44.865917,-0.503898,Plein jour,Hors agglomération,Hors intersection,Normale,Deux véhicules - arrière,2,3,6,0,1,1,1,0,1,90,,2,1,0,0,1,42.0,54.0,,,1,1,1,1,2
202100031536,2021-07-01 19:50:00,2021,7,1,19,50,91,91340,RN 104,48.61,2.4314,Plein jour,Hors agglomération,Hors intersection,Normale,Deux véhicules - côté,2,1,2,0,1,2,1,0,1,70,,2,1,0,0,1,30.0,39.0,,,1,1,1,1,3
202100031537,2021-07-01 09:45:00,2021,7,1,9,45,91,91286,AUTOROUTE A6,48.651952,2.382693,Plein jour,Hors agglomération,Hors intersection,Normale,Trois véhicules et plus - en chaîne,1,1,3,0,1,1,1,0,1,110,,4,3,0,1,0,46.0,35.0,,,1,1,1,1,4
202100031538,2021-07-01 04:00:00,2021,7,1,4,0,91,91659,AUTOROUTE A6,48.58623,2.45155,Nuit sans éclairage public,Hors agglomération,Hors intersection,Normale,Deux véhicules - arrière,1,3,6,0,1,1,1,0,2,110,,2,0,0,0,2,32.0,27.0,,,3,1,1,1,2
202100031539,2021-06-30 23:10:00,2021,6,30,23,10,94,94016,AUTOROUTE A6B,48.79136,2.34395,Nuit sans éclairage public,Hors agglomération,Hors intersection,Normale,Deux véhicules - côté,1,2,8,0,1,1,1,0,1,90,,3,2,0,0,1,28.0,83.0,,,3,1,1,1,3
202100031540,2021-07-01 09:30:00,2021,7,1,9,30,92,92023,RN385,48.7764943912,2.2349493223,Plein jour,Hors agglomération,Autre intersection,Normale,Deux véhicules - côté,2,3,6,0,1,1,1,0,1,90,,2,1,0,0,1,28.0,59.0,,,1,1,9,1,3
202100031541,2021-07-01 17:30:00,2021,7,1,17,30,95,95572,A15,49.03534,2.09856,Plein jour,Hors agglomération,Hors intersection,Normale,Deux véhicules - côté,1,3,9,0,1,1,1,0,1,90,,2,1,0,0,1,26.0,27.0,,,1,1,1,1,3
202100031542,2021-07-01 17:30:00,2021,7,1,17,30,95,95572,RN 184,49.041000053,2.1281182766,Plein jour,Hors agglomération,Hors intersection,Normale,Deux véhicules - arrière,2,3,4,0,1,1,1,0,1,90,,3,2,0,0,1,20.0,29.0,,,1,1,1,1,2
202100031543,2021-06-30 21:15:00,2021,6,30,21,15,95,95061,RN 104,49.06752,2.25581,Plein jour,Hors agglomération,Hors intersection,Normale,Sans collision,2,2,4,0,1,3,1,0,1,110,,1,0,0,0,1,21.0,,,,1,1,1,1,7
202100031544,2021-07-01 07:30:00,2021,7,1,7,30,95,95277, A3,48.9777782041,2.4934619665,Plein jour,Hors agglomération,Hors intersection,Normale,Deux véhicules - côté,1,3,-1,0,1,1,1,0,1,90,,2,1,0,0,1,35.0,42.0,,,1,1,1,1,3
202100031545,2021-06-30 21:40:00,2021,6,30,21,40,92,92036,AUTOROUTE A15,48.9406783537,2.2926308104,Plein jour,Hors agglomération,Hors intersection,Normale,Deux véhicules - arrière,1,1,4,0,2,3,1,0,1,50,,2,1,0,0,1,42.0,20.0,,,1,1,1,1,2
202100031546,2021-06-30 09:35:00,2021,6,30,9,35,95,95582,RD 170,48.9626271462,2.2629158411,Plein jour,Hors agglomération,Hors intersection,Pluie légère,Autre collision,3,1,2,0,2,2,2,3,1,50,,1,0,0,0,1,39.0,,,,1,1,1,2,6
202100031547,2021-06-30 10:40:00,2021,6,30,10,40,95,95582, A115,48.97498,2.24162,Plein jour,Hors agglomération,Hors intersection,Pluie légère,Autre collision,1,1,2,0,1,2,2,0,1,70,,1,0,0,0,1,37.0,,,,1,1,1,2,6
202100031548,2021-06-30 10:15:00,2021,6,30,10,15,95,95088,RD 170 ,48.97634868,2.4283003807,Plein jour,Hors agglomération,Hors intersection,Normale,Sans collision,3,1,4,0,1,3,1,0,1,90,,1,0,0,0,1,22.0,,,,1,1,1,1,7
202100031549,2021-06-30 09:35:00,2021,6,30,9,35,93,93027,AUTOROUTE A86,48.92672,2.4033,Plein jour,Hors agglomération,Hors intersection,Normale,Autre collision,1,3,4,0,1,2,2,0,1,50,,2,0,0,0,2,37.0,58.0,,,1,1,1,1,6