accident_id,datetime,annee,mois,jour,heure,minute,departement,commune_insee,adresse,latitude,longitude,luminosite,agglomeration,intersection,meteo,collision,catr,circ,nbv,vosp,prof,plan,surf,infra,situ,vma,nb_vehicules,nb_usagers,nb_indemnes,nb_tues,nb_blesses_hosp,nb_blesses_legers,age_cond_1,age_cond_2,veh_type_cond_1,veh_type_cond_2,lum_code,agg_code,int_code,atm_code,col_code
202100031550,2021-06-30 06:00:00,2021,6,30,6,0,95,95582, A115,48.97557,2.24073,Plein jour,Hors agglomération,Hors intersection,Pluie légère,Autre collision,1,3,4,0,1,2,2,0,1,90,,1,0,0,0,1,57.0,,,,1,1,1,2,6
202100031551,2021-06-29 23:07:00,2021,6,29,23,7,95,95306,A15,48.99879,2.17719,Nuit sans éclairage public,Hors agglomération,Hors intersection,Pluie légère,Deux véhicules - arrière,1,3,9,0,1,1,2,0,1,90,,2,0,0,0,2,30.0,31.0,,,3,1,1,2,2
202100031552,2021-06-29 22:15:00,2021,6,29,22,15,95,95572,RN 184,49.03205,2.10795,Crépuscule ou aube,Hors agglomération,Hors intersection,Pluie légère,Autre collision,2,1,2,0,2,2,2,0,1,90,,1,0,0,0,1,27.0,,,,2,1,1,2,6
202100031553,2021-07-01 20:30:00,2021,7,1,20,30,94,94073,A86 EXT,48.7715,2.3925,Plein jour,Hors agglomération,Hors intersection,Normale,Trois véhicules et plus - en chaîne,1,-1,3,0,1,1,1,1,1,90,,3,2,0,0,1,44.0,56.0,,,1,1,1,1,4
202100031554,2021-07-01 20:00:00,2021,7,1,20,0,94,94017,A4,48.827160203,2.510339872,Plein jour,Hors agglomération,Hors intersection,Normale,Deux véhicules - arrière,1,3,4,0,1,1,1,1,1,90,,3,2,0,0,1,26.0,20.0,,,1,1,1,1,2
202100031555,2021-07-01 13:00:00,2021,7,1,13,0,94,94069,A4,48.81694,2.45394,Plein jour,Hors agglomération,Hors intersection,Normale,Autre collision,1,1,3,0,1,2,1,0,1,90,,2,1,0,0,1,41.0,36.0,,,1,1,1,1,6
202100031556,2021-07-01 08:50:00,2021,7,1,8,50,77,77438,A104,48.8672434741,2.6703641706,Plein jour,Hors agglomération,Hors intersection,Normale,Trois véhicules et plus - collisions multiples,1,3,4,0,1,1,1,0,1,90,,3,2,0,0,1,43.0,35.0,,,1,1,1,1,5
202100031557,2021-06-23 14:00:00,2021,6,23,14,0,44,44184,RD 492 DU PONT BD HÔPITAL A ÉCHANGEUR CR,47.28178,-2.24903,Plein jour,Hors agglomération,Hors intersection,Normale,Trois véhicules et plus - en chaîne,3,2,2,0,1,1,1,0,1,80,,3,0,0,0,3,79.0,68.0,,,1,1,1,1,4
202100031558,2021-06-28 15:00:00,2021,6,28,15,0,38,38185,RUE GÉNÉRAL MANGIN,45.17378,5.71675,Plein jour,En agglomération,Hors intersection,Normale,Deux véhicules - côté,4,3,5,1,1,1,1,0,1,50,,2,1,0,0,1,36.0,10.0,,,1,2,1,1,3
202100031559,2021-06-03 11:15:00,2021,6,3,11,15,38,38185,Rue Ampère,45.18595,5.70583,Plein jour,En agglomération,Hors intersection,Normale,Deux véhicules - frontale,4,2,4,1,1,1,1,0,4,30,,3,0,0,0,3,59.0,31.0,,,1,2,1,1,1
202100031560,2021-06-30 08:45:00,2021,6,30,8,45,37,37233,LANGEVIN (BOULEVARD PAUL),47.3907150425,0.7284316421,Plein jour,En agglomération,Hors intersection,Normale,Autre collision,4,2,2,0,1,1,1,0,1,50,,2,1,0,0,1,57.0,17.0,,,1,2,1,1,6
202100031561,2021-06-28 20:26:00,2021,6,28,20,26,37,37261,PROUDHON (AVENUE),47.3942167789,0.6672531366,Plein jour,En agglomération,Intersection en X,Normale,Deux véhicules - côté,7,1,2,0,1,1,1,0,1,50,,2,1,0,1,0,46.0,,,,1,2,2,1,3
202100031562,2021-06-28 15:21:00,2021,6,28,15,21,37,37261,MAGINOT (AV. ANDRE),47.416604868,0.6901296973,Plein jour,En agglomération,Hors intersection,Pluie légère,Deux véhicules - côté,4,2,2,1,1,1,2,0,1,50,,2,1,0,0,1,39.0,85.0,,,1,2,1,2,3
202100031563,2021-06-27 13:20:00,2021,6,27,13,20,37,37261,DE GAULLE (AVENUE DU GENERAL),47.3817122332,0.7051205635,Plein jour,En agglomération,Hors intersection,Normale,Autre collision,4,2,2,0,1,1,1,0,1,50,,2,1,0,0,1,30.0,,,,1,2,1,1,6
202100031564,2021-06-26 20:10:00,2021,6,26,20,10,36,36202,,46.74398,1.61613,Plein jour,Hors agglomération,Intersection en T,Normale,Deux véhicules - côté,3,2,2,0,1,2,1,5,1,80,,2,0,1,0,1,20.0,18.0,,,1,1,3,1,3
202100031565,2021-06-22 17:00:00,2021,6,22,17,0,35,35288,CONTI (RUE ANITA),48.647944,-2.004122,Plein jour,En agglomération,Hors intersection,Pluie forte,Autre collision,4,2,2,2,1,1,2,0,1,50,,2,1,0,1,0,22.0,,,,1,2,1,3,6
202100031566,2021-06-30 18:50:00,2021,6,30,18,50,35,35238,VALLES (JULES),48.10303,-1.71369,Plein jour,En agglomération,Hors intersection,Normale,Deux véhicules - arrière,4,1,2,0,1,1,1,0,1,50,,2,1,0,0,1,37.0,,,,1,2,1,1,2
202100031567,2021-06-29 20:55:00,2021,6,29,20,55,35,35281,NANTES (RUE DE),48.092454,-1.691504,Plein jour,En agglomération,Intersection en T,Normale,Deux véhicules - côté,7,2,2,0,1,1,1,0,1,50,,2,1,0,0,1,29.0,,,,1,2,3,1,3
202100031568,2021-06-29 18:20:00,2021,6,29,18,20,34,34129,FIGUIERES (AVENUE DE),43.58301,3.92551,Plein jour,En agglomération,Intersection en X,Normale,Deux véhicules - arrière,4,2,2,0,1,1,1,0,1,50,,2,1,0,1,0,27.0,45.0,,,1,2,2,1,2
202100031569,2021-06-30 17:10:00,2021,6,30,17,10,33,33063,Avenue des Trois Cardinaux,44.88748,-0.5506,Plein jour,En agglomération,Giratoire,Normale,Trois véhicules et plus - en chaîne,4,2,2,0,1,1,1,0,1,50,,5,2,0,0,3,25.0,39.0,,,1,2,6,1,4
202100031570,2021-06-28 08:50:00,2021,6,28,8,50,33,33318,Parking Hôpital Haut-Lévêque,44.7881,-0.65812,Plein jour,En agglomération,Autre intersection,Normale,Autre collision,6,-1,-1,0,1,1,1,0,1,30,,2,1,0,0,1,21.0,,,,1,2,9,1,6
202100031571,2021-06-29 20:50:00,2021,6,29,20,50,33,33063,Cours de la Somme,44.82732,-0.57245,Crépuscule ou aube,En agglomération,Hors intersection,Normale,Autre collision,4,2,2,3,1,1,1,0,1,50,,3,2,0,1,0,36.0,,,,2,2,1,1,6
202100031572,2021-06-29 13:58:00,2021,6,29,13,58,33,33063,Cours de la Marne,44.83063,-0.57174,Plein jour,En agglomération,Hors intersection,Normale,Autre collision,4,2,3,3,1,1,1,0,1,50,,3,2,0,1,0,36.0,51.0,,,1,2,1,1,6
202100031573,2021-06-30 16:10:00,2021,6,30,16,10,33,33529,Rue Victor Hugo,44.63183,-1.15225,Plein jour,En agglomération,Giratoire,Normale,Deux véhicules - côté,4,2,2,1,1,3,1,5,1,50,,2,1,0,0,1,78.0,53.0,,,1,2,6,1,3
202100031574,2021-06-29 18:15:00,2021,6,29,18,15,31,31555,VA007418 PONT JUMEAUX A620 Sortie 30,43.60847,1.41043,Plein jour,Hors agglomération,Hors intersection,Normale,Trois véhicules et plus - en chaîne,1,1,4,0,1,1,1,9,1,90,,4,2,0,0,2,50.0,27.0,,,1,1,1,1,4
202100031575,2021-06-26 17:50:00,2021,6,26,17,50,29,29019,Rue Eugène Bérest,48.393019,-4.434892,Plein jour,En agglomération,Hors intersection,Normale,Autre collision,4,2,2,0,1,1,1,0,1,30,,2,1,0,1,0,85.0,,,,1,2,1,1,6
202100031576,2021-06-29 10:30:00,2021,6,29,10,30,27,27299,JAURES (RUE JEAN),49.04992,1.16225,Plein jour,En agglomération,Hors intersection,Pluie légère,Sans collision,4,2,2,0,1,1,2,0,1,50,,1,0,0,0,1,30.0,,,,1,2,1,2,7
202100031577,2021-06-30 13:35:00,2021,6,30,13,35,24,24145,PELISSOUX (ROUTE DES),44.86522,0.55306,Plein jour,Hors agglomération,Intersection en X,Normale,Deux véhicules - côté,3,2,2,0,1,1,1,0,1,80,,2,0,0,1,1,50.0,24.0,,,1,1,2,1,3
202100031578,2021-06-28 08:00:00,2021,6,28,8,0,22,22106,MORGAN (RUE DE LA),48.49949,-2.72112,Plein jour,En agglomération,Giratoire,Normale,Deux véhicules - côté,4,2,2,0,1,1,1,0,1,50,,2,1,0,0,1,43.0,60.0,,,1,2,6,1,3
202100031579,2021-06-28 19:08:00,2021,6,28,19,8,19,19272,Anne Vialle (Rue),45.26326336,1.7688900232,Plein jour,En agglomération,Hors intersection,Normale,Autre collision,3,2,2,0,2,2,1,0,1,50,,2,1,0,1,0,23.0,,,,1,2,1,1,6
202100031580,2021-06-29 18:30:00,2021,6,29,18,30,18,18279,SOCIETE FRANCAISE (RUE DE LA),47.22,2.05,Plein jour,En agglomération,Hors intersection,Normale,Deux véhicules - frontale,4,2,2,0,1,1,1,0,1,50,,2,1,0,1,0,21.0,16.0,,,1,2,1,1,1
202100031581,2021-06-30 18:10:00,2021,6,30,18,10,17,17291,NATIONALE  ROUTE,46.17634,-1.10627,Plein jour,Hors agglomération,Hors intersection,Normale,Trois véhicules et plus - en chaîne,2,3,4,0,1,1,1,0,1,70,,3,2,0,0,1,36.0,51.0,,,1,1,1,1,4
202100031582,2021-06-29 18:45:00,2021,6,29,18,45,14,14699,Rue des Batteliers,49.34973,0.09251,Plein jour,En agglomération,Giratoire,Temps couvert,Deux véhicules - côté,4,2,1,0,1,1,2,0,1,50,,2,1,0,0,1,57.0,30.0,,,1,2,6,8,3
202100031583,2021-06-29 18:20:00,2021,6,29,18,20,10,10387,LOUIS MORIN (RUE),48.3042,4.0907,Plein jour,En agglomération,Hors intersection,Temps couvert,Autre collision,4,2,2,0,1,1,1,0,1,50,,2,1,0,0,1,34.0,,,,1,2,1,8,6
202100031584,2021-06-30 08:00:00,2021,6,30,8,0,06,06027,NICE AVENUE DE (RN7),43.6596,7.169588,Plein jour,En agglomération,Intersection en X,Normale,Deux véhicules - côté,7,2,2,0,1,1,1,0,1,50,,3,1,0,0,2,42.0,60.0,,,1,2,2,1,3
202100031585,2021-06-28 10:20:00,2021,6,28,10,20,06,06123,FAHNESTOCK G. CORNICHE,43.675386,7.188358,Plein jour,En agglomération,Hors intersection,Normale,Autre collision,7,2,2,0,2,1,1,0,1,50,,3,0,0,0,3,77.0,,,,1,2,1,1,6
202100031586,2021-06-30 14:35:00,2021,6,30,14,35,75,75116,ECHANGEUR MUETTE,48.861934,2.2646,Plein jour,En agglomération,Hors intersection,Temps couvert,Deux véhicules - côté,4,1,4,0,1,1,1,0,1,70,,2,1,0,0,1,26.0,42.0,,,1,2,1,8,3
202100031587,2021-06-29 09:05:00,2021,6,29,9,5,75,75108,PLACE CLEMENCEAU,48.867119,2.313949,Plein jour,En agglomération,Place,Pluie légère,Trois véhicules et plus - en chaîne,4,1,2,0,1,1,2,0,1,50,,3,2,0,0,1,31.0,43.0,,,1,2,7,2,4
202100031588,2021-06-30 09:45:00,2021,6,30,9,45,75,75120,AVENUE GAMBETTA,48.86413,2.392366,Plein jour,En agglomération,Hors intersection,Pluie légère,Autre collision,4,2,4,1,1,1,2,9,1,30,,3,2,0,0,1,27.0,,,,1,2,1,2,6
202100031589,2021-06-30 15:10:00,2021,6,30,15,10,75,75119,RUE MEYNADIER,48.883741,2.383654,Plein jour,En agglomération,Hors intersection,Normale,Deux véhicules - arrière,4,2,2,0,1,1,1,0,1,50,,2,1,0,0,1,21.0,50.0,,,1,2,1,1,2
202100031590,2021-06-30 11:15:00,2021,6,30,11,15,75,75119,RUE MANIN,48.882937,2.384934,Plein jour,En agglomération,Hors intersection,Pluie légère,Autre collision,4,1,1,0,1,1,2,0,1,50,,2,1,0,0,1,56.0,,,,1,2,1,2,6
202100031591,2021-06-30 14:20:00,2021,6,30,14,20,75,75116,ROUTE DE SURESNES,48.865086,2.234505,Plein jour,En agglomération,Intersection en X,Normale,Deux véhicules - côté,4,2,6,0,1,1,1,0,1,50,,2,1,0,0,1,56.0,39.0,,,1,2,2,1,3
202100031592,2021-06-28 23:20:00,2021,6,28,23,20,75,75116,AVENUE FOCH,48.872203,2.284692,Nuit avec éclairage allumé,En agglomération,Intersection en X,Normale,Deux véhicules - côté,4,2,6,0,1,1,1,0,1,50,,2,1,0,0,1,31.0,,,,5,2,2,1,3
202100031593,2021-06-29 13:50:00,2021,6,29,13,50,75,75115,RUE DE VAUGIRARD,48.839699,2.301676,Plein jour,En agglomération,Hors intersection,Normale,Autre collision,4,1,3,0,1,1,1,0,1,50,,3,1,0,0,2,67.0,,,,1,2,1,1,6
202100031594,2021-06-30 13:20:00,2021,6,30,13,20,75,75113,BOULEVARD VINCENT AURIOL,48.83622,2.371506,Plein jour,En agglomération,Intersection en X,Temps couvert,Deux véhicules - côté,4,1,2,1,2,1,1,0,1,50,,2,1,0,0,1,38.0,22.0,,,1,2,2,8,3
202100031595,2021-06-29 16:15:00,2021,6,29,16,15,75,75112,AVENUE DU BEL AIR,48.845606,2.398112,Plein jour,En agglomération,Hors intersection,Normale,Autre collision,4,2,2,0,1,1,1,0,1,50,,1,0,0,0,1,74.0,,,,1,2,1,1,6
202100031596,2021-06-29 09:40:00,2021,6,29,9,40,75,75112,BOULEVARD PONIATOWSKI,48.83073,2.394763,Plein jour,En agglomération,Hors intersection,Pluie légère,Sans collision,4,3,2,0,1,1,2,0,1,50,,1,0,0,0,1,29.0,,,,1,2,1,2,7
202100031597,2021-06-30 17:00:00,2021,6,30,17,0,75,75111,AVENUE PARMENTIER,48.866665,2.373501,Plein jour,En agglomération,Intersection en X,Pluie légère,Deux véhicules - arrière,4,2,2,0,1,1,2,0,1,30,,2,1,0,0,1,61.0,26.0,,,1,2,2,2,2
202100031598,2021-06-30 22:35:00,2021,6,30,22,35,75,75110,RUE LA FAYETTE,48.878789,2.355056,Nuit avec éclairage allumé,En agglomération,Hors intersection,Normale,Autre collision,4,2,3,0,1,1,1,0,1,50,,2,1,0,0,1,,,,,5,2,1,1,6
202100031599,2021-06-30 14:51:00,2021,6,30,14,51,75,75108,RUE ROYALE,48.868385,2.323267,Plein jour,En agglomération,Intersection en X,Normale,Autre collision,4,2,5,3,1,1,1,0,1,50,,2,1,0,0,1,48.0,,,,1,2,2,1,6
202100031600,2021-06-30 14:16:00,2021,6,30,14,16,75,75107,QUAI BRANLY,48.859046,2.293492,Plein jour,En agglomération,Intersection en T,Normale,Deux véhicules - côté,4,3,6,3,1,1,1,0,1,50,,2,1,0,0,1,36.0,56.0,,,1,2,3,1,3
202100031601,2021-06-29 08:15:00,2021,6,29,8,15,75,75107,QUAI D ORSAY,48.86286,2.313447,Plein jour,En agglomération,Intersection en X,Pluie légère,Deux véhicules - côté,4,2,6,0,1,1,2,2,1,50,,2,1,0,0,1,49.0,42.0,,,1,2,2,2,3
202100031602,2021-06-30 22:35:00,2021,6,30,22,35,75,75102,BOULEVARD DE SEBASTOPOL,48.863923,2.351216,Nuit avec éclairage allumé,En agglomération,Hors intersection,Normale,Deux véhicules - arrière,4,1,3,3,1,1,1,0,1,50,,2,1,0,0,1,20.0,27.0,,,5,2,1,1,2
202100031603,2021-06-30 09:15:00,2021,6,30,9,15,94,94081,Avenue du Colonel Fabien,48.786659,2.376916,Plein jour,En agglomération,Intersection en T,Pluie légère,Deux véhicules - côté,4,2,2,0,1,1,2,9,1,50,,2,1,0,0,1,34.0,34.0,,,1,2,3,2,3
202100031604,2021-06-30 13:15:00,2021,6,30,13,15,94,94028,Avenue du Docteur Paul Casalis,48.7806,2.4729,Plein jour,En agglomération,Autre intersection,Normale,Deux véhicules - côté,4,2,2,0,1,1,1,0,1,50,,2,1,0,0,1,30.0,37.0,,,1,2,9,1,3
202100031605,2021-06-30 02:05:00,2021,6,30,2,5,94,94053,Gr Pierre Mendès-France,48.77626,2.54995,Nuit avec éclairage allumé,En agglomération,Intersection en X,Pluie légère,Deux véhicules - côté,3,2,2,0,1,1,2,5,1,50,,2,1,0,0,1,22.0,21.0,,,5,2,2,2,3
202100031606,2021-06-30 19:15:00,2021,6,30,19,15,94,94071,Rue Maurice Berteaux,48.772485,2.51916,Plein jour,En agglomération,Hors intersection,Normale,Autre collision,3,2,2,0,3,1,1,8,1,50,,2,1,0,0,1,56.0,,,,1,2,1,1,6
202100031607,2021-06-30 18:30:00,2021,6,30,18,30,93,93071,JOSEPH PROUDHON (ALLEE),48.942833,2.523076,Plein jour,En agglomération,Hors intersection,Normale,Sans collision,4,2,1,0,1,1,1,0,4,50,,2,0,0,2,0,10.0,,,,1,2,1,1,7
202100031608,2021-06-29 10:00:00,2021,6,29,10,0,93,93070,VICTOR-HUGO (BD),48.906033,2.324202,Plein jour,En agglomération,Hors intersection,Pluie légère,Deux véhicules - arrière,3,2,2,0,1,1,2,0,1,50,,2,1,0,0,1,32.0,24.0,,,1,2,1,2,2
202100031609,2021-06-30 00:05:00,2021,6,30,0,5,93,93066,Rue Francis de Pressensé / Avenue du Stade de France,48.919647,2.361701,Nuit avec éclairage allumé,En agglomération,Intersection en X,Pluie forte,Deux véhicules - arrière,3,2,4,0,1,1,2,5,1,50,,2,1,0,0,1,36.0,34.0,,,5,2,2,3,2
202100031610,2021-06-26 18:50:00,2021,6,26,18,50,93,93066,Boulevard de la Libération,48.928075,2.341314,Plein jour,En agglomération,Hors intersection,Normale,Deux véhicules - côté,3,2,3,0,1,1,1,0,1,50,,2,1,0,0,1,,29.0,,,1,2,1,1,3
202100031611,2021-06-29 09:10:00,2021,6,29,9,10,93,93070,JEAN-JAURES (BD),48.91522,2.33773,Plein jour,En agglomération,Intersection en X,Pluie légère,Deux véhicules - côté,3,2,2,0,1,1,2,0,1,50,,2,1,0,1,0,56.0,25.0,,,1,2,2,2,3
202100031612,2021-06-29 08:20:00,2021,6,29,8,20,93,93066,Chemin d’Aubervilliers / Rue Francis de Pressensé,48.923163,2.370261,Plein jour,En agglomération,Intersection en X,Normale,Trois véhicules et plus - collisions multiples,3,2,4,0,1,1,1,5,1,50,,4,3,0,0,1,,44.0,,,1,2,2,1,5
202100031613,2021-06-30 05:00:00,2021,6,30,5,0,93,93055,JEAN JAURES (AVENUE)(130 AU 172),48.90935,2.39833,Nuit avec éclairage allumé,En agglomération,Hors intersection,Pluie légère,Trois véhicules et plus - collisions multiples,3,2,2,3,1,1,2,0,1,50,,3,2,0,0,1,23.0,38.0,,,5,2,1,2,5
202100031614,2021-06-30 08:40:00,2021,6,30,8,40,93,93048,Boulevard Henri Barbusse,48.867406,2.442147,Plein jour,En agglomération,Hors intersection,Pluie légère,Deux véhicules - arrière,3,2,2,0,1,1,2,0,1,30,,2,1,0,0,1,24.0,28.0,,,1,2,1,2,2
202100031615,2021-06-29 21:15:00,2021,6,29,21,15,93,93006,Avenue de Stalingrad,48.871,2.43081,Nuit avec éclairage allumé,En agglomération,Hors intersection,Pluie légère,Deux véhicules - côté,3,2,4,1,1,1,2,0,1,50,,2,1,0,0,1,18.0,,,,5,2,1,2,3
202100031616,2021-06-29 21:40:00,2021,6,29,21,40,93,93027,Avenue Roger Salengro,48.939276,2.387834,Nuit sans éclairage public,Hors agglomération,Hors intersection,Normale,Autre collision,3,3,2,0,1,1,1,0,1,50,,1,0,0,0,1,25.0,,,,3,1,1,1,6
202100031617,2021-06-30 14:00:00,2021,6,30,14,0,93,93047,Avenue Victor Hugo,48.900704,2.562249,Plein jour,En agglomération,Autre intersection,Temps couvert,Autre collision,4,2,2,0,1,1,1,0,1,50,,2,0,0,0,2,32.0,,,,1,2,9,8,6
202100031618,2021-06-30 18:25:00,2021,6,30,18,25,93,93005,Centre Commercial Parinor,48.95812,2.4769,Plein jour,En agglomération,Hors intersection,Temps couvert,Autre collision,6,-1,-1,0,1,1,1,0,1,30,,2,1,0,1,0,59.0,,,,1,2,1,8,6
202100031619,2021-06-30 18:00:00,2021,6,30,18,0,92,92046,FABIEN (BOULEVARD DU COLONEL),48.812821,2.279673,Plein jour,En agglomération,Intersection en X,Normale,Autre collision,3,2,2,0,1,1,1,9,1,50,,2,1,0,0,1,27.0,,,,1,2,2,1,6
202100031620,2021-06-30 20:30:00,2021,6,30,20,30,92,92033,PORTE JAUNE,48.842424024,2.1990063787,Plein jour,En agglomération,Hors intersection,Normale,Deux véhicules - arrière,3,2,2,0,1,1,1,0,1,50,,2,1,0,0,1,64.0,26.0,,,1,2,1,1,2
202100031621,2021-06-28 10:40:00,2021,6,28,10,40,92,92063,VERSAILLES (AVENUE DE),48.8556912164,2.1635462344,Plein jour,En agglomération,Hors intersection,Normale,Autre collision,4,2,2,0,2,1,1,0,1,50,,2,1,0,0,1,52.0,,,,1,2,1,1,6
202100031622,2021-06-30 13:50:00,2021,6,30,13,50,92,92044,ARISTIDE BRIAND(RUE)51A83  54A96,48.8929447306,2.2895842418,Plein jour,En agglomération,Intersection en X,Normale,Deux véhicules - côté,4,1,2,0,1,1,1,0,1,50,,2,1,0,0,1,20.0,38.0,,,1,2,2,1,3
202100031623,2021-06-29 17:45:00,2021,6,29,17,45,92,92036,BASSIN N°6 (ROUTE DU),48.941696477,2.2949194908,Plein jour,En agglomération,Giratoire,Normale,Deux véhicules - côté,4,2,2,0,1,1,1,0,1,50,,2,1,0,0,1,54.0,48.0,,,1,2,6,1,3
202100031624,2021-06-30 10:15:00,2021,6,30,10,15,92,92026,VERDUN (DE 62 A FIN),48.9008424866,2.2603833675,Plein jour,En agglomération,Hors intersection,Normale,Deux véhicules - côté,3,2,4,0,1,1,2,0,1,50,,2,1,0,0,1,19.0,59.0,,,1,2,1,1,3
202100031625,2021-06-30 14:30:00,2021,6,30,14,30,92,92025,A86,48.919219,2.225202,Plein jour,En agglomération,Hors intersection,Normale,Deux véhicules - arrière,1,1,3,0,1,1,1,3,1,50,,2,1,0,0,1,45.0,30.0,,,1,2,1,1,2
202100031626,2021-06-29 12:35:00,2021,6,29,12,35,92,92025,JULES MICHELET (RUE),48.9321928003,2.2701492906,Plein jour,En agglomération,Intersection en T,Normale,Deux véhicules - arrière,4,2,2,0,1,1,1,0,1,50,,2,1,0,0,1,28.0,46.0,,,1,2,3,1,2
202100031627,2021-06-29 18:00:00,2021,6,29,18,0,92,92012,EDOUARD VAILLANT (AVENUE) 57/FIN - 58/FI,48.8355,2.24947,Plein jour,En agglomération,Intersection en X,Normale,Deux véhicules - côté,3,3,4,0,1,1,1,0,1,50,,3,2,0,0,1,52.0,52.0,,,1,2,2,1,3
202100031628,2021-06-27 16:35:00,2021,6,27,16,35,92,92004,AULAGNIER ( QUAI ),48.917372044,2.3200403856,Plein jour,En agglomération,Intersection en T,Normale,Deux véhicules - arrière,3,2,6,0,2,1,1,0,1,50,,3,2,0,0,1,52.0,60.0,,,1,2,3,1,2
202100031629,2021-06-30 07:30:00,2021,6,30,7,30,974,97415,N1,-20.990592,55.289297,Plein jour,Hors agglomération,Hors intersection,Normale,Deux véhicules - côté,2,3,2,0,1,1,1,0,1,110,,4,3,0,1,0,29.0,56.0,,,1,1,1,1,3
202100031630,2021-06-26 16:35:00,2021,6,26,16,35,35,35176,Allée des Primevères,47.791056,-1.844164,Plein jour,Hors agglomération,Intersection en X,Normale,Deux véhicules - côté,4,2,2,0,1,1,2,0,1,80,,3,2,0,0,1,48.0,69.0,,,1,1,2,1,3
202100031631,2021-07-01 00:30:00,2021,7,1,0,30,49,49244,D751,47.35797,-1.063646,Nuit sans éclairage public,Hors agglomération,Hors intersection,Normale,Autre collision,3,2,2,0,1,1,1,0,3,80,,1,0,0,1,0,20.0,,,,3,1,1,1,6
202100031632,2021-06-30 23:18:00,2021,6,30,23,18,08,08403,23 Rue de la Cite,49.495751,4.360912,Nuit avec éclairage allumé,En agglomération,Intersection en T,Temps couvert,Autre collision,9,2,2,0,1,1,2,0,1,50,,2,1,0,0,1,19.0,,,,5,2,3,8,6
202100031633,2021-06-30 16:40:00,2021,6,30,16,40,95,95205,RD 370,49.022659,2.373825,Plein jour,En agglomération,Hors intersection,Normale,Autre collision,3,2,2,0,3,1,1,0,1,50,,1,0,0,0,1,34.0,,,,1,2,1,1,6
202100031634,2021-06-30 22:00:00,2021,6,30,22,0,95,95313,Grande Rue,49.112159,2.217237,Nuit avec éclairage allumé,En agglomération,Hors intersection,Normale,Deux véhicules - côté,3,1,1,0,1,1,1,0,1,50,,2,1,0,0,1,37.0,59.0,,,5,2,1,1,3
202100031635,2021-07-01 05:20:00,2021,7,1,5,20,95,95052,RD 922,49.145952,2.307065,Crépuscule ou aube,Hors agglomération,Hors intersection,Normale,Deux véhicules - frontale,3,2,2,0,2,1,1,0,1,70,,4,3,1,0,0,36.0,39.0,,,2,1,1,1,1
202100031636,2021-06-30 19:30:00,2021,6,30,19,30,86,86261,D6,46.58736,0.438098,Plein jour,Hors agglomération,Intersection en X,Normale,Deux véhicules - côté,3,2,2,0,1,4,1,0,1,50,,3,0,0,2,1,20.0,27.0,,,1,1,2,1,3
202100031637,2021-06-27 18:00:00,2021,6,27,18,0,42,42284,N7,46.09746,3.986106,Plein jour,Hors agglomération,Hors intersection,Pluie légère,Deux véhicules - frontale,2,2,2,0,1,1,2,0,1,80,,7,5,0,2,0,51.0,23.0,,,1,1,1,2,1
202100031638,2021-06-30 14:00:00,2021,6,30,14,0,974,97414,Rue Pente Nicole,-21.260706,55.438679,Plein jour,En agglomération,Hors intersection,Normale,Deux véhicules - arrière,2,2,2,0,2,1,1,0,1,50,,2,1,0,0,1,20.0,17.0,,,1,2,1,1,2
202100031639,2021-06-29 20:50:00,2021,6,29,20,50,84,84062,Route Departementale 901,43.889742,5.095682,Plein jour,Hors agglomération,Hors intersection,Normale,Deux véhicules - côté,3,2,2,0,1,1,1,0,1,80,,2,1,1,0,0,29.0,52.0,,,1,1,1,1,3
202100031640,2021-06-29 07:50:00,2021,6,29,7,50,66,66021,D31,42.731907,2.952136,Plein jour,Hors agglomération,Intersection en Y,Normale,Deux véhicules - côté,3,2,2,0,1,1,1,0,1,70,,2,1,0,1,0,33.0,44.0,,,1,1,4,1,3
202100031641,2021-07-30 09:35:00,2021,7,30,9,35,95,95056,D85,49.101409,2.361285,Plein jour,Hors agglomération,Hors intersection,Normale,Autre collision,3,2,2,0,1,2,1,0,1,70,,1,0,0,0,1,21.0,,,,1,1,1,1,6
202100031642,2021-06-30 17:40:00,2021,6,30,17,40,51,51662,Avenue de Reims,49.289597,4.119262,Plein jour,En agglomération,Intersection en T,Normale,Sans collision,3,2,2,0,1,1,1,0,1,50,,2,1,0,1,0,49.0,,,,1,2,3,1,7
202100031643,2021-06-30 05:40:00,2021,6,30,5,40,79,79174,,46.236897,-0.156845,Crépuscule ou aube,Hors agglomération,Intersection en X,Normale,Deux véhicules - côté,3,2,2,0,1,1,1,5,1,80,,2,1,0,1,0,40.0,16.0,,,2,1,2,1,3
202100031644,2021-06-28 17:29:00,2021,6,28,17,29,11,11304,Rue de Bitrague,42.8762584577,2.1879351366,Plein jour,En agglomération,Intersection en Y,Normale,Autre collision,4,2,2,0,2,3,1,0,1,50,,2,1,0,1,0,57.0,57.0,,,1,2,4,1,6
202100031645,2021-07-01 14:30:00,2021,7,1,14,30,89,89469,D147,48.349679,3.404931,Plein jour,Hors agglomération,Hors intersection,Normale,Sans collision,3,2,2,0,1,1,1,0,3,80,,1,0,0,0,1,65.0,,,,1,1,1,1,7
202100031646,2021-06-29 17:20:00,2021,6,29,17,20,61,61309,D9,48.329265,0.728788,Plein jour,Hors agglomération,Hors intersection,Normale,Deux véhicules - côté,3,2,2,0,1,3,1,0,1,90,,2,1,1,0,0,17.0,28.0,,,1,1,1,1,3