accident_id,datetime,annee,mois,jour,heure,minute,departement,commune_insee,adresse,latitude,longitude,luminosite,agglomeration,intersection,meteo,collision,catr,circ,nbv,vosp,prof,plan,surf,infra,situ,vma,nb_vehicules,nb_usagers,nb_indemnes,nb_tues,nb_blesses_hosp,nb_blesses_legers,age_cond_1,age_cond_2,veh_type_cond_1,veh_type_cond_2,lum_code,agg_code,int_code,atm_code,col_code
202100031647,2021-06-30 15:59:00,2021,6,30,15,59,61,61302,Hameau Bourdon,48.844631,0.08421,Plein jour,Hors agglomération,Hors intersection,Normale,Trois véhicules et plus - collisions multiples,3,2,2,0,2,4,1,0,1,80,,3,1,0,1,1,81.0,48.0,,,1,1,1,1,5
202100031648,2021-07-01 14:15:00,2021,7,1,14,15,12,12043,Le Lac Sud,44.286284,2.502608,Plein jour,Hors agglomération,Intersection en X,Normale,Deux véhicules - côté,2,2,2,0,1,1,1,5,1,80,,2,1,1,0,0,18.0,69.0,,,1,1,2,1,3
202100031649,2021-07-01 06:15:00,2021,7,1,6,15,42,42181,Route de Roanne,45.989225,4.208536,Plein jour,Hors agglomération,Hors intersection,Normale,Sans collision,3,2,2,0,1,3,1,0,1,80,,1,0,0,0,1,19.0,,,,1,1,1,1,7
202100031650,2021-06-30 09:10:00,2021,6,30,9,10,34,34245,Grand Rue,43.420678,2.94719,Plein jour,En agglomération,Intersection en T,Normale,Autre collision,3,2,2,0,1,1,1,0,1,50,,2,1,0,1,0,59.0,,,,1,2,3,1,6
202100031651,2021-06-27 10:20:00,2021,6,27,10,20,01,01116,D32,45.80719,5.606568,Plein jour,Hors agglomération,Hors intersection,Normale,Sans collision,3,2,2,0,2,2,1,0,3,80,,1,0,0,0,1,67.0,,,,1,1,1,1,7
202100031652,2021-06-28 11:15:00,2021,6,28,11,15,01,01066,D1504,45.846589,5.557065,Plein jour,Hors agglomération,Hors intersection,Normale,Deux véhicules - frontale,3,2,2,0,1,3,1,0,1,80,,2,1,0,0,1,24.0,74.0,,,1,1,1,1,1
202100031653,2021-06-29 14:00:00,2021,6,29,14,0,58,58176,129 Route de Nevers,47.026376,3.273717,Plein jour,Hors agglomération,Hors intersection,Pluie légère,Deux véhicules - frontale,3,2,2,0,1,3,2,0,1,50,,3,1,0,1,1,19.0,55.0,,,1,1,1,2,1
202100031654,2021-06-24 14:15:00,2021,6,24,14,15,58,58151,D34,46.905216,3.471122,Plein jour,Hors agglomération,Hors intersection,Normale,Deux véhicules - frontale,3,2,2,0,2,1,1,0,1,80,,4,3,0,0,1,61.0,83.0,,,1,1,1,1,1
202100031655,2021-06-25 20:00:00,2021,6,25,20,0,06,06079,Avenue de Lérins,43.517945,6.93829,Plein jour,Hors agglomération,Hors intersection,Normale,Deux véhicules - côté,3,2,2,0,2,1,1,0,1,50,,2,1,0,1,0,47.0,58.0,,,1,1,1,1,3
202100031656,2021-06-29 12:40:00,2021,6,29,12,40,14,14371,D579,49.055287,0.175792,Plein jour,Hors agglomération,Hors intersection,Pluie légère,Deux véhicules - frontale,3,2,2,0,2,1,2,0,1,90,,2,0,1,0,1,53.0,24.0,,,1,1,1,2,1
202100031657,2021-07-01 18:15:00,2021,7,1,18,15,14,14364,D13,49.17375,-0.665678,Plein jour,Hors agglomération,Intersection en X,Normale,Deux véhicules - frontale,3,2,2,0,1,3,1,0,1,70,,2,1,0,1,0,22.0,22.0,,,1,1,2,1,1
202100031658,2021-07-01 12:00:00,2021,7,1,12,0,09,09189,RN 20,42.635692,1.829013,Plein jour,Hors agglomération,Autre intersection,Normale,Sans collision,2,2,2,0,2,1,1,9,8,80,,1,0,0,1,0,70.0,,,,1,1,9,1,7
202100031659,2021-07-01 06:00:00,2021,7,1,6,0,53,53037,CD21,47.877955,-0.397696,Crépuscule ou aube,Hors agglomération,Hors intersection,Normale,Sans collision,3,2,1,0,2,1,1,9,4,70,,1,0,1,0,0,22.0,,,,2,1,1,1,7
202100031660,2021-07-01 08:50:00,2021,7,1,8,50,21,21356,rd 110,47.0699460754,5.2740958817,Plein jour,Hors agglomération,Intersection en T,Normale,Deux véhicules - frontale,3,2,2,0,1,2,1,0,3,80,,2,0,2,0,0,74.0,66.0,,,1,1,3,1,1
202100031661,2021-06-24 17:50:00,2021,6,24,17,50,27,27017,D6154,48.992468,1.156075,Plein jour,Hors agglomération,Hors intersection,Normale,Deux véhicules - frontale,3,2,2,0,2,1,1,0,1,70,,2,1,0,0,1,63.0,13.0,,,1,1,1,1,1
202100031662,2021-07-01 15:50:00,2021,7,1,15,50,28,28183,D939,48.321745,1.93537,Plein jour,Hors agglomération,Intersection en X,Normale,Deux véhicules - côté,3,2,2,0,1,1,1,0,1,80,,2,1,1,0,0,22.0,52.0,,,1,1,2,1,3
202100031663,2021-07-01 17:40:00,2021,7,1,17,40,17,17337,Route de l'hermitage,45.961092,-1.37004,Plein jour,Hors agglomération,Hors intersection,Normale,Sans collision,4,2,2,0,1,1,1,0,8,-1,,2,1,1,0,0,67.0,,,,1,1,1,1,7
202100031664,2021-06-30 07:40:00,2021,6,30,7,40,17,17093,2 rue de bel air,45.886532,-1.224729,Plein jour,En agglomération,Intersection en X,Normale,Deux véhicules - côté,4,2,2,0,1,1,2,0,1,50,,2,1,0,0,1,22.0,52.0,,,1,2,2,1,3
202100031665,2021-06-30 09:09:00,2021,6,30,9,9,52,52093,Rue des Adieux,47.805722,5.430894,Plein jour,En agglomération,Intersection en X,Pluie légère,Deux véhicules - côté,4,2,2,0,2,1,2,0,1,50,,2,1,0,0,1,42.0,14.0,,,1,2,2,2,3
202100031666,2021-07-01 16:30:00,2021,7,1,16,30,88,88075,Route du Lac de Blanchemer,48.029542,6.994429,Plein jour,Hors agglomération,Hors intersection,Normale,Sans collision,4,2,2,0,2,1,1,0,1,80,,1,0,0,1,0,54.0,,,,1,1,1,1,7
202100031667,2021-06-27 22:19:00,2021,6,27,22,19,88,88310,Chemin latéral,48.03488,5.990059,Nuit sans éclairage public,Hors agglomération,Hors intersection,Normale,Sans collision,4,2,2,0,1,1,1,0,3,80,,1,0,0,0,1,33.0,,,,3,1,1,1,7
202100031668,2021-07-01 04:15:00,2021,7,1,4,15,06,06085,AVENUE DES ALLIES,43.582785,7.009578,Nuit avec éclairage allumé,En agglomération,Intersection en T,Normale,Deux véhicules - côté,3,1,2,0,2,1,1,0,1,50,,3,0,0,2,1,26.0,54.0,,,5,2,3,1,3
202100031669,2021-07-01 15:35:00,2021,7,1,15,35,85,85106,d38,46.96865,-2.24328,Plein jour,Hors agglomération,Intersection en T,Normale,Deux véhicules - frontale,3,2,2,0,1,1,1,0,1,80,,3,1,1,1,0,46.0,22.0,,,1,1,3,1,1
202100031670,2021-06-30 20:00:00,2021,6,30,20,0,02,02280,autoroute A4   PK 89+800,49.10044,3.449251,Crépuscule ou aube,Hors agglomération,Hors intersection,Normale,Sans collision,1,3,4,0,2,2,1,0,2,130,,1,0,0,0,1,60.0,,,,2,1,1,1,7
202100031671,2021-06-30 15:00:00,2021,6,30,15,0,38,38527,Rue de Rif Jany,45.147011,6.052837,Plein jour,Hors agglomération,Hors intersection,Normale,Deux véhicules - frontale,3,2,2,0,2,3,1,0,1,80,,6,0,0,1,5,83.0,64.0,,,1,1,1,1,1
202100031672,2021-06-30 20:00:00,2021,6,30,20,0,13,13032,8 Boulevard Léonce Artaud,43.568418,5.354981,Plein jour,En agglomération,Hors intersection,Normale,Deux véhicules - frontale,7,2,2,0,1,1,1,0,1,50,,3,1,0,0,2,48.0,52.0,,,1,2,1,1,1
202100031673,2021-06-21 15:31:00,2021,6,21,15,31,84,84039,pk 177.380 A7 sens Nord-Sud,44.077204,4.881095,Plein jour,Hors agglomération,Hors intersection,Normale,Autre collision,1,3,3,0,1,1,1,0,2,130,,3,0,3,0,0,71.0,,,,1,1,1,1,6
202100031674,2021-07-01 10:30:00,2021,7,1,10,30,988,98803,Route du Pont du Cap,-21.46565,165.325055,Plein jour,Hors agglomération,Hors intersection,Normale,Autre collision,2,2,2,0,2,1,1,0,3,110,,1,0,0,1,0,33.0,,,,1,1,1,1,6
202100031675,2021-07-01 06:00:00,2021,7,1,6,0,974,97417,Rn2 Basse Vallée,-21.371273,55.711808,Crépuscule ou aube,En agglomération,Hors intersection,Pluie légère,Autre collision,2,2,2,0,1,1,2,0,1,50,,2,1,0,1,0,54.0,,,,2,2,1,2,6
202100031676,2021-06-10 14:38:00,2021,6,10,14,38,33,33199,Cours de la Marne,44.633043,-1.055664,Plein jour,En agglomération,Intersection en T,Normale,Deux véhicules - côté,4,2,2,0,1,1,1,0,1,50,,2,1,0,1,0,23.0,14.0,,,1,2,3,1,3
202100031677,2021-06-30 16:30:00,2021,6,30,16,30,91,91461,D97,48.600367,2.235187,Plein jour,En agglomération,Giratoire,Normale,Autre collision,3,3,4,0,1,1,1,0,1,50,,1,0,0,1,0,30.0,,,,1,2,6,1,6
202100031678,2021-06-30 13:54:00,2021,6,30,13,54,91,91115,D116,48.591205,2.184799,Plein jour,Hors agglomération,Hors intersection,Normale,Deux véhicules - frontale,3,2,2,0,3,1,1,0,1,-1,,2,0,1,1,0,21.0,42.0,,,1,1,1,1,1
202100031679,2021-07-01 00:25:00,2021,7,1,0,25,66,66212,Avenue de Villelongue,42.751282,2.99106,Nuit sans éclairage public,Hors agglomération,Hors intersection,Normale,Autre collision,3,2,2,0,1,1,1,0,1,80,,2,0,0,1,1,16.0,,,,3,1,1,1,6
202100031680,2021-06-29 10:25:00,2021,6,29,10,25,83,83068,D559,43.284579,6.595037,Plein jour,En agglomération,Hors intersection,Temps éblouissant,Autre collision,3,2,2,0,1,1,1,0,1,70,,2,1,0,1,0,38.0,,,,1,2,1,7,6
202100031681,2021-06-20 04:50:00,2021,6,20,4,50,04,04245,RD 13,43.879722,5.845113,Nuit sans éclairage public,En agglomération,Hors intersection,Normale,Sans collision,3,2,2,0,1,2,1,0,3,50,,1,0,0,1,0,31.0,,,,3,2,1,1,7
202100031682,2021-06-27 09:15:00,2021,6,27,9,15,67,67458,Intersection rue d'Ohlungen - route de Wintershouse,48.8191,7.73357,Plein jour,En agglomération,Intersection en Y,Normale,Deux véhicules - côté,3,2,2,0,1,1,1,0,1,50,,2,1,0,1,0,68.0,17.0,,,1,2,4,1,3
202100031683,2021-06-25 20:45:00,2021,6,25,20,45,74,74058,D22 - Ville du Nant,46.285468,6.813068,Nuit avec éclairage allumé,Hors agglomération,Hors intersection,Normale,Deux véhicules - frontale,3,2,2,0,2,2,1,0,3,80,,3,0,0,1,2,57.0,32.0,,,5,1,1,1,1
202100031684,2021-06-28 18:00:00,2021,6,28,18,0,42,42022,Avenue de Sury,45.525064,4.211039,Plein jour,En agglomération,Intersection en X,Normale,Deux véhicules - frontale,3,2,2,1,1,1,1,0,1,50,,2,1,0,0,1,11.0,63.0,,,1,2,2,1,1
202100031685,2021-06-30 23:25:00,2021,6,30,23,25,38,38247,Rue des Carriéres,45.827678,5.420455,Nuit avec éclairage allumé,En agglomération,Giratoire,Normale,Sans collision,4,2,2,0,1,1,1,5,8,50,,7,1,0,0,6,20.0,,,,5,2,6,1,7
202100031686,2021-07-01 01:00:00,2021,7,1,1,0,17,17185,Moulin de chalons,45.721282,-0.966668,Nuit sans éclairage public,Hors agglomération,Hors intersection,Normale,Autre collision,3,2,2,0,1,1,1,0,3,80,,1,0,0,1,0,25.0,,,,3,1,1,1,6
202100031687,2021-07-01 07:15:00,2021,7,1,7,15,16,16146,,45.621208,0.256854,Plein jour,Hors agglomération,Hors intersection,Normale,Deux véhicules - arrière,3,2,2,0,2,3,1,0,1,80,,2,1,0,0,1,,17.0,,,1,1,1,1,2
202100031688,2021-06-22 18:00:00,2021,6,22,18,0,33,33023,D1113,44.694933,-0.492282,Plein jour,Hors agglomération,Intersection en T,Pluie légère,Deux véhicules - côté,3,2,3,0,1,1,2,0,1,70,,2,1,0,1,0,51.0,44.0,,,1,1,3,2,3
202100031689,2021-07-01 18:30:00,2021,7,1,18,30,85,85035,174 Rue de la Grande Sauzaie,46.65374,-1.89503,Plein jour,Hors agglomération,Intersection en T,Normale,Autre collision,3,2,2,0,1,1,1,5,1,80,,3,2,0,1,0,78.0,30.0,,,1,1,3,1,6
202100031690,2021-07-01 00:30:00,2021,7,1,0,30,29,29058,16 Rue des Glénan,47.862489,-3.988377,Nuit avec éclairage allumé,En agglomération,Hors intersection,Normale,Autre collision,4,2,2,0,1,1,1,0,3,50,,5,2,0,0,3,20.0,,,,5,2,1,1,6
202100031691,2021-06-24 13:20:00,2021,6,24,13,20,27,27275,RD 316,49.152338,1.346018,Plein jour,Hors agglomération,Hors intersection,Normale,Autre collision,3,2,3,0,2,2,1,0,3,80,,1,0,0,1,0,66.0,,,,1,1,1,1,6
202100031692,2021-06-29 11:55:00,2021,6,29,11,55,27,27424,D840,48.920723,0.939438,Plein jour,Hors agglomération,Hors intersection,Pluie légère,Deux véhicules - arrière,3,2,2,0,1,1,2,0,1,80,,2,1,0,0,1,25.0,53.0,,,1,1,1,2,2
202100031693,2021-07-01 14:02:00,2021,7,1,14,2,60,60446,18 Rue Beauregard,49.143219,2.799851,Plein jour,En agglomération,Hors intersection,Normale,Sans collision,3,2,2,0,1,4,1,0,1,50,,1,0,0,1,0,19.0,,,,1,2,1,1,7
202100031694,2021-07-01 12:40:00,2021,7,1,12,40,59,59423,Rue de Cassel,50.667193,2.661281,Plein jour,Hors agglomération,Hors intersection,Normale,Deux véhicules - côté,3,2,2,0,1,1,1,0,1,70,,3,1,2,0,0,22.0,20.0,,,1,1,1,1,3
202100031695,2021-06-28 11:20:00,2021,6,28,11,20,59,59350,AUTOROUTE A25,50.6161660159,3.0719874888,Plein jour,Hors agglomération,Hors intersection,Normale,Deux véhicules - côté,1,3,4,0,1,1,1,0,1,70,,2,1,0,1,0,53.0,55.0,,,1,1,1,1,3
202100031696,2021-06-29 05:35:00,2021,6,29,5,35,59,59350,ROUTE NATIONALE 356,50.616487,3.083014,Crépuscule ou aube,Hors agglomération,Hors intersection,Normale,Autre collision,2,3,4,0,1,1,1,0,1,90,,2,1,0,1,0,21.0,,,,2,1,1,1,6
202100031697,2021-06-30 15:20:00,2021,6,30,15,20,94,94021,AUTOROUTE A6B,48.7686,2.3454,Plein jour,Hors agglomération,Hors intersection,Normale,Trois véhicules et plus - en chaîne,1,1,3,0,1,1,1,0,1,90,,3,0,0,1,2,42.0,43.0,,,1,1,1,1,4
202100031698,2021-06-30 15:30:00,2021,6,30,15,30,78,78322,RN12 EXT,48.781623,2.164948,Plein jour,Hors agglomération,Hors intersection,Normale,Deux véhicules - arrière,2,3,4,0,1,1,1,0,1,90,,2,0,0,0,2,23.0,25.0,,,1,1,1,1,2
202100031699,2021-06-30 08:10:00,2021,6,30,8,10,78,78029,A13W,48.963844,1.843377,Plein jour,Hors agglomération,Hors intersection,Normale,Autre collision,1,3,6,0,1,1,1,0,1,110,,1,0,0,0,1,22.0,,,,1,1,1,1,6
202100031700,2021-06-28 22:58:00,2021,6,28,22,58,94,94033,A86.EXT,48.8593412312,2.486201098,Nuit sans éclairage public,Hors agglomération,Hors intersection,Pluie légère,Trois véhicules et plus - en chaîne,1,1,2,0,1,2,2,0,1,90,,4,3,0,0,1,31.0,,,,3,1,1,2,4
202100031701,2021-06-29 17:00:00,2021,6,29,17,0,31,31555,BD DE L EMBOUCHURE,43.611791,1.422091,Plein jour,En agglomération,Hors intersection,Normale,Deux véhicules - côté,4,1,4,3,1,1,1,0,1,50,,2,1,0,1,0,50.0,23.0,,,1,2,1,1,3
202100031702,2021-06-29 13:15:00,2021,6,29,13,15,31,31149,QUERCY (ALLEE DU),43.61166,1.33326,Plein jour,En agglomération,Hors intersection,Normale,Deux véhicules - côté,4,-1,1,0,1,1,1,0,1,50,,2,1,0,1,0,61.0,14.0,,,1,2,1,1,3
202100031703,2021-06-28 18:30:00,2021,6,28,18,30,31,31044,VA007554 LASBORDES A61 Sortie 17,43.59431,1.49363,Plein jour,Hors agglomération,Hors intersection,Normale,Trois véhicules et plus - collisions multiples,1,1,6,0,1,1,1,0,1,90,,5,4,0,0,1,36.0,60.0,,,1,1,1,1,5
202100031704,2021-06-28 14:35:00,2021,6,28,14,35,31,31483,JOFFRE (AVENUE DU MARECHAL),43.1073,0.7194,Plein jour,En agglomération,Hors intersection,Temps couvert,Deux véhicules - arrière,3,2,2,0,1,1,1,0,1,50,,3,2,0,0,1,39.0,60.0,,,1,2,1,8,2
202100031705,2021-06-06 19:00:00,2021,6,6,19,0,28,28220,BIENFAISANCE(RUE),48.42882,1.47393,Plein jour,En agglomération,Intersection en X,Normale,Deux véhicules - frontale,3,1,1,0,1,1,1,0,1,50,,3,1,0,0,2,26.0,,,,1,2,2,1,1
202100031706,2021-06-29 14:58:00,2021,6,29,14,58,22,22113,ARMOR (BOULEVARD D'),48.74641,-3.46665,Plein jour,En agglomération,Giratoire,Normale,Deux véhicules - côté,4,2,2,0,1,1,1,0,1,50,,2,1,0,1,0,79.0,47.0,,,1,2,6,1,3
202100031707,2021-06-29 15:50:00,2021,6,29,15,50,17,17300,MOULIN   AVENUE JEAN,46.143104,-1.139014,Plein jour,En agglomération,Hors intersection,Normale,Deux véhicules - côté,4,2,3,0,1,1,1,9,1,50,,2,1,0,0,1,33.0,40.0,,,1,2,1,1,3
202100031708,2021-06-29 09:20:00,2021,6,29,9,20,17,17028,118 PK RN137 ROCHEFORT JUSTICE,46.14266,-1.10688,Plein jour,Hors agglomération,Hors intersection,Normale,Autre collision,2,2,5,0,1,1,2,2,1,90,,1,0,0,0,1,21.0,,,,1,1,1,1,6
202100031709,2021-06-12 23:30:00,2021,6,12,23,30,14,14220,D513,49.3599,0.080938,Nuit avec éclairage allumé,En agglomération,Giratoire,Normale,Sans collision,3,3,2,0,1,2,1,5,1,50,,5,4,0,0,1,22.0,47.0,,,5,2,6,1,7
202100031710,2021-06-28 15:30:00,2021,6,28,15,30,14,14341,N814,49.14587,-0.33757,Plein jour,Hors agglomération,Hors intersection,Normale,Deux véhicules - arrière,2,1,2,0,1,3,1,0,1,70,,2,1,0,0,1,34.0,75.0,,,1,1,1,1,2
202100031711,2021-06-29 16:00:00,2021,6,29,16,0,13,13213,FRANÇOIS CAMOIN (RUE),43.3542239632,5.4406656126,Plein jour,En agglomération,Intersection en X,Normale,Deux véhicules - côté,4,2,2,0,1,1,1,0,1,50,,2,0,0,0,2,22.0,57.0,,,1,2,2,1,3
202100031712,2021-06-29 06:30:00,2021,6,29,6,30,13,13211,ROUGUIERE (ALLÉE DE LA ),43.29332,5.45501,Plein jour,En agglomération,Intersection en T,Normale,Deux véhicules - arrière,7,2,3,1,1,1,1,0,1,50,,3,2,0,0,1,28.0,58.0,,,1,2,3,1,2
202100031713,2021-06-29 08:30:00,2021,6,29,8,30,13,13207,CORSE (AVENUE DE LA),43.2889660513,5.3612467536,Plein jour,En agglomération,Hors intersection,Normale,Deux véhicules - côté,4,2,5,3,2,1,1,0,1,50,,2,1,0,0,1,27.0,,,,1,2,1,1,3
202100031714,2021-06-29 00:05:00,2021,6,29,0,5,13,13210,MAURIAC (RUE),43.27342,5.42012,Nuit avec éclairage allumé,En agglomération,Hors intersection,Normale,Deux véhicules - arrière,4,2,2,0,2,2,1,0,1,50,,3,1,0,0,2,,23.0,,,5,2,1,1,2
202100031715,2021-06-23 10:20:00,2021,6,23,10,20,13,13028,PEPINIERE (CHEMIN DE LA),43.1909105899,5.60059701,Plein jour,En agglomération,Hors intersection,Normale,Autre collision,4,2,2,0,1,1,1,0,1,50,,2,1,0,0,1,49.0,,,,1,2,1,1,6
202100031716,2021-06-28 09:50:00,2021,6,28,9,50,11,11069,ROCADE SUD RD 6161,43.22443,2.328,Plein jour,Hors agglomération,Hors intersection,Normale,Deux véhicules - arrière,3,2,2,0,4,1,1,0,1,80,,2,1,0,0,1,34.0,77.0,,,1,1,1,1,2
202100031717,2021-06-28 22:14:00,2021,6,28,22,14,10,10387,VOULDY (CHAUSSEE DU),48.29197,4.08661,Nuit avec éclairage allumé,En agglomération,Hors intersection,Pluie légère,Sans collision,4,2,2,0,1,1,2,9,1,50,,1,0,0,0,1,19.0,,,,5,2,1,2,7
202100031718,2021-06-28 13:42:00,2021,6,28,13,42,10,10362,PIERRE BROSSOLETTE (RUE),48.2934,4.0566,Plein jour,En agglomération,Hors intersection,Normale,Autre collision,4,1,1,0,2,1,1,9,1,30,,2,1,0,0,1,38.0,,,,1,2,1,1,6
202100031719,2021-06-28 20:03:00,2021,6,28,20,3,06,06088,LYAUTEY (AV. DU MAL),43.71737,7.2816,Plein jour,En agglomération,Hors intersection,Normale,Autre collision,4,2,0,0,1,1,1,0,1,50,,2,1,0,0,1,23.0,,,,1,2,1,1,6
202100031720,2021-06-29 07:25:00,2021,6,29,7,25,06,06069,MARIGARDE (ROUTE DE LA),43.655332,6.941387,Plein jour,En agglomération,Hors intersection,Normale,Deux véhicules - côté,3,2,2,0,1,2,1,0,1,50,,2,1,0,0,1,49.0,27.0,,,1,2,1,1,3
202100031721,2021-06-28 08:15:00,2021,6,28,8,15,06,06004,CANNES(RN.7) AV.DE,43.575042,7.094204,Plein jour,En agglomération,Intersection en T,Normale,Deux véhicules - côté,4,2,2,0,1,1,1,0,1,50,,2,1,0,0,1,31.0,55.0,,,1,2,3,1,3
202100031722,2021-06-28 19:17:00,2021,6,28,19,17,05,05061,STE MARGUERITE ( ROUTE DE ),44.54728,6.0751,Plein jour,En agglomération,Intersection en T,Normale,Deux véhicules - frontale,4,2,2,0,1,1,1,0,1,50,,3,1,0,0,2,25.0,38.0,,,1,2,3,1,1
202100031723,2021-06-28 13:00:00,2021,6,28,13,0,04,04112,Inter bd des Lavandes / Rue Leon MureLAVANDES (BOULEVARD DES),43.8313851711,5.7785399518,Plein jour,En agglomération,Intersection en Y,Normale,Deux véhicules - côté,4,2,2,0,4,2,1,0,1,50,,3,0,0,0,3,40.0,20.0,,,1,2,4,1,3
202100031724,2021-06-29 19:40:00,2021,6,29,19,40,01,01283,ECUYER (EMILE),46.255349,5.646656,Plein jour,En agglomération,Intersection en X,Pluie forte,Deux véhicules - côté,4,2,2,0,1,1,2,0,1,50,,5,0,0,0,5,19.0,20.0,,,1,2,2,3,3
202100031725,2021-06-28 17:05:00,2021,6,28,17,5,75,75120,PORTE DE BAGNOLET,48.869643,2.413267,Plein jour,En agglomération,Hors intersection,Normale,Deux véhicules - arrière,4,1,4,0,1,1,1,0,1,70,,3,1,0,0,2,,24.0,,,1,2,1,1,2
202100031726,2021-06-29 15:30:00,2021,6,29,15,30,75,75120,AVENUE BENOIT FRACHON,48.85212,2.415703,Plein jour,En agglomération,Intersection en T,Normale,Autre collision,4,2,2,0,1,1,1,0,1,50,,2,1,0,0,1,28.0,,,,1,2,3,1,6
202100031727,2021-06-29 09:00:00,2021,6,29,9,0,75,75119,AVENUE DE FLANDRE,48.881366,2.377555,Plein jour,En agglomération,Hors intersection,Pluie légère,Deux véhicules - arrière,4,3,2,0,1,1,2,0,1,50,,2,1,0,0,1,58.0,39.0,,,1,2,1,2,2
202100031728,2021-06-29 00:30:00,2021,6,29,0,30,75,75119,BOULEVARD D ALGERIE,48.88247,2.400081,Nuit avec éclairage allumé,En agglomération,Hors intersection,Normale,Deux véhicules - frontale,4,2,2,0,2,3,1,0,1,50,,2,1,0,1,0,32.0,48.0,,,5,2,1,1,1
202100031729,2021-06-29 14:20:00,2021,6,29,14,20,75,75118,BOULEVARD DE LA CHAPELLE,48.884476,2.3648,Plein jour,En agglomération,Intersection en X,Normale,Deux véhicules - côté,4,3,3,0,1,1,1,0,1,50,,3,1,0,0,2,26.0,55.0,,,1,2,2,1,3
202100031730,2021-06-29 16:50:00,2021,6,29,16,50,75,75117,RUE BERZELIUS,48.891917,2.317945,Plein jour,En agglomération,Intersection en T,Normale,Autre collision,4,2,2,0,1,1,2,0,1,30,,2,1,0,0,1,54.0,,,,1,2,3,1,6
202100031731,2021-06-29 16:53:00,2021,6,29,16,53,75,75114,RUE DES PLANTES,48.829302,2.322665,Plein jour,En agglomération,Intersection en X,Pluie légère,Trois véhicules et plus - en chaîne,4,1,1,0,1,1,2,0,1,50,,5,4,0,0,1,60.0,54.0,,,1,2,2,2,4
202100031732,2021-06-29 10:45:00,2021,6,29,10,45,75,75113,RUE DE TOLBIAC,48.826148,2.357293,Plein jour,En agglomération,Intersection en X,Temps couvert,Deux véhicules - côté,4,2,3,0,1,1,2,0,1,50,,2,1,0,0,1,47.0,31.0,,,1,2,2,8,3
202100031733,2021-06-29 18:35:00,2021,6,29,18,35,75,75111,AVENUE DE LA REPUBLIQUE,48.863556,2.383556,Plein jour,En agglomération,Hors intersection,Normale,Deux véhicules - côté,4,1,4,0,1,1,2,0,1,50,,2,0,0,0,2,27.0,38.0,,,1,2,1,1,3
202100031734,2021-06-29 23:30:00,2021,6,29,23,30,75,75108,RUE ROY,48.875577,2.318375,Nuit avec éclairage allumé,En agglomération,Intersection en T,Normale,Deux véhicules - côté,4,1,1,0,1,1,1,0,1,50,,3,2,0,0,1,40.0,54.0,,,5,2,3,1,3
202100031735,2021-06-29 17:50:00,2021,6,29,17,50,75,75108,RUE SAINT LAZARE,48.875613,2.32709,Plein jour,En agglomération,Hors intersection,Pluie légère,Deux véhicules - arrière,4,2,4,0,1,1,2,0,1,50,,2,1,0,0,1,27.0,30.0,,,1,2,1,2,2
202100031736,2021-06-29 00:15:00,2021,6,29,0,15,75,75108,PLACE DU GENERAL BROCARD,48.878153,2.305104,Nuit avec éclairage allumé,En agglomération,Place,Normale,Deux véhicules - côté,4,1,2,0,1,1,1,5,1,50,,2,1,0,0,1,,37.0,,,5,2,7,1,3
202100031737,2021-06-29 08:40:00,2021,6,29,8,40,75,75107,BOULEVARD DES INVALIDES,48.848281,2.315776,Plein jour,En agglomération,Intersection en T,Pluie légère,Deux véhicules - côté,4,2,6,1,1,1,2,0,5,50,,2,1,0,0,1,31.0,53.0,,,1,2,3,2,3
202100031738,2021-06-29 07:45:00,2021,6,29,7,45,75,75107,PONT ALEXANDRE III,48.86286,2.313447,Plein jour,En agglomération,Intersection en X,Pluie légère,Deux véhicules - côté,4,2,8,0,1,1,2,2,1,50,,2,1,0,0,1,53.0,23.0,,,1,2,2,2,3
202100031739,2021-06-29 00:35:00,2021,6,29,0,35,75,75107,BOULEVARD DE LA TOUR MAUBOURG,48.85727,2.309944,Nuit avec éclairage allumé,En agglomération,Intersection en X,Normale,Autre collision,4,2,2,0,1,1,1,0,1,50,,1,0,0,0,1,40.0,,,,5,2,2,1,6
202100031740,2021-06-29 08:10:00,2021,6,29,8,10,75,75103,BOULEVARD DE SEBASTOPOL,48.868672,2.353895,Plein jour,En agglomération,Intersection en X,Pluie légère,Deux véhicules - arrière,4,2,5,0,1,1,2,0,1,30,,2,1,0,0,1,,62.0,,,1,2,2,2,2
202100031741,2021-06-28 21:33:00,2021,6,28,21,33,75,75103,BOULEVARD DES FILLES DU CALVAIRE,48.86247,2.366894,Nuit avec éclairage allumé,En agglomération,Intersection en X,Normale,Deux véhicules - côté,4,2,4,2,1,1,1,0,5,50,,2,1,0,0,1,20.0,,,,5,2,2,1,3
202100031742,2021-06-28 12:00:00,2021,6,28,12,0,75,75104,BOULEVARD BOURDON,48.85137,2.367502,Plein jour,En agglomération,Hors intersection,Normale,Autre collision,4,1,2,0,1,1,1,0,1,50,,2,1,0,1,0,30.0,,,,1,2,1,1,6
202100031743,2021-06-29 14:08:00,2021,6,29,14,8,94,94081,COMMUNE DE PARIS (AV DE LA),48.78269,2.39363,Plein jour,En agglomération,Intersection en X,Normale,Deux véhicules - côté,3,3,6,0,1,1,1,5,1,50,,2,1,0,0,1,37.0,22.0,,,1,2,2,1,3