accident_id,datetime,annee,mois,jour,heure,minute,departement,commune_insee,adresse,latitude,longitude,luminosite,agglomeration,intersection,meteo,collision,catr,circ,nbv,vosp,prof,plan,surf,infra,situ,vma,nb_vehicules,nb_usagers,nb_indemnes,nb_tues,nb_blesses_hosp,nb_blesses_legers,age_cond_1,age_cond_2,veh_type_cond_1,veh_type_cond_2,lum_code,agg_code,int_code,atm_code,col_code
202100031744,2021-06-29 18:35:00,2021,6,29,18,35,94,94067,FOCH (AV),48.84483,2.42086,Crépuscule ou aube,En agglomération,Intersection à plus de 4 branches,Pluie légère,Autre collision,3,2,2,0,1,1,2,5,1,30,,2,1,0,0,1,45.0,,,,2,2,5,2,6
202100031745,2021-06-29 13:41:00,2021,6,29,13,41,94,94044,Avenue Gabriel Péri,48.7547,2.48458,Plein jour,En agglomération,Hors intersection,Normale,Deux véhicules - côté,3,2,0,0,1,1,1,0,1,50,,2,1,0,0,1,34.0,30.0,,,1,2,1,1,3
202100031746,2021-06-29 13:25:00,2021,6,29,13,25,94,94021,Rue du Poitou,48.77595,2.35993,Plein jour,En agglomération,Hors intersection,Normale,Deux véhicules - côté,4,2,2,0,1,1,1,0,1,50,,2,1,0,0,1,,44.0,,,1,2,1,1,3
202100031747,2021-06-29 09:00:00,2021,6,29,9,0,94,94028,Rue des Mèches,48.79261,2.45857,Plein jour,En agglomération,Hors intersection,Pluie forte,Deux véhicules - côté,3,3,4,0,2,1,2,0,1,50,,2,1,0,0,1,41.0,52.0,,,1,2,1,3,3
202100031748,2021-06-28 16:00:00,2021,6,28,16,0,94,94077,GUILLAUME DU VAIR (R),48.737422229,2.4059281695,Plein jour,En agglomération,Hors intersection,Normale,Autre collision,4,2,2,0,4,1,1,0,4,50,,2,1,0,0,1,31.0,,,,1,2,1,1,6
202100031749,2021-06-29 18:15:00,2021,6,29,18,15,94,94058,GABRIEL PERI (AV),48.83717,2.50974,Plein jour,En agglomération,Hors intersection,Pluie légère,Autre collision,4,1,1,0,1,1,2,0,1,50,,1,0,0,1,0,24.0,,,,1,2,1,2,6
202100031750,2021-06-28 23:15:00,2021,6,28,23,15,93,93073,CHAPIT RE ( RUE DU),49.00872,2.56626,Nuit avec éclairage allumé,En agglomération,Hors intersection,Normale,Deux véhicules - frontale,4,1,2,0,1,1,2,2,1,50,,1,0,0,0,1,48.0,,,,5,2,1,1,1
202100031751,2021-06-29 13:25:00,2021,6,29,13,25,93,93066,"""PERI GABRIEL, NR 2  A 114 ET 1 A 133""",48.939232,2.356511,Plein jour,En agglomération,Hors intersection,Normale,Deux véhicules - frontale,4,1,1,0,1,1,1,0,1,30,,1,0,0,0,1,29.0,,,,1,2,1,1,1
202100031752,2021-06-27 02:15:00,2021,6,27,2,15,93,93066,Boulevard de la Libération,48.928103,2.341346,Nuit avec éclairage allumé,En agglomération,Hors intersection,Pluie légère,Trois véhicules et plus - collisions multiples,3,2,3,1,1,1,2,0,1,50,,4,1,0,2,1,,38.0,,,5,2,1,2,5
202100031753,2021-06-29 09:36:00,2021,6,29,9,36,93,93062,CHATEAU D'EAU (ALLEE DU) 26 - FIN,48.89631,2.52915,Plein jour,En agglomération,Intersection en X,Pluie légère,Autre collision,3,2,2,0,1,1,2,0,1,30,,2,1,0,0,1,39.0,,,,1,2,2,2,6
202100031754,2021-06-29 15:20:00,2021,6,29,15,20,93,93008,Avenue Jean Jaures,48.904915,2.439543,Plein jour,En agglomération,Hors intersection,Temps couvert,Autre collision,4,1,2,3,1,1,1,9,6,50,,2,1,0,0,1,,,,,1,2,1,8,6
202100031755,2021-06-29 19:25:00,2021,6,29,19,25,93,93048,PROGRES (RUE DU),48.85197,2.42293,Crépuscule ou aube,En agglomération,Hors intersection,Pluie légère,Deux véhicules - côté,3,1,1,2,1,1,2,9,5,30,,3,1,0,0,2,44.0,35.0,,,2,2,1,2,3
202100031756,2021-06-28 14:40:00,2021,6,28,14,40,93,93006,GIRARDOT RUE,48.87474,2.425399,Plein jour,En agglomération,Intersection en T,Normale,Deux véhicules - côté,3,2,0,0,2,1,1,0,1,30,,2,1,0,0,1,54.0,23.0,,,1,2,3,1,3
202100031757,2021-06-29 06:50:00,2021,6,29,6,50,93,93008,PARIS (RUE DE),48.89999,2.44958,Plein jour,En agglomération,Hors intersection,Normale,Deux véhicules - côté,3,1,2,1,1,1,1,0,5,50,,4,3,0,1,0,31.0,37.0,,,1,2,1,1,3
202100031758,2021-06-29 07:50:00,2021,6,29,7,50,93,93001,JEAN JAURES  (AVE)  157 A 213,48.913352,2.402514,Plein jour,En agglomération,Intersection en X,Pluie légère,Deux véhicules - côté,3,1,2,0,1,1,2,0,1,50,,2,1,0,0,1,42.0,23.0,,,1,2,2,2,3
202100031759,2021-06-29 14:00:00,2021,6,29,14,0,92,92044,ANA.FRANCE(RUE)77A139 ET 74A124,48.8935496088,2.2837055634,Plein jour,En agglomération,Hors intersection,Normale,Autre collision,4,1,2,0,1,1,1,0,1,50,,1,0,0,0,1,29.0,,,,1,2,1,1,6
202100031760,2021-06-26 13:15:00,2021,6,26,13,15,92,92044,VIC. HUGO(RUE)001A067 ET002A078,48.89489,2.29767,Plein jour,En agglomération,Hors intersection,Normale,Autre collision,3,2,3,3,1,1,1,0,1,50,,2,1,0,0,1,43.0,,,,1,2,1,1,6
202100031761,2021-06-29 09:15:00,2021,6,29,9,15,92,92040,RESISTANCE (PLACE DE LA),48.821407,2.250291,Plein jour,En agglomération,Giratoire,Pluie légère,Sans collision,3,1,2,1,1,3,2,0,5,50,,1,0,0,0,1,29.0,,,,1,2,6,2,7
202100031762,2021-06-28 19:53:00,2021,6,28,19,53,92,92026,SAINT-DENIS BD (120 A 174 / DE 199 A 315,48.89909,2.26656,Plein jour,En agglomération,Hors intersection,Pluie légère,Deux véhicules - arrière,3,2,2,0,1,1,2,0,1,50,,2,1,0,0,1,40.0,20.0,,,1,2,1,2,2
202100031763,2021-06-28 14:45:00,2021,6,28,14,45,92,92025,KLEBER (AV),48.93089,2.24436,Plein jour,En agglomération,Intersection en X,Normale,Deux véhicules - arrière,3,2,4,0,1,1,1,5,1,50,,2,1,0,0,1,33.0,44.0,,,1,2,2,1,2
202100031764,2021-06-28 18:30:00,2021,6,28,18,30,92,92024,GENERAL LECLERC (BD DU) (9 A 59)   (4 A,48.9023976827,2.3139425885,Plein jour,En agglomération,Intersection en X,Normale,Autre collision,4,2,2,0,1,1,1,0,1,50,,2,1,0,0,1,62.0,,,,1,2,2,1,6
202100031765,2021-06-29 19:15:00,2021,6,29,19,15,92,92012,JEAN JAURES (BOULEVARD) 217/FIN - 210/FI,48.8253822455,2.2482168674,Plein jour,En agglomération,Giratoire,Pluie légère,Sans collision,3,1,-1,-1,1,1,2,5,1,-1,,2,1,0,0,1,35.0,,,,1,2,6,2,7
202100031766,2021-06-29 12:53:00,2021,6,29,12,53,92,92012,GALLIENI (RUE) 55/157 - 50/140,48.837582,2.247948,Plein jour,En agglomération,Intersection en X,Normale,Autre collision,4,2,3,1,1,1,1,0,5,50,,3,1,0,0,2,57.0,16.0,,,1,2,2,1,6
202100031767,2021-06-29 09:10:00,2021,6,29,9,10,92,92012,JEAN BAPTISTE CLEMENT (AVENUE) 1/47 - 2/,48.846584,2.238667,Plein jour,En agglomération,Intersection en X,Temps couvert,Deux véhicules - côté,4,2,2,0,1,1,1,0,1,30,,2,1,0,0,1,26.0,47.0,,,1,2,2,8,3
202100031768,2021-06-25 16:10:00,2021,6,25,16,10,95,95313,Grande Rue,49.112166,2.217323,Plein jour,En agglomération,Hors intersection,Pluie légère,Autre collision,3,1,2,0,1,1,2,0,1,50,,2,1,0,1,0,56.0,,,,1,2,1,2,6
202100031769,2021-06-29 08:15:00,2021,6,29,8,15,42,42166,Route de Saligny,45.982659,4.077309,Crépuscule ou aube,Hors agglomération,Intersection en Y,Pluie forte,Deux véhicules - frontale,3,2,2,0,2,3,8,0,1,80,,2,1,0,1,0,33.0,74.0,,,2,1,4,3,1
202100031770,2021-06-29 19:10:00,2021,6,29,19,10,13,13078,avenue du port,43.393904,4.797893,Plein jour,En agglomération,Intersection en X,Normale,Deux véhicules - côté,7,2,2,0,1,1,1,0,1,50,,2,1,0,0,1,26.0,34.0,,,1,2,2,1,3
202100031771,2021-06-28 13:30:00,2021,6,28,13,30,87,87038,Lieu Dit la Pacaille,45.917318,1.233628,Plein jour,Hors agglomération,Hors intersection,Normale,Deux véhicules - côté,3,2,2,0,2,1,1,0,1,70,,2,1,0,1,0,14.0,14.0,,,1,1,1,1,3
202100031772,2021-06-30 12:15:00,2021,6,30,12,15,51,51113,D951/D933,48.8808387772,3.7758059757,Plein jour,En agglomération,Giratoire,Pluie légère,Deux véhicules - côté,3,-1,2,0,1,1,2,0,1,50,,2,1,0,1,0,27.0,67.0,,,1,2,6,2,3
202100031773,2021-06-29 14:40:00,2021,6,29,14,40,74,74085,2183 Rte de Saint Gervais,45.841048,6.72922,Plein jour,Hors agglomération,Hors intersection,Temps couvert,Autre collision,3,2,2,1,1,2,1,0,3,70,,4,3,0,0,1,76.0,,,,1,1,1,8,6
202100031774,2021-06-30 18:50:00,2021,6,30,18,50,77,77242,rue d'en bas,48.498603,3.234208,Plein jour,En agglomération,Intersection en T,Normale,Deux véhicules - côté,4,2,2,0,1,1,1,0,1,50,,2,1,0,0,1,51.0,10.0,,,1,2,3,1,3
202100031775,2021-06-27 10:50:00,2021,6,27,10,50,41,41164,Route Departementale 976,47.271666,1.406475,Plein jour,Hors agglomération,Hors intersection,Pluie légère,Sans collision,3,2,2,0,1,1,2,0,3,90,,3,1,1,0,1,60.0,22.0,,,1,1,1,2,7
202100031776,2021-06-30 08:40:00,2021,6,30,8,40,34,34251,D25,43.774611,3.396728,Plein jour,Hors agglomération,Hors intersection,Normale,Deux véhicules - côté,3,2,2,0,2,4,1,0,1,80,,2,1,0,0,1,53.0,54.0,,,1,1,1,1,3
202100031777,2021-06-30 09:15:00,2021,6,30,9,15,22,22131,Milin Creis,48.5332555392,-3.4680694342,Plein jour,Hors agglomération,Intersection en Y,Normale,Deux véhicules - côté,3,2,2,0,1,1,1,0,1,80,,2,1,0,0,1,17.0,42.0,,,1,1,4,1,3
202100031778,2021-06-29 13:50:00,2021,6,29,13,50,35,35290,Rue de la Grotte,48.093022,-2.098748,Plein jour,En agglomération,Intersection en T,Normale,Deux véhicules - frontale,3,2,2,0,1,1,1,0,1,50,,2,1,0,1,0,17.0,34.0,,,1,2,3,1,1
202100031779,2021-06-29 15:50:00,2021,6,29,15,50,26,26191,325 A Rue Noe et Celie Poncet,44.545757,4.796267,Plein jour,Hors agglomération,Hors intersection,Normale,Deux véhicules - côté,4,2,2,0,1,1,1,0,1,50,,2,1,0,0,1,21.0,56.0,,,1,1,1,1,3
202100031780,2021-06-28 17:05:00,2021,6,28,17,5,50,50029,62 Rue Pierre Crestey,48.599234,-0.832376,Plein jour,En agglomération,Hors intersection,Normale,Autre collision,3,2,2,0,1,1,1,0,1,50,,2,1,0,0,1,48.0,,,,1,2,1,1,6
202100031781,2021-06-30 07:30:00,2021,6,30,7,30,07,07292,D578,45.155646,4.690969,Plein jour,Hors agglomération,Intersection en T,Normale,Deux véhicules - frontale,3,2,2,0,2,3,1,0,1,70,,2,1,0,0,1,63.0,16.0,,,1,1,3,1,1
202100031782,2021-06-27 18:00:00,2021,6,27,18,0,17,17482,Rue de la Laiterie,46.149372,-0.805092,Plein jour,En agglomération,Intersection en Y,Normale,Deux véhicules - frontale,3,2,2,0,1,1,1,0,1,50,,3,1,0,0,2,18.0,23.0,,,1,2,4,1,1
202100031783,2021-06-25 16:00:00,2021,6,25,16,0,987,98734,PK 35.000 RT1,-17.758823,-149.515493,Plein jour,En agglomération,Hors intersection,Normale,Autre collision,2,2,2,0,1,1,1,0,3,60,,1,0,0,1,0,45.0,,,,1,2,1,1,6
202100031784,2021-06-28 12:25:00,2021,6,28,12,25,10,10092,Autoroute A5,48.171604668,4.3170297144,Plein jour,Hors agglomération,Hors intersection,Normale,Deux véhicules - arrière,1,3,4,0,1,1,1,0,1,130,,3,1,1,0,1,25.0,33.0,,,1,1,1,1,2
202100031785,2021-06-30 08:45:00,2021,6,30,8,45,34,34333,RD 612,43.475159,3.770843,Plein jour,Hors agglomération,Hors intersection,Normale,Deux véhicules - côté,3,2,2,0,1,1,1,0,1,90,,2,1,0,1,0,51.0,21.0,,,1,1,1,1,3
202100031786,2021-06-30 11:48:00,2021,6,30,11,48,67,67125,A35 pK 431.900,48.337424,7.499671,Plein jour,Hors agglomération,Hors intersection,Normale,Trois véhicules et plus - en chaîne,1,1,4,0,1,1,1,0,1,130,,6,4,1,0,1,53.0,73.0,,,1,1,1,1,4
202100031787,2021-06-20 00:55:00,2021,6,20,0,55,06,06085,Route du Cannet,43.582776,7.009566,Nuit avec éclairage allumé,En agglomération,Intersection en X,Normale,Deux véhicules - côté,3,1,2,0,1,1,1,0,1,50,,4,2,0,1,1,23.0,38.0,,,5,2,2,1,3
202100031788,2021-06-15 06:45:00,2021,6,15,6,45,45,45332,D42-18+250,47.848845,2.669824,Plein jour,Hors agglomération,Hors intersection,Normale,Autre collision,3,2,2,0,1,1,1,0,3,70,,1,0,0,1,0,54.0,,,,1,1,1,1,6
202100031789,2021-06-26 20:06:00,2021,6,26,20,6,45,45297,66 Rue de Paris,47.78061,2.374592,Plein jour,En agglomération,Giratoire,Normale,Deux véhicules - frontale,3,2,2,0,1,1,1,0,1,50,,2,1,0,0,1,59.0,19.0,,,1,2,6,1,1
202100031790,2021-06-11 20:30:00,2021,6,11,20,30,77,77377,zone industrielle des presles,48.728265,2.727076,Plein jour,Hors agglomération,Autre intersection,Normale,Autre collision,4,-1,-1,0,1,1,1,0,1,50,,1,0,1,0,0,49.0,,,,1,1,9,1,6
202100031791,2021-06-30 10:15:00,2021,6,30,10,15,2B,2B148,Route territoriale 205 - Hors agglomération,42.542279,9.442534,Plein jour,Hors agglomération,Hors intersection,Normale,Deux véhicules - côté,2,2,2,0,1,1,1,0,1,80,,2,1,0,1,0,44.0,81.0,,,1,1,1,1,3
202100031792,2021-06-24 18:00:00,2021,6,24,18,0,34,34145,N113,43.686448,4.154935,Plein jour,Hors agglomération,Giratoire,Normale,Deux véhicules - côté,2,1,2,0,1,4,1,5,1,80,,3,2,0,0,1,69.0,27.0,,,1,1,6,1,3
202100031793,2021-06-04 17:15:00,2021,6,4,17,15,13,13007,RD 45 A,43.336603,5.647697,Plein jour,Hors agglomération,Hors intersection,Normale,Sans collision,7,2,2,0,2,1,1,0,1,80,,1,0,0,1,0,50.0,,,,1,1,1,1,7
202100031794,2021-06-29 10:30:00,2021,6,29,10,30,68,68247,D430,47.929068,7.019899,Plein jour,Hors agglomération,Hors intersection,Brouillard / fumée,Autre collision,3,2,2,0,2,2,2,0,3,80,,1,0,0,1,0,61.0,,,,1,1,1,5,6
202100031795,2021-06-29 21:00:00,2021,6,29,21,0,63,63213,lieu dit Les Bordes,45.845722,3.28017,Plein jour,Hors agglomération,Hors intersection,Normale,Sans collision,3,2,2,0,1,3,2,0,8,80,,1,0,0,1,0,37.0,,,,1,1,1,1,7
202100031796,2021-06-29 20:50:00,2021,6,29,20,50,38,38315,27 Avenue de la Folatière,45.536648,5.660378,Nuit avec éclairage allumé,En agglomération,Intersection en X,Pluie forte,Deux véhicules - côté,3,1,1,0,1,1,2,0,1,50,,2,1,0,0,1,48.0,21.0,,,5,2,2,3,3
202100031797,2021-06-29 15:20:00,2021,6,29,15,20,26,26347,71 Avenue Jean Jaurés,45.069976,4.839003,Plein jour,En agglomération,Intersection en X,Normale,Autre collision,2,2,2,0,1,1,1,0,1,50,,2,1,0,1,0,55.0,,,,1,2,2,1,6
202100031798,2021-06-30 18:00:00,2021,6,30,18,0,26,26084,Route de Chateauneuf,45.016955,4.938108,Plein jour,Hors agglomération,Hors intersection,Normale,Deux véhicules - arrière,3,2,2,0,1,1,1,2,1,80,,3,1,0,1,1,48.0,57.0,,,1,1,1,1,2
202100031799,2021-06-28 14:40:00,2021,6,28,14,40,13,13211,A50-Sens Aubagne vers Marseille,43.2878,5.4406,Crépuscule ou aube,Hors agglomération,Hors intersection,Normale,Deux véhicules - arrière,1,1,3,0,1,1,1,0,1,90,,1,0,0,0,1,38.0,,,,2,1,1,1,2
202100031800,2021-06-29 02:00:00,2021,6,29,2,0,13,13071,A55-Sens Martigues vers Marseille,43.40063,5.29803,Nuit sans éclairage public,Hors agglomération,Hors intersection,Normale,Deux véhicules - arrière,1,1,3,0,2,2,1,3,1,90,,8,2,0,1,5,25.0,37.0,,,3,1,1,1,2
202100031801,2021-06-24 04:15:00,2021,6,24,4,15,69,69199,A7   7.000 A 8.630,45.6847605063,4.8470590711,Nuit avec éclairage allumé,Hors agglomération,Hors intersection,Pluie légère,Deux véhicules - arrière,1,3,6,0,1,1,2,0,1,70,,2,1,0,0,1,74.0,18.0,,,5,1,1,2,2
202100031802,2021-04-24 10:00:00,2021,4,24,10,0,69,69193,A7,45.5067202698,4.8425942659,Plein jour,Hors agglomération,Hors intersection,Normale,Autre collision,1,3,6,0,1,1,1,0,1,130,,2,1,0,0,1,21.0,52.0,,,1,1,1,1,6
202100031803,2021-06-28 18:10:00,2021,6,28,18,10,42,42330,A72,45.47586,4.35905,Plein jour,Hors agglomération,Hors intersection,Normale,Autre collision,1,3,7,0,1,1,1,0,1,90,,1,0,0,0,1,28.0,,,,1,1,1,1,6
202100031804,2021-06-25 16:45:00,2021,6,25,16,45,33,33122,,44.74163,-0.70913,Plein jour,Hors agglomération,Hors intersection,Normale,Deux véhicules - arrière,1,3,4,0,1,1,1,0,1,110,,5,3,0,0,2,21.0,37.0,,,1,1,1,1,2
202100031805,2021-06-29 08:43:00,2021,6,29,8,43,94,94034,AUTOROUTE A6B,48.75131,2.32954,Plein jour,Hors agglomération,Hors intersection,Pluie légère,Sans collision,1,3,3,0,1,1,2,0,1,110,,1,0,0,0,1,48.0,,,,1,1,1,2,7
202100031806,2021-06-29 09:00:00,2021,6,29,9,0,78,78208,RN12 INT,48.799579,1.984746,Plein jour,Hors agglomération,Hors intersection,Pluie légère,Deux véhicules - arrière,2,3,4,0,1,1,2,0,1,110,,2,1,0,0,1,56.0,58.0,,,1,1,1,2,2
202100031807,2021-06-29 19:50:00,2021,6,29,19,50,95,95582,RD 170,48.96416,2.26856,Plein jour,Hors agglomération,Hors intersection,Pluie légère,Autre collision,3,3,4,0,1,1,2,0,1,70,,1,0,0,0,1,22.0,,,,1,1,1,2,6
202100031808,2021-06-29 18:00:00,2021,6,29,18,0,93,93078,AUTOROUTE A104,48.96367,2.52134,Plein jour,Hors agglomération,Hors intersection,Pluie légère,Sans collision,1,3,6,0,1,1,2,0,1,110,,1,0,0,0,1,23.0,,,,1,1,1,2,7
202100031809,2021-06-29 19:25:00,2021,6,29,19,25,93,93006,AUTOROUTE A3,48.8668,2.42553,Plein jour,Hors agglomération,Hors intersection,Pluie légère,Deux véhicules - arrière,1,3,8,0,1,1,2,0,1,70,,3,1,0,0,2,35.0,25.0,,,1,1,1,2,2
202100031810,2021-06-29 10:30:00,2021,6,29,10,30,93,93066,AUTOROUTE A1,48.91584,2.35764,Plein jour,Hors agglomération,Hors intersection,Normale,Trois véhicules et plus - collisions multiples,1,3,6,0,1,1,1,1,1,90,,6,3,0,0,3,23.0,,,,1,1,1,1,5
202100031811,2021-06-29 09:25:00,2021,6,29,9,25,95,95241,RN 104,49.04692,2.45755,Plein jour,Hors agglomération,Hors intersection,Pluie légère,Trois véhicules et plus - en chaîne,2,3,5,0,1,1,2,0,1,110,,3,1,0,0,2,61.0,27.0,,,1,1,1,2,4
202100031812,2021-06-28 20:00:00,2021,6,28,20,0,93,93066,AUTOROUTE A86,48.92641,2.33773,Plein jour,Hors agglomération,Hors intersection,Normale,Deux véhicules - côté,1,3,8,0,1,1,1,0,1,90,,2,1,0,0,1,52.0,51.0,,,1,1,1,1,3
202100031813,2021-06-28 00:30:00,2021,6,28,0,30,93,93008,AUTOROUTE A86,48.90565,2.4615,Nuit sans éclairage public,Hors agglomération,Hors intersection,Normale,Trois véhicules et plus - en chaîne,1,3,-1,0,2,1,1,0,1,50,,3,1,0,0,2,21.0,28.0,,,3,1,1,1,4
202100031814,2021-06-27 21:30:00,2021,6,27,21,30,95,95277,AUTOROUTE A3,48.9834,2.50142,Crépuscule ou aube,Hors agglomération,Hors intersection,Temps couvert,Deux véhicules - frontale,1,3,12,0,1,1,1,0,1,90,,2,1,0,0,1,,26.0,,,2,1,1,8,1
202100031815,2021-06-29 03:00:00,2021,6,29,3,0,77,77058,A4,48.8288424019,2.7271864718,Nuit sans éclairage public,Hors agglomération,Autre intersection,Normale,Deux véhicules - arrière,1,1,4,0,1,1,2,0,1,130,,3,0,0,0,3,51.0,20.0,,,3,1,9,1,2
202100031816,2021-06-28 21:40:00,2021,6,28,21,40,75,75110,PLACE DE LA BATAILLE DE STALINGRAD,48.882673,2.369861,Nuit avec éclairage allumé,En agglomération,Place,Pluie légère,Deux véhicules - côté,4,1,3,0,1,3,2,0,1,50,,2,1,0,0,1,33.0,37.0,,,5,2,7,2,3
202100031817,2021-06-28 16:15:00,2021,6,28,16,15,976,97611,doujani-Mouhindi Hassani (rue ),-12.79269,45.21758,Plein jour,En agglomération,Hors intersection,Normale,Deux véhicules - côté,4,2,0,0,1,1,1,0,1,50,,2,0,0,0,2,18.0,23.0,,,1,2,1,1,3
202100031818,2021-06-28 07:50:00,2021,6,28,7,50,974,97416,SITE (ROUTE DU SITE),-21.29532,55.48785,Plein jour,Hors agglomération,Hors intersection,Normale,Sans collision,4,2,2,0,2,1,1,0,1,50,,1,0,0,0,1,43.0,,,,1,1,1,1,7
202100031819,2021-06-28 17:00:00,2021,6,28,17,0,974,97409,BOIS DE FER (chemin),-20.94248,55.65738,Plein jour,Hors agglomération,Hors intersection,Normale,Deux véhicules - frontale,4,-1,1,0,1,1,1,0,1,50,,2,1,0,0,1,24.0,56.0,,,1,1,1,1,1
202100031820,2021-06-28 16:10:00,2021,6,28,16,10,69,69386,GARIBALDI (R),45.7719833245,4.8498791456,Plein jour,En agglomération,Intersection en X,Temps couvert,Deux véhicules - côté,4,1,3,0,1,1,2,0,1,50,,2,1,0,0,1,26.0,42.0,,,1,2,2,8,3
202100031821,2021-06-28 08:09:00,2021,6,28,8,9,972,97209,RD 41 (ROCADE),14.61535,-61.06161,Plein jour,Hors agglomération,Hors intersection,Normale,Deux véhicules - arrière,3,2,4,0,1,1,1,0,1,60,,2,1,0,0,1,37.0,20.0,,,1,1,1,1,2
202100031822,2021-06-27 17:40:00,2021,6,27,17,40,972,97209,BISHOP (Avenue Maurice),14.60727,-61.05709,Plein jour,En agglomération,Intersection en T,Normale,Deux véhicules - côté,2,3,6,3,1,1,1,0,1,50,,5,2,0,0,3,22.0,25.0,,,1,2,3,1,3
202100031823,2021-06-28 16:50:00,2021,6,28,16,50,69,69384,BIRMINGHAM (DE) (AV),45.77447,4.81354,Plein jour,En agglomération,Hors intersection,Normale,Deux véhicules - arrière,4,3,4,3,1,1,1,0,1,50,,4,2,0,0,2,36.0,21.0,,,1,2,1,1,2
202100031824,2021-06-27 19:15:00,2021,6,27,19,15,69,69286,OSLO (D') (R),45.81748,4.90429,Plein jour,En agglomération,Hors intersection,Normale,Deux véhicules - côté,4,2,2,0,1,1,1,0,1,50,,2,1,0,0,1,7.0,22.0,,,1,2,1,1,3
202100031825,2021-06-27 12:02:00,2021,6,27,12,2,2B,2B120,IMPERIALE (Route) D464 ,42.63806,9.43399,Plein jour,En agglomération,Intersection en X,Normale,Deux véhicules - côté,3,-1,2,0,1,1,1,0,1,50,,2,1,0,0,1,52.0,48.0,,,1,2,2,1,3
202100031826,2021-06-28 11:13:00,2021,6,28,11,13,95,95585,DE LATTRE DE TASSIGNY (RUE DU MARECHAL),48.9805502841,2.3782637715,Plein jour,En agglomération,Hors intersection,Normale,Autre collision,4,2,2,0,1,1,1,0,1,50,,2,0,0,0,2,27.0,,,,1,2,1,1,6
202100031827,2021-06-28 12:35:00,2021,6,28,12,35,91,91549,LIERS (RUE DE),48.62922,2.33605,Plein jour,En agglomération,Giratoire,Temps couvert,Deux véhicules - côté,4,2,1,0,1,1,1,5,1,30,,2,1,0,0,1,57.0,39.0,,,1,2,6,8,3
202100031828,2021-06-28 18:05:00,2021,6,28,18,5,91,91657,RUE DU COLCHIQUE,48.68832,2.43996,Plein jour,En agglomération,Autre intersection,Normale,Deux véhicules - côté,4,2,2,0,1,1,1,0,1,50,,2,1,0,0,1,50.0,19.0,,,1,2,9,1,3
202100031829,2021-06-28 12:10:00,2021,6,28,12,10,91,91421,CORBEIL (ROUTE DE),48.7056,2.4397,Plein jour,En agglomération,Autre intersection,Normale,Deux véhicules - côté,3,2,2,0,1,1,1,0,4,50,,2,1,0,0,1,36.0,54.0,,,1,2,9,1,3
202100031830,2021-06-28 18:55:00,2021,6,28,18,55,91,91479,RUE ANDRE BERNARDEAU,48.71074,2.35629,Plein jour,En agglomération,Intersection en T,Normale,Deux véhicules - côté,4,2,2,0,1,1,1,0,1,30,,2,1,0,0,1,,27.0,,,1,2,3,1,3
202100031831,2021-06-28 16:20:00,2021,6,28,16,20,91,91434,JEAN RAYNAL (RUE),48.661709,2.346747,Plein jour,En agglomération,Intersection en X,Normale,Deux véhicules - côté,4,2,2,0,1,1,1,0,1,50,,2,1,0,0,1,26.0,17.0,,,1,2,2,1,3
202100031832,2021-06-26 02:00:00,2021,6,26,2,0,87,87085,BROGLIE (AVENUE LOUIS DE),45.88252,1.2868,Nuit avec éclairage allumé,En agglomération,Hors intersection,Normale,Sans collision,4,3,4,0,2,1,1,0,1,50,,1,0,0,1,0,33.0,,,,5,2,1,1,7
202100031833,2021-06-25 18:50:00,2021,6,25,18,50,87,87085,VANTEAUX (BOULEVARD DE),45.8209,1.23037,Plein jour,En agglomération,Intersection en X,Normale,Deux véhicules - côté,4,3,4,0,1,1,1,5,1,50,,7,5,0,0,2,40.0,21.0,,,1,2,2,1,3
202100031834,2021-06-10 21:40:00,2021,6,10,21,40,84,84007,C.De GAULLE (Rocade),43.92885,4.81276,Crépuscule ou aube,En agglomération,Hors intersection,Normale,Deux véhicules - côté,4,2,-1,-1,1,1,1,0,1,-1,,2,0,0,0,2,24.0,24.0,,,2,2,1,1,3
202100031835,2021-06-29 00:20:00,2021,6,29,0,20,83,83069,LOUBES (ROUTE DES),43.11486,6.09643,Nuit sans éclairage public,Hors agglomération,Hors intersection,Normale,Autre collision,7,2,2,0,1,1,1,0,8,70,,1,0,0,1,0,26.0,,,,3,1,1,1,6
202100031836,2021-06-26 09:44:00,2021,6,26,9,44,80,80021,SAINT FUSCIEN (RUE),49.87286,2.30676,Plein jour,En agglomération,Hors intersection,Pluie légère,Deux véhicules - arrière,3,2,2,0,1,1,2,0,1,30,,2,1,0,0,1,46.0,33.0,,,1,2,1,2,2
202100031837,2021-06-25 20:23:00,2021,6,25,20,23,80,80021,JEAN JAURES (RUE),49.89772,2.28662,Plein jour,En agglomération,Hors intersection,Pluie légère,Deux véhicules - côté,4,2,2,0,1,2,2,0,1,50,,2,1,0,0,1,20.0,24.0,,,1,2,1,2,3
202100031838,2021-06-25 18:30:00,2021,6,25,18,30,80,80021,EUROPE (AVENUE DE L'),49.91796,2.30459,Nuit sans éclairage public,Hors agglomération,Hors intersection,Pluie forte,Sans collision,4,1,1,0,1,3,2,0,1,50,,1,0,0,0,1,22.0,,,,3,1,1,3,7
202100031839,2021-06-28 16:20:00,2021,6,28,16,20,78,78311,HENRI BARBUSSE (BOULEVARD) 44-174,48.92921,2.18789,Plein jour,En agglomération,Intersection en T,Normale,Deux véhicules - frontale,3,2,2,0,1,1,1,5,1,50,,2,0,0,1,1,38.0,32.0,,,1,2,3,1,1