accident_id,datetime,annee,mois,jour,heure,minute,departement,commune_insee,adresse,latitude,longitude,luminosite,agglomeration,intersection,meteo,collision,catr,circ,nbv,vosp,prof,plan,surf,infra,situ,vma,nb_vehicules,nb_usagers,nb_indemnes,nb_tues,nb_blesses_hosp,nb_blesses_legers,age_cond_1,age_cond_2,veh_type_cond_1,veh_type_cond_2,lum_code,agg_code,int_code,atm_code,col_code
202100031840,2021-06-25 13:30:00,2021,6,25,13,30,78,78362,Avenue de l’Yveline,48.971126,1.718635,Plein jour,En agglomération,Hors intersection,Normale,Deux véhicules - frontale,4,2,0,0,1,1,2,0,1,30,,2,1,0,1,0,33.0,40.0,,,1,2,1,1,1
202100031841,2021-06-26 18:30:00,2021,6,26,18,30,76,76351,Rue Gustave Brindeau,49.48966,0.14219,Plein jour,Hors agglomération,Hors intersection,Pluie légère,Autre collision,4,2,1,0,1,1,2,0,1,50,,2,1,0,1,0,31.0,,,,1,1,1,2,6
202100031842,2021-06-26 21:30:00,2021,6,26,21,30,76,76447,GEORGES CLEMENCEAU,49.54994,0.20019,Nuit avec éclairage allumé,En agglomération,Hors intersection,Pluie légère,Autre collision,3,2,3,2,1,1,2,0,1,50,,1,0,0,0,1,45.0,,,,5,2,1,2,6
202100031843,2021-06-26 02:00:00,2021,6,26,2,0,76,76447,PRESIDENT WILSON,49.54075,0.17941,Nuit avec éclairage allumé,En agglomération,Hors intersection,Normale,Autre collision,4,2,2,0,1,1,2,0,1,50,,3,1,0,1,1,,,,,5,2,1,1,6
202100031844,2021-06-28 15:55:00,2021,6,28,15,55,71,71306,21 Rue de l’Hospice,46.66679,4.36086,Plein jour,En agglomération,Hors intersection,Normale,Deux véhicules - côté,4,2,2,0,2,1,1,0,1,50,,3,0,0,0,3,80.0,36.0,,,1,2,1,1,3
202100031845,2021-06-21 12:55:00,2021,6,21,12,55,71,71076,LEDRU ROLLIN (RUE),46.7847,4.83577,Plein jour,En agglomération,Hors intersection,Normale,Deux véhicules - frontale,4,3,4,0,4,1,1,8,1,70,,2,1,0,0,1,,30.0,,,1,2,1,1,1
202100031846,2021-06-28 17:00:00,2021,6,28,17,0,69,69266,GENERAL LECLERC (AV),45.75805,4.8909,Plein jour,En agglomération,Intersection en T,Normale,Autre collision,4,2,3,1,1,1,1,0,1,50,,2,1,0,1,0,22.0,,,,1,2,3,1,6
202100031847,2021-06-28 16:45:00,2021,6,28,16,45,69,69029,LIONEL TERRAY (R),45.7254,4.90765,Plein jour,En agglomération,Hors intersection,Pluie légère,Autre collision,4,2,2,0,1,3,2,0,1,50,,2,1,0,0,1,53.0,,,,1,2,1,2,6
202100031848,2021-06-28 11:35:00,2021,6,28,11,35,69,69266,CANAL (DU) (R),45.7793391496,4.8972952366,Plein jour,En agglomération,Hors intersection,Normale,Deux véhicules - côté,4,2,2,0,1,1,2,0,1,50,,2,0,0,0,2,23.0,35.0,,,1,2,1,1,3
202100031849,2021-06-28 08:30:00,2021,6,28,8,30,69,69266,TOLSTOI (CR),45.7625326961,4.8785197735,Plein jour,En agglomération,Intersection en T,Pluie légère,Deux véhicules - côté,4,1,1,1,1,1,2,0,5,50,,2,1,0,0,1,66.0,27.0,,,1,2,3,2,3
202100031850,2021-06-26 11:00:00,2021,6,26,11,0,67,67482,RACINE (AVENUE),48.59601,7.70029,Plein jour,En agglomération,Hors intersection,Normale,Deux véhicules - côté,4,1,1,1,1,1,1,9,5,30,,2,1,0,0,1,26.0,28.0,,,1,2,1,1,3
202100031851,2021-06-26 07:30:00,2021,6,26,7,30,67,67482,JACOB MAYER (RUE),48.5906,7.71973,Plein jour,En agglomération,Hors intersection,Normale,Deux véhicules - frontale,4,2,2,0,1,3,1,0,1,30,,2,1,0,0,1,56.0,40.0,,,1,2,1,1,1
202100031852,2021-06-27 19:35:00,2021,6,27,19,35,66,66136,Départementale  617,42.71214,2.9576,Plein jour,Hors agglomération,Hors intersection,Normale,Autre collision,3,3,4,0,1,1,1,0,1,110,,1,0,0,0,1,20.0,,,,1,1,1,1,6
202100031853,2021-06-26 21:29:00,2021,6,26,21,29,66,66136,DOUMER (AVENUE DU PRESIDENT),42.69304,2.88715,Crépuscule ou aube,En agglomération,Intersection en T,Normale,Deux véhicules - côté,4,2,2,0,1,1,1,0,1,50,,3,2,0,0,1,31.0,24.0,,,2,2,3,1,3
202100031854,2021-06-29 01:00:00,2021,6,29,1,0,64,64445,BOURBAKI,43.30278,-0.37379,Nuit avec éclairage allumé,En agglomération,Hors intersection,Normale,Sans collision,4,2,2,0,1,1,1,0,1,50,,2,1,0,0,1,19.0,,,,5,2,1,1,7
202100031855,2021-06-29 02:40:00,2021,6,29,2,40,64,64024,BAB (BOULEVARD DU),43.4926,-1.5315,Nuit avec éclairage allumé,En agglomération,Hors intersection,Pluie légère,Sans collision,4,3,4,0,1,3,2,8,1,50,,1,0,0,0,1,23.0,,,,5,2,1,2,7
202100031856,2021-06-27 04:35:00,2021,6,27,4,35,63,63113,CHANTERANNE (RUE DE),45.78485,3.09986,Nuit avec éclairage allumé,En agglomération,Hors intersection,Normale,Autre collision,4,2,2,0,1,1,1,0,1,50,,3,1,0,0,2,23.0,,,,5,2,1,1,6
202100031857,2021-06-28 07:53:00,2021,6,28,7,53,63,63070,D2089,45.74152,3.07481,Plein jour,En agglomération,Hors intersection,Normale,Autre collision,3,1,2,0,1,1,1,0,1,50,,1,0,0,0,1,38.0,,,,1,2,1,1,6
202100031858,2021-06-28 06:21:00,2021,6,28,6,21,63,63070,BEAUMONT (AVENUE DE),45.73686,3.06697,Plein jour,En agglomération,Hors intersection,Pluie forte,Sans collision,4,2,2,0,1,1,2,0,1,50,,1,0,0,0,1,18.0,,,,1,2,1,3,7
202100031859,2021-06-28 02:14:00,2021,6,28,2,14,63,63113,JAURES (BD JEAN),45.76789,3.08409,Nuit avec éclairage allumé,En agglomération,Intersection en X,Normale,Deux véhicules - côté,4,1,2,0,1,1,1,0,1,50,,2,1,0,0,1,16.0,23.0,,,5,2,2,1,3
202100031860,2021-06-27 18:50:00,2021,6,27,18,50,63,63113,TORPILLEUR SIROCCO (RUE DU),45.81357,3.10618,Plein jour,En agglomération,Hors intersection,Normale,Autre collision,4,1,1,0,1,1,1,0,1,50,,2,1,0,0,1,70.0,,,,1,2,1,1,6
202100031861,2021-06-01 08:20:00,2021,6,1,8,20,62,62624,GAMBETTA (R LEON),50.425106,2.999064,Plein jour,En agglomération,Giratoire,Normale,Deux véhicules - côté,3,2,2,0,1,3,1,5,1,50,,2,1,0,0,1,13.0,26.0,,,1,2,6,1,3
202100031862,2021-06-28 22:55:00,2021,6,28,22,55,59,59392,HAUTMONT (RUE D'),50.27694,3.9622,Nuit avec éclairage allumé,En agglomération,Autre intersection,Normale,Deux véhicules - côté,3,-1,0,0,1,1,1,0,1,50,,2,1,0,1,0,16.0,33.0,,,5,2,9,1,3
202100031863,2021-06-11 17:15:00,2021,6,11,17,15,59,59350,TESTELIN RUE,50.62833,3.11373,Plein jour,En agglomération,Intersection en X,Normale,Deux véhicules - côté,4,1,1,0,1,1,1,0,1,30,,3,2,0,0,1,20.0,13.0,,,1,2,2,1,3
202100031864,2021-06-25 09:40:00,2021,6,25,9,40,50,50173,MOULIN (RUE JEAN),49.65388,-1.67613,Plein jour,En agglomération,Giratoire,Pluie forte,Deux véhicules - frontale,4,2,2,0,1,3,2,0,1,50,,2,1,0,1,0,46.0,17.0,,,1,2,6,3,1
202100031865,2021-06-25 09:40:00,2021,6,25,9,40,50,50129,NOTRE DAME DU VOEU (PLACE),49.63628,-1.62902,Plein jour,En agglomération,Place,Pluie légère,Autre collision,4,1,1,0,1,3,2,0,1,30,,1,0,0,1,0,76.0,,,,1,2,7,2,6
202100031866,2021-06-28 11:30:00,2021,6,28,11,30,45,45147,D2060-PR 95 + 850,47.93434,1.9306,Plein jour,Hors agglomération,Hors intersection,Temps couvert,Trois véhicules et plus - en chaîne,7,3,4,0,1,1,2,0,1,70,,5,2,0,0,3,35.0,32.0,,,1,1,1,8,4
202100031867,2021-06-28 11:26:00,2021,6,28,11,26,45,45169,Rue du Chateau d’Eau,47.93077,1.83301,Plein jour,En agglomération,Intersection en T,Normale,Autre collision,4,2,2,0,1,1,1,0,1,50,,2,1,0,0,1,63.0,,,,1,2,3,1,6
202100031868,2021-06-28 23:45:00,2021,6,28,23,45,44,44109,BOULEVARD EMILE ROMANET,47.20966,-1.59704,Nuit avec éclairage allumé,En agglomération,Autre intersection,Pluie légère,Deux véhicules - côté,4,3,2,3,1,1,2,0,5,30,,2,1,0,0,1,20.0,27.0,,,5,2,9,2,3
202100031869,2021-06-19 12:30:00,2021,6,19,12,30,42,42218,Rue Jean Huss,45.4503011816,4.4154333004,Plein jour,En agglomération,Hors intersection,Normale,Deux véhicules - côté,4,2,2,0,1,1,1,0,1,50,,2,1,0,1,0,14.0,28.0,,,1,2,1,1,3
202100031870,2021-06-28 20:50:00,2021,6,28,20,50,42,42187,Rue Mulsant,46.03769,4.06155,Plein jour,En agglomération,Intersection en X,Normale,Autre collision,4,-1,2,0,1,1,1,0,1,50,,2,1,0,0,1,41.0,,,,1,2,2,1,6
202100031871,2021-06-28 08:45:00,2021,6,28,8,45,38,38544,Rue Lafayette,45.52703,4.89704,Plein jour,En agglomération,Hors intersection,Normale,Deux véhicules - frontale,3,2,2,0,1,2,1,0,1,50,,7,2,0,0,5,27.0,32.0,,,1,2,1,1,1
202100031872,2021-06-28 17:13:00,2021,6,28,17,13,37,37233,FLORENCE (AVENUE DE),47.3768501677,0.7372869551,Plein jour,En agglomération,Intersection en T,Pluie légère,Autre collision,4,2,2,0,1,1,2,0,1,50,,2,1,0,0,1,35.0,16.0,,,1,2,3,2,6
202100031873,2021-06-08 09:55:00,2021,6,8,9,55,35,35288,SILLON (DU) CHAUSSEE,48.65434,-2.00926,Plein jour,En agglomération,Hors intersection,Normale,Autre collision,3,2,2,2,1,1,1,0,1,50,,2,0,0,1,1,22.0,,,,1,2,1,1,6
202100031874,2021-06-28 12:50:00,2021,6,28,12,50,35,35238,FREVILLE (AVENUE HENRI),48.0836,-1.67446,Plein jour,En agglomération,Intersection en X,Pluie légère,Deux véhicules - côté,4,3,4,0,1,1,2,5,1,50,,2,1,0,0,1,33.0,50.0,,,1,2,2,2,3
202100031875,2021-06-28 19:40:00,2021,6,28,19,40,34,34172,CHASSEURS (RUE DES),43.60285,3.85522,Plein jour,En agglomération,Intersection en X,Normale,Deux véhicules - frontale,4,2,5,0,1,1,1,0,1,50,,3,2,0,1,0,36.0,54.0,,,1,2,2,1,1
202100031876,2021-06-28 11:44:00,2021,6,28,11,44,33,33529,PYLA (BD DU),44.63349,-1.16237,Plein jour,En agglomération,Hors intersection,Temps couvert,Sans collision,3,2,2,1,2,1,2,0,1,50,,1,0,0,0,1,19.0,,,,1,2,1,8,7
202100031877,2021-06-27 23:50:00,2021,6,27,23,50,33,33009,Boulevard Cote d’Argent,44.639403,-1.202239,Nuit avec éclairage allumé,En agglomération,Intersection en T,Normale,Deux véhicules - côté,3,2,2,0,1,1,1,0,1,30,,2,1,0,0,1,53.0,21.0,,,5,2,3,1,3
202100031878,2021-05-17 08:40:00,2021,5,17,8,40,22,22187,VERDUN (rue de ),48.5451869899,-2.7868795395,Plein jour,En agglomération,Intersection en Y,Normale,Deux véhicules - arrière,2,1,1,-1,1,3,2,3,1,-1,,2,0,0,0,2,46.0,34.0,,,1,2,4,1,2
202100031879,2021-06-28 07:50:00,2021,6,28,7,50,17,17200,HUIT MAI 1945   AVENUE DU,46.19014,-1.14738,Plein jour,En agglomération,Hors intersection,Pluie légère,Autre collision,3,3,4,0,1,1,2,0,1,50,,2,1,0,0,1,67.0,,,,1,2,1,2,6
202100031880,2021-06-21 19:10:00,2021,6,21,19,10,17,17299,BEGON ROND POINT ET RUE,45.94337,-0.96022,Plein jour,En agglomération,Giratoire,Normale,Deux véhicules - côté,3,1,2,0,1,1,1,0,1,50,,2,1,0,1,0,32.0,72.0,,,1,2,6,1,3
202100031881,2021-06-25 18:20:00,2021,6,25,18,20,13,13077,SEMARD PIERRE (bld),43.4086,5.00188,Plein jour,En agglomération,Hors intersection,Normale,Autre collision,7,2,2,0,1,1,1,0,1,30,,1,0,0,1,0,57.0,,,,1,2,1,1,6
202100031882,2021-06-26 13:20:00,2021,6,26,13,20,13,13039,RN 545,43.4359,4.92519,Plein jour,Hors agglomération,Hors intersection,Pluie légère,Deux véhicules - côté,7,2,2,0,1,1,1,0,1,80,,2,0,0,0,2,46.0,25.0,,,1,1,1,2,3
202100031883,2021-06-27 14:30:00,2021,6,27,14,30,13,13039,ROUTE NATIONALE 568,43.46089,4.92137,Plein jour,Hors agglomération,Hors intersection,Normale,Deux véhicules - arrière,2,3,4,0,1,1,1,0,1,70,,3,1,0,0,2,23.0,62.0,,,1,1,1,1,2
202100031884,2021-06-28 22:20:00,2021,6,28,22,20,13,13210,ROSTAND ( IMPASSE),43.27745,5.41514,Nuit avec éclairage allumé,En agglomération,Hors intersection,Normale,Sans collision,4,2,1,0,1,1,1,0,1,50,,2,1,0,0,1,25.0,,,,5,2,1,1,7
202100031885,2021-06-28 12:00:00,2021,6,28,12,0,13,13215,SAINT JOSEPH (CHEMIN DE),43.3543159791,5.3698703702,Plein jour,Hors agglomération,Hors intersection,Normale,Deux véhicules - frontale,4,2,3,0,1,1,1,0,4,50,,2,0,0,2,0,21.0,,,,1,1,1,1,1
202100031886,2021-06-28 13:15:00,2021,6,28,13,15,13,13216,HENRI BARNIER (BOULEVARD),43.36528,5.34275,Plein jour,En agglomération,Hors intersection,Normale,Deux véhicules - côté,7,2,2,2,2,1,1,0,1,50,,3,2,0,1,0,18.0,71.0,,,1,2,1,1,3
202100031887,2021-06-28 08:15:00,2021,6,28,8,15,13,13202,JOLIETTE (PLACE DE LA),43.304,5.366,Plein jour,En agglomération,Intersection en T,Normale,Deux véhicules - côté,4,1,2,0,1,1,1,0,1,50,,2,1,0,0,1,63.0,22.0,,,1,2,3,1,3
202100031888,2021-06-28 08:40:00,2021,6,28,8,40,13,13212,POILUS (AVENUE DES),43.3139,5.46329,Plein jour,En agglomération,Hors intersection,Normale,Deux véhicules - côté,7,-1,2,0,1,1,1,0,1,50,,2,0,0,0,2,70.0,28.0,,,1,2,1,1,3
202100031889,2021-06-27 19:52:00,2021,6,27,19,52,12,12145,Rue de la Liberté,44.0995142657,3.0759056658,Plein jour,En agglomération,Intersection en X,Normale,Deux véhicules - côté,4,1,1,0,1,1,1,0,1,30,,2,1,0,0,1,26.0,17.0,,,1,2,2,1,3
202100031890,2021-06-28 10:39:00,2021,6,28,10,39,06,06088,JAURES (BD JEAN),43.697417,7.273042,Plein jour,En agglomération,Hors intersection,Normale,Autre collision,4,1,2,0,1,1,1,4,1,50,,2,1,0,1,0,37.0,,,,1,2,1,1,6
202100031891,2021-06-26 20:20:00,2021,6,26,20,20,06,06027,LECLERCAVENUE GENERAL,43.658209,7.163694,Plein jour,En agglomération,Autre intersection,Normale,Deux véhicules - côté,4,2,2,0,1,1,1,0,1,50,,2,1,0,1,0,20.0,61.0,,,1,2,9,1,3
202100031892,2021-06-27 11:10:00,2021,6,27,11,10,06,06027,CANNES AVENUE DE (RN7),43.65327,7.14636,Plein jour,En agglomération,Hors intersection,Normale,Deux véhicules - arrière,7,2,2,0,2,2,1,0,1,50,,2,1,0,0,1,49.0,20.0,,,1,2,1,1,2
202100031893,2021-06-25 16:38:00,2021,6,25,16,38,05,05061,PAUL BERT ( RUE ),44.56711,6.09081,Plein jour,En agglomération,Hors intersection,Normale,Sans collision,4,2,2,0,1,1,1,-1,1,50,,1,0,0,1,0,61.0,,,,1,2,1,1,7
202100031894,2021-06-25 16:27:00,2021,6,25,16,27,05,05061,D 292,44.59552,6.13142,Plein jour,Hors agglomération,Hors intersection,Normale,Deux véhicules - frontale,3,2,2,0,2,2,1,0,1,80,,4,1,0,0,3,20.0,25.0,,,1,1,1,1,1
202100031895,2021-06-25 15:09:00,2021,6,25,15,9,05,05061,D994,44.548212,6.038042,Plein jour,Hors agglomération,Hors intersection,Normale,Sans collision,3,2,3,0,2,2,1,0,1,50,,1,0,0,0,1,75.0,,,,1,1,1,1,7
202100031896,2021-06-28 09:35:00,2021,6,28,9,35,75,75113,PORTE D IVRY,48.81969,2.3737,Plein jour,En agglomération,Hors intersection,Normale,Autre collision,4,1,4,0,1,1,1,0,1,70,,2,1,0,0,1,,44.0,,,1,2,1,1,6
202100031897,2021-06-28 09:30:00,2021,6,28,9,30,75,75116,BOULEVARD PERIPHERIQUE INTERIEUR OUEST,48.871993,2.27402,Plein jour,En agglomération,Hors intersection,Normale,Trois véhicules et plus - en chaîne,4,1,8,0,1,1,1,1,1,70,,4,3,0,1,0,55.0,47.0,,,1,2,1,1,4
202100031898,2021-06-27 03:42:00,2021,6,27,3,42,75,75108,AVENUE DE WAGRAM,48.875442,2.296247,Nuit avec éclairage allumé,En agglomération,Intersection en T,Pluie légère,Deux véhicules - côté,4,2,4,0,3,1,2,0,1,50,,2,1,0,1,0,,21.0,,,5,2,3,2,3
202100031899,2021-06-28 02:15:00,2021,6,28,2,15,75,75120,BOULEVARD DE CHARONNE,48.848849,2.399328,Nuit avec éclairage allumé,En agglomération,Intersection en X,Temps couvert,Deux véhicules - côté,4,1,1,0,1,1,2,0,1,50,,3,2,0,0,1,36.0,25.0,,,5,2,2,8,3
202100031900,2021-06-28 08:30:00,2021,6,28,8,30,75,75118,AVENUE DE CLICHY,48.883955,2.327248,Plein jour,En agglomération,Hors intersection,Normale,Autre collision,4,1,2,1,1,1,1,0,1,50,,3,1,0,0,2,,,,,1,2,1,1,6
202100031901,2021-06-28 08:40:00,2021,6,28,8,40,75,75118,RUE DAMREMONT,48.893267,2.336116,Plein jour,En agglomération,Hors intersection,Normale,Autre collision,4,1,2,0,1,1,1,0,1,50,,2,1,0,0,1,37.0,,,,1,2,1,1,6
202100031902,2021-06-27 12:30:00,2021,6,27,12,30,75,75116,AVENUE DU PRESIDENT KENNEDY,48.851321,2.278493,Plein jour,En agglomération,Intersection en X,Pluie légère,Deux véhicules - côté,4,2,4,0,1,1,2,0,1,50,,2,1,0,0,1,24.0,47.0,,,1,2,2,2,3
202100031903,2021-06-27 03:00:00,2021,6,27,3,0,75,75116,AVENUE D IENA,48.867182,2.295368,Nuit avec éclairage allumé,En agglomération,Intersection en T,Pluie légère,Trois véhicules et plus - en chaîne,4,2,2,0,1,1,2,0,1,50,,4,1,0,0,3,22.0,31.0,,,5,2,3,2,4
202100031904,2021-06-28 20:30:00,2021,6,28,20,30,75,75113,RUE DE PATAY,48.828635,2.369923,Crépuscule ou aube,En agglomération,Intersection en X,Pluie légère,Deux véhicules - côté,4,2,2,0,1,1,2,0,1,50,,2,1,0,0,1,50.0,23.0,,,2,2,2,2,3
202100031905,2021-06-28 08:05:00,2021,6,28,8,5,75,75111,RUE DE CHARONNE,48.85576,2.391337,Plein jour,En agglomération,Intersection en X,Normale,Deux véhicules - frontale,4,2,2,0,1,1,1,0,1,30,,2,1,0,0,1,26.0,36.0,,,1,2,2,1,1
202100031906,2021-06-28 08:30:00,2021,6,28,8,30,75,75109,RUE DE LA VICTOIRE,48.875207,2.335213,Plein jour,En agglomération,Intersection en X,Normale,Deux véhicules - côté,4,1,1,0,1,1,1,0,1,30,,2,1,0,0,1,55.0,35.0,,,1,2,2,1,3
202100031907,2021-06-28 14:47:00,2021,6,28,14,47,75,75108,PLACE DE LA CONCORDE,48.866615,2.321961,Plein jour,En agglomération,Place,Normale,Deux véhicules - côté,4,2,4,0,1,1,1,0,1,50,,2,1,0,0,1,56.0,32.0,,,1,2,7,1,3
202100031908,2021-06-27 02:50:00,2021,6,27,2,50,75,75104,BOULEVARD BOURDON,48.851649,2.367638,Nuit avec éclairage allumé,En agglomération,Intersection en T,Pluie légère,Deux véhicules - arrière,4,1,3,0,1,1,2,9,1,50,,2,1,0,0,1,,26.0,,,5,2,3,2,2
202100031909,2021-06-28 12:10:00,2021,6,28,12,10,94,94074,Rue Vincent Bureau,48.7397386579,2.4605727196,Plein jour,En agglomération,Hors intersection,Normale,Autre collision,4,2,1,0,1,1,1,0,4,50,,2,1,0,0,1,37.0,,,,1,2,1,1,6
202100031910,2021-06-28 11:00:00,2021,6,28,11,0,94,94034,Avenue de la Cerisaie,48.75267,2.32953,Plein jour,En agglomération,Intersection en T,Normale,Deux véhicules - côté,3,1,1,1,1,1,1,0,1,50,,2,1,0,0,1,48.0,48.0,,,1,2,3,1,3
202100031911,2021-06-28 18:30:00,2021,6,28,18,30,94,94033,GENERAL LECLERC (PL DU),48.85235,2.48554,Plein jour,En agglomération,Hors intersection,Pluie légère,Deux véhicules - arrière,3,1,2,0,1,2,2,5,1,50,,3,2,0,0,1,64.0,36.0,,,1,2,1,2,2
202100031912,2021-06-27 22:20:00,2021,6,27,22,20,94,94028,Avenue Laferrière,48.79969,2.454787,Nuit avec éclairage allumé,En agglomération,Hors intersection,Pluie légère,Deux véhicules - frontale,4,2,2,0,1,1,2,0,1,50,,2,1,0,0,1,20.0,19.0,,,5,2,1,2,1
202100031913,2021-06-28 18:45:00,2021,6,28,18,45,93,93078,Avenue Georges Clémenceau / Avenue Charles de Gaulle,48.95816,2.55837,Plein jour,En agglomération,Intersection en X,Normale,Deux véhicules - frontale,3,3,4,0,1,1,1,0,1,50,,4,1,0,0,3,27.0,22.0,,,1,2,2,1,1
202100031914,2021-06-27 23:26:00,2021,6,27,23,26,93,93072,HUCAILLES (RUE DES),48.963549,2.381975,Nuit avec éclairage allumé,En agglomération,Hors intersection,Normale,Deux véhicules - côté,4,1,1,0,1,1,1,0,1,50,,2,1,0,0,1,,23.0,,,5,2,1,1,3
202100031915,2021-06-28 12:40:00,2021,6,28,12,40,93,93066,Avenue du Président Wilson,48.914722,2.358129,Plein jour,En agglomération,Hors intersection,Normale,Deux véhicules - arrière,3,3,4,3,1,1,1,0,1,50,,2,1,0,0,1,17.0,63.0,,,1,2,1,1,2
202100031916,2021-06-28 11:15:00,2021,6,28,11,15,93,93064,PERI (BOULEVARD GABRIEL) 39 / 44 - FIN,48.87959,2.467053,Plein jour,En agglomération,Autre intersection,Normale,Trois véhicules et plus - en chaîne,4,2,2,0,2,1,1,0,1,50,,2,1,0,0,1,55.0,26.0,,,1,2,9,1,4
202100031917,2021-06-28 16:53:00,2021,6,28,16,53,93,93051,NEUILLY (PONT),48.853536,2.532733,Plein jour,En agglomération,Hors intersection,Normale,Trois véhicules et plus - en chaîne,3,2,2,0,1,1,1,2,1,30,,4,3,0,0,1,27.0,50.0,,,1,2,1,1,4
202100031918,2021-06-28 17:00:00,2021,6,28,17,0,93,93048,Rue de Valmy / Rue Armand Carrel,48.85076,2.41827,Plein jour,En agglomération,Intersection en X,Normale,Deux véhicules - côté,4,2,2,0,1,1,1,0,1,50,,2,1,0,1,0,28.0,37.0,,,1,2,2,1,3
202100031919,2021-06-27 13:15:00,2021,6,27,13,15,93,93032,Avenue Vaillant Couturier / Avenue de Bordeaux,48.87602,2.54986,Plein jour,En agglomération,Intersection en T,Pluie légère,Deux véhicules - côté,3,2,2,0,1,1,2,5,1,50,,2,1,0,0,1,33.0,26.0,,,1,2,3,2,3
202100031920,2021-06-28 18:50:00,2021,6,28,18,50,92,92078,JEAN JAURES (RUE) (N° IMPAIRS),48.93345,2.32515,Plein jour,En agglomération,Hors intersection,Normale,Deux véhicules - arrière,3,2,2,2,1,1,1,0,1,50,,2,1,0,0,1,33.0,27.0,,,1,2,1,1,2
202100031921,2021-06-28 15:29:00,2021,6,28,15,29,92,92078,GALLIENI (BD) (1 A 79 ET 22 A 102),48.9249254458,2.3254644871,Plein jour,En agglomération,Intersection en X,Normale,Deux véhicules - côté,3,2,0,0,1,1,1,0,1,50,,2,1,0,0,1,31.0,40.0,,,1,2,2,1,3
202100031922,2021-06-28 20:30:00,2021,6,28,20,30,92,92064,REPUBLIQUE,48.8492165466,2.2138296068,Crépuscule ou aube,En agglomération,Hors intersection,Pluie légère,Deux véhicules - frontale,3,-1,2,0,1,1,2,0,1,50,,2,1,0,0,1,82.0,55.0,,,2,2,1,2,1
202100031923,2021-06-28 16:30:00,2021,6,28,16,30,92,92051,PARMENTIER (RUE),48.882325671,2.2804757953,Plein jour,En agglomération,Hors intersection,Normale,Deux véhicules - arrière,4,1,1,0,1,1,1,0,1,50,,2,1,0,0,1,19.0,43.0,,,1,2,1,1,2
202100031924,2021-06-28 00:08:00,2021,6,28,0,8,92,92062,GENERAL DE GAULLE (AVENUE DU),48.88753,2.23296,Nuit avec éclairage allumé,En agglomération,Intersection en X,Pluie légère,Deux véhicules - côté,3,2,6,3,1,1,2,0,1,50,,3,2,0,0,1,19.0,25.0,,,5,2,2,2,3
202100031925,2021-06-28 10:15:00,2021,6,28,10,15,92,92012,MARECHAL DE LATTRE DE TASSIGNY (AVENUE),48.841230038,2.2253205551,Plein jour,En agglomération,Intersection en X,Normale,Deux véhicules - côté,3,3,6,0,1,1,1,0,1,50,,2,1,0,0,1,26.0,23.0,,,1,2,2,1,3
202100031926,2021-06-28 16:30:00,2021,6,28,16,30,37,37063,Rue Gambetta,47.59656,0.913512,Plein jour,En agglomération,Hors intersection,Temps couvert,Autre collision,3,2,2,0,1,1,1,0,3,50,,1,0,0,1,0,15.0,,,,1,2,1,8,6
202100031927,2021-06-29 08:25:00,2021,6,29,8,25,01,01362,D6,45.949233,4.861466,Plein jour,Hors agglomération,Hors intersection,Normale,Deux véhicules - frontale,3,2,2,0,2,3,1,0,1,80,,2,0,0,0,2,50.0,22.0,,,1,1,1,1,1
202100031928,2021-06-27 09:45:00,2021,6,27,9,45,26,26301,Route de Valence,45.113928,4.961744,Plein jour,Hors agglomération,Hors intersection,Normale,Deux véhicules - côté,3,2,2,0,1,1,1,0,1,70,,2,1,0,1,0,73.0,61.0,,,1,1,1,1,3
202100031929,2021-06-28 18:30:00,2021,6,28,18,30,33,33205,Lieu Dit Callac,44.590678,-0.375315,Plein jour,En agglomération,Hors intersection,Normale,Deux véhicules - côté,3,2,2,0,1,1,1,0,1,50,,2,1,0,1,0,19.0,42.0,,,1,2,1,1,3
202100031930,2021-06-08 10:30:00,2021,6,8,10,30,66,66021,Avenue de Lamans,42.72118,2.932287,Plein jour,En agglomération,Giratoire,Normale,Deux véhicules - côté,3,4,2,1,1,1,1,5,1,50,,2,1,0,0,1,64.0,67.0,,,1,2,6,1,3
202100031931,2021-06-28 11:30:00,2021,6,28,11,30,56,56223,Giratoire des Marais,47.641104,-2.099381,Plein jour,Hors agglomération,Giratoire,Pluie forte,Deux véhicules - côté,3,-1,2,0,1,3,2,5,1,80,,2,1,0,0,1,74.0,59.0,,,1,1,6,3,3
202100031932,2021-06-28 17:35:00,2021,6,28,17,35,33,33506,,44.676235,-0.074927,Plein jour,Hors agglomération,Hors intersection,Normale,Deux véhicules - arrière,3,2,2,0,1,2,1,0,1,80,,2,1,0,1,0,34.0,56.0,,,1,1,1,1,2
202100031933,2021-06-27 19:15:00,2021,6,27,19,15,04,04135,RD 952,43.848363,6.199079,Plein jour,Hors agglomération,Hors intersection,Normale,Deux véhicules - côté,3,2,2,0,2,1,1,0,1,80,,6,5,0,0,1,21.0,26.0,,,1,1,1,1,3
202100031934,2021-06-29 14:50:00,2021,6,29,14,50,04,04202,RD 2202,43.99777,6.776955,Plein jour,Hors agglomération,Hors intersection,Normale,Deux véhicules - côté,3,2,2,0,2,3,1,0,1,80,,2,1,1,0,0,52.0,57.0,,,1,1,1,1,3
202100031935,2021-06-27 19:00:00,2021,6,27,19,0,27,27096,Départementale 21,48.886857,0.670509,Plein jour,Hors agglomération,Hors intersection,Temps couvert,Sans collision,3,2,2,0,4,3,2,0,3,80,,1,0,0,1,0,50.0,,,,1,1,1,8,7
202100031936,2021-06-28 13:25:00,2021,6,28,13,25,08,08067,Rue de Charbeaux,49.630033,5.215738,Plein jour,Hors agglomération,Hors intersection,Normale,Sans collision,4,2,2,0,1,2,1,0,3,80,,1,0,0,0,1,21.0,,,,1,1,1,1,7