accident_id,datetime,annee,mois,jour,heure,minute,departement,commune_insee,adresse,latitude,longitude,luminosite,agglomeration,intersection,meteo,collision,catr,circ,nbv,vosp,prof,plan,surf,infra,situ,vma,nb_vehicules,nb_usagers,nb_indemnes,nb_tues,nb_blesses_hosp,nb_blesses_legers,age_cond_1,age_cond_2,veh_type_cond_1,veh_type_cond_2,lum_code,agg_code,int_code,atm_code,col_code
202100031937,2021-06-28 19:00:00,2021,6,28,19,0,74,74143,RN 205,45.914228,6.770732,Plein jour,Hors agglomération,Hors intersection,Normale,Autre collision,2,3,2,0,1,2,2,9,1,90,,1,0,0,1,0,31.0,,,,1,1,1,1,6
202100031938,2021-06-07 20:15:00,2021,6,7,20,15,34,34023,Route de Sete,43.447591,3.693123,Plein jour,En agglomération,Intersection en T,Normale,Deux véhicules - côté,3,2,2,0,1,1,1,5,1,50,,3,2,0,0,1,33.0,47.0,,,1,2,3,1,3
202100031939,2021-06-28 15:40:00,2021,6,28,15,40,13,13070,A50-Sens Aubagne vers Marseille,43.2852,5.51291,Plein jour,Hors agglomération,Hors intersection,Normale,Deux véhicules - côté,1,1,3,0,1,1,1,0,1,90,,2,0,0,0,2,66.0,,,,1,1,1,1,3
202100031940,2021-06-15 18:25:00,2021,6,15,18,25,83,83144,A57,43.133940965,5.9862069699,Plein jour,Hors agglomération,Hors intersection,Normale,Deux véhicules - arrière,1,3,5,0,1,1,1,8,1,70,,2,1,0,0,1,20.0,22.0,,,1,1,1,1,2
202100031941,2021-06-28 08:30:00,2021,6,28,8,30,69,69275,RN346    29.300 A 34.350,45.7782624499,4.9648615303,Plein jour,Hors agglomération,Hors intersection,Temps couvert,Deux véhicules - côté,2,3,4,0,1,1,2,0,1,90,,2,1,0,1,0,62.0,22.0,,,1,1,1,8,3
202100031942,2021-06-24 20:30:00,2021,6,24,20,30,59,59459,AUTOROUTE A23,50.3727801584,3.4777156423,Plein jour,Hors agglomération,Hors intersection,Normale,Trois véhicules et plus - en chaîne,1,3,4,0,1,1,1,1,1,90,,4,3,0,0,1,39.0,32.0,,,1,1,1,1,4
202100031943,2021-06-28 15:40:00,2021,6,28,15,40,92,92036,A86,48.9357640852,2.2872224731,Plein jour,Hors agglomération,Hors intersection,Normale,Trois véhicules et plus - en chaîne,1,3,6,0,1,1,1,0,1,90,,6,1,0,0,5,36.0,32.0,,,1,1,1,1,4
202100031944,2021-06-28 08:50:00,2021,6,28,8,50,93,93064,AUTOROUTE A86,48.8856249893,2.4728677971,Plein jour,Hors agglomération,Hors intersection,Normale,Deux véhicules - côté,1,1,6,0,1,2,1,0,1,90,,2,1,0,0,1,38.0,28.0,,,1,1,1,1,3
202100031945,2021-06-28 01:13:00,2021,6,28,1,13,93,93078,AUTOROUTE A104,48.95903,2.52587,Nuit sans éclairage public,Hors agglomération,Hors intersection,Pluie légère,Deux véhicules - arrière,1,3,6,0,1,3,2,9,1,110,,3,1,0,0,2,37.0,23.0,,,3,1,1,2,2
202100031946,2021-06-28 19:00:00,2021,6,28,19,0,93,93051,A4,48.83564,2.5661,Plein jour,Hors agglomération,Hors intersection,Normale,Autre collision,1,-1,4,0,1,1,2,0,1,110,,2,1,0,0,1,30.0,27.0,,,1,1,1,1,6
202100031947,2021-06-28 18:15:00,2021,6,28,18,15,94,94028,A86 INT,48.77633,2.43091,Plein jour,Hors agglomération,Hors intersection,Normale,Deux véhicules - arrière,1,3,7,0,1,1,1,0,1,90,,3,1,0,0,2,31.0,23.0,,,1,1,1,1,2
202100031948,2021-06-28 17:00:00,2021,6,28,17,0,77,77258,A4.W,48.8306,2.63233,Plein jour,Hors agglomération,Hors intersection,Normale,Deux véhicules - arrière,1,-1,5,0,1,1,1,0,1,110,,3,1,0,0,2,63.0,29.0,,,1,1,1,1,2
202100031949,2021-06-27 21:45:00,2021,6,27,21,45,75,75112,A4,48.81928,2.45883,Crépuscule ou aube,Hors agglomération,Hors intersection,Normale,Deux véhicules - arrière,1,3,4,0,2,1,1,0,1,90,,3,1,0,0,2,30.0,,,,2,1,1,1,2
202100031950,2021-06-25 17:40:00,2021,6,25,17,40,04,04112,RD 5 (Bd Elemir Bourges),43.8327827731,5.7812138545,Plein jour,En agglomération,Hors intersection,Normale,Autre collision,3,1,2,0,1,1,1,0,1,30,,3,2,0,0,1,36.0,18.0,,,1,2,1,1,6
202100031951,2021-06-27 17:10:00,2021,6,27,17,10,38,38185,Rue de Stalingrad,45.17249,5.72463,Plein jour,En agglomération,Intersection en T,Normale,Autre collision,4,2,4,0,1,1,1,0,1,50,,2,1,0,0,1,21.0,,,,1,2,3,1,6
202100031952,2021-06-27 21:10:00,2021,6,27,21,10,75,75111,RUE DES TROIS BORNES,48.866188,2.371229,Plein jour,En agglomération,Intersection en T,Normale,Deux véhicules - arrière,4,1,1,2,2,1,1,0,1,50,,2,1,0,0,1,32.0,60.0,,,1,2,3,1,2
202100031953,2021-02-23 08:25:00,2021,2,23,8,25,09,09247,D33,42.954145,1.244684,Plein jour,Hors agglomération,Hors intersection,Normale,Autre collision,3,2,2,0,2,3,2,0,3,80,,1,0,1,0,0,25.0,,,,1,1,1,1,6
202100031954,2021-06-28 10:35:00,2021,6,28,10,35,988,98818,RUE ROGER GERVOLINO,-22.26663,166.46801,Plein jour,En agglomération,Hors intersection,Normale,Trois véhicules et plus - collisions multiples,4,2,2,0,1,1,1,0,1,50,,3,2,0,0,1,30.0,30.0,,,1,2,1,1,5
202100031955,2021-06-27 16:05:00,2021,6,27,16,5,988,98818,PARKING DE L'EGLISE DE MONTRAVEL,-22.25215,166.45311,Plein jour,En agglomération,Hors intersection,Normale,Autre collision,6,-1,0,0,2,1,1,9,8,5,,2,1,0,0,1,44.0,,,,1,2,1,1,6
202100031956,2021-06-27 22:45:00,2021,6,27,22,45,974,97416,D28 LIGNE DES BAMBOUS,-21.30004,55.49171,Nuit avec éclairage allumé,En agglomération,Hors intersection,Pluie légère,Autre collision,3,2,2,0,1,1,2,0,1,50,,2,0,0,2,0,38.0,,,,5,2,1,2,6
202100031957,2021-06-27 06:55:00,2021,6,27,6,55,973,97302,HEDER (place),4.9391305913,-52.3349393606,Plein jour,En agglomération,Hors intersection,Normale,Autre collision,4,1,1,0,1,2,6,0,4,30,,1,0,0,0,1,56.0,,,,1,2,1,1,6
202100031958,2021-06-27 14:00:00,2021,6,27,14,0,69,69383,FERDINAND BUISSON (R),45.75127,4.8939,Plein jour,En agglomération,Intersection en X,Normale,Deux véhicules - côté,4,1,1,2,1,1,1,0,1,30,,2,1,0,0,1,26.0,21.0,,,1,2,2,1,3
202100031959,2021-06-27 01:20:00,2021,6,27,1,20,972,97213,ROUTE DEPARTEMENTALE 13,14.6344,-61.01411,Nuit avec éclairage allumé,Hors agglomération,Hors intersection,Normale,Autre collision,3,2,2,0,2,3,1,0,3,70,,1,0,0,0,1,60.0,,,,5,1,1,1,6
202100031960,2021-06-27 06:55:00,2021,6,27,6,55,971,97101,RN5-BOISRIPEAUX,16.2797884172,-61.5077152833,Plein jour,En agglomération,Giratoire,Normale,Deux véhicules - côté,2,3,2,0,1,1,1,0,1,50,,5,2,0,0,3,50.0,22.0,,,1,2,6,1,3
202100031961,2021-06-27 10:45:00,2021,6,27,10,45,95,95680,CHARMETTES (AVENUE DES ),48.9971818739,2.4137359858,Plein jour,En agglomération,Intersection en T,Normale,Autre collision,4,1,1,0,1,1,1,0,1,50,,2,1,0,0,1,32.0,,,,1,2,3,1,6
202100031962,2021-06-27 23:00:00,2021,6,27,23,0,95,95280,RD 317,49.0225233966,2.4973887205,Nuit sans éclairage public,Hors agglomération,Hors intersection,Pluie légère,Deux véhicules - arrière,3,3,4,0,1,1,2,0,1,90,,2,1,0,0,1,58.0,40.0,,,3,1,1,2,2
202100031963,2021-06-27 18:25:00,2021,6,27,18,25,95,95277,GASSIEN ALEXANDRE (AVENUE),48.99811,2.42706,Plein jour,En agglomération,Hors intersection,Temps couvert,Autre collision,4,1,1,0,1,1,1,0,1,50,,2,1,0,1,0,21.0,,,,1,2,1,8,6
202100031964,2021-06-27 08:05:00,2021,6,27,8,5,91,91027,AV FRANCOIS MITTERRAND,48.719,2.370959,Plein jour,En agglomération,Hors intersection,Normale,Trois véhicules et plus - collisions multiples,3,3,4,0,1,1,1,1,1,70,,4,3,0,0,1,43.0,64.0,,,1,2,1,1,5
202100031965,2021-06-26 18:30:00,2021,6,26,18,30,83,83069,TOULON RD 46 ( ROUTE DE ),43.12623,6.09701,Plein jour,En agglomération,Hors intersection,Temps éblouissant,Deux véhicules - côté,7,2,2,0,1,1,1,0,1,50,,4,2,0,0,2,28.0,48.0,,,1,2,1,7,3
202100031966,2021-06-27 21:00:00,2021,6,27,21,0,79,79329,44 Rue Louis Blanc,46.986047,-0.21511,Plein jour,En agglomération,Hors intersection,Temps couvert,Autre collision,4,2,2,0,1,1,2,0,1,50,,1,0,0,1,0,29.0,,,,1,2,1,8,6
202100031967,2021-06-27 17:21:00,2021,6,27,17,21,76,76131,Côte de la Maison Brûlée (D132),49.348195,0.931084,Plein jour,Hors agglomération,Hors intersection,Normale,Sans collision,7,2,-1,-1,2,3,1,0,1,80,,2,0,0,0,2,22.0,,,,1,1,1,1,7
202100031968,2021-06-26 23:53:00,2021,6,26,23,53,72,72181,CLEMENCEAU GEORGES ( BD) N° PAIRS,47.98036,0.21648,Nuit avec éclairage allumé,En agglomération,Hors intersection,Normale,Deux véhicules - côté,4,3,4,0,1,1,1,0,1,50,,2,1,0,0,1,24.0,38.0,,,5,2,1,1,3
202100031969,2021-06-27 20:25:00,2021,6,27,20,25,69,69266,PAUL KRUGER (AV),45.75486,4.90098,Plein jour,En agglomération,Hors intersection,Normale,Deux véhicules - côté,4,2,2,0,1,1,1,0,1,50,,2,0,0,1,1,47.0,24.0,,,1,2,1,1,3
202100031970,2021-06-26 22:52:00,2021,6,26,22,52,59,59183,BANC VERT,51.02037,2.35569,Nuit avec éclairage allumé,En agglomération,Hors intersection,Normale,Autre collision,4,3,2,3,1,1,1,0,1,50,,1,0,0,0,1,23.0,,,,5,2,1,1,6
202100031971,2021-06-27 11:23:00,2021,6,27,11,23,57,57751,FERDINAND SECHEHAYE (RUE ),49.1509658,6.1647926,Plein jour,En agglomération,Intersection en X,Normale,Autre collision,4,1,1,0,1,1,1,0,4,30,,2,1,0,1,0,52.0,,,,1,2,2,1,6
202100031972,2021-06-26 15:35:00,2021,6,26,15,35,45,45234,Quai du Fort des Tourelles,47.89478,1.90672,Plein jour,En agglomération,Hors intersection,Normale,Autre collision,7,2,2,0,1,1,1,0,1,50,,2,1,0,1,0,38.0,,,,1,2,1,1,6
202100031973,2021-06-27 02:45:00,2021,6,27,2,45,45,45234,66 Quai de la Madeleine,47.89797,1.8789,Nuit avec éclairage allumé,En agglomération,Hors intersection,Normale,Deux véhicules - frontale,4,2,2,0,1,1,1,0,1,50,,6,0,0,0,6,25.0,19.0,,,5,2,1,1,1
202100031974,2021-06-27 18:09:00,2021,6,27,18,9,37,37261,MAGINOT (AV. ANDRE),47.4173639656,0.6909625232,Plein jour,En agglomération,Intersection en X,Pluie forte,Deux véhicules - côté,4,2,2,0,1,1,2,0,1,50,,8,6,0,0,2,37.0,46.0,,,1,2,2,3,3
202100031975,2021-06-27 02:42:00,2021,6,27,2,42,35,35238,PATTON (AVENUE DU GENERAL SIR GEORGES),48.12846,-1.66425,Nuit avec éclairage allumé,En agglomération,Intersection en X,Normale,Deux véhicules - frontale,4,2,4,2,1,1,2,5,1,50,,4,2,0,0,2,61.0,24.0,,,5,2,2,1,1
202100031976,2021-06-27 12:20:00,2021,6,27,12,20,34,34003,COURPOURON (QUAI H.),43.28611,3.44505,Plein jour,En agglomération,Intersection en T,Normale,Deux véhicules - frontale,4,1,1,0,1,1,1,0,1,50,,2,1,0,1,0,59.0,71.0,,,1,2,3,1,1
202100031977,2021-06-27 19:45:00,2021,6,27,19,45,33,33063,Cours de l'Yser,44.828798,-0.568767,Plein jour,En agglomération,Intersection en T,Temps couvert,Deux véhicules - côté,4,2,2,2,1,1,2,0,1,50,,2,1,0,0,1,61.0,31.0,,,1,2,3,8,3
202100031978,2021-06-27 22:15:00,2021,6,27,22,15,31,31555,AV JEAN RIEUX,43.58532,1.47588,Nuit avec éclairage allumé,En agglomération,Hors intersection,Pluie forte,Deux véhicules - arrière,4,-1,2,0,1,1,2,0,1,50,,2,1,0,0,1,32.0,56.0,,,5,2,1,3,2
202100031979,2021-06-27 16:30:00,2021,6,27,16,30,25,25056,GARNIER RUE LOUIS,47.215631812,5.9685319662,Plein jour,En agglomération,Hors intersection,Normale,Deux véhicules - arrière,6,-1,0,0,1,1,1,0,8,-1,,2,1,0,0,1,31.0,12.0,,,1,2,1,1,2
202100031980,2021-06-27 11:40:00,2021,6,27,11,40,15,15014,Avenue Charles de Gaulle,44.91201,2.42884,Plein jour,En agglomération,Hors intersection,Normale,Deux véhicules - côté,2,2,2,0,1,1,1,0,1,50,,2,1,0,0,1,54.0,57.0,,,1,2,1,1,3
202100031981,2021-06-26 03:55:00,2021,6,26,3,55,14,14333,CD 580,49.412522,0.266597,Nuit sans éclairage public,Hors agglomération,Hors intersection,Pluie légère,Sans collision,4,1,1,0,1,1,2,0,1,50,,2,1,0,0,1,19.0,,,,3,1,1,2,7
202100031982,2021-06-27 15:25:00,2021,6,27,15,25,14,14118,Place de la Gare,49.17583,-0.34932,Plein jour,En agglomération,Hors intersection,Normale,Autre collision,4,-1,0,0,1,1,1,0,4,6,,2,1,0,0,1,19.0,,,,1,2,1,1,6
202100031983,2021-06-26 20:25:00,2021,6,26,20,25,14,14118,Rue de Bayeux,49.18311,-0.37812,Plein jour,En agglomération,Hors intersection,Normale,Autre collision,4,2,2,0,1,1,1,0,1,50,,2,1,0,0,1,32.0,20.0,,,1,2,1,1,6
202100031984,2021-06-27 20:50:00,2021,6,27,20,50,13,13203,PLACIDE CAFFO (PLACE),43.31304,5.38486,Crépuscule ou aube,En agglomération,Hors intersection,Normale,Deux véhicules - frontale,4,2,2,0,1,1,1,6,8,50,,4,1,0,1,2,,,,,2,2,1,1,1
202100031985,2021-06-27 14:15:00,2021,6,27,14,15,13,13207,CORDERIE (BOULEVARD DE LA),43.2903216979,5.3691037406,Plein jour,En agglomération,Hors intersection,Normale,Deux véhicules - côté,4,2,4,0,2,1,1,0,8,50,,2,1,0,0,1,18.0,,,,1,2,1,1,3
202100031986,2021-06-27 07:55:00,2021,6,27,7,55,13,13210,PIERRE DOIZE  (RUE),43.27,5.423,Plein jour,En agglomération,Hors intersection,Normale,Deux véhicules - frontale,4,2,4,0,1,1,1,0,4,50,,1,0,0,0,1,61.0,,,,1,2,1,1,1
202100031987,2021-06-27 09:15:00,2021,6,27,9,15,13,13005,BOYER (AVENUE ANTIDE),43.29496,5.56272,Plein jour,En agglomération,Hors intersection,Normale,Trois véhicules et plus - en chaîne,7,1,2,0,1,1,1,0,1,30,,3,1,0,0,2,50.0,58.0,,,1,2,1,1,4
202100031988,2021-06-26 17:05:00,2021,6,26,17,5,01,01053,Chemin du Moulin des Loups,46.217592,5.262255,Plein jour,Hors agglomération,Hors intersection,Normale,Autre collision,4,2,1,0,1,1,1,0,1,30,,2,1,0,1,0,73.0,,,,1,1,1,1,6
202100031989,2021-06-27 02:30:00,2021,6,27,2,30,75,75105,QUAI SAINT BERNARD,48.843764,2.364472,Nuit avec éclairage non allumé,En agglomération,Place,Pluie légère,Trois véhicules et plus - collisions multiples,4,3,4,3,1,1,2,0,1,50,,5,4,0,0,1,21.0,27.0,,,4,2,7,2,5
202100031990,2021-06-27 15:15:00,2021,6,27,15,15,75,75116,VOIE GEORGES POMPIDOU,48.85208,2.279604,Plein jour,En agglomération,Hors intersection,Normale,Trois véhicules et plus - en chaîne,4,1,2,1,1,1,1,0,1,50,,5,4,0,0,1,53.0,65.0,,,1,2,1,1,4
202100031991,2021-06-27 12:40:00,2021,6,27,12,40,75,75114,RUE DES PLANTES,48.828034,2.321464,Plein jour,En agglomération,Intersection en T,Pluie légère,Autre collision,4,1,1,0,1,2,2,0,1,50,,2,1,0,0,1,56.0,,,,1,2,3,2,6
202100031992,2021-06-27 11:25:00,2021,6,27,11,25,75,75114,BOULEVARD RASPAIL,48.839411,2.330539,Plein jour,En agglomération,Intersection en T,Pluie légère,Autre collision,4,1,2,1,2,1,2,0,1,30,,2,1,0,0,1,23.0,,,,1,2,3,2,6
202100031993,2021-06-27 02:50:00,2021,6,27,2,50,75,75104,PONT NOTRE DAME,48.855673,2.34832,Nuit avec éclairage allumé,En agglomération,Intersection en X,Pluie légère,Deux véhicules - côté,4,1,2,1,1,1,2,2,5,30,,3,2,0,0,1,,26.0,,,5,2,2,2,3
202100031994,2021-06-27 12:00:00,2021,6,27,12,0,75,75103,BOULEVARD BEAUMARCHAIS,48.8596,2.36733,Plein jour,En agglomération,Hors intersection,Pluie légère,Sans collision,4,2,4,3,1,1,2,0,1,50,,1,0,0,0,1,27.0,,,,1,2,1,2,7
202100031995,2021-06-27 02:45:00,2021,6,27,2,45,75,75108,AVENUE DES CHAMPS ELYSEES,48.867748,2.313971,Nuit avec éclairage allumé,En agglomération,Intersection en X,Pluie légère,Trois véhicules et plus - collisions multiples,4,3,3,3,1,1,2,0,1,50,,3,2,0,0,1,19.0,34.0,,,5,2,2,2,5
202100031996,2021-06-27 07:50:00,2021,6,27,7,50,93,93078,Boulevard Robert Ballanger / Avenue Martin Luther King,48.9519,2.52838,Plein jour,En agglomération,Intersection en T,Temps couvert,Deux véhicules - côté,3,2,4,0,1,1,2,0,1,50,,3,2,0,0,1,63.0,27.0,,,1,2,3,8,3
202100031997,2021-06-27 22:50:00,2021,6,27,22,50,93,93071,Avenue de Livry,48.934164542,2.5354532897,Nuit avec éclairage allumé,En agglomération,Autre intersection,Pluie légère,Deux véhicules - côté,4,2,2,0,1,1,2,0,1,50,,3,2,0,0,1,21.0,,,,5,2,9,2,3
202100031998,2021-06-27 15:15:00,2021,6,27,15,15,93,93062,Allée de Montfermeil,48.89662,2.53039,Plein jour,En agglomération,Hors intersection,Normale,Deux véhicules - arrière,3,1,1,0,1,1,2,0,1,50,,3,2,0,0,1,54.0,21.0,,,1,2,1,1,2
202100031999,2021-06-26 23:45:00,2021,6,26,23,45,93,93049,Avenue de Rosny,48.871897,2.509142,Nuit avec éclairage allumé,En agglomération,Autre intersection,Normale,Trois véhicules et plus - collisions multiples,4,1,1,0,1,1,1,9,1,30,,4,2,0,0,2,25.0,,,,5,2,9,1,5
202100032000,2021-06-27 20:40:00,2021,6,27,20,40,93,93031,Avenue de la République,48.949562,2.330455,Crépuscule ou aube,En agglomération,Autre intersection,Normale,Deux véhicules - arrière,3,3,4,0,1,1,1,0,1,50,,2,1,0,1,0,34.0,36.0,,,2,2,9,1,2
202100032001,2021-06-27 02:30:00,2021,6,27,2,30,93,93029,HENRI BARBUSSE (AVE) N°126-280,48.9199,2.45132,Nuit avec éclairage allumé,En agglomération,Intersection en T,Pluie forte,Deux véhicules - côté,3,2,2,0,1,1,2,0,1,50,,6,2,0,3,1,24.0,19.0,,,5,2,3,3,3
202100032002,2021-06-27 03:15:00,2021,6,27,3,15,93,93007,MARECHAL FOCH (AVENUE DU),48.92778,2.46612,Nuit avec éclairage allumé,En agglomération,Hors intersection,Pluie légère,Autre collision,4,1,1,0,1,2,2,0,1,50,,1,0,0,0,1,30.0,,,,5,2,1,2,6
202100032003,2021-06-27 19:50:00,2021,6,27,19,50,93,93005,Rond-Point des Droits de l'Homme,48.930109,2.481736,Plein jour,En agglomération,Giratoire,Temps couvert,Deux véhicules - côté,3,1,2,0,1,1,1,5,1,50,,4,1,0,0,3,32.0,33.0,,,1,2,6,8,3
202100032004,2021-06-26 22:40:00,2021,6,26,22,40,93,93005,Rue Paul Cézanne,48.952983,2.49569,Nuit avec éclairage allumé,En agglomération,Hors intersection,Normale,Sans collision,3,1,2,0,1,2,1,0,1,50,,1,0,0,0,1,37.0,,,,5,2,1,1,7
202100032005,2021-06-27 20:40:00,2021,6,27,20,40,92,92012,JEAN JAURES (BOULEVARD) 217/FIN - 210/FI,48.8278374323,2.24679932,Plein jour,En agglomération,Hors intersection,Normale,Deux véhicules - arrière,4,2,2,0,1,1,1,0,1,50,,2,1,0,0,1,45.0,28.0,,,1,2,1,1,2
202100032006,2021-06-27 11:15:00,2021,6,27,11,15,92,92012,ANDRE MORIZET (AVENUE) 1/47 - 2/52,48.835015039,2.2412954271,Plein jour,En agglomération,Intersection en X,Pluie légère,Deux véhicules - côté,3,2,2,0,1,1,2,0,1,50,,4,3,0,0,1,62.0,19.0,,,1,2,2,2,3
202100032007,2021-06-27 13:00:00,2021,6,27,13,0,92,92002,JEAN MOULIN (RUE),48.75329,2.30587,Plein jour,En agglomération,Hors intersection,Pluie légère,Deux véhicules - côté,4,2,2,0,1,1,2,0,1,50,,2,1,0,0,1,46.0,34.0,,,1,2,1,2,3
202100032008,2021-06-28 07:00:00,2021,6,28,7,0,2A,2A249,T402,41.671481,8.911285,Plein jour,En agglomération,Hors intersection,Normale,Sans collision,2,2,2,0,2,1,1,0,1,50,,1,0,0,1,0,48.0,,,,1,2,1,1,7
202100032009,2021-06-26 14:15:00,2021,6,26,14,15,68,68249,rd 48-II,48.111343,7.118658,Plein jour,Hors agglomération,Hors intersection,Normale,Autre collision,3,2,2,0,1,1,1,0,3,80,,1,0,0,1,0,22.0,,,,1,1,1,1,6
202100032010,2021-06-26 11:45:00,2021,6,26,11,45,27,27478,D52,48.954734,1.220856,Plein jour,Hors agglomération,Giratoire,Normale,Sans collision,3,2,2,0,1,1,1,0,1,80,,2,1,0,1,0,62.0,,,,1,1,6,1,7
202100032011,2021-06-27 18:35:00,2021,6,27,18,35,21,21087,"Autoroute A6, PK 286+100 PARIS-LYON",47.108885,4.712861,Plein jour,Hors agglomération,Hors intersection,Normale,Deux véhicules - arrière,1,3,5,3,1,1,1,0,6,130,,4,3,0,1,0,28.0,26.0,,,1,1,1,1,2
202100032012,2021-06-27 19:00:00,2021,6,27,19,0,42,42003,898 Route de Montplaisir,46.100469,3.890707,Plein jour,Hors agglomération,Hors intersection,Pluie légère,Deux véhicules - frontale,4,2,1,0,2,1,2,0,1,80,,2,0,0,0,2,27.0,44.0,,,1,1,1,2,1
202100032013,2021-06-27 17:15:00,2021,6,27,17,15,83,83019,Route de Léoube,43.120282,6.296443,Plein jour,Hors agglomération,Hors intersection,Normale,Sans collision,3,2,2,0,1,2,1,0,1,70,,1,0,0,1,0,61.0,,,,1,1,1,1,7
202100032014,2021-06-27 17:00:00,2021,6,27,17,0,83,83019,Route de Cabasson,43.119718,6.32422,Plein jour,Hors agglomération,Hors intersection,Temps éblouissant,Deux véhicules - côté,3,2,2,0,2,2,1,0,1,70,,3,1,0,1,1,35.0,74.0,,,1,1,1,7,3
202100032015,2021-06-25 02:00:00,2021,6,25,2,0,2A,2A085,lieu dit gabella,41.918397,8.912144,Nuit avec éclairage non allumé,En agglomération,Hors intersection,Normale,Deux véhicules - frontale,2,2,2,0,2,3,1,0,1,50,,5,4,0,1,0,19.0,47.0,,,4,2,1,1,1
202100032016,2021-06-27 18:30:00,2021,6,27,18,30,80,80512,Residence des Etangs,50.077179,1.813769,Plein jour,En agglomération,Intersection en T,Pluie légère,Sans collision,4,2,2,0,2,1,2,0,1,50,,1,0,0,0,1,38.0,,,,1,2,3,2,7
202100032017,2021-06-28 18:05:00,2021,6,28,18,5,39,39104,,46.77908,5.420337,Plein jour,Hors agglomération,Hors intersection,Normale,Autre collision,3,2,2,0,1,1,1,0,8,80,,2,0,0,2,0,42.0,,,,1,1,1,1,6
202100032018,2021-06-27 17:00:00,2021,6,27,17,0,39,39458,,46.6163,5.6096533,Plein jour,Hors agglomération,Intersection en X,Normale,Deux véhicules - côté,3,2,2,0,1,1,1,5,1,70,,6,0,0,4,2,68.0,22.0,,,1,1,2,1,3
202100032019,2021-06-27 17:45:00,2021,6,27,17,45,29,29031,Rue des Grands Sables,47.768403,-3.544668,Plein jour,En agglomération,Hors intersection,Normale,Trois véhicules et plus - en chaîne,4,1,1,2,1,1,1,0,1,30,,5,3,0,0,2,38.0,31.0,,,1,2,1,1,4
202100032020,2021-06-27 20:00:00,2021,6,27,20,0,29,29025,Lieu dit Coscasquen,48.1572628293,-4.1657096585,Plein jour,Hors agglomération,Hors intersection,Normale,Autre collision,4,2,2,0,2,2,1,0,3,80,,3,2,0,0,1,20.0,,,,1,1,1,1,6
202100032021,2021-06-27 17:50:00,2021,6,27,17,50,38,38463,rue des peupliers,45.160556,5.329549,Plein jour,En agglomération,Hors intersection,Normale,Deux véhicules - frontale,4,2,2,0,2,3,1,0,1,50,,2,1,0,1,0,38.0,60.0,,,1,2,1,1,1
202100032022,2021-06-27 15:10:00,2021,6,27,15,10,03,03184,D13,46.611805,3.249628,Plein jour,En agglomération,Giratoire,Normale,Deux véhicules - côté,3,1,1,0,1,1,1,0,1,50,,2,1,0,0,1,49.0,17.0,,,1,2,6,1,3
202100032023,2021-06-25 11:55:00,2021,6,25,11,55,01,01124,Route de Varennes,46.453289,5.2327,Plein jour,Hors agglomération,Autre intersection,Normale,Sans collision,3,2,2,0,1,2,1,0,3,80,,2,0,0,2,0,57.0,,,,1,1,9,1,7
202100032024,2021-06-28 04:25:00,2021,6,28,4,25,01,01380,Route de Cormoz,46.449604,5.198904,Nuit sans éclairage public,Hors agglomération,Hors intersection,Normale,Sans collision,3,2,2,0,1,1,1,0,3,80,,1,0,0,0,1,46.0,,,,3,1,1,1,7
202100032025,2021-06-28 18:00:00,2021,6,28,18,0,01,01301,730 Route de Mézériat,46.246562,5.116974,Plein jour,En agglomération,Intersection en T,Normale,Deux véhicules - côté,3,2,2,0,2,1,1,0,1,50,,2,0,0,1,1,43.0,19.0,,,1,2,3,1,3
202100032026,2021-06-26 11:10:00,2021,6,26,11,10,26,26327,ROUTE DE CHATILLON intersection RD 539 et RD 140,44.683637,5.444112,Plein jour,Hors agglomération,Intersection en T,Normale,Deux véhicules - côté,3,2,2,0,1,2,1,0,1,80,,5,0,0,2,3,19.0,74.0,,,1,1,3,1,3
202100032027,2021-06-28 08:05:00,2021,6,28,8,5,54,54194,D16,49.4118544673,5.8269354683,Plein jour,Hors agglomération,Intersection en X,Temps couvert,Deux véhicules - côté,3,2,2,0,1,1,1,0,1,80,,3,0,0,1,2,22.0,23.0,,,1,1,2,8,3
202100032028,2021-06-28 10:30:00,2021,6,28,10,30,06,06059,A500,43.733861,7.387211,Plein jour,Hors agglomération,Autre intersection,Normale,Deux véhicules - côté,1,3,4,0,2,1,1,0,1,50,,2,1,0,1,0,53.0,75.0,,,1,1,9,1,3
202100032029,2021-06-28 17:45:00,2021,6,28,17,45,14,14399,D286,49.261208,0.24447,Plein jour,Hors agglomération,Hors intersection,Normale,Sans collision,3,2,2,0,2,1,1,0,3,80,,1,0,0,1,0,23.0,,,,1,1,1,1,7
202100032030,2021-06-24 00:30:00,2021,6,24,0,30,60,60236,D39,49.681958,3.046024,Nuit sans éclairage public,En agglomération,Intersection en X,Normale,Deux véhicules - côté,3,2,2,0,1,1,1,0,1,80,,7,0,0,0,7,25.0,50.0,,,3,2,2,1,3
202100032031,2021-06-28 07:55:00,2021,6,28,7,55,64,64101,2 rue des pyrénées,43.205669,-0.257792,Plein jour,En agglomération,Hors intersection,Normale,Deux véhicules - côté,3,2,2,0,1,2,1,0,1,50,,2,1,0,0,1,27.0,18.0,,,1,2,1,1,3