accident_id,datetime,annee,mois,jour,heure,minute,departement,commune_insee,adresse,latitude,longitude,luminosite,agglomeration,intersection,meteo,collision,catr,circ,nbv,vosp,prof,plan,surf,infra,situ,vma,nb_vehicules,nb_usagers,nb_indemnes,nb_tues,nb_blesses_hosp,nb_blesses_legers,age_cond_1,age_cond_2,veh_type_cond_1,veh_type_cond_2,lum_code,agg_code,int_code,atm_code,col_code
202100032032,2021-06-15 14:10:00,2021,6,15,14,10,36,36088,Rue de l’Horloge,46.94848,1.99064,Plein jour,En agglomération,Hors intersection,Normale,Autre collision,4,1,1,0,1,1,1,0,1,50,,2,1,0,0,1,20.0,,,,1,2,1,1,6
202100032033,2021-06-15 08:10:00,2021,6,15,8,10,24,24255,Route de Callabout,44.938777,1.121252,Plein jour,Hors agglomération,Hors intersection,Temps éblouissant,Deux véhicules - frontale,3,-1,2,0,2,4,1,0,1,-1,,2,1,0,1,0,61.0,53.0,,,1,1,1,7,1
202100032034,2021-06-28 14:10:00,2021,6,28,14,10,28,28191,Route de Gallardon,48.588719,1.678146,Plein jour,Hors agglomération,Intersection en X,Temps couvert,Deux véhicules - côté,3,2,2,0,1,1,1,5,1,80,,2,1,0,1,0,27.0,42.0,,,1,1,2,8,3
202100032035,2021-06-25 23:13:00,2021,6,25,23,13,23,23137,"Lieu-dit Montbaron, D912A1, PK 28+010",46.102247,1.65724,Nuit sans éclairage public,Hors agglomération,Hors intersection,Normale,Sans collision,3,2,2,0,1,1,1,0,1,90,,2,1,0,1,0,44.0,,,,3,1,1,1,7
202100032036,2021-06-27 23:44:00,2021,6,27,23,44,30,30227,D37,44.2543,4.202169,Nuit avec éclairage allumé,En agglomération,Hors intersection,Normale,Autre collision,3,2,2,0,2,1,1,0,3,50,,1,0,0,1,0,30.0,,,,5,2,1,1,6
202100032037,2021-06-27 14:40:00,2021,6,27,14,40,08,08137,RD 989,49.83574,4.699016,Plein jour,Hors agglomération,Hors intersection,Pluie légère,Deux véhicules - frontale,3,2,2,0,2,3,2,0,1,80,,3,0,1,2,0,40.0,25.0,,,1,1,1,2,1
202100032038,2021-06-26 12:00:00,2021,6,26,12,0,88,88246,1 Rue de la Grande Rangée,48.265787,6.142328,Plein jour,En agglomération,Intersection en T,Normale,Autre collision,3,2,2,0,1,4,1,0,1,50,,2,1,0,1,0,30.0,,,,1,2,3,1,6
202100032039,2021-06-06 16:20:00,2021,6,6,16,20,24,24226,Route de Bergerac,44.853469,0.014434,Plein jour,Hors agglomération,Hors intersection,Normale,Autre collision,3,2,2,0,1,1,1,0,1,80,,2,1,0,0,1,27.0,59.0,,,1,1,1,1,6
202100032040,2021-06-28 08:30:00,2021,6,28,8,30,67,67125,A35,48.356591,7.499456,Plein jour,Hors agglomération,Hors intersection,Normale,Deux véhicules - arrière,1,3,4,0,1,1,1,0,1,130,,2,1,0,1,0,38.0,43.0,,,1,1,1,1,2
202100032041,2021-06-28 13:10:00,2021,6,28,13,10,38,38237,rd1091 - le chambon,45.039264,6.177235,Plein jour,Hors agglomération,Hors intersection,Normale,Sans collision,3,2,2,0,2,1,1,0,1,80,,1,0,0,0,1,37.0,,,,1,1,1,1,7
202100032042,2021-06-27 15:15:00,2021,6,27,15,15,69,69206,A6     PK 419.800 sens LYON-PARIS,46.0374289584,4.7262306535,Plein jour,Hors agglomération,Hors intersection,Normale,Autre collision,1,3,6,0,1,1,1,0,1,130,,2,0,0,0,2,47.0,,,,1,1,1,1,6
202100032043,2021-06-27 15:00:00,2021,6,27,15,0,971,97121,Morphy,16.24102,-61.795397,Plein jour,Hors agglomération,Hors intersection,Normale,Sans collision,3,2,2,0,3,1,1,0,1,80,,1,0,0,0,1,30.0,,,,1,1,1,1,7
202100032044,2021-06-28 01:30:00,2021,6,28,1,30,45,45225,D25- PR 14 + 28,48.1656874049,2.3750695094,Nuit sans éclairage public,Hors agglomération,Hors intersection,Pluie légère,Autre collision,3,2,2,0,2,2,2,0,3,80,,5,0,0,3,2,19.0,,,,3,1,1,2,6
202100032045,2021-06-27 01:55:00,2021,6,27,1,55,78,78147,D52,49.019412,1.484088,Nuit avec éclairage allumé,En agglomération,Intersection en X,Normale,Deux véhicules - côté,2,2,2,0,1,1,1,5,1,50,,2,0,0,0,2,22.0,48.0,,,5,2,2,1,3
202100032046,2021-06-27 04:00:00,2021,6,27,4,0,84,84026,"Départementale 45, route de Vaugines",43.739662,5.388966,Nuit sans éclairage public,Hors agglomération,Hors intersection,Normale,Sans collision,3,2,2,0,2,1,1,0,1,80,,1,0,0,1,0,28.0,,,,3,1,1,1,7
202100032047,2021-06-24 18:00:00,2021,6,24,18,0,04,04019,RD 900 / RD 902,44.386722,6.649904,Plein jour,En agglomération,Intersection en X,Normale,Deux véhicules - côté,3,1,1,0,1,1,1,5,1,50,,2,1,0,0,1,,14.0,,,1,2,2,1,3
202100032048,2021-06-27 04:30:00,2021,6,27,4,30,68,68294,Chemin du kiosque,48.262941,7.222459,Crépuscule ou aube,En agglomération,Hors intersection,Normale,Sans collision,9,2,1,0,2,1,1,0,1,-1,,1,0,0,0,1,18.0,,,,2,2,1,1,7
202100032049,2021-06-27 16:30:00,2021,6,27,16,30,88,88531,316 Route de Colmar,48.084447,6.912814,Plein jour,Hors agglomération,Hors intersection,Normale,Deux véhicules - côté,3,2,2,0,1,1,2,0,1,80,,3,2,0,1,0,22.0,22.0,,,1,1,1,1,3
202100032050,2021-06-26 02:00:00,2021,6,26,2,0,73,73303,D109,45.763077,6.466322,Nuit sans éclairage public,Hors agglomération,Hors intersection,Normale,Autre collision,3,2,2,0,2,4,2,0,1,80,,2,0,0,0,2,34.0,,,,3,1,1,1,6
202100032051,2021-06-27 02:30:00,2021,6,27,2,30,19,19085,Rond point sortie 21 - A89 sur RD 1089,45.3217484764,1.8497371674,Nuit sans éclairage public,Hors agglomération,Giratoire,Temps couvert,Sans collision,3,2,2,0,1,1,2,5,1,90,,1,0,1,0,0,32.0,,,,3,1,6,8,7
202100032052,2021-06-27 00:19:00,2021,6,27,0,19,13,13215,A55-Sens Marseille vers Martigues,43.3336495903,5.3541798591,Nuit sans éclairage public,Hors agglomération,Hors intersection,Normale,Deux véhicules - côté,1,3,3,0,1,3,1,0,2,90,,1,0,0,1,0,39.0,,,,3,1,1,1,3
202100032053,2021-06-27 00:00:00,2021,6,27,0,0,69,69256,A42     0.560 A 4.020,45.7958301061,4.9280199409,Nuit sans éclairage public,Hors agglomération,Hors intersection,Normale,Deux véhicules - arrière,1,3,3,0,2,3,1,0,2,90,,4,2,0,0,2,35.0,21.0,,,3,1,1,1,2
202100032054,2021-06-27 21:40:00,2021,6,27,21,40,33,33249,Rocade Rive Droite N230,44.882964,-0.511614,Crépuscule ou aube,Hors agglomération,Hors intersection,Pluie forte,Deux véhicules - arrière,2,3,4,0,2,4,2,3,1,50,,3,2,0,0,1,22.0,21.0,,,2,1,1,3,2
202100032055,2021-06-27 16:26:00,2021,6,27,16,26,33,33249,ROUTE NATIONALE 230,44.883757,-0.511518,Plein jour,Hors agglomération,Hors intersection,Normale,Deux véhicules - arrière,2,3,6,0,1,1,1,0,1,90,,6,5,0,0,1,35.0,42.0,,,1,1,1,1,2
202100032056,2021-06-27 17:10:00,2021,6,27,17,10,94,94043,AUTOROUTE A6B,48.80775,2.3471,Plein jour,Hors agglomération,Hors intersection,Normale,Trois véhicules et plus - collisions multiples,1,3,2,0,1,1,1,1,1,70,,6,4,0,0,2,66.0,44.0,,,1,1,1,1,5
202100032057,2021-06-27 07:30:00,2021,6,27,7,30,91,91340,RN 104,48.608,2.435,Plein jour,Hors agglomération,Hors intersection,Normale,Autre collision,2,1,3,0,2,3,2,0,1,70,,1,0,0,0,1,24.0,,,,1,1,1,1,6
202100032058,2021-06-27 15:00:00,2021,6,27,15,0,78,78043,A12 Y,48.840979,2.093563,Plein jour,Hors agglomération,Hors intersection,Normale,Autre collision,1,3,8,0,1,1,1,0,2,90,,3,0,0,0,3,22.0,,,,1,1,1,1,6
202100032059,2021-06-27 11:32:00,2021,6,27,11,32,78,78117,RN12,48.788417,2.137377,Plein jour,Hors agglomération,Hors intersection,Pluie forte,Trois véhicules et plus - en chaîne,2,3,6,0,2,2,2,0,1,110,,8,7,0,0,1,21.0,38.0,,,1,1,1,3,4
202100032060,2021-06-27 16:10:00,2021,6,27,16,10,93,93064,AUTOROUTE A86,48.88149,2.47393,Plein jour,Hors agglomération,Hors intersection,Normale,Deux véhicules - côté,1,3,7,0,1,1,1,0,1,90,,2,1,0,0,1,31.0,36.0,,,1,1,1,1,3
202100032061,2021-06-27 13:40:00,2021,6,27,13,40,95,95582,RD 170,48.9647,2.27002,Plein jour,Hors agglomération,Hors intersection,Pluie légère,Autre collision,3,3,7,0,1,3,2,0,1,50,,1,0,0,0,1,32.0,,,,1,1,1,2,6
202100032062,2021-06-27 13:00:00,2021,6,27,13,0,95,95572,RN 184,49.0322548706,2.109105402,Plein jour,Hors agglomération,Hors intersection,Pluie légère,Autre collision,2,1,2,0,1,2,2,0,1,70,,3,0,0,0,3,23.0,,,,1,1,1,2,6
202100032063,2021-06-27 10:27:00,2021,6,27,10,27,93,93008,AUTOROUTE A86,48.91037,2.44323,Plein jour,Hors agglomération,Hors intersection,Normale,Deux véhicules - arrière,1,3,6,0,1,1,1,1,1,70,,2,1,0,0,1,40.0,47.0,,,1,1,1,1,2
202100032064,2021-06-27 07:40:00,2021,6,27,7,40,95,95277,AUTOROUTE A3,48.98419,2.50218,Plein jour,Hors agglomération,Hors intersection,Pluie légère,Autre collision,1,3,12,0,1,1,2,0,1,90,,1,0,0,0,1,28.0,,,,1,1,1,2,6
202100032065,2021-06-27 05:30:00,2021,6,27,5,30,95,95582, A115,48.97778,2.24082,Nuit avec éclairage allumé,Hors agglomération,Hors intersection,Pluie légère,Autre collision,1,3,5,0,1,3,2,0,1,70,,5,1,0,0,4,25.0,,,,5,1,1,2,6
202100032066,2021-06-27 05:25:00,2021,6,27,5,25,95,95572,RN 184,49.05073,2.14786,Crépuscule ou aube,Hors agglomération,Hors intersection,Normale,Deux véhicules - frontale,2,3,6,0,2,3,1,0,1,50,,4,0,0,0,4,23.0,31.0,,,2,1,1,1,1
202100032067,2021-06-27 20:00:00,2021,6,27,20,0,77,77249,RN104,48.7516922157,2.6144258748,Plein jour,Hors agglomération,Hors intersection,Normale,Deux véhicules - arrière,2,-1,2,0,1,1,1,0,1,110,,2,1,0,0,1,27.0,30.0,,,1,1,1,1,2
202100032068,2021-06-26 17:45:00,2021,6,26,17,45,77,77373,RN104,48.79433,2.62008,Plein jour,Hors agglomération,Hors intersection,Normale,Deux véhicules - côté,2,3,6,0,1,1,1,0,1,90,,2,1,0,0,1,22.0,21.0,,,1,1,1,1,3
202100032069,2021-06-26 01:00:00,2021,6,26,1,0,94,94028,A86 INT,48.7924517963,2.4412611704,Nuit avec éclairage allumé,Hors agglomération,Hors intersection,Pluie légère,Deux véhicules - arrière,1,1,3,0,1,1,2,0,1,90,,4,2,0,0,2,36.0,45.0,,,5,1,1,2,2
202100032070,2021-06-25 17:30:00,2021,6,25,17,30,94,94017,A4,48.8305,2.48931,Plein jour,Hors agglomération,Hors intersection,Pluie forte,Autre collision,1,1,1,0,2,2,2,0,1,50,,1,0,0,0,1,27.0,,,,1,1,1,3,6
202100032071,2021-06-26 09:55:00,2021,6,26,9,55,82,82121,BOURDAN (RUE P.),44.0245841669,1.3420251757,Plein jour,En agglomération,Intersection en T,Normale,Autre collision,4,1,1,0,1,1,1,0,1,50,,2,1,1,0,0,66.0,,,,1,2,3,1,6
202100032072,2021-06-25 16:45:00,2021,6,25,16,45,27,27229,LAVOISIER (RUE),49.0003438,1.1475648,Plein jour,En agglomération,Hors intersection,Normale,Autre collision,4,2,0,0,1,1,1,0,1,50,,2,1,0,0,1,25.0,,,,1,2,1,1,6
202100032073,2021-06-26 18:35:00,2021,6,26,18,35,974,97416,PRESIDENT MITTERAND(AVENUE),-21.3464,55.4863,Nuit avec éclairage allumé,En agglomération,Hors intersection,Normale,Autre collision,4,3,2,0,1,3,1,0,1,50,,2,1,0,0,1,81.0,,,,5,2,1,1,6
202100032074,2021-06-26 21:15:00,2021,6,26,21,15,974,97411,FOUCQUE (AVENUE HIPPOLYTE),-20.89495,55.48746,Nuit avec éclairage allumé,En agglomération,Hors intersection,Normale,Deux véhicules - côté,4,2,2,0,2,1,1,0,1,50,,2,1,0,0,1,28.0,24.0,,,5,2,1,1,3
202100032075,2021-06-26 16:00:00,2021,6,26,16,0,974,97407,COMMUNE DE PARIS (AVENUE),-20.94238,55.29226,Plein jour,En agglomération,Hors intersection,Normale,Autre collision,4,1,1,0,1,1,1,0,1,50,,1,0,1,0,0,32.0,,,,1,2,1,1,6
202100032076,2021-06-26 08:20:00,2021,6,26,8,20,973,97302,FELIX EBOUE(ROCADE),4.9281732101,-52.3174488545,Plein jour,En agglomération,Autre intersection,Normale,Deux véhicules - côté,3,2,2,0,1,1,1,9,1,50,,3,1,0,0,2,55.0,23.0,,,1,2,9,1,3
202100032077,2021-06-25 12:55:00,2021,6,25,12,55,973,97302,CATAYEE (JUSTIN),4.92401,-52.32375,Plein jour,En agglomération,Autre intersection,Normale,Deux véhicules - côté,3,2,1,0,1,1,1,9,1,50,,2,1,0,0,1,31.0,16.0,,,1,2,9,1,3
202100032078,2021-06-26 17:05:00,2021,6,26,17,5,69,69383,FELIX FAURE                         (AV),45.7551,4.87106,Plein jour,En agglomération,Hors intersection,Normale,Sans collision,4,2,3,3,1,1,1,0,6,50,,1,0,0,0,1,22.0,,,,1,2,1,1,7
202100032079,2021-06-26 17:45:00,2021,6,26,17,45,69,69389,ROGER SALENGRO (R),45.7787,4.80492,Plein jour,En agglomération,Intersection en X,Normale,Deux véhicules - côté,4,2,2,0,1,1,1,0,1,50,,3,2,0,0,1,30.0,22.0,,,1,2,2,1,3
202100032080,2021-06-26 14:20:00,2021,6,26,14,20,69,69202,BARON DU MARAIS (DU) (BD),45.73105,4.79958,Plein jour,En agglomération,Hors intersection,Normale,Deux véhicules - arrière,4,-1,2,0,1,1,1,0,1,50,,3,2,0,0,1,27.0,28.0,,,1,2,1,1,2
202100032081,2021-06-25 18:20:00,2021,6,25,18,20,69,69149,BRIGNAIS (DE) (RTE),45.7243026945,4.7806942463,Plein jour,En agglomération,Intersection en X,Normale,Deux véhicules - côté,7,2,3,2,1,1,1,5,1,50,,2,1,0,1,0,17.0,30.0,,,1,2,2,1,3
202100032082,2021-06-25 15:40:00,2021,6,25,15,40,69,69149,CLAUDE MICHEL (R),45.718397319,4.7985840621,Plein jour,En agglomération,Intersection en X,Normale,Deux véhicules - côté,4,2,2,0,3,1,1,0,1,50,,4,3,0,0,1,36.0,76.0,,,1,2,2,1,3
202100032083,2021-06-26 13:50:00,2021,6,26,13,50,91,91549,ROGER PERRIAUD (PLACE),48.640962,2.325819,Plein jour,En agglomération,Giratoire,Pluie légère,Deux véhicules - côté,4,-1,7,0,1,1,2,0,1,50,,2,1,0,0,1,29.0,20.0,,,1,2,6,2,3
202100032084,2021-06-26 08:15:00,2021,6,26,8,15,91,91312,PARC (RUE DU),48.73519,2.23817,Plein jour,En agglomération,Intersection en T,Pluie légère,Deux véhicules - arrière,3,2,2,0,2,1,2,9,1,45,,2,0,0,0,2,60.0,29.0,,,1,2,3,2,2
202100032085,2021-06-27 01:10:00,2021,6,27,1,10,83,83069,AGREVE  (AVENUE JEAN),43.08202,6.153237,Nuit avec éclairage allumé,En agglomération,Hors intersection,Normale,Deux véhicules - arrière,4,2,2,0,1,1,1,0,1,50,,3,2,0,0,1,24.0,33.0,,,5,2,1,1,2
202100032086,2021-06-26 21:20:00,2021,6,26,21,20,83,83069,LYAUTEY (AVENUE),43.119154,6.129827,Plein jour,En agglomération,Hors intersection,Normale,Deux véhicules - côté,4,2,2,0,1,1,1,5,1,50,,2,1,0,0,1,22.0,45.0,,,1,2,1,1,3
202100032087,2021-06-25 13:10:00,2021,6,25,13,10,83,83069,JUIN ( BOULEVARD DU MARECHAL ),43.11627,6.1133,Plein jour,En agglomération,Intersection en T,Normale,Trois véhicules et plus - collisions multiples,4,2,2,0,1,1,1,0,1,50,,6,5,0,0,1,81.0,77.0,,,1,2,3,1,5
202100032088,2021-06-24 18:10:00,2021,6,24,18,10,83,83061,RUE DU DOCTEUR LOUIS TURCAN,43.433527,6.739289,Plein jour,En agglomération,Hors intersection,Normale,Autre collision,4,1,2,0,3,3,1,0,1,50,,3,1,0,2,0,60.0,,,,1,2,1,1,6
202100032089,2021-06-25 18:10:00,2021,6,25,18,10,83,83118,ROUTE DES GOLFS,43.44944,6.83929,Plein jour,En agglomération,Hors intersection,Normale,Autre collision,4,2,2,0,1,3,1,0,1,50,,1,0,1,0,0,44.0,,,,1,2,1,1,6
202100032090,2021-06-22 17:15:00,2021,6,22,17,15,83,83050,MENDES FRANCE(BOULEVARD PIERRE),43.5320409469,6.4649605751,Plein jour,En agglomération,Autre intersection,Normale,Autre collision,3,3,4,0,1,3,1,9,6,50,,2,1,0,1,0,26.0,,,,1,2,9,1,6
202100032091,2021-06-26 10:50:00,2021,6,26,10,50,81,81065,TOULOUSE RN 126 (RTE DE),43.590255,2.199896,Plein jour,Hors agglomération,Hors intersection,Normale,Deux véhicules - côté,2,3,4,0,1,1,1,0,1,90,,3,1,0,0,2,36.0,28.0,,,1,1,1,1,3
202100032092,2021-06-26 21:20:00,2021,6,26,21,20,78,78015,SCHWEISGUTH (RUE DU GENERAL),48.99,2.068,Plein jour,En agglomération,Hors intersection,Normale,Deux véhicules - arrière,3,3,2,0,1,1,1,9,1,50,,4,3,0,0,1,17.0,25.0,,,1,2,1,1,2
202100032093,2021-06-22 16:10:00,2021,6,22,16,10,77,77132,RD 934,48.881,2.7855,Plein jour,Hors agglomération,Hors intersection,Temps couvert,Deux véhicules - frontale,3,2,2,0,2,3,2,0,1,80,,2,0,1,0,1,30.0,48.0,,,1,1,1,8,1
202100032094,2021-06-25 21:20:00,2021,6,25,21,20,71,71306,Boulevard de Lattre de Tassigny,46.6781431807,4.3666375933,Plein jour,En agglomération,Intersection en T,Normale,Deux véhicules - côté,4,2,3,0,2,2,1,5,1,50,,2,1,0,0,1,24.0,40.0,,,1,2,3,1,3
202100032095,2021-06-26 20:00:00,2021,6,26,20,0,69,69029,PIERRE BROSSOLETTE (AV),45.74053,4.92033,Crépuscule ou aube,En agglomération,Intersection en T,Normale,Deux véhicules - côté,4,2,2,0,1,1,1,0,1,50,,3,2,0,1,0,22.0,18.0,,,2,2,3,1,3
202100032096,2021-06-25 17:25:00,2021,6,25,17,25,69,69264,LASSALLE  ANTONIN  (BD),45.97885,4.72059,Plein jour,En agglomération,Intersection en T,Normale,Autre collision,3,2,2,0,3,1,1,0,1,50,,2,1,0,0,1,59.0,,,,1,2,3,1,6
202100032097,2021-06-26 16:26:00,2021,6,26,16,26,65,65286,ESPAGNE (BOULEVARD D'),43.08392,-0.04433,Plein jour,En agglomération,Hors intersection,Normale,Deux véhicules - frontale,3,3,2,0,1,1,1,1,1,50,,3,1,0,0,2,63.0,66.0,,,1,2,1,1,1
202100032098,2021-06-26 20:25:00,2021,6,26,20,25,64,64445,MONTARDON DE,43.3146,-0.3758,Plein jour,En agglomération,Intersection en T,Pluie légère,Deux véhicules - frontale,4,2,2,0,1,1,2,0,1,30,,4,2,0,0,2,60.0,46.0,,,1,2,3,2,1
202100032099,2021-06-26 10:15:00,2021,6,26,10,15,64,64445,MONTARDON DE,43.32285,-0.3698,Plein jour,En agglomération,Intersection en X,Normale,Deux véhicules - frontale,4,2,1,1,1,1,1,0,1,50,,2,1,0,0,1,64.0,40.0,,,1,2,2,1,1
202100032100,2021-06-26 20:35:00,2021,6,26,20,35,64,64024,BOIS BELIN (RUE DU),43.49318,-1.51564,Plein jour,En agglomération,Autre intersection,Normale,Deux véhicules - côté,4,2,-1,0,1,1,1,0,1,50,,2,1,0,0,1,17.0,62.0,,,1,2,9,1,3
202100032101,2021-06-26 18:55:00,2021,6,26,18,55,64,64024,AVENUE DE BAYONNE,43.48115,-1.51164,Plein jour,En agglomération,Hors intersection,Normale,Sans collision,3,2,4,0,1,1,1,0,6,50,,1,0,0,0,1,62.0,,,,1,2,1,1,7
202100032102,2021-06-26 11:19:00,2021,6,26,11,19,60,60057,Boulevard du Général de Gaulle,49.42915,2.08986,Plein jour,En agglomération,Hors intersection,Normale,Autre collision,4,2,2,0,1,1,1,0,1,30,,2,1,0,0,1,20.0,,,,1,2,1,1,6
202100032103,2021-06-26 03:45:00,2021,6,26,3,45,59,59540,FOSSE DEFENSIF - ROUTE,51.03525,2.31986,Nuit avec éclairage allumé,Hors agglomération,Hors intersection,Pluie forte,Autre collision,3,2,2,0,2,2,2,5,3,70,,2,0,0,2,0,28.0,,,,5,1,1,3,6
202100032104,2021-06-26 19:04:00,2021,6,26,19,4,54,54197,RD 73,48.6248336523,6.1938757449,Plein jour,Hors agglomération,Hors intersection,Normale,Deux véhicules - côté,7,-1,2,0,2,4,1,0,1,70,,2,1,0,0,1,66.0,28.0,,,1,1,1,1,3
202100032105,2021-06-26 13:20:00,2021,6,26,13,20,54,54395,LOBAU (BOULEVARD),48.6856550487,6.1958283895,Plein jour,En agglomération,Intersection en X,Normale,Deux véhicules - arrière,4,1,2,0,1,1,1,9,8,50,,2,1,0,0,1,53.0,68.0,,,1,2,2,1,2
202100032106,2021-06-26 07:45:00,2021,6,26,7,45,51,51454,Avenue Jean Jaurès,49.2617058792,4.0511799149,Plein jour,En agglomération,Hors intersection,Normale,Deux véhicules - arrière,4,3,2,3,1,1,1,0,1,50,,3,2,0,0,1,62.0,51.0,,,1,2,1,1,2
202100032107,2021-06-27 01:48:00,2021,6,27,1,48,49,49007,VOIE DES BERGES,47.4843,-0.54849,Nuit avec éclairage allumé,En agglomération,Hors intersection,Normale,Deux véhicules - arrière,4,3,4,0,1,1,1,0,1,90,,4,1,0,0,3,40.0,47.0,,,5,2,1,1,2
202100032108,2021-06-27 01:48:00,2021,6,27,1,48,45,45234,4 Route d’Olivet,47.887561,1.905064,Nuit avec éclairage allumé,En agglomération,Hors intersection,Normale,Autre collision,4,2,2,0,2,1,1,0,1,50,,1,0,0,1,0,52.0,,,,5,2,1,1,6
202100032109,2021-06-26 19:00:00,2021,6,26,19,0,45,45286,Rue de la Cornaillère,47.87066,1.93086,Plein jour,En agglomération,Intersection en X,Normale,Deux véhicules - côté,4,2,2,0,2,1,1,0,1,50,,2,1,0,1,0,50.0,56.0,,,1,2,2,1,3
202100032110,2021-06-26 02:00:00,2021,6,26,2,0,44,44109,BOULEVARD MICHELET,47.23105,-1.55646,Nuit avec éclairage allumé,En agglomération,Hors intersection,Normale,Autre collision,4,3,2,3,1,2,1,0,1,30,,2,1,0,0,1,22.0,,,,5,2,1,1,6
202100032111,2021-06-26 01:30:00,2021,6,26,1,30,37,37233,FARGES (AVENUE YVES),47.3849267259,0.7354778051,Nuit avec éclairage allumé,En agglomération,Hors intersection,Normale,Sans collision,4,-1,2,0,1,3,1,9,1,50,,1,0,0,0,1,28.0,,,,5,2,1,1,7
202100032112,2021-06-26 19:10:00,2021,6,26,19,10,37,37261,RENARD (RUE GEORGES),47.3760014851,0.7057569176,Plein jour,En agglomération,Intersection en X,Normale,Deux véhicules - côté,4,2,2,0,1,1,1,0,1,50,,2,1,0,0,1,52.0,50.0,,,1,2,2,1,3
202100032113,2021-06-26 13:30:00,2021,6,26,13,30,35,35051,CHAMPAUBERT (RUE DE),48.120889,-1.612239,Plein jour,En agglomération,Intersection en T,Pluie légère,Autre collision,4,2,2,0,2,1,2,0,1,50,,2,0,0,0,2,75.0,,,,1,2,3,2,6
202100032114,2021-06-26 11:00:00,2021,6,26,11,0,35,35238,PORTE DE NANTES,48.08079,-1.67256,Plein jour,Hors agglomération,Hors intersection,Pluie forte,Deux véhicules - côté,2,3,4,0,1,1,2,0,1,90,,2,1,0,0,1,46.0,57.0,,,1,1,1,3,3
202100032115,2021-06-25 20:55:00,2021,6,25,20,55,33,33529,Rue Lagrua,44.645159,-1.157795,Crépuscule ou aube,En agglomération,Hors intersection,Normale,Deux véhicules - côté,4,2,2,1,1,1,1,0,1,50,,2,1,0,0,1,16.0,28.0,,,2,2,1,1,3
202100032116,2021-06-25 19:35:00,2021,6,25,19,35,18,18033,GAUTHIER (RUE THEOPHILE),47.10583,2.41283,Plein jour,En agglomération,Intersection en T,Normale,Deux véhicules - côté,4,-1,1,0,1,1,1,0,1,50,,2,1,0,0,1,50.0,41.0,,,1,2,3,1,3
202100032117,2021-06-26 01:15:00,2021,6,26,1,15,17,17415,ROCADE OUEST,45.736866,-0.659912,Nuit sans éclairage public,Hors agglomération,Hors intersection,Normale,Deux véhicules - arrière,3,2,2,0,1,1,1,0,6,80,,3,2,0,0,1,48.0,22.0,,,3,1,1,1,2
202100032118,2021-06-26 19:25:00,2021,6,26,19,25,13,13103,AVENUE DE  GUBBIO-RN 113,43.62326,5.08616,Plein jour,En agglomération,Giratoire,Normale,Trois véhicules et plus - collisions multiples,7,1,2,0,1,1,1,5,1,80,,4,1,0,0,3,34.0,20.0,,,1,2,6,1,5
202100032119,2021-06-26 13:50:00,2021,6,26,13,50,13,13215,BOSPHORE (BOULEVARD DU),43.37096,5.36401,Plein jour,En agglomération,Hors intersection,Normale,Deux véhicules - frontale,4,2,3,2,2,1,1,0,1,50,,2,1,0,1,0,24.0,56.0,,,1,2,1,1,1
202100032120,2021-06-26 14:30:00,2021,6,26,14,30,13,13002,CANTON VERT (AVENUE DU),43.3406147888,5.4731002548,Plein jour,En agglomération,Hors intersection,Normale,Deux véhicules - côté,7,-1,3,0,2,1,1,0,1,50,,2,0,0,0,2,42.0,43.0,,,1,2,1,1,3
202100032121,2021-06-26 11:40:00,2021,6,26,11,40,13,13203,CAMILLE PELLETAN (AVENUE),43.30579,5.37327,Plein jour,En agglomération,Hors intersection,Normale,Deux véhicules - côté,4,1,3,3,1,1,1,0,1,50,,2,1,0,0,1,,,,,1,2,1,1,3
202100032122,2021-06-26 02:15:00,2021,6,26,2,15,13,13208,MAZARGUES (AVENUE DE),43.2593612265,5.3941545983,Nuit avec éclairage allumé,En agglomération,Hors intersection,Normale,Deux véhicules - frontale,4,1,1,0,1,1,1,0,1,50,,3,1,0,0,2,,26.0,,,5,2,1,1,1
202100032123,2021-06-25 21:40:00,2021,6,25,21,40,13,13208,PRADO (AVENUE DU),43.2806663699,5.3866813913,Crépuscule ou aube,En agglomération,Hors intersection,Normale,Trois véhicules et plus - collisions multiples,4,2,4,0,1,1,1,0,1,50,,8,7,0,0,1,44.0,19.0,,,2,2,1,1,5
202100032124,2021-06-26 15:30:00,2021,6,26,15,30,75,75118,PORTE DE LA CHAPELLE,48.900696,2.365218,Plein jour,En agglomération,Intersection en Y,Normale,Trois véhicules et plus - en chaîne,4,1,2,0,1,1,1,0,1,50,,4,3,0,0,1,23.0,49.0,,,1,2,4,1,4
202100032125,2021-06-26 09:05:00,2021,6,26,9,5,75,75112,ECHANGEUR BERCY,48.827581,2.392145,Plein jour,En agglomération,Hors intersection,Pluie légère,Deux véhicules - côté,4,1,4,0,2,1,2,0,1,70,,2,1,0,0,1,32.0,25.0,,,1,2,1,2,3
202100032126,2021-06-26 15:57:00,2021,6,26,15,57,75,75113,RUE DU MOULINET,48.826788,2.353295,Plein jour,En agglomération,Intersection en X,Normale,Deux véhicules - côté,4,2,2,0,1,1,1,0,1,30,,3,1,0,1,1,44.0,41.0,,,1,2,2,1,3
202100032127,2021-06-26 11:20:00,2021,6,26,11,20,75,75105,BOULEVARD DE PORT ROYAL,48.839586,2.337266,Plein jour,En agglomération,Intersection en T,Pluie légère,Deux véhicules - côté,4,2,6,0,1,1,2,0,1,50,,2,1,0,0,1,74.0,88.0,,,1,2,3,2,3