accident_id,datetime,annee,mois,jour,heure,minute,departement,commune_insee,adresse,latitude,longitude,luminosite,agglomeration,intersection,meteo,collision,catr,circ,nbv,vosp,prof,plan,surf,infra,situ,vma,nb_vehicules,nb_usagers,nb_indemnes,nb_tues,nb_blesses_hosp,nb_blesses_legers,age_cond_1,age_cond_2,veh_type_cond_1,veh_type_cond_2,lum_code,agg_code,int_code,atm_code,col_code
202100032128,2021-06-26 17:12:00,2021,6,26,17,12,75,75120,RUE DU COMMANDANT L HERMINIER,48.846702,2.41588,Plein jour,En agglomération,Intersection en X,Normale,Deux véhicules - côté,4,2,4,1,1,1,1,0,6,50,,2,1,0,0,1,51.0,49.0,,,1,2,2,1,3
202100032129,2021-06-26 01:25:00,2021,6,26,1,25,75,75120,RUE SORBIER,48.866783,2.391452,Nuit avec éclairage allumé,En agglomération,Hors intersection,Pluie légère,Autre collision,4,1,1,0,2,1,2,0,1,30,,2,1,0,0,1,28.0,,,,5,2,1,2,6
202100032130,2021-06-25 23:52:00,2021,6,25,23,52,75,75118,BOULEVARD BARBES,48.888792,2.349589,Nuit avec éclairage allumé,En agglomération,Place,Pluie légère,Trois véhicules et plus - collisions multiples,4,2,4,0,2,1,2,0,1,50,,3,1,0,0,2,28.0,27.0,,,5,2,7,2,5
202100032131,2021-06-26 16:09:00,2021,6,26,16,9,75,75117,BOULEVARD BERTHIER,48.893649,2.312069,Plein jour,En agglomération,Intersection en T,Normale,Autre collision,4,3,3,0,1,1,1,0,1,50,,1,0,0,0,1,13.0,,,,1,2,3,1,6
202100032132,2021-06-26 14:15:00,2021,6,26,14,15,75,75116,AVENUE D IENA,48.86787,2.295718,Plein jour,En agglomération,Place,Normale,Deux véhicules - frontale,4,2,4,0,2,1,1,0,1,50,,4,3,0,0,1,58.0,75.0,,,1,2,7,1,1
202100032133,2021-06-25 12:00:00,2021,6,25,12,0,75,75116,AVENUE PAUL DOUMER,48.859716,2.279027,Plein jour,En agglomération,Intersection à plus de 4 branches,Normale,Deux véhicules - côté,4,2,2,0,1,1,1,0,1,50,,2,1,0,0,1,70.0,53.0,,,1,2,5,1,3
202100032134,2021-06-26 20:30:00,2021,6,26,20,30,75,75115,RUE DE LA CROIX NIVERT,48.845948,2.298729,Crépuscule ou aube,En agglomération,Intersection en X,Normale,Autre collision,4,2,2,0,1,1,1,0,1,30,,1,0,0,0,1,33.0,,,,2,2,2,1,6
202100032135,2021-06-26 04:10:00,2021,6,26,4,10,75,75115,RUE DE VAUGIRARD,48.837915,2.297746,Nuit avec éclairage allumé,En agglomération,Intersection en X,Pluie légère,Deux véhicules - côté,4,1,3,0,1,1,2,0,1,50,,2,1,0,0,1,43.0,26.0,,,5,2,2,2,3
202100032136,2021-06-25 16:20:00,2021,6,25,16,20,75,75115,RUE DU COMMERCE,48.844507,2.293726,Plein jour,En agglomération,Place,Normale,Autre collision,4,2,2,1,1,1,1,0,5,30,,3,2,0,0,1,,,,,1,2,7,1,6
202100032137,2021-06-26 06:25:00,2021,6,26,6,25,75,75113,BOULEVARD ARAGO,48.835008,2.34618,Crépuscule ou aube,En agglomération,Intersection en Y,Pluie légère,Autre collision,4,2,4,0,4,3,2,0,1,50,,3,0,0,0,3,25.0,,,,2,2,4,2,6
202100032138,2021-06-26 14:40:00,2021,6,26,14,40,75,75112,SOUTERRAIN BERCY,48.831078,2.385436,Plein jour,En agglomération,Hors intersection,Pluie légère,Deux véhicules - arrière,4,3,3,0,2,1,2,0,1,50,,4,3,0,0,1,28.0,64.0,,,1,2,1,2,2
202100032139,2021-06-26 11:30:00,2021,6,26,11,30,75,75112,BOULEVARD SOULT,48.83891,2.408449,Plein jour,En agglomération,Intersection en Y,Normale,Deux véhicules - côté,4,3,2,0,2,1,1,0,1,50,,2,1,0,0,1,34.0,57.0,,,1,2,4,1,3
202100032140,2021-06-25 18:35:00,2021,6,25,18,35,75,75111,BOULEVARD BEAUMARCHAIS,48.859491,2.367613,Plein jour,En agglomération,Intersection en T,Normale,Trois véhicules et plus - collisions multiples,4,2,4,0,1,1,1,0,1,50,,3,2,0,0,1,56.0,21.0,,,1,2,3,1,5
202100032141,2021-06-26 10:25:00,2021,6,26,10,25,75,75110,PASSAGE HEBRARD,48.872884,2.372349,Plein jour,En agglomération,Hors intersection,Pluie légère,Autre collision,4,2,2,0,2,1,2,0,1,30,,2,1,0,0,1,,,,,1,2,1,2,6
202100032142,2021-06-25 19:40:00,2021,6,25,19,40,75,75109,RUE DE MAUBEUGE,48.876852,2.341902,Plein jour,En agglomération,Intersection en Y,Normale,Deux véhicules - côté,4,1,2,3,2,1,1,0,6,30,,2,1,0,0,1,37.0,52.0,,,1,2,4,1,3
202100032143,2021-06-25 18:30:00,2021,6,25,18,30,75,75109,RUE TAITBOUT,48.875216,2.335211,Plein jour,En agglomération,Intersection en X,Normale,Deux véhicules - côté,4,2,2,0,1,1,1,0,1,30,,3,2,0,0,1,35.0,20.0,,,1,2,2,1,3
202100032144,2021-06-26 00:00:00,2021,6,26,0,0,75,75108,PLACE DE LA MADELEINE,48.87101,2.324565,Nuit avec éclairage allumé,En agglomération,Place,Pluie légère,Deux véhicules - arrière,4,1,3,0,1,1,2,0,1,50,,2,1,0,0,1,43.0,25.0,,,5,2,7,2,2
202100032145,2021-06-26 01:45:00,2021,6,26,1,45,75,75104,RUE DE TURENNE,48.856278,2.36417,Nuit avec éclairage allumé,En agglomération,Hors intersection,Pluie légère,Sans collision,4,2,2,0,1,1,2,0,1,30,,1,0,0,0,1,24.0,,,,5,2,1,2,7
202100032146,2021-06-26 15:10:00,2021,6,26,15,10,94,94065,ALOUETTES (R DES),48.74871,2.36883,Plein jour,En agglomération,Autre intersection,Pluie légère,Autre collision,3,1,1,0,1,3,2,3,1,50,,3,1,0,0,2,19.0,,,,1,2,9,2,6
202100032147,2021-06-25 23:50:00,2021,6,25,23,50,94,94022,Avenue de Lugo,48.77332,2.40933,Nuit avec éclairage non allumé,En agglomération,Hors intersection,Pluie légère,Deux véhicules - côté,3,3,2,0,1,1,2,5,1,50,,3,2,0,0,1,55.0,34.0,,,4,2,1,2,3
202100032148,2021-06-26 16:20:00,2021,6,26,16,20,94,94055,Avenue Wladimir d’Ormesson,48.78539,2.53937,Plein jour,En agglomération,Intersection en T,Normale,Deux véhicules - côté,3,-1,6,0,1,1,1,5,1,50,,2,1,0,0,1,64.0,,,,1,2,3,1,3
202100032149,2021-06-25 21:15:00,2021,6,25,21,15,94,94019,Avenue de L Hippodrome,48.8003528939,2.5704789162,Crépuscule ou aube,En agglomération,Hors intersection,Pluie légère,Deux véhicules - arrière,3,2,2,0,1,3,2,0,1,50,,2,1,0,1,0,51.0,31.0,,,2,2,1,2,2
202100032150,2021-06-26 10:55:00,2021,6,26,10,55,93,93059,LENINE (AVENUE) N°36 AU 120 ET N°45 AU 1,48.95883,2.35857,Plein jour,En agglomération,Autre intersection,Pluie légère,Deux véhicules - côté,3,1,2,0,1,1,2,0,1,50,,2,1,0,0,1,44.0,33.0,,,1,2,9,2,3
202100032151,2021-06-26 20:20:00,2021,6,26,20,20,93,93048,FRANKLIN (RUE),48.86153,2.44361,Plein jour,En agglomération,Hors intersection,Normale,Deux véhicules - côté,4,2,2,0,1,1,1,0,1,50,,2,1,0,1,0,,,,,1,2,1,1,3
202100032152,2021-06-26 18:49:00,2021,6,26,18,49,93,93029,HENRI BARBUSSE (AVE) N°2-124,48.91579,2.44211,Plein jour,En agglomération,Hors intersection,Normale,Deux véhicules - frontale,3,3,1,0,1,1,1,0,1,50,,2,1,0,1,0,50.0,,,,1,2,1,1,1
202100032153,2021-06-26 18:50:00,2021,6,26,18,50,93,93057,HUGO (AV. VICTOR),48.909829,2.513962,Plein jour,En agglomération,Autre intersection,Normale,Deux véhicules - côté,3,-1,2,0,1,1,1,9,8,50,,1,0,0,0,1,36.0,,,,1,2,9,1,3
202100032154,2021-06-26 14:35:00,2021,6,26,14,35,92,92047,JARDY,48.83264,2.15326,Plein jour,En agglomération,Hors intersection,Pluie légère,Deux véhicules - arrière,3,-1,2,0,1,1,2,0,1,50,,3,2,0,0,1,85.0,,,,1,2,1,2,2
202100032155,2021-06-26 14:10:00,2021,6,26,14,10,92,92062,WALLACE (BD RICHARD) DU 17 AU 91 ET DU 3,48.8798150666,2.2399798036,Plein jour,En agglomération,Intersection en T,Normale,Deux véhicules - côté,4,2,2,0,1,1,1,9,1,50,,3,1,0,0,2,32.0,25.0,,,1,2,3,1,3
202100032156,2021-06-26 11:30:00,2021,6,26,11,30,92,92020,VERDUN AVENUE DE AUTRES N°,48.8006026745,2.2833757276,Plein jour,En agglomération,Autre intersection,Temps couvert,Sans collision,3,2,2,0,1,2,2,5,1,50,,2,1,0,0,1,,52.0,,,1,2,9,8,7
202100032157,2021-06-26 13:18:00,2021,6,26,13,18,92,92026,VERDUN (DE 62 A FIN),48.9048519037,2.2563412786,Plein jour,En agglomération,Hors intersection,Normale,Autre collision,3,2,5,0,1,1,1,0,4,50,,2,1,0,1,0,16.0,,,,1,2,1,1,6
202100032158,2021-06-26 12:50:00,2021,6,26,12,50,62,62812,CD 131,50.644678,2.034853,Plein jour,Hors agglomération,Intersection en X,Normale,Deux véhicules - côté,3,2,2,0,1,1,1,0,1,80,,3,2,1,0,0,75.0,87.0,,,1,1,2,1,3
202100032159,2021-06-26 11:20:00,2021,6,26,11,20,38,38448,1039 Route de Vienne,45.450829,4.802066,Plein jour,En agglomération,Hors intersection,Normale,Autre collision,4,2,2,0,2,2,1,0,1,50,,2,1,0,1,0,50.0,,,,1,2,1,1,6
202100032160,2021-06-26 17:12:00,2021,6,26,17,12,05,05027,D 902 - Col de l'Izoard,44.83044,6.723346,Plein jour,Hors agglomération,Hors intersection,Normale,Autre collision,3,2,2,0,2,3,1,0,3,80,,1,0,1,0,0,45.0,,,,1,1,1,1,6
202100032161,2021-06-26 15:30:00,2021,6,26,15,30,28,28337,Rue Jean Moulin,48.415655,1.359794,Plein jour,En agglomération,Hors intersection,Normale,Sans collision,9,-1,1,3,1,1,6,0,6,-1,,1,0,0,0,1,15.0,,,,1,2,1,1,7
202100032162,2021-06-26 15:30:00,2021,6,26,15,30,68,68300,3 Rue François Riedweg,47.774352,7.363924,Plein jour,En agglomération,Hors intersection,Normale,Sans collision,4,2,2,0,1,1,1,0,1,50,,1,0,0,1,0,20.0,,,,1,2,1,1,7
202100032163,2021-06-26 18:00:00,2021,6,26,18,0,12,12194,Rancillac Démies,44.208538,2.411419,Plein jour,Hors agglomération,Intersection en X,Normale,Deux véhicules - côté,2,2,2,0,2,1,1,0,1,80,,2,0,0,1,1,55.0,49.0,,,1,1,2,1,3
202100032164,2021-06-26 16:25:00,2021,6,26,16,25,42,42199,Route de la Côte Roannaise,46.038684,3.932419,Plein jour,Hors agglomération,Hors intersection,Normale,Deux véhicules - frontale,3,2,2,0,3,3,1,0,1,70,,4,1,1,1,1,74.0,96.0,,,1,1,1,1,1
202100032165,2021-06-27 13:15:00,2021,6,27,13,15,42,42093,Rue de la Courroux,45.4963417102,4.589653071,Plein jour,Hors agglomération,Hors intersection,Normale,Sans collision,4,2,2,0,2,1,1,0,6,-1,,1,0,0,0,1,38.0,,,,1,1,1,1,7
202100032166,2021-06-27 16:50:00,2021,6,27,16,50,95,95352,RD 922Z,49.115856,2.414685,Plein jour,En agglomération,Hors intersection,Normale,Deux véhicules - côté,3,2,2,0,1,3,1,0,1,50,,2,1,0,0,1,26.0,24.0,,,1,2,1,1,3
202100032167,2021-06-26 15:55:00,2021,6,26,15,55,74,74071,route d'annecy,46.027562,5.890407,Plein jour,En agglomération,Intersection en T,Temps éblouissant,Deux véhicules - côté,3,2,2,0,2,1,1,0,1,50,,7,6,0,1,0,41.0,32.0,,,1,2,3,7,3
202100032168,2021-06-26 08:00:00,2021,6,26,8,0,74,74296,RD23,46.084301,6.046418,Plein jour,Hors agglomération,Hors intersection,Normale,Sans collision,3,2,2,0,2,2,1,0,3,80,,1,0,0,1,0,18.0,,,,1,1,1,1,7
202100032169,2021-06-25 18:00:00,2021,6,25,18,0,79,79299,,46.889712,-0.193993,Plein jour,Hors agglomération,Intersection en X,Normale,Deux véhicules - côté,3,2,3,3,1,1,1,5,1,70,,2,1,0,1,0,51.0,55.0,,,1,1,2,1,3
202100032170,2021-06-27 15:30:00,2021,6,27,15,30,80,80025,9 Rue du Montauban,50.343533,1.824911,Plein jour,En agglomération,Intersection en T,Pluie forte,Autre collision,4,2,1,0,2,2,2,0,1,-1,,2,0,1,1,0,55.0,,,,1,2,3,3,6
202100032171,2021-06-26 18:45:00,2021,6,26,18,45,80,80698,Saint-Aubin-Montenoy,49.840916,2.030647,Plein jour,Hors agglomération,Intersection en X,Normale,Deux véhicules - côté,3,2,2,0,1,1,1,0,1,80,,6,3,0,0,3,57.0,37.0,,,1,1,2,1,3
202100032172,2021-06-26 16:55:00,2021,6,26,16,55,71,71528,Rue de la Mare au Prêtre,46.6261697648,5.1751457083,Plein jour,En agglomération,Intersection en X,Normale,Deux véhicules - frontale,3,2,2,0,1,1,1,0,1,50,,2,1,0,1,0,26.0,15.0,,,1,2,2,1,1
202100032173,2021-06-26 17:30:00,2021,6,26,17,30,71,71269,D906,46.7434350107,4.8527768143,Plein jour,Hors agglomération,Giratoire,Normale,Deux véhicules - arrière,3,4,1,0,1,3,1,0,1,80,,2,1,0,0,1,57.0,42.0,,,1,1,6,1,2
202100032174,2021-06-27 06:22:00,2021,6,27,6,22,12,12243,D992,44.02743,2.965,Crépuscule ou aube,Hors agglomération,Hors intersection,Normale,Autre collision,3,2,2,0,1,3,2,0,3,90,,1,0,0,1,0,27.0,,,,2,1,1,1,6
202100032175,2021-06-27 11:10:00,2021,6,27,11,10,46,46185,Route départementale 803,44.943034,1.625102,Plein jour,Hors agglomération,Hors intersection,Normale,Deux véhicules - frontale,3,2,2,0,2,2,1,0,1,80,,4,3,0,1,0,61.0,64.0,,,1,1,1,1,1
202100032176,2021-06-26 21:06:00,2021,6,26,21,6,25,25410,Route de Lausanne - Trou au Loup,47.223838,6.070762,Crépuscule ou aube,Hors agglomération,Hors intersection,Normale,Deux véhicules - frontale,3,-1,2,0,2,1,1,0,1,50,,3,0,0,2,1,61.0,64.0,,,2,1,1,1,1
202100032177,2021-06-27 06:45:00,2021,6,27,6,45,44,44072,640 Kermoureau,47.396014,-2.364646,Crépuscule ou aube,Hors agglomération,Hors intersection,Pluie légère,Sans collision,3,2,2,0,1,1,2,0,8,80,,1,0,0,1,0,21.0,,,,2,1,1,2,7
202100032178,2021-06-26 17:30:00,2021,6,26,17,30,38,38269,26 Avenue du Docteur Tagnard,44.909707,5.793209,Plein jour,En agglomération,Hors intersection,Normale,Autre collision,3,2,2,0,1,1,1,0,4,50,,1,0,0,0,1,53.0,,,,1,2,1,1,6
202100032179,2021-06-27 12:00:00,2021,6,27,12,0,02,02379,Rue de Guise,49.820054,3.643904,Plein jour,En agglomération,Hors intersection,Normale,Autre collision,3,2,2,0,1,3,1,0,3,50,,1,0,0,1,0,46.0,,,,1,2,1,1,6
202100032180,2021-06-27 01:40:00,2021,6,27,1,40,02,02709,D960,50.022079,3.379176,Nuit sans éclairage public,Hors agglomération,Giratoire,Normale,Autre collision,3,-1,1,0,1,3,1,0,3,50,,1,0,0,1,0,40.0,,,,3,1,6,1,6
202100032181,2021-06-27 06:12:00,2021,6,27,6,12,02,02442,D21,49.235646,3.522878,Crépuscule ou aube,En agglomération,Hors intersection,Normale,Sans collision,3,2,2,0,1,1,2,2,1,80,,2,0,0,2,0,21.0,,,,2,2,1,1,7
202100032182,2021-06-27 15:50:00,2021,6,27,15,50,02,02073,D925,49.412929,3.88791,Plein jour,Hors agglomération,Hors intersection,Normale,Sans collision,3,2,2,0,1,2,1,0,1,80,,1,0,0,0,1,40.0,,,,1,1,1,1,7
202100032183,2021-06-26 16:20:00,2021,6,26,16,20,03,03286,RN7,46.52766,3.351645,Plein jour,Hors agglomération,Hors intersection,Normale,Autre collision,2,1,1,0,1,3,1,3,1,50,,2,0,0,2,0,31.0,,,,1,1,1,1,6
202100032184,2021-06-27 15:30:00,2021,6,27,15,30,26,26040,D93,44.565569,5.557795,Plein jour,Hors agglomération,Hors intersection,Normale,Sans collision,3,2,2,0,2,2,1,0,3,80,,2,0,0,0,2,26.0,,,,1,1,1,1,7
202100032185,2021-06-26 22:20:00,2021,6,26,22,20,26,26108,Route de Lambres,44.747156,5.010689,Nuit sans éclairage public,Hors agglomération,Intersection en T,Normale,Deux véhicules - côté,3,2,2,0,1,1,1,0,1,80,,2,1,0,1,0,,54.0,,,3,1,3,1,3
202100032186,2021-06-26 17:15:00,2021,6,26,17,15,05,05127,D3,44.465534,6.23649,Plein jour,Hors agglomération,Hors intersection,Normale,Sans collision,3,2,2,0,1,1,1,0,3,70,,1,0,0,1,0,15.0,,,,1,1,1,1,7
202100032187,2021-06-26 17:15:00,2021,6,26,17,15,64,64342,Chemin communal Ansola,43.062053,-0.866654,Plein jour,Hors agglomération,Hors intersection,Pluie forte,Sans collision,4,2,1,0,1,2,2,0,1,80,,1,0,0,1,0,44.0,,,,1,1,1,3,7
202100032188,2021-06-26 13:40:00,2021,6,26,13,40,18,18141,24 Rue de la Taille,47.115956,2.209384,Plein jour,En agglomération,Hors intersection,Temps couvert,Deux véhicules - frontale,4,2,1,0,1,2,1,0,1,50,,2,1,0,1,0,58.0,65.0,,,1,2,1,8,1
202100032189,2021-06-25 10:45:00,2021,6,25,10,45,43,43234,Cours du Docteur Gervais,44.959579,3.547632,Plein jour,En agglomération,Intersection en T,Normale,Autre collision,3,2,2,0,1,1,1,0,1,50,,2,1,1,0,0,39.0,,,,1,2,3,1,6
202100032190,2021-06-27 15:35:00,2021,6,27,15,35,07,07261,cours du temple,44.822794,4.76319,Plein jour,En agglomération,Hors intersection,Normale,Autre collision,3,2,2,0,1,1,1,0,1,50,,2,1,0,1,0,31.0,,,,1,2,1,1,6
202100032191,2021-06-27 11:30:00,2021,6,27,11,30,07,07240,Route de Vernoux,44.8616260041,4.8178447109,Plein jour,En agglomération,Hors intersection,Normale,Autre collision,3,2,2,0,1,1,1,0,1,50,,2,1,0,1,0,87.0,,,,1,2,1,1,6
202100032192,2021-06-27 05:20:00,2021,6,27,5,20,24,24064,Puy Henry,45.397399,0.620363,Nuit sans éclairage public,Hors agglomération,Hors intersection,Pluie légère,Autre collision,3,3,2,0,1,1,2,0,8,90,,1,0,1,0,0,26.0,,,,3,1,1,2,6
202100032193,2021-06-27 10:45:00,2021,6,27,10,45,85,85024,La cotriade,46.981175,-1.921749,Plein jour,Hors agglomération,Intersection en X,Normale,Deux véhicules - côté,3,2,2,0,1,1,1,0,1,80,,4,2,2,0,0,70.0,75.0,,,1,1,2,1,3
202100032194,2021-06-18 21:15:00,2021,6,18,21,15,28,28319,D2020,48.27878,1.977582,Plein jour,Hors agglomération,Intersection en X,Normale,Deux véhicules - frontale,3,2,2,0,1,1,1,0,1,90,,5,0,0,2,3,50.0,25.0,,,1,1,2,1,1
202100032195,2021-06-26 05:00:00,2021,6,26,5,0,30,30003,carrefour RD 62 / RD62A,43.560258,4.152403,Nuit sans éclairage public,Hors agglomération,Giratoire,Normale,Sans collision,3,3,2,0,1,3,1,5,3,90,,2,1,0,1,0,24.0,,,,3,1,6,1,7
202100032196,2021-06-26 14:15:00,2021,6,26,14,15,88,88037,,47.989634,6.772524,Plein jour,Hors agglomération,Hors intersection,Normale,Sans collision,3,2,2,0,2,2,1,0,3,80,,1,0,0,0,1,33.0,,,,1,1,1,1,7
202100032197,2021-06-26 14:25:00,2021,6,26,14,25,38,38115,pk 14 A51n,45.00445,5.655415,Plein jour,Hors agglomération,Hors intersection,Normale,Sans collision,1,3,4,0,2,1,1,0,1,110,,2,1,0,1,0,58.0,,,,1,1,1,1,7
202100032198,2021-06-26 04:20:00,2021,6,26,4,20,988,98805,VE2,-22.217712,166.469092,Nuit avec éclairage allumé,En agglomération,Hors intersection,Pluie légère,Deux véhicules - arrière,1,2,4,0,1,2,2,0,2,90,,2,1,0,1,0,29.0,34.0,,,5,2,1,2,2
202100032199,2021-06-26 19:45:00,2021,6,26,19,45,67,67256,40 rue de pfulgrieseim,48.6516995927,7.7017378807,Plein jour,En agglomération,Hors intersection,Normale,Deux véhicules - côté,7,2,2,0,1,1,1,0,1,50,,2,1,0,0,1,76.0,48.0,,,1,2,1,1,3
202100032200,2021-06-26 17:00:00,2021,6,26,17,0,67,67462,A35 PK438+500 vers COLMAR,48.287459,7.459164,Plein jour,Hors agglomération,Hors intersection,Normale,Deux véhicules - arrière,1,3,1,0,1,1,1,8,1,70,,5,4,0,1,0,49.0,25.0,,,1,1,1,1,2
202100032201,2021-06-27 17:10:00,2021,6,27,17,10,976,97608,Route des Badamiers,-12.776349,45.282029,Plein jour,Hors agglomération,Hors intersection,Normale,Autre collision,3,2,1,0,1,1,1,0,3,50,,3,2,0,1,0,50.0,,,,1,1,1,1,6
202100032202,2021-06-26 18:50:00,2021,6,26,18,50,971,97128,Surgy,16.266235,-61.337185,Nuit avec éclairage allumé,Hors agglomération,Intersection en Y,Normale,Deux véhicules - frontale,3,2,2,0,3,3,1,0,1,80,,2,1,0,1,0,18.0,55.0,,,5,1,4,1,1
202100032203,2021-06-22 13:20:00,2021,6,22,13,20,971,97117,La Houssaie,16.33196,-61.388233,Plein jour,Hors agglomération,Hors intersection,Normale,Autre collision,2,2,2,0,1,1,1,0,1,80,,2,1,0,1,0,55.0,,,,1,1,1,1,6
202100032204,2021-06-26 20:30:00,2021,6,26,20,30,971,97112,ravine David RN 9,15.910629,-61.32718,Nuit sans éclairage public,Hors agglomération,Hors intersection,Normale,Sans collision,2,2,2,0,1,1,1,9,8,90,,1,0,0,1,0,25.0,,,,3,1,1,1,7
202100032205,2021-06-27 07:00:00,2021,6,27,7,0,971,97106,Route de Bellon,16.182844,-61.782137,Plein jour,Hors agglomération,Hors intersection,Normale,Deux véhicules - côté,2,2,2,0,3,4,1,0,1,70,,2,1,1,0,0,59.0,30.0,,,1,1,1,1,3
202100032206,2021-06-25 00:40:00,2021,6,25,0,40,33,33165,Avenue de Lignan,44.81819,-0.447401,Nuit avec éclairage allumé,En agglomération,Hors intersection,Normale,Autre collision,3,2,2,0,1,2,1,0,3,50,,3,0,0,2,1,27.0,,,,5,2,1,1,6
202100032207,2021-06-26 19:40:00,2021,6,26,19,40,91,91405,"route départementale 1, PK 3+200",48.373642,2.421284,Plein jour,Hors agglomération,Hors intersection,Normale,Deux véhicules - frontale,3,2,2,0,1,1,1,0,1,80,,2,1,0,1,0,21.0,41.0,,,1,1,1,1,1
202100032208,2021-06-26 06:10:00,2021,6,26,6,10,83,83068,D558,43.283766,6.504872,Crépuscule ou aube,Hors agglomération,Hors intersection,Normale,Deux véhicules - frontale,3,2,2,0,2,1,1,0,1,70,,2,0,0,2,0,20.0,39.0,,,2,1,1,1,1
202100032209,2021-06-26 18:30:00,2021,6,26,18,30,05,05172,TUILIERE 05700,44.3557890855,5.7173150991,Plein jour,En agglomération,Hors intersection,Normale,Deux véhicules - côté,3,2,2,0,1,1,1,0,1,90,,3,1,0,2,0,53.0,72.0,,,1,2,1,1,3
202100032210,2021-06-27 15:40:00,2021,6,27,15,40,13,13067,rD7N,43.76426,5.062037,Plein jour,Hors agglomération,Hors intersection,Normale,Deux véhicules - côté,3,2,2,0,1,1,1,0,1,80,,4,3,0,1,0,28.0,69.0,,,1,1,1,1,3
202100032211,2021-06-24 17:50:00,2021,6,24,17,50,13,13041,Chemin du Moulin du Fort,43.460576,5.456436,Plein jour,Hors agglomération,Hors intersection,Normale,Sans collision,4,2,2,0,2,3,1,2,1,45,,1,0,0,1,0,52.0,,,,1,1,1,1,7
202100032212,2021-06-26 12:40:00,2021,6,26,12,40,68,68012,D34,47.786417,7.150233,Plein jour,Hors agglomération,Hors intersection,Normale,Deux véhicules - arrière,3,2,2,0,1,1,1,0,1,70,,2,1,0,1,0,70.0,20.0,,,1,1,1,1,2
202100032213,2021-06-27 17:10:00,2021,6,27,17,10,57,57408,Départementale 31,49.15118,7.003108,Plein jour,Hors agglomération,Hors intersection,Pluie légère,Autre collision,3,2,2,0,1,3,2,0,1,80,,1,0,1,0,0,38.0,,,,1,1,1,2,6
202100032214,2021-06-27 19:20:00,2021,6,27,19,20,73,73150,"RN90 PK 68+800, LE GOTHARD",45.5673043365,6.7008340359,Plein jour,Hors agglomération,Hors intersection,Normale,Autre collision,2,2,2,0,1,1,1,0,1,80,,1,0,0,1,0,30.0,,,,1,1,1,1,6
202100032215,2021-06-26 16:30:00,2021,6,26,16,30,26,26206,D538,44.853602,5.007266,Plein jour,Hors agglomération,Hors intersection,Normale,Deux véhicules - arrière,3,2,2,0,1,1,1,0,1,80,,2,1,0,1,0,65.0,29.0,,,1,1,1,1,2
202100032216,2021-06-27 12:15:00,2021,6,27,12,15,69,69206,D20,46.051046,4.68186,Plein jour,Hors agglomération,Intersection en X,Normale,Trois véhicules et plus - collisions multiples,3,2,2,0,1,1,1,0,1,80,,4,0,0,0,4,34.0,22.0,,,1,1,2,1,5
202100032217,2021-06-26 19:15:00,2021,6,26,19,15,81,81105,Route de Gaillac,43.773287,1.999738,Plein jour,Hors agglomération,Hors intersection,Normale,Trois véhicules et plus - collisions multiples,3,2,2,0,1,3,1,0,1,80,,4,0,0,0,4,33.0,33.0,,,1,1,1,1,5
202100032218,2021-06-26 15:58:00,2021,6,26,15,58,13,13214,A7-Sens Lyon vers Marseille,43.32166,5.37804,Plein jour,Hors agglomération,Hors intersection,Normale,Sans collision,1,-1,3,0,1,1,1,0,1,90,,1,0,0,0,1,22.0,,,,1,1,1,1,7
202100032219,2021-06-25 17:25:00,2021,6,25,17,25,13,13203,A557-Liaison A7 Marseille-A55 Marseille,43.32025,5.37219,Plein jour,En agglomération,Hors intersection,Normale,Deux véhicules - arrière,1,-1,2,0,1,1,1,0,1,50,,2,1,0,0,1,25.0,27.0,,,1,2,1,1,2
202100032220,2021-06-25 15:30:00,2021,6,25,15,30,13,13005,A50 - Sens Aubagne vers Marseille,43.28102,5.58229,Plein jour,Hors agglomération,Hors intersection,Normale,Deux véhicules - arrière,1,-1,2,0,1,1,1,0,1,90,,3,2,0,0,1,49.0,21.0,,,1,1,1,1,2
202100032221,2021-06-25 14:48:00,2021,6,25,14,48,13,13106,A7-Sens Marseille vers Lyon,43.3866345092,5.3509935525,Plein jour,Hors agglomération,Hors intersection,Normale,Deux véhicules - arrière,1,-1,3,0,1,1,1,0,1,90,,3,2,0,0,1,34.0,69.0,,,1,1,1,1,2
202100032222,2021-06-26 14:50:00,2021,6,26,14,50,01,01238,A46N   7.065 A 9.020,45.90338,4.8068,Plein jour,Hors agglomération,Hors intersection,Normale,Deux véhicules - arrière,1,1,6,0,2,1,1,0,1,130,,2,0,0,1,1,23.0,74.0,,,1,1,1,1,2
202100032223,2021-06-26 00:00:00,2021,6,26,0,0,33,33080,,44.732434,-0.530974,Nuit sans éclairage public,Hors agglomération,Hors intersection,Normale,Deux véhicules - arrière,1,3,4,0,1,1,1,0,1,130,,7,0,0,0,7,33.0,25.0,,,3,1,1,1,2
202100032224,2021-06-26 17:20:00,2021,6,26,17,20,91,91521,RN 449,48.6282,2.40033,Plein jour,Hors agglomération,Hors intersection,Normale,Autre collision,2,1,1,0,2,3,1,0,3,70,,1,0,0,0,1,39.0,,,,1,1,1,1,6