accident_id,datetime,annee,mois,jour,heure,minute,departement,commune_insee,adresse,latitude,longitude,luminosite,agglomeration,intersection,meteo,collision,catr,circ,nbv,vosp,prof,plan,surf,infra,situ,vma,nb_vehicules,nb_usagers,nb_indemnes,nb_tues,nb_blesses_hosp,nb_blesses_legers,age_cond_1,age_cond_2,veh_type_cond_1,veh_type_cond_2,lum_code,agg_code,int_code,atm_code,col_code
202100032225,2021-06-26 06:35:00,2021,6,26,6,35,91,91179,AUTOROUTE A6,48.561144,2.483915,Plein jour,Hors agglomération,Hors intersection,Pluie légère,Autre collision,1,3,4,0,2,1,2,0,3,110,,1,0,0,0,1,60.0,,,,1,1,1,2,6
202100032226,2021-06-25 08:55:00,2021,6,25,8,55,92,92002,AUTOROUTE A86,48.7629853869,2.3043052888,Plein jour,Hors agglomération,Hors intersection,Normale,Deux véhicules - arrière,1,3,4,0,1,1,1,1,1,70,,2,1,0,0,1,22.0,46.0,,,1,1,1,1,2
202100032227,2021-06-25 16:50:00,2021,6,25,16,50,92,92036,A86,48.934401859,2.2803246122,Plein jour,Hors agglomération,Autre intersection,Normale,Deux véhicules - côté,1,3,4,0,1,1,1,0,1,90,,2,1,0,0,1,31.0,18.0,,,1,1,9,1,3
202100032228,2021-06-26 01:30:00,2021,6,26,1,30,78,78291,A13,48.968588,1.742443,Nuit sans éclairage public,Hors agglomération,Hors intersection,Pluie légère,Trois véhicules et plus - collisions multiples,1,1,4,3,1,2,2,0,1,110,,6,5,0,0,1,25.0,68.0,,,3,1,1,2,5
202100032229,2021-06-26 05:25:00,2021,6,26,5,25,95,95572, A15,49.02852,2.12794,Nuit sans éclairage public,Hors agglomération,Hors intersection,Pluie forte,Sans collision,1,3,7,0,1,2,2,0,1,110,,1,0,0,0,1,29.0,,,,3,1,1,3,7
202100032230,2021-06-26 00:05:00,2021,6,26,0,5,93,93053,AUTOROUTE A103,48.88735,2.47498,Nuit sans éclairage public,Hors agglomération,Autre intersection,Pluie légère,Autre collision,1,3,7,0,2,3,2,0,1,50,,3,0,0,0,3,23.0,,,,3,1,9,2,6
202100032231,2021-06-25 22:25:00,2021,6,25,22,25,93,93078,AUTOROUTE A104,48.96292,2.52255,Nuit sans éclairage public,Hors agglomération,Hors intersection,Pluie forte,Autre collision,1,3,6,0,1,2,2,0,1,90,,1,0,0,0,1,23.0,,,,3,1,1,3,6
202100032232,2021-06-26 04:05:00,2021,6,26,4,5,94,94081,A86 EXT,48.77667,2.41695,Nuit avec éclairage allumé,Hors agglomération,Hors intersection,Pluie légère,Autre collision,1,1,3,0,1,2,2,0,2,90,,1,0,0,0,1,25.0,,,,5,1,1,2,6
202100032233,2021-06-18 04:30:00,2021,6,18,4,30,11,11262,RD 6113 NARBONNE - CARCASSONNE,43.18099,2.96896,Nuit sans éclairage public,En agglomération,Hors intersection,Normale,Autre collision,3,2,1,0,1,1,1,0,1,50,,2,1,1,0,0,44.0,,,,3,2,1,1,6
202100032234,2021-06-24 12:00:00,2021,6,24,12,0,11,11262,INDEPENDANCE (RUE DE L'),43.18901,3.0097,Plein jour,En agglomération,Hors intersection,Normale,Autre collision,4,2,2,0,1,1,1,0,1,50,,2,1,0,1,0,73.0,,,,1,2,1,1,6
202100032235,2021-06-25 18:10:00,2021,6,25,18,10,82,82121,DOUMERC (BOULEVARD BLAISE),44.01589,1.364301,Plein jour,En agglomération,Intersection à plus de 4 branches,Normale,Autre collision,4,4,3,0,1,1,1,0,1,50,,3,1,0,1,1,54.0,,,,1,2,5,1,6
202100032236,2021-06-25 09:22:00,2021,6,25,9,22,19,19272,Alsace Lorraine (Avenue),45.26102,1.75715,Plein jour,En agglomération,Hors intersection,Normale,Autre collision,4,1,2,0,1,2,1,0,1,50,,2,1,0,1,0,41.0,,,,1,2,1,1,6
202100032237,2021-06-24 18:40:00,2021,6,24,18,40,987,98735,CLEMENCEAU ( RUE QTIER DEFLESSELLE),-17.537612,-149.562178,Nuit avec éclairage allumé,Hors agglomération,Intersection en X,Normale,Deux véhicules - côté,4,4,5,0,1,2,1,5,8,50,,2,1,0,1,0,24.0,72.0,,,5,1,2,1,3
202100032238,2021-06-25 16:55:00,2021,6,25,16,55,976,97611,kaweni-Kaweni nord ( Z I ),-12.77166,45.223,Plein jour,En agglomération,Hors intersection,Normale,Deux véhicules - côté,2,2,0,0,1,1,1,0,1,50,,2,1,0,0,1,38.0,37.0,,,1,2,1,1,3
202100032239,2021-06-25 07:10:00,2021,6,25,7,10,974,97416,BASSIN MARTIN (CHEMIN),-21.32554,55.4987,Plein jour,Hors agglomération,Hors intersection,Normale,Deux véhicules - côté,4,2,2,0,2,3,1,0,1,50,,2,1,0,0,1,77.0,40.0,,,1,1,1,1,3
202100032240,2021-06-25 11:30:00,2021,6,25,11,30,974,97411,COCOTIERS (AVENUE DES),-20.89349,55.46208,Plein jour,En agglomération,Hors intersection,Normale,Deux véhicules - arrière,9,-1,0,0,1,1,1,1,8,30,,2,1,0,0,1,25.0,,,,1,2,1,1,2
202100032241,2021-06-25 18:20:00,2021,6,25,18,20,69,69383,LACASSAGNE (AV),45.74585,4.88761,Plein jour,En agglomération,Intersection en X,Normale,Deux véhicules - frontale,4,2,2,3,1,1,1,0,1,50,,2,1,0,0,1,23.0,20.0,,,1,2,2,1,1
202100032242,2021-06-24 21:25:00,2021,6,24,21,25,972,97213,DEPARTEMENTALE 28,14.632,-60.968,Nuit avec éclairage allumé,Hors agglomération,Autre intersection,Pluie légère,Sans collision,3,2,2,0,2,1,2,0,1,50,,1,0,0,1,0,33.0,,,,5,1,9,2,7
202100032243,2021-06-25 18:10:00,2021,6,25,18,10,69,69384,BIRMINGHAM (DE)                     (AV),45.7744626565,4.8141145706,Plein jour,En agglomération,Hors intersection,Normale,Deux véhicules - arrière,4,1,2,0,1,1,1,0,1,50,,2,1,0,0,1,66.0,38.0,,,1,2,1,1,2
202100032244,2021-06-22 19:45:00,2021,6,22,19,45,69,69286,GENERAL LECLERC (AV),45.81422,4.89903,Plein jour,En agglomération,Hors intersection,Normale,Deux véhicules - arrière,4,2,4,2,1,1,1,0,1,50,,3,1,0,0,2,20.0,54.0,,,1,2,1,1,2
202100032245,2021-06-25 22:58:00,2021,6,25,22,58,2B,2B033,11 - RT,42.6990765777,9.4523168087,Nuit avec éclairage allumé,En agglomération,Intersection en Y,Normale,Deux véhicules - frontale,2,1,2,0,1,1,1,0,8,50,,2,1,0,1,0,29.0,,,,5,2,4,1,1
202100032246,2021-06-25 07:55:00,2021,6,25,7,55,971,97101,GRAND CAMP(SECTION),16.25386,-61.53831,Plein jour,Hors agglomération,Hors intersection,Normale,Trois véhicules et plus - en chaîne,2,1,3,0,1,1,1,0,1,90,,4,1,0,0,3,23.0,62.0,,,1,1,1,1,4
202100032247,2021-06-24 22:50:00,2021,6,24,22,50,971,97120,COMMANDANT MORTENOL (RUE DU),16.23963,-61.53236,Nuit avec éclairage non allumé,En agglomération,Hors intersection,Normale,Deux véhicules - côté,4,1,1,0,1,1,1,0,1,30,,2,1,0,1,0,49.0,,,,4,2,1,1,3
202100032248,2021-06-23 03:30:00,2021,6,23,3,30,80,80021,JULES FERRY (CHAUSSEE),49.8829,2.32624,Nuit avec éclairage allumé,En agglomération,Hors intersection,Pluie légère,Autre collision,4,2,3,0,1,4,2,0,1,30,,2,1,0,0,1,,,,,5,2,1,2,6
202100032249,2021-06-26 00:45:00,2021,6,26,0,45,78,78165,GROS CAILLOU (ZONE INDUSTRIELLE),48.82643,1.97919,Nuit avec éclairage allumé,En agglomération,Hors intersection,Pluie légère,Deux véhicules - côté,4,1,2,3,1,1,2,0,1,30,,3,0,0,0,3,23.0,19.0,,,5,2,1,2,3
202100032250,2021-06-23 19:15:00,2021,6,23,19,15,78,78267,RUE GABRIEL PERI,48.98293,1.81042,Plein jour,En agglomération,Hors intersection,Normale,Deux véhicules - arrière,4,2,2,0,1,1,1,0,1,50,,2,1,0,1,0,14.0,,,,1,2,1,1,2
202100032251,2021-06-02 13:24:00,2021,6,2,13,24,77,77379,CHALAUTRE (ROUTE DE),48.5526,3.30351,Plein jour,En agglomération,Hors intersection,Normale,Deux véhicules - frontale,3,2,2,0,1,1,1,0,1,50,,2,1,0,1,0,41.0,,,,1,2,1,1,1
202100032252,2021-06-25 13:25:00,2021,6,25,13,25,76,76540,JEANNE D'ARC. RUE,49.44236,1.0907,Plein jour,En agglomération,Hors intersection,Normale,Autre collision,4,-1,2,0,1,1,1,-1,1,30,,2,1,0,0,1,,,,,1,2,1,1,6
202100032253,2021-06-25 04:40:00,2021,6,25,4,40,76,76540,RONDEAUX. AVENUE JEAN,49.43438,1.0762,Nuit avec éclairage allumé,En agglomération,Intersection en X,Normale,Deux véhicules - côté,2,2,4,0,1,1,1,5,1,50,,2,1,0,0,1,25.0,,,,5,2,2,1,3
202100032254,2021-06-25 22:20:00,2021,6,25,22,20,69,69290,ANDRE BOULLOCHE                     (BD),45.7203370433,4.9232947826,Nuit avec éclairage allumé,En agglomération,Autre intersection,Normale,Sans collision,4,2,2,0,1,3,1,9,1,50,,1,0,0,0,1,22.0,,,,5,2,9,1,7
202100032255,2021-06-25 08:30:00,2021,6,25,8,30,69,69029,CAMILLE ROUSSET (AV),45.73585,4.91164,Plein jour,En agglomération,Intersection en X,Normale,Autre collision,4,2,1,0,1,1,1,0,3,50,,2,1,0,0,1,90.0,,,,1,2,2,1,6
202100032256,2021-06-23 00:30:00,2021,6,23,0,30,69,69266,ROGER SALENGRO (AV),45.7792413278,4.8811284827,Nuit avec éclairage allumé,En agglomération,Intersection en T,Normale,Autre collision,4,3,2,0,1,1,1,0,1,50,,2,1,1,0,0,31.0,,,,5,2,3,1,6
202100032257,2021-06-25 10:25:00,2021,6,25,10,25,69,69115,ANSE (D') (RTE),45.97315,4.71726,Plein jour,Hors agglomération,Giratoire,Normale,Deux véhicules - frontale,3,1,1,0,1,2,1,0,1,50,,2,1,0,0,1,66.0,65.0,,,1,1,6,1,1
202100032258,2021-06-24 11:45:00,2021,6,24,11,45,69,69092,BEAUJOLAIS (DU) (AV),45.9969513699,4.706761837,Plein jour,En agglomération,Intersection en T,Normale,Deux véhicules - frontale,3,2,2,0,1,1,2,0,1,50,,2,1,0,0,1,50.0,43.0,,,1,2,3,1,1
202100032259,2021-06-25 07:15:00,2021,6,25,7,15,66,66136,BOURRAT BOULEVARD JEAN,42.69865,2.90459,Plein jour,En agglomération,Hors intersection,Normale,Autre collision,4,-1,-1,0,2,2,1,0,8,50,,2,1,0,1,0,54.0,,,,1,2,1,1,6
202100032260,2021-06-25 09:45:00,2021,6,25,9,45,64,64269,BEARN DU,43.3,-0.299,Plein jour,En agglomération,Intersection en X,Normale,Deux véhicules - côté,4,2,2,1,1,1,1,0,1,30,,2,1,0,0,1,77.0,60.0,,,1,2,2,1,3
202100032261,2021-06-25 08:40:00,2021,6,25,8,40,64,64445,DROITS DE L' HOMME DES,43.313,-0.36898,Plein jour,En agglomération,Giratoire,Normale,Deux véhicules - côté,4,1,2,0,1,2,1,0,1,50,,2,1,0,0,1,42.0,39.0,,,1,2,6,1,3
202100032262,2021-06-24 19:42:00,2021,6,24,19,42,63,63113,BLUM (AVENUE LEON),45.76675,3.09606,Plein jour,En agglomération,Intersection en T,Normale,Deux véhicules - frontale,4,2,2,0,1,1,1,5,1,50,,2,1,0,0,1,37.0,22.0,,,1,2,3,1,1
202100032263,2021-06-25 00:05:00,2021,6,25,0,5,59,59599,MALCENSE (RUE DE LA),50.72954,3.16446,Nuit avec éclairage allumé,En agglomération,Intersection en X,Normale,Deux véhicules - côté,4,2,2,0,1,1,1,0,1,50,,2,1,0,0,1,24.0,26.0,,,5,2,2,1,3
202100032264,2021-06-25 02:10:00,2021,6,25,2,10,59,59512,LEBAS (AVENUE JEAN),50.6935145271,3.168639511,Nuit avec éclairage allumé,En agglomération,Hors intersection,Normale,Deux véhicules - arrière,4,1,1,0,1,1,1,0,1,50,,8,5,0,0,3,25.0,24.0,,,5,2,1,1,2
202100032265,2021-06-18 17:00:00,2021,6,18,17,0,59,59328,LILLE RUE DE,50.6521,3.04058,Plein jour,En agglomération,Hors intersection,Normale,Trois véhicules et plus - collisions multiples,4,2,2,0,1,2,1,0,1,50,,3,2,0,0,1,15.0,20.0,,,1,2,1,1,5
202100032266,2021-06-21 18:40:00,2021,6,21,18,40,59,59350,SALENGRO ROGER RUE,50.62546,3.11516,Plein jour,En agglomération,Hors intersection,Normale,Trois véhicules et plus - collisions multiples,7,2,2,1,1,3,1,0,1,50,,3,2,0,0,1,42.0,32.0,,,1,2,1,1,5
202100032267,2021-06-24 12:10:00,2021,6,24,12,10,57,57463,JOFFRE  (AVENUE ),49.11171,6.17107,Plein jour,En agglomération,Intersection en X,Pluie légère,Deux véhicules - côté,4,2,6,0,1,1,2,0,1,50,,2,1,0,1,0,27.0,23.0,,,1,2,2,2,3
202100032268,2021-06-24 23:28:00,2021,6,24,23,28,56,56121,MARNE ( AV DE LA ),47.7423,-3.3684,Nuit avec éclairage non allumé,En agglomération,Hors intersection,Normale,Autre collision,4,-1,-1,0,1,1,1,0,4,30,,2,1,0,0,1,52.0,,,,4,2,1,1,6
202100032269,2021-06-24 14:10:00,2021,6,24,14,10,56,56121,Avenue Étienne-François de Choiseul,47.75118,-3.35802,Plein jour,En agglomération,Intersection en T,Normale,Deux véhicules - arrière,4,2,2,0,1,1,1,0,1,30,,2,1,0,0,1,72.0,31.0,,,1,2,3,1,2
202100032270,2021-06-24 11:10:00,2021,6,24,11,10,56,56121,KERGUESTENEN (RUE  DE ),47.74859,-3.39609,Plein jour,En agglomération,Hors intersection,Normale,Deux véhicules - arrière,4,2,2,0,1,1,1,0,1,50,,2,0,0,0,2,70.0,30.0,,,1,2,1,1,2
202100032271,2021-06-24 15:50:00,2021,6,24,15,50,54,54395,MEZIERES (RUE ALFRED),48.70081,6.16924,Plein jour,En agglomération,Hors intersection,Normale,Deux véhicules - arrière,4,2,3,0,2,1,1,2,1,50,,3,2,0,0,1,58.0,89.0,,,1,2,1,1,2
202100032272,2021-06-24 11:00:00,2021,6,24,11,0,54,54547,ALBERTVILLE (RUE D'),48.65522,6.18557,Plein jour,En agglomération,Hors intersection,Temps couvert,Deux véhicules - côté,4,2,1,0,1,3,2,0,8,30,,3,2,0,0,1,76.0,75.0,,,1,2,1,8,3
202100032273,2021-06-25 21:23:00,2021,6,25,21,23,49,49007,SAINTE CROIX PLACE,47.470163,-0.554004,Plein jour,En agglomération,Hors intersection,Normale,Deux véhicules - côté,4,2,2,0,1,1,2,0,1,30,,3,1,0,0,2,21.0,18.0,,,1,2,1,1,3
202100032274,2021-06-24 16:47:00,2021,6,24,16,47,49,49007,LIBERTE BOULEVARD,47.44863,-0.5368,Plein jour,En agglomération,Intersection en X,Normale,Deux véhicules - côté,4,3,4,0,1,1,1,0,1,50,,2,1,0,0,1,38.0,29.0,,,1,2,2,1,3
202100032275,2021-06-24 05:31:00,2021,6,24,5,31,49,49007,FOCH BOULEVARD,47.46642,-0.55293,Crépuscule ou aube,En agglomération,Intersection en X,Normale,Deux véhicules - côté,4,2,2,0,1,1,1,0,1,50,,2,1,0,1,0,31.0,39.0,,,2,2,2,1,3
202100032276,2021-06-25 17:00:00,2021,6,25,17,0,45,45234,Rue du Faubourg Bannier,47.92128,1.89789,Plein jour,En agglomération,Hors intersection,Normale,Autre collision,4,2,2,0,1,1,1,0,1,50,,2,1,0,0,1,66.0,,,,1,2,1,1,6
202100032277,2021-06-23 12:00:00,2021,6,23,12,0,45,45338,Rue Maryse Bastie,47.98208,2.72189,Plein jour,En agglomération,Hors intersection,Normale,Autre collision,4,1,1,0,1,1,1,6,4,30,,2,1,0,0,1,14.0,,,,1,2,1,1,6
202100032278,2021-06-22 12:45:00,2021,6,22,12,45,42,42218,Place Sadi Carnot,45.4483941586,4.3853892331,Plein jour,En agglomération,Hors intersection,Pluie légère,Autre collision,4,-1,0,0,1,1,2,0,8,50,,2,1,0,1,0,50.0,,,,1,2,1,2,6
202100032279,2021-06-21 23:35:00,2021,6,21,23,35,39,39150,,47.052678,5.4366445,Nuit sans éclairage public,Hors agglomération,Giratoire,Normale,Deux véhicules - côté,3,-1,2,0,1,1,1,0,1,90,,3,1,0,0,2,33.0,19.0,,,3,1,6,1,3
202100032280,2021-06-25 18:00:00,2021,6,25,18,0,38,38185,Avenue Rhin et Danube,45.17931,5.70547,Plein jour,En agglomération,Intersection en X,Normale,Deux véhicules - côté,4,2,3,2,1,1,1,0,1,50,,2,1,0,0,1,10.0,27.0,,,1,2,2,1,3
202100032281,2021-06-25 11:33:00,2021,6,25,11,33,37,37261,WAGNER (BOULEVARD RICHARD),47.3741542252,0.6986624748,Plein jour,En agglomération,Intersection en T,Normale,Autre collision,4,3,4,1,1,1,1,0,1,50,,7,5,0,0,2,70.0,39.0,,,1,2,3,1,6
202100032282,2021-06-25 08:57:00,2021,6,25,8,57,37,37122,RD 86 DE MONTS à TOURS,47.3229642194,0.6618471444,Plein jour,En agglomération,Giratoire,Normale,Autre collision,7,2,2,0,1,1,1,0,1,50,,2,1,0,0,1,82.0,21.0,,,1,2,6,1,6
202100032283,2021-06-25 21:50:00,2021,6,25,21,50,33,33063,Avenue des Quarante Journaux,44.87865,-0.56862,Plein jour,En agglomération,Hors intersection,Normale,Deux véhicules - côté,4,2,3,0,1,1,1,0,1,50,,2,1,0,0,1,20.0,31.0,,,1,2,1,1,3
202100032284,2021-06-25 19:00:00,2021,6,25,19,0,33,33063,Rue du Sacre Coeur,44.8499,-0.60447,Plein jour,En agglomération,Intersection en Y,Normale,Deux véhicules - côté,4,1,1,0,1,2,1,8,1,50,,2,1,0,0,1,22.0,74.0,,,1,2,4,1,3
202100032285,2021-06-25 18:55:00,2021,6,25,18,55,33,33550,Route de Toulouse,44.78349,-0.56615,Plein jour,En agglomération,Hors intersection,Normale,Deux véhicules - arrière,4,2,2,0,1,1,1,0,1,50,,2,1,0,0,1,40.0,14.0,,,1,2,1,1,2
202100032286,2021-06-25 11:20:00,2021,6,25,11,20,33,33529,Rue Lagrua,44.639924,-1.155005,Plein jour,Hors agglomération,Hors intersection,Normale,Autre collision,6,-1,-1,1,1,1,1,0,1,30,,1,0,0,0,1,90.0,,,,1,1,1,1,6
202100032287,2021-06-25 21:15:00,2021,6,25,21,15,31,31555,RTE D AGDE,43.625,1.4751,Plein jour,En agglomération,Hors intersection,Normale,Deux véhicules - arrière,7,-1,1,0,1,1,1,0,1,50,,6,5,0,0,1,35.0,26.0,,,1,2,1,1,2
202100032288,2021-06-25 14:30:00,2021,6,25,14,30,31,31149,ESPLANADE FRANCOIS MITTERRAND ,43.6060422651,1.3348601884,Plein jour,En agglomération,Intersection en T,Normale,Deux véhicules - côté,7,1,3,2,1,1,1,0,1,50,,2,1,0,1,0,60.0,39.0,,,1,2,3,1,3
202100032289,2021-06-15 17:55:00,2021,6,15,17,55,29,29019,Rue Général Galliéni,48.3909027428,-4.5061773969,Plein jour,En agglomération,Intersection en T,Normale,Deux véhicules - côté,4,2,2,0,1,1,1,0,1,30,,2,1,0,0,1,24.0,15.0,,,1,2,3,1,3
202100032290,2021-06-24 18:36:00,2021,6,24,18,36,29,29019,Rue Yves Collet,48.39549,-4.47689,Plein jour,En agglomération,Intersection en T,Normale,Autre collision,4,2,2,0,2,1,1,5,1,50,,2,1,0,0,1,52.0,,,,1,2,3,1,6
202100032291,2021-06-24 13:14:00,2021,6,24,13,14,27,27229,VAL ITON (RUE DU),49.03427,1.14802,Plein jour,Hors agglomération,Hors intersection,Normale,Deux véhicules - côté,4,-1,2,0,2,3,1,0,1,50,,2,1,0,0,1,33.0,80.0,,,1,1,1,1,3
202100032292,2021-06-24 02:30:00,2021,6,24,2,30,22,22360,RN12,48.48861,-2.72045,Nuit avec éclairage allumé,Hors agglomération,Hors intersection,Normale,Deux véhicules - frontale,2,3,4,0,1,1,9,8,1,90,,2,0,0,0,2,22.0,51.0,,,5,1,1,1,1
202100032293,2021-06-24 21:15:00,2021,6,24,21,15,17,17300,COUBERTIN   AVENUE PIERRE DE,46.1666,-1.17045,Plein jour,En agglomération,Hors intersection,Normale,Autre collision,4,2,1,0,1,1,1,0,3,30,,1,0,0,0,1,50.0,,,,1,2,1,1,6
202100032294,2021-06-25 23:55:00,2021,6,25,23,55,13,13215,MADRAGUE VILLE (RUE),43.3332101545,5.3585707315,Nuit avec éclairage allumé,En agglomération,Autre intersection,Normale,Deux véhicules - frontale,4,2,2,0,1,3,1,0,1,50,,3,1,0,0,2,41.0,27.0,,,5,2,9,1,1
202100032295,2021-06-25 04:30:00,2021,6,25,4,30,13,13206,PARADIS (RUE),43.2819473009,5.3816468848,Nuit avec éclairage allumé,En agglomération,Autre intersection,Normale,Deux véhicules - côté,4,1,2,0,2,1,1,0,1,50,,4,2,0,0,2,39.0,25.0,,,5,2,9,1,3
202100032296,2021-06-25 17:30:00,2021,6,25,17,30,13,13209,REDON (BOULEVARD DU),43.25133,5.42169,Plein jour,En agglomération,Hors intersection,Normale,Deux véhicules - frontale,4,2,2,0,2,2,1,0,1,50,,2,1,0,0,1,43.0,57.0,,,1,2,1,1,1
202100032297,2021-06-25 12:30:00,2021,6,25,12,30,13,13208,MAZARGUES (AVENUE DE),43.26247,5.39308,Plein jour,En agglomération,Hors intersection,Normale,Deux véhicules - côté,4,2,2,0,1,1,1,0,1,50,,2,1,0,0,1,71.0,24.0,,,1,2,1,1,3
202100032298,2021-06-25 18:07:00,2021,6,25,18,7,10,10387,JACQUIN (RUE),48.30401,4.07982,Plein jour,En agglomération,Hors intersection,Normale,Deux véhicules - arrière,4,2,2,0,1,1,1,0,1,50,,2,1,0,0,1,18.0,52.0,,,1,2,1,1,2
202100032299,2021-06-25 15:22:00,2021,6,25,15,22,10,10387,FAUBOURG CRONCELS (RUE DU),48.281279,4.080001,Plein jour,En agglomération,Intersection en T,Normale,Deux véhicules - arrière,4,2,2,0,1,1,1,0,1,50,,2,1,0,0,1,23.0,23.0,,,1,2,3,1,2
202100032300,2021-06-25 21:15:00,2021,6,25,21,15,08,08409,ALSACE-LORRAINE (PLACE),49.70218,4.94456,Plein jour,En agglomération,Autre intersection,Normale,Deux véhicules - côté,3,2,2,1,1,1,1,0,1,50,,2,1,0,0,1,18.0,27.0,,,1,2,9,1,3
202100032301,2021-06-25 13:15:00,2021,6,25,13,15,06,06027,JUIN BOULEVARD MARECHAL,43.657311,7.151035,Plein jour,En agglomération,Intersection en T,Normale,Deux véhicules - côté,4,2,3,0,1,1,1,0,1,50,,2,0,0,1,1,76.0,23.0,,,1,2,3,1,3
202100032302,2021-06-22 13:41:00,2021,6,22,13,41,06,06004,R.N.98 BORD DE MER SIESTA,43.595775,7.12542,Plein jour,Hors agglomération,Hors intersection,Normale,Deux véhicules - arrière,3,2,2,2,1,1,1,0,5,70,,2,1,0,1,0,46.0,57.0,,,1,1,1,1,2
202100032303,2021-06-24 07:40:00,2021,6,24,7,40,05,05061,PASTEUR ( RUE ),44.5599304163,6.0790631175,Plein jour,En agglomération,Hors intersection,Normale,Autre collision,4,1,1,0,1,1,1,0,1,30,,1,0,0,0,1,51.0,,,,1,2,1,1,6
202100032304,2021-06-26 01:15:00,2021,6,26,1,15,05,05023,ITALIE (ROUTE D'),44.90971,6.66628,Nuit sans éclairage public,Hors agglomération,Hors intersection,Normale,Deux véhicules - frontale,2,2,2,0,1,3,1,0,3,70,,4,0,2,1,1,24.0,33.0,,,3,1,1,1,1
202100032305,2021-06-22 15:00:00,2021,6,22,15,0,03,03023,GANNAT (ROUTE DE),46.12693,3.39569,Plein jour,En agglomération,Hors intersection,Normale,Autre collision,3,3,1,0,2,1,1,0,1,50,,2,1,0,1,0,54.0,,,,1,2,1,1,6
202100032306,2021-06-25 20:33:00,2021,6,25,20,33,03,03211,MONTLUCON (ROUTE DE),46.30692,2.56504,Plein jour,Hors agglomération,Hors intersection,Normale,Autre collision,3,2,2,0,1,1,1,0,1,90,,1,0,0,1,0,55.0,,,,1,1,1,1,6
202100032307,2021-06-25 11:50:00,2021,6,25,11,50,75,75119,BOULEVARD PERIPHERIQUE,48.878879,2.407906,Plein jour,En agglomération,Hors intersection,Normale,Trois véhicules et plus - en chaîne,4,1,4,0,1,1,1,0,1,70,,3,2,0,0,1,27.0,44.0,,,1,2,1,1,4
202100032308,2021-06-25 09:00:00,2021,6,25,9,0,75,75116,BOULEVARD PERIPHERIQUE,48.869067,2.27085,Plein jour,En agglomération,Hors intersection,Normale,Deux véhicules - côté,4,1,4,0,1,1,1,1,1,70,,2,1,0,0,1,21.0,34.0,,,1,2,1,1,3
202100032309,2021-06-24 12:30:00,2021,6,24,12,30,75,75116,PORTE MAILLOT,48.876323,2.278525,Plein jour,En agglomération,Hors intersection,Normale,Deux véhicules - arrière,4,1,4,0,1,1,1,0,1,70,,2,1,0,0,1,28.0,27.0,,,1,2,1,1,2
202100032310,2021-06-23 02:25:00,2021,6,23,2,25,75,75112,BOULEVARD PERIPHERIQUE,48.826973,2.390044,Nuit avec éclairage allumé,En agglomération,Intersection en Y,Pluie légère,Deux véhicules - arrière,4,1,5,0,1,1,2,0,1,70,,2,1,0,0,1,22.0,29.0,,,5,2,4,2,2
202100032311,2021-06-25 19:20:00,2021,6,25,19,20,75,75105,RUE DU FER A MOULIN,48.83892,2.353238,Plein jour,En agglomération,Intersection en T,Temps couvert,Autre collision,4,2,2,0,1,1,1,0,1,30,,1,0,0,0,1,48.0,,,,1,2,3,8,6
202100032312,2021-06-25 15:13:00,2021,6,25,15,13,75,75106,RUE DE MEDICIS,48.847981,2.339834,Plein jour,En agglomération,Hors intersection,Pluie légère,Autre collision,4,2,3,0,1,1,2,0,1,30,,2,1,0,0,1,,34.0,,,1,2,1,2,6
202100032313,2021-06-25 11:47:00,2021,6,25,11,47,75,75105,BOULEVARD SAINT GERMAIN,48.849868,2.349453,Plein jour,En agglomération,Intersection en T,Normale,Sans collision,4,1,3,0,1,1,1,0,1,50,,1,0,0,0,1,57.0,,,,1,2,3,1,7
202100032314,2021-06-24 20:40:00,2021,6,24,20,40,75,75120,RUE D AVRON,48.853096,2.408341,Plein jour,En agglomération,Hors intersection,Normale,Deux véhicules - côté,4,2,2,0,1,1,1,0,1,30,,2,1,0,0,1,54.0,30.0,,,1,2,1,1,3
202100032315,2021-06-25 19:40:00,2021,6,25,19,40,75,75119,RUE D AUBERVILLIERS,48.897734,2.370543,Plein jour,En agglomération,Hors intersection,Normale,Deux véhicules - côté,4,3,3,3,1,1,1,0,6,50,,2,1,0,0,1,37.0,22.0,,,1,2,1,1,3
202100032316,2021-06-25 12:26:00,2021,6,25,12,26,75,75119,AVENUE DE FLANDRE,48.885017,2.369659,Plein jour,En agglomération,Hors intersection,Normale,Autre collision,4,3,3,3,1,1,1,0,6,50,,2,1,0,0,1,23.0,,,,1,2,1,1,6
202100032317,2021-06-25 20:37:00,2021,6,25,20,37,75,75109,BOULEVARD DE CLICHY,48.883759,2.332282,Plein jour,En agglomération,Intersection en X,Normale,Deux véhicules - côté,4,3,2,3,1,1,1,0,6,50,,2,1,0,0,1,29.0,48.0,,,1,2,2,1,3
202100032318,2021-06-25 17:15:00,2021,6,25,17,15,75,75116,AVENUE VICTOR HUGO,48.870665,2.287706,Plein jour,En agglomération,Intersection en T,Normale,Deux véhicules - côté,4,2,2,0,1,1,1,0,1,50,,2,1,0,0,1,17.0,20.0,,,1,2,3,1,3
202100032319,2021-06-24 12:10:00,2021,6,24,12,10,75,75116,AVENUE VICTOR HUGO,48.871347,2.289291,Plein jour,En agglomération,Hors intersection,Temps couvert,Deux véhicules - côté,4,2,2,0,1,1,1,0,1,50,,2,1,0,0,1,23.0,33.0,,,1,2,1,8,3
202100032320,2021-06-24 10:05:00,2021,6,24,10,5,75,75116,BOULEVARD DELESSERT,48.859622,2.287714,Plein jour,En agglomération,Intersection en T,Temps couvert,Deux véhicules - côté,4,2,2,0,2,1,1,0,1,50,,3,1,0,0,2,,26.0,,,1,2,3,8,3