accident_id,datetime,annee,mois,jour,heure,minute,departement,commune_insee,adresse,latitude,longitude,luminosite,agglomeration,intersection,meteo,collision,catr,circ,nbv,vosp,prof,plan,surf,infra,situ,vma,nb_vehicules,nb_usagers,nb_indemnes,nb_tues,nb_blesses_hosp,nb_blesses_legers,age_cond_1,age_cond_2,veh_type_cond_1,veh_type_cond_2,lum_code,agg_code,int_code,atm_code,col_code
202100032321,2021-06-24 01:40:00,2021,6,24,1,40,75,75115,RUE DE VAUGIRARD,48.842993,2.312783,Nuit avec éclairage allumé,En agglomération,Intersection en X,Normale,Deux véhicules - côté,4,1,1,1,1,1,1,0,1,50,,2,1,0,0,1,51.0,24.0,,,5,2,2,1,3
202100032322,2021-06-25 17:40:00,2021,6,25,17,40,75,75113,RUE DE TOLBIAC,48.825709,2.348406,Plein jour,En agglomération,Intersection en X,Normale,Autre collision,4,2,3,0,1,1,1,0,1,50,,2,1,0,0,1,34.0,,,,1,2,2,1,6
202100032323,2021-06-25 02:25:00,2021,6,25,2,25,75,75113,BOULEVARD KELLERMANN,48.820987,2.351571,Nuit avec éclairage allumé,En agglomération,Hors intersection,Normale,Sans collision,4,2,5,3,1,1,1,0,4,50,,1,0,0,0,1,25.0,,,,5,2,1,1,7
202100032324,2021-06-25 08:40:00,2021,6,25,8,40,75,75112,QUAI DE LA RAPEE,48.841883,2.3725,Plein jour,En agglomération,Hors intersection,Normale,Deux véhicules - arrière,4,3,4,0,1,1,1,0,1,50,,2,1,0,0,1,23.0,25.0,,,1,2,1,1,2
202100032325,2021-06-25 20:04:00,2021,6,25,20,4,75,75118,BOULEVARD BARBES,48.89156,2.349624,Crépuscule ou aube,En agglomération,Intersection en X,Normale,Deux véhicules - côté,4,2,4,0,1,1,1,5,1,50,,2,0,0,0,2,37.0,21.0,,,2,2,2,1,3
202100032326,2021-06-25 15:45:00,2021,6,25,15,45,75,75110,BOULEVARD DE STRASBOURG,48.87137,2.355433,Plein jour,En agglomération,Hors intersection,Pluie légère,Deux véhicules - côté,4,1,3,1,1,1,2,0,5,50,,3,2,0,0,1,47.0,51.0,,,1,2,1,2,3
202100032327,2021-06-25 15:40:00,2021,6,25,15,40,75,75108,PLACE DE LA CONCORDE,48.866774,2.322044,Plein jour,En agglomération,Place,Pluie légère,Trois véhicules et plus - collisions multiples,4,1,8,0,1,1,2,0,1,50,,3,2,0,0,1,78.0,56.0,,,1,2,7,2,5
202100032328,2021-06-25 09:45:00,2021,6,25,9,45,75,75108,AVENUE DE FRIEDLAND,48.874397,2.301052,Plein jour,En agglomération,Intersection en X,Normale,Trois véhicules et plus - en chaîne,4,2,4,0,2,1,8,0,1,50,,3,1,0,0,2,31.0,34.0,,,1,2,2,1,4
202100032329,2021-06-25 22:45:00,2021,6,25,22,45,75,75107,AVENUE DE LA BOURDONNAIS,48.859227,2.297731,Nuit sans éclairage public,En agglomération,Intersection en Y,Pluie légère,Autre collision,4,2,2,0,1,1,2,0,1,50,,2,1,0,0,1,,,,,3,2,4,2,6
202100032330,2021-06-25 22:10:00,2021,6,25,22,10,75,75101,QUAI FRANCOIS MITTERRAND,48.860142,2.33319,Nuit avec éclairage allumé,En agglomération,Place,Pluie forte,Sans collision,4,1,4,0,1,1,2,0,1,50,,1,0,0,0,1,20.0,,,,5,2,7,3,7
202100032331,2021-06-25 11:30:00,2021,6,25,11,30,94,94068,Avenue Pierre Sémard,48.80576,2.51077,Plein jour,En agglomération,Autre intersection,Normale,Autre collision,4,2,1,0,1,1,1,8,8,30,,2,1,0,0,1,37.0,,,,1,2,9,1,6
202100032332,2021-06-25 09:00:00,2021,6,25,9,0,94,94046,Avenue de la République,48.8053,2.43982,Plein jour,En agglomération,Hors intersection,Normale,Deux véhicules - côté,3,2,2,0,1,1,1,0,1,30,,2,1,0,1,0,51.0,26.0,,,1,2,1,1,3
202100032333,2021-06-25 17:45:00,2021,6,25,17,45,94,94076,MAXIME GORKI (BD),48.7997388044,2.3656521747,Plein jour,En agglomération,Intersection en T,Temps couvert,Deux véhicules - côté,3,3,0,0,2,3,1,0,1,50,,2,1,0,0,1,56.0,27.0,,,1,2,3,8,3
202100032334,2021-06-25 05:17:00,2021,6,25,5,17,94,94065,Rue du Limousin,48.75547,2.3623,Crépuscule ou aube,En agglomération,Autre intersection,Normale,Deux véhicules - arrière,9,1,1,0,1,1,1,7,8,30,,2,1,0,0,1,34.0,41.0,,,2,2,9,1,2
202100032335,2021-06-24 20:50:00,2021,6,24,20,50,94,94011,Avenue de Boissy,48.77417,2.48189,Plein jour,En agglomération,Intersection en X,Normale,Deux véhicules - côté,3,2,2,0,1,1,1,0,1,50,,2,1,0,0,1,36.0,19.0,,,1,2,2,1,3
202100032336,2021-06-24 15:50:00,2021,6,24,15,50,94,94028,Route de Choisy,48.78839,2.4514,Plein jour,En agglomération,Hors intersection,Normale,Deux véhicules - côté,3,2,6,3,1,1,1,0,6,50,,3,2,0,0,1,37.0,36.0,,,1,2,1,1,3
202100032337,2021-06-22 04:20:00,2021,6,22,4,20,94,94059,Avenue Maurice Berteaux,48.81398,2.56537,Nuit avec éclairage allumé,En agglomération,Hors intersection,Normale,Autre collision,3,3,2,0,1,1,1,0,1,30,,1,0,0,0,1,27.0,,,,5,2,1,1,6
202100032338,2021-06-24 12:00:00,2021,6,24,12,0,94,94055,GENERAL DE GAULLE (AV DU),48.78707,2.53753,Plein jour,En agglomération,Hors intersection,Temps couvert,Deux véhicules - arrière,3,2,2,0,2,1,1,0,1,50,,2,1,0,0,1,21.0,53.0,,,1,2,1,8,2
202100032339,2021-06-25 18:15:00,2021,6,25,18,15,94,94004,FFI (ALL DES),48.75658,2.50727,Plein jour,En agglomération,Hors intersection,Pluie légère,Deux véhicules - côté,3,2,2,0,1,3,2,0,1,50,,2,1,0,0,1,49.0,41.0,,,1,2,1,2,3
202100032340,2021-06-24 17:10:00,2021,6,24,17,10,94,94002,Rue de Toulon,48.78429,2.42979,Plein jour,En agglomération,Hors intersection,Normale,Autre collision,4,1,1,0,1,1,1,0,1,50,,2,1,0,0,1,59.0,,,,1,2,1,1,6
202100032341,2021-06-25 15:30:00,2021,6,25,15,30,93,93073,Rue d’Athenes,49.01071,2.55987,Plein jour,En agglomération,Hors intersection,Normale,Autre collision,9,1,1,3,1,1,1,9,1,30,,2,1,0,0,1,22.0,,,,1,2,1,1,6
202100032342,2021-06-25 07:30:00,2021,6,25,7,30,93,93059,PASTEUR (BOULEVARD),48.9649,2.36535,Plein jour,En agglomération,Intersection en X,Normale,Autre collision,3,1,2,0,1,1,1,5,1,50,,3,1,0,1,1,37.0,47.0,,,1,2,2,1,6
202100032343,2021-06-24 18:45:00,2021,6,24,18,45,93,93066,Avenue du General de Gaulle,48.926801,2.363251,Plein jour,En agglomération,Hors intersection,Normale,Autre collision,3,3,2,0,1,1,1,0,1,50,,2,1,0,0,1,40.0,,,,1,2,1,1,6
202100032344,2021-06-25 08:40:00,2021,6,25,8,40,93,93064,PERI (BOULEVARD GABRIEL)  0 - 37 / 42,48.877318,2.478733,Plein jour,En agglomération,Hors intersection,Normale,Deux véhicules - côté,3,3,4,0,1,1,1,0,1,50,,2,1,0,0,1,42.0,33.0,,,1,2,1,1,3
202100032345,2021-06-25 16:20:00,2021,6,25,16,20,93,93051,Avenue du Bois Saint Martin,48.82264,2.57688,Plein jour,En agglomération,Hors intersection,Normale,Autre collision,4,2,2,0,1,1,1,0,1,50,,1,0,0,0,1,29.0,,,,1,2,1,1,6
202100032346,2021-06-25 15:40:00,2021,6,25,15,40,93,93048,Rue de Rosny / Rue Pierre de Montreuil,48.863503,2.449845,Plein jour,En agglomération,Intersection en T,Normale,Deux véhicules - côté,4,2,2,0,1,1,1,0,1,50,,3,1,0,0,2,29.0,19.0,,,1,2,3,1,3
202100032347,2021-06-25 01:04:00,2021,6,25,1,4,93,93066,Avenue de Stalingrad,48.94509,2.36158,Nuit avec éclairage allumé,En agglomération,Hors intersection,Normale,Autre collision,3,3,4,0,1,1,1,2,1,50,,2,0,0,1,0,,,,,5,2,1,1,6
202100032348,2021-06-25 12:00:00,2021,6,25,12,0,93,93047,Rue Degas / Avenue Paul Cézanne,48.90323,2.55858,Plein jour,En agglomération,Intersection en X,Temps couvert,Deux véhicules - côté,4,1,1,0,1,1,1,0,1,30,,2,1,0,0,1,29.0,,,,1,2,2,8,3
202100032349,2021-06-25 16:40:00,2021,6,25,16,40,93,93010,GALLIENI (AV.) DE 111 A 175,48.906349,2.482611,Plein jour,En agglomération,Hors intersection,Normale,Autre collision,3,2,3,0,1,1,1,0,1,50,,2,0,0,0,1,,,,,1,2,1,1,6
202100032350,2021-06-25 19:19:00,2021,6,25,19,19,93,93001,VICTOR HUGO (AVE)  => 120,48.902539,2.370963,Plein jour,En agglomération,Giratoire,Normale,Deux véhicules - côté,3,2,2,0,1,1,1,0,1,30,,3,2,0,0,1,33.0,28.0,,,1,2,6,1,3
202100032351,2021-06-24 21:15:00,2021,6,24,21,15,93,93001,CITES (RUE DES)  => 91,48.906037,2.387385,Plein jour,En agglomération,Hors intersection,Normale,Deux véhicules - côté,4,1,1,1,1,1,1,0,1,50,,2,1,0,0,1,29.0,,,,1,2,1,1,3
202100032352,2021-06-24 19:00:00,2021,6,24,19,0,93,93001,VICTOR HUGO (AVE)  => 120,48.905597,2.374617,Plein jour,En agglomération,Hors intersection,Normale,Deux véhicules - côté,3,2,2,3,1,1,1,0,1,50,,2,1,0,0,1,38.0,37.0,,,1,2,1,1,3
202100032353,2021-06-24 17:00:00,2021,6,24,17,0,93,93001,PRESIDENT ROOSEVELT (AVENUE DU),48.91572,2.380587,Plein jour,Hors agglomération,Autre intersection,Normale,Deux véhicules - côté,3,2,2,0,1,1,1,0,1,50,,2,1,0,0,1,20.0,20.0,,,1,1,9,1,3
202100032354,2021-06-25 11:15:00,2021,6,25,11,15,92,92062,GENERAL DE GAULLE (AV) DU 44 AU 106,48.8884070257,2.2357660532,Plein jour,En agglomération,Autre intersection,Normale,Deux véhicules - côté,2,1,2,1,1,1,1,0,5,50,,2,1,0,0,1,25.0,31.0,,,1,2,9,1,3
202100032355,2021-06-25 06:40:00,2021,6,25,6,40,92,92051,LONGCHAMP (RUE DE),48.882167,2.255318,Plein jour,En agglomération,Intersection en T,Normale,Autre collision,4,1,1,0,1,1,1,0,1,30,,2,1,0,0,1,63.0,,,,1,2,3,1,6
202100032356,2021-06-25 13:15:00,2021,6,25,13,15,92,92050,COMMUNE DE PARIS AVENUE DE LA,48.905541,2.208934,Plein jour,En agglomération,Intersection en T,Normale,Deux véhicules - côté,3,1,3,0,1,1,1,0,1,50,,2,1,0,0,1,20.0,31.0,,,1,2,3,1,3
202100032357,2021-06-25 22:10:00,2021,6,25,22,10,92,92040,Avenue Victor Cresson,48.8239649113,2.2728341818,Nuit avec éclairage allumé,En agglomération,Intersection à plus de 4 branches,Pluie forte,Deux véhicules - côté,3,1,1,0,1,1,2,0,1,50,,4,3,0,0,1,35.0,53.0,,,5,2,5,3,3
202100032358,2021-06-25 20:45:00,2021,6,25,20,45,92,92025,CHARLES DE GAULLE (BD),48.91554,2.22791,Plein jour,En agglomération,Hors intersection,Normale,Deux véhicules - côté,3,1,5,0,1,1,1,0,1,50,,4,2,0,0,2,44.0,36.0,,,1,2,1,1,3
202100032359,2021-06-25 16:15:00,2021,6,25,16,15,92,92025,GABRIEL PERI (RUE),48.918223,2.238882,Plein jour,En agglomération,Hors intersection,Normale,Autre collision,4,2,2,0,1,1,2,0,1,50,,2,1,0,0,1,28.0,,,,1,2,1,1,6
202100032360,2021-06-25 20:10:00,2021,6,25,20,10,92,92007,SUISSES (VOIE DES),48.8017914108,2.3001547593,Plein jour,En agglomération,Intersection en T,Temps couvert,Deux véhicules - côté,4,2,0,0,1,1,1,0,1,50,,3,1,0,0,2,20.0,44.0,,,1,2,3,8,3
202100032361,2021-06-26 01:15:00,2021,6,26,1,15,24,24350,Chauffre,45.152146,0.598521,Nuit sans éclairage public,Hors agglomération,Autre intersection,Normale,Autre collision,4,2,2,0,4,2,1,0,3,50,,2,1,0,1,0,23.0,,,,3,1,9,1,6
202100032362,2021-06-26 11:58:00,2021,6,26,11,58,06,06161,D241,43.635485,7.128856,Plein jour,Hors agglomération,Hors intersection,Normale,Deux véhicules - côté,3,2,2,0,1,1,1,0,1,50,,2,1,0,0,1,51.0,26.0,,,1,1,1,1,3
202100032363,2021-06-24 17:30:00,2021,6,24,17,30,76,76280,D1314,49.826557,1.41082,Plein jour,Hors agglomération,Hors intersection,Normale,Sans collision,3,-1,2,0,1,1,1,0,1,70,,3,2,0,1,0,20.0,,,,1,1,1,1,7
202100032364,2021-06-25 20:30:00,2021,6,25,20,30,68,68252,1 Rue de la Gare,48.1598761129,7.3691627383,Plein jour,En agglomération,Hors intersection,Normale,Sans collision,4,2,2,0,1,1,1,0,1,50,,2,1,0,1,0,29.0,,,,1,2,1,1,7
202100032365,2021-06-21 08:20:00,2021,6,21,8,20,64,64410,rond point des chenes mourenx,43.37413,-0.624381,Plein jour,En agglomération,Giratoire,Normale,Deux véhicules - côté,3,1,1,0,1,2,1,5,1,50,,2,1,0,1,0,35.0,77.0,,,1,2,6,1,3
202100032366,2021-06-20 16:49:00,2021,6,20,16,49,67,67403,departementale 791,48.808602,7.563186,Plein jour,Hors agglomération,Hors intersection,Pluie légère,Sans collision,3,2,2,0,2,2,2,0,3,80,,1,0,1,0,0,46.0,,,,1,1,1,2,7
202100032367,2021-06-23 13:30:00,2021,6,23,13,30,67,67383,Rue Principale,48.665546,7.476384,Plein jour,En agglomération,Intersection en T,Normale,Deux véhicules - côté,3,2,2,0,2,1,1,0,1,50,,2,1,0,1,0,10.0,29.0,,,1,2,3,1,3
202100032368,2021-06-16 19:45:00,2021,6,16,19,45,01,01419,D884,46.219433,5.981358,Plein jour,Hors agglomération,Hors intersection,Normale,Autre collision,3,3,4,0,4,1,1,0,3,110,,1,0,0,1,0,34.0,,,,1,1,1,1,6
202100032369,2021-06-25 17:00:00,2021,6,25,17,0,43,43191,A75,45.359021,3.280535,Plein jour,Hors agglomération,Hors intersection,Normale,Sans collision,1,1,4,0,2,1,1,0,3,130,,1,0,0,0,1,50.0,,,,1,1,1,1,7
202100032370,2021-06-26 10:45:00,2021,6,26,10,45,83,83132,4280 Chemin de Sauvebonne,43.168644,6.072376,Plein jour,Hors agglomération,Hors intersection,Normale,Trois véhicules et plus - collisions multiples,3,2,2,0,1,3,1,0,1,70,,3,2,0,1,0,21.0,21.0,,,1,1,1,1,5
202100032371,2021-05-21 18:30:00,2021,5,21,18,30,83,83031,Route Thoronet D17,43.402152,6.358158,Plein jour,Hors agglomération,Hors intersection,Normale,Deux véhicules - côté,3,-1,2,0,1,1,1,0,3,80,,3,2,0,0,1,37.0,20.0,,,1,1,1,1,3
202100032372,2021-06-10 14:45:00,2021,6,10,14,45,57,57117,L Oree du Bois,49.335414,6.328458,Plein jour,En agglomération,Autre intersection,Temps éblouissant,Autre collision,4,-1,2,0,2,1,1,0,8,30,,2,1,0,1,0,58.0,,,,1,2,9,7,6
202100032373,2021-06-25 23:00:00,2021,6,25,23,0,51,51413,D9,49.002217,4.032589,Nuit avec éclairage allumé,Hors agglomération,Giratoire,Normale,Sans collision,3,2,2,0,1,1,1,0,1,80,,1,0,1,0,0,35.0,,,,5,1,6,1,7
202100032374,2021-06-25 17:30:00,2021,6,25,17,30,59,59037,38 Rue du 8 Mai 1945,50.195824,3.373983,Plein jour,En agglomération,Hors intersection,Normale,Autre collision,4,2,2,0,2,3,1,0,4,50,,2,0,0,2,0,34.0,,,,1,2,1,1,6
202100032375,2021-06-26 18:00:00,2021,6,26,18,0,19,19099,D14,45.072581,1.69565,Plein jour,Hors agglomération,Hors intersection,Normale,Autre collision,3,2,2,0,2,2,1,0,3,90,,3,2,0,1,0,27.0,,,,1,1,1,1,6
202100032376,2021-06-12 17:30:00,2021,6,12,17,30,56,56240,Lieu Dit Quintin,47.537572,-2.696328,Plein jour,Hors agglomération,Hors intersection,Normale,Sans collision,3,2,2,0,1,2,1,0,3,80,,2,1,0,0,1,23.0,,,,1,1,1,1,7
202100032377,2021-06-26 08:00:00,2021,6,26,8,0,76,76581,Route de la Plaine,49.52843,1.33715,Plein jour,Hors agglomération,Intersection en X,Temps couvert,Deux véhicules - côté,3,2,2,0,1,1,1,0,1,80,,2,1,0,1,0,19.0,19.0,,,1,1,2,8,3
202100032378,2021-06-25 23:00:00,2021,6,25,23,0,79,79197,,46.689199,-0.103555,Nuit sans éclairage public,Hors agglomération,Hors intersection,Normale,Autre collision,3,2,2,0,1,3,1,0,1,80,,1,0,0,1,0,20.0,,,,3,1,1,1,6
202100032379,2021-06-25 16:10:00,2021,6,25,16,10,79,79131,,46.876746,-0.340726,Plein jour,Hors agglomération,Hors intersection,Normale,Autre collision,3,2,2,0,1,1,1,0,3,90,,1,0,0,1,0,53.0,,,,1,1,1,1,6
202100032380,2021-06-26 13:40:00,2021,6,26,13,40,2A,2A103,d1,41.984441,8.887596,Plein jour,Hors agglomération,Hors intersection,Normale,Deux véhicules - frontale,3,2,2,0,1,2,1,0,1,70,,3,1,1,1,0,51.0,42.0,,,1,1,1,1,1
202100032381,2021-06-26 15:15:00,2021,6,26,15,15,82,82028,D820,43.8564433127,1.2931586802,Plein jour,Hors agglomération,Intersection en X,Normale,Autre collision,3,2,2,0,1,1,1,9,8,80,,2,0,0,1,1,55.0,,,,1,1,2,1,6
202100032382,2021-06-25 15:40:00,2021,6,25,15,40,65,65192,D923,42.736399,-0.027069,Plein jour,Hors agglomération,Hors intersection,Normale,Autre collision,3,2,2,0,2,4,1,0,1,70,,1,0,0,0,1,45.0,,,,1,1,1,1,6
202100032383,2021-06-26 01:30:00,2021,6,26,1,30,89,89252,N151,47.663718,3.505937,Nuit sans éclairage public,Hors agglomération,Hors intersection,Normale,Autre collision,2,2,2,0,1,1,1,0,3,80,,1,0,0,1,0,30.0,,,,3,1,1,1,6
202100032384,2021-06-25 20:30:00,2021,6,25,20,30,61,61508,61 Avenue du Marechal Leclerc,48.92546,0.205119,Crépuscule ou aube,En agglomération,Hors intersection,Pluie forte,Deux véhicules - frontale,3,2,2,0,1,3,2,0,1,50,,2,1,0,0,1,25.0,60.0,,,2,2,1,3,1
202100032385,2021-06-26 09:50:00,2021,6,26,9,50,42,42192,M104,45.384014,4.128714,Plein jour,Hors agglomération,Hors intersection,Normale,Deux véhicules - arrière,7,2,2,0,1,1,1,0,1,80,,3,2,0,1,0,48.0,71.0,,,1,1,1,1,2
202100032386,2021-06-26 15:40:00,2021,6,26,15,40,42,42159,La Jaboulasse,45.832892,3.749127,Plein jour,Hors agglomération,Hors intersection,Normale,Autre collision,3,2,2,0,2,2,1,0,8,80,,2,1,0,1,0,56.0,,,,1,1,1,1,6
202100032387,2021-06-02 16:30:00,2021,6,2,16,30,22,22248,Hent Ar Mor,48.619215,-3.087121,Plein jour,En agglomération,Autre intersection,Normale,Sans collision,3,2,2,0,1,1,1,0,1,50,,1,0,0,0,1,12.0,,,,1,2,9,1,7
202100032388,2021-06-26 12:15:00,2021,6,26,12,15,44,44097,Route de Kerlagadec,47.394685,-2.465948,Plein jour,Hors agglomération,Hors intersection,Pluie forte,Deux véhicules - frontale,3,2,2,0,2,1,2,0,1,70,,6,0,0,2,4,38.0,58.0,,,1,1,1,3,1
202100032389,2021-06-25 22:30:00,2021,6,25,22,30,02,02173,Rue des Grands Navoirs,49.606721,3.226325,Nuit avec éclairage allumé,En agglomération,Hors intersection,Pluie légère,Sans collision,9,2,2,0,1,2,2,0,1,50,,1,0,0,0,1,32.0,,,,5,2,1,2,7
202100032390,2021-06-06 18:20:00,2021,6,6,18,20,84,84020,D943,43.818056,5.345922,Plein jour,Hors agglomération,Hors intersection,Normale,Deux véhicules - frontale,3,2,2,0,2,4,1,0,1,80,,2,1,0,0,1,39.0,24.0,,,1,1,1,1,1
202100032391,2021-06-26 14:00:00,2021,6,26,14,0,03,03024,D124,46.332654,3.713164,Plein jour,Hors agglomération,Hors intersection,Normale,Sans collision,3,2,2,0,2,2,1,0,3,90,,1,0,0,1,0,22.0,,,,1,1,1,1,7
202100032392,2021-06-26 11:49:00,2021,6,26,11,49,03,03217,D2371,46.338069,2.642169,Plein jour,Hors agglomération,Hors intersection,Normale,Sans collision,3,2,2,0,2,3,1,0,3,70,,1,0,0,1,0,68.0,,,,1,1,1,1,7
202100032393,2021-06-26 11:25:00,2021,6,26,11,25,15,15076,D33,44.862071,2.175851,Plein jour,Hors agglomération,Hors intersection,Normale,Sans collision,3,2,2,0,2,2,1,0,1,90,,1,0,0,1,0,74.0,,,,1,1,1,1,7
202100032394,2021-06-25 19:20:00,2021,6,25,19,20,01,01457,Route de Bezememe,46.2202618704,5.0089877844,Plein jour,Hors agglomération,Autre intersection,Normale,Autre collision,4,2,1,0,1,1,1,2,1,80,,2,0,0,0,2,21.0,,,,1,1,9,1,6
202100032395,2021-06-25 19:42:00,2021,6,25,19,42,70,70299,route de Tincey,47.617598,5.788679,Plein jour,Hors agglomération,Hors intersection,Normale,Deux véhicules - frontale,4,2,2,0,3,3,1,0,1,80,,2,1,0,1,0,17.0,56.0,,,1,1,1,1,1
202100032396,2021-06-25 18:20:00,2021,6,25,18,20,40,40150,D16,43.822855,-1.258063,Plein jour,Hors agglomération,Intersection en X,Normale,Trois véhicules et plus - collisions multiples,3,2,2,0,1,1,1,5,1,80,,5,0,0,1,4,80.0,49.0,,,1,1,2,1,5
202100032397,2021-06-26 15:13:00,2021,6,26,15,13,04,04135,RD 952,43.834635,6.220998,Plein jour,Hors agglomération,Hors intersection,Normale,Sans collision,3,2,2,0,2,3,1,0,1,80,,1,0,0,0,1,59.0,,,,1,1,1,1,7
202100032398,2021-06-26 10:50:00,2021,6,26,10,50,04,04061,RD 908,44.209011,6.637797,Plein jour,Hors agglomération,Hors intersection,Normale,Deux véhicules - côté,3,2,2,0,1,2,1,0,1,80,,3,1,0,1,1,57.0,57.0,,,1,1,1,1,3
202100032399,2021-06-26 11:00:00,2021,6,26,11,0,37,37130,Lieu Dit Chantepie,47.0164326224,0.8417402208,Plein jour,Hors agglomération,Intersection en X,Normale,Deux véhicules - côté,3,2,1,0,1,1,1,0,1,80,,4,3,0,0,1,21.0,10.0,,,1,1,2,1,3
202100032400,2021-06-25 20:00:00,2021,6,25,20,0,30,30046,N106,43.991333,4.192228,Plein jour,Hors agglomération,Hors intersection,Normale,Deux véhicules - côté,2,3,4,0,1,1,1,0,1,110,,5,4,0,0,1,30.0,26.0,,,1,1,1,1,3
202100032401,2021-06-26 14:00:00,2021,6,26,14,0,48,48130,D119,44.168984,3.546642,Plein jour,Hors agglomération,Hors intersection,Normale,Sans collision,3,2,2,0,2,1,1,0,1,90,,2,1,0,1,0,51.0,,,,1,1,1,1,7
202100032402,2021-06-25 10:00:00,2021,6,25,10,0,52,52060,Rue Jean Carbon,47.945176,5.736011,Plein jour,En agglomération,Intersection en X,Normale,Deux véhicules - côté,3,2,2,0,2,1,1,0,1,50,,3,2,0,0,1,89.0,35.0,,,1,2,2,1,3
202100032403,2021-06-26 20:15:00,2021,6,26,20,15,74,74067,route des creuses,45.885792,6.065274,Plein jour,En agglomération,Intersection en T,Normale,Deux véhicules - frontale,3,2,2,1,1,1,1,0,1,50,,2,1,0,0,1,42.0,26.0,,,1,2,3,1,1
202100032404,2021-06-25 08:10:00,2021,6,25,8,10,987,98715,"PK 3,00",-17.584522,-149.568578,Plein jour,Hors agglomération,Hors intersection,Temps éblouissant,Deux véhicules - côté,2,2,2,2,1,1,1,0,1,-1,,2,1,0,1,0,23.0,33.0,,,1,1,1,7,3
202100032405,2021-06-25 15:45:00,2021,6,25,15,45,63,63430,Autoroute A89 PK 431+000 sens CLERMONT-FD/LYON,45.864254,3.529202,Plein jour,Hors agglomération,Hors intersection,Normale,Deux véhicules - arrière,1,1,3,3,2,1,1,0,6,130,,2,1,0,1,0,60.0,22.0,,,1,1,1,1,2
202100032406,2021-06-26 08:50:00,2021,6,26,8,50,49,49007,bretelle d'accès autoroute A11,47.489289,-0.544789,Plein jour,Hors agglomération,Hors intersection,Normale,Autre collision,1,1,1,0,2,3,1,3,1,50,,2,1,0,1,0,19.0,,,,1,1,1,1,6
202100032407,2021-06-25 18:30:00,2021,6,25,18,30,973,97311,Rue Jean-Claude Isaac,5.4701752597,-54.0339730807,Plein jour,En agglomération,Hors intersection,Normale,Deux véhicules - côté,4,2,2,0,1,1,1,0,1,50,,2,1,0,0,1,11.0,32.0,,,1,2,1,1,3
202100032408,2021-06-25 15:20:00,2021,6,25,15,20,2B,2B173,Route de Muro,42.55242,8.927373,Plein jour,Hors agglomération,Hors intersection,Normale,Deux véhicules - frontale,3,2,2,0,2,1,1,0,1,80,,2,1,0,1,0,36.0,62.0,,,1,1,1,1,1
202100032409,2021-06-25 16:36:00,2021,6,25,16,36,84,84141,avenue charles de gaulle,43.967757,4.921495,Plein jour,Hors agglomération,Hors intersection,Normale,Deux véhicules - arrière,3,2,1,0,1,1,1,0,1,80,,2,1,0,1,0,39.0,46.0,,,1,1,1,1,2
202100032410,2021-06-26 09:30:00,2021,6,26,9,30,05,05180,D994e,44.812695,6.558094,Plein jour,En agglomération,Autre intersection,Normale,Deux véhicules - frontale,3,2,2,0,1,4,1,0,1,50,,2,1,0,0,1,22.0,83.0,,,1,2,9,1,1
202100032411,2021-06-25 17:00:00,2021,6,25,17,0,89,89077,,47.751822,3.605565,Plein jour,Hors agglomération,Intersection en T,Normale,Deux véhicules - côté,3,2,2,0,1,1,1,0,1,80,,3,2,0,0,1,35.0,34.0,,,1,1,3,1,3
202100032412,2021-06-26 05:00:00,2021,6,26,5,0,67,67339,D344,48.8810345525,7.9247903824,Nuit sans éclairage public,Hors agglomération,Hors intersection,Normale,Sans collision,3,2,2,0,1,1,1,0,1,80,,1,0,0,1,0,29.0,,,,3,1,1,1,7
202100032413,2021-06-26 08:50:00,2021,6,26,8,50,03,03165,26 Rue de Lapalisse,46.074608,3.667763,Plein jour,En agglomération,Hors intersection,Temps éblouissant,Autre collision,3,2,2,0,2,2,1,0,4,50,,1,0,0,0,1,17.0,,,,1,2,1,7,6
202100032414,2021-06-19 10:20:00,2021,6,19,10,20,73,73290,D902,45.294241,6.924477,Plein jour,Hors agglomération,Hors intersection,Normale,Autre collision,3,2,2,0,2,2,1,0,1,80,,1,0,0,1,0,64.0,,,,1,1,1,1,6
202100032415,2021-06-25 13:45:00,2021,6,25,13,45,42,42174,Route de Villedieu,45.737715,4.163531,Plein jour,Hors agglomération,Intersection en T,Normale,Deux véhicules - côté,3,2,2,0,1,1,1,0,1,80,,2,1,0,0,1,15.0,31.0,,,1,1,3,1,3
202100032416,2021-06-26 17:15:00,2021,6,26,17,15,38,38382,71 Avenue du General de Gaulle,45.235768,5.675501,Plein jour,En agglomération,Hors intersection,Normale,Deux véhicules - arrière,7,1,1,1,1,1,1,0,1,50,,3,0,0,0,3,52.0,37.0,,,1,2,1,1,2
202100032417,2021-06-20 13:00:00,2021,6,20,13,0,19,19146,RD1120,45.305833,1.778648,Plein jour,Hors agglomération,Hors intersection,Normale,Deux véhicules - côté,3,2,2,0,2,2,2,0,1,90,,2,1,0,0,1,22.0,46.0,,,1,1,1,1,3
202100032418,2021-06-25 12:06:00,2021,6,25,12,6,64,64422,D6,43.195368,-0.600407,Plein jour,Hors agglomération,Giratoire,Normale,Autre collision,3,2,2,0,1,1,1,0,8,50,,2,1,0,1,0,26.0,,,,1,1,6,1,6