accident_id,datetime,annee,mois,jour,heure,minute,departement,commune_insee,adresse,latitude,longitude,luminosite,agglomeration,intersection,meteo,collision,catr,circ,nbv,vosp,prof,plan,surf,infra,situ,vma,nb_vehicules,nb_usagers,nb_indemnes,nb_tues,nb_blesses_hosp,nb_blesses_legers,age_cond_1,age_cond_2,veh_type_cond_1,veh_type_cond_2,lum_code,agg_code,int_code,atm_code,col_code
202100032419,2021-05-22 20:20:00,2021,5,22,20,20,33,33018,D10,45.015355,-0.394864,Crépuscule ou aube,Hors agglomération,Intersection en X,Normale,Deux véhicules - côté,3,2,2,0,1,1,1,0,1,70,,2,1,0,1,0,27.0,33.0,,,2,1,2,1,3
202100032420,2021-06-25 21:16:00,2021,6,25,21,16,02,02831,D31,49.906947,4.187945,Crépuscule ou aube,Hors agglomération,Hors intersection,Normale,Sans collision,3,2,2,0,1,1,1,0,1,50,,1,0,0,1,0,30.0,,,,2,1,1,1,7
202100032421,2021-06-24 15:10:00,2021,6,24,15,10,13,13202,A55-Sens Marseille vers Martigues,43.316664,5.36441,Plein jour,En agglomération,Hors intersection,Normale,Autre collision,1,1,2,0,1,1,1,1,1,50,,1,0,0,1,0,50.0,,,,1,2,1,1,6
202100032422,2021-06-25 07:10:00,2021,6,25,7,10,13,13210,A50-Sens Aubagne vers Marseille,43.28394,5.40266,Plein jour,Hors agglomération,Hors intersection,Normale,Deux véhicules - arrière,1,3,3,0,1,1,1,0,1,90,,2,0,0,0,2,28.0,35.0,,,1,1,1,1,2
202100032423,2021-06-24 11:30:00,2021,6,24,11,30,13,13088,A55-Sens Martigues vers Marseille,43.3909,5.24972,Plein jour,Hors agglomération,Hors intersection,Normale,Deux véhicules - arrière,1,1,2,0,1,1,1,0,2,110,,3,0,0,1,2,23.0,83.0,,,1,1,1,1,2
202100032424,2021-06-23 19:40:00,2021,6,23,19,40,13,13215,A7-Sens Lyon vers Marseille,43.34988,5.36882,Plein jour,Hors agglomération,Hors intersection,Normale,Deux véhicules - arrière,1,1,3,0,4,1,1,0,1,90,,4,2,0,0,2,27.0,23.0,,,1,1,1,1,2
202100032425,2021-06-24 06:00:00,2021,6,24,6,0,83,83144,A57,43.1409371926,6.001625061,Crépuscule ou aube,Hors agglomération,Hors intersection,Normale,Autre collision,1,3,6,0,1,1,1,3,1,70,,1,0,0,0,1,37.0,,,,2,1,1,1,6
202100032426,2021-06-25 00:45:00,2021,6,25,0,45,33,33397,,44.9208,-0.47518,Nuit avec éclairage allumé,Hors agglomération,Hors intersection,Normale,Deux véhicules - côté,1,3,6,0,1,1,1,8,1,110,,2,1,0,0,1,43.0,44.0,,,5,1,1,1,3
202100032427,2021-06-25 02:45:00,2021,6,25,2,45,59,59410,ROUTE NATIONALE 356,50.65014,3.101059,Nuit sans éclairage public,Hors agglomération,Hors intersection,Normale,Autre collision,2,3,4,0,1,1,1,0,1,90,,3,0,0,3,0,20.0,28.0,,,3,1,1,1,6
202100032428,2021-06-24 14:15:00,2021,6,24,14,15,59,59350,ROUTE NATIONALE 356,50.617199,3.081416,Plein jour,Hors agglomération,Hors intersection,Normale,Trois véhicules et plus - collisions multiples,2,3,2,0,1,1,1,0,1,110,,3,2,0,0,1,50.0,22.0,,,1,1,1,1,5
202100032429,2021-06-25 15:50:00,2021,6,25,15,50,91,91471,RN 118,48.7123,2.1825,Plein jour,Hors agglomération,Hors intersection,Normale,Deux véhicules - arrière,2,1,2,0,2,1,1,0,1,90,,3,2,0,0,1,41.0,28.0,,,1,1,1,1,2
202100032430,2021-06-25 12:00:00,2021,6,25,12,0,91,91228,RN 104,48.614548,2.430568,Plein jour,Hors agglomération,Hors intersection,Normale,Deux véhicules - arrière,2,1,3,0,1,1,1,0,1,90,,3,1,0,0,2,75.0,,,,1,1,1,1,2
202100032431,2021-06-25 18:30:00,2021,6,25,18,30,93,93006,AUTOROUTE A3,48.86546,2.41949,Plein jour,Hors agglomération,Hors intersection,Normale,Deux véhicules - arrière,1,1,8,1,1,1,1,0,1,90,,2,1,0,0,1,27.0,36.0,,,1,1,1,1,2
202100032432,2021-06-25 02:40:00,2021,6,25,2,40,93,93006,AUTOROUTE A3,48.8684,2.42856,Nuit avec éclairage non allumé,Hors agglomération,Hors intersection,Normale,Deux véhicules - arrière,1,3,8,0,1,1,1,0,1,90,,2,1,0,1,0,,23.0,,,4,1,1,1,2
202100032433,2021-06-25 07:45:00,2021,6,25,7,45,94,94073,A86 EXT,48.7706982373,2.3867885922,Plein jour,Hors agglomération,Hors intersection,Normale,Sans collision,1,1,3,0,1,1,1,0,1,90,,1,0,0,0,1,32.0,,,,1,1,1,1,7
202100032434,2021-06-22 23:05:00,2021,6,22,23,5,2B,2B033,TOUTES RUES,42.7033587361,9.451020956,Nuit avec éclairage allumé,En agglomération,Hors intersection,Normale,Trois véhicules et plus - collisions multiples,4,1,0,0,1,1,1,0,1,50,,2,1,0,0,1,19.0,,,,5,2,1,1,5
202100032435,2021-06-23 16:30:00,2021,6,23,16,30,83,83090,MONNET (AVE JEAN),43.127615,5.859234,Plein jour,Hors agglomération,Autre intersection,Normale,Deux véhicules - côté,7,2,2,0,1,1,1,0,1,50,,2,1,0,1,0,30.0,20.0,,,1,1,9,1,3
202100032436,2021-06-24 16:05:00,2021,6,24,16,5,69,69264,GAMBETTA (BD),45.98969,4.71503,Plein jour,En agglomération,Intersection en X,Normale,Autre collision,4,2,3,0,1,1,1,5,1,50,,2,1,0,0,1,59.0,,,,1,2,2,1,6
202100032437,2021-06-24 16:08:00,2021,6,24,16,8,65,65440,AYGUEROTTE (RUE DE L'),43.2339,0.06754,Plein jour,En agglomération,Intersection en X,Normale,Deux véhicules - côté,4,2,2,0,1,1,1,0,1,50,,2,1,0,0,1,39.0,49.0,,,1,2,2,1,3
202100032438,2021-06-24 10:20:00,2021,6,24,10,20,46,46042,BRETON (AVENUE ANDRE),44.44698,1.432471,Plein jour,En agglomération,Autre intersection,Normale,,4,2,2,0,1,1,1,6,1,50,,2,1,0,0,1,65.0,,,,1,2,9,1,-1
202100032439,2021-06-25 00:10:00,2021,6,25,0,10,17,17300,JOFFRES,46.15616,-1.14296,Nuit avec éclairage allumé,En agglomération,Hors intersection,Normale,Autre collision,4,-1,2,0,1,1,1,2,1,50,,2,1,0,0,1,44.0,,,,5,2,1,1,6
202100032440,2021-06-24 02:04:00,2021,6,24,2,4,75,75109,BOULEVARD HAUSSMANN,48.872951,2.333327,Nuit avec éclairage allumé,En agglomération,Intersection à plus de 4 branches,Normale,Deux véhicules - côté,4,1,3,0,1,1,1,0,1,50,,3,2,0,0,1,20.0,51.0,,,5,2,5,1,3
202100032441,2021-06-23 08:00:00,2021,6,23,8,0,974,97407,MONDON (AVENUE),-20.9345,55.3008,Plein jour,En agglomération,Autre intersection,Normale,Deux véhicules - côté,4,-1,2,3,1,1,1,9,5,50,,3,1,0,0,2,13.0,38.0,,,1,2,9,1,3
202100032442,2021-06-24 15:50:00,2021,6,24,15,50,973,97302,BADUEL (ROUTE DE),4.93471,-52.31176,Plein jour,En agglomération,Hors intersection,Normale,Deux véhicules - côté,3,2,2,0,1,1,1,0,1,50,,2,1,0,0,1,35.0,45.0,,,1,2,1,1,3
202100032443,2021-06-24 17:00:00,2021,6,24,17,0,69,69387,PIERRE DE COUBERTIN (ALL),45.72625,4.82454,Plein jour,En agglomération,Hors intersection,Normale,Autre collision,4,2,2,2,1,1,1,0,1,50,,2,1,0,0,1,33.0,,,,1,2,1,1,6
202100032444,2021-06-24 00:35:00,2021,6,24,0,35,972,97213,VIEUX CHEMIN CALIFORNIE (RUE DU),14.6219850766,-61.0216751857,Nuit avec éclairage allumé,Hors agglomération,Hors intersection,Normale,Autre collision,3,-1,2,0,2,2,1,2,1,50,,3,0,0,0,3,20.0,,,,5,1,1,1,6
202100032445,2021-06-23 18:30:00,2021,6,23,18,30,972,97213,ROUTE DEPARTEMENTALE 14,14.6245793035,-61.0186457634,Nuit sans éclairage public,Hors agglomération,Autre intersection,Normale,Autre collision,3,2,2,0,1,1,1,0,1,70,,2,1,0,0,1,78.0,,,,3,1,9,1,6
202100032446,2021-06-23 17:30:00,2021,6,23,17,30,69,69286,STRASBOURG (DE) (RTE),45.81326,4.88752,Plein jour,En agglomération,Intersection en T,Normale,Deux véhicules - côté,7,2,3,0,1,1,1,0,1,50,,2,1,0,0,1,30.0,76.0,,,1,2,3,1,3
202100032447,2021-06-23 19:40:00,2021,6,23,19,40,2B,2B033,TOUTES RUES,42.70215,9.45156,Plein jour,En agglomération,Autre intersection,Normale,Autre collision,4,2,4,0,1,1,1,9,1,50,,2,1,0,0,1,23.0,,,,1,2,9,1,6
202100032448,2021-06-24 12:45:00,2021,6,24,12,45,2A,2A004,T21,41.9341128318,8.7511375918,Plein jour,Hors agglomération,Hors intersection,Normale,Deux véhicules - arrière,2,-1,2,0,1,1,1,0,1,50,,2,1,0,0,1,32.0,47.0,,,1,1,1,1,2
202100032449,2021-06-24 19:40:00,2021,6,24,19,40,95,95680,VOLTAIRE (RUE),49.00079,2.41386,Plein jour,En agglomération,Hors intersection,Normale,Autre collision,4,1,1,0,1,1,1,0,1,50,,2,1,0,0,1,80.0,,,,1,2,1,1,6
202100032450,2021-06-24 15:45:00,2021,6,24,15,45,95,95127,Rue de la Bastide,49.04945,2.03288,Plein jour,En agglomération,Hors intersection,Normale,Autre collision,4,1,1,0,1,1,1,0,1,30,,2,1,0,0,1,38.0,,,,1,2,1,1,6
202100032451,2021-06-21 10:50:00,2021,6,21,10,50,95,95476,Boulevard d’Osny,49.0575528705,2.0473301411,Plein jour,En agglomération,Hors intersection,Normale,Autre collision,4,3,4,0,1,1,1,0,1,50,,1,0,0,1,0,41.0,,,,1,2,1,1,6
202100032452,2021-06-24 16:20:00,2021,6,24,16,20,91,91667,CORBEIL (ROUTE),48.65811,2.33939,Plein jour,En agglomération,Hors intersection,Normale,Deux véhicules - arrière,3,1,1,0,1,1,1,0,1,50,,2,1,0,0,1,73.0,19.0,,,1,2,1,1,2
202100032453,2021-06-24 14:20:00,2021,6,24,14,20,91,91339,RTE NATIONALE 20,48.63475,2.26592,Plein jour,En agglomération,Hors intersection,Normale,Trois véhicules et plus - collisions multiples,3,3,4,0,2,1,1,0,1,50,,6,5,0,0,1,60.0,51.0,,,1,2,1,1,5
202100032454,2021-06-24 13:20:00,2021,6,24,13,20,91,91549,RD 117,48.643479,2.334264,Plein jour,Hors agglomération,Autre intersection,Normale,Deux véhicules - arrière,3,1,2,0,1,2,1,0,8,50,,3,1,0,0,2,53.0,21.0,,,1,1,9,1,2
202100032455,2021-06-23 09:10:00,2021,6,23,9,10,91,91549,LONGPONT (ROUTE DE),48.652296,2.309805,Plein jour,En agglomération,Hors intersection,Temps couvert,Deux véhicules - arrière,3,2,2,0,1,1,1,0,1,50,,2,1,0,1,0,31.0,57.0,,,1,2,1,8,2
202100032456,2021-06-24 19:30:00,2021,6,24,19,30,91,91471,GUY MOQUET (RUE),48.70042,2.19171,Plein jour,En agglomération,Hors intersection,Normale,Deux véhicules - côté,2,2,2,1,1,3,1,3,1,50,,2,1,0,0,1,19.0,47.0,,,1,2,1,1,3
202100032457,2021-06-24 07:50:00,2021,6,24,7,50,91,91345,RUE PDT FRANCOIS MITTERRAND,48.694298,2.293782,Plein jour,En agglomération,Hors intersection,Normale,Autre collision,3,2,2,0,2,1,1,9,1,50,,2,1,0,0,1,29.0,,,,1,2,1,1,6
202100032458,2021-06-22 15:50:00,2021,6,22,15,50,91,91174,BD JEAN JAURES,48.61027,2.4628,Plein jour,En agglomération,Hors intersection,Normale,Autre collision,3,3,3,0,1,1,1,6,1,50,,2,1,0,1,0,34.0,,,,1,2,1,1,6
202100032459,2021-06-23 18:05:00,2021,6,23,18,5,91,91223,RUE DU LT COLONEL ARNAUD BELTRAME,48.447,2.13795,Plein jour,Hors agglomération,Hors intersection,Normale,Autre collision,4,2,2,1,2,2,1,0,3,70,,2,1,0,1,0,78.0,,,,1,1,1,1,6
202100032460,2021-06-23 18:15:00,2021,6,23,18,15,90,90010,BRUXELLES (RUE DE),47.63374,6.84119,Plein jour,En agglomération,Hors intersection,Normale,Deux véhicules - frontale,4,2,2,0,1,1,1,0,1,50,,2,1,0,1,0,41.0,,,,1,2,1,1,1
202100032461,2021-06-24 13:50:00,2021,6,24,13,50,87,87085,SABLARD (AVENUE DE),45.82821,1.28152,Plein jour,En agglomération,Intersection en T,Normale,Deux véhicules - arrière,1,1,1,0,1,3,1,0,1,50,,2,1,0,0,1,60.0,29.0,,,1,2,3,1,2
202100032462,2021-06-24 03:00:00,2021,6,24,3,0,84,84087,NOBLE (RUE DU),44.1349808,4.8109796,Nuit avec éclairage allumé,En agglomération,Hors intersection,Normale,Sans collision,4,1,1,0,1,3,1,0,1,50,,1,0,0,1,0,26.0,,,,5,2,1,1,7
202100032463,2021-06-24 07:40:00,2021,6,24,7,40,83,83144,LIBERATION (AVE DE LA),43.1429921528,5.9879994392,Plein jour,En agglomération,Intersection en X,Normale,Deux véhicules - côté,7,2,2,0,1,1,1,0,1,50,,2,0,0,0,2,21.0,57.0,,,1,2,2,1,3
202100032464,2021-06-24 07:40:00,2021,6,24,7,40,83,83137,PARIS (BD DE),43.130606,5.910858,Plein jour,En agglomération,Hors intersection,Normale,Deux véhicules - côté,4,-1,2,0,1,1,1,0,8,50,,2,1,0,0,1,38.0,42.0,,,1,2,1,1,3
202100032465,2021-06-23 17:10:00,2021,6,23,17,10,82,82121,FORESTIE (RUE EDOUARD),44.01279,1.379768,Plein jour,En agglomération,Autre intersection,Normale,Autre collision,6,-1,-1,0,1,1,1,0,8,30,,2,1,0,1,0,25.0,,,,1,2,9,1,6
202100032466,2021-06-23 15:40:00,2021,6,23,15,40,78,78640,MORANE-SAULNIER (AVENUE),48.7854,2.21847,Plein jour,En agglomération,Hors intersection,Normale,Deux véhicules - côté,4,1,2,0,1,1,1,9,4,50,,2,1,0,1,0,63.0,63.0,,,1,2,1,1,3
202100032467,2021-06-23 23:00:00,2021,6,23,23,0,77,77438,D934,48.86631,2.67909,Nuit sans éclairage public,Hors agglomération,Hors intersection,Temps couvert,Deux véhicules - arrière,3,3,6,0,1,1,1,0,1,70,,3,2,0,0,1,50.0,26.0,,,3,1,1,8,2
202100032468,2021-06-23 08:00:00,2021,6,23,8,0,72,72181,MONTOISE (RUE),48.009,0.189,Plein jour,En agglomération,Hors intersection,Normale,Deux véhicules - côté,4,2,2,0,1,1,1,0,1,50,,2,1,0,1,0,38.0,52.0,,,1,2,1,1,3
202100032469,2021-06-23 09:20:00,2021,6,23,9,20,69,69271,EUREXPO (PARC DES EXPOSITIONS) ,45.7258956853,4.9576663971,Plein jour,En agglomération,Intersection en T,Normale,Deux véhicules - frontale,4,2,6,0,1,1,1,0,1,50,,2,0,0,0,2,51.0,31.0,,,1,2,3,1,1
202100032470,2021-06-23 17:30:00,2021,6,23,17,30,67,67365,MICHAEL FARADAY (RUE),48.537783,7.695201,Plein jour,En agglomération,Intersection en T,Temps couvert,Deux véhicules - côté,4,2,2,0,1,1,1,0,1,50,,2,1,0,0,1,35.0,65.0,,,1,2,3,8,3
202100032471,2021-06-23 17:15:00,2021,6,23,17,15,67,67482,GENERAL DE GAULLE (AVENUE DU),48.577365,7.769226,Plein jour,En agglomération,Passage à niveau,Temps couvert,Deux véhicules - côté,4,2,6,1,1,1,1,4,6,50,,2,1,0,0,1,24.0,46.0,,,1,2,8,8,3
202100032472,2021-06-24 18:05:00,2021,6,24,18,5,65,65440,KENNEDY (BOULEVARD DU PRESIDENT JOHN),43.21958,0.08626,Plein jour,En agglomération,Hors intersection,Normale,Autre collision,6,-1,-1,0,1,1,1,0,1,30,,2,1,0,0,1,46.0,,,,1,2,1,1,6
202100032473,2021-06-24 09:10:00,2021,6,24,9,10,65,65100,Rue Victor Hugo,43.25879,0.04958,Plein jour,En agglomération,Intersection en T,Normale,Deux véhicules - côté,3,2,2,0,1,1,1,0,1,50,,2,1,0,0,1,18.0,75.0,,,1,2,3,1,3
202100032474,2021-06-22 10:38:00,2021,6,22,10,38,63,63113,AGRICULTURE (AVENUE DE L'),45.77881,3.12653,Plein jour,En agglomération,Hors intersection,Pluie légère,Trois véhicules et plus - en chaîne,7,3,4,0,1,1,2,5,1,70,,3,2,0,0,1,32.0,76.0,,,1,2,1,2,4
202100032475,2021-06-24 04:40:00,2021,6,24,4,40,59,59508,FLANDRES (RESIDENCE DES),50.74591,3.13584,Nuit avec éclairage allumé,En agglomération,Hors intersection,Normale,Autre collision,4,2,2,3,1,1,1,0,8,50,,2,0,0,2,0,20.0,,,,5,2,1,1,6
202100032476,2021-06-16 18:05:00,2021,6,16,18,5,59,59350,FLANDRES PONT,50.63642,3.07705,Plein jour,En agglomération,Hors intersection,Normale,Deux véhicules - arrière,4,3,6,2,1,1,1,0,5,50,,2,1,0,0,1,,43.0,,,1,2,1,1,2
202100032477,2021-06-24 20:00:00,2021,6,24,20,0,59,59271,PETITE-SYNTHE CD 940 - AVENUE,51.01597,2.31482,Plein jour,En agglomération,Giratoire,Normale,Deux véhicules - côté,3,1,1,3,1,3,1,9,1,50,,3,2,0,1,0,53.0,54.0,,,1,2,6,1,3
202100032478,2021-06-23 12:47:00,2021,6,23,12,47,57,57463,GENERAL METMAN,49.12022,6.21435,Plein jour,En agglomération,Hors intersection,Normale,Autre collision,4,2,2,0,1,1,1,0,1,50,,2,1,0,1,0,31.0,,,,1,2,1,1,6
202100032479,2021-06-23 19:40:00,2021,6,23,19,40,56,56121,FERRY ( PL. JULES ),47.74666,-3.36559,Plein jour,En agglomération,Hors intersection,Normale,Deux véhicules - arrière,4,2,2,0,1,1,1,0,1,30,,2,1,0,0,1,27.0,20.0,,,1,2,1,1,2
202100032480,2021-06-22 16:19:00,2021,6,22,16,19,54,54483,FRANCE (RUE ANATOLE),48.63231,6.30694,Plein jour,En agglomération,Hors intersection,Normale,Autre collision,3,1,1,0,2,1,1,9,4,30,,2,1,0,0,1,58.0,,,,1,2,1,1,6
202100032481,2021-06-23 09:57:00,2021,6,23,9,57,47,47001,COLMAR (AV. DE),44.19402,0.6409,Plein jour,En agglomération,Intersection en X,Normale,Deux véhicules - côté,4,1,1,0,1,1,1,0,1,50,,2,1,0,0,1,51.0,74.0,,,1,2,2,1,3
202100032482,2021-06-24 15:55:00,2021,6,24,15,55,44,44109,BOULEVARD JULES VERNE,47.2390279261,-1.5316355196,Plein jour,En agglomération,Hors intersection,Normale,Deux véhicules - côté,4,2,2,2,1,1,1,0,1,50,,2,1,0,1,0,29.0,28.0,,,1,2,1,1,3
202100032483,2021-06-24 03:45:00,2021,6,24,3,45,37,37214,REPUBLIQUE (AVENUE DE LA),47.4051576382,0.6726212427,Nuit avec éclairage allumé,En agglomération,Intersection en X,Temps couvert,Autre collision,4,2,2,0,1,1,1,0,1,50,,2,1,0,1,0,26.0,52.0,,,5,2,2,8,6
202100032484,2021-06-24 18:20:00,2021,6,24,18,20,37,37261,COLOMB (RUE CHRISTOPHE),47.3794372137,0.700647911,Plein jour,En agglomération,Intersection en X,Normale,Autre collision,4,2,2,1,1,1,1,0,1,50,,2,1,0,0,1,,,,,1,2,2,1,6
202100032485,2021-06-24 14:30:00,2021,6,24,14,30,37,37261,MALRAUX (QUAI ANDRE),47.3975648641,0.6994128227,Plein jour,En agglomération,Intersection en X,Normale,Deux véhicules - frontale,4,1,0,0,1,1,1,0,1,50,,2,1,0,0,1,61.0,29.0,,,1,2,2,1,1
202100032486,2021-06-23 12:10:00,2021,6,23,12,10,37,37261,DUBLINEAU (RUE),47.3894955203,0.6983175085,Plein jour,En agglomération,Intersection en X,Normale,Autre collision,4,2,2,0,1,1,1,0,1,50,,2,1,0,0,1,47.0,,,,1,2,2,1,6
202100032487,2021-06-24 23:30:00,2021,6,24,23,30,35,35055,BONNIN ANDRE (AVENUE),48.08967,-1.62231,Nuit avec éclairage allumé,En agglomération,Hors intersection,Normale,Autre collision,7,2,2,0,1,1,1,0,1,50,,1,0,0,0,1,39.0,,,,5,2,1,1,6
202100032488,2021-06-23 09:25:00,2021,6,23,9,25,34,34301,AVENUE DES EAUX BLANCHES,43.41907,3.71068,Plein jour,Hors agglomération,Hors intersection,Normale,Deux véhicules - côté,4,2,2,0,1,1,1,0,1,30,,2,0,0,1,1,58.0,58.0,,,1,1,1,1,3
202100032489,2021-06-21 17:15:00,2021,6,21,17,15,34,34032,ROUTE NATIONALE 9,43.36413,3.26097,Plein jour,En agglomération,Intersection en T,Normale,Deux véhicules - côté,2,2,2,0,1,1,1,0,1,80,,2,1,0,1,0,24.0,32.0,,,1,2,3,1,3
202100032490,2021-06-24 17:05:00,2021,6,24,17,5,33,33063,Avenue Abadie,44.8444215609,-0.5578959388,Plein jour,En agglomération,Hors intersection,Temps couvert,Autre collision,4,2,2,0,1,1,1,0,1,50,,3,1,0,0,2,49.0,,,,1,2,1,8,6
202100032491,2021-06-24 15:25:00,2021,6,24,15,25,33,33529,,44.63306,-1.1609,Plein jour,En agglomération,Giratoire,Normale,Deux véhicules - côté,3,2,2,0,1,2,1,0,1,50,,2,1,0,0,1,34.0,88.0,,,1,2,6,1,3
202100032492,2021-06-24 11:25:00,2021,6,24,11,25,31,31555,AV DES ETATS UNIS,43.65731,1.42051,Plein jour,En agglomération,Hors intersection,Normale,Deux véhicules - côté,7,3,4,0,1,1,1,0,1,50,,2,1,0,1,0,26.0,62.0,,,1,2,1,1,3
202100032493,2021-06-24 18:06:00,2021,6,24,18,6,27,27681,CARNOT (RUE),49.09279,1.48621,Plein jour,En agglomération,Hors intersection,Normale,Autre collision,4,1,1,0,1,1,1,0,6,20,,2,1,0,0,1,22.0,,,,1,2,1,1,6
202100032494,2021-06-24 18:50:00,2021,6,24,18,50,24,24437,RD 936 E1,44.83324,0.45268,Plein jour,En agglomération,Hors intersection,Normale,Deux véhicules - frontale,3,2,2,0,1,1,1,0,1,80,,2,0,0,1,1,17.0,34.0,,,1,2,1,1,1
202100032495,2021-06-23 16:45:00,2021,6,23,16,45,22,22106,BREST (RUE DE),48.494802,-2.715247,Plein jour,En agglomération,Hors intersection,Normale,Deux véhicules - côté,3,2,2,0,1,1,1,0,4,50,,2,1,0,0,1,13.0,26.0,,,1,2,1,1,3
202100032496,2021-06-13 17:00:00,2021,6,13,17,0,22,22187,CHEMIN DES MADIERES,48.558121,-2.76898,Plein jour,En agglomération,Intersection en X,Normale,Deux véhicules - côté,4,2,2,0,1,1,1,5,1,50,,2,0,0,1,1,26.0,52.0,,,1,2,2,1,3
202100032497,2021-06-04 16:55:00,2021,6,4,16,55,22,22278,Robert Schuman (boulevard),48.511458755,-2.7856349945,Plein jour,En agglomération,Hors intersection,Normale,Deux véhicules - arrière,3,2,2,0,1,1,1,0,1,50,,2,1,0,0,1,31.0,54.0,,,1,2,1,1,2
202100032498,2021-06-18 14:50:00,2021,6,18,14,50,18,18279,MIRANDA DE EBRO (RUE ),47.21,2.06,Plein jour,En agglomération,Intersection en T,Normale,Deux véhicules - côté,4,2,2,0,1,1,1,0,1,50,,2,1,0,0,1,41.0,25.0,,,1,2,3,1,3
202100032499,2021-06-24 08:45:00,2021,6,24,8,45,17,17333,JUIN (AVENUE MARECHAL),45.612851,-0.991181,Plein jour,En agglomération,Giratoire,Normale,Deux véhicules - côté,4,3,2,0,1,2,1,0,1,30,,2,1,0,0,1,72.0,17.0,,,1,2,6,1,3
202100032500,2021-06-24 12:40:00,2021,6,24,12,40,13,13215,GAFFAREL (RUE),43.34937,5.3596,Plein jour,En agglomération,Intersection en Y,Temps éblouissant,Deux véhicules - côté,7,1,1,0,2,2,1,0,1,50,,3,2,0,0,1,57.0,27.0,,,1,2,4,7,3
202100032501,2021-06-23 18:00:00,2021,6,23,18,0,13,13005,RASTEGUE (COURS BARTHELEMY),43.29264,5.56684,Plein jour,En agglomération,Hors intersection,Normale,Autre collision,7,3,2,0,1,1,1,0,1,30,,2,1,0,1,0,62.0,,,,1,2,1,1,6
202100032502,2021-06-24 20:50:00,2021,6,24,20,50,13,13001,FERRINI FORTUNE (AV),43.50321,5.43605,Crépuscule ou aube,En agglomération,Hors intersection,Normale,Deux véhicules - arrière,9,2,2,0,1,1,1,0,1,50,,3,1,0,0,2,30.0,37.0,,,2,2,1,1,2
202100032503,2021-06-23 23:45:00,2021,6,23,23,45,10,10387,GEORGES POMPIDOU (RUE),48.29641,4.09432,Nuit avec éclairage allumé,En agglomération,Hors intersection,Normale,Autre collision,4,1,2,0,1,1,1,5,8,50,,1,0,0,0,1,27.0,,,,5,2,1,1,6
202100032504,2021-06-24 04:09:00,2021,6,24,4,9,06,06083,DE GAULLE (AVENUE GENERAL),43.770311,7.493497,Nuit avec éclairage allumé,En agglomération,Intersection en T,Normale,Deux véhicules - côté,3,2,3,0,1,1,1,5,1,30,,2,1,0,0,1,28.0,40.0,,,5,2,3,1,3
202100032505,2021-06-23 13:50:00,2021,6,23,13,50,75,75106,RUE DE VAUGIRARD,48.847398,2.328118,Plein jour,En agglomération,Intersection en X,Normale,Autre collision,4,2,2,0,1,1,1,0,1,30,,2,1,0,0,1,31.0,,,,1,2,2,1,6
202100032506,2021-06-23 12:10:00,2021,6,23,12,10,75,75120,AVENUE GAMBETTA,48.864958,2.397129,Plein jour,En agglomération,Intersection en X,Normale,Autre collision,4,2,2,0,1,1,1,0,1,30,,2,0,0,0,2,34.0,,,,1,2,2,1,6
202100032507,2021-06-24 20:45:00,2021,6,24,20,45,75,75119,RUE DE THIONVILLE,48.889362,2.383693,Plein jour,En agglomération,Intersection en X,Normale,Deux véhicules - côté,4,2,2,0,1,1,1,0,1,50,,2,1,0,0,1,18.0,22.0,,,1,2,2,1,3
202100032508,2021-06-24 16:50:00,2021,6,24,16,50,75,75119,BOULEVARD DE LA VILLETTE,48.87567,2.373017,Plein jour,En agglomération,Hors intersection,Normale,Sans collision,4,1,1,1,1,1,1,0,5,50,,1,0,0,0,1,42.0,,,,1,2,1,1,7
202100032509,2021-06-23 18:20:00,2021,6,23,18,20,75,75118,BOULEVARD NEY,48.898007,2.344289,Plein jour,En agglomération,Intersection en X,Normale,Deux véhicules - côté,4,3,2,0,1,1,1,0,1,50,,2,1,0,0,1,30.0,37.0,,,1,2,2,1,3
202100032510,2021-06-24 12:25:00,2021,6,24,12,25,75,75117,RUE DE LA TERRASSE,48.881949,2.313541,Plein jour,En agglomération,Intersection en X,Normale,Autre collision,4,1,1,0,1,1,1,0,1,30,,2,1,0,0,1,27.0,,,,1,2,2,1,6
202100032511,2021-06-23 20:10:00,2021,6,23,20,10,75,75116,BOULEVARD DE L AMIRAL BRUIX,48.875222,2.279517,Plein jour,En agglomération,Intersection en X,Normale,Deux véhicules - côté,4,2,4,3,1,3,1,0,6,50,,2,1,0,0,1,62.0,48.0,,,1,2,2,1,3
202100032512,2021-06-23 11:10:00,2021,6,23,11,10,75,75116,AVENUE DE LA PORTE DE SAINT CLOUD,48.838675,2.253949,Plein jour,En agglomération,Intersection en Y,Normale,Deux véhicules - côté,4,2,8,0,1,1,1,0,1,50,,2,1,0,0,1,46.0,62.0,,,1,2,4,1,3
202100032513,2021-06-24 20:30:00,2021,6,24,20,30,75,75114,BOULEVARD ADOLPHE PINARD,48.823929,2.306982,Plein jour,En agglomération,Intersection en X,Normale,Deux véhicules - arrière,4,1,1,0,1,1,1,0,1,50,,2,1,0,0,1,40.0,31.0,,,1,2,2,1,2
202100032514,2021-06-24 14:25:00,2021,6,24,14,25,75,75114,RUE RAYMOND LOSSERAND,48.834681,2.31951,Plein jour,En agglomération,Hors intersection,Normale,Trois véhicules et plus - en chaîne,4,1,1,0,1,1,1,0,1,50,,4,3,0,0,1,33.0,55.0,,,1,2,1,1,4
202100032515,2021-06-23 15:55:00,2021,6,23,15,55,75,75114,AVENUE DU MAINE,48.83022,2.325911,Plein jour,En agglomération,Intersection en Y,Normale,Deux véhicules - arrière,4,2,3,0,1,1,1,0,1,50,,2,1,0,0,1,52.0,63.0,,,1,2,4,1,2