accident_id,datetime,annee,mois,jour,heure,minute,departement,commune_insee,adresse,latitude,longitude,luminosite,agglomeration,intersection,meteo,collision,catr,circ,nbv,vosp,prof,plan,surf,infra,situ,vma,nb_vehicules,nb_usagers,nb_indemnes,nb_tues,nb_blesses_hosp,nb_blesses_legers,age_cond_1,age_cond_2,veh_type_cond_1,veh_type_cond_2,lum_code,agg_code,int_code,atm_code,col_code
202100032516,2021-06-24 17:05:00,2021,6,24,17,5,75,75113,AVENUE D ITALIE,48.818875,2.359549,Plein jour,En agglomération,Hors intersection,Normale,Deux véhicules - côté,4,2,4,0,4,1,1,0,1,50,,2,1,0,0,1,,27.0,,,1,2,1,1,3
202100032517,2021-06-23 08:15:00,2021,6,23,8,15,75,75113,BOULEVARD KELLERMANN,48.819147,2.359491,Plein jour,En agglomération,Intersection en X,Pluie légère,Deux véhicules - côté,4,3,2,1,2,3,2,0,5,30,,2,1,0,0,1,27.0,61.0,,,1,2,2,2,3
202100032518,2021-06-24 00:20:00,2021,6,24,0,20,75,75112,AVENUE DE LA PORTE DE VINCENNES,48.846904,2.412017,Nuit avec éclairage allumé,En agglomération,Hors intersection,Normale,Autre collision,4,2,6,3,1,1,1,0,1,50,,1,0,0,0,1,49.0,,,,5,2,1,1,6
202100032519,2021-06-23 23:30:00,2021,6,23,23,30,75,75111,AVENUE DE LA REPUBLIQUE,48.862965,2.387193,Nuit avec éclairage allumé,En agglomération,Intersection en X,Normale,Deux véhicules - côté,4,2,4,1,2,1,1,0,5,30,,2,1,0,0,1,56.0,18.0,,,5,2,2,1,3
202100032520,2021-06-24 19:13:00,2021,6,24,19,13,75,75104,QUAI DE GESVRES,48.857019,2.347911,Plein jour,En agglomération,Hors intersection,Temps couvert,Deux véhicules - arrière,4,1,3,3,1,1,1,2,1,50,,2,1,0,0,1,,57.0,,,1,2,1,8,2
202100032521,2021-06-24 17:50:00,2021,6,24,17,50,75,75109,PLACE D ESTIENNE D ORVES,48.876468,2.33186,Plein jour,En agglomération,Place,Normale,Deux véhicules - arrière,4,1,2,0,1,3,1,0,1,50,,2,1,0,0,1,28.0,48.0,,,1,2,7,1,2
202100032522,2021-06-24 14:56:00,2021,6,24,14,56,75,75109,RUE DE DOUAI,48.883452,2.329877,Plein jour,En agglomération,Place,Normale,Autre collision,4,1,1,0,1,1,1,0,1,30,,2,1,0,0,1,36.0,,,,1,2,7,1,6
202100032523,2021-06-24 09:50:00,2021,6,24,9,50,75,75108,AVENUE DE FRIEDLAND,48.874678,2.303446,Plein jour,En agglomération,Hors intersection,Normale,Deux véhicules - côté,4,2,2,0,1,1,1,0,1,50,,2,1,0,0,1,28.0,19.0,,,1,2,1,1,3
202100032524,2021-06-23 21:37:00,2021,6,23,21,37,75,75103,RUE MESLAY,48.86862,2.35546,Plein jour,En agglomération,Intersection en T,Normale,Autre collision,4,2,2,0,2,1,1,0,1,30,,1,0,0,0,1,26.0,,,,1,2,3,1,6
202100032525,2021-06-24 12:00:00,2021,6,24,12,0,75,75104,RUE SIMON LE FRANC,48.860067,2.353756,Plein jour,En agglomération,Hors intersection,Normale,Autre collision,4,1,1,0,1,1,1,0,1,30,,2,1,0,0,1,35.0,,,,1,2,1,1,6
202100032526,2021-06-24 10:40:00,2021,6,24,10,40,94,94081,Avenue Youri Gagarine,48.787808,2.390617,Plein jour,En agglomération,Autre intersection,Normale,Deux véhicules - côté,3,2,1,1,1,1,1,-1,5,20,,2,1,0,0,1,33.0,45.0,,,1,2,9,1,3
202100032527,2021-06-24 02:30:00,2021,6,24,2,30,94,94067,GENERAL DE GAULLE (AV DU),48.8391356843,2.4175734114,Nuit avec éclairage allumé,En agglomération,Hors intersection,Normale,Deux véhicules - côté,3,-1,2,0,1,1,1,0,1,50,,2,0,0,0,2,19.0,,,,5,2,1,1,3
202100032528,2021-06-24 19:17:00,2021,6,24,19,17,94,94028,Av du General Pierre Billotte,48.77454,2.45703,Plein jour,En agglomération,Hors intersection,Normale,Sans collision,4,2,2,0,1,1,1,0,8,30,,2,1,0,0,1,49.0,,,,1,2,1,1,7
202100032529,2021-06-24 17:20:00,2021,6,24,17,20,94,94022,GENERAL LECLERC (AV),48.76163,2.40439,Plein jour,En agglomération,Hors intersection,Normale,Autre collision,3,1,2,0,1,1,1,0,1,50,,2,1,0,1,0,44.0,,,,1,2,1,1,6
202100032530,2021-06-23 23:51:00,2021,6,23,23,51,93,93051,EMILE COSSONNEAU (NR 140 A 202),48.84947,2.57187,Nuit avec éclairage allumé,En agglomération,Hors intersection,Normale,Deux véhicules - arrière,3,1,2,0,1,1,1,0,1,50,,4,1,0,0,3,23.0,36.0,,,5,2,1,1,2
202100032531,2021-06-24 17:30:00,2021,6,24,17,30,93,93006,Avenue de la République,48.86191,2.41668,Plein jour,En agglomération,Hors intersection,Normale,Autre collision,3,2,2,0,1,1,1,0,1,50,,2,1,0,0,1,,,,,1,2,1,1,6
202100032532,2021-06-24 21:56:00,2021,6,24,21,56,93,93010,Avenue Pasteur,48.90341,2.48362,Nuit avec éclairage allumé,En agglomération,Hors intersection,Normale,Autre collision,4,2,2,0,1,1,1,0,4,50,,2,1,0,0,1,41.0,,,,5,2,1,1,6
202100032533,2021-06-24 09:00:00,2021,6,24,9,0,93,93027,Avenue Marcel Cachin,48.9280129231,2.3966234922,Plein jour,En agglomération,Autre intersection,Normale,Deux véhicules - côté,3,2,2,0,1,1,1,0,1,50,,2,1,0,0,1,37.0,49.0,,,1,2,9,1,3
202100032534,2021-06-23 09:20:00,2021,6,23,9,20,93,93013,Avenue de la Division Leclerc,48.9300077269,2.4207419157,Plein jour,En agglomération,Hors intersection,Pluie légère,Deux véhicules - frontale,3,3,4,3,1,1,2,0,1,50,,2,1,0,0,1,55.0,22.0,,,1,2,1,2,1
202100032535,2021-06-23 18:45:00,2021,6,23,18,45,92,92022,SALENGRO (AVENUE ROGER),48.8098227929,2.1897286177,Plein jour,En agglomération,Hors intersection,Normale,Deux véhicules - côté,3,2,3,3,1,1,1,0,5,50,,2,1,0,0,1,38.0,44.0,,,1,2,1,1,3
202100032536,2021-06-24 17:55:00,2021,6,24,17,55,92,92050,STALINGRAD RUE DE,48.8946198967,2.1929714084,Plein jour,En agglomération,Intersection en X,Normale,Autre collision,3,3,-1,-1,1,1,1,0,1,-1,,2,1,0,0,1,21.0,28.0,,,1,2,2,1,6
202100032537,2021-06-24 12:30:00,2021,6,24,12,30,92,92050,COURBEVOIE RUE DE,48.8936372436,2.2065579387,Plein jour,En agglomération,Hors intersection,Normale,Autre collision,4,1,1,0,1,1,1,0,1,30,,2,1,0,0,1,30.0,,,,1,2,1,1,6
202100032538,2021-06-24 22:00:00,2021,6,24,22,0,92,92049,GINOUX AV. HENRI N°1 A 95 ET 2 A 104,48.818598,2.322812,Crépuscule ou aube,En agglomération,Hors intersection,Normale,Deux véhicules - côté,4,1,1,0,1,1,1,0,4,50,,2,1,0,0,1,20.0,63.0,,,2,2,1,1,3
202100032539,2021-06-24 13:50:00,2021,6,24,13,50,92,92024,CLICHY (QUAI DE) DE (104 A 202),48.9119421098,2.3103690147,Plein jour,En agglomération,Intersection en T,Normale,Trois véhicules et plus - en chaîne,3,1,2,0,1,1,1,0,1,50,,4,3,0,0,1,58.0,,,,1,2,3,1,4
202100032540,2021-06-24 16:50:00,2021,6,24,16,50,92,92019,MONNET JEAN (AVENUE DU),48.7708468596,2.285027504,Plein jour,En agglomération,Hors intersection,Normale,Deux véhicules - côté,4,3,2,0,1,1,1,0,1,50,,2,1,0,1,0,58.0,58.0,,,1,2,1,1,3
202100032541,2021-06-24 09:45:00,2021,6,24,9,45,92,92012,GENERAL LECLERC (AVENUE DU) 35/FIN - 60/,48.8298850675,2.2304525971,Plein jour,En agglomération,Intersection en Y,Normale,Deux véhicules - côté,3,1,3,0,1,2,1,3,1,50,,2,1,0,0,1,27.0,49.0,,,1,2,4,1,3
202100032542,2021-06-19 11:20:00,2021,6,19,11,20,92,92036,BAS ( RUE DES ),48.920484735,2.2884391825,Plein jour,En agglomération,Intersection en T,Normale,Deux véhicules - côté,3,2,0,0,1,1,1,0,1,50,,2,1,0,0,1,48.0,38.0,,,1,2,3,1,3
202100032543,2021-06-24 19:30:00,2021,6,24,19,30,80,80129,79 Route d Albert,50.023082,2.612042,Plein jour,En agglomération,Hors intersection,Normale,Deux véhicules - frontale,3,2,2,0,1,1,1,0,1,50,,4,2,0,1,1,56.0,19.0,,,1,2,1,1,1
202100032544,2021-06-24 16:30:00,2021,6,24,16,30,14,14505,D6,48.967578,-0.410479,Plein jour,Hors agglomération,Intersection en X,Normale,Deux véhicules - côté,3,2,1,0,1,1,1,0,1,80,,2,1,0,1,0,39.0,45.0,,,1,1,2,1,3
202100032545,2021-06-20 19:30:00,2021,6,20,19,30,24,24329,Route du Desert,45.047127,0.100776,Plein jour,En agglomération,Hors intersection,Normale,Sans collision,4,2,2,0,2,4,1,0,3,50,,1,0,0,1,0,54.0,,,,1,2,1,1,7
202100032546,2021-06-24 13:50:00,2021,6,24,13,50,26,26301,Route de Romans,45.119652,4.997272,Plein jour,Hors agglomération,Intersection en T,Pluie légère,Deux véhicules - côté,3,2,2,0,4,1,2,0,1,70,,2,1,1,0,0,62.0,28.0,,,1,1,3,2,3
202100032547,2021-06-21 20:36:00,2021,6,21,20,36,10,10081,D610,48.329728,4.044825,Crépuscule ou aube,Hors agglomération,Hors intersection,Normale,Deux véhicules - arrière,3,2,4,0,1,3,2,2,3,110,,2,1,0,1,0,49.0,33.0,,,2,1,1,1,2
202100032548,2021-06-25 04:00:00,2021,6,25,4,0,26,26337,Autoroute du Soleil,44.716298,4.785158,Nuit sans éclairage public,Hors agglomération,Hors intersection,Normale,Deux véhicules - arrière,1,3,3,0,1,1,1,0,1,130,,2,1,0,1,0,34.0,30.0,,,3,1,1,1,2
202100032549,2021-06-24 21:45:00,2021,6,24,21,45,63,63427,D403,45.961279,3.078511,Nuit sans éclairage public,Hors agglomération,Hors intersection,Normale,Sans collision,4,2,2,0,2,3,1,0,3,80,,2,1,0,0,1,18.0,,,,3,1,1,1,7
202100032550,2021-06-23 12:30:00,2021,6,23,12,30,83,83036,D559,43.185082,6.545153,Plein jour,Hors agglomération,Autre intersection,Normale,Autre collision,3,2,2,0,1,1,1,9,1,70,,2,1,0,1,0,47.0,,,,1,1,9,1,6
202100032551,2021-06-24 16:45:00,2021,6,24,16,45,35,35012,N137,47.818903,-1.689154,Plein jour,Hors agglomération,Hors intersection,Normale,Autre collision,2,3,4,0,1,1,1,0,3,110,,2,0,0,0,2,33.0,,,,1,1,1,1,6
202100032552,2021-06-25 16:35:00,2021,6,25,16,35,42,42036,830 Montée des Roches,45.53073,4.558425,Plein jour,Hors agglomération,Hors intersection,Normale,Deux véhicules - arrière,4,2,2,0,2,1,1,0,1,30,,2,1,0,1,0,25.0,29.0,,,1,1,1,1,2
202100032553,2021-06-25 13:50:00,2021,6,25,13,50,63,63055, A89----329+400,45.833225,2.815762,Plein jour,Hors agglomération,Hors intersection,Normale,Autre collision,1,1,4,0,1,1,1,0,1,-1,,2,0,0,2,0,30.0,,,,1,1,1,1,6
202100032554,2021-06-24 06:05:00,2021,6,24,6,5,30,30191,Route Nationale 580,44.133127,4.673052,Nuit sans éclairage public,Hors agglomération,Giratoire,Normale,Autre collision,2,2,2,0,1,1,1,0,1,80,,1,0,0,1,0,23.0,,,,3,1,6,1,6
202100032555,2021-06-21 19:30:00,2021,6,21,19,30,30,30092,D6086,44.096081,4.599093,Plein jour,Hors agglomération,Hors intersection,Temps couvert,Autre collision,3,2,2,0,1,1,1,0,3,70,,1,0,0,1,0,39.0,,,,1,1,1,8,6
202100032556,2021-06-25 00:20:00,2021,6,25,0,20,51,51662,Avenue des Nelmonts,49.288119,4.110762,Nuit avec éclairage allumé,En agglomération,Hors intersection,Normale,Sans collision,4,2,2,0,1,1,1,0,1,50,,1,0,0,1,0,30.0,,,,5,2,1,1,7
202100032557,2021-04-16 19:30:00,2021,4,16,19,30,19,19123,D44,45.183207,1.579888,Plein jour,Hors agglomération,Autre intersection,Normale,Deux véhicules - côté,3,2,2,0,2,2,1,0,1,70,,2,1,0,0,1,38.0,42.0,,,1,1,9,1,3
202100032558,2021-06-22 16:00:00,2021,6,22,16,0,79,79127,Route du Château d’Eau,46.198009,-0.492287,Plein jour,Hors agglomération,Intersection en X,Normale,Deux véhicules - côté,3,2,2,0,1,1,1,0,1,80,,2,1,0,1,0,50.0,76.0,,,1,1,2,1,3
202100032559,2021-06-24 16:16:00,2021,6,24,16,16,2B,2B165,D51,42.504693,8.813739,Plein jour,Hors agglomération,Hors intersection,Normale,Sans collision,3,2,2,0,1,2,9,0,3,80,,1,0,0,1,0,62.0,,,,1,1,1,1,7
202100032560,2021-06-24 01:30:00,2021,6,24,1,30,80,80561,Rue Maurice Leconte,49.644256,2.562872,Nuit avec éclairage allumé,En agglomération,Hors intersection,Normale,Autre collision,3,2,2,0,3,1,1,2,4,50,,4,3,0,1,0,19.0,,,,5,2,1,1,6
202100032561,2021-06-05 08:23:00,2021,6,5,8,23,69,69248,REGNY (DE) (RTE),46.025336,4.286664,Plein jour,Hors agglomération,Hors intersection,Pluie légère,Deux véhicules - frontale,3,2,2,0,1,1,2,0,1,80,,2,1,0,1,0,30.0,53.0,,,1,1,1,2,1
202100032562,2021-06-25 10:30:00,2021,6,25,10,30,63,63295,rue du commerce,46.01393,3.353523,Plein jour,En agglomération,Hors intersection,Normale,Deux véhicules - côté,3,2,2,0,1,1,1,0,1,50,,2,1,1,0,0,87.0,83.0,,,1,2,1,1,3
202100032563,2021-06-24 11:00:00,2021,6,24,11,0,49,49217,Lieu dit Le Trefle,47.64881,-0.709476,Plein jour,Hors agglomération,Hors intersection,Normale,Autre collision,2,2,2,0,1,1,1,0,1,80,,1,0,0,1,0,51.0,,,,1,1,1,1,6
202100032564,2021-06-25 06:55:00,2021,6,25,6,55,39,39397,,46.502645,5.655572,Plein jour,Hors agglomération,Hors intersection,Normale,Deux véhicules - frontale,3,2,2,0,2,3,1,0,1,80,,4,3,0,1,0,58.0,20.0,,,1,1,1,1,1
202100032565,2021-06-25 14:22:00,2021,6,25,14,22,29,29015,Le Narret,48.494769,-4.467028,Plein jour,Hors agglomération,Intersection en X,Pluie légère,Deux véhicules - côté,3,2,2,0,1,1,2,5,1,70,,2,1,1,0,0,27.0,45.0,,,1,1,2,2,3
202100032566,2021-06-24 20:01:00,2021,6,24,20,1,01,01266,Route de Macon,46.332218,5.106737,Plein jour,Hors agglomération,Hors intersection,Normale,Deux véhicules - frontale,3,2,2,0,2,2,1,0,1,70,,2,0,0,1,1,32.0,32.0,,,1,1,1,1,1
202100032567,2021-06-23 10:15:00,2021,6,23,10,15,01,01457,Rue des Erables,46.22932,4.992841,Plein jour,En agglomération,Intersection en X,Normale,Deux véhicules - côté,4,-1,2,0,1,1,1,0,1,-1,,2,1,0,0,1,62.0,13.0,,,1,2,2,1,3
202100032568,2021-06-11 12:20:00,2021,6,11,12,20,58,58134,Rue Paul Vaillant Couturier,46.927513,3.262532,Plein jour,En agglomération,Hors intersection,Normale,Autre collision,3,2,2,0,2,1,1,0,1,50,,2,1,0,0,1,30.0,,,,1,2,1,1,6
202100032569,2021-06-25 10:30:00,2021,6,25,10,30,54,54306,D400,48.683155069,5.7772421838,Plein jour,Hors agglomération,Hors intersection,Normale,Deux véhicules - frontale,3,2,2,0,1,3,1,0,1,70,,2,1,0,1,0,48.0,71.0,,,1,1,1,1,1
202100032570,2021-06-22 07:35:00,2021,6,22,7,35,06,06079,Avenue de la Mer,43.534525,6.945524,Plein jour,En agglomération,Giratoire,Normale,Deux véhicules - côté,3,2,2,0,1,1,1,0,1,50,,2,1,0,1,0,47.0,53.0,,,1,2,6,1,3
202100032571,2021-06-24 16:30:00,2021,6,24,16,30,50,50388,Rue du Mont Cesar,49.016026,-1.508391,Plein jour,Hors agglomération,Hors intersection,Normale,Deux véhicules - arrière,3,2,5,0,1,1,1,0,1,80,,2,1,0,1,0,37.0,66.0,,,1,1,1,1,2
202100032572,2021-06-16 18:45:00,2021,6,16,18,45,60,60421,,49.184677,2.641096,Plein jour,Hors agglomération,Hors intersection,Normale,Deux véhicules - frontale,2,2,2,0,1,1,1,0,1,80,,2,1,0,0,1,48.0,65.0,,,1,1,1,1,1
202100032573,2021-06-25 06:15:00,2021,6,25,6,15,60,60248,D315,49.735648,1.823789,Crépuscule ou aube,En agglomération,Hors intersection,Normale,Deux véhicules - arrière,3,2,2,0,2,1,1,2,1,30,,2,0,0,0,2,28.0,36.0,,,2,2,1,1,2
202100032574,2021-06-24 19:15:00,2021,6,24,19,15,60,60076,D7,49.6779416844,1.794026892,Plein jour,Hors agglomération,Hors intersection,Normale,Sans collision,3,2,2,0,1,1,1,0,1,80,,1,0,0,0,1,37.0,,,,1,1,1,1,7
202100032575,2021-06-25 01:10:00,2021,6,25,1,10,64,64256,Route de l Arberoue,43.389464,-1.302738,Nuit avec éclairage allumé,En agglomération,Intersection en Y,Normale,Sans collision,3,2,2,0,1,3,1,5,1,50,,1,0,0,1,0,26.0,,,,5,2,4,1,7
202100032576,2021-06-24 23:15:00,2021,6,24,23,15,18,18004,Les Delas,47.224028,2.267877,Nuit sans éclairage public,Hors agglomération,Hors intersection,Normale,Autre collision,3,2,2,0,1,1,1,0,1,80,,1,0,0,1,0,43.0,,,,3,1,1,1,6
202100032577,2021-06-25 01:00:00,2021,6,25,1,0,07,07122,"D103, hameau de coustillon",44.562508,4.340485,Nuit sans éclairage public,Hors agglomération,Hors intersection,Normale,Autre collision,3,2,2,0,1,2,1,0,3,80,,5,4,0,1,0,25.0,,,,3,1,1,1,6
202100032578,2021-06-25 18:15:00,2021,6,25,18,15,07,07198,D86,44.7812080499,4.7656363249,Plein jour,Hors agglomération,Hors intersection,Normale,Sans collision,3,2,2,0,1,1,1,0,1,80,,3,2,0,1,0,25.0,42.0,,,1,1,1,1,7
202100032579,2021-06-23 18:00:00,2021,6,23,18,0,24,24025,route de la tremouille,45.107662,1.056694,Plein jour,Hors agglomération,Hors intersection,Normale,Sans collision,4,2,2,0,1,1,2,0,3,50,,1,0,0,0,1,36.0,,,,1,1,1,1,7
202100032580,2021-06-24 16:40:00,2021,6,24,16,40,24,24019,Chemin des Veyrinas,45.150787,1.105056,Plein jour,Hors agglomération,Hors intersection,Temps éblouissant,Autre collision,4,2,2,0,2,1,1,0,1,90,,2,1,0,1,0,73.0,,,,1,1,1,7,6
202100032581,2021-06-23 07:44:00,2021,6,23,7,44,17,17434,D209,46.122571,-0.714626,Plein jour,Hors agglomération,Intersection en X,Temps couvert,Deux véhicules - côté,3,2,2,0,1,1,1,0,1,80,,2,1,0,1,0,25.0,22.0,,,1,1,2,8,3
202100032582,2021-06-24 22:45:00,2021,6,24,22,45,17,17337,Route du Marché,45.972466,-1.375545,Nuit sans éclairage public,En agglomération,Hors intersection,Normale,Deux véhicules - côté,4,2,2,0,1,1,1,0,1,80,,2,1,0,1,0,52.0,58.0,,,3,2,1,1,3
202100032583,2021-06-23 06:40:00,2021,6,23,6,40,30,30062,D40,43.779936,4.1958,Plein jour,Hors agglomération,Intersection en T,Normale,Autre collision,3,3,2,0,1,1,1,0,1,-1,,2,0,0,1,1,28.0,48.0,,,1,1,3,1,6
202100032584,2021-06-25 17:45:00,2021,6,25,17,45,30,30341,Chemin d Aubord,43.709393,4.283595,Plein jour,En agglomération,Hors intersection,Normale,Deux véhicules - côté,4,2,2,0,1,1,1,0,1,50,,2,1,0,0,1,47.0,25.0,,,1,2,1,1,3
202100032585,2021-06-24 17:40:00,2021,6,24,17,40,30,30263,Place de la Couronne,43.960619,3.858207,Plein jour,En agglomération,Autre intersection,Normale,Deux véhicules - côté,3,2,2,0,1,1,1,0,1,50,,2,1,0,1,0,63.0,23.0,,,1,2,9,1,3
202100032586,2021-06-25 17:20:00,2021,6,25,17,20,52,52110,4 Route de Baudrecourt,48.387568,4.98524,Plein jour,Hors agglomération,Hors intersection,Normale,Deux véhicules - arrière,3,2,2,0,1,1,1,0,1,90,,2,1,0,1,0,22.0,46.0,,,1,1,1,1,2
202100032587,2021-06-23 15:45:00,2021,6,23,15,45,08,08281,3 Route de Pure,49.66752,5.192411,Plein jour,En agglomération,Hors intersection,Normale,Autre collision,3,2,2,0,1,2,1,0,4,50,,1,0,0,0,1,20.0,,,,1,2,1,1,6
202100032588,2021-06-21 09:40:00,2021,6,21,9,40,08,08067,43 Route Nationale,49.622305,5.185204,Plein jour,En agglomération,Autre intersection,Pluie légère,Autre collision,6,-1,-1,0,1,1,2,9,8,20,,2,1,0,1,0,87.0,,,,1,2,9,2,6
202100032589,2021-06-17 18:35:00,2021,6,17,18,35,08,08067,Route Nationale,49.6215,5.186973,Plein jour,En agglomération,Hors intersection,Normale,Deux véhicules - arrière,3,2,2,0,1,1,1,0,1,50,,4,1,0,0,3,49.0,28.0,,,1,2,1,1,2
202100032590,2021-06-24 12:09:00,2021,6,24,12,9,88,88496,AU NIVEAU DE LA CROIX ST NICOLAS DIRECTION AUZAINVILLERS,48.22453,5.817406,Plein jour,Hors agglomération,Intersection en X,Normale,Deux véhicules - côté,3,2,2,0,1,1,1,5,1,80,,2,1,0,1,0,26.0,22.0,,,1,1,2,1,3
202100032591,2021-06-24 10:30:00,2021,6,24,10,30,67,67388,Rue des Roses,48.930185,7.664085,Plein jour,En agglomération,Hors intersection,Normale,Autre collision,4,2,1,0,1,3,1,0,1,50,,2,1,0,1,0,53.0,,,,1,2,1,1,6
202100032592,2021-06-24 18:40:00,2021,6,24,18,40,06,06085,559 Avenue de Tournamy,43.602001,6.986318,Plein jour,En agglomération,Hors intersection,Normale,Deux véhicules - côté,4,2,2,0,1,1,1,0,1,50,,2,1,0,0,1,56.0,26.0,,,1,2,1,1,3
202100032593,2021-06-24 16:35:00,2021,6,24,16,35,39,39387,,46.98307,5.505653,Plein jour,Hors agglomération,Hors intersection,Normale,Sans collision,1,3,4,0,1,1,2,0,3,130,,3,2,0,0,1,32.0,,,,1,1,1,1,7
202100032594,2021-06-25 17:00:00,2021,6,25,17,0,85,85047,Rue de l Herseau,46.852752,-1.876849,Plein jour,En agglomération,Hors intersection,Normale,Autre collision,4,-1,2,0,1,1,1,9,8,50,,2,1,1,0,0,37.0,,,,1,2,1,1,6
202100032595,2021-06-24 22:55:00,2021,6,24,22,55,67,67033,A340,48.748436,7.684041,Nuit sans éclairage public,Hors agglomération,Autre intersection,Normale,Autre collision,3,3,4,0,1,1,1,3,1,50,,2,0,0,1,1,32.0,21.0,,,3,1,9,1,6
202100032596,2021-06-25 15:27:00,2021,6,25,15,27,06,06088,A8 PK 196.520 NORD,43.734678,7.253122,Plein jour,Hors agglomération,Hors intersection,Normale,Trois véhicules et plus - collisions multiples,1,3,4,0,2,2,1,1,1,90,,3,2,0,0,1,22.0,20.0,,,1,1,1,1,5
202100032597,2021-06-24 10:05:00,2021,6,24,10,5,30,30344,"Autoroute A9, Point kilométrique 069.500",43.748653,4.207377,Plein jour,Hors agglomération,Hors intersection,Normale,Deux véhicules - arrière,1,3,4,0,1,1,1,0,1,130,,4,2,0,0,2,20.0,56.0,,,1,1,1,1,2
202100032598,2021-06-21 09:50:00,2021,6,21,9,50,30,30123,A9 / PK 73+600 / Sens NMES/MTP,43.724731,4.169548,Plein jour,Hors agglomération,Hors intersection,Normale,Trois véhicules et plus - en chaîne,1,3,3,0,1,1,1,0,1,130,,3,1,0,1,1,44.0,48.0,,,1,1,1,1,4
202100032599,2021-06-24 18:40:00,2021,6,24,18,40,987,98722,PK 31+900,-17.565361,-149.327459,Nuit sans éclairage public,Hors agglomération,Hors intersection,Pluie légère,Deux véhicules - côté,2,2,2,0,2,1,2,2,1,50,,2,1,0,1,0,56.0,42.0,,,3,1,1,2,3
202100032600,2021-06-24 19:00:00,2021,6,24,19,0,971,97134,Route du Bouchu,16.065139,-61.761099,Plein jour,En agglomération,Hors intersection,Normale,Deux véhicules - frontale,2,-1,1,0,1,1,1,0,1,50,,2,0,0,1,1,20.0,26.0,,,1,2,1,1,1
202100032601,2021-06-20 16:08:00,2021,6,20,16,8,77,77193,intersection RD9 et RD 127A,49.054882,2.847841,Plein jour,Hors agglomération,Intersection en X,Normale,Deux véhicules - côté,3,2,2,0,1,1,1,9,1,80,,3,0,0,2,1,59.0,29.0,,,1,1,2,1,3
202100032602,2021-06-25 12:50:00,2021,6,25,12,50,77,77168,D219,48.179759,2.873033,Plein jour,En agglomération,Hors intersection,Normale,Sans collision,3,2,2,0,1,1,1,0,1,50,,1,0,0,1,0,29.0,,,,1,2,1,1,7
202100032603,2021-06-24 21:30:00,2021,6,24,21,30,30,30139,RD 263,44.131933,3.401449,Crépuscule ou aube,Hors agglomération,Hors intersection,Normale,Sans collision,3,2,2,0,2,3,9,0,3,50,,1,0,0,0,1,19.0,,,,2,1,1,1,7
202100032604,2021-06-12 22:30:00,2021,6,12,22,30,67,67350,D451,48.591767,7.645884,Nuit sans éclairage public,Hors agglomération,Giratoire,Normale,Autre collision,7,2,2,0,1,2,1,0,8,80,,2,0,0,2,0,52.0,,,,3,1,6,1,6
202100032605,2021-06-25 16:30:00,2021,6,25,16,30,73,73114,D909 Rte des Aravis,45.839309,6.508251,Plein jour,Hors agglomération,Hors intersection,Normale,Autre collision,3,2,2,0,1,2,9,2,1,80,,1,0,0,1,0,47.0,,,,1,1,1,1,6
202100032606,2021-06-24 23:45:00,2021,6,24,23,45,07,07127,"2, bis rue des écoles",44.644884,4.325421,Nuit avec éclairage allumé,En agglomération,Hors intersection,Normale,Autre collision,3,2,2,0,1,1,1,0,8,50,,1,0,1,0,0,21.0,,,,5,2,1,1,6
202100032607,2021-06-24 19:00:00,2021,6,24,19,0,69,69069,PIERRE DUMOND (AV),45.747312,4.713607,Plein jour,En agglomération,Intersection en T,Normale,Deux véhicules - frontale,7,2,2,0,1,1,1,0,1,50,,2,1,0,0,1,82.0,26.0,,,1,2,3,1,1
202100032608,2021-06-13 12:45:00,2021,6,13,12,45,19,19101,"Le CHAMBON, Avenue du MAS",45.249313,1.784205,Plein jour,Hors agglomération,Hors intersection,Normale,Autre collision,3,2,2,0,1,2,1,0,4,70,,1,0,0,1,0,53.0,,,,1,1,1,1,6
202100032609,2021-06-24 18:00:00,2021,6,24,18,0,33,33056,Rue Louis Pasteur,44.912648,-0.64122,Plein jour,En agglomération,Hors intersection,Normale,Sans collision,4,2,2,0,1,3,1,0,1,30,,2,1,0,0,1,48.0,70.0,,,1,2,1,1,7
202100032610,2021-06-24 20:00:00,2021,6,24,20,0,72,72025,Le Petit Bel Air (Cré-sur-Loir),47.645018,-0.120548,Plein jour,Hors agglomération,Hors intersection,Normale,Deux véhicules - côté,3,2,2,0,1,1,1,0,1,90,,3,0,0,2,1,40.0,21.0,,,1,1,1,1,3
202100032611,2021-06-24 13:45:00,2021,6,24,13,45,14,14258,D6,48.906304,-0.208307,Plein jour,En agglomération,Hors intersection,Normale,Deux véhicules - arrière,3,3,2,0,1,3,1,0,1,50,,2,1,0,1,0,86.0,73.0,,,1,2,1,1,2
202100032612,2021-06-25 05:10:00,2021,6,25,5,10,27,27188,D321,49.304356,1.110772,Crépuscule ou aube,Hors agglomération,Hors intersection,Normale,Deux véhicules - frontale,3,2,2,0,1,3,1,0,1,70,,2,1,0,1,0,42.0,36.0,,,2,1,1,1,1