accident_id,datetime,annee,mois,jour,heure,minute,departement,commune_insee,adresse,latitude,longitude,luminosite,agglomeration,intersection,meteo,collision,catr,circ,nbv,vosp,prof,plan,surf,infra,situ,vma,nb_vehicules,nb_usagers,nb_indemnes,nb_tues,nb_blesses_hosp,nb_blesses_legers,age_cond_1,age_cond_2,veh_type_cond_1,veh_type_cond_2,lum_code,agg_code,int_code,atm_code,col_code
202100032613,2021-06-23 09:00:00,2021,6,23,9,0,13,13070,A50-Sens Aubagne vers Marseille,43.2853,5.5152,Plein jour,Hors agglomération,Hors intersection,Normale,Deux véhicules - arrière,1,1,3,0,1,1,1,0,1,90,,3,2,0,0,1,49.0,51.0,,,1,1,1,1,2
202100032614,2021-06-23 08:20:00,2021,6,23,8,20,13,13055,A507 sens Aubagne- Marseille,43.33002,5.40206,Plein jour,Hors agglomération,Hors intersection,Normale,Deux véhicules - arrière,1,1,3,0,2,1,1,1,1,70,,4,1,0,0,3,28.0,24.0,,,1,1,1,1,2
202100032615,2021-06-22 21:20:00,2021,6,22,21,20,13,13071,A7-Sens Lyon vers Marseille,43.41818,5.27343,Crépuscule ou aube,Hors agglomération,Hors intersection,Normale,Deux véhicules - frontale,1,1,3,0,1,1,1,1,1,110,,1,0,0,0,1,30.0,,,,2,1,1,1,1
202100032616,2021-06-24 17:00:00,2021,6,24,17,0,91,91689,AUTOROUTE A6,48.72965,2.31478,Plein jour,Hors agglomération,Hors intersection,Normale,Deux véhicules - arrière,1,1,6,0,1,1,1,0,1,90,,2,1,0,0,1,36.0,42.0,,,1,1,1,1,2
202100032617,2021-06-24 14:15:00,2021,6,24,14,15,91,91339,RN 104,48.62676,2.26187,Plein jour,Hors agglomération,Autre intersection,Normale,Autre collision,2,3,1,0,1,3,1,0,1,50,,1,0,0,0,1,32.0,,,,1,1,9,1,6
202100032618,2021-06-24 19:00:00,2021,6,24,19,0,92,92036,A86,48.9360068665,2.2884313862,Plein jour,Hors agglomération,Hors intersection,Normale,Trois véhicules et plus - collisions multiples,1,3,4,0,1,1,1,0,1,90,,4,2,0,1,1,20.0,45.0,,,1,1,1,1,5
202100032619,2021-06-24 10:00:00,2021,6,24,10,0,95,95018,A15,48.95792,2.27513,Plein jour,Hors agglomération,Hors intersection,Normale,Deux véhicules - côté,1,3,6,0,1,1,1,0,1,110,,2,1,0,0,1,30.0,36.0,,,1,1,1,1,3
202100032620,2021-06-10 17:00:00,2021,6,10,17,0,93,93063,AUTOROUTE A3,48.8784431814,2.447139925,Plein jour,Hors agglomération,Hors intersection,Normale,Trois véhicules et plus - en chaîne,1,3,6,0,1,1,1,0,1,90,,6,5,0,0,1,48.0,56.0,,,1,1,1,1,4
202100032621,2021-06-24 00:50:00,2021,6,24,0,50,93,93010,AUTOROUTE A3,48.9089551424,2.4737470043,Nuit sans éclairage public,Hors agglomération,Hors intersection,Normale,Autre collision,1,3,7,0,1,1,1,0,1,110,,4,3,1,0,0,,46.0,,,3,1,1,1,6
202100032622,2021-06-24 01:10:00,2021,6,24,1,10,93,93010,AUTOROUTE A3,48.90874,2.47377,Nuit sans éclairage public,Hors agglomération,Hors intersection,Normale,Deux véhicules - arrière,1,3,7,0,1,1,1,0,1,110,,3,1,0,0,2,23.0,31.0,,,3,1,1,1,2
202100032623,2021-06-24 00:30:00,2021,6,24,0,30,93,93007,AUTOROUTE A1,48.95541,2.45856,Nuit sans éclairage public,Hors agglomération,Hors intersection,Normale,Trois véhicules et plus - en chaîne,1,3,9,0,1,1,1,0,1,110,,3,2,0,0,1,33.0,,,,3,1,1,1,4
202100032624,2021-06-23 19:30:00,2021,6,23,19,30,93,93053,AUTOROUTE A3,48.89752,2.46977,Plein jour,Hors agglomération,Hors intersection,Normale,Deux véhicules - côté,1,3,10,0,1,1,1,0,1,70,,2,1,0,0,1,44.0,31.0,,,1,1,1,1,3
202100032625,2021-06-23 15:00:00,2021,6,23,15,0,95,95572,RN 184,49.03544,2.11634,Plein jour,Hors agglomération,Hors intersection,Normale,Autre collision,2,3,5,0,1,1,1,0,1,90,,1,0,0,0,1,20.0,,,,1,1,1,1,6
202100032626,2021-06-23 11:30:00,2021,6,23,11,30,93,93064,AUTOROUTE A86,48.88304,2.4706,Plein jour,Hors agglomération,Hors intersection,Normale,Deux véhicules - arrière,1,3,3,0,1,1,1,0,1,90,,2,1,0,0,1,33.0,46.0,,,1,1,1,1,2
202100032627,2021-06-24 08:20:00,2021,6,24,8,20,94,94081,A86 INT,48.77528,2.41181,Plein jour,Hors agglomération,Hors intersection,Normale,Trois véhicules et plus - en chaîne,1,3,6,0,1,1,1,0,1,90,,3,2,0,0,1,36.0,29.0,,,1,1,1,1,4
202100032628,2021-06-23 23:35:00,2021,6,23,23,35,94,94073,A86 EXT,48.7708355223,2.3878942557,Nuit avec éclairage allumé,Hors agglomération,Hors intersection,Normale,Sans collision,1,1,3,0,1,3,1,1,1,70,,1,0,0,0,1,30.0,,,,5,1,1,1,7
202100032629,2021-04-20 17:05:00,2021,4,20,17,5,29,29166,Roz Al Len Izella,48.160085,-4.249907,Plein jour,Hors agglomération,Hors intersection,Normale,Deux véhicules - frontale,4,2,2,0,2,3,1,0,1,50,,6,0,1,5,0,66.0,19.0,,,1,1,1,1,1
202100032630,2021-06-23 07:30:00,2021,6,23,7,30,976,97611,cavani-Rond point du Baobab,-12.78443,45.22386,Plein jour,En agglomération,Autre intersection,Normale,Autre collision,4,2,0,0,1,1,1,0,1,50,,2,0,0,0,2,41.0,,,,1,2,9,1,6
202100032631,2021-06-21 14:05:00,2021,6,21,14,5,89,89024,MARINE (QUAI DE LA),47.79844,3.57442,Plein jour,En agglomération,Hors intersection,Normale,Autre collision,4,3,2,0,1,1,1,6,1,20,,2,1,0,1,0,57.0,,,,1,2,1,1,6
202100032632,2021-06-19 18:30:00,2021,6,19,18,30,33,33009,Rue Roger Expert,44.66248,-1.16975,Plein jour,En agglomération,Intersection en T,Temps couvert,Autre collision,3,1,2,0,1,1,2,0,1,50,,2,1,0,0,1,67.0,,,,1,2,3,8,6
202100032633,2021-06-23 19:10:00,2021,6,23,19,10,29,29019,Rue de la Villeneuve,48.41081,-4.4598,Plein jour,En agglomération,Intersection en T,Normale,Autre collision,4,2,2,0,1,1,1,0,1,50,,2,1,0,1,0,23.0,,,,1,2,3,1,6
202100032634,2021-06-23 10:30:00,2021,6,23,10,30,974,97411,JAURES (BOULEVARD JEAN),-20.90003,55.50678,Plein jour,En agglomération,Hors intersection,Pluie légère,Autre collision,2,-1,0,0,1,1,2,0,8,70,,2,1,0,0,1,60.0,43.0,,,1,2,1,2,6
202100032635,2021-06-22 10:50:00,2021,6,22,10,50,974,97411,LITTORAL (ROUTE 1 DU),-20.87601,55.43302,Plein jour,Hors agglomération,Hors intersection,Normale,Deux véhicules - arrière,2,1,2,0,1,1,1,1,1,50,,2,1,0,0,1,32.0,33.0,,,1,1,1,1,2
202100032636,2021-06-22 07:00:00,2021,6,22,7,0,974,97409,Route de Salazie,-20.978532,55.636039,Plein jour,Hors agglomération,Autre intersection,Pluie légère,Deux véhicules - frontale,3,2,2,0,1,1,2,0,1,90,,2,1,0,1,0,35.0,72.0,,,1,1,9,2,1
202100032637,2021-06-23 10:50:00,2021,6,23,10,50,69,69387,JEAN JAURES                         (AV),45.7473141509,4.8431666493,Plein jour,En agglomération,Intersection en X,Normale,Deux véhicules - arrière,4,2,4,3,1,1,1,0,1,50,,2,1,0,0,1,25.0,76.0,,,1,2,2,1,2
202100032638,2021-06-14 11:50:00,2021,6,14,11,50,69,69387,DOMER (R),45.74784,4.85143,Plein jour,En agglomération,Intersection en X,Normale,Autre collision,4,1,1,0,1,1,1,0,1,50,,2,1,0,0,1,56.0,60.0,,,1,2,2,1,6
202100032639,2021-06-22 19:28:00,2021,6,22,19,28,972,97213,ROUTE DEPARTEMENTALE 14,14.6194820589,-61.0219448805,Nuit sans éclairage public,Hors agglomération,Hors intersection,Normale,Autre collision,3,1,1,0,1,1,1,0,8,50,,2,1,0,1,0,74.0,,,,3,1,1,1,6
202100032640,2021-06-23 23:30:00,2021,6,23,23,30,69,69142,STEPHANE DECHANT (R),45.72897,4.81556,Nuit avec éclairage allumé,En agglomération,Intersection en Y,Temps couvert,Sans collision,7,2,4,0,1,1,1,5,4,50,,1,0,0,1,0,31.0,,,,5,2,4,8,7
202100032641,2021-06-23 10:25:00,2021,6,23,10,25,69,69382,BELLECOUR (PL),45.7582,4.8332,Plein jour,En agglomération,Place,Normale,Autre collision,4,1,1,3,1,1,1,0,5,50,,2,1,0,1,0,51.0,,,,1,2,7,1,6
202100032642,2021-06-23 01:25:00,2021,6,23,1,25,95,95018,STALINGRAD (AVENUE DE),48.953311,2.270069,Nuit avec éclairage allumé,En agglomération,Hors intersection,Normale,Deux véhicules - côté,3,2,2,0,1,1,1,0,1,50,,2,1,0,0,1,19.0,39.0,,,5,2,1,1,3
202100032643,2021-06-16 13:30:00,2021,6,16,13,30,91,91174,QUAI MAUZAISSE,48.61308,2.48343,Plein jour,En agglomération,Hors intersection,Normale,Autre collision,4,1,2,0,1,1,1,0,1,50,,2,1,0,0,1,36.0,,,,1,2,1,1,6
202100032644,2021-06-22 16:15:00,2021,6,22,16,15,91,91223,RUE DU LT COLONEL ARNAUD BELTRAME,48.44807,2.13896,Plein jour,Hors agglomération,Hors intersection,Normale,Sans collision,4,2,2,0,2,2,1,0,3,70,,1,0,0,0,1,59.0,,,,1,1,1,1,7
202100032645,2021-06-11 16:50:00,2021,6,11,16,50,84,84080,PERNES ROUTE DE,44.02315,5.02054,Plein jour,Hors agglomération,Hors intersection,Normale,Deux véhicules - côté,3,2,2,0,1,1,1,0,1,80,,2,1,0,1,0,31.0,28.0,,,1,1,1,1,3
202100032646,2021-06-24 00:20:00,2021,6,24,0,20,83,83137,MIRASOULEOU (AVE),43.13297,5.98172,Nuit avec éclairage allumé,Hors agglomération,Hors intersection,Normale,Deux véhicules - côté,4,1,2,0,1,1,1,5,1,50,,3,1,0,0,2,29.0,49.0,,,5,1,1,1,3
202100032647,2021-06-23 16:59:00,2021,6,23,16,59,83,83069,PIERREFEU (ROUTE DE) RD 12,43.15175,6.14337,Plein jour,Hors agglomération,Hors intersection,Normale,Sans collision,7,2,2,0,1,1,1,0,1,70,,1,0,0,0,1,71.0,,,,1,1,1,1,7
202100032648,2021-06-22 08:15:00,2021,6,22,8,15,80,80021,SAINT FUSCIEN (RUE),49.88311,2.30427,Plein jour,En agglomération,Hors intersection,Normale,Deux véhicules - arrière,4,2,2,0,1,1,1,0,1,50,,2,1,0,0,1,22.0,37.0,,,1,2,1,1,2
202100032649,2021-06-20 12:07:00,2021,6,20,12,7,80,80021,BEAUVILLE CENTRE (BOULEVARD),49.89855,2.31212,Plein jour,En agglomération,Hors intersection,Normale,Deux véhicules - côté,4,2,2,0,1,1,1,0,1,50,,3,1,0,0,2,46.0,51.0,,,1,2,1,1,3
202100032650,2021-06-20 08:30:00,2021,6,20,8,30,80,80021,TRENTE ET UN AOUT 1944 (RUE DU),49.88277,2.32649,Plein jour,En agglomération,Hors intersection,Normale,Autre collision,4,1,1,0,1,1,1,0,1,50,,1,0,0,0,1,50.0,,,,1,2,1,1,6
202100032651,2021-06-18 18:04:00,2021,6,18,18,4,80,80489,JEAN BAPTISTE DELAMBRE (RUE),49.8715929833,2.3671245575,Plein jour,Hors agglomération,Giratoire,Normale,Deux véhicules - arrière,4,1,2,0,1,2,1,0,1,50,,2,1,0,0,1,30.0,41.0,,,1,1,6,1,2
202100032652,2021-06-18 21:05:00,2021,6,18,21,5,80,80021,VERDUN (RUE DE ),49.8944,2.30941,Plein jour,En agglomération,Hors intersection,Normale,Autre collision,4,3,6,0,1,1,1,0,1,50,,2,1,0,0,1,21.0,,,,1,2,1,1,6
202100032653,2021-06-23 21:38:00,2021,6,23,21,38,76,76540,BOISGUILBERT. QUAI DE,49.44083,1.08166,Crépuscule ou aube,En agglomération,Hors intersection,Normale,Deux véhicules - arrière,7,1,5,0,1,1,1,0,1,50,,3,2,0,0,1,34.0,23.0,,,2,2,1,1,2
202100032654,2021-06-22 17:40:00,2021,6,22,17,40,72,72181,CLEMENCEAU GEORGES ( BD) N° PAIRS,47.9807,0.217,Plein jour,En agglomération,Hors intersection,Normale,Deux véhicules - arrière,4,3,6,0,1,1,1,0,1,50,,2,1,0,0,1,,49.0,,,1,2,1,1,2
202100032655,2021-06-22 15:15:00,2021,6,22,15,15,72,72181,MAILLETS (RUE DES) IMP 37 A 159,48.01628,0.21503,Plein jour,En agglomération,Hors intersection,Normale,Autre collision,4,3,2,2,2,1,1,0,1,50,,2,1,0,0,1,16.0,48.0,,,1,2,1,1,6
202100032656,2021-06-23 19:30:00,2021,6,23,19,30,71,71076,Avenue Pierre Mendes France,46.77491,4.83683,Plein jour,Hors agglomération,Intersection en X,Normale,Deux véhicules - côté,3,3,4,0,1,1,1,5,1,80,,3,2,0,0,1,51.0,23.0,,,1,1,2,1,3
202100032657,2021-06-23 11:10:00,2021,6,23,11,10,69,69256,MAURICE AUDIN (R),45.77906,4.92214,Plein jour,En agglomération,Intersection en T,Normale,Deux véhicules - côté,4,2,2,0,1,1,1,0,1,50,,2,1,0,0,1,26.0,62.0,,,1,2,3,1,3
202100032658,2021-06-23 09:07:00,2021,6,23,9,7,69,69264,GANTILLON  (R),45.994,4.72122,Plein jour,En agglomération,Autre intersection,Normale,Autre collision,4,2,2,0,1,1,1,9,1,50,,2,0,0,0,2,49.0,,,,1,2,9,1,6
202100032659,2021-06-22 22:34:00,2021,6,22,22,34,67,67482,JEAN JAURES (AVENUE),48.568229,7.768059,Nuit avec éclairage allumé,En agglomération,Passage à niveau,Normale,Deux véhicules - côté,4,3,6,1,1,1,1,4,6,50,,2,1,0,0,1,26.0,50.0,,,5,2,8,1,3
202100032660,2021-06-23 19:30:00,2021,6,23,19,30,64,64024,BAHINOS (ROND POINT DE),43.49414,-1.51816,Plein jour,En agglomération,Giratoire,Pluie forte,Sans collision,4,-1,2,0,1,2,2,0,1,50,,1,0,0,0,1,35.0,,,,1,2,6,3,7
202100032661,2021-06-23 13:00:00,2021,6,23,13,0,64,64102,NOVEMBRE (RUE DU ONZE),43.49265,-1.47861,Plein jour,En agglomération,Intersection en X,Pluie forte,Deux véhicules - côté,4,2,2,0,1,1,2,0,1,50,,2,1,0,0,1,77.0,30.0,,,1,2,2,3,3
202100032662,2021-06-22 17:44:00,2021,6,22,17,44,63,63113,MICHELIN (AVENUE EDOUARD),45.78149,3.10264,Plein jour,En agglomération,Hors intersection,Normale,Autre collision,4,1,2,0,1,1,1,0,1,50,,2,1,0,1,0,23.0,,,,1,2,1,1,6
202100032663,2021-06-22 08:04:00,2021,6,22,8,4,63,63113,CHANELLES (RUE DES),45.7914,3.07668,Plein jour,En agglomération,Intersection en T,Pluie légère,Deux véhicules - côté,4,2,2,0,1,1,2,0,1,50,,2,1,0,0,1,60.0,17.0,,,1,2,3,2,3
202100032664,2021-06-22 16:40:00,2021,6,22,16,40,56,56083,PASTEUR ( AVENUE ),47.80529,-3.28699,Plein jour,En agglomération,Intersection en Y,Normale,Deux véhicules - côté,3,2,2,0,2,1,1,0,1,30,,3,2,0,0,1,63.0,22.0,,,1,2,4,1,3
202100032665,2021-06-23 07:50:00,2021,6,23,7,50,55,55545,JULES FERRY ( AVENUE ),49.149145,5.393031,Plein jour,En agglomération,Intersection en T,Normale,Deux véhicules - côté,4,2,2,0,1,1,1,0,1,50,,2,1,0,1,0,59.0,17.0,,,1,2,3,1,3
202100032666,2021-06-18 13:00:00,2021,6,18,13,0,55,55545,Cour Clouet,49.1586532127,5.3842178988,Plein jour,En agglomération,Intersection en T,Normale,Sans collision,4,1,1,0,1,1,1,0,1,50,,2,1,0,0,1,34.0,,,,1,2,3,1,7
202100032667,2021-06-21 08:20:00,2021,6,21,8,20,50,50129,CONQUERANT (BOULEVARD GUILLAUME LE),49.64524,-1.63802,Plein jour,En agglomération,Intersection en Y,Pluie légère,Autre collision,3,3,4,0,1,1,2,5,1,50,,1,0,0,0,1,21.0,,,,1,2,4,2,6
202100032668,2021-06-23 08:47:00,2021,6,23,8,47,49,49007,PORTET BOULEVARD,47.44984,-0.55826,Plein jour,En agglomération,Hors intersection,Normale,Sans collision,4,1,2,0,1,2,1,0,1,50,,1,0,0,0,1,41.0,,,,1,2,1,1,7
202100032669,2021-06-23 17:00:00,2021,6,23,17,0,35,35238,TILLON (AVENUE CHARLES),48.12475,-1.70318,Plein jour,En agglomération,Intersection en T,Normale,Autre collision,4,2,4,0,1,1,1,5,4,50,,2,1,0,0,1,43.0,,,,1,2,3,1,6
202100032670,2021-06-23 14:45:00,2021,6,23,14,45,35,35238,SAINT-JEAN BAPTISTE DE LA SALLE,48.11466,-1.70095,Plein jour,En agglomération,Intersection en T,Normale,Deux véhicules - côté,4,2,4,2,1,1,1,5,1,50,,2,1,0,0,1,21.0,43.0,,,1,2,3,1,3
202100032671,2021-06-22 10:45:00,2021,6,22,10,45,34,34172,ABRIVADO (RUE DE L'),43.58945,3.88865,Plein jour,En agglomération,Hors intersection,Normale,Deux véhicules - côté,4,1,3,1,1,1,1,0,5,50,,2,1,0,1,0,39.0,22.0,,,1,2,1,1,3
202100032672,2021-06-23 10:00:00,2021,6,23,10,0,33,33318,Rue de l’Estragon,44.7987,-0.6442,Plein jour,En agglomération,Hors intersection,Normale,Autre collision,6,-1,-1,0,1,1,1,0,1,30,,2,1,0,0,1,24.0,,,,1,2,1,1,6
202100032673,2021-06-20 19:20:00,2021,6,20,19,20,29,29232,Boulevard Ergue Armel,47.98429,-4.07412,Plein jour,Hors agglomération,Hors intersection,Pluie légère,Autre collision,3,3,3,0,2,2,2,0,1,70,,1,0,0,0,1,19.0,,,,1,1,1,2,6
202100032674,2021-06-22 18:02:00,2021,6,22,18,2,29,29232,Route de Benodet,47.9341525524,-4.0692114828,Plein jour,En agglomération,Hors intersection,Normale,Deux véhicules - côté,3,3,4,0,1,1,1,3,1,70,,2,1,0,0,1,26.0,43.0,,,1,2,1,1,3
202100032675,2021-06-14 17:15:00,2021,6,14,17,15,28,28085,SAINT BRICE  PLACE,48.43777,1.49351,Plein jour,En agglomération,Hors intersection,Normale,Deux véhicules - frontale,3,-1,2,0,2,3,1,0,1,30,,2,1,0,1,0,60.0,,,,1,2,1,1,1
202100032676,2021-06-23 08:50:00,2021,6,23,8,50,26,26362,92 Rue Montplaisir,44.93003,4.90835,Plein jour,En agglomération,Hors intersection,Normale,Deux véhicules - côté,4,1,1,1,1,1,1,0,1,50,,2,1,0,0,1,44.0,43.0,,,1,2,1,1,3
202100032677,2021-06-23 12:30:00,2021,6,23,12,30,26,26198,92 Route du Teil,44.55707,4.72922,Plein jour,En agglomération,Hors intersection,Normale,Deux véhicules - côté,2,2,2,0,1,2,1,3,1,70,,2,1,0,1,0,67.0,58.0,,,1,2,1,1,3
202100032678,2021-06-23 16:12:00,2021,6,23,16,12,25,25056,CHOPIN RUE FREDERIC,47.26262,6.04048,Plein jour,En agglomération,Intersection en X,Pluie forte,Autre collision,4,2,4,0,1,1,2,0,1,50,,2,1,1,0,0,84.0,,,,1,2,2,3,6
202100032679,2021-06-18 15:45:00,2021,6,18,15,45,18,18279,FONDEREAUX (CHEMIN DES),47.21,2.11,Plein jour,En agglomération,Hors intersection,Normale,Deux véhicules - frontale,4,2,2,0,1,1,1,0,3,50,,1,0,0,0,1,19.0,,,,1,2,1,1,1
202100032680,2021-06-23 18:00:00,2021,6,23,18,0,13,13209,ROY D'ESPAGNE (CHEMIN),43.23538,5.39917,Plein jour,En agglomération,Autre intersection,Normale,Deux véhicules - côté,4,2,0,0,2,2,1,9,1,50,,3,1,0,0,2,43.0,16.0,,,1,2,9,1,3
202100032681,2021-06-23 14:35:00,2021,6,23,14,35,13,13209,SAINTE MARGUERITE (BOULEVARD),43.26943,5.40243,Plein jour,En agglomération,Hors intersection,Normale,Deux véhicules - côté,4,2,-1,0,1,1,1,0,1,50,,2,1,0,1,0,75.0,,,,1,2,1,1,3
202100032682,2021-06-23 13:04:00,2021,6,23,13,4,13,13075,SARNICO (RP),43.342,5.46,Plein jour,En agglomération,Hors intersection,Normale,Deux véhicules - côté,7,2,2,0,1,1,1,0,1,50,,2,1,0,0,1,41.0,61.0,,,1,2,1,1,3
202100032683,2021-06-21 21:05:00,2021,6,21,21,5,13,13002,DES TERMES (ROUTE) RD 908,43.3651196811,5.5002645097,Crépuscule ou aube,En agglomération,Place,Normale,Autre collision,4,2,2,0,2,2,1,0,4,50,,3,0,0,0,3,38.0,19.0,,,2,2,7,1,6
202100032684,2021-06-23 07:05:00,2021,6,23,7,5,13,13212,CHARLES KADDOUZ (RUE),43.3142150981,5.4323767406,Plein jour,En agglomération,Hors intersection,Normale,Deux véhicules - côté,4,2,2,1,1,1,1,0,5,30,,2,1,0,0,1,19.0,56.0,,,1,2,1,1,3
202100032685,2021-06-22 21:48:00,2021,6,22,21,48,13,13210,CAPELETTE (AVENUE DE LA),43.27987,5.40987,Nuit avec éclairage allumé,En agglomération,Hors intersection,Normale,Deux véhicules - côté,4,2,2,0,1,1,1,0,1,50,,2,0,0,2,0,31.0,28.0,,,5,2,1,1,3
202100032686,2021-06-23 01:00:00,2021,6,23,1,0,13,13208,RABATAU (BOULEVARD),43.27653,5.39767,Nuit avec éclairage allumé,En agglomération,Hors intersection,Normale,Deux véhicules - frontale,7,2,2,0,1,1,1,0,1,50,,1,0,0,1,0,44.0,,,,5,2,1,1,1
202100032687,2021-06-22 08:30:00,2021,6,22,8,30,13,13210,ROMAIN ROLLAND (BOULEVARD),43.2763695361,5.4181147376,Plein jour,En agglomération,Hors intersection,Normale,Deux véhicules - côté,4,2,2,0,1,1,1,0,1,50,,2,1,0,1,0,24.0,26.0,,,1,2,1,1,3
202100032688,2021-06-23 11:25:00,2021,6,23,11,25,06,06069,MISTRAL (AVENUE ET PLACE FREDERIC),43.65026,6.92241,Plein jour,En agglomération,Hors intersection,Normale,Deux véhicules - arrière,4,1,1,0,2,3,1,0,1,30,,3,2,0,0,1,66.0,41.0,,,1,2,1,1,2
202100032689,2021-06-22 10:15:00,2021,6,22,10,15,05,05061,BOUTONS D'OR ( RUE DES ),44.54619,6.06158,Plein jour,En agglomération,Hors intersection,Normale,Sans collision,4,-1,2,0,2,1,9,0,1,50,,1,0,0,0,1,21.0,,,,1,2,1,1,7
202100032690,2021-06-23 12:50:00,2021,6,23,12,50,01,01053,MAGINOT ( AVENUE) COTE PAIR,46.2087968529,5.2275583148,Plein jour,En agglomération,Intersection en X,Normale,Autre collision,4,2,2,0,1,1,1,0,1,30,,2,1,0,1,0,34.0,,,,1,2,2,1,6
202100032691,2021-06-23 16:50:00,2021,6,23,16,50,75,75116,BOULEVARD PERIPHERIQUE,48.8635,2.265922,Plein jour,En agglomération,Hors intersection,Normale,Deux véhicules - côté,4,1,4,0,1,1,1,0,1,70,,3,1,0,1,1,36.0,28.0,,,1,2,1,1,3
202100032692,2021-06-23 11:00:00,2021,6,23,11,0,75,75118,PORTE DE SAINT OUEN,48.900847,2.334437,Plein jour,En agglomération,Hors intersection,Temps couvert,Deux véhicules - côté,4,1,4,0,1,1,1,0,1,70,,2,1,0,0,1,23.0,42.0,,,1,2,1,8,3
202100032693,2021-06-23 07:20:00,2021,6,23,7,20,75,75113,BOULEVARD PERIPHERIQUE,48.825357,2.385388,Plein jour,En agglomération,Hors intersection,Temps couvert,Deux véhicules - côté,4,1,4,0,1,1,1,0,1,70,,2,1,0,0,1,,48.0,,,1,2,1,8,3
202100032694,2021-06-20 18:00:00,2021,6,20,18,0,75,75119,PORTE DES LILAS,48.880749,2.405164,Plein jour,En agglomération,Intersection en Y,Normale,Trois véhicules et plus - en chaîne,4,1,4,0,2,2,1,0,1,70,,4,3,0,0,1,46.0,39.0,,,1,2,4,1,4
202100032695,2021-06-23 22:25:00,2021,6,23,22,25,75,75120,AVENUE IBSEN,48.866024,2.412184,Nuit avec éclairage allumé,En agglomération,Hors intersection,Temps couvert,Deux véhicules - arrière,4,1,4,1,1,1,1,0,1,50,,2,1,0,0,1,52.0,16.0,,,5,2,1,8,2
202100032696,2021-06-23 20:30:00,2021,6,23,20,30,75,75120,RUE VILLIERS DE L ISLE ADAM,48.866058,2.394718,Crépuscule ou aube,En agglomération,Hors intersection,Normale,Autre collision,4,2,2,0,2,1,1,0,4,30,,2,1,0,0,1,,,,,2,2,1,1,6
202100032697,2021-06-23 14:58:00,2021,6,23,14,58,75,75120,RUE HARPIGNIES,48.858829,2.411527,Plein jour,En agglomération,Intersection en T,Normale,Deux véhicules - côté,4,2,2,0,1,1,1,0,1,30,,2,1,0,0,1,34.0,32.0,,,1,2,3,1,3
202100032698,2021-06-23 12:56:00,2021,6,23,12,56,75,75118,RUE GERMAIN PILON,48.882862,2.336183,Plein jour,En agglomération,Intersection en T,Temps couvert,Deux véhicules - arrière,4,1,1,0,2,1,1,0,1,50,,2,1,0,0,1,25.0,29.0,,,1,2,3,8,2
202100032699,2021-06-22 18:40:00,2021,6,22,18,40,75,75116,RUE RAYNOUARD,48.856789,2.282472,Plein jour,En agglomération,Intersection en T,Normale,Deux véhicules - arrière,4,1,1,0,1,1,1,0,1,50,,2,1,0,0,1,20.0,44.0,,,1,2,3,1,2
202100032700,2021-06-23 20:45:00,2021,6,23,20,45,75,75115,RUE DE L ABBE GROULT,48.83718,2.300139,Plein jour,En agglomération,Intersection en X,Normale,Deux véhicules - côté,4,2,2,0,1,1,1,0,1,30,,2,1,0,0,1,20.0,49.0,,,1,2,2,1,3
202100032701,2021-06-22 09:35:00,2021,6,22,9,35,75,75115,RUE DE VAUGIRARD,48.832712,2.288391,Plein jour,En agglomération,Intersection en X,Normale,Deux véhicules - côté,4,1,2,3,1,1,1,0,1,50,,2,1,0,0,1,25.0,37.0,,,1,2,2,1,3
202100032702,2021-06-22 23:09:00,2021,6,22,23,9,75,75113,AVENUE DE LA PORTE D ITALIE,48.819161,2.359433,Nuit avec éclairage allumé,En agglomération,Intersection en X,Normale,Deux véhicules - côté,4,1,4,0,1,1,1,5,1,50,,3,2,0,0,1,18.0,33.0,,,5,2,2,1,3
202100032703,2021-06-22 10:50:00,2021,6,22,10,50,75,75113,RUE BRILLAT SAVARIN,48.822181,2.348692,Plein jour,En agglomération,Hors intersection,Normale,Deux véhicules - arrière,4,2,2,0,1,1,1,0,1,50,,2,1,0,0,1,24.0,64.0,,,1,2,1,1,2
202100032704,2021-06-23 06:25:00,2021,6,23,6,25,75,75112,BOULEVARD DIDEROT,48.84734,2.386792,Crépuscule ou aube,En agglomération,Intersection en X,Normale,Deux véhicules - côté,4,2,4,0,1,1,1,0,1,50,,2,1,0,0,1,39.0,41.0,,,2,2,2,1,3
202100032705,2021-06-23 10:05:00,2021,6,23,10,5,75,75110,RUE DU CHATEAU D EAU,48.870796,2.358989,Plein jour,En agglomération,Hors intersection,Normale,Sans collision,4,2,2,0,1,1,1,0,1,30,,1,0,0,0,1,24.0,,,,1,2,1,1,7
202100032706,2021-06-23 08:25:00,2021,6,23,8,25,75,75110,RUE DU FAUBOURG SAINT MARTIN,48.880396,2.364305,Plein jour,En agglomération,Intersection en T,Pluie légère,Deux véhicules - côté,4,2,2,0,1,1,2,0,1,50,,2,0,0,0,2,28.0,20.0,,,1,2,3,2,3
202100032707,2021-06-23 17:45:00,2021,6,23,17,45,75,75101,RUE DE RIVOLI,48.859476,2.345183,Plein jour,En agglomération,Intersection en T,Temps couvert,Autre collision,4,2,4,1,1,1,1,0,5,30,,1,0,0,0,1,45.0,,,,1,2,3,8,6
202100032708,2021-06-23 17:25:00,2021,6,23,17,25,94,94067,Avenue des Minimes,48.8416914707,2.4260687828,Plein jour,En agglomération,Hors intersection,Normale,Deux véhicules - côté,3,2,2,0,1,1,1,9,1,50,,2,1,0,0,1,56.0,27.0,,,1,2,1,1,3