accident_id,datetime,annee,mois,jour,heure,minute,departement,commune_insee,adresse,latitude,longitude,luminosite,agglomeration,intersection,meteo,collision,catr,circ,nbv,vosp,prof,plan,surf,infra,situ,vma,nb_vehicules,nb_usagers,nb_indemnes,nb_tues,nb_blesses_hosp,nb_blesses_legers,age_cond_1,age_cond_2,veh_type_cond_1,veh_type_cond_2,lum_code,agg_code,int_code,atm_code,col_code
202100032709,2021-06-23 14:10:00,2021,6,23,14,10,94,94078,PARIS (R DE),48.73566,2.44683,Plein jour,En agglomération,Hors intersection,Normale,Deux véhicules - frontale,2,1,4,0,1,1,1,0,1,50,,2,1,0,0,1,30.0,45.0,,,1,2,1,1,1
202100032710,2021-06-23 18:30:00,2021,6,23,18,30,94,94076,STALINGRAD (AV DE),48.784353,2.366969,Plein jour,En agglomération,Autre intersection,Temps couvert,Deux véhicules - côté,3,1,3,1,1,1,1,0,1,50,,2,1,0,0,1,52.0,39.0,,,1,2,9,8,3
202100032711,2021-06-23 20:40:00,2021,6,23,20,40,94,94034,Rue Emile Zola,48.764001,2.327794,Plein jour,En agglomération,Hors intersection,Normale,Autre collision,4,1,1,0,1,1,1,0,1,50,,1,0,0,0,1,63.0,,,,1,2,1,1,6
202100032712,2021-06-23 20:30:00,2021,6,23,20,30,94,94033,PABLO PICASSO (AV),48.8562,2.486,Plein jour,En agglomération,Hors intersection,Normale,Autre collision,4,2,2,0,1,1,1,0,1,50,,2,1,0,0,1,73.0,,,,1,2,1,1,6
202100032713,2021-06-20 20:30:00,2021,6,20,20,30,94,94028,Route de Choisy,48.780803,2.444843,Plein jour,En agglomération,Hors intersection,Pluie forte,Deux véhicules - arrière,3,1,2,3,1,1,2,0,1,50,,3,2,0,0,1,40.0,48.0,,,1,2,1,3,2
202100032714,2021-06-22 18:50:00,2021,6,22,18,50,94,94079,Route de Bry,48.83164,2.53395,Plein jour,En agglomération,Hors intersection,Normale,Deux véhicules - arrière,3,2,2,0,1,1,1,0,1,50,,2,1,0,0,1,36.0,33.0,,,1,2,1,1,2
202100032715,2021-06-23 18:05:00,2021,6,23,18,5,94,94018,PARIS (R DE),48.81666,2.41667,Plein jour,En agglomération,Hors intersection,Normale,Deux véhicules - côté,3,1,1,0,1,1,1,0,1,50,,1,0,0,0,1,47.0,,,,1,2,1,1,3
202100032716,2021-06-23 16:50:00,2021,6,23,16,50,93,93064,KENNEDY (AVENUE DU PRESIDENT),48.88098,2.49476,Plein jour,En agglomération,Hors intersection,Temps couvert,Autre collision,3,2,3,0,1,1,1,0,1,50,,2,1,0,1,0,50.0,,,,1,2,1,8,6
202100032717,2021-06-23 19:00:00,2021,6,23,19,0,93,93062,Avenue de la Résistance / Allée Gabriel,48.89765,2.51597,Plein jour,En agglomération,Intersection en T,Normale,Deux véhicules - côté,3,2,2,0,1,1,1,0,8,50,,3,2,0,0,1,23.0,32.0,,,1,2,3,1,3
202100032718,2021-06-23 10:55:00,2021,6,23,10,55,93,93027,PASTEUR (BOULEVARD) DE 1 A 39,48.9209878155,2.3831098527,Plein jour,En agglomération,Intersection en X,Normale,Deux véhicules - côté,3,2,1,0,1,1,1,0,1,50,,2,1,0,0,1,37.0,41.0,,,1,2,2,1,3
202100032719,2021-06-23 09:30:00,2021,6,23,9,30,93,93005,POMEREU (AVENUE DE),48.92544,2.49331,Plein jour,En agglomération,Intersection en X,Temps couvert,Deux véhicules - côté,4,2,0,0,1,1,1,0,1,50,,2,1,0,0,1,56.0,44.0,,,1,2,2,8,3
202100032720,2021-06-22 23:00:00,2021,6,22,23,0,93,93027,MERMOZ (AVENUE JEAN),48.932066,2.399415,Nuit avec éclairage allumé,En agglomération,Autre intersection,Normale,Deux véhicules - frontale,3,1,4,3,1,1,1,9,1,50,,1,0,0,0,1,24.0,,,,5,2,9,1,1
202100032721,2021-06-16 02:30:00,2021,6,16,2,30,92,92075,JEAN BAPTISTE POTIN (RUE),48.8173957025,2.2769010812,Nuit avec éclairage allumé,En agglomération,Hors intersection,Normale,Autre collision,3,1,1,0,2,1,1,0,1,30,,1,0,0,0,1,30.0,,,,5,2,1,1,6
202100032722,2021-06-23 17:50:00,2021,6,23,17,50,92,92050,REPUBLIQUE AVENUE DE LA,48.9051551468,2.2094616294,Plein jour,En agglomération,Intersection en X,Normale,Deux véhicules - côté,3,1,2,0,1,1,1,0,1,50,,2,1,0,0,1,52.0,20.0,,,1,2,2,1,3
202100032723,2021-06-23 06:45:00,2021,6,23,6,45,92,92050,FRANCE ANATOLE RUE,48.9035933811,2.2052331269,Crépuscule ou aube,En agglomération,Intersection en X,Temps couvert,Deux véhicules - arrière,3,1,2,0,1,1,1,0,1,50,,3,2,0,0,1,30.0,36.0,,,2,2,2,8,2
202100032724,2021-06-23 19:30:00,2021,6,23,19,30,92,92044,JEAN JAURES(RUE) 1A55 ET 2A54,48.8930492497,2.2943047943,Plein jour,En agglomération,Autre intersection,Normale,Autre collision,4,1,1,0,1,1,1,0,1,50,,3,1,0,0,2,30.0,,,,1,2,9,1,6
202100032725,2021-06-16 10:45:00,2021,6,16,10,45,92,92040,STALINGRAD (QUAI DE),48.82505,2.25768,Plein jour,En agglomération,Hors intersection,Normale,Autre collision,3,-1,2,0,1,1,1,0,4,50,,1,0,0,1,0,54.0,,,,1,2,1,1,6
202100032726,2021-06-23 18:21:00,2021,6,23,18,21,92,92024,HENRI BARBUSSE (RUE) DE (73 A 139),48.90284,2.31228,Plein jour,En agglomération,Intersection en T,Normale,Deux véhicules - côté,4,2,2,0,1,1,1,0,1,30,,2,1,0,0,1,24.0,50.0,,,1,2,3,1,3
202100032727,2021-06-23 21:20:00,2021,6,23,21,20,92,92012,REINE (ROUTE DE LA) 39/107 BIS,48.8391087785,2.2468355298,Plein jour,En agglomération,Intersection en X,Normale,Deux véhicules - côté,3,3,2,1,1,1,1,0,1,50,,2,1,0,0,1,32.0,38.0,,,1,2,2,1,3
202100032728,2021-06-23 15:40:00,2021,6,23,15,40,92,92002,LEON JOUHAUX (AVENUE),48.734399,2.311534,Plein jour,En agglomération,Hors intersection,Normale,Deux véhicules - frontale,3,2,2,0,1,1,1,2,1,50,,2,1,0,0,1,39.0,26.0,,,1,2,1,1,1
202100032729,2021-06-24 06:30:00,2021,6,24,6,30,974,97415,D100,-21.07506,55.230235,Nuit sans éclairage public,Hors agglomération,Hors intersection,Normale,Sans collision,3,2,2,0,2,4,1,0,1,80,,2,1,0,1,0,,46.0,,,3,1,1,1,7
202100032730,2021-06-24 01:25:00,2021,6,24,1,25,38,38324,"Route de champier, D51",45.396559,5.05163,Nuit sans éclairage public,Hors agglomération,Hors intersection,Temps couvert,Autre collision,3,2,2,0,1,1,2,0,3,80,,1,0,0,1,0,33.0,,,,3,1,1,8,6
202100032731,2021-06-20 17:20:00,2021,6,20,17,20,63,63311,D12,46.041266,3.131458,Plein jour,Hors agglomération,Hors intersection,Pluie légère,Sans collision,3,2,2,0,1,1,2,0,1,80,,2,1,0,1,0,18.0,,,,1,1,1,2,7
202100032732,2021-06-23 02:30:00,2021,6,23,2,30,63,63311,D12,46.039459,3.139869,Nuit sans éclairage public,Hors agglomération,Hors intersection,Normale,Autre collision,3,2,2,0,1,1,1,0,3,80,,1,0,0,0,1,33.0,,,,3,1,1,1,6
202100032733,2021-06-23 06:45:00,2021,6,23,6,45,28,28006,D923,48.436348,1.419296,Crépuscule ou aube,Hors agglomération,Hors intersection,Temps couvert,Deux véhicules - frontale,3,2,2,0,1,1,1,0,1,80,,2,1,0,0,1,23.0,51.0,,,2,1,1,8,1
202100032734,2021-06-23 17:25:00,2021,6,23,17,25,01,01322,Montee des Balmes,45.940676,4.809619,Plein jour,Hors agglomération,Hors intersection,Normale,Autre collision,3,2,2,0,2,3,1,0,1,70,,1,0,0,1,0,34.0,,,,1,1,1,1,6
202100032735,2021-06-24 15:15:00,2021,6,24,15,15,21,21087,autoroute A6,47.12049,4.703693,Plein jour,Hors agglomération,Hors intersection,Normale,Deux véhicules - frontale,1,3,4,0,2,1,1,8,1,90,,3,2,0,1,0,77.0,49.0,,,1,1,1,1,1
202100032736,2021-06-24 13:25:00,2021,6,24,13,25,22,22190,RN 176 - PR : 06+200,48.516178,-2.038865,Plein jour,Hors agglomération,Hors intersection,Normale,Deux véhicules - arrière,2,3,4,0,2,1,1,0,1,110,,3,2,0,1,0,25.0,63.0,,,1,1,1,1,2
202100032737,2021-06-24 18:40:00,2021,6,24,18,40,974,97410,Chemin Departemental 53 Olympe,-21.041619,55.662929,Crépuscule ou aube,En agglomération,Hors intersection,Normale,Deux véhicules - côté,3,2,2,0,2,1,1,0,1,50,,2,0,0,1,1,56.0,23.0,,,2,2,1,1,3
202100032738,2021-06-24 01:15:00,2021,6,24,1,15,57,57096,RD59,49.385419,5.946833,Nuit sans éclairage public,Hors agglomération,Hors intersection,Normale,Sans collision,3,2,2,0,1,1,1,0,1,80,,2,0,0,1,1,21.0,,,,3,1,1,1,7
202100032739,2021-06-23 18:45:00,2021,6,23,18,45,19,19126,RD 15 PK 18 400 CROISSANT,45.0484058838,1.7437955885,Plein jour,Hors agglomération,Hors intersection,Normale,Deux véhicules - frontale,3,2,2,0,1,3,1,0,1,90,,2,1,0,1,0,54.0,34.0,,,1,1,1,1,1
202100032740,2021-06-23 13:40:00,2021,6,23,13,40,56,56160,D764,47.97938,-2.686479,Plein jour,Hors agglomération,Intersection en X,Normale,Trois véhicules et plus - en chaîne,3,2,2,0,1,1,1,0,1,80,,3,1,0,0,2,23.0,30.0,,,1,1,2,1,4
202100032741,2021-06-22 10:20:00,2021,6,22,10,20,56,56233,Rue de l'Océan D28,47.585673,-3.016005,Plein jour,Hors agglomération,Hors intersection,Normale,Autre collision,3,2,2,0,1,2,1,0,3,80,,1,0,0,1,0,33.0,,,,1,1,1,1,6
202100032742,2021-06-23 17:15:00,2021,6,23,17,15,79,79003,Le Portail Rouge,46.287054,-0.453186,Plein jour,Hors agglomération,Hors intersection,Normale,Trois véhicules et plus - collisions multiples,3,2,2,0,1,2,1,0,1,70,,3,1,0,1,1,27.0,32.0,,,1,1,1,1,5
202100032743,2021-06-24 20:00:00,2021,6,24,20,0,2B,2B046,Porticciolo,42.867342,9.480981,Crépuscule ou aube,Hors agglomération,Hors intersection,Normale,Deux véhicules - frontale,3,2,2,0,1,3,1,0,3,80,,1,0,0,1,0,45.0,,,,2,1,1,1,1
202100032744,2021-06-24 00:00:00,2021,6,24,0,0,69,69085,ANCIENNE EGLISE (DE L') (R),45.857477,4.845475,Nuit avec éclairage allumé,En agglomération,Intersection en T,Normale,Sans collision,4,2,2,0,2,1,2,0,1,50,,5,3,0,0,2,18.0,,,,5,2,3,1,7
202100032745,2021-06-19 21:05:00,2021,6,19,21,5,32,32027,Boulevard du Midi,43.701784,-0.236861,Crépuscule ou aube,En agglomération,Intersection en T,Normale,Autre collision,3,2,2,0,1,3,1,0,1,50,,1,0,0,1,0,39.0,,,,2,2,3,1,6
202100032746,2021-06-23 11:20:00,2021,6,23,11,20,32,32233,R Notre Dame,43.525244,0.164594,Plein jour,En agglomération,Intersection en X,Pluie légère,Deux véhicules - côté,3,2,2,0,1,1,2,0,1,50,,2,1,0,0,1,55.0,56.0,,,1,2,2,2,3
202100032747,2021-06-23 10:30:00,2021,6,23,10,30,63,63066,La Gare de Celles,45.867208,3.642831,Plein jour,Hors agglomération,Hors intersection,Normale,Deux véhicules - frontale,3,2,2,0,1,1,1,0,1,50,,2,1,0,1,0,73.0,73.0,,,1,1,1,1,1
202100032748,2021-06-23 15:50:00,2021,6,23,15,50,63,63430,73 Avenue Léo Lagrange,45.8468151929,3.527631551,Plein jour,En agglomération,Hors intersection,Pluie forte,Trois véhicules et plus - collisions multiples,3,3,2,0,1,1,2,0,1,50,,3,2,0,1,0,51.0,42.0,,,1,2,1,3,5
202100032749,2021-06-23 11:00:00,2021,6,23,11,0,63,63229,Vassel (route de),45.777162,3.350422,Plein jour,Hors agglomération,Intersection en X,Normale,Deux véhicules - côté,3,2,2,0,1,1,1,0,1,80,,2,1,0,1,0,55.0,24.0,,,1,1,2,1,3
202100032750,2021-06-15 14:05:00,2021,6,15,14,5,61,61328,Lieu Dit la Hameliniere,48.743881,0.120485,Plein jour,Hors agglomération,Hors intersection,Normale,Sans collision,4,2,2,0,1,1,1,0,1,90,,1,0,0,1,0,77.0,,,,1,1,1,1,7
202100032751,2021-06-22 13:30:00,2021,6,22,13,30,42,42153,N7,45.966126,4.164564,Plein jour,Hors agglomération,Hors intersection,Normale,Sans collision,2,3,2,0,1,2,1,0,1,80,,1,0,0,1,0,32.0,,,,1,1,1,1,7
202100032752,2021-06-21 09:50:00,2021,6,21,9,50,46,46145,Route de Brive,44.902678,1.477734,Plein jour,Hors agglomération,Hors intersection,Pluie légère,Deux véhicules - côté,3,2,2,0,2,3,2,0,1,80,,2,1,0,1,0,54.0,22.0,,,1,1,1,2,3
202100032753,2021-06-20 14:55:00,2021,6,20,14,55,41,41161,Rue de la Grande Sologne,47.53525,2.043341,Plein jour,En agglomération,Hors intersection,Normale,Autre collision,3,2,2,0,1,1,1,0,1,50,,1,0,0,0,1,86.0,,,,1,2,1,1,6
202100032754,2021-06-23 09:34:00,2021,6,23,9,34,29,29246,Lieu-Dit Kerivoal,48.368692,-4.158205,Plein jour,Hors agglomération,Hors intersection,Normale,Autre collision,4,2,2,0,1,1,1,0,3,80,,2,1,0,1,0,75.0,,,,1,1,1,1,6
202100032755,2021-06-22 17:00:00,2021,6,22,17,0,22,22271,Pen Lan,48.480176,-3.13252,Plein jour,Hors agglomération,Intersection en X,Pluie légère,Deux véhicules - côté,3,-1,2,0,1,1,2,5,1,80,,2,1,0,1,0,69.0,39.0,,,1,1,2,2,3
202100032756,2021-06-23 10:00:00,2021,6,23,10,0,25,25015,plaine d'AMANCEY,47.035663,6.07501,Plein jour,Hors agglomération,Hors intersection,Normale,Deux véhicules - arrière,3,2,2,0,1,1,1,0,1,80,,2,1,0,1,0,27.0,68.0,,,1,1,1,1,2
202100032757,2021-06-23 16:50:00,2021,6,23,16,50,38,38269,Avenue Chion Ducollet,44.904332,5.786844,Plein jour,En agglomération,Hors intersection,Pluie légère,Autre collision,4,2,2,0,1,1,2,0,8,50,,2,1,0,1,0,43.0,,,,1,2,1,2,6
202100032758,2021-06-23 08:50:00,2021,6,23,8,50,58,58300,145 Rue du Champ de la Croix,47.081177,3.199317,Plein jour,En agglomération,Hors intersection,Normale,Autre collision,4,2,2,0,1,1,1,0,4,50,,1,0,0,1,0,66.0,,,,1,2,1,1,6
202100032759,2021-06-23 12:45:00,2021,6,23,12,45,72,72248,Chemin de Saint-Mars-d'Outillé,47.84637,0.400642,Plein jour,Hors agglomération,Hors intersection,Normale,Autre collision,4,2,1,0,1,1,1,0,8,90,,1,0,0,1,0,23.0,,,,1,1,1,1,6
202100032760,2021-06-24 10:15:00,2021,6,24,10,15,06,06136,"d83  pk 2,7",43.888259,7.490664,Plein jour,Hors agglomération,Hors intersection,Normale,Deux véhicules - côté,3,2,2,0,2,3,1,0,1,80,,2,1,1,0,0,54.0,49.0,,,1,1,1,1,3
202100032761,2021-06-24 06:00:00,2021,6,24,6,0,14,14654,D16,49.029976,-0.025529,Plein jour,Hors agglomération,Intersection en X,Normale,Deux véhicules - côté,3,2,2,0,1,1,1,0,1,90,,2,1,0,0,1,53.0,61.0,,,1,1,2,1,3
202100032762,2021-06-23 13:00:00,2021,6,23,13,0,14,14303,D613,49.144601,0.302049,Plein jour,Hors agglomération,Hors intersection,Normale,Deux véhicules - côté,3,2,2,0,1,1,1,0,1,90,,2,1,0,1,0,15.0,41.0,,,1,1,1,1,3
202100032763,2021-06-24 14:00:00,2021,6,24,14,0,14,14085,D534,49.27284,0.34464,Plein jour,Hors agglomération,Hors intersection,Normale,Autre collision,3,2,2,0,1,1,1,0,1,70,,1,0,1,0,0,30.0,,,,1,1,1,1,6
202100032764,2021-06-23 18:45:00,2021,6,23,18,45,83,83149,D557,43.556378,6.301732,Plein jour,Hors agglomération,Hors intersection,Normale,Autre collision,3,2,2,0,1,1,1,0,3,80,,1,0,0,1,0,51.0,,,,1,1,1,1,6
202100032765,2021-06-23 12:10:00,2021,6,23,12,10,16,16276,Lieu-Dit Chardavoine,45.424984,-0.208011,Plein jour,Hors agglomération,Hors intersection,Normale,Deux véhicules - frontale,4,2,2,0,2,1,1,0,1,80,,2,1,0,1,0,54.0,25.0,,,1,1,1,1,1
202100032766,2021-06-23 18:45:00,2021,6,23,18,45,04,04031,RD 907,43.92445,6.127131,Plein jour,En agglomération,Hors intersection,Normale,Deux véhicules - côté,3,2,2,0,1,1,1,0,1,50,,2,1,0,0,1,25.0,23.0,,,1,2,1,1,3
202100032767,2021-06-23 07:30:00,2021,6,23,7,30,85,85133,Champ de la Roche,46.37081,-0.73098,Plein jour,Hors agglomération,Intersection en X,Normale,Deux véhicules - côté,3,2,2,0,1,1,1,0,1,80,,2,1,0,1,0,28.0,24.0,,,1,1,2,1,3
202100032768,2021-06-19 19:30:00,2021,6,19,19,30,28,28348,Rue Cupidon,48.7663,1.196445,Plein jour,En agglomération,Hors intersection,Normale,Sans collision,3,1,2,0,1,1,1,0,1,50,,1,0,0,1,0,46.0,,,,1,2,1,1,7
202100032769,2021-06-23 16:50:00,2021,6,23,16,50,72,72290,"pk 125+900, A28",48.165495,0.142468,Plein jour,Hors agglomération,Hors intersection,Normale,Sans collision,1,3,4,0,2,2,1,0,3,130,,1,0,1,0,0,55.0,,,,1,1,1,1,7
202100032770,2021-06-23 15:30:00,2021,6,23,15,30,02,02498,A26,49.551822,3.83601,Plein jour,Hors agglomération,Hors intersection,Normale,Deux véhicules - arrière,1,-1,4,0,1,1,1,0,1,130,,2,1,0,0,1,35.0,50.0,,,1,1,1,1,2
202100032771,2021-06-22 17:40:00,2021,6,22,17,40,13,13051,D10,43.547117,5.160656,Plein jour,Hors agglomération,Hors intersection,Normale,Deux véhicules - arrière,7,2,2,0,1,1,1,0,1,80,,3,2,0,0,1,34.0,17.0,,,1,1,1,1,2
202100032772,2021-06-22 10:00:00,2021,6,22,10,0,01,01067,A40 PK129.300 sens Mâcon/Genève,46.125998,5.499984,Plein jour,Hors agglomération,Hors intersection,Normale,Autre collision,1,3,2,3,1,1,1,0,3,110,,3,0,0,0,3,32.0,,,,1,1,1,1,6
202100032773,2021-06-23 10:00:00,2021,6,23,10,0,973,97309,Route de Remire (rd2),4.8995670702,-52.2737738212,Plein jour,En agglomération,Hors intersection,Pluie légère,Deux véhicules - frontale,3,2,2,3,1,1,2,0,1,50,,3,2,0,0,1,69.0,58.0,,,1,2,1,2,1
202100032774,2021-06-24 08:00:00,2021,6,24,8,0,13,13001,autoroute A8,43.511833,5.444283,Plein jour,Hors agglomération,Hors intersection,Normale,Deux véhicules - arrière,1,3,3,0,1,1,1,0,1,90,,2,1,0,1,0,52.0,59.0,,,1,1,1,1,2
202100032775,2021-06-23 16:53:00,2021,6,23,16,53,13,13031,autoroute a52 pk 15 sens aix/aubagne,43.375046,5.608585,Plein jour,Hors agglomération,Autre intersection,Normale,Autre collision,1,1,4,0,2,2,1,0,8,130,,3,2,1,0,0,49.0,56.0,,,1,1,9,1,6
202100032776,2021-06-24 08:50:00,2021,6,24,8,50,36,36202,,46.804503,1.616321,Plein jour,Hors agglomération,Hors intersection,Normale,Trois véhicules et plus - en chaîne,1,3,4,3,1,1,1,0,2,130,,5,1,0,0,4,62.0,52.0,,,1,1,1,1,4
202100032777,2021-06-24 12:43:00,2021,6,24,12,43,977,97701,RT212 à l'oeuf,17.907774,-62.846882,Plein jour,Hors agglomération,Hors intersection,Normale,Deux véhicules - côté,3,2,1,0,3,2,1,0,1,50,,2,1,0,1,0,24.0,47.0,,,1,1,1,1,3
202100032778,2021-06-24 14:00:00,2021,6,24,14,0,78,78321,4 Rue Saint-Frédéric,48.80279,1.900785,Plein jour,En agglomération,Hors intersection,Normale,Autre collision,4,1,2,0,1,1,1,0,1,50,,2,1,0,0,1,74.0,,,,1,2,1,1,6
202100032779,2021-06-19 16:40:00,2021,6,19,16,40,78,78420,Chemin du Bois Renoult,48.774003,1.80297,Plein jour,En agglomération,Hors intersection,Normale,Sans collision,4,1,1,0,2,1,1,0,1,50,,1,0,0,1,0,72.0,,,,1,2,1,1,7
202100032780,2021-06-24 18:30:00,2021,6,24,18,30,34,34135,CD14,43.290576,3.181894,Plein jour,Hors agglomération,Hors intersection,Normale,Deux véhicules - frontale,3,2,2,0,1,1,1,0,1,80,,3,0,0,3,0,50.0,72.0,,,1,1,1,1,1
202100032781,2021-06-24 10:30:00,2021,6,24,10,30,05,05070,place de la fontaine,44.314059,5.822617,Plein jour,En agglomération,Place,Normale,Autre collision,3,2,2,0,1,1,1,0,1,50,,2,1,0,0,1,80.0,,,,1,2,7,1,6
202100032782,2021-06-23 18:50:00,2021,6,23,18,50,05,05118,RD 942,44.2688175931,5.8198678493,Plein jour,Hors agglomération,Hors intersection,Normale,Autre collision,3,2,2,0,1,4,1,0,8,90,,1,0,0,1,0,44.0,,,,1,1,1,1,6
202100032783,2021-06-22 19:10:00,2021,6,22,19,10,13,13110,CD 6,43.45742,5.657401,Plein jour,Hors agglomération,Hors intersection,Normale,Deux véhicules - frontale,7,2,2,1,1,1,1,0,1,80,,2,0,0,1,1,72.0,52.0,,,1,1,1,1,1
202100032784,2021-06-22 17:05:00,2021,6,22,17,5,13,13079,Logis de la Colle,43.49088,5.655856,Plein jour,Hors agglomération,Autre intersection,Normale,Deux véhicules - côté,7,2,2,0,3,1,1,0,1,80,,2,1,0,1,0,22.0,70.0,,,1,1,9,1,3
202100032785,2021-06-24 12:00:00,2021,6,24,12,0,89,89257,Avenue du Port,47.961739,3.504563,Plein jour,En agglomération,Giratoire,Normale,Deux véhicules - côté,3,1,2,0,1,2,1,0,1,50,,2,1,0,0,1,61.0,41.0,,,1,2,6,1,3
202100032786,2021-06-24 10:25:00,2021,6,24,10,25,88,88270,D674,48.31761,5.584244,Plein jour,En agglomération,Intersection en X,Pluie forte,Deux véhicules - côté,3,2,2,0,1,1,2,0,1,50,,4,2,0,0,2,36.0,45.0,,,1,2,2,3,3
202100032787,2021-06-20 13:00:00,2021,6,20,13,0,73,73088,D1212,45.7784841691,6.4863318802,Plein jour,Hors agglomération,Hors intersection,Normale,Autre collision,3,2,2,0,1,3,9,1,1,80,,2,1,0,0,1,28.0,30.0,,,1,1,1,1,6
202100032788,2021-06-23 17:20:00,2021,6,23,17,20,38,38057,Rue de la Maritelle,45.142079,5.741134,Plein jour,En agglomération,Intersection en Y,Normale,Deux véhicules - côté,7,2,2,0,2,1,1,5,1,30,,2,1,0,1,0,65.0,53.0,,,1,2,4,1,3
202100032789,2021-06-24 04:50:00,2021,6,24,4,50,09,09149,Lacourt,42.937975,1.175891,Nuit sans éclairage public,Hors agglomération,Hors intersection,Normale,Deux véhicules - frontale,3,2,2,0,1,1,2,0,1,80,,4,1,0,1,2,37.0,31.0,,,3,1,1,1,1
202100032790,2021-06-20 09:30:00,2021,6,20,9,30,31,31291,Allée de Castelnouvel,43.599375,1.25467,Plein jour,En agglomération,Hors intersection,Pluie légère,Sans collision,4,2,2,0,1,1,2,0,8,30,,1,0,1,0,0,57.0,,,,1,2,1,2,7
202100032791,2021-06-23 16:35:00,2021,6,23,16,35,64,64430,rond point du portugal,43.477446,-0.761922,Plein jour,En agglomération,Giratoire,Normale,Deux véhicules - côté,3,2,2,0,1,2,1,5,1,50,,2,1,0,1,0,70.0,76.0,,,1,2,6,1,3
202100032792,2021-06-24 00:15:00,2021,6,24,0,15,60,60138,Route de Compiegne,49.215849,2.596759,Nuit avec éclairage allumé,En agglomération,Intersection en Y,Normale,Autre collision,3,2,2,0,3,3,1,0,4,50,,1,0,0,0,1,24.0,,,,5,2,4,1,6
202100032793,2021-06-21 03:30:00,2021,6,21,3,30,62,62326,D917,50.113833,2.853575,Nuit sans éclairage public,Hors agglomération,Hors intersection,Pluie légère,Deux véhicules - côté,3,2,2,0,1,3,2,0,1,80,,2,1,0,1,0,47.0,42.0,,,3,1,1,2,3
202100032794,2021-06-23 23:45:00,2021,6,23,23,45,59,59268,D947 Rue du grand chemin,50.63137,2.73959,Nuit sans éclairage public,En agglomération,Hors intersection,Normale,Autre collision,3,2,1,0,1,1,1,0,3,70,,2,1,0,1,0,17.0,,,,3,2,1,1,6
202100032795,2021-06-24 18:35:00,2021,6,24,18,35,59,59634,Rue de la Canneweelle,50.716882,2.488639,Plein jour,Hors agglomération,Hors intersection,Normale,Sans collision,3,2,2,0,1,2,1,0,3,80,,1,0,1,0,0,61.0,,,,1,1,1,1,7
202100032796,2021-06-23 20:45:00,2021,6,23,20,45,33,33162,Rocade Nord Ouest -E8-,44.86408,-0.65448,Plein jour,Hors agglomération,Hors intersection,Pluie légère,Deux véhicules - arrière,1,3,4,0,1,1,2,8,1,70,,2,1,0,0,1,41.0,49.0,,,1,1,1,2,2
202100032797,2021-06-23 07:35:00,2021,6,23,7,35,33,33318,ROCADE A 630,44.811722,-0.671599,Plein jour,Hors agglomération,Hors intersection,Normale,Autre collision,1,3,6,0,1,1,1,0,1,90,,3,2,0,0,1,68.0,,,,1,1,1,1,6
202100032798,2021-06-19 20:05:00,2021,6,19,20,5,91,91521,AUTOROUTE A6,48.64279,2.39146,Plein jour,Hors agglomération,Hors intersection,Pluie forte,Trois véhicules et plus - collisions multiples,1,3,3,0,1,1,2,0,1,110,,7,4,0,0,3,53.0,57.0,,,1,1,1,3,5
202100032799,2021-06-20 13:30:00,2021,6,20,13,30,91,91086,RN 104,48.62434,2.39224,Plein jour,Hors agglomération,Hors intersection,Normale,Deux véhicules - côté,2,1,3,0,1,1,1,3,1,110,,2,1,0,0,1,22.0,38.0,,,1,1,1,1,3
202100032800,2021-06-23 05:50:00,2021,6,23,5,50,91,91659,AUTOROUTE A6,48.59161,2.44502,Crépuscule ou aube,Hors agglomération,Hors intersection,Normale,Deux véhicules - arrière,1,3,6,0,1,1,1,0,1,110,,2,1,0,0,1,39.0,29.0,,,2,1,1,1,2
202100032801,2021-06-23 19:00:00,2021,6,23,19,0,78,78640,RN12 INT,48.781472,2.168509,Plein jour,Hors agglomération,Hors intersection,Temps couvert,Autre collision,2,3,4,0,2,1,1,0,1,90,,4,3,0,0,1,41.0,,,,1,1,1,8,6
202100032802,2021-06-23 09:15:00,2021,6,23,9,15,94,94018,A4,48.82546,2.39313,Plein jour,Hors agglomération,Hors intersection,Normale,Deux véhicules - arrière,1,-1,10,0,1,1,1,0,1,90,,2,1,0,0,1,47.0,40.0,,,1,1,1,1,2
202100032803,2021-06-22 02:00:00,2021,6,22,2,0,94,94069,A4,48.81732,2.43921,Nuit avec éclairage non allumé,Hors agglomération,Hors intersection,Normale,Deux véhicules - côté,1,1,2,0,4,1,1,0,1,90,,3,1,0,1,1,40.0,20.0,,,4,1,1,1,3
202100032804,2021-06-20 03:39:00,2021,6,20,3,39,17,17300,NORMANDIN   RUE EMILE,46.14193,-1.13987,Nuit avec éclairage allumé,En agglomération,Giratoire,Normale,Deux véhicules - arrière,4,2,2,0,1,1,1,5,1,50,,2,1,0,0,1,18.0,,,,5,2,6,1,2
202100032805,2021-06-22 01:41:00,2021,6,22,1,41,44,44109,RUE FELIX EBOUE,47.21163,-1.55964,Nuit avec éclairage allumé,En agglomération,Hors intersection,Normale,Autre collision,4,2,2,0,1,1,1,0,1,30,,2,0,0,0,2,23.0,,,,5,2,1,1,6
202100032806,2021-06-21 18:15:00,2021,6,21,18,15,05,05061,BOUTONS D'OR ( RUE DES ),44.54616,6.05693,Plein jour,En agglomération,Hors intersection,Normale,Sans collision,4,2,2,0,1,1,1,0,1,50,,2,1,0,0,1,68.0,,,,1,2,1,1,7