accident_id,datetime,annee,mois,jour,heure,minute,departement,commune_insee,adresse,latitude,longitude,luminosite,agglomeration,intersection,meteo,collision,catr,circ,nbv,vosp,prof,plan,surf,infra,situ,vma,nb_vehicules,nb_usagers,nb_indemnes,nb_tues,nb_blesses_hosp,nb_blesses_legers,age_cond_1,age_cond_2,veh_type_cond_1,veh_type_cond_2,lum_code,agg_code,int_code,atm_code,col_code
202100032807,2021-06-21 23:40:00,2021,6,21,23,40,93,93057,ENCLOS - FLEURY (AL. DE L'),48.9124924297,2.5057227293,Nuit avec éclairage allumé,En agglomération,Intersection en X,Normale,Deux véhicules - côté,4,1,1,0,1,1,1,0,1,50,,2,1,0,0,1,24.0,,,,5,2,2,1,3
202100032808,2021-06-22 17:40:00,2021,6,22,17,40,988,98818,BENEBIG (RUE AUGUSTE),-22.2709,166.45257,Nuit avec éclairage allumé,En agglomération,Hors intersection,Normale,Autre collision,4,2,3,0,1,1,1,0,1,50,,2,1,0,1,0,60.0,,,,5,2,1,1,6
202100032809,2021-06-22 14:15:00,2021,6,22,14,15,988,98818,RUE HENRI DUNANT/RUE MARCEL KOLLEN,-22.29458,166.44226,Plein jour,En agglomération,Intersection en T,Normale,Deux véhicules - côté,4,2,2,0,3,2,1,0,1,50,,2,1,0,0,1,19.0,75.0,,,1,2,3,1,3
202100032810,2021-06-22 07:00:00,2021,6,22,7,0,974,97416,BOEUF(CHEMIN),-21.28843,55.46683,Plein jour,Hors agglomération,Intersection en T,Normale,Deux véhicules - côté,4,2,2,0,1,1,1,0,1,50,,2,1,0,0,1,40.0,61.0,,,1,1,3,1,3
202100032811,2021-06-21 16:50:00,2021,6,21,16,50,974,97416,HUBERT DE LISLE(BOULEVARD),-21.34362,55.46978,Plein jour,En agglomération,Hors intersection,Normale,Deux véhicules - côté,4,1,1,0,1,1,1,0,1,50,,2,1,0,0,1,34.0,,,,1,2,1,1,3
202100032812,2021-06-21 16:07:00,2021,6,21,16,7,974,97411,LECONTE DE LISLE (AVENUE),-20.89555,55.48944,Plein jour,En agglomération,Hors intersection,Normale,Trois véhicules et plus - collisions multiples,4,2,2,0,1,1,1,0,1,30,,4,2,0,1,1,48.0,22.0,,,1,2,1,1,5
202100032813,2021-06-08 18:00:00,2021,6,8,18,0,974,97407,BREST (BOULEVARD),-20.9341,55.29562,Plein jour,En agglomération,Autre intersection,Normale,Sans collision,4,2,2,0,1,1,1,0,1,50,,1,0,0,0,1,27.0,,,,1,2,9,1,7
202100032814,2021-06-22 06:55:00,2021,6,22,6,55,973,97302,MONTABO (ROUTE DE) 2,4.93601,-52.29581,Plein jour,En agglomération,Hors intersection,Normale,Deux véhicules - côté,3,2,2,2,1,1,1,0,1,50,,3,1,0,0,2,58.0,57.0,,,1,2,1,1,3
202100032815,2021-06-22 00:35:00,2021,6,22,0,35,973,97302,TROUBIRAN (CHEMIN DE),4.92702,-52.30347,Nuit sans éclairage public,En agglomération,Hors intersection,Normale,Deux véhicules - arrière,4,2,2,0,2,3,1,0,1,30,,3,2,0,0,1,22.0,,,,3,2,1,1,2
202100032816,2021-06-22 03:40:00,2021,6,22,3,40,972,97209,Bretelle sortie A1,14.61815,-61.03597,Nuit sans éclairage public,Hors agglomération,Intersection à plus de 4 branches,Pluie légère,Autre collision,1,1,1,0,2,1,2,2,1,50,,1,0,0,0,1,64.0,,,,3,1,5,2,6
202100032817,2021-06-20 22:00:00,2021,6,20,22,0,972,97209,AUTOROUTE (A1),14.61794,-61.03833,Nuit sans éclairage public,Hors agglomération,Hors intersection,Normale,Deux véhicules - côté,1,1,4,0,2,1,1,0,8,90,,2,1,0,1,0,29.0,63.0,,,3,1,1,1,3
202100032818,2021-06-22 21:20:00,2021,6,22,21,20,69,69381,SAINT VINCENT (Q),45.76749,4.82897,Crépuscule ou aube,En agglomération,Intersection en T,Pluie légère,Deux véhicules - frontale,4,2,2,2,1,1,2,9,5,50,,2,1,0,0,1,,27.0,,,2,2,3,2,1
202100032819,2021-06-22 10:35:00,2021,6,22,10,35,69,69389,ANTOINE DE ST EXUPERY (BD),45.77288,4.80828,Plein jour,En agglomération,Hors intersection,Normale,Autre collision,4,1,2,0,1,1,1,0,1,50,,2,1,0,0,1,,,,,1,2,1,1,6
202100032820,2021-06-22 18:00:00,2021,6,22,18,0,95,95539,RD 301,48.9912263986,2.3601776361,Plein jour,En agglomération,Hors intersection,Temps couvert,Deux véhicules - arrière,3,2,4,0,1,1,1,0,1,50,,2,1,0,0,1,,33.0,,,1,2,1,8,2
202100032821,2021-06-22 14:15:00,2021,6,22,14,15,95,95280,Rue Ferdinand de Lesseps,49.02103,2.46448,Plein jour,En agglomération,Hors intersection,Pluie forte,Autre collision,4,1,1,0,1,1,2,0,1,50,,2,1,0,0,1,24.0,,,,1,2,1,3,6
202100032822,2021-06-22 14:52:00,2021,6,22,14,52,95,95428,RD 144,48.992515,2.315301,Plein jour,En agglomération,Hors intersection,Pluie forte,Autre collision,3,2,2,0,2,1,2,0,1,50,,2,1,0,1,0,,,,,1,2,1,3,6
202100032823,2021-06-22 10:55:00,2021,6,22,10,55,91,91657,AV DE LA CONCORDE,48.70501,2.42448,Plein jour,En agglomération,Intersection en X,Normale,Deux véhicules - côté,4,2,2,0,1,1,1,0,1,50,,2,1,0,0,1,38.0,34.0,,,1,2,2,1,3
202100032824,2021-06-17 20:25:00,2021,6,17,20,25,89,89024,VAULABELLE (BOULEVARD) N° PAIRS,47.79484,3.57901,Plein jour,En agglomération,Intersection en Y,Normale,Deux véhicules - côté,2,2,2,0,1,2,1,5,1,50,,3,2,0,0,1,23.0,45.0,,,1,2,4,1,3
202100032825,2021-06-22 10:54:00,2021,6,22,10,54,87,87085,DUTREIX (RUE ARMAND),45.83352,1.23074,Plein jour,En agglomération,Hors intersection,Normale,Deux véhicules - côté,4,2,2,0,1,1,1,0,1,50,,2,0,0,0,2,64.0,80.0,,,1,2,1,1,3
202100032826,2021-06-22 09:38:00,2021,6,22,9,38,87,87085,SCHUMAN (BOULEVARD ROBERT),45.87101,1.28173,Plein jour,Hors agglomération,Hors intersection,Normale,Deux véhicules - arrière,4,3,4,0,1,1,1,0,1,70,,2,1,0,0,1,49.0,21.0,,,1,1,1,1,2
202100032827,2021-06-19 17:29:00,2021,6,19,17,29,87,87048,BOS DE MOULIN (RUE DE),45.80537,1.24726,Plein jour,En agglomération,Hors intersection,Normale,Autre collision,4,2,2,0,1,2,1,0,1,50,,2,1,0,1,0,37.0,,,,1,2,1,1,6
202100032828,2021-06-19 19:04:00,2021,6,19,19,4,87,87113,MITTERRAND (AVENUE FRANCOIS),45.87551,1.34671,Plein jour,Hors agglomération,Hors intersection,Pluie légère,Autre collision,3,2,2,0,1,2,2,0,1,80,,3,0,0,0,3,33.0,,,,1,1,1,2,6
202100032829,2021-06-19 18:07:00,2021,6,19,18,7,87,87085,ISLE (RUE D'),45.824707,1.23458,Plein jour,En agglomération,Intersection en T,Pluie légère,Trois véhicules et plus - en chaîne,4,2,2,0,1,1,2,0,1,50,,2,1,0,0,1,57.0,44.0,,,1,2,3,2,4
202100032830,2021-06-20 01:20:00,2021,6,20,1,20,85,85194,VENDEE GLOBE (BOULEVARD DU),46.50067,-1.75844,Nuit avec éclairage non allumé,En agglomération,Hors intersection,Normale,Deux véhicules - frontale,4,3,2,0,1,3,1,0,1,50,,2,1,0,0,1,27.0,28.0,,,4,2,1,1,1
202100032831,2021-06-21 17:50:00,2021,6,21,17,50,83,83137,,43.12735,5.91783,Plein jour,En agglomération,Hors intersection,Normale,Deux véhicules - arrière,4,3,3,0,1,1,1,0,1,50,,2,1,0,0,1,63.0,32.0,,,1,2,1,1,2
202100032832,2021-06-20 12:15:00,2021,6,20,12,15,83,83069,SALINS ( ROUTE DES VIEUX),43.1209867891,6.1859464645,Plein jour,Hors agglomération,Hors intersection,Pluie légère,Trois véhicules et plus - collisions multiples,7,2,2,0,1,1,2,0,1,70,,6,4,0,0,2,75.0,48.0,,,1,1,1,2,5
202100032833,2021-06-19 08:20:00,2021,6,19,8,20,80,80674,ROCADE NORD EST RN 25,49.90583,2.34862,Plein jour,Hors agglomération,Hors intersection,Normale,Deux véhicules - arrière,2,1,2,0,1,1,1,0,1,110,,2,1,0,0,1,34.0,75.0,,,1,1,1,1,2
202100032834,2021-06-19 18:06:00,2021,6,19,18,6,80,80021,ABBEVILLE (RUE D'),49.90665,2.26813,Plein jour,En agglomération,Hors intersection,Normale,Deux véhicules - côté,3,2,3,3,1,1,1,0,1,50,,4,2,0,0,2,47.0,19.0,,,1,2,1,1,3
202100032835,2021-06-17 15:17:00,2021,6,17,15,17,80,80021,SAINT ROCH (RUE),49.89609,2.28625,Plein jour,En agglomération,Intersection en X,Normale,Deux véhicules - côté,4,2,3,0,1,1,1,0,1,50,,2,1,0,0,1,20.0,48.0,,,1,2,2,1,3
202100032836,2021-06-17 13:20:00,2021,6,17,13,20,80,80131,RD 934,49.86265,2.37757,Plein jour,En agglomération,Hors intersection,Normale,Deux véhicules - arrière,3,1,1,0,1,2,1,0,1,50,,2,1,0,0,1,21.0,62.0,,,1,2,1,1,2
202100032837,2021-06-22 16:10:00,2021,6,22,16,10,79,79329,54 Rue Gambetta,46.98242,-0.21043,Plein jour,En agglomération,Hors intersection,Pluie forte,Sans collision,4,2,2,0,2,1,2,0,1,50,,2,1,0,0,1,27.0,,,,1,2,1,3,7
202100032838,2021-06-21 16:35:00,2021,6,21,16,35,79,79329,22 Rue Denis Papin,46.9838,-0.21433,Plein jour,En agglomération,Intersection en X,Pluie forte,Deux véhicules - côté,4,2,2,0,1,1,2,0,1,50,,3,1,0,2,0,92.0,61.0,,,1,2,2,3,3
202100032839,2021-06-15 14:35:00,2021,6,15,14,35,78,78158,DIX HUIT JUIN (PLACE DU),48.8278,2.12043,Plein jour,En agglomération,Giratoire,Normale,Deux véhicules - côté,4,1,1,0,1,1,1,5,1,50,,2,1,0,0,1,48.0,25.0,,,1,2,6,1,3
202100032840,2021-06-18 17:55:00,2021,6,18,17,55,78,78646,PORCHER (IMPASSE),48.79494,2.15481,Plein jour,En agglomération,Hors intersection,Normale,Autre collision,4,1,1,0,1,1,1,0,1,30,,2,1,0,1,0,52.0,,,,1,2,1,1,6
202100032841,2021-06-22 12:50:00,2021,6,22,12,50,78,78498,PONTOISE AV DE,48.94216,2.05982,Plein jour,Hors agglomération,Hors intersection,Pluie forte,Trois véhicules et plus - collisions multiples,3,2,3,1,2,3,2,0,1,70,,3,1,0,0,2,42.0,38.0,,,1,1,1,3,5
202100032842,2021-06-18 20:29:00,2021,6,18,20,29,69,69290,ST BONNET DE MURE (DE) (CHM),45.69196,4.96699,Plein jour,Hors agglomération,Intersection en X,Normale,Trois véhicules et plus - collisions multiples,1,1,1,0,2,1,1,0,1,50,,3,1,0,0,2,32.0,48.0,,,1,1,2,1,5
202100032843,2021-06-21 17:46:00,2021,6,21,17,46,68,68166,RD 430,47.78957,7.31521,Plein jour,Hors agglomération,Hors intersection,Temps couvert,Trois véhicules et plus - en chaîne,3,3,2,0,2,1,2,2,1,90,,8,3,1,0,4,21.0,47.0,,,1,1,1,8,4
202100032844,2021-06-16 17:59:00,2021,6,16,17,59,68,68066,ST PIERRE (BOULEVARD),48.07265,7.35718,Plein jour,En agglomération,Intersection en T,Normale,Deux véhicules - côté,4,1,2,1,1,1,1,0,5,30,,3,2,0,0,1,45.0,15.0,,,1,2,3,1,3
202100032845,2021-06-16 10:15:00,2021,6,16,10,15,68,68066,4IEME BATAILLON DU CHASSEURS A PIED,48.08195,7.35506,Plein jour,En agglomération,Hors intersection,Normale,Deux véhicules - côté,3,2,2,0,1,1,1,0,1,30,,2,1,0,0,1,53.0,82.0,,,1,2,1,1,3
202100032846,2021-06-21 17:30:00,2021,6,21,17,30,67,67482,SEBASTOPOL (RUE DE),48.58655,7.74296,Plein jour,En agglomération,Intersection en T,Temps couvert,Deux véhicules - côté,4,3,4,1,1,1,1,0,5,50,,2,1,0,0,1,,38.0,,,1,2,3,8,3
202100032847,2021-06-21 15:15:00,2021,6,21,15,15,67,67482,PRESIDENT WILSON (BOULEVARD),48.58957,7.741,Plein jour,En agglomération,Intersection en T,Normale,Deux véhicules - arrière,4,3,4,3,1,1,1,0,1,50,,3,2,0,0,1,64.0,43.0,,,1,2,3,1,2
202100032848,2021-06-22 09:05:00,2021,6,22,9,5,66,66136,R D 900,42.67965,2.87364,Plein jour,Hors agglomération,Hors intersection,Normale,Trois véhicules et plus - en chaîne,3,-1,4,0,1,1,1,0,1,80,,3,1,0,0,2,82.0,25.0,,,1,1,1,1,4
202100032849,2021-06-21 08:00:00,2021,6,21,8,0,66,66136,R D 900,42.674035,2.887313,Plein jour,Hors agglomération,Hors intersection,Normale,Deux véhicules - arrière,3,3,2,0,3,1,1,0,1,50,,2,1,0,0,1,19.0,42.0,,,1,1,1,1,2
202100032850,2021-06-20 11:20:00,2021,6,20,11,20,66,66136,KENNEDY (BD JOHN-FITZGERALD),42.68708,2.9061,Plein jour,En agglomération,Hors intersection,Temps couvert,Autre collision,4,2,4,0,1,1,2,0,1,50,,2,1,0,0,1,83.0,,,,1,2,1,8,6
202100032851,2021-06-19 22:33:00,2021,6,19,22,33,66,66136,PYRENEES (BOULEVARD DES),42.69613,2.88834,Nuit avec éclairage allumé,En agglomération,Hors intersection,Normale,Autre collision,4,2,4,0,1,1,1,0,1,50,,2,1,0,1,0,26.0,,,,5,2,1,1,6
202100032852,2021-06-18 17:14:00,2021,6,18,17,14,66,66136,MERCADER (BOULEVARD FELIX),42.69187,2.89272,Plein jour,En agglomération,Hors intersection,Normale,Deux véhicules - côté,4,2,4,0,1,1,1,0,1,50,,2,1,0,0,1,72.0,38.0,,,1,2,1,1,3
202100032853,2021-06-18 14:53:00,2021,6,18,14,53,66,66136,FLANDRES/DUNKERQUE (CARREFOUR),42.68668,2.90723,Plein jour,En agglomération,Hors intersection,Normale,Deux véhicules - côté,4,1,2,0,1,2,1,0,1,50,,2,1,0,0,1,53.0,58.0,,,1,2,1,1,3
202100032854,2021-06-22 11:25:00,2021,6,22,11,25,64,64483,PASSICOT JEAN MARTIN (BD DU COMMANDANT),43.38694,-1.65799,Plein jour,En agglomération,Hors intersection,Normale,Deux véhicules - arrière,3,2,3,0,1,1,1,0,1,50,,2,1,0,0,1,42.0,22.0,,,1,2,1,1,2
202100032855,2021-06-22 08:20:00,2021,6,22,8,20,64,64445,TRESPOEY DE,43.29901,-0.35521,Plein jour,En agglomération,Hors intersection,Normale,Deux véhicules - côté,4,2,2,0,1,1,1,0,5,50,,2,1,0,0,1,57.0,33.0,,,1,2,1,1,3
202100032856,2021-06-22 13:25:00,2021,6,22,13,25,64,64125,ESPAGNE (AVENUE D'),43.43032,-1.59929,Plein jour,En agglomération,Hors intersection,Pluie légère,Deux véhicules - côté,3,2,1,0,1,1,2,0,1,50,,2,1,0,0,1,49.0,62.0,,,1,2,1,2,3
202100032857,2021-06-22 15:21:00,2021,6,22,15,21,64,64102,JUPITER (GIRATOIRE),43.47894,-1.45535,Plein jour,En agglomération,Hors intersection,Pluie légère,Sans collision,4,2,2,0,2,2,2,0,1,50,,1,0,0,0,1,17.0,,,,1,2,1,2,7
202100032858,2021-06-22 13:55:00,2021,6,22,13,55,64,64140,DOUANE (QUAI DE LA),43.52067,-1.4887,Plein jour,En agglomération,Hors intersection,Pluie légère,Deux véhicules - frontale,3,2,2,0,1,1,2,0,1,50,,2,0,0,0,2,66.0,48.0,,,1,2,1,2,1
202100032859,2021-06-22 11:14:00,2021,6,22,11,14,64,64024,BAB (BOULEVARD DU),43.49374,-1.52336,Plein jour,En agglomération,Hors intersection,Pluie légère,Trois véhicules et plus - en chaîne,4,2,4,0,1,1,2,0,1,50,,5,3,0,0,2,72.0,38.0,,,1,2,1,2,4
202100032860,2021-06-21 10:05:00,2021,6,21,10,5,64,64024,BIARRITZ (AVENUE DE),43.48064,-1.53027,Plein jour,En agglomération,Hors intersection,Normale,Deux véhicules - côté,4,2,2,0,1,1,1,0,1,50,,2,1,0,0,1,38.0,46.0,,,1,2,1,1,3
202100032861,2021-06-21 21:46:00,2021,6,21,21,46,63,63113,BARBIER DAUBREE (AVENUE),45.78835,3.09551,Plein jour,En agglomération,Intersection en X,Normale,Deux véhicules - côté,4,2,2,0,1,1,1,0,1,50,,2,1,0,0,1,33.0,48.0,,,1,2,2,1,3
202100032862,2021-06-21 18:40:00,2021,6,21,18,40,62,62139,JAURES (RUE JEAN....1A 71 ET 2 A 48 ),50.716782,2.281154,Plein jour,En agglomération,Hors intersection,Normale,Deux véhicules - côté,3,2,2,0,1,1,1,0,1,50,,2,1,0,1,0,16.0,67.0,,,1,2,1,1,3
202100032863,2021-06-22 19:00:00,2021,6,22,19,0,59,59279,SIMONO (RUE MAURICE),50.781738,3.122032,Plein jour,En agglomération,Intersection en T,Pluie légère,Deux véhicules - côté,4,1,1,0,1,1,2,0,1,50,,2,1,0,0,1,33.0,13.0,,,1,2,3,2,3
202100032864,2021-06-20 11:45:00,2021,6,20,11,45,56,56098,GUERN (RUE DE LA),47.77304,-3.33754,Plein jour,En agglomération,Hors intersection,Normale,Autre collision,4,2,2,0,1,1,1,0,1,50,,1,0,0,0,1,22.0,,,,1,2,1,1,6
202100032865,2021-06-18 21:30:00,2021,6,18,21,30,56,56121,VERDUN (RUE  DE ),47.76007,-3.36574,Crépuscule ou aube,En agglomération,Hors intersection,Normale,Autre collision,4,2,2,0,1,3,2,0,1,30,,4,1,0,1,2,32.0,,,,2,2,1,1,6
202100032866,2021-06-18 17:05:00,2021,6,18,17,5,56,56121,MONISTROL (RUE),47.73756,-3.38222,Plein jour,En agglomération,Hors intersection,Normale,Autre collision,4,2,2,0,1,1,2,0,1,50,,2,1,0,0,1,46.0,,,,1,2,1,1,6
202100032867,2021-06-22 07:15:00,2021,6,22,7,15,54,54431,BRIEY (ROUTE DE),48.91393,6.03728,Plein jour,Hors agglomération,Hors intersection,Normale,Trois véhicules et plus - collisions multiples,3,2,2,0,1,1,1,0,1,70,,3,2,0,0,1,44.0,64.0,,,1,1,1,1,5
202100032868,2021-06-21 14:22:00,2021,6,21,14,22,54,54526,MILLENAIRE (BOULEVARD DU),48.6815,6.216,Plein jour,En agglomération,Intersection en X,Normale,Deux véhicules - côté,7,2,5,0,1,1,1,0,1,70,,3,2,0,1,0,23.0,62.0,,,1,2,2,1,3
202100032869,2021-06-18 22:25:00,2021,6,18,22,25,54,54395,CHANZY (RUE DE),48.6910444934,6.1773077399,Nuit avec éclairage allumé,En agglomération,Hors intersection,Normale,Deux véhicules - arrière,4,1,1,2,1,1,1,0,1,30,,2,1,0,0,1,47.0,27.0,,,5,2,1,1,2
202100032870,2021-06-21 08:45:00,2021,6,21,8,45,54,54395,STRASBOURG (AVENUE DE),48.6789398145,6.1971477047,Plein jour,En agglomération,Hors intersection,Normale,Deux véhicules - côté,7,2,5,2,1,1,1,-1,1,50,,2,1,0,0,1,64.0,33.0,,,1,2,1,1,3
202100032871,2021-06-21 13:15:00,2021,6,21,13,15,54,54159,PERI (RUE GABRIEL),48.62354,6.34856,Plein jour,En agglomération,Hors intersection,Normale,Autre collision,9,1,1,3,1,1,1,9,8,-1,,2,1,0,0,1,33.0,,,,1,2,1,1,6
202100032872,2021-06-22 11:45:00,2021,6,22,11,45,51,51454,Avenue de Paris,49.24848,4.01242,Plein jour,En agglomération,Intersection en T,Pluie légère,Sans collision,3,2,3,3,2,3,2,0,1,50,,2,1,0,0,1,23.0,,,,1,2,3,2,7
202100032873,2021-06-22 05:00:00,2021,6,22,5,0,51,51454,Rue Emile Druart,49.26966,4.00017,Crépuscule ou aube,En agglomération,Hors intersection,Normale,Sans collision,4,2,2,0,1,1,1,0,1,50,,1,0,0,0,1,36.0,,,,2,2,1,1,7
202100032874,2021-06-21 16:00:00,2021,6,21,16,0,51,51454,Avenue de Paris,49.24839,4.01115,Plein jour,En agglomération,Hors intersection,Normale,Deux véhicules - côté,3,2,2,1,2,1,1,0,1,50,,2,1,0,0,1,35.0,19.0,,,1,2,1,1,3
202100032875,2021-06-21 11:51:00,2021,6,21,11,51,49,49007,CHATENAY AVENUE VICTOR,47.48229,-0.52198,Plein jour,En agglomération,Intersection à plus de 4 branches,Normale,Deux véhicules - côté,3,2,2,0,1,1,1,0,1,70,,2,1,0,0,1,18.0,35.0,,,1,2,5,1,3
202100032876,2021-06-22 22:58:00,2021,6,22,22,58,45,45286,Rue Demay,47.88525,1.92445,Nuit avec éclairage non allumé,En agglomération,Intersection en X,Normale,Deux véhicules - côté,4,3,4,0,2,1,1,0,1,50,,2,0,0,2,0,34.0,30.0,,,4,2,2,1,3
202100032877,2021-06-22 13:30:00,2021,6,22,13,30,45,45234,Rue Albert 1er,47.907661,1.906424,Plein jour,En agglomération,Hors intersection,Normale,Deux véhicules - arrière,4,2,1,1,1,1,1,0,1,50,,2,1,0,0,1,22.0,43.0,,,1,2,1,1,2
202100032878,2021-06-22 02:45:00,2021,6,22,2,45,44,44190,N844,47.20329,-1.48377,Nuit sans éclairage public,Hors agglomération,Hors intersection,Normale,Trois véhicules et plus - en chaîne,2,3,0,0,1,1,1,0,1,90,,3,2,0,0,1,25.0,43.0,,,3,1,1,1,4
202100032879,2021-06-22 22:00:00,2021,6,22,22,0,37,37261,AUBERDIERE (RUE DE L'),47.3633443328,0.6956172365,Nuit avec éclairage allumé,En agglomération,Hors intersection,Pluie forte,Deux véhicules - arrière,4,1,1,0,1,3,2,0,1,50,,3,2,0,0,1,20.0,19.0,,,5,2,1,3,2
202100032880,2021-06-22 05:30:00,2021,6,22,5,30,37,37122,RD 37,47.34881,0.64586,Crépuscule ou aube,En agglomération,Autre intersection,Normale,Autre collision,7,3,4,0,1,1,1,9,1,50,,4,3,1,0,0,22.0,,,,2,2,9,1,6
202100032881,2021-06-21 22:40:00,2021,6,21,22,40,35,35238,REBILLON (ARMAND),48.12156,-1.68182,Nuit avec éclairage allumé,En agglomération,Giratoire,Pluie légère,Autre collision,4,2,2,0,1,2,2,5,4,50,,1,0,0,0,1,21.0,,,,5,2,6,2,6
202100032882,2021-06-22 18:55:00,2021,6,22,18,55,33,33063,Rue des Carmes,44.8217652466,-0.6087916352,Plein jour,En agglomération,Hors intersection,Normale,Deux véhicules - arrière,4,2,2,0,2,1,1,0,1,50,,2,1,0,0,1,,28.0,,,1,2,1,1,2
202100032883,2021-06-22 10:50:00,2021,6,22,10,50,33,33550,Avenue des Pyrénées,44.763838,-0.560486,Plein jour,En agglomération,Autre intersection,Pluie légère,Trois véhicules et plus - collisions multiples,4,2,2,1,1,1,2,-1,1,50,,3,1,0,0,2,,39.0,,,1,2,9,2,5
202100032884,2021-06-22 14:00:00,2021,6,22,14,0,31,31555,RUE PAULE RAYMONDIS,43.63971,1.4838,Plein jour,Hors agglomération,Hors intersection,Normale,Deux véhicules - côté,4,2,2,0,1,1,1,0,1,30,,2,1,0,0,1,35.0,33.0,,,1,1,1,1,3
202100032885,2021-06-22 09:05:00,2021,6,22,9,5,31,31555,ESPAGNE (RTE D) DU 2AU 403,43.54716,1.41939,Plein jour,En agglomération,Hors intersection,Normale,Autre collision,7,3,3,3,1,1,1,6,6,50,,2,0,0,0,2,56.0,,,,1,2,1,1,6
202100032886,2021-06-11 09:33:00,2021,6,11,9,33,29,29019,Boulevard Montaigne,48.40524,-4.47805,Plein jour,En agglomération,Giratoire,Normale,Deux véhicules - côté,4,1,2,0,1,2,1,0,1,50,,2,1,0,0,1,53.0,19.0,,,1,2,6,1,3
202100032887,2021-06-22 07:35:00,2021,6,22,7,35,27,27375,VERTE (CHEMIN DE LA COTE),49.2117,1.15481,Crépuscule ou aube,En agglomération,Intersection en T,Pluie légère,Deux véhicules - côté,4,2,2,0,2,1,2,0,1,50,,2,1,0,0,1,32.0,15.0,,,2,2,3,2,3
202100032888,2021-06-22 15:30:00,2021,6,22,15,30,26,26198,6-14 Avenue de Rochemaure,44.561426,4.746416,Plein jour,En agglomération,Intersection en X,Normale,Deux véhicules - côté,4,2,2,0,1,1,1,0,1,50,,3,1,0,0,2,54.0,16.0,,,1,2,2,1,3
202100032889,2021-06-22 06:50:00,2021,6,22,6,50,25,25056,LAFAYETTE RUE,47.2172,5.96772,Plein jour,En agglomération,Giratoire,Pluie légère,Deux véhicules - côté,4,2,2,0,1,2,2,0,1,50,,2,1,0,0,1,61.0,40.0,,,1,2,6,2,3
202100032890,2021-06-17 19:00:00,2021,6,17,19,0,18,18279,BAS DE GRANGE (RUE ET PLACE),47.24,2.05,Plein jour,En agglomération,Hors intersection,Normale,Deux véhicules - frontale,4,2,1,0,1,1,1,0,1,50,,2,1,0,0,1,30.0,,,,1,2,1,1,1
202100032891,2021-06-22 02:00:00,2021,6,22,2,0,13,13207,CHARLES LIVON (BOULEVARD),43.29224,5.36283,Nuit avec éclairage allumé,En agglomération,Hors intersection,Normale,Deux véhicules - arrière,4,2,4,0,2,1,1,0,1,50,,6,1,0,0,5,27.0,35.0,,,5,2,1,1,2
202100032892,2021-06-18 02:00:00,2021,6,18,2,0,13,13208,MENDES FRANCE (AVENUE),43.2551601348,5.3763052694,Nuit avec éclairage allumé,En agglomération,Hors intersection,Normale,Deux véhicules - arrière,4,-1,2,0,1,1,1,0,1,50,,4,2,0,0,2,26.0,,,,5,2,1,1,2
202100032893,2021-06-22 15:10:00,2021,6,22,15,10,11,11069,ROCADE SUD RD 6161,43.20379,2.38094,Plein jour,Hors agglomération,Hors intersection,Normale,Deux véhicules - arrière,3,2,2,0,3,1,1,0,1,80,,2,1,0,0,1,81.0,60.0,,,1,1,1,1,2
202100032894,2021-06-22 01:56:00,2021,6,22,1,56,06,06123,BORD DE MER RN 98,43.656704,7.178948,Nuit avec éclairage allumé,En agglomération,Intersection en T,Normale,Deux véhicules - arrière,7,1,2,0,1,1,1,0,1,50,,2,1,0,0,1,23.0,44.0,,,5,2,3,1,2
202100032895,2021-06-22 12:15:00,2021,6,22,12,15,06,06004,SOLEAU AV.ROBERT,43.581527,7.120675,Plein jour,En agglomération,Autre intersection,Normale,Autre collision,4,1,2,0,1,1,1,9,6,50,,3,2,0,1,0,78.0,,,,1,2,9,1,6
202100032896,2021-06-19 23:11:00,2021,6,19,23,11,02,02059,GRANDE RUE,49.649954,3.34887,Nuit avec éclairage allumé,En agglomération,Hors intersection,Normale,Autre collision,4,2,2,0,1,1,1,0,4,50,,1,0,0,1,0,21.0,,,,5,2,1,1,6
202100032897,2021-06-21 17:15:00,2021,6,21,17,15,75,75117,BOULEVARD PERIPHERIQUE,48.894393,2.305535,Plein jour,En agglomération,Hors intersection,Normale,Deux véhicules - côté,4,1,4,0,1,1,1,2,1,70,,2,1,0,0,1,20.0,46.0,,,1,2,1,1,3
202100032898,2021-06-21 04:12:00,2021,6,21,4,12,75,75117,BOULEVARD PERIPHERIQUE,48.888198,2.292365,Nuit avec éclairage allumé,En agglomération,Hors intersection,Normale,Autre collision,4,1,4,0,1,1,1,0,1,70,,1,0,0,1,0,31.0,,,,5,2,1,1,6
202100032899,2021-06-21 18:25:00,2021,6,21,18,25,75,75120,RUE DES REGLISES,48.854744,2.410295,Plein jour,En agglomération,Intersection en Y,Normale,Autre collision,4,2,2,0,2,1,1,0,1,30,,2,1,0,0,1,19.0,,,,1,2,4,1,6
202100032900,2021-06-22 00:30:00,2021,6,22,0,30,75,75120,BOULEVARD DE MENILMONTANT,48.867105,2.383294,Nuit avec éclairage non allumé,En agglomération,Intersection en X,Normale,Autre collision,4,2,2,0,1,1,1,0,1,50,,2,1,0,0,1,,,,,4,2,2,1,6
202100032901,2021-06-21 23:20:00,2021,6,21,23,20,75,75116,AVENUE VICTOR HUGO,48.870884,2.288231,Nuit avec éclairage allumé,En agglomération,Hors intersection,Normale,Deux véhicules - arrière,4,2,2,0,1,1,2,0,1,50,,2,1,0,0,1,27.0,22.0,,,5,2,1,1,2