accident_id,datetime,annee,mois,jour,heure,minute,departement,commune_insee,adresse,latitude,longitude,luminosite,agglomeration,intersection,meteo,collision,catr,circ,nbv,vosp,prof,plan,surf,infra,situ,vma,nb_vehicules,nb_usagers,nb_indemnes,nb_tues,nb_blesses_hosp,nb_blesses_legers,age_cond_1,age_cond_2,veh_type_cond_1,veh_type_cond_2,lum_code,agg_code,int_code,atm_code,col_code
202100032902,2021-06-22 19:50:00,2021,6,22,19,50,75,75115,RUE DE L AMIRAL ROUSSIN,48.841833,2.300739,Crépuscule ou aube,En agglomération,Hors intersection,Temps couvert,Deux véhicules - côté,4,1,1,0,1,1,1,0,1,50,,2,1,0,0,1,66.0,47.0,,,2,2,1,8,3
202100032903,2021-06-22 16:45:00,2021,6,22,16,45,75,75115,RUE DUPLEIX,48.850658,2.29564,Plein jour,En agglomération,Place,Normale,Deux véhicules - côté,4,1,3,1,1,1,2,0,1,30,,3,2,0,0,1,34.0,31.0,,,1,2,7,1,3
202100032904,2021-06-22 15:30:00,2021,6,22,15,30,75,75115,RUE DE LA CROIX NIVERT,48.834404,2.289936,Plein jour,En agglomération,Intersection en Y,Temps couvert,Deux véhicules - côté,4,2,2,0,1,1,2,0,1,50,,4,3,0,0,1,25.0,42.0,,,1,2,4,8,3
202100032905,2021-06-22 11:27:00,2021,6,22,11,27,75,75112,QUAI DE BERCY,48.830653,2.386341,Plein jour,En agglomération,Intersection en X,Temps couvert,Deux véhicules - frontale,4,2,2,1,1,1,1,0,5,50,,2,1,0,0,1,41.0,,,,1,2,2,8,1
202100032906,2021-06-21 12:40:00,2021,6,21,12,40,75,75112,AVENUE DE SAINT MAURICE,48.828698,2.419445,Plein jour,En agglomération,Intersection en Y,Normale,Deux véhicules - côté,4,2,2,0,1,2,1,0,1,50,,2,1,0,0,1,40.0,46.0,,,1,2,4,1,3
202100032907,2021-06-22 18:40:00,2021,6,22,18,40,75,75111,AVENUE PHILIPPE AUGUSTE,48.850669,2.394496,Plein jour,En agglomération,Intersection en X,Normale,Deux véhicules - côté,4,2,2,0,1,1,2,0,1,50,,2,1,0,0,1,43.0,66.0,,,1,2,2,1,3
202100032908,2021-06-22 15:50:00,2021,6,22,15,50,75,75111,RUE DE LA PETITE PIERRE,48.867536,2.370364,Plein jour,En agglomération,Hors intersection,Temps couvert,Deux véhicules - côté,4,1,1,0,1,1,2,0,1,30,,2,1,0,0,1,65.0,31.0,,,1,2,1,8,3
202100032909,2021-06-22 11:50:00,2021,6,22,11,50,75,75111,BOULEVARD DE MENILMONTANT,48.85981,2.38871,Plein jour,En agglomération,Intersection en X,Normale,Deux véhicules - côté,4,2,4,1,1,1,2,0,1,50,,2,1,0,0,1,50.0,42.0,,,1,2,2,1,3
202100032910,2021-06-21 23:20:00,2021,6,21,23,20,75,75110,RUE LA FAYETTE,48.879073,2.356147,Nuit avec éclairage allumé,En agglomération,Hors intersection,Normale,Deux véhicules - côté,4,2,2,0,1,1,1,0,1,30,,2,1,0,0,1,,46.0,,,5,2,1,1,3
202100032911,2021-06-22 17:55:00,2021,6,22,17,55,75,75109,RUE JOUBERT,48.874612,2.331894,Plein jour,En agglomération,Hors intersection,Normale,Autre collision,4,1,1,0,1,1,1,0,1,30,,2,1,0,0,1,28.0,,,,1,2,1,1,6
202100032912,2021-06-16 12:10:00,2021,6,16,12,10,75,75104,BOULEVARD HENRI IV,48.851164,2.362507,Plein jour,En agglomération,Intersection en T,Normale,Deux véhicules - côté,4,2,3,1,1,1,1,0,5,50,,2,0,0,0,2,19.0,41.0,,,1,2,3,1,3
202100032913,2021-06-22 20:20:00,2021,6,22,20,20,94,94081,Avenue du Groupe Manouchian,48.78766,2.40687,Plein jour,En agglomération,Hors intersection,Normale,Deux véhicules - côté,3,3,3,0,1,1,2,0,1,50,,3,1,0,0,2,40.0,21.0,,,1,2,1,1,3
202100032914,2021-06-22 16:55:00,2021,6,22,16,55,94,94081,STALINGRAD (BD DE),48.80132,2.37969,Plein jour,En agglomération,Hors intersection,Pluie légère,Deux véhicules - côté,3,3,4,3,1,1,2,0,6,50,,2,1,0,0,1,39.0,26.0,,,1,2,1,2,3
202100032915,2021-06-22 14:00:00,2021,6,22,14,0,94,94042,MARECHAL LECLERC (BD DU),48.81205,2.46863,Plein jour,En agglomération,Intersection en X,Pluie légère,Deux véhicules - côté,3,2,4,1,4,1,2,5,5,50,,2,1,0,0,1,31.0,23.0,,,1,2,2,2,3
202100032916,2021-06-22 17:45:00,2021,6,22,17,45,94,94041,Rue Barbès,48.81807,2.37367,Plein jour,En agglomération,Hors intersection,Temps couvert,Deux véhicules - frontale,3,1,3,1,1,1,2,0,5,50,,2,1,0,0,1,39.0,32.0,,,1,2,1,8,1
202100032917,2021-06-21 13:15:00,2021,6,21,13,15,94,94028,Rue René Arcos,48.7779881702,2.4672675133,Plein jour,En agglomération,Autre intersection,Normale,Deux véhicules - arrière,4,1,4,0,2,1,1,0,1,50,,2,1,0,0,1,38.0,53.0,,,1,2,9,1,2
202100032918,2021-06-21 18:35:00,2021,6,21,18,35,94,94019,JEAN DE LA FONTAINE (R),48.80687,2.55805,Plein jour,En agglomération,Hors intersection,Normale,Deux véhicules - arrière,4,2,2,0,1,1,1,0,1,50,,3,2,0,0,1,20.0,39.0,,,1,2,1,1,2
202100032919,2021-06-22 06:10:00,2021,6,22,6,10,94,94018,Avenue de Gravelle,48.82486,2.41128,Crépuscule ou aube,En agglomération,Hors intersection,Normale,Deux véhicules - côté,4,2,2,0,1,1,1,0,1,30,,2,1,0,0,1,21.0,38.0,,,2,2,1,1,3
202100032920,2021-06-22 17:50:00,2021,6,22,17,50,94,94017,Rue de Musselburgh,48.806394,2.523263,Plein jour,En agglomération,Hors intersection,Normale,Deux véhicules - côté,4,3,2,0,1,1,1,0,1,50,,2,1,0,0,1,44.0,20.0,,,1,2,1,1,3
202100032921,2021-06-22 17:10:00,2021,6,22,17,10,93,93073,Route de Roissy / Route de la Croix au Plâtre,48.98398,2.54175,Plein jour,Hors agglomération,Intersection en Y,Pluie légère,Deux véhicules - frontale,3,2,2,0,1,3,2,5,1,70,,2,1,0,0,1,67.0,33.0,,,1,1,4,2,1
202100032922,2021-06-22 09:20:00,2021,6,22,9,20,93,93078,LAFARGUE (RUE PAUL),48.94856,2.54656,Plein jour,En agglomération,Intersection en T,Normale,Trois véhicules et plus - en chaîne,4,-1,0,0,1,1,1,0,1,50,,3,0,0,0,3,28.0,26.0,,,1,2,3,1,4
202100032923,2021-06-22 08:00:00,2021,6,22,8,0,93,93059,JEAN MERMOZ (BOULEVARD) N°59AU185 ET 76A,48.96676,2.36426,Plein jour,En agglomération,Intersection à plus de 4 branches,Normale,Deux véhicules - côté,3,1,0,0,1,1,1,0,1,50,,2,1,0,0,1,39.0,54.0,,,1,2,5,1,3
202100032924,2021-06-22 02:40:00,2021,6,22,2,40,93,93005,Boulevard Marc Chagall / Avenue de Savigny,48.953727,2.506439,Nuit avec éclairage allumé,En agglomération,Intersection en X,Normale,Autre collision,3,3,4,0,1,1,1,0,1,50,,1,0,0,0,1,47.0,,,,5,2,2,1,6
202100032925,2021-06-21 20:00:00,2021,6,21,20,0,93,93070,CLE DES CHAMPS,48.9134,2.32724,Plein jour,En agglomération,Hors intersection,Normale,Autre collision,4,2,2,1,1,1,1,0,1,50,,4,1,0,0,3,21.0,,,,1,2,1,1,6
202100032926,2021-06-22 13:42:00,2021,6,22,13,42,93,93066,CROIZAT AMBROISE RD 29 BIS,48.92917,2.35133,Plein jour,En agglomération,Hors intersection,Pluie forte,Deux véhicules - frontale,3,2,3,0,1,1,2,0,1,50,,2,1,0,1,0,26.0,,,,1,2,1,3,1
202100032927,2021-06-22 14:30:00,2021,6,22,14,30,93,93066,Rue du Fort de la Briche,48.94436,2.34217,Plein jour,En agglomération,Intersection en T,Pluie légère,Deux véhicules - côté,3,3,5,0,1,1,2,5,1,50,,3,1,0,0,2,40.0,24.0,,,1,2,3,2,3
202100032928,2021-06-21 08:00:00,2021,6,21,8,0,93,93066,Rue Ambroise Croizat,48.92742,2.35346,Plein jour,En agglomération,Hors intersection,Normale,Deux véhicules - arrière,3,2,2,0,1,1,1,0,1,50,,2,1,0,0,1,33.0,35.0,,,1,2,1,1,2
202100032929,2021-06-22 14:40:00,2021,6,22,14,40,93,93077,Grande Rue / Avenue du Capitaine Louys,48.88287,2.5143,Plein jour,En agglomération,Intersection en X,Pluie forte,Autre collision,3,2,2,0,1,1,2,0,1,50,,2,1,0,0,1,34.0,,,,1,2,2,3,6
202100032930,2021-06-22 10:55:00,2021,6,22,10,55,93,93055,JEAN LOLIVE (AVENUE)(1/55 2/60),48.8909642485,2.401419282,Plein jour,En agglomération,Intersection en T,Pluie légère,Autre collision,3,2,2,0,1,1,2,0,1,50,,2,0,0,0,2,38.0,,,,1,2,3,2,6
202100032931,2021-06-22 14:45:00,2021,6,22,14,45,93,93048,Boulevard de la Boissière,48.877697,2.459917,Plein jour,En agglomération,Hors intersection,Pluie légère,Autre collision,3,2,2,0,1,1,2,0,1,50,,2,1,0,1,0,25.0,,,,1,2,1,2,6
202100032932,2021-06-22 01:40:00,2021,6,22,1,40,93,93048,Place du Général de Gaulle,48.86886,2.43341,Nuit avec éclairage allumé,En agglomération,Hors intersection,Normale,Autre collision,4,2,2,0,1,1,1,0,4,50,,4,0,0,0,4,20.0,,,,5,2,1,1,6
202100032933,2021-06-20 11:30:00,2021,6,20,11,30,93,93029,Avenue de la Source,48.91782,2.450465,Plein jour,En agglomération,Hors intersection,Normale,Deux véhicules - arrière,4,1,1,0,1,1,1,0,1,50,,3,2,0,0,1,49.0,54.0,,,1,2,1,1,2
202100032934,2021-06-22 13:20:00,2021,6,22,13,20,93,93057,BRIAND (AV. ARISTIDE) 2 A 132,48.908813,2.500111,Plein jour,En agglomération,Hors intersection,Pluie légère,Trois véhicules et plus - en chaîne,3,1,6,0,1,1,2,0,1,50,,3,2,0,0,1,56.0,53.0,,,1,2,1,2,4
202100032935,2021-06-22 20:15:00,2021,6,22,20,15,93,93007,"""JEAN JAURES (AVENUE """"DU 01 AU 19"""")""",48.923114,2.471241,Plein jour,En agglomération,Hors intersection,Normale,Deux véhicules - arrière,4,1,1,0,1,1,1,0,1,50,,2,1,0,1,0,28.0,19.0,,,1,2,1,1,2
202100032936,2021-06-22 11:30:00,2021,6,22,11,30,92,92073,bretelle d' accès au quai galliéni,48.8715344729,2.2328585386,Plein jour,En agglomération,Hors intersection,Pluie forte,Trois véhicules et plus - collisions multiples,3,1,1,0,1,1,1,3,1,50,,3,2,0,0,1,55.0,30.0,,,1,2,1,3,5
202100032937,2021-06-17 11:48:00,2021,6,17,11,48,92,92064,REPUBLIQUE,48.8458393798,2.2136474187,Plein jour,En agglomération,Hors intersection,Normale,Autre collision,3,-1,4,1,1,1,1,0,1,50,,2,1,0,0,1,35.0,,,,1,2,1,1,6
202100032938,2021-06-15 17:15:00,2021,6,15,17,15,92,92040,LEON BLUM (PLACE),48.821036,2.260629,Plein jour,En agglomération,Place,Normale,Trois véhicules et plus - collisions multiples,4,2,0,0,1,1,1,0,1,50,,3,2,0,0,1,35.0,27.0,,,1,2,7,1,5
202100032939,2021-06-11 23:15:00,2021,6,11,23,15,92,92036,CABOEUFS (RUE DES) (103/291),48.923676,2.310464,Nuit avec éclairage allumé,En agglomération,Hors intersection,Normale,Deux véhicules - frontale,4,2,2,0,1,1,1,0,1,50,,2,1,0,0,1,25.0,24.0,,,5,2,1,1,1
202100032940,2021-06-22 01:37:00,2021,6,22,1,37,92,92026,PRÉSIDENT PAUL DOUMER (QUAI DU),48.89542,2.26219,Nuit avec éclairage allumé,En agglomération,Hors intersection,Normale,Autre collision,3,3,6,0,1,1,1,0,1,50,,11,6,0,0,5,43.0,26.0,,,5,2,1,1,6
202100032941,2021-06-22 08:00:00,2021,6,22,8,0,92,92025,CHATOU (RUE DE),48.912612,2.231731,Plein jour,En agglomération,Intersection en T,Normale,Deux véhicules - côté,4,1,1,0,1,1,1,0,1,50,,2,1,0,0,1,48.0,24.0,,,1,2,3,1,3
202100032942,2021-06-22 05:50:00,2021,6,22,5,50,92,92025,STALINGRAD (AV DE),48.93418,2.263326,Crépuscule ou aube,En agglomération,Intersection en X,Normale,Deux véhicules - côté,3,-1,4,0,1,1,1,0,1,50,,2,1,0,0,1,32.0,46.0,,,2,2,2,1,3
202100032943,2021-06-18 21:15:00,2021,6,18,21,15,92,92024,CLICHY (QUAI DE) DE (8 A 60),48.9068881811,2.2965824604,Crépuscule ou aube,En agglomération,Intersection en T,Temps couvert,Deux véhicules - côté,3,2,2,0,1,1,1,0,1,50,,2,1,0,0,1,,29.0,,,2,2,3,8,3
202100032944,2021-06-22 19:55:00,2021,6,22,19,55,92,92012,THIERS (RUE) 67/FIN - 84/FIN,48.8312981954,2.2525191307,Plein jour,En agglomération,Intersection en T,Temps couvert,Deux véhicules - côté,4,2,2,0,1,1,1,0,1,50,,3,1,0,0,2,19.0,36.0,,,1,2,3,8,3
202100032945,2021-06-22 18:45:00,2021,6,22,18,45,92,92007,HUGO (AVENUE VICTOR),48.804805136,2.3223169148,Crépuscule ou aube,En agglomération,Hors intersection,Temps couvert,Deux véhicules - côté,3,2,4,1,1,1,1,0,1,50,,2,1,0,0,1,41.0,35.0,,,2,2,1,8,3
202100032946,2021-06-21 18:50:00,2021,6,21,18,50,92,92004,MARNE   ( AVENUE DE LA ),48.9096377731,2.2864879668,Plein jour,En agglomération,Intersection en X,Normale,Autre collision,3,2,0,0,1,1,1,0,1,50,,2,1,0,0,1,23.0,,,,1,2,2,1,6
202100032947,2021-06-22 20:10:00,2021,6,22,20,10,52,52391,D384,48.503972,4.789424,Plein jour,Hors agglomération,Intersection en T,Normale,Deux véhicules - côté,3,2,2,0,1,1,1,0,1,90,,4,3,0,0,1,18.0,16.0,,,1,1,3,1,3
202100032948,2021-06-22 16:45:00,2021,6,22,16,45,972,97210,Rue Jean Jaurés,14.612955,-60.902522,Plein jour,En agglomération,Hors intersection,Normale,Autre collision,9,2,2,0,1,1,1,0,1,50,,3,2,0,0,1,68.0,,,,1,2,1,1,6
202100032949,2021-06-22 22:58:00,2021,6,22,22,58,17,17414,D105,46.208631,-1.136495,Nuit avec éclairage non allumé,Hors agglomération,Hors intersection,Normale,Deux véhicules - arrière,3,3,2,0,1,1,2,0,1,90,,2,1,0,1,0,39.0,33.0,,,4,1,1,1,2
202100032950,2021-06-22 22:45:00,2021,6,22,22,45,83,83054,Chemin Alphonse Lavallee,43.157774,6.048161,Nuit avec éclairage allumé,Hors agglomération,Hors intersection,Normale,Sans collision,4,2,2,0,1,1,1,0,3,50,,1,0,0,1,0,54.0,,,,5,1,1,1,7
202100032951,2021-06-22 20:00:00,2021,6,22,20,0,30,30141,route départemntale D 9,44.100249,4.663455,Plein jour,Hors agglomération,Hors intersection,Normale,Autre collision,3,2,2,0,1,1,1,0,1,80,,2,1,0,1,0,25.0,71.0,,,1,1,1,1,6
202100032952,2021-06-19 10:30:00,2021,6,19,10,30,44,44009,Route du Loroux Bottereau,47.193522,-1.463043,Plein jour,En agglomération,Giratoire,Temps couvert,Deux véhicules - côté,7,2,2,3,1,1,1,0,1,50,,2,1,0,1,0,60.0,56.0,,,1,2,6,8,3
202100032953,2021-06-23 12:00:00,2021,6,23,12,0,57,57089,Rue Schellenthal,49.055716,7.424896,Plein jour,En agglomération,Intersection en X,Normale,Deux véhicules - côté,4,2,2,0,1,1,1,9,1,50,,2,1,0,1,0,74.0,15.0,,,1,2,2,1,3
202100032954,2021-06-23 17:30:00,2021,6,23,17,30,76,76159,Route de Barville,49.78476,0.64064,Plein jour,En agglomération,Hors intersection,Normale,Deux véhicules - côté,3,2,2,0,1,1,1,0,1,50,,2,1,0,1,0,55.0,31.0,,,1,2,1,1,3
202100032955,2021-06-22 22:15:00,2021,6,22,22,15,81,81070,1185 Route de Parisot,43.817665,1.75049,Nuit sans éclairage public,En agglomération,Hors intersection,Pluie légère,Autre collision,3,2,2,0,1,1,2,0,3,50,,2,1,0,0,1,43.0,,,,3,2,1,2,6
202100032956,2021-06-23 07:00:00,2021,6,23,7,0,71,71263,Rue du Jura,46.631389,5.235404,Plein jour,En agglomération,Hors intersection,Normale,Autre collision,3,2,2,0,1,1,1,0,1,50,,2,1,0,0,1,72.0,,,,1,2,1,1,6
202100032957,2021-06-20 16:50:00,2021,6,20,16,50,46,46231,Grand Rue,44.503511,1.138228,Plein jour,En agglomération,Intersection en Y,Normale,Autre collision,3,1,1,0,2,1,1,0,1,30,,2,1,0,1,0,67.0,,,,1,2,4,1,6
202100032958,2021-06-22 12:15:00,2021,6,22,12,15,41,41176,Rue des Lignières,47.508027,2.147151,Plein jour,En agglomération,Hors intersection,Normale,Deux véhicules - frontale,4,2,2,0,1,4,1,0,1,50,,2,1,0,1,0,15.0,46.0,,,1,2,1,1,1
202100032959,2021-06-22 18:00:00,2021,6,22,18,0,34,34140,Chemin de Masacy,43.3875862528,3.1772951782,Plein jour,Hors agglomération,Intersection en X,Normale,Deux véhicules - côté,4,2,1,0,1,1,1,0,1,80,,2,1,0,1,0,30.0,58.0,,,1,1,2,1,3
202100032960,2021-06-21 13:50:00,2021,6,21,13,50,02,02048,N2,49.659461,3.69381,Plein jour,Hors agglomération,Autre intersection,Normale,Trois véhicules et plus - collisions multiples,2,2,2,0,1,1,1,0,1,80,,4,3,0,1,0,45.0,24.0,,,1,1,9,1,5
202100032961,2021-06-22 03:50:00,2021,6,22,3,50,72,72346,la lande de l'ecu,47.867905,0.014119,Nuit sans éclairage public,Hors agglomération,Hors intersection,Normale,Autre collision,3,2,2,0,1,1,1,0,3,80,,1,0,0,0,1,49.0,,,,3,1,1,1,6
202100032962,2021-06-14 07:15:00,2021,6,14,7,15,60,60150,D48,49.529275,2.984301,Plein jour,Hors agglomération,Intersection en X,Normale,Deux véhicules - côté,3,2,2,0,1,1,1,5,1,80,,2,1,0,1,0,36.0,39.0,,,1,1,2,1,3
202100032963,2021-04-10 00:00:00,2021,4,10,0,0,45,45087,D951-PR 9 + 100,47.573298,2.766066,Nuit sans éclairage public,Hors agglomération,Hors intersection,Normale,Autre collision,3,2,2,0,1,3,1,0,8,80,,1,0,0,1,0,30.0,,,,3,1,1,1,6
202100032964,2021-06-22 19:45:00,2021,6,22,19,45,43,43137,le cordu,45.2975745281,4.200655818,Plein jour,Hors agglomération,Autre intersection,Normale,Trois véhicules et plus - collisions multiples,4,2,2,0,1,1,1,0,1,90,,5,1,0,0,4,63.0,18.0,,,1,1,9,1,5
202100032965,2021-06-19 01:00:00,2021,6,19,1,0,07,07005,D263,44.53991,4.58557,Nuit sans éclairage public,Hors agglomération,Hors intersection,Normale,Sans collision,3,2,2,0,1,1,1,0,8,80,,1,0,0,1,0,23.0,,,,3,1,1,1,7
202100032966,2021-06-22 10:20:00,2021,6,22,10,20,53,53211,D102,48.360198,-0.899785,Plein jour,Hors agglomération,Hors intersection,Pluie légère,Deux véhicules - frontale,3,2,2,0,1,1,2,0,1,80,,2,1,0,1,0,23.0,78.0,,,1,1,1,2,1
202100032967,2021-06-22 19:15:00,2021,6,22,19,15,53,53122,D7,48.274282,-0.522044,Plein jour,Hors agglomération,Hors intersection,Normale,Deux véhicules - frontale,3,2,2,0,1,4,1,0,1,80,,2,0,0,1,1,76.0,24.0,,,1,1,1,1,1
202100032968,2021-06-23 09:30:00,2021,6,23,9,30,04,04241,RD 907,43.852901,5.725594,Plein jour,Hors agglomération,Hors intersection,Normale,Autre collision,3,2,2,0,2,4,1,0,3,80,,1,0,0,1,0,19.0,,,,1,1,1,1,6
202100032969,2021-06-22 15:58:00,2021,6,22,15,58,04,04230,RD 4,43.82927,5.862523,Plein jour,Hors agglomération,Hors intersection,Normale,Deux véhicules - frontale,3,2,2,0,2,1,1,0,1,80,,3,2,1,0,0,35.0,55.0,,,1,1,1,1,1
202100032970,2021-06-23 08:25:00,2021,6,23,8,25,08,08107,Départementale 926,49.532921,4.277517,Plein jour,Hors agglomération,Hors intersection,Normale,Sans collision,3,2,2,0,1,1,1,0,3,80,,1,0,0,1,0,18.0,,,,1,1,1,1,7
202100032971,2021-06-22 21:20:00,2021,6,22,21,20,971,97103,Dalciat,16.259844,-61.622304,Nuit sans éclairage public,Hors agglomération,Hors intersection,Normale,Deux véhicules - côté,2,2,3,0,1,1,1,0,1,70,,3,0,0,1,2,24.0,23.0,,,3,1,1,1,3
202100032972,2021-06-22 11:00:00,2021,6,22,11,0,971,97103,Chemin de Calvaire,16.238904,-61.621714,Plein jour,En agglomération,Hors intersection,Normale,Deux véhicules - côté,4,2,1,0,2,1,1,0,1,50,,2,1,0,1,0,31.0,19.0,,,1,2,1,1,3
202100032973,2021-06-21 19:45:00,2021,6,21,19,45,69,69235,THERMES (DES) (R),45.528898,4.867544,Plein jour,En agglomération,Intersection en T,Pluie légère,Deux véhicules - côté,4,2,2,0,2,1,2,0,1,30,,4,3,0,1,0,24.0,18.0,,,1,2,3,2,3
202100032974,2021-06-23 13:10:00,2021,6,23,13,10,04,04019,RD 902 - av Emile Aubert,44.379898,6.629015,Plein jour,Hors agglomération,Hors intersection,Normale,Sans collision,3,2,2,0,1,2,1,0,3,70,,1,0,0,1,0,48.0,,,,1,1,1,1,7
202100032975,2021-06-23 10:30:00,2021,6,23,10,30,01,01185,RD 9,45.97588,5.631845,Plein jour,Hors agglomération,Hors intersection,Normale,Sans collision,3,2,2,0,2,2,9,0,1,80,,1,0,0,1,0,68.0,,,,1,1,1,1,7
202100032976,2021-06-22 22:20:00,2021,6,22,22,20,29,29042,Boulevard de la Plage,48.229238,-4.502796,Nuit avec éclairage allumé,En agglomération,Hors intersection,Normale,Deux véhicules - côté,3,-1,2,0,2,1,1,0,1,50,,2,1,0,1,0,19.0,20.0,,,5,2,1,1,3
202100032977,2021-06-22 18:30:00,2021,6,22,18,30,13,13055,A507 sens Marseille - Aubagne,43.30671,5.42491,Plein jour,Hors agglomération,Hors intersection,Normale,Trois véhicules et plus - en chaîne,1,-1,3,0,1,1,1,1,1,70,,4,3,0,0,1,21.0,30.0,,,1,1,1,1,4
202100032978,2021-06-22 15:50:00,2021,6,22,15,50,13,13055,A507 sens Aubagne- Marseille,43.3236364488,5.4226441383,Plein jour,Hors agglomération,Hors intersection,Normale,Trois véhicules et plus - en chaîne,1,-1,3,0,1,1,1,0,1,70,,3,0,0,0,3,20.0,22.0,,,1,1,1,1,4
202100032979,2021-06-22 15:58:00,2021,6,22,15,58,13,13211,A50-Sens Marseille vers Aubagne,43.2888973927,5.4443467416,Plein jour,Hors agglomération,Hors intersection,Normale,Deux véhicules - arrière,1,1,3,0,1,1,1,0,1,90,,2,1,0,0,1,,31.0,,,1,1,1,1,2
202100032980,2021-06-22 12:30:00,2021,6,22,12,30,13,13019,A51-Sens Marseille vers Aix en Provence,43.4187833329,5.3666603565,Plein jour,Hors agglomération,Hors intersection,Normale,Sans collision,1,-1,1,0,1,3,1,0,1,50,,1,0,0,0,1,46.0,,,,1,1,1,1,7
202100032981,2021-06-21 16:30:00,2021,6,21,16,30,13,13033,A55-Sens Marseille vers Martigues,43.3732590197,5.1851981878,Plein jour,Hors agglomération,Hors intersection,Normale,Trois véhicules et plus - collisions multiples,1,1,2,0,1,1,1,0,1,110,,7,5,0,0,2,21.0,32.0,,,1,1,1,1,5
202100032982,2021-06-21 16:15:00,2021,6,21,16,15,13,13215,A7-Sens Marseille vers Lyon,43.3724,5.36125,Plein jour,Hors agglomération,Hors intersection,Normale,Deux véhicules - arrière,1,1,3,0,1,1,1,0,1,90,,4,2,0,0,2,34.0,40.0,,,1,1,1,1,2
202100032983,2021-06-21 09:30:00,2021,6,21,9,30,13,13055,A507 sens Aubagne- Marseille,43.31947,5.42277,Plein jour,Hors agglomération,Hors intersection,Normale,Deux véhicules - arrière,1,-1,3,0,1,1,1,1,1,70,,4,1,0,0,3,38.0,53.0,,,1,1,1,1,2
202100032984,2021-06-22 10:40:00,2021,6,22,10,40,69,69266,RD383   0.000 A 1.165,45.7873463924,4.8797568082,Plein jour,Hors agglomération,Hors intersection,Normale,Deux véhicules - côté,7,-1,3,0,1,3,1,0,1,70,,3,1,0,0,2,19.0,27.0,,,1,1,1,1,3
202100032985,2021-06-22 02:13:00,2021,6,22,2,13,69,69142,M7,45.7291992978,4.8158827537,Nuit sans éclairage public,Hors agglomération,Hors intersection,Pluie légère,Trois véhicules et plus - en chaîne,7,3,6,0,2,2,2,0,1,70,,6,2,0,0,4,21.0,22.0,,,3,1,1,2,4
202100032986,2021-07-09 07:45:00,2021,7,9,7,45,57,57672,Autoroute A31,49.38071,6.10635,Plein jour,Hors agglomération,Hors intersection,Normale,Autre collision,1,3,4,0,1,1,1,0,3,110,,1,0,0,1,0,57.0,,,,1,1,1,1,6
202100032987,2021-06-16 14:00:00,2021,6,16,14,0,67,67482,M351,48.58636,7.71774,Plein jour,Hors agglomération,Hors intersection,Normale,Deux véhicules - arrière,7,3,3,0,1,1,1,0,1,90,,2,1,0,0,1,22.0,61.0,,,1,1,1,1,2
202100032988,2021-06-17 07:45:00,2021,6,17,7,45,67,67482,M351,48.5885770348,7.7048948879,Plein jour,Hors agglomération,Hors intersection,Normale,Deux véhicules - côté,7,1,3,0,1,1,1,0,1,90,,2,1,0,0,1,34.0,35.0,,,1,1,1,1,3
202100032989,2021-06-19 00:37:00,2021,6,19,0,37,59,59507,AUTOROUTE A1,50.5992718469,3.1033614278,Nuit sans éclairage public,Hors agglomération,Hors intersection,Normale,Autre collision,1,3,4,0,1,1,1,0,1,90,,1,0,0,1,0,27.0,,,,3,1,1,1,6
202100032990,2021-06-20 03:18:00,2021,6,20,3,18,91,91549,RN 104,48.62651,2.34745,Nuit sans éclairage public,Hors agglomération,Hors intersection,Normale,Autre collision,2,2,4,0,1,1,1,0,1,110,,1,0,0,0,1,23.0,,,,3,1,1,1,6
202100032991,2021-06-22 15:30:00,2021,6,22,15,30,91,91216,AUTOROUTE A6,48.686,2.3267,Plein jour,Hors agglomération,Hors intersection,Pluie légère,Deux véhicules - arrière,1,3,6,0,2,1,2,0,1,110,,2,1,0,0,1,35.0,30.0,,,1,1,1,2,2
202100032992,2021-06-20 22:00:00,2021,6,20,22,0,91,91228,AUTOROUTE A6,48.62194,2.42324,Plein jour,Hors agglomération,Hors intersection,Pluie légère,Trois véhicules et plus - collisions multiples,1,1,4,0,1,1,2,3,1,90,,7,5,0,2,0,42.0,34.0,,,1,1,1,2,5
202100032993,2021-06-22 11:10:00,2021,6,22,11,10,78,78466,A13,48.934708,1.966497,Plein jour,Hors agglomération,Hors intersection,Pluie forte,Autre collision,1,1,3,0,1,1,3,0,1,110,,2,0,0,0,2,62.0,,,,1,1,1,3,6
202100032994,2021-06-22 09:40:00,2021,6,22,9,40,78,78073,A12 W,48.802936,2.048363,Plein jour,Hors agglomération,Hors intersection,Normale,Trois véhicules et plus - collisions multiples,1,3,3,0,1,1,1,0,1,90,,3,2,0,0,1,38.0,38.0,,,1,1,1,1,5
202100032995,2021-06-21 17:30:00,2021,6,21,17,30,78,78498,A13,48.905394,2.005188,Plein jour,Hors agglomération,Hors intersection,Normale,Deux véhicules - arrière,1,-1,3,0,1,1,1,0,1,110,,2,0,0,0,2,27.0,29.0,,,1,1,1,1,2
202100032996,2021-06-21 09:30:00,2021,6,21,9,30,78,78126,A13,48.835687,2.129683,Plein jour,Hors agglomération,Hors intersection,Normale,Deux véhicules - côté,1,3,3,0,1,1,1,0,1,110,,2,1,0,0,1,26.0,36.0,,,1,1,1,1,3