accident_id,datetime,annee,mois,jour,heure,minute,departement,commune_insee,adresse,latitude,longitude,luminosite,agglomeration,intersection,meteo,collision,catr,circ,nbv,vosp,prof,plan,surf,infra,situ,vma,nb_vehicules,nb_usagers,nb_indemnes,nb_tues,nb_blesses_hosp,nb_blesses_legers,age_cond_1,age_cond_2,veh_type_cond_1,veh_type_cond_2,lum_code,agg_code,int_code,atm_code,col_code
202100032997,2021-06-22 18:00:00,2021,6,22,18,0,95,95527,AUTOROUTE A1,49.02092,2.53377,Plein jour,Hors agglomération,Hors intersection,Normale,Trois véhicules et plus - en chaîne,1,3,7,0,1,1,1,1,1,90,,3,2,0,0,1,39.0,55.0,,,1,1,1,1,4
202100032998,2021-06-22 17:45:00,2021,6,22,17,45,93,93005,AUTOROUTE A3,48.96841,2.47878,Plein jour,Hors agglomération,Hors intersection,Pluie légère,Trois véhicules et plus - en chaîne,1,3,-1,0,1,1,2,0,1,90,,4,2,0,0,2,50.0,39.0,,,1,1,1,2,4
202100032999,2021-06-22 16:50:00,2021,6,22,16,50,95,95582, A115,48.97391,2.24589,Plein jour,Hors agglomération,Hors intersection,Pluie légère,Autre collision,1,1,2,0,2,3,2,0,1,70,,1,0,0,0,1,22.0,,,,1,1,1,2,6
202100033000,2021-06-22 12:00:00,2021,6,22,12,0,95,95018,A15,48.95646,2.27472,Plein jour,Hors agglomération,Hors intersection,Pluie forte,Autre collision,1,3,5,0,2,2,2,0,1,5,,1,0,0,0,1,24.0,,,,1,1,1,3,6
202100033001,2021-06-21 15:50:00,2021,6,21,15,50,92,92036,AUTOROUTE A15,48.9472253644,2.2815667997,Plein jour,Hors agglomération,Hors intersection,Normale,Autre collision,1,3,8,0,1,1,1,2,1,90,,2,0,0,0,2,23.0,,,,1,1,1,1,6
202100033002,2021-06-22 07:40:00,2021,6,22,7,40,93,93051,A4,48.83534,2.57026,Plein jour,Hors agglomération,Hors intersection,Normale,Deux véhicules - arrière,1,3,3,3,1,1,1,0,1,110,,2,1,0,0,1,51.0,53.0,,,1,1,1,1,2
202100033003,2021-06-19 22:44:00,2021,6,19,22,44,94,94069,A4,48.8169850612,2.4462833637,Nuit sans éclairage public,Hors agglomération,Hors intersection,Normale,Trois véhicules et plus - en chaîne,1,1,5,0,1,1,2,0,1,90,,9,5,0,1,3,60.0,23.0,,,3,1,1,1,4
202100033004,2021-06-21 21:30:00,2021,6,21,21,30,78,78358,CHATEAU (PLACE DU),48.94982,2.14924,Crépuscule ou aube,En agglomération,Hors intersection,Normale,Autre collision,4,1,1,0,1,1,1,9,1,30,,2,1,0,0,1,65.0,,,,2,2,1,1,6
202100033005,2021-06-20 15:00:00,2021,6,20,15,0,974,97411,DEBUSSY (CLAUDE),-20.88797,55.480663,Plein jour,En agglomération,Hors intersection,Normale,Sans collision,4,1,1,0,1,1,1,9,1,50,,2,1,0,1,0,23.0,,,,1,2,1,1,7
202100033006,2021-06-21 10:47:00,2021,6,21,10,47,69,69383,PAUL BERT (R),45.7557615835,4.8446327448,Plein jour,En agglomération,Intersection en T,Temps éblouissant,Autre collision,4,1,1,2,1,1,1,0,1,50,,3,1,1,0,1,65.0,,,,1,2,3,7,6
202100033007,2021-06-21 11:50:00,2021,6,21,11,50,974,97411,DOMENJOD (ROUTE DE),-20.91216,55.50235,Plein jour,Hors agglomération,Intersection en T,Normale,Deux véhicules - côté,4,2,1,0,2,1,1,5,1,50,,2,1,0,0,1,52.0,17.0,,,1,1,3,1,3
202100033008,2021-06-20 18:05:00,2021,6,20,18,5,974,97407,CARPAYE(AVENUE),-20.946409,55.298725,Nuit avec éclairage allumé,En agglomération,Hors intersection,Normale,Deux véhicules - côté,4,2,2,0,1,1,1,0,1,50,,2,1,0,1,0,24.0,58.0,,,5,2,1,1,3
202100033009,2021-06-21 08:50:00,2021,6,21,8,50,973,97302,MADELEINE (ROUTE DE LA),4.927812632,-52.3249963281,Plein jour,En agglomération,Hors intersection,Normale,Deux véhicules - côté,3,2,-1,0,1,1,1,0,1,50,,2,1,0,0,1,31.0,39.0,,,1,2,1,1,3
202100033010,2021-06-21 09:00:00,2021,6,21,9,0,69,69388,MONTAGNY (DE) (R),45.7323579455,4.850754647,Plein jour,En agglomération,Hors intersection,Normale,Trois véhicules et plus - collisions multiples,4,2,2,2,1,2,1,0,1,50,,3,2,0,0,1,48.0,33.0,,,1,2,1,1,5
202100033011,2021-06-04 16:51:00,2021,6,4,16,51,69,69383,VICTOR AUGAGNEUR (Q),45.75817,4.84086,Plein jour,En agglomération,Hors intersection,Normale,Deux véhicules - côté,4,2,2,1,1,1,1,6,5,20,,2,1,0,0,1,57.0,,,,1,2,1,1,3
202100033012,2021-06-21 07:45:00,2021,6,21,7,45,972,97209,AUTOROUTE (A1),14.61839,-61.03677,Plein jour,Hors agglomération,Hors intersection,Normale,Trois véhicules et plus - en chaîne,1,2,6,0,2,1,1,3,1,90,,3,0,0,0,3,32.0,39.0,,,1,1,1,1,4
202100033013,2021-06-21 16:10:00,2021,6,21,16,10,69,69286,HIPPODROME (DE) (L') (AV),45.81502,4.8852,Plein jour,En agglomération,Hors intersection,Normale,Deux véhicules - arrière,7,-1,1,0,1,1,1,0,1,50,,2,1,0,0,1,31.0,19.0,,,1,2,1,1,2
202100033014,2021-06-20 16:00:00,2021,6,20,16,0,69,69385,CHOULANS (DE) (MO),45.75232,4.81912,Plein jour,En agglomération,Hors intersection,Pluie forte,Trois véhicules et plus - en chaîne,4,1,2,0,2,2,2,0,1,50,,3,2,0,0,1,22.0,26.0,,,1,2,1,3,4
202100033015,2021-06-21 22:40:00,2021,6,21,22,40,91,91201,AV DE VILLIERS,48.68198,2.40551,Nuit avec éclairage allumé,En agglomération,Hors intersection,Normale,Autre collision,4,2,2,0,1,2,1,0,4,30,,2,1,0,1,0,30.0,,,,5,2,1,1,6
202100033016,2021-06-21 09:15:00,2021,6,21,9,15,91,91114,AV DU GAL LECLERC,48.68749,2.49342,Plein jour,En agglomération,Hors intersection,Normale,Trois véhicules et plus - en chaîne,3,2,0,0,1,1,1,0,1,30,,4,3,0,0,1,34.0,50.0,,,1,2,1,1,4
202100033017,2021-06-21 17:35:00,2021,6,21,17,35,91,91286,CORBEIL (ROUTE DE),48.65,2.39,Plein jour,En agglomération,Giratoire,Normale,Deux véhicules - arrière,3,1,2,0,1,1,1,0,1,50,,2,1,0,0,1,54.0,54.0,,,1,2,6,1,2
202100033018,2021-06-19 16:01:00,2021,6,19,16,1,87,87065,AUTOROUTE A20,45.7893,1.30327,Plein jour,Hors agglomération,Hors intersection,Pluie forte,Autre collision,1,3,4,0,1,3,2,0,1,110,,2,0,0,0,2,23.0,,,,1,1,1,3,6
202100033019,2021-06-18 20:11:00,2021,6,18,20,11,87,87048,CHENES (RUE DES),45.81034,1.24692,Plein jour,En agglomération,Hors intersection,Normale,Autre collision,4,2,2,0,1,1,1,0,1,50,,1,0,0,0,1,19.0,,,,1,2,1,1,6
202100033020,2021-06-18 13:02:00,2021,6,18,13,2,87,87085,NEXON (RUE DE),45.81465,1.2535,Plein jour,En agglomération,Hors intersection,Normale,Trois véhicules et plus - en chaîne,4,2,2,0,1,3,1,0,1,50,,3,2,0,0,1,46.0,40.0,,,1,2,1,1,4
202100033021,2021-06-19 20:30:00,2021,6,19,20,30,84,84007,MOTTET (Rue Agathe),43.931409,4.828242,Plein jour,En agglomération,Hors intersection,Normale,Autre collision,9,4,1,3,1,1,1,6,6,10,,2,1,0,0,1,,,,,1,2,1,1,6
202100033022,2021-06-12 07:50:00,2021,6,12,7,50,30,30351,Impasse du Pont,43.95438,4.79248,Plein jour,Hors agglomération,Hors intersection,Normale,Deux véhicules - arrière,4,2,2,0,2,1,1,8,1,50,,2,1,0,0,1,28.0,34.0,,,1,1,1,1,2
202100033023,2021-06-19 17:30:00,2021,6,19,17,30,83,83137,GRENIER (QUAI EMILE),43.134561,5.905957,Plein jour,En agglomération,Hors intersection,Normale,Trois véhicules et plus - en chaîne,4,-1,2,0,1,1,1,0,1,50,,4,1,0,0,3,45.0,49.0,,,1,2,1,1,4
202100033024,2021-06-12 11:50:00,2021,6,12,11,50,83,83123,Quai Charles de Gaulle,43.11772,5.80088,Plein jour,En agglomération,Hors intersection,Normale,Deux véhicules - côté,3,2,2,0,1,1,1,0,1,50,,2,1,0,0,1,61.0,33.0,,,1,2,1,1,3
202100033025,2021-06-15 19:10:00,2021,6,15,19,10,80,80021,ALLONVILLE (ROUTE D'),49.9207710843,2.327105999,Plein jour,Hors agglomération,Hors intersection,Normale,Deux véhicules - frontale,3,2,2,0,1,1,1,0,1,80,,2,1,0,0,1,38.0,17.0,,,1,1,1,1,1
202100033026,2021-06-15 15:45:00,2021,6,15,15,45,80,80021,RUE LOUIS THUILLIER,49.88182,2.30247,Plein jour,En agglomération,Hors intersection,Normale,Autre collision,4,1,1,0,1,1,1,0,1,50,,2,1,0,0,1,44.0,,,,1,2,1,1,6
202100033027,2021-06-22 01:25:00,2021,6,22,1,25,78,78350,VERSAILLES (ROUTE DE),48.86236,2.11068,Nuit avec éclairage allumé,En agglomération,Intersection en T,Temps couvert,Deux véhicules - arrière,2,2,4,0,2,1,2,0,1,70,,2,1,0,1,0,19.0,60.0,,,5,2,3,8,2
202100033028,2021-06-21 00:15:00,2021,6,21,0,15,77,77337,SALVADOR ALLENDE (BOULEVARD),48.848723,2.62096,Nuit avec éclairage allumé,En agglomération,Intersection en T,Pluie légère,Deux véhicules - côté,3,3,4,0,1,1,2,5,1,50,,5,2,0,2,1,24.0,28.0,,,5,2,3,2,3
202100033029,2021-06-21 12:40:00,2021,6,21,12,40,77,77288,route de montereau,48.540796,2.673838,Plein jour,En agglomération,Hors intersection,Normale,Autre collision,4,2,2,0,2,1,1,0,1,50,,2,1,0,1,0,59.0,,,,1,2,1,1,6
202100033030,2021-06-20 17:15:00,2021,6,20,17,15,76,76351,BIGNE A FOSSE,49.53036,0.10995,Plein jour,Hors agglomération,Hors intersection,Normale,Sans collision,4,2,2,0,1,1,1,0,1,50,,1,0,0,0,1,38.0,,,,1,1,1,1,7
202100033031,2021-06-20 16:15:00,2021,6,20,16,15,71,71270,Rue Winston Churchill,46.31613,4.83589,Plein jour,En agglomération,Hors intersection,Pluie forte,Autre collision,4,2,2,0,1,1,2,0,1,50,,3,2,0,0,1,72.0,,,,1,2,1,3,6
202100033032,2021-06-21 16:30:00,2021,6,21,16,30,69,69290,RHIN ET DANUBE (R)                    ,45.69537,4.94887,Plein jour,En agglomération,Hors intersection,Normale,Autre collision,4,2,2,0,2,1,1,0,1,30,,2,1,0,0,1,30.0,,,,1,2,1,1,6
202100033033,2021-06-18 15:20:00,2021,6,18,15,20,67,67482,SCHIRMECK (ROUTE DE),48.573058,7.717147,Plein jour,En agglomération,Intersection en T,Normale,Deux véhicules - côté,7,2,3,3,1,1,1,0,1,50,,3,1,0,0,2,44.0,39.0,,,1,2,3,1,3
202100033034,2021-06-04 09:05:00,2021,6,4,9,5,59,59350,FAUBOURG DE BETHUNE RUE,50.61751,3.02664,Plein jour,En agglomération,Intersection en X,Normale,Deux véhicules - côté,7,2,2,1,1,1,1,9,1,50,,2,1,0,0,1,31.0,,,,1,2,2,1,3
202100033035,2021-06-19 12:25:00,2021,6,19,12,25,59,59378,PAIX RUE DE LA,50.6629,3.08019,Plein jour,En agglomération,Intersection en T,Normale,Autre collision,4,1,1,0,1,1,1,0,1,30,,2,1,0,0,1,43.0,,,,1,2,3,1,6
202100033036,2021-06-18 08:35:00,2021,6,18,8,35,59,59414,LALLAING(ROUTE DE),50.36634,3.17861,Plein jour,En agglomération,Hors intersection,Normale,Trois véhicules et plus - collisions multiples,3,2,2,0,1,1,1,0,1,50,,5,2,0,1,2,30.0,46.0,,,1,2,1,1,5
202100033037,2021-06-20 19:15:00,2021,6,20,19,15,54,54482,ALEXANDRE 1ER (RUE),48.7001931207,6.2035645545,Plein jour,En agglomération,Hors intersection,Pluie légère,Autre collision,7,2,2,0,1,1,2,0,1,30,,3,2,0,0,1,60.0,,,,1,2,1,2,6
202100033038,2021-06-20 22:35:00,2021,6,20,22,35,51,51454,Rue Clovis Chezel,49.2404724027,4.0328964112,Nuit avec éclairage allumé,En agglomération,Intersection en T,Pluie légère,Deux véhicules - côté,4,2,2,0,1,1,2,5,1,50,,2,1,0,0,1,26.0,31.0,,,5,2,3,2,3
202100033039,2021-06-15 15:25:00,2021,6,15,15,25,50,50218,VILLAGE GENVRESSE,48.82586,-1.55389,Plein jour,Hors agglomération,Hors intersection,Normale,Deux véhicules - arrière,3,2,2,0,1,1,1,0,1,80,,2,1,0,0,1,88.0,49.0,,,1,1,1,1,2
202100033040,2021-06-18 18:23:00,2021,6,18,18,23,50,50165,MICHEL LECOSTEY (RUE),48.84847,-1.56971,Plein jour,En agglomération,Intersection en T,Normale,Trois véhicules et plus - en chaîne,4,2,2,0,1,1,1,0,1,30,,3,2,0,0,1,32.0,55.0,,,1,2,3,1,4
202100033041,2021-06-19 16:30:00,2021,6,19,16,30,49,49099,RD 158,47.0702,-0.91737,Plein jour,Hors agglomération,Hors intersection,Temps couvert,Deux véhicules - frontale,3,2,2,0,1,4,2,0,1,80,,3,0,0,3,0,34.0,56.0,,,1,1,1,8,1
202100033042,2021-06-21 20:48:00,2021,6,21,20,48,49,49267,A87N,47.4672,-0.51516,Plein jour,En agglomération,Hors intersection,Normale,Autre collision,1,3,4,0,1,1,2,0,1,90,,1,0,0,1,0,29.0,,,,1,2,1,1,6
202100033043,2021-06-19 15:47:00,2021,6,19,15,47,49,49267,A87N,47.46651,-0.51622,Plein jour,En agglomération,Hors intersection,Normale,Trois véhicules et plus - en chaîne,1,3,5,0,1,1,2,9,1,90,,6,3,0,0,3,39.0,49.0,,,1,2,1,1,4
202100033044,2021-06-21 14:53:00,2021,6,21,14,53,49,49007,BRESSIGNY,47.4662717251,-0.5474674793,Plein jour,En agglomération,Hors intersection,Normale,Autre collision,4,1,1,0,1,1,1,0,1,30,,3,1,0,1,1,79.0,,,,1,2,1,1,6
202100033045,2021-06-21 12:43:00,2021,6,21,12,43,45,45234,Rue Stanislas Julien,47.89975,1.89781,Plein jour,En agglomération,Intersection en X,Normale,Deux véhicules - côté,4,1,1,0,2,1,1,0,1,50,,2,1,0,0,1,71.0,20.0,,,1,2,2,1,3
202100033046,2021-06-21 10:30:00,2021,6,21,10,30,45,45302,D2701-PR 2+780,47.93885,1.89366,Plein jour,Hors agglomération,Intersection en T,Normale,Deux véhicules - arrière,7,3,4,0,1,3,1,0,1,50,,4,3,0,0,1,75.0,86.0,,,1,1,3,1,2
202100033047,2021-06-21 16:43:00,2021,6,21,16,43,37,37261,COLOMBIER (RUE),47.4121544212,0.6998889148,Plein jour,En agglomération,Intersection en Y,Normale,Autre collision,4,2,2,0,1,1,1,0,1,30,,7,4,0,0,3,53.0,21.0,,,1,2,4,1,6
202100033048,2021-06-20 16:30:00,2021,6,20,16,30,37,37233,BONNIN (AVENUE JEAN),47.3953567465,0.7123647855,Plein jour,En agglomération,Hors intersection,Normale,Deux véhicules - arrière,4,3,2,0,1,1,1,0,1,50,,3,2,0,1,0,71.0,48.0,,,1,2,1,1,2
202100033049,2021-06-18 18:00:00,2021,6,18,18,0,35,35288,BALUE (6 RUE DE LA),48.629147,-2.005751,Plein jour,En agglomération,Autre intersection,Normale,Deux véhicules - côté,4,2,3,0,2,1,1,0,4,50,,2,1,0,1,0,22.0,20.0,,,1,2,9,1,3
202100033050,2021-06-21 10:00:00,2021,6,21,10,0,35,35238,RN136,48.13875,-1.7,Plein jour,Hors agglomération,Hors intersection,Normale,Autre collision,2,3,4,0,1,2,1,0,3,90,,1,0,0,0,1,34.0,,,,1,1,1,1,6
202100033051,2021-06-21 10:30:00,2021,6,21,10,30,35,35334,EST (ROCADE),48.145528,-1.59034,Plein jour,Hors agglomération,Hors intersection,Normale,Sans collision,2,3,4,0,1,1,1,0,1,90,,1,0,0,0,1,36.0,,,,1,1,1,1,7
202100033052,2021-06-20 20:45:00,2021,6,20,20,45,35,35238,VOLCLAIR (BD LOUIS),48.088459,-1.667633,Crépuscule ou aube,En agglomération,Intersection en X,Pluie légère,Deux véhicules - côté,4,3,2,2,1,1,2,5,1,50,,2,1,0,0,1,32.0,,,,2,2,2,2,3
202100033053,2021-06-20 20:20:00,2021,6,20,20,20,34,34172,RENOUVIER (BOULEVARD),43.60485,3.86761,Plein jour,En agglomération,Intersection en X,Normale,Deux véhicules - côté,4,2,2,0,1,1,1,0,1,50,,2,1,0,0,1,28.0,29.0,,,1,2,2,1,3
202100033054,2021-06-22 01:00:00,2021,6,22,1,0,33,33063,Place Martyrs de la Résistance,44.84214,-0.58511,Nuit avec éclairage allumé,En agglomération,Hors intersection,Pluie légère,Deux véhicules - frontale,4,2,2,0,1,2,2,0,1,50,,2,1,0,0,1,21.0,65.0,,,5,2,1,2,1
202100033055,2021-06-22 00:25:00,2021,6,22,0,25,33,33063,Quai du Maréchal Lyautey,44.8422143976,-0.5698091714,Nuit avec éclairage allumé,En agglomération,Hors intersection,Normale,Autre collision,4,3,4,3,1,1,1,0,1,50,,2,1,0,0,1,,,,,5,2,1,1,6
202100033056,2021-06-21 17:15:00,2021,6,21,17,15,33,33063,Cours de la Marne,44.828274,-0.561246,Plein jour,En agglomération,Intersection en T,Normale,Deux véhicules - côté,4,2,2,3,1,1,1,-1,1,50,,2,1,0,0,1,28.0,54.0,,,1,2,3,1,3
202100033057,2021-06-21 05:15:00,2021,6,21,5,15,33,33119,Avenue Carnot,44.86315,-0.53008,Nuit avec éclairage allumé,En agglomération,Hors intersection,Normale,Deux véhicules - frontale,4,3,2,1,2,4,2,0,1,50,,2,1,0,1,0,60.0,23.0,,,5,2,1,1,1
202100033058,2021-06-21 13:50:00,2021,6,21,13,50,31,31555,RUE DU LOT,43.58014,1.4116,Plein jour,En agglomération,Hors intersection,Normale,Autre collision,4,2,2,0,1,1,1,0,1,50,,2,1,0,0,1,,,,,1,2,1,1,6
202100033059,2021-06-21 09:25:00,2021,6,21,9,25,29,29019,Boulevard de l’Europe,48.4152223509,-4.4768368283,Plein jour,En agglomération,Hors intersection,Normale,Deux véhicules - arrière,4,3,4,0,1,1,1,0,1,50,,2,0,0,0,2,19.0,66.0,,,1,2,1,1,2
202100033060,2021-06-17 16:40:00,2021,6,17,16,40,28,28085,CHASLES (BOULEVARD),48.44257,1.48646,Plein jour,En agglomération,Hors intersection,Normale,Deux véhicules - côté,4,2,4,0,1,1,1,0,1,30,,2,1,0,0,1,20.0,,,,1,2,1,1,3
202100033061,2021-06-20 12:30:00,2021,6,20,12,30,13,13056,CD 49,43.34028,5.0807,Plein jour,Hors agglomération,Hors intersection,Normale,Deux véhicules - côté,7,2,3,0,1,1,1,0,1,50,,2,1,0,0,1,21.0,55.0,,,1,1,1,1,3
202100033062,2021-06-21 17:30:00,2021,6,21,17,30,13,13210,CAPELETTE (AVENUE DE LA),43.27914,5.41384,Plein jour,En agglomération,Hors intersection,Normale,Deux véhicules - côté,4,2,2,0,1,1,1,0,1,50,,4,3,0,0,1,40.0,44.0,,,1,2,1,1,3
202100033063,2021-06-21 17:10:00,2021,6,21,17,10,13,13209,REGNY (TRAVERSE),43.263,5.417,Plein jour,En agglomération,Hors intersection,Normale,Trois véhicules et plus - collisions multiples,4,1,2,3,1,1,1,0,6,50,,4,2,0,0,2,34.0,,,,1,2,1,1,5
202100033064,2021-06-21 08:05:00,2021,6,21,8,5,13,13206,ROME (RUE DE),43.2921,5.38038,Plein jour,En agglomération,Intersection en X,Normale,Deux véhicules - côté,4,2,2,3,1,1,1,0,1,50,,2,1,0,0,1,49.0,53.0,,,1,2,2,1,3
202100033065,2021-06-21 02:31:00,2021,6,21,2,31,13,13208,PRADO (AVENUE DU),43.276584,5.389019,Nuit avec éclairage allumé,En agglomération,Hors intersection,Normale,Deux véhicules - frontale,4,1,1,0,1,1,1,9,4,50,,1,0,0,0,1,30.0,,,,5,2,1,1,1
202100033066,2021-06-17 18:40:00,2021,6,17,18,40,13,13028,BODIN (AVENUE EMILE),43.20235,5.58904,Plein jour,Hors agglomération,Hors intersection,Normale,Deux véhicules - frontale,7,2,2,0,2,2,1,1,1,70,,2,1,0,0,1,24.0,,,,1,1,1,1,1
202100033067,2021-06-21 11:00:00,2021,6,21,11,0,10,10387,Ae Pierre BROSSOLETTE,48.29167,4.07496,Plein jour,En agglomération,Hors intersection,Normale,Autre collision,4,2,4,0,1,1,1,9,1,30,,2,1,0,1,0,90.0,,,,1,2,1,1,6
202100033068,2021-06-18 16:25:00,2021,6,18,16,25,05,05061,LUYE ( ROUTE DE LA ),44.51037,6.0796,Plein jour,Hors agglomération,Hors intersection,Normale,Deux véhicules - frontale,3,2,2,0,1,1,1,0,1,80,,4,0,0,3,1,39.0,42.0,,,1,1,1,1,1
202100033069,2021-06-20 22:45:00,2021,6,20,22,45,75,75118,PORTE DE SAINT OUEN,48.9008329258,2.3338698481,Nuit avec éclairage allumé,En agglomération,Intersection en Y,Temps couvert,Sans collision,4,1,4,0,1,1,2,0,1,70,,1,0,0,1,0,36.0,,,,5,2,4,8,7
202100033070,2021-06-20 11:55:00,2021,6,20,11,55,75,75117,PORTE DE SAINT OUEN,48.900558,2.32762,Plein jour,En agglomération,Hors intersection,Normale,Deux véhicules - côté,4,-1,4,0,1,1,1,0,1,70,,2,1,0,0,1,34.0,47.0,,,1,2,1,1,3
202100033071,2021-06-21 17:25:00,2021,6,21,17,25,75,75114,RUE JULIA BARTET,48.825438,2.302346,Plein jour,En agglomération,Intersection en Y,Normale,Deux véhicules - côté,4,2,3,0,1,1,1,1,1,50,,3,1,0,1,1,59.0,28.0,,,1,2,4,1,3
202100033072,2021-06-18 23:05:00,2021,6,18,23,5,75,75113,RUE DE TOLBIAC,48.827288,2.368533,Nuit avec éclairage allumé,En agglomération,Intersection en X,Normale,Autre collision,4,2,3,0,1,1,1,0,1,30,,3,0,1,1,1,22.0,,,,5,2,2,1,6
202100033073,2021-06-21 15:54:00,2021,6,21,15,54,75,75105,RUE JUSSIEU,48.846991,2.353836,Plein jour,En agglomération,Hors intersection,Normale,Deux véhicules - côté,4,2,3,0,1,1,1,0,1,30,,3,1,0,0,2,29.0,22.0,,,1,2,1,1,3
202100033074,2021-06-21 20:15:00,2021,6,21,20,15,75,75120,RUE DE BELLEVILLE,48.876395,2.403928,Plein jour,En agglomération,Hors intersection,Normale,Autre collision,4,2,2,0,2,1,1,0,4,50,,2,0,0,0,2,32.0,,,,1,2,1,1,6
202100033075,2021-06-21 17:31:00,2021,6,21,17,31,75,75120,AVENUE GAMBETTA,48.871684,2.404377,Plein jour,En agglomération,Intersection à plus de 4 branches,Normale,Deux véhicules - côté,4,2,2,0,2,1,1,0,1,30,,2,1,0,0,1,,57.0,,,1,2,5,1,3
202100033076,2021-06-19 20:29:00,2021,6,19,20,29,75,75120,AVENUE GAMBETTA,48.870124,2.403022,Plein jour,En agglomération,Hors intersection,Pluie légère,Deux véhicules - côté,4,2,2,3,2,1,2,0,6,30,,2,1,0,1,0,40.0,21.0,,,1,2,1,2,3
202100033077,2021-06-21 11:05:00,2021,6,21,11,5,75,75119,AVENUE DE FLANDRE,48.892031,2.378761,Plein jour,En agglomération,Hors intersection,Normale,Autre collision,4,3,2,0,1,1,1,0,1,50,,2,1,0,0,1,27.0,,,,1,2,1,1,6
202100033078,2021-06-21 11:30:00,2021,6,21,11,30,75,75119,RUE DE MEAUX,48.882807,2.375667,Plein jour,En agglomération,Intersection en X,Normale,Deux véhicules - côté,4,1,1,0,1,1,1,0,1,30,,2,1,0,0,1,34.0,46.0,,,1,2,2,1,3
202100033079,2021-06-20 21:15:00,2021,6,20,21,15,75,75119,QUAI DE LA GIRONDE,48.892489,2.385553,Plein jour,En agglomération,Intersection en T,Normale,Deux véhicules - frontale,4,1,1,1,1,2,2,0,1,30,,2,1,0,0,1,28.0,54.0,,,1,2,3,1,1
202100033080,2021-06-20 02:30:00,2021,6,20,2,30,75,75119,AVENUE SIMON BOLIVAR,48.87969,2.374407,Nuit avec éclairage allumé,En agglomération,Intersection en T,Pluie légère,Autre collision,4,2,2,1,1,1,2,0,1,30,,2,0,0,2,0,45.0,,,,5,2,3,2,6
202100033081,2021-06-21 12:30:00,2021,6,21,12,30,75,75118,RUE MARX DORMOY,48.88944,2.359922,Plein jour,En agglomération,Hors intersection,Normale,Deux véhicules - arrière,4,2,4,0,1,1,1,0,1,50,,2,1,0,0,1,23.0,40.0,,,1,2,1,1,2
202100033082,2021-06-21 19:25:00,2021,6,21,19,25,75,75117,AVENUE DE VILLIERS,48.881802,2.314197,Plein jour,En agglomération,Hors intersection,Normale,Deux véhicules - côté,4,2,2,0,1,1,1,0,1,50,,2,1,0,0,1,61.0,25.0,,,1,2,1,1,3
202100033083,2021-06-21 14:30:00,2021,6,21,14,30,75,75112,BOULEVARD DIDEROT,48.846104,2.376013,Plein jour,En agglomération,Intersection en Y,Normale,Deux véhicules - côté,4,1,4,1,1,1,1,0,5,30,,2,1,0,0,1,35.0,62.0,,,1,2,4,1,3
202100033084,2021-06-21 10:41:00,2021,6,21,10,41,75,75108,RUE DE ROME,48.87722,2.323075,Plein jour,En agglomération,Intersection en T,Normale,Autre collision,4,2,4,0,2,1,1,0,1,50,,2,1,0,0,1,37.0,,,,1,2,3,1,6
202100033085,2021-06-21 18:40:00,2021,6,21,18,40,75,75103,RUE BEAUBOURG,48.862714,2.354291,Plein jour,En agglomération,Intersection en X,Normale,Autre collision,4,1,3,3,1,1,1,0,6,50,,2,1,0,0,1,21.0,,,,1,2,2,1,6
202100033086,2021-06-21 17:35:00,2021,6,21,17,35,75,75103,BOULEVARD DE SEBASTOPOL,48.863402,2.350951,Plein jour,En agglomération,Intersection en X,Normale,Sans collision,4,2,5,0,1,1,1,0,1,50,,1,0,0,0,1,43.0,,,,1,2,2,1,7
202100033087,2021-06-21 09:30:00,2021,6,21,9,30,94,94041,Quai Jules Guesde,48.8084,2.4078,Plein jour,En agglomération,Intersection en T,Normale,Trois véhicules et plus - collisions multiples,3,4,2,0,1,1,1,0,1,50,,4,3,0,0,1,28.0,21.0,,,1,2,3,1,5
202100033088,2021-06-14 08:40:00,2021,6,14,8,40,94,94067,Avenue du Général de Gaulle,48.844445,2.417587,Plein jour,En agglomération,Hors intersection,Normale,Autre collision,3,2,2,0,1,1,1,0,1,30,,2,1,0,0,1,50.0,,,,1,2,1,1,6
202100033089,2021-06-21 18:15:00,2021,6,21,18,15,94,94078,Rue de Paris,48.74631,2.44657,Plein jour,En agglomération,Place,Normale,Deux véhicules - côté,2,2,4,0,1,1,1,0,1,50,,2,1,0,1,0,63.0,63.0,,,1,2,7,1,3
202100033090,2021-06-21 20:15:00,2021,6,21,20,15,94,94046,GENERAL LECLERC (AV DU),48.814,2.4238,Plein jour,En agglomération,Hors intersection,Normale,Deux véhicules - côté,3,3,4,0,1,1,1,0,1,50,,2,1,0,0,1,35.0,53.0,,,1,2,1,1,3
202100033091,2021-06-21 15:00:00,2021,6,21,15,0,94,94046,Avenue Gambetta,48.8099347241,2.444050312,Plein jour,En agglomération,Hors intersection,Normale,Autre collision,4,2,2,0,1,1,1,0,1,50,,2,1,0,0,1,15.0,,,,1,2,1,1,6
202100033092,2021-06-20 05:09:00,2021,6,20,5,9,94,94076,REPUBLIQUE (AV DE LA),48.78698,2.35281,Plein jour,En agglomération,Hors intersection,Normale,Deux véhicules - frontale,3,2,2,0,1,1,1,0,1,50,,2,1,0,0,1,,,,,1,2,1,1,1
202100033093,2021-06-21 17:20:00,2021,6,21,17,20,94,94022,LUGO (AV DE),48.773289,2.409482,Plein jour,En agglomération,Giratoire,Normale,Deux véhicules - frontale,3,-1,2,0,1,1,1,0,1,50,,2,1,0,0,1,34.0,27.0,,,1,2,6,1,1