accident_id,datetime,annee,mois,jour,heure,minute,departement,commune_insee,adresse,latitude,longitude,luminosite,agglomeration,intersection,meteo,collision,catr,circ,nbv,vosp,prof,plan,surf,infra,situ,vma,nb_vehicules,nb_usagers,nb_indemnes,nb_tues,nb_blesses_hosp,nb_blesses_legers,age_cond_1,age_cond_2,veh_type_cond_1,veh_type_cond_2,lum_code,agg_code,int_code,atm_code,col_code
202100033094,2021-06-21 05:45:00,2021,6,21,5,45,94,94074,Route de la Pompadour,48.7699842103,2.4488997459,Plein jour,Hors agglomération,Hors intersection,Normale,Autre collision,2,1,1,0,1,4,1,0,1,30,,2,1,0,0,1,19.0,,,,1,1,1,1,6
202100033095,2021-06-20 19:30:00,2021,6,20,19,30,94,94019,LIBERATION (RTE DE LA),48.79963,2.54395,Plein jour,En agglomération,Hors intersection,Pluie forte,Trois véhicules et plus - en chaîne,3,1,2,0,1,1,2,0,1,50,,3,2,0,0,1,52.0,60.0,,,1,2,1,3,4
202100033096,2021-06-21 14:50:00,2021,6,21,14,50,93,93064,ROSNY 2 (CENTRE COMMERCIAL),48.88397,2.475563,Plein jour,En agglomération,Autre intersection,Normale,Autre collision,5,-1,0,0,1,1,1,9,8,30,,2,1,0,0,1,22.0,,,,1,2,9,1,6
202100033097,2021-06-20 12:50:00,2021,6,20,12,50,93,93050,Avenue Robert Schumann,48.873169,2.532367,Plein jour,En agglomération,Hors intersection,Normale,Sans collision,4,2,2,0,1,1,1,0,1,50,,1,0,0,0,1,37.0,,,,1,2,1,1,7
202100033098,2021-06-21 14:45:00,2021,6,21,14,45,93,93010,FERRY (RUE JULES),48.893649,2.475312,Plein jour,En agglomération,Hors intersection,Normale,Deux véhicules - frontale,4,2,2,0,1,2,1,0,1,50,,3,2,0,0,1,44.0,28.0,,,1,2,1,1,1
202100033099,2021-06-21 11:20:00,2021,6,21,11,20,93,93008,LENINE (BOULEVARD),48.90668,2.44434,Plein jour,En agglomération,Hors intersection,Normale,Autre collision,3,2,2,0,1,1,1,0,1,30,,2,1,0,0,1,28.0,,,,1,2,1,1,6
202100033100,2021-06-19 06:00:00,2021,6,19,6,0,92,92063,DIX-HUIT JUIN 1940 (AVENUE DU) EST,48.8651742477,2.20449619,Plein jour,En agglomération,Intersection en Y,Normale,Deux véhicules - arrière,3,2,2,0,1,1,1,5,1,50,,2,1,0,1,0,28.0,26.0,,,1,2,4,1,2
202100033101,2021-06-19 12:15:00,2021,6,19,12,15,92,92036,MARCEL PAUL (AVENUE) (1/103),48.9426138541,2.3029915988,Plein jour,En agglomération,Intersection en T,Normale,Sans collision,3,2,4,0,1,1,1,0,1,50,,3,0,0,0,3,25.0,,,,1,2,3,1,7
202100033102,2021-06-21 12:13:00,2021,6,21,12,13,92,92035,Rue des Fauvelles,48.9022895362,2.239754498,Plein jour,En agglomération,Intersection en X,Normale,Autre collision,3,-1,0,0,1,1,1,4,1,50,,2,1,0,0,1,48.0,,,,1,2,2,1,6
202100033103,2021-06-21 20:30:00,2021,6,21,20,30,92,92012,ESCUDIER (RUE) 1/47 - 2/38,48.84334,2.23662,Crépuscule ou aube,En agglomération,Intersection en X,Normale,Deux véhicules - côté,4,1,1,0,1,1,1,0,1,50,,2,1,0,0,1,,18.0,,,2,2,2,1,3
202100033104,2021-06-21 10:00:00,2021,6,21,10,0,92,92012,RHIN ET DANUBE (ROND POINT),48.8406449313,2.2288875282,Plein jour,En agglomération,Giratoire,Normale,Deux véhicules - côté,3,1,3,1,1,2,1,5,1,50,,2,1,0,0,1,69.0,54.0,,,1,2,6,1,3
202100033105,2021-06-13 08:50:00,2021,6,13,8,50,49,49127,Bois Vineau,47.67647,-0.297275,Plein jour,Hors agglomération,Hors intersection,Normale,Sans collision,3,2,2,0,1,1,1,0,3,80,,1,0,0,1,0,20.0,,,,1,1,1,1,7
202100033106,2021-06-21 15:30:00,2021,6,21,15,30,91,91458,D35,48.659193,2.231013,Plein jour,Hors agglomération,Autre intersection,Normale,Deux véhicules - frontale,3,2,2,0,1,1,1,0,1,-1,,3,1,0,0,2,21.0,44.0,,,1,1,9,1,1
202100033107,2021-06-21 21:45:00,2021,6,21,21,45,34,34239,A750,43.656955,3.518553,Nuit sans éclairage public,Hors agglomération,Autre intersection,Temps couvert,Autre collision,1,2,2,0,1,2,1,8,1,50,,1,0,0,1,0,55.0,,,,3,1,9,8,6
202100033108,2021-06-21 14:21:00,2021,6,21,14,21,15,15168,A75Pk 103+700,44.975895,3.186228,Plein jour,Hors agglomération,Hors intersection,Pluie forte,Sans collision,1,3,4,0,2,1,2,0,3,130,,1,0,0,0,1,32.0,,,,1,1,1,3,7
202100033109,2021-06-21 13:40:00,2021,6,21,13,40,62,62817,D60,50.270588,2.804732,Plein jour,Hors agglomération,Hors intersection,Normale,Deux véhicules - frontale,3,2,2,0,1,1,1,0,1,70,,2,1,0,1,0,21.0,40.0,,,1,1,1,1,1
202100033110,2021-06-22 00:15:00,2021,6,22,0,15,51,51576,D1,49.050697454,4.1348591441,Nuit sans éclairage public,Hors agglomération,Hors intersection,Normale,Sans collision,3,2,2,0,1,1,1,0,3,80,,1,0,0,1,0,19.0,,,,3,1,1,1,7
202100033111,2021-06-21 20:00:00,2021,6,21,20,0,56,56060,La Chenais,47.732067,-2.182638,Plein jour,Hors agglomération,Hors intersection,Normale,Autre collision,3,2,2,0,1,1,1,0,3,80,,1,0,0,1,0,23.0,,,,1,1,1,1,6
202100033112,2021-06-21 18:55:00,2021,6,21,18,55,56,56004,N165 sens Nantes/Brest,47.536558,-2.400159,Plein jour,Hors agglomération,Hors intersection,Normale,Deux véhicules - arrière,2,3,4,0,1,1,1,0,1,110,,2,0,1,0,1,86.0,29.0,,,1,1,1,1,2
202100033113,2021-06-17 15:10:00,2021,6,17,15,10,76,76298,D486,49.7340866397,0.3886145353,Plein jour,Hors agglomération,Hors intersection,Normale,Sans collision,3,2,2,0,1,1,1,0,3,80,,1,0,0,1,0,42.0,,,,1,1,1,1,7
202100033114,2021-06-22 07:32:00,2021,6,22,7,32,80,80241,Domart-en-Ponthieu,50.058434,2.115008,Plein jour,Hors agglomération,Hors intersection,Temps couvert,Autre collision,4,2,2,0,1,1,1,0,8,-1,,2,0,0,0,2,38.0,,,,1,1,1,8,6
202100033115,2021-05-15 18:00:00,2021,5,15,18,0,82,82186,Borde Basse,44.131949,0.886057,Plein jour,Hors agglomération,Hors intersection,Pluie forte,Autre collision,4,2,2,0,1,2,2,0,3,80,,1,0,0,1,0,36.0,,,,1,1,1,3,6
202100033116,2021-06-14 06:50:00,2021,6,14,6,50,32,32107,chemin de la terrasse,43.954134,0.351915,Crépuscule ou aube,Hors agglomération,Hors intersection,Normale,Sans collision,3,2,2,0,2,1,1,0,1,50,,1,0,0,1,0,49.0,,,,2,1,1,1,7
202100033117,2021-06-22 01:45:00,2021,6,22,1,45,55,55258,Fort de Gironville (Château),48.787326,5.670885,Nuit sans éclairage public,Hors agglomération,Hors intersection,Pluie légère,Sans collision,4,-1,2,0,2,3,2,0,3,50,,3,2,0,1,0,19.0,,,,3,1,1,2,7
202100033118,2021-06-22 12:20:00,2021,6,22,12,20,49,49010,D203,47.715724,-1.115069,Plein jour,Hors agglomération,Autre intersection,Temps couvert,Deux véhicules - frontale,3,-1,2,0,1,2,1,0,3,80,,2,1,0,1,0,16.0,30.0,,,1,1,9,8,1
202100033119,2021-06-22 11:45:00,2021,6,22,11,45,49,49030,Route de Longué RD 53,47.382304,-0.085477,Plein jour,Hors agglomération,Hors intersection,Normale,Deux véhicules - arrière,3,2,2,0,4,2,1,2,1,80,,2,1,0,1,0,75.0,71.0,,,1,1,1,1,2
202100033120,2021-06-20 22:45:00,2021,6,20,22,45,47,47097,D119,44.224728,0.358976,Crépuscule ou aube,Hors agglomération,Hors intersection,Normale,Autre collision,3,2,2,0,1,1,1,0,1,80,,1,0,0,1,0,58.0,,,,2,1,1,1,6
202100033121,2021-06-20 06:30:00,2021,6,20,6,30,29,29158,Rue du Goret,47.798177,-4.370209,Crépuscule ou aube,En agglomération,Hors intersection,Pluie légère,Autre collision,4,2,2,0,1,3,2,0,3,50,,1,0,0,0,1,17.0,,,,2,2,1,2,6
202100033122,2021-06-21 09:45:00,2021,6,21,9,45,31,31080,Avenue Charles Suran,43.285892,0.650725,Plein jour,En agglomération,Hors intersection,Normale,Autre collision,3,2,2,0,1,1,1,0,1,50,,2,1,1,0,0,87.0,,,,1,2,1,1,6
202100033123,2021-06-21 19:50:00,2021,6,21,19,50,84,84057,D60,43.914361,5.254533,Plein jour,Hors agglomération,Intersection en X,Normale,Deux véhicules - frontale,3,2,2,0,1,1,1,0,1,80,,2,1,0,1,0,64.0,22.0,,,1,1,2,1,1
202100033124,2021-06-21 18:20:00,2021,6,21,18,20,70,70044,Rue de Grandvelle,47.678276,6.161313,Plein jour,En agglomération,Hors intersection,Pluie forte,Deux véhicules - frontale,3,2,2,0,1,2,2,0,1,50,,2,1,0,1,0,24.0,53.0,,,1,2,1,3,1
202100033125,2021-06-22 08:30:00,2021,6,22,8,30,14,14194,Chemin de la Bunoserie,49.096829,0.391125,Plein jour,Hors agglomération,Hors intersection,Pluie forte,Deux véhicules - frontale,4,2,1,0,1,1,2,0,1,90,,4,3,0,1,0,26.0,39.0,,,1,1,1,3,1
202100033126,2021-06-22 09:10:00,2021,6,22,9,10,60,60253,Rd 151,49.587721,2.134609,Plein jour,Hors agglomération,Hors intersection,Pluie forte,Deux véhicules - arrière,3,2,2,0,1,1,2,0,1,80,,2,1,0,1,0,35.0,83.0,,,1,1,1,3,2
202100033127,2021-06-21 20:20:00,2021,6,21,20,20,64,64477,199 borciriette,43.183998,-1.328614,Plein jour,En agglomération,Hors intersection,Normale,Deux véhicules - frontale,3,2,2,0,2,2,2,0,1,50,,4,1,0,3,0,43.0,32.0,,,1,2,1,1,1
202100033128,2021-06-19 20:00:00,2021,6,19,20,0,43,43025,Lieu Dit les Bernauds,45.241865,4.068863,Plein jour,Hors agglomération,Hors intersection,Normale,Sans collision,4,2,1,0,2,2,1,0,3,80,,1,0,0,1,0,17.0,,,,1,1,1,1,7
202100033129,2021-06-18 22:45:00,2021,6,18,22,45,43,43115,RD 36,44.977364,4.037545,Nuit sans éclairage public,Hors agglomération,Hors intersection,Normale,Autre collision,3,2,2,0,1,1,1,0,3,90,,1,0,0,1,0,33.0,,,,3,1,1,1,6
202100033130,2021-06-22 17:06:00,2021,6,22,17,6,07,07110,D104,44.469577,4.231496,Plein jour,Hors agglomération,Autre intersection,Normale,Sans collision,3,2,2,0,4,2,1,5,1,80,,2,0,0,2,0,62.0,,,,1,1,9,1,7
202100033131,2021-06-20 11:08:00,2021,6,20,11,8,40,40075,D 378,43.857678,-1.171803,Plein jour,En agglomération,Hors intersection,Normale,Sans collision,3,2,2,0,1,1,1,0,3,80,,1,0,0,1,0,38.0,,,,1,2,1,1,7
202100033132,2021-06-20 19:14:00,2021,6,20,19,14,85,85047,Route des Sables d Olonne,46.829279,-1.876016,Plein jour,Hors agglomération,Hors intersection,Normale,Deux véhicules - frontale,3,2,2,0,1,1,1,0,1,80,,5,0,0,0,5,65.0,47.0,,,1,1,1,1,1
202100033133,2021-06-14 10:55:00,2021,6,14,10,55,27,27252,Route de Paris,49.145953,0.467783,Plein jour,Hors agglomération,Hors intersection,Normale,Trois véhicules et plus - en chaîne,3,1,1,0,1,1,1,0,1,80,,4,3,0,0,1,19.0,76.0,,,1,1,1,1,4
202100033134,2021-06-22 12:08:00,2021,6,22,12,8,30,30146,Chemin d Anduzette,43.990858,4.09974,Plein jour,Hors agglomération,Intersection en X,Normale,Deux véhicules - côté,4,3,2,0,1,1,1,0,1,50,,2,1,0,1,0,17.0,60.0,,,1,1,2,1,3
202100033135,2021-06-22 03:40:00,2021,6,22,3,40,48,48042,D806,44.584641,3.492719,Nuit sans éclairage public,Hors agglomération,Hors intersection,Normale,Autre collision,3,2,2,0,2,2,2,0,3,90,,1,0,0,1,0,18.0,,,,3,1,1,1,6
202100033136,2021-06-21 08:12:00,2021,6,21,8,12,88,88465,330 Rue d Alsace (Girmont),48.260781,6.442591,Plein jour,En agglomération,Hors intersection,Normale,Deux véhicules - arrière,3,2,2,0,1,1,1,0,1,50,,2,1,0,1,0,40.0,59.0,,,1,2,1,1,2
202100033137,2021-06-21 16:30:00,2021,6,21,16,30,03,03031,A 71 PK 297+000,46.382846,2.726782,Plein jour,Hors agglomération,Hors intersection,Normale,Deux véhicules - arrière,1,3,4,0,1,1,1,0,1,130,,3,2,0,1,0,20.0,58.0,,,1,1,1,1,2
202100033138,2021-06-22 07:00:00,2021,6,22,7,0,01,01032,A42,45.864403,5.144863,Plein jour,Hors agglomération,Hors intersection,Normale,Deux véhicules - arrière,1,3,5,0,2,1,2,0,1,130,,2,0,0,1,1,24.0,34.0,,,1,1,1,1,2
202100033139,2021-06-21 11:17:00,2021,6,21,11,17,67,67155,autoroute A35 pk 424+300,48.407554,7.480917,Plein jour,Hors agglomération,Autre intersection,Normale,Deux véhicules - côté,1,3,4,0,1,1,1,0,1,130,,3,2,0,0,1,47.0,20.0,,,1,1,9,1,3
202100033140,2021-06-21 18:20:00,2021,6,21,18,20,06,06088,"AUTOROUTE A8, pk 187+600, sens NICE-CANNES",43.680838,7.192998,Plein jour,Hors agglomération,Hors intersection,Normale,Sans collision,1,1,3,0,1,1,1,0,1,90,,1,0,0,0,1,35.0,,,,1,1,1,1,7
202100033141,2021-06-22 13:45:00,2021,6,22,13,45,49,49129,A11,47.502504,-0.50492,Plein jour,Hors agglomération,Hors intersection,Normale,Sans collision,1,1,2,0,2,3,1,3,1,50,,2,0,0,1,1,19.0,,,,1,1,1,1,7
202100033142,2021-06-20 03:30:00,2021,6,20,3,30,45,45008,A10 - PK 079+750,48.074151,1.849523,Nuit sans éclairage public,Hors agglomération,Hors intersection,Normale,Deux véhicules - côté,1,3,3,0,1,1,1,0,1,130,,5,1,0,1,3,56.0,,,,3,1,1,1,3
202100033143,2021-06-22 00:30:00,2021,6,22,0,30,95,95002,Route Departementale 14,49.0709092399,1.9677221775,Nuit sans éclairage public,Hors agglomération,Hors intersection,Pluie légère,Autre collision,3,1,1,0,1,3,2,3,1,70,,1,0,0,0,1,24.0,,,,3,1,1,2,6
202100033144,2021-06-22 13:20:00,2021,6,22,13,20,78,78531,A13 Point kilométrique 054.00,48.998296,1.613574,Plein jour,Hors agglomération,Hors intersection,Pluie forte,Deux véhicules - arrière,1,1,5,0,3,1,2,0,1,110,,4,2,0,0,2,43.0,58.0,,,1,1,1,3,2
202100033145,2021-06-21 16:55:00,2021,6,21,16,55,66,66008,D914,42.54237,3.013655,Plein jour,Hors agglomération,Hors intersection,Autre,Sans collision,3,3,4,0,1,1,1,0,2,-1,,1,0,0,1,0,56.0,,,,1,1,1,9,7
202100033146,2021-06-21 21:15:00,2021,6,21,21,15,83,83094,avenue Leclerc,43.340265,6.5473,Nuit avec éclairage allumé,En agglomération,Place,Normale,Autre collision,4,1,1,0,1,2,1,0,1,30,,2,0,0,1,1,73.0,,,,5,2,7,1,6
202100033147,2021-06-21 21:09:00,2021,6,21,21,9,83,83029,Route de Fayence,43.615398,6.741366,Plein jour,Hors agglomération,Hors intersection,Normale,Autre collision,3,2,2,0,2,1,1,0,1,80,,1,0,0,1,0,39.0,,,,1,1,1,1,6
202100033148,2021-06-21 18:50:00,2021,6,21,18,50,25,25384,D486,47.459724,6.314521,Plein jour,Hors agglomération,Hors intersection,Pluie forte,Sans collision,3,2,2,0,1,2,2,0,3,80,,2,0,1,0,1,29.0,,,,1,1,1,3,7
202100033149,2021-06-19 17:30:00,2021,6,19,17,30,73,73006,N90 - Roches de Villette,45.542412,6.613791,Plein jour,Hors agglomération,Hors intersection,Normale,Autre collision,2,2,2,0,1,2,1,0,1,70,,1,0,0,1,0,43.0,,,,1,1,1,1,6
202100033150,2021-06-21 13:30:00,2021,6,21,13,30,69,69184,D2 - ROUTE DE LA CHARINIÈRE,45.604671,4.559873,Plein jour,Hors agglomération,Intersection en T,Normale,Autre collision,3,2,2,0,2,1,1,5,1,80,,2,1,0,1,0,77.0,,,,1,1,3,1,6
202100033151,2021-06-14 13:40:00,2021,6,14,13,40,44,44026,route de paris,47.268949,-1.481524,Plein jour,Hors agglomération,Intersection en T,Normale,Deux véhicules - côté,7,3,4,0,1,1,1,0,1,70,,2,0,0,0,2,31.0,22.0,,,1,1,3,1,3
202100033152,2021-06-21 14:30:00,2021,6,21,14,30,76,76758,Rue Edmond Labbé,49.61683,0.75206,Plein jour,En agglomération,Intersection en Y,Normale,Autre collision,3,2,2,0,1,2,1,0,1,50,,3,2,0,1,0,40.0,,,,1,2,4,1,6
202100033153,2021-06-21 19:17:00,2021,6,21,19,17,76,76055,D37,49.637732,0.76811,Crépuscule ou aube,Hors agglomération,Hors intersection,Pluie forte,Deux véhicules - frontale,3,2,2,0,1,1,2,0,1,80,,3,0,0,2,1,79.0,19.0,,,2,1,1,3,1
202100033154,2021-06-22 02:10:00,2021,6,22,2,10,60,60241,N330,49.15411,2.667482,Nuit sans éclairage public,Hors agglomération,Hors intersection,Normale,Autre collision,2,2,2,0,1,1,1,0,1,80,,1,0,0,0,1,40.0,,,,3,1,1,1,6
202100033155,2021-06-15 17:15:00,2021,6,15,17,15,62,62705,RD 243,50.809474,1.778648,Plein jour,Hors agglomération,Intersection en X,Normale,Deux véhicules - arrière,3,2,2,0,2,3,1,0,1,80,,2,1,0,1,0,32.0,19.0,,,1,1,2,1,2
202100033156,2021-06-22 20:30:00,2021,6,22,20,30,59,59126,D643,50.317586,3.132498,Plein jour,Hors agglomération,Giratoire,Pluie légère,Sans collision,3,1,2,0,1,1,2,0,1,90,,1,0,0,0,1,24.0,,,,1,1,6,2,7
202100033157,2021-06-21 07:55:00,2021,6,21,7,55,13,13055,A507 sens Marseille - Aubagne,43.29922,5.42328,Plein jour,Hors agglomération,Hors intersection,Normale,Deux véhicules - arrière,1,1,3,0,1,1,1,1,1,70,,3,2,0,0,1,30.0,58.0,,,1,1,1,1,2
202100033158,2021-06-21 15:30:00,2021,6,21,15,30,33,33119,ROUTE NATIONALE 230,44.85007,-0.50416,Plein jour,Hors agglomération,Hors intersection,Normale,Deux véhicules - côté,2,3,6,0,1,1,1,0,1,90,,2,1,0,0,1,49.0,22.0,,,1,1,1,1,3
202100033159,2021-06-19 16:40:00,2021,6,19,16,40,59,59462,AUTOROUTE A1,50.51183346,3.0309015512,Plein jour,Hors agglomération,Hors intersection,Normale,Autre collision,1,3,4,0,1,1,1,0,1,130,,2,1,0,1,0,57.0,55.0,,,1,1,1,1,6
202100033160,2021-06-21 02:10:00,2021,6,21,2,10,94,94038,AUTOROUTE A6B,48.77336,2.34537,Nuit sans éclairage public,Hors agglomération,Hors intersection,Autre,Autre collision,1,1,12,0,1,1,2,3,3,90,,1,0,0,0,1,33.0,,,,3,1,1,9,6
202100033161,2021-06-19 22:20:00,2021,6,19,22,20,94,94043,AUTOROUTE A6B,48.8157,2.35661,Nuit avec éclairage allumé,Hors agglomération,Hors intersection,Pluie forte,Deux véhicules - côté,1,1,2,0,1,1,2,1,1,70,,3,2,0,0,1,23.0,26.0,,,5,1,1,3,3
202100033162,2021-06-21 09:10:00,2021,6,21,9,10,94,94038,AUTOROUTE A6B,48.78323,2.347,Plein jour,Hors agglomération,Hors intersection,Normale,Deux véhicules - côté,1,3,11,0,1,1,1,0,1,110,,2,1,0,0,1,29.0,61.0,,,1,1,1,1,3
202100033163,2021-06-21 06:00:00,2021,6,21,6,0,78,78640,A86 EXT,48.77721,2.223638,Plein jour,Hors agglomération,Hors intersection,Normale,Autre collision,1,3,6,0,1,1,1,0,1,90,,1,0,0,0,1,42.0,,,,1,1,1,1,6
202100033164,2021-06-20 10:57:00,2021,6,20,10,57,78,78640,A86 EXT,48.77956,2.19124,Plein jour,Hors agglomération,Hors intersection,Normale,Deux véhicules - arrière,1,1,3,0,1,1,1,0,1,110,,4,2,0,1,1,33.0,46.0,,,1,1,1,1,2
202100033165,2021-06-21 09:00:00,2021,6,21,9,0,93,93078,AUTOROUTE A104,48.96647,2.51502,Plein jour,Hors agglomération,Hors intersection,Normale,Deux véhicules - côté,1,-1,6,0,1,1,1,0,1,90,,2,1,0,0,1,24.0,30.0,,,1,1,1,1,3
202100033166,2021-06-20 23:45:00,2021,6,20,23,45,92,92036,AUTOROUTE A15,48.9492053212,2.2806984183,Nuit sans éclairage public,Hors agglomération,Hors intersection,Autre,Autre collision,1,3,8,0,1,1,2,2,1,90,,1,0,0,0,1,32.0,,,,3,1,1,9,6
202100033167,2021-06-20 17:05:00,2021,6,20,17,5,976,97611,passamanty-Vahibé ( route ),-12.80216,45.21262,Plein jour,En agglomération,Hors intersection,Normale,Autre collision,3,2,0,0,1,1,1,0,1,50,,2,1,0,0,1,61.0,,,,1,2,1,1,6
202100033168,2021-06-20 12:50:00,2021,6,20,12,50,33,33522,Route de Toulouse,44.8119,-0.573767,Plein jour,En agglomération,Intersection en T,Normale,Autre collision,4,2,2,2,1,1,1,0,1,50,,2,1,0,1,0,52.0,,,,1,2,3,1,6
202100033169,2021-06-20 09:30:00,2021,6,20,9,30,976,97611,passamanty-Vahibé ( route ),-12.80269,45.21393,Plein jour,En agglomération,Giratoire,Normale,Deux véhicules - côté,2,2,0,0,1,1,1,0,1,50,,2,1,0,0,1,52.0,40.0,,,1,2,6,1,3
202100033170,2021-06-19 19:40:00,2021,6,19,19,40,974,97416,RN3 (3),-21.31913,55.48952,Nuit sans éclairage public,Hors agglomération,Hors intersection,Normale,Trois véhicules et plus - collisions multiples,2,1,3,0,2,1,1,0,1,110,,3,0,0,0,3,49.0,23.0,,,3,1,1,1,5
202100033171,2021-06-19 14:30:00,2021,6,19,14,30,69,69388,JEAN MERMOZ                         (AV),45.73518,4.87316,Plein jour,En agglomération,Hors intersection,Normale,Sans collision,4,2,0,3,1,1,1,0,1,50,,1,0,0,0,1,20.0,,,,1,2,1,1,7
202100033172,2021-06-19 19:30:00,2021,6,19,19,30,69,69259,FRANCIS DE PRESSENSE                (AV),45.71721,4.87039,Plein jour,En agglomération,Intersection en T,Normale,Deux véhicules - côté,4,2,5,1,1,1,1,5,1,50,,3,1,0,0,2,50.0,25.0,,,1,2,3,1,3
202100033173,2021-06-19 23:55:00,2021,6,19,23,55,69,69387,VIENNE (DE) (RTE),45.74309,4.85041,Nuit avec éclairage allumé,En agglomération,Hors intersection,Normale,Sans collision,4,1,2,0,1,1,1,0,1,50,,1,0,0,1,0,35.0,,,,5,2,1,1,7
202100033174,2021-06-19 10:40:00,2021,6,19,10,40,69,69276,VIENNE (DE) (RTE),45.66404,4.85764,Plein jour,En agglomération,Intersection en X,Normale,Deux véhicules - arrière,7,2,2,0,1,1,1,0,1,50,,3,2,0,0,1,25.0,38.0,,,1,2,2,1,2
202100033175,2021-06-19 19:50:00,2021,6,19,19,50,69,69385,CHEMIN NEUF (DU) (MO),45.76041,4.8247,Plein jour,En agglomération,Hors intersection,Normale,Sans collision,4,1,2,1,2,1,1,0,1,50,,1,0,0,0,1,57.0,,,,1,2,1,1,7
202100033176,2021-06-19 13:10:00,2021,6,19,13,10,69,69382,PERRACHE (Q),45.7443883143,4.8266154036,Plein jour,En agglomération,Intersection en X,Normale,Deux véhicules - côté,4,1,4,0,1,1,1,2,8,50,,3,1,0,0,2,47.0,61.0,,,1,2,2,1,3
202100033177,2021-06-20 16:20:00,2021,6,20,16,20,69,69034,COSTE (R),45.78617,4.83368,Plein jour,En agglomération,Intersection en T,Pluie forte,Autre collision,4,2,4,3,1,2,2,0,1,50,,1,0,0,0,1,91.0,,,,1,2,3,3,6
202100033178,2021-06-15 20:30:00,2021,6,15,20,30,69,69382,MARECHAL JOFFRE (Q),45.75265,4.82461,Crépuscule ou aube,En agglomération,Intersection en T,Normale,Deux véhicules - côté,4,1,2,3,1,1,1,0,1,50,,4,2,0,1,1,18.0,28.0,,,2,2,3,1,3
202100033179,2021-06-20 21:25:00,2021,6,20,21,25,2A,2A004,PERI GABRIEL RUE,41.9156,8.73066,Crépuscule ou aube,En agglomération,Hors intersection,Normale,Sans collision,3,2,2,0,1,1,1,0,1,50,,2,0,0,0,2,50.0,,,,2,2,1,1,7
202100033180,2021-06-20 01:34:00,2021,6,20,1,34,95,95063,RUE JEAN JAURES,48.926429,2.222095,Nuit avec éclairage allumé,En agglomération,Hors intersection,Normale,Deux véhicules - arrière,4,2,2,0,1,1,1,0,1,50,,2,1,0,1,0,44.0,57.0,,,5,2,1,1,2
202100033181,2021-06-20 23:32:00,2021,6,20,23,32,91,91421,GUE (RUE DU),48.71376,2.45024,Nuit avec éclairage allumé,En agglomération,Hors intersection,Normale,Deux véhicules - côté,4,2,2,0,2,1,1,0,1,30,,2,1,0,0,1,27.0,,,,5,2,1,1,3
202100033182,2021-06-19 20:35:00,2021,6,19,20,35,91,91691,GABRIEL PERI(RUE) DU N°70 AU N°122,48.70586,2.48807,Plein jour,En agglomération,Hors intersection,Normale,Deux véhicules - frontale,3,2,1,0,2,1,1,0,1,50,,2,1,0,0,1,21.0,63.0,,,1,2,1,1,1
202100033183,2021-06-19 18:30:00,2021,6,19,18,30,83,83069,DECUGIS (AVENUE ALFRED),43.11602,6.14813,Plein jour,Hors agglomération,Hors intersection,Normale,Deux véhicules - côté,4,2,2,0,1,1,1,0,1,50,,2,1,0,0,1,64.0,46.0,,,1,1,1,1,3
202100033184,2021-06-19 18:00:00,2021,6,19,18,0,83,83069,GIENS (ROUTE DE ),43.06548,6.14722,Plein jour,Hors agglomération,Hors intersection,Normale,Deux véhicules - arrière,7,2,2,0,1,1,1,0,1,50,,2,1,0,0,1,28.0,47.0,,,1,1,1,1,2
202100033185,2021-06-20 08:45:00,2021,6,20,8,45,82,82121,DELTHIL (RUE CAMILLE),44.021,1.36475,Plein jour,En agglomération,Intersection en T,Normale,Deux véhicules - côté,4,1,1,0,1,1,1,0,1,50,,2,1,0,1,0,48.0,17.0,,,1,2,3,1,3
202100033186,2021-06-19 19:10:00,2021,6,19,19,10,68,68376,JONQUILLE (RUE DE LA),47.79917,7.31115,Plein jour,En agglomération,Hors intersection,Normale,Deux véhicules - côté,4,2,2,0,1,1,1,0,1,50,,2,1,0,0,1,43.0,8.0,,,1,2,1,1,3
202100033187,2021-06-20 18:30:00,2021,6,20,18,30,56,56260,Place de la Madeleine,47.65909,-2.77264,Plein jour,En agglomération,Hors intersection,Pluie légère,Deux véhicules - côté,4,2,3,0,1,1,2,0,1,50,,2,1,0,0,1,40.0,19.0,,,1,2,1,2,3
202100033188,2021-06-20 15:48:00,2021,6,20,15,48,49,49267,GEMMETRIE,47.46486,-0.49959,Plein jour,En agglomération,Hors intersection,Normale,Deux véhicules - frontale,4,2,2,0,1,1,1,0,1,50,,2,1,0,0,1,19.0,19.0,,,1,2,1,1,1
202100033189,2021-06-20 19:41:00,2021,6,20,19,41,46,46042,GAMBETTA (BOULEVARD LEON) N°IMPAIR,44.44467,1.44169,Plein jour,En agglomération,Intersection en X,Normale,Deux véhicules - frontale,4,2,2,0,1,1,1,0,1,50,,2,1,0,0,1,39.0,25.0,,,1,2,2,1,1
202100033190,2021-06-19 17:50:00,2021,6,19,17,50,45,45302,Rue Marcel Paul,47.94793,1.90861,Plein jour,En agglomération,Intersection en T,Pluie forte,Deux véhicules - côté,4,2,2,0,1,1,2,0,1,50,,2,1,0,0,1,45.0,26.0,,,1,2,3,3,3
202100033191,2021-06-20 20:35:00,2021,6,20,20,35,37,37261,SAINT-SAUVEUR (ROND POINT),47.37379,0.67842,Plein jour,En agglomération,Giratoire,Pluie légère,Autre collision,4,2,2,0,1,2,2,5,1,30,,2,1,0,0,1,27.0,19.0,,,1,2,6,2,6