accident_id,datetime,annee,mois,jour,heure,minute,departement,commune_insee,adresse,latitude,longitude,luminosite,agglomeration,intersection,meteo,collision,catr,circ,nbv,vosp,prof,plan,surf,infra,situ,vma,nb_vehicules,nb_usagers,nb_indemnes,nb_tues,nb_blesses_hosp,nb_blesses_legers,age_cond_1,age_cond_2,veh_type_cond_1,veh_type_cond_2,lum_code,agg_code,int_code,atm_code,col_code
202100033192,2021-06-20 12:55:00,2021,6,20,12,55,37,37122,JEAN JAURES,47.3483353127,0.6601144373,Plein jour,En agglomération,Hors intersection,Normale,Sans collision,4,2,2,1,1,1,1,9,3,50,,1,0,0,0,1,37.0,,,,1,2,1,1,7
202100033193,2021-06-20 17:05:00,2021,6,20,17,5,35,35238,VILLEBOIS MAREUIL (BD),48.1044,-1.65016,Plein jour,En agglomération,Hors intersection,Normale,Deux véhicules - côté,4,2,2,2,1,1,1,0,5,50,,2,1,0,0,1,25.0,81.0,,,1,2,1,1,3
202100033194,2021-06-18 23:00:00,2021,6,18,23,0,34,34032,GAMBARDELLA EMANUEL (RUE),43.335191,3.24936,Nuit avec éclairage allumé,En agglomération,Hors intersection,Normale,Autre collision,4,2,1,0,1,1,1,0,4,50,,3,0,0,1,2,20.0,,,,5,2,1,1,6
202100033195,2021-06-18 21:00:00,2021,6,18,21,0,34,34032,LANGUEDOC (BD DU),43.36371,3.23901,Plein jour,En agglomération,Hors intersection,Normale,Autre collision,4,2,2,0,1,1,1,0,1,50,,2,1,0,1,0,35.0,48.0,,,1,2,1,1,6
202100033196,2021-06-20 07:15:00,2021,6,20,7,15,33,33550,Rue de Montrignac,44.7772109922,-0.5657497441,Plein jour,En agglomération,Intersection en Y,Pluie légère,Autre collision,4,2,2,0,2,2,2,0,1,50,,2,1,0,0,1,21.0,,,,1,2,4,2,6
202100033197,2021-06-19 09:50:00,2021,6,19,9,50,31,31555,ALBI (RTE D) DU 1AU 243,43.63934,1.46588,Plein jour,En agglomération,Hors intersection,Normale,Trois véhicules et plus - en chaîne,7,2,2,1,1,1,1,0,1,50,,4,3,0,0,1,61.0,34.0,,,1,2,1,1,4
202100033198,2021-06-20 13:25:00,2021,6,20,13,25,27,27229,SAINT ANDRE (ROUTE DE),49.01159,1.16546,Plein jour,En agglomération,Intersection en T,Normale,Deux véhicules - côté,4,2,2,0,1,1,1,0,1,50,,3,1,0,0,2,60.0,17.0,,,1,2,3,1,3
202100033199,2021-06-20 02:00:00,2021,6,20,2,0,25,25056,CLEMENCEAU AVENUE G.,47.237345,6.006644,Nuit avec éclairage allumé,En agglomération,Intersection en X,Autre,Autre collision,4,-1,1,0,1,1,1,5,8,50,,1,0,0,0,1,40.0,,,,5,2,2,9,6
202100033200,2021-06-20 00:15:00,2021,6,20,0,15,15,15012,SENILHES,44.86815,2.44583,Nuit sans éclairage public,Hors agglomération,Hors intersection,Temps couvert,Sans collision,3,2,2,0,2,3,1,0,3,90,,1,0,0,0,1,26.0,,,,3,1,1,8,7
202100033201,2021-06-20 06:00:00,2021,6,20,6,0,13,13204,ALEX. FLEMING (BOULEVARD),43.3166272454,5.3970836406,Crépuscule ou aube,En agglomération,Hors intersection,Normale,Deux véhicules - arrière,4,3,4,0,2,1,1,2,1,50,,2,1,0,0,1,23.0,,,,2,2,1,1,2
202100033202,2021-06-19 19:20:00,2021,6,19,19,20,13,13028,DULAC (AVENUE GUILLAUME),43.19608,5.61288,Plein jour,En agglomération,Hors intersection,Normale,Deux véhicules - côté,7,2,2,0,1,1,1,0,1,50,,2,0,0,0,2,25.0,,,,1,2,1,1,3
202100033203,2021-06-20 03:40:00,2021,6,20,3,40,06,06069,VALBONNE (ROUTE),43.640015,6.980661,Nuit sans éclairage public,Hors agglomération,Hors intersection,Normale,Sans collision,3,2,2,0,1,1,1,0,4,50,,1,0,1,0,0,23.0,,,,3,1,1,1,7
202100033204,2021-06-18 22:35:00,2021,6,18,22,35,75,75114,PORTE D ORLEANS,48.819085,2.329623,Nuit avec éclairage allumé,En agglomération,Intersection en Y,Normale,Deux véhicules - côté,4,1,3,0,1,1,1,0,1,70,,4,2,0,0,2,20.0,22.0,,,5,2,4,1,3
202100033205,2021-06-18 23:20:00,2021,6,18,23,20,75,75114,PORTE D ORLEANS,48.819055,2.330442,Nuit avec éclairage allumé,En agglomération,Hors intersection,Normale,Deux véhicules - arrière,4,1,3,0,1,1,1,0,1,70,,3,1,0,0,2,63.0,33.0,,,5,2,1,1,2
202100033206,2021-06-20 18:46:00,2021,6,20,18,46,75,75119,AVENUE DE FLANDRE,48.888378,2.374126,Plein jour,En agglomération,Intersection en X,Pluie légère,Deux véhicules - côté,4,2,6,1,1,1,2,0,1,50,,3,2,0,0,1,19.0,31.0,,,1,2,2,2,3
202100033207,2021-06-20 16:25:00,2021,6,20,16,25,75,75119,PLACE DE LA BATAILLE DE STALINGRAD,48.882941,2.370143,Plein jour,En agglomération,Place,Normale,Autre collision,4,2,4,1,1,3,1,2,1,50,,2,1,0,0,1,41.0,,,,1,2,7,1,6
202100033208,2021-06-20 13:35:00,2021,6,20,13,35,75,75117,AVENUE DE LA PORTE DE SAINT OUEN,48.897747,2.329049,Plein jour,En agglomération,Intersection en X,Normale,Deux véhicules - côté,4,4,2,0,1,1,1,0,1,50,,2,1,0,0,1,35.0,64.0,,,1,2,2,1,3
202100033209,2021-06-20 14:30:00,2021,6,20,14,30,75,75118,BOULEVARD NEY,48.898484,2.353614,Plein jour,En agglomération,Hors intersection,Normale,Deux véhicules - frontale,4,1,-1,1,2,1,1,0,5,50,,2,1,0,0,1,78.0,,,,1,2,1,1,1
202100033210,2021-06-20 18:55:00,2021,6,20,18,55,75,75117,BOULEVARD PEREIRE,48.887686,2.305688,Plein jour,En agglomération,Hors intersection,Normale,Deux véhicules - côté,4,1,1,0,1,1,1,0,1,50,,2,1,0,0,1,25.0,27.0,,,1,2,1,1,3
202100033211,2021-06-20 09:50:00,2021,6,20,9,50,75,75116,ROUTE DES MOULINS,48.864551,2.233833,Plein jour,En agglomération,Hors intersection,Normale,Deux véhicules - frontale,4,1,2,1,1,1,1,0,1,50,,2,1,0,0,1,51.0,32.0,,,1,2,1,1,1
202100033212,2021-06-19 12:35:00,2021,6,19,12,35,75,75116,RUE JEAN DE LA FONTAINE,48.848992,2.266261,Plein jour,En agglomération,Intersection à plus de 4 branches,Normale,Autre collision,4,2,2,0,1,1,2,8,1,50,,2,0,0,0,2,22.0,,,,1,2,5,1,6
202100033213,2021-06-19 21:00:00,2021,6,19,21,0,75,75113,PLACE D ITALIE,48.831881,2.355859,Plein jour,En agglomération,Place,Temps couvert,Deux véhicules - côté,4,2,4,0,1,3,2,0,1,50,,2,1,0,0,1,19.0,35.0,,,1,2,7,8,3
202100033214,2021-06-19 13:45:00,2021,6,19,13,45,75,75111,BOULEVARD VOLTAIRE,48.861197,2.374435,Plein jour,En agglomération,Hors intersection,Normale,Autre collision,4,2,2,0,1,1,2,0,1,50,,3,1,0,0,2,36.0,,,,1,2,1,1,6
202100033215,2021-06-20 20:10:00,2021,6,20,20,10,75,75110,RUE DU FAUBOURG SAINT MARTIN,48.880405,2.364307,Crépuscule ou aube,En agglomération,Intersection en T,Pluie forte,Deux véhicules - arrière,4,2,2,0,1,1,2,0,1,50,,2,1,0,0,1,22.0,53.0,,,2,2,3,3,2
202100033216,2021-06-20 12:00:00,2021,6,20,12,0,75,75116,RUE DU RANELAGH,48.854638,2.273826,Plein jour,En agglomération,Hors intersection,Normale,Deux véhicules - côté,4,1,1,0,1,1,1,0,1,50,,2,1,0,0,1,49.0,61.0,,,1,2,1,1,3
202100033217,2021-06-15 12:11:00,2021,6,15,12,11,75,75108,PLACE DE LA CONCORDE,48.864143,2.3204,Plein jour,En agglomération,Place,Normale,Autre collision,4,2,8,1,1,1,1,0,5,50,,1,0,0,1,0,75.0,,,,1,2,7,1,6
202100033218,2021-06-20 13:30:00,2021,6,20,13,30,75,75101,RUE DE RIVOLI,48.862477,2.336252,Plein jour,En agglomération,Intersection en T,Normale,Deux véhicules - côté,4,3,3,1,1,1,1,0,5,50,,2,1,0,0,1,23.0,,,,1,2,3,1,3
202100033219,2021-06-16 08:30:00,2021,6,16,8,30,75,75104,VOIE GEORGES POMPIDOU,48.85031,2.361119,Plein jour,En agglomération,Hors intersection,Normale,Autre collision,4,2,2,0,1,1,1,2,1,20,,1,0,0,0,1,46.0,,,,1,2,1,1,6
202100033220,2021-06-20 10:50:00,2021,6,20,10,50,94,94022,avenue de Lugo,48.77329,2.40947,Plein jour,Hors agglomération,Intersection en X,Temps éblouissant,Deux véhicules - côté,1,1,2,0,2,1,1,3,1,50,,2,1,0,0,1,48.0,20.0,,,1,1,2,7,3
202100033221,2021-06-20 18:00:00,2021,6,20,18,0,94,94044,GABRIEL PERI (AV),48.754,2.484,Plein jour,En agglomération,Hors intersection,Normale,Deux véhicules - côté,3,2,2,0,1,1,1,0,1,30,,2,1,0,0,1,37.0,34.0,,,1,2,1,1,3
202100033222,2021-06-20 15:30:00,2021,6,20,15,30,94,94077,Quai du Halage,48.72508,2.435248,Plein jour,En agglomération,Hors intersection,Normale,Autre collision,4,1,1,0,1,1,1,0,4,30,,2,0,0,0,2,36.0,,,,1,2,1,1,6
202100033223,2021-06-20 00:50:00,2021,6,20,0,50,94,94021,Avenue de Stalingrad,48.761082,2.368358,Nuit avec éclairage allumé,En agglomération,Autre intersection,Temps couvert,Deux véhicules - arrière,3,1,3,0,1,1,2,2,8,50,,2,1,0,0,1,60.0,55.0,,,5,2,9,8,2
202100033224,2021-06-20 00:10:00,2021,6,20,0,10,93,93047,Avenue des Palmiers,48.89148,2.56022,Nuit avec éclairage allumé,En agglomération,Hors intersection,Normale,Autre collision,4,2,2,0,1,2,1,0,1,30,,1,0,0,0,1,19.0,,,,5,2,1,1,6
202100033225,2021-06-20 17:15:00,2021,6,20,17,15,93,93005,Carrefour Jean Monnet,48.954205,2.509152,Plein jour,En agglomération,Giratoire,Normale,Trois véhicules et plus - en chaîne,3,1,2,0,2,1,1,0,8,50,,4,3,0,0,1,47.0,30.0,,,1,2,6,1,4
202100033226,2021-06-20 16:30:00,2021,6,20,16,30,93,93005,EUGENE DELACROIX (RUE),48.953406,2.499003,Plein jour,En agglomération,Autre intersection,Normale,Deux véhicules - côté,4,2,2,0,1,1,1,0,1,50,,3,2,0,0,1,21.0,27.0,,,1,2,9,1,3
202100033227,2021-06-20 12:50:00,2021,6,20,12,50,92,92062,GODEFROY (RUE) PAIR,48.881227,2.242244,Plein jour,En agglomération,Hors intersection,Normale,Autre collision,4,2,2,0,1,1,1,9,4,30,,1,0,0,0,1,84.0,,,,1,2,1,1,6
202100033228,2021-06-20 16:00:00,2021,6,20,16,0,92,92032,LOMBARD (AVENUE),48.7870417439,2.293408066,Plein jour,En agglomération,Hors intersection,Normale,Autre collision,4,2,2,0,1,1,1,0,1,30,,2,1,0,0,1,53.0,,,,1,2,1,1,6
202100033229,2021-06-19 17:50:00,2021,6,19,17,50,39,39097,105 Rue de Chevru,46.748732,5.915809,Plein jour,En agglomération,Hors intersection,Normale,Deux véhicules - côté,4,2,2,0,1,1,1,0,1,50,,2,1,0,1,0,39.0,15.0,,,1,2,1,1,3
202100033230,2021-06-08 18:46:00,2021,6,8,18,46,47,47060,Route de Layrac,44.116299,0.728129,Plein jour,En agglomération,Intersection en T,Normale,Autre collision,3,2,2,0,2,3,1,5,3,50,,1,0,0,1,0,39.0,,,,1,2,3,1,6
202100033231,2021-06-20 10:40:00,2021,6,20,10,40,86,86275,Lieu-dit La Mornière,46.871936,0.480566,Plein jour,Hors agglomération,Hors intersection,Normale,Autre collision,3,2,2,0,2,1,1,0,1,80,,1,0,0,1,0,59.0,,,,1,1,1,1,6
202100033232,2021-06-20 16:00:00,2021,6,20,16,0,67,67103,D633,48.799596,7.405273,Plein jour,Hors agglomération,Hors intersection,Normale,Sans collision,3,2,2,0,1,1,1,0,3,80,,1,0,1,0,0,92.0,,,,1,1,1,1,7
202100033233,2021-06-21 14:29:00,2021,6,21,14,29,83,83073,PK 94+700,43.404578,6.2978814,Plein jour,Hors agglomération,Hors intersection,Normale,Autre collision,1,3,5,0,3,3,1,0,1,130,,2,1,0,1,0,67.0,,,,1,1,1,1,6
202100033234,2021-06-20 17:05:00,2021,6,20,17,5,10,10173,D444,48.20719,4.117926,Plein jour,Hors agglomération,Intersection en X,Normale,Deux véhicules - côté,3,2,2,0,1,1,1,0,1,80,,8,6,0,0,2,41.0,45.0,,,1,1,2,1,3
202100033235,2021-06-21 01:25:00,2021,6,21,1,25,59,59462,D41,50.494938,3.013397,Nuit avec éclairage allumé,Hors agglomération,Hors intersection,Pluie légère,Autre collision,3,2,2,0,1,2,2,0,3,50,,5,3,0,1,1,19.0,,,,5,1,1,2,6
202100033236,2021-06-21 10:50:00,2021,6,21,10,50,38,38337,Avenue Jean Jaures,45.35174,5.50054,Plein jour,En agglomération,Hors intersection,Normale,Sans collision,3,2,2,0,2,3,1,0,1,50,,1,0,1,0,0,45.0,,,,1,2,1,1,7
202100033237,2021-06-19 18:00:00,2021,6,19,18,0,30,30286,D981,43.984649,4.460491,Plein jour,Hors agglomération,Hors intersection,Normale,Deux véhicules - frontale,3,2,2,0,1,3,1,0,1,80,,4,0,0,1,3,24.0,60.0,,,1,1,1,1,1
202100033238,2021-06-20 08:05:00,2021,6,20,8,5,23,23065,Grande Rue,46.288989,1.601515,Crépuscule ou aube,Hors agglomération,Hors intersection,Pluie forte,Autre collision,3,2,2,0,2,1,2,0,3,90,,3,2,0,1,0,20.0,,,,2,1,1,3,6
202100033239,2021-06-20 12:30:00,2021,6,20,12,30,44,44071,rue des épinettes,47.199963,-1.441269,Plein jour,En agglomération,Giratoire,Normale,Deux véhicules - côté,3,2,2,0,1,1,1,0,1,50,,2,1,0,0,1,23.0,16.0,,,1,2,6,1,3
202100033240,2021-06-14 18:00:00,2021,6,14,18,0,51,51105,D980,49.2607180922,4.0907841183,Plein jour,Hors agglomération,Hors intersection,Normale,Sans collision,3,2,2,0,1,1,1,0,3,80,,1,0,0,0,1,17.0,,,,1,1,1,1,7
202100033241,2021-06-20 07:30:00,2021,6,20,7,30,51,51232,D33,49.301698,4.249134,Crépuscule ou aube,Hors agglomération,Hors intersection,Normale,Sans collision,3,2,2,0,1,1,1,0,3,80,,1,0,0,0,1,23.0,,,,2,1,1,1,7
202100033242,2021-06-18 08:50:00,2021,6,18,8,50,78,78192,Rue des Brossets,48.931797,1.621706,Plein jour,Hors agglomération,Intersection en X,Normale,Deux véhicules - côté,3,2,1,0,1,1,1,0,1,80,,2,1,0,0,1,47.0,33.0,,,1,1,2,1,3
202100033243,2021-06-21 09:30:00,2021,6,21,9,30,81,81235,intersection  D85 et voie communale VC5,43.519046,2.184166,Plein jour,Hors agglomération,Intersection en X,Normale,Deux véhicules - côté,3,2,2,0,3,1,1,5,1,80,,3,1,0,2,0,71.0,17.0,,,1,1,2,1,3
202100033244,2021-06-20 11:05:00,2021,6,20,11,5,71,71133,Place de la Mairie,46.290248,4.304358,Plein jour,En agglomération,Hors intersection,Normale,Autre collision,4,1,1,0,1,1,1,0,1,30,,2,1,0,1,0,77.0,,,,1,2,1,1,6
202100033245,2021-06-21 02:30:00,2021,6,21,2,30,89,89478,D100,47.681517,3.654667,Nuit sans éclairage public,Hors agglomération,Hors intersection,Normale,Sans collision,3,2,2,0,1,1,1,0,8,80,,3,0,1,2,0,19.0,,,,3,1,1,1,7
202100033246,2021-06-21 07:55:00,2021,6,21,7,55,63,63271,RD 906,45.93743257,3.48745716,Plein jour,Hors agglomération,Hors intersection,Normale,Autre collision,3,2,2,0,2,2,1,9,3,80,,1,0,1,0,0,52.0,,,,1,1,1,1,6
202100033247,2021-05-23 15:25:00,2021,5,23,15,25,49,49308,RD  123  lieu dit LES HAUTES BROSSES,47.367054,-0.481896,Plein jour,Hors agglomération,Hors intersection,Normale,Sans collision,3,2,2,0,1,3,1,0,1,90,,2,0,0,1,1,49.0,,,,1,1,1,1,7
202100033248,2021-06-20 22:15:00,2021,6,20,22,15,12,12195,D999,43.877301,2.787985,Nuit sans éclairage public,Hors agglomération,Hors intersection,Normale,Sans collision,3,2,2,0,2,1,2,0,3,90,,1,0,0,1,0,23.0,,,,3,1,1,1,7
202100033249,2021-06-19 18:18:00,2021,6,19,18,18,47,47285,D933,44.426923,0.12777,Plein jour,Hors agglomération,Hors intersection,Normale,Deux véhicules - arrière,3,2,2,0,1,1,1,0,1,80,,2,1,0,1,0,68.0,25.0,,,1,1,1,1,2
202100033250,2021-06-19 16:05:00,2021,6,19,16,5,22,22358,Beuzit Bras,48.615835,-3.148828,Plein jour,Hors agglomération,Hors intersection,Pluie légère,Deux véhicules - frontale,4,2,2,0,1,3,2,0,1,50,,6,5,0,1,0,30.0,37.0,,,1,1,1,2,1
202100033251,2021-06-20 15:20:00,2021,6,20,15,20,25,25551,D134,47.319538,6.868129,Plein jour,Hors agglomération,Hors intersection,Normale,Sans collision,3,2,2,0,2,3,1,0,1,80,,1,0,0,1,0,62.0,,,,1,1,1,1,7
202100033252,2021-06-20 17:37:00,2021,6,20,17,37,01,01204,D1084,46.163515,5.700392,Plein jour,Hors agglomération,Hors intersection,Pluie légère,Autre collision,3,2,2,0,1,2,2,0,1,50,,1,0,0,1,0,30.0,,,,1,1,1,2,6
202100033253,2021-06-20 13:35:00,2021,6,20,13,35,70,70037,43 rue des fontenis,47.532806,5.695735,Plein jour,En agglomération,Intersection en Y,Normale,Deux véhicules - côté,3,2,2,0,1,3,1,9,1,50,,2,1,0,1,0,58.0,76.0,,,1,2,4,1,3
202100033254,2021-06-20 20:50:00,2021,6,20,20,50,70,70219,CD9,47.536515,6.388528,Plein jour,Hors agglomération,Hors intersection,Pluie légère,Deux véhicules - côté,3,2,2,0,1,4,2,0,1,80,,2,1,0,1,0,29.0,22.0,,,1,1,1,2,3
202100033255,2021-06-19 11:40:00,2021,6,19,11,40,58,58197,D119,47.381018,3.681386,Plein jour,Hors agglomération,Hors intersection,Normale,Autre collision,3,2,2,0,1,1,1,0,3,80,,1,0,0,1,0,74.0,,,,1,1,1,1,6
202100033256,2021-06-21 05:45:00,2021,6,21,5,45,66,66016,1443 Boulevard Lassus,42.483998,3.131152,Crépuscule ou aube,En agglomération,Hors intersection,Normale,Autre collision,3,2,1,0,1,1,1,0,4,-1,,1,0,0,1,0,20.0,,,,2,2,1,1,6
202100033257,2021-06-21 17:00:00,2021,6,21,17,0,06,06150,1094 Route de Beausoleil,43.750341,7.416126,Plein jour,Hors agglomération,Autre intersection,Normale,Deux véhicules - côté,3,2,2,0,2,1,1,0,1,80,,2,0,0,2,0,44.0,50.0,,,1,1,9,1,3
202100033258,2021-06-20 18:25:00,2021,6,20,18,25,14,14342,D613,49.308281,-1.132793,Plein jour,Hors agglomération,Hors intersection,Normale,Deux véhicules - frontale,3,2,2,0,1,2,1,0,1,80,,7,0,3,4,0,26.0,72.0,,,1,1,1,1,1
202100033259,2021-06-14 19:10:00,2021,6,14,19,10,50,50588,la croix de pierre,49.536037,-1.46764,Plein jour,Hors agglomération,Intersection en X,Temps éblouissant,Deux véhicules - frontale,3,2,2,0,1,1,1,0,1,80,,2,1,0,1,0,75.0,30.0,,,1,1,2,7,1
202100033260,2021-06-18 15:00:00,2021,6,18,15,0,43,43091,Route du Gerbier,44.890912,4.162976,Plein jour,Hors agglomération,Hors intersection,Vent fort / tempête,Sans collision,3,2,2,0,2,2,1,0,3,80,,1,0,0,1,0,34.0,,,,1,1,1,6,7
202100033261,2021-06-19 12:30:00,2021,6,19,12,30,07,07197,D578,45.21436,4.669806,Plein jour,Hors agglomération,Intersection en T,Normale,Deux véhicules - côté,3,2,2,0,1,1,1,0,1,80,,2,1,0,0,1,46.0,16.0,,,1,1,3,1,3
202100033262,2021-06-20 11:55:00,2021,6,20,11,55,53,53062,Avenue Saint Fort,47.809898,-0.708339,Plein jour,En agglomération,Hors intersection,Temps couvert,Autre collision,3,2,2,0,1,1,2,0,3,70,,2,0,0,2,0,49.0,,,,1,2,1,8,6
202100033263,2021-06-20 20:30:00,2021,6,20,20,30,21,21004,1 rue du Mont Aigu,47.662988,4.73456,Plein jour,En agglomération,Hors intersection,Normale,Autre collision,3,2,1,0,3,1,1,0,3,50,,1,0,0,1,0,57.0,,,,1,2,1,1,6
202100033264,2021-06-20 16:45:00,2021,6,20,16,45,04,04204,RD 4085,43.884617,6.437763,Plein jour,Hors agglomération,Hors intersection,Normale,Sans collision,3,2,2,0,3,2,1,0,1,80,,1,0,0,1,0,50.0,,,,1,1,1,1,7
202100033265,2021-06-21 01:50:00,2021,6,21,1,50,17,17397,Chez Praud,45.912877,-0.653526,Nuit sans éclairage public,Hors agglomération,Hors intersection,Pluie légère,Sans collision,4,2,2,0,1,3,2,0,3,80,,1,0,0,1,0,29.0,,,,3,1,1,2,7
202100033266,2021-06-11 22:30:00,2021,6,11,22,30,17,17347,Intersection D 127 / rue de pelouaille,45.956013,-0.503161,Nuit sans éclairage public,Hors agglomération,Intersection en X,Normale,Deux véhicules - côté,3,2,2,0,1,1,1,0,1,80,,4,2,0,1,1,71.0,30.0,,,3,1,2,1,3
202100033267,2021-05-29 15:25:00,2021,5,29,15,25,68,68066,A35,48.056154,7.376354,Plein jour,Hors agglomération,Hors intersection,Normale,Deux véhicules - arrière,1,3,4,0,1,1,1,0,2,130,,2,1,0,0,1,47.0,48.0,,,1,1,1,1,2
202100033268,2021-06-21 04:15:00,2021,6,21,4,15,88,88440,A31,48.267966,5.861893,Nuit sans éclairage public,Hors agglomération,Hors intersection,Normale,Deux véhicules - côté,1,3,4,0,1,1,1,0,3,130,,2,1,0,0,1,43.0,50.0,,,3,1,1,1,3
202100033269,2021-06-17 23:30:00,2021,6,17,23,30,69,69007,ALLEES (DES) (BD),45.4908953949,4.8152196407,Nuit avec éclairage allumé,En agglomération,Hors intersection,Normale,Sans collision,3,2,2,0,1,1,1,0,1,50,,1,0,0,1,0,54.0,,,,5,2,1,1,7
202100033270,2021-06-20 18:00:00,2021,6,20,18,0,06,06157,Chemin de Vosgelades,43.716941,7.129829,Plein jour,En agglomération,Hors intersection,Pluie légère,Deux véhicules - frontale,4,2,2,0,2,2,2,0,1,50,,2,1,0,1,0,41.0,43.0,,,1,2,1,2,1
202100033271,2021-06-19 14:30:00,2021,6,19,14,30,70,70416,RN 19,47.665189,6.350902,Plein jour,En agglomération,Intersection en Y,Normale,Trois véhicules et plus - collisions multiples,2,2,2,0,1,1,1,0,1,50,,3,2,0,1,0,56.0,29.0,,,1,2,4,1,5
202100033272,2021-06-21 12:20:00,2021,6,21,12,20,89,89452,,48.009076,3.318726,Plein jour,Hors agglomération,Hors intersection,Normale,Deux véhicules - frontale,3,2,3,0,1,1,1,0,1,80,,4,0,1,3,0,80.0,75.0,,,1,1,1,1,1
202100033273,2021-03-26 20:47:00,2021,3,26,20,47,88,88251,D50,48.32293,6.678658,Nuit sans éclairage public,Hors agglomération,Hors intersection,Normale,Sans collision,3,2,2,0,1,2,1,0,3,80,,1,0,1,0,0,25.0,,,,3,1,1,1,7
202100033274,2021-06-14 14:00:00,2021,6,14,14,0,57,57433,Rue de Rome,49.200088,6.163024,Plein jour,En agglomération,Intersection en T,Temps éblouissant,Autre collision,4,2,2,0,1,1,1,0,1,50,,3,2,0,1,0,47.0,41.0,,,1,2,3,7,6
202100033275,2021-06-18 23:05:00,2021,6,18,23,5,38,38468,D4,45.352334,4.7905,Nuit sans éclairage public,Hors agglomération,Hors intersection,Normale,Deux véhicules - frontale,3,2,2,0,1,1,1,0,1,50,,4,1,0,1,2,26.0,30.0,,,3,1,1,1,1
202100033276,2021-06-21 10:30:00,2021,6,21,10,30,38,38374,Route du Bugey,45.65631,5.316836,Plein jour,Hors agglomération,Hors intersection,Normale,Autre collision,3,-1,2,0,1,1,1,0,8,80,,1,0,0,1,0,50.0,,,,1,1,1,1,6
202100033277,2021-06-16 10:23:00,2021,6,16,10,23,38,38540,D1532,45.268218,5.620357,Plein jour,En agglomération,Hors intersection,Normale,Deux véhicules - côté,7,4,3,0,1,1,1,5,1,50,,2,1,0,0,1,27.0,69.0,,,1,2,1,1,3
202100033278,2021-06-20 07:15:00,2021,6,20,7,15,26,26004,Route de Chabeuil,44.969026,5.024389,Crépuscule ou aube,Hors agglomération,Hors intersection,Normale,Autre collision,3,3,2,0,1,2,1,0,3,80,,3,0,0,1,2,21.0,,,,2,1,1,1,6
202100033279,2021-06-20 07:15:00,2021,6,20,7,15,26,26116,Route Nationale 7,44.429873,4.712534,Plein jour,En agglomération,Giratoire,Normale,Autre collision,2,1,1,0,1,3,1,5,8,50,,5,3,0,1,1,32.0,,,,1,2,6,1,6
202100033280,2021-06-21 17:00:00,2021,6,21,17,0,80,80447,Autoroute A1 pk 115+292,49.816131,2.82045,Plein jour,Hors agglomération,Hors intersection,Normale,Autre collision,1,3,3,0,1,1,1,0,8,130,,1,0,0,1,0,23.0,,,,1,1,1,1,6
202100033281,2021-06-20 17:00:00,2021,6,20,17,0,13,13071,A7-Sens Marseille vers Lyon,43.40669,5.32554,Plein jour,Hors agglomération,Hors intersection,Normale,Deux véhicules - côté,1,1,2,0,1,1,1,0,1,110,,2,1,0,0,1,21.0,33.0,,,1,1,1,1,3
202100033282,2021-06-19 19:15:00,2021,6,19,19,15,13,13106,A7-Sens Lyon vers Marseille,43.39507,5.35068,Plein jour,Hors agglomération,Hors intersection,Normale,Deux véhicules - côté,1,1,2,0,1,1,1,0,1,90,,2,1,0,0,1,41.0,23.0,,,1,1,1,1,3
202100033283,2021-06-20 02:18:00,2021,6,20,2,18,13,13202,A55-Sens Marseille vers Martigues,43.31092,5.36842,Nuit avec éclairage allumé,Hors agglomération,Autre intersection,Normale,Deux véhicules - frontale,1,1,2,0,3,2,1,2,1,50,,3,1,0,2,0,26.0,19.0,,,5,1,9,1,1
202100033284,2021-06-15 16:01:00,2021,6,15,16,1,13,13215,A7-Sens Lyon vers Marseille,43.37157,5.36101,Plein jour,Hors agglomération,Hors intersection,Normale,Trois véhicules et plus - en chaîne,1,2,6,0,1,1,1,0,1,90,,2,1,0,0,1,54.0,19.0,,,1,1,1,1,4
202100033285,2021-06-15 16:45:00,2021,6,15,16,45,67,67482,M35,48.58858,7.72994,Plein jour,Hors agglomération,Hors intersection,Normale,Trois véhicules et plus - collisions multiples,7,1,4,0,1,1,1,0,1,90,,5,4,0,0,1,49.0,28.0,,,1,1,1,1,5
202100033286,2021-06-19 11:55:00,2021,6,19,11,55,92,92025,A86,48.9189886921,2.2237886747,Plein jour,Hors agglomération,Hors intersection,Normale,Trois véhicules et plus - en chaîne,1,3,3,0,2,1,1,0,1,90,,4,3,0,0,1,25.0,31.0,,,1,1,1,1,4
202100033287,2021-06-20 19:10:00,2021,6,20,19,10,60,60494,AUTOROUTE A1,49.11439,2.55404,Plein jour,Hors agglomération,Hors intersection,Pluie légère,Deux véhicules - arrière,1,3,6,0,1,1,2,0,1,130,,4,1,0,0,3,48.0,23.0,,,1,1,1,2,2
202100033288,2021-06-20 11:30:00,2021,6,20,11,30,95,95018,AUTOROUTE A15,48.9628056614,2.2656336597,Plein jour,Hors agglomération,Hors intersection,Normale,Trois véhicules et plus - en chaîne,1,3,10,0,1,1,1,0,1,110,,5,4,0,0,1,26.0,36.0,,,1,1,1,1,4