accident_id,datetime,annee,mois,jour,heure,minute,departement,commune_insee,adresse,latitude,longitude,luminosite,agglomeration,intersection,meteo,collision,catr,circ,nbv,vosp,prof,plan,surf,infra,situ,vma,nb_vehicules,nb_usagers,nb_indemnes,nb_tues,nb_blesses_hosp,nb_blesses_legers,age_cond_1,age_cond_2,veh_type_cond_1,veh_type_cond_2,lum_code,agg_code,int_code,atm_code,col_code
202100033289,2021-06-19 22:20:00,2021,6,19,22,20,95,95424, A15,48.9895,2.20049,Nuit sans éclairage public,Hors agglomération,Hors intersection,Pluie légère,Autre collision,1,3,7,0,1,1,2,3,1,70,,1,0,0,0,1,31.0,,,,3,1,1,2,6
202100033290,2021-06-19 23:00:00,2021,6,19,23,0,95,95582,AUTOROUTE A15,48.97528,2.24239,Nuit sans éclairage public,Hors agglomération,Hors intersection,Pluie légère,Autre collision,1,3,6,0,2,2,2,0,1,110,,1,0,0,0,1,45.0,,,,3,1,1,2,6
202100033291,2021-06-19 22:20:00,2021,6,19,22,20,95,95306, A15,49.0021,2.17127,Nuit sans éclairage public,Hors agglomération,Hors intersection,Pluie forte,Deux véhicules - arrière,1,3,6,0,1,1,2,0,1,110,,2,1,0,0,1,33.0,20.0,,,3,1,1,3,2
202100033292,2021-06-19 21:50:00,2021,6,19,21,50,93,93027,AUTOROUTE A86,48.9284,2.41612,Crépuscule ou aube,Hors agglomération,Hors intersection,Pluie forte,Sans collision,1,3,6,0,1,1,2,0,1,90,,2,0,0,0,2,22.0,,,,2,1,1,3,7
202100033293,2021-06-20 19:10:00,2021,6,20,19,10,77,77122,RN104,48.6552396778,2.615810285,Crépuscule ou aube,Hors agglomération,Hors intersection,Pluie légère,Autre collision,2,3,3,0,1,1,2,0,1,110,,3,0,0,0,3,39.0,58.0,,,2,1,1,2,6
202100033294,2021-06-20 11:50:00,2021,6,20,11,50,77,77083,A4.W,48.8336,2.5925,Plein jour,Hors agglomération,Hors intersection,Normale,Deux véhicules - arrière,1,3,6,0,1,1,1,0,1,110,,2,1,0,0,1,30.0,22.0,,,1,1,1,1,2
202100033295,2021-06-20 00:30:00,2021,6,20,0,30,77,77294,A104,48.9714198105,2.5734611015,Nuit sans éclairage public,Hors agglomération,Hors intersection,Normale,Autre collision,1,1,4,0,1,1,4,0,1,90,,1,0,0,0,1,58.0,,,,3,1,1,1,6
202100033296,2021-06-19 11:20:00,2021,6,19,11,20,38,38185,RUE CHARLES RIVAIL,45.1784,5.74939,Plein jour,En agglomération,Intersection en X,Normale,Deux véhicules - frontale,4,2,2,0,1,1,1,0,1,50,,2,1,0,1,0,,,,,1,2,2,1,1
202100033297,2021-06-19 20:30:00,2021,6,19,20,30,75,75111,RUE AMELOT,48.862998,2.36723,Plein jour,En agglomération,Hors intersection,Pluie légère,Autre collision,4,2,2,1,1,1,2,0,5,30,,2,1,0,0,1,25.0,,,,1,2,1,2,6
202100033298,2021-06-14 18:50:00,2021,6,14,18,50,29,29039,Rue Lucien Vidie,47.89295,-3.91572,Plein jour,En agglomération,Hors intersection,Normale,Autre collision,4,2,2,0,1,1,1,0,8,50,,2,1,0,0,1,53.0,,,,1,2,1,1,6
202100033299,2021-06-14 17:00:00,2021,6,14,17,0,13,13206,BAILLE (BOULEVARD),43.28616,5.38433,Plein jour,En agglomération,Hors intersection,Normale,Deux véhicules - frontale,4,2,4,0,1,1,1,0,1,50,,2,0,0,0,2,40.0,,,,1,2,1,1,1
202100033300,2021-06-14 18:55:00,2021,6,14,18,55,973,97302,FELIX EBOUE(ROCADE),4.9381119292,-52.3166263104,Nuit avec éclairage allumé,En agglomération,Hors intersection,Normale,Deux véhicules - arrière,3,2,2,0,1,1,1,0,1,50,,2,1,0,1,0,27.0,37.0,,,5,2,1,1,2
202100033301,2021-06-14 22:45:00,2021,6,14,22,45,69,69387,BERTHELOT (AV),45.7407,4.85602,Crépuscule ou aube,En agglomération,Intersection en T,Normale,Deux véhicules - frontale,4,1,4,3,1,1,1,0,6,50,,4,3,0,0,1,32.0,22.0,,,2,2,3,1,1
202100033302,2021-06-14 16:00:00,2021,6,14,16,0,69,69199,ALBERT THOMAS (AV),45.7068784425,4.8590180576,Plein jour,En agglomération,Hors intersection,Normale,Autre collision,4,1,2,0,1,1,1,0,1,50,,2,1,0,0,1,38.0,,,,1,2,1,1,6
202100033303,2021-06-14 16:40:00,2021,6,14,16,40,69,69387,CHEVREUL (R),45.74822,4.84081,Plein jour,En agglomération,Intersection en X,Normale,Deux véhicules - côté,4,1,1,2,1,1,1,0,1,50,,2,1,0,0,1,51.0,24.0,,,1,2,2,1,3
202100033304,2021-06-14 14:05:00,2021,6,14,14,5,69,69383,MAZENOD (R),45.758673,4.844823,Plein jour,En agglomération,Intersection en X,Normale,Deux véhicules - côté,4,1,1,2,1,1,1,0,5,30,,2,1,0,0,1,34.0,27.0,,,1,2,2,1,3
202100033305,2021-06-14 14:10:00,2021,6,14,14,10,69,69386,GENERAL SARRAIL (DU) (Q),45.7677641999,4.8412519097,Plein jour,En agglomération,Hors intersection,Normale,Sans collision,4,-1,0,0,1,1,9,0,3,15,,1,0,0,0,1,78.0,,,,1,2,1,1,7
202100033306,2021-06-14 09:15:00,2021,6,14,9,15,69,69386,DUQUESNE (R),45.7728,4.846539,Plein jour,En agglomération,Intersection en X,Normale,Deux véhicules - côté,4,3,2,3,1,1,1,0,1,50,,2,1,0,0,1,48.0,27.0,,,1,2,2,1,3
202100033307,2021-06-13 13:55:00,2021,6,13,13,55,972,97213,ROUTE NATIONALE 5,14.5961,-60.99032,Plein jour,Hors agglomération,Hors intersection,Normale,Trois véhicules et plus - collisions multiples,2,1,3,0,1,1,1,0,1,70,,4,2,0,1,0,32.0,68.0,,,1,1,1,1,5
202100033308,2021-06-14 16:40:00,2021,6,14,16,40,69,69389,JOANNES CARRET (R),45.79294,4.82053,Plein jour,En agglomération,Hors intersection,Normale,Autre collision,4,2,2,0,1,1,1,0,1,50,,2,1,0,0,1,42.0,,,,1,2,1,1,6
202100033309,2021-06-12 18:15:00,2021,6,12,18,15,2B,2B033,MAGDELENA - RUE SANTA,42.67977,9.44191,Plein jour,En agglomération,Hors intersection,Normale,Deux véhicules - côté,4,2,2,0,2,3,1,0,1,50,,2,1,0,0,1,17.0,77.0,,,1,2,1,1,3
202100033310,2021-06-14 13:25:00,2021,6,14,13,25,2A,2A004,GEORGES POMPIDOU AVENUE,41.9332764496,8.7551077081,Plein jour,En agglomération,Hors intersection,Normale,Deux véhicules - arrière,2,1,3,0,1,1,1,0,1,50,,2,1,0,0,1,31.0,23.0,,,1,2,1,1,2
202100033311,2021-06-11 19:10:00,2021,6,11,19,10,95,95539,Rue du Luat,49.009149,2.352433,Plein jour,Hors agglomération,Hors intersection,Normale,Deux véhicules - côté,4,2,2,0,1,1,1,0,1,50,,4,0,0,0,4,50.0,43.0,,,1,1,1,1,3
202100033312,2021-06-14 20:00:00,2021,6,14,20,0,95,95019,Rue Jean Jaurès,48.99539,2.41965,Plein jour,En agglomération,Hors intersection,Temps éblouissant,Autre collision,4,2,2,0,2,1,1,0,1,50,,3,1,0,0,2,21.0,,,,1,2,1,7,6
202100033313,2021-06-14 21:27:00,2021,6,14,21,27,95,95574,RD 144,49.0071342347,2.2714394331,Crépuscule ou aube,En agglomération,Hors intersection,Normale,Deux véhicules - frontale,3,2,2,0,1,1,1,0,1,50,,2,1,0,1,0,18.0,19.0,,,2,2,1,1,1
202100033314,2021-06-14 08:30:00,2021,6,14,8,30,91,91645,VALLEE DE LA BIEVRES (VOIE DE LA),48.73812,2.25529,Plein jour,En agglomération,Hors intersection,Temps éblouissant,Deux véhicules - frontale,3,1,1,1,1,1,1,0,8,50,,2,0,0,1,1,24.0,32.0,,,1,2,1,7,1
202100033315,2021-06-12 12:15:00,2021,6,12,12,15,87,87085,TOULOUSE (RUE DE),45.80826,1.28697,Plein jour,En agglomération,Hors intersection,Normale,Sans collision,4,3,4,0,1,1,1,0,1,50,,1,0,0,0,1,25.0,,,,1,2,1,1,7
202100033316,2021-06-12 01:45:00,2021,6,12,1,45,86,86194,Voie André Malraux,46.584538,0.354116,Nuit avec éclairage non allumé,En agglomération,Hors intersection,Normale,Autre collision,4,3,4,2,3,2,1,0,1,50,,2,0,0,0,2,56.0,,,,4,2,1,1,6
202100033317,2021-06-10 23:05:00,2021,6,10,23,5,85,85194,Boulevard du Vendée Globe (Olonne-sur-Mer),46.51183,-1.79256,Nuit sans éclairage public,En agglomération,Hors intersection,Normale,Trois véhicules et plus - en chaîne,3,3,4,1,1,1,1,0,5,90,,3,1,1,0,1,21.0,28.0,,,3,2,1,1,4
202100033318,2021-06-14 19:00:00,2021,6,14,19,0,83,83137,PICOT (AVE DU COLONEL),43.12698,5.96139,Plein jour,En agglomération,Hors intersection,Normale,Deux véhicules - côté,7,2,2,0,1,1,1,0,1,50,,4,0,0,2,2,22.0,35.0,,,1,2,1,1,3
202100033319,2021-06-13 12:10:00,2021,6,13,12,10,78,78646,DIVISION LECLERC (RUE DE LA),48.80104,2.07934,Plein jour,Hors agglomération,Hors intersection,Normale,Deux véhicules - arrière,3,2,2,0,1,1,1,0,1,50,,2,1,0,1,0,19.0,20.0,,,1,1,1,1,2
202100033320,2021-06-14 14:15:00,2021,6,14,14,15,78,78672,ORGEVAL ROUTE D',48.932156,1.990255,Plein jour,En agglomération,Hors intersection,Normale,Deux véhicules - côté,4,2,2,0,1,1,1,0,1,50,,2,1,0,0,1,53.0,95.0,,,1,2,1,1,3
202100033321,2021-06-14 00:30:00,2021,6,14,0,30,77,77407,D607,48.5449,2.51302,Nuit sans éclairage public,Hors agglomération,Intersection en T,Normale,Autre collision,3,2,2,0,1,1,1,5,1,90,,3,1,0,1,1,21.0,62.0,,,3,1,3,1,6
202100033322,2021-06-12 06:15:00,2021,6,12,6,15,76,76351,JENNER (TUNNEL),49.50549,0.13419,Plein jour,En agglomération,Hors intersection,Normale,Autre collision,4,1,-1,0,2,1,1,1,1,50,,1,0,0,1,0,33.0,,,,1,2,1,1,6
202100033323,2021-06-11 06:45:00,2021,6,11,6,45,70,70388,RD457,47.599806,6.112847,Plein jour,Hors agglomération,Hors intersection,Normale,Deux véhicules - frontale,3,2,3,0,1,1,1,0,1,80,,2,0,0,1,1,39.0,48.0,,,1,1,1,1,1
202100033324,2021-06-14 07:50:00,2021,6,14,7,50,69,69092,TARARE (DE) (R),45.9810591788,4.6937355101,Crépuscule ou aube,En agglomération,Intersection en X,Normale,Deux véhicules - côté,3,2,2,0,1,1,1,0,1,50,,2,1,0,0,1,42.0,46.0,,,2,2,2,1,3
202100033325,2021-06-11 12:50:00,2021,6,11,12,50,67,67267,GRAFFENSTADEN (RUE DE),48.54895,7.6808,Plein jour,En agglomération,Hors intersection,Normale,Deux véhicules - frontale,7,2,2,0,1,1,1,0,1,50,,2,1,0,0,1,32.0,31.0,,,1,2,1,1,1
202100033326,2021-06-11 08:00:00,2021,6,11,8,0,67,67482,PONT SCHUHANSEN (RUE DU),48.541048,7.759225,Plein jour,En agglomération,Hors intersection,Normale,Autre collision,4,2,3,1,1,1,1,0,5,50,,3,2,0,0,1,47.0,40.0,,,1,2,1,1,6
202100033327,2021-06-13 01:16:00,2021,6,13,1,16,66,66136,REGNIER (HENRI DE),42.70804,2.88761,Nuit avec éclairage allumé,En agglomération,Intersection en T,Normale,Deux véhicules - côté,4,2,2,0,1,1,1,0,1,50,,2,1,0,0,1,30.0,22.0,,,5,2,3,1,3
202100033328,2021-06-12 23:30:00,2021,6,12,23,30,66,66136,R D 900,42.72982,2.88098,Nuit sans éclairage public,En agglomération,Hors intersection,Normale,Deux véhicules - arrière,3,3,4,0,1,1,1,0,1,110,,2,1,0,0,1,,31.0,,,3,2,1,1,2
202100033329,2021-06-12 03:00:00,2021,6,12,3,0,66,66136,Départementale  617,42.7080617288,2.9112348896,Nuit avec éclairage allumé,En agglomération,Hors intersection,Normale,Autre collision,3,1,1,0,2,3,1,3,1,50,,1,0,0,1,0,21.0,,,,5,2,1,1,6
202100033330,2021-06-11 19:18:00,2021,6,11,19,18,66,66136,LOUIS NOGUERES (BOULEVARD),42.72687,2.90069,Plein jour,En agglomération,Hors intersection,Normale,Deux véhicules - arrière,3,2,2,0,1,1,1,0,1,50,,2,1,0,0,1,24.0,38.0,,,1,2,1,1,2
202100033331,2021-06-13 23:00:00,2021,6,13,23,0,65,65226,DEPARTEMENTALE 94 (ROUTE),43.2155498953,0.0230669975,Nuit sans éclairage public,Hors agglomération,Hors intersection,Normale,Autre collision,3,2,2,0,1,2,1,0,3,50,,1,0,0,1,0,17.0,,,,3,1,1,1,6
202100033332,2021-06-13 09:45:00,2021,6,13,9,45,64,64102,LESTANQUET (CHEMIN DE),43.47775,-1.48807,Plein jour,En agglomération,Hors intersection,Normale,Sans collision,6,-1,0,0,1,1,1,0,1,50,,2,0,0,0,2,24.0,,,,1,2,1,1,7
202100033333,2021-06-11 23:30:00,2021,6,11,23,30,59,59383,RD 75,50.355437,3.560109,Nuit avec éclairage non allumé,Hors agglomération,Hors intersection,Normale,Sans collision,3,2,2,0,1,1,1,0,1,90,,2,0,1,1,0,51.0,,,,4,1,1,1,7
202100033334,2021-06-14 19:15:00,2021,6,14,19,15,59,59508,BARBUSSE (RUE HENRI),50.743552,3.129517,Plein jour,En agglomération,Hors intersection,Normale,Autre collision,4,2,2,0,1,1,1,5,1,50,,2,1,0,0,1,37.0,,,,1,2,1,1,6
202100033335,2021-06-14 18:15:00,2021,6,14,18,15,59,59299,GUESDE (RUE JULES),50.65766,3.192507,Plein jour,En agglomération,Intersection en X,Normale,Deux véhicules - côté,7,2,2,1,1,1,1,0,1,50,,2,1,0,1,0,42.0,12.0,,,1,2,2,1,3
202100033336,2021-06-13 17:25:00,2021,6,13,17,25,59,59239,CD 35,50.4015760502,3.1750498875,Plein jour,Hors agglomération,Hors intersection,Normale,Autre collision,3,2,2,0,1,1,1,0,1,80,,1,0,1,0,0,52.0,,,,1,1,1,1,6
202100033337,2021-06-14 09:01:00,2021,6,14,9,1,57,57463,ANDRE MALRAUX (AVENUE),49.103,6.18,Plein jour,En agglomération,Intersection en X,Normale,Autre collision,3,2,3,0,1,1,1,0,1,50,,2,1,0,1,0,19.0,,,,1,2,2,1,6
202100033338,2021-06-12 21:40:00,2021,6,12,21,40,56,56121,BRAILLE (RUE LOUIS),47.75469,-3.37278,Plein jour,En agglomération,Hors intersection,Normale,Autre collision,4,2,2,0,2,3,1,0,1,30,,1,0,0,0,1,51.0,,,,1,2,1,1,6
202100033339,2021-06-11 12:35:00,2021,6,11,12,35,56,56098,ETANG (RUE  DE L' ),47.76638,-3.32031,Plein jour,En agglomération,Hors intersection,Normale,Autre collision,4,2,2,0,1,3,1,0,4,30,,1,0,0,0,1,17.0,,,,1,2,1,1,6
202100033340,2021-06-10 12:50:00,2021,6,10,12,50,54,54167,MARONNIERS,48.67187,5.90751,Plein jour,En agglomération,Hors intersection,Normale,Autre collision,4,2,2,0,1,1,1,0,1,50,,2,1,1,0,0,65.0,,,,1,2,1,1,6
202100033341,2021-06-14 10:06:00,2021,6,14,10,6,51,51454,Avenue de Champagne,49.23902,4.04507,Plein jour,En agglomération,Hors intersection,Normale,Deux véhicules - arrière,3,1,3,0,1,1,1,0,1,50,,3,1,0,0,2,49.0,56.0,,,1,2,1,1,2
202100033342,2021-06-14 12:35:00,2021,6,14,12,35,44,44109,BOULEVARD JEAN PHILIPPOT,47.21194,-1.55532,Plein jour,En agglomération,Hors intersection,Normale,Deux véhicules - côté,4,2,2,2,1,1,1,0,1,30,,2,1,0,0,1,31.0,56.0,,,1,2,1,1,3
202100033343,2021-06-14 09:45:00,2021,6,14,9,45,42,42187,Rue Cuvier,46.04624,4.06601,Plein jour,En agglomération,Intersection en Y,Normale,Autre collision,4,2,2,1,1,1,1,5,1,50,,2,1,0,1,0,27.0,,,,1,2,4,1,6
202100033344,2021-06-14 12:40:00,2021,6,14,12,40,38,38185,Place de la Gare,45.19042,5.71588,Plein jour,En agglomération,Intersection en T,Normale,Autre collision,4,1,1,1,1,1,1,0,1,50,,2,1,0,0,1,65.0,,,,1,2,3,1,6
202100033345,2021-06-14 17:46:00,2021,6,14,17,46,35,35238,FEVAL (PAUL),48.10168,-1.67649,Plein jour,En agglomération,Autre intersection,Normale,Autre collision,4,2,2,0,3,1,1,5,1,50,,2,1,0,0,1,44.0,,,,1,2,9,1,6
202100033346,2021-06-14 11:51:00,2021,6,14,11,51,35,35238,RN 136,48.13439,-1.7065,Plein jour,Hors agglomération,Hors intersection,Normale,Deux véhicules - côté,2,3,4,0,1,1,1,0,1,90,,4,1,0,0,3,35.0,38.0,,,1,1,1,1,3
202100033347,2021-06-14 08:40:00,2021,6,14,8,40,35,35278,RD 137,48.15724,-1.703886,Plein jour,Hors agglomération,Hors intersection,Normale,Trois véhicules et plus - en chaîne,7,3,2,0,1,1,1,3,1,110,,3,1,0,0,2,23.0,57.0,,,1,1,1,1,4
202100033348,2021-06-13 17:40:00,2021,6,13,17,40,34,34129,D116,43.559083,3.865347,Plein jour,Hors agglomération,Hors intersection,Normale,Deux véhicules - côté,7,2,2,0,1,2,1,0,1,50,,2,1,0,0,1,68.0,56.0,,,1,1,1,1,3
202100033349,2021-06-14 20:20:00,2021,6,14,20,20,33,33522,Cours de la Libération,44.79268,-0.60512,Plein jour,En agglomération,Intersection en X,Normale,Deux véhicules - arrière,4,3,6,1,1,1,1,5,1,50,,3,1,0,0,2,26.0,24.0,,,1,2,2,1,2
202100033350,2021-06-14 17:50:00,2021,6,14,17,50,33,33069,Avenue d’Eysines,44.860695,-0.612476,Plein jour,En agglomération,Giratoire,Normale,Deux véhicules - côté,4,-1,4,0,1,1,1,0,1,50,,2,1,0,0,1,22.0,41.0,,,1,2,6,1,3
202100033351,2021-06-14 00:10:00,2021,6,14,0,10,33,33529,Boulevard de Cazaux,44.604932,-1.130101,Nuit avec éclairage non allumé,Hors agglomération,Giratoire,Normale,Autre collision,3,2,2,0,1,1,1,5,1,50,,1,0,0,0,1,21.0,,,,4,1,6,1,6
202100033352,2021-06-14 20:00:00,2021,6,14,20,0,33,33529,Avenue du Parc des Expositions,44.614906,-1.118725,Plein jour,En agglomération,Intersection en X,Normale,Deux véhicules - côté,4,2,2,0,1,1,1,0,1,50,,2,1,0,0,1,19.0,47.0,,,1,2,2,1,3
202100033353,2021-06-14 09:50:00,2021,6,14,9,50,33,33009,Rue de la Dune Pontac,44.65853,-1.15658,Plein jour,En agglomération,Hors intersection,Normale,Autre collision,4,2,2,0,1,1,1,0,1,50,,1,0,1,0,0,82.0,,,,1,2,1,1,6
202100033354,2021-06-14 09:05:00,2021,6,14,9,5,31,31555,AV JULES JULIEN,43.5759,1.45108,Plein jour,En agglomération,Hors intersection,Normale,Deux véhicules - côté,4,2,2,1,1,1,1,0,1,50,,2,1,0,1,0,18.0,28.0,,,1,2,1,1,3
202100033355,2021-06-12 19:25:00,2021,6,12,19,25,30,30189,ALES (ROUTE),43.8714,4.3205,Plein jour,Hors agglomération,Hors intersection,Normale,Autre collision,2,2,2,0,1,1,1,0,1,70,,1,0,0,0,1,26.0,,,,1,1,1,1,6
202100033356,2021-06-12 19:05:00,2021,6,12,19,5,30,30189,FAITA VINCENT (RUE),43.8445,4.3706,Plein jour,En agglomération,Intersection en T,Normale,Autre collision,4,2,2,0,1,1,1,0,1,50,,2,1,0,0,1,35.0,,,,1,2,3,1,6
202100033357,2021-06-14 13:20:00,2021,6,14,13,20,30,30007,Route du Pont de Grabieux,44.14152,4.08866,Plein jour,En agglomération,Hors intersection,Normale,Autre collision,4,2,2,0,1,1,1,8,1,30,,3,2,0,0,1,21.0,,,,1,2,1,1,6
202100033358,2021-06-13 17:26:00,2021,6,13,17,26,29,29019,Rue de la Villeneuve,48.41137,-4.45749,Plein jour,En agglomération,Hors intersection,Temps éblouissant,Deux véhicules - arrière,4,2,2,0,1,1,1,5,1,50,,4,1,0,0,3,24.0,38.0,,,1,2,1,7,2
202100033359,2021-06-14 20:25:00,2021,6,14,20,25,17,17300,MONNET   AVENUE JEAN,46.14308,-1.15327,Plein jour,En agglomération,Giratoire,Normale,Deux véhicules - frontale,4,-1,2,1,1,1,1,0,5,50,,2,1,0,1,0,21.0,24.0,,,1,2,6,1,1
202100033360,2021-06-11 19:35:00,2021,6,11,19,35,16,16102,Place Jean Monnet,45.692951,-0.327449,Plein jour,En agglomération,Intersection en T,Normale,Deux véhicules - côté,4,1,1,0,1,1,1,0,1,50,,3,2,0,1,0,16.0,54.0,,,1,2,3,1,3
202100033361,2021-06-13 17:39:00,2021,6,13,17,39,14,14001,Le Bourg,49.39331,0.291,Plein jour,En agglomération,Hors intersection,Normale,Deux véhicules - frontale,4,2,2,0,1,1,1,0,3,30,,3,2,0,1,0,28.0,31.0,,,1,2,1,1,1
202100033362,2021-06-14 20:40:00,2021,6,14,20,40,13,13208,PRADO (AVENUE DU),43.27851,5.3876,Plein jour,En agglomération,Hors intersection,Normale,Autre collision,4,2,1,1,1,1,1,0,5,25,,2,1,0,0,1,18.0,,,,1,2,1,1,6
202100033363,2021-06-14 07:58:00,2021,6,14,7,58,13,13207,CORSE (AVENUE DE LA),43.28931,5.36195,Plein jour,En agglomération,Hors intersection,Normale,Deux véhicules - frontale,4,2,4,0,2,1,1,0,1,50,,2,1,0,0,1,51.0,,,,1,2,1,1,1
202100033364,2021-06-14 08:45:00,2021,6,14,8,45,13,13215,LYON (RUE DE),43.32396,5.36744,Plein jour,En agglomération,Hors intersection,Normale,Deux véhicules - côté,4,2,2,0,1,1,1,0,1,50,,2,1,0,0,1,34.0,49.0,,,1,2,1,1,3
202100033365,2021-06-12 14:20:00,2021,6,12,14,20,10,10387,BLANQUI (RUE),48.30236,4.05195,Plein jour,En agglomération,Hors intersection,Normale,Deux véhicules - arrière,4,2,2,1,1,1,1,0,5,50,,2,1,0,0,1,58.0,49.0,,,1,2,1,1,2
202100033366,2021-06-14 12:05:00,2021,6,14,12,5,09,09225,9° R.C.P. AVENUE DU,43.11591,1.62594,Plein jour,En agglomération,Autre intersection,Normale,Trois véhicules et plus - en chaîne,3,2,2,0,1,1,1,0,1,50,,3,1,0,0,2,62.0,46.0,,,1,2,9,1,4
202100033367,2021-06-13 01:47:00,2021,6,13,1,47,06,06088,VOIE RAPIDE,43.7,7.26,Nuit avec éclairage allumé,En agglomération,Hors intersection,Normale,Deux véhicules - arrière,4,3,5,0,2,1,1,2,1,70,,2,1,1,0,0,40.0,35.0,,,5,2,1,1,2
202100033368,2021-06-15 01:15:00,2021,6,15,1,15,06,06069,DRAGUIGNAN (ROUTE DE) - D2562-,43.64349,6.90292,Nuit avec éclairage allumé,Hors agglomération,Hors intersection,Normale,Autre collision,3,2,2,0,2,3,1,0,3,50,,3,1,0,0,2,24.0,,,,5,1,1,1,6
202100033369,2021-06-13 16:45:00,2021,6,13,16,45,05,05061,LUYE ( ROUTE DE LA ),44.50972,6.06499,Plein jour,Hors agglomération,Hors intersection,Normale,Sans collision,3,2,2,0,1,2,1,0,1,80,,1,0,0,0,1,45.0,,,,1,1,1,1,7
202100033370,2021-06-11 14:45:00,2021,6,11,14,45,05,05061,RN85,44.58131,6.08122,Plein jour,Hors agglomération,Hors intersection,Normale,Deux véhicules - frontale,2,2,2,0,2,1,1,0,1,50,,4,0,0,1,3,33.0,40.0,,,1,1,1,1,1
202100033371,2021-06-14 08:35:00,2021,6,14,8,35,78,78361,Boulevard Maréchal Juin,48.99592,1.689615,Plein jour,En agglomération,Giratoire,Temps éblouissant,Autre collision,3,2,2,0,1,1,1,0,1,50,,2,1,0,1,0,85.0,,,,1,2,6,7,6
202100033372,2021-06-17 14:52:00,2021,6,17,14,52,66,66136,ARGELES SUR MER AVENUE D',42.6839,2.90912,Plein jour,En agglomération,Hors intersection,Normale,Autre collision,4,3,4,0,1,1,1,0,1,50,,2,1,0,0,1,50.0,,,,1,2,1,1,6
202100033373,2021-06-17 16:29:00,2021,6,17,16,29,57,57221,METZ (ROUTE DE),49.32007,6.15546,Plein jour,Hors agglomération,Hors intersection,Normale,Deux véhicules - arrière,3,2,3,0,1,1,1,0,1,80,,2,1,1,0,0,38.0,21.0,,,1,1,1,1,2
202100033374,2021-06-18 17:10:00,2021,6,18,17,10,974,97407,PICASSO(RUE),-20.95006,55.2963,Plein jour,En agglomération,Autre intersection,Normale,Sans collision,4,2,1,0,1,1,1,0,1,50,,1,0,0,0,1,20.0,,,,1,2,9,1,7
202100033375,2021-06-18 15:55:00,2021,6,18,15,55,974,97407,ROUTE NATIONALE N° 1,-20.9406620628,55.2991634832,Plein jour,Hors agglomération,Autre intersection,Normale,Deux véhicules - arrière,4,1,3,0,1,1,1,2,1,90,,3,2,0,0,1,34.0,,,,1,1,9,1,2
202100033376,2021-06-18 12:40:00,2021,6,18,12,40,69,69383,VERLET HANUS (R),45.75791,4.84943,Plein jour,En agglomération,Intersection en X,Normale,Deux véhicules - côté,4,1,1,0,1,1,1,0,1,50,,2,1,0,0,1,51.0,29.0,,,1,2,2,1,3
202100033377,2021-06-19 15:05:00,2021,6,19,15,5,69,69387,GARIBALDI (R),45.74515,4.84879,Plein jour,En agglomération,Intersection en X,Normale,Deux véhicules - côté,4,1,4,3,1,1,1,0,1,50,,2,1,0,0,1,47.0,24.0,,,1,2,2,1,3
202100033378,2021-06-19 12:45:00,2021,6,19,12,45,69,69386,MASSENA (R),45.76817,4.85443,Plein jour,En agglomération,Intersection en X,Normale,Deux véhicules - côté,4,1,1,0,1,1,1,0,1,50,,2,1,0,0,1,24.0,24.0,,,1,2,2,1,3
202100033379,2021-06-19 08:40:00,2021,6,19,8,40,69,69276,D312                                     ,45.67885,4.8503,Plein jour,En agglomération,Giratoire,Normale,Deux véhicules - frontale,7,2,3,0,1,3,1,9,1,70,,4,0,0,0,4,18.0,36.0,,,1,2,6,1,1
202100033380,2021-06-18 23:05:00,2021,6,18,23,5,972,97213,FOUR A CHAUX (CHEMIN DU),14.61052,-61.00365,Nuit avec éclairage non allumé,En agglomération,Intersection en T,Pluie légère,Deux véhicules - frontale,3,2,2,0,2,3,2,0,1,50,,4,3,0,0,1,26.0,30.0,,,4,2,3,2,1
202100033381,2021-06-19 19:45:00,2021,6,19,19,45,972,97209,MARNE (BOULEVARD DE LA),14.603822,-61.07994,Nuit avec éclairage allumé,En agglomération,Hors intersection,Pluie légère,Autre collision,2,3,4,0,1,3,2,9,1,30,,2,1,0,0,1,33.0,,,,5,2,1,2,6
202100033382,2021-06-18 21:00:00,2021,6,18,21,0,972,97209,REDOUTE (ROUTE DE LA),14.63495,-61.05522,Nuit avec éclairage allumé,En agglomération,Hors intersection,Normale,Deux véhicules - arrière,2,2,2,0,2,2,1,0,1,50,,2,1,0,0,1,22.0,51.0,,,5,2,1,1,2
202100033383,2021-06-16 19:00:00,2021,6,16,19,0,69,69384,AIME BOUSSANGE (R),45.77547,4.83475,Plein jour,En agglomération,Intersection en X,Normale,Deux véhicules - frontale,4,2,2,1,2,1,1,0,1,30,,3,2,0,0,1,29.0,72.0,,,1,2,2,1,1
202100033384,2021-06-18 07:30:00,2021,6,18,7,30,69,69149,SARRA (DE LA) (R),45.7103677795,4.8021654089,Plein jour,En agglomération,Intersection en X,Normale,Deux véhicules - côté,4,2,2,0,1,1,1,5,1,30,,2,1,0,0,1,20.0,43.0,,,1,2,2,1,3
202100033385,2021-06-19 22:15:00,2021,6,19,22,15,2B,2B120,11 - RT,42.637,9.43723,Nuit avec éclairage allumé,Hors agglomération,Hors intersection,Normale,Deux véhicules - arrière,2,1,2,0,3,1,1,3,1,90,,8,4,0,0,4,42.0,80.0,,,5,1,1,1,2
202100033386,2021-06-19 17:11:00,2021,6,19,17,11,76,76322,RAVEL. BOULEVARD MAURICE,49.4059202286,1.0441843048,Plein jour,En agglomération,Hors intersection,Normale,Deux véhicules - frontale,4,2,2,0,2,1,2,4,1,50,,2,1,0,0,1,12.0,39.0,,,1,2,1,1,1