accident_id,datetime,annee,mois,jour,heure,minute,departement,commune_insee,adresse,latitude,longitude,luminosite,agglomeration,intersection,meteo,collision,catr,circ,nbv,vosp,prof,plan,surf,infra,situ,vma,nb_vehicules,nb_usagers,nb_indemnes,nb_tues,nb_blesses_hosp,nb_blesses_legers,age_cond_1,age_cond_2,veh_type_cond_1,veh_type_cond_2,lum_code,agg_code,int_code,atm_code,col_code
202100033387,2021-06-19 11:00:00,2021,6,19,11,0,74,74012,ROMAGNY (RUE DE),46.19691,6.25003,Plein jour,En agglomération,Hors intersection,Normale,Deux véhicules - arrière,4,2,2,0,1,1,1,0,1,50,,2,1,0,0,1,69.0,43.0,,,1,2,1,1,2
202100033388,2021-06-18 17:00:00,2021,6,18,17,0,73,73065,LANFREY PIERRE (AVENUE),45.56916,5.9151,Plein jour,En agglomération,Hors intersection,Temps éblouissant,Autre collision,4,2,2,0,1,1,1,0,1,50,,3,2,0,0,1,87.0,,,,1,2,1,7,6
202100033389,2021-06-19 23:05:00,2021,6,19,23,5,72,72181,DURAND GEORGES (AV) N° PAIRS 166 A 310,47.97416,0.21579,Nuit avec éclairage allumé,En agglomération,Giratoire,Pluie forte,Deux véhicules - arrière,4,2,2,3,1,3,2,0,1,50,,2,1,0,0,1,53.0,16.0,,,5,2,6,3,2
202100033390,2021-06-18 23:00:00,2021,6,18,23,0,71,71153,92b Rue du Marechal Joffre,46.79112,4.41185,Nuit avec éclairage allumé,En agglomération,Hors intersection,Normale,Autre collision,3,3,2,0,1,1,1,0,1,50,,1,0,0,1,0,36.0,,,,5,2,1,1,6
202100033391,2021-06-19 15:30:00,2021,6,19,15,30,69,69266,GABRIEL PERI (R),45.7716333125,4.8649699241,Plein jour,En agglomération,Hors intersection,Normale,Deux véhicules - côté,4,2,2,2,1,1,1,0,1,50,,3,1,0,0,2,19.0,20.0,,,1,2,1,1,3
202100033392,2021-06-19 13:40:00,2021,6,19,13,40,69,69266,JEAN JAURES (R),45.75759,4.88262,Plein jour,En agglomération,Intersection en T,Normale,Deux véhicules - côté,4,3,4,2,1,1,1,0,5,50,,2,1,0,0,1,29.0,22.0,,,1,2,3,1,3
202100033393,2021-06-19 10:50:00,2021,6,19,10,50,69,69266,PAUL VERLAINE (R),45.7682810991,4.880210638,Plein jour,En agglomération,Intersection en X,Normale,Autre collision,4,2,2,0,1,1,1,5,1,50,,2,1,0,0,1,40.0,,,,1,2,2,1,6
202100033394,2021-06-20 01:30:00,2021,6,20,1,30,65,65417,MITTERRAND (AVENUE FRANCOIS),43.232744,0.092418,Nuit avec éclairage allumé,En agglomération,Hors intersection,Normale,Autre collision,2,2,2,0,1,1,1,0,1,50,,1,0,0,0,1,31.0,,,,5,2,1,1,6
202100033395,2021-06-19 11:40:00,2021,6,19,11,40,65,65440,PAU (ROUTE DE),43.2381,0.04012,Plein jour,En agglomération,Hors intersection,Normale,Trois véhicules et plus - en chaîne,3,2,2,0,1,1,1,0,1,50,,3,2,0,0,1,69.0,53.0,,,1,2,1,1,4
202100033396,2021-06-19 18:00:00,2021,6,19,18,0,64,64483,ITHURRALDE ANDRE (AVENUE),43.3939336067,-1.6503695119,Plein jour,En agglomération,Hors intersection,Temps couvert,Deux véhicules - côté,3,2,2,0,1,1,1,0,1,50,,2,1,0,0,1,43.0,18.0,,,1,2,1,8,3
202100033397,2021-06-18 08:30:00,2021,6,18,8,30,60,60175,Rue de la République,49.2607833891,2.474671483,Plein jour,En agglomération,Intersection en T,Normale,Autre collision,4,2,2,0,2,1,1,0,1,50,,2,1,0,0,1,33.0,,,,1,2,3,1,6
202100033398,2021-06-19 14:20:00,2021,6,19,14,20,59,59650,CARNOT (RUE),50.6981812611,3.207372262,Plein jour,En agglomération,Hors intersection,Normale,Autre collision,7,2,3,3,1,1,1,0,1,50,,2,1,0,0,1,22.0,58.0,,,1,2,1,1,6
202100033399,2021-06-18 20:00:00,2021,6,18,20,0,59,59225,JEAN JAURES (RUE),50.297742,3.916725,Plein jour,En agglomération,Intersection en T,Normale,Deux véhicules - côté,3,2,2,0,1,1,1,0,1,50,,2,0,0,1,1,37.0,52.0,,,1,2,3,1,3
202100033400,2021-06-19 15:15:00,2021,6,19,15,15,54,54526,BOIS LA DAME (CHEMIN DE),48.6757381822,6.2274053693,Plein jour,En agglomération,Intersection en X,Normale,Deux véhicules - arrière,7,2,2,0,1,1,1,0,1,70,,4,2,0,0,2,21.0,30.0,,,1,2,2,1,2
202100033401,2021-06-18 11:00:00,2021,6,18,11,0,51,51172,Route de Louvois,49.2096611353,4.0509456396,Plein jour,En agglomération,Giratoire,Normale,Trois véhicules et plus - en chaîne,3,1,2,0,1,2,1,0,1,50,,4,3,0,0,1,65.0,36.0,,,1,2,6,1,4
202100033402,2021-06-19 22:44:00,2021,6,19,22,44,49,49353,QUANTINIERE LIEU DIT,47.45604,-0.472376,Nuit avec éclairage allumé,En agglomération,Hors intersection,Normale,Autre collision,4,2,2,0,1,1,1,0,1,50,,2,0,0,0,2,24.0,,,,5,2,1,1,6
202100033403,2021-06-19 19:35:00,2021,6,19,19,35,46,46042,Départementale 811 (entre Cahors et Merc,44.478126,1.422309,Plein jour,Hors agglomération,Hors intersection,Pluie forte,Deux véhicules - frontale,3,3,2,0,1,1,2,0,1,80,,3,0,0,1,2,22.0,60.0,,,1,1,1,3,1
202100033404,2021-06-19 21:35:00,2021,6,19,21,35,44,44109,LEMOINE ( RUE FELIX ),47.23569,-1.54683,Plein jour,En agglomération,Hors intersection,Normale,Autre collision,4,2,3,2,1,1,1,0,1,50,,1,0,0,0,1,44.0,,,,1,2,1,1,6
202100033405,2021-06-19 21:30:00,2021,6,19,21,30,38,38185,RUE DE LA POSTE,45.18987,5.72699,Nuit sans éclairage public,En agglomération,Intersection en X,Normale,Deux véhicules - côté,4,-1,0,0,1,1,1,6,8,30,,2,1,0,0,1,,,,,3,2,2,1,3
202100033406,2021-06-18 16:00:00,2021,6,18,16,0,34,34172,CHAR (ROND POINT RENE),43.62465,3.82682,Plein jour,En agglomération,Giratoire,Normale,Deux véhicules - côté,7,1,2,0,2,2,1,0,1,50,,2,1,0,0,1,63.0,,,,1,2,6,1,3
202100033407,2021-06-19 23:10:00,2021,6,19,23,10,31,31555,A621 (SEPT DENIERS-ANCELY),43.624493,1.407698,Nuit sans éclairage public,En agglomération,Hors intersection,Normale,Autre collision,1,3,4,0,2,3,1,0,1,90,,2,0,2,0,0,28.0,,,,3,2,1,1,6
202100033408,2021-06-19 00:05:00,2021,6,19,0,5,30,30189,DAYAN GEORGES (AVENUE),43.8222,4.3461,Nuit avec éclairage allumé,En agglomération,Intersection en T,Normale,Autre collision,4,2,2,1,1,1,1,0,1,50,,2,1,1,0,0,21.0,20.0,,,5,2,3,1,6
202100033409,2021-06-16 18:50:00,2021,6,16,18,50,30,30356,BEAUCAIRE (ROUTE),43.8329,4.4236,Plein jour,En agglomération,Hors intersection,Normale,Autre collision,3,1,2,0,1,1,1,0,1,90,,2,1,0,0,1,23.0,33.0,,,1,2,1,1,6
202100033410,2021-06-19 19:45:00,2021,6,19,19,45,29,29019,Avenue Georges Clemenceau,48.390645,-4.487046,Plein jour,En agglomération,Intersection en T,Normale,Autre collision,4,2,2,0,1,1,1,5,1,30,,2,1,0,0,1,27.0,,,,1,2,3,1,6
202100033411,2021-06-13 17:45:00,2021,6,13,17,45,18,18205,MOULON (RUE DU),47.09537,2.38397,Plein jour,En agglomération,Hors intersection,Normale,Deux véhicules - côté,3,2,2,0,1,1,1,0,1,50,,3,2,0,1,0,24.0,,,,1,2,1,1,3
202100033412,2021-06-18 23:40:00,2021,6,18,23,40,14,14220,Rue Victor Hugo,49.357844,0.07104,Nuit avec éclairage allumé,En agglomération,Intersection en X,Pluie légère,Deux véhicules - côté,4,3,4,0,1,1,2,0,1,50,,6,4,0,0,2,71.0,22.0,,,5,2,2,2,3
202100033413,2021-06-19 23:29:00,2021,6,19,23,29,13,13208,PRADO (AVENUE DU),43.2804,5.3869,Nuit avec éclairage allumé,En agglomération,Intersection en X,Normale,Deux véhicules - côté,4,2,3,0,1,1,1,5,1,50,,2,1,0,0,1,47.0,,,,5,2,2,1,3
202100033414,2021-06-19 22:07:00,2021,6,19,22,7,13,13204,FRANÇOISE DUPARC (BOULEVARD),43.307,5.401,Crépuscule ou aube,En agglomération,Hors intersection,Normale,Sans collision,4,1,4,0,1,1,1,2,3,50,,2,0,0,1,1,23.0,,,,2,2,1,1,7
202100033415,2021-06-19 19:07:00,2021,6,19,19,7,13,13201,TROIS MAGES (RUE DES),43.29425,5.38542,Plein jour,En agglomération,Intersection en T,Normale,Deux véhicules - côté,4,1,1,0,2,1,1,0,1,50,,3,2,0,1,0,41.0,,,,1,2,3,1,3
202100033416,2021-06-19 14:20:00,2021,6,19,14,20,13,13213,PEYPIN (RUE DE),43.3265644744,5.4210460026,Plein jour,En agglomération,Hors intersection,Temps couvert,Deux véhicules - arrière,4,2,4,0,1,1,1,0,1,50,,4,3,0,0,1,21.0,19.0,,,1,2,1,8,2
202100033417,2021-06-18 19:30:00,2021,6,18,19,30,10,10387,JACQUIN (RUE),48.30444,4.08251,Plein jour,En agglomération,Hors intersection,Normale,Deux véhicules - côté,4,2,1,0,1,1,1,0,1,50,,2,1,0,0,1,37.0,25.0,,,1,2,1,1,3
202100033418,2021-06-18 19:40:00,2021,6,18,19,40,75,75118,PORTE DE CLIGNANCOURT,48.900967,2.339902,Crépuscule ou aube,En agglomération,Hors intersection,Temps éblouissant,Deux véhicules - côté,4,1,4,0,1,1,1,0,1,70,,2,1,0,0,1,32.0,48.0,,,2,2,1,7,3
202100033419,2021-06-18 07:50:00,2021,6,18,7,50,75,75116,PORTE DE SAINT CLOUD,48.839633,2.254164,Plein jour,En agglomération,Hors intersection,Normale,Deux véhicules - arrière,4,1,4,0,1,1,1,0,1,70,,2,1,0,0,1,59.0,44.0,,,1,2,1,1,2
202100033420,2021-06-18 03:25:00,2021,6,18,3,25,75,75118,ECHANGEUR CHAPELLE,48.9015901905,2.3583859205,Nuit avec éclairage allumé,En agglomération,Intersection en Y,Normale,Autre collision,4,1,3,0,1,1,2,0,1,70,,2,1,0,1,0,,,,,5,2,4,1,6
202100033421,2021-06-16 20:40:00,2021,6,16,20,40,75,75117,PORTE D ASNIERES,48.891371,2.300476,Plein jour,En agglomération,Hors intersection,Normale,Deux véhicules - côté,4,1,4,0,1,1,1,0,1,70,,2,1,0,0,1,29.0,21.0,,,1,2,1,1,3
202100033422,2021-06-19 19:40:00,2021,6,19,19,40,75,75120,RUE BELGRAND,48.864728,2.402947,Plein jour,En agglomération,Hors intersection,Temps couvert,Deux véhicules - arrière,4,2,4,0,1,1,2,0,1,50,,2,1,0,0,1,,46.0,,,1,2,1,8,2
202100033423,2021-06-18 12:40:00,2021,6,18,12,40,75,75118,RUE DE LA CHAPELLE,48.890849,2.359921,Plein jour,En agglomération,Intersection en Y,Normale,Deux véhicules - côté,4,2,4,3,1,1,1,0,6,50,,2,1,0,0,1,40.0,16.0,,,1,2,4,1,3
202100033424,2021-06-16 12:20:00,2021,6,16,12,20,75,75117,PLACE STUART MERRILL,48.886097,2.292452,Plein jour,En agglomération,Place,Normale,Autre collision,4,1,2,0,1,1,1,0,1,50,,2,1,0,0,1,,,,,1,2,7,1,6
202100033425,2021-06-19 12:00:00,2021,6,19,12,0,75,75117,AVENUE DE LA PORTE D ASNIERES,48.891053,2.302528,Plein jour,En agglomération,Intersection en T,Normale,Deux véhicules - côté,4,2,6,3,1,1,1,0,6,50,,2,1,0,0,1,47.0,38.0,,,1,2,3,1,3
202100033426,2021-06-19 09:45:00,2021,6,19,9,45,75,75117,BOULEVARD BESSIERES,48.897484,2.327764,Plein jour,En agglomération,Intersection en T,Normale,Deux véhicules - côté,4,3,3,0,1,1,1,0,1,50,,2,0,0,0,2,43.0,22.0,,,1,2,3,1,3
202100033427,2021-06-11 19:50:00,2021,6,11,19,50,75,75116,ALLEE DE LONGCHAMP,48.874712,2.270495,Plein jour,En agglomération,Intersection en X,Normale,Autre collision,4,2,4,0,1,1,1,0,1,50,,2,1,0,1,0,31.0,,,,1,2,2,1,6
202100033428,2021-06-17 23:30:00,2021,6,17,23,30,75,75116,CHAUSSEE LA MUETTE,48.858314,2.272618,Nuit avec éclairage allumé,En agglomération,Intersection à plus de 4 branches,Pluie légère,Autre collision,4,2,4,0,1,1,2,0,1,50,,2,1,0,0,1,19.0,,,,5,2,5,2,6
202100033429,2021-06-19 17:30:00,2021,6,19,17,30,75,75115,RUE VIOLET,48.844682,2.290541,Plein jour,En agglomération,Intersection en T,Pluie forte,Deux véhicules - arrière,4,2,2,0,1,1,2,0,1,30,,2,1,0,0,1,53.0,49.0,,,1,2,3,3,2
202100033430,2021-06-18 07:45:00,2021,6,18,7,45,75,75115,RUE DESNOUETTES,48.835456,2.285876,Plein jour,En agglomération,Hors intersection,Normale,Autre collision,4,1,1,0,1,1,1,0,1,50,,2,1,0,0,1,,,,,1,2,1,1,6
202100033431,2021-06-13 05:08:00,2021,6,13,5,8,75,75115,RUE DE LA FEDERATION,48.853805,2.294211,Crépuscule ou aube,En agglomération,Intersection en X,Normale,Autre collision,4,2,2,0,1,1,1,0,1,30,,2,0,0,0,2,21.0,,,,2,2,2,1,6
202100033432,2021-06-18 22:30:00,2021,6,18,22,30,75,75110,RUE DU FAUBOURG SAINT MARTIN,48.875833,2.36027,Nuit avec éclairage allumé,En agglomération,Intersection en T,Normale,Deux véhicules - côté,4,2,4,0,1,1,1,0,1,50,,3,1,0,0,2,23.0,40.0,,,5,2,3,1,3
202100033433,2021-06-19 01:30:00,2021,6,19,1,30,75,75107,QUAI D ORSAY,48.862883,2.316927,Nuit avec éclairage allumé,En agglomération,Hors intersection,Normale,Autre collision,4,2,6,0,1,1,1,0,1,50,,1,0,0,0,1,41.0,,,,5,2,1,1,6
202100033434,2021-06-19 21:00:00,2021,6,19,21,0,94,94011,SEMARD(RUE PIERRE),48.7627,2.47863,Nuit avec éclairage allumé,En agglomération,Autre intersection,Pluie légère,Deux véhicules - côté,3,1,2,0,1,2,2,5,1,50,,2,1,0,0,1,45.0,56.0,,,5,2,9,2,3
202100033435,2021-06-19 21:07:00,2021,6,19,21,7,94,94017,Rue Molière,48.80683,2.54139,Nuit avec éclairage allumé,En agglomération,Hors intersection,Pluie légère,Autre collision,4,2,2,0,1,1,2,0,1,30,,2,1,0,1,0,40.0,,,,5,2,1,2,6
202100033436,2021-06-19 17:00:00,2021,6,19,17,0,94,94071,Rue Albert Dru,48.762626,2.51984,Plein jour,En agglomération,Intersection en Y,Normale,Deux véhicules - côté,4,2,2,0,2,1,1,0,1,50,,2,1,0,0,1,55.0,24.0,,,1,2,4,1,3
202100033437,2021-06-18 19:50:00,2021,6,18,19,50,93,93006,CAPSULERIE RUE DE LA,48.86,2.42,Plein jour,En agglomération,Hors intersection,Normale,Deux véhicules - frontale,3,-1,2,0,2,1,1,0,1,50,,2,1,0,1,0,,,,,1,2,1,1,1
202100033438,2021-06-19 21:35:00,2021,6,19,21,35,93,93010,GALLIENI (AV.) DE 111 A 175,48.90643,2.48481,Plein jour,En agglomération,Hors intersection,Pluie légère,Deux véhicules - arrière,3,1,3,0,1,1,2,0,1,50,,4,3,0,0,1,24.0,35.0,,,1,2,1,2,2
202100033439,2021-06-19 15:10:00,2021,6,19,15,10,93,93010,PASTEUR (AV.),48.904032,2.484483,Plein jour,En agglomération,Hors intersection,Normale,Deux véhicules - côté,4,2,2,0,1,1,1,0,1,30,,2,1,0,0,1,,19.0,,,1,2,1,1,3
202100033440,2021-06-19 13:50:00,2021,6,19,13,50,93,93001,REPUBLIQUE (AVE DE LA ) => NO 41/50,48.912112,2.383813,Plein jour,En agglomération,Hors intersection,Normale,Deux véhicules - côté,3,2,2,0,1,1,1,0,1,50,,2,1,0,1,0,40.0,31.0,,,1,2,1,1,3
202100033441,2021-06-18 18:30:00,2021,6,18,18,30,92,92025,COLBERT  115 A 131   104 A 124 (RUE),48.915125,2.233231,Plein jour,En agglomération,Intersection en X,Normale,Deux véhicules - côté,4,1,1,0,1,1,1,0,1,50,,2,1,0,0,1,22.0,46.0,,,1,2,2,1,3
202100033442,2021-06-19 13:35:00,2021,6,19,13,35,92,92024,GENNEVILLIERS (PONT DE),48.9124993266,2.3113775253,Plein jour,En agglomération,Hors intersection,Normale,Trois véhicules et plus - en chaîne,4,2,3,0,2,1,1,2,1,50,,4,3,0,0,1,35.0,59.0,,,1,2,1,1,4
202100033443,2021-06-19 21:00:00,2021,6,19,21,0,92,92012,JEAN JAURES (BOULEVARD) 63/215 - 70/208,48.8394753551,2.2401809692,Plein jour,En agglomération,Hors intersection,Normale,Deux véhicules - côté,4,1,2,0,1,1,2,9,1,50,,2,1,0,0,1,40.0,33.0,,,1,2,1,1,3
202100033444,2021-06-18 23:40:00,2021,6,18,23,40,92,92012,REPUBLIQUE (BOULEVARD DE LA) 5/77BIS - 6,48.8328760349,2.2474229336,Nuit avec éclairage allumé,En agglomération,Hors intersection,Normale,Autre collision,3,2,2,1,1,1,1,0,1,50,,2,0,0,0,2,61.0,,,,5,2,1,1,6
202100033445,2021-06-19 19:25:00,2021,6,19,19,25,92,92002,DIVISION LECLERC (53 A 217 - 58 A 186),48.744448,2.303286,Plein jour,En agglomération,Hors intersection,Temps couvert,Autre collision,3,3,4,0,1,1,2,0,4,50,,3,1,0,0,2,27.0,,,,1,2,1,8,6
202100033446,2021-06-19 14:23:00,2021,6,19,14,23,92,92002,DIVISION LECLERC (1 A 29 -2 A 34),48.75138,2.3045,Plein jour,En agglomération,Intersection en X,Normale,Deux véhicules - côté,3,3,2,2,1,1,1,0,1,50,,2,1,0,0,1,49.0,52.0,,,1,2,2,1,3
202100033447,2021-05-30 20:45:00,2021,5,30,20,45,01,01045,D2,45.963173,5.040364,Plein jour,Hors agglomération,Intersection en X,Normale,Deux véhicules - côté,3,2,2,0,1,1,1,0,1,80,,2,1,0,1,0,46.0,42.0,,,1,1,2,1,3
202100033448,2021-06-19 00:50:00,2021,6,19,0,50,38,38238,Route de Septeme,45.51642,5.01265,Nuit sans éclairage public,En agglomération,Hors intersection,Normale,Trois véhicules et plus - collisions multiples,3,2,2,0,2,3,1,0,1,50,,3,2,0,0,1,31.0,54.0,,,3,2,1,1,5
202100033449,2021-06-20 21:00:00,2021,6,20,21,0,83,83148,A8,43.402818,6.399707,Crépuscule ou aube,Hors agglomération,Hors intersection,Pluie légère,Deux véhicules - arrière,1,3,3,0,1,1,2,0,1,110,,2,1,0,1,0,21.0,22.0,,,2,1,1,2,2
202100033450,2021-06-20 18:05:00,2021,6,20,18,5,28,28127,La Brosse,48.173319,1.269388,Plein jour,En agglomération,Intersection à plus de 4 branches,Normale,Deux véhicules - frontale,3,2,2,0,1,2,1,5,1,80,,2,1,1,0,0,37.0,76.0,,,1,2,5,1,1
202100033451,2021-06-19 17:15:00,2021,6,19,17,15,28,28012,Lieu Dit Beauvoir,48.130193,1.210642,Plein jour,Hors agglomération,Hors intersection,Pluie forte,Deux véhicules - frontale,4,2,2,0,1,3,2,0,1,80,,2,1,0,1,0,37.0,55.0,,,1,1,1,3,1
202100033452,2021-06-19 19:15:00,2021,6,19,19,15,74,74076,Rte de la Balme,45.986627,6.054631,Plein jour,Hors agglomération,Hors intersection,Normale,Deux véhicules - frontale,3,2,2,0,3,3,1,0,1,80,,2,0,0,1,1,36.0,54.0,,,1,1,1,1,1
202100033453,2021-06-20 17:20:00,2021,6,20,17,20,06,06130,700 Route Napoléon,43.691159,6.863896,Plein jour,En agglomération,Intersection en T,Normale,Deux véhicules - côté,3,2,2,0,1,1,1,0,1,50,,2,1,0,0,1,18.0,22.0,,,1,2,3,1,3
202100033454,2021-06-20 04:30:00,2021,6,20,4,30,19,19024,Le Grand Bois,45.392807,1.400628,Nuit sans éclairage public,Hors agglomération,Hors intersection,Pluie légère,Sans collision,4,2,2,0,1,2,2,0,8,90,,5,3,0,1,1,22.0,,,,3,1,1,2,7
202100033455,2021-06-20 15:35:00,2021,6,20,15,35,77,77227,Rue de la Gare,48.4827172738,3.3465563319,Plein jour,En agglomération,Intersection en T,Normale,Deux véhicules - côté,3,2,2,0,1,2,1,0,1,50,,2,1,0,1,0,14.0,26.0,,,1,2,3,1,3
202100033456,2021-06-20 13:45:00,2021,6,20,13,45,2B,2B207,Route d Orezza,42.445976,9.474936,Plein jour,Hors agglomération,Hors intersection,Normale,Deux véhicules - côté,3,2,2,0,1,1,1,0,1,80,,2,1,0,0,1,,16.0,,,1,1,1,1,3
202100033457,2021-06-20 15:15:00,2021,6,20,15,15,33,33314,Allées Marines,45.204997,-0.750935,Plein jour,En agglomération,Hors intersection,Normale,Autre collision,3,2,2,0,1,3,1,0,3,50,,3,1,0,2,0,51.0,,,,1,2,1,1,6
202100033458,2021-06-19 18:30:00,2021,6,19,18,30,71,71208,20 Rue du Pont,46.910479,5.157765,Plein jour,En agglomération,Hors intersection,Normale,Trois véhicules et plus - collisions multiples,3,2,2,0,1,3,1,0,3,50,,4,0,1,0,3,48.0,44.0,,,1,2,1,1,5
202100033459,2021-06-19 16:50:00,2021,6,19,16,50,71,71287,l'orée du bois,46.492845,4.682107,Plein jour,Hors agglomération,Intersection en Y,Temps éblouissant,Autre collision,3,2,2,1,1,2,1,0,1,80,,1,0,0,1,0,44.0,,,,1,1,4,7,6
202100033460,2021-06-19 17:20:00,2021,6,19,17,20,61,61168,2 Route de Bagnoles,48.586054,-0.36521,Plein jour,En agglomération,Hors intersection,Autre,Trois véhicules et plus - collisions multiples,3,2,2,0,1,1,2,9,1,50,,8,7,0,0,1,22.0,51.0,,,1,2,1,9,5
202100033461,2021-06-20 12:00:00,2021,6,20,12,0,61,61091,la chesnaie,48.630235,-0.515424,Plein jour,Hors agglomération,Hors intersection,Normale,Sans collision,3,2,2,0,1,2,1,0,3,80,,2,0,0,1,1,18.0,,,,1,1,1,1,7
202100033462,2021-06-19 17:50:00,2021,6,19,17,50,61,61145,Les Poulicheres,48.590884,-0.632744,Plein jour,En agglomération,Hors intersection,Normale,Autre collision,3,2,2,0,1,3,1,0,8,50,,1,0,0,1,0,31.0,,,,1,2,1,1,6
202100033463,2021-06-14 11:50:00,2021,6,14,11,50,41,41229,D675,47.33225,1.400971,Plein jour,Hors agglomération,Hors intersection,Normale,Deux véhicules - frontale,3,2,2,0,1,1,1,0,1,90,,5,0,0,5,0,66.0,19.0,,,1,1,1,1,1
202100033464,2021-06-19 21:45:00,2021,6,19,21,45,34,34074,RD20,43.449507,3.033385,Crépuscule ou aube,En agglomération,Hors intersection,Normale,Sans collision,3,2,2,0,1,3,1,0,3,80,,1,0,1,0,0,51.0,,,,2,2,1,1,7
202100033465,2021-06-19 19:15:00,2021,6,19,19,15,68,68073,31 Rue du Bm 11,47.806487,6.927664,Plein jour,En agglomération,Hors intersection,Normale,Deux véhicules - frontale,3,2,2,0,1,3,1,0,1,50,,4,1,0,0,3,26.0,26.0,,,1,2,1,1,1
202100033466,2021-06-19 20:15:00,2021,6,19,20,15,68,68050,D26,47.664054,7.053067,Crépuscule ou aube,Hors agglomération,Hors intersection,Vent fort / tempête,Autre collision,3,2,2,0,1,3,1,0,3,80,,3,2,0,1,0,19.0,,,,2,1,1,6,6
202100033467,2021-06-19 12:10:00,2021,6,19,12,10,25,25434,2 Route de Montgesoye,47.104912,6.158422,Plein jour,En agglomération,Intersection en T,Normale,Deux véhicules - côté,3,2,2,0,1,2,1,0,1,50,,2,1,0,1,0,76.0,65.0,,,1,2,3,1,3
202100033468,2021-06-19 14:48:00,2021,6,19,14,48,35,35133,Canlou,48.163889,-2.0078,Plein jour,Hors agglomération,Hors intersection,Pluie légère,Deux véhicules - frontale,3,2,2,0,1,2,2,0,1,80,,3,0,0,0,3,59.0,26.0,,,1,1,1,2,1
202100033469,2021-06-20 09:30:00,2021,6,20,9,30,29,29150,Lann Kerguip,47.804688,-3.677212,Plein jour,Hors agglomération,Intersection en T,Pluie légère,Deux véhicules - côté,3,2,2,0,1,1,2,5,1,80,,2,1,0,1,0,69.0,73.0,,,1,1,3,2,3
202100033470,2021-06-19 21:30:00,2021,6,19,21,30,31,31582,170 Rue de la République,43.402928,1.712284,Crépuscule ou aube,En agglomération,Hors intersection,Normale,Autre collision,3,2,2,0,1,1,1,0,1,50,,1,0,0,1,0,30.0,,,,2,2,1,1,6
202100033471,2021-06-18 13:00:00,2021,6,18,13,0,31,31324,11 Lotissement du Parc,43.198696,1.014819,Plein jour,En agglomération,Hors intersection,Normale,Autre collision,6,-1,-1,0,1,1,1,9,8,50,,2,1,0,1,0,83.0,,,,1,2,1,1,6
202100033472,2021-06-19 21:20:00,2021,6,19,21,20,38,38288,Départemental 75,45.574669,5.030944,Crépuscule ou aube,Hors agglomération,Hors intersection,Normale,Sans collision,3,2,2,0,1,1,1,0,3,80,,1,0,0,1,0,23.0,,,,2,1,1,1,7
202100033473,2021-06-19 17:30:00,2021,6,19,17,30,38,38036,Route de Grenoble,45.12471,5.33668,Plein jour,Hors agglomération,Hors intersection,Normale,Deux véhicules - frontale,3,2,2,0,1,3,1,0,1,80,,3,0,1,0,2,35.0,68.0,,,1,1,1,1,1
202100033474,2021-06-19 18:45:00,2021,6,19,18,45,38,38543,Route de la Chartreuse,45.651254,5.485509,Plein jour,Hors agglomération,Hors intersection,Normale,Deux véhicules - frontale,3,2,2,0,4,1,1,0,1,80,,2,0,0,1,1,41.0,26.0,,,1,1,1,1,1
202100033475,2021-06-20 08:55:00,2021,6,20,8,55,03,03064,D13,46.783645,2.979476,Plein jour,Hors agglomération,Hors intersection,Temps éblouissant,Autre collision,3,2,2,0,1,1,2,0,1,90,,1,0,0,1,0,58.0,,,,1,1,1,7,6
202100033476,2021-06-20 10:00:00,2021,6,20,10,0,85,85191,A87 Bretelle de sortie 30,46.669178,-1.352584,Plein jour,Hors agglomération,Hors intersection,Pluie forte,Sans collision,1,1,1,0,1,2,2,3,1,50,,1,0,0,1,0,64.0,,,,1,1,1,3,7
202100033477,2021-06-12 11:00:00,2021,6,12,11,0,26,26148,1500 Route de la Vallée,45.249468,5.006343,Plein jour,Hors agglomération,Hors intersection,Normale,Trois véhicules et plus - en chaîne,3,2,2,0,1,1,1,0,1,80,,3,2,0,0,1,43.0,51.0,,,1,1,1,1,4
202100033478,2021-06-19 20:00:00,2021,6,19,20,0,72,72183,Lieu Dit la Croix Caseau,47.703708,0.506777,Plein jour,En agglomération,Hors intersection,Normale,Autre collision,3,2,2,0,1,2,1,0,3,50,,1,0,0,1,0,26.0,,,,1,2,1,1,6
202100033479,2021-06-16 18:55:00,2021,6,16,18,55,06,06105,Route de la Colle sur Loup,43.680412,7.051361,Plein jour,Hors agglomération,Hors intersection,Normale,Autre collision,3,-1,2,0,1,1,1,0,1,80,,1,0,0,0,1,55.0,,,,1,1,1,1,6
202100033480,2021-06-16 11:20:00,2021,6,16,11,20,18,18038,RD 2144,46.747926,2.46201,Plein jour,Hors agglomération,Hors intersection,Normale,Autre collision,3,2,2,0,2,1,9,0,3,90,,1,0,0,1,0,87.0,,,,1,1,1,1,6
202100033481,2021-06-14 14:45:00,2021,6,14,14,45,04,04206,RD 16,43.996921,5.828258,Plein jour,Hors agglomération,Hors intersection,Normale,Autre collision,3,2,2,0,1,1,9,8,1,30,,1,0,0,1,0,79.0,,,,1,1,1,1,6
202100033482,2021-06-20 21:20:00,2021,6,20,21,20,27,27476,D87 - PK 8+500,49.32743,0.461383,Crépuscule ou aube,Hors agglomération,Intersection en T,Normale,Deux véhicules - côté,3,2,2,0,1,1,1,0,1,80,,2,1,0,1,0,19.0,19.0,,,2,1,3,1,3