accident_id,datetime,annee,mois,jour,heure,minute,departement,commune_insee,adresse,latitude,longitude,luminosite,agglomeration,intersection,meteo,collision,catr,circ,nbv,vosp,prof,plan,surf,infra,situ,vma,nb_vehicules,nb_usagers,nb_indemnes,nb_tues,nb_blesses_hosp,nb_blesses_legers,age_cond_1,age_cond_2,veh_type_cond_1,veh_type_cond_2,lum_code,agg_code,int_code,atm_code,col_code
202100033483,2021-06-20 04:30:00,2021,6,20,4,30,48,48132,LA GARDELLE,44.822501,3.37832,Nuit sans éclairage public,Hors agglomération,Hors intersection,Normale,Autre collision,3,2,2,0,1,1,1,0,3,90,,1,0,0,1,0,23.0,,,,3,1,1,1,6
202100033484,2021-06-19 12:15:00,2021,6,19,12,15,52,52093,Avenue Gambetta,47.803823,5.443811,Plein jour,En agglomération,Hors intersection,Normale,Deux véhicules - arrière,3,2,2,0,1,1,1,0,1,50,,2,1,0,0,1,19.0,49.0,,,1,2,1,1,2
202100033485,2021-06-17 21:50:00,2021,6,17,21,50,08,08363,34 Rue Paule Minck,49.940881,4.635721,Crépuscule ou aube,En agglomération,Intersection en X,Normale,Deux véhicules - côté,4,1,1,0,1,1,1,0,1,50,,2,1,0,0,1,25.0,23.0,,,2,2,2,1,3
202100033486,2021-06-19 02:56:00,2021,6,19,2,56,67,67292,10 Rue d Uttenhoffen,48.878966,7.644442,Nuit sans éclairage public,En agglomération,Hors intersection,Normale,Autre collision,4,2,2,0,2,1,1,0,4,50,,1,0,0,1,0,16.0,,,,3,2,1,1,6
202100033487,2021-06-20 01:05:00,2021,6,20,1,5,69,69044,PARIS (DE) (RTE),45.782022,4.750176,Nuit avec éclairage allumé,En agglomération,Autre intersection,Normale,Deux véhicules - côté,7,3,3,3,1,1,1,5,1,50,,4,1,0,1,2,24.0,19.0,,,5,2,9,1,3
202100033488,2021-06-20 07:20:00,2021,6,20,7,20,01,01032,A42,45.861863,5.166192,Plein jour,Hors agglomération,Hors intersection,Normale,Autre collision,1,3,5,0,1,1,1,0,8,110,,1,0,0,0,1,19.0,,,,1,1,1,1,6
202100033489,2021-05-27 15:10:00,2021,5,27,15,10,47,47159,PK 78+662,44.39675,0.192089,Plein jour,Hors agglomération,Hors intersection,Normale,Deux véhicules - arrière,1,3,4,0,3,3,1,0,1,100,,13,0,0,4,9,53.0,44.0,,,1,1,1,1,2
202100033490,2021-06-19 18:40:00,2021,6,19,18,40,27,27701,"A 13, PK 097.100",49.24215,1.192575,Plein jour,Hors agglomération,Hors intersection,Pluie forte,Autre collision,1,3,5,0,2,1,2,2,2,110,,2,0,0,0,2,52.0,,,,1,1,1,3,6
202100033491,2021-06-19 17:25:00,2021,6,19,17,25,77,77520,"Autoroute A6, PK 67+600 sens LYON - PARIS",48.30866,2.652254,Plein jour,Hors agglomération,Hors intersection,Pluie forte,Autre collision,1,3,4,0,2,1,3,0,2,130,,4,2,0,0,2,56.0,,,,1,1,1,3,6
202100033492,2021-06-19 19:53:00,2021,6,19,19,53,11,11398,D27 - PR 014+700,42.926263,2.926912,Plein jour,Hors agglomération,Hors intersection,Normale,Sans collision,3,2,2,0,2,4,1,0,8,80,,1,0,0,0,1,38.0,,,,1,1,1,1,7
202100033493,2021-06-17 06:20:00,2021,6,17,6,20,987,98722,Mahaena,-17.5667792268,-149.3269264698,Crépuscule ou aube,Hors agglomération,Intersection en T,Normale,Deux véhicules - côté,2,-1,1,0,4,1,1,0,1,-1,,2,1,0,1,0,52.0,33.0,,,2,1,3,1,3
202100033494,2021-06-19 20:00:00,2021,6,19,20,0,973,97311,Route de Mana,5.553456,-53.933816,Nuit sans éclairage public,Hors agglomération,Hors intersection,Normale,Sans collision,3,2,2,0,1,1,1,0,1,70,,1,0,0,1,0,28.0,,,,3,1,1,1,7
202100033495,2021-06-18 20:10:00,2021,6,18,20,10,973,97311,Route de Mana,5.540813,-53.944073,Nuit sans éclairage public,Hors agglomération,Hors intersection,Normale,Deux véhicules - frontale,3,2,2,0,1,1,1,0,1,80,,4,0,1,2,1,37.0,58.0,,,3,1,1,1,1
202100033496,2021-06-14 13:45:00,2021,6,14,13,45,971,97125,rn 4,16.260104,-61.292497,Plein jour,En agglomération,Intersection en T,Normale,Deux véhicules - frontale,2,2,2,0,1,2,1,0,1,80,,2,1,0,1,0,20.0,30.0,,,1,2,3,1,1
202100033497,2021-06-18 20:30:00,2021,6,18,20,30,11,11099,D101,43.289257,2.399617,Plein jour,Hors agglomération,Hors intersection,Normale,Autre collision,3,2,2,0,1,3,1,0,3,80,,2,1,0,1,0,34.0,,,,1,1,1,1,6
202100033498,2021-06-19 20:44:00,2021,6,19,20,44,34,34321,nationale 113,43.675399,4.061133,Plein jour,Hors agglomération,Hors intersection,Normale,Deux véhicules - côté,2,2,2,0,1,1,1,0,1,70,,5,0,1,0,4,43.0,42.0,,,1,1,1,1,3
202100033499,2021-06-19 20:10:00,2021,6,19,20,10,13,13110,Route de Pourrières,43.453262,5.693133,Plein jour,Hors agglomération,Intersection en T,Normale,Deux véhicules - côté,7,2,2,0,1,1,1,0,1,80,,3,1,0,0,2,30.0,18.0,,,1,1,3,1,3
202100033500,2021-05-10 17:50:00,2021,5,10,17,50,67,67345,D99,48.796956,7.881188,Plein jour,Hors agglomération,Autre intersection,Pluie forte,Autre collision,3,2,2,0,1,1,2,0,8,80,,1,0,1,0,0,91.0,,,,1,1,9,3,6
202100033501,2021-06-19 22:00:00,2021,6,19,22,0,42,42064,Route du Col,45.4558405728,4.6927864551,Nuit sans éclairage public,Hors agglomération,Hors intersection,Normale,Autre collision,3,2,1,0,1,1,1,0,8,80,,4,3,0,1,0,21.0,,,,3,1,1,1,6
202100033502,2021-06-18 12:05:00,2021,6,18,12,5,69,69154,PRESLES (DES) (CHM),45.761599,4.656996,Plein jour,En agglomération,Hors intersection,Normale,Autre collision,4,1,1,0,2,1,1,0,1,30,,2,1,0,0,1,46.0,,,,1,2,1,1,6
202100033503,2021-06-18 17:25:00,2021,6,18,17,25,31,31291,Avenue Carreli,43.606313,1.231155,Plein jour,En agglomération,Hors intersection,Normale,Autre collision,4,2,1,0,1,1,1,0,1,50,,2,1,0,0,1,63.0,,,,1,2,1,1,6
202100033504,2021-06-19 11:34:00,2021,6,19,11,34,86,86204,1 Rue du Gué de Vue,46.616518,0.218886,Plein jour,Hors agglomération,Hors intersection,Normale,Deux véhicules - côté,3,2,2,0,3,2,1,0,1,80,,4,2,0,2,0,72.0,20.0,,,1,1,1,1,3
202100033505,2021-06-20 11:25:00,2021,6,20,11,25,35,35012,La Planchette,47.840195,-1.722665,Plein jour,Hors agglomération,Intersection en T,Normale,Deux véhicules - côté,3,2,2,0,1,1,1,0,1,80,,4,1,0,2,1,24.0,38.0,,,1,1,3,1,3
202100033506,2021-06-18 15:45:00,2021,6,18,15,45,35,35221,Rue de Rennes,47.869596,-1.679192,Plein jour,Hors agglomération,Hors intersection,Normale,Deux véhicules - côté,3,2,2,0,2,1,1,0,1,80,,2,1,0,1,0,70.0,52.0,,,1,1,1,1,3
202100033507,2021-06-20 20:15:00,2021,6,20,20,15,62,62014,Avenue de l Europe,50.637432,2.409412,Plein jour,En agglomération,Giratoire,Normale,Deux véhicules - arrière,3,-1,1,0,1,2,1,0,1,50,,2,1,0,1,0,29.0,15.0,,,1,2,6,1,2
202100033508,2021-06-14 17:54:00,2021,6,14,17,54,13,13081,A7-Sens Marseille vers Lyon,43.5013770938,5.2381796837,Plein jour,Hors agglomération,Hors intersection,Normale,Deux véhicules - arrière,1,1,2,0,1,1,1,0,1,110,,2,1,0,0,1,62.0,65.0,,,1,1,1,1,2
202100033509,2021-06-17 23:40:00,2021,6,17,23,40,13,13214,A7-Sens Lyon vers Marseille,43.34031,5.37689,Nuit sans éclairage public,En agglomération,Hors intersection,Normale,Deux véhicules - frontale,1,1,2,0,2,2,1,0,1,70,,5,3,0,0,2,20.0,,,,3,2,1,1,1
202100033510,2021-06-19 15:30:00,2021,6,19,15,30,33,33065,Pont François Mitterrand,44.809245,-0.525181,Plein jour,Hors agglomération,Hors intersection,Pluie légère,Trois véhicules et plus - en chaîne,2,3,8,0,1,1,2,2,1,90,,6,5,0,0,1,23.0,68.0,,,1,1,1,2,4
202100033511,2021-06-18 23:25:00,2021,6,18,23,25,33,33162,Rocade Nord Ouest A630,44.863736,-0.65498,Nuit avec éclairage non allumé,Hors agglomération,Hors intersection,Normale,Trois véhicules et plus - en chaîne,1,3,6,0,2,2,2,3,1,70,,3,2,1,0,0,41.0,28.0,,,4,1,1,1,4
202100033512,2021-06-18 20:00:00,2021,6,18,20,0,92,92002,AUTOROUTE A10,48.7315410422,2.3100042343,Plein jour,Hors agglomération,Hors intersection,Normale,Trois véhicules et plus - en chaîne,1,3,3,0,1,1,1,0,1,90,,6,3,0,0,3,34.0,40.0,,,1,1,1,1,4
202100033513,2021-06-18 23:45:00,2021,6,18,23,45,91,91553,RN 104,48.62988,2.4838,Nuit sans éclairage public,Hors agglomération,Hors intersection,Normale,Autre collision,2,2,8,0,2,1,1,0,1,90,,1,0,0,0,1,28.0,,,,3,1,1,1,6
202100033514,2021-06-18 20:38:00,2021,6,18,20,38,91,91377,AUTOROUTE A10,48.71358,2.28705,Plein jour,Hors agglomération,Hors intersection,Normale,Deux véhicules - côté,1,-1,2,0,1,3,1,0,1,70,,3,2,0,1,0,27.0,29.0,,,1,1,1,1,3
202100033515,2021-06-18 10:40:00,2021,6,18,10,40,91,91617,RN 104,48.63122,2.50687,Plein jour,Hors agglomération,Hors intersection,Normale,Trois véhicules et plus - collisions multiples,2,3,4,0,1,1,1,0,1,110,,3,2,0,1,0,42.0,46.0,,,1,1,1,1,5
202100033516,2021-06-18 17:00:00,2021,6,18,17,0,92,92036,AUTOROUTE A86,48.9385170499,2.300017589,Plein jour,Hors agglomération,Hors intersection,Normale,Trois véhicules et plus - collisions multiples,1,3,11,0,1,1,2,0,1,70,,3,2,0,0,1,41.0,58.0,,,1,1,1,1,5
202100033517,2021-06-18 21:00:00,2021,6,18,21,0,93,93064,AUTOROUTE A86,48.87506,2.47875,Plein jour,Hors agglomération,Hors intersection,Normale,Deux véhicules - côté,1,3,8,0,1,1,1,0,1,90,,2,1,0,0,1,,34.0,,,1,1,1,1,3
202100033518,2021-06-19 06:30:00,2021,6,19,6,30,93,93066,AUTOROUTE A1,48.93164,2.37064,Plein jour,Hors agglomération,Hors intersection,Normale,Autre collision,1,3,8,0,1,1,1,0,1,90,,4,2,0,0,2,53.0,,,,1,1,1,1,6
202100033519,2021-06-19 01:49:00,2021,6,19,1,49,93,93066,AUTOROUTE A1,48.92354,2.35724,Nuit avec éclairage allumé,Hors agglomération,Hors intersection,Normale,Trois véhicules et plus - collisions multiples,1,1,7,0,1,1,1,0,1,90,,5,3,0,0,2,,26.0,,,5,1,1,1,5
202100033520,2021-06-18 16:50:00,2021,6,18,16,50,93,93066,AUTOROUTE A1,48.92203,2.37135,Plein jour,Hors agglomération,Hors intersection,Normale,Deux véhicules - côté,1,3,8,0,1,1,1,0,1,90,,3,1,0,0,2,24.0,57.0,,,1,1,1,1,3
202100033521,2021-06-18 18:00:00,2021,6,18,18,0,93,93008,AUTOROUTE A86,48.90864,2.44952,Plein jour,Hors agglomération,Hors intersection,Normale,Deux véhicules - côté,1,3,8,0,1,1,1,1,1,90,,2,1,0,0,1,28.0,38.0,,,1,1,1,1,3
202100033522,2021-06-19 20:00:00,2021,6,19,20,0,94,94028,RN406.Y,48.7843499486,2.4401287031,Plein jour,Hors agglomération,Hors intersection,Vent fort / tempête,Autre collision,2,1,2,0,1,1,2,0,1,90,,1,0,0,0,1,36.0,,,,1,1,1,6,6
202100033523,2021-06-19 14:00:00,2021,6,19,14,0,77,77258,A4.Y,48.8304783311,2.6326936879,Plein jour,Hors agglomération,Hors intersection,Normale,Autre collision,1,-1,4,0,1,1,1,0,1,110,,4,3,0,0,1,41.0,29.0,,,1,1,1,1,6
202100033524,2021-06-18 20:45:00,2021,6,18,20,45,94,94022,A86 EXT,48.7766211418,2.4180461375,Plein jour,Hors agglomération,Hors intersection,Normale,Autre collision,1,3,3,0,1,1,1,0,1,90,,2,1,0,0,1,30.0,,,,1,1,1,1,6
202100033525,2021-06-18 18:05:00,2021,6,18,18,5,93,93051,A4,48.8362965033,2.5533127785,Plein jour,Hors agglomération,Hors intersection,Normale,Deux véhicules - côté,1,3,4,0,1,1,1,0,1,110,,2,1,0,0,1,39.0,25.0,,,1,1,1,1,3
202100033526,2021-06-18 10:30:00,2021,6,18,10,30,62,62525,avenue des frais fonds,50.735526,2.273656,Plein jour,En agglomération,Autre intersection,Normale,Autre collision,4,1,1,0,1,1,2,9,1,50,,2,1,0,1,0,49.0,,,,1,2,9,1,6
202100033527,2021-06-18 17:30:00,2021,6,18,17,30,92,92050,JOFFRE MARECHAL AVENUE DU,48.8854087704,2.1959915757,Plein jour,En agglomération,Intersection en X,Normale,Autre collision,3,2,4,0,1,1,1,0,1,50,,2,1,0,0,1,,,,,1,2,2,1,6
202100033528,2021-06-18 21:30:00,2021,6,18,21,30,974,97411,SAINT-BERNARD (CHEMIN DE),-20.89886,55.4028,Nuit avec éclairage allumé,Hors agglomération,Hors intersection,Normale,Deux véhicules - frontale,4,-1,0,0,1,1,1,0,1,50,,3,1,0,0,2,30.0,28.0,,,5,1,1,1,1
202100033529,2021-06-18 18:30:00,2021,6,18,18,30,973,97302,BADUEL (ROUTE DE),4.92839,-52.2935,Crépuscule ou aube,En agglomération,Hors intersection,Normale,Deux véhicules - côté,3,2,2,0,1,1,1,0,1,50,,2,1,0,0,1,42.0,21.0,,,2,2,1,1,3
202100033530,2021-06-18 16:15:00,2021,6,18,16,15,973,97302,MERE THERESA (rue),4.92245,-52.31258,Plein jour,En agglomération,Intersection en T,Normale,Deux véhicules - côté,4,2,2,0,1,1,1,0,1,50,,2,1,0,0,1,30.0,45.0,,,1,2,3,1,3
202100033531,2021-06-18 15:40:00,2021,6,18,15,40,69,69259,LEO LAGRANGE (R),45.69904,4.87029,Plein jour,En agglomération,Hors intersection,Normale,Autre collision,4,2,2,0,1,1,1,0,1,30,,2,1,0,0,1,45.0,,,,1,2,1,1,6
202100033532,2021-06-18 10:15:00,2021,6,18,10,15,69,69199,CARNOT                              (R ),45.707921855,4.8641210496,Plein jour,En agglomération,Hors intersection,Normale,Autre collision,4,1,2,3,1,1,1,0,1,50,,2,1,0,0,1,26.0,,,,1,2,1,1,6
202100033533,2021-06-18 07:12:00,2021,6,18,7,12,69,69388,ROCKEFELLER (AV),45.7425,4.8799,Plein jour,En agglomération,Hors intersection,Normale,Autre collision,4,2,5,3,1,1,1,0,1,50,,2,1,0,0,1,33.0,,,,1,2,1,1,6
202100033534,2021-06-18 13:40:00,2021,6,18,13,40,972,97209,CLUNY (ROUTE DE),14.61364,-61.08101,Plein jour,En agglomération,Autre intersection,Normale,Trois véhicules et plus - collisions multiples,3,2,2,0,1,1,1,0,1,50,,5,3,0,0,2,18.0,35.0,,,1,2,9,1,5
202100033535,2021-06-18 09:50:00,2021,6,18,9,50,972,97209,RD 41 (ROCADE),14.6060237976,-61.0881364346,Plein jour,Hors agglomération,Hors intersection,Normale,Sans collision,3,1,1,0,2,2,1,2,1,60,,1,0,0,0,1,74.0,,,,1,1,1,1,7
202100033536,2021-06-18 22:00:00,2021,6,18,22,0,69,69382,DOCTEUR GAILLETON (DU) (Q),45.75126,4.83233,Nuit avec éclairage allumé,En agglomération,Hors intersection,Normale,Deux véhicules - arrière,4,1,4,3,1,1,1,0,6,50,,2,1,0,0,1,32.0,39.0,,,5,2,1,1,2
202100033537,2021-06-18 22:50:00,2021,6,18,22,50,69,69382,JEAN MOULIN (Q),45.76503,4.83813,Nuit avec éclairage allumé,En agglomération,Intersection en X,Normale,Deux véhicules - côté,4,1,2,3,1,1,1,0,6,50,,2,1,0,0,1,28.0,24.0,,,5,2,2,1,3
202100033538,2021-06-18 17:10:00,2021,6,18,17,10,69,69142,PENSIONNAT (DU) (R),45.72825,4.81368,Plein jour,En agglomération,Hors intersection,Normale,Deux véhicules - frontale,4,2,1,3,2,2,1,0,1,50,,2,0,0,0,2,32.0,29.0,,,1,2,1,1,1
202100033539,2021-06-18 15:30:00,2021,6,18,15,30,69,69389,MARINIERS (DES)  (R),45.78358,4.80912,Plein jour,En agglomération,Intersection en T,Normale,Autre collision,4,1,1,0,1,1,1,0,1,50,,2,1,0,0,1,,,,,1,2,3,1,6
202100033540,2021-06-18 11:00:00,2021,6,18,11,0,69,69381,ROUVILLE (PL),45.76958,4.82542,Plein jour,En agglomération,Hors intersection,Normale,Deux véhicules - frontale,4,2,2,2,2,1,1,0,1,50,,2,1,0,1,0,,43.0,,,1,2,1,1,1
202100033541,2021-06-17 11:45:00,2021,6,17,11,45,2A,2A004,CASAMARTA IMM. CHEMIN DE CANDIA,41.93648,8.74748,Plein jour,En agglomération,Hors intersection,Normale,Deux véhicules - frontale,4,4,1,0,2,2,1,0,1,30,,2,0,0,1,1,24.0,30.0,,,1,2,1,1,1
202100033542,2021-06-18 11:00:00,2021,6,18,11,0,91,91570,MONTLHERY (RUE),48.6354,2.3047,Plein jour,En agglomération,Place,Normale,Sans collision,3,2,0,0,2,1,1,0,1,30,,3,2,0,0,1,21.0,64.0,,,1,2,7,1,7
202100033543,2021-06-12 17:30:00,2021,6,12,17,30,89,89024,CHAINETTE (BOULEVARD DE LA)  N° PAIRS,47.80091,3.56837,Plein jour,En agglomération,Giratoire,Normale,Autre collision,3,2,2,0,3,1,1,0,1,50,,2,1,0,1,0,40.0,,,,1,2,6,1,6
202100033544,2021-06-16 10:40:00,2021,6,16,10,40,87,87085,BEAUBLANC (BOULEVARD DE),45.8457,1.2425,Plein jour,En agglomération,Hors intersection,Normale,Sans collision,4,3,4,0,1,1,1,0,1,50,,1,0,0,1,0,47.0,,,,1,2,1,1,7
202100033545,2021-06-18 08:57:00,2021,6,18,8,57,87,87085,SAINTE ANNE (RUE DE),45.81759,1.27428,Plein jour,En agglomération,Intersection en X,Normale,Deux véhicules - côté,4,2,2,0,1,1,1,5,1,50,,3,2,0,0,1,32.0,44.0,,,1,2,2,1,3
202100033546,2021-06-17 07:35:00,2021,6,17,7,35,87,87085,RN520,45.88089,1.18033,Plein jour,Hors agglomération,Hors intersection,Normale,Deux véhicules - frontale,2,2,2,0,2,1,1,0,1,80,,3,2,0,1,0,31.0,41.0,,,1,1,1,1,1
202100033547,2021-06-17 12:20:00,2021,6,17,12,20,86,86194,Rocade Ouest,46.60272,0.32704,Plein jour,En agglomération,Hors intersection,Pluie légère,Deux véhicules - arrière,3,3,4,0,1,1,2,0,1,50,,3,1,0,0,2,49.0,28.0,,,1,2,1,2,2
202100033548,2021-06-15 19:35:00,2021,6,15,19,35,78,78361,QUAI DE LA TOUR,48.99253,1.71944,Plein jour,En agglomération,Intersection en T,Normale,Deux véhicules - côté,4,2,0,0,1,1,1,0,1,30,,2,1,0,1,0,26.0,19.0,,,1,2,3,1,3
202100033549,2021-06-16 14:45:00,2021,6,16,14,45,77,77114,RD 471,48.72584,2.69914,Plein jour,Hors agglomération,Hors intersection,Normale,Trois véhicules et plus - collisions multiples,3,2,2,0,1,1,1,0,1,80,,6,3,1,0,2,38.0,32.0,,,1,1,1,1,5
202100033550,2021-06-18 20:10:00,2021,6,18,20,10,76,76319,CD 13,49.3654,1.01973,Plein jour,Hors agglomération,Hors intersection,Normale,Trois véhicules et plus - collisions multiples,7,2,0,0,2,1,2,0,1,70,,5,0,0,1,4,27.0,38.0,,,1,1,1,1,5
202100033551,2021-06-18 03:44:00,2021,6,18,3,44,76,76259,COUTURIER ( RUE GUSTAVE),49.75252,0.39317,Nuit avec éclairage allumé,En agglomération,Hors intersection,Normale,Autre collision,4,2,2,0,1,1,1,0,1,50,,1,0,0,0,1,21.0,,,,5,2,1,1,6
202100033552,2021-06-18 08:35:00,2021,6,18,8,35,76,76351,COMMANDANT COUSTEAU ,49.522678,0.0909846,Plein jour,En agglomération,Intersection en X,Normale,Deux véhicules - côté,4,2,2,0,1,1,1,0,1,50,,2,0,0,0,2,19.0,22.0,,,1,2,2,1,3
202100033553,2021-06-18 17:15:00,2021,6,18,17,15,72,72181,BOUVET ROGER (RUE) N° IMP,48.01237,0.18232,Plein jour,En agglomération,Hors intersection,Normale,Autre collision,4,2,2,0,1,1,1,0,1,50,,2,1,0,0,1,70.0,,,,1,2,1,1,6
202100033554,2021-06-16 17:00:00,2021,6,16,17,0,71,71153,Route de Montcenis,46.8040892145,4.4130426171,Plein jour,En agglomération,Intersection en X,Normale,Deux véhicules - arrière,4,2,3,0,1,1,1,5,1,50,,3,2,0,0,1,28.0,24.0,,,1,2,2,1,2
202100033555,2021-06-18 22:25:00,2021,6,18,22,25,69,69290,TEMPS MODERNES (DES) (AV),45.7076652494,4.9189567566,Nuit avec éclairage allumé,En agglomération,Intersection en X,Normale,Deux véhicules - côté,4,2,2,1,1,1,1,0,1,50,,3,2,0,0,1,21.0,29.0,,,5,2,2,1,3
202100033556,2021-06-18 19:00:00,2021,6,18,19,0,69,69266,BRUXELLES (DE) (RUE),45.7772073946,4.8721059859,Plein jour,En agglomération,Intersection en X,Normale,Deux véhicules - côté,4,2,2,0,1,1,1,0,1,50,,2,1,0,0,1,43.0,29.0,,,1,2,2,1,3
202100033557,2021-06-18 19:00:00,2021,6,18,19,0,69,69266,BOULEVARD (DU) (R),45.7773911604,4.8685446382,Plein jour,En agglomération,Intersection en T,Normale,Deux véhicules - côté,4,1,1,0,1,1,1,0,1,50,,2,1,0,0,1,43.0,29.0,,,1,2,3,1,3
202100033558,2021-06-18 17:00:00,2021,6,18,17,0,69,69266,ROGER SALENGRO (AV),45.77638,4.87302,Plein jour,En agglomération,Intersection en X,Normale,Autre collision,4,2,5,1,1,1,1,9,1,50,,2,1,0,0,1,26.0,28.0,,,1,2,2,1,6
202100033559,2021-06-18 13:15:00,2021,6,18,13,15,69,69290,GARE (DE LA)                        (AV),45.68963,4.9367,Plein jour,En agglomération,Hors intersection,Normale,Autre collision,4,2,2,0,1,1,1,6,1,50,,2,1,0,0,1,19.0,,,,1,2,1,1,6
202100033560,2021-06-17 18:36:00,2021,6,17,18,36,66,66136,JULIEN PANCHOT (AVENUE),42.68829,2.87486,Plein jour,En agglomération,Hors intersection,Normale,Deux véhicules - côté,4,2,2,0,1,1,1,0,1,50,,3,1,0,0,2,45.0,32.0,,,1,2,1,1,3
202100033561,2021-06-18 15:35:00,2021,6,18,15,35,64,64545,RUE MUNHOA,43.34598,-1.69325,Plein jour,En agglomération,Intersection en T,Normale,Deux véhicules - frontale,4,2,2,0,1,1,1,0,1,30,,2,1,0,0,1,55.0,15.0,,,1,2,3,1,1
202100033562,2021-06-18 13:00:00,2021,6,18,13,0,64,64445,HAUTERIVE,43.32433,-0.34887,Plein jour,En agglomération,Hors intersection,Normale,Autre collision,4,2,1,0,1,1,1,0,1,30,,2,1,0,0,1,60.0,,,,1,2,1,1,6
202100033563,2021-06-18 20:52:00,2021,6,18,20,52,64,64102,MARINES (AVENUE DES ALLEES),43.49916,-1.48917,Plein jour,En agglomération,Hors intersection,Normale,Sans collision,4,2,1,0,1,1,1,0,4,50,,1,0,0,0,1,19.0,,,,1,2,1,1,7
202100033564,2021-06-18 18:05:00,2021,6,18,18,5,64,64024,BAHINOS (ROUTE DE),43.51355,-1.50039,Plein jour,En agglomération,Intersection en X,Normale,Deux véhicules - côté,4,2,2,0,1,1,1,0,1,30,,2,1,0,0,1,28.0,28.0,,,1,2,2,1,3
202100033565,2021-06-18 17:00:00,2021,6,18,17,0,64,64102,TCHEQUE (AVENUE DE LA LEGION),43.49268,-1.48761,Plein jour,En agglomération,Intersection en T,Normale,Deux véhicules - côté,4,2,2,0,1,1,1,0,1,50,,2,1,0,0,1,31.0,32.0,,,1,2,3,1,3
202100033566,2021-06-17 16:39:00,2021,6,17,16,39,63,63113,FOCH (RUE MARECHAL),45.77613,3.08036,Plein jour,En agglomération,Hors intersection,Normale,Autre collision,4,1,2,0,1,1,1,0,1,50,,2,1,0,0,1,23.0,,,,1,2,1,1,6
202100033567,2021-03-29 16:40:00,2021,3,29,16,40,62,62215,RD 919,50.479411,2.936126,Plein jour,En agglomération,Giratoire,Normale,Deux véhicules - arrière,3,2,2,0,1,1,1,9,1,50,,2,1,0,0,1,42.0,28.0,,,1,2,6,1,2
202100033568,2021-06-18 21:37:00,2021,6,18,21,37,59,59279,PERI (RUE GABRIEL),50.78241,3.134247,Plein jour,En agglomération,Intersection en X,Normale,Deux véhicules - côté,4,1,1,0,1,1,1,0,1,50,,2,0,0,0,2,32.0,29.0,,,1,2,2,1,3
202100033569,2021-06-18 20:00:00,2021,6,18,20,0,59,59512,DE GAULLE  (BOULEVARD DU GENERAL),50.684182,3.171377,Plein jour,En agglomération,Hors intersection,Normale,Deux véhicules - frontale,4,1,2,0,1,1,1,0,1,50,,5,3,0,1,1,19.0,19.0,,,1,2,1,1,1
202100033570,2021-06-18 19:45:00,2021,6,18,19,45,59,59163,JAURES (RUE JEAN),50.677442629,3.1535913944,Crépuscule ou aube,En agglomération,Hors intersection,Normale,Deux véhicules - frontale,7,2,2,0,1,1,1,0,1,50,,4,3,0,1,0,53.0,22.0,,,2,2,1,1,1
202100033571,2021-06-17 09:15:00,2021,6,17,9,15,59,59350,HEGEL RUE,50.6289,3.0181,Plein jour,En agglomération,Hors intersection,Normale,Deux véhicules - arrière,7,2,1,0,1,1,2,0,1,50,,2,1,0,0,1,53.0,,,,1,2,1,1,2
202100033572,2021-06-17 15:25:00,2021,6,17,15,25,59,59178,SAINT JULIEN (RUE),50.37071,3.07641,Plein jour,En agglomération,Hors intersection,Normale,Deux véhicules - frontale,4,1,1,0,1,1,1,0,1,30,,2,1,0,1,0,59.0,55.0,,,1,2,1,1,1
202100033573,2021-06-04 10:00:00,2021,6,4,10,0,58,58194,ORDRE NATIONAL DU MERITE,46.9928,3.1677,Plein jour,En agglomération,Giratoire,Normale,Deux véhicules - côté,3,1,4,0,1,2,1,0,1,50,,2,1,0,0,1,66.0,17.0,,,1,2,6,1,3
202100033574,2021-06-15 19:10:00,2021,6,15,19,10,57,57306,FARGES (RUE YVES),49.35377,6.06071,Plein jour,En agglomération,Hors intersection,Normale,Autre collision,4,2,2,0,1,1,1,0,1,50,,2,1,0,0,1,25.0,,,,1,2,1,1,6
202100033575,2021-06-15 09:18:00,2021,6,15,9,18,56,56260,REMY(BOULEVARD DU COLONEL),47.65342,-2.78364,Plein jour,En agglomération,Hors intersection,Normale,Deux véhicules - côté,4,3,4,1,1,1,1,0,1,50,,2,1,0,1,0,19.0,24.0,,,1,2,1,1,3
202100033576,2021-06-17 11:45:00,2021,6,17,11,45,56,56162,Boulevard de l’Atlantique D152,47.7096,-3.43992,Plein jour,Hors agglomération,Hors intersection,Pluie légère,Sans collision,3,2,2,2,1,1,2,0,5,70,,1,0,0,0,1,38.0,,,,1,1,1,2,7
202100033577,2021-06-18 17:08:00,2021,6,18,17,8,54,54431,HUGO (RUE VICTOR),48.90221,6.05276,Plein jour,En agglomération,Intersection en T,Normale,Autre collision,3,2,2,0,1,1,1,0,1,50,,2,1,0,0,1,41.0,,,,1,2,3,1,6
202100033578,2021-06-17 16:20:00,2021,6,17,16,20,54,54395,DOMBASLE (PLACE),48.69175,6.17796,Plein jour,En agglomération,Hors intersection,Normale,Deux véhicules - côté,4,1,2,0,1,1,1,0,1,30,,2,1,0,0,1,29.0,41.0,,,1,2,1,1,3