accident_id,datetime,annee,mois,jour,heure,minute,departement,commune_insee,adresse,latitude,longitude,luminosite,agglomeration,intersection,meteo,collision,catr,circ,nbv,vosp,prof,plan,surf,infra,situ,vma,nb_vehicules,nb_usagers,nb_indemnes,nb_tues,nb_blesses_hosp,nb_blesses_legers,age_cond_1,age_cond_2,veh_type_cond_1,veh_type_cond_2,lum_code,agg_code,int_code,atm_code,col_code
202100033579,2021-06-18 14:00:00,2021,6,18,14,0,51,51454,Rue de la Maison Blanche,49.2387682515,4.0306144953,Plein jour,En agglomération,Hors intersection,Normale,Sans collision,4,1,2,0,2,1,1,9,3,50,,2,1,0,0,1,57.0,,,,1,2,1,1,7
202100033580,2021-06-17 19:00:00,2021,6,17,19,0,51,51454,Rue du Chanoine Hess,49.28887,4.016063,Plein jour,En agglomération,Hors intersection,Pluie légère,Deux véhicules - frontale,4,2,2,0,1,1,2,0,1,15,,2,1,0,0,1,,42.0,,,1,2,1,2,1
202100033581,2021-06-17 20:12:00,2021,6,17,20,12,51,51454,Boulevard Franchet d’Esperey,49.2419279252,4.0141976661,Plein jour,En agglomération,Intersection en X,Normale,Deux véhicules - côté,4,2,9,0,1,1,1,5,1,50,,2,1,0,0,1,37.0,18.0,,,1,2,2,1,3
202100033582,2021-06-14 08:55:00,2021,6,14,8,55,51,51454,Avenue Hoche,49.2304398366,4.0613982081,Plein jour,En agglomération,Hors intersection,Normale,Deux véhicules - arrière,4,2,2,0,1,1,1,0,1,50,,3,1,0,0,2,16.0,34.0,,,1,2,1,1,2
202100033583,2021-06-17 16:30:00,2021,6,17,16,30,50,50129,FOUCHET (RUE MAX POL),49.63499,-1.64264,Plein jour,En agglomération,Hors intersection,Pluie légère,Deux véhicules - frontale,4,2,2,0,1,4,2,0,1,50,,2,1,0,0,1,19.0,47.0,,,1,2,1,2,1
202100033584,2021-06-13 09:45:00,2021,6,13,9,45,49,49099,RD 158,47.0677,-0.8115,Plein jour,Hors agglomération,Hors intersection,Normale,Autre collision,9,2,2,0,1,1,1,0,1,50,,1,0,0,0,1,62.0,,,,1,1,1,1,6
202100033585,2021-06-18 08:22:00,2021,6,18,8,22,49,49007,VOLNEY,47.4616,-0.541,Plein jour,En agglomération,Hors intersection,Normale,Deux véhicules - côté,4,2,2,0,1,1,2,0,1,30,,2,1,0,0,1,19.0,22.0,,,1,2,1,1,3
202100033586,2021-06-17 21:25:00,2021,6,17,21,25,47,47001,JAURES (AV. JEAN),44.20288,0.62945,Plein jour,En agglomération,Intersection en T,Temps couvert,Deux véhicules - côté,3,2,2,0,1,1,1,0,1,50,,2,1,0,1,0,53.0,31.0,,,1,2,3,8,3
202100033587,2021-06-18 17:10:00,2021,6,18,17,10,45,45208,95 Rue André Coquillet,47.988988,2.732409,Plein jour,En agglomération,Hors intersection,Normale,Deux véhicules - côté,3,2,2,0,2,1,1,0,1,50,,2,1,0,0,1,34.0,60.0,,,1,2,1,1,3
202100033588,2021-06-16 20:15:00,2021,6,16,20,15,45,45208,Place du Pâtis,48.00077,2.73183,Plein jour,En agglomération,Hors intersection,Normale,Autre collision,6,-1,-1,0,1,1,1,0,4,50,,2,1,0,1,0,17.0,,,,1,2,1,1,6
202100033589,2021-06-16 00:40:00,2021,6,16,0,40,44,44184,VILLES-MOLLÉ (ROUTE DE),47.25907,-2.28237,Nuit sans éclairage public,En agglomération,Giratoire,Normale,Deux véhicules - côté,4,2,2,0,1,1,1,5,1,50,,2,1,0,0,1,19.0,20.0,,,3,2,6,1,3
202100033590,2021-06-16 18:15:00,2021,6,16,18,15,42,42207,Rue Royet de la Bastie,45.46526,4.50501,Plein jour,En agglomération,Hors intersection,Normale,Autre collision,4,2,2,0,2,1,1,0,1,50,,2,1,0,0,1,43.0,,,,1,2,1,1,6
202100033591,2021-06-17 18:08:00,2021,6,17,18,8,42,42184,Rue de Saint Romain,46.0436011149,4.0448117722,Plein jour,En agglomération,Giratoire,Normale,Deux véhicules - côté,4,2,2,0,1,2,1,0,1,50,,2,1,0,1,0,49.0,82.0,,,1,2,6,1,3
202100033592,2021-06-17 19:10:00,2021,6,17,19,10,38,38421,Rue du Bourgamon,45.16507,5.76117,Plein jour,En agglomération,Hors intersection,Normale,Deux véhicules - côté,4,-1,2,0,1,1,1,0,1,30,,2,1,0,0,1,24.0,,,,1,2,1,1,3
202100033593,2021-06-18 10:40:00,2021,6,18,10,40,38,38185,AVENUE LÉON BLUM,45.16912,5.72177,Plein jour,En agglomération,Hors intersection,Normale,Deux véhicules - arrière,4,2,3,2,1,1,1,0,1,50,,2,1,0,0,1,32.0,32.0,,,1,2,1,1,2
202100033594,2021-06-18 17:20:00,2021,6,18,17,20,37,37208,DE GAULLE (AV. DU GAL),47.3562944971,0.7271414995,Plein jour,En agglomération,Intersection en X,Normale,Autre collision,4,3,5,1,2,1,1,5,1,50,,2,1,0,0,1,53.0,15.0,,,1,2,2,1,6
202100033595,2021-06-17 22:33:00,2021,6,17,22,33,37,37214,LOIRE (QUAI DE LA),47.39699,0.66346,Nuit avec éclairage allumé,En agglomération,Hors intersection,Pluie légère,Deux véhicules - frontale,4,2,2,0,1,1,2,0,1,50,,2,1,0,0,1,24.0,60.0,,,5,2,1,2,1
202100033596,2021-06-17 18:30:00,2021,6,17,18,30,37,37261,ALOUETTE (AVENUE),47.360455328,0.6972885132,Plein jour,En agglomération,Autre intersection,Pluie légère,Sans collision,4,1,2,0,2,1,2,2,8,50,,1,0,0,1,0,89.0,,,,1,2,9,2,7
202100033597,2021-06-17 15:30:00,2021,6,17,15,30,37,37233,BLANQUI (RUE),47.39486,0.72066,Plein jour,En agglomération,Autre intersection,Pluie légère,Sans collision,4,-1,1,0,1,1,2,9,1,50,,1,0,0,0,1,19.0,,,,1,2,9,2,7
202100033598,2021-06-18 15:45:00,2021,6,18,15,45,35,35206,PORTE DE BREQUIGNY,48.079185,-1.694893,Plein jour,Hors agglomération,Hors intersection,Normale,Trois véhicules et plus - en chaîne,2,3,4,0,1,2,1,0,1,90,,4,3,0,0,1,52.0,21.0,,,1,1,1,1,4
202100033599,2021-06-14 14:45:00,2021,6,14,14,45,34,34032,NOGUERES HENRI (RD POINT),43.3533917661,3.2250532508,Plein jour,En agglomération,Giratoire,Normale,Deux véhicules - côté,4,1,2,0,1,2,1,0,1,50,,2,1,0,1,0,87.0,22.0,,,1,2,6,1,3
202100033600,2021-06-18 21:02:00,2021,6,18,21,2,33,33039,Avenue Mirieu de Labarre,44.7879786464,-0.5361131199,Plein jour,En agglomération,Hors intersection,Normale,Autre collision,4,2,2,0,1,3,1,0,1,50,,1,0,1,0,0,22.0,,,,1,2,1,1,6
202100033601,2021-06-18 07:10:00,2021,6,18,7,10,33,33281,Rue du Liveau,44.84864,-0.64093,Plein jour,En agglomération,Intersection en X,Normale,Deux véhicules - côté,4,2,2,2,1,1,1,0,1,50,,2,1,0,0,1,19.0,48.0,,,1,2,2,1,3
202100033602,2021-06-17 23:35:00,2021,6,17,23,35,33,33119,Avenue Jean Jaurès,44.85354,-0.53803,Nuit sans éclairage public,En agglomération,Hors intersection,Pluie légère,Deux véhicules - arrière,4,3,4,3,1,1,2,9,5,50,,2,1,0,0,1,46.0,36.0,,,3,2,1,2,2
202100033603,2021-06-18 14:00:00,2021,6,18,14,0,33,33529,,44.6114792292,-1.1162759562,Plein jour,Hors agglomération,Hors intersection,Normale,Autre collision,4,1,1,0,1,1,1,0,1,50,,2,1,0,0,1,33.0,,,,1,1,1,1,6
202100033604,2021-06-14 18:55:00,2021,6,14,18,55,33,33009,,44.6437,-1.19659,Plein jour,En agglomération,Giratoire,Normale,Sans collision,3,2,2,0,1,2,1,0,4,50,,1,0,1,0,0,22.0,,,,1,2,6,1,7
202100033605,2021-06-18 13:15:00,2021,6,18,13,15,31,31555,POMME (RUE DE LA) DU 1AU 42,43.6039,1.44407,Plein jour,En agglomération,Hors intersection,Normale,Autre collision,4,1,1,0,1,1,1,6,1,30,,2,1,0,0,1,31.0,,,,1,2,1,1,6
202100033606,2021-06-17 16:05:00,2021,6,17,16,5,29,29051,Route d’Elliant,47.9898737982,-3.9872431755,Plein jour,Hors agglomération,Hors intersection,Normale,Deux véhicules - frontale,3,-1,2,0,1,2,1,0,1,70,,2,1,0,0,1,34.0,49.0,,,1,1,1,1,1
202100033607,2021-06-18 13:58:00,2021,6,18,13,58,29,29019,Avenue Salaun Penquer,48.384196312,-4.4845271975,Plein jour,En agglomération,Hors intersection,Normale,Autre collision,4,-1,2,0,2,3,1,0,1,50,,1,0,0,0,1,57.0,,,,1,2,1,1,6
202100033608,2021-06-18 19:50:00,2021,6,18,19,50,28,28070,PIGEON VOYAGEUR (rue du),48.46111,1.50068,Plein jour,En agglomération,Giratoire,Normale,Deux véhicules - côté,3,-1,2,0,1,1,1,0,1,50,,2,1,0,0,1,65.0,28.0,,,1,2,6,1,3
202100033609,2021-06-18 03:55:00,2021,6,18,3,55,27,27229,SAINT LEGER (RUE DU FAUBOURG),49.0355355026,1.1562966171,Nuit avec éclairage allumé,En agglomération,Autre intersection,Pluie forte,Autre collision,3,2,2,0,1,2,2,5,4,50,,4,3,0,0,1,20.0,,,,5,2,9,3,6
202100033610,2021-06-18 20:10:00,2021,6,18,20,10,26,26198,101 Route du Teil,44.55709,4.72812,Plein jour,En agglomération,Hors intersection,Normale,Trois véhicules et plus - en chaîne,2,3,3,0,1,1,1,0,1,50,,3,2,0,0,1,20.0,27.0,,,1,2,1,1,4
202100033611,2021-06-18 09:40:00,2021,6,18,9,40,26,26198,26 Rue Benjamin Franklin,44.57587,4.7558,Plein jour,En agglomération,Intersection en X,Normale,Deux véhicules - côté,4,2,7,0,2,4,1,5,1,50,,2,1,0,1,0,65.0,23.0,,,1,2,2,1,3
202100033612,2021-06-17 12:00:00,2021,6,17,12,0,25,25056,LUXEMBOURG RUE DU,47.223024,5.9662781,Plein jour,En agglomération,Intersection en X,Normale,Deux véhicules - côté,4,3,2,3,1,1,1,5,1,50,,4,1,0,0,3,23.0,,,,1,2,2,1,3
202100033613,2021-06-18 16:30:00,2021,6,18,16,30,21,21231,3 Rue d’York,47.3309957674,5.0590911054,Plein jour,En agglomération,Intersection en Y,Normale,Deux véhicules - côté,4,2,2,0,2,1,1,0,1,50,,3,0,0,3,0,49.0,41.0,,,1,2,4,1,3
202100033614,2021-06-18 19:40:00,2021,6,18,19,40,14,14118,Rue de Formigny,49.17292,-0.33886,Plein jour,En agglomération,Intersection en X,Normale,Deux véhicules - côté,4,2,2,0,1,1,1,0,1,50,,2,1,0,0,1,29.0,80.0,,,1,2,2,1,3
202100033615,2021-06-19 00:05:00,2021,6,19,0,5,13,13215,LE CHATELIER,43.34722,5.36889,Nuit avec éclairage non allumé,En agglomération,Hors intersection,Normale,Deux véhicules - frontale,7,2,4,0,2,1,1,0,1,50,,2,1,0,0,1,,,,,4,2,1,1,1
202100033616,2021-06-18 23:00:00,2021,6,18,23,0,13,13208,MENDES FRANCE (AVENUE),43.26161,5.3747,Nuit avec éclairage allumé,En agglomération,Hors intersection,Normale,Sans collision,4,2,2,0,1,1,1,0,1,50,,1,0,0,0,1,15.0,,,,5,2,1,1,7
202100033617,2021-06-18 18:50:00,2021,6,18,18,50,13,13215,VISTE (AVENUE DE LA),43.3602,5.35751,Plein jour,En agglomération,Hors intersection,Normale,Trois véhicules et plus - collisions multiples,4,2,2,0,1,1,1,0,1,50,,7,3,0,0,4,35.0,,,,1,2,1,1,5
202100033618,2021-06-18 10:15:00,2021,6,18,10,15,13,13208,MADRAGUE DE MONTREDON (AVE DE LA) ,43.236,5.362,Plein jour,En agglomération,Hors intersection,Normale,Deux véhicules - frontale,4,2,2,0,1,1,1,0,1,50,,2,1,0,0,1,54.0,,,,1,2,1,1,1
202100033619,2021-06-17 19:45:00,2021,6,17,19,45,13,13002,7 RMENT DE TIRAILLEURS ALGERIENS (AVENUE,43.33797,5.47064,Plein jour,En agglomération,Hors intersection,Normale,Deux véhicules - arrière,7,1,2,0,2,1,1,0,1,50,,2,1,0,1,0,19.0,25.0,,,1,2,1,1,2
202100033620,2021-06-18 10:45:00,2021,6,18,10,45,13,13208,PRADO (AVENUE DU),43.2701,5.388,Plein jour,En agglomération,Hors intersection,Normale,Deux véhicules - côté,4,2,6,3,1,1,1,0,1,50,,2,1,0,0,1,47.0,,,,1,2,1,1,3
202100033621,2021-06-18 20:15:00,2021,6,18,20,15,10,10081,PENETRANTE NORD,48.32824,4.05328,Plein jour,Hors agglomération,Hors intersection,Normale,Deux véhicules - arrière,3,3,2,0,1,3,1,0,1,110,,6,0,0,0,6,38.0,37.0,,,1,1,1,1,2
202100033622,2021-06-14 11:30:00,2021,6,14,11,30,06,06088,PENETRANTE DU PAILLON,43.726,7.286,Plein jour,En agglomération,Hors intersection,Normale,Deux véhicules - côté,7,3,4,0,1,1,1,0,1,70,,3,0,0,0,3,55.0,27.0,,,1,2,1,1,3
202100033623,2021-06-18 13:06:00,2021,6,18,13,6,06,06069,VICTOR HUGO  (BD),43.65601,6.919526,Plein jour,En agglomération,Hors intersection,Normale,Autre collision,3,2,2,0,1,1,1,9,1,50,,2,1,0,0,1,47.0,,,,1,2,1,1,6
202100033624,2021-06-14 07:40:00,2021,6,14,7,40,06,06029,JOURDAN (AVENUE MICHEL),43.57302,6.95319,Plein jour,En agglomération,Hors intersection,Normale,Autre collision,3,2,2,0,1,1,1,0,1,50,,1,0,0,0,1,47.0,,,,1,2,1,1,6
202100033625,2021-06-18 18:50:00,2021,6,18,18,50,75,75118,PORTE D AUBERVILLIERS,48.900844,2.367072,Plein jour,En agglomération,Hors intersection,Normale,Trois véhicules et plus - en chaîne,4,1,4,0,1,1,1,0,1,70,,3,2,0,0,1,27.0,32.0,,,1,2,1,1,4
202100033626,2021-06-17 14:45:00,2021,6,17,14,45,75,75105,QUAI SAINT MICHEL,48.853063,2.346821,Plein jour,En agglomération,Intersection en X,Normale,Deux véhicules - côté,4,1,3,0,1,1,1,0,1,50,,2,1,0,0,1,48.0,25.0,,,1,2,2,1,3
202100033627,2021-06-18 11:45:00,2021,6,18,11,45,75,75120,RUE DE BELLEVILLE,48.872243,2.377447,Plein jour,En agglomération,Hors intersection,Normale,Autre collision,4,2,2,3,2,1,1,0,6,30,,2,1,0,0,1,32.0,,,,1,2,1,1,6
202100033628,2021-06-18 09:25:00,2021,6,18,9,25,75,75120,AVENUE DE LA PORTE DE MENILMONTANT,48.870571,2.408827,Plein jour,En agglomération,Intersection en X,Temps éblouissant,Autre collision,4,2,2,0,1,1,1,0,1,50,,2,1,0,0,1,35.0,,,,1,2,2,7,6
202100033629,2021-06-18 10:20:00,2021,6,18,10,20,75,75119,RUE ARCHEREAU,48.891734,2.374557,Plein jour,En agglomération,Hors intersection,Normale,Deux véhicules - frontale,4,1,1,0,1,1,1,0,1,50,,2,1,0,0,1,56.0,39.0,,,1,2,1,1,1
202100033630,2021-06-17 23:30:00,2021,6,17,23,30,75,75117,AVENUE MAC MAHON,48.877374,2.294431,Nuit avec éclairage allumé,En agglomération,Intersection en Y,Pluie légère,Deux véhicules - côté,4,2,2,3,2,1,2,0,1,30,,4,3,0,0,1,50.0,17.0,,,5,2,4,2,3
202100033631,2021-06-18 14:15:00,2021,6,18,14,15,75,75116,RUE DU RANELAGH,48.855382,2.27093,Plein jour,En agglomération,Intersection en X,Normale,Autre collision,4,1,1,0,1,1,1,0,1,50,,2,1,0,0,1,19.0,,,,1,2,2,1,6
202100033632,2021-06-16 23:30:00,2021,6,16,23,30,75,75116,PLACE CHARLES DE GAULLE,48.87317,2.295141,Nuit avec éclairage allumé,En agglomération,Place,Normale,Deux véhicules - côté,4,1,8,0,1,2,1,5,1,50,,2,1,0,0,1,34.0,37.0,,,5,2,7,1,3
202100033633,2021-06-18 17:40:00,2021,6,18,17,40,75,75115,PLACE CHARLES VALLIN,48.835598,2.302399,Plein jour,En agglomération,Place,Temps couvert,Sans collision,4,1,1,0,1,3,2,0,1,50,,1,0,0,0,1,66.0,,,,1,2,7,8,7
202100033634,2021-06-18 16:30:00,2021,6,18,16,30,75,75115,RUE DE LA CROIX NIVERT,48.841522,2.292514,Plein jour,En agglomération,Hors intersection,Pluie légère,Deux véhicules - côté,4,2,2,0,1,1,2,0,1,50,,2,1,0,0,1,41.0,38.0,,,1,2,1,2,3
202100033635,2021-06-18 10:15:00,2021,6,18,10,15,75,75115,BOULEVARD GARIBALDI,48.847967,2.30185,Plein jour,En agglomération,Place,Normale,Sans collision,4,3,3,1,1,1,1,0,5,50,,1,0,0,0,1,64.0,,,,1,2,7,1,7
202100033636,2021-06-17 10:00:00,2021,6,17,10,0,75,75115,RUE DE LA CONVENTION,48.837231,2.296463,Plein jour,En agglomération,Intersection en X,Normale,Sans collision,4,2,3,3,1,1,8,0,1,50,,1,0,0,0,1,67.0,,,,1,2,2,1,7
202100033637,2021-06-18 17:10:00,2021,6,18,17,10,75,75114,PLACE DENFERT ROCHEREAU,48.833392,2.332647,Plein jour,En agglomération,Place,Pluie légère,Deux véhicules - arrière,4,1,7,0,1,1,2,8,1,50,,2,1,0,0,1,28.0,63.0,,,1,2,7,2,2
202100033638,2021-06-18 12:50:00,2021,6,18,12,50,75,75113,BOULEVARD AUGUSTE BLANQUI,48.831076,2.343172,Plein jour,En agglomération,Hors intersection,Normale,Deux véhicules - côté,4,3,1,1,2,1,1,0,5,50,,2,1,0,0,1,23.0,35.0,,,1,2,1,1,3
202100033639,2021-06-17 23:40:00,2021,6,17,23,40,75,75113,QUAI D AUSTERLITZ,48.8419145494,2.3678807279,Nuit avec éclairage allumé,En agglomération,Intersection en X,Pluie légère,Deux véhicules - côté,4,1,5,1,2,1,2,0,1,30,,2,1,0,0,1,25.0,39.0,,,5,2,2,2,3
202100033640,2021-06-18 11:20:00,2021,6,18,11,20,75,75112,BOULEVARD PONIATOWSKI,48.835101,2.405792,Plein jour,En agglomération,Hors intersection,Normale,Autre collision,4,2,6,3,1,1,1,-1,6,50,,2,1,0,1,0,48.0,,,,1,2,1,1,6
202100033641,2021-06-18 14:55:00,2021,6,18,14,55,75,75111,RUE OBERKAMPF,48.866356,2.380261,Plein jour,En agglomération,Intersection en X,Normale,Trois véhicules et plus - collisions multiples,4,1,2,0,2,1,1,0,1,50,,3,2,0,0,1,43.0,31.0,,,1,2,2,1,5
202100033642,2021-06-18 08:45:00,2021,6,18,8,45,75,75111,AVENUE PARMENTIER,48.869995,2.371048,Plein jour,En agglomération,Intersection en X,Normale,Autre collision,4,2,2,0,1,1,1,0,1,30,,2,1,0,0,1,28.0,,,,1,2,2,1,6
202100033643,2021-06-17 21:00:00,2021,6,17,21,0,75,75118,RUE PIERRE BUDIN,48.889725,2.352025,Crépuscule ou aube,En agglomération,Hors intersection,Normale,Autre collision,4,1,2,0,1,1,1,0,1,50,,2,1,0,0,1,25.0,,,,2,2,1,1,6
202100033644,2021-06-18 14:15:00,2021,6,18,14,15,75,75110,BOULEVARD DE STRASBOURG,48.870608,2.354991,Plein jour,En agglomération,Intersection en T,Normale,Deux véhicules - côté,4,2,5,2,1,1,1,0,5,50,,2,1,0,0,1,22.0,34.0,,,1,2,3,1,3
202100033645,2021-06-18 11:45:00,2021,6,18,11,45,75,75108,BOULEVARD HAUSSMANN,48.874948,2.306851,Plein jour,En agglomération,Hors intersection,Normale,Deux véhicules - côté,4,2,4,0,1,1,1,0,1,50,,2,1,0,0,1,29.0,21.0,,,1,2,1,1,3
202100033646,2021-06-18 11:20:00,2021,6,18,11,20,75,75108,PLACE DE LA CONCORDE,48.866768,2.322045,Plein jour,En agglomération,Place,Normale,Deux véhicules - arrière,4,1,8,0,1,1,1,0,1,50,,2,0,0,0,2,23.0,52.0,,,1,2,7,1,2
202100033647,2021-06-18 20:17:00,2021,6,18,20,17,75,75107,AVENUE DU MARECHAL GALLIENI,48.861047,2.313252,Plein jour,En agglomération,Intersection en X,Normale,Deux véhicules - côté,4,2,6,1,1,1,1,0,5,50,,2,0,0,1,1,56.0,31.0,,,1,2,2,1,3
202100033648,2021-06-18 15:50:00,2021,6,18,15,50,75,75107,BOULEVARD DES INVALIDES,48.853677,2.314746,Plein jour,En agglomération,Intersection en T,Normale,Sans collision,4,2,4,0,1,1,1,0,1,50,,1,0,0,0,1,38.0,,,,1,2,3,1,7
202100033649,2021-06-18 18:15:00,2021,6,18,18,15,75,75103,BOULEVARD DE SEBASTOPOL,48.866238,2.352535,Plein jour,En agglomération,Intersection en X,Normale,Autre collision,4,2,5,3,1,1,2,0,6,50,,2,1,0,0,1,20.0,,,,1,2,2,1,6
202100033650,2021-06-18 13:10:00,2021,6,18,13,10,75,75102,AVENUE DE L OPERA,48.86752,2.33366,Plein jour,En agglomération,Intersection en X,Normale,Deux véhicules - côté,4,2,2,0,1,1,1,0,1,50,,2,1,0,0,1,59.0,50.0,,,1,2,2,1,3
202100033651,2021-06-16 20:10:00,2021,6,16,20,10,75,75101,VOIE GEORGES POMPIDOU,48.857178,2.346587,Crépuscule ou aube,En agglomération,Hors intersection,Normale,Deux véhicules - frontale,4,2,2,0,1,1,1,6,1,20,,2,1,0,0,1,28.0,27.0,,,2,2,1,1,1
202100033652,2021-06-18 06:35:00,2021,6,18,6,35,94,94003,Avenue Laplace,48.80843,2.33263,Nuit avec éclairage allumé,En agglomération,Hors intersection,Temps éblouissant,Deux véhicules - côté,4,2,2,0,2,1,1,9,1,50,,2,1,0,0,1,28.0,32.0,,,5,2,1,7,3
202100033653,2021-06-18 16:05:00,2021,6,18,16,5,94,94041,Quai Jean Compagnon,48.82014,2.39649,Plein jour,En agglomération,Hors intersection,Normale,Deux véhicules - côté,3,1,2,0,1,1,1,0,1,50,,2,1,0,0,1,45.0,44.0,,,1,2,1,1,3
202100033654,2021-06-14 13:35:00,2021,6,14,13,35,94,94041,MICHELET (R),48.80779,2.37733,Plein jour,En agglomération,Hors intersection,Normale,Deux véhicules - arrière,4,2,-1,0,1,1,1,0,1,50,,2,1,0,0,1,31.0,73.0,,,1,2,1,1,2
202100033655,2021-06-18 11:45:00,2021,6,18,11,45,94,94011,Avenue de Boissy,48.77103,2.48509,Plein jour,En agglomération,Autre intersection,Normale,Deux véhicules - frontale,3,2,2,0,1,1,1,0,1,50,,2,1,0,0,1,20.0,45.0,,,1,2,9,1,1
202100033656,2021-06-18 09:15:00,2021,6,18,9,15,94,94022,Avenue d’Alfortville,48.768766,2.413842,Plein jour,En agglomération,Intersection en T,Normale,Deux véhicules - côté,3,2,2,0,1,1,1,0,1,50,,2,1,0,0,1,67.0,18.0,,,1,2,3,1,3
202100033657,2021-06-17 12:15:00,2021,6,17,12,15,94,94022,PABLO PICASSO (AV),48.76616,2.40875,Plein jour,En agglomération,Hors intersection,Normale,Deux véhicules - arrière,3,3,4,0,1,3,1,0,1,50,,2,1,0,0,1,44.0,52.0,,,1,2,1,1,2
202100033658,2021-06-17 15:09:00,2021,6,17,15,9,93,93005,MITRY [CD115] (ROUTE DE),48.94372,2.50694,Plein jour,En agglomération,Intersection en Y,Normale,Deux véhicules - côté,3,1,2,0,1,1,1,0,1,50,,6,3,0,0,3,36.0,55.0,,,1,2,4,1,3
202100033659,2021-06-18 13:20:00,2021,6,18,13,20,93,93071,Rue Gabriel Péri / Avenue Salvador Allende,48.947731,2.532973,Plein jour,En agglomération,Intersection en T,Normale,Deux véhicules - côté,4,2,2,0,1,1,1,0,1,50,,2,1,0,0,1,30.0,29.0,,,1,2,3,1,3
202100033660,2021-06-17 20:50:00,2021,6,17,20,50,93,93070,LANDY(RUE):N° 1 AU 43,48.91404,2.3443,Nuit avec éclairage allumé,En agglomération,Intersection en X,Pluie forte,Deux véhicules - côté,3,2,3,0,1,1,2,0,1,50,,2,1,0,0,1,33.0,37.0,,,5,2,2,3,3
202100033661,2021-06-14 10:00:00,2021,6,14,10,0,93,93066,Rue de Lorraine,48.925309,2.368451,Plein jour,En agglomération,Autre intersection,Temps éblouissant,Autre collision,4,2,2,0,1,1,1,0,1,50,,2,1,0,1,0,35.0,,,,1,2,9,7,6
202100033662,2021-06-17 20:58:00,2021,6,17,20,58,93,93066,Avenue du Colonel Fabien,48.945236,2.351761,Crépuscule ou aube,En agglomération,Hors intersection,Pluie légère,Autre collision,3,3,2,0,2,1,2,1,1,50,,2,1,0,0,1,27.0,,,,2,2,1,2,6
202100033663,2021-06-17 20:40:00,2021,6,17,20,40,93,93055,AISNE (QUAI DE ),48.89577,2.40132,Plein jour,En agglomération,Intersection en T,Pluie forte,Deux véhicules - côté,3,1,1,0,4,1,2,9,1,50,,4,0,0,0,4,25.0,,,,1,2,3,3,3
202100033664,2021-06-17 23:50:00,2021,6,17,23,50,93,93053,Rue de Paris,48.900515,2.453078,Nuit avec éclairage allumé,En agglomération,Autre intersection,Pluie légère,Trois véhicules et plus - en chaîne,3,3,2,0,3,1,2,1,6,50,,3,2,0,1,0,29.0,43.0,,,5,2,9,2,4
202100033665,2021-06-18 17:20:00,2021,6,18,17,20,93,93051,MONT D'EST (BD),48.84214,2.54316,Plein jour,En agglomération,Intersection en X,Normale,Deux véhicules - arrière,3,3,4,0,1,1,1,5,1,50,,3,2,0,0,1,36.0,45.0,,,1,2,2,1,2
202100033666,2021-06-18 14:40:00,2021,6,18,14,40,93,93051,Avenue Victor Basch,48.8419062079,2.5596669316,Plein jour,En agglomération,Hors intersection,Normale,Trois véhicules et plus - en chaîne,4,2,2,0,2,1,1,0,1,50,,3,2,0,0,1,,38.0,,,1,2,1,1,4
202100033667,2021-06-18 06:50:00,2021,6,18,6,50,93,93050,JEAN JAURES (AVENUE) COTE MAISON BLANCHE,48.86,2.54,Plein jour,En agglomération,Hors intersection,Normale,Deux véhicules - arrière,3,1,2,0,1,1,1,0,1,50,,2,1,0,0,1,27.0,27.0,,,1,2,1,1,2
202100033668,2021-06-18 18:30:00,2021,6,18,18,30,93,93048,Rue Robespierre / Place de la Republique,48.85361,2.42351,Plein jour,En agglomération,Place,Normale,Deux véhicules - côté,3,2,2,0,1,1,1,0,1,30,,2,1,0,0,1,43.0,32.0,,,1,2,7,1,3
202100033669,2021-06-17 05:00:00,2021,6,17,5,0,93,93032,CONTANT   (RUE),48.89213,2.5342,Nuit avec éclairage allumé,En agglomération,Hors intersection,Pluie légère,Sans collision,3,2,2,0,1,1,2,0,1,50,,1,0,0,0,1,25.0,,,,5,2,1,2,7
202100033670,2021-06-18 18:05:00,2021,6,18,18,5,93,93010,GALLIENI (AV.) DE 2 A 96,48.9049255102,2.4758341312,Plein jour,En agglomération,Hors intersection,Normale,Deux véhicules - frontale,3,1,0,0,1,1,1,0,1,50,,2,1,0,0,1,78.0,,,,1,2,1,1,1
202100033671,2021-06-17 23:40:00,2021,6,17,23,40,93,93007,ALBERT EINSTEIN (AVENUE),48.9486,2.4665,Nuit avec éclairage allumé,En agglomération,Hors intersection,Pluie légère,Deux véhicules - frontale,4,-1,2,0,1,1,2,9,1,50,,2,0,0,0,2,20.0,61.0,,,5,2,1,2,1
202100033672,2021-06-18 10:20:00,2021,6,18,10,20,93,93066,LANDY (RUE DU) 34/29 =>,48.9154211613,2.363268882,Plein jour,En agglomération,Hors intersection,Normale,Deux véhicules - côté,3,2,2,0,1,1,1,0,1,50,,2,1,0,0,1,47.0,28.0,,,1,2,1,1,3
202100033673,2021-06-18 13:50:00,2021,6,18,13,50,92,92078,MARECHAL LECLERC (AVENUE) (PAIRS),48.9373906272,2.324321866,Plein jour,En agglomération,Intersection en T,Normale,Deux véhicules - côté,3,-1,4,0,1,1,1,0,1,50,,2,0,0,1,1,60.0,24.0,,,1,2,3,1,3
202100033674,2021-06-16 23:40:00,2021,6,16,23,40,92,92072,BRUYERES (RUE DES),48.8201398732,2.2184121609,Nuit avec éclairage allumé,En agglomération,Intersection en T,Normale,Sans collision,4,2,2,0,2,1,1,9,1,30,,1,0,0,0,1,39.0,,,,5,2,3,1,7
202100033675,2021-06-18 14:35:00,2021,6,18,14,35,92,92064,BUZENVAL,48.8530090093,2.2017556429,Plein jour,En agglomération,Hors intersection,Normale,Deux véhicules - côté,3,2,2,0,1,1,1,0,1,50,,2,1,0,0,1,37.0,43.0,,,1,2,1,1,3