accident_id,datetime,annee,mois,jour,heure,minute,departement,commune_insee,adresse,latitude,longitude,luminosite,agglomeration,intersection,meteo,collision,catr,circ,nbv,vosp,prof,plan,surf,infra,situ,vma,nb_vehicules,nb_usagers,nb_indemnes,nb_tues,nb_blesses_hosp,nb_blesses_legers,age_cond_1,age_cond_2,veh_type_cond_1,veh_type_cond_2,lum_code,agg_code,int_code,atm_code,col_code
202100033676,2021-06-18 09:10:00,2021,6,18,9,10,92,92073,MARCEL DASSAULT,48.8609,2.22496,Plein jour,En agglomération,Hors intersection,Normale,Deux véhicules - arrière,3,2,2,0,1,1,1,0,1,50,,2,1,0,0,1,62.0,21.0,,,1,2,1,1,2
202100033677,2021-06-18 17:25:00,2021,6,18,17,25,92,92062,GENERAL DE GAULLE (AV) DU 44 AU 106,48.8889339285,2.2358264029,Plein jour,En agglomération,Hors intersection,Normale,Deux véhicules - côté,3,2,2,1,1,1,2,8,1,50,,2,1,0,0,1,44.0,52.0,,,1,2,1,1,3
202100033678,2021-06-18 20:30:00,2021,6,18,20,30,92,92051,LONGCHAMP (RUE DE),48.87812,2.25198,Crépuscule ou aube,En agglomération,Hors intersection,Normale,Deux véhicules - côté,4,1,1,0,1,1,1,0,1,30,,2,1,0,0,1,40.0,23.0,,,2,2,1,1,3
202100033679,2021-06-18 20:30:00,2021,6,18,20,30,92,92051,"BINEAU (BOULEVARD, N°133 A 217 ET 134 A",48.8895616147,2.2726102173,Plein jour,En agglomération,Hors intersection,Normale,Deux véhicules - arrière,3,1,3,2,1,1,1,0,6,50,,4,3,0,0,1,49.0,30.0,,,1,2,1,1,2
202100033680,2021-06-17 14:09:00,2021,6,17,14,9,92,92051,RICHARD WALLACE (BOULEVARD),48.8752063011,2.2506174445,Plein jour,En agglomération,Autre intersection,Normale,Deux véhicules - côté,4,1,4,0,1,1,1,0,1,50,,2,1,0,0,1,54.0,40.0,,,1,2,9,1,3
202100033681,2021-06-18 18:00:00,2021,6,18,18,0,92,92050,AMPERE RUE,48.9013971164,2.1951976418,Plein jour,En agglomération,Hors intersection,Normale,Sans collision,4,-1,1,1,1,1,2,0,1,50,,1,0,0,1,0,18.0,,,,1,2,1,1,7
202100033682,2021-06-18 12:15:00,2021,6,18,12,15,92,92020,FORT RUE DU,48.794512177,2.2718317062,Plein jour,En agglomération,Hors intersection,Normale,Autre collision,4,-1,1,1,1,1,1,6,1,50,,1,0,0,0,1,48.0,,,,1,2,1,1,6
202100033683,2021-06-18 18:20:00,2021,6,18,18,20,92,92040,BARA,48.8331313056,2.2678038454,Plein jour,En agglomération,Autre intersection,Normale,Autre collision,4,2,2,2,1,1,1,0,5,30,,1,0,0,0,1,52.0,,,,1,2,9,1,6
202100033684,2021-06-17 17:40:00,2021,6,17,17,40,92,92036,GENEAL DE GAULLE (AVENUE) (1/41),48.934282013,2.3176445067,Plein jour,En agglomération,Hors intersection,Normale,Deux véhicules - arrière,3,2,4,0,1,1,1,0,1,50,,2,1,0,0,1,25.0,30.0,,,1,2,1,1,2
202100033685,2021-06-16 18:45:00,2021,6,16,18,45,92,92025,PAUL BERT (RUE),48.929472,2.246326,Plein jour,En agglomération,Hors intersection,Normale,Trois véhicules et plus - en chaîne,3,2,4,0,1,1,1,0,1,50,,4,3,0,0,1,49.0,44.0,,,1,2,1,1,4
202100033686,2021-06-18 15:50:00,2021,6,18,15,50,92,92024,CLICHY (QUAI DE) DE (8 A 60),48.90484,2.29275,Plein jour,En agglomération,Hors intersection,Normale,Deux véhicules - côté,3,2,2,0,1,1,1,0,1,50,,2,1,0,0,1,38.0,62.0,,,1,2,1,1,3
202100033687,2021-06-18 13:00:00,2021,6,18,13,0,92,92044,ERNEST COGNACQ(RUE),48.8954391125,2.2776914801,Plein jour,En agglomération,Autre intersection,Normale,Autre collision,4,2,2,0,1,1,1,0,1,30,,2,0,0,0,2,49.0,,,,1,2,9,1,6
202100033688,2021-06-18 20:45:00,2021,6,18,20,45,92,92012,SILLY (RUE DE) 1/87 - 2/88,48.838317315,2.2321665287,Plein jour,En agglomération,Hors intersection,Normale,Deux véhicules - côté,4,3,2,0,1,1,1,9,1,50,,2,1,0,0,1,74.0,25.0,,,1,2,1,1,3
202100033689,2021-06-17 23:30:00,2021,6,17,23,30,92,92012,GALLIENI (RUE) 55/157 - 50/140,48.8361599586,2.2366324067,Nuit sans éclairage public,En agglomération,Intersection en X,Pluie légère,Deux véhicules - côté,4,2,2,0,2,1,2,0,1,50,,2,1,0,0,1,41.0,31.0,,,3,2,2,2,3
202100033690,2021-06-18 15:15:00,2021,6,18,15,15,92,92002,VELPEAU (RUE),48.7547850119,2.301228717,Plein jour,En agglomération,Hors intersection,Normale,Autre collision,4,1,0,2,1,1,1,0,5,50,,3,2,0,0,1,28.0,76.0,,,1,2,1,1,6
202100033691,2021-06-11 19:00:00,2021,6,11,19,0,35,35136,Lieu Dit Beauregard,47.92509,-1.543979,Plein jour,Hors agglomération,Hors intersection,Normale,Deux véhicules - côté,3,2,2,0,1,1,1,0,1,80,,2,1,0,0,1,32.0,17.0,,,1,1,1,1,3
202100033692,2021-06-19 15:50:00,2021,6,19,15,50,976,97610,Rond point du collège de Majicavo Lamir,-12.751612,45.230415,Plein jour,En agglomération,Giratoire,Normale,Deux véhicules - côté,2,2,2,0,1,2,1,5,1,50,,2,1,0,0,1,,22.0,,,1,2,6,1,3
202100033693,2021-06-18 18:10:00,2021,6,18,18,10,47,47225,25 Route de Moncaut,44.167148,0.546678,Plein jour,Hors agglomération,Hors intersection,Normale,Sans collision,3,2,2,0,2,1,1,0,3,80,,1,0,0,1,0,58.0,,,,1,1,1,1,7
202100033694,2021-06-19 12:15:00,2021,6,19,12,15,43,43071,lieu dit les fauchers,45.2752689666,3.8324046135,Plein jour,Hors agglomération,Hors intersection,Normale,Deux véhicules - arrière,3,2,2,0,2,1,1,0,1,90,,3,2,0,1,0,61.0,32.0,,,1,1,1,1,2
202100033695,2021-06-19 10:15:00,2021,6,19,10,15,63,63116,Intermarché--131 Avenue Etienne Clémentel,45.984592,3.087185,Plein jour,En agglomération,Autre intersection,Normale,Autre collision,6,-1,0,0,1,1,1,9,8,-1,,2,1,0,1,0,49.0,,,,1,2,9,1,6
202100033696,2021-06-18 18:25:00,2021,6,18,18,25,88,88349,Le Rudlin,48.119526,7.041845,Plein jour,Hors agglomération,Intersection en T,Normale,Deux véhicules - côté,3,2,2,0,2,3,1,0,1,80,,2,1,0,1,0,47.0,35.0,,,1,1,3,1,3
202100033697,2021-06-18 20:00:00,2021,6,18,20,0,01,01288,Rue de lyon,46.181155,5.919128,Plein jour,En agglomération,Intersection en T,Normale,Deux véhicules - côté,3,2,2,0,1,1,1,0,1,30,,2,1,0,1,0,31.0,26.0,,,1,2,3,1,3
202100033698,2021-06-19 04:00:00,2021,6,19,4,0,971,97132,Route de la Plage,15.963253,-61.66019,Nuit avec éclairage non allumé,En agglomération,Hors intersection,Temps couvert,Autre collision,3,2,2,0,2,3,2,0,3,50,,3,0,1,1,1,25.0,,,,4,2,1,8,6
202100033699,2021-06-18 22:25:00,2021,6,18,22,25,62,62221,Route départementale 72,50.384402,2.491901,Nuit sans éclairage public,Hors agglomération,Hors intersection,Normale,Sans collision,3,2,2,0,1,3,1,0,3,80,,2,0,0,2,0,19.0,,,,3,1,1,1,7
202100033700,2021-06-19 00:35:00,2021,6,19,0,35,95,95028,RD 909,49.072207,2.343693,Nuit sans éclairage public,Hors agglomération,Hors intersection,Normale,Deux véhicules - arrière,3,2,2,0,1,1,1,0,1,70,,2,1,0,1,0,61.0,37.0,,,3,1,1,1,2
202100033701,2021-06-18 18:20:00,2021,6,18,18,20,56,56158,D779,47.698672,-2.795634,Plein jour,Hors agglomération,Hors intersection,Normale,Trois véhicules et plus - collisions multiples,3,2,2,0,1,1,1,0,1,80,,3,0,0,2,1,24.0,23.0,,,1,1,1,1,5
202100033702,2021-06-19 05:10:00,2021,6,19,5,10,77,77341,23 Route de l Espérance,48.444917,3.354669,Crépuscule ou aube,Hors agglomération,Hors intersection,Normale,Sans collision,3,2,2,0,1,1,1,0,3,70,,1,0,0,0,1,24.0,,,,2,1,1,1,7
202100033703,2021-06-18 16:00:00,2021,6,18,16,0,76,76183,D150,49.744617,0.472562,Plein jour,Hors agglomération,Hors intersection,Pluie forte,Deux véhicules - frontale,3,2,2,0,1,4,2,0,1,80,,2,1,0,1,0,21.0,61.0,,,1,1,1,3,1
202100033704,2021-06-18 16:00:00,2021,6,18,16,0,2B,2B346,Arena,42.506876,9.473841,Plein jour,Hors agglomération,Hors intersection,Normale,Deux véhicules - frontale,2,2,2,0,1,2,1,0,1,70,,3,0,1,1,1,28.0,51.0,,,1,1,1,1,1
202100033705,2021-06-19 11:30:00,2021,6,19,11,30,69,69162,BROUILLY (DE) (RTE),46.113285,4.64259,Plein jour,Hors agglomération,Hors intersection,Normale,Sans collision,3,2,2,0,2,3,1,0,1,80,,1,0,0,1,0,49.0,,,,1,1,1,1,7
202100033706,2021-06-19 16:30:00,2021,6,19,16,30,81,81130,Avenue Jean Jaurès,43.578518,2.277185,Plein jour,En agglomération,Intersection en X,Temps éblouissant,Deux véhicules - côté,3,2,2,0,2,1,1,5,1,50,,3,1,0,0,2,61.0,17.0,,,1,2,2,7,3
202100033707,2021-06-18 21:15:00,2021,6,18,21,15,81,81227,Chemin de la Rivierette,43.644375,2.275049,Plein jour,Hors agglomération,Hors intersection,Normale,Deux véhicules - côté,3,2,2,0,2,1,1,0,1,80,,2,1,1,0,0,33.0,23.0,,,1,1,1,1,3
202100033708,2021-06-19 11:20:00,2021,6,19,11,20,71,71408,Chemin de Popet,46.2044075221,4.2230374787,Plein jour,Hors agglomération,Hors intersection,Normale,Deux véhicules - côté,4,2,2,0,1,3,1,0,1,80,,2,1,0,1,0,39.0,17.0,,,1,1,1,1,3
202100033709,2021-06-18 18:00:00,2021,6,18,18,0,31,31341,CD.2,43.739375,1.312459,Plein jour,Hors agglomération,Hors intersection,Normale,Deux véhicules - arrière,3,2,2,0,1,1,1,0,1,80,,2,1,1,0,0,28.0,21.0,,,1,1,1,1,2
202100033710,2021-06-19 11:40:00,2021,6,19,11,40,38,38338,RD 1532,45.212505,5.488551,Plein jour,Hors agglomération,Hors intersection,Normale,Deux véhicules - frontale,3,2,2,0,1,1,1,0,1,80,,2,0,0,0,2,53.0,22.0,,,1,1,1,1,1
202100033711,2021-06-19 15:40:00,2021,6,19,15,40,38,38457,Route de la Cote Saint Andre,45.329326,5.266571,Plein jour,En agglomération,Intersection en X,Normale,Deux véhicules - côté,3,2,2,0,1,1,1,5,1,50,,3,1,0,1,1,17.0,33.0,,,1,2,2,1,3
202100033712,2021-06-18 20:40:00,2021,6,18,20,40,38,38398,Route Le Mazet ,45.51246,5.67878,Plein jour,Hors agglomération,Hors intersection,Normale,Autre collision,3,2,2,0,4,1,1,2,3,80,,1,0,1,0,0,63.0,,,,1,1,1,1,6
202100033713,2021-06-19 03:00:00,2021,6,19,3,0,02,02292,Avenue Ernest Couvrecelle,49.037731,3.412119,Nuit avec éclairage allumé,En agglomération,Giratoire,Normale,Autre collision,3,2,2,0,1,1,1,0,1,50,,1,0,0,1,0,23.0,,,,5,2,6,1,6
202100033714,2021-06-17 11:15:00,2021,6,17,11,15,15,15045,D921,44.844183,3.004989,Plein jour,Hors agglomération,Hors intersection,Normale,Autre collision,3,2,2,0,1,3,1,0,3,90,,1,0,0,1,0,64.0,,,,1,1,1,1,6
202100033715,2021-06-19 01:50:00,2021,6,19,1,50,70,70160,24 Rue de la Fontaine aux Dames,47.578053,6.702986,Nuit sans éclairage public,En agglomération,Hors intersection,Normale,Autre collision,4,2,2,0,2,4,1,9,8,50,,1,0,0,1,0,20.0,,,,3,2,1,1,6
202100033716,2021-06-19 11:50:00,2021,6,19,11,50,70,70413,14 Rue du Col de la Chevestraye,47.756096,6.721873,Plein jour,Hors agglomération,Hors intersection,Normale,Autre collision,3,2,2,0,3,2,1,0,3,80,,2,0,1,0,1,86.0,,,,1,1,1,1,6
202100033717,2021-06-19 17:40:00,2021,6,19,17,40,26,26069,D518,44.824853,5.384519,Plein jour,Hors agglomération,Hors intersection,Normale,Autre collision,3,2,2,0,2,1,1,0,3,80,,1,0,0,1,0,25.0,,,,1,1,1,1,6
202100033718,2021-06-18 14:40:00,2021,6,18,14,40,72,72292,La Grande Malpougere,48.124965,0.747767,Plein jour,Hors agglomération,Autre intersection,Normale,Deux véhicules - côté,3,2,2,0,1,1,1,0,1,80,,2,1,0,0,1,26.0,26.0,,,1,1,9,1,3
202100033719,2021-06-18 21:46:00,2021,6,18,21,46,72,72059,Lieu Dit le Chatain,47.940159,-0.120796,Nuit sans éclairage public,Hors agglomération,Hors intersection,Pluie légère,Sans collision,4,2,2,0,4,2,2,0,3,80,,1,0,0,1,0,16.0,,,,3,1,1,2,7
202100033720,2021-06-18 17:17:00,2021,6,18,17,17,45,45193,La Chevrie,47.807988,2.059293,Plein jour,Hors agglomération,Hors intersection,Temps éblouissant,Trois véhicules et plus - en chaîne,3,2,2,0,1,1,1,0,1,80,,3,2,0,0,1,38.0,94.0,,,1,1,1,7,4
202100033721,2021-06-19 11:45:00,2021,6,19,11,45,73,73124,D990 Route de Chambéry,45.657428,6.350183,Plein jour,En agglomération,Hors intersection,Temps éblouissant,Autre collision,3,2,2,2,1,1,1,-1,5,50,,1,0,0,1,0,70.0,,,,1,2,1,7,6
202100033722,2021-06-14 13:53:00,2021,6,14,13,53,43,43227,Chemin de Faridouay,45.288346,4.331478,Plein jour,Hors agglomération,Intersection en X,Normale,Autre collision,3,2,2,0,2,1,1,2,4,80,,1,0,0,1,0,79.0,,,,1,1,2,1,6
202100033723,2021-06-18 18:00:00,2021,6,18,18,0,43,43042,le bourg,44.9304961874,3.781850338,Plein jour,Hors agglomération,Hors intersection,Normale,Sans collision,4,-1,1,0,2,2,9,0,8,80,,2,1,0,1,0,62.0,,,,1,1,1,1,7
202100033724,2021-06-19 08:00:00,2021,6,19,8,0,07,07129,D236,44.998538,4.566189,Plein jour,Hors agglomération,Hors intersection,Normale,Deux véhicules - frontale,3,2,2,0,2,4,1,0,3,80,,2,1,1,0,0,50.0,64.0,,,1,1,1,1,1
202100033725,2021-06-18 07:15:00,2021,6,18,7,15,21,21663,Rue Victor Hugo,47.539905,4.440011,Crépuscule ou aube,En agglomération,Intersection en T,Normale,Deux véhicules - côté,3,2,2,0,1,3,1,5,1,50,,2,1,0,1,0,47.0,48.0,,,2,2,3,1,3
202100033726,2021-06-13 22:25:00,2021,6,13,22,25,40,40181,Route des Lacs,43.810156,-1.378696,Nuit sans éclairage public,Hors agglomération,Hors intersection,Normale,Deux véhicules - frontale,3,2,2,0,1,1,1,0,1,80,,4,3,0,0,1,68.0,29.0,,,3,1,1,1,1
202100033727,2021-06-19 03:20:00,2021,6,19,3,20,27,27698,Route Départementale 39,49.16804,0.881782,Nuit sans éclairage public,Hors agglomération,Hors intersection,Normale,Autre collision,3,2,2,0,1,1,1,0,1,80,,1,0,0,0,1,54.0,,,,3,1,1,1,6
202100033728,2021-06-19 11:00:00,2021,6,19,11,0,17,17365,Rue de la Billette,45.218691,-0.192368,Plein jour,En agglomération,Giratoire,Normale,Autre collision,3,2,2,0,2,1,1,5,8,50,,1,0,1,0,0,71.0,,,,1,2,6,1,6
202100033729,2021-06-18 15:00:00,2021,6,18,15,0,37,37109,150 Avenue du Général de Gaulle,47.3991746546,0.6449324164,Plein jour,En agglomération,Hors intersection,Normale,Deux véhicules - frontale,7,2,2,0,2,1,1,0,1,50,,2,1,0,0,1,84.0,76.0,,,1,2,1,1,1
202100033730,2021-06-18 10:00:00,2021,6,18,10,0,30,30088,D 999,43.861438,4.143316,Plein jour,Hors agglomération,Hors intersection,Normale,Deux véhicules - frontale,3,2,2,0,2,2,2,0,1,70,,5,0,0,3,2,25.0,34.0,,,1,1,1,1,1
202100033731,2021-06-19 18:00:00,2021,6,19,18,0,48,48108,La Panouse,44.729205,3.602872,Plein jour,Hors agglomération,Hors intersection,Normale,Sans collision,4,2,2,0,2,3,1,0,1,80,,2,1,0,1,0,20.0,,,,1,1,1,1,7
202100033732,2021-06-17 18:20:00,2021,6,17,18,20,987,98752,PK 54 RT 1,-17.722055,-149.404653,Nuit avec éclairage allumé,Hors agglomération,Hors intersection,Normale,Sans collision,2,2,2,0,1,1,1,0,1,60,,2,1,0,1,0,50.0,20.0,,,5,1,1,1,7
202100033733,2021-06-17 19:05:00,2021,6,17,19,5,06,06152,Route des Lucioles,43.61798,7.057192,Plein jour,Hors agglomération,Intersection en T,Normale,Sans collision,3,2,2,2,2,1,1,0,5,70,,1,0,0,1,0,25.0,,,,1,1,3,1,7
202100033734,2021-06-10 08:15:00,2021,6,10,8,15,30,30326,Aire de Tavel-Sud (Embranchement d'autoroute),43.998588,4.698243,Plein jour,Hors agglomération,Autre intersection,Normale,Autre collision,5,1,1,0,1,1,1,0,1,50,,1,0,0,1,0,81.0,,,,1,1,9,1,6
202100033735,2021-06-19 01:55:00,2021,6,19,1,55,91,91111,A10 pk 9+100,48.615286,2.122357,Nuit sans éclairage public,Hors agglomération,Hors intersection,Normale,Autre collision,1,3,4,0,2,1,1,0,3,130,,2,0,0,1,1,34.0,,,,3,1,1,1,6
202100033736,2021-06-16 12:42:00,2021,6,16,12,42,45,45297,"parking SUPER U, rue de savoie",47.7807336326,2.3755374849,Plein jour,En agglomération,Hors intersection,Normale,Deux véhicules - côté,6,-1,-1,0,1,1,1,0,1,20,,2,1,0,0,1,28.0,18.0,,,1,2,1,1,3
202100033737,2021-06-18 12:10:00,2021,6,18,12,10,77,77477,D152,48.344526,2.603302,Plein jour,En agglomération,Hors intersection,Normale,Autre collision,3,2,2,0,1,1,1,9,3,50,,2,0,0,2,0,69.0,,,,1,2,1,1,6
202100033738,2021-06-19 18:15:00,2021,6,19,18,15,91,91540,Avenue de Dourdan,48.552705,2.119911,Plein jour,En agglomération,Hors intersection,Pluie forte,Sans collision,3,2,2,0,4,1,6,0,1,50,,1,0,0,1,0,41.0,,,,1,2,1,3,7
202100033739,2021-06-17 23:30:00,2021,6,17,23,30,2A,2A247,Rue du 09 septembre 1943,41.585852,9.282013,Nuit avec éclairage allumé,En agglomération,Hors intersection,Normale,Autre collision,3,2,2,0,1,1,1,0,1,50,,4,3,0,1,0,23.0,,,,5,2,1,1,6
202100033740,2021-06-18 09:15:00,2021,6,18,9,15,84,84054,Chemin du Bosquet,43.911907,5.067916,Plein jour,En agglomération,Intersection en T,Normale,Deux véhicules - côté,4,2,2,0,1,1,1,0,1,50,,2,1,0,1,0,68.0,50.0,,,1,2,3,1,3
202100033741,2021-06-19 10:25:00,2021,6,19,10,25,83,83146,quartier sous ville,43.636345,5.936348,Plein jour,En agglomération,Autre intersection,Normale,Autre collision,3,2,2,0,1,1,1,0,1,30,,2,1,1,0,0,36.0,,,,1,2,9,1,6
202100033742,2021-06-19 14:20:00,2021,6,19,14,20,89,89468,D606,48.016246,3.310475,Plein jour,Hors agglomération,Hors intersection,Normale,Deux véhicules - frontale,3,2,3,0,1,2,1,0,1,80,,5,0,1,4,0,26.0,69.0,,,1,1,1,1,1
202100033743,2021-06-18 18:10:00,2021,6,18,18,10,54,54186,621 Chemin des Montants,48.750687,6.233806,Plein jour,En agglomération,Hors intersection,Normale,Sans collision,4,2,2,0,2,1,1,9,1,50,,1,0,0,1,0,26.0,,,,1,2,1,1,7
202100033744,2021-06-18 19:53:00,2021,6,18,19,53,57,57683,Rue Jeanne d Arc,49.300855,6.159039,Plein jour,En agglomération,Intersection en T,Normale,Deux véhicules - côté,3,2,2,0,1,1,1,0,1,50,,2,1,0,0,1,29.0,63.0,,,1,2,3,1,3
202100033745,2021-06-19 15:50:00,2021,6,19,15,50,42,42022,Avenue de la Mairie,45.523413,4.21783,Plein jour,En agglomération,Giratoire,Temps éblouissant,Deux véhicules - côté,4,2,1,0,1,1,1,0,1,50,,2,1,0,0,1,17.0,24.0,,,1,2,6,7,3
202100033746,2021-06-19 15:30:00,2021,6,19,15,30,38,38153,D531,45.182112,5.620279,Plein jour,Hors agglomération,Hors intersection,Normale,Deux véhicules - côté,3,2,2,0,2,3,1,0,1,70,,2,1,0,0,1,61.0,52.0,,,1,1,1,1,3
202100033747,2021-06-19 17:05:00,2021,6,19,17,5,26,26377,D94,44.309457,5.040376,Plein jour,Hors agglomération,Hors intersection,Normale,Deux véhicules - frontale,3,2,2,0,1,1,1,0,1,80,,5,4,0,0,1,47.0,43.0,,,1,1,1,1,1
202100033748,2021-06-19 17:40:00,2021,6,19,17,40,26,26290,Les Berts,44.911511,5.426899,Plein jour,Hors agglomération,Hors intersection,Normale,Autre collision,3,2,2,0,1,1,1,0,3,-1,,1,0,1,0,0,26.0,,,,1,1,1,1,6
202100033749,2021-06-18 23:00:00,2021,6,18,23,0,07,07040,D209,45.032929,4.680578,Nuit sans éclairage public,Hors agglomération,Hors intersection,Normale,Deux véhicules - côté,3,2,2,0,2,4,1,0,1,80,,2,1,0,1,0,18.0,26.0,,,3,1,1,1,3
202100033750,2021-06-19 01:58:00,2021,6,19,1,58,69,69063,CHAREZIEUX (DE) (Q),45.832103,4.843844,Nuit avec éclairage allumé,En agglomération,Hors intersection,Normale,Sans collision,7,3,2,1,1,1,1,0,3,50,,1,0,1,0,0,46.0,,,,5,2,1,1,7
202100033751,2021-06-19 04:45:00,2021,6,19,4,45,81,81219,RN 126,43.570442,1.974964,Nuit sans éclairage public,Hors agglomération,Giratoire,Normale,Sans collision,2,-1,1,0,1,1,1,5,3,80,,5,2,0,0,3,31.0,,,,3,1,6,1,7
202100033752,2021-06-18 14:05:00,2021,6,18,14,5,17,17161,D735,46.179039,-1.326926,Plein jour,Hors agglomération,Hors intersection,Normale,Deux véhicules - frontale,3,2,2,0,1,1,1,0,1,80,,2,1,0,1,0,53.0,86.0,,,1,1,1,1,1
202100033753,2021-06-15 10:50:00,2021,6,15,10,50,13,13056,A55-Sens Martigues vers Marseille,43.39613,5.04594,Plein jour,Hors agglomération,Hors intersection,Normale,Trois véhicules et plus - en chaîne,1,1,2,0,2,3,1,0,1,50,,3,2,0,0,1,66.0,40.0,,,1,1,1,1,4
202100033754,2021-06-17 20:40:00,2021,6,17,20,40,13,13210,A50-Sens Marseille vers Aubagne,43.28506,5.42333,Plein jour,Hors agglomération,Hors intersection,Normale,Sans collision,1,1,2,0,1,1,1,0,1,70,,4,2,0,0,2,,20.0,,,1,1,1,1,7
202100033755,2021-06-17 05:00:00,2021,6,17,5,0,38,38544,A7   25.770 A 27.460,45.5430030686,4.8524808884,Nuit sans éclairage public,Hors agglomération,Autre intersection,Normale,Deux véhicules - côté,1,-1,2,0,1,1,1,0,1,90,,2,1,0,0,1,26.0,31.0,,,3,1,9,1,3
202100033756,2021-06-16 17:10:00,2021,6,16,17,10,33,33397,AUTOROUTE A 10,44.89557,-0.496924,Plein jour,Hors agglomération,Hors intersection,Normale,Autre collision,1,3,6,0,1,1,1,0,1,110,,3,2,0,0,1,27.0,,,,1,1,1,1,6
202100033757,2021-06-18 21:20:00,2021,6,18,21,20,91,91687,AUTOROUTE A6,48.66125,2.37016,Crépuscule ou aube,Hors agglomération,Hors intersection,Normale,Autre collision,1,3,8,0,1,1,1,0,1,110,,1,0,0,0,1,50.0,,,,2,1,1,1,6
202100033758,2021-06-18 07:17:00,2021,6,18,7,17,91,91689,AUTOROUTE A6,48.71765,2.30981,Plein jour,Hors agglomération,Hors intersection,Normale,Deux véhicules - côté,1,-1,3,0,1,1,1,0,1,110,,2,1,0,1,0,26.0,,,,1,1,1,1,3
202100033759,2021-06-18 06:45:00,2021,6,18,6,45,91,91340,RN 104,48.6087,2.4352,Plein jour,Hors agglomération,Hors intersection,Pluie légère,Autre collision,2,1,3,0,2,3,2,0,1,70,,1,0,0,0,1,61.0,,,,1,1,1,2,6
202100033760,2021-06-18 00:20:00,2021,6,18,0,20,94,94034,AUTOROUTE A86,48.75898,2.33856,Nuit avec éclairage non allumé,Hors agglomération,Autre intersection,Normale,Autre collision,1,2,1,0,2,3,2,0,1,50,,1,0,0,0,1,40.0,,,,4,1,9,1,6
202100033761,2021-06-18 15:55:00,2021,6,18,15,55,78,78466,A13,48.931353,1.979135,Plein jour,Hors agglomération,Hors intersection,Normale,Deux véhicules - arrière,1,3,3,0,2,1,1,0,1,110,,3,2,0,0,1,58.0,20.0,,,1,1,1,1,2
202100033762,2021-06-17 07:05:00,2021,6,17,7,5,78,78029,A13W,48.9683,1.86006,Plein jour,Hors agglomération,Hors intersection,Normale,Trois véhicules et plus - en chaîne,1,3,4,0,1,1,2,0,1,130,,3,2,0,0,1,57.0,42.0,,,1,1,1,1,4
202100033763,2021-06-18 08:30:00,2021,6,18,8,30,93,93005,AUTOROUTE A1,48.93954,2.4793,Plein jour,Hors agglomération,Hors intersection,Normale,Trois véhicules et plus - en chaîne,1,3,6,0,1,1,1,0,1,90,,3,2,0,0,1,25.0,51.0,,,1,1,1,1,4
202100033764,2021-06-18 03:20:00,2021,6,18,3,20,95,95018,AUTOROUTE A15,48.95034,2.28032,Nuit sans éclairage public,Hors agglomération,Hors intersection,Pluie légère,Autre collision,1,3,8,0,1,3,2,2,1,90,,4,3,0,0,1,25.0,,,,3,1,1,2,6
202100033765,2021-06-17 23:50:00,2021,6,17,23,50,92,92036,AUTOROUTE A15,48.9406783537,2.2926308104,Nuit sans éclairage public,Hors agglomération,Hors intersection,Pluie légère,Deux véhicules - arrière,1,3,8,0,1,3,2,2,1,90,,2,1,0,0,1,20.0,,,,3,1,1,2,2
202100033766,2021-06-18 13:45:00,2021,6,18,13,45,77,77169,RN104,48.8255293196,2.6161130348,Plein jour,Hors agglomération,Hors intersection,Normale,Autre collision,2,3,2,0,1,2,1,0,2,90,,1,0,0,1,0,38.0,,,,1,1,1,1,6
202100033767,2021-06-17 15:20:00,2021,6,17,15,20,976,97611,m'tsapere-Said Café (rue),-12.79009,45.21661,Plein jour,En agglomération,Hors intersection,Normale,Autre collision,4,2,0,0,2,1,1,0,1,50,,2,1,0,0,1,30.0,,,,1,2,1,1,6
202100033768,2021-06-17 18:15:00,2021,6,17,18,15,51,51454,Rue Ponsardin,49.2523118177,4.0400626249,Plein jour,En agglomération,Hors intersection,Normale,Sans collision,4,1,1,0,1,1,1,0,1,50,,2,1,0,0,1,50.0,,,,1,2,1,1,7
202100033769,2021-06-17 19:40:00,2021,6,17,19,40,38,38544,ST LOUIS(PLACE),45.52814,4.87524,Crépuscule ou aube,En agglomération,Intersection en T,Normale,Deux véhicules - côté,3,2,2,3,1,1,1,0,1,50,,2,1,0,0,1,29.0,19.0,,,2,2,3,1,3
202100033770,2021-06-17 21:30:00,2021,6,17,21,30,976,97611,kaweni-Poste ( rue de la ),-12.77247,45.22313,Nuit avec éclairage allumé,En agglomération,Intersection en T,Normale,Deux véhicules - frontale,2,2,2,0,1,1,1,0,1,50,,2,1,0,0,1,28.0,,,,5,2,3,1,1
202100033771,2021-06-16 11:20:00,2021,6,16,11,20,974,97409,MASCAREIGNES (Avenue des),-20.94018,55.647214,Plein jour,En agglomération,Intersection en T,Pluie légère,Trois véhicules et plus - collisions multiples,2,2,2,0,2,1,2,0,1,50,,3,2,0,0,1,20.0,40.0,,,1,2,3,2,5