accident_id,datetime,annee,mois,jour,heure,minute,departement,commune_insee,adresse,latitude,longitude,luminosite,agglomeration,intersection,meteo,collision,catr,circ,nbv,vosp,prof,plan,surf,infra,situ,vma,nb_vehicules,nb_usagers,nb_indemnes,nb_tues,nb_blesses_hosp,nb_blesses_legers,age_cond_1,age_cond_2,veh_type_cond_1,veh_type_cond_2,lum_code,agg_code,int_code,atm_code,col_code
202100033772,2021-06-17 16:15:00,2021,6,17,16,15,973,97302,ZEPHIR (ROCADE),4.93806,-52.30635,Plein jour,En agglomération,Intersection en T,Temps couvert,Deux véhicules - côté,3,2,2,2,1,1,1,5,1,50,,2,1,0,0,1,21.0,35.0,,,1,2,3,8,3
202100033773,2021-06-17 14:25:00,2021,6,17,14,25,973,97302,MARINGOUINS (ROND-POINT),4.90701,-52.32231,Plein jour,En agglomération,Giratoire,Temps couvert,Deux véhicules - côté,2,1,-1,0,2,1,1,5,1,90,,3,1,0,0,2,38.0,33.0,,,1,2,6,8,3
202100033774,2021-06-17 08:10:00,2021,6,17,8,10,973,97302,MADELEINE (ROUTE DE LA),4.92165,-52.32252,Plein jour,En agglomération,Hors intersection,Normale,Deux véhicules - côté,3,2,2,0,1,1,1,0,1,50,,4,2,0,0,2,27.0,28.0,,,1,2,1,1,3
202100033775,2021-06-18 00:06:00,2021,6,18,0,6,69,69387,TONY GARNIER (AV),45.731601267,4.8241809011,Nuit avec éclairage allumé,En agglomération,Passage à niveau,Normale,Deux véhicules - côté,4,2,4,3,1,3,1,4,6,50,,2,0,0,0,2,35.0,43.0,,,5,2,8,1,3
202100033776,2021-06-17 18:40:00,2021,6,17,18,40,69,69388,JEAN MERMOZ (AV),45.73413,4.87632,Plein jour,En agglomération,Intersection en X,Normale,Trois véhicules et plus - en chaîne,4,2,4,3,1,1,1,0,1,50,,3,2,0,0,1,23.0,21.0,,,1,2,2,1,4
202100033777,2021-06-17 11:30:00,2021,6,17,11,30,69,69387,YVES FARGE (BD),45.73714,4.82886,Plein jour,En agglomération,Hors intersection,Normale,Deux véhicules - arrière,4,2,2,3,1,1,1,0,1,50,,2,1,0,0,1,52.0,48.0,,,1,2,1,1,2
202100033778,2021-06-17 09:50:00,2021,6,17,9,50,69,69387,BERTHELOT (AV),45.7426479703,4.850056842,Plein jour,En agglomération,Hors intersection,Normale,Deux véhicules - côté,4,1,3,3,1,1,1,4,6,50,,2,1,0,0,1,40.0,29.0,,,1,2,1,1,3
202100033779,2021-06-17 11:20:00,2021,6,17,11,20,972,97209,SOLEIL LEVANT (BOULEVARD DU),14.62273,-61.03904,Plein jour,En agglomération,Hors intersection,Pluie forte,Deux véhicules - côté,3,2,2,0,2,1,2,0,1,50,,3,1,0,0,2,54.0,41.0,,,1,2,1,3,3
202100033780,2021-06-17 13:40:00,2021,6,17,13,40,69,69382,BAYARD (CR),45.743000816,4.823339358,Plein jour,En agglomération,Intersection en X,Normale,Deux véhicules - côté,4,-1,2,0,1,1,1,0,1,50,,3,1,0,0,2,20.0,54.0,,,1,2,2,1,3
202100033781,2021-06-14 18:50:00,2021,6,14,18,50,69,69149,FRANCISQUE JOMARD (R),45.7159596785,4.7968693531,Plein jour,En agglomération,Hors intersection,Normale,Deux véhicules - côté,4,2,2,0,1,1,1,0,1,30,,2,1,0,0,1,18.0,26.0,,,1,2,1,1,3
202100033782,2021-06-17 09:36:00,2021,6,17,9,36,69,69286,STRASBOURG (DE) (RTE),45.8212300117,4.8986118062,Plein jour,En agglomération,Intersection en T,Normale,Deux véhicules - côté,7,2,2,0,1,1,1,0,1,50,,2,1,0,0,1,19.0,72.0,,,1,2,3,1,3
202100033783,2021-06-16 07:25:00,2021,6,16,7,25,69,69385,CHOULANS (DE) (MO),45.75224,4.81936,Plein jour,En agglomération,Hors intersection,Normale,Autre collision,4,3,4,0,2,2,1,0,4,50,,2,1,1,0,0,50.0,,,,1,2,1,1,6
202100033784,2021-06-17 13:00:00,2021,6,17,13,0,2B,2B033,LECLERC - ROND POINT,42.70273,9.44781,Plein jour,En agglomération,Hors intersection,Normale,Deux véhicules - frontale,4,1,1,0,1,2,1,5,1,50,,2,1,0,0,1,63.0,,,,1,2,1,1,1
202100033785,2021-06-17 07:35:00,2021,6,17,7,35,971,97113,BELLE-PLAINE (ROUTE DE),16.21443,-61.49482,Plein jour,Hors agglomération,Hors intersection,Pluie légère,Autre collision,4,2,2,0,1,1,2,0,1,50,,2,1,0,0,1,44.0,,,,1,1,1,2,6
202100033786,2021-06-16 06:00:00,2021,6,16,6,0,971,97120,FRANCOIS ARAGO,16.2395413483,-61.5340872109,Crépuscule ou aube,En agglomération,Hors intersection,Normale,Autre collision,4,1,1,0,1,1,1,0,1,30,,1,0,0,1,0,43.0,,,,2,2,1,1,6
202100033787,2021-06-15 12:30:00,2021,6,15,12,30,2A,2A004,MARECHAL JUIN AVENUE,41.9352282129,8.7507781758,Plein jour,En agglomération,Hors intersection,Normale,Deux véhicules - côté,4,1,2,0,1,1,1,0,1,30,,2,1,0,0,1,53.0,15.0,,,1,2,1,1,3
202100033788,2021-06-17 05:50:00,2021,6,17,5,50,95,95088,RD 170,48.9765458586,2.4290299416,Crépuscule ou aube,Hors agglomération,Hors intersection,Pluie légère,Autre collision,3,3,4,0,1,3,2,0,2,90,,1,0,0,0,1,32.0,,,,2,1,1,2,6
202100033789,2021-06-08 17:45:00,2021,6,8,17,45,95,95218,RN 184,49.0310544619,2.1049118042,Plein jour,En agglomération,Hors intersection,Normale,Deux véhicules - côté,2,3,4,0,1,3,1,9,1,70,,3,1,1,0,1,60.0,53.0,,,1,2,1,1,3
202100033790,2021-06-17 21:38:00,2021,6,17,21,38,91,91549,CORBEIL (ROUTE DE),48.63705,2.33284,Plein jour,En agglomération,Giratoire,Pluie légère,Deux véhicules - côté,3,1,1,0,1,2,2,0,1,30,,2,1,0,0,1,22.0,42.0,,,1,2,6,2,3
202100033791,2021-06-16 19:40:00,2021,6,16,19,40,91,91552,RTE DE CORBEIL,48.59545,2.274458,Plein jour,En agglomération,Hors intersection,Normale,Deux véhicules - côté,3,3,2,0,1,1,1,0,1,50,,2,0,0,0,2,35.0,25.0,,,1,2,1,1,3
202100033792,2021-06-14 16:45:00,2021,6,14,16,45,91,91339,RTE D ORLEANS,48.62,2.26,Plein jour,En agglomération,Autre intersection,Normale,Trois véhicules et plus - collisions multiples,3,3,4,0,3,3,1,0,1,70,,3,1,0,0,2,42.0,47.0,,,1,2,9,1,5
202100033793,2021-06-17 09:00:00,2021,6,17,9,0,91,91114,AV CHARLES CHRISTOFLE,48.7,2.49,Plein jour,En agglomération,Hors intersection,Normale,Deux véhicules - arrière,3,3,2,0,1,1,1,0,1,50,,2,1,0,0,1,40.0,51.0,,,1,2,1,1,2
202100033794,2021-06-17 19:10:00,2021,6,17,19,10,83,83137,HERRIOT (AVE EDOUARD),43.12907,5.90169,Plein jour,En agglomération,Hors intersection,Normale,Deux véhicules - côté,3,2,2,0,1,1,1,0,1,50,,2,1,0,1,0,29.0,29.0,,,1,2,1,1,3
202100033795,2021-06-08 17:45:00,2021,6,8,17,45,83,83123,GARE (ROUTE),43.12087,5.816079,Plein jour,En agglomération,Hors intersection,Normale,Deux véhicules - côté,3,2,1,0,1,1,1,0,1,50,,2,1,0,0,1,40.0,23.0,,,1,2,1,1,3
202100033796,2021-06-16 10:00:00,2021,6,16,10,0,83,83034,BOULEVARD DE LA LIBERTÉ,43.092656,6.076556,Plein jour,En agglomération,Giratoire,Normale,Deux véhicules - côté,7,3,4,0,1,1,1,0,1,50,,4,0,0,3,1,80.0,81.0,,,1,2,6,1,3
202100033797,2021-06-14 14:00:00,2021,6,14,14,0,80,80021,FRANKLIN ROOSEVELT (RUE),49.92002,2.29128,Plein jour,En agglomération,Hors intersection,Normale,Trois véhicules et plus - en chaîne,4,2,2,0,1,1,1,0,1,50,,4,3,0,0,1,59.0,35.0,,,1,2,1,1,4
202100033798,2021-06-17 18:00:00,2021,6,17,18,0,78,78350,VERSAILLES (ROUTE DE),48.84952,2.10852,Plein jour,Hors agglomération,Hors intersection,Normale,Trois véhicules et plus - en chaîne,2,1,2,0,1,1,1,0,1,70,,3,2,0,0,1,73.0,28.0,,,1,1,1,1,4
202100033799,2021-06-16 19:50:00,2021,6,16,19,50,78,78372,VERSAILLES (ROUTE DE),48.87597,2.10396,Plein jour,En agglomération,Hors intersection,Normale,Deux véhicules - côté,2,1,3,0,2,1,1,0,1,50,,3,0,0,0,3,24.0,29.0,,,1,2,1,1,3
202100033800,2021-06-17 19:55:00,2021,6,17,19,55,74,74010,EDELWEISS (RUE DES),45.9191,6.12811,Plein jour,En agglomération,Hors intersection,Temps couvert,Autre collision,4,2,1,0,1,1,1,0,1,30,,4,3,0,0,1,50.0,,,,1,2,1,8,6
202100033801,2021-06-16 17:00:00,2021,6,16,17,0,71,71486,Rue Colbert,46.64681,4.32134,Plein jour,En agglomération,Intersection en X,Normale,Deux véhicules - côté,4,2,2,0,1,1,1,0,1,50,,2,1,0,0,1,50.0,14.0,,,1,2,2,1,3
202100033802,2021-06-16 11:45:00,2021,6,16,11,45,71,71153,N°2 A 16 ET 1 A 3 rue des acacias,46.796472,4.429184,Plein jour,En agglomération,Hors intersection,Normale,Sans collision,4,2,1,0,1,1,1,0,1,50,,1,0,0,0,1,83.0,,,,1,2,1,1,7
202100033803,2021-06-16 07:30:00,2021,6,16,7,30,71,71153,2 Rue du Docteur Rebillard,46.80723,4.434716,Plein jour,En agglomération,Autre intersection,Normale,Deux véhicules - frontale,4,-1,2,0,1,1,1,0,1,50,,2,1,0,0,1,20.0,12.0,,,1,2,9,1,1
202100033804,2021-06-17 20:30:00,2021,6,17,20,30,69,69266,ROGER SALENGRO (AV),45.7765858176,4.8740673065,Plein jour,En agglomération,Intersection en X,Normale,Deux véhicules - côté,4,3,3,0,1,1,1,0,1,50,,2,1,0,0,1,23.0,28.0,,,1,2,2,1,3
202100033805,2021-06-17 09:45:00,2021,6,17,9,45,69,69290,GARIBALDI (R),45.6851,4.94565,Plein jour,En agglomération,Intersection en X,Temps éblouissant,Deux véhicules - côté,4,2,2,0,1,1,1,0,1,50,,2,1,0,0,1,28.0,84.0,,,1,2,2,7,3
202100033806,2021-06-11 18:40:00,2021,6,11,18,40,67,67482,SCHIRMECK (ROUTE DE),48.5626118989,7.6998871565,Plein jour,En agglomération,Intersection en T,Normale,Deux véhicules - côté,7,2,3,3,1,1,1,0,1,50,,3,1,0,0,2,54.0,21.0,,,1,2,3,1,3
202100033807,2021-06-15 18:40:00,2021,6,15,18,40,67,67482,FINKMATT (QUAI),48.58702,7.74649,Plein jour,En agglomération,Intersection en T,Normale,Deux véhicules - côté,4,1,3,1,1,1,1,0,1,50,,2,1,0,0,1,24.0,21.0,,,1,2,3,1,3
202100033808,2021-06-16 18:39:00,2021,6,16,18,39,66,66136,ELNE (ROUTE D'),42.66936,2.91711,Plein jour,Hors agglomération,Hors intersection,Normale,Deux véhicules - côté,4,2,2,0,1,1,1,0,1,70,,2,1,0,0,1,36.0,24.0,,,1,1,1,1,3
202100033809,2021-06-16 11:10:00,2021,6,16,11,10,66,66136,MERCADER (BOULEVARD FELIX),42.6925,2.8919,Plein jour,En agglomération,Hors intersection,Normale,Autre collision,4,2,4,0,1,1,1,0,1,50,,2,1,0,0,1,31.0,73.0,,,1,2,1,1,6
202100033810,2021-06-17 08:56:00,2021,6,17,8,56,65,65047,SPORTS (AVE DES),43.234595,0.100276,Plein jour,En agglomération,Intersection en X,Normale,Deux véhicules - côté,3,2,2,0,1,1,1,0,1,50,,2,1,0,0,1,44.0,18.0,,,1,2,2,1,3
202100033811,2021-06-16 14:50:00,2021,6,16,14,50,64,64445,ALSACE LORRAINE D',43.304,-0.37,Plein jour,En agglomération,Hors intersection,Normale,Deux véhicules - côté,4,2,4,0,1,1,1,0,1,50,,5,2,0,0,3,31.0,30.0,,,1,2,1,1,3
202100033812,2021-06-14 14:45:00,2021,6,14,14,45,64,64122,MADRID (RUE DE),43.467142895,-1.571559906,Plein jour,En agglomération,Intersection en Y,Temps éblouissant,Sans collision,4,1,1,2,2,1,1,0,1,30,,2,1,0,0,1,49.0,26.0,,,1,2,4,7,7
202100033813,2021-06-16 11:12:00,2021,6,16,11,12,64,64024,CHAMBRE D'AMOUR (AVENUE DE LA),43.49496,-1.53159,Plein jour,En agglomération,Intersection en X,Normale,Trois véhicules et plus - collisions multiples,4,2,4,0,1,1,1,0,1,30,,4,3,0,0,1,25.0,22.0,,,1,2,2,1,5
202100033814,2021-06-16 20:35:00,2021,6,16,20,35,63,63124,DE GAULLE (BOULEVARD CHARLES),45.74721,3.1694,Plein jour,En agglomération,Hors intersection,Normale,Deux véhicules - frontale,4,2,2,0,1,2,1,0,1,50,,3,1,0,0,2,37.0,38.0,,,1,2,1,1,1
202100033815,2021-04-29 18:45:00,2021,4,29,18,45,62,62065,CACHIN MARCEL,50.401418,2.831105,Plein jour,En agglomération,Intersection en T,Normale,Deux véhicules - côté,4,2,2,0,1,1,1,0,1,30,,2,1,0,0,1,23.0,18.0,,,1,2,3,1,3
202100033816,2021-06-17 20:10:00,2021,6,17,20,10,61,61001,VERDUN (RUE DE),48.43665,0.09931,Plein jour,En agglomération,Intersection en T,Pluie légère,Sans collision,3,2,2,0,1,3,2,5,1,50,,1,0,0,0,1,63.0,,,,1,2,3,2,7
202100033817,2021-06-18 00:25:00,2021,6,18,0,25,59,59350,DOUAI RUE,50.62405,3.06856,Nuit avec éclairage allumé,En agglomération,Hors intersection,Normale,Deux véhicules - arrière,4,2,2,2,1,1,2,0,1,30,,3,2,0,0,1,19.0,41.0,,,5,2,1,1,2
202100033818,2021-06-05 21:10:00,2021,6,5,21,10,59,59247,PRINCIPALE RUE,50.636941,3.189506,Plein jour,En agglomération,Hors intersection,Normale,Deux véhicules - côté,7,2,2,0,1,3,1,0,1,50,,5,0,0,0,5,25.0,29.0,,,1,2,1,1,3
202100033819,2021-06-15 18:45:00,2021,6,15,18,45,59,59350,FAUBOURG D'ARRAS RUE,50.609657124,3.0604353547,Plein jour,En agglomération,Hors intersection,Normale,Autre collision,7,2,1,0,1,1,1,9,1,30,,2,0,0,0,1,,,,,1,2,1,1,6
202100033820,2021-05-09 13:15:00,2021,5,9,13,15,59,59350,BAUMANN PIERRE RUE,50.62465,3.09827,Plein jour,En agglomération,Intersection en X,Normale,Deux véhicules - arrière,4,2,3,1,1,1,1,5,1,50,,2,1,0,0,1,,25.0,,,1,2,2,1,2
202100033821,2021-06-16 18:40:00,2021,6,16,18,40,57,57672,BUCHEL (ROUTE DU),49.35809,6.11105,Plein jour,En agglomération,Intersection en T,Normale,Deux véhicules - côté,3,2,2,0,1,1,1,0,1,50,,2,1,0,1,0,61.0,50.0,,,1,2,3,1,3
202100033822,2021-06-11 18:35:00,2021,6,11,18,35,57,57221,LORRAINE (AVENUE DE),49.3258897,6.124284,Plein jour,En agglomération,Hors intersection,Normale,Deux véhicules - côté,3,2,2,0,1,1,1,0,1,50,,2,0,0,1,1,53.0,59.0,,,1,2,1,1,3
202100033823,2021-06-17 18:25:00,2021,6,17,18,25,54,54547,GUINGOT (RUE LOUIS),48.6610800693,6.1906002648,Plein jour,En agglomération,Intersection en T,Normale,Deux véhicules - côté,4,2,2,0,1,1,1,0,1,50,,2,1,0,0,1,40.0,26.0,,,1,2,3,1,3
202100033824,2021-06-16 12:35:00,2021,6,16,12,35,54,54395,SAINT LEON (RUE ET EGLISE),48.6884310534,6.1732897907,Plein jour,En agglomération,Intersection en X,Normale,Autre collision,4,1,2,2,1,1,1,-1,1,50,,2,1,0,0,1,87.0,,,,1,2,2,1,6
202100033825,2021-06-16 22:35:00,2021,6,16,22,35,51,51454,Rue de Courcelles,49.25764,4.02194,Nuit avec éclairage allumé,En agglomération,Intersection en T,Normale,Deux véhicules - côté,4,2,2,0,1,1,1,5,1,50,,2,1,0,0,1,49.0,29.0,,,5,2,3,1,3
202100033826,2021-06-16 14:50:00,2021,6,16,14,50,49,49328,LOUVET (RUE),47.24729,-0.07345,Plein jour,En agglomération,Hors intersection,Normale,Autre collision,4,2,1,0,1,1,1,0,4,50,,2,1,0,0,1,47.0,,,,1,2,1,1,6
202100033827,2021-06-17 10:30:00,2021,6,17,10,30,45,45302,Rue Nationale 20,47.9470138303,1.8928291818,Plein jour,En agglomération,Giratoire,Temps éblouissant,Deux véhicules - côté,7,1,2,0,1,2,1,0,1,50,,2,1,0,0,1,48.0,56.0,,,1,2,6,7,3
202100033828,2021-06-16 16:05:00,2021,6,16,16,5,45,45302,Giratoire Gérondeau,47.9572822014,1.890611887,Plein jour,En agglomération,Giratoire,Normale,Deux véhicules - frontale,7,1,2,1,1,3,1,0,1,50,,2,1,0,0,1,28.0,58.0,,,1,2,6,1,1
202100033829,2021-06-15 16:15:00,2021,6,15,16,15,44,44184,BROODCOORENS (RUE) DU 124 AU 176 - DU 11,47.26993,-2.24465,Plein jour,En agglomération,Intersection en T,Normale,Deux véhicules - côté,4,1,2,3,1,1,1,9,6,50,,2,1,0,0,1,47.0,36.0,,,1,2,3,1,3
202100033830,2021-06-16 21:15:00,2021,6,16,21,15,44,44190,ROUTE DE CLISSON,47.1870299061,-1.4781513065,Plein jour,En agglomération,Intersection en X,Normale,Deux véhicules - côté,7,2,2,0,1,1,1,0,1,50,,2,1,0,0,1,20.0,18.0,,,1,2,2,1,3
202100033831,2021-06-17 15:02:00,2021,6,17,15,2,44,44162,BOULEVARD FRANCOIS MITTERRAND,47.21171,-1.6487,Plein jour,En agglomération,Hors intersection,Normale,Deux véhicules - arrière,4,2,2,2,1,1,1,0,1,50,,2,1,0,0,1,20.0,37.0,,,1,2,1,1,2
202100033832,2021-06-17 10:25:00,2021,6,17,10,25,44,44114,RUE DU COMMANDANT CHARCOT,47.2541284447,-1.6172406077,Plein jour,En agglomération,Hors intersection,Normale,Autre collision,6,-1,-1,0,1,1,1,0,8,50,,2,1,1,0,0,51.0,,,,1,2,1,1,6
202100033833,2021-06-12 15:46:00,2021,6,12,15,46,43,43251,SAINT CHRISTOPHE (ROUTE DE),45.0240941703,3.8594090939,Plein jour,En agglomération,Hors intersection,Normale,Autre collision,3,2,2,0,2,4,1,0,3,80,,1,0,0,0,1,30.0,,,,1,2,1,1,6
202100033834,2021-06-16 21:10:00,2021,6,16,21,10,42,42218,Rue Charles Cholat,45.46392,4.39818,Plein jour,En agglomération,Hors intersection,Normale,Deux véhicules - côté,4,2,4,0,2,1,1,2,1,50,,2,1,0,0,1,27.0,19.0,,,1,2,1,1,3
202100033835,2021-06-13 00:45:00,2021,6,13,0,45,42,42218,Rue Etienne Mimard,45.43887,4.39702,Nuit avec éclairage allumé,En agglomération,Intersection en X,Normale,Deux véhicules - frontale,4,2,4,0,1,1,1,0,1,50,,2,1,0,1,0,44.0,27.0,,,5,2,2,1,1
202100033836,2021-06-17 17:40:00,2021,6,17,17,40,38,38185,RUE DES PEUPLIERS,45.16477,5.73058,Plein jour,En agglomération,Hors intersection,Normale,Deux véhicules - côté,4,2,2,3,1,1,1,4,1,50,,2,1,0,0,1,38.0,49.0,,,1,2,1,1,3
202100033837,2021-06-15 21:10:00,2021,6,15,21,10,37,37261,PAS NOTRE-DAME (RUE DU),47.4118877522,0.6962229203,Plein jour,En agglomération,Hors intersection,Normale,Deux véhicules - côté,4,2,2,0,1,1,1,0,1,50,,2,1,0,1,0,85.0,23.0,,,1,2,1,1,3
202100033838,2021-06-17 09:45:00,2021,6,17,9,45,35,35055,RD 463,48.07788,-1.59287,Plein jour,Hors agglomération,Hors intersection,Normale,Autre collision,7,2,2,0,1,1,1,0,3,80,,1,0,0,0,1,79.0,,,,1,1,1,1,6
202100033839,2021-06-17 08:15:00,2021,6,17,8,15,35,35051,Rond-point du Taillis,48.114074,-1.620255,Plein jour,En agglomération,Giratoire,Normale,Deux véhicules - côté,4,1,1,2,1,2,2,5,1,50,,2,1,1,0,0,27.0,44.0,,,1,2,6,1,3
202100033840,2021-06-15 23:50:00,2021,6,15,23,50,34,34032,ROUTE DE CORNEILHAN (RD.154),43.36829,3.20992,Nuit sans éclairage public,Hors agglomération,Hors intersection,Normale,Deux véhicules - frontale,3,2,2,0,1,1,1,0,1,80,,3,1,0,0,2,25.0,31.0,,,3,1,1,1,1
202100033841,2021-06-17 12:30:00,2021,6,17,12,30,34,34003,Avenue de la Jetée (L16 A M15,43.27813,3.51385,Plein jour,Hors agglomération,Hors intersection,Normale,Deux véhicules - côté,4,1,0,0,1,3,1,0,1,50,,2,1,0,1,0,19.0,30.0,,,1,1,1,1,3
202100033842,2021-06-17 21:00:00,2021,6,17,21,0,33,33069,Avenue de Tivoli,44.8705755458,-0.5982824929,Nuit avec éclairage non allumé,En agglomération,Intersection en X,Pluie forte,Deux véhicules - côté,4,2,2,0,1,1,2,0,1,50,,2,1,0,0,1,20.0,22.0,,,4,2,2,3,3
202100033843,2021-06-17 13:50:00,2021,6,17,13,50,32,32013,BARRAN (ROUTE DE),43.65298,0.5329,Plein jour,Hors agglomération,Hors intersection,Normale,Sans collision,3,2,2,0,1,1,1,0,3,80,,1,0,0,0,1,19.0,,,,1,1,1,1,7
202100033844,2021-06-17 08:30:00,2021,6,17,8,30,31,31555,BD DE THIBAUD,43.54707,1.39882,Plein jour,En agglomération,Hors intersection,Temps couvert,Autre collision,4,2,4,2,1,1,1,0,1,50,,2,1,0,1,0,44.0,,,,1,2,1,8,6
202100033845,2021-06-15 21:25:00,2021,6,15,21,25,30,30189,MONTPELLIER (ROUTE DE),43.8075,4.325,Crépuscule ou aube,En agglomération,Giratoire,Normale,Deux véhicules - côté,2,1,2,0,1,1,1,0,1,50,,2,1,0,0,1,19.0,20.0,,,2,2,6,1,3
202100033846,2021-06-15 12:10:00,2021,6,15,12,10,30,30189,MAS SOUCHON,43.8536,4.3933,Plein jour,En agglomération,Intersection en T,Normale,Deux véhicules - côté,4,2,2,0,2,1,1,0,1,30,,2,1,0,0,1,15.0,43.0,,,1,2,3,1,3
202100033847,2021-06-17 08:43:00,2021,6,17,8,43,29,29232,Boulevard Louis le Guennec,47.98551,-4.11121,Plein jour,En agglomération,Hors intersection,Normale,Sans collision,3,3,4,0,1,2,2,3,1,50,,1,0,0,0,1,42.0,,,,1,2,1,1,7
202100033848,2021-06-16 07:40:00,2021,6,16,7,40,29,29232,D34B - Boulevard Louis le Guennec,47.98505,-4.11141,Plein jour,En agglomération,Hors intersection,Normale,Autre collision,3,3,4,0,1,2,1,3,1,50,,5,0,1,2,2,19.0,,,,1,2,1,1,6
202100033849,2021-06-17 06:20:00,2021,6,17,6,20,27,27681,JAURES (BOULEVARD JAURES),49.0956254519,1.4620238543,Plein jour,En agglomération,Hors intersection,Normale,Autre collision,4,2,2,0,1,1,2,0,5,50,,1,0,0,0,1,20.0,,,,1,2,1,1,6
202100033850,2021-06-17 14:50:00,2021,6,17,14,50,25,25580,MATHAY (RUE DE),47.45922,6.82928,Plein jour,En agglomération,Intersection en X,Normale,Autre collision,3,2,2,0,1,1,1,0,1,50,,2,1,1,0,0,77.0,,,,1,2,2,1,6
202100033851,2021-06-16 17:50:00,2021,6,16,17,50,25,25056,NODIER  RUE CHARLES (inf 22),47.233425,6.022664,Plein jour,En agglomération,Intersection en T,Normale,Deux véhicules - côté,3,1,1,1,1,1,1,0,1,30,,2,1,0,0,1,18.0,50.0,,,1,2,3,1,3
202100033852,2021-06-17 07:25:00,2021,6,17,7,25,24,24037,RD13,44.86585,0.45062,Plein jour,Hors agglomération,Hors intersection,Normale,Autre collision,3,2,0,0,1,1,1,0,1,80,,1,0,0,0,1,43.0,,,,1,1,1,1,6
202100033853,2021-05-09 04:25:00,2021,5,9,4,25,22,22360,ROND POINT DE BREZILLET,48.4935943723,-2.7621817589,Nuit sans éclairage public,En agglomération,Hors intersection,Normale,Sans collision,3,4,2,0,1,2,1,5,8,50,,1,0,0,0,1,37.0,,,,3,2,1,1,7
202100033854,2021-06-17 08:00:00,2021,6,17,8,0,17,17300,JUIN   AVENUE DU MARECHAL,46.160531,-1.179461,Plein jour,En agglomération,Hors intersection,Normale,Autre collision,4,2,2,0,1,1,1,0,8,30,,2,0,0,1,1,30.0,,,,1,2,1,1,6
202100033855,2021-06-16 18:00:00,2021,6,16,18,0,17,17291,SAINT-VINCENT   RUE,46.187965,-1.114974,Plein jour,En agglomération,Hors intersection,Normale,Deux véhicules - arrière,4,2,2,0,1,1,1,9,1,30,,3,2,0,0,1,70.0,42.0,,,1,2,1,1,2
202100033856,2021-06-16 13:35:00,2021,6,16,13,35,13,13039,RN 544,43.4341730566,4.9326777864,Plein jour,Hors agglomération,Hors intersection,Normale,Deux véhicules - côté,7,2,2,0,1,1,1,0,1,80,,3,1,0,0,2,32.0,38.0,,,1,1,1,1,3
202100033857,2021-06-17 17:25:00,2021,6,17,17,25,13,13209,COL DE LA GINESTE D559,43.2401099502,5.4553651338,Plein jour,Hors agglomération,Hors intersection,Normale,Deux véhicules - frontale,7,-1,2,0,1,1,1,0,1,70,,2,0,0,2,0,64.0,19.0,,,1,1,1,1,1
202100033858,2021-06-17 14:45:00,2021,6,17,14,45,13,13214,MORETTI (BOULEVARD),43.3262,5.37578,Plein jour,En agglomération,Hors intersection,Normale,Deux véhicules - frontale,4,2,2,0,2,1,1,0,1,50,,5,3,0,0,2,18.0,28.0,,,1,2,1,1,1
202100033859,2021-06-16 21:07:00,2021,6,16,21,7,13,13202,CARGO RHIN FIDELI (RUE),43.3271034987,5.3572208975,Plein jour,En agglomération,Autre intersection,Normale,Deux véhicules - arrière,4,1,4,0,2,2,1,0,1,50,,5,0,0,1,4,28.0,31.0,,,1,2,9,1,2
202100033860,2021-06-16 07:30:00,2021,6,16,7,30,13,13206,GOUFFE (COURS),43.28605,5.38699,Plein jour,En agglomération,Intersection en X,Normale,Deux véhicules - frontale,4,2,3,0,1,1,1,0,1,50,,2,1,0,0,1,,64.0,,,1,2,2,1,1
202100033861,2021-06-16 18:10:00,2021,6,16,18,10,13,13028,GASSION (AVENUE FERNAND ),43.18255,5.60544,Plein jour,En agglomération,Intersection en T,Normale,Deux véhicules - côté,4,2,2,0,2,1,1,0,1,50,,2,1,0,1,0,17.0,37.0,,,1,2,3,1,3
202100033862,2021-06-16 08:50:00,2021,6,16,8,50,13,13028,SANGNIER (AVENUE MARC),43.1723694359,5.5984173886,Plein jour,En agglomération,Hors intersection,Normale,Deux véhicules - arrière,4,2,2,0,2,1,1,0,1,50,,2,1,0,1,0,47.0,40.0,,,1,2,1,1,2
202100033863,2021-06-16 17:50:00,2021,6,16,17,50,13,13004,AV STALINGRAD,43.69371,4.63958,Plein jour,En agglomération,Hors intersection,Normale,Deux véhicules - frontale,4,2,2,0,1,1,1,0,1,50,,3,2,0,1,0,52.0,19.0,,,1,2,1,1,1
202100033864,2021-06-12 15:20:00,2021,6,12,15,20,12,12202,DECAZEVILLE (AVENUE DE) RD 840,44.36538,2.55103,Plein jour,En agglomération,Intersection en Y,Normale,Deux véhicules - côté,3,2,2,0,2,1,1,0,1,70,,2,0,0,1,1,74.0,66.0,,,1,2,4,1,3
202100033865,2021-06-13 10:30:00,2021,6,13,10,30,12,12176,ROQUES (ROUTE DE LA),44.37373,2.57836,Plein jour,En agglomération,Intersection en X,Normale,Deux véhicules - côté,4,2,2,0,2,1,1,0,1,50,,3,1,0,1,1,16.0,36.0,,,1,2,2,1,3
202100033866,2021-06-16 11:50:00,2021,6,16,11,50,12,12145,CONSTANS LEOPOLD,44.09733,3.0708,Plein jour,En agglomération,Intersection à plus de 4 branches,Normale,Deux véhicules - arrière,4,1,1,0,4,3,1,5,1,50,,2,1,0,0,1,40.0,64.0,,,1,2,5,1,2
202100033867,2021-06-17 09:03:00,2021,6,17,9,3,06,06088,ABATTOIRS (PASS. DES),43.719454,7.283718,Plein jour,En agglomération,Hors intersection,Normale,Deux véhicules - côté,7,1,2,0,1,2,1,2,1,50,,2,1,0,0,1,26.0,63.0,,,1,2,1,1,3