accident_id,datetime,annee,mois,jour,heure,minute,departement,commune_insee,adresse,latitude,longitude,luminosite,agglomeration,intersection,meteo,collision,catr,circ,nbv,vosp,prof,plan,surf,infra,situ,vma,nb_vehicules,nb_usagers,nb_indemnes,nb_tues,nb_blesses_hosp,nb_blesses_legers,age_cond_1,age_cond_2,veh_type_cond_1,veh_type_cond_2,lum_code,agg_code,int_code,atm_code,col_code
202100033868,2021-06-16 14:45:00,2021,6,16,14,45,06,06027,NICE AVENUE DE (RN7),43.659257,7.165649,Plein jour,En agglomération,Hors intersection,Normale,Deux véhicules - côté,7,2,2,0,1,1,1,0,1,50,,2,1,0,0,1,63.0,67.0,,,1,2,1,1,3
202100033869,2021-06-17 09:00:00,2021,6,17,9,0,03,03211,FONT NOIRE (ROUTE DE LA),46.32587,2.55417,Plein jour,En agglomération,Hors intersection,Normale,Deux véhicules - côté,4,2,2,0,1,1,1,0,1,50,,2,1,0,1,0,54.0,41.0,,,1,2,1,1,3
202100033870,2021-06-17 13:30:00,2021,6,17,13,30,75,75116,PORTE DE PASSY,48.858742,2.261929,Plein jour,En agglomération,Hors intersection,Normale,Deux véhicules - arrière,4,1,4,0,1,1,1,0,1,70,,2,1,0,1,0,25.0,50.0,,,1,2,1,1,2
202100033871,2021-06-16 17:10:00,2021,6,16,17,10,75,75112,PORTE DOREE,48.83687,2.412401,Plein jour,En agglomération,Hors intersection,Temps éblouissant,Trois véhicules et plus - en chaîne,4,1,4,0,1,1,1,0,1,70,,3,2,0,0,1,48.0,38.0,,,1,2,1,7,4
202100033872,2021-06-14 10:50:00,2021,6,14,10,50,75,75114,PORTE D ORLEANS,48.820927,2.321828,Plein jour,En agglomération,Hors intersection,Normale,Deux véhicules - arrière,4,1,4,0,1,1,1,0,1,70,,4,3,0,0,1,39.0,32.0,,,1,2,1,1,2
202100033873,2021-06-16 13:50:00,2021,6,16,13,50,75,75112,AVENUE DAUMESNIL,48.838945,2.39736,Plein jour,En agglomération,Intersection en Y,Normale,Deux véhicules - côté,4,2,4,0,1,1,1,0,1,50,,3,1,0,2,0,60.0,32.0,,,1,2,4,1,3
202100033874,2021-06-14 00:40:00,2021,6,14,0,40,75,75101,VOIE GEORGES POMPIDOU,48.857865,2.344745,Nuit avec éclairage allumé,En agglomération,Hors intersection,Normale,Autre collision,4,-1,2,3,1,1,1,6,4,30,,3,2,1,0,0,25.0,,,,5,2,1,1,6
202100033875,2021-06-17 18:15:00,2021,6,17,18,15,75,75119,RUE D HAUTPOUL,48.88222,2.388239,Plein jour,En agglomération,Hors intersection,Normale,Deux véhicules - côté,4,1,1,0,2,1,1,0,1,50,,2,1,0,0,1,63.0,36.0,,,1,2,1,1,3
202100033876,2021-06-15 23:30:00,2021,6,15,23,30,75,75115,RUE DE VAUGIRARD,48.841273,2.307206,Nuit avec éclairage allumé,En agglomération,Intersection en T,Normale,Deux véhicules - côté,4,1,2,1,1,1,1,0,5,50,,2,1,0,0,1,30.0,36.0,,,5,2,3,1,3
202100033877,2021-06-17 08:05:00,2021,6,17,8,5,75,75112,RUE DE PRAGUE,48.848447,2.376064,Plein jour,En agglomération,Intersection en Y,Normale,Autre collision,4,1,2,0,1,1,1,0,1,30,,2,1,0,0,1,49.0,,,,1,2,4,1,6
202100033878,2021-06-17 11:00:00,2021,6,17,11,0,75,75110,RUE DU HUIT MAI 1945,48.876232,2.357543,Plein jour,En agglomération,Hors intersection,Normale,Autre collision,4,2,2,0,1,1,1,0,1,50,,2,1,0,0,1,42.0,,,,1,2,1,1,6
202100033879,2021-06-17 10:43:00,2021,6,17,10,43,75,75109,RUE LA FAYETTE,48.876999,2.348275,Plein jour,En agglomération,Hors intersection,Normale,Autre collision,4,1,3,3,1,1,1,0,4,50,,2,1,0,0,1,53.0,,,,1,2,1,1,6
202100033880,2021-06-17 10:06:00,2021,6,17,10,6,75,75109,RUE SAINT LAZARE,48.876705,2.33236,Plein jour,En agglomération,Intersection en X,Normale,Autre collision,4,1,1,2,1,1,1,0,1,30,,2,1,0,0,1,,,,,1,2,2,1,6
202100033881,2021-06-17 08:25:00,2021,6,17,8,25,75,75108,AVENUE DES CHAMPS ELYSEES,48.869286,2.309176,Plein jour,En agglomération,Intersection en T,Normale,Deux véhicules - côté,4,2,8,1,1,3,1,0,1,50,,2,1,0,0,1,41.0,49.0,,,1,2,3,1,3
202100033882,2021-06-16 23:20:00,2021,6,16,23,20,75,75107,RUE DE CONSTANTINE,48.860965,2.314983,Nuit avec éclairage allumé,En agglomération,Intersection en X,Normale,Deux véhicules - arrière,4,2,4,0,1,1,1,0,1,50,,2,1,0,0,1,47.0,22.0,,,5,2,2,1,2
202100033883,2021-06-17 20:40:00,2021,6,17,20,40,75,75104,RUE DES FRANCS BOURGEOIS,48.857241,2.361751,Crépuscule ou aube,En agglomération,Intersection en X,Pluie légère,Deux véhicules - côté,4,1,1,0,1,1,2,0,1,30,,2,1,0,0,1,19.0,39.0,,,2,2,2,2,3
202100033884,2021-06-17 09:40:00,2021,6,17,9,40,75,75104,RUE DE LOBAU,48.855306,2.352863,Plein jour,En agglomération,Intersection en T,Normale,Deux véhicules - côté,4,2,3,2,1,1,1,0,1,50,,2,1,0,0,1,29.0,27.0,,,1,2,3,1,3
202100033885,2021-06-16 18:25:00,2021,6,16,18,25,94,94068,Rue Leroux,48.80612,2.47226,Plein jour,En agglomération,Hors intersection,Normale,Deux véhicules - arrière,4,1,3,0,1,1,1,0,3,30,,2,1,0,0,1,,66.0,,,1,2,1,1,2
202100033886,2021-06-15 15:00:00,2021,6,15,15,0,94,94043,Avenue Charles Gide,48.806977,2.353682,Plein jour,En agglomération,Hors intersection,Normale,Deux véhicules - côté,3,2,2,0,2,1,1,0,1,30,,2,1,0,0,1,18.0,40.0,,,1,2,1,1,3
202100033887,2021-06-17 18:20:00,2021,6,17,18,20,94,94073,Rue du Bas Marin,48.75448,2.38599,Plein jour,En agglomération,Intersection en T,Normale,Deux véhicules - côté,3,2,4,0,1,1,1,0,1,50,,2,1,0,0,1,33.0,64.0,,,1,2,3,1,3
202100033888,2021-06-16 10:15:00,2021,6,16,10,15,94,94073,FONTAINEBLEAU (AV DE),48.74802,2.36935,Plein jour,En agglomération,Intersection en T,Normale,Deux véhicules - côté,3,-1,1,0,1,1,1,0,1,50,,2,1,0,0,1,43.0,55.0,,,1,2,3,1,3
202100033889,2021-06-17 00:33:00,2021,6,17,0,33,94,94081,GROUPE MANOUCHIAN (AV DU),48.79202,2.40404,Nuit avec éclairage allumé,En agglomération,Hors intersection,Normale,Deux véhicules - frontale,3,1,4,0,1,1,1,0,1,50,,1,0,0,0,1,21.0,,,,5,2,1,1,1
202100033890,2021-06-17 13:30:00,2021,6,17,13,30,93,93070,GABRIEL-PERI (AV),48.90124,2.33022,Plein jour,En agglomération,Hors intersection,Normale,Deux véhicules - frontale,3,2,2,2,1,1,1,0,1,50,,2,1,0,0,1,27.0,48.0,,,1,2,1,1,1
202100033891,2021-06-16 11:35:00,2021,6,16,11,35,93,93070,GABRIEL-PERI (AV),48.909372,2.332969,Plein jour,En agglomération,Hors intersection,Normale,Deux véhicules - arrière,3,2,2,2,1,1,1,0,1,50,,3,2,0,0,1,31.0,40.0,,,1,2,1,1,2
202100033892,2021-06-16 19:10:00,2021,6,16,19,10,93,93066,Boulevard Anatole France,48.920016,2.343761,Plein jour,En agglomération,Autre intersection,Pluie légère,Deux véhicules - côté,3,2,2,0,1,1,1,5,1,50,,3,2,0,0,1,27.0,26.0,,,1,2,9,2,3
202100033893,2021-06-17 14:50:00,2021,6,17,14,50,93,93064,REPUBLIQUE (AVENUE DE LA),48.87561,2.48593,Plein jour,En agglomération,Hors intersection,Normale,Deux véhicules - côté,3,2,2,0,1,1,1,0,1,50,,2,1,0,0,1,70.0,30.0,,,1,2,1,1,3
202100033894,2021-06-17 13:47:00,2021,6,17,13,47,93,93055,JEAN JAURES (AVENUE) (2/74),48.902045,2.390394,Plein jour,En agglomération,Hors intersection,Normale,Deux véhicules - arrière,4,1,1,0,1,1,1,0,1,50,,2,1,0,0,1,39.0,29.0,,,1,2,1,1,2
202100033895,2021-06-17 11:15:00,2021,6,17,11,15,93,93051,Rue de Malnoue / Rue du Marnois,48.841898,2.568697,Plein jour,En agglomération,Intersection en X,Temps couvert,Deux véhicules - côté,4,2,2,0,1,1,1,0,1,50,,2,1,0,0,1,73.0,47.0,,,1,2,2,8,3
202100033896,2021-06-17 14:30:00,2021,6,17,14,30,93,93079,SAINT LEU (ROUTE),48.956073,2.332414,Plein jour,En agglomération,Hors intersection,Normale,Deux véhicules - côté,3,2,2,0,1,1,1,0,1,50,,2,1,0,0,1,67.0,28.0,,,1,2,1,1,3
202100033897,2021-06-17 22:10:00,2021,6,17,22,10,93,93010,POLISSARD (RUE AUGUSTE),48.9061553952,2.4803030491,Nuit avec éclairage allumé,En agglomération,Intersection en X,Pluie légère,Deux véhicules - frontale,3,2,1,0,1,1,2,0,1,50,,2,1,0,0,1,29.0,26.0,,,5,2,2,2,1
202100033898,2021-06-10 23:40:00,2021,6,10,23,40,93,93010,ROUSSEAU (RUE JEAN-JACQUES),48.911035,2.474543,Nuit avec éclairage allumé,En agglomération,Intersection en T,Normale,Deux véhicules - frontale,4,2,2,0,1,3,1,0,1,50,,5,4,0,0,1,19.0,29.0,,,5,2,3,1,1
202100033899,2021-06-17 11:25:00,2021,6,17,11,25,93,93007,Avenue Paul Vaillant Couturier,48.926683,2.471332,Plein jour,En agglomération,Hors intersection,Normale,Autre collision,3,2,2,0,1,1,1,0,1,50,,2,1,0,0,1,19.0,,,,1,2,1,1,6
202100033900,2021-06-17 21:30:00,2021,6,17,21,30,93,93001,VICTOR HUGO (AVE)  N° 122 =>,48.9132915123,2.3803335427,Nuit sans éclairage public,En agglomération,Hors intersection,Pluie légère,Deux véhicules - frontale,3,2,2,0,1,1,2,8,1,30,,2,1,0,0,1,26.0,,,,3,2,1,2,1
202100033901,2021-06-17 10:00:00,2021,6,17,10,0,92,92072,VILLE D'AVRAY (RUE DE ),48.82579,2.20602,Plein jour,En agglomération,Intersection en T,Normale,Deux véhicules - côté,3,2,2,0,2,1,1,5,1,30,,2,1,0,0,1,40.0,41.0,,,1,2,3,1,3
202100033902,2021-06-15 08:30:00,2021,6,15,8,30,92,92064,EGLISE,48.8425414349,2.21937038,Plein jour,En agglomération,Hors intersection,Normale,Autre collision,4,1,1,0,1,1,1,0,1,50,,2,1,0,0,1,64.0,39.0,,,1,2,1,1,6
202100033903,2021-06-16 19:40:00,2021,6,16,19,40,92,92063,HOPITAL STELL (BOULEVARD DE L'),48.8787114297,2.1864777803,Plein jour,En agglomération,Hors intersection,Normale,Autre collision,3,2,4,0,2,2,1,0,1,50,,1,0,1,0,0,40.0,,,,1,2,1,1,6
202100033904,2021-06-17 13:45:00,2021,6,17,13,45,92,92050,PICASSO PABLO AVENUE,48.8886045074,2.2229343653,Plein jour,En agglomération,Intersection en T,Normale,Autre collision,4,2,2,0,2,1,1,0,1,50,,2,1,0,0,1,21.0,,,,1,2,3,1,6
202100033905,2021-06-16 07:30:00,2021,6,16,7,30,92,92050,RENAN ERNEST RUE,48.89275,2.18733,Plein jour,En agglomération,Intersection en T,Normale,Deux véhicules - arrière,3,1,1,0,1,2,1,0,1,50,,2,1,0,0,1,38.0,25.0,,,1,2,3,1,2
202100033906,2021-06-15 20:31:00,2021,6,15,20,31,92,92050,BOULE PLACE DE LA,48.8868373063,2.2004412797,Plein jour,En agglomération,Giratoire,Normale,Deux véhicules - côté,3,2,3,0,1,2,1,0,1,50,,3,1,0,0,2,44.0,21.0,,,1,2,6,1,3
202100033907,2021-06-17 01:25:00,2021,6,17,1,25,92,92036,COUTURE D'AUXERRE (RUE DE LA) (52/138),48.9272207427,2.2884476374,Nuit avec éclairage allumé,En agglomération,Hors intersection,Pluie légère,Sans collision,4,2,2,0,1,1,2,0,1,50,,1,0,0,0,1,27.0,,,,5,2,1,2,7
202100033908,2021-06-17 21:05:00,2021,6,17,21,5,92,92025,CHARLES DE GAULLE (BD),48.91439,2.229345,Plein jour,En agglomération,Autre intersection,Pluie légère,Deux véhicules - côté,3,-1,1,2,2,1,2,6,5,50,,2,1,0,0,1,42.0,30.0,,,1,2,9,2,3
202100033909,2021-06-17 08:00:00,2021,6,17,8,0,92,92004,DOCTEUR DERVAUX  ( QUAI DU ),48.90916,2.29352,Plein jour,En agglomération,Intersection en X,Normale,Sans collision,3,2,5,0,1,2,1,0,1,50,,2,1,0,0,1,32.0,23.0,,,1,2,2,1,7
202100033910,2021-06-17 07:00:00,2021,6,17,7,0,92,92004,GEORGES GUYNEMER (RUE) ),48.9151576115,2.2898313403,Crépuscule ou aube,En agglomération,Intersection en X,Normale,Sans collision,4,1,0,0,1,1,1,0,1,50,,1,0,0,0,1,41.0,,,,2,2,2,1,7
202100033911,2021-06-17 18:53:00,2021,6,17,18,53,16,16413,,46.049133,0.11068,Plein jour,Hors agglomération,Hors intersection,Temps couvert,Deux véhicules - frontale,3,2,2,0,2,1,1,0,1,80,,3,2,0,0,1,31.0,74.0,,,1,1,1,8,1
202100033912,2021-06-17 18:15:00,2021,6,17,18,15,43,43048,la tour,45.336212,3.705118,Plein jour,Hors agglomération,Hors intersection,Pluie légère,Deux véhicules - frontale,3,2,2,0,2,2,2,0,1,80,,2,1,1,0,0,32.0,36.0,,,1,1,1,2,1
202100033913,2021-06-17 17:40:00,2021,6,17,17,40,95,95313,RD 922,49.107365,2.220919,Plein jour,En agglomération,Hors intersection,Normale,Autre collision,3,2,2,0,1,1,1,0,1,50,,2,1,0,0,1,20.0,,,,1,2,1,1,6
202100033914,2021-06-17 15:00:00,2021,6,17,15,0,63,63388,D110,46.017592,2.761495,Plein jour,Hors agglomération,Hors intersection,Normale,Sans collision,3,-1,2,0,1,2,1,0,8,80,,1,0,0,1,0,22.0,,,,1,1,1,1,7
202100033915,2021-06-17 18:00:00,2021,6,17,18,0,76,76404,D52,49.564929,0.25505,Plein jour,En agglomération,Hors intersection,Normale,Sans collision,3,2,2,0,1,3,1,0,1,70,,1,0,0,0,1,17.0,,,,1,2,1,1,7
202100033916,2021-06-17 09:05:00,2021,6,17,9,5,01,01285,197 Route de Lyon,45.919875,4.814554,Plein jour,Hors agglomération,Hors intersection,Normale,Deux véhicules - côté,3,2,2,0,1,1,1,0,1,80,,3,1,0,2,0,78.0,25.0,,,1,1,1,1,3
202100033917,2021-06-17 18:53:00,2021,6,17,18,53,67,67283,Route Departementale 1004,48.704817,7.374751,Plein jour,Hors agglomération,Hors intersection,Normale,Sans collision,3,2,2,0,1,1,1,0,1,90,,1,0,0,0,1,24.0,,,,1,1,1,1,7
202100033918,2021-06-17 13:35:00,2021,6,17,13,35,01,01354,Rue de la Faucille,46.266557,6.031859,Plein jour,En agglomération,Hors intersection,Normale,Trois véhicules et plus - en chaîne,3,2,2,0,1,1,1,0,1,-1,,3,2,0,1,0,19.0,73.0,,,1,2,1,1,4
202100033919,2021-06-17 11:45:00,2021,6,17,11,45,974,97414,Rue du Père Laporte,-21.264426,55.437629,Plein jour,En agglomération,Intersection en X,Normale,Deux véhicules - côté,4,2,1,0,1,1,1,0,1,50,,3,2,0,1,0,23.0,51.0,,,1,2,2,1,3
202100033920,2021-06-17 21:00:00,2021,6,17,21,0,62,62415,D939,50.332258,2.641246,Crépuscule ou aube,En agglomération,Autre intersection,Pluie légère,Deux véhicules - côté,3,1,2,0,1,3,2,0,1,50,,3,1,0,0,2,22.0,26.0,,,2,2,9,2,3
202100033921,2021-06-18 10:10:00,2021,6,18,10,10,62,62792,Route Departementale 943,50.782592,2.188811,Plein jour,Hors agglomération,Intersection en X,Pluie légère,Deux véhicules - côté,3,2,2,0,1,1,2,0,1,70,,2,1,0,1,0,84.0,18.0,,,1,1,2,2,3
202100033922,2021-06-18 18:00:00,2021,6,18,18,0,56,56040,Lieu-Dit Kervadio,47.87472,-3.33854,Plein jour,Hors agglomération,Hors intersection,Normale,Deux véhicules - arrière,3,3,4,0,1,1,1,0,1,110,,2,1,0,0,1,15.0,53.0,,,1,1,1,1,2
202100033923,2021-06-17 14:45:00,2021,6,17,14,45,56,56078,N165 sens Nantes/Brest,47.815734,-3.463204,Plein jour,Hors agglomération,Hors intersection,Normale,Autre collision,2,3,4,0,1,1,1,0,3,110,,1,0,0,1,0,84.0,,,,1,1,1,1,6
202100033924,2021-06-17 17:40:00,2021,6,17,17,40,56,56186,Rue du Roch Priol,47.482343,-3.106105,Plein jour,En agglomération,Giratoire,Normale,Deux véhicules - côté,4,2,2,0,1,3,1,5,1,50,,2,1,0,1,0,72.0,75.0,,,1,2,6,1,3
202100033925,2021-06-18 05:15:00,2021,6,18,5,15,81,81252,D59b,43.668298,2.233819,Nuit sans éclairage public,Hors agglomération,Hors intersection,Normale,Sans collision,3,2,2,0,1,3,6,0,1,80,,1,0,0,1,0,49.0,,,,3,1,1,1,7
202100033926,2021-06-17 20:00:00,2021,6,17,20,0,89,89267,Carrefour des cinq routes,47.549857,4.05519,Crépuscule ou aube,Hors agglomération,Intersection en X,Normale,Deux véhicules - côté,3,2,2,0,1,1,1,0,1,80,,3,0,0,0,3,31.0,26.0,,,2,1,2,1,3
202100033927,2021-06-16 18:50:00,2021,6,16,18,50,89,89345,D943,48.00517,3.668628,Plein jour,Hors agglomération,Hors intersection,Normale,Deux véhicules - arrière,3,2,2,0,1,2,1,0,1,80,,6,5,0,1,0,46.0,26.0,,,1,1,1,1,2
202100033928,2021-06-17 18:00:00,2021,6,17,18,0,61,61479,Les Coudrais,48.663176,-0.078385,Plein jour,Hors agglomération,Hors intersection,Normale,Sans collision,3,2,2,0,2,2,1,0,3,90,,1,0,0,0,1,40.0,,,,1,1,1,1,7
202100033929,2021-06-18 09:00:00,2021,6,18,9,0,49,49228,coquelival,47.527721,0.19063,Plein jour,Hors agglomération,Intersection en X,Normale,Deux véhicules - côté,3,2,2,0,1,1,1,5,1,80,,2,0,1,0,1,89.0,54.0,,,1,1,2,1,3
202100033930,2021-06-10 16:00:00,2021,6,10,16,0,12,12253,D243,44.19293,2.78395,Plein jour,Hors agglomération,Hors intersection,Normale,Sans collision,3,2,2,0,2,1,1,0,1,80,,1,0,0,1,0,63.0,,,,1,1,1,1,7
202100033931,2021-06-17 18:00:00,2021,6,17,18,0,38,38195,IMPASSE DU RESERVOIR,45.143343,5.375383,Plein jour,En agglomération,Hors intersection,Temps éblouissant,Deux véhicules - frontale,4,2,1,0,2,2,1,0,1,50,,2,1,0,0,1,20.0,36.0,,,1,2,1,7,1
202100033932,2021-06-16 11:30:00,2021,6,16,11,30,38,38075,D285a,45.479279,5.935847,Plein jour,Hors agglomération,Hors intersection,Normale,Sans collision,3,2,2,0,2,3,1,0,8,70,,1,0,0,0,1,64.0,,,,1,1,1,1,7
202100033933,2021-06-17 22:05:00,2021,6,17,22,5,38,38422,D524,45.146998,5.828472,Nuit sans éclairage public,Hors agglomération,Hors intersection,Normale,Deux véhicules - frontale,3,2,2,0,2,3,1,0,1,70,,3,0,0,0,3,23.0,42.0,,,3,1,1,1,1
202100033934,2021-06-01 16:00:00,2021,6,1,16,0,01,01193,D992,45.640568,5.644087,Plein jour,Hors agglomération,Intersection en T,Normale,Deux véhicules - côté,3,2,2,0,1,2,1,0,1,80,,2,1,0,0,1,56.0,68.0,,,1,1,3,1,3
202100033935,2021-06-17 17:15:00,2021,6,17,17,15,70,70122,D17,47.64083,5.492542,Plein jour,Hors agglomération,Hors intersection,Normale,Deux véhicules - frontale,3,2,2,0,3,1,1,0,1,80,,3,1,2,0,0,30.0,47.0,,,1,1,1,1,1
202100033936,2021-06-17 11:45:00,2021,6,17,11,45,72,72176,2 Avenue de la Libération,47.6475056811,0.1529760363,Plein jour,En agglomération,Autre intersection,Normale,Deux véhicules - côté,3,2,2,0,1,1,1,0,1,50,,2,1,0,0,1,51.0,38.0,,,1,2,9,1,3
202100033937,2021-06-06 11:00:00,2021,6,6,11,0,14,14303,Chemin de Chambray,49.121885,0.283054,Plein jour,En agglomération,Intersection en X,Normale,Deux véhicules - côté,3,2,2,0,1,1,1,0,1,50,,2,1,0,0,1,61.0,48.0,,,1,2,2,1,3
202100033938,2021-06-18 04:25:00,2021,6,18,4,25,60,60054,15 Grande Rue - Villotran,49.3445700444,2.0182226314,Nuit sans éclairage public,En agglomération,Hors intersection,Pluie légère,Deux véhicules - frontale,3,2,2,0,1,1,2,0,1,50,,2,0,0,0,2,39.0,31.0,,,3,2,1,2,1
202100033939,2021-06-17 18:10:00,2021,6,17,18,10,43,43012,Route de Firminy,45.3839160022,4.2274430394,Plein jour,En agglomération,Hors intersection,Pluie légère,Deux véhicules - frontale,3,2,2,0,1,1,2,2,1,70,,2,0,0,0,2,58.0,49.0,,,1,2,1,2,1
202100033940,2021-06-17 16:10:00,2021,6,17,16,10,43,43124,Coubladour,45.113803,3.744037,Plein jour,En agglomération,Hors intersection,Normale,Autre collision,3,2,2,0,1,1,1,0,3,50,,2,0,0,1,1,67.0,,,,1,2,1,1,6
202100033941,2021-06-17 15:15:00,2021,6,17,15,15,10,10420,Rue du Pont du Roi,48.586913,3.552479,Plein jour,En agglomération,Autre intersection,Normale,Deux véhicules - côté,3,2,2,0,1,3,1,0,5,30,,2,1,0,0,1,33.0,80.0,,,1,2,9,1,3
202100033942,2021-06-18 01:00:00,2021,6,18,1,0,16,16280,,45.748581,0.367388,Nuit sans éclairage public,Hors agglomération,Hors intersection,Pluie légère,Deux véhicules - arrière,2,3,4,0,2,1,2,0,1,110,,3,2,1,0,0,47.0,55.0,,,3,1,1,2,2
202100033943,2021-06-17 18:00:00,2021,6,17,18,0,07,07276,départementale 120 - PR 42+100,44.90463,4.482551,Plein jour,Hors agglomération,Hors intersection,Normale,Autre collision,3,2,2,0,1,2,1,0,3,80,,1,0,0,0,1,45.0,,,,1,1,1,1,6
202100033944,2021-06-16 08:50:00,2021,6,16,8,50,21,21154,Rue Mal de Lattre de Tassigny,47.858857,4.572421,Plein jour,En agglomération,Hors intersection,Normale,Deux véhicules - arrière,3,2,2,0,1,1,1,0,1,50,,2,1,0,0,1,73.0,19.0,,,1,2,1,1,2
202100033945,2021-06-18 09:20:00,2021,6,18,9,20,27,27039,D91,49.374233,0.851352,Plein jour,Hors agglomération,Hors intersection,Pluie légère,Deux véhicules - frontale,3,2,2,0,2,2,2,0,1,80,,2,1,0,1,0,31.0,15.0,,,1,1,1,2,1
202100033946,2021-06-18 07:45:00,2021,6,18,7,45,27,27116,Le Clos Hagan - D26,49.190848,0.735698,Plein jour,Hors agglomération,Hors intersection,Pluie légère,Autre collision,3,2,2,0,2,1,2,0,1,70,,2,0,0,1,1,20.0,30.0,,,1,1,1,2,6
202100033947,2021-06-12 18:15:00,2021,6,12,18,15,28,28137,27bis Rue de Chartres,48.541351,1.716281,Plein jour,En agglomération,Hors intersection,Normale,Autre collision,3,2,2,0,1,1,1,0,1,50,,2,1,0,1,0,63.0,,,,1,2,1,1,6
202100033948,2021-06-17 20:30:00,2021,6,17,20,30,72,72078,a28,48.281811,0.156245,Plein jour,Hors agglomération,Hors intersection,Normale,Autre collision,1,3,2,0,1,1,1,0,1,130,,1,0,0,1,0,67.0,,,,1,1,1,1,6
202100033949,2021-06-18 13:40:00,2021,6,18,13,40,74,74067,568 Rte des Creuses,45.879452,6.040882,Plein jour,Hors agglomération,Hors intersection,Normale,Sans collision,3,2,2,0,2,1,1,0,1,80,,1,0,0,0,1,74.0,,,,1,1,1,1,7
202100033950,2021-06-18 17:28:00,2021,6,18,17,28,06,06085,560 Chemin du Chateau,43.58587,7.001188,Plein jour,En agglomération,Hors intersection,Normale,Deux véhicules - frontale,4,2,2,0,2,2,1,1,1,50,,2,1,0,0,1,51.0,58.0,,,1,2,1,1,1
202100033951,2021-06-17 14:30:00,2021,6,17,14,30,44,44069,D774,47.382829,-2.382699,Plein jour,Hors agglomération,Hors intersection,Normale,Trois véhicules et plus - collisions multiples,3,2,2,0,1,1,1,0,1,80,,3,2,0,1,0,74.0,59.0,,,1,1,1,1,5
202100033952,2021-06-17 21:30:00,2021,6,17,21,30,77,77222,Rue du Bois Boulay,48.628222,2.801707,Crépuscule ou aube,En agglomération,Hors intersection,Pluie légère,Autre collision,4,2,2,0,1,1,2,0,3,50,,3,2,0,1,0,18.0,,,,2,2,1,2,6
202100033953,2021-06-15 16:10:00,2021,6,15,16,10,95,95370,Sente des Gradins (Chemin),49.149019,1.985639,Plein jour,En agglomération,Hors intersection,Temps éblouissant,Autre collision,4,1,1,0,2,1,1,0,1,30,,2,1,0,1,0,36.0,,,,1,2,1,7,6
202100033954,2021-06-17 21:40:00,2021,6,17,21,40,30,30156,Avenue de Mezeirac,43.866118,4.448488,Nuit avec éclairage allumé,En agglomération,Hors intersection,Normale,Sans collision,4,2,2,0,1,1,1,0,1,50,,1,0,0,1,0,55.0,,,,5,2,1,1,7
202100033955,2021-06-17 20:12:00,2021,6,17,20,12,11,11138,RD 6,43.277893,1.946318,Plein jour,Hors agglomération,Hors intersection,Pluie légère,Autre collision,3,2,2,0,1,1,2,0,3,80,,2,0,0,2,0,32.0,,,,1,1,1,2,6
202100033956,2021-06-18 06:30:00,2021,6,18,6,30,83,83027,2963 Chemin de Marenc et des Costes,43.166207,5.74383,Crépuscule ou aube,Hors agglomération,Hors intersection,Normale,Deux véhicules - frontale,4,2,2,0,3,2,1,0,1,30,,2,1,0,1,0,48.0,49.0,,,2,1,1,1,1
202100033957,2021-06-16 12:15:00,2021,6,16,12,15,83,83068,Route du Littoral,43.284925,6.595986,Plein jour,Hors agglomération,Hors intersection,Normale,Deux véhicules - arrière,3,2,2,0,1,1,1,0,1,70,,3,1,0,2,0,51.0,64.0,,,1,1,1,1,2
202100033958,2021-06-18 07:30:00,2021,6,18,7,30,83,83107,Route de la Bouverie,43.471694,6.661556,Plein jour,Hors agglomération,Hors intersection,Normale,Autre collision,4,2,2,0,1,1,1,0,3,80,,1,0,0,0,1,46.0,,,,1,1,1,1,6
202100033959,2021-06-15 11:40:00,2021,6,15,11,40,13,13015,Route de Rans,43.426759,5.38608,Plein jour,En agglomération,Autre intersection,Normale,Deux véhicules - frontale,7,2,2,3,1,1,1,0,1,50,,2,1,0,1,0,50.0,55.0,,,1,2,9,1,1
202100033960,2021-06-16 18:10:00,2021,6,16,18,10,21,21320,D109,47.281938,5.198985,Plein jour,Hors agglomération,Hors intersection,Temps éblouissant,Deux véhicules - frontale,3,2,2,0,1,2,1,0,1,80,,2,0,0,1,1,27.0,38.0,,,1,1,1,7,1
202100033961,2021-06-14 17:25:00,2021,6,14,17,25,67,67194,rue haute vienne,48.73434,7.910703,Plein jour,En agglomération,Intersection en T,Temps éblouissant,Deux véhicules - côté,3,2,2,2,1,4,1,0,5,50,,2,1,0,1,0,40.0,74.0,,,1,2,3,7,3
202100033962,2021-06-16 07:03:00,2021,6,16,7,3,67,67378,Rue de la Retraite,48.471552,7.72311,Plein jour,En agglomération,Intersection en T,Normale,Deux véhicules - côté,4,2,2,0,1,1,1,0,1,-1,,2,1,0,1,0,28.0,82.0,,,1,2,3,1,3
202100033963,2021-06-17 18:00:00,2021,6,17,18,0,42,42299,Rue de Feurs,45.614045,4.077258,Plein jour,En agglomération,Hors intersection,Pluie légère,Trois véhicules et plus - collisions multiples,3,2,2,0,1,2,2,0,1,50,,3,2,0,1,0,40.0,23.0,,,1,2,1,2,5
202100033964,2021-06-15 06:20:00,2021,6,15,6,20,69,69094,D 30,45.7494071822,4.6951324939,Plein jour,En agglomération,Giratoire,Normale,Deux véhicules - côté,3,2,2,0,1,1,1,9,1,50,,2,1,0,1,0,34.0,25.0,,,1,2,6,1,3