accident_id,datetime,annee,mois,jour,heure,minute,departement,commune_insee,adresse,latitude,longitude,luminosite,agglomeration,intersection,meteo,collision,catr,circ,nbv,vosp,prof,plan,surf,infra,situ,vma,nb_vehicules,nb_usagers,nb_indemnes,nb_tues,nb_blesses_hosp,nb_blesses_legers,age_cond_1,age_cond_2,veh_type_cond_1,veh_type_cond_2,lum_code,agg_code,int_code,atm_code,col_code
202100033965,2021-06-17 20:40:00,2021,6,17,20,40,69,69178,MONTBRISON (DE) (RTE),45.701643417,4.4590115547,Crépuscule ou aube,Hors agglomération,Hors intersection,Normale,Deux véhicules - côté,3,2,2,3,1,1,2,0,1,70,,2,0,0,1,1,22.0,49.0,,,2,1,1,1,3
202100033966,2021-06-15 18:30:00,2021,6,15,18,30,69,69204,COLLONGES (DES) (R),45.692654,4.803858,Plein jour,En agglomération,Intersection à plus de 4 branches,Normale,Autre collision,4,2,2,0,1,1,1,0,1,50,,2,1,0,1,0,29.0,,,,1,2,5,1,6
202100033967,2021-06-17 17:30:00,2021,6,17,17,30,81,81271,3 Avenue Rhin et Danube,43.7743314946,1.6844708472,Plein jour,En agglomération,Hors intersection,Vent fort / tempête,Autre collision,3,2,2,0,1,1,2,0,1,30,,2,0,0,0,2,34.0,,,,1,2,1,6,6
202100033968,2021-06-17 20:15:00,2021,6,17,20,15,33,33268,D105,45.038207,-0.69451,Plein jour,En agglomération,Hors intersection,Pluie légère,Autre collision,3,-1,2,0,1,1,2,4,4,50,,2,0,0,1,1,20.0,,,,1,2,1,2,6
202100033969,2021-06-15 20:33:00,2021,6,15,20,33,33,33003,Avenue Léon Blum,44.932331,-0.48007,Crépuscule ou aube,En agglomération,Intersection en T,Normale,Deux véhicules - côté,4,2,2,0,1,1,1,0,1,30,,2,1,0,1,0,24.0,48.0,,,2,2,3,1,3
202100033970,2021-06-17 14:25:00,2021,6,17,14,25,61,61467,N12,48.4654869,0.15948599,Plein jour,Hors agglomération,Hors intersection,Normale,Autre collision,2,3,2,0,1,1,1,0,1,110,,1,0,1,0,0,63.0,,,,1,1,1,1,6
202100033971,2021-06-03 18:30:00,2021,6,3,18,30,50,50363,RD 999,49.006341,-1.151665,Plein jour,Hors agglomération,Hors intersection,Normale,Deux véhicules - arrière,3,2,2,0,1,1,1,0,1,80,,3,1,0,1,1,76.0,39.0,,,1,1,1,1,2
202100033972,2021-06-17 17:23:00,2021,6,17,17,23,35,35098,RD 57,47.764974,-1.646469,Plein jour,Hors agglomération,Hors intersection,Normale,Autre collision,3,2,2,0,2,1,1,2,1,80,,2,0,0,1,1,65.0,,,,1,1,1,1,6
202100033973,2021-06-17 18:54:00,2021,6,17,18,54,13,13071,A7-Sens Marseille vers Lyon,43.41421,5.28016,Plein jour,Hors agglomération,Hors intersection,Normale,Deux véhicules - arrière,1,1,3,0,1,1,1,0,1,90,,4,0,0,0,4,52.0,32.0,,,1,1,1,1,2
202100033974,2021-06-17 18:50:00,2021,6,17,18,50,13,13019,A51-Sens Marseille vers Aix en Provence,43.424497,5.375565,Plein jour,Hors agglomération,Hors intersection,Normale,Deux véhicules - arrière,1,-1,3,0,1,1,1,0,1,90,,2,0,0,0,2,26.0,41.0,,,1,1,1,1,2
202100033975,2021-06-16 17:50:00,2021,6,16,17,50,69,69029,A43   0.550 A 3.353,45.72678,4.91421,Plein jour,Hors agglomération,Hors intersection,Normale,Trois véhicules et plus - en chaîne,1,3,7,0,1,2,1,3,1,70,,3,2,0,1,0,29.0,30.0,,,1,1,1,1,4
202100033976,2021-06-17 17:15:00,2021,6,17,17,15,91,91339,RN 104,48.62574,2.26148,Plein jour,Hors agglomération,Hors intersection,Normale,Trois véhicules et plus - collisions multiples,2,3,6,0,1,1,1,0,1,110,,4,3,0,1,0,48.0,24.0,,,1,1,1,1,5
202100033977,2021-06-17 17:40:00,2021,6,17,17,40,91,91340,AUTOROUTE A6,48.59833,2.44074,Plein jour,Hors agglomération,Hors intersection,Normale,Deux véhicules - arrière,1,3,6,0,1,1,1,3,1,110,,2,1,0,0,1,33.0,75.0,,,1,1,1,1,2
202100033978,2021-06-17 16:15:00,2021,6,17,16,15,91,91521,RN 104,48.63191,2.40038,Plein jour,Hors agglomération,Hors intersection,Normale,Deux véhicules - arrière,2,3,4,0,1,1,1,0,1,70,,2,1,0,0,1,43.0,28.0,,,1,1,1,1,2
202100033979,2021-06-16 16:20:00,2021,6,16,16,20,92,92036,A86,48.9357640852,2.2872224731,Plein jour,Hors agglomération,Hors intersection,Normale,Deux véhicules - arrière,1,3,3,0,1,1,1,0,1,110,,2,1,0,1,0,52.0,44.0,,,1,1,1,1,2
202100033980,2021-06-16 15:55:00,2021,6,16,15,55,78,78029,A13Y,48.965114,1.84777,Plein jour,Hors agglomération,Hors intersection,Normale,Trois véhicules et plus - en chaîne,1,1,3,0,1,1,1,0,1,130,,3,2,0,0,1,47.0,33.0,,,1,1,1,1,4
202100033981,2021-06-16 10:40:00,2021,6,16,10,40,92,92019,RN385,48.7761563734,2.2369245596,Plein jour,Hors agglomération,Hors intersection,Normale,Trois véhicules et plus - en chaîne,2,-1,3,0,1,1,1,0,1,70,,6,4,0,0,2,31.0,51.0,,,1,1,1,1,4
202100033982,2021-06-17 18:15:00,2021,6,17,18,15,93,93027,AUTOROUTE A86,48.92805,2.40328,Plein jour,Hors agglomération,Hors intersection,Normale,Deux véhicules - arrière,1,3,4,0,1,1,1,0,1,70,,2,1,0,0,1,64.0,44.0,,,1,1,1,1,2
202100033983,2021-06-17 10:20:00,2021,6,17,10,20,93,93064,AUTOROUTE A86,48.87667,2.47793,Plein jour,Hors agglomération,Hors intersection,Normale,Deux véhicules - côté,1,3,6,0,1,1,1,0,1,110,,2,1,0,1,0,52.0,33.0,,,1,1,1,1,3
202100033984,2021-06-17 08:45:00,2021,6,17,8,45,93,93010,AUTOROUTE A3,48.90329,2.47111,Plein jour,Hors agglomération,Hors intersection,Normale,Sans collision,1,3,10,0,1,1,1,0,1,90,,1,0,0,0,1,36.0,,,,1,1,1,1,7
202100033985,2021-06-17 03:30:00,2021,6,17,3,30,95,95675,AUTOROUTE A1,49.0533967273,2.5484610613,Nuit sans éclairage public,Hors agglomération,Hors intersection,Normale,Autre collision,1,3,7,0,1,1,1,0,1,110,,1,0,0,0,1,21.0,,,,3,1,1,1,6
202100033986,2021-06-16 23:55:00,2021,6,16,23,55,95,95154,AUTOROUTE A1,49.04326,2.544,Nuit sans éclairage public,Hors agglomération,Hors intersection,Normale,Deux véhicules - arrière,1,3,7,0,1,1,1,0,1,130,,3,2,0,0,1,58.0,21.0,,,3,1,1,1,2
202100033987,2021-06-16 13:10:00,2021,6,16,13,10,93,93007,AUTOROUTE A3,48.93395,2.48059,Plein jour,Hors agglomération,Hors intersection,Normale,Deux véhicules - côté,1,3,6,0,1,1,1,0,1,90,,2,1,0,0,1,66.0,23.0,,,1,1,1,1,3
202100033988,2021-06-16 09:20:00,2021,6,16,9,20,77,77372,A104,48.8759375141,2.6691263873,Plein jour,Hors agglomération,Hors intersection,Normale,Deux véhicules - côté,1,1,4,0,1,1,1,2,1,90,,2,0,0,0,2,40.0,51.0,,,1,1,1,1,3
202100033989,2021-06-05 20:50:00,2021,6,5,20,50,69,69264,THIZY (DE) (R),45.9863359404,4.7163802385,Plein jour,En agglomération,Hors intersection,Normale,Autre collision,4,1,1,0,1,1,1,0,1,50,,1,0,0,0,1,29.0,,,,1,2,1,1,6
202100033990,2021-06-06 13:00:00,2021,6,6,13,0,50,50502,RN 174 (2x2) route de Tessy- rp Liberté,49.10564,-1.1173,Plein jour,Hors agglomération,Hors intersection,Normale,Deux véhicules - arrière,2,3,2,0,1,1,1,0,1,110,,2,1,0,0,1,31.0,55.0,,,1,1,1,1,2
202100033991,2021-06-07 17:05:00,2021,6,7,17,5,976,97611,kaweni-Pendu (Place),-12.75803,45.23225,Plein jour,En agglomération,Hors intersection,Normale,Autre collision,4,2,0,0,1,1,1,0,1,50,,2,1,0,0,1,29.0,,,,1,2,1,1,6
202100033992,2021-06-09 16:30:00,2021,6,9,16,30,13,13047,R.N 569,43.49211,4.96503,Plein jour,Hors agglomération,Hors intersection,Normale,Deux véhicules - frontale,2,2,2,0,1,1,1,0,1,80,,5,4,1,0,0,22.0,45.0,,,1,1,1,1,1
202100033993,2021-06-10 10:40:00,2021,6,10,10,40,71,71076,CITADELLE (RUE DE LA ),46.7853315747,4.8522545287,Plein jour,En agglomération,Hors intersection,Normale,Autre collision,4,-1,2,0,2,1,1,6,4,30,,2,1,0,0,1,28.0,,,,1,2,1,1,6
202100033994,2021-06-10 14:35:00,2021,6,10,14,35,03,03310,28 Rue Georges Clémenceau,46.12553,3.42274,Plein jour,En agglomération,Hors intersection,Normale,Autre collision,4,1,-1,3,1,1,1,0,4,50,,3,2,0,1,0,64.0,91.0,,,1,2,1,1,6
202100033995,2021-06-13 18:05:00,2021,6,13,18,5,92,92075,ARCUEIL (VILLA D'),48.81743,2.28915,Plein jour,En agglomération,Hors intersection,Normale,Autre collision,5,2,1,0,1,1,1,0,1,30,,3,2,0,0,1,63.0,66.0,,,1,2,1,1,6
202100033996,2021-06-13 22:10:00,2021,6,13,22,10,94,94041,MAURICE THOREZ (AV),48.8172,2.3759,Nuit avec éclairage allumé,En agglomération,Hors intersection,Normale,Trois véhicules et plus - en chaîne,3,1,2,0,1,1,1,0,8,30,,2,1,0,0,1,27.0,,,,5,2,1,1,4
202100033997,2021-06-14 12:30:00,2021,6,14,12,30,75,75116,ROUTE DES TRIBUNES,48.860494,2.229751,Plein jour,En agglomération,Hors intersection,Normale,Deux véhicules - arrière,4,2,3,2,1,3,1,0,1,30,,2,1,1,0,0,58.0,37.0,,,1,2,1,1,2
202100033998,2021-06-14 13:30:00,2021,6,14,13,30,75,75120,RUE DU TELEGRAPHE,48.871394,2.400087,Plein jour,En agglomération,Hors intersection,Normale,Autre collision,4,1,0,1,2,1,1,0,5,50,,2,1,0,0,1,22.0,,,,1,2,1,1,6
202100033999,2021-06-15 17:15:00,2021,6,15,17,15,91,91228,RTE NATIONALE 7,48.63524,2.43487,Plein jour,En agglomération,Hors intersection,Normale,Autre collision,3,1,2,0,1,1,1,3,1,50,,2,1,0,0,1,33.0,,,,1,2,1,1,6
202100034000,2021-06-15 12:20:00,2021,6,15,12,20,75,75119,AVENUE JEAN JAURES,48.88293,2.370733,Plein jour,En agglomération,Intersection en Y,Normale,Autre collision,4,2,3,1,1,1,1,0,5,50,,2,1,0,0,1,51.0,,,,1,2,4,1,6
202100034001,2021-06-13 19:00:00,2021,6,13,19,0,93,93059,EMILE ZOLA (AVENUE),48.952,2.3685,Plein jour,En agglomération,Hors intersection,Temps éblouissant,Deux véhicules - côté,3,2,2,3,1,1,1,9,6,50,,2,1,0,0,1,47.0,20.0,,,1,2,1,7,3
202100034002,2021-06-16 19:35:00,2021,6,16,19,35,75,75113,RUE DE TOLBIAC,48.827143,2.367162,Plein jour,En agglomération,Intersection en T,Normale,Autre collision,4,2,3,0,2,1,1,0,1,50,,2,0,0,0,2,51.0,,,,1,2,3,1,6
202100034003,2021-06-16 10:00:00,2021,6,16,10,0,13,13206,COMMANDANT IMHAUS (RUE DU),43.28756,5.3856,Plein jour,En agglomération,Intersection en X,Normale,Deux véhicules - frontale,4,1,1,0,2,1,1,0,1,50,,2,1,0,0,1,59.0,36.0,,,1,2,2,1,1
202100034004,2021-06-16 14:50:00,2021,6,16,14,50,972,97209,ERNEST DEPROGE (RUE),14.60313,-61.07221,Plein jour,En agglomération,Giratoire,Normale,Sans collision,4,1,2,0,1,2,1,0,1,30,,1,0,0,0,1,26.0,,,,1,2,6,1,7
202100034005,2021-06-16 19:15:00,2021,6,16,19,15,76,76561,MONNET. RUE JEAN,49.3015132409,1.0368280727,Plein jour,En agglomération,Intersection en T,Normale,Deux véhicules - côté,4,2,2,0,1,1,1,0,1,30,,2,1,0,0,1,29.0,22.0,,,1,2,3,1,3
202100034006,2021-06-16 10:21:00,2021,6,16,10,21,92,92035,Pierre Joigneaux ( rue ),48.91119,2.2549,Plein jour,En agglomération,Intersection en X,Normale,Autre collision,3,2,-1,-1,1,1,1,5,1,-1,,2,1,1,0,0,34.0,,,,1,2,2,1,6
202100034007,2021-06-16 14:50:00,2021,6,16,14,50,988,98818,AVENUE DU MARECHAL FOCH/AVENUE DE LA VICTOIRE H. LAFLEUR,-22.27435,166.44281,Plein jour,En agglomération,Intersection en X,Normale,Deux véhicules - côté,4,3,5,0,1,1,1,5,1,50,,2,0,0,0,2,32.0,59.0,,,1,2,2,1,3
202100034008,2021-06-16 08:55:00,2021,6,16,8,55,976,97611,vahibe-Departementale 3 ( route ),-12.78655,45.16934,Plein jour,Hors agglomération,Hors intersection,Normale,Deux véhicules - frontale,3,2,0,0,2,4,1,0,1,70,,2,1,0,0,1,48.0,48.0,,,1,1,1,1,1
202100034009,2021-06-13 09:55:00,2021,6,13,9,55,974,97411,MONNERVILLE (BOULEVARD GASTON),-20.89423,55.45128,Plein jour,En agglomération,Intersection en T,Normale,Deux véhicules - frontale,4,2,2,0,2,1,1,0,1,50,,3,1,0,0,2,72.0,21.0,,,1,2,3,1,1
202100034010,2021-06-15 17:10:00,2021,6,15,17,10,974,97409,Lefaguyes (chemin),-20.9603729126,55.6622909365,Plein jour,En agglomération,Hors intersection,Normale,Autre collision,4,2,2,0,1,1,1,0,3,70,,3,1,0,0,2,20.0,,,,1,2,1,1,6
202100034011,2021-06-16 18:55:00,2021,6,16,18,55,974,97407,COMMUNE DE PARIS (AVENUE),-20.93586,55.29111,Nuit avec éclairage allumé,En agglomération,Autre intersection,Normale,Deux véhicules - côté,4,2,2,1,1,1,1,0,1,50,,2,0,0,0,2,53.0,60.0,,,5,2,9,1,3
202100034012,2021-06-16 19:25:00,2021,6,16,19,25,69,69387,CLAUDE BERNARD (Q),45.75183,4.8369,Plein jour,En agglomération,Intersection en X,Normale,Autre collision,4,1,2,3,1,1,1,0,6,50,,2,1,0,0,1,23.0,,,,1,2,2,1,6
202100034013,2021-06-16 13:05:00,2021,6,16,13,5,69,69386,SERBIE (DE) (Q),45.7718699086,4.8408164423,Plein jour,En agglomération,Hors intersection,Normale,Autre collision,4,1,1,1,2,2,1,0,5,50,,2,1,0,0,1,57.0,,,,1,2,1,1,6
202100034014,2021-06-16 11:30:00,2021,6,16,11,30,69,69386,MONTGOLFIER (R),45.77199,4.84993,Plein jour,En agglomération,Intersection en X,Normale,Deux véhicules - arrière,4,1,1,2,1,1,1,0,1,50,,2,1,0,0,1,78.0,46.0,,,1,2,2,1,2
202100034015,2021-06-16 08:40:00,2021,6,16,8,40,69,69259,MAURICE THOREZ (AV),45.70045,4.86775,Plein jour,En agglomération,Intersection en T,Normale,Deux véhicules - côté,4,2,2,0,1,1,1,0,1,50,,2,1,0,0,1,35.0,26.0,,,1,2,3,1,3
202100034016,2021-06-16 13:30:00,2021,6,16,13,30,972,97213,ROUTE NATIONALE 1,14.61796,-61.01896,Plein jour,En agglomération,Hors intersection,Normale,Deux véhicules - arrière,1,1,3,0,1,1,1,0,1,900,,2,1,0,1,0,50.0,21.0,,,1,2,1,1,2
202100034017,2021-06-15 14:00:00,2021,6,15,14,0,972,97213,ROUTE DEPARTEMENTALE 13,14.63426,-61.01495,Plein jour,Hors agglomération,Hors intersection,Normale,Deux véhicules - côté,3,-1,2,0,4,3,1,0,1,80,,2,0,0,0,2,63.0,70.0,,,1,1,1,1,3
202100034018,2021-06-15 23:50:00,2021,6,15,23,50,69,69382,JACOBINS (DES) (PL),45.7605248629,4.8340299726,Nuit avec éclairage allumé,En agglomération,Hors intersection,Normale,Autre collision,4,1,2,3,1,1,1,0,1,50,,3,2,0,0,1,20.0,,,,5,2,1,1,6
202100034019,2021-06-16 16:25:00,2021,6,16,16,25,95,95252,BEL-AIR (BOULEVARD DU),48.98624955,2.23676479,Plein jour,En agglomération,Hors intersection,Normale,Deux véhicules - frontale,3,3,4,0,1,1,8,0,1,50,,4,1,0,0,3,40.0,56.0,,,1,2,1,1,1
202100034020,2021-06-16 19:35:00,2021,6,16,19,35,91,91421,CHARLES DE GAULLE (AVENUE),48.69677,2.45786,Plein jour,En agglomération,Hors intersection,Normale,Deux véhicules - côté,3,1,2,0,1,1,1,0,1,30,,2,1,0,0,1,18.0,47.0,,,1,2,1,1,3
202100034021,2021-06-16 16:20:00,2021,6,16,16,20,91,91479,AV JEAN JAURES,48.70952,2.36708,Plein jour,En agglomération,Hors intersection,Normale,Deux véhicules - arrière,4,-1,2,0,1,1,1,0,1,50,,2,1,0,0,1,40.0,50.0,,,1,2,1,1,2
202100034022,2021-06-16 10:55:00,2021,6,16,10,55,91,91326,PASTEUR (RUE),48.68694,2.37806,Plein jour,En agglomération,Intersection en X,Normale,Autre collision,4,2,2,0,1,1,1,0,1,50,,2,1,0,0,1,39.0,,,,1,2,2,1,6
202100034023,2021-06-15 20:55:00,2021,6,15,20,55,91,91433,R.D.20,48.46513,2.181446,Plein jour,Hors agglomération,Hors intersection,Normale,Autre collision,3,2,4,0,1,1,1,9,1,70,,2,1,0,1,0,60.0,,,,1,1,1,1,6
202100034024,2021-06-15 05:30:00,2021,6,15,5,30,91,91223,CD63,48.421975,2.18056,Nuit sans éclairage public,Hors agglomération,Hors intersection,Normale,Autre collision,3,2,2,0,1,1,1,0,1,80,,1,0,0,0,1,51.0,,,,3,1,1,1,6
202100034025,2021-06-11 19:25:00,2021,6,11,19,25,89,89387,BELLOCIER (RUE),48.19734,3.27127,Plein jour,En agglomération,Intersection en X,Normale,Deux véhicules - côté,4,1,1,0,1,1,1,0,1,50,,3,2,0,0,1,24.0,51.0,,,1,2,2,1,3
202100034026,2021-06-15 19:06:00,2021,6,15,19,6,88,88160,ARCHETTES (RTE D'),48.14399,6.47941,Plein jour,Hors agglomération,Hors intersection,Normale,Sans collision,3,2,2,0,1,1,1,0,1,70,,1,0,0,0,1,42.0,,,,1,1,1,1,7
202100034027,2021-06-15 16:23:00,2021,6,15,16,23,87,87085,GUESDE (RUE JULES),45.82948,1.26166,Plein jour,En agglomération,Hors intersection,Normale,Deux véhicules - arrière,4,1,1,0,1,1,1,0,1,30,,2,1,0,0,1,31.0,52.0,,,1,2,1,1,2
202100034028,2021-06-16 14:30:00,2021,6,16,14,30,82,82121,SAINT-ETIENNE DE TULMONT (ROUTE),44.03193,1.4084,Plein jour,En agglomération,Intersection en Y,Normale,Deux véhicules - côté,3,2,2,0,1,1,1,0,1,80,,2,1,0,1,0,63.0,74.0,,,1,2,4,1,3
202100034029,2021-06-12 12:10:00,2021,6,12,12,10,78,78640,LOUIS BREGUET (AVENUE),48.78035,2.18983,Plein jour,En agglomération,Hors intersection,Normale,Deux véhicules - côté,4,1,2,0,1,1,1,0,1,50,,2,1,0,0,1,49.0,24.0,,,1,2,1,1,3
202100034030,2021-06-16 08:00:00,2021,6,16,8,0,77,77487,LIBERATION (DE LA),48.53259,2.67225,Plein jour,En agglomération,Hors intersection,Normale,Autre collision,3,-1,2,0,1,3,1,0,1,50,,3,2,0,1,0,16.0,,,,1,2,1,1,6
202100034031,2021-06-16 17:02:00,2021,6,16,17,2,76,76681,MARTYRS DE LA RESISTANCE. PLACE DES,49.4194,1.07816,Plein jour,En agglomération,Place,Normale,Autre collision,4,2,2,0,1,1,1,0,1,50,,2,1,1,0,0,31.0,,,,1,2,7,1,6
202100034032,2021-06-16 12:30:00,2021,6,16,12,30,76,76540,CARREL. RUE ARMAND,49.4398389954,1.1018534577,Plein jour,En agglomération,Hors intersection,Normale,Autre collision,4,2,1,0,1,1,1,9,1,30,,2,1,0,1,0,48.0,,,,1,2,1,1,6
202100034033,2021-06-15 20:20:00,2021,6,15,20,20,76,76351,INGOUVILLE (RUE),49.49748,0.10943,Plein jour,En agglomération,Intersection en X,Normale,Deux véhicules - arrière,4,2,3,1,2,1,1,0,1,50,,2,1,0,0,1,51.0,47.0,,,1,2,2,1,2
202100034034,2021-06-15 20:30:00,2021,6,15,20,30,76,76351,ESTIENNE D'ORVES (D'),49.5154,0.0968,Plein jour,En agglomération,Hors intersection,Normale,Deux véhicules - côté,4,2,1,0,1,1,1,0,1,50,,2,1,0,0,1,30.0,26.0,,,1,2,1,1,3
202100034035,2021-06-15 18:45:00,2021,6,15,18,45,72,72181,GAMBETTA (RUE) N° IMP 63 A 147,48.00724,0.18922,Plein jour,En agglomération,Hors intersection,Normale,Deux véhicules - côté,4,1,0,0,1,3,1,0,1,50,,2,1,0,0,1,27.0,75.0,,,1,2,1,1,3
202100034036,2021-06-15 15:45:00,2021,6,15,15,45,71,71270,Rue du Docteur Schweitzer,46.3200757609,4.8380337494,Plein jour,En agglomération,Intersection en T,Normale,Deux véhicules - frontale,4,2,2,0,1,3,1,0,1,50,,4,3,0,0,1,17.0,20.0,,,1,2,3,1,1
202100034037,2021-06-16 20:00:00,2021,6,16,20,0,69,69290,CITE BERLIET (DE LA) (BD),45.7081,4.91811,Crépuscule ou aube,En agglomération,Intersection en X,Normale,Deux véhicules - frontale,4,3,4,0,2,1,1,0,1,70,,5,0,0,0,5,31.0,25.0,,,2,2,2,1,1
202100034038,2021-06-16 13:20:00,2021,6,16,13,20,69,69266,LEON BLUM (R),45.76052,4.90437,Plein jour,En agglomération,Hors intersection,Normale,Autre collision,4,2,4,3,1,1,1,0,6,50,,2,1,0,0,1,,,,,1,2,1,1,6
202100034039,2021-06-15 21:10:00,2021,6,15,21,10,67,67482,FRANCOIS EPAILLY (RUE),48.57308,7.79118,Crépuscule ou aube,En agglomération,Hors intersection,Normale,Autre collision,7,3,4,2,1,3,1,0,1,50,,2,0,1,0,1,20.0,,,,2,2,1,1,6
202100034040,2021-06-14 12:00:00,2021,6,14,12,0,67,67482,PLAINE DES BOUCHERS (RUE DE LA),48.5640379775,7.7386042459,Plein jour,En agglomération,Hors intersection,Temps éblouissant,Deux véhicules - côté,4,2,4,1,1,1,1,0,5,50,,2,1,0,0,1,40.0,48.0,,,1,2,1,7,3
202100034041,2021-06-16 08:06:00,2021,6,16,8,6,66,66136,ELNE (ROUTE D'),42.67445,2.91431,Plein jour,Hors agglomération,Hors intersection,Normale,Deux véhicules - frontale,4,-1,2,0,1,1,1,0,1,50,,3,1,0,0,2,56.0,22.0,,,1,1,1,1,1
202100034042,2021-06-15 11:10:00,2021,6,15,11,10,66,66136,PERVENCHES (AVENUE DES),42.70173,2.90457,Plein jour,En agglomération,Intersection en T,Normale,Deux véhicules - côté,4,2,2,0,1,1,1,0,1,50,,2,1,0,0,1,80.0,30.0,,,1,2,3,1,3
202100034043,2021-06-16 15:20:00,2021,6,16,15,20,64,64545,Route de la Corniche,43.38181,-1.73093,Plein jour,En agglomération,Hors intersection,Normale,Trois véhicules et plus - collisions multiples,3,2,2,0,1,1,1,0,1,50,,5,3,0,0,2,18.0,72.0,,,1,2,1,1,5
202100034044,2021-06-16 15:55:00,2021,6,16,15,55,64,64102,SOULT (AVENUE MARECHAL),43.48585,-1.49136,Plein jour,En agglomération,Intersection en T,Normale,Deux véhicules - côté,3,3,4,3,1,1,1,0,6,50,,2,1,0,0,1,21.0,37.0,,,1,2,3,1,3
202100034045,2021-06-14 17:25:00,2021,6,14,17,25,64,64024,GUYNEMER (AVENUE),43.49768,-1.53842,Plein jour,En agglomération,Hors intersection,Normale,Deux véhicules - côté,4,2,2,0,1,1,1,0,1,50,,2,1,0,1,0,17.0,58.0,,,1,2,1,1,3
202100034046,2021-06-15 16:25:00,2021,6,15,16,25,63,63075,PASTEUR (AVENUE),45.77381,3.07291,Plein jour,En agglomération,Hors intersection,Normale,Trois véhicules et plus - en chaîne,7,2,2,0,1,1,1,0,1,50,,4,3,0,0,1,35.0,68.0,,,1,2,1,1,4
202100034047,2021-05-16 02:10:00,2021,5,16,2,10,62,62413,CHEMIN DE FER (R DU),50.445509,2.887902,Nuit avec éclairage allumé,En agglomération,Hors intersection,Normale,Sans collision,4,2,2,0,1,1,1,0,1,50,,1,0,0,1,0,25.0,,,,5,2,1,1,7
202100034048,2021-06-16 10:55:00,2021,6,16,10,55,61,61001,EDOUARD BRANLY (RUE),48.43638,0.10627,Plein jour,En agglomération,Hors intersection,Temps éblouissant,Autre collision,4,2,1,0,1,1,1,0,1,50,,1,0,0,0,1,16.0,,,,1,2,1,7,6
202100034049,2021-06-15 11:50:00,2021,6,15,11,50,59,59512,VIEIL ABREUVOIR (RUE DU),50.69294,3.17354,Plein jour,En agglomération,Hors intersection,Normale,Autre collision,4,1,1,0,3,3,1,0,1,50,,2,1,0,1,0,61.0,,,,1,2,1,1,6
202100034050,2021-06-16 14:55:00,2021,6,16,14,55,59,59350,FEBVRIER JACQUES PLACE,50.61785,3.06111,Plein jour,En agglomération,Giratoire,Normale,Deux véhicules - côté,4,2,2,0,1,3,1,0,1,30,,4,3,0,0,1,35.0,58.0,,,1,2,6,1,3
202100034051,2021-06-10 13:50:00,2021,6,10,13,50,53,53201,Avenue Pierre de Coubertin,48.079097,-0.820282,Plein jour,Hors agglomération,Hors intersection,Normale,Deux véhicules - arrière,4,2,2,0,1,3,1,0,1,50,,2,1,0,1,0,22.0,72.0,,,1,1,1,1,2
202100034052,2021-06-16 10:00:00,2021,6,16,10,0,51,51454,Rue de Courlancy,49.24454,4.0193,Plein jour,En agglomération,Hors intersection,Normale,Sans collision,4,2,2,0,1,1,1,0,1,50,,2,0,0,0,2,30.0,,,,1,2,1,1,7
202100034053,2021-06-15 16:55:00,2021,6,15,16,55,50,50129,CESSART (AVENUE DE),49.64439,-1.6316,Plein jour,En agglomération,Intersection en T,Normale,Trois véhicules et plus - en chaîne,4,3,4,1,1,1,1,5,1,50,,3,2,0,0,1,66.0,33.0,,,1,2,3,1,4
202100034054,2021-06-14 21:49:00,2021,6,14,21,49,49,49267,MONTAIGNE AVENUE,47.46585,-0.51702,Plein jour,En agglomération,Hors intersection,Normale,Sans collision,1,1,1,0,4,3,1,3,1,50,,1,0,0,0,1,53.0,,,,1,2,1,1,7
202100034055,2021-06-14 07:55:00,2021,6,14,7,55,49,49007,BEDIER BOULEVARD,47.45123,-0.54764,Plein jour,En agglomération,Hors intersection,Temps éblouissant,Autre collision,4,2,2,0,1,1,1,0,1,50,,3,2,0,0,1,56.0,,,,1,2,1,7,6
202100034056,2021-06-13 14:43:00,2021,6,13,14,43,47,47323,ROMAS (ROND POINT),44.4087992657,0.7404425057,Plein jour,En agglomération,Giratoire,Normale,Deux véhicules - côté,2,1,1,0,1,1,1,5,1,70,,2,1,0,1,0,80.0,24.0,,,1,2,6,1,3
202100034057,2021-06-16 16:35:00,2021,6,16,16,35,45,45338,Rue Jean Mermoz,47.98203,2.7115,Plein jour,En agglomération,Intersection en T,Normale,Deux véhicules - côté,4,2,2,0,1,1,1,0,1,50,,2,1,0,0,1,43.0,43.0,,,1,2,3,1,3
202100034058,2021-06-16 20:17:00,2021,6,16,20,17,37,37261,TOUR D'AUVERGNE (RUE DE LA),47.385226826,0.7063476741,Plein jour,En agglomération,Intersection en T,Normale,Autre collision,4,2,2,0,1,1,1,0,1,50,,2,1,0,0,1,81.0,21.0,,,1,2,3,1,6
202100034059,2021-06-16 02:46:00,2021,6,16,2,46,37,37261,CHAGALL (AVENUE MARC),47.4146840134,0.6822490998,Nuit avec éclairage allumé,En agglomération,Hors intersection,Normale,Autre collision,4,2,2,0,1,2,1,0,1,50,,2,1,0,0,1,23.0,,,,5,2,1,1,6
202100034060,2021-06-16 17:35:00,2021,6,16,17,35,35,35278,DE GAULLE (AVENUE GENERAL),48.152538,-1.686086,Plein jour,En agglomération,Autre intersection,Pluie légère,Deux véhicules - côté,4,2,2,1,1,1,2,-1,5,50,,2,1,0,0,1,84.0,43.0,,,1,2,9,2,3