accident_id,datetime,annee,mois,jour,heure,minute,departement,commune_insee,adresse,latitude,longitude,luminosite,agglomeration,intersection,meteo,collision,catr,circ,nbv,vosp,prof,plan,surf,infra,situ,vma,nb_vehicules,nb_usagers,nb_indemnes,nb_tues,nb_blesses_hosp,nb_blesses_legers,age_cond_1,age_cond_2,veh_type_cond_1,veh_type_cond_2,lum_code,agg_code,int_code,atm_code,col_code
202100034061,2021-06-16 12:35:00,2021,6,16,12,35,35,35238,SAUVAIE (DE LA),48.09574,-1.63383,Plein jour,En agglomération,Hors intersection,Normale,Trois véhicules et plus - en chaîne,4,-1,2,0,1,1,1,0,1,50,,3,2,0,0,1,34.0,52.0,,,1,2,1,1,4
202100034062,2021-06-15 11:43:00,2021,6,15,11,43,35,35238,GRIMAULT (BD LEON),48.09107,-1.65249,Plein jour,En agglomération,Hors intersection,Normale,Autre collision,6,-1,0,0,1,1,1,9,8,-1,,2,1,0,0,1,,,,,1,2,1,1,6
202100034063,2021-06-16 22:54:00,2021,6,16,22,54,34,34172,JUSTICE DE CASTELNAU (AVENUE DE LA),43.62681,3.88954,Nuit avec éclairage allumé,En agglomération,Intersection en X,Normale,Deux véhicules - côté,4,2,2,0,1,1,1,0,1,50,,3,1,0,0,2,51.0,16.0,,,5,2,2,1,3
202100034064,2021-06-16 23:00:00,2021,6,16,23,0,33,33063,Cours de l’Argonne,44.8238826704,-0.5794544287,Nuit avec éclairage allumé,En agglomération,Hors intersection,Pluie forte,Autre collision,4,1,1,3,1,1,2,4,1,50,,1,0,0,0,1,35.0,,,,5,2,1,3,6
202100034065,2021-06-16 14:40:00,2021,6,16,14,40,33,33063,Rue Pierre Chareau,44.86107,-0.57396,Plein jour,En agglomération,Hors intersection,Normale,Deux véhicules - frontale,4,2,2,1,1,1,1,-1,1,50,,3,1,0,1,1,24.0,71.0,,,1,2,1,1,1
202100034066,2021-06-16 03:10:00,2021,6,16,3,10,33,33522,Avenue de la Mission Haut Brion,44.80811,-0.60566,Nuit avec éclairage non allumé,En agglomération,Giratoire,Normale,Autre collision,4,2,2,1,1,3,1,0,1,50,,1,0,0,1,0,44.0,,,,4,2,6,1,6
202100034067,2021-06-16 17:35:00,2021,6,16,17,35,33,33009,Boulevard Mestrezat,44.65222,-1.14711,Plein jour,En agglomération,Hors intersection,Normale,Autre collision,3,2,4,1,1,1,1,-1,1,50,,6,1,0,0,5,56.0,,,,1,2,1,1,6
202100034068,2021-06-16 22:30:00,2021,6,16,22,30,29,29232,Rond Point Guttemberg,47.98033,-4.07916,Crépuscule ou aube,En agglomération,Giratoire,Pluie légère,Autre collision,3,-1,1,0,2,2,2,9,3,50,,1,0,0,0,1,19.0,,,,2,2,6,2,6
202100034069,2021-06-17 00:00:00,2021,6,17,0,0,29,29039,Rue de Kerose,47.876502,-3.890167,Nuit avec éclairage allumé,En agglomération,Hors intersection,Normale,Autre collision,4,2,2,0,4,2,1,0,4,50,,1,0,0,0,1,32.0,,,,5,2,1,1,6
202100034070,2021-06-15 18:04:00,2021,6,15,18,4,29,29039,Rue des Sables Blancs,47.878369,-3.930069,Plein jour,En agglomération,Intersection en T,Normale,Deux véhicules - côté,4,2,2,0,1,1,1,0,1,50,,2,1,0,0,1,67.0,18.0,,,1,2,3,1,3
202100034071,2021-06-16 12:40:00,2021,6,16,12,40,28,28220,AVENUE DE LA REPUBLIQUE,48.41778,1.46582,Plein jour,En agglomération,Hors intersection,Normale,Deux véhicules - côté,3,2,2,0,1,1,1,0,1,50,,4,3,0,1,0,20.0,27.0,,,1,2,1,1,3
202100034072,2021-06-16 22:55:00,2021,6,16,22,55,27,27681,VERDUN (RUE DE),49.086057,1.491471,Nuit avec éclairage allumé,En agglomération,Hors intersection,Normale,Deux véhicules - côté,4,2,2,0,1,1,1,6,1,50,,2,1,0,0,1,25.0,62.0,,,5,2,1,1,3
202100034073,2021-06-16 02:45:00,2021,6,16,2,45,18,18033,AVENIR (BD DE L'),47.07569,2.38479,Nuit avec éclairage allumé,En agglomération,Intersection en X,Normale,Deux véhicules - côté,4,2,0,0,1,1,1,5,1,50,,2,1,0,0,1,,31.0,,,5,2,2,1,3
202100034074,2021-06-16 13:00:00,2021,6,16,13,0,17,17291,DIX-HUIT JUIN   RUE DU,46.17705,-1.10805,Plein jour,En agglomération,Hors intersection,Normale,Autre collision,4,3,2,0,1,1,1,9,1,30,,2,1,0,0,1,54.0,,,,1,2,1,1,6
202100034075,2021-06-15 22:10:00,2021,6,15,22,10,17,17300,537 RN ECHANGEUR LA PALLICE ROCADE CHEF,46.16599,-1.19276,Nuit sans éclairage public,En agglomération,Hors intersection,Normale,Deux véhicules - côté,2,2,2,0,1,1,1,0,1,80,,3,1,0,2,0,24.0,,,,3,2,1,1,3
202100034076,2021-06-15 09:13:00,2021,6,15,9,13,17,17300,DELMAS   AVENUE MAURICE,46.15879,-1.15949,Plein jour,En agglomération,Intersection en X,Temps éblouissant,Deux véhicules - côté,4,2,2,1,1,1,1,5,1,30,,2,1,0,0,1,55.0,24.0,,,1,2,2,7,3
202100034077,2021-06-16 15:15:00,2021,6,16,15,15,14,14437,D675,49.17095,-0.309014,Plein jour,En agglomération,Giratoire,Normale,Deux véhicules - côté,3,-1,2,0,1,2,1,5,1,50,,2,1,0,0,1,87.0,24.0,,,1,2,6,1,3
202100034078,2021-06-16 18:50:00,2021,6,16,18,50,13,13103,BOULEVARD CLEMENCEAU- GEORGES,43.6412,5.09053,Plein jour,En agglomération,Hors intersection,Normale,Autre collision,4,-1,1,0,1,1,1,0,1,50,,2,1,0,0,1,39.0,,,,1,2,1,1,6
202100034079,2021-06-16 22:50:00,2021,6,16,22,50,13,13215,SAINT ANTOINE A SAINT JOSEPH (CHEMIN DE),43.36038,5.36379,Nuit avec éclairage allumé,En agglomération,Intersection en X,Normale,Deux véhicules - côté,4,2,2,0,2,2,1,5,1,50,,4,0,0,0,4,22.0,20.0,,,5,2,2,1,3
202100034080,2021-06-16 20:30:00,2021,6,16,20,30,13,13208,PRADO (AVENUE DU),43.2779239396,5.3882553419,Plein jour,En agglomération,Hors intersection,Normale,Deux véhicules - côté,4,2,6,3,1,1,1,6,1,50,,2,1,0,0,1,25.0,20.0,,,1,2,1,1,3
202100034081,2021-06-15 20:50:00,2021,6,15,20,50,13,13201,FLAMMARION (BOULEVARD)     1 A 65,43.30484,5.38822,Crépuscule ou aube,En agglomération,Hors intersection,Normale,Deux véhicules - côté,4,2,2,0,1,1,1,0,1,50,,2,1,0,1,0,17.0,,,,2,2,1,1,3
202100034082,2021-06-15 21:00:00,2021,6,15,21,0,13,13202,JOLIETTE (QUAI DE LA),43.3010777704,5.3642302752,Nuit avec éclairage allumé,En agglomération,Intersection en T,Normale,Deux véhicules - côté,4,1,1,0,1,2,1,0,1,50,,4,3,0,1,0,21.0,34.0,,,5,2,3,1,3
202100034083,2021-06-16 21:10:00,2021,6,16,21,10,06,06083,"SOLEIL (PROMENADE DU, N° 1294 ET +)",43.774767,7.505022,Crépuscule ou aube,En agglomération,Hors intersection,Normale,Autre collision,3,2,2,0,1,1,1,0,1,50,,1,0,0,0,1,53.0,,,,2,2,1,1,6
202100034084,2021-06-15 18:30:00,2021,6,15,18,30,06,06027,TUILIERES AVENUE DES,43.665317,7.15452,Plein jour,En agglomération,Hors intersection,Normale,Deux véhicules - arrière,4,2,3,0,1,1,1,0,1,50,,2,1,0,0,1,35.0,53.0,,,1,2,1,1,2
202100034085,2021-06-15 18:15:00,2021,6,15,18,15,05,05061,VARSIE  ( RUE DE ),44.57062,6.07942,Plein jour,En agglomération,Intersection en T,Normale,Autre collision,4,2,2,0,1,1,1,0,1,50,,2,1,0,0,1,57.0,60.0,,,1,2,3,1,6
202100034086,2021-06-16 19:10:00,2021,6,16,19,10,03,03185,THOMAS ( AVENUE ALBERT ),46.35363,2.58966,Plein jour,En agglomération,Intersection en X,Normale,Deux véhicules - frontale,3,2,2,0,1,1,1,5,1,50,,3,2,0,1,0,20.0,28.0,,,1,2,2,1,1
202100034087,2021-06-08 14:51:00,2021,6,8,14,51,02,02722,GAMBETTA ( BOULEVARD ),49.37645,3.3297,Plein jour,En agglomération,Giratoire,Normale,Deux véhicules - arrière,4,2,2,1,1,1,1,0,1,50,,2,1,1,0,0,62.0,40.0,,,1,2,6,1,2
202100034088,2021-06-16 17:24:00,2021,6,16,17,24,75,75116,AVENUE ALBERT DE MUN,48.863114,2.291588,Plein jour,En agglomération,Hors intersection,Normale,Autre collision,4,-1,1,0,1,1,1,6,1,20,,4,3,0,1,0,30.0,,,,1,2,1,1,6
202100034089,2021-06-16 16:55:00,2021,6,16,16,55,75,75105,RUE MONGE,48.842159,2.352066,Plein jour,En agglomération,Intersection en X,Normale,Deux véhicules - arrière,4,2,2,0,1,1,1,0,1,50,,4,2,0,0,2,30.0,22.0,,,1,2,2,1,2
202100034090,2021-06-16 11:30:00,2021,6,16,11,30,75,75119,RUE CURIAL,48.893264,2.373137,Plein jour,En agglomération,Intersection en X,Normale,Deux véhicules - côté,4,1,2,0,1,1,1,0,1,50,,2,1,0,0,1,69.0,40.0,,,1,2,2,1,3
202100034091,2021-06-16 17:50:00,2021,6,16,17,50,75,75117,AVENUE MAC MAHON,48.877527,2.294386,Plein jour,En agglomération,Hors intersection,Normale,Autre collision,4,2,3,0,2,1,1,0,1,50,,2,0,0,0,2,25.0,,,,1,2,1,1,6
202100034092,2021-06-16 17:40:00,2021,6,16,17,40,75,75117,BOULEVARD DE COURCELLES,48.88001,2.307152,Plein jour,En agglomération,Hors intersection,Normale,Deux véhicules - côté,4,1,1,0,1,1,1,0,1,30,,2,1,0,0,1,24.0,35.0,,,1,2,1,1,3
202100034093,2021-06-16 12:20:00,2021,6,16,12,20,75,75116,RUE DE LONGCHAMP,48.868024,2.275858,Plein jour,En agglomération,Hors intersection,Normale,Deux véhicules - côté,4,2,2,0,1,1,1,0,1,50,,2,1,0,0,1,42.0,64.0,,,1,2,1,1,3
202100034094,2021-06-15 11:30:00,2021,6,15,11,30,75,75116,RUE DE LA POMPE,48.871087,2.283447,Plein jour,En agglomération,Intersection en Y,Normale,Autre collision,4,1,1,0,1,1,1,0,1,50,,2,1,0,0,1,22.0,,,,1,2,4,1,6
202100034095,2021-06-16 09:45:00,2021,6,16,9,45,75,75115,RUE DES MORILLONS,48.832134,2.302995,Plein jour,En agglomération,Intersection en X,Normale,Deux véhicules - arrière,4,2,2,0,1,1,1,0,1,30,,2,1,0,0,1,20.0,20.0,,,1,2,2,1,2
202100034096,2021-06-16 16:25:00,2021,6,16,16,25,75,75113,BOULEVARD ARAGO,48.834959,2.344986,Plein jour,En agglomération,Intersection en X,Normale,Deux véhicules - côté,4,2,4,0,2,1,1,0,1,30,,2,1,0,0,1,45.0,33.0,,,1,2,2,1,3
202100034097,2021-06-15 18:05:00,2021,6,15,18,5,75,75113,BOULEVARD ARAGO,48.835632,2.348287,Plein jour,En agglomération,Intersection en X,Normale,Deux véhicules - côté,4,2,4,1,2,1,1,0,5,30,,2,1,0,0,1,40.0,36.0,,,1,2,2,1,3
202100034098,2021-06-15 12:40:00,2021,6,15,12,40,75,75113,BOULEVARD MASSENA,48.823462,2.374726,Plein jour,En agglomération,Hors intersection,Normale,Deux véhicules - côté,4,3,2,0,2,1,1,0,1,30,,2,1,0,0,1,38.0,28.0,,,1,2,1,1,3
202100034099,2021-06-16 16:10:00,2021,6,16,16,10,75,75112,BOULEVARD DE LA BASTILLE,48.847136,2.367256,Plein jour,En agglomération,Hors intersection,Normale,Autre collision,4,1,1,0,1,1,1,0,1,50,,2,1,0,0,1,,,,,1,2,1,1,6
202100034100,2021-06-16 19:30:00,2021,6,16,19,30,75,75110,QUAI DE VALMY,48.874223,2.362863,Plein jour,En agglomération,Intersection en T,Normale,Sans collision,4,1,2,1,2,1,1,0,5,30,,1,0,0,0,1,46.0,,,,1,2,3,1,7
202100034101,2021-06-16 17:45:00,2021,6,16,17,45,75,75110,RUE DU FAUBOURG SAINT MARTIN,48.8811,2.365166,Plein jour,En agglomération,Intersection en X,Normale,Deux véhicules - côté,4,2,2,0,1,1,1,0,1,50,,3,2,0,0,1,33.0,22.0,,,1,2,2,1,3
202100034102,2021-06-16 16:30:00,2021,6,16,16,30,75,75110,BOULEVARD SAINT MARTIN,48.867923,2.362358,Plein jour,En agglomération,Place,Normale,Deux véhicules - côté,4,2,6,0,1,1,1,0,1,50,,2,1,0,0,1,57.0,26.0,,,1,2,7,1,3
202100034103,2021-06-16 09:46:00,2021,6,16,9,46,75,75110,QUAI DE VALMY,48.875886,2.363848,Plein jour,En agglomération,Hors intersection,Normale,Deux véhicules - côté,4,1,1,0,2,1,1,0,1,50,,2,0,0,0,2,66.0,42.0,,,1,2,1,1,3
202100034104,2021-06-16 17:10:00,2021,6,16,17,10,75,75108,COURS LA REINE,48.864658,2.313643,Plein jour,En agglomération,Intersection en X,Normale,Deux véhicules - côté,4,3,3,0,1,1,1,0,1,50,,2,1,0,0,1,43.0,49.0,,,1,2,2,1,3
202100034105,2021-06-16 15:16:00,2021,6,16,15,16,75,75108,PLACE DE LA CONCORDE,48.866757,2.322066,Plein jour,En agglomération,Place,Normale,Trois véhicules et plus - collisions multiples,4,3,5,0,1,1,1,0,1,50,,5,4,0,0,1,45.0,61.0,,,1,2,7,1,5
202100034106,2021-06-16 14:30:00,2021,6,16,14,30,75,75116,AVENUE MARCEAU,48.866139,2.299649,Plein jour,En agglomération,Place,Normale,Deux véhicules - côté,4,2,4,3,1,1,1,0,6,50,,2,1,0,0,1,60.0,49.0,,,1,2,7,1,3
202100034107,2021-06-15 22:20:00,2021,6,15,22,20,75,75108,AVENUE GEORGE V,48.870998,2.300923,Nuit avec éclairage allumé,En agglomération,Intersection en X,Normale,Deux véhicules - côté,4,2,4,0,2,1,1,0,1,50,,2,1,0,0,1,18.0,60.0,,,5,2,2,1,3
202100034108,2021-06-16 12:00:00,2021,6,16,12,0,75,75107,RUE DUVIVIER,48.857558,2.306673,Plein jour,En agglomération,Hors intersection,Normale,Deux véhicules - côté,4,2,2,0,1,1,1,0,1,30,,2,1,0,0,1,22.0,52.0,,,1,2,1,1,3
202100034109,2021-06-16 14:00:00,2021,6,16,14,0,94,94081,Rue Eugene Henaff,48.79351,2.41219,Plein jour,En agglomération,Hors intersection,Normale,Deux véhicules - frontale,4,2,2,0,1,1,1,0,1,50,,2,1,0,0,1,52.0,56.0,,,1,2,1,1,1
202100034110,2021-06-13 17:45:00,2021,6,13,17,45,94,94081,Rue Antoine Marie Colin,48.787,2.39751,Plein jour,En agglomération,Hors intersection,Normale,Autre collision,4,1,1,0,1,1,1,0,1,50,,1,0,0,0,1,32.0,,,,1,2,1,1,6
202100034111,2021-06-16 18:30:00,2021,6,16,18,30,94,94080,LAITIERES (R DES),48.84645,2.4199,Plein jour,En agglomération,Hors intersection,Normale,Deux véhicules - côté,3,2,2,0,1,1,1,0,1,50,,4,3,0,0,1,35.0,37.0,,,1,2,1,1,3
202100034112,2021-06-15 15:20:00,2021,6,15,15,20,94,94068,Rue du Pont de Créteil,48.80057,2.47179,Plein jour,En agglomération,Hors intersection,Normale,Autre collision,3,2,2,3,1,1,1,9,6,50,,2,1,0,0,1,35.0,,,,1,2,1,1,6
202100034113,2021-06-14 17:10:00,2021,6,14,17,10,94,94068,CHATEAU (AV DU),48.79086,2.51107,Plein jour,En agglomération,Hors intersection,Normale,Autre collision,4,1,1,1,2,2,1,0,8,30,,2,1,0,0,1,86.0,,,,1,2,1,1,6
202100034114,2021-06-16 18:10:00,2021,6,16,18,10,94,94033,Rue des 4 Ruelles,48.855891,2.457526,Plein jour,En agglomération,Intersection à plus de 4 branches,Normale,Deux véhicules - côté,3,2,2,2,1,3,1,0,1,50,,2,1,0,0,1,,63.0,,,1,2,5,1,3
202100034115,2021-06-06 17:00:00,2021,6,6,17,0,94,94033,Avenue Louison Bobet,48.852574,2.490785,Plein jour,En agglomération,Intersection en X,Normale,Deux véhicules - arrière,3,-1,2,0,1,1,1,0,1,30,,4,3,0,0,1,55.0,21.0,,,1,2,2,1,2
202100034116,2021-06-16 18:40:00,2021,6,16,18,40,94,94054,Avenue de la Victoire,48.74542,2.40253,Plein jour,En agglomération,Autre intersection,Normale,Deux véhicules - arrière,3,2,2,0,2,1,1,9,1,50,,3,1,0,1,1,18.0,50.0,,,1,2,9,1,2
202100034117,2021-06-16 08:40:00,2021,6,16,8,40,93,93049,Avenue du Maréchal Foch / Avenue Georges Clémenceau,48.86245,2.50446,Plein jour,En agglomération,Intersection en X,Normale,Deux véhicules - côté,3,1,2,0,1,1,1,0,1,50,,2,1,0,0,1,39.0,37.0,,,1,2,2,1,3
202100034118,2021-06-16 18:30:00,2021,6,16,18,30,93,93048,CHANZY S3 (BOULEVARD),48.859241,2.425198,Plein jour,En agglomération,Hors intersection,Normale,Deux véhicules - côté,3,1,1,1,1,1,1,9,5,50,,2,1,0,1,0,29.0,47.0,,,1,2,1,1,3
202100034119,2021-06-16 14:46:00,2021,6,16,14,46,93,93048,PARIS (RUE DE),48.8563656595,2.4267581105,Plein jour,En agglomération,Hors intersection,Normale,Autre collision,3,2,2,0,1,1,1,0,1,50,,2,1,1,0,0,70.0,,,,1,2,1,1,6
202100034120,2021-06-16 14:10:00,2021,6,16,14,10,93,93048,Rue Rapatel / Rue Colmet Lépinay,48.855,2.4429,Plein jour,En agglomération,Intersection en X,Normale,Deux véhicules - côté,4,1,1,0,1,1,1,0,1,50,,3,1,0,0,2,45.0,16.0,,,1,2,2,1,3
202100034121,2021-06-16 13:45:00,2021,6,16,13,45,93,93063,Route de Noisy-le-Sec,48.895238,2.427606,Plein jour,En agglomération,Hors intersection,Normale,Autre collision,3,2,2,0,1,1,1,0,1,50,,2,1,0,0,1,45.0,,,,1,2,1,1,6
202100034122,2021-06-12 21:50:00,2021,6,12,21,50,93,93027,VERLAINE (PLACE PAUL),48.932557,2.391002,Crépuscule ou aube,En agglomération,Hors intersection,Normale,Autre collision,4,2,0,0,1,1,1,0,1,50,,2,1,0,0,1,,,,,2,2,1,1,6
202100034123,2021-06-15 11:00:00,2021,6,15,11,0,93,93027,JAURES (AVENUE JEAN),48.92235,2.40708,Plein jour,En agglomération,Intersection en T,Normale,Deux véhicules - arrière,3,1,2,1,1,1,1,0,1,50,,3,2,0,0,1,43.0,45.0,,,1,2,3,1,2
202100034124,2021-06-16 14:45:00,2021,6,16,14,45,93,93005,Rue Jacques Duclos,48.947768,2.491266,Plein jour,En agglomération,Autre intersection,Normale,Deux véhicules - côté,3,3,6,0,1,1,1,5,1,50,,3,1,0,1,1,42.0,54.0,,,1,2,9,1,3
202100034125,2021-06-16 19:00:00,2021,6,16,19,0,93,93005,Avenue Paul Langevin,48.925071,2.495381,Plein jour,En agglomération,Autre intersection,Normale,Autre collision,4,1,1,0,3,1,1,0,1,50,,2,1,0,0,1,44.0,,,,1,2,9,1,6
202100034126,2021-06-16 10:25:00,2021,6,16,10,25,93,93001,JEAN JAURES (AVE) 55 A 129,48.9051,2.39349,Plein jour,En agglomération,Hors intersection,Normale,Autre collision,3,3,4,0,1,1,1,0,1,50,,2,1,0,0,1,42.0,,,,1,2,1,1,6
202100034127,2021-06-16 17:30:00,2021,6,16,17,30,92,92064,GOUNOD,48.842852,2.211924,Plein jour,En agglomération,Hors intersection,Normale,Autre collision,3,2,2,0,1,1,1,0,1,50,,3,1,0,0,2,54.0,,,,1,2,1,1,6
202100034128,2021-06-16 21:50:00,2021,6,16,21,50,92,92044,DANTON(RUE) 1A73 ET 2A88,48.8880507939,2.2861848772,Crépuscule ou aube,En agglomération,Intersection en X,Normale,Autre collision,4,1,2,1,1,1,1,0,1,50,,2,1,0,0,1,85.0,,,,2,2,2,1,6
202100034129,2021-06-16 17:15:00,2021,6,16,17,15,92,92040,GAMBETTA (BOULEVARD),48.82754,2.27622,Plein jour,En agglomération,Intersection en T,Normale,Deux véhicules - côté,3,2,2,0,1,1,1,0,1,30,,2,1,0,0,1,25.0,,,,1,2,3,1,3
202100034130,2021-06-13 13:15:00,2021,6,13,13,15,92,92040,PONCEAU (DU),48.8206293711,2.2469602525,Plein jour,En agglomération,Intersection en X,Normale,Deux véhicules - côté,3,1,1,0,1,1,1,0,1,50,,3,2,0,0,1,26.0,31.0,,,1,2,2,1,3
202100034131,2021-06-16 15:30:00,2021,6,16,15,30,92,92036,GENEAL DE GAULLE (AVENUE) (1/41),48.934335,2.317671,Plein jour,En agglomération,Hors intersection,Normale,Autre collision,6,-1,-1,0,1,1,1,0,1,20,,2,1,0,0,1,29.0,,,,1,2,1,1,6
202100034132,2021-06-15 17:29:00,2021,6,15,17,29,92,92036,GRESILLONS (AVENUE DES) (103/139),48.916365,2.304926,Plein jour,En agglomération,Intersection en X,Normale,Trois véhicules et plus - collisions multiples,3,2,2,0,1,1,1,0,1,50,,4,2,0,0,2,50.0,51.0,,,1,2,2,1,5
202100034133,2021-06-16 18:00:00,2021,6,16,18,0,92,92012,ANDRE MORIZET (AVENUE) - 49/FIN - 54/FIN,48.8403285866,2.2293823957,Plein jour,En agglomération,Hors intersection,Normale,Deux véhicules - arrière,4,1,3,3,1,1,1,9,8,50,,2,1,0,0,1,69.0,31.0,,,1,2,1,1,2
202100034134,2021-06-15 12:00:00,2021,6,15,12,0,92,92012,COURS DE L'ILE SEGUIN,48.8284395523,2.2357610354,Plein jour,En agglomération,Hors intersection,Normale,Trois véhicules et plus - collisions multiples,4,1,1,0,1,1,1,0,1,50,,3,2,0,0,1,27.0,85.0,,,1,2,1,1,5
202100034135,2021-06-15 20:46:00,2021,6,15,20,46,92,92007,MATHURINS (RUE DES),48.7940995572,2.3064877121,Crépuscule ou aube,En agglomération,Hors intersection,Normale,Deux véhicules - côté,4,2,2,0,1,1,1,0,8,50,,2,0,0,0,2,23.0,40.0,,,2,2,1,1,3
202100034136,2021-06-16 14:30:00,2021,6,16,14,30,92,92025,ORGEMONT  ( AVENUE D' ),48.9321781309,2.2728274763,Plein jour,En agglomération,Intersection en T,Normale,Deux véhicules - côté,4,2,0,0,1,1,1,0,1,50,,2,1,0,0,1,18.0,24.0,,,1,2,3,1,3
202100034137,2021-06-13 23:50:00,2021,6,13,23,50,92,92036,BAS ( RUE DES ),48.9191165847,2.290260646,Nuit avec éclairage allumé,En agglomération,Intersection en T,Normale,Deux véhicules - côté,3,2,4,0,1,1,1,0,1,50,,2,1,0,0,1,24.0,43.0,,,5,2,3,1,3
202100034138,2021-06-17 20:30:00,2021,6,17,20,30,50,50199,La Perame,48.694176,-1.478455,Plein jour,Hors agglomération,Hors intersection,Normale,Autre collision,3,2,2,0,1,1,1,0,1,80,,1,0,0,1,0,22.0,,,,1,1,1,1,6
202100034139,2021-06-14 17:30:00,2021,6,14,17,30,71,71498,D981,46.622587283,4.6829202015,Plein jour,Hors agglomération,Hors intersection,Autre,Deux véhicules - côté,3,2,2,0,1,1,1,0,1,80,,2,1,0,0,1,52.0,27.0,,,1,1,1,9,3
202100034140,2021-06-17 12:10:00,2021,6,17,12,10,06,06044,1530 Route de Cagnes,43.672665,7.120795,Plein jour,En agglomération,Intersection en T,Normale,Deux véhicules - côté,3,2,2,1,1,1,1,0,1,50,,2,1,0,1,0,22.0,40.0,,,1,2,3,1,3
202100034141,2021-06-16 17:00:00,2021,6,16,17,0,28,28173,RD32,48.461144,1.542866,Plein jour,Hors agglomération,Hors intersection,Normale,Trois véhicules et plus - collisions multiples,3,2,2,0,2,1,1,0,1,80,,3,2,0,1,0,81.0,64.0,,,1,1,1,1,5
202100034142,2021-06-17 16:40:00,2021,6,17,16,40,12,12064,D921,44.594333,2.797029,Plein jour,Hors agglomération,Hors intersection,Pluie légère,Deux véhicules - frontale,3,2,2,0,1,2,2,0,1,90,,2,0,0,1,1,48.0,28.0,,,1,1,1,2,1
202100034143,2021-06-15 09:30:00,2021,6,15,9,30,01,01143,390 Rue d Arbère,46.347774,6.128126,Plein jour,En agglomération,Hors intersection,Normale,Deux véhicules - côté,4,2,2,0,1,1,1,8,1,30,,2,1,0,1,0,72.0,71.0,,,1,2,1,1,3
202100034144,2021-06-16 14:45:00,2021,6,16,14,45,22,22032,Recouvrance,48.290635,-2.206337,Plein jour,Hors agglomération,Intersection en X,Normale,Deux véhicules - côté,3,2,2,0,1,1,1,0,1,80,,2,0,0,1,1,60.0,51.0,,,1,1,2,1,3
202100034145,2021-06-16 13:05:00,2021,6,16,13,5,41,41199,D108,47.702311,0.991108,Plein jour,Hors agglomération,Autre intersection,Normale,Deux véhicules - frontale,3,3,2,0,1,2,1,0,1,80,,2,0,0,1,1,22.0,45.0,,,1,1,9,1,1
202100034146,2021-06-16 23:35:00,2021,6,16,23,35,34,34077,RD21,43.651188,3.897561,Nuit sans éclairage public,Hors agglomération,Hors intersection,Normale,Sans collision,7,3,2,0,2,1,1,0,3,70,,1,0,0,1,0,49.0,,,,3,1,1,1,7
202100034147,2021-06-16 11:30:00,2021,6,16,11,30,19,19154,D3,45.328436,1.456075,Plein jour,Hors agglomération,Hors intersection,Normale,Sans collision,3,2,2,0,1,2,1,0,3,90,,1,0,0,1,0,68.0,,,,1,1,1,1,7
202100034148,2021-06-16 10:55:00,2021,6,16,10,55,19,19191,la draperie,45.095258069,1.4264815562,Plein jour,Hors agglomération,Hors intersection,Temps éblouissant,Autre collision,3,2,2,0,1,1,1,0,1,70,,2,0,0,0,2,25.0,,,,1,1,1,7,6
202100034149,2021-06-14 16:21:00,2021,6,14,16,21,65,65460,RD935,43.411719,0.052174,Plein jour,Hors agglomération,Hors intersection,Normale,Trois véhicules et plus - en chaîne,3,2,2,0,1,1,1,0,1,90,,5,4,0,1,0,20.0,57.0,,,1,1,1,1,4
202100034150,2021-06-15 14:15:00,2021,6,15,14,15,61,61232,Oissel Sud,48.627218,-0.662881,Plein jour,Hors agglomération,Intersection en Y,Temps éblouissant,Sans collision,3,2,2,0,2,2,1,0,3,80,,1,0,0,1,0,80.0,,,,1,1,4,7,7
202100034151,2021-06-16 16:30:00,2021,6,16,16,30,42,42150,Route de St Etienne le Molard,45.7172565397,4.0801440328,Plein jour,Hors agglomération,Hors intersection,Normale,Deux véhicules - frontale,4,2,2,0,1,2,1,0,1,70,,2,0,0,0,2,42.0,23.0,,,1,1,1,1,1
202100034152,2021-05-31 12:10:00,2021,5,31,12,10,34,34180,cd609,43.608287,3.4364,Plein jour,En agglomération,Hors intersection,Normale,Trois véhicules et plus - collisions multiples,3,2,2,0,2,1,1,0,1,50,,4,3,0,1,0,79.0,66.0,,,1,2,1,1,5
202100034153,2021-06-15 20:45:00,2021,6,15,20,45,25,25115,Chemin du Grand Mont,47.245423,5.895903,Crépuscule ou aube,Hors agglomération,Hors intersection,Normale,Deux véhicules - arrière,4,2,2,0,1,1,1,0,1,50,,2,1,0,0,1,17.0,17.0,,,2,1,1,1,2
202100034154,2021-06-16 12:10:00,2021,6,16,12,10,31,31108,D5f,43.210326,0.702385,Plein jour,En agglomération,Hors intersection,Normale,Sans collision,3,2,2,0,1,3,1,0,1,80,,1,0,0,1,0,75.0,,,,1,2,1,1,7
202100034155,2021-06-13 11:40:00,2021,6,13,11,40,38,38022,D1075,45.634642,5.524181,Plein jour,En agglomération,Autre intersection,Normale,Deux véhicules - arrière,3,2,2,0,1,1,1,0,8,50,,3,2,0,1,0,51.0,68.0,,,1,2,9,1,2
202100034156,2021-06-16 16:50:00,2021,6,16,16,50,01,01307,Route de Lyon,46.159769,5.57009,Plein jour,En agglomération,Hors intersection,Normale,Deux véhicules - arrière,3,2,2,0,1,1,9,8,1,30,,3,1,0,0,2,20.0,62.0,,,1,2,1,1,2
202100034157,2021-06-16 17:40:00,2021,6,16,17,40,06,06090,Avenue de Grasse,43.594635,6.926451,Plein jour,En agglomération,Giratoire,Normale,Deux véhicules - côté,3,2,2,0,1,2,1,0,1,50,,2,1,0,1,0,49.0,80.0,,,1,2,6,1,3