accident_id,datetime,annee,mois,jour,heure,minute,departement,commune_insee,adresse,latitude,longitude,luminosite,agglomeration,intersection,meteo,collision,catr,circ,nbv,vosp,prof,plan,surf,infra,situ,vma,nb_vehicules,nb_usagers,nb_indemnes,nb_tues,nb_blesses_hosp,nb_blesses_legers,age_cond_1,age_cond_2,veh_type_cond_1,veh_type_cond_2,lum_code,agg_code,int_code,atm_code,col_code
202100034158,2021-06-12 21:00:00,2021,6,12,21,0,14,14504,Chemin des Cheminees,49.207669,0.331187,Plein jour,En agglomération,Hors intersection,Normale,Autre collision,4,2,1,0,1,1,1,0,1,50,,2,0,0,0,2,41.0,,,,1,2,1,1,6
202100034159,2021-06-15 04:30:00,2021,6,15,4,30,45,45093,166 Rue du Couvent,48.038553,1.911932,Nuit sans éclairage public,En agglomération,Hors intersection,Normale,Autre collision,3,2,2,0,1,2,1,0,4,50,,2,0,0,2,0,26.0,,,,3,2,1,1,6
202100034160,2021-06-17 10:05:00,2021,6,17,10,5,18,18197,Avenue Jean Jaurès,46.725573,2.494245,Plein jour,En agglomération,Hors intersection,Normale,Autre collision,3,2,2,0,1,1,1,0,1,50,,2,1,0,1,0,77.0,,,,1,2,1,1,6
202100034161,2021-06-16 11:10:00,2021,6,16,11,10,28,28089,2 Rue du Général de Gaulle,48.578879,1.244322,Plein jour,En agglomération,Hors intersection,Normale,Deux véhicules - arrière,3,2,2,0,1,1,1,0,1,50,,2,1,0,1,0,34.0,64.0,,,1,2,1,1,2
202100034162,2021-06-15 13:08:00,2021,6,15,13,8,17,17482,D115,46.150033,-0.809587,Plein jour,Hors agglomération,Intersection en X,Normale,Deux véhicules - côté,3,2,2,0,1,1,1,0,1,80,,2,1,0,0,1,62.0,25.0,,,1,1,2,1,3
202100034163,2021-06-16 12:30:00,2021,6,16,12,30,23,23031,avenue d'auvergne,46.347446,2.221851,Plein jour,En agglomération,Hors intersection,Normale,Autre collision,3,2,2,0,1,1,1,0,1,50,,1,0,0,1,0,37.0,,,,1,2,1,1,6
202100034164,2021-06-16 14:45:00,2021,6,16,14,45,87,87203,Lieu-dit Lardimalie,45.630005,1.441805,Plein jour,Hors agglomération,Hors intersection,Normale,Deux véhicules - arrière,3,2,2,0,2,1,1,0,1,80,,2,1,0,0,1,15.0,34.0,,,1,1,1,1,2
202100034165,2021-06-04 18:54:00,2021,6,4,18,54,37,37113,Moizay,46.9263315153,0.774393564,Plein jour,Hors agglomération,Hors intersection,Normale,Sans collision,4,2,2,0,1,1,1,0,3,80,,2,1,0,0,1,48.0,,,,1,1,1,1,7
202100034166,2021-06-15 19:05:00,2021,6,15,19,5,37,37062,La Vallière,47.5407883977,0.3139535266,Plein jour,Hors agglomération,Hors intersection,Normale,Sans collision,3,2,2,0,2,2,1,0,1,80,,1,0,0,1,0,41.0,,,,1,1,1,1,7
202100034167,2021-06-16 07:15:00,2021,6,16,7,15,52,52278,D15,48.161935,4.944727,Plein jour,Hors agglomération,Hors intersection,Temps éblouissant,Deux véhicules - côté,3,2,2,0,2,1,1,0,1,80,,2,1,0,0,1,23.0,35.0,,,1,1,1,7,3
202100034168,2021-06-15 10:10:00,2021,6,15,10,10,65,65101,A64 PK154+050,43.197339,0.214555,Plein jour,Hors agglomération,Hors intersection,Normale,Deux véhicules - arrière,1,3,4,0,3,1,1,8,1,90,,2,1,0,0,1,21.0,69.0,,,1,1,1,1,2
202100034169,2021-05-19 09:50:00,2021,5,19,9,50,79,79189,,46.408688,-0.143595,Plein jour,Hors agglomération,Hors intersection,Pluie légère,Sans collision,1,3,4,0,1,1,2,0,1,130,,1,0,1,0,0,72.0,,,,1,1,1,2,7
202100034170,2021-06-17 09:20:00,2021,6,17,9,20,13,13060,A8 PK028.100 sens NICE-AIX,43.486961,5.531573,Plein jour,Hors agglomération,Hors intersection,Normale,Deux véhicules - côté,1,3,5,0,1,1,1,0,1,110,,2,1,0,0,1,46.0,22.0,,,1,1,1,1,3
202100034171,2021-06-16 16:30:00,2021,6,16,16,30,06,06088,"A8, PK 200.100 chaussée sud",43.734081,7.287143,Plein jour,Hors agglomération,Hors intersection,Normale,Trois véhicules et plus - en chaîne,1,3,5,0,2,1,1,3,1,50,,5,4,0,0,1,31.0,58.0,,,1,1,1,1,4
202100034172,2021-06-17 08:55:00,2021,6,17,8,55,49,49129,A87n,47.496981,-0.499942,Plein jour,Hors agglomération,Hors intersection,Normale,Trois véhicules et plus - en chaîne,1,3,4,0,1,1,1,0,1,90,,5,4,0,0,1,49.0,60.0,,,1,1,1,1,4
202100034173,2021-06-14 18:30:00,2021,6,14,18,30,988,98805,VE2 - SENS SUD/NORD - PK 10,-22.165627,166.397166,Nuit sans éclairage public,Hors agglomération,Hors intersection,Normale,Trois véhicules et plus - en chaîne,1,3,4,0,1,1,1,0,1,110,,8,5,0,2,1,51.0,,,,3,1,1,1,4
202100034174,2021-06-16 16:30:00,2021,6,16,16,30,77,77415,D603,48.951606,3.044243,Plein jour,Hors agglomération,Hors intersection,Normale,Deux véhicules - frontale,3,2,2,0,1,1,1,9,3,80,,3,0,0,1,2,39.0,19.0,,,1,1,1,1,1
202100034175,2021-06-16 15:10:00,2021,6,16,15,10,78,78128,D24,48.674056,1.961644,Plein jour,Hors agglomération,Intersection en X,Normale,Deux véhicules - côté,3,3,1,0,1,1,1,0,1,50,,2,1,0,1,0,35.0,21.0,,,1,1,2,1,3
202100034176,2021-06-13 17:05:00,2021,6,13,17,5,78,78668,N13,49.021706,1.499655,Plein jour,Hors agglomération,Intersection en T,Normale,Deux véhicules - frontale,1,1,1,0,1,1,1,3,1,50,,5,3,0,1,1,26.0,78.0,,,1,1,3,1,1
202100034177,2021-06-14 09:35:00,2021,6,14,9,35,84,84026,Route de Pertuis,43.7225851687,5.392870903,Plein jour,Hors agglomération,Intersection en T,Normale,Deux véhicules - frontale,3,2,2,0,1,1,1,5,1,80,,2,1,0,0,1,62.0,61.0,,,1,1,3,1,1
202100034178,2021-06-17 05:45:00,2021,6,17,5,45,89,89255,A5,48.318493,3.236203,Plein jour,Hors agglomération,Hors intersection,Normale,Deux véhicules - arrière,1,3,4,0,2,1,1,0,1,130,,3,1,0,0,2,33.0,51.0,,,1,1,1,1,2
202100034179,2021-06-16 12:30:00,2021,6,16,12,30,71,71342,Route de l Aerodrome,46.45806,4.128703,Plein jour,Hors agglomération,Hors intersection,Temps éblouissant,Sans collision,4,2,2,0,3,2,1,0,1,80,,5,0,0,2,3,18.0,,,,1,1,1,7,7
202100034180,2021-06-17 06:47:00,2021,6,17,6,47,68,68063,Route Nationale 83,47.794934,7.186035,Plein jour,Hors agglomération,Autre intersection,Normale,Deux véhicules - arrière,3,1,2,0,1,1,1,3,1,110,,2,1,0,1,0,47.0,19.0,,,1,1,9,1,2
202100034181,2021-04-13 17:30:00,2021,4,13,17,30,67,67131,Rue des Fusiliers Marins,48.489545,7.729574,Plein jour,En agglomération,Hors intersection,Normale,Deux véhicules - arrière,7,2,3,0,1,1,1,0,1,50,,3,2,0,0,1,30.0,39.0,,,1,2,1,1,2
202100034182,2021-06-16 18:00:00,2021,6,16,18,0,57,57095,26 Rue de Porcelette,49.141966,6.611439,Plein jour,En agglomération,Hors intersection,Normale,Sans collision,3,2,2,0,1,2,1,0,1,50,,5,3,0,0,2,,39.0,,,1,2,1,1,7
202100034183,2021-06-16 15:10:00,2021,6,16,15,10,73,73306,D902,45.0899722081,6.4312076569,Plein jour,Hors agglomération,Hors intersection,Normale,Sans collision,3,2,2,0,3,2,1,0,1,80,,1,0,0,1,0,43.0,,,,1,1,1,1,7
202100034184,2021-06-16 19:30:00,2021,6,16,19,30,07,07293,Route du Belvédère,44.976411,4.79859,Plein jour,En agglomération,Hors intersection,Normale,Deux véhicules - frontale,3,2,2,0,1,1,1,0,1,30,,2,1,0,1,0,24.0,34.0,,,1,2,1,1,1
202100034185,2021-06-16 16:50:00,2021,6,16,16,50,31,31048,Le Pigne,43.450199,1.629557,Plein jour,Hors agglomération,Giratoire,Normale,Deux véhicules - frontale,3,2,2,0,1,1,1,5,1,-1,,3,1,0,2,0,20.0,78.0,,,1,1,6,1,1
202100034186,2021-06-16 16:15:00,2021,6,16,16,15,44,44205,D23,47.436281,-1.459726,Plein jour,Hors agglomération,Hors intersection,Normale,Deux véhicules - frontale,3,2,2,0,1,1,1,0,1,50,,2,1,0,1,0,78.0,28.0,,,1,1,1,1,1
202100034187,2021-06-13 11:30:00,2021,6,13,11,30,29,29220,Rue Pen Enez,47.867964,-4.219603,Plein jour,En agglomération,Autre intersection,Normale,Autre collision,4,2,2,0,3,3,1,0,8,50,,1,0,0,1,0,27.0,,,,1,2,9,1,6
202100034188,2021-06-16 22:50:00,2021,6,16,22,50,60,60589,Rue de Valmy,49.233787,2.466986,Nuit avec éclairage allumé,En agglomération,Hors intersection,Normale,Autre collision,6,-1,-1,0,1,1,1,9,8,30,,2,1,0,1,0,22.0,,,,5,2,1,1,6
202100034189,2021-06-17 14:45:00,2021,6,17,14,45,60,60462,60 Rue de Calais,49.33635,2.19725,Plein jour,En agglomération,Hors intersection,Normale,Deux véhicules - côté,3,2,0,0,2,1,1,0,1,50,,2,1,0,0,1,37.0,33.0,,,1,2,1,1,3
202100034190,2021-06-17 15:00:00,2021,6,17,15,0,60,60395,Allee Louis Lumiere,49.222163,2.128227,Plein jour,En agglomération,Hors intersection,Normale,Autre collision,4,2,2,0,1,1,1,0,1,50,,2,1,0,1,0,34.0,,,,1,2,1,1,6
202100034191,2021-06-16 18:10:00,2021,6,16,18,10,13,13215,A7-Sens Lyon vers Marseille,43.35053,5.368,Plein jour,Hors agglomération,Hors intersection,Normale,Deux véhicules - arrière,1,1,0,0,1,1,1,0,1,90,,4,2,0,0,2,50.0,22.0,,,1,1,1,1,2
202100034192,2021-06-13 01:46:00,2021,6,13,1,46,13,13019,A51-Sens Marseille vers Aix en Provence,43.42352,5.37279,Nuit sans éclairage public,Hors agglomération,Hors intersection,Normale,Trois véhicules et plus - en chaîne,1,3,3,0,1,1,1,0,1,90,,5,1,0,1,3,22.0,27.0,,,3,1,1,1,4
202100034193,2021-06-16 15:20:00,2021,6,16,15,20,13,13055,A507 sens Marseille - Aubagne,43.29616,5.42553,Plein jour,Hors agglomération,Hors intersection,Normale,Deux véhicules - arrière,1,1,3,0,1,1,1,1,1,70,,3,1,0,0,2,55.0,28.0,,,1,1,1,1,2
202100034194,2021-06-15 23:25:00,2021,6,15,23,25,01,01275,A42 4.020 A 4.329   LYON/GEN,45.810011,4.935234,Nuit sans éclairage public,Hors agglomération,Hors intersection,Normale,Sans collision,1,3,3,0,2,3,1,0,1,90,,1,0,0,1,0,30.0,,,,3,1,1,1,7
202100034195,2021-06-15 20:00:00,2021,6,15,20,0,33,33143,,44.965799,-0.439371,Plein jour,Hors agglomération,Hors intersection,Normale,Autre collision,1,3,6,0,1,1,1,0,1,130,,4,3,0,0,1,68.0,25.0,,,1,1,1,1,6
202100034196,2021-06-16 09:26:00,2021,6,16,9,26,91,91645,RN 385 INT,48.75976,2.26964,Plein jour,Hors agglomération,Hors intersection,Normale,Deux véhicules - arrière,2,3,3,0,1,1,1,0,1,110,,2,1,0,0,1,55.0,43.0,,,1,1,1,1,2
202100034197,2021-06-16 09:10:00,2021,6,16,9,10,92,92019,RN 385 INT,48.7615123684,2.2509306929,Plein jour,Hors agglomération,Hors intersection,Normale,Deux véhicules - côté,2,3,2,0,1,2,1,0,1,90,,2,1,0,0,1,37.0,34.0,,,1,1,1,1,3
202100034198,2021-06-16 07:30:00,2021,6,16,7,30,94,94021,AUTOROUTE A6B,48.76012,2.33887,Plein jour,Hors agglomération,Hors intersection,Normale,Trois véhicules et plus - en chaîne,1,1,2,0,1,1,1,0,1,110,,3,1,0,0,2,41.0,46.0,,,1,1,1,1,4
202100034199,2021-06-16 15:55:00,2021,6,16,15,55,78,78640,RN12 INT,48.781257,2.170364,Plein jour,Hors agglomération,Hors intersection,Normale,Trois véhicules et plus - en chaîne,2,3,3,0,1,1,1,0,1,110,,5,4,0,0,1,42.0,31.0,,,1,1,1,1,4
202100034200,2021-06-16 10:45:00,2021,6,16,10,45,78,78402,A13,48.964135,1.774099,Plein jour,Hors agglomération,Hors intersection,Normale,Autre collision,1,1,3,0,1,1,1,0,1,110,,1,0,0,0,1,21.0,,,,1,1,1,1,6
202100034201,2021-06-16 10:10:00,2021,6,16,10,10,93,93008,AUTOROUTE A86,48.90948,2.44641,Plein jour,Hors agglomération,Hors intersection,Normale,Deux véhicules - arrière,1,3,6,0,1,1,1,1,1,90,,2,1,0,0,1,42.0,26.0,,,1,1,1,1,2
202100034202,2021-06-15 21:30:00,2021,6,15,21,30,93,93010,AUTOROUTE A3,48.90173,2.4704,Crépuscule ou aube,Hors agglomération,Hors intersection,Normale,Trois véhicules et plus - collisions multiples,1,3,6,0,1,1,1,9,1,90,,5,2,0,0,3,25.0,25.0,,,2,1,1,1,5
202100034203,2021-04-05 09:50:00,2021,4,5,9,50,14,14012,Le Mesnil Da,49.250776,-0.038624,Plein jour,En agglomération,Hors intersection,Normale,Autre collision,3,2,2,0,2,1,1,0,1,80,,1,0,0,0,1,49.0,,,,1,2,1,1,6
202100034204,2021-06-15 09:35:00,2021,6,15,9,35,75,75116,AVENUE DE L HIPPODROME,48.858381,2.256647,Plein jour,En agglomération,Hors intersection,Normale,Autre collision,4,2,3,0,1,1,1,0,1,50,,2,1,0,0,1,34.0,,,,1,2,1,1,6
202100034205,2021-06-15 17:20:00,2021,6,15,17,20,75,75114,RUE RAYMOND LOSSERAND,48.834521,2.319202,Plein jour,En agglomération,Hors intersection,Normale,Autre collision,4,1,1,0,1,1,1,0,1,30,,2,1,0,0,1,75.0,,,,1,2,1,1,6
202100034206,2021-03-24 11:20:00,2021,3,24,11,20,85,85194,VENDEE GLOBE (BOULEVARD DU),46.49971,-1.75692,Plein jour,En agglomération,Intersection en X,Normale,Deux véhicules - côté,4,2,2,0,1,1,1,0,5,50,,2,1,0,0,1,87.0,86.0,,,1,2,2,1,3
202100034207,2021-03-12 19:33:00,2021,3,12,19,33,19,19272,République (Quai),45.2671255977,1.7714520377,Crépuscule ou aube,En agglomération,Hors intersection,Temps couvert,Autre collision,4,1,1,0,1,1,2,0,4,30,,1,0,0,0,1,20.0,,,,2,2,1,8,6
202100034208,2021-06-15 06:20:00,2021,6,15,6,20,976,97610,Hauts Vallons - Majicavo ( rue des),-12.75569,45.23339,Plein jour,Hors agglomération,Intersection en X,Normale,Deux véhicules - côté,2,2,0,0,1,1,1,0,1,50,,2,1,0,0,1,32.0,31.0,,,1,1,2,1,3
202100034209,2021-06-15 07:30:00,2021,6,15,7,30,974,97411,PROVIDENCE (BOULEVARD DE LA),-20.8913,55.45445,Plein jour,En agglomération,Hors intersection,Pluie légère,Deux véhicules - arrière,4,1,2,0,1,1,2,0,1,50,,2,1,0,0,1,21.0,41.0,,,1,2,1,2,2
202100034210,2021-06-13 10:00:00,2021,6,13,10,0,974,97411,EUCALYPTUS (ROUTE DES),-20.88769,55.43451,Plein jour,Hors agglomération,Hors intersection,Pluie légère,Deux véhicules - côté,3,2,2,0,2,2,2,0,1,50,,5,0,0,0,5,29.0,41.0,,,1,1,1,2,3
202100034211,2021-06-14 11:20:00,2021,6,14,11,20,974,97407,08 MARS(RUE DU),-20.94075,55.29992,Plein jour,En agglomération,Hors intersection,Normale,Autre collision,4,2,2,0,1,1,1,0,1,50,,2,1,0,0,1,57.0,22.0,,,1,2,1,1,6
202100034212,2021-06-15 13:25:00,2021,6,15,13,25,973,97302,BADUEL (ROUTE DE),4.9291801871,-52.3018352418,Plein jour,En agglomération,Hors intersection,Normale,Deux véhicules - côté,3,2,2,2,1,1,1,0,1,50,,2,1,0,0,1,38.0,21.0,,,1,2,1,1,3
202100034213,2021-06-12 19:05:00,2021,6,12,19,5,973,97302,FLAMBOYANTS (RUE DES),4.92454,-52.31791,Nuit avec éclairage allumé,En agglomération,Intersection en X,Normale,Trois véhicules et plus - collisions multiples,4,2,2,0,1,1,1,0,1,50,,4,2,0,2,0,31.0,35.0,,,5,2,2,1,5
202100034214,2021-06-15 22:10:00,2021,6,15,22,10,69,69386,BELGES (DES) (BD),45.7701,4.85702,Nuit avec éclairage allumé,En agglomération,Intersection à plus de 4 branches,Normale,Deux véhicules - côté,4,2,2,3,1,1,1,0,1,50,,2,1,0,0,1,,20.0,,,5,2,5,1,3
202100034215,2021-06-15 18:15:00,2021,6,15,18,15,69,69259,FERNAND PELLOUTIER (R),45.68963,4.9011,Plein jour,Hors agglomération,Intersection en X,Normale,Deux véhicules - côté,4,2,2,0,1,1,1,0,1,50,,2,1,0,0,1,,65.0,,,1,1,2,1,3
202100034216,2021-06-15 13:10:00,2021,6,15,13,10,69,69387,CHALOPIN (R),45.75103,4.84374,Plein jour,En agglomération,Intersection en X,Normale,Deux véhicules - côté,4,1,1,0,1,1,1,0,1,30,,2,1,0,0,1,29.0,46.0,,,1,2,2,1,3
202100034217,2021-06-14 21:13:00,2021,6,14,21,13,972,97213,AUTOROUTE A1,14.61759,-61.0184,Nuit avec éclairage allumé,Hors agglomération,Hors intersection,Normale,Trois véhicules et plus - collisions multiples,1,1,6,3,1,1,1,0,1,90,,5,2,0,0,3,43.0,23.0,,,5,1,1,1,5
202100034218,2021-06-15 23:50:00,2021,6,15,23,50,69,69389,JOANNES MASSET (AV),45.77136,4.7999,Nuit avec éclairage allumé,En agglomération,Hors intersection,Normale,Autre collision,4,2,2,2,1,2,1,0,1,50,,2,1,0,0,1,,,,,5,2,1,1,6
202100034219,2021-06-15 09:40:00,2021,6,15,9,40,69,69034,GENERAL DE GAULLE (AV),45.80551,4.85385,Plein jour,En agglomération,Hors intersection,Normale,Autre collision,7,2,2,0,1,1,1,0,1,50,,2,1,0,0,1,21.0,,,,1,2,1,1,6
202100034220,2021-06-15 08:45:00,2021,6,15,8,45,69,69381,SAINT VINCENT (Q),45.76845,4.82602,Plein jour,En agglomération,Intersection en T,Normale,Deux véhicules - côté,4,1,1,3,1,1,1,5,1,50,,2,1,0,0,1,27.0,47.0,,,1,2,3,1,3
202100034221,2021-06-15 08:45:00,2021,6,15,8,45,971,97101,ROUTE DES ABYMES,16.2392606524,-61.5238022804,Plein jour,En agglomération,Giratoire,Normale,Deux véhicules - côté,2,-1,2,0,1,1,1,9,1,50,,2,1,0,0,1,33.0,69.0,,,1,2,6,1,3
202100034222,2021-06-14 08:40:00,2021,6,14,8,40,91,91021,DIVISION LECLERC (AVENUE DE LA),48.596272,2.246106,Plein jour,En agglomération,Autre intersection,Normale,Deux véhicules - arrière,3,1,2,0,1,3,1,9,8,50,,2,1,0,0,1,30.0,24.0,,,1,2,9,1,2
202100034223,2021-06-15 07:40:00,2021,6,15,7,40,91,91201,BD HENRI BARBUSSE,48.683331,2.41667,Plein jour,En agglomération,Intersection en T,Normale,Deux véhicules - côté,4,2,2,0,1,1,1,0,1,50,,4,3,0,0,1,29.0,32.0,,,1,2,3,1,3
202100034224,2021-06-10 14:36:00,2021,6,10,14,36,87,87085,COMMINES (RUE PHILIPPE DE),45.82997,1.23168,Plein jour,En agglomération,Hors intersection,Normale,Autre collision,4,2,2,0,1,1,1,0,1,50,,1,0,0,1,0,93.0,,,,1,2,1,1,6
202100034225,2021-06-13 15:24:00,2021,6,13,15,24,87,87114,PUY MOULINIER - LIEU DIT,45.85769,1.3251,Plein jour,Hors agglomération,Hors intersection,Normale,Sans collision,3,2,2,0,2,2,1,0,1,80,,1,0,0,0,1,53.0,,,,1,1,1,1,7
202100034226,2021-06-15 10:50:00,2021,6,15,10,50,83,83137,ORVES (RUE),43.11211,5.94046,Plein jour,En agglomération,Hors intersection,Normale,Autre collision,4,1,-1,0,1,1,1,6,1,50,,2,1,0,1,0,36.0,,,,1,2,1,1,6
202100034227,2021-06-16 23:27:00,2021,6,16,23,27,83,83126,VERLAQUE (AV NOEL ),43.08286,5.89132,Nuit avec éclairage allumé,En agglomération,Intersection en T,Normale,Deux véhicules - côté,4,2,2,0,1,1,1,0,1,30,,2,0,0,1,1,56.0,28.0,,,5,2,3,1,3
202100034228,2021-06-14 12:35:00,2021,6,14,12,35,83,83069,GAMBETTA (AVENUE),43.1189271737,6.1286115646,Plein jour,En agglomération,Hors intersection,Normale,Autre collision,4,2,2,0,2,2,1,9,1,50,,2,1,0,0,1,53.0,,,,1,2,1,1,6
202100034229,2021-06-14 03:00:00,2021,6,14,3,0,80,80021,GENERAL DE GAULLE (AVENUE DE ),49.9048484603,2.3013353348,Nuit avec éclairage allumé,En agglomération,Hors intersection,Normale,Sans collision,4,2,0,0,1,2,1,0,1,50,,2,1,0,0,1,30.0,,,,5,2,1,1,7
202100034230,2021-06-13 23:15:00,2021,6,13,23,15,80,80021,CHATEAUDUN (BOULEVARD DE),49.8837,2.28212,Nuit avec éclairage allumé,En agglomération,Intersection en X,Normale,Deux véhicules - frontale,4,2,2,0,1,1,1,0,1,50,,4,3,0,0,1,24.0,39.0,,,5,2,2,1,1
202100034231,2021-06-11 08:15:00,2021,6,11,8,15,80,80021,VALLEE (RUE DE LA ),49.89181,2.30959,Plein jour,En agglomération,Intersection en X,Normale,Deux véhicules - côté,4,2,4,0,1,1,1,0,1,50,,2,1,0,0,1,35.0,66.0,,,1,2,2,1,3
202100034232,2021-06-15 22:20:00,2021,6,15,22,20,78,78586,TURGOT N° PAIR,48.93342,2.16233,Nuit avec éclairage allumé,En agglomération,Hors intersection,Normale,Autre collision,4,1,1,0,1,1,1,0,1,30,,1,0,0,0,1,29.0,,,,5,2,1,1,6
202100034233,2021-06-15 23:30:00,2021,6,15,23,30,78,78372,SAINT GERMAIN (AVENUE DE),48.87749,2.0965,Nuit avec éclairage allumé,En agglomération,Hors intersection,Normale,Deux véhicules - arrière,3,1,1,0,1,1,1,0,1,50,,2,1,0,0,1,24.0,32.0,,,5,2,1,1,2
202100034234,2021-06-15 03:25:00,2021,6,15,3,25,78,78350,CAMILLE SAINT SAENS (RUE),48.863419,2.116998,Nuit avec éclairage allumé,En agglomération,Hors intersection,Normale,Autre collision,4,1,2,2,1,1,1,0,1,50,,1,0,0,0,1,31.0,,,,5,2,1,1,6
202100034235,2021-06-15 15:40:00,2021,6,15,15,40,77,77039,PARCELLES (IMPASSE DES ),48.5255,2.59275,Plein jour,En agglomération,Hors intersection,Normale,Autre collision,3,2,2,0,1,1,1,0,8,50,,2,0,0,1,1,35.0,,,,1,2,1,1,6
202100034236,2021-06-14 13:10:00,2021,6,14,13,10,77,77284,HUGO (QUAI VICTOR),48.95821,2.87973,Plein jour,En agglomération,Intersection en T,Normale,Autre collision,3,2,4,0,1,2,1,5,1,50,,2,1,0,1,0,32.0,,,,1,2,3,1,6
202100034237,2021-06-14 15:00:00,2021,6,14,15,0,76,76351,VERDUN (RUE DE),49.5012849989,0.1492971182,Plein jour,En agglomération,Hors intersection,Normale,Autre collision,3,2,2,0,1,1,1,0,1,50,,1,0,0,0,1,30.0,,,,1,2,1,1,6
202100034238,2021-06-15 16:40:00,2021,6,15,16,40,74,74012,BEULET (RUE DU),46.1913,6.24242,Plein jour,En agglomération,Intersection en X,Normale,Deux véhicules - côté,4,2,2,2,1,1,1,0,5,50,,2,1,0,0,1,36.0,40.0,,,1,2,2,1,3
202100034239,2021-06-15 09:00:00,2021,6,15,9,0,69,69256,8 MAI 1945 (DU) (AV),45.78795,4.91391,Plein jour,En agglomération,Hors intersection,Normale,Trois véhicules et plus - en chaîne,4,2,2,0,1,1,1,0,1,50,,4,2,0,0,2,32.0,22.0,,,1,2,1,1,4
202100034240,2021-06-15 08:20:00,2021,6,15,8,20,67,67482,KOENIGSHOFFEN (RUE DE),48.58064,7.72738,Plein jour,En agglomération,Passage à niveau,Normale,Deux véhicules - côté,4,3,5,1,2,1,1,4,1,50,,2,1,0,0,1,21.0,21.0,,,1,2,8,1,3
202100034241,2021-06-14 08:25:00,2021,6,14,8,25,67,67482,RACINE (AVENUE),48.59615,7.697958,Plein jour,En agglomération,Passage à niveau,Temps éblouissant,Autre collision,4,3,7,1,1,1,1,4,1,50,,2,1,0,0,1,35.0,,,,1,2,8,7,6
202100034242,2021-06-12 20:03:00,2021,6,12,20,3,67,67482,BOURGOGNE (RUE DE),48.54877,7.74921,Plein jour,En agglomération,Hors intersection,Normale,Deux véhicules - côté,4,2,2,1,1,1,1,9,1,50,,2,1,0,0,1,42.0,20.0,,,1,2,1,1,3
202100034243,2021-06-12 00:20:00,2021,6,12,0,20,67,67204,FONTAINE (RUE DE LA),48.62458,7.74075,Nuit sans éclairage public,Hors agglomération,Hors intersection,Normale,Autre collision,7,2,2,0,1,1,1,0,3,70,,4,0,0,0,4,21.0,,,,3,1,1,1,6
202100034244,2021-06-15 07:25:00,2021,6,15,7,25,65,65100,CASSIN (RUE RENE),43.26202,0.05728,Plein jour,Hors agglomération,Intersection en T,Normale,Deux véhicules - côté,3,-1,2,0,1,1,1,0,1,50,,2,1,0,0,1,28.0,26.0,,,1,1,3,1,3
202100034245,2021-06-15 07:45:00,2021,6,15,7,45,64,64483,ITHURRALDE ANDRE (AVENUE),43.393910716,-1.6504104169,Plein jour,En agglomération,Hors intersection,Normale,Deux véhicules - côté,3,2,2,0,1,1,1,0,1,50,,2,1,0,0,1,32.0,15.0,,,1,2,1,1,3
202100034246,2021-06-15 07:30:00,2021,6,15,7,30,64,64249,RD810,43.4239777366,-1.6048622131,Plein jour,En agglomération,Hors intersection,Normale,Deux véhicules - côté,3,2,2,0,2,3,1,0,1,50,,2,1,0,0,1,72.0,48.0,,,1,2,1,1,3
202100034247,2021-06-15 12:20:00,2021,6,15,12,20,64,64445,NORMAN PRINCE,43.306778523,-0.3418581605,Plein jour,En agglomération,Hors intersection,Normale,Deux véhicules - arrière,4,1,1,1,1,1,1,0,1,50,,2,0,0,0,2,60.0,49.0,,,1,2,1,1,2
202100034248,2021-06-15 09:35:00,2021,6,15,9,35,64,64129,RUE DES ENTREPRENEURSS,43.30072,-0.40964,Plein jour,En agglomération,Giratoire,Normale,Autre collision,3,2,2,-1,1,2,1,5,1,70,,2,1,0,0,1,36.0,52.0,,,1,2,6,1,6
202100034249,2021-06-14 13:30:00,2021,6,14,13,30,64,64024,BARRE (PROMENADE DE LA),43.508283,-1.52232,Plein jour,En agglomération,Autre intersection,Normale,Deux véhicules - côté,4,2,2,0,1,1,1,0,1,50,,3,2,0,0,1,39.0,67.0,,,1,2,9,1,3
202100034250,2021-06-14 11:05:00,2021,6,14,11,5,64,64024,ADOUR (AVENUE DE L'),43.51355,-1.50039,Plein jour,En agglomération,Intersection en T,Normale,Deux véhicules - frontale,4,2,3,0,1,1,1,0,1,30,,2,1,0,0,1,61.0,30.0,,,1,2,3,1,1
202100034251,2021-06-14 17:20:00,2021,6,14,17,20,63,63113,BERTEAUX (RUE),45.76283,3.09607,Plein jour,En agglomération,Intersection en X,Normale,Deux véhicules - côté,4,2,2,0,1,1,1,0,1,50,,2,1,0,0,1,21.0,27.0,,,1,2,2,1,3
202100034252,2021-06-13 14:19:00,2021,6,13,14,19,63,63113,CHANTERANNE (RUE DE),45.78952,3.09842,Plein jour,En agglomération,Intersection en X,Normale,Deux véhicules - côté,4,3,4,0,1,1,1,0,1,50,,2,1,0,0,1,60.0,19.0,,,1,2,2,1,3
202100034253,2021-06-11 17:23:00,2021,6,11,17,23,63,63113,COTTAGES (AVENUE DES),45.76492,3.0792,Plein jour,En agglomération,Intersection en X,Normale,Deux véhicules - côté,4,1,1,0,1,1,1,0,1,50,,3,2,0,0,1,21.0,30.0,,,1,2,2,1,3
202100034254,2021-06-15 09:20:00,2021,6,15,9,20,61,61397,GENERAL LECLERC (RUE DU),48.42303,0.06411,Plein jour,En agglomération,Hors intersection,Normale,Deux véhicules - arrière,3,2,2,0,1,1,1,0,1,30,,2,1,0,0,1,39.0,17.0,,,1,2,1,1,2