accident_id,datetime,annee,mois,jour,heure,minute,departement,commune_insee,adresse,latitude,longitude,luminosite,agglomeration,intersection,meteo,collision,catr,circ,nbv,vosp,prof,plan,surf,infra,situ,vma,nb_vehicules,nb_usagers,nb_indemnes,nb_tues,nb_blesses_hosp,nb_blesses_legers,age_cond_1,age_cond_2,veh_type_cond_1,veh_type_cond_2,lum_code,agg_code,int_code,atm_code,col_code
202100034255,2021-06-16 00:22:00,2021,6,16,0,22,59,59350,SOLFERINO RUE N°1 - 159,50.630253,3.056648,Nuit avec éclairage allumé,En agglomération,Intersection en X,Normale,Deux véhicules - côté,4,2,2,0,1,1,1,5,1,50,,2,1,0,1,0,23.0,29.0,,,5,2,2,1,3
202100034256,2021-06-09 03:10:00,2021,6,9,3,10,59,59350,CORDONNIER RUE DENIS,50.6239,3.0806,Nuit avec éclairage allumé,En agglomération,Hors intersection,Normale,Autre collision,7,3,0,0,1,1,1,5,1,50,,1,0,0,1,0,40.0,,,,5,2,1,1,6
202100034257,2021-06-12 02:45:00,2021,6,12,2,45,59,59360,BARBUSSE HENRI RUE,50.60595,3.01572,Nuit avec éclairage allumé,En agglomération,Intersection en T,Normale,Deux véhicules - côté,7,2,2,0,1,1,1,0,1,50,,4,2,0,0,2,20.0,28.0,,,5,2,3,1,3
202100034258,2021-06-11 18:15:00,2021,6,11,18,15,57,57306,LIAISON (RUE DE),49.34628,6.06781,Plein jour,Hors agglomération,Hors intersection,Normale,Deux véhicules - arrière,4,2,2,0,4,1,1,0,1,70,,2,0,0,2,0,46.0,14.0,,,1,1,1,1,2
202100034259,2021-06-15 22:15:00,2021,6,15,22,15,54,54304,SAPINIERE (RUE DE LA),48.69329,6.12814,Nuit avec éclairage allumé,En agglomération,Intersection en X,Normale,Deux véhicules - côté,4,-1,3,0,1,1,1,0,1,50,,3,1,0,0,2,16.0,21.0,,,5,2,2,1,3
202100034260,2021-06-15 15:27:00,2021,6,15,15,27,51,51454,Boulevard Pommery,49.2448831904,4.0500122309,Plein jour,En agglomération,Hors intersection,Normale,Trois véhicules et plus - en chaîne,3,2,3,0,1,1,1,0,1,50,,4,2,0,0,2,41.0,21.0,,,1,2,1,1,4
202100034261,2021-06-11 14:20:00,2021,6,11,14,20,50,50129,BREMERHAVEN (AVENUE DE),49.63164,-1.60927,Plein jour,En agglomération,Hors intersection,Normale,Deux véhicules - côté,4,2,2,0,1,1,1,0,1,50,,2,1,0,0,1,35.0,29.0,,,1,2,1,1,3
202100034262,2021-06-14 20:00:00,2021,6,14,20,0,50,50129,MENDES FRANCE (CONTRE ALLEE),49.6346,-1.62709,Plein jour,En agglomération,Intersection en T,Normale,Deux véhicules - côté,3,1,1,0,1,1,1,0,1,50,,2,1,0,0,1,57.0,18.0,,,1,2,3,1,3
202100034263,2021-06-14 13:50:00,2021,6,14,13,50,49,49099,VENDEE (RUE DE LA ),47.054009,-0.890015,Plein jour,En agglomération,Hors intersection,Normale,Sans collision,4,2,2,0,1,1,1,0,3,50,,1,0,0,1,0,58.0,,,,1,2,1,1,7
202100034264,2021-06-13 11:00:00,2021,6,13,11,0,47,47323,FONTANELLES  (PARC DES EXPOSITIONS),44.40818,0.72086,Plein jour,En agglomération,Hors intersection,Normale,Autre collision,6,-1,0,3,1,1,1,9,6,30,,2,1,0,1,0,44.0,,,,1,2,1,1,6
202100034265,2021-06-14 15:50:00,2021,6,14,15,50,43,43041,26 Avenue Charles Dupuy,45.04745,3.92501,Plein jour,En agglomération,Hors intersection,Normale,Deux véhicules - arrière,3,2,2,0,1,1,1,0,1,50,,2,1,0,0,1,87.0,60.0,,,1,2,1,1,2
202100034266,2021-06-14 08:10:00,2021,6,14,8,10,41,41018,DUGAY-TROUIN (RUE)  N° IMPAIRS,47.5898,1.29844,Plein jour,En agglomération,Hors intersection,Normale,Deux véhicules - arrière,3,2,2,0,1,1,1,0,1,50,,3,1,0,0,2,43.0,59.0,,,1,2,1,1,2
202100034267,2021-06-04 02:45:00,2021,6,4,2,45,41,41212,PATTE D'OIE (rond point),47.56168,1.3732,Nuit sans éclairage public,En agglomération,Giratoire,Temps couvert,Sans collision,3,3,4,0,1,3,2,0,1,90,,2,0,0,1,1,25.0,,,,3,2,6,8,7
202100034268,2021-06-10 17:25:00,2021,6,10,17,25,41,41018,CAVALIER (RUE DU),47.60221,1.33518,Plein jour,En agglomération,Hors intersection,Pluie légère,Deux véhicules - côté,4,2,2,0,1,2,2,0,1,50,,2,1,0,0,1,52.0,25.0,,,1,2,1,2,3
202100034269,2021-06-15 23:10:00,2021,6,15,23,10,38,38185,Avenue Léon Blum,45.16187,5.71595,Nuit avec éclairage allumé,En agglomération,Intersection en X,Normale,Deux véhicules - côté,7,3,7,0,1,1,1,5,1,50,,3,2,0,0,1,27.0,25.0,,,5,2,2,1,3
202100034270,2021-06-15 14:50:00,2021,6,15,14,50,38,38185,RUE JEAN PRÉVOST,45.18446,5.71564,Plein jour,En agglomération,Hors intersection,Normale,Deux véhicules - côté,4,1,1,0,1,1,1,0,1,30,,2,1,0,0,1,,,,,1,2,1,1,3
202100034271,2021-06-14 16:25:00,2021,6,14,16,25,37,37261,BERGONIE (RUE DOCTEUR),47.378137469,0.7095213979,Plein jour,En agglomération,Intersection en T,Normale,Autre collision,4,2,2,0,1,1,1,0,1,50,,2,1,0,0,1,51.0,19.0,,,1,2,3,1,6
202100034272,2021-06-15 18:25:00,2021,6,15,18,25,35,35238,STRASBOURG (BOULEVARD DE),48.11167,-1.65612,Plein jour,En agglomération,Intersection en T,Normale,Deux véhicules - côté,4,2,2,2,2,1,1,0,1,50,,2,1,0,0,1,28.0,53.0,,,1,2,3,1,3
202100034273,2021-06-15 12:10:00,2021,6,15,12,10,34,34172,MOULARES (CHEMIN DE),43.59897,3.89373,Plein jour,En agglomération,Hors intersection,Normale,Autre collision,4,2,3,0,1,1,1,0,1,50,,3,1,0,2,0,40.0,,,,1,2,1,1,6
202100034274,2021-06-15 09:05:00,2021,6,15,9,5,34,34172,VALERY (BOULEVARD PAUL),43.584861725,3.8631568104,Plein jour,En agglomération,Hors intersection,Normale,Deux véhicules - côté,4,2,2,0,2,2,1,0,1,50,,2,1,0,1,0,26.0,43.0,,,1,2,1,1,3
202100034275,2021-06-14 20:07:00,2021,6,14,20,7,34,34172,MENDES FRANCE (AVENUE PRESIDENT PIERRE,43.60885,3.91102,Plein jour,En agglomération,Hors intersection,Normale,Deux véhicules - arrière,7,1,2,0,1,1,1,0,1,70,,3,0,0,0,3,49.0,43.0,,,1,2,1,1,2
202100034276,2021-06-16 01:20:00,2021,6,16,1,20,30,30007,HUIT MAI 1945 (QUAI DU),44.13375,4.07834,Nuit avec éclairage allumé,En agglomération,Intersection en X,Normale,Autre collision,2,2,1,0,1,1,1,0,1,50,,2,0,0,0,2,19.0,27.0,,,5,2,2,1,6
202100034277,2021-06-15 20:20:00,2021,6,15,20,20,30,30007,ONZE NOVEMBRE 1918 (QUAI DU),44.12765,4.07323,Plein jour,En agglomération,Intersection en T,Normale,Deux véhicules - côté,2,2,2,0,1,1,1,0,1,50,,3,2,1,0,0,12.0,26.0,,,1,2,3,1,3
202100034278,2021-06-15 17:20:00,2021,6,15,17,20,29,29232,Boulevard Louis le Guennec,47.97927,-4.095564,Plein jour,En agglomération,Hors intersection,Normale,Trois véhicules et plus - collisions multiples,4,3,4,0,1,1,1,0,1,70,,3,1,0,0,2,86.0,22.0,,,1,2,1,1,5
202100034279,2021-06-15 16:00:00,2021,6,15,16,0,29,29232,Rue President Sadate,47.97874,-4.102243,Plein jour,En agglomération,Hors intersection,Normale,Autre collision,4,2,2,0,1,2,1,0,1,50,,2,1,0,0,1,51.0,,,,1,2,1,1,6
202100034280,2021-06-15 12:30:00,2021,6,15,12,30,29,29019,Boulevard Montaigne,48.40322,-4.481,Plein jour,En agglomération,Hors intersection,Normale,Deux véhicules - arrière,4,-1,2,0,1,1,1,0,1,30,,3,1,0,0,2,49.0,28.0,,,1,2,1,1,2
202100034281,2021-06-09 20:30:00,2021,6,9,20,30,28,28085,LELONG (RUE GABRIEL),48.44285,1.47982,Nuit avec éclairage non allumé,En agglomération,Intersection en T,Normale,Deux véhicules - côté,3,2,2,1,1,1,1,0,1,30,,2,1,0,0,1,27.0,22.0,,,4,2,3,1,3
202100034282,2021-06-15 18:05:00,2021,6,15,18,5,27,27375,CLEMENCEAU (BOULEVARD GEORGES),49.21004,1.16871,Plein jour,En agglomération,Hors intersection,Normale,Deux véhicules - côté,3,2,2,0,1,1,1,0,1,50,,3,1,0,0,2,23.0,19.0,,,1,2,1,1,3
202100034283,2021-05-29 18:30:00,2021,5,29,18,30,22,22278,NOMINOE,48.51882,-2.78074,Plein jour,En agglomération,Hors intersection,Normale,Deux véhicules - arrière,4,2,0,0,1,1,1,0,1,50,,2,0,0,0,1,17.0,,,,1,2,1,1,2
202100034284,2021-05-28 17:10:00,2021,5,28,17,10,22,22278,RN12,48.521969,-2.748896,Plein jour,Hors agglomération,Hors intersection,Normale,Deux véhicules - côté,2,3,4,0,1,1,1,3,1,90,,2,1,0,0,1,37.0,48.0,,,1,1,1,1,3
202100034285,2021-06-15 13:35:00,2021,6,15,13,35,17,17306,LAVOISIER (ANTOINE DE),45.630625,-0.992346,Plein jour,Hors agglomération,Autre intersection,Normale,Deux véhicules - côté,6,-1,-1,0,1,1,1,9,8,10,,2,1,0,0,1,24.0,18.0,,,1,1,9,1,3
202100034286,2021-06-15 16:30:00,2021,6,15,16,30,15,15014,PASCAL (RUE BLAISE),44.90126,2.4273,Plein jour,En agglomération,Hors intersection,Normale,Deux véhicules - côté,4,-1,2,0,2,3,1,0,1,50,,2,1,0,0,1,28.0,56.0,,,1,2,1,1,3
202100034287,2021-06-13 04:10:00,2021,6,13,4,10,14,14574,D511,49.13442,0.20555,Nuit sans éclairage public,En agglomération,Hors intersection,Normale,Autre collision,3,-1,2,0,1,1,1,0,1,50,,2,1,1,0,0,23.0,,,,3,2,1,1,6
202100034288,2021-06-15 16:50:00,2021,6,15,16,50,14,14327,Le Grand Parc,49.19862,-0.33894,Plein jour,En agglomération,Hors intersection,Normale,Autre collision,4,2,-1,0,1,1,1,0,1,50,,2,1,0,1,0,32.0,,,,1,2,1,1,6
202100034289,2021-06-15 11:12:00,2021,6,15,11,12,14,14118,Rue du Mesnil,49.1752,-0.3798,Plein jour,En agglomération,Intersection en X,Normale,Deux véhicules - côté,4,2,2,0,1,1,1,0,1,50,,2,1,0,0,1,37.0,27.0,,,1,2,2,1,3
202100034290,2021-06-15 09:10:00,2021,6,15,9,10,14,14254,N814,49.14741,-0.41093,Plein jour,Hors agglomération,Hors intersection,Normale,Deux véhicules - arrière,2,3,4,0,1,1,1,0,1,110,,3,1,0,0,2,51.0,78.0,,,1,1,1,1,2
202100034291,2021-06-15 15:30:00,2021,6,15,15,30,13,13211,SAINT MENET (AVENUE DE),43.2899126264,5.4947551327,Plein jour,En agglomération,Hors intersection,Normale,Deux véhicules - arrière,7,2,4,0,1,4,1,0,1,50,,4,2,0,0,2,35.0,31.0,,,1,2,1,1,2
202100034292,2021-06-15 10:30:00,2021,6,15,10,30,13,13215,GAFFAREL (RUE),43.3493327973,5.3595001001,Plein jour,En agglomération,Hors intersection,Normale,Sans collision,4,3,4,0,2,1,1,0,1,50,,1,0,1,0,0,32.0,,,,1,2,1,1,7
202100034293,2021-06-14 22:10:00,2021,6,14,22,10,13,13207,Corniche John Fitzgérald Kennedy,43.2773208937,5.3567536403,Nuit avec éclairage allumé,En agglomération,Intersection en T,Normale,Deux véhicules - côté,4,2,3,0,1,1,1,0,1,50,,3,1,0,0,2,20.0,65.0,,,5,2,3,1,3
202100034294,2021-06-14 18:30:00,2021,6,14,18,30,13,13206,JULES CANTINI (AVENUE),43.2839844875,5.3873106794,Plein jour,En agglomération,Intersection en X,Normale,Deux véhicules - côté,4,2,2,0,1,1,1,0,1,50,,2,1,0,0,1,42.0,25.0,,,1,2,2,1,3
202100034295,2021-06-14 17:50:00,2021,6,14,17,50,13,13210,JEAN MOULIN (BOULEVARD),43.28425,5.39863,Plein jour,En agglomération,Hors intersection,Normale,Deux véhicules - côté,4,2,5,0,1,1,1,0,1,50,,2,1,0,0,1,32.0,36.0,,,1,2,1,1,3
202100034296,2021-06-14 09:10:00,2021,6,14,9,10,13,13206,PIERRE PUGET (COURS),43.2901,5.37347,Plein jour,En agglomération,Hors intersection,Normale,Deux véhicules - côté,4,1,5,0,2,1,1,9,1,50,,2,1,0,0,1,31.0,,,,1,2,1,1,3
202100034297,2021-02-23 07:20:00,2021,2,23,7,20,13,13210,PONT DE VIVAUX (BOULEVARD),43.280949,5.422103,Nuit avec éclairage allumé,En agglomération,Hors intersection,Normale,Deux véhicules - côté,4,2,2,0,1,1,1,0,1,50,,2,1,0,0,1,24.0,27.0,,,5,2,1,1,3
202100034298,2021-06-15 06:40:00,2021,6,15,6,40,13,13028,BODIN (AVENUE EMILE),43.1969351427,5.5940024724,Crépuscule ou aube,Hors agglomération,Hors intersection,Normale,Deux véhicules - frontale,7,2,2,0,1,4,1,0,1,80,,2,0,0,0,2,16.0,50.0,,,2,1,1,1,1
202100034299,2021-05-09 09:10:00,2021,5,9,9,10,13,13004,AV STALINGRAD,43.68906,4.63659,Plein jour,En agglomération,Hors intersection,Normale,Deux véhicules - côté,4,2,0,0,1,1,1,0,1,50,,2,1,0,1,0,39.0,44.0,,,1,2,1,1,3
202100034300,2021-06-15 13:10:00,2021,6,15,13,10,11,11069,PELLETAN CAMILLE -BD- IMPAIRS,43.2110407763,2.3553174734,Plein jour,En agglomération,Hors intersection,Normale,Deux véhicules - arrière,3,1,2,0,1,1,1,0,1,50,,2,1,0,0,1,56.0,48.0,,,1,2,1,1,2
202100034301,2021-06-15 14:03:00,2021,6,15,14,3,11,11069,JUIN MARECHAL,43.20936,2.38004,Plein jour,En agglomération,Hors intersection,Normale,Deux véhicules - arrière,9,2,2,0,1,1,1,0,1,50,,2,1,0,0,1,37.0,53.0,,,1,2,1,1,2
202100034302,2021-06-14 12:14:00,2021,6,14,12,14,11,11069,SAINT HILAIRE -ROUTE DE-,43.20106,2.35908,Plein jour,En agglomération,Intersection en Y,Normale,Deux véhicules - frontale,3,2,2,0,2,2,1,0,1,50,,3,2,0,0,1,54.0,23.0,,,1,2,4,1,1
202100034303,2021-06-15 12:45:00,2021,6,15,12,45,10,10387,PREMIER RAM (RUE DU),48.29253,4.0735,Plein jour,En agglomération,Autre intersection,Normale,Deux véhicules - côté,4,2,2,1,1,4,1,6,1,50,,3,2,0,0,1,24.0,62.0,,,1,2,9,1,3
202100034304,2021-06-15 12:15:00,2021,6,15,12,15,08,08105,RN 43,49.73716,4.71589,Plein jour,En agglomération,Hors intersection,Temps éblouissant,Autre collision,2,1,2,0,1,1,1,3,1,70,,2,1,0,0,1,26.0,,,,1,2,1,7,6
202100034305,2021-06-15 11:20:00,2021,6,15,11,20,06,06069,POMPIDOU (AVENUE GEORGES) -RD 6085,43.6456,6.93957,Plein jour,En agglomération,Hors intersection,Normale,Deux véhicules - côté,4,2,2,0,2,1,1,0,1,50,,3,2,0,0,1,18.0,73.0,,,1,2,1,1,3
202100034306,2021-06-14 14:50:00,2021,6,14,14,50,04,04112,Av Georges Pompidou,43.8251,5.78345,Plein jour,En agglomération,Hors intersection,Normale,Deux véhicules - arrière,4,2,2,0,1,1,1,0,1,50,,2,1,0,0,1,,15.0,,,1,2,1,1,2
202100034307,2021-06-15 09:20:00,2021,6,15,9,20,75,75112,BOULEVARD PERIPHERIQUE,48.827466,2.392312,Plein jour,En agglomération,Hors intersection,Normale,Deux véhicules - arrière,4,1,4,0,1,1,1,0,1,70,,4,3,0,1,0,22.0,22.0,,,1,2,1,1,2
202100034308,2021-06-14 09:40:00,2021,6,14,9,40,75,75119,RUE MANIN,48.883008,2.385563,Plein jour,En agglomération,Intersection en X,Normale,Deux véhicules - côté,4,2,2,0,1,1,1,0,1,30,,2,1,0,0,1,31.0,21.0,,,1,2,2,1,3
202100034309,2021-06-15 14:50:00,2021,6,15,14,50,75,75117,BOULEVARD DES BATIGNOLLES,48.882986,2.324107,Plein jour,En agglomération,Intersection en X,Normale,Deux véhicules - côté,4,3,2,3,1,1,1,0,6,50,,2,1,0,0,1,,58.0,,,1,2,2,1,3
202100034310,2021-06-14 22:30:00,2021,6,14,22,30,75,75116,PLACE CHARLES DE GAULLE,48.874042,2.29424,Nuit avec éclairage allumé,En agglomération,Place,Normale,Deux véhicules - côté,4,1,5,0,1,2,1,0,1,50,,2,1,0,0,1,23.0,41.0,,,5,2,7,1,3
202100034311,2021-06-15 07:40:00,2021,6,15,7,40,75,75113,AVENUE D ITALIE,48.824424,2.357822,Plein jour,En agglomération,Intersection en T,Normale,Deux véhicules - côté,4,2,4,0,1,1,1,0,1,50,,2,1,0,0,1,40.0,34.0,,,1,2,3,1,3
202100034312,2021-06-15 08:10:00,2021,6,15,8,10,75,75112,RUE ABEL,48.845871,2.374294,Plein jour,En agglomération,Intersection à plus de 4 branches,Normale,Deux véhicules - côté,4,2,2,1,1,1,1,0,5,30,,2,1,0,0,1,24.0,42.0,,,1,2,5,1,3
202100034313,2021-06-14 22:15:00,2021,6,14,22,15,75,75104,QUAI DES CELESTINS,48.852254,2.360731,Plein jour,En agglomération,Hors intersection,Normale,Deux véhicules - frontale,4,2,2,1,1,1,1,0,5,30,,2,1,0,0,1,,42.0,,,1,2,1,1,1
202100034314,2021-06-14 20:00:00,2021,6,14,20,0,94,94068,Place de la Gare de Champigny,48.80698,2.51087,Plein jour,En agglomération,Hors intersection,Normale,Deux véhicules - arrière,4,1,2,0,1,1,1,0,1,30,,2,1,0,0,1,20.0,51.0,,,1,2,1,1,2
202100034315,2021-06-14 14:15:00,2021,6,14,14,15,94,94068,MOULIN (R DU),48.79074,2.50654,Plein jour,En agglomération,Hors intersection,Normale,Deux véhicules - côté,4,1,1,0,1,1,1,0,1,30,,2,1,0,0,1,60.0,39.0,,,1,2,1,1,3
202100034316,2021-06-15 12:40:00,2021,6,15,12,40,94,94065,SOLETS (R DES),48.74245,2.3537,Plein jour,En agglomération,Intersection en X,Normale,Deux véhicules - côté,4,2,3,0,1,1,1,0,1,50,,2,1,0,1,0,49.0,41.0,,,1,2,2,1,3
202100034317,2021-06-14 19:10:00,2021,6,14,19,10,94,94022,LEON GOURDAULT (AV),48.76374,2.40611,Plein jour,En agglomération,Hors intersection,Normale,Autre collision,3,2,2,3,1,1,1,0,6,50,,2,1,0,0,1,,,,,1,2,1,1,6
202100034318,2021-06-14 15:55:00,2021,6,14,15,55,94,94022,Avenue Anatole France,48.75603,2.41441,Plein jour,En agglomération,Hors intersection,Normale,Deux véhicules - arrière,4,2,2,0,1,1,1,0,1,30,,2,1,0,0,1,34.0,34.0,,,1,2,1,1,2
202100034319,2021-06-14 10:05:00,2021,6,14,10,5,94,94022,NEWBURN (AV DE),48.75493,2.41182,Plein jour,En agglomération,Intersection en X,Normale,Deux véhicules - côté,3,1,3,0,1,1,1,5,1,50,,3,2,0,0,1,30.0,56.0,,,1,2,2,1,3
202100034320,2021-06-13 17:50:00,2021,6,13,17,50,94,94079,PERROQUETS (R DES),48.8209,2.5468,Plein jour,En agglomération,Hors intersection,Normale,Deux véhicules - frontale,4,1,1,0,1,2,1,0,1,50,,2,1,0,0,1,23.0,8.0,,,1,2,1,1,1
202100034321,2021-06-15 09:30:00,2021,6,15,9,30,94,94018,PARIS (R DE),48.82804,2.40351,Plein jour,En agglomération,Hors intersection,Normale,Deux véhicules - côté,3,2,2,2,1,1,1,0,1,30,,2,1,0,0,1,35.0,22.0,,,1,2,1,1,3
202100034322,2021-06-15 17:00:00,2021,6,15,17,0,94,94004,GENERAL LECLERC (AV),48.74935,2.50843,Plein jour,En agglomération,Intersection en T,Normale,Deux véhicules - côté,2,2,4,0,1,1,1,0,1,50,,2,1,0,0,1,29.0,51.0,,,1,2,3,1,3
202100034323,2021-06-14 22:30:00,2021,6,14,22,30,94,94075,Avenue du Mal de Lattre de Tassigny,48.72744,2.53103,Nuit avec éclairage allumé,En agglomération,Autre intersection,Normale,Autre collision,2,3,4,0,1,2,1,5,1,50,,3,1,0,0,2,56.0,33.0,,,5,2,9,1,6
202100034324,2021-06-14 11:55:00,2021,6,14,11,55,94,94002,Quai Blanqui,48.79819,2.42063,Plein jour,En agglomération,Intersection en X,Normale,Deux véhicules - côté,3,4,5,0,3,1,1,0,1,50,,2,1,0,0,1,29.0,20.0,,,1,2,2,1,3
202100034325,2021-06-15 09:30:00,2021,6,15,9,30,93,93051,RU DE NESLE (BOULEVARD),48.841527,2.58086,Plein jour,En agglomération,Hors intersection,Normale,Deux véhicules - côté,3,2,2,0,1,1,1,0,1,50,,2,1,0,0,1,34.0,26.0,,,1,2,1,1,3
202100034326,2021-06-15 08:05:00,2021,6,15,8,5,93,93051,Route de Neuilly,48.85213,2.53353,Plein jour,En agglomération,Autre intersection,Normale,Deux véhicules - arrière,3,2,2,0,1,1,1,0,1,50,,5,4,0,0,1,25.0,44.0,,,1,2,9,1,2
202100034327,2021-06-15 11:20:00,2021,6,15,11,20,93,93048,Rue Dombasle,48.864637,2.450692,Plein jour,En agglomération,Hors intersection,Normale,Autre collision,4,1,1,0,1,1,1,0,1,50,,3,1,0,0,1,,,,,1,2,1,1,6
202100034328,2021-06-15 11:00:00,2021,6,15,11,0,93,93031,Avenue de la République,48.949469,2.330856,Plein jour,En agglomération,Hors intersection,Normale,Deux véhicules - côté,3,2,4,1,1,1,1,0,5,50,,2,1,0,1,0,42.0,55.0,,,1,2,1,1,3
202100034329,2021-06-15 16:50:00,2021,6,15,16,50,93,93001,FELIX FAURE (BLD) =>174,48.91667,2.38333,Plein jour,En agglomération,Autre intersection,Normale,Deux véhicules - frontale,3,2,2,0,1,1,1,0,1,50,,2,1,0,0,1,84.0,,,,1,2,9,1,1
202100034330,2021-06-13 22:42:00,2021,6,13,22,42,92,92051,GENERAL LECLERC (BOULEVARD DU N° 29 A 65,48.8934460707,2.267614603,Nuit avec éclairage allumé,En agglomération,Intersection à plus de 4 branches,Normale,Deux véhicules - arrière,3,1,1,0,1,3,1,0,1,50,,5,4,0,0,1,51.0,23.0,,,5,2,5,1,2
202100034331,2021-06-15 07:42:00,2021,6,15,7,42,92,92050,LECLERC GENERAL AVENUE DU,48.8968717175,2.1958976984,Plein jour,En agglomération,Intersection à plus de 4 branches,Normale,Deux véhicules - arrière,3,3,-1,-1,1,1,1,0,1,-1,,2,1,0,0,1,26.0,34.0,,,1,2,5,1,2
202100034332,2021-06-15 09:16:00,2021,6,15,9,16,92,92035,Jean Bonal ( rue ),48.9065984353,2.2491878271,Plein jour,En agglomération,Autre intersection,Normale,Autre collision,4,1,1,0,1,1,1,0,8,50,,3,2,0,0,1,67.0,,,,1,2,9,1,6
202100034333,2021-06-14 17:35:00,2021,6,14,17,35,92,92026,Boulevard Saint-Denis,48.8979661151,2.2635537386,Plein jour,En agglomération,Hors intersection,Normale,Deux véhicules - côté,3,2,4,1,1,1,1,0,1,50,,3,2,0,0,1,29.0,37.0,,,1,2,1,1,3
202100034334,2021-06-14 20:10:00,2021,6,14,20,10,92,92023,CHAMPAGNE (RUE),48.786009689,2.248467654,Plein jour,En agglomération,Hors intersection,Normale,Deux véhicules - frontale,4,2,2,1,1,1,1,0,5,30,,2,0,0,0,2,23.0,62.0,,,1,2,1,1,1
202100034335,2021-06-15 16:30:00,2021,6,15,16,30,92,92007,BLANCHARD (RUE),48.7960082857,2.2923204303,Plein jour,En agglomération,Intersection en X,Temps éblouissant,Deux véhicules - frontale,3,3,2,0,1,1,1,0,1,50,,2,1,0,0,1,57.0,53.0,,,1,2,2,7,1
202100034336,2021-06-15 17:05:00,2021,6,15,17,5,92,92036,PIERRE DE COUBERTIN  ( BD ),48.9292613664,2.2844610279,Plein jour,En agglomération,Intersection en X,Normale,Deux véhicules - côté,3,2,4,0,1,1,1,0,1,50,,2,1,0,0,1,58.0,35.0,,,1,2,2,1,3
202100034337,2021-06-16 10:23:00,2021,6,16,10,23,80,80615,D929,50.019104,2.68815,Plein jour,En agglomération,Intersection en X,Normale,Deux véhicules - côté,3,2,1,0,4,1,1,0,1,50,,3,0,1,1,1,61.0,41.0,,,1,2,2,1,3
202100034338,2021-06-09 18:30:00,2021,6,9,18,30,01,01290,D4,45.900915,5.185791,Plein jour,En agglomération,Intersection en T,Pluie légère,Deux véhicules - côté,3,2,2,0,1,1,2,0,1,50,,2,1,0,0,1,63.0,33.0,,,1,2,3,2,3
202100034339,2021-06-16 15:45:00,2021,6,16,15,45,52,52331,chemin de maurupt,48.496428,4.772637,Plein jour,Hors agglomération,Hors intersection,Normale,Deux véhicules - arrière,4,2,1,0,1,2,1,0,1,50,,2,0,0,1,1,76.0,14.0,,,1,1,1,1,2
202100034340,2021-06-15 07:50:00,2021,6,15,7,50,42,42120,Route de Villemontais,45.997714,3.995633,Plein jour,Hors agglomération,Hors intersection,Normale,Deux véhicules - arrière,3,2,2,0,1,1,1,0,1,80,,2,1,0,1,0,25.0,40.0,,,1,1,1,1,2
202100034341,2021-06-16 14:30:00,2021,6,16,14,30,28,28177,N154,48.410887,1.540146,Plein jour,Hors agglomération,Hors intersection,Normale,Deux véhicules - frontale,2,2,2,0,1,1,1,0,1,80,,2,1,1,0,0,49.0,53.0,,,1,1,1,1,1
202100034342,2021-06-15 17:25:00,2021,6,15,17,25,71,71003,Route de Pussey,46.913715,4.987974,Plein jour,Hors agglomération,Hors intersection,Normale,Deux véhicules - arrière,3,2,2,0,2,4,1,0,1,80,,2,1,0,1,0,42.0,17.0,,,1,1,1,1,2
202100034343,2021-06-15 08:40:00,2021,6,15,8,40,59,59487,17 Rue Royale,50.620349,2.907128,Plein jour,En agglomération,Hors intersection,Normale,Autre collision,7,2,2,0,2,1,1,9,8,50,,1,0,0,0,1,52.0,,,,1,2,1,1,6
202100034344,2021-06-15 13:05:00,2021,6,15,13,5,27,27552,Saint-Jean-du-Thenney A28,49.014445,0.446175,Plein jour,Hors agglomération,Hors intersection,Normale,Autre collision,1,1,4,0,1,1,1,0,1,130,,1,0,0,1,0,78.0,,,,1,1,1,1,6
202100034345,2021-06-12 17:30:00,2021,6,12,17,30,95,95527,69 Rue de la Belle Etoile,48.979456,2.501407,Plein jour,En agglomération,Hors intersection,Normale,Deux véhicules - frontale,4,-1,1,1,1,1,1,0,1,50,,3,2,0,0,1,20.0,33.0,,,1,2,1,1,1
202100034346,2021-06-16 09:10:00,2021,6,16,9,10,56,56204,La Ville Bretonne,47.918514,-2.727292,Crépuscule ou aube,En agglomération,Hors intersection,Temps éblouissant,Deux véhicules - frontale,3,2,2,0,1,1,1,0,1,80,,3,2,0,1,0,73.0,78.0,,,2,2,1,7,1
202100034347,2021-06-16 01:00:00,2021,6,16,1,0,76,76733,Ligne des Limousins,49.7167362014,1.2740521266,Nuit sans éclairage public,Hors agglomération,Hors intersection,Normale,Autre collision,4,2,1,0,2,2,1,0,8,50,,2,0,1,0,1,20.0,,,,3,1,1,1,6
202100034348,2021-06-15 23:00:00,2021,6,15,23,0,79,79171,,46.952503,-0.296931,Nuit sans éclairage public,Hors agglomération,Hors intersection,Normale,Deux véhicules - frontale,3,2,2,0,1,1,1,0,1,80,,2,1,1,0,0,25.0,84.0,,,3,1,1,1,1
202100034349,2021-06-15 17:40:00,2021,6,15,17,40,2B,2B226,D14,42.229234,9.352591,Plein jour,Hors agglomération,Hors intersection,Normale,Sans collision,3,2,2,0,2,2,1,0,3,80,,1,0,0,0,1,65.0,,,,1,1,1,1,7