accident_id,datetime,annee,mois,jour,heure,minute,departement,commune_insee,adresse,latitude,longitude,luminosite,agglomeration,intersection,meteo,collision,catr,circ,nbv,vosp,prof,plan,surf,infra,situ,vma,nb_vehicules,nb_usagers,nb_indemnes,nb_tues,nb_blesses_hosp,nb_blesses_legers,age_cond_1,age_cond_2,veh_type_cond_1,veh_type_cond_2,lum_code,agg_code,int_code,atm_code,col_code
202100034350,2021-06-15 16:10:00,2021,6,15,16,10,32,32296,9 Rue des Fossés,43.759262,-0.035105,Plein jour,En agglomération,Intersection en T,Normale,Deux véhicules - frontale,3,2,2,0,1,1,1,0,1,50,,2,1,0,1,0,42.0,39.0,,,1,2,3,1,1
202100034351,2021-06-16 13:20:00,2021,6,16,13,20,11,11020,Col de la Redoulade,42.90893,2.509271,Plein jour,Hors agglomération,Hors intersection,Normale,Sans collision,3,2,2,0,2,3,9,0,1,80,,1,0,0,1,0,42.0,,,,1,1,1,1,7
202100034352,2021-06-15 17:30:00,2021,6,15,17,30,63,63273,RD212/VC,45.728993,3.250757,Plein jour,Hors agglomération,Intersection en T,Normale,Deux véhicules - côté,3,2,2,2,1,3,1,0,1,80,,3,1,0,1,1,23.0,60.0,,,1,1,3,1,3
202100034353,2021-06-15 19:00:00,2021,6,15,19,0,86,86177,Rue de la Croix Berthon,46.684276,0.25791,Plein jour,En agglomération,Giratoire,Normale,Deux véhicules - côté,3,2,2,0,1,1,1,0,1,50,,2,1,0,0,1,22.0,33.0,,,1,2,6,1,3
202100034354,2021-06-14 17:42:00,2021,6,14,17,42,39,39047,,46.5663,6.080053,Plein jour,Hors agglomération,Hors intersection,Normale,Sans collision,3,2,2,0,1,3,1,0,1,80,,1,0,0,0,1,31.0,,,,1,1,1,1,7
202100034355,2021-06-15 19:15:00,2021,6,15,19,15,44,44061,Le Pre Mace,47.240936,-1.948657,Plein jour,Hors agglomération,Hors intersection,Normale,Autre collision,3,2,2,0,1,2,1,0,3,80,,1,0,0,1,0,19.0,,,,1,1,1,1,6
202100034356,2021-06-15 16:00:00,2021,6,15,16,0,44,44087,Intersection D72-D95,46.978891,-1.803989,Plein jour,En agglomération,Giratoire,Normale,Deux véhicules - côté,3,2,1,0,1,1,1,5,1,80,,2,1,0,0,1,54.0,45.0,,,1,2,6,1,3
202100034357,2021-06-16 00:00:00,2021,6,16,0,0,44,44021,La Gravouillere,47.064012,-1.889477,Nuit sans éclairage public,Hors agglomération,Hors intersection,Normale,Sans collision,3,2,1,0,1,1,1,0,1,80,,2,0,0,2,0,23.0,,,,3,1,1,1,7
202100034358,2021-06-15 20:15:00,2021,6,15,20,15,44,44153,La Basse Morinais,47.691977,-1.449578,Plein jour,Hors agglomération,Autre intersection,Normale,Autre collision,3,2,2,0,3,3,1,0,3,80,,1,0,1,0,0,21.0,,,,1,1,9,1,6
202100034359,2021-06-16 16:35:00,2021,6,16,16,35,29,29275,Lieu Dit Menez Bras,48.440561,-3.667095,Plein jour,Hors agglomération,Hors intersection,Normale,Deux véhicules - frontale,3,2,2,0,3,1,2,0,1,80,,2,0,0,1,1,75.0,37.0,,,1,1,1,1,1
202100034360,2021-06-15 09:00:00,2021,6,15,9,0,29,29158,Rue de la corniche,47.796953,-4.356358,Plein jour,En agglomération,Hors intersection,Normale,Deux véhicules - arrière,4,2,2,0,1,1,1,0,1,50,,2,1,0,1,0,65.0,85.0,,,1,2,1,1,2
202100034361,2021-06-16 17:35:00,2021,6,16,17,35,02,02601,D 966,49.406767,4.041139,Plein jour,Hors agglomération,Autre intersection,Temps éblouissant,Deux véhicules - côté,3,2,2,0,2,1,1,0,1,80,,2,1,1,0,0,47.0,29.0,,,1,1,9,7,3
202100034362,2021-06-16 17:45:00,2021,6,16,17,45,03,03022,Route de la Gare,46.200977,3.079168,Plein jour,En agglomération,Intersection en X,Normale,Deux véhicules - côté,3,2,2,0,1,1,1,0,1,50,,2,1,0,1,0,70.0,16.0,,,1,2,2,1,3
202100034363,2021-06-15 22:30:00,2021,6,15,22,30,01,01034,26 rue de la république,45.758856,5.686251,Nuit avec éclairage allumé,En agglomération,Hors intersection,Normale,Autre collision,3,1,1,0,2,1,1,0,1,50,,1,0,1,0,0,43.0,,,,5,2,1,1,6
202100034364,2021-06-16 07:55:00,2021,6,16,7,55,01,01001,Route de la Charrière des Bottes,46.1275040503,4.9174701422,Plein jour,Hors agglomération,Hors intersection,Normale,Deux véhicules - frontale,4,-1,2,0,1,2,1,0,1,50,,2,1,0,1,0,43.0,18.0,,,1,1,1,1,1
202100034365,2021-06-16 08:35:00,2021,6,16,8,35,58,58208,D181,47.223208,3.625858,Plein jour,Hors agglomération,Hors intersection,Normale,Deux véhicules - frontale,3,2,2,0,1,2,1,0,1,80,,2,1,0,1,0,23.0,19.0,,,1,1,1,1,1
202100034366,2021-06-11 15:15:00,2021,6,11,15,15,72,72156,D1,48.105652,0.71689,Plein jour,Hors agglomération,Intersection en T,Normale,Deux véhicules - côté,3,2,2,0,2,1,1,0,1,90,,2,1,0,1,0,61.0,31.0,,,1,1,3,1,3
202100034367,2021-06-15 19:45:00,2021,6,15,19,45,72,72129,Route de Saint Corneille,48.05112,0.345297,Crépuscule ou aube,Hors agglomération,Hors intersection,Normale,Autre collision,3,2,2,0,2,2,1,0,3,80,,1,0,0,1,0,20.0,,,,2,1,1,1,6
202100034368,2021-06-16 07:20:00,2021,6,16,7,20,64,64120,ROUTE D'IHOLDY,43.299072,-1.084943,Crépuscule ou aube,Hors agglomération,Hors intersection,Normale,Sans collision,3,-1,2,0,1,3,1,0,3,80,,1,0,0,0,1,48.0,,,,2,1,1,1,7
202100034369,2021-06-16 17:20:00,2021,6,16,17,20,64,64275,RD933,43.168844,-1.232411,Plein jour,En agglomération,Hors intersection,Normale,Sans collision,3,2,2,0,2,2,1,0,1,50,,1,0,0,1,0,21.0,,,,1,2,1,1,7
202100034370,2021-06-15 19:20:00,2021,6,15,19,20,43,43218,RN 88,45.063185,4.01965,Plein jour,Hors agglomération,Hors intersection,Normale,Deux véhicules - frontale,2,2,2,0,1,3,1,0,1,80,,3,0,0,2,1,21.0,29.0,,,1,1,1,1,1
202100034371,2021-06-15 17:25:00,2021,6,15,17,25,16,16009,Lieu-dit Cloux de Lébré,45.953681,0.589015,Plein jour,Hors agglomération,Hors intersection,Temps éblouissant,Deux véhicules - frontale,4,2,2,0,2,2,1,0,1,80,,2,1,0,1,0,16.0,58.0,,,1,1,1,7,1
202100034372,2021-06-15 15:50:00,2021,6,15,15,50,53,53055,La Noirie,48.418522,-0.548841,Plein jour,Hors agglomération,Hors intersection,Normale,Sans collision,3,2,2,0,2,1,9,9,8,80,,2,1,0,1,0,33.0,,,,1,1,1,1,7
202100034373,2021-06-16 13:50:00,2021,6,16,13,50,21,21567,D36,47.112809,4.487143,Plein jour,Hors agglomération,Intersection en X,Normale,Deux véhicules - côté,3,2,2,0,1,1,1,0,1,80,,2,1,1,0,0,42.0,78.0,,,1,1,2,1,3
202100034374,2021-06-15 11:55:00,2021,6,15,11,55,04,04004,RD 952,43.797476,6.04247,Plein jour,Hors agglomération,Hors intersection,Normale,Sans collision,3,2,2,0,1,3,1,0,1,80,,1,0,0,1,0,59.0,,,,1,1,1,1,7
202100034375,2021-06-15 20:00:00,2021,6,15,20,0,28,28029,D109,48.163352,1.820576,Plein jour,Hors agglomération,Hors intersection,Normale,Sans collision,3,2,2,0,1,2,1,0,1,80,,1,0,0,0,1,36.0,,,,1,1,1,1,7
202100034376,2021-06-15 20:30:00,2021,6,15,20,30,28,28137,RD122,48.567556,1.69794,Plein jour,Hors agglomération,Hors intersection,Normale,Sans collision,3,2,2,0,1,3,1,0,3,80,,2,0,0,0,2,28.0,,,,1,1,1,1,7
202100034377,2021-06-16 03:00:00,2021,6,16,3,0,08,08373,Passage à niveau,49.805429,4.272614,Nuit sans éclairage public,En agglomération,Passage à niveau,Normale,Deux véhicules - côté,3,2,2,0,2,2,1,4,8,50,,2,1,0,1,0,51.0,39.0,,,3,2,8,1,3
202100034378,2021-06-15 16:10:00,2021,6,15,16,10,88,88362,Départementale 45,48.397497,7.028632,Plein jour,Hors agglomération,Hors intersection,Normale,Sans collision,3,2,2,0,2,4,1,0,3,80,,1,0,0,0,1,16.0,,,,1,1,1,1,7
202100034379,2021-06-15 07:15:00,2021,6,15,7,15,67,67049,D215,48.5138764439,7.5970244408,Plein jour,Hors agglomération,Hors intersection,Normale,Deux véhicules - frontale,7,-1,2,0,2,1,1,0,1,80,,2,1,0,1,0,38.0,28.0,,,1,1,1,1,1
202100034380,2021-06-15 23:05:00,2021,6,15,23,5,74,74010,163 Av d Aix les Bains (Seynod),45.883564,6.098612,Nuit avec éclairage allumé,En agglomération,Hors intersection,Normale,Deux véhicules - arrière,3,3,2,0,2,1,1,0,1,50,,2,1,0,1,0,27.0,53.0,,,5,2,1,1,2
202100034381,2021-06-15 16:30:00,2021,6,15,16,30,44,44213,pont de varades D 752 PR 002.000,47.36991,-1.015876,Plein jour,Hors agglomération,Autre intersection,Normale,Deux véhicules - côté,3,2,2,2,1,1,1,2,1,70,,2,1,0,1,0,22.0,63.0,,,1,1,9,1,3
202100034382,2021-06-15 09:35:00,2021,6,15,9,35,06,06088,Autoroute A8 pk 197.500 en chaussée sud,43.729049,7.258015,Plein jour,Hors agglomération,Hors intersection,Normale,Sans collision,1,3,4,0,2,2,8,0,2,90,,2,1,0,0,1,54.0,57.0,,,1,1,1,1,7
202100034383,2021-06-16 01:55:00,2021,6,16,1,55,34,34270,A9 - PK 107+500,43.556728,3.824337,Nuit sans éclairage public,Hors agglomération,Hors intersection,Normale,Deux véhicules - arrière,1,3,5,0,1,1,1,0,2,110,,3,1,0,1,1,49.0,21.0,,,3,1,1,1,2
202100034384,2021-06-15 19:00:00,2021,6,15,19,0,988,98820,Tribu de WADRILLA,-20.555969,166.570094,Nuit sans éclairage public,Hors agglomération,Hors intersection,Normale,Deux véhicules - frontale,3,2,2,0,1,4,1,0,1,70,,6,4,0,2,0,55.0,43.0,,,3,1,1,1,1
202100034385,2021-06-15 09:45:00,2021,6,15,9,45,973,97311,Rue Edgard Milien,5.488369,-54.035592,Plein jour,En agglomération,Hors intersection,Normale,Deux véhicules - côté,4,2,2,0,1,1,1,0,1,50,,2,1,0,1,0,62.0,48.0,,,1,2,1,1,3
202100034386,2021-06-16 07:45:00,2021,6,16,7,45,30,30027,D24,44.053126,4.058914,Plein jour,Hors agglomération,Hors intersection,Normale,Deux véhicules - côté,3,2,2,0,1,1,1,0,1,70,,2,1,0,1,0,61.0,58.0,,,1,1,1,1,3
202100034387,2021-06-15 21:30:00,2021,6,15,21,30,34,34145,Route de Sommieres,43.694435,4.135612,Crépuscule ou aube,Hors agglomération,Hors intersection,Normale,Sans collision,3,2,2,0,1,2,1,0,3,90,,1,0,1,0,0,39.0,,,,2,1,1,1,7
202100034388,2021-06-15 18:48:00,2021,6,15,18,48,05,05006,N94,44.771127,6.561306,Plein jour,Hors agglomération,Hors intersection,Normale,Sans collision,2,2,2,0,1,2,1,0,1,80,,1,0,0,1,0,56.0,,,,1,1,1,1,7
202100034389,2021-06-09 18:45:00,2021,6,9,18,45,68,68287,D83,47.934935,7.277292,Plein jour,Hors agglomération,Hors intersection,Normale,Deux véhicules - frontale,3,3,4,0,1,1,1,9,1,110,,2,1,0,0,1,81.0,38.0,,,1,1,1,1,1
202100034390,2021-05-30 06:45:00,2021,5,30,6,45,67,67101,rond point de la colonne,48.52354,7.498158,Crépuscule ou aube,En agglomération,Giratoire,Normale,Deux véhicules - arrière,3,1,2,0,1,1,1,9,8,30,,2,1,0,0,1,33.0,59.0,,,2,2,6,1,2
202100034391,2021-06-16 05:00:00,2021,6,16,5,0,03,03113,Route du Mayet de Montagne,46.034899,3.644629,Nuit sans éclairage public,Hors agglomération,Hors intersection,Normale,Autre collision,3,2,2,0,2,3,1,0,3,90,,2,1,1,0,0,36.0,,,,3,1,1,1,6
202100034392,2021-06-16 05:30:00,2021,6,16,5,30,74,74146,d32,46.368512,6.571356,Plein jour,En agglomération,Autre intersection,Normale,Deux véhicules - frontale,3,2,2,0,1,1,1,0,1,50,,2,1,0,1,0,41.0,42.0,,,1,2,9,1,1
202100034393,2021-06-15 22:15:00,2021,6,15,22,15,38,38565,Avenue du 11 Novembre,45.26003,5.658463,Nuit sans éclairage public,Hors agglomération,Hors intersection,Normale,Deux véhicules - frontale,3,2,2,2,1,1,1,0,1,70,,1,0,0,1,0,29.0,,,,3,1,1,1,1
202100034394,2021-06-15 19:00:00,2021,6,15,19,0,33,33273,Avenue du 18 Juin 1940,44.842726,-0.771726,Plein jour,En agglomération,Hors intersection,Temps éblouissant,Deux véhicules - côté,4,2,2,0,1,1,1,0,1,50,,2,1,0,1,0,48.0,52.0,,,1,2,1,7,3
202100034395,2021-06-13 20:45:00,2021,6,13,20,45,50,50592,rue de la forge,48.961162,-1.046383,Crépuscule ou aube,Hors agglomération,Hors intersection,Normale,Autre collision,3,2,2,0,2,3,1,0,4,50,,1,0,0,0,1,25.0,,,,2,1,1,1,6
202100034396,2021-06-16 07:10:00,2021,6,16,7,10,27,27653,D3,49.17664,1.54506,Plein jour,Hors agglomération,Hors intersection,Normale,Deux véhicules - frontale,3,2,2,0,1,1,1,0,1,-1,,2,1,0,1,0,56.0,54.0,,,1,1,1,1,1
202100034397,2021-06-16 15:35:00,2021,6,16,15,35,60,60439,Avenue du 11 Novembre 1918,49.3101488324,2.3267111777,Plein jour,En agglomération,Giratoire,Temps éblouissant,Deux véhicules - côté,3,2,2,0,1,1,1,0,1,50,,2,1,0,1,0,22.0,25.0,,,1,2,6,7,3
202100034398,2021-06-13 21:40:00,2021,6,13,21,40,59,59482,Rue de la Prevote,50.704731,2.987224,Plein jour,En agglomération,Intersection en T,Normale,Deux véhicules - côté,7,2,2,1,1,1,1,5,1,50,,2,1,0,1,0,21.0,18.0,,,1,2,3,1,3
202100034399,2021-06-10 08:24:00,2021,6,10,8,24,13,13202,TVPCD-Sens Les Ports vers Saint Victor,43.2978,5.363,Plein jour,En agglomération,Hors intersection,Normale,Deux véhicules - arrière,1,1,2,0,1,1,1,1,1,50,,2,1,0,0,1,41.0,20.0,,,1,2,1,1,2
202100034400,2021-06-14 17:50:00,2021,6,14,17,50,13,13005,A502-Sens Aubagne vers Toulon par R.N.,43.2838673251,5.586872758,Plein jour,Hors agglomération,Hors intersection,Normale,Trois véhicules et plus - en chaîne,1,1,2,0,1,1,1,0,1,70,,3,2,0,0,1,41.0,29.0,,,1,1,1,1,4
202100034401,2021-06-15 11:20:00,2021,6,15,11,20,13,13001,A51-Sens Aix en Provence vers Marseille,43.52255,5.42695,Plein jour,Hors agglomération,Hors intersection,Normale,Autre collision,1,1,2,0,1,1,1,0,1,90,,2,1,0,0,1,19.0,,,,1,1,1,1,6
202100034402,2021-06-15 09:00:00,2021,6,15,9,0,13,13215,A7-Sens Lyon vers Marseille,43.36008,5.36177,Plein jour,Hors agglomération,Hors intersection,Normale,Trois véhicules et plus - collisions multiples,1,1,3,0,1,1,1,0,1,90,,3,2,0,1,0,35.0,36.0,,,1,1,1,1,5
202100034403,2021-06-14 23:55:00,2021,6,14,23,55,13,13211,A50-Sens Aubagne vers Marseille,43.289907,5.447266,Nuit sans éclairage public,Hors agglomération,Hors intersection,Normale,Trois véhicules et plus - en chaîne,1,1,3,0,1,1,1,0,1,90,,5,0,0,0,5,51.0,21.0,,,3,1,1,1,4
202100034404,2021-06-14 01:08:00,2021,6,14,1,8,13,13215,A7-Sens Marseille vers Lyon,43.3516462008,5.3667969703,Nuit sans éclairage public,Hors agglomération,Hors intersection,Normale,Deux véhicules - arrière,1,1,3,0,2,1,1,0,1,90,,2,1,0,0,1,57.0,,,,3,1,1,1,2
202100034405,2021-06-15 12:00:00,2021,6,15,12,0,69,69142,M7   2.278 A 3.690,45.73,4.8154,Plein jour,Hors agglomération,Hors intersection,Normale,Deux véhicules - côté,7,3,6,0,2,2,1,0,1,50,,4,2,0,0,2,23.0,39.0,,,1,1,1,1,3
202100034406,2021-06-10 08:45:00,2021,6,10,8,45,67,67152,M83,48.5223,7.69681,Plein jour,Hors agglomération,Hors intersection,Normale,Deux véhicules - côté,7,1,3,0,1,1,1,0,1,90,,2,1,0,0,1,33.0,68.0,,,1,1,1,1,3
202100034407,2021-06-15 20:30:00,2021,6,15,20,30,33,33143,,44.955393,-0.453169,Plein jour,Hors agglomération,Hors intersection,Normale,Deux véhicules - arrière,1,3,6,0,1,1,1,2,1,110,,4,2,0,0,2,24.0,19.0,,,1,1,1,1,2
202100034408,2021-06-15 20:08:00,2021,6,15,20,8,33,33143,,44.965778,-0.439231,Plein jour,Hors agglomération,Hors intersection,Normale,Deux véhicules - arrière,1,3,6,0,1,1,1,0,1,130,,2,1,0,0,1,58.0,50.0,,,1,1,1,1,2
202100034409,2021-06-15 08:30:00,2021,6,15,8,30,33,33065,Rocade Rive Droite N230,44.814558,-0.520794,Plein jour,Hors agglomération,Hors intersection,Normale,Trois véhicules et plus - en chaîne,2,3,6,0,1,3,1,3,1,90,,4,3,0,0,1,50.0,33.0,,,1,1,1,1,4
202100034410,2021-06-15 07:50:00,2021,6,15,7,50,33,33122,,44.724659,-0.733242,Plein jour,Hors agglomération,Hors intersection,Normale,Trois véhicules et plus - en chaîne,1,3,4,0,1,1,1,0,1,130,,4,3,0,0,1,48.0,23.0,,,1,1,1,1,4
202100034411,2021-06-13 23:50:00,2021,6,13,23,50,33,33487,Autoroute A10 -E41-,44.9518005082,-0.4601168633,Nuit sans éclairage public,Hors agglomération,Giratoire,Normale,Deux véhicules - arrière,1,1,1,0,1,1,1,3,1,80,,6,2,0,0,4,40.0,,,,3,1,6,1,2
202100034412,2021-06-14 17:40:00,2021,6,14,17,40,91,91553,RN 104,48.62504,2.4716,Plein jour,Hors agglomération,Hors intersection,Normale,Sans collision,2,3,7,0,1,1,1,0,1,90,,1,0,0,0,1,24.0,,,,1,1,1,1,7
202100034413,2021-06-14 22:30:00,2021,6,14,22,30,94,94043,AUTOROUTE A6B,48.8067716076,2.3462255274,Nuit avec éclairage allumé,Hors agglomération,Hors intersection,Normale,Autre collision,1,3,4,0,1,1,1,1,2,70,,1,0,0,1,0,30.0,,,,5,1,1,1,6
202100034414,2021-06-15 17:45:00,2021,6,15,17,45,78,78297,RN12,48.791345,2.056419,Plein jour,Hors agglomération,Hors intersection,Normale,Deux véhicules - arrière,2,3,2,0,1,1,1,0,1,110,,2,1,0,0,1,51.0,35.0,,,1,1,1,1,2
202100034415,2021-06-14 22:00:00,2021,6,14,22,0,78,78402,A13,48.9648,1.7671,Nuit avec éclairage non allumé,Hors agglomération,Hors intersection,Normale,Autre collision,1,1,4,0,1,1,1,0,1,130,,1,0,0,0,1,31.0,,,,4,1,1,1,6
202100034416,2021-06-15 09:00:00,2021,6,15,9,0,93,93010,AUTOROUTE A3,48.90539,2.47182,Plein jour,Hors agglomération,Hors intersection,Normale,Deux véhicules - côté,1,3,6,0,1,1,1,0,1,90,,2,1,0,0,1,36.0,40.0,,,1,1,1,1,3
202100034417,2021-06-14 16:00:00,2021,6,14,16,0,93,93007,AUTOROUTE A1,48.94569,2.44061,Plein jour,Hors agglomération,Hors intersection,Normale,Deux véhicules - arrière,1,3,8,0,1,1,1,0,1,110,,3,2,0,0,1,40.0,33.0,,,1,1,1,1,2
202100034418,2021-06-15 16:10:00,2021,6,15,16,10,94,94073,A86 INT,48.7630280253,2.3813295364,Plein jour,Hors agglomération,Hors intersection,Normale,Deux véhicules - côté,1,3,3,0,1,1,1,1,1,90,,2,1,0,0,1,25.0,54.0,,,1,1,1,1,3
202100034419,2021-06-15 10:50:00,2021,6,15,10,50,94,94073,A86 EXT,48.7628606503,2.3813598274,Plein jour,Hors agglomération,Hors intersection,Normale,Autre collision,1,-1,3,0,1,1,1,1,1,90,,2,1,0,0,1,33.0,34.0,,,1,1,1,1,6
202100034420,2021-06-15 08:30:00,2021,6,15,8,30,94,94015,A4,48.83129,2.53107,Plein jour,Hors agglomération,Hors intersection,Normale,Autre collision,1,3,4,0,1,2,1,0,1,110,,3,2,0,0,1,40.0,44.0,,,1,1,1,1,6
202100034421,2021-06-15 07:20:00,2021,6,15,7,20,77,77258,A4.W,48.8307,2.63277,Plein jour,Hors agglomération,Hors intersection,Normale,Deux véhicules - arrière,1,3,10,0,1,1,1,0,1,110,,2,1,0,0,1,50.0,35.0,,,1,1,1,1,2
202100034422,2021-06-15 07:10:00,2021,6,15,7,10,94,94079,A4,48.8354458972,2.5387118132,Plein jour,Hors agglomération,Hors intersection,Normale,Autre collision,1,3,8,0,1,1,1,0,1,110,,2,1,0,0,1,48.0,21.0,,,1,1,1,1,6
202100034423,2021-06-15 06:40:00,2021,6,15,6,40,94,94022,A86 EXT,48.7765946914,2.416910461,Plein jour,Hors agglomération,Hors intersection,Normale,Trois véhicules et plus - en chaîne,1,-1,3,0,1,1,1,0,1,90,,4,3,0,0,1,30.0,32.0,,,1,1,1,1,4
202100034424,2021-06-14 20:20:00,2021,6,14,20,20,75,75117,AVENUE DES TERNES,48.879737,2.289482,Plein jour,En agglomération,Intersection en Y,Normale,Autre collision,4,2,4,0,1,1,1,0,1,50,,2,1,0,0,1,,,,,1,2,4,1,6
202100034425,2021-06-14 11:15:00,2021,6,14,11,15,92,92012,VICTOR HUGO (AVENUE) 49/FIN - 60/FIN,48.83973,2.24718,Plein jour,En agglomération,Intersection en X,Normale,Autre collision,4,2,2,0,1,1,1,0,1,50,,2,1,0,0,1,,,,,1,2,2,1,6
202100034426,2021-06-13 21:20:00,2021,6,13,21,20,75,75115,PORTE DE SEVRES,48.832739,2.279497,Crépuscule ou aube,En agglomération,Intersection en Y,Normale,Deux véhicules - arrière,4,1,3,0,1,1,1,0,1,70,,3,2,0,0,1,37.0,37.0,,,2,2,4,1,2
202100034427,2021-06-14 12:00:00,2021,6,14,12,0,75,75120,RUE DE MENILMONTANT,48.869201,2.391917,Plein jour,En agglomération,Intersection en T,Normale,Deux véhicules - côté,4,2,2,3,2,1,1,0,1,50,,2,1,0,0,1,31.0,57.0,,,1,2,3,1,3
202100034428,2021-06-13 11:35:00,2021,6,13,11,35,75,75119,BOULEVARD SERURIER,48.884505,2.394583,Plein jour,En agglomération,Intersection en T,Normale,Autre collision,4,2,4,0,4,1,1,0,1,50,,2,1,0,0,1,69.0,,,,1,2,3,1,6
202100034429,2021-06-14 14:50:00,2021,6,14,14,50,75,75118,RUE MARCADET,48.893072,2.327749,Plein jour,En agglomération,Intersection en T,Temps éblouissant,Autre collision,4,1,1,0,1,2,1,0,1,50,,2,1,0,0,1,46.0,,,,1,2,3,7,6
202100034430,2021-06-14 20:00:00,2021,6,14,20,0,75,75117,RUE DE LA JONQUIERE,48.893542,2.324557,Plein jour,En agglomération,Hors intersection,Normale,Autre collision,4,1,1,0,1,1,1,0,1,30,,1,0,0,0,1,41.0,,,,1,2,1,1,6
202100034431,2021-06-14 08:30:00,2021,6,14,8,30,75,75117,AVENUE STEPHANE MALLARME,48.887492,2.29477,Plein jour,En agglomération,Intersection en X,Normale,Deux véhicules - côté,4,2,2,0,1,1,1,0,1,30,,2,1,0,0,1,24.0,39.0,,,1,2,2,1,3
202100034432,2021-06-14 04:37:00,2021,6,14,4,37,75,75116,PLACE D AUTEUIL,48.847913,2.258922,Crépuscule ou aube,En agglomération,Intersection en X,Normale,Deux véhicules - côté,4,2,4,0,1,1,1,9,1,50,,2,1,0,1,0,,60.0,,,2,2,2,1,3
202100034433,2021-06-14 15:15:00,2021,6,14,15,15,75,75107,QUAI VOLTAIRE,48.858818,2.331504,Plein jour,En agglomération,Hors intersection,Normale,Autre collision,4,1,2,1,1,1,1,0,5,50,,1,0,0,0,1,28.0,,,,1,2,1,1,6
202100034434,2021-06-13 21:45:00,2021,6,13,21,45,75,75113,RUE BOUSSINGAULT,48.825687,2.342671,Crépuscule ou aube,En agglomération,Hors intersection,Normale,Autre collision,4,2,2,0,1,1,1,0,1,30,,1,0,0,0,1,19.0,,,,2,2,1,1,6
202100034435,2021-06-13 19:05:00,2021,6,13,19,5,75,75113,RUE BRUANT,48.834966,2.366732,Plein jour,En agglomération,Hors intersection,Normale,Deux véhicules - frontale,4,1,1,0,1,2,1,0,1,30,,2,1,0,0,1,25.0,36.0,,,1,2,1,1,1
202100034436,2021-06-14 10:20:00,2021,6,14,10,20,75,75112,QUAI DE LA RAPEE,48.84635,2.366721,Plein jour,En agglomération,Hors intersection,Normale,Deux véhicules - côté,4,1,3,1,1,3,1,0,1,50,,2,1,0,0,1,48.0,,,,1,2,1,1,3
202100034437,2021-06-13 18:35:00,2021,6,13,18,35,75,75112,RUE DE PICPUS,48.845012,2.395602,Plein jour,En agglomération,Hors intersection,Normale,Deux véhicules - arrière,4,2,2,0,1,1,1,0,1,50,,2,1,0,0,1,16.0,59.0,,,1,2,1,1,2
202100034438,2021-06-14 12:35:00,2021,6,14,12,35,75,75111,AVENUE DE LA REPUBLIQUE,48.865995,2.370712,Plein jour,En agglomération,Intersection en Y,Normale,Deux véhicules - côté,4,2,-1,1,1,1,1,0,1,30,,2,1,0,0,1,26.0,43.0,,,1,2,4,1,3
202100034439,2021-06-14 19:40:00,2021,6,14,19,40,75,75107,AVENUE DE BRETEUIL,48.850033,2.311575,Plein jour,En agglomération,Hors intersection,Normale,Deux véhicules - côté,4,1,1,0,1,1,1,0,1,50,,2,1,0,0,1,47.0,44.0,,,1,2,1,1,3
202100034440,2021-06-14 15:10:00,2021,6,14,15,10,75,75102,AVENUE DE L OPERA,48.868709,2.333128,Plein jour,En agglomération,Intersection en T,Normale,Deux véhicules - côté,4,2,4,3,1,1,1,0,1,50,,2,1,0,0,1,58.0,69.0,,,1,2,3,1,3
202100034441,2021-06-14 19:30:00,2021,6,14,19,30,94,94052,Rue Jacques Kablé,48.8358,2.4886,Plein jour,En agglomération,Intersection en X,Normale,Deux véhicules - côté,3,2,2,0,2,1,1,0,1,50,,2,1,0,0,1,58.0,76.0,,,1,2,2,1,3
202100034442,2021-06-14 15:30:00,2021,6,14,15,30,94,94034,PARC MEDICIS (AV DU),48.7534,2.33314,Plein jour,En agglomération,Giratoire,Temps éblouissant,Deux véhicules - côté,3,2,2,0,1,2,1,0,1,50,,4,2,0,0,2,77.0,49.0,,,1,2,6,7,3
202100034443,2021-06-13 23:36:00,2021,6,13,23,36,94,94028,CHOISY(ROUTE DE),48.77735,2.44168,Nuit avec éclairage allumé,En agglomération,Hors intersection,Normale,Autre collision,2,3,2,0,1,1,1,0,1,50,,2,0,0,2,0,37.0,,,,5,2,1,1,6
202100034444,2021-06-14 13:25:00,2021,6,14,13,25,94,94022,Rue des Freres Reclus,48.757351,2.407445,Plein jour,En agglomération,Hors intersection,Normale,Deux véhicules - côté,4,2,2,0,1,1,1,0,1,50,,3,2,0,0,1,22.0,33.0,,,1,2,1,1,3
202100034445,2021-06-13 19:40:00,2021,6,13,19,40,94,94022,Rue Robert Peary,48.75424,2.41378,Plein jour,En agglomération,Autre intersection,Normale,Autre collision,6,-1,0,0,1,3,1,0,1,30,,2,1,0,0,1,41.0,,,,1,2,9,1,6
202100034446,2021-06-14 18:10:00,2021,6,14,18,10,94,94070,NATIONALE 19,48.72191,2.56269,Plein jour,Hors agglomération,Hors intersection,Normale,Sans collision,2,2,2,0,2,1,1,0,1,80,,2,1,0,1,0,22.0,,,,1,1,1,1,7
202100034447,2021-06-14 14:10:00,2021,6,14,14,10,93,93073,Rue du Chapitre,49.002608468,2.5368762016,Plein jour,En agglomération,Autre intersection,Temps éblouissant,Trois véhicules et plus - collisions multiples,4,1,1,0,1,3,1,0,1,50,,3,1,0,2,0,60.0,46.0,,,1,2,9,7,5