accident_id,datetime,annee,mois,jour,heure,minute,departement,commune_insee,adresse,latitude,longitude,luminosite,agglomeration,intersection,meteo,collision,catr,circ,nbv,vosp,prof,plan,surf,infra,situ,vma,nb_vehicules,nb_usagers,nb_indemnes,nb_tues,nb_blesses_hosp,nb_blesses_legers,age_cond_1,age_cond_2,veh_type_cond_1,veh_type_cond_2,lum_code,agg_code,int_code,atm_code,col_code
202100034448,2021-06-14 08:15:00,2021,6,14,8,15,93,93046,Avenue Aristide Briand,48.911383,2.518106,Plein jour,En agglomération,Hors intersection,Normale,Trois véhicules et plus - collisions multiples,3,3,6,0,1,1,1,0,1,5,,3,2,0,0,1,35.0,60.0,,,1,2,1,1,5
202100034449,2021-06-14 21:15:00,2021,6,14,21,15,93,93007,PABLO NERUDA (ROND-POINT),48.9498970434,2.467022743,Plein jour,En agglomération,Intersection à plus de 4 branches,Normale,Deux véhicules - côté,3,-1,2,0,1,1,1,0,1,50,,2,1,0,0,1,34.0,,,,1,2,5,1,3
202100034450,2021-06-14 13:45:00,2021,6,14,13,45,93,93007,ALTRINCHAM (RUE),48.94802,2.4497,Plein jour,En agglomération,Hors intersection,Normale,Autre collision,4,2,2,0,1,1,1,0,1,50,,2,1,0,0,1,,,,,1,2,1,1,6
202100034451,2021-06-13 11:25:00,2021,6,13,11,25,92,92072,EUROPE (AVENUE DE L'),48.8231579333,2.2096332908,Plein jour,En agglomération,Hors intersection,Normale,Deux véhicules - côté,3,1,2,1,1,1,1,0,5,50,,2,1,0,0,1,42.0,49.0,,,1,2,1,1,3
202100034452,2021-06-13 20:25:00,2021,6,13,20,25,92,92050,CLEMENCEAU GEORGES AVENUE N°IMPAIR,48.88564,2.22043,Plein jour,En agglomération,Hors intersection,Normale,Trois véhicules et plus - collisions multiples,3,2,3,1,1,1,1,0,1,50,,5,2,0,3,0,33.0,30.0,,,1,2,1,1,5
202100034453,2021-06-14 08:38:00,2021,6,14,8,38,92,92049,DORMOY AVENUE MARX N°2 A 100,48.8100462858,2.3192122579,Plein jour,En agglomération,Hors intersection,Normale,Autre collision,3,2,4,3,1,1,1,0,1,50,,2,1,0,0,1,42.0,,,,1,2,1,1,6
202100034454,2021-06-11 20:30:00,2021,6,11,20,30,92,92036,LOUIS ROCHE (AVENUE) (1/45),48.923344,2.321315,Plein jour,En agglomération,Intersection en X,Normale,Deux véhicules - côté,3,2,2,0,1,1,1,0,1,50,,2,0,0,0,2,20.0,20.0,,,1,2,2,1,3
202100034455,2021-06-14 11:55:00,2021,6,14,11,55,92,92071,HOUDAN (RUE),48.7790574772,2.2805857658,Plein jour,En agglomération,Hors intersection,Normale,Deux véhicules - arrière,3,2,2,0,1,1,1,0,1,50,,2,1,0,0,1,19.0,22.0,,,1,2,1,1,2
202100034456,2021-06-13 09:30:00,2021,6,13,9,30,60,60139,A16,49.1538949699,2.2442622183,Plein jour,Hors agglomération,Hors intersection,Normale,Deux véhicules - arrière,1,1,2,0,1,1,1,0,1,130,,5,4,0,1,0,59.0,36.0,,,1,1,1,1,2
202100034457,2021-06-13 11:00:00,2021,6,13,11,0,29,29277,Streat Ar Skol,48.3736247958,-4.0208406937,Plein jour,En agglomération,Hors intersection,Normale,Autre collision,4,2,2,0,1,1,1,0,1,50,,1,0,0,1,0,45.0,,,,1,2,1,1,6
202100034458,2021-06-15 08:00:00,2021,6,15,8,0,37,37193,112 Route de Bourgueil,47.2809403228,0.2008770884,Plein jour,Hors agglomération,Hors intersection,Temps éblouissant,Deux véhicules - côté,3,2,2,0,1,1,1,0,1,70,,2,1,0,0,1,75.0,53.0,,,1,1,1,7,3
202100034459,2021-06-14 08:20:00,2021,6,14,8,20,35,35245,Rue des Trois Evêchés,48.21607,-1.889557,Plein jour,En agglomération,Giratoire,Temps éblouissant,Autre collision,7,2,2,0,1,1,1,0,1,50,,2,1,0,1,0,51.0,,,,1,2,6,7,6
202100034460,2021-06-06 10:50:00,2021,6,6,10,50,01,01085,80,46.042617,5.035772,Plein jour,Hors agglomération,Hors intersection,Normale,Deux véhicules - côté,3,2,2,0,1,2,1,0,1,80,,3,0,0,1,2,29.0,40.0,,,1,1,1,1,3
202100034461,2021-06-15 17:45:00,2021,6,15,17,45,24,24010,Gravelle,45.172092,0.590837,Plein jour,En agglomération,Intersection en T,Normale,Deux véhicules - côté,3,2,2,1,1,1,1,0,1,50,,2,1,0,1,0,32.0,52.0,,,1,2,3,1,3
202100034462,2021-06-14 12:35:00,2021,6,14,12,35,41,41282,D75,47.35278,1.855659,Plein jour,Hors agglomération,Hors intersection,Normale,Autre collision,3,2,2,0,1,1,1,0,3,90,,1,0,0,1,0,35.0,,,,1,1,1,1,6
202100034463,2021-06-14 07:05:00,2021,6,14,7,5,33,33327,,44.645758638,-0.342059157,Plein jour,Hors agglomération,Intersection en X,Temps éblouissant,Deux véhicules - arrière,3,2,2,0,1,1,1,0,1,80,,2,1,0,0,1,47.0,31.0,,,1,1,2,7,2
202100034464,2021-06-14 17:37:00,2021,6,14,17,37,81,81079,D612 PK071+100,43.830657,2.191322,Plein jour,Hors agglomération,Hors intersection,Normale,Deux véhicules - frontale,3,2,2,0,1,1,1,0,1,90,,2,1,0,1,0,19.0,40.0,,,1,1,1,1,1
202100034465,2021-06-15 04:20:00,2021,6,15,4,20,10,10276,Rue d Aix,48.23421,3.721549,Nuit avec éclairage non allumé,En agglomération,Autre intersection,Normale,Deux véhicules - arrière,3,2,2,0,2,1,1,0,1,50,,2,1,0,0,1,29.0,34.0,,,4,2,9,1,2
202100034466,2021-06-14 11:30:00,2021,6,14,11,30,26,26337,autoroute A7 - PK 097+000 - S/N,44.71665,4.785426,Plein jour,Hors agglomération,Autre intersection,Normale,Deux véhicules - côté,1,3,5,0,1,1,1,0,1,130,,6,5,0,0,1,28.0,37.0,,,1,1,9,1,3
202100034467,2021-06-15 09:55:00,2021,6,15,9,55,21,21630,Autoroute A6- PK 262+300- sens Paris vers Lyon,47.256799,4.532815,Plein jour,Hors agglomération,Hors intersection,Normale,Autre collision,1,3,4,0,1,1,1,0,3,130,,1,0,0,1,0,21.0,,,,1,1,1,1,6
202100034468,2021-06-14 08:10:00,2021,6,14,8,10,63,63404,"a75, PK 27+400 sens Sud/Nord",45.573347,3.245215,Plein jour,Hors agglomération,Hors intersection,Normale,Trois véhicules et plus - en chaîne,1,3,1,0,1,1,1,0,1,90,,5,2,0,1,2,26.0,25.0,,,1,1,1,1,4
202100034469,2021-06-13 17:30:00,2021,6,13,17,30,62,62282,CD939,50.387494,2.174907,Plein jour,Hors agglomération,Hors intersection,Normale,Deux véhicules - côté,3,2,4,0,1,1,1,9,1,80,,2,1,0,0,1,57.0,53.0,,,1,1,1,1,3
202100034470,2021-06-14 23:00:00,2021,6,14,23,0,77,77182,D204,48.770814,3.292551,Nuit sans éclairage public,Hors agglomération,Hors intersection,Normale,Deux véhicules - frontale,3,2,2,0,1,1,1,0,1,80,,2,1,1,0,0,52.0,40.0,,,3,1,1,1,1
202100034471,2021-06-15 15:58:00,2021,6,15,15,58,30,30141,D6086,44.1102,4.6131,Plein jour,Hors agglomération,Hors intersection,Normale,Autre collision,3,2,2,0,1,1,1,0,1,80,,4,1,0,1,2,34.0,22.0,,,1,1,1,1,6
202100034472,2021-06-15 08:00:00,2021,6,15,8,0,89,89373,86 Grande Rue,48.213152,3.348507,Plein jour,En agglomération,Intersection en T,Temps éblouissant,Deux véhicules - frontale,3,2,2,0,1,1,1,9,1,30,,2,1,0,1,0,31.0,74.0,,,1,2,3,7,1
202100034473,2021-06-13 08:45:00,2021,6,13,8,45,56,56078,Route de Keranna,47.795485,-3.465285,Plein jour,Hors agglomération,Intersection en T,Temps éblouissant,Sans collision,3,2,2,0,4,1,1,5,1,70,,2,1,0,0,1,76.0,48.0,,,1,1,3,7,7
202100034474,2021-06-15 19:15:00,2021,6,15,19,15,76,76035,Rue de Normandie,49.76753,1.75273,Plein jour,En agglomération,Intersection à plus de 4 branches,Normale,Deux véhicules - frontale,3,2,2,0,1,1,1,0,1,50,,2,1,0,1,0,65.0,58.0,,,1,2,5,1,1
202100034475,2021-06-15 14:30:00,2021,6,15,14,30,65,65470,Route d Argeles,43.0625257868,-0.0429609418,Plein jour,Hors agglomération,Intersection en T,Normale,Deux véhicules - côté,3,2,2,0,4,1,1,0,1,80,,2,1,1,0,0,76.0,66.0,,,1,1,3,1,3
202100034476,2021-06-14 18:30:00,2021,6,14,18,30,81,81202,D87,43.8264336405,1.8615442514,Plein jour,Hors agglomération,Hors intersection,Normale,Sans collision,3,2,2,0,2,3,9,0,1,80,,1,0,1,0,0,61.0,,,,1,1,1,1,7
202100034477,2021-06-15 10:45:00,2021,6,15,10,45,71,71414,Route Saint-Ferréol,47.0096588416,4.2952944362,Plein jour,Hors agglomération,Hors intersection,Normale,Deux véhicules - arrière,3,2,2,0,1,1,1,0,1,80,,2,1,0,0,1,83.0,26.0,,,1,1,1,1,2
202100034478,2021-06-13 15:45:00,2021,6,13,15,45,89,89034,Route Départementale 965,47.811912,3.714484,Plein jour,Hors agglomération,Hors intersection,Normale,Sans collision,3,2,3,0,4,2,1,0,3,70,,1,0,0,0,1,25.0,,,,1,1,1,1,7
202100034479,2021-06-12 18:05:00,2021,6,12,18,5,61,61018,Herbage du Bourgel,48.931405,0.320182,Plein jour,Hors agglomération,Hors intersection,Normale,Sans collision,4,2,1,0,1,1,9,0,1,70,,1,0,0,1,0,58.0,,,,1,1,1,1,7
202100034480,2021-06-15 03:50:00,2021,6,15,3,50,55,55254,Voie Sacree,48.958912,5.288061,Crépuscule ou aube,Hors agglomération,Hors intersection,Normale,Sans collision,3,2,2,0,2,2,1,0,1,90,,1,0,0,0,1,23.0,,,,2,1,1,1,7
202100034481,2021-06-14 21:45:00,2021,6,14,21,45,42,42334,47 Route du Pin Bouchin,45.852893,4.35697,Plein jour,En agglomération,Hors intersection,Normale,Autre collision,3,2,2,0,1,2,1,0,1,50,,1,0,0,1,0,34.0,,,,1,2,1,1,6
202100034482,2021-06-15 13:45:00,2021,6,15,13,45,47,47071,D667,44.4702286534,0.4818604201,Plein jour,Hors agglomération,Hors intersection,Normale,Deux véhicules - frontale,3,2,2,0,4,3,1,0,1,80,,3,0,0,1,2,61.0,23.0,,,1,1,1,1,1
202100034483,2021-06-15 19:00:00,2021,6,15,19,0,39,39170,,46.674841,5.497692,Plein jour,En agglomération,Hors intersection,Normale,Sans collision,4,2,2,0,1,1,1,0,3,-1,,1,0,1,0,0,60.0,,,,1,2,1,1,7
202100034484,2021-06-15 08:40:00,2021,6,15,8,40,44,44014,Le Gros Caillou,47.112035,-1.476181,Plein jour,Hors agglomération,Intersection en T,Normale,Deux véhicules - côté,3,2,2,0,1,1,1,5,1,80,,2,1,0,1,0,29.0,54.0,,,1,1,3,1,3
202100034485,2021-06-14 18:45:00,2021,6,14,18,45,34,34154,CD 62 E2  CARNON,43.548789,3.979926,Plein jour,En agglomération,Giratoire,Normale,Deux véhicules - côté,3,2,2,0,1,1,1,5,1,50,,5,4,0,0,1,44.0,77.0,,,1,2,6,1,3
202100034486,2021-06-12 18:00:00,2021,6,12,18,0,29,29236,Rue Alain Berthou,47.845374,-3.695851,Plein jour,En agglomération,Hors intersection,Normale,Autre collision,4,2,2,0,1,1,1,0,1,50,,2,1,0,1,0,69.0,26.0,,,1,2,1,1,6
202100034487,2021-06-14 17:45:00,2021,6,14,17,45,29,29212,134 Rue de Brest,48.374586,-4.564503,Plein jour,En agglomération,Intersection en T,Temps éblouissant,Deux véhicules - arrière,4,2,2,0,1,1,1,5,1,50,,2,1,0,0,1,55.0,17.0,,,1,2,3,7,2
202100034488,2021-06-13 16:45:00,2021,6,13,16,45,29,29214,Lieu Dit Jarnellou,47.941963,-4.343644,Plein jour,Hors agglomération,Intersection en T,Normale,Deux véhicules - arrière,3,1,2,0,3,1,1,5,1,80,,2,1,0,1,0,63.0,21.0,,,1,1,3,1,2
202100034489,2021-06-14 21:15:00,2021,6,14,21,15,29,29197,Rue de Locquéran,48.022779,-4.533851,Plein jour,En agglomération,Hors intersection,Normale,Autre collision,4,2,2,0,2,2,1,0,4,50,,2,0,0,1,1,16.0,,,,1,2,1,1,6
202100034490,2021-06-14 07:12:00,2021,6,14,7,12,38,38144,Route Départementale 518,45.577966,5.091809,Plein jour,Hors agglomération,Hors intersection,Normale,Sans collision,3,3,2,0,1,1,1,9,8,80,,1,0,0,0,1,35.0,,,,1,1,1,1,7
202100034491,2021-06-14 18:33:00,2021,6,14,18,33,26,26166,Boulevard Frédéric Mistral,44.753362,4.817655,Plein jour,En agglomération,Intersection en X,Temps éblouissant,Deux véhicules - côté,2,2,2,0,1,1,1,0,1,50,,2,1,0,1,0,18.0,52.0,,,1,2,2,7,3
202100034492,2021-06-14 22:00:00,2021,6,14,22,0,06,06032,5 Avenue Raymond Gramaglia,43.720485,7.391593,Nuit avec éclairage allumé,Hors agglomération,Hors intersection,Normale,Autre collision,9,1,2,0,1,1,1,0,1,-1,,1,0,0,0,1,45.0,,,,5,1,1,1,6
202100034493,2021-06-15 07:50:00,2021,6,15,7,50,50,50639,Route de la Foulerie,48.850389,-1.220636,Plein jour,Hors agglomération,Intersection en T,Normale,Deux véhicules - côté,3,2,2,0,1,1,1,0,1,50,,2,1,0,1,0,56.0,60.0,,,1,1,3,1,3
202100034494,2021-06-14 18:45:00,2021,6,14,18,45,09,09324,Route de Laborie,43.051329,1.640874,Plein jour,Hors agglomération,Hors intersection,Normale,Autre collision,3,2,2,0,2,1,1,0,3,50,,1,0,0,1,0,36.0,,,,1,1,1,1,6
202100034495,2021-06-15 10:00:00,2021,6,15,10,0,60,60418,D58,49.492459,2.559396,Plein jour,Hors agglomération,Intersection en X,Normale,Deux véhicules - côté,3,2,2,0,1,1,1,0,1,80,,2,0,0,0,2,23.0,62.0,,,1,1,2,1,3
202100034496,2021-06-15 08:00:00,2021,6,15,8,0,60,60029,D981,49.374535,1.990329,Plein jour,Hors agglomération,Hors intersection,Normale,Trois véhicules et plus - en chaîne,3,2,2,0,1,1,1,0,1,80,,4,2,0,0,2,19.0,48.0,,,1,1,1,1,4
202100034497,2021-06-15 17:00:00,2021,6,15,17,0,64,64317,D932,43.36637,-1.424525,Plein jour,Hors agglomération,Hors intersection,Normale,Sans collision,3,2,2,0,1,1,1,0,8,80,,1,0,0,1,0,61.0,,,,1,1,1,1,7
202100034498,2021-06-15 08:10:00,2021,6,15,8,10,64,64317,D932,43.384006,-1.444423,Plein jour,Hors agglomération,Hors intersection,Normale,Trois véhicules et plus - en chaîne,3,2,3,0,1,1,1,0,1,90,,4,2,0,1,1,62.0,57.0,,,1,1,1,1,4
202100034499,2021-06-14 08:00:00,2021,6,14,8,0,18,18024,Beddes,46.623152,2.218959,Plein jour,Hors agglomération,Hors intersection,Normale,Sans collision,3,2,2,0,3,2,1,0,1,80,,1,0,0,0,1,25.0,,,,1,1,1,1,7
202100034500,2021-06-13 15:30:00,2021,6,13,15,30,10,10375,rd 619,48.287362,4.162214,Plein jour,Hors agglomération,Giratoire,Normale,Deux véhicules - côté,3,1,2,0,1,1,1,5,1,90,,4,3,0,1,0,44.0,17.0,,,1,1,6,1,3
202100034501,2021-06-14 08:55:00,2021,6,14,8,55,16,16106,rue de Lesterps,46.014612,0.675549,Plein jour,En agglomération,Intersection en T,Temps éblouissant,Deux véhicules - frontale,3,2,2,0,2,1,1,0,1,50,,2,1,0,0,1,64.0,51.0,,,1,2,3,7,1
202100034502,2021-06-14 10:15:00,2021,6,14,10,15,04,04134,RD 104,44.338353,6.026484,Plein jour,Hors agglomération,Hors intersection,Normale,Deux véhicules - frontale,3,2,2,0,1,3,1,0,1,80,,4,2,0,2,0,77.0,20.0,,,1,1,1,1,1
202100034503,2021-06-15 15:50:00,2021,6,15,15,50,85,85051,Croisee du Gros Caillou,46.66562,-1.09545,Plein jour,Hors agglomération,Hors intersection,Normale,Autre collision,3,3,2,0,1,1,1,0,3,-1,,1,0,1,0,0,71.0,,,,1,1,1,1,6
202100034504,2021-06-15 21:00:00,2021,6,15,21,0,85,85213,Le Moulin de Chaille,46.5763200458,-1.3660041243,Plein jour,Hors agglomération,Hors intersection,Normale,Autre collision,3,2,2,0,4,2,1,0,3,-1,,1,0,0,1,0,27.0,,,,1,1,1,1,6
202100034505,2021-06-14 13:30:00,2021,6,14,13,30,27,27284,d10,49.2762260512,1.7545284071,Plein jour,En agglomération,Giratoire,Normale,Deux véhicules - côté,3,2,2,0,1,1,1,5,1,50,,2,1,0,1,0,75.0,79.0,,,1,2,6,1,3
202100034506,2021-06-12 21:20:00,2021,6,12,21,20,87,87106,Route de Sallas,45.680696,1.170076,Crépuscule ou aube,Hors agglomération,Hors intersection,Normale,Sans collision,4,2,2,0,1,1,1,0,1,80,,1,0,0,0,1,16.0,,,,2,1,1,1,7
202100034507,2021-06-07 13:00:00,2021,6,7,13,0,87,87146,le martoulet,45.581465,1.468788,Plein jour,Hors agglomération,Intersection en X,Normale,Deux véhicules - côté,3,2,2,0,3,1,1,5,1,80,,2,0,0,1,1,22.0,43.0,,,1,1,2,1,3
202100034508,2021-06-15 08:50:00,2021,6,15,8,50,48,48042,RD806 - Croux de Bayle,44.544125,3.504263,Plein jour,Hors agglomération,Hors intersection,Normale,Deux véhicules - frontale,3,2,2,0,1,3,1,0,1,70,,2,0,1,1,0,33.0,37.0,,,1,1,1,1,1
202100034509,2021-06-14 18:40:00,2021,6,14,18,40,987,98715,"PK 3+900, RT1, face magasin NUUTANIA",-17.584522,-149.568578,Nuit avec éclairage allumé,En agglomération,Hors intersection,Normale,Deux véhicules - frontale,2,2,2,0,1,1,1,0,1,50,,2,1,0,1,0,26.0,22.0,,,5,2,1,1,1
202100034510,2021-06-14 16:00:00,2021,6,14,16,0,13,13058,Chemin Departemental 17 Rte de Mouriès,43.718668,4.812376,Plein jour,Hors agglomération,Hors intersection,Normale,Deux véhicules - frontale,3,2,2,0,1,1,1,0,1,80,,2,1,0,1,0,53.0,22.0,,,1,1,1,1,1
202100034511,2021-06-14 21:00:00,2021,6,14,21,0,30,30189,Autoroute A54 point kilométrique 2.300 sens 2,43.806396,4.370563,Nuit sans éclairage public,Hors agglomération,Hors intersection,Normale,Sans collision,1,3,2,0,1,2,1,0,2,130,,3,2,0,1,0,44.0,,,,3,1,1,1,7
202100034512,2021-06-14 19:50:00,2021,6,14,19,50,68,68278,131 Grand Rue Pierre Braun,47.745791,7.409082,Plein jour,En agglomération,Intersection en X,Normale,Autre collision,4,2,2,0,3,1,1,0,1,50,,2,1,0,0,1,40.0,35.0,,,1,2,2,1,6
202100034513,2021-06-14 21:39:00,2021,6,14,21,39,27,27697,A13 pk 93+280,49.212411,1.217744,Plein jour,Hors agglomération,Hors intersection,Normale,Autre collision,1,1,3,0,1,3,1,0,1,130,,4,0,0,3,1,20.0,,,,1,1,1,1,6
202100034514,2021-06-15 06:15:00,2021,6,15,6,15,45,45049,D88-PR 2 + 700,47.856739,2.352256,Crépuscule ou aube,Hors agglomération,Hors intersection,Normale,Trois véhicules et plus - en chaîne,3,2,2,0,1,1,1,0,1,80,,3,1,0,2,0,39.0,47.0,,,2,1,1,1,4
202100034515,2021-06-14 19:50:00,2021,6,14,19,50,77,77520,Rue René Lefebvre,48.319734,2.654325,Plein jour,En agglomération,Giratoire,Normale,Sans collision,3,2,2,0,1,1,1,0,1,50,,1,0,0,0,1,30.0,,,,1,2,6,1,7
202100034516,2021-06-14 16:35:00,2021,6,14,16,35,34,34157,RD 158,43.44298,3.580631,Plein jour,Hors agglomération,Intersection en T,Normale,Deux véhicules - côté,3,2,2,3,2,1,1,0,1,70,,2,1,0,0,1,30.0,57.0,,,1,1,3,1,3
202100034517,2021-06-14 21:30:00,2021,6,14,21,30,83,83068,chemin saint joseph,43.272225,6.52688,Nuit sans éclairage public,En agglomération,Hors intersection,Normale,Deux véhicules - frontale,4,2,1,0,2,1,1,0,1,50,,2,0,0,1,1,24.0,14.0,,,3,2,1,1,1
202100034518,2021-06-14 17:55:00,2021,6,14,17,55,13,13111,d10,43.551145,5.659504,Plein jour,Hors agglomération,Hors intersection,Temps éblouissant,Sans collision,7,-1,2,0,2,2,1,0,1,80,,1,0,0,1,0,33.0,,,,1,1,1,7,7
202100034519,2021-06-13 17:00:00,2021,6,13,17,0,68,68171,D27,47.956202,6.990448,Plein jour,Hors agglomération,Hors intersection,Normale,Sans collision,3,2,2,0,2,3,1,0,3,70,,1,0,0,1,0,23.0,,,,1,1,1,1,7
202100034520,2021-06-15 13:00:00,2021,6,15,13,0,68,68359,RD 5.3,47.84018,7.166305,Plein jour,Hors agglomération,Hors intersection,Normale,Sans collision,3,2,2,0,2,3,1,0,1,70,,1,0,0,1,0,63.0,,,,1,1,1,1,7
202100034521,2021-06-15 11:00:00,2021,6,15,11,0,68,68287,Rue de Pfaffenheim,47.963965,7.293549,Plein jour,En agglomération,Intersection en Y,Temps éblouissant,Sans collision,4,2,2,0,2,1,1,0,1,50,,1,0,0,1,0,67.0,,,,1,2,4,7,7
202100034522,2021-06-13 17:30:00,2021,6,13,17,30,03,03235,RN7,46.256807,3.521081,Plein jour,Hors agglomération,Intersection en X,Normale,Deux véhicules - côté,2,2,2,0,4,1,1,5,1,70,,4,3,0,1,0,48.0,57.0,,,1,1,2,1,3
202100034523,2021-06-15 18:30:00,2021,6,15,18,30,74,74127,D21,46.35534,6.53635,Plein jour,Hors agglomération,Hors intersection,Normale,Deux véhicules - frontale,3,2,2,0,2,1,1,0,1,80,,2,0,0,2,0,50.0,29.0,,,1,1,1,1,1
202100034524,2021-06-14 20:15:00,2021,6,14,20,15,69,69211,D337,46.1207808147,4.7376072407,Plein jour,En agglomération,Autre intersection,Normale,Deux véhicules - côté,3,-1,2,1,1,1,1,5,5,50,,2,1,0,1,0,43.0,66.0,,,1,2,9,1,3
202100034525,2021-06-11 15:50:00,2021,6,11,15,50,69,69227,D2,45.627994,4.530809,Plein jour,Hors agglomération,Hors intersection,Normale,Deux véhicules - arrière,3,2,2,0,1,2,1,0,1,80,,2,1,0,0,1,23.0,62.0,,,1,1,1,1,2
202100034526,2021-06-15 08:45:00,2021,6,15,8,45,09,09111,Douns,42.948311,1.059279,Plein jour,En agglomération,Hors intersection,Temps éblouissant,Autre collision,3,2,2,0,1,3,1,0,1,50,,3,2,0,0,1,60.0,,,,1,2,1,7,6
202100034527,2021-06-10 07:30:00,2021,6,10,7,30,19,19203,D1e,45.211949,1.780037,Plein jour,Hors agglomération,Intersection en Y,Normale,Deux véhicules - frontale,3,2,2,0,3,2,1,0,1,90,,2,1,0,1,0,19.0,37.0,,,1,1,4,1,1
202100034528,2021-06-13 13:00:00,2021,6,13,13,0,61,61213,La Chênelaire,48.458423,-0.104885,Plein jour,Hors agglomération,Hors intersection,Normale,Deux véhicules - frontale,4,2,1,0,2,2,1,0,1,80,,2,1,0,0,1,60.0,19.0,,,1,1,1,1,1
202100034529,2021-06-15 17:35:00,2021,6,15,17,35,76,76069,D6015,49.376614,1.125594,Plein jour,Hors agglomération,Autre intersection,Normale,Deux véhicules - côté,7,2,3,0,1,1,1,0,1,70,,2,1,0,1,0,23.0,38.0,,,1,1,9,1,3
202100034530,2021-06-15 15:30:00,2021,6,15,15,30,60,60087,Route Nationale 330,49.174746,2.653112,Plein jour,Hors agglomération,Hors intersection,Normale,Deux véhicules - frontale,2,2,2,0,1,3,1,0,1,80,,2,1,0,0,1,27.0,27.0,,,1,1,1,1,1
202100034531,2021-06-15 08:30:00,2021,6,15,8,30,60,60363,Route départementale 915,49.1860034775,1.8923934102,Plein jour,Hors agglomération,Hors intersection,Temps éblouissant,Autre collision,3,2,2,0,1,1,1,0,3,80,,1,0,0,1,0,27.0,,,,1,1,1,7,6
202100034532,2021-06-13 22:15:00,2021,6,13,22,15,60,60103,68 Rue René Coty,49.406547,2.238464,Nuit avec éclairage allumé,En agglomération,Hors intersection,Normale,Autre collision,4,2,2,0,1,1,1,0,3,50,,1,0,0,0,1,23.0,,,,5,2,1,1,6
202100034533,2021-06-15 05:32:00,2021,6,15,5,32,59,59212,Rue de Merville,50.643011,2.697514,Crépuscule ou aube,Hors agglomération,Hors intersection,Normale,Autre collision,3,2,2,0,1,1,1,0,3,80,,1,0,0,0,1,37.0,,,,2,1,1,1,6
202100034534,2021-06-14 03:03:00,2021,6,14,3,3,13,13055,A507 sens Aubagne- Marseille,43.33219,5.38721,Nuit sans éclairage public,Hors agglomération,Hors intersection,Normale,Sans collision,1,-1,3,0,1,1,1,1,1,70,,1,0,0,0,1,32.0,,,,3,1,1,1,7
202100034535,2021-06-11 20:15:00,2021,6,11,20,15,13,13028,A50,43.20904,5.628001,Plein jour,Hors agglomération,Hors intersection,Normale,Autre collision,1,3,6,0,1,3,1,9,1,130,,1,0,1,0,0,57.0,,,,1,1,1,1,6
202100034536,2021-06-11 17:15:00,2021,6,11,17,15,83,83129,A50,43.1204644229,5.8431324448,Plein jour,Hors agglomération,Hors intersection,Normale,Trois véhicules et plus - collisions multiples,1,3,6,0,1,1,1,0,1,110,,4,3,1,0,0,26.0,70.0,,,1,1,1,1,5
202100034537,2021-06-01 17:45:00,2021,6,1,17,45,69,69199,RD383   14.250 A 18.000,45.71648,4.85087,Plein jour,Hors agglomération,Hors intersection,Normale,Trois véhicules et plus - en chaîne,7,1,4,0,1,1,1,3,1,70,,3,2,0,0,1,58.0,39.0,,,1,1,1,1,4
202100034538,2021-06-14 16:15:00,2021,6,14,16,15,33,33397,AUTOROUTE A 10,44.894899,-0.497586,Plein jour,Hors agglomération,Hors intersection,Normale,Deux véhicules - côté,1,3,6,0,1,1,1,0,1,110,,2,1,0,0,1,34.0,57.0,,,1,1,1,1,3
202100034539,2021-06-11 22:15:00,2021,6,11,22,15,59,59560,AUTOROUTE A1,50.539979,3.052657,Nuit sans éclairage public,Hors agglomération,Hors intersection,Normale,Autre collision,1,3,4,0,1,1,1,0,1,90,,2,0,0,0,2,20.0,,,,3,1,1,1,6
202100034540,2021-06-14 16:45:00,2021,6,14,16,45,91,91064,RN 118,48.75556,2.2236,Plein jour,Hors agglomération,Hors intersection,Normale,Deux véhicules - arrière,2,1,4,0,2,1,1,0,1,90,,2,0,0,0,2,34.0,24.0,,,1,1,1,1,2
202100034541,2021-06-14 09:00:00,2021,6,14,9,0,91,91103,RN 104,48.62495,2.30896,Plein jour,Hors agglomération,Hors intersection,Normale,Trois véhicules et plus - en chaîne,2,3,4,0,1,1,1,0,1,110,,4,3,0,0,1,37.0,56.0,,,1,1,1,1,4
202100034542,2021-06-14 05:10:00,2021,6,14,5,10,91,91659,AUTOROUTE A6,48.5903,2.4465,Crépuscule ou aube,Hors agglomération,Hors intersection,Normale,Trois véhicules et plus - collisions multiples,1,-1,3,0,1,1,1,0,1,110,,3,1,0,2,0,65.0,25.0,,,2,1,1,1,5
202100034543,2021-06-14 15:15:00,2021,6,14,15,15,92,92050,A14,48.9011604777,2.2056742319,Plein jour,Hors agglomération,Hors intersection,Normale,Deux véhicules - arrière,1,3,4,0,1,1,1,0,1,70,,2,1,0,0,1,42.0,47.0,,,1,1,1,1,2
202100034544,2021-06-14 07:40:00,2021,6,14,7,40,78,78402,A13,48.964526,1.799633,Plein jour,Hors agglomération,Hors intersection,Normale,Trois véhicules et plus - en chaîne,1,1,3,0,1,1,1,0,1,130,,3,2,0,0,1,52.0,36.0,,,1,1,1,1,4