accident_id,datetime,annee,mois,jour,heure,minute,departement,commune_insee,adresse,latitude,longitude,luminosite,agglomeration,intersection,meteo,collision,catr,circ,nbv,vosp,prof,plan,surf,infra,situ,vma,nb_vehicules,nb_usagers,nb_indemnes,nb_tues,nb_blesses_hosp,nb_blesses_legers,age_cond_1,age_cond_2,veh_type_cond_1,veh_type_cond_2,lum_code,agg_code,int_code,atm_code,col_code
202100034545,2021-06-14 07:45:00,2021,6,14,7,45,78,78362,A13,48.975538,1.724147,Plein jour,Hors agglomération,Hors intersection,Normale,Deux véhicules - arrière,1,1,3,0,1,1,1,0,1,110,,3,2,0,0,1,85.0,29.0,,,1,1,1,1,2
202100034546,2021-06-14 16:30:00,2021,6,14,16,30,95,95277,RD 170,48.97694,2.47744,Plein jour,Hors agglomération,Hors intersection,Normale,Deux véhicules - arrière,3,3,4,0,1,1,1,0,1,110,,3,1,0,0,2,24.0,30.0,,,1,1,1,1,2
202100034547,2021-06-14 07:10:00,2021,6,14,7,10,95,95018, A15,48.95567,2.27755,Plein jour,Hors agglomération,Hors intersection,Normale,Deux véhicules - côté,1,3,9,0,1,1,1,0,1,110,,2,1,0,0,1,57.0,53.0,,,1,1,1,1,3
202100034548,2021-06-12 22:45:00,2021,6,12,22,45,25,25056,STRASBOURG QUAI DE,47.24056,6.02094,Nuit avec éclairage allumé,En agglomération,Hors intersection,Normale,Autre collision,4,1,1,2,1,1,1,0,1,50,,2,1,0,0,1,22.0,,,,5,2,1,1,6
202100034549,2021-06-13 20:15:00,2021,6,13,20,15,75,75112,RUE ANTOINE JULIEN HENARD,48.842328,2.389654,Plein jour,En agglomération,Hors intersection,Normale,Autre collision,4,2,2,0,1,1,1,0,1,30,,2,1,0,0,1,41.0,,,,1,2,1,1,6
202100034550,2021-06-12 14:20:00,2021,6,12,14,20,92,92025,CHARLES DE GAULLE (BD),48.914778,2.228499,Plein jour,En agglomération,Hors intersection,Normale,Autre collision,3,-1,0,0,1,1,1,0,4,50,,2,1,0,0,1,64.0,,,,1,2,1,1,6
202100034551,2021-06-13 15:10:00,2021,6,13,15,10,974,97416,COURTOIS (CHEMIN IRENE),-21.35652,55.51678,Plein jour,Hors agglomération,Hors intersection,Normale,Autre collision,4,2,2,0,1,1,1,9,1,50,,2,1,0,0,1,19.0,,,,1,1,1,1,6
202100034552,2021-06-13 14:30:00,2021,6,13,14,30,974,97416,HUBERT DE LISLE(BOULEVARD),-21.3436,55.4743,Plein jour,En agglomération,Intersection en T,Normale,Deux véhicules - côté,4,2,1,0,1,1,1,0,6,50,,3,1,0,0,2,44.0,34.0,,,1,2,3,1,3
202100034553,2021-06-13 21:50:00,2021,6,13,21,50,69,69387,GARIBALDI (R),45.74645,4.84993,Crépuscule ou aube,En agglomération,Intersection en X,Normale,Deux véhicules - côté,4,1,5,3,1,1,1,0,6,50,,2,1,0,0,1,27.0,23.0,,,2,2,2,1,3
202100034554,2021-06-13 18:25:00,2021,6,13,18,25,69,69387,BEGUIN (DU) (R),45.74874,4.84939,Plein jour,En agglomération,Intersection en X,Normale,Deux véhicules - côté,4,1,1,0,1,1,1,0,1,50,,2,1,0,0,1,46.0,22.0,,,1,2,2,1,3
202100034555,2021-06-13 17:45:00,2021,6,13,17,45,972,97209,TIVOLI (ROUTE DE ),14.63881,-61.07145,Plein jour,En agglomération,Hors intersection,Normale,Deux véhicules - côté,4,2,2,0,2,4,1,0,1,50,,2,1,0,0,1,29.0,34.0,,,1,2,1,1,3
202100034556,2021-06-13 11:05:00,2021,6,13,11,5,972,97213,,14.6329,-60.962,Plein jour,Hors agglomération,Hors intersection,Normale,Deux véhicules - arrière,3,2,2,0,2,1,1,0,1,50,,2,1,0,0,1,36.0,50.0,,,1,1,1,1,2
202100034557,2021-06-10 19:50:00,2021,6,10,19,50,69,69382,PRESIDENT EDOUARD HERRIOT (DU) (R),45.7597638761,4.8339951038,Plein jour,En agglomération,Hors intersection,Normale,Trois véhicules et plus - collisions multiples,4,1,1,3,1,1,1,0,1,30,,3,2,0,0,1,57.0,45.0,,,1,2,1,1,5
202100034558,2021-06-10 18:50:00,2021,6,10,18,50,95,95268,AV ANATOLE FRANCE,48.975534,2.389378,Plein jour,En agglomération,Hors intersection,Normale,Autre collision,6,-1,-1,0,1,1,1,0,1,50,,2,1,0,0,1,21.0,,,,1,2,1,1,6
202100034559,2021-06-12 22:47:00,2021,6,12,22,47,83,83137,STRASBOURG (BD DE ),43.1249,5.93233,Nuit avec éclairage allumé,En agglomération,Hors intersection,Normale,Deux véhicules - arrière,4,2,6,0,1,1,1,0,1,50,,2,1,0,1,0,36.0,18.0,,,5,2,1,1,2
202100034560,2021-06-13 13:10:00,2021,6,13,13,10,83,83069,AEROPORT (AVENUE DE L'),43.09885,6.13345,Plein jour,En agglomération,Hors intersection,Normale,Trois véhicules et plus - en chaîne,7,2,2,0,1,1,1,0,1,70,,8,5,0,0,3,26.0,38.0,,,1,2,1,1,4
202100034561,2021-06-13 13:38:00,2021,6,13,13,38,77,77350,D471,48.7725397853,2.7081615414,Plein jour,Hors agglomération,Hors intersection,Normale,Deux véhicules - frontale,3,2,2,0,1,1,1,0,1,80,,2,1,0,1,0,39.0,57.0,,,1,1,1,1,1
202100034562,2021-06-11 17:27:00,2021,6,11,17,27,74,74218,GOLF (BOULEVARD DU),46.38803,6.55731,Plein jour,En agglomération,Intersection en X,Normale,Trois véhicules et plus - collisions multiples,4,2,2,0,1,1,1,0,1,50,,3,0,0,0,3,57.0,42.0,,,1,2,2,1,5
202100034563,2021-06-13 20:20:00,2021,6,13,20,20,72,72181,EPERON (PL DE L') N°  2 A 14,48.004864897,0.1951691508,Plein jour,En agglomération,Intersection en T,Normale,Deux véhicules - côté,4,-1,1,3,2,1,1,6,1,50,,2,1,0,1,0,27.0,28.0,,,1,2,3,1,3
202100034564,2021-06-13 11:45:00,2021,6,13,11,45,72,72181,VOLTAIRE (RUE) N° PAIRS 2 A 102,48.01261,0.18972,Plein jour,En agglomération,Intersection en T,Normale,Deux véhicules - côté,4,1,2,1,1,1,1,0,5,50,,2,1,0,0,1,20.0,70.0,,,1,2,3,1,3
202100034565,2021-06-13 19:20:00,2021,6,13,19,20,71,71270,6 Quai des Marans,46.30047,4.83176,Plein jour,En agglomération,Hors intersection,Normale,Sans collision,4,1,1,0,1,1,1,0,3,50,,1,0,0,0,1,23.0,,,,1,2,1,1,7
202100034566,2021-06-13 21:13:00,2021,6,13,21,13,69,69290,SAINT BONNET DE MURE (DE) (CH),45.6904131478,4.9738240242,Crépuscule ou aube,Hors agglomération,Hors intersection,Normale,Autre collision,4,2,2,0,1,1,1,0,1,50,,1,0,0,1,0,46.0,,,,2,1,1,1,6
202100034567,2021-06-13 17:35:00,2021,6,13,17,35,69,69029,FERDINAND BUISSON (AV),45.73866,4.91716,Plein jour,En agglomération,Intersection en T,Normale,Deux véhicules - arrière,4,1,1,0,1,3,1,9,1,50,,4,1,0,0,3,51.0,21.0,,,1,2,3,1,2
202100034568,2021-06-13 11:30:00,2021,6,13,11,30,69,69029,GENAS (DE) (RTE),45.7501,4.9115,Plein jour,En agglomération,Intersection en T,Normale,Deux véhicules - côté,7,2,4,0,1,1,1,8,1,50,,3,1,0,0,2,21.0,67.0,,,1,2,3,1,3
202100034569,2021-06-13 13:30:00,2021,6,13,13,30,69,69266,ROGER SALENGRO (AV),45.77641,4.87305,Plein jour,En agglomération,Intersection en X,Normale,Deux véhicules - arrière,4,3,2,2,1,1,1,0,1,50,,4,2,0,0,2,52.0,21.0,,,1,2,2,1,2
202100034570,2021-06-11 20:55:00,2021,6,11,20,55,69,69092,ROGER SALENGRO (BD),46.0023,4.7193,Plein jour,En agglomération,Intersection en X,Normale,Deux véhicules - côté,3,1,1,0,1,2,1,0,1,50,,2,1,0,0,1,44.0,19.0,,,1,2,2,1,3
202100034571,2021-06-13 22:34:00,2021,6,13,22,34,64,64335,SAINTE-CATHERINE,43.32712,-0.43997,Nuit avec éclairage non allumé,En agglomération,Hors intersection,Normale,Sans collision,4,2,2,0,2,2,1,2,1,50,,1,0,0,0,1,28.0,,,,4,2,1,1,7
202100034572,2021-06-13 11:01:00,2021,6,13,11,1,64,64129,BAYONNE DE,43.30489,-0.40138,Plein jour,En agglomération,Giratoire,Normale,Deux véhicules - côté,3,2,3,2,1,2,1,0,5,30,,2,1,0,0,1,44.0,42.0,,,1,2,6,1,3
202100034573,2021-06-13 14:45:00,2021,6,13,14,45,64,64024,BAYONNE (AVENUE DE),43.48218,-1.50517,Plein jour,En agglomération,Hors intersection,Normale,Sans collision,3,1,1,3,1,1,1,0,6,50,,2,0,0,0,2,53.0,,,,1,2,1,1,7
202100034574,2021-06-08 14:15:00,2021,6,8,14,15,62,62758,AUCHAN ( Parking  Centre Commerciale ),50.73372,1.67385,Plein jour,En agglomération,Hors intersection,Normale,Deux véhicules - côté,6,-1,-1,0,1,1,1,6,8,30,,5,2,0,0,3,63.0,22.0,,,1,2,1,1,3
202100034575,2021-06-13 17:33:00,2021,6,13,17,33,60,60057,RD 901,49.43428,2.11704,Plein jour,Hors agglomération,Hors intersection,Normale,Trois véhicules et plus - en chaîne,3,1,3,0,1,1,1,3,1,90,,6,5,0,1,0,32.0,47.0,,,1,1,1,1,4
202100034576,2021-06-13 18:45:00,2021,6,13,18,45,51,51454,Avenue de Laon,49.2648490228,4.026657841,Plein jour,En agglomération,Hors intersection,Normale,Sans collision,3,3,2,0,1,1,1,0,1,50,,2,1,0,0,1,46.0,,,,1,2,1,1,7
202100034577,2021-06-12 09:25:00,2021,6,12,9,25,51,51454,Avenue d’Epernay,49.23189,4.01414,Plein jour,En agglomération,Intersection en X,Normale,Deux véhicules - côté,4,2,4,0,1,1,1,0,1,50,,2,1,0,0,1,70.0,80.0,,,1,2,2,1,3
202100034578,2021-06-12 20:50:00,2021,6,12,20,50,51,51230,Rue de Reims,49.0453409478,3.9616580039,Plein jour,En agglomération,Hors intersection,Normale,Deux véhicules - frontale,4,1,2,0,2,2,1,0,1,50,,2,1,0,1,0,20.0,84.0,,,1,2,1,1,1
202100034579,2021-06-12 23:00:00,2021,6,12,23,0,45,45147,18 Rue Marc Sangnier,47.92139,1.91301,Nuit avec éclairage allumé,En agglomération,Hors intersection,Normale,Trois véhicules et plus - en chaîne,4,2,2,2,1,1,1,0,5,50,,3,1,1,1,0,,51.0,,,5,2,1,1,4
202100034580,2021-06-13 11:40:00,2021,6,13,11,40,44,44109,BELLAMY ( RUE PAUL ),47.22087,-1.555414,Plein jour,En agglomération,Hors intersection,Normale,Deux véhicules - côté,4,2,2,3,1,1,1,0,1,30,,2,1,0,0,1,67.0,39.0,,,1,2,1,1,3
202100034581,2021-06-13 21:00:00,2021,6,13,21,0,35,35238,VERN (DE),48.09808,-1.65566,Plein jour,En agglomération,Intersection en X,Temps éblouissant,Deux véhicules - côté,4,2,2,3,1,1,1,5,1,50,,3,2,0,0,1,21.0,19.0,,,1,2,2,7,3
202100034582,2021-06-13 20:45:00,2021,6,13,20,45,35,35238,CHATEAUGIRON (DE),48.10169,-1.65597,Plein jour,En agglomération,Hors intersection,Normale,Sans collision,4,2,2,3,1,1,1,0,1,50,,2,1,0,0,1,29.0,,,,1,2,1,1,7
202100034583,2021-06-13 12:15:00,2021,6,13,12,15,33,33162,Avenue du Médoc,44.88203,-0.62987,Plein jour,En agglomération,Intersection en X,Normale,Deux véhicules - côté,4,2,3,2,1,1,1,0,1,50,,3,1,0,2,0,39.0,50.0,,,1,2,2,1,3
202100034584,2021-06-13 07:00:00,2021,6,13,7,0,33,33192,Rue de Compostelle,44.7929,-0.60537,Plein jour,En agglomération,Intersection en T,Normale,Deux véhicules - côté,4,2,3,0,1,1,1,5,1,50,,3,2,0,0,1,26.0,57.0,,,1,2,3,1,3
202100034585,2021-06-13 15:13:00,2021,6,13,15,13,33,33529,Rue Guynemer,44.534611,-1.157615,Plein jour,En agglomération,Hors intersection,Normale,Autre collision,4,2,2,0,1,1,1,0,1,50,,4,0,0,0,4,45.0,,,,1,2,1,1,6
202100034586,2021-06-12 13:15:00,2021,6,12,13,15,30,30028,ROUTE DE SAINT GERVAIS,44.17921,4.60939,Plein jour,Hors agglomération,Hors intersection,Normale,Deux véhicules - frontale,3,2,2,0,1,2,1,0,1,80,,2,0,0,1,1,67.0,62.0,,,1,1,1,1,1
202100034587,2021-06-11 10:15:00,2021,6,11,10,15,29,29039,Avenue Alain le Lay,47.87695,-3.91523,Plein jour,En agglomération,Intersection en X,Normale,Trois véhicules et plus - collisions multiples,4,1,1,1,1,1,1,-1,1,50,,3,2,0,0,1,61.0,15.0,,,1,2,2,1,5
202100034588,2021-06-13 11:00:00,2021,6,13,11,0,27,27554,COTES (RUE DES),49.10422,1.43318,Plein jour,Hors agglomération,Hors intersection,Normale,Deux véhicules - côté,3,-1,2,0,2,3,1,0,1,80,,2,1,0,0,1,58.0,65.0,,,1,1,1,1,3
202100034589,2021-06-12 19:15:00,2021,6,12,19,15,27,27375,POSTEL (BOULEVARD DU DOCTEUR),49.21049,1.17316,Crépuscule ou aube,En agglomération,Intersection en T,Normale,Deux véhicules - côté,3,2,2,0,1,1,1,0,1,50,,4,1,0,0,3,24.0,41.0,,,2,2,3,1,3
202100034590,2021-06-13 22:30:00,2021,6,13,22,30,17,17274,JOLIOT-CURIE   AVENUE,46.157869,-1.106486,Nuit avec éclairage allumé,En agglomération,Hors intersection,Normale,Sans collision,4,1,2,0,1,1,1,0,1,50,,1,0,0,0,1,23.0,,,,5,2,1,1,7
202100034591,2021-06-13 10:44:00,2021,6,13,10,44,15,15014,PUPILLES DE LA NATION (AVENUE DES),44.92337,2.44055,Plein jour,En agglomération,Giratoire,Normale,Deux véhicules - côté,4,1,1,0,1,2,1,5,1,50,,2,1,0,0,1,67.0,75.0,,,1,2,6,1,3
202100034592,2021-06-13 10:50:00,2021,6,13,10,50,14,14715,AGUESSEAU (ROUTE D'),49.364399,0.099223,Plein jour,En agglomération,Hors intersection,Normale,Autre collision,3,2,2,0,2,2,1,0,1,50,,9,8,0,0,1,33.0,26.0,,,1,2,1,1,6
202100034593,2021-06-13 20:45:00,2021,6,13,20,45,13,13215,VISTE (AVENUE DE LA),43.35931,5.35768,Crépuscule ou aube,En agglomération,Hors intersection,Normale,Autre collision,4,-1,0,0,3,1,1,0,1,50,,2,0,1,1,0,19.0,,,,2,2,1,1,6
202100034594,2021-06-13 21:15:00,2021,6,13,21,15,13,13209,VITON (AVENUE),43.26111,5.40588,Plein jour,En agglomération,Hors intersection,Normale,Deux véhicules - côté,4,2,2,0,1,1,1,0,1,50,,2,1,0,0,1,21.0,15.0,,,1,2,1,1,3
202100034595,2021-06-13 19:00:00,2021,6,13,19,0,13,13208,GRAND LARGE (PROMENADE DU),43.24199,5.36729,Plein jour,En agglomération,Intersection en T,Normale,Deux véhicules - côté,4,2,2,3,1,1,1,5,1,50,,2,1,0,0,1,57.0,28.0,,,1,2,3,1,3
202100034596,2021-06-13 06:15:00,2021,6,13,6,15,13,13210,L ARMEE D AFRIQUE (CHEMIN DE L'),43.28679,5.42453,Plein jour,En agglomération,Hors intersection,Normale,Deux véhicules - frontale,7,-1,2,0,1,3,1,0,1,50,,2,0,0,0,2,25.0,46.0,,,1,2,1,1,1
202100034597,2021-06-12 11:15:00,2021,6,12,11,15,13,13207,CATALANS (RUE DES),43.29075,5.35602,Plein jour,En agglomération,Hors intersection,Normale,Deux véhicules - côté,4,1,2,0,1,1,1,0,1,50,,3,1,0,0,2,34.0,,,,1,2,1,1,3
202100034598,2021-06-12 10:40:00,2021,6,12,10,40,13,13001,DEPORTES DE LA RESISTANCE(AV),43.5008114374,5.3796962623,Plein jour,Hors agglomération,Hors intersection,Temps éblouissant,Deux véhicules - côté,9,3,3,0,2,1,1,5,8,70,,3,1,0,0,2,58.0,32.0,,,1,1,1,7,3
202100034599,2021-06-13 09:40:00,2021,6,13,9,40,09,09122,FAURE (COURS GABRIEL),42.964356,1.610411,Plein jour,En agglomération,Autre intersection,Normale,Deux véhicules - côté,3,1,3,1,1,2,1,2,1,50,,2,1,0,0,1,20.0,72.0,,,1,2,9,1,3
202100034600,2021-06-12 10:00:00,2021,6,12,10,0,09,09122,VILLOTE (ALLEES DE),42.963544,1.60717,Plein jour,En agglomération,Hors intersection,Normale,Sans collision,3,1,2,0,1,1,1,0,1,30,,2,1,0,0,1,37.0,,,,1,2,1,1,7
202100034601,2021-06-13 19:00:00,2021,6,13,19,0,06,06088,VOIE RAPIDE,43.689795,7.239791,Plein jour,En agglomération,Hors intersection,Normale,Deux véhicules - arrière,4,1,2,0,1,1,1,0,1,70,,2,1,0,1,0,34.0,29.0,,,1,2,1,1,2
202100034602,2021-06-12 20:15:00,2021,6,12,20,15,06,06088,VOIE RAPIDE,43.690263,7.240797,Plein jour,En agglomération,Hors intersection,Normale,Sans collision,4,1,3,0,1,1,1,0,1,70,,3,1,0,1,1,55.0,32.0,,,1,2,1,1,7
202100034603,2021-06-12 15:15:00,2021,6,12,15,15,04,04112,VOLX (AV.DE),43.84377,5.81005,Plein jour,Hors agglomération,Giratoire,Normale,Sans collision,3,2,2,0,1,3,1,5,1,70,,2,1,0,1,0,19.0,,,,1,1,6,1,7
202100034604,2021-06-13 15:15:00,2021,6,13,15,15,75,75119,PORTE DE LA VILLETTE,48.900351,2.380385,Plein jour,En agglomération,Intersection en Y,Normale,Trois véhicules et plus - en chaîne,4,1,4,0,1,2,1,0,1,70,,5,4,0,0,1,29.0,32.0,,,1,2,4,1,4
202100034605,2021-06-13 13:40:00,2021,6,13,13,40,75,75119,PORTE DE PANTIN,48.890899,2.395809,Plein jour,En agglomération,Hors intersection,Normale,Deux véhicules - côté,4,1,4,0,1,1,1,0,1,70,,2,1,0,0,1,37.0,23.0,,,1,2,1,1,3
202100034606,2021-06-13 15:07:00,2021,6,13,15,7,75,75112,BOULEVARD DE REUILLY,48.839204,2.391821,Plein jour,En agglomération,Hors intersection,Normale,Autre collision,4,2,3,0,1,1,1,0,1,50,,2,1,0,1,0,21.0,,,,1,2,1,1,6
202100034607,2021-06-13 00:10:00,2021,6,13,0,10,75,75108,RUE DE PONTHIEU,48.870926,2.30883,Nuit avec éclairage allumé,En agglomération,Intersection en X,Normale,Deux véhicules - côté,4,1,1,0,1,1,1,9,1,30,,2,1,0,1,0,,16.0,,,5,2,2,1,3
202100034608,2021-06-13 12:00:00,2021,6,13,12,0,75,75120,AVENUE GAMBETTA,48.864976,2.395526,Plein jour,En agglomération,Intersection à plus de 4 branches,Normale,Deux véhicules - côté,4,2,4,0,1,1,1,0,1,50,,2,1,0,0,1,28.0,42.0,,,1,2,5,1,3
202100034609,2021-06-13 14:15:00,2021,6,13,14,15,75,75119,RUE RIQUET,48.889251,2.371275,Plein jour,En agglomération,Intersection en X,Normale,Autre collision,4,1,2,1,1,1,1,0,5,50,,2,1,0,0,1,20.0,,,,1,2,2,1,6
202100034610,2021-06-12 21:40:00,2021,6,12,21,40,75,75119,AVENUE JEAN JAURES,48.88335,2.372376,Crépuscule ou aube,En agglomération,Hors intersection,Normale,Deux véhicules - côté,4,2,2,0,1,1,1,0,1,30,,2,1,0,1,0,28.0,22.0,,,2,2,1,1,3
202100034611,2021-06-13 03:40:00,2021,6,13,3,40,75,75117,AVENUE DE VILLIERS,48.885133,2.295746,Nuit avec éclairage allumé,En agglomération,Intersection en X,Normale,Deux véhicules - côté,4,2,2,0,1,1,1,0,1,30,,3,2,0,0,1,29.0,18.0,,,5,2,2,1,3
202100034612,2021-06-13 14:40:00,2021,6,13,14,40,75,75115,PLACE CAMBRONNE,48.847884,2.301408,Plein jour,En agglomération,Place,Normale,Autre collision,4,1,3,0,1,1,1,0,1,50,,1,0,0,0,1,21.0,,,,1,2,7,1,6
202100034613,2021-06-11 23:35:00,2021,6,11,23,35,75,75115,RUE LECOURBE,48.844103,2.307756,Nuit avec éclairage allumé,En agglomération,Hors intersection,Normale,Sans collision,4,1,2,0,1,1,1,0,1,50,,1,0,0,0,1,37.0,,,,5,2,1,1,7
202100034614,2021-06-12 21:00:00,2021,6,12,21,0,75,75114,AVENUE DU GENERAL LECLERC,48.82791,2.326867,Plein jour,En agglomération,Place,Normale,Deux véhicules - côté,4,2,4,3,1,1,1,5,6,50,,2,1,0,0,1,,28.0,,,1,2,7,1,3
202100034615,2021-06-13 12:26:00,2021,6,13,12,26,75,75113,PONT DE TOLBIAC,48.832866,2.380902,Plein jour,En agglomération,Hors intersection,Normale,Deux véhicules - arrière,4,2,5,0,1,1,1,2,1,50,,3,2,0,0,1,18.0,21.0,,,1,2,1,1,2
202100034616,2021-06-13 16:00:00,2021,6,13,16,0,75,75112,QUAI DE BERCY,48.826221,2.390921,Plein jour,En agglomération,Hors intersection,Normale,Trois véhicules et plus - en chaîne,4,1,5,0,2,1,1,0,1,50,,4,3,0,0,1,47.0,28.0,,,1,2,1,1,4
202100034617,2021-06-13 01:05:00,2021,6,13,1,5,75,75112,AVENUE DE LA PORTE DE VINCENNES,48.846518,2.413956,Nuit avec éclairage allumé,En agglomération,Intersection en Y,Normale,Deux véhicules - côté,4,1,3,3,1,2,1,0,6,50,,2,1,0,0,1,20.0,23.0,,,5,2,4,1,3
202100034618,2021-06-13 05:35:00,2021,6,13,5,35,75,75109,BOULEVARD DE ROCHECHOUART,48.882543,2.3431,Crépuscule ou aube,En agglomération,Hors intersection,Normale,Sans collision,4,3,2,3,1,1,1,0,6,50,,1,0,0,0,1,29.0,,,,2,2,1,1,7
202100034619,2021-06-12 22:50:00,2021,6,12,22,50,75,75108,PLACE DE LA CONCORDE,48.864562,2.319746,Nuit avec éclairage allumé,En agglomération,Place,Normale,Deux véhicules - frontale,4,1,6,0,1,1,1,0,1,50,,2,1,0,0,1,24.0,21.0,,,5,2,7,1,1
202100034620,2021-06-13 20:00:00,2021,6,13,20,0,94,94037,DIVISION DU GENERAL LECLERC (R DE LA),48.81232,2.34965,Plein jour,En agglomération,Hors intersection,Normale,Sans collision,4,1,1,0,2,1,1,0,1,50,,2,1,0,0,1,28.0,,,,1,2,1,1,7
202100034621,2021-06-13 19:10:00,2021,6,13,19,10,94,94043,FONTAINEBLEAU (AV DE),48.80834,2.36304,Plein jour,En agglomération,Hors intersection,Normale,Autre collision,3,2,4,0,1,1,1,0,1,50,,2,1,0,0,1,21.0,,,,1,2,1,1,6
202100034622,2021-06-13 19:30:00,2021,6,13,19,30,94,94073,STALINGRAD - CAR DES TROIS COMMUNES (BD,48.77338,2.39947,Plein jour,En agglomération,Intersection en X,Normale,Deux véhicules - côté,3,4,6,0,1,1,1,5,1,50,,4,2,0,0,2,25.0,37.0,,,1,2,2,1,3
202100034623,2021-06-13 11:05:00,2021,6,13,11,5,94,94079,JEAN MONNET (BD),48.8348,2.547,Plein jour,En agglomération,Hors intersection,Normale,Deux véhicules - frontale,3,1,2,1,1,1,1,0,1,50,,2,1,0,0,1,79.0,41.0,,,1,2,1,1,1
202100034624,2021-06-12 21:40:00,2021,6,12,21,40,93,93064,LAVOISIER (RUE),48.86265,2.4936,Nuit avec éclairage allumé,En agglomération,Autre intersection,Normale,Deux véhicules - frontale,3,2,2,0,1,1,1,0,1,50,,2,1,0,1,0,38.0,36.0,,,5,2,9,1,1
202100034625,2021-06-13 20:10:00,2021,6,13,20,10,93,93053,Rue de Brément / Rue Jules Auffret,48.88821,2.45648,Plein jour,En agglomération,Giratoire,Normale,Deux véhicules - côté,3,3,2,0,1,1,1,5,1,50,,2,1,0,0,1,39.0,49.0,,,1,2,6,1,3
202100034626,2021-06-13 21:00:00,2021,6,13,21,0,93,93048,Boulevard Jeanne d’Arc / Rue de la Solidarité,48.85283,2.44468,Crépuscule ou aube,En agglomération,Intersection en X,Normale,Deux véhicules - côté,3,2,2,1,2,1,1,0,1,50,,2,1,0,0,1,42.0,20.0,,,2,2,2,1,3
202100034627,2021-06-13 09:30:00,2021,6,13,9,30,93,93048,Rue de Rosny / Avenue Walwein,48.86184,2.44655,Plein jour,En agglomération,Intersection en X,Normale,Deux véhicules - côté,4,2,2,0,2,1,1,0,1,30,,2,1,0,0,1,49.0,51.0,,,1,2,2,1,3
202100034628,2021-06-13 12:50:00,2021,6,13,12,50,93,93074,Route Nationale 3,48.93328,2.59141,Plein jour,Hors agglomération,Hors intersection,Normale,Trois véhicules et plus - collisions multiples,3,3,4,0,1,1,1,0,1,110,,3,2,0,1,0,46.0,36.0,,,1,1,1,1,5
202100034629,2021-06-13 13:55:00,2021,6,13,13,55,93,93047,Boulevard Hardy,48.90674,2.57096,Plein jour,En agglomération,Hors intersection,Normale,Autre collision,4,2,2,0,2,1,1,0,1,50,,2,1,0,0,1,64.0,,,,1,2,1,1,6
202100034630,2021-06-13 17:25:00,2021,6,13,17,25,93,93057,ROME (AV.),48.916073,2.498494,Plein jour,En agglomération,Hors intersection,Normale,Deux véhicules - côté,4,1,1,0,1,1,1,0,1,50,,3,1,0,0,2,40.0,,,,1,2,1,1,3
202100034631,2021-06-12 23:30:00,2021,6,12,23,30,92,92035,National ( boulevard ),48.9068493956,2.2387862206,Nuit avec éclairage allumé,En agglomération,Intersection en X,Normale,Autre collision,3,3,6,0,1,1,1,5,1,50,,2,1,0,0,1,62.0,,,,5,2,2,1,6
202100034632,2021-06-13 18:00:00,2021,6,13,18,0,92,92025,PARC DEPARTEMENTAL,48.928198,2.237016,Plein jour,En agglomération,Hors intersection,Normale,Autre collision,6,-1,-1,0,1,1,1,9,1,50,,3,2,0,0,1,49.0,,,,1,2,1,1,6
202100034633,2021-06-13 11:00:00,2021,6,13,11,0,11,11367,D 629,43.370904029,2.1561659529,Plein jour,Hors agglomération,Hors intersection,Normale,Autre collision,3,2,2,0,1,2,1,0,3,80,,1,0,0,1,0,78.0,,,,1,1,1,1,6
202100034634,2021-06-13 12:20:00,2021,6,13,12,20,11,11194,D 101,43.327902,2.383459,Plein jour,Hors agglomération,Hors intersection,Normale,Autre collision,3,2,2,0,1,2,1,0,3,80,,1,0,0,1,0,56.0,,,,1,1,1,1,6
202100034635,2021-06-14 12:10:00,2021,6,14,12,10,54,54100,49 rue de Metz,48.7862,6.35252,Plein jour,En agglomération,Hors intersection,Normale,Autre collision,3,2,2,0,2,1,1,0,4,50,,2,0,0,0,2,79.0,,,,1,2,1,1,6
202100034636,2021-06-13 06:40:00,2021,6,13,6,40,26,26140,145 Chemin de la Croix,45.117374,5.101491,Crépuscule ou aube,Hors agglomération,Hors intersection,Normale,Deux véhicules - arrière,3,2,2,0,1,1,1,0,1,80,,2,1,0,1,0,88.0,77.0,,,2,1,1,1,2
202100034637,2021-06-14 07:45:00,2021,6,14,7,45,24,24442,D6089,45.117915,0.498755,Plein jour,Hors agglomération,Hors intersection,Normale,Deux véhicules - frontale,3,2,2,0,1,1,1,0,1,80,,4,0,0,2,2,27.0,21.0,,,1,1,1,1,1
202100034638,2021-06-13 10:35:00,2021,6,13,10,35,73,73091,D914 - route du bord du lac,45.795162,5.818162,Plein jour,En agglomération,Autre intersection,Normale,Deux véhicules - côté,3,2,2,0,2,2,1,9,1,50,,2,1,0,1,0,53.0,30.0,,,1,2,9,1,3
202100034639,2021-06-10 16:30:00,2021,6,10,16,30,71,71047,D192,46.595604,3.793011,Plein jour,Hors agglomération,Hors intersection,Normale,Deux véhicules - arrière,3,2,2,0,1,1,1,0,1,80,,2,1,0,0,1,55.0,82.0,,,1,1,1,1,2
202100034640,2021-06-13 18:00:00,2021,6,13,18,0,45,45213,D57,47.855099,2.592945,Plein jour,Hors agglomération,Hors intersection,Normale,Autre collision,3,2,2,0,1,1,1,0,1,80,,1,0,0,1,0,51.0,,,,1,1,1,1,6
202100034641,2021-06-13 19:42:00,2021,6,13,19,42,68,68231,D1b,48.012851,7.530881,Plein jour,Hors agglomération,Hors intersection,Normale,Sans collision,3,2,2,0,1,1,1,0,1,80,,4,0,0,0,4,18.0,,,,1,1,1,1,7