accident_id,datetime,annee,mois,jour,heure,minute,departement,commune_insee,adresse,latitude,longitude,luminosite,agglomeration,intersection,meteo,collision,catr,circ,nbv,vosp,prof,plan,surf,infra,situ,vma,nb_vehicules,nb_usagers,nb_indemnes,nb_tues,nb_blesses_hosp,nb_blesses_legers,age_cond_1,age_cond_2,veh_type_cond_1,veh_type_cond_2,lum_code,agg_code,int_code,atm_code,col_code
202100034642,2021-06-13 20:30:00,2021,6,13,20,30,67,67107,D67,48.705208,7.547843,Crépuscule ou aube,Hors agglomération,Hors intersection,Temps éblouissant,Sans collision,3,2,2,0,1,1,1,0,3,70,,3,0,0,1,2,28.0,,,,2,1,1,7,7
202100034643,2021-06-13 22:45:00,2021,6,13,22,45,01,01354,Route de Meyrin,46.238196,6.038634,Nuit avec éclairage allumé,Hors agglomération,Hors intersection,Normale,Deux véhicules - arrière,3,2,2,0,1,1,1,0,1,50,,3,2,0,1,0,16.0,34.0,,,5,1,1,1,2
202100034644,2021-06-12 05:52:00,2021,6,12,5,52,01,01354,,46.247041,6.040581,Crépuscule ou aube,Hors agglomération,Hors intersection,Normale,Deux véhicules - frontale,3,2,2,0,1,1,1,0,1,-1,,2,1,0,0,1,55.0,19.0,,,2,1,1,1,1
202100034645,2021-06-14 08:10:00,2021,6,14,8,10,29,29116,N12 PK 50+600,48.494768,-4.204373,Plein jour,Hors agglomération,Hors intersection,Normale,Deux véhicules - arrière,2,3,4,0,2,1,1,0,1,110,,2,1,0,0,1,25.0,30.0,,,1,1,1,1,2
202100034646,2021-06-14 22:00:00,2021,6,14,22,0,974,97410,Route Nationale 2,-21.028846,55.704921,Nuit sans éclairage public,Hors agglomération,Hors intersection,Normale,Autre collision,2,1,1,0,2,2,1,3,3,70,,1,0,0,1,0,27.0,,,,3,1,1,1,6
202100034647,2021-06-14 07:55:00,2021,6,14,7,55,58,58187,7 Rue de Paris,47.445047,2.93291,Plein jour,En agglomération,Hors intersection,Normale,Autre collision,3,2,2,0,1,1,1,0,1,50,,2,1,1,0,0,52.0,,,,1,2,1,1,6
202100034648,2021-06-14 08:50:00,2021,6,14,8,50,60,60176,Rue Saint Germain,49.227554,2.905358,Plein jour,En agglomération,Intersection en T,Normale,Deux véhicules - côté,4,-1,2,0,1,1,1,0,1,50,,2,1,0,0,1,63.0,21.0,,,1,2,3,1,3
202100034649,2021-06-13 22:30:00,2021,6,13,22,30,71,71398,route de chalon,46.7558825327,4.9558815832,Nuit sans éclairage public,Hors agglomération,Hors intersection,Normale,Deux véhicules - frontale,3,2,2,0,1,1,1,0,1,80,,2,1,0,1,0,29.0,43.0,,,3,1,1,1,1
202100034650,2021-06-13 22:45:00,2021,6,13,22,45,62,62673,14 Rue de Pronville,50.178647,2.986893,Nuit avec éclairage allumé,En agglomération,Hors intersection,Normale,Autre collision,3,2,2,0,2,1,1,0,4,50,,5,1,0,1,3,35.0,,,,5,2,1,1,6
202100034651,2021-06-13 18:35:00,2021,6,13,18,35,41,41287,Rue des Masnières,47.767985,1.037537,Plein jour,Hors agglomération,Hors intersection,Normale,Sans collision,4,2,2,0,2,2,1,0,3,80,,1,0,1,0,0,71.0,,,,1,1,1,1,7
202100034652,2021-06-12 23:15:00,2021,6,12,23,15,56,56031,Rue du Chêne,47.831077,-3.001218,Nuit sans éclairage public,En agglomération,Hors intersection,Normale,Sans collision,4,2,2,0,2,1,1,0,3,50,,1,0,0,1,0,17.0,,,,3,2,1,1,7
202100034653,2021-06-14 13:12:00,2021,6,14,13,12,74,74278,Prom de l Arve,46.07597,6.532804,Plein jour,Hors agglomération,Hors intersection,Normale,Sans collision,9,4,2,1,1,1,1,9,5,-1,,1,0,0,1,0,34.0,,,,1,1,1,1,7
202100034654,2021-06-13 09:05:00,2021,6,13,9,5,79,79226,Chemin la Pierre de la Justice,46.560219,-0.443251,Plein jour,Hors agglomération,Hors intersection,Normale,Sans collision,4,2,2,0,1,1,1,0,1,50,,2,1,0,1,0,60.0,41.0,,,1,1,1,1,7
202100034655,2021-06-13 06:30:00,2021,6,13,6,30,2A,2A098,Verghia,41.808781,8.764451,Plein jour,Hors agglomération,Hors intersection,Normale,Autre collision,3,2,2,0,1,1,1,0,3,70,,2,1,0,1,0,21.0,,,,1,1,1,1,6
202100034656,2021-06-12 18:15:00,2021,6,12,18,15,80,80686,pk 14 D11,50.026487,2.390299,Plein jour,Hors agglomération,Intersection en T,Normale,Deux véhicules - côté,3,2,2,0,1,3,1,0,1,80,,3,2,0,1,0,18.0,29.0,,,1,1,3,1,3
202100034657,2021-06-14 00:30:00,2021,6,14,0,30,65,65460,5 Avenue Joseph Fitte,43.383707,0.055594,Nuit avec éclairage allumé,En agglomération,Hors intersection,Normale,Sans collision,3,2,2,0,1,1,1,0,1,50,,1,0,0,1,0,32.0,,,,5,2,1,1,7
202100034658,2021-06-13 12:00:00,2021,6,13,12,0,32,32301,D930 chemin A Nicole PK1+600,43.682514,0.527365,Plein jour,Hors agglomération,Intersection en X,Normale,Deux véhicules - frontale,3,2,2,0,3,1,1,0,1,80,,5,0,0,3,2,20.0,58.0,,,1,1,2,1,1
202100034659,2021-06-13 10:05:00,2021,6,13,10,5,11,11063,D118,42.922897,2.217774,Plein jour,Hors agglomération,Intersection en T,Normale,Deux véhicules - côté,3,2,2,0,1,1,1,5,1,70,,3,1,0,2,0,53.0,86.0,,,1,1,3,1,3
202100034660,2021-06-14 09:30:00,2021,6,14,9,30,71,71311,Route de Frangy,46.7098615351,5.3018363883,Plein jour,Hors agglomération,Hors intersection,Normale,Deux véhicules - frontale,3,2,2,0,1,3,1,0,1,80,,3,0,0,1,2,51.0,19.0,,,1,1,1,1,1
202100034661,2021-06-11 18:04:00,2021,6,11,18,4,61,61063,za des cinq chemins,48.703211,-0.363675,Plein jour,En agglomération,Hors intersection,Normale,Sans collision,4,2,2,0,1,1,1,0,1,50,,1,0,0,1,0,41.0,,,,1,2,1,1,7
202100034662,2021-06-13 13:15:00,2021,6,13,13,15,39,39149,,47.096575,5.7437,Plein jour,Hors agglomération,Hors intersection,Normale,Autre collision,3,2,2,0,1,1,1,0,3,80,,2,0,0,1,1,42.0,,,,1,1,1,1,6
202100034663,2021-06-09 16:36:00,2021,6,9,16,36,44,44036,Rue du Faubourg Saint-Michel,47.718259,-1.36984,Plein jour,En agglomération,Hors intersection,Normale,Deux véhicules - frontale,4,2,2,0,2,1,1,0,1,30,,2,1,0,1,0,73.0,13.0,,,1,2,1,1,1
202100034664,2021-06-12 17:30:00,2021,6,12,17,30,29,29241,Lieu Dit Kervez,47.952182,-3.770499,Plein jour,Hors agglomération,Hors intersection,Normale,Sans collision,4,2,2,0,2,3,1,0,1,80,,1,0,0,1,0,15.0,,,,1,1,1,1,7
202100034665,2021-06-13 18:40:00,2021,6,13,18,40,29,29175,Le Venec,48.265955,-3.810207,Plein jour,Hors agglomération,Hors intersection,Normale,Sans collision,3,2,2,0,2,1,1,0,1,80,,1,0,0,0,1,60.0,,,,1,1,1,1,7
202100034666,2021-06-14 17:30:00,2021,6,14,17,30,29,29029,Lieu Dit Kerherve,48.251719,-3.641549,Plein jour,Hors agglomération,Hors intersection,Normale,Deux véhicules - frontale,4,2,2,0,1,1,1,0,1,80,,2,0,0,2,0,42.0,29.0,,,1,1,1,1,1
202100034667,2021-06-14 10:30:00,2021,6,14,10,30,31,31085,d44,42.917621,0.757585,Plein jour,Hors agglomération,Hors intersection,Normale,Deux véhicules - frontale,3,2,2,0,2,3,1,0,1,80,,2,1,0,1,0,31.0,57.0,,,1,1,1,1,1
202100034668,2021-06-13 11:00:00,2021,6,13,11,0,02,02810,Route Nationale 2,49.251868,3.059231,Plein jour,Hors agglomération,Hors intersection,Normale,Autre collision,2,3,4,0,1,1,1,0,1,110,,3,2,0,1,0,63.0,,,,1,1,1,1,6
202100034669,2021-06-12 09:45:00,2021,6,12,9,45,84,84084,pk 17 D27,43.7583286313,5.5068111427,Plein jour,Hors agglomération,Hors intersection,Normale,Autre collision,3,2,2,0,1,1,1,0,1,50,,1,0,0,1,0,67.0,,,,1,1,1,1,6
202100034670,2021-06-14 18:24:00,2021,6,14,18,24,01,01232,d996,46.379356,5.252581,Plein jour,Hors agglomération,Hors intersection,Normale,Deux véhicules - frontale,3,2,2,0,2,1,1,0,1,80,,4,0,0,3,1,60.0,18.0,,,1,1,1,1,1
202100034671,2021-06-13 11:40:00,2021,6,13,11,40,70,70198,Rue Alfred Dornier,47.554327,5.677448,Plein jour,En agglomération,Hors intersection,Normale,Autre collision,6,-1,-1,0,1,1,1,0,8,-1,,2,1,0,1,0,81.0,,,,1,2,1,1,6
202100034672,2021-06-13 04:54:00,2021,6,13,4,54,26,26052,Route de la Laupie,44.601377,4.871364,Crépuscule ou aube,Hors agglomération,Hors intersection,Normale,Autre collision,3,2,2,0,1,1,1,0,1,50,,1,0,0,1,0,17.0,,,,2,1,1,1,6
202100034673,2021-06-13 06:45:00,2021,6,13,6,45,72,72328,Route de Bonnétable,48.058836,0.269712,Plein jour,Hors agglomération,Hors intersection,Normale,Autre collision,3,2,2,0,1,2,1,0,3,90,,1,0,0,1,0,21.0,,,,1,1,1,1,6
202100034674,2021-06-14 18:30:00,2021,6,14,18,30,06,06079,D6007,43.55017,6.946418,Plein jour,En agglomération,Hors intersection,Normale,Trois véhicules et plus - en chaîne,3,3,2,2,1,1,1,9,8,50,,3,2,0,0,1,25.0,34.0,,,1,2,1,1,4
202100034675,2021-06-14 02:20:00,2021,6,14,2,20,14,14020,D37,49.12933,-0.162456,Nuit sans éclairage public,En agglomération,Hors intersection,Normale,Autre collision,3,2,2,0,1,2,1,0,1,50,,1,0,0,1,0,22.0,,,,3,2,1,1,6
202100034676,2021-06-13 17:50:00,2021,6,13,17,50,05,05009,N85,44.799255,5.970526,Plein jour,Hors agglomération,Hors intersection,Normale,Sans collision,2,3,2,0,2,3,1,0,3,80,,1,0,0,0,1,37.0,,,,1,1,1,1,7
202100034677,2021-06-14 14:40:00,2021,6,14,14,40,50,50591,976,48.5255901218,-0.9197777511,Plein jour,Hors agglomération,Hors intersection,Normale,Deux véhicules - côté,3,2,2,0,1,1,1,0,1,80,,2,1,0,1,0,46.0,73.0,,,1,1,1,1,3
202100034678,2021-06-13 10:15:00,2021,6,13,10,15,07,07292,route départementale 6,45.1657,4.655735,Plein jour,Hors agglomération,Hors intersection,Normale,Deux véhicules - côté,3,2,2,0,2,1,1,0,1,80,,2,1,0,1,0,73.0,64.0,,,1,1,1,1,3
202100034679,2021-06-13 18:00:00,2021,6,13,18,0,07,07181,15 Quai Rene Revollat,44.759861,4.750814,Plein jour,En agglomération,Hors intersection,Normale,Deux véhicules - frontale,3,2,2,0,1,1,1,0,1,50,,2,0,0,1,1,54.0,41.0,,,1,2,1,1,1
202100034680,2021-06-13 20:25:00,2021,6,13,20,25,40,40201,CD3 - ROUTE DE SOUPROSSE,43.75097,-0.752338,Plein jour,En agglomération,Hors intersection,Normale,Sans collision,3,2,2,0,2,2,1,0,1,50,,1,0,0,1,0,51.0,,,,1,2,1,1,7
202100034681,2021-06-13 19:30:00,2021,6,13,19,30,40,40025,rd 351,43.824589,-0.409992,Plein jour,Hors agglomération,Hors intersection,Normale,Autre collision,3,2,2,0,1,1,1,0,1,80,,2,0,0,2,0,35.0,31.0,,,1,1,1,1,6
202100034682,2021-05-21 07:15:00,2021,5,21,7,15,28,28121,Route département 2020,48.115701,1.894549,Plein jour,Hors agglomération,Intersection en T,Normale,Deux véhicules - côté,3,4,4,0,1,1,1,0,1,90,,4,1,0,1,2,66.0,24.0,,,1,1,3,1,3
202100034683,2021-06-09 05:00:00,2021,6,9,5,0,28,28023,D106.2 / D106.4,48.528258,1.628466,Crépuscule ou aube,Hors agglomération,Intersection en T,Normale,Deux véhicules - côté,3,2,2,0,1,3,1,0,1,80,,2,0,0,1,1,58.0,37.0,,,2,1,3,1,3
202100034684,2021-06-12 10:50:00,2021,6,12,10,50,17,17337,Route de Domino,45.97176,-1.355985,Plein jour,En agglomération,Intersection en T,Normale,Deux véhicules - arrière,4,2,2,0,1,1,1,0,1,50,,3,2,0,1,0,43.0,71.0,,,1,2,3,1,2
202100034685,2021-06-10 19:10:00,2021,6,10,19,10,37,37047,La Bigotiere,47.507602756,0.6728982229,Plein jour,Hors agglomération,Intersection en X,Normale,Deux véhicules - côté,3,2,2,0,1,1,1,0,1,80,,2,1,0,1,0,17.0,51.0,,,1,1,2,1,3
202100034686,2021-05-28 15:30:00,2021,5,28,15,30,24,24340,81 Route de Sivadal,44.862168,0.418972,Plein jour,Hors agglomération,Hors intersection,Normale,Deux véhicules - frontale,4,2,2,0,1,2,1,0,1,30,,3,2,0,1,0,22.0,17.0,,,1,1,1,1,1
202100034687,2021-06-14 04:48:00,2021,6,14,4,48,88,88123,A31,48.094872,5.640805,Crépuscule ou aube,Hors agglomération,Hors intersection,Normale,Sans collision,1,3,4,0,1,1,1,0,3,90,,1,0,0,1,0,51.0,,,,2,1,1,1,7
202100034688,2021-06-13 15:30:00,2021,6,13,15,30,33,33382,,45.149843,-0.479236,Plein jour,Hors agglomération,Hors intersection,Normale,Deux véhicules - côté,1,3,4,0,1,1,1,0,2,130,,3,2,0,0,1,20.0,44.0,,,1,1,1,1,3
202100034689,2021-06-07 17:00:00,2021,6,7,17,0,91,91105,D19 - Route de Boissy,48.564322,2.176039,Plein jour,Hors agglomération,Hors intersection,Normale,Deux véhicules - arrière,3,2,2,0,2,1,1,0,5,70,,3,1,0,0,2,24.0,36.0,,,1,1,1,1,2
202100034690,2021-06-14 18:30:00,2021,6,14,18,30,34,34143,A9 PK 128+90,43.462646,3.62743,Plein jour,Hors agglomération,Hors intersection,Normale,Autre collision,1,3,3,0,2,1,1,8,1,130,,3,2,1,0,0,29.0,,,,1,1,1,1,6
202100034691,2021-06-14 15:45:00,2021,6,14,15,45,69,69027,PAUL BOVIER-LAPIERRE (R),45.674444,4.760426,Plein jour,En agglomération,Giratoire,Normale,Deux véhicules - côté,4,2,2,0,1,3,1,0,1,50,,2,1,0,0,1,59.0,51.0,,,1,2,6,1,3
202100034692,2021-06-13 19:00:00,2021,6,13,19,0,83,83140,A8,43.4236288948,5.9630846558,Plein jour,Hors agglomération,Hors intersection,Normale,Deux véhicules - arrière,1,1,5,0,2,2,1,0,1,130,,9,0,0,1,8,72.0,22.0,,,1,1,1,1,2
202100034693,2021-06-13 20:00:00,2021,6,13,20,0,988,98823,tribu de Grondu,-21.069406,165.391542,Nuit avec éclairage allumé,Hors agglomération,Intersection en T,Normale,Sans collision,2,2,2,-1,-1,-1,1,-1,3,-1,,4,0,0,2,2,42.0,,,,5,1,3,1,7
202100034694,2021-06-12 22:00:00,2021,6,12,22,0,971,97117,Route de Saint-François,16.315218,-61.317782,Nuit avec éclairage allumé,Hors agglomération,Hors intersection,Normale,Deux véhicules - frontale,2,2,2,0,1,1,1,0,1,80,,2,0,0,1,1,28.0,21.0,,,5,1,1,1,1
202100034695,2021-06-14 06:45:00,2021,6,14,6,45,37,37210,,47.201039545,0.3218413846,Crépuscule ou aube,Hors agglomération,Hors intersection,Normale,Trois véhicules et plus - en chaîne,3,2,3,0,2,1,1,0,1,90,,4,2,0,1,1,47.0,49.0,,,2,1,1,1,4
202100034696,2021-06-10 13:20:00,2021,6,10,13,20,77,77520,Rue de la Place,48.318386,2.652962,Plein jour,En agglomération,Intersection en T,Normale,Deux véhicules - côté,4,2,2,0,1,1,1,0,1,50,,2,1,0,0,1,50.0,23.0,,,1,2,3,1,3
202100034697,2021-06-13 14:00:00,2021,6,13,14,0,78,78068,D52,49.035702,1.481137,Plein jour,Hors agglomération,Intersection en T,Temps éblouissant,Deux véhicules - frontale,3,2,2,0,2,1,1,0,1,80,,2,1,1,0,0,44.0,45.0,,,1,1,3,7,1
202100034698,2021-06-13 18:35:00,2021,6,13,18,35,13,13027,route de la crau,43.885282,4.829092,Plein jour,Hors agglomération,Intersection en T,Normale,Deux véhicules - côté,3,2,1,0,1,1,1,0,1,80,,2,1,0,0,1,39.0,52.0,,,1,1,3,1,3
202100034699,2021-06-14 17:25:00,2021,6,14,17,25,68,68072,66 Rue du Général de Gaulle,47.690039,7.399686,Plein jour,En agglomération,Hors intersection,Normale,Deux véhicules - frontale,3,2,2,0,1,1,1,0,1,50,,2,1,0,0,1,48.0,28.0,,,1,2,1,1,1
202100034700,2021-06-13 21:00:00,2021,6,13,21,0,74,74250,Rte des Gorges du Borne,46.045476,6.377735,Crépuscule ou aube,Hors agglomération,Hors intersection,Normale,Sans collision,3,3,2,0,2,1,1,0,8,-1,,2,0,0,0,2,48.0,,,,2,1,1,1,7
202100034701,2021-06-14 15:25:00,2021,6,14,15,25,42,42168,Route du Mas,45.425489,4.676152,Plein jour,Hors agglomération,Hors intersection,Normale,Deux véhicules - frontale,3,2,2,0,2,3,1,0,1,80,,2,1,1,0,0,64.0,37.0,,,1,1,1,1,1
202100034702,2021-06-14 11:15:00,2021,6,14,11,15,81,81105,Avenue Jules Ferry,43.765767,1.979717,Plein jour,En agglomération,Autre intersection,Temps éblouissant,Deux véhicules - côté,4,-1,2,0,1,1,1,0,1,50,,2,1,0,0,1,33.0,28.0,,,1,2,9,7,3
202100034703,2021-06-13 09:30:00,2021,6,13,9,30,81,81039,D631,43.754756,1.930976,Plein jour,Hors agglomération,Hors intersection,Normale,Deux véhicules - côté,3,2,2,0,1,1,1,0,1,80,,2,1,0,0,1,19.0,72.0,,,1,1,1,1,3
202100034704,2021-06-13 13:20:00,2021,6,13,13,20,09,09209,D627,42.997664,1.165924,Plein jour,Hors agglomération,Hors intersection,Normale,Sans collision,3,2,2,0,1,2,1,0,1,80,,4,2,0,0,2,23.0,,,,1,1,1,1,7
202100034705,2021-06-14 17:00:00,2021,6,14,17,0,86,86287,D759,47.05533,0.149227,Plein jour,Hors agglomération,Hors intersection,Normale,Deux véhicules - côté,3,2,2,0,1,1,1,0,1,90,,3,2,0,1,0,31.0,27.0,,,1,1,1,1,3
202100034706,2021-05-19 07:20:00,2021,5,19,7,20,22,22364,Les Hauts Champs,48.434572,-2.080868,Plein jour,Hors agglomération,Hors intersection,Normale,Deux véhicules - frontale,4,2,2,0,1,3,1,0,1,80,,2,1,0,1,0,15.0,24.0,,,1,1,1,1,1
202100034707,2021-06-14 06:40:00,2021,6,14,6,40,76,76401,D913 - PK 11890,49.43522,0.79137,Plein jour,Hors agglomération,Hors intersection,Normale,Deux véhicules - frontale,3,2,2,0,2,2,1,0,1,80,,2,0,1,0,1,41.0,42.0,,,1,1,1,1,1
202100034708,2021-06-13 22:09:00,2021,6,13,22,9,60,60500,N330,49.0932476129,2.7480429375,Crépuscule ou aube,Hors agglomération,Intersection en T,Normale,Deux véhicules - côté,2,2,2,0,1,1,1,0,1,50,,2,1,0,0,1,25.0,38.0,,,2,1,3,1,3
202100034709,2021-06-13 20:14:00,2021,6,13,20,14,59,59126,rue de douai,50.312113,3.117549,Plein jour,En agglomération,Hors intersection,Normale,Autre collision,3,2,2,1,1,1,1,0,1,50,,1,0,0,1,0,47.0,,,,1,2,1,1,6
202100034710,2021-06-13 13:35:00,2021,6,13,13,35,13,13033,A55-Sens Marseille vers Martigues,43.37332,5.19209,Plein jour,Hors agglomération,Hors intersection,Normale,Deux véhicules - arrière,1,1,2,0,1,1,1,0,1,110,,9,7,0,0,2,31.0,31.0,,,1,1,1,1,2
202100034711,2021-06-13 11:22:00,2021,6,13,11,22,13,13210,S10CM-Sens Marseille vers A.50 Aubagne,43.28325,5.40049,Plein jour,Hors agglomération,Hors intersection,Normale,Deux véhicules - arrière,1,3,2,0,1,1,1,3,1,50,,3,1,0,1,1,52.0,38.0,,,1,1,1,1,2
202100034712,2021-06-12 21:20:00,2021,6,12,21,20,13,13005,A50-Sens Marseille vers Aubagne,43.28652,5.53666,Plein jour,Hors agglomération,Hors intersection,Normale,Deux véhicules - arrière,1,1,3,0,1,1,1,0,1,90,,3,1,0,0,2,54.0,24.0,,,1,1,1,1,2
202100034713,2021-06-12 11:30:00,2021,6,12,11,30,13,13210,A50-Sens Marseille vers Aubagne,43.28322,5.40006,Plein jour,En agglomération,Hors intersection,Normale,Deux véhicules - arrière,1,1,1,0,2,2,1,3,1,50,,2,1,0,0,1,63.0,20.0,,,1,2,1,1,2
202100034714,2021-06-13 13:50:00,2021,6,13,13,50,69,69029,D383   7.640 A 11.044,45.72738,4.89635,Plein jour,Hors agglomération,Hors intersection,Normale,Deux véhicules - côté,7,1,4,0,1,1,1,2,1,70,,2,1,0,1,0,23.0,46.0,,,1,1,1,1,3
202100034715,2021-06-12 20:10:00,2021,6,12,20,10,42,42123,A47,45.5152,4.5785,Plein jour,Hors agglomération,Hors intersection,Normale,Trois véhicules et plus - en chaîne,1,1,4,0,1,1,1,8,1,70,,6,4,0,0,2,24.0,22.0,,,1,1,1,1,4
202100034716,2021-06-12 17:20:00,2021,6,12,17,20,42,42099,RN88,45.3748394913,4.2709123935,Plein jour,Hors agglomération,Hors intersection,Normale,Deux véhicules - côté,2,3,4,0,2,1,1,0,2,90,,2,1,0,0,1,30.0,30.0,,,1,1,1,1,3
202100034717,2021-06-13 17:15:00,2021,6,13,17,15,91,91235,RN 104,48.62478,2.37063,Plein jour,Hors agglomération,Hors intersection,Normale,Trois véhicules et plus - en chaîne,2,1,2,0,1,1,1,0,1,110,,11,5,0,0,6,34.0,27.0,,,1,1,1,1,4
202100034718,2021-06-13 16:50:00,2021,6,13,16,50,91,91161,AUTOROUTE A6,48.7168,2.3097,Plein jour,Hors agglomération,Hors intersection,Normale,Deux véhicules - arrière,1,-1,6,0,1,1,1,0,1,110,,2,1,0,0,1,54.0,41.0,,,1,1,1,1,2
202100034719,2021-06-12 23:05:00,2021,6,12,23,5,91,91570,RN 104,48.6249,2.3153,Nuit sans éclairage public,Hors agglomération,Hors intersection,Normale,Deux véhicules - arrière,2,3,4,0,1,1,1,2,1,110,,5,3,0,0,2,25.0,32.0,,,3,1,1,1,2
202100034720,2021-06-12 19:40:00,2021,6,12,19,40,92,92019,RN 385 Extèrieure,48.7697864876,2.244013287,Plein jour,Hors agglomération,Hors intersection,Normale,Autre collision,2,2,4,0,1,1,1,0,1,90,,3,2,0,1,0,22.0,59.0,,,1,1,1,1,6
202100034721,2021-06-12 17:15:00,2021,6,12,17,15,91,91216,AUTOROUTE A6,48.68152,2.33071,Plein jour,Hors agglomération,Hors intersection,Normale,Trois véhicules et plus - en chaîne,1,3,6,0,1,1,1,0,1,110,,4,2,0,0,2,53.0,22.0,,,1,1,1,1,4
202100034722,2021-06-13 18:30:00,2021,6,13,18,30,78,78158,A13,48.831465,2.147217,Plein jour,Hors agglomération,Hors intersection,Normale,Deux véhicules - arrière,1,3,3,0,1,1,1,0,1,110,,7,6,0,0,1,38.0,46.0,,,1,1,1,1,2
202100034723,2021-06-13 10:05:00,2021,6,13,10,5,78,78362,A13,48.976277,1.721074,Plein jour,Hors agglomération,Hors intersection,Normale,Autre collision,1,3,6,0,1,1,1,0,1,110,,5,4,0,0,1,53.0,23.0,,,1,1,1,1,6
202100034724,2021-06-13 05:35:00,2021,6,13,5,35,78,78090,A13,48.969631,1.913324,Plein jour,Hors agglomération,Hors intersection,Normale,Autre collision,1,-1,3,0,1,1,1,0,1,110,,1,0,0,0,1,37.0,,,,1,1,1,1,6
202100034725,2021-06-13 20:30:00,2021,6,13,20,30,95,95277,AUTOROUTE A3,48.9702428126,2.483022809,Plein jour,Hors agglomération,Hors intersection,Normale,Trois véhicules et plus - en chaîne,1,3,8,0,1,1,1,0,1,90,,3,2,0,0,1,55.0,22.0,,,1,1,1,1,4
202100034726,2021-06-13 18:50:00,2021,6,13,18,50,95,95018, A15,48.9537750808,2.2789100209,Plein jour,Hors agglomération,Hors intersection,Normale,Trois véhicules et plus - en chaîne,1,3,8,0,1,1,1,0,1,110,,3,2,0,0,1,54.0,45.0,,,1,1,1,1,4
202100034727,2021-06-13 07:20:00,2021,6,13,7,20,95,95028,RN 104,49.06451,2.36913,Plein jour,Hors agglomération,Hors intersection,Normale,Autre collision,2,3,4,0,1,1,1,0,1,110,,3,0,0,1,2,28.0,,,,1,1,1,1,6
202100034728,2021-06-12 19:10:00,2021,6,12,19,10,93,93013,AUTOROUTE A1,48.94024,2.42278,Plein jour,Hors agglomération,Hors intersection,Normale,Deux véhicules - arrière,1,3,8,0,1,1,1,0,1,90,,2,1,0,0,1,27.0,29.0,,,1,1,1,1,2
202100034729,2021-06-11 18:00:00,2021,6,11,18,0,92,92078,AUTOROUTE A86,48.9283084303,2.3316245851,Plein jour,Hors agglomération,Hors intersection,Normale,Trois véhicules et plus - collisions multiples,1,3,6,0,1,1,1,0,1,90,,3,2,0,1,0,41.0,54.0,,,1,1,1,1,5
202100034730,2021-06-13 06:45:00,2021,6,13,6,45,94,94028,A86 EXT,48.7760435069,2.4284361398,Plein jour,Hors agglomération,Hors intersection,Temps éblouissant,Autre collision,1,3,6,0,1,1,1,0,1,90,,2,0,0,0,2,25.0,,,,1,1,1,7,6
202100034731,2021-06-13 04:50:00,2021,6,13,4,50,77,77373,RN104,48.78381,2.61657,Nuit avec éclairage allumé,Hors agglomération,Hors intersection,Normale,Autre collision,2,3,4,0,1,1,1,0,1,90,,1,0,0,0,1,61.0,,,,5,1,1,1,6
202100034732,2021-06-11 18:23:00,2021,6,11,18,23,987,98735,PRINCE HINOI (AVENUE),-17.534,-149.56105,Nuit avec éclairage allumé,En agglomération,Hors intersection,Autre,Deux véhicules - arrière,4,1,2,0,1,1,1,9,1,50,,2,1,1,0,0,65.0,20.0,,,5,2,1,9,2
202100034733,2021-06-12 15:35:00,2021,6,12,15,35,973,97302,HEDER (place),4.94132,-52.33235,Plein jour,En agglomération,Intersection en X,Normale,Deux véhicules - côté,4,1,1,0,1,1,1,0,1,50,,3,2,0,0,1,31.0,18.0,,,1,2,2,1,3
202100034734,2021-06-12 23:30:00,2021,6,12,23,30,69,69383,FELIX FAURE (AV),45.7546587568,4.867554903,Nuit avec éclairage allumé,En agglomération,Intersection en X,Normale,Deux véhicules - côté,4,2,4,2,1,1,1,0,1,50,,2,1,0,0,1,56.0,27.0,,,5,2,2,1,3
202100034735,2021-06-12 20:50:00,2021,6,12,20,50,69,69386,MOLIERE (R),45.76481,4.84275,Crépuscule ou aube,En agglomération,Intersection en X,Normale,Trois véhicules et plus - collisions multiples,4,1,1,1,1,1,1,0,1,30,,5,2,0,1,2,23.0,25.0,,,2,2,2,1,5
202100034736,2021-06-12 20:45:00,2021,6,12,20,45,69,69383,VILLEROY (R),45.754858673,4.8499465503,Crépuscule ou aube,En agglomération,Intersection en X,Normale,Deux véhicules - côté,4,1,1,2,1,1,1,0,1,50,,4,3,0,0,1,39.0,22.0,,,2,2,2,1,3
202100034737,2021-06-11 21:35:00,2021,6,11,21,35,69,69387,REPOS (DU) (R),45.74751,4.84857,Crépuscule ou aube,En agglomération,Intersection en X,Normale,Sans collision,4,1,1,0,1,1,1,0,1,50,,1,0,0,1,0,30.0,,,,2,2,2,1,7
202100034738,2021-06-12 01:50:00,2021,6,12,1,50,69,69383,BARABAN (R),45.7593496257,4.8678527841,Nuit avec éclairage allumé,En agglomération,Intersection en X,Normale,Deux véhicules - côté,4,2,2,0,1,1,1,0,1,50,,2,1,0,0,1,28.0,28.0,,,5,2,2,1,3
202100034739,2021-06-12 12:30:00,2021,6,12,12,30,69,69081,MARIETTON (R),45.7746635917,4.7938035429,Plein jour,En agglomération,Hors intersection,Normale,Deux véhicules - côté,4,2,3,0,1,1,1,0,1,50,,2,1,0,0,1,50.0,39.0,,,1,2,1,1,3