accident_id,datetime,annee,mois,jour,heure,minute,departement,commune_insee,adresse,latitude,longitude,luminosite,agglomeration,intersection,meteo,collision,catr,circ,nbv,vosp,prof,plan,surf,infra,situ,vma,nb_vehicules,nb_usagers,nb_indemnes,nb_tues,nb_blesses_hosp,nb_blesses_legers,age_cond_1,age_cond_2,veh_type_cond_1,veh_type_cond_2,lum_code,agg_code,int_code,atm_code,col_code
202100034740,2021-06-11 20:00:00,2021,6,11,20,0,95,95088,Route de Flandres,48.95705,2.44585,Plein jour,En agglomération,Hors intersection,Normale,Sans collision,3,2,3,0,1,1,1,0,1,50,,1,0,0,1,0,49.0,,,,1,2,1,1,7
202100034741,2021-06-11 21:45:00,2021,6,11,21,45,91,91657,RUE DES EDELWEISS,48.70145,2.44028,Crépuscule ou aube,En agglomération,Hors intersection,Normale,Autre collision,4,2,0,0,1,1,1,0,1,30,,2,1,0,1,0,21.0,,,,2,2,1,1,6
202100034742,2021-06-11 16:45:00,2021,6,11,16,45,91,91027,VC QUAI DE L'INDUSTRIE,48.69287,2.38942,Plein jour,En agglomération,Hors intersection,Normale,Autre collision,4,2,2,0,1,1,1,0,1,30,,3,2,0,0,1,51.0,68.0,,,1,2,1,1,6
202100034743,2021-06-12 19:10:00,2021,6,12,19,10,83,83144,RN 97,43.14379,6.0168,Crépuscule ou aube,En agglomération,Autre intersection,Normale,Autre collision,7,2,2,0,1,1,1,0,1,50,,2,1,0,0,1,17.0,,,,2,2,9,1,6
202100034744,2021-06-12 11:45:00,2021,6,12,11,45,83,83019,FOUX (CHEMIN DE LA),43.112924,6.31035,Plein jour,Hors agglomération,Autre intersection,Normale,Deux véhicules - côté,4,2,2,0,1,1,1,0,1,50,,2,1,0,1,0,30.0,73.0,,,1,1,9,1,3
202100034745,2021-06-07 14:50:00,2021,6,7,14,50,83,83129,JUIN MARECHAL (AV DU),43.09546,5.8482,Plein jour,En agglomération,Giratoire,Normale,Deux véhicules - côté,7,3,4,0,1,1,1,5,1,50,,2,1,0,0,1,53.0,84.0,,,1,2,6,1,3
202100034746,2021-06-12 15:25:00,2021,6,12,15,25,74,74010,CHEVESNES (RUE + QUARTIER),45.90099,6.11792,Crépuscule ou aube,En agglomération,Hors intersection,Normale,Autre collision,4,2,2,0,1,1,1,0,1,30,,2,1,0,0,1,17.0,,,,2,2,1,1,6
202100034747,2021-06-11 19:00:00,2021,6,11,19,0,73,73065,BLERIOT LOUIS (RUE),45.5596548825,5.9048982256,Plein jour,En agglomération,Hors intersection,Normale,Autre collision,4,1,1,2,1,1,1,-1,1,50,,2,1,0,1,0,52.0,,,,1,2,1,1,6
202100034748,2021-06-12 09:30:00,2021,6,12,9,30,64,64545,11 Rue Paul Gélos,43.378464,-1.6708229,Plein jour,En agglomération,Intersection en T,Normale,Deux véhicules - côté,3,2,2,0,4,1,1,0,1,30,,2,1,1,0,0,58.0,62.0,,,1,2,3,1,3
202100034749,2021-06-12 12:10:00,2021,6,12,12,10,64,64122,MOURA (ALLEE DU),43.45985,-1.53702,Plein jour,En agglomération,Hors intersection,Temps couvert,Sans collision,4,2,2,0,2,1,1,0,1,50,,1,0,0,0,1,17.0,,,,1,2,1,8,7
202100034750,2021-06-12 15:45:00,2021,6,12,15,45,64,64102,SOULT (AVENUE MARECHAL),43.4867,-1.48705,Plein jour,En agglomération,Hors intersection,Normale,Trois véhicules et plus - en chaîne,3,3,4,0,1,1,1,0,1,50,,4,3,0,0,1,55.0,46.0,,,1,2,1,1,4
202100034751,2021-06-12 23:15:00,2021,6,12,23,15,54,54395,FOCH (AVENUE 18 ET 9 A FIN),48.687598832,6.1707470566,Nuit avec éclairage allumé,En agglomération,Intersection en X,Normale,Autre collision,7,1,3,3,1,1,1,0,1,50,,2,1,0,1,0,29.0,,,,5,2,2,1,6
202100034752,2021-06-12 14:38:00,2021,6,12,14,38,49,49007,MAUROIS,47.448,-0.5623,Plein jour,En agglomération,Hors intersection,Normale,Autre collision,4,1,1,0,1,1,1,0,1,50,,2,1,0,1,0,,,,,1,2,1,1,6
202100034753,2021-06-12 17:00:00,2021,6,12,17,0,45,45234,Rue des Carmes,47.90178,1.89935,Plein jour,En agglomération,Hors intersection,Normale,Autre collision,4,2,2,3,1,1,1,6,1,30,,2,1,0,0,1,50.0,,,,1,2,1,1,6
202100034754,2021-06-12 19:30:00,2021,6,12,19,30,43,43041,48 Avenue Pierre Farigoule,45.0368036425,3.9348719299,Plein jour,En agglomération,Hors intersection,Normale,Deux véhicules - côté,3,2,2,0,1,3,1,0,1,50,,5,2,0,1,2,26.0,27.0,,,1,2,1,1,3
202100034755,2021-06-11 23:15:00,2021,6,11,23,15,38,38229,A41,45.20544,5.78691,Nuit sans éclairage public,Hors agglomération,Hors intersection,Normale,Sans collision,2,1,2,0,2,3,1,3,1,90,,1,0,1,0,0,23.0,,,,3,1,1,1,7
202100034756,2021-06-12 14:20:00,2021,6,12,14,20,33,33522,RUE REMI BELLEAU,44.79555,-0.6014,Plein jour,En agglomération,Place,Normale,Deux véhicules - côté,4,1,1,0,1,1,1,0,1,30,,2,1,0,0,1,18.0,22.0,,,1,2,7,1,3
202100034757,2021-06-12 14:13:00,2021,6,12,14,13,33,33063,Boulevard Godard,44.862918,-0.583477,Plein jour,En agglomération,Hors intersection,Temps éblouissant,Deux véhicules - arrière,4,3,4,3,1,1,1,-1,6,50,,3,2,0,0,1,42.0,72.0,,,1,2,1,7,2
202100034758,2021-06-12 12:56:00,2021,6,12,12,56,33,33063,Avenue de la République,44.83938,-0.60998,Plein jour,En agglomération,Hors intersection,Normale,Autre collision,4,1,2,1,1,1,1,-1,6,50,,1,0,0,0,1,46.0,,,,1,2,1,1,6
202100034759,2021-06-12 08:35:00,2021,6,12,8,35,33,33162,Rue Jean Mermoz,44.86209,-0.666,Plein jour,En agglomération,Hors intersection,Normale,Deux véhicules - côté,4,2,2,0,1,1,1,0,1,50,,2,1,0,0,1,48.0,35.0,,,1,2,1,1,3
202100034760,2021-06-13 00:00:00,2021,6,13,0,0,31,31555,CHE DE LAPUJADE,43.6213,1.45339,Nuit avec éclairage allumé,En agglomération,Hors intersection,Normale,Deux véhicules - arrière,4,2,2,0,1,1,1,0,4,50,,3,2,0,1,0,50.0,37.0,,,5,2,1,1,2
202100034761,2021-06-12 23:30:00,2021,6,12,23,30,31,31149,SALVETAT (CHEMIN DE LA),43.6018,1.30067,Nuit avec éclairage allumé,En agglomération,Hors intersection,Normale,Sans collision,7,3,2,0,1,3,1,0,1,50,,1,0,0,0,1,39.0,,,,5,2,1,1,7
202100034762,2021-06-12 18:50:00,2021,6,12,18,50,31,31555,CHE DE LAPUJADE,43.62003,1.4529,Plein jour,En agglomération,Hors intersection,Normale,Deux véhicules - côté,4,2,1,0,1,1,1,0,1,50,,2,1,0,0,1,27.0,28.0,,,1,2,1,1,3
202100034763,2021-06-12 16:30:00,2021,6,12,16,30,28,28134,LONGS REAGES (RUE DES),48.739271676,1.3349890709,Plein jour,En agglomération,Intersection en X,Normale,Deux véhicules - côté,4,2,2,0,1,1,1,0,1,50,,2,1,0,0,1,44.0,21.0,,,1,2,2,1,3
202100034764,2021-06-12 19:00:00,2021,6,12,19,0,26,26362,Route de Crest ,44.90395,4.924482,Plein jour,En agglomération,Autre intersection,Normale,Deux véhicules - côté,3,2,2,0,1,1,1,2,1,50,,3,1,0,1,1,53.0,20.0,,,1,2,9,1,3
202100034765,2021-06-12 19:35:00,2021,6,12,19,35,24,24037,VALETTE (RUE),44.8586,0.47232,Plein jour,En agglomération,Hors intersection,Normale,Autre collision,3,2,2,0,1,1,1,0,1,50,,1,0,0,0,1,16.0,,,,1,2,1,1,6
202100034766,2021-06-12 17:33:00,2021,6,12,17,33,17,17300,BEAUREGARD   RUE DE,46.16757,-1.13983,Plein jour,En agglomération,Giratoire,Normale,Deux véhicules - côté,4,2,2,1,1,1,1,0,1,30,,3,2,0,0,1,24.0,47.0,,,1,2,6,1,3
202100034767,2021-06-11 11:19:00,2021,6,11,11,19,15,15014,Boulevard du Pavatou,44.93185,2.45027,Plein jour,En agglomération,Hors intersection,Normale,Autre collision,4,2,2,0,1,1,1,0,8,50,,2,1,0,1,0,25.0,,,,1,2,1,1,6
202100034768,2021-06-11 20:00:00,2021,6,11,20,0,14,14699,D62,49.34542,0.10424,Plein jour,Hors agglomération,Autre intersection,Normale,Sans collision,3,2,2,0,2,2,1,0,3,70,,1,0,0,1,0,41.0,,,,1,1,9,1,7
202100034769,2021-06-12 23:45:00,2021,6,12,23,45,13,13208,ALEXANDRE DUMAS (RUE),43.263624715,5.3894168941,Nuit avec éclairage allumé,En agglomération,Intersection en T,Normale,Deux véhicules - côté,4,2,2,0,1,1,1,0,1,50,,3,1,0,1,1,24.0,23.0,,,5,2,3,1,3
202100034770,2021-06-12 16:00:00,2021,6,12,16,0,11,11069,Boulevard Henry Bouffet,43.20884,2.30906,Plein jour,En agglomération,Hors intersection,Normale,Autre collision,4,2,2,0,1,1,1,0,1,50,,2,1,0,0,1,58.0,,,,1,2,1,1,6
202100034771,2021-06-11 12:10:00,2021,6,11,12,10,11,11069,Boulevard Henry Bouffet,43.20885,2.30914,Plein jour,En agglomération,Hors intersection,Normale,Deux véhicules - côté,4,2,3,0,1,1,1,0,1,50,,2,1,0,0,1,30.0,31.0,,,1,2,1,1,3
202100034772,2021-06-10 16:10:00,2021,6,10,16,10,10,10387,CHARMILLES (MAIL DES),48.29975,4.08747,Plein jour,En agglomération,Hors intersection,Normale,Autre collision,4,1,2,0,1,2,1,0,1,50,,1,0,0,0,1,65.0,,,,1,2,1,1,6
202100034773,2021-06-12 08:57:00,2021,6,12,8,57,10,10362,RD 660,48.30153,4.0244,Plein jour,Hors agglomération,Autre intersection,Normale,Deux véhicules - arrière,3,3,4,0,1,1,1,0,1,90,,2,1,0,0,1,29.0,34.0,,,1,1,9,1,2
202100034774,2021-06-11 22:50:00,2021,6,11,22,50,07,07316,MONTGOLFIERS (AVENENUE DES FRERES),44.89831,4.8519,Nuit avec éclairage allumé,En agglomération,Hors intersection,Normale,Trois véhicules et plus - en chaîne,3,2,2,0,1,1,1,0,1,50,,5,2,0,0,3,26.0,52.0,,,5,2,1,1,4
202100034775,2021-06-10 11:20:00,2021,6,10,11,20,05,05023,ROND POINT DU CONTRIBUABLE,44.895742,6.632762,Plein jour,En agglomération,Giratoire,Normale,Deux véhicules - côté,3,2,1,0,1,2,1,0,1,50,,2,1,0,0,1,51.0,33.0,,,1,2,6,1,3
202100034776,2021-06-12 09:25:00,2021,6,12,9,25,75,75113,QUAI D IVRY,48.825791,2.386589,Plein jour,En agglomération,Hors intersection,Normale,Deux véhicules - arrière,4,1,4,0,1,1,1,2,1,70,,2,1,0,0,1,48.0,43.0,,,1,2,1,1,2
202100034777,2021-06-11 18:30:00,2021,6,11,18,30,75,75116,ECHANGEUR MUETTE,48.868219,2.269778,Plein jour,En agglomération,Hors intersection,Normale,Deux véhicules - côté,4,1,4,0,1,1,1,1,1,70,,3,2,0,0,1,51.0,26.0,,,1,2,1,1,3
202100034778,2021-06-12 13:00:00,2021,6,12,13,0,75,75106,RUE D ASSAS,48.848974,2.328743,Plein jour,En agglomération,Intersection en X,Normale,Autre collision,4,2,2,0,1,1,1,0,1,50,,2,1,0,0,1,26.0,,,,1,2,2,1,6
202100034779,2021-06-11 19:00:00,2021,6,11,19,0,75,75116,AVENUE DU PRESIDENT KENNEDY,48.85453,2.283608,Plein jour,En agglomération,Intersection en T,Normale,Trois véhicules et plus - en chaîne,4,2,2,3,1,1,1,0,1,50,,3,2,0,0,1,38.0,56.0,,,1,2,3,1,4
202100034780,2021-06-12 13:55:00,2021,6,12,13,55,75,75115,RUE BLOMET,48.841663,2.302833,Plein jour,En agglomération,Place,Normale,Autre collision,4,1,1,0,1,1,1,0,1,30,,2,1,0,0,1,17.0,,,,1,2,7,1,6
202100034781,2021-06-12 11:25:00,2021,6,12,11,25,75,75115,RUE LEBLANC,48.83668,2.279288,Plein jour,En agglomération,Intersection en T,Normale,Deux véhicules - côté,4,2,3,1,1,1,1,0,5,30,,3,2,0,0,1,27.0,38.0,,,1,2,3,1,3
202100034782,2021-06-12 11:30:00,2021,6,12,11,30,75,75114,RUE D ALESIA,48.830378,2.31967,Plein jour,En agglomération,Intersection en T,Normale,Deux véhicules - côté,4,2,3,0,1,1,1,0,1,50,,2,1,0,0,1,53.0,51.0,,,1,2,3,1,3
202100034783,2021-06-12 12:00:00,2021,6,12,12,0,75,75113,BOULEVARD MASSENA,48.818994,2.359532,Plein jour,En agglomération,Intersection en X,Normale,Deux véhicules - côté,4,3,2,0,1,1,1,5,1,50,,2,1,0,0,1,22.0,46.0,,,1,2,2,1,3
202100034784,2021-06-12 19:05:00,2021,6,12,19,5,75,75112,AVENUE DE NOGENT   VINCENNES,48.838492,2.462276,Plein jour,En agglomération,Hors intersection,Temps éblouissant,Autre collision,4,2,2,0,1,1,1,9,1,50,,1,0,0,0,1,48.0,,,,1,2,1,7,6
202100034785,2021-06-12 06:10:00,2021,6,12,6,10,75,75112,AVENUE LEDRU ROLLIN,48.850885,2.375669,Plein jour,En agglomération,Intersection en X,Normale,Deux véhicules - arrière,4,2,2,0,1,1,1,0,1,50,,2,1,0,0,1,30.0,,,,1,2,2,1,2
202100034786,2021-06-12 15:00:00,2021,6,12,15,0,75,75111,RUE DES BOULETS,48.850469,2.390594,Plein jour,En agglomération,Intersection en X,Normale,Deux véhicules - côté,4,2,2,1,2,1,1,0,5,30,,2,1,0,0,1,29.0,53.0,,,1,2,2,1,3
202100034787,2021-06-12 19:15:00,2021,6,12,19,15,75,75110,RUE DE LANCRY,48.870527,2.361193,Plein jour,En agglomération,Intersection en X,Normale,Autre collision,4,2,2,1,1,1,1,0,5,30,,2,1,0,0,1,50.0,,,,1,2,2,1,6
202100034788,2021-06-12 14:38:00,2021,6,12,14,38,75,75110,RUE DE ROCROY,48.880815,2.351174,Plein jour,En agglomération,Intersection en X,Normale,Autre collision,4,2,2,0,1,1,1,0,4,30,,2,1,0,0,1,59.0,,,,1,2,2,1,6
202100034789,2021-06-12 00:55:00,2021,6,12,0,55,75,75109,RUE LA FAYETTE,48.876976,2.348111,Nuit avec éclairage allumé,En agglomération,Hors intersection,Normale,Deux véhicules - frontale,4,2,4,1,2,1,1,0,5,50,,2,0,0,0,2,39.0,36.0,,,5,2,1,1,1
202100034790,2021-06-12 16:05:00,2021,6,12,16,5,75,75108,PLACE DE LA CONCORDE,48.86495,2.32033,Plein jour,En agglomération,Place,Normale,Deux véhicules - frontale,4,1,6,0,1,2,1,0,1,50,,4,0,0,0,4,37.0,32.0,,,1,2,7,1,1
202100034791,2021-06-12 08:29:00,2021,6,12,8,29,75,75107,RUE DE L UNIVERSITE,48.860965,2.314964,Plein jour,En agglomération,Intersection en X,Normale,Deux véhicules - côté,4,2,4,1,1,1,1,0,5,50,,2,1,0,0,1,27.0,68.0,,,1,2,2,1,3
202100034792,2021-06-10 12:50:00,2021,6,10,12,50,75,75103,BOULEVARD DE SEBASTOPOL,48.868663,2.35389,Plein jour,En agglomération,Intersection en X,Normale,Deux véhicules - côté,4,2,5,0,1,1,1,0,1,50,,2,1,0,0,1,30.0,34.0,,,1,2,2,1,3
202100034793,2021-06-12 11:35:00,2021,6,12,11,35,94,94081,Avenue du Moulin de Saquet,48.7917,2.38347,Plein jour,En agglomération,Intersection en T,Normale,Autre collision,3,-1,2,0,2,1,1,0,1,50,,2,1,0,0,1,34.0,,,,1,2,3,1,6
202100034794,2021-06-12 12:30:00,2021,6,12,12,30,94,94068,Avenue Didier,48.79748,2.5088,Plein jour,En agglomération,Intersection en X,Temps éblouissant,Autre collision,4,1,1,0,1,1,1,0,1,30,,2,1,0,0,1,38.0,,,,1,2,2,7,6
202100034795,2021-06-11 23:00:00,2021,6,11,23,0,94,94022,Avenue Victor Hugo,48.7679,2.417357,Nuit avec éclairage allumé,En agglomération,Intersection en T,Normale,Trois véhicules et plus - en chaîne,3,1,0,0,1,1,1,0,1,50,,4,3,0,1,0,48.0,20.0,,,5,2,3,1,4
202100034796,2021-06-12 17:45:00,2021,6,12,17,45,93,93070,DOCTEUR BAUER(RUE DU) :N°  75 AU 129,48.9074,2.34132,Plein jour,En agglomération,Hors intersection,Normale,Deux véhicules - arrière,3,2,2,0,1,1,1,0,1,50,,2,1,0,0,1,,,,,1,2,1,1,2
202100034797,2021-06-11 23:05:00,2021,6,11,23,5,93,93070,VICTOR-HUGO (BD),48.907289,2.326273,Nuit avec éclairage allumé,En agglomération,Place,Normale,Deux véhicules - côté,3,2,2,0,1,1,1,0,1,50,,2,1,0,0,1,22.0,25.0,,,5,2,7,1,3
202100034798,2021-06-12 10:01:00,2021,6,12,10,1,93,93066,Rue de la Liberté,48.944081,2.365196,Plein jour,En agglomération,Autre intersection,Normale,Deux véhicules - arrière,4,1,1,0,1,1,1,0,1,50,,2,1,0,0,1,48.0,35.0,,,1,2,9,1,2
202100034799,2021-06-12 16:30:00,2021,6,12,16,30,93,93064,DE GAULLE (AV DU GENERAL) 58/49 - FIN,48.878664,2.47879,Plein jour,En agglomération,Hors intersection,Normale,Deux véhicules - côté,4,1,2,0,1,1,1,3,1,50,,2,1,0,0,1,50.0,29.0,,,1,2,1,1,3
202100034800,2021-06-12 11:40:00,2021,6,12,11,40,93,93048,Boulevard Aristide Briand / Rue des Epernons,48.868154,2.446762,Plein jour,En agglomération,Intersection à plus de 4 branches,Normale,Deux véhicules - frontale,3,2,3,2,1,1,1,0,1,50,,2,1,0,0,1,29.0,27.0,,,1,2,5,1,1
202100034801,2021-06-12 12:20:00,2021,6,12,12,20,93,93063,WILSON AVENUE DU PRESIDENT,48.883,2.42965,Plein jour,En agglomération,Autre intersection,Normale,Deux véhicules - côté,4,1,1,0,1,1,1,9,8,50,,2,1,0,1,0,30.0,,,,1,2,9,1,3
202100034802,2021-06-12 16:30:00,2021,6,12,16,30,93,93031,,48.95141,2.30706,Plein jour,En agglomération,Hors intersection,Normale,Trois véhicules et plus - en chaîne,3,2,3,1,1,1,1,0,1,50,,7,5,0,2,0,52.0,30.0,,,1,2,1,1,4
202100034803,2021-06-12 11:50:00,2021,6,12,11,50,93,93031,Avenue de Lattre de Tassigny,48.955543,2.311739,Plein jour,En agglomération,Autre intersection,Normale,Deux véhicules - côté,3,2,4,0,1,1,1,9,6,50,,3,2,0,0,1,40.0,40.0,,,1,2,9,1,3
202100034804,2021-06-12 21:40:00,2021,6,12,21,40,93,93001,JEAN JAURES  (AVE)  157 A 213,48.9094,2.3982,Plein jour,En agglomération,Hors intersection,Normale,Deux véhicules - côté,3,3,4,0,1,1,1,0,1,50,,2,0,0,0,2,35.0,23.0,,,1,2,1,1,3
202100034805,2021-06-12 20:40:00,2021,6,12,20,40,93,93001,SAINT-DENIS (RUE DE),48.9211865344,2.3765067011,Crépuscule ou aube,En agglomération,Autre intersection,Normale,Deux véhicules - côté,3,1,0,0,1,3,1,3,1,50,,3,2,0,0,1,26.0,23.0,,,2,2,9,1,3
202100034806,2021-06-12 14:30:00,2021,6,12,14,30,93,93001,CITES (RUE DES)  => 91,48.913216,2.388628,Plein jour,En agglomération,Intersection en T,Normale,Deux véhicules - côté,4,2,2,0,1,1,1,0,1,50,,5,4,0,0,1,37.0,,,,1,2,3,1,3
202100034807,2021-06-12 15:30:00,2021,6,12,15,30,92,92022,SALENGRO (AVENUE ROGER),48.8141067404,2.192697823,Plein jour,En agglomération,Hors intersection,Normale,Deux véhicules - arrière,3,2,2,1,2,1,1,0,1,50,,2,1,0,0,1,25.0,56.0,,,1,2,1,1,2
202100034808,2021-06-12 15:00:00,2021,6,12,15,0,92,92072,EUROPE (AVENUE DE L'),48.8227993605,2.2089385986,Plein jour,En agglomération,Hors intersection,Normale,Deux véhicules - côté,3,1,2,1,1,1,1,0,1,50,,2,1,0,0,1,33.0,30.0,,,1,2,1,1,3
202100034809,2021-06-12 19:49:00,2021,6,12,19,49,92,92050,PROVINCES FRANCAISES BD DES,48.9002689182,2.2143727541,Plein jour,En agglomération,Hors intersection,Normale,Autre collision,4,2,2,3,2,1,1,0,1,50,,3,0,0,0,3,26.0,,,,1,2,1,1,6
202100034810,2021-06-12 18:00:00,2021,6,12,18,0,92,92050,LAVOISIER RUE,48.8965211225,2.1757274866,Plein jour,En agglomération,Hors intersection,Normale,Autre collision,4,2,2,0,1,1,1,0,1,50,,2,0,0,1,1,24.0,,,,1,2,1,1,6
202100034811,2021-06-11 18:30:00,2021,6,11,18,30,92,92048,COLONEL MORAINE (ROUTE DU),48.7965,2.21767,Plein jour,En agglomération,Intersection en T,Normale,Deux véhicules - côté,4,1,1,0,1,1,1,5,1,50,,2,1,0,0,1,70.0,43.0,,,1,2,3,1,3
202100034812,2021-06-12 00:00:00,2021,6,12,0,0,92,92026,SAINT-DENIS BD DE (01 A 197 / 02 A 118),48.8980234661,2.2637213767,Nuit avec éclairage allumé,En agglomération,Intersection en T,Normale,Deux véhicules - côté,3,2,2,2,1,1,1,0,1,50,,2,1,0,0,1,23.0,23.0,,,5,2,3,1,3
202100034813,2021-06-11 17:55:00,2021,6,11,17,55,92,92025,CHARLES DE GAULLE (BD),48.9101366651,2.2350807488,Plein jour,En agglomération,Hors intersection,Normale,Deux véhicules - arrière,3,3,8,0,1,1,1,0,1,50,,2,1,0,0,1,34.0,41.0,,,1,2,1,1,2
202100034814,2021-06-11 23:05:00,2021,6,11,23,5,92,92004,DOCTEUR DERVAUX  ( QUAI DU ),48.9092,2.2935,Nuit avec éclairage allumé,En agglomération,Intersection en T,Normale,Sans collision,3,2,5,0,1,2,1,5,1,70,,1,0,0,0,1,36.0,,,,5,2,3,1,7
202100034815,2021-06-12 19:00:00,2021,6,12,19,0,92,92002,AUGUSTE MOUNIE (RUE),48.7539709158,2.3023518843,Plein jour,En agglomération,Hors intersection,Normale,Autre collision,4,1,1,1,1,1,1,6,1,30,,2,1,0,0,1,38.0,,,,1,2,1,1,6
202100034816,2021-06-12 14:00:00,2021,6,12,14,0,92,92002,SULLY PRUDHOMME (AVENUE),48.7636762747,2.2917249799,Plein jour,En agglomération,Hors intersection,Normale,Deux véhicules - côté,3,3,4,0,2,2,1,0,1,50,,2,1,0,0,1,47.0,26.0,,,1,2,1,1,3
202100034817,2021-06-13 00:00:00,2021,6,13,0,0,47,47076,Chemin de Marquisat,44.085057,0.728724,Nuit sans éclairage public,Hors agglomération,Hors intersection,Normale,Autre collision,4,2,2,0,2,1,1,0,3,80,,1,0,0,1,0,44.0,,,,3,1,1,1,6
202100034818,2021-06-11 12:15:00,2021,6,11,12,15,62,62534,36a Avenue Bernard Chochoy,50.707491,2.117423,Plein jour,En agglomération,Giratoire,Normale,Deux véhicules - côté,3,2,2,0,2,1,1,5,1,50,,2,1,0,1,0,16.0,57.0,,,1,2,6,1,3
202100034819,2021-06-12 17:50:00,2021,6,12,17,50,86,86007,D43,46.902924,0.524346,Plein jour,Hors agglomération,Hors intersection,Normale,Deux véhicules - côté,3,2,2,0,3,1,1,0,1,80,,7,3,0,0,4,27.0,20.0,,,1,1,1,1,3
202100034820,2021-06-13 12:45:00,2021,6,13,12,45,68,68229,D431,47.904724,7.103316,Plein jour,Hors agglomération,Autre intersection,Normale,Sans collision,3,2,2,0,1,1,1,0,1,70,,1,0,0,0,1,72.0,,,,1,1,9,1,7
202100034821,2021-06-12 03:00:00,2021,6,12,3,0,81,81209,Route de Rigaud,43.533266,2.38944,Nuit sans éclairage public,Hors agglomération,Hors intersection,Normale,Sans collision,4,-1,2,0,2,4,1,0,1,80,,3,1,0,0,2,18.0,,,,3,1,1,1,7
202100034822,2021-06-13 04:40:00,2021,6,13,4,40,83,83054,A57,43.168128,6.051364,Crépuscule ou aube,Hors agglomération,Hors intersection,Normale,Deux véhicules - arrière,1,3,4,0,1,1,1,0,1,110,,2,1,1,0,0,,31.0,,,2,1,1,1,2
202100034823,2021-06-13 10:50:00,2021,6,13,10,50,67,67437,Rue de Monswiller,48.747078,7.368787,Plein jour,En agglomération,Intersection en T,Normale,Deux véhicules - frontale,3,2,2,0,1,2,1,0,1,40,,3,2,0,0,1,62.0,66.0,,,1,2,3,1,1
202100034824,2021-06-12 23:00:00,2021,6,12,23,0,85,85082,La Roseraie,46.873483,-0.94137,Nuit sans éclairage public,Hors agglomération,Hors intersection,Normale,Sans collision,3,2,2,0,2,1,1,0,3,80,,1,0,1,0,0,57.0,,,,3,1,1,1,7
202100034825,2021-06-13 11:40:00,2021,6,13,11,40,83,83031,D558,43.384217,6.359711,Plein jour,Hors agglomération,Hors intersection,Normale,Trois véhicules et plus - collisions multiples,3,2,2,0,1,3,1,0,1,80,,4,2,1,1,0,33.0,30.0,,,1,1,1,1,5
202100034826,2021-06-12 09:40:00,2021,6,12,9,40,57,57264,RD 81,49.079418,6.945049,Plein jour,Hors agglomération,Hors intersection,Normale,Deux véhicules - côté,3,2,2,0,1,1,1,0,1,80,,3,2,0,1,0,29.0,19.0,,,1,1,1,1,3
202100034827,2021-06-13 13:05:00,2021,6,13,13,5,51,51434,D3,49.0146803312,4.0664916097,Plein jour,Hors agglomération,Hors intersection,Normale,Deux véhicules - côté,3,2,2,0,1,2,1,0,1,80,,2,1,0,1,0,53.0,45.0,,,1,1,1,1,3
202100034828,2021-06-13 20:00:00,2021,6,13,20,0,79,79102,Rue de Saint-Varent,46.924575,-0.317198,Plein jour,En agglomération,Hors intersection,Normale,Sans collision,3,2,2,0,1,1,1,0,1,50,,1,0,0,1,0,33.0,,,,1,2,1,1,7
202100034829,2021-06-13 07:20:00,2021,6,13,7,20,79,79195,Les Petites Touches,46.924242,-0.554756,Plein jour,Hors agglomération,Hors intersection,Normale,Autre collision,4,2,2,0,1,3,1,0,3,80,,1,0,0,0,1,60.0,,,,1,1,1,1,6
202100034830,2021-06-12 17:30:00,2021,6,12,17,30,82,82030,7 Route de Belleperche,44.006664,1.0927,Plein jour,En agglomération,Hors intersection,Normale,Autre collision,3,2,2,0,1,1,1,0,3,50,,1,0,1,0,0,74.0,,,,1,2,1,1,6
202100034831,2021-06-12 18:10:00,2021,6,12,18,10,65,65182,D918,42.979743,-0.166501,Plein jour,Hors agglomération,Intersection en T,Normale,Trois véhicules et plus - collisions multiples,3,2,2,0,1,1,1,0,1,80,,4,3,0,0,1,47.0,32.0,,,1,1,3,1,5
202100034832,2021-06-12 15:37:00,2021,6,12,15,37,32,32187,D2,43.560289,0.441974,Plein jour,Hors agglomération,Intersection en T,Normale,Deux véhicules - arrière,3,2,1,0,1,1,1,0,1,80,,2,1,0,0,1,63.0,57.0,,,1,1,3,1,2
202100034833,2021-06-12 19:15:00,2021,6,12,19,15,71,71546,RD987 Trambly,46.326002,4.524581,Plein jour,Hors agglomération,Hors intersection,Normale,Deux véhicules - frontale,3,2,2,0,1,4,1,0,1,80,,3,2,0,0,1,25.0,25.0,,,1,1,1,1,1
202100034834,2021-06-13 17:20:00,2021,6,13,17,20,89,89223,croisement D 905 - D 200,47.795485,4.095283,Plein jour,Hors agglomération,Intersection en T,Temps éblouissant,Deux véhicules - côté,3,2,2,0,2,3,1,5,1,70,,4,2,1,1,0,76.0,62.0,,,1,1,3,7,3
202100034835,2021-06-13 17:45:00,2021,6,13,17,45,61,61116,D928,48.41798,0.942936,Plein jour,Hors agglomération,Hors intersection,Normale,Sans collision,3,2,2,0,2,1,1,0,1,90,,1,0,0,1,0,51.0,,,,1,1,1,1,7
202100034836,2021-06-12 09:10:00,2021,6,12,9,10,61,61456,Les Acres,48.774689,0.609784,Plein jour,Hors agglomération,Giratoire,Normale,Deux véhicules - arrière,3,1,1,0,1,1,1,5,1,90,,2,1,0,0,1,22.0,21.0,,,1,1,6,1,2