accident_id,datetime,annee,mois,jour,heure,minute,departement,commune_insee,adresse,latitude,longitude,luminosite,agglomeration,intersection,meteo,collision,catr,circ,nbv,vosp,prof,plan,surf,infra,situ,vma,nb_vehicules,nb_usagers,nb_indemnes,nb_tues,nb_blesses_hosp,nb_blesses_legers,age_cond_1,age_cond_2,veh_type_cond_1,veh_type_cond_2,lum_code,agg_code,int_code,atm_code,col_code
202100034837,2021-06-11 22:50:00,2021,6,11,22,50,61,61081,La Fevrie,48.661776,0.222908,Nuit sans éclairage public,Hors agglomération,Hors intersection,Normale,Sans collision,3,2,2,0,1,2,1,0,1,80,,4,1,0,2,1,19.0,,,,3,1,1,1,7
202100034838,2021-06-12 19:55:00,2021,6,12,19,55,49,49041,rue de vauzelle,47.306022,0.066615,Plein jour,En agglomération,Intersection en T,Normale,Deux véhicules - côté,3,2,2,0,1,1,1,9,1,50,,3,0,0,3,0,48.0,12.0,,,1,2,3,1,3
202100034839,2021-06-12 17:51:00,2021,6,12,17,51,49,49069,D763,47.359389,-1.175123,Plein jour,Hors agglomération,Intersection en Y,Normale,Trois véhicules et plus - en chaîne,3,2,2,0,1,1,1,0,1,80,,3,0,0,1,2,39.0,31.0,,,1,1,4,1,4
202100034840,2021-06-11 18:00:00,2021,6,11,18,0,68,68042,Rue du Rhin,47.602318,7.506913,Plein jour,En agglomération,Giratoire,Normale,Deux véhicules - côté,4,2,1,0,1,1,1,9,1,50,,2,1,0,1,0,16.0,41.0,,,1,2,6,1,3
202100034841,2021-06-12 16:40:00,2021,6,12,16,40,39,39441,,46.480509,6.029327,Plein jour,Hors agglomération,Hors intersection,Normale,Autre collision,3,2,2,0,2,2,1,0,1,80,,1,0,0,1,0,27.0,,,,1,1,1,1,6
202100034842,2021-06-12 11:14:00,2021,6,12,11,14,44,44048,LE BOTTEREAU,47.376667,-1.247056,Plein jour,Hors agglomération,Intersection en T,Normale,Deux véhicules - arrière,3,2,2,0,1,1,1,0,1,80,,3,1,0,1,1,15.0,53.0,,,1,1,3,1,2
202100034843,2021-06-12 14:30:00,2021,6,12,14,30,29,29105,Boulevard de la République,48.504774,-4.075069,Plein jour,En agglomération,Hors intersection,Normale,Deux véhicules - arrière,4,2,2,0,1,1,1,0,1,50,,2,1,0,0,1,57.0,21.0,,,1,2,1,1,2
202100034844,2021-06-13 16:15:00,2021,6,13,16,15,29,29062,Lieu Dit Ti Ar Prat,48.158485,-3.926829,Plein jour,Hors agglomération,Hors intersection,Normale,Autre collision,3,2,2,0,2,3,1,0,3,80,,1,0,0,1,0,22.0,,,,1,1,1,1,6
202100034845,2021-06-13 12:20:00,2021,6,13,12,20,03,03195,RD998,46.290746,2.701585,Plein jour,Hors agglomération,Hors intersection,Normale,Deux véhicules - arrière,3,2,2,0,4,1,1,0,1,90,,2,1,0,0,1,51.0,57.0,,,1,1,1,1,2
202100034846,2021-06-13 18:30:00,2021,6,13,18,30,66,66080,RN116,42.506963,2.174386,Plein jour,Hors agglomération,Hors intersection,Normale,Sans collision,2,2,2,0,2,2,1,0,3,80,,1,0,0,0,1,38.0,,,,1,1,1,1,7
202100034847,2021-06-12 21:35:00,2021,6,12,21,35,54,54316,D958,48.8892136139,5.9326171875,Crépuscule ou aube,Hors agglomération,Hors intersection,Normale,Autre collision,3,2,2,0,4,2,1,0,3,80,,2,0,0,0,2,23.0,,,,2,1,1,1,6
202100034848,2021-06-11 22:15:00,2021,6,11,22,15,72,72071,route de Flée,47.692873,0.42766,Nuit sans éclairage public,En agglomération,Hors intersection,Normale,Deux véhicules - côté,4,2,2,0,1,1,1,0,1,-1,,2,1,0,1,0,28.0,68.0,,,3,2,1,1,3
202100034849,2021-06-13 15:50:00,2021,6,13,15,50,14,14398,D45,49.197008,0.173343,Plein jour,Hors agglomération,Hors intersection,Normale,Autre collision,3,2,2,0,4,3,1,0,1,70,,2,1,0,1,0,83.0,,,,1,1,1,1,6
202100034850,2021-06-12 12:10:00,2021,6,12,12,10,05,05045,le liou,44.540567,6.476998,Plein jour,Hors agglomération,Hors intersection,Normale,Deux véhicules - arrière,2,2,2,0,1,1,1,0,1,80,,2,1,0,1,0,36.0,27.0,,,1,1,1,1,2
202100034851,2021-06-07 16:20:00,2021,6,7,16,20,64,64279,Départementale 249,43.327597,-1.386761,Plein jour,En agglomération,Intersection en Y,Normale,Sans collision,3,1,1,0,1,1,1,0,1,80,,1,0,0,1,0,55.0,,,,1,2,4,1,7
202100034852,2021-06-13 12:45:00,2021,6,13,12,45,18,18073,Route de Sainte Lunaise,46.902871,2.316527,Plein jour,Hors agglomération,Hors intersection,Normale,Sans collision,4,2,2,0,1,1,1,0,1,80,,3,0,0,1,2,53.0,,,,1,1,1,1,7
202100034853,2021-06-12 20:45:00,2021,6,12,20,45,43,43265,RD 47,45.2335721854,4.1931594908,Crépuscule ou aube,Hors agglomération,Hors intersection,Normale,Autre collision,3,2,2,0,1,1,1,0,3,80,,2,0,0,2,0,17.0,,,,2,1,1,1,6
202100034854,2021-06-12 22:35:00,2021,6,12,22,35,10,10114,D619,48.511331,3.614674,Nuit sans éclairage public,Hors agglomération,Hors intersection,Normale,Deux véhicules - frontale,3,2,3,0,1,1,1,0,1,90,,5,0,4,1,0,36.0,29.0,,,3,1,1,1,1
202100034855,2021-06-13 15:15:00,2021,6,13,15,15,16,16192,,45.881323,0.569733,Plein jour,Hors agglomération,Hors intersection,Temps éblouissant,Deux véhicules - frontale,2,2,2,0,1,3,1,8,1,70,,2,0,0,2,0,34.0,60.0,,,1,1,1,7,1
202100034856,2021-06-12 17:10:00,2021,6,12,17,10,53,53096,Boulevard du Collège,48.298705,-0.933409,Plein jour,En agglomération,Intersection en X,Temps éblouissant,Trois véhicules et plus - collisions multiples,4,2,2,0,1,1,1,0,1,50,,5,1,0,1,3,40.0,18.0,,,1,2,2,7,5
202100034857,2021-06-13 03:43:00,2021,6,13,3,43,21,21522,D30,47.424647,5.397002,Nuit sans éclairage public,Hors agglomération,Hors intersection,Normale,Autre collision,3,2,2,0,2,1,1,0,1,80,,2,0,1,1,0,22.0,,,,3,1,1,1,6
202100034858,2021-06-01 19:05:00,2021,6,1,19,5,40,40312,Rue Louis Aragon,43.537423,-1.468999,Plein jour,En agglomération,Hors intersection,Normale,Deux véhicules - frontale,4,2,2,0,3,2,1,0,1,50,,3,2,0,1,0,16.0,21.0,,,1,2,1,1,1
202100034859,2021-06-12 06:45:00,2021,6,12,6,45,27,27434,RD 28,49.208304,0.491338,Plein jour,Hors agglomération,Hors intersection,Pluie légère,Sans collision,3,2,2,0,1,2,2,0,3,80,,1,0,0,1,0,24.0,,,,1,1,1,2,7
202100034860,2021-06-12 19:00:00,2021,6,12,19,0,27,27261,D81,49.215943,0.959115,Plein jour,Hors agglomération,Hors intersection,Normale,Sans collision,3,2,2,0,1,3,1,0,3,80,,1,0,1,0,0,33.0,,,,1,1,1,1,7
202100034861,2021-06-12 16:30:00,2021,6,12,16,30,27,27318,Rue des Canadiens,49.191433,0.780448,Plein jour,En agglomération,Intersection en Y,Normale,Autre collision,3,2,2,0,1,3,1,0,1,50,,2,1,0,0,1,69.0,70.0,,,1,2,4,1,6
202100034862,2021-06-12 20:15:00,2021,6,12,20,15,28,28390,D927,48.172335,1.764278,Plein jour,Hors agglomération,Intersection en X,Normale,Deux véhicules - côté,3,2,2,0,1,1,1,0,1,80,,5,3,0,0,2,35.0,38.0,,,1,1,2,1,3
202100034863,2021-06-12 20:15:00,2021,6,12,20,15,37,37111,Travaille Coquin,47.1610446806,1.0909616342,Plein jour,Hors agglomération,Hors intersection,Normale,Autre collision,3,2,2,0,1,1,1,0,3,80,,1,0,0,1,0,68.0,,,,1,1,1,1,6
202100034864,2021-06-13 06:50:00,2021,6,13,6,50,37,37217,les barraudières,47.3961341466,0.4786029831,Crépuscule ou aube,Hors agglomération,Hors intersection,Normale,Autre collision,7,2,2,0,1,1,1,0,1,80,,1,0,0,1,0,21.0,,,,2,1,1,1,6
202100034865,2021-06-11 08:30:00,2021,6,11,8,30,37,37139,6 Rue Alfred Baugé,47.3825293909,0.5550344934,Plein jour,En agglomération,Hors intersection,Normale,Deux véhicules - côté,7,2,2,0,1,1,1,0,1,30,,2,1,0,0,1,6.0,53.0,,,1,2,1,1,3
202100034866,2021-06-12 19:00:00,2021,6,12,19,0,30,30223,Route des Fumades,44.177827,4.169668,Plein jour,Hors agglomération,Autre intersection,Normale,Deux véhicules - frontale,3,-1,2,0,2,1,1,0,1,70,,2,0,0,2,0,41.0,43.0,,,1,1,9,1,1
202100034867,2021-06-12 12:50:00,2021,6,12,12,50,48,48104,D52,44.637613,3.062557,Plein jour,Hors agglomération,Hors intersection,Normale,Autre collision,3,2,2,0,1,2,1,0,3,90,,1,0,0,1,0,53.0,,,,1,1,1,1,6
202100034868,2021-06-13 12:10:00,2021,6,13,12,10,48,48154,d907bis,44.294006,3.236809,Plein jour,Hors agglomération,Hors intersection,Normale,Sans collision,3,2,2,0,1,3,1,0,1,90,,1,0,0,1,0,55.0,,,,1,1,1,1,7
202100034869,2021-06-12 13:55:00,2021,6,12,13,55,08,08212,RD 22,49.865618,4.543093,Plein jour,Hors agglomération,Autre intersection,Normale,Sans collision,3,2,2,0,2,2,1,0,3,80,,1,0,0,1,0,21.0,,,,1,1,9,1,7
202100034870,2021-06-12 10:45:00,2021,6,12,10,45,88,88436,2 La Vouille,48.379938,7.083027,Plein jour,Hors agglomération,Hors intersection,Normale,Autre collision,4,2,2,0,2,2,9,0,3,50,,1,0,0,1,0,23.0,,,,1,1,1,1,6
202100034871,2021-06-12 15:43:00,2021,6,12,15,43,88,88465,Avenue Armand Lederlin,48.25318,6.429523,Plein jour,En agglomération,Hors intersection,Normale,Deux véhicules - arrière,3,2,2,0,1,1,1,0,1,50,,2,1,0,1,0,36.0,70.0,,,1,2,1,1,2
202100034872,2021-06-12 12:55:00,2021,6,12,12,55,72,72124,"Autoroute A28, PK 73 vers TOURS",47.814952,0.307365,Plein jour,Hors agglomération,Hors intersection,Normale,Autre collision,1,3,4,0,1,1,1,0,1,130,,1,0,0,1,0,65.0,,,,1,1,1,1,6
202100034873,2021-06-13 04:35:00,2021,6,13,4,35,31,31117,Autoroute A 68 - PK 008+000,43.668322,1.556818,Nuit sans éclairage public,Hors agglomération,Hors intersection,Normale,Autre collision,1,1,2,0,1,1,1,0,3,130,,3,2,0,1,0,20.0,,,,3,1,1,1,6
202100034874,2021-06-13 01:15:00,2021,6,13,1,15,31,31117,Autoroute A 68 - PK 009+400,43.680877,1.561067,Nuit sans éclairage public,Hors agglomération,Hors intersection,Normale,Autre collision,1,1,2,0,3,2,1,3,1,130,,1,0,0,1,0,23.0,,,,3,1,1,1,6
202100034875,2021-06-12 09:30:00,2021,6,12,9,30,33,33122,Chemin de l’Osier,44.779977,-0.687568,Plein jour,En agglomération,Autre intersection,Normale,Deux véhicules - côté,6,-1,-1,0,1,1,1,0,1,50,,2,1,0,1,0,46.0,39.0,,,1,2,9,1,3
202100034876,2021-06-12 22:15:00,2021,6,12,22,15,33,33229,Chemin du Breton,44.708705,-1.043862,Nuit avec éclairage allumé,En agglomération,Hors intersection,Normale,Autre collision,4,2,2,0,1,1,1,0,1,50,,5,2,1,0,2,30.0,,,,5,2,1,1,6
202100034877,2021-06-11 18:35:00,2021,6,11,18,35,987,98725,RT2 OROFARA pointe tapahi,-17.5068980543,-149.4940464199,Nuit sans éclairage public,En agglomération,Hors intersection,Normale,Deux véhicules - frontale,2,2,2,0,3,2,1,0,1,50,,4,1,0,3,0,47.0,64.0,,,3,2,1,1,1
202100034878,2021-06-13 16:30:00,2021,6,13,16,30,986,98613,Falaleu - RT 1,-13.299906,-176.217114,Plein jour,Hors agglomération,Hors intersection,Pluie forte,Deux véhicules - frontale,2,2,2,0,1,3,2,0,3,70,,2,0,1,0,1,19.0,,,,1,1,1,3,1
202100034879,2021-06-11 22:15:00,2021,6,11,22,15,973,97304,Rue du Stade,5.161081,-52.644913,Nuit sans éclairage public,En agglomération,Hors intersection,Pluie légère,Deux véhicules - frontale,4,2,2,0,1,4,2,0,1,50,,3,2,0,1,0,27.0,52.0,,,3,2,1,2,1
202100034880,2021-06-12 10:40:00,2021,6,12,10,40,971,97111,Boulevard des Poissonniers,16.306017,-61.794593,Plein jour,En agglomération,Hors intersection,Normale,Autre collision,2,1,1,0,1,1,1,0,1,50,,2,1,0,0,1,58.0,,,,1,2,1,1,6
202100034881,2021-06-11 22:30:00,2021,6,11,22,30,972,97230,Rue Casimir Branglidor,14.738456,-60.962657,Nuit avec éclairage allumé,En agglomération,Hors intersection,Normale,Deux véhicules - côté,4,2,2,0,1,1,1,0,1,50,,2,1,0,1,0,66.0,25.0,,,5,2,1,1,3
202100034882,2021-06-12 15:05:00,2021,6,12,15,5,37,37131,42 rue de poce sur Cisse,47.4534640177,1.0270437612,Plein jour,En agglomération,Hors intersection,Normale,Autre collision,3,2,2,0,1,4,1,9,1,50,,2,1,0,1,0,20.0,,,,1,2,1,1,6
202100034883,2021-06-12 10:25:00,2021,6,12,10,25,95,95011,RD 86,49.150721792,1.6969692707,Plein jour,En agglomération,Place,Normale,Autre collision,3,-1,2,0,1,1,1,0,1,30,,1,0,0,1,0,26.0,,,,1,2,7,1,6
202100034884,2021-06-12 21:30:00,2021,6,12,21,30,95,95024,RD 983,49.091405,1.795363,Crépuscule ou aube,Hors agglomération,Giratoire,Normale,Autre collision,3,2,2,0,1,3,1,0,1,80,,1,0,0,1,0,44.0,,,,2,1,6,1,6
202100034885,2021-06-07 08:00:00,2021,6,7,8,0,84,84092,Avenue de Saint Tronquet,43.982208,4.882146,Plein jour,En agglomération,Hors intersection,Normale,Deux véhicules - côté,4,1,2,0,1,1,1,0,1,30,,2,1,0,0,1,19.0,18.0,,,1,2,1,1,3
202100034886,2021-06-12 18:20:00,2021,6,12,18,20,83,83037,Route de la Roquebrussanne,43.397172,6.031481,Plein jour,Hors agglomération,Hors intersection,Normale,Deux véhicules - côté,3,2,2,0,2,3,1,0,1,80,,2,1,0,0,1,35.0,28.0,,,1,1,1,1,3
202100034887,2021-06-13 09:00:00,2021,6,13,9,0,06,06043,2168 Route du Plan de Linea,43.86599,7.303902,Plein jour,En agglomération,Hors intersection,Normale,Sans collision,4,2,1,0,2,3,1,0,1,50,,1,0,0,1,0,51.0,,,,1,2,1,1,7
202100034888,2021-06-13 16:20:00,2021,6,13,16,20,05,05119,Le Plan de Phazy,44.66003,6.603878,Plein jour,Hors agglomération,Intersection en Y,Normale,Deux véhicules - côté,2,2,2,0,1,1,1,0,1,80,,3,2,0,0,1,50.0,19.0,,,1,1,4,1,3
202100034889,2021-06-12 17:15:00,2021,6,12,17,15,04,04096,Route de la Bonette,44.368655,6.787019,Plein jour,Hors agglomération,Hors intersection,Normale,Sans collision,4,2,2,0,2,1,9,0,1,50,,1,0,0,0,1,52.0,,,,1,1,1,1,7
202100034890,2021-06-12 16:05:00,2021,6,12,16,5,68,68171,D27,47.942394,6.970943,Plein jour,Hors agglomération,Hors intersection,Normale,Sans collision,3,2,2,0,4,2,1,0,3,80,,1,0,0,0,1,67.0,,,,1,1,1,1,7
202100034891,2021-06-13 17:00:00,2021,6,13,17,0,68,68298,D48,48.200595,7.121775,Plein jour,Hors agglomération,Hors intersection,Normale,Deux véhicules - côté,3,2,2,0,2,3,1,0,1,80,,2,0,0,2,0,53.0,34.0,,,1,1,1,1,3
202100034892,2021-06-12 17:00:00,2021,6,12,17,0,67,67067,6 Rue Jacques Kablé,48.730641,7.709044,Plein jour,En agglomération,Hors intersection,Normale,Autre collision,3,2,1,0,1,1,1,0,1,50,,2,1,1,0,0,43.0,,,,1,2,1,1,6
202100034893,2021-06-13 15:30:00,2021,6,13,15,30,42,42174,Rue de la Mairie,45.727588,4.16263,Plein jour,En agglomération,Intersection en Y,Normale,Deux véhicules - côté,3,2,2,0,2,3,1,0,1,50,,3,1,0,2,0,17.0,29.0,,,1,2,4,1,3
202100034894,2021-06-11 17:25:00,2021,6,11,17,25,42,42147,Rue des Carrières,45.59022,4.072548,Plein jour,En agglomération,Intersection en Y,Normale,Deux véhicules - frontale,4,2,2,0,2,1,1,0,1,50,,5,3,0,0,2,19.0,19.0,,,1,2,4,1,1
202100034895,2021-06-12 10:45:00,2021,6,12,10,45,26,26347,52 Av Vercors et de la Resistance,45.070869,4.856767,Plein jour,En agglomération,Hors intersection,Normale,Trois véhicules et plus - collisions multiples,3,2,2,0,1,1,1,8,1,50,,3,1,0,0,2,45.0,32.0,,,1,2,1,1,5
202100034896,2021-06-13 16:45:00,2021,6,13,16,45,01,01049,1571 Route Nationale,45.842948,5.028299,Plein jour,En agglomération,Autre intersection,Normale,Deux véhicules - côté,3,2,2,0,1,1,1,0,1,50,,3,2,0,0,1,63.0,27.0,,,1,2,9,1,3
202100034897,2021-06-11 17:55:00,2021,6,11,17,55,69,69175,PINSONS (DES) (ALL),45.824045,4.595016,Plein jour,Hors agglomération,Hors intersection,Normale,Autre collision,4,2,2,0,1,1,1,0,3,70,,1,0,0,1,0,28.0,,,,1,1,1,1,6
202100034898,2021-06-13 12:40:00,2021,6,13,12,40,31,31417,Route de Mondonville,43.630148,1.282753,Plein jour,Hors agglomération,Hors intersection,Normale,Deux véhicules - frontale,7,2,2,0,1,1,1,0,1,70,,4,0,0,0,4,22.0,19.0,,,1,1,1,1,1
202100034899,2021-06-12 20:37:00,2021,6,12,20,37,17,17219,D728,45.829397,-1.098011,Plein jour,En agglomération,Intersection en X,Normale,Deux véhicules - arrière,3,2,2,0,1,1,1,0,1,50,,3,2,0,1,0,19.0,19.0,,,1,2,2,1,2
202100034900,2021-06-12 16:30:00,2021,6,12,16,30,64,64430,290 Avenue de Magret,43.4796,-0.780024,Plein jour,En agglomération,Hors intersection,Temps éblouissant,Trois véhicules et plus - collisions multiples,3,2,2,0,2,3,1,2,1,50,,3,2,0,1,0,53.0,69.0,,,1,2,1,7,5
202100034901,2021-06-12 17:09:00,2021,6,12,17,9,33,33504,Ruisseau de Piquant,44.5361006507,-0.3539803967,Plein jour,Hors agglomération,Hors intersection,Temps éblouissant,Autre collision,4,2,2,0,1,1,1,0,3,80,,4,0,1,3,0,37.0,,,,1,1,1,7,6
202100034902,2021-06-12 18:30:00,2021,6,12,18,30,85,85222,Boulevard des Océanides,46.686822,-1.934795,Plein jour,En agglomération,Intersection en T,Normale,Deux véhicules - côté,4,2,2,0,1,1,1,9,1,50,,2,1,0,0,1,51.0,17.0,,,1,2,3,1,3
202100034903,2021-06-12 20:25:00,2021,6,12,20,25,59,59190,chemin communal C1 - ROUTE DE BOUSSOIS,50.300162,4.025234,Crépuscule ou aube,Hors agglomération,Intersection en T,Normale,Sans collision,4,-1,1,0,1,1,9,0,1,50,,1,0,1,0,0,58.0,,,,2,1,3,1,7
202100034904,2021-06-11 22:50:00,2021,6,11,22,50,13,13055,A507 sens Aubagne- Marseille,43.324821,5.422402,Nuit avec éclairage allumé,Hors agglomération,Hors intersection,Normale,Trois véhicules et plus - collisions multiples,1,3,2,0,2,1,1,0,1,70,,6,2,0,0,4,37.0,19.0,,,5,1,1,1,5
202100034905,2021-06-11 17:50:00,2021,6,11,17,50,13,13070,A50-Sens Aubagne vers Marseille,43.28573,5.5135,Plein jour,Hors agglomération,Hors intersection,Normale,Deux véhicules - arrière,1,-1,3,0,1,1,1,0,1,90,,4,3,0,0,1,68.0,48.0,,,1,1,1,1,2
202100034906,2021-06-12 00:20:00,2021,6,12,0,20,91,91363,RN 104,48.6641,2.189435,Nuit sans éclairage public,Hors agglomération,Hors intersection,Normale,Deux véhicules - côté,2,1,12,0,2,1,1,0,2,110,,2,0,0,0,2,31.0,38.0,,,3,1,1,1,3
202100034907,2021-06-12 19:00:00,2021,6,12,19,0,93,93053,AUTOROUTE A3,48.88236,2.45672,Plein jour,Hors agglomération,Hors intersection,Normale,Trois véhicules et plus - collisions multiples,1,3,7,0,1,1,1,0,1,9,,3,2,0,0,1,59.0,23.0,,,1,1,1,1,5
202100034908,2021-06-12 06:50:00,2021,6,12,6,50,95,95365,RN 104,49.06691,2.40122,Plein jour,Hors agglomération,Hors intersection,Brouillard / fumée,Trois véhicules et plus - collisions multiples,2,3,4,0,1,1,1,0,1,90,,4,0,0,0,4,72.0,42.0,,,1,1,1,5,5
202100034909,2021-06-12 01:00:00,2021,6,12,1,0,95,95018, A15,48.9611806549,2.2694420562,Nuit sans éclairage public,Hors agglomération,Hors intersection,Normale,Autre collision,1,3,12,0,1,1,1,0,1,70,,1,0,0,0,1,31.0,,,,3,1,1,1,6
202100034910,2021-06-11 17:00:00,2021,6,11,17,0,93,93013,AUTOROUTE A1,48.94024,2.42362,Plein jour,Hors agglomération,Hors intersection,Normale,Trois véhicules et plus - en chaîne,1,3,8,0,2,1,1,0,1,70,,3,1,0,0,2,35.0,32.0,,,1,1,1,1,4
202100034911,2021-06-11 19:40:00,2021,6,11,19,40,93,93008,AUTOROUTE A86,48.9061,2.46013,Plein jour,Hors agglomération,Hors intersection,Normale,Deux véhicules - côté,1,3,4,0,1,1,1,0,1,90,,2,1,0,0,1,34.0,,,,1,1,1,1,3
202100034912,2021-06-11 17:40:00,2021,6,11,17,40,93,93027,AUTOROUTE A86,48.92817,2.41237,Plein jour,Hors agglomération,Hors intersection,Normale,Deux véhicules - arrière,1,3,7,0,2,3,1,2,1,70,,3,2,0,0,1,50.0,50.0,,,1,1,1,1,2
202100034913,2021-06-11 11:20:00,2021,6,11,11,20,93,93053,AUTOROUTE A3,48.89502,2.47134,Plein jour,Hors agglomération,Hors intersection,Normale,Deux véhicules - côté,1,3,10,0,1,1,1,0,1,10,,2,1,0,0,1,32.0,31.0,,,1,1,1,1,3
202100034914,2021-06-12 15:00:00,2021,6,12,15,0,94,94022,A86 EXT,48.7761,2.42469,Plein jour,Hors agglomération,Hors intersection,Normale,Autre collision,1,1,3,0,1,1,1,0,1,90,,8,3,0,0,5,38.0,22.0,,,1,1,1,1,6
202100034915,2021-06-11 19:45:00,2021,6,11,19,45,94,94017,A4,48.8267840801,2.5141683324,Plein jour,Hors agglomération,Hors intersection,Normale,Deux véhicules - arrière,1,1,4,0,1,1,1,1,1,90,,2,1,0,0,1,24.0,60.0,,,1,1,1,1,2
202100034916,2021-06-11 17:45:00,2021,6,11,17,45,94,94073,A86 INT,48.7542436863,2.3810453254,Plein jour,Hors agglomération,Hors intersection,Normale,Deux véhicules - arrière,1,1,2,0,1,3,1,0,1,90,,2,1,0,0,1,37.0,35.0,,,1,1,1,1,2
202100034917,2021-06-10 20:16:00,2021,6,10,20,16,31,31555,EISENHOWER (AVENUE DU GENERAL),43.56797,1.37689,Plein jour,En agglomération,Intersection en X,Normale,Deux véhicules - côté,7,2,1,0,1,1,1,0,1,50,,4,2,0,0,2,35.0,31.0,,,1,2,2,1,3
202100034918,2021-06-11 09:25:00,2021,6,11,9,25,92,92072,VILLE D'AVRAY (RUE DE ),48.8259436277,2.2002455592,Plein jour,En agglomération,Intersection en T,Temps éblouissant,Autre collision,3,2,2,0,2,1,1,2,1,50,,2,1,0,0,1,55.0,,,,1,2,3,7,6
202100034919,2021-02-23 12:34:00,2021,2,23,12,34,87,87085,LECLERC (AVENUE DU GENERAL),45.85212,1.26532,Plein jour,En agglomération,Hors intersection,Normale,Autre collision,4,1,1,0,2,1,1,9,1,50,,1,0,0,0,1,37.0,,,,1,2,1,1,6
202100034920,2021-06-10 18:07:00,2021,6,10,18,7,988,98818,ROUTE EXPRESS DU MONT DORE,-22.2365,166.48607,Nuit avec éclairage allumé,Hors agglomération,Hors intersection,Normale,Deux véhicules - côté,1,2,2,0,1,1,1,0,1,50,,4,2,1,0,1,36.0,70.0,,,5,1,1,1,3
202100034921,2021-06-11 13:50:00,2021,6,11,13,50,976,97611,cavani-Manguiers (les),-12.78533,45.22633,Plein jour,En agglomération,Hors intersection,Normale,Deux véhicules - frontale,2,2,0,0,2,1,1,0,1,50,,2,1,0,0,1,46.0,46.0,,,1,2,1,1,1
202100034922,2021-06-11 18:10:00,2021,6,11,18,10,973,97302,BADUEL (ROUTE DE),4.9284147854,-52.2938096524,Nuit avec éclairage allumé,En agglomération,Hors intersection,Pluie légère,Deux véhicules - côté,3,2,2,2,1,1,2,9,1,50,,3,1,0,1,1,57.0,17.0,,,5,2,1,2,3
202100034923,2021-06-11 20:15:00,2021,6,11,20,15,69,69259,DOCTEUR GEORGES LEVY (DU) (AV),45.71941,4.85724,Crépuscule ou aube,En agglomération,Intersection en T,Normale,Autre collision,4,2,2,2,1,1,1,0,1,50,,2,1,0,0,1,20.0,,,,2,2,3,1,6
202100034924,2021-06-11 17:10:00,2021,6,11,17,10,69,69383,FELIX FAURE (AV),45.7546587175,4.8676085472,Plein jour,En agglomération,Intersection en X,Normale,Deux véhicules - côté,4,2,4,0,1,1,1,0,1,50,,2,0,0,0,2,47.0,16.0,,,1,2,2,1,3
202100034925,2021-06-11 15:50:00,2021,6,11,15,50,69,69388,MARIUS BERLIET (R),45.74122,4.86195,Plein jour,En agglomération,Hors intersection,Normale,Autre collision,4,2,3,3,1,1,1,0,1,50,,2,1,0,0,1,19.0,,,,1,2,1,1,6
202100034926,2021-06-11 13:00:00,2021,6,11,13,0,69,69383,LAFAYETTE (CR),45.76359,4.85844,Plein jour,En agglomération,Hors intersection,Normale,Autre collision,4,1,1,1,1,1,1,0,1,50,,2,1,0,1,0,33.0,,,,1,2,1,1,6
202100034927,2021-06-11 08:40:00,2021,6,11,8,40,69,69386,GENERAL SARRAIL (Q),45.7672400848,4.8413094878,Plein jour,En agglomération,Hors intersection,Normale,Deux véhicules - arrière,4,1,2,1,1,1,1,0,1,50,,2,1,0,0,1,29.0,62.0,,,1,2,1,1,2
202100034928,2021-06-11 09:00:00,2021,6,11,9,0,69,69383,CREQUI (DE) (R),45.76034,4.84766,Plein jour,En agglomération,Intersection en X,Normale,Autre collision,4,1,2,0,1,1,1,0,1,50,,2,1,0,0,1,42.0,,,,1,2,2,1,6
202100034929,2021-06-11 14:05:00,2021,6,11,14,5,972,97213,AUTOROUTE A1,14.61553,-61.01393,Plein jour,Hors agglomération,Hors intersection,Normale,Deux véhicules - arrière,1,3,8,3,1,1,1,0,1,90,,2,1,0,0,1,54.0,48.0,,,1,1,1,1,2
202100034930,2021-06-10 12:45:00,2021,6,10,12,45,972,97213,DEPARTEMENTALE 28,14.63253,-60.96285,Plein jour,Hors agglomération,Hors intersection,Normale,Sans collision,3,3,2,0,2,4,1,0,1,50,,2,1,0,1,0,27.0,24.0,,,1,1,1,1,7
202100034931,2021-06-11 13:30:00,2021,6,11,13,30,69,69286,MONT BLANC (DU) (AV),45.81289,4.89332,Plein jour,En agglomération,Hors intersection,Normale,Autre collision,4,2,2,0,1,1,1,0,1,50,,2,1,0,0,1,26.0,,,,1,2,1,1,6
202100034932,2021-06-11 09:53:00,2021,6,11,9,53,2B,2B033,ROUTE ROYALE,42.67591,9.43717,Plein jour,En agglomération,Hors intersection,Normale,Deux véhicules - côté,3,-1,2,0,2,1,1,0,1,50,,2,1,0,1,0,64.0,,,,1,2,1,1,3
202100034933,2021-06-11 14:13:00,2021,6,11,14,13,971,97101,Bd René Serge NABAJOTH,16.2804531537,-61.5045247424,Plein jour,Hors agglomération,Hors intersection,Normale,Trois véhicules et plus - en chaîne,4,2,2,0,1,1,1,9,1,50,,4,2,0,0,2,44.0,40.0,,,1,1,1,1,4