accident_id,datetime,annee,mois,jour,heure,minute,departement,commune_insee,adresse,latitude,longitude,luminosite,agglomeration,intersection,meteo,collision,catr,circ,nbv,vosp,prof,plan,surf,infra,situ,vma,nb_vehicules,nb_usagers,nb_indemnes,nb_tues,nb_blesses_hosp,nb_blesses_legers,age_cond_1,age_cond_2,veh_type_cond_1,veh_type_cond_2,lum_code,agg_code,int_code,atm_code,col_code
202100034934,2021-06-10 11:00:00,2021,6,10,11,0,95,95323,ECANCOURT (BOULEVARD D'),49.011,2.05014,Plein jour,En agglomération,Intersection en X,Normale,Deux véhicules - côté,4,2,2,0,2,1,1,0,1,50,,2,1,0,1,0,57.0,69.0,,,1,2,2,1,3
202100034935,2021-06-11 20:10:00,2021,6,11,20,10,91,91552,RTE NATIONALE 20,48.60254,2.24768,Plein jour,Hors agglomération,Hors intersection,Normale,Trois véhicules et plus - en chaîne,3,2,4,0,1,1,1,0,1,70,,7,5,0,0,2,55.0,53.0,,,1,1,1,1,4
202100034936,2021-06-10 08:40:00,2021,6,10,8,40,91,91103,MARYSE BASTIE (AVENUE),48.602768,2.30604,Plein jour,En agglomération,Giratoire,Autre,Deux véhicules - côté,4,3,1,2,1,1,2,0,5,50,,2,1,0,0,1,37.0,37.0,,,1,2,6,9,3
202100034937,2021-06-11 18:50:00,2021,6,11,18,50,91,91645,FOCH (BOULEVARD DU MARECHAL),48.74496,2.26792,Plein jour,En agglomération,Hors intersection,Normale,Deux véhicules - côté,4,-1,2,1,2,1,1,8,1,50,,3,2,0,0,1,49.0,44.0,,,1,2,1,1,3
202100034938,2021-06-11 17:15:00,2021,6,11,17,15,91,91097,RUE GEORGES COUBARD,48.6989,2.53983,Plein jour,En agglomération,Hors intersection,Normale,Deux véhicules - frontale,3,2,2,0,2,1,1,0,1,50,,2,1,0,1,0,37.0,31.0,,,1,2,1,1,1
202100034939,2021-06-11 16:10:00,2021,6,11,16,10,91,91432,RD 118,48.713794,2.347588,Plein jour,Hors agglomération,Hors intersection,Normale,Deux véhicules - côté,3,2,2,0,1,1,1,0,1,70,,2,1,0,0,1,30.0,30.0,,,1,1,1,1,3
202100034940,2021-06-11 09:15:00,2021,6,11,9,15,91,91223,HAUT PAVE (RUE DU),48.43049,2.14854,Plein jour,En agglomération,Hors intersection,Normale,Autre collision,4,2,2,0,1,1,1,0,1,50,,2,1,0,1,0,55.0,,,,1,2,1,1,6
202100034941,2021-06-10 16:00:00,2021,6,10,16,0,91,91223,SABLIERE (RUE DE LA),48.44966,2.152596,Plein jour,Hors agglomération,Hors intersection,Normale,Deux véhicules - arrière,4,2,2,0,1,1,1,0,1,50,,2,1,0,0,1,44.0,52.0,,,1,1,1,1,2
202100034942,2021-06-11 08:25:00,2021,6,11,8,25,87,87075,D74,45.79526,1.20172,Plein jour,Hors agglomération,Hors intersection,Normale,Deux véhicules - frontale,3,2,2,0,1,1,1,0,1,80,,2,1,0,1,0,49.0,33.0,,,1,1,1,1,1
202100034943,2021-06-09 15:01:00,2021,6,9,15,1,87,87085,GAMBETTA (BOULEVARD),45.82858,1.25616,Plein jour,En agglomération,Intersection en X,Normale,Deux véhicules - côté,4,2,3,0,2,1,1,5,1,50,,2,1,0,0,1,39.0,82.0,,,1,2,2,1,3
202100034944,2021-06-11 19:10:00,2021,6,11,19,10,86,86194,Avenue de Paris,46.591835,0.338173,Plein jour,En agglomération,Hors intersection,Normale,Deux véhicules - arrière,4,2,0,0,1,1,1,0,1,50,,3,1,0,0,2,58.0,33.0,,,1,2,1,1,2
202100034945,2021-06-11 18:30:00,2021,6,11,18,30,86,86194,Rue de l’Aérodrome,46.584239,0.314905,Plein jour,Hors agglomération,Giratoire,Normale,Deux véhicules - côté,3,2,2,0,1,2,1,0,1,50,,3,1,0,0,2,35.0,24.0,,,1,1,6,1,3
202100034946,2021-06-11 11:55:00,2021,6,11,11,55,83,83062,FERRY (RUE ET AVENUE JULES),43.12774,6.01655,Plein jour,En agglomération,Hors intersection,Normale,Autre collision,4,2,1,0,1,1,1,0,1,30,,2,1,0,1,0,20.0,,,,1,2,1,1,6
202100034947,2021-06-11 12:00:00,2021,6,11,12,0,83,83137,CHARCOT (QUAI JEAN),43.12701,5.89858,Plein jour,En agglomération,Hors intersection,Normale,Trois véhicules et plus - en chaîne,4,1,2,0,1,1,1,0,1,50,,5,1,0,0,4,23.0,46.0,,,1,2,1,1,4
202100034948,2021-06-11 00:53:00,2021,6,11,0,53,83,83123,TOULON (ANCIEN CHEMIN DE),43.12886,5.8008,Nuit avec éclairage allumé,En agglomération,Hors intersection,Normale,Autre collision,4,-1,2,0,1,1,1,0,3,50,,1,0,0,1,0,33.0,,,,5,2,1,1,6
202100034949,2021-06-05 17:30:00,2021,6,5,17,30,83,83129,DE GAULLE (PROMENADE CHARLES),43.111688,5.811964,Plein jour,En agglomération,Hors intersection,Normale,Deux véhicules - arrière,7,1,2,0,1,1,1,0,1,50,,3,0,0,2,1,57.0,22.0,,,1,2,1,1,2
202100034950,2021-06-11 21:00:00,2021,6,11,21,0,82,82121,CORBARIEU D 21 (ROUTE DE),43.981587,1.355964,Plein jour,En agglomération,Hors intersection,Normale,Autre collision,3,2,2,0,1,3,1,0,1,70,,3,0,0,2,1,22.0,,,,1,2,1,1,6
202100034951,2021-06-09 20:53:00,2021,6,9,20,53,80,80021,ALPHONSE FIQUET (PLACE),49.89104,2.30663,Plein jour,En agglomération,Hors intersection,Normale,Autre collision,4,2,4,0,1,1,1,0,1,50,,1,0,0,1,0,26.0,,,,1,2,1,1,6
202100034952,2021-06-11 12:25:00,2021,6,11,12,25,78,78551,RD 308,48.93943,2.07613,Plein jour,Hors agglomération,Intersection en X,Normale,Deux véhicules - côté,3,2,2,0,1,1,1,0,1,70,,2,1,0,0,1,39.0,25.0,,,1,1,2,1,3
202100034953,2021-06-11 15:05:00,2021,6,11,15,5,77,77326,D50,48.58227,2.55428,Plein jour,En agglomération,Hors intersection,Normale,Autre collision,3,2,2,0,1,1,1,0,1,50,,5,4,0,1,0,28.0,66.0,,,1,2,1,1,6
202100034954,2021-06-11 08:05:00,2021,6,11,8,5,76,76231,CARNOT. COURS,49.28706,1.01327,Plein jour,En agglomération,Hors intersection,Normale,Deux véhicules - frontale,4,2,2,0,1,1,1,0,1,50,,2,1,0,1,0,13.0,,,,1,2,1,1,1
202100034955,2021-06-09 23:40:00,2021,6,9,23,40,76,76351,AMIRAL MOUCHEZ (BD),49.48565,0.13178,Nuit avec éclairage allumé,Hors agglomération,Hors intersection,Normale,Deux véhicules - côté,4,2,3,2,1,1,1,0,1,50,,3,1,0,0,2,49.0,32.0,,,5,1,1,1,3
202100034956,2021-06-10 20:00:00,2021,6,10,20,0,74,74010,BARATTES (AVENUE DES),45.90589,6.13736,Plein jour,En agglomération,Intersection en X,Normale,Deux véhicules - côté,4,2,2,0,1,1,1,0,1,30,,2,1,0,1,0,37.0,40.0,,,1,2,2,1,3
202100034957,2021-06-10 14:30:00,2021,6,10,14,30,72,72181,MAC JEAN (AV) N° IMP 107 ET plus,47.98,0.222,Plein jour,En agglomération,Hors intersection,Normale,Deux véhicules - côté,4,2,2,0,1,1,1,0,1,30,,2,1,0,0,1,36.0,54.0,,,1,2,1,1,3
202100034958,2021-06-11 21:00:00,2021,6,11,21,0,71,71486,Avenue Waldeck Rochet,46.6649534,4.3681765948,Plein jour,En agglomération,Intersection en X,Normale,Trois véhicules et plus - collisions multiples,4,2,2,0,1,1,1,0,1,50,,4,1,0,1,2,45.0,56.0,,,1,2,2,1,5
202100034959,2021-06-10 10:00:00,2021,6,10,10,0,71,71270,Boulevard Victor Schoelcher,46.314339,4.815564,Plein jour,En agglomération,Intersection en Y,Normale,Deux véhicules - côté,4,2,2,0,1,1,1,0,1,50,,2,1,0,1,0,47.0,16.0,,,1,2,4,1,3
202100034960,2021-06-11 20:40:00,2021,6,11,20,40,71,71076,Avenue de Paris,46.80596,4.84446,Crépuscule ou aube,En agglomération,Hors intersection,Normale,Deux véhicules - frontale,4,2,4,0,1,1,1,0,1,50,,2,1,0,0,1,21.0,51.0,,,2,2,1,1,1
202100034961,2021-06-11 17:25:00,2021,6,11,17,25,69,69282,VERDUN (DE) (AV),45.78259,5.00966,Plein jour,En agglomération,Hors intersection,Temps éblouissant,Trois véhicules et plus - collisions multiples,7,2,2,0,1,1,1,0,1,50,,3,2,0,0,1,19.0,48.0,,,1,2,1,7,5
202100034962,2021-06-11 12:45:00,2021,6,11,12,45,69,69266,MAISONS NEUVES (DES) (PL),45.7557849379,4.8762770178,Plein jour,En agglomération,Place,Temps éblouissant,Deux véhicules - côté,4,1,3,2,1,1,1,0,1,50,,2,1,0,0,1,35.0,32.0,,,1,2,7,7,3
202100034963,2021-06-11 10:30:00,2021,6,11,10,30,69,69275,EMILE ZOLA (R),45.76365,4.94335,Plein jour,En agglomération,Hors intersection,Normale,Deux véhicules - côté,4,2,3,0,1,1,1,0,1,50,,4,3,0,0,1,36.0,39.0,,,1,2,1,1,3
202100034964,2021-06-08 12:10:00,2021,6,8,12,10,69,69266,4 AOUT 1789  (R),45.7662081957,4.9016216397,Plein jour,En agglomération,Intersection en Y,Normale,Deux véhicules - côté,4,1,2,1,1,1,1,0,1,50,,2,1,0,0,1,23.0,45.0,,,1,2,4,1,3
202100034965,2021-06-10 07:50:00,2021,6,10,7,50,69,69264,BURDEAU (BD),45.9977717848,4.7339477721,Plein jour,En agglomération,Giratoire,Normale,Deux véhicules - côté,3,3,4,0,1,1,1,0,1,50,,2,1,0,1,0,72.0,48.0,,,1,2,6,1,3
202100034966,2021-06-11 19:15:00,2021,6,11,19,15,68,68224,SALENGRO (AVENUE ROGER),47.75197,7.34893,Plein jour,En agglomération,Intersection en T,Normale,Deux véhicules - côté,4,1,1,0,1,1,1,0,1,50,,2,1,0,1,0,35.0,44.0,,,1,2,3,1,3
202100034967,2021-06-10 23:05:00,2021,6,10,23,5,67,67447,BISCHWILLER (ROUTE DE),48.6020342722,7.7454029024,Nuit avec éclairage allumé,En agglomération,Hors intersection,Normale,Deux véhicules - arrière,7,2,2,0,1,1,1,0,1,30,,2,0,0,1,1,26.0,30.0,,,5,2,1,1,2
202100034968,2021-06-10 23:00:00,2021,6,10,23,0,67,67447,RONSARD (RUE),48.61091,7.73601,Nuit avec éclairage allumé,En agglomération,Intersection en T,Normale,Deux véhicules - côté,4,1,2,0,1,1,1,0,1,50,,2,1,0,0,1,36.0,21.0,,,5,2,3,1,3
202100034969,2021-06-10 08:18:00,2021,6,10,8,18,67,67482,MEINAU (ROUTE DE LA),48.553186,7.746996,Plein jour,En agglomération,Intersection en T,Normale,Deux véhicules - côté,4,2,2,0,1,1,1,0,1,50,,2,1,0,0,1,39.0,23.0,,,1,2,3,1,3
202100034970,2021-06-09 17:15:00,2021,6,9,17,15,67,67482,RHIN (ROUTE DU),48.5735,7.7979,Plein jour,En agglomération,Hors intersection,Normale,Deux véhicules - côté,4,2,3,0,1,1,1,0,1,50,,2,1,0,1,0,30.0,10.0,,,1,2,1,1,3
202100034971,2021-06-11 07:57:00,2021,6,11,7,57,65,65440,ALSACE LORRAINE (AVENUE),43.239594,0.073825,Plein jour,En agglomération,Autre intersection,Normale,Deux véhicules - côté,3,2,2,0,1,1,1,5,1,50,,2,1,0,0,1,16.0,,,,1,2,9,1,3
202100034972,2021-06-12 01:40:00,2021,6,12,1,40,64,64445,COMTE DE SAINT-CRICQ DU,43.3061704448,-0.3516895575,Nuit avec éclairage allumé,En agglomération,Hors intersection,Normale,Sans collision,4,1,1,0,1,2,1,0,1,50,,1,0,0,0,1,21.0,,,,5,2,1,1,7
202100034973,2021-06-10 09:25:00,2021,6,10,9,25,64,64445,LAURIERS DES,43.30176,-0.34464,Plein jour,En agglomération,Giratoire,Normale,Deux véhicules - côté,4,2,2,0,1,2,1,0,1,30,,2,1,0,0,1,17.0,81.0,,,1,2,6,1,3
202100034974,2021-06-11 13:30:00,2021,6,11,13,30,64,64140,R.N. 10,43.52579,-1.46416,Plein jour,En agglomération,Hors intersection,Normale,Trois véhicules et plus - en chaîne,3,2,2,1,1,1,1,0,1,50,,3,2,0,0,1,,64.0,,,1,2,1,1,4
202100034975,2021-06-11 08:50:00,2021,6,11,8,50,64,64024,BARRE (PROMENADE DE LA),43.49892,-1.52763,Plein jour,En agglomération,Intersection en T,Normale,Deux véhicules - côté,4,2,2,1,1,1,1,9,5,50,,2,1,0,0,1,27.0,28.0,,,1,2,3,1,3
202100034976,2021-06-10 09:40:00,2021,6,10,9,40,64,64024,PLAGES (BOULEVARD DES),43.51598,-1.52415,Plein jour,En agglomération,Intersection en X,Normale,Deux véhicules - côté,4,2,2,0,1,1,1,0,1,50,,3,2,0,0,1,66.0,28.0,,,1,2,2,1,3
202100034977,2021-06-09 19:15:00,2021,6,9,19,15,64,64024,BAYONNE (AVENUE DE),43.48092,-1.51283,Plein jour,En agglomération,Hors intersection,Normale,Deux véhicules - côté,3,3,4,3,1,1,1,0,6,50,,2,1,0,1,0,24.0,25.0,,,1,2,1,1,3
202100034978,2021-06-09 17:53:00,2021,6,9,17,53,64,64102,BARTHES (CHEMIN DES),43.50047,-1.49218,Plein jour,En agglomération,Hors intersection,Normale,Deux véhicules - côté,4,2,2,0,1,1,1,0,1,50,,2,1,0,0,1,52.0,17.0,,,1,2,1,1,3
202100034979,2021-06-09 11:00:00,2021,6,9,11,0,64,64024,MELVILLE LYNCH (ROND POINT),43.46816,-1.49753,Plein jour,En agglomération,Giratoire,Normale,Deux véhicules - côté,4,-1,3,0,1,2,1,0,1,50,,2,1,0,0,1,,44.0,,,1,2,6,1,3
202100034980,2021-06-09 10:00:00,2021,6,9,10,0,64,64024,ROUTE DE PITOYS,43.4637,-1.51288,Plein jour,En agglomération,Hors intersection,Normale,Deux véhicules - côté,4,-1,2,0,1,1,1,0,1,50,,2,1,0,0,1,50.0,66.0,,,1,2,1,1,3
202100034981,2021-06-09 07:40:00,2021,6,9,7,40,64,64102,RESPLANDY (AVENUE DU CAPITAINE),43.48401,-1.44997,Crépuscule ou aube,En agglomération,Hors intersection,Normale,Sans collision,4,2,2,0,1,1,1,9,1,30,,1,0,0,0,1,16.0,,,,2,2,1,1,7
202100034982,2021-06-10 16:18:00,2021,6,10,16,18,63,63113,BLANZAT (RUE DE),45.78604,3.08466,Plein jour,En agglomération,Hors intersection,Normale,Autre collision,4,2,2,0,1,1,1,0,1,50,,2,1,0,1,0,79.0,,,,1,2,1,1,6
202100034983,2021-06-10 23:23:00,2021,6,10,23,23,63,63032,ROMAGNAT (RUE DE),45.74884,3.09331,Nuit avec éclairage allumé,En agglomération,Hors intersection,Normale,Deux véhicules - arrière,7,3,3,0,2,1,1,0,1,50,,2,0,0,0,2,27.0,20.0,,,5,2,1,1,2
202100034984,2021-04-23 17:30:00,2021,4,23,17,30,62,62510,CD 58,50.426223,2.759089,Plein jour,En agglomération,Hors intersection,Normale,Trois véhicules et plus - collisions multiples,3,1,4,0,1,1,1,0,1,70,,4,3,0,0,1,,58.0,,,1,2,1,1,5
202100034985,2021-06-10 17:30:00,2021,6,10,17,30,60,60175,RN 16_PONT RN 330_PONT ZONE DE VAUX,49.26347,2.48674,Plein jour,Hors agglomération,Hors intersection,Normale,Trois véhicules et plus - collisions multiples,3,1,2,0,2,1,1,2,1,110,,2,1,0,0,1,53.0,50.0,,,1,1,1,1,5
202100034986,2021-06-11 19:00:00,2021,6,11,19,0,59,59599,RACINE (RUE),50.736385245,3.1453578483,Plein jour,En agglomération,Hors intersection,Normale,Autre collision,4,2,2,0,1,1,1,0,1,50,,2,1,0,1,0,62.0,,,,1,2,1,1,6
202100034987,2021-06-11 02:45:00,2021,6,11,2,45,59,59512,STRASBOURG (BOULEVARD DE),50.6976874819,3.1859491064,Nuit avec éclairage allumé,En agglomération,Hors intersection,Normale,Deux véhicules - frontale,7,2,2,1,1,1,1,0,1,50,,3,1,0,0,2,30.0,23.0,,,5,2,1,1,1
202100034988,2021-06-11 05:20:00,2021,6,11,5,20,59,59392,MONS (ROUTE DE),50.293748,3.975935,Plein jour,En agglomération,Hors intersection,Normale,Deux véhicules - côté,2,3,2,0,1,1,1,0,1,50,,2,1,1,0,0,25.0,54.0,,,1,2,1,1,3
202100034989,2021-06-11 13:45:00,2021,6,11,13,45,59,59220,HAUBOURDIN RUE D   N°IMPAIR,50.598776,3.062927,Plein jour,En agglomération,Intersection en T,Normale,Deux véhicules - côté,7,2,2,0,1,1,1,0,1,50,,4,2,0,0,2,30.0,26.0,,,1,2,3,1,3
202100034990,2021-06-11 13:30:00,2021,6,11,13,30,59,59356,MONNET JEAN RUE,50.6630277633,2.9859638214,Plein jour,En agglomération,Hors intersection,Normale,Deux véhicules - frontale,7,2,2,0,1,3,1,0,1,50,,2,0,0,0,2,26.0,54.0,,,1,2,1,1,1
202100034991,2021-06-10 19:25:00,2021,6,10,19,25,56,56121,CHOISEUL (AVE. DE),47.75304,-3.35418,Plein jour,En agglomération,Hors intersection,Normale,Deux véhicules - côté,4,2,2,0,1,1,1,0,1,30,,2,1,0,0,1,31.0,24.0,,,1,2,1,1,3
202100034992,2021-06-10 10:55:00,2021,6,10,10,55,56,56121,DE GAULLE ( AVE DU GENERAL ),47.73995,-3.37721,Plein jour,En agglomération,Hors intersection,Normale,Deux véhicules - côté,4,2,2,0,1,1,1,0,1,30,,2,1,0,0,1,38.0,67.0,,,1,2,1,1,3
202100034993,2021-06-10 15:10:00,2021,6,10,15,10,54,54395,ADAM  (RUE SIGISBERT),48.6994551388,6.1811811606,Plein jour,En agglomération,Hors intersection,Normale,Deux véhicules - arrière,4,1,1,0,1,1,1,0,1,30,,3,2,0,0,1,32.0,48.0,,,1,2,1,1,2
202100034994,2021-06-09 23:35:00,2021,6,9,23,35,54,54395,OBERLIN (RUE),48.703330801,6.1818299443,Nuit avec éclairage allumé,En agglomération,Intersection en X,Normale,Deux véhicules - côté,4,2,2,0,1,1,1,0,1,50,,4,3,0,0,1,20.0,27.0,,,5,2,2,1,3
202100034995,2021-06-11 17:30:00,2021,6,11,17,30,51,51454,Rue Robert Sayen,49.21178,4.02647,Plein jour,En agglomération,Hors intersection,Normale,Deux véhicules - côté,4,2,2,0,2,1,1,0,1,30,,2,1,0,0,1,34.0,35.0,,,1,2,1,1,3
202100034996,2021-06-10 17:35:00,2021,6,10,17,35,50,50129,CESSART (AVENUE DE),49.64473,-1.63,Plein jour,En agglomération,Hors intersection,Normale,Deux véhicules - arrière,4,3,4,1,1,1,1,0,1,50,,2,1,0,0,1,19.0,15.0,,,1,2,1,1,2
202100034997,2021-06-08 09:50:00,2021,6,8,9,50,50,50602,WILSON (RUE),49.64298,-1.57025,Plein jour,En agglomération,Intersection en X,Normale,Deux véhicules - côté,4,1,1,0,1,1,1,5,1,50,,2,1,0,0,1,42.0,54.0,,,1,2,2,1,3
202100034998,2021-06-10 15:05:00,2021,6,10,15,5,49,49328,FUSILLES (AVENUE DES) N 147,47.27969,-0.0556,Plein jour,En agglomération,Hors intersection,Normale,Deux véhicules - côté,4,2,2,2,1,1,1,0,1,50,,2,1,0,0,1,74.0,80.0,,,1,2,1,1,3
202100034999,2021-06-09 18:20:00,2021,6,9,18,20,49,49328,GENNES (ROUTE DE) D 751,47.27793,-0.11636,Plein jour,En agglomération,Hors intersection,Normale,Deux véhicules - frontale,3,2,2,0,1,1,1,0,1,50,,2,0,0,1,1,25.0,44.0,,,1,2,1,1,1
202100035000,2021-06-11 11:40:00,2021,6,11,11,40,49,49099,MONTGEOFFROY(SQUARE DE),47.05,-0.897741,Plein jour,En agglomération,Hors intersection,Normale,Autre collision,4,2,2,0,1,1,1,0,1,50,,2,1,0,1,0,24.0,,,,1,2,1,1,6
202100035001,2021-06-11 18:40:00,2021,6,11,18,40,49,49007,MIRABEAU,47.4601273798,-0.5506159365,Plein jour,En agglomération,Hors intersection,Normale,Deux véhicules - frontale,4,2,2,0,1,1,1,0,1,50,,2,1,0,0,1,11.0,19.0,,,1,2,1,1,1
202100035002,2021-06-11 18:14:00,2021,6,11,18,14,49,49267,A87N,47.4682,-0.51499,Plein jour,En agglomération,Hors intersection,Normale,Sans collision,1,3,5,0,1,1,1,9,1,90,,1,0,0,0,1,33.0,,,,1,2,1,1,7
202100035003,2021-06-10 19:41:00,2021,6,10,19,41,49,49007,GAULLE BOULEVARD CHARLES DE,47.46965,-0.56152,Plein jour,En agglomération,Hors intersection,Normale,Deux véhicules - côté,4,2,2,1,1,1,1,0,1,50,,2,1,0,0,1,34.0,59.0,,,1,2,1,1,3
202100035004,2021-06-11 16:45:00,2021,6,11,16,45,45,45147,Rue Henri Sellier,47.92442,1.91896,Plein jour,En agglomération,Hors intersection,Normale,Autre collision,4,2,2,0,1,1,1,0,1,30,,2,1,0,0,1,67.0,,,,1,2,1,1,6
202100035005,2021-06-11 23:20:00,2021,6,11,23,20,44,44109,STRASBOURG ( RUE DE ),47.21642,-1.55162,Nuit avec éclairage allumé,En agglomération,Hors intersection,Normale,Deux véhicules - côté,4,2,2,2,1,1,1,0,1,30,,2,1,0,0,1,34.0,,,,5,2,1,1,3
202100035006,2021-06-11 22:17:00,2021,6,11,22,17,42,42044,Boulevard d’Auvergne,45.39363,4.3216,Nuit avec éclairage allumé,En agglomération,Intersection en T,Normale,Deux véhicules - côté,7,2,2,0,1,1,1,0,1,30,,2,1,0,0,1,,17.0,,,5,2,3,1,3
202100035007,2021-06-11 10:50:00,2021,6,11,10,50,41,41269,ILE DE FRANCE (AVENUE DE L'),47.80735,1.05009,Plein jour,En agglomération,Hors intersection,Normale,Sans collision,4,2,2,0,1,1,1,0,1,50,,1,0,0,1,0,15.0,,,,1,2,1,1,7
202100035008,2021-06-10 23:35:00,2021,6,10,23,35,38,38185,Avenue Paul Cocat,45.17231,5.74538,Nuit avec éclairage allumé,En agglomération,Hors intersection,Normale,Sans collision,4,2,2,0,1,3,1,0,1,50,,1,0,0,0,1,24.0,,,,5,2,1,1,7
202100035009,2021-06-09 10:00:00,2021,6,9,10,0,37,37214,PORTILLON (QUAI),47.4005096959,0.6802377105,Plein jour,En agglomération,Hors intersection,Normale,Sans collision,4,2,1,0,2,1,1,0,1,30,,1,0,0,1,0,39.0,,,,1,2,1,1,7
202100035010,2021-06-09 08:00:00,2021,6,9,8,0,37,37261,SAINT LAZARE ( AVENUE),47.3756096062,0.6919509172,Plein jour,En agglomération,Hors intersection,Normale,Sans collision,4,2,2,0,1,1,1,0,1,50,,1,0,0,0,1,46.0,,,,1,2,1,1,7
202100035011,2021-06-11 08:40:00,2021,6,11,8,40,37,37233,COURIER (RUE PAUL-LOUIS),47.3947469671,0.7182258368,Plein jour,En agglomération,Giratoire,Normale,Autre collision,4,2,2,0,1,1,1,0,1,50,,2,1,0,0,1,33.0,,,,1,2,6,1,6
202100035012,2021-06-11 18:00:00,2021,6,11,18,0,35,35281,RD 177,48.06729,-1.7143,Plein jour,Hors agglomération,Intersection en T,Normale,Deux véhicules - arrière,7,3,5,0,1,1,1,5,1,70,,2,1,0,0,1,26.0,29.0,,,1,1,3,1,2
202100035013,2021-06-11 17:08:00,2021,6,11,17,8,35,35051,NORMANDIE (PORTE DE),48.14928,-1.61099,Plein jour,Hors agglomération,Hors intersection,Normale,Deux véhicules - arrière,2,3,6,0,1,1,1,0,1,90,,2,1,0,0,1,29.0,27.0,,,1,1,1,1,2
202100035014,2021-06-11 15:05:00,2021,6,11,15,5,35,35238,ALBERT 1ER (BD),48.08895,-1.67478,Plein jour,En agglomération,Intersection en X,Normale,Trois véhicules et plus - collisions multiples,4,2,4,0,1,1,1,5,1,50,,4,3,0,0,1,19.0,23.0,,,1,2,2,1,5
202100035015,2021-06-11 07:45:00,2021,6,11,7,45,35,35278,PORTE DE ST MALO,48.14278,-1.69912,Plein jour,Hors agglomération,Hors intersection,Normale,Sans collision,2,1,1,0,2,2,1,3,1,50,,1,0,0,0,1,28.0,,,,1,1,1,1,7
202100035016,2021-06-10 19:00:00,2021,6,10,19,0,35,35238,KERVILER,48.10753,-1.70554,Plein jour,En agglomération,Giratoire,Normale,Deux véhicules - côté,4,2,2,0,2,1,1,5,1,50,,2,1,0,0,1,,34.0,,,1,2,6,1,3
202100035017,2021-06-11 19:20:00,2021,6,11,19,20,33,33281,Avenue François Mitterrand,44.81104,-0.70836,Plein jour,En agglomération,Hors intersection,Normale,Deux véhicules - côté,4,2,2,0,1,3,1,0,1,80,,3,1,0,1,1,21.0,47.0,,,1,2,1,1,3
202100035018,2021-06-11 14:10:00,2021,6,11,14,10,33,33529,Rue du Port,44.63382,-1.14467,Plein jour,En agglomération,Hors intersection,Normale,Autre collision,4,2,2,0,1,1,1,0,1,50,,2,1,0,0,1,71.0,,,,1,2,1,1,6
202100035019,2021-06-09 20:40:00,2021,6,9,20,40,31,31555,AV DE RANGUEIL,43.5743472127,1.4576638038,Crépuscule ou aube,En agglomération,Hors intersection,Normale,Deux véhicules - côté,4,-1,2,0,1,2,1,0,1,50,,2,1,0,0,1,41.0,28.0,,,2,2,1,1,3
202100035020,2021-06-11 09:05:00,2021,6,11,9,5,30,30028,EUZEBY (AVENUE ERNEST),44.15502,4.61498,Plein jour,En agglomération,Hors intersection,Normale,Autre collision,4,2,2,0,2,1,1,9,6,50,,2,1,0,0,1,80.0,,,,1,2,1,1,6
202100035021,2021-06-10 19:25:00,2021,6,10,19,25,29,29019,LOUPPE ALBERT (DE 1 A 69 ET 2 A 62),48.40305,-4.468905,Plein jour,En agglomération,Intersection en X,Normale,Deux véhicules - côté,4,2,2,0,1,1,1,5,1,30,,2,1,0,0,1,39.0,22.0,,,1,2,2,1,3
202100035022,2021-06-09 14:00:00,2021,6,9,14,0,29,29019,Rue du Huit Mai 1945,48.4125,-4.4756,Plein jour,En agglomération,Giratoire,Normale,Deux véhicules - côté,4,1,1,0,1,3,1,5,1,50,,3,2,0,0,1,29.0,52.0,,,1,2,6,1,3
202100035023,2021-06-09 05:45:00,2021,6,9,5,45,29,29019,Place de Strasbourg,48.40245,-4.4666,Crépuscule ou aube,En agglomération,Giratoire,Normale,Deux véhicules - côté,4,1,2,0,1,3,1,5,1,30,,2,1,0,0,1,44.0,37.0,,,2,2,6,1,3
202100035024,2021-06-11 14:00:00,2021,6,11,14,0,17,17306,GAMBETTA,45.62185,-1.03107,Plein jour,En agglomération,Hors intersection,Normale,Autre collision,4,-1,3,0,1,1,1,0,1,30,,2,1,0,0,1,53.0,,,,1,2,1,1,6
202100035025,2021-06-09 17:13:00,2021,6,9,17,13,17,17306,ROCHEFORT (DE)  (AVENUE),45.63891,-1.02509,Plein jour,En agglomération,Giratoire,Normale,Deux véhicules - arrière,4,1,1,0,1,1,1,0,1,30,,2,1,0,1,0,39.0,71.0,,,1,2,6,1,2
202100035026,2021-06-11 08:20:00,2021,6,11,8,20,17,17300,COGNEHORS   BOULEVARD DE (1-95)),46.168404,-1.143601,Plein jour,En agglomération,Hors intersection,Normale,Deux véhicules - arrière,4,2,4,0,2,1,1,6,1,30,,2,1,0,1,0,59.0,37.0,,,1,2,1,1,2
202100035027,2021-06-09 16:39:00,2021,6,9,16,39,13,13026,RN 568 CLM,43.39008,5.16808,Plein jour,Hors agglomération,Hors intersection,Normale,Deux véhicules - frontale,7,2,2,0,1,1,1,0,1,70,,2,0,0,0,2,45.0,22.0,,,1,1,1,1,1
202100035028,2021-06-05 16:10:00,2021,6,5,16,10,13,13026,RN 568 CLM,43.39243,5.15518,Plein jour,Hors agglomération,Hors intersection,Normale,Deux véhicules - côté,7,3,4,0,1,1,1,0,1,90,,3,0,0,0,3,20.0,74.0,,,1,1,1,1,3
202100035029,2021-06-11 17:15:00,2021,6,11,17,15,13,13209,COL DE LA GINESTE D559,43.2466711774,5.4495412304,Plein jour,En agglomération,Hors intersection,Normale,Deux véhicules - frontale,7,2,2,0,1,4,1,0,1,70,,2,0,0,2,0,43.0,30.0,,,1,2,1,1,1
202100035030,2021-06-11 17:30:00,2021,6,11,17,30,13,13215,SAINT ANTOINE (AVENUE DE),43.36307,5.34859,Plein jour,En agglomération,Hors intersection,Normale,Deux véhicules - côté,9,1,1,0,1,1,1,9,8,30,,2,1,0,0,1,32.0,20.0,,,1,2,1,1,3