accident_id,datetime,annee,mois,jour,heure,minute,departement,commune_insee,adresse,latitude,longitude,luminosite,agglomeration,intersection,meteo,collision,catr,circ,nbv,vosp,prof,plan,surf,infra,situ,vma,nb_vehicules,nb_usagers,nb_indemnes,nb_tues,nb_blesses_hosp,nb_blesses_legers,age_cond_1,age_cond_2,veh_type_cond_1,veh_type_cond_2,lum_code,agg_code,int_code,atm_code,col_code
202100035031,2021-06-11 11:30:00,2021,6,11,11,30,13,13205,SIDI BRAHIM (SQUARE),43.29732,5.4001,Plein jour,En agglomération,Hors intersection,Normale,Deux véhicules - côté,4,2,2,0,1,1,1,0,1,30,,2,1,0,0,1,21.0,,,,1,2,1,1,3
202100035032,2021-06-11 10:45:00,2021,6,11,10,45,13,13216,RABELAIS (RUE),43.36134,5.32306,Plein jour,En agglomération,Hors intersection,Normale,Deux véhicules - arrière,4,2,2,0,2,1,1,0,1,50,,3,2,0,1,0,52.0,,,,1,2,1,1,2
202100035033,2021-06-10 23:55:00,2021,6,10,23,55,13,13209,LÉON LACHAMP (ROUTE),43.2490369281,5.442609787,Nuit avec éclairage allumé,En agglomération,Hors intersection,Normale,Deux véhicules - côté,7,2,2,0,2,1,1,0,1,50,,2,1,0,0,1,29.0,48.0,,,5,2,1,1,3
202100035034,2021-06-10 22:45:00,2021,6,10,22,45,13,13207,CATALANS (RUE DES),43.29075,5.35602,Nuit avec éclairage allumé,En agglomération,Hors intersection,Normale,Deux véhicules - côté,4,1,2,0,1,1,1,0,4,50,,2,1,0,0,1,35.0,,,,5,2,1,1,3
202100035035,2021-06-10 18:40:00,2021,6,10,18,40,13,13211,COMMANDANT DE ROBIEN (RUE),43.2888,5.49478,Plein jour,En agglomération,Hors intersection,Normale,Deux véhicules - côté,4,2,2,0,1,1,1,0,1,50,,2,1,0,0,1,,,,,1,2,1,1,3
202100035036,2021-06-10 17:30:00,2021,6,10,17,30,13,13210,CAPELETTE (AVENUE DE LA),43.2807157608,5.4074274394,Plein jour,En agglomération,Hors intersection,Normale,Deux véhicules - côté,4,2,2,0,1,1,1,0,1,50,,2,1,0,0,1,26.0,27.0,,,1,2,1,1,3
202100035037,2021-06-10 15:50:00,2021,6,10,15,50,13,13206,PARADIS (RUE),43.28719,5.3797,Plein jour,En agglomération,Hors intersection,Normale,Deux véhicules - arrière,4,1,2,0,2,1,1,0,1,50,,2,1,0,0,1,87.0,,,,1,2,1,1,2
202100035038,2021-06-05 16:40:00,2021,6,5,16,40,13,13203,CRIMEE (RUE DE),43.30791,5.3796,Plein jour,En agglomération,Hors intersection,Normale,Deux véhicules - côté,4,1,0,0,1,1,1,0,1,50,,5,2,0,1,2,57.0,32.0,,,1,2,1,1,3
202100035039,2021-06-11 17:05:00,2021,6,11,17,5,11,11069,BRILLAT SAVARIN,43.2146,2.3239,Plein jour,En agglomération,Hors intersection,Normale,Deux véhicules - frontale,3,2,2,0,1,1,1,0,1,50,,2,1,0,0,1,56.0,37.0,,,1,2,1,1,1
202100035040,2021-06-11 15:10:00,2021,6,11,15,10,11,11069,RD 6161 - Rocade Ouest,43.2021,2.3142,Plein jour,En agglomération,Hors intersection,Normale,Deux véhicules - côté,3,1,2,0,1,1,1,5,1,50,,2,1,0,0,1,30.0,37.0,,,1,2,1,1,3
202100035041,2021-06-11 19:45:00,2021,6,11,19,45,10,10321,GENERAL LECLERC (RUE DU),48.291107605,4.0323472023,Plein jour,En agglomération,Hors intersection,Normale,Deux véhicules - arrière,3,2,2,3,1,1,1,0,1,50,,2,1,0,0,1,53.0,54.0,,,1,2,1,1,2
202100035042,2021-06-10 13:20:00,2021,6,10,13,20,07,07316,MONTGOLFIERS (AVENENUE DES FRERES),44.89802,4.85185,Plein jour,En agglomération,Hors intersection,Normale,Deux véhicules - frontale,3,2,1,0,1,1,1,0,1,50,,3,1,0,1,1,75.0,41.0,,,1,2,1,1,1
202100035043,2021-06-11 22:45:00,2021,6,11,22,45,06,06069,MASSEBOEUF (CHEMIN),43.64038,6.96609,Nuit sans éclairage public,En agglomération,Hors intersection,Normale,Autre collision,4,1,1,0,2,3,1,0,3,50,,1,0,0,1,0,28.0,,,,3,2,1,1,6
202100035044,2021-06-11 15:10:00,2021,6,11,15,10,06,06069,DUVAL (AVENUE MATHIAS),43.654109,6.920725,Plein jour,En agglomération,Hors intersection,Normale,Autre collision,3,2,2,0,1,2,1,0,1,50,,1,0,0,0,1,47.0,,,,1,2,1,1,6
202100035045,2021-06-11 08:43:00,2021,6,11,8,43,06,06069,PAOUTE (ROUTE ET TRAVERSE DE LA),43.631658,6.957496,Plein jour,Hors agglomération,Giratoire,Normale,Deux véhicules - arrière,3,1,2,0,1,2,1,5,1,50,,2,1,0,0,1,50.0,55.0,,,1,1,6,1,2
202100035046,2021-06-11 08:30:00,2021,6,11,8,30,06,06069,LECLERC (BOULEVARD DU MARECHAL),43.65035,6.920441,Plein jour,En agglomération,Hors intersection,Normale,Autre collision,4,2,2,0,2,1,1,0,1,50,,2,1,0,1,0,39.0,,,,1,2,1,1,6
202100035047,2021-06-10 21:25:00,2021,6,10,21,25,01,01451,PARIS (ROUTE DE),46.235608,5.19766,Crépuscule ou aube,En agglomération,Intersection en T,Normale,Deux véhicules - côté,6,2,0,0,1,1,1,0,1,30,,3,2,0,0,1,20.0,19.0,,,2,2,3,1,3
202100035048,2021-06-11 18:30:00,2021,6,11,18,30,75,75116,PORTE DAUPHINE,48.865767,2.268076,Plein jour,En agglomération,Intersection en Y,Normale,Deux véhicules - côté,4,1,4,0,1,1,1,0,1,70,,2,1,0,0,1,51.0,39.0,,,1,2,4,1,3
202100035049,2021-06-11 09:45:00,2021,6,11,9,45,75,75114,PORTE DE GENTILLY,48.816851,2.33621,Plein jour,En agglomération,Hors intersection,Normale,Deux véhicules - côté,4,1,2,0,1,1,1,0,1,70,,2,1,0,0,1,27.0,27.0,,,1,2,1,1,3
202100035050,2021-06-10 13:45:00,2021,6,10,13,45,75,75116,BOULEVARD PERIPHERIQUE,48.864978,2.267427,Plein jour,En agglomération,Hors intersection,Normale,Deux véhicules - arrière,4,1,4,0,1,1,1,1,1,70,,2,0,0,0,2,27.0,49.0,,,1,2,1,1,2
202100035051,2021-06-09 15:35:00,2021,6,9,15,35,75,75119,BOULEVARD PERIPHERIQUE,48.890958,2.396033,Plein jour,En agglomération,Hors intersection,Normale,Trois véhicules et plus - en chaîne,4,1,4,0,1,1,1,0,1,70,,3,2,0,0,1,51.0,78.0,,,1,2,1,1,4
202100035052,2021-06-10 15:01:00,2021,6,10,15,1,75,75115,BOULEVARD LEFEBVRE,48.830915,2.292326,Plein jour,En agglomération,Intersection en X,Normale,Deux véhicules - côté,4,3,3,0,2,1,1,5,1,30,,2,1,1,0,0,26.0,35.0,,,1,2,2,1,3
202100035053,2021-06-10 13:05:00,2021,6,10,13,5,75,75115,RUE DUTOT,48.83866,2.308769,Plein jour,En agglomération,Intersection en X,Normale,Autre collision,4,2,2,0,1,1,1,0,1,30,,3,2,0,1,0,29.0,,,,1,2,2,1,6
202100035054,2021-06-11 09:37:00,2021,6,11,9,37,75,75105,BOULEVARD SAINT MICHEL,48.841658,2.337792,Plein jour,En agglomération,Intersection en X,Normale,Deux véhicules - côté,4,1,0,3,2,1,1,0,6,50,,2,1,0,0,1,37.0,66.0,,,1,2,2,1,3
202100035055,2021-06-09 22:35:00,2021,6,9,22,35,75,75105,RUE MONGE,48.844481,2.352427,Nuit avec éclairage allumé,En agglomération,Intersection en T,Normale,Deux véhicules - frontale,4,2,3,0,2,1,1,0,1,30,,3,2,0,0,1,35.0,22.0,,,5,2,3,1,1
202100035056,2021-06-11 09:25:00,2021,6,11,9,25,75,75119,RUE DAVID D ANGERS,48.88241,2.391303,Plein jour,En agglomération,Intersection en T,Normale,Deux véhicules - arrière,4,2,2,0,2,1,1,0,1,50,,2,1,0,0,1,38.0,24.0,,,1,2,3,1,2
202100035057,2021-06-11 09:00:00,2021,6,11,9,0,75,75119,RUE DE L OURCQ,48.893555,2.376022,Plein jour,En agglomération,Intersection en Y,Normale,Deux véhicules - frontale,4,1,2,3,1,1,1,0,6,50,,2,1,0,0,1,27.0,29.0,,,1,2,4,1,1
202100035058,2021-06-11 11:00:00,2021,6,11,11,0,75,75118,BOULEVARD BARBES,48.891005,2.349604,Plein jour,En agglomération,Hors intersection,Normale,Autre collision,4,2,4,3,1,1,1,0,1,50,,3,2,0,0,1,31.0,57.0,,,1,2,1,1,6
202100035059,2021-06-11 19:40:00,2021,6,11,19,40,75,75117,AVENUE DE VILLIERS,48.88202,2.313169,Plein jour,En agglomération,Hors intersection,Normale,Autre collision,4,2,2,0,1,1,1,0,1,50,,2,0,0,0,2,64.0,,,,1,2,1,1,6
202100035060,2021-05-25 09:45:00,2021,5,25,9,45,75,75117,BOULEVARD DE COURCELLES,48.880597,2.310444,Plein jour,En agglomération,Hors intersection,Normale,Sans collision,4,2,2,0,1,1,1,0,1,50,,1,0,0,0,1,26.0,,,,1,2,1,1,7
202100035061,2021-06-11 11:30:00,2021,6,11,11,30,75,75108,BOULEVARD DE COURCELLES,48.880678,2.311194,Plein jour,En agglomération,Hors intersection,Normale,Deux véhicules - côté,4,2,2,0,1,1,1,0,1,30,,2,1,0,0,1,26.0,46.0,,,1,2,1,1,3
202100035062,2021-06-10 11:55:00,2021,6,10,11,55,75,75116,AVENUE DE SAINT CLOUD,48.862547,2.264332,Plein jour,En agglomération,Intersection en X,Normale,Deux véhicules - côté,4,2,6,1,1,1,1,0,5,50,,2,1,0,0,1,72.0,68.0,,,1,2,2,1,3
202100035063,2021-06-11 08:30:00,2021,6,11,8,30,75,75115,RUE DES MORILLONS,48.833792,2.297844,Plein jour,En agglomération,Intersection en T,Normale,Autre collision,4,1,2,1,2,1,1,0,1,50,,3,2,0,0,1,19.0,,,,1,2,3,1,6
202100035064,2021-06-11 16:45:00,2021,6,11,16,45,75,75114,RUE VERCINGETORIX,48.834366,2.313612,Plein jour,En agglomération,Intersection en X,Normale,Deux véhicules - côté,4,2,3,1,1,1,1,0,5,50,,2,1,0,0,1,31.0,26.0,,,1,2,2,1,3
202100035065,2021-06-11 15:45:00,2021,6,11,15,45,75,75114,BOULEVARD JOURDAN,48.821692,2.332927,Plein jour,En agglomération,Hors intersection,Normale,Deux véhicules - côté,4,3,2,1,1,1,1,0,1,50,,2,1,0,0,1,20.0,25.0,,,1,2,1,1,3
202100035066,2021-06-11 20:30:00,2021,6,11,20,30,75,75113,AVENUE PIERRE MENDES FRANCE,48.841201,2.368147,Plein jour,En agglomération,Hors intersection,Normale,Deux véhicules - côté,4,2,4,3,2,1,1,0,1,50,,3,2,0,0,1,27.0,34.0,,,1,2,1,1,3
202100035067,2021-06-11 15:00:00,2021,6,11,15,0,75,75109,RUE DE ROCHECHOUART,48.87906,2.345547,Plein jour,En agglomération,Hors intersection,Normale,Autre collision,4,1,2,2,2,1,1,0,5,30,,2,1,0,0,1,48.0,,,,1,2,1,1,6
202100035068,2021-06-11 12:40:00,2021,6,11,12,40,75,75108,BOULEVARD DES BATIGNOLLES,48.881637,2.318834,Plein jour,En agglomération,Intersection en T,Normale,Deux véhicules - côté,4,1,2,0,1,1,1,0,1,50,,2,1,0,0,1,31.0,29.0,,,1,2,3,1,3
202100035069,2021-06-11 10:25:00,2021,6,11,10,25,75,75108,AVENUE DE FRIEDLAND,48.874651,2.304405,Plein jour,En agglomération,Hors intersection,Normale,Deux véhicules - côté,4,2,2,0,2,1,1,0,1,50,,2,1,0,0,1,23.0,17.0,,,1,2,1,1,3
202100035070,2021-06-11 19:05:00,2021,6,11,19,5,75,75107,QUAI D ORSAY,48.862387,2.309241,Plein jour,En agglomération,Intersection en T,Normale,Sans collision,4,2,1,0,1,1,1,0,1,50,,1,0,0,0,1,36.0,,,,1,2,3,1,7
202100035071,2021-06-11 21:50:00,2021,6,11,21,50,75,75103,RUE BEAUBOURG,48.864797,2.35544,Crépuscule ou aube,En agglomération,Intersection en T,Normale,Deux véhicules - côté,4,1,2,3,1,1,1,0,1,30,,2,1,0,0,1,36.0,24.0,,,2,2,3,1,3
202100035072,2021-06-10 12:00:00,2021,6,10,12,0,75,75101,QUAI DES TUILERIES,48.863221,2.323038,Plein jour,En agglomération,Hors intersection,Normale,Deux véhicules - arrière,4,1,3,0,1,1,1,0,1,50,,4,2,0,0,2,33.0,47.0,,,1,2,1,1,2
202100035073,2021-06-11 00:30:00,2021,6,11,0,30,94,94002,Rue Emile Zola,48.799743,2.426047,Nuit avec éclairage allumé,En agglomération,Intersection en T,Normale,Autre collision,3,2,2,0,2,1,1,0,4,50,,2,0,0,0,2,28.0,,,,5,2,3,1,6
202100035074,2021-06-10 15:05:00,2021,6,10,15,5,94,94081,Avenue Rouget de Lisle,48.78274,2.39389,Plein jour,En agglomération,Hors intersection,Normale,Deux véhicules - côté,3,3,2,0,1,1,1,0,8,50,,2,1,0,0,1,44.0,26.0,,,1,2,1,1,3
202100035075,2021-06-10 19:10:00,2021,6,10,19,10,94,94058,ALSACE LORRAINE (BD D),48.849191,2.496096,Plein jour,En agglomération,Intersection en X,Normale,Deux véhicules - côté,4,3,5,2,1,1,1,5,1,50,,2,1,0,0,1,23.0,25.0,,,1,2,2,1,3
202100035076,2021-06-11 09:27:00,2021,6,11,9,27,94,94046,Avenue du Général de Gaulle,48.814274,2.421122,Plein jour,En agglomération,Hors intersection,Normale,Deux véhicules - côté,3,3,4,0,1,1,1,0,1,50,,2,1,0,1,0,47.0,66.0,,,1,2,1,1,3
202100035077,2021-06-11 13:35:00,2021,6,11,13,35,94,94076,MAXIME GORKI (BD),48.79597,2.36836,Plein jour,En agglomération,Autre intersection,Normale,Deux véhicules - côté,3,-1,2,0,1,1,1,0,1,50,,2,0,0,1,1,45.0,22.0,,,1,2,9,1,3
202100035078,2021-06-11 13:30:00,2021,6,11,13,30,94,94076,Avenue de Paris,48.80069,2.36508,Plein jour,En agglomération,Hors intersection,Normale,Deux véhicules - côté,3,2,2,0,2,1,1,0,1,50,,3,1,0,0,2,25.0,29.0,,,1,2,1,1,3
202100035079,2021-06-11 20:30:00,2021,6,11,20,30,94,94028,POMPADOUR(CARREFOUR),48.77416,2.43964,Plein jour,En agglomération,Giratoire,Normale,Deux véhicules - côté,3,1,3,1,1,1,1,5,5,50,,3,2,0,0,1,36.0,56.0,,,1,2,6,1,3
202100035080,2021-06-10 16:10:00,2021,6,10,16,10,94,94011,GAULLE(CARREFOUR CHARLES DE),48.76805,2.48774,Plein jour,En agglomération,Giratoire,Normale,Deux véhicules - côté,3,1,3,0,1,2,1,0,1,50,,2,0,0,0,2,34.0,35.0,,,1,2,6,1,3
202100035081,2021-06-11 20:15:00,2021,6,11,20,15,94,94044,AQUITAINE (R D),48.74733,2.47798,Plein jour,En agglomération,Hors intersection,Normale,Autre collision,4,2,2,0,1,1,1,0,1,50,,1,0,0,0,1,16.0,,,,1,2,1,1,6
202100035082,2021-06-10 16:55:00,2021,6,10,16,55,93,93072,MAXIME GORKI (BOULEVARD) DES N°1 AU 87,48.95507,2.38332,Plein jour,En agglomération,Hors intersection,Temps éblouissant,Autre collision,3,3,2,0,1,1,1,6,1,50,,2,1,0,1,0,27.0,,,,1,2,1,7,6
202100035083,2021-06-11 18:00:00,2021,6,11,18,0,93,93039,SEINE (QUAI DE ),48.93706,2.34256,Plein jour,En agglomération,Hors intersection,Normale,Deux véhicules - côté,3,-1,1,0,1,1,1,0,1,50,,2,1,0,0,1,33.0,27.0,,,1,2,1,1,3
202100035084,2021-06-11 15:15:00,2021,6,11,15,15,93,93066,Boulevard Marcel Sembat / Boulevard Jules Guesde,48.93401,2.34982,Plein jour,En agglomération,Intersection en X,Normale,Autre collision,4,2,2,3,1,1,1,4,6,50,,4,1,0,0,3,34.0,,,,1,2,2,1,6
202100035085,2021-06-11 16:05:00,2021,6,11,16,5,93,93066,Rue Henri Barbusse,48.941298,2.371993,Plein jour,En agglomération,Hors intersection,Normale,Autre collision,3,2,2,0,1,1,1,0,1,50,,2,1,0,0,1,22.0,,,,1,2,1,1,6
202100035086,2021-06-11 13:20:00,2021,6,11,13,20,93,93066,Rue Francis de Pressensé,48.920112,2.362761,Plein jour,En agglomération,Hors intersection,Normale,Deux véhicules - côté,3,2,4,0,1,1,1,0,1,50,,2,1,0,0,1,41.0,41.0,,,1,2,1,1,3
202100035087,2021-06-11 13:00:00,2021,6,11,13,0,93,93048,Avenue Pasteur / Rue des Lilas,48.86934,2.43245,Plein jour,En agglomération,Intersection en X,Normale,Deux véhicules - côté,3,3,4,1,1,1,1,0,5,50,,2,1,0,1,0,51.0,33.0,,,1,2,2,1,3
202100035088,2021-06-10 08:30:00,2021,6,10,8,30,93,93063,LENINE AVENUE,48.883,2.4264,Plein jour,En agglomération,Hors intersection,Normale,Deux véhicules - arrière,3,2,2,0,1,1,1,0,1,50,,2,1,0,0,1,63.0,36.0,,,1,2,1,1,2
202100035089,2021-06-10 22:00:00,2021,6,10,22,0,93,93030,Avenue du 8 Mai 1945,48.949152,2.438642,Crépuscule ou aube,En agglomération,Hors intersection,Normale,Autre collision,3,2,4,3,1,1,1,0,6,50,,2,1,0,1,0,35.0,,,,2,2,1,1,6
202100035090,2021-06-11 19:15:00,2021,6,11,19,15,93,93047,Avenue des Coquelicots,48.890111,2.553031,Plein jour,En agglomération,Hors intersection,Normale,Deux véhicules - frontale,4,2,2,0,1,1,1,0,1,50,,5,4,0,0,1,30.0,43.0,,,1,2,1,1,1
202100035091,2021-06-11 14:15:00,2021,6,11,14,15,93,93046,Chemin des Postes / Avenue Léon Blum,48.90838,2.5336,Plein jour,En agglomération,Intersection en X,Temps éblouissant,Trois véhicules et plus - en chaîne,3,3,4,0,1,1,1,0,1,50,,3,2,0,0,1,37.0,33.0,,,1,2,2,7,4
202100035092,2021-06-10 16:00:00,2021,6,10,16,0,92,92063,DIX-HUIT JUIN 1940 (AVENUE DU) SUD,48.8683029318,2.1909812093,Plein jour,En agglomération,Hors intersection,Normale,Deux véhicules - côté,3,3,2,0,2,1,1,0,1,50,,2,1,0,0,1,24.0,57.0,,,1,2,1,1,3
202100035093,2021-06-11 14:55:00,2021,6,11,14,55,92,92050,ARAGO FRANCOIS AVENUE,48.902186,2.226808,Plein jour,En agglomération,Intersection en T,Normale,Deux véhicules - côté,3,2,4,0,1,1,1,0,1,50,,2,1,0,0,1,46.0,23.0,,,1,2,3,1,3
202100035094,2021-06-11 13:10:00,2021,6,11,13,10,92,92050,STALINGRAD RUE DE,48.89415,2.19584,Plein jour,En agglomération,Intersection en X,Normale,Autre collision,4,2,2,0,1,1,1,0,1,50,,2,1,0,0,1,31.0,,,,1,2,2,1,6
202100035095,2021-06-11 13:12:00,2021,6,11,13,12,92,92040,GUYNEMER,48.8297201958,2.2770769298,Plein jour,En agglomération,Hors intersection,Normale,Sans collision,3,1,2,0,1,1,1,0,1,30,,1,0,0,0,1,27.0,,,,1,2,1,1,7
202100035096,2021-06-11 11:10:00,2021,6,11,11,10,92,92026,VERDUN (DE 01 A 61),48.9003823853,2.2608147876,Plein jour,En agglomération,Hors intersection,Normale,Autre collision,3,3,6,0,1,1,1,0,1,50,,3,2,0,0,1,34.0,78.0,,,1,2,1,1,6
202100035097,2021-06-10 07:50:00,2021,6,10,7,50,92,92024,GENERAL LECLERC (BD DU) DE (61 A 9),48.9024,2.3139,Plein jour,En agglomération,Intersection en X,Normale,Autre collision,4,2,2,0,1,1,1,0,1,50,,2,1,0,0,1,31.0,,,,1,2,2,1,6
202100035098,2021-06-11 03:30:00,2021,6,11,3,30,92,92024,GENERAL LECLERC (BD DU) (9 A 59)   (4 A,48.89978,2.31872,Nuit avec éclairage allumé,En agglomération,Hors intersection,Normale,Autre collision,4,3,4,0,1,1,1,0,8,50,,1,0,0,0,1,32.0,,,,5,2,1,1,6
202100035099,2021-06-11 12:10:00,2021,6,11,12,10,92,92007,MEUNIERS (RUE DES),48.7976320253,2.3095321655,Plein jour,En agglomération,Intersection en X,Normale,Deux véhicules - côté,4,2,3,1,2,1,1,5,1,50,,3,1,0,0,2,31.0,28.0,,,1,2,2,1,3
202100035100,2021-06-11 09:15:00,2021,6,11,9,15,47,47223,Laborie Neuve,44.662194,0.740837,Plein jour,Hors agglomération,Hors intersection,Normale,Autre collision,4,2,2,0,2,1,9,0,3,80,,1,0,0,0,1,22.0,,,,1,1,1,1,6
202100035101,2021-06-09 20:00:00,2021,6,9,20,0,14,14207,Rue du Belvédère,48.997135,-0.447682,Crépuscule ou aube,En agglomération,Hors intersection,Normale,Deux véhicules - frontale,4,2,2,0,1,1,1,0,1,50,,2,1,0,0,1,40.0,12.0,,,2,2,1,1,1
202100035102,2021-06-12 10:30:00,2021,6,12,10,30,2A,2A249,13 Rue du 9 Septembre,41.676119,8.905417,Plein jour,En agglomération,Intersection en T,Temps éblouissant,Sans collision,2,1,1,0,1,1,1,0,1,50,,2,1,0,0,1,55.0,,,,1,2,3,7,7
202100035103,2021-06-11 08:45:00,2021,6,11,8,45,38,38378,D4,45.424987,4.771863,Plein jour,Hors agglomération,Hors intersection,Normale,Trois véhicules et plus - collisions multiples,3,2,2,0,1,1,1,0,1,70,,3,1,0,1,1,21.0,31.0,,,1,1,1,1,5
202100035104,2021-06-11 06:00:00,2021,6,11,6,0,17,17387,CD 137,45.804437,-0.751812,Crépuscule ou aube,Hors agglomération,Hors intersection,Normale,Autre collision,3,2,2,0,1,1,1,0,3,90,,2,0,0,2,0,24.0,,,,2,1,1,1,6
202100035105,2021-06-12 03:00:00,2021,6,12,3,0,33,33373,,45.028713,0.034742,Nuit avec éclairage allumé,En agglomération,Hors intersection,Normale,Sans collision,3,2,2,0,1,1,1,0,3,50,,1,0,0,1,0,23.0,,,,5,2,1,1,7
202100035106,2021-06-12 00:20:00,2021,6,12,0,20,76,76624,Rue d Arques,49.881625,1.211318,Nuit avec éclairage allumé,En agglomération,Intersection en T,Normale,Autre collision,4,2,2,0,1,1,1,0,3,50,,1,0,0,1,0,21.0,,,,5,2,3,1,6
202100035107,2021-06-11 18:55:00,2021,6,11,18,55,68,68016,D18b,47.931383,7.52336,Plein jour,Hors agglomération,Intersection en Y,Normale,Deux véhicules - côté,3,3,2,0,1,1,1,5,8,80,,2,0,0,0,2,79.0,39.0,,,1,1,4,1,3
202100035108,2021-06-11 21:32:00,2021,6,11,21,32,01,01401,avenue du jura,46.250476,6.004822,Crépuscule ou aube,En agglomération,Hors intersection,Normale,Autre collision,3,2,2,0,1,2,1,0,1,50,,1,0,0,1,0,30.0,,,,2,2,1,1,6
202100035109,2021-06-12 13:15:00,2021,6,12,13,15,83,83019,Route du Dom PK42,43.208825192,6.447622776,Plein jour,Hors agglomération,Hors intersection,Normale,Autre collision,3,2,2,0,1,1,1,0,3,90,,3,0,0,3,0,24.0,,,,1,1,1,1,6
202100035110,2021-05-15 19:00:00,2021,5,15,19,0,83,83116,DN 7,43.4570346708,5.8428826725,Plein jour,En agglomération,Hors intersection,Normale,Deux véhicules - frontale,3,2,2,0,1,1,1,0,1,90,,4,2,0,0,2,43.0,18.0,,,1,2,1,1,1
202100035111,2021-06-12 18:00:00,2021,6,12,18,0,62,62524,D52,50.649836,1.819988,Plein jour,Hors agglomération,Hors intersection,Normale,Deux véhicules - arrière,3,2,2,0,2,1,1,0,1,80,,3,1,0,2,0,51.0,20.0,,,1,1,1,1,2
202100035112,2021-06-11 19:10:00,2021,6,11,19,10,56,56094,Lieu Dit Locadour,47.760445,-3.264924,Plein jour,Hors agglomération,Hors intersection,Normale,Deux véhicules - frontale,3,2,2,0,1,1,1,0,1,80,,2,1,0,1,0,75.0,32.0,,,1,1,1,1,1
202100035113,2021-06-12 09:00:00,2021,6,12,9,0,67,67424,12 Rue Principale,48.405113,7.163192,Plein jour,En agglomération,Hors intersection,Temps éblouissant,Deux véhicules - côté,3,2,2,0,1,1,1,0,3,30,,1,0,0,1,0,43.0,,,,1,2,1,7,3
202100035114,2021-06-12 01:00:00,2021,6,12,1,0,79,79321,Route des Bois Bilazais,46.942908,-0.119724,Nuit sans éclairage public,Hors agglomération,Hors intersection,Normale,Autre collision,4,2,2,0,1,3,1,0,3,80,,1,0,0,1,0,21.0,,,,3,1,1,1,6
202100035115,2021-06-11 16:10:00,2021,6,11,16,10,2A,2A271,Route territoriale 20,41.959534,8.812532,Plein jour,Hors agglomération,Hors intersection,Normale,Deux véhicules - arrière,2,2,2,0,1,1,1,0,1,70,,3,2,0,1,0,26.0,35.0,,,1,1,1,1,2
202100035116,2021-06-11 10:12:00,2021,6,11,10,12,2B,2B354,RT 20,42.171988,9.171031,Plein jour,En agglomération,Hors intersection,Normale,Deux véhicules - frontale,2,2,2,0,1,3,1,0,1,50,,2,1,0,1,0,88.0,,,,1,2,1,1,1
202100035117,2021-06-12 15:25:00,2021,6,12,15,25,82,82148,Route de Caussade,44.237128,1.60763,Plein jour,Hors agglomération,Hors intersection,Normale,Autre collision,3,2,2,0,1,1,1,0,3,80,,2,0,0,2,0,19.0,,,,1,1,1,1,6
202100035118,2021-06-11 08:00:00,2021,6,11,8,0,32,32419,"chemin communal ""des landes""",43.410673,0.464709,Plein jour,Hors agglomération,Intersection en T,Normale,Deux véhicules - côté,4,2,2,0,1,1,1,0,1,80,,2,1,0,1,0,44.0,60.0,,,1,1,3,1,3
202100035119,2021-06-11 22:15:00,2021,6,11,22,15,63,63457,Départementale 1,45.6607884394,3.2198953826,Nuit sans éclairage public,Hors agglomération,Hors intersection,Normale,Deux véhicules - côté,3,2,2,0,1,2,1,0,1,80,,2,1,0,1,0,21.0,20.0,,,3,1,1,1,3
202100035120,2021-06-11 18:30:00,2021,6,11,18,30,47,47252,Rte de Sautoul,44.412706,0.602368,Plein jour,Hors agglomération,Hors intersection,Normale,Deux véhicules - côté,3,2,2,0,1,1,1,0,1,80,,2,1,0,0,1,24.0,32.0,,,1,1,1,1,3
202100035121,2021-06-11 17:50:00,2021,6,11,17,50,41,41166,D30,47.405266,1.368753,Plein jour,Hors agglomération,Intersection en X,Normale,Deux véhicules - côté,3,2,2,0,1,1,1,0,1,80,,5,3,0,1,1,26.0,69.0,,,1,1,2,1,3
202100035122,2021-06-11 10:50:00,2021,6,11,10,50,41,41164,Rue des Martinieres,47.269198,1.440636,Plein jour,Hors agglomération,Intersection à plus de 4 branches,Normale,Deux véhicules - frontale,4,2,2,0,1,1,1,0,1,80,,4,1,0,0,3,44.0,60.0,,,1,1,5,1,1
202100035123,2021-06-11 16:25:00,2021,6,11,16,25,34,34293,"RD 150, PK 16+450",43.628473,2.729625,Plein jour,Hors agglomération,Hors intersection,Normale,Autre collision,3,2,2,0,1,1,1,0,1,80,,1,0,0,1,0,56.0,,,,1,1,1,1,6
202100035124,2021-06-12 15:28:00,2021,6,12,15,28,25,25018,D456,47.389935,6.577422,Plein jour,Hors agglomération,Hors intersection,Normale,Deux véhicules - frontale,3,2,2,0,1,3,1,0,1,80,,2,1,0,1,0,51.0,40.0,,,1,1,1,1,1
202100035125,2021-06-10 19:00:00,2021,6,10,19,0,25,25112,D683,47.2554,6.06956,Plein jour,En agglomération,Autre intersection,Normale,Autre collision,3,2,2,0,1,1,1,0,3,50,,3,2,0,0,1,22.0,25.0,,,1,2,9,1,6
202100035126,2021-06-12 08:30:00,2021,6,12,8,30,44,44188,Chemin des Petites Parees,47.01005,-1.617855,Plein jour,Hors agglomération,Intersection en T,Normale,Deux véhicules - côté,3,2,2,0,1,2,1,0,1,70,,2,1,0,1,0,42.0,44.0,,,1,1,3,1,3
202100035127,2021-06-11 23:00:00,2021,6,11,23,0,44,44206,Rue du Général Charette,46.89985,-1.678247,Nuit sans éclairage public,En agglomération,Hors intersection,Normale,Deux véhicules - arrière,3,2,2,0,1,1,1,0,1,30,,3,1,0,2,0,62.0,49.0,,,3,2,1,1,2