accident_id,datetime,annee,mois,jour,heure,minute,departement,commune_insee,adresse,latitude,longitude,luminosite,agglomeration,intersection,meteo,collision,catr,circ,nbv,vosp,prof,plan,surf,infra,situ,vma,nb_vehicules,nb_usagers,nb_indemnes,nb_tues,nb_blesses_hosp,nb_blesses_legers,age_cond_1,age_cond_2,veh_type_cond_1,veh_type_cond_2,lum_code,agg_code,int_code,atm_code,col_code
202100035128,2021-06-12 16:15:00,2021,6,12,16,15,31,31208,D26,43.059262,0.809212,Plein jour,Hors agglomération,Hors intersection,Normale,Deux véhicules - côté,3,2,2,0,2,2,1,0,1,80,,2,1,0,1,0,41.0,60.0,,,1,1,1,1,3
202100035129,2021-06-12 16:30:00,2021,6,12,16,30,31,31293,D63g,43.717651,1.387139,Plein jour,Hors agglomération,Hors intersection,Normale,Autre collision,7,2,2,0,1,1,1,5,1,80,,1,0,1,0,0,56.0,,,,1,1,1,1,6
202100035130,2021-06-12 00:45:00,2021,6,12,0,45,38,38126,Chemin Charles Pajon,45.212954,5.75218,Nuit sans éclairage public,En agglomération,Hors intersection,Normale,Autre collision,4,2,2,0,2,3,1,0,3,50,,2,0,0,1,1,23.0,,,,3,2,1,1,6
202100035131,2021-06-12 10:50:00,2021,6,12,10,50,03,03138,Rond-point de Bellevue,46.246668,3.616417,Plein jour,Hors agglomération,Giratoire,Normale,Deux véhicules - côté,2,1,1,0,1,2,1,0,1,-1,,2,1,0,1,0,70.0,56.0,,,1,1,6,1,3
202100035132,2021-06-11 19:53:00,2021,6,11,19,53,58,58219,L Echalotte,46.936653,3.823827,Plein jour,Hors agglomération,Hors intersection,Normale,Autre collision,3,2,2,0,2,2,1,0,1,80,,1,0,0,1,0,31.0,,,,1,1,1,1,6
202100035133,2021-06-12 11:20:00,2021,6,12,11,20,09,09065,D46,42.903524,1.366392,Plein jour,Hors agglomération,Hors intersection,Normale,Sans collision,3,2,2,0,1,1,1,0,1,80,,1,0,0,0,1,15.0,,,,1,1,1,1,7
202100035134,2021-06-12 17:00:00,2021,6,12,17,0,60,60471,D932,49.601477,3.011627,Plein jour,Hors agglomération,Intersection en X,Normale,Deux véhicules - frontale,3,2,2,0,1,1,1,5,8,80,,2,0,1,0,1,38.0,73.0,,,1,1,2,1,1
202100035135,2021-06-05 20:55:00,2021,6,5,20,55,45,45135,D22,48.250987,2.041703,Plein jour,Hors agglomération,Intersection en T,Normale,Deux véhicules - frontale,3,2,2,0,1,1,1,0,1,80,,4,1,0,1,2,62.0,29.0,,,1,1,3,1,1
202100035136,2021-06-11 11:00:00,2021,6,11,11,0,64,64273,Départementale 22,43.264261,-1.227797,Plein jour,En agglomération,Hors intersection,Normale,Deux véhicules - arrière,3,2,2,0,2,1,1,9,1,50,,2,1,0,0,1,53.0,83.0,,,1,2,1,1,2
202100035137,2021-06-08 13:00:00,2021,6,8,13,0,64,64279,D349 PAS DE ROLLAND,43.314245055,-1.4006074252,Plein jour,Hors agglomération,Hors intersection,Autre,Autre collision,3,2,1,0,1,1,1,0,1,80,,3,1,0,1,1,75.0,,,,1,1,1,9,6
202100035138,2021-06-11 22:30:00,2021,6,11,22,30,53,53053,D237,48.277681,-0.401815,Nuit sans éclairage public,Hors agglomération,Hors intersection,Normale,Autre collision,3,2,2,0,1,1,9,0,1,80,,1,0,0,1,0,20.0,,,,3,1,1,1,6
202100035139,2021-06-12 11:57:00,2021,6,12,11,57,21,21296,Grande Rue,47.987225,4.77762,Plein jour,En agglomération,Hors intersection,Temps éblouissant,Autre collision,3,2,2,0,4,1,1,0,3,50,,1,0,0,1,0,79.0,,,,1,2,1,7,6
202100035140,2021-06-12 17:03:00,2021,6,12,17,3,21,21053,D27,47.456401,5.353003,Plein jour,Hors agglomération,Hors intersection,Normale,Deux véhicules - côté,3,2,2,0,3,3,1,0,1,80,,2,1,0,1,0,72.0,59.0,,,1,1,1,1,3
202100035141,2021-06-11 14:00:00,2021,6,11,14,0,40,40111,D834,43.992907,-0.608582,Plein jour,Hors agglomération,Hors intersection,Normale,Sans collision,3,2,2,0,1,1,1,0,3,80,,1,0,0,1,0,25.0,,,,1,1,1,1,7
202100035142,2021-06-11 15:55:00,2021,6,11,15,55,24,24396,route départementale 703,44.861679,1.039324,Plein jour,En agglomération,Intersection en T,Normale,Deux véhicules - côté,3,2,2,0,1,1,1,0,1,50,,2,1,0,1,0,68.0,57.0,,,1,2,3,1,3
202100035143,2021-06-11 23:53:00,2021,6,11,23,53,04,04045,RD 4100,43.856722,5.607751,Nuit sans éclairage public,Hors agglomération,Hors intersection,Normale,Autre collision,3,2,2,0,1,3,1,0,3,70,,1,0,0,1,0,49.0,,,,3,1,1,1,6
202100035144,2021-06-11 23:40:00,2021,6,11,23,40,85,85023,d7,46.539219,-1.157759,Nuit sans éclairage public,Hors agglomération,Intersection en X,Normale,Deux véhicules - côté,3,2,2,0,2,1,1,5,1,80,,3,1,0,2,0,21.0,16.0,,,3,1,2,1,3
202100035145,2021-06-08 20:50:00,2021,6,8,20,50,27,27547,Saint-Germain-la-Campagne,49.056201,0.396924,Plein jour,Hors agglomération,Hors intersection,Normale,Sans collision,3,2,2,0,1,2,1,0,1,80,,2,0,0,0,2,59.0,,,,1,1,1,1,7
202100035146,2021-06-03 14:00:00,2021,6,3,14,0,27,27543,Route de Louye,48.788421,1.361479,Plein jour,En agglomération,Intersection en X,Normale,Deux véhicules - côté,4,2,2,0,2,3,1,2,1,50,,2,1,0,0,1,25.0,19.0,,,1,2,2,1,3
202100035147,2021-06-12 02:05:00,2021,6,12,2,5,28,28226,D20,48.645833,1.184828,Nuit sans éclairage public,Hors agglomération,Hors intersection,Normale,Autre collision,3,2,2,0,1,1,1,0,3,80,,1,0,1,0,0,57.0,,,,3,1,1,1,6
202100035148,2021-06-11 00:00:00,2021,6,11,0,0,88,88447,Route de Morbieux,47.9438179149,6.7697688192,Nuit avec éclairage non allumé,Hors agglomération,Hors intersection,Normale,Autre collision,4,2,2,0,2,3,1,0,8,80,,1,0,0,1,0,23.0,,,,4,1,1,1,6
202100035149,2021-06-11 17:30:00,2021,6,11,17,30,24,24538,D 710,44.814343,0.995936,Plein jour,Hors agglomération,Hors intersection,Normale,Sans collision,3,2,2,0,1,1,1,0,1,80,,2,0,0,2,0,73.0,,,,1,1,1,1,7
202100035150,2021-06-12 19:00:00,2021,6,12,19,0,13,13080,D561,43.658015,5.463402,Plein jour,Hors agglomération,Hors intersection,Temps éblouissant,Autre collision,7,2,2,0,1,1,1,0,3,80,,1,0,0,0,1,19.0,,,,1,1,1,7,6
202100035151,2021-06-11 22:15:00,2021,6,11,22,15,57,57227,A320,49.196078,6.933897,Nuit sans éclairage public,Hors agglomération,Hors intersection,Normale,Autre collision,1,3,4,0,1,1,1,0,2,110,,2,1,1,0,0,23.0,,,,3,1,1,1,6
202100035152,2021-06-12 18:25:00,2021,6,12,18,25,33,33343,,44.579494,-0.331221,Plein jour,Hors agglomération,Hors intersection,Normale,Deux véhicules - arrière,1,3,4,0,1,1,1,0,1,130,,3,2,0,1,0,43.0,27.0,,,1,1,1,1,2
202100035153,2021-06-12 11:00:00,2021,6,12,11,0,988,98804,Tribu Haouli,-21.532911,165.857978,Plein jour,Hors agglomération,Hors intersection,Temps couvert,Deux véhicules - frontale,3,2,2,0,2,2,2,0,1,110,,5,0,0,3,2,46.0,31.0,,,1,1,1,8,1
202100035154,2021-06-11 20:20:00,2021,6,11,20,20,971,97116,"Route nationale 5, Bosrédon",16.310327,-61.487651,Nuit avec éclairage allumé,En agglomération,Intersection en T,Normale,Deux véhicules - frontale,2,2,2,0,1,1,1,0,1,50,,2,1,1,0,0,57.0,66.0,,,5,2,3,1,1
202100035155,2021-06-11 19:45:00,2021,6,11,19,45,971,97115,Route nationale 2 entre croisement belle vue d'arras et la Jola,16.2615090791,-61.6357684135,Nuit sans éclairage public,Hors agglomération,Hors intersection,Normale,Trois véhicules et plus - collisions multiples,2,2,3,0,2,1,1,0,1,80,,7,2,1,0,4,34.0,28.0,,,3,1,1,1,5
202100035156,2021-06-12 06:00:00,2021,6,12,6,0,37,37126,,47.1347157071,0.1116969594,Plein jour,Hors agglomération,Hors intersection,Normale,Sans collision,3,2,2,0,1,2,1,0,3,80,,2,1,0,1,0,28.0,,,,1,1,1,1,7
202100035157,2021-06-12 02:00:00,2021,6,12,2,0,45,45291,RD 951,47.667251,2.654282,Nuit sans éclairage public,Hors agglomération,Intersection en Y,Normale,Autre collision,3,2,2,0,1,2,1,0,1,80,,1,0,1,0,0,49.0,,,,3,1,4,1,6
202100035158,2021-03-11 07:00:00,2021,3,11,7,0,78,78321,nationale 12 PK 39.200 sens Paris-Province,48.793281,1.887932,Crépuscule ou aube,Hors agglomération,Hors intersection,Pluie légère,Deux véhicules - arrière,2,3,4,0,1,1,2,0,2,110,,2,1,0,1,0,23.0,34.0,,,2,1,1,2,2
202100035159,2021-06-11 14:10:00,2021,6,11,14,10,2B,2B303,T10,42.26251,9.548023,Plein jour,En agglomération,Intersection en T,Normale,Deux véhicules - frontale,2,2,1,0,1,1,1,5,1,70,,2,1,0,0,1,24.0,77.0,,,1,2,3,1,1
202100035160,2021-06-11 23:15:00,2021,6,11,23,15,2A,2A247,Parking,41.533768,9.2645,Nuit sans éclairage public,Hors agglomération,Intersection en T,Normale,Deux véhicules - frontale,2,2,2,0,3,1,1,0,1,80,,6,1,0,0,5,27.0,62.0,,,3,1,3,1,1
202100035161,2021-06-12 12:44:00,2021,6,12,12,44,66,66171,Rue Jouy D Arnaud,42.639334,3.028557,Plein jour,En agglomération,Intersection en T,Normale,Deux véhicules - frontale,4,2,2,1,1,1,1,5,1,50,,2,0,1,0,1,54.0,22.0,,,1,2,3,1,1
202100035162,2021-06-11 22:10:00,2021,6,11,22,10,34,34154,D112,43.631122,3.997562,Nuit sans éclairage public,Hors agglomération,Intersection en X,Normale,Deux véhicules - côté,3,2,2,0,1,1,1,0,1,70,,3,1,0,1,1,45.0,15.0,,,3,1,2,1,3
202100035163,2021-06-12 13:20:00,2021,6,12,13,20,34,34145,45 Boulevard Lafayette,43.6764627936,4.1328844428,Plein jour,En agglomération,Hors intersection,Normale,Autre collision,2,1,2,0,1,1,1,6,1,50,,2,1,0,1,0,50.0,,,,1,2,1,1,6
202100035164,2021-06-12 10:10:00,2021,6,12,10,10,84,84053,D941,44.397256,4.932175,Plein jour,En agglomération,Hors intersection,Normale,Deux véhicules - frontale,3,2,2,0,1,1,1,0,1,50,,2,0,0,1,1,51.0,87.0,,,1,2,1,1,1
202100035165,2021-06-12 18:10:00,2021,6,12,18,10,83,83047,1145 Avenue Jean Monnet,43.118926,6.068078,Plein jour,En agglomération,Hors intersection,Normale,Deux véhicules - arrière,7,2,2,0,1,1,1,0,1,50,,2,1,1,0,0,51.0,59.0,,,1,2,1,1,2
202100035166,2021-06-01 20:05:00,2021,6,1,20,5,06,06048,Route de Sclos,43.812698,7.34192,Plein jour,En agglomération,Hors intersection,Normale,Deux véhicules - frontale,3,2,2,0,4,2,1,0,1,50,,4,3,0,1,0,23.0,16.0,,,1,2,1,1,1
202100035167,2021-06-11 11:33:00,2021,6,11,11,33,54,54437,Rue de Flavigny,48.551799272,6.1561363944,Plein jour,Hors agglomération,Hors intersection,Normale,Deux véhicules - côté,4,2,2,0,1,3,1,0,1,80,,2,1,0,1,0,20.0,22.0,,,1,1,1,1,3
202100035168,2021-06-12 13:00:00,2021,6,12,13,0,73,73186,D218b,45.795442,6.541451,Plein jour,Hors agglomération,Hors intersection,Normale,Autre collision,3,2,2,0,2,3,1,0,8,80,,1,0,0,1,0,60.0,,,,1,1,1,1,6
202100035169,2021-06-12 10:00:00,2021,6,12,10,0,73,73006, D990 - 811 Av de la Tarentaise,45.55553,6.648375,Plein jour,En agglomération,Hors intersection,Temps éblouissant,Autre collision,3,2,2,2,1,1,1,0,1,50,,3,1,0,1,1,77.0,,,,1,2,1,7,6
202100035170,2021-06-12 19:45:00,2021,6,12,19,45,42,42272,Route de Chézenas,45.3751722659,4.7440978512,Plein jour,Hors agglomération,Hors intersection,Temps éblouissant,Deux véhicules - frontale,4,2,1,0,2,3,1,0,1,80,,2,0,0,1,1,52.0,48.0,,,1,1,1,7,1
202100035171,2021-06-12 14:55:00,2021,6,12,14,55,38,38087,Route de Seyssuel,45.579543,4.842659,Plein jour,Hors agglomération,Hors intersection,Normale,Deux véhicules - frontale,4,2,1,0,2,2,1,0,1,80,,2,1,0,1,0,34.0,22.0,,,1,1,1,1,1
202100035172,2021-06-11 19:25:00,2021,6,11,19,25,26,26096,Route de Saint Donat,45.073702,4.935367,Plein jour,Hors agglomération,Intersection en X,Normale,Trois véhicules et plus - en chaîne,3,2,2,0,1,1,1,0,1,80,,9,1,0,2,6,60.0,32.0,,,1,1,2,1,4
202100035173,2021-06-10 17:15:00,2021,6,10,17,15,33,33080,Rue des Marguerites,44.724887,-0.526845,Plein jour,En agglomération,Intersection en T,Normale,Deux véhicules - côté,1,1,1,0,3,1,1,3,1,50,,2,1,0,1,0,57.0,56.0,,,1,2,3,1,3
202100035174,2021-06-11 18:00:00,2021,6,11,18,0,50,50444,Le Mesnil Corbet,49.058706,-0.967431,Plein jour,Hors agglomération,Hors intersection,Normale,Deux véhicules - arrière,3,2,2,0,4,4,1,0,1,80,,2,1,0,0,1,18.0,49.0,,,1,1,1,1,2
202100035175,2021-06-11 16:25:00,2021,6,11,16,25,14,14322,D67,49.253465,-0.70982,Plein jour,Hors agglomération,Hors intersection,Normale,Sans collision,3,-1,2,0,4,4,1,2,1,80,,1,0,0,1,0,16.0,,,,1,1,1,1,7
202100035176,2021-06-11 21:00:00,2021,6,11,21,0,29,29120,Maison Blanche,48.267973,-4.443262,Crépuscule ou aube,Hors agglomération,Intersection en X,Normale,Autre collision,3,3,2,0,3,3,1,9,3,50,,4,0,0,1,3,19.0,,,,2,1,2,1,6
202100035177,2021-06-12 16:40:00,2021,6,12,16,40,76,76060,Rue de l Abbaye,49.6536,1.497444,Plein jour,Hors agglomération,Hors intersection,Normale,Deux véhicules - arrière,3,2,2,0,2,1,1,0,1,80,,2,1,0,1,0,16.0,,,,1,1,1,1,2
202100035178,2021-06-11 18:41:00,2021,6,11,18,41,57,57574,D62,49.481304,6.204835,Plein jour,Hors agglomération,Hors intersection,Normale,Deux véhicules - frontale,3,2,2,0,1,1,1,0,1,80,,2,1,0,1,0,78.0,32.0,,,1,1,1,1,1
202100035179,2021-06-12 09:30:00,2021,6,12,9,30,80,80383,Autoroute A1 PK104+400 vers paris,49.729327,2.781419,Plein jour,Hors agglomération,Hors intersection,Normale,Sans collision,1,3,3,0,1,1,1,0,1,130,,1,0,0,1,0,64.0,,,,1,1,1,1,7
202100035180,2021-06-12 10:15:00,2021,6,12,10,15,59,59036,Rue Vauban,50.1210491381,3.9278431219,Plein jour,En agglomération,Autre intersection,Normale,Autre collision,4,2,2,0,1,3,1,0,1,50,,2,1,0,1,0,64.0,,,,1,2,9,1,6
202100035181,2021-06-11 01:16:00,2021,6,11,1,16,13,13210,Tunnel Prado Carénage,43.28147,5.394819,Nuit avec éclairage allumé,Hors agglomération,Hors intersection,Normale,Sans collision,1,1,1,0,2,3,1,1,1,50,,1,0,0,0,1,30.0,,,,5,1,1,1,7
202100035182,2021-06-10 08:55:00,2021,6,10,8,55,83,83144,A57,43.133949,5.986098,Plein jour,Hors agglomération,Hors intersection,Normale,Trois véhicules et plus - collisions multiples,1,3,4,0,1,1,1,8,1,70,,3,1,0,1,1,57.0,56.0,,,1,1,1,1,5
202100035183,2021-06-11 13:45:00,2021,6,11,13,45,38,38087,A7   20.110 A 22.950,45.57242,4.81118,Plein jour,Hors agglomération,Hors intersection,Normale,Deux véhicules - arrière,1,3,4,0,1,1,1,0,1,110,,3,1,0,0,2,75.0,21.0,,,1,1,1,1,2
202100035184,2021-06-10 20:00:00,2021,6,10,20,0,69,69199,A7   7.000 A 8.630,45.6851728294,4.8467753317,Plein jour,Hors agglomération,Hors intersection,Normale,Trois véhicules et plus - collisions multiples,1,3,6,0,1,1,1,0,1,70,,3,1,0,0,2,39.0,68.0,,,1,1,1,1,5
202100035185,2021-06-10 18:20:00,2021,6,10,18,20,69,69271,N346   38.000 A 38.960,45.7278326784,4.9762701988,Plein jour,Hors agglomération,Hors intersection,Normale,Deux véhicules - côté,2,3,4,0,1,1,1,0,1,90,,2,1,0,0,1,26.0,27.0,,,1,1,1,1,3
202100035186,2021-06-10 08:00:00,2021,6,10,8,0,54,54115,Autoroute A 31,48.6944,6.10526,Plein jour,Hors agglomération,Hors intersection,Normale,Trois véhicules et plus - en chaîne,1,3,3,0,3,1,1,3,1,110,,3,2,0,0,1,25.0,36.0,,,1,1,1,1,4
202100035187,2021-06-11 11:05:00,2021,6,11,11,5,33,33122,,44.746102,-0.701387,Plein jour,Hors agglomération,Hors intersection,Normale,Deux véhicules - côté,1,3,4,0,1,1,1,0,1,110,,2,1,0,0,1,55.0,38.0,,,1,1,1,1,3
202100035188,2021-06-11 17:25:00,2021,6,11,17,25,91,91161,AUTOROUTE A6,48.69813,2.31419,Plein jour,Hors agglomération,Hors intersection,Normale,Trois véhicules et plus - en chaîne,1,1,3,0,1,1,1,0,1,110,,5,3,0,0,2,37.0,46.0,,,1,1,1,1,4
202100035189,2021-06-11 09:15:00,2021,6,11,9,15,91,91645,RN 385,48.7599171513,2.2634703843,Plein jour,Hors agglomération,Hors intersection,Normale,Trois véhicules et plus - en chaîne,2,3,6,0,1,1,1,0,1,90,,3,1,0,1,1,38.0,40.0,,,1,1,1,1,4
202100035190,2021-06-11 13:25:00,2021,6,11,13,25,75,75116,A13W,48.8499411485,2.2526282326,Plein jour,Hors agglomération,Hors intersection,Normale,Trois véhicules et plus - en chaîne,1,1,2,0,1,1,1,0,1,90,,4,3,0,0,1,49.0,21.0,,,1,1,1,1,4
202100035191,2021-06-11 13:25:00,2021,6,11,13,25,78,78297,RN12,48.791367,2.056087,Plein jour,Hors agglomération,Hors intersection,Normale,Trois véhicules et plus - collisions multiples,2,3,4,0,1,1,1,0,1,110,,6,5,0,0,1,46.0,47.0,,,1,1,1,1,5
202100035192,2021-06-11 08:30:00,2021,6,11,8,30,78,78423,N12Y,48.798654,1.999783,Plein jour,Hors agglomération,Hors intersection,Normale,Trois véhicules et plus - en chaîne,2,3,4,0,1,1,1,0,1,90,,4,3,0,0,1,34.0,37.0,,,1,1,1,1,4
202100035193,2021-06-10 18:10:00,2021,6,10,18,10,92,92025,A86,48.9344033326,2.2568908888,Plein jour,Hors agglomération,Hors intersection,Normale,Deux véhicules - côté,1,3,4,0,2,1,1,0,1,90,,2,1,0,0,1,40.0,37.0,,,1,1,1,1,3
202100035194,2021-06-11 21:35:00,2021,6,11,21,35,95,95277, A104,48.97368,2.48573,Plein jour,Hors agglomération,Hors intersection,Normale,Sans collision,1,1,2,0,4,3,1,0,1,70,,1,0,0,0,1,30.0,,,,1,1,1,1,7
202100035195,2021-06-11 09:00:00,2021,6,11,9,0,93,93078,AUTOROUTE A104,48.96803,2.50954,Plein jour,Hors agglomération,Hors intersection,Normale,Autre collision,1,3,7,0,1,1,1,0,1,90,,1,0,0,0,1,25.0,,,,1,1,1,1,6
202100035196,2021-06-11 06:40:00,2021,6,11,6,40,93,93007,AUTOROUTE A1,48.94429,2.43717,Plein jour,Hors agglomération,Hors intersection,Normale,Deux véhicules - arrière,1,3,8,0,1,1,1,0,1,90,,2,1,0,0,1,,21.0,,,1,1,1,1,2
202100035197,2021-06-10 00:00:00,2021,6,10,0,0,95,95582, A15,48.96369,2.26386,Nuit sans éclairage public,Hors agglomération,Hors intersection,Normale,Trois véhicules et plus - collisions multiples,1,3,8,0,1,1,1,0,1,110,,9,3,0,0,6,25.0,30.0,,,3,1,1,1,5
202100035198,2021-06-11 09:20:00,2021,6,11,9,20,94,94017,A4,48.830322896,2.4893496496,Plein jour,Hors agglomération,Autre intersection,Normale,Deux véhicules - côté,1,1,2,0,1,2,1,9,1,50,,2,1,0,0,1,45.0,52.0,,,1,1,9,1,3
202100035199,2021-06-11 07:45:00,2021,6,11,7,45,77,77146,RN104,48.8139923741,2.627040126,Plein jour,Hors agglomération,Hors intersection,Normale,Deux véhicules - côté,2,3,6,0,1,1,1,0,1,90,,2,1,0,0,1,44.0,39.0,,,1,1,1,1,3
202100035200,2021-06-01 09:50:00,2021,6,1,9,50,13,13056,PORT DE BOUC ROUTE DE,43.41048,5.01906,Plein jour,En agglomération,Hors intersection,Normale,Autre collision,4,2,2,0,1,1,1,0,1,50,,2,1,0,1,0,33.0,,,,1,2,1,1,6
202100035201,2021-06-03 16:49:00,2021,6,3,16,49,59,59599,GUISNES (RUE DE),50.724754,3.169893,Plein jour,En agglomération,Intersection en X,Normale,Autre collision,4,1,1,-1,1,1,1,0,1,-1,,4,3,0,0,1,39.0,,,,1,2,2,1,6
202100035202,2021-06-10 10:30:00,2021,6,10,10,30,44,44190,RUE JEAN MERMOZ,47.19954,-1.51863,Plein jour,En agglomération,Hors intersection,Normale,Autre collision,4,2,2,0,1,3,1,0,1,50,,2,1,0,0,1,80.0,,,,1,2,1,1,6
202100035203,2021-06-10 13:20:00,2021,6,10,13,20,42,42095,Boulevard de la Corniche,45.37866,4.28696,Plein jour,En agglomération,Hors intersection,Normale,Autre collision,4,2,2,0,1,1,1,0,4,50,,4,2,0,0,2,75.0,,,,1,2,1,1,6
202100035204,2021-06-10 10:05:00,2021,6,10,10,5,33,33529,,44.63303,-1.14478,Plein jour,En agglomération,Giratoire,Normale,Autre collision,3,2,2,0,1,1,1,0,1,50,,2,1,0,1,0,73.0,,,,1,2,6,1,6
202100035205,2021-06-10 20:40:00,2021,6,10,20,40,75,75118,RUE EUGENE SUE,48.891432,2.347981,Plein jour,En agglomération,Hors intersection,Normale,Autre collision,4,1,1,0,1,1,1,0,1,30,,2,1,0,0,1,31.0,,,,1,2,1,1,6
202100035206,2021-06-10 10:45:00,2021,6,10,10,45,95,95277,AUTOROUTE A3,48.97826,2.49497,Plein jour,Hors agglomération,Hors intersection,Normale,Deux véhicules - côté,1,3,-1,0,1,1,1,0,1,90,,3,1,0,0,2,30.0,46.0,,,1,1,1,1,3
202100035207,2021-06-10 01:38:00,2021,6,10,1,38,76,76259,COUTURIER ( RUE GUSTAVE),49.75426,0.38836,Nuit avec éclairage allumé,En agglomération,Hors intersection,Normale,Autre collision,4,2,2,0,1,1,1,0,1,50,,2,1,0,1,0,,,,,5,2,1,1,6
202100035208,2021-06-10 07:50:00,2021,6,10,7,50,988,98818,VE1 SENS NORD/SUD,-22.25657,166.4487,Plein jour,En agglomération,Hors intersection,Normale,Deux véhicules - arrière,1,3,4,0,1,1,1,0,1,70,,2,1,0,0,1,50.0,55.0,,,1,2,1,1,2
202100035209,2021-06-09 12:15:00,2021,6,9,12,15,988,98818,PROMENADE PIERRE VERNIER,-22.28748,166.45757,Plein jour,En agglomération,Hors intersection,Normale,Deux véhicules - arrière,4,2,2,1,1,1,1,0,5,30,,2,1,0,0,1,60.0,72.0,,,1,2,1,1,2
202100035210,2021-06-09 10:20:00,2021,6,9,10,20,974,97416,HIPPOLYTE  PIOT (RUE),-21.2991,55.45454,Plein jour,En agglomération,Hors intersection,Pluie forte,Deux véhicules - côté,3,2,2,0,1,1,2,0,1,50,,2,1,0,0,1,41.0,17.0,,,1,2,1,3,3
202100035211,2021-06-10 13:40:00,2021,6,10,13,40,974,97411,CHATEL (JEAN),-20.88263,55.45153,Plein jour,En agglomération,Autre intersection,Normale,Deux véhicules - frontale,4,1,2,0,1,1,1,0,8,50,,3,0,0,1,2,19.0,,,,1,2,9,1,1
202100035212,2021-06-10 17:15:00,2021,6,10,17,15,973,97302,A.HENRI(RUE),4.93383,-52.3339,Plein jour,En agglomération,Hors intersection,Normale,Autre collision,4,1,1,0,1,3,1,9,1,30,,2,1,0,0,1,42.0,,,,1,2,1,1,6
202100035213,2021-06-10 22:40:00,2021,6,10,22,40,69,69388,ALBERT THOMAS (CR),45.74555,4.87121,Nuit avec éclairage allumé,En agglomération,Intersection en X,Normale,Deux véhicules - côté,4,2,5,1,1,1,1,0,1,50,,4,3,0,0,1,23.0,23.0,,,5,2,2,1,3
202100035214,2021-06-10 19:00:00,2021,6,10,19,0,69,69387,VIENNE (DE) (RTE),45.742464215,4.850654304,Plein jour,En agglomération,Intersection en X,Normale,Deux véhicules - côté,4,1,2,0,1,1,1,0,1,50,,2,0,0,0,2,23.0,18.0,,,1,2,2,1,3
202100035215,2021-06-10 17:00:00,2021,6,10,17,0,69,69259,CHARLES DE GAULLE (AV),45.71293,4.898562,Plein jour,En agglomération,Autre intersection,Normale,Deux véhicules - côté,7,3,6,0,1,1,1,0,1,50,,2,1,0,0,1,50.0,20.0,,,1,2,9,1,3
202100035216,2021-06-10 15:30:00,2021,6,10,15,30,69,69387,LECLERC (AV),45.74355,4.82965,Plein jour,En agglomération,Autre intersection,Normale,Deux véhicules - côté,4,2,2,3,1,1,1,0,1,50,,2,1,0,0,1,82.0,30.0,,,1,2,9,1,3
202100035217,2021-06-10 14:45:00,2021,6,10,14,45,69,69383,PROFESSEUR PAUL SISLEY (DU) (R),45.75121,4.86859,Plein jour,En agglomération,Intersection en T,Normale,Deux véhicules - côté,4,1,1,2,1,1,1,0,1,50,,2,1,0,0,1,32.0,77.0,,,1,2,3,1,3
202100035218,2021-06-10 20:05:00,2021,6,10,20,5,69,69382,BELLECOUR (PL),45.75878,4.83091,Plein jour,En agglomération,Place,Normale,Deux véhicules - frontale,4,2,2,2,1,1,1,0,1,50,,2,1,0,0,1,25.0,60.0,,,1,2,7,1,1
202100035219,2021-06-09 19:15:00,2021,6,9,19,15,69,69381,CAPUCINS (DES) (R),45.76952,4.83503,Plein jour,En agglomération,Intersection en X,Normale,Deux véhicules - côté,4,1,1,2,1,1,1,0,1,50,,3,1,0,0,2,25.0,25.0,,,1,2,2,1,3
202100035220,2021-06-09 23:45:00,2021,6,9,23,45,69,69385,CHOULANS (DE) (MO),45.7544706211,4.8182195892,Nuit avec éclairage allumé,En agglomération,Hors intersection,Normale,Sans collision,4,3,4,0,2,2,1,0,4,50,,3,0,1,0,2,22.0,,,,5,2,1,1,7
202100035221,2021-06-09 10:50:00,2021,6,9,10,50,95,95428,Rue de l’Eglise,48.985341,2.319594,Plein jour,En agglomération,Hors intersection,Normale,Autre collision,4,1,1,0,4,1,1,0,1,50,,2,1,0,0,1,,,,,1,2,1,1,6
202100035222,2021-06-10 20:20:00,2021,6,10,20,20,95,95637,MEND€S FRANCE (MAIL),49.023534,2.025178,Plein jour,En agglomération,Hors intersection,Normale,Deux véhicules - frontale,4,2,2,0,1,1,1,0,1,50,,2,1,0,0,1,24.0,12.0,,,1,2,1,1,1
202100035223,2021-06-10 13:15:00,2021,6,10,13,15,95,95476,Chaussée Jules César,49.0554319237,2.0564818382,Plein jour,En agglomération,Hors intersection,Normale,Deux véhicules - frontale,4,2,2,0,1,1,1,0,1,50,,2,1,0,0,1,25.0,32.0,,,1,2,1,1,1
202100035224,2021-06-10 13:10:00,2021,6,10,13,10,91,91161,MAZARIN (AVENUE),48.70483,2.31585,Plein jour,En agglomération,Hors intersection,Normale,Autre collision,4,2,2,0,1,1,1,0,1,50,,2,1,0,0,1,85.0,,,,1,2,1,1,6