accident_id,datetime,annee,mois,jour,heure,minute,departement,commune_insee,adresse,latitude,longitude,luminosite,agglomeration,intersection,meteo,collision,catr,circ,nbv,vosp,prof,plan,surf,infra,situ,vma,nb_vehicules,nb_usagers,nb_indemnes,nb_tues,nb_blesses_hosp,nb_blesses_legers,age_cond_1,age_cond_2,veh_type_cond_1,veh_type_cond_2,lum_code,agg_code,int_code,atm_code,col_code
202100035225,2021-06-10 17:30:00,2021,6,10,17,30,91,91687,DUPARCHY (RUE),48.67038,2.36556,Plein jour,En agglomération,Hors intersection,Normale,Autre collision,4,2,2,0,1,1,1,0,1,50,,2,1,0,0,1,,,,,1,2,1,1,6
202100035226,2021-06-10 08:50:00,2021,6,10,8,50,91,91479,RTE DE FONTAINEBLEAU,48.71032,2.3712,Plein jour,En agglomération,Intersection en T,Normale,Deux véhicules - côté,3,2,6,0,1,1,1,0,1,50,,2,1,0,0,1,27.0,46.0,,,1,2,3,1,3
202100035227,2021-06-10 00:55:00,2021,6,10,0,55,91,91027,AV FRANCOIS MITTERRAND,48.71611,2.37095,Nuit avec éclairage allumé,En agglomération,Intersection en T,Normale,Deux véhicules - côté,3,-1,2,0,1,1,1,0,1,50,,4,3,0,1,0,28.0,47.0,,,5,2,3,1,3
202100035228,2021-06-09 17:43:00,2021,6,9,17,43,88,88424,AVENUE DU GENERAL DE GAULLE,48.2709995596,6.9727912545,Plein jour,En agglomération,Hors intersection,Temps éblouissant,Autre collision,3,2,2,0,1,1,1,9,8,50,,2,1,0,1,0,49.0,,,,1,2,1,7,6
202100035229,2021-06-09 16:10:00,2021,6,9,16,10,87,87085,GAMBETTA (BOULEVARD),45.82746,1.25925,Plein jour,En agglomération,Hors intersection,Normale,Autre collision,4,2,4,0,2,1,1,0,1,50,,2,1,0,1,0,27.0,,,,1,2,1,1,6
202100035230,2021-06-09 20:08:00,2021,6,9,20,8,87,87085,GARIBALDI (AVENUE),45.83519,1.26051,Plein jour,En agglomération,Intersection en X,Normale,Deux véhicules - côté,4,3,2,0,1,1,1,0,1,50,,2,1,0,0,1,45.0,52.0,,,1,2,2,1,3
202100035231,2021-06-08 17:55:00,2021,6,8,17,55,87,87085,GROSSEREIX (ROND POINT DE),45.89366,1.29358,Plein jour,Hors agglomération,Intersection en X,Normale,Deux véhicules - arrière,1,1,2,0,1,1,1,5,1,70,,2,0,0,0,2,39.0,21.0,,,1,1,2,1,2
202100035232,2021-06-08 19:13:00,2021,6,8,19,13,87,87085,BRACHAUD (AVENUE DE),45.87634,1.28752,Plein jour,En agglomération,Hors intersection,Normale,Autre collision,1,2,2,0,1,2,1,0,1,50,,1,0,0,0,1,17.0,,,,1,2,1,1,6
202100035233,2021-06-09 12:15:00,2021,6,9,12,15,86,86194,Rue de la Gibauderie,46.54873,0.39116,Plein jour,En agglomération,Hors intersection,Temps éblouissant,Deux véhicules - frontale,4,2,2,0,1,2,1,0,1,90,,2,1,0,1,0,54.0,19.0,,,1,2,1,7,1
202100035234,2021-06-09 11:40:00,2021,6,9,11,40,84,84007,TARASCON ( Avenue de),43.9273412,4.8094444,Plein jour,En agglomération,Hors intersection,Normale,Sans collision,4,2,2,0,1,1,1,0,1,50,,1,0,0,1,0,43.0,,,,1,2,1,1,7
202100035235,2021-06-10 16:45:00,2021,6,10,16,45,83,83137,15EME CORPS (AVE DU),43.12814,5.90846,Plein jour,En agglomération,Hors intersection,Normale,Autre collision,3,2,1,0,1,1,1,0,1,50,,2,1,0,0,1,90.0,,,,1,2,1,1,6
202100035236,2021-06-09 16:20:00,2021,6,9,16,20,83,83129,BOUILIBAYE (CHE DE),43.091913,5.83552,Plein jour,En agglomération,Hors intersection,Normale,Deux véhicules - côté,4,2,2,0,1,1,1,0,1,30,,2,1,0,1,0,49.0,74.0,,,1,2,1,1,3
202100035237,2021-06-09 17:45:00,2021,6,9,17,45,83,83069,RITORTE (CHEMIN DE LA),43.1252,6.141141,Plein jour,En agglomération,Hors intersection,Normale,Deux véhicules - arrière,4,2,2,0,2,2,1,0,3,30,,5,0,0,0,5,19.0,,,,1,2,1,1,2
202100035238,2021-06-09 18:00:00,2021,6,9,18,0,79,79191,Rue de Ribray,46.32306,-0.46741,Plein jour,En agglomération,Giratoire,Normale,Deux véhicules - côté,3,2,2,0,1,1,1,0,1,30,,2,1,0,0,1,19.0,48.0,,,1,2,6,1,3
202100035239,2021-06-10 15:30:00,2021,6,10,15,30,78,78311,HENRI BARBUSSE (BOULEVARD) 44-174,48.93298,2.18062,Plein jour,En agglomération,Hors intersection,Normale,Autre collision,3,3,2,0,1,1,1,0,1,50,,1,0,1,0,0,53.0,,,,1,2,1,1,6
202100035240,2021-05-28 18:50:00,2021,5,28,18,50,78,78354,AVENUE DE L EUROPE,48.970533,1.685564,Plein jour,En agglomération,Hors intersection,Normale,Autre collision,3,2,2,0,1,1,1,0,1,50,,2,1,0,1,0,41.0,,,,1,2,1,1,6
202100035241,2021-06-09 17:45:00,2021,6,9,17,45,76,76351,LENINGRAD (BD DE),49.5002,0.17088,Plein jour,En agglomération,Hors intersection,Normale,Deux véhicules - arrière,4,3,4,0,1,1,1,0,1,50,,2,1,0,0,1,26.0,43.0,,,1,2,1,1,2
202100035242,2021-06-10 17:45:00,2021,6,10,17,45,74,74012,TOURNELLES (RUE DES),46.19729,6.24265,Plein jour,En agglomération,Hors intersection,Normale,Deux véhicules - côté,4,2,2,0,1,1,1,0,1,50,,3,1,0,0,2,17.0,12.0,,,1,2,1,1,3
202100035243,2021-05-18 08:00:00,2021,5,18,8,0,73,73065,N201 VRU,45.57016,5.9389,Plein jour,Hors agglomération,Hors intersection,Normale,Deux véhicules - arrière,2,3,7,0,1,1,1,0,1,90,,2,1,0,1,0,41.0,35.0,,,1,1,1,1,2
202100035244,2021-06-09 16:20:00,2021,6,9,16,20,72,72003,ARGENTON (RUE D'),47.965,0.1536,Plein jour,En agglomération,Hors intersection,Normale,Autre collision,4,2,2,0,1,1,1,0,1,50,,1,0,0,0,1,26.0,,,,1,2,1,1,6
202100035245,2021-06-10 18:25:00,2021,6,10,18,25,69,69266,ANTONIN PERRIN  (R),45.75728,4.88524,Plein jour,En agglomération,Hors intersection,Normale,Sans collision,4,2,2,0,1,1,1,0,1,50,,2,0,0,0,2,39.0,,,,1,2,1,1,7
202100035246,2021-06-10 18:50:00,2021,6,10,18,50,69,69266,EMILE ZOLA (CR),45.769184414,4.8814272881,Plein jour,En agglomération,Intersection en T,Temps éblouissant,Deux véhicules - frontale,4,2,2,2,1,1,1,6,1,50,,2,1,0,0,1,59.0,,,,1,2,3,7,1
202100035247,2021-06-09 07:30:00,2021,6,9,7,30,69,69266,D383,45.75318,4.90828,Plein jour,En agglomération,Hors intersection,Normale,Autre collision,7,1,1,0,1,1,1,3,1,50,,1,0,1,0,0,52.0,,,,1,2,1,1,6
202100035248,2021-06-09 20:40:00,2021,6,9,20,40,64,64102,rond point du Cadran,43.48357,-1.50199,Plein jour,En agglomération,Giratoire,Normale,Deux véhicules - côté,3,2,2,0,1,2,1,3,1,50,,2,1,0,0,1,18.0,,,,1,2,6,1,3
202100035249,2021-06-10 09:18:00,2021,6,10,9,18,63,63113,JAURES (BD JEAN),45.76784,3.08191,Plein jour,En agglomération,Hors intersection,Normale,Deux véhicules - arrière,4,1,3,2,1,1,1,0,1,50,,2,1,0,0,1,74.0,30.0,,,1,2,1,1,2
202100035250,2021-06-09 16:20:00,2021,6,9,16,20,63,63032,Romagnat (Route de),45.7483460677,3.0935311695,Plein jour,En agglomération,Hors intersection,Normale,Deux véhicules - arrière,7,1,1,0,1,1,1,0,1,50,,2,1,0,0,1,48.0,32.0,,,1,2,1,1,2
202100035251,2021-05-06 19:30:00,2021,5,6,19,30,62,62065,HELLE CHARLES,50.401042,2.836931,Crépuscule ou aube,En agglomération,Intersection en T,Temps couvert,Deux véhicules - côté,4,2,2,0,1,1,2,0,1,50,,3,1,0,1,1,51.0,23.0,,,2,2,3,8,3
202100035252,2021-06-10 00:30:00,2021,6,10,0,30,59,59392,CHARLES DE GAULLE (BOULEVARD),50.28239,3.97926,Nuit avec éclairage allumé,En agglomération,Hors intersection,Normale,Autre collision,3,1,4,0,2,3,1,0,1,70,,3,0,0,1,2,29.0,,,,5,2,1,1,6
202100035253,2021-06-10 17:00:00,2021,6,10,17,0,59,59378,DELATTRE DE TASSIGNY AV DU MAL,50.67191,3.09135,Plein jour,En agglomération,Hors intersection,Normale,Autre collision,4,2,2,0,1,2,1,0,1,50,,2,1,0,0,1,,,,,1,2,1,1,6
202100035254,2021-06-09 10:47:00,2021,6,9,10,47,56,56260,CLISCOUET (GIRATOIRE),47.63992,-2.7693,Plein jour,En agglomération,Giratoire,Normale,Deux véhicules - côté,4,1,1,0,3,1,1,5,1,50,,2,1,0,1,0,45.0,35.0,,,1,2,6,1,3
202100035255,2021-06-10 02:40:00,2021,6,10,2,40,56,56107,D29,47.71769,-3.38379,Nuit avec éclairage allumé,En agglomération,Giratoire,Normale,Autre collision,3,3,4,0,1,3,1,5,1,70,,4,0,0,0,4,21.0,,,,5,2,6,1,6
202100035256,2021-06-09 09:35:00,2021,6,9,9,35,54,54184,SOIXANTE NEUVIEME R.I. (AVENUE DU),48.7122736653,6.2482729554,Plein jour,Hors agglomération,Intersection en X,Normale,Deux véhicules - côté,7,1,1,0,1,3,1,9,1,50,,3,2,0,0,1,21.0,72.0,,,1,1,2,1,3
202100035257,2021-06-09 09:15:00,2021,6,9,9,15,54,54261,21 rue Blanche de Castille,49.517,5.7757,Plein jour,En agglomération,Hors intersection,Normale,Autre collision,4,2,-1,0,2,1,1,0,1,30,,2,1,1,0,0,27.0,,,,1,2,1,1,6
202100035258,2021-06-09 19:14:00,2021,6,9,19,14,49,49246,SAINT JEAN DE LA CROIX LEVEE,47.4173832662,-0.5431301976,Plein jour,En agglomération,Hors intersection,Normale,Deux véhicules - côté,3,2,2,0,1,2,1,0,1,70,,2,1,0,0,1,25.0,42.0,,,1,2,1,1,3
202100035259,2021-06-09 18:37:00,2021,6,9,18,37,49,49007,MONTESQUIEU PASSAGE,47.47237,-0.58449,Plein jour,En agglomération,Hors intersection,Normale,Deux véhicules - arrière,4,2,2,0,1,1,1,0,1,50,,2,1,0,0,1,49.0,18.0,,,1,2,1,1,2
202100035260,2021-06-09 13:30:00,2021,6,9,13,30,44,44109,BOULEVARD MARTIN LUTHER KING,47.25954,-1.55736,Plein jour,En agglomération,Hors intersection,Normale,Deux véhicules - côté,4,3,2,3,1,1,1,0,1,50,,2,1,0,1,0,50.0,21.0,,,1,2,1,1,3
202100035261,2021-06-09 21:30:00,2021,6,9,21,30,37,37122,VAUX (ROUTE DES),47.3454729838,0.6484669447,Crépuscule ou aube,En agglomération,Hors intersection,Normale,Sans collision,4,2,2,0,1,2,1,0,4,50,,2,0,0,0,2,20.0,,,,2,2,1,1,7
202100035262,2021-06-09 19:45:00,2021,6,9,19,45,37,37261,GRAMMONT (AVENUE DE),47.38731,0.69002,Plein jour,En agglomération,Hors intersection,Normale,Autre collision,4,2,4,3,1,1,1,0,1,50,,2,1,0,0,1,16.0,39.0,,,1,2,1,1,6
202100035263,2021-06-09 15:30:00,2021,6,9,15,30,37,37261,EUROPE (AVENUE DE L'),47.4229082677,0.6857040524,Plein jour,En agglomération,Intersection en X,Normale,Autre collision,4,2,2,0,1,1,1,0,1,50,,2,1,0,1,0,17.0,24.0,,,1,2,2,1,6
202100035264,2021-06-09 13:29:00,2021,6,9,13,29,37,37233,JAURES (RUE JEAN),47.3899750814,0.7259827852,Plein jour,En agglomération,Intersection en X,Normale,Autre collision,4,2,2,0,1,1,1,0,1,50,,2,1,0,1,0,29.0,68.0,,,1,2,2,1,6
202100035265,2021-06-10 02:30:00,2021,6,10,2,30,34,34172,JUSTICE DE CASTELNAU (AVENUE DE LA),43.6268,3.8896,Nuit avec éclairage allumé,En agglomération,Intersection en X,Normale,Deux véhicules - côté,4,-1,2,0,1,1,1,0,1,50,,3,1,0,0,2,28.0,31.0,,,5,2,2,1,3
202100035266,2021-06-09 18:15:00,2021,6,9,18,15,34,34172,MENDES FRANCE (AVENUE PRESIDENT PIERRE,43.6075,3.92367,Plein jour,En agglomération,Hors intersection,Normale,Trois véhicules et plus - en chaîne,7,3,2,0,1,1,1,0,1,70,,3,2,0,0,1,44.0,47.0,,,1,2,1,1,4
202100035267,2021-06-10 10:25:00,2021,6,10,10,25,34,34003,CONTREBANDIERS (AVENUE DES),43.290232,3.51271,Plein jour,En agglomération,Hors intersection,Normale,Autre collision,4,1,1,0,1,1,1,0,1,30,,2,1,0,1,0,64.0,,,,1,2,1,1,6
202100035268,2021-06-09 21:00:00,2021,6,9,21,0,33,33249,Avenue de Paris,44.87964,-0.51154,Crépuscule ou aube,En agglomération,Giratoire,Normale,Deux véhicules - côté,4,3,2,1,1,1,1,0,1,50,,2,1,0,1,0,37.0,72.0,,,2,2,6,1,3
202100035269,2021-06-10 22:30:00,2021,6,10,22,30,33,33063,Rue Pasteur,44.84658,-0.63015,Nuit avec éclairage allumé,En agglomération,Hors intersection,Normale,Autre collision,4,2,2,2,1,1,1,-1,1,50,,2,0,0,0,2,53.0,,,,5,2,1,1,6
202100035270,2021-06-10 15:00:00,2021,6,10,15,0,33,33162,Avenue Jean Mermoz,44.86972,-0.66239,Plein jour,En agglomération,Intersection en T,Normale,Deux véhicules - côté,4,2,2,1,2,2,1,5,1,50,,2,1,0,0,1,53.0,53.0,,,1,2,3,1,3
202100035271,2021-06-10 08:40:00,2021,6,10,8,40,33,33281,Avenue d’Arès,44.83863,-0.61874,Plein jour,En agglomération,Intersection en X,Normale,Autre collision,4,2,2,2,1,1,1,0,1,50,,2,1,0,0,1,26.0,,,,1,2,2,1,6
202100035272,2021-06-10 15:00:00,2021,6,10,15,0,33,33009,Allée Charles-Marie Leconte de Lisle,44.64829,-1.17979,Plein jour,En agglomération,Hors intersection,Normale,Autre collision,4,2,2,0,1,1,1,0,1,50,,1,0,0,0,1,95.0,,,,1,2,1,1,6
202100035273,2021-06-09 18:25:00,2021,6,9,18,25,31,31555,EISENHOWER (AVENUE DU GENERAL),43.55994,1.39488,Plein jour,En agglomération,Hors intersection,Normale,Deux véhicules - côté,4,2,4,0,1,1,1,8,1,50,,2,1,0,1,0,,35.0,,,1,2,1,1,3
202100035274,2021-06-10 12:30:00,2021,6,10,12,30,30,30028,MAIL (AVENUE DU),44.16667,4.61667,Plein jour,En agglomération,Hors intersection,Normale,Autre collision,4,2,2,0,2,1,1,0,1,50,,2,1,0,1,0,24.0,48.0,,,1,2,1,1,6
202100035275,2021-06-08 07:08:00,2021,6,8,7,8,29,29019,Rue Alain Colas,48.39087,-4.44466,Plein jour,En agglomération,Hors intersection,Normale,Deux véhicules - côté,4,2,2,0,1,1,1,0,5,50,,2,1,0,0,1,24.0,58.0,,,1,2,1,1,3
202100035276,2021-06-09 12:15:00,2021,6,9,12,15,29,29019,Place de la Liberté,48.3902,-4.4856,Plein jour,En agglomération,Place,Temps couvert,Deux véhicules - côté,4,1,2,0,1,1,1,5,1,30,,2,1,0,0,1,39.0,55.0,,,1,2,7,8,3
202100035277,2021-06-10 18:23:00,2021,6,10,18,23,28,28085,CONTE (AVENUE NICOLAS),48.45597,1.54246,Plein jour,En agglomération,Hors intersection,Normale,Deux véhicules - côté,3,-1,0,0,1,1,1,0,1,50,,2,1,0,0,1,41.0,52.0,,,1,2,1,1,3
202100035278,2021-06-05 16:35:00,2021,6,5,16,35,28,28110,ROUTE NATIONALE 123,48.42613,1.51412,Plein jour,Hors agglomération,Hors intersection,Normale,Deux véhicules - côté,2,1,2,0,2,1,1,0,1,90,,2,1,0,0,1,40.0,,,,1,1,1,1,3
202100035279,2021-06-10 14:25:00,2021,6,10,14,25,26,26362,35 Rue Guiseppe Verdi,44.929747,4.921044,Plein jour,En agglomération,Intersection en T,Normale,Deux véhicules - côté,4,2,2,1,1,1,1,0,1,50,,2,1,0,1,0,24.0,17.0,,,1,2,3,1,3
202100035280,2021-06-09 13:10:00,2021,6,9,13,10,19,19272,La Lunade (Bd),45.2653072943,1.7817109673,Plein jour,En agglomération,Hors intersection,Normale,Autre collision,4,2,2,0,1,1,1,0,1,30,,2,0,0,0,2,17.0,,,,1,2,1,1,6
202100035281,2021-06-09 12:20:00,2021,6,9,12,20,17,17461,DE GAULLE (BOULEVARD DU GAL),45.647882,-1.061269,Plein jour,En agglomération,Intersection en X,Normale,Deux véhicules - frontale,4,2,2,0,1,1,1,0,1,50,,2,1,0,0,1,59.0,81.0,,,1,2,2,1,1
202100035282,2021-06-10 20:06:00,2021,6,10,20,6,17,17300,LECLERC   AVENUE DU GENERAL,46.162924,-1.163298,Plein jour,En agglomération,Hors intersection,Normale,Autre collision,4,2,2,0,1,1,1,6,1,30,,2,1,0,0,1,80.0,,,,1,2,1,1,6
202100035283,2021-06-09 17:10:00,2021,6,9,17,10,13,13039,ROUTE NATIONALE 569,43.48049,4.95995,Plein jour,Hors agglomération,Hors intersection,Temps éblouissant,Deux véhicules - frontale,2,2,2,0,1,1,1,0,1,80,,2,0,0,1,1,33.0,24.0,,,1,1,1,7,1
202100035284,2021-06-10 21:40:00,2021,6,10,21,40,13,13210,JEAN MOULIN (BOULEVARD),43.28653,5.39957,Crépuscule ou aube,En agglomération,Hors intersection,Normale,Deux véhicules - arrière,4,2,6,0,1,1,1,0,1,50,,3,2,0,0,1,23.0,,,,2,2,1,1,2
202100035285,2021-06-10 20:29:00,2021,6,10,20,29,13,13211,SAINT LOUP (BOULEVARD DE),43.2836405304,5.4345423155,Plein jour,En agglomération,Hors intersection,Normale,Deux véhicules - côté,4,2,2,0,1,1,1,0,1,50,,2,0,0,1,1,78.0,26.0,,,1,2,1,1,3
202100035286,2021-06-10 21:25:00,2021,6,10,21,25,13,13209,MARÉCHAL DE LATTRE (AVENUE),43.25056,5.40378,Nuit avec éclairage allumé,En agglomération,Hors intersection,Normale,Deux véhicules - arrière,7,2,2,0,1,1,1,0,1,50,,2,1,0,0,1,25.0,26.0,,,5,2,1,1,2
202100035287,2021-06-09 19:15:00,2021,6,9,19,15,13,13213,CROIX ROUGE (AVENUE),43.3311,5.43203,Plein jour,En agglomération,Hors intersection,Normale,Trois véhicules et plus - collisions multiples,7,2,2,0,1,1,1,0,1,50,,3,1,0,0,2,32.0,22.0,,,1,2,1,1,5
202100035288,2021-06-10 10:45:00,2021,6,10,10,45,13,13213,LÉON D' ASTROS (RUE),43.33378,5.43636,Plein jour,En agglomération,Hors intersection,Normale,Deux véhicules - côté,7,1,1,0,1,1,1,0,1,30,,2,1,0,0,1,,,,,1,2,1,1,3
202100035289,2021-06-10 11:00:00,2021,6,10,11,0,13,13208,PIERRE GUERRE (ROND-POINT),43.2505040214,5.3891343981,Plein jour,En agglomération,Giratoire,Normale,Deux véhicules - côté,4,2,-1,0,1,2,2,0,1,50,,2,1,0,0,1,39.0,78.0,,,1,2,6,1,3
202100035290,2021-06-10 07:45:00,2021,6,10,7,45,13,13208,ROUET (RUE DU),43.2761411456,5.3949921909,Plein jour,En agglomération,Intersection en T,Normale,Deux véhicules - côté,4,2,0,0,2,1,1,0,1,50,,2,1,0,0,1,52.0,62.0,,,1,2,3,1,3
202100035291,2021-06-10 18:05:00,2021,6,10,18,5,11,11069,MONTREAL -ROUTE DE -,43.2124,2.3137,Plein jour,En agglomération,Hors intersection,Normale,Deux véhicules - frontale,3,2,3,0,1,1,1,0,1,70,,3,0,0,0,3,35.0,79.0,,,1,2,1,1,1
202100035292,2021-06-09 09:35:00,2021,6,9,9,35,10,10333,AUXERRE (ROUTE),48.276852,4.063405,Plein jour,En agglomération,Intersection en X,Normale,Deux véhicules - côté,3,2,2,0,1,1,1,0,1,50,,3,2,0,0,1,68.0,46.0,,,1,2,2,1,3
202100035293,2021-06-08 12:30:00,2021,6,8,12,30,07,07281,,44.93991,4.85792,Plein jour,En agglomération,Hors intersection,Normale,Autre collision,4,1,1,0,1,3,1,0,1,70,,1,0,0,0,1,17.0,,,,1,2,1,1,6
202100035294,2021-06-10 10:10:00,2021,6,10,10,10,06,06088,PELLOS (R. FRANCOIS),43.71061,7.26484,Plein jour,En agglomération,Hors intersection,Normale,Autre collision,4,2,2,0,1,1,1,0,1,50,,2,1,0,0,1,27.0,,,,1,2,1,1,6
202100035295,2021-06-10 18:50:00,2021,6,10,18,50,06,06069,ZOLA (BOULEVARD EMILE),43.653124,6.918171,Plein jour,En agglomération,Hors intersection,Normale,Deux véhicules - côté,3,2,1,0,1,1,1,0,1,30,,2,1,0,0,1,19.0,35.0,,,1,2,1,1,3
202100035296,2021-06-10 13:30:00,2021,6,10,13,30,06,06069,PROVENCE (AVENUE DE),43.655331,6.922825,Plein jour,En agglomération,Hors intersection,Normale,Autre collision,4,2,2,0,2,3,1,9,8,50,,2,1,0,0,1,54.0,,,,1,2,1,1,6
202100035297,2021-06-09 18:00:00,2021,6,9,18,0,06,06069,ROUQUIER (BOULEVARD EMMANUEL),43.637783,6.941203,Plein jour,En agglomération,Autre intersection,Normale,Deux véhicules - arrière,4,3,2,0,2,1,1,0,8,30,,3,2,0,0,1,51.0,45.0,,,1,2,9,1,2
202100035298,2021-06-10 14:10:00,2021,6,10,14,10,06,06027,NICE AVENUE DE (RN7),43.66373,7.14882,Plein jour,En agglomération,Autre intersection,Normale,Autre collision,7,2,2,0,1,1,1,0,4,50,,2,1,0,0,1,32.0,,,,1,2,9,1,6
202100035299,2021-06-03 18:48:00,2021,6,3,18,48,03,03095,Boulevard du Bicentenaire,46.14097,3.44475,Plein jour,En agglomération,Giratoire,Normale,Deux véhicules - côté,3,2,-1,0,1,1,1,0,1,50,,2,1,0,1,0,56.0,43.0,,,1,2,6,1,3
202100035300,2021-06-10 19:20:00,2021,6,10,19,20,75,75120,RUE D AVRON,48.851992,2.402134,Plein jour,En agglomération,Hors intersection,Normale,Deux véhicules - côté,4,2,2,0,1,1,1,0,1,50,,2,1,0,1,0,27.0,20.0,,,1,2,1,1,3
202100035301,2021-06-10 14:20:00,2021,6,10,14,20,75,75120,RUE DE BAGNOLET,48.863356,2.40734,Plein jour,En agglomération,Hors intersection,Normale,Autre collision,4,2,3,0,1,1,1,0,1,50,,2,1,0,0,1,26.0,,,,1,2,1,1,6
202100035302,2021-06-10 07:35:00,2021,6,10,7,35,75,75120,RUE DU COMMANDANT L HERMINIER,48.84671,2.415866,Plein jour,En agglomération,Intersection en X,Normale,Deux véhicules - côté,4,2,4,0,1,1,1,0,1,30,,2,1,0,0,1,32.0,40.0,,,1,2,2,1,3
202100035303,2021-06-10 15:35:00,2021,6,10,15,35,75,75119,RUE CURIAL,48.892066,2.372568,Plein jour,En agglomération,Intersection en T,Normale,Deux véhicules - côté,4,2,2,0,1,1,1,0,1,50,,2,1,0,0,1,31.0,35.0,,,1,2,3,1,3
202100035304,2021-06-10 09:14:00,2021,6,10,9,14,75,75119,RUE DE MEAUX,48.881259,2.373251,Plein jour,En agglomération,Intersection en X,Normale,Deux véhicules - côté,4,1,2,0,1,1,1,0,1,50,,2,1,0,0,1,,32.0,,,1,2,2,1,3
202100035305,2021-06-09 15:27:00,2021,6,9,15,27,75,75118,BOULEVARD NEY,48.897532,2.328949,Plein jour,En agglomération,Intersection en X,Normale,Deux véhicules - côté,4,3,3,0,1,1,1,0,1,50,,3,1,0,1,1,24.0,54.0,,,1,2,2,1,3
202100035306,2021-06-10 10:55:00,2021,6,10,10,55,75,75117,AVENUE DE LA GRANDE ARMEE,48.874715,2.292098,Plein jour,En agglomération,Hors intersection,Normale,Autre collision,4,2,8,0,1,1,1,0,1,50,,1,0,0,1,0,34.0,,,,1,2,1,1,6
202100035307,2021-06-10 17:20:00,2021,6,10,17,20,75,75116,AVENUE DE MALAKOFF,48.8754878239,2.2838689687,Plein jour,En agglomération,Hors intersection,Normale,Autre collision,4,2,2,0,1,1,1,0,1,50,,3,1,0,0,2,28.0,,,,1,2,1,1,6
202100035308,2021-06-10 14:50:00,2021,6,10,14,50,75,75116,AVENUE MARCEAU,48.868548,2.298928,Plein jour,En agglomération,Intersection en Y,Normale,Deux véhicules - côté,4,2,6,3,1,1,1,0,6,50,,2,1,0,0,1,52.0,43.0,,,1,2,4,1,3
202100035309,2021-06-09 20:15:00,2021,6,9,20,15,75,75116,AVENUE VICTOR HUGO,48.870809,2.288074,Plein jour,En agglomération,Intersection en T,Normale,Deux véhicules - frontale,4,2,2,0,1,1,1,0,1,50,,2,1,0,0,1,20.0,62.0,,,1,2,3,1,1
202100035310,2021-06-09 11:00:00,2021,6,9,11,0,75,75116,ROUTE DES TRIBUNES,48.857593,2.228651,Plein jour,En agglomération,Hors intersection,Normale,Deux véhicules - arrière,4,2,4,1,1,1,1,0,5,30,,2,1,0,0,1,56.0,65.0,,,1,2,1,1,2
202100035311,2021-06-10 21:30:00,2021,6,10,21,30,75,75115,QUAI ANDRE CITROEN,48.843651,2.2746,Crépuscule ou aube,En agglomération,Hors intersection,Normale,Sans collision,4,2,2,1,1,3,1,0,5,30,,1,0,0,0,1,32.0,,,,2,2,1,1,7
202100035312,2021-06-10 19:30:00,2021,6,10,19,30,75,75115,RUE CAMBRONNE,48.845846,2.30198,Plein jour,En agglomération,Hors intersection,Normale,Autre collision,4,2,2,0,1,1,1,0,1,50,,3,2,0,1,0,51.0,,,,1,2,1,1,6
202100035313,2021-06-10 09:40:00,2021,6,10,9,40,75,75115,AVENUE EMILE ZOLA,48.847018,2.295239,Plein jour,En agglomération,Hors intersection,Normale,Autre collision,4,2,2,0,1,1,1,0,1,50,,2,1,0,0,1,43.0,,,,1,2,1,1,6
202100035314,2021-06-09 13:15:00,2021,6,9,13,15,75,75114,BOULEVARD SAINT JACQUES,48.832904,2.336474,Plein jour,En agglomération,Hors intersection,Normale,Autre collision,4,3,3,0,1,1,1,0,1,50,,2,1,0,0,1,,,,,1,2,1,1,6
202100035315,2021-06-10 18:15:00,2021,6,10,18,15,75,75113,AVENUE DE CHOISY,48.827262,2.359087,Plein jour,En agglomération,Intersection en T,Normale,Deux véhicules - arrière,4,2,3,0,1,1,1,0,1,50,,3,1,0,0,2,22.0,49.0,,,1,2,3,1,2
202100035316,2021-06-10 11:25:00,2021,6,10,11,25,75,75113,RUE DU DOCTEUR BOURNEVILLE,48.818491,2.358504,Plein jour,En agglomération,Hors intersection,Normale,Autre collision,4,1,1,0,1,1,1,6,4,50,,2,0,0,0,2,17.0,,,,1,2,1,1,6
202100035317,2021-06-10 20:55:00,2021,6,10,20,55,75,75112,AVENUE DE SAINT MAURICE,48.825304,2.419979,Plein jour,En agglomération,Hors intersection,Normale,Autre collision,4,2,2,0,1,1,1,0,1,50,,1,0,0,0,1,32.0,,,,1,2,1,1,6
202100035318,2021-06-10 20:40:00,2021,6,10,20,40,75,75112,ROUTE SAINT HUBERT,48.827307,2.449919,Plein jour,En agglomération,Hors intersection,Normale,Deux véhicules - côté,4,1,1,0,1,1,1,0,1,50,,2,1,0,0,1,17.0,,,,1,2,1,1,3
202100035319,2021-06-09 11:25:00,2021,6,9,11,25,75,75112,RUE DE CHARENTON,48.837307,2.39123,Plein jour,En agglomération,Intersection en X,Normale,Deux véhicules - côté,4,2,4,0,1,1,1,0,1,50,,2,1,0,0,1,35.0,36.0,,,1,2,2,1,3
202100035320,2021-06-10 20:28:00,2021,6,10,20,28,75,75110,RUE DE CHABROL,48.877359,2.349632,Crépuscule ou aube,En agglomération,Intersection en X,Normale,Deux véhicules - côté,4,2,2,0,2,1,1,0,1,30,,2,1,0,0,1,29.0,60.0,,,2,2,2,1,3
202100035321,2021-06-10 18:25:00,2021,6,10,18,25,75,75110,PLACE DE LA BATAILLE DE STALINGRAD,48.883861,2.368563,Plein jour,En agglomération,Intersection en X,Normale,Autre collision,4,3,3,0,1,1,1,0,1,50,,2,1,0,0,1,41.0,,,,1,2,2,1,6
202100035322,2021-06-10 13:45:00,2021,6,10,13,45,75,75110,RUE BICHAT,48.871052,2.368345,Plein jour,En agglomération,Hors intersection,Normale,Deux véhicules - côté,4,1,1,0,1,1,1,0,1,30,,2,1,0,0,1,26.0,26.0,,,1,2,1,1,3