accident_id,datetime,annee,mois,jour,heure,minute,departement,commune_insee,adresse,latitude,longitude,luminosite,agglomeration,intersection,meteo,collision,catr,circ,nbv,vosp,prof,plan,surf,infra,situ,vma,nb_vehicules,nb_usagers,nb_indemnes,nb_tues,nb_blesses_hosp,nb_blesses_legers,age_cond_1,age_cond_2,veh_type_cond_1,veh_type_cond_2,lum_code,agg_code,int_code,atm_code,col_code
202100035323,2021-06-10 09:25:00,2021,6,10,9,25,75,75110,RUE DE ROCROY,48.880807,2.351175,Plein jour,En agglomération,Intersection en X,Normale,Deux véhicules - côté,4,1,1,0,1,1,1,0,1,30,,2,1,0,0,1,57.0,56.0,,,1,2,2,1,3
202100035324,2021-06-10 13:52:00,2021,6,10,13,52,75,75107,PONT ALEXANDRE III,48.863329,2.313498,Plein jour,En agglomération,Hors intersection,Normale,Trois véhicules et plus - en chaîne,4,2,7,0,1,1,1,2,1,50,,4,0,0,0,4,40.0,38.0,,,1,2,1,1,4
202100035325,2021-06-10 09:49:00,2021,6,10,9,49,75,75108,COURS ALBERT 1ER,48.864267,2.303035,Plein jour,En agglomération,Hors intersection,Normale,Deux véhicules - côté,4,3,3,0,1,1,1,0,1,50,,2,1,0,0,1,29.0,25.0,,,1,2,1,1,3
202100035326,2021-06-09 23:40:00,2021,6,9,23,40,75,75108,BOULEVARD HAUSSMANN,48.874567,2.321214,Nuit avec éclairage allumé,En agglomération,Hors intersection,Normale,Deux véhicules - arrière,4,1,3,0,1,1,1,0,1,50,,2,1,0,0,1,22.0,31.0,,,5,2,1,1,2
202100035327,2021-06-09 23:40:00,2021,6,9,23,40,75,75108,PLACE DE LA CONCORDE,48.866795,2.322074,Nuit avec éclairage allumé,En agglomération,Place,Normale,Deux véhicules - côté,4,1,8,0,1,1,1,0,1,50,,2,1,0,0,1,69.0,75.0,,,5,2,7,1,3
202100035328,2021-06-09 23:33:00,2021,6,9,23,33,75,75108,BOULEVARD DES BATIGNOLLES,48.88222,2.320389,Nuit avec éclairage allumé,En agglomération,Intersection en X,Normale,Deux véhicules - côté,4,3,3,0,1,1,1,5,1,50,,2,0,0,2,0,50.0,22.0,,,5,2,2,1,3
202100035329,2021-06-10 15:30:00,2021,6,10,15,30,75,75104,RUE SAINT ANTOINE,48.853829,2.365186,Plein jour,En agglomération,Hors intersection,Normale,Sans collision,4,3,2,1,1,1,1,0,5,50,,1,0,0,0,1,49.0,,,,1,2,1,1,7
202100035330,2021-06-10 10:50:00,2021,6,10,10,50,75,75102,RUE DE CLERY,48.867348,2.344004,Plein jour,En agglomération,Intersection à plus de 4 branches,Normale,Deux véhicules - frontale,4,2,2,1,1,1,1,0,5,30,,2,1,0,0,1,,24.0,,,1,2,5,1,1
202100035331,2021-06-09 18:00:00,2021,6,9,18,0,75,75104,RUE DU PONT LOUIS PHILIPPE,48.855817,2.35636,Plein jour,En agglomération,Intersection en X,Normale,Deux véhicules - côté,4,2,2,0,1,1,1,0,1,30,,2,1,0,0,1,26.0,26.0,,,1,2,2,1,3
202100035332,2021-06-09 11:30:00,2021,6,9,11,30,94,94081,JULES GUESDE (QU),48.8,2.41,Plein jour,En agglomération,Hors intersection,Normale,Deux véhicules - côté,3,2,2,0,1,1,1,0,1,50,,2,0,0,2,0,19.0,20.0,,,1,2,1,1,3
202100035333,2021-06-10 11:20:00,2021,6,10,11,20,94,94078,HENRI JANIN (R),48.73017,2.44838,Plein jour,En agglomération,Hors intersection,Normale,Autre collision,4,1,1,0,1,1,1,0,1,50,,2,1,0,0,1,42.0,45.0,,,1,2,1,1,6
202100035334,2021-06-09 18:12:00,2021,6,9,18,12,94,94068,Rue du Pont de Créteil,48.80725,2.47129,Plein jour,En agglomération,Autre intersection,Normale,Deux véhicules - frontale,3,2,4,0,1,1,1,0,1,50,,4,1,0,0,3,18.0,46.0,,,1,2,9,1,1
202100035335,2021-06-09 11:00:00,2021,6,9,11,0,94,94068,GARIBALDI (R),48.79808,2.48025,Plein jour,En agglomération,Autre intersection,Normale,Autre collision,3,2,1,0,1,1,1,0,1,30,,3,2,0,0,1,34.0,,,,1,2,9,1,6
202100035336,2021-06-10 16:50:00,2021,6,10,16,50,94,94033,Avenue de Stalingrad,48.85322,2.44851,Plein jour,En agglomération,Intersection en X,Normale,Deux véhicules - frontale,3,2,2,0,1,1,1,0,1,50,,2,1,0,0,1,35.0,17.0,,,1,2,2,1,1
202100035337,2021-06-10 10:00:00,2021,6,10,10,0,94,94028,Carrefour Pompadour,48.77471,2.443917,Plein jour,En agglomération,Giratoire,Normale,Deux véhicules - côté,3,1,0,0,1,2,1,0,1,50,,2,1,0,0,1,44.0,48.0,,,1,2,6,1,3
202100035338,2021-06-09 10:30:00,2021,6,9,10,30,94,94022,Rue de la Paix,48.76629,2.42109,Plein jour,En agglomération,Hors intersection,Normale,Autre collision,4,2,2,0,1,1,1,0,1,50,,3,2,0,0,1,31.0,21.0,,,1,2,1,1,6
202100035339,2021-06-10 14:15:00,2021,6,10,14,15,93,93071,Allee des Iris,48.946641,2.536446,Plein jour,En agglomération,Hors intersection,Normale,Autre collision,4,-1,0,3,1,1,1,6,6,10,,2,1,0,0,1,,,,,1,2,1,1,6
202100035340,2021-06-09 23:25:00,2021,6,9,23,25,93,93005,MITRY [CD115] (ROUTE DE),48.94946,2.5196,Nuit avec éclairage allumé,En agglomération,Intersection en X,Normale,Deux véhicules - côté,3,3,4,0,1,1,1,0,1,50,,3,1,0,0,2,57.0,25.0,,,5,2,2,1,3
202100035341,2021-06-10 11:25:00,2021,6,10,11,25,93,93066,21-52 Rue Danielle Casanova,48.928953,2.362313,Plein jour,En agglomération,Hors intersection,Normale,Autre collision,4,2,2,0,1,1,1,0,1,50,,2,1,0,0,1,57.0,,,,1,2,1,1,6
202100035342,2021-06-09 17:05:00,2021,6,9,17,5,93,93066,10-20 Avenue Jean Moulin,48.941418,2.364679,Plein jour,En agglomération,Hors intersection,Normale,Deux véhicules - arrière,4,2,3,0,1,1,1,0,1,50,,2,1,0,0,1,32.0,28.0,,,1,2,1,1,2
202100035343,2021-06-10 12:30:00,2021,6,10,12,30,93,93048,HENRI BARBUSSE (BOULEVARD),48.86483,2.44374,Plein jour,En agglomération,Hors intersection,Normale,Deux véhicules - côté,3,2,2,0,1,1,1,0,1,50,,2,1,0,0,1,49.0,45.0,,,1,2,1,1,3
202100035344,2021-06-09 18:15:00,2021,6,9,18,15,93,93055,HONORE,48.8891125009,2.4066442251,Plein jour,En agglomération,Intersection en X,Normale,Deux véhicules - côté,4,2,0,0,1,1,1,0,1,50,,2,0,0,1,1,26.0,23.0,,,1,2,2,1,3
202100035345,2021-06-09 15:19:00,2021,6,9,15,19,93,93032,ARISTIDE BRIAND (RUE),48.879463,2.533805,Plein jour,En agglomération,Intersection en T,Normale,Deux véhicules - côté,3,2,2,0,1,1,1,0,1,50,,2,1,0,0,1,18.0,67.0,,,1,2,3,1,3
202100035346,2021-06-10 19:15:00,2021,6,10,19,15,93,93027,Avenue Paul Vaillant Couturier,48.92,2.41,Plein jour,En agglomération,Hors intersection,Normale,Deux véhicules - côté,3,3,4,1,2,1,1,2,1,50,,2,1,0,0,1,39.0,47.0,,,1,2,1,1,3
202100035347,2021-06-09 18:40:00,2021,6,9,18,40,93,93027,MASSON (RUE SUZANNE),48.92342,2.38734,Plein jour,En agglomération,Hors intersection,Temps éblouissant,Deux véhicules - frontale,4,2,2,0,1,3,1,0,1,50,,6,2,0,0,4,30.0,32.0,,,1,2,1,7,1
202100035348,2021-06-10 12:30:00,2021,6,10,12,30,93,93005,Rue Jean Chaptal,48.944718,2.484051,Plein jour,En agglomération,Hors intersection,Normale,Autre collision,4,1,2,0,1,1,1,9,4,50,,1,0,0,0,1,43.0,,,,1,2,1,1,6
202100035349,2021-06-10 14:05:00,2021,6,10,14,5,92,92049,BARBES RUE,48.8170374748,2.3316389322,Plein jour,En agglomération,Hors intersection,Normale,Deux véhicules - côté,3,2,4,1,3,1,1,0,1,50,,2,1,0,0,1,26.0,48.0,,,1,2,1,1,3
202100035350,2021-06-09 14:10:00,2021,6,9,14,10,92,92049,REPUBLIQUE AVENUE DE LA N°2 A 90,48.8185068839,2.3196333647,Plein jour,En agglomération,Intersection en T,Normale,Deux véhicules - frontale,3,2,3,0,1,1,1,5,1,50,,2,1,0,0,1,22.0,32.0,,,1,2,3,1,1
202100035351,2021-06-10 19:45:00,2021,6,10,19,45,92,92048,GARDES (ROUTE DES) N° 5 A 51,48.8188247793,2.2346502542,Plein jour,En agglomération,Intersection en X,Normale,Deux véhicules - côté,3,-1,2,0,2,1,1,0,1,50,,3,2,0,0,1,37.0,29.0,,,1,2,2,1,3
202100035352,2021-06-08 10:25:00,2021,6,8,10,25,92,92012,PARIS (RUE DE) 1/97 - 2/114,48.841364,2.231301,Plein jour,En agglomération,Intersection en X,Normale,Autre collision,4,2,2,0,1,1,1,0,1,50,,2,1,0,0,1,88.0,,,,1,2,2,1,6
202100035353,2021-06-09 19:10:00,2021,6,9,19,10,31,31022,422 Route de Fronton,43.662602,1.431077,Plein jour,En agglomération,Hors intersection,Normale,Deux véhicules - côté,7,2,2,0,1,1,1,0,1,50,,2,1,0,1,0,30.0,49.0,,,1,2,1,1,3
202100035354,2021-06-11 19:10:00,2021,6,11,19,10,83,83004,RN7,43.4618126936,6.5290117264,Plein jour,En agglomération,Intersection en T,Normale,Deux véhicules - côté,3,2,2,2,1,1,1,0,1,80,,3,0,0,1,2,77.0,25.0,,,1,2,3,1,3
202100035355,2021-04-17 09:30:00,2021,4,17,9,30,26,26002,12 Lotissement le Ravicole,45.239831,4.81974,Plein jour,Hors agglomération,Hors intersection,Normale,Deux véhicules - frontale,2,2,2,0,1,1,1,0,1,-1,,2,0,0,2,0,38.0,55.0,,,1,1,1,1,1
202100035356,2021-06-10 17:50:00,2021,6,10,17,50,34,34300,A75,43.394882,3.327312,Plein jour,Hors agglomération,Hors intersection,Normale,Deux véhicules - arrière,1,3,4,0,1,1,1,0,1,130,,2,1,0,1,0,29.0,37.0,,,1,1,1,1,2
202100035357,2021-06-11 17:45:00,2021,6,11,17,45,38,38204,Lalley,44.732366,5.679647,Plein jour,Hors agglomération,Hors intersection,Normale,Autre collision,3,2,2,0,2,4,1,0,3,80,,2,0,0,1,1,24.0,,,,1,1,1,1,6
202100035358,2021-06-06 16:20:00,2021,6,6,16,20,87,87107,RN 147,45.936363,1.186459,Plein jour,Hors agglomération,Intersection en X,Normale,Deux véhicules - côté,2,2,2,0,2,1,1,5,1,80,,2,1,1,0,0,84.0,82.0,,,1,1,2,1,3
202100035359,2021-06-11 17:45:00,2021,6,11,17,45,51,51056,D48,48.6055854641,3.6161772667,Plein jour,Hors agglomération,Hors intersection,Normale,Sans collision,3,2,2,0,2,1,1,0,1,80,,2,1,0,1,0,53.0,,,,1,1,1,1,7
202100035360,2021-06-11 13:10:00,2021,6,11,13,10,76,76151,D20,49.84193,0.73013,Plein jour,Hors agglomération,Hors intersection,Normale,Deux véhicules - frontale,3,2,2,0,1,1,1,0,1,80,,2,1,0,1,0,20.0,20.0,,,1,1,1,1,1
202100035361,2021-06-10 08:55:00,2021,6,10,8,55,82,82186,Allee du 4 Septembre,44.106522,0.892146,Plein jour,En agglomération,Giratoire,Normale,Autre collision,3,1,1,0,1,2,1,5,3,50,,2,1,0,0,1,42.0,,,,1,2,6,1,6
202100035362,2021-06-10 20:15:00,2021,6,10,20,15,32,32155,ROUTE DEPARTEMENTALE 32,43.770141,-0.182927,Plein jour,En agglomération,Hors intersection,Normale,Autre collision,3,2,2,0,2,1,1,0,1,50,,2,1,1,0,0,57.0,,,,1,2,1,1,6
202100035363,2021-06-11 09:00:00,2021,6,11,9,0,32,32030,Panassac,43.505243,0.280296,Plein jour,Hors agglomération,Hors intersection,Normale,Autre collision,3,2,2,0,1,1,9,0,3,80,,1,0,0,1,0,51.0,,,,1,1,1,1,6
202100035364,2021-06-09 17:00:00,2021,6,9,17,0,71,71490,Route de Gueugnon,46.543602,4.111397,Plein jour,Hors agglomération,Hors intersection,Pluie légère,Sans collision,3,2,2,0,1,1,2,0,3,80,,1,0,0,1,0,72.0,,,,1,1,1,2,7
202100035365,2021-06-10 19:10:00,2021,6,10,19,10,89,89263,Avenue de Paris,47.846064,3.554941,Plein jour,En agglomération,Intersection en X,Normale,Deux véhicules - côté,3,2,2,0,1,1,1,0,1,-1,,2,1,0,1,0,43.0,65.0,,,1,2,2,1,3
202100035366,2021-05-30 19:10:00,2021,5,30,19,10,63,63420,Intersection D2089 et D104,45.814354,3.337322,Plein jour,Hors agglomération,Intersection en X,Normale,Deux véhicules - côté,3,2,3,0,1,1,1,0,1,80,,2,1,0,0,1,23.0,17.0,,,1,1,2,1,3
202100035367,2021-06-11 18:30:00,2021,6,11,18,30,55,55519,44 Route Nationale,48.718058,5.277016,Plein jour,En agglomération,Hors intersection,Normale,Autre collision,2,2,2,0,1,1,1,0,1,50,,2,1,0,1,0,83.0,,,,1,2,1,1,6
202100035368,2021-06-10 16:15:00,2021,6,10,16,15,46,46021,D19,44.581328,1.957734,Plein jour,Hors agglomération,Hors intersection,Normale,Trois véhicules et plus - collisions multiples,3,2,2,0,2,1,1,0,1,80,,8,7,1,0,0,76.0,71.0,,,1,1,1,1,5
202100035369,2021-06-10 15:10:00,2021,6,10,15,10,41,41043,Route Nationale - D 976,47.276885,1.458435,Plein jour,Hors agglomération,Hors intersection,Normale,Autre collision,3,2,2,0,1,1,1,0,3,90,,1,0,0,1,0,71.0,,,,1,1,1,1,6
202100035370,2021-06-10 08:50:00,2021,6,10,8,50,22,22183,Lieu Dit Launay,48.203726,-2.581658,Plein jour,Hors agglomération,Hors intersection,Normale,Sans collision,3,2,2,0,2,1,1,0,3,80,,4,0,0,1,3,59.0,,,,1,1,1,1,7
202100035371,2021-06-10 20:45:00,2021,6,10,20,45,29,29269,Pont Croach,47.928349,-3.617688,Plein jour,Hors agglomération,Hors intersection,Normale,Autre collision,3,2,2,0,4,2,1,0,3,80,,1,0,0,1,0,25.0,,,,1,1,1,1,6
202100035372,2021-06-10 21:50:00,2021,6,10,21,50,29,29059,D786 - lieu dit Kercadiou,48.6186226709,-3.775638115,Plein jour,Hors agglomération,Hors intersection,Normale,Autre collision,3,2,2,0,1,2,1,0,1,80,,1,0,0,1,0,64.0,,,,1,1,1,1,6
202100035373,2021-06-10 09:40:00,2021,6,10,9,40,29,29075,Rue de la Fraternité,48.413615,-4.440343,Plein jour,En agglomération,Intersection en X,Normale,Autre collision,4,2,2,0,1,1,1,5,1,50,,3,1,0,0,2,43.0,,,,1,2,2,1,6
202100035374,2021-06-11 00:00:00,2021,6,11,0,0,29,29260,D67 - Pont de l'Hopital,48.4154869,-4.644685,Nuit sans éclairage public,Hors agglomération,Hors intersection,Normale,Autre collision,3,2,2,0,2,1,1,0,3,80,,1,0,0,0,1,24.0,,,,3,1,1,1,6
202100035375,2021-06-11 14:30:00,2021,6,11,14,30,29,29228,Route de la Pointe du Raz,48.029768,-4.597886,Plein jour,Hors agglomération,Hors intersection,Normale,Deux véhicules - côté,3,2,2,0,1,1,1,0,1,80,,2,1,0,1,0,41.0,68.0,,,1,1,1,1,3
202100035376,2021-06-06 14:40:00,2021,6,6,14,40,15,15235,D57,44.992164879,2.974569797,Plein jour,Hors agglomération,Hors intersection,Normale,Sans collision,3,2,2,0,1,1,1,0,3,90,,1,0,0,1,0,21.0,,,,1,1,1,1,7
202100035377,2021-06-11 08:10:00,2021,6,11,8,10,66,66160,17 Route d Amélie,42.487465,2.713393,Plein jour,En agglomération,Hors intersection,Normale,Deux véhicules - côté,3,2,2,0,1,1,1,0,1,50,,2,0,0,1,1,26.0,22.0,,,1,2,1,1,3
202100035378,2021-06-08 09:10:00,2021,6,8,9,10,72,72310,RD313,48.033323,0.196016,Plein jour,Hors agglomération,Hors intersection,Normale,Deux véhicules - arrière,3,3,4,0,1,1,1,0,1,90,,2,1,0,1,0,51.0,21.0,,,1,1,1,1,2
202100035379,2021-06-11 14:45:00,2021,6,11,14,45,14,14161,D45,49.2218805163,0.1234862208,Plein jour,Hors agglomération,Hors intersection,Normale,Deux véhicules - côté,3,2,2,0,1,1,1,0,1,80,,3,1,1,0,1,54.0,79.0,,,1,1,1,1,3
202100035380,2021-06-11 01:45:00,2021,6,11,1,45,14,14098,D94,49.212754,-0.536013,Nuit sans éclairage public,Hors agglomération,Hors intersection,Brouillard / fumée,Autre collision,3,2,2,0,1,3,2,0,3,80,,1,0,0,1,0,17.0,,,,3,1,1,5,6
202100035381,2021-05-24 10:00:00,2021,5,24,10,0,50,50486,Route du Hameau Travers,49.431768,-1.642606,Plein jour,Hors agglomération,Hors intersection,Normale,Sans collision,9,2,1,0,1,1,6,0,1,80,,1,0,0,0,1,22.0,,,,1,1,1,1,7
202100035382,2021-05-31 09:30:00,2021,5,31,9,30,45,45175,D7-PR 0+850,47.755548,1.826694,Plein jour,Hors agglomération,Hors intersection,Normale,Deux véhicules - arrière,3,2,2,0,1,1,1,0,1,80,,2,1,0,1,0,73.0,18.0,,,1,1,1,1,2
202100035383,2021-06-09 21:20:00,2021,6,9,21,20,64,64092,lepobelcha,43.120987,-1.415809,Crépuscule ou aube,Hors agglomération,Hors intersection,Normale,Sans collision,4,-1,2,0,2,3,1,0,3,80,,1,0,0,1,0,79.0,,,,2,1,1,1,7
202100035384,2021-06-10 11:15:00,2021,6,10,11,15,43,43218,La Paravent,45.035269,4.0334,Plein jour,Hors agglomération,Hors intersection,Normale,Deux véhicules - arrière,3,2,2,0,2,3,1,0,1,70,,3,2,0,1,0,31.0,48.0,,,1,1,1,1,2
202100035385,2021-06-10 18:00:00,2021,6,10,18,0,10,10048,D 44,48.182856,4.632411,Plein jour,Hors agglomération,Autre intersection,Temps éblouissant,Sans collision,3,2,2,0,1,3,1,0,1,80,,1,0,0,1,0,23.0,,,,1,1,9,7,7
202100035386,2021-06-11 07:20:00,2021,6,11,7,20,53,53190,N12 pr22.100,48.386026,-0.403351,Plein jour,Hors agglomération,Hors intersection,Normale,Deux véhicules - arrière,2,2,2,0,1,1,1,0,1,80,,2,1,0,0,1,48.0,56.0,,,1,1,1,1,2
202100035387,2021-06-10 09:00:00,2021,6,10,9,0,85,85086,Le Quarteron,46.87618,-1.72803,Plein jour,Hors agglomération,Hors intersection,Normale,Deux véhicules - arrière,3,2,1,0,1,1,1,8,1,80,,2,1,0,1,0,38.0,16.0,,,1,1,1,1,2
202100035388,2021-06-09 14:40:00,2021,6,9,14,40,85,85047,Rue de Saint-Jean de Monts,46.844181,-1.887202,Plein jour,En agglomération,Giratoire,Normale,Deux véhicules - arrière,4,-1,2,0,1,2,1,0,1,50,,2,1,0,1,0,57.0,38.0,,,1,2,6,1,2
202100035389,2021-06-11 10:00:00,2021,6,11,10,0,28,28071,D941,48.410634,1.06596,Plein jour,Hors agglomération,Hors intersection,Normale,Sans collision,3,2,2,0,1,1,1,0,1,80,,1,0,0,1,0,45.0,,,,1,1,1,1,7
202100035390,2021-06-11 05:20:00,2021,6,11,5,20,17,17140,D734,45.900283,-1.242828,Nuit sans éclairage public,Hors agglomération,Hors intersection,Normale,Autre collision,3,2,2,0,1,1,1,0,1,80,,2,1,0,1,0,20.0,,,,3,1,1,1,6
202100035391,2021-06-10 22:10:00,2021,6,10,22,10,23,23218,route départementale 25,45.860113,2.305936,Nuit sans éclairage public,Hors agglomération,Hors intersection,Normale,Sans collision,3,2,2,0,1,1,1,0,1,90,,1,0,1,0,0,53.0,,,,3,1,1,1,7
202100035392,2021-06-10 16:35:00,2021,6,10,16,35,30,30341,Rue des Acacias,43.702164,4.282109,Plein jour,En agglomération,Hors intersection,Normale,Deux véhicules - frontale,4,2,2,0,2,2,1,0,1,50,,3,1,0,0,2,52.0,19.0,,,1,2,1,1,1
202100035393,2021-06-11 17:45:00,2021,6,11,17,45,48,48146,Route de Mende (Sainte-Enimie),44.372199,3.41089,Plein jour,Hors agglomération,Hors intersection,Normale,Autre collision,3,2,2,0,2,2,1,0,3,90,,1,0,0,0,1,72.0,,,,1,1,1,1,6
202100035394,2021-06-10 22:06:00,2021,6,10,22,6,88,88496,rue division leclerc,48.223508,5.815061,Crépuscule ou aube,Hors agglomération,Hors intersection,Normale,Autre collision,3,2,2,0,4,1,1,0,1,80,,1,0,1,0,0,33.0,,,,2,1,1,1,6
202100035395,2021-06-10 16:31:00,2021,6,10,16,31,76,76305,A131,49.495225,0.251806,Plein jour,Hors agglomération,Hors intersection,Normale,Deux véhicules - arrière,1,3,4,0,1,1,1,9,1,130,,2,1,0,0,1,69.0,24.0,,,1,1,1,1,2
202100035396,2021-06-11 12:10:00,2021,6,11,12,10,91,91135,D75,48.519056,2.464854,Plein jour,Hors agglomération,Hors intersection,Temps éblouissant,Deux véhicules - côté,3,2,2,0,1,1,1,0,1,80,,2,0,1,1,0,64.0,22.0,,,1,1,1,7,3
202100035397,2021-06-10 23:55:00,2021,6,10,23,55,53,53008,Rue de la Libération,48.296381,-0.557878,Nuit avec éclairage allumé,En agglomération,Hors intersection,Normale,Deux véhicules - côté,3,2,2,0,2,3,1,0,1,50,,2,1,0,1,0,37.0,20.0,,,5,2,1,1,3
202100035398,2021-05-29 17:40:00,2021,5,29,17,40,69,69235,RD 502,45.531188,4.847867,Plein jour,Hors agglomération,Hors intersection,Normale,Sans collision,3,2,2,0,1,1,1,0,3,80,,1,0,0,0,1,30.0,,,,1,1,1,1,7
202100035399,2021-06-10 22:40:00,2021,6,10,22,40,13,13021,Départementale 9,43.340407,5.152239,Nuit sans éclairage public,Hors agglomération,Hors intersection,Normale,Deux véhicules - frontale,7,3,2,0,1,1,1,0,1,110,,1,0,1,0,0,20.0,,,,3,1,1,1,1
202100035400,2021-06-10 23:00:00,2021,6,10,23,0,95,95141,RD 983,49.135975988,1.7901599407,Nuit sans éclairage public,En agglomération,Hors intersection,Normale,Autre collision,3,2,2,0,1,3,1,0,1,50,,1,0,0,1,0,34.0,,,,3,2,1,1,6
202100035401,2021-05-21 14:50:00,2021,5,21,14,50,91,91041,N20,48.573647,2.235771,Plein jour,Hors agglomération,Hors intersection,Normale,Sans collision,3,1,1,0,2,3,1,3,1,70,,1,0,0,1,0,22.0,,,,1,1,1,1,7
202100035402,2021-06-10 18:50:00,2021,6,10,18,50,2B,2B134,Place Pascal Paoli,42.633971,8.937743,Plein jour,En agglomération,Hors intersection,Normale,Autre collision,4,1,1,0,1,1,1,0,1,50,,2,1,0,1,0,21.0,,,,1,2,1,1,6
202100035403,2021-06-09 14:00:00,2021,6,9,14,0,66,66180,rd 11,42.779874,2.979006,Plein jour,Hors agglomération,Giratoire,Normale,Deux véhicules - côté,3,1,2,0,1,2,1,0,1,50,,3,1,0,1,1,50.0,36.0,,,1,1,6,1,3
202100035404,2021-06-11 16:50:00,2021,6,11,16,50,34,34113,RD613,43.507931,3.720036,Plein jour,Hors agglomération,Hors intersection,Normale,Deux véhicules - arrière,3,2,2,0,1,1,1,0,1,80,,2,1,0,0,1,45.0,35.0,,,1,1,1,1,2
202100035405,2021-06-08 15:10:00,2021,6,8,15,10,34,34127,Chemin de Sommieres,43.66032,4.073519,Plein jour,En agglomération,Hors intersection,Normale,Autre collision,4,2,2,0,1,1,1,0,3,30,,2,1,0,1,0,19.0,,,,1,2,1,1,6
202100035406,2021-06-10 12:25:00,2021,6,10,12,25,34,34090,D65,43.660514,3.929104,Plein jour,Hors agglomération,Hors intersection,Normale,Sans collision,7,1,1,0,1,2,1,2,3,70,,1,0,0,1,0,53.0,,,,1,1,1,1,7
202100035407,2021-06-11 20:00:00,2021,6,11,20,0,84,84119,Route de Pernes,43.959835,4.941165,Plein jour,Hors agglomération,Hors intersection,Normale,Deux véhicules - arrière,3,2,2,0,1,1,1,0,3,80,,2,0,1,0,1,55.0,27.0,,,1,1,1,1,2
202100035408,2021-06-10 17:00:00,2021,6,10,17,0,83,83016,Dn8,43.20538,5.80932,Plein jour,En agglomération,Hors intersection,Normale,Trois véhicules et plus - en chaîne,3,2,2,0,2,1,1,0,1,50,,4,2,0,0,2,56.0,75.0,,,1,2,1,1,4
202100035409,2021-05-11 19:00:00,2021,5,11,19,0,13,13067,Route de Bazarde,43.795063,5.040311,Plein jour,Hors agglomération,Hors intersection,Normale,Autre collision,4,2,2,0,1,2,1,0,3,80,,1,0,0,0,1,32.0,,,,1,1,1,1,6
202100035410,2021-06-10 23:13:00,2021,6,10,23,13,13,13035,rue BOISJELIN / Rue RABAUS Ste ETIENNE,43.694749,5.030381,Nuit avec éclairage allumé,En agglomération,Intersection en X,Normale,Deux véhicules - côté,7,1,1,0,1,1,1,0,1,50,,2,1,0,1,0,25.0,17.0,,,5,2,2,1,3
202100035411,2021-06-05 22:40:00,2021,6,5,22,40,38,38415,Rue des Alexandres,45.645601,5.234484,Nuit sans éclairage public,En agglomération,Hors intersection,Normale,Sans collision,3,2,2,0,1,2,1,0,1,50,,4,3,0,1,0,18.0,,,,3,2,1,1,7
202100035412,2021-06-09 11:30:00,2021,6,9,11,30,38,38382,Avenue de l Ile Brune,45.220954,5.677142,Plein jour,En agglomération,Hors intersection,Normale,Autre collision,4,2,2,0,1,1,1,9,1,50,,2,1,0,1,0,20.0,,,,1,2,1,1,6
202100035413,2021-06-08 22:00:00,2021,6,8,22,0,69,69052,LOZANNE (DE) (RTE),45.8687487862,4.6989350929,Nuit avec éclairage allumé,En agglomération,Giratoire,Normale,Autre collision,3,2,2,0,1,2,1,0,3,50,,1,0,0,1,0,69.0,,,,5,2,6,1,6
202100035414,2021-06-10 20:30:00,2021,6,10,20,30,69,69086,FRANCE (DE) (RTE),45.847269,4.670434,Crépuscule ou aube,Hors agglomération,Giratoire,Normale,Deux véhicules - côté,3,1,1,0,1,4,1,0,1,-1,,2,1,0,0,1,61.0,59.0,,,2,1,6,1,3
202100035415,2021-06-08 17:15:00,2021,6,8,17,15,09,09302,cd 18,42.783787,1.466385,Plein jour,Hors agglomération,Hors intersection,Normale,Deux véhicules - côté,3,2,1,0,2,1,1,0,1,-1,,2,1,0,0,1,50.0,73.0,,,1,1,1,1,3
202100035416,2021-06-10 13:50:00,2021,6,10,13,50,64,64422,rue de la pistole,43.1850382957,-0.6193924704,Plein jour,En agglomération,Autre intersection,Normale,Trois véhicules et plus - en chaîne,4,2,2,0,1,1,1,0,1,50,,4,3,0,1,0,30.0,58.0,,,1,2,9,1,4
202100035417,2021-06-10 22:10:00,2021,6,10,22,10,40,40283,route de buglose,43.763222,-1.002342,Nuit sans éclairage public,Hors agglomération,Intersection en X,Normale,Deux véhicules - côté,3,3,2,0,1,1,1,0,1,80,,2,0,0,0,2,23.0,31.0,,,3,1,2,1,3
202100035418,2021-06-10 19:25:00,2021,6,10,19,25,33,33369,,44.801517,0.225896,Plein jour,Hors agglomération,Intersection en Y,Normale,Autre collision,3,2,2,0,1,2,1,0,1,80,,1,0,0,1,0,45.0,,,,1,1,4,1,6
202100035419,2021-06-11 20:00:00,2021,6,11,20,0,59,59015,RUE DE DOUAI,50.282038,3.104743,Plein jour,En agglomération,Intersection en Y,Normale,Deux véhicules - arrière,3,-1,2,0,1,1,1,0,1,-1,,3,2,0,0,1,51.0,39.0,,,1,2,4,1,2
202100035420,2021-06-04 13:25:00,2021,6,4,13,25,59,59581,13 Rue de la Rabette,50.698619,2.781285,Plein jour,En agglomération,Hors intersection,Normale,Deux véhicules - frontale,3,2,2,0,1,1,1,0,1,50,,2,1,0,0,1,57.0,58.0,,,1,2,1,1,1