accident_id,datetime,annee,mois,jour,heure,minute,departement,commune_insee,adresse,latitude,longitude,luminosite,agglomeration,intersection,meteo,collision,catr,circ,nbv,vosp,prof,plan,surf,infra,situ,vma,nb_vehicules,nb_usagers,nb_indemnes,nb_tues,nb_blesses_hosp,nb_blesses_legers,age_cond_1,age_cond_2,veh_type_cond_1,veh_type_cond_2,lum_code,agg_code,int_code,atm_code,col_code
202100035421,2021-06-10 00:20:00,2021,6,10,0,20,13,13211,A50-Sens Aubagne vers Marseille,43.29242,5.4534,Nuit sans éclairage public,Hors agglomération,Hors intersection,Normale,Sans collision,1,1,3,0,2,1,1,0,1,90,,2,1,1,0,0,41.0,29.0,,,3,1,1,1,7
202100035422,2021-06-10 07:40:00,2021,6,10,7,40,67,67447,M35,48.6021,7.73184,Plein jour,Hors agglomération,Hors intersection,Normale,Trois véhicules et plus - en chaîne,7,1,3,0,1,1,1,0,1,90,,4,3,0,0,1,36.0,32.0,,,1,1,1,1,4
202100035423,2021-06-10 14:20:00,2021,6,10,14,20,33,33550,ROCADE A 630,44.77831,-0.56655,Plein jour,Hors agglomération,Hors intersection,Normale,Deux véhicules - côté,1,3,6,0,1,1,1,0,1,90,,2,1,0,0,1,48.0,33.0,,,1,1,1,1,3
202100035424,2021-06-08 20:45:00,2021,6,8,20,45,62,62427,AUTOROUTE A1,50.454232,2.971673,Plein jour,Hors agglomération,Hors intersection,Normale,Autre collision,1,3,4,0,1,1,1,0,1,130,,1,0,0,1,0,24.0,,,,1,1,1,1,6
202100035425,2021-06-10 19:00:00,2021,6,10,19,0,94,94034,AUTOROUTE A6A,48.75859,2.33678,Plein jour,Hors agglomération,Hors intersection,Normale,Autre collision,1,3,6,0,2,1,1,0,1,130,,1,0,0,0,1,51.0,,,,1,1,1,1,6
202100035426,2021-06-10 19:05:00,2021,6,10,19,5,94,94034,AUTOROUTE A6B,48.75179,2.32987,Plein jour,Hors agglomération,Hors intersection,Normale,Deux véhicules - côté,1,1,3,0,1,1,1,0,1,110,,2,1,0,0,1,58.0,45.0,,,1,1,1,1,3
202100035427,2021-06-10 09:40:00,2021,6,10,9,40,91,91589,AUTOROUTE A6,48.6778,2.33763,Plein jour,Hors agglomération,Hors intersection,Normale,Deux véhicules - côté,1,1,3,0,1,1,1,0,1,110,,2,1,0,0,1,42.0,63.0,,,1,1,1,1,3
202100035428,2021-06-10 18:40:00,2021,6,10,18,40,78,78524,A13,48.840877,2.110664,Plein jour,Hors agglomération,Hors intersection,Normale,Deux véhicules - côté,1,1,4,0,1,1,1,2,1,110,,2,1,0,0,1,47.0,37.0,,,1,1,1,1,3
202100035429,2021-06-10 18:10:00,2021,6,10,18,10,78,78455,A13,48.855653,2.057619,Plein jour,Hors agglomération,Hors intersection,Normale,Deux véhicules - arrière,1,3,2,0,1,1,1,0,1,110,,2,1,0,0,1,22.0,38.0,,,1,1,1,1,2
202100035430,2021-06-10 11:55:00,2021,6,10,11,55,78,78133,A13,48.894515,2.007691,Plein jour,Hors agglomération,Hors intersection,Normale,Autre collision,1,-1,2,0,1,1,1,0,1,110,,3,1,0,2,0,59.0,34.0,,,1,1,1,1,6
202100035431,2021-06-10 08:40:00,2021,6,10,8,40,78,78158,A13,48.831589,2.146766,Plein jour,Hors agglomération,Hors intersection,Normale,Deux véhicules - côté,1,-1,3,0,1,1,1,0,1,110,,2,1,0,0,1,29.0,38.0,,,1,1,1,1,3
202100035432,2021-06-09 19:15:00,2021,6,9,19,15,78,78073,A12 Y,48.80104,2.0461,Plein jour,Hors agglomération,Hors intersection,Normale,Deux véhicules - arrière,1,3,6,0,2,1,1,0,1,90,,2,1,0,0,1,66.0,25.0,,,1,1,1,1,2
202100035433,2021-06-09 18:00:00,2021,6,9,18,0,78,78073,RN12 INT,48.79769,2.01407,Plein jour,Hors agglomération,Hors intersection,Normale,Deux véhicules - côté,2,1,1,0,1,1,1,9,1,70,,2,1,0,1,0,42.0,50.0,,,1,1,1,1,3
202100035434,2021-06-08 08:10:00,2021,6,8,8,10,92,92050,A86,48.9098381616,2.2151288589,Plein jour,Hors agglomération,Hors intersection,Normale,Deux véhicules - arrière,1,3,4,0,1,1,1,0,1,90,,2,1,0,0,1,38.0,40.0,,,1,1,1,1,2
202100035435,2021-06-10 18:20:00,2021,6,10,18,20,93,93013,AUTOROUTE A1,48.94084,2.42616,Plein jour,Hors agglomération,Hors intersection,Normale,Deux véhicules - arrière,1,3,9,0,1,2,1,0,1,110,,2,1,0,0,1,23.0,31.0,,,1,1,1,1,2
202100035436,2021-06-10 11:20:00,2021,6,10,11,20,93,93048,AUTOROUTE A86,48.8645671382,2.4823039923,Plein jour,Hors agglomération,Hors intersection,Normale,Deux véhicules - côté,1,3,6,0,1,1,1,0,1,90,,2,1,0,0,1,33.0,33.0,,,1,1,1,1,3
202100035437,2021-06-10 02:15:00,2021,6,10,2,15,93,93073,AUTOROUTE A104,48.96838,2.56561,Nuit sans éclairage public,Hors agglomération,Hors intersection,Normale,Autre collision,1,3,6,0,1,1,1,0,1,110,,1,0,0,0,1,34.0,,,,3,1,1,1,6
202100035438,2021-06-09 19:00:00,2021,6,9,19,0,93,93029,AUTOROUTE A86,48.9149519941,2.4311435223,Plein jour,Hors agglomération,Hors intersection,Normale,Trois véhicules et plus - collisions multiples,1,3,6,0,1,2,1,1,1,90,,3,2,0,0,1,17.0,52.0,,,1,1,1,1,5
202100035439,2021-06-10 19:50:00,2021,6,10,19,50,94,94046,A86 INT,48.81076,2.44891,Plein jour,Hors agglomération,Hors intersection,Normale,Deux véhicules - arrière,1,3,9,0,1,1,1,0,1,90,,2,1,0,0,1,16.0,33.0,,,1,1,1,1,2
202100035440,2021-06-10 18:25:00,2021,6,10,18,25,93,93051,A4,48.8350147902,2.5786737505,Plein jour,Hors agglomération,Hors intersection,Normale,Trois véhicules et plus - collisions multiples,1,3,8,0,1,1,1,0,1,110,,3,2,0,0,1,28.0,25.0,,,1,1,1,1,5
202100035441,2021-06-10 14:40:00,2021,6,10,14,40,93,93051,A4,48.83617,2.5497,Plein jour,Hors agglomération,Hors intersection,Normale,Deux véhicules - arrière,1,3,6,0,1,1,1,0,1,110,,2,1,0,0,1,23.0,26.0,,,1,1,1,1,2
202100035442,2021-06-10 09:25:00,2021,6,10,9,25,77,77258,A4.W,48.832427363,2.6556385073,Plein jour,Hors agglomération,Hors intersection,Normale,Deux véhicules - arrière,1,3,4,0,1,1,1,0,1,110,,2,1,0,0,1,26.0,44.0,,,1,1,1,1,2
202100035443,2021-06-10 08:40:00,2021,6,10,8,40,94,94069,A4,48.8175286642,2.422515171,Plein jour,Hors agglomération,Hors intersection,Normale,Trois véhicules et plus - en chaîne,1,3,5,0,1,1,1,0,1,90,,3,2,0,0,1,23.0,30.0,,,1,1,1,1,4
202100035444,2021-06-08 12:16:00,2021,6,8,12,16,87,87085,ROSES (RUE DES),45.85343,1.24769,Plein jour,En agglomération,Hors intersection,Normale,Autre collision,4,2,2,0,1,1,1,0,4,50,,2,1,0,0,1,84.0,,,,1,2,1,1,6
202100035445,2021-06-09 18:00:00,2021,6,9,18,0,64,64373,GENERAL DE GAULLE DU,43.28037,-0.36044,Plein jour,En agglomération,Hors intersection,Normale,Autre collision,6,-1,0,0,1,1,1,0,1,20,,2,1,0,0,1,53.0,,,,1,2,1,1,6
202100035446,2021-06-08 22:35:00,2021,6,8,22,35,75,75119,AVENUE JEAN JAURES,48.887769,2.389278,Nuit avec éclairage allumé,En agglomération,Intersection en X,Normale,Deux véhicules - côté,4,2,2,0,1,1,1,0,1,50,,3,2,0,0,1,24.0,32.0,,,5,2,2,1,3
202100035447,2021-06-09 17:30:00,2021,6,9,17,30,988,98818,PROMENADE ROGER LAROQUE/PARKING HAUTEUR PISCINE MUNICIPALE,-22.30756,166.45017,Crépuscule ou aube,En agglomération,Hors intersection,Normale,Deux véhicules - côté,4,2,2,1,2,1,1,0,1,50,,2,1,0,0,1,34.0,17.0,,,2,2,1,1,3
202100035448,2021-06-08 12:30:00,2021,6,8,12,30,974,97416,HUBERT DE LISLE(BOULEVARD),-21.33915,55.45898,Plein jour,En agglomération,Hors intersection,Normale,Deux véhicules - côté,4,2,2,1,1,1,1,9,1,50,,2,1,0,0,1,48.0,68.0,,,1,2,1,1,3
202100035449,2021-06-09 23:00:00,2021,6,9,23,0,974,97411,TOURETTE (RUE),-20.8884,55.4464,Nuit avec éclairage allumé,En agglomération,Intersection en X,Normale,Trois véhicules et plus - collisions multiples,2,1,3,0,1,1,1,0,1,70,,6,1,0,0,5,32.0,31.0,,,5,2,2,1,5
202100035450,2021-06-07 10:25:00,2021,6,7,10,25,974,97411,LECLERC (DU MARECHAL),-20.88037,55.45721,Plein jour,En agglomération,Intersection en X,Normale,Deux véhicules - côté,4,2,2,0,1,1,1,0,1,30,,2,1,0,0,1,19.0,,,,1,2,2,1,3
202100035451,2021-06-09 22:50:00,2021,6,9,22,50,69,69259,AMBROISE CROIZAT (BD),45.70324,4.88748,Nuit avec éclairage allumé,En agglomération,Intersection en X,Normale,Deux véhicules - côté,7,3,6,1,1,1,1,0,1,50,,3,2,0,0,1,52.0,34.0,,,5,2,2,1,3
202100035452,2021-06-09 20:20:00,2021,6,9,20,20,69,69387,JABOULAY (R),45.74909,4.83608,Plein jour,En agglomération,Intersection en X,Normale,Deux véhicules - côté,4,1,1,2,1,1,1,0,1,50,,2,1,0,0,1,39.0,44.0,,,1,2,2,1,3
202100035453,2021-06-09 15:45:00,2021,6,9,15,45,69,69383,GAMBETTA (CR),45.7562644102,4.8403546214,Plein jour,En agglomération,Intersection en X,Normale,Deux véhicules - côté,4,1,4,1,1,1,1,2,1,50,,2,1,0,0,1,26.0,52.0,,,1,2,2,1,3
202100035454,2021-06-09 14:00:00,2021,6,9,14,0,69,69383,ALBERT THOMAS (CR),45.74785,4.86462,Plein jour,En agglomération,Hors intersection,Normale,Autre collision,4,2,4,3,1,1,1,0,1,50,,2,1,0,0,1,20.0,,,,1,2,1,1,6
202100035455,2021-06-09 07:40:00,2021,6,9,7,40,69,69034,JEAN PETIT (CHM),45.80366,4.86082,Plein jour,En agglomération,Giratoire,Normale,Autre collision,7,2,2,3,1,1,1,0,1,50,,3,2,0,0,1,,,,,1,2,6,1,6
202100035456,2021-06-08 17:00:00,2021,6,8,17,0,971,97101,RN1 ROCADE DE CHAUVEL,16.23367,-61.52358,Plein jour,Hors agglomération,Intersection en T,Pluie légère,Deux véhicules - arrière,2,1,2,0,2,1,2,9,1,90,,3,1,0,1,1,,68.0,,,1,1,3,2,2
202100035457,2021-06-07 16:25:00,2021,6,7,16,25,971,97101,DES FINANCES - MORNE CARUEL (RUE),16.25654,-61.52086,Plein jour,En agglomération,Intersection en X,Pluie légère,Deux véhicules - côté,2,2,4,0,1,1,2,0,1,50,,4,3,1,0,0,19.0,20.0,,,1,2,2,2,3
202100035458,2021-06-09 15:40:00,2021,6,9,15,40,95,95574,GENERAL LECLERC (AVENUE DU),49.00305,2.2619,Plein jour,En agglomération,Hors intersection,Normale,Trois véhicules et plus - collisions multiples,3,2,2,0,1,1,1,0,1,50,,7,2,1,2,2,33.0,44.0,,,1,2,1,1,5
202100035459,2021-06-09 17:55:00,2021,6,9,17,55,91,91691,GARE (RUE DE LA),48.706972,2.485205,Plein jour,En agglomération,Autre intersection,Temps éblouissant,Autre collision,4,1,2,0,1,2,1,4,4,30,,3,2,0,0,1,21.0,,,,1,2,9,7,6
202100035460,2021-06-09 10:40:00,2021,6,9,10,40,91,91114,RTE DE BRIE,48.70719,2.52127,Plein jour,En agglomération,Hors intersection,Normale,Autre collision,6,-1,-1,0,1,1,1,0,1,20,,2,1,0,0,1,50.0,,,,1,2,1,1,6
202100035461,2021-06-09 19:15:00,2021,6,9,19,15,91,91027,RUE DES PITOUREES,48.70336,2.3652,Plein jour,En agglomération,Hors intersection,Normale,Autre collision,4,2,0,0,1,1,1,0,1,50,,2,1,0,0,1,65.0,,,,1,2,1,1,6
202100035462,2021-06-09 13:10:00,2021,6,9,13,10,91,91479,VOIE DES AVERNAISES,48.74384,2.36335,Plein jour,Hors agglomération,Giratoire,Normale,Deux véhicules - arrière,2,1,2,0,1,2,1,0,1,50,,2,1,0,0,1,44.0,28.0,,,1,1,6,1,2
202100035463,2021-06-08 08:30:00,2021,6,8,8,30,91,91223,SAINT MARTIN (RUE),48.42665,2.13906,Plein jour,En agglomération,Intersection en T,Normale,Autre collision,3,2,2,0,1,1,1,5,1,50,,2,1,0,0,1,59.0,,,,1,2,3,1,6
202100035464,2021-06-04 15:44:00,2021,6,4,15,44,87,87085,COMTE (RUE AUGUSTE),45.87565,1.27233,Plein jour,En agglomération,Hors intersection,Pluie forte,Autre collision,4,2,2,0,1,1,2,0,1,50,,2,1,0,0,1,33.0,,,,1,2,1,3,6
202100035465,2021-06-07 15:00:00,2021,6,7,15,0,87,87038,RN520 (COUZEIX),45.89099,1.26158,Plein jour,Hors agglomération,Hors intersection,Pluie légère,Trois véhicules et plus - collisions multiples,2,2,2,0,1,1,2,0,1,80,,3,2,1,0,0,47.0,38.0,,,1,1,1,2,5
202100035466,2021-06-08 14:32:00,2021,6,8,14,32,77,77468,ARCHE GUEDON (COURS DE L'),48.84948,2.64126,Plein jour,En agglomération,Intersection en T,Normale,Autre collision,4,2,2,0,1,2,1,0,1,50,,3,1,0,0,2,33.0,23.0,,,1,2,3,1,6
202100035467,2021-06-09 08:05:00,2021,6,9,8,5,77,77284,VERDUN (COURS DE),48.95884,2.87454,Plein jour,En agglomération,Hors intersection,Normale,Autre collision,3,2,6,0,1,3,1,-1,4,50,,2,1,0,0,1,,,,,1,2,1,1,6
202100035468,2021-06-06 17:05:00,2021,6,6,17,5,73,73065,N201 VRU,45.57103,5.937417,Plein jour,Hors agglomération,Hors intersection,Normale,Deux véhicules - côté,2,3,8,0,1,1,1,0,1,90,,2,1,0,1,0,34.0,54.0,,,1,1,1,1,3
202100035469,2021-06-06 02:20:00,2021,6,6,2,20,73,73011,D104,45.6806030598,6.3916305899,Nuit avec éclairage allumé,En agglomération,Hors intersection,Normale,Autre collision,3,2,2,0,2,2,1,0,1,50,,1,0,0,0,1,23.0,,,,5,2,1,1,6
202100035470,2021-06-08 21:50:00,2021,6,8,21,50,69,69266,11 NOVEMBRE 1918 (DU) (BD) ,45.77888,4.86647,Nuit avec éclairage allumé,En agglomération,Passage à niveau,Normale,Deux véhicules - côté,4,3,5,2,1,1,1,4,1,50,,3,0,0,2,1,23.0,50.0,,,5,2,8,1,3
202100035471,2021-06-08 18:30:00,2021,6,8,18,30,67,67204,BRUMATH (ROUTE DE),48.622284,7.730749,Plein jour,En agglomération,Hors intersection,Normale,Autre collision,7,2,4,0,1,1,1,9,1,50,,2,1,0,0,1,28.0,,,,1,2,1,1,6
202100035472,2021-06-08 16:30:00,2021,6,8,16,30,67,67482,ROMAINS (ROUTE DES),48.57946,7.71068,Plein jour,En agglomération,Hors intersection,Normale,Deux véhicules - côté,4,2,4,1,1,1,1,0,1,50,,2,1,0,0,1,45.0,23.0,,,1,2,1,1,3
202100035473,2021-06-07 15:45:00,2021,6,7,15,45,67,67218,LYON (RTE DE),48.53121,7.71406,Plein jour,En agglomération,Intersection en T,Temps couvert,Deux véhicules - côté,4,2,2,0,1,1,1,0,3,50,,2,0,0,0,2,55.0,66.0,,,1,2,3,8,3
202100035474,2021-06-06 16:20:00,2021,6,6,16,20,67,67482,REMBRANDT (RUE),48.5661,7.72167,Plein jour,En agglomération,Hors intersection,Normale,Deux véhicules - frontale,4,1,1,0,1,3,1,0,1,30,,2,1,0,0,1,29.0,10.0,,,1,2,1,1,1
202100035475,2021-06-09 13:10:00,2021,6,9,13,10,66,66136,BRIAND BOULEVARD ARISTIDE,42.69567,2.90586,Plein jour,En agglomération,Intersection en T,Normale,Deux véhicules - côté,4,2,2,0,1,1,1,0,1,50,,2,1,0,0,1,42.0,34.0,,,1,2,3,1,3
202100035476,2021-06-09 10:20:00,2021,6,9,10,20,66,66136,FLANDRES/DUNKERQUE (CARREFOUR),42.68669,2.90729,Plein jour,En agglomération,Giratoire,Normale,Autre collision,4,3,3,3,1,1,1,0,6,30,,2,1,0,0,1,42.0,,,,1,2,6,1,6
202100035477,2021-06-09 08:15:00,2021,6,9,8,15,66,66136,DESNOYE (BOULEVARD DR. JOSEPH),42.7058501412,2.8847882152,Plein jour,En agglomération,Giratoire,Normale,Autre collision,4,3,3,0,1,1,1,0,1,50,,2,1,0,0,1,57.0,,,,1,2,6,1,6
202100035478,2021-06-08 20:30:00,2021,6,8,20,30,66,66136,ESCARGUEL (COURS LAZARE),42.69866,2.88732,Plein jour,En agglomération,Hors intersection,Normale,Deux véhicules - côté,4,3,5,0,1,1,1,0,1,50,,2,1,0,0,1,45.0,23.0,,,1,2,1,1,3
202100035479,2021-06-08 07:32:00,2021,6,8,7,32,66,66136,FOCH (MARECHAL),42.69546,2.88998,Plein jour,En agglomération,Intersection en T,Normale,Deux véhicules - côté,4,1,1,0,1,1,1,0,4,50,,2,1,0,0,1,26.0,67.0,,,1,2,3,1,3
202100035480,2021-06-09 22:56:00,2021,6,9,22,56,65,65440,ADOUR (QUAI DE L'),43.2314,0.0875,Nuit avec éclairage allumé,En agglomération,Giratoire,Normale,Sans collision,3,1,1,0,1,3,1,0,1,50,,1,0,0,1,0,24.0,,,,5,2,6,1,7
202100035481,2021-06-09 17:20:00,2021,6,9,17,20,64,64483,LAHANCHIPIA (AVENUE),43.40329,-1.62718,Plein jour,Hors agglomération,Intersection en T,Normale,Deux véhicules - côté,4,2,2,0,1,1,1,0,1,50,,2,1,0,1,0,54.0,75.0,,,1,1,3,1,3
202100035482,2021-06-09 12:35:00,2021,6,9,12,35,64,64483,CHANTACO (AVENUE DE ),43.38731,-1.6533,Plein jour,En agglomération,Hors intersection,Temps couvert,Deux véhicules - arrière,3,2,3,0,1,1,1,0,1,50,,3,1,0,0,2,44.0,16.0,,,1,2,1,8,2
202100035483,2021-06-09 16:25:00,2021,6,9,16,25,64,64445,UNIVERSITE DE L',43.31128,-0.36392,Plein jour,En agglomération,Hors intersection,Normale,Deux véhicules - arrière,4,1,2,0,1,1,1,0,1,50,,2,1,0,0,1,39.0,20.0,,,1,2,1,1,2
202100035484,2021-06-09 09:31:00,2021,6,9,9,31,63,63113,BLATIN (RUE),45.77701,3.08092,Plein jour,En agglomération,Hors intersection,Normale,Deux véhicules - côté,4,1,3,3,1,1,1,0,1,50,,2,1,0,0,1,55.0,44.0,,,1,2,1,1,3
202100035485,2021-06-09 07:49:00,2021,6,9,7,49,63,63113,GRANDE BRETAGNE (AVENUE DE),45.77753,3.09526,Plein jour,En agglomération,Intersection en T,Normale,Deux véhicules - côté,4,2,2,3,1,1,1,0,1,50,,2,1,0,0,1,41.0,27.0,,,1,2,3,1,3
202100035486,2021-05-20 14:30:00,2021,5,20,14,30,62,62548,CD 119,50.971621,1.962411,Plein jour,Hors agglomération,Intersection en X,Vent fort / tempête,Deux véhicules - frontale,3,2,2,0,1,1,1,5,1,70,,2,1,0,0,1,59.0,66.0,,,1,1,2,6,1
202100035487,2021-06-08 12:15:00,2021,6,8,12,15,59,59606,REIMS (AVENUE DE),50.342157,3.525919,Plein jour,En agglomération,Hors intersection,Normale,Autre collision,4,2,2,0,1,1,1,9,1,50,,2,1,1,0,0,52.0,,,,1,2,1,1,6
202100035488,2021-06-08 11:50:00,2021,6,8,11,50,58,58194,MARECHAL JUIN,46.99959,3.15601,Plein jour,En agglomération,Hors intersection,Normale,Deux véhicules - frontale,3,2,3,0,1,1,1,0,1,50,,2,1,0,0,1,46.0,,,,1,2,1,1,1
202100035489,2021-05-28 10:30:00,2021,5,28,10,30,57,57630,MARNE,48.73409,7.05228,Plein jour,En agglomération,Hors intersection,Normale,Deux véhicules - côté,4,2,2,0,1,3,1,0,1,50,,2,1,0,1,0,49.0,21.0,,,1,2,1,1,3
202100035490,2021-06-08 21:39:00,2021,6,8,21,39,56,56162,PLOEMEUR (RUE DE),47.7334065669,-3.4959375858,Plein jour,En agglomération,Intersection en T,Normale,Deux véhicules - côté,3,2,2,0,1,1,1,0,1,30,,3,1,0,0,2,24.0,22.0,,,1,2,3,1,3
202100035491,2021-06-09 17:12:00,2021,6,9,17,12,51,51058,Route des Mesneux,49.22197,3.98407,Plein jour,Hors agglomération,Intersection en X,Normale,Deux véhicules - frontale,3,2,2,0,1,2,1,0,1,50,,2,1,0,0,1,37.0,64.0,,,1,1,2,1,1
202100035492,2021-06-09 15:05:00,2021,6,9,15,5,51,51454,Boulevard General Leclerc,49.25722,4.02563,Plein jour,En agglomération,Intersection en X,Normale,Deux véhicules - frontale,4,2,2,0,1,1,1,0,1,10,,2,1,0,0,1,22.0,44.0,,,1,2,2,1,1
202100035493,2021-06-08 18:10:00,2021,6,8,18,10,50,50129,VINGT CINQUIEME DE LIGNE (AVENUE DU),49.6448,-1.63466,Plein jour,En agglomération,Hors intersection,Normale,Deux véhicules - côté,4,1,0,0,1,3,1,0,1,50,,2,1,0,0,1,58.0,23.0,,,1,2,1,1,3
202100035494,2021-06-05 16:30:00,2021,6,5,16,30,50,50602,MOULIN (RUE JEAN),49.6334,-1.59968,Plein jour,En agglomération,Hors intersection,Normale,Deux véhicules - arrière,4,2,2,0,1,1,1,0,1,50,,2,1,0,0,1,19.0,17.0,,,1,2,1,1,2
202100035495,2021-06-01 17:15:00,2021,6,1,17,15,49,49267,CHANTERIE,47.4781,-0.49555,Plein jour,En agglomération,Hors intersection,Normale,Sans collision,4,2,2,0,1,2,1,0,1,50,,1,0,0,0,1,17.0,,,,1,2,1,1,7
202100035496,2021-06-07 17:12:00,2021,6,7,17,12,49,49007,ARBRISSEL,47.44425,-0.55175,Plein jour,En agglomération,Intersection en X,Normale,Deux véhicules - côté,4,3,2,0,1,1,1,0,1,50,,2,1,0,0,1,19.0,51.0,,,1,2,2,1,3
202100035497,2021-06-08 17:37:00,2021,6,8,17,37,49,49007,SAUMUROISE IMPASSE ET RUE,47.45457,-0.52822,Plein jour,En agglomération,Hors intersection,Normale,Autre collision,4,2,2,0,1,1,1,0,1,50,,2,1,0,0,1,20.0,,,,1,2,1,1,6
202100035498,2021-06-09 08:54:00,2021,6,9,8,54,47,47031,JEAN JAURES (Rue)  ,44.17764,0.63989,Plein jour,En agglomération,Hors intersection,Normale,Deux véhicules - côté,4,2,2,0,1,1,1,9,1,50,,3,0,1,0,2,37.0,64.0,,,1,2,1,1,3
202100035499,2021-06-09 22:35:00,2021,6,9,22,35,45,45147,53 Rue Marcelin Berthelot,47.92198,1.91436,Nuit avec éclairage allumé,En agglomération,Hors intersection,Normale,Autre collision,4,2,2,0,1,1,1,0,4,50,,2,0,0,0,2,58.0,,,,5,2,1,1,6
202100035500,2021-06-08 14:00:00,2021,6,8,14,0,44,44109,BOULEVARD LELASSEUR,47.23216,-1.56778,Plein jour,En agglomération,Hors intersection,Normale,Deux véhicules - arrière,4,2,2,3,1,1,1,0,1,50,,2,1,1,0,0,60.0,34.0,,,1,2,1,1,2
202100035501,2021-06-02 15:24:00,2021,6,2,15,24,39,39198,28 Avenue de Northwich,47.096674,5.497501,Plein jour,En agglomération,Hors intersection,Normale,Deux véhicules - côté,4,1,1,0,1,1,1,0,1,50,,2,0,0,0,2,25.0,16.0,,,1,2,1,1,3
202100035502,2021-06-09 17:44:00,2021,6,9,17,44,38,38318,Av Georges et Louis Frerejean,45.52439,4.921998,Plein jour,En agglomération,Giratoire,Normale,Deux véhicules - côté,3,2,2,0,1,1,1,0,1,50,,2,1,0,0,1,40.0,23.0,,,1,2,6,1,3
202100035503,2021-06-09 08:00:00,2021,6,9,8,0,38,38185,Rue Sully,45.18559,5.70805,Plein jour,En agglomération,Intersection en X,Normale,Deux véhicules - côté,4,2,2,0,1,1,1,0,1,30,,4,3,0,0,1,34.0,58.0,,,1,2,2,1,3
202100035504,2021-06-08 15:45:00,2021,6,8,15,45,37,37261,HALLES (RUE DES),47.3935308035,0.684883432,Plein jour,En agglomération,Hors intersection,Normale,Autre collision,4,2,2,0,1,1,1,0,1,50,,2,1,0,0,1,,,,,1,2,1,1,6
202100035505,2021-06-09 11:40:00,2021,6,9,11,40,35,35238,LORIENT (DE),48.10681,-1.72808,Plein jour,En agglomération,Hors intersection,Normale,Deux véhicules - côté,2,3,4,3,1,1,1,0,1,50,,4,3,0,0,1,34.0,33.0,,,1,2,1,1,3
202100035506,2021-06-01 17:20:00,2021,6,1,17,20,34,34108,JAURES JEAN (AVENUE),43.4257718675,3.7311324477,Plein jour,En agglomération,Hors intersection,Normale,Deux véhicules - côté,4,3,3,1,1,1,1,0,1,30,,3,2,0,1,0,25.0,25.0,,,1,2,1,1,3
202100035507,2021-06-08 15:15:00,2021,6,8,15,15,34,34032,NOGUERES HENRI (RD POINT),43.35339,3.22519,Plein jour,En agglomération,Giratoire,Normale,Deux véhicules - côté,4,-1,1,0,1,2,1,0,1,50,,3,1,0,1,1,15.0,20.0,,,1,2,6,1,3
202100035508,2021-06-08 16:05:00,2021,6,8,16,5,31,31555,VA007333 LA FAOURETTE A620 Sortie 26,43.579507,1.405987,Plein jour,En agglomération,Hors intersection,Temps éblouissant,Deux véhicules - arrière,1,3,6,0,1,1,1,0,1,90,,3,1,0,1,1,18.0,35.0,,,1,2,1,7,2
202100035509,2021-06-08 12:25:00,2021,6,8,12,25,28,28134,EPARGES (RUE DES),48.73235,1.37176,Plein jour,En agglomération,Hors intersection,Normale,Deux véhicules - frontale,3,2,2,0,1,1,1,0,1,30,,6,2,0,1,3,48.0,19.0,,,1,2,1,1,1
202100035510,2021-06-05 15:20:00,2021,6,5,15,20,28,28085,DELACROIX (RUE EUGENE),48.44434,1.48453,Plein jour,En agglomération,Hors intersection,Normale,Deux véhicules - côté,4,2,0,0,1,1,1,6,1,20,,2,1,0,0,1,20.0,,,,1,2,1,1,3
202100035511,2021-06-09 19:15:00,2021,6,9,19,15,25,25056,JOUCHOUX RUE AUGUSTE,47.23687,5.98847,Plein jour,En agglomération,Hors intersection,Normale,Deux véhicules - côté,4,2,2,1,1,1,1,0,5,50,,2,1,0,0,1,35.0,26.0,,,1,2,1,1,3
202100035512,2021-06-09 09:15:00,2021,6,9,9,15,25,25056,LAVOISIER RUE,47.23563,5.98258,Plein jour,En agglomération,Intersection en X,Normale,Deux véhicules - côté,4,4,2,0,1,1,1,0,1,50,,2,1,0,1,0,56.0,50.0,,,1,2,2,1,3
202100035513,2021-06-09 17:01:00,2021,6,9,17,1,17,17300,116 PK RN137 ROCHEFORT JUSTICE,46.16856,-1.12072,Plein jour,Hors agglomération,Hors intersection,Normale,Deux véhicules - arrière,2,3,4,0,1,1,1,0,1,90,,2,1,0,0,1,38.0,58.0,,,1,1,1,1,2
202100035514,2021-06-07 14:00:00,2021,6,7,14,0,13,13039,ROUTE NATIONALE 568,43.4420503794,4.9398994446,Plein jour,Hors agglomération,Hors intersection,Normale,Autre collision,2,2,2,0,2,2,1,0,1,70,,1,0,0,1,0,38.0,,,,1,1,1,1,6
202100035515,2021-06-07 09:30:00,2021,6,7,9,30,13,13056,RAYETTES,43.41438,5.03797,Plein jour,En agglomération,Hors intersection,Normale,Deux véhicules - arrière,7,2,2,0,2,1,1,0,1,50,,2,0,0,0,2,40.0,65.0,,,1,2,1,1,2
202100035516,2021-06-09 20:35:00,2021,6,9,20,35,13,13209,CAMILLE BLANC (BOULEVARD),43.25258,5.40519,Plein jour,En agglomération,Hors intersection,Normale,Deux véhicules - arrière,4,2,2,0,2,1,1,0,1,50,,2,1,0,0,1,,18.0,,,1,2,1,1,2
202100035517,2021-06-09 16:20:00,2021,6,9,16,20,13,13215,MADRAGUE VILLE (chemin de la),43.34576,5.35471,Plein jour,En agglomération,Hors intersection,Normale,Deux véhicules - côté,4,2,2,0,1,1,1,0,1,50,,2,1,0,0,1,38.0,20.0,,,1,2,1,1,3
202100035518,2021-06-09 18:00:00,2021,6,9,18,0,13,13208,JULES CANTINI (AVENUE),43.2828908524,5.3892633319,Plein jour,En agglomération,Hors intersection,Normale,Deux véhicules - côté,4,1,2,0,1,1,1,0,1,50,,3,2,0,0,1,32.0,41.0,,,1,2,1,1,3