accident_id,datetime,annee,mois,jour,heure,minute,departement,commune_insee,adresse,latitude,longitude,luminosite,agglomeration,intersection,meteo,collision,catr,circ,nbv,vosp,prof,plan,surf,infra,situ,vma,nb_vehicules,nb_usagers,nb_indemnes,nb_tues,nb_blesses_hosp,nb_blesses_legers,age_cond_1,age_cond_2,veh_type_cond_1,veh_type_cond_2,lum_code,agg_code,int_code,atm_code,col_code
202100035519,2021-06-09 13:20:00,2021,6,9,13,20,13,13213,CROIX ROUGE (AVENUE),43.3326,5.43564,Plein jour,En agglomération,Hors intersection,Normale,Deux véhicules - côté,7,2,2,0,1,2,1,0,1,50,,2,1,0,0,1,56.0,46.0,,,1,2,1,1,3
202100035520,2021-06-09 07:30:00,2021,6,9,7,30,13,13201,BIR HAKEIM (RUE),43.2968563248,5.3763236297,Plein jour,En agglomération,Hors intersection,Normale,Deux véhicules - frontale,4,1,1,0,1,1,1,0,1,30,,2,1,0,0,1,33.0,,,,1,2,1,1,1
202100035521,2021-06-08 08:50:00,2021,6,8,8,50,13,13212,WILLIAM BOOTH (AVENUE),43.295,5.445,Plein jour,En agglomération,Giratoire,Normale,Sans collision,4,2,1,0,1,1,1,0,1,50,,2,1,0,0,1,56.0,49.0,,,1,2,6,1,7
202100035522,2021-06-08 14:55:00,2021,6,8,14,55,11,11069,PASTEUR,43.21345,2.33831,Plein jour,En agglomération,Intersection en X,Normale,Deux véhicules - côté,4,2,2,0,1,1,1,0,1,30,,3,1,0,0,2,80.0,36.0,,,1,2,2,1,3
202100035523,2021-06-08 16:14:00,2021,6,8,16,14,10,10333,AUXERRE (ROUTE),48.27024,4.05028,Plein jour,Hors agglomération,Giratoire,Normale,Deux véhicules - côté,3,1,2,0,1,2,1,0,1,50,,2,1,0,0,1,19.0,19.0,,,1,1,6,1,3
202100035524,2021-06-09 13:55:00,2021,6,9,13,55,09,09122,FAURE (COURS GABRIEL),42.96439,1.61047,Plein jour,En agglomération,Autre intersection,Normale,Deux véhicules - côté,3,4,2,0,1,1,1,2,1,30,,2,1,0,0,1,81.0,66.0,,,1,2,9,1,3
202100035525,2021-06-09 08:44:00,2021,6,9,8,44,07,07102,Avenue Georges CLEMENCEAU,44.93309,4.86302,Plein jour,En agglomération,Intersection en X,Normale,Deux véhicules - côté,4,1,1,0,1,2,1,0,1,50,,2,1,0,1,0,46.0,28.0,,,1,2,2,1,3
202100035526,2021-06-09 12:15:00,2021,6,9,12,15,75,75120,PORTE DE MONTREUIL,48.857224,2.414234,Plein jour,En agglomération,Hors intersection,Normale,Deux véhicules - côté,4,1,4,0,1,1,1,0,1,70,,2,1,0,0,1,22.0,45.0,,,1,2,1,1,3
202100035527,2021-06-09 09:15:00,2021,6,9,9,15,75,75116,BOULEVARD PERIPHERIQUE,48.869784,2.271684,Plein jour,En agglomération,Hors intersection,Normale,Deux véhicules - côté,4,1,4,0,1,1,1,0,1,70,,2,1,0,0,1,45.0,34.0,,,1,2,1,1,3
202100035528,2021-06-09 09:00:00,2021,6,9,9,0,75,75113,BOULEVARD PERIPHERIQUE,48.822433,2.380221,Plein jour,En agglomération,Hors intersection,Normale,Deux véhicules - côté,4,1,4,0,1,1,1,0,1,70,,2,1,0,0,1,25.0,34.0,,,1,2,1,1,3
202100035529,2021-06-08 22:25:00,2021,6,8,22,25,75,75118,PORTE DE SAINT OUEN,48.900616,2.330349,Nuit avec éclairage allumé,En agglomération,Hors intersection,Normale,Deux véhicules - arrière,4,-1,4,0,1,1,1,0,1,70,,4,3,0,0,1,29.0,27.0,,,5,2,1,1,2
202100035530,2021-06-08 12:45:00,2021,6,8,12,45,75,75119,PORTE D AUBERVILLIERS,48.900359,2.376642,Plein jour,En agglomération,Hors intersection,Normale,Deux véhicules - arrière,4,1,4,0,1,1,1,0,1,70,,2,1,0,0,1,30.0,,,,1,2,1,1,2
202100035531,2021-06-07 07:35:00,2021,6,7,7,35,75,75116,PORTE MAILLOT,48.876429,2.278361,Plein jour,En agglomération,Hors intersection,Normale,Trois véhicules et plus - en chaîne,4,1,4,0,1,1,1,0,1,70,,3,2,0,0,1,60.0,34.0,,,1,2,1,1,4
202100035532,2021-06-08 14:56:00,2021,6,8,14,56,75,75109,RUE LA FAYETTE,48.874881,2.340162,Plein jour,En agglomération,Hors intersection,Normale,Autre collision,4,1,2,1,1,1,1,0,1,30,,2,1,1,0,0,39.0,,,,1,2,1,1,6
202100035533,2021-06-09 19:11:00,2021,6,9,19,11,75,75105,BOULEVARD SAINT MICHEL,48.850304,2.342652,Plein jour,En agglomération,Intersection à plus de 4 branches,Normale,Deux véhicules - côté,4,2,4,0,2,1,1,0,1,50,,2,1,0,0,1,26.0,32.0,,,1,2,5,1,3
202100035534,2021-06-08 18:00:00,2021,6,8,18,0,75,75106,BOULEVARD SAINT MICHEL,48.850307,2.342652,Plein jour,En agglomération,Intersection en X,Normale,Deux véhicules - côté,4,2,4,3,1,1,1,0,6,50,,3,1,0,0,2,54.0,21.0,,,1,2,2,1,3
202100035535,2021-06-09 19:25:00,2021,6,9,19,25,75,75118,BOULEVARD ORNANO,48.894603,2.347191,Plein jour,En agglomération,Intersection en X,Normale,Deux véhicules - côté,4,2,4,3,1,1,1,0,6,50,,2,1,0,0,1,32.0,53.0,,,1,2,2,1,3
202100035536,2021-06-09 16:10:00,2021,6,9,16,10,75,75118,BOULEVARD NEY,48.898448,2.366288,Plein jour,En agglomération,Hors intersection,Normale,Deux véhicules - côté,4,2,2,0,1,1,1,0,1,50,,2,1,0,0,1,61.0,38.0,,,1,2,1,1,3
202100035537,2021-06-09 10:40:00,2021,6,9,10,40,75,75117,BOULEVARD BERTHIER,48.892392,2.308684,Plein jour,En agglomération,Hors intersection,Normale,Autre collision,4,3,2,0,1,1,1,1,1,50,,1,0,0,0,1,51.0,,,,1,2,1,1,6
202100035538,2021-06-08 21:45:00,2021,6,8,21,45,75,75117,RUE JOUFFROY D ABBANS,48.88205,2.30106,Nuit avec éclairage allumé,En agglomération,Intersection en T,Normale,Deux véhicules - arrière,4,1,1,0,1,1,1,0,1,50,,2,1,0,0,1,19.0,54.0,,,5,2,3,1,2
202100035539,2021-06-09 18:20:00,2021,6,9,18,20,75,75115,RUE DU GENERAL GUILLAUMAT,48.828922,2.29415,Plein jour,En agglomération,Intersection en X,Normale,Deux véhicules - côté,4,2,4,0,1,1,1,0,1,50,,2,1,0,0,1,54.0,17.0,,,1,2,2,1,3
202100035540,2021-06-09 11:40:00,2021,6,9,11,40,75,75115,RUE ERNEST RENAN,48.842613,2.310376,Plein jour,En agglomération,Hors intersection,Normale,Autre collision,4,1,1,0,1,1,1,0,1,50,,2,1,0,0,1,51.0,,,,1,2,1,1,6
202100035541,2021-06-09 19:15:00,2021,6,9,19,15,75,75112,SOUTERRAIN QUAI DE LA RAPEE,48.842525,2.371653,Plein jour,En agglomération,Hors intersection,Normale,Deux véhicules - arrière,4,2,6,0,1,1,1,0,1,50,,4,3,0,0,1,26.0,23.0,,,1,2,1,1,2
202100035542,2021-06-09 11:40:00,2021,6,9,11,40,75,75112,RUE DES JARDINIERS,48.834333,2.396228,Plein jour,En agglomération,Hors intersection,Normale,Deux véhicules - arrière,4,1,1,0,2,1,1,0,1,50,,2,1,0,0,1,25.0,58.0,,,1,2,1,1,2
202100035543,2021-06-09 18:30:00,2021,6,9,18,30,75,75111,AVENUE DE LA REPUBLIQUE,48.86585,2.371575,Plein jour,En agglomération,Intersection en Y,Normale,Deux véhicules - côté,4,2,5,1,1,1,1,0,5,50,,2,1,0,0,1,33.0,29.0,,,1,2,4,1,3
202100035544,2021-06-09 18:39:00,2021,6,9,18,39,75,75111,BOULEVARD RICHARD LENOIR,48.854014,2.36915,Plein jour,En agglomération,Intersection en Y,Normale,Deux véhicules - côté,4,3,3,0,1,1,1,0,1,30,,2,1,0,0,1,60.0,36.0,,,1,2,4,1,3
202100035545,2021-06-06 21:10:00,2021,6,6,21,10,75,75109,BOULEVARD MONTMARTRE,48.871479,2.343073,Nuit avec éclairage allumé,En agglomération,Intersection en X,Normale,Deux véhicules - arrière,4,2,2,0,1,1,1,0,1,50,,2,1,0,0,1,,53.0,,,5,2,2,1,2
202100035546,2021-06-09 10:35:00,2021,6,9,10,35,75,75108,RUE DE SAINT PETERSBOURG,48.87997,2.324161,Plein jour,En agglomération,Intersection en Y,Normale,Deux véhicules - arrière,4,2,3,0,2,1,1,0,1,30,,2,1,0,0,1,67.0,42.0,,,1,2,4,1,2
202100035547,2021-06-09 08:30:00,2021,6,9,8,30,75,75108,RUE DE LISBONNE,48.877884,2.318166,Plein jour,En agglomération,Intersection en X,Normale,Autre collision,4,1,1,0,1,1,1,0,1,50,,2,1,0,0,1,56.0,,,,1,2,2,1,6
202100035548,2021-06-08 22:54:00,2021,6,8,22,54,75,75108,PONT DES INVALIDES,48.86426,2.310362,Nuit avec éclairage allumé,En agglomération,Intersection en X,Normale,Deux véhicules - arrière,4,2,4,1,1,1,1,2,1,50,,3,2,0,0,1,27.0,,,,5,2,2,1,2
202100035549,2021-06-09 19:30:00,2021,6,9,19,30,75,75107,QUAI BRANLY,48.857435,2.291105,Plein jour,En agglomération,Intersection en T,Normale,Deux véhicules - côté,4,2,4,1,1,1,1,0,5,50,,2,1,0,0,1,34.0,29.0,,,1,2,3,1,3
202100035550,2021-06-09 17:30:00,2021,6,9,17,30,75,75107,QUAI D ORSAY,48.862852,2.312841,Plein jour,En agglomération,Hors intersection,Normale,Sans collision,4,2,6,1,1,1,1,0,5,50,,1,0,0,0,1,43.0,,,,1,2,1,1,7
202100035551,2021-06-09 20:10:00,2021,6,9,20,10,75,75104,RUE DE RIVOLI,48.855268,2.360885,Plein jour,En agglomération,Hors intersection,Temps éblouissant,Autre collision,4,2,4,0,1,1,1,0,1,30,,1,0,0,0,1,46.0,,,,1,2,1,7,6
202100035552,2021-06-09 16:38:00,2021,6,9,16,38,75,75104,RUE DE RIVOLI,48.855268,2.360885,Plein jour,En agglomération,Hors intersection,Temps éblouissant,Autre collision,4,2,4,1,1,1,1,0,5,50,,1,0,0,0,1,62.0,,,,1,2,1,7,6
202100035553,2021-06-09 14:00:00,2021,6,9,14,0,75,75104,RUE DE RIVOLI,48.855268,2.360885,Plein jour,En agglomération,Hors intersection,Normale,Autre collision,4,2,4,1,1,1,1,0,5,30,,1,0,0,0,1,64.0,,,,1,2,1,1,6
202100035554,2021-06-08 09:55:00,2021,6,8,9,55,75,75103,RUE DE TURBIGO,48.865459,2.356117,Plein jour,En agglomération,Intersection en X,Normale,Deux véhicules - côté,4,1,4,1,1,1,1,0,1,30,,2,1,0,0,1,33.0,26.0,,,1,2,2,1,3
202100035555,2021-06-08 18:10:00,2021,6,8,18,10,94,94068,PETIT PARC (QU DU),48.81221,2.48532,Plein jour,En agglomération,Hors intersection,Normale,Deux véhicules - frontale,4,1,1,1,1,1,1,0,1,30,,2,0,0,0,2,14.0,65.0,,,1,2,1,1,1
202100035556,2021-06-08 16:00:00,2021,6,8,16,0,94,94068,Avenue Louis Blanc,48.796227,2.500311,Plein jour,En agglomération,Intersection en X,Normale,Autre collision,3,2,2,0,1,1,1,0,1,30,,2,1,0,1,0,34.0,,,,1,2,2,1,6
202100035557,2021-06-09 14:30:00,2021,6,9,14,30,94,94046,VICTOR HUGO (R),48.79969,2.44119,Plein jour,En agglomération,Hors intersection,Normale,Deux véhicules - frontale,4,-1,1,0,1,1,1,0,1,30,,2,1,0,1,0,22.0,23.0,,,1,2,1,1,1
202100035558,2021-06-09 00:30:00,2021,6,9,0,30,94,94046,REPUBLIQUE (AV DE LA),48.8063,2.44254,Nuit avec éclairage allumé,En agglomération,Hors intersection,Normale,Autre collision,3,2,2,0,1,1,1,0,1,50,,1,0,0,0,1,27.0,,,,5,2,1,1,6
202100035559,2021-06-08 10:30:00,2021,6,8,10,30,94,94028,GAULLE(AVENUE DU GENERAL DE),48.78787,2.44653,Plein jour,En agglomération,Hors intersection,Normale,Autre collision,3,3,4,0,1,1,1,0,1,50,,2,1,0,0,1,40.0,,,,1,2,1,1,6
202100035560,2021-06-09 06:30:00,2021,6,9,6,30,94,94022,Avenue Victor Hugo,48.77014,2.4256,Crépuscule ou aube,En agglomération,Intersection en T,Normale,Deux véhicules - arrière,3,1,2,2,1,1,1,0,1,50,,2,1,0,0,1,38.0,51.0,,,2,2,3,1,2
202100035561,2021-06-09 19:50:00,2021,6,9,19,50,94,94017,Avenue du Général de Gaulle,48.826239,2.505272,Plein jour,En agglomération,Hors intersection,Normale,Sans collision,3,2,3,0,1,1,1,0,1,50,,2,1,0,0,1,61.0,,,,1,2,1,1,7
202100035562,2021-06-08 23:20:00,2021,6,8,23,20,94,94017,Rue Louis Talamoni,48.813329,2.511734,Nuit avec éclairage allumé,En agglomération,Autre intersection,Normale,Deux véhicules - côté,3,3,4,0,2,1,1,0,1,50,,2,1,0,0,1,22.0,33.0,,,5,2,9,1,3
202100035563,2021-06-09 17:00:00,2021,6,9,17,0,93,93073,Avenue du Parc / Avenue Ernest Renan,48.9532,2.57399,Plein jour,En agglomération,Intersection en T,Normale,Autre collision,4,2,2,0,1,1,1,0,1,50,,4,2,0,0,2,38.0,,,,1,2,3,1,6
202100035564,2021-06-09 19:50:00,2021,6,9,19,50,93,93066,Rue Henri Barbusse,48.94635,2.37182,Plein jour,En agglomération,Hors intersection,Normale,Autre collision,3,2,2,0,1,1,1,0,8,50,,3,2,0,0,1,39.0,,,,1,2,1,1,6
202100035565,2021-06-07 18:30:00,2021,6,7,18,30,93,93066,Rue Ambroise Croizat,48.9269,2.35555,Plein jour,En agglomération,Hors intersection,Normale,Deux véhicules - arrière,3,2,3,0,1,1,1,0,1,50,,3,2,0,0,1,24.0,21.0,,,1,2,1,1,2
202100035566,2021-06-08 16:20:00,2021,6,8,16,20,93,93064,VERDUN (RUE DE),48.87696,2.48029,Plein jour,En agglomération,Intersection en T,Normale,Deux véhicules - côté,3,1,1,0,1,1,1,0,1,50,,2,1,0,1,0,28.0,,,,1,2,3,1,3
202100035567,2021-06-09 07:45:00,2021,6,9,7,45,93,93051,Rue du Ballon / Rue des Aerostiers,48.83184,2.58155,Plein jour,En agglomération,Intersection en T,Normale,Deux véhicules - côté,4,2,2,0,1,1,1,9,1,50,,2,1,0,0,1,52.0,42.0,,,1,2,3,1,3
202100035568,2021-06-09 18:00:00,2021,6,9,18,0,93,93014,Allée de Gagny / Allée de Coubron,48.911436,2.549524,Plein jour,En agglomération,Intersection en X,Normale,Deux véhicules - arrière,3,2,2,0,1,1,1,0,1,50,,4,3,0,0,1,13.0,19.0,,,1,2,2,1,2
202100035569,2021-06-09 08:05:00,2021,6,9,8,5,93,93010,VAILLANT (RUE DU PROFESSEUR),48.899667,2.491517,Plein jour,En agglomération,Intersection en T,Normale,Deux véhicules - frontale,4,-1,0,0,1,1,1,0,1,30,,2,1,0,0,1,54.0,12.0,,,1,2,3,1,1
202100035570,2021-06-09 14:15:00,2021,6,9,14,15,93,93001,FELIX FAURE (BLD) => 121,48.903534,2.383183,Plein jour,En agglomération,Hors intersection,Normale,Deux véhicules - côté,3,2,2,0,1,1,1,0,1,50,,2,1,0,0,1,25.0,42.0,,,1,2,1,1,3
202100035571,2021-06-07 18:15:00,2021,6,7,18,15,92,92072,TROYON (RUE),48.8276449087,2.2254127264,Plein jour,En agglomération,Intersection en Y,Normale,Autre collision,2,1,-1,-1,1,2,1,0,1,-1,,1,0,0,0,1,57.0,,,,1,2,4,1,6
202100035572,2021-06-08 21:10:00,2021,6,8,21,10,92,92063,FOUILLEUSE (AVENUE DE),48.8626267419,2.1937358379,Plein jour,En agglomération,Hors intersection,Normale,Autre collision,4,1,2,0,1,1,1,0,1,50,,3,1,0,0,2,50.0,,,,1,2,1,1,6
202100035573,2021-06-05 17:50:00,2021,6,5,17,50,92,92063,BONAPARTE (AVENUE NAPOLEON) NORD,48.87264,2.16313,Plein jour,En agglomération,Hors intersection,Normale,Deux véhicules - arrière,3,3,3,0,1,1,1,9,1,50,,2,1,0,0,1,20.0,29.0,,,1,2,1,1,2
202100035574,2021-06-09 14:46:00,2021,6,9,14,46,92,92062,DE DION BOUTON (QUAI) DU 29 AU 65,48.8855351858,2.2514207661,Plein jour,En agglomération,Intersection en T,Normale,Deux véhicules - côté,3,1,3,0,1,1,1,5,1,50,,2,1,0,0,1,23.0,23.0,,,1,2,3,1,3
202100035575,2021-06-09 08:44:00,2021,6,9,8,44,92,92050,PLAIDEURS RUE DES,48.87974,2.21892,Plein jour,En agglomération,Intersection à plus de 4 branches,Temps éblouissant,Deux véhicules - côté,3,2,-1,-1,1,1,1,0,1,-1,,2,1,0,0,1,23.0,34.0,,,1,2,5,7,3
202100035576,2021-06-08 07:50:00,2021,6,8,7,50,92,92050,PAQUERETTES RUE DES,48.9078548989,2.213550657,Plein jour,En agglomération,Intersection en T,Normale,Sans collision,3,1,1,0,1,1,1,0,1,50,,1,0,0,0,1,40.0,,,,1,2,3,1,7
202100035577,2021-06-05 20:50:00,2021,6,5,20,50,92,92020,PARIS AVENUE DE N° IMPAIRS,48.80741,2.29434,Plein jour,En agglomération,Hors intersection,Normale,Deux véhicules - frontale,3,2,1,0,1,1,1,0,1,50,,2,1,0,0,1,27.0,29.0,,,1,2,1,1,1
202100035578,2021-06-08 10:35:00,2021,6,8,10,35,92,92049,BROSSOLETTE AVENUE PIERRE,48.81808,2.30849,Plein jour,En agglomération,Intersection en Y,Normale,Deux véhicules - côté,3,2,4,2,1,1,1,0,5,50,,3,1,0,1,1,37.0,28.0,,,1,2,4,1,3
202100035579,2021-06-09 13:10:00,2021,6,9,13,10,92,92044,ALSACE (RUE) N°1 A 17 ET 2 A 18,48.8909592371,2.2947800159,Plein jour,En agglomération,Intersection en X,Normale,Autre collision,4,2,2,0,1,1,1,6,1,50,,2,1,0,0,1,28.0,,,,1,2,2,1,6
202100035580,2021-06-09 12:35:00,2021,6,9,12,35,92,92036,CHEMIN DES RENIERS (AVENUE DU),48.9344816922,2.3208859563,Plein jour,En agglomération,Intersection en T,Normale,Autre collision,3,2,4,0,1,1,1,0,1,50,,2,1,0,0,1,45.0,,,,1,2,3,1,6
202100035581,2021-06-08 12:45:00,2021,6,8,12,45,92,92036,MARCEL PAUL (AVENUE) (1/103),48.9422967005,2.3028802872,Plein jour,En agglomération,Hors intersection,Normale,Deux véhicules - arrière,3,3,6,0,1,1,1,0,1,50,,4,3,0,0,1,32.0,41.0,,,1,2,1,1,2
202100035582,2021-06-09 18:00:00,2021,6,9,18,0,92,92071,GENERAL LECLERC (AVENUE DU),48.7759530671,2.313850522,Plein jour,En agglomération,Hors intersection,Normale,Trois véhicules et plus - collisions multiples,3,1,2,1,1,1,1,0,1,50,,4,3,0,0,1,28.0,19.0,,,1,2,1,1,5
202100035583,2021-06-09 19:19:00,2021,6,9,19,19,92,92007,VERDUN (RUE DE) N° PAIRS,48.8019985683,2.3170611262,Plein jour,En agglomération,Hors intersection,Normale,Deux véhicules - côté,4,2,2,0,1,1,1,0,1,50,,3,1,0,0,2,45.0,34.0,,,1,2,1,1,3
202100035584,2021-06-06 17:40:00,2021,6,6,17,40,01,01378,Chemin du Zonchet,45.808689,5.181604,Plein jour,En agglomération,Giratoire,Normale,Autre collision,4,2,2,0,2,4,1,0,3,50,,2,1,0,0,1,28.0,,,,1,2,6,1,6
202100035585,2021-06-08 17:55:00,2021,6,8,17,55,62,62898,D208e1,50.723713,2.197329,Plein jour,Hors agglomération,Intersection en T,Normale,Deux véhicules - côté,3,2,2,0,2,1,1,0,1,70,,2,1,0,1,0,69.0,24.0,,,1,1,3,1,3
202100035586,2021-06-09 17:41:00,2021,6,9,17,41,91,91340,D153,48.592721,2.433885,Plein jour,Hors agglomération,Giratoire,Normale,Deux véhicules - côté,3,1,1,0,1,2,1,0,1,50,,3,2,0,1,0,47.0,21.0,,,1,1,6,1,3
202100035587,2021-06-10 11:05:00,2021,6,10,11,5,38,38425,Rue Jules Guesde,45.388264,4.782915,Plein jour,En agglomération,Hors intersection,Normale,Deux véhicules - frontale,3,2,2,0,1,1,1,0,1,50,,2,1,0,1,0,37.0,59.0,,,1,2,1,1,1
202100035588,2021-03-26 11:16:00,2021,3,26,11,16,01,01004,Avenue de Verdun,45.961152,5.355121,Plein jour,En agglomération,Intersection en T,Normale,Deux véhicules - côté,4,2,3,0,3,1,1,5,1,50,,2,1,0,0,1,75.0,60.0,,,1,2,3,1,3
202100035589,2021-06-10 08:00:00,2021,6,10,8,0,77,77141,A4 Pk 36+300,48.863843,2.848372,Plein jour,Hors agglomération,Autre intersection,Normale,Sans collision,1,1,2,3,1,3,1,8,1,130,,1,0,0,1,0,50.0,,,,1,1,9,1,7
202100035590,2021-06-10 00:50:00,2021,6,10,0,50,83,83048,Le Parc des Chenes,43.204339,6.562057,Nuit sans éclairage public,Hors agglomération,Hors intersection,Normale,Autre collision,4,-1,2,0,2,2,1,0,1,50,,1,0,0,0,1,24.0,,,,3,1,1,1,6
202100035591,2021-06-10 03:25:00,2021,6,10,3,25,22,22193,RN 12 PR 031+200,48.420828,-2.448149,Nuit sans éclairage public,Hors agglomération,Hors intersection,Normale,Sans collision,2,3,4,0,1,1,1,0,1,110,,1,0,0,0,1,21.0,,,,3,1,1,1,7
202100035592,2021-06-10 09:35:00,2021,6,10,9,35,83,83070,Traverse des cabrovaires,43.138643,6.361513,Plein jour,En agglomération,Intersection en T,Normale,Autre collision,3,1,2,0,3,1,1,0,1,50,,2,1,0,0,1,59.0,,,,1,2,3,1,6
202100035593,2021-06-10 18:00:00,2021,6,10,18,0,85,85013,départementale 37,46.914583,-1.134918,Plein jour,Hors agglomération,Hors intersection,Temps couvert,Autre collision,3,2,2,0,1,2,1,0,8,80,,4,2,0,2,0,28.0,,,,1,1,1,8,6
202100035594,2021-06-10 18:00:00,2021,6,10,18,0,30,30256,1 Route de Barjac,44.184043,4.579684,Plein jour,En agglomération,Hors intersection,Normale,Autre collision,4,2,2,0,1,1,1,0,1,30,,2,1,0,0,1,29.0,49.0,,,1,2,1,1,6
202100035595,2021-06-09 19:24:00,2021,6,9,19,24,34,34295,Pont de Barre - D613,43.564751,3.803673,Plein jour,Hors agglomération,Intersection en T,Normale,Deux véhicules - côté,7,2,2,0,1,1,1,5,1,80,,3,0,0,2,1,21.0,86.0,,,1,1,3,1,3
202100035596,2021-06-10 07:40:00,2021,6,10,7,40,51,51493,Chemin du Calvaire,49.2221123536,4.0977609158,Plein jour,Hors agglomération,Hors intersection,Normale,Deux véhicules - frontale,5,2,2,0,1,1,1,0,1,30,,2,1,1,0,0,38.0,33.0,,,1,1,1,1,1
202100035597,2021-06-09 10:45:00,2021,6,9,10,45,51,51582,Grande Rue Saint Nicolas,49.2978240716,3.8950003128,Plein jour,En agglomération,Hors intersection,Normale,Sans collision,3,2,2,0,2,3,1,0,1,50,,2,1,0,1,0,68.0,,,,1,2,1,1,7
202100035598,2021-06-09 16:55:00,2021,6,9,16,55,74,74256,Av de Geneve,45.954564,6.630025,Plein jour,En agglomération,Hors intersection,Normale,Trois véhicules et plus - collisions multiples,3,2,2,0,1,1,1,0,1,50,,4,2,0,1,1,46.0,51.0,,,1,2,1,1,5
202100035599,2021-06-09 16:00:00,2021,6,9,16,0,2A,2A271,T20,41.971664,8.819082,Plein jour,Hors agglomération,Giratoire,Normale,Deux véhicules - arrière,2,1,1,0,1,2,1,9,1,50,,2,1,0,0,1,49.0,41.0,,,1,1,6,1,2
202100035600,2021-06-09 17:15:00,2021,6,9,17,15,80,80811,Rue du Haut,49.771498,2.98392,Plein jour,En agglomération,Hors intersection,Normale,Deux véhicules - frontale,3,2,2,0,1,1,1,0,1,50,,2,1,0,0,1,45.0,34.0,,,1,2,1,1,1
202100035601,2021-06-10 16:45:00,2021,6,10,16,45,55,55268,RD162,48.964934,5.537367,Plein jour,Hors agglomération,Hors intersection,Normale,Sans collision,3,-1,2,0,1,1,1,0,8,80,,1,0,0,1,0,66.0,,,,1,1,1,1,7
202100035602,2021-06-09 17:00:00,2021,6,9,17,0,12,12052,D646,44.549637,2.044101,Plein jour,Hors agglomération,Hors intersection,Normale,Sans collision,3,2,2,0,2,2,1,0,1,80,,1,0,0,0,1,67.0,,,,1,1,1,1,7
202100035603,2021-06-08 15:00:00,2021,6,8,15,0,12,12254,D27,44.478117,2.521593,Plein jour,Hors agglomération,Hors intersection,Normale,Autre collision,3,2,2,0,1,2,1,0,3,90,,1,0,0,0,1,39.0,,,,1,1,1,1,6
202100035604,2021-06-10 12:20:00,2021,6,10,12,20,34,34096,D909,43.562652,3.180622,Plein jour,Hors agglomération,Autre intersection,Normale,Deux véhicules - côté,3,2,2,0,2,2,1,0,1,-1,,4,1,0,0,3,32.0,30.0,,,1,1,9,1,3
202100035605,2021-06-10 15:00:00,2021,6,10,15,0,39,39479,,46.947362,5.737267,Plein jour,Hors agglomération,Hors intersection,Normale,Deux véhicules - frontale,3,2,2,0,1,3,1,0,1,80,,3,1,0,0,2,63.0,53.0,,,1,1,1,1,1
202100035606,2021-06-09 10:50:00,2021,6,9,10,50,44,44010,Rue de Cornen,47.272849,-2.442532,Plein jour,En agglomération,Autre intersection,Normale,Autre collision,9,-1,2,0,1,1,1,9,1,30,,2,1,0,0,1,68.0,,,,1,2,9,1,6
202100035607,2021-06-09 17:20:00,2021,6,9,17,20,29,29004,D4 - Land Pen Oues,47.902621,-3.701963,Plein jour,Hors agglomération,Hors intersection,Normale,Deux véhicules - arrière,3,2,2,0,1,2,1,0,1,80,,2,0,0,0,2,39.0,74.0,,,1,1,1,1,2
202100035608,2021-06-09 22:30:00,2021,6,9,22,30,38,38027,D1090,45.426513,5.993983,Nuit avec éclairage allumé,Hors agglomération,Intersection en T,Normale,Deux véhicules - frontale,1,3,4,0,1,1,1,3,1,130,,2,1,0,0,1,19.0,31.0,,,5,1,3,1,1
202100035609,2021-06-10 16:11:00,2021,6,10,16,11,02,02820,intersection D1 / D429,49.624654,3.271308,Plein jour,Hors agglomération,Intersection en X,Temps éblouissant,Deux véhicules - côté,3,2,2,0,1,1,1,0,1,80,,2,1,0,1,0,69.0,51.0,,,1,1,2,7,3
202100035610,2021-06-09 16:50:00,2021,6,9,16,50,01,01093,Route de Thoissey,46.127166,4.944448,Plein jour,Hors agglomération,Intersection en T,Normale,Deux véhicules - arrière,3,2,2,0,1,1,1,0,1,80,,2,1,0,0,1,38.0,43.0,,,1,1,3,1,2
202100035611,2021-06-10 00:00:00,2021,6,10,0,0,70,70171,Avenue de la Forêt,47.894665,6.351594,Nuit sans éclairage public,Hors agglomération,Hors intersection,Pluie légère,Sans collision,4,2,1,0,1,1,2,0,3,80,,4,2,0,1,1,19.0,,,,3,1,1,2,7
202100035612,2021-06-10 09:10:00,2021,6,10,9,10,72,72272,D13,47.899154,0.657688,Plein jour,Hors agglomération,Hors intersection,Normale,Deux véhicules - frontale,3,2,2,0,3,1,1,0,1,80,,2,0,0,0,2,81.0,31.0,,,1,1,1,1,1
202100035613,2021-06-10 09:00:00,2021,6,10,9,0,50,50342,Rue du Cap,49.647678,-1.243687,Plein jour,Hors agglomération,Hors intersection,Normale,Deux véhicules - frontale,3,2,2,0,1,2,1,0,1,80,,2,1,0,1,0,63.0,18.0,,,1,1,1,1,1
202100035614,2021-06-09 08:30:00,2021,6,9,8,30,83,83012,"RD 35, PK 014+700",43.561269,5.956221,Plein jour,Hors agglomération,Hors intersection,Normale,Deux véhicules - frontale,3,2,2,0,1,2,1,0,1,-1,,2,0,0,1,1,24.0,45.0,,,1,1,1,1,1
202100035615,2021-06-08 14:25:00,2021,6,8,14,25,45,45008,"relais des muids, route nationale 20",48.057857,1.876098,Plein jour,Hors agglomération,Hors intersection,Normale,Deux véhicules - côté,3,2,2,0,1,1,1,0,1,90,,2,1,0,1,0,49.0,18.0,,,1,1,1,1,3