accident_id,datetime,annee,mois,jour,heure,minute,departement,commune_insee,adresse,latitude,longitude,luminosite,agglomeration,intersection,meteo,collision,catr,circ,nbv,vosp,prof,plan,surf,infra,situ,vma,nb_vehicules,nb_usagers,nb_indemnes,nb_tues,nb_blesses_hosp,nb_blesses_legers,age_cond_1,age_cond_2,veh_type_cond_1,veh_type_cond_2,lum_code,agg_code,int_code,atm_code,col_code
202100035616,2021-06-09 17:45:00,2021,6,9,17,45,64,64458,RD936,43.260933,-0.723172,Plein jour,Hors agglomération,Hors intersection,Normale,Deux véhicules - frontale,3,2,2,0,2,1,1,0,1,80,,6,0,3,3,0,37.0,67.0,,,1,1,1,1,1
202100035617,2021-06-10 15:15:00,2021,6,10,15,15,36,36070,la route du lac,46.443772,1.596794,Plein jour,Hors agglomération,Hors intersection,Normale,Autre collision,3,2,1,0,2,3,1,0,3,80,,1,0,0,1,0,63.0,,,,1,1,1,1,6
202100035618,2021-06-09 21:35:00,2021,6,9,21,35,16,16148,Lieu-Dit La Combe de Cerceville,45.811216,0.004457,Crépuscule ou aube,Hors agglomération,Hors intersection,Normale,Deux véhicules - frontale,3,2,2,0,2,3,1,0,1,80,,3,2,0,1,0,31.0,37.0,,,2,1,1,1,1
202100035619,2021-06-10 16:48:00,2021,6,10,16,48,53,53062,Chemin du Moulinet,47.828218,-0.723327,Plein jour,En agglomération,Intersection en T,Normale,Deux véhicules - côté,4,2,1,0,2,1,1,0,1,50,,2,1,0,1,0,48.0,15.0,,,1,2,3,1,3
202100035620,2021-06-08 18:57:00,2021,6,8,18,57,24,24009,lieu dit fontanelle,45.319995,1.12091,Plein jour,Hors agglomération,Hors intersection,Normale,Sans collision,4,2,2,0,2,2,1,0,1,80,,1,0,0,1,0,58.0,,,,1,1,1,1,7
202100035621,2021-06-08 14:45:00,2021,6,8,14,45,27,27693,4 Rue du Sacq,48.894758,1.076564,Plein jour,En agglomération,Intersection en T,Normale,Deux véhicules - côté,4,-1,1,0,2,1,1,0,1,50,,2,1,0,1,0,61.0,53.0,,,1,2,3,1,3
202100035622,2021-06-09 22:47:00,2021,6,9,22,47,17,17349,rue des maisons neuves (choupeau),46.277808,-0.859447,Nuit avec éclairage non allumé,En agglomération,Hors intersection,Normale,Deux véhicules - frontale,3,2,2,0,1,2,1,0,1,50,,2,1,0,1,0,33.0,30.0,,,4,2,1,1,1
202100035623,2021-06-09 19:35:00,2021,6,9,19,35,30,30317,D986l,43.92069,4.56415,Plein jour,Hors agglomération,Hors intersection,Normale,Sans collision,3,2,2,0,1,1,1,0,3,80,,3,0,0,2,1,28.0,,,,1,1,1,1,7
202100035624,2021-05-30 16:10:00,2021,5,30,16,10,24,24581,Siorac Est,45.034154,0.570023,Plein jour,Hors agglomération,Hors intersection,Normale,Sans collision,3,2,2,0,1,2,1,0,3,80,,2,1,0,1,0,48.0,,,,1,1,1,1,7
202100035625,2021-06-09 12:15:00,2021,6,9,12,15,973,97309,Route de Rémire,4.907714,-52.272823,Plein jour,En agglomération,Intersection en X,Pluie légère,Deux véhicules - côté,3,2,2,2,1,1,2,0,1,50,,3,1,0,1,1,40.0,47.0,,,1,2,2,2,3
202100035626,2021-06-10 15:00:00,2021,6,10,15,0,974,97402,24 Les Hauts de Bellevue,-21.005155,55.622674,Plein jour,Hors agglomération,Hors intersection,Normale,Autre collision,4,2,2,0,2,3,1,0,8,80,,1,0,1,0,0,72.0,,,,1,1,1,1,6
202100035627,2021-06-09 20:17:00,2021,6,9,20,17,95,95462,RD 86,49.14737,1.73099,Plein jour,Hors agglomération,Hors intersection,Normale,Trois véhicules et plus - collisions multiples,3,2,2,0,1,4,1,0,1,80,,3,2,0,1,0,21.0,59.0,,,1,1,1,1,5
202100035628,2021-06-09 20:00:00,2021,6,9,20,0,78,78206,Route Departementale 113,48.952085,1.912125,Crépuscule ou aube,Hors agglomération,Hors intersection,Normale,Trois véhicules et plus - collisions multiples,3,2,2,0,3,1,1,0,1,80,,4,2,0,1,1,65.0,24.0,,,2,1,1,1,5
202100035629,2021-06-09 20:35:00,2021,6,9,20,35,2A,2A247,Rue Henry Frenay,41.602102,9.278737,Plein jour,En agglomération,Intersection en X,Normale,Deux véhicules - côté,3,2,2,0,1,1,1,0,1,50,,2,1,0,0,1,75.0,43.0,,,1,2,2,1,3
202100035630,2021-06-09 18:00:00,2021,6,9,18,0,34,34022,D26,43.6651708,4.00190949,Plein jour,Hors agglomération,Giratoire,Normale,Deux véhicules - côté,7,2,2,0,1,2,1,0,1,70,,2,1,0,0,1,57.0,50.0,,,1,1,6,1,3
202100035631,2021-06-09 15:40:00,2021,6,9,15,40,13,13100,D5,43.809714,4.816223,Plein jour,Hors agglomération,Intersection en X,Normale,Deux véhicules - côté,3,2,2,0,1,1,1,0,1,70,,3,1,0,1,1,19.0,60.0,,,1,1,2,1,3
202100035632,2021-06-09 13:30:00,2021,6,9,13,30,89,89295,Départementale 31,47.816234,3.554127,Plein jour,Hors agglomération,Hors intersection,Normale,Sans collision,3,2,2,0,1,1,1,0,8,70,,1,0,0,1,0,45.0,,,,1,1,1,1,7
202100035633,2021-06-10 10:23:00,2021,6,10,10,23,71,71448,Route Nationale 6,46.383116,4.867673,Plein jour,Hors agglomération,Hors intersection,Normale,Deux véhicules - arrière,3,2,4,0,1,1,1,0,1,90,,2,1,0,0,1,45.0,23.0,,,1,1,1,1,2
202100035634,2021-06-08 17:00:00,2021,6,8,17,0,67,67519,M301,48.668841,7.797858,Plein jour,Hors agglomération,Giratoire,Normale,Trois véhicules et plus - collisions multiples,7,-1,2,0,1,3,1,5,1,70,,5,4,0,0,1,39.0,32.0,,,1,1,6,1,5
202100035635,2021-06-08 18:50:00,2021,6,8,18,50,57,57481,rue du général de gaulle,49.219994,6.039916,Plein jour,Hors agglomération,Hors intersection,Normale,Autre collision,3,2,2,0,1,1,1,0,1,80,,1,0,0,0,1,32.0,,,,1,1,1,1,6
202100035636,2021-06-08 18:00:00,2021,6,8,18,0,79,79115,lieu dit la Garenne,46.352793,-0.081046,Plein jour,Hors agglomération,Hors intersection,Normale,Sans collision,4,2,2,0,1,1,1,0,3,80,,1,0,0,1,0,66.0,,,,1,1,1,1,7
202100035637,2021-06-09 17:55:00,2021,6,9,17,55,33,33042,,44.507299,-0.788666,Plein jour,En agglomération,Hors intersection,Normale,Deux véhicules - arrière,3,2,2,0,2,1,1,0,1,50,,2,1,0,1,0,15.0,48.0,,,1,2,1,1,2
202100035638,2021-06-10 00:05:00,2021,6,10,0,5,85,85083,D38,46.98428,-2.27241,Nuit sans éclairage public,En agglomération,Hors intersection,Normale,Autre collision,9,2,2,1,1,1,1,0,5,50,,2,1,0,1,0,28.0,,,,3,2,1,1,6
202100035639,2021-06-09 14:50:00,2021,6,9,14,50,14,14332,D658 ,48.871187,-0.18962,Plein jour,En agglomération,Hors intersection,Normale,Autre collision,3,2,2,0,1,1,1,0,1,50,,1,0,0,1,0,28.0,,,,1,2,1,1,6
202100035640,2021-06-09 23:30:00,2021,6,9,23,30,29,29058,Route de Beg-Meil,47.874271,-3.996949,Nuit sans éclairage public,Hors agglomération,Hors intersection,Normale,Autre collision,3,2,2,0,1,1,1,0,3,80,,1,0,0,1,0,17.0,,,,3,1,1,1,6
202100035641,2021-06-09 10:00:00,2021,6,9,10,0,27,27275,Route d Angreville,49.156969,1.349065,Plein jour,En agglomération,Giratoire,Normale,Deux véhicules - arrière,3,3,1,0,1,1,1,0,1,80,,2,1,0,0,1,48.0,53.0,,,1,2,6,1,2
202100035642,2021-06-09 19:00:00,2021,6,9,19,0,13,13055,A507 sens Marseille - Aubagne,43.29602,5.42471,Plein jour,Hors agglomération,Hors intersection,Normale,Trois véhicules et plus - en chaîne,1,3,4,0,2,1,1,1,1,70,,4,3,0,0,1,27.0,19.0,,,1,1,1,1,4
202100035643,2021-06-09 18:30:00,2021,6,9,18,30,13,13001,A51-Sens Marseille vers Aix en Provence,43.49222,5.40693,Plein jour,Hors agglomération,Hors intersection,Normale,Deux véhicules - côté,1,1,2,0,1,1,1,0,1,90,,2,1,0,0,1,22.0,31.0,,,1,1,1,1,3
202100035644,2021-06-06 19:34:00,2021,6,6,19,34,13,13202,TVPCM-Sens Saint Victor vers Les Ports,43.2943,5.36395,Plein jour,Hors agglomération,Hors intersection,Normale,Deux véhicules - arrière,1,1,2,0,1,1,1,1,1,50,,5,2,0,0,3,36.0,22.0,,,1,1,1,1,2
202100035645,2021-06-05 01:15:00,2021,6,5,1,15,83,83035,A50,43.1634205514,5.7670473595,Nuit sans éclairage public,Hors agglomération,Hors intersection,Normale,Trois véhicules et plus - collisions multiples,1,3,6,0,1,3,1,0,1,130,,9,4,0,3,2,31.0,24.0,,,3,1,1,1,5
202100035646,2021-04-19 15:55:00,2021,4,19,15,55,69,69281,A46 ,45.6445,4.9107,Plein jour,Hors agglomération,Hors intersection,Normale,Trois véhicules et plus - en chaîne,1,3,4,0,1,1,1,0,1,90,,3,2,0,1,0,44.0,58.0,,,1,1,1,1,4
202100035647,2021-06-05 01:00:00,2021,6,5,1,0,69,69389,M6   451.790 A 453.400,45.76362,4.80248,Nuit avec éclairage allumé,Hors agglomération,Hors intersection,Pluie légère,Deux véhicules - arrière,7,3,4,0,1,1,2,1,1,70,,3,2,0,0,1,67.0,20.0,,,5,1,1,2,2
202100035648,2021-06-08 09:35:00,2021,6,8,9,35,33,33281,Rocade Ouest A630,44.83799,-0.67606,Plein jour,Hors agglomération,Hors intersection,Normale,Deux véhicules - arrière,1,3,6,0,1,1,1,0,1,90,,2,1,0,0,1,30.0,32.0,,,1,1,1,1,2
202100035649,2021-06-09 19:15:00,2021,6,9,19,15,91,91549,RN 104,48.62512,2.3348,Plein jour,Hors agglomération,Hors intersection,Normale,Deux véhicules - arrière,2,3,4,0,1,1,1,0,1,110,,2,1,0,0,1,37.0,26.0,,,1,1,1,1,2
202100035650,2021-06-09 17:10:00,2021,6,9,17,10,94,94003,AUTOROUTE A6A,48.8008785309,2.3418099706,Plein jour,Hors agglomération,Hors intersection,Normale,Sans collision,1,3,6,0,3,2,1,0,1,90,,1,0,0,0,1,28.0,,,,1,1,1,1,7
202100035651,2021-06-09 13:10:00,2021,6,9,13,10,91,91136,AUTOROUTE A10,48.71448,2.27243,Plein jour,Hors agglomération,Hors intersection,Normale,Sans collision,1,3,3,0,1,1,1,0,1,90,,1,0,0,0,1,42.0,,,,1,1,1,1,7
202100035652,2021-06-09 08:30:00,2021,6,9,8,30,94,94034,AUTOROUTE A86,48.75923,2.32369,Plein jour,Hors agglomération,Hors intersection,Normale,Deux véhicules - arrière,1,-1,4,0,2,1,1,1,1,70,,3,1,0,0,2,45.0,20.0,,,1,1,1,1,2
202100035653,2021-06-09 07:50:00,2021,6,9,7,50,91,91216,AUTOROUTE A6,48.68309,2.32913,Plein jour,Hors agglomération,Hors intersection,Normale,Deux véhicules - arrière,1,1,3,0,1,1,1,0,1,110,,2,1,0,0,1,36.0,43.0,,,1,1,1,1,2
202100035654,2021-06-08 22:10:00,2021,6,8,22,10,91,91216,AUTOROUTE A6,48.68306,2.32878,Nuit sans éclairage public,Hors agglomération,Hors intersection,Normale,Deux véhicules - arrière,1,1,6,0,2,1,1,0,1,110,,2,1,0,0,1,26.0,52.0,,,3,1,1,1,2
202100035655,2021-06-09 08:45:00,2021,6,9,8,45,78,78043,A12 W,48.824577,2.074294,Plein jour,Hors agglomération,Hors intersection,Normale,Deux véhicules - côté,1,3,5,0,1,1,1,0,1,110,,2,1,0,0,1,35.0,32.0,,,1,1,1,1,3
202100035656,2021-06-08 16:40:00,2021,6,8,16,40,92,92050,A86,48.8989782331,2.199459672,Plein jour,Hors agglomération,Hors intersection,Normale,Autre collision,1,-1,4,0,1,1,1,0,1,70,,2,1,0,0,1,64.0,37.0,,,1,1,1,1,6
202100035657,2021-06-09 15:30:00,2021,6,9,15,30,92,92036,AUTOROUTE A15,48.93788,2.29767,Plein jour,Hors agglomération,Hors intersection,Normale,Deux véhicules - côté,1,3,6,0,1,1,1,0,1,90,,3,2,0,0,1,58.0,28.0,,,1,1,1,1,3
202100035658,2021-06-09 11:15:00,2021,6,9,11,15,93,93010,AUTOROUTE A3,48.91059,2.47536,Plein jour,Hors agglomération,Hors intersection,Normale,Deux véhicules - côté,1,3,6,0,1,1,1,0,1,110,,4,2,0,0,2,32.0,73.0,,,1,1,1,1,3
202100035659,2021-06-09 17:25:00,2021,6,9,17,25,94,94073,A86 INT,48.76978,2.38053,Plein jour,Hors agglomération,Hors intersection,Normale,Trois véhicules et plus - en chaîne,1,3,6,0,1,2,1,0,1,90,,3,2,0,0,1,46.0,55.0,,,1,1,1,1,4
202100035660,2021-06-09 07:00:00,2021,6,9,7,0,93,93051,A4,48.837021,2.547829,Plein jour,Hors agglomération,Hors intersection,Normale,Deux véhicules - côté,1,3,3,0,2,1,1,0,1,110,,3,2,0,0,1,38.0,35.0,,,1,1,1,1,3
202100035661,2021-06-08 10:30:00,2021,6,8,10,30,69,69264,AMPERE (R),45.9867230872,4.730389595,Plein jour,En agglomération,Hors intersection,Normale,Autre collision,4,1,0,0,1,1,1,0,1,50,,2,1,0,0,1,,,,,1,2,1,1,6
202100035662,2021-06-08 11:45:00,2021,6,8,11,45,988,98818,VE1 sens Sud/Nord,-22.22939,166.45815,Plein jour,Hors agglomération,Hors intersection,Normale,Autre collision,1,3,4,0,1,3,1,0,1,70,,1,0,0,1,0,44.0,,,,1,1,1,1,6
202100035663,2021-06-08 17:40:00,2021,6,8,17,40,974,97416,RN1 (ROUTE NATIONALE),-21.32739,55.45072,Plein jour,Hors agglomération,Autre intersection,Normale,Deux véhicules - arrière,2,1,2,0,1,1,1,0,1,110,,2,1,0,0,1,27.0,31.0,,,1,1,9,1,2
202100035664,2021-06-07 07:45:00,2021,6,7,7,45,974,97416,BOEUF (CHEMIN) (2),-21.2976,55.4554,Plein jour,Hors agglomération,Hors intersection,Pluie forte,Deux véhicules - côté,4,2,2,0,2,1,2,0,1,50,,2,1,0,0,1,59.0,51.0,,,1,1,1,3,3
202100035665,2021-06-08 08:00:00,2021,6,8,8,0,974,97411,LATTRE DE TASSIGNY (AVENUE MARECHAL DE),-20.8892103242,55.4768505268,Plein jour,En agglomération,Place,Temps éblouissant,Autre collision,4,3,3,3,1,1,1,5,1,50,,2,1,0,0,1,32.0,,,,1,2,7,7,6
202100035666,2021-06-07 21:00:00,2021,6,7,21,0,974,97407,VERGES(AVENUE),-20.93934,55.30237,Nuit avec éclairage allumé,En agglomération,Hors intersection,Normale,Sans collision,4,-1,1,0,1,1,1,0,4,50,,2,1,0,0,1,,,,,5,2,1,1,7
202100035667,2021-06-09 01:30:00,2021,6,9,1,30,69,69259,VIVIANI (AV),45.72649,4.86399,Nuit avec éclairage allumé,En agglomération,Hors intersection,Normale,Sans collision,4,3,2,2,1,1,1,0,1,50,,3,1,0,0,2,,,,,5,2,1,1,7
202100035668,2021-06-08 12:20:00,2021,6,8,12,20,69,69383,LAFAYETTE (CR),45.7635848851,4.8534920812,Plein jour,En agglomération,Intersection en X,Normale,Deux véhicules - côté,4,2,3,0,1,1,1,0,1,50,,2,1,0,0,1,15.0,55.0,,,1,2,2,1,3
202100035669,2021-06-08 08:10:00,2021,6,8,8,10,69,69386,TETE D'OR (DE LA) (R),45.7674057105,4.8527190685,Plein jour,En agglomération,Hors intersection,Normale,Autre collision,4,1,1,1,1,1,1,0,1,50,,2,1,0,0,1,,,,,1,2,1,1,6
202100035670,2021-06-08 09:10:00,2021,6,8,9,10,69,69385,PIERRE VALDO (R),45.75024,4.79149,Plein jour,En agglomération,Hors intersection,Normale,Deux véhicules - côté,4,2,2,0,1,1,1,0,1,50,,2,1,0,0,1,22.0,86.0,,,1,2,1,1,3
202100035671,2021-06-07 17:00:00,2021,6,7,17,0,69,69381,JEAN MOULIN (Q),45.7662929788,4.8380559683,Plein jour,En agglomération,Intersection en T,Normale,Autre collision,4,3,4,3,1,1,1,0,6,50,,2,1,0,0,1,35.0,,,,1,2,3,1,6
202100035672,2021-06-07 12:09:00,2021,6,7,12,9,69,69385,BARTHELEMY BUYER                    (AV),45.7584713435,4.8121458292,Plein jour,En agglomération,Intersection en X,Normale,Deux véhicules - côté,4,2,2,0,1,1,1,8,1,50,,2,1,0,0,1,29.0,64.0,,,1,2,2,1,3
202100035673,2021-06-08 13:25:00,2021,6,8,13,25,971,97101,DE LA BALANCE (CHEMIN),16.29418,-61.50191,Plein jour,Hors agglomération,Hors intersection,Normale,Autre collision,4,2,2,0,1,2,1,2,3,90,,2,1,0,0,1,37.0,,,,1,1,1,1,6
202100035674,2021-06-07 18:00:00,2021,6,7,18,0,95,95014,DOCTEUR SCHWEITZER  RUE DU,48.9967665625,2.2991895676,Plein jour,En agglomération,Hors intersection,Normale,Deux véhicules - arrière,3,2,2,0,1,1,1,0,1,50,,2,1,0,1,0,49.0,51.0,,,1,2,1,1,2
202100035675,2021-05-30 17:35:00,2021,5,30,17,35,95,95500,LARRIS VERTS (LES),49.0350350844,2.090455337,Plein jour,En agglomération,Hors intersection,Normale,Trois véhicules et plus - collisions multiples,6,-1,-1,0,1,1,1,0,1,10,,5,4,0,0,1,,,,,1,2,1,1,5
202100035676,2021-06-08 17:00:00,2021,6,8,17,0,95,95018,HELOISE (BOULEVARD),48.939563,2.248285,Plein jour,En agglomération,Hors intersection,Normale,Autre collision,4,2,2,-1,1,1,1,0,1,-1,,2,1,0,0,1,,,,,1,2,1,1,6
202100035677,2021-06-07 18:00:00,2021,6,7,18,0,95,95063,Rue Julius et Ethel Rosenberg,48.92346,2.21725,Plein jour,En agglomération,Hors intersection,Normale,Autre collision,3,1,2,0,1,1,1,0,1,50,,3,0,0,1,2,30.0,,,,1,2,1,1,6
202100035678,2021-06-08 20:00:00,2021,6,8,20,0,91,91549,LIBERTE (AVENUE DE LA),48.64207,2.34617,Plein jour,Hors agglomération,Hors intersection,Normale,Autre collision,4,3,1,0,1,3,1,0,1,30,,2,1,0,0,1,20.0,,,,1,1,1,1,6
202100035679,2021-06-07 20:15:00,2021,6,7,20,15,91,91216,CD 257,48.673479,2.335194,Crépuscule ou aube,En agglomération,Intersection en X,Normale,Deux véhicules - arrière,3,1,2,0,1,1,1,0,1,50,,2,1,0,0,1,44.0,21.0,,,2,2,2,1,2
202100035680,2021-06-07 16:40:00,2021,6,7,16,40,91,91223,MEUNIERS (AVENUE DES),48.4404,2.15,Plein jour,En agglomération,Hors intersection,Normale,Deux véhicules - arrière,4,1,1,0,1,1,1,0,1,50,,2,1,0,0,1,34.0,52.0,,,1,2,1,1,2
202100035681,2021-06-06 12:03:00,2021,6,6,12,3,87,87050,LIMOGES (AVENUE DE),45.87644,1.23781,Plein jour,En agglomération,Hors intersection,Normale,Autre collision,4,2,2,0,1,1,1,0,1,50,,2,1,0,1,0,49.0,34.0,,,1,2,1,1,6
202100035682,2021-06-07 09:10:00,2021,6,7,9,10,86,86194,Rue Jean Jaures,46.578514,0.350388,Plein jour,En agglomération,Hors intersection,Normale,Deux véhicules - arrière,4,2,3,0,4,1,1,0,1,50,,2,1,0,1,0,23.0,62.0,,,1,2,1,1,2
202100035683,2021-06-07 15:25:00,2021,6,7,15,25,86,86041,Place Mozart,46.60067,0.354229,Plein jour,En agglomération,Hors intersection,Normale,Deux véhicules - côté,5,2,1,0,3,1,1,9,6,20,,2,0,0,0,2,42.0,28.0,,,1,2,1,1,3
202100035684,2021-06-08 19:30:00,2021,6,8,19,30,84,84087,ROUTE DE CAMARET,44.14446,4.82881,Crépuscule ou aube,En agglomération,Hors intersection,Normale,Deux véhicules - frontale,3,2,2,0,1,3,1,0,1,50,,4,1,1,2,0,36.0,57.0,,,2,2,1,1,1
202100035685,2021-06-04 09:35:00,2021,6,4,9,35,83,83050,JAURES(BOULEVARD JEAN),43.536666,6.466575,Plein jour,En agglomération,Hors intersection,Normale,Autre collision,4,2,2,0,2,1,1,0,1,50,,2,1,0,0,1,80.0,,,,1,2,1,1,6
202100035686,2021-06-07 07:40:00,2021,6,7,7,40,82,82121,ARDUS (AVENUE D'),44.037979,1.356935,Plein jour,En agglomération,Intersection en T,Normale,Deux véhicules - côté,3,2,2,0,1,1,1,0,1,50,,2,1,0,0,1,43.0,34.0,,,1,2,3,1,3
202100035687,2021-05-21 20:30:00,2021,5,21,20,30,78,78490,CHEVREUSE (AVENUE),48.7976,1.96533,Plein jour,Hors agglomération,Hors intersection,Normale,Autre collision,3,3,4,0,1,2,1,0,4,70,,2,0,1,0,1,32.0,,,,1,1,1,1,6
202100035688,2021-06-07 12:00:00,2021,6,7,12,0,77,77284,APPEL DU 18 JUIN 1940 (AV.DE L'),48.95161,2.909424,Plein jour,En agglomération,Hors intersection,Normale,Deux véhicules - arrière,4,1,2,0,1,1,1,0,1,50,,3,2,0,1,0,20.0,38.0,,,1,2,1,1,2
202100035689,2021-06-08 17:15:00,2021,6,8,17,15,76,76319,RN 138,49.34472,1.01244,Plein jour,Hors agglomération,Hors intersection,Normale,Deux véhicules - frontale,7,2,2,0,2,2,1,0,1,50,,2,0,0,0,2,39.0,39.0,,,1,1,1,1,1
202100035690,2021-06-08 06:20:00,2021,6,8,6,20,76,76157,CANAL. RUE DU (CD 51),49.45924,1.0439,Plein jour,En agglomération,Hors intersection,Normale,Deux véhicules - frontale,7,2,2,0,1,1,1,9,4,50,,2,1,0,0,1,27.0,29.0,,,1,2,1,1,1
202100035691,2021-06-08 16:00:00,2021,6,8,16,0,69,69266,EMILE ZOLA (CR),45.7705,4.86286,Plein jour,En agglomération,Passage à niveau,Normale,Autre collision,4,2,2,1,2,1,1,4,3,50,,3,1,0,0,2,17.0,,,,1,2,8,1,6
202100035692,2021-06-08 11:30:00,2021,6,8,11,30,69,69290,ANATOLE FRANCE (R),45.6924416137,4.9337893724,Plein jour,En agglomération,Autre intersection,Normale,Deux véhicules - côté,4,1,1,2,1,1,1,0,1,50,,2,1,0,1,0,56.0,65.0,,,1,2,9,1,3
202100035693,2021-06-08 18:50:00,2021,6,8,18,50,68,68224,PAPIN (RUE),47.75248,7.33206,Plein jour,En agglomération,Hors intersection,Normale,Deux véhicules - côté,4,2,2,0,1,1,1,0,1,50,,2,1,0,1,0,37.0,22.0,,,1,2,1,1,3
202100035694,2021-06-07 14:15:00,2021,6,7,14,15,67,67482,RHIN (AVENUE DU),48.5695230322,7.777633667,Plein jour,En agglomération,Hors intersection,Temps couvert,Sans collision,4,3,4,0,1,1,1,0,1,50,,2,1,0,0,1,48.0,44.0,,,1,2,1,8,7
202100035695,2021-06-08 16:00:00,2021,6,8,16,0,66,66136,ARGELES SUR MER AVENUE D',42.684,2.90922,Plein jour,En agglomération,Intersection en T,Normale,Deux véhicules - côté,4,3,4,3,1,1,1,0,1,50,,2,0,1,0,1,29.0,64.0,,,1,2,3,1,3
202100035696,2021-06-08 11:56:00,2021,6,8,11,56,65,65440,UNIVERSITE (ROND POINT DE L'),43.223568,0.046096,Plein jour,En agglomération,Hors intersection,Normale,Deux véhicules - arrière,3,3,4,0,1,1,1,0,3,50,,2,1,0,0,1,67.0,55.0,,,1,2,1,1,2
202100035697,2021-06-08 08:40:00,2021,6,8,8,40,65,65440,FORGES (AVENUE DES),43.241172,0.078278,Plein jour,En agglomération,Hors intersection,Normale,Autre collision,3,-1,2,0,1,1,1,0,1,50,,2,1,0,0,1,31.0,,,,1,2,1,1,6
202100035698,2021-06-07 13:25:00,2021,6,7,13,25,64,64483,ITHURRICO ETCHEA (RUE),43.38828,-1.6489,Plein jour,En agglomération,Hors intersection,Normale,Autre collision,4,2,2,0,1,1,1,0,1,50,,2,1,0,0,1,48.0,,,,1,2,1,1,6
202100035699,2021-06-08 19:15:00,2021,6,8,19,15,64,64445,PIERRE MASSE,43.3147,-0.35739,Plein jour,En agglomération,Giratoire,Normale,Deux véhicules - côté,4,2,2,0,1,2,1,0,1,30,,2,1,0,0,1,48.0,12.0,,,1,2,6,1,3
202100035700,2021-06-08 09:16:00,2021,6,8,9,16,64,64129,BAYONNE DE,43.30511,-0.40122,Plein jour,En agglomération,Giratoire,Normale,Deux véhicules - côté,3,1,1,1,1,3,1,0,5,50,,2,1,0,0,1,60.0,21.0,,,1,2,6,1,3
202100035701,2021-06-07 11:05:00,2021,6,7,11,5,64,64348,CHARLES DE GAULLE,43.3129,-0.41601,Plein jour,En agglomération,Hors intersection,Normale,Trois véhicules et plus - en chaîne,4,2,3,0,1,1,1,0,1,50,,4,3,0,0,1,77.0,41.0,,,1,2,1,1,4
202100035702,2021-06-08 12:40:00,2021,6,8,12,40,64,64122,MARECHAL JOFFRE (RUE DU),43.4765,-1.56237,Plein jour,En agglomération,Hors intersection,Normale,Sans collision,4,1,1,0,1,1,1,0,1,30,,1,0,0,1,0,78.0,,,,1,2,1,1,7
202100035703,2021-06-08 08:25:00,2021,6,8,8,25,64,64102,HENRI DE NAVARRE (AVENUE),43.49408,-1.45254,Plein jour,En agglomération,Intersection en X,Normale,Deux véhicules - côté,3,2,4,0,2,1,1,0,1,50,,2,1,0,0,1,14.0,33.0,,,1,2,2,1,3
202100035704,2021-06-07 19:30:00,2021,6,7,19,30,63,63113,NELATON (RUE),45.76007,3.09758,Plein jour,En agglomération,Hors intersection,Normale,Autre collision,4,2,2,0,1,1,1,0,1,50,,1,0,0,0,1,28.0,,,,1,2,1,1,6
202100035705,2021-06-03 07:50:00,2021,6,3,7,50,59,59090,WAMBRECHIES (AVENUE),50.705357,3.088078,Plein jour,En agglomération,Intersection en T,Normale,Deux véhicules - côté,4,2,3,1,1,1,1,8,5,50,,2,1,0,1,0,54.0,17.0,,,1,2,3,1,3
202100035706,2021-06-06 11:30:00,2021,6,6,11,30,59,59431,BAILLY ZONE COMMERCIALE,50.68601,2.84273,Plein jour,Hors agglomération,Giratoire,Normale,Deux véhicules - arrière,3,1,2,0,1,2,1,0,1,50,,2,1,0,0,1,30.0,79.0,,,1,1,6,1,2
202100035707,2021-06-07 15:30:00,2021,6,7,15,30,57,57606,RD 603,49.10928,6.72863,Plein jour,Hors agglomération,Autre intersection,Normale,Deux véhicules - côté,3,3,2,0,1,1,1,0,1,80,,4,0,0,0,4,25.0,57.0,,,1,1,9,1,3
202100035708,2021-05-28 16:50:00,2021,5,28,16,50,56,56260,N165 sens Nantes/Brest,47.66935,-2.76314,Plein jour,En agglomération,Hors intersection,Normale,Trois véhicules et plus - en chaîne,2,3,4,0,1,1,1,0,1,90,,3,2,0,0,1,75.0,36.0,,,1,2,1,1,4
202100035709,2021-06-05 19:33:00,2021,6,5,19,33,56,56260,Boulevard de la Paix,47.66129,-2.75524,Plein jour,En agglomération,Intersection en X,Normale,Deux véhicules - côté,3,2,4,1,1,1,1,0,1,50,,3,2,0,1,0,48.0,35.0,,,1,2,2,1,3
202100035710,2021-06-04 18:14:00,2021,6,4,18,14,54,54265,,48.64152,6.18231,Plein jour,Hors agglomération,Hors intersection,Normale,Deux véhicules - côté,4,2,2,1,1,3,1,0,5,50,,2,1,0,0,1,20.0,50.0,,,1,1,1,1,3
202100035711,2021-06-07 12:34:00,2021,6,7,12,34,54,54184,SAULXURES (AVENUE DE),48.70405,6.246003,Plein jour,En agglomération,Hors intersection,Normale,Autre collision,4,2,-1,0,1,1,1,0,1,50,,2,1,0,0,1,75.0,,,,1,2,1,1,6
202100035712,2021-06-08 07:55:00,2021,6,8,7,55,50,50165,COUTANCES (ROUTE DE),48.844341,-1.58572,Plein jour,En agglomération,Hors intersection,Normale,Deux véhicules - arrière,3,-1,0,0,1,1,1,0,1,30,,2,1,0,0,1,41.0,56.0,,,1,2,1,1,2
202100035713,2021-06-07 16:02:00,2021,6,7,16,2,49,49007,LIZE,47.45461,-0.53415,Plein jour,En agglomération,Hors intersection,Normale,Autre collision,4,2,2,0,1,1,1,0,1,50,,1,0,0,0,1,39.0,,,,1,2,1,1,6
202100035714,2021-06-07 14:42:00,2021,6,7,14,42,47,47323,JEANNE DE FRANCE (ALLEE),44.40403,0.70486,Plein jour,En agglomération,Hors intersection,Normale,Deux véhicules - arrière,3,2,2,0,1,1,1,0,1,50,,2,1,0,0,1,27.0,42.0,,,1,2,1,1,2