accident_id,datetime,annee,mois,jour,heure,minute,departement,commune_insee,adresse,latitude,longitude,luminosite,agglomeration,intersection,meteo,collision,catr,circ,nbv,vosp,prof,plan,surf,infra,situ,vma,nb_vehicules,nb_usagers,nb_indemnes,nb_tues,nb_blesses_hosp,nb_blesses_legers,age_cond_1,age_cond_2,veh_type_cond_1,veh_type_cond_2,lum_code,agg_code,int_code,atm_code,col_code
202100035715,2021-06-07 16:05:00,2021,6,7,16,5,45,45234,31 Avenue de Saint-Mesmin,47.89045,1.89701,Plein jour,En agglomération,Hors intersection,Normale,Autre collision,7,2,2,0,1,1,1,0,1,50,,2,0,0,1,1,57.0,,,,1,2,1,1,6
202100035716,2021-06-08 17:10:00,2021,6,8,17,10,35,35278,Rond point d'Uttenreuth,48.1584883248,-1.6872335225,Plein jour,En agglomération,Autre intersection,Normale,Deux véhicules - côté,4,1,1,1,1,1,1,0,1,50,,2,1,0,0,1,26.0,41.0,,,1,2,9,1,3
202100035717,2021-06-08 08:20:00,2021,6,8,8,20,35,35238,SAINT-CAST (QUAI),48.11088,-1.68588,Plein jour,En agglomération,Hors intersection,Normale,Deux véhicules - côté,4,1,1,2,2,1,1,0,5,50,,2,1,0,0,1,54.0,56.0,,,1,2,1,1,3
202100035718,2021-06-08 17:50:00,2021,6,8,17,50,33,33063,Boulevard Albert 1er,44.81456,-0.5722,Plein jour,En agglomération,Hors intersection,Normale,Autre collision,4,3,4,3,1,1,1,-1,1,50,,2,1,0,1,0,56.0,,,,1,2,1,1,6
202100035719,2021-06-08 10:00:00,2021,6,8,10,0,33,33063,Rue Turenne,44.84873,-0.59265,Plein jour,En agglomération,Hors intersection,Normale,Deux véhicules - côté,4,1,1,2,1,1,1,0,5,30,,2,1,0,0,1,80.0,42.0,,,1,2,1,1,3
202100035720,2021-06-08 22:30:00,2021,6,8,22,30,31,31555,PRADETTES (PL DES) DU 1AU 20,43.5818,1.38833,Nuit avec éclairage allumé,En agglomération,Hors intersection,Normale,Deux véhicules - frontale,4,-1,2,0,1,1,1,0,1,50,,2,0,0,0,2,28.0,26.0,,,5,2,1,1,1
202100035721,2021-06-06 11:30:00,2021,6,6,11,30,31,31555,RUE ROGER CAMBOULIVES,43.570352,1.385854,Plein jour,En agglomération,Hors intersection,Normale,Deux véhicules - côté,4,3,6,0,1,1,1,5,1,50,,6,4,0,1,1,35.0,56.0,,,1,2,1,1,3
202100035722,2021-06-08 08:00:00,2021,6,8,8,0,31,31344,D21 F,43.097424,0.762078,Plein jour,Hors agglomération,Hors intersection,Normale,Autre collision,3,2,2,0,1,1,1,0,3,80,,1,0,0,0,1,23.0,,,,1,1,1,1,6
202100035723,2021-06-02 08:10:00,2021,6,2,8,10,30,30189,UZES (ROUTE D'),43.8835,4.3794,Plein jour,Hors agglomération,Intersection en X,Normale,Autre collision,3,2,2,0,1,1,1,0,1,70,,2,1,0,0,1,20.0,26.0,,,1,1,2,1,6
202100035724,2021-06-03 05:25:00,2021,6,3,5,25,30,30189,FRANCAIS LIBRES (BD),43.8305,4.32313,Crépuscule ou aube,En agglomération,Intersection en X,Normale,Autre collision,2,3,4,0,2,1,1,0,1,70,,2,0,0,0,2,39.0,19.0,,,2,2,2,1,6
202100035725,2021-06-07 12:15:00,2021,6,7,12,15,29,29039,Avenue de Bielefeld - Senne,47.8774139745,-3.9105222936,Plein jour,En agglomération,Hors intersection,Normale,Autre collision,4,2,2,1,2,1,1,5,3,50,,1,0,0,0,1,17.0,,,,1,2,1,1,6
202100035726,2021-06-08 21:30:00,2021,6,8,21,30,29,29019,Rue Paul Dukas,48.4086739249,-4.4981825352,Plein jour,En agglomération,Hors intersection,Normale,Autre collision,4,2,2,0,1,1,1,5,1,30,,2,1,0,0,1,31.0,,,,1,2,1,1,6
202100035727,2021-05-30 18:45:00,2021,5,30,18,45,29,29019,Boulevard Montaigne,48.401236,-4.484051,Plein jour,En agglomération,Intersection en X,Normale,Deux véhicules - côté,4,3,2,0,1,1,1,5,1,50,,2,1,0,1,0,33.0,,,,1,2,2,1,3
202100035728,2021-06-08 18:15:00,2021,6,8,18,15,28,28218,REPUBLIQUE (AVENUE DE LA),48.44057,1.47036,Plein jour,En agglomération,Hors intersection,Normale,Deux véhicules - frontale,3,2,2,0,1,1,1,0,1,30,,3,1,0,1,1,48.0,38.0,,,1,2,1,1,1
202100035729,2021-06-08 17:00:00,2021,6,8,17,0,28,28085,PETIT ORME (CHEMIN DU),48.46309,1.47289,Plein jour,En agglomération,Hors intersection,Normale,Deux véhicules - côté,3,-1,0,0,1,1,1,0,1,30,,2,1,0,0,1,68.0,14.0,,,1,2,1,1,3
202100035730,2021-06-08 16:50:00,2021,6,8,16,50,26,26198,Route Nationale 7,44.558832,4.72959,Plein jour,En agglomération,Hors intersection,Normale,Deux véhicules - arrière,2,2,2,0,1,1,1,0,1,50,,2,1,0,0,1,90.0,53.0,,,1,2,1,1,2
202100035731,2021-06-04 15:30:00,2021,6,4,15,30,24,24053,BRIVE (ROUTE DE ),45.13326,0.81881,Plein jour,En agglomération,Hors intersection,Pluie forte,Autre collision,3,2,2,0,1,1,2,0,1,80,,2,0,1,1,0,38.0,24.0,,,1,2,1,3,6
202100035732,2021-06-01 17:00:00,2021,6,1,17,0,22,22278,GARE (DE LA),48.511206,-2.762649,Plein jour,En agglomération,Hors intersection,Normale,Deux véhicules - côté,4,2,2,0,1,1,1,0,1,50,,2,1,0,0,1,,22.0,,,1,2,1,1,3
202100035733,2021-06-07 16:07:00,2021,6,7,16,7,22,22113,RESISTANCE (AVENUE DE LA),48.74239404,-3.46325388,Plein jour,En agglomération,Hors intersection,Normale,Deux véhicules - frontale,3,2,3,0,2,2,1,0,1,70,,2,0,0,1,1,51.0,19.0,,,1,2,1,1,1
202100035734,2021-06-07 13:30:00,2021,6,7,13,30,13,13211,CAMOINS ((RUE LES),43.2984041123,5.4988671658,Plein jour,En agglomération,Hors intersection,Normale,Deux véhicules - côté,4,2,2,0,1,1,1,0,1,50,,2,1,0,0,1,21.0,85.0,,,1,2,1,1,3
202100035735,2021-06-08 09:45:00,2021,6,8,9,45,13,13202,MAZENOD (RUE),43.3024,5.36552,Plein jour,En agglomération,Hors intersection,Normale,Deux véhicules - côté,4,1,1,0,1,1,1,0,1,50,,2,1,0,0,1,26.0,,,,1,2,1,1,3
202100035736,2021-06-08 20:20:00,2021,6,8,20,20,13,13047,RN 1569,43.5517989729,4.9582533232,Plein jour,Hors agglomération,Autre intersection,Normale,Deux véhicules - frontale,2,-1,2,0,1,1,1,0,1,80,,2,1,0,1,0,,25.0,,,1,1,9,1,1
202100035737,2021-06-07 16:55:00,2021,6,7,16,55,13,13028,ROVARCH (AVENUE PIERRE),43.17146,5.60585,Plein jour,En agglomération,Hors intersection,Normale,Deux véhicules - côté,4,2,4,0,1,1,1,6,6,50,,2,1,0,1,0,81.0,21.0,,,1,2,1,1,3
202100035738,2021-06-02 20:30:00,2021,6,2,20,30,12,12176,ROSIERS (AVENUE DES),44.36404,2.58781,Crépuscule ou aube,En agglomération,Hors intersection,Normale,Deux véhicules - côté,4,2,2,0,1,1,1,0,1,50,,2,1,0,1,0,60.0,22.0,,,2,2,1,1,3
202100035739,2021-06-08 18:05:00,2021,6,8,18,5,11,11069,GARIGLIANO -PONT DU-,43.2035178866,2.334240675,Plein jour,Hors agglomération,Hors intersection,Normale,Trois véhicules et plus - en chaîne,3,2,2,0,1,1,1,0,1,80,,3,2,0,0,1,67.0,56.0,,,1,1,1,1,4
202100035740,2021-06-07 05:15:00,2021,6,7,5,15,11,11069,RD 6113,43.2045,2.4096,Nuit sans éclairage public,Hors agglomération,Hors intersection,Normale,Autre collision,3,1,2,0,1,1,1,0,8,90,,4,3,0,1,0,,18.0,,,3,1,1,1,6
202100035741,2021-06-07 14:10:00,2021,6,7,14,10,10,10343,DIJON (RUE DE),48.26898,4.08794,Plein jour,En agglomération,Intersection en X,Normale,Deux véhicules - côté,3,2,2,0,1,1,1,0,1,50,,2,1,0,0,1,17.0,24.0,,,1,2,2,1,3
202100035742,2021-06-07 10:41:00,2021,6,7,10,41,10,10387,PIERRE BROSSOLETTE (RUE),48.286626,4.077444,Plein jour,En agglomération,Intersection en X,Normale,Deux véhicules - côté,4,2,2,0,1,1,1,8,1,50,,2,1,0,0,1,43.0,68.0,,,1,2,2,1,3
202100035743,2021-06-08 15:00:00,2021,6,8,15,0,06,06088,VOIE RAPIDE,43.70046,7.25145,Plein jour,En agglomération,Hors intersection,Normale,Trois véhicules et plus - en chaîne,4,1,1,0,2,1,1,9,1,50,,4,2,0,0,2,43.0,44.0,,,1,2,1,1,4
202100035744,2021-06-07 08:00:00,2021,6,7,8,0,06,06155,POURTALET AV.HENRI,43.580422,7.055311,Plein jour,En agglomération,Hors intersection,Normale,Autre collision,4,2,2,0,2,3,1,0,1,50,,3,2,0,0,1,34.0,45.0,,,1,2,1,1,6
202100035745,2021-06-06 12:11:00,2021,6,6,12,11,03,03140,Les Thoumazons,46.30948,2.63204,Plein jour,Hors agglomération,Intersection en T,Normale,Deux véhicules - côté,3,2,2,0,3,1,1,0,1,80,,2,1,0,0,1,42.0,36.0,,,1,1,3,1,3
202100035746,2021-06-08 17:55:00,2021,6,8,17,55,75,75120,RUE DES PYRENEES,48.871831,2.392047,Plein jour,En agglomération,Hors intersection,Normale,Deux véhicules - côté,4,2,2,0,2,1,1,0,1,30,,2,1,0,0,1,44.0,,,,1,2,1,1,3
202100035747,2021-06-08 17:29:00,2021,6,8,17,29,75,75120,RUE HENRI CHEVREAU,48.870578,2.388239,Plein jour,En agglomération,Intersection en T,Normale,Autre collision,4,1,1,0,2,1,1,0,1,50,,3,1,0,0,2,36.0,,,,1,2,3,1,6
202100035748,2021-06-08 17:00:00,2021,6,8,17,0,75,75120,BOULEVARD MORTIER,48.871056,2.408882,Plein jour,En agglomération,Hors intersection,Normale,Autre collision,4,2,0,3,3,1,1,-1,6,60,,2,1,0,0,1,49.0,,,,1,2,1,1,6
202100035749,2021-06-08 10:20:00,2021,6,8,10,20,75,75120,AVENUE GAMBETTA,48.864964,2.395537,Plein jour,En agglomération,Intersection en X,Normale,Deux véhicules - côté,4,2,4,1,2,1,1,0,1,50,,2,1,0,0,1,27.0,47.0,,,1,2,2,1,3
202100035750,2021-06-08 13:00:00,2021,6,8,13,0,75,75119,RUE ARMAND CARREL,48.882536,2.381703,Plein jour,En agglomération,Intersection en T,Normale,Deux véhicules - côté,4,2,3,0,2,1,1,0,1,50,,2,1,0,0,1,22.0,29.0,,,1,2,3,1,3
202100035751,2021-06-08 13:40:00,2021,6,8,13,40,75,75118,RUE EUGENE CARRIERE,48.892423,2.333607,Plein jour,En agglomération,Intersection en T,Normale,Autre collision,4,-1,0,0,1,1,1,0,1,50,,2,1,0,0,1,39.0,,,,1,2,3,1,6
202100035752,2021-06-07 15:15:00,2021,6,7,15,15,75,75117,RUE DE PRONY,48.881744,2.305594,Plein jour,En agglomération,Intersection en X,Normale,Autre collision,4,2,2,0,1,1,1,0,1,30,,2,1,0,0,1,,,,,1,2,2,1,6
202100035753,2021-06-07 20:25:00,2021,6,7,20,25,75,75116,AVENUE THEOPHILE GAUTIER,48.849935,2.272226,Plein jour,En agglomération,Intersection en X,Normale,Deux véhicules - côté,4,2,2,0,1,1,1,0,1,50,,2,1,0,0,1,33.0,27.0,,,1,2,2,1,3
202100035754,2021-06-07 14:35:00,2021,6,7,14,35,75,75116,AVENUE KLEBER,48.864391,2.288236,Plein jour,En agglomération,Hors intersection,Normale,Deux véhicules - arrière,4,2,2,0,1,1,1,0,1,50,,3,1,0,0,2,19.0,35.0,,,1,2,1,1,2
202100035755,2021-06-08 09:45:00,2021,6,8,9,45,75,75114,AVENUE DE LA PORTE D ORLEANS,48.820018,2.325736,Plein jour,En agglomération,Hors intersection,Normale,Deux véhicules - côté,4,1,3,0,1,1,1,0,1,50,,2,1,0,0,1,,26.0,,,1,2,1,1,3
202100035756,2021-06-08 23:15:00,2021,6,8,23,15,75,75113,PLACE COLUCHE,48.826415,2.341793,Nuit sans éclairage public,En agglomération,Place,Normale,Deux véhicules - côté,4,2,4,0,1,1,1,0,1,30,,2,1,0,0,1,24.0,42.0,,,3,2,7,1,3
202100035757,2021-06-08 13:00:00,2021,6,8,13,0,75,75112,RUE ESCOFFIER,48.826728,2.392271,Plein jour,En agglomération,Hors intersection,Normale,Deux véhicules - côté,4,-1,2,0,1,3,1,0,1,50,,2,1,0,0,1,41.0,42.0,,,1,2,1,1,3
202100035758,2021-06-08 10:00:00,2021,6,8,10,0,75,75112,BOULEVARD DIDEROT,48.845498,2.371261,Plein jour,En agglomération,Intersection en X,Normale,Deux véhicules - côté,4,1,2,1,1,1,1,0,5,50,,2,1,0,0,1,58.0,24.0,,,1,2,2,1,3
202100035759,2021-06-08 17:40:00,2021,6,8,17,40,75,75111,RUE DURANTI,48.8607563284,2.3842786252,Plein jour,En agglomération,Hors intersection,Normale,Deux véhicules - côté,4,1,1,1,1,1,1,0,5,30,,3,2,0,0,1,33.0,48.0,,,1,2,1,1,3
202100035760,2021-06-08 12:34:00,2021,6,8,12,34,75,75110,RUE DU FAUBOURG SAINT DENIS,48.871573,2.353625,Plein jour,En agglomération,Intersection en T,Normale,Deux véhicules - côté,4,1,1,2,1,1,1,0,1,30,,2,1,0,0,1,47.0,23.0,,,1,2,3,1,3
202100035761,2021-06-08 13:15:00,2021,6,8,13,15,75,75107,QUAI BRANLY,48.859119,2.293368,Plein jour,En agglomération,Intersection en T,Normale,Deux véhicules - arrière,4,3,2,0,1,1,1,5,1,30,,2,1,0,0,1,39.0,36.0,,,1,2,3,1,2
202100035762,2021-06-08 09:30:00,2021,6,8,9,30,75,75103,RUE DE TURBIGO,48.866304,2.359805,Plein jour,En agglomération,Intersection en Y,Normale,Sans collision,4,1,1,1,1,1,1,0,5,30,,1,0,0,0,1,28.0,,,,1,2,4,1,7
202100035763,2021-06-07 18:50:00,2021,6,7,18,50,75,75103,BOULEVARD SAINT MARTIN,48.868085,2.361453,Plein jour,En agglomération,Hors intersection,Normale,Deux véhicules - frontale,4,2,5,0,2,1,1,0,1,50,,2,1,0,0,1,32.0,59.0,,,1,2,1,1,1
202100035764,2021-06-08 19:25:00,2021,6,8,19,25,94,94046,Avenue du Général Leclerc,48.81537,2.420839,Plein jour,En agglomération,Hors intersection,Normale,Autre collision,4,1,2,0,1,1,1,0,1,50,,2,1,0,0,1,60.0,,,,1,2,1,1,6
202100035765,2021-06-08 17:45:00,2021,6,8,17,45,94,94076,REPUBLIQUE (AV DE LA),48.78849,2.36172,Plein jour,En agglomération,Intersection en X,Normale,Deux véhicules - côté,3,-1,2,0,1,1,1,0,1,50,,2,0,0,0,2,29.0,22.0,,,1,2,2,1,3
202100035766,2021-06-08 08:00:00,2021,6,8,8,0,94,94003,LAPLACE (AV),48.80995,2.32756,Plein jour,En agglomération,Intersection en T,Normale,Deux véhicules - côté,3,1,2,3,1,3,1,0,6,50,,2,1,0,0,1,40.0,45.0,,,1,2,3,1,3
202100035767,2021-06-08 19:00:00,2021,6,8,19,0,94,94073,Avenue de Versailles,48.75868,2.39455,Plein jour,En agglomération,Hors intersection,Normale,Deux véhicules - arrière,3,1,2,0,2,1,1,0,1,50,,3,2,0,0,1,58.0,65.0,,,1,2,1,1,2
202100035768,2021-06-08 16:10:00,2021,6,8,16,10,94,94038,BERGERE (R DE LA),48.77349,2.33582,Plein jour,En agglomération,Autre intersection,Normale,Autre collision,3,1,1,0,1,1,1,0,1,50,,3,1,0,0,2,21.0,,,,1,2,9,1,6
202100035769,2021-06-08 09:00:00,2021,6,8,9,0,94,94059,Avenue Ardouin,48.8074475813,2.5756716728,Plein jour,En agglomération,Hors intersection,Normale,Autre collision,4,1,1,0,1,1,1,0,8,50,,2,1,0,0,1,54.0,,,,1,2,1,1,6
202100035770,2021-06-08 18:50:00,2021,6,8,18,50,94,94071,JEAN MOULIN (R),48.774991,2.513172,Plein jour,En agglomération,Hors intersection,Normale,Deux véhicules - côté,4,3,1,0,2,1,1,0,1,50,,2,1,0,0,1,20.0,19.0,,,1,2,1,1,3
202100035771,2021-06-08 18:15:00,2021,6,8,18,15,93,93073,Avenue du Parc / Avenue de la Paix,48.9553,2.5658,Plein jour,En agglomération,Intersection en T,Normale,Autre collision,4,2,2,0,1,1,1,0,1,50,,2,1,0,0,1,74.0,,,,1,2,3,1,6
202100035772,2021-06-07 16:05:00,2021,6,7,16,5,93,93050,Rue Martyrs de la Deportation,48.8564,2.52631,Plein jour,En agglomération,Hors intersection,Normale,Deux véhicules - côté,3,2,2,0,1,1,1,0,1,50,,2,1,0,0,1,39.0,43.0,,,1,2,1,1,3
202100035773,2021-06-08 21:20:00,2021,6,8,21,20,93,93048,Boulevard Aristide Briand,48.8754,2.4556,Plein jour,En agglomération,Hors intersection,Normale,Deux véhicules - côté,3,2,4,1,2,1,1,9,1,50,,2,1,0,0,1,49.0,34.0,,,1,2,1,1,3
202100035774,2021-06-08 11:25:00,2021,6,8,11,25,93,93074,Rue Alexandre Boucher / RD933,48.93346,2.56686,Plein jour,En agglomération,Intersection en X,Normale,Deux véhicules - côté,3,2,2,0,2,1,1,9,1,50,,2,1,0,0,1,29.0,29.0,,,1,2,2,1,3
202100035775,2021-06-07 16:00:00,2021,6,7,16,0,93,93063,Rue Etienne Marcel,48.877591,2.443758,Plein jour,En agglomération,Hors intersection,Normale,Trois véhicules et plus - en chaîne,4,2,2,0,1,1,1,0,1,50,,4,3,0,0,1,29.0,30.0,,,1,2,1,1,4
202100035776,2021-06-08 17:50:00,2021,6,8,17,50,93,93029,Rue Morin / Chemin Latéral,48.93292,2.45448,Plein jour,En agglomération,Intersection en T,Normale,Autre collision,4,1,1,0,1,1,1,0,1,30,,2,1,0,0,1,,,,,1,2,3,1,6
202100035777,2021-06-08 17:20:00,2021,6,8,17,20,93,93008,Avenue Henri Barbusse / Rue Abbé Pierre,48.9083964174,2.4273625819,Plein jour,En agglomération,Intersection en T,Normale,Deux véhicules - côté,3,2,4,0,1,1,1,0,1,50,,2,1,0,0,1,43.0,24.0,,,1,2,3,1,3
202100035778,2021-06-08 20:10:00,2021,6,8,20,10,93,93007,"""PAUL VAILLANT COUTURIER (AVENUE """"DU 01",48.9294262846,2.4804103374,Plein jour,En agglomération,Hors intersection,Normale,Trois véhicules et plus - en chaîne,3,2,4,0,1,3,1,0,1,50,,4,2,0,0,2,24.0,23.0,,,1,2,1,1,4
202100035779,2021-06-08 13:50:00,2021,6,8,13,50,93,93001,PRESIDENT ROOSEVELT (AVENUE DU),48.92103,2.37695,Plein jour,En agglomération,Intersection en T,Normale,Deux véhicules - côté,3,2,2,0,1,1,1,5,1,50,,2,0,0,0,2,31.0,40.0,,,1,2,3,1,3
202100035780,2021-06-08 19:45:00,2021,6,8,19,45,92,92051,"BINEAU (BOULEVARD, N°53 A 131 ET 52 A 13",48.8874902401,2.2785298526,Plein jour,En agglomération,Intersection en X,Normale,Deux véhicules - côté,3,2,4,0,1,1,1,0,1,50,,2,1,0,0,1,21.0,32.0,,,1,2,2,1,3
202100035781,2021-06-07 07:50:00,2021,6,7,7,50,92,92050,HAVRE BOULEVARD DU,48.919864062,2.2213089466,Plein jour,En agglomération,Hors intersection,Normale,Deux véhicules - côté,3,2,2,1,1,1,1,2,5,50,,2,1,0,0,1,44.0,38.0,,,1,2,1,1,3
202100035782,2021-06-08 09:30:00,2021,6,8,9,30,92,92048,ABBE MAILLET (SQUARE DE L'),48.7890829721,2.2332622111,Plein jour,En agglomération,Intersection en T,Normale,Deux véhicules - côté,4,2,2,0,1,1,1,0,8,50,,2,1,0,0,1,38.0,22.0,,,1,2,3,1,3
202100035783,2021-06-08 08:00:00,2021,6,8,8,0,92,92048,JEAN JAURES (AVENUE) N° 8 A 72,48.8121626842,2.2455775738,Plein jour,En agglomération,Hors intersection,Normale,Deux véhicules - arrière,4,2,2,0,2,1,1,0,1,50,,2,1,0,0,1,,18.0,,,1,2,1,1,2
202100035784,2021-06-08 09:09:00,2021,6,8,9,9,92,92040,VERDUN (AVENUE DE) DU 116 AU 150,48.8180818028,2.2512515449,Plein jour,En agglomération,Autre intersection,Normale,Deux véhicules - côté,3,2,2,1,1,1,1,0,1,30,,2,1,0,1,0,36.0,38.0,,,1,2,9,1,3
202100035785,2021-06-08 14:15:00,2021,6,8,14,15,92,92026,VERDUN (DE 01 A 61),48.898742,2.262427,Plein jour,En agglomération,Hors intersection,Normale,Trois véhicules et plus - collisions multiples,3,3,5,0,1,1,1,0,1,50,,4,2,0,0,2,23.0,47.0,,,1,2,1,1,5
202100035786,2021-06-07 11:00:00,2021,6,7,11,0,92,92012,ANDRE MORIZET (AVENUE) 1/47 - 2/52,48.8349567772,2.2413933277,Plein jour,En agglomération,Hors intersection,Normale,Sans collision,3,2,2,2,1,1,1,0,1,50,,1,0,0,0,1,69.0,,,,1,2,1,1,7
202100035787,2021-06-08 08:10:00,2021,6,8,8,10,92,92007,PASTEUR (AVENUE LOUIS) N° 1 A 39 ET 2 A,48.79668,2.31725,Plein jour,En agglomération,Hors intersection,Normale,Deux véhicules - côté,3,2,2,1,1,1,1,0,8,50,,3,2,0,0,1,30.0,31.0,,,1,2,1,1,3
202100035788,2021-06-08 08:15:00,2021,6,8,8,15,92,92002,BACONNETS (RUE DES),48.7406425016,2.2977287516,Plein jour,En agglomération,Hors intersection,Normale,Deux véhicules - côté,4,4,1,0,1,1,1,0,1,50,,2,1,0,0,1,50.0,26.0,,,1,2,1,1,3
202100035789,2021-06-08 17:57:00,2021,6,8,17,57,17,17094,pk 3 D137b9,46.063254,-1.063515,Plein jour,Hors agglomération,Giratoire,Normale,Sans collision,3,1,1,0,3,3,1,3,3,70,,1,0,0,1,0,26.0,,,,1,1,6,1,7
202100035790,2021-06-07 16:15:00,2021,6,7,16,15,16,16045,Les Groies des Fouillousse,45.57156,-0.046746,Plein jour,Hors agglomération,Hors intersection,Normale,Autre collision,3,2,2,0,1,1,1,0,1,50,,1,0,0,1,0,66.0,,,,1,1,1,1,6
202100035791,2021-06-09 14:05:00,2021,6,9,14,5,68,68112,D430,47.900384,7.227931,Plein jour,En agglomération,Hors intersection,Normale,Deux véhicules - frontale,3,2,2,0,1,1,1,0,1,50,,2,0,1,0,1,74.0,34.0,,,1,2,1,1,1
202100035792,2021-06-08 19:20:00,2021,6,8,19,20,41,41223,Route d Orchaise,47.601186,1.220083,Plein jour,Hors agglomération,Hors intersection,Normale,Sans collision,3,2,2,0,1,3,1,0,8,80,,1,0,0,0,1,30.0,,,,1,1,1,1,7
202100035793,2021-06-09 11:30:00,2021,6,9,11,30,41,41029,D173,47.525644,1.264807,Plein jour,Hors agglomération,Hors intersection,Normale,Sans collision,3,2,2,0,1,1,1,0,1,80,,1,0,0,1,0,31.0,,,,1,1,1,1,7
202100035794,2021-06-08 17:45:00,2021,6,8,17,45,31,31182,D820,43.672761,1.409844,Plein jour,Hors agglomération,Intersection en T,Normale,Deux véhicules - côté,7,2,2,0,1,1,1,0,1,70,,2,1,0,1,0,60.0,38.0,,,1,1,3,1,3
202100035795,2021-06-08 19:10:00,2021,6,8,19,10,11,11353,Avenue des Treilles,43.246875,2.920523,Plein jour,En agglomération,Intersection en T,Normale,Deux véhicules - côté,4,2,2,0,1,1,1,9,1,50,,3,1,0,2,0,19.0,37.0,,,1,2,3,1,3
202100035796,2021-06-08 19:15:00,2021,6,8,19,15,63,63013,Le Creux du Lac,45.981621,3.181443,Plein jour,Hors agglomération,Hors intersection,Normale,Sans collision,3,2,2,0,1,1,1,0,1,80,,2,1,0,1,0,17.0,,,,1,1,1,1,7
202100035797,2021-06-08 15:50:00,2021,6,8,15,50,54,54378, RD17,49.4673710477,5.6469726564,Plein jour,Hors agglomération,Hors intersection,Normale,Autre collision,3,2,2,0,2,2,1,0,1,80,,1,0,0,0,1,26.0,,,,1,1,1,1,6
202100035798,2021-06-08 16:55:00,2021,6,8,16,55,83,83017,RD 554,43.23886,6.004629,Plein jour,En agglomération,Hors intersection,Normale,Deux véhicules - arrière,3,2,2,0,1,2,1,0,1,50,,2,1,0,1,0,38.0,24.0,,,1,2,1,1,2
202100035799,2021-06-09 14:30:00,2021,6,9,14,30,51,51538,D2,48.891076,4.394118,Plein jour,Hors agglomération,Hors intersection,Normale,Sans collision,3,2,2,0,3,2,1,0,8,80,,2,1,0,0,1,41.0,,,,1,1,1,1,7
202100035800,2021-06-09 11:00:00,2021,6,9,11,0,19,19199,D27,45.5744211527,2.457305789,Plein jour,Hors agglomération,Hors intersection,Normale,Autre collision,3,2,2,0,1,1,1,0,3,90,,1,0,1,0,0,53.0,,,,1,1,1,1,6
202100035801,2021-06-09 10:00:00,2021,6,9,10,0,56,56200,La Minoterie,47.838195,-2.308753,Plein jour,Hors agglomération,Hors intersection,Normale,Deux véhicules - frontale,3,2,2,0,1,3,1,0,1,80,,2,0,0,1,1,19.0,83.0,,,1,1,1,1,1
202100035802,2021-06-08 14:50:00,2021,6,8,14,50,56,56186,Route départemantale 186A,47.494908,-3.145974,Plein jour,Hors agglomération,Hors intersection,Normale,Deux véhicules - frontale,3,2,2,0,2,1,1,0,1,70,,3,1,0,0,2,35.0,72.0,,,1,1,1,1,1
202100035803,2021-06-09 15:45:00,2021,6,9,15,45,74,74109,D1508,46.090745,5.834073,Plein jour,Hors agglomération,Hors intersection,Normale,Deux véhicules - frontale,3,2,2,0,1,1,1,0,1,-1,,5,3,0,2,0,82.0,42.0,,,1,1,1,1,1
202100035804,2021-06-09 18:00:00,2021,6,9,18,0,74,74242,route d albertville,45.831565,6.175089,Plein jour,En agglomération,Hors intersection,Normale,Deux véhicules - côté,3,2,2,0,1,1,1,0,1,50,,2,1,0,1,0,58.0,27.0,,,1,2,1,1,3
202100035805,2021-06-08 17:00:00,2021,6,8,17,0,67,67066,Rue de la Gare,48.478339857,7.2149464488,Plein jour,En agglomération,Intersection en T,Normale,Deux véhicules - côté,3,2,1,3,1,3,1,0,6,50,,2,1,0,0,1,22.0,10.0,,,1,2,3,1,3
202100035806,2021-06-07 17:00:00,2021,6,7,17,0,79,79202,7 Rue de l’Yser,46.63908,-0.240932,Plein jour,En agglomération,Hors intersection,Normale,Deux véhicules - côté,3,2,2,0,1,1,1,0,1,50,,2,1,0,1,0,32.0,21.0,,,1,2,1,1,3
202100035807,2021-05-08 11:05:00,2021,5,8,11,5,33,33036,,44.414628,-0.219378,Plein jour,Hors agglomération,Autre intersection,Normale,Deux véhicules - côté,2,2,2,0,1,1,1,0,1,80,,2,0,0,1,1,50.0,68.0,,,1,1,9,1,3
202100035808,2021-06-09 12:10:00,2021,6,9,12,10,69,69209,D52,46.21981,4.462523,Plein jour,Hors agglomération,Intersection en T,Normale,Sans collision,3,2,2,0,3,2,9,0,1,80,,1,0,0,0,1,55.0,,,,1,1,3,1,7
202100035809,2021-06-09 15:50:00,2021,6,9,15,50,32,32119,Cite Belle Marie,43.85844,0.102825,Plein jour,En agglomération,Intersection en T,Normale,Sans collision,4,2,2,0,1,1,1,0,1,50,,2,1,0,1,0,40.0,,,,1,2,3,1,7
202100035810,2021-06-08 16:38:00,2021,6,8,16,38,42,42128,Route d’Amplepuis,45.949001,4.292736,Plein jour,Hors agglomération,Intersection en Y,Normale,Deux véhicules - frontale,3,2,2,0,2,2,1,0,1,80,,2,1,0,0,1,40.0,34.0,,,1,1,4,1,1
202100035811,2021-06-09 08:00:00,2021,6,9,8,0,42,42313,Route du Gros Pin,45.7266305789,4.0198681486,Plein jour,En agglomération,Intersection en Y,Normale,Deux véhicules - arrière,4,2,1,0,1,2,1,0,1,50,,2,1,0,0,1,70.0,32.0,,,1,2,4,1,2