accident_id,datetime,annee,mois,jour,heure,minute,departement,commune_insee,adresse,latitude,longitude,luminosite,agglomeration,intersection,meteo,collision,catr,circ,nbv,vosp,prof,plan,surf,infra,situ,vma,nb_vehicules,nb_usagers,nb_indemnes,nb_tues,nb_blesses_hosp,nb_blesses_legers,age_cond_1,age_cond_2,veh_type_cond_1,veh_type_cond_2,lum_code,agg_code,int_code,atm_code,col_code
202100035812,2021-06-09 18:15:00,2021,6,9,18,15,34,34300,D18e5,43.396317,3.312657,Plein jour,Hors agglomération,Hors intersection,Normale,Deux véhicules - frontale,3,2,2,0,2,1,1,0,1,80,,2,0,0,2,0,23.0,33.0,,,1,1,1,1,1
202100035813,2021-06-08 14:11:00,2021,6,8,14,11,22,22365,Milin Coz Saint Georges,48.3376810026,-3.2685184479,Plein jour,Hors agglomération,Hors intersection,Normale,Deux véhicules - côté,3,2,2,0,2,1,1,8,1,80,,2,1,0,1,0,68.0,50.0,,,1,1,1,1,3
202100035814,2021-06-09 06:50:00,2021,6,9,6,50,31,31510,Rebirochioulet,43.2645308589,0.7123373158,Plein jour,Hors agglomération,Intersection en X,Normale,Deux véhicules - frontale,3,2,2,0,1,1,1,5,1,70,,5,0,0,4,1,30.0,20.0,,,1,1,2,1,1
202100035815,2021-06-06 21:30:00,2021,6,6,21,30,26,26108,Route de Montelimar,44.713897,5.007834,Crépuscule ou aube,Hors agglomération,Hors intersection,Normale,Autre collision,3,2,2,0,1,3,1,0,1,80,,1,0,0,0,1,32.0,,,,2,1,1,1,6
202100035816,2021-06-09 08:15:00,2021,6,9,8,15,72,72358,Les Petits Bois,48.026906,0.523915,Plein jour,Hors agglomération,Intersection en T,Normale,Deux véhicules - frontale,4,2,1,0,1,1,1,0,1,50,,2,1,0,1,0,36.0,19.0,,,1,1,3,1,1
202100035817,2021-06-09 09:25:00,2021,6,9,9,25,06,06138,Corniche d Or,43.505675,6.945344,Plein jour,En agglomération,Hors intersection,Normale,Deux véhicules - frontale,3,2,2,0,2,3,1,0,1,50,,2,1,0,1,0,54.0,65.0,,,1,2,1,1,1
202100035818,2021-06-04 03:45:00,2021,6,4,3,45,14,14607,D33,49.097177,-0.667183,Nuit sans éclairage public,En agglomération,Intersection en T,Normale,Autre collision,3,2,2,0,2,2,2,0,4,50,,1,0,0,1,0,25.0,,,,3,2,3,1,6
202100035819,2021-06-09 15:30:00,2021,6,9,15,30,50,50639,Rue du Général de Gaulle,48.836846,-1.221298,Plein jour,En agglomération,Hors intersection,Normale,Autre collision,3,2,2,0,1,1,1,0,1,50,,2,1,0,0,1,58.0,,,,1,2,1,1,6
202100035820,2021-06-08 18:15:00,2021,6,8,18,15,60,60577,Route Nationale 31,49.4488811491,1.7995200245,Plein jour,En agglomération,Hors intersection,Normale,Trois véhicules et plus - en chaîne,2,2,2,0,1,1,1,0,1,70,,3,2,0,0,1,46.0,26.0,,,1,2,1,1,4
202100035821,2021-06-09 03:30:00,2021,6,9,3,30,07,07260,,44.69634,4.718006,Nuit sans éclairage public,En agglomération,Hors intersection,Normale,Autre collision,3,2,2,0,1,4,1,2,1,80,,2,1,0,0,1,19.0,,,,3,2,1,1,6
202100035822,2021-06-08 22:15:00,2021,6,8,22,15,53,53083,rd149,48.312999,-0.245261,Crépuscule ou aube,Hors agglomération,Hors intersection,Normale,Autre collision,3,2,2,0,1,1,1,0,1,80,,1,0,0,1,0,41.0,,,,2,1,1,1,6
202100035823,2021-06-06 15:00:00,2021,6,6,15,0,85,85042,La Petite Boissière,46.407238,-0.981753,Plein jour,Hors agglomération,Hors intersection,Normale,Sans collision,3,2,2,0,1,3,1,0,8,80,,2,0,0,1,1,21.0,24.0,,,1,1,1,1,7
202100035824,2021-06-09 07:40:00,2021,6,9,7,40,85,85197,La Basse Vrillère,46.922014,-1.414071,Plein jour,Hors agglomération,Hors intersection,Normale,Deux véhicules - côté,4,4,2,0,2,3,1,0,1,-1,,2,1,0,1,0,17.0,25.0,,,1,1,1,1,3
202100035825,2021-06-09 11:24:00,2021,6,9,11,24,27,27507,Rue Emile Lepage,48.904811,1.279339,Plein jour,En agglomération,Hors intersection,Normale,Autre collision,4,2,2,0,1,1,1,0,4,50,,1,0,1,0,0,52.0,,,,1,2,1,1,6
202100035826,2021-05-30 14:52:00,2021,5,30,14,52,01,01320,Autoroute A.40 - PK 198+100,46.299828574,4.9004937708,Plein jour,En agglomération,Hors intersection,Normale,Sans collision,1,1,2,0,1,2,1,0,3,130,,3,2,0,0,1,43.0,,,,1,2,1,1,7
202100035827,2021-06-07 16:15:00,2021,6,7,16,15,973,97309,Avenue Gaston Monnerville,4.887644,-52.283742,Plein jour,En agglomération,Hors intersection,Normale,Deux véhicules - côté,3,2,2,2,1,1,1,0,1,50,,3,2,0,0,1,15.0,44.0,,,1,2,1,1,3
202100035828,2021-06-09 14:23:00,2021,6,9,14,23,38,38214,A41 Pk 018+500,45.301758,5.925364,Plein jour,Hors agglomération,Hors intersection,Normale,Sans collision,1,2,2,0,1,1,1,0,1,130,,2,0,0,1,1,52.0,,,,1,1,1,1,7
202100035829,2021-06-08 23:05:00,2021,6,8,23,5,27,27517,A13,49.138976,1.308575,Nuit sans éclairage public,Hors agglomération,Hors intersection,Normale,Trois véhicules et plus - collisions multiples,1,3,5,0,1,1,1,0,1,130,,4,2,0,0,2,24.0,34.0,,,3,1,1,1,5
202100035830,2021-06-09 12:25:00,2021,6,9,12,25,73,73257,D117,45.385491,6.503735,Plein jour,En agglomération,Hors intersection,Temps couvert,Deux véhicules - frontale,3,2,2,0,2,4,1,0,1,80,,3,0,1,0,2,40.0,47.0,,,1,2,1,8,1
202100035831,2021-06-09 14:00:00,2021,6,9,14,0,988,98802,RT1 - Haute Ouaménie,-21.858073,165.97548,Plein jour,Hors agglomération,Hors intersection,Normale,Trois véhicules et plus - collisions multiples,2,2,2,0,1,3,1,0,1,90,,10,6,0,1,3,31.0,73.0,,,1,1,1,1,5
202100035832,2021-06-08 19:15:00,2021,6,8,19,15,29,29071,Lieu Dit Kermentec,47.943602,-3.412317,Plein jour,Hors agglomération,Hors intersection,Normale,Autre collision,4,2,2,0,1,1,1,0,3,80,,1,0,0,1,0,30.0,,,,1,1,1,1,6
202100035833,2021-06-09 10:35:00,2021,6,9,10,35,83,83016,Rond Point Georges Pompidou,43.19566,5.806441,Plein jour,En agglomération,Giratoire,Normale,Deux véhicules - côté,3,2,3,0,1,2,1,0,1,50,,2,1,0,0,1,54.0,68.0,,,1,2,6,1,3
202100035834,2021-06-09 09:00:00,2021,6,9,9,0,83,83042,N 98,43.245246,6.534103,Plein jour,Hors agglomération,Hors intersection,Normale,Deux véhicules - frontale,3,2,2,0,1,1,1,0,1,70,,2,1,0,1,0,65.0,45.0,,,1,1,1,1,1
202100035835,2021-06-09 08:15:00,2021,6,9,8,15,83,83068,RD 14,43.269687,6.5415,Plein jour,Hors agglomération,Hors intersection,Normale,Deux véhicules - arrière,3,2,2,0,2,3,1,0,1,-1,,2,1,0,1,0,20.0,84.0,,,1,1,1,1,2
202100035836,2021-06-08 14:20:00,2021,6,8,14,20,13,13027,D571,43.89417,4.824795,Plein jour,Hors agglomération,Autre intersection,Normale,Deux véhicules - arrière,3,2,2,0,1,1,1,0,1,-1,,1,0,0,1,0,31.0,,,,1,1,9,1,2
202100035837,2021-06-08 16:20:00,2021,6,8,16,20,67,67131,Rue du Tramway,48.481588,7.724526,Plein jour,En agglomération,Intersection en T,Normale,Deux véhicules - côté,4,2,2,1,1,1,1,0,1,50,,2,1,0,0,1,87.0,41.0,,,1,2,3,1,3
202100035838,2021-06-08 17:00:00,2021,6,8,17,0,63,63263,D559 - route de durtol,45.8068051489,3.0133575544,Plein jour,En agglomération,Hors intersection,Normale,Sans collision,7,2,2,0,2,1,1,0,1,80,,1,0,0,1,0,70.0,,,,1,2,1,1,7
202100035839,2021-06-08 18:00:00,2021,6,8,18,0,69,69204,8 MAI 1945 (DU) (AV),45.698012,4.794631,Plein jour,En agglomération,Intersection en X,Normale,Deux véhicules - côté,7,2,3,0,1,1,1,0,1,30,,2,1,0,0,1,13.0,25.0,,,1,2,2,1,3
202100035840,2021-06-08 17:45:00,2021,6,8,17,45,81,81140,Route de Belcastel,43.691692,1.800342,Plein jour,En agglomération,Giratoire,Normale,Deux véhicules - côté,3,2,1,0,1,1,1,5,1,50,,2,1,0,1,0,37.0,60.0,,,1,2,6,1,3
202100035841,2021-06-07 10:00:00,2021,6,7,10,0,17,17044,D136,45.649538,-0.591513,Plein jour,Hors agglomération,Hors intersection,Normale,Sans collision,3,2,2,0,1,2,1,0,3,80,,4,1,0,0,3,20.0,,,,1,1,1,1,7
202100035842,2021-06-09 16:30:00,2021,6,9,16,30,53,53094,N162,48.017573,-0.731277,Plein jour,Hors agglomération,Hors intersection,Normale,Deux véhicules - arrière,2,2,2,0,1,1,1,0,1,80,,2,1,0,1,0,36.0,,,,1,1,1,1,2
202100035843,2021-06-08 09:30:00,2021,6,8,9,30,22,22339,Carrefour giratoire des Champs Blancs,48.474849,-2.04299,Plein jour,En agglomération,Giratoire,Normale,Deux véhicules - côté,3,2,2,0,1,1,1,5,1,30,,2,1,0,1,0,17.0,60.0,,,1,2,6,1,3
202100035844,2021-06-09 13:50:00,2021,6,9,13,50,60,60589,D1016,49.222983,2.467889,Plein jour,Hors agglomération,Hors intersection,Normale,Deux véhicules - arrière,3,3,4,0,1,1,1,0,1,90,,3,0,0,0,3,39.0,19.0,,,1,1,1,1,2
202100035845,2021-06-08 13:45:00,2021,6,8,13,45,60,60326,Rue du Bois d Aiguisy,49.4126077705,2.7505892515,Plein jour,Hors agglomération,Hors intersection,Normale,Deux véhicules - côté,3,2,2,0,1,1,1,0,1,80,,2,1,0,0,1,33.0,62.0,,,1,1,1,1,3
202100035846,2021-06-08 18:10:00,2021,6,8,18,10,13,13211,A50-Sens Aubagne vers Marseille,43.28846,5.4981,Plein jour,Hors agglomération,Hors intersection,Normale,Trois véhicules et plus - en chaîne,1,1,3,0,1,1,1,0,1,90,,4,3,0,0,1,22.0,52.0,,,1,1,1,1,4
202100035847,2021-06-08 17:00:00,2021,6,8,17,0,13,13071,A7-Sens Lyon vers Marseille,43.40378,5.34301,Plein jour,Hors agglomération,Hors intersection,Normale,Deux véhicules - arrière,1,1,3,0,1,1,1,0,1,110,,3,2,0,0,1,25.0,18.0,,,1,1,1,1,2
202100035848,2021-06-08 10:45:00,2021,6,8,10,45,13,13055,A507 sens Marseille - Aubagne,43.32995,5.40051,Plein jour,Hors agglomération,Hors intersection,Normale,Trois véhicules et plus - en chaîne,1,3,3,0,2,1,1,1,1,70,,4,2,0,0,2,46.0,67.0,,,1,1,1,1,4
202100035849,2021-06-08 09:15:00,2021,6,8,9,15,13,13211,A50-Sens Aubagne vers Marseille,43.29125,5.45081,Plein jour,Hors agglomération,Hors intersection,Normale,Deux véhicules - arrière,1,3,3,0,1,1,1,0,1,90,,2,1,0,0,1,43.0,33.0,,,1,1,1,1,2
202100035850,2021-06-08 08:25:00,2021,6,8,8,25,13,13210,A50-Sens Aubagne vers Marseille,43.2846,5.41631,Plein jour,Hors agglomération,Hors intersection,Normale,Trois véhicules et plus - en chaîne,1,3,3,0,1,1,1,0,1,90,,4,2,0,0,2,29.0,61.0,,,1,1,1,1,4
202100035851,2021-06-07 11:50:00,2021,6,7,11,50,13,13026,A55-Sens Martigues vers Marseille,43.3796640874,5.162769556,Plein jour,Hors agglomération,Hors intersection,Normale,Deux véhicules - arrière,1,1,2,0,1,1,1,0,1,110,,2,0,0,0,2,73.0,30.0,,,1,1,1,1,2
202100035852,2021-06-08 08:45:00,2021,6,8,8,45,83,83126,A50,43.1200738192,5.8516561809,Plein jour,Hors agglomération,Hors intersection,Normale,Deux véhicules - côté,1,1,2,0,3,1,1,3,1,70,,2,1,0,0,1,25.0,34.0,,,1,1,1,1,3
202100035853,2021-06-07 13:05:00,2021,6,7,13,5,69,69259,LAURENT BONNEVAY (BD),45.7204,4.8822,Plein jour,Hors agglomération,Hors intersection,Normale,Deux véhicules - arrière,7,1,3,0,1,1,1,0,1,70,,3,2,0,0,1,27.0,19.0,,,1,1,1,1,2
202100035854,2021-06-08 18:10:00,2021,6,8,18,10,33,33013,Rocade Rive Droite N230,44.849485,-0.503805,Plein jour,Hors agglomération,Hors intersection,Normale,Trois véhicules et plus - en chaîne,2,3,6,0,1,1,1,0,1,90,,3,2,0,0,1,41.0,55.0,,,1,1,1,1,4
202100035855,2021-06-04 12:40:00,2021,6,4,12,40,59,59178,AUTOROUTE A21,50.3912403544,3.1242907047,Plein jour,Hors agglomération,Hors intersection,Normale,Autre collision,1,1,4,0,1,1,1,0,1,130,,2,1,0,1,0,24.0,23.0,,,1,1,1,1,6
202100035856,2021-06-08 17:20:00,2021,6,8,17,20,91,91471,RN 118,48.71322,2.17925,Plein jour,Hors agglomération,Hors intersection,Normale,Trois véhicules et plus - en chaîne,2,1,2,0,2,1,1,0,1,90,,5,4,0,0,1,25.0,48.0,,,1,1,1,1,4
202100035857,2021-06-08 12:32:00,2021,6,8,12,32,94,94034,AUTOROUTE A86,48.75942,2.32254,Plein jour,Hors agglomération,Hors intersection,Normale,Deux véhicules - côté,1,2,4,0,1,1,1,0,1,70,,2,1,0,0,1,58.0,40.0,,,1,1,1,1,3
202100035858,2021-06-08 14:00:00,2021,6,8,14,0,94,94034,AUTOROUTE A6A,48.75439,2.33272,Plein jour,Hors agglomération,Hors intersection,Normale,Trois véhicules et plus - en chaîne,1,1,3,0,1,1,1,0,1,110,,4,1,0,0,3,38.0,53.0,,,1,1,1,1,4
202100035859,2021-06-07 18:32:00,2021,6,7,18,32,91,91161,AUTOROUTE A6,48.71554,2.30944,Plein jour,Hors agglomération,Hors intersection,Normale,Trois véhicules et plus - en chaîne,1,1,3,0,1,1,1,0,1,110,,5,4,0,0,1,66.0,33.0,,,1,1,1,1,4
202100035860,2021-06-08 10:00:00,2021,6,8,10,0,93,93005,AUTOROUTE A1,48.95723,2.46153,Plein jour,Hors agglomération,Hors intersection,Normale,Deux véhicules - côté,1,3,9,0,1,1,1,0,1,110,,2,1,0,0,1,30.0,31.0,,,1,1,1,1,3
202100035861,2021-06-07 18:40:00,2021,6,7,18,40,93,93051,A4,48.83529,2.57337,Plein jour,Hors agglomération,Hors intersection,Normale,Deux véhicules - côté,1,1,5,0,1,1,1,0,1,110,,2,1,0,0,1,35.0,25.0,,,1,1,1,1,3
202100035862,2021-06-07 16:40:00,2021,6,7,16,40,83,83137,PUY (RUE DOCTEUR LOUIS),43.1224,5.939152,Plein jour,En agglomération,Hors intersection,Normale,Autre collision,4,1,4,0,1,3,1,0,1,50,,2,1,0,0,1,20.0,,,,1,2,1,1,6
202100035863,2021-06-07 19:00:00,2021,6,7,19,0,79,79191,59 Rue Victor Hugo,46.32443,-0.46169,Plein jour,En agglomération,Hors intersection,Normale,Sans collision,4,1,1,0,1,1,1,6,1,30,,2,1,0,0,1,18.0,,,,1,2,1,1,7
202100035864,2021-06-07 16:20:00,2021,6,7,16,20,33,33039,CRS VICTOR HUGO,44.80928,-0.56227,Plein jour,En agglomération,Hors intersection,Normale,Autre collision,4,2,2,0,1,1,1,0,1,30,,2,1,0,0,1,72.0,,,,1,2,1,1,6
202100035865,2021-06-06 03:15:00,2021,6,6,3,15,988,98818,AVENUE JAMES COOK,-22.26282,166.39708,Nuit sans éclairage public,En agglomération,Hors intersection,Pluie forte,Sans collision,4,2,2,0,3,2,2,0,8,50,,2,0,0,1,1,38.0,,,,3,2,1,3,7
202100035866,2021-06-07 15:54:00,2021,6,7,15,54,973,97302,BADUEL (ROUTE DE),4.9308,-52.3055,Plein jour,En agglomération,Hors intersection,Normale,Autre collision,3,2,2,0,1,1,1,0,1,50,,3,2,0,0,1,22.0,48.0,,,1,2,1,1,6
202100035867,2021-06-07 12:15:00,2021,6,7,12,15,973,97302,ROUTE NATIONALE 3,4.90383,-52.31661,Plein jour,En agglomération,Hors intersection,Normale,Deux véhicules - arrière,3,2,2,0,1,1,1,0,1,70,,3,2,0,0,1,27.0,51.0,,,1,2,1,1,2
202100035868,2021-06-07 09:05:00,2021,6,7,9,5,69,69387,PROFESSEUR GRIGNARD (DU) (R),45.74799,4.8364,Plein jour,En agglomération,Intersection en X,Normale,Deux véhicules - côté,4,1,1,0,1,1,1,0,1,50,,2,1,0,0,1,33.0,54.0,,,1,2,2,1,3
202100035869,2021-06-06 10:35:00,2021,6,6,10,35,69,69387,GAMBETTA (CR),45.75465,4.84474,Plein jour,En agglomération,Hors intersection,Normale,Deux véhicules - côté,4,2,3,1,1,1,1,0,5,50,,2,1,0,1,0,29.0,44.0,,,1,2,1,1,3
202100035870,2021-06-06 08:30:00,2021,6,6,8,30,972,97213,ROUTE NATIONALE 1,14.64978,-60.9749,Plein jour,Hors agglomération,Hors intersection,Normale,Trois véhicules et plus - collisions multiples,2,-1,2,0,3,1,1,0,1,70,,4,1,1,2,0,16.0,41.0,,,1,1,1,1,5
202100035871,2021-06-06 22:32:00,2021,6,6,22,32,972,97209,RD 41 (ROCADE),14.61027,-61.08427,Nuit avec éclairage allumé,Hors agglomération,Hors intersection,Pluie légère,Autre collision,3,1,1,0,1,3,2,0,1,60,,1,0,0,0,1,28.0,,,,5,1,1,2,6
202100035872,2021-06-07 08:50:00,2021,6,7,8,50,971,97120,Secteur Pont de la Gabarre,16.2535370151,-61.5482600033,Plein jour,Hors agglomération,Hors intersection,Normale,Deux véhicules - arrière,2,1,3,0,1,1,1,2,1,80,,2,1,0,0,1,76.0,32.0,,,1,1,1,1,2
202100035873,2021-06-07 08:20:00,2021,6,7,8,20,971,97101,PERRIN (SECTEUR),16.29887,-61.51127,Plein jour,Hors agglomération,Hors intersection,Normale,Deux véhicules - côté,3,-1,2,0,1,1,1,0,1,50,,4,1,0,1,2,20.0,40.0,,,1,1,1,1,3
202100035874,2021-06-07 08:46:00,2021,6,7,8,46,971,97113,GENERAL DE GAULLE (AVENUE),16.20603,-61.49635,Plein jour,Hors agglomération,Hors intersection,Normale,Autre collision,3,2,2,0,1,1,1,0,1,50,,2,1,0,0,1,40.0,,,,1,1,1,1,6
202100035875,2021-05-30 14:45:00,2021,5,30,14,45,971,97113,SECTION GRANDE RAVINE,16.21579,-61.47958,Plein jour,Hors agglomération,Hors intersection,Normale,Sans collision,2,-1,-1,0,1,1,1,0,1,70,,1,0,0,0,1,35.0,,,,1,1,1,1,7
202100035876,2021-06-07 08:35:00,2021,6,7,8,35,95,95585,FARGUE (ALLEE LEON PAUL),48.97948,2.37199,Plein jour,En agglomération,Hors intersection,Normale,Autre collision,4,2,2,0,1,1,1,0,1,50,,2,1,0,0,1,29.0,,,,1,2,1,1,6
202100035877,2021-06-07 18:10:00,2021,6,7,18,10,95,95280,SARRAUT ALBERT (AVENUE),49.03238,2.45876,Plein jour,En agglomération,Hors intersection,Normale,Autre collision,4,2,3,3,1,1,1,0,4,50,,2,1,0,0,1,35.0,,,,1,2,1,1,6
202100035878,2021-06-07 17:00:00,2021,6,7,17,0,95,95280,CARREFOUR DU BASSIN,49.01258,2.47039,Plein jour,En agglomération,Giratoire,Normale,Deux véhicules - côté,3,-1,0,0,1,1,1,0,1,50,,2,1,0,0,1,27.0,15.0,,,1,2,6,1,3
202100035879,2021-06-07 09:15:00,2021,6,7,9,15,95,95063,RUE LUCIEN SAMPAIX,48.93755,2.20714,Plein jour,En agglomération,Intersection en X,Normale,Deux véhicules - côté,3,2,2,0,3,1,1,0,1,50,,2,1,0,1,0,29.0,37.0,,,1,2,2,1,3
202100035880,2021-06-07 17:53:00,2021,6,7,17,53,91,91687,LOUIS LABONNE (RUE),48.67792,2.37112,Plein jour,En agglomération,Hors intersection,Normale,Autre collision,4,-1,1,0,1,1,1,0,8,30,,2,1,0,0,1,38.0,,,,1,2,1,1,6
202100035881,2021-06-05 18:25:00,2021,6,5,18,25,91,91223,RUE DES DEUX MARES,48.45858,2.11179,Plein jour,Hors agglomération,Hors intersection,Normale,Sans collision,3,2,2,0,1,2,9,0,1,50,,1,0,0,0,1,22.0,,,,1,1,1,1,7
202100035882,2021-06-07 19:00:00,2021,6,7,19,0,81,81065,LAUTREC RD 83 ( AVENUE DE),43.62421,2.21417,Plein jour,En agglomération,Hors intersection,Normale,Deux véhicules - côté,3,2,2,0,1,1,1,0,1,50,,3,0,0,1,2,31.0,37.0,,,1,2,1,1,3
202100035883,2021-06-06 18:50:00,2021,6,6,18,50,77,77464,CLAYE  (RUE DE  ),48.89304,2.70832,Plein jour,En agglomération,Hors intersection,Normale,Deux véhicules - frontale,3,-1,2,0,1,1,1,0,1,50,,4,0,0,0,4,41.0,22.0,,,1,2,1,1,1
202100035884,2021-06-07 14:55:00,2021,6,7,14,55,77,77186,RD607 de Barbizon à pavé du roi,48.4135710018,2.6785760824,Plein jour,Hors agglomération,Hors intersection,Normale,Trois véhicules et plus - collisions multiples,3,2,4,0,2,1,1,0,1,90,,3,0,0,1,2,74.0,30.0,,,1,1,1,1,5
202100035885,2021-06-05 20:38:00,2021,6,5,20,38,76,76351,ALBERT 1ER,49.4970641698,0.0925831497,Crépuscule ou aube,En agglomération,Hors intersection,Normale,Autre collision,4,3,4,0,1,1,1,0,4,50,,2,1,0,0,1,,,,,2,2,1,1,6
202100035886,2021-05-25 19:00:00,2021,5,25,19,0,74,74012,VERDUN (AVENUE DE),46.18669,6.24301,Plein jour,En agglomération,Hors intersection,Normale,Autre collision,4,2,2,1,1,1,1,0,1,50,,2,1,0,0,1,34.0,,,,1,2,1,1,6
202100035887,2021-06-07 00:50:00,2021,6,7,0,50,69,69266,LEON BLUM (R),45.7644755912,4.918294251,Nuit avec éclairage allumé,En agglomération,Hors intersection,Normale,Autre collision,4,2,4,1,1,1,1,0,4,50,,2,0,1,1,0,23.0,,,,5,2,1,1,6
202100035888,2021-06-04 10:50:00,2021,6,4,10,50,67,67482,22 NOVEMBRE (RUE DU),48.5828533307,7.7422472835,Plein jour,En agglomération,Hors intersection,Normale,Autre collision,4,2,2,2,1,1,1,0,1,30,,2,1,0,0,1,51.0,,,,1,2,1,1,6
202100035889,2021-06-06 22:59:00,2021,6,6,22,59,67,67180,RD 1062,48.82897,7.75213,Nuit sans éclairage public,Hors agglomération,Hors intersection,Normale,Deux véhicules - arrière,3,3,2,0,1,1,1,0,3,70,,2,1,0,0,1,,38.0,,,3,1,1,1,2
202100035890,2021-06-06 21:03:00,2021,6,6,21,3,66,66136,SAINT-ASSISCLE (BOULEVARD DE),42.69257,2.87962,Crépuscule ou aube,En agglomération,Giratoire,Normale,Deux véhicules - frontale,4,1,1,0,1,2,1,0,1,30,,2,1,0,0,1,17.0,43.0,,,2,2,6,1,1
202100035891,2021-06-06 16:00:00,2021,6,6,16,0,66,66136,LILAS,42.68463,2.88207,Plein jour,En agglomération,Intersection en T,Normale,Deux véhicules - côté,4,1,2,0,1,1,1,0,1,50,,2,1,0,0,1,20.0,21.0,,,1,2,3,1,3
202100035892,2021-04-19 07:50:00,2021,4,19,7,50,65,65440,FERRE (PLACE),43.22845,0.07583,Plein jour,En agglomération,Giratoire,Normale,Deux véhicules - côté,4,2,2,0,1,1,1,0,1,50,,2,1,0,0,1,53.0,49.0,,,1,2,6,1,3
202100035893,2021-06-07 10:30:00,2021,6,7,10,30,64,64445,CORPS FRANC POMMIES ET 49 RI DU,43.30717,-0.3359,Plein jour,En agglomération,Hors intersection,Normale,Deux véhicules - côté,4,2,3,1,1,1,1,0,1,50,,3,1,0,0,2,38.0,17.0,,,1,2,1,1,3
202100035894,2021-06-06 13:20:00,2021,6,6,13,20,64,64024,ADOUR (AVENUE DE L'),43.50383,-1.4951,Plein jour,En agglomération,Autre intersection,Normale,Sans collision,4,2,3,0,1,1,1,0,1,50,,2,1,0,0,1,23.0,,,,1,2,9,1,7
202100035895,2021-06-05 14:57:00,2021,6,5,14,57,63,63113,RECLUS (AVENUE ELISEE),45.78413,3.14296,Plein jour,En agglomération,Hors intersection,Normale,Deux véhicules - arrière,7,3,4,0,1,1,1,0,1,50,,2,1,0,0,1,43.0,43.0,,,1,2,1,1,2
202100035896,2021-06-04 15:16:00,2021,6,4,15,16,63,63113,MICHELIN (AVENUE EDOUARD),45.78074,3.10925,Plein jour,En agglomération,Intersection en X,Normale,Deux véhicules - côté,4,1,2,0,1,1,1,0,1,50,,2,1,0,0,1,16.0,22.0,,,1,2,2,1,3
202100035897,2021-06-07 15:15:00,2021,6,7,15,15,61,61001,sentier du Milieu,48.439229999,0.07866,Plein jour,En agglomération,Hors intersection,Normale,Sans collision,4,2,1,3,1,1,1,0,1,30,,2,1,0,0,1,28.0,,,,1,2,1,1,7
202100035898,2021-06-07 18:35:00,2021,6,7,18,35,59,59426,,50.74784,3.14543,Plein jour,Hors agglomération,Autre intersection,Normale,Deux véhicules - côté,7,3,4,0,1,1,1,0,1,70,,2,1,0,1,0,49.0,31.0,,,1,1,9,1,3
202100035899,2021-06-07 15:00:00,2021,6,7,15,0,59,59090,GAULLE (AVENUE DU GENERAL DE),50.70644,3.10184,Plein jour,En agglomération,Hors intersection,Normale,Autre collision,7,2,4,2,1,1,1,0,1,50,,2,1,0,1,0,84.0,,,,1,2,1,1,6
202100035900,2021-06-07 08:20:00,2021,6,7,8,20,59,59599,LILLE (RUE DE),50.722615,3.151896,Plein jour,En agglomération,Hors intersection,Normale,Deux véhicules - frontale,4,2,2,0,1,1,1,0,1,50,,4,1,0,0,3,52.0,44.0,,,1,2,1,1,1
202100035901,2021-06-07 07:15:00,2021,6,7,7,15,59,59599,BETHUNE (RUE DE),50.724836,3.132341,Plein jour,En agglomération,Giratoire,Normale,Deux véhicules - frontale,7,1,4,0,1,1,1,9,5,50,,2,1,0,0,1,33.0,36.0,,,1,2,6,1,1
202100035902,2021-06-07 18:30:00,2021,6,7,18,30,59,59512,LE NOTRE (AVENUE),50.680718,3.166919,Plein jour,En agglomération,Passage à niveau,Normale,Deux véhicules - côté,7,2,2,0,1,1,1,4,1,50,,2,1,0,0,1,40.0,18.0,,,1,2,8,1,3
202100035903,2021-06-05 21:28:00,2021,6,5,21,28,56,56121,SAINT-CHRISTOPHE ( PONT ),47.76114,-3.36456,Plein jour,En agglomération,Hors intersection,Normale,Autre collision,4,2,2,1,1,1,1,2,3,30,,1,0,0,0,1,19.0,,,,1,2,1,1,6
202100035904,2021-06-05 15:55:00,2021,6,5,15,55,56,56083,HINGAIR ( CHEMIN DU ),47.807,-3.28361,Plein jour,En agglomération,Intersection en Y,Normale,Deux véhicules - côté,4,2,2,0,4,3,1,0,1,30,,2,1,0,0,1,24.0,57.0,,,1,2,4,1,3
202100035905,2021-06-04 15:20:00,2021,6,4,15,20,56,56121,BLANKAERT  (RUE  JUDE ),47.76241,-3.39241,Plein jour,En agglomération,Hors intersection,Normale,Autre collision,4,2,2,0,1,2,1,0,4,30,,1,0,0,0,1,65.0,,,,1,2,1,1,6
202100035906,2021-06-07 22:20:00,2021,6,7,22,20,54,54395,FRANCE (AVENUE ANATOLE),48.68598,6.15858,Nuit avec éclairage allumé,En agglomération,Hors intersection,Normale,Deux véhicules - côté,4,1,2,2,1,1,1,0,1,50,,2,1,0,0,1,23.0,22.0,,,5,2,1,1,3
202100035907,2021-06-07 10:20:00,2021,6,7,10,20,51,51058,Avenue François Jacob,49.21833,4.00351,Plein jour,Hors agglomération,Autre intersection,Normale,Autre collision,6,-1,-1,0,1,1,1,9,8,10,,1,0,0,0,1,88.0,,,,1,1,9,1,6
202100035908,2021-06-05 19:00:00,2021,6,5,19,0,51,51172,Route de Louvois,49.216695408,4.0531289577,Plein jour,En agglomération,Hors intersection,Pluie légère,Deux véhicules - arrière,6,-1,-1,0,2,1,2,9,1,30,,3,2,0,0,1,50.0,49.0,,,1,2,1,2,2
202100035909,2021-06-07 12:40:00,2021,6,7,12,40,50,50147,DE LA MARE,49.06845,-1.4233,Plein jour,En agglomération,Intersection en T,Normale,Deux véhicules - côté,3,1,1,0,2,1,1,3,1,50,,2,1,0,0,1,38.0,21.0,,,1,2,3,1,3