accident_id,datetime,annee,mois,jour,heure,minute,departement,commune_insee,adresse,latitude,longitude,luminosite,agglomeration,intersection,meteo,collision,catr,circ,nbv,vosp,prof,plan,surf,infra,situ,vma,nb_vehicules,nb_usagers,nb_indemnes,nb_tues,nb_blesses_hosp,nb_blesses_legers,age_cond_1,age_cond_2,veh_type_cond_1,veh_type_cond_2,lum_code,agg_code,int_code,atm_code,col_code
202100035910,2021-06-04 14:10:00,2021,6,4,14,10,50,50129,JAURES (PLACE JEAN),49.63389,-1.62255,Plein jour,En agglomération,Intersection en X,Normale,Deux véhicules - arrière,3,3,4,0,1,1,1,5,1,50,,2,1,0,0,1,23.0,61.0,,,1,2,2,1,2
202100035911,2021-06-07 13:27:00,2021,6,7,13,27,47,47031,POURRET (PASSERELLE),44.17775,0.66357,Plein jour,En agglomération,Hors intersection,Normale,Deux véhicules - côté,9,2,1,1,1,1,1,0,5,20,,2,1,0,1,0,20.0,43.0,,,1,2,1,1,3
202100035912,2021-06-07 07:15:00,2021,6,7,7,15,45,45234,Avenue des Droits de l’Homme,47.92322,1.9319,Plein jour,En agglomération,Intersection en T,Normale,Deux véhicules - côté,4,3,4,0,1,1,1,0,1,50,,2,0,0,0,2,85.0,42.0,,,1,2,3,1,3
202100035913,2021-06-04 20:10:00,2021,6,4,20,10,44,44143,BOULEVARD LE CORBUSIER,47.1891,-1.57033,Plein jour,En agglomération,Giratoire,Normale,Deux véhicules - côté,4,2,2,2,1,2,1,0,1,50,,2,1,0,0,1,40.0,20.0,,,1,2,6,1,3
202100035914,2021-06-06 16:20:00,2021,6,6,16,20,37,37214,MENARDIERE (RUE DE LA),47.4192314897,0.6672048569,Plein jour,En agglomération,Hors intersection,Normale,Autre collision,4,2,2,0,1,1,1,0,1,50,,2,1,0,0,1,31.0,56.0,,,1,2,1,1,6
202100035915,2021-06-07 18:17:00,2021,6,7,18,17,35,35238,BOURGEOIS (BOULEVARD LEON),48.09946,-1.65183,Plein jour,En agglomération,Hors intersection,Normale,Deux véhicules - côté,4,2,2,1,1,1,1,0,1,50,,2,1,0,0,1,62.0,35.0,,,1,2,1,1,3
202100035916,2021-06-07 15:15:00,2021,6,7,15,15,35,35238,Rue LAFOND,48.12136,-1.66635,Plein jour,En agglomération,Hors intersection,Normale,Autre collision,4,1,1,0,1,1,1,0,1,50,,1,0,0,0,1,55.0,,,,1,2,1,1,6
202100035917,2021-06-02 16:55:00,2021,6,2,16,55,34,34172,JULES VENTRE (ROND-POINT),43.61842,3.86337,Plein jour,En agglomération,Giratoire,Normale,Deux véhicules - côté,4,1,2,0,1,2,1,5,1,30,,3,1,0,1,1,39.0,46.0,,,1,2,6,1,3
202100035918,2021-06-04 08:05:00,2021,6,4,8,5,31,31555,RUE JEAN BAPTISTE DUMAS,43.62227,1.42773,Plein jour,En agglomération,Intersection en T,Pluie légère,Deux véhicules - côté,4,1,1,1,1,1,2,0,1,30,,2,1,0,0,1,40.0,19.0,,,1,2,3,2,3
202100035919,2021-06-07 16:00:00,2021,6,7,16,0,29,29232,D783 - Avenue de Ty Bos,47.9668339289,-4.0615081785,Plein jour,Hors agglomération,Intersection en T,Normale,Deux véhicules - côté,3,2,2,0,1,1,1,5,1,70,,4,0,0,0,4,18.0,36.0,,,1,1,3,1,3
202100035920,2021-06-06 21:39:00,2021,6,6,21,39,29,29051,D15 - Route de Coray,48.02684,-3.97181,Plein jour,Hors agglomération,Hors intersection,Normale,Sans collision,3,2,2,0,2,2,1,0,3,70,,1,0,0,1,0,27.0,,,,1,1,1,1,7
202100035921,2021-06-05 20:45:00,2021,6,5,20,45,27,27299,NETREVILLE (RUE DE),49.03574,1.17435,Plein jour,En agglomération,Hors intersection,Normale,Deux véhicules - arrière,4,-1,2,0,1,1,1,0,1,50,,4,3,0,0,1,24.0,27.0,,,1,2,1,1,2
202100035922,2021-06-08 21:00:00,2021,6,8,21,0,25,25056,MARNOTTE RUE,47.24065,6.04554,Plein jour,En agglomération,Hors intersection,Normale,Autre collision,4,2,1,0,4,3,1,0,1,50,,1,0,0,0,1,48.0,,,,1,2,1,1,6
202100035923,2021-06-04 20:00:00,2021,6,4,20,0,21,21054,1 Rempart Madeleine,47.0219965677,4.8401106471,Plein jour,En agglomération,Hors intersection,Normale,Sans collision,4,2,1,0,2,1,1,9,1,30,,1,0,0,0,1,18.0,,,,1,2,1,1,7
202100035924,2021-06-07 21:03:00,2021,6,7,21,3,17,17228,LAVOISIER (ANTOINE DE),45.63418,-0.97883,Plein jour,En agglomération,Hors intersection,Normale,Deux véhicules - frontale,4,2,2,0,1,3,1,0,1,50,,2,1,0,0,1,25.0,46.0,,,1,2,1,1,1
202100035925,2021-06-07 17:55:00,2021,6,7,17,55,17,17200,02 PK RN237 RE MOULIN JUSTICE,46.18146,-1.14199,Plein jour,Hors agglomération,Hors intersection,Normale,Deux véhicules - arrière,2,3,4,0,1,1,1,0,1,90,,3,2,0,0,1,78.0,78.0,,,1,1,1,1,2
202100035926,2021-06-05 15:30:00,2021,6,5,15,30,16,16089,,45.67681,-0.3208,Plein jour,Hors agglomération,Hors intersection,Normale,Deux véhicules - frontale,2,2,2,0,2,1,1,0,1,80,,4,1,0,1,2,69.0,42.0,,,1,1,1,1,1
202100035927,2021-06-07 06:00:00,2021,6,7,6,0,14,14341,N814,49.1456,-0.33889,Crépuscule ou aube,Hors agglomération,Giratoire,Brouillard / fumée,Autre collision,2,1,4,0,1,1,1,5,8,50,,2,0,0,1,1,23.0,,,,2,1,6,5,6
202100035928,2021-06-07 23:00:00,2021,6,7,23,0,13,13215,MINERVE (AVENUE),43.36711,5.35403,Nuit avec éclairage allumé,En agglomération,Hors intersection,Normale,Deux véhicules - frontale,4,2,2,0,2,1,1,0,1,50,,2,1,0,1,0,40.0,19.0,,,5,2,1,1,1
202100035929,2021-06-07 19:15:00,2021,6,7,19,15,13,13209,SAINTE MARGUERITE (BOULEVARD),43.2650213354,5.4091573347,Plein jour,En agglomération,Hors intersection,Normale,Deux véhicules - arrière,4,2,2,0,1,1,1,0,1,501,,2,1,0,1,0,58.0,,,,1,2,1,1,2
202100035930,2021-06-06 22:37:00,2021,6,6,22,37,13,13201,GRANDE ARMEE (RUE DE LA),43.3,5.38,Nuit avec éclairage allumé,En agglomération,Autre intersection,Normale,Deux véhicules - côté,4,1,2,0,2,1,1,0,1,50,,2,0,0,0,2,25.0,19.0,,,5,2,9,1,3
202100035931,2021-06-06 18:45:00,2021,6,6,18,45,12,12013,RD5 ANTOINE DE ST EXUPERY,44.51758,2.24406,Plein jour,Hors agglomération,Hors intersection,Normale,Autre collision,3,2,3,0,2,3,1,0,3,90,,1,0,1,0,0,53.0,,,,1,1,1,1,6
202100035932,2021-06-07 09:40:00,2021,6,7,9,40,10,10343,CANAL (RUE DU),48.272122,4.090857,Plein jour,En agglomération,Giratoire,Temps éblouissant,Deux véhicules - côté,4,2,2,1,1,3,1,0,1,50,,2,1,0,0,1,69.0,21.0,,,1,2,6,7,3
202100035933,2021-06-07 18:20:00,2021,6,7,18,20,06,06027,PLAGE BOULEVARD DE LA,43.655877,7.161929,Plein jour,En agglomération,Hors intersection,Normale,Deux véhicules - côté,7,2,4,0,1,1,1,0,1,50,,2,1,0,0,1,39.0,46.0,,,1,2,1,1,3
202100035934,2021-06-06 01:55:00,2021,6,6,1,55,05,05061,REVELLY (PLACE  DU ),44.56125,6.07991,Nuit avec éclairage allumé,En agglomération,Hors intersection,Normale,Autre collision,3,1,2,0,1,2,1,0,4,50,,1,0,0,0,1,23.0,,,,5,2,1,1,6
202100035935,2021-06-05 10:18:00,2021,6,5,10,18,05,05061,BOUTONS D'OR ( RUE DES ),44.54717,6.0597,Plein jour,En agglomération,Intersection en T,Normale,Deux véhicules - côté,4,2,2,0,2,1,1,0,1,50,,2,1,0,0,1,33.0,30.0,,,1,2,3,1,3
202100035936,2021-06-04 14:58:00,2021,6,4,14,58,03,03101,RN 145,46.3332,2.53634,Plein jour,Hors agglomération,Autre intersection,Temps couvert,Trois véhicules et plus - en chaîne,2,-1,2,0,2,3,2,0,1,110,,4,3,0,1,0,19.0,19.0,,,1,1,9,8,4
202100035937,2021-06-07 17:15:00,2021,6,7,17,15,75,75119,BOULEVARD PERIPHERIQUE,48.90073,2.372563,Plein jour,En agglomération,Hors intersection,Normale,Trois véhicules et plus - en chaîne,4,1,4,0,1,1,1,0,1,70,,4,3,0,0,1,,31.0,,,1,2,1,1,4
202100035938,2021-06-07 15:30:00,2021,6,7,15,30,75,75119,BOULEVARD PERIPHERIQUE,48.900171,2.377907,Plein jour,En agglomération,Hors intersection,Normale,Deux véhicules - côté,4,1,4,0,1,1,1,0,1,70,,2,1,0,0,1,59.0,37.0,,,1,2,1,1,3
202100035939,2021-06-05 14:05:00,2021,6,5,14,5,75,75116,BOULEVARD LANNES,48.866701,2.2717,Plein jour,En agglomération,Intersection en T,Normale,Deux véhicules - côté,4,2,4,0,1,1,1,0,1,30,,3,2,0,1,0,30.0,19.0,,,1,2,3,1,3
202100035940,2021-06-07 20:50:00,2021,6,7,20,50,75,75105,BOULEVARD DE L HOPITAL,48.843183,2.364269,Plein jour,En agglomération,Intersection en Y,Normale,Deux véhicules - frontale,4,2,6,3,1,1,1,0,6,30,,2,1,0,1,0,27.0,28.0,,,1,2,4,1,1
202100035941,2021-06-07 18:40:00,2021,6,7,18,40,75,75120,RUE D AVRON,48.851851,2.401382,Plein jour,En agglomération,Intersection en X,Normale,Autre collision,4,2,2,0,1,1,1,0,1,30,,2,1,0,0,1,34.0,,,,1,2,2,1,6
202100035942,2021-06-07 18:30:00,2021,6,7,18,30,75,75119,BOULEVARD MACDONALD,48.898778,2.374141,Plein jour,En agglomération,Intersection en T,Normale,Deux véhicules - côté,4,2,5,1,1,1,1,5,5,50,,3,2,0,0,1,22.0,52.0,,,1,2,3,1,3
202100035943,2021-06-07 14:30:00,2021,6,7,14,30,75,75118,AVENUE DE LA PORTE DE MONTMARTRE,48.899151,2.336264,Plein jour,En agglomération,Intersection en X,Normale,Deux véhicules - arrière,4,2,4,0,1,1,1,0,1,50,,2,1,0,0,1,38.0,42.0,,,1,2,2,1,2
202100035944,2021-06-07 18:20:00,2021,6,7,18,20,75,75117,BOULEVARD DE COURCELLES,48.880007,2.30708,Plein jour,En agglomération,Hors intersection,Normale,Deux véhicules - côté,4,2,2,0,1,1,1,0,1,50,,2,1,0,0,1,30.0,30.0,,,1,2,1,1,3
202100035945,2021-06-07 18:04:00,2021,6,7,18,4,75,75111,BOULEVARD VOLTAIRE,48.862,2.372,Plein jour,En agglomération,Hors intersection,Normale,Deux véhicules - frontale,4,2,4,0,1,1,1,0,1,30,,2,1,0,0,1,29.0,47.0,,,1,2,1,1,1
202100035946,2021-06-07 16:30:00,2021,6,7,16,30,75,75111,AVENUE DE LA REPUBLIQUE,48.8669449924,2.3657566309,Plein jour,En agglomération,Place,Normale,Trois véhicules et plus - en chaîne,4,2,4,1,1,1,1,0,5,50,,3,2,0,0,1,40.0,40.0,,,1,2,7,1,4
202100035947,2021-06-07 13:20:00,2021,6,7,13,20,75,75111,BOULEVARD BEAUMARCHAIS,48.858318,2.367898,Plein jour,En agglomération,Hors intersection,Normale,Deux véhicules - côté,4,2,2,3,1,1,1,0,6,50,,2,1,0,0,1,52.0,25.0,,,1,2,1,1,3
202100035948,2021-06-07 17:10:00,2021,6,7,17,10,75,75108,RUE DE BERRI,48.873477,2.306086,Plein jour,En agglomération,Hors intersection,Normale,Sans collision,4,1,1,0,1,1,1,0,1,50,,1,0,0,0,1,21.0,,,,1,2,1,1,7
202100035949,2021-06-07 18:55:00,2021,6,7,18,55,75,75114,RUE D ALESIA,48.827995,2.326271,Plein jour,En agglomération,Hors intersection,Normale,Deux véhicules - côté,4,2,3,0,1,1,1,0,1,50,,2,1,0,0,1,27.0,58.0,,,1,2,1,1,3
202100035950,2021-06-07 09:38:00,2021,6,7,9,38,75,75103,RUE DE TURENNE,48.860955,2.364597,Plein jour,En agglomération,Hors intersection,Temps éblouissant,Deux véhicules - arrière,4,2,2,0,1,1,1,0,1,50,,2,1,0,0,1,59.0,19.0,,,1,2,1,7,2
202100035951,2021-06-06 21:50:00,2021,6,6,21,50,94,94067,Avenue Daumesnil,48.834222,2.417011,Crépuscule ou aube,En agglomération,Autre intersection,Normale,Deux véhicules - côté,4,2,3,0,1,1,1,0,1,50,,2,1,0,0,1,26.0,39.0,,,2,2,9,1,3
202100035952,2021-06-07 16:45:00,2021,6,7,16,45,94,94067,Avenue du Général de Gaulle,48.835033,2.419783,Plein jour,En agglomération,Intersection en T,Normale,Deux véhicules - côté,3,2,2,0,2,1,1,0,1,50,,2,1,0,0,1,31.0,38.0,,,1,2,3,1,3
202100035953,2021-06-07 06:00:00,2021,6,7,6,0,94,94078,Rue de Paris,48.7355,2.4467,Plein jour,En agglomération,Autre intersection,Normale,Deux véhicules - frontale,2,2,4,0,1,1,1,0,1,50,,2,1,0,1,0,27.0,38.0,,,1,2,9,1,1
202100035954,2021-06-07 18:05:00,2021,6,7,18,5,94,94042,Boulevard du Maréchal Leclerc,48.813006,2.468433,Plein jour,En agglomération,Autre intersection,Normale,Deux véhicules - côté,3,1,1,1,2,3,1,9,1,50,,2,1,0,0,1,32.0,17.0,,,1,2,9,1,3
202100035955,2021-06-07 18:30:00,2021,6,7,18,30,94,94011,Route de l’Ouest,48.78027,2.47609,Plein jour,En agglomération,Giratoire,Normale,Deux véhicules - côté,3,2,2,0,2,2,1,0,1,50,,2,1,0,0,1,53.0,43.0,,,1,2,6,1,3
202100035956,2021-06-07 07:20:00,2021,6,7,7,20,94,94028,Carrefour Pompadour,48.774345,2.439805,Plein jour,En agglomération,Autre intersection,Normale,Deux véhicules - frontale,3,3,2,0,1,1,1,0,1,50,,2,1,0,0,1,55.0,57.0,,,1,2,9,1,1
202100035957,2021-06-07 22:20:00,2021,6,7,22,20,94,94022,STALINGRAD (BD DE),48.76714,2.40383,Nuit avec éclairage allumé,En agglomération,Hors intersection,Normale,Deux véhicules - côté,3,1,2,0,1,1,1,0,1,50,,2,1,0,1,0,31.0,22.0,,,5,2,1,1,3
202100035958,2021-06-07 09:30:00,2021,6,7,9,30,93,93051,Boulevard du Levant,48.8397,2.54969,Plein jour,En agglomération,Hors intersection,Normale,Autre collision,3,3,4,0,1,1,1,0,1,50,,2,1,0,0,1,71.0,,,,1,2,1,1,6
202100035959,2021-06-07 20:10:00,2021,6,7,20,10,93,93010,GALLIENI (AV.) DE 2 A 96,48.905635,2.479517,Plein jour,En agglomération,Hors intersection,Normale,Deux véhicules - côté,3,3,4,0,1,1,1,0,1,50,,3,1,0,0,2,21.0,24.0,,,1,2,1,1,3
202100035960,2021-06-05 20:00:00,2021,6,5,20,0,93,93010,GALLIENI (AV.) DE 1 A 109,48.90541,2.4753,Plein jour,En agglomération,Hors intersection,Normale,Deux véhicules - arrière,3,-1,0,0,1,1,1,0,1,50,,3,2,0,1,0,,24.0,,,1,2,1,1,2
202100035961,2021-06-07 12:25:00,2021,6,7,12,25,93,93010,CARNOT (AV.) DE 1 A 57,48.90125,2.482,Plein jour,En agglomération,Intersection en T,Normale,Deux véhicules - frontale,4,-1,0,0,1,1,1,0,5,30,,2,1,0,0,1,36.0,25.0,,,1,2,3,1,1
202100035962,2021-06-07 08:28:00,2021,6,7,8,28,93,93008,VAILLANT COUTURIER (AVENUE PAUL),48.90738,2.45677,Plein jour,En agglomération,Autre intersection,Normale,Deux véhicules - côté,3,1,5,1,1,1,1,0,1,50,,2,0,0,0,2,27.0,45.0,,,1,2,9,1,3
202100035963,2021-06-07 18:10:00,2021,6,7,18,10,93,93007,JACQUES DECOUR (SQUARE),48.92123,2.47539,Plein jour,En agglomération,Hors intersection,Normale,Deux véhicules - côté,4,1,2,0,1,1,1,0,1,50,,2,1,0,0,1,47.0,11.0,,,1,2,1,1,3
202100035964,2021-06-07 16:45:00,2021,6,7,16,45,92,92064,PLACE CLEMENCEAU,48.8414968192,2.2218371789,Plein jour,En agglomération,Place,Normale,Deux véhicules - côté,3,1,1,0,1,2,1,5,1,50,,2,1,0,0,1,24.0,25.0,,,1,2,7,1,3
202100035965,2021-06-06 14:10:00,2021,6,6,14,10,92,92064,MONT VALERIEN,48.8565,2.21525,Plein jour,En agglomération,Intersection en T,Normale,Autre collision,4,2,2,0,1,1,1,9,1,30,,2,1,0,0,1,20.0,,,,1,2,3,1,6
202100035966,2021-06-07 06:40:00,2021,6,7,6,40,92,92050,CLEMENCEAU GEORGES AVENUE N° PAIR,48.8863294303,2.210829556,Plein jour,En agglomération,Intersection en Y,Normale,Deux véhicules - côté,3,2,3,1,1,1,1,0,1,50,,2,0,0,0,2,58.0,41.0,,,1,2,4,1,3
202100035967,2021-06-07 20:24:00,2021,6,7,20,24,92,92048,REPUBLIQUE (RUE DE LA) N° 2 A 86,48.8046,2.23515,Plein jour,En agglomération,Hors intersection,Normale,Deux véhicules - arrière,3,2,2,0,1,1,1,0,1,30,,3,1,0,0,2,,30.0,,,1,2,1,1,2
202100035968,2021-06-07 19:15:00,2021,6,7,19,15,92,92044,MARIUS AUFAN(RUE) 1A67 ET 2A78,48.8877145984,2.2876304952,Plein jour,En agglomération,Hors intersection,Normale,Deux véhicules - côté,4,1,2,1,1,1,1,0,1,50,,2,1,0,0,1,25.0,,,,1,2,1,1,3
202100035969,2021-06-07 08:15:00,2021,6,7,8,15,92,92044,VIC. HUGO(RUE)091A113 ET 112A146,48.8959113116,2.296461761,Plein jour,En agglomération,Intersection en X,Normale,Autre collision,3,2,3,3,1,1,1,0,1,50,,2,1,0,0,1,45.0,,,,1,2,2,1,6
202100035970,2021-06-06 20:20:00,2021,6,6,20,20,92,92036,LOUIS ROCHE (AVENUE) (1/45),48.921191,2.325038,Plein jour,En agglomération,Intersection en X,Normale,Deux véhicules - côté,3,2,4,0,1,1,1,0,1,50,,2,1,0,0,1,64.0,30.0,,,1,2,2,1,3
202100035971,2021-05-31 08:30:00,2021,5,31,8,30,92,92026,VERDUN (DE 62 A FIN),48.90127,2.25995,Plein jour,En agglomération,Intersection en T,Normale,Deux véhicules - côté,3,2,4,1,1,1,1,0,1,50,,2,1,0,0,1,55.0,18.0,,,1,2,3,1,3
202100035972,2021-06-07 10:22:00,2021,6,7,10,22,92,92025,CHARLES DE GAULLE (BD),48.9179,2.22448,Plein jour,En agglomération,Hors intersection,Temps éblouissant,Deux véhicules - arrière,3,1,4,0,1,1,1,0,1,50,,2,1,0,0,1,19.0,55.0,,,1,2,1,7,2
202100035973,2021-05-23 13:50:00,2021,5,23,13,50,92,92025,JULES MICHELET (RUE),48.9320104629,2.2690406273,Plein jour,En agglomération,Hors intersection,Normale,Autre collision,4,2,2,0,1,1,1,0,1,50,,2,1,0,1,0,,,,,1,2,1,1,6
202100035974,2021-06-06 21:10:00,2021,6,6,21,10,92,92025,RENOUILLERS  (RUE DES),48.9238842408,2.2373216899,Crépuscule ou aube,En agglomération,Hors intersection,Normale,Deux véhicules - arrière,4,2,2,0,1,1,1,0,1,50,,2,0,0,0,2,33.0,62.0,,,2,2,1,1,2
202100035975,2021-06-07 14:10:00,2021,6,7,14,10,22,22234,st ignace,48.505922,-2.895294,Plein jour,Hors agglomération,Hors intersection,Normale,Sans collision,4,2,2,0,1,2,1,0,1,80,,1,0,1,0,0,64.0,,,,1,1,1,1,7
202100035976,2021-06-07 20:20:00,2021,6,7,20,20,45,45230,D961-PR 15 + 500,47.910474,2.553678,Plein jour,Hors agglomération,Hors intersection,Normale,Autre collision,3,2,2,0,1,3,1,0,8,90,,3,1,0,2,0,20.0,,,,1,1,1,1,6
202100035977,2021-06-07 19:47:00,2021,6,7,19,47,31,31044,Chemin de la Manne,43.599387,1.505449,Plein jour,En agglomération,Intersection en X,Normale,Deux véhicules - côté,4,2,2,0,2,1,1,0,1,30,,3,2,0,1,0,62.0,16.0,,,1,2,2,1,3
202100035978,2021-05-31 18:30:00,2021,5,31,18,30,974,97414,Rue Saint-Louis,-21.28785,55.41284,Nuit avec éclairage non allumé,En agglomération,Intersection en X,Normale,Deux véhicules - côté,4,1,1,0,1,1,1,0,1,50,,2,1,0,1,0,56.0,16.0,,,4,2,2,1,3
202100035979,2021-06-06 14:40:00,2021,6,6,14,40,06,06064,M2210,43.761951,7.175564,Plein jour,Hors agglomération,Hors intersection,Normale,Deux véhicules - frontale,7,3,2,0,2,3,1,0,1,80,,5,0,0,0,5,44.0,30.0,,,1,1,1,1,1
202100035980,2021-06-06 14:30:00,2021,6,6,14,30,79,79095,carrefour Rd948 et rd 45,46.158536,0.039611,Plein jour,Hors agglomération,Intersection en Y,Normale,Deux véhicules - côté,3,2,2,0,1,1,1,5,1,90,,3,0,0,1,2,65.0,34.0,,,1,1,4,1,3
202100035981,2021-06-07 16:30:00,2021,6,7,16,30,38,38492,D110c,44.943721,5.667143,Plein jour,Hors agglomération,Hors intersection,Normale,Deux véhicules - frontale,3,2,2,0,2,2,1,0,1,80,,2,1,0,0,1,28.0,60.0,,,1,1,1,1,1
202100035982,2021-06-08 18:00:00,2021,6,8,18,0,47,47233,Lieu-dit Salet,44.536271,0.089478,Plein jour,Hors agglomération,Intersection en Y,Normale,Deux véhicules - côté,3,2,2,0,2,4,1,0,1,50,,3,2,0,1,0,34.0,45.0,,,1,1,4,1,3
202100035983,2021-06-08 08:25:00,2021,6,8,8,25,35,35024,Allée Hector Berlioz,48.18629,-1.631985,Plein jour,En agglomération,Intersection en X,Normale,Autre collision,4,1,1,0,1,1,1,0,3,50,,1,0,1,0,0,49.0,,,,1,2,2,1,6
202100035984,2021-06-07 20:30:00,2021,6,7,20,30,57,57106,Rue du Luxembourg,49.30235,6.527506,Plein jour,En agglomération,Hors intersection,Normale,Deux véhicules - frontale,3,2,2,0,4,2,1,0,1,50,,2,1,0,1,0,30.0,28.0,,,1,2,1,1,1
202100035985,2021-06-08 09:30:00,2021,6,8,9,30,51,51030,Route d Epernay,49.046634,4.089924,Plein jour,En agglomération,Intersection en T,Normale,Deux véhicules - frontale,3,2,2,0,1,1,1,0,8,50,,2,1,0,1,0,69.0,74.0,,,1,2,3,1,1
202100035986,2021-06-08 06:50:00,2021,6,8,6,50,19,19178,D34,45.2705891737,1.5289891201,Crépuscule ou aube,Hors agglomération,Hors intersection,Temps éblouissant,Autre collision,3,2,2,0,3,1,1,0,1,90,,2,1,1,0,0,35.0,,,,2,1,1,7,6
202100035987,2021-06-05 16:45:00,2021,6,5,16,45,76,76195,D479,49.79257,0.55675,Plein jour,Hors agglomération,Hors intersection,Normale,Sans collision,3,2,2,0,2,4,1,0,1,80,,1,0,0,1,0,63.0,,,,1,1,1,1,7
202100035988,2021-06-07 21:42:00,2021,6,7,21,42,76,76728,Route de Duclair,49.490442878,1.0003234819,Crépuscule ou aube,En agglomération,Intersection en X,Normale,Deux véhicules - côté,3,2,2,0,1,1,1,5,1,50,,2,1,1,0,0,48.0,23.0,,,2,2,2,1,3
202100035989,2021-06-07 07:45:00,2021,6,7,7,45,79,79008,Lieu Dit la Gueriniere,46.737754,-0.350672,Plein jour,Hors agglomération,Hors intersection,Normale,Autre collision,3,2,2,0,1,1,1,0,3,80,,1,0,0,0,1,19.0,,,,1,1,1,1,6
202100035990,2021-06-07 21:00:00,2021,6,7,21,0,80,80668,avenue du chateau,49.784738,2.385932,Plein jour,En agglomération,Hors intersection,Normale,Sans collision,3,2,2,0,2,3,1,0,1,80,,1,0,0,0,1,28.0,,,,1,2,1,1,7
202100035991,2021-06-06 17:50:00,2021,6,6,17,50,33,33342,D21,44.933229,-0.030556,Plein jour,Hors agglomération,Autre intersection,Normale,Deux véhicules - frontale,3,2,2,0,1,2,1,0,1,80,,4,0,0,0,4,21.0,35.0,,,1,1,9,1,1
202100035992,2021-06-08 17:25:00,2021,6,8,17,25,71,71088,Les champs,46.6255147316,3.9582543225,Plein jour,En agglomération,Hors intersection,Normale,Sans collision,4,2,1,0,2,1,9,0,3,50,,2,0,0,1,1,16.0,,,,1,2,1,1,7
202100035993,2021-06-08 18:05:00,2021,6,8,18,5,12,12223,D921,44.778164,2.903845,Plein jour,Hors agglomération,Hors intersection,Normale,Deux véhicules - côté,3,2,2,0,2,3,1,0,1,90,,2,1,0,1,0,22.0,55.0,,,1,1,1,1,3
202100035994,2021-06-06 06:30:00,2021,6,6,6,30,42,42243,D18,45.8520925053,3.9980492094,Crépuscule ou aube,Hors agglomération,Intersection en Y,Normale,Autre collision,3,2,1,0,2,3,1,0,3,50,,2,1,0,1,0,23.0,,,,2,1,4,1,6
202100035995,2021-06-07 12:50:00,2021,6,7,12,50,39,39475,,46.434485,5.342724,Plein jour,En agglomération,Intersection en X,Normale,Deux véhicules - côté,4,2,2,0,4,1,1,0,1,50,,4,2,1,1,0,22.0,13.0,,,1,2,2,1,3
202100035996,2021-06-06 04:00:00,2021,6,6,4,0,29,29214,Rue de Pont-l Abbe,47.9495308115,-4.3539346755,Nuit sans éclairage public,Hors agglomération,Giratoire,Normale,Autre collision,3,2,2,0,1,1,1,5,3,80,,2,1,0,1,0,39.0,,,,3,1,6,1,6
202100035997,2021-06-08 07:30:00,2021,6,8,7,30,02,02421,D22,49.312789,3.498228,Plein jour,Hors agglomération,Intersection en X,Normale,Deux véhicules - côté,3,2,2,0,1,1,1,0,1,80,,2,1,0,1,0,18.0,62.0,,,1,1,2,1,3
202100035998,2021-06-08 15:00:00,2021,6,8,15,0,02,02742,PK088+000,49.758273,3.7856,Plein jour,En agglomération,Hors intersection,Normale,Deux véhicules - côté,2,2,2,0,1,1,1,0,1,50,,2,1,0,0,1,90.0,46.0,,,1,2,1,1,3
202100035999,2021-06-08 11:25:00,2021,6,8,11,25,15,15122,6 Avenue d Aurillac,44.712954,2.199611,Plein jour,En agglomération,Hors intersection,Normale,Deux véhicules - frontale,2,2,2,0,1,1,1,0,1,50,,2,0,0,2,0,80.0,69.0,,,1,2,1,1,1
202100036000,2021-05-22 09:50:00,2021,5,22,9,50,85,85215,A87,46.85236,-1.14482,Plein jour,Hors agglomération,Hors intersection,Neige / grêle,Deux véhicules - arrière,1,3,2,0,1,1,7,0,2,110,,6,4,0,2,0,62.0,60.0,,,1,1,1,4,2
202100036001,2021-06-07 09:30:00,2021,6,7,9,30,72,72241,Avenue de la Gare,48.041982,0.405228,Plein jour,Hors agglomération,Hors intersection,Normale,Deux véhicules - frontale,3,2,2,0,1,1,1,0,1,80,,2,0,0,0,2,62.0,38.0,,,1,1,1,1,1
202100036002,2021-06-08 16:10:00,2021,6,8,16,10,72,72204,D357,47.934517,0.696822,Plein jour,Hors agglomération,Intersection en X,Normale,Trois véhicules et plus - en chaîne,3,2,2,0,2,1,1,0,1,80,,4,2,0,1,1,59.0,26.0,,,1,1,2,1,4
202100036003,2021-06-08 01:00:00,2021,6,8,1,0,50,50178,La Vallée des Moulins,49.683867,-1.449369,Nuit sans éclairage public,Hors agglomération,Hors intersection,Brouillard / fumée,Autre collision,3,2,2,0,2,3,1,2,3,80,,2,0,0,1,1,20.0,,,,3,1,1,5,6
202100036004,2021-06-08 09:00:00,2021,6,8,9,0,18,18268,RD 2144,46.838413,2.422657,Plein jour,Hors agglomération,Hors intersection,Normale,Deux véhicules - frontale,3,2,2,0,1,1,1,0,1,90,,3,1,0,0,2,54.0,36.0,,,1,1,1,1,1
202100036005,2021-06-08 08:15:00,2021,6,8,8,15,07,07343,D104 - PK55+400,44.547527,4.333087,Plein jour,Hors agglomération,Hors intersection,Normale,Deux véhicules - frontale,3,2,2,0,1,1,1,0,1,80,,2,1,0,1,0,45.0,43.0,,,1,1,1,1,1
202100036006,2021-06-08 11:10:00,2021,6,8,11,10,53,53061,Le Petit Valore,48.429244,-0.413733,Plein jour,Hors agglomération,Hors intersection,Normale,Sans collision,3,2,2,0,2,2,1,0,3,80,,1,0,0,0,1,22.0,,,,1,1,1,1,7