accident_id,datetime,annee,mois,jour,heure,minute,departement,commune_insee,adresse,latitude,longitude,luminosite,agglomeration,intersection,meteo,collision,catr,circ,nbv,vosp,prof,plan,surf,infra,situ,vma,nb_vehicules,nb_usagers,nb_indemnes,nb_tues,nb_blesses_hosp,nb_blesses_legers,age_cond_1,age_cond_2,veh_type_cond_1,veh_type_cond_2,lum_code,agg_code,int_code,atm_code,col_code
202100036007,2021-06-08 08:45:00,2021,6,8,8,45,53,53147,6 Boulevard de l  Europe,48.300075,-0.620915,Plein jour,En agglomération,Hors intersection,Normale,Autre collision,3,2,2,0,2,3,1,0,1,50,,2,1,0,1,0,27.0,,,,1,2,1,1,6
202100036008,2021-06-04 16:45:00,2021,6,4,16,45,53,53016,CD 20 pk 28+600,48.248326,-0.364641,Plein jour,Hors agglomération,Hors intersection,Normale,Autre collision,3,2,2,0,4,2,1,9,3,30,,1,0,0,1,0,80.0,,,,1,1,1,1,6
202100036009,2021-06-06 11:20:00,2021,6,6,11,20,53,53007,RD 32,48.087644,-0.636343,Plein jour,En agglomération,Hors intersection,Normale,Deux véhicules - arrière,3,2,2,0,4,1,1,0,1,50,,2,1,0,1,0,38.0,68.0,,,1,2,1,1,2
202100036010,2021-06-06 16:45:00,2021,6,6,16,45,40,40306,Route de Saint Cricq,43.540009,-1.04353,Plein jour,Hors agglomération,Hors intersection,Temps éblouissant,Autre collision,3,2,2,0,1,2,1,0,8,80,,1,0,0,1,0,16.0,,,,1,1,1,7,6
202100036011,2021-06-08 13:15:00,2021,6,8,13,15,24,24064,D939,45.389017,0.628195,Plein jour,Hors agglomération,Hors intersection,Normale,Deux véhicules - côté,3,3,2,0,2,1,1,0,1,90,,2,1,0,1,0,65.0,27.0,,,1,1,1,1,3
202100036012,2021-06-08 03:00:00,2021,6,8,3,0,17,17323,Rue des jardins,46.019362,-1.378098,Nuit avec éclairage allumé,En agglomération,Hors intersection,Normale,Sans collision,4,2,2,0,1,1,1,0,1,50,,1,0,0,1,0,32.0,,,,5,2,1,1,7
202100036013,2021-06-07 07:55:00,2021,6,7,7,55,30,30212,13 Avenue du Pont-du-Gard,43.936,4.5566,Plein jour,En agglomération,Intersection en T,Normale,Deux véhicules - côté,3,2,2,0,1,1,1,0,1,50,,2,1,0,1,0,28.0,24.0,,,1,2,3,1,3
202100036014,2021-06-07 22:20:00,2021,6,7,22,20,34,34333,"RD 612 Pk 12+600, Pk croissant",43.497888,3.780477,Nuit sans éclairage public,Hors agglomération,Hors intersection,Normale,Autre collision,3,2,2,0,1,1,1,0,1,90,,2,1,0,1,0,60.0,,,,3,1,1,1,6
202100036015,2021-06-08 15:40:00,2021,6,8,15,40,44,44204,Chemin Nantais RD 723,47.289134,-1.432219,Plein jour,Hors agglomération,Hors intersection,Normale,Deux véhicules - frontale,7,2,2,0,1,1,1,0,1,80,,2,1,0,1,0,32.0,56.0,,,1,1,1,1,1
202100036016,2021-06-08 18:17:00,2021,6,8,18,17,17,17143,D150/D231,45.816979,-0.546393,Plein jour,Hors agglomération,Intersection en X,Normale,Deux véhicules - côté,3,-1,2,0,1,1,1,0,1,90,,2,1,0,1,0,54.0,43.0,,,1,1,2,1,3
202100036017,2021-06-07 14:30:00,2021,6,7,14,30,17,17226,Autoroute A10 PK 415.6,45.937214,-0.561247,Plein jour,Hors agglomération,Hors intersection,Normale,Sans collision,1,3,4,0,2,1,1,0,1,130,,4,0,0,0,4,22.0,,,,1,1,1,1,7
202100036018,2021-06-07 12:50:00,2021,6,7,12,50,975,97502,rue de Paris,46.783247,-56.195159,Plein jour,En agglomération,Hors intersection,Normale,Deux véhicules - côté,4,1,1,0,2,1,1,0,1,50,,2,1,0,0,1,56.0,40.0,,,1,2,1,1,3
202100036019,2021-06-07 18:00:00,2021,6,7,18,0,987,98733,RT1 PK 23.800,-17.708208,-149.584002,Nuit avec éclairage allumé,En agglomération,Hors intersection,Normale,Deux véhicules - frontale,2,2,2,0,1,1,1,0,1,60,,2,1,0,1,0,71.0,,,,5,2,1,1,1
202100036020,2021-06-06 16:00:00,2021,6,6,16,0,971,97119,route nationale 6,16.384966,-61.483049,Plein jour,Hors agglomération,Intersection en T,Normale,Deux véhicules - côté,2,2,2,0,1,1,1,0,1,80,,2,1,0,1,0,82.0,26.0,,,1,1,3,1,3
202100036021,2021-06-07 16:26:00,2021,6,7,16,26,77,77277,N36,48.731434,2.854578,Plein jour,Hors agglomération,Hors intersection,Normale,Trois véhicules et plus - collisions multiples,2,2,2,0,1,1,1,0,1,80,,4,3,0,0,1,36.0,33.0,,,1,1,1,1,5
202100036022,2021-06-06 16:45:00,2021,6,6,16,45,78,78497,D107,48.669404,1.726431,Plein jour,Hors agglomération,Hors intersection,Normale,Deux véhicules - frontale,3,2,2,0,1,2,1,0,1,80,,2,0,0,1,1,33.0,44.0,,,1,1,1,1,1
202100036023,2021-06-08 10:40:00,2021,6,8,10,40,2B,2B337,RT 20,42.468979,9.23314,Plein jour,Hors agglomération,Hors intersection,Normale,Deux véhicules - frontale,2,2,2,0,1,1,1,0,1,80,,3,1,0,1,1,68.0,23.0,,,1,1,1,1,1
202100036024,2021-06-08 14:20:00,2021,6,8,14,20,66,66088,N116,42.662936,2.602515,Plein jour,Hors agglomération,Hors intersection,Normale,Sans collision,2,2,4,0,3,2,1,0,1,110,,1,0,0,1,0,86.0,,,,1,1,1,1,7
202100036025,2021-06-08 19:50:00,2021,6,8,19,50,83,83065,Rond Point de la Foux,43.261202,6.576144,Crépuscule ou aube,Hors agglomération,Hors intersection,Normale,Deux véhicules - côté,3,1,2,0,1,1,1,5,1,70,,2,1,0,1,0,50.0,20.0,,,2,1,1,1,3
202100036026,2021-06-08 06:45:00,2021,6,8,6,45,21,21352,d905,47.21779,5.258578,Plein jour,Hors agglomération,Intersection en X,Normale,Deux véhicules - côté,3,2,2,0,1,1,1,5,1,70,,3,0,0,1,2,40.0,58.0,,,1,1,2,1,3
202100036027,2021-05-29 10:30:00,2021,5,29,10,30,67,67442,18a Rue du Château,48.59402,7.496502,Plein jour,En agglomération,Hors intersection,Normale,Deux véhicules - côté,4,2,2,0,2,1,1,0,1,-1,,2,1,0,1,0,77.0,63.0,,,1,2,1,1,3
202100036028,2021-06-08 17:15:00,2021,6,8,17,15,81,81011,départementale D87,43.7283534625,1.8233381957,Plein jour,En agglomération,Intersection en X,Normale,Deux véhicules - côté,3,2,2,0,2,1,1,0,1,50,,3,1,0,2,0,28.0,33.0,,,1,2,2,1,3
202100036029,2021-06-07 18:45:00,2021,6,7,18,45,64,64422,Rue Léon Jouhaux,43.198966,-0.612069,Plein jour,En agglomération,Hors intersection,Normale,Autre collision,3,2,2,0,1,1,1,0,5,50,,3,2,0,1,0,48.0,62.0,,,1,2,1,1,6
202100036030,2021-06-02 14:30:00,2021,6,2,14,30,33,33080,Avenue de Toulouse,44.730912,-0.532209,Plein jour,Hors agglomération,Intersection en T,Normale,Deux véhicules - côté,3,2,2,0,1,1,1,0,1,80,,2,1,0,0,1,21.0,26.0,,,1,1,3,1,3
202100036031,2021-06-07 17:35:00,2021,6,7,17,35,33,33458,Lieu Dit les Clotiers,45.159244,-0.596315,Plein jour,Hors agglomération,Hors intersection,Normale,Deux véhicules - arrière,3,2,2,0,1,1,1,0,1,80,,3,2,0,0,1,52.0,37.0,,,1,1,1,1,2
202100036032,2021-06-07 21:00:00,2021,6,7,21,0,44,44026,Route du Prouzeau,47.293031,-1.439584,Crépuscule ou aube,Hors agglomération,Hors intersection,Normale,Sans collision,7,2,2,0,1,2,1,0,3,80,,1,0,1,0,0,47.0,,,,2,1,1,1,7
202100036033,2021-06-07 14:15:00,2021,6,7,14,15,50,50025,Avenue du Rocher,48.678621,-1.342049,Plein jour,En agglomération,Hors intersection,Normale,Autre collision,6,-1,0,0,1,1,1,0,8,-1,,2,1,0,0,1,75.0,,,,1,2,1,1,6
202100036034,2021-06-07 16:30:00,2021,6,7,16,30,35,35287,Rue de la Cote du Tertre,48.631299,-2.099773,Plein jour,En agglomération,Hors intersection,Normale,Deux véhicules - côté,3,2,2,0,2,1,1,0,1,50,,2,1,0,1,0,82.0,82.0,,,1,2,1,1,3
202100036035,2021-06-08 17:20:00,2021,6,8,17,20,60,60612,Avenue de Compiègne,49.211237,2.593047,Plein jour,En agglomération,Intersection en X,Temps éblouissant,Deux véhicules - côté,3,2,2,0,1,1,1,0,1,50,,2,1,0,0,1,34.0,35.0,,,1,2,2,7,3
202100036036,2021-06-08 07:15:00,2021,6,8,7,15,59,59126,D47b,50.305978,3.123449,Plein jour,Hors agglomération,Hors intersection,Normale,Sans collision,3,2,2,0,1,1,1,0,3,70,,1,0,0,0,1,51.0,,,,1,1,1,1,7
202100036037,2021-06-07 13:00:00,2021,6,7,13,0,59,59181,Route de Sars - Poteries,50.175104,3.954855,Plein jour,Hors agglomération,Intersection en T,Normale,Deux véhicules - côté,3,2,2,0,1,1,1,0,1,-1,,2,1,1,0,0,19.0,24.0,,,1,1,3,1,3
202100036038,2021-06-07 08:50:00,2021,6,7,8,50,13,13001,A51-Sens Marseille vers Aix en Provence,43.52788,5.4278,Plein jour,Hors agglomération,Hors intersection,Normale,Deux véhicules - arrière,1,1,3,0,1,1,1,0,1,90,,2,0,0,0,2,39.0,45.0,,,1,1,1,1,2
202100036039,2021-06-06 23:15:00,2021,6,6,23,15,13,13005,A52-Sens Toulon vers Pont de l'Etoile,43.28323,5.58481,Nuit sans éclairage public,Hors agglomération,Hors intersection,Normale,Autre collision,1,3,2,0,1,3,1,3,1,90,,1,0,0,0,1,22.0,,,,3,1,1,1,6
202100036040,2021-06-07 18:20:00,2021,6,7,18,20,92,92036,AUTOROUTE A86,48.932980169,2.3213093288,Plein jour,Hors agglomération,Hors intersection,Normale,Deux véhicules - arrière,1,3,6,0,1,1,1,0,1,90,,2,1,0,0,1,33.0,26.0,,,1,1,1,1,2
202100036041,2021-06-07 16:35:00,2021,6,7,16,35,93,93066,AUTOROUTE A1,48.91937,2.35757,Plein jour,Hors agglomération,Hors intersection,Normale,Trois véhicules et plus - en chaîne,1,3,8,0,1,1,1,0,1,90,,3,2,0,0,1,39.0,44.0,,,1,1,1,1,4
202100036042,2021-06-07 15:50:00,2021,6,7,15,50,93,93029,AUTOROUTE A86,48.91735,2.4293,Plein jour,Hors agglomération,Hors intersection,Normale,Deux véhicules - côté,1,3,6,0,1,3,1,1,1,90,,2,1,0,0,1,28.0,38.0,,,1,1,1,1,3
202100036043,2021-06-06 18:30:00,2021,6,6,18,30,974,97416,RN2 (2),-21.348589,55.497733,Nuit sans éclairage public,Hors agglomération,Hors intersection,Normale,Deux véhicules - arrière,2,3,2,0,1,1,1,0,1,70,,3,2,0,0,1,46.0,26.0,,,3,1,1,1,2
202100036044,2021-06-05 17:00:00,2021,6,5,17,0,974,97411,EUCALYPTUS (ROUTE DES),-20.886495,55.434686,Crépuscule ou aube,En agglomération,Hors intersection,Pluie légère,Deux véhicules - frontale,3,2,2,0,2,2,2,0,1,50,,3,0,0,0,3,41.0,32.0,,,2,2,1,2,1
202100036045,2021-06-06 08:30:00,2021,6,6,8,30,973,97302,GALMOT (AVENUE),4.93134,-52.33073,Plein jour,En agglomération,Hors intersection,Normale,Deux véhicules - arrière,4,1,1,0,1,1,1,0,1,50,,4,1,0,0,3,,25.0,,,1,2,1,1,2
202100036046,2021-06-05 18:30:00,2021,6,5,18,30,972,97209,RD 41 (ROCADE),14.61569,-61.07544,Plein jour,Hors agglomération,Hors intersection,Normale,Deux véhicules - arrière,3,2,5,0,2,1,1,0,1,60,,2,1,0,0,1,45.0,42.0,,,1,1,1,1,2
202100036047,2021-06-06 20:47:00,2021,6,6,20,47,69,69381,PUITS GAILLOT (R),45.76795,4.83592,Plein jour,En agglomération,Intersection en T,Normale,Deux véhicules - côté,4,1,1,0,1,1,1,0,1,50,,2,1,0,0,1,30.0,31.0,,,1,2,3,1,3
202100036048,2021-05-29 20:24:00,2021,5,29,20,24,971,97101,BOULEVARD DES HEROS,16.24847,-61.52701,Nuit avec éclairage allumé,En agglomération,Intersection en X,Normale,Autre collision,3,3,2,0,1,2,1,2,3,50,,1,0,0,0,1,42.0,,,,5,2,2,1,6
202100036049,2021-06-06 09:55:00,2021,6,6,9,55,91,91339,RUE FROMAGERE,48.63588,2.27007,Plein jour,En agglomération,Hors intersection,Normale,Autre collision,4,1,1,0,2,1,1,0,1,50,,2,1,0,0,1,21.0,,,,1,2,1,1,6
202100036050,2021-06-06 13:30:00,2021,6,6,13,30,91,91477,HENRI BARBUSSE (RUE),48.71869,2.26044,Plein jour,En agglomération,Hors intersection,Normale,Deux véhicules - arrière,4,2,2,0,1,1,1,1,1,45,,2,1,0,0,1,25.0,25.0,,,1,2,1,1,2
202100036051,2021-06-06 16:40:00,2021,6,6,16,40,90,90010,MENDES FRANCE (RUE),47.6393,6.8723,Plein jour,En agglomération,Intersection en X,Normale,Deux véhicules - côté,3,-1,2,0,1,1,1,0,1,50,,2,1,0,1,0,59.0,57.0,,,1,2,2,1,3
202100036052,2021-06-06 03:50:00,2021,6,6,3,50,83,83090,Route de MARSEILLE,43.12826,5.88433,Nuit sans éclairage public,En agglomération,Hors intersection,Normale,Autre collision,3,2,2,0,1,1,1,0,3,50,,5,2,0,3,0,20.0,,,,3,2,1,1,6
202100036053,2021-06-05 17:40:00,2021,6,5,17,40,83,83069,AGREVE  (AVENUE JEAN),43.08198,6.15325,Plein jour,En agglomération,Hors intersection,Normale,Trois véhicules et plus - en chaîne,4,2,2,0,1,1,1,0,1,30,,6,2,0,0,4,42.0,,,,1,2,1,1,4
202100036054,2021-06-06 11:04:00,2021,6,6,11,4,83,83069,AEROPORT (AVENUE DE L'),43.0972,6.13468,Plein jour,En agglomération,Hors intersection,Normale,Deux véhicules - côté,7,2,2,0,1,1,1,0,1,70,,2,1,0,0,1,61.0,56.0,,,1,2,1,1,3
202100036055,2021-06-06 17:55:00,2021,6,6,17,55,77,77475,VERDUN (AVENUE DE),48.95797,2.95269,Plein jour,En agglomération,Hors intersection,Normale,Deux véhicules - arrière,3,2,3,0,1,1,1,0,1,50,,2,0,0,0,2,43.0,16.0,,,1,2,1,1,2
202100036056,2021-06-06 14:15:00,2021,6,6,14,15,76,76231,FORET D'ELBEUF,49.25895,1.01025,Plein jour,Hors agglomération,Hors intersection,Normale,Sans collision,4,2,2,0,2,3,1,9,3,50,,2,0,1,0,1,18.0,,,,1,1,1,1,7
202100036057,2021-06-06 14:15:00,2021,6,6,14,15,69,69256,GABRIEL PERI (AV),45.77259,4.91231,Plein jour,En agglomération,Intersection en T,Normale,Deux véhicules - côté,4,3,3,2,1,1,1,0,1,50,,3,2,0,0,1,29.0,32.0,,,1,2,3,1,3
202100036058,2021-06-05 13:49:00,2021,6,5,13,49,69,69275,GRAVIER BLANC (DU) (CHM),45.79752,4.96996,Plein jour,Hors agglomération,Intersection en T,Normale,Autre collision,4,2,2,0,1,1,1,0,1,30,,2,1,0,1,0,,,,,1,1,3,1,6
202100036059,2021-06-05 19:45:00,2021,6,5,19,45,61,61006,104° R.I. (RUE DU),48.74450999,-0.015540002,Plein jour,En agglomération,Intersection en X,Temps éblouissant,Deux véhicules - côté,4,1,1,0,1,1,1,5,1,30,,2,1,0,1,0,19.0,21.0,,,1,2,2,7,3
202100036060,2021-06-06 19:15:00,2021,6,6,19,15,60,60175,Boulevard Jean Biondi,49.2523454718,2.4771112203,Plein jour,En agglomération,Intersection à plus de 4 branches,Normale,Deux véhicules - côté,4,2,2,0,1,1,1,5,1,50,,5,1,0,0,4,19.0,19.0,,,1,2,5,1,3
202100036061,2021-06-06 09:00:00,2021,6,6,9,0,59,59279,MARTEL (RUE DES FRERES),50.782059,3.133622,Plein jour,En agglomération,Hors intersection,Normale,Autre collision,4,1,1,0,1,1,1,0,8,30,,2,1,0,0,1,50.0,,,,1,2,1,1,6
202100036062,2021-06-06 01:05:00,2021,6,6,1,5,59,59599,GRAMME (CHAUSSEE),50.73577,3.17536,Nuit avec éclairage allumé,En agglomération,Intersection en X,Normale,Deux véhicules - frontale,7,3,0,1,1,1,1,0,1,50,,3,2,0,0,1,21.0,27.0,,,5,2,2,1,1
202100036063,2021-06-06 23:35:00,2021,6,6,23,35,59,59350,POT RUE LONG,50.6251557808,3.0889730171,Nuit avec éclairage allumé,En agglomération,Intersection en T,Normale,Deux véhicules - côté,4,2,4,1,2,1,1,0,1,50,,2,1,0,1,0,,17.0,,,5,2,3,1,3
202100036064,2021-06-06 14:30:00,2021,6,6,14,30,59,59350,LAMBRET OSCAR AVENUE,50.614408,3.035857,Plein jour,En agglomération,Autre intersection,Normale,Deux véhicules - frontale,4,1,3,1,1,3,1,0,1,50,,2,1,0,0,1,34.0,24.0,,,1,2,9,1,1
202100036065,2021-06-06 18:02:00,2021,6,6,18,2,49,49267,CRESSONNIERE,47.47301,-0.49293,Plein jour,En agglomération,Hors intersection,Normale,Autre collision,4,1,2,0,1,3,1,0,1,50,,2,0,0,0,2,19.0,,,,1,2,1,1,6
202100036066,2021-06-06 22:00:00,2021,6,6,22,0,44,44109,ALLEE BACO,47.21548,-1.54637,Nuit avec éclairage allumé,En agglomération,Hors intersection,Normale,Deux véhicules - côté,4,2,2,2,1,1,1,0,1,30,,3,1,0,0,2,30.0,31.0,,,5,2,1,1,3
202100036067,2021-06-06 05:50:00,2021,6,6,5,50,41,41018,SAUVAGEAU (RUE DU),47.5985,1.30545,Crépuscule ou aube,En agglomération,Hors intersection,Normale,Autre collision,4,2,2,0,1,3,1,0,4,50,,1,0,0,0,1,25.0,,,,2,2,1,1,6
202100036068,2021-06-06 10:40:00,2021,6,6,10,40,38,38185,RUE DU 19 MARS 1962,45.1894,5.7419,Plein jour,En agglomération,Intersection en X,Normale,Deux véhicules - côté,7,2,6,0,1,1,1,0,1,50,,2,1,0,1,0,56.0,62.0,,,1,2,2,1,3
202100036069,2021-06-06 19:20:00,2021,6,6,19,20,35,35281,RD 837,48.06587,-1.69862,Plein jour,Hors agglomération,Hors intersection,Normale,Autre collision,7,3,4,0,1,1,1,0,3,90,,2,0,0,0,2,66.0,,,,1,1,1,1,6
202100036070,2021-06-06 10:20:00,2021,6,6,10,20,32,32013,BALENT (CHEMIN DU),43.64777,0.62626,Plein jour,Hors agglomération,Hors intersection,Normale,Sans collision,4,2,1,0,2,4,1,0,1,80,,1,0,0,0,1,50.0,,,,1,1,1,1,7
202100036071,2021-06-06 00:25:00,2021,6,6,0,25,31,31555,AV DES ETATS UNIS,43.65895,1.41898,Nuit avec éclairage allumé,En agglomération,Intersection en T,Normale,Deux véhicules - frontale,7,2,2,0,1,1,1,0,1,50,,7,4,0,0,3,37.0,,,,5,2,3,1,1
202100036072,2021-06-05 10:40:00,2021,6,5,10,40,31,31555,REVEL (RTE DE) DU 2AU 306,43.57553,1.48832,Plein jour,En agglomération,Hors intersection,Normale,Autre collision,4,-1,1,0,1,1,1,9,8,50,,2,1,0,0,1,75.0,,,,1,2,1,1,6
202100036073,2021-06-06 10:30:00,2021,6,6,10,30,26,26198,Boulevard de l’Europe,44.548663,4.756715,Plein jour,En agglomération,Hors intersection,Normale,Deux véhicules - côté,4,2,2,0,1,3,1,0,1,50,,2,1,0,0,1,39.0,54.0,,,1,2,1,1,3
202100036074,2021-06-06 22:15:00,2021,6,6,22,15,13,13208,PRADO (AVENUE DU),43.2710978694,5.3891165408,Nuit avec éclairage allumé,En agglomération,Hors intersection,Normale,Deux véhicules - arrière,4,2,6,3,1,1,1,6,1,50,,4,2,0,0,2,29.0,26.0,,,5,2,1,1,2
202100036075,2021-06-06 21:50:00,2021,6,6,21,50,13,13208,CLOT BEY (AVENUE),43.2605001517,5.3871156129,Crépuscule ou aube,En agglomération,Intersection en T,Normale,Deux véhicules - côté,4,2,2,0,1,1,1,0,1,50,,4,2,0,1,1,36.0,18.0,,,2,2,3,1,3
202100036076,2021-06-06 16:30:00,2021,6,6,16,30,13,13203,MIRABEAU (BOULEVARD),43.3139721491,5.3685856175,Plein jour,En agglomération,Hors intersection,Normale,Deux véhicules - côté,4,2,2,0,1,1,1,0,1,50,,2,1,0,0,1,61.0,51.0,,,1,2,1,1,3
202100036077,2021-06-06 13:30:00,2021,6,6,13,30,13,13207,Corniche John Fitzgérald Kennedy,43.27396,5.36242,Plein jour,En agglomération,Hors intersection,Normale,Deux véhicules - frontale,4,2,2,1,1,1,1,0,1,50,,2,1,0,0,1,20.0,32.0,,,1,2,1,1,1
202100036078,2021-06-05 18:40:00,2021,6,5,18,40,13,13210,ROMAIN ROLLAND (BOULEVARD),43.276686,5.418667,Plein jour,En agglomération,Intersection en X,Normale,Deux véhicules - arrière,4,4,3,0,1,1,1,0,1,50,,3,2,0,0,1,41.0,76.0,,,1,2,2,1,2
202100036079,2021-06-05 09:25:00,2021,6,5,9,25,13,13210,PAUL CLAUDEL (BOULEVARD),43.268271,5.414934,Plein jour,En agglomération,Hors intersection,Normale,Autre collision,4,2,4,0,1,1,1,0,1,50,,2,1,0,0,1,31.0,,,,1,2,1,1,6
202100036080,2021-06-06 01:30:00,2021,6,6,1,30,13,13204,FRANÇOISE DUPARC (BOULEVARD),43.30579,5.40099,Nuit avec éclairage allumé,En agglomération,Autre intersection,Normale,Autre collision,4,-1,4,0,1,1,1,0,1,50,,2,1,0,0,1,36.0,26.0,,,5,2,9,1,6
202100036081,2021-06-05 19:06:00,2021,6,5,19,6,13,13208,TUNNEL PRADO SUD,43.276778926,5.3950369155,Nuit avec éclairage allumé,En agglomération,Hors intersection,Normale,Deux véhicules - arrière,4,1,0,0,1,1,1,1,1,50,,2,1,0,0,1,36.0,36.0,,,5,2,1,1,2
202100036082,2021-06-06 18:45:00,2021,6,6,18,45,13,13004,BD DES LICES,43.67513,4.62978,Plein jour,En agglomération,Hors intersection,Normale,Autre collision,9,2,2,3,1,1,1,0,1,50,,3,1,0,0,2,52.0,,,,1,2,1,1,6
202100036083,2021-05-23 21:40:00,2021,5,23,21,40,11,11262,PYRENEES (PLACE ET AVENUE),43.18487,2.99953,Nuit avec éclairage allumé,En agglomération,Intersection en X,Normale,Deux véhicules - côté,4,2,2,0,1,1,1,2,1,50,,2,1,0,1,0,43.0,65.0,,,5,2,2,1,3
202100036084,2021-06-05 13:20:00,2021,6,5,13,20,07,07281,BOUVAT (QUAI JULES),44.94361,4.84142,Plein jour,En agglomération,Hors intersection,Normale,Autre collision,4,1,1,0,1,1,1,0,1,30,,1,0,0,0,1,19.0,,,,1,2,1,1,6
202100036085,2021-06-05 16:50:00,2021,6,5,16,50,06,06069,PAGNOL (BOULEVARD MARCEL),43.64428,6.94707,Plein jour,En agglomération,Hors intersection,Normale,Deux véhicules - côté,4,2,2,0,1,1,1,0,1,50,,2,1,0,0,1,19.0,,,,1,2,1,1,3
202100036086,2021-06-06 15:48:00,2021,6,6,15,48,06,06027,CANNES AVENUE DE (RN7),43.654672,7.149761,Plein jour,En agglomération,Hors intersection,Normale,Deux véhicules - côté,7,-1,2,0,1,1,1,0,1,50,,2,1,0,0,1,24.0,45.0,,,1,2,1,1,3
202100036087,2021-06-05 17:15:00,2021,6,5,17,15,04,04112,Av Jean Moulin,43.83025,5.77799,Plein jour,En agglomération,Hors intersection,Normale,Deux véhicules - arrière,4,2,2,0,1,1,1,0,1,50,,2,1,0,0,1,54.0,21.0,,,1,2,1,1,2
202100036088,2021-06-04 16:30:00,2021,6,4,16,30,04,04112,RD 4096 (av Frederic Mistral),43.82268,5.78762,Plein jour,En agglomération,Hors intersection,Normale,Trois véhicules et plus - en chaîne,3,2,2,0,1,1,1,0,1,50,,5,3,0,0,2,79.0,26.0,,,1,2,1,1,4
202100036089,2021-06-04 08:15:00,2021,6,4,8,15,04,04112,RD 5 (Bd Elemir Bourges),43.8318,5.782,Plein jour,En agglomération,Hors intersection,Normale,Deux véhicules - arrière,3,1,2,2,2,1,1,0,1,30,,3,1,0,0,2,43.0,66.0,,,1,2,1,1,2
202100036090,2021-06-06 20:50:00,2021,6,6,20,50,75,75120,PORTE DE BAGNOLET,48.85993,2.413982,Plein jour,En agglomération,Hors intersection,Normale,Deux véhicules - côté,4,1,4,0,1,1,1,0,1,70,,2,1,0,0,1,60.0,24.0,,,1,2,1,1,3
202100036091,2021-06-06 19:20:00,2021,6,6,19,20,75,75113,PORTE D IVRY,48.819197,2.371793,Plein jour,En agglomération,Hors intersection,Normale,Deux véhicules - côté,4,1,4,0,1,1,1,0,1,70,,2,1,0,0,1,25.0,,,,1,2,1,1,3
202100036092,2021-06-05 17:20:00,2021,6,5,17,20,75,75115,BOULEVARD PERIPHERIQUE,48.83274,2.279637,Plein jour,En agglomération,Intersection en Y,Normale,Deux véhicules - côté,4,1,3,0,1,1,1,0,1,70,,4,2,0,0,2,25.0,31.0,,,1,2,4,1,3
202100036093,2021-06-06 10:28:00,2021,6,6,10,28,75,75116,ROUTE DES TRIBUNES,48.860609,2.229851,Plein jour,En agglomération,Hors intersection,Normale,Trois véhicules et plus - en chaîne,4,2,2,1,1,1,1,-1,5,50,,3,0,0,1,2,48.0,47.0,,,1,2,1,1,4
202100036094,2021-06-06 16:00:00,2021,6,6,16,0,75,75120,RUE DES VIGNOLES,48.853141,2.397527,Plein jour,En agglomération,Hors intersection,Normale,Autre collision,4,1,1,2,1,1,1,0,5,30,,2,1,0,0,1,21.0,,,,1,2,1,1,6
202100036095,2021-06-06 18:45:00,2021,6,6,18,45,75,75119,BOULEVARD D ALGERIE,48.879958,2.400624,Plein jour,En agglomération,Hors intersection,Normale,Deux véhicules - arrière,4,2,4,0,1,1,1,0,1,50,,2,1,0,0,1,38.0,32.0,,,1,2,1,1,2
202100036096,2021-06-06 18:30:00,2021,6,6,18,30,75,75113,PONT CHARLES DE GAULLE,48.84254,2.369076,Plein jour,En agglomération,Hors intersection,Normale,Deux véhicules - côté,4,-1,4,0,1,1,1,0,1,50,,2,1,0,0,1,52.0,53.0,,,1,2,1,1,3
202100036097,2021-06-05 21:49:00,2021,6,5,21,49,75,75113,AVENUE D ITALIE,48.826173,2.357275,Nuit avec éclairage allumé,En agglomération,Intersection en X,Normale,Deux véhicules - côté,4,2,5,0,1,1,1,0,1,50,,2,1,0,0,1,24.0,28.0,,,5,2,2,1,3
202100036098,2021-06-06 17:45:00,2021,6,6,17,45,75,75111,AVENUE PHILIPPE AUGUSTE,48.858329,2.3897,Plein jour,En agglomération,Intersection en Y,Normale,Deux véhicules - côté,4,3,4,2,1,1,1,0,1,50,,2,1,0,0,1,30.0,37.0,,,1,2,4,1,3
202100036099,2021-06-06 21:30:00,2021,6,6,21,30,75,75110,BOULEVARD DE MAGENTA,48.87095,2.360842,Nuit avec éclairage allumé,En agglomération,Intersection en T,Normale,Sans collision,4,2,4,3,1,1,1,0,1,50,,1,0,0,0,1,29.0,,,,5,2,3,1,7
202100036100,2021-06-06 16:35:00,2021,6,6,16,35,75,75110,BOULEVARD DE MAGENTA,48.882877,2.350156,Plein jour,En agglomération,Hors intersection,Normale,Deux véhicules - côté,4,2,4,3,1,1,1,0,6,50,,3,1,0,0,2,31.0,34.0,,,1,2,1,1,3
202100036101,2021-06-06 17:45:00,2021,6,6,17,45,75,75108,PLACE DE LA CONCORDE,48.866792,2.322101,Plein jour,En agglomération,Place,Normale,Deux véhicules - côté,4,1,3,0,1,1,1,0,1,50,,2,1,0,0,1,26.0,21.0,,,1,2,7,1,3
202100036102,2021-06-06 00:00:00,2021,6,6,0,0,75,75102,BOULEVARD DE BONNE NOUVELLE,48.870341,2.349566,Nuit avec éclairage allumé,En agglomération,Intersection en T,Normale,Autre collision,4,2,3,0,2,1,1,0,1,50,,2,1,0,0,1,56.0,,,,5,2,3,1,6
202100036103,2021-06-06 19:10:00,2021,6,6,19,10,75,75102,BOULEVARD DE SEBASTOPOL,48.868668,2.353893,Plein jour,En agglomération,Intersection en X,Normale,Deux véhicules - côté,4,1,4,1,1,1,1,0,1,50,,2,1,0,0,1,54.0,25.0,,,1,2,2,1,3