accident_id,datetime,annee,mois,jour,heure,minute,departement,commune_insee,adresse,latitude,longitude,luminosite,agglomeration,intersection,meteo,collision,catr,circ,nbv,vosp,prof,plan,surf,infra,situ,vma,nb_vehicules,nb_usagers,nb_indemnes,nb_tues,nb_blesses_hosp,nb_blesses_legers,age_cond_1,age_cond_2,veh_type_cond_1,veh_type_cond_2,lum_code,agg_code,int_code,atm_code,col_code
202100036104,2021-06-06 17:25:00,2021,6,6,17,25,75,75101,RUE DE RIVOLI,48.859059,2.346632,Plein jour,En agglomération,Intersection en X,Normale,Autre collision,4,2,3,1,1,1,1,0,5,25,,3,2,0,0,1,19.0,,,,1,2,2,1,6
202100036105,2021-06-06 17:50:00,2021,6,6,17,50,94,94081,Avenue de l’Abbé Roger Derry,48.7899,2.3908,Plein jour,En agglomération,Hors intersection,Normale,Deux véhicules - frontale,3,2,2,0,2,1,1,0,1,50,,2,1,0,0,1,26.0,25.0,,,1,2,1,1,1
202100036106,2021-06-06 00:40:00,2021,6,6,0,40,94,94076,Avenue du Moulin de Saquet,48.78857,2.37533,Nuit avec éclairage allumé,En agglomération,Intersection à plus de 4 branches,Normale,Deux véhicules - côté,3,2,4,0,2,1,1,0,1,50,,3,1,0,2,0,23.0,29.0,,,5,2,5,1,3
202100036107,2021-06-06 00:15:00,2021,6,6,0,15,94,94076,Avenue Paul Vaillant-Couturier,48.794405,2.358111,Nuit avec éclairage allumé,En agglomération,Intersection en X,Normale,Deux véhicules - côté,3,2,2,0,1,1,1,0,1,50,,2,1,0,1,0,23.0,17.0,,,5,2,2,1,3
202100036108,2021-06-05 23:13:00,2021,6,5,23,13,94,94028,Rue de l’Echat,48.80147,2.44668,Nuit sans éclairage public,Hors agglomération,Hors intersection,Normale,Sans collision,1,1,1,0,4,2,1,3,1,70,,1,0,0,1,0,18.0,,,,3,1,1,1,7
202100036109,2021-06-06 22:10:00,2021,6,6,22,10,93,93066,Cour des Arbaletriers,48.93777,2.35748,Nuit avec éclairage allumé,En agglomération,Hors intersection,Normale,Autre collision,4,-1,0,3,1,1,1,6,6,30,,2,1,0,0,1,,,,,5,2,1,1,6
202100036110,2021-06-06 21:00:00,2021,6,6,21,0,93,93005,Boulevard Georges Braque,48.9626,2.4721,Crépuscule ou aube,En agglomération,Hors intersection,Normale,Trois véhicules et plus - en chaîne,3,3,4,0,1,1,1,0,1,70,,6,1,0,0,5,20.0,40.0,,,2,2,1,1,4
202100036111,2021-06-06 14:55:00,2021,6,6,14,55,92,92048,CAPUCINS (RUE DES) N° 1 A 31,48.8156915015,2.2277288139,Plein jour,En agglomération,Autre intersection,Normale,Autre collision,4,2,2,0,1,1,1,0,1,30,,2,1,0,0,1,51.0,,,,1,2,9,1,6
202100036112,2021-06-06 15:15:00,2021,6,6,15,15,92,92026,Boulevard de la Mission Marchand,48.8984921898,2.2401353717,Plein jour,En agglomération,Hors intersection,Normale,Deux véhicules - arrière,3,1,2,0,1,1,1,0,1,50,,2,1,0,0,1,,39.0,,,1,2,1,1,2
202100036113,2021-06-06 12:10:00,2021,6,6,12,10,92,92026,VERDUN (DE 62 A FIN),48.9042853895,2.2569863498,Plein jour,En agglomération,Hors intersection,Normale,Deux véhicules - côté,3,2,2,0,1,1,1,9,1,50,,3,1,0,2,0,58.0,55.0,,,1,2,1,1,3
202100036114,2021-06-06 17:15:00,2021,6,6,17,15,92,92024,GENERAL ROGUET (RUE DU) DE (1 A 57)   (2,48.9053232644,2.3129296686,Plein jour,En agglomération,Hors intersection,Normale,Trois véhicules et plus - collisions multiples,4,2,2,0,1,1,1,0,1,50,,3,2,0,0,1,35.0,49.0,,,1,2,1,1,5
202100036115,2021-05-21 04:00:00,2021,5,21,4,0,35,35168,2 La Halliais,47.881319,-1.985174,Nuit sans éclairage public,Hors agglomération,Intersection en Y,Normale,Autre collision,3,2,2,0,1,2,1,0,3,80,,2,1,0,1,0,,,,,3,1,4,1,6
202100036116,2021-06-06 16:05:00,2021,6,6,16,5,29,29038,D 11,48.39204,-3.945068,Plein jour,Hors agglomération,Hors intersection,Pluie légère,Sans collision,3,2,2,0,3,2,2,0,1,80,,1,0,0,0,1,34.0,,,,1,1,1,2,7
202100036117,2021-06-06 16:35:00,2021,6,6,16,35,01,01129,Route de Montbuisson,45.962778,5.207809,Plein jour,Hors agglomération,Intersection en T,Normale,Deux véhicules - côté,3,2,2,0,1,1,1,0,1,80,,3,2,0,0,1,60.0,35.0,,,1,1,3,1,3
202100036118,2021-06-06 19:00:00,2021,6,6,19,0,62,62245,189 Rue Principale,50.703457,1.998675,Plein jour,Hors agglomération,Hors intersection,Normale,Sans collision,3,2,2,0,1,2,1,0,3,80,,2,0,0,2,0,37.0,,,,1,1,1,1,7
202100036119,2021-06-07 10:20:00,2021,6,7,10,20,26,26031,Route de Montélimar,44.555196,4.851526,Plein jour,Hors agglomération,Giratoire,Normale,Deux véhicules - côté,3,-1,1,0,1,2,1,5,1,80,,2,1,0,1,0,80.0,46.0,,,1,1,6,1,3
202100036120,2021-06-06 16:00:00,2021,6,6,16,0,91,91137,D63,48.343947,2.303635,Plein jour,Hors agglomération,Hors intersection,Normale,Sans collision,3,2,2,0,1,3,1,0,3,80,,1,0,0,1,0,28.0,,,,1,1,1,1,7
202100036121,2021-06-06 16:00:00,2021,6,6,16,0,40,40065,Avenue du Maréchal Foch,43.645571,-1.416743,Plein jour,En agglomération,Hors intersection,Normale,Deux véhicules - frontale,3,2,2,0,3,1,1,0,1,50,,2,1,0,1,0,85.0,40.0,,,1,2,1,1,1
202100036122,2021-06-07 10:35:00,2021,6,7,10,35,07,07005,,44.550326,4.607252,Plein jour,Hors agglomération,Hors intersection,Normale,Deux véhicules - frontale,3,2,2,0,1,1,1,0,1,70,,2,1,1,0,0,55.0,47.0,,,1,1,1,1,1
202100036123,2021-06-07 05:45:00,2021,6,7,5,45,49,49092,D199,47.262919,-0.769461,Crépuscule ou aube,Hors agglomération,Hors intersection,Normale,Deux véhicules - frontale,3,3,2,0,1,2,1,0,1,80,,4,3,1,0,0,20.0,17.0,,,2,1,1,1,1
202100036124,2021-06-06 02:30:00,2021,6,6,2,30,27,27306,Rue des Chennevieres,48.964188,1.177737,Nuit sans éclairage public,En agglomération,Hors intersection,Normale,Sans collision,4,2,2,0,1,1,1,0,1,50,,1,0,0,0,1,25.0,,,,3,2,1,1,7
202100036125,2021-06-06 16:40:00,2021,6,6,16,40,42,42317,Route de Marcigny,46.254534,3.895823,Plein jour,Hors agglomération,Hors intersection,Normale,Autre collision,3,2,2,0,2,4,1,0,3,80,,1,0,0,1,0,43.0,,,,1,1,1,1,6
202100036126,2021-06-06 18:45:00,2021,6,6,18,45,06,06064,Route de Vence,43.756139,7.172908,Plein jour,Hors agglomération,Hors intersection,Normale,Deux véhicules - frontale,7,2,2,0,2,3,1,0,1,80,,2,1,0,1,0,16.0,48.0,,,1,1,1,1,1
202100036127,2021-06-06 11:45:00,2021,6,6,11,45,59,59326,34 Chemin Departemental 947,50.9474806525,2.5896546,Plein jour,Hors agglomération,Hors intersection,Normale,Autre collision,3,2,2,0,1,1,1,0,1,80,,1,0,0,0,1,30.0,,,,1,1,1,1,6
202100036128,2021-06-07 17:31:00,2021,6,7,17,31,08,08490,D946/D977,49.398833,4.715828,Plein jour,Hors agglomération,Intersection en T,Normale,Deux véhicules - côté,3,2,2,0,1,1,1,5,1,80,,2,1,0,1,0,34.0,59.0,,,1,1,3,1,3
202100036129,2021-06-07 08:20:00,2021,6,7,8,20,15,15119,a75,45.273003,3.213678,Plein jour,Hors agglomération,Hors intersection,Pluie légère,Autre collision,1,3,4,0,3,1,2,0,3,110,,1,0,0,1,0,62.0,,,,1,1,1,2,6
202100036130,2021-06-07 11:00:00,2021,6,7,11,0,51,51391,N31,49.271277,3.900146,Plein jour,Hors agglomération,Hors intersection,Normale,Trois véhicules et plus - collisions multiples,2,2,2,0,2,1,1,0,1,80,,7,5,0,1,1,39.0,35.0,,,1,1,1,1,5
202100036131,2021-06-04 21:30:00,2021,6,4,21,30,56,56128,lieu dit Kergost,48.005171,-3.072782,Plein jour,Hors agglomération,Hors intersection,Normale,Autre collision,3,2,2,0,1,3,1,0,3,80,,3,1,0,1,1,20.0,,,,1,1,1,1,6
202100036132,2021-06-07 10:15:00,2021,6,7,10,15,79,79062,Route de Cerizay,46.807756,-0.661819,Plein jour,En agglomération,Giratoire,Normale,Deux véhicules - côté,3,2,2,0,1,1,1,5,1,50,,3,2,0,0,1,92.0,54.0,,,1,2,6,1,3
202100036133,2021-06-06 10:00:00,2021,6,6,10,0,79,79216,Blanzay,46.282487,-0.345,Plein jour,Hors agglomération,Hors intersection,Pluie légère,Autre collision,3,2,2,0,1,1,2,0,3,70,,1,0,0,1,0,67.0,,,,1,1,1,2,6
202100036134,2021-06-06 11:50:00,2021,6,6,11,50,82,82031,3 chemin de Ronde,44.0286097031,1.0405482352,Plein jour,En agglomération,Intersection en X,Normale,Deux véhicules - côté,4,2,2,0,1,1,1,0,1,50,,2,1,0,0,1,10.0,58.0,,,1,2,2,1,3
202100036135,2021-06-05 20:20:00,2021,6,5,20,20,32,32116,RD226,43.34954,0.429132,Crépuscule ou aube,Hors agglomération,Hors intersection,Normale,Autre collision,3,2,2,0,1,2,9,0,3,80,,1,0,0,0,1,38.0,,,,2,1,1,1,6
202100036136,2021-06-05 14:30:00,2021,6,5,14,30,61,61075,Landisson,48.464004,-0.641686,Plein jour,Hors agglomération,Hors intersection,Normale,Sans collision,3,2,2,0,1,1,1,0,1,80,,1,0,1,0,0,61.0,,,,1,1,1,1,7
202100036137,2021-06-06 14:14:00,2021,6,6,14,14,42,42172,Route de Bourg-Argental,45.368037,4.452966,Plein jour,Hors agglomération,Hors intersection,Normale,Sans collision,3,2,2,0,2,3,1,0,3,70,,1,0,0,1,0,39.0,,,,1,1,1,1,7
202100036138,2021-06-03 14:45:00,2021,6,3,14,45,41,41151,12 Rue de Pontcher,47.346439,1.17352,Plein jour,En agglomération,Hors intersection,Normale,Sans collision,3,2,2,0,1,3,1,0,1,50,,2,1,0,1,0,36.0,39.0,,,1,2,1,1,7
202100036139,2021-06-06 10:50:00,2021,6,6,10,50,44,44129,Place de l Eglise,47.437801,-2.088137,Plein jour,En agglomération,Intersection en T,Normale,Deux véhicules - côté,3,2,2,0,1,1,1,0,1,50,,2,1,0,1,0,90.0,54.0,,,1,2,3,1,3
202100036140,2021-06-06 11:40:00,2021,6,6,11,40,44,44067,Rue du Gue,47.691205,-1.869891,Plein jour,Hors agglomération,Intersection en T,Normale,Deux véhicules - côté,3,2,2,0,1,2,1,0,1,80,,2,1,0,1,0,87.0,15.0,,,1,1,3,1,3
202100036141,2021-06-06 02:15:00,2021,6,6,2,15,35,35078,les beaux bois,48.599026,-1.698385,Nuit sans éclairage public,Hors agglomération,Hors intersection,Normale,Autre collision,4,2,2,0,1,1,1,0,1,80,,2,1,0,1,0,57.0,,,,3,1,1,1,6
202100036142,2021-06-06 10:00:00,2021,6,6,10,0,29,29218,Lieu Dit Lesverrien,48.046074,-4.522988,Plein jour,Hors agglomération,Hors intersection,Normale,Trois véhicules et plus - en chaîne,4,2,2,0,2,2,1,0,1,80,,3,0,0,1,2,51.0,21.0,,,1,1,1,1,4
202100036143,2021-06-07 08:14:00,2021,6,7,8,14,31,31066,576 Route de Paulhac,43.791207,1.600657,Plein jour,En agglomération,Hors intersection,Normale,Deux véhicules - côté,3,2,2,0,1,1,1,0,1,50,,2,1,0,1,0,36.0,15.0,,,1,2,1,1,3
202100036144,2021-06-06 15:00:00,2021,6,6,15,0,84,84018,gorges de la nesque,44.037072,5.265434,Plein jour,Hors agglomération,Hors intersection,Normale,Sans collision,3,2,2,0,1,2,1,0,1,80,,1,0,1,0,0,35.0,,,,1,1,1,1,7
202100036145,2021-06-06 17:40:00,2021,6,6,17,40,03,03021,Les Bignards,46.118332,3.120139,Plein jour,En agglomération,Hors intersection,Temps couvert,Sans collision,3,2,2,0,1,1,1,0,1,50,,1,0,0,1,0,12.0,,,,1,2,1,8,7
202100036146,2021-06-07 12:40:00,2021,6,7,12,40,72,72080,d261,48.143196,0.644095,Plein jour,Hors agglomération,Hors intersection,Normale,Deux véhicules - frontale,3,2,2,0,1,2,1,0,1,90,,2,0,0,1,1,20.0,68.0,,,1,1,1,1,1
202100036147,2021-06-07 17:20:00,2021,6,7,17,20,72,72276,le terras,48.282493,0.46914,Plein jour,Hors agglomération,Intersection en T,Normale,Deux véhicules - côté,3,2,2,0,4,1,1,0,1,90,,2,1,0,0,1,26.0,61.0,,,1,1,3,1,3
202100036148,2021-06-07 11:15:00,2021,6,7,11,15,14,14593,D280A,49.257806,0.166512,Plein jour,Hors agglomération,Hors intersection,Normale,Deux véhicules - frontale,3,2,2,0,2,4,1,0,1,80,,2,1,0,0,1,30.0,30.0,,,1,1,1,1,1
202100036149,2021-06-05 11:30:00,2021,6,5,11,30,14,14552,D112,49.301789,-0.606995,Plein jour,Hors agglomération,Hors intersection,Normale,Sans collision,3,2,2,0,2,2,1,0,1,80,,1,0,0,1,0,38.0,,,,1,1,1,1,7
202100036150,2021-05-28 14:30:00,2021,5,28,14,30,09,09094,rd 435,43.12184,1.061409,Plein jour,Hors agglomération,Hors intersection,Normale,Sans collision,3,2,2,0,1,3,1,2,3,80,,1,0,0,0,1,54.0,,,,1,1,1,1,7
202100036151,2021-06-06 22:55:00,2021,6,6,22,55,60,60509,Route de la Croix Frapotel (Chemin),49.281746,2.615656,Nuit sans éclairage public,Hors agglomération,Hors intersection,Normale,Autre collision,9,-1,1,0,1,1,9,0,8,-1,,1,0,0,1,0,40.0,,,,3,1,1,1,6
202100036152,2021-06-06 19:25:00,2021,6,6,19,25,60,60291,D932,49.6657816302,3.0544481275,Plein jour,Hors agglomération,Intersection en X,Temps éblouissant,Deux véhicules - arrière,3,2,2,0,3,1,1,9,1,80,,3,0,0,0,3,81.0,29.0,,,1,1,2,7,2
202100036153,2021-06-07 00:20:00,2021,6,7,0,20,45,45193,"route départementale 921, PK 72+650",47.746971,1.989156,Nuit sans éclairage public,Hors agglomération,Hors intersection,Normale,Autre collision,3,2,2,0,1,1,1,0,3,80,,2,0,0,0,2,28.0,,,,3,1,1,1,6
202100036154,2021-06-06 23:10:00,2021,6,6,23,10,18,18058,Lieu Dit Boissereau,46.84053,2.335914,Nuit sans éclairage public,Hors agglomération,Hors intersection,Normale,Autre collision,3,2,2,0,1,4,1,0,8,80,,1,0,0,1,0,50.0,,,,3,1,1,1,6
202100036155,2021-06-07 03:20:00,2021,6,7,3,20,10,10106,Départementale 951,48.45932,3.411791,Nuit sans éclairage public,Hors agglomération,Hors intersection,Brouillard / fumée,Autre collision,3,2,2,0,1,1,1,0,3,-1,,2,0,1,1,0,35.0,,,,3,1,1,5,6
202100036156,2021-06-07 17:00:00,2021,6,7,17,0,36,36052,Impasse de Thery,46.90861,2.045549,Plein jour,Hors agglomération,Intersection en T,Normale,Deux véhicules - côté,3,2,2,0,1,1,1,0,1,80,,2,0,0,0,2,56.0,20.0,,,1,1,3,1,3
202100036157,2021-06-07 02:20:00,2021,6,7,2,20,07,07349,D86,44.788262,4.772358,Nuit avec éclairage allumé,Hors agglomération,Hors intersection,Normale,Autre collision,3,2,2,0,1,1,1,0,1,70,,3,2,0,0,1,23.0,,,,5,1,1,1,6
202100036158,2021-06-06 21:50:00,2021,6,6,21,50,07,07302,D2,44.665992,4.708257,Nuit avec éclairage non allumé,Hors agglomération,Hors intersection,Normale,Sans collision,3,3,2,0,1,1,1,0,8,80,,1,0,0,1,0,42.0,,,,4,1,1,1,7
202100036159,2021-06-06 03:10:00,2021,6,6,3,10,53,53048,Le Tertre,48.228111,-0.894806,Nuit sans éclairage public,Hors agglomération,Intersection en Y,Normale,Autre collision,3,3,4,0,1,1,1,0,1,80,,1,0,0,0,1,20.0,,,,3,1,4,1,6
202100036160,2021-06-06 10:05:00,2021,6,6,10,5,28,28280,D955,48.31099,0.820544,Plein jour,Hors agglomération,Intersection en X,Temps éblouissant,Deux véhicules - frontale,3,2,2,0,1,1,1,0,1,70,,3,1,0,1,1,55.0,75.0,,,1,1,2,7,1
202100036161,2021-06-07 19:40:00,2021,6,7,19,40,28,28426,Route Nationale 154,48.25719,1.74675,Plein jour,Hors agglomération,Hors intersection,Normale,Sans collision,2,2,2,0,1,1,1,0,3,90,,1,0,0,0,1,51.0,,,,1,1,1,1,7
202100036162,2021-06-04 05:00:00,2021,6,4,5,0,30,30062,D40,43.7799,4.1958,Crépuscule ou aube,Hors agglomération,Hors intersection,Normale,Sans collision,3,2,2,0,1,2,1,0,1,80,,3,2,0,1,0,44.0,,,,2,1,1,1,7
202100036163,2021-05-31 12:35:00,2021,5,31,12,35,24,24150,Les Barges,44.74264,1.187719,Plein jour,Hors agglomération,Hors intersection,Normale,Deux véhicules - frontale,4,2,2,0,1,3,1,0,1,80,,2,1,0,1,0,20.0,32.0,,,1,1,1,1,1
202100036164,2021-06-07 15:10:00,2021,6,7,15,10,17,17351,Route Départementale RD 728,45.821211,-1.084374,Plein jour,Hors agglomération,Intersection en Y,Normale,Deux véhicules - côté,3,2,2,0,1,1,1,5,1,80,,2,1,0,1,0,69.0,57.0,,,1,1,4,1,3
202100036165,2021-06-06 12:30:00,2021,6,6,12,30,58,58264,Aire de repos de Beaumont (Parking),46.762186,3.136194,Plein jour,Hors agglomération,Autre intersection,Normale,Autre collision,2,3,4,0,2,4,1,0,8,110,,2,1,0,1,0,57.0,,,,1,1,9,1,6
202100036166,2021-06-01 18:50:00,2021,6,1,18,50,27,27563,A13,49.373068,0.486016,Plein jour,Hors agglomération,Hors intersection,Normale,Autre collision,1,3,4,0,2,4,1,0,3,130,,1,0,0,0,1,20.0,,,,1,1,1,1,6
202100036167,2021-06-07 16:45:00,2021,6,7,16,45,91,91200,autoroute A10,48.557807,1.940975,Plein jour,Hors agglomération,Hors intersection,Normale,Trois véhicules et plus - en chaîne,1,3,4,0,1,1,1,0,1,130,,3,0,0,1,2,34.0,52.0,,,1,1,1,1,4
202100036168,2021-06-06 08:10:00,2021,6,6,8,10,987,98753,RT 301 - pk12+150,-23.39509,-149.472202,Plein jour,Hors agglomération,Hors intersection,Normale,Deux véhicules - arrière,2,2,2,0,1,1,1,0,1,30,,3,2,0,1,0,38.0,45.0,,,1,1,1,1,2
202100036169,2021-05-07 18:00:00,2021,5,7,18,0,971,97117,Rue John Fitzgerald Kennedy,16.326662,-61.347463,Plein jour,En agglomération,Intersection en X,Normale,Deux véhicules - côté,4,2,2,0,1,1,1,0,1,50,,2,1,0,1,0,62.0,21.0,,,1,2,2,1,3
202100036170,2021-06-06 15:00:00,2021,6,6,15,0,91,91180,D372,48.443807,2.484369,Plein jour,Hors agglomération,Hors intersection,Normale,Deux véhicules - côté,3,2,2,0,1,3,1,0,1,-1,,3,1,0,2,0,32.0,24.0,,,1,1,1,1,3
202100036171,2021-06-07 11:45:00,2021,6,7,11,45,2B,2B007,15 Petricaju -- RD 84,42.326945,8.984247,Plein jour,En agglomération,Hors intersection,Normale,Autre collision,3,2,2,0,1,1,1,0,1,50,,1,0,0,1,0,56.0,,,,1,2,1,1,6
202100036172,2021-06-06 18:00:00,2021,6,6,18,0,11,11081,RD 620,43.341773,2.525192,Plein jour,Hors agglomération,Autre intersection,Normale,Autre collision,3,2,2,0,1,2,1,0,3,80,,2,0,0,2,0,32.0,,,,1,1,9,1,6
202100036173,2021-06-07 18:45:00,2021,6,7,18,45,34,34213,Chemin des Moulieres,43.467949,3.672395,Plein jour,Hors agglomération,Hors intersection,Normale,Deux véhicules - arrière,3,2,2,0,4,1,1,0,1,90,,2,1,0,0,1,44.0,51.0,,,1,1,1,1,2
202100036174,2021-06-07 07:40:00,2021,6,7,7,40,83,83099,Chemin du Carreou,43.451318,6.684443,Plein jour,Hors agglomération,Giratoire,Normale,Autre collision,4,1,1,0,1,2,1,0,1,30,,2,1,0,1,0,44.0,,,,1,1,6,1,6
202100036175,2021-06-06 15:47:00,2021,6,6,15,47,13,13096,D85A,43.521773,4.40552,Plein jour,En agglomération,Hors intersection,Normale,Deux véhicules - frontale,3,2,2,0,1,1,1,0,3,50,,1,0,0,1,0,32.0,,,,1,2,1,1,1
202100036176,2021-06-06 15:10:00,2021,6,6,15,10,71,71090,476 Rue des Potets,46.2251,4.775019,Plein jour,En agglomération,Hors intersection,Normale,Autre collision,4,2,2,0,2,3,1,0,3,30,,1,0,0,0,1,41.0,,,,1,2,1,1,6
202100036177,2021-06-05 21:30:00,2021,6,5,21,30,68,68342,Rue du Bourg,47.81948,7.177237,Crépuscule ou aube,En agglomération,Autre intersection,Normale,Deux véhicules - côté,4,2,1,0,2,3,1,0,1,50,,2,1,0,1,0,50.0,18.0,,,2,2,9,1,3
202100036178,2021-06-01 15:20:00,2021,6,1,15,20,88,88531,D417,48.065347,6.978936,Plein jour,Hors agglomération,Hors intersection,Normale,Deux véhicules - côté,3,2,2,0,2,1,1,0,1,80,,2,1,0,1,0,76.0,24.0,,,1,1,1,1,3
202100036179,2021-06-07 12:00:00,2021,6,7,12,0,26,26322,620 Route de Nyons,44.397954,5.051168,Plein jour,Hors agglomération,Hors intersection,Normale,Deux véhicules - frontale,3,2,2,0,1,1,1,0,1,80,,2,0,0,2,0,30.0,52.0,,,1,1,1,1,1
202100036180,2021-06-07 11:45:00,2021,6,7,11,45,07,07324,30 Route de Lamastre,45.0705263707,4.8199821896,Plein jour,En agglomération,Intersection en T,Normale,Deux véhicules - frontale,3,2,2,0,1,1,1,0,1,50,,2,1,0,1,0,20.0,78.0,,,1,2,3,1,1
202100036181,2021-06-05 21:20:00,2021,6,5,21,20,65,65059,6 Avenue du Groupe Bernard,43.065352,0.155192,Crépuscule ou aube,En agglomération,Hors intersection,Normale,Deux véhicules - frontale,4,2,2,0,1,2,1,0,1,50,,5,4,0,1,0,54.0,22.0,,,2,2,1,1,1
202100036182,2021-06-05 20:40:00,2021,6,5,20,40,40,40184,Rue de Cadette,44.200932,-1.241348,Plein jour,En agglomération,Hors intersection,Normale,Deux véhicules - frontale,3,2,2,0,1,3,1,0,1,50,,3,0,0,1,2,24.0,53.0,,,1,2,1,1,1
202100036183,2021-06-06 11:00:00,2021,6,6,11,0,33,33411,,44.643246,-0.233864,Plein jour,Hors agglomération,Intersection en X,Temps éblouissant,Deux véhicules - côté,3,2,2,0,2,1,1,0,1,80,,3,0,0,1,2,52.0,32.0,,,1,1,2,7,3
202100036184,2021-06-01 08:10:00,2021,6,1,8,10,29,29247,Place de la Mairie,47.936534,-4.022476,Plein jour,En agglomération,Hors intersection,Normale,Autre collision,4,2,2,0,1,1,1,9,4,50,,2,1,0,1,0,62.0,,,,1,2,1,1,6
202100036185,2021-06-04 13:00:00,2021,6,4,13,0,22,22070,Rue Saint Nicolas,48.560065,-3.148313,Plein jour,En agglomération,Hors intersection,Normale,Deux véhicules - côté,4,1,2,0,1,1,1,0,1,50,,2,1,0,0,1,84.0,18.0,,,1,2,1,1,3
202100036186,2021-06-06 20:15:00,2021,6,6,20,15,76,76459,Route de Saint Saire,49.69985,1.4932,Plein jour,Hors agglomération,Intersection en Y,Normale,Sans collision,3,2,2,0,2,3,1,0,1,50,,1,0,0,0,1,30.0,,,,1,1,4,1,7
202100036187,2021-06-07 17:20:00,2021,6,7,17,20,60,60462,Rue de Calais,49.331939,2.199304,Plein jour,En agglomération,Hors intersection,Normale,Deux véhicules - côté,3,4,2,0,1,1,1,0,1,50,,2,1,0,1,0,38.0,30.0,,,1,2,1,1,3
202100036188,2021-06-04 14:30:00,2021,6,4,14,30,59,59015,D47b,50.296692,3.119754,Plein jour,Hors agglomération,Hors intersection,Normale,Autre collision,3,2,2,0,1,1,1,0,3,80,,1,0,0,1,0,96.0,,,,1,1,1,1,6
202100036189,2021-06-05 18:20:00,2021,6,5,18,20,13,13211,A50-Sens Marseille vers Aubagne,43.29207,5.47877,Plein jour,Hors agglomération,Hors intersection,Normale,Sans collision,1,1,1,0,1,3,1,0,1,70,,1,0,0,1,0,56.0,,,,1,1,1,1,7
202100036190,2021-06-05 21:50:00,2021,6,5,21,50,13,13071,A55 - Sens Marseille vers Martigues,43.38019,5.31615,Crépuscule ou aube,Hors agglomération,Hors intersection,Normale,Deux véhicules - arrière,1,1,2,0,1,1,1,0,1,90,,2,0,0,0,2,27.0,42.0,,,2,1,1,1,2
202100036191,2021-06-05 16:15:00,2021,6,5,16,15,13,13005,A50-Sens Aubagne vers Marseille,43.2858,5.56926,Plein jour,Hors agglomération,Hors intersection,Normale,Deux véhicules - arrière,1,3,2,0,3,2,1,0,1,90,,3,2,1,0,0,51.0,30.0,,,1,1,1,1,2
202100036192,2021-06-04 17:40:00,2021,6,4,17,40,13,13071,A7-Sens Marseille vers Lyon,43.41186,5.28273,Plein jour,Hors agglomération,Hors intersection,Normale,Trois véhicules et plus - en chaîne,1,1,3,0,1,1,1,1,1,110,,5,3,0,0,2,39.0,34.0,,,1,1,1,1,4
202100036193,2021-06-04 19:05:00,2021,6,4,19,5,13,13210,A50-Sens Marseille vers Aubagne,43.2851,5.42182,Plein jour,Hors agglomération,Intersection en Y,Normale,Deux véhicules - arrière,1,3,2,0,1,1,1,3,1,70,,2,1,0,0,1,46.0,30.0,,,1,1,4,1,2
202100036194,2021-06-04 18:15:00,2021,6,4,18,15,13,13055,A507 sens Marseille - Aubagne,43.29551,5.42433,Plein jour,Hors agglomération,Hors intersection,Normale,Trois véhicules et plus - en chaîne,1,1,4,0,1,1,1,1,1,70,,3,2,0,0,1,20.0,42.0,,,1,1,1,1,4
202100036195,2021-06-01 09:20:00,2021,6,1,9,20,13,13214,A7-Sens Marseille vers Lyon,43.32,5.37,Plein jour,Hors agglomération,Hors intersection,Normale,Deux véhicules - arrière,1,1,4,0,1,1,1,0,1,90,,2,0,0,1,1,26.0,54.0,,,1,1,1,1,2
202100036196,2021-06-06 17:17:00,2021,6,6,17,17,69,69266,D383   3.750 A 7.640,45.7753911428,4.8984158336,Plein jour,Hors agglomération,Hors intersection,Normale,Autre collision,7,3,6,0,1,1,1,0,2,70,,3,2,0,0,1,22.0,,,,1,1,1,1,6
202100036197,2021-06-06 21:00:00,2021,6,6,21,0,91,91136,AUTOROUTE A126,48.7124,2.28616,Plein jour,Hors agglomération,Hors intersection,Normale,Deux véhicules - frontale,1,1,1,0,1,1,1,0,1,90,,3,2,0,0,1,26.0,53.0,,,1,1,1,1,1
202100036198,2021-06-06 15:12:00,2021,6,6,15,12,92,92002,AUTOROUTE A10,48.7301858529,2.3079362512,Plein jour,Hors agglomération,Hors intersection,Normale,Deux véhicules - frontale,1,1,3,0,1,1,1,0,1,110,,2,1,0,0,1,41.0,29.0,,,1,1,1,1,1
202100036199,2021-06-06 12:19:00,2021,6,6,12,19,91,91553,RN 104,48.63146,2.50045,Plein jour,Hors agglomération,Hors intersection,Normale,Deux véhicules - arrière,2,1,2,0,1,1,1,0,1,90,,3,1,0,0,2,48.0,26.0,,,1,1,1,1,2
202100036200,2021-06-06 13:05:00,2021,6,6,13,5,94,94065,AUTOROUTE A86,48.75483,2.34645,Plein jour,Hors agglomération,Hors intersection,Normale,Deux véhicules - arrière,1,1,3,0,1,1,1,0,1,90,,2,1,0,0,1,38.0,59.0,,,1,1,1,1,2
202100036201,2021-06-06 07:00:00,2021,6,6,7,0,91,91179,AUTOROUTE A6,48.56887,2.47131,Plein jour,Hors agglomération,Hors intersection,Normale,Autre collision,1,1,3,0,1,1,1,0,1,110,,3,0,0,0,3,34.0,,,,1,1,1,1,6