accident_id,datetime,annee,mois,jour,heure,minute,departement,commune_insee,adresse,latitude,longitude,luminosite,agglomeration,intersection,meteo,collision,catr,circ,nbv,vosp,prof,plan,surf,infra,situ,vma,nb_vehicules,nb_usagers,nb_indemnes,nb_tues,nb_blesses_hosp,nb_blesses_legers,age_cond_1,age_cond_2,veh_type_cond_1,veh_type_cond_2,lum_code,agg_code,int_code,atm_code,col_code
202100036202,2021-06-06 03:05:00,2021,6,6,3,5,91,91687,AUTOROUTE A6,48.658636,2.374929,Nuit sans éclairage public,Hors agglomération,Hors intersection,Normale,Deux véhicules - arrière,1,3,3,0,1,1,1,0,1,110,,2,1,0,0,1,21.0,58.0,,,3,1,1,1,2
202100036203,2021-06-05 18:01:00,2021,6,5,18,1,91,91468,AUTOROUTE A6,48.57453,2.46642,Plein jour,Hors agglomération,Hors intersection,Normale,Autre collision,1,3,3,0,2,1,1,0,3,110,,1,0,0,1,0,27.0,,,,1,1,1,1,6
202100036204,2021-06-06 13:05:00,2021,6,6,13,5,92,92047,A13,48.8334,2.16077,Plein jour,Hors agglomération,Hors intersection,Normale,Deux véhicules - arrière,1,3,6,0,4,1,1,0,1,110,,3,2,0,0,1,24.0,58.0,,,1,1,1,1,2
202100036205,2021-06-06 10:45:00,2021,6,6,10,45,78,78362,A13,48.977759,1.711932,Plein jour,Hors agglomération,Hors intersection,Normale,Deux véhicules - arrière,1,1,4,0,2,1,1,1,1,110,,2,1,0,0,1,81.0,36.0,,,1,1,1,1,2
202100036206,2021-06-06 20:20:00,2021,6,6,20,20,93,93007,AUTOROUTE A1,48.94615,2.44096,Plein jour,Hors agglomération,Hors intersection,Normale,Trois véhicules et plus - en chaîne,1,3,8,0,1,1,1,1,1,90,,3,2,0,0,1,24.0,49.0,,,1,1,1,1,4
202100036207,2021-06-06 14:00:00,2021,6,6,14,0,93,93007,AUTOROUTE A3,48.9432,2.47787,Plein jour,Hors agglomération,Hors intersection,Normale,Deux véhicules - arrière,1,3,6,0,1,1,1,0,1,90,,2,1,0,0,1,26.0,27.0,,,1,1,1,1,2
202100036208,2021-06-05 23:40:00,2021,6,5,23,40,93,93008,AUTOROUTE A86,48.9065,2.45796,Nuit avec éclairage non allumé,Hors agglomération,Hors intersection,Normale,Autre collision,1,3,8,0,2,1,1,3,1,50,,1,0,0,0,1,23.0,,,,4,1,1,1,6
202100036209,2021-06-06 15:20:00,2021,6,6,15,20,77,77175,RN104,48.6725,2.6115,Plein jour,Hors agglomération,Hors intersection,Normale,Deux véhicules - arrière,2,3,6,0,2,1,1,0,1,110,,2,1,0,0,1,53.0,34.0,,,1,1,1,1,2
202100036210,2021-06-06 11:50:00,2021,6,6,11,50,94,94042,A4,48.827286427,2.4692556276,Plein jour,Hors agglomération,Hors intersection,Normale,Trois véhicules et plus - en chaîne,1,3,5,0,1,1,1,0,1,90,,3,2,0,0,1,31.0,20.0,,,1,1,1,1,4
202100036211,2021-06-05 12:20:00,2021,6,5,12,20,75,75112,A4,48.819642,2.458885,Plein jour,Hors agglomération,Hors intersection,Normale,Deux véhicules - côté,1,3,5,0,2,1,1,0,1,90,,2,1,0,0,1,33.0,30.0,,,1,1,1,1,3
202100036212,2021-06-05 09:58:00,2021,6,5,9,58,44,44109,RUE GUILLAUME GROOTAERS,47.238536,-1.585625,Plein jour,En agglomération,Hors intersection,Normale,Autre collision,4,2,2,3,1,1,1,0,1,50,,2,1,0,0,1,,,,,1,2,1,1,6
202100036213,2021-06-04 19:50:00,2021,6,4,19,50,29,29019,Rue Degas,48.41316,-4.47337,Plein jour,En agglomération,Hors intersection,Normale,Autre collision,4,3,2,0,1,1,1,0,1,30,,2,1,0,1,0,77.0,,,,1,2,1,1,6
202100036214,2021-06-05 08:30:00,2021,6,5,8,30,974,97416,LORION (RUE LUC),-21.3312,55.4723,Plein jour,En agglomération,Autre intersection,Normale,Deux véhicules - arrière,9,-1,2,0,1,1,1,0,1,50,,2,1,0,1,0,77.0,48.0,,,1,2,9,1,2
202100036215,2021-06-05 07:40:00,2021,6,5,7,40,974,97416,LORION (RUE LUC),-21.334,55.4712,Plein jour,En agglomération,Autre intersection,Normale,Deux véhicules - côté,9,3,2,0,1,1,1,5,1,50,,2,1,0,0,1,21.0,,,,1,2,9,1,3
202100036216,2021-06-05 13:20:00,2021,6,5,13,20,974,97411,MONNERVILLE (BOULEVARD GASTON),-20.89653,55.44726,Plein jour,Hors agglomération,Hors intersection,Pluie forte,Deux véhicules - frontale,4,2,2,0,2,2,2,0,4,50,,5,4,0,0,1,21.0,,,,1,1,1,3,1
202100036217,2021-06-05 18:40:00,2021,6,5,18,40,973,97302,BADUEL (ROUTE DE),4.93001,-52.30418,Crépuscule ou aube,En agglomération,Hors intersection,Normale,Deux véhicules - côté,3,2,2,2,1,1,1,0,1,50,,3,2,0,1,0,28.0,53.0,,,2,2,1,1,3
202100036218,2021-06-05 15:20:00,2021,6,5,15,20,69,69386,DUGUESCLIN (R),45.76979,4.84713,Plein jour,En agglomération,Intersection en X,Normale,Deux véhicules - côté,4,1,1,0,1,1,1,0,1,30,,4,3,0,0,1,48.0,66.0,,,1,2,2,1,3
202100036219,2021-06-05 15:50:00,2021,6,5,15,50,69,69387,BERTHELOT (AV),45.74779,4.83376,Plein jour,En agglomération,Hors intersection,Normale,Autre collision,4,1,2,3,1,1,1,0,4,50,,2,1,0,0,1,,,,,1,2,1,1,6
202100036220,2021-06-05 14:15:00,2021,6,5,14,15,69,69383,LAFAYETTE (CR),45.7636148237,4.8571720719,Plein jour,En agglomération,Hors intersection,Normale,Deux véhicules - frontale,4,2,3,3,1,1,1,0,1,50,,2,1,0,0,1,51.0,33.0,,,1,2,1,1,1
202100036221,2021-06-05 11:40:00,2021,6,5,11,40,972,97213,AUTOROUTE A1,14.61808,-61.02079,Plein jour,Hors agglomération,Hors intersection,Normale,Deux véhicules - arrière,1,1,0,0,1,1,1,0,1,90,,5,4,0,0,1,42.0,42.0,,,1,1,1,1,2
202100036222,2021-06-05 17:00:00,2021,6,5,17,0,69,69382,DOCTEUR GAILLETON (DU) (Q),45.75152,4.83239,Plein jour,En agglomération,Intersection en T,Normale,Deux véhicules - côté,4,1,1,3,1,1,1,0,1,50,,2,1,0,0,1,31.0,32.0,,,1,2,3,1,3
202100036223,2021-06-05 08:05:00,2021,6,5,8,5,69,69034,FORTS (DES) (MO),45.7941825391,4.8327130079,Plein jour,En agglomération,Intersection en T,Pluie légère,Deux véhicules - côté,4,2,2,1,2,4,2,9,1,50,,2,1,0,0,1,44.0,45.0,,,1,2,3,2,3
202100036224,2021-06-02 13:30:00,2021,6,2,13,30,95,95210,DEPART (RUE DU),48.973648,2.306287,Plein jour,En agglomération,Intersection en T,Normale,Deux véhicules - côté,4,2,2,0,1,1,1,0,1,50,,2,1,0,0,1,32.0,63.0,,,1,2,3,1,3
202100036225,2021-06-05 13:45:00,2021,6,5,13,45,91,91191,Jean Jaures (Avenue),48.71382,2.46233,Plein jour,En agglomération,Hors intersection,Normale,Trois véhicules et plus - collisions multiples,3,2,0,0,1,1,1,0,1,30,,5,1,0,0,4,51.0,69.0,,,1,2,1,1,5
202100036226,2021-06-04 18:30:00,2021,6,4,18,30,91,91691,RESISTANCE(AVENUE),48.69388,2.47737,Plein jour,En agglomération,Hors intersection,Normale,Deux véhicules - frontale,3,2,2,0,1,1,1,9,1,50,,4,2,0,0,2,60.0,44.0,,,1,2,1,1,1
202100036227,2021-06-05 19:30:00,2021,6,5,19,30,91,91687,ARTOIS (ALLEE D'),48.66923,2.35951,Plein jour,En agglomération,Hors intersection,Normale,Autre collision,6,-1,-1,0,1,1,1,0,1,30,,2,1,0,0,1,32.0,,,,1,2,1,1,6
202100036228,2021-06-05 17:15:00,2021,6,5,17,15,91,91687,JEAN CASALE (RUE),48.67706,2.36912,Plein jour,En agglomération,Intersection en X,Normale,Deux véhicules - côté,4,2,4,0,1,1,1,0,1,50,,2,1,0,0,1,31.0,30.0,,,1,2,2,1,3
202100036229,2021-06-05 18:10:00,2021,6,5,18,10,74,74008,GENEVE (RUE DE),46.19241,6.22321,Plein jour,En agglomération,Hors intersection,Normale,Autre collision,3,1,1,0,1,1,1,0,4,50,,2,1,0,0,1,36.0,37.0,,,1,2,1,1,6
202100036230,2021-06-05 12:35:00,2021,6,5,12,35,74,74305,THONON (ROUTE DE),46.20157,6.27831,Plein jour,Hors agglomération,Hors intersection,Pluie légère,Deux véhicules - côté,3,2,2,0,1,1,2,0,1,70,,4,3,0,0,1,22.0,19.0,,,1,1,1,2,3
202100036231,2021-06-04 17:55:00,2021,6,4,17,55,74,74012,ANNEXION (RUE DE L'),46.18593,6.23934,Plein jour,En agglomération,Hors intersection,Normale,Autre collision,4,2,2,0,1,1,1,0,1,50,,2,1,0,0,1,31.0,,,,1,2,1,1,6
202100036232,2021-06-04 07:45:00,2021,6,4,7,45,67,67180,STRASBOURG (ROUTE DE),48.80332,7.76958,Plein jour,En agglomération,Intersection en T,Normale,Deux véhicules - arrière,3,2,4,0,1,1,1,0,1,50,,2,1,0,0,1,46.0,42.0,,,1,2,3,1,2
202100036233,2021-06-05 22:20:00,2021,6,5,22,20,65,65047,SPORTS (AVE DES),43.23567,0.10667,Nuit avec éclairage allumé,En agglomération,Intersection en T,Normale,Deux véhicules - côté,3,2,2,0,1,1,1,0,1,50,,3,0,0,0,3,54.0,55.0,,,5,2,3,1,3
202100036234,2021-06-05 14:01:00,2021,6,5,14,1,64,64335,NOVELLA,43.32328,-0.42091,Plein jour,En agglomération,Giratoire,Normale,Deux véhicules - côté,4,2,2,2,1,3,1,0,1,50,,2,1,0,0,1,18.0,19.0,,,1,2,6,1,3
202100036235,2021-06-05 17:05:00,2021,6,5,17,5,59,59512,NATIONS UNIES (AVENUE DES),50.6939912215,3.1758498064,Plein jour,En agglomération,Hors intersection,Temps couvert,Deux véhicules - côté,7,3,2,0,1,1,1,0,1,50,,2,0,0,0,2,35.0,16.0,,,1,2,1,8,3
202100036236,2021-06-02 12:00:00,2021,6,2,12,0,59,59378,GABRIEL ALLEE,50.65685,3.09432,Plein jour,En agglomération,Hors intersection,Normale,Autre collision,4,-1,2,0,1,1,1,0,1,30,,2,1,0,0,1,34.0,,,,1,2,1,1,6
202100036237,2021-06-05 19:00:00,2021,6,5,19,0,59,59271,KELLERMAN - AVENUE,51.0193634628,2.313952446,Plein jour,En agglomération,Hors intersection,Normale,Autre collision,4,-1,0,0,1,1,1,9,8,5,,2,1,0,0,1,34.0,,,,1,2,1,1,6
202100036238,2021-06-04 20:35:00,2021,6,4,20,35,55,55029,RN 1135,48.77072,5.17551,Plein jour,En agglomération,Intersection en X,Pluie légère,Deux véhicules - côté,2,2,2,0,1,1,2,5,1,50,,3,0,1,1,1,19.0,56.0,,,1,2,2,2,3
202100036239,2021-06-04 14:20:00,2021,6,4,14,20,54,54329,RUE DE LA POLOGNE,48.58074,6.51012,Plein jour,En agglomération,Hors intersection,Normale,Deux véhicules - arrière,4,2,4,2,1,1,1,0,1,50,,2,1,0,1,0,64.0,64.0,,,1,2,1,1,2
202100036240,2021-06-05 08:10:00,2021,6,5,8,10,51,51454,Avenue Paul Marchandeau,49.24219,4.02456,Plein jour,En agglomération,Giratoire,Normale,Deux véhicules - côté,4,1,1,0,1,3,2,0,1,50,,2,1,0,0,1,60.0,30.0,,,1,2,6,1,3
202100036241,2021-06-05 16:02:00,2021,6,5,16,2,45,45302,Rue Nationale 20,47.94552,1.89229,Plein jour,En agglomération,Hors intersection,Normale,Deux véhicules - côté,7,3,4,0,1,1,1,0,1,50,,2,1,0,0,1,21.0,21.0,,,1,2,1,1,3
202100036242,2021-06-05 04:35:00,2021,6,5,4,35,42,42127,Rue Alfred de Musset,46.05996,4.05996,Nuit avec éclairage allumé,En agglomération,Hors intersection,Pluie légère,Autre collision,3,2,2,0,1,1,2,0,3,50,,1,0,0,0,1,26.0,,,,5,2,1,2,6
202100036243,2021-06-05 14:55:00,2021,6,5,14,55,41,41212,CLOUSEAUX (RUE DES),47.56781,1.37017,Plein jour,En agglomération,Hors intersection,Normale,Trois véhicules et plus - collisions multiples,4,2,2,0,2,1,1,0,1,50,,5,1,0,1,3,63.0,21.0,,,1,2,1,1,5
202100036244,2021-06-05 14:00:00,2021,6,5,14,0,37,37261,HEURTELOUP (BOULEVARD),47.3904363099,0.6897515059,Plein jour,En agglomération,Hors intersection,Normale,Autre collision,4,1,3,0,1,1,1,0,1,50,,2,1,0,0,1,42.0,28.0,,,1,2,1,1,6
202100036245,2021-06-05 20:25:00,2021,6,5,20,25,35,35051,LONGCHAMPS (PORTE DES),48.14047,-1.62836,Plein jour,Hors agglomération,Hors intersection,Normale,Trois véhicules et plus - collisions multiples,7,1,2,0,1,2,1,2,1,110,,6,5,0,0,1,23.0,33.0,,,1,1,1,1,5
202100036246,2021-06-05 12:45:00,2021,6,5,12,45,34,34172,MERMOZ (AVENUE JEAN),43.61219,3.88952,Plein jour,En agglomération,Intersection en X,Normale,Deux véhicules - côté,4,2,4,0,1,1,1,0,1,50,,2,1,0,1,0,25.0,28.0,,,1,2,2,1,3
202100036247,2021-06-06 01:00:00,2021,6,6,1,0,33,33063,Cours de la Somme,44.82758,-0.57235,Nuit avec éclairage allumé,En agglomération,Intersection en T,Normale,Deux véhicules - côté,4,2,2,3,1,1,1,-1,1,50,,2,1,0,0,1,51.0,47.0,,,5,2,3,1,3
202100036248,2021-06-05 11:39:00,2021,6,5,11,39,33,33529,,44.6467,-1.15784,Plein jour,En agglomération,Giratoire,Normale,Sans collision,3,2,2,0,1,1,1,0,1,50,,1,0,0,0,1,60.0,,,,1,2,6,1,7
202100036249,2021-06-05 19:05:00,2021,6,5,19,5,30,30007,ONZE NOVEMBRE 1918 (QUAI DU),44.1291,4.0731,Plein jour,En agglomération,Hors intersection,Normale,Autre collision,2,2,2,0,1,1,1,9,3,50,,1,0,0,0,1,29.0,,,,1,2,1,1,6
202100036250,2021-06-05 18:40:00,2021,6,5,18,40,30,30007,CROUPILLAC (AVE DE),44.1373,4.1048,Plein jour,En agglomération,Intersection en T,Normale,Autre collision,3,2,1,0,1,1,1,0,1,70,,2,1,0,0,1,37.0,16.0,,,1,2,3,1,6
202100036251,2021-06-05 00:15:00,2021,6,5,0,15,29,29232,Rue de Douarnenez,47.99655,-4.1086,Nuit avec éclairage allumé,En agglomération,Hors intersection,Normale,Sans collision,4,2,2,0,1,1,1,0,1,50,,1,0,0,1,0,18.0,,,,5,2,1,1,7
202100036252,2021-06-05 10:50:00,2021,6,5,10,50,26,26198,6 Boulevard Meynot,44.55558,4.75183,Plein jour,En agglomération,Hors intersection,Normale,Deux véhicules - côté,3,1,2,0,1,1,1,0,1,30,,3,2,0,0,1,68.0,56.0,,,1,2,1,1,3
202100036253,2021-06-05 16:55:00,2021,6,5,16,55,17,17306,CARNOT (BD),45.621507,-1.041768,Plein jour,En agglomération,Intersection en X,Normale,Deux véhicules - côté,4,2,2,0,1,1,1,0,1,50,,2,1,0,1,0,31.0,19.0,,,1,2,2,1,3
202100036254,2021-06-05 11:43:00,2021,6,5,11,43,14,14118,D401,49.195848537,-0.39623,Plein jour,En agglomération,Intersection en X,Normale,Deux véhicules - côté,2,1,1,0,3,1,1,0,1,50,,2,1,0,0,1,24.0,21.0,,,1,2,2,1,3
202100036255,2021-06-05 17:30:00,2021,6,5,17,30,13,13208,ANDRE ZENATTI (AVENUE),43.246277,5.38821,Plein jour,En agglomération,Hors intersection,Normale,Deux véhicules - frontale,4,2,2,0,1,1,1,0,1,50,,2,1,0,0,1,27.0,,,,1,2,1,1,1
202100036256,2021-06-05 09:30:00,2021,6,5,9,30,13,13214,ALEX ANSALDI (RUE),43.330661,5.404674,Plein jour,En agglomération,Intersection en T,Normale,Deux véhicules - côté,7,2,3,0,1,3,1,0,1,50,,2,1,0,0,1,54.0,,,,1,2,3,1,3
202100036257,2021-06-05 01:30:00,2021,6,5,1,30,07,07102,Chemin des Basses Freydières,44.91929,4.86597,Nuit avec éclairage allumé,En agglomération,Hors intersection,Pluie forte,Sans collision,4,-1,2,0,2,1,2,0,1,50,,2,1,0,0,1,45.0,,,,5,2,1,3,7
202100036258,2021-06-05 18:10:00,2021,6,5,18,10,06,06088,SOLA (BD PIERRE),43.70729,7.28615,Plein jour,En agglomération,Hors intersection,Normale,Autre collision,4,1,3,0,1,1,1,0,1,50,,2,1,0,0,1,60.0,,,,1,2,1,1,6
202100036259,2021-06-05 11:30:00,2021,6,5,11,30,75,75115,PORTE DE VERSAILLES,48.829478,2.287441,Plein jour,En agglomération,Hors intersection,Normale,Deux véhicules - côté,4,1,3,0,1,1,1,0,1,70,,2,1,0,0,1,22.0,36.0,,,1,2,1,1,3
202100036260,2021-06-05 01:02:00,2021,6,5,1,2,75,75120,BOULEVARD PERIPHERIQUE,48.876382,2.409421,Nuit avec éclairage allumé,En agglomération,Hors intersection,Normale,Deux véhicules - côté,4,1,4,0,2,1,1,1,1,70,,2,1,0,0,1,30.0,,,,5,2,1,1,3
202100036261,2021-06-04 12:35:00,2021,6,4,12,35,75,75119,PORTE DE LA VILLETTE,48.900429,2.383466,Plein jour,En agglomération,Hors intersection,Normale,Deux véhicules - arrière,4,1,4,0,1,1,2,0,1,70,,2,1,0,0,1,54.0,64.0,,,1,2,1,1,2
202100036262,2021-06-03 22:40:00,2021,6,3,22,40,75,75118,PORTE DE LA CHAPELLE,48.900802,2.369807,Nuit avec éclairage allumé,En agglomération,Hors intersection,Normale,Deux véhicules - côté,4,1,4,0,1,1,1,1,1,70,,4,3,0,0,1,25.0,27.0,,,5,2,1,1,3
202100036263,2021-06-03 14:00:00,2021,6,3,14,0,75,75112,ECHANGEUR BERCY,48.827929,2.389531,Plein jour,En agglomération,Intersection en Y,Normale,Trois véhicules et plus - collisions multiples,4,1,2,3,1,3,1,0,1,50,,6,1,0,0,5,52.0,35.0,,,1,2,4,1,5
202100036264,2021-06-05 19:00:00,2021,6,5,19,0,75,75119,BOULEVARD MACDONALD,48.898821,2.372939,Plein jour,En agglomération,Hors intersection,Normale,Deux véhicules - côté,4,2,2,0,1,1,1,0,1,50,,2,1,0,0,1,19.0,,,,1,2,1,1,3
202100036265,2021-06-05 12:20:00,2021,6,5,12,20,75,75119,RUE MANIN,48.881697,2.381083,Plein jour,En agglomération,Intersection en T,Temps couvert,Deux véhicules - côté,4,2,2,0,1,1,1,0,1,50,,2,1,0,0,1,38.0,59.0,,,1,2,3,8,3
202100036266,2021-06-05 20:30:00,2021,6,5,20,30,75,75115,BOULEVARD GARIBALDI,48.84548,2.309578,Plein jour,En agglomération,Intersection en Y,Normale,Deux véhicules - côté,4,3,3,1,1,1,1,0,5,50,,2,1,0,0,1,,41.0,,,1,2,4,1,3
202100036267,2021-06-05 12:50:00,2021,6,5,12,50,75,75115,RUE DE VAUGIRARD,48.841868,2.309163,Plein jour,En agglomération,Intersection en T,Normale,Deux véhicules - arrière,4,1,2,0,1,1,1,0,1,50,,3,2,0,0,1,39.0,26.0,,,1,2,3,1,2
202100036268,2021-06-05 17:50:00,2021,6,5,17,50,75,75111,AVENUE PHILIPPE AUGUSTE,48.852828,2.393164,Plein jour,En agglomération,Hors intersection,Normale,Deux véhicules - côté,4,2,2,0,1,1,1,0,1,50,,2,1,0,0,1,49.0,26.0,,,1,2,1,1,3
202100036269,2021-06-05 17:30:00,2021,6,5,17,30,75,75108,COURS ALBERT 1ER,48.864578,2.306878,Plein jour,En agglomération,Intersection en Y,Normale,Sans collision,4,3,2,1,1,1,1,0,5,50,,1,0,0,0,1,21.0,,,,1,2,4,1,7
202100036270,2021-06-05 14:20:00,2021,6,5,14,20,94,94078,BELLE PLACE (R DE),48.72179,2.44651,Plein jour,En agglomération,Hors intersection,Normale,Sans collision,4,2,2,0,1,1,1,0,1,30,,1,0,0,0,1,12.0,,,,1,2,1,1,7
202100036271,2021-06-05 04:00:00,2021,6,5,4,0,94,94003,Avenue Paul Vaillant-Couturier,48.79832,2.34683,Nuit avec éclairage allumé,En agglomération,Hors intersection,Normale,Autre collision,3,2,2,0,2,1,1,0,4,50,,2,0,0,1,1,21.0,,,,5,2,1,1,6
202100036272,2021-06-05 17:15:00,2021,6,5,17,15,94,94081,IVRY (R D),48.80164,2.40222,Plein jour,En agglomération,Hors intersection,Normale,Deux véhicules - frontale,3,1,1,0,1,1,1,0,1,50,,2,1,0,0,1,,,,,1,2,1,1,1
202100036273,2021-06-05 18:00:00,2021,6,5,18,0,94,94065,Route nationale 186,48.75337,2.36109,Plein jour,Hors agglomération,Hors intersection,Normale,Autre collision,2,3,2,0,1,1,1,0,1,70,,3,2,0,0,1,,27.0,,,1,1,1,1,6
202100036274,2021-06-05 14:30:00,2021,6,5,14,30,94,94033,NEUILLY (AV DE),48.84734,2.48502,Plein jour,En agglomération,Intersection en X,Normale,Deux véhicules - côté,3,-1,2,0,2,1,1,0,1,50,,3,0,0,0,3,21.0,54.0,,,1,2,2,1,3
202100036275,2021-06-05 20:30:00,2021,6,5,20,30,94,94011,BOISSY.(AVENUE DE),48.76633,2.48985,Plein jour,En agglomération,Hors intersection,Normale,Deux véhicules - arrière,3,3,5,0,1,1,1,5,1,50,,2,1,0,0,1,25.0,32.0,,,1,2,1,1,2
202100036276,2021-05-25 11:10:00,2021,5,25,11,10,94,94041,JEAN COMPAGNON (QU),48.81994,2.39723,Plein jour,En agglomération,Intersection en X,Temps éblouissant,Deux véhicules - côté,3,4,8,0,3,1,1,5,1,50,,2,1,0,0,1,38.0,32.0,,,1,2,2,7,3
202100036277,2021-06-05 13:50:00,2021,6,5,13,50,94,94048,Route Nationale 19,48.7275296527,2.5413179398,Plein jour,Hors agglomération,Hors intersection,Normale,Trois véhicules et plus - en chaîne,2,2,2,0,2,1,1,0,1,80,,3,2,0,0,1,24.0,28.0,,,1,1,1,1,4
202100036278,2021-05-27 16:50:00,2021,5,27,16,50,93,93070,ALBERT-DHALENNE (RUE),48.91741,2.329849,Plein jour,En agglomération,Hors intersection,Normale,Deux véhicules - frontale,3,1,2,0,1,1,1,9,8,50,,2,1,0,0,1,47.0,,,,1,2,1,1,1
202100036279,2021-06-04 17:00:00,2021,6,4,17,0,93,93066,Rue Ambroise Croizat,48.9324169904,2.3489259542,Nuit avec éclairage allumé,En agglomération,Autre intersection,Pluie légère,Deux véhicules - arrière,3,2,2,0,2,1,2,1,1,50,,2,1,0,0,1,48.0,29.0,,,5,2,9,2,2
202100036280,2021-06-04 11:52:00,2021,6,4,11,52,93,93050,Avenue Paul Verlaine / Rue René Char,48.868125,2.547909,Plein jour,En agglomération,Intersection en X,Temps couvert,Deux véhicules - côté,4,1,0,0,1,1,1,0,1,50,,3,1,0,0,2,44.0,34.0,,,1,2,2,8,3
202100036281,2021-06-05 17:50:00,2021,6,5,17,50,93,93048,Avenue Jean Moulin,48.85847,2.44913,Plein jour,En agglomération,Hors intersection,Normale,Autre collision,3,2,2,0,1,1,1,6,4,10,,2,0,0,1,1,15.0,,,,1,2,1,1,6
202100036282,2021-06-05 15:40:00,2021,6,5,15,40,93,93029,Avenue Henri Barbusse,48.92015,2.45205,Plein jour,En agglomération,Hors intersection,Normale,Deux véhicules - côté,4,2,2,0,1,1,1,0,1,50,,2,1,0,0,1,43.0,26.0,,,1,2,1,1,3
202100036283,2021-06-04 05:45:00,2021,6,4,5,45,93,93057,BRIAND ( AV. ARISTIDE) 1 A29,48.9078921557,2.4938317537,Crépuscule ou aube,En agglomération,Hors intersection,Pluie légère,Deux véhicules - arrière,3,3,4,0,1,1,2,0,1,50,,2,1,0,0,1,26.0,35.0,,,2,2,1,2,2
202100036284,2021-06-02 12:40:00,2021,6,2,12,40,92,92062,REPUBLIQUE (RUE DE LA) DU 157 AU 175,48.8840770148,2.2317031515,Plein jour,En agglomération,Hors intersection,Normale,Autre collision,4,2,2,0,2,1,1,0,1,50,,2,1,0,0,1,67.0,,,,1,2,1,1,6
202100036285,2021-06-05 22:05:00,2021,6,5,22,5,92,92044,VIC. HUGO(RUE)001A067 ET002A078,48.893636711,2.2993470648,Nuit avec éclairage allumé,En agglomération,Hors intersection,Normale,Deux véhicules - côté,3,2,3,0,1,1,1,0,1,50,,2,1,0,0,1,,50.0,,,5,2,1,1,3
202100036286,2021-06-05 10:40:00,2021,6,5,10,40,92,92025,VALMY (BD DE),48.9276470749,2.2536998435,Plein jour,En agglomération,Intersection en X,Normale,Autre collision,3,2,3,0,1,1,1,0,1,50,,2,0,0,0,2,22.0,,,,1,2,2,1,6
202100036287,2021-06-05 11:15:00,2021,6,5,11,15,92,92071,HOUDAN (RUE),48.7774649521,2.2946995497,Plein jour,En agglomération,Hors intersection,Normale,Autre collision,3,1,1,0,1,1,1,0,1,30,,2,1,0,0,1,50.0,,,,1,2,1,1,6
202100036288,2021-06-05 13:30:00,2021,6,5,13,30,92,92012,QUATRE SEPTEMBRE (QUAI DU),48.8528461552,2.2263903916,Plein jour,En agglomération,Intersection en T,Normale,Autre collision,3,2,3,0,1,1,1,5,1,50,,1,0,0,0,1,39.0,,,,1,2,3,1,6
202100036289,2021-06-06 20:00:00,2021,6,6,20,0,08,08402,Rue des tui peries,49.577577,4.48957,Plein jour,En agglomération,Intersection en X,Normale,Deux véhicules - côté,3,3,2,0,1,1,1,0,1,50,,2,1,0,0,1,16.0,60.0,,,1,2,2,1,3
202100036290,2021-06-06 13:10:00,2021,6,6,13,10,66,66190,autoroute A9 PK 228+700 sens Perpignan- Narbonne,42.867283,2.98193,Plein jour,Hors agglomération,Hors intersection,Normale,Deux véhicules - arrière,1,1,3,0,2,1,1,0,1,130,,4,2,0,0,2,50.0,25.0,,,1,1,1,1,2
202100036291,2021-06-05 17:30:00,2021,6,5,17,30,43,43022,Près de l'Aérodrome,45.3206257098,3.3641123772,Plein jour,Hors agglomération,Hors intersection,Temps couvert,Sans collision,4,-1,2,0,1,1,3,0,8,50,,4,0,0,2,2,29.0,,,,1,1,1,8,7
202100036292,2021-06-06 08:40:00,2021,6,6,8,40,988,98812,Rue Louise Maignan,-20.565497,164.280667,Plein jour,En agglomération,Autre intersection,Normale,Autre collision,4,2,2,0,3,2,1,0,3,30,,2,1,0,1,0,22.0,,,,1,2,9,1,6
202100036293,2021-06-05 15:50:00,2021,6,5,15,50,21,21263,A31 - PK 031.500,47.24688,5.064665,Plein jour,Hors agglomération,Hors intersection,Normale,Autre collision,1,3,4,0,1,1,1,0,3,130,,3,0,1,1,1,61.0,,,,1,1,1,1,6
202100036294,2021-06-05 11:20:00,2021,6,5,11,20,81,81281,D51,43.5912750246,2.1345729097,Plein jour,Hors agglomération,Hors intersection,Normale,Autre collision,3,2,2,0,1,1,1,0,3,80,,1,0,0,1,0,80.0,,,,1,1,1,1,6
202100036295,2021-06-05 11:35:00,2021,6,5,11,35,974,97412,Rue Leon Dehaulme,-21.377688,55.606431,Plein jour,En agglomération,Hors intersection,Normale,Autre collision,9,2,1,0,2,1,1,0,1,50,,2,1,0,0,1,49.0,,,,1,2,1,1,6
202100036296,2021-06-06 05:40:00,2021,6,6,5,40,972,97212,Croix Odilon,14.696705,-60.985504,Crépuscule ou aube,En agglomération,Intersection en X,Pluie légère,Autre collision,4,2,2,0,1,2,1,0,3,70,,1,0,0,0,1,33.0,,,,2,2,2,2,6
202100036297,2021-06-06 05:00:00,2021,6,6,5,0,972,97217,Habitation la Duprey,14.466394,-60.883554,Crépuscule ou aube,Hors agglomération,Hors intersection,Normale,Autre collision,2,2,2,0,1,1,1,0,1,50,,3,2,1,0,0,24.0,,,,2,1,1,1,6
202100036298,2021-06-05 21:40:00,2021,6,5,21,40,35,35066,RN137,48.043716,-1.684746,Plein jour,Hors agglomération,Autre intersection,Normale,Deux véhicules - côté,2,3,4,0,1,1,1,3,1,110,,3,1,0,0,2,46.0,21.0,,,1,1,9,1,3