accident_id,datetime,annee,mois,jour,heure,minute,departement,commune_insee,adresse,latitude,longitude,luminosite,agglomeration,intersection,meteo,collision,catr,circ,nbv,vosp,prof,plan,surf,infra,situ,vma,nb_vehicules,nb_usagers,nb_indemnes,nb_tues,nb_blesses_hosp,nb_blesses_legers,age_cond_1,age_cond_2,veh_type_cond_1,veh_type_cond_2,lum_code,agg_code,int_code,atm_code,col_code
202100036299,2021-06-06 09:45:00,2021,6,6,9,45,06,06130,30 Avenue Gaston de Fontmichel,43.695942,6.853195,Plein jour,En agglomération,Hors intersection,Normale,Deux véhicules - frontale,3,2,2,0,1,1,1,0,1,50,,2,0,0,1,1,30.0,47.0,,,1,2,1,1,1
202100036300,2021-06-05 15:21:00,2021,6,5,15,21,79,79163,Rue des Anciens Artisans,46.15359,0.082242,Plein jour,En agglomération,Intersection en T,Normale,Deux véhicules - côté,3,2,2,0,1,3,1,5,1,30,,2,1,0,1,0,30.0,16.0,,,1,2,3,1,3
202100036301,2021-06-05 18:45:00,2021,6,5,18,45,59,59641,Route de la Colme,50.9861093775,2.4748967728,Plein jour,Hors agglomération,Autre intersection,Normale,Autre collision,3,2,2,0,1,3,1,2,8,80,,2,1,0,1,0,21.0,,,,1,1,9,1,6
202100036302,2021-06-06 06:20:00,2021,6,6,6,20,30,30209,D6580,43.990746,4.744313,Crépuscule ou aube,Hors agglomération,Hors intersection,Normale,Deux véhicules - frontale,3,2,2,2,1,1,1,0,1,80,,3,0,0,3,0,44.0,35.0,,,2,1,1,1,1
202100036303,2021-06-06 16:40:00,2021,6,6,16,40,87,87152,senelas,45.979067,1.225367,Plein jour,Hors agglomération,Hors intersection,Temps éblouissant,Autre collision,3,2,2,0,2,1,1,0,1,80,,5,0,1,0,4,18.0,,,,1,1,1,7,6
202100036304,2021-06-05 17:30:00,2021,6,5,17,30,62,62490,D339,50.295865,2.582688,Plein jour,Hors agglomération,Hors intersection,Normale,Deux véhicules - côté,3,2,2,0,1,1,1,0,1,80,,2,1,0,0,1,25.0,54.0,,,1,1,1,1,3
202100036305,2021-05-09 18:55:00,2021,5,9,18,55,56,56178,Rue Albert de Mun,48.047046,-2.958487,Plein jour,En agglomération,Hors intersection,Normale,Sans collision,4,2,2,0,1,1,1,0,4,70,,1,0,0,1,0,21.0,,,,1,2,1,1,7
202100036306,2021-05-13 09:25:00,2021,5,13,9,25,56,56027,Maigris,47.923151,-2.6760186,Plein jour,Hors agglomération,Intersection en X,Normale,Trois véhicules et plus - collisions multiples,3,2,2,0,1,1,1,0,1,80,,3,1,0,0,2,83.0,83.0,,,1,1,2,1,5
202100036307,2021-06-05 21:25:00,2021,6,5,21,25,56,56252,22 Rue du Pont Neuf,47.533156,-2.6600346,Crépuscule ou aube,Hors agglomération,Hors intersection,Normale,Deux véhicules - frontale,4,2,2,0,1,3,1,0,1,80,,2,1,0,1,0,18.0,49.0,,,2,1,1,1,1
202100036308,2021-06-06 18:25:00,2021,6,6,18,25,79,79079,,46.937261,-0.747623,Plein jour,Hors agglomération,Hors intersection,Normale,Deux véhicules - arrière,2,3,4,0,1,1,1,0,1,110,,4,1,0,1,2,18.0,30.0,,,1,1,1,1,2
202100036309,2021-06-06 18:40:00,2021,6,6,18,40,2B,2B050,route départementale 81B,42.561805,8.734903,Plein jour,Hors agglomération,Hors intersection,Normale,Autre collision,3,2,2,0,1,3,1,0,1,70,,1,0,0,1,0,77.0,,,,1,1,1,1,6
202100036310,2021-06-01 17:00:00,2021,6,1,17,0,65,65396,Place du Trey,42.980308,-0.091013,Plein jour,En agglomération,Intersection en T,Normale,Autre collision,3,2,2,0,1,1,1,5,1,30,,1,0,0,1,0,70.0,,,,1,2,3,1,6
202100036311,2021-06-06 01:20:00,2021,6,6,1,20,81,81204,D612 PK032+700,43.560639,2.324064,Nuit sans éclairage public,Hors agglomération,Hors intersection,Normale,Autre collision,3,-1,3,0,2,4,1,0,3,80,,2,0,0,1,1,23.0,,,,3,1,1,1,6
202100036312,2021-06-06 17:30:00,2021,6,6,17,30,89,89086,"Départementale 64, lieu-dit ""REUILLEBEAU"" - MARCHAIS BETON",47.829666,3.035831,Plein jour,Hors agglomération,Hors intersection,Normale,Deux véhicules - frontale,3,2,2,0,3,1,1,0,1,80,,3,0,0,3,0,32.0,26.0,,,1,1,1,1,1
202100036313,2021-06-06 12:30:00,2021,6,6,12,30,89,89221,Foret,47.686929,3.351839,Plein jour,Hors agglomération,Hors intersection,Temps couvert,Autre collision,4,2,2,0,1,2,1,0,3,80,,1,0,1,0,0,39.0,,,,1,1,1,8,6
202100036314,2021-06-04 17:30:00,2021,6,4,17,30,55,55434,D74,48.607149,5.701818,Plein jour,Hors agglomération,Hors intersection,Normale,Sans collision,3,2,2,0,2,1,2,0,1,80,,1,0,0,0,1,19.0,,,,1,1,1,1,7
202100036315,2021-06-05 09:30:00,2021,6,5,9,30,68,68002,D14b,47.600289,7.10146,Plein jour,Hors agglomération,Hors intersection,Pluie légère,Autre collision,3,2,2,0,3,1,2,0,3,80,,1,0,0,1,0,20.0,,,,1,1,1,2,6
202100036316,2021-06-06 10:50:00,2021,6,6,10,50,35,35259,Ste Anne,48.602661,-1.664976,Plein jour,Hors agglomération,Hors intersection,Temps éblouissant,Deux véhicules - côté,4,2,2,0,1,1,1,0,1,80,,2,1,0,0,1,52.0,53.0,,,1,1,1,7,3
202100036317,2021-06-05 00:15:00,2021,6,5,0,15,29,29114,Lieu Dit Toulquelen,48.499005,-3.659788,Nuit sans éclairage public,Hors agglomération,Intersection en Y,Normale,Autre collision,4,2,2,0,1,3,1,0,8,80,,3,0,0,3,0,26.0,,,,3,1,4,1,6
202100036318,2021-06-06 04:20:00,2021,6,6,4,20,38,38099,Chemin de Saint Appolinard,45.183595,5.279263,Nuit sans éclairage public,Hors agglomération,Hors intersection,Normale,Autre collision,4,2,1,0,2,3,2,0,8,80,,1,0,0,1,0,52.0,,,,3,1,1,1,6
202100036319,2021-06-06 07:35:00,2021,6,6,7,35,26,26365,165 Route de Chabeuil,44.75417,5.015945,Plein jour,Hors agglomération,Hors intersection,Normale,Autre collision,3,2,2,0,1,1,1,0,3,80,,1,0,0,0,1,22.0,,,,1,1,1,1,6
202100036320,2021-06-06 14:30:00,2021,6,6,14,30,54,54166,D28,49.008741,5.865905,Plein jour,Hors agglomération,Hors intersection,Normale,Sans collision,3,2,2,0,2,2,1,0,1,-1,,3,1,0,1,1,39.0,,,,1,1,1,1,7
202100036321,2021-06-06 16:15:00,2021,6,6,16,15,72,72024,route des forges,48.094104,0.185351,Plein jour,Hors agglomération,Hors intersection,Normale,Deux véhicules - côté,4,2,2,0,1,1,1,0,1,80,,3,1,0,2,0,16.0,24.0,,,1,1,1,1,3
202100036322,2021-06-06 13:00:00,2021,6,6,13,0,72,72145,LES CHATAIGNIERS,48.1943337048,-0.1375865938,Plein jour,Hors agglomération,Hors intersection,Normale,Sans collision,3,2,2,0,3,2,1,0,3,90,,1,0,1,0,0,25.0,,,,1,1,1,1,7
202100036323,2021-06-06 13:00:00,2021,6,6,13,0,72,72118,Le Gue Chartier,48.061339,0.557658,Plein jour,Hors agglomération,Hors intersection,Temps éblouissant,Deux véhicules - frontale,3,2,2,0,1,1,1,0,1,90,,2,0,0,1,1,27.0,55.0,,,1,1,1,7,1
202100036324,2021-06-05 18:50:00,2021,6,5,18,50,06,06059,1990 Avenue Raymond Poincaré,43.722106,7.379014,Plein jour,Hors agglomération,Hors intersection,Normale,Deux véhicules - frontale,7,2,2,0,1,4,1,0,1,70,,3,1,0,0,2,31.0,27.0,,,1,1,1,1,1
202100036325,2021-06-06 10:00:00,2021,6,6,10,0,06,06041,Route de Grasse,43.770071,6.972027,Plein jour,Hors agglomération,Hors intersection,Normale,Autre collision,3,2,2,0,2,1,1,0,1,80,,1,0,0,1,0,30.0,,,,1,1,1,1,6
202100036326,2021-06-06 18:15:00,2021,6,6,18,15,14,14203,D400,49.230546,-0.086351,Plein jour,Hors agglomération,Intersection en Y,Normale,Deux véhicules - côté,1,2,2,-1,1,3,1,0,1,-1,,5,4,0,1,0,45.0,22.0,,,1,1,4,1,3
202100036327,2021-06-06 17:50:00,2021,6,6,17,50,60,60030,D927,49.3653283514,2.1062993673,Plein jour,Hors agglomération,Hors intersection,Normale,Deux véhicules - arrière,3,2,2,0,2,1,1,0,1,80,,3,0,1,0,2,25.0,58.0,,,1,1,1,1,2
202100036328,2021-06-06 11:30:00,2021,6,6,11,30,73,73059,D991 - 7 Bd Gaston Mollex,45.7184609117,5.8865424016,Plein jour,En agglomération,Intersection en T,Normale,Autre collision,3,2,2,2,1,1,1,-1,3,50,,1,0,0,1,0,55.0,,,,1,2,3,1,6
202100036329,2021-06-06 12:20:00,2021,6,6,12,20,53,53086,La Triquelière,48.193292,-1.030338,Plein jour,Hors agglomération,Hors intersection,Normale,Trois véhicules et plus - collisions multiples,3,2,2,0,1,1,1,0,1,80,,5,4,0,1,0,26.0,28.0,,,1,1,1,1,5
202100036330,2021-06-04 14:50:00,2021,6,4,14,50,53,53016,Le Bois Mabon,48.24939,-0.380627,Plein jour,Hors agglomération,Hors intersection,Normale,Sans collision,4,2,2,0,2,2,1,0,8,80,,1,0,0,1,0,18.0,,,,1,1,1,1,7
202100036331,2021-05-22 18:15:00,2021,5,22,18,15,24,24571,D42e2,45.022522,0.73132,Plein jour,Hors agglomération,Hors intersection,Pluie légère,Sans collision,3,2,2,0,2,2,2,0,3,80,,1,0,0,1,0,32.0,,,,1,1,1,2,7
202100036332,2021-06-06 00:45:00,2021,6,6,0,45,48,48017,PRATNAU,44.4383,3.165967,Nuit sans éclairage public,Hors agglomération,Hors intersection,Normale,Autre collision,3,2,2,0,1,1,1,0,1,70,,1,0,1,0,0,43.0,,,,3,1,1,1,6
202100036333,2021-06-06 14:55:00,2021,6,6,14,55,48,48086,D906,44.627603,3.892164,Plein jour,Hors agglomération,Hors intersection,Normale,Sans collision,3,2,2,0,1,3,1,0,3,80,,1,0,0,1,0,26.0,,,,1,1,1,1,7
202100036334,2021-06-06 14:10:00,2021,6,6,14,10,27,27694,A13 pk 76.800 vers Rouen,49.0995283041,1.3538505505,Plein jour,Hors agglomération,Hors intersection,Normale,Autre collision,1,1,5,0,1,1,1,0,1,130,,2,1,0,0,1,47.0,24.0,,,1,1,1,1,6
202100036335,2021-06-05 21:30:00,2021,6,5,21,30,77,77168,Autoroute A6 - PK 87+800 de Lyon à Paris,48.177133,2.850094,Crépuscule ou aube,Hors agglomération,Hors intersection,Normale,Deux véhicules - arrière,1,3,2,0,1,1,1,0,1,130,,3,1,0,2,0,26.0,88.0,,,2,1,1,1,2
202100036336,2021-05-31 10:20:00,2021,5,31,10,20,77,77435,A6,48.496495,2.513004,Plein jour,Hors agglomération,Hors intersection,Normale,Autre collision,1,3,5,0,1,1,1,0,1,130,,2,1,0,1,0,62.0,,,,1,1,1,1,6
202100036337,2021-06-05 21:00:00,2021,6,5,21,0,971,97131,Route de Bois Joli,15.862531,-61.594301,Nuit sans éclairage public,Hors agglomération,Hors intersection,Normale,Sans collision,3,2,2,0,2,1,1,0,3,30,,2,0,0,1,1,23.0,,,,3,1,1,1,7
202100036338,2021-06-05 20:30:00,2021,6,5,20,30,45,45278,34 Rue du District,47.820816,2.838534,Plein jour,En agglomération,Hors intersection,Normale,Autre collision,4,2,2,0,1,1,1,0,1,50,,2,1,0,1,0,49.0,,,,1,2,1,1,6
202100036339,2021-06-06 07:30:00,2021,6,6,7,30,77,77229,Route de Meaux,48.756097,2.865093,Plein jour,En agglomération,Hors intersection,Normale,Autre collision,3,2,2,0,1,1,1,0,3,50,,1,0,0,0,1,31.0,,,,1,2,1,1,6
202100036340,2021-06-05 08:30:00,2021,6,5,8,30,34,34017,d613,43.474762,3.446016,Plein jour,Hors agglomération,Hors intersection,Normale,Autre collision,3,2,1,0,2,1,1,2,8,80,,1,0,0,1,0,67.0,,,,1,1,1,1,6
202100036341,2021-06-05 18:00:00,2021,6,5,18,0,84,84118,Col de la Liguière (Col de montagne),43.992189,5.389202,Plein jour,Hors agglomération,Hors intersection,Temps éblouissant,Sans collision,3,2,2,0,2,3,9,0,1,80,,1,0,0,0,1,18.0,,,,1,1,1,7,7
202100036342,2021-06-05 12:45:00,2021,6,5,12,45,06,06058,D6085,43.726232,6.81761,Plein jour,Hors agglomération,Hors intersection,Normale,Deux véhicules - côté,3,2,2,0,2,1,1,0,1,80,,4,3,0,0,1,50.0,48.0,,,1,1,1,1,3
202100036343,2021-06-05 08:10:00,2021,6,5,8,10,57,57654,D603,49.115941,6.363509,Plein jour,Hors agglomération,Intersection en Y,Pluie légère,Deux véhicules - côté,3,-1,2,0,2,2,2,5,1,70,,2,1,0,1,0,78.0,41.0,,,1,1,4,2,3
202100036344,2021-06-06 10:55:00,2021,6,6,10,55,73,73132,D218b,45.742996,6.570876,Plein jour,Hors agglomération,Hors intersection,Normale,Autre collision,3,2,2,0,2,4,1,2,1,80,,1,0,0,1,0,35.0,,,,1,1,1,1,6
202100036345,2021-06-05 21:45:00,2021,6,5,21,45,26,26235,57 Av Mal de Lattre de Tassigny,44.386619,4.698267,Crépuscule ou aube,En agglomération,Hors intersection,Normale,Deux véhicules - frontale,3,2,2,0,1,1,1,0,1,50,,3,1,0,2,0,35.0,30.0,,,2,2,1,1,1
202100036346,2021-06-05 16:20:00,2021,6,5,16,20,26,26235,15 Allee Alfred Jarry,44.389237,4.699574,Plein jour,Hors agglomération,Hors intersection,Normale,Deux véhicules - côté,2,2,3,0,1,1,1,0,1,80,,3,1,0,2,0,55.0,71.0,,,1,1,1,1,3
202100036347,2021-06-05 17:35:00,2021,6,5,17,35,69,69174,LE CHARPENAY,45.9269595808,4.3786928058,Plein jour,En agglomération,Hors intersection,Brouillard / fumée,Deux véhicules - frontale,3,2,2,0,1,3,1,0,1,50,,2,1,0,1,0,70.0,62.0,,,1,2,1,5,1
202100036348,2021-06-05 13:30:00,2021,6,5,13,30,17,17354,Route départementale 137,45.618465,-0.566075,Plein jour,Hors agglomération,Hors intersection,Normale,Deux véhicules - frontale,3,2,2,0,2,1,1,0,1,90,,2,0,0,1,1,23.0,33.0,,,1,1,1,1,1
202100036349,2021-06-06 15:20:00,2021,6,6,15,20,60,60330,RD 125,49.274917,2.172847,Plein jour,Hors agglomération,Hors intersection,Normale,Sans collision,3,2,2,0,2,3,1,0,1,50,,1,0,0,0,1,19.0,,,,1,1,1,1,7
202100036350,2021-06-06 12:15:00,2021,6,6,12,15,60,60395,Rue Aristide Briand,49.226843,2.131755,Plein jour,En agglomération,Giratoire,Normale,Deux véhicules - arrière,3,2,2,0,1,1,1,5,1,50,,5,2,0,0,3,26.0,68.0,,,1,2,6,1,2
202100036351,2021-06-04 13:05:00,2021,6,4,13,5,13,13215,A7-Sens Lyon vers Marseille,43.34753,5.37147,Plein jour,Hors agglomération,Hors intersection,Normale,Trois véhicules et plus - en chaîne,1,3,6,0,1,1,1,0,1,90,,4,3,0,0,1,57.0,29.0,,,1,1,1,1,4
202100036352,2021-06-01 10:30:00,2021,6,1,10,30,13,13215,A7-Sens Lyon vers Marseille,43.3746875122,5.3606715202,Plein jour,Hors agglomération,Hors intersection,Normale,Deux véhicules - arrière,1,-1,1,0,3,1,1,0,1,50,,2,1,0,0,1,23.0,37.0,,,1,1,1,1,2
202100036353,2021-06-04 21:29:00,2021,6,4,21,29,69,69288,A43   13.029 A 15.971,45.67442,5.03685,Nuit sans éclairage public,Hors agglomération,Hors intersection,Pluie légère,Trois véhicules et plus - en chaîne,1,3,4,0,1,1,2,0,1,110,,3,1,0,1,1,30.0,52.0,,,3,1,1,2,4
202100036354,2021-06-05 09:48:00,2021,6,5,9,48,33,33063,ROCADE A 630,44.88482,-0.5619,Plein jour,Hors agglomération,Hors intersection,Normale,Autre collision,1,3,7,0,1,1,1,3,1,30,,1,0,0,1,0,39.0,,,,1,1,1,1,6
202100036355,2021-06-04 23:30:00,2021,6,4,23,30,95,95491,A115,49.00436,2.24558,Nuit sans éclairage public,Hors agglomération,Hors intersection,Normale,Deux véhicules - arrière,1,3,5,0,1,3,1,0,1,90,,4,1,0,0,3,23.0,,,,3,1,1,1,2
202100036356,2021-06-05 16:20:00,2021,6,5,16,20,94,94069,A4,48.81721,2.42956,Plein jour,Hors agglomération,Hors intersection,Normale,Deux véhicules - côté,1,3,5,0,1,1,1,0,1,90,,3,2,0,0,1,58.0,50.0,,,1,1,1,1,3
202100036357,2021-06-05 10:00:00,2021,6,5,10,0,77,77373,RN104,48.7953,2.6211,Plein jour,Hors agglomération,Hors intersection,Normale,Deux véhicules - arrière,2,3,4,0,1,1,1,0,1,90,,2,1,0,0,1,32.0,31.0,,,1,1,1,1,2
202100036358,2021-06-04 02:30:00,2021,6,4,2,30,77,77450,A104,48.7086933165,2.5988263093,Nuit sans éclairage public,Hors agglomération,Hors intersection,Normale,Deux véhicules - arrière,2,3,4,0,2,1,1,0,1,90,,2,0,0,0,2,33.0,30.0,,,3,1,1,1,2
202100036359,2021-06-03 16:28:00,2021,6,3,16,28,77,77459,Route Départementale 619,48.53880419,3.35070864,Plein jour,En agglomération,Intersection en T,Normale,Autre collision,3,2,2,0,1,1,1,5,1,50,,2,1,0,1,0,56.0,,,,1,2,3,1,6
202100036360,2021-06-04 17:30:00,2021,6,4,17,30,54,54547,ARC (AVENUE JEANNE D'),48.6591,6.18109,Plein jour,En agglomération,Hors intersection,Normale,Autre collision,4,1,2,0,1,1,1,0,1,50,,3,2,0,0,1,40.0,,,,1,2,1,1,6
202100036361,2021-06-03 18:55:00,2021,6,3,18,55,988,98818,VOIE DE DEGAGEMENT EST,-22.27902,166.4625,Nuit avec éclairage allumé,En agglomération,Intersection à plus de 4 branches,Normale,Autre collision,4,2,2,0,1,1,1,5,1,50,,2,1,0,1,0,45.0,,,,5,2,5,1,6
202100036362,2021-06-02 11:00:00,2021,6,2,11,0,974,97416,CD 29,-21.33654,55.5201,Plein jour,Hors agglomération,Hors intersection,Normale,Deux véhicules - frontale,3,2,2,0,2,1,1,0,1,50,,3,2,0,0,1,34.0,67.0,,,1,1,1,1,1
202100036363,2021-06-04 08:30:00,2021,6,4,8,30,974,97416,LORION(RUE LUC),-21.3341,55.47113,Plein jour,En agglomération,Hors intersection,Normale,Deux véhicules - frontale,4,1,2,0,2,1,1,6,1,30,,3,1,0,2,0,36.0,,,,1,2,1,1,1
202100036364,2021-06-04 17:46:00,2021,6,4,17,46,974,97411,MACE (ROUTE GABRIEL),-20.91409,55.49609,Crépuscule ou aube,En agglomération,Hors intersection,Normale,Deux véhicules - frontale,4,2,2,0,2,1,1,0,1,50,,5,3,0,1,1,64.0,,,,2,2,1,1,1
202100036365,2021-06-03 17:30:00,2021,6,3,17,30,974,97411,LECONTE DE LISLE (AVENUE),-20.89547,55.4891,Crépuscule ou aube,En agglomération,Hors intersection,Normale,Deux véhicules - frontale,4,2,2,0,1,1,1,9,1,30,,3,1,0,1,1,64.0,,,,2,2,1,1,1
202100036366,2021-06-04 17:45:00,2021,6,4,17,45,973,97309,CABASSOU (ROUTE DE),4.91459,-52.30992,Plein jour,Hors agglomération,Hors intersection,Normale,Sans collision,3,2,2,0,1,1,1,0,8,50,,2,0,0,2,0,48.0,,,,1,1,1,1,7
202100036367,2021-06-04 22:32:00,2021,6,4,22,32,69,69259,OSCHATZ (D') (AV),45.69416,4.87908,Nuit sans éclairage public,En agglomération,Hors intersection,Pluie légère,Deux véhicules - arrière,4,3,2,2,2,1,2,0,1,50,,2,0,0,0,2,35.0,22.0,,,3,2,1,2,2
202100036368,2021-06-04 22:00:00,2021,6,4,22,0,69,69388,CHALLEMEL LACOUR (R),45.72938,4.85057,Nuit avec éclairage allumé,En agglomération,Passage à niveau,Pluie légère,Deux véhicules - côté,4,2,2,3,1,1,2,4,6,50,,2,1,0,1,0,64.0,41.0,,,5,2,8,2,3
202100036369,2021-06-04 20:00:00,2021,6,4,20,0,69,69199,EMILE ZOLA (R),45.7105846164,4.8569172621,Plein jour,En agglomération,Hors intersection,Normale,Autre collision,4,1,1,0,1,1,1,0,1,50,,2,1,0,0,1,,,,,1,2,1,1,6
202100036370,2021-06-04 19:35:00,2021,6,4,19,35,69,69383,FREDERIC MISTRAL (R),45.75726,4.87638,Plein jour,En agglomération,Hors intersection,Normale,Deux véhicules - côté,4,2,2,2,1,1,1,0,4,50,,2,1,0,0,1,61.0,31.0,,,1,2,1,1,3
202100036371,2021-06-04 18:00:00,2021,6,4,18,0,69,69383,FELIX FAURE (AV),45.75571,4.87608,Plein jour,En agglomération,Intersection en X,Normale,Autre collision,4,2,4,3,1,1,1,0,1,50,,2,1,0,0,1,19.0,,,,1,2,2,1,6
202100036372,2021-06-04 18:15:00,2021,6,4,18,15,69,69389,25EME REGIMENT DE TIRAILLEURS SENEGA(AV),45.7859278469,4.8038258514,Plein jour,Hors agglomération,Hors intersection,Normale,Deux véhicules - côté,7,1,2,3,4,1,1,0,1,50,,2,1,0,0,1,21.0,34.0,,,1,1,1,1,3
202100036373,2021-06-04 08:10:00,2021,6,4,8,10,69,69382,GRENETTE (R),45.7633,4.8327,Plein jour,En agglomération,Hors intersection,Normale,Autre collision,4,1,2,0,1,1,1,0,1,50,,2,1,0,0,1,54.0,,,,1,2,1,1,6
202100036374,2021-06-04 12:55:00,2021,6,4,12,55,2B,2B037,TOUTES RUES,42.63643,9.43855,Plein jour,Hors agglomération,Hors intersection,Normale,Deux véhicules - arrière,2,-1,4,0,1,1,1,0,1,90,,2,1,0,0,1,22.0,57.0,,,1,1,1,1,2
202100036375,2021-06-03 08:10:00,2021,6,3,8,10,91,91103,AV SALVADOR ALLENDE,48.6156,2.3052,Plein jour,En agglomération,Intersection en T,Normale,Deux véhicules - côté,4,2,0,0,1,1,1,0,1,50,,3,1,0,0,2,22.0,35.0,,,1,2,3,1,3
202100036376,2021-06-04 07:45:00,2021,6,4,7,45,91,91421,NATIONALE 6 (GLACIERE),48.70374,2.44378,Plein jour,Hors agglomération,Hors intersection,Pluie forte,Deux véhicules - arrière,2,3,4,0,1,1,4,0,1,90,,4,2,0,1,1,48.0,26.0,,,1,1,1,3,2
202100036377,2021-06-03 22:45:00,2021,6,3,22,45,91,91114,RUE DES GRES,48.69018,2.49788,Nuit avec éclairage allumé,En agglomération,Hors intersection,Normale,,4,1,1,0,1,3,1,0,1,30,,1,0,0,1,0,22.0,,,,5,2,1,1,-1
202100036378,2021-06-04 15:40:00,2021,6,4,15,40,91,91326,CHARLES GOUNOD (RUE),48.695914,2.375846,Plein jour,En agglomération,Hors intersection,Pluie légère,Autre collision,4,2,2,0,2,2,1,0,4,30,,1,0,0,0,1,51.0,,,,1,2,1,2,6
202100036379,2021-06-01 13:10:00,2021,6,1,13,10,91,91174,BD JOHN KENNEDY,48.57905,2.47645,Plein jour,En agglomération,Hors intersection,Normale,Deux véhicules - côté,3,-1,3,0,1,1,1,0,1,50,,2,1,0,0,1,23.0,31.0,,,1,2,1,1,3
202100036380,2021-06-04 13:40:00,2021,6,4,13,40,91,91223,GEOFFROY ST HILAIRE (AVENUE),48.43523,2.14775,Plein jour,En agglomération,Autre intersection,Temps couvert,Deux véhicules - côté,4,2,2,0,1,1,1,0,1,50,,2,1,0,0,1,23.0,18.0,,,1,2,9,8,3
202100036381,2021-06-04 10:30:00,2021,6,4,10,30,91,91469,D721,48.39002,2.1746,Plein jour,Hors agglomération,Hors intersection,Normale,Deux véhicules - côté,3,2,2,0,1,2,2,0,1,80,,2,0,0,0,2,22.0,39.0,,,1,1,1,1,3
202100036382,2021-06-04 13:04:00,2021,6,4,13,4,87,87085,ARMAND (AVE Z.A.C,45.86348,1.27312,Plein jour,En agglomération,Hors intersection,Pluie légère,Deux véhicules - frontale,4,2,2,0,1,1,2,0,1,50,,2,1,0,0,1,63.0,41.0,,,1,2,1,2,1
202100036383,2021-06-02 20:20:00,2021,6,2,20,20,87,87085,VANTEAUX (BOULEVARD DE),45.82357,1.2265,Plein jour,En agglomération,Hors intersection,Normale,Sans collision,3,3,4,0,2,1,1,0,1,50,,1,0,0,0,1,35.0,,,,1,2,1,1,7
202100036384,2021-04-13 19:00:00,2021,4,13,19,0,84,84007,PIERRE SEMARD (avenue),43.93933,4.82137,Crépuscule ou aube,En agglomération,Hors intersection,Normale,Deux véhicules - arrière,4,2,2,3,1,1,1,0,1,30,,2,0,0,2,0,29.0,48.0,,,2,2,1,1,2
202100036385,2021-06-04 15:10:00,2021,6,4,15,10,83,83144,POMPIDOU (AVE G.),43.1373907558,6.0087919235,Plein jour,En agglomération,Intersection en T,Normale,Deux véhicules - frontale,4,3,2,0,4,1,1,0,1,50,,2,1,0,0,1,60.0,25.0,,,1,2,3,1,1
202100036386,2021-06-03 19:30:00,2021,6,3,19,30,83,83069,ROUX SEIGNORET (RUE DU DOCTEUR),43.1213738374,6.1316975359,Plein jour,En agglomération,Hors intersection,Normale,Autre collision,4,2,2,0,1,1,1,0,1,50,,2,1,0,0,1,57.0,,,,1,2,1,1,6
202100036387,2021-06-03 17:39:00,2021,6,3,17,39,80,80131,FOUENCAMPS (CHEMIN DE),49.8322642551,2.4034262473,Plein jour,En agglomération,Hors intersection,Normale,Deux véhicules - frontale,3,2,2,0,1,1,1,0,1,50,,2,1,0,0,1,40.0,29.0,,,1,2,1,1,1
202100036388,2021-06-03 16:35:00,2021,6,3,16,35,80,80021,LUXEMBOURG (AVENUE DU),49.87042,2.28363,Plein jour,En agglomération,Hors intersection,Normale,Autre collision,4,1,1,0,4,1,1,0,1,30,,2,1,0,0,1,27.0,,,,1,2,1,1,6
202100036389,2021-05-31 17:59:00,2021,5,31,17,59,80,80489,RN 25,49.86943,2.37277,Plein jour,Hors agglomération,Hors intersection,Normale,Deux véhicules - arrière,2,2,6,0,1,1,1,0,1,110,,2,1,0,0,1,42.0,63.0,,,1,1,1,1,2
202100036390,2021-06-03 16:30:00,2021,6,3,16,30,77,77296,AV PHILIPPE BUR,48.6273979502,2.5913716047,Plein jour,En agglomération,Hors intersection,Normale,Autre collision,4,2,2,0,1,1,1,0,8,50,,2,1,0,0,1,58.0,,,,1,2,1,1,6
202100036391,2021-06-03 16:25:00,2021,6,3,16,25,77,77281,MONTESQUIOU (RUE),48.76778,3.03824,Plein jour,En agglomération,Hors intersection,Normale,Deux véhicules - frontale,3,2,2,0,2,1,1,0,1,50,,2,0,0,0,2,51.0,60.0,,,1,2,1,1,1
202100036392,2021-06-04 09:00:00,2021,6,4,9,0,76,76540,GAULLE. PLACE CHARLES DE,49.44337,1.09828,Plein jour,En agglomération,Hors intersection,Pluie légère,Autre collision,4,2,3,0,1,1,2,6,1,50,,2,1,0,0,1,35.0,,,,1,2,1,2,6
202100036393,2021-06-04 18:47:00,2021,6,4,18,47,72,72181,ANTARES (CARREFOUR D'),47.9545,0.22825,Plein jour,Hors agglomération,Hors intersection,Normale,Deux véhicules - arrière,3,2,2,0,1,1,1,0,1,90,,3,1,0,0,2,52.0,33.0,,,1,1,1,1,2
202100036394,2021-06-03 18:25:00,2021,6,3,18,25,72,72181,MAC JEAN (AV) N° PAIRS 308 ET plus,47.979017,0.234511,Plein jour,En agglomération,Hors intersection,Normale,Trois véhicules et plus - en chaîne,4,2,2,1,1,1,1,0,1,50,,3,1,0,0,2,19.0,46.0,,,1,2,1,1,4
202100036395,2021-06-02 17:35:00,2021,6,2,17,35,70,70388,RD457,47.61452,6.13304,Plein jour,Hors agglomération,Hors intersection,Normale,Trois véhicules et plus - collisions multiples,3,2,2,0,2,4,1,0,1,70,,6,4,0,1,1,41.0,29.0,,,1,1,1,1,5
202100036396,2021-06-04 08:00:00,2021,6,4,8,0,67,67218,LIXENBUHL (RUE),48.52954,7.72704,Plein jour,En agglomération,Intersection en T,Normale,Deux véhicules - frontale,4,2,2,3,1,1,1,5,1,50,,2,1,1,0,0,38.0,27.0,,,1,2,3,1,1