accident_id,datetime,annee,mois,jour,heure,minute,departement,commune_insee,adresse,latitude,longitude,luminosite,agglomeration,intersection,meteo,collision,catr,circ,nbv,vosp,prof,plan,surf,infra,situ,vma,nb_vehicules,nb_usagers,nb_indemnes,nb_tues,nb_blesses_hosp,nb_blesses_legers,age_cond_1,age_cond_2,veh_type_cond_1,veh_type_cond_2,lum_code,agg_code,int_code,atm_code,col_code
202100036397,2021-06-03 18:00:00,2021,6,3,18,0,67,67482,MONTAGNE VERTE (RUE DE LA),48.569928,7.727536,Plein jour,En agglomération,Hors intersection,Normale,Deux véhicules - côté,4,1,1,0,1,3,1,0,1,500,,2,1,0,0,1,39.0,,,,1,2,1,1,3
202100036398,2021-06-04 16:00:00,2021,6,4,16,0,65,65440,SOLAZUR (CITE),43.22855,0.05072,Plein jour,En agglomération,Hors intersection,Normale,Deux véhicules - frontale,4,2,2,0,1,1,1,0,1,50,,2,1,0,0,1,48.0,18.0,,,1,2,1,1,1
202100036399,2021-06-04 11:30:00,2021,6,4,11,30,64,64335,JEAN JAURES,43.316786,-0.430162,Plein jour,Hors agglomération,Hors intersection,Pluie légère,Deux véhicules - frontale,4,2,4,0,1,1,2,0,1,50,,2,0,0,0,2,29.0,59.0,,,1,1,1,2,1
202100036400,2021-06-03 08:25:00,2021,6,3,8,25,64,64445,TOURASSE,43.3089910458,-0.3430303931,Plein jour,En agglomération,Hors intersection,Temps couvert,Autre collision,4,2,2,0,1,1,1,0,1,30,,2,1,0,1,0,40.0,,,,1,2,1,8,6
202100036401,2021-06-04 17:50:00,2021,6,4,17,50,64,64125,BIARRITZ (AVENUE DE),43.4462392467,-1.5825502574,Plein jour,En agglomération,Hors intersection,Pluie forte,Sans collision,3,2,2,0,2,1,2,0,1,50,,1,0,0,0,1,38.0,,,,1,2,1,3,7
202100036402,2021-06-03 15:35:00,2021,6,3,15,35,64,64024,BAB (Boulevard),43.49334,-1.53041,Plein jour,En agglomération,Hors intersection,Normale,Trois véhicules et plus - en chaîne,4,2,4,0,1,1,1,0,1,50,,3,1,0,0,2,47.0,66.0,,,1,2,1,1,4
202100036403,2021-06-03 14:49:00,2021,6,3,14,49,63,63113,CLEMENTEL (BD ETIENNE),45.8167,3.10964,Plein jour,En agglomération,Hors intersection,Normale,Deux véhicules - arrière,7,3,4,0,1,1,1,0,1,50,,2,1,0,0,1,48.0,46.0,,,1,2,1,1,2
202100036404,2021-06-04 05:20:00,2021,6,4,5,20,59,59152,MARCEAU (RUE),50.763192,3.013032,Crépuscule ou aube,En agglomération,Intersection en T,Normale,Deux véhicules - côté,4,2,2,1,1,1,1,0,1,50,,2,0,0,0,2,23.0,37.0,,,2,2,3,1,3
202100036405,2021-06-04 07:50:00,2021,6,4,7,50,59,59295,DE LA ROCHELAISE,50.72758,2.53855,Plein jour,En agglomération,Hors intersection,Normale,Autre collision,4,1,1,-1,1,1,1,0,1,-1,,2,1,0,0,1,,,,,1,2,1,1,6
202100036406,2021-06-02 14:45:00,2021,6,2,14,45,57,57672,REPUBLIQUE (PLACE DE LA),49.35622,6.16485,Plein jour,En agglomération,Hors intersection,Normale,Autre collision,4,1,1,0,1,1,1,6,6,30,,2,1,0,0,1,67.0,,,,1,2,1,1,6
202100036407,2021-06-03 14:06:00,2021,6,3,14,6,56,56121,METAYER (RUE JOSEPH),47.75684,-3.37163,Plein jour,En agglomération,Intersection en Y,Normale,Deux véhicules - côté,4,2,2,0,3,1,1,0,1,30,,2,1,0,0,1,25.0,26.0,,,1,2,4,1,3
202100036408,2021-06-03 08:23:00,2021,6,3,8,23,56,56083,Avenue Salvador Allende,47.80537,-3.26075,Plein jour,En agglomération,Intersection en T,Normale,Deux véhicules - côté,3,2,2,0,1,1,1,0,4,30,,2,1,0,0,1,15.0,26.0,,,1,2,3,1,3
202100036409,2021-06-02 21:10:00,2021,6,2,21,10,56,56121,NORMANDIE ( BD ET IMP DE ),47.75994,-3.36598,Plein jour,En agglomération,Giratoire,Normale,Trois véhicules et plus - collisions multiples,4,-1,2,0,4,2,1,5,1,30,,4,1,0,1,2,38.0,36.0,,,1,2,6,1,5
202100036410,2021-06-04 08:10:00,2021,6,4,8,10,54,54332,Général Leclerc ( avenue du ),48.89952,6.04405,Plein jour,En agglomération,Hors intersection,Normale,Deux véhicules - arrière,4,2,2,2,1,1,1,-1,1,50,,2,1,0,0,1,48.0,52.0,,,1,2,1,1,2
202100036411,2021-06-04 15:35:00,2021,6,4,15,35,54,54328,RD 73,48.62179,6.18406,Plein jour,En agglomération,Hors intersection,Normale,Deux véhicules - côté,4,2,2,0,1,1,1,0,1,50,,3,2,0,0,1,55.0,25.0,,,1,2,1,1,3
202100036412,2021-06-04 08:13:00,2021,6,4,8,13,54,54395,BROT (Rue Marcel),48.6798035489,6.2045294921,Plein jour,En agglomération,Hors intersection,Normale,Deux véhicules - côté,4,2,4,0,1,1,1,0,1,50,,2,1,0,0,1,45.0,45.0,,,1,2,1,1,3
202100036413,2021-06-03 22:13:00,2021,6,3,22,13,54,54395,SAINT NICOLAS (RUE 1 A 19-2 A 18),48.6894392181,6.1850615032,Nuit avec éclairage allumé,En agglomération,Hors intersection,Normale,Autre collision,4,1,1,2,1,1,1,-1,1,30,,2,1,0,1,0,,,,,5,2,1,1,6
202100036414,2021-06-03 11:40:00,2021,6,3,11,40,54,54547,FRERE (RUE DU GENERAL),48.66105,6.16933,Plein jour,En agglomération,Hors intersection,Normale,Autre collision,4,-1,1,0,2,1,1,0,8,30,,2,1,0,0,1,35.0,,,,1,2,1,1,6
202100036415,2021-06-04 11:35:00,2021,6,4,11,35,51,51454,Rue de Courlancy,49.24769,4.01485,Plein jour,En agglomération,Hors intersection,Normale,Sans collision,4,2,2,0,1,1,1,0,1,50,,2,1,0,0,1,50.0,,,,1,2,1,1,7
202100036416,2021-06-03 12:10:00,2021,6,3,12,10,51,51058,Avenue François Jacob,49.21861,4.00413,Plein jour,En agglomération,Hors intersection,Normale,Deux véhicules - arrière,4,2,2,0,1,1,1,0,1,50,,2,1,0,0,1,29.0,28.0,,,1,2,1,1,2
202100036417,2021-06-03 17:45:00,2021,6,3,17,45,51,51108,Rue du Docteur Pellier,48.96496,4.36707,Plein jour,En agglomération,Hors intersection,Normale,Sans collision,4,2,2,0,1,1,1,0,1,50,,2,1,0,1,0,34.0,,,,1,2,1,1,7
202100036418,2021-06-03 21:05:00,2021,6,3,21,5,50,50502,CARENTAN,49.11682,-1.09437,Plein jour,En agglomération,Giratoire,Normale,Deux véhicules - côté,3,1,1,0,4,1,1,9,1,50,,5,4,0,0,1,58.0,20.0,,,1,2,6,1,3
202100036419,2021-05-28 21:20:00,2021,5,28,21,20,50,50218,LIBERATION (AV DE LA),48.84159,-1.59196,Plein jour,En agglomération,Hors intersection,Normale,Autre collision,3,2,2,0,1,1,1,9,1,50,,3,0,0,0,3,21.0,,,,1,2,1,1,6
202100036420,2021-06-04 19:35:00,2021,6,4,19,35,49,49007,MONPLAISIR BOULEVARD,47.487,-0.5152,Plein jour,En agglomération,Hors intersection,Normale,Sans collision,4,2,2,0,1,1,2,0,1,50,,1,0,0,0,1,15.0,,,,1,2,1,1,7
202100036421,2021-06-04 13:15:00,2021,6,4,13,15,49,49007,ARBRISSEL,47.4435,-0.5562,Plein jour,En agglomération,Hors intersection,Pluie forte,Deux véhicules - arrière,4,2,2,0,1,1,2,0,1,50,,3,2,0,0,1,27.0,36.0,,,1,2,1,3,2
202100036422,2021-06-01 15:10:00,2021,6,1,15,10,49,49007,HARAS ALLEE ET RUE,47.46501,-0.54919,Plein jour,En agglomération,Hors intersection,Normale,Sans collision,4,2,2,0,1,1,1,0,1,50,,1,0,0,0,1,79.0,,,,1,2,1,1,7
202100036423,2021-06-04 08:55:00,2021,6,4,8,55,49,49246,GAULLE RUE CHARLES DE,47.42424,-0.52471,Plein jour,En agglomération,Hors intersection,Pluie légère,Sans collision,3,2,2,0,1,1,2,0,1,50,,1,0,0,0,1,18.0,,,,1,2,1,2,7
202100036424,2021-06-03 17:05:00,2021,6,3,17,5,49,49007,ALLONNEAU(AUGUSTE) BOULEVARD,47.484,-0.5269,Plein jour,En agglomération,Hors intersection,Normale,Autre collision,4,2,2,0,1,1,1,0,1,50,,2,1,0,0,1,36.0,,,,1,2,1,1,6
202100036425,2021-06-03 11:50:00,2021,6,3,11,50,42,42207,Avenue de la Libération,45.47304,4.51691,Plein jour,En agglomération,Hors intersection,Normale,Autre collision,4,1,1,0,1,2,1,0,1,50,,2,1,0,0,1,,,,,1,2,1,1,6
202100036426,2021-06-04 17:20:00,2021,6,4,17,20,38,38185,RUE MAURICE DODERO,45.16468,5.73047,Plein jour,En agglomération,Intersection en T,Normale,Deux véhicules - frontale,4,2,2,0,1,2,1,0,1,30,,2,1,0,0,1,22.0,26.0,,,1,2,3,1,1
202100036427,2021-06-04 12:10:00,2021,6,4,12,10,38,38185,JEAN PERROT (AVENUE),45.18208,5.73405,Plein jour,En agglomération,Hors intersection,Normale,Deux véhicules - côté,7,2,5,1,1,1,1,0,1,50,,4,3,0,0,1,18.0,37.0,,,1,2,1,1,3
202100036428,2021-06-04 20:50:00,2021,6,4,20,50,37,37233,POMPIDOU (AVENUE GEORGES),47.3781669835,0.7148140669,Crépuscule ou aube,En agglomération,Giratoire,Normale,Sans collision,4,2,2,0,1,3,1,5,4,50,,1,0,0,0,1,22.0,,,,2,2,6,1,7
202100036429,2021-06-04 15:09:00,2021,6,4,15,9,37,37261,MAGINOT (AV. ANDRE),47.41373,0.68671,Plein jour,Hors agglomération,Hors intersection,Pluie légère,Autre collision,4,2,2,0,1,1,2,0,1,50,,3,2,0,1,0,28.0,64.0,,,1,1,1,2,6
202100036430,2021-06-03 08:55:00,2021,6,3,8,55,37,37261,COLOMB (RUE CHRISTOPHE),47.3783066154,0.7011926182,Plein jour,En agglomération,Autre intersection,Normale,Autre collision,4,2,2,1,1,1,1,2,1,50,,2,1,0,0,1,22.0,,,,1,2,9,1,6
202100036431,2021-06-04 19:00:00,2021,6,4,19,0,35,35238,CHATILLON (DE),48.09989,-1.6722,Plein jour,En agglomération,Giratoire,Temps éblouissant,Deux véhicules - côté,4,-1,1,0,1,3,1,5,1,30,,2,1,0,0,1,52.0,23.0,,,1,2,6,7,3
202100036432,2021-06-04 15:10:00,2021,6,4,15,10,35,35238,TOUR D'AUVERGNE (BD DE LA),48.10302,-1.68424,Plein jour,En agglomération,Hors intersection,Normale,Trois véhicules et plus - en chaîne,4,2,2,3,1,1,1,0,1,50,,4,3,0,0,1,24.0,25.0,,,1,2,1,1,4
202100036433,2021-06-05 00:15:00,2021,6,5,0,15,33,33063,Rue Stehelin,44.8562,-0.62851,Nuit avec éclairage allumé,En agglomération,Intersection en T,Normale,Deux véhicules - côté,4,2,4,2,1,1,1,0,1,50,,2,1,0,0,1,29.0,46.0,,,5,2,3,1,3
202100036434,2021-06-04 11:30:00,2021,6,4,11,30,33,33039,Route de Toulouse,44.80608,-0.57274,Plein jour,En agglomération,Intersection en T,Pluie forte,Autre collision,4,2,2,2,1,1,2,0,1,50,,2,1,0,0,1,38.0,,,,1,2,3,3,6
202100036435,2021-06-04 11:20:00,2021,6,4,11,20,33,33318,Avenue Roger Cohé,44.80787,-0.632173,Plein jour,En agglomération,Intersection en T,Pluie légère,Autre collision,4,2,2,0,1,1,2,0,1,50,,2,1,0,1,0,70.0,,,,1,2,3,2,6
202100036436,2021-06-04 07:28:00,2021,6,4,7,28,31,31555,AV DE CASTRES,43.59593,1.48516,Plein jour,En agglomération,Hors intersection,Normale,Deux véhicules - côté,7,2,3,1,2,1,1,0,1,50,,2,1,0,0,1,51.0,64.0,,,1,2,1,1,3
202100036437,2021-06-04 19:10:00,2021,6,4,19,10,29,29019,Rue de Gouesnou,48.41444,-4.46841,Plein jour,En agglomération,Giratoire,Normale,Deux véhicules - côté,4,1,1,0,1,1,1,5,1,50,,2,1,0,0,1,24.0,41.0,,,1,2,6,1,3
202100036438,2021-05-30 20:09:00,2021,5,30,20,9,29,29019,Boulevard Jean Moulin,48.39248,-4.49807,Plein jour,En agglomération,Hors intersection,Normale,Deux véhicules - frontale,4,-1,2,0,1,3,1,0,1,50,,2,0,0,0,2,25.0,45.0,,,1,2,1,1,1
202100036439,2021-06-04 16:10:00,2021,6,4,16,10,28,28332,N 154 (ROCADE),48.73063,1.39005,Plein jour,Hors agglomération,Hors intersection,Normale,Deux véhicules - côté,2,3,2,0,2,2,1,0,1,70,,3,1,0,0,2,64.0,57.0,,,1,1,1,1,3
202100036440,2021-06-04 09:25:00,2021,6,4,9,25,27,27562,PRES (RUE DES),49.10155,1.4505,Plein jour,En agglomération,Intersection en X,Pluie légère,Autre collision,4,2,2,0,1,1,2,0,1,50,,2,1,0,0,1,88.0,,,,1,2,2,2,6
202100036441,2021-06-04 16:45:00,2021,6,4,16,45,25,25204,Route Départementale 437,46.93664,6.37091,Plein jour,Hors agglomération,Hors intersection,Temps couvert,Deux véhicules - côté,3,2,2,0,2,3,1,0,1,80,,2,1,0,0,1,63.0,63.0,,,1,1,1,8,3
202100036442,2021-06-04 19:20:00,2021,6,4,19,20,25,25056,DOLE RUE DE (entre 185 e 200),47.22571,5.97547,Plein jour,En agglomération,Hors intersection,Normale,Deux véhicules - arrière,3,2,4,0,1,1,1,0,1,70,,3,1,0,1,1,30.0,33.0,,,1,2,1,1,2
202100036443,2021-06-04 19:35:00,2021,6,4,19,35,17,17300,RONDEAU   BOULEVARD ARISTIDE,46.158523,-1.186524,Plein jour,En agglomération,Hors intersection,Normale,Deux véhicules - frontale,4,2,2,0,1,1,1,0,1,30,,3,0,0,0,3,19.0,24.0,,,1,2,1,1,1
202100036444,2021-06-04 19:00:00,2021,6,4,19,0,13,13211,BARASSE,43.28624,5.47615,Crépuscule ou aube,En agglomération,Hors intersection,Normale,Deux véhicules - côté,4,2,2,0,1,1,1,0,1,50,,2,1,0,0,1,41.0,,,,2,2,1,1,3
202100036445,2021-06-04 17:15:00,2021,6,4,17,15,13,13207,RIVE NEUVE (QUAI),43.29277,5.36837,Plein jour,En agglomération,Hors intersection,Normale,Trois véhicules et plus - collisions multiples,4,2,3,0,1,1,1,0,1,50,,3,2,0,1,0,48.0,39.0,,,1,2,1,1,5
202100036446,2021-06-03 19:04:00,2021,6,3,19,4,13,13203,PLOMBIERES (BOULEVARD DES),43.31785,5.380479,Plein jour,En agglomération,Hors intersection,Normale,Deux véhicules - arrière,4,2,4,0,1,1,1,0,4,50,,3,1,0,0,2,44.0,39.0,,,1,2,1,1,2
202100036447,2021-06-04 14:45:00,2021,6,4,14,45,13,13203,NATIONAL (BOULEVARD),43.30778,5.38168,Plein jour,En agglomération,Intersection en X,Normale,Deux véhicules - côté,4,3,2,0,1,1,1,9,8,50,,2,1,0,0,1,47.0,23.0,,,1,2,2,1,3
202100036448,2021-06-03 22:20:00,2021,6,3,22,20,13,13206,LIEUTAUD (COURS),43.29423,5.38229,Nuit avec éclairage allumé,En agglomération,Hors intersection,Normale,Trois véhicules et plus - collisions multiples,4,2,2,0,1,1,1,0,1,50,,3,1,0,0,2,21.0,24.0,,,5,2,1,1,5
202100036449,2021-06-03 22:00:00,2021,6,3,22,0,13,13201,SAINT FERREOL (RUE)      2 A 62,43.29492,5.37752,Nuit sans éclairage public,En agglomération,Intersection en X,Normale,Deux véhicules - côté,4,-1,1,3,1,1,1,6,1,30,,2,0,0,0,2,36.0,25.0,,,3,2,2,1,3
202100036450,2021-06-03 13:00:00,2021,6,3,13,0,13,13207,SAINTE (RUE),43.2912,5.36929,Plein jour,En agglomération,Intersection en T,Normale,Deux véhicules - côté,4,1,2,0,1,1,1,0,1,50,,2,1,0,0,1,45.0,,,,1,2,3,1,3
202100036451,2021-06-03 17:25:00,2021,6,3,17,25,13,13005,THUILIERE (CHEMIN DE LA CD44),43.2935,5.55419,Plein jour,En agglomération,Hors intersection,Normale,Deux véhicules - frontale,7,-1,2,0,2,1,1,0,1,50,,2,0,0,0,2,48.0,56.0,,,1,2,1,1,1
202100036452,2021-06-04 16:30:00,2021,6,4,16,30,10,10333,CHARLES DE REFUGE (RUE),48.2803,4.0499,Plein jour,En agglomération,Hors intersection,Normale,Trois véhicules et plus - en chaîne,4,1,1,0,1,1,1,9,1,50,,3,2,0,0,1,76.0,18.0,,,1,2,1,1,4
202100036453,2021-06-04 10:49:00,2021,6,4,10,49,10,10081,ROCADE OUEST (RD 610),48.32965,4.04416,Plein jour,Hors agglomération,Autre intersection,Normale,Autre collision,3,3,2,3,1,3,1,3,1,110,,3,2,0,0,1,21.0,33.0,,,1,1,9,1,6
202100036454,2021-06-04 09:40:00,2021,6,4,9,40,10,10387,RAYMOND POINCARE (RUE),48.29675,4.07573,Plein jour,En agglomération,Autre intersection,Normale,Autre collision,4,2,2,0,1,1,1,0,1,30,,2,1,0,0,1,59.0,,,,1,2,9,1,6
202100036455,2021-06-04 16:05:00,2021,6,4,16,5,07,07281,AVENUE DU 8 MAI,44.9456,4.85235,Plein jour,Hors agglomération,Giratoire,Temps couvert,Trois véhicules et plus - collisions multiples,3,3,4,0,2,1,1,0,1,50,,4,2,0,1,1,42.0,78.0,,,1,1,6,8,5
202100036456,2021-06-04 07:25:00,2021,6,4,7,25,06,06088,MATISSE (AV. HENRI),43.67484,7.21121,Plein jour,En agglomération,Hors intersection,Normale,Autre collision,4,2,2,0,2,1,1,0,1,50,,3,2,0,0,1,44.0,20.0,,,1,2,1,1,6
202100036457,2021-06-02 23:00:00,2021,6,2,23,0,06,06088,FREMONT (AV.),43.678807,7.228082,Nuit avec éclairage allumé,En agglomération,Intersection en X,Normale,Deux véhicules - côté,4,1,1,0,1,1,1,0,1,50,,3,2,0,0,1,25.0,21.0,,,5,2,2,1,3
202100036458,2021-06-01 20:25:00,2021,6,1,20,25,06,06104,CAP MARTIN (PROMENADE DU),43.759133,7.48276,Plein jour,En agglomération,Intersection en T,Normale,Deux véhicules - côté,3,2,2,0,1,1,1,0,1,50,,2,1,0,1,0,61.0,49.0,,,1,2,3,1,3
202100036459,2021-06-04 18:10:00,2021,6,4,18,10,06,06069,ROUQUIER (BOULEVARD EMMANUEL),43.625379,6.935028,Plein jour,En agglomération,Hors intersection,Normale,Deux véhicules - frontale,4,2,2,0,1,1,1,0,1,50,,2,1,0,0,1,48.0,19.0,,,1,2,1,1,1
202100036460,2021-06-04 12:50:00,2021,6,4,12,50,06,06069,CHASSEURS ALPINS (ROND-POINT),43.65053,6.92206,Plein jour,En agglomération,Hors intersection,Normale,Deux véhicules - arrière,4,3,2,0,2,2,1,0,1,50,,2,1,0,0,1,35.0,60.0,,,1,2,1,1,2
202100036461,2021-06-04 09:30:00,2021,6,4,9,30,04,04112,Av Georges Pompidou,43.82251,5.78662,Plein jour,En agglomération,Hors intersection,Normale,Autre collision,4,2,2,0,1,1,1,0,4,30,,2,1,0,0,1,46.0,,,,1,2,1,1,6
202100036462,2021-06-03 18:46:00,2021,6,3,18,46,75,75117,BOULEVARD BERTHIER,48.88624,2.29446,Plein jour,En agglomération,Intersection en X,Normale,Autre collision,4,2,4,0,1,1,1,0,1,50,,1,0,1,0,0,76.0,,,,1,2,2,1,6
202100036463,2021-06-04 14:10:00,2021,6,4,14,10,75,75105,RUE GEOFFROY SAINT HILAIRE,48.8400909278,2.3563541812,Plein jour,En agglomération,Intersection en Y,Pluie légère,Deux véhicules - côté,4,1,0,0,1,1,2,0,1,50,,2,1,0,0,1,26.0,44.0,,,1,2,4,2,3
202100036464,2021-06-04 17:50:00,2021,6,4,17,50,75,75118,BOULEVARD NEY,48.89867,2.367244,Plein jour,En agglomération,Hors intersection,Temps couvert,Deux véhicules - côté,4,-1,2,0,1,1,2,0,1,50,,2,1,0,0,1,20.0,35.0,,,1,2,1,8,3
202100036465,2021-06-04 01:25:00,2021,6,4,1,25,75,75117,AVENUE DE LA PORTE DE CLICHY,48.894462,2.313485,Nuit avec éclairage allumé,En agglomération,Intersection en X,Normale,Deux véhicules - côté,4,3,4,0,1,1,1,0,1,50,,2,1,0,0,1,31.0,20.0,,,5,2,2,1,3
202100036466,2021-06-03 09:00:00,2021,6,3,9,0,75,75117,AVENUE DE LA PORTE DE CLICHY,48.895552,2.311444,Plein jour,En agglomération,Hors intersection,Normale,Autre collision,4,1,3,0,1,1,1,0,1,50,,2,1,0,0,1,57.0,,,,1,2,1,1,6
202100036467,2021-06-04 08:45:00,2021,6,4,8,45,75,75116,ALLEE DE LA REINE MARGUERITE,48.860137,2.245921,Plein jour,En agglomération,Hors intersection,Normale,Deux véhicules - arrière,4,2,4,0,1,1,1,0,1,50,,2,1,0,0,1,38.0,25.0,,,1,2,1,1,2
202100036468,2021-06-04 16:20:00,2021,6,4,16,20,75,75115,RUE DUPLEIX,48.851345,2.296553,Plein jour,En agglomération,Place,Normale,Autre collision,4,1,1,0,1,1,2,0,1,30,,2,1,0,0,1,17.0,,,,1,2,7,1,6
202100036469,2021-06-04 14:15:00,2021,6,4,14,15,75,75115,AVENUE DE LA MOTTE PICQUET,48.849532,2.29854,Plein jour,En agglomération,Intersection en T,Temps couvert,Deux véhicules - côté,4,2,2,0,1,1,2,0,1,50,,2,0,0,0,2,45.0,25.0,,,1,2,3,8,3
202100036470,2021-06-03 12:30:00,2021,6,3,12,30,75,75115,RUE DU DEPART,48.841534,2.321971,Plein jour,En agglomération,Hors intersection,Normale,Deux véhicules - côté,4,2,4,1,1,1,1,0,1,50,,2,1,0,0,1,23.0,44.0,,,1,2,1,1,3
202100036471,2021-06-03 18:15:00,2021,6,3,18,15,75,75114,AVENUE DU MAINE,48.833802,2.324458,Plein jour,En agglomération,Hors intersection,Normale,Autre collision,4,2,3,3,1,1,1,0,1,50,,3,1,0,0,2,30.0,,,,1,2,1,1,6
202100036472,2021-06-04 09:45:00,2021,6,4,9,45,75,75112,PLACE LACHAMBEAUDIE,48.835903,2.386489,Plein jour,En agglomération,Place,Pluie légère,Deux véhicules - frontale,4,2,4,0,1,1,2,0,1,50,,2,1,0,0,1,27.0,43.0,,,1,2,7,2,1
202100036473,2021-06-03 22:56:00,2021,6,3,22,56,75,75112,COURS DE VINCENNES,48.847427,2.403404,Nuit avec éclairage allumé,En agglomération,Intersection en T,Normale,Deux véhicules - arrière,4,2,4,0,1,1,1,0,1,50,,2,1,0,0,1,31.0,51.0,,,5,2,3,1,2
202100036474,2021-06-04 07:45:00,2021,6,4,7,45,75,75111,BOULEVARD DE BELLEVILLE,48.868403,2.381184,Plein jour,En agglomération,Hors intersection,Pluie forte,Autre collision,4,1,4,1,1,1,2,0,1,30,,2,1,0,0,1,,,,,1,2,1,3,6
202100036475,2021-06-04 10:10:00,2021,6,4,10,10,75,75108,AVENUE DE FRIEDLAND,48.874239,2.299591,Plein jour,En agglomération,Intersection en Y,Normale,Deux véhicules - arrière,4,2,4,3,2,1,2,0,1,50,,2,1,0,0,1,42.0,47.0,,,1,2,4,1,2
202100036476,2021-06-03 12:20:00,2021,6,3,12,20,94,94081,JEAN JAURES (AV),48.79316,2.40112,Plein jour,En agglomération,Hors intersection,Normale,Deux véhicules - arrière,4,2,2,0,1,1,1,0,1,50,,2,1,0,0,1,61.0,22.0,,,1,2,1,1,2
202100036477,2021-06-04 09:00:00,2021,6,4,9,0,94,94076,JEAN JAURES (R),48.7920152968,2.3665188659,Plein jour,En agglomération,Hors intersection,Pluie légère,Sans collision,3,1,1,0,1,1,2,0,1,50,,1,0,0,0,1,34.0,,,,1,2,1,2,7
202100036478,2021-06-04 20:50:00,2021,6,4,20,50,94,94041,Avenue Danielle Casanova,48.81249,2.38619,Crépuscule ou aube,En agglomération,Intersection en X,Temps couvert,Autre collision,3,2,3,0,1,1,1,0,1,50,,2,1,0,0,1,26.0,,,,2,2,2,8,6
202100036479,2021-06-04 17:50:00,2021,6,4,17,50,94,94017,MUSSELBURGH (R DE),48.81142,2.51528,Plein jour,En agglomération,Hors intersection,Temps couvert,Deux véhicules - frontale,3,-1,2,3,1,1,2,0,6,30,,2,1,0,0,1,,,,,1,2,1,8,1
202100036480,2021-06-02 15:20:00,2021,6,2,15,20,94,94017,JEAN JAURES (R),48.81379,2.51022,Plein jour,En agglomération,Hors intersection,Normale,Deux véhicules - côté,3,2,7,2,1,1,1,0,1,50,,2,1,0,0,1,29.0,,,,1,2,1,1,3
202100036481,2021-06-04 08:40:00,2021,6,4,8,40,94,94071,Rue du Clos de Pacy,48.7731520075,2.5180001557,Plein jour,En agglomération,Intersection en T,Pluie légère,Autre collision,3,2,2,-1,1,1,2,0,1,-1,,2,1,0,0,1,29.0,,,,1,2,3,2,6
202100036482,2021-06-04 07:10:00,2021,6,4,7,10,93,93078,Boulevard Robert Ballanger / Avenue Jacques Duclos,48.958852,2.549336,Plein jour,En agglomération,Intersection en X,Pluie légère,Deux véhicules - côté,3,3,4,3,1,1,2,5,1,50,,3,1,0,0,2,43.0,51.0,,,1,2,2,2,3
202100036483,2021-06-04 17:30:00,2021,6,4,17,30,93,93072,MARCEL POINTET (PLACE) DES N°2-4 AU 14,48.95163,2.38189,Plein jour,En agglomération,Place,Normale,Deux véhicules - frontale,4,2,2,0,1,1,1,0,1,50,,2,1,0,0,1,48.0,44.0,,,1,2,7,1,1
202100036484,2021-06-04 11:05:00,2021,6,4,11,5,93,93055,EDOUARD VAILLANT DU 1 A FIN.,48.902009,2.393585,Plein jour,En agglomération,Autre intersection,Normale,Autre collision,3,2,4,1,1,1,1,9,5,50,,2,1,0,0,1,29.0,49.0,,,1,2,9,1,6
202100036485,2021-06-03 17:20:00,2021,6,3,17,20,93,93051,Avenue du Pave Neuf,48.84033,2.55111,Plein jour,En agglomération,Hors intersection,Normale,Deux véhicules - arrière,3,3,2,0,1,1,1,0,1,50,,2,1,0,0,1,39.0,,,,1,2,1,1,2
202100036486,2021-06-04 20:40:00,2021,6,4,20,40,93,93048,Boulevard Aristide Briand,48.875,2.4553,Plein jour,En agglomération,Hors intersection,Normale,Deux véhicules - côté,3,2,2,0,1,1,1,0,1,30,,2,1,0,1,0,52.0,20.0,,,1,2,1,1,3
202100036487,2021-06-04 10:40:00,2021,6,4,10,40,93,93048,GABRIEL PERI (AVENUE),48.85754,2.439583,Plein jour,En agglomération,Hors intersection,Normale,Deux véhicules - frontale,3,2,4,1,2,1,1,0,1,50,,2,1,0,0,1,34.0,22.0,,,1,2,1,1,1
202100036488,2021-06-04 20:40:00,2021,6,4,20,40,93,93047,Avenue Daniel Perdrigé / Chemin du Clos Roger,48.89464,2.55903,Plein jour,En agglomération,Intersection en T,Normale,Deux véhicules - côté,4,2,2,0,1,1,1,0,1,50,,2,1,0,0,1,50.0,23.0,,,1,2,3,1,3
202100036489,2021-06-04 22:24:00,2021,6,4,22,24,93,93007,ANATOLE SIGONNEAU (RUE),48.9533,2.45909,Nuit avec éclairage non allumé,En agglomération,Hors intersection,Normale,Deux véhicules - frontale,4,2,2,0,1,1,1,0,1,50,,2,1,0,0,1,30.0,24.0,,,4,2,1,1,1
202100036490,2021-06-03 12:50:00,2021,6,3,12,50,92,92050,NATIONAL (BOULEVARD),48.8880316805,2.1848496795,Plein jour,En agglomération,Intersection en T,Normale,Autre collision,3,2,2,0,1,1,1,5,1,50,,2,1,0,0,1,31.0,,,,1,2,3,1,6
202100036491,2021-06-04 19:00:00,2021,6,4,19,0,92,92062,JAURES (RUE JEAN) DU 114 AU 2,48.8827021119,2.2405084611,Plein jour,En agglomération,Hors intersection,Normale,Deux véhicules - côté,4,2,2,0,1,1,1,0,1,50,,2,1,0,0,1,18.0,19.0,,,1,2,1,1,3
202100036492,2021-06-04 11:05:00,2021,6,4,11,5,92,92062,KUPKA (RUE FRANCK) TOUR,48.8907833965,2.2342008321,Plein jour,En agglomération,Autre intersection,Temps couvert,Deux véhicules - arrière,3,1,1,0,1,1,2,0,1,50,,2,1,0,0,1,56.0,28.0,,,1,2,9,8,2
202100036493,2021-06-04 13:18:00,2021,6,4,13,18,92,92050,LENINE VLADIMIR ILITCH AVENUE,48.8882662304,2.1931366802,Plein jour,En agglomération,Autre intersection,Normale,Autre collision,3,4,2,1,1,1,2,5,4,50,,2,1,0,0,1,,,,,1,2,9,1,6