accident_id,datetime,annee,mois,jour,heure,minute,departement,commune_insee,adresse,latitude,longitude,luminosite,agglomeration,intersection,meteo,collision,catr,circ,nbv,vosp,prof,plan,surf,infra,situ,vma,nb_vehicules,nb_usagers,nb_indemnes,nb_tues,nb_blesses_hosp,nb_blesses_legers,age_cond_1,age_cond_2,veh_type_cond_1,veh_type_cond_2,lum_code,agg_code,int_code,atm_code,col_code
202100036494,2021-06-03 17:30:00,2021,6,3,17,30,92,92060,GALILEE (AVENUE),48.77397,2.24488,Plein jour,En agglomération,Autre intersection,Normale,Deux véhicules - côté,4,2,2,1,1,1,1,0,1,50,,2,1,0,0,1,51.0,71.0,,,1,2,9,1,3
202100036495,2021-06-04 12:30:00,2021,6,4,12,30,92,92012,ANDRE MORIZET (AVENUE) 1/47 - 2/52,48.8350111549,2.2412806749,Plein jour,En agglomération,Intersection en X,Temps couvert,Autre collision,4,2,1,1,1,1,1,0,5,50,,2,1,0,0,1,24.0,,,,1,2,2,8,6
202100036496,2021-06-03 17:05:00,2021,6,3,17,5,92,92012,ANDRE MORIZET (AVENUE) - 49/FIN - 54/FIN,48.8406118984,2.2288358574,Plein jour,En agglomération,Giratoire,Normale,Autre collision,3,2,2,0,1,1,1,0,1,50,,2,1,0,0,1,59.0,,,,1,2,6,1,6
202100036497,2021-06-05 09:30:00,2021,6,5,9,30,95,95313,Avenue de Paris,49.1114577856,2.2217327356,Plein jour,En agglomération,Hors intersection,Normale,Deux véhicules - côté,3,2,2,0,1,1,1,0,1,50,,2,1,0,1,0,61.0,22.0,,,1,2,1,1,3
202100036498,2021-06-05 19:30:00,2021,6,5,19,30,95,95487,Rue Gambetta,49.148935,2.269042,Plein jour,En agglomération,Hors intersection,Normale,Deux véhicules - côté,4,2,2,0,1,1,1,0,1,50,,4,3,0,1,0,12.0,79.0,,,1,2,1,1,3
202100036499,2021-06-04 15:30:00,2021,6,4,15,30,42,42294,Route de Pradines,46.008178,4.130114,Plein jour,Hors agglomération,Intersection en X,Pluie forte,Deux véhicules - côté,3,2,1,0,1,1,2,0,1,80,,3,1,0,1,1,22.0,65.0,,,1,1,2,3,3
202100036500,2021-06-04 20:18:00,2021,6,4,20,18,52,52312,A31 PK 111+000,47.887125476,5.223124624,Crépuscule ou aube,Hors agglomération,Hors intersection,Pluie forte,Autre collision,1,3,5,0,1,1,2,0,1,130,,4,0,0,0,4,41.0,,,,2,1,1,3,6
202100036501,2021-06-04 17:50:00,2021,6,4,17,50,54,54322,1 Rue Ottawa,49.4424067505,5.5953186758,Plein jour,En agglomération,Intersection en T,Temps couvert,Deux véhicules - côté,4,2,2,0,1,1,1,0,1,30,,4,3,0,1,0,19.0,23.0,,,1,2,3,8,3
202100036502,2021-06-04 22:20:00,2021,6,4,22,20,01,01109,D984,46.123537,5.900034,Nuit sans éclairage public,Hors agglomération,Hors intersection,Pluie légère,Autre collision,3,2,2,0,2,3,2,0,3,80,,1,0,0,1,0,30.0,,,,3,1,1,2,6
202100036503,2021-06-04 19:10:00,2021,6,4,19,10,29,29116,N12,48.496872,-4.192829,Plein jour,Hors agglomération,Hors intersection,Normale,Deux véhicules - arrière,2,3,4,0,3,1,1,0,1,110,,3,2,0,0,1,23.0,78.0,,,1,1,1,1,2
202100036504,2021-05-19 07:00:00,2021,5,19,7,0,74,74272,D1508,45.946487,6.048794,Crépuscule ou aube,Hors agglomération,Giratoire,Normale,Deux véhicules - côté,3,2,1,0,1,2,1,5,1,-1,,2,1,0,0,1,52.0,19.0,,,2,1,6,1,3
202100036505,2021-06-04 13:20:00,2021,6,4,13,20,06,06033,1104 Route de Gattières,43.784178,7.177229,Plein jour,Hors agglomération,Hors intersection,Normale,Deux véhicules - frontale,7,2,2,0,2,4,1,0,1,80,,2,1,1,0,0,57.0,27.0,,,1,1,1,1,1
202100036506,2021-06-01 14:45:00,2021,6,1,14,45,74,74180,56 R du Veret,46.352045,6.298578,Plein jour,En agglomération,Hors intersection,Normale,Autre collision,3,2,2,0,1,1,1,0,1,50,,2,1,0,1,0,14.0,49.0,,,1,2,1,1,6
202100036507,2021-06-04 17:25:00,2021,6,4,17,25,82,82179,Chemin de Bartalbenque,44.164344,1.604497,Plein jour,Hors agglomération,Hors intersection,Pluie légère,Deux véhicules - côté,4,2,2,0,1,2,2,0,1,80,,2,1,0,1,0,14.0,54.0,,,1,1,1,2,3
202100036508,2021-06-05 08:20:00,2021,6,5,8,20,32,32462,PK 16+600 - Route de Mouchan - RD 35,43.76986,0.302363,Plein jour,En agglomération,Hors intersection,Normale,Autre collision,3,2,2,0,1,3,1,2,3,50,,1,0,0,1,0,21.0,,,,1,2,1,1,6
202100036509,2021-06-04 21:10:00,2021,6,4,21,10,42,42096,M3,45.53907,4.442764,Nuit sans éclairage public,Hors agglomération,Hors intersection,Pluie forte,Deux véhicules - frontale,7,2,2,0,2,2,2,0,1,80,,2,0,0,0,2,27.0,20.0,,,3,1,1,3,1
202100036510,2021-06-05 00:00:00,2021,6,5,0,0,46,46126,D660,44.578302,1.184292,Nuit sans éclairage public,Hors agglomération,Hors intersection,Normale,Autre collision,3,2,2,0,1,1,1,0,3,80,,1,0,1,0,0,20.0,,,,3,1,1,1,6
202100036511,2021-06-04 16:45:00,2021,6,4,16,45,29,29078,18 Route du Faou,48.325459,-4.162338,Plein jour,En agglomération,Hors intersection,Normale,Autre collision,4,2,2,0,1,1,1,0,4,30,,2,1,0,0,1,29.0,,,,1,2,1,1,6
202100036512,2021-06-02 09:30:00,2021,6,2,9,30,39,39325,,46.911681,5.821027,Plein jour,Hors agglomération,Intersection en T,Normale,Sans collision,3,2,2,0,1,1,1,0,3,80,,1,0,1,0,0,82.0,,,,1,1,3,1,7
202100036513,2021-06-04 16:50:00,2021,6,4,16,50,38,38167,Route du Pilon,45.467786,5.321363,Plein jour,En agglomération,Hors intersection,Normale,Deux véhicules - frontale,4,2,2,0,1,1,1,0,1,50,,2,1,0,0,1,41.0,46.0,,,1,2,1,1,1
202100036514,2021-06-05 13:50:00,2021,6,5,13,50,38,38313,Rue du Mont Aiguille,44.889718,5.796047,Plein jour,En agglomération,Hors intersection,Normale,Sans collision,4,2,2,0,1,1,1,0,1,50,,1,0,0,1,0,25.0,,,,1,2,1,1,7
202100036515,2021-06-05 03:00:00,2021,6,5,3,0,02,02757,27 Rue des Ecoles,49.920511,3.564495,Nuit avec éclairage allumé,En agglomération,Hors intersection,Normale,Sans collision,4,2,2,0,2,1,1,0,1,30,,2,1,1,0,0,23.0,,,,5,2,1,1,7
202100036516,2021-06-05 18:20:00,2021,6,5,18,20,02,02399,14 Rue de Verdun,49.446491,3.892132,Plein jour,En agglomération,Hors intersection,Temps couvert,Deux véhicules - côté,3,2,2,0,1,1,1,0,4,50,,2,1,1,0,0,17.0,58.0,,,1,2,1,8,3
202100036517,2021-06-04 11:40:00,2021,6,4,11,40,84,84017,Chemin des granges,44.119095,5.198379,Plein jour,Hors agglomération,Hors intersection,Normale,Sans collision,3,2,2,0,1,1,1,0,8,70,,2,1,0,0,1,58.0,27.0,,,1,1,1,1,7
202100036518,2021-06-04 16:00:00,2021,6,4,16,0,03,03120,L'Haut Brenot,46.632262,3.65577,Plein jour,Hors agglomération,Autre intersection,Normale,Autre collision,3,2,2,0,2,3,2,0,3,70,,1,0,0,0,1,34.0,,,,1,1,9,1,6
202100036519,2021-06-04 14:15:00,2021,6,4,14,15,54,54400,30 Rue Georges Clémenceau,48.888169,6.226709,Plein jour,En agglomération,Hors intersection,Normale,Autre collision,3,2,-1,0,4,1,1,0,1,50,,2,1,0,1,0,65.0,,,,1,2,1,1,6
202100036520,2021-06-04 18:25:00,2021,6,4,18,25,14,14401,D514,49.332184,-0.670702,Plein jour,Hors agglomération,Hors intersection,Temps éblouissant,Sans collision,3,2,2,0,1,2,1,0,1,80,,1,0,0,1,0,60.0,,,,1,1,1,7,7
202100036521,2021-06-02 17:15:00,2021,6,2,17,15,64,64371,rue du pic d'orhy,43.21979,-0.89332,Plein jour,En agglomération,Intersection en T,Normale,Deux véhicules - arrière,3,2,-1,-1,1,1,1,0,1,50,,2,1,0,1,0,44.0,68.0,,,1,2,3,1,2
202100036522,2021-06-04 17:50:00,2021,6,4,17,50,43,43084,Route Nationale 88,44.97925,3.857832,Plein jour,Hors agglomération,Autre intersection,Pluie légère,Autre collision,2,2,2,0,2,2,2,0,8,80,,4,1,0,1,2,42.0,,,,1,1,9,2,6
202100036523,2021-06-04 09:30:00,2021,6,4,9,30,10,10033,Boulevard du 14 Juillet,48.232049,4.711018,Plein jour,En agglomération,Autre intersection,Temps éblouissant,Autre collision,3,1,1,1,1,1,1,0,1,50,,2,1,0,1,0,53.0,,,,1,2,9,7,6
202100036524,2021-06-03 13:00:00,2021,6,3,13,0,24,24448,Le Breuil,45.315989,1.05163,Plein jour,Hors agglomération,Hors intersection,Normale,Sans collision,3,2,2,0,2,1,1,0,3,80,,1,0,0,1,0,85.0,,,,1,1,1,1,7
202100036525,2021-06-05 09:10:00,2021,6,5,9,10,04,04018,RD 950 - Le Largue (Buse),44.018859,5.681444,Plein jour,Hors agglomération,Hors intersection,Normale,Autre collision,3,2,2,0,1,3,1,0,8,80,,1,0,1,0,0,38.0,,,,1,1,1,1,6
202100036526,2021-06-04 21:10:00,2021,6,4,21,10,85,85175,RD7,46.602973,-1.1538,Plein jour,Hors agglomération,Hors intersection,Normale,Autre collision,3,2,2,0,2,2,1,0,3,80,,1,0,1,0,0,23.0,,,,1,1,1,1,6
202100036527,2021-06-04 22:45:00,2021,6,4,22,45,27,27638,RUE FRANCOIS MITTERAND,49.256084,0.926387,Nuit avec éclairage non allumé,En agglomération,Hors intersection,Normale,Autre collision,3,2,2,0,1,1,1,0,3,50,,1,0,1,0,0,49.0,,,,4,2,1,1,6
202100036528,2021-06-05 11:11:00,2021,6,5,11,11,48,48039,RN88,44.477068,3.348352,Plein jour,Hors agglomération,Hors intersection,Normale,Autre collision,2,2,2,0,1,1,1,0,1,80,,2,0,0,1,1,67.0,,,,1,1,1,1,6
202100036529,2021-06-04 22:45:00,2021,6,4,22,45,08,08370,Route de Servion,49.787869,4.496514,Nuit avec éclairage allumé,En agglomération,Hors intersection,Normale,Autre collision,3,2,2,0,1,3,1,0,3,50,,1,0,0,1,0,22.0,,,,5,2,1,1,6
202100036530,2021-06-05 16:30:00,2021,6,5,16,30,13,13118,D10,43.550344,5.236557,Plein jour,Hors agglomération,Intersection en T,Normale,Deux véhicules - côté,1,1,-1,-1,1,2,1,3,1,-1,,2,1,0,1,0,22.0,65.0,,,1,1,3,1,3
202100036531,2021-06-04 07:58:00,2021,6,4,7,58,06,06018,Rue Albert Caquot,43.617334,7.059593,Plein jour,Hors agglomération,Intersection en T,Normale,Deux véhicules - frontale,3,2,2,0,2,2,1,5,1,70,,2,1,0,0,1,30.0,57.0,,,1,1,3,1,1
202100036532,2021-06-01 06:40:00,2021,6,1,6,40,06,06088,A8 PK 197+700 SUD,43.728531,7.260431,Plein jour,Hors agglomération,Hors intersection,Normale,Trois véhicules et plus - collisions multiples,1,3,4,0,2,2,1,0,1,90,,5,4,0,0,1,45.0,45.0,,,1,1,1,1,5
202100036533,2021-06-05 15:55:00,2021,6,5,15,55,13,13076,Aire de Cavaillon (Aire de repos),43.832012,5.009537,Plein jour,Hors agglomération,Hors intersection,Normale,Deux véhicules - arrière,1,1,1,0,1,1,1,9,8,130,,2,1,1,0,0,55.0,80.0,,,1,1,1,1,2
202100036534,2021-06-03 06:10:00,2021,6,3,6,10,987,98733,Pk 24300 c/mer sens PAPEETE/PAPARA,-17.689931,-149.548349,Crépuscule ou aube,En agglomération,Hors intersection,Normale,Deux véhicules - frontale,2,2,2,0,1,1,1,9,1,40,,2,1,0,1,0,46.0,,,,2,2,1,1,1
202100036535,2021-06-05 07:30:00,2021,6,5,7,30,988,98808,École de Wani,-21.318899,165.572955,Plein jour,Hors agglomération,Hors intersection,Normale,Sans collision,2,2,2,0,1,2,1,0,3,50,,2,0,0,0,2,29.0,,,,1,1,1,1,7
202100036536,2021-06-04 23:30:00,2021,6,4,23,30,973,97311,Avenue Jean Galmot,5.546237,-53.941133,Nuit sans éclairage public,Hors agglomération,Hors intersection,Normale,Deux véhicules - frontale,3,2,2,0,2,3,1,0,1,80,,3,2,1,0,0,33.0,62.0,,,3,1,1,1,1
202100036537,2021-03-12 15:20:00,2021,3,12,15,20,45,45155,D622-PR 0 + 466,47.694368,2.648692,Plein jour,En agglomération,Hors intersection,Pluie forte,Autre collision,3,2,2,0,3,1,2,0,3,50,,1,0,0,1,0,71.0,,,,1,2,1,3,6
202100036538,2021-06-05 03:00:00,2021,6,5,3,0,2B,2B172,intersection D62 / D162,42.595254,9.320456,Nuit sans éclairage public,Hors agglomération,Intersection en T,Normale,Autre collision,3,2,2,-1,2,3,1,-1,3,80,,4,0,0,1,3,19.0,,,,3,1,3,1,6
202100036539,2021-06-04 08:15:00,2021,6,4,8,15,2B,2B042,Avenue de Borgo,42.5577,9.441472,Plein jour,En agglomération,Hors intersection,Normale,Deux véhicules - côté,2,2,2,1,2,1,1,9,5,50,,2,1,0,1,0,68.0,35.0,,,1,2,1,1,3
202100036540,2021-06-05 16:15:00,2021,6,5,16,15,05,05081,RD 994 PK23+021,44.415728,5.652251,Plein jour,Hors agglomération,Hors intersection,Normale,Autre collision,3,2,2,0,1,4,1,0,3,90,,1,0,1,0,0,22.0,,,,1,1,1,1,6
202100036541,2021-06-02 13:30:00,2021,6,2,13,30,13,13089,D26,43.832669,4.988635,Plein jour,Hors agglomération,Intersection en T,Normale,Deux véhicules - côté,3,2,2,0,1,1,1,0,1,80,,2,1,0,0,1,19.0,24.0,,,1,1,3,1,3
202100036542,2021-06-04 14:10:00,2021,6,4,14,10,89,89257,D377,47.958337,3.504065,Plein jour,Hors agglomération,Intersection en Y,Normale,Deux véhicules - frontale,3,2,2,0,1,3,1,5,1,80,,2,1,0,0,1,23.0,15.0,,,1,1,4,1,1
202100036543,2021-06-04 09:39:00,2021,6,4,9,39,71,71420,D18 - PK 5+200,46.668258,4.950113,Plein jour,Hors agglomération,Hors intersection,Normale,Deux véhicules - arrière,3,2,2,0,1,1,1,2,1,50,,2,1,0,0,1,45.0,29.0,,,1,1,1,1,2
202100036544,2021-06-04 16:30:00,2021,6,4,16,30,71,71250,Route de Macon,46.388633,4.803407,Plein jour,Hors agglomération,Hors intersection,Temps couvert,Autre collision,3,2,2,0,2,2,1,0,1,80,,4,3,0,0,1,77.0,,,,1,1,1,8,6
202100036545,2021-06-04 19:15:00,2021,6,4,19,15,42,42005,Rue Edouard Garet,45.534202,4.286862,Plein jour,En agglomération,Autre intersection,Pluie forte,Autre collision,6,-1,-1,0,1,2,2,6,1,20,,2,1,0,1,0,19.0,,,,1,2,9,3,6
202100036546,2021-06-05 15:45:00,2021,6,5,15,45,38,38328,160 CHEMIN DE MAUPAS,45.250899,5.724121,Plein jour,Hors agglomération,Hors intersection,Normale,Autre collision,7,-1,1,0,1,1,1,0,3,80,,2,1,0,0,1,52.0,,,,1,1,1,1,6
202100036547,2021-06-04 20:15:00,2021,6,4,20,15,69,69192,D504 - Col du Parasoir,46.0301783874,4.5378577709,Plein jour,Hors agglomération,Hors intersection,Pluie légère,Deux véhicules - frontale,3,2,2,0,2,3,2,0,1,80,,2,1,0,0,1,25.0,56.0,,,1,1,1,2,1
202100036548,2021-06-05 13:10:00,2021,6,5,13,10,81,81271,Route de Garrigues,43.767991,1.68822,Plein jour,En agglomération,Intersection en X,Normale,Deux véhicules - côté,3,2,2,2,1,2,1,0,1,50,,3,2,0,0,1,79.0,53.0,,,1,2,2,1,3
202100036549,2021-06-05 09:15:00,2021,6,5,9,15,65,65123,Route des 2 Cols,42.996418,0.205077,Plein jour,Hors agglomération,Hors intersection,Temps couvert,Autre collision,3,2,2,0,1,1,1,0,1,70,,2,1,0,1,0,45.0,,,,1,1,1,8,6
202100036550,2021-06-05 20:00:00,2021,6,5,20,0,79,79049,Rue Jean Jaures,46.841499,-0.490297,Plein jour,En agglomération,Hors intersection,Normale,Deux véhicules - côté,4,2,2,0,2,1,1,0,1,50,,2,1,0,1,0,18.0,49.0,,,1,2,1,1,3
202100036551,2021-06-04 21:30:00,2021,6,4,21,30,64,64325,D34,43.163299,-0.457467,Crépuscule ou aube,Hors agglomération,Hors intersection,Pluie légère,Sans collision,3,2,2,0,1,1,2,0,8,80,,1,0,1,0,0,46.0,,,,2,1,1,2,7
202100036552,2021-06-04 07:50:00,2021,6,4,7,50,33,33109,,44.695901,-0.440413,Plein jour,En agglomération,Intersection en T,Pluie légère,Deux véhicules - côté,3,2,3,0,1,1,2,5,1,50,,2,1,0,1,0,72.0,16.0,,,1,2,3,2,3
202100036553,2021-06-04 21:50:00,2021,6,4,21,50,44,44168,RD 50,47.37804,-2.1976,Crépuscule ou aube,Hors agglomération,Hors intersection,Normale,Sans collision,3,2,2,0,1,1,1,0,8,80,,1,0,1,0,0,24.0,,,,2,1,1,1,7
202100036554,2021-06-05 18:45:00,2021,6,5,18,45,27,27213,Forêt-la-folie,49.21848,1.528838,Plein jour,Hors agglomération,Intersection en Y,Normale,Deux véhicules - côté,3,2,2,0,1,3,1,0,1,80,,3,0,0,2,1,26.0,42.0,,,1,1,4,1,3
202100036555,2021-06-05 05:00:00,2021,6,5,5,0,60,60141,Rue de Paris,49.193238,2.465165,Crépuscule ou aube,En agglomération,Intersection en X,Normale,Deux véhicules - frontale,3,2,2,0,1,1,1,5,1,50,,2,1,0,0,1,,28.0,,,2,2,2,1,1
202100036556,2021-06-05 02:15:00,2021,6,5,2,15,60,60513,D92,49.204308,2.382112,Nuit avec éclairage allumé,En agglomération,Hors intersection,Normale,Deux véhicules - frontale,3,2,2,0,1,3,1,0,1,80,,2,0,0,2,0,20.0,22.0,,,5,2,1,1,1
202100036557,2021-06-05 09:00:00,2021,6,5,9,0,60,60316,D2,49.33275,2.13212,Plein jour,Hors agglomération,Autre intersection,Normale,Deux véhicules - côté,3,2,2,0,1,1,1,5,1,80,,5,0,0,3,2,22.0,50.0,,,1,1,9,1,3
202100036558,2021-06-05 16:00:00,2021,6,5,16,0,80,80685,Rue des Cordeliers,49.698571,2.784879,Plein jour,En agglomération,Hors intersection,Normale,Deux véhicules - frontale,4,2,2,0,1,4,1,0,1,50,,4,2,0,0,2,82.0,48.0,,,1,2,1,1,1
202100036559,2021-06-01 17:45:00,2021,6,1,17,45,13,13071,A5502G-sens Martigues vers A7-Marseille,43.39888,5.29201,Plein jour,Hors agglomération,Hors intersection,Normale,Deux véhicules - arrière,1,1,2,0,1,1,1,0,1,110,,2,1,0,0,1,33.0,30.0,,,1,1,1,1,2
202100036560,2021-06-01 18:40:00,2021,6,1,18,40,13,13215,A7-Sens Lyon vers Marseille,43.36512,5.36054,Plein jour,Hors agglomération,Hors intersection,Pluie légère,Deux véhicules - arrière,1,1,3,0,1,1,2,1,1,90,,5,3,0,0,2,24.0,29.0,,,1,1,1,2,2
202100036561,2021-06-02 13:10:00,2021,6,2,13,10,13,13211,A50-Sens Marseille vers Aubagne,43.29278,5.45491,Plein jour,Hors agglomération,Hors intersection,Normale,Deux véhicules - arrière,1,1,3,0,1,1,1,0,1,90,,2,1,0,0,1,44.0,27.0,,,1,1,1,1,2
202100036562,2021-05-25 19:10:00,2021,5,25,19,10,13,13015,A515CD-Gardanne vers A51-Marseille,43.42894,5.407224,Plein jour,Hors agglomération,Hors intersection,Normale,Deux véhicules - côté,1,1,2,0,1,1,1,0,1,90,,2,1,0,0,1,49.0,28.0,,,1,1,1,1,3
202100036563,2021-06-02 14:34:00,2021,6,2,14,34,69,69281,A46S   49.160 A 53.980,45.64238,4.90019,Plein jour,Hors agglomération,Hors intersection,Normale,Deux véhicules - arrière,1,3,5,0,1,1,1,0,1,110,,2,1,0,1,0,31.0,31.0,,,1,1,1,1,2
202100036564,2021-06-04 12:30:00,2021,6,4,12,30,33,33281,ROCADE A 630,44.848805,-0.668537,Plein jour,Hors agglomération,Hors intersection,Pluie légère,Trois véhicules et plus - en chaîne,1,3,6,0,1,1,2,0,1,90,,4,3,0,0,1,70.0,25.0,,,1,1,1,2,4
202100036565,2021-06-06 19:45:00,2021,6,6,19,45,59,59043,AUTOROUTE A25,50.7162298448,2.7621761545,Plein jour,Hors agglomération,Hors intersection,Normale,Autre collision,1,1,4,0,1,1,1,0,1,110,,3,1,0,1,1,51.0,47.0,,,1,1,1,1,6
202100036566,2021-06-04 09:10:00,2021,6,4,9,10,94,94034,AUTOROUTE A86,48.75581,2.34237,Plein jour,Hors agglomération,Hors intersection,Temps couvert,Deux véhicules - arrière,1,4,4,0,1,2,2,2,1,70,,2,1,0,0,1,48.0,72.0,,,1,1,1,8,2
202100036567,2021-05-03 22:15:00,2021,5,3,22,15,92,92072,N118,48.8248639427,2.2211393652,Nuit sans éclairage public,Hors agglomération,Hors intersection,Normale,Sans collision,2,1,3,3,2,2,1,0,6,70,,1,0,0,0,1,47.0,,,,3,1,1,1,7
202100036568,2021-06-04 15:20:00,2021,6,4,15,20,93,93078,AUTOROUTE A104,48.95793,2.53086,Plein jour,Hors agglomération,Hors intersection,Pluie forte,Deux véhicules - arrière,1,3,7,0,1,2,2,0,1,90,,2,1,0,0,1,26.0,28.0,,,1,1,1,3,2
202100036569,2021-06-03 22:15:00,2021,6,3,22,15,95,95028,RN 104,49.0637573911,2.3315233596,Nuit sans éclairage public,Hors agglomération,Hors intersection,Normale,Autre collision,2,1,2,0,1,2,1,0,2,90,,1,0,0,0,1,29.0,,,,3,1,1,1,6
202100036570,2021-06-03 15:50:00,2021,6,3,15,50,976,97611,mamoudzou centre-Rassi Boina Kaïm (rue),-12.78413,45.22964,Plein jour,En agglomération,Hors intersection,Normale,Autre collision,4,2,0,0,1,1,1,0,1,50,,2,1,0,0,1,35.0,,,,1,2,1,1,6
202100036571,2021-06-03 08:40:00,2021,6,3,8,40,95,95019,COUTURIER PAUL VAILLANT (AVENUE),48.98337,2.41943,Plein jour,En agglomération,Hors intersection,Normale,Autre collision,4,2,2,0,1,1,1,6,1,50,,2,1,0,0,1,62.0,,,,1,2,1,1,6
202100036572,2021-02-23 19:30:00,2021,2,23,19,30,93,93079,SAINT LEU (ROUTE),48.951967764,2.3383698692,Nuit avec éclairage allumé,En agglomération,Hors intersection,Normale,Autre collision,3,2,2,0,1,1,1,9,1,50,,2,1,0,1,0,,,,,5,2,1,1,6
202100036573,2021-06-03 08:00:00,2021,6,3,8,0,974,97416,MITTERAND (AVENUE DU PDT),-21.34857,55.49837,Plein jour,Hors agglomération,Hors intersection,Normale,Sans collision,4,2,2,0,1,1,1,0,1,80,,1,0,0,1,0,25.0,,,,1,1,1,1,7
202100036574,2021-06-03 11:10:00,2021,6,3,11,10,974,97411,CHAUDRON  (BLD 1 DU),-20.88702,55.48968,Plein jour,En agglomération,Hors intersection,Pluie légère,Sans collision,2,1,1,0,1,3,2,0,1,50,,1,0,0,0,1,52.0,,,,1,2,1,2,7
202100036575,2021-06-03 08:45:00,2021,6,3,8,45,974,97411,RAIMBAULT (CHEMIN DU PERE),-20.9113,55.40492,Plein jour,En agglomération,Hors intersection,Normale,Deux véhicules - frontale,4,2,2,0,2,2,1,0,1,50,,2,1,0,0,1,40.0,,,,1,2,1,1,1
202100036576,2021-06-02 15:00:00,2021,6,2,15,0,974,97411,LANCASTEL (BOULEVARD),-20.8767,55.45583,Plein jour,Hors agglomération,Hors intersection,Normale,Autre collision,2,-1,0,0,1,1,1,0,1,50,,4,3,0,1,0,23.0,40.0,,,1,1,1,1,6
202100036577,2021-05-21 23:10:00,2021,5,21,23,10,974,97407,COMPAGNIE DES INDES (BD DE LA) ,-20.94471,55.31703,Nuit avec éclairage allumé,En agglomération,Giratoire,Normale,Sans collision,4,2,2,1,1,1,1,0,1,50,,1,0,0,0,1,35.0,,,,5,2,6,1,7
202100036578,2021-06-03 17:20:00,2021,6,3,17,20,973,97302,MONTABO (ROUTE DE) 1,4.93956,-52.30109,Plein jour,En agglomération,Hors intersection,Normale,Deux véhicules - côté,3,2,2,0,1,1,1,0,1,50,,4,1,0,0,3,22.0,39.0,,,1,2,1,1,3
202100036579,2021-06-03 17:45:00,2021,6,3,17,45,69,69383,SERVIENT (R),45.760244773,4.8461838302,Plein jour,En agglomération,Hors intersection,Normale,Trois véhicules et plus - en chaîne,4,-1,4,0,1,1,1,0,1,50,,3,2,0,0,1,58.0,41.0,,,1,2,1,1,4
202100036580,2021-05-31 19:59:00,2021,5,31,19,59,972,97213,AUTOROUTE A1,14.61711,-61.0166,Nuit avec éclairage allumé,Hors agglomération,Hors intersection,Normale,Autre collision,1,3,5,3,1,1,1,0,6,90,,1,0,0,0,1,22.0,,,,5,1,1,1,6
202100036581,2021-06-03 01:15:00,2021,6,3,1,15,972,97213,GRAND CARAIBE (RUE DU),14.621105,-61.028581,Nuit avec éclairage allumé,En agglomération,Hors intersection,Normale,Autre collision,4,2,1,0,1,1,1,0,1,30,,2,1,0,1,0,,,,,5,2,1,1,6
202100036582,2021-06-03 17:35:00,2021,6,3,17,35,69,69081,FRANKLIN ROOSEVELT (AV),45.7672,4.76938,Plein jour,Hors agglomération,Autre intersection,Normale,Deux véhicules - côté,4,2,4,0,2,1,1,0,1,50,,2,1,0,0,1,41.0,62.0,,,1,1,9,1,3
202100036583,2021-06-03 16:40:00,2021,6,3,16,40,69,69286,ROBERT DESNOS (R),45.82323,4.90417,Plein jour,En agglomération,Intersection en T,Temps éblouissant,Deux véhicules - côté,4,2,1,0,1,1,1,0,1,30,,2,1,0,0,1,38.0,36.0,,,1,2,3,7,3
202100036584,2021-06-03 18:10:00,2021,6,3,18,10,95,95680,SALVADOR ALLENDE (BOULEVARD),49.00427,2.39475,Plein jour,En agglomération,Autre intersection,Normale,Deux véhicules - côté,4,2,2,0,1,1,1,0,1,50,,4,2,0,0,2,23.0,,,,1,2,9,1,3
202100036585,2021-06-02 08:00:00,2021,6,2,8,0,95,95598,Rue d’Eaubonne,48.99025,2.298429,Plein jour,En agglomération,Hors intersection,Temps éblouissant,Deux véhicules - frontale,4,2,2,0,1,1,1,0,1,50,,2,1,0,0,1,57.0,54.0,,,1,2,1,7,1
202100036586,2021-06-02 12:35:00,2021,6,2,12,35,95,95127,EMBELLIE (AVENUE DE L'),49.04643,2.02945,Plein jour,En agglomération,Intersection en X,Normale,Deux véhicules - côté,4,2,2,0,1,1,1,0,1,50,,5,3,0,1,1,,25.0,,,1,2,2,1,3
202100036587,2021-06-03 13:53:00,2021,6,3,13,53,91,91692,CEVENNES (RUE DES),48.67969,2.17404,Plein jour,En agglomération,Hors intersection,Normale,Deux véhicules - arrière,4,1,2,2,1,1,1,0,1,50,,2,1,0,0,1,19.0,26.0,,,1,2,1,1,2
202100036588,2021-06-03 19:31:00,2021,6,3,19,31,91,91589,AV CHARLES DE GAULLE,48.67685,2.34983,Plein jour,En agglomération,Intersection en X,Normale,Deux véhicules - côté,3,-1,0,0,2,1,1,5,1,50,,2,1,0,0,1,23.0,48.0,,,1,2,2,1,3
202100036589,2021-06-02 19:21:00,2021,6,2,19,21,87,87085,JOURDAN (PLACE),45.83224,1.26464,Plein jour,En agglomération,Intersection en X,Normale,Deux véhicules - côté,4,4,4,0,1,2,1,0,1,50,,2,1,0,0,1,21.0,37.0,,,1,2,2,1,3
202100036590,2021-06-01 17:50:00,2021,6,1,17,50,80,80021,COLBERT (RUE ),49.89417,2.27758,Plein jour,En agglomération,Hors intersection,Normale,Deux véhicules - côté,4,2,2,0,4,2,1,0,1,50,,2,1,0,0,1,25.0,47.0,,,1,2,1,1,3