accident_id,datetime,annee,mois,jour,heure,minute,departement,commune_insee,adresse,latitude,longitude,luminosite,agglomeration,intersection,meteo,collision,catr,circ,nbv,vosp,prof,plan,surf,infra,situ,vma,nb_vehicules,nb_usagers,nb_indemnes,nb_tues,nb_blesses_hosp,nb_blesses_legers,age_cond_1,age_cond_2,veh_type_cond_1,veh_type_cond_2,lum_code,agg_code,int_code,atm_code,col_code
202100036591,2021-06-03 11:10:00,2021,6,3,11,10,78,78440,STENDHAL (RUE),48.980424,1.906546,Plein jour,En agglomération,Hors intersection,Normale,Autre collision,4,1,1,0,1,2,1,0,1,50,,2,1,0,0,1,27.0,,,,1,2,1,1,6
202100036592,2021-06-02 16:55:00,2021,6,2,16,55,74,74281,EVIAN (AVENUE D'),46.37807,6.49027,Plein jour,En agglomération,Giratoire,Normale,Deux véhicules - côté,4,1,2,0,1,3,1,9,1,50,,2,1,0,1,0,40.0,42.0,,,1,2,6,1,3
202100036593,2021-06-02 11:15:00,2021,6,2,11,15,74,74012,DE GAULLE (AVENUE CHARLES),46.18627,6.24773,Plein jour,En agglomération,Intersection en X,Pluie légère,Deux véhicules - arrière,4,3,4,1,1,1,2,9,1,50,,2,1,0,0,1,23.0,70.0,,,1,2,2,2,2
202100036594,2021-06-01 18:25:00,2021,6,1,18,25,74,74010,FRANCE (AVENUE)(SECTEUR 310),45.9172,6.1328,Plein jour,En agglomération,Autre intersection,Normale,Autre collision,4,-1,0,0,1,1,1,0,4,25,,2,1,0,0,1,4.0,28.0,,,1,2,9,1,6
202100036595,2021-06-02 14:00:00,2021,6,2,14,0,72,72181,GENESLAY FELIX (AV) N° PAIRS 2 A 144,47.98123,0.2096,Plein jour,En agglomération,Intersection en T,Normale,Deux véhicules - côté,4,3,4,3,1,1,1,0,1,50,,3,1,0,0,2,45.0,26.0,,,1,2,3,1,3
202100036596,2021-06-03 08:55:00,2021,6,3,8,55,71,71306,Rue de Chez Lecuyer,46.66329,4.3358,Plein jour,Hors agglomération,Intersection en T,Normale,Deux véhicules - côté,2,1,1,0,1,1,1,3,1,50,,3,2,0,0,1,30.0,21.0,,,1,1,3,1,3
202100036597,2021-06-02 10:45:00,2021,6,2,10,45,71,71270,Avenue Charles de Gaulle,46.3147708404,4.8362453096,Plein jour,En agglomération,Hors intersection,Normale,Trois véhicules et plus - en chaîne,3,2,2,1,1,1,1,0,5,50,,3,1,0,0,2,34.0,28.0,,,1,2,1,1,4
202100036598,2021-06-03 16:20:00,2021,6,3,16,20,69,69290,SALVADOR ALLENDE (R),45.7033,4.93482,Plein jour,En agglomération,Hors intersection,Normale,Autre collision,4,2,2,0,2,1,1,9,1,50,,2,1,0,0,1,23.0,,,,1,2,1,1,6
202100036599,2021-06-02 22:00:00,2021,6,2,22,0,67,67482,ROMAINS (ROUTE DES),48.58005,7.69717,Nuit avec éclairage allumé,En agglomération,Intersection en T,Normale,Deux véhicules - côté,4,2,2,1,1,1,1,0,1,50,,3,2,0,0,1,22.0,35.0,,,5,2,3,1,3
202100036600,2021-06-02 16:50:00,2021,6,2,16,50,67,67482,DOME (RUE DU),48.5835,7.75019,Plein jour,En agglomération,Hors intersection,Normale,Deux véhicules - frontale,4,-1,1,3,1,1,1,6,1,10,,2,1,0,0,1,30.0,46.0,,,1,2,1,1,1
202100036601,2021-06-02 19:55:00,2021,6,2,19,55,64,64102,URSUYA (AVENUE DE L'),43.47866,-1.49452,Plein jour,En agglomération,Hors intersection,Normale,Deux véhicules - côté,4,-1,2,0,2,1,1,0,1,50,,2,1,0,0,1,27.0,70.0,,,1,2,1,1,3
202100036602,2021-06-03 07:47:00,2021,6,3,7,47,63,63113,CHAMPFLEURI (RUE DE),45.79006,3.09446,Plein jour,En agglomération,Hors intersection,Normale,Autre collision,4,1,2,0,1,1,1,0,1,50,,1,0,0,0,1,53.0,,,,1,2,1,1,6
202100036603,2021-06-02 10:24:00,2021,6,2,10,24,63,63019,RABELAIS (DU),45.79525,3.16364,Plein jour,En agglomération,Hors intersection,Normale,Autre collision,4,2,2,0,1,1,1,0,1,50,,2,1,0,0,1,76.0,,,,1,2,1,1,6
202100036604,2021-06-03 17:05:00,2021,6,3,17,5,59,59560,CD 925,50.53689,3.02797,Plein jour,Hors agglomération,Hors intersection,Temps éblouissant,Deux véhicules - frontale,7,2,2,0,1,1,1,0,1,50,,2,1,0,0,1,49.0,46.0,,,1,1,1,7,1
202100036605,2021-06-03 04:50:00,2021,6,3,4,50,59,59350,DUNKERQUE AVENUE DE,50.63069,3.03477,Crépuscule ou aube,En agglomération,Intersection en X,Normale,Autre collision,7,2,2,0,2,1,1,2,4,50,,3,0,0,2,1,23.0,,,,2,2,2,1,6
202100036606,2021-06-02 12:25:00,2021,6,2,12,25,59,59375,DECOURS(RUE),50.41057,3.27782,Plein jour,En agglomération,Hors intersection,Normale,Deux véhicules - côté,4,2,2,0,1,1,1,0,1,50,,2,1,0,0,1,33.0,15.0,,,1,2,1,1,3
202100036607,2021-06-02 13:40:00,2021,6,2,13,40,56,56121,EAU-COURANTE  ( BD DE L' ),47.75348,-3.36652,Plein jour,En agglomération,Hors intersection,Temps couvert,Deux véhicules - côté,4,2,2,0,1,1,1,0,1,30,,2,1,0,0,1,60.0,20.0,,,1,2,1,8,3
202100036608,2021-06-03 12:45:00,2021,6,3,12,45,49,49267,A87N,47.46542,-0.5166,Plein jour,En agglomération,Hors intersection,Normale,Autre collision,1,3,4,0,1,1,2,0,1,90,,1,0,0,0,1,21.0,,,,1,2,1,1,6
202100036609,2021-06-02 07:02:00,2021,6,2,7,2,49,49015,MENDES FRANCE AVENUE PIERRE,47.49367,-0.5761,Plein jour,En agglomération,Hors intersection,Pluie légère,Deux véhicules - frontale,4,1,2,0,1,1,2,0,1,50,,2,1,0,0,1,38.0,19.0,,,1,2,1,2,1
202100036610,2021-06-02 07:10:00,2021,6,2,7,10,48,48095,CHARLES DE GAULLE (PLACE),44.517931,3.501541,Crépuscule ou aube,En agglomération,Hors intersection,Pluie légère,Autre collision,4,1,1,0,2,1,2,9,1,50,,3,2,0,1,0,32.0,,,,2,2,1,2,6
202100036611,2021-05-29 04:00:00,2021,5,29,4,0,48,48095,HUIT MAI 1945 (AVENUE DU),44.523096,3.495696,Nuit avec éclairage allumé,En agglomération,Intersection en T,Pluie légère,Sans collision,3,2,2,0,4,1,2,0,1,50,,1,0,0,1,0,16.0,,,,5,2,3,2,7
202100036612,2021-06-03 11:00:00,2021,6,3,11,0,44,44109,COURS JOHN KENNEDY,47.21531,-1.54779,Plein jour,En agglomération,Hors intersection,Normale,Deux véhicules - côté,4,2,2,2,1,1,2,0,1,30,,2,1,0,1,0,36.0,63.0,,,1,2,1,1,3
202100036613,2021-06-03 06:50:00,2021,6,3,6,50,44,44109,JOST ( RUE LEON ),47.23857,-1.56837,Plein jour,En agglomération,Hors intersection,Pluie légère,Deux véhicules - côté,4,2,2,0,1,1,2,0,1,30,,2,1,0,1,0,21.0,41.0,,,1,2,1,2,3
202100036614,2021-06-01 19:40:00,2021,6,1,19,40,42,42218,Rue du Colonel Fabien,45.43456,4.43738,Plein jour,En agglomération,Intersection en Y,Temps éblouissant,Autre collision,7,-1,2,0,1,1,1,0,8,50,,2,1,0,0,1,28.0,,,,1,2,4,7,6
202100036615,2021-06-01 10:45:00,2021,6,1,10,45,42,42183,Rue de la Béraudière,45.4144023094,4.3752567619,Plein jour,En agglomération,Autre intersection,Normale,Deux véhicules - côté,4,1,1,0,2,2,1,9,1,50,,2,1,0,0,1,64.0,71.0,,,1,2,9,1,3
202100036616,2021-06-02 08:45:00,2021,6,2,8,45,37,37261,NATIONALE (RUE),47.3929303241,0.6876774878,Plein jour,En agglomération,Intersection en X,Pluie légère,Autre collision,4,2,0,3,1,1,2,0,1,20,,1,0,0,1,0,55.0,,,,1,2,2,2,6
202100036617,2021-06-03 08:50:00,2021,6,3,8,50,33,33069,Route du Médoc,44.87426,-0.61863,Plein jour,En agglomération,Intersection en X,Normale,Deux véhicules - côté,4,2,4,2,1,1,1,5,1,50,,2,1,0,0,1,29.0,61.0,,,1,2,2,1,3
202100036618,2021-06-02 21:10:00,2021,6,2,21,10,32,32013,TOULOUSE (ROUTE DE),43.6539,0.6112,Plein jour,En agglomération,Giratoire,Normale,Sans collision,3,2,2,0,2,2,1,0,1,50,,2,0,0,0,2,29.0,,,,1,2,6,1,7
202100036619,2021-06-03 16:20:00,2021,6,3,16,20,31,31555,ZAY (AV JEAN) DU 11AU 49,43.65154,1.42604,Plein jour,En agglomération,Intersection en T,Normale,Deux véhicules - côté,4,2,2,0,1,1,1,0,1,50,,2,1,0,1,0,32.0,22.0,,,1,2,3,1,3
202100036620,2021-06-03 02:20:00,2021,6,3,2,20,31,31555,61 Boulevard de l’Embouchure,43.613151,1.429351,Nuit avec éclairage allumé,En agglomération,Hors intersection,Normale,Sans collision,4,1,3,0,1,1,1,0,1,50,,1,0,0,1,0,29.0,,,,5,2,1,1,7
202100036621,2021-06-02 19:20:00,2021,6,2,19,20,31,31555,PL DU PDT THOMAS WILSON,43.6049,1.44674,Plein jour,En agglomération,Hors intersection,Normale,Autre collision,4,1,1,0,1,2,1,0,1,50,,2,1,0,0,1,33.0,,,,1,2,1,1,6
202100036622,2021-06-01 10:20:00,2021,6,1,10,20,30,30189,FRANCAIS LIBRES (BD),43.83768,4.32034,Plein jour,En agglomération,Hors intersection,Normale,Deux véhicules - côté,2,1,2,0,2,1,1,0,1,70,,2,1,0,0,1,33.0,48.0,,,1,2,1,1,3
202100036623,2021-06-02 08:20:00,2021,6,2,8,20,29,29232,Allee de la Nouvelle Metairie,48.0130520361,-4.0976545914,Plein jour,En agglomération,Hors intersection,Temps couvert,Deux véhicules - frontale,4,-1,2,0,2,3,1,0,1,50,,2,1,0,0,1,37.0,30.0,,,1,2,1,8,1
202100036624,2021-06-03 17:14:00,2021,6,3,17,14,27,27229,LEPOUZE (RUE),49.02863,1.15533,Plein jour,En agglomération,Intersection en T,Normale,Deux véhicules - côté,4,2,2,0,1,1,1,0,1,50,,2,1,0,0,1,20.0,17.0,,,1,2,3,1,3
202100036625,2021-06-02 19:46:00,2021,6,2,19,46,25,25462,SALINS DE (DU 0 AU 15),46.90566,6.34994,Crépuscule ou aube,En agglomération,Hors intersection,Temps couvert,Autre collision,4,1,1,0,1,1,1,0,1,50,,2,1,0,0,1,20.0,,,,2,2,1,8,6
202100036626,2021-05-22 16:55:00,2021,5,22,16,55,22,22278,RN12,48.5062073475,-2.7344490588,Plein jour,En agglomération,Hors intersection,Normale,Trois véhicules et plus - en chaîne,2,2,4,0,1,1,1,0,1,90,,4,3,0,0,1,32.0,36.0,,,1,2,1,1,4
202100036627,2021-06-02 18:15:00,2021,6,2,18,15,17,17028,FABIEN   RUE DU COLONEL,46.12966,-1.11652,Plein jour,En agglomération,Intersection en X,Normale,Deux véhicules - côté,4,2,2,0,1,1,1,0,1,50,,2,1,0,0,1,45.0,29.0,,,1,2,2,1,3
202100036628,2021-06-03 06:07:00,2021,6,3,6,7,15,15014,BRIAND (AVENUE ARISTIDE),44.92357,2.44699,Crépuscule ou aube,En agglomération,Hors intersection,Normale,Autre collision,4,2,2,0,2,1,1,0,1,50,,1,0,0,0,1,20.0,,,,2,2,1,1,6
202100036629,2021-06-02 12:20:00,2021,6,2,12,20,14,14118,Avenue Sainte Thérèse,49.16993,-0.34034,Plein jour,En agglomération,Hors intersection,Normale,Deux véhicules - arrière,4,2,2,0,1,1,1,0,8,30,,2,1,0,0,1,38.0,59.0,,,1,2,1,1,2
202100036630,2021-06-04 01:15:00,2021,6,4,1,15,13,13203,PLOMBIERES (BOULEVARD DES),43.3189,5.37887,Nuit avec éclairage allumé,En agglomération,Autre intersection,Normale,Deux véhicules - côté,4,3,4,0,1,1,1,2,1,50,,3,0,0,0,3,24.0,17.0,,,5,2,9,1,3
202100036631,2021-06-03 21:45:00,2021,6,3,21,45,13,13209,ROY D'ESPAGNE (CHEMIN),43.24414,5.39643,Nuit avec éclairage allumé,En agglomération,Intersection en X,Normale,Deux véhicules - côté,4,2,4,1,1,1,1,5,1,50,,2,1,0,1,0,23.0,16.0,,,5,2,2,1,3
202100036632,2021-06-02 17:40:00,2021,6,2,17,40,13,13004,AV DES ARCHES,43.66522,4.64613,Plein jour,En agglomération,Hors intersection,Normale,Deux véhicules - côté,3,2,0,0,1,2,1,0,1,50,,3,2,0,0,1,44.0,27.0,,,1,2,1,1,3
202100036633,2021-06-03 12:00:00,2021,6,3,12,0,12,12100,RAMADIER (AVENUE DU PDT PAUL),44.54005,2.31086,Plein jour,En agglomération,Giratoire,Normale,Autre collision,4,1,1,0,1,2,1,5,4,50,,1,0,0,0,1,94.0,,,,1,2,6,1,6
202100036634,2021-06-02 13:40:00,2021,6,2,13,40,11,11069,VILLEMOUSTAUSSOU -ROUTE DE-,43.23272,2.36206,Plein jour,Hors agglomération,Intersection en T,Temps couvert,Deux véhicules - côté,3,2,2,0,2,1,1,5,1,80,,3,1,0,0,2,40.0,44.0,,,1,1,3,8,3
202100036635,2021-06-02 22:10:00,2021,6,2,22,10,10,10387,PREIZE (RUE DE),48.30548,4.07021,Nuit avec éclairage allumé,En agglomération,Hors intersection,Normale,Autre collision,4,2,2,0,1,1,1,0,1,50,,3,2,0,0,1,20.0,,,,5,2,1,1,6
202100036636,2021-06-02 15:21:00,2021,6,2,15,21,10,10387,QUATORZE JUILLET (RUE DU),48.29486,4.08011,Plein jour,En agglomération,Hors intersection,Normale,Deux véhicules - frontale,4,1,3,1,1,1,1,0,5,50,,4,3,0,0,1,16.0,65.0,,,1,2,1,1,1
202100036637,2021-06-02 13:00:00,2021,6,2,13,0,10,10387,BEGAND (RUE),48.2912,4.06728,Plein jour,En agglomération,Giratoire,Normale,Sans collision,4,2,2,0,1,3,1,0,1,50,,2,1,0,0,1,24.0,,,,1,2,6,1,7
202100036638,2021-06-01 20:18:00,2021,6,1,20,18,10,10060,ROCADE OUEST (RD 610),48.25163,4.11049,Plein jour,Hors agglomération,Hors intersection,Normale,Deux véhicules - arrière,3,2,2,0,1,1,1,0,1,90,,2,0,1,0,1,46.0,43.0,,,1,1,1,1,2
202100036639,2021-06-03 12:00:00,2021,6,3,12,0,06,06088,VITTONE (AV.),43.671624,7.214201,Plein jour,En agglomération,Autre intersection,Normale,Autre collision,4,1,1,0,2,3,1,9,1,30,,2,0,0,0,2,15.0,,,,1,2,9,1,6
202100036640,2021-06-03 15:40:00,2021,6,3,15,40,06,06123,PUGETS ROUTE DES,43.694146,7.182846,Plein jour,Hors agglomération,Intersection en T,Normale,Deux véhicules - côté,7,2,2,0,1,4,1,0,1,50,,2,1,0,0,1,32.0,33.0,,,1,1,3,1,3
202100036641,2021-06-02 11:50:00,2021,6,2,11,50,05,05061,EYSSAGNIERES ( ROUTE DES ),44.55089,6.05515,Plein jour,En agglomération,Hors intersection,Normale,Trois véhicules et plus - en chaîne,3,2,2,0,1,2,1,0,1,50,,3,2,0,0,1,28.0,39.0,,,1,2,1,1,4
202100036642,2021-05-31 17:30:00,2021,5,31,17,30,75,75118,PORTE DE CLIGNANCOURT,48.900758,2.337189,Plein jour,En agglomération,Hors intersection,Normale,Deux véhicules - côté,4,1,4,0,1,1,1,0,1,70,,4,1,0,0,3,62.0,61.0,,,1,2,1,1,3
202100036643,2021-06-03 10:15:00,2021,6,3,10,15,75,75118,RUE ORDENER,48.891279,2.351166,Plein jour,En agglomération,Hors intersection,Normale,Deux véhicules - côté,4,2,2,0,1,1,1,0,1,30,,2,1,0,0,1,33.0,37.0,,,1,2,1,1,3
202100036644,2021-06-03 15:50:00,2021,6,3,15,50,75,75117,BOULEVARD BERTHIER,48.890117,2.303808,Plein jour,En agglomération,Intersection en X,Normale,Deux véhicules - côté,4,2,4,1,1,1,1,0,1,50,,2,1,0,0,1,27.0,31.0,,,1,2,2,1,3
202100036645,2021-06-03 12:50:00,2021,6,3,12,50,75,75117,AVENUE DE CLICHY,48.884937,2.326755,Plein jour,En agglomération,Intersection en T,Normale,Autre collision,4,2,3,1,1,1,1,0,5,30,,2,1,0,0,1,29.0,,,,1,2,3,1,6
202100036646,2021-06-03 23:00:00,2021,6,3,23,0,75,75116,BOULEVARD MURAT,48.844407,2.257071,Nuit avec éclairage allumé,En agglomération,Intersection en T,Normale,Deux véhicules - côté,4,2,2,0,1,1,1,0,1,50,,2,1,0,0,1,28.0,33.0,,,5,2,3,1,3
202100036647,2021-06-03 20:05:00,2021,6,3,20,5,75,75115,QUAI D ISSY LES MOULINEAUX,48.836447,2.267481,Plein jour,En agglomération,Hors intersection,Normale,Deux véhicules - arrière,4,1,2,0,1,1,1,0,1,50,,3,2,0,0,1,76.0,41.0,,,1,2,1,1,2
202100036648,2021-06-03 12:30:00,2021,6,3,12,30,75,75111,RUE DE CHARONNE,48.855123,2.387135,Plein jour,En agglomération,Intersection en X,Normale,Deux véhicules - côté,4,2,2,0,2,1,1,0,1,30,,3,2,0,0,1,68.0,18.0,,,1,2,2,1,3
202100036649,2021-06-03 14:47:00,2021,6,3,14,47,75,75108,AVENUE DES CHAMPS ELYSEES,48.871112,2.303521,Plein jour,En agglomération,Intersection en T,Normale,Autre collision,4,1,8,1,3,1,1,0,5,50,,2,1,0,0,1,23.0,,,,1,2,3,1,6
202100036650,2021-06-03 19:20:00,2021,6,3,19,20,75,75107,RUE DE BABYLONE,48.851697,2.31905,Plein jour,En agglomération,Intersection en X,Normale,Autre collision,4,1,1,0,1,1,1,0,1,50,,2,1,0,0,1,38.0,,,,1,2,2,1,6
202100036651,2021-06-03 14:00:00,2021,6,3,14,0,75,75107,QUAI D ORSAY,48.862534,2.319221,Plein jour,En agglomération,Hors intersection,Normale,Deux véhicules - côté,4,2,4,0,1,1,1,0,1,50,,2,1,0,0,1,37.0,48.0,,,1,2,1,1,3
202100036652,2021-06-03 15:50:00,2021,6,3,15,50,94,94076,Boulevard Maxime Gorki,48.78858,2.36835,Plein jour,En agglomération,Intersection en X,Normale,Autre collision,3,3,3,0,1,1,1,0,1,50,,2,1,0,1,0,21.0,,,,1,2,2,1,6
202100036653,2021-06-03 21:40:00,2021,6,3,21,40,94,94017,MAURICE THOREZ (AV),48.81152,2.53661,Crépuscule ou aube,En agglomération,Giratoire,Normale,Deux véhicules - frontale,3,2,2,0,1,1,1,0,1,50,,2,1,0,0,1,54.0,31.0,,,2,2,6,1,1
202100036654,2021-06-03 12:00:00,2021,6,3,12,0,94,94002,VERON (R),48.80093,2.42231,Plein jour,En agglomération,Hors intersection,Normale,Deux véhicules - côté,4,1,1,0,1,1,1,0,1,50,,1,0,0,0,1,21.0,,,,1,2,1,1,3
202100036655,2021-06-02 13:35:00,2021,6,2,13,35,94,94002,Rue Charles de Gaulle,48.81451,2.41213,Plein jour,En agglomération,Hors intersection,Normale,Sans collision,3,2,2,0,2,1,1,0,4,50,,1,0,0,0,1,30.0,,,,1,2,1,1,7
202100036656,2021-06-03 21:00:00,2021,6,3,21,0,93,93074,ILE DE FRANCE RUE DE L',48.93695,2.57427,Crépuscule ou aube,En agglomération,Hors intersection,Normale,Deux véhicules - côté,4,2,2,0,1,1,1,0,1,50,,2,1,0,0,1,30.0,37.0,,,2,2,1,1,3
202100036657,2021-06-03 12:15:00,2021,6,3,12,15,93,93072,MAXIME GORKI (BOULEVARD) DES N°1 AU 87,48.95312,2.38437,Plein jour,En agglomération,Hors intersection,Normale,Autre collision,3,2,2,0,1,1,1,0,1,50,,2,0,0,0,2,46.0,,,,1,2,1,1,6
202100036658,2021-06-03 12:25:00,2021,6,3,12,25,93,93066,Rue Danielle Casanova,48.92642,2.36634,Plein jour,En agglomération,Hors intersection,Temps couvert,Deux véhicules - arrière,4,2,2,0,1,1,1,5,1,50,,2,1,0,0,1,17.0,47.0,,,1,2,1,8,2
202100036659,2021-06-03 07:15:00,2021,6,3,7,15,93,93066,Rue du Landy,48.915328,2.354195,Plein jour,En agglomération,Hors intersection,Normale,Deux véhicules - côté,3,2,2,0,1,1,1,0,1,50,,3,2,0,0,1,25.0,27.0,,,1,2,1,1,3
202100036660,2021-06-03 08:30:00,2021,6,3,8,30,93,93064,LISBONNE (RUE DE),48.88025,2.473865,Plein jour,En agglomération,Autre intersection,Normale,Autre collision,4,2,1,0,1,1,1,9,4,50,,2,1,0,0,1,22.0,,,,1,2,9,1,6
202100036661,2021-05-27 23:05:00,2021,5,27,23,5,93,93053,Rue de Brément / Rue de Montreuil à Claye,48.88676,2.47034,Nuit avec éclairage allumé,En agglomération,Intersection en T,Normale,Deux véhicules - côté,3,3,2,0,1,1,1,0,1,50,,2,1,0,0,1,37.0,26.0,,,5,2,3,1,3
202100036662,2021-06-03 13:15:00,2021,6,3,13,15,93,93048,Rue du Docteur Calmette,48.867393,2.440141,Plein jour,En agglomération,Hors intersection,Normale,Deux véhicules - côté,4,1,1,0,1,1,1,0,1,30,,2,1,0,0,1,55.0,19.0,,,1,2,1,1,3
202100036663,2021-06-03 09:20:00,2021,6,3,9,20,93,93048,Rue des Roches / Rue Edouard Branly,48.872972,2.46222,Plein jour,En agglomération,Intersection en X,Normale,Deux véhicules - côté,4,2,2,0,2,1,1,0,1,30,,2,1,0,0,1,47.0,41.0,,,1,2,2,1,3
202100036664,2021-06-02 15:30:00,2021,6,2,15,30,93,93048,GENERAL GALLIENI (RUE DU),48.85954,2.44039,Plein jour,En agglomération,Hors intersection,Normale,Autre collision,4,1,0,3,1,1,1,6,1,20,,2,1,0,0,1,54.0,,,,1,2,1,1,6
202100036665,2021-06-02 17:30:00,2021,6,2,17,30,93,93013,LECLERC (AVENU DE LA DIVISION),48.93936,2.42999,Plein jour,En agglomération,Hors intersection,Temps couvert,Sans collision,3,3,2,0,1,1,1,0,1,50,,2,1,0,1,0,35.0,38.0,,,1,2,1,8,7
202100036666,2021-06-01 23:30:00,2021,6,1,23,30,93,93013,Rue Edouard Vaillant / Avenue de la Division Leclerc,48.93779,2.42864,Nuit avec éclairage allumé,En agglomération,Intersection en X,Normale,Deux véhicules - frontale,3,2,2,0,1,1,1,5,1,50,,2,1,0,1,0,23.0,23.0,,,5,2,2,1,1
202100036667,2021-06-03 13:40:00,2021,6,3,13,40,93,93001,FELIX FAURE (BLD)  => 118/119,48.902934,2.384036,Plein jour,En agglomération,Hors intersection,Normale,Deux véhicules - côté,3,2,2,0,1,1,1,0,1,50,,3,2,0,0,1,25.0,50.0,,,1,2,1,1,3
202100036668,2021-06-02 12:55:00,2021,6,2,12,55,92,92078,PIERRE BROSSOLETTE (RUE),48.933191,2.334111,Plein jour,En agglomération,Hors intersection,Normale,Deux véhicules - côté,4,1,1,0,1,1,1,0,1,30,,2,1,0,0,1,29.0,20.0,,,1,2,1,1,3
202100036669,2021-06-02 18:20:00,2021,6,2,18,20,92,92064,MARECHAL JUIN,48.8374708365,2.221643345,Plein jour,En agglomération,Autre intersection,Normale,Deux véhicules - côté,3,1,2,0,2,2,1,0,1,50,,2,1,0,0,1,49.0,52.0,,,1,2,9,1,3
202100036670,2021-06-03 19:20:00,2021,6,3,19,20,92,92049,PERI RUE GABRIEL N°1 A 35,48.81803,2.32237,Plein jour,En agglomération,Intersection en X,Temps éblouissant,Autre collision,3,2,3,0,1,1,1,0,1,50,,2,1,0,1,0,65.0,,,,1,2,2,7,6
202100036671,2021-06-03 07:10:00,2021,6,3,7,10,92,92012,POINT DU JOUR (QUAI DU),48.8281505782,2.2537026554,Plein jour,En agglomération,Intersection en X,Normale,Deux véhicules - côté,3,2,2,1,1,1,1,0,5,50,,2,1,0,0,1,22.0,33.0,,,1,2,2,1,3
202100036672,2021-06-02 18:40:00,2021,6,2,18,40,92,92012,EDOUARD VAILLANT (AVENUE) - DEBUT/55 - C,48.8354443649,2.2494909167,Plein jour,En agglomération,Intersection en X,Normale,Deux véhicules - côté,3,3,4,0,1,1,1,0,1,50,,2,1,0,0,1,19.0,47.0,,,1,2,2,1,3
202100036673,2021-06-03 14:00:00,2021,6,3,14,0,92,92004,COLOMBES ( RUE DE 31 A ),48.91324,2.28256,Plein jour,En agglomération,Intersection en T,Normale,Deux véhicules - arrière,3,2,0,0,1,1,1,0,1,50,,2,1,0,0,1,44.0,21.0,,,1,2,3,1,2
202100036674,2021-05-31 10:40:00,2021,5,31,10,40,51,51167,Rue de Songy,48.74538,4.397299,Plein jour,Hors agglomération,Hors intersection,Normale,Sans collision,3,2,2,0,1,2,1,0,8,-1,,1,0,0,1,0,38.0,,,,1,1,1,1,7
202100036675,2021-06-04 08:30:00,2021,6,4,8,30,01,01443,Avenue Pierre Deplanches,46.002358,5.034437,Plein jour,En agglomération,Intersection en X,Normale,Deux véhicules - frontale,4,-1,2,0,1,1,1,0,1,50,,4,0,0,0,4,19.0,61.0,,,1,2,2,1,1
202100036676,2021-06-03 15:00:00,2021,6,3,15,0,83,83072,Rond Point Jean Moulin,43.48951,6.354395,Plein jour,En agglomération,Autre intersection,Normale,Autre collision,3,1,1,3,1,1,1,5,6,50,,2,1,0,1,0,58.0,,,,1,2,9,1,6
202100036677,2021-06-03 19:45:00,2021,6,3,19,45,02,02719,rue de la république,49.595432,3.230811,Plein jour,En agglomération,Autre intersection,Normale,Deux véhicules - côté,3,2,2,0,1,1,1,0,1,50,,2,1,0,1,0,45.0,50.0,,,1,2,9,1,3
202100036678,2021-06-04 09:15:00,2021,6,4,9,15,41,41032,D173,47.545684,1.292996,Plein jour,Hors agglomération,Hors intersection,Pluie légère,Deux véhicules - frontale,3,2,2,0,1,2,2,0,1,80,,2,1,1,0,0,56.0,32.0,,,1,1,1,2,1
202100036679,2021-06-03 13:00:00,2021,6,3,13,0,2A,2A024,D69,41.775184,9.089384,Plein jour,Hors agglomération,Hors intersection,Normale,Autre collision,3,-1,2,0,1,3,1,0,1,90,,1,0,0,1,0,78.0,,,,1,1,1,1,6
202100036680,2021-06-04 11:00:00,2021,6,4,11,0,31,31044,8 rue saint Anne,43.594511,1.505159,Plein jour,En agglomération,Hors intersection,Pluie légère,Autre collision,4,1,2,0,1,2,2,0,4,50,,1,0,0,1,0,55.0,,,,1,2,1,2,6
202100036681,2021-06-04 14:05:00,2021,6,4,14,5,68,68315,92 Route de Guebwiller,47.888867,7.227201,Plein jour,En agglomération,Intersection en X,Temps éblouissant,Deux véhicules - frontale,3,2,2,0,1,1,1,5,1,50,,2,1,0,1,0,32.0,26.0,,,1,2,2,7,1
202100036682,2021-05-28 18:00:00,2021,5,28,18,0,30,30254,RN 580,44.0788,4.7082,Plein jour,Hors agglomération,Intersection en X,Normale,Trois véhicules et plus - collisions multiples,2,2,2,0,1,1,1,0,1,80,,4,1,0,1,2,32.0,46.0,,,1,1,2,1,5
202100036683,2021-05-28 10:45:00,2021,5,28,10,45,77,77028,D209,48.740707,3.10919,Plein jour,Hors agglomération,Intersection en X,Normale,Sans collision,3,2,2,0,1,1,1,5,1,80,,4,2,0,2,0,76.0,22.0,,,1,1,2,1,7
202100036684,2021-06-03 21:00:00,2021,6,3,21,0,62,62297,77 Rue du Mont,50.815679,2.146091,Crépuscule ou aube,En agglomération,Hors intersection,Normale,Sans collision,3,2,2,0,1,1,1,0,1,50,,1,0,0,1,0,25.0,,,,2,2,1,1,7
202100036685,2021-06-04 10:00:00,2021,6,4,10,0,04,04102,RD 954 - Cimetière Village noyé de l'Ubaye,44.463579,6.36217,Plein jour,Hors agglomération,Hors intersection,Normale,Autre collision,3,2,2,0,1,1,1,0,1,80,,1,0,0,0,1,63.0,,,,1,1,1,1,6
202100036686,2021-05-29 14:35:00,2021,5,29,14,35,51,51009,Promenade de l'Aube,48.582452,3.811805,Plein jour,En agglomération,Hors intersection,Normale,Sans collision,4,-1,1,0,1,1,1,0,8,50,,1,0,1,0,0,14.0,,,,1,2,1,1,7
202100036687,2021-06-03 12:20:00,2021,6,3,12,20,51,51070,D43,48.843212,3.617919,Plein jour,Hors agglomération,Hors intersection,Normale,Sans collision,3,2,2,0,2,1,1,0,3,80,,1,0,0,1,0,79.0,,,,1,1,1,1,7