accident_id,datetime,annee,mois,jour,heure,minute,departement,commune_insee,adresse,latitude,longitude,luminosite,agglomeration,intersection,meteo,collision,catr,circ,nbv,vosp,prof,plan,surf,infra,situ,vma,nb_vehicules,nb_usagers,nb_indemnes,nb_tues,nb_blesses_hosp,nb_blesses_legers,age_cond_1,age_cond_2,veh_type_cond_1,veh_type_cond_2,lum_code,agg_code,int_code,atm_code,col_code
202100036688,2021-05-31 14:15:00,2021,5,31,14,15,56,56204,D11,47.919053,-2.72064,Plein jour,En agglomération,Intersection en X,Normale,Deux véhicules - côté,3,2,2,0,3,1,1,0,1,80,,2,1,0,1,0,57.0,74.0,,,1,2,2,1,3
202100036689,2021-06-04 07:05:00,2021,6,4,7,5,77,77239,La Mare aux Grues,48.690479,3.148731,Plein jour,Hors agglomération,Intersection en X,Brouillard / fumée,Deux véhicules - côté,2,2,2,0,3,1,1,5,1,70,,2,1,0,1,0,40.0,50.0,,,1,1,2,5,3
202100036690,2021-06-03 23:15:00,2021,6,3,23,15,76,76140,D142,49.78084,0.87213,Nuit avec éclairage non allumé,Hors agglomération,Hors intersection,Normale,Autre collision,3,2,2,0,1,1,1,0,3,80,,1,0,0,1,0,19.0,,,,4,1,1,1,6
202100036691,2021-06-04 05:20:00,2021,6,4,5,20,80,80085,D941,50.199496,2.086681,Crépuscule ou aube,Hors agglomération,Hors intersection,Normale,Autre collision,3,2,2,0,1,1,1,0,8,80,,1,0,0,1,0,21.0,,,,2,1,1,1,6
202100036692,2021-06-03 11:20:00,2021,6,3,11,20,33,33490,,45.442007,-1.053421,Plein jour,Hors agglomération,Hors intersection,Normale,Sans collision,3,2,2,0,1,1,1,0,3,80,,2,0,0,1,1,49.0,,,,1,1,1,1,7
202100036693,2021-06-03 08:00:00,2021,6,3,8,0,47,47095,Route de la Digue,44.423283,0.279465,Crépuscule ou aube,Hors agglomération,Hors intersection,Normale,Sans collision,4,2,2,0,1,1,1,0,3,80,,1,0,0,1,0,16.0,,,,2,1,1,1,7
202100036694,2021-06-04 02:20:00,2021,6,4,2,20,34,34139,D15,43.425653,3.247318,Nuit sans éclairage public,Hors agglomération,Passage à niveau,Normale,Autre collision,3,2,2,0,2,1,1,4,3,80,,1,0,1,0,0,22.0,,,,3,1,8,1,6
202100036695,2021-06-03 08:55:00,2021,6,3,8,55,22,22127,Calvaire Kermacon,48.791867,-3.115418,Plein jour,Hors agglomération,Intersection en Y,Normale,Deux véhicules - frontale,4,2,2,0,2,1,2,0,1,80,,2,1,0,1,0,24.0,19.0,,,1,1,4,1,1
202100036696,2021-06-04 17:10:00,2021,6,4,17,10,38,38399,D518,45.502426,5.128915,Plein jour,En agglomération,Intersection en T,Normale,Deux véhicules - côté,3,2,2,0,1,2,1,5,1,50,,5,2,0,0,3,48.0,41.0,,,1,2,3,1,3
202100036697,2021-06-03 19:00:00,2021,6,3,19,0,03,03293,RD 2144,46.626777,2.589517,Plein jour,En agglomération,Intersection en X,Normale,Deux véhicules - côté,3,2,2,0,1,1,1,0,1,50,,2,1,0,1,0,21.0,10.0,,,1,2,2,1,3
202100036698,2021-06-01 17:45:00,2021,6,1,17,45,85,85017,A87,46.891231,-1.095738,Plein jour,Hors agglomération,Hors intersection,Normale,Autre collision,1,3,2,0,1,1,1,0,1,90,,1,0,0,1,0,33.0,,,,1,1,1,1,6
202100036699,2021-06-03 15:50:00,2021,6,3,15,50,06,06150,Route du Mont Agel,43.748112,7.401431,Plein jour,En agglomération,Hors intersection,Normale,Deux véhicules - côté,3,2,2,0,1,1,1,0,1,50,,2,1,0,0,1,19.0,25.0,,,1,2,1,1,3
202100036700,2021-06-04 18:10:00,2021,6,4,18,10,05,05056,Route de la Motte,44.638431,6.142872,Plein jour,En agglomération,Hors intersection,Normale,Deux véhicules - frontale,3,2,2,0,2,2,1,0,1,90,,2,1,0,0,1,32.0,33.0,,,1,2,1,1,1
202100036701,2021-06-04 08:00:00,2021,6,4,8,0,83,83084,"RD 30, PK 005+700",43.652907,6.106296,Plein jour,Hors agglomération,Hors intersection,Normale,Sans collision,3,2,2,0,1,1,1,0,3,80,,1,0,0,0,1,20.0,,,,1,1,1,1,7
202100036702,2021-06-03 08:10:00,2021,6,3,8,10,53,53059,D20,48.100023,-0.515971,Crépuscule ou aube,Hors agglomération,Hors intersection,Normale,Trois véhicules et plus - collisions multiples,3,2,2,0,2,1,1,0,1,80,,3,2,0,1,0,29.0,40.0,,,2,1,1,1,5
202100036703,2021-06-04 16:20:00,2021,6,4,16,20,85,85261,5 Rue du Pont,46.561058,-1.139479,Plein jour,En agglomération,Hors intersection,Normale,Autre collision,4,2,2,0,1,2,1,0,4,50,,1,0,1,0,0,16.0,,,,1,2,1,1,6
202100036704,2021-06-04 14:00:00,2021,6,4,14,0,28,28087,Herville,48.709484,1.253654,Plein jour,Hors agglomération,Intersection en T,Normale,Deux véhicules - frontale,3,2,1,0,1,1,1,0,1,80,,2,1,0,1,0,18.0,25.0,,,1,1,3,1,1
202100036705,2021-06-03 15:00:00,2021,6,3,15,0,37,37130,"Avenue du 11 novembre 1918, route départementale 59",47.0367615092,0.8452945297,Plein jour,Hors agglomération,Hors intersection,Normale,Sans collision,3,2,2,0,2,2,1,0,3,80,,1,0,1,0,0,59.0,,,,1,1,1,1,7
202100036706,2021-06-03 18:05:00,2021,6,3,18,5,48,48009,Route du Languedoc,44.71357,3.285502,Plein jour,En agglomération,Giratoire,Normale,Autre collision,3,2,2,0,2,3,8,0,1,50,,1,0,0,1,0,47.0,,,,1,2,6,1,6
202100036707,2021-06-02 07:30:00,2021,6,2,7,30,49,49040,rue d'anjou,47.339279,-1.111682,Plein jour,En agglomération,Hors intersection,Normale,Deux véhicules - arrière,3,2,2,0,2,1,1,0,1,50,,2,1,0,0,1,52.0,30.0,,,1,2,1,1,2
202100036708,2021-06-03 18:50:00,2021,6,3,18,50,973,97309,Route de Degrad des Cannes,4.876366,-52.278657,Nuit sans éclairage public,Hors agglomération,Hors intersection,Normale,Sans collision,3,2,2,0,1,1,1,0,3,80,,1,0,0,0,1,51.0,,,,3,1,1,1,7
202100036709,2021-06-03 19:00:00,2021,6,3,19,0,72,72241,AUTOROUTE A11 PK 155.500,48.060553,0.385953,Plein jour,Hors agglomération,Autre intersection,Normale,Deux véhicules - arrière,1,1,4,0,1,1,1,0,1,130,,4,2,0,0,2,31.0,62.0,,,1,1,9,1,2
202100036710,2021-06-04 18:30:00,2021,6,4,18,30,33,33005,giratoire D215/ D3E8,44.752699,-1.078232,Plein jour,En agglomération,Giratoire,Normale,Deux véhicules - côté,3,2,2,0,1,1,1,0,1,50,,2,1,0,1,0,83.0,36.0,,,1,2,6,1,3
202100036711,2021-06-04 15:00:00,2021,6,4,15,0,91,91461,Avenue d'Égly,48.585957,2.221121,Plein jour,En agglomération,Intersection en X,Normale,Deux véhicules - côté,4,2,2,0,2,1,1,0,1,50,,2,1,0,1,0,28.0,23.0,,,1,2,2,1,3
202100036712,2021-06-04 08:40:00,2021,6,4,8,40,2A,2A247,rue des turruccioli,41.600192,9.269489,Plein jour,En agglomération,Hors intersection,Normale,Deux véhicules - côté,3,2,2,0,1,1,1,0,1,50,,2,1,0,0,1,58.0,34.0,,,1,2,1,1,3
202100036713,2021-05-27 16:50:00,2021,5,27,16,50,34,34127,Avenue Pierre Grasset Morel,43.653086,4.073616,Plein jour,En agglomération,Intersection en X,Normale,Autre collision,3,2,2,0,1,1,1,0,1,30,,2,1,0,1,0,54.0,,,,1,2,2,1,6
202100036714,2021-05-18 11:45:00,2021,5,18,11,45,84,84003,246 Quai Général Leclerc,43.876524,5.399233,Plein jour,En agglomération,Hors intersection,Normale,Deux véhicules - arrière,6,-1,-1,0,1,1,1,9,1,50,,2,1,0,1,0,28.0,,,,1,2,1,1,2
202100036715,2021-06-04 14:45:00,2021,6,4,14,45,83,83127,D402,43.266472,5.805354,Plein jour,Hors agglomération,Hors intersection,Normale,Deux véhicules - frontale,3,2,2,0,1,3,1,0,1,80,,2,1,0,1,0,60.0,44.0,,,1,1,1,1,1
202100036716,2021-06-03 16:50:00,2021,6,3,16,50,06,06048,Route Departementale 2204,43.788618,7.347321,Plein jour,Hors agglomération,Hors intersection,Normale,Deux véhicules - arrière,3,2,2,0,2,1,1,0,1,80,,2,1,0,0,1,39.0,67.0,,,1,1,1,1,2
202100036717,2021-06-01 16:00:00,2021,6,1,16,0,13,13081,D113,43.496316,5.21546,Plein jour,Hors agglomération,Hors intersection,Normale,Deux véhicules - côté,7,2,2,0,1,1,1,0,1,90,,2,1,0,1,0,40.0,41.0,,,1,1,1,1,3
202100036718,2021-06-02 18:00:00,2021,6,2,18,0,67,67028,26 Rue Eugène Dischert,48.366265,7.590512,Plein jour,En agglomération,Hors intersection,Normale,Deux véhicules - côté,4,2,2,0,1,1,1,9,1,50,,2,1,0,1,0,12.0,54.0,,,1,2,1,1,3
202100036719,2021-06-04 07:15:00,2021,6,4,7,15,73,73284,D117,45.4594755209,6.5136325501,Plein jour,Hors agglomération,Hors intersection,Normale,Autre collision,3,2,2,0,2,4,1,0,1,80,,1,0,0,1,0,43.0,,,,1,1,1,1,6
202100036720,2021-05-15 10:40:00,2021,5,15,10,40,38,38537,Place Docteur Ogier,45.632668,5.147722,Plein jour,En agglomération,Giratoire,Temps couvert,Deux véhicules - arrière,3,1,1,0,1,2,2,0,1,50,,2,1,0,0,1,38.0,49.0,,,1,2,6,8,2
202100036721,2021-06-02 22:20:00,2021,6,2,22,20,38,38298,32 Rue de la République,45.375169,4.798371,Nuit avec éclairage allumé,En agglomération,Giratoire,Normale,Autre collision,3,1,2,0,1,1,1,0,1,50,,1,0,0,0,1,27.0,,,,5,2,6,1,6
202100036722,2021-06-03 13:00:00,2021,6,3,13,0,38,38316,10 Rue César Sornin,45.749618,5.178391,Plein jour,En agglomération,Hors intersection,Normale,Autre collision,3,1,1,0,1,1,1,0,4,50,,5,1,0,0,4,20.0,,,,1,2,1,1,6
202100036723,2021-06-02 16:45:00,2021,6,2,16,45,38,38348,366 Route de Montceau,45.58435,5.330831,Plein jour,En agglomération,Hors intersection,Pluie légère,Deux véhicules - frontale,3,2,2,0,1,4,2,0,1,50,,5,3,0,0,2,43.0,18.0,,,1,2,1,2,1
202100036724,2021-05-31 17:30:00,2021,5,31,17,30,07,07217,RD534,45.066179,4.755289,Plein jour,Hors agglomération,Hors intersection,Normale,Autre collision,3,2,2,0,2,2,1,0,8,80,,1,0,1,0,0,59.0,,,,1,1,1,1,6
202100036725,2021-06-03 20:05:00,2021,6,3,20,5,69,69298,D149,45.649456,4.987117,Plein jour,Hors agglomération,Intersection en Y,Normale,Deux véhicules - côté,3,2,2,0,1,1,1,0,1,80,,2,1,0,1,0,63.0,19.0,,,1,1,4,1,3
202100036726,2021-06-03 20:40:00,2021,6,3,20,40,46,46102,Lieu Dit la Vinadie,44.574261,2.026769,Crépuscule ou aube,Hors agglomération,Hors intersection,Normale,Trois véhicules et plus - en chaîne,3,2,2,0,2,2,1,0,1,80,,3,2,0,1,0,54.0,20.0,,,2,1,1,1,4
202100036727,2021-06-02 15:50:00,2021,6,2,15,50,09,09221,RN 20,42.82119,1.621208,Plein jour,En agglomération,Hors intersection,Normale,Deux véhicules - côté,2,2,2,0,1,1,1,0,1,50,,3,2,0,1,0,74.0,54.0,,,1,2,1,1,3
202100036728,2021-06-02 21:05:00,2021,6,2,21,5,17,17086,Route des Labours,45.725318,-0.574085,Crépuscule ou aube,Hors agglomération,Hors intersection,Normale,Deux véhicules - frontale,3,2,2,0,1,1,1,0,1,80,,2,0,0,1,1,23.0,27.0,,,2,1,1,1,1
202100036729,2021-06-03 02:55:00,2021,6,3,2,55,86,86222,D20,46.681267,0.387987,Nuit sans éclairage public,Hors agglomération,Hors intersection,Normale,Sans collision,3,2,2,0,4,2,1,0,8,80,,3,0,0,2,1,22.0,,,,3,1,1,1,7
202100036730,2021-06-01 15:00:00,2021,6,1,15,0,33,33539,,44.903934,-0.325379,Plein jour,En agglomération,Hors intersection,Normale,Deux véhicules - frontale,3,2,2,0,1,1,1,0,1,50,,2,0,0,1,1,86.0,57.0,,,1,2,1,1,1
202100036731,2021-06-03 20:20:00,2021,6,3,20,20,33,33100,Rond-point LECLERC,45.129561,-0.640914,Plein jour,En agglomération,Giratoire,Pluie légère,Deux véhicules - côté,3,2,2,0,1,2,2,0,1,50,,2,1,0,1,0,32.0,44.0,,,1,2,6,2,3
202100036732,2021-06-03 21:10:00,2021,6,3,21,10,33,33051,,44.659023,-0.989097,Nuit sans éclairage public,Hors agglomération,Hors intersection,Pluie forte,Autre collision,3,2,2,0,2,1,2,0,1,70,,1,0,1,0,0,42.0,,,,3,1,1,3,6
202100036733,2021-06-03 18:00:00,2021,6,3,18,0,29,29256,887,48.224644,-4.25467,Plein jour,Hors agglomération,Intersection en T,Normale,Deux véhicules - côté,3,2,2,0,1,2,1,0,1,80,,3,2,1,0,0,69.0,48.0,,,1,1,3,1,3
202100036734,2021-05-25 18:50:00,2021,5,25,18,50,13,13203,A7-Sens Lyon vers Marseille,43.317052,5.377237,Plein jour,Hors agglomération,Hors intersection,Normale,Trois véhicules et plus - en chaîne,1,1,3,3,1,1,1,0,1,90,,4,2,0,0,2,39.0,25.0,,,1,1,1,1,4
202100036735,2021-06-02 07:30:00,2021,6,2,7,30,13,13215,A7-Sens Lyon vers Marseille,43.37156,5.36107,Plein jour,Hors agglomération,Hors intersection,Pluie légère,Trois véhicules et plus - en chaîne,1,3,3,0,1,1,2,0,1,90,,6,5,0,0,1,46.0,41.0,,,1,1,1,2,4
202100036736,2021-06-03 17:20:00,2021,6,3,17,20,69,69116,A89 543.943 A 544.897 LYON/CLERM,45.83792,4.75378,Plein jour,Hors agglomération,Hors intersection,Normale,Deux véhicules - arrière,1,1,2,0,1,3,1,9,1,70,,2,1,0,1,0,27.0,64.0,,,1,1,1,1,2
202100036737,2021-06-02 04:30:00,2021,6,2,4,30,33,33167,ROUTE NATIONALE 230,44.82969,-0.50249,Nuit avec éclairage allumé,Hors agglomération,Hors intersection,Normale,Trois véhicules et plus - en chaîne,2,3,6,0,1,3,1,0,1,90,,4,2,0,0,2,60.0,26.0,,,5,1,1,1,4
202100036738,2021-06-03 15:55:00,2021,6,3,15,55,91,91377,AUTOROUTE A10,48.72169,2.29565,Plein jour,Hors agglomération,Hors intersection,Normale,Deux véhicules - arrière,1,3,3,0,1,1,1,0,1,110,,4,2,0,0,2,48.0,67.0,,,1,1,1,1,2
202100036739,2021-06-03 16:40:00,2021,6,3,16,40,95,95527,AUTOROUTE A3,48.98498,2.50683,Plein jour,Hors agglomération,Hors intersection,Normale,Deux véhicules - arrière,1,3,4,0,1,1,1,0,1,110,,2,1,0,0,1,26.0,27.0,,,1,1,1,1,2
202100036740,2021-06-03 03:10:00,2021,6,3,3,10,93,93053,AUTOROUTE A3,48.89315,2.47216,Nuit sans éclairage public,Hors agglomération,Hors intersection,Normale,Autre collision,1,3,5,0,1,3,1,0,1,90,,1,0,0,0,1,29.0,,,,3,1,1,1,6
202100036741,2021-06-02 15:00:00,2021,6,2,15,0,95,95176, A15,48.9885514803,2.2033414109,Plein jour,Hors agglomération,Hors intersection,Normale,Deux véhicules - arrière,1,3,6,0,1,1,1,0,1,110,,2,1,0,0,1,41.0,25.0,,,1,1,1,1,2
202100036742,2021-06-02 08:12:00,2021,6,2,8,12,93,93053,AUTOROUTE A3,48.8928,2.47251,Plein jour,Hors agglomération,Hors intersection,Normale,Deux véhicules - côté,1,3,10,0,1,1,1,0,1,90,,2,1,0,0,1,31.0,62.0,,,1,1,1,1,3
202100036743,2021-06-03 19:30:00,2021,6,3,19,30,94,94028,A86 INT,48.7945105647,2.4421620369,Plein jour,Hors agglomération,Hors intersection,Normale,Deux véhicules - arrière,1,3,6,0,1,1,1,0,1,90,,2,1,0,0,1,29.0,38.0,,,1,1,1,1,2
202100036744,2021-06-03 08:40:00,2021,6,3,8,40,94,94028,A86 INT,48.7761421973,2.4306734133,Plein jour,Hors agglomération,Hors intersection,Normale,Trois véhicules et plus - en chaîne,1,1,3,0,1,1,1,0,1,90,,3,2,0,0,1,31.0,43.0,,,1,1,1,1,4
202100036745,2021-06-02 16:18:00,2021,6,2,16,18,94,94017,A4,48.83028,2.49575,Plein jour,Hors agglomération,Hors intersection,Normale,Deux véhicules - arrière,1,3,3,0,1,1,1,0,1,90,,2,1,0,0,1,32.0,60.0,,,1,1,1,1,2
202100036746,2021-05-25 08:17:00,2021,5,25,8,17,91,91228,PL SALVADOR ALLENDE,48.63445,2.429594,Plein jour,En agglomération,Hors intersection,Normale,Autre collision,4,2,2,0,1,1,1,0,1,10,,2,1,0,0,1,46.0,,,,1,2,1,1,6
202100036747,2021-05-15 11:08:00,2021,5,15,11,8,52,52534,GRANDE (RUE),48.6666,4.8998,Plein jour,En agglomération,Hors intersection,Pluie légère,Deux véhicules - arrière,3,-1,2,0,1,1,1,0,1,50,,2,1,0,0,1,38.0,,,,1,2,1,2,2
202100036748,2021-05-31 21:13:00,2021,5,31,21,13,34,34032,MISTRAL FREDERIC (BD),43.34249,3.22138,Plein jour,En agglomération,Intersection en X,Normale,Deux véhicules - côté,4,2,4,0,2,1,1,0,1,50,,3,0,0,2,1,57.0,21.0,,,1,2,2,1,3
202100036749,2021-06-03 07:45:00,2021,6,3,7,45,988,98818,AVENUE BONAPARTE/Rue Théophile BETFORT,-22.23345,166.46649,Plein jour,En agglomération,Intersection en T,Normale,Autre collision,4,2,2,0,1,1,1,5,1,50,,2,1,0,0,1,47.0,,,,1,2,3,1,6
202100036750,2021-06-02 11:30:00,2021,6,2,11,30,988,98818,VAUBAN (BOULEVARD),-22.27036,166.44436,Plein jour,En agglomération,Hors intersection,Normale,Autre collision,4,1,2,0,1,1,1,0,1,30,,2,1,0,0,1,53.0,,,,1,2,1,1,6
202100036751,2021-06-03 01:35:00,2021,6,3,1,35,69,69386,EMERAUDES (DES) (R),45.76897,4.86044,Nuit avec éclairage allumé,En agglomération,Intersection en X,Normale,Deux véhicules - côté,4,2,3,3,1,1,1,0,1,50,,3,2,0,0,1,29.0,22.0,,,5,2,2,1,3
202100036752,2021-06-02 23:30:00,2021,6,2,23,30,69,69259,IRENE JOLIOT CURIE                  (BD),45.71437,4.87944,Nuit avec éclairage allumé,En agglomération,Hors intersection,Normale,Deux véhicules - arrière,7,1,3,1,1,1,1,0,1,50,,2,0,0,0,2,38.0,42.0,,,5,2,1,1,2
202100036753,2021-06-02 21:45:00,2021,6,2,21,45,69,69383,MARIUS VIVIER MERLE                 (BD),45.75539,4.85902,Nuit avec éclairage allumé,En agglomération,Hors intersection,Normale,Deux véhicules - arrière,4,1,4,0,1,1,1,0,1,50,,2,1,0,1,0,49.0,20.0,,,5,2,1,1,2
202100036754,2021-06-02 20:40:00,2021,6,2,20,40,69,69386,FRANKLIN ROOSEVELT (CR),45.76912,4.84815,Crépuscule ou aube,En agglomération,Hors intersection,Normale,Deux véhicules - côté,4,1,2,2,1,1,1,0,1,50,,3,1,0,0,2,31.0,22.0,,,2,2,1,1,3
202100036755,2021-06-02 15:45:00,2021,6,2,15,45,69,69386,VAUBAN                              (R ),45.76535,4.84862,Plein jour,En agglomération,Place,Normale,Autre collision,4,2,4,2,1,1,1,0,1,50,,2,1,0,1,0,56.0,,,,1,2,7,1,6
202100036756,2021-06-02 12:25:00,2021,6,2,12,25,69,69387,YVES FARGE (BD),45.73816,4.82977,Plein jour,En agglomération,Hors intersection,Normale,Deux véhicules - frontale,4,2,3,3,1,1,2,0,1,50,,2,1,0,0,1,20.0,54.0,,,1,2,1,1,1
202100036757,2021-05-31 15:45:00,2021,5,31,15,45,69,69386,BELGES (DES)                        (BD),45.7693340059,4.8576723023,Plein jour,En agglomération,Hors intersection,Normale,Deux véhicules - côté,4,2,4,3,1,1,1,0,1,50,,2,1,0,0,1,21.0,21.0,,,1,2,1,1,3
202100036758,2021-06-01 18:45:00,2021,6,1,18,45,972,97209,Bretelle sortie A1,14.61384485,-61.0500812531,Nuit avec éclairage allumé,En agglomération,Hors intersection,Normale,Autre collision,1,3,1,3,1,1,1,9,1,70,,1,0,0,0,1,39.0,,,,5,2,1,1,6
202100036759,2021-06-02 18:40:00,2021,6,2,18,40,69,69384,JOSEPH GILLET (Q),45.7798,4.81162,Plein jour,En agglomération,Intersection en T,Normale,Deux véhicules - côté,4,2,2,0,1,1,1,2,1,50,,2,1,0,0,1,49.0,29.0,,,1,2,3,1,3
202100036760,2021-06-02 17:15:00,2021,6,2,17,15,69,69286,CONTAMINES (DES) (R),45.82025,4.88732,Plein jour,En agglomération,Hors intersection,Normale,Autre collision,4,-1,1,0,1,1,1,0,1,50,,2,1,0,0,1,31.0,,,,1,2,1,1,6
202100036761,2021-06-01 08:00:00,2021,6,1,8,0,69,69389,OBSERVANCE (DE L')                  (MO),45.76479,4.8117,Plein jour,En agglomération,Intersection en Y,Temps éblouissant,Deux véhicules - frontale,4,2,2,0,2,1,1,0,1,50,,2,1,0,0,1,67.0,33.0,,,1,2,4,7,1
202100036762,2021-06-01 19:15:00,2021,6,1,19,15,69,69152,EUROPE (DE L')                      (BD),45.70345,4.8208,Plein jour,En agglomération,Hors intersection,Normale,Deux véhicules - arrière,7,1,2,0,1,1,1,9,1,50,,2,1,0,0,1,38.0,19.0,,,1,2,1,1,2
202100036763,2021-06-01 19:00:00,2021,6,1,19,0,69,69385,CHEMIN NEUF (DU)                    (MO),45.7594,4.8242,Plein jour,En agglomération,Hors intersection,Normale,Sans collision,4,1,2,1,4,1,1,0,1,30,,1,0,0,0,1,19.0,,,,1,2,1,1,7
202100036764,2021-06-02 13:55:00,2021,6,2,13,55,91,91689,BD ARAGO,48.7282,2.3174,Plein jour,En agglomération,Hors intersection,Normale,Deux véhicules - frontale,4,-1,2,0,1,1,1,0,1,50,,3,2,0,0,1,69.0,55.0,,,1,2,1,1,1
202100036765,2021-06-02 10:40:00,2021,6,2,10,40,91,91122,GENERAL LECLERC (RUE DU),48.69644,2.1624,Plein jour,En agglomération,Autre intersection,Normale,Autre collision,9,2,2,0,1,1,1,1,1,50,,2,1,0,0,1,24.0,,,,1,2,9,1,6
202100036766,2021-06-02 19:10:00,2021,6,2,19,10,91,91691,MARCEAU BAILLIOTI(RUE),48.70972,2.49139,Plein jour,En agglomération,Hors intersection,Normale,Autre collision,3,2,2,0,2,1,1,0,1,50,,2,1,0,0,1,30.0,,,,1,2,1,1,6
202100036767,2021-06-02 10:30:00,2021,6,2,10,30,91,91326,ESTIENNE D'ORVES (AVENUE D'),48.69,2.37,Plein jour,En agglomération,Hors intersection,Normale,Autre collision,3,2,2,0,1,1,1,8,1,30,,2,1,0,0,1,42.0,,,,1,2,1,1,6
202100036768,2021-06-02 17:15:00,2021,6,2,17,15,90,90010,ANCIEN THEATRE (RUE DE L'),47.63746,6.86276,Plein jour,En agglomération,Hors intersection,Pluie forte,Deux véhicules - côté,4,2,2,0,1,1,2,0,1,50,,2,1,0,0,1,44.0,79.0,,,1,2,1,3,3
202100036769,2021-06-01 17:22:00,2021,6,1,17,22,87,87085,LECLERC (AVENUE DU GENERAL),45.8511,1.26401,Plein jour,En agglomération,Intersection en X,Normale,Sans collision,4,2,6,0,2,2,1,5,1,50,,1,0,0,0,1,47.0,,,,1,2,2,1,7
202100036770,2021-06-01 18:55:00,2021,6,1,18,55,83,83126,ANCIENS COMBATANTS D'INDOCHINE (AV DES),43.10542,5.856504,Plein jour,En agglomération,Autre intersection,Pluie légère,Autre collision,7,3,4,1,1,1,2,0,5,50,,2,1,0,0,1,51.0,40.0,,,1,2,9,2,6
202100036771,2021-06-02 21:30:00,2021,6,2,21,30,78,78551,AYEN (D'),48.901378,2.087527,Crépuscule ou aube,En agglomération,Intersection en T,Normale,Deux véhicules - côté,4,2,2,0,1,1,1,0,1,50,,2,1,0,0,1,38.0,30.0,,,2,2,3,1,3
202100036772,2021-06-01 14:45:00,2021,6,1,14,45,78,78138,LEGRAND (RUE EDOUARD),48.9752,2.0317,Plein jour,En agglomération,Intersection en X,Normale,Deux véhicules - côté,3,2,2,0,2,1,1,5,1,50,,3,2,0,0,1,50.0,27.0,,,1,2,2,1,3
202100036773,2021-06-02 16:25:00,2021,6,2,16,25,76,76540,ERNEMONT. RUE D',49.44955,1.10146,Plein jour,En agglomération,Hors intersection,Normale,Autre collision,4,1,1,0,2,1,1,0,1,50,,2,1,0,0,1,41.0,,,,1,2,1,1,6
202100036774,2021-06-02 11:59:00,2021,6,2,11,59,71,71076,BARRAULT (RUE BATONNIER J),46.7875123404,4.8388963083,Plein jour,En agglomération,Intersection en X,Normale,Autre collision,4,2,5,0,1,1,1,5,1,50,,2,1,0,1,0,33.0,,,,1,2,2,1,6
202100036775,2021-06-02 10:55:00,2021,6,2,10,55,69,69290,HEYRIEUX (D')                       (RO),45.68781,4.94265,Plein jour,En agglomération,Hors intersection,Pluie légère,Autre collision,7,2,2,0,1,1,2,0,1,50,,2,1,0,0,1,82.0,,,,1,2,1,2,6
202100036776,2021-05-31 13:30:00,2021,5,31,13,30,67,67482,RACINE (AVENUE),48.59625,7.69843,Plein jour,En agglomération,Passage à niveau,Normale,Autre collision,4,2,2,3,1,1,1,4,6,50,,2,1,0,0,1,42.0,,,,1,2,8,1,6
202100036777,2021-06-01 16:30:00,2021,6,1,16,30,67,67180,MARIENTHAL (ROUTE DE),48.80246,7.79907,Plein jour,En agglomération,Hors intersection,Normale,Autre collision,3,3,2,0,2,1,1,9,1,50,,3,2,0,1,0,33.0,,,,1,2,1,1,6
202100036778,2021-06-01 14:31:00,2021,6,1,14,31,66,66136,ALBERT MARCELLIN,42.69077,2.89107,Plein jour,En agglomération,Hors intersection,Normale,Autre collision,4,-1,2,0,1,1,1,0,1,50,,2,1,0,0,1,47.0,,,,1,2,1,1,6
202100036779,2021-06-02 16:30:00,2021,6,2,16,30,64,64335,EUROPE DE L',43.32505,-0.43834,Plein jour,Hors agglomération,Hors intersection,Normale,Deux véhicules - arrière,4,2,3,0,1,1,1,0,1,50,,2,1,0,0,1,47.0,34.0,,,1,1,1,1,2
202100036780,2021-06-02 08:30:00,2021,6,2,8,30,64,64129,PONT D'ESPAGNE,43.295408,-0.387082,Plein jour,En agglomération,Hors intersection,Normale,Trois véhicules et plus - en chaîne,4,2,2,0,2,1,1,2,1,50,,4,2,0,0,2,30.0,31.0,,,1,2,1,1,4
202100036781,2021-06-02 15:05:00,2021,6,2,15,5,64,64024,BARRE (PROMENADE DE LA),43.50346,-1.52661,Plein jour,En agglomération,Hors intersection,Normale,Deux véhicules - arrière,4,3,2,0,1,1,1,0,1,50,,2,1,0,0,1,26.0,17.0,,,1,2,1,1,2
202100036782,2021-06-02 12:30:00,2021,6,2,12,30,64,64102,DE MARTRES (AVENUE RAYMOND),43.48696,-1.48277,Plein jour,En agglomération,Hors intersection,Normale,Deux véhicules - côté,4,2,2,0,1,1,1,0,1,50,,2,1,0,0,1,26.0,62.0,,,1,2,1,1,3
202100036783,2021-06-02 08:50:00,2021,6,2,8,50,64,64024,BUTTE AUX CAILLES (ROND POINT DE LA),43.49694,-1.50975,Plein jour,En agglomération,Giratoire,Normale,Deux véhicules - côté,4,1,2,0,1,2,1,0,1,50,,2,1,0,0,1,41.0,35.0,,,1,2,6,1,3
202100036784,2021-06-01 17:00:00,2021,6,1,17,0,64,64024,BIARRITZ (AVENUE DE),43.48016,-1.52166,Plein jour,En agglomération,Hors intersection,Temps couvert,Sans collision,4,2,2,0,1,1,1,0,1,50,,2,1,0,0,1,24.0,,,,1,2,1,8,7
202100036785,2021-06-01 08:37:00,2021,6,1,8,37,63,63113,CHANELLES (RUE DES),45.78854,3.08258,Plein jour,En agglomération,Hors intersection,Normale,Autre collision,4,2,2,0,1,1,1,0,1,50,,2,1,0,0,1,81.0,,,,1,2,1,1,6