accident_id,datetime,annee,mois,jour,heure,minute,departement,commune_insee,adresse,latitude,longitude,luminosite,agglomeration,intersection,meteo,collision,catr,circ,nbv,vosp,prof,plan,surf,infra,situ,vma,nb_vehicules,nb_usagers,nb_indemnes,nb_tues,nb_blesses_hosp,nb_blesses_legers,age_cond_1,age_cond_2,veh_type_cond_1,veh_type_cond_2,lum_code,agg_code,int_code,atm_code,col_code
202100036786,2021-06-01 18:04:00,2021,6,1,18,4,63,63075,ROYAT (AVENUE DE),45.77177,3.0596,Plein jour,En agglomération,Hors intersection,Normale,Deux véhicules - côté,7,2,2,0,2,1,1,0,1,50,,2,1,0,0,1,64.0,42.0,,,1,2,1,1,3
202100036787,2021-06-02 09:30:00,2021,6,2,9,30,59,59512,VERDUN (AVENUE DE),50.6851,3.20075,Plein jour,En agglomération,Hors intersection,Normale,Deux véhicules - arrière,4,2,2,3,1,1,1,0,1,50,,3,0,0,0,3,80.0,57.0,,,1,2,1,1,2
202100036788,2021-05-28 15:05:00,2021,5,28,15,5,59,59392,CROIX (RUE DE LA),50.27673,3.9758,Plein jour,En agglomération,Hors intersection,Normale,Deux véhicules - frontale,4,-1,2,0,1,1,1,0,1,50,,2,1,0,1,0,54.0,37.0,,,1,2,1,1,1
202100036789,2021-06-01 15:50:00,2021,6,1,15,50,59,59560,BOUVRY ROGER RUE,50.5480851378,3.0279886464,Plein jour,En agglomération,Hors intersection,Normale,Deux véhicules - côté,7,2,4,1,1,1,1,0,5,50,,2,1,0,0,1,14.0,30.0,,,1,2,1,1,3
202100036790,2021-05-31 21:50:00,2021,5,31,21,50,57,57221,LORRAINE (AVENUE DE),49.32622,6.12586,Crépuscule ou aube,En agglomération,Intersection en T,Normale,Deux véhicules - côté,3,3,3,0,1,1,1,3,1,50,,2,1,0,1,0,52.0,20.0,,,2,2,3,1,3
202100036791,2021-06-01 19:36:00,2021,6,1,19,36,56,56121,BELGIQUE (RUE  DE ),47.76067,-3.38472,Plein jour,En agglomération,Intersection en T,Normale,Deux véhicules - côté,4,2,2,0,2,1,1,0,1,50,,2,1,0,0,1,18.0,53.0,,,1,2,3,1,3
202100036792,2021-06-01 08:10:00,2021,6,1,8,10,56,56121,LOTE (RUE  RENE ),47.77297,-3.40484,Plein jour,En agglomération,Hors intersection,Normale,Deux véhicules - côté,4,2,2,0,1,1,1,0,1,50,,2,1,0,0,1,16.0,59.0,,,1,2,1,1,3
202100036793,2021-06-02 09:50:00,2021,6,2,9,50,54,54395,PHALSBOURG (RUE DE),48.6839200714,6.1808502674,Plein jour,En agglomération,Hors intersection,Normale,Deux véhicules - côté,4,1,1,2,1,1,1,-1,1,30,,2,1,0,0,1,82.0,52.0,,,1,2,1,1,3
202100036794,2021-06-02 10:49:00,2021,6,2,10,49,51,51454,Boulevard Henry Vasnier,49.2408,4.05288,Plein jour,En agglomération,Intersection en T,Temps éblouissant,Deux véhicules - côté,3,3,4,2,2,2,1,0,5,50,,2,1,0,0,1,24.0,48.0,,,1,2,3,7,3
202100036795,2021-06-01 08:38:00,2021,6,1,8,38,49,49007,AMBROISE PARE,47.4740455784,-0.5753231049,Plein jour,En agglomération,Hors intersection,Normale,Sans collision,4,-1,2,0,1,1,1,0,1,50,,2,1,0,0,1,17.0,,,,1,2,1,1,7
202100036796,2021-05-31 17:42:00,2021,5,31,17,42,49,49007,ROI RENE BOULEVARD,47.46696,-0.5546,Plein jour,En agglomération,Hors intersection,Normale,Deux véhicules - côté,4,-1,2,0,1,1,1,0,1,50,,2,1,0,0,1,22.0,20.0,,,1,2,1,1,3
202100036797,2021-06-02 08:50:00,2021,6,2,8,50,44,44162,BOULEVARD WINSTON CHURCHILL,47.20688,-1.6132,Plein jour,En agglomération,Hors intersection,Temps couvert,Autre collision,4,3,2,3,1,1,1,0,1,50,,2,1,0,0,1,36.0,,,,1,2,1,8,6
202100036798,2021-06-01 08:30:00,2021,6,1,8,30,41,41018,BROSSELETTE (AVENUE PIERRE),47.56914,1.33718,Plein jour,En agglomération,Intersection en X,Normale,Deux véhicules - arrière,3,2,3,0,1,1,1,0,1,70,,2,1,0,0,1,54.0,76.0,,,1,2,2,1,2
202100036799,2021-05-29 11:55:00,2021,5,29,11,55,40,40279,FOCH (AVENUE DU MARECHAL),43.7290786867,-1.0488898975,Plein jour,En agglomération,Intersection en T,Normale,Deux véhicules - frontale,3,2,3,1,1,1,1,0,1,50,,2,0,0,1,1,31.0,20.0,,,1,2,3,1,1
202100036800,2021-05-31 21:30:00,2021,5,31,21,30,37,37261,PONT NEUF (QUAI DU),47.3966741199,0.6808860004,Plein jour,En agglomération,Hors intersection,Normale,Autre collision,9,-1,1,3,1,1,1,2,6,5,,2,1,0,0,1,,,,,1,2,1,1,6
202100036801,2021-06-02 15:50:00,2021,6,2,15,50,35,35238,CHATEAUGIRON (DE),48.092941,-1.631045,Plein jour,En agglomération,Passage à niveau,Normale,Autre collision,4,2,2,2,1,1,1,4,1,50,,1,0,0,1,0,23.0,,,,1,2,8,1,6
202100036802,2021-06-02 09:30:00,2021,6,2,9,30,34,34003,VERDISSES (LIEU DIT LES),43.29879,3.44248,Plein jour,Hors agglomération,Hors intersection,Normale,Deux véhicules - frontale,4,2,1,0,1,4,1,0,1,50,,2,0,0,1,1,71.0,15.0,,,1,1,1,1,1
202100036803,2021-06-01 19:00:00,2021,6,1,19,0,33,33550,Avenue de Thouars,44.7834342268,-0.5931158064,Plein jour,En agglomération,Intersection en T,Normale,Deux véhicules - côté,4,2,2,0,1,2,1,0,1,50,,2,1,0,0,1,40.0,50.0,,,1,2,3,1,3
202100036804,2021-06-02 17:30:00,2021,6,2,17,30,31,31555,RUE DU LOT,43.58089,1.40887,Plein jour,En agglomération,Hors intersection,Normale,Autre collision,4,3,2,0,1,1,1,0,1,50,,2,1,0,1,0,27.0,,,,1,2,1,1,6
202100036805,2021-05-31 16:28:00,2021,5,31,16,28,31,31555,BLAGNAC (ROUTE DE),43.61635,1.40891,Plein jour,En agglomération,Autre intersection,Normale,Deux véhicules - côté,7,2,2,0,1,1,1,0,1,50,,2,0,1,0,1,61.0,33.0,,,1,2,9,1,3
202100036806,2021-06-02 17:40:00,2021,6,2,17,40,29,29232,D139 - Rond point de Becharles,48.0158728655,-4.0874406695,Plein jour,Hors agglomération,Giratoire,Normale,Deux véhicules - arrière,3,1,2,0,1,1,1,5,1,70,,2,1,0,0,1,23.0,56.0,,,1,1,6,1,2
202100036807,2021-06-02 16:00:00,2021,6,2,16,0,29,29232,Rond Point du 18 Juin 1940,48.0059117241,-4.0975025296,Plein jour,En agglomération,Giratoire,Normale,Deux véhicules - frontale,4,1,1,0,1,1,1,0,1,50,,2,1,0,0,1,16.0,51.0,,,1,2,6,1,1
202100036808,2021-05-29 20:25:00,2021,5,29,20,25,29,29019,Avenue Maréchal Foch,48.3954,-4.4883,Plein jour,En agglomération,Hors intersection,Normale,Deux véhicules - arrière,4,2,2,0,1,1,1,0,1,50,,2,1,0,0,1,26.0,33.0,,,1,2,1,1,2
202100036809,2021-06-02 13:00:00,2021,6,2,13,0,25,25462,MORTEAU DE (DU 0 AU 30),46.90573,6.35766,Plein jour,En agglomération,Giratoire,Normale,Deux véhicules - côté,3,4,10,0,1,2,1,5,1,50,,2,1,0,0,1,60.0,50.0,,,1,2,6,1,3
202100036810,2021-05-30 20:50:00,2021,5,30,20,50,25,25056,JOURNAUX CHEMIN DES,47.21782,6.00608,Plein jour,En agglomération,Autre intersection,Normale,Trois véhicules et plus - collisions multiples,4,2,2,0,1,1,1,9,1,30,,9,7,0,0,2,27.0,33.0,,,1,2,9,1,5
202100036811,2021-06-02 14:00:00,2021,6,2,14,0,17,17300,CHAUDRIER   RUE,46.16073,-1.15327,Plein jour,En agglomération,Intersection en X,Normale,Deux véhicules - côté,4,1,1,1,1,1,1,0,1,30,,2,1,0,0,1,32.0,30.0,,,1,2,2,1,3
202100036812,2021-06-02 14:20:00,2021,6,2,14,20,17,17300,MAUBEC   QUAI,46.158795,-1.149867,Plein jour,En agglomération,Hors intersection,Normale,Deux véhicules - frontale,4,2,3,0,1,1,1,9,1,50,,2,1,0,0,1,35.0,59.0,,,1,2,1,1,1
202100036813,2021-06-02 08:48:00,2021,6,2,8,48,17,17200,VENDOME   RUE DU MOULIN  DE,46.1782,-1.15301,Plein jour,En agglomération,Giratoire,Normale,Deux véhicules - côté,4,-1,2,1,1,3,1,0,1,30,,2,1,0,0,1,26.0,69.0,,,1,2,6,1,3
202100036814,2021-06-01 10:17:00,2021,6,1,10,17,17,17300,CHAUDRIER   RUE,46.16073,-1.15329,Plein jour,En agglomération,Hors intersection,Normale,Autre collision,4,2,1,1,1,1,1,0,1,30,,2,1,0,0,1,57.0,,,,1,2,1,1,6
202100036815,2021-06-03 01:30:00,2021,6,3,1,30,14,14437,D513,49.18235,-0.32101,Nuit avec éclairage allumé,Hors agglomération,Intersection en X,Normale,Deux véhicules - côté,2,1,-1,0,4,1,1,0,1,50,,4,3,0,0,1,26.0,28.0,,,5,1,2,1,3
202100036816,2021-06-02 17:41:00,2021,6,2,17,41,13,13208,PERIER (BOULEVARD),43.27756,5.37615,Plein jour,En agglomération,Hors intersection,Normale,Deux véhicules - côté,4,2,2,0,2,3,1,0,1,50,,2,0,0,0,2,47.0,30.0,,,1,2,1,1,3
202100036817,2021-06-02 17:20:00,2021,6,2,17,20,13,13209,SCHLOESING (BOULEVARD),43.27256,5.40119,Plein jour,En agglomération,Intersection en T,Normale,Deux véhicules - arrière,4,2,7,3,1,1,1,0,1,50,,5,2,0,0,3,19.0,60.0,,,1,2,3,1,2
202100036818,2021-06-02 16:50:00,2021,6,2,16,50,13,13211,JEAN LOMBARD (AVENUE),43.289889,5.426314,Plein jour,En agglomération,Intersection en T,Normale,Deux véhicules - frontale,4,2,4,0,1,1,1,0,1,50,,3,2,0,1,0,57.0,49.0,,,1,2,3,1,1
202100036819,2021-06-01 19:50:00,2021,6,1,19,50,13,13214,MARCHE D'IN (AVENUE),43.3397,5.37967,Plein jour,Hors agglomération,Hors intersection,Pluie légère,Deux véhicules - arrière,4,3,4,0,1,1,2,0,1,50,,2,1,0,1,0,,70.0,,,1,1,1,2,2
202100036820,2021-06-02 09:45:00,2021,6,2,9,45,13,13047,N1569,43.4978185484,4.9663015486,Plein jour,Hors agglomération,Hors intersection,Normale,Deux véhicules - arrière,2,2,2,0,1,1,1,0,1,80,,3,2,0,0,1,26.0,29.0,,,1,1,1,1,2
202100036821,2021-06-02 08:15:00,2021,6,2,8,15,13,13005,PALUDS (Z.I. DES ),43.2912193916,5.5935430527,Plein jour,En agglomération,Giratoire,Pluie légère,Autre collision,4,1,2,0,1,3,2,5,1,50,,2,1,0,0,1,25.0,48.0,,,1,2,6,2,6
202100036822,2021-05-28 20:21:00,2021,5,28,20,21,11,11262,CARNOT (AVENUE),43.2005,3.01936,Crépuscule ou aube,En agglomération,Giratoire,Normale,Deux véhicules - côté,3,2,2,0,1,3,1,9,1,50,,2,1,0,1,0,38.0,39.0,,,2,2,6,1,3
202100036823,2021-05-29 16:20:00,2021,5,29,16,20,11,11262,Rue de Saint-Salvayre,43.18552,2.98943,Plein jour,En agglomération,Hors intersection,Normale,Autre collision,4,2,2,0,1,1,1,9,1,50,,2,1,0,1,0,37.0,28.0,,,1,2,1,1,6
202100036824,2021-06-01 13:59:00,2021,6,1,13,59,11,11069,BARBES BD ET PROMENADE-PAIRS-,43.21047,2.34952,Plein jour,En agglomération,Hors intersection,Temps couvert,Sans collision,4,2,2,1,2,1,1,0,5,50,,1,0,0,0,1,42.0,,,,1,2,1,8,7
202100036825,2021-06-02 11:10:00,2021,6,2,11,10,06,06029,MIMONT (RUE DE),43.55528,7.02186,Plein jour,En agglomération,Hors intersection,Normale,Autre collision,4,1,1,0,1,1,1,0,1,30,,2,1,0,0,1,76.0,,,,1,2,1,1,6
202100036826,2021-06-02 19:30:00,2021,6,2,19,30,06,06027,ST LAURENT CHEMIN DE,43.664748,7.172049,Plein jour,En agglomération,Hors intersection,Normale,Deux véhicules - côté,4,2,2,0,2,1,1,0,1,50,,2,1,0,0,1,50.0,43.0,,,1,2,1,1,3
202100036827,2021-06-02 15:05:00,2021,6,2,15,5,75,75116,PORTE D AUTEUIL,48.853942,2.253986,Plein jour,En agglomération,Hors intersection,Normale,Deux véhicules - côté,4,1,4,0,1,1,1,0,1,70,,2,1,0,0,1,44.0,52.0,,,1,2,1,1,3
202100036828,2021-06-02 13:15:00,2021,6,2,13,15,75,75117,PORTE DE CLICHY,48.897468,2.312269,Plein jour,En agglomération,Intersection en Y,Normale,Autre collision,4,1,3,3,2,1,1,0,1,50,,3,2,0,0,1,32.0,,,,1,2,4,1,6
202100036829,2021-05-31 16:45:00,2021,5,31,16,45,75,75118,PORTE D AUBERVILLIERS,48.900869,2.364336,Plein jour,En agglomération,Hors intersection,Normale,Trois véhicules et plus - en chaîne,4,3,4,0,1,1,1,0,1,70,,3,2,0,0,1,54.0,54.0,,,1,2,1,1,4
202100036830,2021-05-31 17:58:00,2021,5,31,17,58,75,75118,BOULEVARD PERIPHERIQUE,48.900682,2.367073,Plein jour,En agglomération,Hors intersection,Normale,Trois véhicules et plus - en chaîne,4,2,4,0,1,1,1,0,1,70,,4,2,0,1,1,47.0,37.0,,,1,2,1,1,4
202100036831,2021-06-02 14:15:00,2021,6,2,14,15,75,75106,BOULEVARD SAINT MICHEL,48.843111,2.338469,Plein jour,En agglomération,Hors intersection,Normale,Deux véhicules - arrière,4,2,4,1,1,1,1,0,5,50,,2,1,0,0,1,38.0,17.0,,,1,2,1,1,2
202100036832,2021-06-02 14:40:00,2021,6,2,14,40,75,75120,AVENUE IBSEN,48.865519,2.411713,Plein jour,En agglomération,Intersection en X,Normale,Deux véhicules - arrière,4,1,4,0,1,1,1,0,1,50,,2,1,0,0,1,40.0,44.0,,,1,2,2,1,2
202100036833,2021-06-02 18:00:00,2021,6,2,18,0,75,75118,RUE CHAMPIONNET,48.89339,2.329037,Plein jour,En agglomération,Hors intersection,Normale,Deux véhicules - côté,4,2,2,0,1,1,1,0,1,50,,2,1,0,0,1,34.0,76.0,,,1,2,1,1,3
202100036834,2021-06-02 07:58:00,2021,6,2,7,58,75,75118,BOULEVARD BARBES,48.884469,2.349493,Plein jour,En agglomération,Intersection en T,Normale,Deux véhicules - côté,4,2,4,3,1,1,1,0,1,50,,2,1,0,0,1,59.0,36.0,,,1,2,3,1,3
202100036835,2021-06-02 19:00:00,2021,6,2,19,0,75,75117,RUE CARDINET,48.890239,2.31722,Plein jour,En agglomération,Intersection en T,Normale,Deux véhicules - côté,4,-1,2,0,1,1,1,0,1,50,,2,1,0,0,1,19.0,57.0,,,1,2,3,1,3
202100036836,2021-05-31 18:08:00,2021,5,31,18,8,75,75116,ALLEE DE LONGCHAMP,48.877265,2.278577,Plein jour,En agglomération,Intersection en T,Normale,Deux véhicules - côté,4,2,4,0,1,1,1,0,1,50,,2,1,0,0,1,33.0,69.0,,,1,2,3,1,3
202100036837,2021-06-02 14:30:00,2021,6,2,14,30,75,75115,RUE DE LA CROIX NIVERT,48.847386,2.300796,Plein jour,En agglomération,Hors intersection,Normale,Deux véhicules - côté,4,2,3,0,1,1,1,0,1,50,,2,1,0,0,1,22.0,23.0,,,1,2,1,1,3
202100036838,2021-06-02 09:10:00,2021,6,2,9,10,75,75115,RUE DE CRONSTADT,48.833886,2.301618,Plein jour,En agglomération,Hors intersection,Normale,Deux véhicules - côté,4,2,2,0,2,1,1,0,1,30,,2,1,0,0,1,27.0,32.0,,,1,2,1,1,3
202100036839,2021-06-01 21:35:00,2021,6,1,21,35,75,75115,BOULEVARD GENERAL MARTIAL VALIN,48.836162,2.278344,Crépuscule ou aube,En agglomération,Intersection en X,Normale,Deux véhicules - côté,4,2,4,0,1,1,1,0,1,50,,2,1,0,0,1,34.0,,,,2,2,2,1,3
202100036840,2021-06-01 16:00:00,2021,6,1,16,0,75,75114,AVENUE RENE COTY,48.830734,2.333866,Plein jour,En agglomération,Intersection en T,Normale,Autre collision,4,3,1,0,1,1,1,0,1,50,,2,0,0,0,2,17.0,,,,1,2,3,1,6
202100036841,2021-06-02 20:10:00,2021,6,2,20,10,75,75113,BOULEVARD MASSENA,48.81922,2.362078,Plein jour,En agglomération,Intersection en X,Normale,Autre collision,4,2,3,1,1,1,1,0,5,50,,2,1,0,0,1,50.0,,,,1,2,2,1,6
202100036842,2021-06-01 17:25:00,2021,6,1,17,25,75,75112,RUE DE REUILLY,48.84156,2.393512,Plein jour,En agglomération,Hors intersection,Normale,Deux véhicules - côté,4,2,2,0,1,1,1,0,1,50,,2,1,0,0,1,62.0,37.0,,,1,2,1,1,3
202100036843,2021-06-02 18:40:00,2021,6,2,18,40,75,75107,QUAI BRANLY,48.857723,2.291555,Plein jour,En agglomération,Hors intersection,Normale,Deux véhicules - arrière,4,2,2,1,1,1,1,0,1,50,,2,1,0,0,1,17.0,36.0,,,1,2,1,1,2
202100036844,2021-06-02 13:45:00,2021,6,2,13,45,75,75107,AVENUE DE VILLARS,48.851765,2.313872,Plein jour,En agglomération,Intersection en X,Normale,Deux véhicules - côté,4,2,3,2,1,1,1,0,1,50,,2,1,0,1,0,49.0,31.0,,,1,2,2,1,3
202100036845,2021-06-02 15:30:00,2021,6,2,15,30,75,75101,RUE SAINT HONORE,48.866612,2.328586,Plein jour,En agglomération,Intersection en X,Normale,Deux véhicules - côté,4,1,1,2,1,1,1,0,1,30,,2,1,0,0,1,21.0,,,,1,2,2,1,3
202100036846,2021-06-01 22:10:00,2021,6,1,22,10,94,94081,Quai Jules Guesde,48.80773,2.40767,Nuit avec éclairage allumé,En agglomération,Intersection en T,Normale,Sans collision,3,2,2,0,1,1,1,0,1,50,,2,1,0,0,1,35.0,29.0,,,5,2,3,1,7
202100036847,2021-05-30 01:30:00,2021,5,30,1,30,94,94081,Avenue Rouget de Lisle,48.776461011,2.3976159096,Nuit avec éclairage allumé,En agglomération,Intersection en T,Normale,Autre collision,3,2,4,0,1,1,1,0,1,50,,5,4,0,0,1,28.0,22.0,,,5,2,3,1,6
202100036848,2021-06-02 15:50:00,2021,6,2,15,50,94,94078,Avenue de Valenton,48.733485,2.451827,Plein jour,En agglomération,Hors intersection,Normale,Trois véhicules et plus - collisions multiples,4,3,2,0,1,1,1,0,1,50,,4,2,0,0,2,20.0,34.0,,,1,2,1,1,5
202100036849,2021-06-02 09:10:00,2021,6,2,9,10,94,94078,Avenue Anatole France,48.73993,2.4526,Plein jour,En agglomération,Intersection en X,Normale,Deux véhicules - côté,4,2,2,0,1,1,1,0,1,50,,2,1,0,0,1,45.0,23.0,,,1,2,2,1,3
202100036850,2021-06-01 12:15:00,2021,6,1,12,15,94,94068,CRETEIL (BD DE),48.79788,2.49761,Plein jour,En agglomération,Intersection en T,Normale,Deux véhicules - côté,3,2,2,0,1,1,1,0,1,30,,2,1,0,0,1,73.0,55.0,,,1,2,3,1,3
202100036851,2021-06-02 20:10:00,2021,6,2,20,10,94,94076,KARL MARX (AV),48.78446,2.36327,Plein jour,En agglomération,Hors intersection,Normale,Deux véhicules - frontale,4,2,2,0,1,1,1,0,1,50,,2,1,0,0,1,56.0,66.0,,,1,2,1,1,1
202100036852,2021-06-02 16:45:00,2021,6,2,16,45,94,94003,REPUBLIQUE (AV DE LA),48.8062603318,2.3338647137,Plein jour,En agglomération,Hors intersection,Normale,Sans collision,4,-1,0,0,2,1,1,0,1,50,,1,0,0,0,1,47.0,,,,1,2,1,1,7
202100036853,2021-06-02 12:10:00,2021,6,2,12,10,94,94041,LENINE (R),48.81566,2.39345,Plein jour,En agglomération,Hors intersection,Normale,Autre collision,3,1,2,0,1,1,1,0,1,50,,2,1,0,0,1,43.0,,,,1,2,1,1,6
202100036854,2021-06-01 08:47:00,2021,6,1,8,47,94,94041,SAINT JUST (R),48.81224,2.39182,Plein jour,En agglomération,Intersection en T,Normale,Autre collision,4,2,2,0,1,1,1,0,1,50,,2,1,0,0,1,50.0,,,,1,2,3,1,6
202100036855,2021-06-02 12:10:00,2021,6,2,12,10,94,94034,EDOUARD HERRIOT (AV),48.75426,2.32693,Plein jour,En agglomération,Hors intersection,Normale,Sans collision,3,1,1,0,1,1,1,0,1,50,,2,1,0,0,1,76.0,,,,1,2,1,1,7
202100036856,2021-06-02 12:45:00,2021,6,2,12,45,94,94022,STALINGRAD (BD DE),48.77065,2.40149,Plein jour,En agglomération,Intersection en X,Normale,Trois véhicules et plus - en chaîne,3,1,2,0,1,1,1,0,1,50,,3,1,0,0,2,48.0,37.0,,,1,2,2,1,4
202100036857,2021-06-02 08:00:00,2021,6,2,8,0,94,94077,PAUL BERT (R),48.731174,2.441971,Plein jour,En agglomération,Autre intersection,Normale,Deux véhicules - côté,4,2,2,0,1,1,1,0,1,30,,2,1,0,0,1,38.0,12.0,,,1,2,9,1,3
202100036858,2021-05-20 10:30:00,2021,5,20,10,30,94,94017,Rue a Trait,48.812203,2.513861,Plein jour,En agglomération,Hors intersection,Normale,Autre collision,3,2,2,0,2,1,1,0,1,50,,2,1,0,0,1,43.0,,,,1,2,1,1,6
202100036859,2021-06-02 18:30:00,2021,6,2,18,30,93,93078,CLEMENCEAU (AVENUE GEORGES),48.9553,2.56093,Plein jour,En agglomération,Hors intersection,Normale,Deux véhicules - côté,3,3,4,0,1,1,1,0,1,50,,2,0,0,0,2,50.0,36.0,,,1,2,1,1,3
202100036860,2021-05-31 19:35:00,2021,5,31,19,35,93,93070,MICHELET (AVE) : DU 1 AU 103,48.905886,2.344131,Plein jour,En agglomération,Hors intersection,Temps éblouissant,Deux véhicules - côté,3,2,2,1,1,1,1,0,6,50,,3,2,0,0,1,23.0,31.0,,,1,2,1,7,3
202100036861,2021-06-02 17:00:00,2021,6,2,17,0,93,93066,Rue Volta,48.923735,2.340046,Plein jour,En agglomération,Hors intersection,Normale,Autre collision,4,2,2,0,1,1,1,0,1,50,,2,1,0,0,1,61.0,,,,1,2,1,1,6
202100036862,2021-06-01 08:55:00,2021,6,1,8,55,93,93066,Avenue Amilcar Cabral / Rue de la Procession,48.913635,2.362966,Plein jour,En agglomération,Intersection en X,Normale,Deux véhicules - arrière,4,2,2,1,1,1,1,0,1,50,,3,2,0,0,1,26.0,,,,1,2,2,1,2
202100036863,2021-05-31 08:20:00,2021,5,31,8,20,93,93029,Avenue Henri Barbusse,48.92005,2.45139,Plein jour,En agglomération,Hors intersection,Normale,Deux véhicules - côté,3,2,2,0,1,1,1,0,1,50,,2,1,0,0,1,34.0,18.0,,,1,2,1,1,3
202100036864,2021-06-02 20:15:00,2021,6,2,20,15,93,93013,LECLERC (AVENU DE LA DIVISION),48.938897,2.429502,Plein jour,En agglomération,Hors intersection,Normale,Deux véhicules - arrière,3,1,1,1,2,1,1,2,1,50,,2,1,0,0,1,41.0,38.0,,,1,2,1,1,2
202100036865,2021-06-02 20:45:00,2021,6,2,20,45,93,93014,Allee Louis Bleriot,48.907965,2.541455,Crépuscule ou aube,En agglomération,Hors intersection,Normale,Autre collision,4,2,2,0,1,1,1,0,1,50,,2,1,0,0,1,49.0,,,,2,2,1,1,6
202100036866,2021-06-02 08:20:00,2021,6,2,8,20,93,93008,RENARD (RUE EDOUARD),48.91533,2.41335,Plein jour,En agglomération,Hors intersection,Normale,Autre collision,4,2,2,0,1,1,1,0,8,50,,2,1,0,0,1,30.0,,,,1,2,1,1,6
202100036867,2021-06-02 12:10:00,2021,6,2,12,10,93,93001,PILIER (RUE DU),48.908773,2.369935,Plein jour,En agglomération,Hors intersection,Normale,Autre collision,4,1,1,0,1,1,1,0,1,50,,2,1,0,0,1,59.0,,,,1,2,1,1,6
202100036868,2021-06-02 10:50:00,2021,6,2,10,50,92,92046,Charles de gaulle,48.8216368732,2.297641933,Plein jour,En agglomération,Hors intersection,Normale,Autre collision,3,2,0,1,2,1,1,9,5,25,,2,0,0,0,2,38.0,,,,1,2,1,1,6
202100036869,2021-06-01 18:40:00,2021,6,1,18,40,92,92051,"CHARLES DE GAULLE (AVENUE, N° 18 A 116)",48.8812020915,2.2724801302,Plein jour,En agglomération,Hors intersection,Normale,Autre collision,2,2,8,1,1,1,1,0,1,50,,2,1,0,0,1,43.0,,,,1,2,1,1,6
202100036870,2021-06-02 09:45:00,2021,6,2,9,45,92,92050,PONT DE BEZONS,48.9196334802,2.2216066718,Plein jour,En agglomération,Hors intersection,Normale,Deux véhicules - côté,3,1,2,1,1,1,1,9,5,50,,2,1,0,0,1,,43.0,,,1,2,1,1,3
202100036871,2021-06-02 08:30:00,2021,6,2,8,30,92,92050,boulevard Aimé Césaire,48.8954670664,2.2281223579,Plein jour,En agglomération,Hors intersection,Normale,Deux véhicules - côté,4,1,4,0,1,1,1,0,1,50,,2,1,0,0,1,34.0,19.0,,,1,2,1,1,3
202100036872,2021-06-01 23:10:00,2021,6,1,23,10,92,92050,MARTIN HENRI AVENUE,48.8927759556,2.1875399351,Nuit avec éclairage allumé,En agglomération,Intersection en X,Normale,Deux véhicules - arrière,3,1,2,0,1,1,1,0,1,50,,3,1,0,0,2,19.0,33.0,,,5,2,2,1,2
202100036873,2021-06-02 21:51:00,2021,6,2,21,51,92,92044,ALSACE (RUE) N°1 A 17 ET 2 A 18,48.8901800564,2.2931331396,Nuit avec éclairage non allumé,En agglomération,Hors intersection,Normale,Deux véhicules - côté,4,2,3,0,1,1,1,0,1,50,,2,1,0,0,1,,27.0,,,4,2,1,1,3
202100036874,2021-06-01 18:10:00,2021,6,1,18,10,92,92004,DOCTEUR DERVAUX  ( QUAI DU ),48.9111,2.299,Crépuscule ou aube,En agglomération,Hors intersection,Normale,Trois véhicules et plus - collisions multiples,3,3,2,0,1,1,1,1,1,70,,4,3,0,1,0,,30.0,,,2,2,1,1,5
202100036875,2021-06-02 18:05:00,2021,6,2,18,5,37,37031,7 rue des sablons,47.2773401405,0.1831841469,Plein jour,En agglomération,Hors intersection,Normale,Deux véhicules - côté,4,2,2,0,1,1,1,0,1,50,,2,1,0,0,1,,19.0,,,1,2,1,1,3
202100036876,2021-05-30 17:59:00,2021,5,30,17,59,14,14689,D562,48.98911,-0.47165,Plein jour,Hors agglomération,Hors intersection,Temps éblouissant,Trois véhicules et plus - en chaîne,3,2,2,0,2,1,1,0,1,90,,4,3,0,1,0,44.0,22.0,,,1,1,1,7,4
202100036877,2021-06-03 01:45:00,2021,6,3,1,45,95,95052,D922,49.1379975672,2.2720456123,Nuit avec éclairage allumé,En agglomération,Giratoire,Normale,Autre collision,3,2,2,0,1,3,1,5,1,70,,5,0,0,2,3,24.0,,,,5,2,6,1,6
202100036878,2021-06-03 14:20:00,2021,6,3,14,20,33,33030,,44.6199518906,-0.3239893913,Plein jour,Hors agglomération,Hors intersection,Normale,Autre collision,3,2,2,0,1,3,1,0,3,80,,1,0,1,0,0,39.0,,,,1,1,1,1,6
202100036879,2021-06-02 20:15:00,2021,6,2,20,15,42,42161,N7,45.998095,4.11305,Plein jour,Hors agglomération,Hors intersection,Normale,Autre collision,2,3,4,0,1,1,9,0,1,110,,2,0,0,0,2,21.0,,,,1,1,1,1,6
202100036880,2021-06-03 12:00:00,2021,6,3,12,0,31,31382,Chemin de Beaufort,43.450824,1.074225,Plein jour,Hors agglomération,Intersection en X,Normale,Deux véhicules - côté,4,-1,2,0,1,1,1,0,1,80,,2,1,0,1,0,39.0,77.0,,,1,1,2,1,3
202100036881,2021-06-03 09:15:00,2021,6,3,9,15,31,31547,1065 Route de Toulouse,43.505681,1.322747,Plein jour,En agglomération,Hors intersection,Normale,Deux véhicules - côté,3,2,2,0,1,1,1,0,1,50,,2,1,0,1,0,26.0,50.0,,,1,2,1,1,3
202100036882,2021-06-02 20:35:00,2021,6,2,20,35,28,28085,Autouroute A11 PK 056+800,48.434629,1.521676,Plein jour,Hors agglomération,Hors intersection,Normale,Autre collision,1,3,3,0,1,1,1,0,3,130,,1,0,0,0,1,53.0,,,,1,1,1,1,6