accident_id,datetime,annee,mois,jour,heure,minute,departement,commune_insee,adresse,latitude,longitude,luminosite,agglomeration,intersection,meteo,collision,catr,circ,nbv,vosp,prof,plan,surf,infra,situ,vma,nb_vehicules,nb_usagers,nb_indemnes,nb_tues,nb_blesses_hosp,nb_blesses_legers,age_cond_1,age_cond_2,veh_type_cond_1,veh_type_cond_2,lum_code,agg_code,int_code,atm_code,col_code
202100036883,2021-06-02 19:55:00,2021,6,2,19,55,972,97232,N6,14.560864,-60.85207,Nuit sans éclairage public,Hors agglomération,Hors intersection,Normale,Autre collision,2,2,2,0,2,2,1,0,3,80,,1,0,1,0,0,57.0,,,,3,1,1,1,6
202100036884,2021-06-01 20:25:00,2021,6,1,20,25,972,97210,Riviere Bambou,14.580915,-60.926785,Nuit sans éclairage public,Hors agglomération,Hors intersection,Normale,Deux véhicules - frontale,3,2,2,0,1,1,1,0,1,50,,2,0,0,1,1,31.0,31.0,,,3,1,1,1,1
202100036885,2021-06-02 19:30:00,2021,6,2,19,30,12,12197,L'Hopital Bellegarde,44.036725,2.581133,Plein jour,En agglomération,Intersection en X,Normale,Deux véhicules - côté,3,2,2,0,2,1,1,0,1,50,,2,1,0,1,0,56.0,24.0,,,1,2,2,1,3
202100036886,2021-06-02 18:15:00,2021,6,2,18,15,12,12157,D29,44.341767,2.740595,Plein jour,Hors agglomération,Hors intersection,Normale,Autre collision,3,2,2,0,1,3,1,0,3,90,,1,0,1,0,0,24.0,,,,1,1,1,1,6
202100036887,2021-06-02 18:50:00,2021,6,2,18,50,51,51389,D19,49.133025,4.337186,Plein jour,Hors agglomération,Intersection en X,Normale,Deux véhicules - côté,3,2,2,0,1,1,1,0,1,80,,2,1,0,0,1,42.0,39.0,,,1,1,2,1,3
202100036888,2021-06-02 01:00:00,2021,6,2,1,0,62,62439,D248,50.801527,1.876087,Nuit sans éclairage public,Hors agglomération,Hors intersection,Normale,Sans collision,3,2,2,0,1,3,9,8,1,50,,1,0,0,1,0,22.0,,,,3,1,1,1,7
202100036889,2021-06-02 19:30:00,2021,6,2,19,30,59,59432,D960,50.151861,3.263744,Plein jour,Hors agglomération,Giratoire,Normale,Trois véhicules et plus - collisions multiples,3,2,2,0,1,1,1,5,1,80,,3,1,0,1,1,21.0,45.0,,,1,1,6,1,5
202100036890,2021-06-03 10:00:00,2021,6,3,10,0,59,59164,D86,50.155656,3.579756,Plein jour,Hors agglomération,Autre intersection,Normale,Deux véhicules - côté,3,2,2,0,1,2,1,0,1,70,,2,0,0,0,2,23.0,36.0,,,1,1,9,1,3
202100036891,2021-06-03 05:40:00,2021,6,3,5,40,79,79076,,46.737846,-0.474901,Crépuscule ou aube,En agglomération,Intersection en X,Normale,Deux véhicules - côté,3,2,2,0,1,1,1,5,1,50,,2,1,0,1,0,36.0,21.0,,,2,2,2,1,3
202100036892,2021-06-01 18:30:00,2021,6,1,18,30,79,79351,,46.439365,-0.560925,Plein jour,Hors agglomération,Intersection en X,Normale,Deux véhicules - côté,3,2,2,0,1,1,1,0,1,80,,3,2,0,0,1,22.0,20.0,,,1,1,2,1,3
202100036893,2021-06-01 12:40:00,2021,6,1,12,40,2B,2B150,route territoriale 30,42.603294,8.841076,Plein jour,Hors agglomération,Hors intersection,Normale,Sans collision,2,2,2,0,2,3,1,0,1,70,,1,0,0,0,1,21.0,,,,1,1,1,1,7
202100036894,2021-06-02 21:35:00,2021,6,2,21,35,2B,2B318,Terra Rossa,42.432833,9.523317,Nuit avec éclairage allumé,Hors agglomération,Hors intersection,Normale,Autre collision,3,2,2,0,1,2,1,0,3,80,,1,0,0,0,1,41.0,,,,5,1,1,1,6
202100036895,2021-06-02 07:00:00,2021,6,2,7,0,80,80097,grande rue,49.794851,2.964265,Plein jour,En agglomération,Intersection en T,Normale,Deux véhicules - côté,3,2,2,0,1,1,1,0,1,50,,2,1,0,0,1,49.0,42.0,,,1,2,3,1,3
202100036896,2021-06-03 14:15:00,2021,6,3,14,15,61,61214,20 Rue Charles Mérouvel,48.765098,0.613816,Plein jour,En agglomération,Hors intersection,Normale,Autre collision,3,2,2,0,2,1,1,0,1,50,,1,0,0,0,1,21.0,,,,1,2,1,1,6
202100036897,2021-06-02 17:35:00,2021,6,2,17,35,49,49347,Route du Rocher,47.600862,-0.468257,Plein jour,Hors agglomération,Intersection en T,Normale,Deux véhicules - côté,3,2,2,0,1,1,1,0,1,80,,3,2,0,1,0,19.0,15.0,,,1,1,3,1,3
202100036898,2021-06-02 17:30:00,2021,6,2,17,30,42,42026,Avenue de Verdun,46.148752,4.086902,Plein jour,En agglomération,Hors intersection,Normale,Deux véhicules - arrière,3,2,2,0,1,1,1,0,1,50,,2,1,0,1,0,19.0,13.0,,,1,2,1,1,2
202100036899,2021-06-02 10:00:00,2021,6,2,10,0,25,25559,Le Trou de Chaux,47.259784,6.855791,Plein jour,Hors agglomération,Hors intersection,Normale,Autre collision,4,2,2,0,1,1,1,0,1,80,,1,0,1,0,0,89.0,,,,1,1,1,1,6
202100036900,2021-06-03 17:50:00,2021,6,3,17,50,25,25015,Grande Rue,47.03759,6.07125,Plein jour,En agglomération,Hors intersection,Normale,Autre collision,3,2,2,0,2,1,1,0,1,50,,2,1,0,1,0,61.0,,,,1,2,1,1,6
202100036901,2021-06-02 18:55:00,2021,6,2,18,55,44,44096,Rue Cornouaille Parking,47.435788,-1.228613,Crépuscule ou aube,En agglomération,Intersection en T,Temps éblouissant,Deux véhicules - côté,3,-1,2,0,1,2,1,0,1,50,,2,1,1,0,0,16.0,19.0,,,2,2,3,7,3
202100036902,2021-06-03 02:22:00,2021,6,3,2,22,02,02086,5 Rue de l Église,49.579444,3.213061,Nuit avec éclairage non allumé,En agglomération,Hors intersection,Normale,Autre collision,3,2,2,0,1,1,1,0,3,50,,2,0,0,0,2,32.0,,,,4,2,1,1,6
202100036903,2021-05-30 12:50:00,2021,5,30,12,50,01,01151,D1075,46.072996,5.323911,Plein jour,Hors agglomération,Hors intersection,Normale,Deux véhicules - côté,3,2,2,0,1,1,1,0,1,70,,2,1,0,1,0,33.0,48.0,,,1,1,1,1,3
202100036904,2021-06-03 09:45:00,2021,6,3,9,45,58,58182,La Croix Rouge,46.981266,3.806827,Plein jour,En agglomération,Hors intersection,Normale,Deux véhicules - frontale,3,-1,2,0,1,1,1,0,1,50,,3,2,0,0,1,23.0,77.0,,,1,2,1,1,1
202100036905,2021-06-02 13:35:00,2021,6,2,13,35,72,72337,2 rue du grouas,48.3165541094,-0.0316311226,Plein jour,En agglomération,Hors intersection,Normale,Deux véhicules - frontale,3,2,2,0,2,3,1,8,1,50,,2,1,1,0,0,22.0,26.0,,,1,2,1,1,1
202100036906,2021-06-02 18:40:00,2021,6,2,18,40,50,50082,39 Route de Valognes,49.476462,-1.621299,Plein jour,En agglomération,Hors intersection,Normale,Sans collision,6,-1,-1,0,1,1,1,0,8,-1,,1,0,0,1,0,48.0,,,,1,2,1,1,7
202100036907,2021-06-03 14:30:00,2021,6,3,14,30,09,09189,Mérens-les-Vals,42.611854,1.819659,Plein jour,Hors agglomération,Hors intersection,Pluie légère,Deux véhicules - côté,2,2,2,0,2,1,2,0,1,80,,2,1,0,1,0,57.0,50.0,,,1,1,1,2,3
202100036908,2021-06-03 12:20:00,2021,6,3,12,20,07,07064,Route d'Aric Industrie,44.910701,4.435258,Plein jour,En agglomération,Intersection en T,Normale,Deux véhicules - frontale,4,2,2,0,3,3,1,0,1,50,,2,0,0,0,2,36.0,28.0,,,1,2,3,1,1
202100036909,2021-06-03 17:02:00,2021,6,3,17,2,53,53258,D150,47.830593,-1.044496,Plein jour,Hors agglomération,Hors intersection,Normale,Deux véhicules - frontale,3,2,2,0,1,3,1,0,1,80,,2,1,0,1,0,49.0,22.0,,,1,1,1,1,1
202100036910,2021-06-02 12:30:00,2021,6,2,12,30,53,53062,41 Rue Garnier,47.823147,-0.707447,Plein jour,En agglomération,Hors intersection,Normale,Autre collision,3,3,2,0,1,1,1,9,1,-1,,2,1,0,1,0,49.0,,,,1,2,1,1,6
202100036911,2021-06-02 18:40:00,2021,6,2,18,40,04,04145,Montée des Oliviers,44.13511,5.958581,Plein jour,En agglomération,Intersection en T,Normale,Autre collision,4,2,2,0,1,1,1,0,8,30,,1,0,0,1,0,49.0,,,,1,2,3,1,6
202100036912,2021-06-01 18:00:00,2021,6,1,18,0,85,85022,Rue du Lavoir,46.428954,-1.425176,Plein jour,En agglomération,Hors intersection,Normale,Autre collision,4,2,2,0,1,1,1,0,4,50,,2,0,0,0,2,38.0,,,,1,2,1,1,6
202100036913,2021-05-30 15:30:00,2021,5,30,15,30,85,85103,Rue du Moulin,46.540209,-1.614937,Plein jour,En agglomération,Giratoire,Normale,Sans collision,3,1,2,0,1,1,1,0,1,50,,1,0,0,0,1,22.0,,,,1,2,6,1,7
202100036914,2021-05-29 21:25:00,2021,5,29,21,25,08,08336,RD317,49.658444,5.169164,Crépuscule ou aube,Hors agglomération,Intersection en X,Normale,Deux véhicules - côté,3,2,2,0,4,1,1,5,1,80,,4,3,0,1,0,25.0,20.0,,,2,1,2,1,3
202100036915,2021-06-02 08:00:00,2021,6,2,8,0,88,88510,Passage à niveau,48.095,5.774968,Plein jour,En agglomération,Passage à niveau,Temps éblouissant,Deux véhicules - côté,4,2,2,0,2,1,1,4,6,50,,2,1,1,0,0,39.0,28.0,,,1,2,8,7,3
202100036916,2021-06-01 20:30:00,2021,6,1,20,30,67,67049,29 Rue du Maréchal Foch,48.504635,7.604508,Plein jour,En agglomération,Intersection en T,Normale,Sans collision,7,2,2,0,1,1,1,0,1,50,,1,0,0,1,0,65.0,,,,1,2,3,1,7
202100036917,2021-06-02 19:50:00,2021,6,2,19,50,973,97309,Route de Montjoly,4.924641,-52.284976,Nuit avec éclairage allumé,En agglomération,Hors intersection,Normale,Autre collision,3,2,2,2,1,1,1,0,1,50,,2,0,0,1,1,29.0,,,,5,2,1,1,6
202100036918,2021-05-31 08:15:00,2021,5,31,8,15,66,66213,Avenue du Père Pinya,42.672308,2.833507,Plein jour,En agglomération,Giratoire,Normale,Autre collision,4,2,2,0,1,1,1,0,1,50,,2,1,0,1,0,89.0,,,,1,2,6,1,6
202100036919,2021-06-02 16:15:00,2021,6,2,16,15,17,17189,départementale 123,45.824195195,-1.0557969418,Plein jour,Hors agglomération,Intersection en T,Normale,Deux véhicules - arrière,3,2,2,0,1,1,1,0,1,80,,2,1,0,1,0,50.0,68.0,,,1,1,3,1,2
202100036920,2021-06-03 06:30:00,2021,6,3,6,30,28,28367,A10 - PK 72+292 - direction PARIS,48.148787,1.855799,Plein jour,Hors agglomération,Hors intersection,Normale,Deux véhicules - arrière,1,2,3,0,1,1,1,0,1,130,,2,1,0,1,0,49.0,35.0,,,1,1,1,1,2
202100036921,2021-06-03 13:35:00,2021,6,3,13,35,13,13076,Autoroute A7 PK 208+740 Sens LYON/MARSEILLE,43.83277,5.006397,Plein jour,Hors agglomération,Hors intersection,Normale,Deux véhicules - arrière,1,2,3,0,1,1,1,0,1,130,,4,0,0,1,3,35.0,46.0,,,1,1,1,1,2
202100036922,2021-06-03 06:00:00,2021,6,3,6,0,988,98825,Route de OUATE,-21.258581,165.022459,Crépuscule ou aube,Hors agglomération,Hors intersection,Normale,Autre collision,4,2,2,0,1,1,1,0,3,50,,1,0,0,1,0,24.0,,,,2,1,1,1,6
202100036923,2021-06-02 18:00:00,2021,6,2,18,0,25,25446,D464,47.28027,6.389446,Plein jour,Hors agglomération,Intersection en X,Normale,Deux véhicules - frontale,3,2,2,0,2,1,1,0,1,80,,3,0,0,3,0,60.0,84.0,,,1,1,2,1,1
202100036924,2021-06-02 18:40:00,2021,6,2,18,40,57,57260,Rue du cimetière,49.161951,7.031593,Plein jour,En agglomération,Hors intersection,Normale,Autre collision,4,-1,2,0,1,1,1,0,8,20,,2,1,0,1,0,30.0,,,,1,2,1,1,6
202100036925,2021-06-03 03:00:00,2021,6,3,3,0,69,69255,LYON (DE) (R),45.7354733927,4.6683145117,Nuit sans éclairage public,Hors agglomération,Hors intersection,Normale,Autre collision,3,2,2,0,1,2,1,0,3,70,,3,0,0,0,3,19.0,,,,3,1,1,1,6
202100036926,2021-06-02 18:20:00,2021,6,2,18,20,72,72185,La Croix Marie,47.708744,0.002736,Plein jour,Hors agglomération,Hors intersection,Normale,Sans collision,3,2,2,0,1,1,1,0,1,-1,,1,0,0,1,0,40.0,,,,1,1,1,1,7
202100036927,2021-06-02 21:35:00,2021,6,2,21,35,44,44025,Bessac,47.442809,-1.948464,Crépuscule ou aube,Hors agglomération,Hors intersection,Normale,Sans collision,3,2,2,0,1,2,1,0,3,80,,1,0,0,1,0,21.0,,,,2,1,1,1,7
202100036928,2021-06-02 17:45:00,2021,6,2,17,45,14,14762,D109,48.862484,-0.886824,Plein jour,Hors agglomération,Hors intersection,Normale,Sans collision,3,2,2,0,2,3,1,0,1,90,,4,3,0,0,1,19.0,,,,1,1,1,1,7
202100036929,2021-06-03 10:15:00,2021,6,3,10,15,60,60341,Route nationale 2 ,49.0850855572,2.7311582563,Plein jour,Hors agglomération,Hors intersection,Normale,Autre collision,2,3,4,0,1,1,1,0,2,110,,1,0,1,0,0,29.0,,,,1,1,1,1,6
202100036930,2021-06-03 13:15:00,2021,6,3,13,15,60,60028,RD 330,49.215323,2.556837,Plein jour,Hors agglomération,Hors intersection,Normale,Deux véhicules - arrière,3,2,2,0,1,1,1,0,1,80,,2,1,0,0,1,42.0,21.0,,,1,1,1,1,2
202100036931,2021-06-02 16:30:00,2021,6,2,16,30,13,13015,A515CD-Gardanne vers A51-Marseille,43.42877,5.40066,Plein jour,Hors agglomération,Hors intersection,Normale,Deux véhicules - arrière,1,1,3,0,1,1,1,0,1,110,,2,1,0,0,1,21.0,31.0,,,1,1,1,1,2
202100036932,2021-06-02 07:55:00,2021,6,2,7,55,13,13071,A7-Sens Lyon vers Marseille,43.41411,5.27956,Plein jour,Hors agglomération,Hors intersection,Pluie légère,Deux véhicules - arrière,1,1,2,0,1,1,2,0,1,90,,3,2,0,0,1,39.0,30.0,,,1,1,1,2,2
202100036933,2021-06-02 03:30:00,2021,6,2,3,30,69,69283,A46S   43.680 A 47.880,45.67125,4.93727,Nuit sans éclairage public,Hors agglomération,Hors intersection,Normale,Autre collision,1,3,2,0,1,1,1,0,1,90,,2,1,0,1,0,60.0,,,,3,1,1,1,6
202100036934,2021-05-31 17:35:00,2021,5,31,17,35,33,33249,ROUTE NATIONALE 230,44.87421,-0.507037,Plein jour,Hors agglomération,Hors intersection,Normale,Trois véhicules et plus - en chaîne,2,3,6,0,1,1,1,0,1,90,,4,2,0,0,2,49.0,29.0,,,1,1,1,1,4
202100036935,2021-06-01 16:55:00,2021,6,1,16,55,59,59378,ROUTE NATIONALE 356,50.658821,3.112781,Plein jour,Hors agglomération,Hors intersection,Normale,Trois véhicules et plus - en chaîne,2,3,6,0,1,1,1,0,1,90,,3,2,0,0,1,70.0,45.0,,,1,1,1,1,4
202100036936,2021-06-02 19:58:00,2021,6,2,19,58,91,91687,AUTOROUTE A6,48.66408,2.36572,Plein jour,Hors agglomération,Hors intersection,Normale,Trois véhicules et plus - en chaîne,1,1,3,0,2,1,1,0,1,110,,3,2,0,0,1,,26.0,,,1,1,1,1,4
202100036937,2021-06-02 16:35:00,2021,6,2,16,35,91,91161,AUTOROUTE A6,48.70866,2.30662,Plein jour,Hors agglomération,Hors intersection,Normale,Deux véhicules - côté,1,1,3,0,1,1,1,0,2,110,,2,1,0,0,1,45.0,,,,1,1,1,1,3
202100036938,2021-06-02 07:00:00,2021,6,2,7,0,93,93053,AUTOROUTE A3,48.8819,2.4538,Plein jour,Hors agglomération,Hors intersection,Normale,Trois véhicules et plus - en chaîne,1,3,8,0,1,1,1,0,1,90,,4,2,0,0,2,40.0,37.0,,,1,1,1,1,4
202100036939,2021-06-01 18:40:00,2021,6,1,18,40,95,95582,RD 170,48.96366,2.2666,Plein jour,Hors agglomération,Hors intersection,Normale,Trois véhicules et plus - en chaîne,3,3,7,0,1,1,1,0,1,90,,4,2,0,0,2,28.0,39.0,,,1,1,1,1,4
202100036940,2021-06-01 19:10:00,2021,6,1,19,10,93,93001,AUTOROUTE A86,48.92199,2.36541,Plein jour,Hors agglomération,Hors intersection,Normale,Trois véhicules et plus - collisions multiples,1,3,10,0,4,1,1,2,1,90,,4,3,0,0,1,46.0,35.0,,,1,1,1,1,5
202100036941,2021-05-31 21:15:00,2021,5,31,21,15,93,93048,AUTOROUTE A3,48.87313,2.43592,Nuit sans éclairage public,Hors agglomération,Hors intersection,Normale,Deux véhicules - arrière,1,3,10,0,1,1,1,0,1,90,,2,1,0,0,1,33.0,,,,3,1,1,1,2
202100036942,2021-05-30 23:00:00,2021,5,30,23,0,93,93053,AUTOROUTE A3,48.8958,2.47074,Nuit sans éclairage public,Hors agglomération,Hors intersection,Normale,Sans collision,1,3,8,0,1,1,1,0,1,70,,5,0,0,0,5,24.0,,,,3,1,1,1,7
202100036943,2021-05-17 16:35:00,2021,5,17,16,35,11,11262,Avenue Charles Trenet,43.18481,2.99785,Plein jour,En agglomération,Intersection en T,Normale,Deux véhicules - arrière,3,2,2,0,1,1,1,9,1,50,,4,1,0,0,3,39.0,25.0,,,1,2,3,1,2
202100036944,2021-05-04 07:23:00,2021,5,4,7,23,976,97611,kaweni-Kaweni nord ( Z I ),-12.77279,45.22267,Plein jour,Hors agglomération,Hors intersection,Normale,Autre collision,4,2,0,0,1,1,1,0,8,50,,2,1,0,0,1,29.0,,,,1,1,1,1,6
202100036945,2021-06-01 08:15:00,2021,6,1,8,15,76,76231,NEUBOURG. RUE DU (RN 840),49.28002,1.00747,Plein jour,En agglomération,Hors intersection,Normale,Autre collision,7,2,2,0,2,1,1,0,1,50,,2,1,0,0,1,37.0,,,,1,2,1,1,6
202100036946,2021-03-29 08:11:00,2021,3,29,8,11,75,75113,RUE DU CHEVALERET,48.833699,2.368778,Plein jour,En agglomération,Hors intersection,Normale,Autre collision,4,1,1,0,1,1,1,0,1,50,,1,0,0,0,1,32.0,,,,1,2,1,1,6
202100036947,2021-06-02 04:05:00,2021,6,2,4,5,988,98818,AVENUE DU MARECHAL FOCH,-22.28019,166.44326,Nuit avec éclairage allumé,En agglomération,Intersection en X,Normale,Deux véhicules - côté,4,2,2,0,3,1,2,0,1,50,,4,2,0,0,2,38.0,41.0,,,5,2,2,1,3
202100036948,2021-06-01 07:25:00,2021,6,1,7,25,976,97611,m'tsapere-Nationale 2 (route),-12.79645,45.21588,Plein jour,En agglomération,Giratoire,Normale,Deux véhicules - arrière,2,2,0,0,1,1,1,0,1,50,,2,1,0,0,1,24.0,23.0,,,1,2,6,1,2
202100036949,2021-05-31 12:10:00,2021,5,31,12,10,974,97411,LORY LES HAUTS (RUE),-20.89797,55.480361,Plein jour,En agglomération,Hors intersection,Normale,Deux véhicules - côté,9,2,2,3,1,1,1,0,1,50,,3,1,0,0,2,21.0,29.0,,,1,2,1,1,3
202100036950,2021-05-31 07:30:00,2021,5,31,7,30,974,97411,LITTORAL (ROUTE 1 DU),-20.8927290542,55.3795543979,Crépuscule ou aube,Hors agglomération,Hors intersection,Normale,Deux véhicules - arrière,2,2,4,0,1,1,1,0,1,90,,3,1,0,0,2,40.0,39.0,,,2,1,1,1,2
202100036951,2021-06-01 19:45:00,2021,6,1,19,45,69,69259,AMBROISE CROIZAT (BD),45.69988,4.88768,Plein jour,En agglomération,Hors intersection,Normale,Autre collision,7,3,4,0,1,1,1,0,1,50,,2,1,0,0,1,42.0,,,,1,2,1,1,6
202100036952,2021-06-01 15:55:00,2021,6,1,15,55,69,69387,RAULIN (R),45.74665,4.83443,Plein jour,En agglomération,Intersection en X,Normale,Deux véhicules - côté,4,1,1,2,1,1,1,0,1,50,,5,4,0,0,1,39.0,42.0,,,1,2,2,1,3
202100036953,2021-06-01 17:05:00,2021,6,1,17,5,69,69383,VICTOR AUGAGNEUR (QU),45.75725,4.84081,Plein jour,En agglomération,Intersection en T,Normale,Deux véhicules - côté,4,2,3,0,1,1,1,0,1,30,,2,1,0,0,1,57.0,39.0,,,1,2,3,1,3
202100036954,2021-06-01 14:50:00,2021,6,1,14,50,69,69388,FRERES LUMIERE (DES) (AV),45.74487,4.86709,Plein jour,En agglomération,Hors intersection,Normale,Deux véhicules - côté,4,1,1,2,1,1,1,0,5,50,,2,1,0,0,1,50.0,58.0,,,1,2,1,1,3
202100036955,2021-06-01 10:55:00,2021,6,1,10,55,69,69387,DEBOURG (AV),45.73149,4.8299,Plein jour,En agglomération,Intersection en X,Normale,Deux véhicules - frontale,4,2,2,0,1,1,1,0,1,50,,3,2,0,0,1,70.0,50.0,,,1,2,2,1,1
202100036956,2021-06-01 08:40:00,2021,6,1,8,40,69,69388,CHALLEMEL LACOUR                    (R ),45.7294015881,4.8526377385,Plein jour,En agglomération,Hors intersection,Normale,Autre collision,4,1,2,1,1,1,1,0,1,50,,2,1,0,0,1,26.0,,,,1,2,1,1,6
202100036957,2021-06-01 21:05:00,2021,6,1,21,5,69,69034,WETTE-FAYS (DE) (CHM),45.78809,4.85318,Plein jour,En agglomération,Intersection en T,Normale,Deux véhicules - côté,4,1,1,3,1,1,1,3,1,50,,2,1,0,0,1,38.0,23.0,,,1,2,3,1,3
202100036958,2021-06-01 15:05:00,2021,6,1,15,5,95,95277,ARSONVAL (RUE D'),48.98823,2.45895,Plein jour,En agglomération,Hors intersection,Normale,Deux véhicules - côté,3,2,4,3,2,1,1,3,6,50,,2,0,0,0,2,61.0,34.0,,,1,2,1,1,3
202100036959,2021-05-27 13:05:00,2021,5,27,13,5,91,91549,GABRIEL PERI (AVENUE),48.65241,2.31548,Plein jour,En agglomération,Hors intersection,Normale,Deux véhicules - côté,4,2,2,0,1,1,1,0,1,50,,2,1,0,0,1,50.0,41.0,,,1,2,1,1,3
202100036960,2021-05-31 11:30:00,2021,5,31,11,30,91,91345,RUE DES MARGUERITES,48.697012,2.301907,Plein jour,En agglomération,Hors intersection,Normale,Autre collision,4,2,2,0,1,1,1,0,1,30,,2,1,0,1,0,58.0,,,,1,2,1,1,6
202100036961,2021-05-26 16:00:00,2021,5,26,16,0,88,88413,PLACE SEMARD,48.28217,6.94853,Plein jour,En agglomération,Place,Pluie légère,Sans collision,6,-1,0,0,1,1,2,0,1,50,,2,0,0,0,2,20.0,,,,1,2,7,2,7
202100036962,2021-06-01 12:17:00,2021,6,1,12,17,87,87085,BROGLIE (AVENUE LOUIS DE),45.88504,1.28082,Plein jour,En agglomération,Hors intersection,Normale,Deux véhicules - côté,4,4,3,0,1,1,1,0,1,50,,2,1,0,0,1,59.0,52.0,,,1,2,1,1,3
202100036963,2021-06-01 18:00:00,2021,6,1,18,0,83,83137,GUILLEMARD (RUE ROBERT),43.12609,5.9225,Plein jour,En agglomération,Hors intersection,Normale,Deux véhicules - côté,4,3,3,0,1,1,1,0,1,50,,2,1,0,0,1,73.0,,,,1,2,1,1,3
202100036964,2021-05-29 12:55:00,2021,5,29,12,55,80,80256,LOUIS PASTEUR (AVENUE),49.91359,2.2357,Plein jour,En agglomération,Hors intersection,Normale,Deux véhicules - côté,3,-1,2,0,1,1,1,0,1,50,,3,0,0,0,3,21.0,25.0,,,1,2,1,1,3
202100036965,2021-05-28 15:00:00,2021,5,28,15,0,80,80021,ALBERT 1ER (MAIL),49.88897,2.29763,Plein jour,En agglomération,Hors intersection,Normale,Deux véhicules - arrière,4,2,5,0,1,1,1,0,1,50,,2,1,0,0,1,22.0,26.0,,,1,2,1,1,2
202100036966,2021-05-28 15:41:00,2021,5,28,15,41,80,80021,QUATORZE JUILLET 1789 (AVENUE DU),49.87524,2.28188,Plein jour,En agglomération,Hors intersection,Normale,Deux véhicules - arrière,4,-1,2,0,1,1,1,0,1,50,,2,1,0,0,1,19.0,26.0,,,1,2,1,1,2
202100036967,2021-05-28 16:25:00,2021,5,28,16,25,78,78092,LOUVECIENNES (ROUTE DE),48.862817,2.139574,Plein jour,En agglomération,Intersection en T,Normale,Autre collision,3,-1,4,0,2,1,1,0,8,50,,2,1,0,1,0,42.0,,,,1,2,3,1,6
202100036968,2021-05-26 10:15:00,2021,5,26,10,15,78,78354,AVENUE DE L EUROPE,48.97516,1.69226,Plein jour,En agglomération,Intersection en T,Normale,Autre collision,3,1,3,0,2,1,1,5,1,70,,2,1,0,1,0,39.0,,,,1,2,3,1,6
202100036969,2021-06-01 15:55:00,2021,6,1,15,55,77,77284,GARE,48.95654,2.87381,Plein jour,En agglomération,Hors intersection,Normale,Sans collision,6,-1,0,3,1,1,1,9,8,10,,2,1,0,1,0,60.0,,,,1,2,1,1,7
202100036970,2021-06-01 18:40:00,2021,6,1,18,40,77,77186,TABLE DU ROI (CARREFOUR DE LA),48.4847,2.66566,Plein jour,Hors agglomération,Hors intersection,Normale,Trois véhicules et plus - en chaîne,3,2,3,0,1,1,1,0,1,90,,3,2,0,0,1,58.0,52.0,,,1,1,1,1,4
202100036971,2021-05-31 23:35:00,2021,5,31,23,35,77,77070,CHATEAU (RUE DU),48.78955,3.12406,Nuit avec éclairage allumé,En agglomération,Intersection en X,Normale,Deux véhicules - côté,3,2,2,0,1,1,1,0,1,50,,3,2,0,0,1,25.0,67.0,,,5,2,2,1,3
202100036972,2021-06-01 13:43:00,2021,6,1,13,43,76,76498,NERUDA. RUE PABLO,49.425903,1.059011,Plein jour,En agglomération,Giratoire,Normale,Deux véhicules - côté,7,1,2,3,1,2,1,8,1,50,,2,1,0,0,1,27.0,37.0,,,1,2,6,1,3
202100036973,2021-06-01 09:20:00,2021,6,1,9,20,76,76351,Rue de la Cavée Verte,49.50552,0.1149,Plein jour,En agglomération,Intersection à plus de 4 branches,Normale,Sans collision,3,2,5,2,1,1,1,0,1,50,,1,0,0,1,0,60.0,,,,1,2,5,1,7
202100036974,2021-05-31 18:35:00,2021,5,31,18,35,71,71306,LILLE (RUE DE),46.67415,4.37202,Plein jour,En agglomération,Hors intersection,Normale,Sans collision,4,-1,2,0,1,1,1,0,1,50,,1,0,0,0,1,18.0,,,,1,2,1,1,7
202100036975,2021-05-31 09:10:00,2021,5,31,9,10,69,69275,JEAN JAURES   (AV),45.77076,4.98244,Plein jour,En agglomération,Hors intersection,Normale,Deux véhicules - côté,4,1,1,0,1,1,1,0,1,50,,3,1,0,0,2,48.0,22.0,,,1,2,1,1,3
202100036976,2021-06-01 17:30:00,2021,6,1,17,30,69,69264,GRANGE BLAZET,45.98332,4.71978,Plein jour,En agglomération,Hors intersection,Normale,Deux véhicules - arrière,4,3,1,0,1,1,1,0,1,50,,2,1,0,0,1,49.0,28.0,,,1,2,1,1,2
202100036977,2021-06-01 12:05:00,2021,6,1,12,5,69,69264,BEAUREGARD (DE) (RTE),45.999804417,4.7441379858,Plein jour,Hors agglomération,Intersection en T,Normale,Deux véhicules - côté,3,2,2,0,1,2,1,0,1,70,,4,3,0,0,1,48.0,18.0,,,1,1,3,1,3
202100036978,2021-05-28 17:21:00,2021,5,28,17,21,68,68297,FONTAINE ( RUE DE LA ),47.5806751407,7.5580170751,Plein jour,En agglomération,Hors intersection,Normale,Autre collision,4,2,2,0,1,1,1,0,1,50,,2,1,0,1,0,34.0,,,,1,2,1,1,6
202100036979,2021-05-29 18:50:00,2021,5,29,18,50,67,67482,SALLUSTE (RUE),48.5830690664,7.695657846,Plein jour,En agglomération,Hors intersection,Normale,Deux véhicules - côté,4,2,2,0,1,3,1,0,1,50,,2,1,0,1,0,36.0,34.0,,,1,2,1,1,3
202100036980,2021-05-29 11:00:00,2021,5,29,11,0,67,67482,BAN DE LA ROCHE (RUE DU),48.574972,7.730185,Plein jour,En agglomération,Intersection en T,Normale,Deux véhicules - côté,7,1,2,0,1,1,1,0,1,50,,2,1,0,0,1,5.0,51.0,,,1,2,3,1,3