accident_id,datetime,annee,mois,jour,heure,minute,departement,commune_insee,adresse,latitude,longitude,luminosite,agglomeration,intersection,meteo,collision,catr,circ,nbv,vosp,prof,plan,surf,infra,situ,vma,nb_vehicules,nb_usagers,nb_indemnes,nb_tues,nb_blesses_hosp,nb_blesses_legers,age_cond_1,age_cond_2,veh_type_cond_1,veh_type_cond_2,lum_code,agg_code,int_code,atm_code,col_code
202100036981,2021-05-29 10:20:00,2021,5,29,10,20,67,67482,MOLIERE (AVENUE),48.594938,7.707432,Plein jour,En agglomération,Hors intersection,Normale,Deux véhicules - côté,4,2,4,2,1,1,1,0,1,50,,2,1,0,0,1,55.0,30.0,,,1,2,1,1,3
202100036982,2021-06-01 14:39:00,2021,6,1,14,39,66,66136,TORCATIS (AVENUE LOUIS),42.70352,2.88887,Plein jour,En agglomération,Hors intersection,Normale,Autre collision,4,1,1,0,1,1,1,0,1,50,,2,1,0,0,1,23.0,,,,1,2,1,1,6
202100036983,2021-06-01 11:26:00,2021,6,1,11,26,66,66136,BAILLE GABRIEL,42.71754,2.88934,Plein jour,En agglomération,Intersection en T,Normale,Deux véhicules - côté,4,2,2,0,1,1,1,0,1,50,,2,1,0,0,1,,40.0,,,1,2,3,1,3
202100036984,2021-06-01 16:50:00,2021,6,1,16,50,64,64335,IMPASSE DU GALOP,43.32225,-0.41602,Plein jour,En agglomération,Intersection en T,Temps couvert,Deux véhicules - côté,4,2,1,0,1,1,1,0,1,30,,2,1,0,1,0,62.0,83.0,,,1,2,3,8,3
202100036985,2021-05-31 17:15:00,2021,5,31,17,15,64,64024,BAYONNE (AVENUE DE),43.48125,-1.51118,Plein jour,En agglomération,Hors intersection,Normale,Sans collision,3,2,4,0,1,1,1,0,1,30,,2,1,0,0,1,59.0,,,,1,2,1,1,7
202100036986,2021-05-31 15:05:00,2021,5,31,15,5,64,64102,PAUL PRAS (AVENUE),43.48388,-1.47675,Plein jour,En agglomération,Hors intersection,Normale,Sans collision,4,2,2,0,1,1,1,0,1,30,,2,0,0,0,2,16.0,,,,1,2,1,1,7
202100036987,2021-05-31 13:55:00,2021,5,31,13,55,64,64102,MAI 1945 (AVENUE DU 8),43.46271,-1.49526,Plein jour,En agglomération,Hors intersection,Normale,Deux véhicules - arrière,3,1,2,0,1,1,1,0,1,30,,2,1,0,0,1,48.0,42.0,,,1,2,1,1,2
202100036988,2021-05-29 17:45:00,2021,5,29,17,45,63,63300,RD 2144,45.90806,3.12384,Plein jour,Hors agglomération,Giratoire,Normale,Deux véhicules - côté,3,2,2,0,1,1,1,0,1,80,,4,3,0,1,0,75.0,46.0,,,1,1,6,1,3
202100036989,2021-05-31 12:10:00,2021,5,31,12,10,60,60175,Avenue du Tremblay,49.2701311957,2.4945061538,Plein jour,En agglomération,Hors intersection,Normale,Deux véhicules - côté,3,2,2,0,1,1,1,0,1,50,,2,1,0,0,1,20.0,42.0,,,1,2,1,1,3
202100036990,2021-06-01 15:40:00,2021,6,1,15,40,57,57240,CIVRAY (RUE DE),49.1510354,6.8127871,Plein jour,En agglomération,Intersection en X,Normale,Deux véhicules - côté,4,2,2,0,2,1,1,0,1,30,,3,1,1,0,1,16.0,33.0,,,1,2,2,1,3
202100036991,2021-05-31 16:20:00,2021,5,31,16,20,56,56121,CHAZELLES ( COURS LOUIS  DE ),47.75285,-3.36187,Plein jour,En agglomération,Intersection en X,Normale,Deux véhicules - côté,4,2,4,3,1,1,1,0,1,30,,3,2,0,0,1,60.0,22.0,,,1,2,2,1,3
202100036992,2021-05-30 16:50:00,2021,5,30,16,50,56,56107,Rond-point de Kerfornet,47.7111914,-3.3957865,Plein jour,Hors agglomération,Giratoire,Normale,Deux véhicules - arrière,3,2,2,0,1,1,1,0,1,70,,3,2,0,0,1,31.0,67.0,,,1,1,6,1,2
202100036993,2021-05-29 16:14:00,2021,5,29,16,14,56,56107,TOULHARS (BOULEVARD DE),47.70738,-3.38165,Plein jour,En agglomération,Hors intersection,Normale,Autre collision,4,1,1,0,1,1,1,0,1,30,,2,1,0,0,1,57.0,,,,1,2,1,1,6
202100036994,2021-05-28 22:19:00,2021,5,28,22,19,56,56083,KERORBEN (RUE  DE ),47.8003632465,-3.2711134851,Plein jour,En agglomération,Giratoire,Normale,Autre collision,4,2,2,0,1,3,1,5,1,30,,1,0,0,1,0,22.0,,,,1,2,6,1,6
202100036995,2021-05-28 20:10:00,2021,5,28,20,10,56,56121,SIAM (RUE  DE ),47.7391,-3.37592,Plein jour,En agglomération,Intersection en T,Normale,Deux véhicules - côté,4,2,2,0,1,1,1,0,1,30,,2,1,0,0,1,41.0,25.0,,,1,2,3,1,3
202100036996,2021-06-01 18:05:00,2021,6,1,18,5,54,54431,135 rue des LONGUES RAYES (RUE DES),48.89563,6.04576,Plein jour,En agglomération,Hors intersection,Normale,Trois véhicules et plus - en chaîne,4,-1,2,0,1,1,1,0,1,50,,4,2,0,1,1,21.0,48.0,,,1,2,1,1,4
202100036997,2021-06-01 17:36:00,2021,6,1,17,36,51,51454,Boulevard Charles Arnould,49.2664859537,4.0148844215,Plein jour,En agglomération,Intersection en T,Normale,Deux véhicules - arrière,4,2,2,0,1,1,1,0,1,50,,2,1,0,0,1,22.0,40.0,,,1,2,3,1,2
202100036998,2021-05-31 11:20:00,2021,5,31,11,20,51,51454,Boulevard Pommery,49.25143,4.05313,Plein jour,En agglomération,Hors intersection,Normale,Deux véhicules - arrière,3,3,3,0,1,1,1,0,1,50,,2,1,0,0,1,31.0,51.0,,,1,2,1,1,2
202100036999,2021-05-30 20:53:00,2021,5,30,20,53,49,49007,POISSONNERIE,47.4726096868,-0.5565744638,Plein jour,En agglomération,Hors intersection,Normale,Deux véhicules - frontale,4,-1,2,0,1,1,1,0,1,50,,2,1,0,0,1,19.0,35.0,,,1,2,1,1,1
202100037000,2021-05-31 13:15:00,2021,5,31,13,15,49,49007,ARAGON AVENUE,47.47214,-0.56646,Plein jour,En agglomération,Hors intersection,Normale,Autre collision,4,-1,2,0,1,1,1,0,1,50,,2,1,0,0,1,54.0,,,,1,2,1,1,6
202100037001,2021-05-31 11:05:00,2021,5,31,11,5,45,45232,Rue Jules Marie Simon,47.86493,1.90221,Plein jour,En agglomération,Intersection en T,Normale,Autre collision,4,1,2,0,1,1,1,5,4,30,,2,1,0,0,1,71.0,,,,1,2,3,1,6
202100037002,2021-06-01 17:05:00,2021,6,1,17,5,45,45208,Avenue du Général de Gaulle,48.0021878543,2.7348009646,Plein jour,En agglomération,Intersection en T,Normale,Autre collision,4,2,2,0,1,1,1,9,6,50,,2,1,0,0,1,34.0,,,,1,2,3,1,6
202100037003,2021-05-29 18:45:00,2021,5,29,18,45,42,42170,N7,46.0201,4.10205,Plein jour,Hors agglomération,Hors intersection,Normale,Sans collision,2,3,4,0,1,1,1,0,3,110,,3,0,0,2,1,36.0,,,,1,1,1,1,7
202100037004,2021-06-01 10:15:00,2021,6,1,10,15,42,42316,Rue Charles de Gaulle,45.39228,4.27124,Plein jour,En agglomération,Hors intersection,Normale,Autre collision,7,2,2,0,1,1,1,0,3,50,,2,1,0,1,0,22.0,,,,1,2,1,1,6
202100037005,2021-06-02 00:55:00,2021,6,2,0,55,38,38185,Rue Jules Horowitz,45.20548,5.6999,Nuit avec éclairage allumé,En agglomération,Autre intersection,Normale,Autre collision,4,1,1,0,1,3,1,0,1,50,,1,0,0,1,0,31.0,,,,5,2,9,1,6
202100037006,2021-05-31 11:00:00,2021,5,31,11,0,37,37208,ARCOLE (PONT D'),47.3730723909,0.7159285506,Plein jour,En agglomération,Hors intersection,Normale,Sans collision,4,-1,1,0,2,1,1,2,8,30,,1,0,0,0,1,80.0,,,,1,2,1,1,7
202100037007,2021-06-01 18:12:00,2021,6,1,18,12,35,35238,FREVILLE (AVENUE HENRI),48.09362,-1.67449,Plein jour,En agglomération,Intersection en X,Normale,Deux véhicules - côté,4,3,4,0,1,1,1,5,1,50,,2,1,0,0,1,27.0,29.0,,,1,2,2,1,3
202100037008,2021-06-01 09:25:00,2021,6,1,9,25,35,35238,GAYEULLES (AVENUE DES),48.1351,-1.65232,Plein jour,En agglomération,Giratoire,Normale,Deux véhicules - côté,4,2,2,2,2,1,1,5,1,50,,2,1,0,0,1,72.0,60.0,,,1,2,6,1,3
202100037009,2021-06-01 09:30:00,2021,6,1,9,30,34,34172,LIBERTE (AVENUE DE LA,43.61137,3.8287,Plein jour,En agglomération,Intersection en X,Normale,Deux véhicules - frontale,7,2,2,0,1,1,1,0,1,50,,4,0,0,0,4,28.0,47.0,,,1,2,2,1,1
202100037010,2021-05-31 18:15:00,2021,5,31,18,15,34,34172,LOUISVILLE (AVENUE DE),43.62253,3.81544,Plein jour,En agglomération,Hors intersection,Normale,Autre collision,4,2,2,0,1,1,1,0,1,50,,2,1,0,0,1,58.0,,,,1,2,1,1,6
202100037011,2021-06-01 17:15:00,2021,6,1,17,15,33,33063,Cours de l’Yser,44.82325,-0.57072,Plein jour,En agglomération,Intersection en T,Normale,Deux véhicules - côté,4,2,2,1,1,1,1,0,1,50,,2,1,0,0,1,16.0,,,,1,2,3,1,3
202100037012,2021-06-01 07:50:00,2021,6,1,7,50,33,33318,Rue Marcel Dassault,44.78147,-0.65448,Plein jour,En agglomération,Intersection en T,Normale,Deux véhicules - arrière,4,2,2,0,1,1,1,0,1,50,,2,1,0,0,1,41.0,19.0,,,1,2,3,1,2
202100037013,2021-06-01 07:45:00,2021,6,1,7,45,31,31555,AV JULES JULIEN,43.57731,1.4506,Plein jour,En agglomération,Hors intersection,Normale,Autre collision,4,1,4,1,1,1,1,0,5,50,,2,1,0,0,1,22.0,,,,1,2,1,1,6
202100037014,2021-05-29 20:00:00,2021,5,29,20,0,30,30189,COURBET AMIRAL (BOULEVARD),43.83628,4.3625,Plein jour,En agglomération,Hors intersection,Normale,Autre collision,4,-1,0,0,1,1,1,0,4,50,,2,1,0,0,1,17.0,,,,1,2,1,1,6
202100037015,2021-05-29 18:55:00,2021,5,29,18,55,30,30189,,43.811249,4.362393,Plein jour,Hors agglomération,Hors intersection,Normale,Deux véhicules - côté,6,-1,-1,0,1,1,1,0,1,30,,3,1,0,0,2,,36.0,,,1,1,1,1,3
202100037016,2021-05-29 01:50:00,2021,5,29,1,50,30,30189,SAINTE PERPETUE (RUE),43.8369,4.3768,Nuit avec éclairage allumé,En agglomération,Intersection en X,Normale,Autre collision,4,1,1,0,1,1,1,0,1,50,,3,0,0,1,2,18.0,19.0,,,5,2,2,1,6
202100037017,2021-05-31 17:50:00,2021,5,31,17,50,28,28134,SAINT THIBAULT (RUE),48.733548,1.351184,Plein jour,En agglomération,Intersection en T,Normale,Deux véhicules - arrière,4,2,2,0,1,1,1,0,1,50,,2,1,0,1,0,16.0,50.0,,,1,2,3,1,2
202100037018,2021-05-14 19:00:00,2021,5,14,19,0,27,27681,AZEMIA (BOULEVARD GEORGES),49.07951,1.48752,Plein jour,En agglomération,Hors intersection,Normale,Autre collision,6,-1,-1,0,1,1,1,0,1,30,,2,1,0,1,0,35.0,,,,1,2,1,1,6
202100037019,2021-06-01 09:30:00,2021,6,1,9,30,25,25056,MONTJOUX  AVENUE DE,47.25216,6.01478,Plein jour,En agglomération,Intersection en T,Normale,Deux véhicules - arrière,4,2,2,0,1,1,1,0,1,50,,2,0,0,0,2,23.0,48.0,,,1,2,3,1,2
202100037020,2021-06-01 13:28:00,2021,6,1,13,28,24,24037,RD13,44.86848,0.44639,Plein jour,Hors agglomération,Hors intersection,Normale,Deux véhicules - arrière,3,2,2,0,1,1,1,0,1,50,,2,0,0,2,0,64.0,53.0,,,1,1,1,1,2
202100037021,2021-05-12 07:40:00,2021,5,12,7,40,22,22106,DOUVENANT (RUE DE),48.501071,-2.728723,Plein jour,En agglomération,Hors intersection,Normale,Deux véhicules - côté,3,2,2,1,1,1,1,-1,1,50,,2,1,0,1,0,39.0,61.0,,,1,2,1,1,3
202100037022,2021-05-31 21:20:00,2021,5,31,21,20,19,19101,bretelle de sortie D1089,45.249684,1.773239,Nuit avec éclairage allumé,Hors agglomération,Hors intersection,Normale,Autre collision,3,1,1,3,2,1,1,3,1,50,,1,0,0,0,1,25.0,,,,5,1,1,1,6
202100037023,2021-05-31 16:55:00,2021,5,31,16,55,19,19272,Henri de Bournazel (Av),45.2632885315,1.7633056641,Plein jour,En agglomération,Hors intersection,Normale,Deux véhicules - frontale,4,2,2,0,2,1,1,0,1,30,,2,1,0,0,1,38.0,38.0,,,1,2,1,1,1
202100037024,2021-06-01 08:35:00,2021,6,1,8,35,14,14118,Rue de Vaucelles,49.17479,-0.35325,Plein jour,En agglomération,Intersection en Y,Normale,Autre collision,4,2,4,0,1,1,1,0,1,50,,2,1,0,1,0,56.0,,,,1,2,4,1,6
202100037025,2021-05-30 17:40:00,2021,5,30,17,40,14,14341,Boulevard Molière,49.15245,-0.35102,Plein jour,En agglomération,Hors intersection,Normale,Deux véhicules - arrière,4,2,2,0,1,1,1,0,1,50,,2,1,0,1,0,44.0,15.0,,,1,2,1,1,2
202100037026,2021-06-01 16:00:00,2021,6,1,16,0,13,13075,ALSACE (RUE D'),43.343708,5.457615,Plein jour,En agglomération,Hors intersection,Normale,Deux véhicules - frontale,4,2,2,0,1,3,1,0,1,50,,2,0,0,1,1,19.0,60.0,,,1,2,1,1,1
202100037027,2021-06-01 15:00:00,2021,6,1,15,0,13,13205,BAILLE (BOULEVARD),43.28832,5.3927,Plein jour,En agglomération,Intersection en X,Normale,Deux véhicules - arrière,4,2,2,1,1,1,1,0,1,50,,2,1,0,0,1,18.0,28.0,,,1,2,2,1,2
202100037028,2021-06-01 12:05:00,2021,6,1,12,5,13,13212,PEINTRES ROUX (AVENUE DES),43.3039692013,5.4726189977,Plein jour,En agglomération,Hors intersection,Normale,Deux véhicules - arrière,4,3,2,0,1,1,1,0,1,50,,2,1,0,0,1,53.0,31.0,,,1,2,1,1,2
202100037029,2021-06-01 12:55:00,2021,6,1,12,55,13,13201,PARADIS (RUE)       1 A 47,43.29293,5.3772,Plein jour,En agglomération,Hors intersection,Normale,Deux véhicules - arrière,4,2,2,2,1,1,1,0,1,30,,2,1,0,0,1,22.0,32.0,,,1,2,1,1,2
202100037030,2021-06-01 17:20:00,2021,6,1,17,20,07,07316,LYON (ROUTE DE),44.90954,4.85397,Plein jour,Hors agglomération,Hors intersection,Normale,Deux véhicules - arrière,3,2,1,0,1,1,1,0,1,80,,3,0,0,0,3,35.0,59.0,,,1,1,1,1,2
202100037031,2021-06-01 22:10:00,2021,6,1,22,10,06,06088,RIQUIER (BD DE),43.70216,7.28875,Nuit avec éclairage allumé,En agglomération,Intersection en X,Normale,Deux véhicules - côté,4,1,3,3,1,1,1,8,1,50,,2,1,0,0,1,25.0,19.0,,,5,2,2,1,3
202100037032,2021-05-31 16:38:00,2021,5,31,16,38,06,06069,GOBY (RUE PAUL),43.6603,6.92382,Plein jour,En agglomération,Hors intersection,Normale,Autre collision,4,1,1,0,2,1,1,0,1,30,,2,1,0,0,1,60.0,,,,1,2,1,1,6
202100037033,2021-05-31 16:05:00,2021,5,31,16,5,06,06027,CIMETIERE MONTEE DU,43.669979,7.145312,Plein jour,En agglomération,Autre intersection,Normale,Autre collision,4,2,2,0,2,1,1,0,3,50,,1,0,0,0,1,46.0,,,,1,2,9,1,6
202100037034,2021-06-01 18:55:00,2021,6,1,18,55,03,03190,LECLERC (SQUARE ET AVENUE DU GAL),46.56303,3.33653,Plein jour,En agglomération,Giratoire,Normale,Deux véhicules - côté,4,1,2,0,1,3,1,9,1,50,,2,1,0,0,1,29.0,29.0,,,1,2,6,1,3
202100037035,2021-06-01 10:45:00,2021,6,1,10,45,75,75116,PORTE DAUPHINE,48.870483,2.272529,Plein jour,En agglomération,Hors intersection,Normale,Deux véhicules - côté,4,1,4,0,1,1,1,1,1,70,,2,1,0,0,1,71.0,29.0,,,1,2,1,1,3
202100037036,2021-06-01 10:00:00,2021,6,1,10,0,75,75118,PORTE DE CLIGNANCOURT,48.901194,2.350747,Plein jour,En agglomération,Hors intersection,Normale,Deux véhicules - arrière,4,1,4,0,1,1,1,0,1,70,,2,1,0,0,1,59.0,33.0,,,1,2,1,1,2
202100037037,2021-06-01 09:40:00,2021,6,1,9,40,75,75112,PORTE DOREE,48.835991,2.412053,Plein jour,En agglomération,Intersection en Y,Normale,Trois véhicules et plus - collisions multiples,4,1,4,0,1,3,1,0,1,70,,4,3,0,0,1,70.0,37.0,,,1,2,4,1,5
202100037038,2021-05-31 09:00:00,2021,5,31,9,0,75,75114,BOULEVARD PERIPHERIQUE,48.824292,2.30637,Plein jour,En agglomération,Hors intersection,Normale,Deux véhicules - arrière,4,1,3,0,1,1,1,0,1,70,,2,0,0,0,2,25.0,32.0,,,1,2,1,1,2
202100037039,2021-05-31 02:52:00,2021,5,31,2,52,75,75113,PORTE D IVRY,48.82304,2.381235,Nuit avec éclairage allumé,En agglomération,Hors intersection,Normale,Deux véhicules - arrière,4,1,4,0,1,1,1,0,1,70,,2,1,0,0,1,22.0,39.0,,,5,2,1,1,2
202100037040,2021-06-01 09:25:00,2021,6,1,9,25,75,75120,AVENUE GAMBETTA,48.864685,2.394516,Plein jour,En agglomération,Intersection en T,Normale,Deux véhicules - côté,4,2,2,0,2,1,1,0,1,50,,2,1,0,0,1,24.0,33.0,,,1,2,3,1,3
202100037041,2021-06-01 14:10:00,2021,6,1,14,10,75,75119,AVENUE SIMON BOLIVAR,48.879989,2.374304,Plein jour,En agglomération,Intersection en T,Normale,Deux véhicules - côté,4,2,2,1,2,1,1,0,1,50,,2,1,0,0,1,29.0,44.0,,,1,2,3,1,3
202100037042,2021-06-01 06:55:00,2021,6,1,6,55,75,75119,AVENUE DE LA PORTE DE PANTIN,48.890425,2.398728,Plein jour,En agglomération,Intersection en X,Normale,Deux véhicules - côté,4,2,2,0,1,1,1,0,1,30,,2,1,0,0,1,55.0,31.0,,,1,2,2,1,3
202100037043,2021-05-31 21:30:00,2021,5,31,21,30,75,75119,RUE DE CRIMEE,48.893273,2.37385,Nuit avec éclairage allumé,En agglomération,Hors intersection,Normale,Autre collision,4,1,2,3,1,1,1,0,1,30,,2,1,0,0,1,38.0,,,,5,2,1,1,6
202100037044,2021-06-01 09:20:00,2021,6,1,9,20,75,75116,RUE DE LONGCHAMP,48.864942,2.291219,Plein jour,En agglomération,Hors intersection,Normale,Deux véhicules - côté,4,-1,0,0,2,1,1,0,1,30,,3,2,0,0,1,33.0,29.0,,,1,2,1,1,3
202100037045,2021-05-31 22:00:00,2021,5,31,22,0,75,75116,ROUTE DE L ETOILE,48.875017,2.258178,Nuit avec éclairage allumé,En agglomération,Intersection en T,Normale,Deux véhicules - côté,4,2,2,0,1,1,1,0,1,50,,2,1,0,0,1,40.0,44.0,,,5,2,3,1,3
202100037046,2021-06-01 13:40:00,2021,6,1,13,40,75,75114,RUE JULIA BARTET,48.825007,2.302183,Plein jour,En agglomération,Intersection en T,Normale,Deux véhicules - arrière,4,2,2,0,1,1,1,0,1,50,,2,1,0,0,1,31.0,39.0,,,1,2,3,1,2
202100037047,2021-06-01 21:35:00,2021,6,1,21,35,75,75113,BOULEVARD AUGUSTE BLANQUI,48.830055,2.348083,Crépuscule ou aube,En agglomération,Hors intersection,Normale,Autre collision,4,1,2,0,2,1,1,0,1,50,,1,0,0,0,1,45.0,,,,2,2,1,1,6
202100037048,2021-06-01 17:10:00,2021,6,1,17,10,75,75113,RUE DE TOLBIAC,48.825935,2.352743,Plein jour,En agglomération,Intersection en T,Normale,Deux véhicules - côté,4,2,3,3,1,1,1,0,1,50,,2,1,0,0,1,40.0,29.0,,,1,2,3,1,3
202100037049,2021-06-01 18:15:00,2021,6,1,18,15,75,75112,QUAI DE BERCY,48.834509,2.380911,Plein jour,En agglomération,Hors intersection,Normale,Deux véhicules - côté,4,-1,3,0,2,1,1,0,1,50,,2,1,0,0,1,33.0,27.0,,,1,2,1,1,3
202100037050,2021-06-01 18:05:00,2021,6,1,18,5,75,75112,RUE DE L AMBROISIE,48.834719,2.384874,Plein jour,En agglomération,Hors intersection,Normale,Autre collision,4,-1,0,3,2,1,1,6,8,10,,2,1,0,0,1,21.0,,,,1,2,1,1,6
202100037051,2021-06-01 17:10:00,2021,6,1,17,10,75,75112,RUE LAMBLARDIE,48.840361,2.397415,Plein jour,En agglomération,Hors intersection,Normale,Autre collision,4,1,1,0,1,1,1,0,1,50,,2,1,0,0,1,24.0,,,,1,2,1,1,6
202100037052,2021-06-01 18:30:00,2021,6,1,18,30,75,75110,RUE DES VINAIGRIERS,48.873201,2.360021,Plein jour,En agglomération,Hors intersection,Normale,Deux véhicules - arrière,4,1,1,0,1,1,1,0,1,50,,2,1,0,0,1,56.0,45.0,,,1,2,1,1,2
202100037053,2021-06-01 20:00:00,2021,6,1,20,0,75,75107,BOULEVARD DE LA TOUR MAUBOURG,48.856335126,2.3098165714,Plein jour,En agglomération,Intersection en Y,Normale,Deux véhicules - arrière,4,1,2,0,1,1,1,0,1,50,,2,1,0,0,1,41.0,66.0,,,1,2,4,1,2
202100037054,2021-06-01 18:20:00,2021,6,1,18,20,75,75108,PLACE DE LA CONCORDE,48.864078,2.320143,Plein jour,En agglomération,Place,Normale,Sans collision,4,1,4,1,1,1,1,0,5,30,,1,0,0,0,1,58.0,,,,1,2,7,1,7
202100037055,2021-06-01 11:00:00,2021,6,1,11,0,75,75102,BOULEVARD DES CAPUCINES,48.870243,2.329962,Plein jour,En agglomération,Intersection en X,Normale,Deux véhicules - côté,4,2,4,3,1,1,1,0,6,50,,3,1,0,0,2,72.0,72.0,,,1,2,2,1,3
202100037056,2021-05-31 21:35:00,2021,5,31,21,35,75,75103,PLACE DE LA REPUBLIQUE,48.867149,2.363725,Nuit avec éclairage allumé,En agglomération,Place,Normale,Deux véhicules - côté,4,2,4,0,1,1,1,0,1,50,,2,1,0,0,1,28.0,21.0,,,5,2,7,1,3
202100037057,2021-06-01 10:30:00,2021,6,1,10,30,94,94044,Rue des Cailles,48.7429083635,2.4832749367,Plein jour,En agglomération,Hors intersection,Normale,Autre collision,6,-1,0,0,2,1,1,0,1,30,,1,0,0,0,1,47.0,,,,1,2,1,1,6
202100037058,2021-05-31 18:00:00,2021,5,31,18,0,94,94068,Rue du Pont de Créteil,48.80945,2.47099,Plein jour,En agglomération,Hors intersection,Normale,Deux véhicules - côté,3,1,2,0,1,1,1,0,1,30,,2,1,0,0,1,74.0,49.0,,,1,2,1,1,3
202100037059,2021-05-30 18:50:00,2021,5,30,18,50,94,94041,Rue Louis Bertrand,48.81774,2.37581,Plein jour,En agglomération,Hors intersection,Normale,Deux véhicules - frontale,3,2,2,0,1,3,1,0,1,50,,2,1,0,0,1,46.0,35.0,,,1,2,1,1,1
202100037060,2021-05-31 17:00:00,2021,5,31,17,0,94,94028,GAULLE(AVENUE DU GENERAL DE),48.78544,2.44993,Plein jour,En agglomération,Intersection en Y,Normale,Deux véhicules - côté,3,3,7,0,1,1,1,0,1,50,,3,2,0,0,1,53.0,47.0,,,1,2,4,1,3
202100037061,2021-06-01 18:20:00,2021,6,1,18,20,94,94041,Rue Westermeyer,48.81805,2.39489,Plein jour,En agglomération,Intersection en Y,Normale,Deux véhicules - côté,3,1,1,0,1,1,1,0,1,50,,2,1,0,0,1,50.0,30.0,,,1,2,4,1,3
202100037062,2021-06-01 21:38:00,2021,6,1,21,38,94,94056,Route de Varennes Jarcy,48.69568,2.55503,Crépuscule ou aube,En agglomération,Hors intersection,Normale,Sans collision,3,2,2,0,1,1,1,0,1,50,,1,0,0,0,1,21.0,,,,2,2,1,1,7
202100037063,2021-05-31 17:30:00,2021,5,31,17,30,94,94002,ETIENNE DOLET (R),48.79461,2.42549,Plein jour,En agglomération,Hors intersection,Normale,Deux véhicules - côté,4,2,2,0,1,1,1,0,1,50,,2,1,0,0,1,16.0,23.0,,,1,2,1,1,3
202100037064,2021-05-29 20:10:00,2021,5,29,20,10,94,94002,BLANQUI (QU),48.79825,2.42053,Plein jour,En agglomération,Intersection en T,Normale,Deux véhicules - côté,3,3,3,0,1,1,1,0,1,50,,2,1,0,0,1,28.0,46.0,,,1,2,3,1,3
202100037065,2021-06-01 08:50:00,2021,6,1,8,50,93,93073,Chemin de Roissy a Villepinte / Rue de la Belle Borne,48.989194,2.520079,Plein jour,Hors agglomération,Giratoire,Normale,Deux véhicules - côté,4,1,1,0,1,3,1,0,8,70,,3,1,0,0,2,33.0,30.0,,,1,1,6,1,3
202100037066,2021-06-01 08:10:00,2021,6,1,8,10,93,93073,Route de Villepinte / Avenue Vauban,48.97089,2.54889,Plein jour,En agglomération,Giratoire,Normale,Deux véhicules - arrière,3,2,2,0,1,1,1,0,1,50,,2,1,0,0,1,35.0,48.0,,,1,2,6,1,2
202100037067,2021-06-01 16:10:00,2021,6,1,16,10,93,93066,Avenue Roger Sémat,48.946173,2.357303,Plein jour,En agglomération,Hors intersection,Normale,Deux véhicules - côté,3,2,2,0,1,1,1,0,1,50,,2,1,0,0,1,34.0,22.0,,,1,2,1,1,3
202100037068,2021-06-01 12:20:00,2021,6,1,12,20,93,93048,STALINGRAD (RUE DE),48.8590881636,2.4430534243,Plein jour,En agglomération,Hors intersection,Normale,Autre collision,4,1,1,0,1,1,1,6,4,10,,2,1,0,0,1,21.0,,,,1,2,1,1,6
202100037069,2021-05-31 12:20:00,2021,5,31,12,20,93,93046,Avenue Charles de Gaulle / Av du Consul General Nordling,48.91654,2.53147,Plein jour,En agglomération,Intersection en X,Normale,Deux véhicules - côté,3,1,2,0,1,1,1,0,1,50,,3,1,0,0,2,23.0,,,,1,2,2,1,3
202100037070,2021-05-31 16:45:00,2021,5,31,16,45,93,93032,Avenue du President Pompidou / Rue Jules Guesde,48.88143,2.5412,Plein jour,En agglomération,Intersection en Y,Normale,Deux véhicules - côté,3,3,2,0,1,1,1,0,5,50,,3,2,0,0,1,26.0,35.0,,,1,2,4,1,3
202100037071,2021-05-31 11:40:00,2021,5,31,11,40,93,93032,Chemin de Montguichet / Rue Watteau,48.8843,2.54732,Plein jour,En agglomération,Intersection en T,Normale,Autre collision,4,2,2,0,2,1,1,6,8,50,,2,1,0,0,1,78.0,,,,1,2,3,1,6
202100037072,2021-06-01 14:10:00,2021,6,1,14,10,93,93005,RAOUL DUFY (AVENUE),48.95807,2.50498,Plein jour,En agglomération,Hors intersection,Normale,Deux véhicules - arrière,3,1,1,0,1,1,1,0,1,30,,2,1,0,0,1,37.0,28.0,,,1,2,1,1,2
202100037073,2021-06-01 12:34:00,2021,6,1,12,34,92,92072,EUROPE (AVENUE DE L'),48.82312,2.20957,Plein jour,En agglomération,Hors intersection,Normale,Deux véhicules - côté,3,3,2,0,1,1,1,0,1,50,,2,1,0,0,1,79.0,25.0,,,1,2,1,1,3
202100037074,2021-06-01 20:28:00,2021,6,1,20,28,92,92051,"CHARLES DE GAULLE (AVENUE, N° 18 A 116)",48.88189,2.26872,Plein jour,En agglomération,Hors intersection,Normale,Deux véhicules - arrière,2,3,3,1,1,1,1,0,1,50,,2,1,0,0,1,36.0,46.0,,,1,2,1,1,2
202100037075,2021-06-01 18:25:00,2021,6,1,18,25,92,92049,VANNE RUE DE LA,48.8131136041,2.3278749619,Plein jour,En agglomération,Hors intersection,Normale,Sans collision,4,1,1,0,1,1,1,0,1,50,,1,0,0,0,1,24.0,,,,1,2,1,1,7
202100037076,2021-05-31 16:45:00,2021,5,31,16,45,92,92036,LOUISE MICHEL (IMPAIRS),48.9211444701,2.3186033964,Plein jour,En agglomération,Hors intersection,Normale,Deux véhicules - côté,3,2,2,0,1,1,1,0,1,50,,3,1,0,0,2,23.0,21.0,,,1,2,1,1,3
202100037077,2021-06-01 08:05:00,2021,6,1,8,5,92,92026,EUROPE ( ROND POINT DE L' ),48.9054736823,2.2561964393,Plein jour,En agglomération,Giratoire,Normale,Deux véhicules - côté,3,1,3,2,1,2,1,0,5,50,,2,1,0,0,1,34.0,40.0,,,1,2,6,1,3