accident_id,datetime,annee,mois,jour,heure,minute,departement,commune_insee,adresse,latitude,longitude,luminosite,agglomeration,intersection,meteo,collision,catr,circ,nbv,vosp,prof,plan,surf,infra,situ,vma,nb_vehicules,nb_usagers,nb_indemnes,nb_tues,nb_blesses_hosp,nb_blesses_legers,age_cond_1,age_cond_2,veh_type_cond_1,veh_type_cond_2,lum_code,agg_code,int_code,atm_code,col_code
202100037078,2021-06-01 09:20:00,2021,6,1,9,20,92,92025,STALINGRAD (AV DE),48.9356205486,2.260825932,Plein jour,En agglomération,Intersection en X,Normale,Deux véhicules - côté,3,3,4,1,1,1,1,0,1,50,,2,1,0,0,1,35.0,42.0,,,1,2,2,1,3
202100037079,2021-05-31 18:40:00,2021,5,31,18,40,92,92024,CLICHY (QUAI DE) DE (8 A 60),48.9084686793,2.3000178581,Plein jour,En agglomération,Intersection en Y,Normale,Deux véhicules - côté,3,2,4,1,1,3,1,0,1,50,,3,1,0,0,2,19.0,18.0,,,1,2,4,1,3
202100037080,2021-06-02 10:25:00,2021,6,2,10,25,973,97353,Rue Maripa,3.640588,-54.02912,Plein jour,En agglomération,Hors intersection,Normale,Autre collision,4,1,1,0,1,1,1,0,1,50,,2,1,0,0,1,20.0,,,,1,2,1,1,6
202100037081,2021-06-02 06:30:00,2021,6,2,6,30,41,41032,"D751 ""LEVÉE DE LA LOIRE""",47.552212,1.298254,Crépuscule ou aube,Hors agglomération,Hors intersection,Normale,Sans collision,3,2,2,0,1,2,1,0,3,80,,1,0,0,1,0,28.0,,,,2,1,1,1,7
202100037082,2021-06-01 14:05:00,2021,6,1,14,5,33,33254,,44.548261,-0.0346,Plein jour,Hors agglomération,Intersection en X,Normale,Deux véhicules - côté,3,2,2,0,1,1,1,0,1,80,,4,2,0,1,1,22.0,29.0,,,1,1,2,1,3
202100037083,2021-06-02 20:00:00,2021,6,2,20,0,974,97422,Chemin Farjeau,-21.252802,55.511025,Nuit avec éclairage allumé,En agglomération,Hors intersection,Normale,Sans collision,4,2,1,0,2,4,1,0,1,50,,1,0,0,1,0,18.0,,,,5,2,1,1,7
202100037084,2021-06-02 13:29:00,2021,6,2,13,29,86,86191,D 11,46.505031,0.821797,Plein jour,Hors agglomération,Hors intersection,Normale,Autre collision,3,2,2,0,2,2,1,0,3,80,,1,0,0,1,0,57.0,,,,1,1,1,1,6
202100037085,2021-05-30 12:00:00,2021,5,30,12,0,79,79148,11 bis Rue du Temple,46.263476,-0.010096,Plein jour,En agglomération,Hors intersection,Normale,Sans collision,3,2,2,0,1,1,1,0,4,50,,1,0,0,1,0,60.0,,,,1,2,1,1,7
202100037086,2021-06-02 15:45:00,2021,6,2,15,45,59,59260,D601,51.0573316098,2.4898247305,Plein jour,Hors agglomération,Hors intersection,Normale,Autre collision,3,2,2,0,1,1,1,0,1,70,,2,1,0,1,0,35.0,,,,1,1,1,1,6
202100037087,2021-06-01 19:10:00,2021,6,1,19,10,2B,2B143,Route ALBARICCIA,42.227902,9.526944,Plein jour,Hors agglomération,Hors intersection,Normale,Deux véhicules - côté,4,2,2,0,2,4,1,0,1,80,,2,0,0,1,1,60.0,24.0,,,1,1,1,1,3
202100037088,2021-06-01 17:35:00,2021,6,1,17,35,19,19121,Route de Vassagnac,45.412235,1.400778,Plein jour,Hors agglomération,Hors intersection,Normale,Deux véhicules - frontale,4,2,2,0,2,3,1,0,1,90,,2,1,0,0,1,55.0,40.0,,,1,1,1,1,1
202100037089,2021-06-01 14:00:00,2021,6,1,14,0,56,56090,Lieu-dit le Bugoz Izel,47.890611,-3.218318,Plein jour,Hors agglomération,Hors intersection,Normale,Autre collision,5,2,2,0,3,3,1,0,1,-1,,2,0,0,2,0,72.0,,,,1,1,1,1,6
202100037090,2021-06-02 10:40:00,2021,6,2,10,40,56,56251,41 Rue des Ducs de Bretagne,47.63996,-2.597292,Plein jour,En agglomération,Hors intersection,Normale,Autre collision,3,2,2,0,1,1,1,0,4,30,,1,0,0,1,0,81.0,,,,1,2,1,1,6
202100037091,2021-05-30 13:00:00,2021,5,30,13,0,2B,2B319,Figareto,42.416994,9.529095,Plein jour,Hors agglomération,Hors intersection,Normale,Sans collision,2,3,2,0,1,1,1,0,3,70,,3,1,0,0,2,57.0,,,,1,1,1,1,7
202100037092,2021-06-02 18:50:00,2021,6,2,18,50,80,80661,60 Rue d'Amiens,49.968044,2.351198,Plein jour,En agglomération,Hors intersection,Pluie forte,Autre collision,3,2,2,0,1,1,2,0,4,50,,1,0,0,1,0,21.0,,,,1,2,1,3,6
202100037093,2021-06-02 13:30:00,2021,6,2,13,30,82,82102,lieu dit rodier,44.015071,0.849423,Plein jour,Hors agglomération,Hors intersection,Normale,Deux véhicules - frontale,3,2,2,0,2,3,1,0,1,90,,2,0,0,0,2,37.0,55.0,,,1,1,1,1,1
202100037094,2021-06-02 12:10:00,2021,6,2,12,10,11,11165,D117,42.871569,2.154179,Plein jour,Hors agglomération,Hors intersection,Normale,Autre collision,3,2,2,0,2,2,1,0,1,80,,1,0,1,0,0,45.0,,,,1,1,1,1,6
202100037095,2021-06-01 16:15:00,2021,6,1,16,15,89,89208,rue de l'Ancien Réservoir,47.619175,3.86777,Plein jour,En agglomération,Hors intersection,Normale,Sans collision,4,2,2,0,1,1,1,0,1,50,,1,0,0,0,1,44.0,,,,1,2,1,1,7
202100037096,2021-06-01 20:15:00,2021,6,1,20,15,76,76711,Quai Francois 1er,50.0607,1.372345,Plein jour,En agglomération,Hors intersection,Normale,Autre collision,6,-1,-1,0,1,1,1,0,8,50,,3,2,0,1,0,21.0,,,,1,2,1,1,6
202100037097,2021-06-02 15:00:00,2021,6,2,15,0,12,12016,D840,44.518289,2.343661,Plein jour,Hors agglomération,Hors intersection,Normale,Deux véhicules - frontale,3,2,3,0,2,1,1,0,1,90,,2,0,1,1,0,79.0,54.0,,,1,1,1,1,1
202100037098,2021-06-01 09:00:00,2021,6,1,9,0,41,41231,La Margotiere,47.499529,1.989577,Plein jour,Hors agglomération,Intersection en X,Normale,Deux véhicules - côté,3,2,2,0,1,1,1,0,1,80,,3,1,0,0,2,68.0,78.0,,,1,1,2,1,3
202100037099,2021-06-02 09:07:00,2021,6,2,9,7,29,29072,Rue de Men Meur,47.793344,-4.288337,Plein jour,En agglomération,Hors intersection,Temps couvert,Sans collision,4,1,2,0,1,1,1,0,4,30,,1,0,0,1,0,60.0,,,,1,2,1,8,7
202100037100,2021-05-30 18:10:00,2021,5,30,18,10,31,31033,26 Chemin de Traverse du Bouet,43.331687,1.484061,Plein jour,En agglomération,Hors intersection,Normale,Autre collision,4,2,2,0,1,3,1,0,3,80,,1,0,0,1,0,64.0,,,,1,2,1,1,6
202100037101,2021-06-01 17:15:00,2021,6,1,17,15,38,38137,D1092,45.265762,5.46307,Plein jour,Hors agglomération,Intersection en T,Normale,Deux véhicules - arrière,3,3,2,0,1,3,1,0,1,80,,2,1,0,1,0,27.0,28.0,,,1,1,3,1,2
202100037102,2021-06-01 12:25:00,2021,6,1,12,25,06,06150,Avenue de Cap d'Ail,43.73426,7.396201,Plein jour,Hors agglomération,Autre intersection,Normale,Deux véhicules - frontale,3,-1,2,0,2,3,1,0,1,80,,3,1,2,0,0,23.0,58.0,,,1,1,9,1,1
202100037103,2021-06-01 15:13:00,2021,6,1,15,13,90,90012,RD419,47.652188,6.95433,Plein jour,Hors agglomération,Hors intersection,Normale,Deux véhicules - côté,3,2,2,0,1,1,1,9,1,80,,2,1,1,0,0,83.0,57.0,,,1,1,1,1,3
202100037104,2021-06-01 08:00:00,2021,6,1,8,0,43,43135,18 Rue Langlade,44.94071,3.993477,Plein jour,En agglomération,Intersection en T,Normale,Deux véhicules - côté,4,1,1,0,1,1,1,0,1,30,,2,1,0,1,0,26.0,12.0,,,1,2,3,1,3
202100037105,2021-06-01 18:20:00,2021,6,1,18,20,85,85081,D98,46.772686,-1.363639,Plein jour,Hors agglomération,Hors intersection,Normale,Deux véhicules - frontale,3,2,2,0,1,3,1,0,1,80,,2,0,0,2,0,20.0,33.0,,,1,1,1,1,1
202100037106,2021-06-01 09:20:00,2021,6,1,9,20,37,37059,La Maison du Jardinier,47.4688893101,0.6186092955,Plein jour,Hors agglomération,Hors intersection,Temps éblouissant,Autre collision,3,2,2,0,1,1,1,0,1,90,,2,1,1,0,0,48.0,39.0,,,1,1,1,7,6
202100037107,2021-06-02 14:00:00,2021,6,2,14,0,08,08085,chemin de brieulles sur bar,49.476835,4.859307,Plein jour,Hors agglomération,Hors intersection,Normale,Sans collision,4,4,2,0,2,1,1,0,3,80,,1,0,0,1,0,16.0,,,,1,1,1,1,7
202100037108,2021-06-01 21:05:00,2021,6,1,21,5,88,88316,D164,48.234675,5.803244,Crépuscule ou aube,Hors agglomération,Intersection en X,Normale,Deux véhicules - côté,3,2,2,0,1,1,1,0,1,90,,2,1,0,1,0,23.0,65.0,,,2,1,2,1,3
202100037109,2021-05-16 16:15:00,2021,5,16,16,15,67,67324,19 Rue de la Vallée,48.958559,7.646533,Plein jour,En agglomération,Hors intersection,Normale,Trois véhicules et plus - en chaîne,4,2,2,0,1,1,1,0,1,50,,3,2,0,0,1,46.0,40.0,,,1,2,1,1,4
202100037110,2021-06-02 04:45:00,2021,6,2,4,45,76,76586,A29 -  PK 37+500 29 - Sens le Havre vers Amiens,49.569759,0.377269,Crépuscule ou aube,Hors agglomération,Hors intersection,Normale,Deux véhicules - arrière,1,1,4,0,1,1,1,0,2,90,,2,0,0,1,1,19.0,53.0,,,2,1,1,1,2
202100037111,2021-05-22 17:35:00,2021,5,22,17,35,35,35131,D125,48.130097,-1.805143,Plein jour,Hors agglomération,Intersection en X,Normale,Deux véhicules - côté,7,2,2,0,2,3,1,5,1,50,,2,1,0,0,1,69.0,56.0,,,1,1,2,1,3
202100037112,2021-06-01 18:00:00,2021,6,1,18,0,49,49284,D723,47.409285,-0.794106,Plein jour,Hors agglomération,Intersection en X,Normale,Deux véhicules - arrière,3,2,2,0,1,1,1,5,1,70,,2,1,0,1,0,33.0,33.0,,,1,1,2,1,2
202100037113,2021-06-02 12:45:00,2021,6,2,12,45,60,60538,A1 PK85+500,49.5590520724,2.7346944809,Plein jour,Hors agglomération,Hors intersection,Normale,Trois véhicules et plus - en chaîne,1,1,2,0,1,1,1,0,1,90,,5,1,1,1,2,54.0,53.0,,,1,1,1,1,4
202100037114,2021-05-29 14:10:00,2021,5,29,14,10,988,98827,RT1 PK 210+100,-21.369736,165.189571,Plein jour,Hors agglomération,Hors intersection,Normale,Sans collision,2,2,2,0,1,1,1,0,3,110,,2,0,0,1,1,29.0,,,,1,1,1,1,7
202100037115,2021-06-01 22:11:00,2021,6,1,22,11,28,28289,route départementale 26,48.618442,1.459508,Nuit sans éclairage public,Hors agglomération,Hors intersection,Normale,Autre collision,3,2,2,0,1,1,1,0,8,80,,1,0,0,1,0,47.0,,,,3,1,1,1,6
202100037116,2021-06-01 18:30:00,2021,6,1,18,30,45,45210,CD. 317,47.893039,2.844257,Plein jour,Hors agglomération,Hors intersection,Normale,Autre collision,3,2,2,0,1,1,1,0,8,80,,1,0,0,1,0,32.0,,,,1,1,1,1,6
202100037117,2021-06-02 07:25:00,2021,6,2,7,25,34,34166,d18,43.398422,3.355443,Crépuscule ou aube,En agglomération,Hors intersection,Normale,Deux véhicules - arrière,3,2,1,0,1,1,1,0,1,70,,2,1,0,0,1,34.0,24.0,,,2,2,1,1,2
202100037118,2021-05-31 17:30:00,2021,5,31,17,30,26,26002,A7,45.220501,4.859605,Plein jour,Hors agglomération,Hors intersection,Normale,Autre collision,1,3,3,0,2,1,1,0,3,130,,1,0,0,1,0,73.0,,,,1,1,1,1,6
202100037119,2021-06-02 00:20:00,2021,6,2,0,20,70,70389,RD21 PR005+600,47.397768,5.623884,Nuit sans éclairage public,Hors agglomération,Hors intersection,Normale,Autre collision,3,2,2,0,1,3,1,0,3,80,,1,0,1,0,0,27.0,,,,3,1,1,1,6
202100037120,2021-06-01 21:00:00,2021,6,1,21,0,71,71360,D17,46.327869,4.754795,Plein jour,Hors agglomération,Hors intersection,Normale,Deux véhicules - frontale,3,2,2,0,2,1,1,0,1,80,,2,0,0,1,1,29.0,33.0,,,1,1,1,1,1
202100037121,2021-05-23 11:00:00,2021,5,23,11,0,67,67046,Rue de la Couronne,48.766055,7.861292,Plein jour,En agglomération,Intersection en T,Normale,Deux véhicules - côté,3,2,2,0,2,1,1,0,1,50,,2,1,0,1,0,80.0,41.0,,,1,2,3,1,3
202100037122,2021-05-31 14:50:00,2021,5,31,14,50,88,88196,Boulevard de Colmar,48.080808,6.896445,Plein jour,En agglomération,Intersection en T,Normale,Deux véhicules - côté,3,2,2,2,1,1,1,0,5,50,,2,1,0,1,0,42.0,61.0,,,1,2,3,1,3
202100037123,2021-06-02 10:00:00,2021,6,2,10,0,73,73248,D906,45.271745,6.351262,Plein jour,En agglomération,Hors intersection,Temps couvert,Autre collision,3,2,2,0,1,1,1,0,1,50,,2,1,0,1,0,74.0,,,,1,2,1,8,6
202100037124,2021-06-01 17:50:00,2021,6,1,17,50,73,73006,D218 Rte de Megeve,45.557577,6.62445,Plein jour,En agglomération,Hors intersection,Normale,Sans collision,3,2,2,0,2,2,1,0,1,50,,1,0,0,1,0,55.0,,,,1,2,1,1,7
202100037125,2021-06-01 17:20:00,2021,6,1,17,20,19,19085,La Versanne,45.326637,1.86222,Plein jour,Hors agglomération,Intersection en X,Normale,Deux véhicules - côté,3,2,2,0,1,1,1,9,1,90,,3,2,0,1,0,42.0,45.0,,,1,1,2,1,3
202100037126,2021-06-02 07:50:00,2021,6,2,7,50,35,35360,RD 178,48.091095,-1.204848,Plein jour,Hors agglomération,Hors intersection,Normale,Trois véhicules et plus - collisions multiples,3,2,2,0,2,1,1,0,1,80,,5,2,0,1,2,36.0,28.0,,,1,1,1,1,5
202100037127,2021-06-02 09:15:00,2021,6,2,9,15,60,60500,30 Rue du Savert,49.097946,2.761999,Plein jour,En agglomération,Hors intersection,Normale,Sans collision,4,2,2,0,1,1,1,0,4,50,,1,0,0,0,1,15.0,,,,1,2,1,1,7
202100037128,2021-06-02 07:55:00,2021,6,2,7,55,62,62861,D917,50.368295,2.799894,Plein jour,En agglomération,Intersection en Y,Normale,Deux véhicules - côté,3,2,2,0,2,1,1,0,1,50,,2,1,0,0,1,62.0,38.0,,,1,2,4,1,3
202100037129,2021-06-01 07:05:00,2021,6,1,7,5,59,59595,D630,50.221017,3.308387,Plein jour,Hors agglomération,Hors intersection,Normale,Sans collision,3,2,2,0,1,1,1,0,1,80,,1,0,0,1,0,54.0,,,,1,1,1,1,7
202100037130,2021-05-31 17:00:00,2021,5,31,17,0,13,13015,A51-Sens Aix en Provence vers Marseille,43.42808,5.38635,Plein jour,Hors agglomération,Hors intersection,Normale,Trois véhicules et plus - en chaîne,1,1,3,0,1,1,1,0,1,90,,4,3,0,0,1,19.0,48.0,,,1,1,1,1,4
202100037131,2021-05-31 12:15:00,2021,5,31,12,15,13,13005,A501-Sens Aubagne vers Pont de l'Etoile,43.28997,5.55353,Plein jour,Hors agglomération,Hors intersection,Normale,Autre collision,1,3,2,0,1,2,1,0,2,90,,1,0,0,0,1,28.0,,,,1,1,1,1,6
202100037132,2021-05-26 18:00:00,2021,5,26,18,0,13,13215,A7-Sens Lyon vers Marseille,43.3692293168,5.3609404563,Plein jour,Hors agglomération,Hors intersection,Normale,Trois véhicules et plus - en chaîne,1,-1,3,0,1,1,1,0,1,90,,5,2,0,1,2,32.0,64.0,,,1,1,1,1,4
202100037133,2021-05-30 23:50:00,2021,5,30,23,50,13,13215,A7-Sens Marseille vers Lyon,43.37755,5.35807,Nuit sans éclairage public,Hors agglomération,Hors intersection,Normale,Autre collision,1,1,3,0,3,1,1,0,1,90,,2,0,0,0,2,30.0,,,,3,1,1,1,6
202100037134,2021-06-01 17:35:00,2021,6,1,17,35,69,69266,RD383   3.750 A 7.640,45.75718,4.9088,Plein jour,Hors agglomération,Hors intersection,Normale,Trois véhicules et plus - en chaîne,7,3,4,0,1,1,1,1,1,70,,4,3,0,0,1,37.0,54.0,,,1,1,1,1,4
202100037135,2021-05-27 03:10:00,2021,5,27,3,10,69,69199,A7   7.000 A 8.630,45.69024,4.84547,Nuit sans éclairage public,Hors agglomération,Hors intersection,Normale,Deux véhicules - arrière,1,3,6,0,1,1,1,0,1,70,,2,1,0,1,0,66.0,33.0,,,3,1,1,1,2
202100037136,2021-05-31 13:42:00,2021,5,31,13,42,69,69290,RN346   38.960 A 40.883,45.709,4.96792,Plein jour,Hors agglomération,Hors intersection,Normale,Trois véhicules et plus - collisions multiples,2,3,6,0,1,1,1,0,1,90,,3,1,0,0,2,23.0,33.0,,,1,1,1,1,5
202100037137,2021-06-01 09:20:00,2021,6,1,9,20,33,33096,AUTOROUTE A10,44.904179,-0.492941,Plein jour,Hors agglomération,Hors intersection,Normale,Trois véhicules et plus - en chaîne,1,3,6,0,1,1,1,0,1,110,,3,2,0,0,1,28.0,42.0,,,1,1,1,1,4
202100037138,2021-05-31 17:30:00,2021,5,31,17,30,62,62498,AUTOROUTE A21,50.44723,2.837968,Plein jour,Hors agglomération,Hors intersection,Normale,Deux véhicules - arrière,1,3,4,0,1,1,1,0,1,90,,2,1,0,1,0,28.0,22.0,,,1,1,1,1,2
202100037139,2021-05-31 08:20:00,2021,5,31,8,20,59,59435,AUTOROUTE A23,50.49067,3.21271,Plein jour,Hors agglomération,Hors intersection,Normale,Deux véhicules - arrière,1,3,4,0,1,1,1,0,1,110,,2,1,0,0,1,37.0,37.0,,,1,1,1,1,2
202100037140,2021-06-01 19:45:00,2021,6,1,19,45,91,91363,AUTOROUTE A10,48.659338,2.184365,Plein jour,Hors agglomération,Hors intersection,Normale,Autre collision,1,3,4,0,1,1,1,0,3,110,,2,1,0,0,1,88.0,,,,1,1,1,1,6
202100037141,2021-06-01 14:50:00,2021,6,1,14,50,91,91570,RN 104,48.625,2.316195,Plein jour,Hors agglomération,Hors intersection,Normale,Deux véhicules - arrière,2,1,2,0,1,1,1,0,1,90,,4,3,0,0,1,51.0,53.0,,,1,1,1,1,2
202100037142,2021-06-01 09:13:00,2021,6,1,9,13,91,91340,AUTOROUTE A6,48.60411,2.43695,Plein jour,Hors agglomération,Hors intersection,Normale,Trois véhicules et plus - collisions multiples,1,3,8,0,1,1,1,0,1,90,,4,2,0,0,2,38.0,86.0,,,1,1,1,1,5
202100037143,2021-06-01 09:55:00,2021,6,1,9,55,94,94034,AUTOROUTE A86,48.76003,2.32099,Plein jour,Hors agglomération,Hors intersection,Normale,Deux véhicules - arrière,1,1,2,0,1,1,1,1,1,70,,2,1,0,0,1,40.0,52.0,,,1,1,1,1,2
202100037144,2021-06-01 08:26:00,2021,6,1,8,26,91,91340,AUTOROUTE A6,48.59779,2.44136,Plein jour,Hors agglomération,Hors intersection,Normale,Trois véhicules et plus - collisions multiples,1,3,8,0,1,1,1,0,1,90,,3,2,0,0,1,42.0,39.0,,,1,1,1,1,5
202100037145,2021-05-31 17:55:00,2021,5,31,17,55,91,91064,RN 118,48.74655,2.19627,Plein jour,Hors agglomération,Hors intersection,Normale,Trois véhicules et plus - en chaîne,2,1,2,0,1,1,1,0,1,110,,5,4,0,0,1,36.0,64.0,,,1,1,1,1,4
202100037146,2021-06-01 17:30:00,2021,6,1,17,30,92,92036,A86,48.933523869,2.2754620724,Plein jour,Hors agglomération,Hors intersection,Temps éblouissant,Deux véhicules - arrière,1,3,2,0,1,1,1,0,1,90,,4,3,0,0,1,33.0,43.0,,,1,1,1,7,2
202100037147,2021-06-01 14:15:00,2021,6,1,14,15,92,92051,RN13,48.8858720126,2.2572237253,Plein jour,Hors agglomération,Hors intersection,Normale,Autre collision,2,3,4,0,1,1,1,1,1,70,,1,0,0,0,1,55.0,,,,1,1,1,1,6
202100037148,2021-06-01 13:20:00,2021,6,1,13,20,92,92036,A86,48.9356840098,2.2617732894,Plein jour,Hors agglomération,Hors intersection,Normale,Deux véhicules - arrière,1,3,4,0,1,1,1,0,1,90,,4,3,0,0,1,31.0,56.0,,,1,1,1,1,2
202100037149,2021-06-01 09:30:00,2021,6,1,9,30,78,78640,A86 EXT,48.778419,2.20843,Plein jour,Hors agglomération,Hors intersection,Normale,Trois véhicules et plus - en chaîne,1,3,6,0,1,1,1,0,1,110,,3,2,0,0,1,38.0,39.0,,,1,1,1,1,4
202100037150,2021-05-31 22:30:00,2021,5,31,22,30,78,78545,A12 W,48.81059,2.05613,Nuit sans éclairage public,Hors agglomération,Hors intersection,Normale,Autre collision,1,-1,4,0,1,1,1,0,1,110,,1,0,0,0,1,25.0,,,,3,1,1,1,6
202100037151,2021-05-31 10:00:00,2021,5,31,10,0,78,78238,A13,48.97046,1.88058,Plein jour,Hors agglomération,Hors intersection,Normale,Trois véhicules et plus - collisions multiples,1,1,3,0,1,1,1,0,1,130,,10,6,0,0,4,56.0,31.0,,,1,1,1,1,5
202100037152,2021-06-01 09:30:00,2021,6,1,9,30,95,95219, A115,48.9947764944,2.2463465154,Plein jour,Hors agglomération,Hors intersection,Normale,Deux véhicules - arrière,1,3,6,0,1,1,1,0,1,110,,2,1,0,0,1,31.0,49.0,,,1,1,1,1,2
202100037153,2021-06-01 18:20:00,2021,6,1,18,20,94,94042,A4,48.8283679668,2.4755835633,Plein jour,Hors agglomération,Hors intersection,Normale,Autre collision,1,3,9,0,1,1,1,0,1,90,,3,1,0,0,2,36.0,42.0,,,1,1,1,1,6
202100037154,2021-06-01 10:00:00,2021,6,1,10,0,77,77249,A104,48.7506648952,2.614191341,Plein jour,Hors agglomération,Hors intersection,Normale,Autre collision,2,3,4,0,4,1,1,0,1,90,,4,3,0,0,1,29.0,41.0,,,1,1,1,1,6
202100037155,2021-06-01 08:20:00,2021,6,1,8,20,77,77373,RN104,48.7739887309,2.6118633742,Plein jour,Hors agglomération,Hors intersection,Normale,Deux véhicules - arrière,2,3,2,0,1,1,1,3,1,90,,2,1,0,0,1,59.0,25.0,,,1,1,1,1,2
202100037156,2021-04-12 10:27:00,2021,4,12,10,27,87,87085,BUXEROLLES (RUE DE),45.868281,1.26483,Plein jour,En agglomération,Hors intersection,Normale,Autre collision,6,-1,-1,0,1,1,1,0,1,30,,1,0,0,0,1,,,,,1,2,1,1,6
202100037157,2021-05-31 14:30:00,2021,5,31,14,30,988,98818,RUE DE L'ALMA ANDRE BALLANDE,-22.26981,166.44026,Plein jour,En agglomération,Hors intersection,Normale,Autre collision,4,1,2,0,1,1,1,0,1,30,,2,1,0,0,1,55.0,,,,1,2,1,1,6
202100037158,2021-05-31 18:25:00,2021,5,31,18,25,64,64445,PAIX,43.3194564039,-0.3489017487,Plein jour,En agglomération,Autre intersection,Normale,Autre collision,5,-1,0,0,1,3,1,0,8,30,,2,1,0,0,1,24.0,,,,1,2,9,1,6
202100037159,2021-05-30 16:04:00,2021,5,30,16,4,35,35288,ESPLANADE SAINT VINCENT,48.650866,-2.021373,Plein jour,En agglomération,Hors intersection,Temps éblouissant,Autre collision,4,2,2,0,1,1,1,0,1,30,,2,0,0,2,0,42.0,,,,1,2,1,7,6
202100037160,2021-05-30 12:56:00,2021,5,30,12,56,34,34172,LAKANAL (RUE),43.61612,3.88008,Plein jour,En agglomération,Hors intersection,Normale,Autre collision,4,1,1,0,1,1,1,0,1,50,,2,1,0,1,0,50.0,,,,1,2,1,1,6
202100037161,2021-05-31 20:00:00,2021,5,31,20,0,06,06029,CROISETTE (BOULEVARD DE),43.546233,7.033128,Plein jour,En agglomération,Autre intersection,Normale,Autre collision,4,2,4,0,1,1,1,0,1,30,,2,1,0,1,0,22.0,,,,1,2,9,1,6
202100037162,2021-05-28 11:14:00,2021,5,28,11,14,05,05061,JEAN JAURES ( AVENUE ),44.54774,6.06595,Plein jour,Hors agglomération,Hors intersection,Normale,Sans collision,2,2,2,0,1,1,1,0,1,50,,2,1,0,1,0,91.0,,,,1,1,1,1,7
202100037163,2021-05-22 11:27:00,2021,5,22,11,27,75,75107,AVENUE RAPP,48.857677,2.30019,Plein jour,En agglomération,Intersection à plus de 4 branches,Normale,Autre collision,4,1,1,1,1,1,1,0,1,50,,2,1,0,0,1,44.0,,,,1,2,5,1,6
202100037164,2021-02-16 18:26:00,2021,2,16,18,26,27,27229,QUATORZE JUILLET (BOULEVARD),49.009782,1.166511,Nuit avec éclairage allumé,En agglomération,Hors intersection,Normale,Autre collision,4,1,1,0,1,1,2,0,1,50,,2,1,0,1,0,60.0,,,,5,2,1,1,6
202100037165,2021-05-31 13:50:00,2021,5,31,13,50,976,97611,kaweni-Magimbini ( rue ),-12.7769,45.22592,Plein jour,En agglomération,Hors intersection,Normale,Deux véhicules - arrière,4,2,0,0,2,2,1,0,1,50,,3,2,0,0,1,46.0,29.0,,,1,2,1,1,2
202100037166,2021-05-04 07:25:00,2021,5,4,7,25,973,97302,MONTABO (ROUTE DE) 2,4.9367123788,-52.2972013951,Plein jour,En agglomération,Hors intersection,Pluie légère,Deux véhicules - côté,3,2,2,2,1,2,2,0,1,50,,2,1,0,0,1,34.0,37.0,,,1,2,1,2,3
202100037167,2021-05-31 19:05:00,2021,5,31,19,5,69,69259,DOCTEUR COBLOD (DU)                 (BD),45.69939,4.89339,Plein jour,En agglomération,Hors intersection,Normale,Deux véhicules - frontale,4,2,2,0,1,1,1,0,1,50,,2,1,0,1,0,29.0,20.0,,,1,2,1,1,1
202100037168,2021-05-31 18:45:00,2021,5,31,18,45,69,69387,JEAN VALLIER (R),45.73285,4.83751,Plein jour,En agglomération,Intersection en X,Normale,Deux véhicules - côté,4,2,2,0,1,1,1,0,1,50,,3,2,0,0,1,33.0,30.0,,,1,2,2,1,3
202100037169,2021-05-31 16:20:00,2021,5,31,16,20,69,69199,CHARLES PLASSE (R),45.70911,4.85332,Plein jour,En agglomération,Hors intersection,Normale,Autre collision,4,2,2,0,1,1,1,0,1,30,,3,1,0,0,2,38.0,,,,1,2,1,1,6
202100037170,2021-05-04 17:45:00,2021,5,4,17,45,69,69388,ALPHONSE RODET (R),45.72689,4.88195,Plein jour,En agglomération,Hors intersection,Normale,Autre collision,4,1,1,0,1,1,1,0,1,30,,2,1,0,0,1,,,,,1,2,1,1,6
202100037171,2021-05-31 13:00:00,2021,5,31,13,0,69,69389,ARLOING (Q),45.77022,4.81221,Plein jour,En agglomération,Hors intersection,Normale,Trois véhicules et plus - en chaîne,4,2,4,3,1,1,1,0,1,50,,3,2,0,0,1,18.0,36.0,,,1,2,1,1,4
202100037172,2021-05-03 12:29:00,2021,5,3,12,29,69,69142,JEAN JACQUES ROUSSEAU (Q),45.73977,4.81201,Plein jour,En agglomération,Hors intersection,Temps éblouissant,Trois véhicules et plus - en chaîne,4,2,2,0,1,1,1,0,1,50,,5,4,0,0,1,22.0,38.0,,,1,2,1,7,4
202100037173,2021-04-30 17:00:00,2021,4,30,17,0,69,69382,JEAN MOULIN (Q),45.76487,4.83841,Plein jour,En agglomération,Intersection en T,Normale,Deux véhicules - côté,4,1,3,3,1,1,1,0,1,50,,2,1,0,0,1,58.0,,,,1,2,3,1,3
202100037174,2021-05-29 12:15:00,2021,5,29,12,15,971,97107,PAUL LACAVE ( AVENUE ),16.0482365846,-61.5629094879,Plein jour,En agglomération,Hors intersection,Normale,Sans collision,2,1,1,0,1,1,1,0,1,50,,1,0,0,0,1,33.0,,,,1,2,1,1,7
202100037175,2021-05-31 19:30:00,2021,5,31,19,30,95,95018,MARTYRS DE CHATEAUBRIANT (BLD DES),48.95081,2.20893,Plein jour,En agglomération,Intersection en T,Normale,Deux véhicules - côté,4,2,4,3,1,2,1,0,1,50,,2,1,0,0,1,20.0,49.0,,,1,2,3,1,3