accident_id,datetime,annee,mois,jour,heure,minute,departement,commune_insee,adresse,latitude,longitude,luminosite,agglomeration,intersection,meteo,collision,catr,circ,nbv,vosp,prof,plan,surf,infra,situ,vma,nb_vehicules,nb_usagers,nb_indemnes,nb_tues,nb_blesses_hosp,nb_blesses_legers,age_cond_1,age_cond_2,veh_type_cond_1,veh_type_cond_2,lum_code,agg_code,int_code,atm_code,col_code
202100037176,2021-05-31 08:30:00,2021,5,31,8,30,95,95063,RUE DE PONTOISE,48.924252,2.21759,Plein jour,En agglomération,Intersection en T,Normale,Deux véhicules - côté,3,1,2,0,1,1,1,0,1,50,,2,1,0,0,1,29.0,19.0,,,1,2,3,1,3
202100037177,2021-05-30 21:40:00,2021,5,30,21,40,91,91549,JACQUES DUCLOS (AVENUE),48.635,2.347,Plein jour,En agglomération,Hors intersection,Normale,Deux véhicules - côté,3,2,2,0,1,1,1,0,1,50,,3,2,0,0,1,27.0,21.0,,,1,2,1,1,3
202100037178,2021-05-31 18:59:00,2021,5,31,18,59,91,91477,SACLAY (ROUTE DE),48.719061,2.22142,Plein jour,En agglomération,Hors intersection,Normale,Autre collision,3,2,2,0,1,1,1,0,1,50,,2,1,0,1,0,42.0,,,,1,2,1,1,6
202100037179,2021-05-04 18:35:00,2021,5,4,18,35,91,91191,Jean Jaures (Avenue),48.71513,2.45943,Plein jour,En agglomération,Hors intersection,Normale,Deux véhicules - côté,3,2,2,0,1,1,1,0,1,30,,2,1,0,0,1,80.0,16.0,,,1,2,1,1,3
202100037180,2021-05-31 19:00:00,2021,5,31,19,0,91,91027,AV JEAN JACQUES ROUSSEAU,48.703673,2.356941,Plein jour,En agglomération,Intersection en T,Normale,Autre collision,4,2,2,1,1,1,1,5,5,5,,2,1,0,0,1,54.0,,,,1,2,3,1,6
202100037181,2021-05-31 10:40:00,2021,5,31,10,40,91,91479,RTE DE FONTAINEBLEAU,48.720324,2.370622,Plein jour,Hors agglomération,Intersection à plus de 4 branches,Normale,Deux véhicules - côté,3,3,4,0,1,1,1,5,1,50,,3,2,0,0,1,31.0,36.0,,,1,1,5,1,3
202100037182,2021-05-03 20:50:00,2021,5,3,20,50,91,91687,PRESIDENT KENNEDY (AVENUE DU),48.66653,2.36424,Crépuscule ou aube,En agglomération,Intersection en X,Normale,Deux véhicules - frontale,4,2,1,0,1,1,1,0,1,50,,2,1,0,0,1,23.0,29.0,,,2,2,2,1,1
202100037183,2021-05-31 08:30:00,2021,5,31,8,30,89,89387,Rue Henri Dunant,48.20087,3.29189,Plein jour,En agglomération,Intersection en T,Normale,Deux véhicules - frontale,4,2,2,0,1,1,1,0,1,30,,2,1,0,0,1,17.0,32.0,,,1,2,3,1,1
202100037184,2021-05-30 19:00:00,2021,5,30,19,0,87,87085,PORT DU NAVEIX (RUE DU),45.83322,1.27569,Plein jour,En agglomération,Intersection en T,Normale,Deux véhicules - côté,2,3,5,0,1,1,1,5,1,50,,3,2,0,0,1,79.0,83.0,,,1,2,3,1,3
202100037185,2021-05-28 15:04:00,2021,5,28,15,4,87,87085,BAUDIN (AVENUE) ( RN21),45.817572,1.252529,Plein jour,En agglomération,Hors intersection,Normale,Deux véhicules - arrière,4,2,2,0,1,1,1,0,1,50,,2,1,0,0,1,61.0,17.0,,,1,2,1,1,2
202100037186,2021-05-30 07:52:00,2021,5,30,7,52,87,87085,BLANC LOUIS (BOULEVARD),45.82763,1.26086,Crépuscule ou aube,En agglomération,Hors intersection,Normale,Sans collision,4,-1,4,0,1,1,1,0,1,50,,1,0,0,1,0,40.0,,,,2,2,1,1,7
202100037187,2021-05-04 12:37:00,2021,5,4,12,37,87,87050,MONTIN (ROUTE DU),45.88077,1.25723,Plein jour,Hors agglomération,Intersection en T,Normale,Deux véhicules - arrière,4,2,2,0,1,1,1,0,1,70,,2,1,0,1,0,48.0,44.0,,,1,1,3,1,2
202100037188,2021-04-30 17:55:00,2021,4,30,17,55,87,87075,ECUREUILS (CHEMIN DES),45.80736,1.20273,Plein jour,Hors agglomération,Hors intersection,Normale,Deux véhicules - côté,4,1,1,0,1,1,1,0,1,30,,2,1,0,0,1,9.0,80.0,,,1,1,1,1,3
202100037189,2021-05-30 15:45:00,2021,5,30,15,45,86,86194,Avenue John Kennedy,46.58224,0.36789,Plein jour,En agglomération,Intersection en X,Normale,Deux véhicules - côté,3,3,4,0,1,1,1,0,1,50,,3,0,0,0,3,47.0,23.0,,,1,2,2,1,3
202100037190,2021-05-04 16:45:00,2021,5,4,16,45,83,83137,NOMY (RUE AMIRAL),43.120226,5.950796,Crépuscule ou aube,En agglomération,Hors intersection,Normale,Autre collision,4,1,2,0,1,1,1,0,1,50,,2,1,0,1,0,60.0,,,,2,2,1,1,6
202100037191,2021-05-27 10:00:00,2021,5,27,10,0,83,83129,LYCEE DE LA COUDOULIERE (AVENUE DU),43.0942651398,5.8234977722,Plein jour,En agglomération,Giratoire,Temps éblouissant,Autre collision,4,1,2,1,1,2,1,5,1,50,,2,1,0,0,1,29.0,28.0,,,1,2,6,7,6
202100037192,2021-05-31 09:51:00,2021,5,31,9,51,78,78551,RN 184,48.952399,2.093069,Plein jour,Hors agglomération,Autre intersection,Normale,Deux véhicules - côté,2,3,4,0,1,1,1,5,1,90,,2,1,1,0,0,36.0,36.0,,,1,1,9,1,3
202100037193,2021-05-04 16:30:00,2021,5,4,16,30,78,78146,SABINETTES (RUE DES),48.899706,2.145451,Plein jour,En agglomération,Hors intersection,Normale,Deux véhicules - côté,4,1,1,0,1,1,1,0,1,30,,3,2,0,1,0,40.0,37.0,,,1,2,1,1,3
202100037194,2021-05-01 12:15:00,2021,5,1,12,15,77,77258,SEGRAIS (BOULEVARD DU),48.833668,2.634755,Plein jour,En agglomération,Giratoire,Normale,Autre collision,3,2,2,0,1,1,1,5,1,50,,2,1,0,1,0,45.0,50.0,,,1,2,6,1,6
202100037195,2021-05-04 14:05:00,2021,5,4,14,5,77,77482,CROIX DE SIX (RUE DE LA),48.37136,2.95789,Plein jour,En agglomération,Hors intersection,Pluie légère,Deux véhicules - frontale,3,2,2,0,1,1,2,0,1,50,,3,1,0,2,0,48.0,45.0,,,1,2,1,2,1
202100037196,2021-05-31 19:15:00,2021,5,31,19,15,77,77394,D.306,48.552267,2.667897,Plein jour,Hors agglomération,Hors intersection,Normale,Deux véhicules - côté,3,1,1,1,1,3,1,0,1,50,,2,1,0,0,1,20.0,55.0,,,1,1,1,1,3
202100037197,2021-05-30 08:40:00,2021,5,30,8,40,77,77122,AV DE LA REPUBLIQUE,48.66554,2.54991,Plein jour,En agglomération,Giratoire,Normale,Deux véhicules - frontale,3,2,2,0,1,1,1,0,1,50,,2,1,0,1,0,69.0,43.0,,,1,2,6,1,1
202100037198,2021-05-31 04:10:00,2021,5,31,4,10,77,77216,D 607,48.298363,2.6802,Nuit sans éclairage public,Hors agglomération,Autre intersection,Normale,Autre collision,3,2,2,0,1,1,1,3,1,70,,4,0,1,0,3,23.0,,,,3,1,9,1,6
202100037199,2021-05-04 15:00:00,2021,5,4,15,0,77,77186,GRANDE (RUE),48.41162,2.70541,Plein jour,En agglomération,Hors intersection,Pluie légère,Autre collision,4,2,2,0,1,1,2,0,1,30,,2,1,0,0,1,39.0,,,,1,2,1,2,6
202100037200,2021-05-30 20:30:00,2021,5,30,20,30,76,76351,GOBELINS (DES),49.49857,0.10559,Plein jour,En agglomération,Intersection en X,Normale,Deux véhicules - frontale,4,2,2,0,2,2,1,0,1,50,,2,1,0,0,1,21.0,23.0,,,1,2,2,1,1
202100037201,2021-05-03 19:30:00,2021,5,3,19,30,72,72181,GAMBETTA (PONT),48.0059,0.1922,Plein jour,En agglomération,Autre intersection,Normale,Deux véhicules - frontale,4,2,2,3,1,1,1,0,1,50,,2,1,0,0,1,26.0,36.0,,,1,2,9,1,1
202100037202,2021-05-03 14:05:00,2021,5,3,14,5,71,71306,SAINT EXUPERY (RUE),46.67873,4.36872,Plein jour,En agglomération,Hors intersection,Normale,Deux véhicules - côté,4,-1,0,0,1,1,1,0,1,50,,2,0,0,0,2,20.0,28.0,,,1,2,1,1,3
202100037203,2021-05-03 18:30:00,2021,5,3,18,30,71,71105,CLUNY (ROUTE DE),46.31279,4.78576,Plein jour,En agglomération,Giratoire,Normale,Deux véhicules - côté,3,1,2,1,1,2,1,5,1,50,,2,1,0,0,1,50.0,62.0,,,1,2,6,1,3
202100037204,2021-05-31 13:30:00,2021,5,31,13,30,71,71153,ACACIAS (RUE DES) N°18 A 58 ET 5 A 51,46.7926375287,4.4309653072,Plein jour,En agglomération,Intersection en X,Normale,Deux véhicules - côté,4,2,2,0,1,3,1,0,1,50,,2,1,0,1,0,31.0,46.0,,,1,2,2,1,3
202100037205,2021-05-30 16:00:00,2021,5,30,16,0,71,71153,Rue Maréchal Foch,46.8032095088,4.4512989651,Plein jour,En agglomération,Intersection en X,Normale,Deux véhicules - côté,4,2,3,0,2,1,1,0,1,50,,2,1,0,1,0,63.0,23.0,,,1,2,2,1,3
202100037206,2021-05-31 19:25:00,2021,5,31,19,25,69,69266,EMILE ZOLA (CR),45.7640224808,4.9098988061,Plein jour,En agglomération,Hors intersection,Normale,Sans collision,4,1,2,0,2,3,1,3,3,50,,2,1,0,0,1,25.0,,,,1,2,1,1,7
202100037207,2021-05-18 10:20:00,2021,5,18,10,20,69,69290,GARE (DE LA) (AV),45.68778,4.93485,Plein jour,En agglomération,Intersection en X,Normale,Deux véhicules - côté,4,2,2,0,1,1,1,0,1,50,,2,1,0,1,0,20.0,75.0,,,1,2,2,1,3
202100037208,2021-05-03 19:30:00,2021,5,3,19,30,69,69275,JEAN JAURES                         (AV),45.7708,4.95883,Plein jour,En agglomération,Intersection en X,Normale,Autre collision,7,2,2,0,1,1,1,0,1,50,,2,1,0,1,0,25.0,,,,1,2,2,1,6
202100037209,2021-05-29 19:05:00,2021,5,29,19,5,67,67482,VITRY LE FRANCOIS (AVENUE DE),48.56995,7.7932,Plein jour,En agglomération,Intersection en T,Normale,Deux véhicules - côté,4,2,4,0,1,1,1,0,1,50,,3,1,0,0,2,74.0,39.0,,,1,2,3,1,3
202100037210,2021-05-28 19:40:00,2021,5,28,19,40,67,67482,SCHIRMECK (ROUTE DE),48.572047,7.713968,Plein jour,En agglomération,Hors intersection,Normale,Deux véhicules - arrière,7,2,3,3,1,1,1,0,1,50,,2,1,0,0,1,63.0,25.0,,,1,2,1,1,2
202100037211,2021-05-28 17:05:00,2021,5,28,17,5,67,67447,PIERRE MENDES FRANCE (AVENUE),48.600205,7.7536,Plein jour,En agglomération,Intersection en T,Normale,Deux véhicules - côté,4,3,4,0,1,1,1,0,1,50,,2,1,0,0,1,25.0,89.0,,,1,2,3,1,3
202100037212,2021-05-31 17:15:00,2021,5,31,17,15,64,64249,GETARIA(AVENUE),43.41797,-1.60836,Plein jour,Hors agglomération,Hors intersection,Normale,Deux véhicules - côté,3,2,0,0,1,1,1,0,1,70,,3,1,0,0,2,28.0,41.0,,,1,1,1,1,3
202100037213,2021-05-04 14:50:00,2021,5,4,14,50,64,64545,RD810,43.370481,-1.682478,Plein jour,En agglomération,Hors intersection,Normale,Deux véhicules - frontale,3,2,2,0,1,1,1,0,1,70,,2,0,0,1,1,41.0,51.0,,,1,2,1,1,1
202100037214,2021-05-31 17:10:00,2021,5,31,17,10,64,64335,MAURICE COUSTEAU,43.33414,-0.41995,Plein jour,En agglomération,Intersection en X,Normale,Deux véhicules - côté,4,2,2,0,1,1,1,0,1,50,,2,1,0,0,1,51.0,56.0,,,1,2,2,1,3
202100037215,2021-05-31 08:50:00,2021,5,31,8,50,64,64024,BAYONNE (AVENUE DE),43.48111,-1.51173,Plein jour,En agglomération,Intersection en T,Normale,Deux véhicules - arrière,3,2,4,0,1,1,1,5,1,30,,2,1,0,0,1,41.0,43.0,,,1,2,3,1,2
202100037216,2021-05-02 05:00:00,2021,5,2,5,0,63,63302,RD 978,45.72442,3.14759,Nuit avec éclairage non allumé,En agglomération,Hors intersection,Temps couvert,Autre collision,3,2,2,0,2,2,2,0,3,50,,2,0,1,1,0,19.0,,,,4,2,1,8,6
202100037217,2021-05-31 09:12:00,2021,5,31,9,12,63,63113,COTTAGES / Theuriet,45.76494,3.07918,Plein jour,En agglomération,Intersection en X,Normale,Deux véhicules - côté,4,2,2,0,1,1,1,0,1,50,,2,1,0,0,1,47.0,33.0,,,1,2,2,1,3
202100037218,2021-05-29 12:19:00,2021,5,29,12,19,63,63113,BLATIN (RUE),45.77688,3.07902,Plein jour,En agglomération,Hors intersection,Normale,Autre collision,4,2,3,0,1,1,1,0,1,50,,2,1,0,1,0,32.0,,,,1,2,1,1,6
202100037219,2021-05-30 11:59:00,2021,5,30,11,59,63,63164,D 210 /allée ds Saules,45.83396,3.15841,Plein jour,En agglomération,Intersection en T,Normale,Trois véhicules et plus - en chaîne,7,2,2,0,1,1,1,0,1,50,,3,2,0,0,1,34.0,33.0,,,1,2,3,1,4
202100037220,2021-05-29 11:24:00,2021,5,29,11,24,63,63164,D2 MALINTRAT (RTE DE )/VC,45.81382,3.16094,Plein jour,En agglomération,Intersection en X,Normale,Deux véhicules - arrière,7,2,2,0,1,1,1,0,1,50,,2,1,0,0,1,74.0,23.0,,,1,2,2,1,2
202100037221,2021-05-04 04:20:00,2021,5,4,4,20,62,62193,JACQUARD (BOULEVARD),50.951727,1.853469,Nuit avec éclairage allumé,En agglomération,Intersection en X,Vent fort / tempête,Deux véhicules - côté,4,2,2,0,1,1,2,0,1,30,,4,0,0,0,4,48.0,31.0,,,5,2,2,6,3
202100037222,2021-05-29 09:05:00,2021,5,29,9,5,60,60382,Rue du Maréchal Foch,49.4281580175,2.8236365317,Plein jour,En agglomération,Hors intersection,Normale,Autre collision,4,2,2,0,1,1,1,0,1,50,,1,0,0,1,0,75.0,,,,1,2,1,1,6
202100037223,2021-05-31 20:10:00,2021,5,31,20,10,59,59426,TOURCOING (RUE DE),50.746028,3.157938,Plein jour,En agglomération,Hors intersection,Normale,Autre collision,4,2,2,2,1,1,1,0,1,50,,1,0,0,0,1,39.0,,,,1,2,1,1,6
202100037224,2021-05-31 08:00:00,2021,5,31,8,0,59,59512,JAURES (AVENUE JEAN),50.674974,3.158723,Plein jour,En agglomération,Hors intersection,Normale,Deux véhicules - côté,7,2,-1,0,1,1,1,0,5,50,,2,1,0,1,0,52.0,29.0,,,1,2,1,1,3
202100037225,2021-05-30 20:10:00,2021,5,30,20,10,59,59360,DOUMER PAUL RUE,50.603,3.041,Plein jour,En agglomération,Hors intersection,Normale,Autre collision,4,2,2,0,1,1,1,5,1,50,,2,1,0,0,1,30.0,,,,1,2,1,1,6
202100037226,2021-05-31 11:00:00,2021,5,31,11,0,59,59648,14 JUILLET AVENUE DU,50.5855733182,3.046063541,Plein jour,En agglomération,Hors intersection,Normale,Deux véhicules - côté,4,2,2,0,1,1,1,0,1,50,,2,1,0,0,1,29.0,67.0,,,1,2,1,1,3
202100037227,2021-04-29 20:40:00,2021,4,29,20,40,59,59350,HUGO VICTOR RUE,50.6278,3.01316,Nuit avec éclairage allumé,En agglomération,Intersection en Y,Normale,Deux véhicules - côté,7,2,2,0,1,2,1,0,1,50,,2,1,0,1,0,21.0,22.0,,,5,2,4,1,3
202100037228,2021-05-29 18:55:00,2021,5,29,18,55,57,57631,MERLES (RUE DES),49.1009065,7.0441373,Plein jour,En agglomération,Hors intersection,Normale,Autre collision,4,2,2,0,1,1,1,0,1,50,,2,1,0,0,1,65.0,,,,1,2,1,1,6
202100037229,2021-05-28 18:20:00,2021,5,28,18,20,56,56121,FAOUEDIC ( AVE DU ),47.74783,-3.36489,Plein jour,En agglomération,Giratoire,Normale,Deux véhicules - côté,4,-1,2,3,1,1,1,5,1,30,,2,1,0,0,1,21.0,44.0,,,1,2,6,1,3
202100037230,2021-05-28 12:05:00,2021,5,28,12,5,56,56121,MULLER ( DU COLONEL JEAN ),47.76334,-3.39439,Plein jour,En agglomération,Hors intersection,Normale,Deux véhicules - côté,4,2,2,2,1,1,1,0,5,30,,2,1,0,0,1,75.0,54.0,,,1,2,1,1,3
202100037231,2021-05-26 01:08:00,2021,5,26,1,8,54,54528,RD904,48.696558,5.895071,Nuit avec éclairage non allumé,En agglomération,Hors intersection,Normale,Sans collision,3,2,2,0,1,1,1,0,1,30,,5,0,1,0,4,23.0,,,,4,2,1,1,7
202100037232,2021-05-31 17:45:00,2021,5,31,17,45,54,54395,OLYMPE DE GOUGES,48.6968525374,6.1950042844,Plein jour,En agglomération,Hors intersection,Normale,Deux véhicules - frontale,4,2,2,0,1,1,1,0,1,30,,3,1,0,0,2,29.0,41.0,,,1,2,1,1,1
202100037233,2021-05-04 19:03:00,2021,5,4,19,3,51,51454,Avenue Paul Marchandeau,49.2446683981,4.0284740925,Plein jour,En agglomération,Hors intersection,Normale,Deux véhicules - côté,4,2,4,0,2,1,1,0,1,50,,2,1,0,0,1,18.0,18.0,,,1,2,1,1,3
202100037234,2021-05-04 15:10:00,2021,5,4,15,10,51,51454,Rue Marie Ognois,49.2688673415,4.0735822733,Plein jour,En agglomération,Hors intersection,Normale,Sans collision,4,2,2,0,1,1,1,0,1,50,,3,2,0,0,1,79.0,,,,1,2,1,1,7
202100037235,2021-05-28 16:40:00,2021,5,28,16,40,50,50602,PENESME (ROND POINT),49.63548,-1.57603,Plein jour,En agglomération,Giratoire,Normale,Deux véhicules - arrière,2,1,1,0,1,2,1,0,1,50,,3,2,0,0,1,71.0,21.0,,,1,2,6,1,2
202100037236,2021-05-28 12:00:00,2021,5,28,12,0,50,50173,PREVERT (AVENUE JACQUES),49.65476,-1.66967,Plein jour,En agglomération,Hors intersection,Normale,Deux véhicules - arrière,4,2,2,0,2,1,1,0,1,50,,2,1,0,0,1,39.0,36.0,,,1,2,1,1,2
202100037237,2021-05-31 18:02:00,2021,5,31,18,2,49,49007,PORTET BOULEVARD,47.451869,-0.562913,Plein jour,En agglomération,Hors intersection,Normale,Deux véhicules - côté,4,-1,2,0,1,1,1,0,1,50,,3,2,0,0,1,22.0,80.0,,,1,2,1,1,3
202100037238,2021-05-31 07:20:00,2021,5,31,7,20,45,45234,Quai du Fort des Tourelles,47.89483,1.9045,Plein jour,En agglomération,Intersection en X,Normale,Deux véhicules - côté,4,2,2,1,1,1,1,2,1,50,,3,2,0,0,1,19.0,60.0,,,1,2,2,1,3
202100037239,2021-05-04 20:00:00,2021,5,4,20,0,45,45298,Rue des Hautes Levées,47.884902,1.848821,Plein jour,En agglomération,Hors intersection,Pluie légère,Deux véhicules - frontale,4,2,2,0,1,1,2,0,1,30,,3,1,0,0,2,26.0,57.0,,,1,2,1,2,1
202100037240,2021-05-04 12:55:00,2021,5,4,12,55,45,45286,Avenue Gaston Galloux,47.8878110534,1.9243097386,Plein jour,En agglomération,Hors intersection,Pluie légère,Trois véhicules et plus - en chaîne,4,2,2,0,1,3,2,0,1,70,,4,3,0,0,1,42.0,21.0,,,1,2,1,2,4
202100037241,2021-05-29 11:20:00,2021,5,29,11,20,45,45004,Rue du Gros Moulin,47.96484,2.77946,Plein jour,En agglomération,Intersection en T,Normale,Deux véhicules - arrière,3,2,2,0,1,1,1,0,1,50,,2,1,0,0,1,49.0,28.0,,,1,2,3,1,2
202100037242,2021-05-04 21:15:00,2021,5,4,21,15,44,44109,RUE DU PERRAY,47.24714,-1.51146,Nuit avec éclairage allumé,En agglomération,Hors intersection,Normale,Deux véhicules - côté,4,2,0,0,1,1,1,0,1,30,,3,1,0,2,0,35.0,25.0,,,5,2,1,1,3
202100037243,2021-05-31 17:20:00,2021,5,31,17,20,41,41018,BRANLY (RUE EDOUARD),47.58821,1.31346,Plein jour,En agglomération,Hors intersection,Normale,Deux véhicules - côté,4,1,2,0,1,1,1,0,1,50,,2,1,0,0,1,34.0,,,,1,2,1,1,3
202100037244,2021-05-30 21:10:00,2021,5,30,21,10,38,38421,Avenue Potié,45.1735,5.7554,Crépuscule ou aube,En agglomération,Intersection en X,Normale,Deux véhicules - côté,7,2,2,0,1,1,1,0,1,50,,4,2,0,0,2,72.0,24.0,,,2,2,2,1,3
202100037245,2021-05-04 18:40:00,2021,5,4,18,40,38,38185,Rue Paul Helbronner,45.16597,5.73975,Plein jour,En agglomération,Hors intersection,Normale,Deux véhicules - côté,4,2,3,1,1,1,1,0,1,50,,3,1,0,1,1,17.0,35.0,,,1,2,1,1,3
202100037246,2021-05-04 09:10:00,2021,5,4,9,10,38,38151,Cours Jean Jaures,45.14906,5.70598,Plein jour,En agglomération,Hors intersection,Normale,Deux véhicules - côté,7,3,-1,1,1,1,1,0,1,50,,2,1,0,0,1,72.0,68.0,,,1,2,1,1,3
202100037247,2021-05-03 19:25:00,2021,5,3,19,25,37,37261,MIRABEAU (PONT),47.397575833,0.6993162705,Plein jour,En agglomération,Intersection en X,Normale,Deux véhicules - côté,4,2,3,0,1,1,1,2,1,50,,3,2,0,0,1,24.0,24.0,,,1,2,2,1,3
202100037248,2021-05-31 18:15:00,2021,5,31,18,15,35,35238,Loriettes (Rue des),48.08387,-1.67734,Plein jour,En agglomération,Giratoire,Normale,Deux véhicules - arrière,4,1,2,1,1,2,1,0,1,30,,2,1,0,1,0,20.0,80.0,,,1,2,6,1,2
202100037249,2021-05-31 08:40:00,2021,5,31,8,40,33,33167,Rue Roger Salengro,44.83998,-0.53912,Plein jour,En agglomération,Intersection en X,Normale,Deux véhicules - côté,4,2,2,0,1,1,1,0,1,30,,6,4,0,0,2,34.0,49.0,,,1,2,2,1,3
202100037250,2021-05-31 08:30:00,2021,5,31,8,30,33,33281,Avenue de Verdun,44.84068,-0.64137,Plein jour,En agglomération,Hors intersection,Normale,Deux véhicules - côté,4,2,3,2,2,1,1,0,5,50,,2,1,0,0,1,54.0,33.0,,,1,2,1,1,3
202100037251,2021-05-31 11:35:00,2021,5,31,11,35,33,33529,Avenue des Mimosas,44.632739,-1.19796,Plein jour,En agglomération,Intersection en X,Normale,Deux véhicules - côté,4,2,1,0,1,1,1,0,1,50,,2,1,0,0,1,19.0,57.0,,,1,2,2,1,3
202100037252,2021-05-03 17:55:00,2021,5,3,17,55,31,31555,ALL DU PR CAMILLE SOULA,43.58438,1.438,Plein jour,En agglomération,Intersection en T,Normale,Deux véhicules - frontale,4,2,1,0,1,1,1,9,1,50,,2,1,0,0,1,33.0,59.0,,,1,2,3,1,1
202100037253,2021-05-04 08:00:00,2021,5,4,8,0,31,31555,SUISSE (BD DE) DU 7AU 162,43.615959,1.42149,Plein jour,En agglomération,Hors intersection,Normale,Deux véhicules - côté,4,2,3,1,1,1,1,0,1,50,,2,1,0,1,0,28.0,61.0,,,1,2,1,1,3
202100037254,2021-05-03 16:55:00,2021,5,3,16,55,31,31483,ROUTE DE LA SERRE DE CAZAUX,43.123376,0.72559,Plein jour,En agglomération,Hors intersection,Normale,Sans collision,3,2,2,0,2,1,1,0,3,50,,1,0,0,0,1,75.0,,,,1,2,1,1,7
202100037255,2021-05-28 01:18:00,2021,5,28,1,18,30,30189,ARTS (AVENUE),43.82346,4.33559,Nuit sans éclairage public,En agglomération,Intersection en X,Normale,Autre collision,4,2,2,0,1,1,1,0,1,50,,3,2,0,0,1,,20.0,,,3,2,2,1,6
202100037256,2021-05-04 09:00:00,2021,5,4,9,0,29,29232,Route de Plogonnec,48.02324,-4.10779,Plein jour,Hors agglomération,Hors intersection,Pluie légère,Deux véhicules - frontale,3,2,2,0,1,1,2,0,1,70,,2,0,0,1,1,31.0,33.0,,,1,1,1,2,1
202100037257,2021-05-31 19:15:00,2021,5,31,19,15,29,29019,Chemin de Roc’H Glas,48.435484,-4.489443,Plein jour,En agglomération,Hors intersection,Normale,Sans collision,4,-1,2,0,1,1,1,0,1,50,,1,0,0,0,1,58.0,,,,1,2,1,1,7
202100037258,2021-05-26 20:49:00,2021,5,26,20,49,29,29019,Rue du Valy-Hir,48.3853011128,-4.5246542901,Plein jour,En agglomération,Intersection en T,Normale,Deux véhicules - frontale,4,2,2,0,1,1,1,0,1,30,,2,1,0,1,0,22.0,39.0,,,1,2,3,1,1
202100037259,2021-05-10 17:08:00,2021,5,10,17,8,29,29019,Giratoire Pen Ar Ch’Leuz,48.4144,-4.479,Plein jour,En agglomération,Hors intersection,Normale,Deux véhicules - côté,4,1,3,0,1,2,1,5,1,30,,2,1,0,0,1,36.0,16.0,,,1,2,1,1,3
202100037260,2021-05-03 13:45:00,2021,5,3,13,45,28,28085,VERDUN (AVENUE DE),48.45464,1.47397,Plein jour,En agglomération,Intersection en X,Normale,Deux véhicules - côté,3,2,2,0,2,1,1,5,1,50,,3,1,0,1,1,34.0,18.0,,,1,2,2,1,3
202100037261,2021-05-04 13:55:00,2021,5,4,13,55,27,27554,MONT VERNON (ROND POINT),49.0937997661,1.3860303868,Plein jour,En agglomération,Intersection en X,Normale,Deux véhicules - côté,4,2,2,0,1,3,1,0,1,50,,2,1,0,0,1,37.0,10.0,,,1,2,2,1,3
202100037262,2021-04-30 20:40:00,2021,4,30,20,40,24,24037,JOFFRE (RUE DU MARECHAL),44.84758,0.47972,Plein jour,En agglomération,Hors intersection,Pluie légère,Deux véhicules - frontale,4,1,1,0,1,3,2,0,1,50,,2,1,0,1,0,22.0,40.0,,,1,2,1,2,1
202100037263,2021-05-03 18:30:00,2021,5,3,18,30,17,17306,AMPERE,45.63151,-0.99593,Plein jour,En agglomération,Hors intersection,Normale,Deux véhicules - arrière,4,2,2,0,1,1,1,0,1,50,,3,2,0,0,1,23.0,51.0,,,1,2,1,1,2
202100037264,2021-05-31 08:12:00,2021,5,31,8,12,17,17274,VAUCANSON   RUE DE,46.16592,-1.096208,Plein jour,En agglomération,Hors intersection,Normale,Deux véhicules - côté,4,2,2,0,1,1,1,0,1,30,,2,1,0,0,1,63.0,49.0,,,1,2,1,1,3
202100037265,2021-05-30 15:25:00,2021,5,30,15,25,14,14118,D562,49.16549,-0.36535,Plein jour,Hors agglomération,Hors intersection,Normale,Autre collision,3,2,2,0,1,1,1,0,1,50,,3,1,0,0,2,55.0,43.0,,,1,1,1,1,6
202100037266,2021-05-31 23:10:00,2021,5,31,23,10,13,13208,De la Grotte Rolland (Bd),43.23393,5.36391,Nuit avec éclairage allumé,En agglomération,Hors intersection,Normale,Sans collision,4,2,2,0,2,1,1,0,1,30,,1,0,0,0,1,43.0,,,,5,2,1,1,7
202100037267,2021-05-04 19:15:00,2021,5,4,19,15,13,13215,HENRI BARNIER (BOULEVARD),43.3678503931,5.3441512585,Plein jour,En agglomération,Hors intersection,Normale,Deux véhicules - côté,7,2,2,0,2,1,1,0,1,50,,3,2,0,1,0,37.0,21.0,,,1,2,1,1,3
202100037268,2021-05-04 07:55:00,2021,5,4,7,55,13,13206,RIVOLI (RUE DE),43.28614,5.387,Plein jour,En agglomération,Intersection en X,Normale,Deux véhicules - côté,4,-1,1,0,1,1,1,0,1,50,,2,1,0,0,1,26.0,43.0,,,1,2,2,1,3
202100037269,2021-05-03 17:00:00,2021,5,3,17,0,13,13212,AIGUILLETTE (RUE DE L'),43.31497,5.427811,Plein jour,En agglomération,Hors intersection,Normale,Autre collision,4,2,2,0,1,1,1,6,1,50,,3,2,0,1,0,78.0,,,,1,2,1,1,6
202100037270,2021-05-03 12:00:00,2021,5,3,12,0,13,13204,ALEX. FLEMING (BOULEVARD),43.31482,5.39113,Plein jour,En agglomération,Hors intersection,Normale,Trois véhicules et plus - en chaîne,7,2,4,0,2,1,1,2,1,502,,3,1,0,0,2,25.0,47.0,,,1,2,1,1,4
202100037271,2021-05-03 10:00:00,2021,5,3,10,0,13,13209,REDON (BOULEVARD DU),43.249547,5.422467,Plein jour,En agglomération,Hors intersection,Normale,Deux véhicules - côté,4,2,0,0,1,1,1,0,1,50,,2,1,0,1,0,45.0,21.0,,,1,2,1,1,3
202100037272,2021-05-31 12:45:00,2021,5,31,12,45,11,11069,BLUM NR IMPAIRS JUSQUAU 1429,43.2239010741,2.3537098628,Plein jour,En agglomération,Hors intersection,Normale,Deux véhicules - côté,4,2,2,0,1,1,1,0,1,50,,2,1,0,0,1,49.0,43.0,,,1,2,1,1,3