accident_id,datetime,annee,mois,jour,heure,minute,departement,commune_insee,adresse,latitude,longitude,luminosite,agglomeration,intersection,meteo,collision,catr,circ,nbv,vosp,prof,plan,surf,infra,situ,vma,nb_vehicules,nb_usagers,nb_indemnes,nb_tues,nb_blesses_hosp,nb_blesses_legers,age_cond_1,age_cond_2,veh_type_cond_1,veh_type_cond_2,lum_code,agg_code,int_code,atm_code,col_code
202100037273,2021-05-31 09:50:00,2021,5,31,9,50,10,10387,MARECHAL DE LATTRE DE TASSIGNY (RUE DU),48.30477,4.09407,Plein jour,En agglomération,Hors intersection,Normale,Trois véhicules et plus - en chaîne,4,2,2,0,1,1,1,0,1,50,,4,3,0,0,1,26.0,59.0,,,1,2,1,1,4
202100037274,2021-05-29 12:15:00,2021,5,29,12,15,08,08105,AURIOL PRESIDENT (AVENUE),49.754533,4.722376,Plein jour,En agglomération,Intersection en T,Normale,Deux véhicules - côté,4,2,2,0,1,1,1,0,1,50,,2,1,0,1,0,66.0,32.0,,,1,2,3,1,3
202100037275,2021-05-31 18:45:00,2021,5,31,18,45,06,06088,VOIE RAPIDE,43.705,7.259,Plein jour,En agglomération,Hors intersection,Normale,Trois véhicules et plus - en chaîne,4,1,0,0,2,4,1,2,1,30,,3,1,0,0,2,54.0,31.0,,,1,2,1,1,4
202100037276,2021-05-31 16:50:00,2021,5,31,16,50,06,06088,CESSOLE (BD DE) (JUSQU'AU N° 93-110),43.7161,7.253543,Plein jour,En agglomération,Intersection en T,Normale,Autre collision,4,2,3,3,1,1,1,9,1,50,,2,1,0,0,1,63.0,,,,1,2,3,1,6
202100037277,2021-05-29 12:19:00,2021,5,29,12,19,05,05061,CHATEAUVIEUX (ROUTE DE),44.50333,6.05769,Plein jour,Hors agglomération,Hors intersection,Normale,Autre collision,3,-1,2,0,1,1,1,0,1,50,,2,1,0,0,1,53.0,,,,1,1,1,1,6
202100037278,2021-05-04 12:45:00,2021,5,4,12,45,01,01451,PARIS (ROUTE DE),46.23281,5.20027,Plein jour,Hors agglomération,Giratoire,Normale,Deux véhicules - côté,3,1,2,0,1,2,1,0,1,80,,2,1,0,0,1,78.0,35.0,,,1,1,6,1,3
202100037279,2021-03-24 17:00:00,2021,3,24,17,0,94,94054,Voie du Bouvray,48.74772,2.427516,Plein jour,En agglomération,Hors intersection,Normale,Autre collision,4,-1,0,0,1,1,1,8,1,10,,1,0,0,0,1,21.0,,,,1,2,1,1,6
202100037280,2021-05-31 17:15:00,2021,5,31,17,15,75,75116,PORTE MAILLOT,48.877655,2.280344,Plein jour,En agglomération,Hors intersection,Normale,Trois véhicules et plus - collisions multiples,4,1,4,0,1,1,1,0,1,70,,3,2,0,0,1,44.0,25.0,,,1,2,1,1,5
202100037281,2021-05-31 08:05:00,2021,5,31,8,5,75,75113,PORTE DE GENTILLY,48.817174,2.350819,Plein jour,En agglomération,Hors intersection,Normale,Trois véhicules et plus - collisions multiples,4,1,3,0,1,1,1,0,1,70,,3,2,0,0,1,51.0,54.0,,,1,2,1,1,5
202100037282,2021-05-31 11:08:00,2021,5,31,11,8,75,75120,RUE DES PYRENEES,48.853988,2.405719,Plein jour,En agglomération,Intersection en T,Normale,Autre collision,4,2,3,3,2,1,1,0,1,50,,2,0,0,0,2,65.0,,,,1,2,3,1,6
202100037283,2021-05-30 20:09:00,2021,5,30,20,9,75,75116,RUE NICOLO,48.859862,2.278758,Plein jour,En agglomération,Hors intersection,Normale,Deux véhicules - frontale,4,1,1,1,1,1,1,0,5,30,,2,1,0,0,1,21.0,33.0,,,1,2,1,1,1
202100037284,2021-05-31 13:35:00,2021,5,31,13,35,75,75115,RUE DE LA CROIX NIVERT,48.839221,2.289828,Plein jour,En agglomération,Hors intersection,Normale,Autre collision,4,2,2,0,1,1,1,0,1,50,,3,1,0,0,2,39.0,,,,1,2,1,1,6
202100037285,2021-05-30 18:50:00,2021,5,30,18,50,75,75115,RUE DE LA CONVENTION,48.837224,2.29633,Plein jour,En agglomération,Intersection en X,Normale,Deux véhicules - côté,4,2,2,1,1,1,1,0,1,50,,2,1,0,0,1,27.0,59.0,,,1,2,2,1,3
202100037286,2021-05-30 17:45:00,2021,5,30,17,45,75,75115,QUAI BRANLY,48.855803,2.289726,Plein jour,En agglomération,Hors intersection,Normale,Deux véhicules - arrière,4,2,0,1,1,1,1,0,5,30,,2,1,0,0,1,15.0,26.0,,,1,2,1,1,2
202100037287,2021-05-31 13:30:00,2021,5,31,13,30,75,75114,RUE ALPHONSE DAUDET,48.826121,2.328882,Plein jour,En agglomération,Intersection en T,Normale,Deux véhicules - côté,4,1,1,1,1,2,1,0,1,50,,2,1,0,0,1,65.0,,,,1,2,3,1,3
202100037288,2021-05-30 19:25:00,2021,5,30,19,25,75,75114,RUE DE L AMIRAL MOUCHEZ,48.820263,2.343947,Plein jour,En agglomération,Hors intersection,Normale,Autre collision,4,2,2,0,1,1,1,0,1,50,,3,2,0,1,0,31.0,,,,1,2,1,1,6
202100037289,2021-05-31 18:30:00,2021,5,31,18,30,75,75113,QUAI DE LA GARE,48.837572,2.373653,Plein jour,En agglomération,Intersection en X,Normale,Deux véhicules - côté,4,2,4,0,1,1,1,0,1,50,,4,3,0,0,1,22.0,24.0,,,1,2,2,1,3
202100037290,2021-05-31 18:40:00,2021,5,31,18,40,75,75112,RUE FABRE D EGLANTINE,48.847178,2.395696,Plein jour,En agglomération,Hors intersection,Normale,Deux véhicules - arrière,4,2,2,0,1,1,1,0,1,50,,2,1,0,0,1,51.0,28.0,,,1,2,1,1,2
202100037291,2021-05-31 15:10:00,2021,5,31,15,10,75,75112,RUE DE LA LANCETTE,48.837481,2.391595,Plein jour,En agglomération,Intersection en T,Normale,Autre collision,4,1,1,0,1,1,1,0,1,50,,2,1,0,0,1,75.0,,,,1,2,3,1,6
202100037292,2021-05-31 12:00:00,2021,5,31,12,0,75,75112,ROUTE DE CEINTURE DU LAC DAUMESNIL,48.827463,2.419385,Plein jour,En agglomération,Intersection en T,Normale,Trois véhicules et plus - collisions multiples,4,2,4,0,1,1,1,0,1,50,,3,2,0,0,1,39.0,77.0,,,1,2,3,1,5
202100037293,2021-05-31 00:01:00,2021,5,31,0,1,75,75112,RUE DE BERCY,48.843446,2.373902,Nuit avec éclairage allumé,En agglomération,Hors intersection,Normale,Trois véhicules et plus - collisions multiples,4,2,3,3,1,1,1,0,6,50,,10,4,0,0,6,26.0,40.0,,,5,2,1,1,5
202100037294,2021-05-30 10:53:00,2021,5,30,10,53,75,75112,QUAI DE BERCY,48.831112,2.385562,Plein jour,En agglomération,Hors intersection,Normale,Trois véhicules et plus - en chaîne,4,2,6,0,2,1,1,1,1,50,,4,2,0,0,2,,54.0,,,1,2,1,1,4
202100037295,2021-05-31 17:40:00,2021,5,31,17,40,75,75107,AVENUE DE BRETEUIL,48.85164,2.312524,Plein jour,En agglomération,Intersection en X,Normale,Sans collision,4,1,2,0,1,1,1,6,5,50,,1,0,0,0,1,21.0,,,,1,2,2,1,7
202100037296,2021-05-31 08:11:00,2021,5,31,8,11,75,75107,RUE DE VARENNE,48.854921,2.319962,Plein jour,En agglomération,Intersection en X,Normale,Autre collision,4,1,1,0,1,1,1,6,1,50,,2,1,0,0,1,45.0,,,,1,2,2,1,6
202100037297,2021-05-31 14:20:00,2021,5,31,14,20,75,75103,RUE DU TEMPLE,48.867139,2.363065,Plein jour,En agglomération,Intersection en T,Normale,Deux véhicules - arrière,4,2,6,1,1,1,1,0,1,50,,2,1,0,0,1,41.0,55.0,,,1,2,3,1,2
202100037298,2021-05-30 21:22:00,2021,5,30,21,22,75,75103,RUE DE TURENNE,48.859966,2.364547,Crépuscule ou aube,En agglomération,Intersection en T,Normale,Deux véhicules - côté,4,2,2,0,1,1,1,0,1,50,,2,1,0,0,1,50.0,43.0,,,2,2,3,1,3
202100037299,2021-05-31 20:55:00,2021,5,31,20,55,94,94046,Rue Jean Jaurès,48.7931978315,2.4344801901,Plein jour,En agglomération,Hors intersection,Normale,Deux véhicules - côté,3,2,2,0,1,1,1,0,1,50,,2,1,0,1,0,62.0,36.0,,,1,2,1,1,3
202100037300,2021-05-31 14:50:00,2021,5,31,14,50,94,94046,Rue Paul Bert,48.81445,2.425138,Plein jour,En agglomération,Autre intersection,Normale,Deux véhicules - côté,4,1,1,0,2,1,1,0,1,50,,2,1,0,0,1,88.0,35.0,,,1,2,9,1,3
202100037301,2021-05-31 15:00:00,2021,5,31,15,0,94,94076,MAXIME GORKI (BD),48.78768,2.36785,Plein jour,En agglomération,Hors intersection,Normale,Autre collision,3,2,0,0,1,1,1,0,1,50,,2,1,0,0,1,23.0,,,,1,2,1,1,6
202100037302,2021-05-31 14:30:00,2021,5,31,14,30,94,94003,PAUL DOUMER (AV),48.80522,2.33809,Plein jour,En agglomération,Hors intersection,Normale,Deux véhicules - côté,3,2,2,0,1,1,1,0,1,50,,2,1,0,0,1,23.0,30.0,,,1,2,1,1,3
202100037303,2021-05-31 20:40:00,2021,5,31,20,40,94,94041,Rue Galilée,48.815827,2.403175,Plein jour,En agglomération,Hors intersection,Normale,Autre collision,4,1,2,2,1,1,1,0,1,50,,1,0,0,0,1,23.0,,,,1,2,1,1,6
202100037304,2021-05-30 02:11:00,2021,5,30,2,11,94,94028,Route de Choisy,48.77689,2.44145,Nuit avec éclairage allumé,En agglomération,Hors intersection,Normale,Deux véhicules - côté,3,3,6,3,1,1,1,0,1,50,,2,1,0,1,0,30.0,19.0,,,5,2,1,1,3
202100037305,2021-05-31 18:46:00,2021,5,31,18,46,94,94071,VILLENEUVE (R DE),48.7677,2.50845,Plein jour,En agglomération,Intersection à plus de 4 branches,Normale,Deux véhicules - côté,3,2,0,0,1,1,1,0,1,50,,2,1,0,0,1,50.0,,,,1,2,5,1,3
202100037306,2021-05-31 18:30:00,2021,5,31,18,30,93,93072,MARCEL CACHIN (AVENUE) COTE N°16 AU 50,48.95808,2.38241,Plein jour,En agglomération,Hors intersection,Normale,Autre collision,3,2,2,1,2,1,1,6,1,50,,2,1,0,0,1,,,,,1,2,1,1,6
202100037307,2021-05-31 15:30:00,2021,5,31,15,30,93,93053,Boulevard Michelet / Boulevard Gambetta,48.8932046098,2.4610335231,Plein jour,En agglomération,Intersection en X,Normale,Deux véhicules - côté,3,1,1,1,1,1,1,0,1,50,,3,2,0,0,1,21.0,,,,1,2,2,1,3
202100037308,2021-05-31 11:40:00,2021,5,31,11,40,93,93051,Rue de la République / Avenue Aristide Briand,48.846286679,2.5531690121,Plein jour,En agglomération,Intersection en T,Normale,Autre collision,4,2,2,0,1,1,1,0,1,50,,2,1,0,0,1,47.0,,,,1,2,3,1,6
202100037309,2021-05-29 23:00:00,2021,5,29,23,0,93,93051,Rue de la République,48.84643,2.55498,Nuit avec éclairage allumé,En agglomération,Hors intersection,Normale,Autre collision,4,1,1,0,1,1,1,0,1,30,,2,0,0,0,2,34.0,,,,5,2,1,1,6
202100037310,2021-05-30 20:50:00,2021,5,30,20,50,93,93050,Rue des Glycines / Rue du 11 Novembre,48.859,2.52645,Plein jour,En agglomération,Intersection en X,Normale,Deux véhicules - côté,4,2,2,0,1,1,1,0,1,50,,2,1,0,0,1,59.0,24.0,,,1,2,2,1,3
202100037311,2021-05-31 21:00:00,2021,5,31,21,0,93,93048,Rue de Romainville / Rue Jean Baptiste Lamarck,48.872706,2.446772,Plein jour,En agglomération,Intersection en X,Normale,Deux véhicules - côté,4,2,2,0,3,1,1,0,1,50,,2,1,0,0,1,31.0,30.0,,,1,2,2,1,3
202100037312,2021-05-31 07:00:00,2021,5,31,7,0,93,93029,HENRI BARBUSSE (AVE) N°126-280,48.92129,2.45409,Plein jour,En agglomération,Hors intersection,Normale,Deux véhicules - côté,3,2,2,0,1,1,1,0,1,50,,2,1,0,0,1,24.0,31.0,,,1,2,1,1,3
202100037313,2021-05-31 13:40:00,2021,5,31,13,40,93,93008,VAILLANT COUTURIER (AVENUE PAUL),48.9113208097,2.4398272322,Plein jour,En agglomération,Intersection en T,Normale,Deux véhicules - côté,3,1,3,2,1,1,1,0,1,50,,3,1,0,0,2,38.0,,,,1,2,3,1,3
202100037314,2021-05-31 19:05:00,2021,5,31,19,5,93,93001,ANATOLE FRANCE  (BLD) IMPAIR,48.915933,2.381516,Plein jour,En agglomération,Hors intersection,Temps éblouissant,Autre collision,3,2,2,0,1,1,1,0,1,50,,2,1,0,0,1,29.0,,,,1,2,1,7,6
202100037315,2021-05-31 07:50:00,2021,5,31,7,50,93,93001,VALMY (RUE DE),48.922334,2.380823,Plein jour,En agglomération,Hors intersection,Normale,Deux véhicules - côté,4,2,2,0,1,1,1,0,1,50,,2,1,0,0,1,61.0,64.0,,,1,2,1,1,3
202100037316,2021-05-31 18:45:00,2021,5,31,18,45,92,92022,SALENGRO (AVENUE ROGER),48.8166659764,2.1950648725,Plein jour,En agglomération,Intersection en T,Normale,Deux véhicules - côté,3,3,2,1,1,1,1,0,1,50,,2,1,0,0,1,68.0,48.0,,,1,2,3,1,3
202100037317,2021-05-31 13:35:00,2021,5,31,13,35,92,92072,SAINT CLOUD (RUE DE),48.8285101721,2.2244685888,Plein jour,En agglomération,Place,Normale,Deux véhicules - côté,3,3,9,0,1,3,1,9,1,50,,2,1,0,0,1,36.0,24.0,,,1,2,7,1,3
202100037318,2021-05-31 21:00:00,2021,5,31,21,0,92,92062,BERT (RUE PAUL),48.8798200158,2.233340552,Crépuscule ou aube,En agglomération,Intersection en X,Normale,Deux véhicules - côté,3,2,0,0,1,1,1,0,1,50,,2,1,0,0,1,22.0,37.0,,,2,2,2,1,3
202100037319,2021-05-31 17:30:00,2021,5,31,17,30,92,92050,PLACE NELSON MANDELA,48.8976711159,2.2182002664,Plein jour,En agglomération,Giratoire,Normale,Deux véhicules - côté,4,1,2,0,1,1,1,5,1,50,,2,1,0,0,1,51.0,21.0,,,1,2,6,1,3
202100037320,2021-05-29 18:20:00,2021,5,29,18,20,92,92020,DIVISION LECLERC AVENUE DE LA,48.796857001,2.280510664,Plein jour,En agglomération,Hors intersection,Normale,Sans collision,4,2,2,0,1,1,1,0,1,50,,1,0,0,0,1,25.0,,,,1,2,1,1,7
202100037321,2021-05-31 19:13:00,2021,5,31,19,13,92,92040,PAIX (AVENUE DE LA),48.8173615735,2.2737246596,Plein jour,En agglomération,Intersection en X,Normale,Deux véhicules - frontale,3,4,2,0,2,1,1,0,1,30,,2,1,0,0,1,27.0,67.0,,,1,2,2,1,1
202100037322,2021-05-31 12:10:00,2021,5,31,12,10,92,92009,AGENT SARRE (AV DE L'),48.9261469679,2.2712546368,Plein jour,En agglomération,Hors intersection,Temps éblouissant,Deux véhicules - côté,3,-1,2,0,1,1,1,0,1,50,,2,1,0,0,1,21.0,53.0,,,1,2,1,7,3
202100037323,2021-05-30 19:45:00,2021,5,30,19,45,92,92025,CHARLES DE GAULLE (BD),48.9180395151,2.2243076563,Plein jour,En agglomération,Intersection en X,Normale,Deux véhicules - côté,3,2,6,0,1,1,1,0,1,50,,2,1,0,0,1,40.0,56.0,,,1,2,2,1,3
202100037324,2021-05-31 21:38:00,2021,5,31,21,38,92,92024,CLICHY (PONT DE),48.9087111015,2.2999409702,Crépuscule ou aube,En agglomération,Intersection à plus de 4 branches,Normale,Deux véhicules - côté,3,4,2,0,1,1,1,2,1,50,,2,1,0,0,1,38.0,,,,2,2,5,1,3
202100037325,2021-05-31 18:30:00,2021,5,31,18,30,92,92024,MARTRE (RUE) DE (59 A 109)   (58 A 120),48.9024664446,2.3067158461,Plein jour,En agglomération,Hors intersection,Normale,Deux véhicules - côté,3,1,3,1,1,1,1,0,5,50,,2,1,0,0,1,35.0,24.0,,,1,2,1,1,3
202100037326,2021-05-26 18:40:00,2021,5,26,18,40,92,92012,POINT DU JOUR (QUAI DU),48.8334092546,2.2609239728,Plein jour,En agglomération,Hors intersection,Normale,Sans collision,3,3,4,1,2,1,1,0,5,50,,2,1,0,0,1,36.0,28.0,,,1,2,1,1,7
202100037327,2021-06-01 06:00:00,2021,6,1,6,0,974,97415,Rue Louis Desjardin,-20.978871,55.331553,Nuit sans éclairage public,En agglomération,Hors intersection,Normale,Deux véhicules - frontale,3,2,2,2,2,1,1,0,1,30,,2,1,1,0,0,35.0,51.0,,,3,2,1,1,1
202100037328,2021-06-01 18:30:00,2021,6,1,18,30,80,80420,RD47,50.028568,2.501812,Plein jour,Hors agglomération,Hors intersection,Normale,Deux véhicules - frontale,3,2,2,0,4,2,1,0,1,80,,2,0,0,1,1,24.0,48.0,,,1,1,1,1,1
202100037329,2021-06-01 14:25:00,2021,6,1,14,25,73,73218,D921,45.847613,5.807412,Plein jour,Hors agglomération,Hors intersection,Normale,Sans collision,3,2,2,0,1,1,1,0,3,80,,2,1,0,1,0,82.0,67.0,,,1,1,1,1,7
202100037330,2021-06-01 13:00:00,2021,6,1,13,0,71,71047,"ZA LES ALOUETTES, parking Marie-Blachère",46.630033,3.736832,Plein jour,En agglomération,Hors intersection,Temps éblouissant,Autre collision,6,-1,0,0,1,1,1,0,1,50,,2,1,0,1,0,63.0,,,,1,2,1,7,6
202100037331,2021-06-01 01:03:00,2021,6,1,1,3,28,28253,Autoroute A11 PK  071+000,48.344869,1.412795,Nuit sans éclairage public,Hors agglomération,Hors intersection,Normale,Deux véhicules - arrière,1,3,3,3,1,1,1,0,1,130,,8,5,0,0,3,26.0,32.0,,,3,1,1,1,2
202100037332,2021-05-29 16:27:00,2021,5,29,16,27,74,74152,Rte des Gorges,45.901833,6.034407,Plein jour,En agglomération,Hors intersection,Normale,Deux véhicules - côté,3,2,2,0,2,1,1,0,1,50,,4,2,0,0,2,28.0,25.0,,,1,2,1,1,3
202100037333,2021-06-01 13:00:00,2021,6,1,13,0,85,85038,La Funerie,46.916254,-1.318692,Plein jour,Hors agglomération,Hors intersection,Normale,Deux véhicules - côté,3,2,2,0,1,2,1,0,1,70,,2,1,0,0,1,42.0,48.0,,,1,1,1,1,3
202100037334,2021-05-30 16:30:00,2021,5,30,16,30,34,34036,A75 - PK: 285.300,43.677696,3.409083,Plein jour,Hors agglomération,Hors intersection,Normale,Deux véhicules - arrière,1,3,4,0,1,1,1,0,1,130,,5,3,0,0,2,,64.0,,,1,1,1,1,2
202100037335,2021-06-01 11:30:00,2021,6,1,11,30,30,30034,CD38,43.7617,4.5246,Plein jour,Hors agglomération,Intersection en T,Normale,Deux véhicules - côté,3,2,1,0,1,1,1,0,1,-1,,2,1,0,1,0,62.0,30.0,,,1,1,3,1,3
202100037336,2021-05-31 17:05:00,2021,5,31,17,5,33,33140,,44.7719425679,-0.3510586223,Plein jour,En agglomération,Hors intersection,Normale,Trois véhicules et plus - collisions multiples,3,2,2,0,1,1,1,0,1,50,,3,2,1,0,0,43.0,52.0,,,1,2,1,1,5
202100037337,2021-06-01 11:45:00,2021,6,1,11,45,61,61096,Lieu Dit Etre Guerin,48.559792,-0.456952,Plein jour,Hors agglomération,Intersection en Y,Normale,Deux véhicules - arrière,3,2,2,0,2,3,1,0,1,80,,2,1,0,1,0,61.0,63.0,,,1,1,4,1,2
202100037338,2021-05-30 16:40:00,2021,5,30,16,40,61,61156,D31,48.557175,0.270308,Plein jour,Hors agglomération,Intersection en X,Temps éblouissant,Sans collision,3,2,2,0,1,1,1,0,1,80,,1,0,0,0,1,21.0,,,,1,1,2,7,7
202100037339,2021-05-31 17:45:00,2021,5,31,17,45,55,55443,D167A,49.229972,5.700724,Plein jour,Hors agglomération,Hors intersection,Normale,Sans collision,3,2,2,0,1,3,1,0,1,80,,1,0,0,1,0,54.0,,,,1,1,1,1,7
202100037340,2021-05-31 13:20:00,2021,5,31,13,20,68,68004,RD 419,47.626688,7.254871,Plein jour,Hors agglomération,Hors intersection,Normale,Deux véhicules - côté,3,1,2,0,1,1,1,0,1,90,,3,2,0,0,1,18.0,25.0,,,1,1,1,1,3
202100037341,2021-05-31 08:50:00,2021,5,31,8,50,39,39128,,46.978393,5.377164,Plein jour,Hors agglomération,Hors intersection,Normale,Autre collision,3,2,2,0,1,1,1,0,3,80,,1,0,0,1,0,58.0,,,,1,1,1,1,6
202100037342,2021-06-01 06:14:00,2021,6,1,6,14,25,25318,N57,46.767915,6.382496,Plein jour,En agglomération,Autre intersection,Normale,Deux véhicules - côté,2,-1,2,0,1,1,1,0,1,50,,2,1,0,1,0,33.0,55.0,,,1,2,9,1,3
202100037343,2021-05-31 18:25:00,2021,5,31,18,25,29,29158,Rue Jean Jaurès - D53,47.816129,-4.37226,Plein jour,En agglomération,Intersection en T,Normale,Autre collision,4,2,2,0,1,1,1,5,1,-1,,1,0,0,0,1,51.0,,,,1,2,3,1,6
202100037344,2021-05-31 15:30:00,2021,5,31,15,30,03,03110,D2209,46.126266,3.366044,Plein jour,Hors agglomération,Hors intersection,Normale,Deux véhicules - côté,3,2,2,0,2,1,1,0,1,90,,5,2,0,0,3,66.0,42.0,,,1,1,1,1,3
202100037345,2021-06-01 13:35:00,2021,6,1,13,35,70,70111,N19,47.641813,6.280532,Plein jour,Hors agglomération,Hors intersection,Normale,Deux véhicules - frontale,2,2,3,0,2,1,1,0,1,90,,2,1,1,0,0,34.0,38.0,,,1,1,1,1,1
202100037346,2021-05-30 19:00:00,2021,5,30,19,0,26,26353,route nationale 7,44.664181,4.791123,Plein jour,En agglomération,Hors intersection,Normale,Deux véhicules - frontale,2,2,2,0,1,1,1,0,1,50,,2,1,0,1,0,52.0,32.0,,,1,2,1,1,1
202100037347,2021-05-31 18:45:00,2021,5,31,18,45,58,58145,Rue de la Maladrerie,47.294134,3.811533,Plein jour,En agglomération,Hors intersection,Normale,Sans collision,3,2,2,0,1,1,1,0,1,50,,1,0,0,0,1,21.0,,,,1,2,1,1,7
202100037348,2021-06-01 10:00:00,2021,6,1,10,0,66,66150,Route de la Preste,42.410962,2.457789,Plein jour,Hors agglomération,Hors intersection,Temps éblouissant,Sans collision,3,2,2,0,2,1,1,0,1,80,,1,0,0,1,0,60.0,,,,1,1,1,7,7
202100037349,2021-06-01 07:06:00,2021,6,1,7,6,54,54416,Rue de la Croix,48.9350109114,5.8053946503,Plein jour,En agglomération,Hors intersection,Normale,Deux véhicules - frontale,3,2,2,0,1,1,1,0,8,50,,1,0,0,0,1,84.0,,,,1,2,1,1,1
202100037350,2021-06-01 15:00:00,2021,6,1,15,0,14,14270,D613,49.144099,0.327358,Plein jour,Hors agglomération,Intersection en T,Normale,Deux véhicules - côté,3,2,3,0,1,1,1,0,1,90,,2,1,1,0,0,43.0,72.0,,,1,1,3,1,3
202100037351,2021-06-01 13:16:00,2021,6,1,13,16,14,14754,D513A,49.321955,-0.000342,Plein jour,En agglomération,Hors intersection,Normale,Autre collision,3,1,1,0,2,1,1,0,1,50,,1,0,0,0,1,90.0,,,,1,2,1,1,6
202100037352,2021-05-31 09:25:00,2021,5,31,9,25,09,09264,25 Avenue des Ecoliers,43.018337,1.610764,Plein jour,En agglomération,Hors intersection,Normale,Deux véhicules - frontale,3,2,2,0,1,1,1,0,1,50,,2,1,0,1,0,71.0,74.0,,,1,2,1,1,1
202100037353,2021-05-29 15:15:00,2021,5,29,15,15,10,10313,Grande rue,48.356666,4.500752,Plein jour,En agglomération,Hors intersection,Normale,Autre collision,3,2,2,0,1,1,1,0,1,50,,2,0,0,1,1,55.0,62.0,,,1,2,1,1,6
202100037354,2021-06-01 10:55:00,2021,6,1,10,55,53,53128,2 Rue d'Anjou,47.941848,-1.08446,Plein jour,En agglomération,Giratoire,Normale,Deux véhicules - côté,3,2,2,0,1,1,1,5,1,50,,2,1,0,1,0,59.0,60.0,,,1,2,6,1,3
202100037355,2021-06-01 17:15:00,2021,6,1,17,15,21,21534,D973,47.01234,4.923474,Plein jour,Hors agglomération,Intersection en X,Temps éblouissant,Deux véhicules - côté,3,2,2,0,1,1,1,0,1,90,,2,1,0,1,0,25.0,17.0,,,1,1,2,7,3
202100037356,2021-05-25 17:00:00,2021,5,25,17,0,04,04144,RD 952,43.767406,6.311388,Plein jour,Hors agglomération,Hors intersection,Normale,Deux véhicules - côté,3,2,2,0,2,3,1,0,1,80,,2,1,0,1,0,52.0,42.0,,,1,1,1,1,3
202100037357,2021-05-27 22:00:00,2021,5,27,22,0,27,27133,103 Quai de Seine,49.382209,0.915127,Nuit avec éclairage allumé,En agglomération,Hors intersection,Normale,Autre collision,3,2,2,0,1,1,1,0,1,50,,1,0,0,1,0,32.0,,,,5,2,1,1,6
202100037358,2021-06-01 18:05:00,2021,6,1,18,5,28,28393,Lieu Dit Moulu (Écublé),48.568081,1.30174,Plein jour,Hors agglomération,Intersection en X,Normale,Autre collision,3,2,2,0,3,1,1,0,1,80,,3,2,0,1,0,25.0,35.0,,,1,1,2,1,6
202100037359,2021-05-26 18:30:00,2021,5,26,18,30,973,97307,RN 1 PR7,4.837042,-52.338889,Crépuscule ou aube,Hors agglomération,Giratoire,Temps couvert,Deux véhicules - côté,2,2,2,0,1,1,1,0,1,70,,3,1,0,1,1,33.0,64.0,,,2,1,6,8,3
202100037360,2021-05-31 05:15:00,2021,5,31,5,15,987,98738,RT1 PK 18 (sens PUNAAUIA/PAPEETE),-17.618378,-149.570832,Nuit avec éclairage non allumé,Hors agglomération,Hors intersection,Normale,Autre collision,2,2,2,1,1,1,1,0,1,50,,4,3,0,1,0,63.0,,,,4,1,1,1,6
202100037361,2021-05-31 17:20:00,2021,5,31,17,20,34,34320,départementale 111,43.657549,3.726125,Plein jour,En agglomération,Hors intersection,Normale,Autre collision,3,3,2,0,4,1,1,0,1,70,,2,0,0,2,0,52.0,,,,1,2,1,1,6
202100037362,2021-06-01 09:15:00,2021,6,1,9,15,64,64290,A64 PK 85+800,43.395147,-0.54657,Plein jour,Hors agglomération,Intersection en Y,Normale,Deux véhicules - arrière,1,3,4,0,1,1,1,8,1,90,,2,1,0,1,0,49.0,35.0,,,1,1,4,1,2
202100037363,2021-05-29 15:05:00,2021,5,29,15,5,987,98712,Lotissement Erima,-17.542977,-149.503646,Plein jour,En agglomération,Hors intersection,Normale,Deux véhicules - frontale,4,2,2,0,2,4,1,0,1,50,,3,1,0,1,1,26.0,41.0,,,1,2,1,1,1
202100037364,2021-06-01 00:15:00,2021,6,1,0,15,45,45270,route de sully,47.798685,2.317117,Nuit sans éclairage public,Hors agglomération,Hors intersection,Normale,Autre collision,3,2,2,0,1,2,1,0,3,80,,3,0,0,2,1,43.0,,,,3,1,1,1,6
202100037365,2021-06-01 14:00:00,2021,6,1,14,0,91,91041,Route Nationale 20,48.569629,2.23303,Plein jour,Hors agglomération,Hors intersection,Normale,Deux véhicules - arrière,3,3,4,0,1,1,1,0,1,-1,,2,1,0,1,0,48.0,24.0,,,1,1,1,1,2
202100037366,2021-06-01 07:55:00,2021,6,1,7,55,91,91461,Route de Limours,48.600041,2.236415,Plein jour,En agglomération,Hors intersection,Normale,Autre collision,3,3,1,0,1,1,1,0,1,50,,2,1,0,0,1,,13.0,,,1,2,1,1,6
202100037367,2021-05-30 10:00:00,2021,5,30,10,0,78,78193,Voie communale des essarts,48.708295,1.977925,Plein jour,Hors agglomération,Hors intersection,Normale,Deux véhicules - côté,4,2,2,0,2,1,1,0,1,70,,2,1,0,1,0,71.0,54.0,,,1,1,1,1,3
202100037368,2021-06-01 15:35:00,2021,6,1,15,35,2B,2B093,RT30,42.618463,8.89133,Plein jour,Hors agglomération,Hors intersection,Normale,Deux véhicules - frontale,2,2,2,0,2,1,1,0,1,70,,3,1,0,2,0,53.0,52.0,,,1,1,1,1,1
202100037369,2021-05-30 19:05:00,2021,5,30,19,5,66,66230,Avenue de la Baronnie,42.640758,2.528733,Plein jour,En agglomération,Hors intersection,Normale,Sans collision,3,2,2,0,1,1,1,0,4,50,,2,0,0,1,1,20.0,,,,1,2,1,1,7