accident_id,datetime,annee,mois,jour,heure,minute,departement,commune_insee,adresse,latitude,longitude,luminosite,agglomeration,intersection,meteo,collision,catr,circ,nbv,vosp,prof,plan,surf,infra,situ,vma,nb_vehicules,nb_usagers,nb_indemnes,nb_tues,nb_blesses_hosp,nb_blesses_legers,age_cond_1,age_cond_2,veh_type_cond_1,veh_type_cond_2,lum_code,agg_code,int_code,atm_code,col_code
202100037370,2021-05-27 07:50:00,2021,5,27,7,50,34,34058,Rue des Carrières,43.684466,3.990338,Plein jour,En agglomération,Intersection en T,Normale,Deux véhicules - frontale,4,2,2,0,1,3,1,0,1,50,,2,1,0,1,0,58.0,58.0,,,1,2,3,1,1
202100037371,2021-05-31 18:45:00,2021,5,31,18,45,83,83115,195 Route du Plan de la Tour,43.327088,6.603473,Plein jour,En agglomération,Hors intersection,Normale,Deux véhicules - arrière,3,2,2,0,1,1,1,0,1,50,,2,1,0,0,1,34.0,25.0,,,1,2,1,1,2
202100037372,2021-05-30 18:30:00,2021,5,30,18,30,21,21183,D116,47.2324095864,5.273373035,Plein jour,Hors agglomération,Intersection en T,Normale,Autre collision,3,2,2,0,2,1,1,2,3,80,,1,0,0,0,1,37.0,,,,1,1,3,1,6
202100037373,2021-05-31 14:00:00,2021,5,31,14,0,68,68178,D431,47.905699,7.089615,Plein jour,Hors agglomération,Hors intersection,Normale,Sans collision,3,2,2,0,2,3,1,0,1,80,,1,0,0,1,0,63.0,,,,1,1,1,1,7
202100037374,2021-06-01 14:40:00,2021,6,1,14,40,55,55454,"RN4, sens Paris-Nancy - PK 36+0100",48.703387,5.423808,Plein jour,Hors agglomération,Hors intersection,Normale,Deux véhicules - arrière,2,3,4,0,1,1,1,0,1,110,,2,1,0,1,0,20.0,38.0,,,1,1,1,1,2
202100037375,2021-05-30 19:25:00,2021,5,30,19,25,54,54196,Rue de la Maladrie,48.5726034773,6.1858713622,Plein jour,En agglomération,Hors intersection,Normale,Autre collision,4,2,2,0,1,3,1,0,1,30,,1,0,0,1,0,23.0,,,,1,2,1,1,6
202100037376,2021-06-01 14:20:00,2021,6,1,14,20,54,54351,Rue Jean Jaurés,48.79862,6.10779,Plein jour,En agglomération,Hors intersection,Normale,Deux véhicules - frontale,3,2,2,0,1,1,1,0,1,50,,2,1,0,1,0,49.0,56.0,,,1,2,1,1,1
202100037377,2021-06-01 07:25:00,2021,6,1,7,25,74,74128,Rte des Vallees,46.153713,6.344165,Plein jour,Hors agglomération,Intersection en T,Temps éblouissant,Deux véhicules - côté,3,2,2,0,2,2,1,0,1,80,,2,1,0,0,1,61.0,56.0,,,1,1,3,7,3
202100037378,2021-06-01 14:45:00,2021,6,1,14,45,73,73241,Rte de Plancevat,45.609624,6.33836,Plein jour,Hors agglomération,Hors intersection,Normale,Deux véhicules - côté,4,2,2,0,2,3,1,0,1,80,,2,1,0,1,0,41.0,53.0,,,1,1,1,1,3
202100037379,2021-06-01 17:45:00,2021,6,1,17,45,26,26004,1605 Route de Bayanne,45.007467,5.013344,Plein jour,Hors agglomération,Hors intersection,Normale,Deux véhicules - arrière,2,2,2,2,1,1,1,0,1,80,,2,1,0,1,0,24.0,36.0,,,1,1,1,1,2
202100037380,2021-06-01 20:30:00,2021,6,1,20,30,64,64422,Route de Barétous,43.168785,-0.660746,Plein jour,Hors agglomération,Hors intersection,Normale,Sans collision,3,2,2,0,1,1,1,0,1,80,,1,0,0,1,0,63.0,,,,1,1,1,1,7
202100037381,2021-05-31 18:00:00,2021,5,31,18,0,35,35228,La Ville Boterel,48.586842,-2.100202,Plein jour,Hors agglomération,Intersection en X,Normale,Deux véhicules - côté,3,2,2,0,1,1,1,5,1,80,,3,0,0,0,3,19.0,42.0,,,1,1,2,1,3
202100037382,2021-04-25 12:25:00,2021,4,25,12,25,35,35047,Avenue Joseph Jan,48.025834,-1.765192,Plein jour,En agglomération,Giratoire,Normale,Autre collision,7,2,2,0,1,1,1,5,1,50,,2,1,0,1,0,74.0,,,,1,2,6,1,6
202100037383,2021-06-01 08:15:00,2021,6,1,8,15,60,60612,Avenue Paul Rouge,49.196173,2.573357,Plein jour,En agglomération,Hors intersection,Normale,Autre collision,4,2,2,0,1,1,1,9,1,-1,,2,1,0,0,1,41.0,,,,1,2,1,1,6
202100037384,2021-06-01 03:30:00,2021,6,1,3,30,60,60103,Route de Remerangles,49.4153000499,2.2506466228,Nuit sans éclairage public,En agglomération,Intersection en Y,Normale,Autre collision,3,2,2,0,1,2,1,0,4,50,,1,0,0,0,1,37.0,,,,3,2,4,1,6
202100037385,2021-05-27 16:50:00,2021,5,27,16,50,13,13202,TVPCD-Sens Les Ports vers Saint Victor,43.30351,5.36468,Plein jour,Hors agglomération,Hors intersection,Normale,Trois véhicules et plus - en chaîne,1,3,2,0,2,2,1,1,1,50,,3,2,0,0,1,32.0,30.0,,,1,1,1,1,4
202100037386,2021-05-31 12:30:00,2021,5,31,12,30,69,69081,BPNL   34.000 A 34.614,45.77297,4.7891,Plein jour,Hors agglomération,Autre intersection,Normale,Sans collision,4,-1,2,0,2,2,1,0,1,50,,1,0,0,0,1,22.0,,,,1,1,9,1,7
202100037387,2021-05-28 17:30:00,2021,5,28,17,30,69,69029,RD383   7.640 A 11.044,45.745248495,4.9062756298,Plein jour,Hors agglomération,Hors intersection,Normale,Trois véhicules et plus - en chaîne,7,3,3,0,1,1,1,0,1,70,,4,3,0,0,1,54.0,32.0,,,1,1,1,1,4
202100037388,2021-05-28 20:20:00,2021,5,28,20,20,69,69152,M7   4.270 A 5.756,45.7025963258,4.8350164889,Plein jour,Hors agglomération,Hors intersection,Normale,Autre collision,7,3,7,0,1,3,1,0,1,70,,1,0,0,1,0,22.0,,,,1,1,1,1,6
202100037389,2021-05-31 11:40:00,2021,5,31,11,40,33,33550,ROCADE A 630,44.779028,-0.552651,Plein jour,Hors agglomération,Hors intersection,Normale,Trois véhicules et plus - en chaîne,1,3,7,0,1,1,1,0,1,90,,3,2,0,0,1,21.0,44.0,,,1,1,1,1,4
202100037390,2021-05-31 16:50:00,2021,5,31,16,50,91,91235,RN 104,48.62545,2.36325,Plein jour,Hors agglomération,Hors intersection,Normale,Deux véhicules - arrière,2,3,4,0,1,1,1,0,1,110,,5,1,0,0,4,31.0,40.0,,,1,1,1,1,2
202100037391,2021-05-31 13:10:00,2021,5,31,13,10,91,91286,AUTOROUTE A6,48.64368,2.39076,Plein jour,Hors agglomération,Hors intersection,Normale,Deux véhicules - arrière,1,-1,3,0,1,1,1,0,1,110,,2,1,0,0,1,23.0,34.0,,,1,1,1,1,2
202100037392,2021-05-31 16:00:00,2021,5,31,16,0,92,92050,A86,48.9153626913,2.220438594,Plein jour,Hors agglomération,Hors intersection,Normale,Deux véhicules - côté,1,1,3,0,1,1,1,0,1,90,,2,1,0,0,1,54.0,25.0,,,1,1,1,1,3
202100037393,2021-05-31 09:20:00,2021,5,31,9,20,92,92050,A86,48.8959108167,2.195209915,Plein jour,Hors agglomération,Hors intersection,Normale,Trois véhicules et plus - en chaîne,1,1,3,0,1,1,1,1,1,70,,5,3,0,0,2,29.0,29.0,,,1,1,1,1,4
202100037394,2021-05-31 16:40:00,2021,5,31,16,40,95,95018,A15,48.95442,2.2765,Plein jour,Hors agglomération,Hors intersection,Normale,Deux véhicules - arrière,1,3,5,0,1,1,1,0,1,50,,3,0,0,0,3,43.0,74.0,,,1,1,1,1,2
202100037395,2021-05-31 08:27:00,2021,5,31,8,27,93,93006,AUTOROUTE A3,48.86534,2.41969,Plein jour,Hors agglomération,Autre intersection,Normale,Deux véhicules - côté,1,3,9,0,2,1,1,3,1,70,,2,1,0,0,1,54.0,46.0,,,1,1,9,1,3
202100037396,2021-05-31 05:00:00,2021,5,31,5,0,93,93078,AUTOROUTE A104,48.96117,2.54332,Crépuscule ou aube,Hors agglomération,Hors intersection,Normale,Deux véhicules - arrière,1,3,6,0,1,1,1,0,1,90,,2,0,0,0,2,31.0,23.0,,,2,1,1,1,2
202100037397,2021-05-31 18:20:00,2021,5,31,18,20,77,77249,RN104,48.7425477236,2.6123671061,Plein jour,Hors agglomération,Hors intersection,Normale,Autre collision,2,-1,2,0,1,1,1,0,1,110,,2,1,0,0,1,55.0,25.0,,,1,1,1,1,6
202100037398,2021-05-31 16:00:00,2021,5,31,16,0,94,94033,A86.INT,48.8552398797,2.489336729,Plein jour,Hors agglomération,Hors intersection,Normale,Autre collision,1,3,4,0,1,1,1,0,1,90,,2,0,0,0,2,24.0,,,,1,1,1,1,6
202100037399,2021-05-27 08:10:00,2021,5,27,8,10,13,13056,TURCAN FRANCIS,43.41192,5.04576,Plein jour,En agglomération,Hors intersection,Normale,Autre collision,7,1,2,0,1,1,1,0,4,50,,2,1,0,0,1,30.0,,,,1,2,1,1,6
202100037400,2021-05-30 17:10:00,2021,5,30,17,10,13,13214,AVENUE RAIMU,43.3320322929,5.3988017112,Plein jour,En agglomération,Hors intersection,Normale,Deux véhicules - côté,4,2,4,0,1,1,1,0,1,50,,2,1,0,0,1,39.0,54.0,,,1,2,1,1,3
202100037401,2021-05-30 14:00:00,2021,5,30,14,0,72,72181,ALPES (RUE DES) N° IMP,47.99124,0.22004,Plein jour,En agglomération,Hors intersection,Normale,Autre collision,4,1,1,0,1,1,1,0,1,50,,2,1,0,0,1,49.0,,,,1,2,1,1,6
202100037402,2021-05-30 04:20:00,2021,5,30,4,20,988,98818,PROMENADE ROGER LAROQUE/ROUTE DE L'AQUARIUM,-22.30282,166.43867,Nuit avec éclairage allumé,En agglomération,Intersection en T,Normale,Deux véhicules - côté,4,2,2,0,1,1,1,0,1,50,,4,3,0,0,1,24.0,18.0,,,5,2,3,1,3
202100037403,2021-05-29 21:10:00,2021,5,29,21,10,974,97416,CD 29,-21.3356854466,55.5192160606,Nuit sans éclairage public,Hors agglomération,Hors intersection,Normale,Deux véhicules - frontale,3,2,2,0,2,3,1,0,1,50,,2,1,0,0,1,25.0,20.0,,,3,1,1,1,1
202100037404,2021-05-30 19:49:00,2021,5,30,19,49,69,69199,MATHIEU DUSSURGEY (R),45.712208223,4.8602822634,Plein jour,En agglomération,Hors intersection,Normale,Deux véhicules - frontale,4,2,2,0,1,1,1,0,1,50,,3,2,0,0,1,35.0,21.0,,,1,2,1,1,1
202100037405,2021-05-30 15:49:00,2021,5,30,15,49,69,69386,ANATOLE FRANCE                      (BD),45.77075,4.85693,Plein jour,En agglomération,Intersection en X,Normale,Deux véhicules - frontale,4,1,1,0,1,1,1,0,1,30,,2,1,0,0,1,23.0,34.0,,,1,2,2,1,1
202100037406,2021-05-30 12:00:00,2021,5,30,12,0,69,69387,GAMBETTA (CR),45.7541646489,4.8461803794,Plein jour,En agglomération,Hors intersection,Normale,Autre collision,4,2,4,3,1,1,1,0,6,50,,2,1,0,0,1,29.0,,,,1,2,1,1,6
202100037407,2021-05-29 20:00:00,2021,5,29,20,0,69,69387,UNIVERSITE (DE L') (R),45.74976,4.84102,Plein jour,En agglomération,Intersection en X,Normale,Autre collision,4,1,4,3,1,1,1,0,1,50,,2,1,0,0,1,20.0,,,,1,2,2,1,6
202100037408,2021-05-30 03:30:00,2021,5,30,3,30,69,69259,IRENE JOLIOT CURIE                  (BD),45.72098,4.87408,Nuit avec éclairage allumé,En agglomération,Giratoire,Normale,Deux véhicules - arrière,4,1,4,2,1,1,2,0,1,50,,5,3,0,0,2,19.0,36.0,,,5,2,6,1,2
202100037409,2021-05-30 03:45:00,2021,5,30,3,45,972,97213,AUTOROUTE A1,14.6161149769,-61.0143327713,Nuit avec éclairage allumé,Hors agglomération,Hors intersection,Pluie légère,Deux véhicules - arrière,1,1,6,0,1,1,2,0,1,90,,3,2,0,0,1,21.0,37.0,,,5,1,1,2,2
202100037410,2021-05-30 11:55:00,2021,5,30,11,55,972,97209,GENERAL DE GAULLE (BLD DU),14.6074288389,-61.0716462135,Plein jour,En agglomération,Hors intersection,Normale,Deux véhicules - côté,2,1,4,3,1,1,1,0,1,50,,2,1,0,1,0,59.0,86.0,,,1,2,1,1,3
202100037411,2021-05-30 22:15:00,2021,5,30,22,15,69,69034,BOUCLE (DE LA)                      (MO),45.78284,4.83699,Nuit avec éclairage allumé,En agglomération,Hors intersection,Normale,Sans collision,4,1,2,1,2,2,1,0,5,50,,1,0,0,0,1,26.0,,,,5,2,1,1,7
202100037412,2021-05-30 21:05:00,2021,5,30,21,5,69,69382,BREST (DE) (R),45.7638,4.83322,Plein jour,En agglomération,Intersection en X,Normale,Deux véhicules - côté,4,1,2,3,1,1,1,0,1,50,,4,1,0,0,3,22.0,18.0,,,1,2,2,1,3
202100037413,2021-05-30 21:28:00,2021,5,30,21,28,95,95268,ALL JULES FERRY,48.973497,2.394253,Plein jour,En agglomération,Intersection en T,Normale,Deux véhicules - côté,4,2,2,0,1,1,1,0,1,50,,3,2,0,1,0,20.0,34.0,,,1,2,3,1,3
202100037414,2021-05-30 14:45:00,2021,5,30,14,45,91,91161,AV MAZARIN,48.70298,2.31971,Plein jour,En agglomération,Hors intersection,Normale,Autre collision,4,2,2,0,1,1,1,0,1,50,,2,1,0,0,1,50.0,,,,1,2,1,1,6
202100037415,2021-05-29 20:35:00,2021,5,29,20,35,91,91657,AV PAUL VAILLANT COUTURIER,48.69659,2.43597,Plein jour,En agglomération,Intersection en X,Normale,Deux véhicules - côté,4,2,0,0,1,1,1,5,1,50,,4,2,0,0,2,20.0,73.0,,,1,2,2,1,3
202100037416,2021-05-30 21:00:00,2021,5,30,21,0,83,83137,MISTRAL (ALLEE / LITTORAL FREDERIC),43.10923,5.95694,Crépuscule ou aube,En agglomération,Autre intersection,Normale,Deux véhicules - frontale,7,3,2,1,2,1,1,0,1,50,,7,4,0,0,3,21.0,40.0,,,2,2,9,1,1
202100037417,2021-05-29 17:00:00,2021,5,29,17,0,83,83034,CHEMIN DU CANNEBAS,43.0909511629,6.060566553,Plein jour,En agglomération,Hors intersection,Normale,Deux véhicules - frontale,4,2,2,0,2,2,1,0,1,50,,2,1,0,0,1,18.0,37.0,,,1,2,1,1,1
202100037418,2021-05-30 14:45:00,2021,5,30,14,45,76,76681,PARIS. RUE DE,49.40815,1.10138,Plein jour,En agglomération,Intersection en T,Normale,Deux véhicules - côté,7,2,2,0,1,1,1,0,1,50,,2,1,0,0,1,46.0,21.0,,,1,2,3,1,3
202100037419,2021-05-30 19:20:00,2021,5,30,19,20,69,69264,GODART JUSTIN (R),45.98205391,4.73884812,Plein jour,En agglomération,Hors intersection,Normale,Autre collision,4,2,2,0,1,1,1,0,1,50,,2,1,0,0,1,35.0,,,,1,2,1,1,6
202100037420,2021-05-29 19:35:00,2021,5,29,19,35,69,69264,EDOUARD HERRIOT (AV),45.97904,4.73468,Plein jour,En agglomération,Giratoire,Normale,Deux véhicules - côté,3,4,2,0,1,2,1,0,1,50,,4,3,0,0,1,25.0,15.0,,,1,2,6,1,3
202100037421,2021-05-30 11:37:00,2021,5,30,11,37,65,65440,REFFYE (COURS),43.232411,0.070733,Plein jour,En agglomération,Intersection en X,Normale,Deux véhicules - côté,4,1,2,0,1,1,1,9,8,50,,2,1,0,0,1,20.0,14.0,,,1,2,2,1,3
202100037422,2021-05-30 14:25:00,2021,5,30,14,25,59,59009,ZOLA RUE EMILE,50.635335,3.12347,Plein jour,En agglomération,Hors intersection,Normale,Deux véhicules - arrière,4,3,2,0,1,1,1,0,1,50,,2,1,0,1,0,68.0,55.0,,,1,2,1,1,2
202100037423,2021-05-29 12:30:00,2021,5,29,12,30,54,54329,AVENUE DE GERBEVILLER,48.58385,6.48177,Plein jour,En agglomération,Hors intersection,Normale,Autre collision,3,2,2,0,1,1,1,0,1,50,,3,2,0,1,0,43.0,29.0,,,1,2,1,1,6
202100037424,2021-05-30 21:05:00,2021,5,30,21,5,51,51454,Rue Géruzez,49.26565,4.02074,Plein jour,En agglomération,Intersection en X,Normale,Deux véhicules - côté,4,2,2,0,1,1,1,0,1,50,,4,0,0,1,3,28.0,47.0,,,1,2,2,1,3
202100037425,2021-05-29 18:20:00,2021,5,29,18,20,50,50502,ISIGNY,49.12122,-1.074452,Plein jour,Hors agglomération,Hors intersection,Normale,Sans collision,3,2,2,0,2,3,1,0,1,80,,1,0,0,0,1,36.0,,,,1,1,1,1,7
202100037426,2021-05-29 19:15:00,2021,5,29,19,15,44,44114,ROUTE DE RENNES,47.25774,-1.57953,Plein jour,En agglomération,Hors intersection,Normale,Trois véhicules et plus - collisions multiples,4,2,2,2,1,1,1,0,5,50,,3,2,0,1,0,40.0,28.0,,,1,2,1,1,5
202100037427,2021-05-30 18:25:00,2021,5,30,18,25,42,42207,Place Louis Comte,45.4573755716,4.5047198832,Plein jour,En agglomération,Intersection en T,Normale,Deux véhicules - côté,7,2,2,0,1,1,1,0,1,30,,2,1,0,0,1,61.0,12.0,,,1,2,3,1,3
202100037428,2021-05-30 13:05:00,2021,5,30,13,5,33,33522,Avenue de Thouars,44.7974,-0.59214,Plein jour,En agglomération,Intersection en X,Normale,Deux véhicules - côté,4,2,3,1,1,1,1,0,1,50,,3,1,0,0,2,20.0,26.0,,,1,2,2,1,3
202100037429,2021-05-29 16:15:00,2021,5,29,16,15,33,33318,Avenue Jean Jaurès,44.81134,-0.61869,Plein jour,En agglomération,Hors intersection,Pluie légère,Deux véhicules - côté,4,2,2,0,1,1,2,0,1,50,,3,1,0,0,2,43.0,21.0,,,1,2,1,2,3
202100037430,2021-05-30 10:15:00,2021,5,30,10,15,33,33281,Avenue Marcel Dassault,44.84705,-0.71801,Plein jour,En agglomération,Hors intersection,Normale,Autre collision,4,2,2,0,1,1,1,0,1,50,,2,0,0,0,2,65.0,,,,1,2,1,1,6
202100037431,2021-05-30 13:20:00,2021,5,30,13,20,31,31555,GRANDE BRETAGNE (AV DE) DU 39AU 306,43.6034020959,1.4073550701,Plein jour,En agglomération,Hors intersection,Normale,Autre collision,4,2,2,0,1,1,1,9,1,50,,3,1,0,0,2,,30.0,,,1,2,1,1,6
202100037432,2021-05-30 16:15:00,2021,5,30,16,15,27,27701,RD 6015,49.25222,1.18453,Plein jour,Hors agglomération,Hors intersection,Normale,Autre collision,3,2,3,0,1,1,1,0,3,80,,1,0,0,0,1,19.0,,,,1,1,1,1,6
202100037433,2021-05-30 22:00:00,2021,5,30,22,0,17,17300,JOFFRE   BOULEVARD (27-77 et 2-1),46.15446,-1.14427,Crépuscule ou aube,En agglomération,Hors intersection,Normale,Deux véhicules - arrière,4,3,4,0,1,1,1,5,1,50,,2,1,0,0,1,22.0,19.0,,,2,2,1,1,2
202100037434,2021-05-29 20:40:00,2021,5,29,20,40,17,17300,GRASSET   AVENUE EDMOND (159),46.16407,-1.17458,Plein jour,En agglomération,Hors intersection,Normale,Deux véhicules - côté,4,-1,2,0,1,1,1,0,1,50,,2,1,0,0,1,48.0,17.0,,,1,2,1,1,3
202100037435,2021-05-30 21:35:00,2021,5,30,21,35,13,13208,MADRAGUE DE MONTREDON (AVE DE LA) ,43.2363,5.36208,Nuit avec éclairage allumé,En agglomération,Hors intersection,Normale,Deux véhicules - côté,4,2,2,0,1,1,1,0,1,50,,2,1,0,1,0,,,,,5,2,1,1,3
202100037436,2021-05-30 14:50:00,2021,5,30,14,50,13,13202,DAMES (BOULEVARD DES),43.3023748438,5.3699152241,Plein jour,En agglomération,Hors intersection,Normale,Deux véhicules - arrière,4,2,4,0,1,1,1,0,1,50,,2,1,0,0,1,18.0,42.0,,,1,2,1,1,2
202100037437,2021-05-30 13:30:00,2021,5,30,13,30,13,13205,LOUBIERE (RUE DE LA),43.290502,5.389111,Plein jour,En agglomération,Intersection en X,Normale,Deux véhicules - frontale,4,4,1,0,1,1,1,9,1,30,,5,3,0,0,2,65.0,34.0,,,1,2,2,1,1
202100037438,2021-05-29 23:00:00,2021,5,29,23,0,13,13028,CRETES (ROUTES DES),43.18046,5.58472,Nuit sans éclairage public,Hors agglomération,Hors intersection,Normale,Sans collision,7,2,2,0,3,4,1,0,1,80,,3,0,0,3,0,18.0,,,,3,1,1,1,7
202100037439,2021-05-30 16:15:00,2021,5,30,16,15,06,06088,CARREFOUR LINGOSTIERE (CENTRE CAL),43.72638,7.1886,Plein jour,Hors agglomération,Autre intersection,Normale,Deux véhicules - frontale,6,-1,-1,0,1,1,1,9,1,50,,3,1,0,0,2,57.0,42.0,,,1,1,9,1,1
202100037440,2021-05-29 23:12:00,2021,5,29,23,12,06,06069,BASTIDES (CHEMIN DES),43.64048,6.92759,Nuit sans éclairage public,En agglomération,Hors intersection,Normale,Autre collision,4,-1,2,0,2,1,1,0,8,50,,1,0,0,1,0,26.0,,,,3,2,1,1,6
202100037441,2021-05-29 19:45:00,2021,5,29,19,45,06,06029,CROISETTE (BOULEVARD DE LA),43.54106,7.03513,Crépuscule ou aube,En agglomération,Hors intersection,Normale,Deux véhicules - arrière,4,-1,4,0,1,1,1,0,1,30,,2,1,0,0,1,59.0,39.0,,,2,2,1,1,2
202100037442,2021-05-29 12:20:00,2021,5,29,12,20,06,06123,FRANCE D'OUTRE MER AVENUE,43.659377,7.191931,Plein jour,En agglomération,Hors intersection,Normale,Deux véhicules - côté,4,1,1,0,1,1,1,0,1,50,,2,1,0,0,1,19.0,18.0,,,1,2,1,1,3
202100037443,2021-05-30 14:00:00,2021,5,30,14,0,01,01451,CHAMBIERE ( RUE DE LA ),46.2116,5.2136,Plein jour,En agglomération,Hors intersection,Normale,Autre collision,4,2,2,0,1,1,1,0,1,50,,5,4,0,0,1,40.0,52.0,,,1,2,1,1,6
202100037444,2021-05-30 14:15:00,2021,5,30,14,15,75,75116,ECHANGEUR MUETTE,48.865767,2.268076,Plein jour,En agglomération,Intersection en Y,Normale,Deux véhicules - arrière,4,1,4,0,1,1,1,0,1,70,,2,1,0,0,1,44.0,30.0,,,1,2,4,1,2
202100037445,2021-05-29 22:00:00,2021,5,29,22,0,75,75118,BOULEVARD DE ROCHECHOUART,48.882974,2.344103,Nuit avec éclairage non allumé,En agglomération,Hors intersection,Normale,Autre collision,4,1,1,1,1,1,1,0,1,30,,3,2,0,1,0,25.0,,,,4,2,1,1,6
202100037446,2021-05-30 12:30:00,2021,5,30,12,30,75,75116,PONT D IENA,48.860389,2.291258,Plein jour,En agglomération,Place,Normale,Deux véhicules - côté,4,2,8,1,1,1,1,2,1,50,,2,0,0,0,2,29.0,21.0,,,1,2,7,1,3
202100037447,2021-05-28 12:15:00,2021,5,28,12,15,75,75116,RUE LECONTE DE LISLE,48.848376,2.269303,Plein jour,En agglomération,Hors intersection,Normale,Autre collision,4,1,1,0,1,1,1,0,1,50,,1,0,0,0,1,76.0,,,,1,2,1,1,6
202100037448,2021-05-30 17:15:00,2021,5,30,17,15,75,75113,RUE CHARCOT,48.830349,2.37043,Plein jour,En agglomération,Intersection en X,Normale,Deux véhicules - côté,4,1,1,0,2,1,1,0,1,30,,6,4,0,0,2,42.0,21.0,,,1,2,2,1,3
202100037449,2021-05-30 17:20:00,2021,5,30,17,20,75,75111,AVENUE PARMENTIER,48.86903,2.371736,Plein jour,En agglomération,Intersection en T,Normale,Deux véhicules - côté,4,2,2,0,1,1,1,0,1,50,,2,1,0,0,1,43.0,28.0,,,1,2,3,1,3
202100037450,2021-05-30 13:50:00,2021,5,30,13,50,75,75118,RUE DU DEPARTEMENT,48.885755,2.364966,Plein jour,En agglomération,Intersection en T,Normale,Autre collision,4,1,1,0,1,1,1,0,1,50,,3,1,0,0,2,32.0,,,,1,2,3,1,6
202100037451,2021-05-30 11:15:00,2021,5,30,11,15,75,75108,AVENUE DE WAGRAM,48.876196,2.296801,Plein jour,En agglomération,Hors intersection,Normale,Deux véhicules - côté,4,2,2,1,2,1,1,0,5,50,,2,1,0,0,1,49.0,47.0,,,1,2,1,1,3
202100037452,2021-05-30 21:15:00,2021,5,30,21,15,75,75107,AVENUE DE TOURVILLE,48.853776,2.312734,Plein jour,En agglomération,Place,Normale,Autre collision,4,2,3,0,1,1,1,0,1,50,,1,0,0,0,1,35.0,,,,1,2,7,1,6
202100037453,2021-05-30 15:45:00,2021,5,30,15,45,75,75104,PONT SAINT LOUIS,48.852766,2.352736,Plein jour,En agglomération,Hors intersection,Normale,Autre collision,4,-1,1,3,1,1,1,6,6,30,,2,1,0,0,1,,,,,1,2,1,1,6
202100037454,2021-05-30 07:50:00,2021,5,30,7,50,75,75101,RUE SAINT DENIS,48.858799,2.347458,Plein jour,En agglomération,Intersection en X,Normale,Sans collision,4,2,1,3,1,1,1,6,1,30,,1,0,0,0,1,26.0,,,,1,2,2,1,7
202100037455,2021-05-30 18:24:00,2021,5,30,18,24,94,94078,Place Pierre Semard,48.72903,2.44709,Plein jour,En agglomération,Hors intersection,Normale,Deux véhicules - arrière,3,2,2,0,1,2,1,0,1,50,,2,1,0,0,1,46.0,19.0,,,1,2,1,1,2
202100037456,2021-05-30 08:35:00,2021,5,30,8,35,94,94021,178 Avenue de Stalingrad,48.7664,2.3679,Plein jour,En agglomération,Hors intersection,Normale,Autre collision,3,3,4,0,1,1,1,0,1,50,,1,0,1,0,0,46.0,,,,1,2,1,1,6
202100037457,2021-05-30 12:40:00,2021,5,30,12,40,94,94017,Rue Georges Dimitrov,48.81364,2.51018,Plein jour,En agglomération,Intersection en X,Normale,Autre collision,3,1,6,0,2,1,1,0,1,50,,2,1,0,0,1,38.0,,,,1,2,2,1,6
202100037458,2021-05-30 15:30:00,2021,5,30,15,30,93,93027,Rue Rateau,48.92522,2.41161,Plein jour,En agglomération,Hors intersection,Temps éblouissant,Autre collision,4,2,2,0,1,1,1,0,1,50,,2,1,0,0,1,41.0,,,,1,2,1,7,6
202100037459,2021-05-30 11:20:00,2021,5,30,11,20,93,93008,STALINGRAD (RUE DE) A10,48.91835,2.41577,Plein jour,En agglomération,Hors intersection,Normale,Autre collision,9,1,1,0,1,1,1,9,8,30,,2,1,0,0,1,66.0,,,,1,2,1,1,6
202100037460,2021-05-29 16:10:00,2021,5,29,16,10,92,92078,MARC SANGNIER (AVENUE),48.9296961017,2.3263373627,Plein jour,En agglomération,Intersection en T,Normale,Deux véhicules - côté,3,1,2,0,1,1,1,5,1,50,,6,3,0,0,3,25.0,21.0,,,1,2,3,1,3
202100037461,2021-05-30 15:20:00,2021,5,30,15,20,92,92047,RAYMOND POINCARE,48.8381,2.1754,Plein jour,En agglomération,Hors intersection,Normale,Deux véhicules - côté,3,2,-1,0,1,1,1,0,1,50,,2,1,0,0,1,90.0,39.0,,,1,2,1,1,3
202100037462,2021-05-29 21:40:00,2021,5,29,21,40,92,92048,PARIS (RUE DE) N° 1 A 15BIS,48.8174401537,2.2486835718,Crépuscule ou aube,En agglomération,Hors intersection,Normale,Autre collision,4,3,2,0,1,1,1,0,1,50,,1,0,0,0,1,36.0,,,,2,2,1,1,6
202100037463,2021-05-30 21:30:00,2021,5,30,21,30,92,92024,PIERRE BEREGOVOY (RUE),48.9009600911,2.2925537825,Crépuscule ou aube,En agglomération,Intersection en Y,Normale,Deux véhicules - côté,3,-1,2,0,2,3,1,0,1,50,,2,1,0,0,1,34.0,51.0,,,2,2,4,1,3
202100037464,2021-05-30 12:20:00,2021,5,30,12,20,92,92024,MARTRE DE (4 A 54),48.8995730632,2.309255898,Plein jour,En agglomération,Intersection en T,Normale,Deux véhicules - côté,3,1,3,1,1,1,1,0,1,50,,2,1,0,0,1,32.0,20.0,,,1,2,3,1,3
202100037465,2021-05-30 06:30:00,2021,5,30,6,30,92,92060,PAUL LANGEVIN (AVENUE) (RD 2),48.7764267789,2.2499549389,Plein jour,En agglomération,Intersection en X,Normale,Deux véhicules - côté,3,1,2,0,1,1,1,5,1,30,,3,1,0,0,2,23.0,20.0,,,1,2,2,1,3