accident_id,datetime,annee,mois,jour,heure,minute,departement,commune_insee,adresse,latitude,longitude,luminosite,agglomeration,intersection,meteo,collision,catr,circ,nbv,vosp,prof,plan,surf,infra,situ,vma,nb_vehicules,nb_usagers,nb_indemnes,nb_tues,nb_blesses_hosp,nb_blesses_legers,age_cond_1,age_cond_2,veh_type_cond_1,veh_type_cond_2,lum_code,agg_code,int_code,atm_code,col_code
202100037466,2021-05-30 17:30:00,2021,5,30,17,30,86,86081,21 Route des Mottes,46.788499,0.450354,Plein jour,En agglomération,Hors intersection,Normale,Sans collision,3,4,2,0,1,1,1,0,3,80,,1,0,0,1,0,61.0,,,,1,2,1,1,7
202100037467,2021-05-29 10:15:00,2021,5,29,10,15,73,73149,D921 PR12.5U,45.749573,5.790417,Plein jour,Hors agglomération,Hors intersection,Normale,Sans collision,3,2,2,0,1,2,1,0,3,80,,1,0,0,1,0,27.0,,,,1,1,1,1,7
202100037468,2021-05-30 19:10:00,2021,5,30,19,10,60,60454,D55,49.386577,2.320261,Plein jour,Hors agglomération,Hors intersection,Normale,Autre collision,3,2,2,0,2,3,1,0,3,80,,1,0,0,0,1,25.0,,,,1,1,1,1,6
202100037469,2021-05-26 13:15:00,2021,5,26,13,15,22,22206,Rue de st brieuc,48.540439,-2.982836,Plein jour,En agglomération,Hors intersection,Normale,Deux véhicules - arrière,3,2,2,1,1,1,1,0,1,50,,6,5,0,0,1,19.0,42.0,,,1,2,1,1,2
202100037470,2021-05-30 21:40:00,2021,5,30,21,40,95,95487,109 Avenue Jacques Vogt,49.1535135399,2.2712768152,Crépuscule ou aube,En agglomération,Hors intersection,Normale,Autre collision,3,2,2,0,1,1,1,9,1,50,,1,0,0,1,0,38.0,,,,2,2,1,1,6
202100037471,2021-05-30 15:45:00,2021,5,30,15,45,28,28012,Rue de Courtalain,48.10665,1.174335,Plein jour,Hors agglomération,Hors intersection,Normale,Sans collision,3,2,2,0,1,4,1,0,8,80,,1,0,0,1,0,69.0,,,,1,1,1,1,7
202100037472,2021-05-29 04:25:00,2021,5,29,4,25,974,97422,Rue Charles Baudelaire,-21.2543101242,55.4997116322,Nuit sans éclairage public,En agglomération,Hors intersection,Normale,Autre collision,3,2,2,0,1,1,1,0,1,80,,2,1,0,1,0,22.0,,,,3,2,1,1,6
202100037473,2021-05-29 16:52:00,2021,5,29,16,52,972,97206,DN7,14.481774,-61.01841,Nuit sans éclairage public,En agglomération,Hors intersection,Normale,Deux véhicules - frontale,3,2,2,0,2,2,1,0,1,50,,2,1,0,0,1,36.0,59.0,,,3,2,1,1,1
202100037474,2021-05-30 10:05:00,2021,5,30,10,5,84,84083,Route Nationale 7,44.19729,4.736175,Plein jour,En agglomération,Hors intersection,Normale,Deux véhicules - côté,3,2,2,0,2,1,1,5,1,50,,3,1,0,2,0,59.0,58.0,,,1,2,1,1,3
202100037475,2021-05-30 21:50:00,2021,5,30,21,50,83,83048,2219 Boulevard du Littoral,43.188548,6.580859,Nuit sans éclairage public,Hors agglomération,Giratoire,Normale,Autre collision,4,-1,2,0,2,2,1,0,8,50,,1,0,0,1,0,35.0,,,,3,1,6,1,6
202100037476,2021-05-26 22:30:00,2021,5,26,22,30,44,44047,RN 165,47.261582,-1.701765,Nuit sans éclairage public,Hors agglomération,Hors intersection,Normale,Deux véhicules - arrière,2,3,4,0,1,1,1,0,1,110,,2,1,0,1,0,21.0,56.0,,,3,1,1,1,2
202100037477,2021-05-30 06:13:00,2021,5,30,6,13,56,56144,Siviac Remungol (Remungol),47.950353,-2.860088,Crépuscule ou aube,Hors agglomération,Hors intersection,Normale,Autre collision,3,2,2,0,2,3,1,8,3,80,,1,0,1,0,0,38.0,,,,2,1,1,1,6
202100037478,2021-05-31 07:55:00,2021,5,31,7,55,74,74234,chemin de la chapelle de cons,45.756969,6.317525,Plein jour,Hors agglomération,Intersection en X,Normale,Deux véhicules - frontale,4,2,2,0,1,1,1,0,5,50,,2,1,0,1,0,48.0,17.0,,,1,1,2,1,1
202100037479,2021-05-30 16:00:00,2021,5,30,16,0,2B,2B123,Avenue du 9 Septembre,42.015811,9.405107,Plein jour,En agglomération,Autre intersection,Normale,Deux véhicules - frontale,2,2,2,0,1,1,1,5,1,50,,3,1,1,0,1,72.0,42.0,,,1,2,9,1,1
202100037480,2021-05-30 18:30:00,2021,5,30,18,30,80,80334,Route de Neuville,49.795315,2.188999,Plein jour,Hors agglomération,Hors intersection,Normale,Deux véhicules - frontale,4,2,2,0,1,1,1,0,1,80,,2,1,1,0,0,26.0,31.0,,,1,1,1,1,1
202100037481,2021-05-28 10:30:00,2021,5,28,10,30,71,71391,Route du Canal,46.81537,4.591132,Plein jour,Hors agglomération,Hors intersection,Normale,Deux véhicules - frontale,3,2,2,0,1,2,1,8,1,80,,5,4,0,1,0,24.0,30.0,,,1,1,1,1,1
202100037482,2021-05-30 15:15:00,2021,5,30,15,15,71,71267,Route de Tournus - lieu-dit Fissy,46.492964,4.826185,Plein jour,En agglomération,Intersection en T,Normale,Deux véhicules - arrière,3,2,2,0,2,1,1,0,1,50,,2,0,0,1,1,26.0,32.0,,,1,2,3,1,2
202100037483,2021-05-30 17:45:00,2021,5,30,17,45,89,89147,D950,47.755764,3.250615,Plein jour,En agglomération,Intersection en T,Normale,Deux véhicules - frontale,3,2,2,0,1,2,1,0,1,50,,3,2,0,1,0,84.0,24.0,,,1,2,3,1,1
202100037484,2021-05-30 19:30:00,2021,5,30,19,30,61,61297,lieu dit Tyres,48.669263,0.481564,Plein jour,Hors agglomération,Hors intersection,Normale,Autre collision,3,2,2,0,1,2,1,0,1,80,,1,0,0,0,1,24.0,,,,1,1,1,1,6
202100037485,2021-05-29 16:35:00,2021,5,29,16,35,42,42224,Route du Chateau du Bois,45.3438834187,4.4435725585,Plein jour,Hors agglomération,Hors intersection,Normale,Sans collision,3,2,2,0,2,3,1,0,1,80,,1,0,1,0,0,76.0,,,,1,1,1,1,7
202100037486,2021-05-30 17:15:00,2021,5,30,17,15,46,46117,cabagnols,44.9477,1.863685,Plein jour,Hors agglomération,Intersection en T,Normale,Sans collision,4,2,2,0,1,1,1,0,1,80,,2,1,0,1,0,38.0,,,,1,1,3,1,7
202100037487,2021-05-28 17:15:00,2021,5,28,17,15,47,47269,Pont de Labe,44.174471,0.752392,Plein jour,Hors agglomération,Hors intersection,Normale,Deux véhicules - frontale,3,2,2,0,1,1,1,0,1,80,,2,1,0,1,0,30.0,72.0,,,1,1,1,1,1
202100037488,2021-05-29 12:05:00,2021,5,29,12,5,34,34132,RD 142 PR 10+700,43.807759,3.247919,Plein jour,Hors agglomération,Hors intersection,Normale,Deux véhicules - côté,3,2,2,0,2,3,9,0,1,90,,2,1,0,1,0,57.0,48.0,,,1,1,1,1,3
202100037489,2021-05-30 16:35:00,2021,5,30,16,35,31,31561,D112,43.638838,1.50139,Plein jour,En agglomération,Giratoire,Normale,Deux véhicules - frontale,7,2,2,0,1,3,1,0,1,50,,2,1,0,1,0,40.0,71.0,,,1,2,6,1,1
202100037490,2021-05-29 20:15:00,2021,5,29,20,15,03,03264,Chemin de Chamoiroux,46.067885,3.474609,Plein jour,En agglomération,Hors intersection,Normale,Sans collision,4,2,2,0,1,1,1,0,1,50,,1,0,0,1,0,25.0,,,,1,2,1,1,7
202100037491,2021-05-30 19:06:00,2021,5,30,19,6,01,01373,D1084,46.150584,5.561829,Plein jour,Hors agglomération,Hors intersection,Temps éblouissant,Autre collision,3,2,2,0,1,1,1,0,1,80,,3,2,0,1,0,48.0,25.0,,,1,1,1,7,6
202100037492,2021-05-29 17:05:00,2021,5,29,17,5,58,58164,Charrant,47.221823,3.017244,Plein jour,Hors agglomération,Hors intersection,Normale,Sans collision,4,2,1,0,1,2,1,0,3,80,,2,1,0,1,0,15.0,,,,1,1,1,1,7
202100037493,2021-05-31 15:47:00,2021,5,31,15,47,58,58151,50 Avenue de la Republique,46.89066,3.466916,Plein jour,En agglomération,Hors intersection,Normale,Deux véhicules - côté,3,2,2,0,2,1,1,0,1,50,,2,1,0,0,1,12.0,68.0,,,1,2,1,1,3
202100037494,2021-05-31 14:00:00,2021,5,31,14,0,66,66124,Avenue d'Espagne,42.506148,2.031285,Plein jour,En agglomération,Hors intersection,Normale,Deux véhicules - côté,3,2,2,0,2,1,1,0,1,50,,2,1,0,1,0,22.0,39.0,,,1,2,1,1,3
202100037495,2021-05-30 12:15:00,2021,5,30,12,15,54,54242,D674,48.623549,5.891405,Plein jour,Hors agglomération,Intersection en X,Temps éblouissant,Trois véhicules et plus - en chaîne,3,2,2,0,4,1,1,0,1,80,,5,4,0,1,0,23.0,24.0,,,1,1,2,7,4
202100037496,2021-05-30 23:05:00,2021,5,30,23,5,06,06090,1036 Route de la Fenerie,43.58438,6.923048,Nuit avec éclairage allumé,En agglomération,Hors intersection,Normale,Autre collision,3,2,2,0,1,2,1,0,4,50,,1,0,0,1,0,47.0,,,,5,2,1,1,6
202100037497,2021-05-31 07:45:00,2021,5,31,7,45,53,53007,Haut Mont Roux,48.081842,-0.655124,Plein jour,Hors agglomération,Intersection en Y,Normale,Sans collision,4,2,2,0,1,2,1,0,1,-1,,1,0,0,0,1,50.0,,,,1,1,4,1,7
202100037498,2021-05-28 10:20:00,2021,5,28,10,20,40,40287,D46,44.444229,-1.071339,Plein jour,Hors agglomération,Hors intersection,Normale,Trois véhicules et plus - collisions multiples,3,2,2,0,1,1,1,0,1,-1,,5,4,0,1,0,22.0,21.0,,,1,1,1,1,5
202100037499,2021-05-30 15:00:00,2021,5,30,15,0,40,40273,Route Océane,43.544598,-1.386455,Plein jour,En agglomération,Intersection en T,Normale,Deux véhicules - côté,3,2,2,0,1,1,1,0,1,50,,2,1,0,1,0,67.0,15.0,,,1,2,3,1,3
202100037500,2021-05-23 19:40:00,2021,5,23,19,40,40,40264,Route du Stade,43.635594,-1.255011,Plein jour,Hors agglomération,Hors intersection,Normale,Deux véhicules - côté,3,2,2,0,1,1,1,0,1,80,,2,1,0,0,1,24.0,14.0,,,1,1,1,1,3
202100037501,2021-05-30 17:50:00,2021,5,30,17,50,40,40100,Route de Sabathé,43.914187,-0.238245,Plein jour,Hors agglomération,Hors intersection,Normale,Deux véhicules - côté,3,2,2,0,1,3,1,0,1,80,,3,1,0,1,1,26.0,49.0,,,1,1,1,1,3
202100037502,2021-05-31 08:30:00,2021,5,31,8,30,04,04122,RN 85,44.034419,6.086833,Plein jour,Hors agglomération,Hors intersection,Normale,Deux véhicules - frontale,2,2,2,0,1,1,1,0,1,80,,2,1,0,1,0,19.0,66.0,,,1,1,1,1,1
202100037503,2021-05-30 12:50:00,2021,5,30,12,50,27,27679,rn 12 pk 28.600,48.721639,0.887682,Plein jour,Hors agglomération,Hors intersection,Normale,Deux véhicules - frontale,2,2,2,0,1,1,1,0,1,80,,2,0,0,1,1,27.0,30.0,,,1,1,1,1,1
202100037504,2021-05-30 12:15:00,2021,5,30,12,15,87,87144,FARDISSOUX,45.698907,1.453366,Plein jour,Hors agglomération,Intersection en T,Normale,Deux véhicules - côté,3,2,2,0,2,1,1,0,8,80,,2,1,0,1,0,23.0,78.0,,,1,1,3,1,3
202100037505,2021-05-31 07:20:00,2021,5,31,7,20,37,37159,Rue des Pâtis,47.2858094677,0.6165231764,Plein jour,En agglomération,Hors intersection,Normale,Deux véhicules - frontale,4,2,2,0,1,3,1,0,1,50,,2,1,0,1,0,26.0,35.0,,,1,2,1,1,1
202100037506,2021-05-27 18:10:00,2021,5,27,18,10,37,37083,D943,47.246461927,0.8556605328,Plein jour,Hors agglomération,Hors intersection,Normale,Deux véhicules - frontale,3,2,2,0,1,1,1,0,1,90,,8,3,0,2,3,27.0,50.0,,,1,1,1,1,1
202100037507,2021-05-30 17:50:00,2021,5,30,17,50,88,88037,Contrexard,47.994793,6.73507,Plein jour,Hors agglomération,Hors intersection,Normale,Autre collision,3,2,2,0,2,1,1,0,3,80,,1,0,0,1,0,41.0,,,,1,1,1,1,6
202100037508,2021-05-31 08:10:00,2021,5,31,8,10,68,68375,124 Rue de Mulhouse,47.79662,7.240854,Plein jour,En agglomération,Hors intersection,Normale,Deux véhicules - côté,3,3,2,0,1,1,1,0,1,50,,2,1,0,0,1,49.0,53.0,,,1,2,1,1,3
202100037509,2021-05-27 12:20:00,2021,5,27,12,20,988,98805,VE1,-22.225938,166.461665,Plein jour,Hors agglomération,Hors intersection,Normale,Trois véhicules et plus - collisions multiples,1,2,2,0,1,1,1,0,1,50,,6,2,0,3,1,51.0,75.0,,,1,1,1,1,5
202100037510,2021-05-31 14:30:00,2021,5,31,14,30,34,34333,cd114 lieu dit le mas neuf,43.503274,3.781947,Plein jour,Hors agglomération,Autre intersection,Normale,Deux véhicules - frontale,3,2,2,0,2,3,1,0,1,80,,2,0,0,1,1,63.0,60.0,,,1,1,9,1,1
202100037511,2021-05-27 11:15:00,2021,5,27,11,15,34,34255,Route départementale 986,43.705554,3.818843,Plein jour,Hors agglomération,Hors intersection,Temps éblouissant,Deux véhicules - frontale,3,2,2,0,1,1,1,0,1,90,,3,0,0,1,2,39.0,72.0,,,1,1,1,7,1
202100037512,2021-05-28 12:15:00,2021,5,28,12,15,06,06152,Route du Parc,43.611615,7.048561,Plein jour,Hors agglomération,Hors intersection,Normale,Sans collision,3,1,2,0,2,3,1,0,1,90,,1,0,0,1,0,47.0,,,,1,1,1,1,7
202100037513,2021-05-30 16:40:00,2021,5,30,16,40,59,59377,A26 - PK 138+100,50.120193,3.155565,Plein jour,Hors agglomération,Hors intersection,Normale,Autre collision,1,1,2,0,1,1,1,0,3,130,,1,0,0,1,0,41.0,,,,1,1,1,1,6
202100037514,2021-05-30 22:30:00,2021,5,30,22,30,69,69206,"Autoroute A6, PK 416+600, Sens LYON - PARIS",46.0651538801,4.7389838026,Nuit sans éclairage public,Hors agglomération,Hors intersection,Normale,Trois véhicules et plus - en chaîne,1,3,6,0,1,1,1,0,1,130,,6,1,1,2,2,56.0,65.0,,,3,1,1,1,4
202100037515,2021-05-27 09:35:00,2021,5,27,9,35,13,13001,"Autoroute A8, pk 013+020, sens sud/nord",43.532978,5.371778,Plein jour,Hors agglomération,Hors intersection,Normale,Deux véhicules - côté,1,3,5,3,1,1,1,0,1,130,,5,4,0,1,0,55.0,67.0,,,1,1,1,1,3
202100037516,2021-05-28 19:30:00,2021,5,28,19,30,987,98758,PK 4 Apooiti,-16.742983,-151.45779,Nuit sans éclairage public,Hors agglomération,Hors intersection,Normale,Sans collision,2,2,2,0,1,1,1,0,3,60,,2,0,0,2,0,31.0,,,,3,1,1,1,7
202100037517,2021-05-31 19:00:00,2021,5,31,19,0,21,21515,D107,47.307368,5.096921,Crépuscule ou aube,En agglomération,Giratoire,Normale,Autre collision,7,2,2,0,1,3,1,5,1,50,,2,1,0,0,1,49.0,,,,2,2,6,1,6
202100037518,2021-05-30 19:30:00,2021,5,30,19,30,28,28347,Le Cornet,48.839801,1.59394,Plein jour,Hors agglomération,Hors intersection,Normale,Deux véhicules - frontale,3,-1,1,0,1,3,1,0,1,80,,2,1,0,0,1,38.0,47.0,,,1,1,1,1,1
202100037519,2021-05-30 18:45:00,2021,5,30,18,45,77,77192,d144,48.679018,2.835138,Plein jour,Hors agglomération,Intersection en X,Normale,Deux véhicules - côté,3,2,2,0,1,1,1,0,1,-1,,5,2,0,3,0,76.0,65.0,,,1,1,2,1,3
202100037520,2021-05-31 12:00:00,2021,5,31,12,0,2A,2A041,Finocchio,41.407064,9.171492,Plein jour,Hors agglomération,Intersection en T,Normale,Deux véhicules - côté,2,2,2,0,1,1,1,0,1,80,,2,0,0,0,2,28.0,30.0,,,1,1,3,1,3
202100037521,2021-05-30 13:24:00,2021,5,30,13,24,2A,2A215,"village, viagenti",41.491755,9.054505,Plein jour,En agglomération,Hors intersection,Normale,Deux véhicules - côté,2,2,2,0,1,1,1,0,1,50,,2,1,0,0,1,37.0,22.0,,,1,2,1,1,3
202100037522,2021-05-31 12:10:00,2021,5,31,12,10,66,66059,D80,42.618328,2.941139,Plein jour,Hors agglomération,Hors intersection,Normale,Sans collision,3,2,2,0,1,3,1,0,3,80,,1,0,0,1,0,22.0,,,,1,1,1,1,7
202100037523,2021-05-30 17:40:00,2021,5,30,17,40,83,83108,D64,43.332812,5.992007,Plein jour,Hors agglomération,Intersection en T,Normale,Deux véhicules - côté,3,2,2,0,1,1,1,0,1,80,,4,3,0,1,0,83.0,91.0,,,1,1,3,1,3
202100037524,2021-05-22 17:30:00,2021,5,22,17,30,13,13007,Route de la Sainte Baume,43.340395,5.652401,Plein jour,Hors agglomération,Hors intersection,Normale,Deux véhicules - côté,7,2,2,0,2,4,1,0,1,80,,2,1,0,1,0,65.0,44.0,,,1,1,1,1,3
202100037525,2021-05-30 17:00:00,2021,5,30,17,0,67,67263,cd 3 - pk8,49.027134,7.732422,Plein jour,Hors agglomération,Hors intersection,Normale,Sans collision,3,2,2,0,1,3,1,0,8,80,,1,0,0,1,0,34.0,,,,1,1,1,1,7
202100037526,2021-05-29 19:55:00,2021,5,29,19,55,57,57303,"Route département 52, route de Maizieres",49.222077,6.193915,Plein jour,Hors agglomération,Giratoire,Normale,Autre collision,3,1,1,0,1,1,1,0,3,80,,1,0,0,0,1,50.0,,,,1,1,6,1,6
202100037527,2021-05-30 18:45:00,2021,5,30,18,45,03,03235,RD 906 PK 20,46.247449,3.517513,Plein jour,Hors agglomération,Hors intersection,Normale,Deux véhicules - arrière,3,3,2,0,1,3,1,0,1,90,,2,1,0,0,1,,27.0,,,1,1,1,1,2
202100037528,2021-05-26 07:00:00,2021,5,26,7,0,44,44035,Rue du Vivier,47.327959,-1.562397,Plein jour,En agglomération,Hors intersection,Pluie légère,Sans collision,4,2,2,0,1,1,2,0,1,50,,1,0,0,0,1,37.0,,,,1,2,1,2,7
202100037529,2021-05-30 03:45:00,2021,5,30,3,45,69,69296,A7,45.6434446849,4.8289190182,Nuit avec éclairage allumé,Hors agglomération,Hors intersection,Normale,Autre collision,1,3,6,0,1,1,1,0,1,130,,1,0,0,0,1,29.0,,,,5,1,1,1,6
202100037530,2021-05-29 17:30:00,2021,5,29,17,30,81,81099,Route de Toulouse,43.892552,1.880717,Plein jour,En agglomération,Autre intersection,Normale,Deux véhicules - côté,6,-1,-1,0,1,1,1,0,1,50,,2,1,0,0,1,24.0,24.0,,,1,2,9,1,3
202100037531,2021-05-30 18:00:00,2021,5,30,18,0,22,22384,D41,48.2895,-2.85173,Plein jour,Hors agglomération,Hors intersection,Normale,Sans collision,3,2,2,0,2,2,1,2,3,80,,1,0,0,1,0,18.0,,,,1,1,1,1,7
202100037532,2021-05-30 08:40:00,2021,5,30,8,40,22,22376,Le Châtel,48.220276,-2.7677,Plein jour,Hors agglomération,Hors intersection,Normale,Deux véhicules - arrière,4,2,2,0,2,1,1,0,1,80,,2,1,0,1,0,71.0,66.0,,,1,1,1,1,2
202100037533,2021-05-31 09:50:00,2021,5,31,9,50,27,27072,D648,49.104985,1.526467,Plein jour,En agglomération,Autre intersection,Normale,Deux véhicules - côté,3,2,2,0,1,1,1,0,1,50,,2,0,0,0,2,55.0,68.0,,,1,2,9,1,3
202100037534,2021-05-31 18:20:00,2021,5,31,18,20,80,80499,route départementale 84,49.746918,2.473919,Plein jour,Hors agglomération,Intersection en X,Normale,Deux véhicules - côté,3,2,2,0,1,1,1,0,1,80,,2,0,1,0,1,28.0,61.0,,,1,1,2,1,3
202100037535,2021-05-30 17:20:00,2021,5,30,17,20,13,13071,A51-Sens Aix en Provence vers Marseille,43.41192,5.36408,Plein jour,Hors agglomération,Hors intersection,Normale,Deux véhicules - arrière,1,1,3,0,1,1,1,0,1,90,,3,2,0,0,1,49.0,51.0,,,1,1,1,1,2
202100037536,2021-05-30 14:38:00,2021,5,30,14,38,13,13055,A507 sens Aubagne- Marseille,43.30184,5.425276,Plein jour,Hors agglomération,Hors intersection,Normale,Trois véhicules et plus - en chaîne,1,3,3,0,1,1,1,1,1,70,,3,2,0,0,1,,39.0,,,1,1,1,1,4
202100037537,2021-05-30 13:42:00,2021,5,30,13,42,13,13117,A7-Sens Marseille vers Lyon,43.45021,5.23928,Plein jour,Hors agglomération,Hors intersection,Normale,Deux véhicules - arrière,1,1,3,0,1,1,1,0,1,110,,2,1,0,0,1,31.0,20.0,,,1,1,1,1,2
202100037538,2021-05-29 11:10:00,2021,5,29,11,10,13,13215,A7-Sens Lyon vers Marseille,43.34789,5.37117,Plein jour,Hors agglomération,Hors intersection,Normale,Trois véhicules et plus - collisions multiples,1,2,3,0,3,1,1,0,1,90,,3,2,0,0,1,25.0,44.0,,,1,1,1,1,5
202100037539,2021-05-29 06:50:00,2021,5,29,6,50,13,13055,A507 sens Aubagne- Marseille,43.293575146,5.4244351387,Plein jour,Hors agglomération,Hors intersection,Normale,Deux véhicules - arrière,1,1,3,0,1,1,1,1,1,70,,2,1,0,0,1,29.0,22.0,,,1,1,1,1,2
202100037540,2021-05-30 18:15:00,2021,5,30,18,15,69,69029,RD383,45.7350106074,4.9019972384,Plein jour,Hors agglomération,Autre intersection,Normale,Deux véhicules - côté,7,3,4,0,1,1,1,9,1,70,,2,1,0,0,1,21.0,76.0,,,1,1,9,1,3
202100037541,2021-05-30 16:40:00,2021,5,30,16,40,69,69125,A6   437.840 A 439.400,45.881138,4.7387814,Plein jour,Hors agglomération,Hors intersection,Normale,Deux véhicules - côté,1,3,4,0,1,1,1,0,1,130,,3,0,0,1,2,61.0,42.0,,,1,1,1,1,3
202100037542,2021-05-30 15:45:00,2021,5,30,15,45,69,69040,M6   447.520 A 448.490,45.8021,4.77249,Plein jour,Hors agglomération,Hors intersection,Normale,Trois véhicules et plus - en chaîne,7,3,7,0,2,1,1,0,1,70,,4,2,0,0,2,60.0,46.0,,,1,1,1,1,4
202100037543,2021-05-29 14:10:00,2021,5,29,14,10,69,69029,RD383   7.640 A 11.044,45.74432,4.90604,Plein jour,Hors agglomération,Hors intersection,Normale,Deux véhicules - arrière,7,3,9,0,2,1,1,0,1,70,,2,1,0,0,1,61.0,,,,1,1,1,1,2
202100037544,2021-05-30 18:35:00,2021,5,30,18,35,33,33397,,44.894228,-0.498406,Plein jour,Hors agglomération,Hors intersection,Normale,Autre collision,1,3,7,0,1,1,1,0,1,110,,1,0,0,0,1,52.0,,,,1,1,1,1,6
202100037545,2021-05-30 07:30:00,2021,5,30,7,30,91,91228,AUTOROUTE A6,48.62135,2.42416,Plein jour,Hors agglomération,Hors intersection,Normale,Deux véhicules - arrière,1,3,10,0,1,1,1,0,1,110,,2,1,0,0,1,66.0,39.0,,,1,1,1,1,2
202100037546,2021-05-30 01:00:00,2021,5,30,1,0,94,94003,AUTOROUTE A6B,48.8016451608,2.3434246537,Nuit avec éclairage allumé,Hors agglomération,Hors intersection,Normale,Autre collision,1,3,4,0,1,1,1,0,1,70,,1,0,0,0,1,40.0,,,,5,1,1,1,6
202100037547,2021-05-30 10:40:00,2021,5,30,10,40,78,78133,A13,48.892012,2.008921,Plein jour,Hors agglomération,Hors intersection,Normale,Trois véhicules et plus - en chaîne,1,-1,2,0,1,1,1,0,1,90,,4,2,0,0,2,28.0,22.0,,,1,1,1,1,4
202100037548,2021-05-30 21:00:00,2021,5,30,21,0,93,93063,AUTOROUTE A3,48.8735655467,2.4368776462,Plein jour,Hors agglomération,Hors intersection,Normale,Deux véhicules - côté,1,3,7,0,1,1,1,0,1,70,,2,1,0,0,1,27.0,,,,1,1,1,1,3
202100037549,2021-05-30 18:30:00,2021,5,30,18,30,93,93005,AUTOROUTE A1,48.9578,2.46266,Plein jour,Hors agglomération,Hors intersection,Normale,Deux véhicules - arrière,1,3,8,0,1,1,1,0,1,110,,2,1,0,0,1,28.0,49.0,,,1,1,1,1,2
202100037550,2021-05-29 19:10:00,2021,5,29,19,10,93,93005,AUTOROUTE A1,48.96098,2.4689,Plein jour,Hors agglomération,Hors intersection,Normale,Deux véhicules - arrière,1,3,7,0,1,1,1,0,1,110,,3,1,0,0,2,30.0,30.0,,,1,1,1,1,2
202100037551,2021-05-29 20:00:00,2021,5,29,20,0,77,77146,A4.W,48.83204,2.65147,Plein jour,Hors agglomération,Hors intersection,Normale,Autre collision,1,-1,4,0,1,1,1,0,1,110,,4,2,0,0,2,32.0,33.0,,,1,1,1,1,6
202100037552,2021-05-29 15:10:00,2021,5,29,15,10,64,64445,JEAN MERMOZ,43.3226,-0.37957,Plein jour,En agglomération,Hors intersection,Normale,Autre collision,4,2,2,0,1,1,1,0,1,50,,2,1,0,0,1,72.0,,,,1,2,1,1,6
202100037553,2021-05-29 19:55:00,2021,5,29,19,55,54,54274,DELIBES (RUE LEO),48.6728200336,6.2090339303,Plein jour,En agglomération,Hors intersection,Normale,Autre collision,4,1,1,0,1,1,1,0,1,50,,2,1,0,0,1,43.0,,,,1,2,1,1,6
202100037554,2021-05-29 16:20:00,2021,5,29,16,20,37,37261,GRAMMONT (AVENUE DE),47.3849891069,0.6909723804,Plein jour,En agglomération,Hors intersection,Normale,Autre collision,4,2,6,0,1,1,1,0,1,50,,2,1,0,1,0,22.0,,,,1,2,1,1,6
202100037555,2021-05-29 15:58:00,2021,5,29,15,58,32,32013,PAUL VERLAINE,43.66663,0.59048,Plein jour,En agglomération,Hors intersection,Normale,Sans collision,4,2,1,0,1,1,1,9,8,50,,2,1,0,1,0,53.0,,,,1,2,1,1,7
202100037556,2021-05-28 17:10:00,2021,5,28,17,10,93,93051,Avenue Médéric,48.83016,2.58352,Plein jour,En agglomération,Hors intersection,Normale,Autre collision,3,2,2,0,1,1,1,0,1,50,,2,1,0,0,1,45.0,,,,1,2,1,1,6
202100037557,2021-05-30 05:02:00,2021,5,30,5,2,988,98818,RUE GABRIEL BUSIAU/RUE MARCEL KOLLEN,-22.2954,166.44269,Nuit avec éclairage allumé,En agglomération,Intersection en T,Pluie forte,Autre collision,4,2,2,0,1,1,2,0,1,50,,2,0,0,0,2,26.0,,,,5,2,3,3,6
202100037558,2021-05-29 17:52:00,2021,5,29,17,52,973,97302,14 ET 22 JUIN 1962,4.9351379707,-52.3273974979,Plein jour,En agglomération,Hors intersection,Normale,Autre collision,4,2,2,0,1,1,1,0,1,50,,3,2,0,0,1,45.0,32.0,,,1,2,1,1,6
202100037559,2021-05-29 10:00:00,2021,5,29,10,0,973,97302,CATAYEE (JUSTIN),4.93155,-52.3265,Plein jour,En agglomération,Hors intersection,Normale,Deux véhicules - frontale,3,2,1,0,1,1,1,0,1,50,,2,0,0,0,2,62.0,22.0,,,1,2,1,1,1
202100037560,2021-05-29 22:00:00,2021,5,29,22,0,69,69387,GUILLOTIERE (DE LA)                 (GR),45.74724,4.85883,Nuit avec éclairage allumé,En agglomération,Intersection en X,Normale,Deux véhicules - côté,4,1,3,1,1,1,1,5,1,50,,3,0,0,0,3,43.0,25.0,,,5,2,2,1,3
202100037561,2021-05-29 18:45:00,2021,5,29,18,45,69,69387,SEBASTIEN GRYPHE (R),45.7524,4.84436,Plein jour,En agglomération,Intersection en X,Normale,Deux véhicules - côté,4,1,1,2,1,1,1,0,1,50,,2,1,0,0,1,25.0,35.0,,,1,2,2,1,3
202100037562,2021-05-29 16:15:00,2021,5,29,16,15,69,69387,JEAN JAURES                         (AV),45.73744,4.83726,Plein jour,En agglomération,Intersection en X,Normale,Deux véhicules - côté,4,2,3,0,1,1,1,5,1,50,,2,1,0,0,1,30.0,61.0,,,1,2,2,1,3