accident_id,datetime,annee,mois,jour,heure,minute,departement,commune_insee,adresse,latitude,longitude,luminosite,agglomeration,intersection,meteo,collision,catr,circ,nbv,vosp,prof,plan,surf,infra,situ,vma,nb_vehicules,nb_usagers,nb_indemnes,nb_tues,nb_blesses_hosp,nb_blesses_legers,age_cond_1,age_cond_2,veh_type_cond_1,veh_type_cond_2,lum_code,agg_code,int_code,atm_code,col_code
202100037563,2021-05-29 12:45:00,2021,5,29,12,45,69,69387,JEAN MACE                           (PL),45.7462963058,4.8419671655,Plein jour,En agglomération,Hors intersection,Normale,Autre collision,4,1,1,0,1,1,1,9,1,50,,2,1,0,0,1,25.0,,,,1,2,1,1,6
202100037564,2021-05-29 09:45:00,2021,5,29,9,45,69,69149,EMILE ZOLA                          (BD),45.71983,4.79881,Plein jour,En agglomération,Intersection en T,Normale,Sans collision,7,2,2,0,1,1,1,0,1,50,,2,1,0,1,0,70.0,55.0,,,1,2,3,1,7
202100037565,2021-05-28 13:10:00,2021,5,28,13,10,69,69389,ST CYR (DE) (R),45.7865,4.80818,Plein jour,En agglomération,Hors intersection,Normale,Deux véhicules - côté,4,2,5,3,1,1,1,8,1,50,,2,1,0,0,1,27.0,32.0,,,1,2,1,1,3
202100037566,2021-05-28 19:20:00,2021,5,28,19,20,91,91570,ACACIAS (ALLEE DES),48.63816,2.31255,Plein jour,En agglomération,Intersection à plus de 4 branches,Normale,Deux véhicules - côté,3,2,0,0,3,1,1,0,1,50,,2,1,0,0,1,28.0,25.0,,,1,2,5,1,3
202100037567,2021-05-30 01:00:00,2021,5,30,1,0,91,91421,NATIONALE 6 (PARTIE FORET),48.68329,2.49018,Nuit avec éclairage allumé,En agglomération,Place,Normale,Deux véhicules - côté,2,2,4,0,1,1,1,0,1,50,,3,1,0,0,2,,26.0,,,5,2,7,1,3
202100037568,2021-05-28 18:40:00,2021,5,28,18,40,91,91223,RUE DU LT COLONEL ARNAUD BELTRAME,48.44576,2.13798,Plein jour,Hors agglomération,Hors intersection,Normale,Sans collision,4,2,2,0,2,3,1,0,1,70,,1,0,0,0,1,24.0,,,,1,1,1,1,7
202100037569,2021-05-29 18:50:00,2021,5,29,18,50,83,83069,BEAUREGARD (AV ANDREE-DAVID DE ),43.1176671916,6.1242836723,Plein jour,En agglomération,Hors intersection,Normale,Autre collision,4,2,2,0,1,1,1,0,1,50,,2,1,0,0,1,68.0,,,,1,2,1,1,6
202100037570,2021-05-28 18:20:00,2021,5,28,18,20,83,83034,1ERE DFL (AVENUE),43.092771,6.074657,Plein jour,En agglomération,Hors intersection,Normale,Deux véhicules - arrière,7,2,2,0,1,1,1,0,1,50,,4,1,0,0,3,19.0,33.0,,,1,2,1,1,2
202100037571,2021-05-29 19:45:00,2021,5,29,19,45,79,79191,137 Avenue de Paris,46.32681,-0.45049,Plein jour,En agglomération,Intersection en T,Normale,Deux véhicules - côté,4,2,4,3,2,1,1,-1,1,50,,3,1,0,0,2,22.0,58.0,,,1,2,3,1,3
202100037572,2021-05-29 11:30:00,2021,5,29,11,30,78,78350,CONTI (QUAI),48.872872,2.121617,Plein jour,En agglomération,Hors intersection,Normale,Deux véhicules - arrière,3,1,2,0,1,1,1,0,1,50,,2,1,0,0,1,34.0,61.0,,,1,2,1,1,2
202100037573,2021-05-29 21:15:00,2021,5,29,21,15,76,76575,CPAM (RUE LAZARE CARNOT),49.38103,1.10745,Plein jour,En agglomération,Intersection en X,Normale,Deux véhicules - côté,4,1,2,0,1,1,1,0,1,50,,5,1,0,2,2,37.0,30.0,,,1,2,2,1,3
202100037574,2021-05-29 09:50:00,2021,5,29,9,50,76,76565,RD 915,49.88892,1.08401,Plein jour,Hors agglomération,Intersection en T,Normale,Deux véhicules - arrière,3,-1,2,0,1,1,1,5,1,80,,4,3,0,0,1,55.0,57.0,,,1,1,3,1,2
202100037575,2021-05-29 23:52:00,2021,5,29,23,52,72,72181,PIED SEC (RUE DE),47.98385,0.20336,Nuit avec éclairage allumé,En agglomération,Hors intersection,Normale,Autre collision,4,2,2,0,2,1,1,0,1,50,,1,0,1,0,0,31.0,,,,5,2,1,1,6
202100037576,2021-05-29 12:30:00,2021,5,29,12,30,72,72181,BOLLEE (AV) N° IMP 65 A 199,47.99862,0.21357,Plein jour,En agglomération,Hors intersection,Normale,Deux véhicules - côté,4,2,3,2,1,3,1,0,1,50,,2,1,0,0,1,71.0,34.0,,,1,2,1,1,3
202100037577,2021-05-29 14:50:00,2021,5,29,14,50,71,71486,RD 974,46.64438,4.33302,Plein jour,Hors agglomération,Hors intersection,Normale,Deux véhicules - côté,3,2,2,0,1,4,1,0,1,50,,2,1,0,0,1,55.0,27.0,,,1,1,1,1,3
202100037578,2021-05-29 20:55:00,2021,5,29,20,55,69,69290,D318,45.70344,4.91467,Crépuscule ou aube,En agglomération,Intersection en T,Normale,Trois véhicules et plus - en chaîne,7,2,4,0,1,1,1,0,1,70,,3,2,0,0,1,33.0,31.0,,,2,2,3,1,4
202100037579,2021-05-28 19:45:00,2021,5,28,19,45,69,69256,CONDORCET (R),45.77842,4.91876,Plein jour,En agglomération,Hors intersection,Normale,Deux véhicules - côté,4,2,2,0,1,1,1,0,4,50,,2,1,0,0,1,12.0,35.0,,,1,2,1,1,3
202100037580,2021-05-28 17:45:00,2021,5,28,17,45,69,69256,EMILE ZOLA (R),45.77745,4.91919,Plein jour,En agglomération,Hors intersection,Normale,Autre collision,4,2,4,3,1,1,1,0,1,50,,2,1,0,1,0,26.0,,,,1,2,1,1,6
202100037581,2021-05-29 20:50:00,2021,5,29,20,50,64,64132,GEORGES CLEMENCEAU,43.28736,-0.35129,Crépuscule ou aube,En agglomération,Intersection en T,Normale,Deux véhicules - côté,4,2,2,0,1,1,1,0,1,50,,4,3,0,0,1,25.0,41.0,,,2,2,3,1,3
202100037582,2021-05-29 18:30:00,2021,5,29,18,30,64,64445,CORPS FRANC POMMIES DU,43.30721,-0.33611,Plein jour,En agglomération,Hors intersection,Normale,Deux véhicules - frontale,4,2,2,0,1,1,1,0,1,30,,4,0,0,1,3,85.0,26.0,,,1,2,1,1,1
202100037583,2021-05-29 13:00:00,2021,5,29,13,0,64,64102,ALLEES MARINES (AVENUE DES),43.49933,-1.48921,Plein jour,En agglomération,Autre intersection,Normale,Deux véhicules - côté,4,2,2,0,1,1,1,0,1,50,,2,1,0,1,0,29.0,54.0,,,1,2,9,1,3
202100037584,2021-05-27 16:15:00,2021,5,27,16,15,63,63113,TORPILLEUR SIROCCO (RUE DU),45.80586,3.10672,Plein jour,En agglomération,Passage à niveau,Normale,Deux véhicules - côté,4,2,2,0,1,1,1,4,1,50,,2,1,0,0,1,50.0,48.0,,,1,2,8,1,3
202100037585,2021-05-29 19:05:00,2021,5,29,19,5,57,57463,PARIS (RUE DE ),49.12512,6.16448,Plein jour,En agglomération,Intersection en X,Normale,Deux véhicules - frontale,4,3,3,0,1,1,1,0,1,50,,7,1,0,2,4,22.0,43.0,,,1,2,2,1,1
202100037586,2021-05-18 10:30:00,2021,5,18,10,30,57,57606,LORRAINE (BOULEVARD DE),49.10521,6.7066,Plein jour,En agglomération,Hors intersection,Normale,Autre collision,4,3,4,0,1,1,1,0,1,50,,2,1,0,1,0,79.0,,,,1,2,1,1,6
202100037587,2021-05-29 17:03:00,2021,5,29,17,3,54,54395,POINCARE (RUE RAYMOND 1-29-2-30),48.6900441761,6.1718239893,Plein jour,En agglomération,Hors intersection,Normale,Deux véhicules - côté,7,1,3,0,1,1,1,0,1,50,,3,2,0,0,1,47.0,,,,1,2,1,1,3
202100037588,2021-05-29 12:43:00,2021,5,29,12,43,54,54395,ARC (RUE JEANNE D') N° 177-190 A FIN,48.6794860433,6.1762046505,Plein jour,En agglomération,Hors intersection,Normale,Deux véhicules - côté,4,1,3,0,1,1,1,0,1,50,,3,2,0,0,1,31.0,53.0,,,1,2,1,1,3
202100037589,2021-05-28 21:00:00,2021,5,28,21,0,51,51454,Rue de Betheny,49.265362539,4.0447905681,Plein jour,En agglomération,Intersection en T,Normale,Deux véhicules - frontale,3,2,2,0,2,1,1,0,1,50,,3,2,0,1,0,24.0,32.0,,,1,2,3,1,1
202100037590,2021-05-29 19:16:00,2021,5,29,19,16,37,37214,DE GAULLE (BD CHARLES),47.4115415477,0.6755753607,Plein jour,En agglomération,Intersection en X,Normale,Autre collision,4,2,4,1,1,1,1,5,1,50,,3,2,0,0,1,57.0,30.0,,,1,2,2,1,6
202100037591,2021-05-29 19:30:00,2021,5,29,19,30,37,37261,DANEMARK (AVENUE DU),47.4304138324,0.6731440723,Plein jour,En agglomération,Giratoire,Normale,Autre collision,7,1,2,0,1,2,1,5,1,50,,3,1,0,0,2,27.0,20.0,,,1,2,6,1,6
202100037592,2021-05-29 17:00:00,2021,5,29,17,0,33,33318,Rue André Pujol,44.80603,-0.63244,Plein jour,En agglomération,Intersection en X,Normale,Autre collision,4,2,2,0,2,1,2,5,1,50,,3,2,0,0,1,20.0,,,,1,2,2,1,6
202100037593,2021-05-29 16:30:00,2021,5,29,16,30,33,33063,Rue Esprit-des-Lois,44.843,-0.57326,Plein jour,En agglomération,Hors intersection,Pluie légère,Deux véhicules - côté,4,2,4,2,2,1,2,0,1,50,,2,1,0,0,1,51.0,28.0,,,1,2,1,2,3
202100037594,2021-05-29 13:35:00,2021,5,29,13,35,33,33063,Quai de Bacalan,44.860349,-0.553644,Plein jour,En agglomération,Intersection en X,Normale,Deux véhicules - côté,4,3,7,3,1,1,1,2,1,50,,4,3,0,0,1,21.0,47.0,,,1,2,2,1,3
202100037595,2021-05-29 12:00:00,2021,5,29,12,0,33,33529,RD 256,44.57765,-1.12991,Plein jour,Hors agglomération,Hors intersection,Normale,Sans collision,3,2,2,0,1,2,1,0,1,80,,1,0,0,0,1,28.0,,,,1,1,1,1,7
202100037596,2021-05-29 13:40:00,2021,5,29,13,40,25,25056,SIFFERT  AVENUE CHARLES,47.23996,6.01506,Plein jour,En agglomération,Autre intersection,Normale,Deux véhicules - côté,3,2,3,0,2,1,1,0,1,50,,2,1,0,0,1,17.0,49.0,,,1,2,9,1,3
202100037597,2021-05-29 17:00:00,2021,5,29,17,0,13,13212,BOUYALA D'ARNAUD (BOULEVARD),43.2968476834,5.4428048462,Plein jour,En agglomération,Hors intersection,Normale,Sans collision,4,2,2,0,1,1,1,0,1,30,,1,0,0,0,1,31.0,,,,1,2,1,1,7
202100037598,2021-05-26 10:30:00,2021,5,26,10,30,13,13201,BELGES (QUAI DES),43.2947,5.37459,Plein jour,En agglomération,Hors intersection,Normale,Deux véhicules - arrière,4,2,4,3,1,1,1,0,1,50,,3,1,0,0,2,67.0,40.0,,,1,2,1,1,2
202100037599,2021-05-28 11:05:00,2021,5,28,11,5,13,13212,LA FOURRAGERE (AVENUE),43.299205,5.430334,Plein jour,En agglomération,Intersection en T,Normale,Deux véhicules - arrière,4,2,1,0,2,3,1,0,1,50,,5,1,0,0,4,32.0,44.0,,,1,2,3,1,2
202100037600,2021-05-29 06:40:00,2021,5,29,6,40,06,06069,Route de PLASCASSIER,43.652448,6.951861,Plein jour,Hors agglomération,Hors intersection,Normale,Sans collision,3,-1,2,0,1,1,1,0,2,50,,1,0,0,0,1,45.0,,,,1,1,1,1,7
202100037601,2021-05-29 19:40:00,2021,5,29,19,40,75,75116,PORTE DE PASSY,48.857246,2.258489,Plein jour,En agglomération,Hors intersection,Normale,Trois véhicules et plus - en chaîne,4,1,4,0,1,1,1,1,1,70,,3,2,0,0,1,85.0,51.0,,,1,2,1,1,4
202100037602,2021-05-29 17:45:00,2021,5,29,17,45,75,75116,ROUTE DE SURESNES,48.864346,2.235784,Plein jour,En agglomération,Intersection en Y,Normale,Deux véhicules - côté,4,2,4,0,1,1,1,0,1,50,,2,1,0,1,0,56.0,36.0,,,1,2,4,1,3
202100037603,2021-05-29 15:40:00,2021,5,29,15,40,75,75120,RUE BELGRAND,48.864663,2.404634,Plein jour,En agglomération,Intersection en X,Normale,Deux véhicules - côté,4,2,2,2,1,1,1,0,1,50,,2,1,0,0,1,,50.0,,,1,2,2,1,3
202100037604,2021-05-29 12:55:00,2021,5,29,12,55,75,75120,RUE BELGRAND,48.864683,2.404145,Plein jour,En agglomération,Intersection en X,Normale,Deux véhicules - côté,4,2,2,2,4,1,1,8,1,50,,3,1,0,0,2,29.0,69.0,,,1,2,2,1,3
202100037605,2021-05-29 08:30:00,2021,5,29,8,30,75,75120,RUE DE BELLEVILLE,48.874938,2.388925,Plein jour,En agglomération,Intersection en T,Normale,Deux véhicules - côté,4,2,1,1,2,1,1,0,1,30,,2,1,0,0,1,38.0,34.0,,,1,2,3,1,3
202100037606,2021-05-29 16:55:00,2021,5,29,16,55,75,75119,AVENUE DE FLANDRE,48.887347,2.372869,Plein jour,En agglomération,Intersection en T,Normale,Sans collision,4,2,4,3,1,1,1,0,6,50,,1,0,0,0,1,32.0,,,,1,2,3,1,7
202100037607,2021-05-29 11:45:00,2021,5,29,11,45,75,75119,RUE RIQUET,48.889696,2.368129,Plein jour,En agglomération,Intersection en X,Normale,Deux véhicules - côté,4,1,3,1,1,1,1,0,1,50,,2,0,0,0,2,20.0,33.0,,,1,2,2,1,3
202100037608,2021-05-29 10:15:00,2021,5,29,10,15,75,75119,RUE D AUBERVILLIERS,48.887331,2.367062,Plein jour,En agglomération,Intersection en T,Normale,Deux véhicules - côté,4,1,1,0,1,1,1,0,1,50,,2,1,0,0,1,32.0,41.0,,,1,2,3,1,3
202100037609,2021-05-29 16:30:00,2021,5,29,16,30,75,75117,RUE JOUFFROY D ABBANS,48.884551,2.306056,Plein jour,En agglomération,Hors intersection,Normale,Deux véhicules - côté,4,2,2,0,1,1,1,0,1,50,,2,1,0,0,1,38.0,25.0,,,1,2,1,1,3
202100037610,2021-05-29 11:30:00,2021,5,29,11,30,75,75117,AVENUE DE VILLIERS,48.885654,2.291603,Plein jour,En agglomération,Intersection en X,Normale,Deux véhicules - côté,4,2,2,0,1,3,1,5,1,50,,4,3,0,0,1,46.0,53.0,,,1,2,2,1,3
202100037611,2021-05-28 21:00:00,2021,5,28,21,0,75,75116,PLACE DU TROCADERO ET DU 11 NOVEMBRE,48.863922,2.290464,Nuit avec éclairage allumé,En agglomération,Place,Normale,Deux véhicules - côté,4,1,1,0,1,3,1,0,1,50,,3,2,0,0,1,34.0,21.0,,,5,2,7,1,3
202100037612,2021-05-28 16:50:00,2021,5,28,16,50,75,75116,ROUTE DE LA MUETTE A NEUILLY,48.864518,2.266512,Plein jour,En agglomération,Intersection en Y,Normale,Deux véhicules - frontale,4,1,1,0,1,2,1,0,1,50,,2,1,0,0,1,51.0,46.0,,,1,2,4,1,1
202100037613,2021-05-28 12:00:00,2021,5,28,12,0,75,75116,BOULEVARD LANNES,48.866892,2.271812,Plein jour,En agglomération,Intersection en T,Normale,Trois véhicules et plus - en chaîne,4,2,2,0,1,1,1,0,1,50,,4,3,0,0,1,46.0,50.0,,,1,2,3,1,4
202100037614,2021-05-28 22:55:00,2021,5,28,22,55,75,75115,QUAI BRANLY,48.854735,2.289025,Nuit avec éclairage allumé,En agglomération,Hors intersection,Normale,Autre collision,4,1,1,0,1,3,1,0,1,50,,2,0,0,0,2,28.0,,,,5,2,1,1,6
202100037615,2021-05-29 15:55:00,2021,5,29,15,55,75,75114,RUE DU SAINT GOTHARD,48.830201,2.334894,Plein jour,En agglomération,Intersection en X,Normale,Autre collision,4,1,1,0,1,1,1,0,1,50,,1,0,0,0,1,72.0,,,,1,2,2,1,6
202100037616,2021-05-28 22:30:00,2021,5,28,22,30,75,75114,AVENUE JEAN MOULIN,48.825966,2.322496,Nuit avec éclairage allumé,En agglomération,Hors intersection,Normale,Autre collision,4,1,2,0,1,1,1,0,1,50,,2,1,0,0,1,31.0,18.0,,,5,2,1,1,6
202100037617,2021-05-29 17:45:00,2021,5,29,17,45,75,75110,PLACE JACQUES BONSERGENT,48.871277,2.36055,Plein jour,En agglomération,Place,Normale,Trois véhicules et plus - collisions multiples,4,1,2,1,1,1,1,0,4,50,,4,1,0,0,3,57.0,55.0,,,1,2,7,1,5
202100037618,2021-05-29 13:44:00,2021,5,29,13,44,75,75108,AVENUE GEORGE V,48.868414,2.301166,Plein jour,En agglomération,Intersection en X,Normale,Deux véhicules - côté,4,2,2,0,1,1,1,0,1,50,,2,1,0,0,1,56.0,47.0,,,1,2,2,1,3
202100037619,2021-05-28 19:35:00,2021,5,28,19,35,75,75108,RUE JEAN MERMOZ,48.870213,2.31105,Plein jour,En agglomération,Intersection en X,Normale,Deux véhicules - côté,4,1,1,0,1,1,1,0,1,50,,2,1,0,0,1,48.0,20.0,,,1,2,2,1,3
202100037620,2021-05-29 09:50:00,2021,5,29,9,50,75,75107,BOULEVARD RASPAIL,48.85241,2.326574,Plein jour,En agglomération,Intersection en T,Normale,Autre collision,4,2,4,3,1,1,1,0,6,50,,2,1,0,0,1,61.0,,,,1,2,3,1,6
202100037621,2021-05-29 21:20:00,2021,5,29,21,20,75,75104,RUE DU RENARD,48.858039,2.351752,Nuit avec éclairage non allumé,En agglomération,Hors intersection,Normale,Deux véhicules - arrière,4,1,3,3,1,1,1,0,6,50,,2,1,0,0,1,31.0,28.0,,,4,2,1,1,2
202100037622,2021-05-29 18:00:00,2021,5,29,18,0,75,75101,BOULEVARD DE SEBASTOPOL,48.862471,2.350441,Plein jour,En agglomération,Intersection en T,Normale,Sans collision,4,2,5,1,1,1,1,0,5,50,,1,0,0,0,1,31.0,,,,1,2,3,1,7
202100037623,2021-05-29 15:30:00,2021,5,29,15,30,75,75102,BOULEVARD DE SEBASTOPOL,48.867032,2.352974,Plein jour,En agglomération,Intersection en X,Normale,Sans collision,4,2,4,1,1,1,1,0,5,50,,1,0,0,0,1,50.0,,,,1,2,2,1,7
202100037624,2021-05-29 11:00:00,2021,5,29,11,0,94,94041,JEAN COMPAGNON (QU),48.81958,2.39805,Plein jour,En agglomération,Intersection en X,Normale,Deux véhicules - côté,3,4,2,1,2,1,1,2,1,50,,2,1,0,0,1,53.0,29.0,,,1,2,2,1,3
202100037625,2021-05-29 18:15:00,2021,5,29,18,15,94,94011,Avenue de Boissy,48.761215158,2.4966752529,Plein jour,En agglomération,Hors intersection,Normale,Autre collision,2,3,4,0,1,1,1,0,1,90,,2,0,0,0,2,21.0,,,,1,2,1,1,6
202100037626,2021-05-29 19:50:00,2021,5,29,19,50,94,94077,PAUL PAINLEVE (AV),48.74045,2.42511,Plein jour,En agglomération,Intersection en X,Normale,Deux véhicules - côté,4,2,2,0,1,1,1,0,1,50,,3,2,0,1,0,25.0,49.0,,,1,2,2,1,3
202100037627,2021-05-29 15:45:00,2021,5,29,15,45,94,94022,Pont de l'Appel du 18 juin 1940,48.76685,2.41418,Plein jour,En agglomération,Hors intersection,Normale,Deux véhicules - arrière,3,1,1,0,2,1,1,2,1,50,,2,1,0,1,0,22.0,37.0,,,1,2,1,1,2
202100037628,2021-05-29 11:25:00,2021,5,29,11,25,94,94017,Rue Louis Talamoni,48.813809,2.510263,Plein jour,En agglomération,Intersection en T,Normale,Autre collision,3,3,4,0,1,1,1,9,8,50,,2,1,0,0,1,45.0,,,,1,2,3,1,6
202100037629,2021-05-29 10:45:00,2021,5,29,10,45,94,94071,Route de Bonneuil,48.77051,2.5058,Plein jour,En agglomération,Intersection en T,Normale,Deux véhicules - côté,4,2,2,0,1,1,1,0,1,50,,2,1,0,0,1,49.0,28.0,,,1,2,3,1,3
202100037630,2021-05-28 21:00:00,2021,5,28,21,0,94,94002,LOUIS BLANC (R),48.80629,2.4185,Crépuscule ou aube,En agglomération,Intersection en T,Normale,Deux véhicules - côté,4,1,2,0,1,1,1,0,1,30,,2,1,0,0,1,19.0,27.0,,,2,2,3,1,3
202100037631,2021-05-29 15:45:00,2021,5,29,15,45,93,93078,NATIONS (AVENUE DES),48.97455,2.50893,Plein jour,En agglomération,Giratoire,Normale,Deux véhicules - côté,3,1,1,0,1,1,1,5,1,50,,3,2,0,0,1,41.0,24.0,,,1,2,6,1,3
202100037632,2021-05-29 14:33:00,2021,5,29,14,33,93,93073,Rue de Normandie / Avenue Pierre Colongo,48.93984,2.58802,Plein jour,En agglomération,Intersection en X,Normale,Deux véhicules - frontale,4,2,2,0,1,1,1,0,1,50,,2,1,0,0,1,71.0,23.0,,,1,2,2,1,1
202100037633,2021-05-29 19:50:00,2021,5,29,19,50,93,93066,Rue Pasteur / Rue d’Andilly,48.94213,2.377094,Plein jour,En agglomération,Intersection en X,Normale,Trois véhicules et plus - collisions multiples,4,2,2,0,1,1,1,0,1,50,,3,2,0,0,1,58.0,36.0,,,1,2,2,1,5
202100037634,2021-05-29 08:50:00,2021,5,29,8,50,93,93051,MONT D'EST (BD),48.83765,2.54326,Plein jour,En agglomération,Autre intersection,Normale,Deux véhicules - frontale,4,1,2,0,1,1,1,0,1,50,,2,1,0,0,1,91.0,30.0,,,1,2,9,1,1
202100037635,2021-05-29 16:15:00,2021,5,29,16,15,93,93048,Boulevard de la Boissière,48.8769139428,2.4648749828,Plein jour,En agglomération,Hors intersection,Normale,Autre collision,3,2,2,0,1,1,1,0,1,30,,2,1,0,0,1,62.0,,,,1,2,1,1,6
202100037636,2021-05-29 08:15:00,2021,5,29,8,15,93,93046,PAUL DUPONT AVENUE,48.9090724891,2.5217378139,Plein jour,En agglomération,Intersection en T,Normale,Trois véhicules et plus - collisions multiples,4,1,1,0,1,1,1,0,1,50,,3,2,0,0,1,23.0,25.0,,,1,2,3,1,5
202100037637,2021-05-29 19:00:00,2021,5,29,19,0,93,93063,Boulevard Edouard Branly / Rue Alexandre Dumas,48.87653,2.44114,Plein jour,En agglomération,Giratoire,Normale,Autre collision,3,3,4,0,1,1,1,0,1,50,,2,1,0,0,1,57.0,,,,1,2,6,1,6
202100037638,2021-05-29 02:30:00,2021,5,29,2,30,93,93032,Avenue Vaillant Couturier / Rue du Chemin de Fer,48.87691,2.54921,Nuit avec éclairage allumé,En agglomération,Intersection en X,Normale,Deux véhicules - frontale,3,3,4,0,1,3,1,0,1,50,,3,1,0,0,2,23.0,20.0,,,5,2,2,1,1
202100037639,2021-05-29 10:57:00,2021,5,29,10,57,93,93031,Avenue Galliéni,48.96371,2.297959,Plein jour,En agglomération,Hors intersection,Normale,Trois véhicules et plus - en chaîne,4,2,2,0,1,1,1,0,1,50,,5,1,0,0,4,49.0,43.0,,,1,2,1,1,4
202100037640,2021-05-30 13:30:00,2021,5,30,13,30,37,37082,Les Gascogneries,47.4048331443,0.2240717411,Plein jour,Hors agglomération,Hors intersection,Normale,Autre collision,3,2,2,0,1,2,1,0,3,80,,1,0,0,0,1,42.0,,,,1,1,1,1,6
202100037641,2021-05-29 14:30:00,2021,5,29,14,30,2A,2A272,RT 40,41.616084,8.954716,Plein jour,Hors agglomération,Hors intersection,Normale,Sans collision,2,2,2,0,1,4,1,0,1,80,,1,0,0,1,0,17.0,,,,1,1,1,1,7
202100037642,2021-05-30 14:55:00,2021,5,30,14,55,91,91235,Av du Dr Louis Francois Fichez,48.641746,2.363069,Plein jour,En agglomération,Intersection en X,Normale,Deux véhicules - frontale,3,2,4,3,1,1,1,0,1,50,,3,0,0,0,3,27.0,37.0,,,1,2,2,1,1
202100037643,2021-05-28 19:04:00,2021,5,28,19,4,71,71521,D 980,46.54983,4.565088,Plein jour,Hors agglomération,Intersection en T,Normale,Deux véhicules - frontale,3,2,2,0,1,1,1,0,1,80,,3,1,0,2,0,56.0,53.0,,,1,1,3,1,1
202100037644,2021-05-30 11:30:00,2021,5,30,11,30,36,36093,92 Avenue du Général de Gaulle,46.973198,1.613758,Plein jour,En agglomération,Hors intersection,Normale,Autre collision,3,2,2,0,1,1,1,0,1,50,,2,1,1,0,0,38.0,,,,1,2,1,1,6
202100037645,2021-05-30 06:00:00,2021,5,30,6,0,69,69280,D6,45.801066,5.087984,Crépuscule ou aube,En agglomération,Hors intersection,Normale,Sans collision,3,2,1,0,1,3,1,0,3,50,,1,0,0,0,1,20.0,,,,2,2,1,1,7
202100037646,2021-05-28 17:55:00,2021,5,28,17,55,59,59462,Place Jean-Baptiste Coget,50.516995,3.017898,Plein jour,En agglomération,Giratoire,Normale,Deux véhicules - arrière,3,1,1,0,1,2,1,0,1,50,,2,1,0,1,0,85.0,53.0,,,1,2,6,1,2
202100037647,2021-05-29 17:30:00,2021,5,29,17,30,79,79150,Rue de l'Auvergne,46.137631,0.178431,Plein jour,En agglomération,Intersection en X,Normale,Deux véhicules - côté,3,2,2,0,1,1,1,0,1,50,,3,2,0,1,0,24.0,20.0,,,1,2,2,1,3
202100037648,2021-05-28 23:30:00,2021,5,28,23,30,72,72058,route du tertre,47.97791,0.301445,Nuit sans éclairage public,En agglomération,Hors intersection,Normale,Autre collision,4,2,2,0,1,1,1,0,1,80,,1,0,0,1,0,24.0,,,,3,2,1,1,6
202100037649,2021-05-28 13:50:00,2021,5,28,13,50,62,62490,Lattre-Saint-Quentin,50.311454,2.576981,Plein jour,Hors agglomération,Intersection en X,Normale,Deux véhicules - côté,4,-1,2,0,1,1,1,0,1,80,,2,0,0,1,1,52.0,55.0,,,1,1,2,1,3
202100037650,2021-05-28 09:10:00,2021,5,28,9,10,56,56168,Le Bégo D768,47.598878,-3.127252,Plein jour,Hors agglomération,Hors intersection,Normale,Deux véhicules - frontale,3,2,2,0,1,1,1,0,1,50,,2,0,1,0,1,43.0,48.0,,,1,1,1,1,1
202100037651,2021-05-29 21:45:00,2021,5,29,21,45,76,76709,12 Rue Amiral Courbet,49.482099,0.811557,Crépuscule ou aube,En agglomération,Hors intersection,Normale,Sans collision,4,2,2,0,2,1,1,0,1,50,,1,0,0,1,0,25.0,,,,2,2,1,1,7
202100037652,2021-05-29 15:33:00,2021,5,29,15,33,76,76360,rd 3,49.7461,1.11466,Plein jour,Hors agglomération,Hors intersection,Normale,Autre collision,3,2,2,0,1,2,1,0,3,80,,1,0,0,0,1,26.0,,,,1,1,1,1,6
202100037653,2021-05-29 18:40:00,2021,5,29,18,40,80,80815,Rue du Maréchal Leclerc,50.317004,1.763037,Plein jour,En agglomération,Hors intersection,Normale,Autre collision,3,2,2,0,1,1,1,0,1,50,,1,0,0,1,0,19.0,,,,1,2,1,1,6
202100037654,2021-05-30 06:45:00,2021,5,30,6,45,80,80799,D523,49.866711,2.487518,Plein jour,Hors agglomération,Hors intersection,Normale,Autre collision,3,2,2,0,2,4,1,0,3,80,,1,0,1,0,0,19.0,,,,1,1,1,1,6
202100037655,2021-05-29 15:45:00,2021,5,29,15,45,69,69070,LAC (DU) (R),46.0157661709,4.3767351356,Plein jour,En agglomération,Hors intersection,Normale,Deux véhicules - frontale,3,2,2,0,1,3,1,0,1,80,,3,2,0,1,0,20.0,84.0,,,1,2,1,1,1
202100037656,2021-05-29 23:45:00,2021,5,29,23,45,71,71015,Place de l Eglise,46.94927,4.404697,Nuit sans éclairage public,En agglomération,Hors intersection,Normale,Deux véhicules - frontale,3,2,2,0,1,2,1,0,1,50,,2,1,0,1,0,19.0,19.0,,,3,2,1,1,1
202100037657,2021-05-29 21:15:00,2021,5,29,21,15,63,63086,"CD 37, Pk 24",45.644851,3.630295,Crépuscule ou aube,Hors agglomération,Hors intersection,Normale,Deux véhicules - frontale,3,2,2,0,2,2,1,0,1,80,,4,0,0,1,3,25.0,23.0,,,2,1,1,1,1
202100037658,2021-05-30 18:40:00,2021,5,30,18,40,76,76207,Rue de la Hetraie,49.942549,1.373055,Plein jour,Hors agglomération,Hors intersection,Normale,Sans collision,3,2,2,0,1,3,1,0,1,80,,1,0,0,1,0,48.0,,,,1,1,1,1,7
202100037659,2021-05-26 09:45:00,2021,5,26,9,45,47,47195,Tauziete,44.1252940445,0.3041138652,Plein jour,Hors agglomération,Intersection en X,Normale,Deux véhicules - côté,3,2,2,0,1,1,1,9,1,80,,3,2,0,1,0,21.0,55.0,,,1,1,2,1,3