accident_id,datetime,annee,mois,jour,heure,minute,departement,commune_insee,adresse,latitude,longitude,luminosite,agglomeration,intersection,meteo,collision,catr,circ,nbv,vosp,prof,plan,surf,infra,situ,vma,nb_vehicules,nb_usagers,nb_indemnes,nb_tues,nb_blesses_hosp,nb_blesses_legers,age_cond_1,age_cond_2,veh_type_cond_1,veh_type_cond_2,lum_code,agg_code,int_code,atm_code,col_code
202100037660,2021-05-29 12:56:00,2021,5,29,12,56,34,34130,D909,43.501406,3.189297,Plein jour,Hors agglomération,Hors intersection,Normale,Trois véhicules et plus - collisions multiples,3,2,2,0,1,3,1,0,1,90,,9,5,0,1,3,59.0,58.0,,,1,1,1,1,5
202100037661,2021-05-29 20:45:00,2021,5,29,20,45,68,68338,D417,48.075685,7.297239,Crépuscule ou aube,Hors agglomération,Hors intersection,Normale,Deux véhicules - frontale,3,2,2,0,1,1,1,0,1,80,,2,0,0,1,1,24.0,54.0,,,2,1,1,1,1
202100037662,2021-05-29 19:30:00,2021,5,29,19,30,39,39350,34 Rue du Château d'Eau,47.035328,5.636379,Plein jour,Hors agglomération,Hors intersection,Normale,Deux véhicules - côté,3,2,2,0,4,1,1,0,1,80,,2,1,1,0,0,58.0,70.0,,,1,1,1,1,3
202100037663,2021-05-30 07:00:00,2021,5,30,7,0,29,29259,Route de Keradennec,48.695974,-4.007649,Plein jour,Hors agglomération,Hors intersection,Normale,Deux véhicules - frontale,4,2,2,0,1,1,1,0,1,50,,3,1,0,1,1,42.0,18.0,,,1,1,1,1,1
202100037664,2021-05-29 20:35:00,2021,5,29,20,35,29,29167,Le Moustoir Menez Ar Groas,47.996136,-4.254445,Plein jour,Hors agglomération,Intersection en T,Normale,Deux véhicules - côté,3,2,2,0,1,1,1,5,8,80,,3,0,0,1,2,42.0,22.0,,,1,1,3,1,3
202100037665,2021-05-30 13:00:00,2021,5,30,13,0,31,31375,D627 - Lieu dit laborie,43.223613,1.212595,Plein jour,Hors agglomération,Hors intersection,Normale,Autre collision,3,2,2,0,1,1,1,0,3,80,,1,0,1,0,0,68.0,,,,1,1,1,1,6
202100037666,2021-05-29 17:30:00,2021,5,29,17,30,31,31160,2 Chemin de la Gare,43.689982,1.269701,Plein jour,En agglomération,Hors intersection,Normale,Autre collision,4,2,2,0,2,1,1,0,1,50,,1,0,0,0,1,15.0,,,,1,2,1,1,6
202100037667,2021-05-29 14:30:00,2021,5,29,14,30,02,02321,rue du pont de pierre,49.832578,3.88974,Plein jour,En agglomération,Hors intersection,Normale,Autre collision,3,2,2,0,1,1,1,0,8,50,,1,0,0,1,0,22.0,,,,1,2,1,1,6
202100037668,2021-05-29 16:50:00,2021,5,29,16,50,03,03272,Lieu Dit Champ Villard,46.285127,3.593817,Plein jour,Hors agglomération,Hors intersection,Normale,Deux véhicules - frontale,4,2,2,0,1,3,1,0,1,90,,2,1,0,1,0,41.0,17.0,,,1,1,1,1,1
202100037669,2021-05-30 10:20:00,2021,5,30,10,20,58,58151,place de la victoire,46.889432,3.466404,Plein jour,En agglomération,Hors intersection,Normale,Autre collision,3,1,1,0,1,1,1,0,1,50,,2,1,0,0,1,86.0,,,,1,2,1,1,6
202100037670,2021-05-30 17:35:00,2021,5,30,17,35,72,72230,Route Cote de la Roche,47.845199,0.129797,Plein jour,Hors agglomération,Intersection en X,Normale,Deux véhicules - côté,3,2,2,0,1,1,1,0,1,80,,6,0,0,4,2,39.0,37.0,,,1,1,2,1,3
202100037671,2021-05-30 14:50:00,2021,5,30,14,50,83,83026,D13,43.452701,6.214185,Plein jour,Hors agglomération,Hors intersection,Normale,Trois véhicules et plus - collisions multiples,3,2,2,0,1,3,1,0,1,80,,5,2,1,1,1,75.0,61.0,,,1,1,1,1,5
202100037672,2021-05-30 04:20:00,2021,5,30,4,20,64,64233,départementale 41,43.567021,-0.262674,Nuit sans éclairage public,Hors agglomération,Hors intersection,Normale,Sans collision,3,2,2,0,1,1,1,0,1,80,,2,1,0,1,0,25.0,,,,3,1,1,1,7
202100037673,2021-05-30 13:10:00,2021,5,30,13,10,73,73298,D990/ D122 Rte Porte de Tarentaise,45.652748,6.437505,Plein jour,En agglomération,Giratoire,Normale,Deux véhicules - côté,3,2,2,0,1,2,1,5,1,50,,2,1,0,0,1,21.0,69.0,,,1,2,6,1,3
202100037674,2021-05-29 21:50:00,2021,5,29,21,50,36,36127,RD 940,46.585899,1.993418,Crépuscule ou aube,En agglomération,Hors intersection,Normale,Deux véhicules - arrière,3,2,2,0,2,2,1,0,1,50,,3,1,0,1,1,22.0,22.0,,,2,2,1,1,2
202100037675,2021-05-29 15:40:00,2021,5,29,15,40,07,07115,route départementale 4,44.477524,4.333312,Plein jour,Hors agglomération,Hors intersection,Normale,Autre collision,3,2,2,0,1,1,1,0,1,80,,3,1,0,2,0,45.0,27.0,,,1,1,1,1,6
202100037676,2021-05-29 18:00:00,2021,5,29,18,0,07,07130,Le Village,44.724052,4.005042,Plein jour,Hors agglomération,Hors intersection,Normale,Deux véhicules - côté,2,2,2,0,3,3,1,0,1,80,,2,1,0,0,1,56.0,50.0,,,1,1,1,1,3
202100037677,2021-05-28 17:40:00,2021,5,28,17,40,07,07278,Route du Moulinon,44.828559,4.600782,Plein jour,Hors agglomération,Hors intersection,Normale,Sans collision,4,2,1,0,2,1,1,0,3,80,,1,0,0,1,0,36.0,,,,1,1,1,1,7
202100037678,2021-05-30 08:08:00,2021,5,30,8,8,40,40058,RD 626 - PK 30 + 900,44.077612,-0.441835,Plein jour,Hors agglomération,Hors intersection,Normale,Sans collision,3,2,2,0,1,1,1,0,3,80,,2,0,0,2,0,19.0,,,,1,1,1,1,7
202100037679,2021-05-29 19:30:00,2021,5,29,19,30,04,04163,RD 518,44.109713,5.512197,Plein jour,Hors agglomération,Hors intersection,Normale,Autre collision,3,2,2,0,1,2,1,0,3,80,,1,0,0,1,0,71.0,,,,1,1,1,1,6
202100037680,2021-05-30 15:03:00,2021,5,30,15,3,04,04022,RN 85,43.960104,6.34296,Plein jour,Hors agglomération,Hors intersection,Normale,Autre collision,2,2,2,0,1,3,2,0,1,80,,1,0,0,1,0,19.0,,,,1,1,1,1,6
202100037681,2021-05-29 20:00:00,2021,5,29,20,0,23,23202,Vauves,46.017216,1.887481,Crépuscule ou aube,Hors agglomération,Hors intersection,Normale,Sans collision,3,2,2,0,2,2,1,0,8,90,,1,0,0,0,1,50.0,,,,2,1,1,1,7
202100037682,2021-05-29 17:20:00,2021,5,29,17,20,30,30094,D907,44.072201,3.955615,Plein jour,Hors agglomération,Hors intersection,Temps couvert,Deux véhicules - côté,3,2,2,0,2,1,1,0,1,80,,3,1,0,2,0,65.0,57.0,,,1,1,1,8,3
202100037683,2021-05-30 14:17:00,2021,5,30,14,17,48,48092,d809,44.568541,3.291762,Plein jour,Hors agglomération,Intersection en T,Normale,Deux véhicules - côté,3,2,2,0,1,2,1,0,1,90,,2,1,0,1,0,46.0,72.0,,,1,1,3,1,3
202100037684,2021-05-30 11:15:00,2021,5,30,11,15,08,08185,D8051,49.987663,4.678293,Plein jour,Hors agglomération,Hors intersection,Normale,Sans collision,3,2,2,0,2,2,1,0,3,80,,1,0,0,1,0,59.0,,,,1,1,1,1,7
202100037685,2021-05-29 19:00:00,2021,5,29,19,0,88,88238,30 Rue Jean Marulier,48.052595,6.113949,Plein jour,En agglomération,Hors intersection,Normale,Sans collision,3,2,2,0,1,2,1,0,8,50,,1,0,0,1,0,32.0,,,,1,2,1,1,7
202100037686,2021-05-30 11:20:00,2021,5,30,11,20,31,31220,"Point kilométrique 18+500, a66",43.308649,1.65141,Plein jour,Hors agglomération,Hors intersection,Normale,Sans collision,1,1,4,3,1,1,1,0,1,130,,2,0,0,2,0,63.0,,,,1,1,1,1,7
202100037687,2021-05-21 21:40:00,2021,5,21,21,40,06,06104,A8 PK 214.100 chaussée nord,43.760843,7.44607,Nuit sans éclairage public,Hors agglomération,Hors intersection,Brouillard / fumée,Deux véhicules - côté,1,1,4,0,2,3,1,0,1,110,,3,2,0,0,1,29.0,,,,3,1,1,5,3
202100037688,2021-05-29 22:20:00,2021,5,29,22,20,68,68278,15 Avenue Charles Zumstein,47.7650848066,7.390191257,Nuit avec éclairage allumé,En agglomération,Hors intersection,Normale,Autre collision,4,2,2,1,1,1,1,0,3,50,,1,0,0,0,1,19.0,,,,5,2,1,1,6
202100037689,2021-05-29 08:00:00,2021,5,29,8,0,974,97415,Rue du Général de Gaulle,-21.051046,55.22442,Plein jour,En agglomération,Hors intersection,Normale,Autre collision,4,2,2,0,1,1,1,9,1,50,,2,1,0,1,0,49.0,,,,1,2,1,1,6
202100037690,2021-05-28 19:20:00,2021,5,28,19,20,971,97102,Mahaudiere,16.443,-61.427007,Nuit sans éclairage public,Hors agglomération,Hors intersection,Normale,Deux véhicules - frontale,3,2,2,0,1,2,1,0,1,80,,7,3,0,0,4,27.0,30.0,,,3,1,1,1,1
202100037691,2021-05-28 09:30:00,2021,5,28,9,30,37,37236,Rue du Val de l’Amasse,47.4075170802,1.0454566777,Plein jour,En agglomération,Hors intersection,Normale,Deux véhicules - arrière,3,2,2,0,1,1,1,0,1,50,,2,1,0,1,0,37.0,85.0,,,1,2,1,1,2
202100037692,2021-05-21 20:44:00,2021,5,21,20,44,45,45144,D12 - PR 4+133,47.819192,2.129846,Plein jour,Hors agglomération,Hors intersection,Temps couvert,Autre collision,3,2,2,0,1,3,1,0,3,80,,1,0,0,1,0,28.0,,,,1,1,1,8,6
202100037693,2021-05-30 15:30:00,2021,5,30,15,30,77,77005,D45,48.922355,2.724202,Plein jour,Hors agglomération,Hors intersection,Normale,Deux véhicules - frontale,3,2,2,0,1,1,1,0,1,70,,6,5,0,0,1,44.0,16.0,,,1,1,1,1,1
202100037694,2021-05-30 07:50:00,2021,5,30,7,50,77,77183,Avenue du Capitaine Lahitte,48.939757,3.134639,Plein jour,En agglomération,Hors intersection,Normale,Autre collision,3,2,2,0,3,2,1,0,4,50,,3,2,0,0,1,37.0,,,,1,2,1,1,6
202100037695,2021-05-30 14:00:00,2021,5,30,14,0,2B,2B314,Casa à Casta,42.664561,9.211087,Plein jour,Hors agglomération,Hors intersection,Normale,Sans collision,3,2,2,0,2,2,1,0,1,80,,1,0,0,1,0,33.0,,,,1,1,1,1,7
202100037696,2021-05-30 01:00:00,2021,5,30,1,0,2A,2A288,D159,41.571159,9.185134,Nuit sans éclairage public,Hors agglomération,Hors intersection,Normale,Autre collision,3,2,2,0,1,3,1,2,1,50,,2,0,0,1,1,25.0,,,,3,1,1,1,6
202100037697,2021-05-30 10:30:00,2021,5,30,10,30,34,34045,D124,43.558256,3.380032,Plein jour,Hors agglomération,Hors intersection,Normale,Sans collision,3,2,2,0,1,2,1,0,3,80,,1,0,0,1,0,41.0,,,,1,1,1,1,7
202100037698,2021-05-29 17:45:00,2021,5,29,17,45,83,83068,Route du Littoral,43.286006,6.599522,Plein jour,En agglomération,Hors intersection,Normale,Deux véhicules - côté,3,2,2,0,1,1,1,0,1,70,,2,1,0,1,0,21.0,53.0,,,1,2,1,1,3
202100037699,2021-05-25 16:00:00,2021,5,25,16,0,13,13023,Route du Caunet,43.226061,5.64846,Plein jour,Hors agglomération,Hors intersection,Normale,Deux véhicules - frontale,7,2,2,0,2,2,1,0,3,-1,,1,0,0,1,0,22.0,,,,1,1,1,1,1
202100037700,2021-05-29 10:40:00,2021,5,29,10,40,25,25047,Avenue du President Kennedy,47.351043,6.348274,Plein jour,En agglomération,Hors intersection,Normale,Autre collision,3,2,2,0,1,1,1,0,4,50,,1,0,0,1,0,49.0,,,,1,2,1,1,6
202100037701,2021-05-29 15:00:00,2021,5,29,15,0,68,68171,D27,47.943462,6.980092,Plein jour,Hors agglomération,Hors intersection,Normale,Deux véhicules - côté,3,2,2,0,2,1,1,0,1,80,,2,1,0,1,0,33.0,43.0,,,1,1,1,1,3
202100037702,2021-05-29 10:10:00,2021,5,29,10,10,68,68246,D468,47.989058,7.535849,Plein jour,Hors agglomération,Hors intersection,Normale,Deux véhicules - frontale,3,2,2,0,1,1,1,0,1,80,,3,2,0,0,1,40.0,34.0,,,1,1,1,1,1
202100037703,2021-05-30 15:00:00,2021,5,30,15,0,26,26313,7 Rue des Cevennes,44.973971,4.94933,Plein jour,En agglomération,Hors intersection,Normale,Sans collision,4,2,2,0,1,3,1,0,1,50,,1,0,0,1,0,19.0,,,,1,2,1,1,7
202100037704,2021-05-29 19:50:00,2021,5,29,19,50,26,26313,82 Avenue de Provence,44.971083,4.955488,Crépuscule ou aube,En agglomération,Hors intersection,Normale,Deux véhicules - côté,3,2,2,0,1,1,1,0,1,50,,2,1,0,1,0,42.0,33.0,,,2,2,1,1,3
202100037705,2021-05-30 10:00:00,2021,5,30,10,0,26,26016,Route de Gap,44.383455,5.171793,Plein jour,Hors agglomération,Hors intersection,Normale,Autre collision,3,2,2,0,1,2,1,0,3,80,,1,0,0,1,0,43.0,,,,1,1,1,1,6
202100037706,2021-05-30 10:20:00,2021,5,30,10,20,26,26235, 4 RUE DU LAC,44.368236,4.706451,Plein jour,En agglomération,Hors intersection,Normale,Deux véhicules - côté,4,2,2,1,1,1,1,0,1,50,,2,1,0,1,0,27.0,42.0,,,1,2,1,1,3
202100037707,2021-05-23 19:30:00,2021,5,23,19,30,16,16138,14 Rue Nouvelle,45.667965,0.094521,Crépuscule ou aube,En agglomération,Intersection en X,Normale,Deux véhicules - côté,3,2,2,0,2,1,1,0,1,50,,3,1,0,2,0,37.0,89.0,,,2,2,2,1,3
202100037708,2021-05-30 09:26:00,2021,5,30,9,26,22,22168,Rue de Pleumeur-bodou,48.804722,-3.474619,Plein jour,En agglomération,Hors intersection,Normale,Sans collision,4,2,2,0,1,1,1,0,8,50,,1,0,1,0,0,58.0,,,,1,2,1,1,7
202100037709,2021-05-30 16:50:00,2021,5,30,16,50,27,27517,CD316,49.124219,1.310441,Plein jour,Hors agglomération,Hors intersection,Normale,Deux véhicules - côté,3,2,2,0,1,3,1,0,1,80,,4,1,0,0,3,45.0,35.0,,,1,1,1,1,3
202100037710,2021-05-30 06:45:00,2021,5,30,6,45,76,76657,Route Industrielle,49.484302,0.357487,Plein jour,Hors agglomération,Intersection en X,Normale,Deux véhicules - côté,1,1,1,0,2,1,1,3,1,70,,2,1,0,0,1,42.0,36.0,,,1,1,2,1,3
202100037711,2021-05-30 14:40:00,2021,5,30,14,40,80,80220,pk 13 D935,49.665545,2.562861,Plein jour,Hors agglomération,Intersection en T,Normale,Deux véhicules - côté,3,3,2,0,1,1,1,0,8,80,,2,0,0,1,1,17.0,16.0,,,1,1,3,1,3
202100037712,2021-05-30 02:10:00,2021,5,30,2,10,59,59412,29 Chaussée Brunehaut,50.121111,3.542506,Nuit avec éclairage allumé,En agglomération,Hors intersection,Normale,Autre collision,3,2,2,0,2,3,1,0,1,50,,1,0,1,0,0,32.0,,,,5,2,1,1,6
202100037713,2021-05-29 21:15:00,2021,5,29,21,15,13,13203,A7-Sens Marseille vers Lyon,43.31741,5.3773,Nuit sans éclairage public,Hors agglomération,Hors intersection,Normale,Deux véhicules - arrière,1,3,2,0,1,1,1,0,1,90,,2,1,0,0,1,25.0,55.0,,,3,1,1,1,2
202100037714,2021-05-29 13:25:00,2021,5,29,13,25,13,13202,Tunnel Joliette Marseille vers Aubagne,43.3020414187,5.3644457235,Plein jour,Hors agglomération,Hors intersection,Normale,Deux véhicules - arrière,9,1,2,0,1,3,1,1,1,70,,2,1,0,0,1,31.0,63.0,,,1,1,1,1,2
202100037715,2021-05-28 17:13:00,2021,5,28,17,13,13,13070,A50-Sens Aubagne vers Marseille,43.285962,5.511486,Plein jour,Hors agglomération,Hors intersection,Normale,Deux véhicules - côté,1,3,3,0,1,1,1,0,2,90,,2,1,0,0,1,27.0,19.0,,,1,1,1,1,3
202100037716,2021-05-29 01:45:00,2021,5,29,1,45,13,13055,A507 sens Marseille - Aubagne,43.32992,5.393003,Nuit avec éclairage allumé,Hors agglomération,Hors intersection,Normale,Deux véhicules - arrière,1,4,3,0,3,1,1,9,1,50,,2,0,0,0,2,30.0,24.0,,,5,1,1,1,2
202100037717,2021-05-20 18:50:00,2021,5,20,18,50,69,69286,A46 ,45.8087501766,4.9182754755,Plein jour,Hors agglomération,Hors intersection,Normale,Trois véhicules et plus - en chaîne,1,3,3,0,2,1,1,2,1,90,,5,3,0,1,1,23.0,77.0,,,1,1,1,1,4
202100037718,2021-05-29 15:30:00,2021,5,29,15,30,91,91161,AUTOROUTE A6,48.72139,2.31078,Plein jour,Hors agglomération,Hors intersection,Normale,Deux véhicules - côté,1,3,3,0,1,1,1,0,1,110,,2,1,0,0,1,37.0,38.0,,,1,1,1,1,3
202100037719,2021-05-29 12:05:00,2021,5,29,12,5,94,94021,AUTOROUTE A106,48.767116,2.343651,Plein jour,Hors agglomération,Hors intersection,Normale,Autre collision,1,1,2,0,1,1,1,0,1,90,,1,0,0,0,1,52.0,,,,1,1,1,1,6
202100037720,2021-05-29 17:05:00,2021,5,29,17,5,92,92064,A13,48.8395449611,2.2033800821,Plein jour,Hors agglomération,Hors intersection,Normale,Deux véhicules - arrière,1,3,6,0,1,1,1,0,1,70,,2,1,0,0,1,36.0,63.0,,,1,1,1,1,2
202100037721,2021-05-29 09:00:00,2021,5,29,9,0,93,93048,AUTOROUTE A86,48.86217,2.48331,Plein jour,Hors agglomération,Hors intersection,Normale,Autre collision,1,3,6,0,1,3,1,0,1,90,,1,0,0,0,1,19.0,,,,1,1,1,1,6
202100037722,2021-05-29 02:00:00,2021,5,29,2,0,95,95365,RN 104,49.06581,2.40576,Nuit sans éclairage public,Hors agglomération,Hors intersection,Normale,Autre collision,2,3,6,0,1,2,1,0,1,50,,1,0,0,1,0,27.0,,,,3,1,1,1,6
202100037723,2021-05-28 17:15:00,2021,5,28,17,15,93,93027,AUTOROUTE A86,48.92393,2.38736,Plein jour,Hors agglomération,Hors intersection,Normale,Trois véhicules et plus - en chaîne,1,3,8,0,1,1,1,0,1,90,,4,2,0,0,2,31.0,58.0,,,1,1,1,1,4
202100037724,2021-05-28 22:50:00,2021,5,28,22,50,77,77169,A4,48.83008,2.61078,Nuit sans éclairage public,Hors agglomération,Hors intersection,Normale,Autre collision,1,1,2,0,1,1,1,0,1,70,,1,0,0,0,1,20.0,,,,3,1,1,1,6
202100037725,2021-05-29 19:00:00,2021,5,29,19,0,77,77337,A4,48.830276399,2.612456049,Plein jour,Hors agglomération,Hors intersection,Normale,Autre collision,1,3,6,0,1,1,1,0,1,110,,2,1,0,0,1,28.0,26.0,,,1,1,1,1,6
202100037726,2021-05-28 21:30:00,2021,5,28,21,30,94,94028,A86 EXT,48.79629,2.44342,Nuit sans éclairage public,Hors agglomération,Hors intersection,Normale,Deux véhicules - côté,1,3,4,0,1,1,1,0,1,90,,2,1,0,0,1,29.0,62.0,,,3,1,1,1,3
202100037727,2021-05-28 17:00:00,2021,5,28,17,0,69,69382,CHARITE (DE LA) (R),45.7528611244,4.8315631896,Plein jour,En agglomération,Hors intersection,Normale,Autre collision,4,1,1,2,1,1,1,0,1,50,,2,0,0,0,2,45.0,,,,1,2,1,1,6
202100037728,2021-05-28 09:55:00,2021,5,28,9,55,73,73065,CHAMPAGNE (RUE DE),45.58926,5.91648,Plein jour,En agglomération,Hors intersection,Normale,Autre collision,4,2,2,0,1,1,1,0,1,50,,2,1,0,1,0,78.0,,,,1,2,1,1,6
202100037729,2021-05-28 13:30:00,2021,5,28,13,30,71,71076,SAINT HELENS (RUE DE ),46.79684,4.86413,Plein jour,En agglomération,Hors intersection,Normale,Autre collision,4,2,2,0,1,1,1,6,1,50,,2,1,0,0,1,50.0,,,,1,2,1,1,6
202100037730,2021-03-28 08:00:00,2021,3,28,8,0,84,84031,D942,44.047436,5.025572,Crépuscule ou aube,Hors agglomération,Hors intersection,Normale,Autre collision,3,3,4,0,1,1,1,0,1,80,,2,0,0,2,0,53.0,60.0,,,2,1,1,1,6
202100037731,2021-05-28 18:21:00,2021,5,28,18,21,988,98818,LAROQUE (PROMENADE ROGER),-22.3033,166.4348,Nuit avec éclairage allumé,En agglomération,Hors intersection,Normale,Sans collision,4,3,2,0,1,2,1,0,1,50,,2,1,0,0,1,16.0,,,,5,2,1,1,7
202100037732,2021-05-28 19:55:00,2021,5,28,19,55,976,97611,m'tsapere-Nationale 2 (route),-12.79381,45.21893,Nuit sans éclairage public,Hors agglomération,Hors intersection,Normale,Deux véhicules - arrière,2,2,2,0,1,1,1,0,1,50,,2,1,0,0,1,35.0,20.0,,,3,1,1,1,2
202100037733,2021-05-28 14:15:00,2021,5,28,14,15,974,97407,JEAN MOULIN (RUE) - RIV. DES GALETS,-20.95888,55.31743,Plein jour,En agglomération,Intersection en X,Normale,Deux véhicules - côté,4,2,2,0,1,1,1,5,1,50,,2,1,0,0,1,51.0,23.0,,,1,2,2,1,3
202100037734,2021-05-28 12:05:00,2021,5,28,12,5,973,97302,MANGO (CITE),4.9309192532,-52.3149572611,Plein jour,En agglomération,Hors intersection,Normale,Sans collision,4,-1,1,0,1,1,1,0,1,50,,1,0,0,0,1,18.0,,,,1,2,1,1,7
202100037735,2021-05-28 12:40:00,2021,5,28,12,40,973,97302,BADUEL (ROUTE DE),4.92817,-52.29285,Plein jour,En agglomération,Hors intersection,Normale,Deux véhicules - côté,3,2,2,2,1,1,1,0,5,50,,2,1,0,0,1,20.0,60.0,,,1,2,1,1,3
202100037736,2021-05-28 19:00:00,2021,5,28,19,0,69,69387,CLAUDE BERNARD (Q),45.75298,4.83783,Plein jour,En agglomération,Intersection en T,Normale,Deux véhicules - côté,4,1,3,1,1,1,1,0,1,50,,2,1,0,0,1,25.0,34.0,,,1,2,3,1,3
202100037737,2021-05-28 19:15:00,2021,5,28,19,15,69,69388,WAKATSUKI (R),45.733,4.86601,Plein jour,En agglomération,Intersection en X,Normale,Deux véhicules - côté,4,2,2,0,1,1,1,0,1,50,,2,1,0,0,1,33.0,20.0,,,1,2,2,1,3
202100037738,2021-05-28 17:50:00,2021,5,28,17,50,69,69259,VIENNE (DE) (RTE),45.7203854431,4.8543772101,Plein jour,En agglomération,Hors intersection,Normale,Autre collision,4,2,2,0,1,1,1,0,1,50,,2,1,0,0,1,47.0,,,,1,2,1,1,6
202100037739,2021-05-28 13:15:00,2021,5,28,13,15,69,69388,FRERES LUMIERE (DES)                (AV),45.74335,4.8743,Plein jour,En agglomération,Intersection en X,Normale,Trois véhicules et plus - collisions multiples,4,2,3,3,1,1,1,0,1,50,,3,2,0,0,1,74.0,30.0,,,1,2,2,1,5
202100037740,2021-05-28 08:50:00,2021,5,28,8,50,972,97209,RD 41 (ROCADE),14.61719,-61.07337,Plein jour,Hors agglomération,Hors intersection,Normale,Sans collision,3,1,4,0,1,1,1,0,1,50,,1,0,0,0,1,41.0,,,,1,1,1,1,7
202100037741,2021-05-27 02:00:00,2021,5,27,2,0,972,97209,CHATEAUBOEUF (ROUTE DE),14.62415,-61.04217,Nuit avec éclairage allumé,En agglomération,Hors intersection,Pluie légère,Sans collision,3,2,2,0,2,2,2,9,8,30,,1,0,0,0,1,25.0,,,,5,2,1,2,7
202100037742,2021-05-28 13:40:00,2021,5,28,13,40,69,69382,CHARLEMAGNE (CR),45.74146,4.81967,Plein jour,En agglomération,Intersection en T,Normale,Deux véhicules - côté,4,2,2,1,3,1,1,0,1,50,,3,1,0,0,2,33.0,32.0,,,1,2,3,1,3
202100037743,2021-05-27 08:55:00,2021,5,27,8,55,69,69381,ARBRE SEC (DE L') (R),45.7666,4.8355,Plein jour,En agglomération,Hors intersection,Normale,Autre collision,4,1,1,0,1,1,1,0,1,50,,2,1,0,0,1,52.0,,,,1,2,1,1,6
202100037744,2021-05-28 13:45:00,2021,5,28,13,45,971,97107,USINE (RUE DE L'),16.04946,-61.56614,Plein jour,En agglomération,Autre intersection,Normale,Deux véhicules - côté,4,-1,1,0,1,1,1,0,1,50,,2,1,0,0,1,34.0,60.0,,,1,2,9,1,3
202100037745,2021-05-29 23:00:00,2021,5,29,23,0,95,95585,RODIN (ALLEE AUGUSTE),48.97791,2.38531,Nuit avec éclairage allumé,En agglomération,Autre intersection,Normale,Deux véhicules - côté,4,2,2,0,1,1,1,0,1,50,,2,1,0,0,1,37.0,26.0,,,5,2,9,1,3
202100037746,2021-05-21 22:30:00,2021,5,21,22,30,95,95277,RD 970,48.9866752083,2.4597000065,Nuit avec éclairage allumé,En agglomération,Hors intersection,Normale,Autre collision,3,3,2,0,1,1,1,0,4,50,,1,0,0,0,1,31.0,,,,5,2,1,1,6
202100037747,2021-05-28 19:26:00,2021,5,28,19,26,91,91425,RTE D ORLEANS RN 20,48.64,2.27,Plein jour,Hors agglomération,Hors intersection,Normale,Trois véhicules et plus - collisions multiples,3,1,2,0,1,1,1,0,1,50,,3,2,0,1,0,33.0,57.0,,,1,1,1,1,5
202100037748,2021-05-27 19:55:00,2021,5,27,19,55,91,91692,BOURGOGNE (AVENUE DE),48.68387,2.17684,Plein jour,En agglomération,Autre intersection,Normale,Deux véhicules - côté,4,2,2,0,1,1,1,0,1,30,,4,3,0,0,1,23.0,23.0,,,1,2,9,1,3
202100037749,2021-05-27 18:20:00,2021,5,27,18,20,91,91223,RD 191,48.4365,2.164604,Plein jour,Hors agglomération,Hors intersection,Normale,Autre collision,3,2,2,0,1,1,1,0,1,90,,1,0,0,0,1,26.0,,,,1,1,1,1,6
202100037750,2021-05-28 12:14:00,2021,5,28,12,14,87,87085,BEAUBLANC (BOULEVARD DE),45.84739,1.24434,Plein jour,En agglomération,Intersection en T,Normale,Deux véhicules - côté,4,3,4,0,1,1,1,0,1,50,,2,1,0,1,0,43.0,42.0,,,1,2,3,1,3
202100037751,2021-05-27 19:11:00,2021,5,27,19,11,87,87065,BOISSEUIL (RUE DE),45.79076,1.30541,Plein jour,Hors agglomération,Intersection en X,Normale,Deux véhicules - frontale,3,2,2,0,2,1,1,0,1,80,,4,0,0,0,4,77.0,38.0,,,1,1,2,1,1
202100037752,2021-05-27 08:01:00,2021,5,27,8,1,87,87085,PETINIAUD BEAUPEYRAT (RUE),45.82789,1.25467,Plein jour,En agglomération,Hors intersection,Normale,Sans collision,4,2,2,0,1,1,1,0,1,50,,1,0,0,1,0,40.0,,,,1,2,1,1,7
202100037753,2021-05-27 17:00:00,2021,5,27,17,0,86,86157,N147,46.54247,0.41626,Plein jour,En agglomération,Hors intersection,Normale,Trois véhicules et plus - en chaîne,2,2,2,0,1,1,1,0,1,50,,4,3,0,0,1,19.0,70.0,,,1,2,1,1,4
202100037754,2021-05-27 17:05:00,2021,5,27,17,5,86,86194,Avenue de Iassy,46.574009,0.39114,Plein jour,En agglomération,Hors intersection,Normale,Trois véhicules et plus - en chaîne,4,2,2,0,1,1,1,0,1,50,,3,1,0,0,2,60.0,26.0,,,1,2,1,1,4
202100037755,2021-05-28 14:10:00,2021,5,28,14,10,83,83137,CASSINI (RUE /  IMP),43.13421,5.90166,Plein jour,En agglomération,Hors intersection,Normale,Deux véhicules - côté,4,2,2,0,1,1,1,0,1,50,,2,0,0,0,2,20.0,26.0,,,1,2,1,1,3
202100037756,2021-05-26 16:00:00,2021,5,26,16,0,78,78640,EUROPE (AVENUE DE L'),48.78016,2.19701,Plein jour,En agglomération,Hors intersection,Normale,Autre collision,4,1,2,0,1,1,1,0,1,50,,2,1,0,1,0,66.0,,,,1,2,1,1,6
202100037757,2021-04-15 09:18:00,2021,4,15,9,18,78,78545,SEMARD (PLACE PIERRE),48.798989,2.072461,Plein jour,En agglomération,Hors intersection,Normale,Autre collision,4,1,1,0,1,1,2,0,3,30,,2,0,0,1,1,74.0,,,,1,2,1,1,6