accident_id,datetime,annee,mois,jour,heure,minute,departement,commune_insee,adresse,latitude,longitude,luminosite,agglomeration,intersection,meteo,collision,catr,circ,nbv,vosp,prof,plan,surf,infra,situ,vma,nb_vehicules,nb_usagers,nb_indemnes,nb_tues,nb_blesses_hosp,nb_blesses_legers,age_cond_1,age_cond_2,veh_type_cond_1,veh_type_cond_2,lum_code,agg_code,int_code,atm_code,col_code
202100037758,2021-05-28 16:00:00,2021,5,28,16,0,77,77288,PROMENADE DE VAUX,48.53582,2.663369,Plein jour,En agglomération,Hors intersection,Normale,Deux véhicules - arrière,3,2,2,3,1,1,1,0,8,50,,2,1,0,0,1,54.0,62.0,,,1,2,1,1,2
202100037759,2021-05-27 13:20:00,2021,5,27,13,20,76,76231,BOURGTHEROULDE. RUE DE,49.290762,0.961222,Plein jour,En agglomération,Intersection en T,Normale,Deux véhicules - côté,7,2,0,0,2,1,1,0,1,50,,2,1,0,0,1,47.0,42.0,,,1,2,3,1,3
202100037760,2021-05-27 16:50:00,2021,5,27,16,50,76,76351,HALLES CENTRALES (PLACE DES),49.4908,0.1051,Plein jour,En agglomération,Intersection en T,Normale,Autre collision,4,1,1,0,1,1,1,0,1,30,,2,1,0,0,1,29.0,,,,1,2,3,1,6
202100037761,2021-05-27 19:14:00,2021,5,27,19,14,71,71270,Place Gérard Genevès,46.30225,4.83026,Plein jour,En agglomération,Hors intersection,Normale,Deux véhicules - côté,9,4,1,3,1,1,1,6,6,20,,2,1,0,0,1,22.0,11.0,,,1,2,1,1,3
202100037762,2021-05-28 20:45:00,2021,5,28,20,45,69,69275,FRATERNITE (DE LA) (R),45.77241,4.95674,Plein jour,En agglomération,Passage à niveau,Temps éblouissant,Deux véhicules - côté,4,2,2,0,1,1,1,4,5,50,,2,1,0,0,1,43.0,22.0,,,1,2,8,7,3
202100037763,2021-05-28 07:00:00,2021,5,28,7,0,69,69256,MALVAL (DE) (CHM),45.78072,4.91153,Plein jour,En agglomération,Hors intersection,Normale,Deux véhicules - frontale,4,2,2,0,1,1,1,0,1,30,,2,1,0,0,1,61.0,26.0,,,1,2,1,1,1
202100037764,2021-05-27 20:20:00,2021,5,27,20,20,69,69266,ANTOINE DE SAINT EXUPERY (AV),45.7582,4.8806,Plein jour,En agglomération,Giratoire,Normale,Sans collision,4,-1,2,0,1,2,1,5,1,50,,2,1,0,1,0,,,,,1,2,6,1,7
202100037765,2021-05-27 08:48:00,2021,5,27,8,48,69,69256,GABRIEL PERI                        (AV),45.77144,4.9083,Plein jour,En agglomération,Intersection en T,Normale,Deux véhicules - côté,4,3,2,3,1,1,1,0,1,50,,2,1,0,0,1,58.0,33.0,,,1,2,3,1,3
202100037766,2021-05-27 08:10:00,2021,5,27,8,10,67,67482,LAZARET (RUE DU),48.5640406399,7.7552675289,Plein jour,En agglomération,Hors intersection,Normale,Autre collision,4,2,3,0,1,3,1,0,1,50,,2,1,0,0,1,49.0,25.0,,,1,2,1,1,6
202100037767,2021-05-28 08:00:00,2021,5,28,8,0,64,64445,JEAN JACQUES DE MONAIX,43.30343,-0.35705,Plein jour,En agglomération,Intersection en X,Normale,Deux véhicules - arrière,4,2,2,0,1,1,1,0,1,50,,2,1,0,0,1,44.0,66.0,,,1,2,2,1,2
202100037768,2021-05-28 23:20:00,2021,5,28,23,20,64,64122,VERDUN (AVENUE DE),43.48077,-1.54534,Nuit sans éclairage public,En agglomération,Intersection en X,Normale,Deux véhicules - côté,4,2,2,0,1,1,1,0,1,50,,4,2,0,1,1,15.0,33.0,,,3,2,2,1,3
202100037769,2021-05-28 15:15:00,2021,5,28,15,15,61,61001,SAINT LAZARE (RUE),48.42229,0.09011,Plein jour,En agglomération,Hors intersection,Normale,Autre collision,4,1,1,0,1,1,1,0,1,50,,2,1,0,0,1,,,,,1,2,1,1,6
202100037770,2021-05-27 20:10:00,2021,5,27,20,10,60,60057,Rue de la Longue Haie,49.41758,2.09731,Crépuscule ou aube,En agglomération,Intersection en X,Normale,Deux véhicules - côté,4,-1,0,0,1,1,1,0,1,50,,2,1,0,0,1,59.0,58.0,,,2,2,2,1,3
202100037771,2021-05-28 20:45:00,2021,5,28,20,45,59,59599,PIATS (RUE DES),50.721485,3.170461,Plein jour,En agglomération,Hors intersection,Normale,Deux véhicules - côté,4,2,2,0,1,1,1,0,1,50,,2,1,0,0,1,12.0,19.0,,,1,2,1,1,3
202100037772,2021-04-28 21:30:00,2021,4,28,21,30,59,59650,MONGE (RUE),50.70283,3.19992,Plein jour,En agglomération,Hors intersection,Normale,Autre collision,4,2,1,0,1,1,1,0,1,50,,2,1,0,0,1,23.0,,,,1,2,1,1,6
202100037773,2021-05-28 21:06:00,2021,5,28,21,6,59,59350,LAMBRET OSCAR AVENUE,50.6184523451,3.0328783393,Crépuscule ou aube,En agglomération,Intersection en T,Normale,Autre collision,7,-1,2,0,1,2,1,5,8,50,,2,1,1,0,0,33.0,,,,2,2,3,1,6
202100037774,2021-05-27 10:44:00,2021,5,27,10,44,57,57306,GAULLE (RUE DE),49.3308,6.06376,Plein jour,En agglomération,Passage à niveau,Normale,Deux véhicules - côté,4,2,2,0,1,1,1,4,1,50,,2,1,0,0,1,71.0,43.0,,,1,2,8,1,3
202100037775,2021-05-27 17:40:00,2021,5,27,17,40,56,56107,MOULIN (RUE DU VIEUX),47.71639,-3.38819,Plein jour,En agglomération,Hors intersection,Normale,Deux véhicules - frontale,4,2,2,0,2,3,1,0,1,50,,3,0,0,0,3,51.0,86.0,,,1,2,1,1,1
202100037776,2021-05-28 20:45:00,2021,5,28,20,45,54,54339,DRIANT (RUE DU COLONEL),48.7065072264,6.1899241805,Plein jour,En agglomération,Hors intersection,Normale,Deux véhicules - côté,7,2,2,0,1,1,1,0,1,30,,2,1,0,0,1,38.0,50.0,,,1,2,1,1,3
202100037777,2021-05-28 16:55:00,2021,5,28,16,55,54,54328,rue Pasteur,48.61755,6.17942,Plein jour,En agglomération,Intersection en Y,Normale,Deux véhicules - arrière,4,2,4,0,1,1,1,0,1,50,,3,2,0,0,1,58.0,34.0,,,1,2,4,1,2
202100037778,2021-05-28 19:30:00,2021,5,28,19,30,51,51454,Rue Coquebert,49.2616630518,4.0390285067,Plein jour,En agglomération,Hors intersection,Normale,Deux véhicules - frontale,4,2,2,0,1,1,1,0,1,50,,2,1,0,0,1,57.0,24.0,,,1,2,1,1,1
202100037779,2021-05-28 14:20:00,2021,5,28,14,20,51,51172,Boulevard d’Alsace Lorraine,49.21648,4.048,Plein jour,En agglomération,Hors intersection,Normale,Deux véhicules - côté,4,1,4,0,2,2,1,0,1,50,,3,1,0,0,2,33.0,17.0,,,1,2,1,1,3
202100037780,2021-05-28 10:20:00,2021,5,28,10,20,51,51058,Avenue Jean Monnet,49.213799,4.006048,Plein jour,En agglomération,Hors intersection,Normale,Trois véhicules et plus - en chaîne,4,2,2,0,2,1,1,0,1,50,,3,2,0,0,1,62.0,50.0,,,1,2,1,1,4
202100037781,2021-05-27 16:40:00,2021,5,27,16,40,51,51454,Rue Gabriel Voisin,49.2330269596,4.0674695785,Plein jour,En agglomération,Intersection en T,Normale,Deux véhicules - côté,4,2,2,0,1,1,1,0,1,50,,2,1,0,0,1,21.0,64.0,,,1,2,3,1,3
202100037782,2021-05-27 08:10:00,2021,5,27,8,10,51,51454,Rue de Courcelles,49.259335,4.020537,Plein jour,En agglomération,Intersection en X,Normale,Deux véhicules - côté,4,2,2,0,1,1,1,0,1,50,,2,1,0,1,0,51.0,19.0,,,1,2,2,1,3
202100037783,2021-05-26 23:00:00,2021,5,26,23,0,50,50203,AXE NORD SUD,49.6349,-1.5765,Nuit sans éclairage public,Hors agglomération,Hors intersection,Normale,Autre collision,2,3,4,0,2,3,1,0,1,80,,1,0,0,0,1,20.0,,,,3,1,1,1,6
202100037784,2021-05-27 17:35:00,2021,5,27,17,35,49,49328,ORLEANS (RUE D'),47.259143,-0.079105,Plein jour,En agglomération,Hors intersection,Normale,Deux véhicules - côté,4,1,2,3,1,1,1,0,6,50,,2,1,0,0,1,15.0,75.0,,,1,2,1,1,3
202100037785,2021-05-28 13:11:00,2021,5,28,13,11,49,49007,DE LATTRE DE TASSIGNY,47.452522,-0.54062,Plein jour,En agglomération,Intersection en X,Normale,Deux véhicules - côté,4,3,2,0,1,1,1,0,1,50,,3,2,0,0,1,66.0,31.0,,,1,2,2,1,3
202100037786,2021-05-27 17:52:00,2021,5,27,17,52,49,49007,CHATEAU D'ORGEMONT RUE ET SQU,47.45105,-0.54474,Plein jour,En agglomération,Hors intersection,Normale,Autre collision,4,-1,2,0,1,1,1,0,1,50,,2,1,0,0,1,32.0,,,,1,2,1,1,6
202100037787,2021-05-28 21:20:00,2021,5,28,21,20,42,42099,Rue Vaillant Couturier,45.3801952616,4.2730432749,Nuit avec éclairage allumé,Hors agglomération,Intersection en T,Normale,Deux véhicules - côté,2,1,1,-1,1,3,1,0,1,-1,,2,0,0,0,2,74.0,20.0,,,5,1,3,1,3
202100037788,2021-05-28 13:14:00,2021,5,28,13,14,37,37122,MARBELLIERE (RUE DE LA),47.355933618,0.6595885113,Plein jour,En agglomération,Intersection en X,Normale,Autre collision,4,-1,2,0,1,1,1,5,1,50,,2,0,0,1,1,47.0,58.0,,,1,2,2,1,6
202100037789,2021-05-28 15:28:00,2021,5,28,15,28,37,37208,GRANDMONT (RUE DE),47.3660723442,0.721248478,Plein jour,En agglomération,Hors intersection,Normale,Sans collision,4,2,2,0,1,1,1,9,1,30,,1,0,0,0,1,19.0,,,,1,2,1,1,7
202100037790,2021-05-28 15:02:00,2021,5,28,15,2,37,37261,MARCEAU (RUE),47.3926058456,0.6854524612,Plein jour,En agglomération,Hors intersection,Normale,Autre collision,4,1,2,0,1,1,1,0,1,50,,2,1,0,0,1,21.0,,,,1,2,1,1,6
202100037791,2021-05-28 02:50:00,2021,5,28,2,50,37,37261,MARNE (CARREFOUR DE LA),47.4235605611,0.6980247989,Nuit avec éclairage allumé,En agglomération,Intersection à plus de 4 branches,Normale,Sans collision,4,2,4,0,1,1,1,5,1,50,,1,0,0,1,0,31.0,,,,5,2,5,1,7
202100037792,2021-05-27 17:50:00,2021,5,27,17,50,37,37233,DUCLOS (AVENUE JACQUES),47.3802253616,0.727991463,Plein jour,En agglomération,Hors intersection,Normale,Autre collision,4,2,2,0,1,1,1,0,1,50,,3,1,0,1,1,47.0,16.0,,,1,2,1,1,6
202100037793,2021-05-27 17:00:00,2021,5,27,17,0,37,37261,MIRABEAU (PONT),47.3990999372,0.7000962496,Plein jour,En agglomération,Hors intersection,Normale,Deux véhicules - arrière,4,2,3,0,1,1,1,2,1,50,,2,1,0,0,1,60.0,21.0,,,1,2,1,1,2
202100037794,2021-05-27 13:45:00,2021,5,27,13,45,37,37261,SEBASTOPOL (RUE),47.3882778068,0.6847160825,Plein jour,En agglomération,Hors intersection,Normale,Autre collision,4,1,1,0,1,1,1,0,1,50,,2,1,0,0,1,73.0,61.0,,,1,2,1,1,6
202100037795,2021-05-28 14:30:00,2021,5,28,14,30,35,35238,TROUIN (QUAI DUGUAY),48.1097909515,-1.6840506238,Plein jour,En agglomération,Hors intersection,Normale,Deux véhicules - côté,4,1,2,2,1,1,1,0,1,50,,3,1,0,0,2,49.0,44.0,,,1,2,1,1,3
202100037796,2021-05-28 06:45:00,2021,5,28,6,45,35,35238,Rue DE ST MALO,48.12372,-1.68471,Plein jour,En agglomération,Hors intersection,Normale,Autre collision,4,2,3,0,1,1,1,0,1,50,,2,1,0,0,1,48.0,34.0,,,1,2,1,1,6
202100037797,2021-05-28 18:30:00,2021,5,28,18,30,34,34129,AGAU (AVENUE DE L'),43.58637,3.90825,Plein jour,Hors agglomération,Hors intersection,Normale,Autre collision,7,-1,2,0,1,1,1,0,1,80,,2,0,0,0,2,24.0,,,,1,1,1,1,6
202100037798,2021-05-28 16:05:00,2021,5,28,16,5,33,33063,Place de l’Europe,44.85962,-0.58184,Plein jour,En agglomération,Place,Normale,Autre collision,6,-1,-1,0,1,1,1,6,8,10,,2,1,0,0,1,38.0,,,,1,2,7,1,6
202100037799,2021-05-28 12:45:00,2021,5,28,12,45,33,33063,Rue du Cardinal Lavigerie,44.83365,-0.60612,Plein jour,En agglomération,Intersection en T,Normale,Deux véhicules - côté,4,2,1,0,1,1,1,5,1,50,,2,1,0,0,1,50.0,42.0,,,1,2,3,1,3
202100037800,2021-05-27 10:13:00,2021,5,27,10,13,33,33039,RUE DES FRERES LUMIERE,44.795737,-0.537203,Plein jour,En agglomération,Intersection en T,Normale,Deux véhicules - côté,6,-1,-1,0,1,1,1,0,1,50,,2,1,0,0,1,21.0,70.0,,,1,2,3,1,3
202100037801,2021-05-27 08:40:00,2021,5,27,8,40,33,33522,Avenue de l’Université,44.8012246822,-0.5971657396,Plein jour,En agglomération,Hors intersection,Normale,Deux véhicules - arrière,4,3,4,1,1,1,1,0,1,30,,3,1,0,0,2,19.0,23.0,,,1,2,1,1,2
202100037802,2021-05-28 10:35:00,2021,5,28,10,35,30,30243,DE GAULLE (AVENUE),44.09065,4.0786,Plein jour,En agglomération,Hors intersection,Normale,Autre collision,4,2,2,0,2,1,1,0,1,50,,2,1,0,0,1,18.0,67.0,,,1,2,1,1,6
202100037803,2021-05-28 12:10:00,2021,5,28,12,10,29,29039,Quai Carnot,47.87591,-3.9142,Plein jour,En agglomération,Hors intersection,Normale,Autre collision,4,1,1,0,1,1,1,0,1,50,,3,2,0,0,1,52.0,47.0,,,1,2,1,1,6
202100037804,2021-05-28 14:15:00,2021,5,28,14,15,27,27306,NATIONALE 13 (ROUTE),49.01384,1.17522,Plein jour,En agglomération,Autre intersection,Normale,Deux véhicules - côté,6,-1,-1,0,1,1,1,9,8,30,,3,0,0,0,3,28.0,20.0,,,1,2,9,1,3
202100037805,2021-05-28 14:20:00,2021,5,28,14,20,24,24037,ZOLA (RUE EMILE),44.8433,0.49569,Plein jour,En agglomération,Hors intersection,Normale,Deux véhicules - arrière,3,2,2,0,1,1,1,0,1,50,,2,1,0,1,0,64.0,52.0,,,1,2,1,1,2
202100037806,2021-05-28 14:20:00,2021,5,28,14,20,24,24140,RN 1021,44.83969,0.5327,Plein jour,Hors agglomération,Hors intersection,Normale,Deux véhicules - arrière,2,1,2,0,1,1,1,0,1,80,,3,1,0,0,2,52.0,32.0,,,1,1,1,1,2
202100037807,2021-05-26 16:15:00,2021,5,26,16,15,14,14118,D7,49.20601,-0.361628,Plein jour,En agglomération,Intersection en T,Normale,Deux véhicules - côté,3,2,4,0,1,1,1,0,1,50,,2,1,0,1,0,33.0,73.0,,,1,2,3,1,3
202100037808,2021-05-27 10:20:00,2021,5,27,10,20,14,14181,Rue du Sieur de Bras,49.1536,-0.3283,Plein jour,En agglomération,Hors intersection,Normale,Deux véhicules - côté,4,1,2,0,1,1,1,0,1,50,,2,1,0,0,1,30.0,22.0,,,1,2,1,1,3
202100037809,2021-05-28 18:15:00,2021,5,28,18,15,13,13201,SAINT CANNAT (RUE),43.2985,5.373,Plein jour,En agglomération,Hors intersection,Normale,Autre collision,4,1,1,0,1,1,1,0,1,50,,2,1,0,0,1,61.0,,,,1,2,1,1,6
202100037810,2021-05-28 18:00:00,2021,5,28,18,0,13,13214,CAPITAINE GEZE (BOULEVARD),43.32973,5.36809,Plein jour,En agglomération,Hors intersection,Normale,Deux véhicules - arrière,4,3,2,0,1,1,1,0,1,50,,2,1,0,0,1,,24.0,,,1,2,1,1,2
202100037811,2021-05-28 16:50:00,2021,5,28,16,50,13,13209,MAGUY ROUBAUD (RUE),43.2724794344,5.4002255201,Plein jour,En agglomération,Hors intersection,Normale,Deux véhicules - côté,4,1,2,0,1,1,1,0,1,50,,2,1,0,0,1,20.0,24.0,,,1,2,1,1,3
202100037812,2021-05-28 14:30:00,2021,5,28,14,30,13,13215,ROGER SALENGRO (AVENUE),43.32056,5.36756,Plein jour,En agglomération,Hors intersection,Normale,Deux véhicules - arrière,4,2,2,0,2,1,1,0,1,50,,2,1,0,0,1,,29.0,,,1,2,1,1,2
202100037813,2021-05-28 11:25:00,2021,5,28,11,25,13,13215,MADRAGUE VILLE (chemin de la),43.34036,5.35359,Plein jour,En agglomération,Hors intersection,Normale,Deux véhicules - arrière,4,2,2,0,1,1,1,0,1,50,,3,1,0,0,2,26.0,37.0,,,1,2,1,1,2
202100037814,2021-05-28 08:45:00,2021,5,28,8,45,13,13213,ROSE (AVENUE DE LA),43.32635,5.42152,Plein jour,En agglomération,Intersection en X,Normale,Deux véhicules - côté,7,3,9,0,1,1,1,0,1,50,,2,1,0,0,1,32.0,18.0,,,1,2,2,1,3
202100037815,2021-05-28 13:30:00,2021,5,28,13,30,13,13005,NATIONALE 8 DE PARIS A TOULON (ROUTE),43.28386,5.59359,Plein jour,En agglomération,Giratoire,Normale,Deux véhicules - côté,1,1,2,0,1,2,1,0,1,50,,2,1,0,0,1,26.0,38.0,,,1,2,6,1,3
202100037816,2021-05-27 00:20:00,2021,5,27,0,20,11,11262,RD 6009 NARBONNE - PERPIGNAN,43.168046,2.983199,Nuit sans éclairage public,En agglomération,Hors intersection,Normale,Autre collision,3,3,2,0,1,1,1,0,1,90,,3,1,1,0,1,51.0,,,,3,2,1,1,6
202100037817,2021-05-28 09:55:00,2021,5,28,9,55,11,11069,ROCADE NORD - RD 6113,43.23352,2.3674,Plein jour,Hors agglomération,Giratoire,Normale,Deux véhicules - côté,3,1,1,0,1,2,1,5,1,80,,2,1,0,0,1,86.0,22.0,,,1,1,6,1,3
202100037818,2021-05-28 18:38:00,2021,5,28,18,38,10,10387,GAUTHERIN (RUE),48.30043791,4.066106,Plein jour,En agglomération,Hors intersection,Normale,Autre collision,4,1,1,0,1,1,1,0,1,50,,4,3,0,0,1,20.0,,,,1,2,1,1,6
202100037819,2021-05-28 21:06:00,2021,5,28,21,6,06,06104,TURBIE (ROUTE DE LA),43.756846,7.442747,Crépuscule ou aube,Hors agglomération,Hors intersection,Normale,Deux véhicules - frontale,3,2,2,0,2,4,1,0,1,30,,2,0,0,2,0,22.0,58.0,,,2,1,1,1,1
202100037820,2021-05-28 12:35:00,2021,5,28,12,35,06,06004,BIOT (CD.4) RTE DE,43.612928,7.12451,Plein jour,En agglomération,Autre intersection,Normale,Deux véhicules - frontale,3,2,2,0,1,1,1,0,1,50,,2,1,0,1,0,21.0,52.0,,,1,2,9,1,1
202100037821,2021-05-27 14:45:00,2021,5,27,14,45,05,05061,RAMBAUD ( ROUTE DE ),44.55737,6.11939,Plein jour,Hors agglomération,Hors intersection,Normale,Sans collision,3,2,2,0,2,2,1,0,3,80,,1,0,0,1,0,20.0,,,,1,1,1,1,7
202100037822,2021-05-27 08:56:00,2021,5,27,8,56,05,05061,RN 94,44.57046,6.10505,Plein jour,Hors agglomération,Hors intersection,Normale,Trois véhicules et plus - en chaîne,2,2,2,0,1,1,1,0,1,50,,3,1,0,0,2,32.0,21.0,,,1,1,1,1,4
202100037823,2021-05-26 19:10:00,2021,5,26,19,10,05,05061,ST JEAN ( ROUTE DE ),44.532142,6.040896,Plein jour,Hors agglomération,Hors intersection,Normale,Deux véhicules - côté,3,2,2,0,1,1,1,0,1,50,,2,1,0,0,1,26.0,,,,1,1,1,1,3
202100037824,2021-05-28 08:45:00,2021,5,28,8,45,04,04070,Av Maréchal Juin,44.07991,6.21703,Plein jour,En agglomération,Hors intersection,Normale,Deux véhicules - frontale,4,2,2,0,1,3,1,0,1,50,,2,1,0,1,0,83.0,23.0,,,1,2,1,1,1
202100037825,2021-05-27 18:15:00,2021,5,27,18,15,03,03101,CHEMIN DE LA BRANDE,46.33843,2.5349,Plein jour,Hors agglomération,Hors intersection,Normale,Deux véhicules - frontale,4,2,2,0,1,2,1,0,1,70,,2,1,0,1,0,41.0,83.0,,,1,1,1,1,1
202100037826,2021-05-28 16:00:00,2021,5,28,16,0,75,75117,PORTE DE CLICHY,48.895031,2.306589,Plein jour,En agglomération,Hors intersection,Normale,Sans collision,4,1,4,0,1,1,1,0,1,70,,1,0,0,0,1,39.0,,,,1,2,1,1,7
202100037827,2021-05-28 22:25:00,2021,5,28,22,25,75,75106,BOULEVARD SAINT GERMAIN,48.852882,2.336999,Nuit avec éclairage allumé,En agglomération,Intersection en X,Normale,Deux véhicules - frontale,4,1,4,0,1,1,1,0,1,50,,3,1,0,0,2,21.0,70.0,,,5,2,2,1,1
202100037828,2021-05-28 11:40:00,2021,5,28,11,40,75,75120,PLACE AUGUSTE METIVIER,48.863043,2.388016,Plein jour,En agglomération,Intersection en Y,Normale,Deux véhicules - côté,4,2,2,0,2,1,1,0,1,30,,2,1,0,0,1,25.0,35.0,,,1,2,4,1,3
202100037829,2021-05-28 19:15:00,2021,5,28,19,15,75,75119,AVENUE DE FLANDRE,48.884032,2.368841,Plein jour,En agglomération,Intersection en X,Normale,Deux véhicules - côté,4,2,4,1,1,1,1,0,1,50,,2,0,0,0,2,32.0,27.0,,,1,2,2,1,3
202100037830,2021-05-28 08:50:00,2021,5,28,8,50,75,75118,BOULEVARD NEY,48.897812,2.333489,Plein jour,En agglomération,Intersection en T,Normale,Deux véhicules - côté,4,1,2,1,1,1,1,0,5,50,,2,1,0,0,1,16.0,54.0,,,1,2,3,1,3
202100037831,2021-05-28 08:15:00,2021,5,28,8,15,75,75118,BOULEVARD NEY,48.897648,2.330416,Plein jour,En agglomération,Hors intersection,Normale,Autre collision,4,-1,1,3,1,1,1,-1,6,50,,2,1,0,0,1,56.0,,,,1,2,1,1,6
202100037832,2021-05-28 16:30:00,2021,5,28,16,30,75,75117,BOULEVARD DE COURCELLES,48.880279,2.308309,Plein jour,En agglomération,Place,Normale,Sans collision,4,2,2,0,1,1,1,0,1,50,,1,0,0,0,1,39.0,,,,1,2,7,1,7
202100037833,2021-05-27 20:20:00,2021,5,27,20,20,75,75117,AVENUE DE VILLIERS,48.881945,2.313557,Crépuscule ou aube,En agglomération,Intersection en X,Normale,Autre collision,4,2,2,0,1,1,1,0,1,50,,2,1,0,0,1,58.0,,,,2,2,2,1,6
202100037834,2021-05-28 17:30:00,2021,5,28,17,30,75,75116,ALLEE DE LONGCHAMP,48.870665,2.259377,Plein jour,En agglomération,Hors intersection,Normale,Deux véhicules - arrière,4,2,2,0,1,1,1,0,1,50,,3,2,0,0,1,56.0,33.0,,,1,2,1,1,2
202100037835,2021-05-28 10:25:00,2021,5,28,10,25,75,75116,BOULEVARD LANNES,48.868251,2.272994,Plein jour,En agglomération,Hors intersection,Normale,Deux véhicules - côté,4,2,2,0,1,1,1,0,1,50,,2,1,0,0,1,70.0,61.0,,,1,2,1,1,3
202100037836,2021-05-28 13:05:00,2021,5,28,13,5,75,75106,BOULEVARD DU MONTPARNASSE,48.84287,2.327178,Plein jour,En agglomération,Intersection en T,Normale,Deux véhicules - côté,4,2,6,3,1,1,1,0,1,50,,2,1,0,1,0,32.0,58.0,,,1,2,3,1,3
202100037837,2021-05-28 09:55:00,2021,5,28,9,55,75,75114,AVENUE DU MAINE,48.839497,2.321907,Plein jour,En agglomération,Hors intersection,Normale,Autre collision,4,1,1,0,1,1,1,0,1,50,,2,1,0,0,1,19.0,,,,1,2,1,1,6
202100037838,2021-05-27 23:45:00,2021,5,27,23,45,75,75114,BOULEVARD ROMAIN ROLLAND,48.822015,2.315629,Nuit avec éclairage allumé,En agglomération,Hors intersection,Normale,Autre collision,4,1,1,0,1,1,1,0,1,50,,1,0,0,1,0,47.0,,,,5,2,1,1,6
202100037839,2021-05-28 20:20:00,2021,5,28,20,20,75,75112,AVENUE DE GRAVELLE,48.817393,2.457173,Plein jour,En agglomération,Hors intersection,Normale,Deux véhicules - côté,4,-1,2,0,1,1,1,0,1,50,,2,1,0,0,1,17.0,17.0,,,1,2,1,1,3
202100037840,2021-05-28 21:45:00,2021,5,28,21,45,75,75111,RUE SEDAINE,48.858208,2.377552,Nuit avec éclairage allumé,En agglomération,Hors intersection,Normale,Deux véhicules - côté,4,1,1,0,2,1,1,0,1,30,,2,1,0,0,1,40.0,33.0,,,5,2,1,1,3
202100037841,2021-05-28 12:45:00,2021,5,28,12,45,75,75109,RUE MAYRAN,48.877233,2.34519,Plein jour,En agglomération,Hors intersection,Normale,Deux véhicules - côté,4,-1,2,0,1,1,1,0,1,50,,2,1,0,0,1,29.0,27.0,,,1,2,1,1,3
202100037842,2021-05-28 02:40:00,2021,5,28,2,40,75,75109,BOULEVARD HAUSSMANN,48.872594,2.335836,Nuit avec éclairage allumé,En agglomération,Intersection en Y,Normale,Deux véhicules - côté,4,1,3,0,1,1,1,0,1,50,,2,1,0,0,1,46.0,25.0,,,5,2,4,1,3
202100037843,2021-05-28 17:35:00,2021,5,28,17,35,94,94081,Boulevard de Stalingrad,48.80348,2.37751,Plein jour,En agglomération,Hors intersection,Normale,Autre collision,3,1,2,0,1,1,1,0,1,50,,2,1,0,0,1,35.0,,,,1,2,1,1,6
202100037844,2021-05-27 23:30:00,2021,5,27,23,30,94,94081,Rue Julian Grimau,48.7778,2.37649,Nuit sans éclairage public,En agglomération,Hors intersection,Normale,Autre collision,4,2,2,0,1,1,1,0,1,50,,1,0,0,0,1,29.0,,,,3,2,1,1,6
202100037845,2021-05-27 18:00:00,2021,5,27,18,0,94,94081,Avenue du Colonel Fabien,48.7815,2.38189,Plein jour,En agglomération,Hors intersection,Normale,Autre collision,4,2,2,0,1,1,1,0,1,30,,2,1,0,0,1,47.0,,,,1,2,1,1,6
202100037846,2021-05-29 23:00:00,2021,5,29,23,0,94,94076,KARL MARX (AV),48.784616,2.354577,Nuit avec éclairage allumé,En agglomération,Intersection en T,Normale,Deux véhicules - frontale,4,2,2,0,1,1,1,0,1,50,,2,1,0,0,1,,21.0,,,5,2,3,1,1
202100037847,2021-05-28 17:34:00,2021,5,28,17,34,94,94016,Rue Gabriel Péri,48.79773,2.34327,Plein jour,En agglomération,Hors intersection,Normale,Autre collision,3,3,4,0,2,1,1,1,1,50,,2,1,0,0,1,23.0,,,,1,2,1,1,6
202100037848,2021-05-28 19:30:00,2021,5,28,19,30,94,94041,MARCEL BOYER (QU),48.82143,2.39416,Plein jour,En agglomération,Intersection en X,Normale,Deux véhicules - côté,3,2,2,0,1,1,1,0,1,50,,2,1,0,0,1,41.0,27.0,,,1,2,2,1,3
202100037849,2021-05-28 04:50:00,2021,5,28,4,50,94,94081,GABRIEL PERI (R),48.79089,2.40229,Nuit avec éclairage allumé,En agglomération,Hors intersection,Normale,Deux véhicules - frontale,4,2,2,0,1,1,1,0,4,50,,3,2,0,0,1,25.0,,,,5,2,1,1,1
202100037850,2021-05-28 14:20:00,2021,5,28,14,20,94,94038,Rue Emile Zola,48.76575,2.32788,Plein jour,En agglomération,Intersection en T,Normale,Deux véhicules - côté,4,2,0,0,1,1,1,0,1,50,,3,2,0,0,1,63.0,49.0,,,1,2,3,1,3
202100037851,2021-05-28 05:30:00,2021,5,28,5,30,94,94021,avenue de la cite,48.763231,2.358496,Crépuscule ou aube,En agglomération,Hors intersection,Normale,Autre collision,4,1,1,0,1,3,1,0,1,50,,1,0,0,0,1,63.0,,,,2,2,1,1,6
202100037852,2021-05-18 18:30:00,2021,5,18,18,30,94,94028,Route de la Pompadour,48.7674,2.4673,Plein jour,En agglomération,Autre intersection,Normale,Deux véhicules - arrière,4,1,1,0,1,3,2,0,1,30,,2,1,0,0,1,,38.0,,,1,2,9,1,2
202100037853,2021-05-27 08:30:00,2021,5,27,8,30,94,94028,MARAIS(CHEMIN DES),48.775962,2.435153,Plein jour,En agglomération,Hors intersection,Normale,Autre collision,4,2,2,0,1,1,1,0,4,50,,1,0,0,0,1,21.0,,,,1,2,1,1,6
202100037854,2021-05-28 19:54:00,2021,5,28,19,54,94,94022,Rue Honore Daumier,48.77369,2.42241,Plein jour,En agglomération,Intersection en X,Normale,Deux véhicules - frontale,4,-1,0,0,1,3,1,0,1,30,,2,1,0,0,1,36.0,,,,1,2,2,1,1