accident_id,datetime,annee,mois,jour,heure,minute,departement,commune_insee,adresse,latitude,longitude,luminosite,agglomeration,intersection,meteo,collision,catr,circ,nbv,vosp,prof,plan,surf,infra,situ,vma,nb_vehicules,nb_usagers,nb_indemnes,nb_tues,nb_blesses_hosp,nb_blesses_legers,age_cond_1,age_cond_2,veh_type_cond_1,veh_type_cond_2,lum_code,agg_code,int_code,atm_code,col_code
202100037855,2021-05-27 11:15:00,2021,5,27,11,15,94,94079,Boulevard Jean Monnet,48.83486,2.543,Plein jour,En agglomération,Hors intersection,Normale,Deux véhicules - côté,4,1,1,0,1,1,1,9,8,30,,2,1,0,0,1,35.0,19.0,,,1,2,1,1,3
202100037856,2021-05-28 20:00:00,2021,5,28,20,0,94,94004,Place des Tilleuls,48.75609,2.498415,Crépuscule ou aube,En agglomération,Hors intersection,Normale,Autre collision,5,-1,0,0,1,1,1,0,8,10,,2,1,0,0,1,,,,,2,2,1,1,6
202100037857,2021-05-28 09:09:00,2021,5,28,9,9,93,93070,MICHELET(AV):N°1AU 103,48.90547,2.34405,Plein jour,En agglomération,Intersection en X,Normale,Deux véhicules - côté,3,2,3,0,1,1,1,0,1,50,,2,1,0,1,0,35.0,29.0,,,1,2,2,1,3
202100037858,2021-05-28 12:50:00,2021,5,28,12,50,93,93051,REMPART (BD),48.83761,2.54314,Plein jour,En agglomération,Intersection en T,Normale,Sans collision,4,1,1,0,1,3,1,0,4,50,,1,0,0,0,1,20.0,,,,1,2,3,1,7
202100037859,2021-05-28 18:40:00,2021,5,28,18,40,93,93046,MARECHAL LECLERC AVENUE,48.9208378572,2.5407407283,Plein jour,En agglomération,Hors intersection,Normale,Autre collision,3,3,4,0,1,1,1,0,6,50,,2,1,0,0,1,36.0,,,,1,2,1,1,6
202100037860,2021-05-27 16:18:00,2021,5,27,16,18,93,93063,BRANLY BD EDOUARD,48.87649,2.44116,Plein jour,En agglomération,Giratoire,Normale,Deux véhicules - arrière,1,1,2,0,1,1,1,0,1,50,,2,1,0,0,1,40.0,58.0,,,1,2,6,1,2
202100037861,2021-05-28 09:00:00,2021,5,28,9,0,93,93032,Rue du 19 Mars 1962 / Avenue des Dahlias,48.894993,2.542833,Plein jour,En agglomération,Intersection en T,Normale,Deux véhicules - côté,3,2,2,0,2,1,1,9,1,50,,2,1,0,0,1,36.0,25.0,,,1,2,3,1,3
202100037862,2021-05-28 22:25:00,2021,5,28,22,25,93,93031,Avenue du 18 Juin 1940 / Rue du Port,48.95226,2.30734,Nuit avec éclairage non allumé,En agglomération,Intersection en T,Normale,Deux véhicules - arrière,3,2,2,2,4,1,1,0,1,50,,2,1,0,0,1,33.0,22.0,,,4,2,3,1,2
202100037863,2021-05-27 14:15:00,2021,5,27,14,15,93,93029,FERNAND PENA,48.91834,2.43591,Plein jour,En agglomération,Intersection en Y,Normale,Deux véhicules - arrière,4,2,2,0,1,1,1,5,1,50,,2,1,0,0,1,38.0,29.0,,,1,2,4,1,2
202100037864,2021-05-28 07:10:00,2021,5,28,7,10,93,93057,JAURES (AV. JEAN) 118 A FIN,48.906977,2.497637,Crépuscule ou aube,En agglomération,Hors intersection,Normale,Sans collision,3,2,0,0,1,1,1,0,8,50,,2,1,0,0,1,63.0,20.0,,,2,2,1,1,7
202100037865,2021-05-28 16:20:00,2021,5,28,16,20,93,93008,PICASSO (RUE PABLO),48.9090619112,2.4490579963,Plein jour,En agglomération,Autre intersection,Normale,Deux véhicules - côté,4,1,2,3,1,1,1,0,1,50,,2,1,0,0,1,41.0,39.0,,,1,2,9,1,3
202100037866,2021-05-27 23:05:00,2021,5,27,23,5,93,93053,Rue de Brément,48.88676,2.47034,Nuit avec éclairage allumé,En agglomération,Autre intersection,Normale,Deux véhicules - côté,3,-1,2,0,1,1,1,0,1,50,,2,1,0,0,1,26.0,37.0,,,5,2,9,1,3
202100037867,2021-05-28 05:00:00,2021,5,28,5,0,92,92073,SELLIER (BOULEVARD HENRI),48.8680704714,2.2225134386,Nuit avec éclairage allumé,En agglomération,Hors intersection,Normale,Autre collision,3,3,4,0,2,3,1,0,1,50,,1,0,0,0,1,17.0,,,,5,2,1,1,6
202100037868,2021-05-28 16:40:00,2021,5,28,16,40,92,92072,LECLERC (AVENUE DE LA DIVISION),48.8233927569,2.2206920385,Plein jour,En agglomération,Intersection en Y,Normale,Autre collision,3,2,2,0,2,3,1,0,1,50,,2,1,0,0,1,21.0,,,,1,2,4,1,6
202100037869,2021-05-28 13:45:00,2021,5,28,13,45,92,92026,DEFENSE (ROND POINT DE LA),48.8909054051,2.2412806749,Plein jour,En agglomération,Hors intersection,Normale,Deux véhicules - arrière,2,1,2,1,1,1,1,1,1,50,,2,1,0,0,1,36.0,29.0,,,1,2,1,1,2
202100037870,2021-05-27 18:40:00,2021,5,27,18,40,92,92062,WALLACE (BD RICHARD) DU 2 AU 28 ET DU 1,48.8789,2.24188,Plein jour,En agglomération,Hors intersection,Normale,Deux véhicules - côté,4,2,0,0,1,1,1,0,1,50,,2,1,0,0,1,20.0,28.0,,,1,2,1,1,3
202100037871,2021-05-27 14:40:00,2021,5,27,14,40,92,92051,"CHARLES DE GAULLE (AVENUE, N°27 A 129)",48.88189,2.26872,Plein jour,En agglomération,Hors intersection,Normale,Deux véhicules - côté,2,3,6,0,1,1,1,6,1,50,,2,1,0,0,1,40.0,37.0,,,1,2,1,1,3
202100037872,2021-05-26 20:35:00,2021,5,26,20,35,92,92035,Belgique ( Place de ),48.9072460637,2.241538167,Plein jour,En agglomération,Giratoire,Normale,Deux véhicules - arrière,3,1,0,0,1,2,1,9,1,50,,2,1,0,0,1,58.0,47.0,,,1,2,6,1,2
202100037873,2021-05-27 19:10:00,2021,5,27,19,10,92,92025,PIERRE BROSSOLETTE (RUE),48.9091982417,2.2375886142,Plein jour,En agglomération,Intersection en T,Normale,Deux véhicules - arrière,4,1,1,0,1,1,1,0,1,50,,2,1,0,0,1,33.0,29.0,,,1,2,3,1,2
202100037874,2021-05-28 14:20:00,2021,5,28,14,20,92,92012,EDOUARD VAILLANT (AVENUE) 57/FIN - 58/FI,48.83364397,2.2438398376,Plein jour,En agglomération,Giratoire,Normale,Autre collision,3,3,1,0,1,1,1,0,1,50,,3,2,0,0,1,20.0,,,,1,2,6,1,6
202100037875,2021-05-28 19:30:00,2021,5,28,19,30,92,92004,GENNEVILLIERS (PONT DE),48.91356,2.31069,Plein jour,En agglomération,Hors intersection,Temps couvert,Deux véhicules - arrière,3,2,4,0,1,1,1,2,1,50,,3,1,0,0,2,29.0,65.0,,,1,2,1,8,2
202100037876,2021-05-29 01:45:00,2021,5,29,1,45,54,54351,Route de Millery,48.806957,6.114328,Nuit avec éclairage allumé,En agglomération,Hors intersection,Normale,Autre collision,3,2,2,0,1,2,1,0,3,50,,1,0,0,1,0,22.0,,,,5,2,1,1,6
202100037877,2021-05-22 15:45:00,2021,5,22,15,45,38,38019,N7,45.434124,4.818481,Plein jour,Hors agglomération,Hors intersection,Normale,Trois véhicules et plus - en chaîne,2,2,2,0,1,1,1,0,1,80,,5,2,0,0,3,21.0,52.0,,,1,1,1,1,4
202100037878,2021-05-28 18:10:00,2021,5,28,18,10,68,68112,D4b1,47.902358,7.229841,Plein jour,En agglomération,Hors intersection,Normale,Autre collision,3,2,2,1,1,1,1,0,4,50,,1,0,0,0,1,45.0,,,,1,2,1,1,6
202100037879,2021-05-28 07:55:00,2021,5,28,7,55,17,17172,Lieu Dit le Rocher,45.579685,-0.675402,Plein jour,Hors agglomération,Intersection en X,Normale,Deux véhicules - côté,3,2,2,0,1,1,1,0,1,80,,2,1,0,1,0,65.0,52.0,,,1,1,2,1,3
202100037880,2021-05-28 15:45:00,2021,5,28,15,45,42,42145,D9,45.999827,4.241543,Plein jour,Hors agglomération,Hors intersection,Temps éblouissant,Deux véhicules - frontale,3,2,2,0,1,2,1,0,1,80,,3,1,0,1,1,30.0,68.0,,,1,1,1,7,1
202100037881,2021-05-28 13:20:00,2021,5,28,13,20,974,97412,322 Rue Raphaël Babet,-21.379266,55.62404,Plein jour,En agglomération,Hors intersection,Normale,Deux véhicules - côté,2,2,2,0,1,1,1,0,1,50,,2,1,0,1,0,27.0,25.0,,,1,2,1,1,3
202100037882,2021-05-28 19:00:00,2021,5,28,19,0,86,86070,Pouzioux,46.51308,0.689456,Plein jour,Hors agglomération,Hors intersection,Normale,Autre collision,9,-1,2,0,1,1,1,0,8,-1,,2,1,0,1,0,41.0,,,,1,1,1,1,6
202100037883,2021-05-28 12:15:00,2021,5,28,12,15,38,38133,Route de Saint - Jean,45.352164,5.605634,Plein jour,En agglomération,Hors intersection,Normale,Autre collision,3,2,2,0,1,1,1,0,1,30,,2,1,0,1,0,56.0,,,,1,2,1,1,6
202100037884,2021-05-29 15:40:00,2021,5,29,15,40,83,83070,Avenue Paul Emile Duroux,43.149943,6.414616,Plein jour,Hors agglomération,Hors intersection,Normale,Deux véhicules - arrière,3,2,2,0,1,1,1,0,1,80,,2,1,0,0,1,60.0,56.0,,,1,1,1,1,2
202100037885,2021-05-28 21:15:00,2021,5,28,21,15,83,83047,3600 Chemin Long,43.131041,6.063069,Nuit sans éclairage public,Hors agglomération,Hors intersection,Normale,Deux véhicules - côté,7,2,2,0,2,2,1,2,1,70,,2,1,0,1,0,34.0,27.0,,,3,1,1,1,3
202100037886,2021-05-29 11:20:00,2021,5,29,11,20,51,51413,D9,48.9886807934,4.0296092788,Plein jour,Hors agglomération,Hors intersection,Normale,Deux véhicules - côté,3,2,2,0,2,1,1,0,1,80,,3,2,0,1,0,28.0,30.0,,,1,1,1,1,3
202100037887,2021-05-29 10:20:00,2021,5,29,10,20,19,19250,D920,45.499309,1.522862,Plein jour,Hors agglomération,Hors intersection,Normale,Autre collision,3,2,2,0,1,1,1,0,3,90,,1,0,1,0,0,68.0,,,,1,1,1,1,6
202100037888,2021-05-29 12:25:00,2021,5,29,12,25,2B,2B207,Aja Rossa,42.446063,9.473047,Plein jour,Hors agglomération,Hors intersection,Normale,Deux véhicules - frontale,3,2,2,0,1,2,9,2,1,80,,2,1,0,1,0,56.0,53.0,,,1,1,1,1,1
202100037889,2021-05-29 16:30:00,2021,5,29,16,30,80,80136,ancienne route de BRAY SUR SOMME à MEAULT,49.954996,2.707583,Plein jour,Hors agglomération,Hors intersection,Normale,Autre collision,4,2,2,0,2,1,1,0,1,80,,2,0,0,0,2,17.0,,,,1,1,1,1,6
202100037890,2021-05-27 12:40:00,2021,5,27,12,40,65,65473,D913,42.953906,-0.064995,Plein jour,Hors agglomération,Hors intersection,Normale,Deux véhicules - arrière,3,2,2,0,1,2,1,0,1,80,,2,1,0,1,0,34.0,32.0,,,1,1,1,1,2
202100037891,2021-05-28 17:05:00,2021,5,28,17,5,65,65452,Route Départementale 6A,43.318785,0.367516,Plein jour,En agglomération,Intersection en X,Normale,Deux véhicules - frontale,3,2,2,0,1,1,1,0,1,30,,3,2,0,1,0,81.0,29.0,,,1,2,2,1,1
202100037892,2021-05-26 17:00:00,2021,5,26,17,0,81,81101,D25,44.010588,2.167284,Plein jour,En agglomération,Place,Normale,Sans collision,3,2,2,0,1,1,1,0,4,50,,2,0,0,1,1,16.0,,,,1,2,7,1,7
202100037893,2021-05-29 15:10:00,2021,5,29,15,10,71,71014,D978,46.948068,4.343319,Plein jour,Hors agglomération,Intersection en T,Normale,Deux véhicules - arrière,3,2,2,0,2,1,1,5,1,80,,5,4,0,0,1,46.0,59.0,,,1,1,3,1,2
202100037894,2021-05-26 18:57:00,2021,5,26,18,57,12,12145,D809 ,44.020711,3.147787,Plein jour,Hors agglomération,Hors intersection,Temps couvert,Autre collision,3,2,2,0,1,2,1,0,3,90,,1,0,0,1,0,42.0,,,,1,1,1,8,6
202100037895,2021-05-28 21:00:00,2021,5,28,21,0,42,42228,Rue des Salles,45.567512,4.104348,Crépuscule ou aube,Hors agglomération,Hors intersection,Normale,Deux véhicules - frontale,4,2,2,0,1,3,1,0,1,80,,3,1,0,1,1,26.0,21.0,,,2,1,1,1,1
202100037896,2021-05-28 06:50:00,2021,5,28,6,50,41,41176,Les Bas Jarriers,47.566396,2.111526,Plein jour,Hors agglomération,Autre intersection,Normale,Deux véhicules - frontale,3,2,2,0,3,1,1,2,1,80,,2,1,0,1,0,26.0,50.0,,,1,1,9,1,1
202100037897,2021-05-28 17:30:00,2021,5,28,17,30,34,34101,D28,43.361375,3.487658,Plein jour,Hors agglomération,Giratoire,Normale,Deux véhicules - côté,3,2,2,0,1,1,1,5,1,50,,2,1,0,1,0,65.0,67.0,,,1,1,6,1,3
202100037898,2021-05-27 21:20:00,2021,5,27,21,20,34,34144,D35,43.703174,3.178318,Crépuscule ou aube,Hors agglomération,Passage à niveau,Normale,Sans collision,3,2,2,0,1,3,1,4,6,30,,1,0,1,0,0,55.0,,,,2,1,8,1,7
202100037899,2021-05-28 21:10:00,2021,5,28,21,10,39,39470,,46.486834,6.079692,Plein jour,Hors agglomération,Hors intersection,Normale,Sans collision,3,2,2,0,2,2,1,0,3,80,,2,0,0,1,1,29.0,,,,1,1,1,1,7
202100037900,2021-05-28 21:10:00,2021,5,28,21,10,44,44100,D59- ld la Bournaire,47.113729,-1.349924,Crépuscule ou aube,Hors agglomération,Intersection en X,Normale,Deux véhicules - côté,3,2,2,0,1,1,1,0,1,80,,2,1,0,1,0,24.0,26.0,,,2,1,2,1,3
202100037901,2021-05-28 13:45:00,2021,5,28,13,45,29,29113,Rue des 4 Vents,48.640388,-3.720471,Plein jour,En agglomération,Intersection en T,Normale,Deux véhicules - côté,3,2,2,0,1,1,1,0,1,50,,3,1,0,2,0,58.0,89.0,,,1,2,3,1,3
202100037902,2021-05-28 20:45:00,2021,5,28,20,45,29,29003,21 Route de la Pointe du Raz,48.032807,-4.569825,Plein jour,Hors agglomération,Hors intersection,Normale,Sans collision,3,2,2,0,1,1,1,0,1,70,,1,0,0,0,1,17.0,,,,1,1,1,1,7
202100037903,2021-05-29 16:30:00,2021,5,29,16,30,15,15215,Lieu Dit Oyez,44.97681,2.519249,Plein jour,Hors agglomération,Hors intersection,Normale,Deux véhicules - arrière,3,2,2,2,1,1,1,0,5,90,,2,1,0,1,0,51.0,68.0,,,1,1,1,1,2
202100037904,2021-05-29 16:20:00,2021,5,29,16,20,15,15211,D2,45.018484,2.195281,Plein jour,Hors agglomération,Hors intersection,Normale,Sans collision,3,2,2,0,1,1,1,0,1,90,,1,0,0,1,0,51.0,,,,1,1,1,1,7
202100037905,2021-05-28 20:30:00,2021,5,28,20,30,01,01374,RD1075,46.118608968,5.2973377192,Crépuscule ou aube,Hors agglomération,Intersection en X,Normale,Deux véhicules - côté,3,2,1,0,1,1,1,0,1,80,,2,0,0,0,2,28.0,25.0,,,2,1,2,1,3
202100037906,2021-05-29 08:30:00,2021,5,29,8,30,06,06105,2544 Route de Grasse,43.662401,7.062928,Plein jour,En agglomération,Hors intersection,Normale,Trois véhicules et plus - collisions multiples,3,2,2,0,2,3,1,0,1,50,,3,1,0,2,0,44.0,26.0,,,1,2,1,1,5
202100037907,2021-05-28 16:45:00,2021,5,28,16,45,14,14520,D151,49.156148,0.145016,Plein jour,Hors agglomération,Intersection en T,Normale,Deux véhicules - côté,3,2,2,0,1,1,1,0,1,80,,5,1,0,3,1,29.0,37.0,,,1,1,3,1,3
202100037908,2021-05-29 11:50:00,2021,5,29,11,50,83,83012,Route de Marseille,43.550321,6.000295,Plein jour,Hors agglomération,Hors intersection,Normale,Sans collision,3,2,2,0,3,3,1,0,1,80,,1,0,0,1,0,59.0,,,,1,1,1,1,7
202100037909,2021-05-29 15:00:00,2021,5,29,15,0,60,60595,Rue de Rotibequet,49.480673,2.424588,Plein jour,Hors agglomération,Hors intersection,Normale,Sans collision,9,-1,5,0,2,1,1,0,8,5,,1,0,0,1,0,29.0,,,,1,1,1,1,7
202100037910,2021-05-28 21:50:00,2021,5,28,21,50,10,10437,Rue Jean Monnet,48.144592,4.299769,Nuit avec éclairage allumé,En agglomération,Autre intersection,Normale,Deux véhicules - frontale,3,2,2,0,1,1,1,0,1,50,,2,1,0,0,1,19.0,17.0,,,5,2,9,1,1
202100037911,2021-05-28 10:45:00,2021,5,28,10,45,07,07080,lieu dit Malleval,45.061942,4.429223,Plein jour,Hors agglomération,Hors intersection,Normale,Deux véhicules - frontale,3,2,2,0,2,2,1,0,1,80,,2,1,0,1,0,49.0,49.0,,,1,1,1,1,1
202100037912,2021-05-29 09:45:00,2021,5,29,9,45,07,07289,Route de l'Escrinet,44.634952,4.423521,Plein jour,Hors agglomération,Hors intersection,Normale,Deux véhicules - arrière,3,2,2,0,1,1,1,0,1,80,,2,1,0,1,0,39.0,66.0,,,1,1,1,1,2
202100037913,2021-05-27 23:00:00,2021,5,27,23,0,85,85288,50 Rue de Cayola,46.453868,-1.710505,Nuit sans éclairage public,En agglomération,Hors intersection,Normale,Sans collision,3,2,2,1,1,2,1,0,3,50,,3,2,0,0,1,32.0,,,,3,2,1,1,7
202100037914,2021-05-28 18:45:00,2021,5,28,18,45,85,85255,17 Rue Georges Clémenceau,46.354638,-1.247768,Plein jour,En agglomération,Hors intersection,Normale,Autre collision,3,2,2,0,1,3,1,0,4,50,,2,1,0,1,0,43.0,,,,1,2,1,1,6
202100037915,2021-05-28 17:30:00,2021,5,28,17,30,87,87128,"RD 711 lieu-dit ""Quinsac""",46.084126,1.221457,Plein jour,Hors agglomération,Hors intersection,Normale,Sans collision,3,2,2,0,2,3,9,0,8,50,,1,0,0,1,0,68.0,,,,1,1,1,1,7
202100037916,2021-05-29 11:00:00,2021,5,29,11,0,48,48176,D 996,44.191559,3.23616,Plein jour,Hors agglomération,Hors intersection,Normale,Autre collision,3,2,2,0,2,2,1,0,3,90,,1,0,1,0,0,80.0,,,,1,1,1,1,6
202100037917,2021-05-28 17:10:00,2021,5,28,17,10,52,52230,N67 PK46.650,48.321346,5.119999,Plein jour,Hors agglomération,Autre intersection,Normale,Deux véhicules - côté,2,2,2,0,4,2,1,0,1,80,,3,0,0,2,1,81.0,58.0,,,1,1,9,1,3
202100037918,2021-05-27 21:00:00,2021,5,27,21,0,08,08363,178 Rue Jean Macé,49.943222,4.632958,Plein jour,En agglomération,Hors intersection,Normale,Autre collision,4,2,2,0,1,1,1,0,1,50,,1,0,0,1,0,65.0,,,,1,2,1,1,6
202100037919,2021-05-28 19:39:00,2021,5,28,19,39,973,97307,route nationale 2 PK 8,4.815773,-52.350025,Nuit sans éclairage public,Hors agglomération,Hors intersection,Normale,Deux véhicules - arrière,2,2,2,0,1,1,1,0,1,-1,,2,1,1,0,0,,57.0,,,3,1,1,1,2
202100037920,2021-05-28 20:00:00,2021,5,28,20,0,973,97309,163 Route du Mahury,4.882297,-52.275611,Nuit sans éclairage public,En agglomération,Hors intersection,Temps couvert,Deux véhicules - frontale,4,2,2,0,4,2,3,0,5,50,,2,1,0,1,0,30.0,22.0,,,3,2,1,8,1
202100037921,2021-05-29 08:40:00,2021,5,29,8,40,06,06083,"A8, entrée 59 MENTON, chaussée Nord, PK220.088",43.797019,7.481496,Plein jour,Hors agglomération,Autre intersection,Normale,Trois véhicules et plus - en chaîne,1,1,1,0,3,3,1,3,6,50,,3,2,0,0,1,61.0,24.0,,,1,1,9,1,4
202100037922,2021-05-28 18:15:00,2021,5,28,18,15,971,97114,Route de Moreau,16.130499,-61.587564,Plein jour,Hors agglomération,Hors intersection,Normale,Autre collision,4,2,2,0,1,2,1,0,3,30,,4,1,0,1,2,21.0,,,,1,1,1,1,6
202100037923,2021-05-28 22:45:00,2021,5,28,22,45,78,78206,D43,48.959127,1.925315,Nuit sans éclairage public,Hors agglomération,Hors intersection,Normale,Deux véhicules - frontale,3,2,2,0,1,1,1,0,1,80,,2,0,0,0,2,61.0,42.0,,,3,1,1,1,1
202100037924,2021-05-29 12:00:00,2021,5,29,12,0,34,34238,lieu dit les prats,43.84793,3.646345,Plein jour,Hors agglomération,Hors intersection,Normale,Sans collision,3,2,2,0,1,1,1,0,1,-1,,1,0,0,1,0,69.0,,,,1,1,1,1,7
202100037925,2021-05-29 09:30:00,2021,5,29,9,30,84,84138,Route de Baume-de-transit,44.371907,4.96618,Plein jour,En agglomération,Intersection en T,Normale,Autre collision,3,2,2,0,1,1,1,0,1,50,,3,1,0,0,2,31.0,49.0,,,1,2,3,1,6
202100037926,2021-05-28 18:02:00,2021,5,28,18,2,71,71526,D54,46.296551,4.713306,Plein jour,En agglomération,Hors intersection,Normale,Sans collision,3,2,2,0,2,3,1,0,1,50,,1,0,0,1,0,51.0,,,,1,2,1,1,7
202100037927,2021-05-28 21:30:00,2021,5,28,21,30,21,21106,M968,47.240536,5.104158,Crépuscule ou aube,Hors agglomération,Intersection en X,Normale,Deux véhicules - côté,7,2,2,0,1,1,1,5,1,70,,3,0,0,2,1,28.0,45.0,,,2,1,2,1,3
202100037928,2021-05-29 16:50:00,2021,5,29,16,50,55,55435,route de st dizier,48.741446,5.034935,Plein jour,En agglomération,Intersection en T,Normale,Sans collision,3,2,2,0,1,1,1,0,1,50,,2,1,0,1,0,70.0,29.0,,,1,2,3,1,7
202100037929,2021-05-29 17:22:00,2021,5,29,17,22,57,57058,D31,49.15828,6.964873,Plein jour,Hors agglomération,Intersection en T,Normale,Deux véhicules - côté,3,2,2,0,1,1,1,0,1,80,,2,1,0,0,1,69.0,36.0,,,1,1,3,1,3
202100037930,2021-05-28 15:20:00,2021,5,28,15,20,03,03054,Route départementale 53,46.492365,3.516569,Plein jour,Hors agglomération,Intersection en T,Normale,Deux véhicules - côté,3,2,2,0,1,1,1,5,1,90,,2,1,0,0,1,49.0,49.0,,,1,1,3,1,3
202100037931,2021-05-29 18:30:00,2021,5,29,18,30,63,63470,D986,45.870529,3.025725,Plein jour,Hors agglomération,Hors intersection,Normale,Deux véhicules - arrière,3,3,4,0,2,2,1,0,1,80,,2,1,0,1,0,44.0,27.0,,,1,1,1,1,2
202100037932,2021-05-29 16:15:00,2021,5,29,16,15,42,42094,Chemin des Vauches,45.724121,4.222076,Plein jour,Hors agglomération,Hors intersection,Normale,Autre collision,4,-1,2,0,1,1,1,0,3,50,,2,1,0,0,1,29.0,,,,1,1,1,1,6
202100037933,2021-05-29 15:10:00,2021,5,29,15,10,38,38067,Route de Vienne,45.68015,5.16845,Plein jour,Hors agglomération,Hors intersection,Normale,Deux véhicules - côté,3,2,2,0,1,1,1,0,1,80,,4,1,0,0,3,32.0,44.0,,,1,1,1,1,3
202100037934,2021-05-27 07:45:00,2021,5,27,7,45,26,26347,Avenue des Comtes de Larnage,45.068671,4.841709,Crépuscule ou aube,En agglomération,Intersection en Y,Normale,Deux véhicules - côté,2,2,2,-1,1,1,1,5,1,-1,,2,1,0,1,0,26.0,46.0,,,2,2,4,1,3
202100037935,2021-05-26 05:32:00,2021,5,26,5,32,26,26085,voie verte,44.512406,4.722555,Crépuscule ou aube,Hors agglomération,Hors intersection,Normale,Autre collision,9,-1,1,3,1,3,1,6,6,-1,,2,0,0,1,1,29.0,,,,2,1,1,1,6
202100037936,2021-05-22 22:45:00,2021,5,22,22,45,49,49194,Route du Parc de Montgeoffroy,47.4745415305,-0.2709042946,Nuit sans éclairage public,Hors agglomération,Hors intersection,Normale,Sans collision,4,2,2,0,1,3,1,0,1,80,,1,0,0,1,0,16.0,,,,3,1,1,1,7
202100037937,2021-05-28 14:40:00,2021,5,28,14,40,29,29181,Lieu-dit Kerhamon,48.463891,-4.228953,Plein jour,Hors agglomération,Intersection en X,Normale,Deux véhicules - côté,3,2,2,0,1,3,1,0,1,80,,2,0,0,1,1,30.0,41.0,,,1,1,2,1,3
202100037938,2021-04-22 11:40:00,2021,4,22,11,40,22,22093,D28,48.484962,-2.460503,Plein jour,Hors agglomération,Intersection en T,Normale,Deux véhicules - côté,3,2,2,0,1,2,1,0,1,80,,2,1,0,1,0,27.0,73.0,,,1,1,3,1,3
202100037939,2021-05-26 18:20:00,2021,5,26,18,20,27,27568,Manoir de Pommereuil (Patrimoine national),48.96504,0.865914,Plein jour,Hors agglomération,Hors intersection,Normale,Sans collision,3,2,2,0,1,1,1,0,1,80,,2,1,0,1,0,60.0,54.0,,,1,1,1,1,7
202100037940,2021-05-28 21:15:00,2021,5,28,21,15,59,59250,Route Nationale Nationale 41,50.581104,2.889115,Plein jour,Hors agglomération,Hors intersection,Normale,Autre collision,2,3,4,0,1,1,1,0,2,90,,1,0,1,0,0,26.0,,,,1,1,1,1,6
202100037941,2021-05-27 07:05:00,2021,5,27,7,5,13,13211,A50-Sens Marseille vers Aubagne,43.28736,5.43907,Plein jour,Hors agglomération,Hors intersection,Normale,Trois véhicules et plus - en chaîne,1,3,3,0,1,1,1,0,1,90,,3,1,0,0,2,38.0,31.0,,,1,1,1,1,4
202100037942,2021-05-27 22:15:00,2021,5,27,22,15,83,83137,A57,43.12933,5.977538,Nuit sans éclairage public,Hors agglomération,Hors intersection,Normale,Deux véhicules - arrière,1,3,2,0,1,1,1,8,1,70,,4,1,0,0,3,26.0,23.0,,,3,1,1,1,2
202100037943,2021-05-27 19:00:00,2021,5,27,19,0,59,59350,ROUTE NATIONALE 356,50.6179213769,3.0819225311,Plein jour,Hors agglomération,Hors intersection,Normale,Autre collision,2,3,5,0,1,3,1,0,1,90,,1,0,0,0,1,29.0,,,,1,1,1,1,6
202100037944,2021-05-27 18:20:00,2021,5,27,18,20,59,59426,AUTOROUTE A22,50.754061,3.148257,Plein jour,Hors agglomération,Hors intersection,Normale,Deux véhicules - arrière,1,3,2,0,1,1,1,0,1,90,,2,1,0,1,0,25.0,73.0,,,1,1,1,1,2
202100037945,2021-05-28 13:55:00,2021,5,28,13,55,94,94034,AUTOROUTE A86,48.75955,2.32229,Plein jour,Hors agglomération,Hors intersection,Normale,Deux véhicules - arrière,1,1,2,0,1,1,1,1,1,70,,2,1,0,0,1,32.0,69.0,,,1,1,1,1,2
202100037946,2021-05-28 08:40:00,2021,5,28,8,40,91,91659,AUTOROUTE A6,48.59065,2.44628,Plein jour,Hors agglomération,Hors intersection,Normale,Deux véhicules - côté,1,3,6,0,1,1,1,0,1,110,,2,1,0,0,1,25.0,20.0,,,1,1,1,1,3
202100037947,2021-05-28 16:00:00,2021,5,28,16,0,78,78206,A13,48.955042,1.938143,Plein jour,Hors agglomération,Hors intersection,Normale,Deux véhicules - arrière,1,-1,3,0,1,1,1,0,1,130,,3,1,0,0,2,55.0,44.0,,,1,1,1,1,2
202100037948,2021-05-28 19:30:00,2021,5,28,19,30,93,93064,AUTOROUTE A86,48.86796,2.48188,Plein jour,Hors agglomération,Hors intersection,Normale,Deux véhicules - arrière,1,3,6,0,1,1,1,0,1,90,,3,1,0,0,2,35.0,55.0,,,1,1,1,1,2
202100037949,2021-05-28 14:45:00,2021,5,28,14,45,93,93007,AUTOROUTE A1,48.94459,2.4383,Plein jour,Hors agglomération,Hors intersection,Normale,Trois véhicules et plus - collisions multiples,1,3,8,0,1,1,1,2,1,110,,3,1,0,0,2,29.0,43.0,,,1,1,1,1,5
202100037950,2021-05-28 17:15:00,2021,5,28,17,15,77,77514,A104,48.93861,2.62813,Plein jour,Hors agglomération,Hors intersection,Normale,Deux véhicules - côté,1,3,6,0,1,1,1,0,1,90,,2,1,0,1,0,31.0,41.0,,,1,1,1,1,3
202100037951,2021-05-23 20:40:00,2021,5,23,20,40,52,52448,CEZANNE (RUE PAUL),48.64347,4.96826,Crépuscule ou aube,En agglomération,Hors intersection,Temps couvert,Autre collision,4,-1,2,0,1,1,1,0,1,50,,2,1,0,1,0,40.0,,,,2,2,1,8,6