accident_id,datetime,annee,mois,jour,heure,minute,departement,commune_insee,adresse,latitude,longitude,luminosite,agglomeration,intersection,meteo,collision,catr,circ,nbv,vosp,prof,plan,surf,infra,situ,vma,nb_vehicules,nb_usagers,nb_indemnes,nb_tues,nb_blesses_hosp,nb_blesses_legers,age_cond_1,age_cond_2,veh_type_cond_1,veh_type_cond_2,lum_code,agg_code,int_code,atm_code,col_code
202100037952,2021-05-27 21:06:00,2021,5,27,21,6,17,17300,SAUTEL  BOULEVARD ANDRE,46.17119,-1.12299,Crépuscule ou aube,En agglomération,Intersection en X,Normale,Deux véhicules - côté,4,3,4,0,1,1,1,5,8,50,,2,0,0,0,2,21.0,48.0,,,2,2,2,1,3
202100037953,2021-05-27 22:10:00,2021,5,27,22,10,93,93050,Rue Marx Dormoy,48.85402,2.53241,Nuit avec éclairage non allumé,En agglomération,Hors intersection,Normale,Deux véhicules - frontale,3,2,3,0,3,1,1,4,1,50,,2,1,0,0,1,23.0,36.0,,,4,2,1,1,1
202100037954,2021-05-26 10:55:00,2021,5,26,10,55,988,98818,VOIE DE DEGAGEMENT EST/RUE CHARLEROI,-22.28001,166.46515,Plein jour,En agglomération,Intersection en T,Normale,Deux véhicules - arrière,4,2,2,0,1,1,1,0,1,50,,2,1,0,0,1,63.0,64.0,,,1,2,3,1,2
202100037955,2021-05-27 16:30:00,2021,5,27,16,30,974,97411,JAURES (BOULEVARD JEAN),-20.90192,55.49856,Plein jour,En agglomération,Hors intersection,Normale,Deux véhicules - arrière,2,3,4,0,1,1,1,0,1,70,,3,1,0,0,2,60.0,51.0,,,1,2,1,1,2
202100037956,2021-05-27 08:25:00,2021,5,27,8,25,974,97411,HOARAU (RUE MARCEL),-20.9045,55.491,Plein jour,En agglomération,Hors intersection,Normale,Sans collision,4,2,1,0,2,1,1,0,1,30,,1,0,0,0,1,16.0,,,,1,2,1,1,7
202100037957,2021-05-27 13:30:00,2021,5,27,13,30,973,97302,FELIX EBOUE(ROCADE),4.9303502349,-52.3140928746,Plein jour,En agglomération,Autre intersection,Pluie légère,Deux véhicules - arrière,3,-1,2,0,1,1,2,9,1,50,,2,1,0,0,1,18.0,44.0,,,1,2,9,2,2
202100037958,2021-05-27 11:00:00,2021,5,27,11,0,973,97302,MONTABO (ROUTE DE) 1,4.94336,-52.30647,Plein jour,En agglomération,Autre intersection,Normale,Deux véhicules - côté,3,2,2,1,1,1,1,0,1,50,,2,1,0,0,1,41.0,44.0,,,1,2,9,1,3
202100037959,2021-05-27 10:15:00,2021,5,27,10,15,973,97302,CATAYEE (JUSTIN),4.92498,-52.32363,Plein jour,En agglomération,Giratoire,Pluie légère,Deux véhicules - côté,3,1,1,0,1,3,2,9,1,50,,3,2,0,0,1,76.0,41.0,,,1,2,6,2,3
202100037960,2021-05-27 13:50:00,2021,5,27,13,50,69,69386,JULES FAVRE                         (BD),45.76394,4.85824,Plein jour,En agglomération,Hors intersection,Normale,Trois véhicules et plus - en chaîne,4,1,1,0,1,1,1,0,1,50,,3,1,0,0,2,22.0,22.0,,,1,2,1,1,4
202100037961,2021-05-27 09:20:00,2021,5,27,9,20,69,69388,ST MATHIEU (R),45.7424745728,4.8645552993,Plein jour,En agglomération,Hors intersection,Normale,Autre collision,4,1,1,0,1,1,1,0,1,50,,2,1,0,0,1,41.0,,,,1,2,1,1,6
202100037962,2021-05-23 13:15:00,2021,5,23,13,15,69,69259,TURFISTES (DES)                     (BD),45.7162866664,4.9013417289,Plein jour,En agglomération,Hors intersection,Normale,Autre collision,4,2,2,0,1,1,1,0,8,30,,2,1,0,0,1,27.0,,,,1,2,1,1,6
202100037963,2021-05-23 19:20:00,2021,5,23,19,20,69,69259,JULES FERRY (R),45.69811,4.88625,Plein jour,En agglomération,Hors intersection,Normale,Autre collision,4,2,2,0,1,1,1,0,1,50,,2,1,0,0,1,47.0,,,,1,2,1,1,6
202100037964,2021-05-27 13:25:00,2021,5,27,13,25,972,97213,ROUTE NATIONALE 1,14.62013,-60.99388,Plein jour,Hors agglomération,Hors intersection,Normale,Deux véhicules - arrière,2,1,2,0,1,1,1,0,1,70,,3,1,0,0,2,41.0,32.0,,,1,1,1,1,2
202100037965,2021-05-27 16:00:00,2021,5,27,16,0,972,97209,CHATEAUBOEUF (ROUTE DE),14.6191445947,-61.0443701708,Plein jour,Hors agglomération,Hors intersection,Normale,Deux véhicules - côté,3,3,2,0,1,1,1,0,1,60,,2,1,0,0,1,51.0,42.0,,,1,1,1,1,3
202100037966,2021-05-27 14:50:00,2021,5,27,14,50,69,69389,MARIETTON (R),45.7762362847,4.7982896419,Plein jour,En agglomération,Hors intersection,Normale,Deux véhicules - frontale,4,2,2,0,1,1,1,0,1,50,,2,1,0,1,0,28.0,66.0,,,1,2,1,1,1
202100037967,2021-05-27 08:15:00,2021,5,27,8,15,2B,2B033,AV DE LA LIBERATION,42.68511,9.44505,Plein jour,En agglomération,Hors intersection,Normale,Deux véhicules - côté,4,2,2,0,1,1,1,0,1,50,,2,1,0,0,1,19.0,40.0,,,1,2,1,1,3
202100037968,2021-05-25 23:15:00,2021,5,25,23,15,95,95539,DIVISION LECLERC (AVENUE DE LA ),48.991633,2.360146,Nuit avec éclairage allumé,En agglomération,Intersection en X,Pluie forte,Deux véhicules - côté,3,4,3,0,1,1,2,5,1,50,,2,1,0,1,0,21.0,37.0,,,5,2,2,3,3
202100037969,2021-05-27 11:50:00,2021,5,27,11,50,91,91097,AV JEAN MOULIN,48.68177,2.53541,Plein jour,En agglomération,Autre intersection,Normale,Deux véhicules - arrière,6,-1,0,0,1,1,1,9,8,30,,2,1,0,0,1,35.0,49.0,,,1,2,9,1,2
202100037970,2021-05-25 10:05:00,2021,5,25,10,5,87,87085,LECLERC (AVENUE DU GENERAL),45.84162,1.25839,Plein jour,En agglomération,Hors intersection,Pluie légère,Sans collision,4,2,2,0,1,1,2,0,1,50,,1,0,0,0,1,72.0,,,,1,2,1,2,7
202100037971,2021-03-09 16:50:00,2021,3,9,16,50,84,84007,MONCLAR (Avenue),43.94059,4.80634,Plein jour,Hors agglomération,Hors intersection,Normale,Deux véhicules - côté,4,2,2,0,1,1,1,0,1,50,,2,1,0,1,0,46.0,51.0,,,1,1,1,1,3
202100037972,2021-05-27 15:30:00,2021,5,27,15,30,83,83069,AEROPORT (AVENUE DE L'),43.093041,6.139775,Plein jour,En agglomération,Hors intersection,Normale,Deux véhicules - côté,7,2,2,0,1,1,1,0,1,70,,3,1,0,0,2,48.0,17.0,,,1,2,1,1,3
202100037973,2021-05-27 13:20:00,2021,5,27,13,20,83,83069,GIENS (ROUTE DE ),43.060132,6.147042,Plein jour,Hors agglomération,Hors intersection,Normale,Deux véhicules - côté,7,2,2,0,1,1,1,0,1,50,,2,1,0,0,1,70.0,26.0,,,1,1,1,1,3
202100037974,2021-05-21 18:36:00,2021,5,21,18,36,80,80021,RUE D ELA RIVIERE DE CASSIS,49.91283,2.29901,Plein jour,En agglomération,Intersection en X,Normale,Deux véhicules - frontale,4,-1,2,0,1,1,1,0,1,50,,2,1,0,0,1,40.0,21.0,,,1,2,2,1,1
202100037975,2021-05-26 19:35:00,2021,5,26,19,35,78,78551,RD 190,48.91577,2.0661,Plein jour,Hors agglomération,Hors intersection,Normale,Deux véhicules - arrière,3,3,2,0,1,1,1,0,1,70,,2,1,0,0,1,48.0,58.0,,,1,1,1,1,2
202100037976,2021-05-23 12:45:00,2021,5,23,12,45,78,78498,CAPUCINES RUE DES,48.9255,2.04163,Plein jour,En agglomération,Intersection en X,Normale,Deux véhicules - côté,4,1,1,0,2,1,1,9,1,30,,3,1,0,0,2,22.0,17.0,,,1,2,2,1,3
202100037977,2021-05-26 21:00:00,2021,5,26,21,0,77,77131,STRASBOURG (AVENUE DE),48.80514,3.08487,Plein jour,En agglomération,Hors intersection,Normale,Deux véhicules - côté,3,3,2,0,1,1,1,0,1,50,,4,2,0,0,2,23.0,24.0,,,1,2,1,1,3
202100037978,2021-05-25 22:35:00,2021,5,25,22,35,76,76351,GENERAL FERRIE (AVENUE),49.5047,0.17714,Nuit avec éclairage allumé,Hors agglomération,Hors intersection,Pluie légère,Deux véhicules - frontale,4,2,4,2,2,2,2,8,1,50,,2,1,0,0,1,36.0,36.0,,,5,1,1,2,1
202100037979,2021-05-27 15:50:00,2021,5,27,15,50,76,76217,AVE CHARLES NICOLLE,49.92834,1.10377,Plein jour,En agglomération,Hors intersection,Normale,Autre collision,4,2,0,0,1,1,1,0,1,50,,2,1,0,0,1,75.0,,,,1,2,1,1,6
202100037980,2021-05-27 07:30:00,2021,5,27,7,30,73,73065,COMTE VERT (AVENUE DU),45.5703546899,5.9152953847,Plein jour,En agglomération,Hors intersection,Normale,Deux véhicules - côté,4,2,2,0,1,1,1,0,1,50,,2,1,0,0,1,74.0,51.0,,,1,2,1,1,3
202100037981,2021-05-26 14:30:00,2021,5,26,14,30,71,71076,THENARD (RUE LOUIS JACQUES),46.81059,4.85265,Plein jour,Hors agglomération,Hors intersection,Normale,Autre collision,4,2,0,2,1,1,1,9,8,50,,2,1,0,1,0,57.0,,,,1,1,1,1,6
202100037982,2021-05-26 11:10:00,2021,5,26,11,10,71,71445,RENE CASSIN (RUE),46.7725371694,4.8682812572,Plein jour,Hors agglomération,Hors intersection,Normale,Deux véhicules - côté,4,2,2,0,1,1,1,0,1,50,,2,1,0,1,0,28.0,52.0,,,1,1,1,1,3
202100037983,2021-05-27 12:35:00,2021,5,27,12,35,69,69266,LEON BLUM (R),45.7608085891,4.9071756228,Plein jour,En agglomération,Hors intersection,Normale,Autre collision,4,2,4,0,1,1,1,0,1,50,,2,1,0,0,1,47.0,,,,1,2,1,1,6
202100037984,2021-05-05 01:30:00,2021,5,5,1,30,69,69266,JULES KUMER (R),45.76612,4.89062,Nuit avec éclairage allumé,En agglomération,Intersection en X,Normale,Deux véhicules - côté,4,1,1,1,1,1,1,0,1,50,,4,2,0,0,2,21.0,25.0,,,5,2,2,1,3
202100037985,2021-05-27 07:50:00,2021,5,27,7,50,69,69115,LIBERATION (DE LA) (AV),45.9773012521,4.7077006102,Plein jour,En agglomération,Giratoire,Normale,Deux véhicules - côté,3,1,1,0,1,2,1,0,1,50,,2,1,0,0,1,19.0,38.0,,,1,2,6,1,3
202100037986,2021-03-16 17:00:00,2021,3,16,17,0,69,69264,PLAGE (DE LA) (AV),45.98363,4.74821,Crépuscule ou aube,En agglomération,Hors intersection,Normale,Sans collision,9,2,2,0,1,1,1,0,1,50,,3,0,3,0,0,39.0,,,,2,2,1,1,7
202100037987,2021-05-25 12:26:00,2021,5,25,12,26,67,67482,ALTENHEIM (ROUTE D ),48.5367,7.77092,Plein jour,En agglomération,Hors intersection,Pluie légère,Sans collision,4,2,2,0,1,1,2,9,3,30,,2,1,0,0,1,46.0,,,,1,2,1,2,7
202100037988,2021-05-27 16:00:00,2021,5,27,16,0,65,65226,HERRAN (RUE DU),43.240158,0.01848,Plein jour,En agglomération,Intersection en T,Normale,Deux véhicules - côté,3,2,2,0,2,3,1,0,1,50,,3,1,0,0,2,82.0,49.0,,,1,2,3,1,3
202100037989,2021-05-26 23:00:00,2021,5,26,23,0,64,64483,LAYATS (AVENUE DE),43.3995,-1.64069,Nuit sans éclairage public,En agglomération,Autre intersection,Normale,Autre collision,3,1,2,0,1,1,1,0,1,50,,2,1,0,0,1,23.0,44.0,,,3,2,9,1,6
202100037990,2021-05-27 11:20:00,2021,5,27,11,20,64,64545,OLHETTE (ROUTE D'),43.35958,-1.66335,Plein jour,En agglomération,Autre intersection,Normale,Deux véhicules - côté,3,-1,-1,0,1,1,1,0,1,50,,2,1,0,0,1,19.0,40.0,,,1,2,9,1,3
202100037991,2021-05-27 12:10:00,2021,5,27,12,10,64,64348,EUROPE DE L',43.3167,-0.39521,Plein jour,Hors agglomération,Hors intersection,Normale,Deux véhicules - arrière,3,-1,2,0,1,1,1,0,1,70,,2,1,0,0,1,50.0,60.0,,,1,1,1,1,2
202100037992,2021-05-27 10:25:00,2021,5,27,10,25,64,64348,avenue des Martyrs du Pont Long,43.3479,-0.38004,Plein jour,En agglomération,Hors intersection,Normale,Deux véhicules - côté,3,2,2,2,1,1,1,0,1,50,,2,1,0,0,1,66.0,78.0,,,1,2,1,1,3
202100037993,2021-05-26 14:25:00,2021,5,26,14,25,64,64102,ALSACE LORRAINE (BOULEVARD),43.49236,-1.465,Plein jour,En agglomération,Intersection en T,Normale,Deux véhicules - côté,4,2,2,0,1,1,1,0,1,30,,2,0,0,0,2,31.0,22.0,,,1,2,3,1,3
202100037994,2021-05-26 20:05:00,2021,5,26,20,5,63,63113,FRANCE (RUE ANATOLE),45.77957,3.11589,Plein jour,En agglomération,Intersection en Y,Normale,Deux véhicules - arrière,4,1,2,0,1,1,1,0,1,50,,2,1,0,0,1,47.0,28.0,,,1,2,4,1,2
202100037995,2021-05-26 07:59:00,2021,5,26,7,59,63,63032,HOTEL DE VILLE (RUE DE L'),45.7532758993,3.0877860635,Plein jour,En agglomération,Intersection à plus de 4 branches,Normale,Autre collision,7,2,3,0,1,1,1,0,1,50,,2,1,0,0,1,24.0,,,,1,2,5,1,6
202100037996,2021-05-27 05:00:00,2021,5,27,5,0,61,61497,Les longs bas,48.47295,0.10538,Nuit sans éclairage public,Hors agglomération,Hors intersection,Normale,Sans collision,3,-1,2,0,1,1,1,0,1,90,,1,0,0,1,0,56.0,,,,3,1,1,1,7
202100037997,2021-05-27 17:30:00,2021,5,27,17,30,59,59599,GRAMME (CHAUSSEE),50.7377,3.16437,Plein jour,En agglomération,Hors intersection,Normale,Trois véhicules et plus - collisions multiples,7,3,4,0,1,1,1,0,1,50,,4,3,0,0,1,26.0,68.0,,,1,2,1,1,5
202100037998,2021-05-28 00:00:00,2021,5,28,0,0,59,59368,DE COUBERTIN PIERRE  BOULEVARD,50.647559,3.071937,Nuit avec éclairage allumé,En agglomération,Intersection en Y,Normale,Autre collision,7,1,3,0,1,1,1,0,1,70,,4,0,0,0,4,40.0,,,,5,2,4,1,6
202100037999,2021-05-27 08:51:00,2021,5,27,8,51,49,49007,GARE PLACE,47.465,-0.55717,Plein jour,En agglomération,Hors intersection,Normale,Deux véhicules - côté,4,-1,2,0,1,1,1,0,1,50,,2,1,0,0,1,46.0,23.0,,,1,2,1,1,3
202100038000,2021-05-26 16:06:00,2021,5,26,16,6,49,49353,LEFEVRE,47.44563,-0.48749,Plein jour,En agglomération,Hors intersection,Normale,Sans collision,4,-1,2,0,1,1,1,0,1,50,,1,0,0,0,1,57.0,,,,1,2,1,1,7
202100038001,2021-05-27 14:40:00,2021,5,27,14,40,45,45234,Rue Fernand Rabier,47.90394,1.90973,Plein jour,En agglomération,Intersection en X,Normale,Trois véhicules et plus - en chaîne,7,1,1,0,1,1,1,0,1,50,,3,2,0,0,1,31.0,38.0,,,1,2,2,1,4
202100038002,2021-05-24 16:50:00,2021,5,24,16,50,44,44184,FRATERNITÉ (BOULEVARD DE LA),47.28261,-2.21938,Plein jour,En agglomération,Hors intersection,Normale,Deux véhicules - côté,4,2,2,1,1,1,1,0,1,50,,2,1,0,0,1,18.0,34.0,,,1,2,1,1,3
202100038003,2021-05-27 16:45:00,2021,5,27,16,45,44,44109,BD DE LA BEAUJOIRE,47.25897,-1.52541,Plein jour,En agglomération,Hors intersection,Normale,Deux véhicules - côté,4,2,2,3,1,1,1,0,1,30,,2,1,0,1,0,26.0,38.0,,,1,2,1,1,3
202100038004,2021-05-22 22:15:00,2021,5,22,22,15,42,42207,Avenue de la Libération,45.4732011177,4.5162682502,Nuit avec éclairage non allumé,En agglomération,Intersection en Y,Pluie légère,Deux véhicules - côté,4,1,1,0,3,1,2,5,1,50,,4,2,0,1,1,33.0,24.0,,,4,2,4,2,3
202100038005,2021-05-27 13:03:00,2021,5,27,13,3,42,42095,Place du Marché,45.38651,4.28604,Plein jour,En agglomération,Place,Normale,Autre collision,4,2,2,0,2,3,1,0,1,30,,2,1,0,1,0,55.0,,,,1,2,7,1,6
202100038006,2021-05-27 08:45:00,2021,5,27,8,45,38,38185,Rue Auguste Ravier,45.1822,5.7387,Plein jour,En agglomération,Hors intersection,Normale,Autre collision,4,2,2,0,1,1,1,0,6,50,,2,1,0,0,1,,,,,1,2,1,1,6
202100038007,2021-05-27 09:42:00,2021,5,27,9,42,37,37208,CORMERY (RUE DE),47.3419801871,0.7374315262,Plein jour,En agglomération,Giratoire,Normale,Autre collision,4,2,2,1,1,3,1,5,1,30,,2,1,0,1,0,60.0,,,,1,2,6,1,6
202100038008,2021-05-26 10:55:00,2021,5,26,10,55,37,37261,GRAMMONT (AVENUE DE),47.38913,0.68931,Plein jour,En agglomération,Hors intersection,Temps couvert,Autre collision,4,3,4,3,1,1,1,0,6,50,,2,1,0,0,1,50.0,,,,1,2,1,8,6
202100038009,2021-05-27 18:45:00,2021,5,27,18,45,35,35238,VILLEBOIS MAREUIL (BD),48.10529,-1.65053,Plein jour,En agglomération,Hors intersection,Normale,Trois véhicules et plus - en chaîne,4,2,2,2,1,1,1,0,1,30,,4,3,0,0,1,72.0,49.0,,,1,2,1,1,4
202100038010,2021-05-26 13:00:00,2021,5,26,13,0,35,35238,CUCILLE (AVENUE DE),48.128693,-1.698332,Plein jour,En agglomération,Autre intersection,Pluie légère,Deux véhicules - côté,4,2,2,1,1,1,2,0,5,50,,2,1,0,0,1,26.0,42.0,,,1,2,9,2,3
202100038011,2021-05-23 10:00:00,2021,5,23,10,0,34,34032,RD.64,43.31368,3.20628,Plein jour,Hors agglomération,Hors intersection,Normale,Deux véhicules - côté,3,2,2,0,1,1,1,0,1,80,,5,0,0,2,3,59.0,29.0,,,1,1,1,1,3
202100038012,2021-05-27 17:15:00,2021,5,27,17,15,33,33281,Rue François Arago,44.85587,-0.67108,Plein jour,En agglomération,Intersection en X,Normale,Deux véhicules - côté,4,2,2,0,1,1,1,0,1,50,,2,1,0,0,1,27.0,62.0,,,1,2,2,1,3
202100038013,2021-05-26 19:00:00,2021,5,26,19,0,33,33063,Boulevard Alfred Daney,44.86973,-0.56662,Plein jour,En agglomération,Intersection en X,Normale,Deux véhicules - côté,4,1,2,3,1,1,1,2,1,50,,2,1,0,0,1,41.0,41.0,,,1,2,2,1,3
202100038014,2021-05-27 19:25:00,2021,5,27,19,25,31,31069,COMPANS (AV DU GENERAL),43.62694,1.39833,Plein jour,En agglomération,Hors intersection,Normale,Sans collision,7,2,2,0,1,1,1,0,1,50,,1,0,0,1,0,40.0,,,,1,2,1,1,7
202100038015,2021-05-27 14:15:00,2021,5,27,14,15,31,31555,VA008432 LANGLADE A620 Sortie 25,43.56965,1.42423,Plein jour,En agglomération,Hors intersection,Normale,Deux véhicules - arrière,1,1,3,0,1,1,1,0,1,90,,2,1,0,0,1,33.0,25.0,,,1,2,1,1,2
202100038016,2021-05-27 08:45:00,2021,5,27,8,45,31,31555,VA007456 SESQUIERES A620 Sortie 33,43.64771,1.42215,Plein jour,En agglomération,Hors intersection,Normale,Deux véhicules - côté,1,2,2,0,1,1,1,2,1,50,,2,1,0,1,0,39.0,37.0,,,1,2,1,1,3
202100038017,2021-05-26 17:50:00,2021,5,26,17,50,31,31555,AV DE L HERS,43.6139,1.47995,Plein jour,En agglomération,Hors intersection,Normale,Deux véhicules - côté,4,2,1,0,2,1,1,0,1,50,,2,1,0,0,1,44.0,49.0,,,1,2,1,1,3
202100038018,2021-05-26 17:04:00,2021,5,26,17,4,31,31555,BLAGNAC (ROUTE DE),43.6226,1.4051,Plein jour,En agglomération,Hors intersection,Normale,Autre collision,7,2,1,0,1,1,1,0,1,50,,1,0,0,1,0,47.0,,,,1,2,1,1,6
202100038019,2021-05-20 12:20:00,2021,5,20,12,20,30,30189,REINACH SALOMON (RUE),43.832,4.3808,Plein jour,En agglomération,Hors intersection,Normale,Autre collision,4,2,2,0,1,1,1,0,1,50,,2,1,0,1,0,51.0,54.0,,,1,2,1,1,6
202100038020,2021-05-27 21:15:00,2021,5,27,21,15,29,29232,D34 - Boulevard Louis le Guennec,47.9801,-4.10729,Plein jour,Hors agglomération,Hors intersection,Normale,Sans collision,3,3,4,0,1,3,1,0,1,70,,1,0,0,0,1,30.0,,,,1,1,1,1,7
202100038021,2021-05-26 14:50:00,2021,5,26,14,50,26,26198,4 Place du Roubion,44.555265,4.752038,Plein jour,En agglomération,Hors intersection,Normale,Deux véhicules - côté,4,1,1,0,2,1,1,0,1,30,,2,1,0,0,1,51.0,33.0,,,1,2,1,1,3
202100038022,2021-05-27 18:11:00,2021,5,27,18,11,18,18279,PERI (PLACE GABRIEL),47.22486,2.06251,Plein jour,En agglomération,Giratoire,Normale,Deux véhicules - côté,9,1,1,0,1,2,1,0,1,50,,3,2,0,0,1,16.0,79.0,,,1,2,6,1,3
202100038023,2021-05-26 08:00:00,2021,5,26,8,0,14,14167,D226,49.19941,-0.29344,Plein jour,En agglomération,Hors intersection,Normale,Deux véhicules - frontale,3,2,2,0,1,1,1,0,1,50,,2,1,0,0,1,17.0,67.0,,,1,2,1,1,1
202100038024,2021-05-27 18:20:00,2021,5,27,18,20,13,13117,8 MAI 1945 (AVENUE),43.4247,5.2778,Plein jour,En agglomération,Hors intersection,Normale,Deux véhicules - côté,4,2,2,0,1,1,1,0,1,50,,2,1,0,0,1,37.0,,,,1,2,1,1,3
202100038025,2021-05-27 15:15:00,2021,5,27,15,15,13,13208,ANDRE ZENATTI (AVENUE),43.246222,5.388604,Plein jour,En agglomération,Intersection en T,Normale,Deux véhicules - côté,4,2,0,0,1,1,1,0,1,50,,2,1,0,1,0,55.0,24.0,,,1,2,3,1,3
202100038026,2021-05-27 11:30:00,2021,5,27,11,30,13,13211,MIRELLE LAUZE (BOULEVARD),43.286829,5.431362,Plein jour,En agglomération,Hors intersection,Normale,Deux véhicules - côté,4,3,3,0,1,1,1,0,1,50,,3,0,0,1,2,61.0,,,,1,2,1,1,3
202100038027,2021-05-27 12:20:00,2021,5,27,12,20,13,13201,SAINTE BARBE (RUE),43.30136,5.37393,Plein jour,En agglomération,Intersection en X,Normale,Deux véhicules - côté,4,2,4,0,1,1,1,0,1,50,,2,0,0,0,2,47.0,56.0,,,1,2,2,1,3
202100038028,2021-05-27 10:05:00,2021,5,27,10,5,13,13204,SAKAKINI (BOULEVARD),43.29813,5.40115,Plein jour,En agglomération,Hors intersection,Normale,Deux véhicules - côté,4,2,2,0,1,1,1,0,1,50,,2,1,0,0,1,49.0,,,,1,2,1,1,3
202100038029,2021-05-27 09:40:00,2021,5,27,9,40,13,13215,LYON (RUE DE),43.33027,5.36506,Plein jour,En agglomération,Hors intersection,Normale,Autre collision,4,2,2,0,1,1,1,0,1,50,,2,1,0,0,1,,,,,1,2,1,1,6
202100038030,2021-05-27 07:40:00,2021,5,27,7,40,13,13214,ALEX ANSALDI (RUE),43.333014,5.403589,Plein jour,En agglomération,Hors intersection,Normale,Deux véhicules - côté,7,2,3,0,1,2,1,0,1,50,,2,1,0,0,1,53.0,34.0,,,1,2,1,1,3
202100038031,2021-05-26 10:00:00,2021,5,26,10,0,13,13208,VERRERIE (BD DE LA),43.233211,5.36159,Plein jour,En agglomération,Hors intersection,Normale,Deux véhicules - côté,4,2,2,0,1,1,1,0,1,50,,2,1,0,0,1,24.0,29.0,,,1,2,1,1,3
202100038032,2021-05-27 09:50:00,2021,5,27,9,50,09,09013,20 (R.N.) COTE NORD DU TUNNEL,42.98118,1.62339,Plein jour,Hors agglomération,Hors intersection,Normale,Trois véhicules et plus - en chaîne,2,2,2,0,1,2,1,8,1,90,,5,3,0,0,2,83.0,70.0,,,1,1,1,1,4
202100038033,2021-05-27 11:00:00,2021,5,27,11,0,01,01053,SAINT NICOLAS ( BD ) IMPAIR,46.205837,5.234576,Plein jour,En agglomération,Hors intersection,Normale,Autre collision,3,2,4,1,1,1,1,0,1,50,,2,1,0,1,0,91.0,,,,1,2,1,1,6
202100038034,2021-05-25 08:50:00,2021,5,25,8,50,75,75113,QUAI D IVRY,48.825791,2.386589,Plein jour,En agglomération,Hors intersection,Normale,Trois véhicules et plus - en chaîne,4,1,4,0,1,2,1,9,1,70,,3,1,0,1,1,34.0,33.0,,,1,2,1,1,4
202100038035,2021-05-27 08:12:00,2021,5,27,8,12,75,75116,AVENUE DE VERSAILLES,48.840976,2.265508,Plein jour,En agglomération,Intersection en Y,Normale,Deux véhicules - côté,4,2,2,0,1,1,1,0,1,50,,2,1,0,0,1,,28.0,,,1,2,4,1,3
202100038036,2021-05-27 00:30:00,2021,5,27,0,30,75,75116,ROUTE DE SURESNES,48.864988,2.234382,Nuit avec éclairage allumé,En agglomération,Intersection en X,Normale,Deux véhicules - côté,4,2,4,0,1,1,1,5,1,50,,2,0,0,0,2,31.0,26.0,,,5,2,2,1,3
202100038037,2021-05-27 15:35:00,2021,5,27,15,35,75,75115,RUE DE VOUILLE,48.834341,2.306464,Plein jour,En agglomération,Intersection en T,Normale,Deux véhicules - côté,4,2,2,0,1,1,1,0,1,50,,5,4,0,0,1,24.0,40.0,,,1,2,3,1,3
202100038038,2021-05-27 15:20:00,2021,5,27,15,20,75,75112,RUE SANTERRE,48.842798,2.398238,Plein jour,En agglomération,Hors intersection,Normale,Autre collision,4,1,1,0,1,1,1,0,1,50,,2,1,0,0,1,30.0,,,,1,2,1,1,6
202100038039,2021-05-27 11:00:00,2021,5,27,11,0,75,75112,AVENUE DES CANADIENS,48.817959,2.460356,Plein jour,En agglomération,Hors intersection,Normale,Deux véhicules - côté,4,1,3,0,3,1,1,0,1,50,,2,1,0,0,1,59.0,24.0,,,1,2,1,1,3
202100038040,2021-05-27 15:21:00,2021,5,27,15,21,75,75111,BOULEVARD BEAUMARCHAIS,48.857915,2.367992,Plein jour,En agglomération,Hors intersection,Normale,Deux véhicules - côté,4,2,2,1,1,1,1,0,1,30,,2,1,0,0,1,72.0,25.0,,,1,2,1,1,3
202100038041,2021-05-27 17:50:00,2021,5,27,17,50,75,75109,RUE DE CAUMARTIN,48.874702,2.328446,Plein jour,En agglomération,Intersection en T,Normale,Autre collision,4,1,1,0,1,1,1,6,1,30,,2,1,0,0,1,29.0,,,,1,2,3,1,6
202100038042,2021-05-26 19:20:00,2021,5,26,19,20,75,75109,PLACE DE L OPERA,48.871152,2.332339,Plein jour,En agglomération,Place,Normale,Deux véhicules - côté,4,1,-1,0,1,1,1,0,1,50,,2,1,0,0,1,26.0,39.0,,,1,2,7,1,3
202100038043,2021-05-27 12:00:00,2021,5,27,12,0,75,75108,RUE DE LABORDE,48.875675,2.319615,Plein jour,En agglomération,Intersection en X,Normale,Autre collision,4,1,1,0,1,1,1,0,1,50,,3,2,0,0,1,81.0,,,,1,2,2,1,6
202100038044,2021-05-27 22:30:00,2021,5,27,22,30,75,75105,RUE DU PETIT PONT,48.852356,2.348228,Nuit avec éclairage allumé,En agglomération,Intersection en X,Normale,Sans collision,4,1,3,1,1,1,1,2,5,30,,1,0,0,0,1,65.0,,,,5,2,2,1,7
202100038045,2021-05-27 09:40:00,2021,5,27,9,40,75,75103,RUE DE TURBIGO,48.866304,2.359804,Plein jour,En agglomération,Intersection en Y,Normale,Deux véhicules - côté,4,1,2,1,1,1,1,0,1,30,,2,1,0,0,1,50.0,52.0,,,1,2,4,1,3
202100038046,2021-05-27 08:00:00,2021,5,27,8,0,75,75103,RUE DE TURBIGO,48.865461,2.356113,Plein jour,En agglomération,Intersection en X,Normale,Deux véhicules - côté,4,1,2,1,1,1,1,0,1,50,,2,1,0,0,1,58.0,14.0,,,1,2,2,1,3
202100038047,2021-05-26 15:20:00,2021,5,26,15,20,94,94068,Avenue Foch,48.80188,2.49336,Plein jour,En agglomération,Hors intersection,Pluie légère,Deux véhicules - côté,3,2,1,0,1,1,2,0,1,30,,2,1,0,0,1,12.0,63.0,,,1,2,1,2,3
202100038048,2021-05-26 11:15:00,2021,5,26,11,15,94,94068,FOCH (AV),48.804,2.48731,Plein jour,En agglomération,Intersection en T,Normale,Autre collision,3,2,2,0,1,1,1,0,1,30,,2,1,0,0,1,53.0,,,,1,2,3,1,6