accident_id,datetime,annee,mois,jour,heure,minute,departement,commune_insee,adresse,latitude,longitude,luminosite,agglomeration,intersection,meteo,collision,catr,circ,nbv,vosp,prof,plan,surf,infra,situ,vma,nb_vehicules,nb_usagers,nb_indemnes,nb_tues,nb_blesses_hosp,nb_blesses_legers,age_cond_1,age_cond_2,veh_type_cond_1,veh_type_cond_2,lum_code,agg_code,int_code,atm_code,col_code
202100038049,2021-05-27 05:29:00,2021,5,27,5,29,94,94046,GALLIENI (BD),48.79675,2.43088,Crépuscule ou aube,En agglomération,Autre intersection,Normale,Deux véhicules - arrière,4,2,2,0,1,1,1,2,1,50,,2,1,0,0,1,53.0,,,,2,2,9,1,2
202100038050,2021-05-27 21:15:00,2021,5,27,21,15,94,94043,FONTAINEBLEAU (AV DE),48.812,2.36138,Nuit avec éclairage allumé,En agglomération,Hors intersection,Normale,Deux véhicules - côté,3,2,4,1,1,1,1,0,5,50,,2,1,0,0,1,22.0,,,,5,2,1,1,3
202100038051,2021-05-27 20:05:00,2021,5,27,20,5,94,94041,JEAN LE GALLEU (R),48.81407,2.37671,Plein jour,En agglomération,Intersection en T,Normale,Deux véhicules - côté,3,1,1,0,1,1,1,0,1,50,,2,1,0,0,1,39.0,39.0,,,1,2,3,1,3
202100038052,2021-05-27 20:25:00,2021,5,27,20,25,94,94034,Rue de la Butte,48.75937,2.33278,Plein jour,En agglomération,Intersection en T,Normale,Deux véhicules - côté,4,2,2,0,1,1,1,0,1,50,,2,1,0,0,1,44.0,40.0,,,1,2,3,1,3
202100038053,2021-05-17 13:25:00,2021,5,17,13,25,94,94033,MOREAU DAVID (PL),48.8437,2.465,Plein jour,En agglomération,Place,Normale,Deux véhicules - frontale,4,1,1,0,1,1,1,9,1,15,,2,1,0,0,1,78.0,32.0,,,1,2,7,1,1
202100038054,2021-05-22 20:25:00,2021,5,22,20,25,94,94017,Avenue Roger Salengro,48.81952,2.48688,Plein jour,En agglomération,Hors intersection,Normale,Deux véhicules - côté,3,2,2,0,1,1,1,0,1,50,,2,1,0,0,1,26.0,,,,1,2,1,1,3
202100038055,2021-05-27 02:35:00,2021,5,27,2,35,93,93062,VALERE LEFEBVRE (ALLEE),48.89687,2.51533,Nuit avec éclairage allumé,En agglomération,Intersection en X,Normale,Deux véhicules - côté,3,2,2,0,1,1,1,5,1,50,,2,1,0,1,0,28.0,19.0,,,5,2,2,1,3
202100038056,2021-05-27 07:45:00,2021,5,27,7,45,93,93051,Place Neptune,48.84045,2.55045,Plein jour,En agglomération,Hors intersection,Normale,Autre collision,3,1,1,1,1,3,1,0,1,50,,2,1,0,0,1,54.0,,,,1,2,1,1,6
202100038057,2021-05-27 08:15:00,2021,5,27,8,15,93,93029,Rue de la République,48.92171,2.44474,Plein jour,En agglomération,Hors intersection,Normale,Autre collision,4,2,2,0,1,1,1,0,8,50,,2,1,0,0,1,59.0,,,,1,2,1,1,6
202100038058,2021-05-27 19:30:00,2021,5,27,19,30,93,93057,WILSON (AV. DU PRESIDENT) 62 A 129,48.9075181761,2.5129857659,Plein jour,En agglomération,Intersection en T,Normale,Deux véhicules - côté,4,2,2,0,1,1,1,0,1,50,,2,1,0,0,1,35.0,37.0,,,1,2,3,1,3
202100038059,2021-05-27 13:25:00,2021,5,27,13,25,93,93008,VAILLANT COUTURIER (AVENUE PAUL),48.90971,2.44499,Plein jour,En agglomération,Hors intersection,Normale,Trois véhicules et plus - collisions multiples,3,1,2,0,1,1,1,3,1,50,,12,8,0,0,4,28.0,40.0,,,1,2,1,1,5
202100038060,2021-05-27 13:24:00,2021,5,27,13,24,92,92064,REPUBLIQUE,48.85146,2.21306,Plein jour,En agglomération,Hors intersection,Normale,Deux véhicules - côté,3,2,1,0,1,1,1,0,1,50,,2,1,0,0,1,49.0,18.0,,,1,2,1,1,3
202100038061,2021-05-27 07:15:00,2021,5,27,7,15,92,92033,GENERAL DE GAULLE,48.8392329714,2.1885131422,Crépuscule ou aube,En agglomération,Hors intersection,Normale,Deux véhicules - arrière,3,3,1,1,1,1,1,0,1,50,,2,1,0,0,1,25.0,51.0,,,2,2,1,1,2
202100038062,2021-05-26 12:40:00,2021,5,26,12,40,92,92063,HABY SOMMER (RUE),48.8762818126,2.1857978404,Plein jour,En agglomération,Intersection en X,Normale,Deux véhicules - côté,3,3,4,0,2,2,1,5,4,50,,2,0,0,0,2,53.0,12.0,,,1,2,2,1,3
202100038063,2021-05-27 12:20:00,2021,5,27,12,20,92,92048,VERDUN (AVENUE DE),48.81881,2.24378,Plein jour,En agglomération,Hors intersection,Normale,Autre collision,3,2,2,0,1,1,1,0,1,50,,3,1,0,0,2,41.0,,,,1,2,1,1,6
202100038064,2021-05-26 18:20:00,2021,5,26,18,20,92,92036,LOUISE MICHEL (IMPAIRS),48.922665,2.320603,Plein jour,En agglomération,Intersection en T,Normale,Deux véhicules - côté,4,2,2,0,1,1,1,0,1,50,,2,1,0,0,1,51.0,27.0,,,1,2,3,1,3
202100038065,2021-05-27 22:25:00,2021,5,27,22,25,92,92023,FLEURY (RUE DE),48.81343,2.26754,Nuit avec éclairage allumé,En agglomération,Autre intersection,Normale,Deux véhicules - côté,4,2,0,0,1,1,1,0,1,50,,2,1,0,0,1,45.0,22.0,,,5,2,9,1,3
202100038066,2021-05-27 14:20:00,2021,5,27,14,20,92,92012,ANDRE MORIZET (AVENUE) 1/47 - 2/52,48.8373327445,2.2356027347,Plein jour,En agglomération,Hors intersection,Normale,Deux véhicules - côté,3,2,2,0,1,1,1,0,1,50,,3,1,0,0,2,33.0,41.0,,,1,2,1,1,3
202100038067,2021-05-27 01:05:00,2021,5,27,1,5,92,92012,SEVRES (RUE DE) 1/55 - 2/40,48.83346,2.22881,Nuit avec éclairage allumé,En agglomération,Hors intersection,Normale,Autre collision,4,2,2,0,1,1,1,0,1,50,,1,0,0,1,0,29.0,,,,5,2,1,1,6
202100038068,2021-05-27 17:45:00,2021,5,27,17,45,11,11303,D121,42.930913,2.052641,Plein jour,Hors agglomération,Hors intersection,Temps éblouissant,Autre collision,3,2,2,0,1,2,1,0,1,80,,1,0,0,1,0,89.0,,,,1,1,1,7,6
202100038069,2021-05-28 15:05:00,2021,5,28,15,5,67,67061,D133,48.815836,7.433367,Plein jour,Hors agglomération,Intersection en Y,Normale,Deux véhicules - frontale,3,-1,2,0,1,3,1,0,1,80,,2,1,0,1,0,25.0,53.0,,,1,1,4,1,1
202100038070,2021-05-18 00:30:00,2021,5,18,0,30,33,33334,,44.667669,-0.443316,Nuit sans éclairage public,Hors agglomération,Hors intersection,Normale,Autre collision,3,2,2,0,1,3,1,0,3,80,,1,0,0,1,0,26.0,,,,3,1,1,1,6
202100038071,2021-05-27 18:00:00,2021,5,27,18,0,83,83054,autoroute A57,43.1633959911,6.0510953673,Plein jour,Hors agglomération,Hors intersection,Normale,Deux véhicules - arrière,1,3,4,0,1,2,1,0,1,110,,2,1,0,0,1,30.0,26.0,,,1,1,1,1,2
202100038072,2021-05-27 11:20:00,2021,5,27,11,20,12,12096,"Zone Artisanale de la ""Bouysse"" (Zone commerciale)",44.530641,2.746489,Plein jour,Hors agglomération,Hors intersection,Normale,Deux véhicules - arrière,3,2,2,0,1,1,1,0,1,70,,3,2,0,1,0,63.0,33.0,,,1,1,1,1,2
202100038073,2021-05-27 16:53:00,2021,5,27,16,53,86,86132,D675,46.516342,1.022229,Plein jour,Hors agglomération,Hors intersection,Normale,Deux véhicules - arrière,3,2,2,0,1,1,1,0,1,80,,2,1,1,0,0,22.0,78.0,,,1,1,1,1,2
202100038074,2021-05-27 20:40:00,2021,5,27,20,40,54,54514,D618,49.504076,5.629835,Crépuscule ou aube,Hors agglomération,Hors intersection,Normale,Autre collision,3,2,2,0,1,1,1,0,1,80,,1,0,0,1,0,42.0,,,,2,1,1,1,6
202100038075,2021-05-26 15:05:00,2021,5,26,15,5,67,67194,D29,48.747778,7.914973,Plein jour,Hors agglomération,Intersection en X,Normale,Deux véhicules - côté,1,1,-1,-1,2,1,1,3,1,-1,,2,1,0,0,1,54.0,57.0,,,1,1,2,1,3
202100038076,2021-05-27 13:00:00,2021,5,27,13,0,61,61464,A88,48.636156,0.185781,Plein jour,Hors agglomération,Hors intersection,Normale,Autre collision,1,3,4,0,1,1,1,2,3,110,,1,0,0,0,1,77.0,,,,1,1,1,1,6
202100038077,2021-05-28 15:15:00,2021,5,28,15,15,56,56078,Route de Gestel,47.805587,-3.47065,Plein jour,Hors agglomération,Hors intersection,Normale,Deux véhicules - arrière,3,2,2,0,1,1,1,0,1,80,,2,1,1,0,0,70.0,50.0,,,1,1,1,1,2
202100038078,2021-05-27 20:45:00,2021,5,27,20,45,76,76363,D7,49.883347,1.711786,Plein jour,Hors agglomération,Hors intersection,Normale,Autre collision,3,2,2,0,1,2,1,0,3,80,,2,0,0,1,1,42.0,,,,1,1,1,1,6
202100038079,2021-05-27 21:40:00,2021,5,27,21,40,2B,2B050,RT 30,42.551713,8.773012,Nuit avec éclairage allumé,Hors agglomération,Hors intersection,Normale,Deux véhicules - arrière,2,2,2,0,1,1,1,0,1,70,,3,2,0,1,0,25.0,28.0,,,5,1,1,1,2
202100038080,2021-05-28 08:15:00,2021,5,28,8,15,81,81037,Avenue du Sidobre,43.630333,2.491327,Plein jour,En agglomération,Hors intersection,Temps éblouissant,Autre collision,3,2,2,0,1,1,1,6,1,50,,2,1,0,1,0,76.0,,,,1,2,1,7,6
202100038081,2021-05-27 18:05:00,2021,5,27,18,5,71,71014,13 Route de Beaune,46.956217,4.314671,Plein jour,En agglomération,Hors intersection,Temps éblouissant,Deux véhicules - arrière,3,2,2,0,1,1,1,0,1,50,,3,1,0,0,2,28.0,22.0,,,1,2,1,7,2
202100038082,2021-05-28 09:54:00,2021,5,28,9,54,61,61474,D113,48.768318,0.030357,Plein jour,Hors agglomération,Hors intersection,Normale,Autre collision,3,2,2,0,2,3,1,0,1,90,,1,0,0,0,1,34.0,,,,1,1,1,1,6
202100038083,2021-05-25 10:20:00,2021,5,25,10,20,46,46219,labrugue,44.619463,1.371789,Plein jour,Hors agglomération,Hors intersection,Normale,Autre collision,3,2,2,0,1,3,1,0,3,80,,1,0,0,1,0,33.0,,,,1,1,1,1,6
202100038084,2021-05-27 22:30:00,2021,5,27,22,30,47,47251,D108,44.294156,0.248383,Nuit sans éclairage public,Hors agglomération,Intersection en Y,Normale,Autre collision,3,2,2,0,1,2,1,0,3,80,,1,0,0,1,0,42.0,,,,3,1,4,1,6
202100038085,2021-05-25 07:00:00,2021,5,25,7,0,68,68098,D7bis,47.560242,7.157335,Plein jour,Hors agglomération,Hors intersection,Temps éblouissant,Deux véhicules - frontale,3,2,2,0,1,3,2,0,1,80,,4,2,0,0,2,28.0,29.0,,,1,1,1,7,1
202100038086,2021-05-24 16:00:00,2021,5,24,16,0,68,68340,chemin oberwald,47.539093,7.140287,Plein jour,Hors agglomération,Hors intersection,Temps couvert,Autre collision,5,-1,1,0,1,1,2,0,3,80,,2,0,0,0,2,15.0,,,,1,1,1,8,6
202100038087,2021-05-28 08:20:00,2021,5,28,8,20,39,39275,234 Grande Rue,46.396385,5.96592,Plein jour,En agglomération,Intersection en T,Normale,Autre collision,3,2,2,0,1,1,1,0,1,50,,2,1,1,0,0,39.0,,,,1,2,3,1,6
202100038088,2021-05-27 08:32:00,2021,5,27,8,32,25,25413,D389,46.690944,6.185035,Crépuscule ou aube,Hors agglomération,Hors intersection,Normale,Autre collision,3,2,2,0,2,2,2,0,3,80,,4,3,0,1,0,18.0,,,,2,1,1,1,6
202100038089,2021-05-20 17:45:00,2021,5,20,17,45,31,31091,D63g,43.718445,1.404401,Plein jour,Hors agglomération,Hors intersection,Normale,Deux véhicules - côté,7,2,2,0,1,1,1,0,1,50,,2,0,0,1,1,43.0,37.0,,,1,1,1,1,3
202100038090,2021-05-27 17:20:00,2021,5,27,17,20,38,38058,Rue de la Vie de Lariot,45.35204,5.31577,Plein jour,Hors agglomération,Intersection en T,Normale,Deux véhicules - frontale,4,2,2,0,1,1,1,5,1,80,,2,1,0,0,1,17.0,40.0,,,1,1,3,1,1
202100038091,2021-05-27 19:30:00,2021,5,27,19,30,02,02800,D1,48.95878,3.4517,Plein jour,Hors agglomération,Hors intersection,Normale,Autre collision,3,-1,2,0,4,1,1,2,8,80,,1,0,1,0,0,23.0,,,,1,1,1,1,6
202100038092,2021-05-28 10:10:00,2021,5,28,10,10,03,03155,la platrière,46.725297,2.875269,Plein jour,Hors agglomération,Hors intersection,Normale,Deux véhicules - côté,3,2,2,0,2,1,1,0,1,90,,2,1,0,1,0,55.0,60.0,,,1,1,1,1,3
202100038093,2021-05-28 18:15:00,2021,5,28,18,15,01,01269,Les Battoirs,46.14237,5.618273,Plein jour,En agglomération,Hors intersection,Normale,Deux véhicules - côté,3,2,2,0,1,4,1,0,3,50,,3,2,1,0,0,46.0,47.0,,,1,2,1,1,3
202100038094,2021-05-28 16:00:00,2021,5,28,16,0,01,01305,D933,46.428777,4.938106,Plein jour,En agglomération,Hors intersection,Normale,Deux véhicules - côté,3,2,2,0,1,1,1,2,1,50,,2,1,0,1,0,36.0,49.0,,,1,2,1,1,3
202100038095,2021-05-28 17:15:00,2021,5,28,17,15,01,01159,Route des Dimes,46.3343718904,4.8725821018,Plein jour,Hors agglomération,Hors intersection,Normale,Sans collision,4,2,2,0,1,3,1,0,3,50,,2,0,0,1,1,15.0,,,,1,1,1,1,7
202100038096,2021-05-27 13:50:00,2021,5,27,13,50,70,70085,RD33 PK 3,47.376674,6.009693,Plein jour,Hors agglomération,Hors intersection,Normale,Deux véhicules - arrière,3,2,2,0,2,1,1,0,1,80,,2,0,0,0,2,57.0,73.0,,,1,1,1,1,2
202100038097,2021-05-27 11:20:00,2021,5,27,11,20,26,26183,890 Chemin du Canal,44.715717,5.097849,Plein jour,En agglomération,Intersection en T,Normale,Deux véhicules - côté,4,2,2,0,1,3,1,0,1,50,,2,1,0,1,0,75.0,68.0,,,1,2,3,1,3
202100038098,2021-05-27 19:30:00,2021,5,27,19,30,72,72080,D7,48.178678,0.669994,Plein jour,Hors agglomération,Hors intersection,Normale,Sans collision,3,2,2,0,1,1,1,0,1,80,,1,0,0,1,0,70.0,,,,1,1,1,1,7
202100038099,2021-05-24 17:50:00,2021,5,24,17,50,14,14005,Grande Rue (Fierville-Bray),49.050938,-0.178024,Plein jour,Hors agglomération,Intersection en X,Pluie forte,Trois véhicules et plus - collisions multiples,3,2,2,0,1,1,2,0,1,80,,4,3,0,1,0,23.0,38.0,,,1,1,2,3,5
202100038100,2021-05-26 14:55:00,2021,5,26,14,55,45,45193,D921-PR 71 + 500,47.773383,2.03714,Plein jour,Hors agglomération,Hors intersection,Pluie légère,Trois véhicules et plus - en chaîne,3,2,2,0,1,2,2,0,1,80,,5,3,0,1,1,42.0,35.0,,,1,1,1,2,4
202100038101,2021-05-28 15:00:00,2021,5,28,15,0,64,64256,Route de Bonloc,43.37349,-1.274951,Plein jour,En agglomération,Hors intersection,Normale,Sans collision,9,2,2,0,2,1,1,0,3,50,,1,0,0,0,1,17.0,,,,1,2,1,1,7
202100038102,2021-05-25 01:30:00,2021,5,25,1,30,36,36165,,46.670864,1.004584,Nuit sans éclairage public,Hors agglomération,Hors intersection,Vent fort / tempête,Autre collision,3,2,2,0,1,1,1,0,1,80,,2,1,0,1,0,25.0,,,,3,1,1,6,6
202100038103,2021-05-27 21:15:00,2021,5,27,21,15,17,17439,Rue de la cosse,46.306861,-0.822065,Crépuscule ou aube,Hors agglomération,Hors intersection,Normale,Autre collision,3,2,2,0,1,4,1,0,3,80,,1,0,1,0,0,46.0,,,,2,1,1,1,6
202100038104,2021-05-27 17:15:00,2021,5,27,17,15,17,17349,Rue de la Grande Palisse,46.244403,-0.90016,Plein jour,Hors agglomération,Intersection en X,Normale,Deux véhicules - côté,3,2,2,0,2,1,1,0,1,80,,2,0,1,1,0,24.0,61.0,,,1,1,2,1,3
202100038105,2021-05-25 17:00:00,2021,5,25,17,0,30,30352,D440,43.795002,4.100662,Plein jour,Hors agglomération,Intersection en T,Normale,Autre collision,3,2,2,0,2,2,1,0,1,80,,4,3,0,1,0,30.0,41.0,,,1,1,3,1,6
202100038106,2021-05-25 19:00:00,2021,5,25,19,0,30,30019,D412,43.739081,4.144657,Plein jour,Hors agglomération,Intersection en X,Normale,Autre collision,3,2,2,0,1,1,1,0,1,80,,3,2,0,0,1,18.0,52.0,,,1,1,2,1,6
202100038107,2021-05-24 20:30:00,2021,5,24,20,30,30,30182,RD 999,43.858343,4.170856,Crépuscule ou aube,Hors agglomération,Autre intersection,Normale,Autre collision,3,2,2,0,1,3,1,0,8,80,,3,2,0,1,0,19.0,,,,2,1,9,1,6
202100038108,2021-05-19 19:58:00,2021,5,19,19,58,08,08361,Rue du stade,49.834588,4.613314,Plein jour,En agglomération,Intersection en X,Normale,Deux véhicules - côté,3,2,2,0,2,1,2,0,1,50,,3,2,0,0,1,16.0,34.0,,,1,2,2,1,3
202100038109,2021-05-26 14:26:00,2021,5,26,14,26,88,88327,"CD 10, pk 20+980",48.314964,6.36441,Plein jour,Hors agglomération,Hors intersection,Pluie légère,Autre collision,3,2,2,0,1,3,2,0,3,80,,1,0,0,1,0,90.0,,,,1,1,1,2,6
202100038110,2021-05-19 15:30:00,2021,5,19,15,30,13,13007,AUTOROUTE A52 - PK 014.500,43.367528,5.611138,Plein jour,Hors agglomération,Hors intersection,Vent fort / tempête,Deux véhicules - arrière,1,3,5,0,1,3,1,0,1,110,,2,1,0,0,1,33.0,22.0,,,1,1,1,6,2
202100038111,2021-05-28 05:40:00,2021,5,28,5,40,13,13112,"A7, PK 250.000",43.52632,5.221016,Crépuscule ou aube,Hors agglomération,Hors intersection,Normale,Deux véhicules - arrière,1,3,4,0,3,2,1,0,1,130,,2,1,1,0,0,28.0,40.0,,,2,1,1,1,2
202100038112,2021-05-07 19:00:00,2021,5,7,19,0,95,95199,Avenue du Lycée,49.029413,2.339315,Plein jour,En agglomération,Hors intersection,Normale,Autre collision,3,2,2,0,2,1,1,0,1,-1,,2,1,0,0,1,78.0,,,,1,2,1,1,6
202100038113,2021-05-27 14:40:00,2021,5,27,14,40,66,66164,Rue Georges Melies,42.77624,2.908673,Plein jour,En agglomération,Giratoire,Normale,Deux véhicules - arrière,9,1,1,0,1,2,1,0,1,50,,4,3,0,1,0,35.0,20.0,,,1,2,6,1,2
202100038114,2021-05-27 13:40:00,2021,5,27,13,40,83,83063,Route Departementale D558,43.3001564583,6.4905568957,Plein jour,Hors agglomération,Hors intersection,Normale,Deux véhicules - frontale,3,2,2,2,1,2,1,0,1,80,,2,0,0,1,1,59.0,63.0,,,1,1,1,1,1
202100038115,2021-05-26 20:40:00,2021,5,26,20,40,13,13015,Avenue Thiers,43.448834,5.443677,Nuit avec éclairage allumé,Hors agglomération,Hors intersection,Normale,Sans collision,7,-1,2,0,1,1,1,0,1,70,,1,0,0,1,0,36.0,,,,5,1,1,1,7
202100038116,2021-05-26 14:00:00,2021,5,26,14,0,09,09269,Col Del Bouich,42.993293,1.547726,Plein jour,Hors agglomération,Intersection en T,Normale,Deux véhicules - côté,3,2,2,0,3,2,1,5,1,70,,2,1,0,1,0,37.0,54.0,,,1,1,3,1,3
202100038117,2021-05-26 13:30:00,2021,5,26,13,30,31,31395,Avenue Jacques Douzans,43.467546,1.327999,Plein jour,En agglomération,Autre intersection,Normale,Autre collision,3,1,1,0,1,1,1,6,1,50,,2,1,0,1,0,56.0,,,,1,2,9,1,6
202100038118,2021-05-28 08:20:00,2021,5,28,8,20,64,64230,D934,43.17524,-0.394564,Plein jour,Hors agglomération,Hors intersection,Normale,Sans collision,3,2,2,0,1,2,1,0,8,80,,1,0,0,1,0,22.0,,,,1,1,1,1,7
202100038119,2021-05-26 12:20:00,2021,5,26,12,20,33,33238,57 Avenue de Bordeaux,44.741437,-0.597038,Plein jour,En agglomération,Hors intersection,Normale,Autre collision,3,2,2,0,1,1,1,0,1,50,,3,2,0,0,1,68.0,,,,1,2,1,1,6
202100038120,2021-05-27 15:45:00,2021,5,27,15,45,22,22150,D9,48.58198,-3.061211,Plein jour,Hors agglomération,Autre intersection,Normale,Deux véhicules - côté,3,2,2,0,1,1,1,0,1,80,,3,1,0,2,0,44.0,68.0,,,1,1,9,1,3
202100038121,2021-05-27 23:30:00,2021,5,27,23,30,35,35019,Ferme Neuve,48.413344,-1.582385,Nuit sans éclairage public,Hors agglomération,Hors intersection,Normale,Autre collision,3,2,2,0,1,1,1,0,1,80,,1,0,1,0,0,28.0,,,,3,1,1,1,6
202100038122,2021-05-28 13:00:00,2021,5,28,13,0,80,80685,départementale 934,49.708736,2.775818,Plein jour,En agglomération,Giratoire,Normale,Deux véhicules - côté,3,1,1,0,1,1,1,0,1,50,,2,1,0,0,1,27.0,51.0,,,1,2,6,1,3
202100038123,2021-05-26 18:16:00,2021,5,26,18,16,69,69091,A47,45.5760791387,4.7205244948,Plein jour,Hors agglomération,Hors intersection,Normale,Deux véhicules - arrière,1,3,4,0,1,1,1,0,2,90,,2,1,0,0,1,21.0,28.0,,,1,1,1,1,2
202100038124,2021-05-27 19:25:00,2021,5,27,19,25,33,33397,,44.91076,-0.486821,Plein jour,Hors agglomération,Hors intersection,Normale,Deux véhicules - arrière,1,3,7,0,1,1,1,0,1,130,,2,1,0,0,1,61.0,64.0,,,1,1,1,1,2
202100038125,2021-05-27 08:00:00,2021,5,27,8,0,33,33535,ROUTE NATIONALE 230,44.8313,-0.50115,Plein jour,Hors agglomération,Hors intersection,Normale,Deux véhicules - arrière,2,3,6,0,2,1,1,0,1,90,,3,2,0,0,1,30.0,50.0,,,1,1,1,1,2
202100038126,2021-05-25 17:30:00,2021,5,25,17,30,33,33550,ROCADE A 630,44.777551,-0.559828,Plein jour,Hors agglomération,Hors intersection,Normale,Deux véhicules - arrière,1,3,6,0,1,1,1,0,1,90,,2,1,0,0,1,19.0,35.0,,,1,1,1,1,2
202100038127,2021-05-27 18:45:00,2021,5,27,18,45,91,91136,AUTOROUTE A126,48.7138,2.27564,Plein jour,Hors agglomération,Hors intersection,Normale,Deux véhicules - arrière,1,1,4,0,1,1,1,0,1,90,,2,1,0,0,1,23.0,30.0,,,1,1,1,1,2
202100038128,2021-05-27 14:00:00,2021,5,27,14,0,91,91064,RN 118,48.75599,2.22385,Plein jour,Hors agglomération,Hors intersection,Normale,Trois véhicules et plus - collisions multiples,2,3,4,0,1,1,1,0,1,90,,3,2,0,0,1,29.0,35.0,,,1,1,1,1,5
202100038129,2021-05-27 19:00:00,2021,5,27,19,0,95,95572,RN 184,49.050096,2.143364,Plein jour,Hors agglomération,Hors intersection,Normale,Trois véhicules et plus - en chaîne,2,3,4,0,1,1,1,0,1,90,,5,3,0,0,2,30.0,46.0,,,1,1,1,1,4
202100038130,2021-05-27 16:50:00,2021,5,27,16,50,95,95277,RD 170 ,48.97451,2.48487,Plein jour,Hors agglomération,Hors intersection,Normale,Autre collision,3,3,5,0,1,1,1,0,1,70,,2,1,0,0,1,31.0,,,,1,1,1,1,6
202100038131,2021-05-27 12:00:00,2021,5,27,12,0,93,93066,AUTOROUTE A1,48.91932,2.35746,Plein jour,Hors agglomération,Hors intersection,Normale,Deux véhicules - arrière,1,3,8,0,1,1,1,0,1,90,,2,1,0,0,1,41.0,60.0,,,1,1,1,1,2
202100038132,2021-05-27 09:00:00,2021,5,27,9,0,93,93005,AUTOROUTE A3,48.96159,2.46807,Plein jour,Hors agglomération,Hors intersection,Normale,Deux véhicules - arrière,1,3,5,0,1,1,1,0,1,70,,2,1,0,0,1,31.0,59.0,,,1,1,1,1,2
202100038133,2021-05-27 09:30:00,2021,5,27,9,30,95,95582,RD 170,48.96426,2.26825,Plein jour,Hors agglomération,Hors intersection,Normale,Trois véhicules et plus - en chaîne,3,3,6,0,1,1,1,0,1,90,,4,1,0,0,3,35.0,36.0,,,1,1,1,1,4
202100038134,2021-05-27 10:20:00,2021,5,27,10,20,93,93027,AUTOROUTE A1,48.9354,2.40218,Plein jour,Hors agglomération,Hors intersection,Normale,Trois véhicules et plus - en chaîne,1,3,6,0,1,1,1,0,1,90,,4,3,0,0,1,40.0,59.0,,,1,1,1,1,4
202100038135,2021-05-26 17:45:00,2021,5,26,17,45,95,95018, A15,48.96141,2.26863,Plein jour,Hors agglomération,Hors intersection,Normale,Trois véhicules et plus - collisions multiples,1,3,12,0,1,1,1,0,1,90,,3,2,0,0,1,23.0,66.0,,,1,1,1,1,5
202100038136,2021-05-26 12:20:00,2021,5,26,12,20,95,95042,RN 104,49.06176,2.31468,Plein jour,Hors agglomération,Hors intersection,Normale,Deux véhicules - arrière,2,3,4,0,1,1,1,0,1,90,,4,1,0,0,3,52.0,19.0,,,1,1,1,1,2
202100038137,2021-05-26 09:30:00,2021,5,26,9,30,95,95678,RN 184,49.06178,2.21231,Plein jour,Hors agglomération,Hors intersection,Pluie légère,Deux véhicules - arrière,2,3,4,0,1,1,2,0,1,90,,2,1,0,0,1,22.0,32.0,,,1,1,1,2,2
202100038138,2021-05-26 06:00:00,2021,5,26,6,0,95,95582, A15,48.96343,2.26428,Crépuscule ou aube,Hors agglomération,Hors intersection,Pluie légère,Deux véhicules - arrière,1,3,10,0,1,1,2,0,1,110,,2,1,0,0,1,38.0,25.0,,,2,1,1,2,2
202100038139,2021-05-26 08:45:00,2021,5,26,8,45,93,93013,AUTOROUTE A1,48.94024,2.42273,Plein jour,Hors agglomération,Hors intersection,Pluie légère,Deux véhicules - arrière,1,3,8,0,1,1,2,0,1,90,,2,1,0,0,1,37.0,27.0,,,1,1,1,2,2
202100038140,2021-05-26 08:55:00,2021,5,26,8,55,93,93051,A4,48.8364,2.55189,Plein jour,Hors agglomération,Hors intersection,Temps couvert,Autre collision,1,3,6,0,1,1,2,0,1,110,,3,2,0,0,1,54.0,41.0,,,1,1,1,8,6
202100038141,2021-05-26 07:15:00,2021,5,26,7,15,94,94033,A86.EXT,48.84994,2.49093,Plein jour,Hors agglomération,Hors intersection,Pluie légère,Autre collision,1,-1,4,0,1,1,2,0,1,90,,2,0,0,0,2,57.0,35.0,,,1,1,1,2,6
202100038142,2021-03-11 09:30:00,2021,3,11,9,30,95,95500,AUTOROUTE A15,49.03726,2.09149,Plein jour,Hors agglomération,Hors intersection,Normale,Trois véhicules et plus - en chaîne,1,3,8,0,1,1,1,0,1,90,,3,1,0,0,2,40.0,34.0,,,1,1,1,1,4
202100038143,2021-05-26 17:25:00,2021,5,26,17,25,988,98818,RUE ESNEST MASSOUBRE/RUE FRANCOIS ECORCHON,-22.28573,166.44517,Crépuscule ou aube,En agglomération,Intersection en X,Normale,Autre collision,4,2,2,0,1,1,1,9,1,30,,2,1,0,0,1,80.0,,,,2,2,2,1,6
202100038144,2021-05-25 19:25:00,2021,5,25,19,25,974,97407,COMMUNE DE PARIS (AVENUE),-20.93873,55.29095,Nuit avec éclairage allumé,En agglomération,Hors intersection,Normale,Deux véhicules - côté,4,3,1,0,1,1,1,0,1,50,,2,1,0,0,1,23.0,34.0,,,5,2,1,1,3
202100038145,2021-05-26 09:00:00,2021,5,26,9,0,973,97302,BADUEL (ROUTE DE),4.9348513268,-52.3119025827,Plein jour,En agglomération,Hors intersection,Normale,Trois véhicules et plus - collisions multiples,3,2,2,0,1,1,1,0,1,50,,3,2,0,0,1,27.0,26.0,,,1,2,1,1,5
202100038146,2021-05-25 21:30:00,2021,5,25,21,30,973,97302,BROWN Serge (RUE),4.9312208162,-52.3333905739,Nuit sans éclairage public,En agglomération,Hors intersection,Normale,Sans collision,4,2,1,0,1,1,2,0,1,50,,3,1,0,0,2,34.0,,,,3,2,1,1,7