accident_id,datetime,annee,mois,jour,heure,minute,departement,commune_insee,adresse,latitude,longitude,luminosite,agglomeration,intersection,meteo,collision,catr,circ,nbv,vosp,prof,plan,surf,infra,situ,vma,nb_vehicules,nb_usagers,nb_indemnes,nb_tues,nb_blesses_hosp,nb_blesses_legers,age_cond_1,age_cond_2,veh_type_cond_1,veh_type_cond_2,lum_code,agg_code,int_code,atm_code,col_code
202100038147,2021-05-27 01:35:00,2021,5,27,1,35,69,69387,GALLIENI (PT),45.7482005077,4.832444787,Nuit avec éclairage allumé,En agglomération,Hors intersection,Normale,Sans collision,4,2,8,1,1,1,1,0,5,50,,1,0,0,0,1,22.0,,,,5,2,1,1,7
202100038148,2021-05-26 17:40:00,2021,5,26,17,40,69,69383,DOCTEUR LONG (DU) (CR),45.7509900629,4.8890838725,Plein jour,En agglomération,Intersection en X,Normale,Deux véhicules - côté,4,1,1,0,1,1,1,0,1,50,,4,2,0,0,2,56.0,62.0,,,1,2,2,1,3
202100038149,2021-05-26 17:25:00,2021,5,26,17,25,69,69387,GERLAND (DE) (R),45.74247,4.84129,Plein jour,En agglomération,Hors intersection,Normale,Deux véhicules - arrière,4,2,2,0,1,1,1,0,1,50,,2,1,0,0,1,27.0,35.0,,,1,2,1,1,2
202100038150,2021-05-26 17:15:00,2021,5,26,17,15,69,69386,GENERAL SARRAIL (DU) (Q),45.7679705106,4.8412642478,Plein jour,En agglomération,Hors intersection,Normale,Deux véhicules - arrière,4,1,4,1,1,1,1,6,1,50,,2,1,0,0,1,34.0,,,,1,2,1,1,2
202100038151,2021-05-26 15:15:00,2021,5,26,15,15,972,97209,RD 41 (ROCADE),14.6140836264,-61.0522127153,Plein jour,Hors agglomération,Hors intersection,Normale,Autre collision,3,3,4,0,2,1,1,0,1,60,,1,0,0,0,1,56.0,,,,1,1,1,1,6
202100038152,2021-05-26 13:50:00,2021,5,26,13,50,69,69384,PHILIPPE DE LASSALLE (R),45.77853,4.82044,Plein jour,En agglomération,Hors intersection,Normale,Deux véhicules - arrière,4,-1,2,0,1,1,1,0,1,50,,2,1,0,0,1,18.0,62.0,,,1,2,1,1,2
202100038153,2021-05-25 09:00:00,2021,5,25,9,0,971,97101,ROUTE DE BOISVINS,16.26451,-61.47707,Plein jour,Hors agglomération,Hors intersection,Normale,Deux véhicules - côté,3,2,2,0,2,2,1,0,1,70,,2,1,0,1,0,42.0,89.0,,,1,1,1,1,3
202100038154,2021-05-25 08:45:00,2021,5,25,8,45,971,97113,SECTION MARE-GAILLARD,16.21779,-61.43632,Plein jour,Hors agglomération,Hors intersection,Normale,Autre collision,2,2,2,0,1,1,1,0,3,30,,2,1,0,0,1,28.0,,,,1,1,1,1,6
202100038155,2021-05-26 06:30:00,2021,5,26,6,30,95,95280,SALENGRO ROGER ( BOULEVARD),49.038022,2.467962,Crépuscule ou aube,En agglomération,Hors intersection,Pluie légère,Deux véhicules - côté,4,2,2,0,1,1,2,0,1,30,,2,1,0,0,1,61.0,53.0,,,2,2,1,2,3
202100038156,2021-05-26 17:44:00,2021,5,26,17,44,91,91549,TOUSSAINT L'OUVERTURE,48.63825,2.34533,Plein jour,En agglomération,Giratoire,Normale,Deux véhicules - côté,4,2,2,0,1,1,1,5,1,30,,2,1,0,0,1,48.0,28.0,,,1,2,6,1,3
202100038157,2021-05-26 22:00:00,2021,5,26,22,0,91,91201,RUE DU PORT AUX DAMES,48.68,2.4,Nuit avec éclairage allumé,En agglomération,Hors intersection,Normale,Autre collision,4,2,2,0,4,1,1,0,1,50,,1,0,0,0,1,57.0,,,,5,2,1,1,6
202100038158,2021-05-26 07:10:00,2021,5,26,7,10,83,83137,BLANCHARD (IMP DU DOCTEUR),43.12204,5.97352,Plein jour,En agglomération,Intersection en T,Normale,Deux véhicules - frontale,7,3,2,0,1,1,1,8,1,50,,2,1,0,0,1,34.0,31.0,,,1,2,3,1,1
202100038159,2021-05-26 21:25:00,2021,5,26,21,25,83,83126,ANCIENS COMBATANTS D'INDOCHINE (AV DES),43.10404,5.853763,Nuit avec éclairage allumé,En agglomération,Autre intersection,Normale,Deux véhicules - côté,7,3,4,0,1,1,1,0,1,50,,3,1,0,0,2,20.0,21.0,,,5,2,9,1,3
202100038160,2021-05-26 13:20:00,2021,5,26,13,20,78,78551,RN 184,48.90994,2.07433,Plein jour,Hors agglomération,Intersection en X,Temps couvert,Trois véhicules et plus - collisions multiples,2,1,3,0,1,1,1,5,1,50,,3,0,0,0,3,87.0,35.0,,,1,1,2,8,5
202100038161,2021-05-26 13:15:00,2021,5,26,13,15,74,74012,FLORISSANT (AVENUE),46.19662,6.24133,Plein jour,En agglomération,Hors intersection,Normale,Deux véhicules - côté,4,2,2,0,1,1,1,0,1,50,,2,1,0,0,1,42.0,51.0,,,1,2,1,1,3
202100038162,2021-05-26 17:15:00,2021,5,26,17,15,72,72181,ESTEREL (RUE DE L') N° IMPAIRS,47.9948,0.22324,Plein jour,En agglomération,Intersection en T,Temps couvert,Deux véhicules - côté,4,2,2,0,1,1,2,0,1,50,,2,1,0,0,1,30.0,46.0,,,1,2,3,8,3
202100038163,2021-05-26 18:30:00,2021,5,26,18,30,69,69290,CORDIERE (DE LA) (R),45.69259,4.95567,Plein jour,En agglomération,Intersection en T,Normale,Deux véhicules - côté,4,2,2,0,1,1,1,0,1,50,,2,1,0,0,1,27.0,59.0,,,1,2,3,1,3
202100038164,2021-05-26 09:45:00,2021,5,26,9,45,69,69290,PARILLY (DE) (BD),45.7181631929,4.9102717638,Plein jour,En agglomération,Intersection en T,Normale,Deux véhicules - côté,7,2,5,0,1,1,1,0,1,70,,2,1,0,0,1,30.0,32.0,,,1,2,3,1,3
202100038165,2021-05-26 16:15:00,2021,5,26,16,15,69,69091,JEAN LIGONNET (R),45.59483,4.76985,Plein jour,En agglomération,Intersection en T,Normale,Deux véhicules - frontale,4,2,3,0,1,1,1,0,1,50,,2,0,0,0,2,38.0,30.0,,,1,2,3,1,1
202100038166,2021-04-01 09:55:00,2021,4,1,9,55,68,68297,HUNINGUE ( RUE DE ),47.58657,7.56533,Plein jour,En agglomération,Intersection en T,Normale,Deux véhicules - côté,3,2,2,0,1,1,1,0,1,50,,2,1,0,1,0,50.0,61.0,,,1,2,3,1,3
202100038167,2021-05-25 20:55:00,2021,5,25,20,55,67,67482,AUGUSTIN FRESNEL (RUE),48.60472,7.71801,Crépuscule ou aube,En agglomération,Hors intersection,Vent fort / tempête,Autre collision,4,2,2,0,1,1,1,0,1,50,,2,1,0,0,1,,,,,2,2,1,6,6
202100038168,2021-05-22 14:15:00,2021,5,22,14,15,67,67482,INDRE (RUE DE L ),48.551811,7.766178,Plein jour,En agglomération,Hors intersection,Temps couvert,Deux véhicules - côté,4,2,3,0,1,3,1,0,1,50,,2,1,0,0,1,56.0,77.0,,,1,2,1,8,3
202100038169,2021-05-22 12:00:00,2021,5,22,12,0,67,67447,GENERAL DE GAULLE (ROUTE DU),48.6086154096,7.7348227573,Plein jour,En agglomération,Hors intersection,Temps couvert,Deux véhicules - côté,7,3,2,1,1,1,1,0,1,50,,3,1,0,0,2,49.0,8.0,,,1,2,1,8,3
202100038170,2021-05-24 20:12:00,2021,5,24,20,12,67,67365,FRERES (RUE DES),48.55538,7.70805,Crépuscule ou aube,En agglomération,Hors intersection,Pluie légère,Autre collision,4,2,2,0,1,1,6,9,1,30,,1,0,0,0,1,21.0,,,,2,2,1,2,6
202100038171,2021-05-26 08:15:00,2021,5,26,8,15,64,64348,MARTYRS DU PONT LONG DES,43.3479,-0.38004,Plein jour,Hors agglomération,Hors intersection,Normale,Deux véhicules - arrière,3,2,2,0,1,1,1,0,1,50,,2,1,0,0,1,28.0,53.0,,,1,1,1,1,2
202100038172,2021-05-26 04:45:00,2021,5,26,4,45,64,64102,SOULT (AVENUE MARECHAL),43.48733,-1.48409,Nuit avec éclairage allumé,En agglomération,Hors intersection,Normale,Autre collision,3,2,4,0,1,1,1,0,1,30,,1,0,0,0,1,19.0,,,,5,2,1,1,6
202100038173,2021-05-05 08:45:00,2021,5,5,8,45,62,62427,LECLERC (AV. DU MAL),50.423045,2.937721,Plein jour,En agglomération,Hors intersection,Normale,Autre collision,4,1,2,0,1,1,1,0,1,50,,2,1,0,1,0,42.0,,,,1,2,1,1,6
202100038174,2021-05-25 17:25:00,2021,5,25,17,25,60,60159,Avenue du 25ème Régiment du Génie de l’Air,49.40333,2.83285,Plein jour,En agglomération,Hors intersection,Normale,Autre collision,4,2,2,0,1,1,1,0,1,30,,2,1,0,0,1,59.0,,,,1,2,1,1,6
202100038175,2021-05-26 22:00:00,2021,5,26,22,0,59,59367,BERT (AVENUE PAUL),50.6744757508,3.2109331195,Nuit avec éclairage allumé,En agglomération,Hors intersection,Normale,Autre collision,4,2,2,0,1,1,1,9,8,30,,4,1,0,1,2,20.0,27.0,,,5,2,1,1,6
202100038176,2021-05-26 20:30:00,2021,5,26,20,30,51,51454,Rue de Betheny,49.2653748703,4.044800747,Plein jour,En agglomération,Intersection en X,Normale,Deux véhicules - côté,3,2,2,0,1,1,1,0,1,-1,,2,1,0,0,1,33.0,42.0,,,1,2,2,1,3
202100038177,2021-05-26 08:20:00,2021,5,26,8,20,45,45234,26 Rue Saint Marc,47.9047539284,1.9227960741,Plein jour,En agglomération,Hors intersection,Pluie forte,Deux véhicules - côté,4,2,2,0,1,1,2,0,1,50,,2,1,0,0,1,19.0,36.0,,,1,2,1,3,3
202100038178,2021-05-25 15:30:00,2021,5,25,15,30,45,45068,Avenue du Général Leclerc,48.0125082281,2.739371283,Plein jour,En agglomération,Giratoire,Normale,Deux véhicules - côté,3,1,2,0,1,2,1,0,1,50,,2,1,0,0,1,23.0,33.0,,,1,2,6,1,3
202100038179,2021-05-25 15:20:00,2021,5,25,15,20,41,41018,RESISTANCE (PLACE DE LA),47.586082,1.33623,Plein jour,En agglomération,Hors intersection,Normale,Deux véhicules - côté,4,2,2,1,1,1,1,2,1,30,,3,1,0,0,2,15.0,36.0,,,1,2,1,1,3
202100038180,2021-05-26 03:05:00,2021,5,26,3,5,38,38185,Rue Paul Claudel,45.1724,5.7365,Nuit avec éclairage allumé,En agglomération,Hors intersection,Normale,Deux véhicules - côté,4,2,2,0,1,1,1,0,1,50,,4,3,0,0,1,22.0,39.0,,,5,2,1,1,3
202100038181,2021-05-26 18:35:00,2021,5,26,18,35,35,35238,SAINT-MARTIN (CANAL),48.1231,-1.6773,Plein jour,En agglomération,Hors intersection,Normale,Deux véhicules - côté,4,2,0,0,1,1,3,0,1,30,,2,1,0,0,1,53.0,51.0,,,1,2,1,1,3
202100038182,2021-05-26 17:30:00,2021,5,26,17,30,35,35238,ANTRAIN (D') DE 0 A 43 ET 80,48.11835,-1.67606,Plein jour,En agglomération,Autre intersection,Normale,Deux véhicules - côté,4,-1,0,0,1,1,1,0,1,50,,2,1,0,0,1,21.0,21.0,,,1,2,9,1,3
202100038183,2021-05-26 16:10:00,2021,5,26,16,10,35,35206,ROCADE,48.080338,-1.696106,Plein jour,Hors agglomération,Hors intersection,Normale,Deux véhicules - arrière,2,3,4,0,1,1,1,0,1,90,,3,2,0,0,1,21.0,32.0,,,1,1,1,1,2
202100038184,2021-05-26 08:45:00,2021,5,26,8,45,35,35238,GRIMAULT (BD LEON),48.09131,-1.65066,Plein jour,En agglomération,Giratoire,Pluie légère,Deux véhicules - côté,4,3,2,2,1,1,2,5,1,50,,2,1,0,1,0,49.0,39.0,,,1,2,6,2,3
202100038185,2021-05-26 07:55:00,2021,5,26,7,55,35,35238,NANTES (RUE DE),48.09454,-1.69036,Plein jour,En agglomération,Intersection en X,Pluie légère,Deux véhicules - côté,7,2,2,0,1,1,2,0,1,50,,2,1,0,0,1,,75.0,,,1,2,2,2,3
202100038186,2021-05-26 07:05:00,2021,5,26,7,5,35,35206,RN136,48.07917,-1.69091,Crépuscule ou aube,Hors agglomération,Hors intersection,Pluie légère,Deux véhicules - arrière,2,3,4,0,1,3,2,0,1,90,,2,1,0,0,1,41.0,30.0,,,2,1,1,2,2
202100038187,2021-05-26 13:30:00,2021,5,26,13,30,33,33249,Rue Michel Montaigne,44.87593,-0.51509,Plein jour,En agglomération,Intersection en X,Normale,Deux véhicules - côté,4,2,2,0,2,1,1,0,1,50,,3,1,0,0,2,32.0,18.0,,,1,2,2,1,3
202100038188,2021-05-04 11:15:00,2021,5,4,11,15,33,33063,Rue de Pessac,44.82937,-0.58203,Plein jour,En agglomération,Hors intersection,Normale,Autre collision,4,2,2,0,1,1,1,0,1,50,,2,0,0,0,2,34.0,,,,1,2,1,1,6
202100038189,2021-05-26 08:00:00,2021,5,26,8,0,31,31555,30 PONTS JUMEAUX  (PERIPH OUEST A620),43.61578,1.41829,Plein jour,En agglomération,Hors intersection,Normale,Deux véhicules - arrière,1,1,6,0,1,1,1,0,1,90,,2,1,0,1,0,43.0,52.0,,,1,2,1,1,2
202100038190,2021-05-26 05:55:00,2021,5,26,5,55,31,31555,RUE ARNAUD VIDAL,43.60809,1.45293,Crépuscule ou aube,En agglomération,Hors intersection,Normale,Autre collision,4,1,0,0,2,2,1,9,8,15,,2,1,0,0,1,22.0,,,,2,2,1,1,6
202100038191,2021-05-25 12:30:00,2021,5,25,12,30,29,29039,Route de Kerguéres,47.8988970373,-3.9382517338,Plein jour,Hors agglomération,Hors intersection,Normale,Deux véhicules - frontale,4,2,2,0,2,2,1,0,1,70,,3,0,0,0,3,19.0,75.0,,,1,1,1,1,1
202100038192,2021-05-25 20:07:00,2021,5,25,20,7,25,25056,VESOUL RUE DE (sup 52),47.25425,6.01508,Plein jour,En agglomération,Intersection en T,Temps couvert,Deux véhicules - côté,3,2,3,0,2,1,1,0,1,50,,2,1,0,1,0,19.0,41.0,,,1,2,3,8,3
202100038193,2021-05-25 11:35:00,2021,5,25,11,35,21,21231,DEVOSGE (RUE),47.327085736,5.0424211252,Plein jour,En agglomération,Intersection en X,Normale,Deux véhicules - côté,4,2,3,0,1,1,1,0,1,50,,2,0,0,1,1,36.0,50.0,,,1,2,2,1,3
202100038194,2021-05-25 08:27:00,2021,5,25,8,27,18,18279,JAURES (RUE JEAN ),47.23188,2.04386,Plein jour,En agglomération,Hors intersection,Pluie légère,Sans collision,9,2,2,0,1,1,2,0,1,50,,1,0,0,0,1,19.0,,,,1,2,1,2,7
202100038195,2021-05-26 06:20:00,2021,5,26,6,20,13,13209,GAYE (TRAVERSE DE LA),43.2566159802,5.4082500055,Plein jour,En agglomération,Intersection en T,Normale,Deux véhicules - côté,4,2,2,0,1,2,1,0,1,50,,2,1,0,0,1,50.0,22.0,,,1,2,3,1,3
202100038196,2021-05-25 18:10:00,2021,5,25,18,10,13,13214,MERIMEE,43.3284010266,5.3981119394,Plein jour,En agglomération,Giratoire,Normale,Autre collision,4,1,1,0,1,1,1,0,1,50,,2,1,0,1,0,31.0,,,,1,2,6,1,6
202100038197,2021-05-26 20:15:00,2021,5,26,20,15,11,11069,BARBES BD PAIRS,43.2103370949,2.3485510443,Plein jour,En agglomération,Autre intersection,Normale,Deux véhicules - côté,3,1,2,0,2,1,1,0,1,50,,2,1,0,0,1,32.0,19.0,,,1,2,9,1,3
202100038198,2021-05-26 12:10:00,2021,5,26,12,10,11,11069,JOLIOT CURIE -BD IRENE FREDERIC- PAIRS,43.21363,2.36966,Plein jour,En agglomération,Hors intersection,Normale,Autre collision,4,2,2,0,1,1,1,0,1,30,,2,1,0,1,0,45.0,,,,1,2,1,1,6
202100038199,2021-05-24 22:15:00,2021,5,24,22,15,11,11069,MINERVOISE -ROUTE-,43.22862,2.37462,Nuit sans éclairage public,Hors agglomération,Hors intersection,Normale,Autre collision,3,2,2,0,1,2,1,0,1,80,,2,1,0,0,1,42.0,,,,3,1,1,1,6
202100038200,2021-05-26 13:52:00,2021,5,26,13,52,10,10387,JULES GUESDE (RUE),48.294,4.0818,Plein jour,En agglomération,Intersection en X,Normale,Deux véhicules - côté,4,-1,3,0,1,1,1,0,1,50,,2,1,0,0,1,36.0,55.0,,,1,2,2,1,3
202100038201,2021-05-26 09:15:00,2021,5,26,9,15,10,10387,JACQUIN (RUE),48.30396,4.08061,Plein jour,En agglomération,Hors intersection,Pluie légère,Deux véhicules - arrière,4,2,3,1,1,1,2,0,1,50,,3,2,0,0,1,36.0,55.0,,,1,2,1,2,2
202100038202,2021-05-25 13:50:00,2021,5,25,13,50,10,10387,JACQUIN (RUE),48.30444,4.08404,Plein jour,En agglomération,Autre intersection,Normale,Autre collision,4,2,0,0,1,1,1,0,4,50,,1,0,0,0,1,20.0,,,,1,2,9,1,6
202100038203,2021-05-26 14:30:00,2021,5,26,14,30,06,06027,CANNES AVENUE DE (RN7),43.65469,7.149825,Plein jour,En agglomération,Hors intersection,Normale,Deux véhicules - arrière,7,-1,2,0,2,1,1,0,1,50,,3,2,0,0,1,57.0,30.0,,,1,2,1,1,2
202100038204,2021-05-26 11:15:00,2021,5,26,11,15,06,06027,VERDUN AVENUE DE,43.66587,7.14275,Plein jour,En agglomération,Hors intersection,Normale,Deux véhicules - arrière,7,2,2,0,1,1,1,0,1,50,,2,1,0,0,1,36.0,35.0,,,1,2,1,1,2
202100038205,2021-05-25 20:25:00,2021,5,25,20,25,05,05061,RN 85,44.59533,6.08071,Plein jour,Hors agglomération,Hors intersection,Normale,Deux véhicules - côté,2,2,2,0,2,3,1,0,1,80,,2,1,0,0,1,44.0,32.0,,,1,1,1,1,3
202100038206,2021-05-25 14:34:00,2021,5,25,14,34,05,05061,METIERS ( RUE DES ),44.56359,6.0956,Plein jour,En agglomération,Hors intersection,Normale,Deux véhicules - arrière,4,2,2,0,2,1,1,0,1,50,,3,2,0,1,0,67.0,68.0,,,1,2,1,1,2
202100038207,2021-05-25 13:00:00,2021,5,25,13,0,05,05061,MALCOMBE ( ROUTE DE ),44.55779,6.0544,Plein jour,En agglomération,Hors intersection,Normale,Sans collision,4,-1,2,0,2,2,1,0,1,50,,1,0,0,0,1,15.0,,,,1,2,1,1,7
202100038208,2021-05-26 13:00:00,2021,5,26,13,0,01,01053,BAD KREUZNACH  (AVENUE DE - N° PAIRS),46.22127,5.24946,Plein jour,En agglomération,Giratoire,Normale,Deux véhicules - arrière,3,3,4,0,1,1,1,0,2,50,,3,2,0,0,1,28.0,72.0,,,1,2,6,1,2
202100038209,2021-05-25 18:00:00,2021,5,25,18,0,75,75116,BD PERIPHERIQUE EXTERIEUR,48.836323,2.256396,Plein jour,En agglomération,Hors intersection,Normale,Trois véhicules et plus - collisions multiples,4,1,4,0,1,1,1,1,1,70,,5,3,0,0,2,23.0,41.0,,,1,2,1,1,5
202100038210,2021-05-25 14:50:00,2021,5,25,14,50,75,75120,BOULEVARD PERIPHERIQUE INTERIEUR NORD  ,48.861712,2.413697,Plein jour,En agglomération,Hors intersection,Normale,Deux véhicules - côté,4,1,5,0,1,1,1,0,1,70,,2,0,0,0,2,39.0,39.0,,,1,2,1,1,3
202100038211,2021-05-25 07:09:00,2021,5,25,7,9,75,75108,RUE LA BOETIE,48.873681,2.314523,Plein jour,En agglomération,Intersection en X,Normale,Autre collision,4,1,3,0,1,1,1,0,1,50,,2,1,0,1,0,29.0,,,,1,2,2,1,6
202100038212,2021-05-26 19:30:00,2021,5,26,19,30,75,75107,QUAI D ORSAY,48.862785,2.313457,Plein jour,En agglomération,Intersection en X,Normale,Deux véhicules - côté,4,2,2,1,1,1,1,0,5,50,,2,1,0,0,1,53.0,39.0,,,1,2,2,1,3
202100038213,2021-05-26 13:35:00,2021,5,26,13,35,75,75119,AVENUE JEAN JAURES,48.884183,2.375567,Plein jour,En agglomération,Hors intersection,Temps couvert,Deux véhicules - frontale,4,2,2,0,1,1,1,0,1,50,,2,1,0,0,1,17.0,54.0,,,1,2,1,8,1
202100038214,2021-05-26 11:20:00,2021,5,26,11,20,75,75118,RUE DAMREMONT,48.896112,2.338118,Plein jour,En agglomération,Hors intersection,Normale,Autre collision,4,2,2,0,1,1,1,6,1,50,,2,1,0,0,1,,,,,1,2,1,1,6
202100038215,2021-05-26 11:20:00,2021,5,26,11,20,75,75118,RUE DU POTEAU,48.892758,2.343833,Plein jour,En agglomération,Intersection en Y,Normale,Autre collision,4,1,1,1,1,1,1,0,5,30,,2,1,0,0,1,43.0,,,,1,2,4,1,6
202100038216,2021-05-26 00:15:00,2021,5,26,0,15,75,75118,RUE DES POISSONNIERS,48.892379,2.352213,Nuit avec éclairage allumé,En agglomération,Intersection en T,Pluie forte,Deux véhicules - frontale,4,2,2,0,1,1,2,0,1,50,,2,1,0,0,1,,23.0,,,5,2,3,3,1
202100038217,2021-05-25 22:30:00,2021,5,25,22,30,75,75117,BOULEVARD BERTHIER,48.890021,2.303875,Nuit avec éclairage allumé,En agglomération,Intersection en X,Pluie forte,Deux véhicules - côté,4,3,4,0,1,1,2,0,1,50,,5,3,0,0,2,26.0,24.0,,,5,2,2,3,3
202100038218,2021-05-26 11:10:00,2021,5,26,11,10,75,75116,BOULEVARD DE BEAUSEJOUR,48.858032,2.272577,Plein jour,En agglomération,Intersection en T,Normale,Autre collision,4,1,1,0,2,3,1,0,1,50,,2,1,0,0,1,85.0,,,,1,2,3,1,6
202100038219,2021-05-26 17:05:00,2021,5,26,17,5,75,75115,VILLA DES ENTREPRENEURS,48.84626,2.286484,Plein jour,En agglomération,Intersection en T,Pluie légère,Autre collision,4,2,2,0,1,1,2,0,1,50,,2,1,0,0,1,50.0,,,,1,2,3,2,6
202100038220,2021-05-25 10:50:00,2021,5,25,10,50,75,75115,RUE LEBLANC,48.836386,2.280556,Plein jour,En agglomération,Intersection en T,Normale,Sans collision,4,1,3,2,1,1,1,0,1,30,,1,0,0,0,1,21.0,,,,1,2,3,1,7
202100038221,2021-05-25 10:12:00,2021,5,25,10,12,75,75114,RUE ALAIN,48.835998,2.315319,Plein jour,En agglomération,Intersection en Y,Temps couvert,Deux véhicules - frontale,4,3,3,1,1,2,1,0,5,50,,2,1,0,0,1,25.0,39.0,,,1,2,4,8,1
202100038222,2021-05-26 10:45:00,2021,5,26,10,45,75,75112,BOULEVARD PONIATOWSKI,48.832135,2.398393,Plein jour,En agglomération,Hors intersection,Normale,Sans collision,4,2,2,1,1,1,1,0,5,50,,1,0,0,0,1,32.0,,,,1,2,1,1,7
202100038223,2021-05-26 12:45:00,2021,5,26,12,45,75,75111,PLACE DE LA BASTILLE,48.85331,2.370266,Plein jour,En agglomération,Place,Normale,Deux véhicules - côté,4,2,4,0,1,1,1,0,1,50,,2,1,0,0,1,42.0,22.0,,,1,2,7,1,3
202100038224,2021-05-25 23:40:00,2021,5,25,23,40,75,75111,BOULEVARD DE MENILMONTANT,48.862868,2.387283,Nuit avec éclairage allumé,En agglomération,Place,Pluie légère,Deux véhicules - côté,4,1,1,0,1,1,2,0,1,50,,2,1,0,0,1,23.0,56.0,,,5,2,7,2,3
202100038225,2021-05-26 21:30:00,2021,5,26,21,30,75,75110,RUE DE LANCRY,48.872666,2.363395,Crépuscule ou aube,En agglomération,Intersection en T,Normale,Deux véhicules - côté,4,2,2,1,2,1,1,0,1,50,,2,1,0,0,1,,24.0,,,2,2,3,1,3
202100038226,2021-05-25 21:20:00,2021,5,25,21,20,75,75108,BOULEVARD DE COURCELLES,48.879143,2.303143,Nuit avec éclairage allumé,En agglomération,Intersection à plus de 4 branches,Pluie légère,Deux véhicules - côté,4,2,4,0,1,1,2,0,1,50,,3,2,0,0,1,23.0,21.0,,,5,2,5,2,3
202100038227,2021-05-26 08:20:00,2021,5,26,8,20,75,75103,PLACE DE LA REPUBLIQUE,48.867945,2.362361,Plein jour,En agglomération,Intersection en Y,Temps couvert,Deux véhicules - frontale,4,2,8,0,1,2,1,0,1,50,,2,1,0,0,1,56.0,58.0,,,1,2,4,8,1
202100038228,2021-05-25 22:00:00,2021,5,25,22,0,75,75101,BOULEVARD DE SEBASTOPOL,48.860073,2.349087,Nuit avec éclairage allumé,En agglomération,Intersection en X,Pluie légère,Deux véhicules - arrière,4,1,4,1,1,1,2,5,5,50,,2,1,0,0,1,32.0,22.0,,,5,2,2,2,2
202100038229,2021-05-26 16:40:00,2021,5,26,16,40,94,94081,LUCIEN FRANCAIS (AV),48.78566,2.3878,Plein jour,En agglomération,Hors intersection,Pluie légère,Trois véhicules et plus - en chaîne,4,2,2,0,1,1,2,0,1,50,,3,2,0,0,1,45.0,22.0,,,1,2,1,2,4
202100038230,2021-05-25 14:05:00,2021,5,25,14,5,94,94034,STALINGRAD (AV DE),48.762179,2.333151,Plein jour,En agglomération,Hors intersection,Pluie légère,Deux véhicules - arrière,3,1,2,0,1,1,2,5,1,50,,2,1,0,0,1,,20.0,,,1,2,1,2,2
202100038231,2021-05-26 18:30:00,2021,5,26,18,30,94,94054,SAULES (VOI DES),48.74761,2.41781,Plein jour,En agglomération,Intersection en X,Normale,Deux véhicules - côté,4,2,4,3,1,1,1,0,6,30,,2,1,0,0,1,29.0,43.0,,,1,2,2,1,3
202100038232,2021-05-26 13:48:00,2021,5,26,13,48,94,94022,Avenue de Newburn,48.75489,2.41157,Plein jour,En agglomération,Hors intersection,Normale,Trois véhicules et plus - en chaîne,4,3,2,0,1,1,1,0,1,50,,3,2,0,0,1,,35.0,,,1,2,1,1,4
202100038233,2021-05-26 19:45:00,2021,5,26,19,45,94,94053,GRANDE RUE PIERRE MENDES-FRANCE (R),48.77539,2.54826,Plein jour,En agglomération,Autre intersection,Temps couvert,Deux véhicules - côté,3,2,2,0,1,1,2,0,1,50,,2,1,0,0,1,22.0,57.0,,,1,2,9,8,3
202100038234,2021-05-26 18:45:00,2021,5,26,18,45,93,93078,Avenue Roger Salengro,48.953475,2.539454,Plein jour,En agglomération,Hors intersection,Normale,Deux véhicules - arrière,4,2,2,0,1,1,1,9,3,50,,2,1,0,0,1,,41.0,,,1,2,1,1,2
202100038235,2021-05-26 21:15:00,2021,5,26,21,15,93,93066,Rue Henri Barbusse / Rue d’Arnouville,48.940538,2.371885,Plein jour,En agglomération,Intersection en X,Normale,Deux véhicules - côté,3,1,2,0,1,1,1,0,1,50,,2,1,0,0,1,50.0,32.0,,,1,2,2,1,3
202100038236,2021-05-24 17:30:00,2021,5,24,17,30,93,93066,Boulevard Jules Guesde,48.937702,2.350352,Plein jour,En agglomération,Hors intersection,Normale,Deux véhicules - côté,4,2,2,0,1,1,1,0,1,50,,3,2,0,0,1,55.0,34.0,,,1,2,1,1,3
202100038237,2021-05-26 16:40:00,2021,5,26,16,40,93,93029,Rue Gutenberg,48.92268,2.43062,Plein jour,En agglomération,Hors intersection,Normale,Autre collision,4,1,1,0,1,1,1,0,1,50,,2,1,0,0,1,33.0,,,,1,2,1,1,6
202100038238,2021-05-26 11:50:00,2021,5,26,11,50,93,93027,Avenue Roger Salengro,48.94122,2.38744,Plein jour,En agglomération,Autre intersection,Normale,Deux véhicules - côté,3,3,3,3,1,1,1,0,1,50,,5,2,0,0,3,34.0,52.0,,,1,2,9,1,3
202100038239,2021-05-26 14:00:00,2021,5,26,14,0,92,92064,CARNOT,48.8422516106,2.2228327701,Plein jour,En agglomération,Hors intersection,Normale,Deux véhicules - côté,3,2,2,0,1,1,1,0,1,50,,3,2,0,0,1,21.0,45.0,,,1,2,1,1,3
202100038240,2021-05-25 14:15:00,2021,5,25,14,15,92,92050,GARCHES RUE DE,48.8780601385,2.2050662526,Plein jour,En agglomération,Hors intersection,Normale,Deux véhicules - côté,4,2,2,0,1,1,1,0,1,50,,2,1,0,0,1,28.0,33.0,,,1,2,1,1,3
202100038241,2021-05-26 11:00:00,2021,5,26,11,0,92,92026,JEAN MERMOZ (SQUARE ET PLACE),48.90248,2.2749,Plein jour,En agglomération,Giratoire,Normale,Autre collision,3,2,0,0,1,1,2,0,1,50,,2,1,0,0,1,29.0,,,,1,2,6,1,6