accident_id,datetime,annee,mois,jour,heure,minute,departement,commune_insee,adresse,latitude,longitude,luminosite,agglomeration,intersection,meteo,collision,catr,circ,nbv,vosp,prof,plan,surf,infra,situ,vma,nb_vehicules,nb_usagers,nb_indemnes,nb_tues,nb_blesses_hosp,nb_blesses_legers,age_cond_1,age_cond_2,veh_type_cond_1,veh_type_cond_2,lum_code,agg_code,int_code,atm_code,col_code
202100038242,2021-05-26 15:05:00,2021,5,26,15,5,92,92024,GENERAL LECLERC (RUE DU) DE (81 A 109)  ,48.90762,2.30825,Plein jour,En agglomération,Hors intersection,Normale,Autre collision,4,2,2,0,1,1,1,9,1,50,,2,1,0,0,1,29.0,56.0,,,1,2,1,1,6
202100038243,2021-05-26 09:20:00,2021,5,26,9,20,92,92060,EDOUARD HERRIOT (AVENUE) RD60,48.7823242932,2.258194685,Plein jour,En agglomération,Passage à niveau,Normale,Autre collision,4,1,3,0,3,1,1,4,1,50,,2,1,0,0,1,31.0,,,,1,2,8,1,6
202100038244,2021-05-26 01:10:00,2021,5,26,1,10,51,51134,Grande Rue,48.6814112439,4.5477586744,Nuit sans éclairage public,En agglomération,Hors intersection,Pluie légère,Sans collision,3,2,2,0,1,1,2,0,8,50,,2,1,0,1,0,21.0,,,,3,2,1,2,7
202100038245,2021-05-25 17:35:00,2021,5,25,17,35,16,16207,Ld La Bretaudière,45.85918,-0.003251,Plein jour,Hors agglomération,Hors intersection,Normale,Autre collision,4,2,2,0,2,2,1,0,1,80,,2,1,0,0,1,25.0,41.0,,,1,1,1,1,6
202100038246,2021-05-12 10:15:00,2021,5,12,10,15,84,84126,D977,44.226933,5.011409,Plein jour,Hors agglomération,Hors intersection,Normale,Sans collision,3,2,2,0,1,1,1,0,3,80,,1,0,0,1,0,41.0,,,,1,1,1,1,7
202100038247,2021-05-27 11:00:00,2021,5,27,11,0,83,83023,autoroute A8 pk 76+200,43.4192236431,6.0911462136,Plein jour,Hors agglomération,Hors intersection,Normale,Autre collision,1,1,5,0,2,1,1,0,1,130,,1,0,0,1,0,60.0,,,,1,1,1,1,6
202100038248,2021-05-27 11:00:00,2021,5,27,11,0,62,62699,rue de gravelines,50.830337,2.077414,Plein jour,Hors agglomération,Intersection en X,Normale,Deux véhicules - côté,3,2,2,0,1,1,1,0,1,80,,2,1,0,1,0,58.0,51.0,,,1,1,2,1,3
202100038249,2021-05-27 08:40:00,2021,5,27,8,40,63,63004,Route des Fades,45.9282286394,2.8064175553,Plein jour,En agglomération,Hors intersection,Normale,Autre collision,3,2,2,0,1,1,1,0,1,50,,2,1,0,0,1,32.0,,,,1,2,1,1,6
202100038250,2021-05-26 18:30:00,2021,5,26,18,30,74,74076,Chemin de Buaz,45.99573,6.040756,Plein jour,En agglomération,Intersection en Y,Normale,Deux véhicules - frontale,9,2,2,0,2,3,1,0,1,50,,2,1,0,0,1,30.0,22.0,,,1,2,4,1,1
202100038251,2021-05-27 13:45:00,2021,5,27,13,45,19,19250,Autoroute A20 - PK 231+425,45.469651705,1.5187845996,Plein jour,Hors agglomération,Hors intersection,Normale,Deux véhicules - frontale,1,3,4,0,1,1,1,0,1,130,,2,0,1,0,1,52.0,23.0,,,1,1,1,1,1
202100038252,2021-05-27 08:25:00,2021,5,27,8,25,974,97410,151 Chemin Camalon,-21.052062,55.697637,Plein jour,En agglomération,Hors intersection,Normale,Deux véhicules - arrière,4,2,2,0,2,3,1,0,1,50,,2,1,0,1,0,26.0,29.0,,,1,2,1,1,2
202100038253,2021-05-26 13:35:00,2021,5,26,13,35,34,34270,Route de Montpellier,43.583469,3.846331,Plein jour,Hors agglomération,Intersection en T,Normale,Deux véhicules - arrière,7,2,2,0,2,1,1,0,1,80,,2,1,0,1,0,47.0,67.0,,,1,1,3,1,2
202100038254,2021-05-27 11:15:00,2021,5,27,11,15,51,51535,Rue Paul Doumer,48.722208,3.723065,Plein jour,En agglomération,Hors intersection,Normale,Sans collision,3,2,1,0,1,1,1,0,1,50,,2,1,0,0,1,84.0,,,,1,2,1,1,7
202100038255,2021-05-27 07:20:00,2021,5,27,7,20,74,74065,307 route de saint jean,46.036003,5.955448,Plein jour,En agglomération,Intersection en T,Normale,Autre collision,3,2,2,0,1,3,1,5,8,50,,10,8,0,0,2,46.0,,,,1,2,3,1,6
202100038256,2021-05-26 21:30:00,2021,5,26,21,30,76,76050,Rue de l’Etang,49.8571107341,0.9553835582,Nuit sans éclairage public,Hors agglomération,Hors intersection,Normale,Autre collision,3,2,1,0,2,1,1,0,3,-1,,1,0,0,0,1,28.0,,,,3,1,1,1,6
202100038257,2021-05-27 19:05:00,2021,5,27,19,5,79,79178,Rue de la Foucherie,46.950167,-0.195061,Plein jour,En agglomération,Hors intersection,Normale,Deux véhicules - frontale,4,2,2,0,2,3,1,0,1,30,,2,0,0,1,1,43.0,21.0,,,1,2,1,1,1
202100038258,2021-05-13 15:30:00,2021,5,13,15,30,2B,2B251,RT 10,41.980818,9.400204,Plein jour,Hors agglomération,Intersection en T,Normale,Deux véhicules - côté,2,2,2,0,1,1,1,0,1,80,,2,1,0,0,1,66.0,29.0,,,1,1,3,1,3
202100038259,2021-05-27 13:10:00,2021,5,27,13,10,2B,2B346,Torra,42.517161,9.466036,Plein jour,Hors agglomération,Hors intersection,Normale,Autre collision,3,2,2,0,1,1,1,0,1,80,,3,2,0,0,1,18.0,,,,1,1,1,1,6
202100038260,2021-05-26 10:45:00,2021,5,26,10,45,65,65447,Rue Lestrade,43.184351,0.242777,Plein jour,En agglomération,Intersection en T,Normale,Deux véhicules - côté,3,2,2,-1,1,1,1,0,1,50,,2,1,0,0,1,70.0,48.0,,,1,2,3,1,3
202100038261,2021-05-22 22:01:00,2021,5,22,22,1,61,61339,D15,48.755538,-0.268135,Nuit sans éclairage public,Hors agglomération,Hors intersection,Normale,Autre collision,3,2,2,0,1,1,1,0,1,70,,1,0,0,0,1,26.0,,,,3,1,1,1,6
202100038262,2021-05-25 13:57:00,2021,5,25,13,57,22,22164,Lieu dit Les fontaines,48.590041,-3.292157,Plein jour,Hors agglomération,Intersection en T,Normale,Deux véhicules - frontale,4,2,2,0,1,3,1,0,1,80,,2,1,0,1,0,18.0,49.0,,,1,1,3,1,1
202100038263,2021-05-24 13:30:00,2021,5,24,13,30,22,22236,Rue de la Vieille Fontaine,48.664157,-2.985037,Plein jour,En agglomération,Hors intersection,Pluie forte,Sans collision,3,2,2,0,1,1,2,0,1,50,,1,0,0,1,0,16.0,,,,1,2,1,3,7
202100038264,2021-05-26 17:10:00,2021,5,26,17,10,44,44212,D116,47.165997,-1.252184,Plein jour,Hors agglomération,Hors intersection,Normale,Deux véhicules - frontale,3,2,2,0,2,3,1,0,1,80,,2,0,0,1,1,53.0,36.0,,,1,1,1,1,1
202100038265,2021-05-27 07:40:00,2021,5,27,7,40,31,31293,D820,43.71702,1.386606,Plein jour,Hors agglomération,Hors intersection,Normale,Deux véhicules - arrière,7,3,4,0,1,1,1,0,1,90,,2,1,0,1,0,30.0,55.0,,,1,1,1,1,2
202100038266,2021-05-27 12:45:00,2021,5,27,12,45,15,15113,D17,45.097428,2.686801,Plein jour,Hors agglomération,Hors intersection,Normale,Deux véhicules - frontale,3,2,2,0,2,3,1,0,1,90,,3,2,0,1,0,58.0,22.0,,,1,1,1,1,1
202100038267,2021-05-27 13:05:00,2021,5,27,13,5,70,70168,D10,47.80503,6.20519,Plein jour,Hors agglomération,Hors intersection,Normale,Trois véhicules et plus - collisions multiples,3,2,1,0,1,1,1,0,1,80,,5,1,1,3,0,70.0,22.0,,,1,1,1,1,5
202100038268,2021-05-23 14:50:00,2021,5,23,14,50,72,72199,D39,48.24851,0.06816,Plein jour,Hors agglomération,Hors intersection,Normale,Deux véhicules - côté,3,2,2,0,1,1,1,0,1,-1,,2,1,0,1,0,25.0,26.0,,,1,1,1,1,3
202100038269,2021-05-26 17:51:00,2021,5,26,17,51,09,09328,60 Route des Côtes,42.794662,1.689656,Plein jour,En agglomération,Hors intersection,Normale,Deux véhicules - frontale,3,2,2,0,2,3,1,0,1,50,,2,1,0,1,0,21.0,95.0,,,1,2,1,1,1
202100038270,2021-05-26 18:50:00,2021,5,26,18,50,45,45102,D93,47.941381,2.786214,Plein jour,Hors agglomération,Hors intersection,Pluie forte,Autre collision,3,2,2,0,1,3,2,0,3,80,,2,0,0,2,0,26.0,,,,1,1,1,3,6
202100038271,2021-05-25 15:00:00,2021,5,25,15,0,07,07108,D 120,44.923381,4.400443,Plein jour,Hors agglomération,Hors intersection,Normale,Autre collision,3,2,2,0,1,1,1,0,3,80,,1,0,0,1,0,74.0,,,,1,1,1,1,6
202100038272,2021-05-23 08:00:00,2021,5,23,8,0,40,40051,Place du Marsan,43.889477,-0.391317,Plein jour,En agglomération,Hors intersection,Normale,Autre collision,3,2,2,0,1,2,1,0,3,30,,3,1,0,1,1,33.0,,,,1,2,1,1,6
202100038273,2021-05-27 14:30:00,2021,5,27,14,30,27,27428,RD 840,49.132767,0.906308,Plein jour,Hors agglomération,Hors intersection,Normale,Deux véhicules - frontale,3,2,2,0,1,1,1,0,1,80,,2,1,0,1,0,65.0,54.0,,,1,1,1,1,1
202100038274,2021-05-27 09:38:00,2021,5,27,9,38,23,23024,D17 - Route d'Aubusson,45.955677,2.139003,Plein jour,Hors agglomération,Hors intersection,Normale,Autre collision,3,2,2,0,1,1,1,0,1,-1,,2,1,0,0,1,89.0,,,,1,1,1,1,6
202100038275,2021-05-27 10:34:00,2021,5,27,10,34,52,52060,02 rue Vellonne,47.952748,5.747472,Plein jour,En agglomération,Hors intersection,Normale,Autre collision,4,1,1,0,1,1,1,0,4,30,,2,1,0,0,1,54.0,,,,1,2,1,1,6
202100038276,2021-05-25 10:50:00,2021,5,25,10,50,973,97309,D2,4.911985,-52.272252,Plein jour,En agglomération,Intersection en X,Normale,Deux véhicules - arrière,3,2,2,0,1,2,1,0,1,50,,4,3,0,1,0,24.0,56.0,,,1,2,2,1,2
202100038277,2021-05-27 01:13:00,2021,5,27,1,13,06,06088,"A8, bretelle d'accès nice-est, chaussée nord",43.733833,7.285384,Nuit sans éclairage public,Hors agglomération,Hors intersection,Normale,Sans collision,1,1,1,0,2,3,9,3,1,50,,1,0,0,0,1,25.0,,,,3,1,1,1,7
202100038278,2021-05-27 17:35:00,2021,5,27,17,35,31,31506,Avenue de Gameville,43.555367,1.531131,Plein jour,En agglomération,Intersection en T,Normale,Deux véhicules - côté,7,2,2,0,2,1,1,0,1,50,,2,1,0,0,1,53.0,22.0,,,1,2,3,1,3
202100038279,2021-05-27 21:30:00,2021,5,27,21,30,27,27005,A13 PK 087+700 vers ROUEN,49.170194,1.250768,Crépuscule ou aube,Hors agglomération,Hors intersection,Normale,Sans collision,1,3,5,0,1,1,1,0,3,130,,1,0,0,1,0,31.0,,,,2,1,1,1,7
202100038280,2021-05-27 12:15:00,2021,5,27,12,15,62,62427,A1,50.39681,2.982445,Plein jour,Hors agglomération,Hors intersection,Normale,Sans collision,1,1,3,0,1,1,1,0,1,130,,1,0,0,1,0,56.0,,,,1,1,1,1,7
202100038281,2021-05-25 14:40:00,2021,5,25,14,40,987,98714,Anau -  la traversière,-16.521981,-151.725376,Plein jour,Hors agglomération,Intersection en T,Normale,Deux véhicules - côté,2,2,2,0,1,1,1,0,1,60,,2,1,0,1,0,44.0,45.0,,,1,1,3,1,3
202100038282,2021-05-26 20:00:00,2021,5,26,20,0,988,98808,Lieu-dit Néarico,-21.283186,165.63484,Nuit sans éclairage public,Hors agglomération,Hors intersection,Normale,Deux véhicules - côté,3,2,2,0,2,3,1,0,1,110,,5,3,0,2,0,29.0,69.0,,,3,1,1,1,3
202100038283,2021-05-25 09:35:00,2021,5,25,9,35,972,97230,79 Lotissement l'Autre Bord,14.740235,-60.94974,Plein jour,En agglomération,Hors intersection,Normale,Sans collision,4,2,2,0,3,3,1,0,1,50,,1,0,0,1,0,48.0,,,,1,2,1,1,7
202100038284,2021-05-25 17:00:00,2021,5,25,17,0,18,18055,36 Rue de Vierzon,46.99864,2.124433,Plein jour,En agglomération,Hors intersection,Temps éblouissant,Deux véhicules - arrière,3,2,2,0,1,1,1,0,1,50,,2,1,0,1,0,43.0,78.0,,,1,2,1,7,2
202100038285,2021-05-26 16:10:00,2021,5,26,16,10,30,30090,d155,44.376463,3.976707,Plein jour,Hors agglomération,Hors intersection,Normale,Sans collision,3,2,2,0,2,2,1,0,3,80,,1,0,0,1,0,62.0,,,,1,1,1,1,7
202100038286,2021-05-27 13:55:00,2021,5,27,13,55,34,34199,Avenue Général de Gaulle,43.453176,3.414168,Plein jour,En agglomération,Intersection en T,Normale,Deux véhicules - côté,3,2,2,0,2,3,1,0,1,-1,,2,1,1,0,0,78.0,58.0,,,1,2,3,1,3
202100038287,2021-05-23 16:55:00,2021,5,23,16,55,13,13022,route de la gineste,43.225537,5.531659,Plein jour,Hors agglomération,Hors intersection,Normale,Deux véhicules - frontale,7,2,2,0,3,4,1,0,3,70,,1,0,0,1,0,39.0,,,,1,1,1,1,1
202100038288,2021-05-25 09:58:00,2021,5,25,9,58,13,13041,Avenue Louise Michel,43.445784,5.467136,Plein jour,En agglomération,Hors intersection,Normale,Deux véhicules - frontale,7,2,2,0,2,1,1,0,1,50,,2,1,0,1,0,77.0,21.0,,,1,2,1,1,1
202100038289,2021-05-26 13:45:00,2021,5,26,13,45,68,68123,Route de Rouffach,48.002507,7.294579,Plein jour,Hors agglomération,Hors intersection,Temps couvert,Deux véhicules - frontale,3,2,2,0,1,1,1,0,1,50,,2,1,0,1,0,35.0,48.0,,,1,1,1,8,1
202100038290,2021-05-27 10:28:00,2021,5,27,10,28,55,55351,D643,49.504032,5.384846,Plein jour,Hors agglomération,Hors intersection,Temps couvert,Deux véhicules - côté,3,2,2,0,1,1,1,0,1,80,,2,0,1,0,1,58.0,39.0,,,1,1,1,8,3
202100038291,2021-05-27 10:25:00,2021,5,27,10,25,55,55122,Rue de la Trace,48.757085865,5.5879479647,Plein jour,En agglomération,Intersection en X,Normale,Deux véhicules - frontale,3,2,2,0,2,1,1,0,1,50,,2,1,0,0,1,40.0,81.0,,,1,2,2,1,1
202100038292,2021-05-27 07:15:00,2021,5,27,7,15,73,73248,D1006,45.27398,6.362919,Plein jour,Hors agglomération,Hors intersection,Normale,Sans collision,3,2,2,0,1,1,1,0,1,70,,1,0,0,1,0,33.0,,,,1,1,1,1,7
202100038293,2021-05-26 09:14:00,2021,5,26,9,14,01,01142,873 Rue de Genève,45.850699,5.073392,Plein jour,En agglomération,Hors intersection,Normale,Deux véhicules - arrière,3,2,2,0,1,1,1,0,1,50,,2,1,0,0,1,38.0,20.0,,,1,2,1,1,2
202100038294,2021-05-22 14:10:00,2021,5,22,14,10,69,69110,D663,45.581352,4.525702,Plein jour,Hors agglomération,Hors intersection,Normale,Trois véhicules et plus - collisions multiples,3,2,2,0,2,1,1,0,1,80,,3,1,0,1,1,29.0,27.0,,,1,1,1,1,5
202100038295,2021-05-27 15:55:00,2021,5,27,15,55,81,81105,Place du Jourdain,43.761949,1.989413,Plein jour,En agglomération,Hors intersection,Normale,Deux véhicules - côté,4,1,2,0,1,1,1,0,1,50,,2,1,0,1,0,25.0,23.0,,,1,2,1,1,3
202100038296,2021-05-26 14:45:00,2021,5,26,14,45,33,33436,D651,44.521387,-0.626864,Plein jour,Hors agglomération,Intersection en T,Normale,Deux véhicules - côté,3,2,2,0,1,1,1,0,1,80,,3,0,0,2,1,55.0,56.0,,,1,1,3,1,3
202100038297,2021-05-26 17:30:00,2021,5,26,17,30,61,61074,Voie à la Dame,48.567957,-0.15044,Plein jour,En agglomération,Intersection en X,Pluie légère,Deux véhicules - côté,3,2,2,0,1,1,2,0,1,50,,2,1,0,1,0,26.0,18.0,,,1,2,2,2,3
202100038298,2021-05-19 10:30:00,2021,5,19,10,30,22,22161,Rue de l Armor,48.565596,-3.14504,Plein jour,En agglomération,Hors intersection,Normale,Deux véhicules - côté,3,2,2,0,2,1,1,0,1,50,,2,1,0,1,0,70.0,72.0,,,1,2,1,1,3
202100038299,2021-05-27 09:00:00,2021,5,27,9,0,59,59449,Rue Claude Jean,50.470675,3.248193,Plein jour,En agglomération,Hors intersection,Normale,Deux véhicules - côté,4,2,2,0,1,1,1,0,1,50,,2,1,0,0,1,26.0,53.0,,,1,2,1,1,3
202100038300,2021-05-22 08:20:00,2021,5,22,8,20,13,13088,A55-Sens Martigues vers Marseille,43.3799192345,5.2192959982,Plein jour,Hors agglomération,Hors intersection,Normale,Sans collision,1,-1,1,0,2,3,2,0,1,50,,1,0,0,0,1,54.0,,,,1,1,1,1,7
202100038301,2021-05-23 18:20:00,2021,5,23,18,20,13,13202,TVPCD-Sens Les Ports vers Saint Victor,43.3012163028,5.3642228888,Plein jour,Hors agglomération,Hors intersection,Normale,Trois véhicules et plus - en chaîne,1,1,2,0,1,1,1,1,1,50,,3,2,0,0,1,31.0,59.0,,,1,1,1,1,4
202100038302,2021-05-23 17:10:00,2021,5,23,17,10,13,13215,A7-Sens Lyon vers Marseille,43.35782,5.3628,Plein jour,Hors agglomération,Hors intersection,Normale,Trois véhicules et plus - en chaîne,1,1,3,0,1,1,1,0,1,90,,4,3,0,1,0,54.0,54.0,,,1,1,1,1,4
202100038303,2021-05-23 16:50:00,2021,5,23,16,50,13,13202,TVPCM-Sens Saint Victor vers Les Ports,43.31314,5.36816,Plein jour,Hors agglomération,Hors intersection,Normale,Deux véhicules - arrière,1,1,2,0,1,1,1,1,1,50,,2,1,0,0,1,62.0,43.0,,,1,1,1,1,2
202100038304,2021-05-26 16:55:00,2021,5,26,16,55,33,33192,,44.789403,-0.604334,Plein jour,Hors agglomération,Hors intersection,Normale,Trois véhicules et plus - en chaîne,1,3,7,0,1,1,1,0,1,90,,3,1,0,0,2,39.0,47.0,,,1,1,1,1,4
202100038305,2021-05-25 07:40:00,2021,5,25,7,40,59,59183,AUTOROUTE A16,51.012519,2.35671,Plein jour,Hors agglomération,Hors intersection,Normale,Trois véhicules et plus - collisions multiples,1,3,3,0,1,1,1,0,1,90,,3,2,0,0,1,34.0,30.0,,,1,1,1,1,5
202100038306,2021-05-18 17:00:00,2021,5,18,17,0,59,59343,AUTOROUTE A1,50.587532,3.094505,Plein jour,Hors agglomération,Hors intersection,Normale,Deux véhicules - arrière,1,3,7,0,1,1,1,0,1,90,,2,1,0,1,0,30.0,36.0,,,1,1,1,1,2
202100038307,2021-05-26 08:50:00,2021,5,26,8,50,94,94034,AUTOROUTE A86,48.76027,2.32045,Plein jour,Hors agglomération,Hors intersection,Normale,Trois véhicules et plus - collisions multiples,1,-1,2,0,2,1,2,0,1,70,,4,3,0,0,1,86.0,59.0,,,1,1,1,1,5
202100038308,2021-05-26 11:00:00,2021,5,26,11,0,95,95151,RN 104,49.0637,2.268,Plein jour,Hors agglomération,Hors intersection,Normale,Deux véhicules - arrière,2,3,4,0,1,1,1,0,1,110,,2,1,0,0,1,42.0,55.0,,,1,1,1,1,2
202100038309,2021-05-26 06:30:00,2021,5,26,6,30,95,95527, A1,49.00207,2.52374,Plein jour,Hors agglomération,Hors intersection,Pluie légère,Deux véhicules - côté,1,3,6,0,1,1,2,0,1,110,,2,1,0,0,1,49.0,31.0,,,1,1,1,2,3
202100038310,2021-05-25 18:40:00,2021,5,25,18,40,75,75113,AVENUE D ITALIE,48.819834,2.359258,Plein jour,En agglomération,Hors intersection,Normale,Autre collision,4,2,2,1,1,1,1,0,1,50,,2,1,0,0,1,30.0,,,,1,2,1,1,6
202100038311,2021-05-25 06:30:00,2021,5,25,6,30,974,97416,PASTEUR (RUE),-21.2826830759,55.4727965299,Plein jour,En agglomération,Hors intersection,Normale,,4,2,2,0,2,1,1,0,1,50,,2,1,0,0,1,,,,,1,2,1,1,-1
202100038312,2021-05-19 19:35:00,2021,5,19,19,35,34,34003,GENERAL DE GAULLE (AVENUE DU),43.31226,3.475,Plein jour,En agglomération,Hors intersection,Normale,Autre collision,4,2,1,0,1,1,1,0,1,50,,2,1,0,0,1,49.0,,,,1,2,1,1,6
202100038313,2021-05-25 15:30:00,2021,5,25,15,30,13,13201,ROME (RUE DE)        1 A 71A,43.29318,5.37965,Plein jour,En agglomération,Hors intersection,Normale,Deux véhicules - côté,4,2,2,3,1,1,1,9,6,50,,2,0,0,0,2,17.0,,,,1,2,1,1,3
202100038314,2021-02-10 16:50:00,2021,2,10,16,50,43,43041,60 Avenue Charles Dupuy,45.04972,3.91797,Plein jour,En agglomération,Hors intersection,Pluie légère,Autre collision,3,2,2,0,1,1,2,0,1,50,,2,1,0,0,1,65.0,,,,1,2,1,2,6
202100038315,2021-05-25 07:30:00,2021,5,25,7,30,974,97411,LITTORAL (ROUTE 1 DU),-20.87544,55.43031,Plein jour,Hors agglomération,Hors intersection,Normale,Deux véhicules - côté,2,3,4,0,1,1,1,0,1,90,,2,1,0,0,1,46.0,25.0,,,1,1,1,1,3
202100038316,2021-05-25 19:45:00,2021,5,25,19,45,973,97302,MADELEINE (ROUTE DE LA),4.9196015577,-52.3218114826,Nuit avec éclairage allumé,En agglomération,Hors intersection,Normale,Deux véhicules - frontale,3,1,1,0,1,1,1,0,1,50,,2,1,0,0,1,,9.0,,,5,2,1,1,1
202100038317,2021-05-25 21:05:00,2021,5,25,21,5,69,69388,SAINT MAURICE (R),45.74068,4.86632,Nuit avec éclairage allumé,En agglomération,Intersection en X,Normale,Deux véhicules - côté,4,1,1,0,1,1,1,0,1,50,,3,1,0,1,1,26.0,21.0,,,5,2,2,1,3
202100038318,2021-05-25 15:45:00,2021,5,25,15,45,69,69386,BOSSUET (R),45.76755,4.84753,Plein jour,En agglomération,Intersection en X,Normale,Deux véhicules - côté,4,1,2,1,1,1,1,0,1,50,,2,1,0,0,1,21.0,32.0,,,1,2,2,1,3
202100038319,2021-05-25 11:50:00,2021,5,25,11,50,69,69387,GAMBETTA (CR),45.7512600361,4.8545756936,Plein jour,En agglomération,Hors intersection,Normale,Autre collision,4,2,3,3,1,1,1,0,1,50,,2,0,0,0,2,31.0,,,,1,2,1,1,6
202100038320,2021-05-25 09:10:00,2021,5,25,9,10,69,69387,SEBASTIEN GRYPHE (R),45.75083,4.84246,Plein jour,En agglomération,Intersection en X,Normale,Deux véhicules - côté,4,1,1,2,1,1,1,0,1,50,,5,1,0,0,4,23.0,34.0,,,1,2,2,1,3
202100038321,2021-05-25 02:50:00,2021,5,25,2,50,972,97213,VIEUX CHEMIN CALIFORNIE (RUE DU),14.621105,-61.028581,Nuit avec éclairage allumé,Hors agglomération,Hors intersection,Normale,Autre collision,3,2,2,0,2,2,1,0,3,50,,1,0,0,0,1,20.0,,,,5,1,1,1,6
202100038322,2021-05-25 07:00:00,2021,5,25,7,0,972,97209,RAVINE VILAINE (CHEMIN DEPARTEMENTAL DE),14.6311055419,-61.0598230362,Plein jour,Hors agglomération,Hors intersection,Normale,Autre collision,3,2,2,0,1,1,1,0,1,50,,2,1,0,0,1,50.0,,,,1,1,1,1,6
202100038323,2021-05-25 20:10:00,2021,5,25,20,10,69,69382,CELESTINS (DES) (Q),45.7600457973,4.8305218569,Plein jour,En agglomération,Intersection en T,Normale,Autre collision,4,1,4,3,1,1,1,0,1,50,,4,1,0,3,0,30.0,19.0,,,1,2,3,1,6
202100038324,2021-05-25 20:30:00,2021,5,25,20,30,69,69149,GRANDE RUE                          (GR),45.7197861584,4.7998050113,Plein jour,En agglomération,Hors intersection,Normale,Autre collision,7,2,2,0,2,1,1,0,1,50,,2,1,0,0,1,,,,,1,2,1,1,6
202100038325,2021-05-25 16:20:00,2021,5,25,16,20,69,69034,JOSEPH PICOT (VIADUC)                     ,45.79101,4.871,Plein jour,En agglomération,Hors intersection,Normale,Deux véhicules - côté,4,3,4,0,2,4,1,0,1,50,,2,1,0,0,1,59.0,22.0,,,1,2,1,1,3
202100038326,2021-05-25 17:45:00,2021,5,25,17,45,2B,2B033,TUNNEL,42.697,9.45272,Plein jour,En agglomération,Hors intersection,Normale,Trois véhicules et plus - en chaîne,2,2,2,0,1,1,1,1,1,50,,3,1,0,0,2,51.0,22.0,,,1,2,1,1,4
202100038327,2021-05-24 12:04:00,2021,5,24,12,4,971,97101,DE LA BALANCE (CHEMIN),16.2909,-61.49177,Plein jour,Hors agglomération,Hors intersection,Normale,Deux véhicules - frontale,4,-1,2,0,1,2,1,0,1,50,,2,0,0,0,2,21.0,51.0,,,1,1,1,1,1
202100038328,2021-05-25 12:18:00,2021,5,25,12,18,87,87085,CHENIEUX (RUE FRANCOIS),45.83427,1.25579,Plein jour,En agglomération,Hors intersection,Pluie forte,Deux véhicules - arrière,4,2,2,0,1,1,2,0,1,50,,3,1,0,0,2,46.0,27.0,,,1,2,1,3,2
202100038329,2021-05-22 18:25:00,2021,5,22,18,25,87,87085,BUISSON (RUE FERDINAND),45.82454,1.25497,Plein jour,En agglomération,Intersection en T,Normale,Sans collision,4,2,2,0,2,2,1,0,1,50,,2,1,0,0,1,27.0,66.0,,,1,2,3,1,7
202100038330,2021-05-24 18:09:00,2021,5,24,18,9,87,87085,PERRIN (RUE FRANCOIS),45.82728,1.23953,Plein jour,En agglomération,Intersection en X,Pluie forte,Deux véhicules - côté,4,2,2,0,1,1,2,5,1,50,,2,1,0,0,1,71.0,23.0,,,1,2,2,3,3
202100038331,2021-05-24 18:30:00,2021,5,24,18,30,85,85194,RUE LOUIS BRAILLE,46.50419,-1.78703,Plein jour,En agglomération,Hors intersection,Normale,Deux véhicules - côté,4,2,2,0,1,1,1,0,1,50,,2,1,0,1,0,20.0,28.0,,,1,2,1,1,3
202100038332,2021-05-25 07:15:00,2021,5,25,7,15,83,83137,FARON (BD DU),43.13648,5.92236,Plein jour,En agglomération,Hors intersection,Temps éblouissant,Autre collision,4,2,2,0,3,1,1,0,1,50,,2,1,0,0,1,46.0,,,,1,2,1,7,6
202100038333,2021-05-21 06:04:00,2021,5,21,6,4,74,74012,LECLERC (AVENUE DU MARECHAL),46.18963,6.24929,Plein jour,En agglomération,Giratoire,Normale,Deux véhicules - frontale,3,1,1,0,1,1,1,0,1,50,,2,1,0,0,1,33.0,55.0,,,1,2,6,1,1
202100038334,2021-05-06 19:15:00,2021,5,6,19,15,74,74008,RAVIER (RUE),46.20062,6.2305,Plein jour,En agglomération,Intersection en T,Normale,Deux véhicules - côté,4,2,2,0,1,1,1,0,1,50,,2,1,0,0,1,55.0,62.0,,,1,2,3,1,3
202100038335,2021-05-23 11:50:00,2021,5,23,11,50,67,67482,EDMOND ROSTAND (RUE),48.59196,7.69295,Plein jour,En agglomération,Intersection en T,Temps couvert,Deux véhicules - côté,4,3,2,3,2,1,1,0,1,50,,2,1,0,0,1,33.0,27.0,,,1,2,3,8,3
202100038336,2021-05-21 12:00:00,2021,5,21,12,0,67,67482,CORPS DE GARDE (RUE DES),48.56035,7.77435,Plein jour,En agglomération,Intersection en T,Temps couvert,Deux véhicules - frontale,4,2,2,1,1,1,1,0,1,50,,2,1,0,0,1,44.0,56.0,,,1,2,3,8,1
202100038337,2021-05-22 18:05:00,2021,5,22,18,5,66,66136,NUNGESSER-ET-COLI (BOULEVARD),42.68159,2.89317,Plein jour,En agglomération,Hors intersection,Normale,Deux véhicules - côté,4,2,2,0,1,1,1,0,4,50,,2,1,0,0,1,25.0,35.0,,,1,2,1,1,3
202100038338,2021-05-21 22:38:00,2021,5,21,22,38,66,66136,DALBIEZ (AVENUE VICTOR),42.68956,2.88448,Nuit avec éclairage allumé,En agglomération,Hors intersection,Normale,Deux véhicules - côté,4,2,2,0,1,1,1,0,1,50,,2,1,0,0,1,20.0,28.0,,,5,2,1,1,3