accident_id,datetime,annee,mois,jour,heure,minute,departement,commune_insee,adresse,latitude,longitude,luminosite,agglomeration,intersection,meteo,collision,catr,circ,nbv,vosp,prof,plan,surf,infra,situ,vma,nb_vehicules,nb_usagers,nb_indemnes,nb_tues,nb_blesses_hosp,nb_blesses_legers,age_cond_1,age_cond_2,veh_type_cond_1,veh_type_cond_2,lum_code,agg_code,int_code,atm_code,col_code
202100038339,2021-05-21 18:10:00,2021,5,21,18,10,66,66136,PANCHOT (AVENUE JULIEN),42.69012,2.87973,Plein jour,En agglomération,Intersection en T,Normale,Deux véhicules - côté,4,-1,2,0,1,1,1,0,1,50,,2,1,0,0,1,18.0,,,,1,2,3,1,3
202100038340,2021-05-21 13:16:00,2021,5,21,13,16,66,66136,AERODROME AVENUE DE L'(CD117),42.72192,2.88512,Plein jour,En agglomération,Intersection en X,Normale,Deux véhicules - côté,4,-1,4,0,1,1,1,0,1,50,,2,1,0,0,1,60.0,41.0,,,1,2,2,1,3
202100038341,2021-05-25 09:17:00,2021,5,25,9,17,65,65440,PAUL (BOULEVARD JEAN RAOUL),43.22835,0.088776,Plein jour,En agglomération,Giratoire,Normale,Autre collision,2,3,4,0,1,1,1,0,1,50,,2,1,0,1,0,42.0,,,,1,2,6,1,6
202100038342,2021-05-25 17:15:00,2021,5,25,17,15,64,64545,RD810,43.37477,-1.6786,Plein jour,En agglomération,Hors intersection,Normale,Deux véhicules - arrière,3,2,3,0,1,1,1,0,1,50,,3,1,0,1,1,31.0,25.0,,,1,2,1,1,2
202100038343,2021-05-22 20:00:00,2021,5,22,20,0,64,64125,Impasse Hego Alde,43.4414648365,-1.5728420019,Plein jour,En agglomération,Hors intersection,Normale,Sans collision,4,2,1,0,1,1,1,0,1,30,,1,0,0,1,0,55.0,,,,1,2,1,1,7
202100038344,2021-05-22 15:12:00,2021,5,22,15,12,63,63113,LAVOISIERS (BD),45.78614,3.07991,Plein jour,En agglomération,Intersection en X,Normale,Deux véhicules - côté,7,1,3,0,1,1,2,0,1,50,,4,2,0,0,2,76.0,49.0,,,1,2,2,1,3
202100038345,2021-05-21 13:05:00,2021,5,21,13,5,63,63113,LIONDARDS (RUE DES),45.7642030717,3.0920617278,Plein jour,En agglomération,Hors intersection,Normale,Deux véhicules - côté,4,2,2,1,1,1,1,-1,1,50,,2,1,0,0,1,22.0,60.0,,,1,2,1,1,3
202100038346,2021-05-24 16:23:00,2021,5,24,16,23,63,63113,Union Soviétique / Michelin,45.78129,3.10432,Plein jour,En agglomération,Intersection en X,Normale,Deux véhicules - côté,4,2,2,0,1,1,1,0,1,50,,2,1,0,0,1,81.0,65.0,,,1,2,2,1,3
202100038347,2021-05-24 21:50:00,2021,5,24,21,50,63,63113,BLATIN/ Bonnabaud,45.77683,3.07868,Crépuscule ou aube,En agglomération,Intersection en X,Normale,Deux véhicules - côté,4,1,2,0,1,1,1,0,1,50,,2,1,0,1,0,52.0,28.0,,,2,2,2,1,3
202100038348,2021-05-25 17:35:00,2021,5,25,17,35,59,59599,BLANCHE PORTE (RUE DE LA),50.718057,3.154454,Plein jour,En agglomération,Intersection en X,Pluie légère,Autre collision,7,2,3,1,1,1,2,0,1,50,,2,1,0,0,1,54.0,,,,1,2,2,2,6
202100038349,2021-05-25 08:00:00,2021,5,25,8,0,59,59512,LANNOY (RUE),50.683485,3.192178,Plein jour,En agglomération,Hors intersection,Normale,Autre collision,4,2,2,0,1,1,1,0,1,50,,2,1,0,0,1,48.0,,,,1,2,1,1,6
202100038350,2021-05-16 16:45:00,2021,5,16,16,45,57,57631,GENERAUX CREMER (RUE),49.1100528,7.0644656,Plein jour,En agglomération,Hors intersection,Normale,Deux véhicules - côté,4,1,2,0,2,1,1,5,1,50,,3,1,0,1,1,52.0,63.0,,,1,2,1,1,3
202100038351,2021-05-24 20:10:00,2021,5,24,20,10,56,56121,HELIAS (RUE  PER JAKEZ ),47.73453,-3.37972,Plein jour,En agglomération,Hors intersection,Normale,Autre collision,6,-1,-1,0,1,1,1,0,1,30,,2,1,0,0,1,20.0,,,,1,2,1,1,6
202100038352,2021-05-22 08:10:00,2021,5,22,8,10,56,56098,HO CHI MINH ( AV. ),47.77308,-3.33478,Plein jour,En agglomération,Hors intersection,Pluie légère,Autre collision,3,2,2,0,1,1,2,0,4,50,,2,0,0,0,2,22.0,,,,1,2,1,2,6
202100038353,2021-05-21 20:38:00,2021,5,21,20,38,56,56121,DE GAULLE ( AVE DU GENERAL ),47.74021,-3.37652,Plein jour,En agglomération,Hors intersection,Normale,Autre collision,4,2,2,2,1,1,1,0,5,30,,1,0,0,0,1,26.0,,,,1,2,1,1,6
202100038354,2021-05-21 20:13:00,2021,5,21,20,13,56,56083,MORBOULOT (RUE  DU ),47.82608,-3.24268,Plein jour,Hors agglomération,Hors intersection,Normale,Autre collision,4,2,2,0,2,2,1,0,3,50,,1,0,0,0,1,15.0,,,,1,1,1,1,6
202100038355,2021-05-21 11:00:00,2021,5,21,11,0,54,54261,CONCORDE (RUE DE LA),49.5228,5.7933,Plein jour,En agglomération,Hors intersection,Normale,Deux véhicules - frontale,3,2,2,0,1,1,1,0,1,50,,2,1,0,0,1,52.0,52.0,,,1,2,1,1,1
202100038356,2021-05-21 18:00:00,2021,5,21,18,0,52,52121,REPUBLIQUE (AVENUE),48.10188,5.14472,Plein jour,En agglomération,Hors intersection,Normale,Deux véhicules - côté,3,2,1,0,1,1,1,0,1,50,,2,1,0,0,1,65.0,16.0,,,1,2,1,1,3
202100038357,2021-05-24 19:20:00,2021,5,24,19,20,50,50129,SAINT SAUVEUR (RUE),49.63212,-1.62742,Plein jour,En agglomération,Hors intersection,Pluie légère,Autre collision,4,1,1,0,2,1,2,0,4,50,,1,0,0,0,1,28.0,,,,1,2,1,2,6
202100038358,2021-05-26 00:30:00,2021,5,26,0,30,45,45234,Rue de la Bretonnerie,47.90615,1.9027,Nuit avec éclairage allumé,En agglomération,Hors intersection,Pluie légère,Autre collision,4,-1,1,0,1,2,2,0,1,50,,1,0,0,0,1,34.0,,,,5,2,1,2,6
202100038359,2021-05-25 09:40:00,2021,5,25,9,40,45,45208,Boulevard John Kennedy,47.995673,2.720335,Plein jour,En agglomération,Intersection en X,Normale,Deux véhicules - frontale,4,2,2,0,1,1,1,0,1,50,,4,3,0,0,1,65.0,45.0,,,1,2,2,1,1
202100038360,2021-05-25 23:30:00,2021,5,25,23,30,44,44143,AVENUE DE LA LIBERATION,47.193086,-1.546772,Nuit avec éclairage allumé,En agglomération,Hors intersection,Normale,Deux véhicules - côté,4,3,2,1,1,1,1,0,5,50,,2,1,0,0,1,21.0,34.0,,,5,2,1,1,3
202100038361,2021-05-25 14:10:00,2021,5,25,14,10,44,44162,PERIPHERIQUE,47.21733,-1.62453,Plein jour,Hors agglomération,Hors intersection,Normale,Deux véhicules - arrière,2,2,4,0,1,1,1,0,1,90,,3,0,0,0,3,37.0,54.0,,,1,1,1,1,2
202100038362,2021-05-25 21:07:00,2021,5,25,21,7,42,42044,Rue Paul Langevin,45.3926989614,4.3216829002,Nuit avec éclairage allumé,En agglomération,Intersection en T,Normale,Autre collision,2,1,1,-1,2,1,1,0,4,-1,,4,1,0,0,3,22.0,,,,5,2,3,1,6
202100038363,2021-05-19 15:30:00,2021,5,19,15,30,40,40279,CASTETS (ROUTE DE),43.77466,-1.06825,Plein jour,Hors agglomération,Hors intersection,Normale,Autre collision,3,2,2,0,1,1,1,0,1,80,,2,1,0,1,0,25.0,49.0,,,1,1,1,1,6
202100038364,2021-05-23 20:20:00,2021,5,23,20,20,38,38185,Avenue Washington,45.18146,5.74655,Plein jour,En agglomération,Intersection en T,Normale,Autre collision,4,2,2,0,1,1,1,0,1,30,,2,1,0,0,1,,,,,1,2,3,1,6
202100038365,2021-05-25 07:30:00,2021,5,25,7,30,37,37261,DEVILDE (RUE),47.4051196643,0.6932203212,Plein jour,En agglomération,Hors intersection,Normale,Deux véhicules - arrière,4,2,2,0,2,1,1,0,1,50,,2,1,0,0,1,33.0,35.0,,,1,2,1,1,2
202100038366,2021-05-24 08:30:00,2021,5,24,8,30,37,37261,STENDHAL (AVENUE),47.3684907762,0.7086280698,Plein jour,En agglomération,Hors intersection,Normale,Autre collision,4,3,2,1,1,1,1,0,1,50,,2,1,0,1,0,68.0,,,,1,2,1,1,6
202100038367,2021-05-25 12:20:00,2021,5,25,12,20,35,35238,GUEHENNO (JEAN),48.117346,-1.673819,Plein jour,En agglomération,Intersection en T,Normale,Deux véhicules - arrière,4,2,2,0,1,1,1,0,1,50,,2,1,0,0,1,31.0,30.0,,,1,2,3,1,2
202100038368,2021-05-25 08:30:00,2021,5,25,8,30,35,35055,BREILLOU (RUE DU),48.09803,-1.62081,Plein jour,En agglomération,Hors intersection,Normale,Deux véhicules - côté,4,2,2,0,2,1,1,0,1,50,,3,2,0,0,1,57.0,28.0,,,1,2,1,1,3
202100038369,2021-05-24 20:03:00,2021,5,24,20,3,34,34172,ALCO (RUE D'),43.61795,3.83949,Plein jour,En agglomération,Intersection en X,Normale,Deux véhicules - côté,4,2,5,3,1,1,1,0,1,50,,2,1,0,1,0,57.0,13.0,,,1,2,2,1,3
202100038370,2021-01-23 14:00:00,2021,1,23,14,0,34,34003,Boulevard Georges Pompidou,43.30842,3.47623,Plein jour,En agglomération,Intersection en X,Normale,Deux véhicules - côté,4,2,2,0,1,1,1,0,1,50,,3,1,0,1,1,25.0,36.0,,,1,2,2,1,3
202100038371,2021-05-25 15:00:00,2021,5,25,15,0,33,33318,Avenue Pasteur,44.80249,-0.64459,Plein jour,En agglomération,Intersection en T,Normale,Deux véhicules - côté,4,2,3,2,1,1,1,5,1,50,,2,1,0,0,1,28.0,33.0,,,1,2,3,1,3
202100038372,2021-05-25 10:50:00,2021,5,25,10,50,33,33063,Avenue de Labarde,44.906812137,-0.5557611401,Plein jour,Hors agglomération,Intersection en T,Normale,Deux véhicules - arrière,4,2,2,0,1,1,1,0,1,80,,2,1,0,0,1,48.0,25.0,,,1,1,3,1,2
202100038373,2021-05-25 16:05:00,2021,5,25,16,5,33,33009,Rue Alfred Dejean,44.65708,-1.15498,Plein jour,En agglomération,Intersection en X,Normale,Autre collision,4,2,2,0,2,1,1,0,1,50,,1,0,0,0,1,77.0,,,,1,2,2,1,6
202100038374,2021-05-25 14:15:00,2021,5,25,14,15,33,33529,23 Avenue des Dunes,44.602447,-1.204538,Plein jour,En agglomération,Hors intersection,Normale,Autre collision,4,2,2,0,2,1,1,0,1,50,,2,1,0,0,1,28.0,,,,1,2,1,1,6
202100038375,2021-05-25 11:40:00,2021,5,25,11,40,31,31555,CASTRES (AV DE) DU 58AU 275,43.59516,1.4873,Plein jour,En agglomération,Hors intersection,Normale,Autre collision,7,2,2,0,2,1,1,0,1,50,,2,1,0,0,1,25.0,,,,1,2,1,1,6
202100038376,2021-05-25 10:40:00,2021,5,25,10,40,31,31555,ESPAGNE (RTE D) DU 2AU 403,43.57533,1.42409,Plein jour,En agglomération,Hors intersection,Normale,Autre collision,7,3,1,0,1,1,1,0,1,30,,2,1,0,0,1,55.0,,,,1,2,1,1,6
202100038377,2021-05-19 11:48:00,2021,5,19,11,48,31,31149,CORNEBARRIEU (ROUTE DE),43.62727,1.3315,Plein jour,En agglomération,Hors intersection,Normale,Deux véhicules - frontale,7,-1,2,0,1,1,1,0,1,50,,4,0,1,1,2,20.0,52.0,,,1,2,1,1,1
202100038378,2021-05-25 09:50:00,2021,5,25,9,50,29,29232,Avenue de la Liberation,47.99117,-4.07486,Plein jour,En agglomération,Hors intersection,Normale,Autre collision,4,1,1,1,1,1,1,8,4,50,,1,0,0,0,1,53.0,,,,1,2,1,1,6
202100038379,2021-05-25 08:06:00,2021,5,25,8,6,29,29232,Rue le Dean,47.99276,-4.09178,Plein jour,En agglomération,Hors intersection,Normale,Deux véhicules - arrière,4,2,2,0,3,1,1,0,1,50,,2,1,0,0,1,31.0,51.0,,,1,2,1,1,2
202100038380,2021-05-21 09:30:00,2021,5,21,9,30,24,24557,AUTOMOBILE (AVENUE DE L'),45.19586,0.78289,Plein jour,En agglomération,Hors intersection,Normale,Autre collision,2,2,2,0,1,1,1,0,1,50,,2,1,0,1,0,46.0,,,,1,2,1,1,6
202100038381,2021-05-19 16:30:00,2021,5,19,16,30,22,22215,CHATELETS (RUE DES),48.4681340389,-2.7948188782,Plein jour,En agglomération,Hors intersection,Normale,Deux véhicules - côté,4,2,2,0,1,1,2,0,1,50,,2,1,0,0,1,15.0,24.0,,,1,2,1,1,3
202100038382,2021-05-25 16:20:00,2021,5,25,16,20,13,13208,PRADO (AVENUE DU),43.27,5.388,Plein jour,Hors agglomération,Hors intersection,Normale,Deux véhicules - côté,4,2,6,3,1,1,1,0,1,50,,2,1,0,1,0,55.0,31.0,,,1,1,1,1,3
202100038383,2021-05-20 15:15:00,2021,5,20,15,15,13,13206,JULES CANTINI (AVENUE),43.282981,5.389096,Plein jour,En agglomération,Intersection en X,Normale,Autre collision,4,-1,2,0,1,3,1,0,1,50,,2,0,0,1,1,18.0,,,,1,2,2,1,6
202100038384,2021-05-20 11:30:00,2021,5,20,11,30,13,13201,LIBERTE (BOULEVARD DE LA),43.300718302,5.3806597613,Plein jour,En agglomération,Intersection en X,Normale,Deux véhicules - côté,4,1,2,0,2,2,1,0,1,30,,2,1,0,0,1,40.0,,,,1,2,2,1,3
202100038385,2021-05-24 19:50:00,2021,5,24,19,50,13,13210,PIERRE DOIZE  (RUE),43.278,5.428,Plein jour,En agglomération,Hors intersection,Normale,Deux véhicules - côté,4,2,2,0,1,1,1,0,1,50,,4,2,0,0,2,59.0,18.0,,,1,2,1,1,3
202100038386,2021-05-24 19:29:00,2021,5,24,19,29,06,06088,ANGLAIS (A PARTIR DU N° 351),43.66728,7.21624,Plein jour,En agglomération,Hors intersection,Normale,Trois véhicules et plus - collisions multiples,4,2,7,1,1,1,1,9,1,50,,3,1,1,0,1,31.0,33.0,,,1,2,1,1,5
202100038387,2021-05-25 17:05:00,2021,5,25,17,5,06,06029,GABRES (PONT DES),43.552312,7.029093,Plein jour,En agglomération,Hors intersection,Normale,Deux véhicules - côté,4,3,4,0,1,1,1,9,1,50,,2,1,0,1,0,62.0,28.0,,,1,2,1,1,3
202100038388,2021-05-02 11:15:00,2021,5,2,11,15,02,02722,MAIL ( AVENUE DU ),49.3878,3.32841,Plein jour,En agglomération,Intersection en T,Normale,Deux véhicules - côté,4,2,2,1,1,1,1,0,1,50,,2,1,0,1,0,58.0,85.0,,,1,2,3,1,3
202100038389,2021-05-24 14:10:00,2021,5,24,14,10,01,01451,POLLIAT (ROUTE DE ) IMPAIR,46.2357,5.18329,Plein jour,Hors agglomération,Intersection en X,Pluie légère,Deux véhicules - côté,3,2,2,0,1,1,2,0,1,80,,4,1,0,0,3,34.0,43.0,,,1,1,2,2,3
202100038390,2021-05-25 09:50:00,2021,5,25,9,50,75,75112,PORTE DOREE,48.835917,2.412257,Plein jour,En agglomération,Hors intersection,Normale,Deux véhicules - côté,4,1,4,0,1,1,1,0,1,70,,2,1,0,0,1,58.0,47.0,,,1,2,1,1,3
202100038391,2021-05-24 18:30:00,2021,5,24,18,30,75,75116,PORTE DE PASSY,48.85596,2.256586,Nuit avec éclairage allumé,En agglomération,Hors intersection,Normale,Trois véhicules et plus - en chaîne,4,1,4,0,1,1,1,1,1,70,,3,2,0,0,1,,37.0,,,5,2,1,1,4
202100038392,2021-05-25 13:30:00,2021,5,25,13,30,75,75120,RUE PELLEPORT,48.864685,2.404147,Plein jour,En agglomération,Intersection en X,Normale,Autre collision,4,1,2,1,2,1,1,0,1,50,,2,0,0,0,2,41.0,,,,1,2,2,1,6
202100038393,2021-05-25 16:45:00,2021,5,25,16,45,75,75119,RUE DE MEAUX,48.882795,2.375668,Plein jour,En agglomération,Intersection en X,Normale,Autre collision,4,1,1,0,1,1,1,0,1,50,,2,1,0,0,1,60.0,,,,1,2,2,1,6
202100038394,2021-05-25 10:10:00,2021,5,25,10,10,75,75119,RUE D AUBERVILLIERS,48.895276,2.37194,Plein jour,En agglomération,Intersection en X,Normale,Deux véhicules - côté,4,-1,4,0,1,1,1,0,1,50,,2,1,0,0,1,19.0,51.0,,,1,2,2,1,3
202100038395,2021-05-25 15:45:00,2021,5,25,15,45,75,75118,BOULEVARD ORNANO,48.896003,2.345975,Plein jour,En agglomération,Place,Normale,Autre collision,4,2,4,3,1,1,1,5,1,50,,2,1,0,0,1,59.0,,,,1,2,7,1,6
202100038396,2021-05-25 17:50:00,2021,5,25,17,50,75,75116,AVENUE DES NATIONS UNIES,48.862751,2.291936,Plein jour,En agglomération,Intersection à plus de 4 branches,Pluie légère,Deux véhicules - arrière,4,2,2,0,2,1,2,0,1,50,,2,1,0,0,1,18.0,29.0,,,1,2,5,2,2
202100038397,2021-05-22 18:42:00,2021,5,22,18,42,75,75116,AVENUE FOCH,48.872682,2.284575,Plein jour,En agglomération,Intersection en T,Pluie légère,Deux véhicules - côté,4,2,1,0,1,2,2,5,1,50,,5,4,0,0,1,30.0,19.0,,,1,2,3,2,3
202100038398,2021-05-25 15:35:00,2021,5,25,15,35,75,75115,RUE DE VAUGIRARD,48.842457,2.311065,Plein jour,En agglomération,Intersection en T,Normale,Autre collision,4,1,2,1,1,1,1,0,1,50,,2,1,0,0,1,26.0,,,,1,2,3,1,6
202100038399,2021-05-25 19:20:00,2021,5,25,19,20,75,75112,BOULEVARD DIDEROT,48.846444,2.378951,Plein jour,En agglomération,Intersection en X,Normale,Deux véhicules - côté,4,2,3,0,1,1,1,0,1,50,,2,1,0,0,1,36.0,28.0,,,1,2,2,1,3
202100038400,2021-05-25 19:15:00,2021,5,25,19,15,75,75111,AVENUE DE LA REPUBLIQUE,48.866504,2.367999,Plein jour,En agglomération,Intersection en Y,Normale,Deux véhicules - côté,4,2,4,1,1,1,1,0,6,50,,2,0,0,0,2,28.0,45.0,,,1,2,4,1,3
202100038401,2021-05-25 20:15:00,2021,5,25,20,15,75,75109,BOULEVARD DE CLICHY,48.882203,2.337702,Crépuscule ou aube,En agglomération,Place,Normale,Autre collision,4,1,3,1,1,1,1,0,1,50,,2,1,0,0,1,31.0,,,,2,2,7,1,6
202100038402,2021-05-25 13:05:00,2021,5,25,13,5,75,75109,BOULEVARD DE CLICHY,48.8841,2.330824,Plein jour,En agglomération,Intersection en T,Normale,Deux véhicules - côté,4,1,2,3,1,1,1,0,1,50,,2,1,0,0,1,26.0,57.0,,,1,2,3,1,3
202100038403,2021-05-25 09:05:00,2021,5,25,9,5,75,75109,RUE LA FAYETTE,48.875603,2.342834,Plein jour,En agglomération,Intersection en Y,Normale,Deux véhicules - arrière,4,1,2,0,1,1,1,0,1,50,,2,1,0,0,1,54.0,36.0,,,1,2,4,1,2
202100038404,2021-05-24 19:15:00,2021,5,24,19,15,94,94081,ALBERT THOMAS (AV),48.78317,2.39397,Plein jour,En agglomération,Intersection en T,Normale,Deux véhicules - côté,3,1,1,0,2,3,1,0,1,50,,2,1,0,0,1,30.0,,,,1,2,3,1,3
202100038405,2021-05-25 08:15:00,2021,5,25,8,15,94,94076,RENE HAMON (R),48.7914962156,2.3615136137,Plein jour,En agglomération,Hors intersection,Normale,Deux véhicules - arrière,4,-1,1,0,1,1,1,9,1,30,,2,1,0,0,1,41.0,27.0,,,1,2,1,1,2
202100038406,2021-05-25 11:40:00,2021,5,25,11,40,94,94028,GABIN.(RUE JEAN),48.77761,2.44444,Plein jour,En agglomération,Hors intersection,Normale,Autre collision,9,4,0,1,1,1,1,6,5,20,,2,0,0,0,2,17.0,,,,1,2,1,1,6
202100038407,2021-05-25 01:45:00,2021,5,25,1,45,94,94022,Avenue Victor Hugo,48.770671526,2.4269614218,Nuit avec éclairage allumé,En agglomération,Hors intersection,Temps couvert,Autre collision,3,1,1,2,1,1,1,0,1,50,,2,0,0,0,2,21.0,,,,5,2,1,8,6
202100038408,2021-05-25 20:00:00,2021,5,25,20,0,94,94004,ALBERT DRU (R),48.76,2.51,Plein jour,En agglomération,Hors intersection,Normale,Deux véhicules - frontale,4,2,2,0,2,3,1,0,1,50,,2,1,0,0,1,21.0,39.0,,,1,2,1,1,1
202100038409,2021-05-25 16:00:00,2021,5,25,16,0,93,93070,CLE DES CHAMPS,48.9143562013,2.3293054104,Plein jour,En agglomération,Hors intersection,Normale,Deux véhicules - côté,4,2,2,0,2,1,1,0,1,50,,2,1,0,0,1,41.0,21.0,,,1,2,1,1,3
202100038410,2021-05-25 14:45:00,2021,5,25,14,45,93,93070,GABRIEL-PERI (AV),48.9061,2.33181,Plein jour,En agglomération,Hors intersection,Normale,Deux véhicules - côté,3,2,2,0,1,1,1,0,8,50,,2,1,0,0,1,58.0,20.0,,,1,2,1,1,3
202100038411,2021-05-25 07:30:00,2021,5,25,7,30,93,93066,CHAUMETTES,48.93815,2.35229,Plein jour,En agglomération,Intersection en T,Temps éblouissant,Deux véhicules - frontale,4,2,1,0,1,1,2,0,1,50,,2,1,0,0,1,51.0,,,,1,2,3,7,1
202100038412,2021-05-25 12:30:00,2021,5,25,12,30,93,93064,Avenue du Général de Gaulle / Rue Louise Michel,48.878302,2.479143,Plein jour,En agglomération,Intersection en T,Pluie forte,Deux véhicules - côté,3,2,4,0,1,1,2,0,1,50,,2,1,0,0,1,38.0,46.0,,,1,2,3,3,3
202100038413,2021-05-25 21:35:00,2021,5,25,21,35,93,93045,Rue de Paris,48.88,2.41694,Nuit avec éclairage allumé,En agglomération,Hors intersection,Pluie légère,Deux véhicules - frontale,3,2,2,0,1,1,2,6,1,30,,2,1,0,0,1,22.0,,,,5,2,1,2,1
202100038414,2021-05-25 00:05:00,2021,5,25,0,5,93,93010,MOULIN (AV. JEAN) COTE IMPAIRS,48.912455,2.479034,Nuit avec éclairage allumé,En agglomération,Hors intersection,Pluie légère,Deux véhicules - arrière,4,1,1,0,1,3,2,0,1,50,,2,1,0,0,1,23.0,19.0,,,5,2,1,2,2
202100038415,2021-05-25 14:28:00,2021,5,25,14,28,92,92064,DAILLY,48.84291,2.22093,Plein jour,En agglomération,Hors intersection,Temps couvert,Sans collision,3,3,2,1,2,2,1,0,1,50,,1,0,0,0,1,25.0,,,,1,2,1,8,7
202100038416,2021-05-23 17:45:00,2021,5,23,17,45,92,92063,GALLIENI (RUE),48.873655221,2.2014840692,Plein jour,En agglomération,Hors intersection,Normale,Autre collision,4,2,2,0,1,1,1,0,1,50,,2,1,0,0,1,54.0,,,,1,2,1,1,6
202100038417,2021-05-25 20:50:00,2021,5,25,20,50,92,92062,PYAT (RUE FELIX),48.8897034423,2.2328851552,Crépuscule ou aube,En agglomération,Hors intersection,Pluie légère,Sans collision,9,-1,0,3,1,1,2,0,1,20,,1,0,0,1,0,31.0,,,,2,2,1,2,7
202100038418,2021-05-25 06:10:00,2021,5,25,6,10,92,92062,PARMENTIER (RUE),48.8778650263,2.2398604453,Plein jour,En agglomération,Intersection en X,Normale,Sans collision,4,1,1,0,1,1,2,0,1,50,,1,0,0,0,1,31.0,,,,1,2,2,1,7
202100038419,2021-05-25 13:45:00,2021,5,25,13,45,92,92044,ALSACE (RUE) N°19 + ET 20+,48.8926733654,2.29801476,Plein jour,En agglomération,Hors intersection,Normale,Autre collision,4,2,2,0,1,1,1,9,1,30,,1,0,0,0,1,62.0,,,,1,2,1,1,6
202100038420,2021-05-24 19:40:00,2021,5,24,19,40,92,92036,FELICIE (RUE),48.9327323028,2.2970022261,Plein jour,En agglomération,Intersection en Y,Normale,Deux véhicules - côté,4,2,2,0,1,1,1,0,1,50,,2,1,0,0,1,33.0,47.0,,,1,2,4,1,3
202100038421,2021-05-21 09:00:00,2021,5,21,9,0,92,92026,STRASBOURG,48.89089,2.24767,Plein jour,En agglomération,Intersection en T,Normale,Deux véhicules - côté,3,1,3,1,1,1,1,0,1,50,,2,1,0,0,1,56.0,29.0,,,1,2,3,1,3
202100038422,2021-05-25 17:03:00,2021,5,25,17,3,92,92024,MARTRE (RUE) DE (1 A 41),48.89914,2.30969,Plein jour,En agglomération,Intersection en T,Normale,Deux véhicules - côté,3,1,2,1,1,1,1,0,5,50,,2,1,0,0,1,51.0,28.0,,,1,2,3,1,3
202100038423,2021-05-25 20:20:00,2021,5,25,20,20,92,92023,GARDE (PLACE DU) S102,48.80319,2.2572,Plein jour,En agglomération,Hors intersection,Temps couvert,Autre collision,3,2,2,0,2,2,2,9,4,50,,1,0,0,0,1,20.0,,,,1,2,1,8,6
202100038424,2021-05-25 10:05:00,2021,5,25,10,5,92,92004,THIERS,48.9252882253,2.2778898508,Plein jour,En agglomération,Hors intersection,Normale,Autre collision,4,1,1,0,1,1,1,0,1,50,,2,0,0,0,2,32.0,,,,1,2,1,1,6
202100038425,2021-03-25 00:00:00,2021,3,25,0,0,85,85209,A83 PK80,46.51781,-1.04132,Nuit sans éclairage public,Hors agglomération,Hors intersection,Normale,Sans collision,1,3,4,0,1,1,1,0,2,90,,2,0,0,2,0,52.0,,,,3,1,1,1,7
202100038426,2021-05-26 14:45:00,2021,5,26,14,45,02,02009,autoroute,49.769593,3.353413,Plein jour,Hors agglomération,Autre intersection,Normale,Deux véhicules - arrière,1,3,4,0,4,1,1,0,1,130,,3,2,0,0,1,34.0,53.0,,,1,1,9,1,2
202100038427,2021-05-25 20:45:00,2021,5,25,20,45,95,95445,RN184,49.097252,2.262703,Crépuscule ou aube,Hors agglomération,Hors intersection,Pluie forte,Autre collision,2,3,4,0,1,1,2,0,1,90,,1,0,1,0,0,48.0,,,,2,1,1,3,6
202100038428,2021-05-25 14:45:00,2021,5,25,14,45,40,40296,Route de Vieux Boucau,43.708555,-1.417451,Plein jour,Hors agglomération,Hors intersection,Normale,Deux véhicules - frontale,3,2,2,1,1,4,1,9,5,70,,3,0,0,2,1,62.0,63.0,,,1,1,1,1,1
202100038429,2021-05-25 10:05:00,2021,5,25,10,5,26,26166,AUTOROUTE DU SOLEIL,44.754795,4.7927,Plein jour,Hors agglomération,Hors intersection,Normale,Trois véhicules et plus - en chaîne,1,3,5,0,1,1,1,0,1,130,,4,2,0,0,2,29.0,51.0,,,1,1,1,1,4
202100038430,2021-05-26 17:10:00,2021,5,26,17,10,87,87133,Guéret - Montluçon (Embranchement d'autoroute),46.197211,1.382368,Plein jour,Hors agglomération,Hors intersection,Normale,Deux véhicules - arrière,1,3,4,0,1,1,1,0,1,130,,3,2,0,1,0,58.0,71.0,,,1,1,1,1,2
202100038431,2021-05-26 08:10:00,2021,5,26,8,10,76,76062,300 Rue de la Mare,49.658405,1.211999,Plein jour,En agglomération,Hors intersection,Normale,Deux véhicules - frontale,3,2,2,0,1,2,1,0,1,50,,2,1,0,1,0,34.0,16.0,,,1,2,1,1,1
202100038432,2021-05-23 11:00:00,2021,5,23,11,0,2A,2A085,RT 40,41.918613,8.888578,Plein jour,Hors agglomération,Hors intersection,Normale,Deux véhicules - arrière,3,2,2,0,2,1,1,0,1,80,,3,0,0,0,3,59.0,36.0,,,1,1,1,1,2
202100038433,2021-05-25 17:55:00,2021,5,25,17,55,2B,2B123,2115 Avenue du 9 Septembre,42.026069,9.413116,Plein jour,Hors agglomération,Hors intersection,Normale,Deux véhicules - frontale,2,2,2,0,4,1,1,0,1,80,,2,1,0,1,0,54.0,33.0,,,1,1,1,1,1
202100038434,2021-05-25 14:20:00,2021,5,25,14,20,61,61230,Place de l'Hôtel de Ville,48.531236,0.752272,Plein jour,En agglomération,Place,Normale,Autre collision,3,1,1,0,1,2,1,5,1,50,,2,1,0,0,1,64.0,,,,1,2,7,1,6
202100038435,2021-05-08 23:18:00,2021,5,8,23,18,46,46033,Taxie Bas (Fargues),44.411522,1.17742,Nuit sans éclairage public,Hors agglomération,Hors intersection,Normale,Autre collision,4,2,2,0,3,2,1,0,3,70,,1,0,1,0,0,48.0,,,,3,1,1,1,6
202100038436,2021-05-26 05:40:00,2021,5,26,5,40,47,47195,Place du Général Leclerc,44.135452,0.336832,Nuit avec éclairage allumé,En agglomération,Hors intersection,Normale,Autre collision,4,1,1,0,1,1,1,0,1,-1,,2,1,1,0,0,51.0,,,,5,2,1,1,6