accident_id,datetime,annee,mois,jour,heure,minute,departement,commune_insee,adresse,latitude,longitude,luminosite,agglomeration,intersection,meteo,collision,catr,circ,nbv,vosp,prof,plan,surf,infra,situ,vma,nb_vehicules,nb_usagers,nb_indemnes,nb_tues,nb_blesses_hosp,nb_blesses_legers,age_cond_1,age_cond_2,veh_type_cond_1,veh_type_cond_2,lum_code,agg_code,int_code,atm_code,col_code
202100038437,2021-05-25 20:20:00,2021,5,25,20,20,34,34241,D131,43.605587,3.547601,Plein jour,Hors agglomération,Hors intersection,Normale,Autre collision,3,2,2,0,1,3,1,0,8,80,,1,0,1,0,0,31.0,,,,1,1,1,1,6
202100038438,2021-05-26 16:30:00,2021,5,26,16,30,34,34028,66 route de saint pons,43.604246,3.147556,Plein jour,En agglomération,Hors intersection,Normale,Autre collision,3,2,2,0,1,1,1,0,3,50,,1,0,1,0,0,76.0,,,,1,2,1,1,6
202100038439,2021-05-23 11:15:00,2021,5,23,11,15,44,44087,Boulevard de l'Atlantique,46.996134,-1.809633,Plein jour,Hors agglomération,Hors intersection,Normale,Deux véhicules - arrière,3,2,2,0,1,1,1,0,1,80,,2,1,0,0,1,75.0,27.0,,,1,1,1,1,2
202100038440,2021-05-25 20:30:00,2021,5,25,20,30,31,31341,1000 Route de Daux,43.713267,1.285077,Plein jour,En agglomération,Hors intersection,Normale,Autre collision,3,2,2,0,2,1,1,0,1,-1,,1,0,0,0,1,50.0,,,,1,2,1,1,6
202100038441,2021-05-25 20:45:00,2021,5,25,20,45,31,31561,41 Route de Bessières,43.66123,1.47053,Plein jour,En agglomération,Hors intersection,Normale,Deux véhicules - côté,7,2,2,0,1,1,1,0,1,50,,2,1,0,1,0,41.0,52.0,,,1,2,1,1,3
202100038442,2021-05-26 13:45:00,2021,5,26,13,45,38,38384,D518,45.342743,5.333406,Plein jour,Hors agglomération,Intersection en X,Normale,Deux véhicules - côté,3,2,2,0,1,1,1,5,1,80,,2,1,0,1,0,60.0,15.0,,,1,1,2,1,3
202100038443,2021-05-26 08:20:00,2021,5,26,8,20,02,02010,RN2 PK 42+500,49.452315,3.474984,Plein jour,Hors agglomération,Hors intersection,Pluie légère,Deux véhicules - arrière,2,3,4,0,1,2,2,0,1,110,,2,1,1,0,0,23.0,48.0,,,1,1,1,2,2
202100038444,2021-05-25 08:55:00,2021,5,25,8,55,02,02814,105 Rue Henri Richet,49.91947,3.677131,Plein jour,En agglomération,Hors intersection,Pluie légère,Deux véhicules - côté,4,2,2,0,2,3,2,0,1,50,,2,0,0,1,1,63.0,35.0,,,1,2,1,2,3
202100038445,2021-05-26 12:45:00,2021,5,26,12,45,72,72080,départementale 7,48.175373,0.678352,Plein jour,Hors agglomération,Hors intersection,Pluie légère,Trois véhicules et plus - collisions multiples,3,2,2,0,2,3,2,0,1,90,,6,1,0,0,5,63.0,72.0,,,1,1,1,2,5
202100038446,2021-05-25 16:30:00,2021,5,25,16,30,06,06148,Route de Grasse,43.711142,6.997685,Plein jour,Hors agglomération,Hors intersection,Normale,Sans collision,3,2,1,0,3,4,1,0,1,80,,1,0,0,1,0,57.0,,,,1,1,1,1,7
202100038447,2021-05-24 21:30:00,2021,5,24,21,30,83,83007,Route de Moissac,43.637976,6.204149,Crépuscule ou aube,Hors agglomération,Hors intersection,Normale,Deux véhicules - côté,3,2,2,0,1,2,1,0,1,80,,3,1,0,0,2,40.0,40.0,,,2,1,1,1,3
202100038448,2021-05-26 17:25:00,2021,5,26,17,25,73,73164,D913,45.696079,6.011667,Plein jour,Hors agglomération,Hors intersection,Normale,Sans collision,3,2,2,0,2,2,9,8,1,50,,2,0,0,1,1,20.0,,,,1,1,1,1,7
202100038449,2021-05-20 04:00:00,2021,5,20,4,0,18,18134,D918,47.135991,2.05447,Nuit sans éclairage public,Hors agglomération,Hors intersection,Pluie légère,Sans collision,3,2,2,0,1,1,2,0,1,80,,1,0,0,1,0,53.0,,,,3,1,1,2,7
202100038450,2021-05-26 09:20:00,2021,5,26,9,20,10,10268,Nogent-sur-Seine,48.493118,3.473525,Plein jour,Hors agglomération,Autre intersection,Normale,Autre collision,3,2,2,0,1,1,1,0,1,90,,4,1,0,3,0,22.0,19.0,,,1,1,9,1,6
202100038451,2021-05-25 18:30:00,2021,5,25,18,30,07,07007,Route de Saint Peray,44.923051,4.72631,Plein jour,Hors agglomération,Hors intersection,Normale,Deux véhicules - frontale,3,2,2,0,1,2,1,0,1,80,,2,1,0,0,1,22.0,50.0,,,1,1,1,1,1
202100038452,2021-05-24 16:00:00,2021,5,24,16,0,24,24133,Rue Dolet Blanchou,45.548694,0.990593,Plein jour,Hors agglomération,Hors intersection,Pluie forte,Deux véhicules - côté,3,2,2,0,2,3,2,0,1,80,,2,1,0,1,0,22.0,15.0,,,1,1,1,3,3
202100038453,2021-05-23 21:30:00,2021,5,23,21,30,24,24259,La Pouge,44.945473,0.469287,Crépuscule ou aube,Hors agglomération,Hors intersection,Normale,Autre collision,3,2,2,0,1,1,1,0,1,80,,2,0,0,1,1,31.0,,,,2,1,1,1,6
202100038454,2021-05-24 07:40:00,2021,5,24,7,40,28,28280,Place du 11 Aout,48.322249,0.817012,Crépuscule ou aube,En agglomération,Hors intersection,Pluie légère,Deux véhicules - frontale,6,-1,2,0,1,3,2,0,1,50,,2,1,0,0,1,,19.0,,,2,2,1,2,1
202100038455,2021-05-26 09:15:00,2021,5,26,9,15,17,17367,D121,45.950165,-0.34152,Plein jour,Hors agglomération,Intersection en X,Normale,Deux véhicules - côté,3,2,2,0,1,1,1,5,1,80,,2,0,1,1,0,57.0,79.0,,,1,1,2,1,3
202100038456,2021-05-22 16:45:00,2021,5,22,16,45,17,17140,Avenue de la Grande Baie,45.9012458737,-1.2948846816,Plein jour,Hors agglomération,Autre intersection,Normale,Deux véhicules - arrière,4,2,2,1,1,1,1,0,1,50,,3,1,0,1,1,66.0,44.0,,,1,1,9,1,2
202100038457,2021-05-26 05:11:00,2021,5,26,5,11,63,63311,A 71-aire des volcans auvergne,46.057777,3.117156,Nuit sans éclairage public,Hors agglomération,Autre intersection,Normale,Autre collision,6,-1,1,3,1,2,1,9,1,30,,2,1,0,1,0,34.0,,,,3,1,9,1,6
202100038458,2021-05-11 19:30:00,2021,5,11,19,30,13,13009,D572,43.623153,5.20503,Plein jour,Hors agglomération,Hors intersection,Normale,Sans collision,7,2,2,0,1,1,1,0,3,70,,3,1,0,1,1,34.0,53.0,,,1,1,1,1,7
202100038459,2021-05-25 08:00:00,2021,5,25,8,0,13,13037,Rn 113,43.548152,5.182897,Plein jour,Hors agglomération,Hors intersection,Normale,Deux véhicules - côté,7,2,2,0,1,1,1,0,1,80,,3,0,0,1,2,34.0,22.0,,,1,1,1,1,3
202100038460,2021-05-22 18:00:00,2021,5,22,18,0,06,06088,"autoroute A8 , bretelle de sortie sud , NICE-Est, N°55,PK200+129",43.733238,7.285357,Plein jour,Hors agglomération,Hors intersection,Normale,Deux véhicules - frontale,1,1,1,0,1,1,1,3,1,50,,3,2,0,0,1,54.0,45.0,,,1,1,1,1,1
202100038461,2021-05-26 18:53:00,2021,5,26,18,53,78,78557,61 Route de Rambouillet,48.617029,1.729221,Plein jour,Hors agglomération,Hors intersection,Temps couvert,Autre collision,3,2,2,0,3,3,2,0,3,70,,1,0,1,0,0,35.0,,,,1,1,1,8,6
202100038462,2021-05-26 08:30:00,2021,5,26,8,30,2B,2B205,Patrimonio,42.698318,9.35739,Plein jour,Hors agglomération,Hors intersection,Normale,Deux véhicules - arrière,3,2,2,0,1,1,1,0,1,80,,2,1,0,0,1,38.0,26.0,,,1,1,1,1,2
202100038463,2021-05-25 12:20:00,2021,5,25,12,20,2B,2B042,Route de la gare,42.562309,9.441362,Plein jour,En agglomération,Giratoire,Temps éblouissant,,3,2,2,0,2,1,1,5,1,50,,2,1,1,0,0,18.0,,,,1,2,6,7,-1
202100038464,2021-05-25 16:30:00,2021,5,25,16,30,34,34240,Route Departementale 112,43.642788,3.989964,Plein jour,Hors agglomération,Intersection en X,Normale,Deux véhicules - côté,3,2,2,0,1,1,1,0,1,70,,2,1,0,1,0,76.0,65.0,,,1,1,2,1,3
202100038465,2021-05-26 16:45:00,2021,5,26,16,45,83,83115,Av du Croiseur Leger le Malin,43.3225375669,6.6639910444,Plein jour,Hors agglomération,Hors intersection,Normale,Deux véhicules - frontale,3,2,2,0,1,1,1,0,1,70,,2,0,0,1,1,29.0,25.0,,,1,1,1,1,1
202100038466,2021-05-26 04:45:00,2021,5,26,4,45,13,13089,D29,43.831539,4.965627,Nuit sans éclairage public,Hors agglomération,Hors intersection,Normale,Deux véhicules - frontale,3,2,2,0,1,3,9,8,3,80,,1,0,1,0,0,23.0,,,,3,1,1,1,1
202100038467,2021-05-21 16:30:00,2021,5,21,16,30,13,13041,D46a,43.459465,5.489361,Plein jour,En agglomération,Intersection en X,Normale,Deux véhicules - côté,7,2,2,0,2,1,1,0,1,70,,2,1,0,0,1,52.0,48.0,,,1,2,2,1,3
202100038468,2021-05-26 17:00:00,2021,5,26,17,0,74,74262,1402 Rte de Bidaille,46.1141111,6.303234,Plein jour,En agglomération,Hors intersection,Normale,Deux véhicules - arrière,4,2,2,0,1,1,1,0,1,50,,2,1,0,1,0,18.0,,,,1,2,1,1,2
202100038469,2021-05-25 16:35:00,2021,5,25,16,35,01,01313,195 Route des Marlis,46.258258,6.076351,Plein jour,En agglomération,Hors intersection,Temps couvert,Autre collision,3,2,2,0,1,3,1,0,1,50,,2,0,0,0,2,19.0,,,,1,2,1,8,6
202100038470,2021-05-23 18:20:00,2021,5,23,18,20,69,69013,D306,46.0312774389,4.7175848889,Plein jour,Hors agglomération,Hors intersection,Normale,Deux véhicules - arrière,3,2,2,0,1,1,1,0,3,-1,,3,1,0,1,1,87.0,56.0,,,1,1,1,1,2
202100038471,2021-05-25 11:10:00,2021,5,25,11,10,31,31395,1 Allées Niel,43.459108,1.326162,Plein jour,En agglomération,Hors intersection,Normale,Autre collision,4,2,2,0,1,1,1,0,1,50,,2,1,0,1,0,68.0,,,,1,2,1,1,6
202100038472,2021-05-26 08:05:00,2021,5,26,8,5,16,16078,Rue de l'Auvent,45.694233,0.185753,Plein jour,En agglomération,Hors intersection,Normale,Autre collision,4,2,2,0,1,1,1,0,3,50,,2,1,0,0,1,22.0,,,,1,2,1,1,6
202100038473,2021-05-25 23:30:00,2021,5,25,23,30,33,33417,Route des Tronquats,44.962707,-0.903406,Nuit sans éclairage public,Hors agglomération,Hors intersection,Normale,Sans collision,4,2,2,0,1,1,1,0,1,80,,1,0,0,1,0,25.0,,,,3,1,1,1,7
202100038474,2021-05-26 08:18:00,2021,5,26,8,18,33,33051,Rue Jean Jaurès,44.640189,-0.97138,Plein jour,En agglomération,Hors intersection,Temps couvert,Deux véhicules - frontale,4,2,2,0,1,1,1,0,1,50,,2,1,0,1,0,65.0,17.0,,,1,2,1,8,1
202100038475,2021-05-24 21:15:00,2021,5,24,21,15,61,61203,Chemin des Loges,48.413152,0.031393,Crépuscule ou aube,Hors agglomération,Hors intersection,Pluie légère,Autre collision,3,2,2,0,1,2,2,0,3,90,,1,0,0,1,0,19.0,,,,2,1,1,2,6
202100038476,2021-05-26 14:45:00,2021,5,26,14,45,50,50485,Rue de la Mare,49.30261,-1.231224,Plein jour,En agglomération,Giratoire,Normale,Autre collision,4,2,2,0,1,1,1,9,8,50,,2,1,1,0,0,83.0,,,,1,2,6,1,6
202100038477,2021-05-26 14:45:00,2021,5,26,14,45,14,14258,D511,48.8907336896,-0.2079650105,Plein jour,En agglomération,Hors intersection,Pluie légère,Deux véhicules - arrière,3,2,2,0,2,1,2,0,1,50,,2,1,0,0,1,15.0,79.0,,,1,2,1,2,2
202100038478,2021-05-24 12:35:00,2021,5,24,12,35,29,29161,Lieu Dit le Cosquellou,47.905447946,-4.0369595161,Plein jour,Hors agglomération,Hors intersection,Vent fort / tempête,Deux véhicules - arrière,3,2,2,1,1,1,1,0,1,70,,2,1,0,0,1,52.0,37.0,,,1,1,1,6,2
202100038479,2021-05-24 04:45:00,2021,5,24,4,45,35,35012,La Robinais,47.828225,-1.627672,Nuit sans éclairage public,Hors agglomération,Intersection en X,Pluie légère,Deux véhicules - côté,3,2,2,0,1,1,2,0,1,80,,3,2,0,0,1,40.0,20.0,,,3,1,2,2,3
202100038480,2021-05-26 16:30:00,2021,5,26,16,30,60,60628,N31,49.425058,2.140832,Plein jour,Hors agglomération,Hors intersection,Normale,Trois véhicules et plus - collisions multiples,2,3,4,0,1,1,1,0,1,110,,7,0,0,0,7,59.0,86.0,,,1,1,1,1,5
202100038481,2021-05-23 21:15:00,2021,5,23,21,15,62,62318,CD 113,50.518456,1.670833,Crépuscule ou aube,Hors agglomération,Hors intersection,Normale,Sans collision,3,2,2,0,1,2,1,0,3,80,,4,3,0,1,0,35.0,,,,2,1,1,1,7
202100038482,2021-05-26 11:15:00,2021,5,26,11,15,62,62746,Rue Edmond Madare,50.669388,1.635375,Plein jour,En agglomération,Hors intersection,Normale,Trois véhicules et plus - en chaîne,3,2,2,0,1,1,1,0,1,50,,3,2,0,1,0,58.0,46.0,,,1,2,1,1,4
202100038483,2021-05-25 19:00:00,2021,5,25,19,0,13,13081,A7-Sens Marseille vers Lyon,43.49098,5.24029,Plein jour,Hors agglomération,Hors intersection,Normale,Deux véhicules - arrière,1,1,2,0,1,1,1,0,1,110,,2,1,0,0,1,41.0,36.0,,,1,1,1,1,2
202100038484,2021-05-25 19:30:00,2021,5,25,19,30,13,13203,A7-Sens Marseille vers Lyon,43.317974,5.377332,Plein jour,Hors agglomération,Hors intersection,Normale,Deux véhicules - côté,1,-1,3,3,1,1,1,0,1,90,,4,3,0,0,1,52.0,52.0,,,1,1,1,1,3
202100038485,2021-05-25 17:20:00,2021,5,25,17,20,13,13106,A51-Sens Aix en Provence vers Marseille,43.39997,5.35379,Plein jour,Hors agglomération,Hors intersection,Normale,Deux véhicules - arrière,1,1,2,0,1,1,1,0,1,90,,2,1,0,0,1,27.0,33.0,,,1,1,1,1,2
202100038486,2021-05-25 08:30:00,2021,5,25,8,30,13,13211,A50-Sens Marseille vers Aubagne,43.285011,5.424381,Plein jour,Hors agglomération,Hors intersection,Normale,Trois véhicules et plus - collisions multiples,1,3,3,0,1,1,1,0,1,90,,5,2,0,0,3,21.0,60.0,,,1,1,1,1,5
202100038487,2021-05-25 09:20:00,2021,5,25,9,20,13,13055,A507 sens Aubagne- Marseille,43.3097531994,5.4247784615,Plein jour,Hors agglomération,Hors intersection,Normale,Trois véhicules et plus - en chaîne,1,1,3,0,1,1,1,1,1,70,,3,1,0,0,2,30.0,25.0,,,1,1,1,1,4
202100038488,2021-05-24 06:54:00,2021,5,24,6,54,13,13215,A7-Sens Marseille vers Lyon,43.34533,5.37434,Plein jour,Hors agglomération,Hors intersection,Pluie légère,Sans collision,1,-1,2,0,1,2,2,0,1,90,,1,0,0,0,1,27.0,,,,1,1,1,2,7
202100038489,2021-05-20 09:52:00,2021,5,20,9,52,54,54197,Autoroute A 33,48.62396,6.18661,Plein jour,Hors agglomération,Hors intersection,Normale,Deux véhicules - arrière,1,3,4,0,1,1,1,0,1,110,,2,1,0,0,1,42.0,19.0,,,1,1,1,1,2
202100038490,2021-05-25 16:45:00,2021,5,25,16,45,33,33318,ROCADE A 630,44.78872,-0.62501,Plein jour,Hors agglomération,Hors intersection,Normale,Deux véhicules - côté,1,3,7,0,1,1,1,0,1,90,,2,1,0,1,0,61.0,72.0,,,1,1,1,1,3
202100038491,2021-05-24 19:30:00,2021,5,24,19,30,94,94034,AUTOROUTE A86,48.75946,2.3234,Plein jour,Hors agglomération,Hors intersection,Normale,Trois véhicules et plus - en chaîne,1,-1,2,0,1,1,1,1,1,70,,6,4,0,0,2,30.0,36.0,,,1,1,1,1,4
202100038492,2021-05-24 22:20:00,2021,5,24,22,20,92,92036,A86,48.9335373784,2.2742431993,Nuit sans éclairage public,Hors agglomération,Hors intersection,Normale,Sans collision,1,1,1,0,2,3,1,0,1,50,,1,0,0,0,1,38.0,,,,3,1,1,1,7
202100038493,2021-05-25 16:20:00,2021,5,25,16,20,93,93053,AUTOROUTE A3,48.892927268,2.472448587,Plein jour,Hors agglomération,Hors intersection,Normale,Autre collision,1,3,8,0,1,1,2,0,1,70,,2,1,0,0,1,,33.0,,,1,1,1,1,6
202100038494,2021-05-25 10:15:00,2021,5,25,10,15,93,93066,AUTOROUTE A86,48.92256,2.34809,Plein jour,Hors agglomération,Hors intersection,Normale,Deux véhicules - arrière,1,3,7,0,1,1,1,0,1,90,,2,1,0,0,1,38.0,41.0,,,1,1,1,1,2
202100038495,2021-05-25 10:00:00,2021,5,25,10,0,95,95424, A15,48.99418,2.18463,Plein jour,Hors agglomération,Hors intersection,Normale,Autre collision,1,3,9,0,1,1,1,0,1,110,,2,1,0,0,1,32.0,,,,1,1,1,1,6
202100038496,2021-05-25 06:30:00,2021,5,25,6,30,95,95572,RN 184,49.04101,2.12819,Crépuscule ou aube,Hors agglomération,Hors intersection,Normale,Autre collision,2,3,4,0,1,1,1,0,1,90,,1,0,0,0,1,24.0,,,,2,1,1,1,6
202100038497,2021-05-25 07:45:00,2021,5,25,7,45,93,93027,AUTOROUTE A86,48.92736,2.41919,Plein jour,Hors agglomération,Hors intersection,Pluie légère,Trois véhicules et plus - en chaîne,1,3,8,0,1,2,2,0,1,90,,4,3,0,0,1,31.0,44.0,,,1,1,1,2,4
202100038498,2021-05-25 06:50:00,2021,5,25,6,50,93,93005,AUTOROUTE A104,48.96201,2.47139,Crépuscule ou aube,Hors agglomération,Hors intersection,Normale,Autre collision,1,1,4,0,1,3,2,0,1,50,,1,0,0,0,1,35.0,,,,2,1,1,1,6
202100038499,2021-05-24 18:30:00,2021,5,24,18,30,93,93078,AUTOROUTE A104,48.96074,2.54206,Plein jour,Hors agglomération,Hors intersection,Temps couvert,Autre collision,1,3,6,0,1,1,2,0,1,90,,2,1,0,0,1,30.0,41.0,,,1,1,1,8,6
202100038500,2021-05-24 10:15:00,2021,5,24,10,15,93,93027,BDL,48.92623,2.40236,Plein jour,Hors agglomération,Hors intersection,Temps couvert,Autre collision,1,3,10,0,3,2,2,2,1,50,,1,0,0,0,1,40.0,,,,1,1,1,8,6
202100038501,2021-05-25 14:00:00,2021,5,25,14,0,94,94069,A4,48.8174754142,2.4324596446,Plein jour,Hors agglomération,Hors intersection,Normale,Trois véhicules et plus - en chaîne,1,-1,8,0,1,1,1,0,1,90,,3,2,0,0,1,64.0,39.0,,,1,1,1,1,4
202100038502,2021-05-25 10:00:00,2021,5,25,10,0,77,77373,RN104,48.7842,2.61595,Plein jour,Hors agglomération,Hors intersection,Normale,Sans collision,2,3,4,0,1,1,1,0,2,90,,1,0,0,0,1,24.0,,,,1,1,1,1,7
202100038503,2021-05-30 17:52:00,2021,5,30,17,52,47,47001,MONNET (AV. JEAN),44.19216,0.61267,Plein jour,En agglomération,Hors intersection,Normale,Deux véhicules - côté,4,3,3,0,1,1,1,0,1,50,,2,1,0,1,0,23.0,87.0,,,1,2,1,1,3
202100038504,2021-05-23 13:35:00,2021,5,23,13,35,988,98818,PROMENADE PIERRE VERNIER,-22.29042,166.45903,Plein jour,En agglomération,Hors intersection,Normale,Autre collision,4,2,2,0,1,1,1,0,3,50,,2,1,0,1,0,46.0,,,,1,2,1,1,6
202100038505,2021-05-25 00:00:00,2021,5,25,0,0,69,69387,PASTEUR (R),45.75132,4.83872,Nuit avec éclairage allumé,En agglomération,Intersection en X,Temps couvert,Deux véhicules - côté,4,-1,1,2,1,1,1,5,6,50,,4,3,0,0,1,49.0,29.0,,,5,2,2,8,3
202100038506,2021-05-24 18:03:00,2021,5,24,18,3,69,69259,VIVIANI                             (AV),45.72673,4.86252,Plein jour,En agglomération,Intersection en X,Normale,Autre collision,4,3,2,1,1,2,1,0,8,50,,2,1,0,0,1,31.0,,,,1,2,2,1,6
202100038507,2021-05-21 23:20:00,2021,5,21,23,20,972,97213,AUTOROUTE A1,14.61372,-61.01096,Nuit avec éclairage allumé,Hors agglomération,Hors intersection,Normale,Trois véhicules et plus - en chaîne,1,3,4,0,1,1,1,0,1,90,,4,3,0,0,1,22.0,61.0,,,5,1,1,1,4
202100038508,2021-05-24 17:00:00,2021,5,24,17,0,972,97209,BALATA (ROUTE DE),14.62318,-61.07255,Crépuscule ou aube,En agglomération,Hors intersection,Pluie légère,Sans collision,2,2,2,0,2,3,2,0,1,50,,1,0,1,0,0,26.0,,,,2,2,1,2,7
202100038509,2021-05-24 15:20:00,2021,5,24,15,20,2B,2B120,LAGUNE (Route de la) D107,42.65474,9.44483,Plein jour,En agglomération,Hors intersection,Pluie légère,Deux véhicules - côté,4,2,2,0,1,1,2,0,1,50,,3,1,0,0,2,37.0,21.0,,,1,2,1,2,3
202100038510,2021-05-22 19:27:00,2021,5,22,19,27,95,95585,MITTERAND (BD FRANCOIS),48.9887265427,2.3773517124,Plein jour,En agglomération,Hors intersection,Normale,Autre collision,3,3,2,0,1,1,1,0,1,50,,2,1,0,0,1,38.0,,,,1,2,1,1,6
202100038511,2021-05-24 18:30:00,2021,5,24,18,30,83,83062,8 MAI 1945 (AVENUE DU),43.12071,6.00515,Plein jour,En agglomération,Hors intersection,Normale,Autre collision,4,2,2,0,1,1,1,9,1,50,,2,1,0,1,0,20.0,,,,1,2,1,1,6
202100038512,2021-05-24 11:30:00,2021,5,24,11,30,83,83137,PRUNEAU (AVE GENERAL),43.12222,5.95557,Plein jour,En agglomération,Intersection en X,Normale,Deux véhicules - côté,4,2,4,0,1,1,2,2,1,50,,2,1,0,1,0,29.0,35.0,,,1,2,2,1,3
202100038513,2021-05-24 06:35:00,2021,5,24,6,35,83,83144,LIBERATION (AVE DE LA),43.1425337978,5.9952724783,Crépuscule ou aube,En agglomération,Hors intersection,Pluie légère,Deux véhicules - arrière,7,2,2,0,2,1,2,0,1,50,,2,1,0,0,1,17.0,,,,2,2,1,2,2
202100038514,2021-05-23 09:10:00,2021,5,23,9,10,69,69256,GENAS (DE) (RTE),45.74849,4.91778,Plein jour,En agglomération,Hors intersection,Temps couvert,Trois véhicules et plus - en chaîne,7,2,4,3,1,1,1,0,1,50,,5,0,0,0,5,34.0,74.0,,,1,2,1,8,4
202100038515,2021-05-24 16:05:00,2021,5,24,16,5,59,59332,CARNOT (PLACE),50.667297,3.211128,Plein jour,En agglomération,Intersection en X,Pluie légère,Deux véhicules - côté,7,-1,2,0,1,1,2,5,1,50,,4,2,0,0,2,25.0,32.0,,,1,2,2,2,3
202100038516,2021-05-24 12:34:00,2021,5,24,12,34,44,44143,RUE JEAN JAURES,47.18649,-1.54665,Plein jour,En agglomération,Hors intersection,Normale,Deux véhicules - côté,4,2,2,0,1,1,1,0,1,50,,2,1,0,0,1,26.0,32.0,,,1,2,1,1,3
202100038517,2021-05-24 19:30:00,2021,5,24,19,30,42,42031,Route du Pertuiset,45.4124786093,4.2372543812,Plein jour,Hors agglomération,Hors intersection,Normale,Deux véhicules - frontale,7,2,2,0,2,4,2,0,1,80,,2,1,0,0,1,48.0,22.0,,,1,1,1,1,1
202100038518,2021-05-24 13:50:00,2021,5,24,13,50,35,35206,RN136,48.079652,-1.685809,Plein jour,Hors agglomération,Hors intersection,Pluie légère,Deux véhicules - côté,2,3,4,0,1,1,2,0,1,90,,5,3,0,0,2,31.0,34.0,,,1,1,1,2,3
202100038519,2021-05-24 16:15:00,2021,5,24,16,15,33,33200,Rue Jean Mermoz,44.8637885386,-0.665441633,Plein jour,En agglomération,Hors intersection,Normale,Trois véhicules et plus - en chaîne,4,2,2,0,1,1,1,0,1,50,,4,3,0,0,1,53.0,19.0,,,1,2,1,1,4
202100038520,2021-05-24 09:30:00,2021,5,24,9,30,27,27681,MAGNY (ROUTE DE),49.0962,1.522282,Plein jour,Hors agglomération,Hors intersection,Temps couvert,Sans collision,4,2,2,0,3,1,1,0,1,70,,1,0,0,0,1,29.0,,,,1,1,1,8,7
202100038521,2021-05-24 19:30:00,2021,5,24,19,30,13,13214,BD ALPHONSE ALLAIS,43.340958,5.383489,Plein jour,En agglomération,Hors intersection,Normale,Deux véhicules - frontale,4,-1,2,0,2,4,1,0,1,50,,5,1,0,0,4,41.0,26.0,,,1,2,1,1,1
202100038522,2021-05-24 15:30:00,2021,5,24,15,30,13,13204,MARÉCHAL FOCH (AVENUE),43.30234,5.39693,Plein jour,En agglomération,Hors intersection,Normale,Autre collision,4,2,2,3,1,1,1,-1,6,40,,3,2,0,1,0,,63.0,,,1,2,1,1,6
202100038523,2021-05-24 07:15:00,2021,5,24,7,15,12,12176,RN88,44.37344,2.6226,Plein jour,Hors agglomération,Hors intersection,Normale,Deux véhicules - frontale,2,2,2,0,1,1,1,0,1,80,,2,0,0,0,2,77.0,35.0,,,1,1,1,1,1
202100038524,2021-05-23 21:45:00,2021,5,23,21,45,75,75119,PORTE D AUBERVILLIERS,48.900479,2.37528,Nuit avec éclairage non allumé,En agglomération,Hors intersection,Normale,Deux véhicules - côté,4,1,4,0,1,1,1,0,1,70,,4,3,0,0,1,39.0,25.0,,,4,2,1,1,3
202100038525,2021-05-23 06:50:00,2021,5,23,6,50,75,75116,PORTE DAUPHINE,48.873692,2.275113,Plein jour,En agglomération,Intersection en Y,Normale,Deux véhicules - arrière,4,1,5,0,1,1,1,0,1,70,,2,1,0,0,1,38.0,19.0,,,1,2,4,1,2
202100038526,2021-05-24 16:35:00,2021,5,24,16,35,75,75116,AVENUE FOCH,48.872721,2.28032,Plein jour,En agglomération,Intersection en T,Pluie forte,Deux véhicules - arrière,4,2,4,0,1,1,2,0,1,50,,4,2,0,0,2,49.0,27.0,,,1,2,3,3,2
202100038527,2021-05-24 20:10:00,2021,5,24,20,10,75,75120,RUE LOUIS LUMIERE,48.863048,2.410841,Plein jour,En agglomération,Intersection en Y,Pluie légère,Deux véhicules - côté,4,2,2,0,1,1,2,9,1,30,,2,1,0,0,1,31.0,55.0,,,1,2,4,2,3
202100038528,2021-05-24 14:00:00,2021,5,24,14,0,75,75116,AVENUE PAUL DOUMER,48.861317,2.28418,Plein jour,En agglomération,Intersection en T,Pluie légère,Deux véhicules - côté,4,-1,2,0,1,1,2,0,1,50,,2,1,0,0,1,19.0,49.0,,,1,2,3,2,3
202100038529,2021-05-24 11:30:00,2021,5,24,11,30,75,75112,AVENUE DU GENERAL MICHEL BIZOT,48.837713,2.403823,Plein jour,En agglomération,Intersection en Y,Pluie légère,Deux véhicules - côté,4,2,2,0,1,1,2,0,1,50,,3,2,0,0,1,40.0,40.0,,,1,2,4,2,3
202100038530,2021-05-24 17:00:00,2021,5,24,17,0,75,75111,AVENUE DE LA REPUBLIQUE,48.865155,2.374922,Plein jour,En agglomération,Intersection à plus de 4 branches,Temps couvert,Deux véhicules - côté,4,1,1,1,2,1,2,0,5,50,,2,1,0,0,1,68.0,24.0,,,1,2,5,8,3
202100038531,2021-05-24 11:40:00,2021,5,24,11,40,75,75110,RUE DES ECLUSES SAINT MARTIN,48.876654,2.367205,Plein jour,En agglomération,Hors intersection,Normale,Deux véhicules - côté,4,1,1,0,1,1,1,0,1,50,,2,1,0,0,1,47.0,45.0,,,1,2,1,1,3
202100038532,2021-05-24 16:40:00,2021,5,24,16,40,75,75108,COURS ALBERT 1ER,48.864874,2.30791,Plein jour,En agglomération,Intersection en T,Pluie légère,Deux véhicules - arrière,4,2,2,1,1,1,2,0,5,25,,2,1,0,0,1,20.0,18.0,,,1,2,3,2,2