accident_id,datetime,annee,mois,jour,heure,minute,departement,commune_insee,adresse,latitude,longitude,luminosite,agglomeration,intersection,meteo,collision,catr,circ,nbv,vosp,prof,plan,surf,infra,situ,vma,nb_vehicules,nb_usagers,nb_indemnes,nb_tues,nb_blesses_hosp,nb_blesses_legers,age_cond_1,age_cond_2,veh_type_cond_1,veh_type_cond_2,lum_code,agg_code,int_code,atm_code,col_code
202100038533,2021-05-24 10:35:00,2021,5,24,10,35,75,75114,RUE BENARD,48.831768,2.32198,Plein jour,En agglomération,Intersection en X,Normale,Autre collision,4,1,1,0,1,1,2,0,1,50,,2,1,0,0,1,60.0,,,,1,2,2,1,6
202100038534,2021-05-24 08:40:00,2021,5,24,8,40,75,75101,RUE DU LOUVRE,48.861707,2.341211,Plein jour,En agglomération,Intersection en X,Pluie légère,Autre collision,4,2,2,0,1,1,2,0,1,30,,2,1,0,0,1,25.0,,,,1,2,2,2,6
202100038535,2021-05-24 20:20:00,2021,5,24,20,20,94,94033,Rue la Fontaine,48.85805,2.493511,Plein jour,En agglomération,Hors intersection,Normale,Deux véhicules - côté,4,-1,3,0,1,2,2,0,1,50,,2,1,0,0,1,54.0,18.0,,,1,2,1,1,3
202100038536,2021-05-24 15:20:00,2021,5,24,15,20,94,94028,Route de Choisy,48.78837,2.45141,Plein jour,En agglomération,Hors intersection,Pluie légère,Deux véhicules - arrière,3,1,6,0,1,1,2,0,1,50,,2,1,0,0,1,56.0,46.0,,,1,2,1,2,2
202100038537,2021-05-24 19:40:00,2021,5,24,19,40,94,94017,Avenue Roger Salengro,48.8199,2.4826,Crépuscule ou aube,En agglomération,Intersection en T,Normale,Deux véhicules - côté,3,2,5,0,1,1,1,0,1,50,,2,1,0,0,1,36.0,30.0,,,2,2,3,1,3
202100038538,2021-05-23 19:00:00,2021,5,23,19,0,94,94070,Route de Paris,48.720241,2.565897,Plein jour,Hors agglomération,Hors intersection,Normale,Deux véhicules - côté,2,2,2,0,1,1,1,0,1,80,,2,1,0,0,1,47.0,38.0,,,1,1,1,1,3
202100038539,2021-05-24 20:45:00,2021,5,24,20,45,94,94002,Rue de Londres,48.78977,2.42851,Crépuscule ou aube,En agglomération,Hors intersection,Normale,Sans collision,4,1,1,0,1,1,1,0,1,50,,1,0,0,0,1,46.0,,,,2,2,1,1,7
202100038540,2021-05-24 19:45:00,2021,5,24,19,45,93,93078,Rue Jacques Prévert,48.9572,2.54714,Plein jour,En agglomération,Hors intersection,Normale,Autre collision,4,1,1,0,1,1,1,0,1,50,,2,1,0,1,0,20.0,,,,1,2,1,1,6
202100038541,2021-05-24 16:54:00,2021,5,24,16,54,93,93048,Rue de Paris / Rue d’Alembert,48.85471,2.41746,Plein jour,En agglomération,Intersection en X,Pluie légère,Autre collision,3,2,3,0,1,1,2,0,1,30,,2,1,0,0,1,,,,,1,2,2,2,6
202100038542,2021-05-24 19:30:00,2021,5,24,19,30,93,93046,MOUTIERS AVENUE,48.92562,2.53633,Plein jour,En agglomération,Hors intersection,Normale,Autre collision,4,2,2,0,1,1,1,0,4,50,,1,0,0,0,1,18.0,,,,1,2,1,1,6
202100038543,2021-05-24 15:50:00,2021,5,24,15,50,93,93031,Chemin des Soupirs / Rue d’Ormesson,48.96142,2.3089,Plein jour,En agglomération,Intersection en T,Normale,Autre collision,4,2,2,0,1,1,1,0,1,50,,2,1,0,0,1,61.0,,,,1,2,3,1,6
202100038544,2021-05-24 16:15:00,2021,5,24,16,15,92,92050,PROVINCES FRANCAISES BD DES,48.9011323539,2.2166593373,Plein jour,En agglomération,Autre intersection,Pluie légère,Deux véhicules - côté,4,2,0,3,1,1,2,6,4,30,,2,1,0,0,1,30.0,5.0,,,1,2,9,2,3
202100038545,2021-05-24 15:20:00,2021,5,24,15,20,92,92024,VICTOR HUGO (BD),48.9020976845,2.318007946,Plein jour,En agglomération,Intersection en T,Temps couvert,Deux véhicules - côté,3,3,4,0,1,1,2,0,1,50,,2,1,0,0,1,33.0,24.0,,,1,2,3,8,3
202100038546,2021-05-24 16:30:00,2021,5,24,16,30,92,92023,CLAUDE TREBIGNAUD (AVENUE) BOIS S102,48.80299,2.25665,Plein jour,En agglomération,Hors intersection,Pluie légère,Sans collision,3,1,2,0,2,1,2,0,1,50,,1,0,0,0,1,20.0,,,,1,2,1,2,7
202100038547,2021-05-25 14:30:00,2021,5,25,14,30,06,06044,1157 Route de Cagnes,43.675597,7.118974,Plein jour,En agglomération,Intersection en T,Normale,Autre collision,3,2,2,0,1,1,1,0,1,50,,3,2,0,0,1,52.0,66.0,,,1,2,3,1,6
202100038548,2021-05-25 07:35:00,2021,5,25,7,35,83,83049,A57 PK 18+600,43.229695,6.079903,Plein jour,Hors agglomération,Hors intersection,Normale,Deux véhicules - arrière,1,1,2,0,1,1,1,0,1,110,,2,1,1,0,0,54.0,50.0,,,1,1,1,1,2
202100038549,2021-05-23 18:45:00,2021,5,23,18,45,21,21177,Autoroute A6,47.375086,4.389896,Plein jour,Hors agglomération,Hors intersection,Normale,Autre collision,1,3,4,0,1,1,1,0,1,130,,4,3,0,1,0,51.0,,,,1,1,1,1,6
202100038550,2021-05-24 15:40:00,2021,5,24,15,40,06,06095,68 Avenue de Boutiny,43.64339,6.882082,Plein jour,En agglomération,Hors intersection,Normale,Autre collision,3,2,2,0,1,1,1,0,1,50,,3,2,0,0,1,59.0,41.0,,,1,2,1,1,6
202100038551,2021-05-24 11:10:00,2021,5,24,11,10,01,01033,RD101,46.111995,5.800872,Plein jour,Hors agglomération,Intersection en T,Normale,Deux véhicules - côté,3,-1,2,0,2,1,1,5,1,70,,2,1,0,0,1,40.0,20.0,,,1,1,3,1,3
202100038552,2021-05-25 07:45:00,2021,5,25,7,45,14,14738,A84,49.158574,-0.469102,Plein jour,Hors agglomération,Hors intersection,Normale,Deux véhicules - arrière,1,3,4,0,1,1,1,0,1,130,,2,1,0,0,1,21.0,45.0,,,1,1,1,1,2
202100038553,2021-05-25 20:40:00,2021,5,25,20,40,62,62361,47 Rue du Général de Gaulle,50.276423,2.29559,Crépuscule ou aube,En agglomération,Intersection en T,Normale,Autre collision,3,2,2,0,1,1,1,0,4,50,,2,0,0,1,1,18.0,,,,2,2,3,1,6
202100038554,2021-05-05 15:20:00,2021,5,5,15,20,40,40171,D316,44.407313,-0.630834,Plein jour,Hors agglomération,Hors intersection,Normale,Sans collision,3,2,2,0,1,3,1,0,1,80,,1,0,0,1,0,69.0,,,,1,1,1,1,7
202100038555,2021-05-24 15:40:00,2021,5,24,15,40,74,74206,Rte du Col du Feu,46.314391,6.498349,Plein jour,Hors agglomération,Hors intersection,Normale,Autre collision,3,2,2,0,2,3,1,0,8,80,,2,0,0,2,0,59.0,,,,1,1,1,1,6
202100038556,2021-05-24 20:00:00,2021,5,24,20,0,83,83018,D13,43.353613,6.186483,Plein jour,Hors agglomération,Hors intersection,Pluie légère,Deux véhicules - arrière,3,2,2,0,1,3,2,0,1,80,,2,1,0,1,0,32.0,57.0,,,1,1,1,2,2
202100038557,2021-05-25 17:40:00,2021,5,25,17,40,89,89373,D46,48.207587,3.329072,Plein jour,Hors agglomération,Intersection en T,Normale,Deux véhicules - côté,3,2,2,0,1,1,1,0,1,80,,2,1,0,1,0,73.0,16.0,,,1,1,3,1,3
202100038558,2021-05-25 11:00:00,2021,5,25,11,0,56,56101,26 Rue de la Libération,47.834716,-3.154316,Plein jour,En agglomération,Hors intersection,Normale,Autre collision,3,2,2,0,2,1,1,0,4,50,,1,0,0,1,0,33.0,,,,1,2,1,1,6
202100038559,2021-05-24 22:00:00,2021,5,24,22,0,76,76480,Route de Fremard,49.802714,0.687534,Nuit sans éclairage public,En agglomération,Hors intersection,Pluie légère,Deux véhicules - côté,4,2,2,0,1,3,2,0,1,50,,2,1,0,1,0,20.0,17.0,,,3,2,1,2,3
202100038560,2021-05-24 18:00:00,2021,5,24,18,0,79,79213,,46.600629,-0.229297,Plein jour,Hors agglomération,Hors intersection,Pluie légère,Autre collision,3,2,2,0,2,2,2,0,1,80,,3,0,0,0,3,21.0,,,,1,1,1,2,6
202100038561,2021-05-25 11:52:00,2021,5,25,11,52,82,82018,D 64,44.11869,1.527267,Plein jour,Hors agglomération,Hors intersection,Normale,Sans collision,3,2,2,0,2,2,1,0,3,80,,1,0,0,1,0,50.0,,,,1,1,1,1,7
202100038562,2021-05-25 07:45:00,2021,5,25,7,45,89,89229,Grande rue,48.233982,3.099377,Plein jour,En agglomération,Hors intersection,Normale,Deux véhicules - frontale,3,2,2,0,2,2,1,0,1,50,,2,1,0,1,0,18.0,56.0,,,1,2,1,1,1
202100038563,2021-05-24 17:45:00,2021,5,24,17,45,61,61214,1 Avenue du Perche,48.759388,0.631396,Plein jour,En agglomération,Intersection en Y,Normale,Deux véhicules - côté,3,2,2,0,1,1,1,0,1,50,,6,4,0,0,2,53.0,32.0,,,1,2,4,1,3
202100038564,2021-05-24 12:20:00,2021,5,24,12,20,61,61153,Rue des 3 Freres Terrier,48.717951,-0.124353,Plein jour,En agglomération,Hors intersection,Pluie légère,Autre collision,4,2,2,0,1,1,2,0,1,20,,2,1,0,1,0,45.0,,,,1,2,1,2,6
202100038565,2021-05-23 15:15:00,2021,5,23,15,15,86,86213,La Bruyère,46.440277,0.03261,Plein jour,Hors agglomération,Hors intersection,Normale,Deux véhicules - côté,3,2,2,0,1,2,9,0,1,80,,3,1,0,0,2,23.0,30.0,,,1,1,1,1,3
202100038566,2021-05-25 02:00:00,2021,5,25,2,0,25,25237,D52,47.521924,6.894768,Nuit sans éclairage public,En agglomération,Intersection en T,Normale,Sans collision,3,2,2,0,1,1,2,0,3,50,,1,0,0,1,0,33.0,,,,3,2,3,1,7
202100038567,2021-05-24 18:00:00,2021,5,24,18,0,25,25410,RN 57,47.219626,6.070225,Plein jour,Hors agglomération,Hors intersection,Normale,Trois véhicules et plus - collisions multiples,2,2,2,0,1,1,1,0,1,90,,8,4,0,0,4,36.0,49.0,,,1,1,1,1,5
202100038568,2021-05-23 22:00:00,2021,5,23,22,0,01,01151,D109,46.081715,5.284166,Nuit sans éclairage public,Hors agglomération,Intersection en X,Normale,Deux véhicules - côté,3,-1,2,0,1,1,1,0,1,80,,4,1,0,2,1,29.0,24.0,,,3,1,2,1,3
202100038569,2021-05-24 16:24:00,2021,5,24,16,24,26,26306,215 Route de Buis les Baronnies,44.34101,5.281106,Plein jour,En agglomération,Hors intersection,Pluie légère,Autre collision,3,2,2,0,1,1,2,0,3,50,,1,0,0,1,0,60.0,,,,1,2,1,2,6
202100038570,2021-05-23 19:30:00,2021,5,23,19,30,26,26376,ROUTE DES ALPES,44.431574,5.281523,Plein jour,Hors agglomération,Hors intersection,Normale,Sans collision,3,2,2,0,1,1,1,0,1,80,,2,0,0,1,1,53.0,,,,1,1,1,1,7
202100038571,2021-05-25 16:45:00,2021,5,25,16,45,60,60066,D332,49.2861454401,2.8719447395,Plein jour,En agglomération,Hors intersection,Pluie forte,Autre collision,3,2,2,0,2,2,2,0,1,50,,2,1,0,1,0,39.0,76.0,,,1,2,1,3,6
202100038572,2021-05-24 11:30:00,2021,5,24,11,30,53,53216,D202,48.360273,-0.551805,Plein jour,Hors agglomération,Hors intersection,Pluie légère,Autre collision,3,2,2,0,1,4,1,0,1,80,,1,0,0,0,1,52.0,,,,1,1,1,2,6
202100038573,2021-05-21 13:40:00,2021,5,21,13,40,24,24079,D675 - D82,45.39188,0.651927,Plein jour,Hors agglomération,Intersection en X,Pluie forte,Deux véhicules - côté,3,2,2,0,1,1,3,5,1,80,,3,1,1,0,1,54.0,69.0,,,1,1,2,3,3
202100038574,2021-05-24 21:45:00,2021,5,24,21,45,85,85050,Bougre,46.506774,-1.316385,Nuit sans éclairage public,Hors agglomération,Intersection en T,Pluie légère,Sans collision,4,2,2,0,1,1,2,0,3,80,,1,0,1,0,0,70.0,,,,3,1,3,2,7
202100038575,2021-05-24 14:50:00,2021,5,24,14,50,67,67324,RD53,48.972654,7.688992,Plein jour,Hors agglomération,Autre intersection,Normale,Deux véhicules - côté,3,3,2,0,1,1,1,0,1,80,,2,0,0,0,2,17.0,18.0,,,1,1,9,1,3
202100038576,2021-05-18 17:45:00,2021,5,18,17,45,76,76684,A131,49.482074,0.446277,Plein jour,Hors agglomération,Hors intersection,Normale,Trois véhicules et plus - en chaîne,1,1,2,0,1,1,1,0,1,110,,8,7,0,0,1,31.0,59.0,,,1,1,1,1,4
202100038577,2021-05-23 06:55:00,2021,5,23,6,55,90,90012,Belfort-Nord (Embranchement d'autoroute),47.647032,6.915464,Crépuscule ou aube,Hors agglomération,Autre intersection,Temps couvert,Autre collision,1,1,1,0,1,3,2,3,1,50,,1,0,0,1,0,19.0,,,,2,1,9,8,6
202100038578,2021-05-25 13:15:00,2021,5,25,13,15,38,38485,Boulevard de l'Europe,45.18016,5.69611,Plein jour,En agglomération,Hors intersection,Normale,Deux véhicules - arrière,7,1,2,0,1,1,1,0,1,50,,2,1,1,0,0,22.0,55.0,,,1,2,1,1,2
202100038579,2021-05-24 20:20:00,2021,5,24,20,20,28,28425,Départementale 910,48.502858,1.716383,Crépuscule ou aube,Hors agglomération,Hors intersection,Temps éblouissant,Deux véhicules - côté,3,2,2,0,1,1,2,0,1,70,,5,2,0,1,2,36.0,37.0,,,2,1,1,7,3
202100038580,2021-05-20 16:20:00,2021,5,20,16,20,77,77388,33 Rue du 8 Mai 1945,48.960497,3.146896,Plein jour,En agglomération,Hors intersection,Normale,Autre collision,6,-1,1,0,1,1,1,9,8,30,,2,1,0,1,0,78.0,,,,1,2,1,1,6
202100038581,2021-05-24 22:15:00,2021,5,24,22,15,2B,2B042,Route Ajercaja,42.550934,9.449996,Nuit avec éclairage allumé,En agglomération,Hors intersection,Normale,Autre collision,3,2,2,0,2,2,1,0,8,50,,1,0,1,0,0,30.0,,,,5,2,1,1,6
202100038582,2021-05-24 12:40:00,2021,5,24,12,40,66,66037,Route de Saint Nazaire,42.697566,3.000171,Plein jour,Hors agglomération,Intersection en Y,Normale,Deux véhicules - côté,3,2,2,0,1,1,1,0,1,80,,3,2,0,1,0,38.0,50.0,,,1,1,4,1,3
202100038583,2021-05-25 18:15:00,2021,5,25,18,15,34,34135,D37,43.277385,3.16034,Plein jour,Hors agglomération,Hors intersection,Normale,Sans collision,3,2,2,0,2,1,1,0,3,80,,1,0,0,1,0,61.0,,,,1,1,1,1,7
202100038584,2021-05-25 13:00:00,2021,5,25,13,0,05,05021,Les Grès,44.400138,5.733951,Plein jour,Hors agglomération,Intersection en T,Normale,Deux véhicules - côté,3,2,2,0,1,1,1,0,1,90,,3,1,0,0,2,37.0,34.0,,,1,1,3,1,3
202100038585,2021-05-25 07:15:00,2021,5,25,7,15,13,13081,Route départementale 113,43.511647,5.203872,Plein jour,Hors agglomération,Hors intersection,Normale,Deux véhicules - côté,7,2,2,0,2,2,1,0,3,80,,1,0,0,1,0,55.0,,,,1,1,1,1,3
202100038586,2021-05-24 11:45:00,2021,5,24,11,45,68,68348,Rue du Poitou,47.801027,7.12473,Plein jour,En agglomération,Autre intersection,Normale,Autre collision,4,2,2,0,1,2,1,0,1,50,,2,1,0,1,0,66.0,,,,1,2,9,1,6
202100038587,2021-05-23 08:00:00,2021,5,23,8,0,69,69270,Le Gravier d Aillon,45.6395713239,4.916749835,Plein jour,Hors agglomération,Intersection en Y,Normale,Deux véhicules - côté,3,2,2,0,1,1,1,0,1,80,,2,1,0,1,0,22.0,47.0,,,1,1,4,1,3
202100038588,2021-05-20 21:13:00,2021,5,20,21,13,33,33062,,45.028243,-0.215762,Crépuscule ou aube,Hors agglomération,Hors intersection,Normale,Deux véhicules - frontale,3,2,2,0,1,2,1,0,1,70,,3,2,0,1,0,58.0,17.0,,,2,1,1,1,1
202100038589,2021-05-22 18:00:00,2021,5,22,18,0,33,33049,,44.875488,-0.397224,Plein jour,Hors agglomération,Hors intersection,Normale,Trois véhicules et plus - en chaîne,2,3,5,0,1,3,8,0,1,110,,13,8,0,1,4,55.0,23.0,,,1,1,1,1,4
202100038590,2021-05-14 17:50:00,2021,5,14,17,50,27,27191,28 Rue de Pacy (Fontaine-Heudebourg),49.125743,1.217406,Plein jour,En agglomération,Hors intersection,Normale,Deux véhicules - frontale,3,2,2,0,1,1,1,0,1,-1,,2,0,0,0,2,59.0,62.0,,,1,2,1,1,1
202100038591,2021-05-23 21:30:00,2021,5,23,21,30,69,69382,M6   455.000 A 455.614,45.7508884023,4.8225973251,Nuit sans éclairage public,Hors agglomération,Hors intersection,Normale,Deux véhicules - arrière,7,3,4,0,1,1,1,0,1,70,,2,1,0,0,1,28.0,20.0,,,3,1,1,1,2
202100038592,2021-05-24 11:55:00,2021,5,24,11,55,78,78362,A13,48.975823,1.722811,Plein jour,Hors agglomération,Hors intersection,Normale,Autre collision,1,3,6,0,1,1,1,0,1,110,,1,0,0,0,1,21.0,,,,1,1,1,1,6
202100038593,2021-05-24 22:00:00,2021,5,24,22,0,93,93029,AUTOROUTE A86,48.9249,2.4257,Crépuscule ou aube,Hors agglomération,Hors intersection,Normale,Autre collision,1,3,6,0,1,2,1,1,1,90,,2,1,0,0,1,30.0,,,,2,1,1,1,6
202100038594,2021-05-24 16:30:00,2021,5,24,16,30,77,77121,A4,48.83139,2.68345,Plein jour,Hors agglomération,Hors intersection,Pluie légère,Deux véhicules - arrière,1,3,6,0,1,1,2,0,1,110,,5,3,0,0,2,41.0,37.0,,,1,1,1,2,2
202100038595,2021-05-24 09:30:00,2021,5,24,9,30,77,77122,RN104,48.65245,2.61383,Plein jour,Hors agglomération,Hors intersection,Pluie légère,Autre collision,2,3,6,0,1,3,2,2,1,90,,1,0,0,0,1,22.0,,,,1,1,1,2,6
202100038596,2021-05-24 01:10:00,2021,5,24,1,10,988,98818,ROUTE DE L'ANSE-VATA/RUE EDOUARD GLASSER,-22.29265,166.44716,Nuit avec éclairage allumé,En agglomération,Intersection en X,Pluie forte,Autre collision,4,2,2,0,2,1,2,5,1,50,,4,3,0,1,0,23.0,,,,5,2,2,3,6
202100038597,2021-05-23 13:30:00,2021,5,23,13,30,974,97411,BOUGAINVILLEES (ROUTE DES),-20.891332,55.420039,Plein jour,Hors agglomération,Intersection en T,Normale,Autre collision,3,2,2,0,2,1,1,0,3,50,,3,2,0,0,1,55.0,,,,1,1,3,1,6
202100038598,2021-05-22 20:40:00,2021,5,22,20,40,974,97411,VILLELE (RUE JEAN DE),-20.8917,55.4878,Nuit avec éclairage allumé,En agglomération,Hors intersection,Normale,Deux véhicules - frontale,4,2,2,0,1,1,1,0,1,30,,3,2,0,1,0,26.0,34.0,,,5,2,1,1,1
202100038599,2021-05-22 12:25:00,2021,5,22,12,25,974,97411,VERGER (RUE DU),-20.88623,55.45242,Plein jour,En agglomération,Hors intersection,Normale,Deux véhicules - côté,4,2,2,0,1,1,1,0,1,30,,3,2,0,0,1,17.0,57.0,,,1,2,1,1,3
202100038600,2021-05-23 10:50:00,2021,5,23,10,50,974,97407,SACRE COEUR (RD POINT) -RIV. DES GALETS ,-20.9557,55.3121,Plein jour,Hors agglomération,Giratoire,Normale,Deux véhicules - côté,2,2,2,1,1,1,1,3,1,50,,2,1,0,0,1,68.0,16.0,,,1,1,6,1,3
202100038601,2021-05-22 19:20:00,2021,5,22,19,20,973,97302,ARAGO (FRANCOIS),4.9387860494,-52.3317374289,Nuit avec éclairage allumé,En agglomération,Intersection en X,Pluie légère,Deux véhicules - côté,4,2,2,0,1,1,2,9,1,50,,3,2,0,0,1,29.0,51.0,,,5,2,2,2,3
202100038602,2021-05-23 21:50:00,2021,5,23,21,50,69,69387,TONY GARNIER                        (AV),45.72635,4.83474,Nuit avec éclairage allumé,En agglomération,Hors intersection,Normale,Deux véhicules - arrière,4,3,6,0,1,1,1,0,3,50,,3,1,0,0,2,20.0,,,,5,2,1,1,2
202100038603,2021-05-23 08:45:00,2021,5,23,8,45,69,69387,JEAN JAURES                         (AV),45.75119,4.84542,Plein jour,En agglomération,Intersection en T,Normale,Deux véhicules - côté,4,1,4,3,1,1,1,0,1,50,,2,1,0,0,1,43.0,48.0,,,1,2,3,1,3
202100038604,2021-05-22 23:00:00,2021,5,22,23,0,69,69383,GARIBALDI (R),45.75701,4.85263,Nuit avec éclairage allumé,En agglomération,Intersection en X,Pluie légère,Deux véhicules - côté,4,1,3,3,1,1,2,0,1,50,,2,1,0,0,1,23.0,28.0,,,5,2,2,2,3
202100038605,2021-05-23 17:15:00,2021,5,23,17,15,69,69202,CROIX DE PIVORT (DE LA) (CHM),45.73045,4.80549,Plein jour,En agglomération,Hors intersection,Normale,Deux véhicules - côté,4,2,4,1,2,1,1,0,4,50,,2,1,0,0,1,53.0,47.0,,,1,2,1,1,3
202100038606,2021-05-23 14:50:00,2021,5,23,14,50,69,69384,CROIX ROUSSE (DE LA) (PL),45.77439,4.83221,Plein jour,En agglomération,Hors intersection,Normale,Autre collision,4,2,4,0,1,1,1,0,1,30,,2,1,0,0,1,47.0,,,,1,2,1,1,6
202100038607,2021-05-22 20:00:00,2021,5,22,20,0,69,69382,TILSITT (Q),45.75831,4.82878,Crépuscule ou aube,En agglomération,Hors intersection,Pluie légère,Deux véhicules - arrière,4,1,3,3,1,1,2,0,1,50,,2,1,0,0,1,21.0,27.0,,,2,2,1,2,2
202100038608,2021-05-23 21:20:00,2021,5,23,21,20,2A,2A004,ROMARINS RUE DES,41.93204,8.73368,Nuit avec éclairage allumé,En agglomération,Autre intersection,Normale,Deux véhicules - arrière,4,2,0,0,1,1,1,0,1,50,,2,1,0,0,1,31.0,33.0,,,5,2,9,1,2
202100038609,2021-05-23 17:40:00,2021,5,23,17,40,91,91667,CORBEIL (ROUTE),48.658917,2.339803,Plein jour,En agglomération,Hors intersection,Normale,Deux véhicules - frontale,3,2,0,0,2,2,1,0,1,50,,5,2,0,0,3,39.0,20.0,,,1,2,1,1,1
202100038610,2021-05-23 01:10:00,2021,5,23,1,10,91,91216,GRAND VAUX (RUE),48.670079,2.332629,Nuit avec éclairage allumé,En agglomération,Intersection en X,Normale,Deux véhicules - arrière,3,3,3,0,2,3,1,5,1,30,,2,1,0,0,1,45.0,37.0,,,5,2,2,1,2
202100038611,2021-05-23 18:30:00,2021,5,23,18,30,91,91201,RUE DU CHEMIN VERT,48.68779,2.42392,Plein jour,En agglomération,Intersection en X,Normale,Deux véhicules - côté,4,1,1,0,1,1,1,0,1,50,,2,1,0,0,1,25.0,46.0,,,1,2,2,1,3
202100038612,2021-05-22 12:30:00,2021,5,22,12,30,91,91421,JEAN JAURES (AVENUE),48.71328,2.44897,Plein jour,En agglomération,Intersection en X,Temps couvert,Deux véhicules - côté,3,2,2,0,1,1,1,5,1,30,,2,1,0,0,1,30.0,48.0,,,1,2,2,8,3
202100038613,2021-05-22 13:15:00,2021,5,22,13,15,91,91589,RUE LOUIS JACQUES MEZARD,48.676567,2.353023,Plein jour,En agglomération,Hors intersection,Normale,Autre collision,3,2,2,0,1,1,1,0,1,50,,2,1,0,0,1,84.0,,,,1,2,1,1,6
202100038614,2021-05-23 19:50:00,2021,5,23,19,50,91,91223,NOISETIERS (ALLEE DES),48.43681,2.14159,Plein jour,En agglomération,Hors intersection,Normale,Autre collision,4,2,2,0,1,1,1,0,1,50,,1,0,0,1,0,19.0,,,,1,2,1,1,6
202100038615,2021-05-22 15:40:00,2021,5,22,15,40,83,83144,Rond point de l'Université,43.13817,6.01744,Plein jour,En agglomération,Autre intersection,Normale,Autre collision,7,1,2,0,1,2,1,9,1,50,,1,0,0,0,1,35.0,,,,1,2,9,1,6
202100038616,2021-05-22 18:30:00,2021,5,22,18,30,83,83129,JUIN MARECHAL (AV DU),43.0945053418,5.8465533897,Plein jour,En agglomération,Hors intersection,Normale,Autre collision,7,3,4,1,1,1,1,0,1,50,,3,1,0,0,2,61.0,16.0,,,1,2,1,1,6
202100038617,2021-05-23 09:00:00,2021,5,23,9,0,83,83069,CRAU (ROUTE DE LA ),43.13126,6.08727,Plein jour,Hors agglomération,Hors intersection,Normale,Sans collision,7,2,2,0,1,2,1,0,3,50,,2,0,0,0,2,19.0,,,,1,1,1,1,7
202100038618,2021-05-22 16:20:00,2021,5,22,16,20,83,83034,CHEMIN DU CANNEBAS,43.0955226226,6.0692384968,Plein jour,En agglomération,Giratoire,Normale,Deux véhicules - côté,7,2,2,1,1,1,1,0,1,50,,3,2,0,1,0,34.0,43.0,,,1,2,6,1,3
202100038619,2021-05-23 17:15:00,2021,5,23,17,15,77,77237,LAGNY  (RUE DE  ),48.8391,2.75312,Plein jour,En agglomération,Hors intersection,Normale,Deux véhicules - arrière,3,2,2,0,1,1,1,0,1,30,,4,2,0,2,0,36.0,23.0,,,1,2,1,1,2
202100038620,2021-05-23 18:20:00,2021,5,23,18,20,76,76681,CD 18E (BOULEVARD INDUSTRIEL),49.41399,1.1072,Plein jour,Hors agglomération,Hors intersection,Pluie légère,Autre collision,7,3,4,0,1,1,2,0,3,90,,1,0,0,0,1,28.0,,,,1,1,1,2,6
202100038621,2021-05-22 19:10:00,2021,5,22,19,10,76,76259,VALMONT ( ROUTE DE),49.759534,0.386707,Plein jour,Hors agglomération,Hors intersection,Temps couvert,Sans collision,3,2,2,0,1,3,2,0,3,80,,2,1,0,0,1,19.0,,,,1,1,1,8,7
202100038622,2021-05-23 03:00:00,2021,5,23,3,0,72,72095,PREM DIV FRANCAISE LIBRE (BD),48.0296,0.2168,Nuit sans éclairage public,Hors agglomération,Hors intersection,Pluie légère,Autre collision,3,3,2,0,1,1,2,0,1,90,,2,0,0,1,1,19.0,,,,3,1,1,2,6
202100038623,2021-05-23 15:27:00,2021,5,23,15,27,69,69290,EUGENE CHEVREUL (R),45.68705,4.93294,Plein jour,En agglomération,Hors intersection,Temps éblouissant,Deux véhicules - frontale,4,2,2,0,2,1,1,2,1,50,,4,1,0,0,3,21.0,22.0,,,1,2,1,7,1
202100038624,2021-05-23 16:52:00,2021,5,23,16,52,65,65440,LARREY (RUE),43.230418,0.075524,Plein jour,En agglomération,Intersection en X,Normale,Deux véhicules - côté,4,1,2,0,1,1,1,0,1,50,,2,0,0,0,2,26.0,71.0,,,1,2,2,1,3
202100038625,2021-05-23 18:20:00,2021,5,23,18,20,51,51454,Rue de l’Etape,49.25565,4.0289,Plein jour,En agglomération,Hors intersection,Normale,Sans collision,4,2,2,0,1,1,1,0,1,30,,2,1,0,0,1,,,,,1,2,1,1,7
202100038626,2021-05-22 10:33:00,2021,5,22,10,33,51,51454,Rue Paul Vaillant Couturier,49.27335,4.01496,Plein jour,En agglomération,Intersection en X,Normale,Deux véhicules - arrière,4,2,0,0,1,1,1,0,1,50,,2,1,0,0,1,43.0,58.0,,,1,2,2,1,2
202100038627,2021-05-23 21:12:00,2021,5,23,21,12,49,49353,BARA,47.4434,-0.48862,Plein jour,En agglomération,Giratoire,Normale,Deux véhicules - côté,4,-1,2,0,1,1,1,0,1,50,,2,1,0,0,1,26.0,21.0,,,1,2,6,1,3
202100038628,2021-05-23 10:05:00,2021,5,23,10,5,42,42044,Rue Dubuisson,45.39737,4.327619,Plein jour,En agglomération,Hors intersection,Normale,Autre collision,4,1,1,0,1,1,1,0,1,50,,2,1,0,0,1,70.0,,,,1,2,1,1,6
202100038629,2021-05-23 20:31:00,2021,5,23,20,31,37,37261,COLOMBIER (RUE),47.4137746488,0.7017790675,Plein jour,En agglomération,Intersection en X,Normale,Sans collision,4,2,2,0,1,1,1,0,8,50,,2,0,0,0,2,21.0,,,,1,2,2,1,7