accident_id,datetime,annee,mois,jour,heure,minute,departement,commune_insee,adresse,latitude,longitude,luminosite,agglomeration,intersection,meteo,collision,catr,circ,nbv,vosp,prof,plan,surf,infra,situ,vma,nb_vehicules,nb_usagers,nb_indemnes,nb_tues,nb_blesses_hosp,nb_blesses_legers,age_cond_1,age_cond_2,veh_type_cond_1,veh_type_cond_2,lum_code,agg_code,int_code,atm_code,col_code
202100038630,2021-05-22 19:07:00,2021,5,22,19,7,37,37233,COLOMBIER (RUE DU),47.381088425,0.7375114122,Plein jour,En agglomération,Intersection en T,Normale,Autre collision,7,1,1,0,1,2,1,0,1,50,,3,1,0,0,2,35.0,32.0,,,1,2,3,1,6
202100038631,2021-05-23 21:40:00,2021,5,23,21,40,34,34172,LECLERC (AVENUE DU MARECHAL),43.59619,3.88169,Plein jour,En agglomération,Intersection en Y,Normale,Deux véhicules - côté,4,1,1,0,1,1,1,0,1,50,,2,1,0,0,1,29.0,28.0,,,1,2,4,1,3
202100038632,2021-05-23 21:10:00,2021,5,23,21,10,33,33063,Rue Charles Domercq,44.8272237721,-0.5567498635,Crépuscule ou aube,En agglomération,Intersection en T,Normale,Autre collision,4,2,2,0,1,1,1,0,1,50,,2,1,0,0,1,,,,,2,2,3,1,6
202100038633,2021-05-23 01:00:00,2021,5,23,1,0,31,31555,20 LESPINET  (PERIPH OUEST A620),43.573,1.465,Nuit sans éclairage public,En agglomération,Hors intersection,Normale,Deux véhicules - arrière,1,3,2,0,2,2,1,8,1,70,,3,1,1,0,1,,50.0,,,3,2,1,1,2
202100038634,2021-05-22 23:15:00,2021,5,22,23,15,31,31555,ALBI (RTE D) DU 1AU 243,43.63879,1.46532,Nuit avec éclairage allumé,En agglomération,Hors intersection,Normale,Deux véhicules - arrière,7,2,2,0,1,1,1,0,1,50,,2,1,0,1,0,,40.0,,,5,2,1,1,2
202100038635,2021-05-23 14:10:00,2021,5,23,14,10,30,30007,PERRIN (RUE JEAN),44.14584,4.10095,Plein jour,En agglomération,Giratoire,Normale,Deux véhicules - côté,4,2,2,0,1,1,1,0,1,50,,2,1,0,1,0,62.0,70.0,,,1,2,6,1,3
202100038636,2021-05-23 10:54:00,2021,5,23,10,54,25,25056,BLUM  BOULEVARD LEON (inf 51),47.25786,6.02275,Plein jour,En agglomération,Intersection en X,Normale,Deux véhicules - côté,4,2,5,0,1,1,1,0,1,50,,3,2,0,0,1,37.0,41.0,,,1,2,2,1,3
202100038637,2021-05-23 17:09:00,2021,5,23,17,9,17,17300,ROUX   RUE DE,46.139018,-1.148028,Plein jour,En agglomération,Hors intersection,Normale,Deux véhicules - arrière,4,2,2,0,1,1,1,0,1,50,,2,1,0,0,1,70.0,21.0,,,1,2,1,1,2
202100038638,2021-05-23 19:00:00,2021,5,23,19,0,13,13213,MERLAUD PON (RUE),43.3363155813,5.4263019562,Nuit avec éclairage allumé,En agglomération,Hors intersection,Normale,Autre collision,4,1,1,0,1,1,1,0,1,50,,2,1,0,0,1,,,,,5,2,1,1,6
202100038639,2021-05-22 13:45:00,2021,5,22,13,45,13,13210,BONNEFOY (RUE),43.28058,5.400959,Plein jour,En agglomération,Autre intersection,Normale,Deux véhicules - arrière,4,-1,2,0,1,1,1,0,1,50,,3,2,0,0,1,29.0,47.0,,,1,2,9,1,2
202100038640,2021-05-22 15:50:00,2021,5,22,15,50,13,13028,FERRY (AVENUE JULES ),43.183545,5.601347,Plein jour,En agglomération,Hors intersection,Normale,Trois véhicules et plus - en chaîne,4,2,2,0,1,2,1,0,1,50,,3,2,0,0,1,65.0,40.0,,,1,2,1,1,4
202100038641,2021-05-23 12:20:00,2021,5,23,12,20,10,10387,PAIX (RUE DE LA),48.30959,4.06127,Plein jour,En agglomération,Intersection en X,Normale,Deux véhicules - côté,4,2,2,2,1,1,1,0,1,50,,3,0,0,0,3,78.0,22.0,,,1,2,2,1,3
202100038642,2021-05-23 17:20:00,2021,5,23,17,20,07,07281,C.D. 533 (VERS LE PUY),44.92788,4.7994,Plein jour,Hors agglomération,Hors intersection,Normale,Sans collision,3,1,0,0,2,4,1,0,1,80,,1,0,0,0,1,45.0,,,,1,1,1,1,7
202100038643,2021-05-23 13:40:00,2021,5,23,13,40,07,07281,REPUBLIQUE (RUE DE LA),44.94597,4.8457,Plein jour,En agglomération,Hors intersection,Normale,Autre collision,4,1,1,0,1,1,1,0,1,30,,1,0,0,0,1,49.0,,,,1,2,1,1,6
202100038644,2021-05-23 20:10:00,2021,5,23,20,10,06,06069,SAINT EXUPERY (AVENUE ANTOINE DE),43.66139,6.93214,Plein jour,En agglomération,Autre intersection,Normale,Deux véhicules - arrière,4,2,2,0,1,1,1,0,1,50,,2,1,0,0,1,35.0,42.0,,,1,2,9,1,2
202100038645,2021-05-21 21:35:00,2021,5,21,21,35,75,75117,BOULEVARD DES BATIGNOLLES,48.883225,2.325324,Nuit avec éclairage allumé,En agglomération,Intersection en T,Normale,Deux véhicules - côté,4,2,2,0,1,1,1,0,1,50,,5,2,0,0,3,31.0,37.0,,,5,2,3,1,3
202100038646,2021-05-23 20:30:00,2021,5,23,20,30,75,75119,RUE DE BELLEVILLE,48.873499,2.383008,Crépuscule ou aube,En agglomération,Intersection en T,Normale,Deux véhicules - arrière,4,2,2,3,2,1,1,0,1,50,,2,1,0,0,1,55.0,23.0,,,2,2,3,1,2
202100038647,2021-05-23 13:08:00,2021,5,23,13,8,75,75119,BOULEVARD D INDOCHINE,48.88718,2.396117,Plein jour,En agglomération,Intersection en T,Normale,Deux véhicules - côté,4,1,2,1,1,1,1,0,5,30,,2,1,0,0,1,45.0,34.0,,,1,2,3,1,3
202100038648,2021-05-23 19:10:00,2021,5,23,19,10,75,75117,PLACE CHARLES DE GAULLE,48.874265,2.294548,Plein jour,En agglomération,Place,Normale,Deux véhicules - côté,4,1,8,0,1,1,1,0,1,50,,3,2,0,0,1,74.0,27.0,,,1,2,7,1,3
202100038649,2021-05-23 11:25:00,2021,5,23,11,25,75,75116,ALLEE DE LONGCHAMP,48.872525,2.264444,Plein jour,En agglomération,Intersection en X,Normale,Deux véhicules - côté,4,3,3,0,1,1,1,0,1,50,,2,1,0,0,1,40.0,22.0,,,1,2,2,1,3
202100038650,2021-05-23 13:30:00,2021,5,23,13,30,75,75110,RUE DU FAUBOURG SAINT MARTIN,48.874917,2.359005,Plein jour,En agglomération,Intersection en T,Normale,Deux véhicules - côté,4,2,3,3,2,1,1,0,1,50,,3,1,0,0,2,28.0,31.0,,,1,2,3,1,3
202100038651,2021-05-23 00:50:00,2021,5,23,0,50,75,75110,RUE LA FAYETTE,48.880605,2.362027,Nuit avec éclairage allumé,En agglomération,Intersection en X,Normale,Deux véhicules - côté,4,3,2,3,1,1,1,5,1,50,,2,1,0,0,1,34.0,27.0,,,5,2,2,1,3
202100038652,2021-05-22 23:45:00,2021,5,22,23,45,75,75107,RUE DU BAC,48.856063,2.325894,Nuit avec éclairage allumé,En agglomération,Intersection en X,Normale,Deux véhicules - côté,4,2,2,0,1,1,2,0,1,50,,2,1,0,0,1,53.0,,,,5,2,2,1,3
202100038653,2021-05-22 21:49:00,2021,5,22,21,49,75,75104,PLACE DE LA BASTILLE,48.853262,2.368588,Nuit avec éclairage allumé,En agglomération,Place,Normale,Deux véhicules - côté,4,2,5,3,1,1,2,5,1,50,,2,1,0,0,1,32.0,46.0,,,5,2,7,1,3
202100038654,2021-05-22 20:30:00,2021,5,22,20,30,75,75101,RUE CAMBON,48.869806,2.328161,Plein jour,En agglomération,Intersection à plus de 4 branches,Normale,Deux véhicules - côté,4,2,2,0,1,1,2,0,1,50,,2,1,0,0,1,49.0,19.0,,,1,2,5,1,3
202100038655,2021-05-23 16:59:00,2021,5,23,16,59,94,94073,Avenue de Versailles,48.75765,2.39052,Plein jour,En agglomération,Hors intersection,Normale,Deux véhicules - côté,3,1,2,0,1,1,1,0,1,50,,2,1,0,0,1,24.0,28.0,,,1,2,1,1,3
202100038656,2021-05-23 16:21:00,2021,5,23,16,21,94,94077,Avenue le Foll,48.73076,2.42556,Plein jour,En agglomération,Hors intersection,Normale,Deux véhicules - arrière,3,3,3,3,1,1,1,5,1,50,,2,1,0,1,0,27.0,42.0,,,1,2,1,1,2
202100038657,2021-05-23 11:15:00,2021,5,23,11,15,93,93062,Avenue Thiers / Boulevard d’Aulnay,48.90174,2.51116,Plein jour,En agglomération,Intersection en X,Normale,Deux véhicules - côté,3,2,2,0,1,1,1,0,1,50,,3,2,0,0,1,23.0,56.0,,,1,2,2,1,3
202100038658,2021-05-23 06:05:00,2021,5,23,6,5,93,93046,ARISTIDE BRIAND AVENUE,48.9148,2.52758,Crépuscule ou aube,En agglomération,Hors intersection,Normale,Deux véhicules - frontale,3,3,4,0,1,1,1,0,1,50,,2,0,0,1,1,23.0,,,,2,2,1,1,1
202100038659,2021-05-22 18:54:00,2021,5,22,18,54,93,93006,Avenue de la République / Rue Robespierre,48.8604060242,2.4204114676,Plein jour,En agglomération,Intersection en X,Normale,Deux véhicules - côté,3,2,2,0,1,1,1,5,1,50,,2,1,0,0,1,,22.0,,,1,2,2,1,3
202100038660,2021-05-23 18:00:00,2021,5,23,18,0,93,93027,Avenue Jean Jaurès / Rue Corneille,48.92466,2.40191,Plein jour,En agglomération,Intersection en T,Normale,Deux véhicules - côté,3,3,4,1,1,1,1,4,1,50,,3,2,0,0,1,52.0,44.0,,,1,2,3,1,3
202100038661,2021-05-23 14:35:00,2021,5,23,14,35,93,93014,Allée Sudrot,48.89997,2.53219,Plein jour,En agglomération,Hors intersection,Normale,Autre collision,4,2,2,0,1,1,1,0,1,50,,2,1,0,0,1,28.0,,,,1,2,1,1,6
202100038662,2021-05-23 10:00:00,2021,5,23,10,0,93,93001,COURNEUVE (RUE DE LA),48.916375,2.38424,Plein jour,En agglomération,Hors intersection,Normale,Deux véhicules - arrière,4,1,1,0,1,1,1,0,1,50,,2,1,0,0,1,40.0,35.0,,,1,2,1,1,2
202100038663,2021-05-23 09:45:00,2021,5,23,9,45,92,92046,HENRI BARBUSSE (BOULEVARD),48.813905388,2.2872081399,Plein jour,En agglomération,Hors intersection,Normale,Sans collision,3,1,1,0,1,1,9,8,1,30,,1,0,0,0,1,28.0,,,,1,2,1,1,7
202100038664,2021-05-23 12:15:00,2021,5,23,12,15,92,92040,DEFENSE (DE LA),48.8194699722,2.2615251424,Plein jour,En agglomération,Hors intersection,Normale,Autre collision,4,1,1,0,2,3,1,0,4,50,,1,0,0,0,1,14.0,,,,1,2,1,1,6
202100038665,2021-05-23 12:35:00,2021,5,23,12,35,92,92060,GALILEE (AVENUE),48.7767827005,2.2457613051,Plein jour,En agglomération,Giratoire,Normale,Sans collision,4,2,2,0,1,1,1,0,1,30,,1,0,0,0,1,25.0,,,,1,2,6,1,7
202100038666,2021-05-23 22:40:00,2021,5,23,22,40,92,92019,SAINTE CATHERINE (RUE),48.765968728,2.2808378935,Nuit avec éclairage allumé,En agglomération,Hors intersection,Normale,Autre collision,4,1,1,0,2,1,1,0,1,30,,2,1,0,0,1,,,,,5,2,1,1,6
202100038667,2021-05-23 16:30:00,2021,5,23,16,30,35,35082,Rue des Erables,47.882578,-1.436307,Plein jour,En agglomération,Hors intersection,Normale,Autre collision,3,2,2,0,1,1,1,0,1,50,,1,0,0,1,0,22.0,,,,1,2,1,1,6
202100038668,2021-05-24 13:30:00,2021,5,24,13,30,2A,2A211,RT 40,41.783213,8.970707,Plein jour,Hors agglomération,Hors intersection,Normale,Sans collision,2,1,2,0,4,4,2,0,1,80,,4,3,0,1,0,41.0,74.0,,,1,1,1,1,7
202100038669,2021-05-24 17:45:00,2021,5,24,17,45,52,52494,Route départementale 119,48.13522,5.238247,Plein jour,Hors agglomération,Hors intersection,Pluie forte,Sans collision,3,2,2,0,1,1,2,0,3,80,,1,0,0,0,1,50.0,,,,1,1,1,3,7
202100038670,2021-05-24 17:30:00,2021,5,24,17,30,16,16150,Ld La Perdrasse,45.654951,-0.292605,Plein jour,Hors agglomération,Hors intersection,Vent fort / tempête,Autre collision,3,2,2,0,1,2,2,0,1,70,,2,0,0,2,0,34.0,33.0,,,1,1,1,6,6
202100038671,2021-05-23 17:30:00,2021,5,23,17,30,31,31228,D20 PK/PR 30+500,43.684512,1.601075,Plein jour,Hors agglomération,Hors intersection,Normale,Deux véhicules - frontale,3,2,2,0,1,1,1,0,1,-1,,3,0,0,0,3,44.0,29.0,,,1,1,1,1,1
202100038672,2021-05-23 16:30:00,2021,5,23,16,30,27,27507,Rue du 8 Mai 1945,48.899013,1.292332,Plein jour,Hors agglomération,Hors intersection,Pluie légère,Autre collision,4,-1,2,0,1,1,2,0,8,-1,,1,0,0,1,0,14.0,,,,1,1,1,2,6
202100038673,2021-05-24 14:00:00,2021,5,24,14,0,41,41046,Autoroute A71 - PK 131+800 - Sens ORLÉANS/VIERZON,47.630067,1.956275,Plein jour,Hors agglomération,Hors intersection,Neige / grêle,Trois véhicules et plus - en chaîne,1,1,4,0,2,1,9,0,1,130,,14,11,0,2,1,65.0,34.0,,,1,1,1,4,4
202100038674,2021-05-22 13:45:00,2021,5,22,13,45,01,01033,D101,46.11204,5.800792,Plein jour,Hors agglomération,Intersection en T,Temps couvert,Deux véhicules - côté,3,2,2,0,2,2,1,0,1,70,,3,1,0,0,2,64.0,39.0,,,1,1,3,8,3
202100038675,2021-05-23 14:50:00,2021,5,23,14,50,71,71336,Route de l'Abergement,46.731257,4.981956,Plein jour,Hors agglomération,Hors intersection,Normale,Sans collision,3,2,2,0,1,2,1,0,3,80,,1,0,0,1,0,43.0,,,,1,1,1,1,7
202100038676,2021-05-23 19:20:00,2021,5,23,19,20,51,51027,Rue des Guisettes,49.032225067,4.6872545136,Plein jour,En agglomération,Intersection en T,Normale,Deux véhicules - côté,4,2,1,0,1,1,1,0,1,50,,2,1,0,0,1,52.0,14.0,,,1,2,3,1,3
202100038677,2021-05-23 19:30:00,2021,5,23,19,30,51,51432,D53,48.692773,3.844185,Plein jour,Hors agglomération,Hors intersection,Normale,Sans collision,3,2,2,0,1,1,1,0,8,80,,3,2,0,1,0,46.0,,,,1,1,1,1,7
202100038678,2021-05-23 21:30:00,2021,5,23,21,30,59,59372,D16,50.039199,3.314738,Plein jour,Hors agglomération,Hors intersection,Normale,Autre collision,3,2,2,0,2,3,1,0,3,80,,3,0,2,1,0,73.0,,,,1,1,1,1,6
202100038679,2021-05-23 18:45:00,2021,5,23,18,45,19,19015,Les Tourmissoux,45.265705,1.324046,Plein jour,Hors agglomération,Hors intersection,Normale,Deux véhicules - frontale,3,2,2,0,2,3,1,0,1,90,,2,1,0,1,0,34.0,72.0,,,1,1,1,1,1
202100038680,2021-05-24 11:15:00,2021,5,24,11,15,82,82087,D20,44.127752,1.236756,Plein jour,En agglomération,Hors intersection,Pluie légère,Sans collision,3,2,2,0,2,2,2,0,3,50,,1,0,0,1,0,40.0,,,,1,2,1,2,7
202100038681,2021-05-24 13:00:00,2021,5,24,13,0,65,65408,D929,42.985614,0.376051,Plein jour,Hors agglomération,Hors intersection,Normale,Autre collision,3,2,2,0,1,2,1,0,3,90,,2,1,0,0,1,33.0,,,,1,1,1,1,6
202100038682,2021-05-22 20:30:00,2021,5,22,20,30,61,61464,RD 438,48.612274,0.16568,Plein jour,Hors agglomération,Intersection en X,Normale,Deux véhicules - côté,3,2,2,0,1,1,1,5,6,70,,5,3,0,1,1,21.0,22.0,,,1,1,2,1,3
202100038683,2021-05-23 14:40:00,2021,5,23,14,40,42,42277,D42,45.9034788067,4.1095741689,Plein jour,Hors agglomération,Hors intersection,Normale,Sans collision,3,2,2,0,2,2,1,0,3,80,,1,0,0,0,1,29.0,,,,1,1,1,1,7
202100038684,2021-05-24 10:30:00,2021,5,24,10,30,31,31345,departementale 12c,43.386228,1.430089,Plein jour,Hors agglomération,Hors intersection,Normale,Deux véhicules - frontale,3,2,2,0,1,1,1,0,1,80,,6,0,0,1,5,34.0,24.0,,,1,1,1,1,1
202100038685,2021-05-19 17:40:00,2021,5,19,17,40,15,15074,N122,44.927745,2.484825,Plein jour,Hors agglomération,Intersection en T,Normale,Trois véhicules et plus - collisions multiples,2,2,2,0,1,1,1,5,1,80,,5,4,0,1,0,54.0,55.0,,,1,1,3,1,5
202100038686,2021-05-22 13:40:00,2021,5,22,13,40,72,72284,Rue du Saosnois,48.301827,0.100041,Plein jour,En agglomération,Hors intersection,Normale,Deux véhicules - côté,3,2,2,0,2,1,1,5,1,50,,2,1,0,0,1,33.0,17.0,,,1,2,1,1,3
202100038687,2021-05-23 22:18:00,2021,5,23,22,18,06,06150,Route de Beausoleil,43.747821,7.414902,Nuit avec éclairage allumé,Hors agglomération,Hors intersection,Normale,Deux véhicules - côté,3,2,2,0,2,1,1,0,1,80,,2,1,0,0,1,60.0,40.0,,,5,1,1,1,3
202100038688,2021-05-22 16:30:00,2021,5,22,16,30,06,06148,Route de Provence,43.71436,7.065357,Plein jour,En agglomération,Hors intersection,Normale,Sans collision,4,-1,2,0,1,1,1,0,1,50,,1,0,0,0,1,42.0,,,,1,2,1,1,7
202100038689,2021-05-24 15:30:00,2021,5,24,15,30,14,14278,D13,49.173799,-0.587001,Plein jour,En agglomération,Hors intersection,Pluie forte,Trois véhicules et plus - collisions multiples,3,2,2,0,1,1,2,0,1,50,,5,4,0,1,0,50.0,46.0,,,1,2,1,3,5
202100038690,2021-05-23 15:30:00,2021,5,23,15,30,50,50328,rue des hauts vents,49.203271,-1.470172,Plein jour,Hors agglomération,Hors intersection,Normale,Trois véhicules et plus - collisions multiples,3,2,2,0,1,1,1,0,1,80,,4,2,0,1,1,49.0,48.0,,,1,1,1,1,5
202100038691,2021-05-23 13:40:00,2021,5,23,13,40,50,50267,Route des Marais,49.222993,-1.532882,Plein jour,En agglomération,Autre intersection,Normale,Deux véhicules - arrière,3,2,2,0,1,1,1,0,1,50,,3,2,0,1,0,77.0,77.0,,,1,2,9,1,2
202100038692,2021-05-23 10:30:00,2021,5,23,10,30,04,04189,RD 952,43.769506,5.947533,Plein jour,En agglomération,Intersection en T,Normale,Trois véhicules et plus - collisions multiples,3,2,2,0,2,1,1,2,1,50,,7,3,0,2,2,24.0,48.0,,,1,2,3,1,5
202100038693,2021-05-24 12:10:00,2021,5,24,12,10,85,85081,Les Gâts,46.771379,-1.349945,Plein jour,Hors agglomération,Intersection en X,Pluie légère,Deux véhicules - côté,3,2,2,0,1,1,2,8,1,80,,2,1,0,1,0,56.0,57.0,,,1,1,2,2,3
202100038694,2021-05-23 18:20:00,2021,5,23,18,20,27,27487,Chemin des Vaux,49.36313,1.335359,Plein jour,Hors agglomération,Hors intersection,Temps couvert,Deux véhicules - frontale,4,2,2,0,1,1,1,0,1,50,,2,0,0,2,0,4.0,42.0,,,1,1,1,8,1
202100038695,2021-05-23 15:30:00,2021,5,23,15,30,23,23037,RD 988,46.007902,2.416665,Plein jour,Hors agglomération,Hors intersection,Normale,Autre collision,3,2,2,0,1,2,1,0,3,90,,2,1,0,1,0,33.0,,,,1,1,1,1,6
202100038696,2021-05-22 19:10:00,2021,5,22,19,10,37,37211,D32,47.2426958818,0.8094693515,Plein jour,Hors agglomération,Intersection en X,Normale,Deux véhicules - côté,3,2,2,0,1,1,1,0,1,80,,4,3,0,0,1,36.0,69.0,,,1,1,2,1,3
202100038697,2021-05-24 08:50:00,2021,5,24,8,50,37,37099,3 Le Prieuré,47.304882095,0.5589830875,Plein jour,Hors agglomération,Hors intersection,Normale,Autre collision,7,2,2,0,1,3,2,0,8,80,,1,0,0,0,1,27.0,,,,1,1,1,1,6
202100038698,2021-05-23 19:50:00,2021,5,23,19,50,88,88188,2 RUE DE LORRAINE,47.873655,6.787893,Plein jour,En agglomération,Intersection en X,Normale,Autre collision,2,2,2,0,1,1,1,6,1,50,,2,1,0,1,0,12.0,52.0,,,1,2,2,1,6
202100038699,2021-05-22 14:20:00,2021,5,22,14,20,79,79355,,46.306135,-0.358264,Plein jour,Hors agglomération,Autre intersection,Normale,Autre collision,1,3,4,0,1,3,1,0,3,130,,1,0,0,1,0,86.0,,,,1,1,9,1,6
202100038700,2021-05-22 18:10:00,2021,5,22,18,10,33,33090,Chemin de Barbicadge,44.766096,-0.65345,Plein jour,En agglomération,Hors intersection,Normale,Autre collision,4,2,2,0,1,1,1,0,1,30,,2,1,0,1,0,15.0,,,,1,2,1,1,6
202100038701,2021-05-24 14:00:00,2021,5,24,14,0,30,30189,PK 55.800 sens 1 A9,43.807712,4.337025,Plein jour,Hors agglomération,Hors intersection,Normale,Autre collision,1,3,3,0,1,1,1,0,2,130,,3,0,0,2,1,45.0,,,,1,1,1,1,6
202100038702,2021-05-24 12:30:00,2021,5,24,12,30,988,98811,RT1 lieu dit la confiance,-21.047276,164.803956,Plein jour,Hors agglomération,Hors intersection,Normale,Sans collision,2,2,2,0,1,2,1,0,3,90,,1,0,1,0,0,34.0,,,,1,1,1,1,7
202100038703,2021-05-23 15:00:00,2021,5,23,15,0,971,97119,Bazin,16.369984,-61.447692,Plein jour,En agglomération,Hors intersection,Normale,Autre collision,3,2,2,0,1,1,1,0,4,50,,1,0,0,1,0,22.0,,,,1,2,1,1,6
202100038704,2021-05-22 16:20:00,2021,5,22,16,20,06,06157,3317 Route de Saint-jeannet,43.748159,7.130126,Plein jour,Hors agglomération,Hors intersection,Normale,Sans collision,7,2,2,0,1,2,1,0,1,70,,1,0,0,1,0,27.0,,,,1,1,1,1,7
202100038705,2021-05-23 18:50:00,2021,5,23,18,50,25,25159,2 Rue de Saint-maurice,47.449788,6.684146,Plein jour,En agglomération,Hors intersection,Normale,Autre collision,3,2,2,0,1,2,1,0,3,50,,1,0,0,1,0,25.0,,,,1,2,1,1,6
202100038706,2021-05-23 20:00:00,2021,5,23,20,0,03,03008,D995,46.043242,3.595877,Plein jour,Hors agglomération,Hors intersection,Normale,Sans collision,3,2,2,0,2,2,1,0,3,90,,2,1,0,1,0,34.0,,,,1,1,1,1,7
202100038707,2021-05-23 18:35:00,2021,5,23,18,35,73,73098,D913 Route du Revard,45.667802,5.977716,Plein jour,Hors agglomération,Hors intersection,Normale,Deux véhicules - frontale,3,2,2,0,2,3,1,0,1,80,,2,1,0,1,0,72.0,55.0,,,1,1,1,1,1
202100038708,2021-05-19 17:50:00,2021,5,19,17,50,38,38481,D59a,45.5555,5.350492,Plein jour,En agglomération,Intersection en X,Normale,Deux véhicules - frontale,3,2,1,0,1,1,1,0,1,50,,3,1,0,1,1,47.0,22.0,,,1,2,2,1,1
202100038709,2021-05-23 20:00:00,2021,5,23,20,0,26,26084,Route de l’Ancienne Nationale,44.988454,4.879775,Plein jour,Hors agglomération,Intersection en T,Normale,Trois véhicules et plus - collisions multiples,2,2,2,0,1,1,1,0,1,80,,7,0,0,1,6,44.0,59.0,,,1,1,3,1,5
202100038710,2021-05-23 13:00:00,2021,5,23,13,0,69,69139,D7,45.808951,4.472251,Plein jour,Hors agglomération,Hors intersection,Normale,Deux véhicules - frontale,3,2,2,0,1,3,1,0,1,80,,5,4,0,1,0,19.0,52.0,,,1,1,1,1,1
202100038711,2021-05-23 10:30:00,2021,5,23,10,30,69,69163,GRAND VEISSIEUX (DU) (RTE),45.920961,4.755718,Plein jour,Hors agglomération,Intersection en X,Normale,Deux véhicules - arrière,7,2,2,0,1,1,1,0,1,80,,2,1,0,0,1,24.0,52.0,,,1,1,2,1,2
202100038712,2021-05-24 19:15:00,2021,5,24,19,15,81,81050,Pk 19+180 RN 126,43.579956,1.837292,Plein jour,Hors agglomération,Hors intersection,Normale,Deux véhicules - frontale,2,2,2,0,1,1,1,0,1,70,,4,0,0,1,3,27.0,62.0,,,1,1,1,1,1
202100038713,2021-05-23 18:35:00,2021,5,23,18,35,79,79049,Boulevard de Thouars,46.853236,-0.456126,Plein jour,En agglomération,Giratoire,Normale,Deux véhicules - côté,3,2,2,1,1,1,1,5,1,50,,2,1,0,0,1,51.0,17.0,,,1,2,6,1,3
202100038714,2021-05-21 12:00:00,2021,5,21,12,0,33,33264,blaise roche,45.061063,-0.257106,Plein jour,Hors agglomération,Intersection en T,Pluie légère,Deux véhicules - frontale,3,2,2,0,1,2,2,0,1,80,,3,2,0,1,0,47.0,75.0,,,1,1,3,2,1
202100038715,2021-05-23 14:50:00,2021,5,23,14,50,85,85002,La Guitelière,46.65655,-1.85083,Plein jour,Hors agglomération,Hors intersection,Normale,Deux véhicules - côté,5,2,2,0,1,3,1,0,1,-1,,5,4,0,1,0,31.0,40.0,,,1,1,1,1,3
202100038716,2021-05-24 10:00:00,2021,5,24,10,0,50,50041,D37 PR 03.600,49.622047,-1.797246,Plein jour,Hors agglomération,Intersection en Y,Normale,Autre collision,3,2,2,0,1,4,1,0,3,80,,1,0,1,0,0,28.0,,,,1,1,4,1,6
202100038717,2021-05-23 20:00:00,2021,5,23,20,0,59,59416,35 Rue de Saint-venant,50.683908,2.511065,Plein jour,En agglomération,Hors intersection,Normale,Autre collision,3,2,2,0,2,1,1,0,8,50,,3,1,1,0,1,21.0,,,,1,2,1,1,6
202100038718,2021-05-23 18:15:00,2021,5,23,18,15,13,13106,A7-Sens Lyon vers Marseille,43.39478,5.3507,Plein jour,Hors agglomération,Hors intersection,Normale,Deux véhicules - côté,1,1,2,0,1,1,1,0,2,90,,2,1,0,0,1,23.0,26.0,,,1,1,1,1,3
202100038719,2021-05-21 17:40:00,2021,5,21,17,40,13,13005,A50-Sens Marseille vers Aubagne,43.28661,5.53617,Plein jour,Hors agglomération,Hors intersection,Normale,Trois véhicules et plus - en chaîne,1,3,3,0,1,1,1,0,1,90,,3,1,0,0,2,24.0,37.0,,,1,1,1,1,4
202100038720,2021-03-14 15:10:00,2021,3,14,15,10,69,69382,M7,45.73199,4.81663,Plein jour,Hors agglomération,Hors intersection,Normale,Deux véhicules - arrière,7,1,3,0,4,3,1,0,1,70,,3,2,0,0,1,23.0,23.0,,,1,1,1,1,2
202100038721,2021-05-22 11:08:00,2021,5,22,11,8,69,69266,RD383 2.321 A 3.750,45.78582,4.88929,Plein jour,Hors agglomération,Hors intersection,Normale,Deux véhicules - arrière,7,-1,3,0,1,1,1,0,1,70,,2,1,0,0,1,24.0,19.0,,,1,1,1,1,2
202100038722,2021-05-23 15:50:00,2021,5,23,15,50,91,91179,AUTOROUTE A6,48.57303,2.46774,Plein jour,Hors agglomération,Hors intersection,Normale,Sans collision,1,-1,3,0,1,1,1,0,1,110,,1,0,0,0,1,60.0,,,,1,1,1,1,7
202100038723,2021-05-23 12:50:00,2021,5,23,12,50,94,94038,AUTOROUTE A6B,48.77431,2.34625,Plein jour,Hors agglomération,Hors intersection,Normale,Trois véhicules et plus - en chaîne,1,1,4,0,1,1,1,0,1,90,,4,3,0,0,1,61.0,26.0,,,1,1,1,1,4
202100038724,2021-05-22 16:00:00,2021,5,22,16,0,91,91471,RN 118,48.69867,2.19237,Plein jour,Hors agglomération,Hors intersection,Normale,Autre collision,2,3,3,0,2,1,2,0,1,90,,2,1,0,0,1,47.0,,,,1,1,1,1,6
202100038725,2021-05-22 19:50:00,2021,5,22,19,50,91,91161,AUTOROUTE A6,48.6958,2.31743,Plein jour,Hors agglomération,Hors intersection,Normale,Deux véhicules - arrière,1,3,6,0,1,1,1,0,1,110,,2,1,0,0,1,51.0,53.0,,,1,1,1,1,2
202100038726,2021-05-23 08:05:00,2021,5,23,8,5,95,95582,A15,48.96356,2.26456,Plein jour,Hors agglomération,Hors intersection,Normale,Autre collision,1,1,1,0,1,3,1,3,1,50,,1,0,0,0,1,28.0,,,,1,1,1,1,6
202100038727,2021-05-22 18:15:00,2021,5,22,18,15,95,95306,A15,49.00758,2.16116,Plein jour,Hors agglomération,Hors intersection,Temps couvert,Trois véhicules et plus - collisions multiples,1,3,4,0,1,1,1,0,1,110,,3,2,0,0,1,26.0,27.0,,,1,1,1,8,5