accident_id,datetime,annee,mois,jour,heure,minute,departement,commune_insee,adresse,latitude,longitude,luminosite,agglomeration,intersection,meteo,collision,catr,circ,nbv,vosp,prof,plan,surf,infra,situ,vma,nb_vehicules,nb_usagers,nb_indemnes,nb_tues,nb_blesses_hosp,nb_blesses_legers,age_cond_1,age_cond_2,veh_type_cond_1,veh_type_cond_2,lum_code,agg_code,int_code,atm_code,col_code
202100038728,2021-05-23 15:15:00,2021,5,23,15,15,94,94028,RN406.Y,48.783803,2.4404,Plein jour,Hors agglomération,Hors intersection,Normale,Trois véhicules et plus - en chaîne,2,3,2,0,1,1,1,0,1,70,,8,2,0,0,6,28.0,21.0,,,1,1,1,1,4
202100038729,2021-05-23 14:00:00,2021,5,23,14,0,94,94033,A86.EXT,48.8521422803,2.4902740888,Plein jour,Hors agglomération,Hors intersection,Normale,Deux véhicules - arrière,1,3,3,0,1,1,1,0,1,90,,2,1,0,0,1,35.0,32.0,,,1,1,1,1,2
202100038730,2021-05-23 09:55:00,2021,5,23,9,55,77,77258,RN104,48.83066,2.62146,Plein jour,Hors agglomération,Hors intersection,Normale,Sans collision,2,-1,2,0,4,3,1,3,1,50,,2,0,0,0,2,27.0,,,,1,1,1,1,7
202100038731,2021-05-23 03:00:00,2021,5,23,3,0,94,94046,A86 EXT,48.80787,2.44902,Nuit sans éclairage public,Hors agglomération,Hors intersection,Normale,Autre collision,1,3,4,0,1,1,1,0,1,90,,2,1,0,0,1,49.0,,,,3,1,1,1,6
202100038732,2021-05-22 19:15:00,2021,5,22,19,15,77,77249,A104,48.7475407504,2.6138919249,Plein jour,Hors agglomération,Hors intersection,Pluie légère,Autre collision,2,3,3,0,1,1,2,0,1,90,,3,2,0,0,1,52.0,40.0,,,1,1,1,2,6
202100038733,2021-05-22 16:25:00,2021,5,22,16,25,974,97407,MASCAREIGNES(BOULEVARD),-20.93371,55.30761,Plein jour,En agglomération,Autre intersection,Normale,Sans collision,4,-1,0,1,1,1,1,9,8,10,,1,0,0,0,1,16.0,,,,1,2,9,1,7
202100038734,2021-05-22 13:45:00,2021,5,22,13,45,69,69259,FRANCIS DE PRESSENSE                (AV),45.72618,4.86295,Plein jour,En agglomération,Hors intersection,Normale,Sans collision,4,2,2,2,1,1,1,0,1,50,,1,0,0,1,0,29.0,,,,1,2,1,1,7
202100038735,2021-05-08 21:35:00,2021,5,8,21,35,971,97101,BEAUSOLEIL,16.27057,-61.47961,Nuit avec éclairage allumé,Hors agglomération,Hors intersection,Normale,Deux véhicules - frontale,4,2,2,0,2,2,1,0,1,50,,2,0,0,0,2,23.0,31.0,,,5,1,1,1,1
202100038736,2021-05-21 13:50:00,2021,5,21,13,50,971,97101,DE LA BALANCE (CHEMIN),16.2938908503,-61.5013616581,Plein jour,Hors agglomération,Hors intersection,Normale,Trois véhicules et plus - en chaîne,4,2,1,0,1,4,1,2,1,50,,3,2,0,0,1,29.0,66.0,,,1,1,1,1,4
202100038737,2021-05-22 17:20:00,2021,5,22,17,20,2A,2A004,MARECHAL JUIN AVENUE,41.9369547867,8.7507987394,Plein jour,En agglomération,Hors intersection,Normale,Deux véhicules - côté,4,3,1,0,1,1,1,0,1,50,,3,2,0,0,1,16.0,69.0,,,1,2,1,1,3
202100038738,2021-05-21 20:18:00,2021,5,21,20,18,91,91692,CHARLES DE GAULLE(RUE),48.68452,2.16999,Plein jour,Hors agglomération,Hors intersection,Normale,Deux véhicules - côté,4,1,2,0,2,2,2,0,1,50,,3,2,0,0,1,25.0,46.0,,,1,1,1,1,3
202100038739,2021-05-22 14:20:00,2021,5,22,14,20,91,91027,RTE DE FONTAINEBLEAU,48.71313,2.37109,Plein jour,En agglomération,Hors intersection,Temps couvert,Deux véhicules - arrière,3,3,4,0,1,1,2,5,1,50,,3,2,0,0,1,49.0,26.0,,,1,2,1,8,2
202100038740,2021-05-22 12:30:00,2021,5,22,12,30,83,83144,COUPIANE (AVE DE LA),43.13018,5.99128,Plein jour,En agglomération,Giratoire,Normale,Deux véhicules - côté,4,2,2,0,1,2,1,5,1,50,,2,1,0,0,1,24.0,25.0,,,1,2,6,1,3
202100038741,2021-05-21 18:00:00,2021,5,21,18,0,83,83069,ONZE NOVEMBRE ( CARREFOUR DU),43.106191,6.128639,Plein jour,En agglomération,Intersection en T,Normale,Autre collision,7,2,2,0,1,1,1,0,1,50,,2,1,0,0,1,75.0,,,,1,2,3,1,6
202100038742,2021-05-22 22:35:00,2021,5,22,22,35,77,77288,ROND POINT DE L'EUROPE,48.55241,2.64403,Nuit avec éclairage allumé,En agglomération,Giratoire,Normale,Deux véhicules - côté,3,1,2,0,1,2,2,0,3,50,,1,0,0,0,1,28.0,,,,5,2,6,1,3
202100038743,2021-05-23 00:05:00,2021,5,23,0,5,76,76498,11 NOVEMBRE. BOULEVARD DU,49.4231,1.06706,Nuit avec éclairage allumé,En agglomération,Intersection à plus de 4 branches,Normale,Trois véhicules et plus - en chaîne,7,2,4,3,2,2,1,-1,1,50,,4,2,0,0,2,31.0,38.0,,,5,2,5,1,4
202100038744,2021-05-22 14:10:00,2021,5,22,14,10,71,71270,LYON (ROUTE DE),46.28814,4.81073,Plein jour,En agglomération,Hors intersection,Normale,Autre collision,3,2,4,0,1,1,1,0,1,70,,2,0,0,1,1,38.0,65.0,,,1,2,1,1,6
202100038745,2021-05-22 18:15:00,2021,5,22,18,15,69,69266,AUGUSTE BLANQUI (AV),45.76181,4.88473,Plein jour,En agglomération,Intersection en X,Temps éblouissant,Deux véhicules - côté,4,2,2,2,2,1,1,0,1,50,,2,1,0,0,1,29.0,33.0,,,1,2,2,7,3
202100038746,2021-05-22 09:50:00,2021,5,22,9,50,54,54526,TOLSTOI (BOULEVARD),48.6813726711,6.2160398439,Plein jour,En agglomération,Intersection en T,Normale,Deux véhicules - côté,4,2,3,0,1,1,1,0,1,50,,2,1,0,0,1,51.0,35.0,,,1,2,3,1,3
202100038747,2021-05-22 17:20:00,2021,5,22,17,20,51,51454,Rue Adrien Sénéchal,49.222755,4.015324,Plein jour,En agglomération,Hors intersection,Normale,Deux véhicules - frontale,4,2,2,0,2,2,1,0,1,30,,4,2,0,0,2,22.0,86.0,,,1,2,1,1,1
202100038748,2021-05-22 19:00:00,2021,5,22,19,0,51,51454,Rue de Vesle,49.252719,4.026798,Plein jour,En agglomération,Intersection en X,Pluie légère,Deux véhicules - côté,4,2,1,0,1,1,2,-1,1,50,,2,1,0,0,1,28.0,30.0,,,1,2,2,2,3
202100038749,2021-05-22 16:15:00,2021,5,22,16,15,51,51055,Boulevard des Tondeurs,49.281057,4.039706,Crépuscule ou aube,En agglomération,Hors intersection,Pluie légère,Deux véhicules - côté,4,3,4,0,1,1,2,0,1,70,,6,5,0,0,1,24.0,49.0,,,2,2,1,2,3
202100038750,2021-05-21 18:20:00,2021,5,21,18,20,50,50129,LEMONNIER (AVENUE AMIRAL),49.63504,-1.60121,Plein jour,En agglomération,Intersection en X,Normale,Trois véhicules et plus - collisions multiples,3,3,4,0,1,1,1,0,1,70,,4,3,0,0,1,23.0,60.0,,,1,2,2,1,5
202100038751,2021-05-20 16:10:00,2021,5,20,16,10,50,50602,LECLERC (RUE DU GENERAL),49.63953,-1.60344,Plein jour,En agglomération,Hors intersection,Pluie légère,Deux véhicules - arrière,4,2,2,0,1,1,2,0,1,50,,2,1,0,0,1,60.0,68.0,,,1,2,1,2,2
202100038752,2021-05-22 21:08:00,2021,5,22,21,8,42,42187,Rue de Charlieu,46.04875,4.08306,Crépuscule ou aube,En agglomération,Intersection en T,Temps couvert,Deux véhicules - frontale,4,2,2,0,1,1,2,0,1,30,,2,1,0,0,1,41.0,20.0,,,2,2,3,8,1
202100038753,2021-04-14 09:20:00,2021,4,14,9,20,41,41212,NATIONALE (ROUTE),47.572,1.35718,Plein jour,En agglomération,Hors intersection,Normale,Trois véhicules et plus - en chaîne,3,2,2,1,3,1,1,0,1,50,,3,2,0,0,1,49.0,32.0,,,1,2,1,1,4
202100038754,2021-05-22 19:30:00,2021,5,22,19,30,37,37261,GRAMMONT (AVENUE DE),47.3668792316,0.6983184186,Plein jour,En agglomération,Hors intersection,Normale,Deux véhicules - côté,4,2,3,3,1,1,1,0,1,50,,2,1,0,1,0,55.0,24.0,,,1,2,1,1,3
202100038755,2021-05-22 18:55:00,2021,5,22,18,55,35,35051,RD 29,48.154599,-1.595103,Plein jour,Hors agglomération,Giratoire,Pluie légère,Autre collision,7,1,1,1,1,2,2,5,1,50,,1,0,0,0,1,72.0,,,,1,1,6,2,6
202100038756,2021-05-22 16:55:00,2021,5,22,16,55,35,35238,BALZAC (HONORE DE),48.11616,-1.66124,Plein jour,En agglomération,Intersection en T,Normale,Deux véhicules - côté,4,1,1,0,1,1,1,0,1,30,,2,1,0,0,1,27.0,49.0,,,1,2,3,1,3
202100038757,2021-05-22 08:25:00,2021,5,22,8,25,35,35238,Porte de Lorient,48.10764,-1.71739,Plein jour,Hors agglomération,Hors intersection,Normale,Deux véhicules - arrière,2,3,6,0,1,1,1,2,1,90,,2,0,0,0,2,41.0,86.0,,,1,1,1,1,2
202100038758,2021-05-21 15:49:00,2021,5,21,15,49,29,29232,Rue Marx Dormoy,47.99118,-4.0727,Plein jour,En agglomération,Giratoire,Normale,Deux véhicules - côté,4,1,1,0,1,1,1,5,1,50,,2,1,0,0,1,64.0,37.0,,,1,2,6,1,3
202100038759,2021-05-19 19:10:00,2021,5,19,19,10,28,28134,LIEVRE D'OR (RUE DU),48.73498,1.38732,Plein jour,En agglomération,Intersection en T,Normale,Deux véhicules - côté,3,2,2,0,1,1,1,0,1,50,,4,2,0,0,2,46.0,21.0,,,1,2,3,1,3
202100038760,2021-05-21 18:00:00,2021,5,21,18,0,27,27554,D64,49.095859,1.378484,Plein jour,En agglomération,Hors intersection,Pluie légère,Deux véhicules - frontale,3,1,1,0,2,1,2,0,1,50,,2,1,0,1,0,36.0,52.0,,,1,2,1,2,1
202100038761,2021-05-21 12:05:00,2021,5,21,12,5,27,27681,ROND POINT DE L'ESPACE,49.096786,1.4895455,Plein jour,En agglomération,Hors intersection,Normale,Autre collision,3,2,2,0,1,1,1,0,1,50,,2,1,0,0,1,76.0,,,,1,2,1,1,6
202100038762,2021-05-21 12:05:00,2021,5,21,12,5,27,27375,PORTE DE L'EAU (PLACE DE LA),49.21545,1.17216,Plein jour,En agglomération,Giratoire,Normale,Deux véhicules - frontale,4,1,0,0,1,1,1,0,1,50,,3,2,0,0,1,74.0,70.0,,,1,2,6,1,1
202100038763,2021-05-22 11:20:00,2021,5,22,11,20,15,15014,Avenue du Garric,44.901477,2.431217,Plein jour,En agglomération,Hors intersection,Temps couvert,Autre collision,6,-1,0,0,1,1,2,9,8,50,,2,1,0,0,1,56.0,,,,1,2,1,8,6
202100038764,2021-05-14 15:12:00,2021,5,14,15,12,13,13208,CLOT BEY (AVENUE),43.258848,5.384686,Plein jour,En agglomération,Hors intersection,Normale,Deux véhicules - côté,4,2,2,0,1,1,1,0,1,50,,2,1,0,0,1,28.0,70.0,,,1,2,1,1,3
202100038765,2021-05-22 00:25:00,2021,5,22,0,25,13,13208,MENDES FRANCE (AVENUE),43.2601,5.3754,Nuit avec éclairage allumé,En agglomération,Hors intersection,Pluie légère,Sans collision,4,3,5,0,1,1,2,0,1,50,,3,2,1,0,0,18.0,,,,5,2,1,2,7
202100038766,2021-05-21 17:00:00,2021,5,21,17,0,12,12202,Avenue Victor Hugo,44.35111,2.57059,Plein jour,En agglomération,Hors intersection,Normale,Autre collision,4,1,2,0,1,1,1,0,1,50,,2,1,0,1,0,17.0,,,,1,2,1,1,6
202100038767,2021-05-22 17:23:00,2021,5,22,17,23,11,11069,BRAM -ROUTE DE-,43.21878,2.30574,Plein jour,Hors agglomération,Hors intersection,Normale,Deux véhicules - arrière,3,2,2,0,1,1,1,0,1,80,,2,1,0,1,0,22.0,31.0,,,1,1,1,1,2
202100038768,2021-05-22 02:30:00,2021,5,22,2,30,10,10387,CHOMEDEY DE MAISONNEUVE (AVE),48.30851,4.06889,Nuit avec éclairage allumé,En agglomération,Giratoire,Normale,Sans collision,4,1,0,0,1,1,2,5,8,50,,1,0,0,0,1,30.0,,,,5,2,6,1,7
202100038769,2021-05-22 13:35:00,2021,5,22,13,35,09,09225,BOURIETTE AVENUE DE LA,43.11312,1.62954,Plein jour,En agglomération,Hors intersection,Normale,Deux véhicules - côté,4,2,2,0,1,1,1,0,1,50,,2,1,0,0,1,19.0,66.0,,,1,2,1,1,3
202100038770,2021-05-22 21:14:00,2021,5,22,21,14,06,06088,ANGLAIS (DU N° 114 AU N° 263),43.68346,7.2344,Nuit avec éclairage allumé,En agglomération,Hors intersection,Normale,Deux véhicules - arrière,7,1,3,0,1,1,1,0,1,50,,2,0,0,0,2,21.0,57.0,,,5,2,1,1,2
202100038771,2021-05-22 18:00:00,2021,5,22,18,0,75,75119,PORTE DE LA VILLETTE,48.898899,2.39348,Plein jour,En agglomération,Hors intersection,Normale,Deux véhicules - côté,4,1,4,0,1,1,2,0,1,70,,2,1,0,0,1,36.0,33.0,,,1,2,1,1,3
202100038772,2021-05-22 19:48:00,2021,5,22,19,48,75,75113,BOULEVARD DE L HOPITAL,48.838874,2.360999,Plein jour,En agglomération,Intersection en Y,Normale,Deux véhicules - arrière,4,2,5,0,2,1,1,0,1,50,,2,1,0,0,1,27.0,40.0,,,1,2,4,1,2
202100038773,2021-05-22 15:15:00,2021,5,22,15,15,75,75120,BOULEVARD DE CHARONNE,48.852242,2.397794,Plein jour,En agglomération,Hors intersection,Normale,Autre collision,4,2,4,1,1,1,2,0,1,50,,2,0,0,0,2,48.0,,,,1,2,1,1,6
202100038774,2021-05-21 21:50:00,2021,5,21,21,50,75,75120,RUE DES PYRENEES,48.871658,2.392298,Nuit avec éclairage allumé,En agglomération,Intersection en X,Normale,Deux véhicules - côté,4,2,3,3,2,1,1,0,1,50,,3,2,0,0,1,40.0,22.0,,,5,2,2,1,3
202100038775,2021-05-22 20:35:00,2021,5,22,20,35,75,75117,AVENUE DE WAGRAM,48.885291,2.303421,Crépuscule ou aube,En agglomération,Place,Normale,Deux véhicules - côté,4,2,4,0,1,1,2,0,1,50,,4,3,0,0,1,29.0,21.0,,,2,2,7,1,3
202100038776,2021-05-22 02:30:00,2021,5,22,2,30,75,75116,ALLEE DU BORD DE L EAU,48.867093,2.232277,Nuit avec éclairage allumé,En agglomération,Hors intersection,Normale,Autre collision,4,2,2,0,1,3,1,0,1,50,,1,0,0,0,1,26.0,,,,5,2,1,1,6
202100038777,2021-05-22 15:00:00,2021,5,22,15,0,75,75107,AVENUE EMILE DESCHANEL,48.856364,2.300881,Plein jour,En agglomération,Intersection en X,Pluie légère,Deux véhicules - arrière,4,1,1,0,1,1,2,0,1,50,,3,2,0,0,1,33.0,20.0,,,1,2,2,2,2
202100038778,2021-05-22 15:05:00,2021,5,22,15,5,75,75114,BOULEVARD RASPAIL,48.841494,2.329772,Plein jour,En agglomération,Intersection en Y,Pluie légère,Deux véhicules - côté,4,2,4,3,1,1,2,0,1,50,,3,2,0,0,1,26.0,54.0,,,1,2,4,2,3
202100038779,2021-05-22 11:40:00,2021,5,22,11,40,75,75111,RUE FAIDHERBE,48.851182,2.384048,Plein jour,En agglomération,Intersection en Y,Normale,Deux véhicules - côté,4,2,2,0,1,1,1,0,1,30,,2,1,0,0,1,50.0,42.0,,,1,2,4,1,3
202100038780,2021-05-22 04:13:00,2021,5,22,4,13,75,75108,BOULEVARD DES BATIGNOLLES,48.8819852779,2.3205010593,Nuit avec éclairage allumé,En agglomération,Intersection en X,Normale,Deux véhicules - côté,4,1,2,0,1,1,1,0,1,50,,5,2,0,0,3,20.0,34.0,,,5,2,2,1,3
202100038781,2021-05-22 20:35:00,2021,5,22,20,35,75,75103,RUE VIEILLE DU TEMPLE,48.859949,2.360773,Plein jour,En agglomération,Intersection en X,Normale,Deux véhicules - côté,4,1,1,0,1,1,2,0,1,30,,3,2,0,0,1,35.0,27.0,,,1,2,2,1,3
202100038782,2021-05-22 13:20:00,2021,5,22,13,20,75,75101,PLACE VENDOME,48.868317,2.330286,Plein jour,En agglomération,Place,Pluie forte,Sans collision,4,2,2,0,1,1,2,0,1,50,,2,1,0,0,1,33.0,,,,1,2,7,3,7
202100038783,2021-05-22 16:40:00,2021,5,22,16,40,94,94073,ESPAGNE (RPT D),48.75518,2.37494,Plein jour,En agglomération,Hors intersection,Pluie légère,Deux véhicules - côté,4,1,1,0,1,1,2,5,1,50,,2,1,0,0,1,82.0,31.0,,,1,2,1,2,3
202100038784,2021-05-21 22:45:00,2021,5,21,22,45,94,94018,Ile Martinet,48.81921,2.40529,Nuit avec éclairage allumé,En agglomération,Hors intersection,Normale,Deux véhicules - arrière,4,2,2,1,1,1,1,0,5,50,,2,1,0,0,1,29.0,32.0,,,5,2,1,1,2
202100038785,2021-05-22 17:50:00,2021,5,22,17,50,94,94017,MARX DORMOY (AV),48.80626,2.5311,Plein jour,En agglomération,Hors intersection,Pluie légère,Deux véhicules - arrière,3,3,2,0,1,1,2,0,1,50,,4,2,0,0,2,40.0,38.0,,,1,2,1,2,2
202100038786,2021-05-22 11:00:00,2021,5,22,11,0,94,94017,Rue Jean Jaurès,48.815792,2.503808,Plein jour,En agglomération,Hors intersection,Normale,Deux véhicules - côté,3,-1,0,0,1,1,1,0,4,50,,2,1,0,0,1,22.0,29.0,,,1,2,1,1,3
202100038787,2021-05-21 23:30:00,2021,5,21,23,30,94,94018,Quai de Bercy,48.82248,2.39772,Nuit avec éclairage allumé,En agglomération,Autre intersection,Normale,Autre collision,3,1,2,0,1,2,1,0,1,50,,1,0,0,1,0,31.0,,,,5,2,9,1,6
202100038788,2021-05-22 14:15:00,2021,5,22,14,15,93,93072,MARCEL CACHIN (AVENUE) COTE N°16 AU 50,48.95813,2.38229,Plein jour,En agglomération,Intersection en T,Normale,Deux véhicules - frontale,3,3,3,2,1,1,1,9,1,30,,5,4,0,0,1,22.0,26.0,,,1,2,3,1,1
202100038789,2021-05-22 09:10:00,2021,5,22,9,10,93,93032,PAUL VAILLANT COUTURIER (RUE),48.87693,2.54908,Plein jour,En agglomération,Intersection en T,Normale,Deux véhicules - côté,3,3,4,0,1,1,1,0,1,50,,2,1,0,0,1,69.0,42.0,,,1,2,3,1,3
202100038790,2021-05-22 19:00:00,2021,5,22,19,0,93,93031,REPUBLIQUE (AVENUE),48.9515,2.32077,Plein jour,En agglomération,Intersection en T,Normale,Deux véhicules - côté,3,3,4,0,1,1,1,0,1,50,,2,1,0,0,1,24.0,21.0,,,1,2,3,1,3
202100038791,2021-05-22 19:20:00,2021,5,22,19,20,93,93029,Rue Anatole France,48.93164,2.45553,Plein jour,En agglomération,Hors intersection,Pluie légère,Trois véhicules et plus - en chaîne,4,2,2,0,1,1,2,0,1,50,,3,2,0,0,1,21.0,45.0,,,1,2,1,2,4
202100038792,2021-05-22 12:20:00,2021,5,22,12,20,93,93029,Avenue Henri Barbusse / Rue du 8 Mai 1945,48.918502,2.448676,Plein jour,En agglomération,Intersection en T,Normale,Autre collision,3,2,2,0,1,1,1,0,8,50,,2,1,0,0,1,52.0,,,,1,2,3,1,6
202100038793,2021-05-22 15:50:00,2021,5,22,15,50,93,93027,Boulevard Pasteur,48.92065,2.38301,Plein jour,En agglomération,Hors intersection,Normale,Deux véhicules - arrière,3,2,2,0,1,1,2,0,1,50,,2,0,0,0,2,28.0,24.0,,,1,2,1,1,2
202100038794,2021-05-22 14:00:00,2021,5,22,14,0,93,93014,Allée Romain Rolland,48.9045,2.55138,Plein jour,En agglomération,Hors intersection,Pluie légère,Deux véhicules - arrière,4,3,2,1,1,1,2,0,1,50,,4,2,0,0,2,65.0,20.0,,,1,2,1,2,2
202100038795,2021-05-22 19:13:00,2021,5,22,19,13,93,93005,Rue Auguste Renoir,48.95434,2.4927,Plein jour,En agglomération,Hors intersection,Temps couvert,Deux véhicules - frontale,4,2,2,0,1,2,2,0,1,50,,3,1,0,0,2,24.0,19.0,,,1,2,1,8,1
202100038796,2021-05-22 10:20:00,2021,5,22,10,20,93,93005,Rue Waldeck-Rousseau,48.927999,2.482035,Plein jour,En agglomération,Hors intersection,Normale,Deux véhicules - côté,4,1,2,0,1,1,1,0,1,50,,2,1,0,0,1,35.0,29.0,,,1,2,1,1,3
202100038797,2021-05-22 22:10:00,2021,5,22,22,10,92,92040,CAPITAINE FERBER (DU),48.8259416643,2.2660652114,Nuit avec éclairage allumé,En agglomération,Hors intersection,Temps couvert,Autre collision,4,2,2,1,1,1,2,0,1,30,,1,0,0,0,1,21.0,,,,5,2,1,8,6
202100038798,2021-05-22 10:25:00,2021,5,22,10,25,92,92023,CLAUDE TREBIGNAUD (AVENUE) BOIS S102,48.79951,2.25392,Plein jour,En agglomération,Hors intersection,Pluie légère,Sans collision,3,3,4,0,2,3,2,0,1,50,,1,0,1,0,0,57.0,,,,1,2,1,2,7
202100038799,2021-05-20 21:00:00,2021,5,20,21,0,35,35139,L'Ardrais,47.98912,-1.70217,Crépuscule ou aube,Hors agglomération,Hors intersection,Normale,Autre collision,7,2,2,0,2,3,1,0,3,80,,3,1,0,0,2,20.0,,,,2,1,1,1,6
202100038800,2021-05-23 17:00:00,2021,5,23,17,0,54,54117,D53,48.4422196636,6.0666525372,Plein jour,Hors agglomération,Hors intersection,Normale,Sans collision,3,2,2,0,3,1,1,0,1,80,,1,0,0,1,0,31.0,,,,1,1,1,1,7
202100038801,2021-05-18 17:15:00,2021,5,18,17,15,06,06149,"Route de Laghet, Chemin du Vallon",43.749339,7.375259,Plein jour,En agglomération,Intersection en T,Normale,Deux véhicules - côté,7,2,2,0,1,1,1,0,1,30,,2,1,0,0,1,34.0,26.0,,,1,2,3,1,3
202100038802,2021-05-22 12:50:00,2021,5,22,12,50,06,06161,1573 Route Departementale 6007,43.635392,7.133592,Plein jour,En agglomération,Hors intersection,Normale,Deux véhicules - côté,3,2,2,0,1,1,1,0,1,50,,2,1,0,0,1,33.0,31.0,,,1,2,1,1,3
202100038803,2021-05-23 15:40:00,2021,5,23,15,40,974,97422,Chemin Neuf,-21.243416,55.512278,Plein jour,En agglomération,Hors intersection,Normale,Deux véhicules - frontale,3,2,2,0,2,3,1,0,1,50,,2,1,0,1,0,22.0,55.0,,,1,2,1,1,1
202100038804,2021-05-22 10:30:00,2021,5,22,10,30,972,97221,Quartier Fond Masson,14.544134,-60.940658,Plein jour,En agglomération,Intersection en Y,Normale,Deux véhicules - côté,3,2,2,0,2,1,1,0,1,50,,2,1,0,1,0,70.0,34.0,,,1,2,4,1,3
202100038805,2021-05-22 17:50:00,2021,5,22,17,50,34,34076,a75,43.658207,3.444209,Plein jour,Hors agglomération,Hors intersection,Normale,Deux véhicules - côté,1,3,4,0,1,1,1,3,1,130,,3,1,0,2,0,67.0,52.0,,,1,1,1,1,3
202100038806,2021-05-23 13:30:00,2021,5,23,13,30,83,83131,D554,43.228449,6.014119,Plein jour,Hors agglomération,Hors intersection,Normale,Trois véhicules et plus - collisions multiples,3,2,2,0,1,2,1,0,1,70,,6,5,0,1,0,74.0,18.0,,,1,1,1,1,5
202100038807,2021-05-23 16:45:00,2021,5,23,16,45,77,77411,D37,48.8465904589,3.151429296,Plein jour,Hors agglomération,Intersection en X,Normale,Deux véhicules - côté,3,2,2,0,1,1,1,0,1,80,,2,1,1,0,0,47.0,,,,1,1,2,1,3
202100038808,2021-05-23 14:42:00,2021,5,23,14,42,57,57334,RD 45,48.685323,7.182226,Plein jour,Hors agglomération,Hors intersection,Pluie légère,Sans collision,3,2,2,0,1,1,2,0,1,80,,1,0,1,0,0,54.0,,,,1,1,1,2,7
202100038809,2021-05-22 18:55:00,2021,5,22,18,55,57,57516,Place de la Fontaine,49.27512,6.594667,Crépuscule ou aube,En agglomération,Autre intersection,Pluie forte,Sans collision,3,2,2,0,1,1,2,0,1,50,,1,0,0,1,0,51.0,,,,2,2,9,3,7
202100038810,2021-05-22 17:35:00,2021,5,22,17,35,62,62524,D204 ROUTE DE DESVRES,50.654003,1.810995,Plein jour,En agglomération,Hors intersection,Pluie légère,Sans collision,3,2,2,0,1,1,2,0,1,50,,1,0,0,1,0,37.0,,,,1,2,1,2,7
202100038811,2021-05-23 10:25:00,2021,5,23,10,25,51,51571,D8,49.1911485098,4.196418487,Plein jour,Hors agglomération,Hors intersection,Normale,Deux véhicules - arrière,3,2,1,0,1,1,1,0,1,80,,2,1,0,1,0,73.0,85.0,,,1,1,1,1,2
202100038812,2021-05-23 12:20:00,2021,5,23,12,20,59,59138,D142,50.133715,3.324201,Plein jour,Hors agglomération,Hors intersection,Normale,Autre collision,3,2,2,0,2,1,1,0,1,80,,1,0,0,1,0,54.0,,,,1,1,1,1,6
202100038813,2021-05-22 23:54:00,2021,5,22,23,54,59,59485,D113,50.168467,3.443935,Nuit sans éclairage public,Hors agglomération,Hors intersection,Pluie légère,Autre collision,3,2,2,0,1,1,2,0,3,80,,4,0,1,1,2,21.0,,,,3,1,1,2,6
202100038814,2021-05-23 16:00:00,2021,5,23,16,0,80,80713,13 rue du bout d'Amont,50.282406,1.596997,Plein jour,En agglomération,Hors intersection,Pluie légère,Sans collision,4,2,2,1,1,1,2,0,5,-1,,1,0,1,0,0,73.0,,,,1,2,1,2,7
202100038815,2021-05-23 13:15:00,2021,5,23,13,15,12,12219,D988,44.456318,2.903207,Plein jour,Hors agglomération,Hors intersection,Normale,Deux véhicules - frontale,3,2,2,0,2,3,1,0,1,80,,2,1,0,1,0,60.0,56.0,,,1,1,1,1,1
202100038816,2021-05-22 15:45:00,2021,5,22,15,45,46,46268,D653,44.467892,1.544856,Plein jour,Hors agglomération,Hors intersection,Normale,Autre collision,3,2,2,0,1,3,1,0,3,80,,1,0,0,1,0,54.0,,,,1,1,1,1,6
202100038817,2021-05-22 18:40:00,2021,5,22,18,40,47,47252,pomarede,44.409796,0.610943,Plein jour,Hors agglomération,Hors intersection,Normale,Autre collision,4,2,2,0,1,1,1,0,8,80,,2,1,0,1,0,19.0,,,,1,1,1,1,6
202100038818,2021-05-22 18:00:00,2021,5,22,18,0,29,29215,Rue du Stade,47.989626,-4.427028,Plein jour,En agglomération,Hors intersection,Normale,Autre collision,4,1,2,0,1,1,1,0,1,50,,2,0,0,1,1,18.0,,,,1,2,1,1,6
202100038819,2021-05-23 16:05:00,2021,5,23,16,5,38,38073,Col d'Ornon (Col de montagne),45.011631,5.968087,Plein jour,Hors agglomération,Hors intersection,Normale,Sans collision,3,2,2,0,1,1,1,0,1,80,,1,0,0,0,1,37.0,,,,1,1,1,1,7
202100038820,2021-05-22 14:55:00,2021,5,22,14,55,03,03294,Rue de la Croix Saint Marc,46.205628,3.192746,Plein jour,En agglomération,Hors intersection,Pluie forte,Autre collision,4,2,2,0,2,3,2,0,1,50,,1,0,0,0,1,17.0,,,,1,2,1,3,6
202100038821,2021-05-22 19:30:00,2021,5,22,19,30,03,03127,Fayolle du haut,46.501553,2.68737,Plein jour,Hors agglomération,Hors intersection,Normale,Autre collision,3,2,2,0,2,2,2,0,3,90,,1,0,0,0,1,40.0,,,,1,1,1,1,6
202100038822,2021-05-22 15:15:00,2021,5,22,15,15,15,15192,RN122 - Les chazes,45.069884,2.718998,Plein jour,Hors agglomération,Hors intersection,Pluie légère,Autre collision,2,2,3,0,1,2,2,0,1,80,,1,0,0,1,0,20.0,,,,1,1,1,2,6
202100038823,2021-05-23 19:25:00,2021,5,23,19,25,01,01196,Chemin du Moulin Neuf,46.393081,5.111931,Plein jour,Hors agglomération,Hors intersection,Normale,Autre collision,4,2,2,0,1,1,1,2,3,80,,3,0,0,1,2,48.0,,,,1,1,1,1,6