accident_id,datetime,annee,mois,jour,heure,minute,departement,commune_insee,adresse,latitude,longitude,luminosite,agglomeration,intersection,meteo,collision,catr,circ,nbv,vosp,prof,plan,surf,infra,situ,vma,nb_vehicules,nb_usagers,nb_indemnes,nb_tues,nb_blesses_hosp,nb_blesses_legers,age_cond_1,age_cond_2,veh_type_cond_1,veh_type_cond_2,lum_code,agg_code,int_code,atm_code,col_code
202100038824,2021-04-19 13:30:00,2021,4,19,13,30,26,26124,Route d' Etoile ,44.849936,4.893572,Plein jour,Hors agglomération,Autre intersection,Normale,Sans collision,3,2,2,0,1,3,1,0,1,80,,1,0,0,1,0,48.0,,,,1,1,9,1,7
202100038825,2021-05-23 13:15:00,2021,5,23,13,15,06,06079,Rue Capitaine de Corvette Marche,43.518859,6.939722,Plein jour,Hors agglomération,Hors intersection,Normale,Deux véhicules - côté,3,2,1,0,2,2,1,0,1,50,,2,1,0,1,0,53.0,35.0,,,1,1,1,1,3
202100038826,2021-05-23 16:45:00,2021,5,23,16,45,50,50112,La Baronnerie,48.752401,-1.227486,Plein jour,Hors agglomération,Hors intersection,Normale,Autre collision,9,-1,1,0,2,3,6,0,8,-1,,3,2,0,0,1,29.0,,,,1,1,1,1,6
202100038827,2021-05-22 22:11:00,2021,5,22,22,11,64,64513,D933,43.435688,-0.929171,Nuit sans éclairage public,Hors agglomération,Hors intersection,Normale,Sans collision,3,2,2,0,1,1,1,0,3,80,,1,0,0,1,0,50.0,,,,3,1,1,1,7
202100038828,2021-05-23 17:15:00,2021,5,23,17,15,04,04055,RN 85,43.98027,6.305219,Plein jour,Hors agglomération,Hors intersection,Normale,Autre collision,2,2,2,0,1,3,1,0,1,80,,2,0,0,2,0,64.0,,,,1,1,1,1,6
202100038829,2021-05-22 03:50:00,2021,5,22,3,50,17,17459,D939 LE PETIT CABARET,45.92435,-0.45903,Nuit sans éclairage public,Hors agglomération,Hors intersection,Normale,Autre collision,3,2,2,0,1,1,2,0,1,80,,2,1,0,1,0,75.0,,,,3,1,1,1,6
202100038830,2021-05-23 14:45:00,2021,5,23,14,45,37,37038,rd16,47.2785850366,0.3253608193,Plein jour,Hors agglomération,Hors intersection,Normale,Deux véhicules - frontale,3,2,2,0,1,1,1,0,1,90,,4,2,0,2,0,26.0,54.0,,,1,1,1,1,1
202100038831,2021-05-23 10:00:00,2021,5,23,10,0,37,37041,route du plessis,47.6278811168,0.5492552518,Plein jour,Hors agglomération,Hors intersection,Normale,Autre collision,4,2,1,0,2,4,1,0,3,30,,2,1,1,0,0,66.0,66.0,,,1,1,1,1,6
202100038832,2021-05-21 18:55:00,2021,5,21,18,55,30,30123,A9,43.724445,4.163225,Plein jour,Hors agglomération,Giratoire,Normale,Sans collision,1,3,4,0,1,3,1,5,1,90,,1,0,0,0,1,44.0,,,,1,1,6,1,7
202100038833,2021-05-23 10:25:00,2021,5,23,10,25,30,30164,carrefour D969/D167,44.2217,4.3205,Plein jour,Hors agglomération,Intersection en T,Normale,Deux véhicules - côté,3,2,2,0,1,1,1,5,1,80,,2,1,0,1,0,44.0,53.0,,,1,1,3,1,3
202100038834,2021-04-24 14:30:00,2021,4,24,14,30,88,88357,Rue de Charmes,48.326205,6.130403,Plein jour,En agglomération,Hors intersection,Normale,Deux véhicules - frontale,3,2,2,0,1,1,1,0,1,50,,2,1,0,0,1,55.0,26.0,,,1,2,1,1,1
202100038835,2021-05-22 09:07:00,2021,5,22,9,7,88,88289,Avenue de la Gare,48.107861,5.825206,Plein jour,En agglomération,Hors intersection,Normale,Autre collision,3,3,2,0,1,1,1,9,8,50,,1,0,0,1,0,33.0,,,,1,2,1,1,6
202100038836,2021-05-23 11:10:00,2021,5,23,11,10,978,97801,R QUARTIER D'ORLEANS,18.061476,-63.042104,Plein jour,En agglomération,Hors intersection,Normale,Deux véhicules - côté,2,2,2,0,1,1,1,0,1,50,,2,1,0,1,0,38.0,46.0,,,1,2,1,1,3
202100038837,2021-05-22 16:30:00,2021,5,22,16,30,74,74010,Che de la Bruyere,45.862408,6.076148,Plein jour,Hors agglomération,Hors intersection,Normale,Sans collision,4,2,2,0,2,3,1,0,1,80,,2,0,0,0,2,32.0,,,,1,1,1,1,7
202100038838,2021-05-22 20:45:00,2021,5,22,20,45,67,67108,A352,48.520527,7.588463,Crépuscule ou aube,Hors agglomération,Intersection en Y,Normale,Autre collision,1,3,4,0,1,1,1,3,3,110,,2,1,0,1,0,26.0,,,,2,1,4,1,6
202100038839,2021-05-22 11:45:00,2021,5,22,11,45,06,06085,667 Avenue Saint Martin,43.609165,6.981713,Plein jour,En agglomération,Hors intersection,Normale,Deux véhicules - frontale,4,3,2,0,1,1,1,0,1,50,,2,1,0,1,0,23.0,40.0,,,1,2,1,1,1
202100038840,2021-05-22 22:37:00,2021,5,22,22,37,95,95371,11 Rue Jean Jaurés,49.090158,2.51905,Nuit avec éclairage allumé,En agglomération,Hors intersection,Normale,Autre collision,4,2,2,0,1,3,1,0,1,30,,1,0,0,1,0,28.0,,,,5,2,1,1,6
202100038841,2021-05-22 19:30:00,2021,5,22,19,30,988,98802,RT1 BOULOUPARIS,-21.840089,165.905979,Nuit sans éclairage public,Hors agglomération,Hors intersection,Normale,Sans collision,2,2,2,0,2,1,1,0,1,110,,3,1,0,2,0,29.0,,,,3,1,1,1,7
202100038842,2021-05-23 06:00:00,2021,5,23,6,0,973,97311,Route de Mana,5.496985,-53.971581,Nuit sans éclairage public,Hors agglomération,Hors intersection,Normale,Sans collision,3,2,2,0,1,2,2,0,3,50,,2,0,1,0,1,29.0,,,,3,1,1,1,7
202100038843,2021-05-23 00:10:00,2021,5,23,0,10,971,97111,Allée du Coeur,16.32121,-61.774642,Nuit avec éclairage allumé,Hors agglomération,Hors intersection,Normale,Deux véhicules - frontale,3,2,2,0,2,2,1,0,1,70,,2,1,0,1,0,27.0,39.0,,,5,1,1,1,1
202100038844,2021-05-23 11:45:00,2021,5,23,11,45,13,13033,D9,43.372518,5.185115,Plein jour,Hors agglomération,Intersection en T,Normale,Deux véhicules - frontale,1,2,-1,-1,1,1,1,3,1,80,,8,1,0,0,7,48.0,35.0,,,1,1,3,1,1
202100038845,2021-05-22 22:45:00,2021,5,22,22,45,77,77440,D603,48.946963,3.092362,Nuit sans éclairage public,Hors agglomération,Hors intersection,Normale,Sans collision,3,2,2,0,1,1,1,0,8,80,,5,2,0,0,3,21.0,,,,3,1,1,1,7
202100038846,2021-05-21 11:29:00,2021,5,21,11,29,11,11433,D620,43.300306,2.464542,Plein jour,Hors agglomération,Intersection en T,Normale,Deux véhicules - frontale,3,2,2,0,4,1,1,0,1,70,,5,1,0,1,3,61.0,49.0,,,1,1,3,1,1
202100038847,2021-05-12 14:55:00,2021,5,12,14,55,13,13053,Pont Royal,43.712627,5.189785,Plein jour,En agglomération,Hors intersection,Temps éblouissant,Deux véhicules - côté,7,2,2,0,1,1,1,0,1,50,,2,1,0,1,0,38.0,32.0,,,1,2,1,7,3
202100038848,2021-05-22 20:20:00,2021,5,22,20,20,13,13027,D571,43.882098,4.849973,Plein jour,En agglomération,Place,Normale,Deux véhicules - côté,3,2,2,0,1,1,1,5,1,50,,2,1,0,1,0,19.0,16.0,,,1,2,7,1,3
202100038849,2021-05-22 18:15:00,2021,5,22,18,15,57,57206,7 Rue de Seremange,49.309106,6.10084,Plein jour,En agglomération,Intersection en T,Temps couvert,Autre collision,3,2,2,0,2,1,2,0,4,50,,2,1,0,1,0,14.0,,,,1,2,3,8,6
202100038850,2021-05-20 12:10:00,2021,5,20,12,10,03,03187,Route des Piquins,46.341516,3.448521,Plein jour,Hors agglomération,Hors intersection,Normale,Sans collision,3,2,2,0,1,3,1,0,8,80,,1,0,0,1,0,85.0,,,,1,1,1,1,7
202100038851,2021-05-23 18:30:00,2021,5,23,18,30,74,74185,Rte des 3 Lacs,46.158343,6.201031,Plein jour,Hors agglomération,Hors intersection,Normale,Sans collision,3,2,2,0,2,1,1,0,3,80,,1,0,0,1,0,17.0,,,,1,1,1,1,7
202100038852,2021-05-23 15:10:00,2021,5,23,15,10,38,38335,D538,45.373629,5.026546,Plein jour,Hors agglomération,Intersection en T,Normale,Deux véhicules - côté,3,2,2,0,1,1,1,0,1,80,,2,1,0,1,0,17.0,83.0,,,1,1,3,1,3
202100038853,2021-05-23 14:30:00,2021,5,23,14,30,01,01185,Lieu dit Golet du Thioux  - RD 21,45.965574,5.570691,Plein jour,Hors agglomération,Hors intersection,Normale,Deux véhicules - frontale,3,2,2,0,4,3,1,0,1,80,,3,1,0,1,1,19.0,44.0,,,1,1,1,1,1
202100038854,2021-05-23 14:55:00,2021,5,23,14,55,69,69192,D44,46.0319644148,4.5537583949,Plein jour,Hors agglomération,Intersection en Y,Normale,Autre collision,3,2,2,0,1,1,1,0,3,70,,2,1,1,0,0,65.0,,,,1,1,4,1,6
202100038855,2021-05-23 11:30:00,2021,5,23,11,30,81,81140,En Ginest Petit,43.673354,1.808479,Plein jour,Hors agglomération,Hors intersection,Normale,Sans collision,3,2,2,0,1,2,1,0,3,80,,1,0,0,0,1,28.0,,,,1,1,1,1,7
202100038856,2021-05-21 09:10:00,2021,5,21,9,10,86,86095,D15,46.702874,0.435413,Plein jour,En agglomération,Intersection en T,Normale,Deux véhicules - côté,3,2,2,0,2,1,1,0,1,50,,2,1,0,1,0,29.0,39.0,,,1,2,3,1,3
202100038857,2021-05-21 19:15:00,2021,5,21,19,15,62,62487,Rue du stade,50.840704,1.772221,Plein jour,En agglomération,Hors intersection,Vent fort / tempête,Deux véhicules - frontale,4,2,2,0,1,1,1,0,1,50,,2,1,0,1,0,17.0,84.0,,,1,2,1,6,1
202100038858,2021-05-22 18:05:00,2021,5,22,18,5,59,59400,18 Rue du Pont de Pierre,50.641202,2.637267,Plein jour,En agglomération,Hors intersection,Normale,Autre collision,3,2,2,0,1,1,1,0,1,50,,2,1,0,1,0,18.0,,,,1,2,1,1,6
202100038859,2021-05-22 15:15:00,2021,5,22,15,15,13,13071,A7-Sens Marseille vers Lyon,43.4085212051,5.2871918678,Plein jour,Hors agglomération,Hors intersection,Normale,Deux véhicules - arrière,1,1,3,0,1,1,1,0,1,110,,2,1,0,0,1,33.0,22.0,,,1,1,1,1,2
202100038860,2021-05-22 01:10:00,2021,5,22,1,10,13,13015,A515CD-Gardanne vers A51-Marseille,43.43054,5.39077,Nuit sans éclairage public,Hors agglomération,Hors intersection,Pluie légère,Sans collision,1,1,2,0,3,2,2,0,1,90,,2,0,0,1,1,31.0,,,,3,1,1,2,7
202100038861,2021-05-21 21:49:00,2021,5,21,21,49,13,13005,A50 - Sens Aubagne vers Marseille,43.2864217,5.5674290657,Nuit sans éclairage public,Hors agglomération,Hors intersection,Normale,Deux véhicules - arrière,1,1,2,0,2,1,1,0,1,110,,4,2,0,0,2,21.0,32.0,,,3,1,1,1,2
202100038862,2021-05-21 10:00:00,2021,5,21,10,0,13,13055,A507 sens Aubagne- Marseille,43.3562362888,5.3632667201,Plein jour,Hors agglomération,Hors intersection,Normale,Deux véhicules - arrière,1,3,2,0,1,1,1,9,1,70,,3,0,0,1,2,73.0,27.0,,,1,1,1,1,2
202100038863,2021-05-22 12:15:00,2021,5,22,12,15,33,33192,,44.789574,-0.615564,Plein jour,Hors agglomération,Hors intersection,Pluie forte,Deux véhicules - arrière,1,3,9,0,1,1,2,0,1,90,,2,1,0,0,1,54.0,23.0,,,1,1,1,3,2
202100038864,2021-05-22 11:15:00,2021,5,22,11,15,33,33013,,44.866349,-0.478344,Plein jour,Hors agglomération,Hors intersection,Pluie légère,Trois véhicules et plus - en chaîne,2,3,4,0,2,3,2,0,1,90,,4,3,0,0,1,46.0,85.0,,,1,1,1,2,4
202100038865,2021-05-22 15:10:00,2021,5,22,15,10,91,91174,RN 104,48.6106,2.44574,Plein jour,Hors agglomération,Hors intersection,Normale,Trois véhicules et plus - en chaîne,2,3,6,0,1,1,1,0,1,70,,5,3,0,0,2,25.0,27.0,,,1,1,1,1,4
202100038866,2021-05-21 21:45:00,2021,5,21,21,45,92,92036,AUTOROUTE A86,48.9344980471,2.3202310587,Crépuscule ou aube,Hors agglomération,Hors intersection,Normale,Deux véhicules - arrière,1,3,7,0,2,1,1,0,1,770,,2,1,0,0,1,22.0,26.0,,,2,1,1,1,2
202100038867,2021-05-22 15:45:00,2021,5,22,15,45,77,77249,RN104,48.7388952522,2.6128903609,Plein jour,Hors agglomération,Hors intersection,Pluie légère,Autre collision,2,3,2,0,1,1,2,0,1,90,,3,2,0,0,1,42.0,34.0,,,1,1,1,2,6
202100038868,2021-05-21 09:30:00,2021,5,21,9,30,94,94018,A4,48.82437,2.39419,Plein jour,Hors agglomération,Hors intersection,Normale,Deux véhicules - arrière,1,3,5,0,1,1,1,0,1,90,,2,1,0,0,1,28.0,54.0,,,1,1,1,1,2
202100038869,2021-05-17 15:33:00,2021,5,17,15,33,68,68066,INGERSHEIM (ROUTE D'),48.08516,7.34414,Plein jour,En agglomération,Autre intersection,Pluie légère,Autre collision,6,-1,-1,0,1,1,2,0,1,50,,4,1,0,0,3,86.0,,,,1,2,9,2,6
202100038870,2021-05-09 00:10:00,2021,5,9,0,10,93,93008,VAILLANT (AVENUE EDOUARD),48.9094047449,2.4675995334,Nuit avec éclairage allumé,En agglomération,Autre intersection,Normale,Deux véhicules - côté,3,1,2,3,1,1,1,0,1,50,,5,3,0,0,2,22.0,18.0,,,5,2,9,1,3
202100038871,2021-05-21 16:40:00,2021,5,21,16,40,92,92025,CHARLES DE GAULLE (BD),48.9143852923,2.229000681,Plein jour,En agglomération,Hors intersection,Pluie légère,Autre collision,3,2,2,0,1,1,2,0,1,50,,2,1,0,0,1,22.0,,,,1,2,1,2,6
202100038872,2021-02-27 20:20:00,2021,2,27,20,20,91,91027,RUE GEORGES FOURNIER,48.70501,2.36933,Nuit avec éclairage allumé,En agglomération,Hors intersection,Normale,Autre collision,4,2,2,0,1,1,1,0,1,50,,1,0,0,0,1,32.0,,,,5,2,1,1,6
202100038873,2021-02-09 17:15:00,2021,2,9,17,15,85,85191, ROND-POINT DUCHESNE-DE-DENANT,46.64779,-1.43702,Crépuscule ou aube,En agglomération,Hors intersection,Pluie légère,Autre collision,6,-1,0,0,1,1,2,0,1,30,,2,1,0,1,0,43.0,,,,2,2,1,2,6
202100038874,2021-01-13 18:25:00,2021,1,13,18,25,41,41018,ARMAND (RUE LOUIS ),47.59788,1.30396,Nuit sans éclairage public,En agglomération,Hors intersection,Normale,Autre collision,3,2,2,0,1,1,1,0,1,50,,2,1,0,1,0,42.0,,,,3,2,1,1,6
202100038875,2021-05-21 22:25:00,2021,5,21,22,25,974,97407,VERDUN (BOULEVARD),-20.94215,55.29252,Nuit avec éclairage allumé,En agglomération,Hors intersection,Normale,Deux véhicules - arrière,4,2,2,0,1,1,1,0,3,50,,2,1,0,1,0,50.0,,,,5,2,1,1,2
202100038876,2021-05-20 08:50:00,2021,5,20,8,50,974,97407,ROND POINT BUTTE CITRONNELLE,-20.93169,55.29684,Plein jour,En agglomération,Hors intersection,Normale,Deux véhicules - côté,4,1,2,1,1,3,1,0,1,50,,2,1,0,0,1,58.0,19.0,,,1,2,1,1,3
202100038877,2021-05-21 15:10:00,2021,5,21,15,10,973,97302,BADUEL (ROUTE DE),4.93878,-52.3176,Plein jour,En agglomération,Hors intersection,Normale,Deux véhicules - côté,3,2,1,0,1,1,1,0,1,50,,3,1,0,0,2,20.0,50.0,,,1,2,1,1,3
202100038878,2021-05-21 10:00:00,2021,5,21,10,0,69,69199,CARNOT (R),45.70801,4.85981,Plein jour,En agglomération,Intersection en T,Normale,Deux véhicules - côté,4,2,2,0,1,1,1,0,1,30,,2,1,0,0,1,19.0,60.0,,,1,2,3,1,3
202100038879,2021-05-21 08:20:00,2021,5,21,8,20,69,69199,DIDEROT  (AV),45.70507,4.85286,Plein jour,En agglomération,Hors intersection,Normale,Autre collision,4,2,2,0,1,1,1,0,1,50,,2,1,0,0,1,28.0,,,,1,2,1,1,6
202100038880,2021-05-21 15:36:00,2021,5,21,15,36,972,97213,ROUTE DEPARTEMENTALE 3,14.59806,-60.99724,Plein jour,Hors agglomération,Hors intersection,Normale,Deux véhicules - côté,4,1,2,0,1,1,1,0,1,50,,2,1,0,0,1,25.0,51.0,,,1,1,1,1,3
202100038881,2021-05-20 15:45:00,2021,5,20,15,45,972,97213,ROUTE DEPARTEMENTALE 3,14.5995452657,-60.9971380236,Plein jour,Hors agglomération,Hors intersection,Normale,Autre collision,3,2,2,0,2,3,1,0,1,50,,1,0,0,0,1,29.0,,,,1,1,1,1,6
202100038882,2021-05-21 22:15:00,2021,5,21,22,15,69,69034,PAUL BOCUSE (PT),45.8127236339,4.8472414488,Nuit avec éclairage allumé,En agglomération,Hors intersection,Pluie légère,Sans collision,4,2,2,0,2,1,2,2,1,50,,1,0,0,1,0,27.0,,,,5,2,1,2,7
202100038883,2021-05-21 19:30:00,2021,5,21,19,30,69,69385,QUARANTAINE (DE LA) (R),45.7530721537,4.8223512585,Plein jour,En agglomération,Hors intersection,Pluie forte,Sans collision,4,1,1,0,1,1,2,0,1,50,,1,0,0,0,1,67.0,,,,1,2,1,3,7
202100038884,2021-05-21 19:02:00,2021,5,21,19,2,69,69385,ST BARTHELEMY                       (MO),45.7618,4.824,Plein jour,En agglomération,Hors intersection,Pluie forte,Sans collision,4,1,1,0,3,1,2,0,1,50,,1,0,0,0,1,31.0,,,,1,2,1,3,7
202100038885,2021-05-20 11:43:00,2021,5,20,11,43,2B,2B033,ROUTE ROYALE,42.6778584704,9.4328825859,Plein jour,En agglomération,Autre intersection,Normale,Autre collision,3,2,1,0,2,1,1,9,8,50,,2,1,0,0,1,32.0,,,,1,2,9,1,6
202100038886,2021-04-22 08:39:00,2021,4,22,8,39,971,97120,GERTY ARCHIMEDE (RESIDENCE),16.24816,-61.53763,Plein jour,En agglomération,Autre intersection,Normale,Deux véhicules - arrière,3,3,2,0,1,3,1,9,1,50,,3,2,0,0,1,57.0,31.0,,,1,2,9,1,2
202100038887,2021-05-22 00:30:00,2021,5,22,0,30,91,91103,RUE COLLENOT,48.60743,2.31193,Nuit avec éclairage allumé,En agglomération,Hors intersection,Normale,Sans collision,4,1,1,0,1,3,1,0,3,20,,1,0,0,0,1,22.0,,,,5,2,1,1,7
202100038888,2021-05-21 22:15:00,2021,5,21,22,15,91,91549,REGIMENT NORMANDIE-NIEMEN (AVENUE DU),48.63772,2.32856,Nuit avec éclairage allumé,En agglomération,Hors intersection,Normale,Deux véhicules - côté,3,2,1,0,1,1,1,0,1,50,,2,1,0,0,1,29.0,42.0,,,5,2,1,1,3
202100038889,2021-05-21 19:17:00,2021,5,21,19,17,91,91691,PIERRE BROSSOLETTE(RUE),48.7004,2.48014,Plein jour,En agglomération,Autre intersection,Normale,Deux véhicules - côté,3,2,2,0,1,1,1,9,1,50,,2,1,0,0,1,39.0,25.0,,,1,2,9,1,3
202100038890,2021-05-21 10:05:00,2021,5,21,10,5,91,91687,GENERAL DE GAULLE (AVENUE DU),48.68002,2.38062,Plein jour,En agglomération,Hors intersection,Temps couvert,Autre collision,3,2,4,0,1,1,1,1,1,50,,2,1,0,0,1,34.0,,,,1,2,1,8,6
202100038891,2021-05-20 16:50:00,2021,5,20,16,50,88,88160,POISSOMPRE (FG DE),48.18261,6.47218,Plein jour,En agglomération,Intersection en X,Normale,Deux véhicules - frontale,3,2,2,0,1,1,1,0,1,50,,3,2,1,0,0,62.0,90.0,,,1,2,2,1,1
202100038892,2021-05-21 09:01:00,2021,5,21,9,1,87,87114,CROIX DE LA LIEUE (LA) - LIEU DIT,45.84408,1.33834,Plein jour,Hors agglomération,Hors intersection,Pluie légère,Deux véhicules - arrière,3,2,2,0,1,1,2,0,1,70,,2,1,0,1,0,50.0,21.0,,,1,1,1,2,2
202100038893,2021-05-20 16:55:00,2021,5,20,16,55,87,87085,REVOLUTION (AVENUE DE LA),45.82327,1.2607,Plein jour,En agglomération,Hors intersection,Normale,Trois véhicules et plus - en chaîne,4,2,2,0,2,1,1,0,1,50,,4,2,0,0,2,81.0,21.0,,,1,2,1,1,4
202100038894,2021-05-19 10:55:00,2021,5,19,10,55,87,87085,FEYTIAT (RUE DE),45.82331,1.28071,Plein jour,En agglomération,Hors intersection,Normale,Autre collision,4,2,2,0,1,1,1,0,1,50,,2,1,0,0,1,52.0,,,,1,2,1,1,6
202100038895,2021-05-21 22:15:00,2021,5,21,22,15,83,83069,DECUGIS (AVENUE ALFRED),43.11552,6.15305,Nuit sans éclairage public,En agglomération,Hors intersection,Normale,Sans collision,4,2,2,0,1,1,1,0,3,50,,2,1,0,0,1,24.0,,,,3,2,1,1,7
202100038896,2021-05-21 16:25:00,2021,5,21,16,25,83,83069,ALMANARRE (ROUTE DE L'),43.09654,6.13158,Plein jour,En agglomération,Hors intersection,Normale,Deux véhicules - frontale,7,2,2,0,1,1,1,0,1,50,,2,1,0,0,1,57.0,37.0,,,1,2,1,1,1
202100038897,2021-05-21 13:00:00,2021,5,21,13,0,81,81065,RN 112 (ROCADE SUD),43.5687946,2.2637221,Plein jour,Hors agglomération,Hors intersection,Normale,Trois véhicules et plus - collisions multiples,2,2,2,0,1,1,1,0,1,90,,3,0,0,2,1,57.0,31.0,,,1,1,1,1,5
202100038898,2021-05-19 21:20:00,2021,5,19,21,20,80,80021,FONTAINE BERTRICOURT (RUE DE LA ),49.92218,2.26988,Crépuscule ou aube,En agglomération,Hors intersection,Normale,Sans collision,4,2,2,0,1,2,1,0,1,50,,1,0,0,0,1,28.0,,,,2,2,1,1,7
202100038899,2021-05-20 20:00:00,2021,5,20,20,0,78,78015,RD 55,48.991821,2.058406,Plein jour,Hors agglomération,Intersection en T,Normale,Deux véhicules - côté,3,1,1,0,2,1,1,0,1,70,,2,1,0,0,1,63.0,41.0,,,1,1,3,1,3
202100038900,2021-05-21 03:30:00,2021,5,21,3,30,76,76351,JENNER (PLACE),49.508324,0.136171,Nuit avec éclairage allumé,En agglomération,Hors intersection,Normale,Autre collision,4,1,2,0,2,2,1,1,1,50,,1,0,0,0,1,35.0,,,,5,2,1,1,6
202100038901,2021-04-11 12:30:00,2021,4,11,12,30,70,70550,COURTOIS (RUE GUSTAVE),47.626641,6.139058,Plein jour,Hors agglomération,Intersection en X,Normale,Deux véhicules - côté,4,2,2,1,4,3,1,5,5,50,,2,1,0,1,0,46.0,55.0,,,1,1,2,1,3
202100038902,2021-05-20 13:00:00,2021,5,20,13,0,69,69290,HEYRIEUX (D') (RTE),45.6809889976,4.9596619606,Plein jour,En agglomération,Giratoire,Normale,Deux véhicules - côté,1,-1,5,0,1,1,1,0,1,50,,2,1,0,0,1,29.0,,,,1,2,6,1,3
202100038903,2021-05-11 08:40:00,2021,5,11,8,40,68,68066,LIBERTE (AVENUE DE LA),48.074745,7.344303,Plein jour,En agglomération,Giratoire,Temps couvert,Autre collision,3,1,2,0,1,1,2,5,1,50,,2,1,0,0,1,66.0,,,,1,2,6,8,6
202100038904,2021-05-20 12:00:00,2021,5,20,12,0,67,67482,COLMAR (AVENUE DE),48.55277,7.74415,Plein jour,En agglomération,Passage à niveau,Temps couvert,Deux véhicules - côté,4,3,6,1,1,1,1,4,5,50,,2,1,0,0,1,64.0,54.0,,,1,2,8,8,3
202100038905,2021-05-21 11:50:00,2021,5,21,11,50,64,64545,RD810,43.36093,-1.69977,Plein jour,En agglomération,Hors intersection,Pluie légère,Deux véhicules - arrière,3,2,3,0,1,1,2,0,1,50,,2,1,0,0,1,65.0,62.0,,,1,2,1,2,2
202100038906,2021-05-21 16:15:00,2021,5,21,16,15,64,64102,DUVERGIER DE HAURANNE (AVENUE),43.48231,-1.46563,Plein jour,En agglomération,Hors intersection,Temps couvert,Deux véhicules - frontale,4,2,2,0,2,2,2,0,1,50,,2,1,0,0,1,79.0,41.0,,,1,2,1,8,1
202100038907,2021-05-20 16:00:00,2021,5,20,16,0,64,64024,BAYONNE (AVENUE DE),43.48289,-1.5039,Plein jour,En agglomération,Hors intersection,Normale,Sans collision,3,2,4,3,1,1,1,0,1,50,,1,0,0,0,1,16.0,,,,1,2,1,1,7
202100038908,2021-05-20 18:38:00,2021,5,20,18,38,63,63113,FONTGIEVE (RUE),45.78115,3.07513,Plein jour,En agglomération,Hors intersection,Normale,Deux véhicules - côté,4,2,2,0,1,1,1,0,1,50,,2,1,0,0,1,23.0,24.0,,,1,2,1,1,3
202100038909,2021-05-20 15:25:00,2021,5,20,15,25,63,63113,REPUBLIQUE (AVENUE DE LA),45.78756,3.10575,Plein jour,En agglomération,Intersection en X,Normale,Deux véhicules - côté,4,3,2,2,1,1,1,-1,1,50,,3,1,0,0,2,19.0,77.0,,,1,2,2,1,3
202100038910,2021-05-18 22:20:00,2021,5,18,22,20,59,59284,CD 40,50.417631,3.407234,Nuit sans éclairage public,Hors agglomération,Intersection en X,Normale,Deux véhicules - côté,3,3,2,0,1,1,1,5,1,50,,2,0,0,1,1,24.0,21.0,,,3,1,2,1,3
202100038911,2021-05-21 21:00:00,2021,5,21,21,0,59,59279,PERI (RUE GABRIEL),50.784239,3.130443,Crépuscule ou aube,En agglomération,Intersection en X,Normale,Deux véhicules - côté,4,2,2,0,1,1,1,0,1,50,,3,1,0,0,2,60.0,,,,2,2,2,1,3
202100038912,2021-05-21 10:50:00,2021,5,21,10,50,59,59599,LILLE (RUE DE),50.722883,3.149203,Plein jour,En agglomération,Hors intersection,Pluie légère,Autre collision,4,2,2,0,1,1,2,0,1,50,,2,1,0,0,1,72.0,,,,1,2,1,2,6
202100038913,2021-05-21 09:00:00,2021,5,21,9,0,59,59599,WATTINE (RUE CHARLES),50.714824,3.157388,Plein jour,En agglomération,Hors intersection,Pluie légère,Autre collision,4,2,2,1,1,1,2,0,1,50,,3,1,0,0,2,46.0,,,,1,2,1,2,6
202100038914,2021-05-21 07:45:00,2021,5,21,7,45,59,59599,FAGOT (RUE DU  MOULIN),50.724963,3.167194,Plein jour,En agglomération,Autre intersection,Pluie légère,Deux véhicules - côté,4,2,2,1,1,1,2,0,1,50,,2,1,0,0,1,57.0,42.0,,,1,2,9,2,3
202100038915,2021-05-20 22:28:00,2021,5,20,22,28,57,57019,USINE (RUE DE L'),49.26227,6.12546,Nuit sans éclairage public,En agglomération,Hors intersection,Normale,Autre collision,3,2,2,0,1,3,1,0,3,70,,1,0,0,1,0,38.0,,,,3,2,1,1,6
202100038916,2021-05-21 14:15:00,2021,5,21,14,15,49,49267,RD 116,47.48718,-0.47312,Plein jour,En agglomération,Hors intersection,Normale,Sans collision,3,-1,2,0,1,1,1,0,1,80,,1,0,0,0,1,56.0,,,,1,2,1,1,7
202100038917,2021-05-20 19:05:00,2021,5,20,19,5,47,47323,PECH DE DURAND,44.44,0.699,Plein jour,Hors agglomération,Hors intersection,Normale,Autre collision,4,2,1,0,1,2,1,0,3,80,,1,0,0,1,0,32.0,,,,1,1,1,1,6
202100038918,2021-05-19 13:00:00,2021,5,19,13,0,47,47323,JUILLET (BOULEVARD DU 14),44.4092991878,0.7023951709,Plein jour,En agglomération,Intersection en X,Normale,Deux véhicules - côté,4,1,1,0,2,1,1,0,1,50,,2,1,0,1,0,74.0,56.0,,,1,2,2,1,3
202100038919,2021-05-16 15:00:00,2021,5,16,15,0,44,44055,LAJARRIGE ( AVENUE LOUIS ),47.28826,-2.38848,Plein jour,En agglomération,Hors intersection,Normale,Deux véhicules - côté,4,2,2,0,2,1,1,0,1,50,,2,1,0,0,1,16.0,46.0,,,1,2,1,1,3
202100038920,2021-05-20 22:10:00,2021,5,20,22,10,37,37261,EUROPE (AVENUE DE L'),47.4233027692,0.6893700564,Nuit avec éclairage allumé,En agglomération,Intersection en T,Normale,Deux véhicules - côté,4,2,2,0,1,1,1,0,1,50,,2,0,0,1,1,29.0,21.0,,,5,2,3,1,3