accident_id,datetime,annee,mois,jour,heure,minute,departement,commune_insee,adresse,latitude,longitude,luminosite,agglomeration,intersection,meteo,collision,catr,circ,nbv,vosp,prof,plan,surf,infra,situ,vma,nb_vehicules,nb_usagers,nb_indemnes,nb_tues,nb_blesses_hosp,nb_blesses_legers,age_cond_1,age_cond_2,veh_type_cond_1,veh_type_cond_2,lum_code,agg_code,int_code,atm_code,col_code
202100038921,2021-05-17 13:29:00,2021,5,17,13,29,36,36044,39 Rue d’Auvergne,46.80293,1.6816,Plein jour,En agglomération,Hors intersection,Normale,Autre collision,4,2,2,0,1,1,1,0,4,50,,1,0,0,1,0,15.0,,,,1,2,1,1,6
202100038922,2021-05-18 12:10:00,2021,5,18,12,10,35,35238,LIBERTE (BD DE LA),48.10792,-1.68214,Plein jour,En agglomération,Intersection en X,Normale,Autre collision,4,2,2,2,1,1,1,5,1,50,,2,1,0,0,1,18.0,,,,1,2,2,1,6
202100038923,2021-05-21 08:20:00,2021,5,21,8,20,35,35278,RN136,48.14131,-1.67918,Plein jour,Hors agglomération,Hors intersection,Normale,Deux véhicules - arrière,2,3,4,0,1,1,1,0,1,90,,2,0,0,0,2,32.0,34.0,,,1,1,1,1,2
202100038924,2021-05-21 06:00:00,2021,5,21,6,0,33,33003,Avenue des Guerlandes -Rd 113,44.92446,-0.52994,Nuit sans éclairage public,En agglomération,Giratoire,Normale,Deux véhicules - côté,4,2,2,0,1,2,1,0,1,50,,2,1,0,1,0,54.0,45.0,,,3,2,6,1,3
202100038925,2021-05-20 08:20:00,2021,5,20,8,20,33,33075,Avenue du Médoc,44.87963,-0.62681,Plein jour,En agglomération,Intersection en X,Normale,Deux véhicules - côté,1,1,1,0,1,1,1,3,1,50,,2,0,0,0,2,19.0,67.0,,,1,2,2,1,3
202100038926,2021-05-21 15:10:00,2021,5,21,15,10,31,31555,AV DES ETATS UNIS,43.65876,1.41918,Plein jour,En agglomération,Autre intersection,Normale,Deux véhicules - côté,7,2,4,0,1,1,1,0,1,50,,2,1,0,1,0,41.0,26.0,,,1,2,9,1,3
202100038927,2021-05-17 19:30:00,2021,5,17,19,30,30,30189,CANAUX (CHEMIN),43.78052,4.34889,Plein jour,En agglomération,Autre intersection,Normale,Deux véhicules - frontale,3,2,0,0,1,1,1,0,1,50,,2,1,0,1,0,44.0,21.0,,,1,2,9,1,1
202100038928,2021-05-11 09:30:00,2021,5,11,9,30,29,29232,Route de Douarnenez,48.0001,-4.11236,Plein jour,En agglomération,Intersection en X,Normale,Deux véhicules - côté,4,2,3,0,2,3,1,0,1,50,,3,1,0,0,2,33.0,65.0,,,1,2,2,1,3
202100038929,2021-05-18 13:15:00,2021,5,18,13,15,27,27375,PACY (ROUTE DE),49.20342,1.18548,Plein jour,En agglomération,Intersection en X,Normale,Deux véhicules - côté,3,2,2,0,1,1,1,0,1,30,,2,1,0,0,1,37.0,31.0,,,1,2,2,1,3
202100038930,2021-05-20 16:00:00,2021,5,20,16,0,18,18033,MALLET (RUE LOUIS),47.0818,2.3677,Plein jour,En agglomération,Hors intersection,Normale,Deux véhicules - arrière,4,2,2,1,1,1,1,0,1,50,,2,1,0,1,0,31.0,24.0,,,1,2,1,1,2
202100038931,2021-05-21 06:00:00,2021,5,21,6,0,17,17415,SAINTONGE A10 A ROCADE OUEST AVENUE DE,45.74041,-0.66232,Nuit avec éclairage allumé,En agglomération,Giratoire,Normale,Deux véhicules - arrière,4,2,2,0,1,3,1,9,1,50,,2,1,0,0,1,33.0,39.0,,,5,2,6,1,2
202100038932,2021-05-20 10:06:00,2021,5,20,10,6,17,17306,REPUBLIQUE (DE LA) (BD),45.62485,-1.02703,Plein jour,En agglomération,Hors intersection,Normale,Deux véhicules - arrière,4,1,1,0,1,1,1,0,8,30,,2,1,0,0,1,18.0,68.0,,,1,2,1,1,2
202100038933,2021-05-20 16:25:00,2021,5,20,16,25,14,14220,D677,49.35264,0.09033,Plein jour,En agglomération,Autre intersection,Normale,Deux véhicules - côté,3,1,2,0,1,1,1,0,1,50,,2,0,0,0,2,71.0,33.0,,,1,2,9,1,3
202100038934,2021-05-21 16:50:00,2021,5,21,16,50,14,14271,D562A,49.16443,-0.36586,Plein jour,En agglomération,Hors intersection,Normale,Deux véhicules - frontale,3,2,2,0,1,1,1,0,1,50,,2,1,0,0,1,43.0,73.0,,,1,2,1,1,1
202100038935,2021-05-20 16:40:00,2021,5,20,16,40,14,14137,Rue de l’Avenir,49.18937,-0.43353,Plein jour,En agglomération,Hors intersection,Normale,Autre collision,4,2,2,0,1,3,1,0,4,50,,2,0,0,0,2,31.0,,,,1,2,1,1,6
202100038936,2021-04-29 17:10:00,2021,4,29,17,10,13,13108,GAMBETTA (BOULEVARD),43.80567,4.66228,Plein jour,En agglomération,Hors intersection,Normale,Deux véhicules - côté,3,2,2,0,1,1,1,0,1,30,,2,1,0,1,0,22.0,,,,1,2,1,1,3
202100038937,2021-05-21 20:40:00,2021,5,21,20,40,13,13002,HENRI TASSO (BOULEVARD),43.3385,5.47674,Crépuscule ou aube,En agglomération,Hors intersection,Temps couvert,Sans collision,7,1,1,0,1,1,1,0,4,30,,3,2,1,0,0,,43.0,,,2,2,1,8,7
202100038938,2021-05-21 16:45:00,2021,5,21,16,45,13,13209,MICHELET (BOULEVARD),43.261569,5.397501,Plein jour,En agglomération,Hors intersection,Normale,Deux véhicules - côté,7,2,6,0,1,1,1,0,1,50,,2,0,0,0,2,18.0,34.0,,,1,2,1,1,3
202100038939,2021-05-21 03:18:00,2021,5,21,3,18,13,13209,MARÉCHAL DE LATTRE (AVENUE),43.24798,5.40631,Nuit avec éclairage allumé,En agglomération,Hors intersection,Normale,Sans collision,7,2,2,0,1,1,1,0,1,50,,1,0,0,0,1,53.0,,,,5,2,1,1,7
202100038940,2021-05-21 00:05:00,2021,5,21,0,5,13,13205,DOCTEUR SIM. SEDAN (RUE),43.29489,5.39805,Nuit avec éclairage allumé,En agglomération,Intersection en T,Normale,Trois véhicules et plus - en chaîne,4,2,0,0,1,1,1,0,1,50,,5,4,0,0,1,24.0,49.0,,,5,2,3,1,4
202100038941,2021-05-21 09:45:00,2021,5,21,9,45,13,13028,FRANCE (BOULEVARD ANATOLE),43.17513,5.61038,Plein jour,En agglomération,Autre intersection,Normale,Autre collision,4,2,2,0,1,1,1,0,1,50,,2,1,0,1,0,59.0,,,,1,2,9,1,6
202100038942,2021-05-21 07:00:00,2021,5,21,7,0,13,13005,RN 8,43.2871956464,5.5836391932,Crépuscule ou aube,En agglomération,Hors intersection,Normale,Autre collision,4,2,2,0,1,1,1,0,1,50,,2,1,0,1,0,55.0,,,,2,2,1,1,6
202100038943,2021-05-21 17:43:00,2021,5,21,17,43,10,10362,ROCADE OUEST (RD 610),48.2907,4.03584,Plein jour,En agglomération,Hors intersection,Normale,Deux véhicules - arrière,3,3,4,0,1,1,1,0,1,50,,4,1,0,0,3,39.0,27.0,,,1,2,1,1,2
202100038944,2021-05-19 19:00:00,2021,5,19,19,0,10,10357,AIRE DES MOISSONS,48.2928,4.1317,Plein jour,En agglomération,Hors intersection,Pluie légère,Autre collision,4,-1,2,0,1,1,2,0,1,50,,1,0,0,0,1,34.0,,,,1,2,1,2,6
202100038945,2021-05-20 10:00:00,2021,5,20,10,0,10,10387,ANATOLE FRANCE (RUE),48.27985,4.06939,Plein jour,En agglomération,Autre intersection,Normale,Autre collision,4,2,2,0,1,1,1,9,4,50,,1,0,0,0,1,72.0,,,,1,2,9,1,6
202100038946,2021-05-19 11:13:00,2021,5,19,11,13,10,10387,EDOUARD HERRIOT (RUE),48.277024,4.076495,Plein jour,En agglomération,Intersection en X,Normale,Autre collision,4,2,2,0,1,1,1,0,1,50,,1,0,0,0,1,30.0,,,,1,2,2,1,6
202100038947,2021-05-21 01:30:00,2021,5,21,1,30,06,06069,GRAND CHENE (CHEMIN DU),43.63781,6.92818,Nuit avec éclairage allumé,En agglomération,Hors intersection,Normale,Sans collision,4,2,2,0,2,3,1,0,1,50,,1,0,0,0,1,25.0,,,,5,2,1,1,7
202100038948,2021-05-21 12:55:00,2021,5,21,12,55,06,06123,DELATTRE DE TASSIGNY BD DU MAL,43.662992,7.189616,Plein jour,En agglomération,Hors intersection,Normale,Autre collision,4,-1,2,0,2,1,1,0,1,50,,2,1,0,1,0,59.0,,,,1,2,1,1,6
202100038949,2021-05-21 13:30:00,2021,5,21,13,30,06,06027,GAUDE AVENUE DE LA,43.68103,7.1497,Plein jour,En agglomération,Hors intersection,Normale,Sans collision,7,2,2,0,2,2,1,0,3,50,,1,0,0,0,1,57.0,,,,1,2,1,1,7
202100038950,2021-05-20 19:40:00,2021,5,20,19,40,06,06027,ROSERAIE AVENUE DE LA,43.65894,7.13774,Crépuscule ou aube,En agglomération,Hors intersection,Normale,Autre collision,7,1,2,0,1,3,1,0,1,50,,2,1,0,0,1,36.0,,,,2,2,1,1,6
202100038951,2021-05-20 17:07:00,2021,5,20,17,7,06,06027,Promenade de la Plage,43.65664,7.17807,Plein jour,En agglomération,Hors intersection,Normale,Deux véhicules - arrière,7,1,3,0,1,1,1,0,1,50,,2,1,0,0,1,56.0,42.0,,,1,2,1,1,2
202100038952,2021-05-21 16:15:00,2021,5,21,16,15,01,01053,KENNEDY BVD J  - IMPAIR DE EUROPE A DIME,46.2065,5.24022,Plein jour,En agglomération,Intersection en X,Pluie forte,Autre collision,3,2,4,0,1,1,2,0,1,50,,2,1,0,1,0,33.0,,,,1,2,2,3,6
202100038953,2021-05-21 12:00:00,2021,5,21,12,0,75,75112,PORTE DE CHARENTON,48.830276,2.402037,Plein jour,En agglomération,Hors intersection,Normale,Deux véhicules - arrière,4,1,4,0,1,1,1,0,1,70,,2,1,0,0,1,46.0,38.0,,,1,2,1,1,2
202100038954,2021-05-21 08:45:00,2021,5,21,8,45,75,75113,PORTE D IVRY,48.822313,2.380376,Plein jour,En agglomération,Hors intersection,Normale,Sans collision,4,1,4,0,1,1,1,0,1,70,,1,0,0,0,1,27.0,,,,1,2,1,1,7
202100038955,2021-05-21 21:15:00,2021,5,21,21,15,75,75105,RUE DES FOSSES SAINT BERNARD,48.848656,2.355101,Nuit avec éclairage non allumé,En agglomération,Hors intersection,Normale,Deux véhicules - côté,4,2,2,0,1,1,1,0,4,30,,3,1,0,0,2,22.0,23.0,,,4,2,1,1,3
202100038956,2021-05-20 20:35:00,2021,5,20,20,35,75,75105,BOULEVARD SAINT MARCEL,48.839109,2.359191,Plein jour,En agglomération,Intersection en T,Normale,Autre collision,4,2,2,0,1,1,1,0,1,30,,2,1,0,0,1,33.0,,,,1,2,3,1,6
202100038957,2021-05-20 13:10:00,2021,5,20,13,10,75,75106,QUAI DES GRANDS AUGUSTINS,48.853922,2.344122,Plein jour,En agglomération,Intersection en X,Normale,Autre collision,4,1,2,0,1,1,1,0,1,50,,2,1,0,0,1,48.0,,,,1,2,2,1,6
202100038958,2021-05-20 13:05:00,2021,5,20,13,5,75,75119,BOULEVARD MACDONALD,48.898846,2.378115,Plein jour,En agglomération,Intersection en T,Temps couvert,Deux véhicules - côté,4,2,4,1,1,1,2,0,5,50,,2,1,0,0,1,50.0,27.0,,,1,2,3,8,3
202100038959,2021-05-20 13:10:00,2021,5,20,13,10,75,75119,RUE DU DOCTEUR POTAIN,48.878249,2.397925,Plein jour,En agglomération,Intersection en X,Normale,Deux véhicules - côté,4,1,1,0,2,1,2,0,1,50,,2,1,0,0,1,38.0,24.0,,,1,2,2,1,3
202100038960,2021-05-21 14:20:00,2021,5,21,14,20,75,75117,BOULEVARD DE COURCELLES,48.88086,2.312553,Plein jour,En agglomération,Intersection en X,Normale,Autre collision,4,2,2,0,1,1,1,0,1,50,,2,1,0,0,1,38.0,,,,1,2,2,1,6
202100038961,2021-05-21 14:50:00,2021,5,21,14,50,75,75116,RUE DUFRENOY,48.866547,2.272309,Plein jour,En agglomération,Intersection en T,Normale,Deux véhicules - arrière,4,2,2,0,1,1,1,0,1,50,,2,1,0,0,1,57.0,,,,1,2,3,1,2
202100038962,2021-05-20 12:30:00,2021,5,20,12,30,75,75116,AVENUE MARCEAU,48.867448,2.299236,Plein jour,En agglomération,Intersection en X,Normale,Trois véhicules et plus - collisions multiples,4,2,5,0,1,1,1,0,1,50,,3,2,0,0,1,28.0,32.0,,,1,2,2,1,5
202100038963,2021-05-21 17:40:00,2021,5,21,17,40,75,75115,RUE DURANTON,48.840794,2.285034,Plein jour,En agglomération,Hors intersection,Temps couvert,Autre collision,4,1,1,0,1,1,1,0,1,50,,2,1,0,0,1,32.0,,,,1,2,1,8,6
202100038964,2021-05-21 15:00:00,2021,5,21,15,0,75,75115,RUE DE SEVRES,48.846082,2.314242,Plein jour,En agglomération,Intersection en T,Normale,Deux véhicules - côté,4,2,2,0,1,1,1,0,1,50,,2,1,0,0,1,23.0,,,,1,2,3,1,3
202100038965,2021-05-21 10:29:00,2021,5,21,10,29,75,75113,QUAI PANHARD ET LEVASSOR,48.831882,2.380189,Plein jour,En agglomération,Hors intersection,Normale,Deux véhicules - arrière,4,2,4,0,1,1,1,0,1,50,,2,1,0,0,1,53.0,42.0,,,1,2,1,1,2
202100038966,2021-05-21 16:20:00,2021,5,21,16,20,75,75112,ROUTE ROYALE DE BEAUTE,48.834189,2.442796,Plein jour,En agglomération,Hors intersection,Normale,Sans collision,4,-1,0,1,1,1,1,0,5,50,,1,0,0,0,1,61.0,,,,1,2,1,1,7
202100038967,2021-05-21 17:55:00,2021,5,21,17,55,75,75111,RUE DE CANDIE,48.851527,2.378783,Plein jour,En agglomération,Intersection en X,Normale,Deux véhicules - côté,4,1,1,0,1,1,1,0,1,30,,2,1,0,0,1,35.0,36.0,,,1,2,2,1,3
202100038968,2021-05-21 10:35:00,2021,5,21,10,35,75,75111,BOULEVARD DE MENILMONTANT,48.862398,2.387533,Plein jour,En agglomération,Hors intersection,Normale,Autre collision,4,-1,1,0,1,1,1,0,1,30,,3,2,0,0,1,23.0,,,,1,2,1,1,6
202100038969,2021-05-21 15:10:00,2021,5,21,15,10,75,75110,RUE LA FAYETTE,48.878049,2.352258,Plein jour,En agglomération,Hors intersection,Normale,Autre collision,4,1,3,0,2,1,1,0,1,50,,2,1,0,0,1,22.0,,,,1,2,1,1,6
202100038970,2021-05-21 15:18:00,2021,5,21,15,18,75,75109,RUE DROUOT,48.873269,2.340551,Plein jour,En agglomération,Intersection en T,Normale,Deux véhicules - côté,4,1,1,0,1,1,1,0,1,50,,2,1,0,0,1,25.0,,,,1,2,3,1,3
202100038971,2021-05-21 12:59:00,2021,5,21,12,59,75,75108,RUE DE COURCELLES,48.877343,2.306715,Plein jour,En agglomération,Intersection en Y,Normale,Deux véhicules - côté,4,2,2,0,1,1,1,0,1,50,,2,1,0,0,1,30.0,33.0,,,1,2,4,1,3
202100038972,2021-05-21 20:20:00,2021,5,21,20,20,75,75102,RUE VIVIENNE,48.867303,2.334603,Plein jour,En agglomération,Intersection en X,Normale,Deux véhicules - côté,4,1,2,0,1,1,1,0,1,30,,2,1,0,0,1,60.0,34.0,,,1,2,2,1,3
202100038973,2021-05-21 19:30:00,2021,5,21,19,30,75,75104,QUAI HENRI IV,48.847367,2.364763,Plein jour,En agglomération,Hors intersection,Normale,Sans collision,4,-1,1,0,1,1,1,1,1,50,,1,0,0,0,1,31.0,,,,1,2,1,1,7
202100038974,2021-05-21 15:40:00,2021,5,21,15,40,94,94068,Boulevard du Général Giraud,48.79752,2.47518,Plein jour,En agglomération,Hors intersection,Normale,Autre collision,4,2,2,0,1,1,1,0,1,30,,2,1,0,0,1,29.0,,,,1,2,1,1,6
202100038975,2021-05-21 13:17:00,2021,5,21,13,17,94,94041,Avenue Georges Gosnat,48.81345,2.38859,Plein jour,En agglomération,Autre intersection,Normale,Deux véhicules - arrière,3,2,3,3,1,1,1,0,1,50,,2,1,0,0,1,47.0,42.0,,,1,2,9,1,2
202100038976,2021-05-21 17:20:00,2021,5,21,17,20,94,94028,LAFERRIERE(AVENUE),48.8,2.45,Plein jour,En agglomération,Hors intersection,Normale,Autre collision,4,2,2,0,1,1,1,0,1,50,,3,2,0,0,1,20.0,,,,1,2,1,1,6
202100038977,2021-05-21 16:23:00,2021,5,21,16,23,94,94011,Avenue Rhin et Danube,48.77275,2.49052,Plein jour,En agglomération,Autre intersection,Normale,Deux véhicules - côté,3,1,4,0,1,3,1,5,1,50,,2,1,0,0,1,34.0,18.0,,,1,2,9,1,3
202100038978,2021-05-21 13:35:00,2021,5,21,13,35,94,94028,GOUNOD.(RUE CHARLES),48.78387,2.44789,Plein jour,En agglomération,Hors intersection,Normale,Deux véhicules - côté,3,2,2,0,1,2,1,0,1,50,,2,1,0,0,1,49.0,37.0,,,1,2,1,1,3
202100038979,2021-05-20 22:55:00,2021,5,20,22,55,94,94041,Rue Ernest Renan,48.805,2.40013,Nuit avec éclairage allumé,En agglomération,Hors intersection,Normale,Autre collision,4,-1,2,0,1,2,1,0,1,50,,1,0,0,0,1,14.0,,,,5,2,1,1,6
202100038980,2021-05-21 18:40:00,2021,5,21,18,40,94,94044,Avenue du Général Leclerc,48.7462759557,2.510740757,Plein jour,En agglomération,Hors intersection,Temps couvert,Autre collision,2,2,2,0,4,2,1,6,1,50,,2,1,0,0,1,21.0,,,,1,2,1,8,6
202100038981,2021-05-21 12:40:00,2021,5,21,12,40,94,94004,Avenue du Général Leclerc,48.7473795714,2.5097966194,Plein jour,En agglomération,Hors intersection,Normale,Deux véhicules - arrière,2,1,1,0,1,1,1,3,1,50,,2,0,0,0,2,66.0,33.0,,,1,2,1,1,2
202100038982,2021-05-21 12:00:00,2021,5,21,12,0,94,94071,SABLIERE (AV DE LA),48.76683,2.50644,Plein jour,En agglomération,Intersection en T,Normale,Deux véhicules - côté,4,-1,2,0,1,1,1,0,1,50,,2,1,0,0,1,37.0,33.0,,,1,2,3,1,3
202100038983,2021-05-21 20:00:00,2021,5,21,20,0,93,93078,Avenue Charles de Gaulle / Avenue des Fauvettes,48.95552,2.55282,Plein jour,En agglomération,Intersection en X,Normale,Deux véhicules - côté,4,2,2,0,1,1,1,0,1,50,,2,1,0,0,1,21.0,62.0,,,1,2,2,1,3
202100038984,2021-05-21 08:00:00,2021,5,21,8,0,93,93070,VICTOR-HUGO (BD),48.90425,2.32175,Plein jour,En agglomération,Hors intersection,Normale,Deux véhicules - frontale,3,2,2,0,1,1,1,0,1,50,,2,1,0,0,1,22.0,22.0,,,1,2,1,1,1
202100038985,2021-05-21 19:15:00,2021,5,21,19,15,93,93039,Boulevard Marcel Paul,48.919659,2.327335,Plein jour,En agglomération,Autre intersection,Normale,Deux véhicules - côté,3,2,2,0,1,1,1,0,1,50,,2,1,0,0,1,25.0,28.0,,,1,2,9,1,3
202100038986,2021-05-21 19:13:00,2021,5,21,19,13,93,93066,Rue Ambroise Croizat,48.932409,2.348846,Plein jour,En agglomération,Hors intersection,Normale,Deux véhicules - côté,3,2,2,0,1,1,1,0,1,50,,2,1,0,0,1,58.0,23.0,,,1,2,1,1,3
202100038987,2021-05-21 17:35:00,2021,5,21,17,35,93,93062,Boulevard de l’Est,48.8964448138,2.5269874335,Plein jour,En agglomération,Hors intersection,Pluie légère,Deux véhicules - arrière,4,2,2,0,1,1,1,0,1,50,,2,0,0,0,2,59.0,63.0,,,1,2,1,2,2
202100038988,2021-05-21 09:40:00,2021,5,21,9,40,93,93048,Boulevard Théophile Sueur,48.86458,2.46797,Plein jour,En agglomération,Hors intersection,Normale,Autre collision,3,2,2,0,1,1,1,8,1,30,,2,1,0,0,1,30.0,,,,1,2,1,1,6
202100038989,2021-05-21 18:40:00,2021,5,21,18,40,93,93046,Boulevard Jean Moulin,48.911455,2.513161,Plein jour,En agglomération,Hors intersection,Normale,Trois véhicules et plus - collisions multiples,4,2,2,0,1,1,1,0,1,50,,3,2,0,0,1,,49.0,,,1,2,1,1,5
202100038990,2021-05-21 16:45:00,2021,5,21,16,45,93,93046,AGUESSEAU ALLEE D',48.92394,2.52927,Plein jour,En agglomération,Hors intersection,Pluie légère,Autre collision,4,1,1,0,1,1,2,0,1,50,,1,0,0,0,1,59.0,,,,1,2,1,2,6
202100038991,2021-05-20 08:45:00,2021,5,20,8,45,93,93063,BRANLY BD EDOUARD,48.87322,2.44013,Plein jour,En agglomération,Intersection en X,Temps couvert,Deux véhicules - frontale,3,2,2,0,1,1,1,0,1,50,,2,1,0,0,1,21.0,,,,1,2,2,8,1
202100038992,2021-05-21 10:40:00,2021,5,21,10,40,93,93032,Rue Aristide Briand,48.878915,2.533252,Plein jour,En agglomération,Hors intersection,Normale,Deux véhicules - côté,3,2,2,0,1,3,1,0,1,50,,3,2,0,0,1,71.0,67.0,,,1,2,1,1,3
202100038993,2021-05-21 14:45:00,2021,5,21,14,45,93,93057,CHANZY ( AV.),48.910456,2.519658,Plein jour,En agglomération,Hors intersection,Normale,Deux véhicules - frontale,4,1,1,0,1,1,1,0,1,30,,3,2,0,0,1,74.0,,,,1,2,1,1,1
202100038994,2021-05-21 21:00:00,2021,5,21,21,0,92,92046,Paul vaillant couturier,48.81705,2.29191,Nuit avec éclairage allumé,En agglomération,Intersection en T,Normale,Sans collision,4,1,1,1,1,1,1,0,5,50,,2,1,0,0,1,50.0,20.0,,,5,2,3,1,7
202100038995,2021-05-21 08:35:00,2021,5,21,8,35,92,92073,FUSILLES DE LA RESISTANCE 1940-1945 (ROU,48.8787202496,2.2174036503,Plein jour,En agglomération,Hors intersection,Normale,Deux véhicules - côté,3,2,2,0,2,1,1,0,1,50,,2,1,0,0,1,48.0,29.0,,,1,2,1,1,3
202100038996,2021-05-21 12:00:00,2021,5,21,12,0,92,92051,JACQUES DULUD (RUE),48.8804524586,2.2701365501,Plein jour,En agglomération,Hors intersection,Normale,Autre collision,4,1,1,0,1,1,1,0,1,50,,2,1,0,0,1,37.0,,,,1,2,1,1,6
202100038997,2021-05-20 09:55:00,2021,5,20,9,55,92,92020,PARIS AVENUE DE N° IMPAIRS,48.8058459462,2.2915613651,Plein jour,En agglomération,Hors intersection,Temps couvert,Autre collision,3,3,2,0,1,1,1,0,1,50,,2,1,0,0,1,41.0,,,,1,2,1,8,6
202100038998,2021-05-21 19:05:00,2021,5,21,19,5,92,92044,VILLIERS(RUE DE)  54A86,48.8914858044,2.2782978415,Plein jour,En agglomération,Hors intersection,Normale,Deux véhicules - arrière,4,2,1,0,1,1,1,0,1,50,,2,1,0,0,1,24.0,30.0,,,1,2,1,1,2
202100038999,2021-05-21 19:37:00,2021,5,21,19,37,92,92040,VERDUN (AVENUE DE) DU 152 AU 226,48.8188294152,2.2436839342,Crépuscule ou aube,En agglomération,Intersection en Y,Pluie légère,Sans collision,3,2,2,0,1,1,2,0,1,30,,1,0,0,0,1,18.0,,,,2,2,4,2,7
202100039000,2021-05-21 18:50:00,2021,5,21,18,50,92,92035,National ( boulevard ),48.9068423437,2.2387942672,Plein jour,En agglomération,Place,Pluie légère,Deux véhicules - côté,3,2,2,0,1,1,2,9,1,50,,2,1,0,0,1,29.0,70.0,,,1,2,7,2,3
202100039001,2021-05-21 20:35:00,2021,5,21,20,35,92,92012,REINE (ROUTE DE LA) 82/FIN - 107TER/FIN,48.8401432716,2.2354093194,Plein jour,En agglomération,Hors intersection,Normale,Deux véhicules - côté,3,-1,4,1,1,1,1,0,5,50,,2,1,0,0,1,56.0,18.0,,,1,2,1,1,3
202100039002,2021-05-21 08:20:00,2021,5,21,8,20,92,92012,PARIS (RUE DE) 1/97 - 2/114,48.841153934,2.2401796281,Plein jour,En agglomération,Intersection en T,Normale,Deux véhicules - côté,4,1,1,2,1,1,1,0,1,50,,2,1,0,0,1,60.0,35.0,,,1,2,3,1,3
202100039003,2021-05-21 18:11:00,2021,5,21,18,11,92,92002,LEON JOUHAUX (AVENUE),48.7340402182,2.3132939637,Plein jour,En agglomération,Autre intersection,Normale,Trois véhicules et plus - en chaîne,3,2,3,0,1,1,1,2,1,50,,5,4,0,0,1,35.0,28.0,,,1,2,9,1,4
202100039004,2021-05-22 14:30:00,2021,5,22,14,30,42,42120,304 Route d'Ouches,45.9994599582,3.9806256741,Plein jour,En agglomération,Hors intersection,Normale,Deux véhicules - arrière,3,2,2,0,1,2,1,0,1,50,,3,1,0,1,1,48.0,43.0,,,1,2,1,1,2
202100039005,2021-05-22 05:00:00,2021,5,22,5,0,57,57097,D954,49.195503,6.515837,Crépuscule ou aube,Hors agglomération,Giratoire,Pluie légère,Autre collision,3,2,2,0,2,4,2,5,1,-1,,1,0,0,0,1,38.0,,,,2,1,6,2,6
202100039006,2021-05-21 16:50:00,2021,5,21,16,50,74,74096,D1201,46.042818,6.097391,Plein jour,Hors agglomération,Intersection en T,Temps couvert,Deux véhicules - côté,3,2,2,0,1,1,1,0,6,80,,2,1,0,0,1,38.0,18.0,,,1,1,3,8,3
202100039007,2021-05-21 22:19:00,2021,5,21,22,19,79,79123,,46.789086,-0.652013,Nuit sans éclairage public,Hors agglomération,Hors intersection,Normale,Autre collision,3,2,2,0,2,1,1,0,3,80,,1,0,1,0,0,20.0,,,,3,1,1,1,6
202100039008,2021-05-21 18:50:00,2021,5,21,18,50,2B,2B246,place du village,42.422663,9.352841,Plein jour,En agglomération,Hors intersection,Normale,Autre collision,3,2,1,0,2,1,9,9,3,50,,1,0,0,0,1,38.0,,,,1,2,1,1,6
202100039009,2021-05-21 12:00:00,2021,5,21,12,0,81,81325,D621,43.55291,2.17304,Plein jour,En agglomération,Hors intersection,Normale,Deux véhicules - côté,3,2,2,0,1,1,1,9,1,50,,2,1,0,1,0,,65.0,,,1,2,1,1,3
202100039010,2021-05-22 11:00:00,2021,5,22,11,0,65,65130,pk 24+320,43.600439,-0.018969,Plein jour,Hors agglomération,Hors intersection,Normale,Deux véhicules - arrière,3,2,2,0,1,1,1,0,1,80,,4,3,0,0,1,25.0,68.0,,,1,1,1,1,2
202100039011,2021-05-22 12:00:00,2021,5,22,12,0,71,71558,540 Route des Charmettes,46.49188,5.243461,Plein jour,Hors agglomération,Intersection en T,Normale,Deux véhicules - frontale,3,2,2,0,1,1,1,0,1,70,,2,1,0,1,0,66.0,25.0,,,1,1,3,1,1
202100039012,2021-05-21 20:30:00,2021,5,21,20,30,89,89376,Chemin communal,47.660936,4.077473,Nuit sans éclairage public,Hors agglomération,Hors intersection,Normale,Autre collision,4,2,2,0,1,3,9,0,3,80,,2,1,0,0,1,24.0,,,,3,1,1,1,6
202100039013,2021-05-21 17:10:00,2021,5,21,17,10,63,63453,RD 04,45.7862,3.273411,Plein jour,Hors agglomération,Hors intersection,Pluie légère,Deux véhicules - frontale,3,2,2,0,1,3,2,0,1,-1,,2,0,0,0,2,42.0,33.0,,,1,1,1,2,1
202100039014,2021-05-22 19:10:00,2021,5,22,19,10,34,34319,RD125,43.535607,3.309288,Plein jour,Hors agglomération,Hors intersection,Normale,Sans collision,3,2,2,0,1,3,1,0,8,80,,2,0,0,2,0,38.0,,,,1,1,1,1,7
202100039015,2021-05-21 16:35:00,2021,5,21,16,35,68,68042,Avenue Nathan Katz,47.595738,7.501538,Plein jour,En agglomération,Hors intersection,Pluie forte,Deux véhicules - frontale,3,2,2,0,1,1,2,0,1,50,,17,15,0,0,2,54.0,64.0,,,1,2,1,3,1
202100039016,2021-05-09 17:15:00,2021,5,9,17,15,44,44154,RD 213,47.242269,-2.15979,Plein jour,Hors agglomération,Hors intersection,Temps couvert,Deux véhicules - côté,3,3,4,0,1,3,1,0,1,90,,2,1,0,1,0,27.0,66.0,,,1,1,1,8,3
202100039017,2021-05-22 05:48:00,2021,5,22,5,48,44,44164,19 Les Moricets,47.10092,-1.857295,Crépuscule ou aube,En agglomération,Hors intersection,Normale,Autre collision,3,2,2,0,1,1,1,0,3,50,,3,0,0,2,1,19.0,,,,2,2,1,1,6