accident_id,datetime,annee,mois,jour,heure,minute,departement,commune_insee,adresse,latitude,longitude,luminosite,agglomeration,intersection,meteo,collision,catr,circ,nbv,vosp,prof,plan,surf,infra,situ,vma,nb_vehicules,nb_usagers,nb_indemnes,nb_tues,nb_blesses_hosp,nb_blesses_legers,age_cond_1,age_cond_2,veh_type_cond_1,veh_type_cond_2,lum_code,agg_code,int_code,atm_code,col_code
202100039018,2021-05-21 21:30:00,2021,5,21,21,30,35,35179,Le Petit Angle,48.531683,-1.887964,Nuit sans éclairage public,Hors agglomération,Hors intersection,Temps couvert,Autre collision,4,2,2,0,1,1,2,0,1,80,,1,0,0,1,0,38.0,,,,3,1,1,8,6
202100039019,2021-05-22 11:35:00,2021,5,22,11,35,31,31080,Boulevard Raymond Bergougnan,43.287968,0.647684,Plein jour,En agglomération,Autre intersection,Normale,Autre collision,3,2,2,0,2,2,1,9,8,50,,1,0,1,0,0,54.0,,,,1,2,9,1,6
202100039020,2021-05-21 18:30:00,2021,5,21,18,30,03,03289,départementale 568,46.362922,3.524272,Plein jour,Hors agglomération,Hors intersection,Pluie forte,Sans collision,3,2,2,0,1,1,2,0,3,90,,1,0,0,1,0,46.0,,,,1,1,1,3,7
202100039021,2021-05-21 21:15:00,2021,5,21,21,15,01,01263,INTERSECTION D27/D933,46.07984,4.769247,Nuit avec éclairage allumé,En agglomération,Intersection en X,Pluie légère,Deux véhicules - côté,3,2,1,0,2,1,2,5,1,50,,4,0,0,1,3,20.0,31.0,,,5,2,2,2,3
202100039022,2021-05-21 19:30:00,2021,5,21,19,30,58,58083,Avenue Saint-jean,47.253951,3.678333,Plein jour,En agglomération,Hors intersection,Normale,Deux véhicules - arrière,3,2,2,0,1,1,1,0,1,50,,2,1,0,0,1,,23.0,,,1,2,1,1,2
202100039023,2021-05-20 12:35:00,2021,5,20,12,35,54,54394,D156,49.3514494157,5.8475589747,Plein jour,Hors agglomération,Hors intersection,Normale,Autre collision,3,2,2,0,2,3,1,0,3,80,,1,0,0,1,0,85.0,,,,1,1,1,1,6
202100039024,2021-05-22 03:30:00,2021,5,22,3,30,60,60435,D150,49.5767355128,1.8769090175,Nuit avec éclairage non allumé,En agglomération,Intersection en Y,Autre,Autre collision,3,2,2,0,1,3,2,0,4,50,,1,0,0,1,0,20.0,,,,4,2,4,9,6
202100039025,2021-05-22 09:25:00,2021,5,22,9,25,16,16276,D14,45.416688,-0.190925,Plein jour,Hors agglomération,Hors intersection,Normale,Deux véhicules - frontale,3,2,2,0,1,1,1,0,1,80,,2,0,0,2,0,20.0,19.0,,,1,1,1,1,1
202100039026,2021-05-21 10:50:00,2021,5,21,10,50,28,28214,Rue Jean Renauldon,48.468189,1.008422,Plein jour,En agglomération,Intersection en X,Normale,Deux véhicules - côté,4,2,2,0,2,1,1,0,1,50,,2,1,0,1,0,51.0,38.0,,,1,2,2,1,3
202100039027,2021-05-22 09:30:00,2021,5,22,9,30,37,37084,LA HAUTE FORET DE CHATEAU LA VALLIERE,47.5424162394,0.3709902763,Plein jour,Hors agglomération,Hors intersection,Normale,Autre collision,3,2,2,0,1,1,1,0,1,90,,3,0,0,1,2,19.0,,,,1,1,1,1,6
202100039028,2021-05-21 19:30:00,2021,5,21,19,30,987,98734,PK 37+300,-17.723379,-149.50573,Nuit avec éclairage allumé,En agglomération,Hors intersection,Normale,Deux véhicules - côté,2,2,2,0,1,1,1,0,1,60,,2,1,1,0,0,22.0,50.0,,,5,2,1,1,3
202100039029,2021-05-22 14:00:00,2021,5,22,14,0,82,82149,A20 - PK 402.900,44.110253,1.465559,Plein jour,Hors agglomération,Hors intersection,Normale,Sans collision,1,3,4,0,1,1,1,0,1,130,,1,0,0,1,0,68.0,,,,1,1,1,1,7
202100039030,2021-05-22 03:38:00,2021,5,22,3,38,60,60138,"Barrière de péage de CHAMANT, autoroute A1",49.215526,2.627943,Nuit avec éclairage allumé,Hors agglomération,Autre intersection,Normale,Autre collision,1,3,3,0,1,1,1,9,1,50,,1,0,1,0,0,30.0,,,,5,1,9,1,6
202100039031,2021-05-21 11:50:00,2021,5,21,11,50,91,91661,Avenue de la Plesse,48.700967,2.252465,Plein jour,En agglomération,Intersection en X,Normale,Deux véhicules - côté,3,2,2,1,2,1,1,0,1,50,,2,1,0,0,1,28.0,32.0,,,1,2,2,1,3
202100039032,2021-05-21 19:40:00,2021,5,21,19,40,2A,2A247,Voie Communale Ldt Pezza Cardo,41.620704,9.298682,Plein jour,Hors agglomération,Hors intersection,Normale,Deux véhicules - côté,3,2,2,0,1,3,1,0,1,50,,2,1,0,1,0,24.0,27.0,,,1,1,1,1,3
202100039033,2021-05-21 21:05:00,2021,5,21,21,5,34,34182,Avenue de Tourbes,43.421815,3.406695,Nuit avec éclairage allumé,En agglomération,Hors intersection,Normale,Autre collision,3,2,2,0,1,1,1,0,1,50,,1,0,0,1,0,26.0,,,,5,2,1,1,6
202100039034,2021-05-22 09:55:00,2021,5,22,9,55,05,05166,RD 1075,44.412724,5.724692,Plein jour,Hors agglomération,Hors intersection,Normale,Deux véhicules - côté,3,2,2,0,1,1,1,0,3,90,,2,1,0,1,0,86.0,55.0,,,1,1,1,1,3
202100039035,2021-05-22 03:45:00,2021,5,22,3,45,58,58124,D.254,47.085764,3.050224,Nuit sans éclairage public,Hors agglomération,Hors intersection,Temps couvert,Autre collision,9,2,1,0,1,4,2,0,3,80,,1,0,0,1,0,21.0,,,,3,1,1,8,6
202100039036,2021-05-21 07:20:00,2021,5,21,7,20,21,21183,D905,47.210225,5.275267,Plein jour,Hors agglomération,Intersection en Y,Normale,Deux véhicules - côté,3,2,2,0,1,1,1,5,1,90,,3,2,0,1,0,44.0,47.0,,,1,1,4,1,3
202100039037,2021-05-20 09:15:00,2021,5,20,9,15,07,07324,Avenue de Nîmes,45.059392,4.841495,Plein jour,En agglomération,Intersection en X,Normale,Deux véhicules - arrière,3,2,2,0,1,1,1,5,1,50,,2,1,0,1,0,26.0,54.0,,,1,2,2,1,2
202100039038,2021-05-21 18:00:00,2021,5,21,18,0,50,50297,La Caillourie,49.180568,-1.090205,Plein jour,Hors agglomération,Hors intersection,Pluie légère,Sans collision,3,2,2,0,1,1,2,0,1,80,,2,1,0,1,0,22.0,,,,1,1,1,2,7
202100039039,2021-05-13 20:00:00,2021,5,13,20,0,59,59136,31 Chemin de Montay,50.109717,3.54224,Plein jour,En agglomération,Hors intersection,Normale,Autre collision,3,2,2,0,1,3,1,0,4,50,,1,0,0,1,0,25.0,,,,1,2,1,1,6
202100039040,2021-05-21 14:10:00,2021,5,21,14,10,13,13088,A55-Sens Marseille vers Martigues,43.38584,5.2395,Plein jour,Hors agglomération,Hors intersection,Normale,Trois véhicules et plus - collisions multiples,1,1,2,0,1,1,1,0,1,110,,6,3,0,0,3,35.0,73.0,,,1,1,1,1,5
202100039041,2021-05-20 18:16:00,2021,5,20,18,16,13,13005,A50-Sens Marseille vers Aubagne,43.286525,5.536329,Plein jour,Hors agglomération,Hors intersection,Normale,Deux véhicules - arrière,1,1,3,0,1,1,1,0,2,90,,2,1,0,0,1,51.0,41.0,,,1,1,1,1,2
202100039042,2021-05-19 07:05:00,2021,5,19,7,5,69,69294,A7,45.6373211455,4.8227448463,Plein jour,Hors agglomération,Hors intersection,Normale,Trois véhicules et plus - en chaîne,1,3,6,0,1,1,1,0,1,110,,6,5,0,1,0,23.0,41.0,,,1,1,1,1,4
202100039043,2021-05-21 17:30:00,2021,5,21,17,30,91,91340,RN 104,48.6091,2.43945,Plein jour,Hors agglomération,Hors intersection,Normale,Deux véhicules - côté,2,-1,3,0,1,1,1,0,1,70,,2,1,0,0,1,20.0,27.0,,,1,1,1,1,3
202100039044,2021-05-21 14:28:00,2021,5,21,14,28,91,91689,AUTOROUTE A6B,48.73935,2.32009,Plein jour,Hors agglomération,Hors intersection,Normale,Trois véhicules et plus - en chaîne,1,3,-1,0,1,1,1,0,1,90,,4,2,0,0,2,38.0,28.0,,,1,1,1,1,4
202100039045,2021-05-21 14:55:00,2021,5,21,14,55,78,78007,A13 Y,48.89702,2.00646,Plein jour,Hors agglomération,Hors intersection,Normale,Trois véhicules et plus - en chaîne,1,3,4,0,1,1,1,0,1,110,,3,2,0,0,1,32.0,26.0,,,1,1,1,1,4
202100039046,2021-05-21 09:15:00,2021,5,21,9,15,78,78466,A13,48.932025,1.976676,Plein jour,Hors agglomération,Hors intersection,Normale,Deux véhicules - côté,1,3,6,0,1,1,1,0,1,130,,2,1,0,0,1,65.0,19.0,,,1,1,1,1,3
202100039047,2021-05-21 19:30:00,2021,5,21,19,30,93,93008,AUTOROUTE A86,48.91288,2.43592,Plein jour,Hors agglomération,Hors intersection,Normale,Deux véhicules - côté,1,3,8,0,1,1,1,1,1,90,,2,1,0,0,1,57.0,33.0,,,1,1,1,1,3
202100039048,2021-05-21 08:00:00,2021,5,21,8,0,93,93053,AUTOROUTE A103,48.8908853098,2.4730238728,Plein jour,Hors agglomération,Hors intersection,Normale,Deux véhicules - arrière,1,1,3,0,1,1,1,0,1,90,,2,1,0,0,1,56.0,23.0,,,1,1,1,1,2
202100039049,2021-05-20 19:50:00,2021,5,20,19,50,92,92036,AUTOROUTE A15,48.93793,2.29795,Plein jour,Hors agglomération,Hors intersection,Normale,Deux véhicules - arrière,1,3,8,0,1,3,1,0,8,90,,2,1,0,0,1,37.0,38.0,,,1,1,1,1,2
202100039050,2021-05-20 17:40:00,2021,5,20,17,40,93,93078,AUTOROUTE A104,48.95979,2.52504,Plein jour,Hors agglomération,Hors intersection,Normale,Deux véhicules - côté,1,3,6,0,1,2,1,0,1,110,,2,1,0,0,1,48.0,23.0,,,1,1,1,1,3
202100039051,2021-05-21 12:10:00,2021,5,21,12,10,94,94028,A86 EXT,48.77617,2.43527,Plein jour,Hors agglomération,Hors intersection,Normale,Deux véhicules - arrière,1,3,4,0,1,3,1,3,1,70,,2,1,0,0,1,42.0,27.0,,,1,1,1,1,2
202100039052,2021-05-21 03:00:00,2021,5,21,3,0,77,77373,RN104,48.7749600662,2.6123786917,Nuit sans éclairage public,Hors agglomération,Autre intersection,Normale,Autre collision,2,1,2,0,1,1,1,0,1,90,,1,0,0,0,1,34.0,,,,3,1,9,1,6
202100039053,2021-05-20 16:00:00,2021,5,20,16,0,93,93066,88/114 Avenue de Stalingrad,48.947258,2.373564,Plein jour,En agglomération,Place,Normale,Deux véhicules - côté,3,2,2,1,1,1,1,0,1,50,,2,0,0,0,2,34.0,20.0,,,1,2,7,1,3
202100039054,2021-05-19 09:25:00,2021,5,19,9,25,34,34172,LAVERUNE (ROUTE DE,43.602542,3.854354,Plein jour,En agglomération,Hors intersection,Normale,Autre collision,4,2,2,0,1,1,1,0,1,50,,2,1,0,1,0,38.0,,,,1,2,1,1,6
202100039055,2021-05-20 10:14:00,2021,5,20,10,14,93,93053,Rue du Parc / Rue Léo Lagrange,48.893458,2.444356,Plein jour,En agglomération,Intersection en T,Normale,Deux véhicules - côté,3,3,4,1,2,1,1,0,5,50,,3,2,0,1,0,30.0,21.0,,,1,2,3,1,3
202100039056,2021-02-23 09:15:00,2021,2,23,9,15,64,64260,ALLEES (RUE DES),43.35517,-1.77454,Plein jour,En agglomération,Giratoire,Temps éblouissant,Autre collision,6,-1,0,0,1,1,1,0,4,50,,2,1,0,0,1,82.0,,,,1,2,6,7,6
202100039057,2021-02-27 09:05:00,2021,2,27,9,5,47,47195,Avenue de Lattre de Tassigny,44.134967,0.341322,Plein jour,En agglomération,Hors intersection,Temps éblouissant,Autre collision,3,2,2,0,1,1,1,2,1,50,,2,1,0,0,1,65.0,,,,1,2,1,7,6
202100039058,2021-05-20 10:15:00,2021,5,20,10,15,974,97411,BRASSENS (AVENUE GEORGES),-20.90119,55.48779,Plein jour,En agglomération,Autre intersection,Normale,Sans collision,4,2,2,0,2,1,1,0,1,30,,3,2,0,0,1,48.0,,,,1,2,9,1,7
202100039059,2021-05-20 21:05:00,2021,5,20,21,5,69,69259,MARTYRS DE LA RESISTANCE (DES) (R),45.69186,4.87227,Crépuscule ou aube,En agglomération,Intersection en T,Normale,Deux véhicules - côté,4,2,2,0,1,1,1,0,1,50,,4,3,0,1,0,21.0,19.0,,,2,2,3,1,3
202100039060,2021-05-20 15:55:00,2021,5,20,15,55,69,69388,JEAN MERMOZ                         (AV),45.73496,4.87384,Plein jour,En agglomération,Autre intersection,Normale,Deux véhicules - côté,4,2,3,2,1,1,1,0,1,50,,3,2,0,0,1,53.0,34.0,,,1,2,9,1,3
202100039061,2021-05-20 15:10:00,2021,5,20,15,10,69,69387,JEAN JAURES                         (AV),45.74886,4.84403,Plein jour,En agglomération,Hors intersection,Normale,Deux véhicules - arrière,4,2,4,3,1,1,1,0,1,50,,2,1,0,0,1,27.0,42.0,,,1,2,1,1,2
202100039062,2021-05-20 14:45:00,2021,5,20,14,45,69,69383,FELIX FAURE                         (AV),45.75409,4.86361,Plein jour,En agglomération,Intersection en X,Normale,Deux véhicules - côté,4,2,3,3,1,1,1,9,1,50,,2,1,0,0,1,22.0,44.0,,,1,2,2,1,3
202100039063,2021-05-20 12:20:00,2021,5,20,12,20,69,69388,VIENNE (DE) (RTE),45.73029,4.85356,Plein jour,En agglomération,Hors intersection,Normale,Autre collision,4,2,3,1,1,1,1,0,1,50,,2,1,0,0,1,39.0,,,,1,2,1,1,6
202100039064,2021-05-19 21:45:00,2021,5,19,21,45,69,69387,BERTHELOT                           (AV),45.7432,4.84812,Nuit avec éclairage allumé,En agglomération,Hors intersection,Pluie légère,Deux véhicules - arrière,4,1,2,0,1,1,2,0,1,50,,3,2,0,0,1,24.0,20.0,,,5,2,1,2,2
202100039065,2021-05-20 21:40:00,2021,5,20,21,40,69,69389,MOUILLARD (R),45.78417,4.80329,Nuit avec éclairage allumé,En agglomération,Hors intersection,Normale,Sans collision,4,-1,2,0,2,1,1,0,1,50,,1,0,0,0,1,39.0,,,,5,2,1,1,7
202100039066,2021-05-20 17:15:00,2021,5,20,17,15,69,69384,PHILIPPE DE LASSALLE (R),45.7795928519,4.8204544951,Plein jour,En agglomération,Intersection en X,Normale,Deux véhicules - côté,4,2,2,0,1,1,1,0,1,30,,2,1,0,1,0,,7.0,,,1,2,2,1,3
202100039067,2021-05-20 09:25:00,2021,5,20,9,25,2B,2B033,LUCE DE CASABIANCA -RUE,42.70627,9.45277,Plein jour,En agglomération,Intersection en Y,Normale,,4,1,1,0,1,1,1,0,1,50,,2,1,0,0,1,51.0,,,,1,2,4,1,-1
202100039068,2021-05-20 11:30:00,2021,5,20,11,30,971,97101,AMEDEE CLOTILDE - CARAQUE (RUE),16.25457,-61.48802,Plein jour,Hors agglomération,Intersection en X,Normale,Sans collision,4,2,2,0,1,2,1,0,1,50,,1,0,0,0,1,49.0,,,,1,1,2,1,7
202100039069,2021-05-19 11:00:00,2021,5,19,11,0,2A,2A004,MACCHINI EUGENE AVENUE,41.9185146245,8.7369443341,Plein jour,En agglomération,Hors intersection,Normale,Sans collision,4,2,3,0,1,1,1,0,1,50,,2,1,0,0,1,54.0,,,,1,2,1,1,7
202100039070,2021-05-20 21:20:00,2021,5,20,21,20,91,91216,GRAND VAUX (RUE),48.674401,2.334768,Nuit avec éclairage allumé,En agglomération,Intersection en Y,Normale,Deux véhicules - arrière,3,1,2,0,2,3,1,0,1,50,,2,1,0,0,1,28.0,39.0,,,5,2,4,1,2
202100039071,2021-05-12 10:09:00,2021,5,12,10,9,91,91570,MONTLHERY (RUE),48.63416,2.29711,Plein jour,En agglomération,Hors intersection,Normale,Deux véhicules - côté,6,-1,0,0,1,1,1,0,8,30,,2,1,0,0,1,24.0,44.0,,,1,2,1,1,3
202100039072,2021-05-20 12:00:00,2021,5,20,12,0,91,91477,VALLEE (CHEMIN DE LA),48.72381,2.23826,Plein jour,En agglomération,Intersection en X,Normale,Deux véhicules - côté,4,2,2,3,2,1,1,0,1,30,,3,2,0,1,0,31.0,18.0,,,1,2,2,1,3
202100039073,2021-05-20 17:25:00,2021,5,20,17,25,91,91421,NATIONALE 6 (PARTIE FORET),48.68989,2.46524,Plein jour,Hors agglomération,Hors intersection,Normale,Deux véhicules - côté,2,1,2,0,1,1,1,0,1,90,,2,1,0,0,1,49.0,52.0,,,1,1,1,1,3
202100039074,2021-05-05 13:50:00,2021,5,5,13,50,91,91228,BD ROBERT SCHUMAN,48.6187,2.42,Plein jour,En agglomération,Intersection en T,Normale,Deux véhicules - côté,3,1,2,0,1,1,1,0,1,50,,2,1,0,0,1,35.0,23.0,,,1,2,3,1,3
202100039075,2021-05-19 16:41:00,2021,5,19,16,41,87,87075,MARS 1962 (RUE DU 19),45.809,1.22582,Plein jour,En agglomération,Hors intersection,Pluie légère,Sans collision,4,2,2,0,1,1,2,0,1,50,,1,0,0,1,0,58.0,,,,1,2,1,2,7
202100039076,2021-05-19 11:04:00,2021,5,19,11,4,87,87065,RD 704A,45.79825,1.29565,Plein jour,Hors agglomération,Intersection en T,Pluie forte,Deux véhicules - côté,1,1,1,0,2,1,2,5,1,70,,5,4,0,0,1,51.0,56.0,,,1,1,3,3,3
202100039077,2021-04-07 10:04:00,2021,4,7,10,4,83,83129,BAYLE (TRAVERSE) N° PAIRS,43.091894,5.844228,Plein jour,En agglomération,Hors intersection,Normale,Autre collision,4,2,2,0,1,1,1,0,1,30,,2,1,0,0,1,38.0,,,,1,2,1,1,6
202100039078,2021-05-18 11:25:00,2021,5,18,11,25,80,80021,SALVADOR ALLENDE (AVENUE),49.898102,2.283102,Plein jour,En agglomération,Hors intersection,Normale,Trois véhicules et plus - en chaîne,4,1,2,0,1,1,1,0,1,5,,4,2,0,0,2,20.0,20.0,,,1,2,1,1,4
202100039079,2021-05-18 16:50:00,2021,5,18,16,50,80,80021,GENERAL DE GAULLE (AVENUE DE ),49.90401,2.30072,Plein jour,En agglomération,Hors intersection,Normale,Trois véhicules et plus - en chaîne,4,2,4,0,2,1,1,0,1,50,,3,1,0,0,2,36.0,24.0,,,1,2,1,1,4
202100039080,2021-05-19 05:45:00,2021,5,19,5,45,77,77296,RUE DENIS PAPIN,48.61914,2.58114,Nuit avec éclairage allumé,En agglomération,Hors intersection,Pluie légère,Autre collision,4,2,2,3,1,1,2,0,1,50,,2,1,0,0,1,,,,,5,2,1,2,6
202100039081,2021-05-19 23:20:00,2021,5,19,23,20,76,76351,GENERAL FERRIE (AVENUE),49.5042689999,0.1781417094,Nuit avec éclairage allumé,En agglomération,Hors intersection,Normale,Autre collision,4,2,2,1,2,1,1,0,4,50,,1,0,1,0,0,31.0,,,,5,2,1,1,6
202100039082,2021-05-20 13:25:00,2021,5,20,13,25,76,76414,MONT DE L'EPINETTE (RAMPE DU),49.90462,1.13531,Plein jour,Hors agglomération,Hors intersection,Normale,Deux véhicules - frontale,4,2,2,0,2,2,1,0,1,50,,4,3,0,1,0,20.0,28.0,,,1,1,1,1,1
202100039083,2021-05-20 05:55:00,2021,5,20,5,55,74,74298,EUROPE (AVENUE DE L'),46.17721,6.24425,Crépuscule ou aube,En agglomération,Giratoire,Normale,Deux véhicules - côté,4,4,2,0,1,2,1,0,1,50,,2,1,0,0,1,23.0,53.0,,,2,2,6,1,3
202100039084,2021-05-19 13:15:00,2021,5,19,13,15,72,72181,GENESLAY FELIX (AV) N° IMP 385 ET plus,47.96152,0.2002,Plein jour,En agglomération,Intersection en T,Normale,Autre collision,4,3,4,3,2,1,2,0,1,50,,2,1,0,0,1,37.0,,,,1,2,3,1,6
202100039085,2021-05-20 16:20:00,2021,5,20,16,20,69,69264,EUROPE  (DE L') (AV),45.99203,4.74228,Plein jour,En agglomération,Hors intersection,Normale,Deux véhicules - arrière,3,2,3,1,1,1,1,0,1,50,,2,1,0,0,1,50.0,15.0,,,1,2,1,1,2
202100039086,2021-05-19 19:10:00,2021,5,19,19,10,67,67482,MARGUERITE YOURCENAR (RUE),48.597477,7.70387,Plein jour,En agglomération,Intersection en T,Temps couvert,Deux véhicules - côté,4,2,2,1,1,1,2,0,1,30,,2,1,0,0,1,,45.0,,,1,2,3,8,3
202100039087,2021-05-20 15:00:00,2021,5,20,15,0,66,66136,LANGUEDOC (AVENUE DU CD 88),42.72607,2.88755,Plein jour,En agglomération,Hors intersection,Normale,Deux véhicules - arrière,4,2,2,0,1,1,1,0,1,50,,2,1,0,0,1,72.0,69.0,,,1,2,1,1,2
202100039088,2021-05-19 09:30:00,2021,5,19,9,30,64,64545,RD810,43.36151,-1.71948,Plein jour,Hors agglomération,Hors intersection,Pluie légère,Deux véhicules - frontale,3,2,2,0,2,1,2,0,1,70,,2,0,0,2,0,54.0,36.0,,,1,1,1,2,1
202100039089,2021-05-20 18:05:00,2021,5,20,18,5,64,64445,LIEGE DE,43.29973,-0.37449,Plein jour,En agglomération,Hors intersection,Normale,Deux véhicules - arrière,4,-1,2,0,1,1,1,0,1,50,,3,1,0,0,2,59.0,18.0,,,1,2,1,1,2
202100039090,2021-05-20 19:45:00,2021,5,20,19,45,64,64445,TOURASSE,43.311,-0.3621,Plein jour,En agglomération,Hors intersection,Normale,Deux véhicules - côté,4,1,4,2,1,1,1,0,1,50,,2,1,0,0,1,23.0,25.0,,,1,2,1,1,3
202100039091,2021-05-19 18:00:00,2021,5,19,18,0,64,64445,LEON BLUM,43.31544,-0.33245,Plein jour,En agglomération,Hors intersection,Normale,Deux véhicules - côté,4,2,0,1,1,1,1,0,1,50,,2,1,0,0,1,34.0,50.0,,,1,2,1,1,3
202100039092,2021-05-19 18:20:00,2021,5,19,18,20,64,64125,CUMBA (AVENUE),43.44674,-1.57914,Plein jour,En agglomération,Hors intersection,Normale,Deux véhicules - côté,3,2,2,3,2,1,1,0,1,50,,2,1,0,0,1,30.0,32.0,,,1,2,1,1,3
202100039093,2021-05-19 17:30:00,2021,5,19,17,30,64,64024,PITOYS (ROUTE DE),43.46379,-1.50429,Plein jour,En agglomération,Hors intersection,Normale,Deux véhicules - côté,4,2,2,0,1,1,1,0,1,50,,2,1,0,0,1,20.0,18.0,,,1,2,1,1,3
202100039094,2021-05-19 13:26:00,2021,5,19,13,26,64,64102,PAULMY (AVENUE DES ALLEES),43.48976,-1.4821,Plein jour,En agglomération,Hors intersection,Pluie légère,Sans collision,4,1,2,3,1,1,2,0,6,50,,1,0,0,0,1,15.0,,,,1,2,1,2,7
202100039095,2021-05-19 12:25:00,2021,5,19,12,25,64,64024,CAMOUSEIGT (ALLEE DE),43.48437,-1.51829,Plein jour,En agglomération,Hors intersection,Pluie légère,Deux véhicules - côté,4,2,2,0,1,1,2,9,1,30,,3,1,0,1,1,26.0,16.0,,,1,2,1,2,3
202100039096,2021-05-12 19:25:00,2021,5,12,19,25,62,62498,VAN PELT (AV. ALFRED),50.42893,2.8359,Plein jour,En agglomération,Intersection en X,Normale,Deux véhicules - côté,4,4,3,0,1,1,1,0,1,50,,2,1,0,1,0,20.0,22.0,,,1,2,2,1,3
202100039097,2021-05-19 07:45:00,2021,5,19,7,45,60,60665,RN 1031,49.41051,2.77447,Plein jour,Hors agglomération,Hors intersection,Temps couvert,Deux véhicules - arrière,2,3,4,0,1,1,2,3,1,70,,3,0,0,0,3,36.0,55.0,,,1,1,1,8,2
202100039098,2021-05-12 07:55:00,2021,5,12,7,55,60,60159,Avenue du Maréchal de Lattre de Tassigny,49.40436,2.81092,Plein jour,En agglomération,Giratoire,Normale,Autre collision,4,3,2,0,1,1,1,0,1,50,,2,1,0,1,0,37.0,,,,1,2,6,1,6
202100039099,2021-05-20 05:45:00,2021,5,20,5,45,59,59299,GUESDE (RUE JULES),50.654338,3.189131,Plein jour,En agglomération,Intersection en X,Normale,Deux véhicules - côté,7,2,2,1,4,1,1,5,1,50,,2,1,0,1,0,41.0,27.0,,,1,2,2,1,3
202100039100,2021-05-19 15:05:00,2021,5,19,15,5,56,56121,KERULVE (RUE  DE ),47.76421,-3.38955,Plein jour,En agglomération,Intersection en T,Normale,Deux véhicules - côté,4,2,2,0,1,1,1,0,1,30,,2,1,0,0,1,45.0,18.0,,,1,2,3,1,3
202100039101,2021-05-21 03:30:00,2021,5,21,3,30,54,54395,ALIX-LE-CLERC (RUE),48.7018341209,6.1668893695,Nuit avec éclairage allumé,En agglomération,Hors intersection,Normale,Autre collision,4,2,2,0,2,1,1,0,1,30,,1,0,0,0,1,24.0,,,,5,2,1,1,6
202100039102,2021-05-20 18:00:00,2021,5,20,18,0,51,51454,Avenue du Maréchal Juin,49.222067,4.017824,Plein jour,En agglomération,Hors intersection,Normale,Sans collision,4,1,1,0,1,1,1,0,1,50,,2,1,0,0,1,34.0,,,,1,2,1,1,7
202100039103,2021-05-20 10:40:00,2021,5,20,10,40,45,45234,Route d’Olivet,47.87942,1.90292,Plein jour,En agglomération,Intersection en T,Normale,Deux véhicules - côté,4,2,2,0,1,1,1,0,1,50,,3,1,0,0,2,20.0,75.0,,,1,2,3,1,3
202100039104,2021-05-19 11:55:00,2021,5,19,11,55,44,44190,RUE DU GENERAL DE GAULLE,47.2,-1.4929,Plein jour,En agglomération,Hors intersection,Normale,Autre collision,4,2,2,2,1,1,1,0,1,50,,2,1,0,0,1,67.0,,,,1,2,1,1,6
202100039105,2021-05-20 10:19:00,2021,5,20,10,19,37,37261,VAILLANT (RUE EDOUARD),47.3869769068,0.6981499717,Plein jour,En agglomération,Intersection en T,Normale,Autre collision,4,2,2,0,1,1,1,0,1,50,,2,1,0,0,1,60.0,32.0,,,1,2,3,1,6
202100039106,2021-05-19 14:15:00,2021,5,19,14,15,37,37261,POMPIDOU (AVENUE GEORGES),47.3880727435,0.7083515525,Plein jour,En agglomération,Hors intersection,Temps couvert,Trois véhicules et plus - collisions multiples,4,2,4,0,1,2,2,0,1,50,,3,2,0,0,1,,63.0,,,1,2,1,8,5
202100039107,2021-05-19 08:25:00,2021,5,19,8,25,37,37233,ARC EN CIEL ( ROND POINT DE L'),47.3921394375,0.7253188448,Plein jour,En agglomération,Giratoire,Normale,Deux véhicules - côté,4,1,2,0,1,2,2,0,1,50,,2,1,0,0,1,61.0,63.0,,,1,2,6,1,3
202100039108,2021-05-19 11:54:00,2021,5,19,11,54,36,36044,89 Avenue Jean Patureau Francoeur,46.7816,1.7067,Plein jour,En agglomération,Hors intersection,Temps couvert,Trois véhicules et plus - collisions multiples,4,2,2,0,1,1,2,0,1,50,,3,2,0,0,1,40.0,44.0,,,1,2,1,8,5
202100039109,2021-05-20 12:10:00,2021,5,20,12,10,35,35238,VOLCLAIR (BD LOUIS),48.08824,-1.66184,Plein jour,En agglomération,Hors intersection,Normale,Autre collision,4,3,4,2,1,1,1,0,1,50,,2,1,0,0,1,59.0,,,,1,2,1,1,6
202100039110,2021-05-20 10:10:00,2021,5,20,10,10,35,35051,TAILLIS (ROND-POINT DU),48.1145,-1.62,Plein jour,En agglomération,Giratoire,Normale,Deux véhicules - côté,4,1,1,2,1,3,1,5,5,50,,2,1,0,0,1,22.0,71.0,,,1,2,6,1,3
202100039111,2021-05-05 11:10:00,2021,5,5,11,10,34,34032,MOULIN JEAN (AV),43.346497,3.219029,Plein jour,En agglomération,Intersection en X,Temps éblouissant,Autre collision,4,2,3,0,1,1,1,0,1,50,,2,1,0,1,0,35.0,,,,1,2,2,7,6
202100039112,2021-05-19 20:35:00,2021,5,19,20,35,33,33063,Place Jean Jaurès,44.84329,-0.57037,Plein jour,En agglomération,Place,Normale,Deux véhicules - côté,4,2,3,0,1,1,1,5,6,50,,2,1,0,0,1,21.0,56.0,,,1,2,7,1,3
202100039113,2021-05-20 16:20:00,2021,5,20,16,20,31,31555,AV LOUIS BAZERQUE,43.57134,1.39187,Plein jour,En agglomération,Hors intersection,Normale,Autre collision,4,3,2,0,1,1,1,6,8,50,,2,1,0,0,1,,,,,1,2,1,1,6