accident_id,datetime,annee,mois,jour,heure,minute,departement,commune_insee,adresse,latitude,longitude,luminosite,agglomeration,intersection,meteo,collision,catr,circ,nbv,vosp,prof,plan,surf,infra,situ,vma,nb_vehicules,nb_usagers,nb_indemnes,nb_tues,nb_blesses_hosp,nb_blesses_legers,age_cond_1,age_cond_2,veh_type_cond_1,veh_type_cond_2,lum_code,agg_code,int_code,atm_code,col_code
202100039114,2021-05-20 14:20:00,2021,5,20,14,20,31,31555,GRANDE BRETAGNE (AV DE) DU 39AU 306,43.59843,1.41864,Plein jour,En agglomération,Hors intersection,Normale,Deux véhicules - côté,4,2,4,2,1,1,1,0,1,50,,2,1,0,1,0,24.0,82.0,,,1,2,1,1,3
202100039115,2021-05-20 04:40:00,2021,5,20,4,40,29,29232,N165 - Le Loch,48.01722,-4.08108,Nuit sans éclairage public,Hors agglomération,Hors intersection,Normale,Autre collision,2,3,4,0,1,1,1,0,1,110,,1,0,0,0,1,50.0,,,,3,1,1,1,6
202100039116,2021-05-19 21:37:00,2021,5,19,21,37,29,29051,Rue de la Papeterie,48.02706,-4.02147,Plein jour,Hors agglomération,Hors intersection,Normale,Autre collision,4,2,2,0,1,2,1,0,3,50,,3,0,0,0,3,19.0,,,,1,1,1,1,6
202100039117,2021-05-20 14:44:00,2021,5,20,14,44,25,25462,REPUBLIQUE DE LA,46.90215,6.35825,Plein jour,En agglomération,Intersection en T,Normale,Autre collision,4,2,2,0,1,1,1,0,1,50,,2,1,0,1,0,59.0,,,,1,2,3,1,6
202100039118,2021-05-20 05:50:00,2021,5,20,5,50,24,24037,PASTEUR (AVENUE),44.85692,0.49192,Crépuscule ou aube,En agglomération,Autre intersection,Normale,Deux véhicules - côté,3,2,2,0,1,1,1,0,1,50,,2,1,0,1,0,66.0,35.0,,,2,2,9,1,3
202100039119,2021-04-24 15:45:00,2021,4,24,15,45,22,22187,RUE DU G.DE GAULLE,48.540279,-2.77112,Plein jour,En agglomération,Intersection en X,Normale,Deux véhicules - côté,4,2,2,0,1,1,1,0,1,50,,2,1,0,0,1,78.0,21.0,,,1,2,2,1,3
202100039120,2021-04-25 15:35:00,2021,4,25,15,35,22,22278,SAINT-THERESE (PL.),48.5065809746,-2.7506750819,Plein jour,En agglomération,Place,Normale,Sans collision,4,1,1,0,1,3,1,0,1,50,,1,0,0,0,1,54.0,,,,1,2,7,1,7
202100039121,2021-05-07 17:55:00,2021,5,7,17,55,22,22360,Le Guerneau,48.477891,-2.768202,Plein jour,Hors agglomération,Giratoire,Normale,Deux véhicules - côté,3,2,2,0,1,-1,1,5,1,70,,3,1,0,1,1,54.0,48.0,,,1,1,6,1,3
202100039122,2021-04-02 18:20:00,2021,4,2,18,20,22,22278,GOUEDIC (DE),48.5092240968,-2.7543754576,Plein jour,En agglomération,Hors intersection,Normale,Deux véhicules - frontale,4,2,2,0,2,1,1,0,1,50,,2,1,0,0,1,50.0,17.0,,,1,2,1,1,1
202100039123,2021-05-17 07:52:00,2021,5,17,7,52,19,19272,Alsace Lorraine (Avenue),45.2605568795,1.7549835401,Plein jour,En agglomération,Autre intersection,Pluie légère,Sans collision,4,1,2,0,1,3,2,0,1,50,,1,0,0,0,1,32.0,,,,1,2,9,2,7
202100039124,2021-05-20 20:45:00,2021,5,20,20,45,17,17028,CORBUSIER   RUE LE,46.13251,-1.09019,Plein jour,En agglomération,Hors intersection,Normale,Autre collision,4,2,2,0,1,1,1,0,1,30,,2,1,0,0,1,20.0,18.0,,,1,2,1,1,6
202100039125,2021-05-19 17:10:00,2021,5,19,17,10,15,15014,Cours d’Angouleme,44.9301,2.44991,Plein jour,En agglomération,Hors intersection,Normale,Deux véhicules - côté,4,2,2,0,1,1,1,0,1,50,,2,1,0,0,1,35.0,18.0,,,1,2,1,1,3
202100039126,2021-05-20 20:00:00,2021,5,20,20,0,13,13208,ROUET (RUE DU),43.27903,5.39176,Plein jour,En agglomération,Intersection en X,Normale,Deux véhicules - frontale,4,1,1,0,1,1,1,5,1,50,,2,1,0,0,1,39.0,18.0,,,1,2,2,1,1
202100039127,2021-05-20 13:30:00,2021,5,20,13,30,13,13207,ENDOUME (RUE D'),43.28611,5.36032,Plein jour,En agglomération,Intersection en X,Normale,Deux véhicules - côté,4,2,2,0,4,1,1,0,1,50,,2,1,0,1,0,,65.0,,,1,2,2,1,3
202100039128,2021-05-20 07:30:00,2021,5,20,7,30,13,13210,PONT DE VIVAUX (BOULEVARD),43.280647,5.421069,Plein jour,En agglomération,Hors intersection,Normale,Autre collision,4,2,3,1,1,1,1,0,1,50,,2,1,0,1,0,39.0,,,,1,2,1,1,6
202100039129,2021-05-19 14:50:00,2021,5,19,14,50,10,10387,ANATOLE FRANCE (RUE),48.282254,4.070804,Plein jour,En agglomération,Intersection en X,Normale,Deux véhicules - côté,4,-1,2,0,1,1,1,0,1,50,,3,2,0,0,1,21.0,20.0,,,1,2,2,1,3
202100039130,2021-05-11 12:55:00,2021,5,11,12,55,06,06027,VAL FLEURI CHEMIN DU,43.66373,7.14882,Plein jour,En agglomération,Autre intersection,Normale,Autre collision,4,-1,2,0,1,1,1,0,1,50,,2,1,0,0,1,31.0,66.0,,,1,2,9,1,6
202100039131,2021-05-19 18:50:00,2021,5,19,18,50,05,05061,LOUIS COMTE ( RUE ),44.554929,6.070067,Plein jour,En agglomération,Intersection en T,Normale,Deux véhicules - côté,4,2,2,0,2,1,1,0,1,50,,2,1,0,0,1,23.0,54.0,,,1,2,3,1,3
202100039132,2021-05-19 17:06:00,2021,5,19,17,6,01,01053,STAND ( RUE DU ),46.189943,5.232773,Plein jour,En agglomération,Giratoire,Normale,Autre collision,3,2,2,2,1,1,2,6,1,30,,2,1,0,0,1,,,,,1,2,6,1,6
202100039133,2021-05-20 10:10:00,2021,5,20,10,10,75,75120,PORTE DE MONTREUIL,48.851873,2.414958,Plein jour,En agglomération,Hors intersection,Normale,Trois véhicules et plus - collisions multiples,4,1,4,0,1,1,1,0,1,70,,3,2,0,0,1,65.0,42.0,,,1,2,1,1,5
202100039134,2021-05-20 07:50:00,2021,5,20,7,50,75,75119,PORTE DE PANTIN,48.895385,2.394802,Plein jour,En agglomération,Hors intersection,Normale,Deux véhicules - côté,4,1,4,0,1,1,1,0,1,70,,2,1,0,0,1,23.0,47.0,,,1,2,1,1,3
202100039135,2021-05-19 19:10:00,2021,5,19,19,10,75,75118,PORTE DE LA CHAPELLE,48.900728,2.362969,Plein jour,En agglomération,Hors intersection,Normale,Deux véhicules - arrière,4,-1,4,0,1,1,1,0,1,70,,3,1,0,1,1,19.0,40.0,,,1,2,1,1,2
202100039136,2021-05-19 10:55:00,2021,5,19,10,55,75,75119,PORTE D AUBERVILLIERS,48.900327,2.379367,Plein jour,En agglomération,Hors intersection,Temps couvert,Deux véhicules - côté,4,1,4,0,1,1,2,0,1,70,,2,1,0,0,1,52.0,58.0,,,1,2,1,8,3
202100039137,2021-05-20 21:06:00,2021,5,20,21,6,75,75107,BOULEVARD DES INVALIDES,48.849433,2.31515,Plein jour,En agglomération,Intersection en X,Normale,Deux véhicules - côté,4,2,0,0,1,1,1,0,1,50,,2,0,0,0,2,32.0,52.0,,,1,2,2,1,3
202100039138,2021-05-19 21:48:00,2021,5,19,21,48,75,75116,ALLEE DE LA REINE MARGUERITE,48.864895,2.24906,Nuit avec éclairage allumé,En agglomération,Intersection en Y,Normale,Trois véhicules et plus - en chaîne,4,2,4,0,1,1,1,0,1,50,,3,2,0,1,0,26.0,25.0,,,5,2,4,1,4
202100039139,2021-05-19 19:50:00,2021,5,19,19,50,75,75106,BOULEVARD RASPAIL,48.850338,2.327074,Plein jour,En agglomération,Hors intersection,Normale,Deux véhicules - arrière,4,2,4,0,1,1,1,0,1,50,,2,1,0,0,1,28.0,45.0,,,1,2,1,1,2
202100039140,2021-05-20 21:15:00,2021,5,20,21,15,75,75120,RUE D AVRON,48.852703,2.406109,Crépuscule ou aube,En agglomération,Intersection en X,Normale,Deux véhicules - arrière,4,2,2,0,1,1,1,0,1,50,,2,1,0,0,1,,43.0,,,2,2,2,1,2
202100039141,2021-05-20 20:00:00,2021,5,20,20,0,75,75116,AVENUE THEOPHILE GAUTIER,48.849938,2.272244,Crépuscule ou aube,En agglomération,Intersection en X,Normale,Deux véhicules - côté,4,2,2,0,1,1,1,5,1,50,,2,1,0,0,1,25.0,23.0,,,2,2,2,1,3
202100039142,2021-05-19 10:15:00,2021,5,19,10,15,75,75115,RUE DE LA CROIX NIVERT,48.837703,2.289358,Plein jour,En agglomération,Hors intersection,Pluie légère,Autre collision,4,2,2,0,1,1,2,0,1,50,,3,2,0,0,1,59.0,,,,1,2,1,2,6
202100039143,2021-05-20 21:35:00,2021,5,20,21,35,75,75112,RUE DE CHARENTON,48.837306,2.391208,Nuit avec éclairage non allumé,En agglomération,Intersection en X,Normale,Deux véhicules - côté,4,2,3,0,1,1,1,0,1,50,,3,2,0,0,1,52.0,27.0,,,4,2,2,1,3
202100039144,2021-05-20 16:35:00,2021,5,20,16,35,75,75112,RUE MICHEL CHASLES,48.846925,2.373868,Plein jour,En agglomération,Intersection en X,Normale,Deux véhicules - côté,4,1,1,0,1,1,1,0,1,50,,2,1,0,0,1,5.0,,,,1,2,2,1,3
202100039145,2021-05-20 18:00:00,2021,5,20,18,0,75,75111,RUE DE LA ROQUETTE,48.857991,2.38158,Plein jour,En agglomération,Intersection en T,Normale,Deux véhicules - arrière,4,2,2,0,2,1,1,0,1,30,,2,1,0,0,1,49.0,25.0,,,1,2,3,1,2
202100039146,2021-05-20 10:30:00,2021,5,20,10,30,75,75110,RUE DU FAUBOURG SAINT MARTIN,48.880401,2.364298,Plein jour,En agglomération,Intersection en T,Normale,Deux véhicules - côté,4,2,2,0,1,1,1,8,1,50,,2,1,0,0,1,41.0,47.0,,,1,2,3,1,3
202100039147,2021-05-20 14:30:00,2021,5,20,14,30,75,75107,RUE DE LILLE,48.860045,2.324575,Plein jour,En agglomération,Intersection en X,Normale,Deux véhicules - frontale,4,1,1,0,1,1,1,0,1,50,,2,1,0,0,1,44.0,32.0,,,1,2,2,1,1
202100039148,2021-05-18 15:40:00,2021,5,18,15,40,75,75104,RUE DE RIVOLI,48.858504,2.348215,Plein jour,En agglomération,Intersection en X,Pluie légère,Autre collision,4,2,4,1,1,1,2,0,5,50,,2,0,0,0,2,20.0,,,,1,2,2,2,6
202100039149,2021-05-20 19:10:00,2021,5,20,19,10,94,94021,RUE PAUL HOCHART,48.77597,2.35782,Plein jour,En agglomération,Hors intersection,Normale,Deux véhicules - arrière,4,2,2,0,1,1,1,0,1,50,,2,1,0,0,1,56.0,60.0,,,1,2,1,1,2
202100039150,2021-05-20 08:40:00,2021,5,20,8,40,94,94011,PORT AUTONOME.,48.78302,2.48776,Plein jour,En agglomération,Hors intersection,Normale,Deux véhicules - côté,4,2,2,0,1,1,1,0,1,50,,2,1,0,0,1,24.0,26.0,,,1,2,1,1,3
202100039151,2021-05-19 20:45:00,2021,5,19,20,45,94,94011,Avenue Rhin et Danube,48.770691,2.489853,Plein jour,En agglomération,Hors intersection,Normale,Deux véhicules - côté,3,-1,4,0,1,1,1,0,1,50,,2,0,0,0,2,31.0,30.0,,,1,2,1,1,3
202100039152,2021-05-20 11:30:00,2021,5,20,11,30,94,94017,A TRAIT (R),48.81265,2.51414,Plein jour,En agglomération,Intersection en T,Normale,Autre collision,3,2,3,0,2,1,1,0,1,50,,2,1,0,0,1,43.0,,,,1,2,3,1,6
202100039153,2021-05-20 09:00:00,2021,5,20,9,0,94,94070,Route de Paris,48.72426,2.55907,Plein jour,Hors agglomération,Hors intersection,Normale,Trois véhicules et plus - en chaîne,2,2,2,0,2,1,1,0,1,70,,3,2,0,0,1,26.0,25.0,,,1,1,1,1,4
202100039154,2021-05-17 14:51:00,2021,5,17,14,51,93,93039,Quai de la Marine,48.946962,2.326018,Plein jour,En agglomération,Hors intersection,Pluie légère,Deux véhicules - frontale,4,2,2,0,1,3,2,0,1,50,,2,1,0,0,1,33.0,42.0,,,1,2,1,2,1
202100039155,2021-05-20 20:10:00,2021,5,20,20,10,93,93048,Rue de Paris,48.85633,2.42672,Crépuscule ou aube,En agglomération,Hors intersection,Normale,Deux véhicules - côté,3,2,2,0,1,1,1,0,1,50,,2,1,0,1,0,48.0,24.0,,,2,2,1,1,3
202100039156,2021-05-20 07:40:00,2021,5,20,7,40,93,93046,Avenue Montgolfier,48.904249,2.520639,Plein jour,En agglomération,Autre intersection,Normale,Autre collision,4,1,1,0,1,1,1,0,1,50,,2,1,0,0,1,23.0,,,,1,2,9,1,6
202100039157,2021-05-19 19:45:00,2021,5,19,19,45,93,93006,LEFEVRE RAYMOND,48.87236,2.42851,Plein jour,En agglomération,Hors intersection,Normale,Deux véhicules - côté,3,2,2,0,1,1,1,0,1,50,,2,1,0,0,1,26.0,,,,1,2,1,1,3
202100039158,2021-05-20 13:45:00,2021,5,20,13,45,93,93001,7 Rue Ferragus,48.914126,2.380417,Plein jour,En agglomération,Hors intersection,Normale,Autre collision,4,2,0,3,1,1,1,0,1,10,,2,1,0,0,1,31.0,,,,1,2,1,1,6
202100039159,2021-05-20 17:05:00,2021,5,20,17,5,92,92046,GABRIEL PERI,48.8192255232,2.3009490967,Plein jour,En agglomération,Intersection en T,Temps couvert,Deux véhicules - côté,3,2,2,0,1,1,1,0,1,50,,2,1,0,0,1,35.0,34.0,,,1,2,3,8,3
202100039160,2021-05-18 18:50:00,2021,5,18,18,50,92,92077,MARNES (RUE DE),48.8286,2.18308,Plein jour,En agglomération,Hors intersection,Pluie légère,Autre collision,3,2,2,0,1,1,2,0,1,50,,2,1,0,0,1,66.0,,,,1,2,1,2,6
202100039161,2021-05-20 08:00:00,2021,5,20,8,0,92,92064,REPUBLIQUE,48.8592186013,2.2124898434,Plein jour,En agglomération,Autre intersection,Normale,Trois véhicules et plus - en chaîne,3,3,0,0,1,1,1,0,1,50,,4,3,0,0,1,30.0,44.0,,,1,2,9,1,4
202100039162,2021-05-18 13:45:00,2021,5,18,13,45,92,92063,DOUMER (AVENUE PAUL) EST,48.8774,2.17348,Plein jour,En agglomération,Hors intersection,Normale,Deux véhicules - arrière,3,3,4,0,1,1,1,0,1,50,,2,1,0,0,1,21.0,41.0,,,1,2,1,1,2
202100039163,2021-05-14 17:30:00,2021,5,14,17,30,92,92063,BONAPARTE (AVENUE NAPOLEON) SUD,48.8773961092,2.1734851599,Plein jour,En agglomération,Intersection en T,Normale,Deux véhicules - côté,3,3,5,0,1,1,2,0,1,50,,2,1,0,0,1,21.0,26.0,,,1,2,3,1,3
202100039164,2021-05-20 10:15:00,2021,5,20,10,15,92,92050,JOFFRE MARECHAL AVENUE DU,48.8853582394,2.1958588064,Plein jour,En agglomération,Intersection en X,Normale,Deux véhicules - arrière,3,3,4,0,1,1,1,0,1,50,,2,1,0,0,1,53.0,15.0,,,1,2,2,1,2
202100039165,2021-05-19 15:06:00,2021,5,19,15,6,92,92020,VANVES BOULEVARD DE N° PAIRS,48.80993,2.28259,Plein jour,En agglomération,Hors intersection,Pluie légère,Deux véhicules - côté,3,2,2,0,1,1,2,0,1,50,,2,1,0,0,1,34.0,18.0,,,1,2,1,2,3
202100039166,2021-05-20 15:40:00,2021,5,20,15,40,92,92024,DAGOBERT (RUE),48.9044715617,2.3037283049,Plein jour,En agglomération,Intersection en X,Normale,Autre collision,4,1,1,0,1,1,1,0,1,30,,2,1,0,0,1,54.0,,,,1,2,2,1,6
202100039167,2021-05-19 08:45:00,2021,5,19,8,45,92,92024,CLICHY (QUAI DE) DE (8 A 60),48.91079,2.30555,Plein jour,En agglomération,Giratoire,Normale,Trois véhicules et plus - en chaîne,3,2,2,0,1,3,2,0,1,50,,3,2,0,0,1,33.0,43.0,,,1,2,6,1,4
202100039168,2021-05-20 13:00:00,2021,5,20,13,0,92,92012,PIERRE LEFAUCHEUX (AVENUE),48.8240984629,2.2424469917,Plein jour,En agglomération,Hors intersection,Temps couvert,Deux véhicules - côté,4,2,1,0,1,1,1,0,1,50,,2,1,0,0,1,35.0,29.0,,,1,2,1,8,3
202100039169,2021-05-20 16:40:00,2021,5,20,16,40,12,12136,D 1,44.414701,2.095497,Plein jour,Hors agglomération,Hors intersection,Normale,Autre collision,3,2,2,0,1,1,1,0,3,70,,1,0,0,1,0,75.0,,,,1,1,1,1,6
202100039170,2021-05-20 17:45:00,2021,5,20,17,45,17,17094,D137,46.062679,-1.061382,Plein jour,Hors agglomération,Hors intersection,Normale,Autre collision,3,1,4,0,2,3,1,3,8,90,,1,0,1,0,0,82.0,,,,1,1,1,1,6
202100039171,2021-05-21 14:55:00,2021,5,21,14,55,11,11438,A61 PK 301.000 SENS TOULOUSE-NARBONNE,43.235611,2.099736,Plein jour,Hors agglomération,Hors intersection,Normale,Trois véhicules et plus - en chaîne,1,1,4,0,1,1,1,0,1,130,,8,7,0,0,1,61.0,64.0,,,1,1,1,1,4
202100039172,2021-05-20 18:50:00,2021,5,20,18,50,972,97222,DN1,14.697343,-60.941656,Crépuscule ou aube,Hors agglomération,Hors intersection,Normale,Deux véhicules - arrière,2,3,4,0,2,1,1,0,1,90,,3,1,0,2,0,30.0,36.0,,,2,1,1,1,2
202100039173,2021-05-18 16:30:00,2021,5,18,16,30,91,91665,Rue de Gaillard,48.658619,2.270565,Plein jour,En agglomération,Hors intersection,Normale,Sans collision,4,1,1,0,1,1,1,0,1,30,,1,0,0,1,0,15.0,,,,1,2,1,1,7
202100039174,2021-05-20 18:00:00,2021,5,20,18,0,58,58270,Le Montois,47.487082,3.054006,Plein jour,Hors agglomération,Hors intersection,Normale,Sans collision,3,2,2,0,2,2,6,0,3,80,,1,0,0,0,1,26.0,,,,1,1,1,1,7
202100039175,2021-05-16 14:30:00,2021,5,16,14,30,62,62580,Rue de Saint Pol,50.39898,2.432533,Plein jour,En agglomération,Hors intersection,Normale,Deux véhicules - frontale,3,2,2,0,1,1,1,0,1,50,,2,1,0,1,0,29.0,12.0,,,1,2,1,1,1
202100039176,2021-05-21 08:35:00,2021,5,21,8,35,34,34270,RD132 E2,43.589437,3.821869,Plein jour,Hors agglomération,Hors intersection,Normale,Trois véhicules et plus - en chaîne,7,2,2,0,1,1,1,0,1,80,,4,3,0,0,1,53.0,40.0,,,1,1,1,1,4
202100039177,2021-05-13 08:00:00,2021,5,13,8,0,74,74105,Av de Thonon,46.308955,6.311734,Crépuscule ou aube,En agglomération,Intersection en T,Temps couvert,Autre collision,3,2,2,0,1,1,2,0,1,50,,2,1,0,0,1,57.0,,,,2,2,3,8,6
202100039178,2021-05-20 22:26:00,2021,5,20,22,26,95,95055,RD 922,49.09963,2.460432,Nuit sans éclairage public,Hors agglomération,Hors intersection,Normale,Autre collision,3,2,2,0,1,1,1,0,1,80,,1,0,0,1,0,47.0,,,,3,1,1,1,6
202100039179,2021-05-20 15:50:00,2021,5,20,15,50,19,19105,La bitarelle,45.1036860585,1.6326971054,Plein jour,Hors agglomération,Hors intersection,Normale,Sans collision,3,2,2,0,1,1,1,0,3,90,,4,0,0,1,3,19.0,,,,1,1,1,1,7
202100039180,2021-05-15 20:23:00,2021,5,15,20,23,56,56174,Keroland,47.875512,-2.867271,Plein jour,Hors agglomération,Hors intersection,Normale,Sans collision,4,2,2,0,2,1,2,0,1,50,,1,0,0,1,0,17.0,,,,1,1,1,1,7
202100039181,2021-05-20 12:15:00,2021,5,20,12,15,56,56184,Avenue de Bocquenay,47.683733,-2.44323,Plein jour,Hors agglomération,Hors intersection,Normale,Autre collision,3,2,2,0,1,1,1,0,3,80,,1,0,0,1,0,80.0,,,,1,1,1,1,6
202100039182,2021-05-21 05:25:00,2021,5,21,5,25,79,79210,,46.838354,-0.65845,Crépuscule ou aube,Hors agglomération,Intersection en X,Normale,Deux véhicules - frontale,3,2,2,0,2,1,1,0,1,80,,2,1,0,0,1,38.0,39.0,,,2,1,2,1,1
202100039183,2021-05-20 16:00:00,2021,5,20,16,0,31,31150,5 Route de Mondonville,43.654351,1.323863,Plein jour,En agglomération,Giratoire,Normale,Autre collision,7,3,2,0,1,3,1,0,1,50,,2,1,0,0,1,67.0,,,,1,2,6,1,6
202100039184,2021-05-21 02:29:00,2021,5,21,2,29,81,81220,33 Route d'Albi,43.834383,1.748866,Nuit sans éclairage public,Hors agglomération,Hors intersection,Normale,Autre collision,3,2,2,0,1,1,1,0,3,80,,1,0,0,0,1,20.0,,,,3,1,1,1,6
202100039185,2021-05-21 08:00:00,2021,5,21,8,0,32,32402,RD 939,43.78592,0.387032,Plein jour,Hors agglomération,Intersection en X,Normale,Deux véhicules - côté,3,2,2,0,1,1,1,0,1,80,,2,1,0,1,0,48.0,47.0,,,1,1,2,1,3
202100039186,2021-05-21 16:00:00,2021,5,21,16,0,71,71263,Rond-Point de la 1re Armée Française (Pelouse),46.628085,5.221337,Plein jour,En agglomération,Giratoire,Pluie forte,Autre collision,3,2,2,0,1,2,2,9,1,50,,2,1,0,1,0,24.0,,,,1,2,6,3,6
202100039187,2021-05-19 15:55:00,2021,5,19,15,55,89,89414,D25,48.297236,3.369929,Plein jour,Hors agglomération,Hors intersection,Normale,Sans collision,3,2,2,0,1,1,2,0,3,80,,1,0,0,1,0,74.0,,,,1,1,1,1,7
202100039188,2021-05-21 06:20:00,2021,5,21,6,20,25,25280,D'la Ranceniere,47.257891,6.944035,Crépuscule ou aube,Hors agglomération,Hors intersection,Pluie légère,Deux véhicules - frontale,3,2,2,0,1,3,2,0,1,80,,2,1,0,1,0,37.0,87.0,,,2,1,1,2,1
202100039189,2021-05-12 16:26:00,2021,5,12,16,26,31,31553,CD 1,43.715403,1.168306,Plein jour,Hors agglomération,Intersection en X,Normale,Deux véhicules - frontale,3,2,2,0,1,1,1,0,1,80,,2,1,0,0,1,14.0,29.0,,,1,1,2,1,1
202100039190,2021-05-07 17:45:00,2021,5,7,17,45,31,31091,Avenue du Petit Paradis,43.714054,1.398767,Plein jour,En agglomération,Hors intersection,Normale,Deux véhicules - frontale,4,2,2,0,1,2,1,0,1,50,,3,2,0,1,0,49.0,35.0,,,1,2,1,1,1
202100039191,2021-05-21 02:15:00,2021,5,21,2,15,01,01123,Chemin du Brouillard,46.245468,4.815394,Nuit sans éclairage public,Hors agglomération,Hors intersection,Pluie légère,Autre collision,4,2,2,0,1,1,2,0,8,50,,3,0,0,1,2,24.0,,,,3,1,1,2,6
202100039192,2021-05-21 16:45:00,2021,5,21,16,45,14,14514,Avenue de la Libération,49.281118,0.186789,Plein jour,En agglomération,Intersection en T,Normale,Deux véhicules - côté,3,2,2,0,1,2,1,0,1,50,,2,1,0,0,1,17.0,45.0,,,1,2,3,1,3
202100039193,2021-05-21 14:00:00,2021,5,21,14,0,60,60567,58 Route Nationale,49.438504,1.887267,Plein jour,Hors agglomération,Hors intersection,Normale,Trois véhicules et plus - en chaîne,2,2,2,0,1,1,1,9,1,80,,4,3,0,0,1,67.0,26.0,,,1,1,1,1,4
202100039194,2021-05-18 20:55:00,2021,5,18,20,55,45,45026,D147-PR 2 + 800,48.143812,2.962017,Crépuscule ou aube,Hors agglomération,Intersection en X,Temps éblouissant,Deux véhicules - côté,3,2,2,0,2,3,2,0,1,80,,2,1,0,1,0,43.0,58.0,,,2,1,2,7,3
202100039195,2021-05-20 08:20:00,2021,5,20,8,20,10,10334,619,48.496232,3.534572,Plein jour,Hors agglomération,Hors intersection,Normale,Deux véhicules - arrière,3,2,2,0,4,1,1,0,1,90,,4,3,0,0,1,20.0,30.0,,,1,1,1,1,2
202100039196,2021-05-20 17:20:00,2021,5,20,17,20,53,53185,168 Rue Aristide Briand,48.459232,-0.202818,Plein jour,En agglomération,Hors intersection,Normale,Autre collision,2,2,2,0,1,1,1,9,1,50,,2,1,0,0,1,74.0,,,,1,2,1,1,6
202100039197,2021-05-20 10:13:00,2021,5,20,10,13,30,30181,D 6110,43.913395,4.110287,Plein jour,Hors agglomération,Hors intersection,Normale,Sans collision,3,2,2,0,1,2,1,2,3,80,,3,1,0,1,1,48.0,70.0,,,1,1,1,1,7
202100039198,2021-05-20 21:45:00,2021,5,20,21,45,31,31020,Chemin forestier RAOUX,43.008863,0.841224,Crépuscule ou aube,Hors agglomération,Hors intersection,Normale,Autre collision,3,-1,1,0,2,2,9,0,3,50,,2,0,0,0,2,19.0,,,,2,1,1,1,6
202100039199,2021-05-19 19:26:00,2021,5,19,19,26,33,33552,,44.632556,-0.413953,Plein jour,Hors agglomération,Hors intersection,Normale,Deux véhicules - frontale,1,3,4,0,1,1,1,0,1,130,,2,1,0,0,1,72.0,84.0,,,1,1,1,1,1
202100039200,2021-05-20 14:20:00,2021,5,20,14,20,27,27554,A13 pk 075+000 direction Paris,49.090164,1.369659,Plein jour,Hors agglomération,Hors intersection,Normale,Deux véhicules - arrière,1,3,5,0,1,1,1,0,1,130,,4,3,0,0,1,19.0,51.0,,,1,1,1,1,2
202100039201,2021-05-21 14:45:00,2021,5,21,14,45,13,13018,Autoroute A7 PK 202+108 sens NORD/SUD,43.862938,4.972966,Plein jour,Hors agglomération,Hors intersection,Normale,Deux véhicules - côté,1,2,3,0,1,1,1,0,1,130,,5,2,0,1,2,82.0,57.0,,,1,1,1,1,3
202100039202,2021-05-20 18:45:00,2021,5,20,18,45,77,77069,Départementale D637,48.455486,2.611045,Plein jour,Hors agglomération,Hors intersection,Normale,Deux véhicules - côté,3,2,4,0,1,1,1,0,1,90,,2,1,0,1,0,57.0,50.0,,,1,1,1,1,3
202100039203,2021-05-21 07:46:00,2021,5,21,7,46,11,11144,D6009,42.868258,2.986307,Plein jour,Hors agglomération,Hors intersection,Normale,Deux véhicules - côté,3,2,2,0,1,2,1,0,1,80,,2,1,0,1,0,49.0,68.0,,,1,1,1,1,3
202100039204,2021-05-19 18:30:00,2021,5,19,18,30,987,98733,PK 19.900 RT1,-17.675484,-149.589624,Nuit avec éclairage allumé,En agglomération,Hors intersection,Normale,Deux véhicules - côté,2,2,2,0,1,1,1,0,1,-1,,4,3,0,1,0,41.0,25.0,,,5,2,1,1,3
202100039205,2021-05-21 06:55:00,2021,5,21,6,55,971,97128,N4,16.246876,-61.364404,Plein jour,En agglomération,Intersection en T,Normale,Deux véhicules - arrière,2,2,2,0,1,1,1,0,1,50,,2,1,1,0,0,60.0,44.0,,,1,2,3,1,2
202100039206,2021-05-20 22:00:00,2021,5,20,22,0,30,30258,Boulevard Chanzy,43.672975,4.434884,Nuit avec éclairage non allumé,En agglomération,Intersection en X,Normale,Deux véhicules - côté,3,2,2,0,1,1,1,0,1,50,,3,2,0,1,0,27.0,20.0,,,4,2,2,1,3
202100039207,2021-05-20 12:45:00,2021,5,20,12,45,83,83066,D554,43.680319,5.843203,Plein jour,Hors agglomération,Hors intersection,Normale,Deux véhicules - côté,3,2,2,0,1,3,1,0,1,80,,3,2,0,0,1,22.0,65.0,,,1,1,1,1,3
202100039208,2021-05-20 15:50:00,2021,5,20,15,50,04,04128,D907,43.843805,5.68837,Plein jour,Hors agglomération,Hors intersection,Normale,Sans collision,3,2,2,0,2,2,1,0,3,80,,1,0,0,1,0,19.0,,,,1,1,1,1,7
202100039209,2021-05-20 16:15:00,2021,5,20,16,15,13,13059,D556,43.658597,5.494258,Plein jour,Hors agglomération,Hors intersection,Normale,Deux véhicules - côté,7,2,2,0,1,1,1,0,1,80,,2,1,0,1,0,28.0,29.0,,,1,1,1,1,3
202100039210,2021-05-21 08:38:00,2021,5,21,8,38,70,70262,Route nationale 19,47.672128,6.383539,Plein jour,Hors agglomération,Hors intersection,Normale,Deux véhicules - frontale,2,2,2,0,1,1,2,0,1,80,,3,1,1,1,0,27.0,53.0,,,1,1,1,1,1
202100039211,2021-05-21 10:30:00,2021,5,21,10,30,68,68185,RD1059,48.266541,7.301209,Plein jour,Hors agglomération,Hors intersection,Normale,Deux véhicules - frontale,3,2,2,0,1,1,1,0,1,80,,4,3,0,1,0,35.0,54.0,,,1,1,1,1,1