accident_id,datetime,annee,mois,jour,heure,minute,departement,commune_insee,adresse,latitude,longitude,luminosite,agglomeration,intersection,meteo,collision,catr,circ,nbv,vosp,prof,plan,surf,infra,situ,vma,nb_vehicules,nb_usagers,nb_indemnes,nb_tues,nb_blesses_hosp,nb_blesses_legers,age_cond_1,age_cond_2,veh_type_cond_1,veh_type_cond_2,lum_code,agg_code,int_code,atm_code,col_code
202100039212,2021-05-20 21:30:00,2021,5,20,21,30,68,68095,D111,48.097702,7.446585,Crépuscule ou aube,Hors agglomération,Hors intersection,Normale,Deux véhicules - frontale,3,2,2,0,1,1,1,0,1,80,,2,0,0,0,2,24.0,35.0,,,2,1,1,1,1
202100039213,2021-05-21 13:15:00,2021,5,21,13,15,55,55427,RD 995 / PK 04+875,48.812883,4.970713,Plein jour,Hors agglomération,Hors intersection,Normale,Deux véhicules - frontale,3,2,2,0,1,3,1,0,1,80,,2,1,0,1,0,23.0,23.0,,,1,1,1,1,1
202100039214,2021-05-20 09:45:00,2021,5,20,9,45,44,44209,Rue du Champ de Foire,47.330843,-1.624319,Plein jour,En agglomération,Hors intersection,Normale,Autre collision,3,2,2,0,1,1,1,0,1,30,,2,1,0,0,1,45.0,,,,1,2,1,1,6
202100039215,2021-05-19 21:20:00,2021,5,19,21,20,69,69019,D18,46.1141866048,4.7277420759,Nuit sans éclairage public,Hors agglomération,Hors intersection,Normale,Sans collision,3,2,2,0,1,1,1,0,3,80,,1,0,0,0,1,18.0,,,,3,1,1,1,7
202100039216,2021-05-20 17:38:00,2021,5,20,17,38,69,69116,MONT VERDUN (DU) (RTE),45.841709,4.776526,Plein jour,Hors agglomération,Hors intersection,Normale,Autre collision,7,2,2,0,2,2,1,0,1,80,,2,1,0,0,1,40.0,22.0,,,1,1,1,1,6
202100039217,2021-05-21 12:20:00,2021,5,21,12,20,31,31263,Route de Saverdun,43.398983,1.403632,Plein jour,Hors agglomération,Hors intersection,Normale,Deux véhicules - frontale,3,2,2,0,1,2,1,0,1,70,,2,1,0,1,0,28.0,28.0,,,1,1,1,1,1
202100039218,2021-05-19 18:30:00,2021,5,19,18,30,56,56069,22 Rue du Presbytère,47.638957,-3.456198,Plein jour,En agglomération,Hors intersection,Normale,Autre collision,3,1,1,0,1,1,1,0,1,50,,1,0,0,1,0,47.0,,,,1,2,1,1,6
202100039219,2021-05-20 11:25:00,2021,5,20,11,25,22,22339,ZONE COMMERCIALE DE DOMBRIAND,48.476933,-2.043833,Plein jour,En agglomération,Hors intersection,Normale,Autre collision,6,-1,-1,0,1,1,1,0,8,50,,2,1,0,0,1,71.0,,,,1,2,1,1,6
202100039220,2021-05-09 19:45:00,2021,5,9,19,45,35,35047,Les Corbières,48.03399,-1.75873,Plein jour,En agglomération,Hors intersection,Normale,Autre collision,4,2,2,3,1,1,1,0,3,50,,1,0,0,1,0,23.0,,,,1,2,1,1,6
202100039221,2021-05-21 16:45:00,2021,5,21,16,45,60,60317,,49.331345,2.311871,Plein jour,Hors agglomération,Hors intersection,Pluie légère,Deux véhicules - frontale,3,2,2,0,1,1,2,0,1,80,,3,0,0,2,1,41.0,64.0,,,1,1,1,2,1
202100039222,2021-05-20 17:45:00,2021,5,20,17,45,13,13071,A55 - Sens Marseille vers Martigues,43.39821,5.29895,Plein jour,Hors agglomération,Hors intersection,Normale,Deux véhicules - côté,1,-1,2,0,1,1,1,0,1,90,,2,1,0,0,1,53.0,32.0,,,1,1,1,1,3
202100039223,2021-05-20 14:10:00,2021,5,20,14,10,13,13211,A50-Sens Marseille vers Aubagne,43.29266,5.45452,Plein jour,Hors agglomération,Hors intersection,Normale,Deux véhicules - arrière,1,1,3,0,1,1,1,0,1,90,,2,1,0,0,1,31.0,29.0,,,1,1,1,1,2
202100039224,2021-05-20 13:15:00,2021,5,20,13,15,13,13215,A7-Sens Marseille vers Lyon,43.38492,5.35091,Plein jour,Hors agglomération,Hors intersection,Normale,Deux véhicules - arrière,1,1,3,0,1,1,1,0,1,90,,2,1,0,1,0,20.0,36.0,,,1,1,1,1,2
202100039225,2021-05-20 10:45:00,2021,5,20,10,45,13,13056,A55-Sens Martigues vers Marseille,43.39505,5.06748,Plein jour,Hors agglomération,Hors intersection,Normale,Autre collision,1,1,2,0,3,2,1,0,1,90,,2,0,0,0,2,35.0,,,,1,1,1,1,6
202100039226,2021-05-20 09:00:00,2021,5,20,9,0,13,13070,A50-Sens Aubagne vers Marseille,43.2862084286,5.5101557758,Plein jour,Hors agglomération,Hors intersection,Normale,Deux véhicules - arrière,1,1,3,0,1,1,1,0,1,90,,2,1,0,0,1,42.0,30.0,,,1,1,1,1,2
202100039227,2021-05-19 08:20:00,2021,5,19,8,20,83,83126,A50,43.119477,5.860765,Plein jour,Hors agglomération,Hors intersection,Normale,Deux véhicules - côté,1,1,2,0,1,1,1,0,1,90,,2,1,0,0,1,20.0,42.0,,,1,1,1,1,3
202100039228,2021-05-19 13:35:00,2021,5,19,13,35,67,67482,M351,48.5862236277,7.7195926891,Plein jour,Hors agglomération,Hors intersection,Normale,Trois véhicules et plus - en chaîne,7,3,3,0,1,1,2,0,1,90,,6,0,0,0,6,36.0,65.0,,,1,1,1,1,4
202100039229,2021-05-19 08:22:00,2021,5,19,8,22,67,67049,M35,48.52301,7.61988,Plein jour,Hors agglomération,Hors intersection,Normale,Trois véhicules et plus - en chaîne,7,1,3,0,1,1,1,0,1,110,,4,3,0,0,1,39.0,27.0,,,1,1,1,1,4
202100039230,2021-05-20 18:15:00,2021,5,20,18,15,33,33162,,44.877918,-0.630419,Plein jour,Hors agglomération,Hors intersection,Normale,Autre collision,1,3,4,0,1,1,1,3,1,70,,1,0,0,1,0,33.0,,,,1,1,1,1,6
202100039231,2021-05-19 16:30:00,2021,5,19,16,30,33,33281,Rocade Ouest A630,44.823868,-0.674453,Plein jour,Hors agglomération,Hors intersection,Normale,Deux véhicules - arrière,1,3,6,0,1,1,1,0,1,90,,2,1,0,0,1,34.0,60.0,,,1,1,1,1,2
202100039232,2021-05-20 15:00:00,2021,5,20,15,0,92,92050,A86,48.9162740461,2.2212873621,Plein jour,Hors agglomération,Hors intersection,Normale,Trois véhicules et plus - en chaîne,1,3,4,0,1,1,1,0,1,90,,4,3,0,0,1,39.0,34.0,,,1,1,1,1,4
202100039233,2021-05-19 19:40:00,2021,5,19,19,40,92,92025,A86,48.9270323695,2.2366148297,Plein jour,Hors agglomération,Hors intersection,Normale,Trois véhicules et plus - en chaîne,1,3,4,0,1,1,1,0,1,90,,3,1,0,0,2,29.0,23.0,,,1,1,1,1,4
202100039234,2021-05-19 15:25:00,2021,5,19,15,25,92,92025,A86,48.9233278822,2.2286303863,Plein jour,Hors agglomération,Hors intersection,Normale,Deux véhicules - arrière,1,3,4,0,1,1,1,0,1,110,,2,1,0,0,1,26.0,56.0,,,1,1,1,1,2
202100039235,2021-05-19 14:55:00,2021,5,19,14,55,78,78646,RN12 INT,48.793391,2.075548,Plein jour,Hors agglomération,Hors intersection,Pluie forte,Trois véhicules et plus - collisions multiples,2,3,6,0,1,2,2,0,1,110,,6,2,0,0,4,27.0,38.0,,,1,1,1,3,5
202100039236,2021-05-19 20:30:00,2021,5,19,20,30,60,60241,AUTOROUTE A1,49.15947,2.59501,Plein jour,Hors agglomération,Hors intersection,Normale,Deux véhicules - arrière,1,3,6,0,1,1,1,0,1,130,,2,1,0,0,1,58.0,53.0,,,1,1,1,1,2
202100039237,2021-05-20 02:45:00,2021,5,20,2,45,95,95572, A15,49.0333,2.1055,Nuit sans éclairage public,Hors agglomération,Hors intersection,Normale,Autre collision,1,3,6,0,2,1,1,0,1,90,,1,0,0,0,1,42.0,,,,3,1,1,1,6
202100039238,2021-05-19 18:05:00,2021,5,19,18,5,93,93048,AUTOROUTE A86,48.86449,2.48248,Plein jour,Hors agglomération,Hors intersection,Normale,Trois véhicules et plus - en chaîne,1,3,6,0,1,1,1,0,1,90,,5,3,0,0,2,43.0,45.0,,,1,1,1,1,4
202100039239,2021-05-19 17:25:00,2021,5,19,17,25,93,93008,AUTOROUTE A86,48.91329,2.43472,Plein jour,Hors agglomération,Hors intersection,Pluie légère,Deux véhicules - arrière,1,3,6,0,1,1,1,1,1,90,,2,1,0,0,1,25.0,57.0,,,1,1,1,2,2
202100039240,2021-05-19 15:40:00,2021,5,19,15,40,95,95394,AUTOROUTE A115,49.05156,2.18228,Plein jour,Hors agglomération,Hors intersection,Pluie forte,Autre collision,1,1,2,0,2,2,2,0,1,70,,1,0,0,0,1,43.0,,,,1,1,1,3,6
202100039241,2021-05-19 14:10:00,2021,5,19,14,10,93,93007,AUTOROUTE A3,48.93311,2.48073,Plein jour,Hors agglomération,Hors intersection,Normale,Deux véhicules - arrière,1,3,8,0,1,1,1,0,1,110,,2,1,0,0,1,40.0,36.0,,,1,1,1,1,2
202100039242,2021-05-19 06:10:00,2021,5,19,6,10,93,93053,AUTOROUTE A3,48.89503,2.47133,Plein jour,Hors agglomération,Hors intersection,Pluie légère,Trois véhicules et plus - collisions multiples,1,3,10,0,1,1,2,0,1,70,,3,2,0,0,1,35.0,57.0,,,1,1,1,2,5
202100039243,2021-05-20 13:30:00,2021,5,20,13,30,93,93051,A4,48.83678,2.54555,Plein jour,Hors agglomération,Hors intersection,Normale,Deux véhicules - arrière,1,1,3,0,1,1,1,0,1,110,,2,0,0,0,2,47.0,21.0,,,1,1,1,1,2
202100039244,2021-05-20 13:30:00,2021,5,20,13,30,94,94017,A4,48.8271790507,2.5086856622,Plein jour,Hors agglomération,Hors intersection,Normale,Deux véhicules - côté,1,1,4,0,1,1,1,1,1,90,,2,1,0,0,1,26.0,21.0,,,1,1,1,1,3
202100039245,2021-05-20 08:50:00,2021,5,20,8,50,94,94069,A4,48.81758,2.43505,Plein jour,Hors agglomération,Hors intersection,Normale,Sans collision,1,3,10,0,1,1,1,0,1,90,,2,1,1,0,0,51.0,61.0,,,1,1,1,1,7
202100039246,2021-05-19 12:15:00,2021,5,19,12,15,33,33522,Rue Aldona,44.79856,-0.59137,Plein jour,En agglomération,Intersection en T,Normale,Autre collision,4,2,3,1,1,1,1,0,1,50,,2,1,0,1,0,43.0,,,,1,2,3,1,6
202100039247,2021-05-19 13:10:00,2021,5,19,13,10,976,97611,mamoudzou centre-Haladi Selemani ( rue ),-12.78169,45.2315,Plein jour,En agglomération,Hors intersection,Normale,Autre collision,4,1,0,0,1,1,1,0,1,50,,2,1,0,0,1,,,,,1,2,1,1,6
202100039248,2021-01-08 15:20:00,2021,1,8,15,20,72,72181,DURAND GEORGES (AV) N° IMP 199 AU N° 311,47.9751,0.2155,Plein jour,En agglomération,Hors intersection,Normale,Autre collision,6,-1,-1,0,1,1,1,0,8,50,,2,1,0,0,1,,,,,1,2,1,1,6
202100039249,2021-05-19 13:15:00,2021,5,19,13,15,988,98818,RUE SANTOS DUMONT/ROUTE DE L'ANSE VATA,-22.28824,166.44801,Plein jour,En agglomération,Intersection en T,Normale,Deux véhicules - côté,4,2,2,0,1,1,1,0,1,50,,2,1,0,1,0,23.0,63.0,,,1,2,3,1,3
202100039250,2021-05-19 17:55:00,2021,5,19,17,55,974,97416,RN03,-21.32279,55.44643,Crépuscule ou aube,Hors agglomération,Hors intersection,Normale,Deux véhicules - côté,2,1,4,0,1,1,1,0,1,110,,2,1,0,0,1,18.0,48.0,,,2,1,1,1,3
202100039251,2021-05-19 15:15:00,2021,5,19,15,15,974,97416,DONAT (AVENUE LUC),-21.3385,55.4586,Plein jour,En agglomération,Giratoire,Normale,Deux véhicules - côté,4,2,2,0,1,2,1,5,1,50,,2,1,0,0,1,49.0,53.0,,,1,2,6,1,3
202100039252,2021-05-19 14:30:00,2021,5,19,14,30,974,97416,DE LA ZONE(ALLEE),-21.318271,55.473278,Plein jour,Hors agglomération,Intersection en T,Normale,Deux véhicules - côté,4,2,2,0,1,1,1,0,1,50,,2,1,0,1,0,31.0,44.0,,,1,1,3,1,3
202100039253,2021-05-18 16:00:00,2021,5,18,16,0,974,97407,GANDHI MAHATMA (ALLEE),-20.9587,55.32214,Plein jour,Hors agglomération,Hors intersection,Normale,Deux véhicules - côté,4,2,2,1,1,1,1,0,1,50,,2,1,0,1,0,19.0,55.0,,,1,1,1,1,3
202100039254,2021-05-19 14:10:00,2021,5,19,14,10,973,97302,CABASSOU (ROUTE DE),4.92037,-52.32077,Plein jour,En agglomération,Hors intersection,Pluie légère,Deux véhicules - arrière,3,2,2,2,1,1,2,0,1,50,,2,1,0,0,1,17.0,,,,1,2,1,2,2
202100039255,2021-05-19 17:30:00,2021,5,19,17,30,69,69388,TUILIERS (DES) (R),45.74732,4.86502,Plein jour,En agglomération,Intersection en X,Temps couvert,Deux véhicules - côté,4,1,1,0,1,1,1,0,1,50,,2,1,0,0,1,20.0,30.0,,,1,2,2,8,3
202100039256,2021-05-19 16:45:00,2021,5,19,16,45,69,69387,GARIBALDI (R),45.75026,4.85389,Plein jour,En agglomération,Hors intersection,Pluie légère,Deux véhicules - côté,4,2,2,1,1,1,2,0,5,30,,2,1,0,0,1,20.0,30.0,,,1,2,1,2,3
202100039257,2021-05-18 22:50:00,2021,5,18,22,50,69,69383,GARIBALDI (R),45.7552985437,4.8529906869,Nuit avec éclairage allumé,En agglomération,Hors intersection,Normale,Trois véhicules et plus - en chaîne,4,1,3,0,1,1,1,0,1,50,,8,5,0,0,3,28.0,28.0,,,5,2,1,1,4
202100039258,2021-05-19 09:10:00,2021,5,19,9,10,972,97209,Bretelle sortie A1,14.61473,-61.04664,Plein jour,Hors agglomération,Hors intersection,Normale,Deux véhicules - arrière,1,2,7,3,1,1,1,0,1,90,,2,1,0,1,0,59.0,63.0,,,1,1,1,1,2
202100039259,2021-05-19 16:50:00,2021,5,19,16,50,69,69202,MARECHAL FOCH (DU)                  (AV),45.74396,4.79824,Plein jour,En agglomération,Intersection en X,Normale,Deux véhicules - côté,4,2,3,0,1,1,1,0,1,50,,2,1,0,0,1,66.0,40.0,,,1,2,2,1,3
202100039260,2021-05-19 16:40:00,2021,5,19,16,40,69,69384,BIRMINGHAM (DE)                     (AV),45.77456,4.81342,Plein jour,En agglomération,Hors intersection,Temps couvert,Trois véhicules et plus - en chaîne,4,1,3,3,1,1,2,0,1,50,,6,3,0,0,3,72.0,28.0,,,1,2,1,8,4
202100039261,2021-05-19 20:40:00,2021,5,19,20,40,2A,2A004,CAMPI LOUIS BD,41.9446,8.75666,Crépuscule ou aube,En agglomération,Hors intersection,Normale,Sans collision,4,2,2,0,2,1,1,8,1,50,,2,1,0,1,0,28.0,23.0,,,2,2,1,1,7
202100039262,2021-05-19 16:15:00,2021,5,19,16,15,2A,2A004,GEANT CASINO,41.9496,8.77533,Plein jour,En agglomération,Intersection en X,Normale,Deux véhicules - côté,6,-1,-1,0,1,1,1,9,8,50,,2,0,0,0,2,20.0,57.0,,,1,2,2,1,3
202100039263,2021-05-19 09:55:00,2021,5,19,9,55,91,91421,JEAN JAURES (AVENUE),48.71763,2.44542,Plein jour,En agglomération,Hors intersection,Pluie légère,Autre collision,3,3,2,0,1,1,2,0,1,50,,1,0,0,0,1,38.0,,,,1,2,1,2,6
202100039264,2021-05-17 17:45:00,2021,5,17,17,45,91,91228,PARLEMENT EUROPEEN (ROND POINT),48.61354,2.42483,Plein jour,En agglomération,Giratoire,Normale,Deux véhicules - côté,3,4,2,0,1,2,2,9,1,50,,2,1,0,0,1,27.0,28.0,,,1,2,6,1,3
202100039265,2021-05-19 01:05:00,2021,5,19,1,5,83,83126,BRUN (AV ROBERT),43.116713,5.862904,Nuit avec éclairage allumé,En agglomération,Autre intersection,Normale,Autre collision,4,2,2,0,1,3,1,5,3,50,,1,0,1,0,0,33.0,,,,5,2,9,1,6
202100039266,2021-05-17 15:00:00,2021,5,17,15,0,80,80021,QUATORZE JUILLET 1789 (AVENUE DU),49.87559,2.2818,Plein jour,En agglomération,Hors intersection,Normale,Deux véhicules - côté,4,2,2,0,1,1,1,0,1,50,,2,1,0,0,1,30.0,63.0,,,1,2,1,1,3
202100039267,2021-05-17 14:50:00,2021,5,17,14,50,80,80021,JULES FERRY (CHAUSSEE),49.88101,2.3308,Plein jour,En agglomération,Hors intersection,Normale,Deux véhicules - arrière,4,2,2,0,2,1,1,0,1,50,,2,1,0,0,1,70.0,21.0,,,1,2,1,1,2
202100039268,2021-05-13 15:12:00,2021,5,13,15,12,80,80021,COQUELICOTS (RUE DES),49.89348,2.25428,Plein jour,En agglomération,Hors intersection,Normale,Deux véhicules - côté,4,1,1,0,1,3,1,0,1,50,,2,1,0,0,1,50.0,15.0,,,1,2,1,1,3
202100039269,2021-05-18 21:42:00,2021,5,18,21,42,76,76351,CHRISTOPHE COLOMB (AVENUE),49.48049,0.14877,Crépuscule ou aube,Hors agglomération,Intersection en T,Normale,Sans collision,4,3,4,0,1,2,1,0,1,70,,1,0,0,1,0,30.0,,,,2,1,3,1,7
202100039270,2021-05-19 18:20:00,2021,5,19,18,20,76,76217,DUQUESNE (QUAI),49.9248,1.08072,Plein jour,En agglomération,Hors intersection,Normale,Deux véhicules - côté,3,2,3,0,1,1,1,0,1,30,,2,1,0,1,0,27.0,85.0,,,1,2,1,1,3
202100039271,2021-05-19 17:40:00,2021,5,19,17,40,69,69290,TOUSSIEU (DE) (RTE),45.69729,4.98269,Plein jour,Hors agglomération,Hors intersection,Normale,Deux véhicules - arrière,4,2,2,0,2,1,2,0,1,50,,2,1,0,0,1,25.0,17.0,,,1,1,1,1,2
202100039272,2021-05-19 17:15:00,2021,5,19,17,15,69,69266,GEORGE SAND (R),45.75557,4.89013,Plein jour,En agglomération,Intersection en T,Normale,Deux véhicules - côté,4,1,1,1,1,1,1,0,5,30,,2,1,0,1,0,23.0,36.0,,,1,2,3,1,3
202100039273,2021-05-04 20:05:00,2021,5,4,20,5,69,69266,TOLSTOI (CR),45.76137,4.88333,Plein jour,En agglomération,Intersection en Y,Normale,Deux véhicules - côté,4,2,3,3,1,1,1,0,1,50,,2,1,0,0,1,38.0,41.0,,,1,2,4,1,3
202100039274,2021-05-19 17:45:00,2021,5,19,17,45,64,64129,BAYONNE DE,43.30425,-0.4003,Plein jour,En agglomération,Intersection en T,Normale,Deux véhicules - côté,4,2,2,2,1,1,1,0,5,50,,2,1,0,0,1,20.0,55.0,,,1,2,3,1,3
202100039275,2021-05-18 16:10:00,2021,5,18,16,10,64,64445,GEN DE GAULLE DU,43.30181,-0.35621,Plein jour,En agglomération,Intersection en X,Normale,Deux véhicules - côté,4,2,3,0,1,1,1,0,1,50,,2,1,0,0,1,63.0,24.0,,,1,2,2,1,3
202100039276,2021-05-18 13:50:00,2021,5,18,13,50,64,64445,JEAN MERMOZ,43.30704,-0.37641,Plein jour,En agglomération,Intersection en T,Normale,Deux véhicules - côté,4,2,3,0,1,1,1,0,1,50,,2,1,0,0,1,28.0,35.0,,,1,2,3,1,3
202100039277,2021-05-19 14:50:00,2021,5,19,14,50,62,62826,GOLF (AVENUE DU),50.51472,1.60821,Plein jour,En agglomération,Giratoire,Normale,Deux véhicules - côté,4,2,1,1,1,2,1,5,1,50,,2,1,0,0,1,52.0,21.0,,,1,2,6,1,3
202100039278,2021-05-18 01:00:00,2021,5,18,1,0,62,62274,MULTIMODALE (PLATEFORME),50.453115,2.97707,Nuit avec éclairage non allumé,Hors agglomération,Hors intersection,Normale,Deux véhicules - côté,4,2,2,0,1,1,1,0,1,50,,3,2,1,0,0,,21.0,,,4,1,1,1,3
202100039279,2021-05-19 13:40:00,2021,5,19,13,40,62,62193,A216,50.97037,1.8794,Plein jour,Hors agglomération,Hors intersection,Normale,Autre collision,2,1,6,0,1,1,1,9,1,50,,3,2,0,1,0,32.0,,,,1,1,1,1,6
202100039280,2021-05-11 18:35:00,2021,5,11,18,35,59,59009,JAURES JEAN METRO,50.65883,3.1347,Plein jour,En agglomération,Hors intersection,Normale,Deux véhicules - arrière,7,2,2,0,1,1,1,0,1,50,,2,1,0,0,1,52.0,,,,1,2,1,1,2
202100039281,2021-05-18 11:30:00,2021,5,18,11,30,51,51454,Boulevard des Belges,49.27629,4.02687,Plein jour,En agglomération,Intersection en X,Normale,Deux véhicules - côté,4,2,2,0,1,1,1,0,1,50,,2,1,0,0,1,,24.0,,,1,2,2,1,3
202100039282,2021-05-18 13:40:00,2021,5,18,13,40,50,50129,CALIGNY (QUAI DE),49.6461,-1.6214,Plein jour,En agglomération,Hors intersection,Normale,Deux véhicules - arrière,4,-1,3,0,1,1,1,0,1,50,,2,1,0,1,0,70.0,17.0,,,1,2,1,1,2
202100039283,2021-05-18 18:00:00,2021,5,18,18,0,49,49328,DELESSERT (BOULEVARD BENJAMIN),47.25382,-0.08564,Plein jour,En agglomération,Hors intersection,Normale,Autre collision,4,3,3,1,1,1,1,0,1,50,,2,1,0,1,0,22.0,,,,1,2,1,1,6
202100039284,2021-05-19 09:10:00,2021,5,19,9,10,49,49267,BIRGE BOULEVARD,47.4708,-0.519,Plein jour,En agglomération,Intersection en X,Normale,Deux véhicules - côté,4,-1,2,0,1,1,1,0,1,50,,2,1,0,0,1,70.0,17.0,,,1,2,2,1,3
202100039285,2021-05-19 14:10:00,2021,5,19,14,10,47,47323,FUMEL(AVENUE DE ),44.40867,0.73076,Plein jour,En agglomération,Intersection en T,Normale,Deux véhicules - côté,3,2,2,0,1,1,1,0,1,50,,3,0,0,1,2,77.0,19.0,,,1,2,3,1,3
202100039286,2021-05-19 17:40:00,2021,5,19,17,40,42,42095,Rue Denfert Rochereau,45.3899,4.2907,Plein jour,En agglomération,Hors intersection,Normale,Autre collision,4,1,1,0,2,1,1,0,4,50,,2,1,0,0,1,36.0,,,,1,2,1,1,6
202100039287,2021-05-19 19:00:00,2021,5,19,19,0,35,35238,VERN (DE),48.09352,-1.64837,Plein jour,En agglomération,Hors intersection,Normale,Trois véhicules et plus - en chaîne,4,2,2,0,1,1,1,0,1,50,,3,2,0,0,1,53.0,53.0,,,1,2,1,1,4
202100039288,2021-05-19 14:10:00,2021,5,19,14,10,35,35238,SAINT-HELIER,48.10698,-1.67068,Plein jour,En agglomération,Intersection en X,Pluie légère,Sans collision,4,-1,2,2,1,1,2,5,1,50,,1,0,0,0,1,30.0,,,,1,2,2,2,7
202100039289,2021-05-18 08:30:00,2021,5,18,8,30,34,34108,RD2 Route de Balaruc,43.42998,3.70509,Plein jour,Hors agglomération,Hors intersection,Normale,Deux véhicules - frontale,3,2,2,0,1,1,1,0,1,80,,2,0,0,2,0,81.0,19.0,,,1,1,1,1,1
202100039290,2021-05-11 16:45:00,2021,5,11,16,45,34,34032,VILLON PIERRE (RUE),43.34247,3.2394,Plein jour,En agglomération,Hors intersection,Normale,Autre collision,4,2,3,0,1,1,1,0,1,50,,2,1,0,0,1,88.0,,,,1,2,1,1,6
202100039291,2021-05-06 17:00:00,2021,5,6,17,0,33,33063,Avenue des Trois Cardinaux,44.88795,-0.55729,Plein jour,En agglomération,Intersection en X,Pluie légère,Deux véhicules - côté,4,2,2,0,1,1,2,0,1,50,,3,1,0,0,2,22.0,36.0,,,1,2,2,2,3
202100039292,2021-05-18 12:15:00,2021,5,18,12,15,33,33013,Rue du Pouqueyras,44.85875,-0.48112,Plein jour,En agglomération,Intersection en Y,Pluie légère,Deux véhicules - frontale,4,2,2,0,1,3,2,0,1,50,,2,1,0,0,1,42.0,36.0,,,1,2,4,2,1
202100039293,2021-05-19 12:50:00,2021,5,19,12,50,32,32013,PRIEURE (PONT DU),43.64726,0.5889,Plein jour,En agglomération,Hors intersection,Pluie légère,Deux véhicules - arrière,2,1,2,0,1,2,2,2,1,50,,2,1,0,0,1,39.0,16.0,,,1,2,1,2,2
202100039294,2021-05-19 15:58:00,2021,5,19,15,58,29,29232,Chemin de Kerequellou,47.9666543383,-4.0613329413,Plein jour,Hors agglomération,Intersection en T,Normale,Deux véhicules - côté,3,2,1,0,1,1,1,5,1,70,,2,1,0,0,1,23.0,30.0,,,1,1,3,1,3
202100039295,2021-05-19 13:24:00,2021,5,19,13,24,29,29232,Avenue Saint Denis,47.9959570347,-4.0808406473,Plein jour,En agglomération,Hors intersection,Normale,Deux véhicules - frontale,4,2,2,0,1,1,1,0,1,50,,3,1,0,1,1,46.0,21.0,,,1,2,1,1,1
202100039296,2021-05-18 17:00:00,2021,5,18,17,0,25,25462,BECQUEREL HENRI,46.91356,6.35102,Plein jour,En agglomération,Hors intersection,Normale,Deux véhicules - arrière,6,-1,-1,0,1,2,1,0,1,50,,4,3,0,0,1,19.0,18.0,,,1,2,1,1,2
202100039297,2021-05-19 12:15:00,2021,5,19,12,15,14,14118,D7,49.207150889,-0.3620209695,Plein jour,En agglomération,Intersection en X,Normale,Deux véhicules - côté,3,2,2,0,1,1,1,5,1,50,,2,1,0,0,1,67.0,33.0,,,1,2,2,1,3
202100039298,2021-05-13 17:00:00,2021,5,13,17,0,13,13026,FARREN (route de),43.38366,5.17157,Plein jour,En agglomération,Hors intersection,Normale,Trois véhicules et plus - collisions multiples,4,2,2,0,1,1,1,0,1,50,,4,1,0,0,3,60.0,37.0,,,1,2,1,1,5
202100039299,2021-05-19 23:40:00,2021,5,19,23,40,13,13211,CARTONNERIE (BOULEVARD DE LA ),43.2916770051,5.4605715773,Nuit avec éclairage allumé,En agglomération,Hors intersection,Normale,Deux véhicules - arrière,4,-1,2,0,1,1,1,0,1,50,,4,0,0,0,4,19.0,20.0,,,5,2,1,1,2
202100039300,2021-05-19 23:00:00,2021,5,19,23,0,13,13205,BAILLE (BOULEVARD),43.287926,5.391279,Nuit avec éclairage allumé,En agglomération,Hors intersection,Normale,Deux véhicules - frontale,4,1,2,0,1,1,1,0,1,50,,3,2,0,0,1,55.0,23.0,,,5,2,1,1,1
202100039301,2021-05-20 23:05:00,2021,5,20,23,5,13,13205,SAINT PIERRE (RUE),43.2917627174,5.4079656028,Nuit avec éclairage allumé,En agglomération,Hors intersection,Normale,Deux véhicules - frontale,4,2,2,0,1,1,1,0,1,50,,2,1,0,0,1,55.0,21.0,,,5,2,1,1,1
202100039302,2021-05-19 21:15:00,2021,5,19,21,15,13,13209,MARÉCHAL DE LATTRE (AVENUE),43.245888,5.41722,Nuit avec éclairage allumé,En agglomération,Hors intersection,Normale,Deux véhicules - côté,7,2,2,1,1,1,1,0,1,50,,2,1,0,0,1,49.0,,,,5,2,1,1,3
202100039303,2021-05-19 15:50:00,2021,5,19,15,50,13,13208,VERRERIE (BD DE LA),43.233685,5.36121,Plein jour,En agglomération,Hors intersection,Normale,Autre collision,4,2,1,0,1,1,1,0,8,50,,2,1,0,1,0,19.0,,,,1,2,1,1,6
202100039304,2021-05-19 16:30:00,2021,5,19,16,30,13,13202,ANTHOINE (RUE D'),43.316695,5.369107,Plein jour,En agglomération,Intersection en X,Normale,Deux véhicules - arrière,4,2,3,0,1,1,1,0,1,50,,2,1,0,0,1,,16.0,,,1,2,2,1,2
202100039305,2021-05-19 15:00:00,2021,5,19,15,0,13,13214,SAINTE MARTHE (chemin),43.323979,5.388685,Plein jour,En agglomération,Hors intersection,Normale,Deux véhicules - frontale,4,2,2,0,1,3,1,8,1,50,,6,0,0,0,6,36.0,18.0,,,1,2,1,1,1
202100039306,2021-05-19 09:00:00,2021,5,19,9,0,13,13213,CHALUSSET (RUE),43.316869,5.396773,Plein jour,En agglomération,Autre intersection,Normale,Deux véhicules - arrière,4,1,1,0,2,1,1,9,1,30,,2,1,0,1,0,49.0,73.0,,,1,2,9,1,2
202100039307,2021-05-19 08:40:00,2021,5,19,8,40,13,13203,AUPHAN (RUE),43.316803,5.375696,Plein jour,En agglomération,Hors intersection,Normale,Deux véhicules - côté,4,2,2,0,1,1,1,0,1,50,,2,1,0,0,1,47.0,33.0,,,1,2,1,1,3