accident_id,datetime,annee,mois,jour,heure,minute,departement,commune_insee,adresse,latitude,longitude,luminosite,agglomeration,intersection,meteo,collision,catr,circ,nbv,vosp,prof,plan,surf,infra,situ,vma,nb_vehicules,nb_usagers,nb_indemnes,nb_tues,nb_blesses_hosp,nb_blesses_legers,age_cond_1,age_cond_2,veh_type_cond_1,veh_type_cond_2,lum_code,agg_code,int_code,atm_code,col_code
202100039308,2021-05-18 19:00:00,2021,5,18,19,0,13,13210,RABATAU (BOULEVARD),43.2808,5.399403,Plein jour,En agglomération,Autre intersection,Pluie légère,Deux véhicules - côté,7,2,4,0,2,1,2,0,1,50,,2,1,0,0,1,32.0,23.0,,,1,2,9,2,3
202100039309,2021-05-19 16:30:00,2021,5,19,16,30,07,07340,,44.7294,4.56845,Plein jour,En agglomération,Intersection en T,Normale,Deux véhicules - côté,3,4,2,0,1,1,1,0,1,50,,2,1,0,1,0,43.0,74.0,,,1,2,3,1,3
202100039310,2021-05-19 16:50:00,2021,5,19,16,50,07,07281,GROSS-UMSTADT (AVENUE DE),44.94502,4.85559,Plein jour,En agglomération,Hors intersection,Normale,Sans collision,4,2,2,0,1,1,1,0,1,50,,1,0,0,0,1,62.0,,,,1,2,1,1,7
202100039311,2021-05-19 12:08:00,2021,5,19,12,8,06,06088,FRANCE (R. DE) A PARTIR DU N° 66-91,43.692021,7.246499,Plein jour,En agglomération,Hors intersection,Normale,Autre collision,4,1,1,0,1,1,1,0,1,50,,2,1,0,0,1,41.0,,,,1,2,1,1,6
202100039312,2021-05-19 18:10:00,2021,5,19,18,10,06,06069,Avenue Pierre Sémard,43.654685,6.921992,Plein jour,En agglomération,Hors intersection,Normale,Autre collision,3,2,2,0,2,1,1,0,1,50,,2,1,0,0,1,46.0,,,,1,2,1,1,6
202100039313,2021-05-06 08:20:00,2021,5,6,8,20,06,06069,VICTOR HUGO  (BD),43.650442,6.918391,Plein jour,En agglomération,Hors intersection,Normale,Autre collision,3,2,1,0,1,2,2,0,2,50,,2,1,0,1,0,25.0,,,,1,2,1,1,6
202100039314,2021-05-18 17:22:00,2021,5,18,17,22,05,05061,JEAN JAURES ( AVENUE ),44.55161,6.0707,Plein jour,En agglomération,Intersection en T,Pluie légère,Deux véhicules - côté,2,2,2,0,1,1,2,0,1,50,,2,1,0,1,0,19.0,36.0,,,1,2,3,2,3
202100039315,2021-05-19 11:20:00,2021,5,19,11,20,01,01053,CHALLES (ALLEE) N° 1 A 16,46.2071,5.23115,Plein jour,En agglomération,Hors intersection,Normale,Autre collision,4,2,2,0,1,1,1,0,1,50,,2,1,0,0,1,74.0,,,,1,2,1,1,6
202100039316,2021-05-19 15:45:00,2021,5,19,15,45,75,75120,PLACE DE LA PORTE DE BAGNOLET,48.864664,2.408647,Plein jour,En agglomération,Place,Pluie légère,Deux véhicules - arrière,4,4,4,0,1,2,2,0,1,50,,2,1,0,0,1,34.0,31.0,,,1,2,7,2,2
202100039317,2021-05-19 08:25:00,2021,5,19,8,25,75,75119,RUE CURIAL,48.896065,2.378899,Plein jour,En agglomération,Hors intersection,Normale,Deux véhicules - côté,4,-1,1,0,1,1,2,0,4,30,,3,2,0,0,1,8.0,36.0,,,1,2,1,1,3
202100039318,2021-05-17 12:20:00,2021,5,17,12,20,75,75116,VOIE GEORGES POMPIDOU,48.841861,2.269571,Plein jour,En agglomération,Hors intersection,Normale,Deux véhicules - arrière,4,1,1,0,1,1,2,0,1,30,,3,2,0,0,1,50.0,17.0,,,1,2,1,1,2
202100039319,2021-05-18 13:00:00,2021,5,18,13,0,75,75115,BOULEVARD DE GRENELLE,48.849845,2.295006,Plein jour,En agglomération,Intersection en X,Normale,Autre collision,4,3,2,0,1,1,1,0,1,50,,2,1,0,0,1,47.0,,,,1,2,2,1,6
202100039320,2021-05-18 09:55:00,2021,5,18,9,55,75,75111,AVENUE PARMENTIER,48.869032,2.371767,Plein jour,En agglomération,Intersection en T,Normale,Deux véhicules - côté,4,2,2,0,1,1,1,0,1,50,,3,1,0,0,2,63.0,72.0,,,1,2,3,1,3
202100039321,2021-05-19 19:45:00,2021,5,19,19,45,75,75108,PLACE SAINT AUGUSTIN,48.874842,2.319818,Plein jour,En agglomération,Intersection à plus de 4 branches,Normale,Deux véhicules - côté,4,4,2,0,1,1,1,0,1,50,,2,1,0,0,1,63.0,28.0,,,1,2,5,1,3
202100039322,2021-05-19 14:40:00,2021,5,19,14,40,94,94081,YOURI GAGARINE (AV),48.7862,2.39179,Plein jour,En agglomération,Hors intersection,Normale,Deux véhicules - côté,3,3,4,0,1,1,2,0,1,50,,2,1,0,0,1,38.0,12.0,,,1,2,1,1,3
202100039323,2021-05-19 19:25:00,2021,5,19,19,25,94,94067,Avenue du Général de Gaulle,48.840156,2.417582,Plein jour,En agglomération,Intersection en T,Normale,Deux véhicules - côté,3,2,2,0,1,1,2,0,1,50,,2,1,0,0,1,17.0,60.0,,,1,2,3,1,3
202100039324,2021-05-19 19:03:00,2021,5,19,19,3,94,94078,MELUN (AV DE),48.72118,2.44294,Plein jour,En agglomération,Hors intersection,Normale,Deux véhicules - côté,2,3,4,0,1,1,1,0,1,50,,2,1,0,0,1,28.0,22.0,,,1,2,1,1,3
202100039325,2021-05-19 07:30:00,2021,5,19,7,30,94,94068,LOUVIERE (PL DE LA),48.8046741297,2.4857372046,Plein jour,En agglomération,Intersection à plus de 4 branches,Normale,Deux véhicules - côté,3,2,2,0,1,1,1,0,1,30,,2,1,0,0,1,,,,,1,2,5,1,3
202100039326,2021-05-19 21:00:00,2021,5,19,21,0,94,94021,Avenue de Stalingrad,48.7724,2.3676,Crépuscule ou aube,En agglomération,Autre intersection,Normale,Deux véhicules - côté,3,1,2,0,1,1,1,0,1,50,,2,1,0,0,1,21.0,38.0,,,2,2,9,1,3
202100039327,2021-05-18 14:45:00,2021,5,18,14,45,94,94028,MONTAIGUT(BOULVARD DU),48.7912216003,2.4446511269,Plein jour,En agglomération,Hors intersection,Normale,Deux véhicules - frontale,4,2,1,0,1,1,1,0,1,50,,2,1,0,0,1,22.0,54.0,,,1,2,1,1,1
202100039328,2021-05-19 12:44:00,2021,5,19,12,44,94,94075,Route de la Grange,48.733,2.517,Plein jour,En agglomération,Hors intersection,Normale,Deux véhicules - frontale,3,2,2,0,1,1,2,0,1,50,,2,0,0,1,1,26.0,81.0,,,1,2,1,1,1
202100039329,2021-05-18 13:10:00,2021,5,18,13,10,94,94002,Rue Emile Zola,48.79933,2.42523,Plein jour,En agglomération,Intersection en X,Normale,Deux véhicules - côté,4,2,2,0,2,1,1,0,1,50,,2,1,0,0,1,60.0,26.0,,,1,2,2,1,3
202100039330,2021-05-19 08:00:00,2021,5,19,8,0,93,93070,SEINE (QUAI DE),48.91429,2.31821,Plein jour,En agglomération,Hors intersection,Pluie légère,Trois véhicules et plus - en chaîne,9,1,2,0,1,1,2,0,1,50,,3,2,0,0,1,43.0,60.0,,,1,2,1,2,4
202100039331,2021-05-19 17:30:00,2021,5,19,17,30,93,93066,Rue du Plouich,48.943005,2.382471,Plein jour,En agglomération,Hors intersection,Pluie légère,Deux véhicules - frontale,4,2,2,0,1,4,2,0,1,30,,2,0,0,0,2,25.0,23.0,,,1,2,1,2,1
202100039332,2021-05-18 09:30:00,2021,5,18,9,30,93,93032,BOURDONS   (CHEMIN DES),48.88817,2.5293,Plein jour,En agglomération,Intersection en X,Temps couvert,Deux véhicules - côté,4,2,2,0,1,1,1,0,1,30,,2,1,0,0,1,44.0,36.0,,,1,2,2,8,3
202100039333,2021-05-19 09:30:00,2021,5,19,9,30,92,92073,ESTIENNE D'ORVES (RUE HONORE D'),48.8734848262,2.2252370417,Plein jour,En agglomération,Intersection en X,Pluie légère,Deux véhicules - côté,4,2,2,2,2,1,2,0,1,50,,2,1,0,0,1,59.0,61.0,,,1,2,2,2,3
202100039334,2021-05-18 08:52:00,2021,5,18,8,52,92,92064,BUZENVAL,48.8501630346,2.2092101723,Plein jour,En agglomération,Autre intersection,Normale,Autre collision,4,2,2,1,3,1,1,9,4,50,,1,0,0,0,1,69.0,,,,1,2,9,1,6
202100039335,2021-05-19 01:15:00,2021,5,19,1,15,92,92020,REPUBLIQUE AV. N°27 A 105 ET 26 A 178,48.8073694278,2.2983014396,Nuit avec éclairage allumé,En agglomération,Giratoire,Normale,Autre collision,3,2,2,0,1,3,1,5,8,50,,1,0,0,0,1,22.0,,,,5,2,6,1,6
202100039336,2021-05-19 16:45:00,2021,5,19,16,45,62,62308,Route Nationale 42,50.718257,1.94185,Plein jour,Hors agglomération,Hors intersection,Normale,Deux véhicules - frontale,2,2,2,0,1,1,1,0,1,80,,4,1,0,3,0,37.0,26.0,,,1,1,1,1,1
202100039337,2021-05-19 15:58:00,2021,5,19,15,58,11,11068,A61,43.1784714,2.543039918,Plein jour,Hors agglomération,Hors intersection,Normale,Autre collision,6,-1,-1,0,1,1,1,0,8,50,,2,1,0,0,1,45.0,,,,1,1,1,1,6
202100039338,2021-05-09 17:40:00,2021,5,9,17,40,84,84069,D19,44.142798,5.132225,Plein jour,Hors agglomération,Hors intersection,Normale,Sans collision,3,2,2,0,2,2,1,0,1,80,,1,0,0,1,0,17.0,,,,1,1,1,1,7
202100039339,2021-05-18 17:05:00,2021,5,18,17,5,972,97210,Faurien Montaou,14.585821,-60.914581,Crépuscule ou aube,Hors agglomération,Hors intersection,Normale,Deux véhicules - côté,4,2,2,0,2,1,1,0,1,50,,2,1,0,1,0,11.0,26.0,,,2,1,1,1,3
202100039340,2021-05-18 18:00:00,2021,5,18,18,0,12,12194,N88 ,44.239281,2.409015,Plein jour,Hors agglomération,Hors intersection,Normale,Trois véhicules et plus - collisions multiples,2,2,2,0,2,3,2,0,1,80,,4,1,1,0,2,46.0,55.0,,,1,1,1,1,5
202100039341,2021-05-20 15:45:00,2021,5,20,15,45,86,86273,Route de Montmorillon,46.4640456,1.037689,Plein jour,En agglomération,Hors intersection,Normale,Autre collision,3,2,2,0,2,1,1,0,3,50,,1,0,1,0,0,88.0,,,,1,2,1,1,6
202100039342,2021-05-20 01:00:00,2021,5,20,1,0,91,91665,rue des cailleboudes,48.660317,2.276037,Nuit avec éclairage allumé,En agglomération,Intersection en X,Normale,Deux véhicules - côté,3,3,2,0,1,1,1,5,1,70,,3,1,0,1,1,31.0,29.0,,,5,2,2,1,3
202100039343,2021-05-20 11:42:00,2021,5,20,11,42,65,65353,D817,43.1782323165,0.2501969934,Plein jour,Hors agglomération,Hors intersection,Normale,Trois véhicules et plus - collisions multiples,3,2,2,0,1,1,1,0,1,80,,4,1,0,3,0,75.0,52.0,,,1,1,1,1,5
202100039344,2021-05-19 21:13:00,2021,5,19,21,13,56,56178,Rue de Kerficelle,48.066981,-2.993774,Crépuscule ou aube,Hors agglomération,Hors intersection,Normale,Autre collision,4,2,2,0,2,1,1,0,1,80,,1,0,0,1,0,36.0,,,,2,1,1,1,6
202100039345,2021-05-19 21:40:00,2021,5,19,21,40,79,79079,13 Rue des Couturieres,46.916212,-0.708025,Crépuscule ou aube,En agglomération,Hors intersection,Normale,Autre collision,3,2,2,0,1,2,1,0,4,50,,4,1,0,0,3,26.0,,,,2,2,1,1,6
202100039346,2021-05-20 19:45:00,2021,5,20,19,45,2B,2B341,Pont du Vecchio,42.194363,9.168198,Plein jour,Hors agglomération,Intersection en T,Normale,Deux véhicules - côté,2,2,2,0,2,4,1,0,1,80,,2,1,0,0,1,21.0,40.0,,,1,1,3,1,3
202100039347,2021-05-15 19:00:00,2021,5,15,19,0,65,65235,Rue du Marechal Foch,43.199486,0.01479,Plein jour,En agglomération,Autre intersection,Autre,Deux véhicules - frontale,3,2,2,3,1,3,2,0,1,50,,4,3,0,1,0,47.0,25.0,,,1,2,9,9,1
202100039348,2021-05-19 12:25:00,2021,5,19,12,25,69,69088,LAMARTINE (Q),45.833286,4.845626,Plein jour,En agglomération,Intersection en T,Normale,Deux véhicules - arrière,7,2,2,1,1,1,2,0,1,50,,2,1,0,0,1,40.0,20.0,,,1,2,3,1,2
202100039349,2021-05-19 15:40:00,2021,5,19,15,40,63,63430,devant lycée Jean zay (21 Rue Jean Zay),45.863985,3.529868,Plein jour,En agglomération,Autre intersection,Pluie forte,Deux véhicules - côté,3,2,2,0,2,1,2,0,1,30,,2,1,0,0,1,16.0,20.0,,,1,2,9,3,3
202100039350,2021-05-20 04:20:00,2021,5,20,4,20,61,61130,Les Basses Mares,48.518928,0.487309,Nuit sans éclairage public,Hors agglomération,Hors intersection,Normale,Deux véhicules - frontale,3,2,2,0,2,1,1,0,1,90,,4,3,0,0,1,28.0,43.0,,,3,1,1,1,1
202100039351,2021-04-18 19:10:00,2021,4,18,19,10,61,61150,lieu dit les sapins,48.719997,0.420216,Plein jour,Hors agglomération,Hors intersection,Normale,Deux véhicules - frontale,4,2,1,0,2,3,1,0,1,80,,4,2,0,1,1,26.0,31.0,,,1,1,1,1,1
202100039352,2021-05-15 11:30:00,2021,5,15,11,30,12,12030,Bouillac,44.572593,2.154254,Plein jour,Hors agglomération,Intersection en Y,Pluie forte,Deux véhicules - côté,3,2,2,0,1,1,2,0,1,80,,2,1,0,0,1,18.0,66.0,,,1,1,4,3,3
202100039353,2021-05-18 18:30:00,2021,5,18,18,30,25,25367,Belvédère (Point de vue),47.430814,6.79592,Plein jour,Hors agglomération,Hors intersection,Pluie légère,Deux véhicules - frontale,4,2,2,0,1,1,2,0,1,40,,2,1,0,0,1,52.0,,,,1,1,1,2,1
202100039354,2021-03-27 16:15:00,2021,3,27,16,15,02,02071,Rue de la Croix de Roche,49.407511,3.169819,Plein jour,Hors agglomération,Hors intersection,Normale,Sans collision,3,2,2,0,4,3,1,0,8,80,,2,1,0,1,0,24.0,,,,1,1,1,1,7
202100039355,2021-05-12 16:00:00,2021,5,12,16,0,01,01098,236 route de bourg,45.805582,5.682984,Plein jour,En agglomération,Hors intersection,Normale,Autre collision,3,2,2,0,1,2,1,0,3,50,,1,0,0,1,0,76.0,,,,1,2,1,1,6
202100039356,2021-05-20 09:00:00,2021,5,20,9,0,26,26353,1055 Route Nationale 7,44.665485,4.791887,Plein jour,En agglomération,Hors intersection,Normale,Autre collision,2,2,2,0,1,1,1,0,1,50,,2,1,0,1,0,53.0,,,,1,2,1,1,6
202100039357,2021-05-20 09:00:00,2021,5,20,9,0,06,06105,D'2085,43.667817,7.044736,Plein jour,En agglomération,Hors intersection,Normale,Deux véhicules - côté,3,2,2,0,1,1,1,0,1,50,,2,1,0,0,1,58.0,78.0,,,1,2,1,1,3
202100039358,2021-05-05 17:00:00,2021,5,5,17,0,05,05170,RN85,44.446362,6.032095,Plein jour,Hors agglomération,Hors intersection,Normale,Autre collision,2,2,3,0,1,1,1,0,1,70,,2,1,0,0,1,25.0,69.0,,,1,1,1,1,6
202100039359,2021-05-20 08:10:00,2021,5,20,8,10,60,60584,Rue de Verdun,49.2158330564,2.4138159156,Plein jour,En agglomération,Hors intersection,Normale,Sans collision,4,-1,2,0,1,3,1,0,1,50,,1,0,0,0,1,30.0,,,,1,2,1,1,7
202100039360,2021-05-19 19:45:00,2021,5,19,19,45,40,40104,Route de la Chalosse,43.723963,-0.856773,Plein jour,Hors agglomération,Hors intersection,Normale,Deux véhicules - frontale,3,3,2,0,3,1,1,0,1,80,,2,1,0,0,1,60.0,60.0,,,1,1,1,1,1
202100039361,2021-05-19 07:10:00,2021,5,19,7,10,85,85127,Rue de la Plaine,46.425131,-1.486775,Crépuscule ou aube,En agglomération,Intersection en T,Autre,Deux véhicules - côté,4,1,1,0,1,1,2,0,1,50,,2,1,0,0,1,18.0,19.0,,,2,2,3,9,3
202100039362,2021-05-20 17:00:00,2021,5,20,17,0,85,85047,Route de Cholet,46.84976,-1.86471,Plein jour,En agglomération,Intersection en T,Normale,Deux véhicules - frontale,4,2,2,1,1,1,1,5,5,50,,2,1,0,1,0,38.0,21.0,,,1,2,3,1,1
202100039363,2021-05-19 12:40:00,2021,5,19,12,40,37,37061,La Grande Roue,46.916368,1.023295,Plein jour,Hors agglomération,Hors intersection,Normale,Deux véhicules - frontale,3,2,2,0,1,2,1,0,1,80,,2,1,0,1,0,15.0,56.0,,,1,1,1,1,1
202100039364,2021-05-18 21:45:00,2021,5,18,21,45,37,37186,route ST BRICE,47.2552884194,0.5770544542,Crépuscule ou aube,En agglomération,Intersection en X,Normale,Deux véhicules - côté,3,2,2,0,1,1,1,0,1,50,,2,1,0,1,0,34.0,20.0,,,2,2,2,1,3
202100039365,2021-05-20 12:25:00,2021,5,20,12,25,30,30133,85 Quai Colbert,43.538387,4.140047,Plein jour,En agglomération,Hors intersection,Normale,Autre collision,4,1,2,0,1,1,1,9,1,50,,2,1,1,0,0,59.0,,,,1,2,1,1,6
202100039366,2021-05-17 16:30:00,2021,5,17,16,30,30,30212,L'Ile Basse,43.943179,4.568499,Plein jour,En agglomération,Hors intersection,Normale,Sans collision,4,2,1,0,1,1,1,0,1,50,,1,0,0,1,0,39.0,,,,1,2,1,1,7
202100039367,2021-05-19 15:15:00,2021,5,19,15,15,88,88075,2 Grande Rue,48.003236,6.873423,Plein jour,En agglomération,Hors intersection,Pluie légère,Deux véhicules - côté,3,2,2,0,1,1,2,0,1,50,,2,1,0,0,1,42.0,17.0,,,1,2,1,2,3
202100039368,2021-05-20 11:45:00,2021,5,20,11,45,31,31107,a-64,43.310752,1.201694,Plein jour,Hors agglomération,Hors intersection,Normale,Deux véhicules - arrière,1,3,4,0,1,1,1,0,1,130,,2,1,0,0,1,40.0,57.0,,,1,1,1,1,2
202100039369,2021-05-19 12:31:00,2021,5,19,12,31,06,06149,"A8, PK205+200 chaussée sud",43.74298,7.343717,Plein jour,Hors agglomération,Hors intersection,Normale,Sans collision,1,3,5,0,2,2,1,0,1,110,,1,0,0,0,1,30.0,,,,1,1,1,1,7
202100039370,2021-05-18 12:00:00,2021,5,18,12,0,971,97103,Rue Albert Dupont,16.234067,-61.618415,Plein jour,Hors agglomération,Hors intersection,Normale,Deux véhicules - côté,4,2,2,0,1,1,1,0,1,50,,2,1,0,1,0,22.0,59.0,,,1,1,1,1,3
202100039371,2021-05-19 19:20:00,2021,5,19,19,20,986,98613,Utufua,-13.339822,-176.194949,Nuit sans éclairage public,Hors agglomération,Hors intersection,Normale,Deux véhicules - frontale,2,2,2,0,2,3,1,0,3,70,,1,0,0,1,0,30.0,,,,3,1,1,1,1
202100039372,2021-05-19 18:00:00,2021,5,19,18,0,974,97421,Chemin Plateau,-21.032256,55.505875,Crépuscule ou aube,En agglomération,Intersection en Y,Normale,Sans collision,4,2,2,0,2,3,9,0,1,50,,1,0,0,1,0,17.0,,,,2,2,4,1,7
202100039373,2021-05-18 18:43:00,2021,5,18,18,43,971,97129,Lieu Dit Bebel,16.326276,-61.690544,Crépuscule ou aube,En agglomération,Hors intersection,Normale,Deux véhicules - côté,2,2,2,0,1,1,1,0,1,-1,,2,1,1,0,0,21.0,27.0,,,2,2,1,1,3
202100039374,2021-05-03 13:30:00,2021,5,3,13,30,33,33118,Avenue des Chenes,44.780944,-0.462424,Plein jour,En agglomération,Hors intersection,Normale,Sans collision,4,2,2,0,1,2,1,0,1,50,,1,0,0,1,0,16.0,,,,1,2,1,1,7
202100039375,2021-05-20 08:00:00,2021,5,20,8,0,91,91461,Rue de la Maison Rouge,48.595504,2.227435,Plein jour,En agglomération,Hors intersection,Normale,Autre collision,3,2,1,1,1,3,1,0,5,30,,2,1,0,0,1,13.0,52.0,,,1,2,1,1,6
202100039376,2021-05-20 14:10:00,2021,5,20,14,10,2A,2A247,Avenue de Bastia,41.612442,9.279349,Plein jour,En agglomération,Hors intersection,Normale,Autre collision,2,2,2,0,2,1,1,0,1,50,,2,0,1,1,0,35.0,,,,1,2,1,1,6
202100039377,2021-05-19 19:20:00,2021,5,19,19,20,84,84012,999 Avenue Raspail,44.117884,5.017713,Plein jour,En agglomération,Hors intersection,Normale,Deux véhicules - frontale,3,2,2,0,1,1,1,0,1,50,,2,1,0,1,0,47.0,67.0,,,1,2,1,1,1
202100039378,2021-05-19 17:15:00,2021,5,19,17,15,84,84092,Route de Moriéres,43.951818,4.849321,Plein jour,En agglomération,Autre intersection,Normale,Deux véhicules - côté,4,-1,2,0,1,1,1,0,1,50,,2,1,0,1,0,22.0,68.0,,,1,2,9,1,3
202100039379,2021-05-19 14:30:00,2021,5,19,14,30,83,83112,Route de Bandol.,43.172432,5.715542,Plein jour,Hors agglomération,Hors intersection,Normale,Sans collision,3,2,2,0,2,1,1,0,3,70,,1,0,0,1,0,36.0,,,,1,1,1,1,7
202100039380,2021-05-19 21:30:00,2021,5,19,21,30,74,74290,Rte du Col,46.015662,6.919182,Nuit sans éclairage public,Hors agglomération,Hors intersection,Pluie légère,Autre collision,3,2,2,0,2,3,2,0,8,80,,3,1,0,1,1,19.0,,,,3,1,1,2,6
202100039381,2021-05-19 18:30:00,2021,5,19,18,30,64,64304,D312,43.473057,-1.395457,Plein jour,En agglomération,Giratoire,Normale,Deux véhicules - côté,3,1,1,0,1,2,1,0,1,50,,2,1,0,0,1,16.0,37.0,,,1,2,6,1,3
202100039382,2021-05-20 07:30:00,2021,5,20,7,30,33,33060,Le Sourd-est,44.562661,-0.342663,Plein jour,Hors agglomération,Intersection en Y,Normale,Deux véhicules - frontale,3,2,2,0,1,3,1,0,1,30,,2,1,1,0,0,41.0,61.0,,,1,1,4,1,1
202100039383,2021-05-20 11:10:00,2021,5,20,11,10,85,85222,31 Rue Ambroise Paré,46.694778,-1.916728,Plein jour,En agglomération,Intersection en T,Normale,Deux véhicules - côté,4,2,2,0,1,1,1,0,1,50,,2,1,0,1,0,52.0,87.0,,,1,2,3,1,3
202100039384,2021-05-19 21:00:00,2021,5,19,21,0,22,22176,D27,48.456829,-2.754157,Crépuscule ou aube,Hors agglomération,Intersection en X,Normale,Trois véhicules et plus - en chaîne,3,2,0,0,2,1,1,5,1,80,,3,2,0,1,0,29.0,51.0,,,2,1,2,1,4
202100039385,2021-05-15 15:38:00,2021,5,15,15,38,27,27546,Départementale 52,49.088047,1.138303,Plein jour,Hors agglomération,Hors intersection,Normale,Autre collision,3,2,2,0,1,1,1,0,1,80,,2,1,0,0,1,71.0,,,,1,1,1,1,6
202100039386,2021-05-18 20:34:00,2021,5,18,20,34,13,13056,A55-Sens Marseille vers Martigues,43.39668,5.04407,Crépuscule ou aube,Hors agglomération,Hors intersection,Normale,Sans collision,1,1,2,0,2,3,1,0,1,70,,1,0,0,0,1,34.0,,,,2,1,1,1,7
202100039387,2021-05-18 11:10:00,2021,5,18,11,10,69,69091,A47   1.809 A 5.820,45.58998,4.77279,Plein jour,Hors agglomération,Hors intersection,Pluie légère,Trois véhicules et plus - en chaîne,1,3,5,0,1,1,2,0,1,70,,6,2,0,1,3,47.0,28.0,,,1,1,1,2,4
202100039388,2021-05-18 23:00:00,2021,5,18,23,0,54,54320,Autoroute A 31,48.87293,6.09527,Nuit sans éclairage public,Hors agglomération,Hors intersection,Normale,Trois véhicules et plus - en chaîne,1,3,4,0,1,1,1,8,1,110,,3,2,0,0,1,36.0,24.0,,,3,1,1,1,4
202100039389,2021-05-19 16:40:00,2021,5,19,16,40,33,33090,,44.770992,-0.660337,Plein jour,Hors agglomération,Hors intersection,Normale,Trois véhicules et plus - en chaîne,1,3,4,0,1,1,1,0,1,110,,8,7,0,1,0,41.0,51.0,,,1,1,1,1,4
202100039390,2021-05-19 18:34:00,2021,5,19,18,34,94,94034,AUTOROUTE A86,48.7595,2.3222,Plein jour,Hors agglomération,Hors intersection,Normale,Trois véhicules et plus - en chaîne,1,3,4,0,1,1,1,1,1,70,,3,1,0,0,2,22.0,30.0,,,1,1,1,1,4
202100039391,2021-05-19 08:15:00,2021,5,19,8,15,91,91553,RN 104,48.6258,2.4734,Plein jour,Hors agglomération,Hors intersection,Normale,Autre collision,2,1,3,0,4,1,1,0,1,110,,1,0,0,0,1,20.0,,,,1,1,1,1,6
202100039392,2021-05-19 02:12:00,2021,5,19,2,12,94,94003,AUTOROUTE A6A,48.80166,2.34204,Nuit avec éclairage allumé,Hors agglomération,Hors intersection,Normale,Sans collision,1,3,6,0,2,3,2,0,2,70,,1,0,0,0,1,20.0,,,,5,1,1,1,7
202100039393,2021-05-19 16:35:00,2021,5,19,16,35,78,78498,A13,48.916844,2.005571,Plein jour,Hors agglomération,Hors intersection,Normale,Deux véhicules - côté,1,-1,2,0,2,1,2,0,1,110,,2,1,0,0,1,39.0,,,,1,1,1,1,3
202100039394,2021-05-19 15:20:00,2021,5,19,15,20,92,92064,A13,48.8429820546,2.2224709619,Plein jour,Hors agglomération,Hors intersection,Pluie forte,Trois véhicules et plus - en chaîne,1,3,4,0,1,1,2,0,1,70,,5,2,0,0,3,23.0,44.0,,,1,1,1,3,4
202100039395,2021-05-19 12:35:00,2021,5,19,12,35,92,92050,A86,48.90347,2.2057,Plein jour,Hors agglomération,Hors intersection,Pluie légère,Deux véhicules - arrière,1,3,4,0,2,1,2,0,1,70,,2,1,0,0,1,41.0,26.0,,,1,1,1,2,2
202100039396,2021-05-18 11:00:00,2021,5,18,11,0,78,78646,RN12 INT,48.791295,2.103778,Plein jour,Hors agglomération,Hors intersection,Normale,Deux véhicules - arrière,2,3,6,0,1,1,1,0,1,110,,3,2,0,0,1,28.0,56.0,,,1,1,1,1,2
202100039397,2021-05-18 19:30:00,2021,5,18,19,30,93,93053,AUTOROUTE A3,48.89502,2.47133,Crépuscule ou aube,Hors agglomération,Hors intersection,Pluie légère,Deux véhicules - côté,1,3,6,0,1,1,2,0,1,90,,2,1,0,0,1,36.0,33.0,,,2,1,1,2,3
202100039398,2021-05-18 19:00:00,2021,5,18,19,0,93,93066,AUTOROUTE A86,48.9227549984,2.3523496029,Plein jour,Hors agglomération,Hors intersection,Pluie légère,Deux véhicules - arrière,1,3,10,0,1,1,2,0,1,90,,3,1,0,0,2,20.0,21.0,,,1,1,1,2,2
202100039399,2021-05-18 08:20:00,2021,5,18,8,20,93,93008,AUTOROUTE A86,48.91063,2.44287,Plein jour,Hors agglomération,Hors intersection,Normale,Trois véhicules et plus - en chaîne,1,3,8,0,2,2,1,1,1,70,,3,1,0,0,2,27.0,47.0,,,1,1,1,1,4
202100039400,2021-05-18 06:55:00,2021,5,18,6,55,95,95042,RN 104,49.05777,2.28574,Plein jour,Hors agglomération,Hors intersection,Normale,Autre collision,2,3,5,0,1,3,1,0,1,90,,1,0,0,0,1,45.0,,,,1,1,1,1,6
202100039401,2021-05-18 06:30:00,2021,5,18,6,30,93,93053,AUTOROUTE A3,48.89621,2.47022,Plein jour,Hors agglomération,Hors intersection,Normale,Deux véhicules - côté,1,3,10,0,2,1,1,0,1,70,,2,1,0,0,1,37.0,52.0,,,1,1,1,1,3
202100039402,2021-05-18 23:43:00,2021,5,18,23,43,94,94044,RN406.W,48.7580093028,2.4707581809,Nuit sans éclairage public,Hors agglomération,Hors intersection,Pluie légère,Autre collision,2,1,2,0,2,3,2,0,8,70,,1,0,0,0,1,22.0,,,,3,1,1,2,6
202100039403,2021-05-13 16:25:00,2021,5,13,16,25,72,72181,CHURCHILL WINSTON (BD) N° IMP 41 ET >,47.989372,0.22081,Plein jour,En agglomération,Intersection en X,Temps couvert,Deux véhicules - frontale,4,3,4,2,1,1,1,0,1,50,,3,1,0,0,2,32.0,32.0,,,1,2,2,8,1
202100039404,2021-05-14 09:20:00,2021,5,14,9,20,32,32013,SADI-CARNOT (BOULEVARD),43.6489,0.5894,Plein jour,En agglomération,Hors intersection,Temps couvert,Autre collision,2,1,2,0,1,2,2,0,1,50,,2,1,0,1,0,64.0,,,,1,2,1,8,6