accident_id,datetime,annee,mois,jour,heure,minute,departement,commune_insee,adresse,latitude,longitude,luminosite,agglomeration,intersection,meteo,collision,catr,circ,nbv,vosp,prof,plan,surf,infra,situ,vma,nb_vehicules,nb_usagers,nb_indemnes,nb_tues,nb_blesses_hosp,nb_blesses_legers,age_cond_1,age_cond_2,veh_type_cond_1,veh_type_cond_2,lum_code,agg_code,int_code,atm_code,col_code
202100039405,2021-05-14 12:40:00,2021,5,14,12,40,06,06029,CROISETTE (BOULEVARD DE LA),43.55137,7.0175,Plein jour,En agglomération,Hors intersection,Normale,Autre collision,4,3,4,0,1,1,1,9,1,30,,2,1,0,0,1,16.0,,,,1,2,1,1,6
202100039406,2021-05-17 16:30:00,2021,5,17,16,30,06,06030,MONTJOLI (AVENUE DU),43.57825,7.0093,Plein jour,En agglomération,Hors intersection,Normale,Autre collision,4,2,2,0,1,1,1,0,1,50,,2,1,0,1,0,90.0,,,,1,2,1,1,6
202100039407,2021-05-18 12:25:00,2021,5,18,12,25,91,91425,ALL DU PONT AUX PINS,48.65145,2.27279,Plein jour,Hors agglomération,Hors intersection,Normale,Autre collision,3,1,2,0,1,1,1,0,1,70,,3,2,0,1,0,23.0,,,,1,1,1,1,6
202100039408,2021-01-14 00:01:00,2021,1,14,0,1,76,76351,REPUBLIQUE (COURS DE LA),49.49469,0.12558,Nuit avec éclairage allumé,En agglomération,Hors intersection,Normale,Autre collision,4,2,4,0,1,1,1,0,1,50,,2,1,0,0,1,,,,,5,2,1,1,6
202100039409,2021-02-23 16:00:00,2021,2,23,16,0,58,58194,GRAND PRE DES BORDES,46.9908,3.1236,Plein jour,En agglomération,Hors intersection,Normale,Deux véhicules - côté,4,2,2,0,1,1,2,0,1,50,,2,1,0,1,0,63.0,,,,1,2,1,1,3
202100039410,2021-05-17 23:15:00,2021,5,17,23,15,973,97302,UNIVERSITE CHICAGO (RUE DE),4.9349498405,-52.2986226357,Nuit sans éclairage public,En agglomération,Hors intersection,Pluie forte,Deux véhicules - côté,4,2,2,0,1,1,2,0,1,30,,3,2,0,0,1,36.0,24.0,,,3,2,1,3,3
202100039411,2021-05-18 10:30:00,2021,5,18,10,30,69,69383,LACASSAGNE                          (AV),45.74588,4.88742,Plein jour,En agglomération,Intersection en X,Normale,Deux véhicules - arrière,4,1,2,0,1,1,1,0,1,50,,2,1,0,0,1,20.0,21.0,,,1,2,2,1,2
202100039412,2021-05-18 09:50:00,2021,5,18,9,50,69,69259,NOVY JICIN  (BD),45.6961,4.89719,Plein jour,En agglomération,Intersection en X,Normale,Deux véhicules - côté,4,2,2,0,1,1,1,5,1,50,,2,1,0,0,1,47.0,59.0,,,1,2,2,1,3
202100039413,2021-05-17 11:15:00,2021,5,17,11,15,69,69388,ROCKEFELLER                         (AV),45.74264,4.87914,Plein jour,En agglomération,Giratoire,Temps couvert,Deux véhicules - côté,4,1,3,2,1,1,1,0,1,50,,2,1,0,0,1,26.0,51.0,,,1,2,6,8,3
202100039414,2021-05-18 10:05:00,2021,5,18,10,5,972,97209,SALVADOR ALLENDE (AVENUE),14.61034,-61.04775,Plein jour,En agglomération,Hors intersection,Normale,Autre collision,4,2,2,0,1,1,1,0,1,50,,3,2,0,0,1,33.0,,,,1,2,1,1,6
202100039415,2021-05-18 18:30:00,2021,5,18,18,30,69,69034,SOLDATS (DES)                       (MO),45.79767501,4.8520259101,Plein jour,En agglomération,Hors intersection,Pluie légère,Deux véhicules - arrière,4,1,1,0,2,1,2,0,1,50,,3,2,0,0,1,37.0,31.0,,,1,2,1,2,2
202100039416,2021-05-18 15:33:00,2021,5,18,15,33,971,97113,Section Port Blanc,16.23364,-61.45596,Plein jour,Hors agglomération,Hors intersection,Normale,Deux véhicules - frontale,4,2,2,0,2,1,1,0,1,70,,2,1,0,0,1,69.0,52.0,,,1,1,1,1,1
202100039417,2021-05-18 08:25:00,2021,5,18,8,25,971,97113,SECTION COCOYER,16.2323384064,-61.5103054047,Plein jour,Hors agglomération,Hors intersection,Normale,Deux véhicules - côté,4,2,2,0,2,3,1,0,1,70,,3,2,0,1,0,26.0,28.0,,,1,1,1,1,3
202100039418,2021-05-18 06:30:00,2021,5,18,6,30,971,97113,Section Port Blanc,16.23681,-61.45128,Plein jour,Hors agglomération,Hors intersection,Normale,Sans collision,4,2,2,0,1,3,1,0,3,50,,3,2,0,0,1,36.0,,,,1,1,1,1,7
202100039419,2021-05-18 20:00:00,2021,5,18,20,0,95,95680,CHARMETTES (AVENUE DES ),48.9974711854,2.4126465599,Plein jour,En agglomération,Hors intersection,Pluie légère,Autre collision,4,1,1,0,1,1,2,0,1,50,,2,1,0,0,1,32.0,,,,1,2,1,2,6
202100039420,2021-05-18 17:00:00,2021,5,18,17,0,95,95277,BLUM LEON (RUE),49.0040930187,2.4243079693,Plein jour,En agglomération,Hors intersection,Pluie légère,Deux véhicules - côté,4,2,2,0,1,1,2,0,1,50,,2,1,0,0,1,32.0,24.0,,,1,2,1,2,3
202100039421,2021-05-18 19:18:00,2021,5,18,19,18,91,91377,RUE DE VERSAILLES,48.73274,2.26467,Plein jour,En agglomération,Intersection en T,Normale,Deux véhicules - frontale,4,2,2,0,1,1,1,0,1,30,,3,1,0,0,2,65.0,12.0,,,1,2,3,1,1
202100039422,2021-05-18 18:40:00,2021,5,18,18,40,91,91667,CORBEIL (ROUTE DE),48.653267,2.337815,Plein jour,En agglomération,Hors intersection,Normale,Deux véhicules - arrière,3,1,2,0,1,1,1,0,1,50,,2,1,0,0,1,55.0,54.0,,,1,2,1,1,2
202100039423,2021-05-18 11:25:00,2021,5,18,11,25,91,91223,VICTOIRE (ROND-POINT DE LA),48.43721,2.16328,Plein jour,En agglomération,Giratoire,Normale,Deux véhicules - arrière,3,1,1,0,1,2,1,5,1,50,,2,1,0,0,1,44.0,51.0,,,1,2,6,1,2
202100039424,2021-05-17 14:45:00,2021,5,17,14,45,91,91433,R.D.20,48.47007,2.1853,Plein jour,Hors agglomération,Hors intersection,Normale,Autre collision,3,3,4,0,1,1,2,0,1,90,,2,1,0,0,1,27.0,,,,1,1,1,1,6
202100039425,2021-05-18 21:30:00,2021,5,18,21,30,78,78650,CARNOT (BOULEVARD),48.89343,2.13765,Crépuscule ou aube,En agglomération,Intersection en X,Pluie légère,Deux véhicules - côté,3,3,4,0,1,1,2,0,1,50,,2,0,0,0,2,25.0,51.0,,,2,2,2,2,3
202100039426,2021-05-18 19:45:00,2021,5,18,19,45,78,78502,SIMON VOUET (AVENUE),48.87791,2.1152,Plein jour,En agglomération,Hors intersection,Pluie légère,Deux véhicules - côté,3,3,4,0,1,1,2,0,1,50,,2,1,0,0,1,16.0,62.0,,,1,2,1,2,3
202100039427,2021-05-18 17:00:00,2021,5,18,17,0,78,78551,DE GAULLE (PLACE CHARLES),48.89749,2.09482,Plein jour,En agglomération,Hors intersection,Temps couvert,Autre collision,4,2,1,3,1,1,2,6,6,30,,2,1,0,0,1,24.0,,,,1,2,1,8,6
202100039428,2021-05-18 16:45:00,2021,5,18,16,45,77,77172,MOULIN (CHEMIN DU),48.36028,2.97073,Plein jour,En agglomération,Intersection en Y,Normale,Deux véhicules - frontale,3,2,2,0,1,3,1,0,4,70,,1,0,0,1,0,35.0,,,,1,2,4,1,1
202100039429,2021-04-24 00:10:00,2021,4,24,0,10,73,73065,D211 Rue de Montagny,45.5985791293,5.9252235023,Nuit sans éclairage public,Hors agglomération,Hors intersection,Normale,Sans collision,3,2,2,0,2,2,1,0,3,80,,3,0,0,0,3,26.0,,,,3,1,1,1,7
202100039430,2021-05-17 17:55:00,2021,5,17,17,55,71,71153,EUROPE (AVENUE DE L'),46.80858,4.42831,Plein jour,En agglomération,Giratoire,Temps couvert,Deux véhicules - côté,4,2,2,0,1,3,1,0,1,50,,2,1,0,0,1,75.0,20.0,,,1,2,6,8,3
202100039431,2021-05-18 12:55:00,2021,5,18,12,55,69,69266,DEDIEU (R),45.7697,4.8719,Plein jour,En agglomération,Intersection en T,Normale,Autre collision,4,1,1,1,1,1,1,0,1,50,,2,1,0,0,1,47.0,,,,1,2,3,1,6
202100039432,2021-05-18 12:50:00,2021,5,18,12,50,69,69266,FLORIAN (R),45.76186,4.88079,Plein jour,En agglomération,Intersection en X,Temps couvert,Autre collision,4,2,2,0,1,1,1,0,1,50,,2,1,0,0,1,,,,,1,2,2,8,6
202100039433,2021-05-18 10:15:00,2021,5,18,10,15,69,69266,MARC SANGNIER (AV),45.7587348029,4.8763407359,Plein jour,En agglomération,Hors intersection,Normale,Autre collision,4,2,2,0,1,1,1,0,1,50,,2,1,0,0,1,,,,,1,2,1,1,6
202100039434,2021-05-16 21:41:00,2021,5,16,21,41,66,66136,GUYNEMER (AVENUE GEORGES),42.69496,2.90412,Nuit avec éclairage allumé,En agglomération,Intersection en T,Normale,Deux véhicules - côté,4,-1,2,0,2,1,1,0,1,50,,2,1,0,0,1,31.0,27.0,,,5,2,3,1,3
202100039435,2021-05-18 17:50:00,2021,5,18,17,50,65,65440,AZEREIX (AVENUE D'),43.224278,0.051732,Plein jour,En agglomération,Autre intersection,Pluie légère,Deux véhicules - côté,4,2,2,0,1,1,2,0,1,50,,3,2,0,0,1,26.0,25.0,,,1,2,9,2,3
202100039436,2021-05-18 17:10:00,2021,5,18,17,10,65,65440,RENAUDET (BOULEVARD PIERRE),43.24447,0.07333,Plein jour,En agglomération,Intersection en X,Pluie légère,Autre collision,3,-1,3,0,1,1,2,5,1,50,,2,1,0,0,1,70.0,,,,1,2,2,2,6
202100039437,2021-05-17 16:25:00,2021,5,17,16,25,64,64269,TARBES DE,43.29872,-0.30516,Plein jour,En agglomération,Hors intersection,Normale,Deux véhicules - côté,3,2,3,0,1,1,2,9,1,50,,2,1,0,0,1,22.0,28.0,,,1,2,1,1,3
202100039438,2021-03-28 19:40:00,2021,3,28,19,40,62,62497,GAMBETTA (R LEON),50.437579,3.060926,Crépuscule ou aube,En agglomération,Hors intersection,Normale,Deux véhicules - côté,3,2,2,0,1,3,1,0,1,50,,2,1,0,1,0,31.0,17.0,,,2,2,1,1,3
202100039439,2021-05-17 11:20:00,2021,5,17,11,20,61,61218,22 BUISSON (ROUTE DU),48.74526,-0.61253,Plein jour,Hors agglomération,Hors intersection,Pluie forte,Sans collision,3,2,2,0,4,4,2,0,1,80,,2,1,0,1,0,22.0,,,,1,1,1,3,7
202100039440,2021-05-17 11:45:00,2021,5,17,11,45,60,60463,Rue Alexandre Ribot,49.26865,2.47748,Plein jour,En agglomération,Intersection en X,Normale,Deux véhicules - arrière,4,1,1,0,1,1,1,0,1,50,,2,1,0,1,0,39.0,24.0,,,1,2,2,1,2
202100039441,2021-05-14 21:20:00,2021,5,14,21,20,56,56121,Rue de Lanveur,47.74305,-3.38901,Plein jour,En agglomération,Intersection en X,Pluie forte,Deux véhicules - côté,4,2,2,0,1,1,2,0,1,30,,2,1,0,0,1,20.0,26.0,,,1,2,2,3,3
202100039442,2021-05-18 18:50:00,2021,5,18,18,50,54,54395,LIBERATION (AVENUE DE LA),48.6964559723,6.1517965794,Plein jour,En agglomération,Hors intersection,Normale,Autre collision,7,2,2,0,1,1,1,0,1,50,,2,1,0,1,0,31.0,,,,1,2,1,1,6
202100039443,2021-05-18 12:10:00,2021,5,18,12,10,54,54395,FOCH (AVENUE 18 ET 9 A FIN),48.6863,6.1676,Plein jour,En agglomération,Hors intersection,Pluie légère,Autre collision,4,1,3,3,1,1,2,-1,1,50,,2,1,0,0,1,46.0,,,,1,2,1,2,6
202100039444,2021-05-17 18:30:00,2021,5,17,18,30,54,54304,EUROPE (AVENUE DE L'),48.6800179011,6.1507565528,Plein jour,En agglomération,Hors intersection,Normale,Autre collision,4,2,2,2,1,1,1,0,1,30,,2,1,0,0,1,35.0,,,,1,2,1,1,6
202100039445,2021-05-17 12:40:00,2021,5,17,12,40,54,54395,SAURUPT (IMPASSE ET RUE),48.6790262689,6.1851446301,Plein jour,En agglomération,Intersection en X,Normale,Deux véhicules - côté,4,2,2,0,1,1,1,0,1,50,,2,1,0,0,1,32.0,41.0,,,1,2,2,1,3
202100039446,2021-05-17 05:00:00,2021,5,17,5,0,54,54323,METALLURGIE (AVENUE DE LA),49.53045,5.78031,Nuit avec éclairage allumé,En agglomération,Hors intersection,Temps couvert,Deux véhicules - frontale,3,2,2,0,1,1,2,9,1,30,,2,0,0,0,2,47.0,47.0,,,5,2,1,8,1
202100039447,2021-05-08 14:30:00,2021,5,8,14,30,51,51230,Place Léon Bourgeois,49.0460529733,3.9550700784,Plein jour,En agglomération,Giratoire,Normale,Sans collision,3,1,2,0,1,2,1,9,1,50,,1,0,0,0,1,50.0,,,,1,2,6,1,7
202100039448,2021-05-18 17:05:00,2021,5,18,17,5,50,50218,MATIGNON (AV DES),48.83798,-1.57807,Plein jour,En agglomération,Hors intersection,Normale,Deux véhicules - côté,3,2,2,1,1,1,1,0,1,50,,2,1,0,1,0,26.0,55.0,,,1,2,1,1,3
202100039449,2021-05-16 05:30:00,2021,5,16,5,30,50,50129,TANNERIES (RUE DES),49.63298,-1.6228,Nuit avec éclairage allumé,En agglomération,Intersection en X,Temps couvert,Autre collision,3,3,4,0,4,3,2,5,1,50,,3,0,0,0,3,21.0,,,,5,2,2,8,6
202100039450,2021-05-17 08:56:00,2021,5,17,8,56,49,49007,SAINT MICHEL BOULEVARD,47.47353,-0.54243,Plein jour,En agglomération,Hors intersection,Pluie légère,Sans collision,4,-1,2,0,1,1,2,0,1,50,,1,0,0,0,1,25.0,,,,1,2,1,2,7
202100039451,2021-05-18 22:40:00,2021,5,18,22,40,44,44109,RUE DE LA CONTRIE,47.22031,-1.59857,Nuit avec éclairage allumé,En agglomération,Hors intersection,Normale,Autre collision,4,2,2,0,1,1,1,0,1,30,,2,1,0,0,1,,,,,5,2,1,1,6
202100039452,2021-05-17 18:25:00,2021,5,17,18,25,37,37261,GRAMMONT (AVENUE DE),47.3818900343,0.6922340244,Plein jour,En agglomération,Hors intersection,Normale,Sans collision,4,1,4,3,1,1,1,0,1,50,,3,1,0,0,2,51.0,,,,1,2,1,1,7
202100039453,2021-05-18 18:10:00,2021,5,18,18,10,35,35051,CHALOTAIS (RUE DE LA),48.11801,-1.60072,Plein jour,En agglomération,Autre intersection,Temps couvert,Deux véhicules - côté,4,2,2,0,2,1,2,0,1,50,,2,1,0,0,1,19.0,19.0,,,1,2,9,8,3
202100039454,2021-05-18 17:30:00,2021,5,18,17,30,35,35281,AURIOL (JACQUELINE),48.0749,-1.7169,Plein jour,En agglomération,Hors intersection,Normale,Deux véhicules - arrière,4,2,2,0,1,1,1,0,1,50,,2,1,0,0,1,43.0,27.0,,,1,2,1,1,2
202100039455,2021-05-18 12:15:00,2021,5,18,12,15,35,35238,FREBARDIERE (DE LA),48.09993,-1.62759,Plein jour,En agglomération,Intersection en T,Normale,Deux véhicules - côté,4,2,2,0,1,1,1,0,1,50,,2,1,0,0,1,25.0,34.0,,,1,2,3,1,3
202100039456,2021-05-18 08:45:00,2021,5,18,8,45,35,35238,DANTON,48.1182,-1.65409,Plein jour,En agglomération,Hors intersection,Normale,Deux véhicules - arrière,4,2,2,0,2,1,1,0,1,30,,3,2,0,0,1,30.0,22.0,,,1,2,1,1,2
202100039457,2021-05-18 17:55:00,2021,5,18,17,55,33,33063,Cours de l’Yser,44.8275032953,-0.569025542,Plein jour,En agglomération,Hors intersection,Normale,Deux véhicules - côté,4,2,2,2,1,1,1,0,5,50,,2,1,0,0,1,58.0,53.0,,,1,2,1,1,3
202100039458,2021-05-18 15:25:00,2021,5,18,15,25,33,33069,Allée de Boutaut,44.8680040185,-0.5761106882,Plein jour,En agglomération,Intersection en T,Normale,Deux véhicules - côté,4,3,4,1,1,1,1,0,1,50,,2,1,0,0,1,,14.0,,,1,2,3,1,3
202100039459,2021-05-18 15:00:00,2021,5,18,15,0,33,33529,Avenue du Général Leclerc,44.64835,-1.1525,Plein jour,En agglomération,Giratoire,Normale,Deux véhicules - côté,3,2,2,0,1,1,1,0,1,50,,2,1,0,1,0,77.0,52.0,,,1,2,6,1,3
202100039460,2021-05-17 06:40:00,2021,5,17,6,40,31,31483,FRANCOIS MITTERAND ( AVENUE),43.11233,0.74622,Plein jour,En agglomération,Hors intersection,Normale,Deux véhicules - arrière,3,3,2,0,1,1,1,0,1,50,,2,1,0,0,1,29.0,47.0,,,1,2,1,1,2
202100039461,2021-05-18 12:45:00,2021,5,18,12,45,13,13103,ROUTE DE JEAN MOULIN-RN 538,43.62021,5.09648,Plein jour,Hors agglomération,Hors intersection,Normale,Autre collision,7,2,2,0,1,1,1,0,3,80,,1,0,0,1,0,30.0,,,,1,1,1,1,6
202100039462,2021-05-18 16:15:00,2021,5,18,16,15,13,13207,Corniche John Fitzgérald Kennedy,43.276591,5.357975,Plein jour,En agglomération,Hors intersection,Normale,Deux véhicules - côté,4,2,4,0,1,1,1,0,1,50,,2,1,0,0,1,31.0,73.0,,,1,2,1,1,3
202100039463,2021-05-18 18:00:00,2021,5,18,18,0,13,13208,SCHLOESING (BOULEVARD),43.2739817041,5.4001807669,Plein jour,En agglomération,Hors intersection,Pluie légère,Deux véhicules - arrière,4,2,6,3,1,1,2,0,1,50,,2,0,0,0,2,52.0,61.0,,,1,2,1,2,2
202100039464,2021-05-18 14:30:00,2021,5,18,14,30,13,13206,LIEUTAUD (COURS),43.291394,5.383032,Plein jour,En agglomération,Hors intersection,Normale,Deux véhicules - frontale,4,2,2,0,1,1,1,0,1,50,,2,1,0,0,1,20.0,,,,1,2,1,1,1
202100039465,2021-05-18 10:20:00,2021,5,18,10,20,13,13211,SAINT LOUP (BOULEVARD DE),43.283777,5.434845,Plein jour,En agglomération,Hors intersection,Normale,Autre collision,4,2,2,0,1,1,1,0,1,50,,2,1,0,0,1,66.0,,,,1,2,1,1,6
202100039466,2021-05-18 10:20:00,2021,5,18,10,20,13,13214,CAPITAINE GEZE (BOULEVARD),43.3296965609,5.3673765063,Plein jour,En agglomération,Hors intersection,Normale,Autre collision,4,1,2,0,2,1,1,0,1,50,,2,1,0,0,1,,,,,1,2,1,1,6
202100039467,2021-05-17 11:15:00,2021,5,17,11,15,13,13212,LA FOURRAGERE (AVENUE),43.300538,5.430795,Plein jour,En agglomération,Hors intersection,Normale,Deux véhicules - arrière,4,2,2,0,1,1,1,0,1,50,,2,1,0,0,1,48.0,54.0,,,1,2,1,1,2
202100039468,2021-05-17 16:00:00,2021,5,17,16,0,06,06104,AZUR (AVENUE DE LA COTE D'),43.761257,7.463809,Plein jour,En agglomération,Hors intersection,Normale,Autre collision,3,2,2,0,1,1,1,0,1,50,,2,1,0,0,1,86.0,,,,1,2,1,1,6
202100039469,2021-05-18 17:00:00,2021,5,18,17,0,06,06069,SAINT EXUPERY (AVENUE ANTOINE DE),43.662201,6.934233,Plein jour,En agglomération,Intersection en X,Normale,Trois véhicules et plus - collisions multiples,4,2,2,0,1,1,1,0,1,50,,4,3,0,0,1,32.0,54.0,,,1,2,2,1,5
202100039470,2021-05-16 17:50:00,2021,5,16,17,50,75,75116,BOULEVARD PERIPHERIQUE,48.864239,2.266641,Plein jour,En agglomération,Hors intersection,Normale,Trois véhicules et plus - en chaîne,4,1,4,0,1,1,1,1,1,70,,3,2,0,0,1,64.0,33.0,,,1,2,1,1,4
202100039471,2021-05-17 01:44:00,2021,5,17,1,44,75,75111,AVENUE DE LA REPUBLIQUE,48.863815,2.382211,Nuit avec éclairage non allumé,En agglomération,Intersection en T,Normale,Deux véhicules - arrière,4,2,3,0,1,1,2,0,1,50,,6,1,1,0,4,28.0,33.0,,,4,2,3,1,2
202100039472,2021-05-18 12:42:00,2021,5,18,12,42,75,75105,RUE BERTHOLLET,48.839806,2.345917,Plein jour,En agglomération,Hors intersection,Normale,Autre collision,4,1,1,0,1,1,1,0,1,30,,2,1,0,0,1,56.0,,,,1,2,1,1,6
202100039473,2021-05-18 08:00:00,2021,5,18,8,0,75,75120,RUE D AVRON,48.853069,2.408185,Plein jour,En agglomération,Hors intersection,Temps couvert,Deux véhicules - côté,4,2,2,0,2,1,1,0,1,50,,2,1,0,0,1,35.0,44.0,,,1,2,1,8,3
202100039474,2021-05-18 18:30:00,2021,5,18,18,30,75,75119,AVENUE DE FLANDRE,48.888194,2.373911,Plein jour,En agglomération,Hors intersection,Pluie légère,Deux véhicules - côté,4,3,3,3,1,1,2,0,6,50,,2,1,0,0,1,47.0,48.0,,,1,2,1,2,3
202100039475,2021-05-18 16:10:00,2021,5,18,16,10,75,75117,AVENUE DE SAINT OUEN,48.896588,2.328676,Plein jour,En agglomération,Intersection en Y,Pluie légère,Deux véhicules - côté,4,2,5,1,1,1,2,0,5,50,,2,1,0,0,1,40.0,22.0,,,1,2,4,2,3
202100039476,2021-05-18 06:40:00,2021,5,18,6,40,75,75117,RUE DE COURCELLES,48.887525,2.294735,Plein jour,En agglomération,Intersection à plus de 4 branches,Normale,Deux véhicules - côté,4,2,6,1,1,1,1,0,5,50,,2,1,0,0,1,33.0,62.0,,,1,2,5,1,3
202100039477,2021-05-17 15:36:00,2021,5,17,15,36,75,75107,BOULEVARD SAINT GERMAIN,48.855617,2.326831,Plein jour,En agglomération,Intersection en X,Pluie légère,Deux véhicules - côté,4,1,3,0,1,1,2,0,1,50,,3,2,0,0,1,28.0,30.0,,,1,2,2,2,3
202100039478,2021-05-18 19:45:00,2021,5,18,19,45,75,75112,PLACE DU CARDINAL LAVIGERIE,48.832002,2.403859,Plein jour,En agglomération,Place,Normale,Sans collision,4,1,3,0,1,1,1,0,1,50,,1,0,0,0,1,56.0,,,,1,2,7,1,7
202100039479,2021-05-18 20:50:00,2021,5,18,20,50,75,75107,RUE DE GRENELLE,48.85806,2.310014,Plein jour,En agglomération,Intersection en X,Pluie légère,Sans collision,4,1,1,0,1,1,2,0,1,50,,1,0,0,0,1,19.0,,,,1,2,2,2,7
202100039480,2021-05-17 10:00:00,2021,5,17,10,0,75,75101,RUE DE CASTIGLIONE,48.86593,2.327891,Plein jour,En agglomération,Intersection en X,Normale,Deux véhicules - côté,4,1,1,0,1,1,1,0,1,50,,3,1,0,0,2,67.0,51.0,,,1,2,2,1,3
202100039481,2021-05-18 17:36:00,2021,5,18,17,36,94,94038,Rue Paul Hochart,48.774352,2.354493,Plein jour,En agglomération,Autre intersection,Pluie légère,Autre collision,4,-1,1,0,1,1,2,0,8,50,,2,1,0,0,1,15.0,,,,1,2,9,2,6
202100039482,2021-05-18 07:31:00,2021,5,18,7,31,94,94073,Avenue de Versailles,48.758804,2.395075,Plein jour,En agglomération,Hors intersection,Normale,Deux véhicules - côté,3,1,2,0,2,1,1,0,1,50,,2,1,0,0,1,42.0,42.0,,,1,2,1,1,3
202100039483,2021-05-17 14:50:00,2021,5,17,14,50,93,93070,LANDY(RUE):N° 1 AU 43,48.916497,2.334575,Plein jour,En agglomération,Hors intersection,Normale,Autre collision,4,1,1,0,1,1,1,0,1,50,,2,1,0,0,1,,,,,1,2,1,1,6
202100039484,2021-05-18 11:44:00,2021,5,18,11,44,93,93055,GENERAL LECLERC(AVE DU)89/FIN ET 122/FIN,48.8991499155,2.4081301689,Plein jour,En agglomération,Autre intersection,Temps couvert,Deux véhicules - côté,3,3,1,3,1,1,1,5,1,50,,2,1,0,0,1,34.0,42.0,,,1,2,9,8,3
202100039485,2021-05-18 16:30:00,2021,5,18,16,30,93,93008,SEMARD (RUE PIERRE),48.9100514748,2.446539402,Plein jour,En agglomération,Giratoire,Normale,Deux véhicules - frontale,3,1,1,0,1,1,2,0,1,50,,2,1,0,0,1,68.0,,,,1,2,6,1,1
202100039486,2021-05-18 09:40:00,2021,5,18,9,40,93,93007,"""PAUL VAILLANT COUTURIER (AVENUE """"DU 01",48.9263858449,2.4689412117,Plein jour,En agglomération,Hors intersection,Normale,Deux véhicules - arrière,3,2,2,0,1,1,1,0,1,50,,2,1,0,0,1,25.0,,,,1,2,1,1,2
202100039487,2021-05-18 19:25:00,2021,5,18,19,25,93,93001,LANDY (RUE DU) 34/29 =>,48.91546,2.36808,Plein jour,En agglomération,Autre intersection,Normale,Deux véhicules - côté,9,2,2,0,1,1,1,9,1,30,,2,1,0,0,1,30.0,38.0,,,1,2,9,1,3
202100039488,2021-05-18 01:30:00,2021,5,18,1,30,92,92073,WASHINGTON (BOULEVARD),48.8767533862,2.2171112895,Nuit avec éclairage allumé,En agglomération,Hors intersection,Normale,Autre collision,3,2,4,0,3,1,2,0,4,50,,1,0,0,0,1,45.0,,,,5,2,1,1,6
202100039489,2021-05-18 07:21:00,2021,5,18,7,21,92,92026,DIVISION LECLERC (AVENUE DE LA),48.8922934892,2.241159305,Crépuscule ou aube,En agglomération,Hors intersection,Normale,Trois véhicules et plus - collisions multiples,3,1,2,0,1,1,1,1,1,50,,3,2,0,0,1,42.0,31.0,,,2,2,1,1,5
202100039490,2021-05-18 20:13:00,2021,5,18,20,13,92,92024,MARTRE DE (4 A 54),48.90085,2.30811,Plein jour,En agglomération,Intersection en X,Normale,Deux véhicules - côté,3,1,3,1,1,1,2,0,1,50,,2,1,0,0,1,15.0,53.0,,,1,2,2,1,3
202100039491,2021-05-15 18:50:00,2021,5,15,18,50,974,97415,RN 1,-20.976537,55.296872,Nuit sans éclairage public,Hors agglomération,Autre intersection,Normale,Autre collision,2,1,4,3,1,1,1,3,1,110,,2,1,1,0,0,21.0,,,,3,1,9,1,6
202100039492,2021-05-19 11:25:00,2021,5,19,11,25,2A,2A272,RT 40,41.6226944414,8.9631733778,Plein jour,Hors agglomération,Hors intersection,Normale,Deux véhicules - arrière,2,2,2,0,1,1,1,0,1,80,,2,1,0,1,0,18.0,36.0,,,1,1,1,1,2
202100039493,2021-05-19 07:00:00,2021,5,19,7,0,49,49192,"RD20, PK 08.900",47.019315,-0.77033,Plein jour,Hors agglomération,Intersection en X,Normale,Deux véhicules - frontale,3,2,2,0,1,1,2,5,1,90,,2,0,1,1,0,51.0,40.0,,,1,1,2,1,1
202100039494,2021-05-17 23:40:00,2021,5,17,23,40,972,97210,Morne Pitault,14.600798,-60.935647,Nuit avec éclairage allumé,Hors agglomération,Hors intersection,Normale,Deux véhicules - frontale,2,2,2,0,2,3,1,0,1,70,,2,1,0,1,0,21.0,52.0,,,5,1,1,1,1
202100039495,2021-05-18 18:55:00,2021,5,18,18,55,67,67078,Place de l'Eglise,48.658927,7.427869,Plein jour,En agglomération,Hors intersection,Normale,Deux véhicules - côté,4,-1,2,0,1,1,1,0,4,50,,3,2,0,0,1,11.0,29.0,,,1,2,1,1,3
202100039496,2021-05-19 17:42:00,2021,5,19,17,42,60,60203,Chemin des Meuniers,49.227617,2.862024,Plein jour,Hors agglomération,Hors intersection,Pluie légère,Deux véhicules - frontale,4,2,2,0,1,1,2,0,1,70,,3,1,0,0,2,27.0,32.0,,,1,1,1,2,1
202100039497,2021-05-18 18:00:00,2021,5,18,18,0,62,62425,D4,50.210646,2.74853,Plein jour,Hors agglomération,Intersection en X,Normale,Deux véhicules - côté,3,2,2,0,1,1,1,5,1,80,,2,1,0,1,0,22.0,62.0,,,1,1,2,1,3
202100039498,2021-05-16 16:35:00,2021,5,16,16,35,74,74255,Rte du Cheran,45.865016,5.96137,Plein jour,Hors agglomération,Hors intersection,Pluie forte,Deux véhicules - côté,3,2,2,0,2,1,2,0,1,80,,2,1,0,0,1,19.0,65.0,,,1,1,1,3,3
202100039499,2021-05-14 17:40:00,2021,5,14,17,40,69,69088,JEAN-BAPTISTE SIMON (Q),45.833035,4.846714,Plein jour,En agglomération,Hors intersection,Normale,Deux véhicules - frontale,7,2,2,0,1,1,1,0,1,30,,2,1,0,0,1,44.0,20.0,,,1,2,1,1,1
202100039500,2021-05-18 13:55:00,2021,5,18,13,55,11,11262,D168,43.174262,3.08115,Plein jour,Hors agglomération,Hors intersection,Normale,Autre collision,3,2,2,0,1,1,1,0,3,80,,1,0,0,1,0,27.0,,,,1,1,1,1,6