accident_id,datetime,annee,mois,jour,heure,minute,departement,commune_insee,adresse,latitude,longitude,luminosite,agglomeration,intersection,meteo,collision,catr,circ,nbv,vosp,prof,plan,surf,infra,situ,vma,nb_vehicules,nb_usagers,nb_indemnes,nb_tues,nb_blesses_hosp,nb_blesses_legers,age_cond_1,age_cond_2,veh_type_cond_1,veh_type_cond_2,lum_code,agg_code,int_code,atm_code,col_code
202100039501,2021-05-18 18:08:00,2021,5,18,18,8,61,61476,D955,48.350875,0.423132,Plein jour,Hors agglomération,Hors intersection,Normale,Deux véhicules - côté,3,2,2,0,1,1,1,0,1,90,,2,1,0,0,1,19.0,69.0,,,1,1,1,1,3
202100039502,2021-05-18 15:10:00,2021,5,18,15,10,49,49029,Rue du Chaudron,47.398672,-0.420544,Plein jour,En agglomération,Hors intersection,Normale,Deux véhicules - côté,4,2,2,0,2,3,1,0,1,50,,2,1,0,1,0,72.0,82.0,,,1,2,1,1,3
202100039503,2021-05-18 17:25:00,2021,5,18,17,25,12,12270,N88,44.352064,2.938988,Plein jour,Hors agglomération,Hors intersection,Normale,Deux véhicules - frontale,2,2,2,0,1,2,2,0,1,80,,3,2,0,0,1,26.0,60.0,,,1,1,1,1,1
202100039504,2021-05-18 11:45:00,2021,5,18,11,45,12,12200,RD94 ,44.211814,3.153028,Plein jour,Hors agglomération,Hors intersection,Normale,Autre collision,3,2,2,0,2,2,1,0,3,80,,1,0,0,0,1,64.0,,,,1,1,1,1,6
202100039505,2021-05-18 17:20:00,2021,5,18,17,20,47,47065,Secretary,44.37258,0.374495,Plein jour,Hors agglomération,Hors intersection,Temps couvert,Autre collision,4,2,2,0,1,1,2,2,3,80,,2,0,0,1,1,19.0,,,,1,1,1,8,6
202100039506,2021-05-18 13:46:00,2021,5,18,13,46,39,39368,,46.513499,6.027783,Plein jour,Hors agglomération,Hors intersection,Pluie légère,Trois véhicules et plus - collisions multiples,2,2,2,0,1,4,2,0,1,70,,4,3,0,1,0,48.0,67.0,,,1,1,1,2,5
202100039507,2021-05-06 16:55:00,2021,5,6,16,55,31,31553,Route de Cadours,43.715411,1.168295,Plein jour,Hors agglomération,Intersection en X,Normale,Deux véhicules - frontale,3,2,2,0,2,1,1,0,1,80,,3,1,0,0,2,53.0,62.0,,,1,1,2,1,1
202100039508,2021-05-10 09:30:00,2021,5,10,9,30,84,84148,departementale 1,44.076811,5.263052,Plein jour,Hors agglomération,Hors intersection,Vent fort / tempête,Sans collision,3,2,2,0,2,2,1,0,1,80,,1,0,1,0,0,57.0,,,,1,1,1,6,7
202100039509,2021-05-11 16:50:00,2021,5,11,16,50,03,03082,D998 - Rond-Point des Forges,46.288196,2.755423,Plein jour,En agglomération,Giratoire,Pluie légère,Deux véhicules - arrière,3,1,1,0,1,2,2,0,1,50,,2,1,0,1,0,55.0,14.0,,,1,2,6,2,2
202100039510,2021-05-17 17:25:00,2021,5,17,17,25,26,26162,D538,45.308383,5.04722,Plein jour,Hors agglomération,Intersection en T,Normale,Deux véhicules - côté,3,2,1,0,1,1,1,5,1,80,,2,1,0,1,0,37.0,79.0,,,1,1,3,1,3
202100039511,2021-05-16 03:20:00,2021,5,16,3,20,58,58086,RD 955a,47.384404,2.921526,Nuit sans éclairage public,En agglomération,Hors intersection,Normale,Autre collision,3,2,2,0,2,3,1,0,4,50,,2,1,0,0,1,27.0,,,,3,2,1,1,6
202100039512,2021-05-19 16:10:00,2021,5,19,16,10,53,53096,Route de Laval,48.2925,-0.928049,Plein jour,En agglomération,Hors intersection,Normale,Autre collision,6,-1,-1,0,2,1,1,0,8,-1,,2,1,1,0,0,68.0,,,,1,2,1,1,6
202100039513,2021-05-19 11:20:00,2021,5,19,11,20,17,17385,144 Route des Châteliers,45.939997,-1.315337,Plein jour,En agglomération,Autre intersection,Normale,Deux véhicules - frontale,4,2,2,0,1,1,1,0,1,50,,3,2,0,1,0,69.0,68.0,,,1,2,9,1,1
202100039514,2021-05-14 12:10:00,2021,5,14,12,10,17,17127,D114,46.239992,-0.796734,Plein jour,Hors agglomération,Hors intersection,Normale,Autre collision,3,2,2,0,1,2,1,0,3,80,,1,0,0,1,0,31.0,,,,1,1,1,1,6
202100039515,2021-05-18 20:33:00,2021,5,18,20,33,37,37086,La Robinière,47.4952995074,0.336070903,Plein jour,Hors agglomération,Intersection en X,Normale,Deux véhicules - côté,3,2,2,0,1,1,1,0,1,80,,2,1,1,0,0,62.0,40.0,,,1,1,2,1,3
202100039516,2021-05-19 09:10:00,2021,5,19,9,10,31,31345,RD 820 - Pk 51.650,43.394461,1.429617,Plein jour,Hors agglomération,Hors intersection,Normale,Deux véhicules - frontale,3,-1,2,0,1,1,1,0,1,80,,2,1,1,0,0,41.0,46.0,,,1,1,1,1,1
202100039517,2021-05-19 14:25:00,2021,5,19,14,25,49,49160,D723,47.414701,-0.910857,Plein jour,Hors agglomération,Hors intersection,Normale,Deux véhicules - frontale,3,2,3,0,4,1,1,0,1,90,,5,0,2,3,0,42.0,69.0,,,1,1,1,1,1
202100039518,2021-05-18 18:16:00,2021,5,18,18,16,55,55572,intersection D150 / D905,49.384845,5.40036,Plein jour,Hors agglomération,Intersection en T,Normale,Deux véhicules - côté,3,2,2,0,1,1,2,5,1,80,,2,1,0,1,0,19.0,51.0,,,1,1,3,1,3
202100039519,2021-05-17 06:00:00,2021,5,17,6,0,971,97103,Route Nationale N2,16.258899,-61.613009,Plein jour,Hors agglomération,Hors intersection,Temps éblouissant,Deux véhicules - côté,2,2,2,0,1,1,1,0,1,-1,,2,1,0,1,0,25.0,39.0,,,1,1,1,7,3
202100039520,2021-05-19 10:45:00,2021,5,19,10,45,77,77168,Autoroute A6 point kilométrique 88+650 vers lyon,48.169635,2.8638481,Plein jour,Hors agglomération,Hors intersection,Neige / grêle,Deux véhicules - arrière,1,3,4,0,1,1,2,0,2,130,,2,0,0,0,2,22.0,,,,1,1,1,4,2
202100039521,2021-05-19 11:00:00,2021,5,19,11,0,77,77168,A6,48.172668,2.859449,Plein jour,Hors agglomération,Hors intersection,Neige / grêle,Deux véhicules - côté,1,3,2,0,1,1,4,0,2,110,,3,1,0,0,2,60.0,31.0,,,1,1,1,4,3
202100039522,2021-05-18 10:00:00,2021,5,18,10,0,987,98725,RT 2,-17.511238,-149.500052,Plein jour,Hors agglomération,Hors intersection,Normale,Trois véhicules et plus - collisions multiples,2,2,2,0,2,1,1,0,1,30,,3,2,0,1,0,29.0,71.0,,,1,1,1,1,5
202100039523,2021-05-17 14:25:00,2021,5,17,14,25,974,97408,41 Rue Jean Albany,-20.9566118135,55.3366933353,Plein jour,En agglomération,Hors intersection,Normale,Deux véhicules - frontale,3,2,2,0,1,1,1,0,3,50,,2,0,0,2,0,34.0,,,,1,2,1,1,1
202100039524,2021-05-19 10:45:00,2021,5,19,10,45,978,97801,R DE SANDY GROUND,18.063679,-63.090684,Plein jour,En agglomération,Hors intersection,Normale,Deux véhicules - frontale,4,2,2,0,1,3,1,0,1,50,,3,2,1,0,0,19.0,49.0,,,1,2,1,1,1
202100039525,2021-05-16 14:40:00,2021,5,16,14,40,77,77315,90 Avenue du Marechal Foch,48.892616,2.823564,Plein jour,En agglomération,Hors intersection,Normale,Deux véhicules - frontale,3,2,1,0,1,1,1,0,1,50,,3,1,0,0,2,46.0,,,,1,2,1,1,1
202100039526,2021-05-19 14:15:00,2021,5,19,14,15,78,78575,Route de Limours,48.689572,2.064292,Plein jour,Hors agglomération,Hors intersection,Pluie légère,Trois véhicules et plus - collisions multiples,3,2,2,0,2,2,2,0,1,50,,5,2,0,1,2,40.0,50.0,,,1,1,1,2,5
202100039527,2021-05-19 19:45:00,2021,5,19,19,45,2B,2B314,Casa à Casta,42.660028,9.235366,Plein jour,Hors agglomération,Hors intersection,Normale,Deux véhicules - côté,3,2,2,0,1,1,1,0,1,80,,3,1,0,2,0,57.0,21.0,,,1,1,1,1,3
202100039528,2021-05-19 19:40:00,2021,5,19,19,40,66,66065,Avenue Narcisse Planas,42.604885,2.968769,Crépuscule ou aube,En agglomération,Autre intersection,Normale,Deux véhicules - frontale,3,2,2,0,1,1,1,5,1,50,,2,1,0,1,0,76.0,12.0,,,2,2,9,1,1
202100039529,2021-05-19 15:00:00,2021,5,19,15,0,34,34213,D613,43.480344,3.696159,Plein jour,Hors agglomération,Hors intersection,Normale,Deux véhicules - côté,3,2,3,0,1,1,1,0,1,80,,3,1,0,2,0,66.0,84.0,,,1,1,1,1,3
202100039530,2021-05-18 17:15:00,2021,5,18,17,15,89,89257,Avenue Jean Jacques Rousseau,47.963944,3.523237,Plein jour,En agglomération,Intersection en X,Normale,Deux véhicules - côté,3,2,2,0,1,1,1,0,1,50,,3,1,0,0,2,27.0,43.0,,,1,2,2,1,3
202100039531,2021-05-14 20:45:00,2021,5,14,20,45,89,89257,18 Rue Jean Mermoz,47.964554,3.524981,Plein jour,En agglomération,Hors intersection,Normale,Deux véhicules - frontale,4,2,2,0,1,1,2,0,1,50,,3,1,0,0,2,30.0,,,,1,2,1,1,1
202100039532,2021-03-23 15:35:00,2021,3,23,15,35,73,73285,D1090 R de la Liberation,45.624157,6.796859,Plein jour,En agglomération,Hors intersection,Normale,Deux véhicules - côté,3,2,2,0,2,1,1,0,1,30,,2,1,0,1,0,65.0,60.0,,,1,2,1,1,3
202100039533,2021-05-18 08:23:00,2021,5,18,8,23,13,13005,A50-Sens Marseille vers Aubagne,43.28788,5.56187,Plein jour,Hors agglomération,Hors intersection,Normale,Trois véhicules et plus - en chaîne,1,1,2,0,1,1,1,0,1,90,,3,0,0,0,3,39.0,32.0,,,1,1,1,1,4
202100039534,2021-05-12 14:00:00,2021,5,12,14,0,13,13214,A7-Sens Lyon vers Marseille,43.332419,5.377445,Plein jour,Hors agglomération,Hors intersection,Normale,Trois véhicules et plus - collisions multiples,1,1,3,0,1,1,1,0,1,90,,7,2,0,0,5,27.0,19.0,,,1,1,1,1,5
202100039535,2021-05-17 18:25:00,2021,5,17,18,25,13,13211,A50-Sens Marseille vers Aubagne,43.29222,5.45336,Plein jour,Hors agglomération,Hors intersection,Normale,Trois véhicules et plus - collisions multiples,1,1,3,0,1,1,1,0,1,90,,3,2,1,0,0,36.0,48.0,,,1,1,1,1,5
202100039536,2021-05-17 07:40:00,2021,5,17,7,40,13,13106,A51-Sens Aix en Provence vers Marseille,43.406426,5.36151,Plein jour,Hors agglomération,Hors intersection,Normale,Trois véhicules et plus - en chaîne,1,1,3,0,1,1,1,0,1,90,,4,2,0,0,2,57.0,43.0,,,1,1,1,1,4
202100039537,2021-05-16 02:45:00,2021,5,16,2,45,54,54091,Autoroute A 31,48.9619,6.10728,Nuit sans éclairage public,Hors agglomération,Hors intersection,Temps couvert,Deux véhicules - arrière,1,3,4,0,1,1,1,0,1,110,,3,2,0,0,1,21.0,21.0,,,3,1,1,8,2
202100039538,2021-05-18 13:20:00,2021,5,18,13,20,94,94043,AUTOROUTE A6B,48.8160576852,2.3584841271,Plein jour,Hors agglomération,Hors intersection,Normale,Deux véhicules - arrière,1,3,4,0,1,1,1,1,1,70,,2,1,0,0,1,24.0,33.0,,,1,1,1,1,2
202100039539,2021-05-18 10:45:00,2021,5,18,10,45,77,77251,RN 104,48.6441011246,2.5385085826,Plein jour,Hors agglomération,Hors intersection,Normale,Autre collision,2,3,3,0,1,1,1,0,1,110,,2,1,0,0,1,56.0,,,,1,1,1,1,6
202100039540,2021-05-18 07:33:00,2021,5,18,7,33,92,92062,A14,48.8931556297,2.2343122959,Plein jour,Hors agglomération,Hors intersection,Normale,Deux véhicules - côté,1,1,2,0,1,1,1,1,1,70,,2,1,0,0,1,48.0,63.0,,,1,1,1,1,3
202100039541,2021-05-18 20:00:00,2021,5,18,20,0,93,93027,AUTOROUTE A86,48.92832,2.41225,Plein jour,Hors agglomération,Hors intersection,Pluie légère,Autre collision,1,3,7,0,2,2,2,0,1,70,,3,0,0,0,3,24.0,,,,1,1,1,2,6
202100039542,2021-05-18 09:15:00,2021,5,18,9,15,95,95018,A15,48.95145,2.27973,Crépuscule ou aube,Hors agglomération,Hors intersection,Normale,Trois véhicules et plus - en chaîne,1,3,8,0,1,1,1,0,1,110,,3,2,0,0,1,31.0,51.0,,,2,1,1,1,4
202100039543,2021-05-17 16:15:00,2021,5,17,16,15,95,95256,RN 184,49.0564700818,2.2051639824,Plein jour,Hors agglomération,Hors intersection,Pluie légère,Deux véhicules - arrière,2,3,7,0,1,1,2,0,1,90,,2,1,0,0,1,46.0,33.0,,,1,1,1,2,2
202100039544,2021-05-17 13:50:00,2021,5,17,13,50,93,93064,AUTOROUTE A86,48.86272,2.48272,Plein jour,Hors agglomération,Hors intersection,Normale,Autre collision,1,3,6,0,3,2,2,0,1,70,,1,0,0,0,1,44.0,,,,1,1,1,1,6
202100039545,2021-05-18 16:00:00,2021,5,18,16,0,94,94073,A86 EXT,48.760995,2.382242,Plein jour,Hors agglomération,Hors intersection,Normale,Trois véhicules et plus - en chaîne,1,-1,3,0,1,2,1,1,1,90,,3,2,0,0,1,55.0,19.0,,,1,1,1,1,4
202100039546,2021-05-17 00:00:00,2021,5,17,0,0,68,68224,ALLIES (BOULEVARD DES),47.75465,7.34481,Nuit avec éclairage non allumé,En agglomération,Hors intersection,Pluie légère,Autre collision,4,2,2,0,1,1,2,0,1,50,,2,1,0,1,0,,,,,4,2,1,2,6
202100039547,2021-05-14 13:50:00,2021,5,14,13,50,68,68224,BELFORT (RUE DE),47.7364,7.2916,Plein jour,En agglomération,Autre intersection,Normale,Autre collision,4,2,1,0,2,1,1,0,1,30,,2,1,0,1,0,21.0,,,,1,2,9,1,6
202100039548,2021-05-17 13:05:00,2021,5,17,13,5,93,93010,SALENGRO (RUE ROGER) 2 A 52,48.90314,2.47993,Plein jour,En agglomération,Hors intersection,Pluie légère,Autre collision,3,1,1,0,1,1,2,0,8,30,,2,1,0,0,1,49.0,,,,1,2,1,2,6
202100039549,2021-05-15 11:51:00,2021,5,15,11,51,987,98735,POMARE V (AVENUE),-17.53099,-149.56389,Plein jour,En agglomération,Intersection en X,Normale,Deux véhicules - côté,4,-1,1,0,1,1,1,0,1,50,,2,1,0,0,1,72.0,66.0,,,1,2,2,1,3
202100039550,2021-05-15 10:40:00,2021,5,15,10,40,976,97611,vahibe-Departementale 3 ( route ),-12.78658,45.17495,Plein jour,En agglomération,Hors intersection,Normale,Autre collision,3,2,0,0,1,4,1,0,1,50,,2,1,0,0,1,17.0,,,,1,2,1,1,6
202100039551,2021-05-06 17:50:00,2021,5,6,17,50,67,67482,M351,48.58694,7.71475,Plein jour,Hors agglomération,Hors intersection,Pluie légère,Trois véhicules et plus - en chaîne,7,1,3,0,1,1,2,0,1,90,,7,5,0,0,2,19.0,48.0,,,1,1,1,2,4
202100039552,2021-02-03 08:10:00,2021,2,3,8,10,60,60057,,49.4241114618,2.0843427127,Nuit avec éclairage allumé,En agglomération,Hors intersection,Pluie légère,Autre collision,3,2,2,0,1,1,2,0,1,50,,2,1,0,0,1,44.0,,,,5,2,1,2,6
202100039553,2021-05-11 17:05:00,2021,5,11,17,5,974,97411,RUISSEAU DES NOIRS (RUE),-20.89083,55.45277,Plein jour,En agglomération,Hors intersection,Normale,Autre collision,4,1,1,0,2,3,1,0,1,50,,2,1,0,0,1,72.0,,,,1,2,1,1,6
202100039554,2021-05-17 17:50:00,2021,5,17,17,50,973,97302,BADUEL (ROUTE DE),4.927696473,-52.2919507028,Plein jour,En agglomération,Hors intersection,Normale,Deux véhicules - côté,3,2,2,0,1,1,1,0,1,50,,2,1,0,0,1,46.0,19.0,,,1,2,1,1,3
202100039555,2021-05-17 15:10:00,2021,5,17,15,10,69,69259,PIERRE COT                          (AV),45.7044834119,4.8956698179,Plein jour,En agglomération,Autre intersection,Pluie légère,Autre collision,4,2,2,0,1,1,2,5,1,50,,2,1,0,0,1,,,,,1,2,9,2,6
202100039556,2021-05-17 14:15:00,2021,5,17,14,15,69,69383,PROFESSEUR PAUL SISLEY (DU) (R),45.75028,4.86852,Plein jour,En agglomération,Hors intersection,Pluie légère,Deux véhicules - côté,4,1,1,1,1,1,2,0,4,50,,2,1,0,0,1,15.0,34.0,,,1,2,1,2,3
202100039557,2021-05-16 20:10:00,2021,5,16,20,10,972,97213,AUTOROUTE (A1),14.6183,-61.0271,Nuit avec éclairage allumé,Hors agglomération,Hors intersection,Normale,Trois véhicules et plus - collisions multiples,1,3,8,3,1,1,1,0,1,90,,3,2,0,1,0,56.0,35.0,,,5,1,1,1,5
202100039558,2021-05-15 12:50:00,2021,5,15,12,50,971,97101,AMEDEE CLOTILDE - CARAQUE (RUE),16.2524864092,-61.4897060394,Plein jour,Hors agglomération,Hors intersection,Normale,Deux véhicules - frontale,3,2,2,0,1,1,1,0,1,50,,2,1,0,0,1,25.0,55.0,,,1,1,1,1,1
202100039559,2021-05-17 14:30:00,2021,5,17,14,30,91,91161,RTE DE WISSOUS,48.71125,2.31047,Plein jour,En agglomération,Hors intersection,Pluie forte,Deux véhicules - côté,3,3,4,0,1,3,2,0,1,70,,3,2,0,0,1,28.0,57.0,,,1,2,1,3,3
202100039560,2021-05-16 22:50:00,2021,5,16,22,50,91,91223,SABLIERE (RUE DE LA)   ZI,48.44978,2.15392,Nuit sans éclairage public,En agglomération,Hors intersection,Pluie forte,Sans collision,4,2,2,0,1,2,2,0,1,50,,2,0,0,0,2,23.0,,,,3,2,1,3,7
202100039561,2021-05-14 13:13:00,2021,5,14,13,13,87,87085,VALIN (AVENUE DU GENERAL MARTIAL),45.81092,1.27434,Plein jour,En agglomération,Intersection en X,Normale,Deux véhicules - arrière,4,1,2,0,1,3,1,0,1,50,,2,1,0,0,1,78.0,22.0,,,1,2,2,1,2
202100039562,2021-05-14 18:15:00,2021,5,14,18,15,76,76341,D6015,49.5133,0.19939,Plein jour,Hors agglomération,Hors intersection,Normale,Autre collision,3,1,1,0,1,1,1,0,1,50,,2,1,0,0,1,53.0,42.0,,,1,1,1,1,6
202100039563,2021-05-17 13:14:00,2021,5,17,13,14,72,72181,EDISON THOMAS (RUE),48.0248,0.17909,Plein jour,En agglomération,Hors intersection,Pluie légère,Deux véhicules - arrière,4,2,2,2,1,1,2,0,5,50,,2,0,0,0,2,56.0,24.0,,,1,2,1,2,2
202100039564,2021-05-17 12:25:00,2021,5,17,12,25,69,69266,GREUZE (R),45.77111,4.89368,Plein jour,En agglomération,Hors intersection,Normale,Autre collision,4,2,2,0,1,1,1,0,4,50,,2,1,0,0,1,50.0,,,,1,2,1,1,6
202100039565,2021-05-11 18:00:00,2021,5,11,18,0,68,68066,ALSACE (RUE D'),48.07209,7.36944,Plein jour,En agglomération,Autre intersection,Normale,Deux véhicules - côté,4,3,4,0,1,1,2,0,1,50,,2,1,0,0,1,55.0,20.0,,,1,2,9,1,3
202100039566,2021-05-15 17:10:00,2021,5,15,17,10,67,67482,EDMOND ROSTAND (RUE),48.59168,7.6927,Plein jour,En agglomération,Hors intersection,Normale,Autre collision,4,2,2,1,1,1,1,0,1,50,,2,1,0,0,1,75.0,,,,1,2,1,1,6
202100039567,2021-05-14 10:20:00,2021,5,14,10,20,67,67447,BERLIN (AVENUE DE),48.60849,7.71805,Plein jour,En agglomération,Intersection en Y,Normale,Deux véhicules - côté,7,2,3,1,1,1,1,0,1,50,,2,1,0,0,1,58.0,35.0,,,1,2,4,1,3
202100039568,2021-05-06 08:30:00,2021,5,6,8,30,66,66136,R D 900,42.72094,2.87483,Plein jour,Hors agglomération,Hors intersection,Normale,Autre collision,3,3,4,0,1,1,1,0,1,90,,2,1,0,0,1,21.0,23.0,,,1,1,1,1,6
202100039569,2021-05-17 07:50:00,2021,5,17,7,50,64,64445,OLOF PALME,43.3359436136,-0.3637182713,Plein jour,En agglomération,Intersection en T,Normale,Deux véhicules - arrière,3,2,2,0,1,1,1,0,1,70,,2,1,0,1,0,36.0,22.0,,,1,2,3,1,2
202100039570,2021-05-14 13:43:00,2021,5,14,13,43,63,63063,REPUBLIQUE (AV DE LA),45.82263,3.10653,Plein jour,En agglomération,Intersection en Y,Normale,Deux véhicules - côté,7,2,2,0,1,1,1,0,1,50,,2,1,0,0,1,46.0,24.0,,,1,2,4,1,3
202100039571,2021-04-17 10:00:00,2021,4,17,10,0,59,59328,EIFFEL GUSTAVE RUE,50.65866,3.01171,Plein jour,En agglomération,Hors intersection,Normale,Trois véhicules et plus - collisions multiples,4,2,2,0,1,1,1,0,1,50,,4,2,0,0,2,42.0,75.0,,,1,2,1,1,5
202100039572,2021-05-14 13:15:00,2021,5,14,13,15,56,56121,MARNE ( AV DE LA ),47.74394,-3.36814,Plein jour,En agglomération,Intersection en T,Normale,Deux véhicules - arrière,4,2,2,0,1,1,1,0,1,30,,2,1,0,0,1,,24.0,,,1,2,3,1,2
202100039573,2021-05-17 14:00:00,2021,5,17,14,0,51,51454,Allée des Provencaux,49.23106,4.00861,Plein jour,En agglomération,Hors intersection,Normale,Sans collision,4,1,1,0,1,1,1,0,1,30,,2,1,0,0,1,,,,,1,2,1,1,7
202100039574,2021-05-17 11:52:00,2021,5,17,11,52,49,49007,MILLOT BOULEVARD JACQUES,47.4545,-0.53407,Plein jour,En agglomération,Intersection à plus de 4 branches,Normale,Deux véhicules - côté,4,-1,2,0,1,1,1,0,1,50,,2,0,0,0,2,20.0,36.0,,,1,2,5,1,3
202100039575,2021-05-17 16:35:00,2021,5,17,16,35,42,42095,Rue de la Tour de Varan,45.3927,4.28892,Plein jour,En agglomération,Hors intersection,Normale,Deux véhicules - côté,7,2,2,0,1,1,1,0,1,50,,3,1,0,0,2,70.0,23.0,,,1,2,1,1,3
202100039576,2021-05-17 16:33:00,2021,5,17,16,33,42,42095,Rue des Razes,45.3841491777,4.2858301159,Plein jour,En agglomération,Giratoire,Normale,Autre collision,4,1,1,0,1,1,1,9,1,30,,2,1,0,0,1,,,,,1,2,6,1,6
202100039577,2021-05-15 19:00:00,2021,5,15,19,0,41,41018,WILSON (AVENUE DU PRESIDENT),47.58248,1.34141,Plein jour,En agglomération,Hors intersection,Pluie légère,Sans collision,4,2,2,0,1,1,2,0,1,30,,1,0,0,1,0,51.0,,,,1,2,1,2,7
202100039578,2021-05-16 09:25:00,2021,5,16,9,25,37,37261,PAILHOU (PLACE GASTON),47.3915548631,0.6807392836,Plein jour,En agglomération,Hors intersection,Temps couvert,Autre collision,4,1,1,1,1,1,1,0,1,50,,2,1,0,0,1,71.0,22.0,,,1,2,1,8,6
202100039579,2021-04-07 08:00:00,2021,4,7,8,0,36,36044,Boulevard Arago,46.80495,1.68825,Plein jour,En agglomération,Intersection en T,Normale,Deux véhicules - côté,4,3,4,1,1,1,1,0,1,50,,2,1,0,0,1,25.0,,,,1,2,3,1,3
202100039580,2021-05-17 16:45:00,2021,5,17,16,45,35,35051,LONGCHAMPS (PORTE DES),48.14025,-1.63095,Plein jour,Hors agglomération,Hors intersection,Normale,Trois véhicules et plus - en chaîne,2,3,3,0,1,1,1,0,1,90,,4,2,0,1,1,26.0,21.0,,,1,1,1,1,4
202100039581,2021-05-16 11:15:00,2021,5,16,11,15,35,35238,TAUPINAIS (CHEMIN DE LA),48.0978,-1.719,Plein jour,Hors agglomération,Hors intersection,Pluie légère,Deux véhicules - côté,4,2,1,0,1,2,2,0,1,50,,2,1,0,0,1,73.0,64.0,,,1,1,1,2,3
202100039582,2021-05-17 17:20:00,2021,5,17,17,20,33,33318,Avenue Pasteur,44.80521,-0.63569,Plein jour,En agglomération,Hors intersection,Normale,Deux véhicules - côté,4,2,2,0,1,1,1,0,1,30,,2,1,0,0,1,48.0,72.0,,,1,2,1,1,3
202100039583,2021-05-17 01:50:00,2021,5,17,1,50,33,33063,Boulevard Joliot-Curie,44.83609,-0.55034,Nuit avec éclairage allumé,En agglomération,Intersection en X,Normale,Deux véhicules - côté,4,3,5,0,4,1,1,0,1,50,,2,1,0,0,1,22.0,19.0,,,5,2,2,1,3
202100039584,2021-05-17 12:40:00,2021,5,17,12,40,33,33529,Avenue du Parc des Expositions,44.60619,-1.1207,Plein jour,En agglomération,Intersection en T,Normale,Deux véhicules - côté,4,2,2,0,1,1,2,0,1,50,,2,1,1,0,0,71.0,62.0,,,1,2,3,1,3
202100039585,2021-05-15 19:00:00,2021,5,15,19,0,30,30189,FEUCHERES (AVENUE),43.8344,4.363,Plein jour,En agglomération,Hors intersection,Normale,Autre collision,4,-1,1,3,1,1,1,0,4,30,,2,1,0,0,1,28.0,,,,1,2,1,1,6
202100039586,2021-05-16 15:14:00,2021,5,16,15,14,19,19272,Champeau (Lieu dit),45.2741075937,1.7868768168,Plein jour,Hors agglomération,Hors intersection,Normale,Sans collision,3,-1,2,0,2,2,1,0,8,30,,1,0,0,0,1,19.0,,,,1,1,1,1,7
202100039587,2021-05-17 07:50:00,2021,5,17,7,50,17,17274,D108,46.1599,-1.10288,Plein jour,Hors agglomération,Giratoire,Normale,Autre collision,3,3,2,3,1,1,1,6,6,50,,2,1,0,0,1,35.0,,,,1,1,6,1,6
202100039588,2021-05-13 19:10:00,2021,5,13,19,10,13,13108,ARLES (PETITE ROUTE D ARLES CD 35),43.741124,4.659953,Plein jour,Hors agglomération,Hors intersection,Normale,Sans collision,3,2,2,0,1,1,1,0,1,50,,2,0,0,1,1,33.0,,,,1,1,1,1,7
202100039589,2021-05-13 16:30:00,2021,5,13,16,30,13,13108,D33 ROUTE DE FONTVEILLE,43.75095,4.70092,Plein jour,Hors agglomération,Intersection en T,Normale,Deux véhicules - côté,3,2,-1,0,1,1,1,0,1,80,,3,1,0,1,1,49.0,19.0,,,1,1,3,1,3
202100039590,2021-05-17 18:00:00,2021,5,17,18,0,13,13213,ALBERT EINSTEIN (RUE),43.34081,5.44266,Plein jour,En agglomération,Hors intersection,Normale,Deux véhicules - côté,4,2,4,0,1,1,1,0,6,50,,3,2,0,0,1,65.0,36.0,,,1,2,1,1,3
202100039591,2021-05-17 06:20:00,2021,5,17,6,20,13,13209,SEIGNEURIE (TRAVERSE DE LA),43.2404865004,5.4120436064,Plein jour,En agglomération,Hors intersection,Normale,Deux véhicules - côté,4,2,2,0,2,2,1,0,1,50,,2,1,0,0,1,24.0,56.0,,,1,2,1,1,3
202100039592,2021-05-13 17:40:00,2021,5,13,17,40,13,13208,PRADO (AVENUE DU),43.269431,5.386562,Plein jour,En agglomération,Hors intersection,Normale,Deux véhicules - côté,4,2,6,0,1,1,1,0,1,50,,2,1,0,0,1,18.0,34.0,,,1,2,1,1,3
202100039593,2021-05-16 16:22:00,2021,5,16,16,22,10,10387,QUENNEDEY (RUE),48.29166,4.08933,Plein jour,En agglomération,Hors intersection,Normale,Autre collision,4,-1,0,0,1,1,2,0,4,50,,2,1,0,1,0,,,,,1,2,1,1,6
202100039594,2021-05-17 14:30:00,2021,5,17,14,30,06,06088,VOIE RAPIDE,43.692319,7.24352,Plein jour,Hors agglomération,Hors intersection,Normale,Trois véhicules et plus - collisions multiples,4,1,2,0,1,1,1,0,1,70,,3,1,0,0,2,37.0,37.0,,,1,1,1,1,5
202100039595,2021-05-15 16:48:00,2021,5,15,16,48,05,05061,STADE ( RUE  DU ),44.54833,6.06096,Plein jour,En agglomération,Hors intersection,Pluie légère,Sans collision,4,2,2,0,2,1,2,0,1,50,,1,0,0,0,1,23.0,,,,1,2,1,2,7
202100039596,2021-05-14 13:51:00,2021,5,14,13,51,05,05061,FAUVINS ( ROUTE  DES ),44.56363,6.09912,Plein jour,En agglomération,Hors intersection,Normale,Deux véhicules - arrière,4,2,2,0,1,1,1,0,1,50,,2,1,0,0,1,23.0,45.0,,,1,2,1,1,2