accident_id,datetime,annee,mois,jour,heure,minute,departement,commune_insee,adresse,latitude,longitude,luminosite,agglomeration,intersection,meteo,collision,catr,circ,nbv,vosp,prof,plan,surf,infra,situ,vma,nb_vehicules,nb_usagers,nb_indemnes,nb_tues,nb_blesses_hosp,nb_blesses_legers,age_cond_1,age_cond_2,veh_type_cond_1,veh_type_cond_2,lum_code,agg_code,int_code,atm_code,col_code
202100039597,2021-05-17 15:50:00,2021,5,17,15,50,75,75116,PORTE DE PASSY,48.857166,2.25862,Plein jour,En agglomération,Hors intersection,Normale,Deux véhicules - arrière,4,1,4,0,1,1,2,1,1,70,,2,1,0,0,1,36.0,38.0,,,1,2,1,1,2
202100039598,2021-05-16 19:00:00,2021,5,16,19,0,75,75113,BOULEVARD PERIPHERIQUE,48.81688,2.348326,Plein jour,En agglomération,Hors intersection,Pluie légère,Sans collision,4,1,3,0,2,2,2,0,1,70,,1,0,0,0,1,44.0,,,,1,2,1,2,7
202100039599,2021-05-16 15:45:00,2021,5,16,15,45,75,75101,QUAI DES TUILERIES,48.863117,2.323237,Plein jour,En agglomération,Hors intersection,Normale,Autre collision,4,1,3,0,1,1,1,0,1,50,,2,0,1,0,1,45.0,,,,1,2,1,1,6
202100039600,2021-05-14 18:07:00,2021,5,14,18,7,75,75116,BOULEVARD EXELMANS,48.843029,2.260103,Plein jour,En agglomération,Intersection en X,Normale,Deux véhicules - côté,4,2,4,0,1,1,2,0,1,50,,4,1,0,0,3,59.0,28.0,,,1,2,2,1,3
202100039601,2021-05-17 18:40:00,2021,5,17,18,40,75,75120,RUE BELGRAND,48.864595,2.40592,Plein jour,En agglomération,Intersection en Y,Temps couvert,Autre collision,4,2,0,1,1,1,2,0,5,50,,2,1,0,0,1,26.0,,,,1,2,4,8,6
202100039602,2021-05-17 11:56:00,2021,5,17,11,56,75,75120,RUE DES AMANDIERS,48.866166,2.389691,Plein jour,En agglomération,Intersection en T,Pluie légère,Autre collision,4,1,1,3,1,1,2,0,6,50,,2,1,0,0,1,,,,,1,2,3,2,6
202100039603,2021-05-16 21:00:00,2021,5,16,21,0,75,75119,AVENUE JEAN JAURES,48.883855,2.374335,Crépuscule ou aube,En agglomération,Hors intersection,Pluie légère,Deux véhicules - arrière,4,2,2,0,1,1,2,0,1,50,,2,1,0,0,1,44.0,27.0,,,2,2,1,2,2
202100039604,2021-05-17 01:05:00,2021,5,17,1,5,75,75118,RUE DOUDEAUVILLE,48.888288,2.351538,Nuit avec éclairage allumé,En agglomération,Intersection à plus de 4 branches,Temps couvert,Autre collision,4,1,1,0,1,1,2,6,1,30,,2,1,0,0,1,,,,,5,2,5,8,6
202100039605,2021-05-17 09:50:00,2021,5,17,9,50,75,75116,AVENUE PERRICHONT,48.849455,2.273024,Plein jour,En agglomération,Hors intersection,Normale,Autre collision,4,1,1,0,1,1,1,0,4,50,,2,1,0,0,1,19.0,,,,1,2,1,1,6
202100039606,2021-05-17 17:03:00,2021,5,17,17,3,75,75115,RUE LOUIS VICAT,48.825837,2.298363,Plein jour,En agglomération,Hors intersection,Temps couvert,Deux véhicules - arrière,4,1,1,0,1,1,2,0,1,50,,2,1,0,0,1,53.0,77.0,,,1,2,1,8,2
202100039607,2021-05-17 14:30:00,2021,5,17,14,30,75,75115,RUE DE VAUGIRARD,48.842996,2.312797,Plein jour,En agglomération,Intersection en X,Temps couvert,Deux véhicules - côté,4,2,3,1,1,1,2,5,5,50,,2,1,0,0,1,68.0,21.0,,,1,2,2,8,3
202100039608,2021-05-17 13:35:00,2021,5,17,13,35,75,75113,BOULEVARD MASSENA,48.81915,2.359488,Plein jour,En agglomération,Intersection en X,Pluie légère,Deux véhicules - côté,4,2,6,0,1,1,2,0,1,50,,2,1,0,0,1,61.0,19.0,,,1,2,2,2,3
202100039609,2021-05-17 08:35:00,2021,5,17,8,35,75,75113,RUE DU DISQUE,48.82434,2.363696,Plein jour,En agglomération,Intersection en T,Pluie légère,Autre collision,4,1,1,0,1,1,2,1,1,30,,2,1,0,0,1,62.0,,,,1,2,3,2,6
202100039610,2021-05-17 17:15:00,2021,5,17,17,15,75,75111,RUE DE LA ROQUETTE,48.854343,2.371464,Plein jour,En agglomération,Intersection en X,Normale,Autre collision,4,1,1,0,1,1,2,0,1,30,,2,1,0,0,1,18.0,,,,1,2,2,1,6
202100039611,2021-05-17 08:38:00,2021,5,17,8,38,75,75110,RUE DU FAUBOURG SAINT MARTIN,48.873776,2.358316,Plein jour,En agglomération,Intersection en X,Temps couvert,Autre collision,4,2,2,1,2,1,1,0,5,50,,2,1,0,0,1,,,,,1,2,2,8,6
202100039612,2021-05-17 15:45:00,2021,5,17,15,45,75,75108,RUE LA BOETIE,48.872568,2.310045,Plein jour,En agglomération,Intersection en X,Pluie légère,Deux véhicules - arrière,4,1,1,0,1,1,2,0,1,30,,2,1,0,0,1,21.0,22.0,,,1,2,2,2,2
202100039613,2021-05-16 14:50:00,2021,5,16,14,50,75,75103,BOULEVARD DE SEBASTOPOL,48.866239,2.352527,Plein jour,En agglomération,Intersection en X,Normale,Sans collision,4,2,5,0,1,1,2,0,1,50,,1,0,0,0,1,35.0,,,,1,2,2,1,7
202100039614,2021-05-17 17:35:00,2021,5,17,17,35,94,94043,Avenue Charles Gide,48.807464,2.354696,Plein jour,En agglomération,Hors intersection,Normale,Sans collision,3,2,2,2,1,1,1,0,1,50,,1,0,0,0,1,18.0,,,,1,2,1,1,7
202100039615,2021-05-17 19:30:00,2021,5,17,19,30,94,94077,LE FOLL (AV),48.7285434284,2.4336104695,Plein jour,En agglomération,Hors intersection,Normale,Deux véhicules - arrière,3,2,2,0,2,3,1,0,1,50,,4,3,0,0,1,21.0,26.0,,,1,2,1,1,2
202100039616,2021-05-17 08:40:00,2021,5,17,8,40,94,94079,Rue de Bernau,48.81712,2.53488,Plein jour,En agglomération,Hors intersection,Pluie légère,Trois véhicules et plus - en chaîne,4,2,2,0,1,1,2,0,1,50,,3,2,0,0,1,38.0,38.0,,,1,2,1,2,4
202100039617,2021-05-16 17:00:00,2021,5,16,17,0,77,77294,CHAPIT RE ( RUE DU),49.006,2.614,Plein jour,Hors agglomération,Autre intersection,Pluie légère,Deux véhicules - côté,6,-1,0,0,1,1,2,9,8,15,,2,0,0,0,2,70.0,33.0,,,1,1,9,2,3
202100039618,2021-05-11 19:55:00,2021,5,11,19,55,92,92078,ASNIERES (QUAI),48.934214484,2.3359572887,Plein jour,En agglomération,Intersection en T,Normale,Deux véhicules - côté,4,2,0,0,1,1,1,0,1,50,,2,1,0,1,0,,22.0,,,1,2,3,1,3
202100039619,2021-05-16 11:20:00,2021,5,16,11,20,92,92064,GRANDE RUE,48.8265322782,2.219083051,Plein jour,En agglomération,Hors intersection,Pluie légère,Deux véhicules - frontale,3,3,4,0,1,1,2,0,5,30,,2,1,0,0,1,25.0,65.0,,,1,2,1,2,1
202100039620,2021-05-17 15:35:00,2021,5,17,15,35,92,92050,RD 914,48.9065661727,2.2157151997,Plein jour,En agglomération,Hors intersection,Pluie légère,Deux véhicules - arrière,3,1,3,0,1,1,2,3,1,70,,2,1,0,0,1,30.0,27.0,,,1,2,1,2,2
202100039621,2021-05-17 20:00:00,2021,5,17,20,0,92,92049,ARNOUX AVENUE MAURICE AUTRES N°,48.8169880228,2.3117691278,Plein jour,En agglomération,Hors intersection,Normale,Autre collision,4,1,1,1,1,1,1,9,1,30,,1,0,0,0,1,25.0,,,,1,2,1,1,6
202100039622,2021-05-15 21:15:00,2021,5,15,21,15,92,92036,GABRIEL PERI (AVENUE) (60/134),48.9230043719,2.2947692871,Crépuscule ou aube,En agglomération,Hors intersection,Normale,Deux véhicules - côté,3,2,2,0,1,1,1,0,1,50,,2,1,0,0,1,40.0,20.0,,,2,2,1,1,3
202100039623,2021-05-17 18:50:00,2021,5,17,18,50,92,92025,CHARLES DE GAULLE (BD),48.9103221418,2.2344600994,Crépuscule ou aube,En agglomération,Intersection en T,Normale,Deux véhicules - arrière,3,3,4,0,1,1,2,0,1,50,,2,1,0,0,1,55.0,32.0,,,2,2,3,1,2
202100039624,2021-05-17 15:20:00,2021,5,17,15,20,92,92024,MARTRE (RUE) DE (59 A 109)   (58 A 120),48.9017059565,2.3073327541,Plein jour,En agglomération,Intersection en T,Normale,Deux véhicules - côté,3,1,3,2,1,1,2,9,1,50,,2,1,0,0,1,27.0,35.0,,,1,2,3,1,3
202100039625,2021-05-17 09:44:00,2021,5,17,9,44,92,92023,GENERAL DE GAULLE (AV DU) N°130 A 340 ET,48.7805174168,2.2396371514,Plein jour,En agglomération,Hors intersection,Temps couvert,Autre collision,3,1,2,0,1,1,2,6,1,50,,2,1,0,0,1,67.0,,,,1,2,1,8,6
202100039626,2021-05-17 14:20:00,2021,5,17,14,20,85,85093,RD36,46.663176,-1.243407,Plein jour,Hors agglomération,Hors intersection,Normale,Deux véhicules - côté,3,2,2,0,1,3,1,0,1,80,,2,1,0,1,0,27.0,49.0,,,1,1,1,1,3
202100039627,2021-05-17 19:25:00,2021,5,17,19,25,17,17420,Grande Rue de Grolleau,46.116357,-1.020591,Crépuscule ou aube,En agglomération,Hors intersection,Normale,Deux véhicules - arrière,3,2,2,0,1,1,1,0,1,50,,2,1,0,0,1,45.0,47.0,,,2,2,1,1,2
202100039628,2021-05-14 00:45:00,2021,5,14,0,45,84,84043,RD942,43.992552,4.922369,Nuit sans éclairage public,Hors agglomération,Hors intersection,Normale,Deux véhicules - frontale,3,3,4,3,1,1,1,0,1,110,,2,1,1,0,0,54.0,47.0,,,3,1,1,1,1
202100039629,2021-05-18 09:10:00,2021,5,18,9,10,40,40065,Boulevard des Cigales,43.638001,-1.426045,Plein jour,En agglomération,Hors intersection,Normale,Autre collision,3,2,3,0,1,1,1,0,1,-1,,2,1,1,0,0,67.0,,,,1,2,1,1,6
202100039630,2021-05-12 20:00:00,2021,5,12,20,0,06,06161,Avenue des Baumettes,43.637799,7.132155,Plein jour,En agglomération,Hors intersection,Normale,Sans collision,4,2,2,1,2,1,1,0,1,50,,1,0,0,1,0,18.0,,,,1,2,1,1,7
202100039631,2021-05-17 07:35:00,2021,5,17,7,35,29,29189,N165 PR107+800,48.382985395,-4.332240068,Crépuscule ou aube,Hors agglomération,Hors intersection,Temps couvert,Autre collision,2,3,4,0,1,1,2,0,3,90,,1,0,0,1,0,48.0,,,,2,1,1,8,6
202100039632,2021-05-14 22:00:00,2021,5,14,22,0,84,84027,Caderousse,44.095507,4.721632,Nuit avec éclairage allumé,Hors agglomération,Hors intersection,Normale,Sans collision,3,2,2,0,1,2,1,2,4,50,,1,0,0,1,0,45.0,,,,5,1,1,1,7
202100039633,2021-05-18 17:00:00,2021,5,18,17,0,65,65340,carrefour route de rabastens et et du bois cibat,43.267801,0.105096,Plein jour,En agglomération,Intersection en T,Pluie légère,Deux véhicules - côté,2,2,2,3,1,1,2,0,1,70,,2,0,0,2,0,61.0,25.0,,,1,2,3,2,3
202100039634,2021-05-18 11:48:00,2021,5,18,11,48,62,62392,D38,50.260695,2.89,Plein jour,Hors agglomération,Intersection en T,Normale,Autre collision,3,2,2,0,1,1,1,0,4,80,,4,0,0,2,2,52.0,,,,1,1,3,1,6
202100039635,2021-05-18 07:15:00,2021,5,18,7,15,2A,2A006,Villaranda,41.9661931692,8.7799521855,Plein jour,En agglomération,Hors intersection,Normale,Deux véhicules - côté,3,2,2,0,1,1,1,0,3,80,,2,1,0,0,1,31.0,48.0,,,1,2,1,1,3
202100039636,2021-05-17 13:15:00,2021,5,17,13,15,2A,2A271,T22,41.9544953302,8.7932663262,Plein jour,En agglomération,Hors intersection,Normale,Deux véhicules - arrière,2,2,2,0,1,1,1,0,1,70,,2,1,0,1,0,60.0,49.0,,,1,2,1,1,2
202100039637,2021-05-10 08:40:00,2021,5,10,8,40,65,65375,Place Centrale,43.388115,0.151105,Plein jour,En agglomération,Intersection en X,Temps éblouissant,Deux véhicules - côté,2,2,2,0,1,1,1,6,1,30,,2,1,0,0,1,52.0,22.0,,,1,2,2,7,3
202100039638,2021-05-17 17:30:00,2021,5,17,17,30,11,11090,D118,43.104876,2.251554,Plein jour,Hors agglomération,Hors intersection,Normale,Deux véhicules - arrière,3,3,4,0,1,1,1,0,1,110,,2,1,0,0,1,,53.0,,,1,1,1,1,2
202100039639,2021-05-17 16:15:00,2021,5,17,16,15,71,71310,RN 70,46.747345,4.491026,Plein jour,Hors agglomération,Hors intersection,Normale,Deux véhicules - arrière,2,3,4,0,1,1,2,0,1,70,,2,1,0,1,0,64.0,39.0,,,1,1,1,1,2
202100039640,2021-05-17 06:00:00,2021,5,17,6,0,89,89332,D37,48.308117,3.071753,Nuit sans éclairage public,Hors agglomération,Hors intersection,Pluie forte,Autre collision,3,2,2,0,1,1,2,0,1,80,,1,0,0,1,0,44.0,,,,3,1,1,3,6
202100039641,2021-05-17 21:30:00,2021,5,17,21,30,63,63381,route départementale 943,45.85741,2.91039,Nuit sans éclairage public,Hors agglomération,Hors intersection,Temps couvert,Autre collision,3,2,2,0,1,3,2,0,3,80,,1,0,0,1,0,19.0,,,,3,1,1,8,6
202100039642,2021-05-18 07:00:00,2021,5,18,7,0,63,63211,l'Etang du pendu,45.486358,3.76079,Plein jour,Hors agglomération,Intersection en X,Normale,Deux véhicules - côté,3,2,2,0,1,1,1,0,1,80,,3,0,0,1,2,54.0,57.0,,,1,1,2,1,3
202100039643,2021-05-17 13:46:00,2021,5,17,13,46,25,25370,D438,47.436136,6.782176,Plein jour,En agglomération,Hors intersection,Pluie forte,Autre collision,3,2,2,0,1,1,2,0,1,50,,2,1,0,1,0,46.0,78.0,,,1,2,1,3,6
202100039644,2021-05-17 17:00:00,2021,5,17,17,0,31,31550,rue campagne,43.062339,0.776559,Plein jour,Hors agglomération,Hors intersection,Normale,Deux véhicules - frontale,4,2,-1,0,1,3,1,0,1,80,,2,1,0,1,0,23.0,67.0,,,1,1,1,1,1
202100039645,2021-05-18 09:00:00,2021,5,18,9,0,72,72224,La Maison Rouge,48.027289,0.491531,Plein jour,Hors agglomération,Hors intersection,Normale,Sans collision,3,2,2,0,2,1,1,0,3,-1,,2,0,0,0,2,21.0,,,,1,1,1,1,7
202100039646,2021-05-18 14:45:00,2021,5,18,14,45,14,14120,D193,49.065459,-0.760546,Plein jour,Hors agglomération,Hors intersection,Normale,Deux véhicules - frontale,3,2,2,0,1,2,1,0,1,80,,3,2,0,1,0,30.0,30.0,,,1,1,1,1,1
202100039647,2021-05-18 08:55:00,2021,5,18,8,55,50,50639,rue du général de gaulle,48.837199,-1.221805,Plein jour,En agglomération,Hors intersection,Normale,Autre collision,3,2,2,0,1,1,1,0,8,30,,2,1,0,1,0,84.0,,,,1,2,1,1,6
202100039648,2021-05-08 11:30:00,2021,5,8,11,30,73,73171,D201 - 246 Av de Savoie,45.5017656135,6.0513033271,Plein jour,En agglomération,Giratoire,Normale,Autre collision,3,2,2,0,1,1,1,0,1,50,,2,1,0,1,0,67.0,,,,1,2,6,1,6
202100039649,2021-05-17 21:10:00,2021,5,17,21,10,53,53009,L'Emonderie,47.979236,-0.606909,Crépuscule ou aube,Hors agglomération,Hors intersection,Pluie légère,Sans collision,3,2,2,0,1,1,2,0,3,90,,1,0,0,1,0,36.0,,,,2,1,1,2,7
202100039650,2021-05-16 20:30:00,2021,5,16,20,30,85,85095,Le Petit Bois,46.865157,-1.777886,Crépuscule ou aube,Hors agglomération,Hors intersection,Pluie légère,Autre collision,3,2,2,0,1,1,2,0,3,80,,1,0,0,1,0,54.0,,,,2,1,1,2,6
202100039651,2021-04-28 17:45:00,2021,4,28,17,45,17,17347,Boulevard Joseph Lair,45.946177,-0.522191,Plein jour,En agglomération,Hors intersection,Normale,Deux véhicules - frontale,4,-1,2,0,1,1,1,0,1,50,,2,1,0,1,0,58.0,49.0,,,1,2,1,1,1
202100039652,2021-05-17 07:34:00,2021,5,17,7,34,67,67340,06 rue de niederbronn,48.9398229127,7.6070841572,Plein jour,En agglomération,Hors intersection,Pluie légère,Autre collision,3,2,2,0,1,1,2,0,4,50,,2,0,0,1,1,31.0,,,,1,2,1,2,6
202100039653,2021-05-18 06:55:00,2021,5,18,6,55,24,24167,Route de Sainte Marthe,44.659626,0.409209,Crépuscule ou aube,Hors agglomération,Hors intersection,Temps couvert,Autre collision,4,2,2,0,1,1,1,0,1,80,,2,1,0,1,0,86.0,,,,2,1,1,8,6
202100039654,2021-05-17 14:59:00,2021,5,17,14,59,86,86158,A10 PK 300.500,46.630998,0.35172,Plein jour,Hors agglomération,Hors intersection,Normale,Deux véhicules - arrière,1,3,4,0,1,1,1,0,1,130,,2,1,0,1,0,33.0,33.0,,,1,1,1,1,2
202100039655,2021-05-17 07:30:00,2021,5,17,7,30,77,77339,Autoroute A6 PK 056+300 sens province vers Paris,48.374953,2.562046,Plein jour,Hors agglomération,Hors intersection,Pluie légère,Autre collision,1,3,5,0,1,4,2,0,1,130,,4,1,0,0,3,30.0,52.0,,,1,1,1,2,6
202100039656,2021-05-15 22:45:00,2021,5,15,22,45,977,97701,route de grand fond,17.90074,-62.818483,Nuit sans éclairage public,En agglomération,Hors intersection,Normale,Deux véhicules - côté,2,2,2,0,2,2,1,0,4,50,,1,0,0,1,0,25.0,,,,3,2,1,1,3
202100039657,2021-05-17 12:10:00,2021,5,17,12,10,45,45252,Rue Louise Michel,48.185553,2.250411,Plein jour,En agglomération,Hors intersection,Temps couvert,Autre collision,4,2,2,0,1,1,1,0,1,50,,2,1,0,1,0,35.0,,,,1,2,1,8,6
202100039658,2021-05-14 08:55:00,2021,5,14,8,55,26,26002,A7 - PK 32.500,45.23737,4.846441,Plein jour,Hors agglomération,Hors intersection,Temps couvert,Deux véhicules - arrière,1,3,5,0,2,1,2,0,1,130,,3,0,0,1,2,56.0,59.0,,,1,1,1,8,2
202100039659,2021-05-17 17:45:00,2021,5,17,17,45,71,71372,route du bourg,46.187002,4.740043,Plein jour,En agglomération,Intersection en Y,Normale,Deux véhicules - frontale,3,-1,2,0,1,3,1,0,1,50,,4,0,0,1,3,65.0,45.0,,,1,2,4,1,1
202100039660,2021-05-14 16:35:00,2021,5,14,16,35,63,63203,Déparementale 402,45.847807,3.067154,Plein jour,Hors agglomération,Hors intersection,Normale,Trois véhicules et plus - collisions multiples,3,2,2,0,1,3,1,0,1,80,,7,6,0,0,1,50.0,45.0,,,1,1,1,1,5
202100039661,2021-05-16 18:43:00,2021,5,16,18,43,86,86137,Avenue du Docteur Colas,47.005068,0.077832,Plein jour,En agglomération,Intersection en X,Normale,Deux véhicules - côté,3,2,2,0,1,1,1,0,1,50,,2,1,0,1,0,17.0,79.0,,,1,2,2,1,3
202100039662,2021-05-16 06:45:00,2021,5,16,6,45,33,33097,,45.077305,-1.053683,Crépuscule ou aube,En agglomération,Hors intersection,Pluie légère,Sans collision,3,2,2,0,1,1,2,0,3,50,,1,0,0,1,0,40.0,,,,2,2,1,2,7
202100039663,2021-05-18 08:52:00,2021,5,18,8,52,60,60138,Route de Compiegne,49.225025,2.615443,Plein jour,Hors agglomération,Hors intersection,Normale,Deux véhicules - arrière,3,2,2,0,1,1,1,0,1,80,,2,1,0,0,1,33.0,34.0,,,1,1,1,1,2
202100039664,2021-05-18 08:10:00,2021,5,18,8,10,60,60524,RD 1016,49.337777,2.434075,Plein jour,Hors agglomération,Hors intersection,Normale,Trois véhicules et plus - en chaîne,3,3,4,0,1,1,1,0,1,110,,7,5,0,0,2,32.0,50.0,,,1,1,1,1,4
202100039665,2021-05-17 10:50:00,2021,5,17,10,50,33,33122,AUTOROUTE A 63,44.742624,-0.707913,Plein jour,Hors agglomération,Hors intersection,Pluie légère,Trois véhicules et plus - en chaîne,1,3,4,0,1,1,2,0,1,110,,5,4,0,1,0,70.0,36.0,,,1,1,1,2,4
202100039666,2021-05-17 17:21:00,2021,5,17,17,21,91,91312,RD 444,48.73579,2.22943,Plein jour,Hors agglomération,Hors intersection,Normale,Trois véhicules et plus - collisions multiples,3,2,2,0,1,1,1,0,1,70,,3,1,0,0,2,45.0,37.0,,,1,1,1,1,5
202100039667,2021-05-17 13:41:00,2021,5,17,13,41,91,91286,AUTOROUTE A6,48.653267,2.381317,Plein jour,Hors agglomération,Hors intersection,Pluie forte,Trois véhicules et plus - en chaîne,1,1,3,0,1,1,2,2,1,110,,4,2,0,0,2,41.0,38.0,,,1,1,1,3,4
202100039668,2021-05-17 06:15:00,2021,5,17,6,15,91,91521,RN 104,48.6356,2.4015,Plein jour,Hors agglomération,Hors intersection,Pluie légère,Autre collision,2,1,2,0,1,2,2,2,1,50,,1,0,0,0,1,26.0,,,,1,1,1,2,6
202100039669,2021-05-16 22:16:00,2021,5,16,22,16,91,91161,AUTOROUTE A6,48.6973,2.31519,Nuit sans éclairage public,Hors agglomération,Hors intersection,Pluie légère,Trois véhicules et plus - collisions multiples,1,3,3,0,1,1,2,0,1,110,,7,5,0,0,2,24.0,29.0,,,3,1,1,2,5
202100039670,2021-05-17 07:15:00,2021,5,17,7,15,95,95582,AUTOROUTE A115,48.9827596516,2.2413298291,Plein jour,Hors agglomération,Hors intersection,Pluie légère,Autre collision,1,3,6,0,1,2,2,0,1,70,,1,0,0,0,1,32.0,,,,1,1,1,2,6
202100039671,2021-05-16 22:30:00,2021,5,16,22,30,95,95582, A115,48.976658531,2.2414255142,Nuit sans éclairage public,Hors agglomération,Hors intersection,Pluie légère,Autre collision,1,1,2,0,2,3,2,0,1,70,,1,0,0,0,1,23.0,,,,3,1,1,2,6
202100039672,2021-05-16 21:30:00,2021,5,16,21,30,95,95394, A115,49.04979,2.18145,Nuit sans éclairage public,Hors agglomération,Hors intersection,Pluie légère,Autre collision,1,3,4,0,1,3,2,0,1,90,,1,0,0,0,1,21.0,,,,3,1,1,2,6
202100039673,2021-05-16 22:35:00,2021,5,16,22,35,92,92036,AUTOROUTE A15,48.9384432213,2.2966712184,Nuit sans éclairage public,Hors agglomération,Hors intersection,Pluie légère,Deux véhicules - arrière,1,3,4,0,2,3,2,0,1,50,,2,1,0,0,1,61.0,,,,3,1,1,2,2
202100039674,2021-05-16 22:30:00,2021,5,16,22,30,95,95018, A15,48.9567678209,2.2749853134,Nuit sans éclairage public,Hors agglomération,Hors intersection,Pluie légère,Autre collision,1,3,5,0,2,3,2,3,1,70,,1,0,0,0,1,21.0,,,,3,1,1,2,6
202100039675,2021-05-16 20:10:00,2021,5,16,20,10,95,95394,RN 184,49.051849567,2.1955081604,Plein jour,Hors agglomération,Hors intersection,Pluie légère,Deux véhicules - côté,2,3,4,0,1,2,2,0,1,90,,3,2,0,0,1,50.0,24.0,,,1,1,1,2,3
202100039676,2021-05-16 08:40:00,2021,5,16,8,40,95,95582,RD 170,48.96551,2.27173,Plein jour,Hors agglomération,Hors intersection,Normale,Autre collision,3,3,7,0,1,1,1,0,1,70,,2,1,0,0,1,24.0,,,,1,1,1,1,6
202100039677,2021-05-16 00:10:00,2021,5,16,0,10,93,93010,AUTOROUTE A3,48.8891,2.473,Nuit avec éclairage non allumé,Hors agglomération,Hors intersection,Pluie légère,Autre collision,1,3,9,0,2,3,2,0,1,70,,1,0,0,0,1,41.0,,,,4,1,1,2,6
202100039678,2021-05-15 11:50:00,2021,5,15,11,50,93,93053,AUTOROUTE A103,48.88783,2.47242,Plein jour,Hors agglomération,Hors intersection,Temps couvert,Trois véhicules et plus - en chaîne,1,3,4,0,2,2,2,0,1,90,,5,2,0,0,3,23.0,51.0,,,1,1,1,8,4
202100039679,2021-05-17 08:00:00,2021,5,17,8,0,94,94022,A86 EXT,48.7755,2.41311,Plein jour,Hors agglomération,Hors intersection,Normale,Trois véhicules et plus - en chaîne,1,3,3,0,1,1,1,0,1,90,,6,5,0,0,1,29.0,25.0,,,1,1,1,1,4
202100039680,2021-05-15 12:25:00,2021,5,15,12,25,976,97611,tsoundzou-Mariage (place -tsoundzou 2),-12.8135,45.20218,Plein jour,En agglomération,Hors intersection,Normale,Trois véhicules et plus - collisions multiples,2,2,0,0,1,1,1,0,1,50,,7,2,0,0,5,45.0,34.0,,,1,2,1,1,5
202100039681,2021-05-16 20:10:00,2021,5,16,20,10,69,69383,VICTOR AUGAGNEUR (Q),45.76,4.84106,Plein jour,En agglomération,Intersection en X,Normale,Deux véhicules - côté,4,1,3,0,1,1,1,0,1,50,,2,1,0,1,0,19.0,44.0,,,1,2,2,1,3
202100039682,2021-05-16 04:40:00,2021,5,16,4,40,69,69383,ALBERT THOMAS (CR),45.7436558832,4.8769801855,Nuit avec éclairage allumé,En agglomération,Intersection en X,Normale,Deux véhicules - côté,4,2,4,0,1,1,1,0,1,50,,3,1,0,0,2,41.0,23.0,,,5,2,2,1,3
202100039683,2021-05-16 15:14:00,2021,5,16,15,14,95,95019,Avenue Pierre Curie,48.9854227625,2.4256289005,Plein jour,En agglomération,Intersection en X,Normale,Deux véhicules - côté,3,2,2,0,1,1,1,5,1,50,,2,1,0,0,1,40.0,29.0,,,1,2,2,1,3
202100039684,2021-05-16 18:55:00,2021,5,16,18,55,91,91549,JEAN RENOIR (RUE),48.64,2.35,Plein jour,En agglomération,Intersection en T,Pluie légère,Deux véhicules - côté,9,-1,2,0,1,1,2,0,1,30,,4,3,0,0,1,30.0,45.0,,,1,2,3,2,3
202100039685,2021-05-15 21:00:00,2021,5,15,21,0,76,76216,RN 27 (ROUTE DE DIEPPE),49.47594,1.04813,Plein jour,En agglomération,Autre intersection,Normale,Deux véhicules - côté,7,2,2,3,1,1,1,0,1,50,,2,1,0,0,1,38.0,23.0,,,1,2,9,1,3
202100039686,2021-05-16 14:40:00,2021,5,16,14,40,76,76217,AVENUE DE BREAUTE,49.91219,1.08056,Plein jour,Hors agglomération,Hors intersection,Normale,Sans collision,3,1,1,2,2,3,1,0,3,70,,1,0,0,0,1,29.0,,,,1,1,1,1,7
202100039687,2021-05-15 13:10:00,2021,5,15,13,10,72,72181,PELOUSE (RUE) N° PAIRS 2 A 72,48.001829,0.199599,Plein jour,En agglomération,Hors intersection,Normale,Autre collision,4,1,1,2,2,1,1,0,1,50,,2,1,0,0,1,41.0,,,,1,2,1,1,6
202100039688,2021-05-12 16:45:00,2021,5,12,16,45,69,69290,LYONNAIS (DU) (R),45.70127,4.89998,Plein jour,En agglomération,Giratoire,Normale,Sans collision,4,2,2,0,1,1,1,5,1,50,,2,1,0,0,1,35.0,,,,1,2,6,1,7
202100039689,2021-05-16 16:20:00,2021,5,16,16,20,64,64102,QUATORZE AVRIL (AVENUE DU),43.50263,-1.45636,Plein jour,En agglomération,Giratoire,Pluie légère,Sans collision,3,1,2,0,1,2,2,0,1,50,,1,0,0,0,1,35.0,,,,1,2,6,2,7
202100039690,2021-05-14 12:26:00,2021,5,14,12,26,60,60057,Boulevard Amyot d’Inville,49.4341852915,2.0799458586,Plein jour,En agglomération,Hors intersection,Normale,Autre collision,4,2,2,0,1,1,2,0,1,50,,3,1,0,0,2,50.0,,,,1,2,1,1,6
202100039691,2021-05-16 14:39:00,2021,5,16,14,39,54,54395,BAZIN (RUE HENRI) + (SENTIER),48.69707,6.1949,Plein jour,En agglomération,Intersection en X,Normale,Autre collision,4,1,2,1,1,1,1,0,1,30,,3,2,0,1,0,37.0,26.0,,,1,2,2,1,6
202100039692,2021-05-16 09:50:00,2021,5,16,9,50,54,54395,FOCH (AVENUE 2 A 16,48.6893473664,6.1761865765,Plein jour,En agglomération,Hors intersection,Normale,Deux véhicules - côté,4,1,2,2,1,1,2,0,1,30,,2,1,0,0,1,69.0,52.0,,,1,2,1,1,3