accident_id,datetime,annee,mois,jour,heure,minute,departement,commune_insee,adresse,latitude,longitude,luminosite,agglomeration,intersection,meteo,collision,catr,circ,nbv,vosp,prof,plan,surf,infra,situ,vma,nb_vehicules,nb_usagers,nb_indemnes,nb_tues,nb_blesses_hosp,nb_blesses_legers,age_cond_1,age_cond_2,veh_type_cond_1,veh_type_cond_2,lum_code,agg_code,int_code,atm_code,col_code
202100039693,2021-05-16 17:10:00,2021,5,16,17,10,45,45234,137 Rue du Faubourg Saint Vincent,47.911094,1.915207,Plein jour,En agglomération,Intersection en T,Normale,Autre collision,4,2,1,0,1,1,1,0,1,50,,2,1,0,0,1,93.0,,,,1,2,3,1,6
202100039694,2021-05-16 06:24:00,2021,5,16,6,24,45,45234,Pont de l'Europe,47.8973984634,1.8767695427,Nuit avec éclairage allumé,En agglomération,Intersection en X,Normale,Sans collision,4,1,4,1,1,1,1,5,8,50,,1,0,1,0,0,32.0,,,,5,2,2,1,7
202100039695,2021-05-15 13:30:00,2021,5,15,13,30,32,32013,MONTEGUT (CHEMIN DE),43.65718,0.63799,Plein jour,Hors agglomération,Passage à niveau,Temps couvert,Sans collision,3,2,2,0,1,3,2,4,1,50,,4,2,0,0,2,19.0,,,,1,1,8,8,7
202100039696,2021-05-16 16:45:00,2021,5,16,16,45,31,31555,VA007331 A620,43.573757,1.450131,Plein jour,Hors agglomération,Hors intersection,Pluie légère,Autre collision,1,1,2,0,2,3,2,3,1,50,,2,1,0,0,1,20.0,,,,1,1,1,2,6
202100039697,2021-05-16 13:00:00,2021,5,16,13,0,31,31555,MINIMES (AV DES) DU 1AU 178,43.61847,1.43641,Plein jour,En agglomération,Intersection en T,Pluie forte,Deux véhicules - frontale,7,2,2,0,1,1,2,8,1,50,,2,1,0,1,0,34.0,24.0,,,1,2,3,3,1
202100039698,2021-05-15 11:58:00,2021,5,15,11,58,17,17306,Rue Henri Mériot,45.627192,-1.031244,Plein jour,En agglomération,Autre intersection,Pluie forte,Autre collision,4,1,3,3,1,2,2,0,1,30,,2,1,0,1,0,61.0,,,,1,2,9,3,6
202100039699,2021-05-16 22:45:00,2021,5,16,22,45,13,13209,COL DE LA GINESTE D559,43.24091,5.46001,Nuit sans éclairage public,Hors agglomération,Hors intersection,Pluie forte,Sans collision,7,2,2,0,2,2,2,0,3,70,,2,0,0,0,2,22.0,,,,3,1,1,3,7
202100039700,2021-05-16 17:40:00,2021,5,16,17,40,13,13207,ENDOUME (RUE D'),43.2897,5.36633,Plein jour,En agglomération,Intersection en X,Pluie légère,Autre collision,4,2,3,0,1,1,2,0,8,50,,3,1,0,0,2,27.0,,,,1,2,2,2,6
202100039701,2021-05-15 10:40:00,2021,5,15,10,40,13,13208,MENDES FRANCE (AVENUE),43.255652,5.37652,Plein jour,En agglomération,Hors intersection,Normale,Deux véhicules - côté,4,1,2,0,1,1,1,0,1,50,,2,1,0,0,1,33.0,38.0,,,1,2,1,1,3
202100039702,2021-05-16 16:15:00,2021,5,16,16,15,75,75120,PORTE DE MONTREUIL,48.859033,2.41411,Plein jour,En agglomération,Hors intersection,Temps couvert,Deux véhicules - arrière,4,1,4,0,1,1,1,0,1,70,,3,2,0,0,1,26.0,38.0,,,1,2,1,8,2
202100039703,2021-05-15 09:00:00,2021,5,15,9,0,75,75112,ECHANGEUR BERCY,48.827158,2.392033,Plein jour,En agglomération,Intersection en Y,Pluie légère,Autre collision,4,1,2,0,1,1,2,0,1,50,,1,0,0,0,1,25.0,,,,1,2,4,2,6
202100039704,2021-05-15 04:40:00,2021,5,15,4,40,75,75116,PORTE DAUPHINE,48.871218,2.27332,Nuit avec éclairage allumé,En agglomération,Hors intersection,Pluie légère,Deux véhicules - arrière,4,1,4,0,1,1,2,0,1,70,,3,1,0,0,2,33.0,24.0,,,5,2,1,2,2
202100039705,2021-05-15 14:09:00,2021,5,15,14,9,75,75120,BOULEVARD DE BELLEVILLE,48.867007,2.382866,Plein jour,En agglomération,Intersection en X,Pluie légère,Deux véhicules - arrière,4,2,4,0,1,1,2,0,1,50,,3,1,0,1,1,45.0,55.0,,,1,2,2,2,2
202100039706,2021-05-16 21:05:00,2021,5,16,21,5,75,75120,BOULEVARD DE BELLEVILLE,48.869054,2.380701,Crépuscule ou aube,En agglomération,Intersection en X,Pluie légère,Deux véhicules - côté,4,3,2,3,1,1,2,0,6,50,,2,1,0,0,1,28.0,22.0,,,2,2,2,2,3
202100039707,2021-05-16 14:15:00,2021,5,16,14,15,75,75120,RUE D AVRON,48.851533,2.399547,Plein jour,En agglomération,Intersection en T,Pluie légère,Trois véhicules et plus - en chaîne,4,2,2,0,1,1,2,0,1,30,,3,2,0,0,1,65.0,36.0,,,1,2,3,2,4
202100039708,2021-05-16 18:50:00,2021,5,16,18,50,75,75119,AVENUE DE FLANDRE,48.889855,2.375995,Plein jour,En agglomération,Intersection en T,Temps couvert,Deux véhicules - côté,4,3,2,3,1,1,1,0,6,50,,2,1,0,0,1,19.0,20.0,,,1,2,3,8,3
202100039709,2021-05-16 15:50:00,2021,5,16,15,50,75,75119,RUE DE JOINVILLE,48.889876,2.380065,Plein jour,En agglomération,Intersection en T,Normale,Autre collision,4,2,2,0,1,1,1,0,1,30,,2,1,0,0,1,,,,,1,2,3,1,6
202100039710,2021-05-16 14:10:00,2021,5,16,14,10,75,75118,BOULEVARD ORNANO,48.897109,2.345085,Plein jour,En agglomération,Hors intersection,Normale,Deux véhicules - côté,4,2,4,0,1,1,1,0,1,30,,2,0,0,1,1,31.0,48.0,,,1,2,1,1,3
202100039711,2021-05-16 16:00:00,2021,5,16,16,0,75,75117,RUE POUCHET,48.895094,2.321318,Plein jour,En agglomération,Intersection en T,Normale,Deux véhicules - arrière,4,2,2,0,2,1,1,0,1,50,,3,2,0,0,1,30.0,59.0,,,1,2,3,1,2
202100039712,2021-05-16 19:50:00,2021,5,16,19,50,75,75116,AVENUE DE VERSAILLES,48.842618,2.268681,Plein jour,En agglomération,Intersection en T,Pluie légère,Deux véhicules - côté,4,2,4,0,1,1,2,0,1,50,,2,1,0,0,1,25.0,51.0,,,1,2,3,2,3
202100039713,2021-05-16 16:20:00,2021,5,16,16,20,75,75115,BOULEVARD GARIBALDI,48.845323,2.310144,Plein jour,En agglomération,Hors intersection,Temps couvert,Autre collision,4,1,3,0,1,1,1,0,1,50,,1,0,0,0,1,67.0,,,,1,2,1,8,6
202100039714,2021-05-15 15:10:00,2021,5,15,15,10,75,75114,AVENUE DE LA PORTE DE CHATILLON,48.823701,2.317127,Plein jour,En agglomération,Intersection en T,Normale,Deux véhicules - arrière,4,2,4,0,1,1,2,0,1,50,,3,1,0,0,2,33.0,33.0,,,1,2,3,1,2
202100039715,2021-05-16 14:52:00,2021,5,16,14,52,75,75113,RUE CHARLES FOURIER,48.825801,2.350372,Plein jour,En agglomération,Intersection à plus de 4 branches,Pluie forte,Deux véhicules - côté,4,1,4,0,1,1,2,0,1,50,,2,1,0,0,1,23.0,39.0,,,1,2,5,3,3
202100039716,2021-05-16 18:45:00,2021,5,16,18,45,75,75112,AVENUE DAUMESNIL,48.835417,2.406486,Plein jour,En agglomération,Intersection en X,Pluie forte,Deux véhicules - côté,4,2,4,0,1,1,2,5,1,50,,4,3,0,0,1,20.0,37.0,,,1,2,2,3,3
202100039717,2021-05-15 21:45:00,2021,5,15,21,45,75,75110,RUE DU FAUBOURG SAINT DENIS,48.879311,2.357084,Nuit avec éclairage allumé,En agglomération,Intersection en X,Temps couvert,Deux véhicules - côté,4,2,2,0,1,1,2,0,1,50,,2,1,0,0,1,31.0,,,,5,2,2,8,3
202100039718,2021-05-16 19:00:00,2021,5,16,19,0,75,75109,BOULEVARD HAUSSMANN,48.87315,2.33174,Plein jour,En agglomération,Place,Pluie légère,Deux véhicules - arrière,4,1,3,0,1,1,2,0,1,50,,2,1,0,0,1,37.0,49.0,,,1,2,7,2,2
202100039719,2021-05-16 14:05:00,2021,5,16,14,5,75,75108,RUE SAINT LAZARE,48.87537,2.32503,Plein jour,En agglomération,Hors intersection,Pluie légère,Deux véhicules - côté,4,2,4,0,1,1,2,0,1,50,,2,1,0,0,1,33.0,25.0,,,1,2,1,2,3
202100039720,2021-05-16 16:30:00,2021,5,16,16,30,75,75107,AVENUE DE LA BOURDONNAIS,48.860533,2.295643,Plein jour,En agglomération,Intersection en T,Normale,Trois véhicules et plus - en chaîne,4,2,4,0,1,1,1,0,1,50,,3,2,0,0,1,46.0,29.0,,,1,2,3,1,4
202100039721,2021-05-16 18:40:00,2021,5,16,18,40,75,75101,RUE DE RIVOLI,48.860901,2.340839,Plein jour,En agglomération,Intersection en X,Pluie légère,Sans collision,4,2,4,0,1,1,2,0,1,50,,1,0,0,0,1,22.0,,,,1,2,2,2,7
202100039722,2021-05-16 13:25:00,2021,5,16,13,25,75,75103,RUE BEAUBOURG,48.86428,2.355169,Plein jour,En agglomération,Intersection en X,Pluie légère,Sans collision,4,1,2,0,1,1,2,0,1,50,,1,0,0,0,1,46.0,,,,1,2,2,2,7
202100039723,2021-05-16 16:40:00,2021,5,16,16,40,94,94019,LIBERATION (RTE DE LA),48.80473,2.53524,Plein jour,En agglomération,Intersection en T,Normale,Deux véhicules - côté,3,2,2,0,1,1,1,0,1,50,,2,1,0,0,1,19.0,,,,1,2,3,1,3
202100039724,2021-05-16 19:00:00,2021,5,16,19,0,94,94017,GENERAL DE GAULLE (AV DU),48.82258,2.49271,Plein jour,En agglomération,Hors intersection,Temps couvert,Autre collision,3,2,4,0,1,1,2,0,1,50,,3,2,0,0,1,47.0,,,,1,2,1,8,6
202100039725,2021-05-16 19:30:00,2021,5,16,19,30,94,94075,Avenue du Mal de Lattre de Tassigny,48.73433,2.52053,Plein jour,Hors agglomération,Autre intersection,Pluie légère,Trois véhicules et plus - collisions multiples,2,3,5,0,1,1,2,0,1,70,,9,7,0,0,2,35.0,20.0,,,1,1,9,2,5
202100039726,2021-05-16 06:50:00,2021,5,16,6,50,93,93072,STALINGRAD (AVENUE DE) COTE DES N°51 AU,48.9493143919,2.3833885788,Crépuscule ou aube,En agglomération,Intersection en T,Normale,Deux véhicules - côté,3,2,6,0,1,1,2,5,1,50,,2,1,0,0,1,,57.0,,,2,2,3,1,3
202100039727,2021-05-16 18:50:00,2021,5,16,18,50,93,93071,BALLANGER ROBERT (AVENUE),48.9493624375,2.5196681762,Plein jour,En agglomération,Intersection en X,Pluie légère,Deux véhicules - côté,3,2,4,0,1,1,2,0,1,50,,2,1,1,0,0,25.0,,,,1,2,2,2,3
202100039728,2021-05-16 14:10:00,2021,5,16,14,10,93,93048,KLEBER (RUE),48.854932,2.434919,Plein jour,En agglomération,Intersection en X,Normale,Deux véhicules - côté,4,2,2,1,1,1,2,0,1,30,,2,1,0,0,1,19.0,15.0,,,1,2,2,1,3
202100039729,2021-05-16 09:50:00,2021,5,16,9,50,93,93031,Avenue de la République,48.949551,2.330477,Plein jour,En agglomération,Autre intersection,Normale,Deux véhicules - côté,3,1,2,0,1,1,1,0,1,50,,2,1,0,0,1,35.0,29.0,,,1,2,9,1,3
202100039730,2021-05-16 18:45:00,2021,5,16,18,45,93,93027,Rue Paul Verlaine,48.93333,2.392296,Plein jour,En agglomération,Hors intersection,Pluie légère,Autre collision,4,2,1,3,1,1,2,9,8,30,,2,1,0,0,1,32.0,,,,1,2,1,2,6
202100039731,2021-05-16 19:40:00,2021,5,16,19,40,92,92035,République ( boulevard de la ),48.9057598644,2.2531923652,Crépuscule ou aube,En agglomération,Autre intersection,Pluie forte,Sans collision,3,4,5,0,1,1,2,0,1,50,,2,1,0,1,0,35.0,54.0,,,2,2,9,3,7
202100039732,2021-05-16 22:00:00,2021,5,16,22,0,92,92024,MARTRE (RUE) DE (59 A 109)   (58 A 120),48.90085,2.30812,Nuit avec éclairage allumé,En agglomération,Intersection en X,Normale,Deux véhicules - côté,3,1,3,3,1,1,2,0,1,50,,2,1,0,0,1,34.0,39.0,,,5,2,2,1,3
202100039733,2021-05-16 19:34:00,2021,5,16,19,34,92,92024,HENRI BARBUSSE (RUE) DE (1 A 73)   (2 A,48.8995563313,2.3052394575,Plein jour,En agglomération,Intersection en X,Pluie forte,Sans collision,4,2,2,0,1,1,2,0,1,50,,1,0,0,0,1,49.0,,,,1,2,2,3,7
202100039734,2021-05-16 18:40:00,2021,5,16,18,40,95,95313,A16,49.113256,2.254451,Plein jour,Hors agglomération,Hors intersection,Pluie forte,Autre collision,1,3,5,0,1,1,3,0,3,110,,6,4,0,0,2,39.0,,,,1,1,1,3,6
202100039735,2021-05-16 18:24:00,2021,5,16,18,24,47,47016,Route d'Agen,44.13829,0.55952,Plein jour,En agglomération,Intersection en X,Temps couvert,Deux véhicules - côté,3,2,2,0,2,1,2,0,1,50,,3,0,0,0,3,22.0,68.0,,,1,2,2,8,3
202100039736,2021-05-17 15:30:00,2021,5,17,15,30,08,08403,33 Avenue de Bourgoin,49.499275,4.363253,Plein jour,En agglomération,Hors intersection,Pluie légère,Autre collision,3,2,2,0,1,1,2,0,1,50,,2,1,1,0,0,74.0,,,,1,2,1,2,6
202100039737,2021-05-16 10:35:00,2021,5,16,10,35,06,06161,14 Allée de la Tour de la Madone,43.634673,7.113137,Plein jour,Hors agglomération,Intersection en Y,Normale,Deux véhicules - côté,9,1,1,0,1,1,1,0,1,30,,2,1,0,0,1,20.0,60.0,,,1,1,4,1,3
202100039738,2021-05-17 06:15:00,2021,5,17,6,15,26,26106,"Autoroute a7, PK 104.900",44.642104,4.786696,Crépuscule ou aube,Hors agglomération,Hors intersection,Normale,Deux véhicules - arrière,1,3,5,0,1,1,1,0,1,130,,3,2,0,1,0,29.0,55.0,,,2,1,1,1,2
202100039739,2021-05-14 14:40:00,2021,5,14,14,40,30,30014,D982,44.001104,4.385519,Plein jour,Hors agglomération,Hors intersection,Normale,Sans collision,3,2,2,0,1,1,1,0,1,80,,1,0,0,1,0,21.0,,,,1,1,1,1,7
202100039740,2021-05-14 11:55:00,2021,5,14,11,55,77,77151,D215,48.711368,3.163129,Plein jour,Hors agglomération,Hors intersection,Pluie légère,Autre collision,3,2,2,0,2,1,2,0,3,50,,1,0,0,0,1,20.0,,,,1,1,1,2,6
202100039741,2021-05-16 21:50:00,2021,5,16,21,50,37,37153,A 10 barrière de péage de MONNAIE sens TOURS/PARIS,47.4900967273,0.8192643884,Nuit avec éclairage allumé,Hors agglomération,Hors intersection,Normale,Deux véhicules - arrière,1,3,5,0,1,1,2,7,1,70,,4,3,0,0,1,32.0,25.0,,,5,1,1,1,2
202100039742,2021-05-11 16:25:00,2021,5,11,16,25,79,79204,Route de Mairé,46.180358,-0.241066,Plein jour,En agglomération,Intersection en X,Normale,Deux véhicules - côté,4,2,2,0,1,1,1,0,1,50,,2,1,0,1,0,76.0,72.0,,,1,2,2,1,3
202100039743,2021-05-14 15:20:00,2021,5,14,15,20,71,71137,Rue Lamartine,46.433624,4.65823,Plein jour,En agglomération,Hors intersection,Pluie légère,Autre collision,4,1,1,0,1,1,2,6,1,20,,2,1,0,0,1,30.0,,,,1,2,1,2,6
202100039744,2021-05-04 04:30:00,2021,5,4,4,30,35,35096,Le Grand Cerisay,48.089504,-1.43887,Nuit sans éclairage public,Hors agglomération,Hors intersection,Pluie légère,Sans collision,3,2,2,0,1,1,2,0,3,80,,1,0,0,0,1,22.0,,,,3,1,1,2,7
202100039745,2021-05-16 16:46:00,2021,5,16,16,46,35,35248,N176,48.56605,-1.592702,Plein jour,Hors agglomération,Hors intersection,Pluie forte,Trois véhicules et plus - en chaîne,2,3,4,0,1,1,2,0,1,110,,3,2,0,1,0,41.0,34.0,,,1,1,1,3,4
202100039746,2021-05-16 17:45:00,2021,5,16,17,45,29,29165,D102 - Lieu dit Pont Plat,47.808354,-4.225549,Plein jour,Hors agglomération,Intersection en T,Normale,Deux véhicules - côté,3,2,2,0,1,1,1,5,1,70,,2,1,0,0,1,22.0,59.0,,,1,1,3,1,3
202100039747,2021-05-16 21:21:00,2021,5,16,21,21,31,31329,Montcalvel,43.478506,1.816794,Crépuscule ou aube,Hors agglomération,Hors intersection,Pluie légère,Autre collision,3,2,2,0,1,1,2,0,8,80,,4,0,0,4,0,49.0,,,,2,1,1,2,6
202100039748,2021-05-17 06:35:00,2021,5,17,6,35,54,54337,D156,49.358997,5.876291,Crépuscule ou aube,Hors agglomération,Hors intersection,Pluie légère,Deux véhicules - frontale,3,2,2,0,1,1,2,0,1,80,,2,0,1,0,1,56.0,57.0,,,2,1,1,2,1
202100039749,2021-05-16 17:40:00,2021,5,16,17,40,14,14299,140 Route de Saint Benoit,49.362742,0.274658,Plein jour,Hors agglomération,Hors intersection,Pluie légère,Autre collision,3,2,2,0,1,1,2,0,3,80,,3,0,0,1,2,19.0,,,,1,1,1,2,6
202100039750,2021-05-17 13:35:00,2021,5,17,13,35,45,45124,D28,48.236308,2.49719,Plein jour,Hors agglomération,Hors intersection,Vent fort / tempête,Trois véhicules et plus - en chaîne,3,2,2,0,1,1,1,0,1,80,,3,1,0,2,0,55.0,27.0,,,1,1,1,6,4
202100039751,2021-05-16 11:50:00,2021,5,16,11,50,18,18209,RD 951 PK 24+200,46.688118,2.467504,Plein jour,Hors agglomération,Hors intersection,Pluie légère,Deux véhicules - frontale,3,2,2,0,1,1,2,0,1,90,,3,2,0,1,0,21.0,73.0,,,1,1,1,2,1
202100039752,2021-05-16 09:30:00,2021,5,16,9,30,43,43113,D36,44.988052,4.020138,Plein jour,Hors agglomération,Autre intersection,Pluie légère,Sans collision,3,2,2,0,2,3,2,0,1,80,,1,0,0,1,0,20.0,,,,1,1,9,2,7
202100039753,2021-05-11 10:45:00,2021,5,11,10,45,36,36172,CD 951,46.639301,1.379471,Plein jour,Hors agglomération,Hors intersection,Pluie forte,Deux véhicules - côté,3,2,3,0,2,1,2,0,1,90,,2,1,0,1,0,29.0,56.0,,,1,1,1,3,3
202100039754,2021-05-16 17:15:00,2021,5,16,17,15,24,24535,la borgne,44.916422,1.349967,Plein jour,Hors agglomération,Intersection en Y,Normale,Sans collision,9,-1,2,0,1,1,1,0,1,80,,2,1,0,1,0,38.0,,,,1,1,4,1,7
202100039755,2021-05-11 09:30:00,2021,5,11,9,30,27,27134,D89,49.346934,0.639997,Plein jour,Hors agglomération,Hors intersection,Normale,Autre collision,3,2,2,0,1,1,1,0,3,80,,1,0,0,1,0,28.0,,,,1,1,1,1,6
202100039756,2021-05-17 16:40:00,2021,5,17,16,40,17,17477,D130,45.988485,-0.144749,Plein jour,Hors agglomération,Hors intersection,Normale,Sans collision,3,2,2,0,1,1,1,0,1,80,,1,0,0,1,0,39.0,,,,1,1,1,1,7
202100039757,2021-05-14 10:15:00,2021,5,14,10,15,68,68375,rue de Mulhouse,47.808464,7.239743,Plein jour,En agglomération,Intersection en T,Normale,Deux véhicules - côté,3,2,2,0,1,1,1,0,1,30,,2,1,0,0,1,22.0,30.0,,,1,2,3,1,3
202100039758,2021-05-17 18:50:00,2021,5,17,18,50,49,49378,A85,47.314839,-0.035105,Plein jour,Hors agglomération,Hors intersection,Temps couvert,Autre collision,1,3,4,0,1,1,1,0,3,130,,1,0,0,1,0,69.0,,,,1,1,1,8,6
202100039759,2021-05-17 11:10:00,2021,5,17,11,10,33,33122,A63,44.715331,-0.743723,Plein jour,Hors agglomération,Hors intersection,Pluie légère,Trois véhicules et plus - en chaîne,1,3,5,0,1,1,2,0,1,130,,5,4,0,1,0,61.0,52.0,,,1,1,1,2,4
202100039760,2021-05-16 02:00:00,2021,5,16,2,0,13,13001,A8,43.513102,5.437868,Nuit sans éclairage public,Hors agglomération,Autre intersection,Pluie légère,Autre collision,1,3,5,0,1,3,2,0,1,90,,2,1,0,1,0,26.0,,,,3,1,9,2,6
202100039761,2021-05-15 18:30:00,2021,5,15,18,30,987,98722,RT2 PK 14+500,-17.5080706245,-149.4497990906,Nuit avec éclairage allumé,Hors agglomération,Intersection en T,Normale,Deux véhicules - frontale,2,2,2,0,1,1,1,0,1,80,,3,2,0,1,0,33.0,26.0,,,5,1,3,1,1
202100039762,2021-05-13 21:30:00,2021,5,13,21,30,988,98821,RT1 - la tontouta,-22.02183,166.229244,Nuit sans éclairage public,Hors agglomération,Hors intersection,Normale,Deux véhicules - frontale,2,2,2,0,1,1,1,0,1,90,,2,1,0,0,1,48.0,47.0,,,3,1,1,1,1
202100039763,2021-05-17 07:00:00,2021,5,17,7,0,973,97311,1571 Avenue Gaston Monnerville,5.493384,-54.015784,Plein jour,En agglomération,Hors intersection,Normale,Autre collision,2,2,2,0,1,1,1,0,1,50,,3,1,0,2,0,37.0,,,,1,2,1,1,6
202100039764,2021-05-16 17:06:00,2021,5,16,17,6,978,97801,"Baie rouge, 207 Lot les Terres Basses",18.068682,-63.121286,Plein jour,En agglomération,Hors intersection,Normale,Sans collision,4,2,2,0,2,2,1,0,1,70,,1,0,1,0,0,27.0,,,,1,2,1,1,7
202100039765,2021-05-16 13:15:00,2021,5,16,13,15,977,97701,route de saline,17.897749,-62.829593,Plein jour,Hors agglomération,Hors intersection,Normale,Sans collision,2,2,2,0,1,4,9,0,1,50,,1,0,0,1,0,44.0,,,,1,1,1,1,7
202100039766,2021-05-17 17:40:00,2021,5,17,17,40,78,78263,Rue de l''Eglise,48.774226,1.671129,Plein jour,En agglomération,Hors intersection,Pluie légère,Deux véhicules - côté,3,2,2,0,1,1,2,0,1,50,,2,1,0,1,0,14.0,60.0,,,1,2,1,2,3
202100039767,2021-05-18 17:15:00,2021,5,18,17,15,78,78528,17 b Rue Nationale,49.017013,1.610696,Plein jour,En agglomération,Hors intersection,Pluie forte,Deux véhicules - frontale,3,2,2,0,1,1,2,0,1,50,,2,0,0,0,2,32.0,48.0,,,1,2,1,3,1
202100039768,2021-05-13 16:30:00,2021,5,13,16,30,66,66008,Route du Littoral,42.581147,3.032634,Plein jour,Hors agglomération,Hors intersection,Normale,Deux véhicules - arrière,3,2,2,0,1,1,1,0,3,50,,2,1,0,1,0,55.0,68.0,,,1,1,1,1,2
202100039769,2021-05-17 17:15:00,2021,5,17,17,15,84,84004,Route de Carpentras,44.091107,5.030451,Plein jour,En agglomération,Giratoire,Normale,Deux véhicules - côté,3,2,2,0,1,3,1,0,1,50,,2,1,0,0,1,37.0,,,,1,2,6,1,3
202100039770,2021-05-16 15:40:00,2021,5,16,15,40,13,13042,RD 2 PR 30+300,43.315952,5.668795,Plein jour,Hors agglomération,Hors intersection,Normale,Deux véhicules - frontale,7,2,2,0,2,2,1,0,1,80,,2,0,0,2,0,22.0,59.0,,,1,1,1,1,1
202100039771,2021-05-16 01:40:00,2021,5,16,1,40,71,71084,Rue du Bourgneuf,46.2460405762,4.7644777461,Nuit sans éclairage public,En agglomération,Hors intersection,Normale,Autre collision,3,2,2,0,1,1,1,0,1,50,,2,0,0,2,0,28.0,,,,3,2,1,1,6
202100039772,2021-05-16 16:41:00,2021,5,16,16,41,54,54053,RD2,48.6771054617,6.5397620196,Plein jour,Hors agglomération,Hors intersection,Normale,Autre collision,3,2,2,0,1,3,1,0,3,80,,4,2,0,1,1,22.0,,,,1,1,1,1,6
202100039773,2021-05-16 19:35:00,2021,5,16,19,35,38,38557,D517,45.766236,5.107462,Plein jour,Hors agglomération,Hors intersection,Normale,Deux véhicules - arrière,3,3,4,0,1,1,1,0,1,90,,2,1,0,1,0,31.0,56.0,,,1,1,1,1,2
202100039774,2021-04-08 11:00:00,2021,4,8,11,0,38,38111,Avenue de la Libération,45.120261,5.695682,Plein jour,En agglomération,Hors intersection,Normale,Sans collision,7,3,1,2,4,1,1,2,5,50,,2,1,0,0,1,74.0,32.0,,,1,2,1,1,7
202100039775,2021-05-12 07:30:00,2021,5,12,7,30,22,22242,RD 52,48.607577,-2.423623,Plein jour,Hors agglomération,Hors intersection,Normale,Sans collision,3,2,2,0,1,2,1,0,3,80,,1,0,0,1,0,18.0,,,,1,1,1,1,7
202100039776,2021-05-15 17:55:00,2021,5,15,17,55,35,35031,Touche Ronde,48.171066,-1.415691,Plein jour,Hors agglomération,Hors intersection,Pluie légère,Deux véhicules - frontale,4,2,2,0,1,1,2,0,1,80,,2,1,0,1,0,19.0,16.0,,,1,1,1,2,1
202100039777,2021-05-16 14:45:00,2021,5,16,14,45,60,60446,route nationale 2,49.147215,2.81147,Plein jour,Hors agglomération,Giratoire,Normale,Sans collision,2,2,2,0,1,3,1,0,4,30,,1,0,0,1,0,62.0,,,,1,1,6,1,7
202100039778,2021-05-17 16:45:00,2021,5,17,16,45,60,60612,Rue du Moulin Saint-Rieul,49.2126839174,2.5870120821,Plein jour,En agglomération,Hors intersection,Pluie légère,Autre collision,3,2,2,0,1,3,2,0,1,30,,2,1,0,0,1,75.0,,,,1,2,1,2,6
202100039779,2021-05-17 17:45:00,2021,5,17,17,45,60,60439,d 137,49.318185,2.301421,Plein jour,Hors agglomération,Hors intersection,Pluie légère,Autre collision,3,2,2,0,2,3,2,0,3,80,,1,0,0,0,1,26.0,,,,1,1,1,2,6
202100039780,2021-05-16 11:45:00,2021,5,16,11,45,13,13055,A507 sens Aubagne- Marseille,43.33007,5.39412,Plein jour,Hors agglomération,Hors intersection,Normale,Deux véhicules - arrière,1,1,3,0,1,1,1,1,1,70,,4,3,0,0,1,48.0,57.0,,,1,1,1,1,2
202100039781,2021-05-11 17:15:00,2021,5,11,17,15,13,13055,A507 sens Marseille - Aubagne,43.32981,5.4054,Plein jour,Hors agglomération,Hors intersection,Normale,Deux véhicules - arrière,1,1,3,0,1,1,1,1,1,70,,2,1,0,0,1,38.0,48.0,,,1,1,1,1,2
202100039782,2021-05-14 11:45:00,2021,5,14,11,45,67,67447,M35,48.60313,7.73005,Plein jour,Hors agglomération,Hors intersection,Normale,Deux véhicules - côté,7,3,3,0,1,3,1,0,1,90,,2,1,0,1,0,60.0,54.0,,,1,1,1,1,3
202100039783,2021-05-16 18:40:00,2021,5,16,18,40,33,33249,ROUTE NATIONALE 230,44.873664,-0.506719,Plein jour,Hors agglomération,Hors intersection,Normale,Trois véhicules et plus - en chaîne,2,3,6,0,1,1,1,0,1,90,,7,4,0,0,3,53.0,54.0,,,1,1,1,1,4
202100039784,2021-05-16 14:30:00,2021,5,16,14,30,91,91064,RN 118,48.74202,2.18609,Plein jour,Hors agglomération,Hors intersection,Normale,Deux véhicules - arrière,2,3,4,0,1,1,2,0,1,110,,6,0,0,0,6,35.0,23.0,,,1,1,1,1,2
202100039785,2021-05-16 12:15:00,2021,5,16,12,15,91,91340,RN 104,48.609,2.434,Plein jour,Hors agglomération,Hors intersection,Pluie légère,Sans collision,2,1,3,0,2,3,2,0,1,70,,1,0,0,0,1,32.0,,,,1,1,1,2,7
202100039786,2021-05-16 14:30:00,2021,5,16,14,30,94,94038,AUTOROUTE A6B,48.77308,2.34607,Plein jour,Hors agglomération,Hors intersection,Normale,Trois véhicules et plus - en chaîne,1,1,4,0,1,1,1,0,1,90,,3,2,0,0,1,19.0,24.0,,,1,1,1,1,4
202100039787,2021-05-16 06:30:00,2021,5,16,6,30,94,94034,AUTOROUTE A6B,48.7547,2.3344,Plein jour,Hors agglomération,Hors intersection,Normale,Autre collision,1,1,2,0,1,3,2,0,1,70,,1,0,0,0,1,31.0,,,,1,1,1,1,6
202100039788,2021-05-15 20:07:00,2021,5,15,20,7,91,91471,RN 118,48.71212,2.18361,Plein jour,Hors agglomération,Hors intersection,Pluie légère,Deux véhicules - côté,2,1,3,0,2,2,2,0,1,110,,3,2,0,0,1,36.0,57.0,,,1,1,1,2,3
202100039789,2021-05-16 19:05:00,2021,5,16,19,5,92,92036,RN315 Y,48.9299797032,2.3022826891,Plein jour,Hors agglomération,Hors intersection,Pluie forte,Autre collision,2,3,2,0,2,3,2,0,2,90,,1,0,0,0,1,55.0,,,,1,1,1,3,6