accident_id,datetime,annee,mois,jour,heure,minute,departement,commune_insee,adresse,latitude,longitude,luminosite,agglomeration,intersection,meteo,collision,catr,circ,nbv,vosp,prof,plan,surf,infra,situ,vma,nb_vehicules,nb_usagers,nb_indemnes,nb_tues,nb_blesses_hosp,nb_blesses_legers,age_cond_1,age_cond_2,veh_type_cond_1,veh_type_cond_2,lum_code,agg_code,int_code,atm_code,col_code
202100039790,2021-05-16 18:10:00,2021,5,16,18,10,92,92064,A13,48.8395693208,2.2020814717,Plein jour,Hors agglomération,Hors intersection,Pluie forte,Deux véhicules - arrière,1,3,6,0,1,1,2,0,1,70,,5,4,0,0,1,56.0,31.0,,,1,1,1,3,2
202100039791,2021-05-15 23:45:00,2021,5,15,23,45,78,78455,A13,48.85263,2.06384,Nuit sans éclairage public,Hors agglomération,Hors intersection,Pluie légère,Deux véhicules - côté,1,1,2,0,1,1,2,0,1,110,,3,1,0,0,2,31.0,25.0,,,3,1,1,2,3
202100039792,2021-05-16 18:45:00,2021,5,16,18,45,94,94065,A86 INT,48.75367,2.36463,Plein jour,Hors agglomération,Hors intersection,Normale,Trois véhicules et plus - en chaîne,1,1,2,0,1,1,1,0,1,90,,4,1,0,0,3,40.0,41.0,,,1,1,1,1,4
202100039793,2021-05-16 17:00:00,2021,5,16,17,0,94,94073,A86 INT,48.7559113677,2.3835111093,Plein jour,Hors agglomération,Autre intersection,Pluie légère,Deux véhicules - arrière,1,1,2,0,1,1,2,9,1,50,,3,0,0,0,3,71.0,22.0,,,1,1,9,2,2
202100039794,2021-05-16 16:15:00,2021,5,16,16,15,77,77450,RN104,48.7193293662,2.5987937246,Plein jour,Hors agglomération,Hors intersection,Normale,Autre collision,2,3,4,0,1,1,1,0,2,90,,3,2,0,0,1,44.0,34.0,,,1,1,1,1,6
202100039795,2021-05-15 18:30:00,2021,5,15,18,30,77,77169,RN104.INT,48.8231306326,2.6150894957,Plein jour,Hors agglomération,Hors intersection,Pluie légère,Autre collision,2,1,2,0,1,3,2,0,2,90,,2,1,0,0,1,32.0,19.0,,,1,1,1,2,6
202100039796,2021-05-14 14:45:00,2021,5,14,14,45,94,94017,A4,48.82801,2.5052,Plein jour,Hors agglomération,Hors intersection,Normale,Trois véhicules et plus - collisions multiples,1,1,4,0,1,1,1,1,1,90,,5,2,0,0,3,21.0,51.0,,,1,1,1,1,5
202100039797,2021-05-15 23:30:00,2021,5,15,23,30,976,97611,doujani-Carrière ( route de la ),-12.79573,45.21546,Nuit sans éclairage public,En agglomération,Hors intersection,Normale,Autre collision,2,2,2,0,1,3,1,9,8,50,,2,1,0,0,1,22.0,,,,3,2,1,1,6
202100039798,2021-05-15 12:50:00,2021,5,15,12,50,974,97411,ANANAS (ROUTE DES),-20.91852,55.4795,Plein jour,Hors agglomération,Hors intersection,Normale,Autre collision,4,2,1,0,3,1,1,0,1,50,,2,1,0,0,1,27.0,,,,1,1,1,1,6
202100039799,2021-05-15 12:44:00,2021,5,15,12,44,973,97302,CRIQUE FOUILLEE (ROND POINT),4.8968421495,-52.3285195828,Plein jour,Hors agglomération,Hors intersection,Pluie légère,Sans collision,2,3,4,0,1,1,2,9,8,80,,1,0,0,0,1,66.0,,,,1,1,1,2,7
202100039800,2021-05-15 19:20:00,2021,5,15,19,20,69,69388,LUDOVIC ARRACHART (R),45.73057,4.86448,Crépuscule ou aube,En agglomération,Intersection en X,Pluie légère,Deux véhicules - côté,4,1,0,0,1,1,2,0,1,50,,2,1,0,0,1,48.0,29.0,,,2,2,2,2,3
202100039801,2021-05-15 14:30:00,2021,5,15,14,30,69,69387,CREUZET (R),45.75052,4.84626,Plein jour,En agglomération,Intersection en X,Pluie légère,Deux véhicules - côté,4,-1,1,0,1,1,2,0,1,50,,3,1,0,0,2,35.0,21.0,,,1,2,2,2,3
202100039802,2021-05-15 11:30:00,2021,5,15,11,30,972,97213,Z I LA JAMBETTE,14.6161149735,-61.0340023045,Plein jour,En agglomération,Hors intersection,Normale,Deux véhicules - arrière,4,2,2,0,1,1,1,0,1,50,,3,2,0,0,1,35.0,19.0,,,1,2,1,1,2
202100039803,2021-05-15 19:00:00,2021,5,15,19,0,69,69384,HENON (R),45.7796,4.8208,Plein jour,En agglomération,Intersection en X,Pluie légère,Deux véhicules - frontale,4,2,2,0,1,1,2,0,1,50,,3,1,0,2,0,,59.0,,,1,2,2,2,1
202100039804,2021-05-15 15:07:00,2021,5,15,15,7,69,69382,FRANKLIN (R),45.7519,4.83109,Plein jour,En agglomération,Intersection en X,Pluie légère,Deux véhicules - frontale,4,1,1,0,1,1,2,0,1,30,,2,1,0,0,1,24.0,32.0,,,1,2,2,2,1
202100039805,2021-05-15 11:25:00,2021,5,15,11,25,2B,2B033,AV DE LA LIBERATION,42.6838,9.44472,Plein jour,En agglomération,Hors intersection,Normale,Deux véhicules - frontale,4,2,2,0,2,1,1,0,1,50,,2,1,0,0,1,30.0,16.0,,,1,2,1,1,1
202100039806,2021-05-14 19:40:00,2021,5,14,19,40,2B,2B033,11 - RT,42.7018438835,9.4526445525,Plein jour,En agglomération,Giratoire,Normale,Deux véhicules - côté,2,3,4,0,1,1,1,0,1,70,,3,0,0,0,3,25.0,51.0,,,1,2,6,1,3
202100039807,2021-05-15 08:45:00,2021,5,15,8,45,91,91103,RUE DU POITOU,48.58843,2.30065,Plein jour,En agglomération,Autre intersection,Pluie légère,Deux véhicules - côté,4,2,1,1,1,1,2,9,6,50,,2,1,0,0,1,43.0,40.0,,,1,2,9,2,3
202100039808,2021-05-15 23:22:00,2021,5,15,23,22,91,91114,AV CHARLES CHRISTOFLE,48.70527,2.49555,Nuit avec éclairage allumé,En agglomération,Hors intersection,Pluie légère,Autre collision,3,2,0,0,1,2,2,0,4,50,,1,0,0,1,0,39.0,,,,5,2,1,2,6
202100039809,2021-05-14 20:15:00,2021,5,14,20,15,91,91691,RENE COTY(RUE),48.71679,2.49995,Plein jour,En agglomération,Hors intersection,Pluie légère,Deux véhicules - côté,4,2,2,0,1,1,2,0,1,50,,2,1,0,0,1,37.0,41.0,,,1,2,1,2,3
202100039810,2021-05-15 18:33:00,2021,5,15,18,33,82,82033,FOURRIERES VC 1 (ROUTE DES) ,44.04257,1.15609,Plein jour,Hors agglomération,Hors intersection,Pluie légère,Autre collision,4,2,1,0,1,2,2,0,1,80,,1,0,0,0,1,26.0,,,,1,1,1,2,6
202100039811,2021-05-15 19:00:00,2021,5,15,19,0,77,77468,PARIS (RUE DE),48.85,2.648,Plein jour,En agglomération,Hors intersection,Normale,Deux véhicules - arrière,4,2,2,0,1,1,1,0,1,50,,2,1,0,0,1,16.0,59.0,,,1,2,1,1,2
202100039812,2021-05-14 17:40:00,2021,5,14,17,40,74,74012,CLOS FLEURY (RUE DU),46.19222,6.232,Plein jour,En agglomération,Place,Normale,Deux véhicules - côté,4,2,2,1,1,1,1,0,5,50,,3,2,0,0,1,28.0,22.0,,,1,2,7,1,3
202100039813,2021-05-15 11:40:00,2021,5,15,11,40,68,68224,BELFORT (RUE DE),47.73,7.29,Plein jour,En agglomération,Intersection en X,Pluie légère,Deux véhicules - frontale,4,2,4,0,1,1,2,0,5,50,,2,1,0,0,1,68.0,15.0,,,1,2,2,2,1
202100039814,2021-05-16 00:15:00,2021,5,16,0,15,59,59512,BLANCHEMAILLE (RUE DE),50.6957254245,3.1665936519,Nuit avec éclairage allumé,En agglomération,Hors intersection,Normale,Deux véhicules - arrière,4,1,1,0,1,1,1,0,1,50,,2,1,0,0,1,34.0,,,,5,2,1,1,2
202100039815,2021-05-15 18:00:00,2021,5,15,18,0,59,59512,MULHOUSE (BOULEVARD DE),50.68753,3.19816,Plein jour,En agglomération,Intersection en X,Normale,Deux véhicules - côté,4,2,2,0,1,1,1,5,1,50,,2,1,0,0,1,38.0,37.0,,,1,2,2,1,3
202100039816,2021-04-23 14:30:00,2021,4,23,14,30,57,57606,LORRAINE (BOULEVARD DE),49.1074055,6.7099288,Plein jour,En agglomération,Hors intersection,Normale,Deux véhicules - côté,4,1,2,0,1,1,1,0,1,50,,2,1,0,0,1,16.0,18.0,,,1,2,1,1,3
202100039817,2021-05-15 18:25:00,2021,5,15,18,25,51,51058,Avenue Jean Monnet,49.21513,4.00226,Plein jour,En agglomération,Hors intersection,Temps couvert,Sans collision,4,2,2,0,2,3,2,0,3,50,,5,1,0,0,4,49.0,,,,1,2,1,8,7
202100039818,2021-05-15 18:35:00,2021,5,15,18,35,51,51454,Avenue du Maréchal Juin,49.220271733,4.0204328299,Plein jour,En agglomération,Hors intersection,Normale,Deux véhicules - arrière,4,1,2,1,2,1,2,0,1,50,,4,3,0,0,1,24.0,37.0,,,1,2,1,1,2
202100039819,2021-05-15 15:20:00,2021,5,15,15,20,51,51454,Rue Gambetta,49.2464578404,4.0393157317,Plein jour,En agglomération,Intersection en T,Pluie légère,Deux véhicules - frontale,4,2,2,0,2,1,2,0,1,50,,2,1,0,0,1,33.0,20.0,,,1,2,3,2,1
202100039820,2021-05-15 11:56:00,2021,5,15,11,56,49,49007,VAUGAREAU,47.48269,-0.53065,Plein jour,En agglomération,Intersection en X,Normale,Autre collision,4,-1,2,0,1,1,1,0,1,50,,2,1,0,0,1,37.0,,,,1,2,2,1,6
202100039821,2021-05-15 12:00:00,2021,5,15,12,0,41,41276,BRANLY (RUE EDOUARD),47.61445,1.30311,Plein jour,En agglomération,Hors intersection,Temps couvert,Autre collision,3,2,4,2,1,1,1,5,3,50,,3,1,0,1,1,17.0,,,,1,2,1,8,6
202100039822,2021-05-14 18:00:00,2021,5,14,18,0,31,31555,AV CAMILLE PUJOL,43.601127,1.461031,Plein jour,En agglomération,Hors intersection,Normale,Sans collision,4,2,2,0,2,1,1,0,1,50,,3,2,0,0,1,68.0,50.0,,,1,2,1,1,7
202100039823,2021-05-15 22:20:00,2021,5,15,22,20,29,29019,Rue Paul Masson,48.39989,-4.48039,Nuit avec éclairage allumé,En agglomération,Hors intersection,Normale,Deux véhicules - côté,4,1,0,0,1,1,1,0,1,50,,2,1,0,0,1,20.0,24.0,,,5,2,1,1,3
202100039824,2021-05-14 15:45:00,2021,5,14,15,45,27,27203,EVREUX (ROUTE D'),49.065471,1.423666,Plein jour,Hors agglomération,Hors intersection,Temps couvert,Deux véhicules - côté,3,2,3,0,1,3,1,0,1,90,,3,2,0,0,1,27.0,39.0,,,1,1,1,8,3
202100039825,2021-05-14 19:28:00,2021,5,14,19,28,25,25056,BLUM  BOULEVARD LEON (inf 51),47.25599,6.02008,Plein jour,En agglomération,Intersection en X,Pluie légère,Deux véhicules - côté,4,3,4,0,2,1,2,0,1,50,,2,0,0,1,1,34.0,25.0,,,1,2,2,2,3
202100039826,2021-05-15 15:50:00,2021,5,15,15,50,19,19275,CARNOT (AVENUE) N° IMPAIRS,45.5506928458,2.3128576071,Plein jour,En agglomération,Hors intersection,Pluie légère,Trois véhicules et plus - collisions multiples,3,2,2,0,1,1,2,5,1,50,,7,3,0,0,4,44.0,24.0,,,1,2,1,2,5
202100039827,2021-05-14 02:05:00,2021,5,14,2,5,19,19272,RD 9 ,45.27337,1.79021,Nuit sans éclairage public,Hors agglomération,Hors intersection,Pluie légère,Autre collision,3,2,2,0,2,2,2,0,8,90,,1,0,0,0,1,20.0,,,,3,1,1,2,6
202100039828,2021-05-15 16:25:00,2021,5,15,16,25,14,14118,Boulevard Yves Guillou,49.17671,-0.3683,Plein jour,En agglomération,Intersection en T,Normale,Deux véhicules - côté,4,3,4,0,1,1,1,0,1,50,,2,1,0,0,1,33.0,37.0,,,1,2,3,1,3
202100039829,2021-05-15 03:15:00,2021,5,15,3,15,13,13202,PORT (QUAI DU),43.2951,5.36355,Nuit avec éclairage allumé,En agglomération,Hors intersection,Normale,Sans collision,4,2,2,3,1,1,1,0,1,50,,1,0,0,1,0,20.0,,,,5,2,1,1,7
202100039830,2021-05-15 06:45:00,2021,5,15,6,45,13,13212,PIERRE CHEVALIER (avenue),43.2953,5.4254,Crépuscule ou aube,En agglomération,Intersection en X,Normale,Deux véhicules - côté,4,2,0,0,1,1,1,0,1,50,,2,1,0,0,1,50.0,28.0,,,2,2,2,1,3
202100039831,2021-05-15 05:00:00,2021,5,15,5,0,13,13206,LIEUTAUD (COURS),43.29105,5.38311,Crépuscule ou aube,En agglomération,Hors intersection,Normale,Sans collision,4,2,2,0,1,1,1,9,1,50,,1,0,0,1,0,24.0,,,,2,2,1,1,7
202100039832,2021-05-14 17:20:00,2021,5,14,17,20,07,07019,PAIX (PLACE DE LA),44.61823,4.39,Plein jour,En agglomération,Hors intersection,Normale,Deux véhicules - côté,4,1,1,0,1,1,1,0,1,50,,2,1,0,1,0,24.0,36.0,,,1,2,1,1,3
202100039833,2021-05-15 08:15:00,2021,5,15,8,15,06,06088,DELFINO (BD GENERAL),43.70549,7.28443,Plein jour,En agglomération,Intersection en X,Normale,Autre collision,4,1,3,0,1,1,1,0,1,50,,2,1,0,0,1,32.0,,,,1,2,2,1,6
202100039834,2021-05-15 19:30:00,2021,5,15,19,30,06,06104,MONLEON (AVENUE SYLVIO DE),43.756245,7.47816,Plein jour,En agglomération,Hors intersection,Normale,Autre collision,3,2,2,0,3,3,1,0,1,50,,1,0,0,0,1,33.0,,,,1,2,1,1,6
202100039835,2021-05-15 19:47:00,2021,5,15,19,47,06,06069,ISNARD (RUE MAXIMIN),43.66016,6.92268,Plein jour,En agglomération,Hors intersection,Normale,Autre collision,4,1,1,0,2,2,1,0,1,30,,2,1,0,0,1,20.0,,,,1,2,1,1,6
202100039836,2021-05-14 12:02:00,2021,5,14,12,2,75,75108,AVENUE DES CHAMPS ELYSEES,48.867797,2.313906,Plein jour,En agglomération,Intersection en X,Normale,Deux véhicules - côté,4,2,8,0,1,1,1,0,1,50,,7,5,0,0,2,36.0,28.0,,,1,2,2,1,3
202100039837,2021-05-15 19:20:00,2021,5,15,19,20,75,75119,PLACE ARMAND CARREL,48.882539,2.381695,Plein jour,En agglomération,Intersection en T,Temps couvert,Trois véhicules et plus - en chaîne,4,2,4,0,1,3,2,0,1,30,,4,2,0,0,2,31.0,38.0,,,1,2,3,8,4
202100039838,2021-05-15 08:20:00,2021,5,15,8,20,75,75117,RUE LEGENDRE,48.886634,2.318469,Plein jour,En agglomération,Place,Pluie légère,Deux véhicules - côté,4,1,1,0,1,1,2,0,1,50,,2,1,0,0,1,70.0,36.0,,,1,2,7,2,3
202100039839,2021-05-15 16:30:00,2021,5,15,16,30,75,75115,BOULEVARD GARIBALDI,48.845469,2.309601,Plein jour,En agglomération,Intersection en Y,Normale,Sans collision,4,3,2,0,1,1,2,8,1,50,,1,0,0,0,1,22.0,,,,1,2,4,1,7
202100039840,2021-05-14 17:15:00,2021,5,14,17,15,75,75115,RUE DE L ABBE GROULT,48.837184,2.300142,Plein jour,En agglomération,Intersection en X,Normale,Deux véhicules - côté,4,1,1,0,2,1,2,0,1,50,,2,0,0,0,2,82.0,46.0,,,1,2,2,1,3
202100039841,2021-05-15 12:30:00,2021,5,15,12,30,75,75114,RUE D ALESIA,48.826611,2.340749,Plein jour,En agglomération,Hors intersection,Pluie légère,Autre collision,4,2,1,0,2,1,2,0,1,50,,1,0,0,0,1,54.0,,,,1,2,1,2,6
202100039842,2021-05-15 15:00:00,2021,5,15,15,0,75,75112,QUAI DE BERCY,48.831415,2.384931,Plein jour,En agglomération,Hors intersection,Normale,Trois véhicules et plus - en chaîne,4,1,3,0,1,1,1,0,1,50,,6,4,0,0,2,57.0,65.0,,,1,2,1,1,4
202100039843,2021-05-15 13:25:00,2021,5,15,13,25,75,75111,RUE DE CHARONNE,48.855357,2.388698,Plein jour,En agglomération,Hors intersection,Pluie légère,Deux véhicules - côté,4,2,2,0,2,1,2,0,1,50,,2,1,0,0,1,18.0,42.0,,,1,2,1,2,3
202100039844,2021-05-14 18:17:00,2021,5,14,18,17,75,75109,BOULEVARD HAUSSMANN,48.873788,2.326904,Plein jour,En agglomération,Intersection à plus de 4 branches,Pluie légère,Deux véhicules - côté,4,1,3,0,1,1,2,0,1,50,,7,2,0,0,5,32.0,30.0,,,1,2,5,2,3
202100039845,2021-05-15 17:00:00,2021,5,15,17,0,75,75108,COURS LA REINE,48.864158,2.31984,Plein jour,En agglomération,Hors intersection,Pluie légère,Sans collision,4,1,2,0,1,1,2,0,1,50,,1,0,0,0,1,24.0,,,,1,2,1,2,7
202100039846,2021-05-15 05:55:00,2021,5,15,5,55,94,94074,JULIEN DURANTON (avenue),48.770296,2.44648,Crépuscule ou aube,En agglomération,Giratoire,Pluie légère,Deux véhicules - côté,3,2,3,3,1,1,2,5,6,30,,2,1,0,0,1,24.0,47.0,,,2,2,6,2,3
202100039847,2021-05-15 18:35:00,2021,5,15,18,35,94,94076,MAXIME GORKI (BD),48.79271,2.36933,Plein jour,En agglomération,Intersection en X,Pluie légère,Deux véhicules - arrière,3,2,2,0,1,1,2,9,1,50,,3,2,0,0,1,46.0,31.0,,,1,2,2,2,2
202100039848,2021-05-15 11:40:00,2021,5,15,11,40,94,94038,Rue Albert 1er,48.779176,2.331119,Plein jour,En agglomération,Intersection en T,Pluie légère,Deux véhicules - côté,3,2,2,0,2,2,2,0,1,30,,2,1,0,0,1,55.0,34.0,,,1,2,3,2,3
202100039849,2021-05-15 05:15:00,2021,5,15,5,15,94,94022,FAULER PROLONGEE (R),48.77331,2.40984,Nuit avec éclairage allumé,En agglomération,Hors intersection,Normale,Autre collision,4,2,4,0,2,2,2,5,4,50,,2,1,0,1,0,23.0,,,,5,2,1,1,6
202100039850,2021-05-14 13:10:00,2021,5,14,13,10,93,93032,PAUL VAILLANT COUTURIER (RUE),48.87661,2.54933,Plein jour,En agglomération,Intersection en X,Pluie légère,Deux véhicules - côté,3,2,4,0,1,1,2,0,1,50,,2,1,0,0,1,56.0,76.0,,,1,2,2,2,3
202100039851,2021-05-15 13:05:00,2021,5,15,13,5,93,93014,Allée de Gagny / Allee du Chene Pointu,48.90161,2.5467,Plein jour,En agglomération,Intersection en X,Pluie forte,Deux véhicules - côté,3,4,4,0,1,1,2,0,1,50,,3,1,0,0,2,37.0,28.0,,,1,2,2,3,3
202100039852,2021-05-15 20:25:00,2021,5,15,20,25,93,93005,Carrefour de l’Europe,48.951524,2.482425,Plein jour,En agglomération,Hors intersection,Normale,Deux véhicules - arrière,3,3,4,0,1,1,2,0,1,50,,2,1,0,0,1,,31.0,,,1,2,1,1,2
202100039853,2021-05-14 19:55:00,2021,5,14,19,55,92,92064,MARECHAL JUIN,48.83674,2.22194,Plein jour,En agglomération,Hors intersection,Pluie légère,Autre collision,3,3,4,0,1,1,2,0,1,50,,2,0,0,1,1,52.0,,,,1,2,1,2,6
202100039854,2021-05-15 16:40:00,2021,5,15,16,40,92,92025,PRESIDENT SALVADOR ALLENDE (RUE DU),48.9185089765,2.2250640392,Plein jour,En agglomération,Hors intersection,Temps couvert,Deux véhicules - arrière,3,1,2,0,1,1,2,0,1,50,,2,1,0,0,1,43.0,24.0,,,1,2,1,8,2
202100039855,2021-05-15 15:50:00,2021,5,15,15,50,92,92012,ANATOLE FRANCE (BOULEVARD) 5/FIN,48.85014,2.23854,Plein jour,En agglomération,Hors intersection,Neige / grêle,Deux véhicules - arrière,4,3,2,0,2,1,2,0,1,30,,2,1,0,0,1,39.0,13.0,,,1,2,1,4,2
202100039856,2021-05-15 18:25:00,2021,5,15,18,25,34,34343,RD 32,43.749172,3.711882,Plein jour,Hors agglomération,Hors intersection,Temps couvert,Deux véhicules - frontale,3,2,2,0,1,1,1,0,1,90,,4,3,0,1,0,21.0,40.0,,,1,1,1,8,1
202100039857,2021-05-16 00:10:00,2021,5,16,0,10,45,45243,D2160-PR 49 + 950,47.993666,2.453991,Nuit avec éclairage allumé,Hors agglomération,Hors intersection,Normale,Autre collision,3,2,2,0,1,2,1,0,3,80,,2,0,1,0,1,25.0,,,,5,1,1,1,6
202100039858,2021-05-16 17:20:00,2021,5,16,17,20,33,33205,Lieu Dit Brouquet,44.626886,-0.381474,Plein jour,En agglomération,Hors intersection,Normale,Sans collision,4,2,2,0,1,1,1,0,1,50,,1,0,0,1,0,39.0,,,,1,2,1,1,7
202100039859,2021-05-16 05:30:00,2021,5,16,5,30,54,54408,A4 ,49.1722769711,5.759496689,Crépuscule ou aube,Hors agglomération,Hors intersection,Normale,Sans collision,1,3,4,0,1,1,2,0,3,130,,1,0,0,0,1,31.0,,,,2,1,1,1,7
202100039860,2021-05-16 10:00:00,2021,5,16,10,0,19,19274,PK 270.000 A20,45.166509,1.481089,Plein jour,Hors agglomération,Hors intersection,Pluie légère,Sans collision,1,1,1,0,1,3,2,0,1,130,,1,0,0,1,0,65.0,,,,1,1,1,2,7
202100039861,2021-05-11 15:30:00,2021,5,11,15,30,23,23176,Avenue de la Liberte,46.235487,1.488948,Plein jour,En agglomération,Giratoire,Normale,Deux véhicules - côté,3,3,1,0,1,1,1,5,3,50,,6,5,0,1,0,18.0,78.0,,,1,2,6,1,3
202100039862,2021-05-16 11:05:00,2021,5,16,11,5,62,62881,D117,50.227133,2.168105,Plein jour,Hors agglomération,Intersection en T,Normale,Autre collision,3,2,2,0,1,1,1,0,1,80,,4,2,0,0,2,45.0,28.0,,,1,1,3,1,6
202100039863,2021-05-15 22:15:00,2021,5,15,22,15,77,77303,1 Bois Guyot,48.851953,3.443724,Nuit sans éclairage public,Hors agglomération,Hors intersection,Pluie forte,Autre collision,4,-1,2,0,1,1,2,0,3,80,,1,0,0,0,1,38.0,,,,3,1,1,3,6
202100039864,2021-05-11 12:00:00,2021,5,11,12,0,83,83031,D558,43.360469,6.389784,Plein jour,Hors agglomération,Hors intersection,Normale,Autre collision,3,2,2,0,1,3,2,0,1,-1,,1,0,0,1,0,28.0,,,,1,1,1,1,6
202100039865,2021-05-05 21:15:00,2021,5,5,21,15,51,51030,Route d'Epernay,49.046835,4.087703,Crépuscule ou aube,En agglomération,Intersection en T,Normale,Deux véhicules - côté,3,2,2,0,1,4,1,0,1,50,,3,1,0,0,2,26.0,22.0,,,2,2,3,1,3
202100039866,2021-05-15 22:20:00,2021,5,15,22,20,19,19007,La Riviere,44.950031,1.853364,Nuit sans éclairage public,Hors agglomération,Hors intersection,Pluie légère,Autre collision,3,2,2,0,1,3,2,0,3,90,,2,0,1,1,0,22.0,,,,3,1,1,2,6
202100039867,2021-05-15 10:30:00,2021,5,15,10,30,2B,2B123,RT 10,42.032297,9.417933,Plein jour,Hors agglomération,Hors intersection,Normale,,9,2,2,0,1,1,1,0,1,80,,3,2,0,1,0,76.0,39.0,,,1,1,1,1,-1
202100039868,2021-05-16 19:20:00,2021,5,16,19,20,34,34150,"d 51 E5, pont des Onglous",43.32026,3.539883,Plein jour,Hors agglomération,Hors intersection,Pluie légère,Deux véhicules - frontale,3,2,2,0,2,2,2,2,1,50,,6,5,0,1,0,33.0,28.0,,,1,1,1,2,1
202100039869,2021-05-16 14:10:00,2021,5,16,14,10,68,68082,D20,47.844991,7.345412,Plein jour,Hors agglomération,Hors intersection,Pluie légère,Autre collision,3,2,2,0,1,1,2,0,3,80,,1,0,1,0,0,78.0,,,,1,1,1,2,6
202100039870,2021-05-14 11:15:00,2021,5,14,11,15,31,31377,D25,43.424808,1.721206,Plein jour,Hors agglomération,Hors intersection,Pluie légère,Autre collision,3,2,2,0,1,1,2,0,3,-1,,1,0,0,1,0,68.0,,,,1,1,1,2,6
202100039871,2021-05-15 22:10:00,2021,5,15,22,10,02,02386,1 Rue de Lavaqueresse,49.953988,3.661607,Nuit avec éclairage allumé,En agglomération,Hors intersection,Pluie légère,Autre collision,3,2,2,0,2,2,2,0,1,50,,1,0,0,1,0,34.0,,,,5,2,1,2,6
202100039872,2021-05-16 09:20:00,2021,5,16,9,20,15,15211,D43,45.019162,2.203982,Plein jour,Hors agglomération,Hors intersection,Pluie légère,Sans collision,3,2,2,0,2,1,2,0,3,90,,1,0,0,1,0,65.0,,,,1,1,1,2,7
202100039873,2021-05-15 17:55:00,2021,5,15,17,55,54,54256,D110,48.531256,6.329198,Plein jour,Hors agglomération,Hors intersection,Pluie forte,Sans collision,3,2,2,0,2,3,2,0,1,80,,1,0,0,1,0,73.0,,,,1,1,1,3,7
202100039874,2021-05-15 20:45:00,2021,5,15,20,45,06,06032,D6007,43.725778,7.398777,Crépuscule ou aube,En agglomération,Hors intersection,Normale,Autre collision,7,3,3,0,2,1,1,0,1,50,,1,0,0,1,0,39.0,,,,2,2,1,1,6
202100039875,2021-05-14 18:20:00,2021,5,14,18,20,43,43265,Croix (Calvaire),45.23519,4.165835,Plein jour,Hors agglomération,Hors intersection,Temps couvert,Sans collision,4,-1,1,0,1,1,1,0,1,30,,1,0,0,1,0,43.0,,,,1,1,1,8,7
202100039876,2021-05-15 16:39:00,2021,5,15,16,39,85,85303,Intersection rue Georges Clémenceau / rue des Rivaux,46.359213,-0.852803,Plein jour,En agglomération,Intersection en Y,Normale,Deux véhicules - côté,3,2,2,0,1,1,1,0,1,50,,3,1,0,2,0,17.0,56.0,,,1,2,4,1,3
202100039877,2021-05-16 19:40:00,2021,5,16,19,40,27,27384,Route de la Morelle,49.370714,0.304688,Plein jour,Hors agglomération,Hors intersection,Pluie légère,Autre collision,3,2,2,0,2,1,2,0,1,80,,2,0,2,0,0,37.0,,,,1,1,1,2,6
202100039878,2021-05-15 19:15:00,2021,5,15,19,15,17,17385,Rue Gustave Bausmayer,45.940985,-1.329719,Plein jour,En agglomération,Intersection en X,Normale,Deux véhicules - côté,4,2,2,0,1,1,1,0,1,80,,3,2,0,1,0,44.0,37.0,,,1,2,2,1,3
202100039879,2021-05-15 10:35:00,2021,5,15,10,35,37,37037,Le Buisson Rond,47.5522230598,0.4377559769,Plein jour,Hors agglomération,Intersection en X,Normale,Deux véhicules - côté,3,2,2,0,1,1,1,0,1,80,,3,0,0,0,3,60.0,45.0,,,1,1,2,1,3
202100039880,2021-05-15 18:00:00,2021,5,15,18,0,30,30269,COL SAINT PIERRE,44.130139,3.852167,Plein jour,Hors agglomération,Hors intersection,Pluie légère,Sans collision,3,2,2,0,2,2,2,0,3,80,,1,0,0,0,1,61.0,,,,1,1,1,2,7
202100039881,2021-05-15 19:25:00,2021,5,15,19,25,88,88369,25 Rue d'Alsace,47.89396,6.741373,Plein jour,En agglomération,Intersection en T,Pluie forte,Deux véhicules - côté,2,2,2,0,2,1,2,0,1,50,,2,1,0,1,0,28.0,16.0,,,1,2,3,3,3
202100039882,2021-05-16 16:15:00,2021,5,16,16,15,11,11225,"Autoroute A61, PK 281.000, sens NARBONNE - TOULOUSE",43.3189,1.8749,Plein jour,Hors agglomération,Hors intersection,Pluie légère,Deux véhicules - côté,1,1,4,0,1,1,2,0,1,90,,5,4,0,1,0,22.0,22.0,,,1,1,1,2,3
202100039883,2021-05-16 01:45:00,2021,5,16,1,45,976,97607,N3,-12.837881,45.18048,Nuit avec éclairage allumé,Hors agglomération,Hors intersection,Normale,Deux véhicules - frontale,2,2,2,0,1,4,1,0,1,70,,2,1,0,0,1,24.0,35.0,,,5,1,1,1,1
202100039884,2021-05-15 16:30:00,2021,5,15,16,30,971,97122,Brument,16.415977,-61.505263,Plein jour,Hors agglomération,Hors intersection,Normale,Sans collision,3,2,2,0,1,2,1,0,1,80,,2,0,0,1,1,18.0,,,,1,1,1,1,7
202100039885,2021-05-14 12:00:00,2021,5,14,12,0,971,97129,"Nationale 2, manbia",16.345086,-61.718316,Plein jour,Hors agglomération,Hors intersection,Pluie légère,Deux véhicules - frontale,2,2,2,0,3,2,2,0,1,-1,,3,0,0,3,0,46.0,19.0,,,1,1,1,2,1