accident_id,datetime,annee,mois,jour,heure,minute,departement,commune_insee,adresse,latitude,longitude,luminosite,agglomeration,intersection,meteo,collision,catr,circ,nbv,vosp,prof,plan,surf,infra,situ,vma,nb_vehicules,nb_usagers,nb_indemnes,nb_tues,nb_blesses_hosp,nb_blesses_legers,age_cond_1,age_cond_2,veh_type_cond_1,veh_type_cond_2,lum_code,agg_code,int_code,atm_code,col_code
202100039886,2021-05-15 23:30:00,2021,5,15,23,30,78,78506,RD 910,48.512809,1.804075,Nuit sans éclairage public,Hors agglomération,Hors intersection,Normale,Autre collision,3,3,4,0,2,1,2,0,1,90,,3,0,0,0,3,19.0,,,,3,1,1,1,6
202100039887,2021-05-15 20:50:00,2021,5,15,20,50,83,83108,Route de Gareoult,43.330403,6.005041,Nuit sans éclairage public,Hors agglomération,Hors intersection,Normale,Sans collision,3,2,2,0,2,3,1,0,3,80,,1,0,0,1,0,27.0,,,,3,1,1,1,7
202100039888,2021-05-16 11:10:00,2021,5,16,11,10,71,71060,"le carge, PK 09+600",46.305964,4.146918,Plein jour,Hors agglomération,Intersection en T,Pluie forte,Deux véhicules - côté,3,2,1,0,1,1,2,0,1,80,,2,1,0,0,1,15.0,52.0,,,1,1,3,3,3
202100039889,2021-05-14 22:35:00,2021,5,14,22,35,88,88020,chemin forestier,48.492919,5.869585,Nuit sans éclairage public,Hors agglomération,Hors intersection,Normale,Autre collision,4,2,2,0,1,3,9,0,3,30,,5,1,0,2,2,45.0,,,,3,1,1,1,6
202100039890,2021-05-16 13:10:00,2021,5,16,13,10,26,26034,Route Nationale ,45.066072,5.235307,Plein jour,Hors agglomération,Hors intersection,Normale,Deux véhicules - frontale,3,2,2,0,2,4,2,0,1,80,,3,2,0,1,0,39.0,29.0,,,1,1,1,1,1
202100039891,2021-05-13 18:20:00,2021,5,13,18,20,26,26307,Route de Lente,45.004592,5.296977,Plein jour,Hors agglomération,Hors intersection,Normale,Autre collision,3,2,2,0,2,2,1,0,3,80,,1,0,0,1,0,19.0,,,,1,1,1,1,6
202100039892,2021-05-13 11:30:00,2021,5,13,11,30,69,69143,REY LORAS (R),45.8795058819,4.8378402031,Plein jour,En agglomération,Intersection en X,Normale,Deux véhicules - côté,4,2,2,2,1,1,1,0,1,50,,2,1,0,0,1,31.0,64.0,,,1,2,2,1,3
202100039893,2021-05-16 14:50:00,2021,5,16,14,50,79,79088,Route de Poitiers,46.822217,-0.412701,Plein jour,Hors agglomération,Intersection en T,Pluie légère,Autre collision,2,2,2,0,2,1,2,0,3,80,,2,0,0,1,1,73.0,,,,1,1,3,2,6
202100039894,2021-05-16 00:05:00,2021,5,16,0,5,60,60395,Rue Aristide Briand,49.221171,2.131208,Nuit avec éclairage allumé,En agglomération,Giratoire,Normale,Autre collision,3,1,2,0,1,1,2,0,4,50,,2,0,0,0,2,22.0,,,,5,2,6,1,6
202100039895,2021-05-15 14:40:00,2021,5,15,14,40,13,13203,A7-Sens Marseille vers Lyon,43.3074084819,5.3754472733,Plein jour,Hors agglomération,Hors intersection,Pluie légère,Deux véhicules - arrière,1,1,3,3,1,1,1,0,1,90,,3,1,0,0,2,63.0,61.0,,,1,1,1,2,2
202100039896,2021-05-13 21:10:00,2021,5,13,21,10,42,42123,A47,45.51744,4.58856,Nuit sans éclairage public,Hors agglomération,Hors intersection,Normale,Deux véhicules - côté,1,3,4,0,1,1,1,8,1,70,,3,1,0,1,1,35.0,20.0,,,3,1,1,1,3
202100039897,2021-05-15 19:05:00,2021,5,15,19,5,94,94034,AUTOROUTE A86,48.75501,2.33242,Plein jour,Hors agglomération,Hors intersection,Normale,Autre collision,1,1,1,0,2,3,2,3,1,50,,1,0,0,0,1,35.0,,,,1,1,1,1,6
202100039898,2021-05-15 15:15:00,2021,5,15,15,15,91,91689,AUTOROUTE A6,48.73144,2.31547,Plein jour,Hors agglomération,Hors intersection,Normale,Deux véhicules - arrière,1,3,3,0,1,1,1,0,1,110,,3,1,0,0,2,21.0,21.0,,,1,1,1,1,2
202100039899,2021-05-15 12:00:00,2021,5,15,12,0,94,94021,AUTOROUTE A6A,48.77125,2.34544,Plein jour,Hors agglomération,Hors intersection,Pluie légère,Autre collision,1,2,10,0,1,1,2,0,1,90,,2,1,0,0,1,21.0,,,,1,1,1,2,6
202100039900,2021-05-15 18:50:00,2021,5,15,18,50,92,92036,AUTOROUTE A15,48.9436471157,2.2877561673,Plein jour,Hors agglomération,Hors intersection,Pluie légère,Autre collision,1,3,8,0,1,1,2,2,1,90,,1,0,0,0,1,21.0,,,,1,1,1,2,6
202100039901,2021-05-15 16:25:00,2021,5,15,16,25,95,95572,A15,49.0327269433,2.1122574789,Plein jour,Hors agglomération,Hors intersection,Pluie légère,Autre collision,1,3,6,0,2,3,2,3,1,50,,1,0,0,0,1,37.0,,,,1,1,1,2,6
202100039902,2021-05-15 04:15:00,2021,5,15,4,15,93,93007,AUTOROUTE A3,48.9365833968,2.4803814961,Nuit avec éclairage non allumé,Hors agglomération,Hors intersection,Normale,Deux véhicules - arrière,1,3,6,0,1,1,1,0,1,110,,3,1,0,0,2,18.0,,,,4,1,1,1,2
202100039903,2021-05-15 09:40:00,2021,5,15,9,40,77,77373,RN104,48.78658,2.6174,Plein jour,Hors agglomération,Hors intersection,Pluie légère,Deux véhicules - arrière,2,3,4,0,1,1,2,0,1,90,,2,1,0,1,0,59.0,24.0,,,1,1,1,2,2
202100039904,2021-02-22 19:22:00,2021,2,22,19,22,75,75119,RUE DE L OURCQ,48.8926184185,2.3784703016,Nuit avec éclairage allumé,En agglomération,Intersection en T,Normale,Deux véhicules - côté,4,1,2,3,1,1,1,-1,6,50,,2,1,0,0,1,62.0,20.0,,,5,2,3,1,3
202100039905,2021-05-15 06:00:00,2021,5,15,6,0,988,98818,DALY (RUE ARNOLD),-22.26828,166.47266,Plein jour,En agglomération,Intersection en X,Normale,Deux véhicules - frontale,4,2,2,2,1,1,1,5,1,50,,5,4,0,1,0,51.0,32.0,,,1,2,2,1,1
202100039906,2021-05-14 14:30:00,2021,5,14,14,30,988,98818,RUE DU 18 JUIN/RUE AUGIAS,-22.26877,166.46353,Plein jour,En agglomération,Intersection en T,Normale,Trois véhicules et plus - en chaîne,4,2,2,0,1,1,1,0,1,50,,4,3,0,0,1,67.0,32.0,,,1,2,3,1,4
202100039907,2021-05-14 17:30:00,2021,5,14,17,30,974,97416,BASSIN PLAT(CHEMIN),-21.3360383428,55.5035626888,Crépuscule ou aube,Hors agglomération,Hors intersection,Normale,Autre collision,4,2,0,0,1,1,1,0,1,50,,2,1,0,0,1,53.0,,,,2,1,1,1,6
202100039908,2021-05-14 14:30:00,2021,5,14,14,30,69,69259,JULES GUESDE (AV),45.71447,4.88818,Plein jour,En agglomération,Hors intersection,Normale,Deux véhicules - arrière,4,2,2,0,1,1,1,0,1,50,,2,1,0,0,1,50.0,16.0,,,1,2,1,1,2
202100039909,2021-05-14 11:35:00,2021,5,14,11,35,972,97213,AUTOROUTE A1,14.6139,-61.01119,Plein jour,En agglomération,Hors intersection,Normale,Deux véhicules - arrière,1,2,4,0,1,1,1,0,1,90,,3,2,0,0,1,64.0,44.0,,,1,2,1,1,2
202100039910,2021-05-11 17:40:00,2021,5,11,17,40,69,69389,M6,45.76245,4.80452,Plein jour,En agglomération,Hors intersection,Normale,Deux véhicules - côté,7,2,3,0,2,1,1,0,1,50,,2,1,0,1,0,55.0,49.0,,,1,2,1,1,3
202100039911,2021-05-11 20:15:00,2021,5,11,20,15,69,69142,FONTANIERES (DES) (CHM),45.74101,4.80868,Nuit avec éclairage allumé,En agglomération,Hors intersection,Normale,Deux véhicules - frontale,4,2,2,0,3,1,2,0,1,30,,2,1,0,0,1,36.0,21.0,,,5,2,1,1,1
202100039912,2021-05-13 23:15:00,2021,5,13,23,15,69,69384,BIRMINGHAM (DE)                     (AV),45.77498,4.81073,Nuit avec éclairage allumé,En agglomération,Intersection en T,Temps couvert,Deux véhicules - côté,4,1,1,0,1,1,1,0,1,50,,2,1,0,0,1,,26.0,,,5,2,3,8,3
202100039913,2021-05-12 11:50:00,2021,5,12,11,50,69,69202,COMMANDANT CHARCOT (DU) (R),45.7500767602,4.7970535206,Plein jour,En agglomération,Hors intersection,Normale,Autre collision,4,-1,0,0,1,1,1,0,1,30,,2,1,0,0,1,79.0,,,,1,2,1,1,6
202100039914,2021-05-13 18:10:00,2021,5,13,18,10,2B,2B033,SAMPIERO CORSO - AV,42.68566,9.44635,Plein jour,En agglomération,Hors intersection,Normale,Trois véhicules et plus - en chaîne,3,2,2,0,2,1,1,1,1,50,,4,2,0,0,2,45.0,22.0,,,1,2,1,1,4
202100039915,2021-05-14 14:30:00,2021,5,14,14,30,971,97105,BOLOGNE (ROUTE DE),16.00599,-61.73639,Plein jour,En agglomération,Autre intersection,Normale,Deux véhicules - côté,3,2,2,0,2,1,1,0,1,50,,2,1,0,0,1,61.0,57.0,,,1,2,9,1,3
202100039916,2021-05-14 11:20:00,2021,5,14,11,20,91,91114,ROUTE NATIONALE 5,48.67865,2.49598,Plein jour,Hors agglomération,Hors intersection,Pluie légère,Deux véhicules - arrière,2,3,2,0,1,1,2,0,1,50,,3,1,0,0,2,38.0,52.0,,,1,1,1,2,2
202100039917,2021-05-14 10:37:00,2021,5,14,10,37,87,87114,JOFFRE (MARECHAL),45.83734,1.30721,Plein jour,En agglomération,Intersection en X,Normale,Autre collision,4,2,2,0,1,1,1,0,1,50,,2,1,1,0,0,43.0,,,,1,2,2,1,6
202100039918,2021-05-13 11:51:00,2021,5,13,11,51,87,87085,TOULOUSE (RUE DE),45.81674,1.27715,Plein jour,En agglomération,Intersection en X,Normale,Deux véhicules - côté,4,2,2,0,1,1,1,5,1,50,,4,2,0,0,2,30.0,57.0,,,1,2,2,1,3
202100039919,2021-05-14 20:15:00,2021,5,14,20,15,83,83137,15EME CORPS (AVE DU),43.12827,5.91655,Plein jour,En agglomération,Intersection en T,Normale,Deux véhicules - frontale,3,2,2,0,1,1,1,0,1,50,,2,0,0,0,2,20.0,39.0,,,1,2,3,1,1
202100039920,2021-05-08 15:30:00,2021,5,8,15,30,83,83129,TRAITE DE L'ELYSEE (ROND POINT),43.10696,5.81443,Plein jour,En agglomération,Giratoire,Normale,Autre collision,7,1,2,0,1,3,1,5,1,50,,2,1,0,0,1,83.0,,,,1,2,6,1,6
202100039921,2021-05-14 15:00:00,2021,5,14,15,0,83,83069,TOULON RD 46 ( ROUTE DE ),43.126,6.093,Plein jour,Hors agglomération,Intersection en X,Normale,Deux véhicules - côté,7,1,2,0,1,2,1,0,1,50,,2,0,0,0,2,52.0,71.0,,,1,1,2,1,3
202100039922,2021-05-14 17:00:00,2021,5,14,17,0,77,77285,MAURICE DAUVERGNE (AVENUE),48.543819239,2.6404316873,Plein jour,En agglomération,Autre intersection,Normale,Autre collision,4,2,1,3,1,1,1,6,8,50,,2,1,0,0,1,26.0,,,,1,2,9,1,6
202100039923,2021-05-14 11:00:00,2021,5,14,11,0,72,72181,ROSTOV SUR LE DON (RUE) N° PAIRS,48.00777,0.19853,Plein jour,En agglomération,Giratoire,Normale,Deux véhicules - arrière,4,2,2,0,1,2,1,5,1,50,,2,1,0,0,1,43.0,58.0,,,1,2,6,1,2
202100039924,2021-05-14 21:05:00,2021,5,14,21,5,69,69266,POIZAT (R),45.75818,4.89328,Plein jour,En agglomération,Intersection en X,Temps couvert,Deux véhicules - côté,4,2,2,0,1,1,1,0,1,50,,3,2,0,0,1,33.0,26.0,,,1,2,2,8,3
202100039925,2021-05-13 22:30:00,2021,5,13,22,30,69,69256,REMY CACHET (IMP),45.7769725032,4.9146738666,Nuit avec éclairage allumé,En agglomération,Hors intersection,Normale,Trois véhicules et plus - en chaîne,4,2,2,0,1,1,1,0,1,30,,3,1,0,1,1,,23.0,,,5,2,1,1,4
202100039926,2021-05-12 18:40:00,2021,5,12,18,40,67,67482,LIEPVRE (RUE DE),48.5714934159,7.7701325984,Plein jour,En agglomération,Intersection en T,Normale,Deux véhicules - côté,4,2,3,1,1,1,1,0,1,50,,2,1,0,0,1,22.0,20.0,,,1,2,3,1,3
202100039927,2021-05-14 17:00:00,2021,5,14,17,0,64,64284,CORPS FRANC POMMIES,43.293,-0.38676,Plein jour,En agglomération,Intersection en X,Normale,Deux véhicules - côté,4,2,2,0,1,1,1,0,1,50,,3,2,0,0,1,29.0,27.0,,,1,2,2,1,3
202100039928,2021-05-14 14:30:00,2021,5,14,14,30,64,64024,HOURTICQ (RUE DE),43.49436,-1.53657,Plein jour,En agglomération,Hors intersection,Temps couvert,Deux véhicules - arrière,4,2,2,0,1,1,2,0,1,30,,2,1,0,0,1,19.0,37.0,,,1,2,1,8,2
202100039929,2021-05-13 20:15:00,2021,5,13,20,15,64,64102,PIECE NOYEE (ROND POINT DE LA),43.49899,-1.48128,Crépuscule ou aube,En agglomération,Hors intersection,Pluie légère,Sans collision,4,1,2,0,1,1,2,5,1,30,,1,0,0,0,1,29.0,,,,2,2,1,2,7
202100039930,2021-05-14 12:18:00,2021,5,14,12,18,63,63113,BINGEN (BD JACQUES),45.77613,3.12994,Plein jour,En agglomération,Hors intersection,Normale,Autre collision,7,2,4,0,1,1,1,0,1,50,,2,1,0,0,1,36.0,48.0,,,1,2,1,1,6
202100039931,2021-05-12 18:35:00,2021,5,12,18,35,63,63113,JOUHAUX (BD LEON),45.7916504591,3.1153103167,Plein jour,En agglomération,Hors intersection,Normale,Autre collision,4,-1,2,3,1,1,1,4,6,50,,2,1,0,0,1,50.0,19.0,,,1,2,1,1,6
202100039932,2021-04-27 17:30:00,2021,4,27,17,30,62,62510,MONTGOLFIER (R ),50.42978,2.78507,Plein jour,En agglomération,Intersection en T,Normale,Deux véhicules - côté,4,2,2,0,1,1,1,0,1,50,,2,1,0,0,1,29.0,29.0,,,1,2,3,1,3
202100039933,2021-05-14 12:00:00,2021,5,14,12,0,60,60159,carrefour Juchat,49.41963,2.82034,Plein jour,En agglomération,Giratoire,Normale,Deux véhicules - côté,3,1,2,0,1,1,1,5,1,30,,2,1,0,0,1,75.0,35.0,,,1,2,6,1,3
202100039934,2021-05-13 11:00:00,2021,5,13,11,0,57,57757,Nations (Avenue),49.3579,6.18836,Plein jour,Hors agglomération,Intersection en X,Normale,Autre collision,3,2,2,0,1,1,1,0,1,50,,2,1,0,0,1,,,,,1,1,2,1,6
202100039935,2021-05-12 17:04:00,2021,5,12,17,4,57,57283,Avenue de France,49.2511745901,6.1663482237,Plein jour,En agglomération,Hors intersection,Normale,Autre collision,3,-1,2,1,1,2,1,2,4,50,,1,0,0,0,1,90.0,,,,1,2,1,1,6
202100039936,2021-05-12 13:20:00,2021,5,12,13,20,50,50129,JOLIOT CURIE (RUE),49.62913,-1.64096,Plein jour,En agglomération,Intersection en X,Pluie légère,Deux véhicules - côté,3,2,2,0,1,1,2,5,1,50,,3,1,0,0,2,30.0,61.0,,,1,2,2,2,3
202100039937,2021-05-13 13:56:00,2021,5,13,13,56,50,50173,DUBOST (RUE),49.64108,-1.67019,Plein jour,En agglomération,Hors intersection,Normale,Autre collision,4,2,1,0,1,1,1,0,1,50,,1,0,0,0,1,43.0,,,,1,2,1,1,6
202100039938,2021-05-14 09:40:00,2021,5,14,9,40,49,49353,JEAN JAURES RUE,47.44371,-0.49838,Plein jour,En agglomération,Intersection en X,Normale,Autre collision,4,-1,2,0,1,1,2,0,1,50,,2,1,0,1,0,79.0,,,,1,2,2,1,6
202100039939,2021-05-14 15:25:00,2021,5,14,15,25,45,45234,Boulevard Marie Stuart,47.912552,1.915658,Plein jour,En agglomération,Intersection en T,Normale,Deux véhicules - côté,4,3,2,0,1,1,1,0,1,50,,6,1,0,0,5,23.0,43.0,,,1,2,3,1,3
202100039940,2021-05-14 18:00:00,2021,5,14,18,0,44,44135,CRIQUE ( RUE DE LA CRIQUE ),47.281641,-2.429118,Plein jour,En agglomération,Hors intersection,Normale,Deux véhicules - arrière,4,-1,2,0,1,1,1,0,1,50,,2,1,0,0,1,16.0,45.0,,,1,2,1,1,2
202100039941,2021-05-12 11:00:00,2021,5,12,11,0,44,44055,IBIS ( AVENUE DES ),47.2869,-2.39176,Plein jour,En agglomération,Hors intersection,Pluie légère,Autre collision,4,2,2,0,1,1,2,0,1,30,,2,1,0,0,1,73.0,,,,1,2,1,2,6
202100039942,2021-05-14 15:45:00,2021,5,14,15,45,37,37122,DOUZILLIERE (RUE DE LA),47.3390177546,0.6535197397,Plein jour,En agglomération,Giratoire,Pluie légère,Autre collision,4,2,2,0,1,2,2,5,1,50,,2,1,0,0,1,36.0,16.0,,,1,2,6,2,6
202100039943,2021-05-14 17:53:00,2021,5,14,17,53,37,37261,SEBASTOPOL (RUE),47.3886352111,0.6845994042,Plein jour,En agglomération,Intersection en X,Normale,Autre collision,4,1,1,0,1,1,1,0,1,50,,2,1,0,0,1,24.0,23.0,,,1,2,2,1,6
202100039944,2021-05-14 09:08:00,2021,5,14,9,8,37,37261,HEURTELOUP (BOULEVARD),47.3912650584,0.6953390837,Plein jour,En agglomération,Intersection en T,Normale,Deux véhicules - côté,4,3,4,0,1,1,1,0,1,50,,2,1,0,0,1,49.0,25.0,,,1,2,3,1,3
202100039945,2021-05-14 15:54:00,2021,5,14,15,54,33,33063,TURENNE (RUE ),44.849,-0.59369,Plein jour,En agglomération,Hors intersection,Normale,Autre collision,9,1,1,2,1,1,1,0,1,30,,2,1,0,0,1,29.0,,,,1,2,1,1,6
202100039946,2021-05-14 14:05:00,2021,5,14,14,5,32,32013,YSER (AVENUE DE L'),43.6525551099,0.5950641632,Plein jour,En agglomération,Hors intersection,Temps couvert,Trois véhicules et plus - collisions multiples,2,2,2,0,1,1,2,0,1,50,,3,2,0,0,1,53.0,85.0,,,1,2,1,8,5
202100039947,2021-05-09 09:25:00,2021,5,9,9,25,30,30189,REPUBLIQUE (RUE),43.8276,4.3542,Plein jour,En agglomération,Hors intersection,Normale,Autre collision,4,2,2,0,1,1,1,0,1,50,,2,1,0,0,1,44.0,18.0,,,1,2,1,1,6
202100039948,2021-05-14 17:35:00,2021,5,14,17,35,29,29039,RD 783,47.88572,-3.91333,Plein jour,Hors agglomération,Giratoire,Temps couvert,Deux véhicules - côté,3,4,2,0,2,1,1,0,1,70,,2,1,0,0,1,18.0,48.0,,,1,1,6,8,3
202100039949,2021-05-14 19:20:00,2021,5,14,19,20,29,29019,Rue Duret,48.39639,-4.47824,Plein jour,En agglomération,Intersection en X,Normale,Deux véhicules - côté,4,-1,1,0,1,1,1,0,1,30,,2,1,0,0,1,26.0,35.0,,,1,2,2,1,3
202100039950,2021-05-04 20:25:00,2021,5,4,20,25,25,25056,KENNEDY  BOULEVARD J.F.,47.23325,5.98295,Nuit avec éclairage allumé,En agglomération,Hors intersection,Pluie légère,Autre collision,4,1,1,0,1,2,2,2,1,50,,1,0,0,0,1,21.0,,,,5,2,1,2,6
202100039951,2021-05-12 12:25:00,2021,5,12,12,25,14,14118,D7,49.1986,-0.36049,Plein jour,En agglomération,Intersection en X,Temps couvert,Deux véhicules - côté,4,2,4,0,2,1,2,5,1,50,,3,2,0,0,1,78.0,21.0,,,1,2,2,8,3
202100039952,2021-05-14 20:38:00,2021,5,14,20,38,13,13201,ATHENES (BOULEVARD D'),43.300067,5.380813,Nuit avec éclairage allumé,En agglomération,Hors intersection,Normale,Deux véhicules - arrière,4,1,1,0,1,1,1,1,1,50,,2,1,0,0,1,35.0,38.0,,,5,2,1,1,2
202100039953,2021-05-14 11:00:00,2021,5,14,11,0,13,13208,MENDES FRANCE (AVENUE),43.2551210652,5.3763159983,Plein jour,En agglomération,Hors intersection,Normale,Deux véhicules - côté,4,2,2,0,1,1,1,0,1,50,,2,0,0,2,0,48.0,,,,1,2,1,1,3
202100039954,2021-05-13 18:10:00,2021,5,13,18,10,13,13207,CHARLES LIVON (BOULEVARD),43.2922007501,5.3603196144,Plein jour,En agglomération,Hors intersection,Normale,Deux véhicules - arrière,4,2,4,0,1,1,1,0,1,50,,2,1,0,0,1,47.0,20.0,,,1,2,1,1,2
202100039955,2021-05-13 17:46:00,2021,5,13,17,46,11,11069,LIMOUX -ROUTE DE-,43.20105,2.32926,Plein jour,En agglomération,Hors intersection,Normale,Autre collision,3,2,2,0,1,2,1,0,3,70,,2,1,0,0,1,22.0,,,,1,2,1,1,6
202100039956,2021-05-14 20:30:00,2021,5,14,20,30,06,06088,CLUA (AV. DE LA),43.72757,7.24413,Plein jour,Hors agglomération,Hors intersection,Normale,Autre collision,7,3,2,0,2,2,1,0,8,50,,2,0,0,1,1,18.0,,,,1,1,1,1,6
202100039957,2021-05-14 11:30:00,2021,5,14,11,30,06,06088,VAUBAN (R. MARECHAL),43.711423,7.288203,Plein jour,En agglomération,Intersection en X,Normale,Deux véhicules - frontale,4,-1,2,0,1,1,1,0,1,50,,4,1,0,0,3,42.0,55.0,,,1,2,2,1,1
202100039958,2021-05-14 15:35:00,2021,5,14,15,35,06,06069,PAGNOL (BOULEVARD MARCEL),43.644497,6.946814,Plein jour,En agglomération,Hors intersection,Pluie légère,Deux véhicules - côté,4,2,2,0,1,1,2,0,1,50,,2,1,0,0,1,53.0,52.0,,,1,2,1,2,3
202100039959,2021-05-13 12:22:00,2021,5,13,12,22,05,05061,D994,44.54816,6.03822,Plein jour,Hors agglomération,Hors intersection,Normale,Sans collision,3,2,2,0,2,2,1,0,1,50,,1,0,0,1,0,80.0,,,,1,1,1,1,7
202100039960,2021-05-14 19:34:00,2021,5,14,19,34,75,75120,BOULEVARD DE MENILMONTANT,48.863811,2.386554,Plein jour,En agglomération,Hors intersection,Temps couvert,Deux véhicules - côté,4,1,1,0,1,1,1,0,1,50,,3,1,0,0,2,46.0,54.0,,,1,2,1,8,3
202100039961,2021-05-14 16:10:00,2021,5,14,16,10,75,75117,BOULEVARD PERIPHERIQUE,48.8954690705,2.3074903521,Plein jour,En agglomération,Intersection en Y,Pluie forte,Deux véhicules - côté,4,2,8,0,1,1,2,0,1,70,,2,1,0,0,1,40.0,24.0,,,1,2,4,3,3
202100039962,2021-05-14 01:40:00,2021,5,14,1,40,75,75107,AVENUE DE TOURVILLE,48.854082,2.306374,Nuit avec éclairage allumé,En agglomération,Place,Normale,Autre collision,4,2,2,0,1,1,1,0,1,50,,1,0,0,0,1,24.0,,,,5,2,7,1,6
202100039963,2021-05-14 15:25:00,2021,5,14,15,25,94,94067,Avenue Gallieni,48.84664,2.41656,Plein jour,En agglomération,Intersection en T,Normale,Deux véhicules - côté,4,2,4,2,1,1,2,0,1,50,,2,1,0,0,1,61.0,40.0,,,1,2,3,1,3
202100039964,2021-05-14 15:50:00,2021,5,14,15,50,94,94068,BARBES (AV),48.79682,2.49114,Plein jour,En agglomération,Intersection en T,Pluie légère,Deux véhicules - côté,3,2,2,0,1,1,2,0,1,30,,2,1,0,0,1,60.0,36.0,,,1,2,3,2,3
202100039965,2021-05-14 09:57:00,2021,5,14,9,57,94,94068,DOCTEUR ROUX (R DU),48.7899,2.4901,Plein jour,En agglomération,Intersection en X,Pluie légère,Deux véhicules - côté,4,2,2,0,1,1,2,0,1,30,,4,1,0,0,3,68.0,49.0,,,1,2,2,2,3
202100039966,2021-05-13 14:10:00,2021,5,13,14,10,94,94028,Avenue du Maréchal Foch,48.78456,2.43656,Plein jour,En agglomération,Hors intersection,Normale,Deux véhicules - arrière,3,3,1,0,1,1,1,5,1,50,,2,1,0,0,1,39.0,21.0,,,1,2,1,1,2
202100039967,2021-05-14 06:40:00,2021,5,14,6,40,94,94017,MARX DORMOY (AV),48.8082,2.52489,Crépuscule ou aube,En agglomération,Hors intersection,Temps couvert,Deux véhicules - arrière,3,3,3,0,3,2,1,0,1,50,,4,0,0,0,4,47.0,28.0,,,2,2,1,8,2
202100039968,2021-05-14 17:45:00,2021,5,14,17,45,94,94075,Rue des Mahonias,48.72508,2.53678,Plein jour,En agglomération,Hors intersection,Temps couvert,Sans collision,4,2,2,0,1,1,3,0,1,50,,1,0,0,1,0,38.0,,,,1,2,1,8,7
202100039969,2021-05-14 11:30:00,2021,5,14,11,30,93,93048,Rue Garibaldi / Rue Francois Debergue,48.85773,2.43842,Plein jour,En agglomération,Intersection en X,Temps couvert,Deux véhicules - côté,3,2,2,1,2,1,2,0,1,50,,2,1,0,0,1,39.0,30.0,,,1,2,2,8,3
202100039970,2021-05-14 12:40:00,2021,5,14,12,40,93,93006,Avenue Gambetta,48.871958,2.418652,Plein jour,En agglomération,Hors intersection,Pluie légère,Deux véhicules - côté,3,2,2,0,1,1,2,0,1,50,,2,0,0,0,2,25.0,67.0,,,1,2,1,2,3
202100039971,2021-05-14 16:30:00,2021,5,14,16,30,93,93066,CHARRONNERIE,48.93791,2.35092,Plein jour,En agglomération,Hors intersection,Normale,Deux véhicules - côté,9,-1,0,3,1,1,2,6,6,30,,2,1,0,0,1,24.0,,,,1,2,1,1,3
202100039972,2021-05-14 19:45:00,2021,5,14,19,45,93,93001,Avenue Jean Jaurès,48.9118859206,2.4009472132,Plein jour,En agglomération,Hors intersection,Normale,Deux véhicules - côté,3,2,4,0,1,1,1,0,1,50,,2,1,0,0,1,21.0,25.0,,,1,2,1,1,3
202100039973,2021-05-14 01:05:00,2021,5,14,1,5,92,92050,MARTIN HENRI AVENUE,48.8952012006,2.1939986944,Nuit avec éclairage allumé,En agglomération,Hors intersection,Normale,Autre collision,3,1,1,0,1,1,1,9,4,50,,3,0,0,2,1,28.0,,,,5,2,1,1,6
202100039974,2021-05-14 20:10:00,2021,5,14,20,10,92,92044,MARIUS AUFAN(RUE) 69+ ET 80+,48.891669794,2.283602937,Plein jour,En agglomération,Intersection en X,Normale,Deux véhicules - côté,4,-1,2,0,1,1,1,0,1,50,,2,1,0,0,1,41.0,19.0,,,1,2,2,1,3
202100039975,2021-05-14 18:37:00,2021,5,14,18,37,92,92044,VIC. HUGO(RUE)115A149 ET 148A178,48.8982917937,2.2943669558,Plein jour,En agglomération,Intersection à plus de 4 branches,Normale,Autre collision,3,1,2,2,1,1,2,0,1,50,,2,1,0,1,0,59.0,,,,1,2,5,1,6
202100039976,2021-05-14 13:10:00,2021,5,14,13,10,92,92040,Rue Aristide Briand,48.8211922432,2.2564596543,Plein jour,En agglomération,Hors intersection,Pluie légère,Sans collision,3,-1,0,0,1,1,2,0,1,50,,1,0,0,0,1,25.0,,,,1,2,1,2,7
202100039977,2021-05-13 00:01:00,2021,5,13,0,1,92,92036,PIERRE DE COUBERTIN (BOULEVARD) (G.SAND,48.9261273109,2.2847943019,Nuit sans éclairage public,En agglomération,Intersection en T,Normale,Autre collision,3,2,4,0,1,1,1,0,1,50,,1,0,0,0,1,28.0,,,,3,2,3,1,6
202100039978,2021-05-14 20:10:00,2021,5,14,20,10,81,81026,RD999,43.90612,2.29251,Crépuscule ou aube,Hors agglomération,Hors intersection,Temps couvert,Sans collision,3,2,2,0,1,2,1,0,3,90,,1,0,0,1,0,63.0,,,,2,1,1,8,7
202100039979,2021-05-15 11:45:00,2021,5,15,11,45,95,95205,RD316,49.02331,2.386587,Plein jour,Hors agglomération,Hors intersection,Normale,Deux véhicules - côté,3,2,2,0,1,1,1,0,1,-1,,2,1,0,0,1,20.0,58.0,,,1,1,1,1,3
202100039980,2021-05-14 17:45:00,2021,5,14,17,45,02,02303,"autoroute A26, pk 166+900, sens Reims Calais",49.863756,3.236895,Plein jour,Hors agglomération,Hors intersection,Normale,Deux véhicules - arrière,1,3,4,0,1,3,1,0,1,130,,3,1,0,1,1,22.0,60.0,,,1,1,1,1,2
202100039981,2021-05-14 11:30:00,2021,5,14,11,30,43,43262,D912,45.26364,3.414093,Plein jour,Hors agglomération,Intersection en T,Normale,Deux véhicules - arrière,2,1,-1,-1,2,2,1,5,1,-1,,2,1,0,1,0,41.0,46.0,,,1,1,3,1,2
202100039982,2021-05-15 19:45:00,2021,5,15,19,45,974,97422,rue marius et ary lebond,-21.262301,55.523282,Nuit sans éclairage public,En agglomération,Hors intersection,Normale,Deux véhicules - frontale,2,2,2,0,2,3,1,0,1,50,,2,1,1,0,0,37.0,19.0,,,3,2,1,1,1