accident_id,datetime,annee,mois,jour,heure,minute,departement,commune_insee,adresse,latitude,longitude,luminosite,agglomeration,intersection,meteo,collision,catr,circ,nbv,vosp,prof,plan,surf,infra,situ,vma,nb_vehicules,nb_usagers,nb_indemnes,nb_tues,nb_blesses_hosp,nb_blesses_legers,age_cond_1,age_cond_2,veh_type_cond_1,veh_type_cond_2,lum_code,agg_code,int_code,atm_code,col_code
202100039983,2021-05-14 22:25:00,2021,5,14,22,25,972,97221,Sans Pareil,14.509887,-60.962346,Nuit sans éclairage public,En agglomération,Hors intersection,Normale,Sans collision,3,2,2,0,2,3,1,0,3,70,,2,0,0,1,1,52.0,,,,3,2,1,1,7
202100039984,2021-05-14 00:00:00,2021,5,14,0,0,83,83120,Avenue Gaston de Saporta,43.379671,5.699131,Nuit avec éclairage allumé,En agglomération,Hors intersection,Normale,Autre collision,7,2,2,0,1,1,1,0,1,50,,1,0,0,1,0,44.0,,,,5,2,1,1,6
202100039985,2021-05-08 13:55:00,2021,5,8,13,55,56,56014,D769,47.964356,-3.402253,Plein jour,Hors agglomération,Intersection en X,Normale,Deux véhicules - côté,3,2,2,0,2,1,1,0,1,80,,3,0,0,1,2,54.0,48.0,,,1,1,2,1,3
202100039986,2021-05-14 19:35:00,2021,5,14,19,35,56,56031,Le Pratel Locoal,47.818479,-3.014991,Plein jour,Hors agglomération,Intersection en T,Normale,Sans collision,3,2,2,0,1,2,1,0,1,80,,3,2,1,0,0,23.0,,,,1,1,3,1,7
202100039987,2021-05-14 10:00:00,2021,5,14,10,0,77,77032,Bois Saint Pere,48.72034169,3.25479205,Plein jour,Hors agglomération,Intersection en X,Temps couvert,Deux véhicules - frontale,3,2,2,0,2,1,1,0,1,80,,4,3,0,1,0,56.0,22.0,,,1,1,2,8,1
202100039988,2021-05-14 13:40:00,2021,5,14,13,40,79,79123,L'Auzizière,46.734063,-0.67619,Plein jour,Hors agglomération,Hors intersection,Normale,Deux véhicules - frontale,4,2,2,0,1,1,1,0,1,80,,2,1,0,1,0,21.0,39.0,,,1,1,1,1,1
202100039989,2021-05-14 17:40:00,2021,5,14,17,40,79,79210,7 Rue de la Chapelle,46.863239,-0.659909,Plein jour,En agglomération,Hors intersection,Normale,Deux véhicules - frontale,4,2,2,0,1,2,1,0,1,50,,3,2,0,0,1,15.0,49.0,,,1,2,1,1,1
202100039990,2021-05-14 10:55:00,2021,5,14,10,55,2A,2A130,Terra Bella,41.888637,8.81177,Plein jour,En agglomération,Giratoire,Pluie forte,Deux véhicules - côté,3,4,1,0,1,2,4,5,1,50,,2,1,0,0,1,18.0,26.0,,,1,2,6,3,3
202100039991,2021-05-15 11:10:00,2021,5,15,11,10,33,33208,D102e2,45.383456,-0.956127,Plein jour,Hors agglomération,Intersection en X,Pluie légère,Deux véhicules - côté,3,2,2,0,1,1,2,0,1,80,,4,0,0,3,1,54.0,44.0,,,1,1,2,2,3
202100039992,2021-05-15 16:00:00,2021,5,15,16,0,63,63385,D578,45.810697,2.842519,Plein jour,Hors agglomération,Intersection en Y,Pluie forte,Deux véhicules - frontale,3,2,2,0,1,1,2,0,1,80,,2,1,0,1,0,51.0,80.0,,,1,1,4,3,1
202100039993,2021-05-14 14:45:00,2021,5,14,14,45,42,42097,M1082,45.486553,4.333924,Plein jour,Hors agglomération,Hors intersection,Normale,Sans collision,7,2,2,0,2,1,1,0,1,70,,1,0,0,1,0,47.0,,,,1,1,1,1,7
202100039994,2021-05-15 03:30:00,2021,5,15,3,30,22,22079,les quatre vents,48.389917,-2.62732,Nuit sans éclairage public,Hors agglomération,Hors intersection,Pluie légère,Sans collision,3,2,2,0,1,1,2,0,1,80,,1,0,0,0,1,19.0,,,,3,1,1,2,7
202100039995,2021-05-08 18:50:00,2021,5,8,18,50,31,31361,07 Route de TOULOUSE,43.335335,1.321873,Plein jour,Hors agglomération,Hors intersection,Normale,Deux véhicules - côté,3,2,2,0,1,1,1,0,1,80,,2,0,0,1,1,36.0,37.0,,,1,1,1,1,3
202100039996,2021-05-15 10:10:00,2021,5,15,10,10,84,84017,RD 974,44.120435,5.22872,Plein jour,Hors agglomération,Hors intersection,Pluie légère,Deux véhicules - arrière,3,2,2,0,2,1,2,0,1,80,,2,1,0,0,1,71.0,29.0,,,1,1,1,2,2
202100039997,2021-05-13 23:30:00,2021,5,13,23,30,03,03216,D154,46.20846,2.704557,Nuit sans éclairage public,Hors agglomération,Hors intersection,Normale,Sans collision,3,2,2,0,1,2,1,0,3,90,,1,0,0,1,0,49.0,,,,3,1,1,1,7
202100039998,2021-05-15 17:45:00,2021,5,15,17,45,50,50400,carrefour de la D69 et D130,49.396675,-1.419683,Plein jour,Hors agglomération,Intersection en X,Normale,Deux véhicules - côté,3,2,2,0,1,1,1,0,1,80,,7,1,0,0,6,27.0,42.0,,,1,1,2,1,3
202100039999,2021-05-14 21:00:00,2021,5,14,21,0,64,64447,"PK4+350, RD45",43.530975,-0.493779,Plein jour,Hors agglomération,Hors intersection,Normale,Sans collision,3,2,2,0,1,1,1,0,8,80,,1,0,1,0,0,56.0,,,,1,1,1,1,7
202100040000,2021-05-01 20:15:00,2021,5,1,20,15,53,53271,RD 113,48.341917,-0.3,Crépuscule ou aube,Hors agglomération,Hors intersection,Normale,Autre collision,3,2,2,0,2,1,1,0,1,80,,1,0,0,0,1,32.0,,,,2,1,1,1,6
202100040001,2021-05-10 10:25:00,2021,5,10,10,25,37,37179,route départementale,47.4502020364,0.7233917713,Plein jour,Hors agglomération,Hors intersection,Normale,Deux véhicules - côté,7,2,2,0,1,1,1,0,1,80,,2,1,0,0,1,25.0,42.0,,,1,1,1,1,3
202100040002,2021-04-07 15:15:00,2021,4,7,15,15,52,52093,rue de la libération,47.803661,5.439836,Plein jour,En agglomération,Hors intersection,Normale,Deux véhicules - côté,4,2,2,0,1,1,1,0,1,50,,2,1,0,0,1,85.0,,,,1,2,1,1,3
202100040003,2021-05-15 09:30:00,2021,5,15,9,30,69,69019,Autoroute A6,46.105695,4.755986,Plein jour,Hors agglomération,Hors intersection,Pluie légère,Sans collision,1,3,3,3,1,1,2,2,1,130,,1,0,0,0,1,64.0,,,,1,1,1,2,7
202100040004,2021-05-15 09:25:00,2021,5,15,9,25,30,30221,AUTOROUTE A9,44.019368,4.733369,Plein jour,Hors agglomération,Hors intersection,Pluie légère,Sans collision,1,1,4,3,1,1,2,0,2,130,,1,0,1,0,0,72.0,,,,1,1,1,2,7
202100040005,2021-05-14 16:00:00,2021,5,14,16,0,973,97303,RN1 - PK 136+800 - pont counamama,5.450565,-53.13741,Plein jour,Hors agglomération,Hors intersection,Pluie légère,Deux véhicules - frontale,2,2,2,0,1,1,2,2,1,80,,3,2,0,1,0,27.0,27.0,,,1,1,1,2,1
202100040006,2021-05-14 15:55:00,2021,5,14,15,55,77,77344,N330-D41,49.052791,2.786171,Plein jour,Hors agglomération,Intersection en X,Pluie légère,Deux véhicules - côté,2,2,2,0,1,1,2,5,1,80,,2,0,0,1,1,31.0,33.0,,,1,1,2,2,3
202100040007,2021-05-14 13:25:00,2021,5,14,13,25,66,66093,ROUTE D'ARGELES SUR MER,42.547374,2.945194,Plein jour,Hors agglomération,Hors intersection,Vent fort / tempête,Sans collision,4,2,2,0,1,1,1,0,1,80,,1,0,1,0,0,43.0,,,,1,1,1,6,7
202100040008,2021-05-14 14:10:00,2021,5,14,14,10,89,89295,N6,47.831596,3.553391,Plein jour,Hors agglomération,Hors intersection,Pluie légère,Deux véhicules - arrière,2,2,3,0,4,1,2,0,1,90,,2,1,0,0,1,35.0,30.0,,,1,1,1,2,2
202100040009,2021-05-14 21:00:00,2021,5,14,21,0,38,38377,Avenue du Stade,45.5746,5.49473,Crépuscule ou aube,Hors agglomération,Hors intersection,Normale,Autre collision,3,2,2,0,1,3,1,0,3,80,,1,0,1,0,0,36.0,,,,2,1,1,1,6
202100040010,2021-05-14 17:45:00,2021,5,14,17,45,01,01376,Avenue Maurice-Cusin (Pont),45.826138,4.981382,Crépuscule ou aube,En agglomération,Giratoire,Normale,Autre collision,4,2,2,0,1,3,1,2,1,50,,2,1,0,1,0,54.0,,,,2,2,6,1,6
202100040011,2021-05-14 17:50:00,2021,5,14,17,50,17,17036,RD123,45.85469,-0.9798,Plein jour,Hors agglomération,Hors intersection,Temps couvert,Deux véhicules - côté,3,2,2,0,1,3,1,0,1,80,,3,2,0,1,0,27.0,68.0,,,1,1,1,8,3
202100040012,2021-05-14 12:05:00,2021,5,14,12,5,33,33393,avenue françois miterrand,44.989805,-0.199511,Plein jour,En agglomération,Giratoire,Normale,Autre collision,3,2,2,0,1,3,1,5,1,50,,2,1,0,0,1,39.0,,,,1,2,6,1,6
202100040013,2021-05-12 12:15:00,2021,5,12,12,15,59,59541,Rue de Cambrai,50.188591,3.479368,Plein jour,En agglomération,Hors intersection,Normale,Sans collision,3,2,2,0,1,1,1,0,1,50,,1,0,0,1,0,22.0,,,,1,2,1,1,7
202100040014,2021-05-14 18:15:00,2021,5,14,18,15,59,59581,CD122,50.66354,2.762997,Plein jour,Hors agglomération,Hors intersection,Pluie légère,Autre collision,3,2,2,0,1,2,2,0,1,70,,6,4,0,2,0,40.0,21.0,,,1,1,1,2,6
202100040015,2021-05-13 19:25:00,2021,5,13,19,25,83,83035,A50,43.17871,5.76961,Plein jour,Hors agglomération,Hors intersection,Normale,Autre collision,1,3,6,0,1,1,1,0,2,130,,1,0,0,1,0,36.0,,,,1,1,1,1,6
202100040016,2021-05-13 19:55:00,2021,5,13,19,55,69,69029,RD383,45.72872,4.89852,Plein jour,Hors agglomération,Hors intersection,Normale,Sans collision,7,1,2,0,2,2,1,0,2,50,,2,1,0,0,1,18.0,,,,1,1,1,1,7
202100040017,2021-05-12 19:05:00,2021,5,12,19,5,59,59560,AUTOROUTE A1,50.539504,3.051771,Plein jour,Hors agglomération,Hors intersection,Normale,Deux véhicules - arrière,1,3,6,0,1,1,1,0,1,110,,2,1,0,0,1,31.0,32.0,,,1,1,1,1,2
202100040018,2021-05-14 21:05:00,2021,5,14,21,5,91,91377,BRETELLE A10 / RN20,48.72174,2.29527,Plein jour,En agglomération,Hors intersection,Normale,Autre collision,1,2,5,0,1,1,1,0,1,90,,2,1,0,0,1,36.0,,,,1,2,1,1,6
202100040019,2021-05-13 23:24:00,2021,5,13,23,24,92,92002,AUTOROUTE A6,48.7352119004,2.3166453838,Nuit sans éclairage public,Hors agglomération,Hors intersection,Normale,Autre collision,1,1,3,0,1,1,1,2,1,110,,1,0,0,0,1,24.0,,,,3,1,1,1,6
202100040020,2021-05-14 14:55:00,2021,5,14,14,55,95,95582, A15,48.96659,2.25579,Crépuscule ou aube,Hors agglomération,Hors intersection,Pluie forte,Autre collision,1,3,8,0,1,1,2,0,1,110,,2,0,0,0,2,24.0,,,,2,1,1,3,6
202100040021,2021-05-14 13:50:00,2021,5,14,13,50,93,93053,AUTOROUTE A3,48.89294,2.47246,Plein jour,Hors agglomération,Hors intersection,Pluie forte,Sans collision,1,3,10,0,1,1,2,0,1,90,,1,0,0,0,1,25.0,,,,1,1,1,3,7
202100040022,2021-05-12 21:40:00,2021,5,12,21,40,95,95060,A115,49.03347,2.19817,Nuit sans éclairage public,Hors agglomération,Hors intersection,Normale,Deux véhicules - côté,1,3,4,0,1,1,1,0,1,90,,6,2,0,0,4,56.0,27.0,,,3,1,1,1,3
202100040023,2021-05-13 08:00:00,2021,5,13,8,0,976,97611,vahibe-Departementale 3 ( route ),-12.79077,45.18016,Plein jour,Hors agglomération,Hors intersection,Normale,Autre collision,3,2,2,0,1,3,1,0,1,50,,2,1,0,1,0,35.0,,,,1,1,1,1,6
202100040024,2021-05-12 19:05:00,2021,5,12,19,5,92,92078,HENRY BARBUSSE (RUE)(IMPAIRS),48.9363041847,2.332790941,Plein jour,En agglomération,Hors intersection,Normale,Autre collision,6,-1,-1,0,1,1,1,6,4,50,,2,1,0,0,1,39.0,,,,1,2,1,1,6
202100040025,2021-05-12 18:20:00,2021,5,12,18,20,988,98818,RUE LUCIEN HERVOUET,-22.2358,166.44883,Crépuscule ou aube,En agglomération,Hors intersection,Normale,Sans collision,4,2,2,0,1,2,1,0,3,50,,2,1,0,1,0,27.0,,,,2,2,1,1,7
202100040026,2021-05-13 16:05:00,2021,5,13,16,5,976,97611,kaweni-Mangrove ( rue de la ),-12.77582,45.22683,Plein jour,En agglomération,Hors intersection,Normale,Deux véhicules - frontale,2,2,0,0,1,1,1,0,1,50,,2,1,0,0,1,28.0,69.0,,,1,2,1,1,1
202100040027,2021-05-12 07:20:00,2021,5,12,7,20,974,97416,RN2 (1),-21.3481,55.50124,Plein jour,Hors agglomération,Hors intersection,Normale,Deux véhicules - côté,2,2,2,0,1,3,1,2,1,70,,2,1,0,0,1,25.0,38.0,,,1,1,1,1,3
202100040028,2021-05-13 19:35:00,2021,5,13,19,35,973,97302,UNIVERSITE CHICAGO (RUE DE),4.9348165074,-52.2987082833,Nuit avec éclairage allumé,En agglomération,Hors intersection,Temps couvert,Deux véhicules - côté,4,2,2,0,1,1,2,0,1,50,,2,1,0,0,1,42.0,35.0,,,5,2,1,8,3
202100040029,2021-05-13 16:50:00,2021,5,13,16,50,973,97302,SAINT ANTOINE (CHEMIN),4.9289173511,-52.2999377753,Plein jour,En agglomération,Intersection en X,Temps couvert,Deux véhicules - côté,3,2,2,0,1,1,2,0,1,50,,4,2,0,0,2,25.0,21.0,,,1,2,2,8,3
202100040030,2021-05-13 14:15:00,2021,5,13,14,15,973,97302,VIRGILE (AVENUE),4.94111,-52.32103,Plein jour,En agglomération,Hors intersection,Normale,Deux véhicules - côté,3,2,2,2,1,1,1,0,1,50,,2,1,0,0,1,41.0,32.0,,,1,2,1,1,3
202100040031,2021-05-13 11:44:00,2021,5,13,11,44,973,97302,TROUBIRAN (CHEMIN DE),4.9245342347,-52.3036953632,Plein jour,En agglomération,Hors intersection,Normale,Deux véhicules - côté,4,2,2,0,1,1,1,0,1,50,,4,1,0,0,3,24.0,70.0,,,1,2,1,1,3
202100040032,2021-05-13 23:40:00,2021,5,13,23,40,69,69387,MARCEL MERIEUX (R),45.72661,4.8305,Nuit avec éclairage allumé,En agglomération,Intersection en T,Normale,Deux véhicules - côté,4,1,2,1,1,1,1,0,1,50,,2,1,0,0,1,,23.0,,,5,2,3,1,3
202100040033,2021-05-12 09:10:00,2021,5,12,9,10,972,97213,ROUTE NATIONALE 1,14.6187,-61.00535,Plein jour,Hors agglomération,Giratoire,Normale,Deux véhicules - arrière,2,1,2,3,1,2,1,0,1,50,,3,2,0,0,1,70.0,45.0,,,1,1,6,1,2
202100040034,2021-05-12 11:15:00,2021,5,12,11,15,95,95019,SEMARD PIERRE (AVENUE),48.9970270123,2.414932251,Plein jour,En agglomération,Hors intersection,Normale,Autre collision,4,1,1,0,1,1,1,0,1,30,,2,1,0,0,1,34.0,,,,1,2,1,1,6
202100040035,2021-05-11 16:34:00,2021,5,11,16,34,95,95277,EUROPE (ROUTE DE L'),48.9880524355,2.4816226959,Plein jour,En agglomération,Hors intersection,Normale,Deux véhicules - arrière,3,2,4,1,1,1,1,0,5,70,,3,1,1,0,1,23.0,24.0,,,1,2,1,1,2
202100040036,2021-05-13 17:37:00,2021,5,13,17,37,91,91549,ORANGERIE (RUE DE L'),48.639621,2.330821,Plein jour,En agglomération,Hors intersection,Pluie légère,Sans collision,4,1,1,0,1,1,1,0,1,50,,1,0,0,1,0,55.0,,,,1,2,1,2,7
202100040037,2021-05-13 12:30:00,2021,5,13,12,30,91,91549,JEAN MOULIN (AVENUE),48.64791,2.34187,Plein jour,En agglomération,Hors intersection,Normale,Deux véhicules - côté,4,2,2,0,1,1,1,0,4,30,,2,0,0,0,2,20.0,25.0,,,1,2,1,1,3
202100040038,2021-05-13 12:45:00,2021,5,13,12,45,91,91161,NATIONALE 20,48.71431,2.29799,Plein jour,En agglomération,Hors intersection,Normale,Deux véhicules - arrière,3,1,2,0,1,1,1,0,1,50,,2,1,0,0,1,30.0,37.0,,,1,2,1,1,2
202100040039,2021-05-12 17:45:00,2021,5,12,17,45,86,86194,Boulevard Savary,46.57683,0.37809,Plein jour,En agglomération,Intersection en T,Pluie légère,Deux véhicules - côté,4,2,4,0,1,1,2,0,1,50,,3,1,0,0,2,20.0,38.0,,,1,2,3,2,3
202100040040,2021-05-12 11:00:00,2021,5,12,11,0,83,83069,AEROPORT (AVENUE DE L'),43.087,6.145,Plein jour,Hors agglomération,Hors intersection,Normale,Trois véhicules et plus - en chaîne,7,2,2,0,1,1,1,0,1,70,,3,0,0,0,3,49.0,37.0,,,1,1,1,1,4
202100040041,2021-05-13 18:20:00,2021,5,13,18,20,78,78481,R.D. 186,48.88926,2.10384,Plein jour,En agglomération,Intersection à plus de 4 branches,Temps couvert,Deux véhicules - côté,3,4,4,0,1,2,3,0,1,50,,3,2,0,0,1,39.0,27.0,,,1,2,5,8,3
202100040042,2021-05-13 05:25:00,2021,5,13,5,25,74,74133,MARTINET (RUE DU),46.1828,6.2046,Crépuscule ou aube,En agglomération,Hors intersection,Normale,Autre collision,3,2,1,0,1,1,1,0,1,50,,1,0,0,0,1,45.0,,,,2,2,1,1,6
202100040043,2021-05-12 15:50:00,2021,5,12,15,50,71,71540,CENTRE A CENTRE (ROUTE),46.7488738057,4.4415869017,Plein jour,Hors agglomération,Intersection en T,Normale,Deux véhicules - arrière,3,2,2,0,1,1,1,0,1,80,,3,1,0,0,2,39.0,19.0,,,1,1,3,1,2
202100040044,2021-05-13 16:35:00,2021,5,13,16,35,69,69266,FLACHET  (R),45.7677064676,4.889687889,Plein jour,En agglomération,Intersection en X,Pluie légère,Sans collision,4,1,2,1,1,1,2,0,1,50,,1,0,0,0,1,18.0,,,,1,2,2,2,7
202100040045,2021-05-13 19:09:00,2021,5,13,19,9,64,64237,PASTEUR,43.28122,-0.37946,Plein jour,En agglomération,Intersection en T,Temps couvert,Deux véhicules - côté,3,2,2,0,1,1,2,0,1,50,,2,1,0,0,1,17.0,57.0,,,1,2,3,8,3
202100040046,2021-05-13 18:51:00,2021,5,13,18,51,54,54526,TOLSTOI (BOULEVARD),48.68141,6.21604,Plein jour,En agglomération,Hors intersection,Normale,Deux véhicules - côté,4,2,2,0,1,1,1,0,1,50,,2,1,0,0,1,71.0,21.0,,,1,2,1,1,3
202100040047,2021-05-13 15:24:00,2021,5,13,15,24,49,49267,ROMANERIE BOULEVARD,47.48257,-0.50338,Plein jour,En agglomération,Giratoire,Normale,Autre collision,4,-1,2,0,1,1,1,0,1,50,,1,0,0,0,1,23.0,,,,1,2,6,1,6
202100040048,2021-05-13 19:05:00,2021,5,13,19,5,46,46042,Départementale 811,44.48861,1.40806,Plein jour,Hors agglomération,Hors intersection,Pluie légère,Deux véhicules - frontale,3,-1,2,0,1,2,2,2,1,80,,2,1,0,0,1,63.0,33.0,,,1,1,1,2,1
202100040049,2021-05-13 17:00:00,2021,5,13,17,0,42,42187,Rue de Villemontais,46.02648,4.06191,Plein jour,En agglomération,Intersection en T,Normale,Deux véhicules - côté,4,2,2,0,1,1,1,0,1,50,,2,1,0,0,1,23.0,62.0,,,1,2,3,1,3
202100040050,2021-05-13 20:00:00,2021,5,13,20,0,37,37261,CHANOINEAU (RUE),47.3894984138,0.6827100367,Plein jour,En agglomération,Intersection en T,Temps couvert,Sans collision,4,2,2,3,1,1,2,0,1,50,,1,0,0,0,1,27.0,,,,1,2,3,8,7
202100040051,2021-05-13 12:00:00,2021,5,13,12,0,35,35238,R.N. 136,48.14222,-1.65548,Plein jour,Hors agglomération,Hors intersection,Normale,Trois véhicules et plus - en chaîne,2,3,4,0,1,1,1,0,1,90,,5,4,0,0,1,47.0,36.0,,,1,1,1,1,4
202100040052,2021-05-13 11:15:00,2021,5,13,11,15,33,33529,Rue du Captalat,44.632,-1.14278,Plein jour,En agglomération,Intersection en T,Pluie légère,Sans collision,4,1,1,0,1,1,2,0,1,50,,1,0,0,0,1,20.0,,,,1,2,3,2,7
202100040053,2021-05-12 12:10:00,2021,5,12,12,10,31,31149,LAURAGAIS (ALLEE DU),43.6089117703,1.3354121288,Plein jour,En agglomération,Hors intersection,Normale,Autre collision,4,2,2,0,1,1,1,0,1,50,,2,1,0,0,1,13.0,24.0,,,1,2,1,1,6
202100040054,2021-05-03 17:10:00,2021,5,3,17,10,29,29151,Route de Callac,48.569722,-3.805234,Plein jour,En agglomération,Hors intersection,Normale,Deux véhicules - côté,4,2,2,0,1,1,1,0,1,50,,3,1,0,0,2,54.0,25.0,,,1,2,1,1,3
202100040055,2021-05-13 17:10:00,2021,5,13,17,10,29,29019,Rue Anatole France,48.38377,-4.50536,Plein jour,En agglomération,Intersection en T,Normale,Deux véhicules - frontale,4,3,2,0,3,1,1,0,1,50,,3,0,0,0,3,32.0,27.0,,,1,2,3,1,1
202100040056,2021-05-13 17:20:00,2021,5,13,17,20,26,26198,Av la Federation de Montelimar,44.57477,4.73349,Plein jour,Hors agglomération,Hors intersection,Normale,Deux véhicules - côté,3,2,2,0,1,1,1,0,1,80,,2,1,0,0,1,44.0,44.0,,,1,1,1,1,3
202100040057,2021-05-12 16:55:00,2021,5,12,16,55,18,18279,BREL (RUE JACQUES),47.20191,2.07816,Plein jour,En agglomération,Hors intersection,Normale,Deux véhicules - côté,3,2,2,0,1,1,1,0,1,50,,3,2,0,1,0,79.0,16.0,,,1,2,1,1,3
202100040058,2021-05-13 15:00:00,2021,5,13,15,0,14,14701,D275,49.31097,0.0839,Plein jour,Hors agglomération,Intersection en X,Pluie légère,Deux véhicules - côté,3,2,2,0,2,1,2,0,1,80,,2,1,0,0,1,18.0,33.0,,,1,1,2,2,3
202100040059,2021-05-13 21:00:00,2021,5,13,21,0,13,13203,PLOMBIERES (BOULEVARD DES),43.3166,5.3822,Nuit avec éclairage allumé,En agglomération,Hors intersection,Normale,Sans collision,7,-1,2,0,1,1,1,0,1,50,,1,0,0,0,1,21.0,,,,5,2,1,1,7
202100040060,2021-05-13 15:30:00,2021,5,13,15,30,13,13214,ANATOLE DE LA FORGE (BOULEVARD),43.3359,5.3988,Plein jour,En agglomération,Intersection en X,Normale,Deux véhicules - côté,7,2,4,0,1,1,1,0,1,50,,5,0,0,0,5,21.0,54.0,,,1,2,2,1,3
202100040061,2021-05-13 16:45:00,2021,5,13,16,45,13,13208,MENDES FRANCE (AVENUE),43.2567697791,5.3765520327,Plein jour,En agglomération,Hors intersection,Normale,Deux véhicules - côté,4,2,1,1,1,1,1,6,4,10,,2,1,0,0,1,,,,,1,2,1,1,3
202100040062,2021-05-12 16:55:00,2021,5,12,16,55,13,13047,Cabane Noire (Route de la),43.48217,4.9819,Plein jour,Hors agglomération,Autre intersection,Normale,Deux véhicules - côté,7,1,2,0,1,1,1,0,1,50,,2,1,0,0,1,70.0,35.0,,,1,1,9,1,3
202100040063,2021-04-30 05:30:00,2021,4,30,5,30,09,09013,20 (R.N.) COTE NORD DU TUNNEL,42.977308,1.622367,Nuit sans éclairage public,Hors agglomération,Hors intersection,Pluie légère,Deux véhicules - côté,2,2,2,0,1,1,2,2,1,70,,3,0,0,0,3,53.0,38.0,,,3,1,1,2,3
202100040064,2021-05-13 17:20:00,2021,5,13,17,20,06,06004,PAULINE RUE ET JARDIN,43.572864,7.107338,Plein jour,En agglomération,Intersection en T,Normale,Deux véhicules - côté,4,2,2,0,1,1,1,0,1,50,,2,1,0,0,1,32.0,90.0,,,1,2,3,1,3
202100040065,2021-05-13 16:20:00,2021,5,13,16,20,03,03321,RANCY,46.53746,3.36248,Plein jour,En agglomération,Hors intersection,Normale,Deux véhicules - côté,3,2,2,0,1,1,1,0,1,70,,3,2,0,1,0,82.0,37.0,,,1,2,1,1,3
202100040066,2021-05-13 14:00:00,2021,5,13,14,0,75,75119,RUE ALEXANDER FLEMING,48.880844,2.405755,Plein jour,En agglomération,Hors intersection,Normale,Sans collision,4,2,2,0,1,1,1,0,1,50,,2,1,0,0,1,16.0,,,,1,2,1,1,7
202100040067,2021-05-13 11:45:00,2021,5,13,11,45,75,75119,BOULEVARD MACDONALD,48.898759,2.375586,Plein jour,En agglomération,Hors intersection,Normale,Deux véhicules - arrière,4,3,4,0,1,1,1,0,1,50,,2,1,0,0,1,37.0,54.0,,,1,2,1,1,2
202100040068,2021-05-13 10:00:00,2021,5,13,10,0,75,75118,RUE CAULAINCOURT,48.889671,2.33977,Plein jour,En agglomération,Intersection en T,Normale,Deux véhicules - côté,4,2,2,0,1,1,2,0,1,50,,2,1,0,0,1,57.0,34.0,,,1,2,3,1,3
202100040069,2021-05-13 01:10:00,2021,5,13,1,10,75,75118,RUE MARX DORMOY,48.886109,2.359401,Nuit avec éclairage allumé,En agglomération,Intersection en T,Normale,Deux véhicules - côté,4,2,4,0,1,1,1,5,1,50,,2,1,0,0,1,43.0,31.0,,,5,2,3,1,3
202100040070,2021-05-13 11:10:00,2021,5,13,11,10,75,75117,BOULEVARD GOUVION SAINT CYR,48.883112,2.287419,Plein jour,En agglomération,Intersection en X,Normale,Autre collision,4,1,2,0,1,1,1,0,1,30,,2,1,0,0,1,35.0,,,,1,2,2,1,6
202100040071,2021-05-12 19:05:00,2021,5,12,19,5,75,75117,BOULEVARD DE COURCELLES,48.878299,2.298604,Plein jour,En agglomération,Place,Normale,Trois véhicules et plus - collisions multiples,4,2,6,0,1,1,1,0,1,50,,4,3,0,0,1,33.0,59.0,,,1,2,7,1,5
202100040072,2021-05-13 18:45:00,2021,5,13,18,45,75,75110,RUE LA FAYETTE,48.879743,2.358689,Plein jour,En agglomération,Intersection en X,Normale,Deux véhicules - arrière,4,2,4,0,1,1,1,0,1,50,,3,2,0,0,1,32.0,22.0,,,1,2,2,1,2
202100040073,2021-05-12 19:43:00,2021,5,12,19,43,75,75109,BOULEVARD DE CLICHY,48.884103,2.330796,Plein jour,En agglomération,Intersection en T,Normale,Deux véhicules - côté,4,1,1,0,1,1,1,0,1,30,,2,1,0,0,1,53.0,28.0,,,1,2,3,1,3
202100040074,2021-05-12 13:30:00,2021,5,12,13,30,94,94052,Boulevard de Strasbourg,48.845107,2.488953,Plein jour,En agglomération,Hors intersection,Normale,Deux véhicules - côté,3,2,3,1,2,1,1,0,1,50,,2,1,0,0,1,38.0,31.0,,,1,2,1,1,3
202100040075,2021-05-13 18:45:00,2021,5,13,18,45,94,94076,Avenue Louis Aragon,48.78848,2.36723,Plein jour,En agglomération,Hors intersection,Normale,Deux véhicules - frontale,3,-1,2,0,1,1,1,0,1,50,,2,1,0,0,1,64.0,26.0,,,1,2,1,1,1
202100040076,2021-05-13 21:30:00,2021,5,13,21,30,93,93073,Avenue de la Resistance,48.94492,2.56798,Nuit avec éclairage allumé,En agglomération,Hors intersection,Normale,Autre collision,3,-1,2,0,2,3,1,0,1,50,,2,0,0,0,2,20.0,,,,5,2,1,1,6
202100040077,2021-05-13 11:00:00,2021,5,13,11,0,93,93013,Avenue du 8 Mai 1945,48.94097,2.4312,Plein jour,En agglomération,Hors intersection,Normale,Deux véhicules - arrière,3,3,4,0,1,1,1,0,1,50,,5,4,0,0,1,37.0,63.0,,,1,2,1,1,2
202100040078,2021-05-12 18:50:00,2021,5,12,18,50,92,92064,GENERAL LECLERC,48.8414036394,2.2071127346,Plein jour,En agglomération,Autre intersection,Normale,Deux véhicules - côté,3,2,2,1,2,2,1,0,1,50,,3,2,0,0,1,17.0,37.0,,,1,2,9,1,3
202100040079,2021-05-13 16:00:00,2021,5,13,16,0,92,92049,PERI RUE GABRIEL N°38 A 82,48.81908,2.31632,Plein jour,En agglomération,Intersection en T,Normale,Deux véhicules - arrière,3,2,2,0,1,1,1,0,1,50,,2,1,0,0,1,,38.0,,,1,2,3,1,2