accident_id,datetime,annee,mois,jour,heure,minute,departement,commune_insee,adresse,latitude,longitude,luminosite,agglomeration,intersection,meteo,collision,catr,circ,nbv,vosp,prof,plan,surf,infra,situ,vma,nb_vehicules,nb_usagers,nb_indemnes,nb_tues,nb_blesses_hosp,nb_blesses_legers,age_cond_1,age_cond_2,veh_type_cond_1,veh_type_cond_2,lum_code,agg_code,int_code,atm_code,col_code
202100040080,2021-05-13 17:00:00,2021,5,13,17,0,92,92012,ALPHONSE LE GALLO (QUAI) 1/34,48.83465,2.22608,Plein jour,En agglomération,Intersection en T,Temps couvert,Deux véhicules - côté,3,2,4,0,1,1,1,0,1,50,,2,1,0,0,1,81.0,33.0,,,1,2,3,8,3
202100040081,2021-05-13 19:30:00,2021,5,13,19,30,92,92007,BARBUSSE (AVENUE HENRI) N° 1 A 43 ET 2 A,48.79835,2.30899,Crépuscule ou aube,En agglomération,Intersection en X,Normale,Deux véhicules - côté,3,2,2,1,1,1,1,0,1,50,,3,2,0,1,0,44.0,25.0,,,2,2,2,1,3
202100040082,2021-05-13 20:10:00,2021,5,13,20,10,92,92002,ARISTIDE BRIAND (AVENUE),48.75936,2.30732,Crépuscule ou aube,En agglomération,Hors intersection,Normale,Deux véhicules - arrière,3,1,1,1,1,1,1,0,1,50,,2,0,0,0,2,21.0,30.0,,,2,2,1,1,2
202100040083,2021-05-12 15:15:00,2021,5,12,15,15,81,81317,Avenue de Mouzieys,43.890741,2.323458,Plein jour,En agglomération,Intersection en T,Normale,Deux véhicules - frontale,3,2,2,0,1,1,1,0,1,50,,2,1,0,0,1,71.0,14.0,,,1,2,3,1,1
202100040084,2021-05-13 15:25:00,2021,5,13,15,25,972,97220,quartier régale,14.530763,-60.918653,Plein jour,Hors agglomération,Hors intersection,Normale,Deux véhicules - frontale,2,2,2,0,3,2,1,0,1,80,,2,1,1,0,0,25.0,35.0,,,1,1,1,1,1
202100040085,2021-05-13 14:00:00,2021,5,13,14,0,26,26324,A7,44.337478,4.738026,Plein jour,Hors agglomération,Hors intersection,Normale,Trois véhicules et plus - en chaîne,1,3,5,0,1,1,1,0,1,130,,8,6,0,1,1,79.0,31.0,,,1,1,1,1,4
202100040086,2021-05-14 09:55:00,2021,5,14,9,55,55,55400,"AUTOROUTE A4 - PK 277,300",49.142734,5.705225,Plein jour,Hors agglomération,Hors intersection,Normale,Sans collision,1,1,2,0,1,1,1,0,3,130,,4,3,0,0,1,31.0,,,,1,1,1,1,7
202100040087,2021-05-13 04:00:00,2021,5,13,4,0,21,21244,Pk 257+220 - Autoroute A6,47.298223,4.50433,Nuit sans éclairage public,Hors agglomération,Hors intersection,Pluie légère,Deux véhicules - arrière,1,3,4,0,1,1,2,0,1,130,,2,1,0,1,0,64.0,46.0,,,3,1,1,2,2
202100040088,2021-05-14 18:05:00,2021,5,14,18,5,65,65447,Rue de l'Arros,43.187374,0.244832,Plein jour,En agglomération,Hors intersection,Normale,Deux véhicules - frontale,4,2,2,0,2,1,1,0,1,50,,2,1,0,1,0,44.0,14.0,,,1,2,1,1,1
202100040089,2021-05-13 21:30:00,2021,5,13,21,30,58,58295,Bretelle d'accès échangeur 24 Autoroute A77,47.342501,2.927942,Crépuscule ou aube,Hors agglomération,Hors intersection,Pluie légère,Autre collision,1,1,1,0,2,2,2,3,6,-1,,1,0,0,0,1,44.0,,,,2,1,1,2,6
202100040090,2021-05-14 13:55:00,2021,5,14,13,55,56,56078,Kerguéro D765,47.796004,-3.468354,Plein jour,Hors agglomération,Hors intersection,Normale,Deux véhicules - frontale,3,2,2,0,1,1,1,0,1,80,,2,1,0,1,0,46.0,27.0,,,1,1,1,1,1
202100040091,2021-05-14 14:00:00,2021,5,14,14,0,11,11270,Maisons,42.887631,2.637877,Plein jour,Hors agglomération,Hors intersection,Normale,Deux véhicules - frontale,3,2,2,0,1,1,1,0,1,80,,4,1,0,0,3,60.0,23.0,,,1,1,1,1,1
202100040092,2021-05-13 15:00:00,2021,5,13,15,0,55,55579,Chemin de la Tonne,49.135599,5.541615,Plein jour,En agglomération,Hors intersection,Normale,Sans collision,4,2,1,0,2,3,1,0,1,50,,2,0,0,1,1,33.0,,,,1,2,1,1,7
202100040093,2021-05-11 13:15:00,2021,5,11,13,15,47,47086,105 Route du Stade,44.669347,0.185879,Plein jour,Hors agglomération,Hors intersection,Normale,Deux véhicules - côté,3,2,2,0,1,1,1,0,1,80,,3,2,0,0,1,57.0,30.0,,,1,1,1,1,3
202100040094,2021-05-13 18:45:00,2021,5,13,18,45,22,22251,La Ruelle,48.556472,-2.851698,Plein jour,Hors agglomération,Hors intersection,Normale,Sans collision,4,2,2,0,2,3,1,0,1,80,,1,0,0,1,0,56.0,,,,1,1,1,1,7
202100040095,2021-05-13 20:30:00,2021,5,13,20,30,39,39112,,46.862799,5.45794,Crépuscule ou aube,Hors agglomération,Hors intersection,Normale,Autre collision,3,2,2,0,1,2,1,0,3,80,,1,0,0,1,0,56.0,,,,2,1,1,1,6
202100040096,2021-05-13 02:25:00,2021,5,13,2,25,25,25275,16 Rue Principale,47.34243,6.992289,Nuit avec éclairage allumé,En agglomération,Hors intersection,Normale,Autre collision,3,2,2,0,1,3,2,0,1,50,,1,0,0,1,0,21.0,,,,5,2,1,1,6
202100040097,2021-05-14 19:55:00,2021,5,14,19,55,25,25036,Rue du Pont,47.199292,5.961542,Plein jour,En agglomération,Hors intersection,Normale,Sans collision,4,2,2,0,1,1,1,0,8,30,,3,2,1,0,0,20.0,,,,1,2,1,1,7
202100040098,2021-05-12 13:00:00,2021,5,12,13,0,31,31582,30 Rue de la République,43.397174,1.718711,Plein jour,En agglomération,Hors intersection,Normale,Deux véhicules - côté,3,1,1,0,1,1,1,0,1,50,,4,3,0,1,0,57.0,56.0,,,1,2,1,1,3
202100040099,2021-05-13 19:00:00,2021,5,13,19,0,38,38397,Route Departementale 11 B,45.23576,5.829014,Plein jour,Hors agglomération,Hors intersection,Normale,Autre collision,3,2,2,0,1,1,1,0,3,70,,1,0,0,1,0,64.0,,,,1,1,1,1,6
202100040100,2021-05-13 12:40:00,2021,5,13,12,40,01,01314,Route du Pont,46.00342,5.298484,Plein jour,Hors agglomération,Intersection en T,Pluie légère,Deux véhicules - frontale,3,2,2,0,1,1,2,0,1,80,,4,3,0,0,1,40.0,21.0,,,1,1,3,2,1
202100040101,2021-05-14 14:50:00,2021,5,14,14,50,06,06032,23 Route Moyenne Corniche,43.725639,7.406802,Plein jour,En agglomération,Hors intersection,Normale,Autre collision,7,-1,2,0,2,1,1,0,1,50,,6,5,0,1,0,41.0,,,,1,2,1,1,6
202100040102,2021-05-14 12:10:00,2021,5,14,12,10,06,06079,Avenue Marechal Juin,43.536206,6.9349,Plein jour,En agglomération,Hors intersection,Normale,Autre collision,4,1,2,2,1,1,1,0,1,50,,2,1,0,0,1,32.0,,,,1,2,1,1,6
202100040103,2021-05-13 13:40:00,2021,5,13,13,40,05,05146,D1075,44.616947,5.708326,Plein jour,En agglomération,Autre intersection,Normale,Trois véhicules et plus - en chaîne,3,2,2,0,1,3,1,0,1,50,,3,2,0,0,1,27.0,43.0,,,1,2,9,1,4
202100040104,2021-05-12 16:10:00,2021,5,12,16,10,45,45014,rue de la vallée,48.195981,2.383057,Plein jour,En agglomération,Intersection en T,Normale,Deux véhicules - côté,3,2,2,0,1,1,1,0,1,50,,2,1,0,1,0,66.0,13.0,,,1,2,3,1,3
202100040105,2021-05-14 18:30:00,2021,5,14,18,30,73,73010,D54 Rte de Cessens,45.7936760351,5.9254704289,Plein jour,Hors agglomération,Hors intersection,Normale,Deux véhicules - frontale,3,2,2,0,2,1,1,0,1,70,,2,1,0,1,0,16.0,32.0,,,1,1,1,1,1
202100040106,2021-05-13 07:15:00,2021,5,13,7,15,10,10401,Le Noyer Joli,48.231816,4.481311,Plein jour,Hors agglomération,Hors intersection,Pluie légère,Sans collision,3,2,2,0,1,1,2,0,3,80,,1,0,0,1,0,72.0,,,,1,1,1,2,7
202100040107,2021-05-14 12:00:00,2021,5,14,12,0,16,16242,Lieu-Dit La Grange à Pérot,45.991675,0.351171,Plein jour,Hors agglomération,Hors intersection,Normale,Autre collision,4,2,2,0,2,2,1,0,3,80,,1,0,0,1,0,54.0,,,,1,1,1,1,6
202100040108,2021-05-13 15:15:00,2021,5,13,15,15,53,53152,Le Grand Fougerai,47.923036,-0.542386,Plein jour,Hors agglomération,Hors intersection,Temps couvert,Deux véhicules - frontale,3,2,2,0,4,1,1,0,1,80,,6,0,2,2,2,64.0,54.0,,,1,1,1,8,1
202100040109,2021-05-13 20:50:00,2021,5,13,20,50,21,21317,15 Route de Gemeaux,47.513498,5.112893,Crépuscule ou aube,En agglomération,Hors intersection,Pluie légère,Autre collision,3,2,2,0,3,2,2,0,4,50,,2,1,0,1,0,24.0,,,,2,2,1,2,6
202100040110,2021-05-13 18:00:00,2021,5,13,18,0,04,04176,RD 111 A,43.760727,6.149935,Plein jour,En agglomération,Hors intersection,Normale,Autre collision,3,2,2,0,2,3,1,0,3,50,,2,1,0,0,1,32.0,,,,1,2,1,1,6
202100040111,2021-05-14 17:30:00,2021,5,14,17,30,52,52175,N67,48.367968,5.148618,Plein jour,Hors agglomération,Intersection en T,Pluie légère,Deux véhicules - frontale,2,2,2,0,1,1,2,5,1,80,,3,2,0,0,1,16.0,62.0,,,1,1,3,2,1
202100040112,2021-05-14 00:00:00,2021,5,14,0,0,68,68234,A35,47.950069,7.365217,Nuit sans éclairage public,Hors agglomération,Hors intersection,Normale,Deux véhicules - arrière,1,3,4,0,1,1,1,0,1,130,,2,1,0,1,0,30.0,43.0,,,3,1,1,1,2
202100040113,2021-05-14 08:01:00,2021,5,14,8,1,57,57614,PR 028.000 Route Nationale 4,48.754138,7.180059,Plein jour,Hors agglomération,Hors intersection,Normale,Deux véhicules - arrière,2,3,4,0,4,1,1,0,1,110,,2,1,0,1,0,44.0,46.0,,,1,1,1,1,2
202100040114,2021-05-14 06:45:00,2021,5,14,6,45,30,30169,A9 pk 060+500,43.796186,4.306775,Plein jour,Hors agglomération,Hors intersection,Normale,Deux véhicules - arrière,1,3,5,0,1,1,1,0,1,130,,2,1,0,1,0,25.0,33.0,,,1,1,1,1,2
202100040115,2021-05-13 10:15:00,2021,5,13,10,15,988,98803,col de trazegnies,-21.585865,165.505621,Plein jour,Hors agglomération,Hors intersection,Normale,Autre collision,2,2,2,0,2,2,1,0,3,110,,1,0,0,1,0,67.0,,,,1,1,1,1,6
202100040116,2021-05-14 15:30:00,2021,5,14,15,30,974,97418,Route Emile de la Giroday,-20.916148,55.53738,Plein jour,Hors agglomération,Hors intersection,Normale,Deux véhicules - frontale,3,2,2,0,4,3,1,0,1,90,,4,2,0,2,0,51.0,30.0,,,1,1,1,1,1
202100040117,2021-05-06 15:35:00,2021,5,6,15,35,971,97129,viard,16.306674,-61.702301,Plein jour,En agglomération,Hors intersection,Normale,Autre collision,2,2,2,0,2,2,1,0,4,70,,2,0,0,1,1,44.0,,,,1,2,1,1,6
202100040118,2021-05-13 10:30:00,2021,5,13,10,30,29,29233,Rue de Kervail,47.871842,-3.576704,Plein jour,En agglomération,Hors intersection,Temps couvert,Deux véhicules - arrière,4,2,2,0,1,1,2,0,1,50,,2,1,0,0,1,21.0,43.0,,,1,2,1,8,2
202100040119,2021-05-13 18:00:00,2021,5,13,18,0,13,13089,D7N,43.838698,4.940752,Crépuscule ou aube,En agglomération,Giratoire,Normale,Deux véhicules - frontale,3,2,2,0,1,1,1,5,3,50,,1,0,0,1,0,35.0,,,,2,2,6,1,1
202100040120,2021-04-20 07:20:00,2021,4,20,7,20,13,13073,Le Terme,43.385316,5.559345,Plein jour,En agglomération,Hors intersection,Normale,Deux véhicules - arrière,7,2,2,0,2,1,1,0,1,50,,2,1,0,1,0,39.0,16.0,,,1,2,1,1,2
202100040121,2021-05-14 05:38:00,2021,5,14,5,38,13,13097,Avenue Marie Curie,43.621809,4.790393,Nuit avec éclairage allumé,Hors agglomération,Intersection en Y,Normale,Deux véhicules - côté,4,2,2,0,1,1,1,5,1,50,,2,1,0,0,1,51.0,44.0,,,5,1,4,1,3
202100040122,2021-05-12 11:48:00,2021,5,12,11,48,38,38068,RN85,45.098079,5.718727,Plein jour,Hors agglomération,Hors intersection,Normale,Autre collision,9,2,2,1,1,1,1,0,5,80,,1,0,0,1,0,49.0,,,,1,1,1,1,6
202100040123,2021-05-14 16:50:00,2021,5,14,16,50,38,38407,D520a,45.33815,5.661864,Plein jour,Hors agglomération,Hors intersection,Normale,Sans collision,3,2,2,0,2,3,2,0,3,70,,1,0,0,0,1,49.0,,,,1,1,1,1,7
202100040124,2021-05-12 12:00:00,2021,5,12,12,0,69,69189,D386,45.526647,4.867128,Plein jour,En agglomération,Intersection en X,Normale,Autre collision,3,2,2,3,1,1,1,0,8,50,,2,1,0,0,1,23.0,,,,1,2,2,1,6
202100040125,2021-05-13 18:25:00,2021,5,13,18,25,72,72154,Avenue Rhin et Danube,47.700791,-0.089913,Plein jour,En agglomération,Hors intersection,Normale,Deux véhicules - côté,3,2,1,1,1,1,1,0,1,50,,2,1,0,1,0,21.0,28.0,,,1,2,1,1,3
202100040126,2021-05-11 19:15:00,2021,5,11,19,15,72,72237,D69,47.929657,-0.08199,Plein jour,Hors agglomération,Intersection en X,Pluie légère,Deux véhicules - côté,3,2,2,0,1,1,2,0,1,90,,2,1,0,0,1,25.0,33.0,,,1,1,2,2,3
202100040127,2021-05-13 16:30:00,2021,5,13,16,30,22,22118,le perroquet vert,48.44671,-1.974449,Plein jour,Hors agglomération,Intersection en X,Normale,Deux véhicules - côté,3,2,2,0,1,1,1,5,1,80,,3,2,1,0,0,59.0,49.0,,,1,1,2,1,3
202100040128,2021-05-14 10:00:00,2021,5,14,10,0,27,27213,Impasse du Moulin,49.183365,1.663839,Plein jour,En agglomération,Intersection en T,Temps couvert,Autre collision,4,2,-1,-1,1,1,6,9,1,-1,,1,0,1,0,0,75.0,,,,1,2,3,8,6
202100040129,2021-05-12 16:45:00,2021,5,12,16,45,13,13055,A507 sens Aubagne- Marseille,43.33006,5.39219,Plein jour,Hors agglomération,Hors intersection,Normale,Trois véhicules et plus - en chaîne,1,3,3,0,1,1,1,1,1,70,,6,3,0,0,3,29.0,41.0,,,1,1,1,1,4
202100040130,2021-05-12 17:25:00,2021,5,12,17,25,69,69275,RN346 ,45.7771,4.97571,Plein jour,Hors agglomération,Hors intersection,Normale,Trois véhicules et plus - en chaîne,2,3,4,0,1,1,1,0,1,90,,7,3,0,0,4,55.0,23.0,,,1,1,1,1,4
202100040131,2021-05-12 19:30:00,2021,5,12,19,30,78,78490,RN12 INT,48.800274,1.968236,Plein jour,Hors agglomération,Intersection en Y,Normale,Autre collision,2,3,1,0,1,3,1,3,1,50,,1,0,1,0,0,55.0,,,,1,1,4,1,6
202100040132,2021-05-12 17:30:00,2021,5,12,17,30,78,78646,RN12 INT,48.782227,2.162117,Plein jour,Hors agglomération,Hors intersection,Normale,Trois véhicules et plus - en chaîne,2,3,4,0,1,1,1,0,1,110,,7,6,0,0,1,21.0,27.0,,,1,1,1,1,4
202100040133,2021-05-13 19:50:00,2021,5,13,19,50,95,95061,RN 104,49.06826,2.2533,Plein jour,Hors agglomération,Hors intersection,Pluie légère,Autre collision,2,3,4,0,1,1,2,0,1,110,,1,0,0,0,1,26.0,,,,1,1,1,2,6
202100040134,2021-05-13 18:25:00,2021,5,13,18,25,95,95572,RN 184,49.0489,2.13514,Plein jour,Hors agglomération,Hors intersection,Pluie légère,Sans collision,2,3,4,0,2,3,2,0,1,50,,1,0,0,0,1,25.0,,,,1,1,1,2,7
202100040135,2021-05-12 19:20:00,2021,5,12,19,20,94,94028,A86 EXT,48.79425,2.44205,Plein jour,Hors agglomération,Hors intersection,Normale,Autre collision,1,3,3,0,1,1,1,0,1,90,,1,0,0,0,1,22.0,,,,1,1,1,1,6
202100040136,2021-05-13 09:00:00,2021,5,13,9,0,988,98818,VOIE DE DEGAGEMENT EST/RUE DE PRONY,-22.27091,166.46982,Plein jour,Hors agglomération,Giratoire,Normale,Deux véhicules - côté,4,2,2,1,1,1,1,5,5,50,,2,1,0,1,0,73.0,68.0,,,1,1,6,1,3
202100040137,2021-05-12 16:00:00,2021,5,12,16,0,974,97416,RN1 (ROUTE NATIONALE),-21.32566,55.4738,Plein jour,Hors agglomération,Hors intersection,Normale,Deux véhicules - arrière,2,1,2,0,2,1,1,0,1,110,,5,3,0,0,2,62.0,40.0,,,1,1,1,1,2
202100040138,2021-05-11 10:30:00,2021,5,11,10,30,974,97411,RAMBAUD (LEOPOLD),-20.88543,55.47395,Plein jour,En agglomération,Hors intersection,Normale,Deux véhicules - arrière,2,1,4,0,1,1,1,0,1,70,,2,1,0,0,1,65.0,38.0,,,1,2,1,1,2
202100040139,2021-05-09 21:10:00,2021,5,9,21,10,973,97302,DIGUE RONJON,4.9333304936,-52.3317042142,Nuit avec éclairage allumé,En agglomération,Intersection en X,Normale,Autre collision,4,2,1,0,1,1,1,0,1,50,,1,0,0,0,1,29.0,,,,5,2,2,1,6
202100040140,2021-05-12 22:50:00,2021,5,12,22,50,69,69387,UNIVERSITE (DE L') (R),45.74923,4.84194,Nuit avec éclairage allumé,En agglomération,Intersection en T,Normale,Deux véhicules - côté,4,1,3,3,1,1,1,0,1,50,,2,1,0,0,1,29.0,19.0,,,5,2,3,1,3
202100040141,2021-05-12 17:40:00,2021,5,12,17,40,69,69387,CLAUDE BERNARD (Q),45.75298,4.83788,Plein jour,En agglomération,Autre intersection,Temps couvert,Deux véhicules - côté,4,1,3,1,1,1,1,0,5,50,,2,1,0,0,1,28.0,29.0,,,1,2,9,8,3
202100040142,2021-05-12 15:00:00,2021,5,12,15,0,69,69383,FELIX FAURE                         (AV),45.75414,4.86318,Plein jour,En agglomération,Intersection en X,Normale,Deux véhicules - côté,4,2,3,3,1,1,1,0,1,50,,2,0,0,0,2,29.0,25.0,,,1,2,2,1,3
202100040143,2021-05-12 14:00:00,2021,5,12,14,0,69,69383,FIOL (R),45.74926,4.87526,Plein jour,En agglomération,Hors intersection,Normale,Deux véhicules - arrière,4,1,1,0,1,1,1,0,1,50,,2,1,0,0,1,49.0,30.0,,,1,2,1,1,2
202100040144,2021-05-12 07:50:00,2021,5,12,7,50,69,69259,PINEL                               (BD),45.7258781313,4.8871189356,Plein jour,En agglomération,Intersection en X,Normale,Sans collision,4,2,2,0,1,1,1,0,4,50,,1,0,0,0,1,27.0,,,,1,2,2,1,7
202100040145,2021-05-12 06:05:00,2021,5,12,6,5,69,69383,BONNAND (R),45.75033,4.8844,Crépuscule ou aube,En agglomération,Intersection en X,Normale,Deux véhicules - côté,4,1,3,2,1,1,1,0,1,50,,2,1,0,0,1,34.0,57.0,,,2,2,2,1,3
202100040146,2021-05-09 19:30:00,2021,5,9,19,30,69,69389,PARIS (DE) (PL),45.77927,4.80416,Plein jour,En agglomération,Autre intersection,Normale,Sans collision,4,2,2,0,1,1,1,0,1,50,,1,0,0,0,1,40.0,,,,1,2,9,1,7
202100040147,2021-05-11 10:45:00,2021,5,11,10,45,971,97101,PETIT PEROU,16.2548983058,-61.5133950102,Plein jour,Hors agglomération,Giratoire,Normale,Deux véhicules - côté,3,3,2,0,1,1,1,0,1,80,,2,1,0,0,1,23.0,20.0,,,1,1,6,1,3
202100040148,2021-05-12 16:45:00,2021,5,12,16,45,91,91377,AV DES MARTYRS DE SOWETO,48.73395,2.26942,Plein jour,En agglomération,Hors intersection,Normale,Deux véhicules - côté,3,2,3,0,2,1,1,0,8,50,,2,1,0,1,0,43.0,36.0,,,1,2,1,1,3
202100040149,2021-05-11 07:46:00,2021,5,11,7,46,87,87085,RUBEN (AVENUE ERNEST),45.82354,1.25115,Plein jour,En agglomération,Intersection en T,Pluie légère,Autre collision,4,1,2,0,2,1,2,0,1,50,,1,0,0,0,1,29.0,,,,1,2,3,2,6
202100040150,2021-05-12 08:20:00,2021,5,12,8,20,86,86194,Rocade Est,46.553203,0.310013,Plein jour,Hors agglomération,Hors intersection,Pluie légère,Deux véhicules - côté,3,3,5,0,1,1,2,0,1,50,,2,0,0,0,2,53.0,80.0,,,1,1,1,2,3
202100040151,2021-05-05 11:10:00,2021,5,5,11,10,83,83153,MARIE FLICHE BERGIS (AV),43.07492,5.90822,Plein jour,En agglomération,Hors intersection,Normale,Autre collision,4,2,2,0,1,1,1,0,1,30,,2,1,0,0,1,75.0,,,,1,2,1,1,6
202100040152,2021-05-11 09:25:00,2021,5,11,9,25,83,83034,AVENUE VALERANE,43.08975,6.08734,Plein jour,Hors agglomération,Hors intersection,Temps couvert,Autre collision,7,2,2,1,1,1,1,0,5,70,,2,1,0,0,1,30.0,,,,1,1,1,8,6
202100040153,2021-05-13 00:05:00,2021,5,13,0,5,81,81065,RN 112 (ROCADE SUD),43.5837353505,2.227897036,Nuit sans éclairage public,Hors agglomération,Hors intersection,Normale,Sans collision,2,2,2,0,1,3,1,2,1,80,,4,0,1,3,0,28.0,,,,3,1,1,1,7
202100040154,2021-05-09 19:30:00,2021,5,9,19,30,77,77108,CHE DU SEMPIN,48.8974737814,2.5905205109,Plein jour,En agglomération,Hors intersection,Normale,Deux véhicules - arrière,4,2,2,0,1,1,1,0,1,30,,4,2,0,1,1,31.0,41.0,,,1,2,1,1,2
202100040155,2021-05-12 10:10:00,2021,5,12,10,10,76,76540,LYONS LA FORET. RUE DE,49.43657,1.1338,Plein jour,En agglomération,Intersection en T,Normale,Deux véhicules - arrière,2,2,3,3,1,1,1,0,1,50,,3,1,0,0,2,30.0,21.0,,,1,2,3,1,2
202100040156,2021-05-12 10:00:00,2021,5,12,10,0,72,72181,BARTHOLDI FRED AUGUSTE (AV) PAIRS,48.01992,0.15796,Plein jour,En agglomération,Intersection en X,Normale,Deux véhicules - côté,4,2,2,0,1,1,1,0,1,50,,2,1,0,0,1,19.0,39.0,,,1,2,2,1,3
202100040157,2021-05-12 15:30:00,2021,5,12,15,30,71,71306,Boulevard Maugrand,46.677916,4.359369,Plein jour,En agglomération,Hors intersection,Normale,Sans collision,4,2,2,0,1,1,1,0,3,50,,2,1,0,0,1,17.0,,,,1,2,1,1,7
202100040158,2021-05-12 15:20:00,2021,5,12,15,20,69,69264,D504,45.98396,4.74186,Plein jour,En agglomération,Hors intersection,Normale,Deux véhicules - arrière,3,2,3,0,1,1,1,0,1,50,,2,1,0,1,0,21.0,42.0,,,1,2,1,1,2
202100040159,2021-05-09 17:30:00,2021,5,9,17,30,67,67482,RIETH (RUE DU),48.6019222056,7.7207383757,Plein jour,En agglomération,Hors intersection,Normale,Deux véhicules - côté,4,2,4,1,1,1,1,0,1,50,,2,1,0,0,1,28.0,27.0,,,1,2,1,1,3
202100040160,2021-05-12 22:17:00,2021,5,12,22,17,65,65440,TORNE (RUE ABBE),43.23399,0.06965,Nuit avec éclairage allumé,En agglomération,Intersection en X,Normale,Deux véhicules - côté,4,2,2,-1,1,1,2,0,1,30,,3,2,0,0,1,20.0,24.0,,,5,2,2,1,3
202100040161,2021-05-12 18:00:00,2021,5,12,18,0,64,64445,TRESPOEY,43.2986,-0.35679,Plein jour,En agglomération,Hors intersection,Temps couvert,Deux véhicules - arrière,4,2,2,0,1,1,1,0,1,50,,2,1,0,0,1,19.0,54.0,,,1,2,1,8,2
202100040162,2021-05-12 17:50:00,2021,5,12,17,50,64,64445,CARNOT,43.29916,-0.37026,Plein jour,En agglomération,Intersection en T,Pluie légère,Deux véhicules - côté,4,1,2,3,1,1,2,0,1,50,,2,1,0,0,1,24.0,28.0,,,1,2,3,2,3
202100040163,2021-05-12 14:45:00,2021,5,12,14,45,64,64445,FAGET DE BAURE,43.29822,-0.37225,Plein jour,En agglomération,Hors intersection,Temps couvert,Autre collision,4,1,1,0,1,1,1,0,1,30,,2,1,0,0,1,46.0,,,,1,2,1,8,6
202100040164,2021-05-12 05:55:00,2021,5,12,5,55,64,64024,TAILLEUR (RUE DU),43.49117,-1.52495,Nuit avec éclairage allumé,En agglomération,Hors intersection,Normale,Sans collision,4,2,2,0,2,2,1,0,1,50,,1,0,0,0,1,26.0,,,,5,2,1,1,7
202100040165,2021-05-11 22:12:00,2021,5,11,22,12,63,63272,RdPérignat-bretelle A75-Montpellier,45.74315,3.13978,Nuit sans éclairage public,Hors agglomération,Giratoire,Normale,Autre collision,1,1,1,-1,1,3,1,3,4,110,,3,2,0,1,0,20.0,,,,3,1,6,1,6
202100040166,2021-05-11 14:59:00,2021,5,11,14,59,63,63113,BRUGIERE (BD AMBROISE)/jouhaux,45.7921917258,3.1179858954,Plein jour,En agglomération,Intersection en X,Normale,Deux véhicules - côté,7,1,4,0,1,1,1,0,1,50,,4,3,0,0,1,21.0,22.0,,,1,2,2,1,3
202100040167,2021-05-11 11:13:00,2021,5,11,11,13,63,63113,131 SOUS LES VIGNES (RUE),45.80268,3.10754,Plein jour,En agglomération,Intersection en X,Normale,Autre collision,4,2,2,-1,1,1,1,0,1,50,,2,1,0,0,1,44.0,,,,1,2,2,1,6
202100040168,2021-05-12 03:30:00,2021,5,12,3,30,62,62132,MITTERAND ( RUE FRANCOIS ),50.522901,2.869264,Nuit sans éclairage public,En agglomération,Hors intersection,Normale,Sans collision,4,2,2,0,1,2,1,9,4,50,,1,0,0,1,0,16.0,,,,3,2,1,1,7
202100040169,2021-04-29 12:15:00,2021,4,29,12,15,62,62119,BERTHELOT ( RUE MARCELLIN ),50.53266,2.644298,Plein jour,En agglomération,Hors intersection,Normale,Autre collision,4,2,2,0,1,3,1,0,1,50,,2,1,0,0,1,70.0,,,,1,2,1,1,6
202100040170,2021-05-09 17:15:00,2021,5,9,17,15,61,61006,2EME D.B. (AVENUE DE LA),48.73363,-0.03478,Plein jour,En agglomération,Autre intersection,Normale,Deux véhicules - arrière,4,4,1,0,1,3,1,5,1,50,,2,1,0,0,1,83.0,26.0,,,1,2,9,1,2
202100040171,2021-05-10 17:20:00,2021,5,10,17,20,60,60665,Avenue de la Mare Gessart,49.41122,2.77362,Plein jour,Hors agglomération,Giratoire,Normale,Deux véhicules - côté,2,3,4,0,1,1,1,3,1,110,,2,1,0,1,0,18.0,48.0,,,1,1,6,1,3
202100040172,2021-05-11 02:52:00,2021,5,11,2,52,57,57672,VOLKRANGE (ROUTE DE),49.36474,6.09214,Nuit sans éclairage public,En agglomération,Hors intersection,Normale,Autre collision,3,2,2,0,1,3,1,5,1,50,,4,0,0,1,3,16.0,,,,3,2,1,1,6
202100040173,2021-05-12 09:10:00,2021,5,12,9,10,56,56098,N165 sens Nantes/Brest,47.79013,-3.29571,Plein jour,Hors agglomération,Hors intersection,Pluie légère,Trois véhicules et plus - en chaîne,2,3,4,0,1,1,2,9,1,90,,4,3,0,0,1,26.0,57.0,,,1,1,1,2,4
202100040174,2021-05-10 10:57:00,2021,5,10,10,57,56,56098,CROIZAT ( AVE AMBROISE ),47.77442,-3.34669,Plein jour,En agglomération,Intersection en X,Normale,Deux véhicules - côté,3,2,2,0,1,1,1,0,1,50,,2,1,0,0,1,76.0,16.0,,,1,2,2,1,3
202100040175,2021-05-12 19:00:00,2021,5,12,19,0,54,54328,GRANDE RUE,48.62158,6.16064,Plein jour,En agglomération,Intersection en X,Normale,Deux véhicules - côté,4,2,2,0,2,4,1,0,1,30,,2,1,0,0,1,56.0,15.0,,,1,2,2,1,3
202100040176,2021-05-12 14:00:00,2021,5,12,14,0,53,53201,PARIS ( AVENUE DE ),48.06869,-0.8042,Plein jour,En agglomération,Hors intersection,Normale,Deux véhicules - arrière,3,2,3,3,1,1,1,0,6,50,,2,1,0,1,0,65.0,65.0,,,1,2,1,1,2