accident_id,datetime,annee,mois,jour,heure,minute,departement,commune_insee,adresse,latitude,longitude,luminosite,agglomeration,intersection,meteo,collision,catr,circ,nbv,vosp,prof,plan,surf,infra,situ,vma,nb_vehicules,nb_usagers,nb_indemnes,nb_tues,nb_blesses_hosp,nb_blesses_legers,age_cond_1,age_cond_2,veh_type_cond_1,veh_type_cond_2,lum_code,agg_code,int_code,atm_code,col_code
202100040177,2021-05-12 15:01:00,2021,5,12,15,1,51,51454,Rue du Pdt Franklin Roosevelt,49.26258,4.02756,Plein jour,En agglomération,Hors intersection,Normale,Deux véhicules - côté,3,2,2,1,2,1,1,0,1,50,,2,1,0,0,1,29.0,15.0,,,1,2,1,1,3
202100040178,2021-05-11 14:06:00,2021,5,11,14,6,49,49007,PIAF,47.4528,-0.52742,Plein jour,En agglomération,Hors intersection,Normale,Sans collision,4,-1,2,0,1,1,1,0,1,50,,1,0,0,1,0,92.0,,,,1,2,1,1,7
202100040179,2021-05-11 19:15:00,2021,5,11,19,15,49,49015,PLESSE LIEU DIT LA,47.49497,-0.61897,Plein jour,En agglomération,Hors intersection,Normale,Sans collision,4,-1,2,0,1,1,1,0,1,50,,1,0,0,0,1,24.0,,,,1,2,1,1,7
202100040180,2021-05-11 12:46:00,2021,5,11,12,46,49,49007,CARNOT,47.47534,-0.54855,Plein jour,En agglomération,Intersection en T,Normale,Deux véhicules - côté,4,-1,2,0,1,1,1,0,1,50,,2,1,0,0,1,27.0,40.0,,,1,2,3,1,3
202100040181,2021-05-10 16:40:00,2021,5,10,16,40,44,44184,ZOLA (BOULEVARD EMILE),47.2992,-2.19213,Plein jour,En agglomération,Intersection en Y,Normale,Deux véhicules - côté,4,2,2,0,1,1,1,0,1,50,,2,0,0,0,2,42.0,72.0,,,1,2,4,1,3
202100040182,2021-05-11 17:00:00,2021,5,11,17,0,44,44114,ROUTE DE VANNES,47.25308,-1.62528,Plein jour,En agglomération,Hors intersection,Normale,Deux véhicules - arrière,4,2,3,0,1,1,2,0,1,50,,2,1,0,0,1,17.0,56.0,,,1,2,1,1,2
202100040183,2021-05-08 13:50:00,2021,5,8,13,50,42,42218,Route de Condamine,45.4571126077,4.2626926605,Plein jour,Hors agglomération,Hors intersection,Normale,Autre collision,4,-1,2,0,1,2,1,0,3,50,,1,0,1,0,0,22.0,,,,1,1,1,1,6
202100040184,2021-05-12 07:25:00,2021,5,12,7,25,42,42044,Rue de l’Ondaine,45.3940960782,4.303109318,Plein jour,En agglomération,Intersection à plus de 4 branches,Brouillard / fumée,Deux véhicules - côté,7,2,2,0,1,1,1,0,1,50,,2,1,0,0,1,23.0,50.0,,,1,2,5,5,3
202100040185,2021-05-11 15:30:00,2021,5,11,15,30,37,37261,CHEVALLIER (RUE AUGUSTE),47.380728414,0.6795385927,Plein jour,En agglomération,Hors intersection,Normale,Deux véhicules - arrière,4,1,2,3,2,1,1,0,1,30,,2,1,0,0,1,75.0,55.0,,,1,2,1,1,2
202100040186,2021-05-06 10:50:00,2021,5,6,10,50,37,37261,BERANGER (BOULEVARD),47.3899365567,0.6875865113,Plein jour,En agglomération,Hors intersection,Pluie légère,Sans collision,4,-1,2,0,1,1,2,0,1,50,,1,0,0,0,1,21.0,,,,1,2,1,2,7
202100040187,2021-05-10 17:49:00,2021,5,10,17,49,37,37261,DE GAULLE (AVENUE DU GENERAL),47.3809305552,0.6999658942,Plein jour,En agglomération,Intersection en X,Normale,Autre collision,4,2,2,1,1,1,1,0,1,50,,2,1,0,1,0,,,,,1,2,2,1,6
202100040188,2021-05-12 18:45:00,2021,5,12,18,45,35,35051,RN157,48.1146,-1.55944,Crépuscule ou aube,Hors agglomération,Hors intersection,Temps couvert,Deux véhicules - arrière,2,3,4,0,1,1,2,0,1,90,,3,1,0,0,2,62.0,19.0,,,2,1,1,8,2
202100040189,2021-05-12 06:10:00,2021,5,12,6,10,35,35238,SAINT-HELIER,48.10623,-1.66751,Nuit avec éclairage allumé,En agglomération,Hors intersection,Normale,Deux véhicules - côté,4,2,2,1,1,1,1,0,1,30,,2,1,0,0,1,27.0,54.0,,,5,2,1,1,3
202100040190,2021-05-11 19:00:00,2021,5,11,19,0,35,35281,MERMOZ (BD JEAN),48.0964,-1.69264,Plein jour,En agglomération,Intersection en X,Normale,Autre collision,4,2,2,0,2,1,1,0,1,50,,2,1,0,0,1,45.0,,,,1,2,2,1,6
202100040191,2021-05-11 19:15:00,2021,5,11,19,15,33,33522,Cours Gambetta,44.8182414512,-0.5848342009,Plein jour,En agglomération,Intersection en T,Normale,Deux véhicules - côté,4,3,2,3,1,1,1,0,6,50,,2,1,0,0,1,20.0,49.0,,,1,2,3,1,3
202100040192,2021-05-11 16:15:00,2021,5,11,16,15,33,33119,Avenue René Cassagne,44.85656,-0.51593,Plein jour,En agglomération,Intersection en T,Normale,Deux véhicules - arrière,4,2,2,0,1,1,1,0,1,50,,2,0,0,0,2,22.0,41.0,,,1,2,3,1,2
202100040193,2021-05-12 15:03:00,2021,5,12,15,3,32,32013,YSER (AVENUE DE L'),43.65311,0.59524,Plein jour,En agglomération,Intersection en T,Temps couvert,Deux véhicules - côté,2,2,1,0,1,1,1,0,1,50,,4,3,0,0,1,39.0,15.0,,,1,2,3,8,3
202100040194,2021-04-28 14:24:00,2021,4,28,14,24,29,29019,Giratoire de Pen Ar Ch’Leuz,48.4144,-4.4804,Plein jour,En agglomération,Hors intersection,Normale,Deux véhicules - côté,4,-1,3,0,1,2,1,5,1,30,,2,1,0,0,1,27.0,71.0,,,1,2,1,1,3
202100040195,2021-04-26 08:30:00,2021,4,26,8,30,29,29019,Avenue 1ère D.f.l.,48.37646,-4.55298,Plein jour,En agglomération,Autre intersection,Normale,Deux véhicules - frontale,4,2,2,0,1,1,1,0,1,50,,2,0,0,0,2,47.0,33.0,,,1,2,9,1,1
202100040196,2021-05-12 12:35:00,2021,5,12,12,35,27,27681,MENDES FRANCE (AVENUE PIERRE),49.09033,1.48407,Plein jour,En agglomération,Hors intersection,Normale,Deux véhicules - arrière,4,2,2,0,1,1,1,0,1,30,,2,1,0,0,1,59.0,48.0,,,1,2,1,1,2
202100040197,2021-05-11 12:45:00,2021,5,11,12,45,27,27375,PRES (IMPASSE DES),49.21862,1.17508,Plein jour,En agglomération,Hors intersection,Normale,Deux véhicules - côté,4,2,1,0,1,1,1,9,1,50,,2,1,0,0,1,74.0,21.0,,,1,2,1,1,3
202100040198,2021-05-12 16:05:00,2021,5,12,16,5,27,27229,ARTOIS (RUE D'),49.03301,1.1389,Plein jour,En agglomération,Intersection en T,Pluie légère,Deux véhicules - frontale,4,2,2,0,2,1,2,0,1,50,,3,1,0,0,2,15.0,55.0,,,1,2,3,2,1
202100040199,2021-05-12 14:30:00,2021,5,12,14,30,26,26198,Rue Charles Chabert,44.55819,4.7453,Plein jour,En agglomération,Hors intersection,Temps couvert,Autre collision,4,2,2,0,1,1,1,0,1,50,,2,1,0,0,1,75.0,,,,1,2,1,8,6
202100040200,2021-05-12 20:36:00,2021,5,12,20,36,17,17300,05 PK RN237 MOULIN JUSTICE RE,46.17228,-1.18388,Plein jour,Hors agglomération,Hors intersection,Normale,Deux véhicules - arrière,2,3,4,0,1,1,1,0,1,90,,2,1,0,0,1,28.0,60.0,,,1,1,1,1,2
202100040201,2021-05-12 16:30:00,2021,5,12,16,30,17,17300,SARTRE   AVENUE JEAN-PAUL,46.15676,-1.12434,Plein jour,En agglomération,Hors intersection,Normale,Trois véhicules et plus - en chaîne,4,2,3,0,1,1,1,0,1,50,,3,2,0,0,1,19.0,20.0,,,1,2,1,1,4
202100040202,2021-05-12 18:30:00,2021,5,12,18,30,14,14167,D226,49.202221,-0.30657,Plein jour,En agglomération,Hors intersection,Normale,Deux véhicules - côté,3,3,2,0,1,1,1,0,1,50,,1,0,0,1,0,57.0,,,,1,2,1,1,3
202100040203,2021-05-12 20:00:00,2021,5,12,20,0,13,13214,MERLAN (AVENUE),43.33536,5.40736,Crépuscule ou aube,En agglomération,Hors intersection,Normale,Trois véhicules et plus - en chaîne,4,2,2,0,1,1,1,0,1,50,,4,1,0,0,3,,40.0,,,2,2,1,1,4
202100040204,2021-05-12 07:40:00,2021,5,12,7,40,13,13213,CROIX ROUGE (AVENUE),43.33067,5.43071,Plein jour,En agglomération,Hors intersection,Normale,Trois véhicules et plus - en chaîne,7,2,2,0,1,1,1,0,1,50,,3,1,0,0,2,44.0,34.0,,,1,2,1,1,4
202100040205,2021-05-11 17:00:00,2021,5,11,17,0,13,13209,REGNY (TRAVERSE),43.2638124139,5.4190032069,Plein jour,En agglomération,Hors intersection,Normale,Deux véhicules - arrière,4,4,2,0,1,1,1,0,1,50,,2,1,0,0,1,28.0,69.0,,,1,2,1,1,2
202100040206,2021-05-12 19:00:00,2021,5,12,19,0,13,13028,KERGUELEN (RUE),43.182469,5.604105,Plein jour,En agglomération,Hors intersection,Normale,Autre collision,4,1,1,0,1,1,1,1,1,30,,2,1,0,0,1,25.0,,,,1,2,1,1,6
202100040207,2021-05-10 17:40:00,2021,5,10,17,40,13,13028,CROZET (AVENUE LOUIS ),43.1809,5.598,Plein jour,En agglomération,Hors intersection,Pluie légère,Autre collision,7,2,2,0,1,1,2,0,1,30,,3,1,0,0,2,30.0,,,,1,2,1,2,6
202100040208,2021-05-12 13:10:00,2021,5,12,13,10,13,13001,MARSEILLE (ROUTE DE ),43.4770346323,5.4141676845,Plein jour,En agglomération,Hors intersection,Normale,Deux véhicules - arrière,4,2,2,0,1,1,1,0,1,30,,2,1,0,0,1,19.0,41.0,,,1,2,1,1,2
202100040209,2021-05-12 17:05:00,2021,5,12,17,5,11,11069,VILLEMOUSTAUSSOU -ROUTE DE-,43.2324,2.362,Plein jour,En agglomération,Hors intersection,Normale,Deux véhicules - arrière,3,2,2,0,1,1,1,0,1,50,,3,1,0,0,2,33.0,36.0,,,1,2,1,1,2
202100040210,2021-05-11 17:27:00,2021,5,11,17,27,10,10387,DAMPIERRE (QUAI),48.2997,4.07657,Plein jour,En agglomération,Hors intersection,Pluie légère,Autre collision,4,2,2,0,1,1,2,0,1,50,,2,1,0,1,0,79.0,,,,1,2,1,2,6
202100040211,2021-05-12 05:35:00,2021,5,12,5,35,06,06069,PLASCASSIER - LE ROURE DE LA GACHE (ROUT,43.651093,6.960114,Plein jour,Hors agglomération,Hors intersection,Normale,Autre collision,3,2,2,0,2,3,1,0,1,50,,1,0,0,0,1,24.0,,,,1,1,1,1,6
202100040212,2021-05-12 19:15:00,2021,5,12,19,15,06,06027,CANNES AVENUE DE (RN7),43.65334,7.14644,Crépuscule ou aube,En agglomération,Hors intersection,Normale,Deux véhicules - côté,7,2,2,0,2,3,1,0,1,50,,4,2,0,0,2,20.0,41.0,,,2,2,1,1,3
202100040213,2021-05-12 08:00:00,2021,5,12,8,0,06,06123,POMPIDOU GEORGES BOULEVARD,43.6688,7.19539,Plein jour,En agglomération,Giratoire,Normale,Deux véhicules - arrière,7,3,4,0,1,1,1,0,1,50,,2,1,0,0,1,21.0,22.0,,,1,2,6,1,2
202100040214,2021-05-12 08:25:00,2021,5,12,8,25,75,75120,PORTE DE BAGNOLET,48.866942,2.41322,Plein jour,En agglomération,Hors intersection,Normale,Deux véhicules - arrière,4,1,4,0,1,1,1,0,1,70,,3,2,0,0,1,47.0,30.0,,,1,2,1,1,2
202100040215,2021-05-12 07:40:00,2021,5,12,7,40,75,75120,PORTE DE BAGNOLET,48.866942,2.41322,Plein jour,En agglomération,Hors intersection,Normale,Deux véhicules - côté,4,1,4,0,1,1,1,0,1,70,,2,1,0,0,1,26.0,33.0,,,1,2,1,1,3
202100040216,2021-05-11 16:50:00,2021,5,11,16,50,75,75117,BOULEVARD PERIPHERIQUE EXTERIEUR OUEST,48.900673,2.326149,Plein jour,En agglomération,Hors intersection,Normale,Trois véhicules et plus - en chaîne,4,1,4,0,1,1,1,0,1,70,,5,3,0,0,2,49.0,27.0,,,1,2,1,1,4
202100040217,2021-05-11 18:57:00,2021,5,11,18,57,75,75118,BOULEVARD ORNANO,48.892335,2.349067,Plein jour,En agglomération,Intersection en Y,Normale,Autre collision,4,2,5,0,1,1,1,0,1,50,,5,4,0,1,0,23.0,,,,1,2,4,1,6
202100040218,2021-05-12 09:00:00,2021,5,12,9,0,75,75105,BOULEVARD SAINT MARCEL,48.837137,2.353029,Plein jour,En agglomération,Intersection en T,Normale,Deux véhicules - côté,4,2,4,0,1,1,1,0,1,30,,2,1,0,0,1,25.0,26.0,,,1,2,3,1,3
202100040219,2021-05-12 19:50:00,2021,5,12,19,50,75,75119,AVENUE DE FLANDRE,48.894433,2.38149,Plein jour,En agglomération,Intersection en X,Normale,Deux véhicules - côté,4,1,2,0,1,1,1,0,1,50,,2,1,0,0,1,23.0,,,,1,2,2,1,3
202100040220,2021-05-12 18:05:00,2021,5,12,18,5,75,75119,BOULEVARD DE LA VILLETTE,48.884177,2.368592,Plein jour,En agglomération,Intersection en X,Normale,Autre collision,4,1,2,1,1,2,1,0,5,50,,2,1,0,0,1,19.0,,,,1,2,2,1,6
202100040221,2021-05-12 15:20:00,2021,5,12,15,20,75,75117,AVENUE DE VILLIERS,48.884457,2.301147,Plein jour,En agglomération,Intersection en Y,Normale,Deux véhicules - côté,4,2,4,2,1,1,1,0,5,50,,3,2,0,0,1,52.0,18.0,,,1,2,4,1,3
202100040222,2021-05-12 11:20:00,2021,5,12,11,20,75,75114,RUE DU PERE CORENTIN,48.824483,2.328324,Plein jour,En agglomération,Intersection en X,Normale,Autre collision,4,1,3,0,1,1,1,0,1,50,,2,1,0,0,1,30.0,,,,1,2,2,1,6
202100040223,2021-05-12 12:20:00,2021,5,12,12,20,75,75110,RUE LA FAYETTE,48.879477,2.357682,Plein jour,En agglomération,Intersection en X,Normale,Deux véhicules - arrière,4,2,3,0,1,1,1,0,1,50,,2,1,0,0,1,49.0,,,,1,2,2,1,2
202100040224,2021-05-12 15:20:00,2021,5,12,15,20,75,75109,BOULEVARD HAUSSMANN,48.873139,2.331519,Plein jour,En agglomération,Place,Temps couvert,Deux véhicules - arrière,4,1,1,0,1,1,1,0,1,50,,2,1,0,0,1,60.0,26.0,,,1,2,7,8,2
202100040225,2021-05-12 13:20:00,2021,5,12,13,20,75,75104,PONT LOUIS PHILIPPE,48.854371,2.354961,Plein jour,En agglomération,Intersection en X,Normale,Sans collision,4,2,4,1,1,1,1,0,5,30,,1,0,0,0,1,29.0,,,,1,2,2,1,7
202100040226,2021-05-12 06:42:00,2021,5,12,6,42,75,75104,BOULEVARD DU PALAIS,48.856195,2.346482,Plein jour,En agglomération,Intersection en X,Normale,Deux véhicules - côté,4,2,4,3,1,1,1,0,6,50,,2,1,0,0,1,35.0,26.0,,,1,2,2,1,3
202100040227,2021-05-12 17:45:00,2021,5,12,17,45,94,94078,Rue de Paris,48.745175,2.446523,Plein jour,En agglomération,Hors intersection,Normale,Deux véhicules - arrière,2,3,2,0,1,1,1,0,1,50,,3,2,0,0,1,52.0,45.0,,,1,2,1,1,2
202100040228,2021-05-11 18:45:00,2021,5,11,18,45,94,94068,Avenue Gambetta,48.795395,2.494342,Plein jour,En agglomération,Hors intersection,Normale,Autre collision,4,2,2,0,1,1,1,0,1,30,,2,1,0,0,1,48.0,,,,1,2,1,1,6
202100040229,2021-05-12 20:53:00,2021,5,12,20,53,94,94041,STALINGRAD (BD DE),48.80501,2.3767,Plein jour,En agglomération,Hors intersection,Normale,Deux véhicules - côté,3,1,2,0,1,1,1,0,1,50,,3,1,0,1,1,,21.0,,,1,2,1,1,3
202100040230,2021-05-11 16:50:00,2021,5,11,16,50,94,94028,GAULLE(AVENUE DU GENERAL DE),48.7842377248,2.4516892433,Plein jour,En agglomération,Autre intersection,Pluie légère,Deux véhicules - arrière,3,1,3,0,1,2,2,5,1,50,,2,1,0,0,1,19.0,31.0,,,1,2,9,2,2
202100040231,2021-05-12 01:50:00,2021,5,12,1,50,93,93071,Allée Mozart / Avenue Robert Ballanger,48.9370593892,2.5312918425,Nuit avec éclairage allumé,En agglomération,Intersection à plus de 4 branches,Normale,Autre collision,3,1,1,0,2,3,1,5,1,50,,1,0,0,0,1,29.0,,,,5,2,5,1,6
202100040232,2021-05-11 17:00:00,2021,5,11,17,0,93,93066,Boulevard de la Libération,48.928168,2.341324,Plein jour,En agglomération,Hors intersection,Normale,Deux véhicules - côté,3,2,2,0,1,1,1,0,1,50,,2,1,0,0,1,35.0,45.0,,,1,2,1,1,3
202100040233,2021-05-12 13:45:00,2021,5,12,13,45,93,93029,PAUL VAILLANT COUTURIER (BD),48.92348,2.44579,Plein jour,En agglomération,Intersection en X,Normale,Deux véhicules - côté,3,2,1,0,1,1,1,0,1,50,,2,1,0,0,1,21.0,33.0,,,1,2,2,1,3
202100040234,2021-05-12 07:55:00,2021,5,12,7,55,93,93057,EUROPE ( PONT DE L'),48.914654,2.502121,Plein jour,En agglomération,Hors intersection,Normale,Deux véhicules - arrière,4,1,2,0,1,1,1,0,1,50,,2,1,0,0,1,33.0,41.0,,,1,2,1,1,2
202100040235,2021-05-12 07:15:00,2021,5,12,7,15,93,93057,BRIAND ( AV. ARISTIDE) 31 A 91,48.909029,2.50149,Plein jour,En agglomération,Hors intersection,Normale,Deux véhicules - côté,3,-1,0,0,1,1,1,0,1,50,,2,1,0,0,1,56.0,60.0,,,1,2,1,1,3
202100040236,2021-05-12 15:10:00,2021,5,12,15,10,92,92051,"GENERAL LECLERC (BOULEVARD DU, N° 1 A 27",48.8901868021,2.2608044744,Plein jour,En agglomération,Hors intersection,Normale,Autre collision,3,2,4,0,1,1,1,0,1,50,,2,1,0,1,0,53.0,,,,1,2,1,1,6
202100040237,2021-05-12 16:00:00,2021,5,12,16,0,92,92024,JEAN JAURES (BD) DE 47 A 109)   (56 A 14,48.9020485809,2.3045727611,Plein jour,En agglomération,Hors intersection,Normale,Deux véhicules - côté,3,1,3,3,1,1,1,0,6,50,,2,1,0,0,1,8.0,79.0,,,1,2,1,1,3
202100040238,2021-05-12 15:15:00,2021,5,12,15,15,92,92023,PORTE DE TRIVAUX (RUE DE) N°57 A 197 ET,48.7848109699,2.2380142319,Plein jour,En agglomération,Intersection en X,Normale,Deux véhicules - côté,3,2,2,0,1,1,1,0,1,50,,2,1,0,0,1,71.0,40.0,,,1,2,2,1,3
202100040239,2021-05-12 19:45:00,2021,5,12,19,45,92,92012,ALPHONSE LE GALLO (QUAI) 1/34,48.8410777844,2.2251963923,Plein jour,En agglomération,Hors intersection,Normale,Sans collision,3,1,2,0,2,1,1,1,1,50,,2,0,0,0,2,19.0,,,,1,2,1,1,7
202100040240,2021-05-06 19:40:00,2021,5,6,19,40,92,92012,CHARLES DE GAULLE (AVENUE) - COTE PAIR,48.85031,2.23775,Plein jour,En agglomération,Intersection en X,Normale,Deux véhicules - côté,4,-1,2,0,1,1,1,0,1,50,,2,1,0,0,1,31.0,57.0,,,1,2,2,1,3
202100040241,2021-05-12 00:10:00,2021,5,12,0,10,92,92012,QUATRE SEPTEMBRE (QUAI DU),48.8527149803,2.2263729572,Nuit avec éclairage allumé,En agglomération,Intersection en T,Normale,Autre collision,3,3,4,2,1,1,1,5,1,50,,1,0,0,0,1,24.0,,,,5,2,3,1,6
202100040242,2021-05-12 17:30:00,2021,5,12,17,30,92,92002,JEAN MONNET (AVENUE),48.7486,2.30149,Plein jour,En agglomération,Intersection en T,Normale,Deux véhicules - côté,3,2,2,0,1,1,1,5,1,50,,2,1,0,0,1,56.0,52.0,,,1,2,3,1,3
202100040243,2021-05-12 16:15:00,2021,5,12,16,15,11,11281,A61 - PK 294.500,43.261034,2.02348,Plein jour,Hors agglomération,Hors intersection,Normale,Deux véhicules - arrière,1,3,4,0,1,1,1,0,1,-1,,4,3,0,0,1,25.0,32.0,,,1,1,1,1,2
202100040244,2021-05-12 18:37:00,2021,5,12,18,37,68,68300,9 Allée des Alouettes,47.792469,7.380087,Plein jour,En agglomération,Place,Normale,Deux véhicules - frontale,4,2,2,0,1,3,1,0,1,50,,2,1,0,1,0,62.0,15.0,,,1,2,7,1,1
202100040245,2021-05-13 17:25:00,2021,5,13,17,25,86,86233,D8,46.495934,0.626906,Plein jour,Hors agglomération,Hors intersection,Pluie légère,Sans collision,3,2,2,0,2,3,2,0,8,80,,2,0,0,1,1,21.0,,,,1,1,1,2,7
202100040246,2021-05-10 21:47:00,2021,5,10,21,47,42,42182,Route de Saint-Romain,46.06218,3.946865,Nuit sans éclairage public,Hors agglomération,Hors intersection,Pluie légère,Autre collision,3,2,2,0,1,1,2,0,3,80,,1,0,0,1,0,32.0,,,,3,1,1,2,6
202100040247,2021-05-09 16:15:00,2021,5,9,16,15,51,51507,D3,49.102308,4.980412,Plein jour,Hors agglomération,Hors intersection,Normale,Sans collision,3,3,2,0,2,3,1,0,3,70,,1,0,0,0,1,22.0,,,,1,1,1,1,7
202100040248,2021-05-13 01:16:00,2021,5,13,1,16,56,56081,D27,48.076588,-3.657846,Nuit sans éclairage public,Hors agglomération,Hors intersection,Normale,Autre collision,3,2,2,0,1,2,1,0,3,80,,1,0,0,0,1,23.0,,,,3,1,1,1,6
202100040249,2021-05-13 16:15:00,2021,5,13,16,15,81,81309,D15,44.083,1.801419,Plein jour,Hors agglomération,Hors intersection,Pluie légère,Sans collision,3,2,2,0,2,2,2,0,1,80,,2,0,0,2,0,38.0,,,,1,1,1,2,7
202100040250,2021-05-13 04:50:00,2021,5,13,4,50,11,11351,Le Palais,43.0979903398,2.7257251737,Nuit sans éclairage public,Hors agglomération,Intersection en Y,Normale,Autre collision,3,2,2,0,2,2,9,0,3,80,,5,1,0,4,0,19.0,,,,3,1,4,1,6
202100040251,2021-05-12 17:30:00,2021,5,12,17,30,11,11206,Avenue Francois Clamens,43.0628171248,2.2153705362,Plein jour,En agglomération,Hors intersection,Normale,Autre collision,3,2,2,0,1,1,1,0,1,50,,2,1,0,0,1,73.0,,,,1,2,1,1,6
202100040252,2021-05-13 04:30:00,2021,5,13,4,30,11,11156,D48,43.321119,2.251725,Nuit sans éclairage public,Hors agglomération,Hors intersection,Normale,Autre collision,3,2,2,0,3,3,1,0,3,80,,1,0,1,0,0,18.0,,,,3,1,1,1,6
202100040253,2021-05-12 08:55:00,2021,5,12,8,55,63,63180,D20 Route de Joze/ VC,45.8604171087,3.3184200928,Plein jour,Hors agglomération,Intersection en T,Normale,Deux véhicules - arrière,3,2,2,0,1,1,1,0,1,80,,2,1,0,1,0,45.0,70.0,,,1,1,3,1,2
202100040254,2021-05-13 12:40:00,2021,5,13,12,40,55,55244,D108,49.170498,5.599717,Plein jour,Hors agglomération,Hors intersection,Pluie légère,Sans collision,3,2,2,0,1,2,2,0,1,80,,2,0,0,2,0,53.0,,,,1,1,1,2,7
202100040255,2021-05-13 13:50:00,2021,5,13,13,50,49,49228,D441,47.504345,0.133166,Plein jour,Hors agglomération,Hors intersection,Normale,Autre collision,3,2,2,0,1,2,1,0,3,80,,2,0,1,1,0,30.0,,,,1,1,1,1,6
202100040256,2021-05-12 11:00:00,2021,5,12,11,0,42,42323,Avenue de la Libération,45.573828,4.27321,Plein jour,Hors agglomération,Hors intersection,Normale,Deux véhicules - frontale,3,2,2,0,1,1,1,0,1,80,,2,0,0,0,2,38.0,69.0,,,1,1,1,1,1
202100040257,2021-05-13 06:15:00,2021,5,13,6,15,47,47101,212 Pont des Sables,44.463275,0.139365,Crépuscule ou aube,En agglomération,Giratoire,Normale,Sans collision,3,2,2,0,1,1,1,5,1,50,,1,0,0,1,0,22.0,,,,2,2,6,1,7
202100040258,2021-05-12 18:15:00,2021,5,12,18,15,86,86109,D64,46.930001,0.144539,Plein jour,Hors agglomération,Hors intersection,Pluie légère,Sans collision,3,2,2,0,1,2,2,0,3,80,,1,0,0,1,0,57.0,,,,1,1,1,2,7
202100040259,2021-05-13 17:23:00,2021,5,13,17,23,44,44014,1 Les Gros Cailloux,47.11546,-1.482076,Plein jour,Hors agglomération,Hors intersection,Normale,Deux véhicules - côté,3,2,2,0,1,1,1,0,1,80,,3,1,0,0,2,36.0,61.0,,,1,1,1,1,3
202100040260,2021-03-25 18:30:00,2021,3,25,18,30,35,35096,Rue Saint-Pierre,48.073937,-1.396783,Plein jour,En agglomération,Giratoire,Normale,Deux véhicules - côté,3,2,2,0,1,1,1,5,1,50,,2,1,0,1,0,19.0,56.0,,,1,2,6,1,3
202100040261,2021-05-12 22:50:00,2021,5,12,22,50,31,31175,Route Departementale 817,43.112779,0.800039,Nuit sans éclairage public,Hors agglomération,Hors intersection,Pluie légère,Autre collision,3,2,2,0,1,1,2,0,3,80,,1,0,1,0,0,27.0,,,,3,1,1,2,6
202100040262,2021-05-12 22:45:00,2021,5,12,22,45,01,01145,Chemin du Mas Vernon,46.068556,5.204322,Nuit sans éclairage public,En agglomération,Hors intersection,Normale,Deux véhicules - frontale,4,2,2,0,1,1,1,0,1,50,,2,0,0,0,2,16.0,16.0,,,3,2,1,1,1
202100040263,2021-05-13 19:03:00,2021,5,13,19,3,70,70267,Gevigney-et-Mercey,47.794266,5.937652,Plein jour,En agglomération,Hors intersection,Normale,Sans collision,3,2,2,0,1,1,1,9,1,50,,1,0,0,1,0,54.0,,,,1,2,1,1,7
202100040264,2021-05-12 21:45:00,2021,5,12,21,45,58,58021,RD 978A - intersection du lieu -dit La Ponconnerie,46.786764,3.202043,Nuit sans éclairage public,Hors agglomération,Hors intersection,Pluie légère,Deux véhicules - frontale,3,2,2,0,1,1,2,0,1,80,,2,1,0,1,0,17.0,57.0,,,3,1,1,2,1
202100040265,2021-05-13 05:20:00,2021,5,13,5,20,72,72135,La Petite Rochelle,47.804099,0.054228,Nuit sans éclairage public,Hors agglomération,Hors intersection,Pluie légère,Deux véhicules - arrière,3,2,2,0,1,1,1,0,1,90,,2,1,0,0,1,35.0,18.0,,,3,1,1,2,2
202100040266,2021-05-12 17:45:00,2021,5,12,17,45,06,06068,D12,43.733135,6.958058,Plein jour,Hors agglomération,Hors intersection,Normale,Sans collision,3,2,2,0,1,3,1,0,1,80,,1,0,0,0,1,64.0,,,,1,1,1,1,7
202100040267,2021-05-12 09:45:00,2021,5,12,9,45,14,14575,D278,49.300621,0.123746,Plein jour,Hors agglomération,Hors intersection,Normale,Sans collision,3,2,2,0,1,2,1,0,3,80,,1,0,0,0,1,15.0,,,,1,1,1,1,7
202100040268,2021-05-12 16:45:00,2021,5,12,16,45,50,50029,Mont Eglise,48.600644,-0.832642,Plein jour,En agglomération,Hors intersection,Normale,Deux véhicules - côté,3,2,2,0,2,1,1,9,1,50,,2,0,0,1,1,31.0,52.0,,,1,2,1,1,3
202100040269,2021-05-12 21:45:00,2021,5,12,21,45,60,60477,Route du Vivier Danger,49.4338127002,1.9225945471,Nuit avec éclairage allumé,Hors agglomération,Hors intersection,Normale,Autre collision,2,2,2,0,1,3,1,0,3,50,,3,1,0,1,1,26.0,,,,5,1,1,1,6
202100040270,2021-05-12 07:10:00,2021,5,12,7,10,64,64513,RD 933,43.430229,-0.936268,Plein jour,Hors agglomération,Hors intersection,Normale,Trois véhicules et plus - collisions multiples,3,2,2,0,2,3,2,0,1,80,,3,1,1,0,1,58.0,31.0,,,1,1,1,1,5
202100040271,2021-05-03 17:00:00,2021,5,3,17,0,43,43268,Chemin de la Galoche,45.145166,4.121241,Plein jour,En agglomération,Giratoire,Normale,Deux véhicules - côté,4,1,1,0,1,1,1,0,1,50,,3,2,0,1,0,28.0,19.0,,,1,2,6,1,3
202100040272,2021-05-13 11:15:00,2021,5,13,11,15,07,07343,D104,44.537219,4.346273,Plein jour,Hors agglomération,Hors intersection,Normale,Deux véhicules - côté,3,2,2,0,1,2,1,0,1,80,,3,2,0,1,0,23.0,24.0,,,1,1,1,1,3