accident_id,datetime,annee,mois,jour,heure,minute,departement,commune_insee,adresse,latitude,longitude,luminosite,agglomeration,intersection,meteo,collision,catr,circ,nbv,vosp,prof,plan,surf,infra,situ,vma,nb_vehicules,nb_usagers,nb_indemnes,nb_tues,nb_blesses_hosp,nb_blesses_legers,age_cond_1,age_cond_2,veh_type_cond_1,veh_type_cond_2,lum_code,agg_code,int_code,atm_code,col_code
202100040273,2021-05-13 13:05:00,2021,5,13,13,5,53,53137,D57,48.072717,-0.905342,Plein jour,Hors agglomération,Hors intersection,Normale,Deux véhicules - arrière,3,3,4,0,2,1,1,0,1,110,,2,1,0,1,0,20.0,25.0,,,1,1,1,1,2
202100040274,2021-05-13 15:30:00,2021,5,13,15,30,04,04158,RD 11,43.71714,6.046557,Plein jour,Hors agglomération,Hors intersection,Normale,Sans collision,3,2,2,0,2,1,1,0,3,80,,1,0,0,1,0,54.0,,,,1,1,1,1,7
202100040275,2021-05-13 16:00:00,2021,5,13,16,0,85,85059,Avenue Georges Clemenceau,46.652754,-0.747253,Plein jour,En agglomération,Giratoire,Normale,Sans collision,4,2,2,0,1,2,1,0,1,-1,,1,0,0,1,0,28.0,,,,1,2,6,1,7
202100040276,2021-05-12 03:17:00,2021,5,12,3,17,17,17471,pk 2 D950,46.065504,-0.316865,Nuit sans éclairage public,Hors agglomération,Hors intersection,Normale,Autre collision,3,2,2,0,1,1,1,0,1,90,,2,1,1,0,0,31.0,,,,3,1,1,1,6
202100040277,2021-05-13 17:00:00,2021,5,13,17,0,30,30339,D986,44.086367,3.580781,Plein jour,Hors agglomération,Hors intersection,Normale,Sans collision,3,2,2,0,4,4,1,0,3,80,,2,0,1,0,1,29.0,,,,1,1,1,1,7
202100040278,2021-05-12 22:45:00,2021,5,12,22,45,30,30037,Hameau de Foussignargues,44.287448,4.124309,Nuit avec éclairage allumé,Hors agglomération,Hors intersection,Normale,Autre collision,3,2,2,0,1,1,1,0,1,50,,3,0,0,3,0,19.0,,,,5,1,1,1,6
202100040279,2021-05-13 13:10:00,2021,5,13,13,10,30,30294,Route de Bagnols,44.130363,4.124068,Plein jour,Hors agglomération,Hors intersection,Normale,Deux véhicules - côté,3,2,1,0,1,1,1,0,1,70,,2,1,0,1,0,73.0,66.0,,,1,1,1,1,3
202100040280,2021-05-13 13:30:00,2021,5,13,13,30,24,24207,Les Crouzilles,44.806476,1.268339,Plein jour,Hors agglomération,Hors intersection,Temps couvert,Deux véhicules - frontale,4,2,2,0,1,1,1,0,1,80,,2,1,0,1,0,61.0,16.0,,,1,1,1,8,1
202100040281,2021-05-13 15:15:00,2021,5,13,15,15,74,74010,"Rte de Chaux, D1201",45.838981,6.059421,Plein jour,Hors agglomération,Hors intersection,Normale,Deux véhicules - arrière,3,2,2,0,2,2,1,0,1,50,,2,1,0,1,0,33.0,21.0,,,1,1,1,1,2
202100040282,2021-05-13 15:00:00,2021,5,13,15,0,06,06085,D6185,43.607608,6.984062,Plein jour,Hors agglomération,Hors intersection,Normale,Autre collision,3,3,1,0,3,2,1,0,2,90,,2,0,0,2,0,25.0,,,,1,1,1,1,6
202100040283,2021-05-13 11:14:00,2021,5,13,11,14,972,97230,D 2 Boulevard François Mitterand,14.761173,-60.915445,Plein jour,En agglomération,Hors intersection,Normale,Sans collision,3,2,2,0,1,1,1,0,1,-1,,1,0,0,1,0,26.0,,,,1,2,1,1,7
202100040284,2021-05-12 19:25:00,2021,5,12,19,25,28,28372,rue des murgers,48.654321,1.584472,Plein jour,En agglomération,Hors intersection,Normale,Autre collision,3,2,2,0,2,2,1,0,3,50,,1,0,0,1,0,50.0,,,,1,2,1,1,6
202100040285,2021-05-12 19:40:00,2021,5,12,19,40,77,77270,D15,48.843311,2.990599,Plein jour,Hors agglomération,Hors intersection,Normale,Deux véhicules - frontale,3,2,2,0,1,2,1,0,1,80,,3,0,0,2,1,30.0,27.0,,,1,1,1,1,1
202100040286,2021-05-13 07:30:00,2021,5,13,7,30,68,68143,Route départementale 4,48.111013,7.404356,Plein jour,Hors agglomération,Hors intersection,Normale,Trois véhicules et plus - en chaîne,3,2,2,0,1,1,1,0,1,-1,,4,3,0,1,0,53.0,52.0,,,1,1,1,1,4
202100040287,2021-05-13 08:35:00,2021,5,13,8,35,60,60009,Ancienne Route de Paris,49.405553,2.11953,Plein jour,En agglomération,Giratoire,Temps couvert,Autre collision,3,1,4,0,1,3,2,5,1,50,,1,0,0,0,1,23.0,,,,1,2,6,8,6
202100040288,2021-05-12 13:50:00,2021,5,12,13,50,13,13215,A7-Sens Marseille vers Lyon,43.35325,5.36506,Plein jour,Hors agglomération,Hors intersection,Normale,Trois véhicules et plus - en chaîne,1,1,3,0,1,1,1,0,1,90,,3,1,0,0,2,58.0,24.0,,,1,1,1,1,4
202100040289,2021-05-12 16:10:00,2021,5,12,16,10,33,33080,AUTOROUTE A 62,44.758326,-0.545944,Plein jour,Hors agglomération,Hors intersection,Pluie légère,Deux véhicules - arrière,1,3,4,0,1,1,2,0,1,130,,2,1,0,0,1,44.0,56.0,,,1,1,1,2,2
202100040290,2021-05-12 03:15:00,2021,5,12,3,15,91,91549,RN 104,48.62484,2.33241,Nuit sans éclairage public,Hors agglomération,Hors intersection,Normale,Sans collision,2,3,4,0,1,2,1,0,8,90,,1,0,0,0,1,41.0,,,,3,1,1,1,7
202100040291,2021-05-12 17:00:00,2021,5,12,17,0,91,91689,AUTOROUTE A6,48.7266,2.31361,Plein jour,Hors agglomération,Hors intersection,Normale,Deux véhicules - arrière,1,1,3,0,1,1,1,0,1,110,,2,1,0,0,1,29.0,71.0,,,1,1,1,1,2
202100040292,2021-05-12 19:10:00,2021,5,12,19,10,92,92036,AUTOROUTE A86,48.9334085389,2.3213132742,Plein jour,Hors agglomération,Hors intersection,Normale,Trois véhicules et plus - collisions multiples,1,2,6,0,1,3,1,0,1,90,,3,2,0,0,1,30.0,41.0,,,1,1,1,1,5
202100040293,2021-05-12 11:50:00,2021,5,12,11,50,93,93008,AUTOROUTE A86,48.90864,2.44954,Plein jour,Hors agglomération,Hors intersection,Normale,Trois véhicules et plus - en chaîne,1,3,7,0,1,1,1,1,1,90,,3,2,0,0,1,39.0,61.0,,,1,1,1,1,4
202100040294,2021-05-12 17:40:00,2021,5,12,17,40,94,94028,A86 INT,48.78877,2.44009,Plein jour,Hors agglomération,Hors intersection,Normale,Deux véhicules - arrière,1,3,3,0,1,1,1,0,1,90,,2,1,0,0,1,36.0,29.0,,,1,1,1,1,2
202100040295,2021-04-16 11:00:00,2021,4,16,11,0,78,78545,PERI (RUE GABRIEL),48.802954,2.059738,Plein jour,En agglomération,Intersection en Y,Normale,Autre collision,3,2,2,0,1,1,1,0,1,50,,2,0,0,2,0,20.0,,,,1,2,4,1,6
202100040296,2021-02-22 21:45:00,2021,2,22,21,45,06,06012,GUYNEMER (BOULEVARD),43.7487005,7.428802,Nuit avec éclairage allumé,En agglomération,Hors intersection,Normale,Deux véhicules - côté,3,2,2,0,1,4,1,0,1,30,,2,0,0,0,2,22.0,26.0,,,5,2,1,1,3
202100040297,2021-02-11 10:30:00,2021,2,11,10,30,06,06030,SADI CARNOT (BOULEVARD),43.572744,7.016206,Plein jour,En agglomération,Autre intersection,Temps éblouissant,Autre collision,4,3,4,0,1,1,1,9,1,50,,2,1,0,0,1,67.0,,,,1,2,9,7,6
202100040298,2021-02-28 14:40:00,2021,2,28,14,40,03,03310,SOURCE DE L'HOPITAL (RUE DE LA),46.12194,3.42145,Plein jour,En agglomération,Hors intersection,Normale,Autre collision,4,2,2,0,2,3,1,0,1,50,,3,1,0,1,1,28.0,,,,1,2,1,1,6
202100040299,2021-02-14 11:48:00,2021,2,14,11,48,03,03023,Avenue Fernand Auberger,46.114092,3.411336,Plein jour,En agglomération,Intersection en X,Normale,Autre collision,3,2,2,0,1,1,1,0,1,50,,2,0,0,1,1,74.0,,,,1,2,2,1,6
202100040300,2021-02-19 16:00:00,2021,2,19,16,0,94,94011,BICENTENAIRE.(AVENUE DU),48.7647,2.48805,Plein jour,En agglomération,Autre intersection,Normale,Autre collision,6,-1,0,0,1,1,1,0,1,10,,2,1,0,0,1,40.0,,,,1,2,9,1,6
202100040301,2021-05-11 08:35:00,2021,5,11,8,35,974,97416,BASSIN PLAT(CHEMIN),-21.332291,55.498153,Plein jour,Hors agglomération,Hors intersection,Normale,Deux véhicules - frontale,4,2,2,0,1,1,1,0,1,50,,5,4,0,1,0,34.0,37.0,,,1,1,1,1,1
202100040302,2021-05-11 07:15:00,2021,5,11,7,15,974,97416,DAMBREVILLE (AVENUE DU DR.),-21.339182,55.490016,Plein jour,Hors agglomération,Hors intersection,Normale,Deux véhicules - côté,4,2,2,0,2,1,1,0,1,50,,2,1,0,1,0,19.0,42.0,,,1,1,1,1,3
202100040303,2021-05-11 19:10:00,2021,5,11,19,10,974,97411,EUCALYPTUS (ROUTE DES),-20.88721,55.43391,Nuit sans éclairage public,En agglomération,Hors intersection,Normale,Deux véhicules - frontale,3,2,3,0,3,4,1,0,1,70,,3,1,0,1,1,59.0,45.0,,,3,2,1,1,1
202100040304,2021-05-11 13:20:00,2021,5,11,13,20,974,97411,JAURES (BOULEVARD JEAN),-20.90078,55.4971,Plein jour,En agglomération,Autre intersection,Normale,Deux véhicules - côté,4,-1,2,0,1,1,1,9,1,30,,1,0,0,0,1,38.0,,,,1,2,9,1,3
202100040305,2021-05-10 17:45:00,2021,5,10,17,45,974,97411,JAURES (BLD 2 JEAN),-20.901,55.496,Plein jour,En agglomération,Hors intersection,Normale,Deux véhicules - arrière,4,3,4,0,1,1,1,0,1,50,,2,1,0,0,1,22.0,46.0,,,1,2,1,1,2
202100040306,2021-05-11 20:22:00,2021,5,11,20,22,973,97302,MARINGOUINS (ROND-POINT),4.90698,-52.32226,Nuit avec éclairage allumé,Hors agglomération,Giratoire,Pluie légère,Deux véhicules - arrière,2,1,1,0,1,3,2,9,1,30,,3,2,0,0,1,53.0,35.0,,,5,1,6,2,2
202100040307,2021-05-11 20:10:00,2021,5,11,20,10,69,69387,CLAUDE BERNARD (Q),45.75221,4.83679,Crépuscule ou aube,En agglomération,Hors intersection,Temps couvert,Sans collision,4,2,2,1,1,2,2,0,5,30,,2,0,0,0,2,20.0,,,,2,2,1,8,7
202100040308,2021-05-11 19:45:00,2021,5,11,19,45,69,69386,DUQUESNE (R),45.77253,4.84311,Plein jour,En agglomération,Intersection en X,Normale,Deux véhicules - côté,4,1,2,3,1,1,1,0,1,50,,2,1,0,0,1,29.0,45.0,,,1,2,2,1,3
202100040309,2021-05-11 18:15:00,2021,5,11,18,15,69,69199,LOUIS GIRARDET (R),45.7055340489,4.8554557576,Plein jour,En agglomération,Intersection en X,Normale,Deux véhicules - côté,7,2,2,0,1,1,1,5,1,50,,4,2,0,0,2,20.0,44.0,,,1,2,2,1,3
202100040310,2021-05-11 15:50:00,2021,5,11,15,50,69,69388,JEAN MERMOZ  (AV),45.73551,4.87205,Plein jour,En agglomération,Autre intersection,Pluie légère,Deux véhicules - côté,4,2,4,3,1,1,2,0,6,50,,3,1,0,0,2,68.0,36.0,,,1,2,9,2,3
202100040311,2021-05-11 08:20:00,2021,5,11,8,20,69,69386,DUQUESNE (R),45.77246,4.8431,Plein jour,En agglomération,Intersection en X,Pluie légère,Deux véhicules - côté,4,2,4,3,1,1,2,0,1,50,,2,1,0,0,1,55.0,26.0,,,1,2,2,2,3
202100040312,2021-05-11 16:40:00,2021,5,11,16,40,972,97213,AUTOROUTE (A1),14.6045,-61.0028,Plein jour,Hors agglomération,Hors intersection,Normale,Deux véhicules - côté,1,3,6,3,2,1,1,0,1,90,,2,1,0,1,0,57.0,29.0,,,1,1,1,1,3
202100040313,2021-05-10 22:00:00,2021,5,10,22,0,69,69385,CHEMIN NEUF (DU)                    (MO),45.76205,4.82602,Nuit avec éclairage allumé,En agglomération,Hors intersection,Pluie forte,Sans collision,4,2,3,1,2,3,3,0,1,50,,1,0,0,0,1,21.0,,,,5,2,1,3,7
202100040314,2021-05-10 19:55:00,2021,5,10,19,55,91,91471,FERME (RUE DE LA),48.68481,2.18361,Crépuscule ou aube,En agglomération,Intersection en X,Normale,Deux véhicules - côté,4,2,4,0,1,1,1,5,1,50,,2,1,0,0,1,57.0,36.0,,,2,2,2,1,3
202100040315,2021-05-10 16:15:00,2021,5,10,16,15,88,88383,rue des etats unis,48.01634,6.58516,Plein jour,En agglomération,Intersection en Y,Pluie légère,Autre collision,3,2,2,0,1,1,2,0,1,50,,3,2,0,0,1,37.0,,,,1,2,4,2,6
202100040316,2021-05-11 08:00:00,2021,5,11,8,0,87,87085,VICTOR SCHOELCHER (RUE),45.815192,1.224626,Plein jour,En agglomération,Hors intersection,Pluie légère,Deux véhicules - arrière,4,2,2,0,1,3,2,0,1,50,,2,1,0,0,1,22.0,48.0,,,1,2,1,2,2
202100040317,2021-05-09 05:10:00,2021,5,9,5,10,87,87085,ERIC TABARLY (RUE),45.84295,1.20069,Nuit avec éclairage allumé,En agglomération,Hors intersection,Normale,Autre collision,4,2,2,0,1,3,1,0,1,50,,6,0,0,3,3,17.0,,,,5,2,1,1,6
202100040318,2021-05-11 20:15:00,2021,5,11,20,15,81,81065,HENRI  IV (RUE),43.60637,2.2411,Crépuscule ou aube,En agglomération,Intersection en X,Normale,Deux véhicules - côté,3,1,2,0,1,1,1,0,1,50,,4,3,0,0,1,57.0,19.0,,,2,2,2,1,3
202100040319,2021-05-08 07:40:00,2021,5,8,7,40,80,80131,MANASSES BARBIER (RUE),49.8500394642,2.377038002,Plein jour,Hors agglomération,Hors intersection,Pluie légère,Autre collision,4,2,2,0,1,4,9,0,1,30,,3,2,0,1,0,21.0,,,,1,1,1,2,6
202100040320,2021-05-08 16:30:00,2021,5,8,16,30,80,80021,SAINT PIERRE (CHAUSSEE),49.90393,2.30829,Plein jour,En agglomération,Hors intersection,Temps couvert,Autre collision,4,2,3,0,1,1,1,0,1,50,,2,1,0,0,1,35.0,,,,1,2,1,8,6
202100040321,2021-05-11 12:40:00,2021,5,11,12,40,74,74010,JOSEPH DESSAIX,45.90913,6.12463,Plein jour,En agglomération,Hors intersection,Pluie légère,Deux véhicules - côté,4,2,2,0,1,1,2,0,1,30,,2,1,0,1,0,25.0,28.0,,,1,2,1,2,3
202100040322,2021-05-11 13:15:00,2021,5,11,13,15,69,69282,JEAN JAURES (R),45.77757,5.02091,Plein jour,En agglomération,Intersection en T,Normale,Deux véhicules - côté,4,2,2,1,1,1,1,0,5,50,,2,1,0,0,1,34.0,22.0,,,1,2,3,1,3
202100040323,2021-05-11 05:05:00,2021,5,11,5,5,69,69092,STADE PIERRE MONTMARTIN (DU) (R),46.00077,4.71756,Nuit avec éclairage allumé,En agglomération,Giratoire,Pluie légère,Deux véhicules - côté,4,2,2,0,1,3,2,0,1,50,,2,1,0,0,1,48.0,52.0,,,5,2,6,2,3
202100040324,2021-05-10 17:15:00,2021,5,10,17,15,68,68066,TURENNE (RUE DE),48.07324,7.35957,Plein jour,En agglomération,Intersection en T,Pluie légère,Deux véhicules - côté,4,2,2,0,1,1,2,6,4,30,,2,1,0,1,0,23.0,13.0,,,1,2,3,2,3
202100040325,2021-05-08 20:00:00,2021,5,8,20,0,67,67365,GENERAL LECLERC (RUE DU),48.55298,7.71238,Crépuscule ou aube,En agglomération,Passage à niveau,Normale,Deux véhicules - arrière,4,3,4,0,1,1,1,4,1,50,,3,0,0,0,3,45.0,16.0,,,2,2,8,1,2
202100040326,2021-05-07 12:30:00,2021,5,7,12,30,67,67482,KOENIGSHOFFEN (RUE DE),48.5809521748,7.7270435398,Plein jour,En agglomération,Hors intersection,Normale,Deux véhicules - arrière,4,2,3,0,1,1,1,0,1,50,,2,1,0,0,1,57.0,,,,1,2,1,1,2
202100040327,2021-05-11 13:50:00,2021,5,11,13,50,64,64024,Avenue de Bayonne,43.48123,-1.51113,Plein jour,En agglomération,Hors intersection,Normale,Sans collision,3,3,4,3,1,1,1,0,1,50,,2,0,0,0,2,58.0,,,,1,2,1,1,7
202100040328,2021-05-10 08:00:00,2021,5,10,8,0,64,64024,BUTTE AUX CAILLES (ROND POINT DE LA),43.49683,-1.50965,Plein jour,En agglomération,Giratoire,Normale,Deux véhicules - côté,4,2,2,0,1,3,1,0,1,50,,2,1,0,0,1,33.0,17.0,,,1,2,6,1,3
202100040329,2021-05-10 15:40:00,2021,5,10,15,40,63,63113,LAVOISIERS (BD)/Diomède,45.7840175715,3.0761650176,Plein jour,En agglomération,Intersection en X,Pluie forte,Autre collision,7,1,3,0,1,1,2,0,1,50,,2,1,0,0,1,26.0,,,,1,2,2,3,6
202100040330,2021-05-10 07:39:00,2021,5,10,7,39,63,63113,MOULIN (BD JEAN)/Parlette,45.77692,3.11769,Plein jour,En agglomération,Intersection en X,Normale,Deux véhicules - arrière,7,2,4,0,1,1,1,0,1,50,,5,1,0,0,4,45.0,24.0,,,1,2,2,1,2
202100040331,2021-05-08 15:25:00,2021,5,8,15,25,63,63113,AULTERIBE (RUE),45.81238,3.12811,Plein jour,En agglomération,Hors intersection,Normale,Autre collision,4,2,2,0,1,1,1,0,1,50,,2,1,0,0,1,50.0,79.0,,,1,2,1,1,6
202100040332,2021-05-07 16:56:00,2021,5,7,16,56,63,63113,MITTERRAND (BD FRANCOIS),45.77093,3.08779,Plein jour,En agglomération,Hors intersection,Normale,Autre collision,4,2,2,0,1,1,1,0,1,50,,4,3,0,0,1,21.0,26.0,,,1,2,1,1,6
202100040333,2021-04-09 11:30:00,2021,4,9,11,30,62,62498,LETIENNE (R JEAN),50.428843,2.824966,Plein jour,En agglomération,Hors intersection,Normale,Deux véhicules - côté,4,2,2,0,1,1,1,0,1,50,,2,1,0,1,0,57.0,16.0,,,1,2,1,1,3
202100040334,2021-05-04 16:55:00,2021,5,4,16,55,60,60382,Avenue Raymond Poincaré,49.4232731426,2.8241944312,Plein jour,En agglomération,Hors intersection,Temps éblouissant,Autre collision,3,2,2,0,1,1,1,0,1,50,,2,1,0,1,0,61.0,,,,1,2,1,7,6
202100040335,2021-05-11 13:45:00,2021,5,11,13,45,59,59043,LILLE (RUE DE),50.7365,2.7395,Plein jour,En agglomération,Hors intersection,Normale,Autre collision,3,2,2,0,2,1,1,0,4,50,,2,1,0,0,1,62.0,,,,1,2,1,1,6
202100040336,2021-05-10 17:00:00,2021,5,10,17,0,57,57672,METZ (ROUTE DE),49.35081,6.1601,Plein jour,En agglomération,Hors intersection,Normale,Autre collision,3,-1,1,3,1,1,1,6,4,50,,2,1,0,0,1,47.0,,,,1,2,1,1,6
202100040337,2021-05-10 07:50:00,2021,5,10,7,50,51,51454,Place Stalingrad,49.25147,4.02334,Plein jour,En agglomération,Place,Normale,Sans collision,4,1,2,0,2,1,1,-1,1,30,,1,0,0,1,0,44.0,,,,1,2,7,1,7
202100040338,2021-05-10 15:37:00,2021,5,10,15,37,49,49007,HANNELOUP,47.468027,-0.546658,Plein jour,En agglomération,Hors intersection,Normale,Deux véhicules - côté,4,-1,2,0,1,1,1,0,1,50,,3,1,0,0,2,58.0,55.0,,,1,2,1,1,3
202100040339,2021-05-09 11:13:00,2021,5,9,11,13,49,49007,COMMERCE,47.47509,-0.54981,Plein jour,En agglomération,Hors intersection,Normale,Deux véhicules - côté,4,-1,2,0,1,1,1,0,1,50,,2,1,0,0,1,56.0,25.0,,,1,2,1,1,3
202100040340,2021-05-10 17:05:00,2021,5,10,17,5,45,45235,Avenue Charles de Gaulle,47.95224,1.8425,Plein jour,En agglomération,Hors intersection,Normale,Deux véhicules - côté,7,1,2,0,1,2,1,0,1,50,,2,1,0,0,1,30.0,26.0,,,1,2,1,1,3
202100040341,2021-05-11 17:45:00,2021,5,11,17,45,45,45338,Rue des Camélias,47.9932030096,2.6784034797,Plein jour,Hors agglomération,Intersection en T,Normale,Sans collision,4,2,2,0,1,2,1,0,1,50,,1,0,0,0,1,48.0,,,,1,1,3,1,7
202100040342,2021-05-11 18:45:00,2021,5,11,18,45,35,35238,SOLFERINO (BD),48.10448,-1.66864,Plein jour,En agglomération,Intersection en T,Normale,Deux véhicules - côté,4,2,2,0,1,1,1,0,1,50,,3,2,0,0,1,38.0,20.0,,,1,2,3,1,3
202100040343,2021-05-11 09:25:00,2021,5,11,9,25,34,34198,D66  VOIE RAPIDE,43.565294,3.957701,Plein jour,Hors agglomération,Hors intersection,Normale,Deux véhicules - arrière,7,1,2,0,1,1,1,0,1,90,,2,1,0,0,1,46.0,55.0,,,1,1,1,1,2
202100040344,2021-05-09 09:25:00,2021,5,9,9,25,33,33032,Avenue Félix Cailleau,44.90397,-0.51813,Plein jour,En agglomération,Intersection en Y,Normale,Deux véhicules - côté,4,3,4,0,3,2,1,0,1,50,,2,1,0,0,1,27.0,69.0,,,1,2,4,1,3
202100040345,2021-05-07 15:00:00,2021,5,7,15,0,33,33249,Avenue de la Libération,44.87441,-0.51969,Plein jour,En agglomération,Intersection en T,Normale,Autre collision,4,3,4,3,1,1,1,0,1,50,,2,1,0,1,0,57.0,,,,1,2,3,1,6
202100040346,2021-05-04 23:29:00,2021,5,4,23,29,33,33522,Rue Lafitte,44.79693,-0.58564,Nuit avec éclairage allumé,En agglomération,Intersection en X,Pluie légère,Deux véhicules - côté,4,2,2,0,1,1,2,0,1,50,,2,0,0,0,2,30.0,32.0,,,5,2,2,2,3
202100040347,2021-05-11 15:22:00,2021,5,11,15,22,32,32013,ROUGET DE LISLE,43.64562,0.59105,Plein jour,En agglomération,Hors intersection,Normale,Deux véhicules - arrière,3,2,2,0,1,1,1,0,1,50,,3,2,0,0,1,15.0,56.0,,,1,2,1,1,2
202100040348,2021-05-11 08:45:00,2021,5,11,8,45,29,29019,Avenue de Tallinn,48.38951,-4.52022,Plein jour,En agglomération,Giratoire,Normale,Deux véhicules - côté,4,2,2,0,3,2,1,5,1,50,,2,1,0,0,1,44.0,29.0,,,1,2,6,1,3
202100040349,2021-05-11 08:40:00,2021,5,11,8,40,26,26198,178 Route de Chateauneuf,44.5279,4.7345,Plein jour,En agglomération,Giratoire,Pluie légère,Deux véhicules - côté,3,1,2,1,1,4,2,0,1,50,,2,1,0,0,1,29.0,36.0,,,1,2,6,2,3
202100040350,2021-05-10 16:40:00,2021,5,10,16,40,19,19031,GRIVEL (BOULEVARD AMIRAL),45.15669,1.54032,Plein jour,En agglomération,Intersection en T,Normale,Autre collision,4,2,2,0,1,1,1,0,1,50,,4,1,0,3,0,85.0,,,,1,2,3,1,6
202100040351,2021-05-11 16:25:00,2021,5,11,16,25,14,14118,Rue Saint-Pierre,49.18334,-0.3634,Plein jour,En agglomération,Hors intersection,Normale,Autre collision,4,-1,1,3,1,1,1,0,6,30,,2,1,0,0,1,41.0,,,,1,2,1,1,6
202100040352,2021-05-03 23:35:00,2021,5,3,23,35,14,14543,N13,49.19415,-0.44469,Nuit sans éclairage public,Hors agglomération,Hors intersection,Vent fort / tempête,Sans collision,2,-1,1,0,1,1,1,8,3,70,,1,0,0,1,0,29.0,,,,3,1,1,6,7
202100040353,2021-05-08 02:17:00,2021,5,8,2,17,13,13213,JEAN PAUL SARTRE (AVENUE),43.322347,5.41825,Nuit avec éclairage allumé,En agglomération,Hors intersection,Normale,Autre collision,7,1,2,0,1,1,1,0,1,50,,2,1,0,1,0,,,,,5,2,1,1,6
202100040354,2021-05-11 17:00:00,2021,5,11,17,0,13,13215,RUE LE CHATELIER,43.346963,5.367877,Plein jour,En agglomération,Hors intersection,Normale,Trois véhicules et plus - collisions multiples,7,2,0,0,1,1,1,0,1,50,,4,3,0,1,0,36.0,45.0,,,1,2,1,1,5
202100040355,2021-05-11 12:40:00,2021,5,11,12,40,13,13203,FÉLIX PYAT (RUE),43.3169,5.37392,Plein jour,En agglomération,Hors intersection,Normale,Deux véhicules - frontale,4,2,2,0,1,1,1,0,1,50,,2,1,0,0,1,,,,,1,2,1,1,1
202100040356,2021-05-11 08:30:00,2021,5,11,8,30,13,13213,VALDONNE (AVENUE DE),43.324228,5.415398,Plein jour,En agglomération,Hors intersection,Normale,Deux véhicules - arrière,4,-1,2,0,1,1,1,0,1,50,,2,1,0,0,1,34.0,,,,1,2,1,1,2
202100040357,2021-05-11 08:30:00,2021,5,11,8,30,13,13002,ENCO DE BOTTE (RTE),43.322904744,5.4797471414,Plein jour,En agglomération,Hors intersection,Normale,Deux véhicules - côté,4,2,2,0,1,1,1,0,1,50,,2,0,0,0,2,45.0,36.0,,,1,2,1,1,3
202100040358,2021-05-10 14:30:00,2021,5,10,14,30,13,13205,JEAN MOULIN (BOULEVARD),43.2898624926,5.4000498802,Plein jour,En agglomération,Hors intersection,Pluie forte,Deux véhicules - arrière,4,1,3,0,1,1,2,0,1,50,,2,1,0,1,0,30.0,25.0,,,1,2,1,3,2
202100040359,2021-05-11 07:40:00,2021,5,11,7,40,11,11069,BUNAU VARILLA -AV-,43.20743,2.33612,Plein jour,En agglomération,Hors intersection,Pluie légère,Trois véhicules et plus - en chaîne,4,2,2,0,1,1,2,0,1,50,,3,2,0,1,0,60.0,25.0,,,1,2,1,2,4
202100040360,2021-05-11 16:25:00,2021,5,11,16,25,06,06069,BAUDOIN (AVENUE YVES EMMAUEL)  -D2085-,43.657715,6.918747,Plein jour,En agglomération,Hors intersection,Normale,Deux véhicules - côté,3,2,2,0,2,3,1,0,1,50,,2,1,0,0,1,30.0,28.0,,,1,2,1,1,3
202100040361,2021-05-11 15:40:00,2021,5,11,15,40,06,06069,GRILLONS (RUE DES),43.64852,6.9111,Plein jour,En agglomération,Autre intersection,Pluie légère,Deux véhicules - arrière,4,2,2,0,1,1,2,0,1,30,,2,1,0,0,1,92.0,46.0,,,1,2,9,2,2
202100040362,2021-05-11 10:50:00,2021,5,11,10,50,06,06027,DONAT AVENUE DOCTEUR MAURICE,43.660811,7.147707,Plein jour,En agglomération,Hors intersection,Pluie légère,Autre collision,4,3,2,0,2,2,2,0,1,50,,2,1,0,0,1,58.0,,,,1,2,1,2,6
202100040363,2021-05-11 08:00:00,2021,5,11,8,0,03,03185,CONSTANS ( RUE PAUL ),46.34245,2.59013,Plein jour,En agglomération,Intersection en T,Temps couvert,Deux véhicules - côté,3,2,2,0,1,1,1,0,1,50,,3,2,0,0,1,50.0,29.0,,,1,2,3,8,3
202100040364,2021-05-10 12:00:00,2021,5,10,12,0,75,75106,BOULEVARD DU MONTPARNASSE,48.844309,2.322543,Plein jour,En agglomération,Hors intersection,Normale,Autre collision,4,2,6,3,1,1,1,0,6,50,,1,0,0,0,1,22.0,,,,1,2,1,1,6
202100040365,2021-05-11 17:30:00,2021,5,11,17,30,75,75120,RUE DE BAGNOLET,48.861806,2.405866,Plein jour,En agglomération,Intersection en Y,Normale,Deux véhicules - côté,4,2,2,0,2,1,1,0,1,30,,3,1,0,0,2,35.0,27.0,,,1,2,4,1,3
202100040366,2021-05-09 13:10:00,2021,5,9,13,10,75,75120,RUE D AVRON,48.853181,2.408812,Plein jour,En agglomération,Intersection en T,Normale,Deux véhicules - côté,4,2,2,0,1,1,1,0,1,50,,2,1,0,0,1,23.0,27.0,,,1,2,3,1,3
202100040367,2021-05-11 09:00:00,2021,5,11,9,0,75,75119,RUE MANIN,48.884352,2.391315,Plein jour,En agglomération,Intersection en T,Normale,Deux véhicules - arrière,4,2,2,0,1,1,1,0,1,30,,2,1,0,0,1,20.0,54.0,,,1,2,3,1,2
202100040368,2021-05-11 19:30:00,2021,5,11,19,30,75,75113,BOULEVARD VINCENT AURIOL,48.83712,2.37336,Plein jour,En agglomération,Hors intersection,Normale,Autre collision,4,3,2,0,1,1,1,0,4,50,,2,1,0,0,1,18.0,,,,1,2,1,1,6
202100040369,2021-05-10 08:45:00,2021,5,10,8,45,75,75113,BOULEVARD AUGUSTE BLANQUI,48.829929,2.34731,Plein jour,En agglomération,Intersection en T,Temps couvert,Autre collision,4,3,2,0,2,1,2,0,4,50,,2,1,0,0,1,41.0,,,,1,2,3,8,6