accident_id,datetime,annee,mois,jour,heure,minute,departement,commune_insee,adresse,latitude,longitude,luminosite,agglomeration,intersection,meteo,collision,catr,circ,nbv,vosp,prof,plan,surf,infra,situ,vma,nb_vehicules,nb_usagers,nb_indemnes,nb_tues,nb_blesses_hosp,nb_blesses_legers,age_cond_1,age_cond_2,veh_type_cond_1,veh_type_cond_2,lum_code,agg_code,int_code,atm_code,col_code
202100040370,2021-05-11 17:40:00,2021,5,11,17,40,75,75110,RUE DES ECLUSES SAINT MARTIN,48.87733,2.36586,Plein jour,En agglomération,Intersection en X,Normale,Autre collision,4,1,2,0,1,1,1,0,1,30,,2,1,0,0,1,44.0,,,,1,2,2,1,6
202100040371,2021-05-11 17:40:00,2021,5,11,17,40,75,75109,RUE D AMSTERDAM,48.881267,2.327084,Plein jour,En agglomération,Intersection en T,Normale,Autre collision,4,2,2,1,2,1,1,0,5,50,,2,1,0,1,0,17.0,,,,1,2,3,1,6
202100040372,2021-05-11 13:57:00,2021,5,11,13,57,75,75108,AVENUE DE MARIGNY,48.868569,2.314425,Plein jour,En agglomération,Hors intersection,Pluie légère,Autre collision,4,2,2,0,1,1,2,0,1,50,,2,1,0,0,1,56.0,,,,1,2,1,2,6
202100040373,2021-05-11 09:00:00,2021,5,11,9,0,75,75108,AVENUE DES CHAMPS ELYSEES,48.867793,2.313913,Plein jour,En agglomération,Intersection en X,Normale,Deux véhicules - côté,4,2,8,1,1,1,1,5,5,50,,2,1,0,0,1,61.0,34.0,,,1,2,2,1,3
202100040374,2021-05-11 08:26:00,2021,5,11,8,26,75,75108,AVENUE DES CHAMPS ELYSEES,48.870545,2.305292,Plein jour,En agglomération,Intersection en X,Normale,Deux véhicules - côté,4,2,10,1,2,1,1,0,5,50,,2,1,0,0,1,50.0,49.0,,,1,2,2,1,3
202100040375,2021-05-10 22:05:00,2021,5,10,22,5,94,94068,Avenue du Bac,48.79704,2.50485,Nuit avec éclairage allumé,En agglomération,Intersection en X,Normale,Deux véhicules - côté,3,2,2,0,1,1,1,0,1,30,,2,1,0,0,1,24.0,21.0,,,5,2,2,1,3
202100040376,2021-05-10 12:30:00,2021,5,10,12,30,94,94068,DIDEROT (AV),48.802,2.487,Plein jour,En agglomération,Intersection en X,Normale,Deux véhicules - côté,3,1,1,0,1,1,1,0,1,30,,2,1,0,0,1,52.0,84.0,,,1,2,2,1,3
202100040377,2021-05-10 17:00:00,2021,5,10,17,0,94,94028,Rue de Brie,48.7845415008,2.4699446253,Plein jour,En agglomération,Hors intersection,Normale,Deux véhicules - arrière,4,1,1,0,1,1,1,0,1,50,,2,1,0,0,1,59.0,,,,1,2,1,1,2
202100040378,2021-05-11 15:10:00,2021,5,11,15,10,94,94022,Boulevard de Stalingrad,48.76816,2.40304,Plein jour,En agglomération,Hors intersection,Pluie légère,Sans collision,3,1,2,0,1,1,2,0,1,50,,3,2,0,0,1,50.0,,,,1,2,1,2,7
202100040379,2021-05-11 17:50:00,2021,5,11,17,50,93,93059,LENINE (AVENUE) N°36 AU 120 ET N°45 AU 1,48.95479,2.35733,Plein jour,En agglomération,Hors intersection,Normale,Deux véhicules - côté,3,1,2,0,1,1,1,0,1,50,,2,1,0,0,1,32.0,59.0,,,1,2,1,1,3
202100040380,2021-05-11 17:21:00,2021,5,11,17,21,93,93070,SEINE (QUAI DE),48.91466,2.31958,Plein jour,En agglomération,Hors intersection,Normale,Deux véhicules - côté,3,2,3,0,1,1,1,0,1,50,,2,1,0,0,1,47.0,28.0,,,1,2,1,1,3
202100040381,2021-05-11 13:25:00,2021,5,11,13,25,93,93064,Rue du Général Leclerc,48.868207,2.492044,Plein jour,En agglomération,Hors intersection,Temps couvert,Autre collision,3,1,1,1,2,3,2,0,1,50,,2,1,0,0,1,37.0,,,,1,2,1,8,6
202100040382,2021-05-11 16:40:00,2021,5,11,16,40,93,93053,STEPHENSON (SQUARE),48.88742,2.46269,Plein jour,En agglomération,Hors intersection,Normale,Autre collision,4,2,1,0,1,2,1,0,8,50,,2,1,0,0,1,22.0,,,,1,2,1,1,6
202100040383,2021-05-11 09:15:00,2021,5,11,9,15,93,93050,LEON BLUM (AVENUE),48.86758,2.53277,Plein jour,En agglomération,Hors intersection,Normale,Autre collision,3,2,2,0,1,1,1,0,1,50,,4,1,0,0,3,77.0,,,,1,2,1,1,6
202100040384,2021-05-10 19:50:00,2021,5,10,19,50,93,93063,METZ AVENUE DE,48.8833,2.4333,Plein jour,En agglomération,Intersection en T,Normale,Deux véhicules - arrière,4,1,3,3,1,1,1,9,1,50,,3,1,0,0,2,24.0,21.0,,,1,2,3,1,2
202100040385,2021-05-10 11:39:00,2021,5,10,11,39,93,93032,"JULES GUESDES  (RUE,A PARTIR 98, COTE IM",48.87902,2.54769,Plein jour,En agglomération,Autre intersection,Normale,Autre collision,6,2,2,0,2,1,1,9,8,30,,3,1,0,0,2,55.0,,,,1,2,9,1,6
202100040386,2021-05-11 18:20:00,2021,5,11,18,20,93,93027,Rue Raspail,48.92331,2.39521,Plein jour,En agglomération,Hors intersection,Temps couvert,Deux véhicules - côté,3,2,2,0,1,1,1,8,1,50,,2,1,0,0,1,46.0,59.0,,,1,2,1,8,3
202100040387,2021-05-11 12:34:00,2021,5,11,12,34,93,93005,ARTHUR CHEVALIER (RUE),48.927189,2.508655,Plein jour,En agglomération,Hors intersection,Normale,Autre collision,4,2,2,0,1,1,1,0,1,50,,2,1,0,0,1,59.0,,,,1,2,1,1,6
202100040388,2021-05-11 20:50:00,2021,5,11,20,50,92,92049,BROSSOLETTE AVENUE PIERRE,48.8211615352,2.3126408458,Crépuscule ou aube,En agglomération,Hors intersection,Normale,Deux véhicules - côté,3,2,4,1,1,1,1,0,1,50,,2,1,0,0,1,31.0,39.0,,,2,2,1,1,3
202100040389,2021-05-11 16:50:00,2021,5,11,16,50,92,92012,DENFERT ROCHEREAU (RUE),48.8476376616,2.2423662656,Plein jour,En agglomération,Intersection en Y,Temps couvert,Autre collision,4,2,2,0,1,1,1,9,8,50,,1,0,0,0,1,84.0,,,,1,2,4,8,6
202100040390,2021-05-11 17:50:00,2021,5,11,17,50,02,02776,A26 PK149+400 sens REIMS/CALAIS,50.007077,3.175006,Plein jour,Hors agglomération,Hors intersection,Normale,Sans collision,1,3,4,0,2,1,1,0,1,130,,1,0,0,0,1,47.0,,,,1,1,1,1,7
202100040391,2021-05-12 13:10:00,2021,5,12,13,10,06,06161,624 Avenue des Ferrayonnes,43.656224,7.130314,Plein jour,En agglomération,Hors intersection,Normale,Autre collision,4,2,2,0,1,1,1,0,1,30,,2,1,0,0,1,22.0,,,,1,2,1,1,6
202100040392,2021-05-11 15:20:00,2021,5,11,15,20,18,18200,Route Départementae 59,47.282876,2.865232,Plein jour,Hors agglomération,Hors intersection,Pluie légère,Deux véhicules - frontale,3,2,2,0,2,3,2,0,1,80,,3,1,0,2,0,26.0,35.0,,,1,1,1,2,1
202100040393,2021-05-02 14:15:00,2021,5,2,14,15,59,59631,62 Rue de Cambrai,50.073248,3.329461,Plein jour,En agglomération,Autre intersection,Normale,Autre collision,3,2,2,0,1,2,1,0,4,50,,2,1,0,0,1,38.0,,,,1,2,9,1,6
202100040394,2021-05-06 16:50:00,2021,5,6,16,50,59,59223,Route de Landrecies,50.103673,3.719655,Plein jour,En agglomération,Hors intersection,Normale,Deux véhicules - frontale,3,2,2,0,1,4,2,0,1,50,,2,1,0,1,0,37.0,29.0,,,1,2,1,1,1
202100040395,2021-05-12 08:09:00,2021,5,12,8,9,19,19006,RD 102E,45.574722,2.207544,Plein jour,Hors agglomération,Hors intersection,Normale,Deux véhicules - frontale,3,2,2,0,2,2,1,0,1,90,,2,1,0,1,0,53.0,14.0,,,1,1,1,1,1
202100040396,2021-05-11 19:00:00,2021,5,11,19,0,56,56118,Rue François le Levé,47.724348,-3.339774,Plein jour,En agglomération,Hors intersection,Normale,Sans collision,4,2,2,0,2,1,1,0,1,50,,1,0,0,0,1,14.0,,,,1,2,1,1,7
202100040397,2021-05-07 19:50:00,2021,5,7,19,50,56,56008,Toul Broc'h,47.621785,-2.898331,Plein jour,En agglomération,Intersection en X,Pluie légère,Deux véhicules - côté,3,2,2,0,1,1,2,0,1,80,,2,1,0,1,0,27.0,74.0,,,1,2,2,2,3
202100040398,2021-05-12 02:00:00,2021,5,12,2,0,2B,2B049,route départementale 151A,42.509913,8.864164,Nuit sans éclairage public,En agglomération,Hors intersection,Normale,Sans collision,3,2,2,0,1,1,1,8,3,50,,2,0,0,2,0,21.0,,,,3,2,1,1,7
202100040399,2021-05-12 18:25:00,2021,5,12,18,25,71,71580,812 Route du Moulin,46.6593753253,5.224391067,Plein jour,Hors agglomération,Hors intersection,Normale,Autre collision,3,2,2,0,1,2,1,0,8,80,,1,0,0,1,0,29.0,,,,1,1,1,1,6
202100040400,2021-05-12 08:00:00,2021,5,12,8,0,71,71412,Le Bois du Monay,46.733242,4.438729,Plein jour,Hors agglomération,Intersection en T,Normale,Autre collision,3,-1,2,0,2,1,1,0,3,80,,1,0,0,1,0,35.0,,,,1,1,3,1,6
202100040401,2021-05-11 09:50:00,2021,5,11,9,50,63,63460,D206/D121,45.908286,2.618737,Plein jour,Hors agglomération,Intersection en X,Pluie forte,Deux véhicules - frontale,3,2,2,0,1,1,2,0,1,80,,4,3,0,1,0,61.0,55.0,,,1,1,2,3,1
202100040402,2021-04-27 18:45:00,2021,4,27,18,45,61,61480,La grille,48.557824,0.0361722,Plein jour,Hors agglomération,Hors intersection,Normale,Sans collision,3,2,2,0,2,2,1,0,3,90,,1,0,0,1,0,20.0,,,,1,1,1,1,7
202100040403,2021-05-11 12:16:00,2021,5,11,12,16,42,42062,Route du Bessy,45.5898943034,4.3948712393,Plein jour,Hors agglomération,Hors intersection,Normale,Deux véhicules - frontale,4,2,2,0,1,1,1,0,1,80,,2,1,0,1,0,47.0,16.0,,,1,1,1,1,1
202100040404,2021-05-10 13:30:00,2021,5,10,13,30,42,42097,M1082,45.482044,4.34983,Plein jour,Hors agglomération,Intersection en X,Pluie forte,Autre collision,7,4,1,0,1,1,2,0,1,70,,3,2,0,0,1,58.0,33.0,,,1,1,2,3,6
202100040405,2021-05-11 08:35:00,2021,5,11,8,35,46,46090,"Axe départemental 802, Point Route 12+100",44.677412,1.719403,Plein jour,Hors agglomération,Hors intersection,Pluie légère,Autre collision,3,2,2,0,1,3,2,0,3,80,,1,0,0,1,0,57.0,,,,1,1,1,2,6
202100040406,2021-05-10 11:30:00,2021,5,10,11,30,29,29075,Route de Lavallot,48.417851,-4.420323,Plein jour,Hors agglomération,Intersection en X,Normale,Deux véhicules - côté,4,2,2,0,1,1,1,0,1,50,,3,1,0,1,1,21.0,32.0,,,1,1,2,1,3
202100040407,2021-05-10 15:25:00,2021,5,10,15,25,72,72107,Malvoisine,47.9718,-0.03029,Plein jour,Hors agglomération,Intersection en T,Normale,Deux véhicules - frontale,3,2,2,0,1,3,1,0,1,80,,2,1,0,1,0,24.0,32.0,,,1,1,3,1,1
202100040408,2021-05-12 15:10:00,2021,5,12,15,10,60,60189,D130,49.540884,3.106275,Plein jour,Hors agglomération,Hors intersection,Normale,Deux véhicules - arrière,3,2,2,0,1,1,1,0,1,80,,2,0,0,1,1,16.0,16.0,,,1,1,1,1,2
202100040409,2021-05-12 14:15:00,2021,5,12,14,15,64,64472,18 Route de Serres-castet,43.37569,-0.315508,Plein jour,Hors agglomération,Hors intersection,Normale,Deux véhicules - frontale,3,2,2,0,3,3,1,0,1,70,,2,0,0,0,2,37.0,43.0,,,1,1,1,1,1
202100040410,2021-05-11 17:00:00,2021,5,11,17,0,18,18230,D112,46.666402,2.319475,Plein jour,Hors agglomération,Hors intersection,Normale,Deux véhicules - frontale,3,2,2,0,2,3,1,0,1,80,,3,2,0,1,0,66.0,15.0,,,1,1,1,1,1
202100040411,2021-05-11 19:00:00,2021,5,11,19,0,27,27388,D6178,49.45189,0.458422,Plein jour,Hors agglomération,Hors intersection,Normale,Deux véhicules - frontale,3,2,2,0,1,3,1,0,1,80,,3,0,0,3,0,22.0,23.0,,,1,1,1,1,1
202100040412,2021-05-10 23:45:00,2021,5,10,23,45,87,87028,Bel Air RN 147,46.24457,0.888433,Nuit sans éclairage public,Hors agglomération,Hors intersection,Normale,Autre collision,2,2,2,0,1,1,1,0,1,80,,4,0,4,0,0,27.0,,,,3,1,1,1,6
202100040413,2021-05-11 08:55:00,2021,5,11,8,55,87,87205,17 Avenue Frédéric le Play,45.751946,1.289703,Plein jour,En agglomération,Intersection en T,Pluie forte,Deux véhicules - côté,3,2,2,0,2,1,2,0,1,50,,2,1,0,1,0,35.0,52.0,,,1,2,3,3,3
202100040414,2021-05-11 14:45:00,2021,5,11,14,45,30,30179,avenue du général de Gaulle,43.87411,4.592499,Plein jour,En agglomération,Hors intersection,Normale,Autre collision,9,2,2,0,1,1,1,0,1,50,,2,1,0,1,0,33.0,83.0,,,1,2,1,1,6
202100040415,2021-05-11 21:40:00,2021,5,11,21,40,76,76533,A29 PK 0026.000,49.494985,0.266703,Nuit sans éclairage public,Hors agglomération,Hors intersection,Pluie légère,Sans collision,1,1,1,0,2,3,2,0,1,50,,1,0,0,1,0,31.0,,,,3,1,1,2,7
202100040416,2021-05-12 12:56:00,2021,5,12,12,56,30,30258,A54,43.762432,4.4244,Plein jour,Hors agglomération,Hors intersection,Normale,Deux véhicules - arrière,1,3,4,0,1,1,1,0,1,130,,2,0,0,2,0,71.0,63.0,,,1,1,1,1,2
202100040417,2021-05-12 07:00:00,2021,5,12,7,0,30,30189,bretelle de sortie A9 pk 54.150 diorection Orange,43.810778,4.349095,Plein jour,Hors agglomération,Autre intersection,Normale,Autre collision,1,1,2,0,1,1,1,3,1,-1,,1,0,0,0,1,66.0,,,,1,1,9,1,6
202100040418,2021-05-12 09:05:00,2021,5,12,9,5,975,97502,Rue Brusle,46.784995,-56.172372,Plein jour,En agglomération,Hors intersection,Normale,Deux véhicules - côté,4,2,2,0,1,1,1,0,1,30,,2,1,0,0,1,58.0,49.0,,,1,2,1,1,3
202100040419,2021-03-25 17:20:00,2021,3,25,17,20,971,97104,Avenue du Père Labat,16.013388,-61.746452,Plein jour,En agglomération,Hors intersection,Normale,Autre collision,2,2,2,0,1,1,1,0,1,50,,2,1,0,0,1,62.0,,,,1,2,1,1,6
202100040420,2021-05-12 17:05:00,2021,5,12,17,5,13,13006,D17,43.696998,4.955091,Plein jour,Hors agglomération,Hors intersection,Normale,Deux véhicules - frontale,3,2,2,0,4,1,1,0,1,80,,2,1,0,0,1,84.0,15.0,,,1,1,1,1,1
202100040421,2021-05-12 03:30:00,2021,5,12,3,30,57,57669,D30,49.136378,6.881218,Nuit sans éclairage public,Hors agglomération,Hors intersection,Normale,Autre collision,3,2,2,0,2,2,1,0,3,80,,2,1,0,1,0,,,,,3,1,1,1,6
202100040422,2021-05-12 12:30:00,2021,5,12,12,30,38,38558,D123,45.603248,4.919724,Plein jour,Hors agglomération,Hors intersection,Normale,Deux véhicules - frontale,3,2,2,0,2,1,1,0,1,70,,2,1,0,1,0,53.0,58.0,,,1,1,1,1,1
202100040423,2021-05-08 12:20:00,2021,5,8,12,20,65,65141,RD 618,42.824818,0.41475,Plein jour,Hors agglomération,Hors intersection,Normale,Sans collision,3,2,2,0,2,3,1,0,1,80,,1,0,0,1,0,42.0,,,,1,1,1,1,7
202100040424,2021-05-12 15:15:00,2021,5,12,15,15,80,80359,route départementale 139,49.737655,2.780528,Plein jour,Hors agglomération,Hors intersection,Normale,Sans collision,3,2,2,0,1,1,1,0,1,80,,1,0,0,0,1,25.0,,,,1,1,1,1,7
202100040425,2021-05-11 16:23:00,2021,5,11,16,23,13,13081,A7-Sens Marseille vers Lyon,43.48999,5.24057,Plein jour,Hors agglomération,Hors intersection,Normale,Trois véhicules et plus - en chaîne,1,1,2,0,1,1,1,0,1,90,,3,2,0,0,1,,78.0,,,1,1,1,1,4
202100040426,2021-05-11 15:35:00,2021,5,11,15,35,33,33013,Rocade Rive Droite N230,44.864997,-0.503805,Plein jour,Hors agglomération,Hors intersection,Normale,Deux véhicules - arrière,2,3,6,0,1,1,1,0,1,90,,3,2,0,0,1,32.0,37.0,,,1,1,1,1,2
202100040427,2021-05-11 17:45:00,2021,5,11,17,45,92,92050,A14,48.894601,2.229909,Plein jour,Hors agglomération,Hors intersection,Normale,Autre collision,1,1,2,0,1,1,1,1,1,70,,2,1,0,0,1,46.0,,,,1,1,1,1,6
202100040428,2021-05-10 01:30:00,2021,5,10,1,30,92,92025,A86,48.9354217595,2.2605830961,Nuit sans éclairage public,Hors agglomération,Hors intersection,Pluie légère,Trois véhicules et plus - en chaîne,1,1,2,0,1,2,2,0,1,90,,6,5,0,0,1,30.0,21.0,,,3,1,1,2,4
202100040429,2021-05-11 20:40:00,2021,5,11,20,40,95,95582, A115,48.9758416468,2.2423267365,Crépuscule ou aube,Hors agglomération,Hors intersection,Normale,Deux véhicules - arrière,1,1,2,0,1,3,1,0,1,70,,2,1,0,0,1,48.0,54.0,,,2,1,1,1,2
202100040430,2021-05-11 15:20:00,2021,5,11,15,20,95,95277,RD 170E,48.9770259061,2.4630823508,Plein jour,Hors agglomération,Hors intersection,Normale,Deux véhicules - arrière,3,3,1,0,1,1,1,0,1,70,,2,0,0,0,2,39.0,29.0,,,1,1,1,1,2
202100040431,2021-05-11 09:05:00,2021,5,11,9,5,93,93027,BDL,48.92588,2.39973,Plein jour,Hors agglomération,Hors intersection,Normale,Deux véhicules - côté,1,3,10,0,1,1,1,0,1,90,,2,1,0,0,1,20.0,29.0,,,1,1,1,1,3
202100040432,2021-05-11 08:30:00,2021,5,11,8,30,93,93053,AUTOROUTE A3,48.894814,2.471403,Plein jour,Hors agglomération,Hors intersection,Normale,Deux véhicules - côté,1,3,10,0,1,1,1,0,1,90,,2,1,0,0,1,36.0,20.0,,,1,1,1,1,3
202100040433,2021-05-11 06:50:00,2021,5,11,6,50,95,95582, A15,48.96395,2.26309,Plein jour,Hors agglomération,Hors intersection,Normale,Trois véhicules et plus - collisions multiples,1,3,9,0,1,1,1,0,1,110,,3,2,0,0,1,46.0,41.0,,,1,1,1,1,5
202100040434,2021-05-10 07:00:00,2021,5,10,7,0,95,95582, A115,48.9741233293,2.2438716888,Plein jour,Hors agglomération,Hors intersection,Pluie légère,Autre collision,1,1,1,0,1,1,2,0,1,90,,1,0,0,0,1,47.0,,,,1,1,1,2,6
202100040435,2021-05-11 07:35:00,2021,5,11,7,35,94,94015,A4,48.82769,2.52551,Plein jour,Hors agglomération,Hors intersection,Normale,Trois véhicules et plus - en chaîne,1,3,8,0,1,1,1,0,1,90,,5,4,0,0,1,29.0,48.0,,,1,1,1,1,4
202100040436,2021-05-10 14:00:00,2021,5,10,14,0,94,94017,A86.EXT,48.82913,2.48151,Plein jour,Hors agglomération,Hors intersection,Normale,Deux véhicules - côté,1,-1,2,0,1,1,1,0,1,70,,2,1,0,0,1,36.0,54.0,,,1,1,1,1,3
202100040437,2021-02-20 11:30:00,2021,2,20,11,30,19,19031,COSNAC (RUE DANIEL DE),45.15218,1.55941,Plein jour,En agglomération,Intersection en T,Normale,Deux véhicules - côté,3,2,2,0,1,1,1,0,1,50,,2,1,0,0,1,57.0,52.0,,,1,2,3,1,3
202100040438,2021-02-12 14:00:00,2021,2,12,14,0,09,09225,MIREPOIX ROUTE DE,43.102,1.6342,Plein jour,Hors agglomération,Intersection en T,Pluie forte,Deux véhicules - côté,2,1,1,0,1,1,2,3,1,50,,2,1,0,0,1,18.0,18.0,,,1,1,3,3,3
202100040439,2021-05-10 13:40:00,2021,5,10,13,40,976,97611,kaweni-Kaweni nord ( Z I ),-12.76882,45.22429,Plein jour,En agglomération,Hors intersection,Normale,Deux véhicules - arrière,2,2,0,0,1,1,1,0,1,50,,2,1,0,0,1,49.0,28.0,,,1,2,1,1,2
202100040440,2021-05-10 06:40:00,2021,5,10,6,40,976,97611,tsoundzou-Cadjifouteni ( rue ),-12.80751,45.20559,Plein jour,En agglomération,Hors intersection,Pluie légère,Deux véhicules - arrière,2,2,0,0,1,1,1,0,1,50,,2,1,0,0,1,34.0,40.0,,,1,2,1,2,2
202100040441,2021-05-10 14:15:00,2021,5,10,14,15,974,97411,MOUFIA (ROUTE DE),-20.89728,55.4914,Plein jour,En agglomération,Hors intersection,Normale,Deux véhicules - côté,4,2,2,0,2,1,1,0,1,50,,2,1,0,0,1,65.0,18.0,,,1,2,1,1,3
202100040442,2021-05-10 10:20:00,2021,5,10,10,20,974,97411,Route de la montagne,-20.888816,55.436282,Plein jour,Hors agglomération,Hors intersection,Normale,Deux véhicules - arrière,3,2,2,0,2,1,1,0,1,70,,5,3,0,0,2,41.0,39.0,,,1,1,1,1,2
202100040443,2021-05-10 12:10:00,2021,5,10,12,10,974,97407,MASCAREIGNES(BOULEVARD),-20.93963,55.30838,Plein jour,Hors agglomération,Autre intersection,Normale,Deux véhicules - côté,2,2,2,0,1,1,1,9,1,70,,2,1,0,0,1,45.0,45.0,,,1,1,9,1,3
202100040444,2021-05-10 12:42:00,2021,5,10,12,42,973,97302,BADUEL (ROUTE DE),4.93909,-52.31824,Plein jour,En agglomération,Hors intersection,Normale,Deux véhicules - arrière,3,2,2,2,1,1,1,0,1,50,,2,1,0,1,0,35.0,56.0,,,1,2,1,1,2
202100040445,2021-05-10 08:55:00,2021,5,10,8,55,973,97302,MANGO (ROUTE),4.93147,-52.317,Plein jour,En agglomération,Hors intersection,Normale,Deux véhicules - arrière,4,2,1,0,1,1,1,0,1,50,,3,1,0,1,1,42.0,21.0,,,1,2,1,1,2
202100040446,2021-05-10 08:55:00,2021,5,10,8,55,973,97302,BADUEL (ROUTE DE),4.9287707343,-52.2947641612,Plein jour,En agglomération,Hors intersection,Normale,Deux véhicules - côté,3,2,2,2,1,1,1,0,1,50,,2,1,0,0,1,37.0,26.0,,,1,2,1,1,3
202100040447,2021-05-10 18:00:00,2021,5,10,18,0,69,69383,LACASSAGNE                          (AV),45.74917962,4.8771670225,Plein jour,En agglomération,Hors intersection,Pluie forte,Deux véhicules - côté,4,2,3,1,2,1,2,0,5,50,,2,1,0,0,1,54.0,41.0,,,1,2,1,3,3
202100040448,2021-05-10 17:25:00,2021,5,10,17,25,69,69259,FRANCIS DE PRESSENSE                (AV),45.7136611503,4.8733592033,Plein jour,En agglomération,Hors intersection,Pluie forte,Autre collision,4,2,3,0,2,1,2,2,1,50,,1,0,0,0,1,40.0,,,,1,2,1,3,6
202100040449,2021-05-10 16:30:00,2021,5,10,16,30,69,69384,ESSES (DES)                         (MO),45.77216,4.81605,Plein jour,En agglomération,Hors intersection,Pluie forte,Deux véhicules - côté,4,2,1,0,2,4,2,0,1,50,,2,1,0,0,1,35.0,28.0,,,1,2,1,3,3
202100040450,2021-05-10 13:20:00,2021,5,10,13,20,69,69381,GENERAL GIRAUD (DU) (CR),45.76976,4.81693,Plein jour,En agglomération,Intersection en T,Pluie forte,Sans collision,4,2,4,1,2,1,2,0,1,50,,2,1,0,0,1,,51.0,,,1,2,3,3,7
202100040451,2021-05-05 18:45:00,2021,5,5,18,45,69,69385,TRION (DE) (R),45.75688,4.81609,Plein jour,En agglomération,Autre intersection,Normale,Autre collision,4,2,2,0,1,1,1,0,4,30,,2,1,0,0,1,31.0,,,,1,2,9,1,6
202100040452,2021-05-10 19:02:00,2021,5,10,19,2,2B,2B033,SAMPIERO CORSO - AV,42.6674,9.44286,Plein jour,En agglomération,Hors intersection,Temps couvert,Deux véhicules - côté,9,2,2,0,2,1,1,0,1,50,,2,1,0,0,1,39.0,,,,1,2,1,8,3
202100040453,2021-05-10 08:35:00,2021,5,10,8,35,95,95280,MOINON ROBERT,49.01967,2.45293,Plein jour,En agglomération,Hors intersection,Normale,Deux véhicules - côté,4,2,2,0,1,1,1,0,1,50,,2,1,0,0,1,20.0,47.0,,,1,2,1,1,3
202100040454,2021-05-10 14:40:00,2021,5,10,14,40,91,91514,RUE COMBS LA VILLE,48.670725,2.541174,Plein jour,En agglomération,Hors intersection,Temps couvert,Autre collision,3,2,2,0,1,2,1,0,1,50,,1,0,0,0,1,25.0,,,,1,2,1,8,6
202100040455,2021-05-09 10:00:00,2021,5,9,10,0,90,90001,MONTBELIARD (ROUTE DE),47.600628,6.862487,Plein jour,En agglomération,Autre intersection,Normale,Deux véhicules - côté,4,-1,1,0,1,2,1,5,1,50,,3,1,0,0,2,47.0,36.0,,,1,2,9,1,3
202100040456,2021-05-09 17:23:00,2021,5,9,17,23,87,87085,LADOUMEGUE (RUE JULES),45.83791,1.22438,Plein jour,En agglomération,Hors intersection,Normale,Autre collision,4,2,2,0,1,1,1,0,1,50,,2,1,1,0,0,72.0,,,,1,2,1,1,6
202100040457,2021-05-08 18:53:00,2021,5,8,18,53,87,87085,PUY REJEAUD (RUE DU),45.84411,1.22373,Plein jour,En agglomération,Intersection en T,Normale,Deux véhicules - côté,4,2,2,0,1,2,1,0,1,50,,2,1,0,0,1,50.0,11.0,,,1,2,3,1,3
202100040458,2021-05-10 10:50:00,2021,5,10,10,50,86,86194,Avenue Robert Schuman,46.589347,0.359891,Plein jour,En agglomération,Intersection en T,Pluie légère,Deux véhicules - côté,3,3,6,0,1,1,2,0,1,50,,3,1,0,0,2,42.0,38.0,,,1,2,3,2,3
202100040459,2021-05-07 18:00:00,2021,5,7,18,0,86,86088,Grand Rue,46.538433,0.288622,Plein jour,En agglomération,Hors intersection,Normale,Deux véhicules - côté,3,2,2,0,2,1,1,0,1,50,,3,1,0,0,2,35.0,32.0,,,1,2,1,1,3
202100040460,2021-05-04 22:45:00,2021,5,4,22,45,83,83137,CUZIN (AVE FRANCOIS),43.12226,5.94399,Nuit avec éclairage allumé,En agglomération,Intersection en T,Normale,Deux véhicules - côté,7,2,2,0,1,1,1,0,1,50,,2,1,0,1,0,21.0,21.0,,,5,2,3,1,3
202100040461,2021-05-10 09:50:00,2021,5,10,9,50,81,81065,Avenue Charles de Gaulle,43.603199,2.247495,Plein jour,En agglomération,Intersection en Y,Normale,Deux véhicules - côté,3,2,2,0,1,1,1,0,1,50,,2,1,0,0,1,55.0,20.0,,,1,2,4,1,3
202100040462,2021-05-10 00:22:00,2021,5,10,0,22,78,78586,ROBERT SCHUMAN (AVENUE),48.948302,2.19419,Nuit avec éclairage allumé,En agglomération,Intersection en X,Pluie légère,Deux véhicules - côté,4,3,6,0,1,1,2,5,1,50,,3,2,0,1,0,21.0,35.0,,,5,2,2,2,3
202100040463,2021-05-10 13:25:00,2021,5,10,13,25,78,78172,PASTEUR (RUE),48.99513,2.10151,Plein jour,En agglomération,Intersection en T,Normale,Autre collision,3,1,1,2,1,2,1,0,1,30,,2,1,0,1,0,74.0,,,,1,2,3,1,6
202100040464,2021-05-10 15:00:00,2021,5,10,15,0,76,76681,INDUSTRIEL. BOULEVARD (CD 18E),49.41374,1.10753,Plein jour,Hors agglomération,Hors intersection,Normale,Trois véhicules et plus - collisions multiples,7,3,4,0,1,1,1,0,1,90,,3,2,0,0,1,33.0,41.0,,,1,1,1,1,5
202100040465,2021-05-08 00:55:00,2021,5,8,0,55,76,76351,CHRISTOPHE COLOMB (AVENUE),49.48119,0.15139,Nuit avec éclairage allumé,En agglomération,Hors intersection,Normale,Autre collision,4,3,4,0,1,1,1,0,8,50,,1,0,0,0,1,41.0,,,,5,2,1,1,6
202100040466,2021-05-08 14:40:00,2021,5,8,14,40,71,71306,JEAN JACQUES ROUSSEAU (RUE),46.66771,4.37828,Plein jour,En agglomération,Hors intersection,Normale,Autre collision,4,-1,2,0,1,1,1,0,1,50,,2,0,0,0,2,16.0,,,,1,2,1,1,6