accident_id,datetime,annee,mois,jour,heure,minute,departement,commune_insee,adresse,latitude,longitude,luminosite,agglomeration,intersection,meteo,collision,catr,circ,nbv,vosp,prof,plan,surf,infra,situ,vma,nb_vehicules,nb_usagers,nb_indemnes,nb_tues,nb_blesses_hosp,nb_blesses_legers,age_cond_1,age_cond_2,veh_type_cond_1,veh_type_cond_2,lum_code,agg_code,int_code,atm_code,col_code
202100040467,2021-05-10 02:40:00,2021,5,10,2,40,69,69290,ARISTIDE BRIAND (R),45.69644,4.92632,Nuit avec éclairage allumé,En agglomération,Intersection en X,Normale,Deux véhicules - côté,7,2,2,0,1,1,1,0,1,50,,3,2,0,0,1,25.0,26.0,,,5,2,2,1,3
202100040468,2021-05-10 13:50:00,2021,5,10,13,50,69,69264,LECLERC GENERAL (BD),45.9984,4.70852,Plein jour,En agglomération,Intersection en X,Pluie forte,Deux véhicules - côté,3,2,2,2,1,1,3,0,1,50,,3,1,0,1,1,69.0,85.0,,,1,2,2,3,3
202100040469,2021-05-10 07:40:00,2021,5,10,7,40,64,64102,JACQUES LOEB (AVENUE DE L'INTERNE),43.47918,-1.48411,Plein jour,En agglomération,Hors intersection,Normale,Deux véhicules - arrière,4,2,2,0,4,1,1,0,1,50,,2,1,0,0,1,18.0,74.0,,,1,2,1,1,2
202100040470,2021-05-04 16:15:00,2021,5,4,16,15,64,64024,AVENUE D'ESPAGNE,43.47566,-1.52847,Plein jour,En agglomération,Hors intersection,Normale,Deux véhicules - arrière,3,2,2,0,1,1,1,0,1,50,,2,1,0,0,1,69.0,33.0,,,1,2,1,1,2
202100040471,2021-05-04 09:10:00,2021,5,4,9,10,64,64102,SOULT (AVENUE MARECHAL),43.48771,-1.48415,Plein jour,En agglomération,Hors intersection,Normale,Deux véhicules - côté,3,2,2,3,2,1,1,0,6,50,,2,1,0,0,1,22.0,21.0,,,1,2,1,1,3
202100040472,2021-05-07 14:52:00,2021,5,7,14,52,63,63113,REPUBLIQUE (AVENUE DE LA),45.7898014713,3.110630315,Plein jour,En agglomération,Intersection en T,Normale,Deux véhicules - côté,4,3,2,2,1,1,1,0,1,50,,2,1,0,0,1,27.0,20.0,,,1,2,3,1,3
202100040473,2021-05-09 15:30:00,2021,5,9,15,30,59,59560,EPINETTE RUE DE L,50.55596,3.05865,Plein jour,Hors agglomération,Hors intersection,Normale,Deux véhicules - côté,4,3,2,0,1,1,1,0,4,50,,4,0,0,0,4,25.0,15.0,,,1,1,1,1,3
202100040474,2021-05-09 14:25:00,2021,5,9,14,25,59,59560,EPINETTE RUE DE L,50.54837,3.04949,Plein jour,Hors agglomération,Giratoire,Normale,Autre collision,7,3,4,0,1,3,1,0,3,50,,2,1,0,0,1,22.0,,,,1,1,6,1,6
202100040475,2021-05-06 18:10:00,2021,5,6,18,10,57,57368,JARDINS (RUE DES),49.33759,6.04003,Plein jour,En agglomération,Intersection en T,Pluie légère,Autre collision,4,-1,1,0,1,1,2,0,1,50,,2,1,0,0,1,61.0,,,,1,2,3,2,6
202100040476,2021-05-09 05:45:00,2021,5,9,5,45,56,56098,ARAGO (RUE  DOMINIQUE ),47.77989,-3.343,Nuit avec éclairage non allumé,En agglomération,Hors intersection,Normale,Autre collision,4,1,1,0,1,3,1,0,3,50,,1,0,0,0,1,33.0,,,,4,2,1,1,6
202100040477,2021-05-09 09:55:00,2021,5,9,9,55,54,54395,Marcel BROT (Rue et Rond-Point ),48.6867299549,6.2011174389,Plein jour,En agglomération,Intersection en X,Normale,Deux véhicules - côté,4,2,3,0,1,1,1,0,1,50,,2,1,0,0,1,58.0,19.0,,,1,2,2,1,3
202100040478,2021-05-09 18:30:00,2021,5,9,18,30,38,38185,COURS BERRIAT,45.1882323797,5.7162165642,Plein jour,En agglomération,Intersection en X,Normale,Deux véhicules - côté,4,2,4,2,2,1,1,0,5,30,,2,1,0,1,0,30.0,,,,1,2,2,1,3
202100040479,2021-05-10 13:36:00,2021,5,10,13,36,37,37233,DUCLOS (AVENUE JACQUES),47.38026,0.72645,Plein jour,En agglomération,Hors intersection,Normale,Sans collision,4,2,0,0,1,1,2,0,1,50,,1,0,0,1,0,51.0,,,,1,2,1,1,7
202100040480,2021-05-07 12:45:00,2021,5,7,12,45,37,37233,ROSENBERG (RUE ETHEL ET JULIUS),47.3887417513,0.7192980944,Plein jour,En agglomération,Hors intersection,Normale,Autre collision,4,2,1,0,1,1,1,6,1,50,,2,1,0,0,1,66.0,,,,1,2,1,1,6
202100040481,2021-05-10 17:20:00,2021,5,10,17,20,35,35238,BOURBONNAIS (DU),48.12051,-1.71018,Plein jour,En agglomération,Hors intersection,Normale,Autre collision,4,2,2,0,1,1,1,0,1,30,,2,1,0,0,1,60.0,,,,1,2,1,1,6
202100040482,2021-05-10 17:45:00,2021,5,10,17,45,35,35238,RN136,48.12879,-1.71193,Plein jour,Hors agglomération,Hors intersection,Normale,Trois véhicules et plus - en chaîne,2,3,4,0,1,1,1,0,1,90,,3,1,0,0,2,50.0,27.0,,,1,1,1,1,4
202100040483,2021-05-10 16:40:00,2021,5,10,16,40,33,33063,Rue Lecocq,44.83545,-0.58312,Plein jour,En agglomération,Intersection en X,Normale,Deux véhicules - côté,4,1,1,2,1,1,1,0,8,30,,2,1,0,1,0,50.0,24.0,,,1,2,2,1,3
202100040484,2021-05-10 08:20:00,2021,5,10,8,20,33,33281,Avenue de Magudas,44.85713,-0.6577,Plein jour,En agglomération,Intersection en T,Normale,Deux véhicules - côté,4,2,2,2,1,1,1,0,1,50,,2,1,0,0,1,41.0,50.0,,,1,2,3,1,3
202100040485,2021-05-03 13:50:00,2021,5,3,13,50,33,33529,route Ambroise Paré,44.6166267087,-1.1132774954,Plein jour,En agglomération,Intersection en T,Normale,Deux véhicules - côté,4,2,2,0,1,1,1,0,1,50,,2,1,0,0,1,59.0,63.0,,,1,2,3,1,3
202100040486,2021-05-10 09:01:00,2021,5,10,9,1,32,32013,PESSAN (ROUTE DE),43.64024,0.59754,Plein jour,En agglomération,Hors intersection,Normale,Deux véhicules - arrière,3,2,2,0,1,1,1,0,1,50,,9,6,0,0,3,52.0,40.0,,,1,2,1,1,2
202100040487,2021-05-10 17:00:00,2021,5,10,17,0,31,31069,MAGA (RD-PT JEAN),43.62129,1.39699,Plein jour,En agglomération,Hors intersection,Normale,Autre collision,7,1,1,0,1,1,1,0,1,50,,2,1,0,0,1,85.0,,,,1,2,1,1,6
202100040488,2021-05-10 13:00:00,2021,5,10,13,0,29,29232,Avenue de Ty Bos,47.9762046923,-4.0684595705,Plein jour,En agglomération,Hors intersection,Normale,Deux véhicules - frontale,4,2,2,0,1,1,1,0,1,50,,2,1,0,0,1,22.0,22.0,,,1,2,1,1,1
202100040489,2021-05-09 08:39:00,2021,5,9,8,39,29,29232,Route de Pont l’Abbe,47.98117,-4.1212,Plein jour,En agglomération,Hors intersection,Normale,Deux véhicules - côté,4,2,2,2,1,1,1,0,1,50,,2,1,0,0,1,46.0,74.0,,,1,2,1,1,3
202100040490,2021-05-10 15:05:00,2021,5,10,15,5,27,27229,JACQUARD (RUE),49.00186,1.13877,Plein jour,En agglomération,Autre intersection,Normale,Deux véhicules - côté,4,2,0,0,1,1,1,0,1,50,,2,1,0,1,0,47.0,75.0,,,1,2,9,1,3
202100040491,2021-05-10 22:45:00,2021,5,10,22,45,13,13214,ALEX ANSALDI (RUE),43.3358,5.3985,Nuit avec éclairage allumé,En agglomération,Intersection en X,Normale,Deux véhicules - côté,7,2,4,0,2,1,1,0,1,50,,2,1,0,0,1,49.0,18.0,,,5,2,2,1,3
202100040492,2021-05-10 09:00:00,2021,5,10,9,0,13,13208,DAUMIER (RUE),43.27834,5.38535,Plein jour,En agglomération,Hors intersection,Pluie légère,Deux véhicules - côté,4,1,1,0,2,1,2,0,1,50,,2,0,0,0,2,27.0,,,,1,2,1,2,3
202100040493,2021-05-10 13:15:00,2021,5,10,13,15,06,06088,Rue Smolett,43.70371,7.28363,Plein jour,En agglomération,Hors intersection,Pluie légère,Autre collision,4,1,1,0,1,1,2,0,1,50,,2,1,0,0,1,,,,,1,2,1,2,6
202100040494,2021-05-10 14:20:00,2021,5,10,14,20,06,06069,RENOIR (AVENUE AUGUSTE),43.679921,6.950951,Plein jour,En agglomération,Hors intersection,Pluie légère,Sans collision,3,2,2,0,1,3,2,0,4,50,,1,0,0,0,1,27.0,,,,1,2,1,2,7
202100040495,2021-05-09 23:05:00,2021,5,9,23,5,06,06027,JUIN BOULEVARD MARECHAL,43.658114,7.150896,Nuit avec éclairage allumé,En agglomération,Hors intersection,Temps couvert,Deux véhicules - côté,4,2,3,0,1,1,1,0,1,50,,2,1,0,0,1,20.0,38.0,,,5,2,1,8,3
202100040496,2021-05-09 22:20:00,2021,5,9,22,20,05,05061,VEYNES ( AVENUE DE  ),44.5574,6.06008,Nuit avec éclairage allumé,En agglomération,Hors intersection,Normale,Autre collision,3,2,2,0,2,2,1,0,3,50,,1,0,0,0,1,36.0,,,,5,2,1,1,6
202100040497,2021-05-07 17:00:00,2021,5,7,17,0,05,05061,ABBE PASCAL  ( RUE ),44.55593,6.07581,Plein jour,En agglomération,Intersection en T,Normale,Deux véhicules - côté,2,2,3,0,1,1,1,0,5,50,,3,2,0,1,0,20.0,67.0,,,1,2,3,1,3
202100040498,2021-05-10 18:35:00,2021,5,10,18,35,75,75115,PORTE DE SEVRES,48.833786,2.277052,Plein jour,En agglomération,Hors intersection,Normale,Deux véhicules - côté,4,1,3,0,1,1,1,0,1,70,,2,1,0,0,1,39.0,31.0,,,1,2,1,1,3
202100040499,2021-05-10 15:00:00,2021,5,10,15,0,75,75116,PORTE DAUPHINE,48.870483,2.272529,Plein jour,En agglomération,Hors intersection,Normale,Trois véhicules et plus - en chaîne,4,1,4,0,1,1,1,0,1,70,,3,2,0,0,1,62.0,25.0,,,1,2,1,1,4
202100040500,2021-05-10 14:20:00,2021,5,10,14,20,75,75117,PORTE D ASNIERES,48.89261,2.302462,Plein jour,En agglomération,Hors intersection,Normale,Deux véhicules - côté,4,1,4,0,1,1,1,0,1,70,,2,1,0,0,1,25.0,70.0,,,1,2,1,1,3
202100040501,2021-05-10 14:26:00,2021,5,10,14,26,75,75112,RUE DE CHARENTON,48.837292,2.391227,Plein jour,En agglomération,Intersection en X,Temps éblouissant,Deux véhicules - côté,4,2,3,0,1,1,1,0,1,30,,2,1,1,0,0,,81.0,,,1,2,2,7,3
202100040502,2021-05-10 05:38:00,2021,5,10,5,38,75,75105,QUAI SAINT MICHEL,48.853743,2.344302,Plein jour,En agglomération,Place,Pluie légère,Deux véhicules - côté,4,1,5,0,1,1,2,0,1,50,,2,1,0,0,1,58.0,64.0,,,1,2,7,2,3
202100040503,2021-05-10 11:00:00,2021,5,10,11,0,75,75120,AVENUE DU PROFESSEUR ANDRE LEMIERE,48.855168,2.415226,Plein jour,En agglomération,Hors intersection,Normale,Deux véhicules - côté,4,2,2,0,1,1,1,0,1,50,,2,0,0,0,2,34.0,49.0,,,1,2,1,1,3
202100040504,2021-05-10 15:15:00,2021,5,10,15,15,75,75119,PLACE AUGUSTE BARON,48.900755,2.387018,Plein jour,En agglomération,Place,Temps couvert,Deux véhicules - côté,4,1,5,0,1,2,1,0,1,50,,2,1,0,0,1,43.0,54.0,,,1,2,7,8,3
202100040505,2021-05-10 14:40:00,2021,5,10,14,40,75,75119,RUE SIGMUND FREUD,48.88201,2.402511,Plein jour,En agglomération,Intersection en X,Normale,Deux véhicules - côté,4,2,2,0,2,1,1,0,1,50,,2,1,0,0,1,34.0,,,,1,2,2,1,3
202100040506,2021-05-10 12:55:00,2021,5,10,12,55,75,75119,RUE DE TANGER,48.887231,2.369989,Plein jour,En agglomération,Hors intersection,Normale,Deux véhicules - côté,4,2,3,1,1,1,1,0,5,30,,2,1,0,0,1,34.0,26.0,,,1,2,1,1,3
202100040507,2021-05-10 16:15:00,2021,5,10,16,15,75,75118,RUE ORDENER,48.89199,2.351622,Plein jour,En agglomération,Intersection en X,Normale,Deux véhicules - côté,4,2,4,0,1,1,1,0,1,50,,3,2,0,0,1,40.0,,,,1,2,2,1,3
202100040508,2021-05-10 14:50:00,2021,5,10,14,50,75,75118,RUE JEAN HENRI FABRE,48.901097,2.335148,Plein jour,En agglomération,Intersection en X,Normale,Autre collision,4,1,1,0,1,1,1,0,1,30,,2,1,0,0,1,23.0,,,,1,2,2,1,6
202100040509,2021-05-10 11:05:00,2021,5,10,11,5,75,75117,AVENUE DE WAGRAM,48.883275,2.301946,Plein jour,En agglomération,Intersection en X,Normale,Autre collision,4,2,8,0,1,1,1,0,1,50,,2,1,0,0,1,40.0,,,,1,2,2,1,6
202100040510,2021-05-10 16:10:00,2021,5,10,16,10,75,75116,RUE DE VARIZE,48.841994,2.257336,Plein jour,En agglomération,Hors intersection,Normale,Deux véhicules - côté,4,1,1,0,1,1,1,0,1,30,,2,1,0,0,1,43.0,69.0,,,1,2,1,1,3
202100040511,2021-05-09 23:45:00,2021,5,9,23,45,75,75114,RUE FROIDEVAUX,48.834973,2.329847,Nuit avec éclairage allumé,En agglomération,Intersection en X,Normale,Deux véhicules - côté,4,1,2,0,1,1,1,0,1,50,,2,1,0,0,1,23.0,23.0,,,5,2,2,1,3
202100040512,2021-05-10 13:30:00,2021,5,10,13,30,75,75111,RUE DES BLUETS,48.864362,2.381814,Plein jour,En agglomération,Intersection en T,Normale,Autre collision,4,2,2,0,1,1,1,0,1,30,,2,1,0,0,1,45.0,,,,1,2,3,1,6
202100040513,2021-05-10 11:45:00,2021,5,10,11,45,75,75101,RUE ETIENNE MARCEL,48.863844,2.349082,Plein jour,En agglomération,Intersection en Y,Normale,Deux véhicules - côté,4,2,3,1,1,1,1,0,5,50,,2,1,0,0,1,51.0,35.0,,,1,2,4,1,3
202100040514,2021-05-10 12:20:00,2021,5,10,12,20,75,75101,BOULEVARD DE SEBASTOPOL,48.861207,2.349718,Plein jour,En agglomération,Intersection en T,Normale,Deux véhicules - frontale,4,2,5,1,1,1,1,0,5,50,,2,1,0,0,1,24.0,,,,1,2,3,1,1
202100040515,2021-05-09 19:10:00,2021,5,9,19,10,94,94041,LENINE (R),48.81771,2.39731,Crépuscule ou aube,En agglomération,Hors intersection,Pluie légère,Autre collision,3,1,2,0,1,1,2,0,1,50,,2,1,0,0,1,65.0,,,,2,2,1,2,6
202100040516,2021-05-10 17:20:00,2021,5,10,17,20,94,94021,Avenue de Stalingrad,48.7693,2.36785,Plein jour,En agglomération,Autre intersection,Temps couvert,Autre collision,3,1,2,0,1,1,1,0,3,50,,2,1,0,0,1,23.0,,,,1,2,9,8,6
202100040517,2021-05-10 04:30:00,2021,5,10,4,30,94,94034,Avenue de la Division Leclerc,48.757471,2.32768,Nuit avec éclairage allumé,En agglomération,Autre intersection,Pluie légère,Deux véhicules - arrière,3,1,2,0,2,1,2,5,1,50,,2,1,0,0,1,,59.0,,,5,2,9,2,2
202100040518,2021-05-09 10:10:00,2021,5,9,10,10,94,94021,JEAN MERMOZ (BD),48.7686972359,2.3370194435,Plein jour,En agglomération,Hors intersection,Temps couvert,Autre collision,3,1,1,0,1,1,1,0,1,30,,4,3,0,0,1,67.0,29.0,,,1,2,1,8,6
202100040519,2021-05-09 01:13:00,2021,5,9,1,13,94,94028,Av du General Pierre Billotte,48.77311,2.45807,Nuit sans éclairage public,En agglomération,Hors intersection,Normale,Autre collision,4,-1,0,0,1,3,1,0,1,50,,6,5,0,1,0,20.0,19.0,,,3,2,1,1,6
202100040520,2021-05-07 18:45:00,2021,5,7,18,45,91,91479,DE L'AEROPORT ( AVENUE),48.73415,2.365846,Plein jour,En agglomération,Hors intersection,Normale,Deux véhicules - arrière,2,-1,0,0,1,1,1,3,8,70,,2,1,0,0,1,28.0,42.0,,,1,2,1,1,2
202100040521,2021-05-10 04:00:00,2021,5,10,4,0,94,94077,REPUBLIQUE (AV DE LA),48.7309,2.42485,Nuit avec éclairage allumé,En agglomération,Hors intersection,Pluie forte,Sans collision,3,2,2,0,2,1,2,0,1,50,,1,0,0,0,1,30.0,,,,5,2,1,3,7
202100040522,2021-05-03 08:45:00,2021,5,3,8,45,94,94017,PATAY (R DE),48.82224,2.49793,Plein jour,En agglomération,Hors intersection,Normale,Autre collision,3,-1,2,0,1,3,1,0,1,50,,2,1,0,0,1,32.0,,,,1,2,1,1,6
202100040523,2021-05-10 07:25:00,2021,5,10,7,25,94,94070,Route de Paris,48.71835,2.569193,Plein jour,En agglomération,Hors intersection,Pluie légère,Trois véhicules et plus - en chaîne,2,2,4,0,1,1,2,0,1,50,,3,1,0,0,2,39.0,56.0,,,1,2,1,2,4
202100040524,2021-05-10 18:25:00,2021,5,10,18,25,93,93059,LENINE (AVENUE) N°36 AU 120 ET N°45 AU 1,48.95709,2.35836,Plein jour,En agglomération,Hors intersection,Normale,Deux véhicules - côté,3,1,2,0,1,1,1,0,1,50,,3,2,0,0,1,51.0,35.0,,,1,2,1,1,3
202100040525,2021-05-09 00:30:00,2021,5,9,0,30,93,93010,GALLIENI (AV.) DE 1 A 109,48.905266,2.474336,Nuit avec éclairage allumé,En agglomération,Autre intersection,Normale,Deux véhicules - côté,3,-1,2,0,1,1,1,9,8,50,,2,1,0,0,1,21.0,22.0,,,5,2,9,1,3
202100040526,2021-05-10 19:10:00,2021,5,10,19,10,93,93005,Rue Jules Princet / Avenue Anatole France,48.93583,2.49387,Plein jour,En agglomération,Intersection en X,Normale,Deux véhicules - côté,3,2,2,0,1,1,1,0,1,50,,3,2,0,0,1,38.0,41.0,,,1,2,2,1,3
202100040527,2021-05-10 18:50:00,2021,5,10,18,50,93,93001,Mail Benoit Frachon,48.914893,2.375593,Plein jour,En agglomération,Hors intersection,Pluie légère,Autre collision,4,2,1,0,1,1,2,0,1,30,,2,1,0,0,1,29.0,,,,1,2,1,2,6
202100040528,2021-05-10 14:15:00,2021,5,10,14,15,92,92075,PASTEUR (RUE),48.82465,2.29266,Plein jour,En agglomération,Hors intersection,Normale,Sans collision,4,2,4,2,1,1,1,0,1,30,,2,1,0,0,1,17.0,,,,1,2,1,1,7
202100040529,2021-05-10 16:51:00,2021,5,10,16,51,92,92072,MANUFACTURE NATIONALE (PLACE DE LA),48.82919,2.22408,Plein jour,En agglomération,Place,Normale,Deux véhicules - côté,3,3,4,0,1,1,1,0,1,50,,3,2,0,0,1,41.0,67.0,,,1,2,7,1,3
202100040530,2021-05-10 08:20:00,2021,5,10,8,20,92,92033,MARQUIS DE MORES,48.8512839985,2.1922825836,Plein jour,En agglomération,Intersection en T,Pluie légère,Autre collision,4,2,2,0,1,1,2,0,1,50,,2,1,0,0,1,41.0,,,,1,2,3,2,6
202100040531,2021-05-05 04:42:00,2021,5,5,4,42,92,92063,BONAPARTE (AVENUE NAPOLEON) SUD,48.8747417694,2.1677666903,Nuit avec éclairage allumé,En agglomération,Intersection en T,Pluie légère,Deux véhicules - arrière,3,3,6,0,1,1,2,5,1,50,,2,1,0,0,1,52.0,48.0,,,5,2,3,2,2
202100040532,2021-05-09 17:50:00,2021,5,9,17,50,92,92050,FRACHON BENOIT AVENUE,48.89618,2.195,Plein jour,En agglomération,Hors intersection,Normale,Deux véhicules - côté,3,1,1,1,1,1,1,0,1,50,,6,3,0,0,3,26.0,41.0,,,1,2,1,1,3
202100040533,2021-05-10 16:30:00,2021,5,10,16,30,92,92040,GALLIENI (BOULEVARD),48.8322961266,2.2671572782,Plein jour,En agglomération,Hors intersection,Normale,Autre collision,3,2,2,0,1,1,1,0,1,30,,1,0,0,0,1,44.0,,,,1,2,1,1,6
202100040534,2021-05-09 18:40:00,2021,5,9,18,40,92,92036,COUTURE D'AUXERRE (RUE DE LA) (27/139),48.92793,2.28827,Plein jour,En agglomération,Intersection en T,Normale,Autre collision,4,2,2,0,1,1,1,0,1,50,,2,1,0,0,1,81.0,,,,1,2,3,1,6
202100040535,2021-05-10 19:49:00,2021,5,10,19,49,92,92024,CLICHY (QUAI DE) DE (8 A 60),48.9045475127,2.2921836376,Plein jour,En agglomération,Hors intersection,Normale,Trois véhicules et plus - en chaîne,3,2,2,0,1,1,2,0,1,30,,4,3,0,0,1,59.0,,,,1,2,1,1,4
202100040536,2021-04-30 18:45:00,2021,4,30,18,45,92,92004,JEAN DUSSOURD,48.90709,2.2915,Plein jour,En agglomération,Intersection en T,Normale,Autre collision,3,2,2,0,1,1,1,5,1,50,,2,1,0,0,1,31.0,4.0,,,1,2,3,1,6
202100040537,2021-05-11 08:00:00,2021,5,11,8,0,2A,2A128,lieu dit la tarenchella,41.640764,9.008424,Plein jour,Hors agglomération,Hors intersection,Pluie forte,Autre collision,3,2,2,0,2,2,2,0,8,80,,1,0,0,1,0,60.0,,,,1,1,1,3,6
202100040538,2021-05-09 17:15:00,2021,5,9,17,15,73,73156,D42 Che de la Ceniere,45.644894,5.791954,Plein jour,Hors agglomération,Hors intersection,Temps couvert,Autre collision,3,2,2,0,2,3,1,0,8,80,,2,0,0,1,1,51.0,,,,1,1,1,8,6
202100040539,2021-05-08 10:50:00,2021,5,8,10,50,73,73085,D914 Route de Portout,45.8068099831,5.8463194319,Plein jour,Hors agglomération,Hors intersection,Normale,Sans collision,3,2,2,0,1,3,1,0,1,80,,1,0,0,1,0,79.0,,,,1,1,1,1,7
202100040540,2021-05-09 03:45:00,2021,5,9,3,45,09,09019,261 Soula d'En Haut,43.143061,1.434985,Nuit sans éclairage public,En agglomération,Hors intersection,Normale,Autre collision,3,2,2,0,1,1,1,0,8,50,,1,0,0,1,0,31.0,,,,3,2,1,1,6
202100040541,2021-05-09 14:00:00,2021,5,9,14,0,974,97404,Route des Sables,-21.280299,55.373134,Plein jour,Hors agglomération,Hors intersection,Normale,Deux véhicules - frontale,4,2,2,0,1,1,1,0,3,50,,2,1,0,1,0,22.0,,,,1,1,1,1,1
202100040542,2021-05-10 15:40:00,2021,5,10,15,40,972,97222,N1,14.670292,-60.955354,Plein jour,Hors agglomération,Intersection en T,Normale,Deux véhicules - côté,2,2,2,0,4,1,1,0,1,80,,2,1,0,0,1,35.0,47.0,,,1,1,3,1,3
202100040543,2021-05-08 11:55:00,2021,5,8,11,55,972,97221,Thoraille,14.514471,-60.962199,Plein jour,En agglomération,Hors intersection,Pluie légère,Deux véhicules - frontale,3,2,2,0,1,3,2,0,1,50,,2,1,0,1,0,42.0,64.0,,,1,2,1,2,1
202100040544,2021-05-11 08:45:00,2021,5,11,8,45,29,29010,RN 12  PK 044.500,48.506227,-4.124379,Plein jour,Hors agglomération,Hors intersection,Normale,Deux véhicules - arrière,2,3,4,0,1,1,1,2,1,110,,2,0,0,0,2,22.0,29.0,,,1,1,1,1,2
202100040545,2021-05-10 19:50:00,2021,5,10,19,50,58,58227,Route de Saint Fargeau,47.581896,3.078403,Crépuscule ou aube,Hors agglomération,Hors intersection,Pluie légère,Deux véhicules - frontale,3,2,2,0,1,1,2,0,1,80,,2,0,1,1,0,25.0,22.0,,,2,1,1,2,1
202100040546,2021-05-11 17:19:00,2021,5,11,17,19,38,38373,D12a,45.366245,5.55301,Plein jour,En agglomération,Intersection en X,Pluie forte,Deux véhicules - côté,3,2,2,0,1,2,2,0,1,50,,3,2,0,1,0,73.0,24.0,,,1,2,2,3,3
202100040547,2021-05-11 10:29:00,2021,5,11,10,29,62,62258,D101,50.357354,2.240712,Plein jour,Hors agglomération,Hors intersection,Normale,Autre collision,3,2,2,0,3,1,1,0,1,80,,2,1,1,0,0,50.0,60.0,,,1,1,1,1,6
202100040548,2021-05-11 15:00:00,2021,5,11,15,0,31,31203,Route de Plaisance,43.520996,1.315611,Plein jour,En agglomération,Hors intersection,Normale,Autre collision,3,2,2,0,1,1,1,6,1,50,,2,1,0,1,0,61.0,,,,1,2,1,1,6
202100040549,2021-05-10 11:45:00,2021,5,10,11,45,57,57235,Rue Notre Dame,49.285723,6.503324,Plein jour,En agglomération,Hors intersection,Pluie légère,Autre collision,4,2,2,0,1,3,2,0,8,50,,1,0,0,1,0,18.0,,,,1,2,1,2,6
202100040550,2021-05-07 16:30:00,2021,5,7,16,30,19,19113,Manzagol,45.39596,2.302499,Plein jour,Hors agglomération,Hors intersection,Normale,Deux véhicules - frontale,3,2,2,0,1,1,1,0,1,90,,2,1,0,1,0,20.0,49.0,,,1,1,1,1,1
202100040551,2021-04-07 19:45:00,2021,4,7,19,45,65,65062,D817,43.200616,0.13079,Plein jour,En agglomération,Hors intersection,Normale,Deux véhicules - arrière,3,2,2,0,2,1,1,0,1,50,,2,1,0,1,0,,17.0,,,1,2,1,1,2
202100040552,2021-05-09 16:15:00,2021,5,9,16,15,63,63214,D751A,45.702628,3.198781,Plein jour,Hors agglomération,Hors intersection,Vent fort / tempête,Sans collision,3,2,2,0,2,3,1,0,1,80,,2,1,0,1,0,53.0,,,,1,1,1,6,7
202100040553,2021-05-10 10:30:00,2021,5,10,10,30,76,76618,D26,49.951116,1.244443,Plein jour,Hors agglomération,Hors intersection,Normale,Deux véhicules - côté,3,2,2,0,2,4,1,0,3,80,,2,1,0,0,1,55.0,24.0,,,1,1,1,1,3
202100040554,2021-05-10 13:43:00,2021,5,10,13,43,35,35204,Rue de Vern,48.042283,-1.548858,Plein jour,En agglomération,Hors intersection,Normale,Autre collision,4,2,2,0,1,1,1,0,1,30,,3,1,0,1,1,68.0,,,,1,2,1,1,6
202100040555,2021-05-11 12:45:00,2021,5,11,12,45,14,14578,D579,49.369462,0.204822,Plein jour,Hors agglomération,Autre intersection,Normale,Deux véhicules - frontale,3,2,2,0,1,1,1,0,1,80,,3,2,0,0,1,65.0,35.0,,,1,1,9,1,1
202100040556,2021-05-11 06:35:00,2021,5,11,6,35,83,83012,route de marseille,43.552016,6.004629,Crépuscule ou aube,En agglomération,Hors intersection,Pluie légère,Autre collision,3,2,2,0,1,1,2,0,3,50,,1,0,0,0,1,20.0,,,,2,2,1,2,6
202100040557,2021-03-22 17:55:00,2021,3,22,17,55,64,64283,route de Mandos,43.199439,-1.200787,Plein jour,En agglomération,Hors intersection,Normale,Sans collision,4,2,2,0,1,1,1,0,3,50,,1,0,0,0,1,16.0,,,,1,2,1,1,7
202100040558,2021-05-09 16:30:00,2021,5,9,16,30,21,21009,D906,47.1860822679,4.39856117,Plein jour,Hors agglomération,Intersection en X,Normale,Deux véhicules - côté,3,2,2,0,1,1,1,0,1,90,,3,1,0,0,2,36.0,33.0,,,1,1,2,1,3
202100040559,2021-05-08 16:50:00,2021,5,8,16,50,40,40268,D12,43.520095,-1.286176,Plein jour,Hors agglomération,Hors intersection,Temps éblouissant,Autre collision,3,2,1,0,2,2,1,0,1,80,,2,1,0,1,0,34.0,,,,1,1,1,7,6
202100040560,2021-05-10 20:00:00,2021,5,10,20,0,17,17322,lieu dit La maisonnette,46.266884,-0.82891,Plein jour,Hors agglomération,Hors intersection,Normale,Autre collision,3,2,2,0,1,2,1,0,3,80,,1,0,0,1,0,44.0,,,,1,1,1,1,6
202100040561,2021-05-11 05:30:00,2021,5,11,5,30,87,87030,Pont de la gorre,45.852269,0.864036,Nuit avec éclairage allumé,Hors agglomération,Hors intersection,Pluie forte,Autre collision,3,2,2,0,2,1,2,0,1,90,,2,1,1,0,0,20.0,,,,5,1,1,3,6
202100040562,2021-05-11 15:45:00,2021,5,11,15,45,52,52123,N67,48.5023349228,5.1042510769,Plein jour,Hors agglomération,Hors intersection,Normale,Deux véhicules - frontale,2,2,2,0,1,1,1,0,1,80,,3,0,2,1,0,27.0,22.0,,,1,1,1,1,1
202100040563,2021-05-03 07:45:00,2021,5,3,7,45,24,24370,Rue du Grand Cordon,44.844353,0.149799,Plein jour,En agglomération,Hors intersection,Normale,Autre collision,4,3,2,0,1,1,1,0,3,50,,2,1,0,1,0,27.0,,,,1,2,1,1,6
202100040564,2021-05-10 13:00:00,2021,5,10,13,0,34,34022,A709,43.670253,4.010851,Plein jour,Hors agglomération,Hors intersection,Pluie forte,Deux véhicules - arrière,1,2,5,0,1,1,4,7,1,70,,3,1,0,1,1,53.0,30.0,,,1,1,1,3,2