accident_id,datetime,annee,mois,jour,heure,minute,departement,commune_insee,adresse,latitude,longitude,luminosite,agglomeration,intersection,meteo,collision,catr,circ,nbv,vosp,prof,plan,surf,infra,situ,vma,nb_vehicules,nb_usagers,nb_indemnes,nb_tues,nb_blesses_hosp,nb_blesses_legers,age_cond_1,age_cond_2,veh_type_cond_1,veh_type_cond_2,lum_code,agg_code,int_code,atm_code,col_code
202100040565,2021-05-10 13:25:00,2021,5,10,13,25,33,33005,Avenue de Gascogne,44.732006,-1.077642,Plein jour,En agglomération,Autre intersection,Normale,Deux véhicules - côté,4,2,2,1,1,1,1,9,1,30,,2,1,0,1,0,73.0,53.0,,,1,2,9,1,3
202100040566,2021-05-07 19:45:00,2021,5,7,19,45,971,97118,Chemin de Montebello,16.17559,-61.597724,Nuit avec éclairage allumé,En agglomération,Hors intersection,Normale,Sans collision,3,2,2,0,2,3,1,0,1,50,,2,0,0,2,0,23.0,,,,5,2,1,1,7
202100040567,2021-05-10 13:45:00,2021,5,10,13,45,971,97134,Avenue du General de Gaulle,16.0598735216,-61.7667621374,Plein jour,En agglomération,Intersection en X,Normale,Deux véhicules - côté,2,2,2,0,1,1,1,0,1,50,,5,3,0,1,1,62.0,19.0,,,1,2,2,1,3
202100040568,2021-05-10 22:50:00,2021,5,10,22,50,84,84003,avenue de la libération,43.878911,5.37602,Nuit avec éclairage allumé,En agglomération,Hors intersection,Normale,Autre collision,3,2,2,0,4,3,2,9,8,50,,1,0,1,0,0,23.0,,,,5,2,1,1,6
202100040569,2021-05-08 11:45:00,2021,5,8,11,45,71,71360,Route de Chevigne,46.319074,4.741223,Plein jour,Hors agglomération,Hors intersection,Normale,Sans collision,3,2,2,0,2,3,1,0,1,80,,1,0,0,1,0,47.0,,,,1,1,1,1,7
202100040570,2021-05-11 18:15:00,2021,5,11,18,15,88,88219,D19,48.450048,5.679138,Plein jour,En agglomération,Autre intersection,Pluie légère,Deux véhicules - côté,3,2,2,0,1,1,2,0,1,50,,2,1,0,1,0,51.0,15.0,,,1,2,9,2,3
202100040571,2021-05-09 11:50:00,2021,5,9,11,50,57,57659,RD32A,49.18928,6.955885,Plein jour,Hors agglomération,Autre intersection,Normale,Deux véhicules - frontale,3,2,2,0,1,3,1,9,1,90,,3,2,0,1,0,66.0,40.0,,,1,1,9,1,1
202100040572,2021-05-11 16:00:00,2021,5,11,16,0,74,74249,Rte de la Fin Franche,46.358113,6.655733,Plein jour,En agglomération,Hors intersection,Pluie légère,Autre collision,4,2,2,0,1,2,2,0,3,50,,1,0,1,0,0,45.0,,,,1,2,1,2,6
202100040573,2021-05-09 06:00:00,2021,5,9,6,0,73,73047,RD 902,45.362075,7.034429,Crépuscule ou aube,Hors agglomération,Hors intersection,Normale,Autre collision,3,2,2,0,1,2,1,0,3,80,,1,0,1,0,0,19.0,,,,2,1,1,1,6
202100040574,2021-05-11 15:10:00,2021,5,11,15,10,38,38468,D51,45.33957,4.79813,Plein jour,Hors agglomération,Hors intersection,Normale,Sans collision,3,2,2,0,4,3,2,0,1,80,,1,0,0,1,0,54.0,,,,1,1,1,1,7
202100040575,2021-05-09 12:30:00,2021,5,9,12,30,09,09244,D119,43.076333,1.775386,Plein jour,Hors agglomération,Hors intersection,Normale,Autre collision,3,2,3,0,1,1,1,0,1,90,,1,0,0,1,0,52.0,,,,1,1,1,1,6
202100040576,2021-05-11 07:25:00,2021,5,11,7,25,86,86255,D148,46.157213,0.335598,Plein jour,Hors agglomération,Hors intersection,Pluie légère,Deux véhicules - côté,3,2,2,0,2,3,2,0,1,70,,2,1,0,1,0,52.0,66.0,,,1,1,1,2,3
202100040577,2021-05-04 15:15:00,2021,5,4,15,15,76,76250,Route du Ponant,49.5623516583,0.3032083984,Plein jour,Hors agglomération,Hors intersection,Normale,Sans collision,3,2,2,0,1,2,1,0,1,80,,1,0,0,1,0,47.0,,,,1,1,1,1,7
202100040578,2021-05-10 17:30:00,2021,5,10,17,30,13,13055,A507 sens Marseille - Aubagne,43.319702,5.422452,Plein jour,Hors agglomération,Hors intersection,Pluie légère,Sans collision,1,-1,1,0,1,2,2,0,1,70,,1,0,0,0,1,22.0,,,,1,1,1,2,7
202100040579,2021-05-10 16:20:00,2021,5,10,16,20,13,13071,A7-Sens Lyon vers Marseille,43.4036,5.3431,Plein jour,Hors agglomération,Hors intersection,Pluie légère,Trois véhicules et plus - en chaîne,1,-1,3,0,1,1,2,0,1,90,,4,3,0,0,1,59.0,25.0,,,1,1,1,2,4
202100040580,2021-05-10 12:30:00,2021,5,10,12,30,91,91689,AUTOROUTE A6,48.72925,2.31412,Plein jour,Hors agglomération,Hors intersection,Normale,Trois véhicules et plus - en chaîne,1,2,5,0,1,1,1,0,1,110,,5,4,0,0,1,54.0,26.0,,,1,1,1,1,4
202100040581,2021-05-06 12:05:00,2021,5,6,12,5,91,91553,RN 104,48.6257,2.4753,Plein jour,Hors agglomération,Hors intersection,Pluie légère,Deux véhicules - côté,2,3,8,0,2,1,2,3,1,110,,2,1,0,0,1,27.0,21.0,,,1,1,1,2,3
202100040582,2021-05-10 06:30:00,2021,5,10,6,30,94,94034,AUTOROUTE A86,48.7579,2.3356,Plein jour,Hors agglomération,Hors intersection,Normale,Deux véhicules - côté,1,3,2,0,1,3,2,0,1,70,,2,1,0,0,1,50.0,21.0,,,1,1,1,1,3
202100040583,2021-05-10 01:30:00,2021,5,10,1,30,92,92025,A86,48.9354125442,2.261189974,Nuit avec éclairage non allumé,Hors agglomération,Hors intersection,Pluie légère,Autre collision,1,-1,2,0,1,2,2,0,1,90,,4,3,0,1,0,21.0,,,,4,1,1,2,6
202100040584,2021-05-10 07:30:00,2021,5,10,7,30,94,94015,A4,48.8329741531,2.5336492518,Plein jour,Hors agglomération,Hors intersection,Temps couvert,Trois véhicules et plus - en chaîne,1,1,4,0,1,1,2,0,1,110,,3,2,0,0,1,61.0,52.0,,,1,1,1,8,4
202100040585,2021-01-14 08:00:00,2021,1,14,8,0,28,28418,Départemantale 127 PK 31 + 700,48.153227,1.503451,Plein jour,Hors agglomération,Hors intersection,Temps couvert,Sans collision,3,2,2,0,1,1,9,0,1,80,,1,0,0,1,0,39.0,,,,1,1,1,8,7
202100040586,2021-05-09 06:45:00,2021,5,9,6,45,988,98818,AVENUE JAMES COOK/RUE DU C. A.JOSEPH BOUZET,-22.26686,166.41449,Plein jour,En agglomération,Intersection en T,Normale,Deux véhicules - frontale,4,2,2,0,1,1,1,0,1,50,,3,0,0,2,1,29.0,32.0,,,1,2,3,1,1
202100040587,2021-05-08 07:05:00,2021,5,8,7,5,988,98818,RUE DU DOCTEUR ESCHEMBRENNER/AVENUE JAMES COOK,-22.26173,166.40063,Plein jour,En agglomération,Intersection en T,Normale,Deux véhicules - côté,4,2,2,0,2,1,1,0,1,50,,3,2,0,0,1,20.0,34.0,,,1,2,3,1,3
202100040588,2021-05-07 17:50:00,2021,5,7,17,50,988,98818,RUE JACQUES IEKAWE/RUE CIRCULAIRE,-22.24002,166.4717,Nuit avec éclairage allumé,En agglomération,Intersection en T,Normale,Autre collision,4,2,2,0,2,1,1,0,1,50,,2,1,0,1,0,63.0,,,,5,2,3,1,6
202100040589,2021-05-04 16:23:00,2021,5,4,16,23,988,98818,RUE AUGUSTE BENEBIG/RUE ALBERT 1ER,-22.27149,166.45155,Plein jour,En agglomération,Intersection en T,Pluie légère,Deux véhicules - côté,4,2,3,0,2,1,2,0,1,50,,2,1,0,0,1,46.0,36.0,,,1,2,3,2,3
202100040590,2021-05-09 13:40:00,2021,5,9,13,40,974,97409,CAMBUSTON (rue de),-20.9323221,55.650908947,Plein jour,Hors agglomération,Hors intersection,Normale,Deux véhicules - côté,4,2,2,0,1,1,9,8,1,50,,2,1,0,0,1,32.0,45.0,,,1,1,1,1,3
202100040591,2021-05-08 21:50:00,2021,5,8,21,50,973,97302,BADUEL (ROUTE DE),4.9323783147,-52.3081268568,Nuit avec éclairage allumé,En agglomération,Hors intersection,Normale,Deux véhicules - côté,3,2,2,0,1,1,1,0,1,50,,2,1,0,0,1,42.0,24.0,,,5,2,1,1,3
202100040592,2021-05-09 19:57:00,2021,5,9,19,57,69,69383,ALBERT THOMAS (CR),45.746678226,4.8681208491,Crépuscule ou aube,En agglomération,Intersection en X,Normale,Deux véhicules - côté,4,2,4,1,2,1,1,0,1,50,,2,1,0,1,0,,25.0,,,2,2,2,1,3
202100040593,2021-05-09 17:20:00,2021,5,9,17,20,69,69199,MARCEL SEMBAT (R),45.71158,4.84438,Plein jour,En agglomération,Intersection en T,Normale,Deux véhicules - côté,4,2,2,0,3,1,1,2,1,50,,2,1,0,0,1,26.0,22.0,,,1,2,3,1,3
202100040594,2021-05-08 19:45:00,2021,5,8,19,45,69,69387,BERTHELOT                           (AV),45.7436,4.84656,Plein jour,En agglomération,Hors intersection,Normale,Deux véhicules - côté,4,-1,4,0,1,1,1,0,1,50,,3,2,0,0,1,21.0,26.0,,,1,2,1,1,3
202100040595,2021-05-09 13:45:00,2021,5,9,13,45,972,97213,ROUTE NATIONALE 1,14.61983,-60.9947,Plein jour,Hors agglomération,Autre intersection,Normale,Sans collision,2,-1,2,0,1,1,1,0,1,50,,3,1,0,0,2,22.0,26.0,,,1,1,9,1,7
202100040596,2021-05-09 10:43:00,2021,5,9,10,43,972,97224,ROUTE DEPARTEMENTALE 14,14.653255,-61.033722,Plein jour,Hors agglomération,Hors intersection,Normale,Sans collision,3,2,1,0,2,1,1,0,1,50,,1,0,0,1,0,38.0,,,,1,1,1,1,7
202100040597,2021-05-08 12:44:00,2021,5,8,12,44,69,69384,BIRMINGHAM (DE)                     (AV),45.77468,4.81249,Plein jour,En agglomération,Hors intersection,Normale,Deux véhicules - arrière,4,1,3,3,1,1,1,0,1,50,,4,1,0,0,3,31.0,21.0,,,1,2,1,1,2
202100040598,2021-05-08 12:30:00,2021,5,8,12,30,971,97105,FELIX EBOUE (BOULVARD G.GENERAL),15.992145127,-61.7281651497,Plein jour,En agglomération,Hors intersection,Normale,Deux véhicules - arrière,2,2,2,0,4,1,1,0,1,50,,3,1,0,0,2,62.0,22.0,,,1,2,1,1,2
202100040599,2021-05-09 15:30:00,2021,5,9,15,30,95,95019,JAURES JEAN (RUE),48.99493,2.41938,Plein jour,En agglomération,Hors intersection,Normale,Deux véhicules - côté,4,2,0,0,1,1,1,0,4,50,,3,2,0,0,1,16.0,36.0,,,1,2,1,1,3
202100040600,2021-05-09 22:45:00,2021,5,9,22,45,91,91103,RUE DE VALORGE,48.615883,2.284256,Nuit avec éclairage allumé,Hors agglomération,Intersection en X,Normale,Deux véhicules - côté,4,2,2,0,1,1,1,0,1,50,,3,1,0,1,1,39.0,23.0,,,5,1,2,1,3
202100040601,2021-05-08 17:15:00,2021,5,8,17,15,83,83069,AEROPORT (AVENUE DE L'),43.08463,6.14844,Plein jour,Hors agglomération,Autre intersection,Normale,Deux véhicules - côté,7,2,2,0,1,1,1,0,1,70,,2,1,0,0,1,55.0,61.0,,,1,1,9,1,3
202100040602,2021-05-09 16:40:00,2021,5,9,16,40,76,76498,HUGO. RUE VICTOR,49.42355,1.06405,Plein jour,En agglomération,Intersection en T,Normale,Deux véhicules - côté,4,2,2,0,2,1,1,0,1,50,,2,1,0,1,0,52.0,11.0,,,1,2,3,1,3
202100040603,2021-05-08 16:50:00,2021,5,8,16,50,74,74010,MARQUISATS (AVENUE DES),45.8836764518,6.1420655251,Plein jour,En agglomération,Hors intersection,Normale,Deux véhicules - arrière,3,2,2,0,1,1,1,0,1,50,,2,1,0,0,1,60.0,25.0,,,1,2,1,1,2
202100040604,2021-05-09 16:54:00,2021,5,9,16,54,68,68256,TUILERIES (QUARTIERS DES),47.76835,7.31255,Plein jour,En agglomération,Hors intersection,Normale,Deux véhicules - frontale,4,2,2,0,1,2,1,0,1,50,,2,1,0,0,1,11.0,62.0,,,1,2,1,1,1
202100040605,2021-05-09 15:55:00,2021,5,9,15,55,64,64249,GETARIA(AVENUE),43.420439,-1.607073,Plein jour,En agglomération,Hors intersection,Normale,Deux véhicules - côté,4,2,2,0,1,1,1,0,1,50,,2,1,0,0,1,50.0,42.0,,,1,2,1,1,3
202100040606,2021-04-24 19:00:00,2021,4,24,19,0,62,62765,CALAIS (RUE DE..N°01 A 33 ET 02 A 30),50.752933,2.251297,Plein jour,En agglomération,Hors intersection,Normale,Autre collision,4,2,2,0,2,1,1,0,1,50,,2,1,0,0,1,28.0,,,,1,2,1,1,6
202100040607,2021-05-09 21:20:00,2021,5,9,21,20,59,59360,FOCH RUE DU MARECHAL,50.6141943193,3.0111041216,Nuit avec éclairage allumé,En agglomération,Intersection en X,Temps couvert,Deux véhicules - côté,7,3,2,3,1,1,1,0,1,50,,2,1,0,0,1,,30.0,,,5,2,2,8,3
202100040608,2021-05-09 20:50:00,2021,5,9,20,50,49,49007,CHAPEAU DE GENDARME,47.45079,-0.5561,Nuit avec éclairage allumé,En agglomération,Hors intersection,Normale,Deux véhicules - arrière,4,-1,2,0,1,1,2,0,1,50,,2,1,0,0,1,65.0,46.0,,,5,2,1,1,2
202100040609,2021-05-09 15:33:00,2021,5,9,15,33,47,47215,RD 226,44.378508,0.683084,Plein jour,Hors agglomération,Hors intersection,Normale,Sans collision,3,-1,1,0,2,2,1,0,8,50,,1,0,0,1,0,40.0,,,,1,1,1,1,7
202100040610,2021-05-09 18:25:00,2021,5,9,18,25,33,33529,,44.60546,-1.20062,Plein jour,En agglomération,Hors intersection,Pluie forte,Sans collision,3,2,3,1,1,1,2,0,5,50,,1,0,0,0,1,23.0,,,,1,2,1,3,7
202100040611,2021-05-09 16:15:00,2021,5,9,16,15,33,33529,Le Petit Nice Pyla,44.55924,-1.24009,Plein jour,Hors agglomération,Hors intersection,Temps couvert,Sans collision,6,-1,-1,0,1,1,1,0,8,30,,1,0,0,0,1,30.0,,,,1,1,1,8,7
202100040612,2021-05-09 02:05:00,2021,5,9,2,5,29,29151,N12 - Viaduc,48.5937355883,-3.835188866,Nuit sans éclairage public,Hors agglomération,Hors intersection,Normale,Sans collision,2,3,4,0,2,1,1,2,1,110,,4,0,0,0,4,31.0,,,,3,1,1,1,7
202100040613,2021-05-08 17:00:00,2021,5,8,17,0,29,29039,N165 - ,47.93734,-3.91353,Plein jour,Hors agglomération,Hors intersection,Temps couvert,Autre collision,2,3,4,0,1,1,1,0,3,110,,2,0,0,0,2,25.0,,,,1,1,1,8,6
202100040614,2021-05-09 16:30:00,2021,5,9,16,30,13,13205,SAINTE CECILE (RUE),43.288185,5.395217,Plein jour,En agglomération,Intersection en X,Normale,Deux véhicules - côté,4,1,1,0,1,1,1,0,1,50,,2,0,0,0,2,19.0,48.0,,,1,2,2,1,3
202100040615,2021-05-08 23:52:00,2021,5,8,23,52,13,13208,TUNNEL PRADO SUD,43.27253,5.391498,Nuit avec éclairage allumé,En agglomération,Hors intersection,Normale,Autre collision,4,1,2,0,1,2,1,1,4,50,,2,0,0,0,2,26.0,,,,5,2,1,1,6
202100040616,2021-05-08 19:00:00,2021,5,8,19,0,13,13208,MICHELET (BOULEVARD),43.262823,5.396786,Plein jour,En agglomération,Hors intersection,Normale,Trois véhicules et plus - collisions multiples,4,2,6,0,1,1,1,0,1,50,,3,2,0,0,1,39.0,21.0,,,1,2,1,1,5
202100040617,2021-05-08 17:25:00,2021,5,8,17,25,13,13028,CD.559,43.19308,5.60264,Plein jour,En agglomération,Hors intersection,Normale,Trois véhicules et plus - en chaîne,7,2,4,0,1,1,1,0,1,50,,4,1,0,1,2,44.0,35.0,,,1,2,1,1,4
202100040618,2021-05-09 09:15:00,2021,5,9,9,15,13,13004,AV DOC ROBERT MOREL,43.6818,4.60847,Plein jour,En agglomération,Autre intersection,Normale,Deux véhicules - côté,4,2,4,0,1,1,1,0,1,50,,2,1,0,1,0,59.0,29.0,,,1,2,9,1,3
202100040619,2021-05-07 14:00:00,2021,5,7,14,0,12,12083,GENERAL ARTOUS (DU),44.52448,2.28074,Plein jour,En agglomération,Intersection en X,Normale,Deux véhicules - côté,3,2,2,0,1,2,1,0,1,50,,2,1,0,0,1,48.0,41.0,,,1,2,2,1,3
202100040620,2021-05-09 14:33:00,2021,5,9,14,33,06,06088,CESSOLE (BD DE) (A PARTIR DU 101-114),43.724328,7.249735,Plein jour,En agglomération,Intersection en T,Normale,Deux véhicules - frontale,4,2,2,0,1,1,1,0,1,50,,4,1,0,0,3,31.0,42.0,,,1,2,3,1,1
202100040621,2021-05-09 12:00:00,2021,5,9,12,0,06,06088,SARAMITO (AV. GEN.),43.74032,7.30743,Plein jour,En agglomération,Hors intersection,Normale,Autre collision,4,1,1,0,1,1,1,0,1,50,,4,3,0,0,1,49.0,,,,1,2,1,1,6
202100040622,2021-05-08 17:25:00,2021,5,8,17,25,06,06069,CLAVARY (CHEMIN DE),43.61989,6.93355,Plein jour,En agglomération,Hors intersection,Normale,Deux véhicules - côté,4,2,2,0,1,2,1,0,1,50,,2,1,0,0,1,75.0,51.0,,,1,2,1,1,3
202100040623,2021-05-08 17:40:00,2021,5,8,17,40,75,75113,PORTE D ITALIE,48.816224,2.363941,Plein jour,En agglomération,Hors intersection,Normale,Deux véhicules - côté,4,1,4,0,1,1,1,0,1,70,,3,2,0,0,1,,40.0,,,1,2,1,1,3
202100040624,2021-05-09 13:20:00,2021,5,9,13,20,75,75120,PORTE DE MONTREUIL,48.856344,2.413923,Plein jour,En agglomération,Hors intersection,Normale,Deux véhicules - arrière,4,3,4,0,1,1,1,0,1,70,,3,1,0,0,2,56.0,53.0,,,1,2,1,1,2
202100040625,2021-05-08 18:55:00,2021,5,8,18,55,75,75120,AVENUE GAMBETTA,48.864965,2.395547,Plein jour,En agglomération,Giratoire,Normale,Deux véhicules - arrière,4,2,2,1,3,1,1,5,1,50,,2,1,0,0,1,48.0,26.0,,,1,2,6,1,2
202100040626,2021-05-09 11:20:00,2021,5,9,11,20,75,75119,RUE DE BELLEVILLE,48.875463,2.39901,Plein jour,En agglomération,Intersection en X,Normale,Deux véhicules - côté,4,2,4,0,1,1,1,0,1,50,,3,2,0,0,1,20.0,38.0,,,1,2,2,1,3
202100040627,2021-05-09 16:25:00,2021,5,9,16,25,75,75115,AVENUE ALBERT BARTHOLOME,48.829085,2.293269,Plein jour,En agglomération,Intersection en T,Normale,Autre collision,4,2,2,0,1,1,1,0,1,50,,3,1,0,0,2,69.0,,,,1,2,3,1,6
202100040628,2021-05-09 14:10:00,2021,5,9,14,10,75,75114,AVENUE DU GENERAL LECLERC,48.82617,2.326263,Plein jour,En agglomération,Hors intersection,Normale,Deux véhicules - côté,4,2,5,3,1,1,1,0,6,50,,2,1,0,0,1,28.0,57.0,,,1,2,1,1,3
202100040629,2021-05-09 20:54:00,2021,5,9,20,54,75,75113,PONT CHARLES DE GAULLE,48.841909,2.367907,Plein jour,En agglomération,Intersection en X,Temps couvert,Deux véhicules - côté,4,2,-1,0,1,1,1,5,1,50,,3,1,0,0,2,43.0,44.0,,,1,2,2,8,3
202100040630,2021-05-09 18:45:00,2021,5,9,18,45,94,94052,STRASBOURG (BD DE),48.8358,2.4746,Plein jour,En agglomération,Autre intersection,Temps couvert,Deux véhicules - côté,3,2,2,0,1,1,2,0,1,50,,2,1,0,0,1,53.0,33.0,,,1,2,9,8,3
202100040631,2021-05-09 20:10:00,2021,5,9,20,10,94,94017,Boulevard de Stalingrad,48.82224,2.49793,Crépuscule ou aube,En agglomération,Hors intersection,Normale,Deux véhicules - côté,3,2,2,0,1,1,1,0,1,50,,3,0,0,0,3,21.0,28.0,,,2,2,1,1,3
202100040632,2021-05-09 19:45:00,2021,5,9,19,45,93,93066,Boulevard Anatole France,48.919929,2.343625,Plein jour,En agglomération,Hors intersection,Normale,Deux véhicules - frontale,3,2,2,0,2,2,1,9,1,50,,2,1,0,0,1,43.0,40.0,,,1,2,1,1,1
202100040633,2021-05-09 15:00:00,2021,5,9,15,0,93,93031,Avenue Joffre,48.960734,2.297365,Plein jour,En agglomération,Hors intersection,Normale,Deux véhicules - côté,3,3,5,0,1,1,1,0,1,50,,2,1,0,0,1,29.0,,,,1,2,1,1,3
202100040634,2021-05-08 23:30:00,2021,5,8,23,30,93,93057,BRIAND ( AV. ARISTIDE) 134 A 212,48.909414,2.504742,Nuit avec éclairage allumé,Hors agglomération,Hors intersection,Normale,Deux véhicules - arrière,3,-1,0,0,1,1,1,0,1,50,,3,2,0,0,1,45.0,23.0,,,5,1,1,1,2
202100040635,2021-05-09 19:21:00,2021,5,9,19,21,93,93007,HENRI BARBUSSE (AVENUE),48.9395414801,2.4618212874,Plein jour,En agglomération,Intersection à plus de 4 branches,Normale,Deux véhicules - côté,4,1,2,0,1,1,2,0,1,50,,5,0,0,2,3,21.0,44.0,,,1,2,5,1,3
202100040636,2021-05-09 13:00:00,2021,5,9,13,0,93,93005,Rue Louis Saillant,48.95279,2.476538,Plein jour,En agglomération,Hors intersection,Normale,Autre collision,4,-1,2,0,1,1,1,0,1,30,,3,2,0,0,1,47.0,,,,1,2,1,1,6
202100040637,2021-05-09 16:20:00,2021,5,9,16,20,92,92051,BOURDON (BOULEVARD),48.893538343,2.267626673,Plein jour,En agglomération,Intersection à plus de 4 branches,Normale,Deux véhicules - frontale,3,2,-1,1,1,3,1,0,1,50,,2,1,0,0,1,47.0,33.0,,,1,2,5,1,1
202100040638,2021-05-10 08:00:00,2021,5,10,8,0,95,95052,Rond point du métronome,49.1377378545,2.272131443,Plein jour,En agglomération,Giratoire,Normale,Autre collision,3,-1,1,0,1,3,1,0,1,50,,2,1,0,0,1,46.0,,,,1,2,6,1,6
202100040639,2021-05-08 10:40:00,2021,5,8,10,40,11,11036,D 613,42.846434,2.101151,Plein jour,Hors agglomération,Hors intersection,Normale,Autre collision,3,2,2,0,1,2,1,0,1,80,,4,2,0,1,1,48.0,,,,1,1,1,1,6
202100040640,2021-05-09 23:56:00,2021,5,9,23,56,12,12053,D24,44.450643,1.938679,Nuit sans éclairage public,Hors agglomération,Hors intersection,Pluie légère,Autre collision,3,2,2,0,1,2,2,0,3,80,,1,0,0,1,0,37.0,,,,3,1,1,2,6
202100040641,2021-05-10 05:30:00,2021,5,10,5,30,24,24264,plaisance,45.012041,0.077752,Nuit sans éclairage public,Hors agglomération,Intersection en T,Temps couvert,Deux véhicules - côté,3,2,2,0,1,1,2,0,1,90,,3,2,0,1,0,55.0,16.0,,,3,1,3,8,3
202100040642,2021-05-09 20:20:00,2021,5,9,20,20,973,97353,Route de l'Aeroport,3.647072,-54.032044,Nuit avec éclairage allumé,En agglomération,Hors intersection,Pluie forte,Sans collision,4,2,2,0,1,2,2,0,3,50,,1,0,1,0,0,33.0,,,,5,2,1,3,7
202100040643,2021-05-08 17:50:00,2021,5,8,17,50,71,71075,Lieu Dit les Vignes,46.60186,3.855587,Plein jour,Hors agglomération,Hors intersection,Temps éblouissant,Deux véhicules - côté,3,2,2,0,1,1,1,0,1,80,,3,1,0,1,1,20.0,30.0,,,1,1,1,7,3
202100040644,2021-05-09 19:50:00,2021,5,9,19,50,31,31446,Boulevard François Mitterrand (Pont),43.54772,1.479753,Crépuscule ou aube,En agglomération,Hors intersection,Pluie légère,Autre collision,3,2,2,3,2,1,2,2,6,50,,1,0,1,0,0,26.0,,,,2,2,1,2,6
202100040645,2021-04-29 16:50:00,2021,4,29,16,50,57,57210,pk 038.500,48.851331,6.983163,Plein jour,Hors agglomération,Hors intersection,Normale,Sans collision,3,2,2,0,1,1,1,0,8,80,,2,1,0,1,0,50.0,,,,1,1,1,1,7
202100040646,2021-05-08 07:35:00,2021,5,8,7,35,972,97229,Anse Gouraud,14.609426,-61.097036,Plein jour,En agglomération,Giratoire,Normale,Autre collision,2,3,4,0,1,1,1,5,1,50,,2,1,0,1,0,71.0,,,,1,2,6,1,6
202100040647,2021-05-08 12:45:00,2021,5,8,12,45,17,17264,Rue Clément  MAROT,46.202372,-1.174727,Plein jour,En agglomération,Autre intersection,Normale,Deux véhicules - frontale,4,2,2,0,2,1,1,0,1,50,,2,1,0,1,0,31.0,29.0,,,1,2,9,1,1
202100040648,2021-05-08 17:30:00,2021,5,8,17,30,58,58213,Villaines,47.417736,3.025317,Plein jour,Hors agglomération,Hors intersection,Normale,Sans collision,3,2,2,0,2,1,1,0,1,80,,1,0,1,0,0,41.0,,,,1,1,1,1,7
202100040649,2021-05-09 14:50:00,2021,5,9,14,50,38,38373,Chemin des Croix,45.35126,5.56058,Plein jour,Hors agglomération,Hors intersection,Vent fort / tempête,Sans collision,4,2,1,0,1,1,1,0,1,50,,1,0,0,1,0,58.0,,,,1,1,1,6,7
202100040650,2021-05-09 16:30:00,2021,5,9,16,30,65,65303,D817,43.196479,0.165696,Plein jour,Hors agglomération,Hors intersection,Normale,Sans collision,3,2,2,0,1,1,1,0,3,70,,1,0,0,1,0,54.0,,,,1,1,1,1,7
202100040651,2021-05-10 14:00:00,2021,5,10,14,0,23,23140,RD 990,45.927274,2.189991,Plein jour,Hors agglomération,Hors intersection,Normale,Deux véhicules - côté,3,2,2,0,2,1,1,0,1,90,,2,1,0,1,0,36.0,76.0,,,1,1,1,1,3
202100040652,2021-05-08 22:25:00,2021,5,8,22,25,19,19123,RD 44,45.1818043437,1.5762799285,Nuit avec éclairage allumé,Hors agglomération,Hors intersection,Normale,Autre collision,3,2,2,0,2,3,1,0,3,70,,1,0,0,1,0,39.0,,,,5,1,1,1,6
202100040653,2021-05-10 17:20:00,2021,5,10,17,20,76,76166,D929,49.7497526769,1.6031003371,Plein jour,Hors agglomération,Intersection en X,Normale,Sans collision,3,2,2,0,1,1,1,0,1,50,,2,1,0,1,0,20.0,30.0,,,1,1,2,1,7
202100040654,2021-05-10 16:30:00,2021,5,10,16,30,2A,2A271,RT 20 LA CALDANICCIA,41.973239,8.821614,Plein jour,Hors agglomération,Hors intersection,Normale,Deux véhicules - côté,2,2,2,0,1,1,1,0,1,80,,2,1,0,1,0,46.0,30.0,,,1,1,1,1,3
202100040655,2021-05-08 05:40:00,2021,5,8,5,40,80,80240,D937,49.928551,2.959633,Crépuscule ou aube,En agglomération,Hors intersection,Pluie légère,Sans collision,3,2,2,0,1,2,2,0,1,70,,1,0,0,1,0,34.0,,,,2,2,1,2,7
202100040656,2021-05-09 15:00:00,2021,5,9,15,0,32,32005,intersection CD 108/ CD 25,43.727321,-0.033774,Plein jour,Hors agglomération,Intersection en Y,Normale,Autre collision,3,-1,1,0,2,3,1,0,3,80,,1,0,0,1,0,21.0,,,,1,1,4,1,6
202100040657,2021-05-08 16:45:00,2021,5,8,16,45,11,11304,D117,42.879879,2.163899,Plein jour,Hors agglomération,Hors intersection,Normale,Autre collision,3,2,2,0,2,3,1,0,1,80,,1,0,0,1,0,53.0,,,,1,1,1,1,6
202100040658,2021-05-08 11:50:00,2021,5,8,11,50,63,63264,d983 pk 16+870,45.618015,2.82413,Plein jour,Hors agglomération,Hors intersection,Normale,Sans collision,3,2,2,0,1,1,1,0,1,80,,2,0,0,1,1,65.0,,,,1,1,1,1,7
202100040659,2021-05-09 18:45:00,2021,5,9,18,45,49,49097,D 109,47.591035,-0.217956,Plein jour,Hors agglomération,Intersection en X,Temps couvert,Deux véhicules - côté,3,2,2,0,1,1,1,0,1,80,,6,5,0,1,0,26.0,51.0,,,1,1,2,8,3
202100040660,2021-05-10 08:55:00,2021,5,10,8,55,34,34094,D15,43.436483,3.258562,Plein jour,Hors agglomération,Hors intersection,Pluie légère,Deux véhicules - frontale,3,2,2,0,1,1,2,0,1,80,,4,2,0,1,1,73.0,61.0,,,1,1,1,2,1