accident_id,datetime,annee,mois,jour,heure,minute,departement,commune_insee,adresse,latitude,longitude,luminosite,agglomeration,intersection,meteo,collision,catr,circ,nbv,vosp,prof,plan,surf,infra,situ,vma,nb_vehicules,nb_usagers,nb_indemnes,nb_tues,nb_blesses_hosp,nb_blesses_legers,age_cond_1,age_cond_2,veh_type_cond_1,veh_type_cond_2,lum_code,agg_code,int_code,atm_code,col_code
202100040661,2021-05-10 14:10:00,2021,5,10,14,10,68,68068,Rue de Bâle,47.630654,7.135239,Plein jour,Hors agglomération,Hors intersection,Pluie légère,Deux véhicules - frontale,3,2,2,0,2,3,2,0,1,80,,3,1,0,2,0,48.0,60.0,,,1,1,1,2,1
202100040662,2021-02-22 20:00:00,2021,2,22,20,0,22,22128,Goaz Tériot,48.315162,-3.373287,Nuit sans éclairage public,En agglomération,Hors intersection,Normale,Sans collision,4,2,2,0,1,1,1,0,8,80,,1,0,0,1,0,55.0,,,,3,2,1,1,7
202100040663,2021-05-09 12:00:00,2021,5,9,12,0,25,25104,Rue de Bartherans,47.007387,5.903628,Plein jour,Hors agglomération,Hors intersection,Normale,Sans collision,3,2,2,0,2,3,1,0,1,-1,,1,0,0,1,0,62.0,,,,1,1,1,1,7
202100040664,2021-05-09 13:20:00,2021,5,9,13,20,44,44084,11 Allée du Béarn,47.237308,-1.35113,Plein jour,En agglomération,Hors intersection,Normale,Autre collision,4,2,2,0,1,1,1,0,1,-1,,1,0,0,1,0,36.0,,,,1,2,1,1,6
202100040665,2021-05-10 07:30:00,2021,5,10,7,30,44,44046,Le Tertre,47.2677176653,-2.1126580238,Plein jour,Hors agglomération,Intersection en Y,Temps éblouissant,Deux véhicules - frontale,3,2,3,0,2,1,1,5,1,80,,3,1,0,2,0,24.0,19.0,,,1,1,4,7,1
202100040666,2021-05-08 08:50:00,2021,5,8,8,50,29,29191,Lieu Dit Meshir,48.517944,-3.712628,Plein jour,Hors agglomération,Intersection en X,Pluie légère,Deux véhicules - côté,3,2,2,0,1,1,2,0,1,80,,3,1,0,0,2,22.0,51.0,,,1,1,2,2,3
202100040667,2021-05-10 07:40:00,2021,5,10,7,40,02,02379,CD 967,49.819684,3.643577,Plein jour,En agglomération,Hors intersection,Temps couvert,Autre collision,3,2,2,0,1,1,1,0,3,50,,1,0,1,0,0,50.0,,,,1,2,1,8,6
202100040668,2021-05-09 18:56:00,2021,5,9,18,56,50,50003,Hippodrome,49.050166,-1.594804,Plein jour,En agglomération,Hors intersection,Normale,Sans collision,9,1,1,0,1,1,1,0,3,50,,1,0,0,0,1,17.0,,,,1,2,1,1,7
202100040669,2021-05-10 09:50:00,2021,5,10,9,50,50,50032,Les Chasses,49.114978,-1.002237,Plein jour,Hors agglomération,Intersection en X,Normale,Trois véhicules et plus - collisions multiples,3,2,2,0,1,3,1,5,1,80,,3,1,0,0,2,34.0,16.0,,,1,1,2,1,5
202100040670,2021-05-10 08:20:00,2021,5,10,8,20,83,83012,Route de Draguignan PK 40.650,43.559869,6.017311,Plein jour,Hors agglomération,Hors intersection,Pluie légère,Autre collision,3,2,2,0,1,1,2,0,3,80,,2,1,1,0,0,20.0,,,,1,1,1,2,6
202100040671,2021-05-09 14:10:00,2021,5,9,14,10,09,09182,RD 318,42.886229372,1.3642383839,Plein jour,Hors agglomération,Hors intersection,Temps couvert,Sans collision,3,2,2,0,1,1,1,0,1,80,,2,1,0,1,0,62.0,,,,1,1,1,8,7
202100040672,2021-05-09 15:45:00,2021,5,9,15,45,73,73010,D58 Rte de la Nephaz,45.818751,5.903196,Plein jour,Hors agglomération,Hors intersection,Normale,Autre collision,3,2,2,0,1,2,1,0,3,80,,1,0,0,1,0,50.0,,,,1,1,1,1,6
202100040673,2021-05-09 10:25:00,2021,5,9,10,25,73,73010,D49 Rte de Saint Girod (Mognard),45.752003,5.942018,Plein jour,Hors agglomération,Hors intersection,Normale,Autre collision,3,2,2,0,2,1,1,0,1,80,,2,0,0,2,0,24.0,70.0,,,1,1,1,1,6
202100040674,2021-05-08 16:20:00,2021,5,8,16,20,43,43162,Pailharon,45.182491,4.051766,Plein jour,Hors agglomération,Intersection en T,Normale,Deux véhicules - côté,3,2,2,0,2,3,1,5,1,90,,2,1,0,1,0,55.0,60.0,,,1,1,3,1,3
202100040675,2021-05-09 20:25:00,2021,5,9,20,25,10,10274,7,48.437031,3.815646,Crépuscule ou aube,Hors agglomération,Hors intersection,Normale,Sans collision,3,2,2,0,1,3,1,0,1,-1,,1,0,0,1,0,44.0,,,,2,1,1,1,7
202100040676,2021-05-07 15:50:00,2021,5,7,15,50,10,10140,6 Rue Pierre Pithou,48.038735,3.905637,Plein jour,En agglomération,Hors intersection,Normale,Deux véhicules - côté,3,2,2,0,1,1,1,0,1,50,,3,2,0,0,1,31.0,53.0,,,1,2,1,1,3
202100040677,2021-05-08 19:00:00,2021,5,8,19,0,53,53143,Sauloup - D 233,47.975688,-0.677494,Plein jour,Hors agglomération,Intersection en T,Normale,Autre collision,3,2,1,0,1,1,1,0,1,80,,2,1,0,1,0,27.0,32.0,,,1,1,3,1,6
202100040678,2021-05-10 10:30:00,2021,5,10,10,30,85,85050,Rue de l'Hôtel de Ville,46.50701,-1.34687,Plein jour,En agglomération,Intersection en X,Normale,Deux véhicules - côté,3,2,2,0,2,1,1,0,1,30,,2,1,0,1,0,17.0,41.0,,,1,2,2,1,3
202100040679,2021-05-09 19:30:00,2021,5,9,19,30,85,85047,42 Rue de la Poctière,46.844362,-1.863993,Plein jour,En agglomération,Hors intersection,Pluie légère,Autre collision,4,2,2,0,1,2,2,0,3,50,,1,0,0,1,0,21.0,,,,1,2,1,2,6
202100040680,2021-05-09 08:40:00,2021,5,9,8,40,85,85093,RD 948 - PR 018.500,46.65316,-1.23052,Plein jour,Hors agglomération,Hors intersection,Normale,Deux véhicules - arrière,3,3,4,0,1,1,1,0,1,110,,2,0,0,1,1,50.0,22.0,,,1,1,1,1,2
202100040681,2021-05-07 19:00:00,2021,5,7,19,0,27,27137,D926,48.7507876993,0.7640440226,Plein jour,Hors agglomération,Intersection en T,Normale,Deux véhicules - frontale,3,2,2,0,1,1,1,0,1,80,,3,2,0,1,0,31.0,38.0,,,1,1,3,1,1
202100040682,2021-05-10 17:30:00,2021,5,10,17,30,28,28046,D941 - PK 5 +150,48.663838,0.912514,Plein jour,Hors agglomération,Hors intersection,Normale,Deux véhicules - frontale,3,2,2,0,1,1,1,0,1,80,,2,0,1,0,1,24.0,49.0,,,1,1,1,1,1
202100040683,2021-05-08 15:50:00,2021,5,8,15,50,37,37052,102 route d'Amboise,47.4482299544,0.9000688027,Plein jour,En agglomération,Hors intersection,Normale,Deux véhicules - côté,3,2,2,0,1,2,1,0,1,50,,2,1,0,0,1,58.0,,,,1,2,1,1,3
202100040684,2021-05-09 17:30:00,2021,5,9,17,30,67,67388,17 Rue de la Vallee Nehwiller,48.965608,7.701438,Plein jour,En agglomération,Hors intersection,Normale,Sans collision,4,2,2,0,2,1,1,0,3,50,,2,0,0,1,1,31.0,,,,1,2,1,1,7
202100040685,2021-05-06 16:15:00,2021,5,6,16,15,76,76533,A29,49.483809,0.263071,Plein jour,Hors agglomération,Autre intersection,Pluie légère,Deux véhicules - côté,1,3,4,0,1,1,2,0,1,110,,2,1,0,0,1,29.0,29.0,,,1,1,9,2,3
202100040686,2021-05-08 20:10:00,2021,5,8,20,10,34,34153,RD 986,43.739817,3.777623,Crépuscule ou aube,Hors agglomération,Hors intersection,Normale,Sans collision,3,2,2,0,1,1,1,0,3,70,,1,0,0,1,0,35.0,,,,2,1,1,1,7
202100040687,2021-05-10 05:30:00,2021,5,10,5,30,68,68021,a 35 pk 117+200,47.641618,7.49723,Crépuscule ou aube,Hors agglomération,Hors intersection,Normale,Deux véhicules - arrière,1,3,4,0,1,1,1,0,1,130,,2,1,0,1,0,64.0,50.0,,,2,1,1,1,2
202100040688,2021-05-09 02:23:00,2021,5,9,2,23,987,98745,Murifenua,-16.600452,-151.540233,Nuit sans éclairage public,Hors agglomération,Hors intersection,Pluie forte,Sans collision,2,2,2,0,1,1,2,0,3,60,,2,1,0,1,0,22.0,,,,3,1,1,3,7
202100040689,2021-05-05 18:00:00,2021,5,5,18,0,988,98817,ROUTE DE MOUIRANGE,-22.217066,166.666439,Nuit sans éclairage public,Hors agglomération,Hors intersection,Normale,Sans collision,3,2,2,0,2,3,1,0,3,70,,1,0,0,0,1,24.0,,,,3,1,1,1,7
202100040690,2021-05-09 14:00:00,2021,5,9,14,0,971,97116,Rue du Cimetiere,16.329298,-61.461087,Plein jour,En agglomération,Hors intersection,Normale,Deux véhicules - côté,2,2,2,0,1,1,1,0,1,50,,2,1,0,1,0,23.0,56.0,,,1,2,1,1,3
202100040691,2021-05-09 18:40:00,2021,5,9,18,40,66,66041,RD 117,42.772576,2.785455,Plein jour,Hors agglomération,Autre intersection,Temps couvert,Deux véhicules - frontale,3,2,2,0,1,2,1,9,1,90,,4,0,0,4,0,67.0,44.0,,,1,1,9,8,1
202100040692,2021-05-09 18:50:00,2021,5,9,18,50,13,13042,Avenue de la 1 Eme Division Blindee,43.282255,5.626765,Plein jour,Hors agglomération,Hors intersection,Normale,Deux véhicules - arrière,7,2,2,0,1,1,1,0,1,70,,2,1,0,1,0,23.0,26.0,,,1,1,1,1,2
202100040693,2021-05-07 17:30:00,2021,5,7,17,30,13,13096,D570,43.558283,4.41689,Plein jour,Hors agglomération,Hors intersection,Normale,Autre collision,3,2,1,0,1,1,1,0,1,80,,2,1,0,1,0,54.0,51.0,,,1,1,1,1,6
202100040694,2021-05-10 12:00:00,2021,5,10,12,0,70,70279,D67,47.428777,5.608081,Plein jour,Hors agglomération,Hors intersection,Pluie légère,Deux véhicules - frontale,3,2,2,0,2,1,2,0,1,80,,3,0,0,2,1,69.0,20.0,,,1,1,1,2,1
202100040695,2021-05-08 09:45:00,2021,5,8,9,45,68,68223,route du Gascnhey,48.027347,7.079326,Plein jour,En agglomération,Intersection en T,Normale,Deux véhicules - côté,3,2,2,0,2,1,1,0,1,50,,3,2,0,1,0,69.0,50.0,,,1,2,3,1,3
202100040696,2021-05-09 13:40:00,2021,5,9,13,40,57,57006,Rue de Wiesviller,49.058932,7.172667,Plein jour,Hors agglomération,Hors intersection,Normale,Sans collision,3,2,2,0,1,2,1,0,1,80,,1,0,0,1,0,44.0,,,,1,1,1,1,7
202100040697,2021-05-09 14:50:00,2021,5,9,14,50,73,73051,D42,45.6509123412,5.8243551429,Plein jour,Hors agglomération,Hors intersection,Normale,Deux véhicules - frontale,3,2,2,0,2,3,1,0,1,80,,3,2,0,1,0,73.0,40.0,,,1,1,1,1,1
202100040698,2021-05-02 18:10:00,2021,5,2,18,10,26,26156,935 Route des Méjeans,45.121279,4.856064,Plein jour,Hors agglomération,Hors intersection,Normale,Sans collision,4,2,2,0,1,1,2,0,8,80,,1,0,0,1,0,30.0,,,,1,1,1,1,7
202100040699,2021-05-10 17:15:00,2021,5,10,17,15,69,69197,D49,46.056586,4.633795,Plein jour,Hors agglomération,Hors intersection,Pluie forte,Deux véhicules - côté,3,2,2,0,1,3,2,0,1,-1,,3,2,0,1,0,44.0,38.0,,,1,1,1,3,3
202100040700,2021-04-08 15:00:00,2021,4,8,15,0,31,31421,d820,43.483795,1.391131,Plein jour,Hors agglomération,Hors intersection,Normale,Deux véhicules - arrière,4,3,4,0,1,1,1,9,8,110,,2,1,0,1,0,73.0,18.0,,,1,1,1,1,2
202100040701,2021-05-08 17:48:00,2021,5,8,17,48,13,13106,A51-Sens Marseille vers Aix en Provence,43.40325,5.35696,Plein jour,Hors agglomération,Hors intersection,Normale,Trois véhicules et plus - collisions multiples,1,1,3,0,1,1,1,0,1,90,,10,3,0,1,6,61.0,22.0,,,1,1,1,1,5
202100040702,2021-05-08 01:10:00,2021,5,8,1,10,13,13071,A7-Sens Lyon vers Marseille,43.40492,5.33913,Nuit sans éclairage public,Hors agglomération,Hors intersection,Normale,Deux véhicules - arrière,1,1,4,0,2,1,1,3,1,90,,5,1,0,0,4,45.0,29.0,,,3,1,1,1,2
202100040703,2021-05-07 21:30:00,2021,5,7,21,30,13,13055,A507 sens Marseille - Aubagne,43.2881164243,5.4246497154,Nuit avec éclairage allumé,Hors agglomération,Hors intersection,Normale,Deux véhicules - arrière,1,1,4,0,1,1,1,1,1,70,,3,1,0,0,2,57.0,23.0,,,5,1,1,1,2
202100040704,2021-05-07 19:00:00,2021,5,7,19,0,13,13211,A50-Sens Marseille vers Aubagne,43.2928736354,5.4761910439,Plein jour,Hors agglomération,Hors intersection,Normale,Deux véhicules - arrière,1,1,3,0,1,1,1,0,1,90,,2,1,0,0,1,47.0,31.0,,,1,1,1,1,2
202100040705,2021-05-08 23:10:00,2021,5,8,23,10,69,69029,RD383   7.640 A 11.044,45.73077,4.89905,Nuit sans éclairage public,Hors agglomération,Hors intersection,Normale,Deux véhicules - arrière,7,3,3,0,1,1,1,0,1,70,,5,2,0,0,3,23.0,19.0,,,3,1,1,1,2
202100040706,2021-05-09 17:00:00,2021,5,9,17,0,33,33096,Autoroute A10,44.8907232449,-0.5025315555,Plein jour,Hors agglomération,Hors intersection,Pluie légère,Trois véhicules et plus - en chaîne,1,3,6,0,1,1,2,0,1,90,,6,2,0,0,4,26.0,58.0,,,1,1,1,2,4
202100040707,2021-05-09 15:20:00,2021,5,9,15,20,91,91689,AUTOROUTE A6,48.72917,2.31441,Plein jour,Hors agglomération,Hors intersection,Normale,Trois véhicules et plus - en chaîne,1,3,3,0,1,1,1,0,1,110,,5,4,0,0,1,49.0,24.0,,,1,1,1,1,4
202100040708,2021-05-09 12:40:00,2021,5,9,12,40,94,94038,AUTOROUTE A6A,48.77342,2.34593,Plein jour,Hors agglomération,Hors intersection,Normale,Deux véhicules - arrière,1,1,3,0,1,1,1,0,1,90,,2,1,0,0,1,28.0,29.0,,,1,1,1,1,2
202100040709,2021-05-08 22:05:00,2021,5,8,22,5,91,91589,AUTOROUTE A6,48.68343,2.32885,Nuit sans éclairage public,Hors agglomération,Hors intersection,Normale,Deux véhicules - arrière,1,3,6,0,2,1,1,0,1,110,,3,1,0,0,2,31.0,23.0,,,3,1,1,1,2
202100040710,2021-05-09 19:10:00,2021,5,9,19,10,78,78640,A86 EXT,48.77778,2.21617,Plein jour,Hors agglomération,Hors intersection,Normale,Trois véhicules et plus - collisions multiples,1,3,6,0,1,1,1,0,1,110,,4,3,0,0,1,31.0,47.0,,,1,1,1,1,5
202100040711,2021-05-09 16:45:00,2021,5,9,16,45,92,92048,N118,48.8117156942,2.2132456052,Plein jour,Hors agglomération,Hors intersection,Normale,Deux véhicules - arrière,2,3,4,0,1,1,1,2,1,90,,3,2,0,0,1,56.0,46.0,,,1,1,1,1,2
202100040712,2021-05-09 20:45:00,2021,5,9,20,45,95,95241,RN 104,49.04572,2.44288,Plein jour,Hors agglomération,Hors intersection,Normale,Sans collision,2,3,4,0,1,2,1,0,1,110,,1,0,0,1,0,55.0,,,,1,1,1,1,7
202100040713,2021-05-09 18:00:00,2021,5,9,18,0,93,93008,AUTOROUTE A86,48.90761,2.45329,Plein jour,Hors agglomération,Hors intersection,Normale,Trois véhicules et plus - collisions multiples,1,3,8,0,1,1,1,1,1,90,,3,2,0,1,0,54.0,34.0,,,1,1,1,1,5
202100040714,2021-05-09 14:00:00,2021,5,9,14,0,95,95527,A1,48.98762,2.50797,Plein jour,Hors agglomération,Hors intersection,Normale,Deux véhicules - arrière,1,3,10,0,1,1,1,0,1,110,,3,2,0,0,1,29.0,20.0,,,1,1,1,1,2
202100040715,2021-05-09 09:30:00,2021,5,9,9,30,93,93048,AUTOROUTE A86,48.86444,2.48236,Plein jour,Hors agglomération,Hors intersection,Pluie légère,Trois véhicules et plus - en chaîne,1,3,6,0,2,3,2,0,1,90,,3,2,0,0,1,40.0,19.0,,,1,1,1,2,4
202100040716,2021-05-09 02:30:00,2021,5,9,2,30,95,95212,RN 104,49.0288268648,2.5284433365,Nuit sans éclairage public,Hors agglomération,Hors intersection,Normale,Autre collision,2,3,4,0,2,3,1,0,1,70,,1,0,0,0,1,57.0,,,,3,1,1,1,6
202100040717,2021-05-09 18:30:00,2021,5,9,18,30,94,94017,A86.EXT,48.82971,2.48624,Plein jour,Hors agglomération,Hors intersection,Normale,Trois véhicules et plus - en chaîne,1,-1,2,0,1,1,1,0,1,90,,4,2,0,0,2,32.0,36.0,,,1,1,1,1,4
202100040718,2021-05-09 14:15:00,2021,5,9,14,15,77,77169,RN104,48.81915,2.61679,Plein jour,Hors agglomération,Hors intersection,Normale,Deux véhicules - arrière,2,3,7,0,1,1,1,0,1,90,,2,1,0,1,0,48.0,63.0,,,1,1,1,1,2
202100040719,2021-05-08 13:00:00,2021,5,8,13,0,988,98818,PARKING MUSEE MARITIME/AVENUE JAMES COOK,-22.26785,166.43385,Plein jour,En agglomération,Autre intersection,Normale,Deux véhicules - côté,4,2,2,0,1,1,1,0,1,50,,2,1,0,0,1,29.0,69.0,,,1,2,9,1,3
202100040720,2021-05-07 13:30:00,2021,5,7,13,30,973,97302,RABAN (ROUTE DE),4.93581,-52.3146,Plein jour,En agglomération,Hors intersection,Normale,Deux véhicules - côté,4,2,2,0,1,1,1,0,1,50,,2,1,0,1,0,34.0,33.0,,,1,2,1,1,3
202100040721,2021-05-09 02:00:00,2021,5,9,2,0,69,69276,VIENNE (DE)                             ,45.66772,4.85903,Nuit avec éclairage allumé,En agglomération,Hors intersection,Normale,Sans collision,4,2,2,1,2,1,1,0,4,50,,1,0,0,0,1,26.0,,,,5,2,1,1,7
202100040722,2021-05-08 14:35:00,2021,5,8,14,35,69,69383,LACASSAGNE (AV),45.7528,4.86966,Plein jour,En agglomération,Intersection en X,Normale,Deux véhicules - frontale,4,1,3,3,1,1,1,0,1,50,,2,1,0,0,1,32.0,24.0,,,1,2,2,1,1
202100040723,2021-05-08 15:30:00,2021,5,8,15,30,972,97209,T.S.F. (BOULEVARD),14.60718,-61.054,Plein jour,En agglomération,Hors intersection,Normale,Autre collision,4,1,1,0,3,3,1,0,1,50,,1,0,0,0,1,24.0,,,,1,2,1,1,6
202100040724,2021-05-08 10:40:00,2021,5,8,10,40,972,97209,COLIBRI (RUE),14.60805,-61.05928,Plein jour,En agglomération,Hors intersection,Normale,Autre collision,4,2,2,0,1,1,1,0,1,30,,1,0,0,0,1,60.0,,,,1,2,1,1,6
202100040725,2021-05-07 12:00:00,2021,5,7,12,0,69,69286,EUROPE (DE L')                      (AV),45.81701,4.90017,Plein jour,En agglomération,Hors intersection,Normale,Deux véhicules - côté,4,2,2,0,1,1,1,0,1,50,,2,1,0,0,1,37.0,,,,1,2,1,1,3
202100040726,2021-05-05 14:00:00,2021,5,5,14,0,69,69034,PIERRE TERRASSE                     (AV),45.79806,4.85116,Plein jour,Hors agglomération,Giratoire,Normale,Autre collision,7,1,2,0,1,1,1,0,1,50,,2,1,0,0,1,82.0,,,,1,1,6,1,6
202100040727,2021-05-07 18:55:00,2021,5,7,18,55,95,95280,MATHERON CLEMENT,49.02421,2.46285,Plein jour,En agglomération,Place,Normale,Autre collision,4,2,2,0,1,1,1,9,1,30,,2,0,0,0,2,19.0,,,,1,2,7,1,6
202100040728,2021-05-08 22:35:00,2021,5,8,22,35,78,78172,BRETELLE ACCES RD203/RN184,49.00225,2.08142,Nuit sans éclairage public,Hors agglomération,Intersection en T,Normale,Deux véhicules - côté,2,1,2,0,1,1,1,3,1,70,,2,1,0,0,1,27.0,23.0,,,3,1,3,1,3
202100040729,2021-05-08 18:57:00,2021,5,8,18,57,77,77373,RN 4,48.77401,2.61139,Plein jour,Hors agglomération,Hors intersection,Normale,Trois véhicules et plus - collisions multiples,2,2,2,0,1,1,1,0,1,70,,3,1,0,0,2,46.0,70.0,,,1,1,1,1,5
202100040730,2021-05-08 18:50:00,2021,5,8,18,50,77,77288,D.306,48.5570395871,2.6386861503,Plein jour,En agglomération,Hors intersection,Normale,Sans collision,3,2,2,0,1,1,1,0,1,50,,1,0,0,1,0,32.0,,,,1,2,1,1,7
202100040731,2021-05-08 17:10:00,2021,5,8,17,10,77,77152,JAURES(AVENUE JEAN),48.5264,2.64594,Plein jour,En agglomération,Hors intersection,Normale,Autre collision,3,2,2,0,1,3,1,0,3,50,,3,0,0,0,3,26.0,,,,1,2,1,1,6
202100040732,2021-05-08 02:50:00,2021,5,8,2,50,72,72181,GENESLAY FELIX (AV) ROND-POINT AERODROME,47.9574,0.19881,Nuit avec éclairage allumé,En agglomération,Hors intersection,Normale,Sans collision,4,2,1,0,2,3,1,0,1,50,,2,1,0,0,1,28.0,,,,5,2,1,1,7
202100040733,2021-05-07 16:20:00,2021,5,7,16,20,71,71486,VERDUN (BOULEVARD DE),46.64574,4.31731,Plein jour,En agglomération,Hors intersection,Normale,Deux véhicules - côté,4,2,2,0,1,1,1,0,1,50,,3,0,0,0,3,68.0,60.0,,,1,2,1,1,3
202100040734,2021-05-08 21:00:00,2021,5,8,21,0,69,69256,CANUTS (DES) (AV),45.7609539661,4.9226126075,Nuit avec éclairage allumé,En agglomération,Hors intersection,Normale,Autre collision,4,2,2,1,1,1,1,0,5,50,,2,1,0,1,0,,,,,5,2,1,1,6
202100040735,2021-05-08 20:22:00,2021,5,8,20,22,69,69266,LEON BLUM (R),45.76024,4.9009,Crépuscule ou aube,En agglomération,Intersection en X,Normale,Autre collision,4,2,2,0,1,1,1,0,1,50,,5,4,0,0,1,19.0,,,,2,2,2,1,6
202100040736,2021-05-08 08:43:00,2021,5,8,8,43,69,69266,TOLSTOI (CR),45.76369,4.87435,Plein jour,En agglomération,Giratoire,Normale,Autre collision,4,1,3,3,1,1,1,0,1,50,,2,1,0,0,1,68.0,,,,1,2,6,1,6
202100040737,2021-05-08 17:45:00,2021,5,8,17,45,69,69092,TARARE (DE) (R),45.9808797512,4.6932005882,Plein jour,En agglomération,Autre intersection,Normale,Deux véhicules - côté,3,2,2,0,1,1,1,0,1,50,,2,1,0,0,1,52.0,22.0,,,1,2,9,1,3
202100040738,2021-05-08 18:30:00,2021,5,8,18,30,64,64545,SOCOA (RUE DE),43.38593,-1.69235,Plein jour,En agglomération,Hors intersection,Normale,Deux véhicules - côté,4,2,2,0,1,1,1,9,1,30,,3,0,1,0,2,17.0,16.0,,,1,2,1,1,3
202100040739,2021-05-08 12:35:00,2021,5,8,12,35,64,64125,BIARRITZ (AVENUE DE),43.44809,-1.58097,Plein jour,En agglomération,Intersection en X,Normale,Deux véhicules - côté,3,2,3,0,2,1,1,0,1,50,,4,2,0,1,1,30.0,28.0,,,1,2,2,1,3
202100040740,2021-05-07 10:15:00,2021,5,7,10,15,61,61169, LOUIS TOUSSAINT (AVE),48.7433,-0.56243,Plein jour,En agglomération,Hors intersection,Temps éblouissant,Autre collision,4,2,3,0,2,1,1,0,1,50,,2,1,0,1,0,79.0,,,,1,2,1,7,6
202100040741,2021-05-08 10:30:00,2021,5,8,10,30,59,59599,PARIS (RUE DE),50.72213,3.14431,Plein jour,En agglomération,Intersection en X,Pluie légère,Autre collision,4,2,2,0,1,2,2,5,1,50,,2,1,0,1,0,34.0,,,,1,2,2,2,6
202100040742,2021-05-08 11:00:00,2021,5,8,11,0,59,59009,JAURES JEAN RUE DU 130 AU 252,50.66501,3.14049,Plein jour,En agglomération,Autre intersection,Normale,Deux véhicules - côté,7,2,2,0,1,1,1,0,1,50,,2,1,0,0,1,32.0,22.0,,,1,2,9,1,3
202100040743,2021-05-08 20:16:00,2021,5,8,20,16,56,56121,THOREZ (RUE  MAURICE ),47.742084,-3.3936337,Plein jour,En agglomération,Intersection en T,Normale,Deux véhicules - côté,4,2,2,0,1,1,1,0,1,30,,2,1,0,0,1,42.0,20.0,,,1,2,3,1,3
202100040744,2021-05-08 19:40:00,2021,5,8,19,40,51,51454,Rue de Neufchatel,49.27994,4.02711,Plein jour,En agglomération,Intersection en T,Normale,Deux véhicules - côté,3,2,2,0,1,1,1,0,1,50,,6,4,0,1,1,55.0,42.0,,,1,2,3,1,3
202100040745,2021-05-07 17:55:00,2021,5,7,17,55,50,50218,VENDEENS (AV DES),48.8337,-1.5675,Plein jour,En agglomération,Hors intersection,Normale,Deux véhicules - arrière,3,2,2,0,1,1,1,0,1,50,,4,3,0,0,1,31.0,17.0,,,1,2,1,1,2
202100040746,2021-05-08 12:20:00,2021,5,8,12,20,38,38151,Avenue Victor Hugo,45.1531,5.7113,Plein jour,En agglomération,Hors intersection,Normale,Deux véhicules - côté,4,2,4,1,2,1,1,0,1,50,,2,1,0,0,1,20.0,52.0,,,1,2,1,1,3
202100040747,2021-05-08 05:00:00,2021,5,8,5,0,38,38185,Rue Aimé Pupin,45.16107,5.72395,Nuit avec éclairage allumé,En agglomération,Hors intersection,Normale,Deux véhicules - côté,6,-1,-1,0,1,1,1,0,8,30,,2,1,0,1,0,,41.0,,,5,2,1,1,3
202100040748,2021-05-08 17:15:00,2021,5,8,17,15,35,35238,TREGAIN (DE),48.1245,-1.66184,Plein jour,En agglomération,Giratoire,Normale,Deux véhicules - arrière,4,2,2,0,1,1,1,5,1,50,,3,2,0,0,1,,41.0,,,1,2,6,1,2
202100040749,2021-05-08 16:50:00,2021,5,8,16,50,35,35238,BUFERON (DE),48.09906,-1.68949,Plein jour,En agglomération,Autre intersection,Normale,Autre collision,4,2,2,0,1,1,1,0,1,50,,1,0,0,0,1,37.0,,,,1,2,9,1,6
202100040750,2021-05-07 18:10:00,2021,5,7,18,10,34,34172,PIREE (AVENUE DU),43.60971,3.89554,Plein jour,En agglomération,Intersection en T,Normale,Deux véhicules - côté,4,2,2,0,1,1,1,5,1,50,,2,1,0,0,1,33.0,36.0,,,1,2,3,1,3
202100040751,2021-05-07 20:45:00,2021,5,7,20,45,33,33119,Avenue Carnot,44.8656,-0.51373,Plein jour,En agglomération,Giratoire,Normale,Deux véhicules - côté,4,2,5,0,1,1,1,0,1,50,,2,0,0,0,2,33.0,26.0,,,1,2,6,1,3
202100040752,2021-05-08 15:40:00,2021,5,8,15,40,33,33009,Allée Florida,44.648886,-1.186654,Plein jour,En agglomération,Hors intersection,Normale,Autre collision,4,1,1,0,1,1,1,0,1,50,,1,0,0,0,1,30.0,,,,1,2,1,1,6
202100040753,2021-05-07 12:25:00,2021,5,7,12,25,31,31149,ESPLANADE FRANCOIS MITTERRAND ,43.60691,1.33599,Plein jour,En agglomération,Autre intersection,Normale,Deux véhicules - arrière,7,1,2,0,2,1,2,9,6,50,,2,1,0,0,1,41.0,23.0,,,1,2,9,1,2
202100040754,2021-05-06 09:10:00,2021,5,6,9,10,30,30189,MITTERRAND FRANCOIS (AVENUE),43.8115,4.3667,Plein jour,En agglomération,Giratoire,Normale,Deux véhicules - côté,4,2,5,3,1,1,1,5,1,50,,3,1,0,0,2,55.0,25.0,,,1,2,6,1,3
202100040755,2021-05-08 14:55:00,2021,5,8,14,55,24,24037,CASSADOU (RUE 3 FRERES)),44.85459,0.47619,Plein jour,En agglomération,Hors intersection,Normale,Autre collision,4,2,2,0,1,1,1,0,1,50,,2,0,0,0,2,83.0,,,,1,2,1,1,6
202100040756,2021-05-08 21:20:00,2021,5,8,21,20,13,13215,A7,43.3532324895,5.3651797771,Nuit avec éclairage allumé,En agglomération,Hors intersection,Normale,Deux véhicules - frontale,1,-1,2,0,2,3,1,0,1,50,,3,1,0,0,2,,44.0,,,5,2,1,1,1
202100040757,2021-05-08 20:15:00,2021,5,8,20,15,13,13209,MICHELET (BOULEVARD),43.25298,5.40211,Plein jour,En agglomération,Intersection en T,Normale,Deux véhicules - côté,7,1,2,0,1,1,1,5,1,50,,2,1,0,0,1,33.0,25.0,,,1,2,3,1,3
202100040758,2021-05-08 03:30:00,2021,5,8,3,30,13,13213,OLIVES (AVENUE DES),43.3262,5.4391,Nuit avec éclairage allumé,En agglomération,Autre intersection,Normale,Autre collision,7,2,0,0,1,1,1,0,4,50,,1,0,0,1,0,31.0,,,,5,2,9,1,6