accident_id,datetime,annee,mois,jour,heure,minute,departement,commune_insee,adresse,latitude,longitude,luminosite,agglomeration,intersection,meteo,collision,catr,circ,nbv,vosp,prof,plan,surf,infra,situ,vma,nb_vehicules,nb_usagers,nb_indemnes,nb_tues,nb_blesses_hosp,nb_blesses_legers,age_cond_1,age_cond_2,veh_type_cond_1,veh_type_cond_2,lum_code,agg_code,int_code,atm_code,col_code
202100040759,2021-05-08 17:45:00,2021,5,8,17,45,13,13028,CALANQUES (AVENUE DES),43.1685501509,5.6050222382,Plein jour,En agglomération,Hors intersection,Normale,Autre collision,4,2,2,0,1,1,1,0,4,30,,4,1,0,0,3,20.0,,,,1,2,1,1,6
202100040760,2021-05-08 18:20:00,2021,5,8,18,20,10,10321,ROCADE OUEST (RD 610),48.29088,4.03589,Plein jour,Hors agglomération,Hors intersection,Normale,Sans collision,3,2,4,0,1,1,1,3,1,110,,1,0,0,0,1,53.0,,,,1,1,1,1,7
202100040761,2021-05-07 18:30:00,2021,5,7,18,30,75,75116,BOULEVARD PERIPHERIQUE,48.869067,2.27085,Plein jour,En agglomération,Hors intersection,Normale,Trois véhicules et plus - en chaîne,4,1,4,0,1,1,1,0,1,70,,3,2,0,0,1,42.0,46.0,,,1,2,1,1,4
202100040762,2021-05-07 16:35:00,2021,5,7,16,35,75,75112,BOULEVARD PERIPHERIQUE,48.83687,2.412401,Plein jour,En agglomération,Hors intersection,Normale,Deux véhicules - arrière,4,1,4,0,1,1,1,0,1,70,,2,1,0,0,1,60.0,29.0,,,1,2,1,1,2
202100040763,2021-05-07 20:13:00,2021,5,7,20,13,75,75118,BOULEVARD PERIPHERIQUE,48.900871,2.356218,Crépuscule ou aube,En agglomération,Hors intersection,Normale,Autre collision,4,1,4,0,1,1,1,0,1,70,,4,3,0,1,0,31.0,47.0,,,2,2,1,1,6
202100040764,2021-05-08 19:50:00,2021,5,8,19,50,75,75119,AVENUE MATHURIN MOREAU,48.87817,2.372051,Plein jour,En agglomération,Hors intersection,Normale,Autre collision,4,2,1,0,2,1,1,0,1,50,,2,1,0,0,1,28.0,,,,1,2,1,1,6
202100040765,2021-05-08 17:00:00,2021,5,8,17,0,75,75119,AVENUE DE LAUMIERE,48.88466,2.379826,Plein jour,En agglomération,Intersection en X,Normale,Deux véhicules - arrière,4,2,2,0,2,1,1,0,1,30,,2,1,0,0,1,57.0,57.0,,,1,2,2,1,2
202100040766,2021-05-08 05:00:00,2021,5,8,5,0,75,75117,PORTE DE CHAMPERRET,48.884777,2.286325,Nuit avec éclairage allumé,En agglomération,Intersection en Y,Normale,Sans collision,4,1,3,0,1,1,1,0,1,70,,1,0,0,0,1,24.0,,,,5,2,4,1,7
202100040767,2021-05-07 21:40:00,2021,5,7,21,40,75,75116,RUE SPONTINI,48.867644,2.277011,Nuit avec éclairage allumé,En agglomération,Intersection en X,Normale,Deux véhicules - côté,4,1,1,0,1,1,1,0,1,50,,2,1,0,0,1,64.0,22.0,,,5,2,2,1,3
202100040768,2021-05-08 18:15:00,2021,5,8,18,15,75,75115,RUE MAUBLANC,48.839281,2.300388,Plein jour,En agglomération,Intersection en T,Normale,Deux véhicules - côté,4,1,2,1,1,1,1,0,5,50,,2,1,0,0,1,24.0,41.0,,,1,2,3,1,3
202100040769,2021-05-08 23:15:00,2021,5,8,23,15,75,75112,AVENUE DES MINIMES,48.840528,2.436157,Nuit sans éclairage public,En agglomération,Intersection en T,Normale,Autre collision,4,3,2,0,1,3,1,0,1,50,,1,0,0,0,1,24.0,,,,3,2,3,1,6
202100040770,2021-05-07 18:45:00,2021,5,7,18,45,75,75112,AVENUE DAUMESNIL,48.838117,2.426343,Plein jour,En agglomération,Hors intersection,Normale,Deux véhicules - côté,4,2,2,0,1,3,1,0,1,50,,2,1,0,0,1,30.0,36.0,,,1,2,1,1,3
202100040771,2021-05-07 18:35:00,2021,5,7,18,35,75,75112,AVENUE DAUMESNIL,48.838765,2.397845,Plein jour,En agglomération,Hors intersection,Normale,Trois véhicules et plus - en chaîne,4,2,2,0,1,1,1,0,1,50,,4,3,0,0,1,39.0,34.0,,,1,2,1,1,4
202100040772,2021-05-08 18:50:00,2021,5,8,18,50,75,75104,RUE SAINT ANTOINE,48.854819,2.362439,Plein jour,En agglomération,Intersection en T,Normale,Sans collision,4,1,3,1,1,1,1,0,5,30,,1,0,0,0,1,46.0,,,,1,2,3,1,7
202100040773,2021-05-08 18:15:00,2021,5,8,18,15,75,75101,BOULEVARD DE SEBASTOPOL,48.862935,2.350715,Plein jour,En agglomération,Intersection en T,Normale,Deux véhicules - côté,4,1,4,1,1,1,1,0,5,50,,3,2,0,0,1,19.0,48.0,,,1,2,3,1,3
202100040774,2021-05-07 20:45:00,2021,5,7,20,45,75,75104,BOULEVARD BEAUMARCHAIS,48.853985,2.368957,Crépuscule ou aube,En agglomération,Intersection en T,Normale,Deux véhicules - côté,4,2,6,0,1,1,1,0,1,50,,3,2,0,0,1,26.0,44.0,,,2,2,3,1,3
202100040775,2021-05-08 17:05:00,2021,5,8,17,5,94,94016,Avenue de la Division Leclerc,48.78655,2.3296,Plein jour,En agglomération,Hors intersection,Normale,Autre collision,3,-1,3,1,1,1,1,0,5,50,,2,1,0,0,1,24.0,,,,1,2,1,1,6
202100040776,2021-05-08 19:50:00,2021,5,8,19,50,93,93008,JAURES (AVENUE JEAN),48.9111641229,2.4369619042,Plein jour,En agglomération,Hors intersection,Normale,Autre collision,9,3,2,0,1,1,1,9,1,50,,4,0,0,2,2,25.0,,,,1,2,1,1,6
202100040777,2021-05-08 17:15:00,2021,5,8,17,15,93,93001,Rue Henri Barbusse / Avenue de la République,48.906136,2.389631,Plein jour,En agglomération,Intersection en X,Normale,Autre collision,3,1,1,0,1,1,1,0,1,50,,3,2,0,0,1,30.0,,,,1,2,2,1,6
202100040778,2021-05-08 12:20:00,2021,5,8,12,20,92,92072,EUROPE (AVENUE DE L'),48.82371,2.21122,Plein jour,En agglomération,Hors intersection,Normale,Deux véhicules - côté,3,1,3,1,1,1,1,0,5,50,,2,1,0,0,1,28.0,51.0,,,1,2,1,1,3
202100040779,2021-05-08 11:00:00,2021,5,8,11,0,92,92025,STALINGRAD (AV DE),48.93566,2.26095,Plein jour,En agglomération,Intersection en X,Normale,Deux véhicules - côté,3,2,6,1,1,1,1,0,1,50,,3,1,0,1,1,57.0,22.0,,,1,2,2,1,3
202100040780,2021-05-07 16:50:00,2021,5,7,16,50,92,92025,HENRI BARBUSSE (AV),48.9210188057,2.2526156902,Plein jour,En agglomération,Hors intersection,Normale,Deux véhicules - côté,3,2,2,2,1,1,1,0,1,12,,3,2,0,0,1,30.0,54.0,,,1,2,1,1,3
202100040781,2021-05-09 13:55:00,2021,5,9,13,55,08,08262,88 Avenue Pasteur,49.53408,4.478212,Plein jour,En agglomération,Intersection en T,Normale,Deux véhicules - côté,3,2,2,0,1,1,1,0,1,50,,2,1,0,1,0,31.0,57.0,,,1,2,3,1,3
202100040782,2021-05-08 16:30:00,2021,5,8,16,30,2A,2A118,Lieu dit Tipone,41.685236,8.974425,Plein jour,Hors agglomération,Hors intersection,Normale,Deux véhicules - côté,3,2,2,0,1,1,1,0,1,80,,2,1,0,1,0,41.0,72.0,,,1,1,1,1,3
202100040783,2021-05-09 12:20:00,2021,5,9,12,20,2A,2A090,Coggia PK 29 + 700,42.092546,8.709444,Plein jour,Hors agglomération,Hors intersection,Normale,Sans collision,3,2,2,0,1,2,1,0,3,80,,1,0,0,1,0,51.0,,,,1,1,1,1,7
202100040784,2021-05-09 00:14:00,2021,5,9,0,14,76,76235,D222,49.918133,1.276433,Nuit sans éclairage public,Hors agglomération,Hors intersection,Normale,Sans collision,3,2,2,0,1,1,1,0,1,80,,1,0,0,1,0,30.0,,,,3,1,1,1,7
202100040785,2021-05-08 16:00:00,2021,5,8,16,0,81,81097,D81,43.86085,2.252921,Plein jour,Hors agglomération,Hors intersection,Normale,Sans collision,3,2,2,0,2,4,1,0,8,90,,2,0,0,2,0,58.0,,,,1,1,1,1,7
202100040786,2021-05-08 15:15:00,2021,5,8,15,15,51,51559,Avenue du Général de Gaulle,49.12139,4.542482,Plein jour,En agglomération,Hors intersection,Normale,Deux véhicules - frontale,4,-1,2,0,1,1,1,9,3,-1,,2,1,0,1,0,17.0,15.0,,,1,2,1,1,1
202100040787,2021-05-07 10:50:00,2021,5,7,10,50,34,34123,N109,43.605365,3.813264,Plein jour,Hors agglomération,Hors intersection,Normale,Deux véhicules - côté,2,3,4,0,4,3,1,0,1,90,,4,3,0,0,1,30.0,50.0,,,1,1,1,1,3
202100040788,2021-05-08 16:20:00,2021,5,8,16,20,37,37153,A10 - PEAGE DE MONNAIE,47.4904767337,0.8195414544,Plein jour,Hors agglomération,Hors intersection,Normale,Deux véhicules - arrière,1,1,5,0,1,1,1,7,1,70,,4,3,0,0,1,74.0,39.0,,,1,1,1,1,2
202100040789,2021-05-08 20:32:00,2021,5,8,20,32,77,77186,D64,48.493711,2.632137,Plein jour,Hors agglomération,Hors intersection,Normale,Autre collision,3,-1,2,0,1,1,1,0,8,80,,1,0,0,1,0,27.0,,,,1,1,1,1,6
202100040790,2021-05-08 17:25:00,2021,5,8,17,25,57,57300,D98d,48.692773,7.210765,Plein jour,Hors agglomération,Hors intersection,Normale,Sans collision,3,2,2,0,2,2,1,0,1,80,,2,0,0,1,1,27.0,,,,1,1,1,1,7
202100040791,2021-05-09 19:15:00,2021,5,9,19,15,51,51237,N4,48.7179818255,3.5207927823,Plein jour,Hors agglomération,Hors intersection,Normale,Trois véhicules et plus - collisions multiples,2,2,2,0,3,1,1,0,1,80,,4,2,0,0,2,62.0,45.0,,,1,1,1,1,5
202100040792,2021-05-07 16:45:00,2021,5,7,16,45,56,56101,Lieu-dit Lann Menhir,47.857165,-3.122016,Plein jour,Hors agglomération,Intersection en T,Normale,Deux véhicules - côté,3,2,2,0,1,1,1,0,1,70,,2,0,0,1,1,78.0,20.0,,,1,1,3,1,3
202100040793,2021-05-09 16:45:00,2021,5,9,16,45,74,74236,1180 Av du Mont Paccard,45.902439,6.711608,Plein jour,Hors agglomération,Hors intersection,Normale,Deux véhicules - frontale,3,2,2,0,2,4,1,0,1,80,,2,1,0,0,1,72.0,47.0,,,1,1,1,1,1
202100040794,2021-05-07 16:25:00,2021,5,7,16,25,67,67136,D340,48.874101,7.135845,Plein jour,Hors agglomération,Hors intersection,Normale,Autre collision,3,2,2,0,1,3,1,0,3,80,,3,0,0,1,2,19.0,,,,1,1,1,1,6
202100040795,2021-05-07 11:45:00,2021,5,7,11,45,76,76317,départementale 10,49.65027,0.39626,Plein jour,Hors agglomération,Intersection en Y,Normale,Sans collision,3,-1,2,0,1,3,1,5,1,80,,1,0,0,1,0,45.0,,,,1,1,4,1,7
202100040796,2021-05-08 10:45:00,2021,5,8,10,45,65,65257,bretelle d'accès à la route nationale 21,43.161452,-0.014827,Plein jour,Hors agglomération,Hors intersection,Normale,Autre collision,9,1,1,0,2,2,1,3,1,80,,1,0,0,1,0,54.0,,,,1,1,1,1,6
202100040797,2021-05-09 01:08:00,2021,5,9,1,8,81,81031,Lieu-dit Amiguet,43.62626,2.476516,Nuit sans éclairage public,Hors agglomération,Hors intersection,Normale,Sans collision,3,2,2,0,2,2,1,0,3,70,,1,0,0,1,0,28.0,,,,3,1,1,1,7
202100040798,2021-05-08 15:30:00,2021,5,8,15,30,76,76442,Route de la poterie,50.008263,1.46646,Plein jour,Hors agglomération,Hors intersection,Normale,Sans collision,4,2,2,0,1,1,1,0,1,80,,1,0,1,0,0,18.0,,,,1,1,1,1,7
202100040799,2021-05-08 10:50:00,2021,5,8,10,50,12,12208,D25,43.956263,2.82501,Plein jour,Hors agglomération,Hors intersection,Normale,Autre collision,3,2,2,0,1,3,1,0,3,80,,2,0,0,0,2,52.0,,,,1,1,1,1,6
202100040800,2021-05-08 18:10:00,2021,5,8,18,10,42,42013,Avenue des Farges,45.64622,4.284571,Plein jour,Hors agglomération,Intersection en T,Normale,Deux véhicules - côté,3,2,2,0,1,1,1,0,1,70,,2,1,0,1,0,72.0,72.0,,,1,1,3,1,3
202100040801,2021-05-08 11:50:00,2021,5,8,11,50,46,46316,D6,44.606919,1.327342,Plein jour,Hors agglomération,Hors intersection,Normale,Autre collision,3,2,2,0,1,1,1,0,8,80,,1,0,0,1,0,45.0,,,,1,1,1,1,6
202100040802,2021-05-09 14:20:00,2021,5,9,14,20,68,68082,Rue de Castroville,47.866021,7.341584,Plein jour,En agglomération,Intersection en T,Normale,Deux véhicules - arrière,3,2,2,0,1,1,1,0,1,-1,,2,1,0,0,1,15.0,17.0,,,1,2,3,1,2
202100040803,2021-05-09 10:30:00,2021,5,9,10,30,22,22381,RD 786,48.750551,-3.348395,Plein jour,Hors agglomération,Hors intersection,Normale,Sans collision,3,2,2,0,1,1,1,0,3,80,,1,0,0,1,0,23.0,,,,1,1,1,1,7
202100040804,2021-05-09 07:05:00,2021,5,9,7,5,25,25091,D437b,47.277511,6.824559,Plein jour,Hors agglomération,Hors intersection,Normale,Sans collision,3,2,2,0,1,2,1,0,3,80,,2,0,0,1,1,20.0,,,,1,1,1,1,7
202100040805,2021-05-05 15:40:00,2021,5,5,15,40,44,44018,37 Route de la Roderie,47.146547,-1.668828,Plein jour,En agglomération,Hors intersection,Normale,Sans collision,4,2,2,0,1,1,1,0,4,30,,1,0,0,1,0,74.0,,,,1,2,1,1,7
202100040806,2021-05-09 12:55:00,2021,5,9,12,55,38,38108,D531,45.06289,5.42083,Plein jour,Hors agglomération,Hors intersection,Normale,Autre collision,3,2,2,0,2,3,1,0,1,80,,1,0,0,1,0,66.0,,,,1,1,1,1,6
202100040807,2021-05-09 13:00:00,2021,5,9,13,0,38,38128,Route de Grenoble,44.82308,5.95235,Plein jour,Hors agglomération,Hors intersection,Normale,Autre collision,2,2,2,0,1,2,1,0,1,50,,1,0,0,1,0,50.0,,,,1,1,1,1,6
202100040808,2021-05-08 17:25:00,2021,5,8,17,25,03,03138,Rue Marcel Deborbe,46.248706,3.622286,Plein jour,En agglomération,Intersection en T,Normale,Deux véhicules - frontale,4,1,1,0,1,1,1,0,8,50,,2,1,0,1,0,18.0,55.0,,,1,2,3,1,1
202100040809,2021-05-08 13:35:00,2021,5,8,13,35,03,03161,Besseigeat,46.14402,2.659078,Plein jour,Hors agglomération,Hors intersection,Normale,Autre collision,3,2,2,0,1,2,1,0,3,90,,3,0,1,2,0,22.0,,,,1,1,1,1,6
202100040810,2021-05-09 10:50:00,2021,5,9,10,50,85,85089,A87,46.72918,-1.27608,Plein jour,Hors agglomération,Autre intersection,Normale,Autre collision,1,3,4,0,1,1,1,0,1,130,,4,0,1,3,0,43.0,29.0,,,1,1,9,1,6
202100040811,2021-05-09 15:00:00,2021,5,9,15,0,70,70147,D9/D95,47.565968,6.650913,Plein jour,Hors agglomération,Intersection en T,Normale,Deux véhicules - arrière,3,2,2,0,2,1,1,0,1,80,,3,0,0,1,2,73.0,40.0,,,1,1,3,1,2
202100040812,2021-05-09 09:30:00,2021,5,9,9,30,05,05179,Route des Savoyons,44.538225,5.838984,Plein jour,En agglomération,Hors intersection,Normale,Autre collision,3,2,2,0,1,3,1,0,1,50,,1,0,0,0,1,77.0,,,,1,2,1,1,6
202100040813,2021-05-08 17:40:00,2021,5,8,17,40,64,64316,RD 19 PK 4+500,43.020933,-0.993469,Plein jour,Hors agglomération,Hors intersection,Normale,Sans collision,3,2,2,0,2,2,1,0,1,80,,1,0,0,0,1,31.0,,,,1,1,1,1,7
202100040814,2021-05-08 13:50:00,2021,5,8,13,50,18,18216,Le Chene,46.75069,2.124352,Plein jour,Hors agglomération,Hors intersection,Normale,Autre collision,4,2,1,0,1,3,1,0,3,80,,4,0,0,1,3,20.0,,,,1,1,1,1,6
202100040815,2021-05-08 19:30:00,2021,5,8,19,30,18,18130,D951,46.652938,2.376695,Plein jour,Hors agglomération,Hors intersection,Normale,Sans collision,3,2,2,0,2,2,1,0,8,80,,1,0,0,1,0,50.0,,,,1,1,1,1,7
202100040816,2021-05-08 14:30:00,2021,5,8,14,30,43,43244,Peyrebrousson,45.124234139,4.2749208212,Plein jour,En agglomération,Hors intersection,Normale,Deux véhicules - frontale,4,2,2,0,2,3,1,0,1,50,,2,1,0,1,0,16.0,43.0,,,1,2,1,1,1
202100040817,2021-05-08 17:30:00,2021,5,8,17,30,43,43163,D184,45.2335278597,4.432682991,Plein jour,Hors agglomération,Hors intersection,Normale,Sans collision,3,2,2,0,2,1,1,0,1,80,,1,0,1,0,0,69.0,,,,1,1,1,1,7
202100040818,2021-05-09 02:10:00,2021,5,9,2,10,53,53139,"D113 , près du chemin de desserte du lieu dit LA HABERDIERE",48.32853,-0.370542,Nuit sans éclairage public,Hors agglomération,Hors intersection,Temps couvert,Autre collision,3,2,2,0,3,3,1,0,1,80,,4,3,0,1,0,29.0,,,,3,1,1,8,6
202100040819,2021-05-09 17:00:00,2021,5,9,17,0,53,53073,La Girardière,47.801241,-1.088488,Plein jour,Hors agglomération,Hors intersection,Normale,Deux véhicules - arrière,3,2,2,0,1,1,1,0,1,80,,3,2,0,1,0,37.0,37.0,,,1,1,1,1,2
202100040820,2021-04-28 13:02:00,2021,4,28,13,2,21,21135,D30,47.433293,5.393438,Plein jour,Hors agglomération,Hors intersection,Pluie légère,Autre collision,3,2,2,0,1,2,2,0,8,80,,1,0,1,0,0,75.0,,,,1,1,1,2,6
202100040821,2021-05-08 18:45:00,2021,5,8,18,45,21,21397,rd23,47.056507,4.73435,Plein jour,Hors agglomération,Hors intersection,Normale,Autre collision,3,2,2,0,2,1,1,0,3,80,,2,0,0,2,0,49.0,,,,1,1,1,1,6
202100040822,2021-05-08 10:55:00,2021,5,8,10,55,85,85114,Rue des Calines,46.415176,-1.567038,Plein jour,En agglomération,Intersection en T,Normale,Deux véhicules - côté,4,2,2,0,1,1,1,0,1,50,,2,1,0,1,0,75.0,79.0,,,1,2,3,1,3
202100040823,2021-05-09 08:45:00,2021,5,9,8,45,37,37023,D11,47.1867249479,1.2239770723,Plein jour,Hors agglomération,Hors intersection,Normale,Autre collision,3,2,2,0,1,2,1,0,3,80,,1,0,0,0,1,22.0,,,,1,1,1,1,6
202100040824,2021-05-09 10:30:00,2021,5,9,10,30,30,30236,Départementale 57,44.046423,3.87054,Plein jour,Hors agglomération,Hors intersection,Normale,Sans collision,3,2,2,0,2,2,1,0,1,80,,1,0,0,1,0,42.0,,,,1,1,1,1,7
202100040825,2021-05-08 18:30:00,2021,5,8,18,30,88,88447,Route des Graviers,47.956008,6.745343,Plein jour,Hors agglomération,Hors intersection,Normale,Sans collision,4,2,2,0,1,2,1,0,3,70,,1,0,0,1,0,34.0,,,,1,1,1,1,7
202100040826,2021-05-08 17:40:00,2021,5,8,17,40,30,30344,D1,43.745565,4.209062,Plein jour,Hors agglomération,Hors intersection,Normale,Sans collision,3,2,2,0,1,1,1,0,3,80,,1,0,0,1,0,35.0,,,,1,1,1,1,7
202100040827,2021-05-09 14:30:00,2021,5,9,14,30,67,67445,A 35 PK 437.900,48.291445,7.462978,Plein jour,Hors agglomération,Hors intersection,Normale,Autre collision,1,3,4,0,1,1,1,0,1,110,,1,0,0,1,0,70.0,,,,1,1,1,1,6
202100040828,2021-05-06 17:21:00,2021,5,6,17,21,13,13032,Rue du Grand Logis,43.56851,5.354746,Plein jour,En agglomération,Hors intersection,Normale,Deux véhicules - frontale,7,2,2,0,1,3,1,0,1,50,,2,1,0,1,0,80.0,,,,1,2,1,1,1
202100040829,2021-04-23 17:25:00,2021,4,23,17,25,11,11262,PK 373.800,43.159926,2.937813,Plein jour,Hors agglomération,Hors intersection,Normale,Deux véhicules - frontale,1,1,4,0,2,1,1,8,1,90,,3,0,0,0,3,45.0,27.0,,,1,1,1,1,1
202100040830,2021-05-09 07:00:00,2021,5,9,7,0,28,28276,A10,48.282257,1.859218,Plein jour,Hors agglomération,Hors intersection,Normale,Autre collision,1,3,3,0,1,1,1,0,3,130,,5,0,1,4,0,26.0,,,,1,1,1,1,6
202100040831,2021-05-08 23:00:00,2021,5,8,23,0,987,98733,PK 19.100 RT1 en direction de PAPARA (Face à la Station MOBIL),-17.669417,-149.592413,Nuit avec éclairage allumé,En agglomération,Hors intersection,Normale,Deux véhicules - frontale,2,2,2,0,1,1,1,0,8,60,,1,0,1,0,0,33.0,,,,5,2,1,1,1
202100040832,2021-05-09 14:30:00,2021,5,9,14,30,978,97801,"montée de morne vallois, rn7",18.070052,-63.075288,Plein jour,En agglomération,Autre intersection,Normale,Deux véhicules - frontale,9,2,2,0,2,1,1,0,4,50,,2,1,0,0,1,49.0,,,,1,2,9,1,1
202100040833,2021-05-08 18:00:00,2021,5,8,18,0,77,77476,D401,49.041258,2.95602,Plein jour,Hors agglomération,Hors intersection,Normale,Deux véhicules - frontale,3,2,2,0,3,3,1,0,1,80,,2,0,0,1,1,43.0,40.0,,,1,1,1,1,1
202100040834,2021-05-09 15:35:00,2021,5,9,15,35,77,77317,rue blaise pascal,48.61466,2.884898,Plein jour,En agglomération,Hors intersection,Normale,Autre collision,4,2,2,0,1,1,1,0,4,50,,1,0,1,0,0,43.0,,,,1,2,1,1,6
202100040835,2021-05-09 09:35:00,2021,5,9,9,35,95,95039,22 Rue de Pontoise,49.0696085427,2.1406134646,Plein jour,En agglomération,Hors intersection,Normale,Autre collision,3,2,2,0,1,1,1,0,1,50,,1,0,0,1,0,35.0,,,,1,2,1,1,6
202100040836,2021-05-09 11:15:00,2021,5,9,11,15,2A,2A288,D859,41.538731,9.181159,Plein jour,Hors agglomération,Hors intersection,Normale,Autre collision,3,2,2,0,1,2,1,0,3,80,,2,0,0,1,1,22.0,23.0,,,1,1,1,1,6
202100040837,2021-05-08 22:40:00,2021,5,8,22,40,66,66210,Boulevard frédéric Mistral,42.626258,2.750847,Nuit avec éclairage allumé,En agglomération,Hors intersection,Normale,Autre collision,3,2,2,0,1,2,1,0,3,30,,4,1,1,0,2,43.0,,,,5,2,1,1,6
202100040838,2021-05-08 20:20:00,2021,5,8,20,20,30,30156,Rue des 4 Vents,43.85861,4.43463,Plein jour,En agglomération,Giratoire,Normale,Autre collision,9,2,2,0,1,3,1,0,4,50,,1,0,0,1,0,46.0,,,,1,2,6,1,6
202100040839,2021-05-09 00:30:00,2021,5,9,0,30,11,11430,D624,43.288952,1.89291,Nuit sans éclairage public,Hors agglomération,Hors intersection,Vent fort / tempête,Autre collision,3,2,2,0,2,2,1,2,3,80,,1,0,0,1,0,22.0,,,,3,1,1,6,6
202100040840,2021-05-07 18:30:00,2021,5,7,18,30,34,34327,Route de Jacou,43.658201,3.96114,Plein jour,En agglomération,Intersection en T,Normale,Deux véhicules - frontale,7,2,2,0,1,1,1,0,1,50,,2,1,0,1,0,24.0,45.0,,,1,2,3,1,1
202100040841,2021-05-09 11:01:00,2021,5,9,11,1,83,83127,D2,43.2873,5.883849,Plein jour,Hors agglomération,Intersection en T,Normale,Deux véhicules - côté,3,2,2,0,1,1,1,0,1,80,,3,0,0,3,0,50.0,54.0,,,1,1,3,1,3
202100040842,2021-05-09 15:00:00,2021,5,9,15,0,06,06128,Route de Cagnes,43.690346,7.130948,Plein jour,Hors agglomération,Hors intersection,Normale,Sans collision,3,3,4,0,2,2,1,0,3,70,,2,0,0,2,0,52.0,,,,1,1,1,1,7
202100040843,2021-05-09 13:35:00,2021,5,9,13,35,04,04039,RD 4085 (station Total),43.849756,6.508761,Plein jour,En agglomération,Autre intersection,Normale,Deux véhicules - côté,3,2,2,0,2,1,1,0,1,50,,2,1,0,0,1,58.0,58.0,,,1,2,9,1,3
202100040844,2021-05-08 20:15:00,2021,5,8,20,15,73,73005,RD 59,45.638741,6.083461,Plein jour,Hors agglomération,Hors intersection,Normale,Sans collision,3,2,2,0,1,2,1,0,1,80,,1,0,0,1,0,37.0,,,,1,1,1,1,7
202100040845,2021-05-08 19:10:00,2021,5,8,19,10,42,42094,46 Rue de Verdun,45.73914,4.224367,Plein jour,En agglomération,Hors intersection,Normale,Deux véhicules - côté,4,2,2,0,1,1,1,0,1,50,,2,1,0,1,0,29.0,32.0,,,1,2,1,1,3
202100040846,2021-05-09 14:45:00,2021,5,9,14,45,38,38442,La Coche,45.351631,5.819081,Plein jour,En agglomération,Hors intersection,Normale,Trois véhicules et plus - collisions multiples,3,2,2,0,2,3,1,0,1,80,,3,2,0,1,0,43.0,47.0,,,1,2,1,1,5
202100040847,2021-05-08 18:55:00,2021,5,8,18,55,01,01249,Montée Neuve,45.825338,4.94212,Plein jour,En agglomération,Intersection en X,Normale,Deux véhicules - côté,3,2,2,0,2,3,1,0,1,50,,2,1,0,0,1,18.0,49.0,,,1,2,2,1,3
202100040848,2021-05-08 11:00:00,2021,5,8,11,0,01,01386,,45.876940675,5.3977149725,Plein jour,Hors agglomération,Hors intersection,Normale,Deux véhicules - côté,3,2,2,0,2,1,1,0,1,80,,3,2,0,0,1,52.0,21.0,,,1,1,1,1,3
202100040849,2021-05-08 15:30:00,2021,5,8,15,30,69,69054,NAPOLEON (RTE),46.168664,4.490737,Plein jour,En agglomération,Hors intersection,Normale,Deux véhicules - arrière,3,2,2,0,1,3,1,0,1,50,,2,0,0,1,1,42.0,38.0,,,1,2,1,1,2
202100040850,2021-05-08 18:05:00,2021,5,8,18,5,65,65059,Rue du Castelmouly,43.074868,0.147889,Plein jour,En agglomération,Hors intersection,Normale,Deux véhicules - frontale,4,2,2,0,1,1,1,0,1,50,,2,1,0,1,0,29.0,52.0,,,1,2,1,1,1
202100040851,2021-05-09 15:30:00,2021,5,9,15,30,60,60065,160 Rue du Général de Gaulle,49.349699,2.223271,Plein jour,En agglomération,Hors intersection,Normale,Autre collision,3,2,2,0,1,3,1,0,4,50,,1,0,0,0,1,45.0,,,,1,2,1,1,6
202100040852,2021-05-07 18:47:00,2021,5,7,18,47,13,13071,A7-Sens Lyon vers Marseille,43.40429,5.34161,Plein jour,Hors agglomération,Hors intersection,Normale,Trois véhicules et plus - en chaîne,1,-1,4,0,2,1,1,0,1,110,,4,2,0,0,2,37.0,61.0,,,1,1,1,1,4
202100040853,2021-05-07 17:40:00,2021,5,7,17,40,13,13070,A50-Sens Aubagne vers Marseille,43.28537,5.515,Plein jour,Hors agglomération,Hors intersection,Normale,Trois véhicules et plus - en chaîne,1,1,3,0,1,1,1,0,1,90,,5,3,0,0,2,32.0,42.0,,,1,1,1,1,4
202100040854,2021-05-07 18:38:00,2021,5,7,18,38,13,13202,Tunnel Joliette Marseille vers Aubagne,43.31335,5.36589,Plein jour,Hors agglomération,Hors intersection,Normale,Deux véhicules - côté,1,1,3,0,1,1,1,1,1,50,,2,1,0,0,1,60.0,29.0,,,1,1,1,1,3
202100040855,2021-04-30 17:00:00,2021,4,30,17,0,69,69290,A43   3.865 A 9.894,45.7086517078,4.9541687965,Plein jour,Hors agglomération,Hors intersection,Normale,Deux véhicules - côté,1,3,6,0,1,1,1,0,1,90,,3,1,0,0,2,35.0,25.0,,,1,1,1,1,3
202100040856,2021-05-08 05:40:00,2021,5,8,5,40,69,69275,RN346   29.300 A 34.350,45.7652828858,4.9849628529,Crépuscule ou aube,Hors agglomération,Hors intersection,Normale,Deux véhicules - arrière,2,3,6,0,2,1,1,0,1,90,,2,1,0,0,1,23.0,23.0,,,2,1,1,1,2
202100040857,2021-05-08 19:45:00,2021,5,8,19,45,91,91286,AUTOROUTE A6,48.652924,2.381597,Plein jour,Hors agglomération,Hors intersection,Normale,Deux véhicules - côté,1,3,3,0,1,1,1,0,1,110,,2,1,0,0,1,39.0,38.0,,,1,1,1,1,3