accident_id,datetime,annee,mois,jour,heure,minute,departement,commune_insee,adresse,latitude,longitude,luminosite,agglomeration,intersection,meteo,collision,catr,circ,nbv,vosp,prof,plan,surf,infra,situ,vma,nb_vehicules,nb_usagers,nb_indemnes,nb_tues,nb_blesses_hosp,nb_blesses_legers,age_cond_1,age_cond_2,veh_type_cond_1,veh_type_cond_2,lum_code,agg_code,int_code,atm_code,col_code
202100040858,2021-05-08 17:30:00,2021,5,8,17,30,91,91689,AUTOROUTE A6,48.737581,2.318748,Plein jour,Hors agglomération,Hors intersection,Normale,Trois véhicules et plus - en chaîne,1,3,3,0,1,1,1,0,1,110,,3,0,0,0,3,47.0,55.0,,,1,1,1,1,4
202100040859,2021-05-07 20:00:00,2021,5,7,20,0,92,92051,N13,48.88422,2.26236,Plein jour,Hors agglomération,Hors intersection,Normale,Trois véhicules et plus - collisions multiples,2,1,2,0,1,1,1,1,1,70,,3,2,0,0,1,35.0,30.0,,,1,1,1,1,5
202100040860,2021-05-07 18:55:00,2021,5,7,18,55,92,92036,A86,48.93421,2.27036,Plein jour,Hors agglomération,Hors intersection,Normale,Deux véhicules - arrière,1,1,2,0,1,1,1,1,1,70,,2,1,0,0,1,27.0,25.0,,,1,1,1,1,2
202100040861,2021-05-07 12:20:00,2021,5,7,12,20,77,77373,RN104,48.802739259,2.6265561707,Plein jour,Hors agglomération,Hors intersection,Normale,Trois véhicules et plus - en chaîne,2,3,3,0,2,1,1,0,1,90,,3,2,0,1,0,25.0,51.0,,,1,1,1,1,4
202100040862,2021-05-07 09:20:00,2021,5,7,9,20,94,94073,A86 INT,48.7542436863,2.3810453254,Plein jour,Hors agglomération,Hors intersection,Normale,Deux véhicules - arrière,1,-1,2,0,1,3,1,0,1,90,,2,1,0,0,1,37.0,56.0,,,1,1,1,1,2
202100040863,2021-02-16 15:30:00,2021,2,16,15,30,18,18033,MALLET (R. LOUIS),47.07,2.38,Plein jour,En agglomération,Intersection en X,Normale,Deux véhicules - côté,4,4,2,0,1,1,1,5,1,50,,2,1,0,1,0,23.0,66.0,,,1,2,2,1,3
202100040864,2021-05-07 14:31:00,2021,5,7,14,31,75,75120,PLACE DE LA PORTE DE MONTREUIL,48.854585,2.41346,Plein jour,En agglomération,Place,Normale,Autre collision,4,1,4,0,2,2,1,0,1,50,,2,1,1,0,0,35.0,,,,1,2,7,1,6
202100040865,2021-02-21 10:45:00,2021,2,21,10,45,75,75116,ROUTE DE LA SEINE A LA BUTTE MORTEMART,48.851554,2.237988,Plein jour,En agglomération,Hors intersection,Normale,Deux véhicules - frontale,4,2,1,1,1,1,1,-1,5,50,,3,0,0,0,3,48.0,25.0,,,1,2,1,1,1
202100040866,2021-05-07 13:35:00,2021,5,7,13,35,988,98818,ROUTE DE L'ANSE VATA/RUE MARCELLIN LACABANNE,-22.29366,166.44644,Plein jour,En agglomération,Intersection en T,Normale,Deux véhicules - côté,4,2,2,0,2,1,1,0,1,50,,2,1,0,0,1,24.0,55.0,,,1,2,3,1,3
202100040867,2021-05-07 13:50:00,2021,5,7,13,50,974,97411,Rue de la Source,-20.88811,55.44915,Plein jour,En agglomération,Intersection en X,Normale,Deux véhicules - côté,4,1,2,0,1,1,1,0,1,50,,2,1,0,0,1,35.0,42.0,,,1,2,2,1,3
202100040868,2021-05-07 09:13:00,2021,5,7,9,13,973,97302,BADUEL (ROUTE DE),4.9379052751,-52.3162879946,Plein jour,En agglomération,Hors intersection,Normale,Autre collision,3,2,1,0,1,1,1,9,1,50,,3,2,0,0,1,,39.0,,,1,2,1,1,6
202100040869,2021-05-07 22:15:00,2021,5,7,22,15,69,69386,BOILEAU (R),45.7672,4.8494,Nuit avec éclairage allumé,En agglomération,Intersection en X,Normale,Deux véhicules - côté,4,1,1,1,1,1,1,0,1,50,,3,1,0,0,2,27.0,21.0,,,5,2,2,1,3
202100040870,2021-05-07 19:15:00,2021,5,7,19,15,69,69259,MARTYRS DE LA RESISTANCE (DES)      (AV),45.69339,4.8742,Plein jour,En agglomération,Hors intersection,Normale,Deux véhicules - côté,4,2,2,0,1,1,1,0,1,50,,2,1,0,0,1,,36.0,,,1,2,1,1,3
202100040871,2021-05-07 19:30:00,2021,5,7,19,30,972,97213,ROUTE DEPARTEMENTALE 13,14.633292444,-61.0349035265,Nuit sans éclairage public,Hors agglomération,Hors intersection,Temps couvert,Trois véhicules et plus - en chaîne,3,2,2,0,3,3,1,0,1,70,,3,1,0,2,0,27.0,38.0,,,3,1,1,8,4
202100040872,2021-05-08 01:20:00,2021,5,8,1,20,69,69389,BOURGOGNE (DE) (R),45.78153,4.80009,Nuit avec éclairage allumé,En agglomération,Hors intersection,Normale,Autre collision,4,1,1,0,1,3,1,5,3,50,,1,0,0,0,1,55.0,,,,5,2,1,1,6
202100040873,2021-05-07 20:20:00,2021,5,7,20,20,69,69389,EMILE DUPORT (R),45.78476,4.81003,Plein jour,En agglomération,Intersection en T,Normale,Deux véhicules - frontale,4,2,2,0,1,1,1,0,1,50,,2,1,0,0,1,20.0,28.0,,,1,2,3,1,1
202100040874,2021-05-07 20:15:00,2021,5,7,20,15,69,69202,CROIX DE PIVORT (DE LA) (CHM),45.7297605671,4.8057293909,Crépuscule ou aube,En agglomération,Hors intersection,Normale,Deux véhicules - arrière,4,1,1,0,2,1,1,0,1,50,,2,1,0,0,1,53.0,22.0,,,2,2,1,1,2
202100040875,2021-05-07 13:55:00,2021,5,7,13,55,2B,2B033,SAMPIERO CORSO - AV,42.66702,9.4428,Plein jour,En agglomération,Hors intersection,Normale,Deux véhicules - côté,2,3,4,0,2,1,1,9,6,50,,2,0,0,0,2,42.0,61.0,,,1,2,1,1,3
202100040876,2021-05-06 11:25:00,2021,5,6,11,25,971,97107,POETE CHRISTOPHE ( CAYENNE ),16.04012,-61.5652,Plein jour,En agglomération,Hors intersection,Normale,Deux véhicules - côté,4,2,2,0,1,2,1,0,1,50,,3,2,0,0,1,60.0,23.0,,,1,2,1,1,3
202100040877,2021-05-04 14:00:00,2021,5,4,14,0,91,91021,AV DE LA DIVISION LECLERC,48.594282,2.246595,Plein jour,En agglomération,Hors intersection,Pluie légère,Sans collision,3,2,2,0,2,3,2,0,1,50,,4,1,0,0,3,23.0,,,,1,2,1,2,7
202100040878,2021-05-07 19:00:00,2021,5,7,19,0,91,91692,CHAMPS LASNIERS (AVENUE),48.684551,2.169742,Crépuscule ou aube,En agglomération,Autre intersection,Normale,Deux véhicules - côté,4,-1,2,0,1,1,1,0,8,30,,2,1,0,1,0,6.0,36.0,,,2,2,9,1,3
202100040879,2021-05-07 08:30:00,2021,5,7,8,30,91,91657,RUE JEAN CORRINGER,48.70682,2.4254,Plein jour,En agglomération,Hors intersection,Normale,Autre collision,4,2,2,0,1,1,1,0,1,50,,2,1,0,0,1,35.0,,,,1,2,1,1,6
202100040880,2021-05-07 19:20:00,2021,5,7,19,20,91,91432,AV CHARLES DE GAULLE,48.705375,2.343757,Plein jour,En agglomération,Hors intersection,Normale,Deux véhicules - arrière,3,2,2,0,1,1,1,0,1,50,,2,1,0,0,1,23.0,36.0,,,1,2,1,1,2
202100040881,2021-05-02 04:11:00,2021,5,2,4,11,87,87075,PERIGUEUX (ROUTE DE),45.79362,1.221,Nuit avec éclairage non allumé,En agglomération,Hors intersection,Normale,Autre collision,2,2,2,0,1,1,1,0,1,50,,1,0,0,0,1,39.0,,,,4,2,1,1,6
202100040882,2021-05-07 12:05:00,2021,5,7,12,5,86,86066,Boulevard d’Estrées,46.80585,0.52927,Plein jour,En agglomération,Hors intersection,Normale,Autre collision,3,2,2,0,1,1,1,0,1,30,,2,1,0,0,1,76.0,,,,1,2,1,1,6
202100040883,2021-05-07 18:15:00,2021,5,7,18,15,83,83137,MARSEILLE (ROUTE DE),43.12868,5.88765,Plein jour,En agglomération,Autre intersection,Normale,Deux véhicules - côté,3,2,2,2,1,1,1,0,1,50,,2,1,0,1,0,52.0,65.0,,,1,2,9,1,3
202100040884,2021-05-04 10:55:00,2021,5,4,10,55,83,83144,SAINTE CLAIRE (AVENUE),43.135797,6.005905,Plein jour,En agglomération,Hors intersection,Normale,Deux véhicules - arrière,7,2,4,0,1,1,1,0,1,50,,2,1,0,0,1,27.0,42.0,,,1,2,1,1,2
202100040885,2021-05-06 21:34:00,2021,5,6,21,34,82,82033,TOULOUSE RD 813 (ROUTE DE) ,44.03103,1.12864,Nuit sans éclairage public,Hors agglomération,Hors intersection,Normale,Deux véhicules - arrière,3,2,2,0,1,1,2,0,1,80,,2,1,0,0,1,29.0,38.0,,,3,1,1,1,2
202100040886,2021-05-05 17:05:00,2021,5,5,17,5,80,80021,ROUBAIX (BOULEVARD DE ),49.90806,2.31746,Plein jour,En agglomération,Hors intersection,Normale,Autre collision,3,2,4,0,1,1,1,0,1,50,,2,1,0,0,1,45.0,,,,1,2,1,1,6
202100040887,2021-05-05 17:26:00,2021,5,5,17,26,80,80021,GUTENBERG (RUE),49.9175877863,2.2735422994,Plein jour,En agglomération,Hors intersection,Normale,Deux véhicules - côté,4,-1,2,0,1,1,1,0,1,50,,2,1,0,0,1,56.0,,,,1,2,1,1,3
202100040888,2021-05-03 18:15:00,2021,5,3,18,15,77,77122,AV JEAN JAURES,48.65591,2.56298,Plein jour,En agglomération,Hors intersection,Normale,Deux véhicules - côté,4,2,1,0,1,1,1,6,1,50,,2,1,0,1,0,39.0,61.0,,,1,2,1,1,3
202100040889,2021-05-07 18:34:00,2021,5,7,18,34,76,76705,CD 144 (RUE PAUL ELUARD),49.33025,1.08687,Plein jour,En agglomération,Hors intersection,Normale,Autre collision,7,2,4,0,1,1,1,0,1,70,,1,0,0,0,1,25.0,,,,1,2,1,1,6
202100040890,2021-03-24 12:45:00,2021,3,24,12,45,76,76681,Rue Francois Raspail,49.41552,1.09408,Plein jour,En agglomération,Hors intersection,Normale,Autre collision,4,2,2,0,1,1,1,0,1,30,,2,1,0,0,1,90.0,,,,1,2,1,1,6
202100040891,2021-05-07 19:00:00,2021,5,7,19,0,73,73065,TILLEULS (RUE DES),45.5617949633,5.9119099975,Plein jour,En agglomération,Hors intersection,Normale,Deux véhicules - côté,4,2,2,0,1,1,1,0,1,50,,2,1,0,0,1,8.0,25.0,,,1,2,1,1,3
202100040892,2021-05-07 09:00:00,2021,5,7,9,0,69,69092,TARARE (DE) (RTE),45.9809990383,4.6936297417,Plein jour,Hors agglomération,Hors intersection,Pluie légère,Autre collision,3,2,2,0,1,1,2,0,1,50,,3,2,0,1,0,73.0,,,,1,1,1,2,6
202100040893,2021-05-06 10:05:00,2021,5,6,10,5,67,67482,OBERLIN (RUE),48.59274945,7.7571915623,Plein jour,En agglomération,Passage à niveau,Normale,Autre collision,4,3,4,3,1,1,1,4,1,50,,2,1,1,0,0,28.0,,,,1,2,8,1,6
202100040894,2021-05-04 20:10:00,2021,5,4,20,10,67,67447,GENERAL DE GAULLE (ROUTE DU),48.60315,7.73821,Crépuscule ou aube,En agglomération,Hors intersection,Pluie légère,Deux véhicules - frontale,7,2,3,1,1,1,2,0,1,30,,2,1,0,1,0,29.0,36.0,,,2,2,1,2,1
202100040895,2021-05-07 16:52:00,2021,5,7,16,52,64,64445,ARSENE D'ARSONVAL,43.30852,-0.3634,Plein jour,En agglomération,Intersection en T,Normale,Deux véhicules - arrière,4,2,2,0,1,1,1,0,1,30,,2,1,0,0,1,35.0,17.0,,,1,2,3,1,2
202100040896,2021-05-06 07:55:00,2021,5,6,7,55,64,64445,LYAUTEY,43.3044,-0.3673,Plein jour,En agglomération,Intersection en T,Normale,Deux véhicules - côté,4,1,2,0,1,1,1,5,1,50,,2,1,0,0,1,29.0,22.0,,,1,2,3,1,3
202100040897,2021-04-29 16:10:00,2021,4,29,16,10,63,63113,MAYER (BD DANIEL),45.7925538049,3.0915001502,Plein jour,En agglomération,Intersection en X,Normale,Autre collision,7,3,5,0,1,1,2,0,1,70,,3,2,0,0,1,20.0,,,,1,2,2,1,6
202100040898,2021-05-08 21:18:00,2021,5,8,21,18,60,60463,carrefour Faidher,49.28366,2.46498,Plein jour,En agglomération,Intersection en X,Normale,Deux véhicules - côté,3,2,4,0,1,1,1,5,1,50,,2,1,0,0,1,23.0,23.0,,,1,2,2,1,3
202100040899,2021-05-06 13:25:00,2021,5,6,13,25,60,60159,Avenue Pierre et Marie Curie,49.39698,2.7944,Plein jour,En agglomération,Giratoire,Normale,Autre collision,4,3,4,0,1,3,2,0,1,30,,3,2,0,0,1,26.0,,,,1,2,6,1,6
202100040900,2021-04-30 13:40:00,2021,4,30,13,40,59,59008,DRION (BOULEVARD),50.32631,3.24885,Plein jour,En agglomération,Intersection en T,Normale,Deux véhicules - côté,3,2,2,0,1,1,1,0,1,50,,2,1,0,1,0,58.0,32.0,,,1,2,3,1,3
202100040901,2021-05-07 10:20:00,2021,5,7,10,20,56,56260,HERRIOT(AVENUE EDOUARD),47.654896,-2.7396,Plein jour,En agglomération,Giratoire,Normale,Deux véhicules - côté,3,1,2,2,1,1,1,5,1,50,,2,1,0,0,1,74.0,33.0,,,1,2,6,1,3
202100040902,2021-05-03 14:20:00,2021,5,3,14,20,54,54167,RD909,48.664558,5.955727,Plein jour,Hors agglomération,Hors intersection,Normale,Autre collision,3,2,2,0,1,1,1,0,1,80,,2,1,0,1,0,19.0,78.0,,,1,1,1,1,6
202100040903,2021-05-07 12:25:00,2021,5,7,12,25,54,54395,VINGT SIXIEME R.I. (BOULEVARD DU 2 A 44),48.6967977499,6.1891694991,Plein jour,En agglomération,Hors intersection,Normale,Deux véhicules - côté,4,2,4,0,1,1,2,0,1,50,,2,1,0,0,1,38.0,25.0,,,1,2,1,1,3
202100040904,2021-05-06 08:10:00,2021,5,6,8,10,54,54304,SAPINIERE (RUE DE LA),48.6933,6.1281,Plein jour,En agglomération,Intersection en X,Normale,Deux véhicules - côté,4,2,3,0,1,1,1,0,1,50,,3,1,0,0,2,86.0,47.0,,,1,2,2,1,3
202100040905,2021-05-04 17:15:00,2021,5,4,17,15,54,54184,BRIGACHTAL (AVENUE DE),48.70063,6.22462,Plein jour,En agglomération,Intersection en X,Pluie forte,Deux véhicules - côté,4,2,4,0,1,1,2,0,1,50,,2,0,0,0,2,33.0,56.0,,,1,2,2,3,3
202100040906,2021-05-07 15:55:00,2021,5,7,15,55,51,51454,Boulevard Vasco de Gama,49.2232093037,4.0384154292,Plein jour,En agglomération,Hors intersection,Normale,Sans collision,4,2,2,0,1,3,1,0,1,50,,2,1,0,0,1,59.0,,,,1,2,1,1,7
202100040907,2021-05-07 07:35:00,2021,5,7,7,35,51,51454,Avenue François Mauriac,49.23373,3.99941,Plein jour,En agglomération,Giratoire,Normale,Deux véhicules - côté,3,1,1,1,1,2,1,0,8,50,,2,1,0,1,0,36.0,48.0,,,1,2,6,1,3
202100040908,2021-05-04 16:10:00,2021,5,4,16,10,50,50602,VINGT CINQ JUIN 1944 (RUE DU),49.64136,-1.56823,Plein jour,En agglomération,Hors intersection,Normale,Autre collision,4,2,1,0,1,1,1,0,1,50,,1,0,0,0,1,75.0,,,,1,2,1,1,6
202100040909,2021-05-02 12:30:00,2021,5,2,12,30,50,50602,CARNOT (RUE),49.6459,-1.59188,Plein jour,En agglomération,Hors intersection,Normale,Deux véhicules - côté,4,2,2,1,1,1,1,0,1,50,,2,1,0,1,0,49.0,55.0,,,1,2,1,1,3
202100040910,2021-05-07 12:25:00,2021,5,7,12,25,49,49007,PASTEUR,47.47282,-0.53988,Plein jour,En agglomération,Hors intersection,Normale,Deux véhicules - côté,4,-1,2,0,1,1,1,0,1,50,,2,1,0,0,1,31.0,42.0,,,1,2,1,1,3
202100040911,2021-05-03 12:07:00,2021,5,3,12,7,47,47323,LATTRE DE TASSIGNY(AVENUE DU MARECHAL DE,44.41707,0.71056,Plein jour,En agglomération,Intersection en X,Normale,Deux véhicules - côté,4,2,2,0,2,1,1,0,1,50,,2,1,0,1,0,84.0,17.0,,,1,2,2,1,3
202100040912,2021-05-07 15:55:00,2021,5,7,15,55,47,47031,RIOLS (ALLEE DE),44.1800686559,0.6254972745,Plein jour,En agglomération,Giratoire,Normale,Deux véhicules - côté,3,2,2,0,1,1,1,0,1,50,,2,1,1,0,0,71.0,29.0,,,1,2,6,1,3
202100040913,2021-05-05 16:00:00,2021,5,5,16,0,44,44184,RÉPUBLIQUE (AVENUE DE LA) 106 AU 130 - 1,47.28447,-2.21078,Plein jour,En agglomération,Hors intersection,Normale,Deux véhicules - arrière,4,1,1,0,1,1,1,0,1,50,,2,1,0,0,1,17.0,58.0,,,1,2,1,1,2
202100040914,2021-05-07 14:00:00,2021,5,7,14,0,42,42095,Rue Gambetta,45.39064,4.28978,Plein jour,En agglomération,Intersection en T,Normale,Deux véhicules - côté,4,1,1,0,1,1,1,0,1,50,,3,2,0,0,1,33.0,33.0,,,1,2,3,1,3
202100040915,2021-05-07 20:30:00,2021,5,7,20,30,38,38185,Avenue Rhin et Danube,45.16965,5.70488,Crépuscule ou aube,En agglomération,Hors intersection,Normale,Deux véhicules - frontale,4,2,2,1,1,1,1,0,1,50,,4,0,0,0,4,20.0,35.0,,,2,2,1,1,1
202100040916,2021-05-07 09:45:00,2021,5,7,9,45,38,38185,Rue Lesdiguières,45.18617,5.72464,Plein jour,En agglomération,Intersection en T,Pluie légère,Autre collision,4,2,4,3,1,1,2,9,1,30,,2,1,1,0,0,63.0,,,,1,2,3,2,6
202100040917,2021-05-07 12:35:00,2021,5,7,12,35,37,37233,DUCLOS (AVENUE JACQUES),47.3810995612,0.7357332827,Plein jour,En agglomération,Intersection en Y,Normale,Autre collision,4,2,2,0,1,1,1,0,1,2,,2,1,0,0,1,51.0,31.0,,,1,2,4,1,6
202100040918,2021-05-07 08:30:00,2021,5,7,8,30,37,37261,CHURCHILL (BOULEVARD WINSTON),47.3736177659,0.6791225287,Plein jour,En agglomération,Hors intersection,Normale,Deux véhicules - arrière,4,3,4,0,1,1,1,0,1,50,,4,2,0,0,2,30.0,55.0,,,1,2,1,1,2
202100040919,2021-05-07 08:20:00,2021,5,7,8,20,37,37214,MARECHAL LECLERC (RD PT),47.4198279315,0.6633009374,Plein jour,En agglomération,Giratoire,Normale,Autre collision,4,1,2,0,1,1,1,0,1,50,,2,1,0,0,1,16.0,52.0,,,1,2,6,1,6
202100040920,2021-05-06 17:05:00,2021,5,6,17,5,37,37261,RN 76 - Route de St Avertin,47.3652074203,0.7119854222,Plein jour,En agglomération,Hors intersection,Normale,Trois véhicules et plus - en chaîne,4,2,4,0,1,1,1,0,1,50,,4,3,0,0,1,,21.0,,,1,2,1,1,4
202100040921,2021-05-06 15:35:00,2021,5,6,15,35,37,37233,LOIRE (LEVEE DE LA),47.3986687412,0.7348780632,Plein jour,En agglomération,Hors intersection,Normale,Deux véhicules - arrière,4,2,2,0,1,1,1,0,1,50,,2,0,0,0,2,32.0,51.0,,,1,2,1,1,2
202100040922,2021-05-06 13:10:00,2021,5,6,13,10,37,37233,FARGES (AVENUE YVES),47.3868451586,0.7449079788,Plein jour,En agglomération,Giratoire,Temps couvert,Autre collision,4,1,2,0,1,2,2,0,1,50,,2,1,0,0,1,21.0,56.0,,,1,2,6,8,6
202100040923,2021-05-05 10:00:00,2021,5,5,10,0,37,37261,BUNEL (RUE JACOB),47.3760399152,0.6893182075,Plein jour,En agglomération,Autre intersection,Normale,Sans collision,9,1,1,0,1,1,1,0,8,50,,1,0,0,0,1,69.0,,,,1,2,9,1,7
202100040924,2021-05-07 09:25:00,2021,5,7,9,25,35,35238,VERN (DE),48.10124,-1.65983,Plein jour,En agglomération,Hors intersection,Normale,Deux véhicules - côté,4,2,2,0,1,1,1,0,1,30,,2,1,0,0,1,17.0,42.0,,,1,2,1,1,3
202100040925,2021-05-07 21:45:00,2021,5,7,21,45,34,34172,DOMITIENNE (VOIE),43.62402,3.86218,Nuit avec éclairage allumé,En agglomération,Intersection en X,Normale,Deux véhicules - côté,4,2,2,2,1,1,1,5,1,50,,2,1,0,0,1,26.0,42.0,,,5,2,2,1,3
202100040926,2021-05-07 12:50:00,2021,5,7,12,50,33,33063,Rue du Jardin Public,44.86028,-0.57065,Plein jour,En agglomération,Intersection en X,Normale,Deux véhicules - côté,4,2,2,0,1,1,1,0,1,50,,2,1,0,1,0,,29.0,,,1,2,2,1,3
202100040927,2021-05-03 16:55:00,2021,5,3,16,55,33,33013,Avenue de Virecourt,44.85576,-0.49633,Plein jour,En agglomération,Intersection en T,Normale,Deux véhicules - côté,4,2,2,0,2,2,1,0,1,50,,2,1,0,1,0,56.0,70.0,,,1,2,3,1,3
202100040928,2021-04-29 14:00:00,2021,4,29,14,0,33,33281,Avenue Marcel Dassault,44.84665,-0.69555,Crépuscule ou aube,Hors agglomération,Hors intersection,Neige / grêle,Autre collision,5,-1,-1,0,1,1,2,0,1,40,,2,1,0,0,1,39.0,,,,2,1,1,4,6
202100040929,2021-05-07 16:54:00,2021,5,7,16,54,31,31555,Route de Bayonne,43.60946,1.35406,Plein jour,En agglomération,Hors intersection,Normale,Deux véhicules - côté,7,2,3,0,1,1,1,0,1,50,,4,2,0,2,0,48.0,33.0,,,1,2,1,1,3
202100040930,2021-04-28 20:55:00,2021,4,28,20,55,30,30189,FRANCAIS LIBRES (BD),43.834,4.321,Nuit sans éclairage public,Hors agglomération,Hors intersection,Normale,Autre collision,2,1,2,0,2,1,2,0,1,70,,2,1,0,1,0,35.0,,,,3,1,1,1,6
202100040931,2021-05-07 11:40:00,2021,5,7,11,40,18,18279,BARBUSSE RUE HENRI),47.23449,2.06109,Plein jour,En agglomération,Intersection en T,Normale,Deux véhicules - côté,9,2,2,0,1,1,1,0,1,50,,2,1,0,0,1,40.0,44.0,,,1,2,3,1,3
202100040932,2021-05-07 18:45:00,2021,5,7,18,45,15,15014,PONT ROUGE (BOULEVARD DU),44.92737,2.44809,Plein jour,En agglomération,Hors intersection,Normale,Deux véhicules - côté,4,-1,2,0,2,1,1,0,1,50,,2,1,0,0,1,49.0,19.0,,,1,2,1,1,3
202100040933,2021-05-06 20:25:00,2021,5,6,20,25,14,14118,Rue Eugène Boudin,49.1939,-0.3844,Plein jour,En agglomération,Intersection en X,Normale,Autre collision,4,2,2,0,1,1,1,0,1,50,,1,0,0,0,1,34.0,,,,1,2,2,1,6
202100040934,2021-05-07 21:21:00,2021,5,7,21,21,13,13204,SAINT JUST (AVENUE DE),43.314,5.40283,Nuit avec éclairage allumé,En agglomération,Intersection en X,Normale,Deux véhicules - côté,4,2,2,0,1,1,1,0,1,50,,2,1,0,0,1,17.0,37.0,,,5,2,2,1,3
202100040935,2021-05-07 23:00:00,2021,5,7,23,0,13,13213,JEAN PAUL SARTRE (AVENUE),43.31616,5.40941,Nuit avec éclairage allumé,En agglomération,Autre intersection,Normale,Deux véhicules - arrière,7,1,2,0,1,1,1,0,1,70,,3,0,0,0,3,19.0,21.0,,,5,2,9,1,2
202100040936,2021-05-07 14:30:00,2021,5,7,14,30,13,13075,PAUL SIRVENT (AVE),43.3435340624,5.4669838152,Plein jour,En agglomération,Intersection en T,Normale,Deux véhicules - côté,4,2,2,0,2,1,1,0,1,50,,2,1,0,0,1,16.0,75.0,,,1,2,3,1,3
202100040937,2021-05-07 08:15:00,2021,5,7,8,15,13,13215,LYON (RUE DE),43.3296453593,5.3653879522,Plein jour,En agglomération,Intersection en T,Normale,Autre collision,4,3,0,0,1,1,2,0,1,50,,2,1,1,0,0,40.0,,,,1,2,3,1,6
202100040938,2021-05-03 21:55:00,2021,5,3,21,55,13,13206,BEL AIR (RUE),43.28956,5.3824,Nuit avec éclairage allumé,En agglomération,Intersection en X,Normale,Deux véhicules - côté,4,1,1,0,1,1,1,0,1,50,,2,1,0,0,1,51.0,71.0,,,5,2,2,1,3
202100040939,2021-05-06 16:26:00,2021,5,6,16,26,13,13211,CAMOINS (route des),43.298,5.498,Plein jour,En agglomération,Hors intersection,Normale,Deux véhicules - frontale,7,2,2,0,1,1,1,0,1,50,,2,0,0,0,2,49.0,19.0,,,1,2,1,1,1
202100040940,2021-05-06 11:00:00,2021,5,6,11,0,13,13075,JEAN GIONO (AVE),43.34,5.45,Plein jour,En agglomération,Hors intersection,Normale,Deux véhicules - arrière,4,2,2,0,2,1,1,0,1,50,,2,1,0,0,1,35.0,44.0,,,1,2,1,1,2
202100040941,2021-05-06 17:01:00,2021,5,6,17,1,11,11262,PECLET (RUE),43.18999,3.01618,Plein jour,En agglomération,Autre intersection,Normale,Deux véhicules - côté,4,2,2,0,1,1,1,9,1,50,,2,1,0,0,1,19.0,27.0,,,1,2,9,1,3
202100040942,2021-05-07 16:35:00,2021,5,7,16,35,11,11069,RD 6161 - Rocade Ouest,43.22402,2.32738,Plein jour,En agglomération,Hors intersection,Normale,Deux véhicules - arrière,3,2,2,0,2,3,1,0,1,70,,2,1,0,0,1,21.0,52.0,,,1,2,1,1,2
202100040943,2021-05-06 17:45:00,2021,5,6,17,45,11,11069,MAGINOT ANDRE -AVENUE-,43.21956,2.38066,Plein jour,En agglomération,Hors intersection,Normale,Trois véhicules et plus - en chaîne,3,2,2,0,2,3,1,0,3,50,,3,1,0,1,1,60.0,36.0,,,1,2,1,1,4
202100040944,2021-05-07 16:30:00,2021,5,7,16,30,06,06069,CHENES (CHEMIN DES),43.6408,6.91717,Plein jour,En agglomération,Hors intersection,Normale,Deux véhicules - côté,4,3,2,0,1,1,1,0,1,50,,2,1,0,0,1,12.0,24.0,,,1,2,1,1,3
202100040945,2021-05-07 14:30:00,2021,5,7,14,30,06,06123,SAUVAIGO PIERRE AVENUE,43.66151,7.17928,Plein jour,En agglomération,Hors intersection,Normale,Deux véhicules - frontale,7,2,2,0,3,3,1,0,1,50,,2,1,0,0,1,20.0,36.0,,,1,2,1,1,1
202100040946,2021-05-07 10:50:00,2021,5,7,10,50,75,75118,RUE BOUCRY,48.894327,2.361282,Plein jour,En agglomération,Hors intersection,Normale,Deux véhicules - côté,4,1,1,0,1,1,1,0,1,50,,3,2,0,0,1,42.0,35.0,,,1,2,1,1,3
202100040947,2021-05-07 14:30:00,2021,5,7,14,30,75,75117,RUE DE PRONY,48.882219,2.304524,Plein jour,En agglomération,Intersection en X,Normale,Deux véhicules - côté,4,2,2,0,1,1,1,0,1,50,,2,1,0,0,1,50.0,58.0,,,1,2,2,1,3
202100040948,2021-05-07 13:25:00,2021,5,7,13,25,75,75117,PLACE DE LA PORTE DE CHAMPERRET,48.885855,2.289677,Plein jour,En agglomération,Hors intersection,Normale,Deux véhicules - arrière,4,2,6,0,1,1,1,0,1,50,,2,1,0,0,1,24.0,66.0,,,1,2,1,1,2
202100040949,2021-05-06 11:50:00,2021,5,6,11,50,75,75117,AVENUE DES TERNES,48.878343,2.295606,Plein jour,En agglomération,Intersection en X,Pluie légère,Deux véhicules - côté,4,2,4,0,1,1,2,0,1,50,,3,2,0,0,1,31.0,50.0,,,1,2,2,2,3
202100040950,2021-05-05 12:40:00,2021,5,5,12,40,75,75116,PLACE CHARLES DE GAULLE,48.873276,2.295131,Plein jour,En agglomération,Place,Temps couvert,Deux véhicules - arrière,4,1,4,0,1,3,1,0,1,50,,2,1,0,0,1,34.0,49.0,,,1,2,7,8,2
202100040951,2021-05-07 20:40:00,2021,5,7,20,40,75,75114,RUE DU DEPART,48.842244,2.323006,Crépuscule ou aube,En agglomération,Hors intersection,Normale,Deux véhicules - côté,4,2,4,0,1,1,1,0,1,50,,3,2,0,0,1,48.0,25.0,,,2,2,1,1,3
202100040952,2021-05-07 07:50:00,2021,5,7,7,50,75,75114,BOULEVARD BRUNE,48.82489,2.318378,Plein jour,En agglomération,Intersection en X,Normale,Autre collision,4,3,2,0,1,1,1,0,1,50,,2,1,0,0,1,41.0,,,,1,2,2,1,6
202100040953,2021-05-07 14:10:00,2021,5,7,14,10,75,75112,QUAI DE BERCY,48.838911,2.375629,Plein jour,En agglomération,Hors intersection,Normale,Deux véhicules - côté,4,2,6,0,2,1,1,0,1,50,,2,1,0,0,1,64.0,,,,1,2,1,1,3