accident_id,datetime,annee,mois,jour,heure,minute,departement,commune_insee,adresse,latitude,longitude,luminosite,agglomeration,intersection,meteo,collision,catr,circ,nbv,vosp,prof,plan,surf,infra,situ,vma,nb_vehicules,nb_usagers,nb_indemnes,nb_tues,nb_blesses_hosp,nb_blesses_legers,age_cond_1,age_cond_2,veh_type_cond_1,veh_type_cond_2,lum_code,agg_code,int_code,atm_code,col_code
202100040954,2021-02-22 09:16:00,2021,2,22,9,16,75,75110,RUE DU FAUBOURG DU TEMPLE,48.867745,2.364357,Plein jour,En agglomération,Place,Normale,Deux véhicules - côté,4,2,2,0,1,1,1,0,1,30,,2,1,0,0,1,34.0,40.0,,,1,2,7,1,3
202100040955,2021-05-07 17:15:00,2021,5,7,17,15,75,75107,AVENUE DE BRETEUIL,48.851568,2.31174,Plein jour,En agglomération,Intersection en X,Normale,Deux véhicules - côté,4,3,1,0,1,1,1,0,1,50,,2,1,0,0,1,30.0,41.0,,,1,2,2,1,3
202100040956,2021-05-07 16:55:00,2021,5,7,16,55,75,75107,QUAI ANATOLE FRANCE,48.862416,2.319851,Plein jour,En agglomération,Intersection en T,Normale,Sans collision,4,2,5,1,1,1,1,0,5,50,,1,0,0,0,1,49.0,,,,1,2,3,1,7
202100040957,2021-05-07 08:30:00,2021,5,7,8,30,75,75107,RUE FABERT,48.859067,2.311254,Plein jour,En agglomération,Hors intersection,Normale,Sans collision,4,1,2,0,1,1,1,0,1,50,,2,0,0,0,2,57.0,,,,1,2,1,1,7
202100040958,2021-05-07 15:00:00,2021,5,7,15,0,94,94081,Rue du Génie,48.7954,2.3731,Plein jour,En agglomération,Intersection en T,Normale,Deux véhicules - côté,4,1,0,0,1,1,1,0,1,50,,3,2,0,0,1,17.0,26.0,,,1,2,3,1,3
202100040959,2021-05-07 18:00:00,2021,5,7,18,0,94,94068,BEAUBOURG (R),48.8143471135,2.472643683,Plein jour,En agglomération,Hors intersection,Normale,Deux véhicules - côté,4,-1,1,0,2,1,1,0,1,30,,2,1,0,0,1,49.0,44.0,,,1,2,1,1,3
202100040960,2021-05-07 15:50:00,2021,5,7,15,50,94,94068,Rue de Rocroy,48.7952,2.481,Plein jour,En agglomération,Intersection en X,Normale,Deux véhicules - côté,4,1,1,0,1,1,1,0,1,30,,2,1,0,0,1,32.0,42.0,,,1,2,2,1,3
202100040961,2021-05-07 19:50:00,2021,5,7,19,50,94,94058,Boulevard d’Alsace-Lorraine,48.85034,2.501318,Plein jour,En agglomération,Hors intersection,Normale,Deux véhicules - côté,3,1,4,0,2,1,1,0,1,50,,3,2,0,0,1,37.0,21.0,,,1,2,1,1,3
202100040962,2021-05-07 19:20:00,2021,5,7,19,20,94,94043,FONTAINEBLEAU (AV DE),48.815343,2.360756,Plein jour,En agglomération,Hors intersection,Normale,Deux véhicules - côté,3,2,3,1,1,1,1,0,5,50,,2,1,0,0,1,43.0,23.0,,,1,2,1,1,3
202100040963,2021-05-07 09:08:00,2021,5,7,9,8,94,94022,Avenue Yvonne Marcailloux,48.767642,2.406307,Plein jour,En agglomération,Intersection en X,Normale,Deux véhicules - frontale,4,2,2,0,1,1,1,0,1,30,,2,1,0,0,1,21.0,55.0,,,1,2,2,1,1
202100040964,2021-05-06 07:08:00,2021,5,6,7,8,94,94004,GENERAL LECLERC (AV DU),48.75891,2.50178,Plein jour,En agglomération,Hors intersection,Pluie légère,Deux véhicules - côté,2,3,4,0,1,1,2,0,1,70,,3,2,0,0,1,20.0,49.0,,,1,2,1,2,3
202100040965,2021-05-06 20:00:00,2021,5,6,20,0,95,95527,ROUTE DE LA COMMUNE,49.0064726827,2.54375875,Plein jour,Hors agglomération,Hors intersection,Pluie légère,Deux véhicules - arrière,4,1,1,0,1,1,2,0,1,90,,2,1,0,0,1,28.0,37.0,,,1,1,1,2,2
202100040966,2021-05-07 18:35:00,2021,5,7,18,35,93,93072,MAXIME GORKI (BOULEVARD) DES N°1 AU 87,48.94761,2.3865,Plein jour,En agglomération,Intersection en T,Normale,Deux véhicules - côté,3,2,3,3,1,3,1,0,1,50,,2,1,0,0,1,39.0,28.0,,,1,2,3,1,3
202100040967,2021-05-07 16:58:00,2021,5,7,16,58,93,93066,Rue du Général Joinville,48.934585,2.369331,Plein jour,En agglomération,Hors intersection,Normale,Deux véhicules - arrière,4,3,2,0,1,1,1,0,1,50,,2,1,0,0,1,12.0,23.0,,,1,2,1,1,2
202100040968,2021-05-06 20:10:00,2021,5,6,20,10,93,93066,Rue Francis de Pressensé / Rue de la Cokerie,48.92111,2.36465,Crépuscule ou aube,En agglomération,Giratoire,Pluie légère,Autre collision,3,3,2,1,2,1,2,9,1,50,,3,1,0,0,2,26.0,,,,2,2,6,2,6
202100040969,2021-05-07 15:00:00,2021,5,7,15,0,93,93055,GENERAL LECLERC(AVE DU)89/FIN ET 122/FIN,48.900419,2.410762,Plein jour,En agglomération,Hors intersection,Normale,Deux véhicules - côté,3,2,0,0,1,1,1,9,1,50,,2,1,0,0,1,25.0,46.0,,,1,2,1,1,3
202100040970,2021-05-06 17:20:00,2021,5,6,17,20,93,93046,Boulevard Jean Moulin,48.91098,2.512712,Plein jour,En agglomération,Hors intersection,Normale,Deux véhicules - côté,4,2,3,0,1,1,1,0,1,50,,2,1,0,0,1,,23.0,,,1,2,1,1,3
202100040971,2021-05-07 18:00:00,2021,5,7,18,0,93,93031,GALLIENI (AVENUE),48.96239,2.29621,Plein jour,En agglomération,Hors intersection,Normale,Autre collision,3,2,1,0,1,1,1,0,1,50,,2,1,0,0,1,25.0,,,,1,2,1,1,6
202100040972,2021-05-07 11:15:00,2021,5,7,11,15,93,93031,Rue Lyautey,48.965406,2.298463,Plein jour,En agglomération,Hors intersection,Normale,Deux véhicules - côté,4,1,1,0,1,1,1,0,1,50,,2,1,0,0,1,36.0,39.0,,,1,2,1,1,3
202100040973,2021-05-07 18:25:00,2021,5,7,18,25,93,93047,Boulevard de l’Europe,48.895339,2.568401,Plein jour,En agglomération,Hors intersection,Normale,Autre collision,3,2,2,0,2,4,1,0,1,30,,1,0,0,0,1,46.0,,,,1,2,1,1,6
202100040974,2021-05-07 15:10:00,2021,5,7,15,10,93,93007,QUEBEC (AVENUE DU),48.9281,2.47619,Plein jour,En agglomération,Hors intersection,Normale,Autre collision,4,1,1,0,1,1,1,0,1,50,,2,1,0,0,1,,,,,1,2,1,1,6
202100040975,2021-05-07 07:50:00,2021,5,7,7,50,93,93001,Rue Paul Lafargue,48.91581,2.36758,Plein jour,En agglomération,Hors intersection,Normale,Autre collision,4,1,1,0,1,1,1,0,1,50,,2,1,0,0,1,63.0,,,,1,2,1,1,6
202100040976,2021-05-07 12:55:00,2021,5,7,12,55,92,92073,ROOSVELT (AVENUE FRANKLIN),48.8753286408,2.2193080187,Plein jour,En agglomération,Intersection en T,Normale,Deux véhicules - arrière,3,2,4,0,2,1,1,0,1,50,,3,1,0,0,2,48.0,42.0,,,1,2,3,1,2
202100040977,2021-05-07 15:05:00,2021,5,7,15,5,92,92020,PARIS AVENUE DE N° IMPAIRS,48.8045851971,2.2894410789,Plein jour,En agglomération,Hors intersection,Normale,Autre collision,3,2,2,0,1,1,1,0,4,50,,2,0,0,0,2,87.0,,,,1,2,1,1,6
202100040978,2021-05-06 16:48:00,2021,5,6,16,48,92,92020,FONTENAY RUE DE N°2 A 34,48.79977,2.28959,Plein jour,En agglomération,Hors intersection,Normale,Autre collision,4,1,1,0,1,1,2,0,1,30,,2,1,0,0,1,23.0,,,,1,2,1,1,6
202100040979,2021-05-07 17:45:00,2021,5,7,17,45,92,92035,République ( boulevard de la ),48.9066924905,2.2459262609,Plein jour,En agglomération,Hors intersection,Normale,Deux véhicules - côté,3,2,2,0,1,1,1,0,1,50,,3,1,0,0,2,19.0,30.0,,,1,2,1,1,3
202100040980,2021-05-07 15:05:00,2021,5,7,15,5,92,92025,CHARLES DE GAULLE (BD),48.9152234477,2.2282129526,Plein jour,En agglomération,Hors intersection,Normale,Deux véhicules - frontale,3,1,1,1,1,1,1,9,1,30,,2,0,0,0,2,34.0,34.0,,,1,2,1,1,1
202100040981,2021-05-08 15:20:00,2021,5,8,15,20,39,39183,,46.752942,5.795309,Plein jour,Hors agglomération,Hors intersection,Normale,Deux véhicules - côté,3,2,2,0,2,3,1,0,1,80,,2,0,0,1,1,53.0,56.0,,,1,1,1,1,3
202100040982,2021-05-08 18:20:00,2021,5,8,18,20,80,80766,D23,50.033057,2.465987,Plein jour,Hors agglomération,Hors intersection,Normale,Deux véhicules - frontale,3,2,2,0,2,3,1,0,1,-1,,4,0,0,2,2,35.0,65.0,,,1,1,1,1,1
202100040983,2021-05-08 12:40:00,2021,5,8,12,40,17,17098,D145,45.50988,-0.846359,Plein jour,Hors agglomération,Hors intersection,Normale,Sans collision,3,2,2,0,1,4,1,0,3,80,,1,0,1,0,0,32.0,,,,1,1,1,1,7
202100040984,2021-05-08 17:00:00,2021,5,8,17,0,14,14027,D106,48.985237,-0.640479,Plein jour,Hors agglomération,Hors intersection,Normale,Deux véhicules - frontale,3,2,2,0,1,2,1,0,3,80,,2,1,0,1,0,47.0,18.0,,,1,1,1,1,1
202100040985,2021-05-08 14:05:00,2021,5,8,14,5,76,76146,Route de Sommery,49.59476,1.37423,Plein jour,Hors agglomération,Intersection en X,Normale,Deux véhicules - côté,3,2,2,0,1,1,1,0,1,80,,2,1,0,0,1,34.0,19.0,,,1,1,2,1,3
202100040986,2021-05-07 19:30:00,2021,5,7,19,30,79,79267,2 Rue de la Mairie,46.527609,-0.241184,Plein jour,En agglomération,Hors intersection,Normale,Sans collision,3,2,2,0,1,4,1,0,1,50,,1,0,0,0,1,41.0,,,,1,2,1,1,7
202100040987,2021-05-08 12:45:00,2021,5,8,12,45,2A,2A209,RT20 au niveau de l'embranchement D5,41.993388,8.848066,Plein jour,Hors agglomération,Hors intersection,Normale,Deux véhicules - arrière,2,2,2,0,1,1,1,0,1,70,,2,1,0,1,0,24.0,40.0,,,1,1,1,1,2
202100040988,2021-05-07 16:45:00,2021,5,7,16,45,80,80186,Rue de Picardie,49.819036,2.793376,Plein jour,En agglomération,Hors intersection,Temps éblouissant,Deux véhicules - arrière,3,2,2,0,1,1,1,0,1,50,,3,1,0,2,0,74.0,16.0,,,1,2,1,7,2
202100040989,2021-05-08 11:05:00,2021,5,8,11,5,32,32107,30  Boulevard de la Libération,43.958181,0.375249,Plein jour,En agglomération,Hors intersection,Normale,Autre collision,4,2,2,0,1,1,1,0,1,50,,3,2,0,1,0,73.0,,,,1,2,1,1,6
202100040990,2021-05-08 15:10:00,2021,5,8,15,10,89,89464,Rue de Dixmont,48.0861599348,3.2982874877,Plein jour,En agglomération,Intersection en Y,Normale,Deux véhicules - arrière,3,2,2,0,1,3,1,0,1,50,,2,1,0,0,1,76.0,13.0,,,1,2,4,1,2
202100040991,2021-05-07 13:30:00,2021,5,7,13,30,42,42289,Chemin du Martoray,45.964709,4.203134,Plein jour,Hors agglomération,Hors intersection,Normale,Deux véhicules - frontale,4,2,1,0,2,3,2,0,1,50,,2,1,0,1,0,35.0,24.0,,,1,1,1,1,1
202100040992,2021-05-07 12:42:00,2021,5,7,12,42,34,34101,D18,43.383554,3.451048,Plein jour,Hors agglomération,Hors intersection,Normale,Deux véhicules - frontale,3,2,2,0,1,1,1,0,1,-1,,3,1,0,1,1,18.0,52.0,,,1,1,1,1,1
202100040993,2021-05-07 13:00:00,2021,5,7,13,0,44,44220,La Brosse,47.196515,-1.917018,Plein jour,Hors agglomération,Intersection en T,Normale,Deux véhicules - côté,3,2,2,0,1,1,1,0,1,80,,2,1,0,1,0,44.0,27.0,,,1,1,3,1,3
202100040994,2021-05-07 16:25:00,2021,5,7,16,25,31,31145,845 Les Baccarets,43.310495,1.513367,Plein jour,En agglomération,Hors intersection,Normale,Autre collision,3,2,2,0,1,1,1,0,1,50,,1,0,1,0,0,40.0,,,,1,2,1,1,6
202100040995,2021-05-08 11:30:00,2021,5,8,11,30,38,38086,Route de Toutes Aures,45.26547,5.34218,Plein jour,Hors agglomération,Hors intersection,Normale,Trois véhicules et plus - collisions multiples,3,2,2,0,2,3,1,0,1,80,,6,5,1,0,0,43.0,67.0,,,1,1,1,1,5
202100040996,2021-05-08 19:30:00,2021,5,8,19,30,02,02735,RD483 PR+0.461,49.291623,3.563524,Plein jour,Hors agglomération,Hors intersection,Normale,Sans collision,3,2,2,0,2,1,1,0,1,80,,1,0,1,0,0,37.0,,,,1,1,1,1,7
202100040997,2021-05-08 17:40:00,2021,5,8,17,40,14,14131,D677,49.320765,0.130586,Plein jour,En agglomération,Hors intersection,Normale,Trois véhicules et plus - collisions multiples,3,2,2,0,1,1,1,0,1,70,,5,3,0,0,2,54.0,20.0,,,1,2,1,1,5
202100040998,2021-05-07 07:45:00,2021,5,7,7,45,14,14406,route départemental 82,49.259557,-0.576847,Plein jour,Hors agglomération,Hors intersection,Normale,Sans collision,3,2,2,0,1,1,9,0,1,80,,1,0,0,0,1,61.0,,,,1,1,1,1,7
202100040999,2021-05-07 14:18:00,2021,5,7,14,18,05,05017,RN94 - PK 77-755,44.5739,6.171312,Plein jour,Hors agglomération,Hors intersection,Normale,Deux véhicules - côté,2,2,2,0,1,1,1,0,3,80,,2,1,0,1,0,39.0,51.0,,,1,1,1,1,3
202100041000,2021-05-07 19:05:00,2021,5,7,19,5,50,50463,Le Grand Bisson,48.916295,-1.338508,Plein jour,Hors agglomération,Hors intersection,Normale,Deux véhicules - côté,3,2,2,0,2,1,1,0,1,80,,2,1,0,1,0,19.0,19.0,,,1,1,1,1,3
202100041001,2021-05-07 11:45:00,2021,5,7,11,45,83,83032,D562,43.463721,6.130393,Plein jour,Hors agglomération,Hors intersection,Normale,Deux véhicules - côté,3,2,2,0,1,2,1,0,1,80,,3,1,0,0,2,57.0,37.0,,,1,1,1,1,3
202100041002,2021-05-08 14:45:00,2021,5,8,14,45,83,83046,RD13 PK 24.295 route de Sillans La Cascade,43.52919,6.15302,Plein jour,Hors agglomération,Hors intersection,Normale,Deux véhicules - côté,3,2,2,0,2,2,1,0,1,50,,2,1,0,1,0,21.0,34.0,,,1,1,1,1,3
202100041003,2021-05-08 15:05:00,2021,5,8,15,5,60,60262,7 Rue des Marronniers,49.601543,2.608324,Plein jour,En agglomération,Hors intersection,Normale,Deux véhicules - frontale,4,2,2,0,1,2,1,0,1,50,,2,0,0,1,1,21.0,21.0,,,1,2,1,1,1
202100041004,2021-05-08 14:45:00,2021,5,8,14,45,64,64066,chemin Itharaco,43.179962,-1.260579,Plein jour,En agglomération,Hors intersection,Normale,Sans collision,4,2,2,0,2,4,1,0,1,50,,2,1,0,1,0,62.0,,,,1,2,1,1,7
202100041005,2021-05-07 15:27:00,2021,5,7,15,27,64,64476,620 Ozpindegiko Bidea,43.316955,-1.217208,Plein jour,Hors agglomération,Hors intersection,Normale,Sans collision,4,2,2,0,2,1,1,0,8,80,,1,0,1,0,0,48.0,,,,1,1,1,1,7
202100041006,2021-05-06 14:00:00,2021,5,6,14,0,21,21389,pk 66 D980,47.669809,4.393051,Plein jour,Hors agglomération,Intersection en T,Pluie légère,Deux véhicules - frontale,3,2,2,0,1,1,2,0,1,80,,2,1,0,0,1,43.0,66.0,,,1,1,3,2,1
202100041007,2021-05-08 04:00:00,2021,5,8,4,0,85,85076,9 Rue du Haut Fradet,47.066293,-1.239953,Nuit avec éclairage non allumé,En agglomération,Hors intersection,Normale,Autre collision,4,2,2,0,1,3,1,0,4,50,,1,0,0,1,0,38.0,,,,4,2,1,1,6
202100041008,2021-05-07 18:45:00,2021,5,7,18,45,48,48075,7 Route Neuve,44.371188,3.534385,Plein jour,En agglomération,Hors intersection,Normale,Autre collision,3,2,2,0,1,1,1,0,1,50,,2,1,0,0,1,60.0,,,,1,2,1,1,6
202100041009,2021-05-07 21:15:00,2021,5,7,21,15,67,67084,A35,48.317094,7.482376,Crépuscule ou aube,Hors agglomération,Hors intersection,Normale,Deux véhicules - côté,1,3,4,0,1,1,1,3,1,110,,2,0,0,0,2,51.0,29.0,,,2,1,1,1,3
202100041010,2021-05-06 08:40:00,2021,5,6,8,40,91,91085,Rue de la Fontaine,48.556589,2.211959,Plein jour,En agglomération,Intersection en X,Pluie légère,Trois véhicules et plus - collisions multiples,4,2,2,0,1,1,2,0,1,50,,3,2,0,0,1,33.0,18.0,,,1,2,2,2,5
202100041011,2021-05-07 18:30:00,2021,5,7,18,30,13,13038,CD33,43.719838,4.704037,Plein jour,Hors agglomération,Intersection en T,Normale,Deux véhicules - côté,3,2,2,0,1,1,1,0,1,80,,3,0,0,3,0,26.0,55.0,,,1,1,3,1,3
202100041012,2021-05-08 12:20:00,2021,5,8,12,20,17,17465,Autoroute A10 - PK 410.400 - Sens PARIS / BORDEAUX,45.987454,-0.545009,Plein jour,Hors agglomération,Hors intersection,Temps éblouissant,Deux véhicules - côté,1,3,4,0,1,1,1,0,1,130,,8,6,0,0,2,32.0,43.0,,,1,1,1,7,3
202100041013,2021-04-03 18:00:00,2021,4,3,18,0,988,98817,AVENUE DES DEUX BAIES,-22.231272,166.529533,Crépuscule ou aube,En agglomération,Hors intersection,Pluie forte,Deux véhicules - arrière,3,2,2,0,1,1,2,0,1,50,,2,1,0,0,1,30.0,63.0,,,2,2,1,3,2
202100041014,2021-05-07 09:35:00,2021,5,7,9,35,974,97415,Route Nationale (hermitage),-21.061174,55.22354,Plein jour,Hors agglomération,Giratoire,Normale,Deux véhicules - côté,2,1,1,0,1,2,1,0,1,-1,,2,1,0,0,1,43.0,63.0,,,1,1,6,1,3
202100041015,2021-04-16 22:40:00,2021,4,16,22,40,95,95102,Rue du Moulin,49.141429,2.02069,Nuit sans éclairage public,Hors agglomération,Hors intersection,Normale,Deux véhicules - frontale,3,2,2,0,1,1,1,0,1,80,,2,1,0,1,0,38.0,57.0,,,3,1,1,1,1
202100041016,2021-05-07 21:25:00,2021,5,7,21,25,78,78262,Rue du Pont Marie,48.797352,1.792177,Nuit avec éclairage allumé,En agglomération,Hors intersection,Normale,Autre collision,3,2,2,0,2,2,1,0,1,50,,2,0,0,2,0,39.0,,,,5,2,1,1,6
202100041017,2021-05-07 18:55:00,2021,5,7,18,55,78,78193,Grande Rue,48.704989,1.985972,Plein jour,En agglomération,Intersection en T,Normale,Deux véhicules - côté,3,2,2,0,1,1,1,0,1,30,,2,1,1,0,0,55.0,22.0,,,1,2,3,1,3
202100041018,2021-05-08 09:15:00,2021,5,8,9,15,2B,2B148,"T20, lieu dit casamozza",42.520273,9.439954,Plein jour,En agglomération,Giratoire,Normale,Deux véhicules - frontale,9,2,2,0,1,1,1,0,1,50,,3,0,0,0,3,32.0,30.0,,,1,2,6,1,1
202100041019,2021-05-07 19:15:00,2021,5,7,19,15,66,66217,D612,42.616465,2.805204,Plein jour,Hors agglomération,Hors intersection,Normale,Deux véhicules - frontale,3,2,2,0,2,1,1,0,1,80,,5,1,0,1,3,43.0,71.0,,,1,1,1,1,1
202100041020,2021-05-08 11:20:00,2021,5,8,11,20,34,34199,D13,43.46374,3.409672,Plein jour,Hors agglomération,Intersection en Y,Normale,Deux véhicules - frontale,3,2,2,0,2,2,1,5,1,50,,2,1,0,1,0,27.0,59.0,,,1,1,4,1,1
202100041021,2021-05-08 11:35:00,2021,5,8,11,35,34,34238,les prats,43.849903,3.650701,Plein jour,Hors agglomération,Hors intersection,Normale,Deux véhicules - arrière,3,2,2,0,1,3,1,0,1,90,,2,0,0,1,1,34.0,56.0,,,1,1,1,1,2
202100041022,2021-05-08 14:45:00,2021,5,8,14,45,05,05126,RD 994 - Le Collet,44.388992,5.458703,Plein jour,Hors agglomération,Hors intersection,Normale,Sans collision,3,2,2,0,3,3,1,0,3,90,,2,0,0,0,2,29.0,,,,1,1,1,1,7
202100041023,2021-05-07 18:45:00,2021,5,7,18,45,67,67529,rue de la gare,48.717811,7.797796,Plein jour,En agglomération,Intersection en T,Normale,Deux véhicules - côté,3,2,2,0,1,1,1,9,1,50,,2,1,0,0,1,16.0,8.0,,,1,2,3,1,3
202100041024,2021-05-08 00:40:00,2021,5,8,0,40,55,55472,D958,48.709852,5.472055,Nuit sans éclairage public,Hors agglomération,Hors intersection,Normale,Autre collision,3,2,2,0,2,2,1,0,3,80,,5,1,0,1,3,21.0,,,,3,1,1,1,6
202100041025,2021-04-26 14:30:00,2021,4,26,14,30,57,57550,Rue de Saint-avold,49.1505981173,6.6671778701,Plein jour,Hors agglomération,Hors intersection,Normale,Deux véhicules - côté,3,2,2,0,4,3,1,0,1,80,,2,1,0,0,1,54.0,86.0,,,1,1,1,1,3
202100041026,2021-05-07 19:00:00,2021,5,7,19,0,03,03020,D37,46.279566,2.871128,Plein jour,Hors agglomération,Intersection en X,Normale,Deux véhicules - frontale,3,2,2,0,1,2,1,5,1,90,,5,0,0,0,5,32.0,19.0,,,1,1,2,1,1
202100041027,2021-05-07 23:00:00,2021,5,7,23,0,81,81099,3223 chemin de toulze,43.927819,1.903596,Nuit sans éclairage public,Hors agglomération,Hors intersection,Normale,Autre collision,3,2,2,0,1,2,1,0,8,80,,1,0,1,0,0,33.0,,,,3,1,1,1,6
202100041028,2021-05-08 17:30:00,2021,5,8,17,30,64,64230,N134,43.201178,-0.419645,Plein jour,Hors agglomération,Hors intersection,Normale,Autre collision,2,2,2,0,2,2,1,0,3,50,,2,1,0,1,0,16.0,,,,1,1,1,1,6
202100041029,2021-05-08 13:05:00,2021,5,8,13,5,14,14538,N158,49.096064,-0.310313,Plein jour,Hors agglomération,Hors intersection,Vent fort / tempête,Autre collision,2,3,4,0,2,1,1,0,3,110,,5,3,0,1,1,35.0,,,,1,1,1,6,6
202100041030,2021-05-08 13:50:00,2021,5,8,13,50,29,29179,Lieu Dit Auberge Neuve,48.502429,-4.303741,Plein jour,Hors agglomération,Hors intersection,Normale,Deux véhicules - frontale,4,2,2,0,2,3,1,0,1,30,,4,0,1,2,1,38.0,60.0,,,1,1,1,1,1
202100041031,2021-05-07 12:30:00,2021,5,7,12,30,60,60462,,49.3246119885,2.2188820838,Plein jour,Hors agglomération,Hors intersection,Normale,Autre collision,3,2,2,0,2,3,1,0,8,80,,1,0,0,0,1,19.0,,,,1,1,1,1,6
202100041032,2021-05-06 18:20:00,2021,5,6,18,20,13,13203,A7-Sens Lyon vers Marseille,43.3058948345,5.3751859182,Plein jour,Hors agglomération,Hors intersection,Normale,Trois véhicules et plus - en chaîne,1,1,3,0,1,1,1,0,1,90,,6,3,0,0,3,40.0,37.0,,,1,1,1,1,4
202100041033,2021-05-06 14:30:00,2021,5,6,14,30,13,13056,A55-Sens Martigues vers Marseille,43.40592,5.0391,Plein jour,Hors agglomération,Hors intersection,Normale,Deux véhicules - côté,1,1,3,0,1,1,1,2,1,70,,4,2,0,0,2,56.0,19.0,,,1,1,1,1,3
202100041034,2021-05-05 19:00:00,2021,5,5,19,0,13,13106,A7-Sens Lyon vers Marseille,43.38921,5.35105,Plein jour,Hors agglomération,Hors intersection,Normale,Deux véhicules - arrière,1,1,3,0,2,1,1,0,1,90,,3,2,0,0,1,28.0,22.0,,,1,1,1,1,2
202100041035,2021-05-05 13:10:00,2021,5,5,13,10,13,13202,A55-Sens Martigues vers Marseille,43.32389,5.36279,Plein jour,Hors agglomération,Hors intersection,Normale,Trois véhicules et plus - en chaîne,1,1,2,0,1,1,1,2,1,70,,4,0,0,0,4,36.0,32.0,,,1,1,1,1,4
202100041036,2021-05-06 09:20:00,2021,5,6,9,20,13,13005,A50-Sens Aubagne vers Marseille,43.285,5.5248,Plein jour,Hors agglomération,Hors intersection,Normale,Deux véhicules - arrière,1,-1,3,0,1,1,1,0,1,90,,2,1,0,0,1,28.0,48.0,,,1,1,1,1,2
202100041037,2021-05-06 07:45:00,2021,5,6,7,45,13,13055,A507 sens Marseille - Aubagne,43.29069,5.42418,Plein jour,Hors agglomération,Hors intersection,Normale,Deux véhicules - arrière,1,1,4,0,1,1,1,1,1,70,,3,2,0,1,0,,27.0,,,1,1,1,1,2
202100041038,2021-05-04 14:55:00,2021,5,4,14,55,83,83062,A570,43.140224,6.038904,Plein jour,Hors agglomération,Hors intersection,Normale,Deux véhicules - arrière,1,3,4,0,1,1,1,0,1,110,,3,1,1,1,0,74.0,60.0,,,1,1,1,1,2
202100041039,2021-04-30 18:55:00,2021,4,30,18,55,69,69290,EST (ROC),45.7121728479,4.9687814713,Plein jour,Hors agglomération,Hors intersection,Normale,Autre collision,2,3,6,0,2,1,1,0,1,90,,2,1,0,1,0,22.0,56.0,,,1,1,1,1,6
202100041040,2021-05-03 15:45:00,2021,5,3,15,45,59,59350,ROUTE NATIONALE 356,50.625297,3.084186,Plein jour,Hors agglomération,Hors intersection,Normale,Deux véhicules - arrière,2,3,4,0,1,2,1,0,1,90,,2,1,0,1,0,19.0,26.0,,,1,1,1,1,2
202100041041,2021-05-07 18:30:00,2021,5,7,18,30,94,94034,AUTOROUTE A86,48.7599,2.32104,Plein jour,Hors agglomération,Hors intersection,Normale,Deux véhicules - arrière,1,3,2,0,1,1,1,0,1,70,,2,1,0,0,1,43.0,24.0,,,1,1,1,1,2
202100041042,2021-05-07 15:40:00,2021,5,7,15,40,78,78423,RN12 EXT,48.79684,2.021996,Plein jour,Hors agglomération,Hors intersection,Normale,Deux véhicules - arrière,2,3,6,0,1,1,1,0,1,110,,3,2,0,0,1,64.0,34.0,,,1,1,1,1,2
202100041043,2021-05-07 18:00:00,2021,5,7,18,0,93,93066,AUTOROUTE A86,48.92273,2.35178,Plein jour,Hors agglomération,Hors intersection,Normale,Deux véhicules - arrière,1,3,8,0,1,1,1,0,1,90,,3,2,0,0,1,25.0,28.0,,,1,1,1,1,2
202100041044,2021-05-07 16:37:00,2021,5,7,16,37,93,93008,AUTOROUTE A86,48.90581,2.46241,Plein jour,Hors agglomération,Hors intersection,Normale,Deux véhicules - arrière,1,3,6,0,1,1,1,0,1,90,,2,1,0,0,1,27.0,38.0,,,1,1,1,1,2
202100041045,2021-05-06 13:18:00,2021,5,6,13,18,976,97611,kaweni-Geole ( rue de la ),-12.76689,45.22487,Plein jour,En agglomération,Intersection en T,Normale,Deux véhicules - côté,2,2,0,0,1,1,1,0,1,50,,2,1,0,0,1,31.0,,,,1,2,3,1,3
202100041046,2021-05-04 08:30:00,2021,5,4,8,30,974,97416,GRONDIN (RUELLE MARC),-21.34877,55.48942,Plein jour,En agglomération,Hors intersection,Normale,Autre collision,4,1,1,0,1,1,1,0,1,50,,2,1,0,0,1,35.0,,,,1,2,1,1,6
202100041047,2021-05-06 16:30:00,2021,5,6,16,30,974,97411,LITTORAL (ROUTE 2 DU),-20.87984,55.40285,Plein jour,Hors agglomération,Hors intersection,Normale,Sans collision,2,1,3,0,1,1,1,0,1,90,,1,0,0,1,0,25.0,,,,1,1,1,1,7
202100041048,2021-05-06 19:32:00,2021,5,6,19,32,973,97302,MONTABO (ROUTE DE) 1,4.9383000542,-52.2994837763,Nuit avec éclairage non allumé,En agglomération,Hors intersection,Pluie légère,Deux véhicules - arrière,3,2,2,2,1,1,2,0,1,50,,2,1,0,0,1,43.0,48.0,,,4,2,1,2,2
202100041049,2021-05-06 14:35:00,2021,5,6,14,35,973,97302,BADUEL (ROUTE DE),4.9326509794,-52.3085792936,Plein jour,En agglomération,Hors intersection,Normale,Deux véhicules - arrière,3,2,2,2,1,1,1,0,1,50,,2,1,0,0,1,39.0,46.0,,,1,2,1,1,2
202100041050,2021-05-06 12:13:00,2021,5,6,12,13,973,97302,RABAN (ROUTE DE),4.9261495696,-52.3135821991,Plein jour,En agglomération,Intersection en X,Normale,Autre collision,4,2,1,0,1,1,1,0,1,50,,1,0,0,0,1,40.0,,,,1,2,2,1,6