accident_id,datetime,annee,mois,jour,heure,minute,departement,commune_insee,adresse,latitude,longitude,luminosite,agglomeration,intersection,meteo,collision,catr,circ,nbv,vosp,prof,plan,surf,infra,situ,vma,nb_vehicules,nb_usagers,nb_indemnes,nb_tues,nb_blesses_hosp,nb_blesses_legers,age_cond_1,age_cond_2,veh_type_cond_1,veh_type_cond_2,lum_code,agg_code,int_code,atm_code,col_code
202100041051,2021-05-06 21:00:00,2021,5,6,21,0,69,69259,LAURENT BONNEVAY                    (BD),45.7214,4.88375,Nuit avec éclairage allumé,En agglomération,Hors intersection,Pluie légère,Deux véhicules - frontale,7,1,1,0,2,2,2,3,1,50,,3,1,0,0,2,35.0,16.0,,,5,2,1,2,1
202100041052,2021-05-06 16:20:00,2021,5,6,16,20,69,69383,FERDINAND BUISSON (R),45.74977,4.88978,Plein jour,En agglomération,Intersection en X,Pluie légère,Deux véhicules - côté,4,1,2,0,1,1,2,0,1,50,,4,3,0,0,1,26.0,46.0,,,1,2,2,2,3
202100041053,2021-05-05 19:30:00,2021,5,5,19,30,69,69259,MARTYRS DE LA RESISTANCE (DES)      (AV),45.69018,4.8679,Plein jour,En agglomération,Hors intersection,Normale,Sans collision,4,2,1,0,2,2,1,0,4,50,,1,0,0,1,0,24.0,,,,1,2,1,1,7
202100041054,2021-05-06 12:05:00,2021,5,6,12,5,69,69383,FELIX FAURE (AV),45.75288,4.85289,Plein jour,En agglomération,Hors intersection,Pluie légère,Trois véhicules et plus - collisions multiples,4,2,3,1,1,1,2,0,1,50,,4,3,0,0,1,48.0,57.0,,,1,2,1,2,5
202100041055,2021-05-03 16:00:00,2021,5,3,16,0,69,69386,VENDOME (R),45.76582,4.84559,Plein jour,En agglomération,Intersection en X,Normale,Deux véhicules - côté,4,2,3,1,1,1,1,9,1,50,,2,1,0,0,1,39.0,18.0,,,1,2,2,1,3
202100041056,2021-05-06 15:15:00,2021,5,6,15,15,69,69149,AUGUSTE BLANQUI (R),45.71188,4.81049,Plein jour,En agglomération,Hors intersection,Pluie légère,Autre collision,4,-1,2,0,1,1,2,0,1,30,,2,1,0,0,1,59.0,,,,1,2,1,2,6
202100041057,2021-05-03 19:10:00,2021,5,3,19,10,69,69385,JOLIOT CURIE (R),45.7562715074,4.7963272203,Plein jour,En agglomération,Hors intersection,Temps éblouissant,Deux véhicules - frontale,4,2,3,0,1,1,1,0,1,50,,3,2,0,0,1,28.0,46.0,,,1,2,1,7,1
202100041058,2021-05-05 17:30:00,2021,5,5,17,30,69,69034,SAINT CLAIR (DE) (GR) (30),45.7869256829,4.8503555059,Plein jour,En agglomération,Hors intersection,Normale,Deux véhicules - côté,4,1,1,0,1,1,1,0,1,50,,2,1,0,0,1,51.0,32.0,,,1,2,1,1,3
202100041059,2021-05-06 07:45:00,2021,5,6,7,45,2B,2B120,11 - RT,42.64511,9.43978,Plein jour,Hors agglomération,Hors intersection,Normale,Trois véhicules et plus - en chaîne,2,2,4,0,1,1,1,0,1,90,,4,1,0,0,3,35.0,31.0,,,1,1,1,1,4
202100041060,2021-05-05 19:45:00,2021,5,5,19,45,971,97113,Morne Salines,16.20857,-61.44203,Nuit sans éclairage public,Hors agglomération,Intersection en T,Normale,Deux véhicules - côté,2,2,2,0,2,1,1,0,1,70,,2,1,0,1,0,63.0,40.0,,,3,1,3,1,3
202100041061,2021-05-04 06:45:00,2021,5,4,6,45,971,97101,DESRAVINIERES,16.27691,-61.48975,Plein jour,Hors agglomération,Intersection en T,Normale,Deux véhicules - côté,4,2,2,0,2,3,1,0,1,50,,2,1,0,0,1,60.0,24.0,,,1,1,3,1,3
202100041062,2021-05-06 14:30:00,2021,5,6,14,30,95,95306,PONTOISE(RUE DE),48.9932873129,2.1673214436,Plein jour,En agglomération,Hors intersection,Pluie forte,Autre collision,4,2,2,0,1,3,2,0,1,30,,2,1,0,0,1,,,,,1,2,1,3,6
202100041063,2021-05-05 11:26:00,2021,5,5,11,26,95,95127,BONTEMPS (AVENUE DU),49.053028,2.017849,Plein jour,En agglomération,Intersection en T,Normale,Trois véhicules et plus - collisions multiples,4,2,2,0,1,1,1,0,1,30,,5,2,0,0,3,21.0,,,,1,2,3,1,5
202100041064,2021-05-03 17:40:00,2021,5,3,17,40,91,91685,CURIE (RUE MARIE),48.663221,2.294778,Plein jour,Hors agglomération,Hors intersection,Normale,Deux véhicules - arrière,4,2,1,0,1,1,1,0,1,50,,2,1,0,0,1,49.0,22.0,,,1,1,1,1,2
202100041065,2021-05-07 01:40:00,2021,5,7,1,40,91,91687,VICTOR SCHOELCHER (PLACE),48.64805,2.3668,Nuit avec éclairage allumé,En agglomération,Giratoire,Pluie légère,Autre collision,3,3,4,0,1,1,2,5,1,50,,3,1,0,0,2,22.0,,,,5,2,6,2,6
202100041066,2021-05-05 20:30:00,2021,5,5,20,30,91,91687,VICTOR SCHOELCHER (AVENUE),48.653838,2.370797,Crépuscule ou aube,En agglomération,Hors intersection,Pluie légère,Autre collision,3,3,4,0,1,4,2,0,3,50,,1,0,0,0,1,23.0,,,,2,2,1,2,6
202100041067,2021-05-04 17:40:00,2021,5,4,17,40,91,91433,CD 837,48.42586,2.23535,Plein jour,Hors agglomération,Hors intersection,Pluie légère,Deux véhicules - côté,3,2,2,0,1,1,1,0,1,70,,2,0,0,0,2,38.0,38.0,,,1,1,1,2,3
202100041068,2021-05-05 21:06:00,2021,5,5,21,6,87,87085,ALLENDE (QUAI SALVADOR),45.81739,1.25261,Nuit avec éclairage allumé,En agglomération,Intersection en X,Normale,Deux véhicules - côté,2,3,4,0,1,1,1,5,1,50,,2,0,0,0,2,33.0,21.0,,,5,2,2,1,3
202100041069,2021-05-05 08:01:00,2021,5,5,8,1,87,87075,COURRIERES (AVENUE DES),45.81675,1.20932,Plein jour,En agglomération,Hors intersection,Pluie légère,Autre collision,4,2,2,0,2,3,2,0,1,50,,1,0,0,0,1,31.0,,,,1,2,1,2,6
202100041070,2021-05-06 14:45:00,2021,5,6,14,45,85,85191,DURAND RUE HELIODORE,46.65904,-1.39828,Plein jour,En agglomération,Hors intersection,Normale,Deux véhicules - frontale,3,-1,2,0,2,4,1,0,1,50,,2,1,0,0,1,40.0,28.0,,,1,2,1,1,1
202100041071,2021-05-06 08:20:00,2021,5,6,8,20,83,83069,LOUBES (ROUTE DES),43.113796,6.099836,Plein jour,En agglomération,Hors intersection,Normale,Deux véhicules - frontale,7,2,1,0,1,1,1,0,1,50,,2,1,0,1,0,44.0,51.0,,,1,2,1,1,1
202100041072,2021-05-06 10:35:00,2021,5,6,10,35,79,79191,Quai Cronstadt,46.3261,-0.4647,Plein jour,En agglomération,Intersection en T,Pluie légère,Sans collision,4,2,2,0,1,1,2,6,1,50,,2,1,0,0,1,40.0,,,,1,2,3,2,7
202100041073,2021-05-06 19:40:00,2021,5,6,19,40,78,78418,FELICIEN LESAGE (RUE),48.910206,2.152123,Plein jour,En agglomération,Hors intersection,Pluie forte,Autre collision,4,2,1,0,1,1,2,0,8,30,,1,0,0,0,1,41.0,,,,1,2,1,3,6
202100041074,2021-05-06 16:11:00,2021,5,6,16,11,78,78551,ROUX (AVENUE DU PROFESSEUR),48.886011,2.091603,Plein jour,En agglomération,Hors intersection,Pluie légère,Deux véhicules - frontale,4,2,0,0,2,3,2,0,1,50,,2,1,0,0,1,33.0,32.0,,,1,2,1,2,1
202100041075,2021-05-06 10:50:00,2021,5,6,10,50,78,78551,PRIEURE (DU),48.89342,2.084586,Plein jour,En agglomération,Intersection en X,Pluie légère,Autre collision,4,2,2,0,1,1,2,0,1,50,,2,1,0,0,1,72.0,,,,1,2,2,2,6
202100041076,2021-05-02 17:20:00,2021,5,2,17,20,77,77433,MAISON MEUNIER,48.7491289929,3.0664262596,Plein jour,Hors agglomération,Intersection en X,Temps couvert,Sans collision,3,2,2,0,1,1,1,0,1,50,,1,0,0,0,1,37.0,,,,1,1,2,8,7
202100041077,2021-05-06 23:20:00,2021,5,6,23,20,76,76540,PENE. RUE ANNIE DE,49.43377,1.1143,Nuit sans éclairage public,En agglomération,Autre intersection,Pluie forte,Autre collision,7,2,2,0,2,3,2,0,8,50,,3,0,0,1,2,22.0,,,,3,2,9,3,6
202100041078,2021-05-06 20:40:00,2021,5,6,20,40,76,76681,RASPAIL. RUE FRANCOIS,49.41578,1.09475,Plein jour,En agglomération,Intersection en T,Normale,Deux véhicules - côté,4,2,2,0,1,1,2,0,1,30,,3,2,1,0,0,42.0,22.0,,,1,2,3,1,3
202100041079,2021-05-06 13:50:00,2021,5,6,13,50,76,76157,CANAL. RUE DU (CD 51),49.4554,1.0443,Plein jour,En agglomération,Hors intersection,Pluie légère,Autre collision,7,2,2,0,1,2,2,0,1,50,,4,2,0,0,2,23.0,,,,1,2,1,2,6
202100041080,2021-05-05 16:15:00,2021,5,5,16,15,76,76414,LOUIS BLERIOT (RUE ),49.92404,1.11995,Plein jour,Hors agglomération,Intersection en X,Normale,Deux véhicules - côté,4,2,2,0,1,1,1,0,1,50,,3,1,0,2,0,20.0,55.0,,,1,1,2,1,3
202100041081,2021-05-06 15:55:00,2021,5,6,15,55,69,69266,TOLSTOI (CR),45.75982,4.88941,Plein jour,En agglomération,Hors intersection,Pluie légère,Autre collision,4,1,1,0,1,1,2,0,1,30,,2,1,0,0,1,36.0,,,,1,2,1,2,6
202100041082,2021-05-06 13:59:00,2021,5,6,13,59,68,68149,ST-LOUIS ( RUE DE ),47.59284,7.57752,Plein jour,En agglomération,Intersection en X,Pluie forte,Autre collision,3,2,2,0,1,1,2,2,1,50,,2,1,0,1,0,39.0,,,,1,2,2,3,6
202100041083,2021-05-04 18:22:00,2021,5,4,18,22,66,66136,SCHWEITZER (AVENUE DU DOCTEUR ALBERT),42.72104,2.8843,Plein jour,En agglomération,Intersection en T,Normale,Deux véhicules - côté,4,2,2,0,2,2,1,0,1,50,,2,1,0,0,1,17.0,48.0,,,1,2,3,1,3
202100041084,2021-05-05 13:15:00,2021,5,5,13,15,64,64348,Avenue de Pau,43.30925,-0.40751,Plein jour,En agglomération,Intersection en T,Normale,Deux véhicules - côté,4,2,2,0,1,1,2,0,1,30,,2,1,0,0,1,37.0,22.0,,,1,2,3,1,3
202100041085,2021-05-06 15:00:00,2021,5,6,15,0,64,64140,R.N. 10,43.52411,-1.46456,Plein jour,En agglomération,Hors intersection,Normale,Trois véhicules et plus - collisions multiples,3,2,2,0,1,1,1,0,1,50,,4,3,0,0,1,22.0,,,,1,2,1,1,5
202100041086,2021-05-05 09:45:00,2021,5,5,9,45,64,64102,HENRI DE NAVARRE (AVENUE),43.50159,-1.44594,Plein jour,En agglomération,Hors intersection,Pluie légère,Deux véhicules - arrière,3,2,2,0,1,1,2,0,1,50,,2,1,0,0,1,21.0,78.0,,,1,2,1,2,2
202100041087,2021-05-05 14:10:00,2021,5,5,14,10,63,63113,LIONDARDS (RUE NOUVELLE DES),45.759516896,3.0876071462,Plein jour,En agglomération,Hors intersection,Normale,Autre collision,7,2,2,0,1,1,1,0,1,50,,2,1,0,0,1,66.0,,,,1,2,1,1,6
202100041088,2021-05-05 08:10:00,2021,5,5,8,10,60,60159,Rue d’Amiens,49.42211,2.82164,Plein jour,En agglomération,Place,Normale,Autre collision,3,2,2,0,1,1,1,9,4,30,,2,1,0,1,0,28.0,36.0,,,1,2,7,1,6
202100041089,2021-05-06 05:15:00,2021,5,6,5,15,59,59599,BIENFAISANCE (RUE DE LA),50.724662,3.157842,Nuit avec éclairage allumé,En agglomération,Autre intersection,Normale,Autre collision,4,2,2,0,1,2,1,0,8,50,,2,1,0,0,1,24.0,,,,5,2,9,1,6
202100041090,2021-05-05 20:37:00,2021,5,5,20,37,59,59569,LAMENDIN (RUE ARTHUR),50.36995,3.11246,Plein jour,En agglomération,Hors intersection,Normale,Deux véhicules - frontale,3,2,2,0,1,1,1,0,1,50,,2,1,0,0,1,47.0,27.0,,,1,2,1,1,1
202100041091,2021-05-04 18:40:00,2021,5,4,18,40,56,56107,LE PORT (ROGER BOULEVARD),47.71885,-3.37418,Plein jour,En agglomération,Intersection en T,Normale,Deux véhicules - côté,4,2,2,0,1,1,1,0,1,50,,2,1,0,1,0,24.0,65.0,,,1,2,3,1,3
202100041092,2021-05-04 17:00:00,2021,5,4,17,0,56,56121,SVOB ( BOULEVARD EMMANUEL),47.75004,-3.36661,Plein jour,En agglomération,Giratoire,Normale,Deux véhicules - arrière,4,3,2,0,1,1,1,0,1,30,,4,1,0,0,3,29.0,36.0,,,1,2,6,1,2
202100041093,2021-05-04 15:12:00,2021,5,4,15,12,54,54395,MAZAGRAN (RUE),48.69058,6.17559,Plein jour,En agglomération,Hors intersection,Pluie légère,Autre collision,4,1,2,3,1,1,2,-1,1,30,,4,2,0,1,1,69.0,,,,1,2,1,2,6
202100041094,2021-05-06 09:40:00,2021,5,6,9,40,53,53201,ARMAND ( BOULEVARD LOUIS ),48.06633,-0.8046,Plein jour,En agglomération,Hors intersection,Pluie légère,Sans collision,4,2,2,0,2,1,2,9,1,50,,1,0,0,1,0,63.0,,,,1,2,1,2,7
202100041095,2021-05-06 17:45:00,2021,5,6,17,45,51,51454,Boulevard Dieu Lumière,49.2397725429,4.0380162389,Plein jour,En agglomération,Hors intersection,Pluie légère,Deux véhicules - arrière,4,2,3,0,1,1,2,0,1,50,,6,5,0,0,1,20.0,23.0,,,1,2,1,2,2
202100041096,2021-05-06 14:05:00,2021,5,6,14,5,51,51454,Rue du Général Koenig,49.22677,4.0247893,Plein jour,En agglomération,Hors intersection,Pluie légère,Deux véhicules - arrière,4,1,1,0,1,1,2,0,1,50,,2,1,0,0,1,22.0,21.0,,,1,2,1,2,2
202100041097,2021-05-06 07:55:00,2021,5,6,7,55,51,51454,Rue Gerbert,49.25036,4.03935,Plein jour,En agglomération,Hors intersection,Normale,Autre collision,4,2,3,1,1,1,1,9,5,50,,2,1,0,0,1,45.0,57.0,,,1,2,1,1,6
202100041098,2021-05-05 06:40:00,2021,5,5,6,40,51,51230,Rue de Verdun,49.0435492821,3.9673994656,Crépuscule ou aube,En agglomération,Hors intersection,Temps couvert,Deux véhicules - côté,3,2,3,0,1,1,1,1,1,50,,2,1,0,1,0,53.0,51.0,,,2,2,1,8,3
202100041099,2021-05-05 18:40:00,2021,5,5,18,40,50,50129,BREMERHAVEN (CONTRE VOIE DE),49.63071,-1.60627,Plein jour,En agglomération,Hors intersection,Normale,Autre collision,4,1,1,0,1,2,1,0,4,50,,5,4,0,0,1,36.0,,,,1,2,1,1,6
202100041100,2021-05-04 14:15:00,2021,5,4,14,15,50,50129,POLLE (RUE DE LA),49.64043,-1.64068,Plein jour,En agglomération,Intersection en X,Normale,Deux véhicules - frontale,4,2,2,0,2,1,1,0,1,50,,3,2,0,0,1,19.0,27.0,,,1,2,2,1,1
202100041101,2021-04-26 19:50:00,2021,4,26,19,50,49,49007,DEUX CROIX BOULEVARD,47.474597,-0.52924,Plein jour,En agglomération,Hors intersection,Normale,Deux véhicules - côté,4,-1,2,0,1,1,1,0,1,50,,2,1,0,0,1,16.0,34.0,,,1,2,1,1,3
202100041102,2021-05-05 12:21:00,2021,5,5,12,21,49,49353,REPUBLIQUE AVENUE,47.44867,-0.50127,Plein jour,En agglomération,Hors intersection,Normale,Autre collision,4,-1,2,0,1,1,1,0,1,50,,2,1,0,0,1,21.0,,,,1,2,1,1,6
202100041103,2021-05-05 18:08:00,2021,5,5,18,8,45,45298,Route de Saint-Mesmin,47.8829371498,1.8729600274,Plein jour,En agglomération,Intersection en T,Normale,Deux véhicules - arrière,7,2,2,0,1,1,1,0,1,50,,2,1,0,0,1,31.0,50.0,,,1,2,3,1,2
202100041104,2021-05-06 15:39:00,2021,5,6,15,39,45,45068,36 bis Rue Roger Salengro,48.017123,2.715333,Plein jour,En agglomération,Hors intersection,Pluie forte,Sans collision,3,-1,2,0,1,1,2,0,1,50,,1,0,0,0,1,17.0,,,,1,2,1,3,7
202100041105,2021-05-06 07:40:00,2021,5,6,7,40,44,44162,M 75,47.22734,-1.65166,Plein jour,Hors agglomération,Hors intersection,Pluie légère,Sans collision,7,2,0,0,1,1,2,0,1,50,,1,0,0,0,1,25.0,,,,1,1,1,2,7
202100041106,2021-04-20 17:00:00,2021,4,20,17,0,42,42044,Place Jean Jaurès,45.39668,4.32449,Plein jour,En agglomération,Hors intersection,Normale,Deux véhicules - frontale,4,2,2,0,1,1,1,0,1,50,,2,1,0,0,1,45.0,19.0,,,1,2,1,1,1
202100041107,2021-05-04 08:05:00,2021,5,4,8,5,41,41018,BOURG SAINT JEAN (RUE DU),47.5893,1.34018,Plein jour,En agglomération,Hors intersection,Normale,Trois véhicules et plus - en chaîne,4,3,2,0,1,1,1,0,1,50,,4,3,0,0,1,23.0,32.0,,,1,2,1,1,4
202100041108,2021-05-04 15:39:00,2021,5,4,15,39,37,37122,RD 86 DE MONTS à TOURS,47.3289649495,0.6637908071,Plein jour,En agglomération,Intersection en T,Pluie légère,Autre collision,7,2,2,1,1,1,2,0,1,50,,3,2,0,1,0,50.0,22.0,,,1,2,3,2,6
202100041109,2021-05-04 13:23:00,2021,5,4,13,23,37,37261,DANEMARK (AVENUE DU),47.4302414571,0.6851992615,Plein jour,En agglomération,Hors intersection,Pluie légère,Sans collision,7,3,4,0,1,1,2,0,1,50,,1,0,0,0,1,48.0,,,,1,2,1,2,7
202100041110,2021-05-06 17:50:00,2021,5,6,17,50,33,33281,Avenue des Frères Robinson,44.85028,-0.65568,Plein jour,En agglomération,Hors intersection,Pluie légère,Autre collision,4,2,2,3,1,1,2,0,1,30,,2,1,0,0,1,79.0,,,,1,2,1,2,6
202100041111,2021-05-06 14:30:00,2021,5,6,14,30,33,33009,Cours Desbiey,44.656602,-1.160279,Plein jour,En agglomération,Passage à niveau,Normale,Deux véhicules - côté,4,2,2,0,1,1,1,4,1,50,,2,1,0,0,1,64.0,53.0,,,1,2,8,1,3
202100041112,2021-05-06 15:50:00,2021,5,6,15,50,31,31555,MINIMES (AV DES) DU 1AU 178,43.625928,1.43394,Plein jour,En agglomération,Hors intersection,Normale,Deux véhicules - côté,7,1,2,3,1,1,1,9,1,50,,2,1,0,1,0,28.0,28.0,,,1,2,1,1,3
202100041113,2021-04-27 17:55:00,2021,4,27,17,55,30,30189,ARENES,43.8343,4.3605,Plein jour,En agglomération,Hors intersection,Normale,Autre collision,4,2,0,0,1,1,1,0,1,50,,2,0,0,1,1,49.0,32.0,,,1,2,1,1,6
202100041114,2021-04-30 19:05:00,2021,4,30,19,5,29,29019,Quai Commandant Malbert,48.3790897328,-4.4859745176,Plein jour,En agglomération,Hors intersection,Normale,Deux véhicules - côté,4,1,1,0,1,1,1,0,1,50,,2,1,0,0,1,36.0,60.0,,,1,2,1,1,3
202100041115,2021-05-04 06:28:00,2021,5,4,6,28,29,29019,Boulevard de la Marine,48.3826968393,-4.4921513647,Crépuscule ou aube,En agglomération,Giratoire,Pluie légère,Deux véhicules - arrière,4,1,1,0,1,1,2,5,1,30,,2,1,0,0,1,28.0,21.0,,,2,2,6,2,2
202100041116,2021-05-06 06:15:00,2021,5,6,6,15,29,29019,Boulevard Tanguy Prigent  ,48.3907185986,-4.5374672413,Nuit avec éclairage allumé,En agglomération,Intersection en X,Pluie légère,Deux véhicules - frontale,4,2,2,0,1,1,2,5,1,50,,2,1,0,0,1,27.0,30.0,,,5,2,2,2,1
202100041117,2021-05-04 13:10:00,2021,5,4,13,10,29,29019,Rue Emile Rousse,48.3816433921,-4.5272039977,Plein jour,En agglomération,Giratoire,Pluie légère,Deux véhicules - côté,4,-1,2,0,1,2,2,5,1,50,,2,1,0,0,1,46.0,47.0,,,1,2,6,2,3
202100041118,2021-05-06 09:35:00,2021,5,6,9,35,27,27681,PRESSAGNY (RUE DE),49.09669,1.47735,Plein jour,En agglomération,Hors intersection,Pluie légère,Deux véhicules - côté,4,-1,1,0,1,1,2,0,1,50,,2,1,0,0,1,44.0,84.0,,,1,2,1,2,3
202100041119,2021-05-06 08:00:00,2021,5,6,8,0,27,27701,LACS (ROUTE DES) BLANCHE A GALION,49.2742530571,1.2055818737,Crépuscule ou aube,En agglomération,Intersection en X,Pluie forte,Autre collision,4,2,2,0,1,1,2,5,1,50,,2,1,0,0,1,30.0,,,,2,2,2,3,6
202100041120,2021-04-27 16:15:00,2021,4,27,16,15,18,18279,D2076 (ROUTE DE BOURGES),47.21384,2.12593,Plein jour,Hors agglomération,Intersection en X,Temps éblouissant,Deux véhicules - côté,3,2,2,0,1,1,1,0,1,70,,2,1,0,0,1,29.0,67.0,,,1,1,2,7,3
202100041121,2021-05-05 17:10:00,2021,5,5,17,10,14,14137,Rue du Poirier,49.19374,-0.45124,Plein jour,En agglomération,Intersection en T,Normale,Deux véhicules - côté,4,-1,2,0,1,1,1,0,1,50,,2,1,0,0,1,29.0,36.0,,,1,2,3,1,3
202100041122,2021-05-06 18:50:00,2021,5,6,18,50,13,13203,LOUBON (RUE),43.311342,5.378159,Plein jour,En agglomération,Intersection en T,Normale,Deux véhicules - frontale,4,2,0,0,1,1,1,0,1,50,,3,2,0,0,1,,,,,1,2,3,1,1
202100041123,2021-05-05 20:20:00,2021,5,5,20,20,13,13213,ROSE (AVENUE DE LA),43.326448,5.421477,Plein jour,En agglomération,Intersection en X,Normale,Trois véhicules et plus - en chaîne,7,2,5,0,1,1,1,5,1,50,,3,2,0,0,1,33.0,27.0,,,1,2,2,1,4
202100041124,2021-05-06 11:32:00,2021,5,6,11,32,13,13209,CONCORDE (BOULEVARD DE LA),43.2505,5.40338,Plein jour,En agglomération,Hors intersection,Normale,Autre collision,4,2,2,0,1,1,1,0,1,50,,2,0,0,0,2,58.0,,,,1,2,1,1,6
202100041125,2021-05-03 14:30:00,2021,5,3,14,30,11,11069,ALBERT TOMEY,43.2157,2.35014,Plein jour,En agglomération,Intersection en X,Normale,Deux véhicules - côté,4,1,1,0,1,1,1,0,1,50,,2,1,0,0,1,76.0,17.0,,,1,2,2,1,3
202100041126,2021-05-06 13:50:00,2021,5,6,13,50,09,09225,BOURIETTE AVENUE DE LA,43.11218,1.62993,Plein jour,En agglomération,Hors intersection,Normale,Deux véhicules - côté,4,2,2,0,1,1,1,0,1,30,,2,1,0,0,1,36.0,17.0,,,1,2,1,1,3
202100041127,2021-05-06 08:20:00,2021,5,6,8,20,07,07019,RN 102,44.62917,4.3807,Plein jour,Hors agglomération,Hors intersection,Normale,Deux véhicules - arrière,2,2,2,0,1,1,1,0,1,80,,3,1,0,0,2,19.0,40.0,,,1,1,1,1,2
202100041128,2021-05-06 08:19:00,2021,5,6,8,19,06,06088,DIGUE DES FRANCAIS (TRAV. DE LA),43.676309,7.200109,Plein jour,En agglomération,Hors intersection,Normale,Sans collision,4,3,5,0,1,1,2,0,8,30,,2,1,0,1,0,44.0,,,,1,2,1,1,7
202100041129,2021-05-06 11:30:00,2021,5,6,11,30,06,06069,CHASSEURS ALPINS (ROND-POINT),43.65056,6.92205,Plein jour,En agglomération,Autre intersection,Normale,Autre collision,4,1,0,0,2,3,1,0,1,50,,2,1,0,0,1,28.0,,,,1,2,9,1,6
202100041130,2021-05-06 08:25:00,2021,5,6,8,25,03,03190,LYON (ROUTE DE),46.54011,3.3446,Plein jour,En agglomération,Hors intersection,Pluie forte,Trois véhicules et plus - collisions multiples,3,3,2,0,1,1,2,0,1,50,,3,2,0,0,1,44.0,16.0,,,1,2,1,3,5
202100041131,2021-05-05 17:10:00,2021,5,5,17,10,01,01289,FERME DU SAIX (CHEMIN DES),46.16491,5.22073,Plein jour,En agglomération,Intersection en X,Normale,Trois véhicules et plus - collisions multiples,3,2,8,0,1,1,1,5,1,90,,6,2,0,0,4,33.0,65.0,,,1,2,2,1,5
202100041132,2021-04-30 12:45:00,2021,4,30,12,45,01,01053,SAMARITAINE ( RUE),46.2047225805,5.2274948816,Plein jour,En agglomération,Intersection en X,Pluie légère,Deux véhicules - côté,4,1,1,0,1,1,2,0,1,30,,2,1,0,1,0,38.0,38.0,,,1,2,2,2,3
202100041133,2021-05-04 17:40:00,2021,5,4,17,40,75,75116,BOULEVARD PERIPHERIQUE INTERIEUR OUEST,48.861934,2.2646,Plein jour,En agglomération,Hors intersection,Normale,Deux véhicules - arrière,4,1,4,3,1,1,1,0,1,70,,3,2,0,1,0,19.0,44.0,,,1,2,1,1,2
202100041134,2021-05-06 15:20:00,2021,5,6,15,20,75,75120,AVENUE GAMBETTA,48.869678,2.402643,Plein jour,En agglomération,Intersection en X,Pluie légère,Autre collision,4,2,2,0,2,1,2,0,1,50,,2,1,0,0,1,32.0,,,,1,2,2,2,6
202100041135,2021-05-06 13:30:00,2021,5,6,13,30,75,75119,RUE DE CRIMEE,48.883529,2.384966,Plein jour,En agglomération,Hors intersection,Pluie légère,Deux véhicules - arrière,4,2,2,0,2,1,2,0,1,50,,2,1,0,0,1,20.0,42.0,,,1,2,1,2,2
202100041136,2021-05-06 20:45:00,2021,5,6,20,45,75,75118,AVENUE DE LA PORTE DE CLIGNANCOURT,48.901289,2.344114,Crépuscule ou aube,En agglomération,Intersection à plus de 4 branches,Pluie légère,Deux véhicules - côté,4,2,2,0,1,1,2,0,1,50,,2,1,0,0,1,47.0,21.0,,,2,2,5,2,3
202100041137,2021-05-06 08:50:00,2021,5,6,8,50,75,75118,RUE CUSTINE,48.888411,2.348004,Plein jour,En agglomération,Intersection à plus de 4 branches,Pluie légère,Deux véhicules - arrière,4,2,2,0,1,1,2,0,1,50,,2,1,0,0,1,27.0,42.0,,,1,2,5,2,2
202100041138,2021-05-06 20:15:00,2021,5,6,20,15,75,75116,ALLEE DE LONGCHAMP,48.872527,2.264436,Nuit avec éclairage allumé,En agglomération,Intersection en X,Pluie légère,Deux véhicules - côté,4,2,3,3,1,1,2,0,6,50,,3,2,0,0,1,17.0,19.0,,,5,2,2,2,3
202100041139,2021-05-04 13:00:00,2021,5,4,13,0,75,75116,BOULEVARD SUCHET,48.857879,2.264977,Plein jour,En agglomération,Hors intersection,Normale,Deux véhicules - côté,4,1,2,0,1,1,1,0,1,50,,2,1,0,0,1,45.0,47.0,,,1,2,1,1,3
202100041140,2021-05-06 12:00:00,2021,5,6,12,0,75,75115,RUE DU LIEUVIN,48.83162,2.305965,Plein jour,En agglomération,Intersection en X,Pluie forte,Deux véhicules - côté,4,2,2,0,2,1,2,0,1,50,,2,1,0,0,1,38.0,60.0,,,1,2,2,3,3
202100041141,2021-05-06 16:25:00,2021,5,6,16,25,75,75113,RUE NEUVE TOLBIAC,48.832242,2.3798,Plein jour,En agglomération,Intersection en X,Temps couvert,Deux véhicules - côté,4,2,4,0,1,1,2,0,1,50,,2,1,0,0,1,28.0,43.0,,,1,2,2,8,3
202100041142,2021-05-06 12:10:00,2021,5,6,12,10,75,75113,RUE DE LA GLACIERE,48.836269,2.345252,Plein jour,En agglomération,Intersection en T,Pluie légère,Deux véhicules - arrière,4,2,2,0,1,1,2,0,1,50,,3,2,0,0,1,20.0,19.0,,,1,2,3,2,2
202100041143,2021-05-06 12:09:00,2021,5,6,12,9,75,75113,PLACE D ITALIE,48.831887,2.355829,Plein jour,En agglomération,Place,Pluie forte,Deux véhicules - arrière,4,1,3,0,1,2,2,0,1,50,,2,1,0,0,1,49.0,48.0,,,1,2,7,3,2
202100041144,2021-05-06 12:05:00,2021,5,6,12,5,75,75112,AVENUE DE SAINT MANDE,48.845308,2.39825,Plein jour,En agglomération,Intersection en T,Pluie forte,Deux véhicules - côté,4,2,2,0,1,1,2,0,1,50,,2,1,0,0,1,44.0,22.0,,,1,2,3,3,3
202100041145,2021-05-06 10:15:00,2021,5,6,10,15,75,75112,RUE DE CHARENTON,48.851328,2.372306,Plein jour,En agglomération,Hors intersection,Pluie légère,Deux véhicules - côté,4,1,1,0,1,1,2,0,1,30,,3,2,0,0,1,32.0,44.0,,,1,2,1,2,3
202100041146,2021-05-06 16:50:00,2021,5,6,16,50,75,75108,AVENUE DES CHAMPS ELYSEES,48.868269,2.312377,Plein jour,En agglomération,Intersection en T,Normale,Trois véhicules et plus - en chaîne,4,2,6,0,1,1,2,0,1,50,,3,2,0,0,1,28.0,50.0,,,1,2,3,1,4