accident_id,datetime,annee,mois,jour,heure,minute,departement,commune_insee,adresse,latitude,longitude,luminosite,agglomeration,intersection,meteo,collision,catr,circ,nbv,vosp,prof,plan,surf,infra,situ,vma,nb_vehicules,nb_usagers,nb_indemnes,nb_tues,nb_blesses_hosp,nb_blesses_legers,age_cond_1,age_cond_2,veh_type_cond_1,veh_type_cond_2,lum_code,agg_code,int_code,atm_code,col_code
202100041147,2021-05-06 13:10:00,2021,5,6,13,10,75,75108,RUE CAMBACERES,48.873234,2.317926,Plein jour,En agglomération,Intersection en X,Pluie légère,Deux véhicules - côté,4,1,1,0,1,1,2,0,1,30,,2,1,0,0,1,52.0,35.0,,,1,2,2,2,3
202100041148,2021-05-06 13:50:00,2021,5,6,13,50,94,94068,CORNEILLES (BD DES),48.7858023476,2.4921476841,Plein jour,En agglomération,Intersection en X,Pluie légère,Deux véhicules - côté,4,2,2,0,1,1,2,0,1,30,,2,1,0,0,1,27.0,28.0,,,1,2,2,2,3
202100041149,2021-05-06 18:50:00,2021,5,6,18,50,94,94076,ALPHONSE DAUDET (ALL),48.7984562249,2.3485254983,Plein jour,En agglomération,Hors intersection,Pluie légère,Sans collision,4,2,2,0,2,1,2,0,1,50,,2,1,0,0,1,24.0,,,,1,2,1,2,7
202100041150,2021-05-06 11:10:00,2021,5,6,11,10,94,94003,Avenue Gabriel Péri,48.80189,2.34379,Plein jour,En agglomération,Hors intersection,Pluie légère,Deux véhicules - côté,3,1,1,1,1,1,2,0,1,30,,2,1,0,0,1,24.0,47.0,,,1,2,1,2,3
202100041151,2021-05-05 21:45:00,2021,5,5,21,45,94,94022,Boulevard de Stalingrad,48.7727560439,2.4002766609,Nuit avec éclairage allumé,En agglomération,Intersection en X,Normale,Deux véhicules - côté,3,1,2,0,1,2,1,0,1,50,,6,5,0,0,1,28.0,41.0,,,5,2,2,1,3
202100041152,2021-05-06 16:25:00,2021,5,6,16,25,93,93071,Avenue André Toutain,48.945282,2.525165,Plein jour,En agglomération,Hors intersection,Pluie légère,Trois véhicules et plus - en chaîne,4,2,2,0,1,1,2,0,1,50,,4,2,0,0,2,32.0,56.0,,,1,2,1,2,4
202100041153,2021-05-05 12:00:00,2021,5,5,12,0,93,93070,MICHELET (AVE) : DU 1 AU 103,48.907577,2.344179,Plein jour,En agglomération,Hors intersection,Pluie légère,Deux véhicules - arrière,3,2,2,1,1,1,2,0,1,30,,2,1,0,0,1,21.0,59.0,,,1,2,1,2,2
202100041154,2021-05-06 13:00:00,2021,5,6,13,0,93,93050,Rue du Docteur Schapira / Rue du Jeu de Paume,48.85487,2.52831,Plein jour,En agglomération,Intersection en T,Pluie légère,Deux véhicules - côté,4,1,1,0,1,1,2,0,1,50,,2,1,0,0,1,41.0,56.0,,,1,2,3,2,3
202100041155,2021-05-06 13:15:00,2021,5,6,13,15,93,93046,Avenue Aristide Briand,48.915199,2.528498,Plein jour,En agglomération,Autre intersection,Pluie légère,Deux véhicules - côté,3,3,4,0,1,1,2,0,1,50,,2,1,0,0,1,24.0,21.0,,,1,2,9,2,3
202100041156,2021-05-05 14:01:00,2021,5,5,14,1,93,93045,Avenue Pasteur,48.876043,2.416692,Plein jour,En agglomération,Hors intersection,Normale,Deux véhicules - côté,3,2,2,0,1,1,1,0,1,50,,2,1,0,0,1,54.0,40.0,,,1,2,1,1,3
202100041157,2021-05-06 17:10:00,2021,5,6,17,10,93,93079,Route de Saint-Leu,48.951398,2.339216,Plein jour,En agglomération,Hors intersection,Pluie légère,Deux véhicules - frontale,3,2,2,2,1,1,2,0,1,50,,3,2,0,1,0,17.0,35.0,,,1,2,1,2,1
202100041158,2021-05-06 20:36:00,2021,5,6,20,36,93,93007,BLES D'OR (CITE DES),48.9209195855,2.4676157357,Plein jour,En agglomération,Hors intersection,Pluie légère,Deux véhicules - côté,4,-1,1,0,1,1,2,0,1,50,,2,1,0,0,1,20.0,64.0,,,1,2,1,2,3
202100041159,2021-05-06 07:40:00,2021,5,6,7,40,92,92078,VERDUN (AVENUE) (IMPAIRS JJAURES>A86),48.935502448,2.3338901133,Plein jour,En agglomération,Intersection en T,Pluie légère,Deux véhicules - côté,3,2,4,2,1,1,2,5,1,50,,2,1,0,0,1,24.0,59.0,,,1,2,3,2,3
202100041160,2021-05-06 19:05:00,2021,5,6,19,5,92,92046,MARECHAL LECLERC (AVENUE DU),48.8208568776,2.3102134466,Plein jour,En agglomération,Hors intersection,Pluie légère,Sans collision,4,2,1,0,1,1,2,0,1,50,,1,0,0,0,1,47.0,,,,1,2,1,2,7
202100041161,2021-05-06 18:10:00,2021,5,6,18,10,92,92046,Charles de gaulle,48.823297,2.299814,Plein jour,En agglomération,Hors intersection,Temps couvert,Deux véhicules - frontale,3,2,2,1,1,1,2,0,1,50,,2,1,0,0,1,65.0,28.0,,,1,2,1,8,1
202100041162,2021-05-06 08:55:00,2021,5,6,8,55,92,92073,ROOSVELT (AVENUE FRANKLIN),48.8749340569,2.2198873758,Plein jour,En agglomération,Hors intersection,Pluie légère,Sans collision,3,2,2,0,2,2,2,0,1,50,,1,0,0,0,1,39.0,,,,1,2,1,2,7
202100041163,2021-05-05 19:15:00,2021,5,5,19,15,92,92051,"CHARLES DE GAULLE (AVENUE, N° 18 A 116)",48.8811145147,2.2721984982,Plein jour,En agglomération,Intersection en X,Normale,Deux véhicules - côté,2,2,6,1,1,1,1,0,1,50,,2,1,0,0,1,60.0,32.0,,,1,2,2,1,3
202100041164,2021-05-06 01:16:00,2021,5,6,1,16,92,92049,GINOUX AVENUE HENRI AUTRES N°,48.81122,2.31843,Nuit avec éclairage allumé,En agglomération,Autre intersection,Normale,Deux véhicules - côté,4,1,1,0,1,1,2,9,1,50,,3,1,0,0,2,22.0,25.0,,,5,2,9,1,3
202100041165,2021-05-06 09:27:00,2021,5,6,9,27,92,92044,RIVAY(RUE)73A95 ET 62A94,48.8968773161,2.2873489559,Plein jour,En agglomération,Hors intersection,Pluie légère,Trois véhicules et plus - collisions multiples,4,1,1,0,1,1,2,0,1,50,,3,2,0,0,1,46.0,32.0,,,1,2,1,2,5
202100041166,2021-05-04 09:25:00,2021,5,4,9,25,92,92024,JEAN JAURES (BD) DE 47 A 109)   (56 A 14,48.90281,2.30396,Plein jour,En agglomération,Place,Temps couvert,Autre collision,3,1,3,3,1,1,1,0,1,50,,2,1,1,0,0,52.0,,,,1,2,7,8,6
202100041167,2021-05-06 08:00:00,2021,5,6,8,0,92,92023,PORTE DE TRIVAUX (RUE DE) N°57 A 197 ET,48.7904244799,2.2556677163,Plein jour,En agglomération,Hors intersection,Pluie légère,Deux véhicules - arrière,3,2,2,0,1,1,2,0,1,30,,2,1,0,0,1,46.0,23.0,,,1,2,1,2,2
202100041168,2021-05-07 12:30:00,2021,5,7,12,30,976,97610,Majicavo Lamir,-12.748484,45.227923,Plein jour,Hors agglomération,Autre intersection,Normale,Deux véhicules - côté,2,2,2,0,1,4,1,0,1,70,,3,1,0,0,2,45.0,27.0,,,1,1,9,1,3
202100041169,2021-05-05 10:00:00,2021,5,5,10,0,47,47284,Vauris,44.507471,0.905052,Plein jour,Hors agglomération,Intersection en X,Normale,Deux véhicules - côté,3,2,2,0,1,1,1,0,1,80,,5,3,0,1,1,46.0,38.0,,,1,1,2,1,3
202100041170,2021-05-06 13:30:00,2021,5,6,13,30,2A,2A348,RD 70,42.158194,8.756973,Plein jour,Hors agglomération,Hors intersection,Normale,Sans collision,3,2,2,0,2,2,1,0,3,80,,1,0,1,0,0,82.0,,,,1,1,1,1,7
202100041171,2021-05-05 18:20:00,2021,5,5,18,20,66,66137,A9 PK 279+200,42.474206,2.859809,Plein jour,Hors agglomération,Hors intersection,Temps couvert,Trois véhicules et plus - en chaîne,1,1,4,0,1,1,2,0,2,90,,3,2,0,1,0,58.0,38.0,,,1,1,1,8,4
202100041172,2021-05-07 16:20:00,2021,5,7,16,20,95,95487,109 Avenue Jacques Vogt,49.15349,2.271217,Plein jour,En agglomération,Hors intersection,Normale,Deux véhicules - côté,3,2,2,0,1,1,1,0,1,50,,2,1,0,0,1,31.0,80.0,,,1,2,1,1,3
202100041173,2021-05-06 14:23:00,2021,5,6,14,23,06,06161,Boulevard des Italiens,43.640179,7.140244,Plein jour,En agglomération,Hors intersection,Normale,Deux véhicules - frontale,3,2,2,1,1,1,1,0,5,15,,2,1,0,0,1,54.0,51.0,,,1,2,1,1,1
202100041174,2021-05-06 18:55:00,2021,5,6,18,55,28,28061,Avenue du Général de Gaulle,48.21266,1.162593,Plein jour,En agglomération,Hors intersection,Pluie légère,Deux véhicules - côté,3,2,2,0,1,1,2,0,1,50,,2,1,0,1,0,48.0,17.0,,,1,2,1,2,3
202100041175,2021-05-07 13:15:00,2021,5,7,13,15,974,97410,route nationale 2,-21.02158,55.699536,Plein jour,Hors agglomération,Hors intersection,Normale,Deux véhicules - arrière,2,3,4,0,4,1,1,0,1,110,,2,1,0,1,0,69.0,21.0,,,1,1,1,1,2
202100041176,2021-05-07 14:00:00,2021,5,7,14,0,85,85064,LA GARNAUDERIE,46.823762,-1.243966,Plein jour,Hors agglomération,Hors intersection,Normale,Deux véhicules - frontale,4,-1,2,0,1,4,1,0,1,80,,2,1,1,0,0,23.0,63.0,,,1,1,1,1,1
202100041177,2021-05-07 12:40:00,2021,5,7,12,40,62,62477,D75,50.308022,2.54518,Plein jour,Hors agglomération,Hors intersection,Normale,Autre collision,3,2,2,0,4,2,1,0,3,80,,1,0,0,1,0,41.0,,,,1,1,1,1,6
202100041178,2021-04-23 17:38:00,2021,4,23,17,38,56,56140,Bodavel,47.896435,-2.839429,Plein jour,Hors agglomération,Hors intersection,Normale,Deux véhicules - arrière,3,2,2,0,1,1,1,0,1,70,,2,1,0,0,1,36.0,39.0,,,1,1,1,1,2
202100041179,2021-05-06 13:25:00,2021,5,6,13,25,56,56143,Rue du General de Gaulle,47.552335,-2.480738,Plein jour,En agglomération,Intersection en T,Normale,Deux véhicules - côté,4,2,2,0,1,1,1,0,1,30,,5,4,0,1,0,31.0,33.0,,,1,2,3,1,3
202100041180,2021-05-07 04:55:00,2021,5,7,4,55,56,56143,N165 sens Brest/Nantes,47.573225,-2.520332,Nuit sans éclairage public,Hors agglomération,Hors intersection,Normale,Autre collision,2,3,4,0,1,4,1,0,1,110,,2,1,0,1,0,,,,,3,1,1,1,6
202100041181,2021-04-25 18:30:00,2021,4,25,18,30,2A,2A032,Route Departementale 3,41.923295,8.821614,Plein jour,En agglomération,Hors intersection,Normale,Deux véhicules - côté,3,3,2,0,2,1,1,0,1,50,,2,1,0,0,1,18.0,47.0,,,1,2,1,1,3
202100041182,2021-05-06 20:45:00,2021,5,6,20,45,81,81220,départementale 2,43.840702,1.714125,Crépuscule ou aube,Hors agglomération,Hors intersection,Normale,Autre collision,3,2,2,0,2,4,1,0,3,70,,3,2,0,0,1,19.0,,,,2,1,1,1,6
202100041183,2021-05-04 17:00:00,2021,5,4,17,0,89,89034,D 965,47.81267,3.70251,Plein jour,Hors agglomération,Hors intersection,Pluie forte,Trois véhicules et plus - collisions multiples,3,2,3,0,2,3,2,0,1,80,,3,2,0,1,0,33.0,50.0,,,1,1,1,3,5
202100041184,2021-05-07 17:55:00,2021,5,7,17,55,63,63061,RD 444,46.002566,3.258181,Plein jour,Hors agglomération,Intersection en X,Normale,Sans collision,3,-1,2,0,1,1,1,0,8,-1,,3,1,0,0,2,44.0,37.0,,,1,1,2,1,7
202100041185,2021-05-06 13:30:00,2021,5,6,13,30,61,61486,Rue Xavier-onfray,48.76352,-0.735826,Plein jour,En agglomération,Intersection en Y,Pluie légère,Autre collision,3,2,2,0,1,2,2,0,4,50,,1,0,0,0,1,17.0,,,,1,2,4,2,6
202100041186,2021-05-04 19:13:00,2021,5,4,19,13,42,42023,D1082,45.298347,4.541023,Plein jour,Hors agglomération,Hors intersection,Normale,Deux véhicules - frontale,3,2,2,0,2,3,1,0,1,80,,2,1,0,1,0,43.0,80.0,,,1,1,1,1,1
202100041187,2021-05-07 02:15:00,2021,5,7,2,15,41,41002,La Gouliere,47.307706,1.243059,Nuit avec éclairage non allumé,Hors agglomération,Hors intersection,Normale,Autre collision,4,2,2,0,1,3,1,0,1,-1,,1,0,0,0,1,21.0,,,,4,1,1,1,6
202100041188,2021-05-07 19:05:00,2021,5,7,19,5,39,39434,,46.848364,5.705826,Plein jour,Hors agglomération,Intersection en X,Normale,Deux véhicules - côté,2,2,2,0,1,1,1,0,1,80,,5,3,0,2,0,51.0,20.0,,,1,1,2,1,3
202100041189,2021-05-05 21:38:00,2021,5,5,21,38,38,38034,Chemin du Pouloux,45.332313,5.060408,Nuit avec éclairage allumé,En agglomération,Hors intersection,Normale,Deux véhicules - frontale,4,2,2,0,1,3,1,0,1,50,,2,1,0,1,0,59.0,57.0,,,5,2,1,1,1
202100041190,2021-05-07 18:15:00,2021,5,7,18,15,38,38229,Allee des Centaurees,45.204046,5.764727,Plein jour,En agglomération,Hors intersection,Normale,Deux véhicules - côté,7,2,2,0,1,1,1,0,1,50,,4,3,0,0,1,20.0,,,,1,2,1,1,3
202100041191,2021-05-06 18:45:00,2021,5,6,18,45,03,03036,D953,46.588961,3.079483,Plein jour,Hors agglomération,Intersection en X,Normale,Deux véhicules - arrière,3,2,2,0,1,1,1,0,1,90,,2,1,0,1,0,76.0,67.0,,,1,1,2,1,2
202100041192,2021-05-07 17:05:00,2021,5,7,17,5,26,26243,1225 Route de Dieulefit,44.529743,4.989705,Plein jour,Hors agglomération,Hors intersection,Normale,Deux véhicules - côté,3,2,2,0,3,1,1,0,1,80,,2,0,1,0,1,48.0,79.0,,,1,1,1,1,3
202100041193,2021-05-07 14:00:00,2021,5,7,14,0,58,58097,Lieu Dit Romenay,46.914129,3.544089,Plein jour,Hors agglomération,Hors intersection,Normale,Autre collision,3,2,2,0,2,1,1,0,8,80,,1,0,0,1,0,44.0,,,,1,1,1,1,6
202100041194,2021-05-07 08:20:00,2021,5,7,8,20,54,54162,route nationale 4,48.6561600114,5.8418512346,Plein jour,Hors agglomération,Hors intersection,Normale,Autre collision,2,1,4,0,1,1,1,2,3,110,,3,0,1,1,1,23.0,,,,1,1,1,1,6
202100041195,2021-05-07 13:45:00,2021,5,7,13,45,14,14456,Rue Rembrandt Bugatti (Moult),49.116172,-0.179601,Plein jour,En agglomération,Intersection en T,Normale,Deux véhicules - côté,3,2,2,0,1,2,1,0,1,50,,2,1,1,0,0,87.0,31.0,,,1,2,3,1,3
202100041196,2021-05-07 15:10:00,2021,5,7,15,10,50,50400,D136,49.337358,-1.440931,Plein jour,Hors agglomération,Hors intersection,Normale,Sans collision,3,2,2,0,1,2,1,0,3,80,,1,0,0,0,1,31.0,,,,1,1,1,1,7
202100041197,2021-05-06 17:55:00,2021,5,6,17,55,50,50186,Rue du Hameau Pepin,49.48345,-1.456182,Plein jour,Hors agglomération,Hors intersection,Normale,Sans collision,3,2,2,0,1,2,1,0,3,80,,1,0,0,1,0,53.0,,,,1,1,1,1,7
202100041198,2021-05-07 08:45:00,2021,5,7,8,45,60,60029,RD981 - Le point du jour,49.363546,1.972904,Plein jour,Hors agglomération,Giratoire,Normale,Deux véhicules - côté,3,2,2,0,1,1,1,0,1,50,,2,1,0,0,1,41.0,52.0,,,1,1,6,1,3
202100041199,2021-05-04 21:00:00,2021,5,4,21,0,53,53146,d12,48.211848,-0.703892,Crépuscule ou aube,Hors agglomération,Hors intersection,Normale,Autre collision,3,2,2,0,2,3,1,0,3,80,,1,0,0,0,1,44.0,,,,2,1,1,1,6
202100041200,2021-05-07 00:24:00,2021,5,7,0,24,21,21607,Route Départementale 35,47.000334,5.174024,Nuit sans éclairage public,Hors agglomération,Hors intersection,Normale,Autre collision,3,2,2,0,1,1,2,0,3,80,,1,0,0,1,0,23.0,,,,3,1,1,1,6
202100041201,2021-04-29 18:30:00,2021,4,29,18,30,95,95392,RD 9,49.075463,2.213569,Plein jour,En agglomération,Hors intersection,Normale,Autre collision,3,2,2,0,1,1,1,0,3,50,,2,1,0,0,1,28.0,,,,1,2,1,1,6
202100041202,2021-05-07 16:21:00,2021,5,7,16,21,69,69244,VICTOR HUGO (AV),45.7699412816,4.7884478941,Plein jour,En agglomération,Hors intersection,Normale,Autre collision,4,1,1,0,2,1,1,0,4,50,,2,1,0,0,1,,,,,1,2,1,1,6
202100041203,2021-04-30 17:50:00,2021,4,30,17,50,01,01418,A42,45.826907,5.015526,Plein jour,Hors agglomération,Hors intersection,Pluie légère,Autre collision,1,3,4,0,1,1,2,0,2,110,,1,0,0,0,1,30.0,,,,1,1,1,2,6
202100041204,2021-05-06 07:45:00,2021,5,6,7,45,987,98715,route de ceinture PK 4.5,-17.584522,-149.568578,Plein jour,En agglomération,Intersection en X,Normale,Deux véhicules - côté,2,2,2,0,1,1,1,0,1,50,,2,1,0,1,0,40.0,63.0,,,1,2,2,1,3
202100041205,2021-05-07 12:45:00,2021,5,7,12,45,38,38212,D 1091,45.089527,5.901885,Plein jour,En agglomération,Intersection en T,Pluie légère,Deux véhicules - côté,3,2,1,0,1,3,2,0,1,70,,3,0,0,0,3,42.0,40.0,,,1,2,3,2,3
202100041206,2021-05-05 23:30:00,2021,5,5,23,30,02,02758,Avenue Jean Jaurès,49.404648,3.514627,Nuit sans éclairage public,En agglomération,Hors intersection,Normale,Autre collision,3,2,2,0,1,2,1,0,8,50,,1,0,0,1,0,38.0,,,,3,2,1,1,6
202100041207,2021-05-06 16:00:00,2021,5,6,16,0,987,98722,pk 16.500 RT2 à PAPENOO,-17.591429,-149.382126,Plein jour,Hors agglomération,Hors intersection,Normale,Deux véhicules - côté,2,2,2,0,1,1,1,0,1,60,,2,1,0,1,0,38.0,18.0,,,1,1,1,1,3
202100041208,2021-05-03 08:18:00,2021,5,3,8,18,974,97418,N2,-20.900252,55.560372,Plein jour,Hors agglomération,Hors intersection,Normale,Deux véhicules - arrière,2,3,4,0,1,1,1,0,1,90,,2,1,0,1,0,33.0,32.0,,,1,1,1,1,2
202100041209,2021-05-04 10:10:00,2021,5,4,10,10,88,88101,D11,48.146281,6.609061,Plein jour,Hors agglomération,Hors intersection,Normale,Deux véhicules - frontale,3,2,2,0,1,1,1,0,1,90,,2,1,0,0,1,46.0,29.0,,,1,1,1,1,1
202100041210,2021-05-07 19:00:00,2021,5,7,19,0,57,57160,rue des Jonquilles/rue de la Houve,49.21479,6.694032,Plein jour,En agglomération,Intersection en X,Normale,Deux véhicules - frontale,3,2,2,0,1,1,1,0,1,50,,2,1,0,0,1,55.0,70.0,,,1,2,2,1,1
202100041211,2021-05-07 05:15:00,2021,5,7,5,15,74,74079,Rte de Serraval,45.848697,6.329402,Nuit sans éclairage public,Hors agglomération,Hors intersection,Pluie légère,Deux véhicules - frontale,3,2,2,0,4,1,4,0,1,80,,2,0,0,0,2,51.0,25.0,,,3,1,1,2,1
202100041212,2021-04-20 18:35:00,2021,4,20,18,35,38,38064,13 route de Lyon,45.56714,5.373661,Plein jour,En agglomération,Autre intersection,Normale,Deux véhicules - frontale,3,2,2,0,1,2,1,0,1,50,,2,1,0,1,0,45.0,,,,1,2,9,1,1
202100041213,2021-05-06 17:50:00,2021,5,6,17,50,31,31417,Boulevard des Écoles,43.618577,1.279757,Plein jour,En agglomération,Hors intersection,Normale,Deux véhicules - côté,4,2,2,0,1,1,1,0,1,50,,2,1,0,1,0,20.0,27.0,,,1,2,1,1,3
202100041214,2021-05-06 06:35:00,2021,5,6,6,35,33,33413,,44.861542,-0.320084,Crépuscule ou aube,Hors agglomération,Hors intersection,Normale,Deux véhicules - arrière,3,2,2,0,4,1,1,8,1,80,,2,1,0,1,0,38.0,18.0,,,2,1,1,1,2
202100041215,2021-05-05 16:45:00,2021,5,5,16,45,33,33366,Route de Libourne,44.982847,-0.408651,Plein jour,Hors agglomération,Hors intersection,Normale,Deux véhicules - frontale,3,2,2,0,1,1,1,0,1,70,,2,1,0,1,0,66.0,43.0,,,1,1,1,1,1
202100041216,2021-05-05 07:40:00,2021,5,5,7,40,33,33003,Avenue Jules Ferry,44.93293,-0.504904,Plein jour,En agglomération,Intersection en T,Normale,Deux véhicules - frontale,4,2,2,0,1,1,1,5,1,50,,2,1,0,1,0,54.0,25.0,,,1,2,3,1,1
202100041217,2021-05-07 12:00:00,2021,5,7,12,0,22,22070,Rue du Grand Trotrieux,48.560498,-3.15136,Plein jour,En agglomération,Hors intersection,Normale,Sans collision,4,2,2,0,2,1,1,0,8,-1,,1,0,0,1,0,69.0,,,,1,2,1,1,7
202100041218,2021-05-07 03:44:00,2021,5,7,3,44,60,60421,N330,49.199017,2.636841,Nuit sans éclairage public,Hors agglomération,Hors intersection,Normale,Deux véhicules - frontale,2,2,2,0,1,1,1,0,1,80,,2,1,0,0,1,39.0,73.0,,,3,1,1,1,1
202100041219,2021-05-07 17:29:00,2021,5,7,17,29,60,60628,N31,49.4239722538,2.1451623808,Plein jour,Hors agglomération,Hors intersection,Normale,Deux véhicules - arrière,2,3,4,0,1,1,1,0,1,110,,3,1,0,0,2,30.0,48.0,,,1,1,1,1,2
202100041220,2021-05-07 08:50:00,2021,5,7,8,50,59,59263,D621,50.326094,3.108873,Plein jour,Hors agglomération,Giratoire,Normale,Deux véhicules - côté,3,-1,1,1,1,1,1,0,1,50,,2,1,0,0,1,61.0,55.0,,,1,1,6,1,3
202100041221,2021-05-06 17:50:00,2021,5,6,17,50,13,13211,A50-Sens Marseille vers Aubagne,43.287996,5.441713,Plein jour,Hors agglomération,Hors intersection,Normale,Trois véhicules et plus - en chaîne,1,3,3,0,1,1,1,0,1,90,,3,2,0,0,1,39.0,67.0,,,1,1,1,1,4
202100041222,2021-05-06 18:00:00,2021,5,6,18,0,13,13211,A50-Sens Marseille vers Aubagne,43.292147,5.452817,Plein jour,Hors agglomération,Hors intersection,Normale,Deux véhicules - arrière,1,-1,3,0,1,1,1,0,1,90,,3,1,0,0,2,37.0,46.0,,,1,1,1,1,2
202100041223,2021-05-06 19:00:00,2021,5,6,19,0,94,94034,AUTOROUTE A86,48.76171,2.31613,Plein jour,Hors agglomération,Hors intersection,Normale,Trois véhicules et plus - en chaîne,1,3,2,0,2,1,1,0,1,90,,3,2,0,0,1,52.0,47.0,,,1,1,1,1,4
202100041224,2021-05-06 18:10:00,2021,5,6,18,10,94,94038,AUTOROUTE A6B,48.77151,2.34512,Plein jour,Hors agglomération,Hors intersection,Normale,Sans collision,1,3,4,0,1,1,1,0,1,90,,4,0,0,0,4,20.0,,,,1,1,1,1,7
202100041225,2021-05-06 15:45:00,2021,5,6,15,45,92,92002,AUTOROUTE A10,48.7359742554,2.3155832291,Plein jour,Hors agglomération,Hors intersection,Pluie légère,Deux véhicules - arrière,1,3,3,0,1,1,2,0,1,90,,2,1,0,0,1,22.0,28.0,,,1,1,1,2,2
202100041226,2021-05-06 14:05:00,2021,5,6,14,5,94,94021,AUTOROUTE A6B,48.75984,2.33846,Plein jour,Hors agglomération,Hors intersection,Pluie légère,Deux véhicules - côté,1,3,3,0,1,1,2,0,1,90,,2,1,0,0,1,48.0,21.0,,,1,1,1,2,3
202100041227,2021-05-06 09:30:00,2021,5,6,9,30,91,91345,AUTOROUTE A6,48.6891,2.3238,Plein jour,Hors agglomération,Hors intersection,Pluie légère,Sans collision,1,3,6,0,2,1,2,0,1,110,,1,0,0,0,1,33.0,,,,1,1,1,2,7
202100041228,2021-05-06 07:35:00,2021,5,6,7,35,94,94034,AUTOROUTE A86,48.7574006134,2.3290801048,Plein jour,Hors agglomération,Hors intersection,Pluie légère,Autre collision,1,3,2,0,2,2,2,0,1,70,,1,0,0,0,1,24.0,,,,1,1,1,2,6
202100041229,2021-05-06 15:35:00,2021,5,6,15,35,78,78640,N118,48.778848,2.222411,Plein jour,Hors agglomération,Hors intersection,Normale,Autre collision,2,3,4,0,1,1,2,0,8,110,,1,0,0,0,1,42.0,,,,1,1,1,1,6
202100041230,2021-05-06 10:10:00,2021,5,6,10,10,78,78640,A86 EXT,48.777248,2.224102,Plein jour,Hors agglomération,Hors intersection,Pluie légère,Deux véhicules - arrière,1,3,6,0,1,1,2,0,1,110,,4,2,0,0,2,33.0,32.0,,,1,1,1,2,2
202100041231,2021-05-06 09:55:00,2021,5,6,9,55,92,92050,A86,48.915885359,2.2206609497,Plein jour,Hors agglomération,Hors intersection,Pluie légère,Sans collision,1,3,4,0,1,1,2,0,1,110,,1,0,0,0,1,26.0,,,,1,1,1,2,7
202100041232,2021-05-06 18:30:00,2021,5,6,18,30,93,93048,AUTOROUTE A3,48.8732,2.43592,Plein jour,Hors agglomération,Hors intersection,Pluie légère,Deux véhicules - arrière,1,3,6,0,2,1,2,8,1,70,,2,1,0,0,1,25.0,45.0,,,1,1,1,2,2
202100041233,2021-05-06 18:50:00,2021,5,6,18,50,92,92078,AUTOROUTE A86,48.9294615368,2.327973188,Plein jour,Hors agglomération,Hors intersection,Pluie légère,Trois véhicules et plus - en chaîne,1,3,6,0,1,1,2,1,1,90,,4,2,0,0,2,32.0,49.0,,,1,1,1,2,4
202100041234,2021-05-06 16:00:00,2021,5,6,16,0,95,95042,RN 104,49.05673,2.2929,Plein jour,Hors agglomération,Hors intersection,Pluie légère,Trois véhicules et plus - collisions multiples,2,3,5,0,1,1,2,0,1,90,,3,1,0,0,2,21.0,52.0,,,1,1,1,2,5
202100041235,2021-05-06 15:15:00,2021,5,6,15,15,93,93053,AUTOROUTE A3,48.89382,2.47191,Plein jour,Hors agglomération,Hors intersection,Pluie légère,Deux véhicules - arrière,1,3,10,0,1,1,2,0,1,90,,2,1,0,0,1,35.0,32.0,,,1,1,1,2,2
202100041236,2021-05-06 13:10:00,2021,5,6,13,10,95,95500, A15,49.03977,2.08424,Plein jour,Hors agglomération,Hors intersection,Pluie forte,Autre collision,1,3,11,0,1,1,2,0,1,90,,1,0,0,0,1,19.0,,,,1,1,1,3,6
202100041237,2021-05-06 08:30:00,2021,5,6,8,30,95,95582,RD 170,48.9643,2.26809,Plein jour,Hors agglomération,Hors intersection,Pluie légère,Trois véhicules et plus - en chaîne,3,3,7,0,1,1,2,0,1,70,,3,2,0,0,1,51.0,39.0,,,1,1,1,2,4
202100041238,2021-05-06 09:45:00,2021,5,6,9,45,95,95394,A115,49.05131,2.18207,Plein jour,Hors agglomération,Hors intersection,Pluie légère,Autre collision,2,3,3,0,2,2,2,0,1,70,,1,0,0,0,1,30.0,,,,1,1,1,2,6
202100041239,2021-05-05 18:10:00,2021,5,5,18,10,95,95572,A15,49.0299,2.12517,Plein jour,Hors agglomération,Hors intersection,Normale,Deux véhicules - côté,1,3,7,0,1,1,1,0,1,110,,2,1,0,0,1,28.0,43.0,,,1,1,1,1,3
202100041240,2021-05-05 14:10:00,2021,5,5,14,10,976,97611,tsoundzou-Mariage (place -tsoundzou 2),-12.81654,45.19884,Plein jour,En agglomération,Hors intersection,Normale,Autre collision,2,2,0,0,1,1,1,0,1,50,,2,1,0,0,1,,,,,1,2,1,1,6
202100041241,2021-05-04 21:30:00,2021,5,4,21,30,60,60665,Rue André Mellenne,49.414,2.8,Nuit avec éclairage allumé,En agglomération,Intersection en T,Normale,Deux véhicules - côté,3,2,2,0,1,1,1,0,1,50,,2,1,0,1,0,52.0,30.0,,,5,2,3,1,3
202100041242,2021-03-01 09:30:00,2021,3,1,9,30,38,38151,Rue Paul Langevin,45.14521,5.72554,Plein jour,En agglomération,Intersection en T,Normale,Autre collision,4,2,2,0,1,1,1,0,1,50,,2,1,0,0,1,44.0,,,,1,2,3,1,6
202100041243,2021-05-05 17:40:00,2021,5,5,17,40,976,97611,cavani-Belle vue (rue),-12.78656,45.21939,Plein jour,En agglomération,Hors intersection,Normale,Autre collision,4,2,1,0,3,3,1,0,1,50,,2,1,0,0,1,44.0,,,,1,2,1,1,6