accident_id,datetime,annee,mois,jour,heure,minute,departement,commune_insee,adresse,latitude,longitude,luminosite,agglomeration,intersection,meteo,collision,catr,circ,nbv,vosp,prof,plan,surf,infra,situ,vma,nb_vehicules,nb_usagers,nb_indemnes,nb_tues,nb_blesses_hosp,nb_blesses_legers,age_cond_1,age_cond_2,veh_type_cond_1,veh_type_cond_2,lum_code,agg_code,int_code,atm_code,col_code
202100041244,2021-05-05 18:30:00,2021,5,5,18,30,974,97416,RN3 (3),-21.31525,55.49296,Nuit sans éclairage public,Hors agglomération,Intersection en T,Normale,Deux véhicules - frontale,4,2,2,3,2,2,1,0,1,30,,2,0,0,2,0,24.0,15.0,,,3,1,3,1,1
202100041245,2021-05-05 17:15:00,2021,5,5,17,15,974,97416,GENERAL DE GAULLE (RN2),-21.3579493482,55.5213618279,Plein jour,En agglomération,Hors intersection,Normale,Deux véhicules - frontale,2,2,2,0,1,1,1,0,1,30,,2,1,0,0,1,25.0,17.0,,,1,2,1,1,1
202100041246,2021-05-03 12:20:00,2021,5,3,12,20,974,97407,MURAT CHANOINE(RUE),-20.93,55.29,Plein jour,En agglomération,Autre intersection,Normale,Autre collision,4,2,2,0,1,1,1,9,1,50,,1,0,0,0,1,57.0,,,,1,2,9,1,6
202100041247,2021-05-05 18:36:00,2021,5,5,18,36,973,97302,RABAN (ROUTE DE),4.93105,-52.31335,Nuit avec éclairage non allumé,En agglomération,Intersection en X,Normale,Deux véhicules - côté,3,2,2,0,1,1,1,0,1,50,,2,1,0,0,1,37.0,27.0,,,4,2,2,1,3
202100041248,2021-05-05 20:15:00,2021,5,5,20,15,69,69388,ETATS UNIS (DES)                    (BD),45.72576,4.87028,Crépuscule ou aube,En agglomération,Hors intersection,Normale,Deux véhicules - côté,4,3,3,0,1,1,1,0,1,50,,4,3,0,0,1,17.0,45.0,,,2,2,1,1,3
202100041249,2021-05-05 07:50:00,2021,5,5,7,50,69,69387,BERTHELOT                           (AV),45.74172,4.85283,Plein jour,En agglomération,Intersection en X,Pluie légère,Deux véhicules - côté,4,2,4,3,1,1,2,0,6,50,,2,1,0,0,1,55.0,18.0,,,1,2,2,2,3
202100041250,2021-05-05 12:18:00,2021,5,5,12,18,972,97213,AUTOROUTE A1,14.6183,-61.0203,Plein jour,Hors agglomération,Hors intersection,Normale,Trois véhicules et plus - en chaîne,1,1,3,0,1,1,1,0,1,90,,4,3,0,0,1,32.0,59.0,,,1,1,1,1,4
202100041251,2021-05-04 18:20:00,2021,5,4,18,20,972,97213,BOIS CARRE (RUE DU),14.62284,-60.9904,Crépuscule ou aube,Hors agglomération,Hors intersection,Normale,Autre collision,9,-1,1,0,2,3,1,9,8,30,,1,0,0,0,1,54.0,,,,2,1,1,1,6
202100041252,2021-05-05 09:30:00,2021,5,5,9,30,69,69202,VERDUN (DE) (R),45.7329953421,4.7998083477,Plein jour,En agglomération,Intersection en X,Normale,Deux véhicules - côté,4,2,2,0,2,1,1,0,1,50,,2,1,0,0,1,50.0,58.0,,,1,2,2,1,3
202100041253,2021-05-05 07:30:00,2021,5,5,7,30,69,69286,EUROPE (DE L')                      (AV),45.81893,4.90569,Plein jour,En agglomération,Intersection en T,Pluie légère,Deux véhicules - côté,4,1,1,0,1,1,2,0,1,50,,2,1,0,0,1,52.0,56.0,,,1,2,3,2,3
202100041254,2021-05-05 07:00:00,2021,5,5,7,0,69,69286,MARYSE BASTIE (R),45.82874,4.91001,Plein jour,Hors agglomération,Hors intersection,Pluie légère,Deux véhicules - frontale,7,2,1,0,1,1,2,0,1,70,,2,0,0,0,2,25.0,48.0,,,1,1,1,2,1
202100041255,2021-05-04 22:40:00,2021,5,4,22,40,95,95539,RD 301,48.993239795,2.3606443405,Nuit sans éclairage public,Hors agglomération,Hors intersection,Normale,Deux véhicules - arrière,3,3,4,0,1,1,1,0,1,90,,2,1,0,1,0,25.0,31.0,,,3,1,1,1,2
202100041256,2021-05-05 16:25:00,2021,5,5,16,25,91,91691,MARCEAU BAILLIOTI(RUE),48.70684,2.49598,Plein jour,En agglomération,Hors intersection,Pluie légère,Deux véhicules - côté,3,-1,2,0,1,2,2,0,1,50,,2,1,0,0,1,27.0,19.0,,,1,2,1,2,3
202100041257,2021-05-04 14:10:00,2021,5,4,14,10,91,91223,PARIS (AVENUE DE),48.43936,2.16807,Plein jour,En agglomération,Intersection en Y,Normale,Deux véhicules - arrière,4,2,2,0,1,1,1,0,1,50,,2,1,0,0,1,22.0,79.0,,,1,2,4,1,2
202100041258,2021-05-04 15:00:00,2021,5,4,15,0,87,87085,GUTEMBERG (RUE),45.84122,1.25645,Plein jour,En agglomération,Intersection en T,Normale,Autre collision,4,2,2,0,1,1,1,0,1,50,,2,1,0,1,0,24.0,,,,1,2,3,1,6
202100041259,2021-05-02 16:03:00,2021,5,2,16,3,87,87085,JEAN FERRAT (RUE),45.87901,1.26253,Plein jour,En agglomération,Hors intersection,Normale,Autre collision,4,2,2,0,1,1,1,0,1,50,,2,0,0,0,2,11.0,,,,1,2,1,1,6
202100041260,2021-05-05 11:16:00,2021,5,5,11,16,78,78015,MASSON (RUE CHARLES),48.988287,2.064984,Plein jour,En agglomération,Intersection en T,Normale,Autre collision,4,1,2,0,1,1,1,0,1,30,,2,1,0,1,0,42.0,,,,1,2,3,1,6
202100041261,2021-05-05 13:45:00,2021,5,5,13,45,77,77186,PAROISSE (RUE DE LA),48.408,2.69787,Plein jour,En agglomération,Hors intersection,Normale,Deux véhicules - arrière,9,1,1,2,1,1,1,0,1,30,,2,1,0,0,1,57.0,25.0,,,1,2,1,1,2
202100041262,2021-05-05 07:10:00,2021,5,5,7,10,76,76165,FAURE. RUE FELIX,49.28859,1.03198,Plein jour,En agglomération,Hors intersection,Normale,Deux véhicules - côté,4,2,2,0,1,1,1,0,1,50,,2,1,0,0,1,54.0,51.0,,,1,2,1,1,3
202100041263,2021-05-05 12:30:00,2021,5,5,12,30,76,76217,THIERS (RUE),49.91836,1.07712,Plein jour,En agglomération,Hors intersection,Normale,Autre collision,4,-1,2,0,1,1,1,0,1,30,,3,2,0,1,0,83.0,,,,1,2,1,1,6
202100041264,2021-05-05 13:15:00,2021,5,5,13,15,69,69266,CHARLES HERNU (PL),45.7703254098,4.8629426379,Plein jour,En agglomération,Hors intersection,Normale,Autre collision,4,2,2,1,1,1,1,0,1,30,,2,1,0,0,1,35.0,,,,1,2,1,1,6
202100041265,2021-05-05 18:05:00,2021,5,5,18,5,69,69290,MOZART (R),45.69393,4.93837,Plein jour,En agglomération,Intersection en X,Normale,Autre collision,4,1,1,0,1,1,1,0,1,50,,2,1,0,0,1,19.0,,,,1,2,2,1,6
202100041266,2021-05-04 10:20:00,2021,5,4,10,20,66,66136,ZAMENHOP (DOCTEUR LUDWIG-LAZARUS),42.69714,2.89093,Plein jour,En agglomération,Autre intersection,Normale,Autre collision,4,1,2,0,3,1,1,1,8,30,,2,1,0,0,1,78.0,,,,1,2,9,1,6
202100041267,2021-05-05 08:34:00,2021,5,5,8,34,65,65440,FERRE (PLACE),43.2283801177,0.0758276618,Plein jour,En agglomération,Giratoire,Pluie légère,Deux véhicules - côté,4,-1,1,0,1,2,2,5,1,50,,2,1,0,0,1,21.0,32.0,,,1,2,6,2,3
202100041268,2021-05-05 10:05:00,2021,5,5,10,5,64,64024,BAHINOS (ROUTE DE),43.49349,-1.51804,Plein jour,En agglomération,Autre intersection,Pluie légère,Deux véhicules - côté,4,2,2,0,2,1,2,0,1,50,,2,1,0,0,1,60.0,59.0,,,1,2,9,2,3
202100041269,2021-05-05 09:47:00,2021,5,5,9,47,64,64102,MARINES (AVENUE DES ALLEES),43.49952,-1.48967,Plein jour,En agglomération,Hors intersection,Pluie légère,Sans collision,4,2,2,0,1,1,2,0,1,50,,1,0,0,0,1,19.0,,,,1,2,1,2,7
202100041270,2021-05-05 08:30:00,2021,5,5,8,30,64,64024,BIARRITZ (AVENUE DE),43.48033,-1.5176,Plein jour,En agglomération,Hors intersection,Pluie légère,Sans collision,4,2,2,0,1,1,2,0,1,50,,1,0,0,0,1,23.0,,,,1,2,1,2,7
202100041271,2021-05-04 18:55:00,2021,5,4,18,55,64,64102,Avenue Henri Grenet,43.50183,-1.47866,Plein jour,En agglomération,Giratoire,Normale,Deux véhicules - côté,4,2,4,0,1,1,1,0,1,30,,2,1,0,1,0,35.0,22.0,,,1,2,6,1,3
202100041272,2021-05-04 18:41:00,2021,5,4,18,41,64,64140,GLIZE (RUE RAYMOND ET MARCEL),43.5177,-1.47849,Plein jour,En agglomération,Hors intersection,Normale,Sans collision,4,2,1,0,1,1,1,0,1,50,,1,0,0,1,0,50.0,,,,1,2,1,1,7
202100041273,2021-05-03 18:51:00,2021,5,3,18,51,64,64102,HARGOUS (CHEMIN DE),43.50792,-1.46387,Plein jour,En agglomération,Intersection en T,Normale,Deux véhicules - côté,4,2,2,0,1,1,1,0,1,50,,2,1,0,1,0,40.0,50.0,,,1,2,3,1,3
202100041274,2021-05-04 13:27:00,2021,5,4,13,27,63,63113,137 LAFAYETTE (BD),45.76737,3.10616,Plein jour,En agglomération,Intersection en X,Normale,Deux véhicules - côté,4,2,3,0,1,1,1,0,1,50,,3,1,0,0,2,26.0,21.0,,,1,2,2,1,3
202100041275,2021-05-04 12:29:00,2021,5,4,12,29,63,63113,53 Boulevard Lavoisier,45.78594,3.07947,Plein jour,En agglomération,Hors intersection,Normale,Deux véhicules - arrière,7,1,3,0,1,1,1,0,1,50,,2,1,0,0,1,65.0,48.0,,,1,2,1,1,2
202100041276,2021-05-03 15:13:00,2021,5,3,15,13,63,63113,BREZET (ROND-POINT DU),45.7802,3.13108,Plein jour,En agglomération,Giratoire,Normale,Sans collision,7,1,2,0,1,1,1,0,1,50,,1,0,0,0,1,26.0,,,,1,2,6,1,7
202100041277,2021-04-15 22:05:00,2021,4,15,22,5,59,59410,PROVENCE RUE DE,50.6476253513,3.1181500486,Nuit avec éclairage allumé,En agglomération,Hors intersection,Normale,Autre collision,4,2,2,0,1,1,1,0,4,50,,2,1,0,1,0,21.0,,,,5,2,1,1,6
202100041278,2021-05-03 20:40:00,2021,5,3,20,40,56,56121,SCORFF ( BD DU ),47.76099,-3.36578,Crépuscule ou aube,En agglomération,Giratoire,Normale,Autre collision,4,1,1,0,1,2,1,5,1,30,,2,0,0,0,2,43.0,,,,2,2,6,1,6
202100041279,2021-05-05 18:15:00,2021,5,5,18,15,54,54395,METZ (RUE DE),48.7027988695,6.1707343161,Plein jour,En agglomération,Hors intersection,Normale,Deux véhicules - arrière,7,3,2,3,1,1,1,-1,1,30,,2,1,0,0,1,,49.0,,,1,2,1,1,2
202100041280,2021-05-02 21:10:00,2021,5,2,21,10,50,50203,GOLF DES ROCHES (LE),49.6047,-1.60794,Plein jour,En agglomération,Hors intersection,Normale,Deux véhicules - frontale,4,2,1,0,2,3,1,0,1,50,,2,1,0,0,1,40.0,19.0,,,1,2,1,1,1
202100041281,2021-05-04 18:42:00,2021,5,4,18,42,45,45004,Parking Bricoman,47.97365,2.73506,Plein jour,En agglomération,Hors intersection,Pluie légère,Deux véhicules - côté,6,-1,-1,0,2,1,2,9,1,50,,2,1,0,0,1,33.0,30.0,,,1,2,1,2,3
202100041282,2021-05-04 22:30:00,2021,5,4,22,30,37,37122,PONT CHER (RUE DU),47.3627103975,0.6740149856,Nuit avec éclairage allumé,En agglomération,Hors intersection,Temps couvert,Sans collision,4,2,2,0,1,1,2,0,3,50,,2,1,0,0,1,21.0,,,,5,2,1,8,7
202100041283,2021-05-04 20:00:00,2021,5,4,20,0,37,37261,MALRAUX (QUAI ANDRE),47.3974886085,0.7006911637,Plein jour,En agglomération,Intersection en T,Pluie légère,Sans collision,4,2,4,0,1,1,2,0,1,50,,1,0,0,0,1,20.0,,,,1,2,3,2,7
202100041284,2021-05-04 19:06:00,2021,5,4,19,6,37,37261,MARECHAL JUIN (BD),47.41866,0.70438,Plein jour,En agglomération,Hors intersection,Pluie légère,Autre collision,4,3,4,1,1,1,2,0,1,50,,2,1,0,0,1,28.0,,,,1,2,1,2,6
202100041285,2021-05-04 16:00:00,2021,5,4,16,0,35,35238,BOURBONNAIS (DU),48.12068,-1.71101,Plein jour,En agglomération,Hors intersection,Normale,Autre collision,4,2,2,0,1,1,1,0,1,30,,2,1,0,0,1,21.0,,,,1,2,1,1,6
202100041286,2021-05-03 20:14:00,2021,5,3,20,14,34,34172,JUVENAL (PONT),43.60589,3.89409,Plein jour,En agglomération,Intersection en X,Normale,Deux véhicules - côté,4,2,2,0,1,1,1,0,1,50,,2,1,0,1,0,51.0,22.0,,,1,2,2,1,3
202100041287,2021-05-04 17:50:00,2021,5,4,17,50,33,33281,Avenue Roland Garros,44.82456,-0.68633,Plein jour,En agglomération,Autre intersection,Normale,Deux véhicules - côté,4,2,2,0,1,3,1,0,5,70,,2,1,0,0,1,24.0,22.0,,,1,2,9,1,3
202100041288,2021-05-05 09:45:00,2021,5,5,9,45,33,33529,Rue Desbiey,44.62785,-1.1435,Plein jour,En agglomération,Intersection en X,Normale,Autre collision,4,1,1,0,1,1,1,0,1,50,,2,1,0,0,1,70.0,,,,1,2,2,1,6
202100041289,2021-05-05 14:20:00,2021,5,5,14,20,31,31555,BAYONNE (ROUTE DE ),43.6093943493,1.3540488482,Plein jour,En agglomération,Hors intersection,Normale,Deux véhicules - arrière,7,2,3,0,1,1,1,0,1,50,,2,1,0,1,0,41.0,25.0,,,1,2,1,1,2
202100041290,2021-04-08 19:10:00,2021,4,8,19,10,31,31069,BELLONTE (RD-PT MAURICE),43.627,1.38531,Plein jour,En agglomération,Hors intersection,Normale,Autre collision,4,-1,1,0,1,2,1,0,1,50,,2,1,0,0,1,58.0,,,,1,2,1,1,6
202100041291,2021-05-04 22:40:00,2021,5,4,22,40,31,31555,POMPIDOU (AV GEORGE) DU 2AU 21,43.61225,1.45841,Nuit avec éclairage allumé,En agglomération,Hors intersection,Normale,Autre collision,4,1,2,1,2,1,1,0,8,50,,1,0,0,1,0,42.0,,,,5,2,1,1,6
202100041292,2021-05-01 09:47:00,2021,5,1,9,47,29,29019,Pont de Recouvrance,48.384281,-4.49714,Plein jour,En agglomération,Hors intersection,Normale,Deux véhicules - frontale,4,3,2,0,1,1,1,2,1,30,,2,1,0,0,1,27.0,66.0,,,1,2,1,1,1
202100041293,2021-05-05 10:00:00,2021,5,5,10,0,26,26198,28 Av John Fitzgerald Kennedy,44.55513,4.73783,Plein jour,En agglomération,Hors intersection,Normale,Autre collision,3,1,-1,0,1,1,1,0,1,30,,2,1,0,0,1,61.0,,,,1,2,1,1,6
202100041294,2021-05-05 08:10:00,2021,5,5,8,10,25,25056,GAULLE BOULEVARD CHARLES,47.23,6.01,Plein jour,En agglomération,Hors intersection,Normale,Deux véhicules - côté,4,3,1,2,1,1,2,0,5,50,,2,1,0,0,1,28.0,39.0,,,1,2,1,1,3
202100041295,2021-05-04 19:25:00,2021,5,4,19,25,24,24037,CALMETTE (BOULEVARD DU PROFESSEUR ALBERT,44.85188,0.50148,Plein jour,En agglomération,Autre intersection,Normale,Autre collision,4,2,2,0,1,1,1,0,8,50,,1,0,0,0,1,57.0,,,,1,2,9,1,6
202100041296,2021-05-04 16:50:00,2021,5,4,16,50,17,17306,EXPRESS (VOIE),45.64415,-1.04173,Plein jour,En agglomération,Hors intersection,Pluie forte,Trois véhicules et plus - collisions multiples,3,2,2,0,1,1,2,0,1,80,,5,4,0,0,1,60.0,77.0,,,1,2,1,3,5
202100041297,2021-05-05 17:40:00,2021,5,5,17,40,13,13203,BATTALA (BOULEVARD),43.318149,5.379146,Plein jour,En agglomération,Hors intersection,Normale,Deux véhicules - arrière,4,1,1,0,2,1,1,0,1,50,,2,0,0,0,2,39.0,17.0,,,1,2,1,1,2
202100041298,2021-05-02 18:30:00,2021,5,2,18,30,13,13215,SAINT ANTOINE A SAINT JOSEPH (CHEMIN DE),43.356100467,5.3665738814,Plein jour,En agglomération,Intersection en Y,Normale,Deux véhicules - côté,4,2,2,0,1,3,1,0,1,50,,2,1,0,0,1,86.0,28.0,,,1,2,4,1,3
202100041299,2021-05-01 09:25:00,2021,5,1,9,25,13,13206,LAFON (RUE),43.2912,5.38077,Plein jour,En agglomération,Intersection en X,Pluie légère,Deux véhicules - côté,4,1,2,0,1,1,2,0,1,50,,6,2,0,0,4,38.0,28.0,,,1,2,2,2,3
202100041300,2021-05-05 18:30:00,2021,5,5,18,30,12,12145,AIGOUAL (AVENUE DE L'),44.10062,3.10445,Plein jour,En agglomération,Intersection en Y,Normale,Deux véhicules - côté,3,2,2,0,1,1,1,5,1,50,,2,0,0,0,2,18.0,17.0,,,1,2,4,1,3
202100041301,2021-05-04 16:48:00,2021,5,4,16,48,10,10081,ROCADE OUEST (RD 610),48.3068429523,4.0226697922,Plein jour,Hors agglomération,Hors intersection,Pluie forte,Trois véhicules et plus - en chaîne,3,3,4,0,1,1,2,0,1,100,,6,5,0,0,1,86.0,37.0,,,1,1,1,3,4
202100041302,2021-05-04 08:40:00,2021,5,4,8,40,10,10387,REINE BLANCHE (RUE),48.30658,4.06483,Plein jour,En agglomération,Hors intersection,Pluie légère,Autre collision,4,2,2,0,1,1,2,0,1,50,,2,1,0,0,1,41.0,,,,1,2,1,2,6
202100041303,2021-05-04 07:05:00,2021,5,4,7,5,10,10387,BLANQUI (RUE),48.29094,4.07022,Plein jour,En agglomération,Intersection en X,Pluie légère,Autre collision,4,2,2,0,2,1,2,0,1,50,,2,1,0,1,0,27.0,,,,1,2,2,2,6
202100041304,2021-05-04 16:30:00,2021,5,4,16,30,06,06088,FLIREY (AV. DE),43.721793,7.275183,Plein jour,En agglomération,Hors intersection,Normale,Autre collision,4,2,3,0,2,3,1,0,1,50,,2,1,0,1,0,36.0,,,,1,2,1,1,6
202100041305,2021-05-04 19:25:00,2021,5,4,19,25,06,06104,HANOTEAUX (AVENUE GABRIEL),43.760108,7.466627,Plein jour,En agglomération,Hors intersection,Normale,Deux véhicules - côté,3,2,2,0,2,1,1,0,1,50,,2,0,0,1,1,29.0,23.0,,,1,2,1,1,3
202100041306,2021-05-05 17:50:00,2021,5,5,17,50,75,75115,PORTE DE SEVRES,48.834768,2.274802,Plein jour,En agglomération,Hors intersection,Pluie légère,Trois véhicules et plus - en chaîne,4,1,4,0,1,1,2,0,1,70,,3,2,0,0,1,34.0,22.0,,,1,2,1,2,4
202100041307,2021-05-05 17:45:00,2021,5,5,17,45,75,75112,ECHANGEUR BERCY,48.827816,2.394984,Plein jour,En agglomération,Intersection en Y,Normale,Deux véhicules - arrière,4,1,1,0,1,2,1,0,1,70,,2,1,0,0,1,54.0,28.0,,,1,2,4,1,2
202100041308,2021-05-05 14:40:00,2021,5,5,14,40,75,75112,ECHANGEUR BERCY,48.827816,2.394984,Plein jour,En agglomération,Intersection en Y,Normale,Deux véhicules - côté,4,1,1,0,1,2,1,0,1,50,,2,1,0,0,1,28.0,61.0,,,1,2,4,1,3
202100041309,2021-05-03 19:30:00,2021,5,3,19,30,75,75112,BOULEVARD PERIPHERIQUE INTERIEUR SUD,48.828471,2.397418,Plein jour,En agglomération,Hors intersection,Normale,Trois véhicules et plus - en chaîne,4,1,4,0,1,1,1,0,1,70,,3,2,0,0,1,35.0,70.0,,,1,2,1,1,4
202100041310,2021-05-05 10:10:00,2021,5,5,10,10,75,75106,BOULEVARD DU MONTPARNASSE,48.845531,2.31919,Plein jour,En agglomération,Intersection en X,Normale,Autre collision,4,3,4,0,1,1,1,0,1,50,,2,1,0,0,1,46.0,,,,1,2,2,1,6
202100041311,2021-05-05 20:00:00,2021,5,5,20,0,75,75120,RUE BELGRAND,48.864557,2.407233,Plein jour,En agglomération,Intersection en X,Normale,Autre collision,4,2,-1,0,1,1,1,0,1,50,,2,1,0,0,1,19.0,,,,1,2,2,1,6
202100041312,2021-05-05 20:00:00,2021,5,5,20,0,75,75117,RUE DE LA JONQUIERE,48.893744,2.322141,Plein jour,En agglomération,Intersection en X,Normale,Deux véhicules - côté,4,1,2,0,1,1,1,0,1,50,,2,1,0,0,1,30.0,22.0,,,1,2,2,1,3
202100041313,2021-05-04 11:30:00,2021,5,4,11,30,75,75116,AVENUE DE L HIPPODROME,48.862293,2.238313,Plein jour,En agglomération,Intersection en X,Pluie légère,Trois véhicules et plus - collisions multiples,4,2,4,0,1,1,2,0,1,50,,3,1,0,0,2,62.0,21.0,,,1,2,2,2,5
202100041314,2021-05-04 08:45:00,2021,5,4,8,45,75,75116,AVENUE D IENA,48.872488,2.295244,Plein jour,En agglomération,Place,Pluie légère,Autre collision,4,2,2,0,1,1,2,0,1,50,,2,0,0,0,2,37.0,,,,1,2,7,2,6
202100041315,2021-05-05 10:20:00,2021,5,5,10,20,75,75115,BOULEVARD GARIBALDI,48.845805,2.309511,Plein jour,En agglomération,Intersection en Y,Normale,Sans collision,4,1,1,0,1,1,1,0,1,50,,2,0,0,0,2,38.0,,,,1,2,4,1,7
202100041316,2021-05-04 18:15:00,2021,5,4,18,15,75,75115,BOULEVARD GARIBALDI,48.846678,2.306221,Plein jour,En agglomération,Intersection en X,Normale,Autre collision,4,3,1,0,1,1,1,0,1,50,,2,1,0,0,1,63.0,,,,1,2,2,1,6
202100041317,2021-05-04 13:25:00,2021,5,4,13,25,75,75115,RUE DE DANTZIG,48.830957,2.296414,Plein jour,En agglomération,Intersection en T,Pluie légère,Deux véhicules - côté,4,2,2,0,1,1,2,0,1,50,,2,1,0,0,1,25.0,30.0,,,1,2,3,2,3
202100041318,2021-05-05 15:10:00,2021,5,5,15,10,75,75114,BOULEVARD JOURDAN,48.819819,2.340732,Plein jour,En agglomération,Hors intersection,Pluie légère,Deux véhicules - arrière,4,1,2,0,1,1,2,0,1,50,,2,1,0,0,1,55.0,34.0,,,1,2,1,2,2
202100041319,2021-05-05 07:40:00,2021,5,5,7,40,75,75113,BOULEVARD DE L HOPITAL,48.839979,2.361764,Plein jour,En agglomération,Intersection en Y,Normale,Deux véhicules - arrière,4,2,1,0,2,1,1,0,1,50,,2,1,0,0,1,60.0,52.0,,,1,2,4,1,2
202100041320,2021-05-05 09:15:00,2021,5,5,9,15,75,75110,BOULEVARD DE BONNE NOUVELLE,48.870384,2.349572,Plein jour,En agglomération,Intersection en T,Normale,Autre collision,4,2,4,0,1,1,1,0,1,50,,2,1,0,0,1,42.0,,,,1,2,3,1,6
202100041321,2021-05-04 19:30:00,2021,5,4,19,30,75,75110,RUE DU FAUBOURG SAINT MARTIN,48.882544,2.366889,Plein jour,En agglomération,Intersection en T,Normale,Deux véhicules - côté,4,2,2,0,1,1,1,0,1,50,,3,2,0,0,1,20.0,53.0,,,1,2,3,1,3
202100041322,2021-05-05 21:15:00,2021,5,5,21,15,75,75108,RUE DE CONSTANTINOPLE,48.881252,2.316701,Nuit avec éclairage allumé,En agglomération,Intersection à plus de 4 branches,Normale,Deux véhicules - arrière,4,1,1,0,1,1,1,0,1,50,,2,1,0,0,1,32.0,60.0,,,5,2,5,1,2
202100041323,2021-05-04 15:10:00,2021,5,4,15,10,75,75102,BOULEVARD DE BONNE NOUVELLE,48.869835,2.351804,Plein jour,En agglomération,Intersection en X,Normale,Trois véhicules et plus - collisions multiples,4,2,4,0,1,1,1,0,1,50,,3,2,0,0,1,28.0,24.0,,,1,2,2,1,5
202100041324,2021-05-04 11:35:00,2021,5,4,11,35,75,75103,RUE DU TEMPLE,48.861897,2.356921,Plein jour,En agglomération,Intersection en X,Normale,Deux véhicules - côté,4,1,1,0,1,1,1,0,1,30,,2,1,0,1,0,21.0,60.0,,,1,2,2,1,3
202100041325,2021-05-04 23:40:00,2021,5,4,23,40,94,94081,JEAN JAURES (AV),48.7942546995,2.4005871272,Nuit avec éclairage allumé,En agglomération,Intersection en X,Normale,Deux véhicules - frontale,3,2,1,0,1,1,1,0,1,50,,2,1,0,0,1,19.0,20.0,,,5,2,2,1,1
202100041326,2021-05-02 10:10:00,2021,5,2,10,10,94,94068,Quai de Champignol,48.80942,2.5106,Plein jour,En agglomération,Intersection en T,Normale,Deux véhicules - frontale,4,1,1,0,2,1,1,0,1,20,,4,3,0,0,1,60.0,29.0,,,1,2,3,1,1
202100041327,2021-05-05 07:43:00,2021,5,5,7,43,94,94034,PARC MEDICIS (AV DU),48.75386,2.33918,Plein jour,En agglomération,Intersection en X,Normale,Deux véhicules - côté,4,3,1,3,1,1,1,9,1,50,,2,1,0,0,1,58.0,23.0,,,1,2,2,1,3
202100041328,2021-05-05 16:30:00,2021,5,5,16,30,94,94018,Quai des Carrieres,48.81946,2.40673,Plein jour,En agglomération,Hors intersection,Pluie légère,Deux véhicules - côté,3,2,3,0,1,1,2,0,4,50,,2,1,0,0,1,36.0,30.0,,,1,2,1,2,3
202100041329,2021-05-05 13:50:00,2021,5,5,13,50,94,94071,Rue de Champigny,48.772681,2.510209,Plein jour,En agglomération,Hors intersection,Normale,Deux véhicules - arrière,3,2,1,0,1,1,1,0,1,50,,2,1,0,0,1,17.0,46.0,,,1,2,1,1,2
202100041330,2021-05-05 10:30:00,2021,5,5,10,30,94,94002,BLANQUI (QU),48.80128,2.41665,Plein jour,En agglomération,Hors intersection,Normale,Trois véhicules et plus - en chaîne,3,3,2,0,1,1,1,0,1,50,,3,2,0,0,1,39.0,58.0,,,1,2,1,1,4
202100041331,2021-05-05 09:00:00,2021,5,5,9,0,93,93055,ANATOLE FRANCE (AVENUE),48.892336,2.42357,Plein jour,En agglomération,Hors intersection,Normale,Autre collision,3,2,2,0,2,1,1,0,1,50,,2,0,0,0,2,33.0,,,,1,2,1,1,6
202100041332,2021-04-15 00:15:00,2021,4,15,0,15,93,93029,ROGER SALENGRO N° 94 - FIN,48.91421,2.43622,Nuit avec éclairage allumé,En agglomération,Hors intersection,Normale,Autre collision,4,2,2,0,1,1,1,0,1,30,,2,1,0,0,1,43.0,,,,5,2,1,1,6
202100041333,2021-05-05 13:52:00,2021,5,5,13,52,92,92078,REDOUTE (AVENUE),48.9446940695,2.3189026863,Plein jour,En agglomération,Hors intersection,Pluie légère,Sans collision,4,2,2,0,1,4,2,0,1,50,,1,0,0,0,1,19.0,,,,1,2,1,2,7
202100041334,2021-05-04 17:28:00,2021,5,4,17,28,92,92064,REPUBLIQUE,48.857648121,2.2108536959,Plein jour,En agglomération,Hors intersection,Normale,Deux véhicules - côté,3,2,2,0,1,2,1,0,1,50,,2,1,0,0,1,39.0,33.0,,,1,2,1,1,3
202100041335,2021-05-04 16:55:00,2021,5,4,16,55,92,92064,REPUBLIQUE,48.8465083768,2.2140784727,Plein jour,En agglomération,Hors intersection,Normale,Autre collision,3,1,2,0,1,1,1,0,1,50,,2,1,0,0,1,55.0,,,,1,2,1,1,6
202100041336,2021-05-05 09:15:00,2021,5,5,9,15,92,92049,BROSSOLETTE AVENUE PIERRE,48.8154679235,2.3047564924,Plein jour,En agglomération,Hors intersection,Normale,Deux véhicules - côté,3,2,4,1,1,1,1,0,1,50,,2,1,0,0,1,25.0,28.0,,,1,2,1,1,3
202100041337,2021-05-05 13:05:00,2021,5,5,13,5,92,92035,Veuve Lacroix ( rue ),48.904481971,2.2360423207,Plein jour,En agglomération,Hors intersection,Normale,Autre collision,4,2,2,2,1,1,1,0,1,50,,2,1,0,0,1,41.0,,,,1,2,1,1,6
202100041338,2021-05-05 15:55:00,2021,5,5,15,55,92,92025,KLEBER (AV),48.9308401686,2.2435741127,Plein jour,En agglomération,Hors intersection,Normale,Deux véhicules - arrière,4,1,3,0,1,1,1,0,1,50,,2,1,0,0,1,43.0,,,,1,2,1,1,2
202100041339,2021-05-05 08:55:00,2021,5,5,8,55,92,92025,CHARLES DE GAULLE (BD),48.9136641443,2.2298555461,Plein jour,En agglomération,Hors intersection,Normale,Autre collision,3,1,1,0,1,1,1,0,1,50,,2,1,0,0,1,33.0,,,,1,2,1,1,6