accident_id,datetime,annee,mois,jour,heure,minute,departement,commune_insee,adresse,latitude,longitude,luminosite,agglomeration,intersection,meteo,collision,catr,circ,nbv,vosp,prof,plan,surf,infra,situ,vma,nb_vehicules,nb_usagers,nb_indemnes,nb_tues,nb_blesses_hosp,nb_blesses_legers,age_cond_1,age_cond_2,veh_type_cond_1,veh_type_cond_2,lum_code,agg_code,int_code,atm_code,col_code
202100041340,2021-05-05 21:10:00,2021,5,5,21,10,92,92007,MOULIN-BLANCHARD (RUE DU),48.794573,2.298226,Nuit avec éclairage allumé,En agglomération,Giratoire,Normale,Deux véhicules - côté,4,2,2,0,1,2,1,0,1,50,,2,1,0,0,1,34.0,68.0,,,5,2,6,1,3
202100041341,2021-05-05 08:15:00,2021,5,5,8,15,39,39129,,46.648523,5.942037,Plein jour,Hors agglomération,Hors intersection,Temps couvert,Deux véhicules - frontale,2,2,2,0,1,3,8,0,1,80,,3,2,0,0,1,60.0,29.0,,,1,1,1,8,1
202100041342,2021-05-06 12:05:00,2021,5,6,12,5,80,80766,Rue d'Harponville,50.036089,2.464819,Plein jour,Hors agglomération,Hors intersection,Pluie légère,Deux véhicules - frontale,4,2,2,0,3,1,2,0,1,80,,3,2,0,1,0,42.0,20.0,,,1,1,1,2,1
202100041343,2021-05-03 13:50:00,2021,5,3,13,50,80,80016,Rue de Birmingham,50.003457,2.649556,Plein jour,En agglomération,Intersection en X,Normale,Autre collision,4,2,2,0,1,1,1,0,1,50,,2,1,0,1,0,68.0,,,,1,2,2,1,6
202100041344,2021-05-05 12:10:00,2021,5,5,12,10,2A,2A048,RD 81,42.022407,8.741963,Plein jour,Hors agglomération,Hors intersection,Temps éblouissant,Deux véhicules - côté,3,2,2,0,2,4,1,0,1,80,,2,1,0,0,1,17.0,45.0,,,1,1,1,7,3
202100041345,2021-05-06 18:56:00,2021,5,6,18,56,81,81296,maguelonne,43.850963,2.281852,Plein jour,Hors agglomération,Hors intersection,Normale,Autre collision,3,2,2,0,2,1,1,0,3,80,,1,0,0,1,0,18.0,,,,1,1,1,1,6
202100041346,2021-05-04 19:00:00,2021,5,4,19,0,972,97221,Rue du Morne Costet,14.523607,-60.975344,Nuit avec éclairage allumé,En agglomération,Intersection en T,Pluie légère,Deux véhicules - frontale,2,2,2,0,2,1,2,0,1,50,,2,1,0,1,0,47.0,40.0,,,5,2,3,2,1
202100041347,2021-05-06 06:10:00,2021,5,6,6,10,38,38239,Route de Champfeuillet,45.34322,5.56283,Nuit sans éclairage public,En agglomération,Intersection en T,Normale,Deux véhicules - côté,4,2,2,0,1,1,1,0,1,50,,3,2,0,0,1,24.0,25.0,,,3,2,3,1,3
202100041348,2021-05-05 15:45:00,2021,5,5,15,45,30,30334,D982,44.0208,4.4458,Plein jour,Hors agglomération,Intersection en T,Normale,Autre collision,3,2,1,0,1,1,1,0,1,80,,5,0,0,1,4,67.0,25.0,,,1,1,3,1,6
202100041349,2021-05-05 20:45:00,2021,5,5,20,45,57,57695,D603 VARIZE,49.106958,6.445971,Nuit sans éclairage public,Hors agglomération,Hors intersection,Pluie légère,Sans collision,3,2,2,0,3,1,2,0,3,80,,1,0,1,0,0,43.0,,,,3,1,1,2,7
202100041350,2021-05-06 10:50:00,2021,5,6,10,50,51,51019,Ferme de l'Espérance,49.187655,4.413245,Plein jour,Hors agglomération,Intersection en X,Pluie légère,Deux véhicules - côté,3,2,2,0,1,1,2,5,1,80,,2,1,0,0,1,30.0,28.0,,,1,1,2,2,3
202100041351,2021-05-05 09:40:00,2021,5,5,9,40,51,51052,D980,49.273716,4.159055,Plein jour,Hors agglomération,Hors intersection,Pluie légère,Sans collision,3,2,2,0,2,1,2,0,1,80,,1,0,0,1,0,70.0,,,,1,1,1,2,7
202100041352,2021-05-06 15:25:00,2021,5,6,15,25,19,19153,Route de Juillac,45.273497,1.403257,Plein jour,Hors agglomération,Intersection en T,Pluie forte,Deux véhicules - côté,3,2,2,0,2,1,2,0,1,90,,3,1,0,1,1,77.0,72.0,,,1,1,3,3,3
202100041353,2021-05-06 10:20:00,2021,5,6,10,20,69,69033,PETIT GUILLERMET (DU) (R),45.853053,4.87775,Plein jour,En agglomération,Intersection en X,Pluie légère,Deux véhicules - côté,7,2,2,0,2,1,2,0,1,50,,2,1,0,0,1,43.0,65.0,,,1,2,2,2,3
202100041354,2021-05-06 17:29:00,2021,5,6,17,29,11,11441,D31,43.210861,3.076392,Plein jour,Hors agglomération,Hors intersection,Normale,Deux véhicules - côté,3,2,2,0,1,1,1,0,1,80,,2,0,0,1,1,31.0,23.0,,,1,1,1,1,3
202100041355,2021-05-05 16:15:00,2021,5,5,16,15,71,71070,Place du Carcabot,46.712706,4.694646,Plein jour,En agglomération,Intersection en T,Normale,Autre collision,3,2,1,0,1,3,1,0,1,50,,2,1,0,1,0,79.0,,,,1,2,3,1,6
202100041356,2021-05-06 08:45:00,2021,5,6,8,45,63,63362,"D210, PK 19+150, carrefour avec la D17",45.925782,3.245795,Plein jour,Hors agglomération,Intersection en X,Pluie légère,Trois véhicules et plus - collisions multiples,3,2,2,0,1,1,2,0,1,80,,4,2,0,1,1,60.0,73.0,,,1,1,2,2,5
202100041357,2021-05-05 15:00:00,2021,5,5,15,0,47,47049,Place Saint Joseph,44.446579,0.620101,Plein jour,En agglomération,Giratoire,Normale,Deux véhicules - côté,3,2,2,0,1,1,1,5,1,50,,2,1,0,0,1,17.0,22.0,,,1,2,6,1,3
202100041358,2021-04-27 10:00:00,2021,4,27,10,0,44,44158,La Musse,47.23194,-1.786952,Plein jour,Hors agglomération,Intersection en X,Normale,Deux véhicules - côté,9,2,2,0,1,1,1,0,1,80,,2,1,0,1,0,59.0,68.0,,,1,1,2,1,3
202100041359,2021-05-05 14:30:00,2021,5,5,14,30,31,31341,D17,43.724964,1.247635,Plein jour,Hors agglomération,Intersection en X,Normale,Deux véhicules - côté,3,2,2,0,1,1,1,0,1,80,,3,2,0,0,1,61.0,86.0,,,1,1,2,1,3
202100041360,2021-05-06 16:25:00,2021,5,6,16,25,01,01204,D1084,46.168486,5.678397,Plein jour,Hors agglomération,Hors intersection,Pluie légère,Trois véhicules et plus - collisions multiples,3,2,3,0,1,1,2,0,1,80,,6,4,1,0,1,58.0,66.0,,,1,1,1,2,5
202100041361,2021-05-04 09:20:00,2021,5,4,9,20,83,83046,D22,43.509112,6.154315,Plein jour,En agglomération,Hors intersection,Normale,Deux véhicules - arrière,3,2,2,0,1,1,1,0,1,50,,4,3,0,1,0,58.0,31.0,,,1,2,1,1,2
202100041362,2021-05-06 15:00:00,2021,5,6,15,0,45,45203,37 rue des Cordeliers,47.8279596362,1.6974670294,Plein jour,En agglomération,Intersection en T,Pluie légère,Autre collision,3,1,1,0,1,1,2,0,1,50,,2,1,0,1,0,50.0,,,,1,2,3,2,6
202100041363,2021-05-06 11:10:00,2021,5,6,11,10,64,64538,Rd 918,43.158745,-1.246337,Plein jour,En agglomération,Hors intersection,Normale,Deux véhicules - côté,3,3,2,0,1,3,1,0,1,50,,2,1,0,1,0,42.0,55.0,,,1,2,1,1,3
202100041364,2021-05-05 15:00:00,2021,5,5,15,0,18,18141,Route de Bourges,47.140074,2.251704,Plein jour,Hors agglomération,Hors intersection,Normale,Deux véhicules - côté,3,2,2,0,1,1,1,0,1,90,,4,3,0,1,0,53.0,33.0,,,1,1,1,1,3
202100041365,2021-05-05 12:00:00,2021,5,5,12,0,27,27214,D20,49.308239,1.407999,Plein jour,Hors agglomération,Hors intersection,Pluie légère,Sans collision,3,2,2,0,1,1,2,0,8,80,,3,1,0,1,1,46.0,,,,1,1,1,2,7
202100041366,2021-05-05 20:00:00,2021,5,5,20,0,23,23031,Rue de la Gare,46.350597,2.221105,Plein jour,En agglomération,Hors intersection,Normale,Autre collision,4,2,2,0,1,3,1,0,4,50,,4,0,0,0,4,21.0,,,,1,2,1,1,6
202100041367,2021-05-06 16:45:00,2021,5,6,16,45,30,30006,D979,43.7084,4.213622,Plein jour,Hors agglomération,Intersection en Y,Normale,Autre collision,3,2,2,0,1,3,1,5,1,80,,2,1,0,1,0,55.0,58.0,,,1,1,4,1,6
202100041368,2021-05-06 07:15:00,2021,5,6,7,15,53,53135,Le Pont Vien,47.916202,-1.001231,Plein jour,Hors agglomération,Intersection en X,Temps couvert,Deux véhicules - côté,3,2,2,0,1,1,2,0,1,80,,3,1,0,1,1,70.0,52.0,,,1,1,2,8,3
202100041369,2021-05-06 08:30:00,2021,5,6,8,30,80,80024,autoroute A16 - PK 133+550,49.9477865164,2.2346806528,Plein jour,Hors agglomération,Hors intersection,Normale,Deux véhicules - arrière,1,3,4,0,1,1,1,0,1,130,,2,1,0,0,1,52.0,28.0,,,1,1,1,1,2
202100041370,2021-05-06 13:50:00,2021,5,6,13,50,31,31506,Route de Lauzerville,43.560778,1.54918,Plein jour,Hors agglomération,Hors intersection,Normale,Trois véhicules et plus - en chaîne,7,2,2,0,4,3,1,0,1,80,,3,2,0,1,0,26.0,52.0,,,1,1,1,1,4
202100041371,2021-05-06 07:20:00,2021,5,6,7,20,24,24472,D14E2,44.806998,0.533631,Plein jour,Hors agglomération,Intersection en X,Normale,Deux véhicules - côté,3,2,2,0,1,1,1,0,1,80,,2,1,1,0,0,57.0,30.0,,,1,1,2,1,3
202100041372,2021-05-06 14:30:00,2021,5,6,14,30,33,33333,,44.8419221422,-1.1186850263,Plein jour,En agglomération,Hors intersection,Pluie légère,Deux véhicules - frontale,3,2,2,0,1,1,2,0,1,70,,4,0,0,2,2,48.0,80.0,,,1,2,1,2,1
202100041373,2021-05-06 19:30:00,2021,5,6,19,30,2A,2A247,"Route de Muratello, RD159",41.594127,9.217524,Plein jour,En agglomération,Hors intersection,Normale,Deux véhicules - frontale,3,2,2,0,1,3,1,0,1,50,,3,1,0,0,2,31.0,36.0,,,1,2,1,1,1
202100041374,2021-04-30 16:52:00,2021,4,30,16,52,34,34081,Route de Narbonne ,43.309004,3.169641,Plein jour,Hors agglomération,Hors intersection,Pluie légère,Autre collision,3,2,2,0,2,1,2,0,1,90,,2,1,0,1,0,53.0,57.0,,,1,1,1,2,6
202100041375,2021-03-31 17:15:00,2021,3,31,17,15,84,84092,147 Allee Vire Abeille,43.977505,4.875659,Plein jour,Hors agglomération,Autre intersection,Temps éblouissant,Deux véhicules - côté,6,2,2,0,1,1,1,0,1,50,,2,1,0,1,0,58.0,,,,1,1,9,7,3
202100041376,2021-04-07 11:55:00,2021,4,7,11,55,06,06048,Pointe de Blausasc,43.781265,7.337435,Plein jour,En agglomération,Giratoire,Normale,Deux véhicules - côté,3,1,1,0,1,2,1,9,1,30,,2,1,0,0,1,53.0,34.0,,,1,2,6,1,3
202100041377,2021-05-06 15:15:00,2021,5,6,15,15,04,04242,RD 4096,43.882316,5.855563,Plein jour,Hors agglomération,Hors intersection,Normale,Deux véhicules - frontale,3,2,2,0,2,1,1,0,1,80,,2,0,1,1,0,33.0,58.0,,,1,1,1,1,1
202100041378,2021-05-06 13:30:00,2021,5,6,13,30,57,57069,D63b,49.255506,6.648968,Plein jour,Hors agglomération,Hors intersection,Pluie légère,Autre collision,3,2,2,0,1,3,2,0,3,80,,1,0,1,0,0,45.0,,,,1,1,1,2,6
202100041379,2021-05-06 14:11:00,2021,5,6,14,11,73,73013,Chemin Pierre Vignet,45.2159760012,6.3421046903,Plein jour,En agglomération,Intersection en T,Pluie légère,Autre collision,3,2,2,0,2,3,2,0,3,50,,4,3,0,1,0,39.0,,,,1,2,3,2,6
202100041380,2021-05-06 09:00:00,2021,5,6,9,0,01,01065,départementale 45,46.207636,5.141945,Plein jour,Hors agglomération,Autre intersection,Pluie légère,Autre collision,3,2,2,0,1,1,2,0,3,80,,1,0,0,1,0,20.0,,,,1,1,9,2,6
202100041381,2021-05-04 07:30:00,2021,5,4,7,30,44,44052,Route de Crossac,47.359947,-2.111349,Plein jour,Hors agglomération,Intersection en X,Pluie forte,Deux véhicules - côté,3,2,2,0,1,1,2,0,1,80,,3,2,0,1,0,45.0,56.0,,,1,1,2,3,3
202100041382,2021-05-04 17:00:00,2021,5,4,17,0,22,22339,D2,48.468653,-2.060119,Plein jour,Hors agglomération,Autre intersection,Normale,Deux véhicules - arrière,3,2,2,0,2,1,1,2,1,70,,3,2,0,0,1,34.0,23.0,,,1,1,9,1,2
202100041383,2021-05-03 14:00:00,2021,5,3,14,0,59,59139,39 Boulevard Jean Jaurès,50.121467,3.404609,Plein jour,En agglomération,Intersection en T,Normale,Deux véhicules - côté,4,2,2,0,2,1,1,0,1,50,,2,1,0,0,1,57.0,47.0,,,1,2,3,1,3
202100041384,2021-05-04 22:07:00,2021,5,4,22,7,13,13055,A507 sens Aubagne- Marseille,43.33054,5.3917,Nuit avec éclairage allumé,Hors agglomération,Hors intersection,Normale,Sans collision,1,3,3,0,2,3,1,1,1,70,,1,0,0,0,1,55.0,,,,5,1,1,1,7
202100041385,2021-05-04 21:20:00,2021,5,4,21,20,13,13081,A7-Sens Marseille vers Lyon,43.49402,5.2398,Nuit sans éclairage public,Hors agglomération,Hors intersection,Normale,Sans collision,1,1,3,0,1,1,1,0,1,110,,1,0,0,0,1,39.0,,,,3,1,1,1,7
202100041386,2021-05-05 18:11:00,2021,5,5,18,11,33,33192,AUTOROUTE A 63,44.781158,-0.636642,Plein jour,Hors agglomération,Hors intersection,Normale,Trois véhicules et plus - en chaîne,1,3,4,0,1,1,1,0,1,90,,3,2,0,1,0,57.0,19.0,,,1,1,1,1,4
202100041387,2021-05-04 08:45:00,2021,5,4,8,45,33,33448,,44.715621,-0.518461,Plein jour,Hors agglomération,Hors intersection,Normale,Deux véhicules - côté,1,3,4,0,1,1,1,0,1,130,,3,2,0,0,1,48.0,23.0,,,1,1,1,1,3
202100041388,2021-05-03 16:40:00,2021,5,3,16,40,33,33063,Rocade Nord A630,44.881432,-0.545258,Plein jour,Hors agglomération,Hors intersection,Normale,Trois véhicules et plus - en chaîne,1,3,6,0,2,1,1,2,1,70,,5,4,0,0,1,27.0,30.0,,,1,1,1,1,4
202100041389,2021-05-05 19:35:00,2021,5,5,19,35,92,92002,AUTOROUTE A10,48.7372562311,2.3185014725,Plein jour,En agglomération,Hors intersection,Normale,Sans collision,1,3,2,0,2,2,2,2,1,90,,1,0,0,0,1,43.0,,,,1,2,1,1,7
202100041390,2021-05-05 07:40:00,2021,5,5,7,40,91,91589,AUTOROUTE A6,48.67389,2.34264,Plein jour,Hors agglomération,Hors intersection,Normale,Deux véhicules - arrière,1,3,3,0,3,1,1,0,1,90,,2,1,0,0,1,50.0,26.0,,,1,1,1,1,2
202100041391,2021-05-05 10:50:00,2021,5,5,10,50,91,91432,AUTOROUTE A6,48.69267,2.3211,Plein jour,Hors agglomération,Hors intersection,Normale,Deux véhicules - côté,1,3,6,0,3,1,1,0,1,110,,2,1,0,0,1,67.0,39.0,,,1,1,1,1,3
202100041392,2021-05-05 11:00:00,2021,5,5,11,0,91,91345,AUTOROUTE A6,48.688432,2.324858,Plein jour,Hors agglomération,Hors intersection,Normale,Deux véhicules - arrière,1,3,6,0,2,1,1,0,1,110,,3,1,0,0,2,35.0,79.0,,,1,1,1,1,2
202100041393,2021-05-05 08:00:00,2021,5,5,8,0,91,91534,RN 118,48.73796,2.17853,Plein jour,Hors agglomération,Hors intersection,Normale,Deux véhicules - arrière,2,3,4,0,1,1,1,0,1,110,,2,1,0,0,1,61.0,22.0,,,1,1,1,1,2
202100041394,2021-05-05 17:10:00,2021,5,5,17,10,78,78133,A13,48.891439,2.00925,Plein jour,Hors agglomération,Hors intersection,Normale,Trois véhicules et plus - en chaîne,1,-1,2,0,1,1,1,0,1,110,,3,2,0,1,0,35.0,47.0,,,1,1,1,1,4
202100041395,2021-05-05 13:30:00,2021,5,5,13,30,95,95572,A15,49.02529,2.1315,Plein jour,Hors agglomération,Hors intersection,Pluie légère,Deux véhicules - côté,1,3,6,0,1,1,2,0,1,110,,2,0,0,0,2,21.0,49.0,,,1,1,1,2,3
202100041396,2021-05-04 17:50:00,2021,5,4,17,50,95,95060, A115,49.04306,2.18807,Plein jour,Hors agglomération,Hors intersection,Normale,Autre collision,1,3,5,0,1,1,1,0,1,90,,1,0,0,0,1,50.0,,,,1,1,1,1,6
202100041397,2021-05-04 17:55:00,2021,5,4,17,55,93,93066,AUTOROUTE A1,48.91482,2.35753,Plein jour,Hors agglomération,Hors intersection,Normale,Trois véhicules et plus - en chaîne,1,3,8,0,1,1,1,1,1,90,,4,3,0,0,1,23.0,22.0,,,1,1,1,1,4
202100041398,2021-03-04 07:25:00,2021,3,4,7,25,69,69275,RN346,45.75977,4.98519,Plein jour,Hors agglomération,Hors intersection,Normale,Deux véhicules - côté,2,3,5,0,1,1,1,0,1,90,,2,1,0,0,1,54.0,,,,1,1,1,1,3
202100041399,2021-05-03 10:20:00,2021,5,3,10,20,75,75113,QUAI D IVRY,48.825675,2.386693,Plein jour,En agglomération,Hors intersection,Normale,Trois véhicules et plus - en chaîne,4,1,4,0,1,1,1,0,1,70,,5,4,0,0,1,33.0,49.0,,,1,2,1,1,4
202100041400,2021-05-04 13:39:00,2021,5,4,13,39,75,75119,RUE D AUBERVILLIERS,48.895276,2.371984,Plein jour,En agglomération,Intersection en X,Normale,Deux véhicules - côté,4,2,5,1,1,1,1,5,1,50,,2,1,1,0,0,48.0,37.0,,,1,2,2,1,3
202100041401,2021-05-04 08:28:00,2021,5,4,8,28,75,75105,QUAI SAINT BERNARD,48.849057,2.357673,Plein jour,En agglomération,Hors intersection,Temps couvert,Deux véhicules - côté,4,2,1,0,1,1,1,0,1,50,,2,1,0,0,1,27.0,34.0,,,1,2,1,8,3
202100041402,2021-05-03 14:55:00,2021,5,3,14,55,75,75105,RUE SAINT JACQUES,48.849361,2.344756,Plein jour,En agglomération,Intersection en T,Normale,Deux véhicules - côté,4,1,2,0,2,1,1,0,1,50,,2,1,0,0,1,43.0,55.0,,,1,2,3,1,3
202100041403,2021-05-04 19:00:00,2021,5,4,19,0,75,75119,RUE DE CRIMEE,48.879582,2.389499,Plein jour,En agglomération,Intersection en X,Normale,Autre collision,4,2,2,0,2,1,1,0,1,50,,2,1,0,0,1,37.0,,,,1,2,2,1,6
202100041404,2021-05-04 17:30:00,2021,5,4,17,30,75,75119,QUAI DE LA MARNE,48.888763,2.380831,Plein jour,En agglomération,Intersection en T,Normale,Autre collision,4,1,1,0,1,1,1,0,1,30,,3,2,0,0,1,28.0,,,,1,2,3,1,6
202100041405,2021-05-04 09:00:00,2021,5,4,9,0,75,75119,RUE RIQUET,48.889688,2.368129,Plein jour,En agglomération,Intersection en X,Pluie légère,Autre collision,4,1,1,0,1,1,2,0,1,50,,2,1,0,0,1,,,,,1,2,2,2,6
202100041406,2021-05-04 11:30:00,2021,5,4,11,30,75,75118,BOULEVARD BARBES,48.888354,2.34957,Plein jour,En agglomération,Intersection en X,Normale,Deux véhicules - côté,4,2,2,0,2,1,1,0,1,50,,2,1,0,0,1,22.0,27.0,,,1,2,2,1,3
202100041407,2021-05-04 16:20:00,2021,5,4,16,20,75,75115,BOULEVARD LEFEBVRE,48.832694,2.288371,Plein jour,En agglomération,Intersection en T,Normale,Deux véhicules - côté,4,3,4,1,2,1,1,0,1,50,,2,1,0,0,1,30.0,41.0,,,1,2,3,1,3
202100041408,2021-05-04 11:45:00,2021,5,4,11,45,75,75115,AVENUE EMILE ZOLA,48.846695,2.288871,Plein jour,En agglomération,Intersection en X,Normale,Deux véhicules - côté,4,1,2,0,1,1,1,0,1,50,,2,1,0,0,1,41.0,29.0,,,1,2,2,1,3
202100041409,2021-05-04 20:20:00,2021,5,4,20,20,75,75113,PONT CHARLES DE GAULLE,48.842455,2.368899,Crépuscule ou aube,En agglomération,Hors intersection,Normale,Deux véhicules - côté,4,1,2,3,1,1,1,2,1,50,,2,1,0,0,1,22.0,23.0,,,2,2,1,1,3
202100041410,2021-05-04 19:41:00,2021,5,4,19,41,75,75108,AVENUE WINSTON CHURCHILL,48.867747,2.313977,Plein jour,En agglomération,Intersection en X,Normale,Deux véhicules - côté,4,2,6,0,1,1,1,0,1,50,,2,1,0,0,1,53.0,43.0,,,1,2,2,1,3
202100041411,2021-05-04 17:55:00,2021,5,4,17,55,75,75108,RUE DE LISBONNE,48.877707,2.314514,Plein jour,En agglomération,Hors intersection,Normale,Deux véhicules - côté,4,1,1,0,2,1,1,0,1,50,,2,1,0,0,1,36.0,39.0,,,1,2,1,1,3
202100041412,2021-05-04 14:25:00,2021,5,4,14,25,75,75108,PLACE CHARLES DE GAULLE,48.873827,2.295921,Plein jour,En agglomération,Place,Normale,Deux véhicules - côté,4,1,6,0,1,1,1,0,1,50,,2,1,0,0,1,30.0,53.0,,,1,2,7,1,3
202100041413,2021-05-04 13:00:00,2021,5,4,13,0,75,75101,RUE DE RIVOLI,48.863032,2.334491,Plein jour,En agglomération,Hors intersection,Normale,Autre collision,4,2,3,1,1,1,1,9,5,50,,1,0,0,0,1,45.0,,,,1,2,1,1,6
202100041414,2021-05-03 23:00:00,2021,5,3,23,0,75,75102,RUE REAUMUR,48.868041,2.344203,Nuit avec éclairage allumé,En agglomération,Hors intersection,Normale,Sans collision,4,1,3,0,1,1,1,0,1,50,,2,1,0,0,1,21.0,,,,5,2,1,1,7
202100041415,2021-05-04 19:00:00,2021,5,4,19,0,93,93071,Impasse Limanton,48.93147,2.51487,Plein jour,En agglomération,Hors intersection,Normale,Deux véhicules - arrière,4,2,2,0,2,1,1,0,1,30,,2,1,0,0,1,26.0,34.0,,,1,2,1,1,2
202100041416,2021-05-04 17:00:00,2021,5,4,17,0,93,93050,Rue du 19 Mars 1962,48.863028,2.532704,Plein jour,En agglomération,Hors intersection,Normale,Deux véhicules - côté,4,2,2,0,1,1,1,0,1,50,,2,1,0,0,1,59.0,44.0,,,1,2,1,1,3
202100041417,2021-05-04 01:55:00,2021,5,4,1,55,93,93048,Boulevard Aristide Briand / Rue Jean Baptiste Lamarck,48.87055,2.45109,Nuit avec éclairage allumé,En agglomération,Intersection en T,Normale,Autre collision,3,2,2,0,1,1,1,8,1,50,,1,0,0,0,1,47.0,,,,5,2,3,1,6
202100041418,2021-05-04 19:20:00,2021,5,4,19,20,93,93046,MARE AU CHANVRE CHEMIN,48.92665,2.53786,Plein jour,En agglomération,Autre intersection,Normale,Deux véhicules - côté,4,2,2,0,1,1,1,0,1,50,,2,1,0,0,1,73.0,17.0,,,1,2,9,1,3
202100041419,2021-05-04 08:30:00,2021,5,4,8,30,93,93015,COTTAGE RUE DU,48.91,2.56,Plein jour,En agglomération,Intersection en X,Temps couvert,Deux véhicules - côté,4,2,2,0,2,1,2,0,1,50,,2,1,0,0,1,37.0,27.0,,,1,2,2,8,3
202100041420,2021-05-03 17:44:00,2021,5,3,17,44,93,93063,Avenue Paul Vaillant - Couturier,48.88506,2.43413,Plein jour,En agglomération,Hors intersection,Normale,Deux véhicules - côté,3,2,2,0,1,1,1,6,1,30,,2,1,0,0,1,19.0,19.0,,,1,2,1,1,3
202100041421,2021-05-04 18:40:00,2021,5,4,18,40,93,93007,"""PAUL VAILLANT COUTURIER (AVENUE """"DU 01",48.92695,2.47214,Plein jour,En agglomération,Hors intersection,Normale,Autre collision,3,-1,2,0,1,1,1,0,1,50,,2,1,0,0,1,,,,,1,2,1,1,6
202100041422,2021-05-04 18:20:00,2021,5,4,18,20,93,93001,Rue Elisee Reclus,48.91687,2.40107,Plein jour,En agglomération,Hors intersection,Temps couvert,Autre collision,4,1,1,0,1,1,1,0,1,50,,2,1,0,0,1,33.0,,,,1,2,1,8,6
202100041423,2021-05-03 13:55:00,2021,5,3,13,55,92,92046,CAMELINAT,48.81596,2.29533,Plein jour,En agglomération,Giratoire,Normale,Deux véhicules - côté,3,1,1,0,1,2,1,5,1,50,,2,0,0,0,2,51.0,50.0,,,1,2,6,1,3
202100041424,2021-05-04 08:10:00,2021,5,4,8,10,92,92063,ALBERT 1ER (AVENUE),48.8853465392,2.1722025036,Plein jour,En agglomération,Hors intersection,Vent fort / tempête,Autre collision,4,1,1,0,1,1,1,0,1,50,,2,1,0,0,1,26.0,,,,1,2,1,6,6
202100041425,2021-05-03 08:15:00,2021,5,3,8,15,92,92051,"ROULE (AVENUE DU, N° 29 A 91 ET 30 A 86)",48.8818,2.28046,Plein jour,En agglomération,Autre intersection,Normale,Deux véhicules - côté,4,2,2,0,1,1,1,9,1,50,,2,1,0,0,1,61.0,44.0,,,1,2,9,1,3
202100041426,2021-05-04 10:15:00,2021,5,4,10,15,92,92062,POMPIDOU (AV GEORGES) N°2 A 18,48.8753994909,2.2329162061,Plein jour,En agglomération,Hors intersection,Normale,Deux véhicules - côté,4,2,0,0,1,1,1,0,1,50,,2,1,0,0,1,48.0,35.0,,,1,2,1,1,3
202100041427,2021-05-04 13:05:00,2021,5,4,13,5,92,92026,COLOMBES,48.90453,2.25584,Plein jour,En agglomération,Intersection en T,Normale,Deux véhicules - côté,3,2,3,3,1,1,1,0,1,50,,2,1,0,0,1,49.0,41.0,,,1,2,3,1,3
202100041428,2021-05-03 20:15:00,2021,5,3,20,15,92,92025,GABRIEL PERI (RUE),48.9157416731,2.2324374318,Plein jour,En agglomération,Intersection en X,Normale,Deux véhicules - côté,4,2,2,0,1,1,1,0,1,50,,2,1,0,0,1,19.0,58.0,,,1,2,2,1,3
202100041429,2021-05-03 16:45:00,2021,5,3,16,45,92,92025,VALMY (BD DE),48.9255728366,2.2528731823,Plein jour,En agglomération,Hors intersection,Normale,Deux véhicules - côté,3,-1,2,0,1,1,1,0,1,50,,3,1,0,0,2,34.0,47.0,,,1,2,1,1,3
202100041430,2021-05-02 16:02:00,2021,5,2,16,2,92,92025,CHARLES DE GAULLE (BD),48.9145640465,2.2289586067,Plein jour,En agglomération,Intersection en T,Pluie légère,Deux véhicules - côté,3,2,2,0,1,1,2,5,1,50,,2,1,0,0,1,58.0,23.0,,,1,2,3,2,3
202100041431,2021-05-04 21:00:00,2021,5,4,21,0,92,92024,CLICHY (QUAI DE) DE (8 A 60),48.9034642444,2.2895510545,Crépuscule ou aube,En agglomération,Giratoire,Normale,Deux véhicules - côté,3,2,2,0,1,1,1,2,1,50,,2,1,0,0,1,40.0,37.0,,,2,2,6,1,3
202100041432,2021-05-04 08:45:00,2021,5,4,8,45,92,92024,MARTRE DE (4 A 54),48.90028,2.30859,Plein jour,En agglomération,Hors intersection,Pluie légère,Trois véhicules et plus - collisions multiples,3,1,2,2,1,1,2,0,1,50,,3,2,0,0,1,38.0,33.0,,,1,2,1,2,5
202100041433,2021-05-04 20:00:00,2021,5,4,20,0,92,92012,ALPHONSE LE GALLO (QUAI) 1/34,48.83256,2.22755,Plein jour,En agglomération,Intersection en T,Normale,Deux véhicules - arrière,3,3,4,0,1,1,1,0,1,50,,2,1,0,0,1,31.0,29.0,,,1,2,3,1,2
202100041434,2021-05-04 18:50:00,2021,5,4,18,50,01,01361,RD 65B,45.847142,5.189323,Plein jour,Hors agglomération,Intersection en X,Normale,Deux véhicules - frontale,3,2,2,0,1,1,1,0,1,80,,4,3,0,1,0,18.0,68.0,,,1,1,2,1,1
202100041435,2021-05-05 14:43:00,2021,5,5,14,43,26,26096,4 Impasse de la Forge,45.07673,4.957516,Plein jour,Hors agglomération,Hors intersection,Normale,Deux véhicules - côté,4,2,2,0,1,1,1,0,1,80,,2,1,0,1,0,27.0,71.0,,,1,1,1,1,3
202100041436,2021-05-04 22:15:00,2021,5,4,22,15,25,25298,A36,47.343265,6.297451,Nuit sans éclairage public,Hors agglomération,Hors intersection,Pluie légère,Autre collision,1,3,4,0,4,3,2,0,1,130,,2,1,1,0,0,49.0,,,,3,1,1,2,6
202100041437,2021-05-04 15:45:00,2021,5,4,15,45,43,43117,RN 102,45.24353,3.448591,Plein jour,Hors agglomération,Hors intersection,Normale,Trois véhicules et plus - en chaîne,2,2,2,0,1,1,1,8,1,80,,6,2,0,0,4,26.0,25.0,,,1,1,1,1,4