accident_id,datetime,annee,mois,jour,heure,minute,departement,commune_insee,adresse,latitude,longitude,luminosite,agglomeration,intersection,meteo,collision,catr,circ,nbv,vosp,prof,plan,surf,infra,situ,vma,nb_vehicules,nb_usagers,nb_indemnes,nb_tues,nb_blesses_hosp,nb_blesses_legers,age_cond_1,age_cond_2,veh_type_cond_1,veh_type_cond_2,lum_code,agg_code,int_code,atm_code,col_code
202100041438,2021-05-05 05:00:00,2021,5,5,5,0,11,11069,"PK 325, Autoroute A.61",43.1921681495,2.3706419021,Nuit sans éclairage public,Hors agglomération,Autre intersection,Pluie légère,Sans collision,1,3,5,0,3,3,2,9,8,130,,1,0,0,0,1,44.0,,,,3,1,9,2,7
202100041439,2021-05-05 07:00:00,2021,5,5,7,0,33,33327,D1113,44.64967,-0.354234,Plein jour,En agglomération,Intersection en X,Normale,Deux véhicules - frontale,3,2,3,0,1,1,2,0,1,50,,2,1,0,1,0,17.0,64.0,,,1,2,2,1,1
202100041440,2021-05-03 16:10:00,2021,5,3,16,10,17,17172,28 Rue de la Sablière,45.560178,-0.656019,Plein jour,Hors agglomération,Intersection en T,Normale,Deux véhicules - frontale,3,2,2,0,1,2,1,0,1,50,,3,1,0,0,2,47.0,26.0,,,1,1,3,1,1
202100041441,2021-05-05 15:15:00,2021,5,5,15,15,81,81133,D71,43.861111,2.159605,Plein jour,Hors agglomération,Hors intersection,Temps couvert,Sans collision,3,2,2,0,1,1,1,0,3,80,,1,0,0,1,0,52.0,,,,1,1,1,8,7
202100041442,2021-05-02 09:00:00,2021,5,2,9,0,974,97422,rn3,-21.275481,55.525471,Plein jour,En agglomération,Intersection en T,Normale,Deux véhicules - côté,2,2,2,0,4,4,1,0,1,50,,2,1,0,1,0,66.0,75.0,,,1,2,3,1,3
202100041443,2021-05-04 20:00:00,2021,5,4,20,0,972,97207,RN 6 - Bois rouge,14.602605,-60.964057,Nuit sans éclairage public,Hors agglomération,Hors intersection,Normale,Deux véhicules - frontale,2,3,2,0,1,3,1,9,8,80,,2,1,0,1,0,30.0,25.0,,,3,1,1,1,1
202100041444,2021-05-04 19:45:00,2021,5,4,19,45,28,28158,D114,48.407298,1.393118,Plein jour,Hors agglomération,Hors intersection,Normale,Sans collision,3,2,2,1,1,2,1,0,1,80,,1,0,0,1,0,48.0,,,,1,1,1,1,7
202100041445,2021-05-05 14:30:00,2021,5,5,14,30,2B,2B049,route départementale 81,42.479694,8.7746,Plein jour,Hors agglomération,Hors intersection,Normale,Sans collision,3,2,2,0,2,2,1,0,1,80,,2,0,0,0,2,47.0,,,,1,1,1,1,7
202100041446,2021-05-05 11:30:00,2021,5,5,11,30,33,33492,119 avenue du général de gaulle,45.139986,-0.410102,Plein jour,En agglomération,Intersection en T,Normale,Deux véhicules - frontale,3,2,2,0,1,1,1,0,1,30,,3,0,1,0,2,75.0,65.0,,,1,2,3,1,1
202100041447,2021-05-05 07:20:00,2021,5,5,7,20,33,33252,,44.803915,-0.393019,Crépuscule ou aube,En agglomération,Hors intersection,Pluie légère,Deux véhicules - frontale,3,2,2,0,1,1,2,0,1,50,,2,1,0,1,0,31.0,48.0,,,2,2,1,2,1
202100041448,2021-05-05 15:45:00,2021,5,5,15,45,71,71559,"D.987 - Lieu-dit ""La  Velle""",46.280114,4.364018,Plein jour,Hors agglomération,Hors intersection,Normale,Autre collision,3,2,2,0,1,2,1,0,3,80,,1,0,1,0,0,38.0,,,,1,1,1,1,6
202100041449,2021-05-04 22:00:00,2021,5,4,22,0,63,63282,Route départementale 978,45.6042035254,3.152846515,Nuit sans éclairage public,Hors agglomération,Hors intersection,Normale,Autre collision,3,2,2,0,1,1,1,0,1,80,,1,0,0,1,0,31.0,,,,3,1,1,1,6
202100041450,2021-04-30 16:30:00,2021,4,30,16,30,31,31177,Village,42.926978,0.683947,Plein jour,En agglomération,Hors intersection,Normale,Autre collision,3,2,2,0,1,1,1,2,1,50,,1,0,1,0,0,80.0,,,,1,2,1,1,6
202100041451,2021-04-12 16:30:00,2021,4,12,16,30,38,38175,D528,45.2569650647,5.916159153,Plein jour,Hors agglomération,Hors intersection,Normale,Autre collision,3,2,2,0,1,3,1,0,8,70,,2,1,0,1,0,18.0,,,,1,1,1,1,6
202100041452,2021-05-04 22:15:00,2021,5,4,22,15,02,02095,100 Rue Jean Jaurès,49.986772,3.447218,Nuit avec éclairage allumé,En agglomération,Hors intersection,Normale,Autre collision,4,2,2,0,2,1,1,9,1,50,,1,0,0,0,1,29.0,,,,5,2,1,1,6
202100041453,2021-05-05 05:55:00,2021,5,5,5,55,03,03132,D989,46.382472,3.572305,Nuit sans éclairage public,Hors agglomération,Hors intersection,Pluie légère,Sans collision,3,2,2,0,1,1,2,0,3,90,,1,0,1,0,0,55.0,,,,3,1,1,2,7
202100041454,2021-03-27 14:50:00,2021,3,27,14,50,83,83025,D560,43.526086,5.960941,Plein jour,Hors agglomération,Hors intersection,Normale,Deux véhicules - côté,3,2,2,0,1,2,1,0,1,80,,2,1,0,0,1,50.0,,,,1,1,1,1,3
202100041455,2021-05-05 15:43:00,2021,5,5,15,43,60,60497,D938,49.4905,2.312011,Plein jour,Hors agglomération,Hors intersection,Normale,Deux véhicules - arrière,3,2,2,0,1,2,1,0,1,80,,2,0,0,0,2,56.0,23.0,,,1,1,1,1,2
202100041456,2021-04-02 13:15:00,2021,4,2,13,15,07,07201,D 111,44.428953,4.331896,Plein jour,Hors agglomération,Hors intersection,Normale,Deux véhicules - côté,3,2,2,0,1,1,1,0,1,-1,,2,1,0,1,0,63.0,24.0,,,1,1,1,1,3
202100041457,2021-04-30 09:30:00,2021,4,30,9,30,17,17397,D114,45.860697,-0.660483,Plein jour,Hors agglomération,Intersection en X,Normale,Autre collision,3,2,2,0,2,1,1,0,1,80,,2,1,0,1,0,47.0,92.0,,,1,1,2,1,6
202100041458,2021-05-04 15:10:00,2021,5,4,15,10,52,52208,D417,47.940842,5.834979,Plein jour,En agglomération,Intersection en X,Pluie légère,Deux véhicules - frontale,3,2,2,0,2,3,2,0,1,50,,3,2,0,0,1,26.0,40.0,,,1,2,2,2,1
202100041459,2021-05-04 12:35:00,2021,5,4,12,35,52,52058,D44,48.204273,5.148817,Plein jour,Hors agglomération,Intersection en X,Pluie légère,Deux véhicules - côté,3,2,2,0,1,1,2,0,1,70,,2,1,0,0,1,31.0,57.0,,,1,1,2,2,3
202100041460,2021-05-05 08:50:00,2021,5,5,8,50,13,13051,D113,43.589083,5.11883,Plein jour,Hors agglomération,Hors intersection,Pluie légère,Deux véhicules - frontale,7,2,2,0,2,1,2,0,1,70,,1,0,1,0,0,17.0,,,,1,1,1,2,1
202100041461,2021-05-03 10:00:00,2021,5,3,10,0,34,34022,A709,43.665737,4.005589,Plein jour,Hors agglomération,Hors intersection,Normale,Deux véhicules - côté,1,3,4,0,1,1,1,0,1,90,,2,1,0,1,0,63.0,69.0,,,1,1,1,1,3
202100041462,2021-05-05 20:00:00,2021,5,5,20,0,77,77044,rd 408,48.546231,2.856059,Plein jour,Hors agglomération,Hors intersection,Normale,Sans collision,3,2,2,0,1,1,1,0,3,90,,1,0,1,0,0,46.0,,,,1,1,1,1,7
202100041463,2021-05-04 08:10:00,2021,5,4,8,10,89,89085,d606,47.936688,3.503931,Plein jour,Hors agglomération,Hors intersection,Normale,Trois véhicules et plus - collisions multiples,3,2,3,0,1,1,1,0,1,90,,3,2,0,1,0,29.0,58.0,,,1,1,1,1,5
202100041464,2021-05-01 14:35:00,2021,5,1,14,35,89,89055,CD84,47.998069,3.616341,Plein jour,En agglomération,Hors intersection,Normale,Sans collision,3,2,2,0,1,1,1,0,1,80,,1,0,0,1,0,21.0,,,,1,2,1,1,7
202100041465,2021-05-02 17:25:00,2021,5,2,17,25,38,38467,43 Chemin des Champagnes,45.668885,5.365679,Plein jour,En agglomération,Intersection en T,Normale,Deux véhicules - arrière,3,2,2,0,1,1,1,0,1,50,,2,1,0,1,0,16.0,20.0,,,1,2,3,1,2
202100041466,2021-05-05 15:45:00,2021,5,5,15,45,01,01403,Route départementale 19 - PK/PR 05+946,45.813412,5.451558,Plein jour,Hors agglomération,Hors intersection,Normale,Deux véhicules - côté,3,2,2,0,1,1,1,0,1,-1,,3,2,0,1,0,31.0,40.0,,,1,1,1,1,3
202100041467,2021-05-05 18:06:00,2021,5,5,18,6,79,79048,,46.369648,-0.283622,Plein jour,Hors agglomération,Intersection en Y,Normale,Deux véhicules - côté,3,2,2,0,1,3,1,2,1,80,,2,1,0,1,0,34.0,59.0,,,1,1,4,1,3
202100041468,2021-05-05 08:40:00,2021,5,5,8,40,44,44047,Boulevard de l'Europe,47.215163,-1.715187,Plein jour,En agglomération,Hors intersection,Temps éblouissant,Autre collision,4,2,2,0,1,1,1,0,1,50,,2,1,0,0,1,42.0,,,,1,2,1,7,6
202100041469,2021-05-04 18:00:00,2021,5,4,18,0,59,59120,Rue du Moulin,50.761518,2.610417,Plein jour,Hors agglomération,Hors intersection,Normale,Sans collision,4,2,2,0,2,1,1,0,3,80,,1,0,0,1,0,35.0,,,,1,1,1,1,7
202100041470,2021-05-03 18:00:00,2021,5,3,18,0,13,13019,A51-Sens Marseille vers Aix en Provence,43.4244,5.37591,Plein jour,Hors agglomération,Hors intersection,Normale,Trois véhicules et plus - en chaîne,1,1,3,0,1,1,1,0,1,90,,3,2,0,0,1,39.0,25.0,,,1,1,1,1,4
202100041471,2021-05-03 07:55:00,2021,5,3,7,55,13,13211,A50-Sens Aubagne vers Marseille,43.2937323176,5.4570932344,Plein jour,Hors agglomération,Hors intersection,Normale,Trois véhicules et plus - collisions multiples,1,1,3,0,1,1,1,0,1,90,,5,3,0,1,1,31.0,62.0,,,1,1,1,1,5
202100041472,2021-05-04 07:35:00,2021,5,4,7,35,83,83137,A57,43.129377,5.977443,Plein jour,Hors agglomération,Hors intersection,Normale,Deux véhicules - arrière,1,3,4,0,1,1,1,0,1,90,,2,1,0,1,0,27.0,31.0,,,1,1,1,1,2
202100041473,2021-05-04 11:25:00,2021,5,4,11,25,33,33039,Echangeur Franc A631,44.805871,-0.5317449,Plein jour,Hors agglomération,Hors intersection,Normale,Autre collision,1,3,6,0,1,1,1,3,1,70,,1,0,0,0,1,44.0,,,,1,1,1,1,6
202100041474,2021-05-04 19:07:00,2021,5,4,19,7,91,91589,AUTOROUTE A6,48.67164,2.34597,Plein jour,Hors agglomération,Hors intersection,Normale,Autre collision,1,3,3,0,2,1,1,0,1,110,,3,1,0,0,2,30.0,,,,1,1,1,1,6
202100041475,2021-05-04 15:15:00,2021,5,4,15,15,91,91179,AUTOROUTE A6,48.56715,2.47292,Plein jour,Hors agglomération,Hors intersection,Pluie légère,Autre collision,1,3,6,0,1,1,2,0,1,110,,1,0,0,0,1,28.0,,,,1,1,1,2,6
202100041476,2021-05-04 16:30:00,2021,5,4,16,30,94,94037,AUTOROUTE A6B,48.8132601417,2.3544788369,Plein jour,Hors agglomération,Hors intersection,Normale,Sans collision,1,3,2,0,3,4,1,1,1,50,,1,0,0,0,1,26.0,,,,1,1,1,1,7
202100041477,2021-05-04 09:25:00,2021,5,4,9,25,91,91617,RN 104 INT / A5A PROVINCE,48.63788,2.5353,Plein jour,Hors agglomération,Hors intersection,Normale,Deux véhicules - arrière,2,1,4,0,1,1,1,0,1,90,,2,0,0,0,2,22.0,37.0,,,1,1,1,1,2
202100041478,2021-05-04 09:00:00,2021,5,4,9,0,92,92036,AUTOROUTE A86,48.93833,2.31208,Plein jour,Hors agglomération,Hors intersection,Normale,Deux véhicules - côté,1,3,6,0,1,1,1,0,1,90,,2,1,0,0,1,47.0,59.0,,,1,1,1,1,3
202100041479,2021-05-03 12:30:00,2021,5,3,12,30,93,93066,AUTOROUTE A86,48.92481,2.34053,Plein jour,Hors agglomération,Hors intersection,Normale,Deux véhicules - arrière,1,3,10,0,1,1,1,0,1,90,,2,1,0,0,1,34.0,55.0,,,1,1,1,1,2
202100041480,2021-05-03 09:30:00,2021,5,3,9,30,95,95572,RN 184,49.03545,2.116929,Plein jour,Hors agglomération,Hors intersection,Normale,Trois véhicules et plus - en chaîne,2,3,6,0,1,1,1,0,1,70,,6,3,0,0,3,21.0,55.0,,,1,1,1,1,4
202100041481,2021-05-04 09:45:00,2021,5,4,9,45,77,77337,A4,48.8298070006,2.6189959847,Plein jour,Hors agglomération,Hors intersection,Temps couvert,Sans collision,1,3,3,0,1,2,2,0,3,90,,1,0,0,0,1,33.0,,,,1,1,1,8,7
202100041482,2021-05-03 13:10:00,2021,5,3,13,10,94,94018,A4,48.82413,2.3946,Plein jour,Hors agglomération,Hors intersection,Normale,Trois véhicules et plus - en chaîne,1,1,10,0,1,1,1,1,1,90,,3,2,0,0,1,25.0,41.0,,,1,1,1,1,4
202100041483,2021-05-03 08:45:00,2021,5,3,8,45,976,97611,kaweni-Centrale EDM (rue de la ),-12.76206,45.22616,Plein jour,En agglomération,Hors intersection,Normale,Autre collision,4,2,0,0,1,1,1,0,1,50,,2,1,0,0,1,26.0,,,,1,2,1,1,6
202100041484,2021-05-03 15:05:00,2021,5,3,15,5,971,97101,VIEUX BOURG,16.24767,-61.53305,Plein jour,En agglomération,Hors intersection,Normale,Autre collision,3,3,2,0,1,3,1,0,1,30,,2,1,0,0,1,79.0,,,,1,2,1,1,6
202100041485,2021-05-03 12:55:00,2021,5,3,12,55,83,83137,A50,43.126582,5.89136,Plein jour,Hors agglomération,Hors intersection,Normale,Autre collision,1,1,5,0,1,1,1,0,1,110,,1,0,0,1,0,56.0,,,,1,1,1,1,6
202100041486,2021-03-04 08:45:00,2021,3,4,8,45,38,38169,MAIL MARCEL CACHIN,45.19224,5.68763,Plein jour,En agglomération,Intersection en T,Normale,Autre collision,4,2,5,1,1,1,1,0,1,30,,2,1,0,0,1,63.0,,,,1,2,3,1,6
202100041487,2021-01-14 14:30:00,2021,1,14,14,30,13,13209,MAZARGUES (AVENUE DE),43.2484326738,5.3984887357,Plein jour,En agglomération,Hors intersection,Normale,Deux véhicules - côté,4,2,2,0,1,1,1,0,1,50,,3,2,0,0,1,23.0,57.0,,,1,2,1,1,3
202100041488,2021-03-10 15:45:00,2021,3,10,15,45,78,78551,LYAUTEY (DU MARECHAL),48.89498,2.09547,Plein jour,En agglomération,Intersection en T,Normale,Autre collision,3,2,2,0,1,1,1,0,1,50,,2,1,0,0,1,21.0,,,,1,2,3,1,6
202100041489,2021-03-11 12:35:00,2021,3,11,12,35,42,42183,Rue de la Libération,45.403793,4.366387,Plein jour,En agglomération,Autre intersection,Normale,Autre collision,4,1,1,0,1,1,1,0,1,50,,2,1,0,0,1,54.0,,,,1,2,9,1,6
202100041490,2021-02-22 17:50:00,2021,2,22,17,50,59,59599,PAPIN (CHAUSSEE DENIS),50.730429,3.140001,Plein jour,En agglomération,Intersection en X,Normale,Deux véhicules - côté,7,3,4,0,1,1,1,5,1,50,,2,1,0,0,1,31.0,71.0,,,1,2,2,1,3
202100041491,2021-05-03 15:35:00,2021,5,3,15,35,976,97611,Boulevard Younoussa Bamana,-12.78256,45.22355,Plein jour,En agglomération,Intersection en T,Normale,Deux véhicules - côté,4,2,1,0,2,1,1,0,1,50,,2,1,0,0,1,47.0,33.0,,,1,2,3,1,3
202100041492,2021-04-29 18:20:00,2021,4,29,18,20,974,97416,HIPPOLYTE  PIOT (RUE),-21.2975,55.4521,Nuit avec éclairage allumé,En agglomération,Hors intersection,Normale,Deux véhicules - frontale,3,2,2,0,1,1,1,0,1,50,,2,1,0,0,1,64.0,55.0,,,5,2,1,1,1
202100041493,2021-05-03 20:30:00,2021,5,3,20,30,974,97411,DORET 1 (BOULEVARD),-20.89054,55.46158,Nuit avec éclairage non allumé,En agglomération,Hors intersection,Normale,Sans collision,4,2,0,0,1,2,1,0,1,50,,1,0,0,0,1,21.0,,,,4,2,1,1,7
202100041494,2021-05-03 12:50:00,2021,5,3,12,50,973,97302,ROUTE NATIONALE 3,4.90529,-52.31981,Plein jour,En agglomération,Hors intersection,Normale,Trois véhicules et plus - collisions multiples,3,2,2,0,1,1,1,9,1,70,,3,0,0,0,3,39.0,36.0,,,1,2,1,1,5
202100041495,2021-05-03 08:10:00,2021,5,3,8,10,973,97302,DALHIAS (RUE DES) CITE BONHOMME,4.9214643839,-52.3194154501,Plein jour,En agglomération,Intersection en X,Normale,Deux véhicules - côté,4,1,1,0,1,1,1,0,1,50,,2,1,0,0,1,35.0,36.0,,,1,2,2,1,3
202100041496,2021-05-03 07:10:00,2021,5,3,7,10,973,97302,MANGO (ROUTE),4.9298625765,-52.3154157441,Plein jour,En agglomération,Autre intersection,Pluie forte,Autre collision,4,1,2,0,1,1,2,9,1,30,,2,1,0,0,1,22.0,,,,1,2,9,3,6
202100041497,2021-05-03 08:45:00,2021,5,3,8,45,69,69386,LAFAYETTE (CR),45.7637308357,4.8651060462,Plein jour,En agglomération,Hors intersection,Normale,Sans collision,4,3,4,3,1,1,1,0,6,50,,1,0,0,1,0,71.0,,,,1,2,1,1,7
202100041498,2021-05-03 08:05:00,2021,5,3,8,5,69,69276,HECTOR BERLIOZ                          ,45.6681,4.85299,Plein jour,En agglomération,Intersection en X,Normale,Deux véhicules - côté,4,1,1,1,1,1,1,0,1,30,,2,1,0,0,1,59.0,58.0,,,1,2,2,1,3
202100041499,2021-05-01 23:20:00,2021,5,1,23,20,972,97209,CONDORCET (AVENUE),14.6085868929,-61.0830306847,Nuit avec éclairage allumé,En agglomération,Autre intersection,Normale,Autre collision,3,2,2,0,1,3,1,9,1,30,,1,0,0,1,0,24.0,,,,5,2,9,1,6
202100041500,2021-05-02 18:00:00,2021,5,2,18,0,69,69389,ANDREI SAKHAROV                     (AV),45.78779,4.79992,Plein jour,En agglomération,Hors intersection,Normale,Autre collision,4,2,2,0,1,1,1,0,1,50,,2,1,0,0,1,50.0,,,,1,2,1,1,6
202100041501,2021-05-03 08:40:00,2021,5,3,8,40,69,69389,25EME REGIMENT DE TIRAILLEURS SENEGA(AV),45.78589,4.80377,Plein jour,En agglomération,Hors intersection,Normale,Autre collision,7,3,4,3,2,1,1,8,1,50,,2,1,0,0,1,22.0,,,,1,2,1,1,6
202100041502,2021-05-02 15:10:00,2021,5,2,15,10,971,97101,BAIMBRIDGE (ROUTE DE),16.24947,-61.52824,Plein jour,Hors agglomération,Hors intersection,Normale,Autre collision,2,3,3,0,2,1,1,0,1,90,,1,0,0,0,1,52.0,,,,1,1,1,1,6
202100041503,2021-05-02 12:10:00,2021,5,2,12,10,971,97113,RN4 - SECTION RIVIERA,16.21747,-61.49402,Plein jour,Hors agglomération,Hors intersection,Normale,Autre collision,2,1,2,0,1,1,1,0,4,70,,1,0,0,1,0,52.0,,,,1,1,1,1,6
202100041504,2021-05-03 08:30:00,2021,5,3,8,30,95,95598,KELLERMANN    AVENUE,48.9846862015,2.2950580143,Plein jour,En agglomération,Hors intersection,Normale,Deux véhicules - arrière,3,2,2,0,1,1,1,0,1,50,,4,3,0,0,1,31.0,32.0,,,1,2,1,1,2
202100041505,2021-05-03 15:20:00,2021,5,3,15,20,91,91657,AV HENRI BARBUSSE,48.7008,2.42236,Plein jour,En agglomération,Autre intersection,Normale,Deux véhicules - arrière,3,2,2,0,1,1,1,0,1,50,,2,1,0,0,1,81.0,16.0,,,1,2,9,1,2
202100041506,2021-05-02 03:56:00,2021,5,2,3,56,87,87085,PRADES (RUE DES),45.87191,1.29421,Nuit avec éclairage allumé,En agglomération,Hors intersection,Normale,Autre collision,4,2,2,0,1,1,1,0,1,50,,2,1,0,1,0,20.0,,,,5,2,1,1,6
202100041507,2021-04-30 16:50:00,2021,4,30,16,50,87,87085,LECLERC (AVENUE DU GENERAL),45.84019,1.25861,Plein jour,En agglomération,Hors intersection,Normale,Autre collision,4,2,2,0,2,1,1,0,4,50,,2,1,0,0,1,35.0,,,,1,2,1,1,6
202100041508,2021-04-30 17:28:00,2021,4,30,17,28,87,87085,BEL AIR (BOULEVARD DE),45.81973,1.24934,Plein jour,En agglomération,Hors intersection,Normale,Deux véhicules - arrière,4,4,5,0,2,1,1,0,1,50,,2,1,0,0,1,67.0,25.0,,,1,2,1,1,2
202100041509,2021-05-03 08:30:00,2021,5,3,8,30,86,86158,N147,46.628893,0.295558,Plein jour,Hors agglomération,Hors intersection,Normale,Deux véhicules - côté,2,3,4,0,1,1,1,0,1,110,,2,1,0,0,1,31.0,55.0,,,1,1,1,1,3
202100041510,2021-04-23 12:15:00,2021,4,23,12,15,83,83129,Avenue du President John Kennedy,43.1076,5.81707,Plein jour,En agglomération,Hors intersection,Normale,Deux véhicules - côté,7,2,0,0,2,1,1,0,1,50,,2,1,0,1,0,24.0,60.0,,,1,2,1,1,3
202100041511,2021-05-03 14:47:00,2021,5,3,14,47,76,76540,pont mathilde,49.4341057434,1.1050862074,Plein jour,Hors agglomération,Hors intersection,Normale,Autre collision,7,3,6,0,1,1,1,2,1,70,,2,0,0,0,2,90.0,,,,1,1,1,1,6
202100041512,2021-05-03 14:10:00,2021,5,3,14,10,76,76540,MADAGASCAR. RUE DE,49.437,1.06616,Plein jour,En agglomération,Autre intersection,Normale,Autre collision,4,1,2,0,1,2,1,0,1,50,,2,1,0,0,1,76.0,32.0,,,1,2,9,1,6
202100041513,2021-04-30 13:40:00,2021,4,30,13,40,76,76305,ESTUAIRE,49.45773,0.2059,Plein jour,Hors agglomération,Giratoire,Normale,Sans collision,4,2,2,0,1,1,1,0,1,50,,1,0,0,0,1,28.0,,,,1,1,6,1,7
202100041514,2021-05-01 16:10:00,2021,5,1,16,10,76,76026,VERDIER MONETTI (RUE),49.8826,1.14143,Plein jour,En agglomération,Giratoire,Normale,Deux véhicules - côté,3,2,2,0,1,1,1,5,1,30,,2,1,0,0,1,55.0,34.0,,,1,2,6,1,3
202100041515,2021-04-30 15:45:00,2021,4,30,15,45,71,71306,MARECHAL LECLERC (AVENUE DU),46.6811,4.37024,Plein jour,En agglomération,Giratoire,Normale,Deux véhicules - côté,4,-1,0,0,1,1,1,0,1,50,,3,2,0,0,1,58.0,22.0,,,1,2,6,1,3
202100041516,2021-05-03 19:50:00,2021,5,3,19,50,71,71153,MONTCENIS (ROUTE DE),46.8008,4.4116,Plein jour,En agglomération,Hors intersection,Normale,Deux véhicules - côté,3,2,2,0,1,2,1,0,1,50,,2,1,0,1,0,60.0,27.0,,,1,2,1,1,3
202100041517,2021-05-03 14:20:00,2021,5,3,14,20,69,69029,EDOUARD HERRIOT (AV),45.7290750398,4.9013144374,Plein jour,En agglomération,Giratoire,Normale,Sans collision,4,1,1,0,3,1,1,0,1,50,,2,0,0,0,2,30.0,,,,1,2,6,1,7
202100041518,2021-05-03 15:00:00,2021,5,3,15,0,69,69266,JEAN JAURES (R),45.75703,4.88066,Plein jour,En agglomération,Intersection en T,Normale,Deux véhicules - côté,4,2,2,2,1,1,1,0,1,50,,2,1,0,0,1,35.0,26.0,,,1,2,3,1,3
202100041519,2021-05-02 01:00:00,2021,5,2,1,0,67,67482,RHIN TORTU (RUE DU),48.545868,7.758191,Nuit avec éclairage allumé,En agglomération,Intersection en Y,Pluie légère,Deux véhicules - côté,4,2,3,0,1,1,2,0,1,50,,2,1,0,0,1,19.0,38.0,,,5,2,4,2,3
202100041520,2021-04-29 18:30:00,2021,4,29,18,30,67,67482,EDMOND ROSTAND (RUE),48.59067,7.69157,Plein jour,En agglomération,Hors intersection,Normale,Deux véhicules - arrière,4,3,4,0,1,1,1,2,1,50,,2,1,0,0,1,36.0,50.0,,,1,2,1,1,2
202100041521,2021-05-03 14:05:00,2021,5,3,14,5,64,64132,CORPS FRANC POMMIES DU,43.30498,-0.32047,Plein jour,En agglomération,Intersection en X,Normale,Deux véhicules - côté,4,2,0,0,1,1,1,0,1,50,,2,1,0,0,1,47.0,26.0,,,1,2,2,1,3
202100041522,2021-05-03 17:30:00,2021,5,3,17,30,64,64024,BAYONNE (AVENUE DE),43.48257,-1.50565,Plein jour,En agglomération,Hors intersection,Normale,Sans collision,3,2,4,0,1,1,1,0,1,30,,1,0,0,0,1,32.0,,,,1,2,1,1,7
202100041523,2021-05-03 16:30:00,2021,5,3,16,30,64,64102,PONTOTS (GIRATOIRE LES),43.4886,-1.49149,Plein jour,En agglomération,Giratoire,Normale,Deux véhicules - côté,4,4,2,1,1,1,1,0,1,30,,3,2,0,0,1,17.0,33.0,,,1,2,6,1,3
202100041524,2021-04-29 18:39:00,2021,4,29,18,39,63,63032,POURLIAT (ROND-POINT DU),45.74789,3.09469,Plein jour,En agglomération,Giratoire,Normale,Deux véhicules - côté,7,2,2,0,1,1,1,0,1,50,,2,1,0,0,1,19.0,41.0,,,1,2,6,1,3
202100041525,2021-04-29 22:48:00,2021,4,29,22,48,63,63113,FONTGIEVE (RUE),45.78073,3.07667,Nuit avec éclairage allumé,En agglomération,Intersection en X,Normale,Deux véhicules - côté,4,2,3,0,1,1,1,0,1,50,,2,1,0,0,1,26.0,22.0,,,5,2,2,1,3
202100041526,2021-05-03 16:13:00,2021,5,3,16,13,59,59350,IENA RUE,50.62265,3.04882,Plein jour,En agglomération,Intersection en X,Normale,Deux véhicules - côté,4,2,0,0,1,1,1,0,1,30,,2,1,0,0,1,29.0,44.0,,,1,2,2,1,3
202100041527,2021-04-30 20:03:00,2021,4,30,20,3,56,56121,JOFFRE ( BD MARECHAL ),47.75226,-3.36298,Plein jour,En agglomération,Intersection en X,Normale,Deux véhicules - côté,4,3,1,0,1,1,1,0,1,30,,2,1,0,0,1,27.0,22.0,,,1,2,2,1,3
202100041528,2021-04-30 10:55:00,2021,4,30,10,55,56,56121,DE GAULLE ( AVE DU GENERAL ),47.7405,-3.37552,Plein jour,En agglomération,Intersection en T,Normale,Deux véhicules - côté,4,2,2,0,1,1,1,0,1,50,,2,1,0,0,1,43.0,71.0,,,1,2,3,1,3
202100041529,2021-05-03 16:15:00,2021,5,3,16,15,51,51454,Avenue Brébant,49.2591182599,4.0095763764,Plein jour,En agglomération,Hors intersection,Normale,Trois véhicules et plus - en chaîne,4,2,2,2,1,1,1,2,1,50,,3,2,0,0,1,33.0,25.0,,,1,2,1,1,4
202100041530,2021-05-01 19:25:00,2021,5,1,19,25,51,51454,Rue Olympe de Gouges,49.23039,4.008,Plein jour,En agglomération,Hors intersection,Normale,Sans collision,4,2,1,0,2,1,1,0,8,50,,1,0,0,1,0,37.0,,,,1,2,1,1,7
202100041531,2021-03-01 09:05:00,2021,3,1,9,5,42,42044,Rue Remy Moise,45.4031791318,4.3511156514,Plein jour,En agglomération,Hors intersection,Normale,Autre collision,4,2,2,0,1,2,1,0,1,50,,2,1,0,0,1,28.0,,,,1,2,1,1,6
202100041532,2021-05-03 09:45:00,2021,5,3,9,45,37,37233,ATELIERS (RUE DES),47.3862887311,0.7153397204,Plein jour,En agglomération,Intersection en T,Normale,Deux véhicules - côté,4,2,2,0,1,1,1,0,1,50,,4,3,0,0,1,57.0,24.0,,,1,2,3,1,3
202100041533,2021-05-03 09:12:00,2021,5,3,9,12,37,37261,ROUZIERS (ROUTE DE),47.4338398117,0.6743996144,Plein jour,En agglomération,Intersection en T,Normale,Trois véhicules et plus - en chaîne,7,2,2,0,2,1,1,0,1,50,,5,4,0,0,1,44.0,32.0,,,1,2,3,1,4
202100041534,2021-05-02 10:31:00,2021,5,2,10,31,37,37122,JEAN JAURES,47.3487678289,0.6632523536,Plein jour,En agglomération,Intersection en X,Normale,Deux véhicules - frontale,4,2,3,0,1,1,1,0,1,50,,6,5,0,0,1,25.0,36.0,,,1,2,2,1,1
202100041535,2021-04-27 17:30:00,2021,4,27,17,30,34,34301,VERDUN (BOULEVARD DE),43.4118,3.6812,Plein jour,En agglomération,Intersection en T,Normale,Deux véhicules - côté,3,2,3,0,1,1,1,0,1,50,,3,1,0,1,1,56.0,42.0,,,1,2,3,1,3