accident_id,datetime,annee,mois,jour,heure,minute,departement,commune_insee,adresse,latitude,longitude,luminosite,agglomeration,intersection,meteo,collision,catr,circ,nbv,vosp,prof,plan,surf,infra,situ,vma,nb_vehicules,nb_usagers,nb_indemnes,nb_tues,nb_blesses_hosp,nb_blesses_legers,age_cond_1,age_cond_2,veh_type_cond_1,veh_type_cond_2,lum_code,agg_code,int_code,atm_code,col_code
202100041536,2021-05-03 17:35:00,2021,5,3,17,35,31,31555,ECHANGEUR SESQUIERES (A62-A620),43.64846,1.42403,Plein jour,En agglomération,Hors intersection,Normale,Trois véhicules et plus - collisions multiples,7,2,1,0,1,1,1,0,1,50,,4,3,0,0,1,59.0,41.0,,,1,2,1,1,5
202100041537,2021-05-03 11:15:00,2021,5,3,11,15,31,31149,EN SIGAL (CHEMIN D'),43.60572,1.32594,Plein jour,En agglomération,Intersection en T,Normale,Deux véhicules - côté,4,1,3,0,1,1,1,5,1,50,,2,1,0,0,1,52.0,48.0,,,1,2,3,1,3
202100041538,2021-05-03 09:10:00,2021,5,3,9,10,31,31555,AV DE LARDENNE,43.590151,1.37856,Plein jour,En agglomération,Hors intersection,Normale,Autre collision,7,2,0,1,1,1,1,0,1,50,,2,1,0,0,1,38.0,,,,1,2,1,1,6
202100041539,2021-05-03 07:10:00,2021,5,3,7,10,28,28085,MERMOZ (RUE JEAN),48.45027,1.50938,Crépuscule ou aube,En agglomération,Hors intersection,Temps éblouissant,Deux véhicules - arrière,4,2,3,0,2,1,1,0,1,70,,2,1,0,0,1,51.0,25.0,,,2,2,1,7,2
202100041540,2021-05-03 08:25:00,2021,5,3,8,25,27,27229,FAUVILLE (RUE DE),49.02842,1.18431,Plein jour,En agglomération,Hors intersection,Normale,Deux véhicules - arrière,4,3,2,0,1,1,1,0,1,50,,4,1,0,0,3,30.0,47.0,,,1,2,1,1,2
202100041541,2021-05-03 12:10:00,2021,5,3,12,10,26,26198,Route Nationale 7,44.54118,4.7305,Plein jour,Hors agglomération,Hors intersection,Normale,Deux véhicules - arrière,2,2,2,0,1,1,1,0,3,80,,3,2,0,1,0,15.0,37.0,,,1,1,1,1,2
202100041542,2021-05-03 22:45:00,2021,5,3,22,45,25,25056,BLUM BOULEVARD LEON (sup 90),47.259334,6.028621,Nuit avec éclairage allumé,En agglomération,Intersection en X,Normale,Deux véhicules - côté,4,3,4,0,1,1,1,5,1,50,,3,0,0,0,3,47.0,21.0,,,5,2,2,1,3
202100041543,2021-04-29 09:30:00,2021,4,29,9,30,24,24322,COMBES DES DAMES (RUE),45.1896,0.72019,Plein jour,En agglomération,Intersection en X,Pluie légère,Deux véhicules - côté,4,2,2,0,1,1,2,0,1,30,,2,1,0,1,0,24.0,76.0,,,1,2,2,2,3
202100041544,2021-04-24 18:25:00,2021,4,24,18,25,18,18205,COUPANCES (RUE DES),47.10599,2.36144,Plein jour,En agglomération,Intersection en T,Normale,Deux véhicules - côté,4,2,2,0,1,1,1,0,1,50,,2,1,0,1,0,10.0,44.0,,,1,2,3,1,3
202100041545,2021-05-02 17:00:00,2021,5,2,17,0,16,16089,Avenue de Barbezieux,45.680703,-0.328473,Plein jour,En agglomération,Intersection en T,Normale,Deux véhicules - côté,3,2,2,0,1,1,1,0,1,50,,3,1,0,1,1,30.0,36.0,,,1,2,3,1,3
202100041546,2021-05-02 16:45:00,2021,5,2,16,45,11,11069,BUNAU VARILLA -AV-,43.20776,2.33692,Plein jour,En agglomération,Intersection en X,Normale,Deux véhicules - côté,3,2,2,0,1,1,1,5,1,50,,3,2,0,0,1,30.0,71.0,,,1,2,2,1,3
202100041547,2021-05-03 10:00:00,2021,5,3,10,0,06,06069,MARIGARDE (ROUTE DE LA),43.655126,6.940022,Plein jour,En agglomération,Hors intersection,Normale,Autre collision,3,2,2,0,1,1,1,0,1,50,,3,2,0,0,1,42.0,49.0,,,1,2,1,1,6
202100041548,2021-04-30 14:26:00,2021,4,30,14,26,05,05061,VEYNES ( AVENUE DE  ),44.55783,6.07147,Plein jour,En agglomération,Hors intersection,Pluie légère,Autre collision,3,-1,2,0,2,2,2,0,1,30,,3,1,0,0,2,23.0,,,,1,2,1,2,6
202100041549,2021-05-03 17:05:00,2021,5,3,17,5,75,75120,PORTE DE BAGNOLET,48.868742,2.413252,Plein jour,En agglomération,Hors intersection,Normale,Deux véhicules - arrière,4,1,4,0,1,1,1,0,1,70,,2,1,0,0,1,33.0,32.0,,,1,2,1,1,2
202100041550,2021-05-02 14:00:00,2021,5,2,14,0,75,75111,AVENUE DE LA REPUBLIQUE,48.864024,2.381077,Plein jour,En agglomération,Intersection en X,Normale,Deux véhicules - côté,4,2,2,1,2,1,2,5,1,50,,3,2,0,0,1,37.0,26.0,,,1,2,2,1,3
202100041551,2021-05-03 12:11:00,2021,5,3,12,11,75,75120,AVENUE DE LA PORTE DES LILAS,48.877968,2.409539,Plein jour,En agglomération,Intersection en X,Normale,Deux véhicules - côté,4,2,2,0,1,3,1,0,1,50,,2,1,0,0,1,60.0,22.0,,,1,2,2,1,3
202100041552,2021-05-03 14:20:00,2021,5,3,14,20,75,75119,PLACE AUGUSTE BARON,48.900673,2.387033,Plein jour,En agglomération,Place,Normale,Autre collision,4,2,4,0,1,3,8,0,1,50,,3,1,0,0,2,41.0,32.0,,,1,2,7,1,6
202100041553,2021-05-03 14:00:00,2021,5,3,14,0,75,75119,PLACE ARMAND CARREL,48.882549669,2.3816935426,Plein jour,En agglomération,Intersection en X,Normale,Autre collision,4,-1,0,0,1,1,1,6,4,1,,2,0,0,0,2,20.0,,,,1,2,2,1,6
202100041554,2021-05-03 17:48:00,2021,5,3,17,48,75,75117,RUE FOURCROY,48.880895,2.297544,Plein jour,En agglomération,Intersection en X,Normale,Autre collision,4,1,2,0,1,1,1,0,1,30,,2,1,0,0,1,54.0,,,,1,2,2,1,6
202100041555,2021-05-03 09:20:00,2021,5,3,9,20,75,75116,AVENUE MARCEAU,48.869676,2.298204,Plein jour,En agglomération,Intersection en X,Normale,Deux véhicules - côté,4,2,2,0,2,1,1,0,1,50,,2,1,0,0,1,,44.0,,,1,2,2,1,3
202100041556,2021-05-03 09:15:00,2021,5,3,9,15,75,75115,AVENUE DE LA PORTE DE LA PLAINE,48.827843,2.292335,Plein jour,En agglomération,Place,Normale,Trois véhicules et plus - collisions multiples,4,2,2,0,1,1,1,0,1,50,,4,3,0,0,1,52.0,41.0,,,1,2,7,1,5
202100041557,2021-05-03 18:50:00,2021,5,3,18,50,75,75114,RUE FRIANT,48.823869,2.323272,Plein jour,En agglomération,Intersection en T,Normale,Deux véhicules - côté,4,-1,1,0,1,1,1,0,1,50,,4,3,0,0,1,47.0,22.0,,,1,2,3,1,3
202100041558,2021-05-03 19:45:00,2021,5,3,19,45,75,75113,BOULEVARD VINCENT AURIOL,48.831693,2.357947,Plein jour,En agglomération,Intersection en T,Normale,Deux véhicules - côté,4,1,2,0,1,1,1,0,1,50,,2,1,0,0,1,49.0,29.0,,,1,2,3,1,3
202100041559,2021-05-03 09:00:00,2021,5,3,9,0,75,75108,PLACE DU CANADA,48.864921,2.310322,Plein jour,En agglomération,Place,Normale,Deux véhicules - frontale,4,2,2,1,1,1,1,0,5,30,,2,1,0,0,1,53.0,51.0,,,1,2,7,1,1
202100041560,2021-05-03 11:58:00,2021,5,3,11,58,75,75107,RUE AMELIE,48.858521,2.307632,Plein jour,En agglomération,Hors intersection,Temps couvert,Autre collision,4,1,1,0,1,1,1,0,1,30,,2,1,0,0,1,36.0,,,,1,2,1,8,6
202100041561,2021-05-02 10:35:00,2021,5,2,10,35,75,75101,RUE DE RIVOLI,48.86373,2.332234,Plein jour,En agglomération,Intersection en X,Temps éblouissant,Autre collision,4,2,5,1,1,1,1,0,5,50,,1,0,0,0,1,53.0,,,,1,2,2,7,6
202100041562,2021-05-03 18:05:00,2021,5,3,18,5,94,94078,Avenue Léo Lagrange,48.73069,2.459298,Plein jour,En agglomération,Hors intersection,Normale,Deux véhicules - côté,4,2,0,0,1,1,1,0,1,30,,2,1,0,0,1,39.0,60.0,,,1,2,1,1,3
202100041563,2021-05-02 19:00:00,2021,5,2,19,0,94,94046,Avenue de la République,48.8106,2.45707,Crépuscule ou aube,En agglomération,Autre intersection,Normale,Trois véhicules et plus - en chaîne,3,2,2,0,1,1,1,2,1,50,,6,4,0,0,2,28.0,43.0,,,2,2,9,1,4
202100041564,2021-05-03 16:00:00,2021,5,3,16,0,94,94016,Avenue de la Division Leclerc,48.78498,2.32853,Plein jour,En agglomération,Hors intersection,Normale,Autre collision,3,2,2,1,1,1,1,0,5,50,,2,1,0,0,1,29.0,21.0,,,1,2,1,1,6
202100041565,2021-05-03 08:15:00,2021,5,3,8,15,94,94048,GUE (R DU),48.72772,2.54721,Plein jour,Hors agglomération,Hors intersection,Normale,Trois véhicules et plus - en chaîne,2,2,2,0,2,1,1,0,1,80,,3,1,0,0,2,33.0,35.0,,,1,1,1,1,4
202100041566,2021-05-03 18:00:00,2021,5,3,18,0,93,93070,Avenue Michelet,48.9123539144,2.3442650566,Plein jour,En agglomération,Hors intersection,Normale,Deux véhicules - côté,3,-1,0,0,1,1,1,0,1,50,,3,2,0,0,1,33.0,37.0,,,1,2,1,1,3
202100041567,2021-05-03 14:20:00,2021,5,3,14,20,93,93066,WILSON (AVENUE DU PRESIDENT),48.9068,2.3588,Plein jour,En agglomération,Hors intersection,Normale,Deux véhicules - côté,3,1,2,3,1,1,1,0,1,50,,2,1,0,0,1,41.0,24.0,,,1,2,1,1,3
202100041568,2021-05-03 08:30:00,2021,5,3,8,30,93,93066,Boulevard Anatole France,48.926031,2.351232,Plein jour,En agglomération,Autre intersection,Normale,Trois véhicules et plus - collisions multiples,3,2,4,1,1,1,1,9,1,50,,3,2,0,0,1,23.0,23.0,,,1,2,9,1,5
202100041569,2021-05-02 17:10:00,2021,5,2,17,10,93,93066,CASANOVA DANIELLE NR 2 A 50 ET 1 A 19,48.9296,2.3608,Plein jour,En agglomération,Hors intersection,Normale,Deux véhicules - arrière,3,2,5,0,1,1,2,0,1,50,,4,3,0,0,1,21.0,17.0,,,1,2,1,1,2
202100041570,2021-05-02 18:15:00,2021,5,2,18,15,93,93055,JEAN LOLIVE (AVENUE)(1/55 2/60),48.89136,2.4026,Plein jour,En agglomération,Hors intersection,Normale,Deux véhicules - côté,3,-1,1,1,1,1,1,0,1,50,,2,1,0,1,0,56.0,28.0,,,1,2,1,1,3
202100041571,2021-05-03 21:25:00,2021,5,3,21,25,93,93050,Avenue du 8 Mai 1945,48.864575,2.534903,Nuit avec éclairage allumé,En agglomération,Autre intersection,Normale,Deux véhicules - côté,4,2,2,0,1,1,1,0,1,30,,2,1,0,0,1,35.0,24.0,,,5,2,9,1,3
202100041572,2021-05-03 05:55:00,2021,5,3,5,55,93,93046,Av du Consul General Nordling / Avenue Charles de Gaulle,48.916488,2.531608,Plein jour,En agglomération,Intersection en X,Normale,Deux véhicules - frontale,3,3,4,0,1,1,1,0,1,50,,2,0,0,0,2,30.0,25.0,,,1,2,2,1,1
202100041573,2021-05-03 14:20:00,2021,5,3,14,20,93,93014,Boulevard Emile Zola / Allee de la Forestiere,48.90657,2.55432,Plein jour,En agglomération,Intersection en T,Normale,Autre collision,4,2,2,0,1,3,1,0,1,30,,2,1,0,1,0,49.0,,,,1,2,3,1,6
202100041574,2021-05-02 17:00:00,2021,5,2,17,0,93,93057,BRIAND (AV. ARISTIDE) 2 A 132,48.90897,2.50189,Plein jour,En agglomération,Hors intersection,Pluie légère,Autre collision,3,1,2,0,1,1,2,0,1,50,,2,1,0,0,1,26.0,,,,1,2,1,2,6
202100041575,2021-05-03 11:09:00,2021,5,3,11,9,93,93008,PARIS (RUE DE),48.89836,2.44162,Plein jour,En agglomération,Intersection en X,Normale,Deux véhicules - côté,3,3,8,0,1,1,1,5,1,50,,3,1,0,0,2,21.0,33.0,,,1,2,2,1,3
202100041576,2021-05-02 20:00:00,2021,5,2,20,0,93,93001,FELIX FAURE (BLD) =>174,48.9114797082,2.3752800255,Plein jour,En agglomération,Hors intersection,Normale,Deux véhicules - frontale,3,2,2,0,1,1,1,0,8,50,,3,2,0,0,1,41.0,38.0,,,1,2,1,1,1
202100041577,2021-05-03 21:00:00,2021,5,3,21,0,92,92046,LOUIS GIRARD (RUE),48.81392,2.28157,Crépuscule ou aube,En agglomération,Hors intersection,Normale,Deux véhicules - frontale,4,2,1,0,1,3,1,0,1,50,,2,1,0,0,1,26.0,,,,2,2,1,1,1
202100041578,2021-05-03 10:30:00,2021,5,3,10,30,92,92062,DE DION BOUTON (QUAI) DU 29 AU 65,48.87868,2.24294,Plein jour,En agglomération,Hors intersection,Normale,Trois véhicules et plus - en chaîne,3,3,6,0,1,1,1,0,1,50,,4,3,0,0,1,33.0,40.0,,,1,2,1,1,4
202100041579,2021-05-03 07:55:00,2021,5,3,7,55,92,92050,FAURE FELIX AVENUE,48.883463953,2.2214430571,Plein jour,En agglomération,Hors intersection,Normale,Sans collision,4,1,1,0,1,1,1,0,1,30,,1,0,0,1,0,38.0,,,,1,2,1,1,7
202100041580,2021-05-03 14:40:00,2021,5,3,14,40,92,92048,ROBERT SCHUMAN (AVENUE),48.7890092262,2.2339252176,Plein jour,En agglomération,Hors intersection,Normale,Autre collision,4,2,2,0,1,2,1,0,1,50,,1,0,0,0,1,53.0,,,,1,2,1,1,6
202100041581,2021-05-03 10:00:00,2021,5,3,10,0,92,92024,HENRI BARBUSSE (RUE) DE (1 A 73)   (2 A,48.8970550592,2.299194932,Plein jour,En agglomération,Hors intersection,Normale,Autre collision,4,2,2,0,1,1,1,1,1,50,,1,0,0,0,1,43.0,,,,1,2,1,1,6
202100041582,2021-05-03 19:30:00,2021,5,3,19,30,44,44202,La Thuelliere,47.47444,-1.254684,Plein jour,Hors agglomération,Hors intersection,Normale,Deux véhicules - frontale,4,2,2,0,2,2,1,0,1,80,,2,1,0,1,0,17.0,44.0,,,1,1,1,1,1
202100041583,2021-05-03 17:45:00,2021,5,3,17,45,74,74152,Route des Gorges,45.902254,6.030829,Plein jour,En agglomération,Hors intersection,Normale,Deux véhicules - frontale,3,2,2,1,2,2,1,0,1,50,,2,1,0,1,0,53.0,33.0,,,1,2,1,1,1
202100041584,2021-05-02 15:00:00,2021,5,2,15,0,42,42198,Route de la Gare,46.009555,3.943034,Plein jour,Hors agglomération,Hors intersection,Normale,Sans collision,3,2,2,0,1,1,1,0,1,70,,1,0,0,1,0,16.0,,,,1,1,1,1,7
202100041585,2021-05-03 10:30:00,2021,5,3,10,30,62,62030,Rue Jules Lefebvre,50.139009,2.395036,Plein jour,En agglomération,Hors intersection,Normale,Sans collision,4,2,2,0,1,1,1,0,1,50,,1,0,0,0,1,32.0,,,,1,2,1,1,7
202100041586,2021-05-03 18:45:00,2021,5,3,18,45,56,56237,Le Meugoet Bihan,48.015978,-2.927753,Plein jour,Hors agglomération,Intersection en T,Normale,Deux véhicules - côté,3,-1,2,0,1,2,1,0,1,50,,2,1,0,1,0,26.0,19.0,,,1,1,3,1,3
202100041587,2021-05-04 09:35:00,2021,5,4,9,35,76,76697,Route de la Vallée,49.79476,1.17315,Plein jour,Hors agglomération,Hors intersection,Vent fort / tempête,Autre collision,3,2,2,0,1,1,1,0,1,50,,1,0,0,0,1,62.0,,,,1,1,1,6,6
202100041588,2021-05-04 17:55:00,2021,5,4,17,55,82,82108,912 Route de Montech,44.080063,1.233945,Plein jour,Hors agglomération,Hors intersection,Normale,Deux véhicules - côté,3,2,2,0,1,1,1,0,1,70,,2,0,1,0,1,71.0,33.0,,,1,1,1,1,3
202100041589,2021-05-03 16:50:00,2021,5,3,16,50,89,89096,Rue Charles de Gaulle,47.898988,3.561845,Plein jour,En agglomération,Intersection en X,Normale,Deux véhicules - côté,3,2,2,0,1,1,1,0,1,50,,2,1,0,0,1,27.0,69.0,,,1,2,2,1,3
202100041590,2021-05-03 15:00:00,2021,5,3,15,0,61,61214,23 Rue des Vaux,48.756037,0.626977,Plein jour,En agglomération,Hors intersection,Normale,Autre collision,4,2,2,0,2,3,1,9,4,50,,1,0,0,1,0,21.0,,,,1,2,1,1,6
202100041591,2021-05-03 08:55:00,2021,5,3,8,55,42,42097,M1082,45.498252,4.317466,Crépuscule ou aube,En agglomération,Intersection en X,Normale,Deux véhicules - frontale,7,2,2,0,2,1,1,5,1,70,,2,1,0,1,0,64.0,77.0,,,2,2,2,1,1
202100041592,2021-05-03 22:40:00,2021,5,3,22,40,41,41139,D152- route des avrays,47.255207,1.52136,Nuit sans éclairage public,Hors agglomération,Hors intersection,Normale,Autre collision,3,2,2,0,2,2,1,0,1,90,,1,0,0,0,1,41.0,,,,3,1,1,1,6
202100041593,2021-04-30 16:30:00,2021,4,30,16,30,68,68201,2 Route de Mulhouse,47.768346,7.006067,Plein jour,En agglomération,Autre intersection,Normale,Trois véhicules et plus - collisions multiples,3,2,2,0,1,1,1,0,1,50,,3,2,0,0,1,23.0,57.0,,,1,2,9,1,5
202100041594,2021-05-03 15:30:00,2021,5,3,15,30,22,22025,Rue du Docteur Quéré,48.403822,-3.426533,Plein jour,En agglomération,Hors intersection,Normale,Deux véhicules - arrière,3,2,2,0,1,1,1,0,1,50,,2,1,0,1,0,52.0,63.0,,,1,2,1,1,2
202100041595,2021-05-04 07:30:00,2021,5,4,7,30,31,31574,990 Avenue de Toulouse,43.441339,1.423668,Plein jour,En agglomération,Hors intersection,Normale,Deux véhicules - côté,3,2,2,0,1,1,1,0,1,50,,2,1,0,1,0,67.0,51.0,,,1,2,1,1,3
202100041596,2021-05-03 09:40:00,2021,5,3,9,40,38,38284,Chemin du Mangeot - RD 73,45.39211,5.226923,Plein jour,Hors agglomération,Intersection en X,Normale,Deux véhicules - côté,3,2,2,0,2,1,1,0,1,80,,2,1,0,1,0,55.0,56.0,,,1,1,2,1,3
202100041597,2021-05-04 11:40:00,2021,5,4,11,40,70,70120,rd 619 - Le ban,47.677106,6.716037,Plein jour,Hors agglomération,Hors intersection,Normale,Autre collision,3,2,2,0,2,2,1,0,3,80,,1,0,0,1,0,19.0,,,,1,1,1,1,6
202100041598,2021-05-03 18:50:00,2021,5,3,18,50,72,72067,La Petite Garlandiere,48.102287,0.443187,Plein jour,Hors agglomération,Hors intersection,Normale,Sans collision,3,2,2,0,1,1,1,0,3,80,,1,0,0,1,0,35.0,,,,1,1,1,1,7
202100041599,2021-05-04 11:44:00,2021,5,4,11,44,72,72253,D23,47.901833,0.059457,Plein jour,Hors agglomération,Hors intersection,Pluie légère,Deux véhicules - frontale,3,2,2,0,1,1,2,0,1,90,,4,2,0,1,1,29.0,24.0,,,1,1,1,2,1
202100041600,2021-05-03 15:30:00,2021,5,3,15,30,05,05017,"ZA les cheminants, PK077.230",44.575948,6.165857,Plein jour,Hors agglomération,Intersection en X,Normale,Trois véhicules et plus - en chaîne,2,2,2,0,1,1,1,5,1,80,,6,2,0,1,3,27.0,45.0,,,1,1,2,1,4
202100041601,2021-05-04 19:45:00,2021,5,4,19,45,83,83044,RD955,43.69087,6.507273,Crépuscule ou aube,Hors agglomération,Hors intersection,Normale,Autre collision,3,2,2,0,1,2,1,0,3,80,,1,0,0,1,0,20.0,,,,2,1,1,1,6
202100041602,2021-05-04 04:50:00,2021,5,4,4,50,60,60158,D938,49.559226,2.549912,Nuit sans éclairage public,Hors agglomération,Hors intersection,Normale,Autre collision,3,2,2,0,1,1,1,0,1,80,,2,1,0,0,1,30.0,,,,3,1,1,1,6
202100041603,2021-05-04 18:45:00,2021,5,4,18,45,04,04166,RD 6,43.829852,6.043779,Plein jour,Hors agglomération,Hors intersection,Normale,Sans collision,3,2,2,0,4,2,1,0,3,80,,1,0,0,1,0,22.0,,,,1,1,1,1,7
202100041604,2021-05-03 16:00:00,2021,5,3,16,0,04,04200,RD 4,44.146616,5.982141,Plein jour,Hors agglomération,Hors intersection,Normale,Deux véhicules - arrière,3,2,2,0,2,1,1,0,1,80,,3,1,0,0,2,36.0,55.0,,,1,1,1,1,2
202100041605,2021-05-03 16:49:00,2021,5,3,16,49,27,27103,route départementale 313,49.355545,0.818707,Plein jour,En agglomération,Intersection en X,Normale,Autre collision,3,2,2,0,1,1,1,0,1,50,,2,1,0,0,1,24.0,,,,1,2,2,1,6
202100041606,2021-05-04 10:45:00,2021,5,4,10,45,31,31107,A64,43.315578,1.209957,Plein jour,Hors agglomération,Hors intersection,Normale,Trois véhicules et plus - en chaîne,1,3,4,0,1,1,1,0,2,130,,3,2,0,0,1,49.0,49.0,,,1,1,1,1,4
202100041607,2021-05-04 15:30:00,2021,5,4,15,30,42,42279,Route de Saint-Etienne,45.509403,4.276659,Plein jour,Hors agglomération,Intersection en Y,Normale,Autre collision,3,2,2,0,1,2,1,0,3,80,,1,0,1,0,0,73.0,,,,1,1,4,1,6
202100041608,2021-05-04 09:45:00,2021,5,4,9,45,988,98803,RT1 - Col de Trazeignie,-21.58595,165.50665,Plein jour,Hors agglomération,Hors intersection,Pluie forte,Autre collision,2,2,2,0,2,3,2,0,3,110,,2,0,0,2,0,49.0,,,,1,1,1,3,6
202100041609,2021-04-16 20:17:00,2021,4,16,20,17,988,98821,VE2,-22.153684,166.374046,Nuit sans éclairage public,Hors agglomération,Hors intersection,Normale,Autre collision,1,3,4,0,1,1,1,0,1,90,,4,3,1,0,0,39.0,,,,3,1,1,1,6
202100041610,2021-05-01 11:45:00,2021,5,1,11,45,84,84054,Route de Carpentras,43.926629,5.063174,Plein jour,En agglomération,Giratoire,Pluie forte,Deux véhicules - côté,3,3,2,1,1,1,2,0,1,50,,2,1,0,1,0,68.0,78.0,,,1,2,6,3,3
202100041611,2021-05-04 18:15:00,2021,5,4,18,15,83,83065,RD98a,43.26223,6.603553,Plein jour,Hors agglomération,Hors intersection,Normale,Deux véhicules - côté,3,2,2,0,2,2,1,0,1,70,,2,1,0,1,0,37.0,61.0,,,1,1,1,1,3
202100041612,2021-05-04 10:15:00,2021,5,4,10,15,83,83119,D98a,43.268222,6.633071,Plein jour,En agglomération,Autre intersection,Normale,Deux véhicules - arrière,3,1,2,0,1,1,1,0,1,30,,2,1,0,1,0,53.0,42.0,,,1,2,9,1,2
202100041613,2021-05-03 16:40:00,2021,5,3,16,40,13,13022,Avenue de Carnoux,43.237903,5.545151,Plein jour,Hors agglomération,Hors intersection,Normale,Deux véhicules - frontale,7,2,2,0,2,1,1,0,1,90,,2,1,0,1,0,55.0,61.0,,,1,1,1,1,1
202100041614,2021-05-03 15:10:00,2021,5,3,15,10,89,89257,6 Rue Camille Desmoulins,47.969402,3.503838,Plein jour,En agglomération,Hors intersection,Normale,Deux véhicules - frontale,4,2,2,0,2,3,1,0,1,50,,2,1,0,0,1,21.0,43.0,,,1,2,1,1,1
202100041615,2021-03-26 13:25:00,2021,3,26,13,25,73,73261,D1006 R du Temple,45.219938,6.464784,Plein jour,En agglomération,Giratoire,Normale,Deux véhicules - côté,3,1,1,0,1,2,1,5,1,50,,2,1,0,1,0,53.0,52.0,,,1,2,6,1,3
202100041616,2021-05-03 17:30:00,2021,5,3,17,30,42,42165,D60,45.813726,4.378953,Plein jour,Hors agglomération,Hors intersection,Normale,Autre collision,3,2,2,0,2,2,1,0,3,80,,2,0,0,0,2,64.0,,,,1,1,1,1,6
202100041617,2021-05-04 14:30:00,2021,5,4,14,30,38,38344,Route de Salaise,45.36106,4.80809,Plein jour,En agglomération,Intersection en T,Normale,Autre collision,4,2,2,0,1,1,1,0,4,30,,1,0,0,0,1,18.0,,,,1,2,3,1,6
202100041618,2021-05-02 10:50:00,2021,5,2,10,50,69,69019,PRES DE LA CLOCHE (DES) (R),46.1047109732,4.7461846918,Plein jour,En agglomération,Autre intersection,Normale,Deux véhicules - côté,3,2,2,0,1,1,1,9,1,50,,2,1,0,1,0,20.0,58.0,,,1,2,9,1,3
202100041619,2021-05-04 17:50:00,2021,5,4,17,50,79,79049,199 Boulevard de Poitiers (Saint-Porchaire),46.833745,-0.454195,Plein jour,En agglomération,Intersection en X,Pluie légère,Deux véhicules - arrière,4,2,2,0,1,1,2,0,1,70,,2,1,0,0,1,16.0,66.0,,,1,2,2,2,2
202100041620,2021-05-03 08:20:00,2021,5,3,8,20,85,85155,Avenue des Étangs,46.726315,-1.457818,Plein jour,En agglomération,Autre intersection,Temps éblouissant,Autre collision,4,2,2,0,1,3,1,9,1,50,,3,2,0,0,1,50.0,,,,1,2,9,7,6
202100041621,2021-05-04 06:05:00,2021,5,4,6,5,57,57323,pk 14 D57,49.40136,6.140022,Crépuscule ou aube,Hors agglomération,Hors intersection,Pluie forte,Deux véhicules - frontale,3,2,2,0,1,1,2,0,1,80,,2,0,0,1,1,43.0,52.0,,,2,1,1,3,1
202100041622,2021-05-02 21:45:00,2021,5,2,21,45,13,13106,A7-Sens Marseille vers Lyon,43.38941,5.35108,Nuit sans éclairage public,Hors agglomération,Hors intersection,Normale,Deux véhicules - côté,1,1,4,0,2,1,1,3,1,90,,2,1,0,0,1,37.0,23.0,,,3,1,1,1,3
202100041623,2021-05-03 23:35:00,2021,5,3,23,35,13,13056,A55-Sens Martigues vers Marseille,43.397583,5.046486,Nuit sans éclairage public,Hors agglomération,Hors intersection,Normale,Autre collision,1,1,2,0,2,3,1,5,4,50,,1,0,0,0,1,19.0,,,,3,1,1,1,6
202100041624,2021-05-01 16:33:00,2021,5,1,16,33,13,13071,A7-Sens Lyon vers Marseille,43.4092007894,5.2858209677,Plein jour,Hors agglomération,Hors intersection,Pluie légère,Trois véhicules et plus - collisions multiples,1,1,3,0,1,1,2,0,1,90,,4,2,0,0,2,24.0,50.0,,,1,1,1,2,5
202100041625,2021-05-02 07:15:00,2021,5,2,7,15,59,59523,AUTOROUTE A23,50.585523,3.149724,Plein jour,Hors agglomération,Hors intersection,Normale,Autre collision,1,3,4,0,1,1,1,0,1,90,,1,0,0,0,1,26.0,,,,1,1,1,1,6
202100041626,2021-05-03 15:25:00,2021,5,3,15,25,94,94038,AUTOROUTE A6A,48.7753718554,2.3461481062,Plein jour,Hors agglomération,Hors intersection,Normale,Deux véhicules - arrière,1,3,3,0,1,1,1,0,1,110,,2,1,0,0,1,55.0,31.0,,,1,1,1,1,2
202100041627,2021-05-03 11:05:00,2021,5,3,11,5,91,91136,AUTOROUTE A10,48.71427,2.27394,Plein jour,Hors agglomération,Hors intersection,Normale,Deux véhicules - arrière,1,3,3,0,1,1,1,0,1,90,,2,1,0,0,1,40.0,26.0,,,1,1,1,1,2
202100041628,2021-05-03 07:45:00,2021,5,3,7,45,94,94034,AUTOROUTE A86,48.75936,2.32335,Plein jour,Hors agglomération,Hors intersection,Normale,Deux véhicules - arrière,1,3,4,0,2,1,1,1,1,70,,2,1,0,0,1,34.0,30.0,,,1,1,1,1,2
202100041629,2021-05-02 22:30:00,2021,5,2,22,30,92,92025,A86,48.9252236304,2.2324942874,Nuit avec éclairage non allumé,Hors agglomération,Hors intersection,Normale,Autre collision,1,1,2,0,1,1,1,0,2,90,,1,0,0,1,0,31.0,,,,4,1,1,1,6
202100041630,2021-05-03 10:34:00,2021,5,3,10,34,93,93008,AUTOROUTE A86,48.91416,2.43229,Plein jour,Hors agglomération,Hors intersection,Normale,Deux véhicules - arrière,1,3,6,0,1,1,1,0,1,90,,2,1,0,0,1,35.0,80.0,,,1,1,1,1,2
202100041631,2021-05-03 10:15:00,2021,5,3,10,15,77,77083,A4.W,48.8322724632,2.5993101225,Plein jour,Hors agglomération,Hors intersection,Normale,Autre collision,1,-1,3,0,1,1,1,0,1,110,,3,2,0,0,1,48.0,78.0,,,1,1,1,1,6