accident_id,datetime,annee,mois,jour,heure,minute,departement,commune_insee,adresse,latitude,longitude,luminosite,agglomeration,intersection,meteo,collision,catr,circ,nbv,vosp,prof,plan,surf,infra,situ,vma,nb_vehicules,nb_usagers,nb_indemnes,nb_tues,nb_blesses_hosp,nb_blesses_legers,age_cond_1,age_cond_2,veh_type_cond_1,veh_type_cond_2,lum_code,agg_code,int_code,atm_code,col_code
202100041632,2021-05-03 09:15:00,2021,5,3,9,15,77,77258,A4.W,48.8309983653,2.6371101149,Plein jour,Hors agglomération,Hors intersection,Normale,Deux véhicules - arrière,1,3,4,0,1,1,1,0,1,110,,2,1,0,0,1,35.0,27.0,,,1,1,1,1,2
202100041633,2021-05-03 04:20:00,2021,5,3,4,20,94,94017,A4,48.8263312336,2.5200426579,Nuit sans éclairage public,Hors agglomération,Hors intersection,Normale,Autre collision,1,-1,4,0,1,3,1,0,3,110,,1,0,0,0,1,54.0,,,,3,1,1,1,6
202100041634,2021-03-15 13:12:00,2021,3,15,13,12,94,94074,Avenue du Rû de Gironde,48.74152,2.46689,Plein jour,En agglomération,Hors intersection,Pluie forte,Trois véhicules et plus - en chaîne,3,1,0,0,2,1,2,0,1,50,,8,0,0,0,8,21.0,51.0,,,1,2,1,3,4
202100041635,2021-02-23 18:00:00,2021,2,23,18,0,76,76108,NEUFCHATEL. ROUTE DE (RN 28),49.4697,1.1198,Plein jour,En agglomération,Hors intersection,Normale,Autre collision,7,-1,2,0,1,1,1,9,1,50,,5,4,0,0,1,67.0,,,,1,2,1,1,6
202100041636,2021-02-08 18:00:00,2021,2,8,18,0,92,92025,E.VAILLANT > 2 A112   1 A 87 (RUE),48.9167005523,2.2378018498,Nuit avec éclairage allumé,En agglomération,Intersection en X,Normale,Deux véhicules - côté,4,2,2,0,1,1,1,0,1,50,,2,1,0,0,1,41.0,35.0,,,5,2,2,1,3
202100041637,2021-03-17 04:40:00,2021,3,17,4,40,77,77108,AV DE LA RESISTANCE,48.87517,2.58271,Nuit avec éclairage allumé,En agglomération,Autre intersection,Temps couvert,Autre collision,4,2,2,0,1,1,1,0,1,50,,2,1,0,1,0,31.0,,,,5,2,9,8,6
202100041638,2021-03-16 16:30:00,2021,3,16,16,30,21,21231,CHENOVE (DE) (RUE),47.30679,5.02267,Plein jour,En agglomération,Hors intersection,Pluie légère,Autre collision,4,2,2,0,1,1,2,0,1,50,,2,1,0,1,0,31.0,,,,1,2,1,2,6
202100041639,2021-03-19 11:00:00,2021,3,19,11,0,80,80001,PILORI (du),50.10764,1.83571,Plein jour,En agglomération,Hors intersection,Normale,Autre collision,4,2,2,0,1,1,1,0,1,30,,2,1,0,1,0,56.0,,,,1,2,1,1,6
202100041640,2021-04-08 19:50:00,2021,4,8,19,50,62,62193,HAGUENAU,50.940305,1.877946,Plein jour,En agglomération,Giratoire,Normale,Deux véhicules - arrière,4,1,1,0,1,3,1,0,1,50,,2,1,0,0,1,31.0,,,,1,2,6,1,2
202100041641,2021-04-30 15:20:00,2021,4,30,15,20,13,13208,RABATEAU (BOULEVARD),43.2665,5.395,Plein jour,En agglomération,Hors intersection,Normale,Autre collision,7,1,0,0,1,1,1,0,1,50,,2,1,0,1,0,21.0,,,,1,2,1,1,6
202100041642,2021-04-30 16:00:00,2021,4,30,16,0,93,93006,REPUBLIQUE AVENUE DE LA,48.8614183534,2.4176521304,Plein jour,En agglomération,Autre intersection,Normale,Trois véhicules et plus - collisions multiples,3,2,2,2,1,1,1,9,1,50,,3,2,0,1,0,38.0,,,,1,2,9,1,5
202100041643,2021-04-29 14:05:00,2021,4,29,14,5,76,76351,FOCH (AVENUE),49.49315,0.10078,Plein jour,En agglomération,Intersection en X,Normale,Autre collision,4,1,1,0,1,1,1,0,1,50,,3,1,0,0,2,57.0,,,,1,2,2,1,6
202100041644,2021-04-29 16:00:00,2021,4,29,16,0,29,29019,Rue de Gasté,48.3909881843,-4.4766322151,Plein jour,En agglomération,Intersection en X,Normale,Autre collision,4,1,1,0,2,1,1,5,1,50,,2,1,0,0,1,23.0,,,,1,2,2,1,6
202100041645,2021-04-25 18:55:00,2021,4,25,18,55,38,38421,Avenue Benoit Frachon,45.18069,5.75476,Plein jour,En agglomération,Hors intersection,Normale,Autre collision,4,2,2,0,1,1,1,0,6,50,,2,1,0,1,0,41.0,,,,1,2,1,1,6
202100041646,2021-04-28 21:40:00,2021,4,28,21,40,976,97611,kaweni-Archipel (avenue de l'),-12.77032,45.22362,Nuit avec éclairage allumé,En agglomération,Hors intersection,Normale,Autre collision,2,2,0,0,1,1,1,0,1,50,,2,1,0,0,1,24.0,,,,5,2,1,1,6
202100041647,2021-04-27 18:31:00,2021,4,27,18,31,76,76351,FLORIMOND LAURENT (RUE),49.51862,0.11698,Plein jour,En agglomération,Intersection en X,Normale,Autre collision,4,2,3,2,1,1,1,0,1,50,,2,1,0,0,1,58.0,,,,1,2,2,1,6
202100041648,2021-04-28 13:30:00,2021,4,28,13,30,92,92014,GENERAL LECLERC (AV.) (57 A 135 - 50 A 1,48.7792984726,2.315261364,Plein jour,En agglomération,Intersection en T,Normale,Deux véhicules - côté,3,1,2,0,1,1,1,0,1,50,,2,1,0,0,1,37.0,33.0,,,1,2,3,1,3
202100041649,2021-04-25 17:10:00,2021,4,25,17,10,76,76351,MAXIMILLIEN ROBESPIERRE,49.5151,0.17025,Plein jour,En agglomération,Hors intersection,Normale,Autre collision,6,-1,-1,0,1,1,1,0,8,10,,2,1,0,0,1,25.0,,,,1,2,1,1,6
202100041650,2021-04-26 17:10:00,2021,4,26,17,10,93,93010,REPUBLIQUE (CO. DE LA) 1 A 35,48.90165,2.48,Plein jour,En agglomération,Hors intersection,Normale,Autre collision,4,2,1,0,1,1,1,0,1,30,,2,1,0,0,1,41.0,,,,1,2,1,1,6
202100041651,2021-05-02 21:04:00,2021,5,2,21,4,69,69388,FRANCIS DE PRESSENSE                (AV),45.72744,4.862,Nuit avec éclairage allumé,En agglomération,Intersection en X,Normale,Deux véhicules - côté,4,-1,2,2,1,1,1,0,1,50,,3,1,0,0,2,70.0,22.0,,,5,2,2,1,3
202100041652,2021-05-02 17:15:00,2021,5,2,17,15,69,69259,JULES GUESDE                        (AV),45.7165669473,4.8879406981,Plein jour,En agglomération,Intersection en T,Normale,Deux véhicules - frontale,4,2,2,0,1,1,1,0,1,50,,2,1,0,0,1,22.0,23.0,,,1,2,3,1,1
202100041653,2021-05-02 01:00:00,2021,5,2,1,0,69,69387,REPOS (DU) (R),45.732,4.837,Nuit avec éclairage allumé,En agglomération,Intersection en X,Pluie légère,Deux véhicules - côté,4,2,2,0,1,1,2,0,1,50,,2,1,0,0,1,36.0,21.0,,,5,2,2,2,3
202100041654,2021-05-01 11:50:00,2021,5,1,11,50,69,69388,SAINT GERVAIS (R),45.74173,4.86209,Plein jour,En agglomération,Intersection en X,Pluie légère,Deux véhicules - côté,4,1,1,0,1,1,2,0,1,50,,4,1,0,0,3,49.0,25.0,,,1,2,2,2,3
202100041655,2021-05-02 15:10:00,2021,5,2,15,10,972,97209,RD 41 (ROCADE),14.6129727796,-61.0652518272,Plein jour,Hors agglomération,Hors intersection,Normale,Deux véhicules - côté,3,1,4,0,2,1,1,0,1,60,,2,1,0,0,1,48.0,,,,1,1,1,1,3
202100041656,2021-05-01 11:10:00,2021,5,1,11,10,972,97213,AUTOROUTE (A1),14.61802,-61.02954,Plein jour,Hors agglomération,Hors intersection,Normale,Trois véhicules et plus - collisions multiples,1,3,6,0,1,1,1,0,1,90,,3,2,0,0,1,21.0,23.0,,,1,1,1,1,5
202100041657,2021-05-02 16:47:00,2021,5,2,16,47,69,69389,ROSA PARKS (AV),45.78665,4.79233,Plein jour,En agglomération,Hors intersection,Normale,Autre collision,4,2,2,3,1,1,1,0,6,50,,2,1,0,0,1,,,,,1,2,1,1,6
202100041658,2021-05-02 15:45:00,2021,5,2,15,45,95,95280,SALENGRO ROGER ( BOULEVARD),49.03572,2.47037,Plein jour,En agglomération,Intersection en X,Normale,Deux véhicules - frontale,4,2,2,0,1,1,1,0,1,50,,2,1,0,1,0,25.0,23.0,,,1,2,2,1,1
202100041659,2021-05-02 21:45:00,2021,5,2,21,45,91,91161,AV PIERRE BROSSOLETTE,48.70745,2.311575,Nuit avec éclairage allumé,En agglomération,Autre intersection,Normale,Sans collision,3,4,2,0,2,2,1,0,1,50,,1,0,0,0,1,19.0,,,,5,2,9,1,7
202100041660,2021-05-02 15:50:00,2021,5,2,15,50,91,91657,RUE DU MARECHAL LECLERC,48.71278,2.43174,Plein jour,En agglomération,Intersection en T,Normale,Deux véhicules - côté,4,-1,2,0,1,1,1,0,1,50,,5,4,0,0,1,19.0,24.0,,,1,2,3,1,3
202100041661,2021-05-02 18:15:00,2021,5,2,18,15,83,83090,CLEMENCEAU (AVE GEORGES),43.137428,5.84992,Plein jour,En agglomération,Hors intersection,Normale,Trois véhicules et plus - collisions multiples,4,2,2,0,2,3,1,0,1,30,,3,2,0,0,1,18.0,39.0,,,1,2,1,1,5
202100041662,2021-04-27 22:10:00,2021,4,27,22,10,83,83137,Avenue Mirasouléou,43.13153,5.98226,Nuit avec éclairage allumé,En agglomération,Intersection en T,Normale,Deux véhicules - côté,1,3,3,0,1,1,1,5,1,50,,4,1,0,0,3,20.0,44.0,,,5,2,3,1,3
202100041663,2021-05-01 10:20:00,2021,5,1,10,20,77,77111,RD 934 dit THIBAULT DE CHAMPAGNE,48.88041,2.77051,Plein jour,En agglomération,Intersection en X,Temps couvert,Deux véhicules - côté,3,2,2,0,1,1,1,5,1,50,,2,1,1,0,0,23.0,29.0,,,1,2,2,8,3
202100041664,2021-05-02 21:40:00,2021,5,2,21,40,76,76498,SUD III (RN 338),49.4340119367,1.0654320582,Nuit sans éclairage public,Hors agglomération,Hors intersection,Normale,Autre collision,2,1,2,0,1,1,1,0,1,90,,2,1,0,0,1,22.0,,,,3,1,1,1,6
202100041665,2021-04-30 09:35:00,2021,4,30,9,35,62,62548,Rue des Islandais,50.971985,1.962186,Plein jour,Hors agglomération,Hors intersection,Normale,Sans collision,3,2,2,0,1,1,1,9,1,70,,1,0,0,0,1,40.0,,,,1,1,1,1,7
202100041666,2021-05-02 17:10:00,2021,5,2,17,10,45,45234,Quai Saint Laurent,47.89793,1.89365,Plein jour,En agglomération,Hors intersection,Normale,Autre collision,7,2,4,0,1,1,1,0,1,50,,3,2,0,0,1,64.0,23.0,,,1,2,1,1,6
202100041667,2021-05-01 16:30:00,2021,5,1,16,30,33,33318,Avenue Roger Cohé,44.8091,-0.6328,Plein jour,En agglomération,Intersection en X,Normale,Deux véhicules - frontale,4,2,3,0,1,1,1,0,1,50,,2,0,0,0,2,38.0,37.0,,,1,2,2,1,1
202100041668,2021-05-02 08:35:00,2021,5,2,8,35,33,33167,Rue François Arago,44.84391,-0.51094,Plein jour,En agglomération,Giratoire,Normale,Deux véhicules - côté,4,1,1,0,1,1,1,5,1,50,,2,0,0,0,2,48.0,20.0,,,1,2,6,1,3
202100041669,2021-04-28 12:25:00,2021,4,28,12,25,33,33162,Rue du Tronc du Pinson,44.8798,-0.63705,Plein jour,En agglomération,Hors intersection,Normale,Autre collision,4,1,1,2,1,1,1,4,5,30,,2,0,0,0,2,41.0,,,,1,2,1,1,6
202100041670,2021-05-01 18:37:00,2021,5,1,18,37,29,29232,Boulevard de la Pointe du Van,48.00708,-4.12522,Plein jour,Hors agglomération,Hors intersection,Normale,Sans collision,3,3,4,0,2,1,1,0,1,90,,1,0,0,0,1,19.0,,,,1,1,1,1,7
202100041671,2021-04-27 12:15:00,2021,4,27,12,15,29,29039,Rue de Quimper,47.886052,-3.919729,Plein jour,En agglomération,Hors intersection,Normale,Autre collision,4,2,2,0,1,1,1,0,8,50,,2,1,0,0,1,36.0,,,,1,2,1,1,6
202100041672,2021-05-02 16:05:00,2021,5,2,16,5,27,27537,ANCIENS COMBATTANTS D'AFN (AV,49.25037,1.20871,Plein jour,Hors agglomération,Hors intersection,Normale,Autre collision,4,2,2,0,1,1,2,0,8,50,,2,0,0,0,2,70.0,,,,1,1,1,1,6
202100041673,2021-05-01 23:05:00,2021,5,1,23,5,18,18279,VALMY (RUE DE),47.21,2.06,Nuit avec éclairage allumé,En agglomération,Hors intersection,Normale,Deux véhicules - côté,4,2,1,0,1,1,1,0,1,50,,2,1,0,0,1,45.0,23.0,,,5,2,1,1,3
202100041674,2021-05-02 19:00:00,2021,5,2,19,0,17,17291,09 PK RN237 MOULIN JUSTICE RE,46.17757,-1.12668,Plein jour,Hors agglomération,Hors intersection,Normale,Sans collision,2,3,4,0,1,1,1,0,8,90,,1,0,0,0,1,33.0,,,,1,1,1,1,7
202100041675,2021-05-03 00:00:00,2021,5,3,0,0,13,13209,EMILE ZOLA (RUE),43.24605,5.40395,Nuit avec éclairage allumé,En agglomération,Hors intersection,Normale,Autre collision,4,1,1,0,1,1,1,0,1,50,,2,1,0,0,1,,,,,5,2,1,1,6
202100041676,2021-04-02 17:00:00,2021,4,2,17,0,13,13215,LYON (RUE DE),43.332988,5.364249,Plein jour,En agglomération,Hors intersection,Normale,Deux véhicules - arrière,4,2,3,0,1,1,1,0,1,50,,2,1,0,0,1,24.0,37.0,,,1,2,1,1,2
202100041677,2021-05-02 17:30:00,2021,5,2,17,30,13,13204,CHUTES LAVI (AVENUE),43.313005,5.397059,Plein jour,En agglomération,Autre intersection,Normale,Sans collision,4,2,2,0,1,1,1,0,1,50,,1,0,0,0,1,31.0,,,,1,2,9,1,7
202100041678,2021-05-02 08:00:00,2021,5,2,8,0,13,13206,DRAGON (RUE),43.28746,5.37651,Plein jour,En agglomération,Hors intersection,Normale,Autre collision,4,1,1,0,2,1,1,0,1,50,,1,0,0,0,1,21.0,,,,1,2,1,1,6
202100041679,2021-04-30 16:20:00,2021,4,30,16,20,07,07102,BEAUCAIRE (AVENUE DE),44.92392,4.85671,Plein jour,Hors agglomération,Giratoire,Pluie légère,Sans collision,3,-1,1,0,1,3,2,0,3,50,,1,0,0,0,1,22.0,,,,1,1,6,2,7
202100041680,2021-04-30 21:10:00,2021,4,30,21,10,75,75110,RUE DU FAUBOURG SAINT DENIS,48.879325,2.357096,Nuit avec éclairage allumé,En agglomération,Intersection en X,Normale,Deux véhicules - côté,4,2,3,3,1,1,1,0,1,50,,3,1,0,1,1,53.0,35.0,,,5,2,2,1,3
202100041681,2021-05-02 15:30:00,2021,5,2,15,30,75,75117,BOULEVARD BESSIERES,48.89753,2.32419,Plein jour,En agglomération,Intersection en X,Temps couvert,Deux véhicules - côté,4,2,6,0,1,1,2,0,1,50,,3,0,0,0,3,49.0,69.0,,,1,2,2,8,3
202100041682,2021-05-02 11:15:00,2021,5,2,11,15,75,75116,AVENUE VICTOR HUGO,48.870351,2.286966,Plein jour,En agglomération,Hors intersection,Normale,Deux véhicules - côté,4,2,2,0,1,1,1,0,1,50,,2,1,0,0,1,35.0,64.0,,,1,2,1,1,3
202100041683,2021-05-02 11:15:00,2021,5,2,11,15,75,75116,ROUTE DES TRIBUNES,48.860401,2.229864,Plein jour,En agglomération,Hors intersection,Normale,Deux véhicules - côté,4,2,2,1,1,1,1,0,5,30,,2,1,0,0,1,63.0,36.0,,,1,2,1,1,3
202100041684,2021-05-02 14:05:00,2021,5,2,14,5,75,75114,RUE EMILE RICHARD,48.837878,2.329003,Plein jour,En agglomération,Hors intersection,Temps couvert,Autre collision,4,1,1,0,1,1,2,0,1,30,,1,0,0,0,1,45.0,,,,1,2,1,8,6
202100041685,2021-05-02 14:17:00,2021,5,2,14,17,75,75113,QUAI D AUSTERLITZ,48.84192,2.367874,Plein jour,En agglomération,Intersection en T,Normale,Deux véhicules - côté,4,2,4,1,1,1,2,0,1,50,,4,2,0,0,2,34.0,25.0,,,1,2,3,1,3
202100041686,2021-05-02 17:30:00,2021,5,2,17,30,75,75112,BOULEVARD PONIATOWSKI,48.829241,2.390313,Plein jour,En agglomération,Intersection en T,Pluie légère,Deux véhicules - côté,4,3,4,0,1,1,2,0,1,50,,3,2,0,0,1,70.0,43.0,,,1,2,3,2,3
202100041687,2021-05-02 17:15:00,2021,5,2,17,15,75,75112,RUE DE CHARENTON,48.842647,2.385915,Plein jour,En agglomération,Intersection en X,Normale,Deux véhicules - côté,4,1,1,2,1,1,2,0,1,30,,3,2,0,0,1,56.0,21.0,,,1,2,2,1,3
202100041688,2021-05-01 09:35:00,2021,5,1,9,35,75,75112,BOULEVARD DE LA BASTILLE,48.848793,2.367999,Plein jour,En agglomération,Intersection en T,Pluie légère,Deux véhicules - arrière,4,1,2,0,1,1,2,0,1,50,,2,0,0,0,2,31.0,26.0,,,1,2,3,2,2
202100041689,2021-05-02 17:00:00,2021,5,2,17,0,75,75111,AVENUE DE LA REPUBLIQUE,48.866503,2.368004,Plein jour,En agglomération,Intersection en Y,Pluie légère,Deux véhicules - côté,4,2,2,0,1,1,2,0,1,30,,2,1,0,0,1,37.0,25.0,,,1,2,4,2,3
202100041690,2021-05-02 13:30:00,2021,5,2,13,30,75,75111,BOULEVARD VOLTAIRE,48.852149,2.389612,Plein jour,En agglomération,Intersection en Y,Normale,Autre collision,4,2,1,0,1,1,2,0,1,30,,2,1,0,0,1,28.0,,,,1,2,4,1,6
202100041691,2021-05-02 16:30:00,2021,5,2,16,30,75,75110,BOULEVARD DE MAGENTA,48.8794022441,2.3532653311,Plein jour,En agglomération,Intersection en Y,Pluie légère,Deux véhicules - côté,4,3,0,3,1,1,2,0,1,50,,3,1,0,0,2,35.0,31.0,,,1,2,4,2,3
202100041692,2021-05-02 19:25:00,2021,5,2,19,25,75,75109,RUE LA FAYETTE,48.87437,2.338172,Plein jour,En agglomération,Intersection en X,Normale,Autre collision,4,1,3,1,1,1,2,8,1,50,,2,1,0,0,1,34.0,,,,1,2,2,1,6
202100041693,2021-05-02 10:00:00,2021,5,2,10,0,75,75104,RUE MORNAY,48.849333,2.366571,Plein jour,En agglomération,Intersection en T,Temps couvert,Autre collision,4,1,1,0,1,1,1,0,4,50,,2,1,0,0,1,,,,,1,2,3,8,6
202100041694,2021-05-02 20:50:00,2021,5,2,20,50,94,94078,Place Hector Berlioz,48.746,2.446,Nuit avec éclairage allumé,En agglomération,Autre intersection,Normale,Deux véhicules - côté,2,2,4,0,1,1,2,0,1,50,,2,1,0,0,1,,30.0,,,5,2,9,1,3
202100041695,2021-05-02 18:25:00,2021,5,2,18,25,94,94018,GRAVELLE (AV DE),48.82917,2.403455,Plein jour,En agglomération,Hors intersection,Normale,Autre collision,4,2,2,0,1,1,2,0,1,30,,2,1,0,0,1,35.0,,,,1,2,1,1,6
202100041696,2021-05-02 17:45:00,2021,5,2,17,45,93,93070,Boulevard Victor Hugo,48.90893,2.32886,Plein jour,En agglomération,Autre intersection,Normale,Deux véhicules - côté,3,2,1,0,1,1,1,0,1,50,,2,1,0,0,1,18.0,,,,1,2,9,1,3
202100041697,2021-05-02 18:15:00,2021,5,2,18,15,93,93077,GRANDE RUE,48.882492,2.524926,Plein jour,En agglomération,Intersection en X,Normale,Autre collision,3,2,2,0,1,1,1,5,1,50,,3,2,0,0,1,24.0,,,,1,2,2,1,6
202100041698,2021-05-02 11:20:00,2021,5,2,11,20,93,93007,8 MAI 45 (AVENUE DU 1 AU 182),48.9530644365,2.4423444271,Plein jour,En agglomération,Hors intersection,Normale,Autre collision,3,1,1,1,1,1,1,8,1,30,,2,1,0,0,1,62.0,,,,1,2,1,1,6
202100041699,2021-05-02 16:45:00,2021,5,2,16,45,93,93005,JEANNE D'ARC (AVENUE),48.93,2.50187,Plein jour,En agglomération,Giratoire,Normale,Deux véhicules - côté,4,4,2,0,1,2,1,5,1,50,,2,1,0,0,1,62.0,28.0,,,1,2,6,1,3
202100041700,2021-05-02 10:35:00,2021,5,2,10,35,92,92024,GENERAL LECLERC (RUE DU) DE (59 ET PLUS),48.9029748408,2.3131746054,Plein jour,En agglomération,Giratoire,Normale,Autre collision,4,2,2,2,1,1,1,0,1,50,,2,1,0,0,1,75.0,,,,1,2,6,1,6
202100041701,2021-05-03 07:00:00,2021,5,3,7,0,28,28196,D126,48.302095,1.18927,Plein jour,Hors agglomération,Intersection en X,Normale,Deux véhicules - côté,3,2,2,0,1,1,1,5,1,80,,5,3,1,1,0,45.0,31.0,,,1,1,2,1,3
202100041702,2021-04-21 07:20:00,2021,4,21,7,20,974,97422,Rue Charles Baudelaire,-21.257671,55.501567,Plein jour,En agglomération,Intersection en T,Normale,Deux véhicules - côté,3,2,1,0,1,1,2,0,1,50,,2,1,0,0,1,19.0,57.0,,,1,2,3,1,3
202100041703,2021-04-29 16:45:00,2021,4,29,16,45,27,27421,Rue du Chateau d'Eau,48.905829,1.333508,Plein jour,Hors agglomération,Intersection en X,Normale,Deux véhicules - côté,4,2,1,0,1,1,1,0,1,80,,2,1,0,1,0,48.0,24.0,,,1,1,2,1,3
202100041704,2021-05-03 07:49:00,2021,5,3,7,49,26,26337,Autoroute 7 ,44.715941,4.785018,Plein jour,Hors agglomération,Hors intersection,Normale,Deux véhicules - arrière,1,1,5,0,1,1,1,0,1,130,,3,2,0,0,1,49.0,34.0,,,1,1,1,1,2
202100041705,2021-05-02 18:45:00,2021,5,2,18,45,69,69283,YVES FARGE (R),45.652973,4.939792,Crépuscule ou aube,Hors agglomération,Intersection en Y,Normale,Autre collision,7,3,3,3,1,1,1,5,1,80,,2,0,0,1,1,23.0,25.0,,,2,1,4,1,6
202100041706,2021-05-03 08:55:00,2021,5,3,8,55,23,23082,N145,46.221044,1.693279,Plein jour,Hors agglomération,Hors intersection,Normale,Deux véhicules - arrière,2,1,2,0,1,1,1,0,1,110,,2,1,0,0,1,35.0,39.0,,,1,1,1,1,2
202100041707,2021-04-26 13:45:00,2021,4,26,13,45,67,67105,Rue de Weyer,48.863981,7.186169,Plein jour,En agglomération,Intersection en T,Normale,Deux véhicules - côté,3,2,2,0,1,1,1,2,1,50,,2,1,0,1,0,60.0,56.0,,,1,2,3,1,3
202100041708,2021-05-01 20:45:00,2021,5,1,20,45,61,61121,BELLEVUE,48.464659,0.469548,Crépuscule ou aube,Hors agglomération,Hors intersection,Normale,Deux véhicules - frontale,3,2,2,0,1,1,1,0,1,80,,4,1,0,0,3,32.0,58.0,,,2,1,1,1,1
202100041709,2021-05-03 11:15:00,2021,5,3,11,15,46,46005,D8,44.482931,1.198328,Plein jour,En agglomération,Intersection en X,Normale,Deux véhicules - frontale,3,2,2,0,1,1,1,0,1,50,,2,1,0,1,0,33.0,70.0,,,1,2,2,1,1
202100041710,2021-05-03 12:00:00,2021,5,3,12,0,39,39189,,47.077291,5.393028,Plein jour,Hors agglomération,Hors intersection,Normale,Autre collision,3,2,2,0,1,1,1,0,3,80,,1,0,0,1,0,22.0,,,,1,1,1,1,6
202100041711,2021-04-13 18:45:00,2021,4,13,18,45,35,35099,Les Faroulais,48.086587,-1.552194,Plein jour,En agglomération,Intersection en Y,Normale,Deux véhicules - frontale,3,-1,2,0,2,2,1,0,1,50,,2,1,0,0,1,41.0,55.0,,,1,2,4,1,1
202100041712,2021-05-02 17:55:00,2021,5,2,17,55,35,35247,La Croix Belhomme,48.589991,-1.6029,Plein jour,Hors agglomération,Hors intersection,Normale,Autre collision,3,2,2,0,2,2,1,0,3,80,,1,0,0,1,0,37.0,,,,1,1,1,1,6
202100041713,2021-05-03 07:50:00,2021,5,3,7,50,03,03118,D998,46.110842,3.129494,Plein jour,Hors agglomération,Hors intersection,Normale,Autre collision,3,2,2,0,2,2,1,0,3,90,,1,0,0,1,0,44.0,,,,1,1,1,1,6
202100041714,2021-04-30 15:30:00,2021,4,30,15,30,72,72051,Rue du Léard,47.823774,0.086281,Plein jour,En agglomération,Hors intersection,Normale,Deux véhicules - côté,9,2,2,0,1,1,1,0,1,50,,2,0,0,1,1,13.0,42.0,,,1,2,1,1,3
202100041715,2021-05-03 13:10:00,2021,5,3,13,10,14,14726,D512,48.841005,-0.802876,Plein jour,En agglomération,Hors intersection,Normale,Autre collision,3,2,2,0,1,1,1,1,3,50,,1,0,0,1,0,42.0,,,,1,2,1,1,6
202100041716,2021-05-03 08:00:00,2021,5,3,8,0,14,14020,Rue de la Gare,49.121089,-0.174144,Plein jour,En agglomération,Giratoire,Temps éblouissant,Deux véhicules - côté,3,2,2,0,1,2,1,5,1,50,,2,1,0,0,1,59.0,14.0,,,1,2,6,7,3
202100041717,2021-05-03 13:15:00,2021,5,3,13,15,14,14286,D119,49.360239,0.226939,Plein jour,En agglomération,Hors intersection,Normale,Deux véhicules - côté,3,2,2,0,4,1,1,0,1,50,,4,3,0,0,1,20.0,26.0,,,1,2,1,1,3
202100041718,2021-05-01 17:30:00,2021,5,1,17,30,18,18068,RD6,46.846749,2.677789,Plein jour,Hors agglomération,Intersection en X,Normale,Deux véhicules - côté,3,2,2,0,1,1,1,0,1,80,,2,0,0,0,2,29.0,51.0,,,1,1,2,1,3
202100041719,2021-05-02 15:40:00,2021,5,2,15,40,17,17093,chemin communal 35,45.880381,-1.228602,Plein jour,Hors agglomération,Hors intersection,Normale,Autre collision,4,2,2,0,1,1,9,0,3,-1,,1,0,1,0,0,55.0,,,,1,1,1,1,6
202100041720,2021-05-02 19:15:00,2021,5,2,19,15,37,37245,La Pailleterie,47.5015883964,0.6006143242,Plein jour,Hors agglomération,Intersection en X,Normale,Deux véhicules - côté,3,2,2,0,1,1,1,5,1,80,,2,1,0,1,0,16.0,44.0,,,1,1,2,1,3
202100041721,2021-05-02 18:00:00,2021,5,2,18,0,30,30046,N106,43.99424,4.190258,Plein jour,Hors agglomération,Hors intersection,Normale,Autre collision,2,3,4,0,1,1,1,0,1,110,,5,4,0,1,0,21.0,,,,1,1,1,1,6
202100041722,2021-05-03 00:34:00,2021,5,3,0,34,52,52119,Route Nationale 19,47.813877,5.510979,Nuit sans éclairage public,Hors agglomération,Hors intersection,Normale,Autre collision,2,2,2,0,1,1,1,0,3,80,,1,0,0,1,0,19.0,,,,3,1,1,1,6
202100041723,2021-05-03 13:05:00,2021,5,3,13,5,08,08363,873 Avenue d'Orzy,49.927646,4.64792,Plein jour,En agglomération,Hors intersection,Normale,Autre collision,3,2,2,0,1,2,1,0,4,50,,1,0,0,1,0,50.0,,,,1,2,1,1,6
202100041724,2021-05-03 09:15:00,2021,5,3,9,15,72,72191,A28 - PK 066.700 - Sens TOURS LE MANS,47.753794,0.314739,Plein jour,Hors agglomération,Hors intersection,Normale,Deux véhicules - arrière,1,1,4,0,2,1,1,0,1,130,,3,1,0,0,2,51.0,22.0,,,1,1,1,1,2
202100041725,2021-05-01 11:40:00,2021,5,1,11,40,33,33122,Chemin Saint-Éloi de Noyon,44.712212,-0.741298,Plein jour,Hors agglomération,Hors intersection,Normale,Sans collision,4,2,2,0,1,2,1,0,1,50,,1,0,0,1,0,58.0,,,,1,1,1,1,7
202100041726,2021-05-03 16:00:00,2021,5,3,16,0,64,64112,a64 pk 55.500,43.5114262489,-0.8906489611,Plein jour,Hors agglomération,Hors intersection,Normale,Deux véhicules - côté,1,1,2,0,1,1,1,0,1,130,,2,1,0,0,1,30.0,49.0,,,1,1,1,1,3
202100041727,2021-04-03 20:45:00,2021,4,3,20,45,67,67506,autoroute A4 Pk 473 STRASBOURG / PARIS,48.6675171741,7.7368050814,Nuit sans éclairage public,Hors agglomération,Hors intersection,Temps couvert,Deux véhicules - arrière,1,1,2,0,1,1,2,0,1,90,,2,0,0,0,2,49.0,31.0,,,3,1,1,8,2
202100041728,2021-05-02 16:15:00,2021,5,2,16,15,77,77216,Autoroute A6 PK 068.700 sens province vers PARIS,48.300774,2.666711,Plein jour,Hors agglomération,Hors intersection,Normale,Autre collision,1,3,5,0,1,1,1,0,1,130,,3,1,0,0,2,52.0,,,,1,1,1,1,6
202100041729,2021-05-03 07:30:00,2021,5,3,7,30,28,28169,A10,48.433482,1.904758,Plein jour,Hors agglomération,Hors intersection,Normale,Deux véhicules - côté,1,3,5,0,1,1,1,0,3,130,,2,1,1,0,0,38.0,,,,1,1,1,1,3