accident_id,datetime,annee,mois,jour,heure,minute,departement,commune_insee,adresse,latitude,longitude,luminosite,agglomeration,intersection,meteo,collision,catr,circ,nbv,vosp,prof,plan,surf,infra,situ,vma,nb_vehicules,nb_usagers,nb_indemnes,nb_tues,nb_blesses_hosp,nb_blesses_legers,age_cond_1,age_cond_2,veh_type_cond_1,veh_type_cond_2,lum_code,agg_code,int_code,atm_code,col_code
202100041730,2021-04-15 18:15:00,2021,4,15,18,15,987,98729,Teavaro,-17.5138297679,-149.7705938816,Crépuscule ou aube,Hors agglomération,Hors intersection,Normale,Deux véhicules - côté,2,3,2,2,1,1,1,0,1,60,,2,1,0,1,0,38.0,33.0,,,2,1,1,1,3
202100041731,2021-04-28 12:30:00,2021,4,28,12,30,972,97230,RN1,14.7316113317,-60.9586286545,Plein jour,Hors agglomération,Autre intersection,Normale,Autre collision,2,2,2,0,2,1,2,0,1,80,,3,2,0,1,0,27.0,33.0,,,1,1,9,1,6
202100041732,2021-05-02 10:45:00,2021,5,2,10,45,95,95355,RD 983,49.1469234618,1.7879419768,Plein jour,En agglomération,Giratoire,Normale,Deux véhicules - côté,3,2,2,0,1,1,1,0,1,50,,2,1,0,0,1,72.0,41.0,,,1,2,6,1,3
202100041733,2021-04-29 15:15:00,2021,4,29,15,15,66,66227,D8,42.646366,2.928715,Plein jour,Hors agglomération,Autre intersection,Normale,Deux véhicules - côté,3,2,2,0,1,2,1,1,1,-1,,2,1,0,1,0,,39.0,,,1,1,9,1,3
202100041734,2021-05-03 08:50:00,2021,5,3,8,50,71,71192,lieu-dit le velet,46.849105,4.162794,Plein jour,Hors agglomération,Intersection en T,Normale,Deux véhicules - côté,3,3,1,0,2,3,1,0,1,70,,2,1,0,0,1,61.0,41.0,,,1,1,3,1,3
202100041735,2021-05-03 17:45:00,2021,5,3,17,45,10,10130,9,48.614305,4.23237,Plein jour,Hors agglomération,Hors intersection,Normale,Sans collision,3,2,2,0,4,1,1,0,3,80,,1,0,0,0,1,47.0,,,,1,1,1,1,7
202100041736,2021-04-29 03:00:00,2021,4,29,3,0,38,38507,Chemin du Prieuré,45.7361792833,5.1707518101,Nuit sans éclairage public,Hors agglomération,Hors intersection,Pluie légère,Trois véhicules et plus - collisions multiples,4,2,1,0,1,1,2,0,3,80,,1,0,0,1,0,38.0,,,,3,1,1,2,5
202100041737,2021-05-02 16:35:00,2021,5,2,16,35,40,40184,Rue de la Gare,44.198097,-1.223431,Plein jour,En agglomération,Autre intersection,Normale,Autre collision,9,2,2,0,1,1,1,9,8,50,,1,0,0,1,0,29.0,,,,1,2,9,1,6
202100041738,2021-05-02 12:30:00,2021,5,2,12,30,53,53175,La Sumeraine,48.032599,-0.671411,Plein jour,Hors agglomération,Hors intersection,Normale,Deux véhicules - côté,3,2,2,0,1,1,1,0,1,80,,2,1,0,1,0,74.0,,,,1,1,1,1,3
202100041739,2021-05-01 12:20:00,2021,5,1,12,20,13,13210,A50-Sens Marseille vers Aubagne,43.2852,5.4189,Plein jour,Hors agglomération,Hors intersection,Pluie légère,Sans collision,1,1,1,0,1,2,2,3,1,50,,1,0,0,0,1,21.0,,,,1,1,1,2,7
202100041740,2021-05-01 12:24:00,2021,5,1,12,24,13,13071,A7-Sens Lyon vers Marseille,43.4040731486,5.3021907806,Plein jour,Hors agglomération,Hors intersection,Pluie forte,Deux véhicules - arrière,1,1,3,0,1,1,2,0,1,110,,3,2,0,0,1,30.0,37.0,,,1,1,1,3,2
202100041741,2021-04-30 19:40:00,2021,4,30,19,40,13,13081,A7-Sens Lyon vers Marseille,43.49409,5.23927,Crépuscule ou aube,Hors agglomération,Hors intersection,Pluie légère,Deux véhicules - arrière,1,1,1,0,1,3,2,3,1,90,,3,1,0,0,2,25.0,,,,2,1,1,2,2
202100041742,2021-05-01 18:09:00,2021,5,1,18,9,13,13005,A50 - Sens Aubagne vers Marseille,43.27932,5.58432,Plein jour,Hors agglomération,Hors intersection,Pluie forte,Deux véhicules - arrière,1,1,4,0,1,1,2,0,1,110,,2,1,0,0,1,31.0,46.0,,,1,1,1,3,2
202100041743,2021-05-01 17:21:00,2021,5,1,17,21,13,13215,A7-Sens Lyon vers Marseille,43.3537369724,5.3645682335,Plein jour,Hors agglomération,Hors intersection,Pluie forte,Deux véhicules - arrière,1,3,3,0,1,1,2,0,2,90,,4,1,0,0,3,,21.0,,,1,1,1,3,2
202100041744,2021-05-01 11:45:00,2021,5,1,11,45,13,13085,A50-Sens Toulon vers Aubagne,43.257485,5.592506,Plein jour,Hors agglomération,Hors intersection,Pluie légère,Autre collision,1,1,3,0,2,1,2,0,1,90,,1,0,0,0,1,37.0,,,,1,1,1,2,6
202100041745,2021-05-01 02:15:00,2021,5,1,2,15,13,13215,A7-Sens Lyon vers Marseille,43.3687655194,5.3609561938,Nuit sans éclairage public,Hors agglomération,Hors intersection,Normale,Deux véhicules - frontale,1,1,3,0,1,1,1,1,2,90,,1,0,0,1,0,20.0,,,,3,1,1,1,1
202100041746,2021-04-30 07:40:00,2021,4,30,7,40,13,13005,A50-Sens Marseille vers Aubagne,43.272986,5.588748,Plein jour,Hors agglomération,Hors intersection,Normale,Trois véhicules et plus - en chaîne,1,1,3,0,1,1,1,0,1,90,,6,2,0,0,4,56.0,57.0,,,1,1,1,1,4
202100041747,2021-05-02 16:45:00,2021,5,2,16,45,91,91235,RN 104,48.62583,2.35649,Plein jour,Hors agglomération,Hors intersection,Normale,Deux véhicules - côté,2,3,3,0,1,1,1,0,1,110,,2,1,0,0,1,31.0,35.0,,,1,1,1,1,3
202100041748,2021-05-02 13:40:00,2021,5,2,13,40,91,91689,AUTOROUTE A10,48.73599,2.31764,Plein jour,Hors agglomération,Hors intersection,Temps couvert,Autre collision,1,3,2,0,2,2,2,0,3,90,,1,0,0,1,0,49.0,,,,1,1,1,8,6
202100041749,2021-05-02 20:20:00,2021,5,2,20,20,95,95151,RN 104,49.0640627917,2.2650718689,Crépuscule ou aube,Hors agglomération,Hors intersection,Normale,Autre collision,2,3,4,0,1,1,1,0,1,90,,1,0,0,0,1,21.0,,,,2,1,1,1,6
202100041750,2021-05-02 16:00:00,2021,5,2,16,0,93,93029,AUTOROUTE A86,48.92635,2.42216,Plein jour,Hors agglomération,Hors intersection,Normale,Deux véhicules - arrière,1,3,6,0,1,1,1,1,1,90,,2,1,0,0,1,34.0,26.0,,,1,1,1,1,2
202100041751,2021-05-01 22:30:00,2021,5,1,22,30,95,95572, A15,49.03099,2.1204,Nuit avec éclairage non allumé,Hors agglomération,Hors intersection,Pluie légère,Deux véhicules - frontale,1,3,9,0,1,1,2,0,1,90,,2,0,0,0,2,30.0,25.0,,,4,1,1,2,1
202100041752,2021-05-02 19:15:00,2021,5,2,19,15,94,94017,A4,48.82913,2.49989,Plein jour,Hors agglomération,Hors intersection,Normale,Trois véhicules et plus - en chaîne,1,1,5,0,1,1,1,0,1,90,,5,4,0,0,1,49.0,44.0,,,1,1,1,1,4
202100041753,2021-05-02 08:45:00,2021,5,2,8,45,77,77122,A5b,48.6526446293,2.6175785065,Plein jour,Hors agglomération,Hors intersection,Normale,Sans collision,1,1,2,0,1,1,2,0,3,110,,1,0,0,0,1,36.0,,,,1,1,1,1,7
202100041754,2021-05-02 01:10:00,2021,5,2,1,10,94,94073,A86 EXT,48.77018,2.38255,Nuit avec éclairage allumé,Hors agglomération,Hors intersection,Normale,Autre collision,1,3,6,0,1,3,2,1,1,70,,3,2,0,0,1,39.0,,,,5,1,1,1,6
202100041755,2021-04-24 21:10:00,2021,4,24,21,10,38,38185,Boulevard Gambetta,45.18405,5.72611,Nuit avec éclairage allumé,En agglomération,Hors intersection,Normale,Autre collision,4,-1,2,0,1,1,1,0,1,30,,3,2,0,0,1,48.0,,,,5,2,1,1,6
202100041756,2021-04-23 10:15:00,2021,4,23,10,15,38,38185,Rue Charles Péguy,45.17877,5.71564,Plein jour,En agglomération,Hors intersection,Normale,Autre collision,4,2,2,0,1,1,1,0,1,30,,2,1,0,0,1,71.0,,,,1,2,1,1,6
202100041757,2021-04-20 14:48:00,2021,4,20,14,48,976,97611,m'tsapere-Said Café (rue),-12.7935,45.21698,Plein jour,En agglomération,Hors intersection,Normale,Autre collision,4,2,0,0,1,1,1,0,1,50,,2,1,0,0,1,40.0,,,,1,2,1,1,6
202100041758,2021-04-20 16:40:00,2021,4,20,16,40,68,68056,CAMUS (RUE ALBERT),47.7284916101,7.2981794178,Plein jour,En agglomération,Hors intersection,Normale,Autre collision,4,2,2,0,1,1,1,0,1,50,,2,0,0,1,1,18.0,,,,1,2,1,1,6
202100041759,2021-04-20 19:40:00,2021,4,20,19,40,75,75102,BOULEVARD MONTMARTRE,48.871712,2.341606,Plein jour,En agglomération,Intersection en T,Normale,Autre collision,4,2,2,1,1,1,1,-1,5,50,,1,0,0,0,1,29.0,,,,1,2,3,1,6
202100041760,2021-04-11 19:38:00,2021,4,11,19,38,973,97302,MONTABO (ROUTE DE) 1,4.94401269,-52.3086129646,Nuit avec éclairage allumé,En agglomération,Intersection en T,Normale,Deux véhicules - côté,3,2,2,0,2,1,1,0,1,50,,2,1,0,1,0,19.0,49.0,,,5,2,3,1,3
202100041761,2021-04-19 10:25:00,2021,4,19,10,25,59,59350,CALVAIRE RUE DU,50.6344,3.08627,Plein jour,En agglomération,Intersection en X,Normale,Autre collision,4,1,1,0,1,1,1,9,1,50,,3,1,0,2,0,,,,,1,2,2,1,6
202100041762,2021-04-12 16:35:00,2021,4,12,16,35,95,95598,RUE DES LOGES,48.9790950199,2.3069626093,Plein jour,En agglomération,Hors intersection,Normale,Deux véhicules - frontale,4,2,2,0,1,1,1,0,1,50,,2,1,0,0,1,45.0,55.0,,,1,2,1,1,1
202100041763,2021-04-08 14:25:00,2021,4,8,14,25,73,73011,JEUX OLYMPIQUES (AVENUE DES),45.6614,6.37343,Plein jour,En agglomération,Giratoire,Normale,Autre collision,4,3,2,2,1,1,1,5,1,50,,2,1,0,0,1,61.0,,,,1,2,6,1,6
202100041764,2021-04-15 18:50:00,2021,4,15,18,50,11,11069,SOUVENIR FRANCAIS -AVENUE-,43.20856,2.38313,Plein jour,En agglomération,Hors intersection,Normale,Deux véhicules - côté,4,2,2,0,1,1,1,0,1,50,,3,2,0,0,1,52.0,35.0,,,1,2,1,1,3
202100041765,2021-04-16 10:45:00,2021,4,16,10,45,06,06027,ST LAURENT CHEMIN DE,43.66462,7.17179,Plein jour,En agglomération,Autre intersection,Normale,Autre collision,4,2,4,0,1,2,1,0,1,50,,2,1,0,0,1,58.0,,,,1,2,9,1,6
202100041766,2021-04-15 20:10:00,2021,4,15,20,10,69,69259,MARCEL CACHIN                       (AV),45.69359,4.87594,Crépuscule ou aube,En agglomération,Hors intersection,Normale,Autre collision,4,1,6,1,1,1,1,0,1,50,,2,1,0,1,0,,,,,2,2,1,1,6
202100041767,2021-04-15 18:15:00,2021,4,15,18,15,91,91345,RUE PDT FRANCOIS MITTERRAND,48.691,2.28955,Plein jour,En agglomération,Hors intersection,Normale,Deux véhicules - côté,3,2,0,0,2,1,1,6,6,50,,2,1,0,0,1,10.0,39.0,,,1,2,1,1,3
202100041768,2021-04-14 18:30:00,2021,4,14,18,30,03,03321,28 Rue Anna Marly,46.57642,3.34065,Plein jour,En agglomération,Hors intersection,Normale,Autre collision,4,2,1,0,2,1,1,0,1,50,,2,1,0,0,1,39.0,,,,1,2,1,1,6
202100041769,2021-04-13 12:40:00,2021,4,13,12,40,61,61001,PLANCHES (CHEMIN DES),48.43207,0.07471,Plein jour,En agglomération,Hors intersection,Normale,Autre collision,4,2,2,0,1,3,1,0,1,50,,2,1,0,1,0,65.0,,,,1,2,1,1,6
202100041770,2021-04-11 12:30:00,2021,4,11,12,30,976,97611,tsoundzou-SIM ( rue de la ),-12.81469,45.20072,Plein jour,En agglomération,Hors intersection,Normale,Autre collision,2,1,0,0,2,2,1,0,1,50,,2,1,0,0,1,35.0,,,,1,2,1,1,6
202100041771,2021-02-05 08:51:00,2021,2,5,8,51,93,93055,ESTIENNE D'ORVES (19/FIN ET 20/FIN),48.8898506464,2.4065934505,Plein jour,En agglomération,Hors intersection,Normale,Autre collision,4,2,2,0,2,1,1,0,1,50,,2,1,0,0,1,22.0,,,,1,2,1,1,6
202100041772,2021-01-06 21:30:00,2021,1,6,21,30,73,73065,Ch de Jacob / R des tilleuls,45.56188,5.913355,Nuit avec éclairage allumé,En agglomération,Intersection en T,Normale,Deux véhicules - côté,4,2,2,-1,1,4,1,0,1,30,,2,1,0,0,1,25.0,,,,5,2,3,1,3
202100041773,2021-05-01 20:45:00,2021,5,1,20,45,988,98818,RUE ANDRE DE BECHADE/AVENUE BONAPARTE,-22.24274,166.46096,Nuit avec éclairage allumé,En agglomération,Giratoire,Normale,Autre collision,4,2,2,0,1,1,1,0,1,50,,2,1,0,0,1,39.0,,,,5,2,6,1,6
202100041774,2021-05-01 18:50:00,2021,5,1,18,50,974,97416,ISAUTIER (AVENUE CHARLES),-21.31486,55.45483,Nuit avec éclairage allumé,Hors agglomération,Hors intersection,Normale,Sans collision,4,2,2,0,1,1,9,0,4,50,,1,0,0,1,0,35.0,,,,5,1,1,1,7
202100041775,2021-05-01 14:55:00,2021,5,1,14,55,973,97302,MERE THERESA (rue),4.920144879,-52.3126366139,Plein jour,En agglomération,Hors intersection,Normale,Sans collision,4,2,2,0,1,2,1,0,1,50,,1,0,0,0,1,31.0,,,,1,2,1,1,7
202100041776,2021-05-01 10:55:00,2021,5,1,10,55,973,97302,BADUEL (ROUTE DE),4.92995,-52.30412,Plein jour,En agglomération,Hors intersection,Normale,Sans collision,3,2,2,0,1,1,1,0,1,50,,1,0,0,0,1,44.0,,,,1,2,1,1,7
202100041777,2021-05-01 12:41:00,2021,5,1,12,41,69,69384,ESSES (DES)                         (MO),45.77195,4.81591,Plein jour,En agglomération,Hors intersection,Pluie forte,Deux véhicules - frontale,4,-1,1,0,2,1,2,0,1,50,,3,0,0,0,3,79.0,28.0,,,1,2,1,3,1
202100041778,2021-03-26 07:15:00,2021,3,26,7,15,971,97101,ROUTE DE CHAZEAU,16.28266,-61.48713,Plein jour,Hors agglomération,Autre intersection,Normale,Autre collision,3,-1,2,0,4,1,1,0,1,50,,2,1,0,0,1,39.0,20.0,,,1,1,9,1,6
202100041779,2021-05-01 16:26:00,2021,5,1,16,26,95,95268,AV DE STALINGRAD,48.9657773797,2.4084198475,Plein jour,En agglomération,Hors intersection,Pluie légère,Deux véhicules - frontale,3,2,4,0,1,3,2,0,1,50,,4,3,0,0,1,20.0,43.0,,,1,2,1,2,1
202100041780,2021-04-30 22:15:00,2021,4,30,22,15,91,91667,MARE TAMBOUR (RUE),48.656174,2.334482,Nuit avec éclairage allumé,En agglomération,Hors intersection,Normale,Sans collision,4,2,2,0,1,1,2,0,1,50,,1,0,0,0,1,38.0,,,,5,2,1,1,7
202100041781,2021-05-01 21:35:00,2021,5,1,21,35,91,91589,RUE HENRI DUNANT,48.68015,2.34255,Nuit avec éclairage allumé,En agglomération,Hors intersection,Normale,Trois véhicules et plus - en chaîne,3,1,2,0,1,1,2,0,1,50,,6,5,0,1,0,34.0,20.0,,,5,2,1,1,4
202100041782,2021-05-01 06:05:00,2021,5,1,6,5,83,83137,DARDANELLES (AVE DES),43.12793,5.92222,Crépuscule ou aube,En agglomération,Intersection en X,Pluie légère,Deux véhicules - côté,7,1,2,0,1,1,2,5,1,50,,2,1,0,0,1,28.0,36.0,,,2,2,2,2,3
202100041783,2021-05-01 17:30:00,2021,5,1,17,30,77,77390,AV DU MAL FOCH,48.79018,2.68812,Plein jour,Hors agglomération,Giratoire,Normale,Deux véhicules - frontale,3,2,2,0,1,1,1,0,1,50,,2,1,1,0,0,35.0,58.0,,,1,1,6,1,1
202100041784,2021-05-01 14:30:00,2021,5,1,14,30,77,77186,RD116 PanONF à rte Buttes aux aires,48.431948041,2.7124533635,Plein jour,Hors agglomération,Hors intersection,Normale,Deux véhicules - frontale,3,2,2,0,2,1,1,0,1,80,,3,2,0,0,1,31.0,17.0,,,1,1,1,1,1
202100041785,2021-05-01 21:20:00,2021,5,1,21,20,76,76231,MESLIERS. COTE DES,49.286643,0.995109,Nuit avec éclairage allumé,En agglomération,Hors intersection,Autre,Sans collision,4,-1,1,0,1,1,2,0,4,50,,1,0,0,0,1,31.0,,,,5,2,1,9,7
202100041786,2021-05-01 20:10:00,2021,5,1,20,10,76,76575,COQUELICOTS. RUE DES,49.39094,1.09774,Plein jour,En agglomération,Hors intersection,Normale,Trois véhicules et plus - collisions multiples,4,2,2,0,1,1,2,-1,1,50,,4,3,0,0,1,52.0,18.0,,,1,2,1,1,5
202100041787,2021-04-30 14:54:00,2021,4,30,14,54,65,65440,Giratoire de Bagnères,43.219096,0.071304,Plein jour,En agglomération,Giratoire,Pluie légère,Deux véhicules - côté,2,1,2,0,1,2,2,0,1,50,,2,1,0,0,1,60.0,17.0,,,1,2,6,2,3
202100041788,2021-04-30 16:25:00,2021,4,30,16,25,65,65417,BOUCHAYE (RUE AIME),43.217732,0.102513,Plein jour,En agglomération,Hors intersection,Normale,Deux véhicules - côté,4,2,2,0,1,1,1,0,1,50,,2,1,0,1,0,43.0,22.0,,,1,2,1,1,3
202100041789,2021-04-30 12:00:00,2021,4,30,12,0,65,65251,ALLEE (RUE DE L'),43.21004,0.07411,Plein jour,En agglomération,Hors intersection,Normale,Deux véhicules - côté,4,-1,2,0,1,1,1,0,1,50,,2,1,0,0,1,45.0,78.0,,,1,2,1,1,3
202100041790,2021-04-30 17:11:00,2021,4,30,17,11,65,65440,ADOUR (QUAI DE L'),43.230276,0.087842,Plein jour,En agglomération,Hors intersection,Pluie légère,Deux véhicules - arrière,3,3,4,0,1,1,2,0,1,50,,2,1,0,0,1,82.0,85.0,,,1,2,1,2,2
202100041791,2021-05-01 13:10:00,2021,5,1,13,10,64,64284,GASTON CAMBOT,43.29191,-0.39593,Plein jour,En agglomération,Autre intersection,Normale,Deux véhicules - côté,4,2,2,2,1,1,1,0,1,30,,4,2,0,0,2,21.0,32.0,,,1,2,9,1,3
202100041792,2021-05-01 21:45:00,2021,5,1,21,45,60,60159,Avenue du Général Weygand,49.41323,2.8135,Nuit avec éclairage allumé,En agglomération,Intersection en T,Normale,Deux véhicules - côté,4,2,3,0,1,1,1,5,1,50,,2,1,0,1,0,28.0,46.0,,,5,2,3,1,3
202100041793,2021-04-30 22:50:00,2021,4,30,22,50,59,59599,WATT (CHAUSSEE),50.72484,3.13392,Nuit avec éclairage allumé,En agglomération,Hors intersection,Normale,Deux véhicules - frontale,7,1,2,0,1,1,1,0,1,50,,6,5,0,0,1,19.0,29.0,,,5,2,1,1,1
202100041794,2021-04-30 17:10:00,2021,4,30,17,10,59,59317,BRUNE  (RUE),50.68875,2.93066,Plein jour,Hors agglomération,Hors intersection,Normale,Deux véhicules - arrière,4,2,2,0,1,4,1,0,1,50,,2,0,1,0,1,48.0,76.0,,,1,1,1,1,2
202100041795,2021-05-01 04:45:00,2021,5,1,4,45,51,51454,Boulevard Louis Barthou,49.2338783,4.0296667,Nuit avec éclairage allumé,En agglomération,Hors intersection,Normale,Sans collision,4,3,2,0,2,1,1,0,1,50,,1,0,0,0,1,35.0,,,,5,2,1,1,7
202100041796,2021-04-30 15:35:00,2021,4,30,15,35,51,51108,Place Sainte-Croix,48.9514844848,4.3682893048,Plein jour,En agglomération,Place,Normale,Deux véhicules - côté,3,4,5,0,1,1,1,0,1,50,,3,2,0,1,0,21.0,76.0,,,1,2,7,1,3
202100041797,2021-05-01 20:45:00,2021,5,1,20,45,35,35238,ARMAND (SQUARE LOUIS),48.10362,-1.66251,Plein jour,En agglomération,Hors intersection,Normale,Sans collision,4,1,1,0,1,1,1,0,1,30,,1,0,0,0,1,30.0,,,,1,2,1,1,7
202100041798,2021-05-01 14:15:00,2021,5,1,14,15,35,35278,RENNES (ROND POINT DE),48.13757,-1.68626,Plein jour,En agglomération,Giratoire,Normale,Deux véhicules - côté,4,1,3,0,1,2,1,5,1,50,,2,1,0,1,0,20.0,25.0,,,1,2,6,1,3
202100041799,2021-05-01 08:00:00,2021,5,1,8,0,33,33063,Rue Général de Larminat,44.83331,-0.593,Plein jour,En agglomération,Hors intersection,Normale,Trois véhicules et plus - en chaîne,4,3,4,3,1,1,1,9,1,50,,4,3,0,0,1,41.0,48.0,,,1,2,1,1,4
202100041800,2021-04-10 20:15:00,2021,4,10,20,15,31,31555,CHE AMOUROUX,43.626372,1.459057,Nuit sans éclairage public,En agglomération,Hors intersection,Normale,Deux véhicules - côté,4,-1,2,0,1,1,1,0,1,50,,3,2,0,0,1,26.0,27.0,,,3,2,1,1,3
202100041801,2021-04-30 21:15:00,2021,4,30,21,15,29,29051,Avenue de Coray,48.0082810642,-4.0281629562,Plein jour,Hors agglomération,Hors intersection,Normale,Autre collision,3,2,2,0,1,1,1,0,1,80,,1,0,0,0,1,46.0,,,,1,1,1,1,6
202100041802,2021-05-01 12:00:00,2021,5,1,12,0,14,14341,Rue de Caen,49.158232,-0.346284,Plein jour,En agglomération,Hors intersection,Normale,Autre collision,4,2,2,0,1,1,1,0,1,50,,2,1,0,0,1,35.0,44.0,,,1,2,1,1,6
202100041803,2021-04-30 22:39:00,2021,4,30,22,39,13,13215,LITTORAL (CHEMIN DU),43.3475442079,5.3437609089,Nuit avec éclairage allumé,En agglomération,Hors intersection,Normale,Deux véhicules - côté,7,1,2,0,2,1,1,0,1,50,,4,2,1,0,1,23.0,21.0,,,5,2,1,1,3
202100041804,2021-05-01 16:45:00,2021,5,1,16,45,10,10081,ROCADE OUEST (RD 610),48.3095,4.02292,Plein jour,Hors agglomération,Hors intersection,Normale,Sans collision,3,1,1,0,1,3,1,0,1,50,,1,0,0,0,1,22.0,,,,1,1,1,1,7
202100041805,2021-05-01 08:00:00,2021,5,1,8,0,06,06069,DRAGUIGNAN (ROUTE DE) - D2562-,43.645242,6.89497,Plein jour,En agglomération,Hors intersection,Pluie légère,Deux véhicules - frontale,3,2,2,0,1,2,2,0,1,50,,2,0,0,0,2,49.0,71.0,,,1,2,1,2,1
202100041806,2021-04-30 19:00:00,2021,4,30,19,0,75,75116,PORTE DE SAINT CLOUD,48.83527,2.258863,Plein jour,En agglomération,Hors intersection,Normale,Deux véhicules - côté,4,1,4,0,1,3,1,0,1,70,,2,0,0,1,1,47.0,20.0,,,1,2,1,1,3
202100041807,2021-04-30 02:05:00,2021,4,30,2,5,75,75120,ECHANGEUR BAGNOLET,48.863264,2.413411,Nuit avec éclairage non allumé,En agglomération,Intersection en Y,Normale,Sans collision,4,1,2,0,2,2,1,2,1,70,,1,0,0,1,0,23.0,,,,4,2,4,1,7
202100041808,2021-04-30 17:00:00,2021,4,30,17,0,75,75104,QUAI DE L HOTEL DE VILLE,48.855309,2.352727,Plein jour,En agglomération,Intersection en X,Normale,Autre collision,4,2,2,2,1,1,1,0,1,50,,2,0,0,0,2,27.0,,,,1,2,2,1,6
202100041809,2021-05-01 11:15:00,2021,5,1,11,15,75,75119,BOULEVARD SERURIER,48.883282,2.394967,Plein jour,En agglomération,Intersection en X,Temps couvert,Deux véhicules - côté,4,2,2,0,2,1,1,0,1,30,,2,1,0,0,1,32.0,32.0,,,1,2,2,8,3
202100041810,2021-05-01 14:15:00,2021,5,1,14,15,75,75118,RUE MARX DORMOY,48.886115,2.359479,Plein jour,En agglomération,Intersection en T,Temps couvert,Deux véhicules - côté,4,3,3,1,1,1,1,0,5,50,,2,1,0,0,1,24.0,34.0,,,1,2,3,8,3
202100041811,2021-05-01 09:00:00,2021,5,1,9,0,75,75118,RUE DU MONT CENIS,48.891213,2.343641,Plein jour,En agglomération,Intersection en X,Temps couvert,Deux véhicules - côté,4,1,2,0,2,1,1,0,1,30,,2,1,0,0,1,49.0,21.0,,,1,2,2,8,3
202100041812,2021-05-01 20:20:00,2021,5,1,20,20,75,75117,PLACE DU NICARAGUA,48.88524,2.307116,Crépuscule ou aube,En agglomération,Place,Normale,Deux véhicules - côté,4,1,2,0,1,1,1,0,1,50,,2,0,0,0,2,34.0,31.0,,,2,2,7,1,3
202100041813,2021-05-01 13:20:00,2021,5,1,13,20,75,75117,BOULEVARD BERTHIER,48.893617,2.31173,Plein jour,En agglomération,Intersection en Y,Pluie légère,Deux véhicules - côté,4,3,4,0,1,1,2,0,1,50,,2,1,0,0,1,50.0,26.0,,,1,2,4,2,3
202100041814,2021-05-01 11:50:00,2021,5,1,11,50,75,75117,RUE NOLLET,48.887641,2.320201,Plein jour,En agglomération,Intersection en X,Normale,Autre collision,4,1,0,0,1,1,1,0,1,30,,2,1,0,0,1,60.0,,,,1,2,2,1,6
202100041815,2021-05-01 17:30:00,2021,5,1,17,30,75,75112,CARREFOUR DE PATTE D OIE,48.82231,2.44224,Plein jour,En agglomération,Giratoire,Normale,Deux véhicules - frontale,4,-1,1,0,1,2,1,6,1,20,,2,1,0,0,1,25.0,28.0,,,1,2,6,1,1
202100041816,2021-05-01 14:00:00,2021,5,1,14,0,75,75112,RUE CROZATIER,48.846749,2.381749,Plein jour,En agglomération,Intersection en X,Pluie légère,Deux véhicules - côté,4,2,2,0,1,1,2,0,1,50,,3,2,0,0,1,32.0,31.0,,,1,2,2,2,3
202100041817,2021-05-01 01:40:00,2021,5,1,1,40,75,75111,RUE DU CHEMIN VERT,48.860533,2.379369,Nuit avec éclairage allumé,En agglomération,Hors intersection,Normale,Autre collision,4,1,1,0,2,1,1,0,1,50,,1,0,0,0,1,27.0,,,,5,2,1,1,6
202100041818,2021-05-01 17:05:00,2021,5,1,17,5,75,75110,BOULEVARD DE STRASBOURG,48.872816,2.356189,Plein jour,En agglomération,Hors intersection,Pluie légère,Autre collision,4,1,3,1,1,1,2,0,5,50,,3,2,0,0,1,35.0,,,,1,2,1,2,6
202100041819,2021-04-30 10:30:00,2021,4,30,10,30,75,75108,AVENUE MARCEAU,48.868635,2.299049,Plein jour,En agglomération,Intersection en X,Normale,Deux véhicules - côté,4,2,3,3,1,1,1,0,1,50,,2,1,0,0,1,29.0,49.0,,,1,2,2,1,3
202100041820,2021-05-01 00:24:00,2021,5,1,0,24,75,75114,RUE PERNETY,48.835449,2.315444,Nuit avec éclairage allumé,En agglomération,Intersection en Y,Normale,Deux véhicules - arrière,4,1,2,0,1,2,1,0,1,30,,6,0,0,0,6,30.0,42.0,,,5,2,4,1,2
202100041821,2021-05-01 17:25:00,2021,5,1,17,25,75,75101,RUE ETIENNE MARCEL,48.86443,2.346677,Plein jour,En agglomération,Intersection en X,Temps couvert,Autre collision,4,2,3,0,2,1,2,0,1,30,,3,2,0,0,1,47.0,,,,1,2,2,8,6
202100041822,2021-05-01 18:00:00,2021,5,1,18,0,94,94028,Route de Choisy,48.7876,2.4507,Plein jour,En agglomération,Hors intersection,Normale,Deux véhicules - côté,3,3,6,3,1,1,1,0,1,50,,2,1,0,0,1,16.0,50.0,,,1,2,1,1,3
202100041823,2021-04-30 11:30:00,2021,4,30,11,30,94,94002,Boulevard Carnot,48.79584,2.4259,Plein jour,En agglomération,Intersection en X,Normale,Deux véhicules - côté,4,2,2,0,1,1,1,0,1,50,,3,2,0,0,1,52.0,37.0,,,1,2,2,1,3
202100041824,2021-05-01 17:00:00,2021,5,1,17,0,93,93072,STALINGRAD (AVENUE) DES N°2 AU N°100,48.94858,2.38185,Plein jour,En agglomération,Hors intersection,Pluie légère,Deux véhicules - côté,3,3,4,0,1,1,2,0,1,50,,2,1,0,0,1,45.0,21.0,,,1,2,1,2,3
202100041825,2021-05-01 17:15:00,2021,5,1,17,15,93,93066,Boulevard Anatole France,48.91923,2.34264,Plein jour,En agglomération,Hors intersection,Pluie légère,Trois véhicules et plus - collisions multiples,3,2,2,0,1,1,2,0,1,50,,5,3,0,0,2,35.0,21.0,,,1,2,1,2,5