accident_id,datetime,annee,mois,jour,heure,minute,departement,commune_insee,adresse,latitude,longitude,luminosite,agglomeration,intersection,meteo,collision,catr,circ,nbv,vosp,prof,plan,surf,infra,situ,vma,nb_vehicules,nb_usagers,nb_indemnes,nb_tues,nb_blesses_hosp,nb_blesses_legers,age_cond_1,age_cond_2,veh_type_cond_1,veh_type_cond_2,lum_code,agg_code,int_code,atm_code,col_code
202100041826,2021-05-01 17:20:00,2021,5,1,17,20,93,93066,Rue de la Poterie / Rue Maurice Thorez,48.94231,2.34791,Plein jour,En agglomération,Intersection en T,Pluie légère,Autre collision,4,3,2,3,1,1,2,9,1,50,,2,1,0,0,1,41.0,,,,1,2,3,2,6
202100041827,2021-05-01 20:40:00,2021,5,1,20,40,93,93064,Boulevard d’Alsace-Lorraine / Rue Philibert Hoffmann,48.88393,2.4883,Crépuscule ou aube,En agglomération,Intersection en X,Normale,Deux véhicules - côté,4,2,2,0,1,1,1,0,1,50,,2,1,0,0,1,22.0,35.0,,,2,2,2,1,3
202100041828,2021-05-01 20:00:00,2021,5,1,20,0,93,93008,VAILLANT COUTURIER (AVENUE PAUL),48.90556,2.46533,Plein jour,En agglomération,Hors intersection,Normale,Deux véhicules - arrière,3,2,4,0,1,1,1,0,1,50,,2,0,0,0,2,33.0,22.0,,,1,2,1,1,2
202100041829,2021-04-30 18:00:00,2021,4,30,18,0,93,93007,EMILE ZOLA (RUE),48.94692,2.45524,Plein jour,En agglomération,Autre intersection,Normale,Autre collision,6,-1,0,0,1,1,1,9,8,50,,2,1,0,0,1,44.0,,,,1,2,9,1,6
202100041830,2021-04-30 22:39:00,2021,4,30,22,39,92,92040,STALINGRAD (QUAI DE),48.8277897457,2.2605979443,Nuit avec éclairage allumé,En agglomération,Hors intersection,Normale,Autre collision,3,3,4,0,3,1,1,1,1,50,,1,0,0,1,0,43.0,,,,5,2,1,1,6
202100041831,2021-05-01 11:00:00,2021,5,1,11,0,92,92014,GENERAL LECLERC (AV.) (57 A 135 - 50 A 1,48.77927,2.31523,Plein jour,En agglomération,Hors intersection,Pluie légère,Deux véhicules - arrière,3,1,2,0,1,1,2,6,1,50,,2,1,0,0,1,52.0,34.0,,,1,2,1,2,2
202100041832,2021-05-02 04:00:00,2021,5,2,4,0,29,29262,D18,48.434468,-4.018121,Nuit sans éclairage public,Hors agglomération,Hors intersection,Normale,Autre collision,3,2,2,0,2,4,1,0,3,80,,2,0,0,1,1,20.0,,,,3,1,1,1,6
202100041833,2021-05-02 06:00:00,2021,5,2,6,0,47,47324,Bagatelle Sud,44.63893,0.761125,Crépuscule ou aube,Hors agglomération,Hors intersection,Normale,Autre collision,3,2,2,0,1,2,1,0,8,80,,1,0,0,1,0,24.0,,,,2,1,1,1,6
202100041834,2021-05-02 16:40:00,2021,5,2,16,40,16,16150,Lieu-dit la Basse Perche,45.638857,-0.263543,Plein jour,Hors agglomération,Hors intersection,Normale,Sans collision,3,2,2,0,1,1,1,0,3,80,,1,0,0,1,0,38.0,,,,1,1,1,1,7
202100041835,2021-05-02 10:10:00,2021,5,2,10,10,41,41140,Bognon,47.45453,1.813602,Plein jour,Hors agglomération,Hors intersection,Normale,Sans collision,3,2,2,0,1,1,1,0,3,80,,2,1,0,0,1,20.0,,,,1,1,1,1,7
202100041836,2021-04-20 10:57:00,2021,4,20,10,57,06,06161,avenue de la république,43.643676,7.141027,Plein jour,En agglomération,Intersection en X,Normale,Autre collision,4,2,2,0,1,1,1,0,1,50,,2,1,0,0,1,74.0,,,,1,2,2,1,6
202100041837,2021-04-26 19:15:00,2021,4,26,19,15,64,64172,3055 Route des Landes,43.5408078042,-0.5607914788,Plein jour,Hors agglomération,Intersection en Y,Normale,Sans collision,3,2,2,0,2,3,1,0,1,80,,1,0,0,1,0,47.0,,,,1,1,4,1,7
202100041838,2021-05-01 20:45:00,2021,5,1,20,45,40,40295,RD 834 PK 1 +520,44.387796,-0.812409,Plein jour,Hors agglomération,Hors intersection,Normale,Sans collision,3,2,2,0,1,2,1,0,3,80,,1,0,0,1,0,21.0,,,,1,1,1,1,7
202100041839,2021-05-01 20:20:00,2021,5,1,20,20,57,57529,Route de Rumelange,49.448159,6.024652,Crépuscule ou aube,En agglomération,Hors intersection,Normale,Deux véhicules - frontale,3,2,2,0,1,1,1,0,1,50,,2,0,0,0,2,29.0,21.0,,,2,2,1,1,1
202100041840,2021-05-01 01:30:00,2021,5,1,1,30,80,80620,Chemin Noir,49.932884,2.933191,Nuit sans éclairage public,En agglomération,Hors intersection,Normale,Sans collision,4,1,1,3,2,1,1,0,1,50,,1,0,1,0,0,26.0,,,,3,2,1,1,7
202100041841,2021-05-01 20:00:00,2021,5,1,20,0,71,71351,Chemin de la Ferme Rouge,46.887665,5.280862,Plein jour,En agglomération,Hors intersection,Normale,Sans collision,4,2,2,0,1,2,1,0,3,50,,3,0,0,0,3,47.0,,,,1,2,1,1,7
202100041842,2021-05-01 15:50:00,2021,5,1,15,50,89,89062,D8,47.9258639502,3.8518077135,Plein jour,Hors agglomération,Hors intersection,Normale,Sans collision,3,2,2,0,1,3,1,0,3,80,,1,0,1,0,0,56.0,,,,1,1,1,1,7
202100041843,2021-04-30 17:00:00,2021,4,30,17,0,61,61456,Les Pres,48.777513,0.660483,Plein jour,Hors agglomération,Hors intersection,Normale,Sans collision,3,2,2,0,1,1,1,0,3,90,,1,0,0,1,0,61.0,,,,1,1,1,1,7
202100041844,2021-05-02 19:00:00,2021,5,2,19,0,61,61344,CD 909,48.655607,-0.225434,Plein jour,Hors agglomération,Hors intersection,Normale,Autre collision,3,2,2,0,1,2,1,0,3,90,,1,0,0,1,0,38.0,,,,1,1,1,1,6
202100041845,2021-05-01 16:25:00,2021,5,1,16,25,39,39470,,46.493438,6.044569,Plein jour,Hors agglomération,Hors intersection,Pluie forte,Autre collision,2,2,2,0,2,3,2,0,3,80,,1,0,1,0,0,42.0,,,,1,1,1,3,6
202100041846,2021-05-02 18:15:00,2021,5,2,18,15,44,44102,D63,47.054043,-1.494913,Plein jour,Hors agglomération,Hors intersection,Normale,Deux véhicules - frontale,3,2,2,0,1,1,1,0,1,80,,2,1,1,0,0,23.0,36.0,,,1,1,1,1,1
202100041847,2021-05-02 20:40:00,2021,5,2,20,40,24,24067,Le Pont de Campagne,44.903824,0.958107,Crépuscule ou aube,Hors agglomération,Hors intersection,Normale,Deux véhicules - frontale,3,2,2,0,2,1,1,0,1,50,,2,0,1,0,1,45.0,57.0,,,2,1,1,1,1
202100041848,2021-05-01 19:30:00,2021,5,1,19,30,27,27467,face au 400 rue du haut,49.34454,0.526845,Plein jour,En agglomération,Hors intersection,Normale,Autre collision,9,2,2,0,1,1,1,0,1,30,,2,1,0,1,0,34.0,,,,1,2,1,1,6
202100041849,2021-05-01 16:25:00,2021,5,1,16,25,27,27065,la varenne 27210,49.341133,0.37184,Plein jour,Hors agglomération,Hors intersection,Temps couvert,Autre collision,4,2,2,0,1,2,2,0,3,80,,4,3,0,0,1,19.0,,,,1,1,1,8,6
202100041850,2021-05-01 19:55:00,2021,5,1,19,55,37,37263,Les Halbarderies,47.2862201771,0.852387422,Plein jour,Hors agglomération,Intersection en Y,Normale,Autre collision,3,2,2,0,1,2,1,0,3,80,,1,0,1,0,0,35.0,,,,1,1,4,1,6
202100041851,2021-05-02 01:30:00,2021,5,2,1,30,08,08097,D21,49.306889,4.747853,Nuit sans éclairage public,Hors agglomération,Hors intersection,Normale,Sans collision,3,2,2,0,1,3,1,2,3,80,,1,0,0,1,0,24.0,,,,3,1,1,1,7
202100041852,2021-05-02 01:06:00,2021,5,2,1,6,21,21263,Autoroute A311 Pk 31.770,47.269147,5.036384,Nuit sans éclairage public,Hors agglomération,Hors intersection,Normale,Autre collision,1,3,4,0,1,2,1,3,8,90,,2,0,1,1,0,23.0,,,,3,1,1,1,6
202100041853,2021-05-02 17:40:00,2021,5,2,17,40,60,60138,A1 barrière de péage de CHAMANT pk 44+000,49.2154601021,2.6261315344,Plein jour,Hors agglomération,Hors intersection,Normale,Autre collision,1,1,5,0,1,1,1,7,6,30,,2,0,0,2,0,65.0,,,,1,1,1,1,6
202100041854,2021-05-01 13:00:00,2021,5,1,13,0,27,27580,A13,49.353616,0.885,Plein jour,Hors agglomération,Hors intersection,Normale,Autre collision,1,1,5,0,1,1,1,0,1,130,,3,0,0,1,2,51.0,,,,1,1,1,1,6
202100041855,2021-04-30 12:20:00,2021,4,30,12,20,67,67112,39 Rue du General de Gaulle,48.522302,7.568569,Plein jour,En agglomération,Hors intersection,Pluie légère,Deux véhicules - côté,3,2,2,0,1,1,2,0,4,50,,2,1,0,0,1,59.0,50.0,,,1,2,1,2,3
202100041856,2021-03-26 19:15:00,2021,3,26,19,15,01,01405,Route de Lent,46.130473,5.169698,Nuit sans éclairage public,Hors agglomération,Hors intersection,Normale,Autre collision,3,2,2,0,1,1,1,0,1,80,,2,1,0,1,0,56.0,,,,3,1,1,1,6
202100041857,2021-05-02 16:10:00,2021,5,2,16,10,81,81105,84 Avenue Charles de Gaulle,43.760928,1.975892,Plein jour,En agglomération,Hors intersection,Normale,Sans collision,4,2,2,0,1,1,1,9,1,50,,2,0,0,1,1,15.0,,,,1,2,1,1,7
202100041858,2021-05-01 17:30:00,2021,5,1,17,30,81,81105,route départementale D43,43.791141,2.029499,Plein jour,Hors agglomération,Hors intersection,Pluie légère,Sans collision,3,2,2,0,1,2,2,0,3,80,,1,0,0,1,0,64.0,,,,1,1,1,2,7
202100041859,2021-05-01 18:45:00,2021,5,1,18,45,64,64315,D802,43.294856,-0.4139,Plein jour,Hors agglomération,Hors intersection,Normale,Trois véhicules et plus - collisions multiples,3,2,2,0,1,3,2,0,1,70,,3,2,0,1,0,25.0,50.0,,,1,1,1,1,5
202100041860,2021-05-01 17:00:00,2021,5,1,17,0,29,29181,Lieu-dit Kerhamon,48.463951,-4.228857,Plein jour,Hors agglomération,Intersection en X,Temps éblouissant,Deux véhicules - arrière,3,2,2,0,1,1,1,5,1,80,,2,1,0,1,0,34.0,41.0,,,1,1,2,7,2
202100041861,2021-05-01 17:40:00,2021,5,1,17,40,59,59441,Rue Wuillaume,50.27668,3.775841,Plein jour,En agglomération,Hors intersection,Normale,Autre collision,3,2,2,0,2,4,1,0,3,50,,2,1,0,0,1,67.0,,,,1,2,1,1,6
202100041862,2021-04-30 20:00:00,2021,4,30,20,0,91,91103,RN 104,48.62483,2.3111,Plein jour,Hors agglomération,Hors intersection,Normale,Trois véhicules et plus - en chaîne,2,3,2,0,1,1,1,0,1,110,,3,1,0,0,2,24.0,55.0,,,1,1,1,1,4
202100041863,2021-05-01 08:00:00,2021,5,1,8,0,78,78073,N12Y,48.796953,2.021976,Plein jour,Hors agglomération,Hors intersection,Normale,Deux véhicules - côté,2,3,4,0,1,1,1,0,1,110,,2,1,0,0,1,49.0,38.0,,,1,1,1,1,3
202100041864,2021-04-30 21:30:00,2021,4,30,21,30,78,78672,A13,48.929396,1.985569,Nuit sans éclairage public,Hors agglomération,Hors intersection,Normale,Autre collision,1,3,6,0,2,1,1,0,1,130,,1,0,0,0,1,19.0,,,,3,1,1,1,6
202100041865,2021-04-30 22:49:00,2021,4,30,22,49,94,94073,A86 EXT,48.770201,2.381564,Nuit avec éclairage allumé,Hors agglomération,Hors intersection,Normale,Autre collision,1,1,3,0,1,3,1,1,1,90,,1,0,0,0,1,28.0,,,,5,1,1,1,6
202100041866,2021-04-30 16:20:00,2021,4,30,16,20,94,94017,A4,48.8288,2.5014,Plein jour,Hors agglomération,Hors intersection,Normale,Trois véhicules et plus - en chaîne,1,-1,5,0,1,1,1,1,1,90,,6,4,0,0,2,36.0,48.0,,,1,1,1,1,4
202100041867,2021-04-30 17:05:00,2021,4,30,17,5,974,97411,JAURES (BOULEVARD JEAN),-20.8899,55.46398,Plein jour,En agglomération,Intersection en T,Normale,Autre collision,2,3,3,1,1,1,1,0,1,50,,2,1,0,0,1,47.0,,,,1,2,3,1,6
202100041868,2021-04-30 13:00:00,2021,4,30,13,0,974,97411,Rocade de l’Oasis,-20.89866,55.46728,Plein jour,En agglomération,Hors intersection,Normale,Trois véhicules et plus - en chaîne,4,2,2,0,2,1,1,0,1,50,,5,3,0,0,2,26.0,49.0,,,1,2,1,1,4
202100041869,2021-04-29 15:00:00,2021,4,29,15,0,974,97411,MONTAGNE (ROUTE DE LA),-20.88742,55.43783,Plein jour,Hors agglomération,Hors intersection,Pluie légère,Trois véhicules et plus - en chaîne,3,2,2,0,2,4,2,0,1,70,,3,2,0,0,1,55.0,23.0,,,1,1,1,2,4
202100041870,2021-04-30 12:25:00,2021,4,30,12,25,973,97302,MONTABO (ROUTE DE) 2,4.9385605114,-52.299635768,Plein jour,En agglomération,Autre intersection,Normale,Deux véhicules - côté,3,2,1,2,1,1,1,0,1,50,,2,1,0,1,0,24.0,23.0,,,1,2,9,1,3
202100041871,2021-04-30 11:50:00,2021,4,30,11,50,69,69387,JEAN JAURES (AV),45.73615,4.83645,Plein jour,En agglomération,Intersection en X,Pluie forte,Autre collision,4,2,2,0,1,1,2,0,1,50,,2,1,0,0,1,75.0,,,,1,2,2,3,6
202100041872,2021-04-30 09:00:00,2021,4,30,9,0,69,69388,ANTOINE LUMIERE (R),45.7401484316,4.8675667225,Plein jour,En agglomération,Hors intersection,Pluie légère,Deux véhicules - arrière,4,1,2,3,1,1,2,0,1,50,,2,1,0,0,1,24.0,,,,1,2,1,2,2
202100041873,2021-04-30 16:50:00,2021,4,30,16,50,69,69385,CHOULAND (DE) (MO),45.7519837471,4.8170596361,Plein jour,En agglomération,Hors intersection,Temps couvert,Sans collision,4,2,4,0,2,2,2,0,1,50,,1,0,0,0,1,58.0,,,,1,2,1,8,7
202100041874,2021-04-28 16:50:00,2021,4,28,16,50,69,69385,COMMANDANT CHARCOT (R),45.7538,4.8055,Plein jour,En agglomération,Hors intersection,Normale,Deux véhicules - côté,4,2,4,0,1,1,1,0,1,30,,4,3,0,0,1,28.0,20.0,,,1,2,1,1,3
202100041875,2021-04-29 21:00:00,2021,4,29,21,0,95,95288,PASTEUR (RUE),48.986291,2.351758,Nuit sans éclairage public,En agglomération,Intersection en X,Normale,Deux véhicules - côté,4,1,1,0,1,1,1,0,1,50,,2,1,0,1,0,58.0,20.0,,,3,2,2,1,3
202100041876,2021-04-30 16:20:00,2021,4,30,16,20,95,95018,RD 311,48.95736,2.28729,Plein jour,En agglomération,Intersection en T,Normale,Autre collision,3,3,3,0,1,1,1,0,1,50,,2,1,0,0,1,,,,,1,2,3,1,6
202100041877,2021-04-29 11:55:00,2021,4,29,11,55,91,91027,RTE DE FONTAINEBLEAU,48.71612,2.37101,Plein jour,En agglomération,Intersection en X,Normale,Deux véhicules - côté,3,1,2,0,1,1,1,0,1,50,,3,1,0,0,2,49.0,47.0,,,1,2,2,1,3
202100041878,2021-04-30 08:40:00,2021,4,30,8,40,88,88415,rue de la Moselotte,48.01796,6.61599,Plein jour,En agglomération,Hors intersection,Pluie forte,Sans collision,3,2,2,0,2,1,2,0,3,50,,1,0,1,0,0,46.0,,,,1,2,1,3,7
202100041879,2021-04-29 15:21:00,2021,4,29,15,21,87,87085,BARBES (RUE ARMAND),45.83732,1.26182,Plein jour,En agglomération,Intersection en T,Normale,Deux véhicules - côté,4,2,2,0,1,1,1,0,1,50,,2,1,0,0,1,20.0,79.0,,,1,2,3,1,3
202100041880,2021-04-30 12:30:00,2021,4,30,12,30,86,86194,Rue Gaston Hulin,46.582617,0.340547,Plein jour,En agglomération,Intersection en T,Normale,Autre collision,4,1,2,0,1,1,1,0,1,50,,2,1,0,0,1,43.0,46.0,,,1,2,3,1,6
202100041881,2021-04-29 18:15:00,2021,4,29,18,15,86,86194,Rocade Nord Ouest,46.578866,0.315119,Plein jour,Hors agglomération,Intersection en X,Normale,Deux véhicules - côté,3,2,6,0,1,1,1,5,1,70,,2,1,0,0,1,33.0,35.0,,,1,1,2,1,3
202100041882,2021-04-30 18:20:00,2021,4,30,18,20,81,81065,ALBERT 1° (AV),43.597902,2.22957,Plein jour,En agglomération,Hors intersection,Normale,Deux véhicules - côté,4,2,2,0,1,1,1,0,1,50,,2,1,0,0,1,19.0,34.0,,,1,2,1,1,3
202100041883,2021-04-27 13:46:00,2021,4,27,13,46,76,76349,DIEPPE (ROUTE DE),49.90145,1.05171,Plein jour,En agglomération,Intersection en X,Normale,Sans collision,3,2,2,0,2,1,1,5,1,50,,2,1,0,1,0,78.0,,,,1,2,2,1,7
202100041884,2021-04-30 19:10:00,2021,4,30,19,10,72,72181,NATIONS UNIES (BD DES),47.99534,0.22742,Plein jour,En agglomération,Intersection en T,Pluie légère,Deux véhicules - côté,4,2,2,0,1,1,2,0,1,50,,2,1,0,0,1,25.0,42.0,,,1,2,3,2,3
202100041885,2021-04-30 23:20:00,2021,4,30,23,20,69,69266,PERIPHERIQUE NORD (BD),45.7852622033,4.8901605606,Nuit avec éclairage allumé,En agglomération,Hors intersection,Normale,Deux véhicules - arrière,4,1,1,0,1,1,1,0,1,50,,6,5,0,1,0,45.0,39.0,,,5,2,1,1,2
202100041886,2021-04-30 13:20:00,2021,4,30,13,20,69,69256,GASTON BACHELARD (CHM),45.77819,4.9143,Plein jour,En agglomération,Intersection en T,Pluie légère,Autre collision,4,2,2,0,1,1,2,0,1,50,,3,2,0,0,1,48.0,,,,1,2,3,2,6
202100041887,2021-04-27 19:01:00,2021,4,27,19,1,67,67180,RD 37,48.81215,7.93295,Plein jour,Hors agglomération,Hors intersection,Normale,Deux véhicules - côté,3,2,2,0,1,1,1,0,1,80,,2,1,0,0,1,36.0,49.0,,,1,1,1,1,3
202100041888,2021-04-30 12:09:00,2021,4,30,12,9,64,64483,LAHANCHIPIA (AVENUE),43.4019,-1.63332,Plein jour,En agglomération,Hors intersection,Normale,Deux véhicules - côté,6,-1,0,0,1,1,1,9,8,30,,2,1,0,0,1,58.0,18.0,,,1,2,1,1,3
202100041889,2021-04-30 18:35:00,2021,4,30,18,35,59,59378,REPUBLIQUE AV DE LA (N°829-931),50.66215,3.09627,Plein jour,En agglomération,Intersection à plus de 4 branches,Temps couvert,Deux véhicules - côté,7,2,-1,1,1,1,1,5,5,50,,2,1,0,0,1,20.0,54.0,,,1,2,5,8,3
202100041890,2021-04-29 19:45:00,2021,4,29,19,45,59,59386,MARTYRS DE LA RESISTANCE RUE DES,50.67638,3.06489,Plein jour,En agglomération,Intersection en T,Normale,Deux véhicules - côté,4,2,2,0,1,1,1,0,1,30,,3,2,0,0,1,42.0,22.0,,,1,2,3,1,3
202100041891,2021-04-29 18:25:00,2021,4,29,18,25,57,57630,BELLEVUE (DE),48.7443982,7.0661446,Plein jour,En agglomération,Intersection en X,Normale,Deux véhicules - côté,4,2,2,0,1,1,1,5,1,50,,2,1,0,0,1,35.0,54.0,,,1,2,2,1,3
202100041892,2021-04-30 16:00:00,2021,4,30,16,0,54,54328,RD 570,48.61027,6.174,Plein jour,Hors agglomération,Hors intersection,Normale,Deux véhicules - côté,7,2,2,1,2,1,1,0,1,70,,2,0,0,0,2,47.0,72.0,,,1,1,1,1,3
202100041893,2021-04-28 12:50:00,2021,4,28,12,50,54,54184,BAS CHATEAU (RUE DU),48.70704,6.2177,Plein jour,En agglomération,Intersection en T,Normale,Deux véhicules - côté,4,2,2,0,2,1,1,0,1,20,,2,1,0,0,1,48.0,29.0,,,1,2,3,1,3
202100041894,2021-04-24 11:10:00,2021,4,24,11,10,53,53130,FERME DE BOIS GAMATS ( CHEMIN DE LA ),48.052368,-0.783655,Plein jour,En agglomération,Hors intersection,Normale,Sans collision,4,-1,2,0,1,1,1,0,1,50,,1,0,0,1,0,74.0,,,,1,2,1,1,7
202100041895,2021-04-29 17:55:00,2021,4,29,17,55,52,52121,VAL BARIZIEN (RUE DU),48.10717,5.13281,Plein jour,En agglomération,Hors intersection,Normale,Deux véhicules - côté,4,-1,2,0,1,1,1,0,1,50,,2,1,0,0,1,83.0,20.0,,,1,2,1,1,3
202100041896,2021-04-29 13:24:00,2021,4,29,13,24,51,51454,Rue Gutenberg,49.2750510165,4.0025541377,Plein jour,En agglomération,Hors intersection,Normale,Deux véhicules - côté,4,2,2,0,1,1,1,0,1,50,,2,1,0,0,1,51.0,41.0,,,1,2,1,1,3
202100041897,2021-04-30 09:45:00,2021,4,30,9,45,45,45234,Avenue Jean Zay,47.90636,1.92193,Plein jour,En agglomération,Hors intersection,Normale,Deux véhicules - arrière,4,3,4,0,1,1,1,0,1,50,,2,1,0,0,1,48.0,42.0,,,1,2,1,1,2
202100041898,2021-04-29 18:35:00,2021,4,29,18,35,45,45274,Route de Sandillon,47.8692591785,1.9551167742,Plein jour,En agglomération,Hors intersection,Normale,Deux véhicules - arrière,7,2,2,0,1,1,1,0,1,80,,3,2,0,0,1,31.0,21.0,,,1,2,1,1,2
202100041899,2021-04-28 08:35:00,2021,4,28,8,35,43,43157,REPUBLIQUE (BD DE LA),45.0465,3.89209,Plein jour,En agglomération,Intersection en Y,Pluie légère,Sans collision,3,2,2,0,1,1,2,0,1,50,,1,0,0,0,1,45.0,,,,1,2,4,2,7
202100041900,2021-04-30 21:15:00,2021,4,30,21,15,37,37122,RD 37,47.3409376466,0.6515160799,Nuit sans éclairage public,En agglomération,Hors intersection,Normale,Deux véhicules - arrière,7,3,4,0,1,1,1,0,3,90,,2,1,0,1,0,48.0,32.0,,,3,2,1,1,2
202100041901,2021-04-30 10:40:00,2021,4,30,10,40,37,37261,JOLIVET (RUE),47.39336,0.7039,Plein jour,En agglomération,Hors intersection,Normale,Autre collision,4,1,1,0,1,1,1,0,1,50,,2,1,0,0,1,18.0,,,,1,2,1,1,6
202100041902,2021-04-03 10:27:00,2021,4,3,10,27,36,36044,Avenue Charles de Gaulle,46.8101,1.68773,Plein jour,En agglomération,Giratoire,Normale,Deux véhicules - côté,4,2,2,0,1,1,1,0,1,50,,2,1,0,0,1,59.0,79.0,,,1,2,6,1,3
202100041903,2021-04-30 19:00:00,2021,4,30,19,0,35,35238,NANTES (RUE DE),48.09182,-1.69181,Plein jour,En agglomération,Hors intersection,Normale,Deux véhicules - côté,7,2,2,1,1,1,1,0,1,50,,2,1,0,0,1,,30.0,,,1,2,1,1,3
202100041904,2021-04-30 17:20:00,2021,4,30,17,20,35,35047,La Perelle,48.06599,-1.74998,Plein jour,Hors agglomération,Hors intersection,Normale,Sans collision,4,2,2,0,1,3,1,0,1,30,,2,1,0,1,0,26.0,22.0,,,1,1,1,1,7
202100041905,2021-04-30 12:40:00,2021,4,30,12,40,35,35051,BRAY (RUE DE),48.10879,-1.60324,Plein jour,En agglomération,Giratoire,Normale,Deux véhicules - côté,4,-1,2,0,1,2,1,0,1,50,,2,1,0,0,1,17.0,22.0,,,1,2,6,1,3
202100041906,2021-04-29 19:00:00,2021,4,29,19,0,34,34172,TOULOUSE (AVENUE DE),43.58784,3.8543,Plein jour,En agglomération,Autre intersection,Normale,Deux véhicules - arrière,4,1,1,0,1,1,1,0,1,50,,2,1,0,0,1,51.0,21.0,,,1,2,9,1,2
202100041907,2021-04-29 18:05:00,2021,4,29,18,5,33,33162,Avenue du Taillan-Médoc,44.87374,-0.63515,Plein jour,En agglomération,Hors intersection,Pluie légère,Deux véhicules - frontale,4,2,2,0,3,3,2,2,1,50,,2,1,1,0,0,19.0,77.0,,,1,2,1,2,1
202100041908,2021-04-16 02:50:00,2021,4,16,2,50,25,25580,VERNOIS (RUE DU),47.45975,6.83196,Nuit avec éclairage allumé,En agglomération,Intersection en X,Normale,Deux véhicules - côté,3,2,2,0,1,1,1,0,1,50,,3,1,0,2,0,21.0,39.0,,,5,2,2,1,3
202100041909,2021-04-30 09:30:00,2021,4,30,9,30,25,25056,LUXEMBOURG RUE DU,47.223282,5.966201,Plein jour,En agglomération,Intersection en T,Pluie forte,Autre collision,4,2,2,0,1,1,2,5,4,50,,1,0,0,0,1,22.0,,,,1,2,3,3,6
202100041910,2021-04-28 08:30:00,2021,4,28,8,30,21,21231,Avenue Jean Jaurès,47.30740558,5.0247920256,Plein jour,En agglomération,Autre intersection,Normale,Deux véhicules - côté,7,3,2,0,1,1,1,0,4,50,,2,1,0,1,0,26.0,53.0,,,1,2,9,1,3
202100041911,2021-04-28 08:25:00,2021,4,28,8,25,19,19272,Dr Aimé Audubert (Rue),45.24991,1.76643,Plein jour,En agglomération,Hors intersection,Pluie forte,Deux véhicules - arrière,3,2,2,0,1,3,2,0,1,50,,2,1,0,0,1,27.0,57.0,,,1,2,1,3,2
202100041912,2021-04-30 18:20:00,2021,4,30,18,20,17,17300,07 PK RN237 RE MOULIN JUSTICE,46.17118,-1.18817,Plein jour,Hors agglomération,Hors intersection,Normale,Sans collision,2,3,4,0,1,3,2,0,2,90,,1,0,0,0,1,20.0,,,,1,1,1,1,7
202100041913,2021-04-27 17:15:00,2021,4,27,17,15,15,15014,ANGOULEME (COUR D'),44.93027,2.45,Plein jour,En agglomération,Autre intersection,Normale,Deux véhicules - arrière,4,2,2,0,1,1,1,0,1,50,,2,1,0,0,1,55.0,56.0,,,1,2,9,1,2
202100041914,2021-04-28 16:30:00,2021,4,28,16,30,13,13103,CHEMIN DE LA SAGNE,43.626222,5.083932,Plein jour,En agglomération,Hors intersection,Temps couvert,Autre collision,4,2,2,0,1,2,1,0,1,50,,2,0,0,2,0,16.0,,,,1,2,1,8,6
202100041915,2021-05-01 00:30:00,2021,5,1,0,30,13,13212,SAINT JULIEN (AVENUE DE ),43.3076609137,5.4253524542,Nuit avec éclairage allumé,En agglomération,Intersection en X,Normale,Deux véhicules - côté,4,3,6,2,4,1,1,0,1,50,,3,1,0,2,0,22.0,20.0,,,5,2,2,1,3
202100041916,2021-04-30 14:35:00,2021,4,30,14,35,13,13209,DES PINS (allée),43.25497,5.41521,Plein jour,En agglomération,Hors intersection,Temps couvert,Deux véhicules - frontale,9,2,2,0,2,3,1,9,1,30,,1,0,0,0,1,35.0,,,,1,2,1,8,1
202100041917,2021-04-30 14:55:00,2021,4,30,14,55,13,13201,HOTEL DES POSTES (PLACE DE L'),43.29921,5.37465,Plein jour,En agglomération,Hors intersection,Normale,Deux véhicules - côté,4,2,2,0,1,1,1,0,1,50,,2,1,0,1,0,55.0,23.0,,,1,2,1,1,3
202100041918,2021-04-30 13:00:00,2021,4,30,13,0,13,13210,PONT DE VIVAUX (BOULEVARD),43.2815949915,5.4268330336,Plein jour,En agglomération,Intersection en T,Normale,Deux véhicules - côté,7,2,0,0,1,1,1,0,1,50,,2,1,0,1,0,26.0,37.0,,,1,2,3,1,3
202100041919,2021-04-29 07:30:00,2021,4,29,7,30,11,11069,BARBES BD IMPAIR,43.2102,2.3475,Plein jour,En agglomération,Hors intersection,Pluie légère,Sans collision,3,1,2,0,2,1,2,9,1,50,,1,0,0,0,1,49.0,,,,1,2,1,2,7
202100041920,2021-04-30 06:40:00,2021,4,30,6,40,06,06088,DIGUE DES FRANCAIS (TRAV. DE LA),43.67664,7.20141,Plein jour,En agglomération,Autre intersection,Normale,Autre collision,7,1,4,0,1,2,1,2,6,50,,2,0,0,0,2,27.0,35.0,,,1,2,9,1,6
202100041921,2021-04-30 19:55:00,2021,4,30,19,55,06,06069,RAYBAUD (AVENUE FELIX)  - D609-,43.640756,6.911627,Crépuscule ou aube,En agglomération,Giratoire,Temps couvert,Deux véhicules - côté,3,1,1,0,2,2,1,0,1,30,,2,1,0,0,1,18.0,20.0,,,2,2,6,8,3
202100041922,2021-04-30 10:00:00,2021,4,30,10,0,06,06123,BARONNE ROUTE DE LA,43.705335,7.177681,Plein jour,En agglomération,Hors intersection,Normale,Deux véhicules - arrière,7,2,2,0,1,2,1,0,1,50,,2,1,0,0,1,43.0,20.0,,,1,2,1,1,2