accident_id,datetime,annee,mois,jour,heure,minute,departement,commune_insee,adresse,latitude,longitude,luminosite,agglomeration,intersection,meteo,collision,catr,circ,nbv,vosp,prof,plan,surf,infra,situ,vma,nb_vehicules,nb_usagers,nb_indemnes,nb_tues,nb_blesses_hosp,nb_blesses_legers,age_cond_1,age_cond_2,veh_type_cond_1,veh_type_cond_2,lum_code,agg_code,int_code,atm_code,col_code
202100041923,2021-04-28 10:00:00,2021,4,28,10,0,06,06027,COLLE AVENUE DE LA,43.66173,7.127568,Plein jour,En agglomération,Autre intersection,Normale,Deux véhicules - frontale,7,4,3,0,2,1,1,0,1,50,,2,1,0,0,1,35.0,34.0,,,1,2,9,1,1
202100041924,2021-04-30 12:30:00,2021,4,30,12,30,75,75118,AVENUE DE LA PORTE DE SAINT OUEN,48.897647,2.329001,Plein jour,En agglomération,Intersection en X,Normale,Deux véhicules - côté,4,1,4,0,1,1,1,0,1,50,,3,2,0,0,1,63.0,41.0,,,1,2,2,1,3
202100041925,2021-04-30 09:05:00,2021,4,30,9,5,75,75118,BOULEVARD DE LA CHAPELLE,48.884505,2.364212,Plein jour,En agglomération,Intersection en Y,Normale,Deux véhicules - côté,4,1,3,1,1,3,1,0,5,50,,2,1,0,0,1,68.0,36.0,,,1,2,4,1,3
202100041926,2021-04-30 19:40:00,2021,4,30,19,40,75,75115,RUE EMERIAU,48.8486383415,2.2851233954,Crépuscule ou aube,En agglomération,Intersection en T,Normale,Deux véhicules - côté,4,2,2,0,1,1,1,0,1,50,,2,1,0,0,1,35.0,66.0,,,2,2,3,1,3
202100041927,2021-04-30 11:08:00,2021,4,30,11,8,75,75115,RUE FONDARY,48.846479,2.297378,Plein jour,En agglomération,Hors intersection,Normale,Deux véhicules - côté,4,1,1,1,1,1,1,0,5,50,,2,1,0,0,1,31.0,31.0,,,1,2,1,1,3
202100041928,2021-04-30 15:30:00,2021,4,30,15,30,75,75114,AVENUE REILLE,48.824471,2.338349,Plein jour,En agglomération,Intersection en T,Normale,Autre collision,4,2,2,0,2,1,1,0,4,50,,2,0,0,0,2,23.0,,,,1,2,3,1,6
202100041929,2021-04-30 16:45:00,2021,4,30,16,45,75,75112,BOULEVARD DE PICPUS,48.845969,2.400786,Plein jour,En agglomération,Hors intersection,Normale,Deux véhicules - côté,4,2,2,1,1,1,1,0,5,50,,2,1,0,0,1,40.0,34.0,,,1,2,1,1,3
202100041930,2021-04-30 09:30:00,2021,4,30,9,30,75,75110,PLACE DU COLONEL FABIEN,48.877632,2.370391,Plein jour,En agglomération,Place,Normale,Deux véhicules - côté,4,1,1,0,1,2,1,0,1,30,,2,1,0,0,1,44.0,37.0,,,1,2,7,1,3
202100041931,2021-04-30 11:10:00,2021,4,30,11,10,75,75109,BOULEVARD MONTMARTRE,48.871485,2.343051,Plein jour,En agglomération,Intersection en X,Normale,Deux véhicules - côté,4,2,2,1,1,1,1,0,5,50,,2,1,0,0,1,29.0,30.0,,,1,2,2,1,3
202100041932,2021-04-30 18:45:00,2021,4,30,18,45,75,75107,RUE DE GRENELLE,48.858018,2.309351,Plein jour,En agglomération,Intersection en T,Normale,Autre collision,4,1,1,0,1,1,1,0,1,50,,2,1,0,0,1,60.0,,,,1,2,3,1,6
202100041933,2021-04-30 16:20:00,2021,4,30,16,20,75,75101,RUE DES HALLES,48.860026,2.346475,Plein jour,En agglomération,Intersection à plus de 4 branches,Normale,Autre collision,4,1,1,1,1,1,1,0,1,30,,2,1,0,0,1,16.0,,,,1,2,5,1,6
202100041934,2021-04-30 13:20:00,2021,4,30,13,20,75,75103,RUE BEAUBOURG,48.863753,2.354889,Plein jour,En agglomération,Intersection en X,Normale,Deux véhicules - frontale,4,1,2,3,1,1,1,0,6,30,,2,1,0,0,1,25.0,56.0,,,1,2,2,1,1
202100041935,2021-04-30 11:20:00,2021,4,30,11,20,75,75104,PONT DE SULLY,48.850434,2.360082,Plein jour,En agglomération,Intersection en Y,Normale,Autre collision,4,2,3,3,1,1,1,2,1,30,,2,0,0,0,2,38.0,,,,1,2,4,1,6
202100041936,2021-04-28 19:10:00,2021,4,28,19,10,94,94068,Boulevard de Champigny,48.808814,2.509424,Plein jour,En agglomération,Hors intersection,Normale,Deux véhicules - côté,3,2,2,0,1,1,1,0,1,30,,2,1,0,1,0,19.0,55.0,,,1,2,1,1,3
202100041937,2021-04-30 18:00:00,2021,4,30,18,0,94,94016,Avenue Léon Blum,48.78677,2.33747,Plein jour,En agglomération,Intersection en X,Normale,Deux véhicules - côté,4,2,2,0,2,1,1,0,1,50,,5,3,0,0,2,22.0,21.0,,,1,2,2,1,3
202100041938,2021-04-30 08:30:00,2021,4,30,8,30,94,94016,Rue des Anciens Combattants,48.79635,2.33539,Plein jour,En agglomération,Hors intersection,Normale,Deux véhicules - côté,3,1,1,0,1,1,1,0,4,50,,2,1,0,0,1,46.0,59.0,,,1,2,1,1,3
202100041939,2021-04-30 13:55:00,2021,4,30,13,55,94,94073,Avenue de Versailles,48.75648,2.38748,Plein jour,En agglomération,Hors intersection,Normale,Autre collision,3,1,2,0,1,1,1,0,1,50,,1,0,0,0,1,24.0,,,,1,2,1,1,6
202100041940,2021-04-30 19:27:00,2021,4,30,19,27,94,94028,Chemin du Bras du Chapitre,48.7912,2.46951,Plein jour,En agglomération,Hors intersection,Normale,Autre collision,4,2,1,0,1,1,1,0,1,20,,2,1,0,0,1,41.0,,,,1,2,1,1,6
202100041941,2021-04-28 18:15:00,2021,4,28,18,15,94,94011,Avenue de Boissy,48.76307,2.49411,Plein jour,En agglomération,Hors intersection,Normale,Deux véhicules - arrière,3,2,4,0,1,1,1,0,1,50,,2,1,0,0,1,49.0,29.0,,,1,2,1,1,2
202100041942,2021-04-30 10:50:00,2021,4,30,10,50,94,94019,Route de la Libération,48.80161,2.54052,Plein jour,En agglomération,Hors intersection,Normale,Autre collision,3,-1,2,0,1,1,1,0,1,50,,2,1,0,0,1,91.0,,,,1,2,1,1,6
202100041943,2021-04-30 09:15:00,2021,4,30,9,15,94,94071,Avenue Charles de Gaulle,48.76654,2.53229,Plein jour,En agglomération,Hors intersection,Normale,Deux véhicules - arrière,4,2,2,0,1,1,1,0,1,50,,2,1,0,0,1,,26.0,,,1,2,1,1,2
202100041944,2021-04-30 17:41:00,2021,4,30,17,41,93,93066,LENINE (AVENUE) NR 2 A 26,48.938094,2.368489,Plein jour,En agglomération,Hors intersection,Normale,Deux véhicules - côté,3,2,4,0,2,1,1,0,1,50,,2,1,0,0,1,41.0,60.0,,,1,2,1,1,3
202100041945,2021-04-30 10:00:00,2021,4,30,10,0,93,93066,FORT DE LA BRICHE,48.942063,2.341564,Plein jour,En agglomération,Intersection en T,Normale,Deux véhicules - côté,3,2,2,0,1,1,1,0,1,50,,4,3,0,0,1,49.0,36.0,,,1,2,3,1,3
202100041946,2021-04-30 20:00:00,2021,4,30,20,0,93,93064,KENNEDY (AVENUE DU PRESIDENT),48.87821,2.48857,Plein jour,En agglomération,Hors intersection,Normale,Deux véhicules - côté,3,2,2,0,1,1,1,0,1,50,,2,1,0,0,1,24.0,38.0,,,1,2,1,1,3
202100041947,2021-04-30 11:45:00,2021,4,30,11,45,93,93062,MONTFERMEIL (ALLEE DE) 118-160,48.8966583839,2.5301921368,Plein jour,En agglomération,Intersection en X,Normale,Deux véhicules - côté,3,2,2,0,2,1,1,0,1,50,,2,1,0,0,1,33.0,91.0,,,1,2,2,1,3
202100041948,2021-04-30 18:50:00,2021,4,30,18,50,93,93048,PRESIDENT WILSON (AVENUE DU),48.855660849,2.4395569358,Plein jour,En agglomération,Intersection en X,Normale,Deux véhicules - côté,4,2,2,0,1,1,1,0,1,50,,2,1,0,0,1,22.0,56.0,,,1,2,2,1,3
202100041949,2021-04-29 14:15:00,2021,4,29,14,15,93,93006,REPUBLIQUE AVENUE DE LA,48.8608698917,2.4186248272,Plein jour,En agglomération,Hors intersection,Normale,Autre collision,3,1,2,0,1,1,1,0,1,50,,2,1,0,0,1,28.0,,,,1,2,1,1,6
202100041950,2021-04-30 18:45:00,2021,4,30,18,45,93,93047,JEAN JAURES (AVENUE),48.89859,2.55005,Plein jour,En agglomération,Hors intersection,Normale,Deux véhicules - côté,3,3,2,1,1,1,1,9,5,50,,2,1,0,0,1,25.0,49.0,,,1,2,1,1,3
202100041951,2021-04-30 16:40:00,2021,4,30,16,40,93,93001,PRESIDENT ROOSEVELT (AVENUE DU),48.91739,2.38005,Plein jour,En agglomération,Intersection en X,Normale,Deux véhicules - côté,3,2,2,0,1,1,1,0,1,50,,3,2,0,0,1,44.0,35.0,,,1,2,2,1,3
202100041952,2021-04-29 13:25:00,2021,4,29,13,25,92,92046,PIERRE LAROUSSE (AVENUE),48.8202,2.30557,Plein jour,En agglomération,Intersection en T,Normale,Deux véhicules - côté,4,2,2,0,1,1,1,0,1,50,,2,1,0,0,1,33.0,82.0,,,1,2,3,1,3
202100041953,2021-04-30 14:05:00,2021,4,30,14,5,92,92076,CAZES,48.8383914615,2.1643656492,Plein jour,En agglomération,Hors intersection,Normale,Deux véhicules - côté,3,-1,2,0,1,1,1,0,1,50,,3,2,0,0,1,24.0,61.0,,,1,2,1,1,3
202100041954,2021-04-29 16:30:00,2021,4,29,16,30,92,92050,FRANCE ANATOLE RUE,48.9016051699,2.2091692686,Plein jour,En agglomération,Hors intersection,Normale,Deux véhicules - côté,4,2,2,0,1,1,1,0,1,50,,2,1,0,0,1,27.0,19.0,,,1,2,1,1,3
202100041955,2021-04-30 09:45:00,2021,4,30,9,45,92,92044,PDTWILSOO(RUE)151A159 ET 146A170,48.90042,2.28326,Plein jour,En agglomération,Intersection en X,Normale,Deux véhicules - côté,3,-1,0,2,1,1,1,0,1,50,,2,1,0,0,1,18.0,23.0,,,1,2,2,1,3
202100041956,2021-04-30 01:00:00,2021,4,30,1,0,92,92035,République ( boulevard de la ),48.9063234089,2.248903513,Nuit avec éclairage allumé,En agglomération,Hors intersection,Normale,Autre collision,3,2,2,0,1,1,1,9,1,50,,1,0,0,0,1,17.0,,,,5,2,1,1,6
202100041957,2021-04-30 19:00:00,2021,4,30,19,0,92,92062,ACACIA (IMMEUBLE),48.8873735298,2.2495043278,Plein jour,En agglomération,Hors intersection,Normale,Deux véhicules - côté,3,2,0,0,1,1,1,0,1,50,,2,1,0,0,1,40.0,20.0,,,1,2,1,1,3
202100041958,2021-04-30 13:35:00,2021,4,30,13,35,92,92026,VERDUN (DE 62 A FIN),48.9043664464,2.2568911314,Plein jour,En agglomération,Autre intersection,Normale,Deux véhicules - côté,3,2,6,3,1,1,1,0,1,50,,3,2,0,0,1,62.0,25.0,,,1,2,9,1,3
202100041959,2021-04-30 07:10:00,2021,4,30,7,10,92,92026,CIRCULAIRE (BOULEVARD),48.89274,2.24534,Crépuscule ou aube,En agglomération,Hors intersection,Normale,Deux véhicules - côté,3,1,3,1,1,1,1,0,1,50,,2,1,0,0,1,40.0,46.0,,,2,2,1,1,3
202100041960,2021-04-30 21:00:00,2021,4,30,21,0,92,92025,COLBERT  115 A 131   104 A 124 (RUE),48.9153400709,2.2329504043,Crépuscule ou aube,En agglomération,Autre intersection,Normale,Deux véhicules - arrière,4,1,1,0,1,2,1,0,1,50,,2,1,0,0,1,25.0,38.0,,,2,2,9,1,2
202100041961,2021-05-01 03:20:00,2021,5,1,3,20,45,45187,D88-PR 13 + 950,47.880754,2.49468,Nuit sans éclairage public,Hors agglomération,Hors intersection,Pluie forte,Autre collision,3,2,2,0,1,2,2,0,3,90,,2,0,0,1,1,23.0,,,,3,1,1,3,6
202100041962,2021-05-01 17:55:00,2021,5,1,17,55,81,81317,211 Rue du Stade,43.894342,2.330507,Plein jour,En agglomération,Hors intersection,Pluie forte,Deux véhicules - frontale,4,-1,2,0,2,1,2,0,1,50,,2,1,0,0,1,18.0,15.0,,,1,2,1,3,1
202100041963,2021-05-01 02:15:00,2021,5,1,2,15,06,06033,m1,43.770652,7.200079,Nuit avec éclairage allumé,En agglomération,Hors intersection,Normale,Sans collision,7,2,2,0,2,2,1,0,1,50,,3,0,0,2,1,23.0,,,,5,2,1,1,7
202100041964,2021-05-01 12:05:00,2021,5,1,12,5,72,72231,Route de Changé,47.941019,0.360866,Plein jour,En agglomération,Hors intersection,Normale,Deux véhicules - côté,4,2,2,0,1,3,1,0,3,-1,,6,3,0,0,3,20.0,56.0,,,1,2,1,1,3
202100041965,2021-04-30 20:45:00,2021,4,30,20,45,38,38027,Rue de Champ Brisson,45.43813,5.97718,Crépuscule ou aube,En agglomération,Hors intersection,Pluie légère,Autre collision,4,2,2,0,2,1,2,0,1,50,,3,2,0,1,0,19.0,,,,2,2,1,2,6
202100041966,2021-05-01 11:40:00,2021,5,1,11,40,58,58095,Rue Marèchal Foch,46.828192,3.458848,Plein jour,En agglomération,Hors intersection,Normale,Sans collision,3,2,2,0,4,2,1,5,8,50,,2,1,0,0,1,49.0,23.0,,,1,2,1,1,7
202100041967,2021-03-19 18:10:00,2021,3,19,18,10,83,83028,Route de l'ancienne voie ferrée,43.585823,6.523014,Plein jour,Hors agglomération,Hors intersection,Normale,Autre collision,4,2,2,0,1,1,1,0,3,80,,1,0,0,1,0,50.0,,,,1,1,1,1,6
202100041968,2021-05-01 15:30:00,2021,5,1,15,30,09,09324,D624,43.057269268,1.6373909712,Plein jour,Hors agglomération,Hors intersection,Pluie légère,Deux véhicules - côté,3,2,2,0,1,1,2,0,1,80,,5,1,0,1,3,25.0,24.0,,,1,1,1,2,3
202100041969,2021-04-24 17:35:00,2021,4,24,17,35,43,43032,D156,45.06411,3.964959,Plein jour,Hors agglomération,Hors intersection,Normale,Sans collision,3,2,2,0,2,2,1,9,3,-1,,1,0,0,1,0,21.0,,,,1,1,1,1,7
202100041970,2021-05-01 15:20:00,2021,5,1,15,20,10,10341,D619 / D19,48.512635,3.681176,Plein jour,Hors agglomération,Intersection en T,Normale,Deux véhicules - frontale,3,2,2,0,1,1,1,0,1,90,,2,1,0,1,0,56.0,52.0,,,1,1,3,1,1
202100041971,2021-05-01 12:20:00,2021,5,1,12,20,04,04116,RD 4 - Bd des tilleuls,44.030122,5.975034,Plein jour,En agglomération,Hors intersection,Pluie légère,Autre collision,3,2,2,0,1,1,2,0,4,50,,1,0,1,0,0,68.0,,,,1,2,1,2,6
202100041972,2021-04-30 09:55:00,2021,4,30,9,55,978,97801,Rn7 - grand case,18.099768,-63.05809,Plein jour,Hors agglomération,Hors intersection,Normale,Deux véhicules - côté,2,2,2,0,1,1,1,0,1,50,,2,1,0,1,0,,29.0,,,1,1,1,1,3
202100041973,2021-05-01 00:15:00,2021,5,1,0,15,987,98729,Maatea,-17.585227,-149.810846,Nuit sans éclairage public,Hors agglomération,Hors intersection,Normale,Deux véhicules - frontale,2,2,2,1,1,3,1,0,8,60,,1,0,0,1,0,39.0,,,,3,1,1,1,1
202100041974,2021-04-30 08:00:00,2021,4,30,8,0,2A,2A114,D522,41.516127,9.135923,Plein jour,Hors agglomération,Hors intersection,Normale,Autre collision,3,2,2,0,1,2,1,0,1,80,,1,0,0,1,0,30.0,,,,1,1,1,1,6
202100041975,2021-04-30 22:00:00,2021,4,30,22,0,66,66017,Zone d'Estaque,42.787468,3.036927,Nuit sans éclairage public,Hors agglomération,Giratoire,Temps couvert,Autre collision,3,-1,1,0,1,1,1,5,1,50,,2,1,0,1,0,48.0,,,,3,1,6,8,6
202100041976,2021-04-30 18:30:00,2021,4,30,18,30,30,30139,RD47,44.136908,3.387662,Plein jour,Hors agglomération,Hors intersection,Normale,Autre collision,3,2,2,0,2,1,1,0,1,80,,2,1,0,1,0,23.0,37.0,,,1,1,1,1,6
202100041977,2021-04-30 18:28:00,2021,4,30,18,28,84,84119,Boulevard de la Libération,43.956414,4.930651,Plein jour,En agglomération,Hors intersection,Pluie légère,Deux véhicules - frontale,3,2,2,0,1,1,2,0,1,30,,2,1,0,1,0,65.0,,,,1,2,1,2,1
202100041978,2021-05-01 09:45:00,2021,5,1,9,45,54,54258,11 Rue du Faubourg,48.6715652662,6.5578454742,Plein jour,En agglomération,Hors intersection,Temps couvert,Sans collision,3,2,2,0,2,1,1,0,1,50,,1,0,0,1,0,43.0,,,,1,2,1,8,7
202100041979,2021-05-01 15:30:00,2021,5,1,15,30,74,74308,D352,46.356884,6.602856,Plein jour,Hors agglomération,Hors intersection,Pluie légère,Autre collision,3,2,2,0,1,2,2,0,3,80,,2,1,0,0,1,20.0,,,,1,1,1,2,6
202100041980,2021-04-30 16:00:00,2021,4,30,16,0,01,01032,Route de Chanes,45.853031,5.143452,Plein jour,Hors agglomération,Intersection en X,Pluie légère,Deux véhicules - arrière,4,-1,2,0,1,1,2,0,1,-1,,4,3,0,0,1,35.0,41.0,,,1,1,2,2,2
202100041981,2021-03-26 18:15:00,2021,3,26,18,15,81,81099,Avenue Marechal Juin,43.904945,1.894272,Crépuscule ou aube,En agglomération,Hors intersection,Pluie légère,Deux véhicules - arrière,3,2,2,0,1,1,2,0,1,50,,2,1,0,0,1,14.0,37.0,,,2,2,1,2,2
202100041982,2021-05-01 11:30:00,2021,5,1,11,30,33,33077,,44.602256,-0.555549,Plein jour,En agglomération,Hors intersection,Temps couvert,Deux véhicules - arrière,3,2,2,0,1,1,1,0,1,50,,2,1,0,0,1,8.0,61.0,,,1,2,1,8,2
202100041983,2021-04-30 18:30:00,2021,4,30,18,30,33,33293,RN 89,44.877978,-0.416037,Plein jour,Hors agglomération,Hors intersection,Normale,Autre collision,2,3,1,0,4,2,1,0,1,110,,1,0,0,1,0,54.0,,,,1,1,1,1,6
202100041984,2021-04-30 14:00:00,2021,4,30,14,0,35,35191,D15,48.459376,-1.310592,Plein jour,Hors agglomération,Intersection en X,Normale,Deux véhicules - arrière,3,2,2,0,2,1,1,0,1,80,,2,1,0,1,0,23.0,48.0,,,1,1,2,1,2
202100041985,2021-05-01 18:00:00,2021,5,1,18,0,60,60612,Avenue de Compiègne,49.211255,2.593095,Plein jour,En agglomération,Intersection en X,Pluie légère,Deux véhicules - arrière,3,2,2,0,1,1,2,0,1,50,,3,2,0,1,0,59.0,74.0,,,1,2,2,2,2
202100041986,2021-04-20 15:59:00,2021,4,20,15,59,13,13055,A507 sens Marseille - Aubagne,43.3112217493,5.4245876036,Plein jour,Hors agglomération,Hors intersection,Normale,Sans collision,1,1,1,0,2,2,1,9,1,70,,1,0,0,0,1,35.0,,,,1,1,1,1,7
202100041987,2021-04-29 10:15:00,2021,4,29,10,15,13,13056,A55-Sens Martigues vers Marseille,43.394354,5.051952,Plein jour,Hors agglomération,Hors intersection,Pluie forte,Deux véhicules - côté,1,1,3,0,1,1,2,2,1,90,,2,1,0,0,1,25.0,48.0,,,1,1,1,3,3
202100041988,2021-04-29 11:50:00,2021,4,29,11,50,13,13056,A55-Sens Marseille vers Martigues,43.40223,5.04291,Plein jour,Hors agglomération,Hors intersection,Pluie forte,Deux véhicules - arrière,1,1,3,0,1,1,2,2,1,90,,2,1,0,0,1,21.0,20.0,,,1,1,1,3,2
202100041989,2021-04-30 06:15:00,2021,4,30,6,15,33,33039,Pont François Mitterrand,44.806701,-0.528864,Crépuscule ou aube,Hors agglomération,Hors intersection,Pluie légère,Deux véhicules - arrière,2,3,6,0,1,1,2,2,1,90,,2,1,0,0,1,,38.0,,,2,1,1,2,2
202100041990,2021-04-28 15:00:00,2021,4,28,15,0,62,62510,AUTOROUTE A21,50.437951,2.759886,Plein jour,Hors agglomération,Hors intersection,Normale,Autre collision,1,3,4,0,1,1,1,0,1,110,,1,0,0,1,0,32.0,,,,1,1,1,1,6
202100041991,2021-04-16 20:00:00,2021,4,16,20,0,59,59435,AUTOROUTE A23,50.501663,3.211953,Plein jour,Hors agglomération,Hors intersection,Normale,Deux véhicules - arrière,1,3,4,0,1,1,1,0,1,110,,2,1,0,0,1,38.0,53.0,,,1,1,1,1,2
202100041992,2021-04-30 03:20:00,2021,4,30,3,20,59,59359,AUTOROUTE A16,50.9914999404,2.2583475286,Nuit sans éclairage public,Hors agglomération,Hors intersection,Normale,Autre collision,1,3,4,0,1,1,1,0,1,110,,1,0,0,0,1,23.0,,,,3,1,1,1,6
202100041993,2021-04-29 08:00:00,2021,4,29,8,0,59,59435,AUTOROUTE A23,50.5072485419,3.2118905951,Plein jour,Hors agglomération,Hors intersection,Pluie légère,Deux véhicules - arrière,1,3,4,0,1,1,2,0,1,110,,2,1,0,1,0,55.0,26.0,,,1,1,1,2,2
202100041994,2021-04-30 17:00:00,2021,4,30,17,0,93,93051,A4,48.8348190517,2.5785747566,Plein jour,Hors agglomération,Hors intersection,Normale,Deux véhicules - arrière,1,3,4,0,1,1,1,0,1,110,,3,2,0,0,1,36.0,31.0,,,1,1,1,1,2
202100041995,2021-04-29 13:45:00,2021,4,29,13,45,974,97411,JAURES (BOULEVARD JEAN),-20.88838,55.44643,Plein jour,En agglomération,Intersection en X,Normale,Deux véhicules - côté,2,3,6,0,2,1,2,0,1,50,,2,1,0,1,0,39.0,28.0,,,1,2,2,1,3
202100041996,2021-04-29 08:00:00,2021,4,29,8,0,974,97409,ROCADE SUD(RUE),-20.97082,55.65322,Plein jour,En agglomération,Hors intersection,Pluie légère,Autre collision,3,2,1,0,1,1,2,0,1,50,,2,1,0,0,1,38.0,,,,1,2,1,2,6
202100041997,2021-04-28 20:07:00,2021,4,28,20,7,973,97302,BADUEL (ROUTE DE),4.9301984563,-52.3044900983,Nuit avec éclairage allumé,En agglomération,Hors intersection,Pluie légère,Deux véhicules - côté,3,3,2,0,1,1,2,9,1,50,,2,1,0,0,1,35.0,34.0,,,5,2,1,2,3
202100041998,2021-04-26 11:40:00,2021,4,26,11,40,973,97302,LALLOUETTE,4.9406975962,-52.3293986321,Plein jour,En agglomération,Autre intersection,Pluie forte,Deux véhicules - côté,9,1,0,0,1,1,2,9,1,50,,2,1,0,0,1,43.0,32.0,,,1,2,9,3,3
202100041999,2021-04-28 10:41:00,2021,4,28,10,41,972,97213,ROUTE NATIONALE 1,14.6204,-60.99327,Plein jour,En agglomération,Hors intersection,Pluie légère,Autre collision,2,3,4,0,1,1,2,9,1,50,,3,2,0,0,1,,,,,1,2,1,2,6
202100042000,2021-04-29 21:40:00,2021,4,29,21,40,69,69149,PARMENTIER (R),45.71599,4.81139,Nuit avec éclairage allumé,En agglomération,Intersection en X,Pluie légère,Deux véhicules - côté,4,1,1,0,1,1,2,0,1,30,,4,2,0,0,2,23.0,56.0,,,5,2,2,2,3
202100042001,2021-04-28 20:45:00,2021,4,28,20,45,69,69384,CANUTS (DES) (BD),45.77755,4.82848,Nuit avec éclairage allumé,En agglomération,Hors intersection,Pluie légère,Deux véhicules - côté,4,2,2,0,1,1,2,0,1,50,,2,1,0,0,1,,37.0,,,5,2,1,2,3
202100042002,2021-04-29 17:00:00,2021,4,29,17,0,95,95427,GARE (AVENUE DE LA),48.974939,2.342832,Plein jour,En agglomération,Intersection en T,Normale,Deux véhicules - côté,3,2,2,0,1,1,1,0,1,50,,3,2,0,0,1,30.0,22.0,,,1,2,3,1,3
202100042003,2021-04-30 01:55:00,2021,4,30,1,55,95,95018,LURCAT (RUE JEAN),48.95186,2.2287,Nuit avec éclairage allumé,En agglomération,Intersection en X,Normale,Deux véhicules - côté,4,1,1,0,1,1,1,0,1,50,,2,0,0,0,2,20.0,18.0,,,5,2,2,1,3
202100042004,2021-04-29 09:15:00,2021,4,29,9,15,91,91687,PRESIDENT KENNEDY (AVENUE DU),48.66401,2.367907,Plein jour,En agglomération,Intersection en T,Normale,Deux véhicules - côté,4,2,2,0,1,1,1,0,1,50,,2,1,0,0,1,36.0,45.0,,,1,2,3,1,3
202100042005,2021-04-29 09:45:00,2021,4,29,9,45,91,91027,VC QUAI DE L'ORGE,48.71027,2.40204,Plein jour,En agglomération,Hors intersection,Temps couvert,Deux véhicules - arrière,4,2,2,0,1,4,1,8,1,30,,5,3,0,0,2,30.0,25.0,,,1,2,1,8,2
202100042006,2021-04-20 12:54:00,2021,4,20,12,54,86,86194,Rue Paul Verlaine,46.5671,0.3599,Plein jour,En agglomération,Intersection en X,Normale,Deux véhicules - côté,4,2,2,1,1,1,1,0,1,50,,2,1,0,0,1,24.0,81.0,,,1,2,2,1,3
202100042007,2021-04-29 22:56:00,2021,4,29,22,56,82,82033,MOISSAC RD 813 (ROUTE DE) ,44.073319,1.093719,Nuit avec éclairage allumé,Hors agglomération,Hors intersection,Normale,Sans collision,3,2,2,0,1,1,1,0,8,80,,1,0,0,1,0,62.0,,,,5,1,1,1,7
202100042008,2021-04-28 20:00:00,2021,4,28,20,0,80,80021,QUEBEC (RUE DE),49.87066,2.33292,Plein jour,En agglomération,Hors intersection,Normale,Deux véhicules - arrière,4,2,3,0,1,1,1,0,1,50,,2,1,0,0,1,29.0,40.0,,,1,2,1,1,2
202100042009,2021-04-28 08:15:00,2021,4,28,8,15,80,80021,ALPHONSE FIQUET (PLACE),49.89048,2.30628,Plein jour,En agglomération,Hors intersection,Normale,Autre collision,4,2,6,0,1,1,1,0,1,30,,1,0,0,0,1,21.0,,,,1,2,1,1,6
202100042010,2021-04-28 17:25:00,2021,4,28,17,25,79,79191,Rue Laurent Bonnevay,46.31564,-0.48134,Plein jour,En agglomération,Intersection en X,Normale,Deux véhicules - côté,4,2,2,0,1,1,1,0,1,50,,2,1,0,0,1,23.0,42.0,,,1,2,2,1,3
202100042011,2021-04-29 14:05:00,2021,4,29,14,5,78,78481,Pont Georges Pompidou,48.89791,2.10715,Plein jour,En agglomération,Intersection en X,Normale,Deux véhicules - côté,3,2,4,0,4,1,1,2,1,50,,2,1,0,1,0,49.0,39.0,,,1,2,2,1,3
202100042012,2021-04-29 09:40:00,2021,4,29,9,40,78,78551,RN 190,48.91567,2.06638,Plein jour,Hors agglomération,Hors intersection,Normale,Deux véhicules - arrière,3,2,2,0,1,1,1,0,1,70,,3,2,0,0,1,40.0,28.0,,,1,1,1,1,2
202100042013,2021-04-28 15:30:00,2021,4,28,15,30,72,72181,ESTIENNE D'ORVES (BD D'),47.98053,0.19149,Plein jour,En agglomération,Hors intersection,Normale,Autre collision,4,3,4,0,1,2,1,0,1,70,,2,1,0,0,1,26.0,50.0,,,1,2,1,1,6
202100042014,2021-04-29 14:10:00,2021,4,29,14,10,69,69282,D302,45.75293,5.01924,Plein jour,Hors agglomération,Giratoire,Pluie légère,Deux véhicules - arrière,7,3,4,0,1,1,2,0,1,90,,3,2,0,0,1,21.0,,,,1,1,6,2,2
202100042015,2021-04-28 17:15:00,2021,4,28,17,15,67,67482,MARIA MONTESSORI (RUE),48.561189,7.751826,Plein jour,En agglomération,Passage à niveau,Temps couvert,Deux véhicules - côté,4,2,2,0,1,1,1,4,1,50,,2,1,0,1,0,23.0,20.0,,,1,2,8,8,3
202100042016,2021-04-29 13:45:00,2021,4,29,13,45,67,67462,MARCKOLSHEIM (ROUTE DE),48.255723,7.456808,Plein jour,En agglomération,Hors intersection,Normale,Autre collision,3,2,2,0,1,1,1,0,1,50,,2,1,0,0,1,74.0,,,,1,2,1,1,6
202100042017,2021-04-28 10:52:00,2021,4,28,10,52,66,66136,"BROGLIE, Av de",42.70948,2.90781,Plein jour,Hors agglomération,Autre intersection,Temps couvert,Deux véhicules - arrière,3,1,2,0,1,2,1,0,1,30,,5,1,0,0,4,47.0,59.0,,,1,1,9,8,2
202100042018,2021-04-29 00:40:00,2021,4,29,0,40,63,63075,THERMALE (AVENUE),45.7714,3.05709,Nuit avec éclairage allumé,En agglomération,Hors intersection,Normale,Autre collision,7,2,2,0,2,1,1,0,1,50,,1,0,0,0,1,36.0,,,,5,2,1,1,6
202100042019,2021-04-28 15:20:00,2021,4,28,15,20,63,63113,MERMOZ (AVENUE JEAN),45.79039,3.13471,Plein jour,En agglomération,Intersection en T,Normale,Deux véhicules - côté,7,2,2,0,1,1,2,0,1,50,,2,1,0,0,1,54.0,27.0,,,1,2,3,1,3