accident_id,datetime,annee,mois,jour,heure,minute,departement,commune_insee,adresse,latitude,longitude,luminosite,agglomeration,intersection,meteo,collision,catr,circ,nbv,vosp,prof,plan,surf,infra,situ,vma,nb_vehicules,nb_usagers,nb_indemnes,nb_tues,nb_blesses_hosp,nb_blesses_legers,age_cond_1,age_cond_2,veh_type_cond_1,veh_type_cond_2,lum_code,agg_code,int_code,atm_code,col_code
202100042020,2021-04-28 14:21:00,2021,4,28,14,21,57,57630,NAPOLEON  I,48.73539,7.0527,Plein jour,En agglomération,Intersection en Y,Normale,Autre collision,4,1,1,0,1,2,1,5,1,50,,6,5,1,0,0,45.0,,,,1,2,4,1,6
202100042021,2021-04-28 12:27:00,2021,4,28,12,27,54,54526,rue Cécile Brunschvicg,48.68005,6.22416,Plein jour,En agglomération,Intersection en T,Normale,Trois véhicules et plus - en chaîne,7,2,-1,-1,1,1,1,0,1,50,,4,3,0,0,1,54.0,65.0,,,1,2,3,1,4
202100042022,2021-04-28 17:26:00,2021,4,28,17,26,54,54395,VIEIL AITRE (RUE DU),48.6856758326,6.1641165319,Plein jour,En agglomération,Intersection en X,Normale,Autre collision,4,1,1,0,1,1,1,0,1,30,,2,1,0,0,1,52.0,,,,1,2,2,1,6
202100042023,2021-04-25 15:40:00,2021,4,25,15,40,52,52448,ALBERT SCHWEITZER (RUE),48.65611,4.96148,Plein jour,En agglomération,Hors intersection,Normale,Sans collision,4,-1,2,0,1,1,1,0,1,50,,1,0,0,0,1,28.0,,,,1,2,1,1,7
202100042024,2021-04-29 15:15:00,2021,4,29,15,15,51,51454,Rue Verrier,49.2528240449,4.0565058758,Plein jour,En agglomération,Hors intersection,Normale,Sans collision,4,2,2,0,1,1,1,0,1,30,,2,1,0,0,1,33.0,,,,1,2,1,1,7
202100042025,2021-04-27 10:15:00,2021,4,27,10,15,50,50129,MENDES FRANCE (BOULEVARD),49.634524,-1.626085,Plein jour,En agglomération,Intersection en X,Normale,Autre collision,3,3,4,0,1,1,1,0,1,50,,3,1,0,1,1,70.0,,,,1,2,2,1,6
202100042026,2021-04-29 12:50:00,2021,4,29,12,50,49,49099,TESSOUALLE (AVENUE DE LA),47.04147,-0.87267,Plein jour,En agglomération,Intersection en X,Normale,Deux véhicules - arrière,3,2,2,0,1,1,1,0,1,50,,2,1,0,1,0,57.0,46.0,,,1,2,2,1,2
202100042027,2021-04-29 09:55:00,2021,4,29,9,55,49,49007,MARIANNE BOULEVARD,47.45033,-0.52895,Plein jour,En agglomération,Intersection en X,Normale,Autre collision,4,2,2,0,1,1,1,0,1,50,,2,1,0,1,0,68.0,,,,1,2,2,1,6
202100042028,2021-04-29 16:50:00,2021,4,29,16,50,45,45234,Boulevard de Quebec,47.9147039684,1.9020684636,Plein jour,En agglomération,Intersection en T,Normale,Deux véhicules - côté,4,2,3,0,1,1,1,0,1,50,,4,2,0,0,2,51.0,38.0,,,1,2,3,1,3
202100042029,2021-04-29 13:55:00,2021,4,29,13,55,45,45284,Rue du Puits de Ville,47.91188,1.95917,Plein jour,En agglomération,Hors intersection,Normale,Deux véhicules - côté,4,2,2,0,1,1,1,0,1,50,,4,3,0,0,1,40.0,74.0,,,1,2,1,1,3
202100042030,2021-04-29 08:34:00,2021,4,29,8,34,44,44109,ROUTE DE RENNES,47.25034,-1.5768,Plein jour,En agglomération,Intersection en T,Normale,Deux véhicules - frontale,4,2,5,2,2,1,1,0,1,50,,2,1,0,0,1,31.0,59.0,,,1,2,3,1,1
202100042031,2021-04-29 20:50:00,2021,4,29,20,50,38,38151,Avenue Victor Hugo,45.15455,5.71224,Nuit avec éclairage allumé,En agglomération,Intersection en T,Normale,Deux véhicules - frontale,4,2,3,2,1,1,1,0,1,50,,2,1,0,1,0,25.0,26.0,,,5,2,3,1,1
202100042032,2021-04-28 17:50:00,2021,4,28,17,50,35,35238,SERBIE (PLACE DE),48.08812,-1.65902,Plein jour,En agglomération,Hors intersection,Normale,Deux véhicules - côté,4,2,2,0,1,1,1,0,1,20,,3,2,0,0,1,25.0,11.0,,,1,2,1,1,3
202100042033,2021-04-29 00:30:00,2021,4,29,0,30,34,34172,GANGES (ROUTE DE),43.63115,3.85413,Nuit avec éclairage allumé,En agglomération,Autre intersection,Pluie légère,Autre collision,4,1,2,0,1,1,2,0,1,50,,2,1,0,0,1,22.0,,,,5,2,9,2,6
202100042034,2021-04-29 14:33:00,2021,4,29,14,33,33,33069,Rue Lanet,44.8705,-0.5981,Plein jour,En agglomération,Intersection en X,Normale,Autre collision,4,2,2,0,1,1,1,5,1,50,,2,1,0,0,1,50.0,,,,1,2,2,1,6
202100042035,2021-04-26 06:30:00,2021,4,26,6,30,33,33063,Cours Balguerie Stuttenberg,44.85936,-0.56529,Nuit avec éclairage allumé,En agglomération,Hors intersection,Normale,Autre collision,4,1,2,3,1,1,1,0,4,50,,1,0,1,0,0,42.0,,,,5,2,1,1,6
202100042036,2021-04-29 15:46:00,2021,4,29,15,46,29,29039,Rue de Quimper,47.8860439888,-3.919695742,Plein jour,En agglomération,Hors intersection,Normale,Deux véhicules - frontale,4,2,2,0,2,1,1,0,1,50,,2,0,0,0,2,28.0,91.0,,,1,2,1,1,1
202100042037,2021-04-29 08:25:00,2021,4,29,8,25,29,29019,Avenue 1ère D.f.l.,48.3763650428,-4.5528267771,Plein jour,En agglomération,Place,Normale,Deux véhicules - côté,4,3,2,1,1,1,1,-1,1,50,,2,1,0,0,1,34.0,33.0,,,1,2,7,1,3
202100042038,2021-04-27 20:00:00,2021,4,27,20,0,26,26008,D11,44.57858,4.70886,Crépuscule ou aube,En agglomération,Hors intersection,Pluie légère,Deux véhicules - frontale,3,-1,2,0,1,1,2,2,1,70,,2,0,0,1,1,66.0,45.0,,,2,2,1,2,1
202100042039,2021-04-28 11:20:00,2021,4,28,11,20,18,18279,MARCEL (RUE ETIENNE),47.217,2.099,Plein jour,En agglomération,Hors intersection,Pluie légère,Deux véhicules - côté,4,3,2,0,1,1,2,0,1,50,,3,2,0,1,0,27.0,25.0,,,1,2,1,2,3
202100042040,2021-04-24 18:45:00,2021,4,24,18,45,18,18033,REPUBLIQUE (BOULEVARD DE LA),47.089,2.395,Plein jour,En agglomération,Intersection en T,Normale,Deux véhicules - côté,4,2,2,1,1,1,1,0,5,50,,2,1,0,1,0,50.0,28.0,,,1,2,3,1,3
202100042041,2021-04-29 07:20:00,2021,4,29,7,20,17,17306,DE LATTRE DE TASSIGNY (BD),45.62693,-1.01866,Plein jour,En agglomération,Giratoire,Normale,Deux véhicules - côté,4,-1,2,0,1,1,1,5,1,50,,2,1,0,0,1,34.0,38.0,,,1,2,6,1,3
202100042042,2021-04-29 15:55:00,2021,4,29,15,55,17,17291,N11,46.17177,-1.12127,Plein jour,Hors agglomération,Hors intersection,Normale,Deux véhicules - côté,2,3,4,0,1,1,1,3,1,50,,2,1,0,0,1,31.0,20.0,,,1,1,1,1,3
202100042043,2021-04-29 13:35:00,2021,4,29,13,35,17,17300,CARNOT   AVENUE,46.16454,-1.17825,Plein jour,En agglomération,Hors intersection,Normale,Deux véhicules - côté,4,2,4,1,1,1,1,0,1,50,,2,1,0,0,1,78.0,47.0,,,1,2,1,1,3
202100042044,2021-04-26 17:05:00,2021,4,26,17,5,14,14118,Rue de l’Eglise de Vaucelles,49.17437,-0.354,Plein jour,En agglomération,Hors intersection,Normale,Autre collision,4,2,3,0,1,1,1,0,1,50,,2,1,0,1,0,95.0,,,,1,2,1,1,6
202100042045,2021-04-29 07:30:00,2021,4,29,7,30,13,13214,MARCHE D'IN (AVENUE),43.337888,5.384684,Crépuscule ou aube,En agglomération,Hors intersection,Temps couvert,Deux véhicules - côté,4,3,0,0,2,2,2,0,1,50,,2,1,0,0,1,42.0,61.0,,,2,2,1,8,3
202100042046,2021-04-25 14:50:00,2021,4,25,14,50,10,10387,QUATORZE JUILLET (RUE DU),48.29527,4.07985,Plein jour,En agglomération,Hors intersection,Normale,Sans collision,4,3,4,2,1,1,1,0,1,50,,1,0,0,1,0,17.0,,,,1,2,1,1,7
202100042047,2021-04-24 19:20:00,2021,4,24,19,20,07,07116,NATIONALE (ROUTE),44.64701,4.3603,Plein jour,Hors agglomération,Hors intersection,Normale,Sans collision,3,2,2,0,1,2,1,9,8,80,,1,0,0,1,0,23.0,,,,1,1,1,1,7
202100042048,2021-04-29 21:28:00,2021,4,29,21,28,06,06027,NICE AVENUE DE (RN7),43.6596,7.169593,Nuit avec éclairage allumé,En agglomération,Intersection en X,Normale,Deux véhicules - côté,7,3,4,0,1,1,2,0,1,50,,2,1,0,0,1,40.0,23.0,,,5,2,2,1,3
202100042049,2021-04-28 13:20:00,2021,4,28,13,20,05,05061,JEAN JAURES ( AVENUE ),44.55488,6.07471,Plein jour,En agglomération,Giratoire,Pluie légère,Deux véhicules - côté,2,2,2,0,1,1,2,5,1,50,,2,1,0,0,1,73.0,39.0,,,1,2,6,2,3
202100042050,2021-04-28 20:10:00,2021,4,28,20,10,01,01031,Avenue de l'Europe,46.24971,5.63801,Crépuscule ou aube,En agglomération,Intersection en X,Pluie forte,Deux véhicules - côté,4,-1,2,0,1,1,2,0,1,50,,2,1,0,0,1,22.0,30.0,,,2,2,2,3,3
202100042051,2021-04-29 08:31:00,2021,4,29,8,31,75,75105,RUE MONGE,48.845435,2.352066,Plein jour,En agglomération,Hors intersection,Normale,Deux véhicules - côté,4,2,2,0,1,1,1,0,1,30,,2,1,0,0,1,24.0,48.0,,,1,2,1,1,3
202100042052,2021-04-29 13:15:00,2021,4,29,13,15,75,75119,QUAI DE LA SEINE,48.885335,2.371821,Plein jour,En agglomération,Intersection en T,Normale,Deux véhicules - côté,4,1,2,1,1,1,1,0,5,30,,2,1,0,0,1,14.0,38.0,,,1,2,3,1,3
202100042053,2021-04-29 19:50:00,2021,4,29,19,50,75,75117,BOULEVARD MALESHERBES,48.883423,2.309441,Crépuscule ou aube,En agglomération,Place,Normale,Autre collision,4,1,1,0,1,1,1,0,1,50,,1,0,0,0,1,31.0,,,,2,2,7,1,6
202100042054,2021-04-29 16:50:00,2021,4,29,16,50,75,75117,AVENUE NIEL,48.881976,2.295912,Plein jour,En agglomération,Intersection en Y,Normale,Deux véhicules - côté,4,1,1,0,1,1,1,0,1,50,,3,2,0,0,1,27.0,49.0,,,1,2,4,1,3
202100042055,2021-04-28 12:20:00,2021,4,28,12,20,75,75116,QUAI LOUIS BLERIOT,48.839325,2.266861,Plein jour,En agglomération,Intersection en T,Normale,Autre collision,4,1,1,0,1,1,1,0,1,50,,2,1,0,0,1,21.0,,,,1,2,3,1,6
202100042056,2021-04-29 02:15:00,2021,4,29,2,15,75,75113,PORTE D IVRY,48.819426,2.373482,Nuit avec éclairage allumé,En agglomération,Intersection en X,Normale,Deux véhicules - côté,4,2,2,0,1,1,1,0,1,50,,2,1,0,0,1,27.0,57.0,,,5,2,2,1,3
202100042057,2021-04-29 18:30:00,2021,4,29,18,30,75,75111,PASSAGE THIERE,48.85404,2.373765,Plein jour,En agglomération,Hors intersection,Normale,Deux véhicules - côté,4,1,1,2,1,1,1,0,5,50,,2,1,0,0,1,31.0,29.0,,,1,2,1,1,3
202100042058,2021-04-29 11:25:00,2021,4,29,11,25,75,75109,BOULEVARD DE ROCHECHOUART,48.882002,2.340388,Plein jour,En agglomération,Intersection en T,Temps couvert,Sans collision,4,1,2,0,1,1,1,0,1,50,,1,0,0,0,1,39.0,,,,1,2,3,8,7
202100042059,2021-04-29 08:01:00,2021,4,29,8,1,75,75108,AVENUE DE MARIGNY,48.86884,2.314626,Plein jour,En agglomération,Intersection en Y,Normale,Deux véhicules - arrière,4,2,3,0,1,1,1,0,1,30,,2,1,0,0,1,21.0,22.0,,,1,2,4,1,2
202100042060,2021-04-29 11:20:00,2021,4,29,11,20,75,75107,RUE SAINT DOMINIQUE,48.858596,2.321666,Plein jour,En agglomération,Hors intersection,Normale,Deux véhicules - côté,4,1,1,0,1,1,1,0,1,50,,2,1,0,0,1,27.0,58.0,,,1,2,1,1,3
202100042061,2021-04-28 15:45:00,2021,4,28,15,45,75,75104,RUE DE RIVOLI,48.855544,2.359702,Plein jour,En agglomération,Intersection en T,Normale,Deux véhicules - côté,4,2,5,2,1,1,1,0,5,30,,2,1,0,0,1,,14.0,,,1,2,3,1,3
202100042062,2021-04-28 11:00:00,2021,4,28,11,0,75,75102,RUE DE RICHELIEU,48.87054,2.339371,Plein jour,En agglomération,Intersection en X,Normale,Sans collision,4,1,2,3,1,1,1,0,1,50,,1,0,0,0,1,40.0,,,,1,2,2,1,7
202100042063,2021-04-28 16:45:00,2021,4,28,16,45,94,94068,COMMANDANT GUILBAUD (AV DU),48.80617,2.46977,Plein jour,En agglomération,Intersection en T,Normale,Deux véhicules - côté,4,2,2,0,1,1,1,0,1,30,,2,1,0,0,1,32.0,43.0,,,1,2,3,1,3
202100042064,2021-04-28 15:10:00,2021,4,28,15,10,94,94033,AMITIE ENTRE LES PEUPLES (PL),48.85247,2.4816,Plein jour,En agglomération,Giratoire,Temps couvert,Deux véhicules - arrière,3,1,2,2,1,2,1,0,1,50,,2,1,0,0,1,25.0,34.0,,,1,2,6,8,2
202100042065,2021-04-29 18:50:00,2021,4,29,18,50,94,94054,BOUVRAY (VOI DE),48.74683,2.42382,Plein jour,En agglomération,Intersection en T,Normale,Deux véhicules - côté,4,2,3,0,1,1,1,0,6,50,,2,1,0,0,1,23.0,46.0,,,1,2,3,1,3
202100042066,2021-04-29 08:45:00,2021,4,29,8,45,94,94059,Avenue de la Maréchale,48.81299,2.57319,Plein jour,En agglomération,Hors intersection,Normale,Deux véhicules - côté,4,2,2,0,1,1,2,0,1,30,,2,1,0,0,1,35.0,29.0,,,1,2,1,1,3
202100042067,2021-04-29 15:55:00,2021,4,29,15,55,94,94071,GENERAL LECLERC (R DU),48.7774,2.51149,Plein jour,En agglomération,Autre intersection,Normale,Deux véhicules - côté,3,2,2,0,1,1,1,0,1,50,,3,2,0,0,1,37.0,27.0,,,1,2,9,1,3
202100042068,2021-04-27 22:20:00,2021,4,27,22,20,94,94048,TUILERIE (R DE LA),48.7283199309,2.5397394598,Nuit avec éclairage allumé,En agglomération,Intersection en T,Normale,Deux véhicules - côté,3,2,2,0,1,1,1,0,1,50,,2,1,0,0,1,26.0,55.0,,,5,2,3,1,3
202100042069,2021-04-29 16:55:00,2021,4,29,16,55,93,93062,GENERAL DE GAULLE (PLACE DU),48.8906432839,2.5119195879,Plein jour,En agglomération,Giratoire,Normale,Autre collision,4,2,3,0,1,3,1,0,1,50,,2,1,0,0,1,46.0,,,,1,2,6,1,6
202100042070,2021-04-29 12:20:00,2021,4,29,12,20,93,93053,ROSNY (AVENUE DE) N° 53 A 243,48.8891513002,2.4713605642,Plein jour,En agglomération,Intersection en X,Normale,Deux véhicules - côté,3,1,2,0,1,1,1,8,1,50,,2,1,0,1,0,,54.0,,,1,2,2,1,3
202100042071,2021-04-29 12:08:00,2021,4,29,12,8,93,93015,COTTAGE RUE DU,48.91821,2.56634,Plein jour,Hors agglomération,Autre intersection,Normale,Deux véhicules - côté,4,2,2,0,3,1,1,0,1,50,,2,1,0,0,1,34.0,58.0,,,1,1,9,1,3
202100042072,2021-04-28 17:15:00,2021,4,28,17,15,93,93063,REPUBLIQUE RUE DE LA,48.88193,2.43948,Plein jour,En agglomération,Intersection en X,Normale,Deux véhicules - côté,4,2,2,0,1,1,1,0,1,30,,2,1,0,0,1,,41.0,,,1,2,2,1,3
202100042073,2021-04-29 19:00:00,2021,4,29,19,0,93,93001,SAINT DENIS (RUE DE),48.9220676066,2.3733702364,Plein jour,En agglomération,Hors intersection,Normale,Deux véhicules - côté,3,2,2,0,1,1,1,0,1,50,,2,1,0,0,1,29.0,34.0,,,1,2,1,1,3
202100042074,2021-04-29 12:35:00,2021,4,29,12,35,93,93001,DANIELLE CASANOVA (RUE)  59 =>,48.91494,2.40283,Plein jour,En agglomération,Hors intersection,Temps couvert,Deux véhicules - frontale,3,2,3,3,1,1,1,0,1,50,,3,2,0,0,1,53.0,30.0,,,1,2,1,8,1
202100042075,2021-04-29 18:35:00,2021,4,29,18,35,92,92075,PAIX (AVENUE DE LA),48.81578,2.27642,Plein jour,En agglomération,Hors intersection,Normale,Deux véhicules - côté,3,2,4,2,2,1,1,0,1,50,,2,1,0,0,1,48.0,41.0,,,1,2,1,1,3
202100042076,2021-04-28 18:30:00,2021,4,28,18,30,92,92063,DIX-HUIT JUIN 1940 (AVENUE DU) EST,48.86753,2.19736,Plein jour,En agglomération,Hors intersection,Pluie légère,Autre collision,3,2,2,0,2,1,2,0,1,50,,2,1,0,0,1,49.0,22.0,,,1,2,1,2,6
202100042077,2021-04-29 14:25:00,2021,4,29,14,25,92,92062,DE DION BOUTON (QUAI) DU 29 AU 65,48.8854866832,2.2514019907,Plein jour,En agglomération,Hors intersection,Normale,Deux véhicules - arrière,3,-1,3,0,1,1,1,0,1,50,,3,2,0,0,1,26.0,44.0,,,1,2,1,1,2
202100042078,2021-04-29 22:35:00,2021,4,29,22,35,92,92026,VERDUN (DE 62 A FIN),48.900257,2.260951,Nuit avec éclairage allumé,En agglomération,Hors intersection,Normale,Sans collision,3,2,4,3,1,1,1,0,6,50,,2,1,0,0,1,34.0,,,,5,2,1,1,7
202100042079,2021-04-29 13:55:00,2021,4,29,13,55,92,92025,BOURNARD (RUE DU),48.9234680592,2.2576267671,Plein jour,En agglomération,Hors intersection,Normale,Deux véhicules - côté,3,2,2,0,2,3,1,0,1,50,,3,2,0,0,1,23.0,54.0,,,1,2,1,1,3
202100042080,2021-04-27 09:40:00,2021,4,27,9,40,92,92024,REPUBLIQUE (PLACE DE LA),48.9031299945,2.3132818937,Plein jour,En agglomération,Giratoire,Normale,Deux véhicules - côté,4,1,1,0,1,2,1,0,1,50,,2,1,0,0,1,60.0,32.0,,,1,2,6,1,3
202100042081,2021-04-29 13:20:00,2021,4,29,13,20,92,92012,GALLIENI (RUE) 159/FIN,48.8354302409,2.2307610512,Plein jour,En agglomération,Intersection en X,Normale,Deux véhicules - côté,4,2,2,0,1,1,1,0,1,50,,2,0,0,0,2,34.0,86.0,,,1,2,2,1,3
202100042082,2021-03-21 10:00:00,2021,3,21,10,0,67,67472,D138,48.799309,7.954445,Plein jour,Hors agglomération,Hors intersection,Temps couvert,Autre collision,3,2,2,0,1,2,1,0,3,80,,1,0,0,1,0,23.0,,,,1,1,1,8,6
202100042083,2021-04-26 18:00:00,2021,4,26,18,0,30,30217,intersection avenue de Signargues et montée du Vieux Moulin,43.975659,4.686546,Plein jour,En agglomération,Autre intersection,Normale,Autre collision,3,2,2,0,2,2,1,0,1,50,,2,1,0,1,0,18.0,37.0,,,1,2,9,1,6
202100042084,2021-04-29 22:10:00,2021,4,29,22,10,74,74105,Av de Geneve,46.303326,6.294195,Nuit avec éclairage allumé,En agglomération,Giratoire,Pluie légère,Autre collision,3,2,2,0,1,2,2,9,8,50,,1,0,0,1,0,48.0,,,,5,2,6,2,6
202100042085,2021-04-30 08:50:00,2021,4,30,8,50,57,57342,D104a,48.64137,6.907906,Plein jour,Hors agglomération,Intersection en T,Pluie légère,Deux véhicules - côté,2,2,2,0,1,1,2,0,1,80,,2,1,0,0,1,33.0,29.0,,,1,1,3,2,3
202100042086,2021-04-22 18:10:00,2021,4,22,18,10,51,51662,Avenue de Reims,49.285428,4.112698,Plein jour,En agglomération,Giratoire,Normale,Sans collision,3,1,1,0,1,1,1,0,1,50,,1,0,0,1,0,55.0,,,,1,2,6,1,7
202100042087,2021-04-28 21:15:00,2021,4,28,21,15,74,74068,"carrefour de la croisée, RD 1508",46.061053,5.865541,Nuit sans éclairage public,Hors agglomération,Giratoire,Pluie forte,Autre collision,3,2,2,0,1,3,2,0,1,80,,1,0,0,1,0,23.0,,,,3,1,6,3,6
202100042088,2021-04-29 15:50:00,2021,4,29,15,50,76,76254,Place Maurice Guillard,49.707469,0.205966,Plein jour,En agglomération,Place,Normale,Autre collision,6,-1,-1,0,1,1,1,9,8,50,,2,1,0,1,0,67.0,,,,1,2,7,1,6
202100042089,2021-04-30 16:30:00,2021,4,30,16,30,2B,2B343,RT 10,42.492693,9.474131,Plein jour,Hors agglomération,Hors intersection,Normale,Autre collision,2,2,2,0,1,1,1,0,3,70,,1,0,0,1,0,54.0,,,,1,1,1,1,6
202100042090,2021-04-20 18:45:00,2021,4,20,18,45,32,32116,D145 - PK 14.800,43.3381490535,0.43688019,Plein jour,En agglomération,Hors intersection,Normale,Autre collision,3,2,2,0,2,3,1,0,1,50,,3,2,0,0,1,24.0,,,,1,2,1,1,6
202100042091,2021-04-30 09:30:00,2021,4,30,9,30,71,71373,3 Rue de l'Hôtel-de-ville,46.502207,5.067476,Plein jour,En agglomération,Place,Pluie forte,Autre collision,3,2,2,0,1,1,2,0,1,50,,2,1,0,1,0,48.0,,,,1,2,7,3,6
202100042092,2021-04-29 10:45:00,2021,4,29,10,45,89,89419,D 955,47.719523,3.27906,Plein jour,Hors agglomération,Autre intersection,Normale,Deux véhicules - côté,3,2,2,0,1,1,1,0,1,80,,3,2,0,0,1,64.0,,,,1,1,9,1,3
202100042093,2021-04-16 06:50:00,2021,4,16,6,50,61,61484,Le Bouillon,48.257891,0.701505,Crépuscule ou aube,Hors agglomération,Hors intersection,Normale,Sans collision,3,2,2,0,1,1,1,0,1,70,,1,0,0,0,1,17.0,,,,2,1,1,1,7
202100042094,2021-04-29 13:15:00,2021,4,29,13,15,61,61404,RN 12 - PK 28,48.533203,0.511465,Plein jour,Hors agglomération,Autre intersection,Normale,Deux véhicules - côté,2,3,4,0,1,1,1,0,1,110,,2,1,0,0,1,47.0,44.0,,,1,1,9,1,3
202100042095,2021-04-30 10:40:00,2021,4,30,10,40,49,49041,21 Route des Joutières,47.288243,0.047781,Plein jour,Hors agglomération,Intersection en X,Normale,Deux véhicules - côté,3,2,2,0,1,1,1,0,1,90,,3,2,0,1,0,36.0,26.0,,,1,1,2,1,3
202100042096,2021-04-24 19:15:00,2021,4,24,19,15,49,49307,Rue de la Croix de Bois (Brain-sur-l'Authion),47.447652,-0.419551,Plein jour,En agglomération,Intersection en X,Normale,Deux véhicules - côté,4,2,2,0,1,1,1,0,1,-1,,6,4,0,0,2,23.0,33.0,,,1,2,2,1,3
202100042097,2021-04-30 14:45:00,2021,4,30,14,45,34,34300,D18,43.417845,3.32006,Plein jour,Hors agglomération,Intersection en X,Normale,Trois véhicules et plus - collisions multiples,3,2,2,0,1,1,1,0,1,80,,3,2,0,0,1,32.0,42.0,,,1,1,2,1,5
202100042098,2021-04-29 18:15:00,2021,4,29,18,15,44,44129,Le Plantis,47.475458,-2.111076,Plein jour,Hors agglomération,Intersection en X,Normale,Deux véhicules - côté,3,2,2,0,1,1,1,0,1,80,,5,2,1,1,1,19.0,41.0,,,1,1,2,1,3
202100042099,2021-04-28 15:45:00,2021,4,28,15,45,44,44213,Place Jeanne d'Arc,47.38485,-1.029153,Plein jour,En agglomération,Intersection en X,Normale,Deux véhicules - arrière,3,2,2,0,1,1,1,0,1,50,,2,1,0,1,0,80.0,18.0,,,1,2,2,1,2
202100042100,2021-04-29 19:35:00,2021,4,29,19,35,35,35169,Les Cheintes - D38,47.991925,-1.975769,Plein jour,Hors agglomération,Hors intersection,Normale,Autre collision,3,2,2,0,1,2,1,0,3,80,,1,0,0,1,0,27.0,,,,1,1,1,1,6
202100042101,2021-04-30 15:35:00,2021,4,30,15,35,72,72028,D73,47.7666617617,0.4033756254,Plein jour,Hors agglomération,Hors intersection,Normale,Deux véhicules - frontale,3,2,2,0,2,1,1,0,1,90,,2,1,0,0,1,45.0,56.0,,,1,1,1,1,1
202100042102,2021-04-29 15:35:00,2021,4,29,15,35,05,05040,route du grand logis,44.546243,6.276852,Plein jour,En agglomération,Intersection en T,Pluie légère,Deux véhicules - côté,4,2,2,0,1,3,2,0,1,30,,2,1,0,1,0,24.0,15.0,,,1,2,3,2,3
202100042103,2021-04-30 15:30:00,2021,4,30,15,30,50,50582,Les Boussardieres,48.702029,-0.927395,Plein jour,Hors agglomération,Hors intersection,Normale,Deux véhicules - frontale,3,-1,1,0,2,2,9,1,8,-1,,1,0,0,1,0,84.0,,,,1,1,1,1,1
202100042104,2021-04-28 13:22:00,2021,4,28,13,22,18,18083,Route de Sidiailles,46.544731,2.342256,Plein jour,Hors agglomération,Hors intersection,Pluie légère,Autre collision,3,2,2,0,2,3,2,9,3,80,,1,0,0,0,1,34.0,,,,1,1,1,2,6
202100042105,2021-04-29 05:40:00,2021,4,29,5,40,43,43230,Lotissement les Marronniers,45.1501015672,3.9134824669,Nuit avec éclairage allumé,En agglomération,Intersection en X,Normale,Deux véhicules - côté,4,2,2,0,1,1,1,0,8,50,,2,1,0,1,0,32.0,39.0,,,5,2,2,1,3
202100042106,2021-04-30 12:40:00,2021,4,30,12,40,07,07295,Route de Charensol,44.826458,4.574754,Plein jour,Hors agglomération,Hors intersection,Pluie légère,Deux véhicules - frontale,3,2,2,0,2,3,2,0,1,70,,2,1,0,1,0,56.0,18.0,,,1,1,1,2,1
202100042107,2021-04-27 17:45:00,2021,4,27,17,45,04,04031,RD 953 - Poteau de telle,43.914372,6.136551,Plein jour,En agglomération,Hors intersection,Normale,Sans collision,3,2,2,0,2,2,1,0,8,80,,1,0,0,0,1,28.0,,,,1,2,1,1,7
202100042108,2021-04-30 12:30:00,2021,4,30,12,30,27,27511,D66,49.144966,0.995303,Plein jour,En agglomération,Intersection en T,Normale,Deux véhicules - côté,3,2,2,0,1,1,1,0,1,50,,2,1,0,1,0,14.0,49.0,,,1,2,3,1,3
202100042109,2021-04-29 10:00:00,2021,4,29,10,0,27,27576,Route du Chateau,49.164967,0.847363,Plein jour,En agglomération,Hors intersection,Normale,Deux véhicules - côté,4,2,2,0,4,2,1,0,1,50,,2,1,0,1,0,64.0,70.0,,,1,2,1,1,3
202100042110,2021-04-30 18:54:00,2021,4,30,18,54,06,06152,Route du Parc,43.616847,7.037298,Plein jour,Hors agglomération,Giratoire,Normale,Deux véhicules - côté,3,2,1,0,1,1,1,5,6,70,,2,1,0,0,1,30.0,34.0,,,1,1,6,1,3
202100042111,2021-04-30 07:02:00,2021,4,30,7,2,69,69032,A89,45.864747,4.597081,Crépuscule ou aube,Hors agglomération,Hors intersection,Pluie forte,Deux véhicules - arrière,1,3,4,3,4,1,2,9,6,130,,2,1,0,1,0,33.0,22.0,,,2,1,1,3,2
202100042112,2021-04-30 17:45:00,2021,4,30,17,45,95,95580,RD 317,49.09162,2.530455,Plein jour,Hors agglomération,Hors intersection,Normale,Trois véhicules et plus - en chaîne,3,2,2,0,3,1,1,2,1,80,,3,2,0,0,1,21.0,24.0,,,1,1,1,1,4
202100042113,2021-04-30 18:05:00,2021,4,30,18,5,95,95580,D317,49.081663,2.529581,Plein jour,Hors agglomération,Hors intersection,Normale,Trois véhicules et plus - en chaîne,3,2,2,0,1,1,1,0,1,80,,3,1,0,0,2,38.0,27.0,,,1,1,1,1,4
202100042114,2021-04-28 17:15:00,2021,4,28,17,15,68,68278,rue de la Gravière,47.754386,7.39602,Plein jour,En agglomération,Intersection en T,Normale,Deux véhicules - côté,4,2,2,0,1,1,1,0,1,50,,2,0,0,0,2,68.0,69.0,,,1,2,3,1,3
202100042115,2021-04-29 15:50:00,2021,4,29,15,50,971,97129,Avenue Sainte Rose de Lima,16.331677,-61.695473,Plein jour,En agglomération,Autre intersection,Normale,Deux véhicules - côté,2,2,2,0,1,1,1,9,1,50,,2,1,0,1,0,58.0,32.0,,,1,2,9,1,3
202100042116,2021-04-30 08:30:00,2021,4,30,8,30,978,97801,RD 208,18.068646,-63.121235,Plein jour,Hors agglomération,Hors intersection,Normale,Sans collision,3,2,2,0,2,2,1,0,1,70,,2,0,0,1,1,38.0,,,,1,1,1,1,7