accident_id,datetime,annee,mois,jour,heure,minute,departement,commune_insee,adresse,latitude,longitude,luminosite,agglomeration,intersection,meteo,collision,catr,circ,nbv,vosp,prof,plan,surf,infra,situ,vma,nb_vehicules,nb_usagers,nb_indemnes,nb_tues,nb_blesses_hosp,nb_blesses_legers,age_cond_1,age_cond_2,veh_type_cond_1,veh_type_cond_2,lum_code,agg_code,int_code,atm_code,col_code
202100042117,2021-04-29 16:00:00,2021,4,29,16,0,21,21515,Rue du Commerce,47.308892,5.0983,Plein jour,En agglomération,Intersection en T,Normale,Autre collision,4,2,2,0,1,1,1,0,1,50,,2,1,0,1,0,31.0,,,,1,2,3,1,6
202100042118,2021-04-28 05:30:00,2021,4,28,5,30,29,29136,Lieu Dit Rosgodec,47.939649,-3.50908,Nuit sans éclairage public,Hors agglomération,Intersection en T,Normale,Sans collision,3,2,2,-1,1,3,1,5,1,70,,1,0,0,0,1,46.0,,,,3,1,3,1,7
202100042119,2021-04-30 16:15:00,2021,4,30,16,15,41,41129,D951,47.65248,1.46911,Plein jour,Hors agglomération,Hors intersection,Pluie légère,Trois véhicules et plus - collisions multiples,3,2,2,0,1,1,2,0,1,80,,4,1,0,1,2,33.0,41.0,,,1,1,1,2,5
202100042120,2021-04-23 17:30:00,2021,4,23,17,30,77,77233,23 Rue du Tillet,49.00189,2.78888,Plein jour,En agglomération,Hors intersection,Normale,Autre collision,4,2,2,0,1,2,1,0,1,50,,2,1,0,0,1,18.0,,,,1,2,1,1,6
202100042121,2021-04-30 15:25:00,2021,4,30,15,25,95,95199,RD 11,49.026789,2.344878,Plein jour,En agglomération,Hors intersection,Normale,Autre collision,3,2,2,1,1,2,1,0,4,50,,3,0,0,1,2,20.0,,,,1,2,1,1,6
202100042122,2021-04-30 08:00:00,2021,4,30,8,0,78,78601,d 936,48.580767,1.872643,Plein jour,Hors agglomération,Hors intersection,Normale,Deux véhicules - frontale,3,2,2,0,1,3,1,0,1,80,,2,1,1,0,0,35.0,20.0,,,1,1,1,1,1
202100042123,2021-04-30 17:30:00,2021,4,30,17,30,2A,2A247,RT 10,41.637416,9.293919,Plein jour,Hors agglomération,Intersection en T,Normale,Deux véhicules - frontale,2,2,2,0,1,1,1,0,1,70,,2,1,1,0,0,56.0,61.0,,,1,1,3,1,1
202100042124,2021-04-27 08:40:00,2021,4,27,8,40,83,83068,Route du Littoral,43.286121,6.599779,Plein jour,En agglomération,Intersection en T,Normale,Deux véhicules - côté,3,2,2,0,1,1,1,5,1,70,,2,1,0,1,0,33.0,41.0,,,1,2,3,1,3
202100042125,2021-04-29 18:05:00,2021,4,29,18,5,89,89289,34 Rue du Pilori,47.95391,3.368113,Plein jour,En agglomération,Hors intersection,Normale,Deux véhicules - côté,3,2,2,0,2,1,1,0,1,50,,2,1,0,0,1,19.0,29.0,,,1,2,1,1,3
202100042126,2021-04-30 04:45:00,2021,4,30,4,45,89,89295,D158,47.818569,3.539271,Nuit avec éclairage non allumé,En agglomération,Intersection en X,Normale,Trois véhicules et plus - en chaîne,3,2,2,0,1,1,1,0,1,50,,4,1,0,2,1,33.0,68.0,,,4,2,2,1,4
202100042127,2021-03-27 00:25:00,2021,3,27,0,25,54,54352,Route Départementale 92,48.6462227446,6.0749566536,Nuit sans éclairage public,Hors agglomération,Hors intersection,Temps couvert,Sans collision,3,2,2,0,1,2,1,0,3,80,,1,0,0,1,0,59.0,,,,3,1,1,8,7
202100042128,2021-04-29 18:20:00,2021,4,29,18,20,73,73119,D1006,45.196161,6.618201,Plein jour,Hors agglomération,Hors intersection,Temps couvert,Deux véhicules - frontale,3,2,2,0,1,3,2,0,1,80,,2,0,0,0,2,34.0,49.0,,,1,1,1,8,1
202100042129,2021-04-30 12:35:00,2021,4,30,12,35,01,01403,grande rue,45.808383,5.453285,Plein jour,En agglomération,Hors intersection,Pluie légère,Deux véhicules - frontale,3,2,2,0,1,3,2,0,1,50,,3,2,0,0,1,45.0,55.0,,,1,2,1,2,1
202100042130,2021-04-29 17:55:00,2021,4,29,17,55,87,87070,La Croix Ferrée,45.781112,1.49156,Plein jour,Hors agglomération,Intersection en X,Normale,Deux véhicules - côté,3,2,2,0,1,1,1,5,1,80,,5,4,1,0,0,40.0,35.0,,,1,1,2,1,3
202100042131,2021-03-26 09:45:00,2021,3,26,9,45,33,33165,Allée du Hameau Saint Hilaire,44.824325,-0.444582,Plein jour,En agglomération,Hors intersection,Normale,Autre collision,6,-1,-1,0,1,1,1,0,1,50,,2,1,0,1,0,58.0,,,,1,2,1,1,6
202100042132,2021-04-24 11:27:00,2021,4,24,11,27,85,85113,Rue Calypso,46.723477,-2.348446,Plein jour,En agglomération,Hors intersection,Normale,Autre collision,4,2,2,0,1,1,1,0,1,40,,2,1,0,1,0,64.0,,,,1,2,1,1,6
202100042133,2021-04-29 17:45:00,2021,4,29,17,45,44,44047,Rue de la Minée,47.234559,-1.67247,Plein jour,En agglomération,Hors intersection,Normale,Deux véhicules - arrière,4,2,2,1,1,1,1,0,1,50,,2,1,0,1,0,72.0,27.0,,,1,2,1,1,2
202100042134,2021-04-29 17:00:00,2021,4,29,17,0,22,22161,Lan Frost,48.579365,-3.142138,Plein jour,Hors agglomération,Hors intersection,Normale,Deux véhicules - arrière,3,2,2,0,1,1,1,8,1,70,,2,1,0,1,0,40.0,68.0,,,1,1,1,1,2
202100042135,2021-04-29 16:50:00,2021,4,29,16,50,22,22277,rue du Parc Broussin,48.388185,-2.872989,Plein jour,En agglomération,Hors intersection,Normale,Sans collision,4,2,2,0,1,2,1,0,1,50,,1,0,0,1,0,65.0,,,,1,2,1,1,7
202100042136,2021-04-23 14:45:00,2021,4,23,14,45,57,57588,Route de Mondorff,49.468323,6.239017,Plein jour,En agglomération,Intersection en T,Normale,Deux véhicules - frontale,3,2,2,0,1,3,1,0,1,50,,2,1,0,0,1,67.0,15.0,,,1,2,3,1,1
202100042137,2021-04-30 16:40:00,2021,4,30,16,40,02,02084,Rue de Marigny,49.013576,3.229659,Plein jour,Hors agglomération,Hors intersection,Normale,Sans collision,3,2,2,0,2,1,1,0,1,80,,1,0,1,0,0,31.0,,,,1,1,1,1,7
202100042138,2021-04-29 11:00:00,2021,4,29,11,0,13,13071,A7-Sens Lyon vers Marseille,43.40351,5.30841,Plein jour,Hors agglomération,Hors intersection,Pluie forte,Sans collision,1,1,3,0,1,3,2,0,3,110,,1,0,0,0,1,30.0,,,,1,1,1,3,7
202100042139,2021-04-28 09:00:00,2021,4,28,9,0,13,13055,A507 sens Aubagne- Marseille,43.32413,5.42284,Plein jour,Hors agglomération,Hors intersection,Pluie légère,Deux véhicules - côté,1,3,3,0,2,1,2,3,1,50,,3,2,0,0,1,27.0,39.0,,,1,1,1,2,3
202100042140,2021-04-20 05:00:00,2021,4,20,5,0,13,13085,A50-Sens Toulon vers Aubagne,43.261423,5.591141,Nuit sans éclairage public,Hors agglomération,Hors intersection,Normale,Trois véhicules et plus - collisions multiples,1,1,3,0,2,3,1,0,1,90,,4,3,0,0,1,24.0,29.0,,,3,1,1,1,5
202100042141,2021-04-29 17:15:00,2021,4,29,17,15,67,67482,M35,48.58063,7.72412,Plein jour,Hors agglomération,Hors intersection,Normale,Deux véhicules - côté,7,1,4,0,1,1,1,0,1,90,,2,1,0,0,1,59.0,35.0,,,1,1,1,1,3
202100042142,2021-04-28 11:15:00,2021,4,28,11,15,67,67482,M35,48.58845,7.72942,Plein jour,Hors agglomération,Hors intersection,Normale,Deux véhicules - côté,7,3,4,0,1,1,1,0,1,90,,2,1,0,0,1,50.0,60.0,,,1,1,1,1,3
202100042143,2021-04-26 17:00:00,2021,4,26,17,0,33,33318,ROCADE A 630,44.78783,-0.63476,Plein jour,Hors agglomération,Hors intersection,Pluie légère,Deux véhicules - arrière,1,3,7,0,1,3,2,3,1,90,,3,2,0,0,1,46.0,39.0,,,1,1,1,2,2
202100042144,2021-04-24 12:25:00,2021,4,24,12,25,59,59603,AUTOROUTE A23,50.340495,3.488402,Plein jour,Hors agglomération,Hors intersection,Normale,Autre collision,1,-1,5,0,1,1,1,0,1,110,,1,0,0,0,1,34.0,,,,1,1,1,1,6
202100042145,2021-04-29 10:00:00,2021,4,29,10,0,91,91689,AUTOROUTE A6A,48.7499,2.3284,Plein jour,Hors agglomération,Hors intersection,Normale,Deux véhicules - arrière,1,3,3,0,2,1,1,0,1,110,,2,1,0,0,1,26.0,38.0,,,1,1,1,1,2
202100042146,2021-04-29 15:45:00,2021,4,29,15,45,93,93006,AUTOROUTE A3,48.86778,2.42781,Plein jour,Hors agglomération,Hors intersection,Normale,Deux véhicules - arrière,1,3,8,0,1,1,1,1,1,90,,2,1,0,0,1,23.0,31.0,,,1,1,1,1,2
202100042147,2021-04-29 18:30:00,2021,4,29,18,30,94,94011,RN406.Y,48.7595271748,2.4851417542,Plein jour,Hors agglomération,Hors intersection,Normale,Deux véhicules - arrière,2,3,2,0,1,1,1,0,1,90,,2,1,0,0,1,40.0,39.0,,,1,1,1,1,2
202100042148,2021-02-24 20:47:00,2021,2,24,20,47,36,36044,Boulevard de Bryas,46.81049,1.70589,Nuit avec éclairage allumé,En agglomération,Intersection en T,Normale,Deux véhicules - côté,4,2,4,0,1,1,1,0,1,50,,2,1,0,0,1,24.0,56.0,,,5,2,3,1,3
202100042149,2021-02-06 09:50:00,2021,2,6,9,50,36,36202,Route de Niherne,46.8660000104,1.6268458861,Plein jour,Hors agglomération,Hors intersection,Normale,Deux véhicules - côté,3,2,2,0,1,1,1,0,1,80,,2,1,0,0,1,67.0,,,,1,1,1,1,3
202100042150,2021-04-28 15:00:00,2021,4,28,15,0,974,97416,RN2 (1),-21.33398,55.48461,Plein jour,Hors agglomération,Autre intersection,Normale,Deux véhicules - arrière,2,2,5,0,1,1,1,3,1,50,,2,1,0,0,1,49.0,42.0,,,1,1,9,1,2
202100042151,2021-04-27 07:12:00,2021,4,27,7,12,974,97411,Boulevard Jean Jaurès,-20.89745,55.47574,Crépuscule ou aube,En agglomération,Autre intersection,Pluie forte,Deux véhicules - frontale,2,2,2,1,1,3,2,9,5,30,,2,1,0,0,1,31.0,19.0,,,2,2,9,3,1
202100042152,2021-04-28 08:05:00,2021,4,28,8,5,973,97302,MANDELA  (BOULEVARD),4.94062,-52.32679,Plein jour,En agglomération,Intersection en X,Normale,Deux véhicules - côté,4,3,2,0,1,1,1,0,1,50,,2,1,0,0,1,25.0,66.0,,,1,2,2,1,3
202100042153,2021-04-28 18:40:00,2021,4,28,18,40,69,69388,FRERES LUMIERE (DES) (AV),45.74335,4.87424,Plein jour,En agglomération,Intersection en X,Normale,Deux véhicules - côté,4,1,-1,3,1,1,1,0,1,50,,2,1,0,1,0,35.0,60.0,,,1,2,2,1,3
202100042154,2021-04-27 19:25:00,2021,4,27,19,25,69,69389,BOURGOGNE (DE) (R),45.78002,4.80115,Plein jour,En agglomération,Hors intersection,Normale,Deux véhicules - côté,4,2,3,0,1,1,1,0,1,50,,2,1,0,1,0,59.0,36.0,,,1,2,1,1,3
202100042155,2021-04-27 18:50:00,2021,4,27,18,50,69,69286,COMBATTANTS EN AFRIQUE DU NORD 1952-1962 (DES) (AV),45.81614,4.89297,Plein jour,En agglomération,Intersection en T,Normale,Deux véhicules - arrière,4,1,1,0,2,1,1,9,1,30,,3,2,0,0,1,36.0,38.0,,,1,2,3,1,2
202100042156,2021-04-28 09:00:00,2021,4,28,9,0,971,97101,Frédéric JALTON,16.27744,-61.50019,Plein jour,En agglomération,Hors intersection,Normale,Deux véhicules - arrière,2,2,2,0,1,1,1,0,1,50,,2,1,0,0,1,27.0,39.0,,,1,2,1,1,2
202100042157,2021-04-26 12:00:00,2021,4,26,12,0,971,97101,NEREE,16.26805,-61.5025,Plein jour,En agglomération,Autre intersection,Normale,Deux véhicules - côté,4,-1,1,0,2,1,1,0,1,50,,3,2,0,0,1,32.0,51.0,,,1,2,9,1,3
202100042158,2021-04-28 18:00:00,2021,4,28,18,0,91,91434,CORBEIL (ROUTE DE),48.653267,2.337815,Plein jour,En agglomération,Hors intersection,Normale,Deux véhicules - côté,3,2,2,0,1,1,1,0,1,50,,2,1,0,0,1,46.0,26.0,,,1,2,1,1,3
202100042159,2021-04-25 17:40:00,2021,4,25,17,40,90,90010,JOFFRE (BOULEVARD MARECHAL),47.6413,6.8539,Plein jour,En agglomération,Intersection en X,Normale,Deux véhicules - côté,3,4,2,0,1,1,1,0,1,50,,2,1,0,0,1,18.0,55.0,,,1,2,2,1,3
202100042160,2021-04-25 11:08:00,2021,4,25,11,8,87,87050,CHARPENTIERS (RUE DES),45.86356,1.23675,Plein jour,En agglomération,Hors intersection,Normale,Sans collision,3,2,2,0,1,1,1,0,4,50,,1,0,0,0,1,57.0,,,,1,2,1,1,7
202100042161,2021-04-27 14:00:00,2021,4,27,14,0,86,86194,Boulevard Pont Achard,46.57496,0.32905,Plein jour,En agglomération,Hors intersection,Normale,Deux véhicules - côté,4,3,3,2,2,3,1,0,1,50,,2,0,0,0,2,46.0,25.0,,,1,2,1,1,3
202100042162,2021-04-18 18:10:00,2021,4,18,18,10,84,84007,MARSEILLE (Route)-MONTFAVET,43.89084,4.91043,Plein jour,En agglomération,Hors intersection,Normale,Deux véhicules - côté,2,3,2,0,1,1,1,0,1,90,,3,1,0,2,0,50.0,39.0,,,1,2,1,1,3
202100042163,2021-04-21 17:30:00,2021,4,21,17,30,83,83061,AVENUE DE PROVENCE,43.4268,6.75305,Plein jour,En agglomération,Hors intersection,Normale,Autre collision,6,-1,0,0,1,1,1,9,4,50,,2,1,0,0,1,,,,,1,2,1,1,6
202100042164,2021-04-28 16:25:00,2021,4,28,16,25,79,79329,Avenue Emile Zola,46.98894,-0.21001,Plein jour,En agglomération,Hors intersection,Normale,Sans collision,4,2,2,0,1,1,1,0,1,50,,2,1,0,1,0,87.0,,,,1,2,1,1,7
202100042165,2021-04-17 23:30:00,2021,4,17,23,30,78,78486,RN 10,48.67919,1.84152,Nuit sans éclairage public,Hors agglomération,Hors intersection,Normale,Autre collision,2,1,2,0,1,1,1,0,1,110,,1,0,0,1,0,51.0,,,,3,1,1,1,6
202100042166,2021-04-27 08:05:00,2021,4,27,8,5,76,76351,WINSTON CHURCHILL,49.4941,0.1389,Plein jour,En agglomération,Intersection en X,Normale,Autre collision,4,3,4,0,1,1,1,0,1,50,,2,1,0,0,1,33.0,,,,1,2,2,1,6
202100042167,2021-04-26 13:30:00,2021,4,26,13,30,76,76305,RD 6015,49.512415697,0.2227413654,Plein jour,Hors agglomération,Hors intersection,Normale,Autre collision,3,3,4,0,2,2,1,0,1,80,,1,0,0,1,0,52.0,,,,1,1,1,1,6
202100042168,2021-04-26 10:55:00,2021,4,26,10,55,76,76351,Rue Eugène Mopin,49.5173,0.1572,Plein jour,En agglomération,Intersection en T,Normale,Deux véhicules - côté,4,2,4,2,1,1,1,0,5,30,,2,1,0,1,0,61.0,88.0,,,1,2,3,1,3
202100042169,2021-04-28 08:15:00,2021,4,28,8,15,69,69266,ANTONINS (DES) (R),45.7824666793,4.8782716681,Plein jour,En agglomération,Intersection en X,Normale,Autre collision,4,-1,1,0,1,3,1,8,6,50,,2,1,0,0,1,54.0,,,,1,2,2,1,6
202100042170,2021-04-27 17:00:00,2021,4,27,17,0,67,67482,CHARMILLE (RUE DE LA),48.58099,7.71889,Plein jour,En agglomération,Intersection en T,Normale,Deux véhicules - côté,4,2,2,0,1,1,1,0,1,30,,2,1,0,0,1,48.0,48.0,,,1,2,3,1,3
202100042171,2021-04-28 10:24:00,2021,4,28,10,24,63,63113,BESSET/BONNEFONS,45.7829,3.07814,Plein jour,En agglomération,Intersection en X,Pluie légère,Deux véhicules - côté,4,1,2,0,1,1,2,0,1,50,,2,1,0,0,1,44.0,52.0,,,1,2,2,2,3
202100042172,2021-04-28 01:31:00,2021,4,28,1,31,63,63113,CLOS NOTRE DAME (RUE DU),45.7837,3.07669,Nuit avec éclairage allumé,En agglomération,Intersection en X,Normale,Deux véhicules - côté,7,1,2,-1,1,1,1,0,1,-1,,2,1,0,1,0,49.0,27.0,,,5,2,2,1,3
202100042173,2021-04-28 18:30:00,2021,4,28,18,30,62,62193,ST EXUPERY (AVENUE),50.9461,1.88134,Plein jour,En agglomération,Hors intersection,Normale,Deux véhicules - arrière,4,3,2,0,1,3,1,0,1,50,,3,2,0,0,1,20.0,19.0,,,1,2,1,1,2
202100042174,2021-04-28 13:45:00,2021,4,28,13,45,59,59512,GALVANI (RUE),50.69612,3.186,Plein jour,En agglomération,Hors intersection,Normale,Autre collision,4,2,1,0,1,1,1,0,1,50,,2,1,0,1,0,45.0,,,,1,2,1,1,6
202100042175,2021-04-27 12:10:00,2021,4,27,12,10,59,59009,JAURES JEAN RUE DU 130 AU 252,50.665667,3.141087,Plein jour,En agglomération,Intersection en X,Normale,Deux véhicules - côté,7,2,2,0,1,1,1,5,1,50,,4,3,0,0,1,53.0,35.0,,,1,2,2,1,3
202100042176,2021-04-28 07:10:00,2021,4,28,7,10,53,53130,RN 162,48.061996,-0.73351,Crépuscule ou aube,Hors agglomération,Giratoire,Normale,Sans collision,2,2,2,0,1,4,1,5,1,90,,1,0,0,0,1,47.0,,,,2,1,6,1,7
202100042177,2021-04-28 02:20:00,2021,4,28,2,20,50,50502,CANTEPIE (lieu dit),49.097686,-1.079074,Nuit sans éclairage public,En agglomération,Hors intersection,Normale,Autre collision,4,2,2,0,2,2,1,0,3,80,,1,0,0,0,1,30.0,,,,3,2,1,1,6
202100042178,2021-04-27 14:25:00,2021,4,27,14,25,50,50502,TORTERON (rue),49.11448,-1.097115,Plein jour,En agglomération,Hors intersection,Normale,Autre collision,4,2,2,0,2,1,1,0,1,30,,1,0,0,1,0,70.0,,,,1,2,1,1,6
202100042179,2021-04-25 17:58:00,2021,4,25,17,58,47,47001,LAUZUN (RUE PHILIPPE),44.20346,0.628019,Plein jour,En agglomération,Hors intersection,Normale,Autre collision,4,1,1,0,1,1,1,0,1,50,,2,1,0,0,1,41.0,,,,1,2,1,1,6
202100042180,2021-04-28 14:35:00,2021,4,28,14,35,45,45234,D906094-PR 1 + 280,47.924331,1.941201,Plein jour,En agglomération,Giratoire,Pluie légère,Autre collision,7,1,2,0,1,3,2,0,4,50,,1,0,0,0,1,19.0,,,,1,2,6,2,6
202100042181,2021-04-28 08:50:00,2021,4,28,8,50,44,44184,RD 492 DU RP SARRELOUIS AU PONT BD HÔPIT,47.2672517241,-2.2540640831,Plein jour,Hors agglomération,Hors intersection,Normale,Autre collision,3,2,2,3,1,1,1,0,1,50,,2,1,0,0,1,23.0,,,,1,1,1,1,6
202100042182,2021-04-28 14:30:00,2021,4,28,14,30,38,38544,Avenue Marcellin Berthelot,45.53577,4.87455,Plein jour,En agglomération,Giratoire,Temps couvert,Deux véhicules - côté,4,2,2,0,1,2,1,0,1,50,,2,1,0,0,1,59.0,,,,1,2,6,8,3
202100042183,2021-04-28 17:20:00,2021,4,28,17,20,37,37122,BRANLY (RUE EDOUARD),47.3580024761,0.6810997725,Plein jour,En agglomération,Intersection en T,Normale,Autre collision,4,2,0,0,1,1,1,0,1,50,,2,1,0,0,1,53.0,87.0,,,1,2,3,1,6
202100042184,2021-04-28 08:55:00,2021,4,28,8,55,37,37122,BRETONNIERES (BOULEVARD DES),47.3427966113,0.6233882904,Plein jour,En agglomération,Hors intersection,Normale,Sans collision,7,2,2,0,1,3,1,0,3,50,,1,0,0,0,1,68.0,,,,1,2,1,1,7
202100042185,2021-02-22 15:06:00,2021,2,22,15,6,36,36044,10 Rue Combanaire,46.80778,1.7049,Plein jour,En agglomération,Hors intersection,Normale,Autre collision,4,2,2,0,1,1,1,0,1,50,,2,1,0,1,0,29.0,,,,1,2,1,1,6
202100042186,2021-04-28 18:55:00,2021,4,28,18,55,35,35238,CHATEAUGIRON (DE),48.09744,-1.64203,Plein jour,En agglomération,Intersection en T,Normale,Autre collision,4,2,2,3,1,1,1,5,1,50,,2,1,0,0,1,41.0,65.0,,,1,2,3,1,6
202100042187,2021-04-28 16:10:00,2021,4,28,16,10,33,33032,Rue de Rome,44.896299,-0.520196,Plein jour,En agglomération,Intersection en T,Normale,Autre collision,4,2,2,0,2,1,1,0,1,50,,2,1,0,0,1,44.0,46.0,,,1,2,3,1,6
202100042188,2021-04-28 18:25:00,2021,4,28,18,25,33,33529,,44.63986,-1.1483,Plein jour,En agglomération,Hors intersection,Normale,Deux véhicules - côté,3,2,2,0,1,1,1,0,1,50,,3,1,0,0,2,19.0,27.0,,,1,2,1,1,3
202100042189,2021-04-28 07:30:00,2021,4,28,7,30,33,33529,Avenue de Bisserié,44.626563459,-1.1412256817,Crépuscule ou aube,En agglomération,Hors intersection,Temps couvert,Deux véhicules - côté,4,2,2,1,1,3,2,0,1,50,,2,1,0,0,1,26.0,,,,2,2,1,8,3
202100042190,2021-04-27 03:45:00,2021,4,27,3,45,31,31555,Rond Point Cazaux henri,43.62407,1.41933,Nuit avec éclairage allumé,En agglomération,Autre intersection,Normale,Deux véhicules - côté,1,1,2,0,1,2,2,0,1,50,,2,1,0,0,1,56.0,46.0,,,5,2,9,1,3
202100042191,2021-04-25 19:40:00,2021,4,25,19,40,30,30007,BAGNOLS (ROUTE DE),44.1294,4.10581,Plein jour,En agglomération,Giratoire,Normale,Autre collision,4,1,2,0,1,3,1,9,1,50,,3,2,0,0,1,25.0,22.0,,,1,2,6,1,6
202100042192,2021-04-28 17:20:00,2021,4,28,17,20,29,29232,Rue de Benodet,47.984324,-4.105218,Plein jour,En agglomération,Hors intersection,Normale,Deux véhicules - frontale,4,2,2,0,1,1,1,0,1,50,,3,2,0,0,1,44.0,75.0,,,1,2,1,1,1
202100042193,2021-04-27 20:20:00,2021,4,27,20,20,25,25204,Route Départementale 437,46.92776,6.35934,Crépuscule ou aube,Hors agglomération,Hors intersection,Normale,Autre collision,3,2,2,0,1,4,1,0,1,80,,1,0,0,1,0,25.0,,,,2,1,1,1,6
202100042194,2021-04-28 16:45:00,2021,4,28,16,45,18,18033,MALLET (RUE LOUIS),47.08196,2.36404,Plein jour,En agglomération,Intersection en T,Pluie légère,Deux véhicules - côté,4,2,2,2,1,1,2,0,1,50,,2,0,0,1,1,32.0,17.0,,,1,2,3,2,3
202100042195,2021-04-28 16:28:00,2021,4,28,16,28,17,17300,NORMANDIN   RUE EMILE,46.14941,-1.1447,Plein jour,En agglomération,Hors intersection,Normale,Deux véhicules - côté,4,2,2,1,1,1,1,0,1,30,,2,1,0,0,1,54.0,38.0,,,1,2,1,1,3
202100042196,2021-04-28 15:04:00,2021,4,28,15,4,17,17300,GUITON   AVENUE JEAN (167-341),46.16089,-1.1877,Plein jour,En agglomération,Intersection en T,Normale,Deux véhicules - côté,4,2,2,0,1,1,1,0,1,30,,2,1,0,0,1,28.0,36.0,,,1,2,3,1,3
202100042197,2021-04-28 14:40:00,2021,4,28,14,40,14,14715,D74,49.36487,0.10409,Plein jour,En agglomération,Hors intersection,Normale,Autre collision,3,2,2,0,1,3,1,0,1,70,,1,0,0,0,1,45.0,,,,1,2,1,1,6
202100042198,2021-04-28 18:50:00,2021,4,28,18,50,13,13211,MENARD (PIERRE) (BOULEVARD),43.290604467,5.4401504611,Plein jour,En agglomération,Hors intersection,Normale,Deux véhicules - côté,7,2,3,0,2,1,1,2,1,50,,2,0,0,0,2,19.0,22.0,,,1,2,1,1,3
202100042199,2021-04-28 16:25:00,2021,4,28,16,25,13,13214,JEAN QUEILLAU (RUE),43.334422,5.385204,Plein jour,En agglomération,Hors intersection,Temps couvert,Deux véhicules - arrière,4,1,0,0,2,3,1,0,1,50,,2,1,0,0,1,46.0,39.0,,,1,2,1,8,2
202100042200,2021-04-27 18:40:00,2021,4,27,18,40,13,13213,SAINT PAUL (AVENUE),43.32767,5.407346,Plein jour,En agglomération,Hors intersection,Normale,Deux véhicules - côté,4,2,2,0,1,1,1,0,1,50,,2,1,0,0,1,35.0,26.0,,,1,2,1,1,3
202100042201,2021-04-28 00:00:00,2021,4,28,0,0,11,11069,BARBES BD ET PROMENADE-PAIRS-,43.21043,2.35234,Nuit avec éclairage allumé,En agglomération,Autre intersection,Pluie légère,Autre collision,3,1,2,0,1,4,2,0,3,50,,1,0,0,0,1,21.0,,,,5,2,9,2,6
202100042202,2021-04-27 19:01:00,2021,4,27,19,1,10,10387,ROBERT GALLEY (RUE),48.28998,4.06776,Plein jour,En agglomération,Giratoire,Normale,Deux véhicules - côté,3,1,2,1,1,1,1,0,1,50,,2,1,0,0,1,29.0,25.0,,,1,2,6,1,3
202100042203,2021-04-28 13:15:00,2021,4,28,13,15,07,07281,LA BEYLESSE (CARREFOUR),44.9452,4.85254,Plein jour,En agglomération,Giratoire,Pluie légère,Sans collision,3,-1,2,0,1,1,2,0,1,50,,1,0,0,0,1,15.0,,,,1,2,6,2,7
202100042204,2021-04-24 18:10:00,2021,4,24,18,10,07,07102,LANGUEDOC (Rue du),44.92792,4.85976,Plein jour,Hors agglomération,Giratoire,Normale,Sans collision,4,3,2,0,1,1,1,9,8,50,,2,1,0,0,1,32.0,,,,1,1,6,1,7
202100042205,2021-04-27 19:50:00,2021,4,27,19,50,06,06123,PUGETS AVENUE DES,43.6823,7.1868,Crépuscule ou aube,En agglomération,Hors intersection,Pluie légère,Autre collision,7,2,2,0,1,3,2,0,3,50,,1,0,0,0,1,21.0,,,,2,2,1,2,6
202100042206,2021-04-15 09:00:00,2021,4,15,9,0,06,06027,GARE AVENUE DE LA,43.66085,7.14864,Plein jour,En agglomération,Hors intersection,Normale,Deux véhicules - arrière,7,1,2,0,1,1,1,9,1,50,,2,1,0,0,1,37.0,40.0,,,1,2,1,1,2
202100042207,2021-04-28 18:30:00,2021,4,28,18,30,75,75117,PORTE DE SAINT OUEN,48.900348,2.322174,Plein jour,En agglomération,Hors intersection,Temps couvert,Deux véhicules - côté,4,1,4,0,1,1,1,0,1,70,,2,1,0,0,1,61.0,32.0,,,1,2,1,8,3
202100042208,2021-04-27 11:10:00,2021,4,27,11,10,75,75116,PORTE DE PASSY,48.854539,2.254923,Plein jour,En agglomération,Hors intersection,Normale,Deux véhicules - arrière,4,1,4,0,1,1,1,0,1,70,,2,1,0,0,1,54.0,44.0,,,1,2,1,1,2
202100042209,2021-04-28 20:55:00,2021,4,28,20,55,75,75118,BOULEVARD BARBES,48.886555,2.349556,Plein jour,En agglomération,Intersection en X,Normale,Autre collision,4,2,4,3,1,1,1,0,1,50,,2,1,0,0,1,29.0,,,,1,2,2,1,6
202100042210,2021-04-28 20:20:00,2021,4,28,20,20,75,75118,BOULEVARD BARBES,48.885561,2.34953,Plein jour,En agglomération,Intersection en X,Normale,Deux véhicules - côté,4,1,4,1,2,1,1,0,5,50,,2,1,0,0,1,29.0,31.0,,,1,2,2,1,3
202100042211,2021-04-28 14:50:00,2021,4,28,14,50,75,75116,AVENUE DE VERSAILLES,48.845295,2.271591,Plein jour,En agglomération,Intersection en X,Normale,Deux véhicules - côté,4,2,4,0,1,1,1,0,1,50,,2,1,0,0,1,28.0,46.0,,,1,2,2,1,3
202100042212,2021-04-28 13:50:00,2021,4,28,13,50,75,75115,RUE DU COMMERCE,48.844832,2.29398,Plein jour,En agglomération,Place,Normale,Autre collision,4,2,2,2,1,1,1,0,5,20,,2,1,0,0,1,40.0,,,,1,2,7,1,6
202100042213,2021-04-28 13:10:00,2021,4,28,13,10,75,75108,RUE LA BOETIE,48.874532,2.319437,Plein jour,En agglomération,Intersection en X,Normale,Deux véhicules - côté,4,1,3,0,1,1,1,0,1,30,,4,3,0,0,1,63.0,71.0,,,1,2,2,1,3
202100042214,2021-04-28 01:45:00,2021,4,28,1,45,75,75108,AVENUE DES CHAMPS ELYSEES,48.86774,2.313978,Nuit avec éclairage allumé,En agglomération,Intersection en X,Normale,Deux véhicules - côté,4,2,6,3,1,1,1,0,1,50,,4,1,0,0,3,41.0,65.0,,,5,2,2,1,3