accident_id,datetime,annee,mois,jour,heure,minute,departement,commune_insee,adresse,latitude,longitude,luminosite,agglomeration,intersection,meteo,collision,catr,circ,nbv,vosp,prof,plan,surf,infra,situ,vma,nb_vehicules,nb_usagers,nb_indemnes,nb_tues,nb_blesses_hosp,nb_blesses_legers,age_cond_1,age_cond_2,veh_type_cond_1,veh_type_cond_2,lum_code,agg_code,int_code,atm_code,col_code
202100042215,2021-04-27 12:45:00,2021,4,27,12,45,75,75104,PLACE DE LA BASTILLE,48.853251,2.368612,Plein jour,En agglomération,Place,Normale,Deux véhicules - frontale,4,1,4,1,1,3,1,0,5,50,,2,1,0,0,1,28.0,36.0,,,1,2,7,1,1
202100042216,2021-04-27 09:00:00,2021,4,27,9,0,75,75103,RUE REAUMUR,48.865459,2.356123,Plein jour,En agglomération,Intersection en X,Normale,Deux véhicules - côté,4,1,2,0,1,1,1,0,1,50,,2,1,0,0,1,34.0,31.0,,,1,2,2,1,3
202100042217,2021-04-28 12:34:00,2021,4,28,12,34,94,94044,Rue Henri Barbusse,48.750418,2.488485,Plein jour,En agglomération,Hors intersection,Normale,Autre collision,4,1,1,0,1,1,1,0,1,50,,2,1,0,0,1,56.0,,,,1,2,1,1,6
202100042218,2021-04-28 05:45:00,2021,4,28,5,45,94,94003,PAUL VAILLANT COUTURIER (AV),48.80218,2.33848,Nuit avec éclairage allumé,En agglomération,Hors intersection,Normale,Deux véhicules - frontale,3,2,1,0,2,1,1,0,1,50,,2,0,0,1,1,30.0,,,,5,2,1,1,1
202100042219,2021-04-27 19:00:00,2021,4,27,19,0,94,94003,Avenue Laplace,48.808425,2.331666,Plein jour,En agglomération,Hors intersection,Normale,Autre collision,3,3,2,0,2,1,1,0,1,30,,2,1,0,0,1,60.0,,,,1,2,1,1,6
202100042220,2021-04-27 19:00:00,2021,4,27,19,0,94,94002,Quai Jean-Baptiste Clément,48.79636,2.42175,Plein jour,En agglomération,Hors intersection,Normale,Autre collision,4,2,2,0,1,1,1,0,1,50,,3,2,0,0,1,26.0,,,,1,2,1,1,6
202100042221,2021-04-28 18:52:00,2021,4,28,18,52,93,93070,DOCTEUR BAUER(RUE DU) :N°  75 AU 129,48.90546,2.34403,Plein jour,En agglomération,Place,Pluie légère,Deux véhicules - arrière,3,2,6,2,1,1,2,0,1,50,,2,1,0,0,1,49.0,42.0,,,1,2,7,2,2
202100042222,2021-04-26 23:15:00,2021,4,26,23,15,93,93072,STALINGRAD (Avenue),48.9469654236,2.3716994482,Nuit avec éclairage allumé,En agglomération,Intersection en X,Normale,Deux véhicules - côté,3,3,4,1,1,1,1,0,1,50,,3,1,0,0,2,20.0,22.0,,,5,2,2,1,3
202100042223,2021-04-28 16:10:00,2021,4,28,16,10,93,93064,KENNEDY (AVENUE DU PRESIDENT),48.88013,2.49296,Plein jour,En agglomération,Intersection en T,Normale,Deux véhicules - frontale,3,2,4,2,1,1,1,0,5,50,,5,3,0,0,2,46.0,26.0,,,1,2,3,1,1
202100042224,2021-04-28 10:00:00,2021,4,28,10,0,93,93062,RESISTANCE (AVENUE DE LA),48.8943060755,2.5133307082,Plein jour,En agglomération,Hors intersection,Normale,Deux véhicules - côté,3,2,3,0,1,1,1,0,1,50,,2,1,0,0,1,51.0,59.0,,,1,2,1,1,3
202100042225,2021-04-28 11:00:00,2021,4,28,11,0,93,93051,MEDERIC (AVENUE),48.8300473874,2.5614021494,Plein jour,En agglomération,Hors intersection,Normale,Autre collision,3,2,2,0,1,1,1,0,1,30,,2,1,0,0,1,74.0,,,,1,2,1,1,6
202100042226,2021-04-28 12:15:00,2021,4,28,12,15,93,93006,GAMBETTA AV.,48.86915,2.41547,Plein jour,En agglomération,Hors intersection,Normale,Deux véhicules - côté,3,2,2,0,1,1,1,0,1,50,,2,1,0,0,1,72.0,48.0,,,1,2,1,1,3
202100042227,2021-04-28 16:22:00,2021,4,28,16,22,93,93030,DE GAULLE (AVENUE DU GENERAL),48.94998,2.41527,Plein jour,En agglomération,Hors intersection,Normale,Trois véhicules et plus - collisions multiples,3,2,2,0,1,1,1,0,1,50,,5,4,0,0,1,34.0,44.0,,,1,2,1,1,5
202100042228,2021-04-28 20:05:00,2021,4,28,20,5,92,92033,SURESNES,48.8462,2.19095,Plein jour,En agglomération,Hors intersection,Normale,Autre collision,4,-1,2,0,1,1,1,0,1,50,,2,1,0,0,1,62.0,,,,1,2,1,1,6
202100042229,2021-04-28 17:50:00,2021,4,28,17,50,92,92064,DAILLY,48.843328,2.220738,Plein jour,En agglomération,Hors intersection,Normale,Deux véhicules - arrière,4,2,2,0,2,1,1,0,1,50,,2,1,0,0,1,20.0,72.0,,,1,2,1,1,2
202100042230,2021-04-24 13:30:00,2021,4,24,13,30,92,92063,BUZENVAL (PLACE DE),48.85722,2.19015,Plein jour,En agglomération,Intersection en X,Normale,Deux véhicules - côté,3,2,8,0,1,1,1,0,1,50,,3,2,0,0,1,53.0,43.0,,,1,2,2,1,3
202100042231,2021-04-28 14:00:00,2021,4,28,14,0,92,92051,"CHARLES DE GAULLE (AVENUE,N°118 A 192 +",48.8829150991,2.2664384544,Plein jour,En agglomération,Hors intersection,Normale,Deux véhicules - côté,2,1,2,2,1,1,1,0,1,50,,2,1,0,0,1,53.0,62.0,,,1,2,1,1,3
202100042232,2021-04-27 09:35:00,2021,4,27,9,35,92,92051,"CHARLES DE GAULLE (AVENUE, N°27 A 129)",48.8809057586,2.27229774,Plein jour,En agglomération,Hors intersection,Normale,Deux véhicules - arrière,2,3,6,0,1,1,1,0,1,50,,2,1,0,0,1,51.0,30.0,,,1,2,1,1,2
202100042233,2021-04-28 07:15:00,2021,4,28,7,15,92,92026,CIRCULAIRE (BOULEVARD),48.89089,2.24767,Plein jour,En agglomération,Hors intersection,Normale,Deux véhicules - côté,3,1,2,1,1,1,1,0,5,50,,2,1,0,1,0,23.0,45.0,,,1,2,1,1,3
202100042234,2021-04-28 11:00:00,2021,4,28,11,0,92,92025,STALINGRAD (AV DE),48.92732,2.2729,Plein jour,En agglomération,Intersection en T,Temps éblouissant,Autre collision,3,-1,0,0,1,1,1,0,1,50,,2,1,0,1,0,73.0,,,,1,2,3,7,6
202100042235,2021-04-27 23:10:00,2021,4,27,23,10,92,92025,VALMY (BD DE),48.9256348332,2.2528934083,Nuit avec éclairage allumé,En agglomération,Hors intersection,Normale,Autre collision,3,2,2,0,2,1,1,0,1,50,,1,0,0,1,0,23.0,,,,5,2,1,1,6
202100042236,2021-04-28 07:50:00,2021,4,28,7,50,92,92004,BAS ( RUE DES ),48.91134,2.29837,Plein jour,En agglomération,Hors intersection,Normale,Deux véhicules - côté,3,1,3,1,1,1,1,0,1,50,,2,1,0,0,1,23.0,29.0,,,1,2,1,1,3
202100042237,2021-04-28 21:50:00,2021,4,28,21,50,33,33225,,44.566418,-0.40996,Nuit avec éclairage allumé,En agglomération,Hors intersection,Normale,Deux véhicules - frontale,3,2,2,0,1,1,1,0,1,50,,2,0,1,0,1,21.0,30.0,,,5,2,1,1,1
202100042238,2021-04-24 16:00:00,2021,4,24,16,0,62,62043,3929 Route Nationale,50.895806,1.96843,Plein jour,En agglomération,Autre intersection,Normale,Sans collision,3,2,2,0,1,2,1,0,1,50,,1,0,0,1,0,24.0,,,,1,2,9,1,7
202100042239,2021-04-29 16:30:00,2021,4,29,16,30,56,56172,Rue du Docteur Remé,47.838423,-2.637395,Plein jour,En agglomération,Hors intersection,Normale,Sans collision,3,2,2,0,2,1,1,0,1,30,,1,0,0,1,0,16.0,,,,1,2,1,1,7
202100042240,2021-04-10 19:00:00,2021,4,10,19,0,56,56166,Kerprat Vihan,47.910222,-3.2906764,Plein jour,Hors agglomération,Hors intersection,Normale,Deux véhicules - frontale,3,2,2,0,2,3,1,0,1,80,,2,1,0,0,1,54.0,36.0,,,1,1,1,1,1
202100042241,2021-04-29 12:00:00,2021,4,29,12,0,2B,2B346,D237A,42.509889,9.45852,Plein jour,En agglomération,Intersection en T,Normale,Deux véhicules - côté,3,2,2,0,1,1,1,5,1,50,,2,0,0,0,2,27.0,34.0,,,1,2,3,1,3
202100042242,2021-04-28 14:10:00,2021,4,28,14,10,61,61303,Lieu Dit Maison Blanche,48.831401,-0.141988,Plein jour,Hors agglomération,Hors intersection,Normale,Sans collision,3,2,2,0,1,1,1,0,3,90,,1,0,0,1,0,70.0,,,,1,1,1,1,7
202100042243,2021-04-27 13:25:00,2021,4,27,13,25,49,49155,Rue de Grieul,47.597207,-0.694392,Plein jour,Hors agglomération,Hors intersection,Normale,Sans collision,3,2,2,0,1,1,1,0,8,80,,1,0,0,1,0,31.0,,,,1,1,1,1,7
202100042244,2021-04-29 14:40:00,2021,4,29,14,40,25,25240,D437,47.075551,6.617782,Plein jour,Hors agglomération,Hors intersection,Temps couvert,Deux véhicules - frontale,3,2,2,0,2,3,1,5,1,70,,2,1,1,0,0,34.0,39.0,,,1,1,1,8,1
202100042245,2021-04-27 16:54:00,2021,4,27,16,54,44,44081,La Peaudouere,46.886624,-1.557183,Plein jour,Hors agglomération,Hors intersection,Normale,Autre collision,3,2,2,0,1,3,1,2,1,80,,1,0,1,0,0,36.0,,,,1,1,1,1,6
202100042246,2021-04-27 16:00:00,2021,4,27,16,0,44,44101,Rue Salvador Allende,47.184875,-1.687517,Plein jour,En agglomération,Giratoire,Normale,Deux véhicules - côté,4,2,2,0,1,1,1,9,1,30,,3,2,0,1,0,26.0,19.0,,,1,2,6,1,3
202100042247,2021-04-28 15:25:00,2021,4,28,15,25,29,29257,Rue Tevenn Ar Reut,48.56462,-4.614365,Plein jour,Hors agglomération,Hors intersection,Normale,Autre collision,4,2,2,0,1,3,1,0,3,70,,1,0,0,1,0,42.0,,,,1,1,1,1,6
202100042248,2021-04-28 13:10:00,2021,4,28,13,10,03,03080,D2209,46.103497,3.260517,Plein jour,Hors agglomération,Intersection en X,Pluie légère,Deux véhicules - côté,3,2,4,0,1,1,2,5,1,90,,5,4,0,0,1,70.0,39.0,,,1,1,2,2,3
202100042249,2021-04-22 12:35:00,2021,4,22,12,35,14,14654,Route de Magny,49.036335,-0.02657,Plein jour,En agglomération,Intersection en T,Normale,Deux véhicules - côté,3,2,2,0,1,1,1,0,1,50,,2,1,0,0,1,17.0,24.0,,,1,2,3,1,3
202100042250,2021-04-29 03:00:00,2021,4,29,3,0,14,14238,Bois de Boulogne,49.33325,0.15986,Nuit sans éclairage public,Hors agglomération,Hors intersection,Normale,Autre collision,3,2,2,0,4,3,1,2,3,80,,2,0,0,1,1,32.0,,,,3,1,1,1,6
202100042251,2021-04-29 09:00:00,2021,4,29,9,0,87,87111,Rue Jean Giraudoux,45.732769,0.86584,Plein jour,En agglomération,Autre intersection,Normale,Deux véhicules - côté,3,2,2,0,1,2,1,0,1,50,,2,1,0,1,0,56.0,81.0,,,1,2,9,1,3
202100042252,2021-04-28 07:50:00,2021,4,28,7,50,30,30086,D114,44.031086,4.278424,Crépuscule ou aube,Hors agglomération,Hors intersection,Pluie légère,Autre collision,3,2,2,0,1,1,2,0,1,80,,2,1,0,1,0,23.0,22.0,,,2,1,1,2,6
202100042253,2021-04-28 13:00:00,2021,4,28,13,0,987,98738,PK 11 coté montagne - Lotissement Social,-17.618416,-149.570803,Plein jour,Hors agglomération,Hors intersection,Normale,Deux véhicules - arrière,4,2,2,0,2,1,1,0,1,30,,2,1,0,1,0,48.0,,,,1,1,1,1,2
202100042254,2021-04-28 07:40:00,2021,4,28,7,40,973,97305,"D 888, avenue de la laiterie",4.947344,-52.444117,Plein jour,Hors agglomération,Hors intersection,Normale,Deux véhicules - frontale,4,2,2,0,1,3,2,0,1,80,,4,1,0,3,0,28.0,43.0,,,1,1,1,1,1
202100042255,2021-04-28 16:25:00,2021,4,28,16,25,91,91405,Rue Jean Cocteau,48.400756,2.471758,Plein jour,En agglomération,Intersection en X,Normale,Deux véhicules - côté,3,2,2,0,1,1,1,5,1,50,,2,1,0,1,0,79.0,69.0,,,1,2,2,1,3
202100042256,2021-04-28 08:30:00,2021,4,28,8,30,2B,2B350,Fontanone,42.522886,9.401738,Plein jour,En agglomération,Hors intersection,Normale,Trois véhicules et plus - en chaîne,2,2,2,0,1,3,2,0,1,50,,3,1,0,0,2,53.0,50.0,,,1,2,1,1,4
202100042257,2021-04-29 11:15:00,2021,4,29,11,15,11,11076,23 Rue du 11 Novembre,43.319922,1.953346,Plein jour,En agglomération,Hors intersection,Pluie légère,Autre collision,4,2,1,0,2,3,2,0,3,50,,3,2,0,1,0,69.0,85.0,,,1,2,1,2,6
202100042258,2021-04-28 11:35:00,2021,4,28,11,35,34,34157,Route de Villeveyrac,43.432467,3.60314,Plein jour,En agglomération,Intersection en T,Normale,Deux véhicules - arrière,3,2,2,0,1,1,1,0,1,50,,2,1,0,0,1,75.0,21.0,,,1,2,3,1,2
202100042259,2021-04-29 08:40:00,2021,4,29,8,40,34,34113,d613 lieu dit la justice,43.511425,3.724397,Plein jour,Hors agglomération,Hors intersection,Pluie forte,Deux véhicules - frontale,3,2,2,0,1,1,2,0,1,80,,2,0,0,2,0,59.0,32.0,,,1,1,1,3,1
202100042260,2021-04-28 17:45:00,2021,4,28,17,45,58,58124,D174,47.090054,3.050359,Plein jour,Hors agglomération,Hors intersection,Pluie légère,Autre collision,3,3,2,0,1,1,2,0,3,80,,3,2,0,1,0,48.0,,,,1,1,1,2,6
202100042261,2021-04-29 08:15:00,2021,4,29,8,15,88,88135,Rue Colonel Bertin,48.145369,6.62018,Plein jour,En agglomération,Hors intersection,Normale,Autre collision,4,2,2,0,1,1,1,0,1,50,,2,1,0,1,0,29.0,8.0,,,1,2,1,1,6
202100042262,2021-03-26 10:40:00,2021,3,26,10,40,74,74239,Rte de Thones,45.921752,6.405914,Plein jour,En agglomération,Hors intersection,Normale,Deux véhicules - frontale,3,2,2,2,1,1,1,0,1,50,,3,1,0,1,1,66.0,33.0,,,1,2,1,1,1
202100042263,2021-04-29 10:10:00,2021,4,29,10,10,38,38064,Rue de la Gare,45.5622,5.37745,Plein jour,En agglomération,Hors intersection,Normale,Autre collision,3,2,2,0,3,3,1,0,4,50,,1,0,1,0,0,52.0,,,,1,2,1,1,6
202100042264,2021-04-29 08:45:00,2021,4,29,8,45,81,81099,Intersection place de la libération - D 988,43.899918,1.898553,Plein jour,En agglomération,Place,Pluie légère,Deux véhicules - côté,3,2,2,0,1,1,2,9,8,30,,2,1,0,0,1,18.0,83.0,,,1,2,7,2,3
202100042265,2021-04-28 21:15:00,2021,4,28,21,15,09,09076,départementale 27,43.256065,1.539524,Nuit avec éclairage allumé,Hors agglomération,Hors intersection,Normale,Autre collision,3,2,2,0,1,1,1,2,3,80,,1,0,0,1,0,36.0,,,,5,1,1,1,6
202100042266,2021-04-28 17:35:00,2021,4,28,17,35,09,09217,d8,42.802108,1.589456,Plein jour,Hors agglomération,Hors intersection,Pluie légère,Deux véhicules - frontale,3,2,2,0,1,1,2,0,1,80,,2,0,0,0,2,21.0,56.0,,,1,1,1,2,1
202100042267,2021-04-27 15:55:00,2021,4,27,15,55,64,64421,RN 134 PR 59+900,43.16578,-0.514169,Plein jour,Hors agglomération,Hors intersection,Pluie forte,Sans collision,2,2,2,0,1,1,2,0,3,80,,1,0,0,1,0,79.0,,,,1,1,1,3,7
202100042268,2021-04-28 19:16:00,2021,4,28,19,16,33,33003,Rue du Broustey,44.937978,-0.497212,Plein jour,En agglomération,Intersection en T,Normale,Deux véhicules - côté,4,2,2,0,1,1,1,0,1,30,,3,1,0,0,2,11.0,52.0,,,1,2,3,1,3
202100042269,2021-04-28 16:55:00,2021,4,28,16,55,85,85178,Rue du Puy Chabot,46.770475,-1.51179,Plein jour,En agglomération,Hors intersection,Normale,Sans collision,4,2,2,0,2,1,1,0,1,50,,1,0,0,0,1,49.0,,,,1,2,1,1,7
202100042270,2021-04-22 05:00:00,2021,4,22,5,0,14,14047,Rue de Port-en-bessin,49.289467,-0.720318,Nuit sans éclairage public,En agglomération,Intersection en X,Normale,Deux véhicules - arrière,3,2,2,0,1,1,1,0,1,50,,2,1,0,0,1,44.0,29.0,,,3,2,2,1,2
202100042271,2021-04-29 12:37:00,2021,4,29,12,37,60,60462,36 Rue de Boncourt,49.325629,2.197909,Plein jour,En agglomération,Hors intersection,Normale,Deux véhicules - côté,4,2,2,0,1,1,1,0,1,50,,2,1,0,0,1,27.0,45.0,,,1,2,1,1,3
202100042272,2021-04-28 07:50:00,2021,4,28,7,50,59,59482,D36 - D308,50.719742,3.019754,Plein jour,Hors agglomération,Giratoire,Temps éblouissant,Deux véhicules - côté,7,1,2,0,1,2,1,5,1,30,,2,1,0,1,0,68.0,48.0,,,1,1,6,7,3
202100042273,2021-04-28 09:10:00,2021,4,28,9,10,13,13202,A55-Sens Martigues vers Marseille,43.31461,5.36552,Plein jour,Hors agglomération,Hors intersection,Pluie forte,Autre collision,1,1,2,0,1,1,2,0,1,90,,1,0,0,0,1,60.0,,,,1,1,1,3,6
202100042274,2021-04-28 09:35:00,2021,4,28,9,35,13,13056,A55-Sens Martigues vers Marseille,43.4058418448,5.0393474871,Plein jour,Hors agglomération,Hors intersection,Pluie légère,Autre collision,1,1,2,0,2,2,2,0,3,70,,1,0,0,0,1,23.0,,,,1,1,1,2,6
202100042275,2021-04-20 00:10:00,2021,4,20,0,10,69,69382,M6,45.75087,4.82267,Nuit avec éclairage allumé,Hors agglomération,Hors intersection,Normale,Deux véhicules - arrière,7,3,6,0,1,2,1,0,1,70,,2,1,0,0,1,23.0,42.0,,,5,1,1,1,2
202100042276,2021-04-28 12:20:00,2021,4,28,12,20,78,78322,RN12 EXT,48.78667,2.15092,Plein jour,Hors agglomération,Hors intersection,Normale,Deux véhicules - arrière,2,3,6,0,1,1,1,0,1,110,,4,3,0,0,1,75.0,44.0,,,1,1,1,1,2
202100042277,2021-04-28 18:30:00,2021,4,28,18,30,95,95500,AUTOROUTE A15,49.0383130344,2.088157184,Plein jour,Hors agglomération,Hors intersection,Normale,Trois véhicules et plus - collisions multiples,1,3,9,0,1,1,1,0,1,90,,4,3,0,0,1,35.0,32.0,,,1,1,1,1,5
202100042278,2021-04-28 15:55:00,2021,4,28,15,55,93,93066,AUTOROUTE A1,48.91934,2.35755,Plein jour,Hors agglomération,Hors intersection,Normale,Trois véhicules et plus - collisions multiples,1,3,8,0,1,1,1,1,1,90,,6,5,0,0,1,50.0,50.0,,,1,1,1,1,5
202100042279,2021-02-20 15:42:00,2021,2,20,15,42,66,66136,ESPAGNE (ROUTE D'),42.67949,2.89245,Plein jour,En agglomération,Hors intersection,Normale,Deux véhicules - arrière,4,3,2,0,1,1,1,0,1,50,,3,1,0,0,2,26.0,66.0,,,1,2,1,1,2
202100042280,2021-02-24 15:10:00,2021,2,24,15,10,59,59569,MOCHE (RUE ALCIDE),50.36599,3.11708,Plein jour,En agglomération,Hors intersection,Normale,Autre collision,3,2,2,0,1,1,1,0,1,30,,2,1,0,0,1,65.0,,,,1,2,1,1,6
202100042281,2021-04-27 15:32:00,2021,4,27,15,32,974,97422,DE VILLIERS 5CHEMIN ADAM),-21.2744386814,55.5010474774,Plein jour,Hors agglomération,Hors intersection,Temps couvert,Deux véhicules - côté,4,2,-1,-1,1,1,-1,0,-1,-1,,2,1,0,0,1,60.0,56.0,,,1,1,1,8,3
202100042282,2021-04-25 17:50:00,2021,4,25,17,50,974,97411,Rue de Lorraine,-20.88581,55.46228,Crépuscule ou aube,En agglomération,Intersection en X,Normale,Trois véhicules et plus - collisions multiples,4,2,1,0,1,1,1,0,1,30,,2,1,0,0,1,33.0,29.0,,,2,2,2,1,5
202100042283,2021-04-27 11:00:00,2021,4,27,11,0,973,97302,BADUEL (ROND POINT DE),4.9331529211,-52.3095109464,Plein jour,En agglomération,Autre intersection,Pluie forte,Sans collision,3,1,2,0,1,2,8,9,1,50,,1,0,0,0,1,29.0,,,,1,2,9,3,7
202100042284,2021-04-27 08:15:00,2021,4,27,8,15,973,97302,BARRAT (DU DOCTEUR),4.9376768862,-52.3278295398,Plein jour,En agglomération,Autre intersection,Temps couvert,Autre collision,4,1,2,0,1,1,2,9,1,50,,2,1,0,0,1,,,,,1,2,9,8,6
202100042285,2021-04-27 11:58:00,2021,4,27,11,58,69,69259,CHARLES DE GAULLE (AV),45.71292,4.89881,Plein jour,En agglomération,Hors intersection,Normale,Autre collision,7,3,4,3,1,1,1,0,1,70,,2,1,0,1,0,32.0,,,,1,2,1,1,6
202100042286,2021-04-27 20:36:00,2021,4,27,20,36,95,95585,ZOLA (RUE EMILE),48.985831,2.392962,Plein jour,En agglomération,Hors intersection,Normale,Deux véhicules - frontale,3,2,2,0,1,1,1,0,1,50,,3,1,0,2,0,,36.0,,,1,2,1,1,1
202100042287,2021-04-27 10:45:00,2021,4,27,10,45,95,95428,CHARLES DE GAULLE  AVENUE,48.984263,2.328388,Plein jour,En agglomération,Hors intersection,Temps éblouissant,Deux véhicules - côté,3,2,2,0,1,2,1,0,1,50,,2,1,0,0,1,26.0,37.0,,,1,2,1,7,3
202100042288,2021-04-27 17:25:00,2021,4,27,17,25,91,91552,RTE NATIONALE 20,48.613884,2.254858,Plein jour,Hors agglomération,Intersection en T,Normale,Trois véhicules et plus - en chaîne,3,1,4,0,1,1,1,0,1,70,,3,2,0,0,1,24.0,45.0,,,1,1,3,1,4
202100042289,2021-04-27 14:45:00,2021,4,27,14,45,91,91326,GENERAL DE GAULLE (AVENUE DU),48.693549,2.379366,Plein jour,En agglomération,Hors intersection,Normale,Autre collision,3,2,2,0,1,1,1,0,1,50,,1,0,0,0,1,77.0,,,,1,2,1,1,6
202100042290,2021-04-27 09:25:00,2021,4,27,9,25,91,91687,VICTOR SCHOELCHER (AVENUE),48.64666,2.36577,Plein jour,En agglomération,Hors intersection,Normale,Deux véhicules - arrière,3,1,4,0,1,1,1,0,1,50,,2,1,0,0,1,63.0,45.0,,,1,2,1,1,2
202100042291,2021-04-27 13:40:00,2021,4,27,13,40,83,83137,BROSSET (BD GENERAL),43.12817,5.90644,Plein jour,En agglomération,Hors intersection,Temps couvert,Deux véhicules - côté,3,1,1,1,1,1,1,0,1,30,,2,1,0,1,0,43.0,21.0,,,1,2,1,8,3
202100042292,2021-04-24 18:40:00,2021,4,24,18,40,78,78314,RD 190,48.98829,1.78701,Plein jour,En agglomération,Giratoire,Normale,Sans collision,3,2,2,0,1,2,1,5,1,50,,2,0,1,0,1,67.0,,,,1,2,6,1,7
202100042293,2021-04-27 15:15:00,2021,4,27,15,15,77,77131,REBAIS (AVENUE DE),48.81359,3.0873,Plein jour,En agglomération,Giratoire,Normale,Deux véhicules - arrière,3,3,2,0,2,3,1,0,1,30,,2,0,0,1,1,58.0,36.0,,,1,2,6,1,2
202100042294,2021-04-26 19:45:00,2021,4,26,19,45,76,76351,GRAVILLE (BD DE),49.49801,0.14684,Plein jour,En agglomération,Hors intersection,Normale,Deux véhicules - frontale,4,2,4,2,2,3,1,2,1,50,,2,1,0,0,1,28.0,,,,1,2,1,1,1
202100042295,2021-04-27 21:15:00,2021,4,27,21,15,73,73008,SIMOND ST AVENUE,45.705726774,5.9140334031,Nuit avec éclairage allumé,En agglomération,Hors intersection,Normale,Trois véhicules et plus - collisions multiples,4,2,2,2,1,1,1,-1,1,50,,3,2,0,0,1,,42.0,,,5,2,1,1,5
202100042296,2021-04-27 17:15:00,2021,4,27,17,15,69,69282,DAUPHINE (DU) (AV) (8),45.7643,5.00435,Plein jour,En agglomération,Hors intersection,Normale,Autre collision,4,2,2,0,1,1,1,0,1,50,,2,1,0,0,1,85.0,,,,1,2,1,1,6
202100042297,2021-04-27 10:40:00,2021,4,27,10,40,66,66136,LECLERC (AVENUE DU GENERAL),42.70182,2.89179,Plein jour,En agglomération,Intersection en T,Pluie légère,Autre collision,4,1,2,0,1,1,2,0,1,50,,2,1,0,0,1,68.0,,,,1,2,3,2,6
202100042298,2021-04-23 16:40:00,2021,4,23,16,40,65,65286,LAC (CHEMIN DU),43.105497,-0.076264,Plein jour,En agglomération,Hors intersection,Normale,Deux véhicules - frontale,4,2,2,0,2,3,1,0,1,50,,3,1,0,0,2,15.0,17.0,,,1,2,1,1,1
202100042299,2021-04-27 19:16:00,2021,4,27,19,16,64,64445,CASTERET,43.30344,-0.36185,Plein jour,En agglomération,Intersection en X,Normale,Deux véhicules - côté,4,1,1,0,1,1,1,0,1,30,,4,1,0,0,3,,59.0,,,1,2,2,1,3
202100042300,2021-04-27 18:00:00,2021,4,27,18,0,64,64102,GENERAL EUGENE BOUET (RUE DU),43.5012032411,-1.4674552816,Plein jour,En agglomération,Hors intersection,Pluie légère,Autre collision,4,1,1,0,2,1,2,0,1,50,,2,1,0,0,1,47.0,,,,1,2,1,2,6
202100042301,2021-04-26 12:00:00,2021,4,26,12,0,63,63113,REPUBLIQUE (AVENUE DE LA),45.78981,3.11066,Plein jour,En agglomération,Hors intersection,Normale,Deux véhicules - arrière,4,3,2,3,1,1,1,0,1,50,,2,1,0,0,1,25.0,25.0,,,1,2,1,1,2
202100042302,2021-04-20 18:21:00,2021,4,20,18,21,63,63113,QUINET/ Clémentel,45.80053,3.11216,Plein jour,En agglomération,Intersection en X,Normale,Deux véhicules - arrière,7,3,4,0,1,1,1,0,1,50,,2,1,0,0,1,36.0,50.0,,,1,2,2,1,2
202100042303,2021-04-19 13:37:00,2021,4,19,13,37,63,63113,CLEMENTEL (BD ETIENNE),45.8096622067,3.1094214517,Plein jour,En agglomération,Intersection en X,Normale,Deux véhicules - côté,7,3,4,0,1,1,1,0,1,50,,2,1,0,0,1,46.0,51.0,,,1,2,2,1,3
202100042304,2021-04-27 22:33:00,2021,4,27,22,33,60,60159,Avenue Royale,49.41521,2.83389,Nuit sans éclairage public,En agglomération,Intersection en T,Normale,Deux véhicules - côté,4,2,2,0,1,1,1,0,1,50,,3,0,0,0,3,25.0,76.0,,,3,2,3,1,3
202100042305,2021-04-24 23:00:00,2021,4,24,23,0,59,59334,PLAINE (RUE DE LA),50.39602,3.03346,Nuit avec éclairage allumé,En agglomération,Hors intersection,Normale,Autre collision,4,3,2,0,1,1,1,0,1,30,,3,1,2,0,0,47.0,25.0,,,5,2,1,1,6
202100042306,2021-04-26 10:28:00,2021,4,26,10,28,57,57672,ARTISANS (RUE DES),49.35305,6.17415,Plein jour,En agglomération,Hors intersection,Normale,Sans collision,4,2,2,0,1,1,1,0,1,50,,2,1,0,1,0,51.0,62.0,,,1,2,1,1,7
202100042307,2021-04-27 18:05:00,2021,4,27,18,5,51,51454,Rue de Cernay,49.2578456132,4.0529589635,Plein jour,En agglomération,Intersection en X,Normale,Deux véhicules - côté,3,2,2,0,2,1,1,0,1,50,,2,1,0,0,1,36.0,49.0,,,1,2,2,1,3
202100042308,2021-04-26 16:26:00,2021,4,26,16,26,50,50532,BRUYERE (ROUTE),48.804,-1.54844,Plein jour,Hors agglomération,Giratoire,Normale,Deux véhicules - côté,3,2,2,0,1,1,1,0,1,50,,3,2,0,0,1,64.0,59.0,,,1,1,6,1,3
202100042309,2021-04-26 22:40:00,2021,4,26,22,40,49,49099,VC 4,47.04821,-0.91935,Nuit sans éclairage public,Hors agglomération,Hors intersection,Normale,Sans collision,4,2,2,0,1,1,1,0,3,80,,2,1,0,0,1,19.0,,,,3,1,1,1,7
202100042310,2021-04-27 16:00:00,2021,4,27,16,0,49,49007,HANIPET PASSAGE ET RUE,47.468115358,-0.5200807787,Plein jour,En agglomération,Hors intersection,Normale,Autre collision,4,-1,1,0,1,1,1,0,4,30,,2,1,0,0,1,39.0,,,,1,2,1,1,6
202100042311,2021-04-27 09:26:00,2021,4,27,9,26,49,49007,ORGEMONT,47.453729,-0.546064,Plein jour,En agglomération,Hors intersection,Normale,Deux véhicules - côté,4,2,2,0,1,1,1,0,1,50,,2,1,0,0,1,42.0,47.0,,,1,2,1,1,3