accident_id,datetime,annee,mois,jour,heure,minute,departement,commune_insee,adresse,latitude,longitude,luminosite,agglomeration,intersection,meteo,collision,catr,circ,nbv,vosp,prof,plan,surf,infra,situ,vma,nb_vehicules,nb_usagers,nb_indemnes,nb_tues,nb_blesses_hosp,nb_blesses_legers,age_cond_1,age_cond_2,veh_type_cond_1,veh_type_cond_2,lum_code,agg_code,int_code,atm_code,col_code
202100042312,2021-04-27 13:10:00,2021,4,27,13,10,45,45234,Boulevard Alexandre Martin,47.90525,1.90974,Plein jour,En agglomération,Intersection en X,Normale,Deux véhicules - côté,4,3,6,0,1,1,1,5,1,50,,2,1,0,0,1,47.0,21.0,,,1,2,2,1,3
202100042313,2021-04-27 07:40:00,2021,4,27,7,40,45,45285,Rue Henri Pavard,47.89873,1.87383,Plein jour,En agglomération,Hors intersection,Normale,Trois véhicules et plus - en chaîne,7,3,4,0,1,1,1,0,1,50,,4,3,0,0,1,22.0,30.0,,,1,2,1,1,4
202100042314,2021-04-27 10:45:00,2021,4,27,10,45,44,44184,BASSINS (ROUTE DES),47.28536,-2.24601,Plein jour,En agglomération,Hors intersection,Normale,Autre collision,4,2,2,0,1,1,1,0,1,50,,2,1,0,0,1,63.0,,,,1,2,1,1,6
202100042315,2021-04-27 09:10:00,2021,4,27,9,10,35,35055,LANDES (RUE DES),48.09305,-1.61798,Plein jour,En agglomération,Giratoire,Normale,Deux véhicules - côté,4,1,2,1,1,2,1,5,1,50,,2,1,0,0,1,28.0,40.0,,,1,2,6,1,3
202100042316,2021-04-25 18:10:00,2021,4,25,18,10,34,34172,EINSTEIN (AVENUE ALBERT),43.60833,3.9066,Plein jour,En agglomération,Intersection en X,Normale,Deux véhicules - côté,4,2,1,0,1,1,1,0,1,50,,3,2,0,0,1,29.0,28.0,,,1,2,2,1,3
202100042317,2021-04-27 11:05:00,2021,4,27,11,5,33,33529,Avenue de Binghamton,44.6155804317,-1.1356420095,Plein jour,En agglomération,Hors intersection,Normale,Deux véhicules - côté,4,2,2,0,1,2,1,0,1,50,,2,1,0,0,1,56.0,76.0,,,1,2,1,1,3
202100042318,2021-04-27 19:30:00,2021,4,27,19,30,31,31555,MINIMES (AV DES) DU 1AU 178,43.62055,1.43569,Plein jour,En agglomération,Intersection en T,Normale,Deux véhicules - côté,7,2,3,0,1,1,1,0,1,50,,3,1,0,1,1,38.0,39.0,,,1,2,3,1,3
202100042319,2021-04-07 14:30:00,2021,4,7,14,30,31,31555,VESTREPAIN (RUE) DU 1AU 65,43.58519,1.41099,Plein jour,En agglomération,Hors intersection,Normale,Deux véhicules - côté,4,2,2,0,1,1,1,0,1,30,,3,2,0,0,1,43.0,39.0,,,1,2,1,1,3
202100042320,2021-04-27 08:30:00,2021,4,27,8,30,31,31555,MATABIAU (BD) DU 1AU 75,43.6136,1.45013,Plein jour,En agglomération,Hors intersection,Normale,Autre collision,4,2,5,0,1,1,1,0,1,30,,2,1,0,0,1,50.0,,,,1,2,1,1,6
202100042321,2021-04-27 16:35:00,2021,4,27,16,35,31,31483,ENCORE (BOULEVAR D'),43.1157,0.73755,Plein jour,En agglomération,Giratoire,Pluie légère,Deux véhicules - côté,3,2,2,0,1,1,2,0,1,50,,2,1,0,0,1,18.0,75.0,,,1,2,6,2,3
202100042322,2021-04-24 22:15:00,2021,4,24,22,15,30,30189,JAURES JEAN (BOULEVARD),43.82837,4.35323,Nuit sans éclairage public,En agglomération,Intersection en X,Normale,Autre collision,4,1,3,3,1,1,1,0,1,50,,2,0,0,0,2,31.0,33.0,,,3,2,2,1,6
202100042323,2021-04-27 13:45:00,2021,4,27,13,45,29,29232,Rue le Dean,47.99359,-4.09589,Plein jour,En agglomération,Intersection en T,Normale,Deux véhicules - côté,4,2,2,0,1,1,1,5,1,50,,2,1,0,0,1,47.0,33.0,,,1,2,3,1,3
202100042324,2021-04-27 11:30:00,2021,4,27,11,30,29,29232,Hent Roazhon,47.98198,-4.08778,Plein jour,En agglomération,Hors intersection,Normale,Autre collision,4,2,2,0,1,1,1,0,1,30,,2,1,0,0,1,52.0,,,,1,2,1,1,6
202100042325,2021-04-27 07:51:00,2021,4,27,7,51,29,29232,Pont de Poulguinan,47.98399,-4.11586,Plein jour,En agglomération,Hors intersection,Normale,Sans collision,4,1,2,0,1,1,1,2,1,50,,1,0,0,0,1,23.0,,,,1,2,1,1,7
202100042326,2021-04-27 16:45:00,2021,4,27,16,45,28,28134,TRAIT D'UNION (RUE DU),48.73927,1.39058,Plein jour,En agglomération,Hors intersection,Normale,Deux véhicules - côté,4,2,2,0,1,1,1,0,1,30,,2,1,0,0,1,33.0,,,,1,2,1,1,3
202100042327,2021-04-25 19:55:00,2021,4,25,19,55,27,27229,BRIAND (AVENUE ARISTIDE),49.0166,1.1229,Plein jour,En agglomération,Intersection en T,Normale,Autre collision,3,2,2,0,1,2,1,0,1,50,,2,1,0,0,1,55.0,,,,1,2,3,1,6
202100042328,2021-04-27 09:18:00,2021,4,27,9,18,17,17028,114 PK RN137 ROCHEFORT JUSTICE,46.14025,-1.10556,Plein jour,Hors agglomération,Hors intersection,Normale,Trois véhicules et plus - en chaîne,2,3,4,0,2,1,1,0,1,90,,3,1,0,0,2,51.0,60.0,,,1,1,1,1,4
202100042329,2021-04-27 17:42:00,2021,4,27,17,42,14,14341,Boulevard Victor Hugo,49.1533,-0.3564,Plein jour,En agglomération,Intersection en X,Normale,Deux véhicules - côté,4,2,2,0,1,1,1,0,1,50,,2,0,0,0,2,39.0,22.0,,,1,2,2,1,3
202100042330,2021-04-27 22:30:00,2021,4,27,22,30,13,13215,ROGER SALENGRO (AVENUE),43.32035,5.36745,Nuit avec éclairage non allumé,En agglomération,Hors intersection,Normale,Autre collision,4,2,2,0,1,1,1,0,1,50,,2,0,0,2,0,18.0,,,,4,2,1,1,6
202100042331,2021-04-23 19:00:00,2021,4,23,19,0,13,13210,MIREILLE LAUZE (BOULEVARD),43.2849279397,5.4216139187,Crépuscule ou aube,En agglomération,Hors intersection,Normale,Autre collision,4,2,2,0,1,1,1,0,1,50,,2,1,0,0,1,67.0,30.0,,,2,2,1,1,6
202100042332,2021-04-26 18:30:00,2021,4,26,18,30,10,10343,ARISTIDE BRIAND (RUE),48.26879,4.10619,Plein jour,En agglomération,Hors intersection,Normale,Deux véhicules - côté,3,2,2,0,1,2,1,0,1,50,,2,1,0,0,1,57.0,38.0,,,1,2,1,1,3
202100042333,2021-04-26 17:45:00,2021,4,26,17,45,10,10357,GENERAL DE GAULLE (RUE DU),48.298645,4.11511,Plein jour,En agglomération,Autre intersection,Normale,Autre collision,3,2,2,0,1,1,1,0,1,50,,2,1,0,0,1,53.0,,,,1,2,9,1,6
202100042334,2021-04-26 13:15:00,2021,4,26,13,15,10,10387,WOOD ET WEST (RUE),48.295335,4.08104,Plein jour,En agglomération,Giratoire,Normale,Deux véhicules - côté,4,1,2,0,1,1,1,0,1,50,,3,1,0,0,2,30.0,40.0,,,1,2,6,1,3
202100042335,2021-04-26 09:28:00,2021,4,26,9,28,10,10387,QUATORZE JUILLET (RUE DU),48.294053,4.078702,Plein jour,En agglomération,Intersection en X,Temps éblouissant,Autre collision,4,1,2,1,1,1,1,0,1,50,,2,1,0,1,0,75.0,,,,1,2,2,7,6
202100042336,2021-04-27 08:30:00,2021,4,27,8,30,07,07281,GROSS-UMSTADT (AVENUE DE),44.941858,4.861059,Plein jour,En agglomération,Hors intersection,Normale,Deux véhicules - côté,4,2,2,0,1,1,1,0,1,50,,2,1,0,0,1,50.0,38.0,,,1,2,1,1,3
202100042337,2021-04-26 15:10:00,2021,4,26,15,10,06,06088,MITTERAND (RUE FRANCOIS),43.70987,7.28782,Plein jour,En agglomération,Hors intersection,Temps couvert,Deux véhicules - côté,4,2,2,3,1,1,1,5,6,50,,3,1,0,1,1,25.0,53.0,,,1,2,1,8,3
202100042338,2021-04-27 09:45:00,2021,4,27,9,45,06,06069,GARAGAI (CHEMIN DU),43.64304,6.97895,Plein jour,En agglomération,Hors intersection,Pluie légère,Deux véhicules - arrière,4,3,1,0,1,1,2,0,1,50,,2,1,0,0,1,28.0,46.0,,,1,2,1,2,2
202100042339,2021-04-27 16:45:00,2021,4,27,16,45,06,06027,KENNEDY BOULEVARD J.F.,43.65353,7.15144,Plein jour,En agglomération,Hors intersection,Pluie légère,Trois véhicules et plus - collisions multiples,7,3,2,0,1,1,2,0,1,50,,8,2,0,1,5,27.0,45.0,,,1,2,1,2,5
202100042340,2021-04-26 11:14:00,2021,4,26,11,14,05,05061,VEYNES ( ROUTE DE ),44.54892,6.03803,Plein jour,Hors agglomération,Hors intersection,Temps couvert,Autre collision,3,2,2,0,2,2,2,0,1,50,,2,0,0,0,2,23.0,,,,1,1,1,8,6
202100042341,2021-04-25 19:25:00,2021,4,25,19,25,05,05061,ESPERANTO ( RUE DE L' ),44.54975,6.06512,Plein jour,En agglomération,Intersection en T,Normale,Deux véhicules - côté,4,2,2,0,2,1,1,0,1,30,,2,0,0,0,2,37.0,30.0,,,1,2,3,1,3
202100042342,2021-04-25 14:10:00,2021,4,25,14,10,05,05061,plaine de lachaup,44.5097,6.04576,Plein jour,Hors agglomération,Giratoire,Normale,Sans collision,2,2,2,0,1,1,1,0,8,70,,1,0,0,0,1,49.0,,,,1,1,6,1,7
202100042343,2021-04-27 08:00:00,2021,4,27,8,0,75,75106,BOULEVARD RASPAIL,48.8515,2.326942,Plein jour,En agglomération,Intersection en X,Normale,Deux véhicules - côté,4,2,4,0,1,1,1,0,1,50,,2,1,0,0,1,29.0,53.0,,,1,2,2,1,3
202100042344,2021-04-27 17:20:00,2021,4,27,17,20,75,75119,AVENUE SIMON BOLIVAR,48.880704,2.373963,Plein jour,En agglomération,Hors intersection,Normale,Deux véhicules - arrière,4,2,2,0,2,3,1,0,1,50,,2,1,0,0,1,38.0,34.0,,,1,2,1,1,2
202100042345,2021-04-27 09:10:00,2021,4,27,9,10,75,75119,BOULEVARD SERURIER,48.888953,2.39596,Plein jour,En agglomération,Hors intersection,Normale,Sans collision,4,2,3,1,1,1,1,9,5,50,,1,0,0,0,1,59.0,,,,1,2,1,1,7
202100042346,2021-04-27 23:50:00,2021,4,27,23,50,75,75119,BOULEVARD PERIPHERIQUE,48.900327,2.379367,Nuit avec éclairage allumé,En agglomération,Hors intersection,Normale,Deux véhicules - côté,4,1,0,0,1,2,1,0,1,70,,3,1,0,0,2,28.0,,,,5,2,1,1,3
202100042347,2021-04-27 15:35:00,2021,4,27,15,35,75,75117,RUE LEGENDRE,48.883268,2.312745,Plein jour,En agglomération,Intersection à plus de 4 branches,Normale,Deux véhicules - côté,4,1,2,2,1,1,1,0,5,30,,2,1,0,0,1,60.0,36.0,,,1,2,5,1,3
202100042348,2021-04-27 12:00:00,2021,4,27,12,0,75,75117,RUE CARDINET,48.888614,2.315639,Plein jour,En agglomération,Intersection en T,Normale,Sans collision,4,-1,3,0,1,1,1,0,1,30,,1,0,0,0,1,53.0,,,,1,2,3,1,7
202100042349,2021-04-26 18:45:00,2021,4,26,18,45,75,75117,RUE CLAUDE DEBUSSY,48.885134,2.289154,Plein jour,En agglomération,Hors intersection,Normale,Deux véhicules - côté,4,-1,1,0,1,1,1,0,1,30,,2,1,0,0,1,61.0,26.0,,,1,2,1,1,3
202100042350,2021-04-26 19:05:00,2021,4,26,19,5,75,75116,PLACE D IENA,48.864697,2.294147,Plein jour,En agglomération,Place,Normale,Deux véhicules - côté,4,2,2,0,1,1,1,0,1,50,,2,1,0,0,1,75.0,61.0,,,1,2,7,1,3
202100042351,2021-04-25 20:25:00,2021,4,25,20,25,75,75116,PLACE DE MEXICO,48.865382,2.283319,Crépuscule ou aube,En agglomération,Place,Normale,Deux véhicules - côté,4,1,2,0,1,1,1,0,1,50,,3,2,0,0,1,50.0,43.0,,,2,2,7,1,3
202100042352,2021-04-27 17:15:00,2021,4,27,17,15,75,75115,AVENUE EMILE ZOLA,48.846879,2.292414,Plein jour,En agglomération,Intersection en X,Normale,Deux véhicules - côté,4,2,2,0,1,1,1,0,1,50,,2,1,0,0,1,38.0,55.0,,,1,2,2,1,3
202100042353,2021-04-27 09:35:00,2021,4,27,9,35,75,75113,RUE NATIONALE,48.830602,2.364268,Plein jour,En agglomération,Hors intersection,Normale,Autre collision,4,1,4,1,1,1,1,0,5,30,,2,1,0,0,1,40.0,,,,1,2,1,1,6
202100042354,2021-04-27 16:50:00,2021,4,27,16,50,75,75111,RUE AMELOT,48.863878,2.366943,Plein jour,En agglomération,Intersection en X,Normale,Deux véhicules - côté,4,1,2,1,1,1,1,0,1,30,,2,1,0,0,1,56.0,27.0,,,1,2,2,1,3
202100042355,2021-04-27 10:20:00,2021,4,27,10,20,75,75111,BOULEVARD VOLTAIRE,48.863051,2.371302,Plein jour,En agglomération,Intersection en T,Normale,Deux véhicules - côté,4,2,4,2,1,1,1,0,1,30,,2,1,0,0,1,50.0,32.0,,,1,2,3,1,3
202100042356,2021-04-27 17:30:00,2021,4,27,17,30,75,75110,RUE LA FAYETTE,48.879741,2.358702,Plein jour,En agglomération,Intersection en X,Normale,Deux véhicules - côté,4,2,2,0,1,1,1,8,1,50,,3,1,0,0,2,35.0,21.0,,,1,2,2,1,3
202100042357,2021-04-27 15:40:00,2021,4,27,15,40,75,75110,RUE DU FAUBOURG SAINT DENIS,48.881277,2.358096,Plein jour,En agglomération,Intersection en T,Normale,Autre collision,4,2,2,3,1,1,1,0,1,50,,2,1,0,0,1,30.0,,,,1,2,3,1,6
202100042358,2021-04-27 14:45:00,2021,4,27,14,45,75,75107,BOULEVARD RASPAIL,48.853417,2.326183,Plein jour,En agglomération,Intersection en Y,Normale,Sans collision,4,1,2,3,1,1,1,0,6,50,,1,0,0,0,1,35.0,,,,1,2,4,1,7
202100042359,2021-04-15 17:00:00,2021,4,15,17,0,75,75107,QUAI D ORSAY,48.862779,2.311658,Plein jour,En agglomération,Intersection en T,Normale,Sans collision,4,2,4,0,1,1,1,0,1,50,,1,0,0,0,1,28.0,,,,1,2,3,1,7
202100042360,2021-04-27 19:55:00,2021,4,27,19,55,75,75103,PLACE DE LA REPUBLIQUE,48.867378,2.363316,Plein jour,En agglomération,Place,Normale,Autre collision,4,1,3,0,1,1,1,0,1,50,,2,1,0,0,1,,,,,1,2,7,1,6
202100042361,2021-04-26 18:40:00,2021,4,26,18,40,75,75101,RUE RAMBUTEAU,48.863195,2.346016,Plein jour,En agglomération,Intersection à plus de 4 branches,Normale,Autre collision,4,-1,0,0,1,1,1,6,4,50,,2,1,0,0,1,,,,,1,2,5,1,6
202100042362,2021-04-26 10:40:00,2021,4,26,10,40,75,75101,RUE DE RICHELIEU,48.86664,2.337382,Plein jour,En agglomération,Intersection en X,Normale,Autre collision,4,-1,1,0,1,1,1,0,4,30,,2,1,0,0,1,,,,,1,2,2,1,6
202100042363,2021-04-27 08:00:00,2021,4,27,8,0,94,94080,Avenue Aubert,48.847515,2.429028,Plein jour,En agglomération,Intersection en T,Normale,Autre collision,4,1,1,2,1,1,1,0,1,30,,2,1,0,0,1,30.0,,,,1,2,3,1,6
202100042364,2021-04-26 19:00:00,2021,4,26,19,0,94,94041,PIERRE ET MARIE CURIE (R),48.81528,2.3756,Plein jour,En agglomération,Intersection en X,Normale,Deux véhicules - côté,3,1,4,1,2,1,1,9,1,50,,2,1,0,0,1,22.0,30.0,,,1,2,2,1,3
202100042365,2021-04-27 12:00:00,2021,4,27,12,0,94,94028,Rue Maurice Demenitroux,48.7873,2.45612,Plein jour,En agglomération,Giratoire,Normale,Deux véhicules - frontale,4,-1,1,0,2,1,1,5,5,30,,2,1,0,0,1,23.0,73.0,,,1,2,6,1,1
202100042366,2021-04-27 20:40:00,2021,4,27,20,40,94,94022,JEAN JAURES (R),48.765204,2.408051,Crépuscule ou aube,En agglomération,Autre intersection,Normale,Deux véhicules - côté,3,-1,2,0,1,1,1,2,1,50,,2,1,0,0,1,21.0,32.0,,,2,2,9,1,3
202100042367,2021-04-27 16:30:00,2021,4,27,16,30,93,93073,CHAPIT RE ( RUE DU),49.0061,2.5558,Plein jour,En agglomération,Intersection en T,Temps éblouissant,Deux véhicules - côté,4,1,1,0,2,2,1,0,1,50,,2,0,0,0,2,35.0,52.0,,,1,2,3,7,3
202100042368,2021-04-27 20:00:00,2021,4,27,20,0,93,93066,SAINT JUST (ALLEE),48.9085279601,2.3615913099,Plein jour,En agglomération,Autre intersection,Normale,Deux véhicules - côté,4,2,2,0,1,1,1,0,1,50,,3,2,0,0,1,28.0,12.0,,,1,2,9,1,3
202100042369,2021-04-27 08:12:00,2021,4,27,8,12,93,93049,MARECHAL FOCH (AVENUE) F.BUISSON->PL J.M,48.86299,2.50274,Plein jour,En agglomération,Hors intersection,Normale,Deux véhicules - frontale,3,1,1,0,1,1,1,0,1,50,,3,2,0,0,1,,25.0,,,1,2,1,1,1
202100042370,2021-04-26 08:30:00,2021,4,26,8,30,93,93063,NOISY ROUTE DE,48.89482,2.42996,Plein jour,En agglomération,Hors intersection,Normale,Deux véhicules - côté,3,2,2,0,1,1,1,0,4,30,,2,1,0,0,1,50.0,48.0,,,1,2,1,1,3
202100042371,2021-04-26 07:55:00,2021,4,26,7,55,93,93029,HENRI BARBUSSE (AVE) N°2-124,48.9166104948,2.4446017643,Plein jour,En agglomération,Intersection en T,Normale,Deux véhicules - côté,3,2,2,0,1,1,1,5,1,50,,2,1,0,0,1,33.0,25.0,,,1,2,3,1,3
202100042372,2021-04-27 21:15:00,2021,4,27,21,15,93,93027,VAILLANT-COUTURIER (AVENUE PAUL),48.9210793511,2.4108589968,Nuit avec éclairage allumé,En agglomération,Intersection en Y,Normale,Deux véhicules - côté,3,3,4,0,1,1,1,5,1,50,,6,3,0,0,3,33.0,19.0,,,5,2,4,1,3
202100042373,2021-04-27 14:00:00,2021,4,27,14,0,93,93030,GUYNEMERS (RUE GEORGES),48.95446,2.418,Plein jour,En agglomération,Hors intersection,Temps éblouissant,Autre collision,4,2,2,0,1,1,1,0,1,50,,2,1,0,0,1,27.0,,,,1,2,1,7,6
202100042374,2021-04-27 13:00:00,2021,4,27,13,0,93,93001,LEOPOLD RECHOSSIERE (RUE)  => 13/50,48.9145260131,2.3899260246,Plein jour,En agglomération,Hors intersection,Normale,Deux véhicules - côté,4,-1,2,0,1,1,1,0,1,50,,2,1,0,0,1,29.0,40.0,,,1,2,1,1,3
202100042375,2021-04-26 11:30:00,2021,4,26,11,30,92,92051,"CHARLES DE GAULLE (AVENUE,N°118 A 192 +",48.8825653897,2.267623832,Plein jour,En agglomération,Intersection en X,Normale,Deux véhicules - arrière,2,1,3,0,1,1,1,8,1,50,,2,1,0,0,1,38.0,30.0,,,1,2,2,1,2
202100042376,2021-04-26 18:20:00,2021,4,26,18,20,92,92049,ARNOUX AVENUE MAURICE N°2 A 80,48.81994,2.31305,Plein jour,En agglomération,Hors intersection,Normale,Autre collision,4,1,2,1,1,1,1,0,1,50,,2,0,0,1,1,35.0,,,,1,2,1,1,6
202100042377,2021-04-26 17:00:00,2021,4,26,17,0,92,92036,CAMELINAT (BOULEVARD) (1/47),48.9300747329,2.3008820415,Plein jour,En agglomération,Hors intersection,Normale,Autre collision,3,2,2,0,1,1,1,0,1,50,,2,1,0,0,1,56.0,,,,1,2,1,1,6
202100042378,2021-04-27 08:00:00,2021,4,27,8,0,92,92035,Joffre ( avenue ),48.9091782328,2.2422596812,Plein jour,En agglomération,Hors intersection,Normale,Autre collision,4,1,1,0,1,1,1,0,1,50,,1,0,0,0,1,26.0,,,,1,2,1,1,6
202100042379,2021-04-27 18:50:00,2021,4,27,18,50,92,92012,VICTOR HUGO (AVENUE) DEBUT/47 BIS- DEBUT,48.83731,2.24579,Plein jour,En agglomération,Intersection en X,Normale,Autre collision,4,2,2,1,1,1,1,1,1,50,,2,1,0,0,1,30.0,,,,1,2,2,1,6
202100042380,2021-04-27 19:30:00,2021,4,27,19,30,92,92014,MARECHAL JOFFRE (BD DU) (1 A 41 - 2 A 56,48.7824656822,2.3147892952,Plein jour,En agglomération,Intersection en T,Normale,Deux véhicules - arrière,3,1,2,0,2,1,1,0,1,50,,2,1,0,0,1,56.0,50.0,,,1,2,3,1,2
202100042381,2021-04-27 16:10:00,2021,4,27,16,10,92,92002,JULES FERRY (AVENUE),48.7489128907,2.3077592254,Plein jour,En agglomération,Hors intersection,Normale,Deux véhicules - côté,3,1,1,3,1,2,1,0,1,50,,2,1,0,0,1,13.0,47.0,,,1,2,1,1,3
202100042382,2021-04-27 17:45:00,2021,4,27,17,45,47,47146,Rue du Lavoir,44.454369,0.666776,Plein jour,En agglomération,Intersection en Y,Normale,Deux véhicules - frontale,4,2,2,0,1,1,1,0,1,50,,2,1,0,1,0,16.0,26.0,,,1,2,4,1,1
202100042383,2021-04-27 17:15:00,2021,4,27,17,15,23,23245,voie communale 1 et voie communale 45,46.21006,1.837023,Plein jour,Hors agglomération,Intersection en X,Normale,Deux véhicules - côté,4,2,2,0,1,1,1,0,1,90,,2,1,0,1,0,30.0,41.0,,,1,1,2,1,3
202100042384,2021-04-27 18:10:00,2021,4,27,18,10,58,58086,Rue des Frères Gambon,47.413164,2.936482,Plein jour,En agglomération,Intersection en X,Normale,Deux véhicules - côté,3,2,2,0,1,1,1,0,1,50,,2,1,0,1,0,32.0,22.0,,,1,2,2,1,3
202100042385,2021-04-27 18:40:00,2021,4,27,18,40,59,59046,Route de Wylder,50.913357,2.531008,Plein jour,Hors agglomération,Hors intersection,Normale,Autre collision,3,2,2,0,1,2,1,0,3,80,,1,0,0,1,0,42.0,,,,1,1,1,1,6
202100042386,2021-04-27 22:30:00,2021,4,27,22,30,30,30221,N580,44.028556,4.736953,Nuit sans éclairage public,Hors agglomération,Hors intersection,Pluie légère,Sans collision,2,2,2,0,2,1,2,0,3,70,,3,1,0,1,1,22.0,,,,3,1,1,2,7
202100042387,2021-04-28 08:10:00,2021,4,28,8,10,55,55463,D 907,48.868648,5.603306,Plein jour,Hors agglomération,Intersection en X,Normale,Deux véhicules - côté,3,2,2,0,3,1,1,0,1,80,,2,0,0,0,2,38.0,52.0,,,1,1,2,1,3
202100042388,2021-04-28 03:15:00,2021,4,28,3,15,44,44108,Route d'Ancenis,47.144839,-1.281549,Nuit sans éclairage public,En agglomération,Giratoire,Normale,Autre collision,3,2,2,0,1,1,1,5,1,80,,2,1,1,0,0,53.0,,,,3,2,6,1,6
202100042389,2021-04-28 11:30:00,2021,4,28,11,30,44,44178,Rue Prairial,47.110608,-1.73525,Plein jour,En agglomération,Intersection en X,Normale,Deux véhicules - côté,3,2,2,0,1,1,1,5,1,50,,2,1,0,1,0,49.0,45.0,,,1,2,2,1,3
202100042390,2021-04-26 14:15:00,2021,4,26,14,15,29,29163,Lesquiffiou,48.546785,-3.841138,Plein jour,Hors agglomération,Hors intersection,Normale,Autre collision,4,2,2,0,2,1,1,0,3,80,,1,0,0,1,0,20.0,,,,1,1,1,1,6
202100042391,2021-04-27 18:40:00,2021,4,27,18,40,31,31584,Route de Montauban,43.866849,1.471918,Plein jour,Hors agglomération,Hors intersection,Normale,Trois véhicules et plus - collisions multiples,3,2,2,0,1,1,1,0,1,80,,3,1,0,1,1,23.0,22.0,,,1,1,1,1,5
202100042392,2021-04-27 12:24:00,2021,4,27,12,24,02,02667,D94,49.350354,3.214727,Plein jour,Hors agglomération,Intersection en X,Normale,Deux véhicules - côté,3,2,2,0,1,1,1,0,1,80,,2,0,0,1,1,56.0,35.0,,,1,1,2,1,3
202100042393,2021-04-26 11:20:00,2021,4,26,11,20,06,06108,1242 Avenue de la Republique,43.581888,6.944052,Plein jour,En agglomération,Giratoire,Normale,Deux véhicules - côté,3,-1,2,0,1,1,1,5,1,50,,2,1,0,0,1,45.0,82.0,,,1,2,6,1,3
202100042394,2021-04-26 17:20:00,2021,4,26,17,20,14,14100,rue de la Cavée,49.043944,-0.328077,Plein jour,En agglomération,Hors intersection,Normale,Sans collision,3,2,2,0,4,4,8,0,1,50,,2,1,0,0,1,15.0,,,,1,2,1,1,7
202100042395,2021-04-28 15:45:00,2021,4,28,15,45,05,05123,les marcellons,44.549018,5.979266,Plein jour,Hors agglomération,Intersection en T,Pluie légère,Deux véhicules - côté,3,2,2,0,1,1,2,0,1,90,,2,0,0,1,1,47.0,78.0,,,1,1,3,2,3
202100042396,2021-04-27 18:10:00,2021,4,27,18,10,60,60335,D133,49.541039,1.868883,Plein jour,Hors agglomération,Intersection en X,Normale,Deux véhicules - arrière,3,1,1,0,1,1,1,5,1,80,,3,1,0,0,2,39.0,21.0,,,1,1,2,1,2
202100042397,2021-03-27 20:10:00,2021,3,27,20,10,73,73128,D1201,45.74215,5.922575,Nuit sans éclairage public,Hors agglomération,Intersection en T,Normale,Deux véhicules - côté,3,2,2,0,2,1,1,2,1,80,,3,0,0,3,0,45.0,33.0,,,3,1,3,1,3
202100042398,2021-04-25 18:30:00,2021,4,25,18,30,28,28191,D28,48.581519,1.677947,Plein jour,Hors agglomération,Hors intersection,Normale,Sans collision,3,2,2,0,1,4,1,0,1,70,,1,0,0,0,1,34.0,,,,1,1,1,1,7
202100042399,2021-04-28 01:00:00,2021,4,28,1,0,87,87054,RD 33 pk 22 + 800,45.68004,0.804577,Nuit sans éclairage public,Hors agglomération,Hors intersection,Temps couvert,Autre collision,3,2,2,0,1,2,2,0,3,80,,2,0,0,1,1,21.0,,,,3,1,1,8,6
202100042400,2021-04-27 18:30:00,2021,4,27,18,30,37,37152,,47.4515659472,0.6747885852,Plein jour,Hors agglomération,Intersection en X,Temps éblouissant,Deux véhicules - côté,7,2,2,0,1,1,1,0,1,80,,2,1,0,1,0,27.0,82.0,,,1,1,2,7,3
202100042401,2021-04-27 20:50:00,2021,4,27,20,50,06,06161,Boulevard des Italiens,43.641358,7.142069,Nuit avec éclairage allumé,En agglomération,Hors intersection,Pluie légère,Deux véhicules - frontale,3,1,2,0,1,1,2,0,1,-1,,2,1,0,0,1,38.0,23.0,,,5,2,1,2,1
202100042402,2021-03-26 10:45:00,2021,3,26,10,45,976,97617,Route départementale 1A,-12.789297,45.109209,Plein jour,En agglomération,Hors intersection,Normale,Autre collision,4,2,2,0,1,1,1,0,1,-1,,2,0,0,1,1,45.0,,,,1,2,1,1,6
202100042403,2021-03-27 15:00:00,2021,3,27,15,0,27,27091,Autoroute A13,49.363413,0.839574,Plein jour,Hors agglomération,Hors intersection,Normale,Sans collision,1,3,5,0,1,1,1,0,2,130,,2,0,0,0,2,23.0,,,,1,1,1,1,7
202100042404,2021-04-23 16:00:00,2021,4,23,16,0,69,69080,D59,45.533311,4.742264,Plein jour,En agglomération,Hors intersection,Normale,Sans collision,3,2,2,0,1,2,1,0,1,70,,2,1,0,1,0,52.0,50.0,,,1,2,1,1,7
202100042405,2021-04-28 14:10:00,2021,4,28,14,10,976,97607,Ironi Be,-12.835109,45.18769,Plein jour,Hors agglomération,Hors intersection,Normale,Deux véhicules - frontale,2,2,2,0,1,1,1,0,1,70,,2,0,1,0,1,48.0,29.0,,,1,1,1,1,1
202100042406,2021-04-25 13:30:00,2021,4,25,13,30,77,77322,chemin communal,49.074189,2.621248,Plein jour,Hors agglomération,Hors intersection,Normale,Sans collision,5,-1,1,0,1,1,1,0,1,-1,,1,0,0,1,0,32.0,,,,1,1,1,1,7
202100042407,2021-04-28 08:16:00,2021,4,28,8,16,77,77470,Rue de l''Industrie,48.734599,2.786727,Plein jour,En agglomération,Intersection en T,Normale,Deux véhicules - frontale,3,2,2,0,1,1,1,0,1,50,,3,1,0,0,2,57.0,21.0,,,1,2,3,1,1
202100042408,2021-04-26 15:30:00,2021,4,26,15,30,91,91044,Route de la Grange aux Cercles,48.665781,2.280146,Plein jour,En agglomération,Hors intersection,Normale,Deux véhicules - côté,4,2,2,0,1,1,1,0,1,50,,2,1,0,1,0,58.0,42.0,,,1,2,1,1,3