accident_id,datetime,annee,mois,jour,heure,minute,departement,commune_insee,adresse,latitude,longitude,luminosite,agglomeration,intersection,meteo,collision,catr,circ,nbv,vosp,prof,plan,surf,infra,situ,vma,nb_vehicules,nb_usagers,nb_indemnes,nb_tues,nb_blesses_hosp,nb_blesses_legers,age_cond_1,age_cond_2,veh_type_cond_1,veh_type_cond_2,lum_code,agg_code,int_code,atm_code,col_code
202100042409,2021-04-26 11:30:00,2021,4,26,11,30,78,78062,route de saulx marchais,48.852636,1.8603,Plein jour,Hors agglomération,Hors intersection,Normale,Autre collision,4,2,2,0,2,2,1,0,1,70,,2,1,0,1,0,27.0,,,,1,1,1,1,6
202100042410,2021-04-28 08:35:00,2021,4,28,8,35,19,19101,lieu dit marvialle,45.241173,1.772447,Plein jour,Hors agglomération,Autre intersection,Pluie légère,Deux véhicules - frontale,3,2,2,0,2,2,2,0,1,90,,2,1,0,1,0,46.0,25.0,,,1,1,9,2,1
202100042411,2021-04-27 07:30:00,2021,4,27,7,30,87,87129,Avenue du Général de Gaulle,45.848697,1.429752,Plein jour,En agglomération,Autre intersection,Normale,Deux véhicules - frontale,3,2,2,0,2,1,1,0,1,50,,2,1,0,1,0,48.0,57.0,,,1,2,9,1,1
202100042412,2021-04-28 08:05:00,2021,4,28,8,5,14,14530,Route de la pointe du siège,49.241159,-0.2671,Plein jour,Hors agglomération,Hors intersection,Brouillard / fumée,Sans collision,4,2,1,0,1,2,1,0,3,80,,1,0,0,1,0,35.0,,,,1,1,1,5,7
202100042413,2021-04-26 20:45:00,2021,4,26,20,45,13,13071,A51-Sens Aix en Provence vers Marseille,43.41274,5.36435,Nuit sans éclairage public,Hors agglomération,Hors intersection,Pluie légère,Deux véhicules - frontale,1,1,3,0,1,2,2,0,1,90,,2,1,0,0,1,32.0,30.0,,,3,1,1,2,1
202100042414,2021-04-26 08:40:00,2021,4,26,8,40,59,59646,ROUTE NATIONALE 356,50.665719,3.114137,Plein jour,Hors agglomération,Hors intersection,Pluie légère,Trois véhicules et plus - en chaîne,2,3,4,0,1,1,2,0,1,90,,5,4,0,0,1,35.0,27.0,,,1,1,1,2,4
202100042415,2021-04-27 17:30:00,2021,4,27,17,30,91,91161,AUTOROUTE A6,48.706299,2.306121,Plein jour,Hors agglomération,Hors intersection,Normale,Trois véhicules et plus - en chaîne,1,3,4,0,1,2,1,0,1,110,,3,2,0,0,1,,43.0,,,1,1,1,1,4
202100042416,2021-04-27 09:50:00,2021,4,27,9,50,91,91471,RN 118,48.71243,2.18251,Plein jour,Hors agglomération,Hors intersection,Normale,Trois véhicules et plus - collisions multiples,2,3,3,0,2,1,1,0,1,110,,3,1,0,0,2,26.0,59.0,,,1,1,1,1,5
202100042417,2021-04-27 05:20:00,2021,4,27,5,20,91,91521,RN 449,48.63544,2.40174,Nuit sans éclairage public,Hors agglomération,Hors intersection,Normale,Sans collision,2,1,3,0,1,1,1,0,1,70,,1,0,0,0,1,19.0,,,,3,1,1,1,7
202100042418,2021-04-26 19:05:00,2021,4,26,19,5,94,94065,N186,48.75497,2.34479,Plein jour,Hors agglomération,Hors intersection,Normale,Deux véhicules - côté,2,3,4,0,1,1,1,0,1,90,,2,1,0,0,1,30.0,28.0,,,1,1,1,1,3
202100042419,2021-04-27 12:20:00,2021,4,27,12,20,93,93007,AUTOROUTE A1,48.9525374721,2.4532546525,Plein jour,Hors agglomération,Hors intersection,Normale,Deux véhicules - arrière,1,3,5,0,3,2,1,0,1,50,,3,1,0,0,2,26.0,31.0,,,1,1,1,1,2
202100042420,2021-04-26 16:45:00,2021,4,26,16,45,60,60612,AUTOROUTE A1,49.18509,2.60509,Plein jour,Hors agglomération,Hors intersection,Normale,Deux véhicules - arrière,1,3,6,0,1,1,1,0,1,130,,2,1,0,0,1,22.0,48.0,,,1,1,1,1,2
202100042421,2021-04-27 19:05:00,2021,4,27,19,5,94,94042,A4,48.82734,2.46857,Plein jour,Hors agglomération,Hors intersection,Normale,Autre collision,1,1,3,0,1,1,1,0,8,90,,2,0,0,0,2,20.0,,,,1,1,1,1,6
202100042422,2021-04-27 09:00:00,2021,4,27,9,0,75,75112,A4,48.8178122169,2.4557822943,Plein jour,Hors agglomération,Hors intersection,Normale,Deux véhicules - arrière,1,1,3,0,1,1,1,0,1,90,,2,1,0,1,0,45.0,26.0,,,1,1,1,1,2
202100042423,2021-04-26 17:35:00,2021,4,26,17,35,988,98818,LAROQUE (PROMENADE ROGER),-22.30321,166.4347,Nuit avec éclairage allumé,En agglomération,Hors intersection,Pluie légère,Deux véhicules - arrière,4,2,2,0,1,2,2,0,1,50,,3,1,0,0,2,24.0,23.0,,,5,2,1,2,2
202100042424,2021-04-23 17:02:00,2021,4,23,17,2,988,98818,VE1 SENS SUD/NORD,-22.24936,166.45235,Plein jour,Hors agglomération,Hors intersection,Normale,Deux véhicules - arrière,1,3,4,0,1,1,1,0,1,70,,6,4,0,0,2,27.0,54.0,,,1,1,1,1,2
202100042425,2021-04-26 17:35:00,2021,4,26,17,35,974,97411,Chemin de Grand Canal,-20.907669,55.496557,Plein jour,En agglomération,Hors intersection,Normale,Deux véhicules - arrière,4,2,0,0,2,1,1,0,1,30,,4,2,0,0,2,60.0,20.0,,,1,2,1,1,2
202100042426,2021-04-26 06:00:00,2021,4,26,6,0,974,97411,Boulevard Jean Jaurès,-20.90106,55.4965,Nuit sans éclairage public,En agglomération,Giratoire,Normale,Deux véhicules - côté,2,3,4,2,1,3,1,0,5,70,,2,1,0,0,1,36.0,32.0,,,3,2,6,1,3
202100042427,2021-04-25 12:50:00,2021,4,25,12,50,974,97411,Rue de Paris,-20.88192,55.44971,Plein jour,En agglomération,Hors intersection,Normale,Deux véhicules - arrière,4,2,2,0,1,1,1,9,1,30,,2,1,0,0,1,17.0,20.0,,,1,2,1,1,2
202100042428,2021-04-26 19:30:00,2021,4,26,19,30,69,69387,BRIGADIER VOITURET (DU) (R),45.74657,4.8465,Plein jour,En agglomération,Intersection en T,Normale,Deux véhicules - côté,4,1,1,0,1,1,1,0,1,50,,2,1,0,0,1,29.0,33.0,,,1,2,3,1,3
202100042429,2021-04-25 10:25:00,2021,4,25,10,25,972,97209,RD 41 (ROCADE),14.61661,-61.06031,Plein jour,En agglomération,Hors intersection,Normale,Autre collision,3,3,4,0,1,1,1,2,1,60,,1,0,0,0,1,59.0,,,,1,2,1,1,6
202100042430,2021-04-26 19:00:00,2021,4,26,19,0,69,69389,ARLOING (Q),45.7718261702,4.8114752769,Plein jour,En agglomération,Autre intersection,Normale,Autre collision,4,2,2,1,1,1,1,0,5,50,,1,0,0,0,1,37.0,,,,1,2,9,1,6
202100042431,2021-04-24 18:45:00,2021,4,24,18,45,971,97113,AMEDE CLARA,16.20553,-61.49179,Nuit avec éclairage allumé,En agglomération,Hors intersection,Normale,Trois véhicules et plus - en chaîne,3,1,1,0,2,1,1,0,1,50,,6,5,0,0,1,61.0,53.0,,,5,2,1,1,4
202100042432,2021-04-26 14:00:00,2021,4,26,14,0,95,95127,PAIX (BOULEVARD DE LA),49.0502944935,2.0650973946,Plein jour,En agglomération,Hors intersection,Normale,Autre collision,3,-1,0,0,1,4,1,0,1,50,,1,0,0,0,1,34.0,,,,1,2,1,1,6
202100042433,2021-04-26 16:45:00,2021,4,26,16,45,91,91691,CONCY(RUE),48.71385,2.48909,Plein jour,En agglomération,Hors intersection,Normale,Deux véhicules - arrière,3,2,2,0,2,1,1,5,1,30,,3,2,0,0,1,17.0,39.0,,,1,2,1,1,2
202100042434,2021-04-26 15:20:00,2021,4,26,15,20,91,91421,RENE CASSIN (RUE),48.70036,2.46466,Plein jour,En agglomération,Hors intersection,Normale,Deux véhicules - arrière,3,1,1,0,1,1,1,0,1,30,,2,1,0,0,1,68.0,18.0,,,1,2,1,1,2
202100042435,2021-04-25 20:01:00,2021,4,25,20,1,87,87085,LATTRE-DE-TASSIGNY (AVENUE DU MARECHAL),45.824,1.27606,Plein jour,En agglomération,Hors intersection,Normale,Autre collision,3,2,2,0,1,2,1,0,1,50,,2,1,0,0,1,36.0,,,,1,2,1,1,6
202100042436,2021-04-23 20:03:00,2021,4,23,20,3,87,87085,GUITRY (RUE SACHA),45.8382,1.26579,Plein jour,En agglomération,Intersection en T,Normale,Sans collision,4,1,1,0,1,1,1,0,1,50,,1,0,0,0,1,42.0,,,,1,2,3,1,7
202100042437,2021-04-25 18:41:00,2021,4,25,18,41,87,87085,LABUSSIERE (AVENUE EMILE),45.84323,1.25414,Plein jour,En agglomération,Intersection en T,Normale,Deux véhicules - arrière,4,2,2,0,1,1,1,0,1,50,,2,1,0,1,0,57.0,35.0,,,1,2,3,1,2
202100042438,2021-04-24 19:00:00,2021,4,24,19,0,87,87085,CHATRADES (rue des),45.85494,1.17131,Plein jour,Hors agglomération,Hors intersection,Normale,Sans collision,4,2,2,0,1,2,1,0,1,80,,2,1,0,1,0,21.0,,,,1,1,1,1,7
202100042439,2021-04-23 15:45:00,2021,4,23,15,45,87,87085,CROIX VERTE (RUE DE LA),45.82299,1.25952,Plein jour,En agglomération,Hors intersection,Normale,Sans collision,4,1,1,0,1,1,1,0,1,50,,1,0,0,0,1,45.0,,,,1,2,1,1,7
202100042440,2021-04-19 17:11:00,2021,4,19,17,11,80,80725,CHEMIN DES RUELLES,49.8704969806,2.2390651703,Plein jour,Hors agglomération,Intersection en X,Normale,Deux véhicules - côté,4,1,2,0,1,1,1,0,1,50,,2,1,0,1,0,53.0,72.0,,,1,1,2,1,3
202100042441,2021-04-23 20:35:00,2021,4,23,20,35,78,78372,SAINT GERMAIN (AVENUE DE),48.87672,2.09605,Plein jour,En agglomération,Autre intersection,Normale,Deux véhicules - arrière,3,3,3,0,1,1,1,5,1,50,,2,1,0,0,1,37.0,29.0,,,1,2,9,1,2
202100042442,2021-04-26 02:25:00,2021,4,26,2,25,77,77495,D.306,48.5681,2.6261,Nuit avec éclairage allumé,En agglomération,Intersection en T,Normale,Deux véhicules - côté,3,2,3,0,1,1,1,5,1,70,,5,1,0,1,3,46.0,16.0,,,5,2,3,1,3
202100042443,2021-04-26 18:25:00,2021,4,26,18,25,76,76157,DUMAS. RUE ALEXANDRE,49.44439,1.03241,Plein jour,En agglomération,Hors intersection,Normale,Deux véhicules - frontale,4,2,2,0,1,1,1,0,1,50,,2,1,0,0,1,62.0,,,,1,2,1,1,1
202100042444,2021-04-26 18:00:00,2021,4,26,18,0,76,76540,pont mathilde,49.43058,1.10186,Plein jour,En agglomération,Hors intersection,Normale,Trois véhicules et plus - en chaîne,7,3,3,0,1,1,1,2,1,70,,5,3,0,0,2,51.0,29.0,,,1,2,1,1,4
202100042445,2021-04-23 11:40:00,2021,4,23,11,40,76,76351,JULES GUESDE (RUE),49.51,0.1184,Plein jour,En agglomération,Intersection en X,Normale,Deux véhicules - côté,4,2,2,0,1,2,1,0,1,50,,2,1,0,0,1,55.0,55.0,,,1,2,2,1,3
202100042446,2021-04-23 22:25:00,2021,4,23,22,25,76,76351,BOIS DE BLEVILLE (AVENUE DU),49.52432,0.12691,Nuit avec éclairage allumé,En agglomération,Hors intersection,Normale,Autre collision,4,2,2,0,1,1,1,0,1,50,,1,0,1,0,0,34.0,,,,5,2,1,1,6
202100042447,2021-04-24 16:30:00,2021,4,24,16,30,76,76341,RESISTANCE (AVENUE DE LA),49.504927,0.199169,Plein jour,En agglomération,Hors intersection,Normale,Sans collision,3,2,3,0,1,1,1,0,1,50,,1,0,0,0,1,39.0,,,,1,2,1,1,7
202100042448,2021-04-25 14:30:00,2021,4,25,14,30,76,76351,GUSTAVE FLAUBERT,49.496745,0.10685,Plein jour,En agglomération,Hors intersection,Normale,Autre collision,4,1,1,0,1,1,1,0,1,50,,1,0,0,1,0,31.0,,,,1,2,1,1,6
202100042449,2021-03-04 16:05:00,2021,3,4,16,5,74,74010,ALBIGNY (AVE),45.9013,6.1282,Plein jour,En agglomération,Hors intersection,Normale,Autre collision,3,3,4,0,1,1,1,5,1,30,,2,1,0,0,1,,,,,1,2,1,1,6
202100042450,2021-04-26 16:15:00,2021,4,26,16,15,69,69266,TOLSTOI (CR),45.7616857873,4.882047132,Plein jour,En agglomération,Intersection à plus de 4 branches,Normale,Deux véhicules - côté,4,1,2,3,1,1,1,0,6,50,,2,1,0,0,1,64.0,63.0,,,1,2,5,1,3
202100042451,2021-04-25 12:00:00,2021,4,25,12,0,69,69013,RN6 (CHARTONNIERE),46.00826,4.71982,Plein jour,En agglomération,Giratoire,Normale,Deux véhicules - côté,3,1,1,0,1,2,1,0,1,50,,2,1,0,0,1,50.0,43.0,,,1,2,6,1,3
202100042452,2021-04-24 20:09:00,2021,4,24,20,9,69,69091,ROBICHON MALGONTIER (Q) ,45.5808,4.77875,Nuit avec éclairage allumé,En agglomération,Intersection en T,Normale,Deux véhicules - côté,7,3,2,0,1,1,1,0,1,50,,2,1,0,0,1,34.0,19.0,,,5,2,3,1,3
202100042453,2021-04-24 10:20:00,2021,4,24,10,20,67,67482,ALTENHEIM (ROUTE D ),48.536588,7.770799,Plein jour,En agglomération,Hors intersection,Normale,Deux véhicules - arrière,4,2,2,0,1,1,1,0,1,30,,2,1,0,0,1,27.0,35.0,,,1,2,1,1,2
202100042454,2021-04-23 20:20:00,2021,4,23,20,20,67,67482,ZELLENBERG (RUE DE),48.56449,7.766415,Crépuscule ou aube,En agglomération,Intersection en T,Normale,Deux véhicules - côté,4,2,2,0,1,1,1,0,1,50,,2,1,0,0,1,27.0,19.0,,,2,2,3,1,3
202100042455,2021-04-23 17:30:00,2021,4,23,17,30,66,66136,MISTRAL (BOULEVARD FREDERIC),42.69795,2.90553,Plein jour,En agglomération,Hors intersection,Normale,Deux véhicules - côté,4,2,2,0,1,1,1,0,1,50,,2,1,0,0,1,65.0,27.0,,,1,2,1,1,3
202100042456,2021-03-08 17:35:00,2021,3,8,17,35,65,65047,MONTESQUIEU (RUE),43.242187,0.102027,Plein jour,En agglomération,Intersection en T,Pluie légère,Deux véhicules - côté,4,2,2,0,1,1,2,0,1,50,,3,2,0,0,1,20.0,38.0,,,1,2,3,2,3
202100042457,2021-03-04 13:20:00,2021,3,4,13,20,65,65047,MAI (RUE DU 8),43.2474453298,0.0869691802,Plein jour,En agglomération,Intersection en T,Normale,Deux véhicules - côté,3,2,2,0,1,1,1,0,1,50,,2,1,0,0,1,64.0,22.0,,,1,2,3,1,3
202100042458,2021-04-26 17:15:00,2021,4,26,17,15,64,64102,ALLEES MARINES (AVENUE DES),43.49859,-1.48797,Plein jour,En agglomération,Hors intersection,Pluie légère,Sans collision,4,2,3,3,1,1,2,0,1,50,,1,0,0,0,1,17.0,,,,1,2,1,2,7
202100042459,2021-04-25 23:15:00,2021,4,25,23,15,63,63113,JACOBINS (RUE DES),45.78224,3.09531,Nuit avec éclairage allumé,En agglomération,Hors intersection,Normale,Deux véhicules - côté,4,1,1,-1,2,1,1,0,1,-1,,2,1,0,0,1,19.0,22.0,,,5,2,1,1,3
202100042460,2021-02-28 18:10:00,2021,2,28,18,10,62,62771,DOLET (R ETIENNE),50.429385,2.851429,Plein jour,En agglomération,Hors intersection,Normale,Sans collision,4,-1,2,0,1,1,1,0,1,50,,1,0,1,0,0,56.0,,,,1,2,1,1,7
202100042461,2021-04-26 09:40:00,2021,4,26,9,40,59,59328,DUNKERQUE AVENUE DE,50.6391962646,3.0208110809,Plein jour,En agglomération,Hors intersection,Normale,Autre collision,7,2,4,1,1,1,1,0,5,50,,2,1,0,0,1,40.0,64.0,,,1,2,1,1,6
202100042462,2021-04-23 19:05:00,2021,4,23,19,5,59,59043,VINCENT (CHEMIN),50.71919,2.77101,Plein jour,Hors agglomération,Passage à niveau,Normale,Autre collision,4,2,2,0,1,1,1,4,8,70,,2,1,1,0,0,18.0,52.0,,,1,1,8,1,6
202100042463,2021-04-24 17:50:00,2021,4,24,17,50,56,56121,CHENAILLER DIT COLONEL MAURICE ( AV. ),47.73657,-3.39032,Plein jour,En agglomération,Intersection en T,Normale,Deux véhicules - côté,4,2,2,0,2,1,1,0,1,50,,2,1,0,0,1,33.0,,,,1,2,3,1,3
202100042464,2021-04-24 20:35:00,2021,4,24,20,35,52,52045,MOUGEOT (RUE DENIS),48.65009,4.9721,Crépuscule ou aube,En agglomération,Hors intersection,Normale,Autre collision,4,2,2,0,3,3,1,0,8,50,,1,0,0,0,1,19.0,,,,2,2,1,1,6
202100042465,2021-04-26 17:05:00,2021,4,26,17,5,51,51474,Rue de la Neuvillette,49.2660533563,3.9935386789,Plein jour,En agglomération,Autre intersection,Normale,Deux véhicules - côté,4,2,2,0,1,1,1,5,1,50,,3,2,0,0,1,17.0,63.0,,,1,2,9,1,3
202100042466,2021-04-25 06:15:00,2021,4,25,6,15,50,50602,MARITIME (BOULEVARD),49.64482,-1.59791,Crépuscule ou aube,En agglomération,Hors intersection,Normale,Sans collision,4,2,2,2,1,1,1,0,1,30,,1,0,0,0,1,40.0,,,,2,2,1,1,7
202100042467,2021-04-26 10:30:00,2021,4,26,10,30,45,45234,Rue du Faubourg Bannier,47.91583,1.89905,Plein jour,En agglomération,Autre intersection,Normale,Deux véhicules - côté,4,-1,2,1,1,1,1,0,5,50,,3,2,0,0,1,19.0,67.0,,,1,2,9,1,3
202100042468,2021-04-26 09:45:00,2021,4,26,9,45,44,44162,BOULEVARD SALVADOR ALLENDE,47.21908,-1.6216,Plein jour,En agglomération,Hors intersection,Normale,Deux véhicules - côté,4,2,2,0,1,1,1,0,1,50,,2,1,0,0,1,,21.0,,,1,2,1,1,3
202100042469,2021-04-26 18:00:00,2021,4,26,18,0,42,42183,Rue du Gendarme Martin,45.4085,4.36363,Plein jour,En agglomération,Hors intersection,Temps couvert,Deux véhicules - côté,4,3,2,0,2,3,1,9,8,30,,3,1,0,0,2,26.0,,,,1,2,1,8,3
202100042470,2021-04-26 12:20:00,2021,4,26,12,20,38,38185,Avenue des Martyrs,45.201556,5.70511,Plein jour,En agglomération,Hors intersection,Normale,Autre collision,7,3,6,3,1,1,1,4,6,50,,2,1,0,1,0,54.0,,,,1,2,1,1,6
202100042471,2021-04-26 15:00:00,2021,4,26,15,0,38,38151,Avenue Andre Donini,45.15002,5.69949,Plein jour,En agglomération,Intersection en X,Pluie légère,Deux véhicules - côté,4,2,2,0,1,1,2,0,1,50,,3,1,0,1,1,33.0,18.0,,,1,2,2,2,3
202100042472,2021-04-26 17:10:00,2021,4,26,17,10,37,37261,PORT BRETAGNE (RUE),47.3951820079,0.675347507,Plein jour,En agglomération,Intersection en T,Normale,Autre collision,4,1,1,0,1,1,1,0,1,50,,2,1,0,1,0,10.0,27.0,,,1,2,3,1,6
202100042473,2021-04-24 12:20:00,2021,4,24,12,20,37,37261,LOUIS XI (ROND-POINT),47.37469,0.67089,Plein jour,En agglomération,Giratoire,Normale,Autre collision,4,1,0,1,1,2,1,0,5,50,,2,1,0,0,1,52.0,58.0,,,1,2,6,1,6
202100042474,2021-04-26 08:58:00,2021,4,26,8,58,37,37261,HEURTELOUP (BOULEVARD),47.3912023726,0.6949219622,Plein jour,En agglomération,Hors intersection,Normale,Autre collision,4,3,4,3,1,1,1,0,1,50,,2,1,0,0,1,26.0,,,,1,2,1,1,6
202100042475,2021-04-26 15:45:00,2021,4,26,15,45,33,33281,Rue de Béarn,44.83646,-0.61793,Plein jour,En agglomération,Hors intersection,Pluie légère,Deux véhicules - côté,4,1,1,0,1,1,2,0,1,30,,2,1,0,0,1,60.0,24.0,,,1,2,1,2,3
202100042476,2021-04-25 12:35:00,2021,4,25,12,35,28,28134,RN 12 (ZONE COMMERCIALE),48.73675,1.36794,Plein jour,Hors agglomération,Hors intersection,Normale,Autre collision,6,-1,-1,0,1,1,1,0,1,70,,2,1,0,0,1,53.0,,,,1,1,1,1,6
202100042477,2021-04-25 10:05:00,2021,4,25,10,5,28,28404,PHILIPPE (RUE GERARD),48.73382,1.33457,Plein jour,En agglomération,Autre intersection,Normale,Autre collision,4,-1,1,0,1,1,9,6,6,30,,1,0,0,0,1,18.0,,,,1,2,9,1,6
202100042478,2021-04-26 18:20:00,2021,4,26,18,20,27,27701,FALAISES (ROUTE DES) NATION A ANDELLE,49.272736,1.22085,Plein jour,En agglomération,Hors intersection,Normale,Deux véhicules - côté,4,2,2,0,1,1,1,0,1,50,,2,1,0,1,0,15.0,20.0,,,1,2,1,1,3
202100042479,2021-04-26 14:20:00,2021,4,26,14,20,27,27299,AVIRON (COTE D'),49.04872,1.14448,Plein jour,En agglomération,Hors intersection,Normale,Sans collision,4,2,2,0,2,2,1,0,1,50,,1,0,0,0,1,41.0,,,,1,2,1,1,7
202100042480,2021-04-26 08:15:00,2021,4,26,8,15,25,25462,ROCADE G.POMPIDOU (DU 25 A LA FIN),46.91829,6.335,Plein jour,Hors agglomération,Hors intersection,Normale,Deux véhicules - arrière,2,3,4,0,1,1,1,0,1,110,,2,0,0,0,2,31.0,17.0,,,1,1,1,1,2
202100042481,2021-04-26 16:52:00,2021,4,26,16,52,25,25056,CHURCHILL BD WINSTON,47.25008,6.00458,Plein jour,En agglomération,Hors intersection,Normale,Deux véhicules - arrière,4,3,4,0,1,1,1,0,1,50,,3,0,0,0,3,30.0,62.0,,,1,2,1,1,2
202100042482,2021-04-25 20:30:00,2021,4,25,20,30,21,21231,22 Avenue de Langres,47.34411,5.04515,Plein jour,En agglomération,Intersection en T,Normale,Deux véhicules - côté,4,3,2,0,1,1,1,0,1,50,,2,0,0,0,2,34.0,23.0,,,1,2,3,1,3
202100042483,2021-04-26 17:22:00,2021,4,26,17,22,17,17291,JUIN 18  RUE,46.17627,-1.11335,Plein jour,En agglomération,Autre intersection,Normale,Autre collision,4,2,2,3,1,1,1,9,1,30,,2,1,0,0,1,28.0,,,,1,2,9,1,6
202100042484,2021-04-26 18:15:00,2021,4,26,18,15,14,14341,D120,49.13779,-0.32831,Plein jour,Hors agglomération,Intersection en X,Normale,Deux véhicules - côté,3,2,2,0,1,1,1,0,1,50,,2,1,0,1,0,41.0,19.0,,,1,1,2,1,3
202100042485,2021-04-24 18:45:00,2021,4,24,18,45,13,13056,GRISCELLI (Rue Olivier),43.33884,5.05339,Plein jour,En agglomération,Hors intersection,Normale,Trois véhicules et plus - collisions multiples,7,2,2,0,1,1,1,0,1,50,,3,0,0,0,3,20.0,38.0,,,1,2,1,1,5
202100042486,2021-04-26 17:30:00,2021,4,26,17,30,13,13201,FLAMMARION (BOULEVARD)     1 A 65,43.30438,5.3892,Plein jour,En agglomération,Hors intersection,Pluie légère,Deux véhicules - côté,4,2,2,0,1,1,2,0,1,50,,2,1,0,0,1,,28.0,,,1,2,1,2,3
202100042487,2021-04-26 16:50:00,2021,4,26,16,50,13,13215,SAINT LOUIS (AVENUE DE),43.34409,5.35942,Plein jour,En agglomération,Intersection en T,Pluie légère,Deux véhicules - côté,4,2,1,0,1,1,2,5,1,50,,3,2,0,0,1,43.0,,,,1,2,3,2,3
202100042488,2021-04-26 14:20:00,2021,4,26,14,20,13,13207,RAMPE SAINT MAURICE,43.2908253279,5.3635893557,Plein jour,En agglomération,Hors intersection,Normale,Deux véhicules - frontale,4,1,1,0,2,1,1,0,1,50,,2,1,0,0,1,,,,,1,2,1,1,1
202100042489,2021-04-23 19:20:00,2021,4,23,19,20,11,11069,TIFFOU ARMAND,43.212,2.3667,Plein jour,En agglomération,Intersection en X,Normale,Deux véhicules - côté,4,2,2,0,1,1,1,0,1,50,,2,0,0,0,2,26.0,36.0,,,1,2,2,1,3
202100042490,2021-04-25 11:06:00,2021,4,25,11,6,10,10333,COMMANDANT COUSTEAU (RUE DU),48.273972,4.055201,Plein jour,En agglomération,Intersection en T,Autre,Deux véhicules - côté,4,2,2,0,1,1,1,0,1,50,,3,2,0,0,1,24.0,55.0,,,1,2,3,9,3
202100042491,2021-04-25 10:08:00,2021,4,25,10,8,05,05061,SAINT JEAN ( ROUTE DE ),44.52713,6.02691,Plein jour,Hors agglomération,Hors intersection,Normale,Sans collision,3,2,2,0,1,3,1,0,1,80,,1,0,0,1,0,58.0,,,,1,1,1,1,7
202100042492,2021-04-23 09:05:00,2021,4,23,9,5,05,05061,JEAN JAURES ( AVENUE ),44.54791,6.06614,Plein jour,En agglomération,Hors intersection,Normale,Trois véhicules et plus - collisions multiples,2,2,2,0,1,1,1,0,1,50,,3,2,0,0,1,24.0,47.0,,,1,2,1,1,5
202100042493,2021-04-26 11:35:00,2021,4,26,11,35,75,75120,RUE DE BAGNOLET,48.85817,2.400366,Plein jour,En agglomération,Intersection en T,Normale,Deux véhicules - côté,4,2,2,0,1,1,1,0,1,50,,2,0,0,0,2,57.0,53.0,,,1,2,3,1,3
202100042494,2021-04-26 19:25:00,2021,4,26,19,25,75,75119,RUE DE JOINVILLE,48.889863,2.380043,Plein jour,En agglomération,Hors intersection,Normale,Deux véhicules - arrière,4,1,1,0,1,1,1,0,1,50,,3,2,0,0,1,32.0,35.0,,,1,2,1,1,2
202100042495,2021-04-26 17:00:00,2021,4,26,17,0,75,75118,RUE STEPHENSON,48.888002,2.356194,Plein jour,En agglomération,Intersection en T,Normale,Autre collision,4,2,2,0,1,1,1,0,1,50,,2,0,0,0,2,33.0,,,,1,2,3,1,6
202100042496,2021-04-26 10:40:00,2021,4,26,10,40,75,75116,RUE DE LONGCHAMP,48.866955,2.278956,Plein jour,En agglomération,Intersection en X,Normale,Autre collision,4,-1,2,0,1,1,1,0,1,50,,2,1,0,0,1,38.0,,,,1,2,2,1,6
202100042497,2021-04-25 16:50:00,2021,4,25,16,50,75,75116,AVENUE KLEBER,48.870746,2.292858,Plein jour,En agglomération,Hors intersection,Normale,Deux véhicules - côté,4,2,2,0,1,1,1,0,1,50,,3,1,0,0,2,20.0,31.0,,,1,2,1,1,3
202100042498,2021-04-25 15:00:00,2021,4,25,15,0,75,75116,ALLEE DU BORD DE L EAU,48.867484,2.233031,Plein jour,En agglomération,Intersection en T,Normale,Sans collision,4,2,2,0,1,3,1,0,1,50,,2,1,0,0,1,37.0,,,,1,2,3,1,7
202100042499,2021-04-26 12:30:00,2021,4,26,12,30,75,75115,RUE DE LOURMEL,48.849616,2.291455,Plein jour,En agglomération,Intersection en T,Normale,Trois véhicules et plus - collisions multiples,4,1,1,1,1,1,1,0,1,50,,3,2,0,0,1,31.0,,,,1,2,3,1,5
202100042500,2021-04-26 12:00:00,2021,4,26,12,0,75,75115,BOULEVARD GENERAL MARTIAL VALIN,48.837002,2.274368,Plein jour,En agglomération,Intersection en X,Normale,Deux véhicules - côté,4,3,4,3,1,1,1,0,1,50,,2,1,0,0,1,40.0,,,,1,2,2,1,3
202100042501,2021-04-26 08:40:00,2021,4,26,8,40,75,75115,NON DENOMMEE D/15,48.834681,2.268171,Plein jour,En agglomération,Hors intersection,Normale,Deux véhicules - côté,4,1,1,0,1,1,1,0,1,50,,2,1,0,0,1,52.0,35.0,,,1,2,1,1,3
202100042502,2021-04-26 16:10:00,2021,4,26,16,10,75,75114,BOULEVARD SAINT JACQUES,48.833315,2.335011,Plein jour,En agglomération,Intersection en T,Normale,Deux véhicules - côté,4,1,1,0,2,1,1,0,1,50,,2,1,0,0,1,25.0,29.0,,,1,2,3,1,3
202100042503,2021-04-26 13:10:00,2021,4,26,13,10,75,75114,BOULEVARD ROMAIN ROLLAND,48.822325,2.314232,Plein jour,En agglomération,Intersection en X,Normale,Deux véhicules - côté,4,1,2,0,1,1,1,0,1,50,,2,1,0,0,1,38.0,40.0,,,1,2,2,1,3
202100042504,2021-04-26 18:40:00,2021,4,26,18,40,75,75109,BOULEVARD HAUSSMANN,48.87238,2.337438,Plein jour,En agglomération,Intersection en X,Normale,Autre collision,4,1,3,0,1,1,1,0,1,50,,2,0,0,0,2,25.0,,,,1,2,2,1,6