accident_id,datetime,annee,mois,jour,heure,minute,departement,commune_insee,adresse,latitude,longitude,luminosite,agglomeration,intersection,meteo,collision,catr,circ,nbv,vosp,prof,plan,surf,infra,situ,vma,nb_vehicules,nb_usagers,nb_indemnes,nb_tues,nb_blesses_hosp,nb_blesses_legers,age_cond_1,age_cond_2,veh_type_cond_1,veh_type_cond_2,lum_code,agg_code,int_code,atm_code,col_code
202100042505,2021-04-26 14:35:00,2021,4,26,14,35,75,75108,RUE LA BOETIE,48.871822,2.308305,Plein jour,En agglomération,Hors intersection,Normale,Deux véhicules - arrière,4,1,1,0,1,1,1,0,1,50,,2,1,0,0,1,19.0,59.0,,,1,2,1,1,2
202100042506,2021-04-26 18:52:00,2021,4,26,18,52,75,75107,PLACE JOFFRE,48.851581,2.301487,Plein jour,En agglomération,Place,Normale,Trois véhicules et plus - collisions multiples,4,2,3,0,1,1,1,0,1,50,,4,3,0,0,1,,59.0,,,1,2,7,1,5
202100042507,2021-04-26 08:00:00,2021,4,26,8,0,75,75102,RUE D ABOUKIR,48.868587,2.34973,Plein jour,En agglomération,Intersection en X,Normale,Sans collision,4,1,1,1,1,1,1,0,1,30,,1,0,0,0,1,47.0,,,,1,2,2,1,7
202100042508,2021-04-25 13:10:00,2021,4,25,13,10,75,75104,QUAI DE L HOTEL DE VILLE,48.854393,2.354986,Plein jour,En agglomération,Intersection en X,Normale,Deux véhicules - côté,4,2,4,1,1,1,1,0,5,30,,3,2,0,0,1,25.0,21.0,,,1,2,2,1,3
202100042509,2021-04-26 18:00:00,2021,4,26,18,0,94,94016,Boulevard de la Vanne,48.785559,2.337903,Plein jour,En agglomération,Intersection en X,Normale,Deux véhicules - côté,3,2,0,0,1,1,1,0,1,50,,2,1,0,0,1,22.0,34.0,,,1,2,2,1,3
202100042510,2021-04-26 18:55:00,2021,4,26,18,55,94,94054,VICTOIRE (AV DE LA),48.74478,2.39829,Plein jour,En agglomération,Hors intersection,Normale,Sans collision,3,2,2,0,2,1,1,0,1,50,,1,0,0,1,0,30.0,,,,1,2,1,1,7
202100042511,2021-04-26 10:40:00,2021,4,26,10,40,94,94078,CHOISY (AV DE),48.74978,2.43419,Plein jour,En agglomération,Hors intersection,Normale,Deux véhicules - arrière,3,2,0,0,1,1,1,0,1,30,,2,1,0,0,1,33.0,,,,1,2,1,1,2
202100042512,2021-04-25 03:52:00,2021,4,25,3,52,93,93005,Rue Diderot,48.9218647871,2.4813437462,Nuit avec éclairage allumé,En agglomération,Intersection en X,Normale,Deux véhicules - côté,4,1,1,0,1,1,1,0,1,50,,2,1,0,0,1,20.0,36.0,,,5,2,2,1,3
202100042513,2021-04-25 18:44:00,2021,4,25,18,44,93,93055,GENERAL LECLERC(AVE DU)89/FIN ET 122/FIN,48.900485903,2.4108782896,Plein jour,En agglomération,Hors intersection,Normale,Deux véhicules - frontale,3,3,2,0,2,1,1,9,1,50,,3,0,0,2,1,21.0,54.0,,,1,2,1,1,1
202100042514,2021-04-26 19:20:00,2021,4,26,19,20,93,93079,SAINT LEU (ROUTE),48.9527310028,2.3374057185,Plein jour,En agglomération,Intersection en T,Normale,Deux véhicules - côté,3,2,2,0,1,1,1,0,1,50,,2,1,0,0,1,30.0,19.0,,,1,2,3,1,3
202100042515,2021-04-26 16:45:00,2021,4,26,16,45,93,93001,REPUBLIQUE (AVE DE LA ) => NO 41/50,48.91433,2.38156,Plein jour,En agglomération,Hors intersection,Normale,Autre collision,3,2,2,0,1,1,1,9,3,50,,3,2,0,0,1,33.0,,,,1,2,1,1,6
202100042516,2021-04-25 18:40:00,2021,4,25,18,40,92,92036,GEORGES CORETE (RUE,48.9173342241,2.3074489073,Plein jour,En agglomération,Intersection à plus de 4 branches,Normale,Deux véhicules - côté,3,2,4,0,1,1,1,0,1,50,,3,2,0,0,1,23.0,39.0,,,1,2,5,1,3
202100042517,2021-04-26 17:00:00,2021,4,26,17,0,92,92035,Rhin et Danube ( place ),48.90279,2.2426,Plein jour,En agglomération,Place,Normale,Deux véhicules - côté,3,2,2,0,1,1,1,0,1,50,,2,1,0,0,1,22.0,39.0,,,1,2,7,1,3
202100042518,2021-04-27 08:00:00,2021,4,27,8,0,35,35046,Priel,47.889336,-2.054591,Plein jour,Hors agglomération,Hors intersection,Temps éblouissant,Deux véhicules - frontale,3,2,2,0,1,1,1,0,1,80,,2,1,0,0,1,61.0,58.0,,,1,1,1,7,1
202100042519,2021-04-27 15:40:00,2021,4,27,15,40,68,68044,D415,48.162325,7.086868,Plein jour,Hors agglomération,Hors intersection,Normale,Autre collision,3,2,3,0,2,3,1,0,3,70,,2,0,0,2,0,20.0,,,,1,1,1,1,6
202100042520,2021-04-25 04:45:00,2021,4,25,4,45,972,97217,Rue Nelson Mandela,14.474024,-60.862584,Nuit avec éclairage allumé,En agglomération,Hors intersection,Normale,Autre collision,2,2,2,0,2,3,1,0,4,50,,3,0,0,2,1,25.0,,,,5,2,1,1,6
202100042521,2021-04-25 11:25:00,2021,4,25,11,25,59,59533,1 Place Jean Jaurès,50.18227,3.413776,Plein jour,En agglomération,Intersection en X,Normale,Deux véhicules - côté,4,2,2,0,1,1,1,0,1,50,,2,1,0,0,1,42.0,20.0,,,1,2,2,1,3
202100042522,2021-03-27 11:35:00,2021,3,27,11,35,79,79202,35 Rue de la Citadelle,46.650147,-0.251637,Plein jour,En agglomération,Hors intersection,Normale,Autre collision,4,2,2,0,2,1,1,0,1,50,,1,0,0,0,1,18.0,,,,1,2,1,1,6
202100042523,2021-04-27 11:00:00,2021,4,27,11,0,80,80835,D259,49.974385,2.112449,Plein jour,Hors agglomération,Hors intersection,Normale,Deux véhicules - frontale,3,2,2,0,2,1,1,0,1,80,,2,1,1,0,0,20.0,18.0,,,1,1,1,1,1
202100042524,2021-04-27 14:30:00,2021,4,27,14,30,82,82156,D15,44.001111,0.988233,Plein jour,Hors agglomération,Hors intersection,Pluie légère,Deux véhicules - arrière,3,2,2,0,1,1,2,0,1,80,,2,1,0,1,0,44.0,32.0,,,1,1,1,2,2
202100042525,2021-04-27 00:00:00,2021,4,27,0,0,11,11063,avenue du languedoc,42.920229,2.211814,Nuit sans éclairage public,En agglomération,Hors intersection,Pluie légère,Autre collision,3,2,2,0,1,1,2,0,3,50,,1,0,0,1,0,27.0,,,,3,2,1,2,6
202100042526,2021-04-26 13:40:00,2021,4,26,13,40,63,63453,Avenue des Acacias,45.771156,3.291054,Plein jour,En agglomération,Hors intersection,Normale,Autre collision,3,2,2,0,1,1,1,0,1,50,,2,1,0,0,1,63.0,,,,1,2,1,1,6
202100042527,2021-04-24 17:50:00,2021,4,24,17,50,61,61446,D230,48.756695,0.47896,Plein jour,Hors agglomération,Hors intersection,Normale,Sans collision,3,2,2,0,2,4,1,0,3,80,,1,0,0,0,1,10.0,,,,1,1,1,1,7
202100042528,2021-04-24 19:00:00,2021,4,24,19,0,49,49180,Place du Champ de Foire,47.375729,-0.110783,Plein jour,En agglomération,Intersection en X,Normale,Deux véhicules - côté,4,3,-1,-1,1,1,1,0,1,-1,,2,1,0,1,0,17.0,27.0,,,1,2,2,1,3
202100042529,2021-04-25 08:00:00,2021,4,25,8,0,49,49125,Rue des Acacias (Saint-Georges-sur-Layon),47.18657,-0.377596,Plein jour,En agglomération,Hors intersection,Normale,Autre collision,4,2,2,0,1,3,1,0,1,50,,1,0,0,0,1,17.0,,,,1,2,1,1,6
202100042530,2021-04-26 11:50:00,2021,4,26,11,50,42,42059,Place de la Poterne,45.637984,4.392251,Plein jour,En agglomération,Hors intersection,Normale,Autre collision,3,2,2,0,1,1,1,0,1,50,,2,1,0,1,0,32.0,,,,1,2,1,1,6
202100042531,2021-04-26 17:30:00,2021,4,26,17,30,68,68349,100 Rue du Général de Gaulle,47.605595,7.571179,Plein jour,En agglomération,Intersection en X,Normale,Deux véhicules - côté,3,2,2,0,1,1,1,0,1,50,,2,1,0,1,0,34.0,54.0,,,1,2,2,1,3
202100042532,2021-04-26 18:58:00,2021,4,26,18,58,29,29217,Lieu-dit Ker Eol,47.865839,-3.764083,Plein jour,Hors agglomération,Intersection en X,Normale,Deux véhicules - côté,3,2,2,0,3,1,1,0,3,80,,3,0,0,0,3,87.0,20.0,,,1,1,2,1,3
202100042533,2021-04-26 18:05:00,2021,4,26,18,5,01,01266,Route de Cuet,46.325413,5.114184,Plein jour,Hors agglomération,Hors intersection,Normale,Deux véhicules - frontale,3,2,2,0,2,2,1,2,1,70,,2,1,0,0,1,35.0,16.0,,,1,1,1,1,1
202100042534,2021-04-27 15:45:00,2021,4,27,15,45,70,70486,Chemin de Semmadon,47.734042,5.862622,Plein jour,Hors agglomération,Intersection en T,Temps éblouissant,Deux véhicules - côté,4,2,1,0,1,1,1,0,1,80,,2,1,0,1,0,15.0,85.0,,,1,1,3,7,3
202100042535,2021-04-27 14:45:00,2021,4,27,14,45,58,58280,Lieu dit Rosière,46.844717,3.419328,Plein jour,Hors agglomération,Hors intersection,Normale,Deux véhicules - frontale,3,2,2,0,2,1,1,0,1,80,,2,0,0,1,1,76.0,75.0,,,1,1,1,1,1
202100042536,2021-04-26 18:25:00,2021,4,26,18,25,14,14102,D579,49.222138,0.2211,Plein jour,Hors agglomération,Hors intersection,Normale,Autre collision,3,2,2,0,1,1,1,9,3,90,,1,0,0,0,1,27.0,,,,1,1,1,1,6
202100042537,2021-04-27 11:55:00,2021,4,27,11,55,05,05127,D3,44.486176,6.273435,Plein jour,Hors agglomération,Hors intersection,Normale,Sans collision,3,2,2,0,2,2,1,0,1,70,,1,0,0,0,1,63.0,,,,1,1,1,1,7
202100042538,2021-04-27 16:15:00,2021,4,27,16,15,50,50401,D66,49.461123,-1.787574,Plein jour,Hors agglomération,Hors intersection,Normale,Sans collision,3,2,2,0,1,1,1,0,3,80,,2,1,0,0,1,19.0,,,,1,1,1,1,7
202100042539,2021-04-27 11:00:00,2021,4,27,11,0,45,45087,DR951-PR 14 + 500,47.612521,2.738514,Plein jour,Hors agglomération,Hors intersection,Normale,Deux véhicules - côté,3,2,2,0,1,1,1,0,1,80,,3,1,1,1,0,21.0,38.0,,,1,1,1,1,3
202100042540,2021-04-27 10:47:00,2021,4,27,10,47,10,10323,Passage Julian Grimau,48.522255,3.726388,Plein jour,En agglomération,Hors intersection,Normale,Sans collision,4,2,2,0,1,1,1,5,4,50,,2,1,0,1,0,69.0,,,,1,2,1,1,7
202100042541,2021-04-27 16:40:00,2021,4,27,16,40,53,53127,La Fontenelle,48.425659,-0.457134,Plein jour,Hors agglomération,Hors intersection,Normale,Deux véhicules - frontale,3,2,2,0,1,1,1,0,1,80,,2,1,0,1,0,21.0,45.0,,,1,1,1,1,1
202100042542,2021-04-26 18:25:00,2021,4,26,18,25,53,53062,16 Boulevard Robert Buron,47.819283,-0.714661,Plein jour,En agglomération,Hors intersection,Normale,Deux véhicules - côté,6,-1,-1,3,1,1,1,9,6,-1,,2,1,0,1,0,55.0,20.0,,,1,2,1,1,3
202100042543,2021-03-24 17:55:00,2021,3,24,17,55,40,40312,44 Avenue du 1er Mai,43.536642,-1.496662,Plein jour,En agglomération,Hors intersection,Normale,Deux véhicules - côté,9,2,2,0,1,1,1,0,1,50,,2,1,0,1,0,50.0,19.0,,,1,2,1,1,3
202100042544,2021-04-26 18:10:00,2021,4,26,18,10,28,28057,8 Impasse du Presbytere,48.259184,1.375426,Plein jour,En agglomération,Hors intersection,Normale,Deux véhicules - côté,9,2,0,0,1,1,1,0,1,50,,2,1,0,0,1,33.0,5.0,,,1,2,1,1,3
202100042545,2021-04-27 15:09:00,2021,4,27,15,9,01,01350,A39,46.277806,5.241817,Plein jour,Hors agglomération,Hors intersection,Normale,Sans collision,1,1,2,0,1,1,1,0,3,130,,1,0,0,0,1,51.0,,,,1,1,1,1,7
202100042546,2021-04-24 17:00:00,2021,4,24,17,0,34,34082,allée des Erables,43.675337,3.764918,Plein jour,En agglomération,Hors intersection,Normale,Sans collision,4,2,2,0,1,1,1,0,1,30,,1,0,0,1,0,31.0,,,,1,2,1,1,7
202100042547,2021-04-27 06:30:00,2021,4,27,6,30,07,07142,N88,44.752376,3.879799,Crépuscule ou aube,Hors agglomération,Hors intersection,Normale,Sans collision,2,3,1,0,2,3,1,5,3,80,,1,0,0,0,1,35.0,,,,2,1,1,1,7
202100042548,2021-04-27 10:55:00,2021,4,27,10,55,24,24168,RN21 PK 125+400,44.718258,0.558093,Plein jour,Hors agglomération,Hors intersection,Normale,Deux véhicules - frontale,2,2,2,0,2,3,1,0,1,80,,2,0,1,1,0,50.0,49.0,,,1,1,1,1,1
202100042549,2021-04-27 08:45:00,2021,4,27,8,45,976,97607,Route nationale 3-HAJANGUA,-12.872137,45.208697,Plein jour,Hors agglomération,Hors intersection,Normale,Deux véhicules - frontale,2,-1,2,0,1,1,1,0,1,70,,2,1,0,0,1,22.0,30.0,,,1,1,1,1,1
202100042550,2021-04-26 08:25:00,2021,4,26,8,25,34,34327,Avenue du 8 Mai 1945,43.654687,3.975409,Plein jour,En agglomération,Hors intersection,Normale,Deux véhicules - côté,4,2,2,0,1,1,1,0,1,30,,2,1,0,0,1,33.0,65.0,,,1,2,1,1,3
202100042551,2021-04-23 18:00:00,2021,4,23,18,0,84,84065,D973,43.745615,5.307266,Plein jour,Hors agglomération,Giratoire,Normale,Deux véhicules - côté,3,1,1,0,1,2,1,5,1,70,,2,1,0,0,1,84.0,74.0,,,1,1,6,1,3
202100042552,2021-04-27 16:05:00,2021,4,27,16,5,04,04245,RD 4096 - Av des Farigoules,43.871628,5.843348,Plein jour,En agglomération,Hors intersection,Normale,Autre collision,3,2,2,0,1,1,1,0,3,50,,1,0,0,1,0,61.0,,,,1,2,1,1,6
202100042553,2021-04-26 09:20:00,2021,4,26,9,20,13,13107,Avenue du Général de Gaulle,43.427583,5.442173,Plein jour,En agglomération,Hors intersection,Normale,Deux véhicules - frontale,7,2,2,0,1,1,1,9,1,50,,2,1,0,1,0,46.0,,,,1,2,1,1,1
202100042554,2021-04-26 17:20:00,2021,4,26,17,20,58,58121,590 Avenue de la République,47.049197,3.094953,Plein jour,En agglomération,Hors intersection,Normale,Deux véhicules - arrière,3,2,2,0,1,1,1,0,1,50,,5,3,0,0,2,18.0,24.0,,,1,2,1,1,2
202100042555,2021-04-26 12:50:00,2021,4,26,12,50,88,88173,D55,48.359471,6.243539,Plein jour,Hors agglomération,Hors intersection,Normale,Sans collision,3,2,2,0,1,1,1,8,1,50,,1,0,0,1,0,57.0,,,,1,1,1,1,7
202100042556,2021-04-25 16:30:00,2021,4,25,16,30,38,38068,RN 85,45.101184,5.715744,Plein jour,Hors agglomération,Hors intersection,Normale,Trois véhicules et plus - en chaîne,2,2,2,2,1,1,1,0,1,80,,4,2,0,0,2,37.0,52.0,,,1,1,1,1,4
202100042557,2021-04-26 15:00:00,2021,4,26,15,0,49,49301,Le Petit Quarteron (tillières),47.156491,-1.16387,Plein jour,Hors agglomération,Hors intersection,Normale,Autre collision,3,2,2,0,2,1,1,0,1,80,,2,1,0,1,0,56.0,69.0,,,1,1,1,1,6
202100042558,2021-04-21 12:10:00,2021,4,21,12,10,49,49138,Bois de Brou (Fontaine-Guérin),47.4917915107,-0.176656785,Plein jour,Hors agglomération,Intersection en T,Normale,Deux véhicules - côté,3,2,2,0,1,1,1,0,1,80,,2,1,0,1,0,19.0,17.0,,,1,1,3,1,3
202100042559,2021-04-27 18:30:00,2021,4,27,18,30,14,14044,D83,49.281517,-0.417995,Plein jour,En agglomération,Intersection en X,Temps éblouissant,Deux véhicules - côté,3,2,2,0,1,1,1,0,1,50,,3,2,0,1,0,41.0,77.0,,,1,2,2,7,3
202100042560,2021-04-27 17:00:00,2021,4,27,17,0,22,22364,D776,48.437202,-2.112122,Plein jour,En agglomération,Hors intersection,Temps éblouissant,Deux véhicules - côté,3,2,2,0,1,3,1,0,1,70,,2,1,0,0,1,48.0,72.0,,,1,2,1,7,3
202100042561,2021-04-26 15:40:00,2021,4,26,15,40,76,76164,Avenue Winston Churchill,49.524599,0.722405,Plein jour,En agglomération,Hors intersection,Normale,Sans collision,6,-1,-1,0,1,1,1,0,8,10,,2,1,0,0,1,58.0,,,,1,2,1,1,7
202100042562,2021-04-26 15:00:00,2021,4,26,15,0,13,13055,A507 sens Aubagne- Marseille,43.3123710575,5.4243680835,Plein jour,En agglomération,Hors intersection,Normale,Deux véhicules - arrière,1,1,3,0,1,1,1,0,1,70,,2,1,0,0,1,26.0,39.0,,,1,2,1,1,2
202100042563,2021-04-21 12:37:00,2021,4,21,12,37,13,13081,A7-Sens Marseille vers Lyon,43.47765,5.23924,Plein jour,Hors agglomération,Hors intersection,Pluie forte,Deux véhicules - arrière,1,1,2,0,1,1,2,0,1,110,,2,1,0,0,1,23.0,58.0,,,1,1,1,3,2
202100042564,2021-04-26 09:15:00,2021,4,26,9,15,33,33039,Pont François Mitterrand,44.807262,-0.528165,Plein jour,Hors agglomération,Hors intersection,Normale,Deux véhicules - arrière,2,3,8,0,1,1,1,2,1,90,,2,1,0,0,1,54.0,43.0,,,1,1,1,1,2
202100042565,2021-04-24 18:21:00,2021,4,24,18,21,59,59646,ROUTE NATIONALE 356,50.683163,3.13196,Plein jour,Hors agglomération,Hors intersection,Normale,Autre collision,7,3,4,0,1,1,1,0,1,90,,1,0,0,0,1,63.0,,,,1,1,1,1,6
202100042566,2021-04-26 19:15:00,2021,4,26,19,15,91,91689,AUTOROUTE A6B,48.7488,2.3281,Plein jour,Hors agglomération,Hors intersection,Normale,Deux véhicules - arrière,1,-1,3,0,3,1,1,0,1,110,,2,1,0,0,1,23.0,30.0,,,1,1,1,1,2
202100042567,2021-04-26 07:50:00,2021,4,26,7,50,92,92050,A86,48.9180852121,2.2229496253,Plein jour,Hors agglomération,Hors intersection,Normale,Deux véhicules - arrière,1,1,2,0,1,1,1,0,1,90,,2,1,0,0,1,37.0,21.0,,,1,1,1,1,2
202100042568,2021-04-26 18:00:00,2021,4,26,18,0,94,94069,A4,48.8173019527,2.4323648133,Plein jour,Hors agglomération,Hors intersection,Normale,Trois véhicules et plus - en chaîne,1,1,4,0,1,1,1,0,1,90,,3,2,0,0,1,27.0,54.0,,,1,1,1,1,4
202100042569,2021-04-26 07:45:00,2021,4,26,7,45,94,94073,A86 INT,48.7659410769,2.3790876024,Plein jour,Hors agglomération,Hors intersection,Normale,Deux véhicules - côté,1,1,3,0,1,2,1,0,1,90,,2,1,0,0,1,32.0,44.0,,,1,1,1,1,3
202100042570,2021-04-25 07:20:00,2021,4,25,7,20,988,98818,VE1 SENS NORD/SUD,-22.25502,166.44975,Plein jour,Hors agglomération,Hors intersection,Normale,Trois véhicules et plus - collisions multiples,1,3,4,0,1,3,1,0,1,70,,5,3,1,1,0,89.0,45.0,,,1,1,1,1,5
202100042571,2021-04-25 17:30:00,2021,4,25,17,30,974,97416,ROLLAND GARROS (CHEMIN) CD29 (2),-21.33197,55.52888,Plein jour,Hors agglomération,Hors intersection,Normale,Deux véhicules - côté,4,2,2,0,2,2,1,0,1,30,,2,1,0,1,0,21.0,42.0,,,1,1,1,1,3
202100042572,2021-04-24 11:25:00,2021,4,24,11,25,974,97411,Route Gabriel Macé,-20.919049,55.494926,Plein jour,Hors agglomération,Hors intersection,Normale,Trois véhicules et plus - en chaîne,4,2,2,0,2,4,1,0,1,50,,3,1,0,2,0,43.0,71.0,,,1,1,1,1,4
202100042573,2021-04-24 13:00:00,2021,4,24,13,0,973,97302,MONTABO (ROUTE DE) 1,4.94388,-52.30803,Plein jour,En agglomération,Hors intersection,Pluie légère,Sans collision,3,2,2,2,1,1,2,0,5,50,,2,1,0,0,1,27.0,52.0,,,1,2,1,2,7
202100042574,2021-04-25 03:55:00,2021,4,25,3,55,972,97207,ROUTE NATIONALE 5,14.5586304256,-60.9729208052,Nuit sans éclairage public,Hors agglomération,Hors intersection,Normale,Autre collision,2,1,2,0,1,1,1,0,1,90,,2,0,0,0,2,24.0,,,,3,1,1,1,6
202100042575,2021-04-25 17:34:00,2021,4,25,17,34,69,69382,ANTONIN PONCET (PL),45.75611,4.83586,Plein jour,En agglomération,Hors intersection,Normale,Deux véhicules - côté,4,1,2,0,1,1,1,0,1,50,,2,1,0,0,1,30.0,32.0,,,1,2,1,1,3
202100042576,2021-04-25 17:31:00,2021,4,25,17,31,2B,2B033,CARDO - RT INFERIEURE DE,42.69575,9.43011,Plein jour,Hors agglomération,Hors intersection,Normale,Deux véhicules - côté,3,2,2,0,2,3,1,0,1,80,,3,1,0,0,2,51.0,42.0,,,1,1,1,1,3
202100042577,2021-04-19 21:12:00,2021,4,19,21,12,971,97120,Amitié des peuples,16.243,-61.5397,Nuit avec éclairage allumé,En agglomération,Hors intersection,Normale,Autre collision,4,1,2,0,1,1,1,0,1,50,,2,1,0,0,1,66.0,,,,5,2,1,1,6
202100042578,2021-04-25 16:13:00,2021,4,25,16,13,91,91021,RTE D'EGLY,48.58526,2.240773,Plein jour,En agglomération,Hors intersection,Normale,Deux véhicules - arrière,3,1,1,0,4,1,1,0,1,50,,3,2,0,0,1,61.0,49.0,,,1,2,1,1,2
202100042579,2021-04-24 06:20:00,2021,4,24,6,20,91,91339,RUE DU JUBILE,48.61701,2.25701,Plein jour,Hors agglomération,Hors intersection,Normale,Deux véhicules - côté,4,1,3,0,1,1,1,9,1,70,,2,1,0,0,1,47.0,23.0,,,1,1,1,1,3
202100042580,2021-04-24 19:00:00,2021,4,24,19,0,91,91286,RENOIR (RUE),48.65765,2.39187,Plein jour,En agglomération,Hors intersection,Normale,Autre collision,4,2,2,0,1,1,1,0,1,30,,2,1,0,0,1,52.0,,,,1,2,1,1,6
202100042581,2021-04-24 14:25:00,2021,4,24,14,25,81,81004,THOMAS (AV ALBERT),43.9443059254,2.150589229,Plein jour,En agglomération,Intersection en X,Normale,Deux véhicules - côté,3,2,0,0,1,1,1,0,1,50,,3,1,0,2,0,76.0,21.0,,,1,2,2,1,3
202100042582,2021-04-25 15:40:00,2021,4,25,15,40,76,76540,RENARD. RUE DU,49.45195,1.06902,Plein jour,En agglomération,Intersection en X,Normale,Deux véhicules - côté,4,2,2,3,2,1,1,9,6,30,,2,1,0,1,0,18.0,27.0,,,1,2,2,1,3
202100042583,2021-04-25 18:00:00,2021,4,25,18,0,69,69266,EMILE ZOLA (CR),45.7679,4.88825,Plein jour,En agglomération,Hors intersection,Normale,Deux véhicules - arrière,4,2,2,1,1,1,1,0,1,50,,3,2,0,0,1,37.0,59.0,,,1,2,1,1,2
202100042584,2021-04-25 16:10:00,2021,4,25,16,10,64,64024,MAIGNON (ROUTE DE),43.4753,-1.50142,Plein jour,En agglomération,Hors intersection,Normale,Autre collision,9,2,4,1,1,1,1,0,5,20,,2,1,0,0,1,59.0,,,,1,2,1,1,6
202100042585,2021-04-24 18:45:00,2021,4,24,18,45,64,64102,BAB (Boulevard),43.49608,-1.48535,Plein jour,En agglomération,Hors intersection,Normale,Deux véhicules - arrière,4,1,6,0,1,1,1,0,1,30,,2,0,0,0,2,16.0,15.0,,,1,2,1,1,2
202100042586,2021-04-24 17:30:00,2021,4,24,17,30,46,46042,LURCAT (AVENUE JEAN),44.464878,1.449784,Plein jour,En agglomération,Intersection en X,Normale,Deux véhicules - côté,4,2,2,0,1,3,1,5,1,50,,2,1,0,1,0,18.0,38.0,,,1,2,2,1,3
202100042587,2021-04-25 16:35:00,2021,4,25,16,35,45,45147,Rue Pierre Semard,47.9314,1.90621,Plein jour,En agglomération,Hors intersection,Normale,Autre collision,4,-1,0,0,1,1,1,0,1,50,,2,1,0,1,0,,,,,1,2,1,1,6
202100042588,2021-04-25 15:30:00,2021,4,25,15,30,45,45147,Rue de Verdun,47.9347639461,1.9090685339,Plein jour,En agglomération,Intersection en T,Normale,Deux véhicules - frontale,4,2,2,0,1,1,1,0,1,50,,3,2,0,0,1,36.0,31.0,,,1,2,3,1,1
202100042589,2021-04-25 18:15:00,2021,4,25,18,15,37,37261,BORDIERS (RUE DES),47.4280854472,0.6726103127,Plein jour,En agglomération,Intersection en T,Normale,Autre collision,4,2,2,0,1,1,1,0,1,50,,2,1,0,1,0,47.0,33.0,,,1,2,3,1,6
202100042590,2021-04-24 10:15:00,2021,4,24,10,15,37,37208,CORMERY (RUE DE),47.3435628608,0.7363629342,Plein jour,En agglomération,Intersection en X,Normale,Autre collision,4,2,2,0,1,1,1,0,1,50,,4,3,0,0,1,18.0,73.0,,,1,2,2,1,6
202100042591,2021-04-25 18:55:00,2021,4,25,18,55,35,35238,PORTE DE LORIENT,48.10853,-1.71707,Plein jour,Hors agglomération,Hors intersection,Normale,Autre collision,2,1,2,0,2,3,1,3,1,50,,1,0,0,0,1,34.0,,,,1,1,1,1,6
202100042592,2021-04-25 17:20:00,2021,4,25,17,20,33,33009,Promenade des Anglais,44.65642,-1.17628,Plein jour,En agglomération,Intersection en X,Pluie légère,Deux véhicules - côté,4,2,2,0,1,1,2,0,1,50,,2,1,0,0,1,23.0,81.0,,,1,2,2,2,3
202100042593,2021-04-24 22:40:00,2021,4,24,22,40,31,31555,JUIN (BD DU MARECHAL) DU 22AU 22,43.59001,1.4411,Nuit avec éclairage allumé,En agglomération,Intersection en T,Normale,Deux véhicules - côté,4,3,1,0,1,1,1,0,1,50,,4,1,0,0,3,32.0,36.0,,,5,2,3,1,3
202100042594,2021-04-24 22:50:00,2021,4,24,22,50,31,31555,RTE DE SEYSSES,43.56214,1.40678,Nuit avec éclairage allumé,En agglomération,Intersection en X,Normale,Deux véhicules - côté,7,2,2,0,1,1,1,5,1,50,,2,1,0,0,1,39.0,16.0,,,5,2,2,1,3
202100042595,2021-04-23 13:40:00,2021,4,23,13,40,29,29232,Avenue de la Liberation,47.99253,-4.08247,Plein jour,En agglomération,Hors intersection,Normale,Deux véhicules - frontale,4,2,2,0,1,1,1,8,1,50,,3,2,0,0,1,38.0,33.0,,,1,2,1,1,1
202100042596,2021-04-23 12:15:00,2021,4,23,12,15,27,27681,VIROLET (RUE DU),49.09674,1.46507,Plein jour,En agglomération,Hors intersection,Normale,Sans collision,4,2,2,0,1,1,1,9,1,50,,1,0,0,0,1,52.0,,,,1,2,1,1,7
202100042597,2021-04-25 17:55:00,2021,4,25,17,55,27,27229,CONCHES (ROUTE DE),49.01931,1.11895,Plein jour,En agglomération,Hors intersection,Normale,Deux véhicules - arrière,3,2,0,1,1,1,1,0,1,50,,3,0,0,1,2,15.0,44.0,,,1,2,1,1,2
202100042598,2021-04-25 23:50:00,2021,4,25,23,50,13,13210,CAPELETTE (AVENUE DE LA),43.281507,5.404849,Nuit avec éclairage allumé,En agglomération,Hors intersection,Normale,Sans collision,4,2,1,0,1,3,1,2,1,50,,1,0,0,1,0,25.0,,,,5,2,1,1,7
202100042599,2021-04-24 10:40:00,2021,4,24,10,40,13,13028,BEAU RIVAGE (BOULEVARD),43.187005,5.623046,Plein jour,En agglomération,Hors intersection,Normale,Autre collision,7,-1,0,0,1,1,1,6,4,1,,2,1,0,1,0,43.0,,,,1,2,1,1,6
202100042600,2021-04-24 16:00:00,2021,4,24,16,0,07,07019,RN 102,44.613227,4.408243,Plein jour,Hors agglomération,Giratoire,Normale,Deux véhicules - côté,2,1,0,0,1,1,1,9,1,70,,2,1,0,1,0,70.0,55.0,,,1,1,6,1,3
202100042601,2021-04-25 02:40:00,2021,4,25,2,40,75,75120,RUE DE MENILMONTANT,48.868307,2.38818,Nuit avec éclairage allumé,En agglomération,Intersection en X,Normale,Deux véhicules - côté,4,2,2,0,2,1,1,0,1,50,,2,1,0,0,1,46.0,19.0,,,5,2,2,1,3
202100042602,2021-04-24 12:50:00,2021,4,24,12,50,75,75115,QUAI BRANLY,48.8545833708,2.2888952494,Plein jour,En agglomération,Intersection en X,Normale,Deux véhicules - côté,4,2,1,0,1,1,1,0,1,50,,2,1,0,0,1,56.0,30.0,,,1,2,2,1,3