accident_id,datetime,annee,mois,jour,heure,minute,departement,commune_insee,adresse,latitude,longitude,luminosite,agglomeration,intersection,meteo,collision,catr,circ,nbv,vosp,prof,plan,surf,infra,situ,vma,nb_vehicules,nb_usagers,nb_indemnes,nb_tues,nb_blesses_hosp,nb_blesses_legers,age_cond_1,age_cond_2,veh_type_cond_1,veh_type_cond_2,lum_code,agg_code,int_code,atm_code,col_code
202100042603,2021-04-25 10:45:00,2021,4,25,10,45,75,75112,AVENUE DAUMESNIL,48.835891,2.405671,Plein jour,En agglomération,Intersection en X,Normale,Deux véhicules - côté,4,2,2,1,1,1,1,0,5,50,,2,1,0,0,1,26.0,30.0,,,1,2,2,1,3
202100042604,2021-04-25 07:30:00,2021,4,25,7,30,75,75112,QUAI DE BERCY,48.8279200848,2.3886382967,Plein jour,En agglomération,Intersection en Y,Normale,Autre collision,4,1,2,0,2,1,2,0,1,50,,1,0,0,0,1,23.0,,,,1,2,4,1,6
202100042605,2021-04-25 17:42:00,2021,4,25,17,42,75,75107,QUAI D ORSAY,48.862885,2.316493,Plein jour,En agglomération,Hors intersection,Normale,Deux véhicules - côté,4,2,6,0,1,1,1,0,1,50,,3,0,0,0,3,55.0,34.0,,,1,2,1,1,3
202100042606,2021-04-25 19:30:00,2021,4,25,19,30,94,94033,Rue des 4 Ruelles,48.8552,2.45318,Plein jour,En agglomération,Autre intersection,Normale,Deux véhicules - frontale,4,2,2,0,1,1,1,5,8,50,,2,1,0,0,1,30.0,20.0,,,1,2,9,1,1
202100042607,2021-04-25 15:00:00,2021,4,25,15,0,94,94022,VICTOR HUGO (AV),48.7692929186,2.4214140425,Plein jour,En agglomération,Hors intersection,Normale,Deux véhicules - arrière,3,1,2,1,1,1,1,0,1,50,,3,2,0,0,1,22.0,21.0,,,1,2,1,1,2
202100042608,2021-04-25 19:05:00,2021,4,25,19,5,94,94069,MARECHAL LECLERC (R DU),48.81648,2.45705,Plein jour,En agglomération,Intersection en T,Normale,Deux véhicules - côté,3,3,3,0,1,1,1,0,1,50,,2,1,0,0,1,39.0,58.0,,,1,2,3,1,3
202100042609,2021-04-25 01:05:00,2021,4,25,1,5,93,93005,WALDECK ROUSSEAU (RUE),48.9283395956,2.482065802,Nuit avec éclairage allumé,En agglomération,Intersection en Y,Normale,Deux véhicules - côté,3,1,2,0,1,1,1,3,1,50,,5,1,2,2,0,39.0,27.0,,,5,2,4,1,3
202100042610,2021-04-25 18:00:00,2021,4,25,18,0,93,93001,HAIE COQ (RUE DE LA ) => 91/92,48.9120534118,2.3732686702,Plein jour,En agglomération,Autre intersection,Normale,Autre collision,3,2,2,0,1,1,1,0,1,50,,2,1,0,0,1,53.0,,,,1,2,9,1,6
202100042611,2021-04-25 12:35:00,2021,4,25,12,35,92,92078,CHARLES DE GAULLE (BD) (15 AU 69),48.9364521872,2.3323014379,Plein jour,En agglomération,Intersection en T,Normale,Autre collision,3,2,2,0,1,1,1,0,1,50,,2,1,0,0,1,44.0,,,,1,2,3,1,6
202100042612,2021-04-25 11:42:00,2021,4,25,11,42,92,92077,PRIEURE (ROUTE DU),48.8198632234,2.1596503258,Plein jour,En agglomération,Hors intersection,Normale,Sans collision,9,-1,0,0,2,1,9,9,8,30,,1,0,0,1,0,16.0,,,,1,2,1,1,7
202100042613,2021-04-25 15:15:00,2021,4,25,15,15,92,92064,PARC SAINT CLOUD,48.836331,2.210671,Plein jour,En agglomération,Hors intersection,Normale,Sans collision,9,-1,1,0,2,1,1,0,1,30,,1,0,0,0,1,46.0,,,,1,2,1,1,7
202100042614,2021-04-25 10:20:00,2021,4,25,10,20,92,92040,VICTOR HUGO (ROND-POINT),48.82799,2.27372,Plein jour,En agglomération,Giratoire,Temps éblouissant,Sans collision,3,1,3,1,1,2,1,0,1,30,,2,0,0,0,2,28.0,,,,1,2,6,7,7
202100042615,2021-04-24 23:40:00,2021,4,24,23,40,92,92025,PAUL BERT (RUE),48.9308595032,2.2445422411,Nuit sans éclairage public,En agglomération,Intersection en T,Normale,Deux véhicules - côté,3,1,2,0,1,1,1,2,1,50,,2,1,0,0,1,33.0,37.0,,,3,2,3,1,3
202100042616,2021-04-25 13:20:00,2021,4,25,13,20,92,92048,GARENNE (ROUTE DE LA),48.7815850099,2.2266381606,Plein jour,En agglomération,Intersection en T,Normale,Deux véhicules - côté,3,2,2,0,1,1,1,0,1,50,,2,1,0,0,1,56.0,41.0,,,1,2,3,1,3
202100042617,2021-04-25 16:55:00,2021,4,25,16,55,92,92004,DOCTEUR DERVAUX  ( QUAI DU ),48.9070480385,2.2916217148,Plein jour,En agglomération,Intersection en T,Normale,Trois véhicules et plus - collisions multiples,3,3,2,0,1,1,1,0,1,70,,4,2,0,0,2,41.0,34.0,,,1,2,3,1,5
202100042618,2021-04-26 13:00:00,2021,4,26,13,0,35,35176,La Touche Morice,47.870006,-1.84404,Plein jour,Hors agglomération,Hors intersection,Normale,Deux véhicules - frontale,4,2,2,0,1,4,9,0,1,80,,2,1,0,1,0,32.0,70.0,,,1,1,1,1,1
202100042619,2021-04-24 18:09:00,2021,4,24,18,9,80,80645,D11,50.065376,2.418108,Plein jour,Hors agglomération,Hors intersection,Normale,Sans collision,3,2,2,0,2,1,1,0,3,80,,1,0,0,1,0,28.0,,,,1,1,1,1,7
202100042620,2021-04-25 15:50:00,2021,4,25,15,50,22,22209,Le Pont Cretin (Ploubalay),48.550352,-2.107884,Plein jour,Hors agglomération,Intersection en X,Normale,Deux véhicules - côté,3,2,2,0,2,1,1,0,1,80,,6,4,0,1,1,52.0,17.0,,,1,1,2,1,3
202100042621,2021-04-26 13:20:00,2021,4,26,13,20,41,41282,D49,47.378552,1.792826,Plein jour,Hors agglomération,Hors intersection,Normale,Autre collision,3,2,2,0,1,2,1,0,3,80,,3,0,0,1,2,37.0,,,,1,1,1,1,6
202100042622,2021-04-26 06:40:00,2021,4,26,6,40,11,11430,A 61 au PK 287+500,43.289577,1.941876,Crépuscule ou aube,Hors agglomération,Hors intersection,Normale,Autre collision,1,1,4,0,1,1,1,0,1,130,,3,0,1,1,1,51.0,,,,2,1,1,1,6
202100042623,2021-04-23 14:10:00,2021,4,23,14,10,45,45219,Place de l'Eglise,48.020257,2.591465,Plein jour,En agglomération,Hors intersection,Normale,Autre collision,4,2,2,0,1,1,1,0,3,50,,1,0,0,1,0,22.0,,,,1,2,1,1,6
202100042624,2021-04-25 16:00:00,2021,4,25,16,0,33,33294,Lieu Dit Cirette,44.616259,-0.081748,Plein jour,En agglomération,Intersection en T,Normale,Trois véhicules et plus - en chaîne,3,2,2,0,1,4,1,0,1,50,,5,2,0,0,3,27.0,21.0,,,1,2,3,1,4
202100042625,2021-04-24 16:00:00,2021,4,24,16,0,42,42241,D26,45.8825864947,4.1172992773,Plein jour,Hors agglomération,Hors intersection,Normale,Deux véhicules - côté,3,2,2,0,2,2,1,0,1,80,,3,1,0,0,2,75.0,24.0,,,1,1,1,1,3
202100042626,2021-04-24 18:30:00,2021,4,24,18,30,57,57706,Route Départementale 38,48.825023,6.769794,Plein jour,Hors agglomération,Hors intersection,Normale,Deux véhicules - arrière,3,2,2,0,4,1,1,0,1,80,,2,1,0,1,0,37.0,56.0,,,1,1,1,1,2
202100042627,2021-04-24 16:40:00,2021,4,24,16,40,974,97414,Bel Air,-21.292733,55.408956,Plein jour,En agglomération,Autre intersection,Temps couvert,Deux véhicules - côté,4,2,2,0,2,2,1,5,1,50,,2,1,0,1,0,39.0,64.0,,,1,2,9,8,3
202100042628,2021-04-26 08:25:00,2021,4,26,8,25,34,34079,A75,43.63472,3.447355,Plein jour,Hors agglomération,Hors intersection,Normale,Autre collision,1,3,4,0,1,1,1,0,1,130,,2,0,0,2,0,23.0,,,,1,1,1,1,6
202100042629,2021-04-25 15:05:00,2021,4,25,15,5,62,62473,10 Rue Pierre Loti,50.615128,2.478453,Plein jour,En agglomération,Hors intersection,Normale,Sans collision,4,-1,2,0,1,1,1,0,8,-1,,2,0,0,1,1,51.0,,,,1,2,1,1,7
202100042630,2021-04-26 12:15:00,2021,4,26,12,15,69,69133,TOUR (DE LA) (COT),45.633665261,4.7907040791,Plein jour,Hors agglomération,Hors intersection,Temps couvert,Deux véhicules - frontale,4,2,2,0,2,3,1,0,1,50,,2,1,0,0,1,55.0,50.0,,,1,1,1,8,1
202100042631,2021-04-26 15:40:00,2021,4,26,15,40,83,83057,Dn7,43.381511,6.185668,Plein jour,Hors agglomération,Hors intersection,Normale,Autre collision,3,1,1,0,1,1,1,0,3,80,,1,0,1,0,0,19.0,,,,1,1,1,1,6
202100042632,2021-04-25 19:30:00,2021,4,25,19,30,51,51492,D82,48.540222,3.764749,Nuit sans éclairage public,Hors agglomération,Hors intersection,Normale,Sans collision,3,2,2,0,1,2,1,0,3,80,,1,0,0,1,0,24.0,,,,3,1,1,1,7
202100042633,2021-04-24 02:00:00,2021,4,24,2,0,19,19105,route départementale 921,45.13716,1.6456,Nuit sans éclairage public,Hors agglomération,Autre intersection,Normale,Sans collision,3,2,2,0,3,3,1,0,1,90,,2,1,1,0,0,47.0,,,,3,1,9,1,7
202100042634,2021-04-26 15:00:00,2021,4,26,15,0,31,31150,RN 224,43.658022,1.339892,Plein jour,Hors agglomération,Hors intersection,Pluie forte,Autre collision,2,2,2,0,1,1,2,0,3,80,,1,0,1,0,0,57.0,,,,1,1,1,3,6
202100042635,2021-04-25 19:00:00,2021,4,25,19,0,2B,2B343,"Route Cap Sud, RD 37",42.501703,9.486254,Plein jour,Hors agglomération,Hors intersection,Normale,Autre collision,3,2,2,0,1,1,1,0,3,80,,2,1,1,0,0,22.0,,,,1,1,1,1,6
202100042636,2021-04-25 17:30:00,2021,4,25,17,30,33,33541,D101,45.390268,-1.098976,Plein jour,Hors agglomération,Hors intersection,Normale,Autre collision,3,2,2,0,1,2,1,0,3,80,,1,0,1,0,0,43.0,,,,1,1,1,1,6
202100042637,2021-04-24 19:30:00,2021,4,24,19,30,14,14643,D13,49.181971,-0.764985,Plein jour,Hors agglomération,Hors intersection,Normale,Sans collision,3,2,2,0,1,1,1,0,3,90,,1,0,0,1,0,43.0,,,,1,1,1,1,7
202100042638,2021-04-25 12:00:00,2021,4,25,12,0,05,05056,D944,44.635101,6.136208,Plein jour,Hors agglomération,Hors intersection,Normale,Sans collision,3,2,2,0,2,2,1,0,3,90,,2,1,0,0,1,15.0,,,,1,1,1,1,7
202100042639,2021-04-26 18:45:00,2021,4,26,18,45,50,50403,Chemin des Matelots,49.156829,-1.588554,Plein jour,Hors agglomération,Intersection en X,Normale,Trois véhicules et plus - en chaîne,3,2,2,0,1,1,1,0,1,80,,4,2,0,0,2,51.0,21.0,,,1,1,2,1,4
202100042640,2021-04-25 10:06:00,2021,4,25,10,6,64,64495,D918,43.351295,-1.54948,Plein jour,En agglomération,Giratoire,Temps couvert,Deux véhicules - côté,3,-1,1,0,1,2,1,5,1,50,,2,1,0,1,0,69.0,21.0,,,1,2,6,8,3
202100042641,2021-04-25 17:30:00,2021,4,25,17,30,18,18265,Rue de la Liberte,47.021205,2.967325,Plein jour,En agglomération,Intersection à plus de 4 branches,Normale,Deux véhicules - frontale,3,2,0,0,3,1,1,9,1,50,,2,1,0,1,0,59.0,15.0,,,1,2,5,1,1
202100042642,2021-04-25 16:30:00,2021,4,25,16,30,28,28130,D928 D155,48.518623,1.097775,Plein jour,Hors agglomération,Autre intersection,Normale,Sans collision,3,2,2,0,1,1,1,0,1,80,,2,1,0,1,0,44.0,,,,1,1,9,1,7
202100042643,2021-04-21 11:49:00,2021,4,21,11,49,974,97410,Rond-point des 4 bornes,-21.048871,55.71358,Plein jour,En agglomération,Giratoire,Normale,Deux véhicules - côté,4,1,2,0,1,2,1,5,1,50,,2,1,0,0,1,23.0,16.0,,,1,2,6,1,3
202100042644,2021-04-22 18:30:00,2021,4,22,18,30,987,98715,Rue Nelson Mandela PK 4+300,-17.584522,-149.568578,Nuit avec éclairage allumé,En agglomération,Hors intersection,Normale,Autre collision,2,2,2,0,1,1,9,8,1,40,,2,1,1,0,0,49.0,29.0,,,5,2,1,1,6
202100042645,2021-04-25 06:35:00,2021,4,25,6,35,02,02521,"A4, point kilométrique 068+000",49.039275,3.197622,Crépuscule ou aube,Hors agglomération,Hors intersection,Normale,Autre collision,1,3,4,0,1,2,1,0,3,130,,1,0,0,0,1,29.0,,,,2,1,1,1,6
202100042646,2021-04-25 18:00:00,2021,4,25,18,0,27,27005,A13,49.156047,1.274462,Plein jour,Hors agglomération,Hors intersection,Normale,Autre collision,1,3,5,0,1,1,1,0,1,130,,2,1,0,1,0,44.0,,,,1,1,1,1,6
202100042647,2021-04-25 08:00:00,2021,4,25,8,0,987,98722,PK 32+500 C/Mont,-17.569759,-149.318318,Plein jour,En agglomération,Hors intersection,Normale,Autre collision,2,2,2,0,1,1,1,0,3,40,,1,0,0,1,0,54.0,,,,1,2,1,1,6
202100042648,2021-04-25 13:37:00,2021,4,25,13,37,13,13104,Rond Point du Port,43.331031,5.10662,Plein jour,En agglomération,Giratoire,Normale,Deux véhicules - frontale,7,1,1,0,1,2,1,5,4,30,,1,0,1,0,0,67.0,,,,1,2,6,1,1
202100042649,2021-04-18 18:40:00,2021,4,18,18,40,77,77029,d32,48.649838,2.854874,Plein jour,Hors agglomération,Hors intersection,Normale,Sans collision,3,-1,2,0,1,3,1,0,3,80,,1,0,0,1,0,69.0,,,,1,1,1,1,7
202100042650,2021-04-25 18:20:00,2021,4,25,18,20,91,91661,Route de Villiers,48.695195,2.247026,Plein jour,Hors agglomération,Hors intersection,Normale,Deux véhicules - frontale,3,2,2,0,1,3,1,0,1,50,,5,4,0,0,1,19.0,64.0,,,1,1,1,1,1
202100042651,2021-04-23 15:20:00,2021,4,23,15,20,70,70018,24 Rue des Varennes,47.443962,5.623385,Plein jour,En agglomération,Hors intersection,Normale,Deux véhicules - frontale,3,2,2,0,1,1,1,9,1,50,,2,1,0,1,0,51.0,17.0,,,1,2,1,1,1
202100042652,2021-04-25 20:13:00,2021,4,25,20,13,74,74158,route du pays de la côte,46.248932,6.3324,Plein jour,Hors agglomération,Hors intersection,Normale,Autre collision,3,2,2,0,1,1,1,9,1,70,,2,1,0,1,0,26.0,,,,1,1,1,1,6
202100042653,2021-04-24 19:30:00,2021,4,24,19,30,01,01390,,45.82539,5.247023,Nuit sans éclairage public,Hors agglomération,Hors intersection,Normale,Sans collision,3,2,2,0,1,3,1,0,3,80,,1,0,0,0,1,37.0,,,,3,1,1,1,7
202100042654,2021-04-23 17:15:00,2021,4,23,17,15,13,13019,A51-Sens Aix en Provence vers Marseille,43.42259,5.37195,Plein jour,Hors agglomération,Hors intersection,Normale,Deux véhicules - côté,1,1,3,0,1,1,1,0,1,90,,3,1,0,0,2,81.0,58.0,,,1,1,1,1,3
202100042655,2021-04-24 01:36:00,2021,4,24,1,36,13,13215,A7-Sens Lyon vers Marseille,43.358,5.3626,Nuit sans éclairage public,Hors agglomération,Hors intersection,Normale,Deux véhicules - côté,1,1,3,0,2,1,1,0,1,90,,4,1,0,1,2,33.0,78.0,,,3,1,1,1,3
202100042656,2021-04-24 22:00:00,2021,4,24,22,0,69,69297,A7,45.602635618,4.7972066794,Nuit sans éclairage public,Hors agglomération,Hors intersection,Normale,Deux véhicules - arrière,1,3,6,0,1,1,1,0,1,110,,3,1,0,1,1,33.0,55.0,,,3,1,1,1,2
202100042657,2021-04-23 20:30:00,2021,4,23,20,30,69,69259,LAURENT BONNEVAY (BD),45.719783746,4.8800969124,Crépuscule ou aube,Hors agglomération,Hors intersection,Normale,Trois véhicules et plus - en chaîne,7,3,6,0,1,1,1,0,1,70,,3,2,0,0,1,53.0,45.0,,,2,1,1,1,4
202100042658,2021-04-25 00:50:00,2021,4,25,0,50,42,42218,N88,45.43422,4.42093,Nuit sans éclairage public,Hors agglomération,Hors intersection,Normale,Autre collision,2,3,4,0,2,3,1,0,1,70,,1,0,1,0,0,29.0,,,,3,1,1,1,6
202100042659,2021-04-25 16:25:00,2021,4,25,16,25,57,57498,Autoroute A30,49.33463,6.00105,Plein jour,Hors agglomération,Hors intersection,Normale,Autre collision,1,3,4,0,1,1,1,0,1,110,,1,0,0,0,1,33.0,,,,1,1,1,1,6
202100042660,2021-04-24 20:39:00,2021,4,24,20,39,92,92019,RN 385 INT,48.7610236418,2.2517548115,Plein jour,Hors agglomération,Hors intersection,Normale,Deux véhicules - côté,2,3,2,0,1,1,1,0,1,90,,2,1,0,0,1,35.0,32.0,,,1,1,1,1,3
202100042661,2021-04-25 18:40:00,2021,4,25,18,40,93,93029,AUTOROUTE A86,48.92308,2.42712,Plein jour,Hors agglomération,Hors intersection,Normale,Autre collision,1,3,6,0,1,2,1,1,1,90,,1,0,0,1,0,33.0,,,,1,1,1,1,6
202100042662,2021-04-25 16:30:00,2021,4,25,16,30,93,93027,BDL,48.936346,2.403502,Plein jour,Hors agglomération,Hors intersection,Normale,Autre collision,3,3,4,0,2,3,1,2,1,70,,1,0,0,0,1,28.0,,,,1,1,1,1,6
202100042663,2021-04-25 06:00:00,2021,4,25,6,0,77,77122,RN104,48.6588,2.61262,Crépuscule ou aube,Hors agglomération,Hors intersection,Normale,Autre collision,2,3,3,0,1,2,1,0,1,110,,1,0,0,0,1,20.0,,,,2,1,1,1,6
202100042664,2021-04-24 17:20:00,2021,4,24,17,20,988,98818,VE1 SENS SUD/NORD,-22.26069,166.4444,Plein jour,En agglomération,Giratoire,Normale,Deux véhicules - arrière,1,3,4,0,1,1,1,5,1,50,,3,2,0,0,1,31.0,58.0,,,1,2,6,1,2
202100042665,2021-04-23 18:00:00,2021,4,23,18,0,988,98818,RUE JACQUES IEKAWE/RUE ARMAND OHLEN,-22.24839,166.46377,Nuit sans éclairage public,En agglomération,Intersection en X,Normale,Deux véhicules - côté,4,2,2,0,1,1,1,5,1,50,,3,1,0,0,2,27.0,79.0,,,3,2,2,1,3
202100042666,2021-04-24 18:40:00,2021,4,24,18,40,974,97416,RN03,-21.31879,55.48977,Nuit sans éclairage public,Hors agglomération,Hors intersection,Pluie légère,Deux véhicules - arrière,2,1,2,0,2,1,2,0,1,110,,2,1,0,1,0,35.0,44.0,,,3,1,1,2,2
202100042667,2021-04-24 22:30:00,2021,4,24,22,30,69,69388,LAENNEC (R),45.7381,4.88452,Nuit avec éclairage allumé,En agglomération,Intersection en X,Normale,Deux véhicules - côté,4,2,3,2,2,1,1,0,1,50,,2,1,0,1,0,,19.0,,,5,2,2,1,3
202100042668,2021-04-24 17:50:00,2021,4,24,17,50,69,69199,ANATOLE FRANCE (R),45.7132200236,4.8529411029,Plein jour,En agglomération,Hors intersection,Normale,Deux véhicules - frontale,4,1,1,0,1,2,1,0,1,50,,2,1,0,0,1,29.0,18.0,,,1,2,1,1,1
202100042669,2021-04-24 08:55:00,2021,4,24,8,55,972,97213,ROUTE NATIONALE 1,14.6250845238,-60.9806871414,Plein jour,Hors agglomération,Hors intersection,Normale,Deux véhicules - côté,2,1,2,0,1,1,1,0,1,50,,2,1,0,0,1,44.0,42.0,,,1,1,1,1,3
202100042670,2021-04-24 11:50:00,2021,4,24,11,50,971,97101,STADE,16.26772,-61.51128,Plein jour,Hors agglomération,Hors intersection,Normale,Deux véhicules - frontale,4,1,1,0,2,3,1,0,1,50,,7,0,0,0,7,32.0,32.0,,,1,1,1,1,1
202100042671,2021-04-23 11:10:00,2021,4,23,11,10,971,97120,BD LEGITIMUS,16.2426045133,-61.5362531193,Plein jour,En agglomération,Hors intersection,Normale,Autre collision,4,2,2,0,1,1,1,0,1,50,,2,1,0,0,1,41.0,,,,1,2,1,1,6
202100042672,2021-04-23 09:00:00,2021,4,23,9,0,971,97101,CREPS ANTILLES GUYANE,16.25798,-61.51974,Plein jour,En agglomération,Hors intersection,Normale,Deux véhicules - côté,2,-1,1,0,1,1,1,0,1,50,,2,1,0,0,1,49.0,25.0,,,1,2,1,1,3
202100042673,2021-04-24 13:50:00,2021,4,24,13,50,91,91421,NATIONALE 6 (CES POMPIDOU),48.69252,2.45005,Plein jour,Hors agglomération,Hors intersection,Normale,Sans collision,2,3,4,0,1,3,1,0,8,90,,1,0,0,0,1,54.0,,,,1,1,1,1,7
202100042674,2021-04-24 01:05:00,2021,4,24,1,5,83,83137,JOFFRE (BD MARECHAL),43.12342,5.9481,Nuit avec éclairage allumé,En agglomération,Intersection en X,Normale,Deux véhicules - côté,7,2,2,0,1,1,1,5,1,50,,3,2,0,1,0,35.0,30.0,,,5,2,2,1,3
202100042675,2021-04-24 08:08:00,2021,4,24,8,8,79,79191,Rue du Maréchal Leclerc,46.33915,-0.44644,Plein jour,En agglomération,Intersection en X,Normale,Deux véhicules - arrière,3,2,3,0,2,1,1,0,1,50,,3,2,0,0,1,62.0,30.0,,,1,2,2,1,2
202100042676,2021-04-24 15:30:00,2021,4,24,15,30,78,78551,ROOSEVELT (DU PRESIDENT),48.90215,2.06034,Plein jour,Hors agglomération,Hors intersection,Normale,Deux véhicules - arrière,2,3,4,0,1,1,1,6,1,70,,2,1,0,0,1,26.0,45.0,,,1,1,1,1,2
202100042677,2021-04-24 11:30:00,2021,4,24,11,30,77,77464,RAYMOND POINCARE  (RUE   ),48.88298,2.71451,Plein jour,En agglomération,Hors intersection,Normale,Autre collision,3,2,2,0,1,1,1,0,1,30,,2,1,0,1,0,48.0,,,,1,2,1,1,6
202100042678,2021-04-23 16:25:00,2021,4,23,16,25,74,74012,SAVOIES (RUE DES),46.1846,6.24303,Plein jour,En agglomération,Hors intersection,Normale,Autre collision,4,2,2,0,2,1,1,0,1,50,,2,1,0,1,0,32.0,,,,1,2,1,1,6
202100042679,2021-04-24 23:40:00,2021,4,24,23,40,71,71040,N70,46.69123,4.38113,Nuit sans éclairage public,Hors agglomération,Hors intersection,Normale,Autre collision,2,1,2,0,1,1,1,0,4,50,,1,0,0,1,0,37.0,,,,3,1,1,1,6
202100042680,2021-04-24 18:55:00,2021,4,24,18,55,71,71499,FOUTHIAUX (RUE DES),46.64523,4.30748,Plein jour,Hors agglomération,Hors intersection,Normale,Autre collision,5,-1,1,3,1,1,1,6,6,30,,1,0,0,1,0,27.0,,,,1,1,1,1,6
202100042681,2021-04-24 21:30:00,2021,4,24,21,30,71,71540,Rond-Point du Vieux Saule,46.7674445175,4.4527675088,Nuit sans éclairage public,Hors agglomération,Giratoire,Normale,Autre collision,3,1,2,0,1,3,1,5,3,50,,1,0,0,0,1,33.0,,,,3,1,6,1,6
202100042682,2021-04-24 15:40:00,2021,4,24,15,40,64,64445,RECTEUR JEAN SARRAILH,43.31122,-0.36628,Plein jour,En agglomération,Intersection en T,Normale,Deux véhicules - côté,4,2,3,1,1,1,1,0,1,50,,2,1,0,0,1,56.0,59.0,,,1,2,3,1,3
202100042683,2021-04-23 18:20:00,2021,4,23,18,20,60,60414,Rue de Finsterwalde,49.25314,2.45443,Plein jour,En agglomération,Autre intersection,Normale,Sans collision,4,2,2,0,1,3,1,0,4,50,,1,0,0,1,0,19.0,,,,1,2,9,1,7
202100042684,2021-04-24 22:15:00,2021,4,24,22,15,54,54395,FAUBOURG DES TROIS MAISONS (RUE DU),48.7011791434,6.1768108606,Nuit avec éclairage allumé,En agglomération,Intersection en Y,Normale,Deux véhicules - côté,4,1,2,1,1,1,1,0,1,30,,4,3,0,0,1,22.0,48.0,,,5,2,4,1,3
202100042685,2021-04-24 18:45:00,2021,4,24,18,45,49,49007,RAMON BOULEVARD,47.48567,-0.5333,Plein jour,En agglomération,Intersection en X,Normale,Deux véhicules - côté,3,-1,2,0,1,1,1,0,1,50,,4,2,0,0,2,21.0,58.0,,,1,2,2,1,3
202100042686,2021-04-24 14:30:00,2021,4,24,14,30,47,47031,Avenue de Bigorre,44.176,0.635,Plein jour,En agglomération,Hors intersection,Temps éblouissant,Autre collision,6,-1,-1,0,1,1,1,9,8,50,,2,1,0,0,1,26.0,,,,1,2,1,7,6
202100042687,2021-04-24 15:20:00,2021,4,24,15,20,35,35238,Rue Michel Servet,48.10264,-1.69467,Plein jour,En agglomération,Hors intersection,Normale,Autre collision,4,1,1,0,1,1,1,0,1,50,,2,1,0,0,1,,,,,1,2,1,1,6
202100042688,2021-04-23 19:00:00,2021,4,23,19,0,35,35238,HAUT-SANCE (AVENUE DU),48.09768,-1.63815,Plein jour,En agglomération,Hors intersection,Normale,Deux véhicules - côté,4,2,2,0,2,1,1,1,1,30,,3,2,0,0,1,44.0,21.0,,,1,2,1,1,3
202100042689,2021-04-24 10:30:00,2021,4,24,10,30,17,17291,34 PK RN11 ROCADE NANTES,46.177734,-1.10107,Plein jour,Hors agglomération,Hors intersection,Normale,Sans collision,2,1,1,0,3,1,1,0,3,60,,1,0,0,0,1,54.0,,,,1,1,1,1,7
202100042690,2021-04-24 22:50:00,2021,4,24,22,50,13,13213,JEAN PAUL SARTRE (AVENUE),43.32167,5.41691,Nuit avec éclairage allumé,En agglomération,Hors intersection,Normale,Deux véhicules - arrière,7,1,3,0,1,1,1,0,1,70,,2,1,0,1,0,22.0,,,,5,2,1,1,2
202100042691,2021-04-24 15:00:00,2021,4,24,15,0,13,13208,RABATAU (BOULEVARD),43.2754475967,5.3959525356,Plein jour,En agglomération,Hors intersection,Normale,Deux véhicules - côté,4,2,3,0,1,1,1,0,1,50,,2,1,0,0,1,26.0,58.0,,,1,2,1,1,3
202100042692,2021-04-24 13:20:00,2021,4,24,13,20,13,13205,BAILLE (BOULEVARD),43.289993309,5.3989876015,Plein jour,En agglomération,Hors intersection,Normale,Autre collision,4,2,2,3,1,1,1,0,1,50,,2,1,0,0,1,37.0,,,,1,2,1,1,6
202100042693,2021-04-24 12:10:00,2021,4,24,12,10,07,07281,TASSINI (AVENUE VICTOR),44.94675,4.82967,Plein jour,Hors agglomération,Hors intersection,Normale,Autre collision,3,2,2,0,2,4,1,0,1,80,,1,0,0,0,1,52.0,,,,1,1,1,1,6
202100042694,2021-04-24 17:30:00,2021,4,24,17,30,75,75112,PORTE DOREE,48.834102,2.40929,Nuit avec éclairage allumé,En agglomération,Hors intersection,Normale,Trois véhicules et plus - en chaîne,4,1,4,0,1,1,1,1,1,70,,6,4,0,0,2,,30.0,,,5,2,1,1,4
202100042695,2021-04-23 19:45:00,2021,4,23,19,45,75,75112,ECHANGEUR BERCY,48.828373,2.392073,Plein jour,En agglomération,Intersection en Y,Normale,Deux véhicules - frontale,4,1,2,0,1,1,1,-1,6,50,,2,1,0,0,1,23.0,42.0,,,1,2,4,1,1
202100042696,2021-04-23 18:19:00,2021,4,23,18,19,75,75104,QUAI DE L HOTEL DE VILLE,48.8543645326,2.3549419641,Plein jour,En agglomération,Intersection en X,Normale,Autre collision,4,2,2,0,1,1,1,0,1,50,,3,1,0,1,1,28.0,25.0,,,1,2,2,1,6
202100042697,2021-04-24 13:15:00,2021,4,24,13,15,75,75119,RUE MANIN,48.884735,2.392201,Plein jour,En agglomération,Intersection en Y,Normale,Autre collision,4,2,2,0,1,1,1,0,1,50,,2,1,0,0,1,63.0,,,,1,2,4,1,6
202100042698,2021-04-24 10:20:00,2021,4,24,10,20,75,75116,AVENUE RAYMOND POINCARE,48.8650582427,2.2865349054,Plein jour,En agglomération,Intersection en X,Normale,Deux véhicules - côté,4,2,2,0,1,1,1,0,1,50,,2,1,0,0,1,26.0,46.0,,,1,2,2,1,3
202100042699,2021-04-22 13:10:00,2021,4,22,13,10,75,75116,AVENUE DE L HIPPODROME,48.863642,2.237093,Plein jour,En agglomération,Hors intersection,Normale,Trois véhicules et plus - en chaîne,4,1,1,1,1,3,1,-1,5,50,,3,1,0,0,2,23.0,35.0,,,1,2,1,1,4