accident_id,datetime,annee,mois,jour,heure,minute,departement,commune_insee,adresse,latitude,longitude,luminosite,agglomeration,intersection,meteo,collision,catr,circ,nbv,vosp,prof,plan,surf,infra,situ,vma,nb_vehicules,nb_usagers,nb_indemnes,nb_tues,nb_blesses_hosp,nb_blesses_legers,age_cond_1,age_cond_2,veh_type_cond_1,veh_type_cond_2,lum_code,agg_code,int_code,atm_code,col_code
202100042700,2021-04-22 11:15:00,2021,4,22,11,15,75,75116,PLACE DE LA PORTE MAILLOT,48.8783322045,2.2810739279,Plein jour,En agglomération,Place,Normale,Deux véhicules - côté,4,2,4,0,1,3,1,0,1,30,,2,1,0,0,1,48.0,39.0,,,1,2,7,1,3
202100042701,2021-04-24 15:55:00,2021,4,24,15,55,75,75114,AVENUE DAVID WEILL,48.821316,2.333884,Plein jour,En agglomération,Intersection en T,Normale,Autre collision,4,2,1,0,1,1,1,0,4,30,,2,1,0,0,1,59.0,,,,1,2,3,1,6
202100042702,2021-04-24 13:00:00,2021,4,24,13,0,75,75112,AVENUE DES CANADIENS,48.818987,2.462407,Plein jour,En agglomération,Intersection en T,Normale,Deux véhicules - côté,4,3,3,0,2,1,1,0,1,50,,2,1,0,0,1,30.0,65.0,,,1,2,3,1,3
202100042703,2021-04-24 12:20:00,2021,4,24,12,20,75,75112,AVENUE DE NOGENT   VINCENNES,48.844403,2.4402,Plein jour,En agglomération,Hors intersection,Normale,Deux véhicules - côté,4,2,4,1,1,1,1,-1,5,50,,2,1,0,0,1,50.0,45.0,,,1,2,1,1,3
202100042704,2021-04-24 10:45:00,2021,4,24,10,45,75,75112,ROUTE ROYALE DE BEAUTE,48.834239,2.442464,Plein jour,En agglomération,Hors intersection,Normale,Deux véhicules - côté,4,3,1,1,1,1,1,-1,5,50,,2,1,0,0,1,32.0,43.0,,,1,2,1,1,3
202100042705,2021-04-24 19:00:00,2021,4,24,19,0,75,75111,BOULEVARD VOLTAIRE,48.8528225019,2.3884873746,Plein jour,En agglomération,Intersection en Y,Normale,Deux véhicules - côté,4,2,2,1,1,1,1,-1,5,50,,2,1,0,0,1,40.0,25.0,,,1,2,4,1,3
202100042706,2021-04-24 15:55:00,2021,4,24,15,55,75,75107,BOULEVARD RASPAIL,48.852399,2.326569,Plein jour,En agglomération,Intersection en T,Normale,Deux véhicules - côté,4,3,1,0,1,1,1,0,1,50,,2,1,0,0,1,38.0,31.0,,,1,2,3,1,3
202100042707,2021-04-24 16:26:00,2021,4,24,16,26,75,75101,BOULEVARD DU PALAIS,48.855407,2.345958,Plein jour,En agglomération,Intersection en T,Normale,Deux véhicules - arrière,4,2,4,0,1,1,1,0,1,50,,3,2,0,0,1,61.0,30.0,,,1,2,3,1,2
202100042708,2021-04-24 15:45:00,2021,4,24,15,45,75,75101,RUE DE ROHAN,48.863164,2.335533,Plein jour,En agglomération,Intersection à plus de 4 branches,Normale,Deux véhicules - arrière,4,-1,0,0,1,3,1,0,1,50,,2,1,0,0,1,22.0,37.0,,,1,2,5,1,2
202100042709,2021-04-24 19:15:00,2021,4,24,19,15,94,94046,Rue Marc Sangnier,48.806066,2.449976,Plein jour,En agglomération,Hors intersection,Normale,Autre collision,4,2,2,0,1,1,1,0,4,50,,2,0,0,0,2,21.0,,,,1,2,1,1,6
202100042710,2021-04-24 17:45:00,2021,4,24,17,45,94,94034,PASTEUR (BD),48.75751,2.3163,Plein jour,En agglomération,Hors intersection,Normale,Autre collision,3,3,2,0,1,1,1,0,1,30,,2,1,0,0,1,59.0,,,,1,2,1,1,6
202100042711,2021-04-24 18:45:00,2021,4,24,18,45,94,94054,Avenue de la Victoire,48.74476,2.39837,Plein jour,En agglomération,Hors intersection,Normale,Autre collision,3,2,2,0,1,1,1,0,1,50,,3,0,0,0,3,21.0,,,,1,2,1,1,6
202100042712,2021-04-24 20:00:00,2021,4,24,20,0,94,94059,Avenue Georges Foureau,48.812882,2.569828,Plein jour,En agglomération,Hors intersection,Normale,Autre collision,4,2,2,0,1,1,1,0,1,50,,1,0,0,1,0,21.0,,,,1,2,1,1,6
202100042713,2021-04-24 20:05:00,2021,4,24,20,5,93,93066,GENERAL JOINVILLE,48.93549,2.3679,Plein jour,En agglomération,Giratoire,Normale,Autre collision,4,2,1,0,1,3,1,9,1,50,,2,1,0,0,1,39.0,,,,1,2,6,1,6
202100042714,2021-04-24 17:30:00,2021,4,24,17,30,93,93064,RAVEL (RUE MAURICE),48.8836085844,2.4834144115,Plein jour,En agglomération,Hors intersection,Normale,Deux véhicules - arrière,4,2,1,0,1,1,1,0,1,50,,2,1,0,0,1,21.0,,,,1,2,1,1,2
202100042715,2021-04-24 14:00:00,2021,4,24,14,0,93,93077,ROSNY (AVENUE DE),48.88514,2.50462,Plein jour,En agglomération,Hors intersection,Normale,Trois véhicules et plus - en chaîne,4,2,4,0,1,1,1,0,1,50,,4,3,0,0,1,61.0,33.0,,,1,2,1,1,4
202100042716,2021-04-23 18:30:00,2021,4,23,18,30,93,93061,JOINEAU ANDRE RUE,48.88389,2.40343,Plein jour,En agglomération,Intersection en T,Normale,Autre collision,4,2,2,0,1,1,1,0,1,30,,2,1,0,0,1,46.0,,,,1,2,3,1,6
202100042717,2021-04-23 17:55:00,2021,4,23,17,55,93,93006,Rue Louise Michel,48.87583,2.43186,Plein jour,En agglomération,Hors intersection,Normale,Autre collision,4,2,2,0,1,1,1,0,1,50,,2,1,0,1,0,40.0,,,,1,2,1,1,6
202100042718,2021-04-24 14:40:00,2021,4,24,14,40,93,93010,FRANCE (AV. ANATOLE) DE 58 A 72,48.8913087248,2.496508956,Plein jour,En agglomération,Hors intersection,Normale,Autre collision,3,-1,2,0,1,1,1,2,1,50,,2,1,0,0,1,58.0,,,,1,2,1,1,6
202100042719,2021-04-24 18:55:00,2021,4,24,18,55,92,92046,Charles de gaulle,48.82135,2.29724,Plein jour,En agglomération,Hors intersection,Normale,Deux véhicules - arrière,3,2,2,0,1,1,1,0,1,50,,3,2,0,1,0,26.0,30.0,,,1,2,1,1,2
202100042720,2021-04-24 15:00:00,2021,4,24,15,0,92,92075,PAIX (AVENUE DE LA),48.8162591739,2.2756022215,Plein jour,En agglomération,Autre intersection,Normale,Deux véhicules - côté,3,2,2,0,2,1,1,0,1,30,,3,2,0,0,1,93.0,73.0,,,1,2,9,1,3
202100042721,2021-04-24 01:30:00,2021,4,24,1,30,92,92051,"CHARLES DE GAULLE (AVENUE, N°27 A 129)",48.8822563079,2.2680974007,Nuit avec éclairage allumé,En agglomération,Hors intersection,Normale,Autre collision,2,1,2,1,1,1,1,0,1,50,,1,0,0,0,1,24.0,,,,5,2,1,1,6
202100042722,2021-04-23 23:45:00,2021,4,23,23,45,92,92024,CLICHY (QUAI DE) DE (8 A 60),48.9048043014,2.2924974561,Nuit avec éclairage allumé,En agglomération,Hors intersection,Normale,Autre collision,3,1,1,1,1,1,1,0,5,50,,1,0,0,0,1,40.0,,,,5,2,1,1,6
202100042723,2021-04-23 18:35:00,2021,4,23,18,35,92,92071,QUATRES CHEMINS (AVENUE DES),48.77908,2.2802,Plein jour,En agglomération,Intersection en X,Normale,Deux véhicules - côté,3,2,4,0,2,1,1,5,1,30,,2,1,0,0,1,31.0,30.0,,,1,2,2,1,3
202100042724,2021-04-24 17:20:00,2021,4,24,17,20,92,92004,AULAGNIER ( QUAI ),48.9138573932,2.3101891525,Plein jour,En agglomération,Intersection en T,Normale,Deux véhicules - arrière,3,2,0,0,1,1,1,0,1,70,,3,2,0,0,1,42.0,47.0,,,1,2,3,1,2
202100042725,2021-04-23 18:20:00,2021,4,23,18,20,92,92014,MARECHAL JOFFRE (BD DU) (43 A 97 - 58 A,48.7813191825,2.3142260313,Plein jour,En agglomération,Hors intersection,Normale,Autre collision,3,1,2,0,4,1,1,0,1,50,,2,1,0,0,1,32.0,,,,1,2,1,1,6
202100042726,2021-04-23 21:50:00,2021,4,23,21,50,973,97353,Rue Emmanuel Tolinga,3.6443787778,-54.0339052778,Nuit avec éclairage allumé,En agglomération,Hors intersection,Normale,Deux véhicules - côté,4,2,2,0,1,1,1,0,1,50,,4,2,0,0,2,20.0,,,,5,2,1,1,3
202100042727,2021-04-25 18:20:00,2021,4,25,18,20,33,33102,,44.5861,-0.094966,Plein jour,Hors agglomération,Hors intersection,Normale,Autre collision,3,2,2,0,2,3,1,0,3,80,,1,0,1,0,0,29.0,,,,1,1,1,1,6
202100042728,2021-04-24 16:55:00,2021,4,24,16,55,18,18258,Route Départementale 54,47.363261,2.827413,Plein jour,Hors agglomération,Hors intersection,Normale,Sans collision,3,2,2,0,3,2,1,0,3,80,,3,2,0,1,0,19.0,,,,1,1,1,1,7
202100042729,2021-04-24 12:01:00,2021,4,24,12,1,01,01353,D936,45.983216,4.790125,Plein jour,Hors agglomération,Hors intersection,Normale,Deux véhicules - arrière,3,2,2,0,1,2,1,0,1,50,,2,1,0,1,0,64.0,61.0,,,1,1,1,1,2
202100042730,2021-04-24 17:55:00,2021,4,24,17,55,67,67162,D67,48.769881,7.482569,Plein jour,Hors agglomération,Hors intersection,Normale,Autre collision,3,2,2,0,2,1,1,2,3,80,,1,0,1,0,0,46.0,,,,1,1,1,1,6
202100042731,2021-04-24 19:50:00,2021,4,24,19,50,17,17472,RD 9 PK 11,46.236452,-1.077476,Plein jour,Hors agglomération,Hors intersection,Normale,Sans collision,3,2,2,0,1,3,1,0,3,80,,1,0,0,1,0,30.0,,,,1,1,1,1,7
202100042732,2021-04-23 17:30:00,2021,4,23,17,30,62,62668,Rue de Laires,50.506061,2.258276,Plein jour,En agglomération,Intersection en X,Normale,Deux véhicules - frontale,3,2,2,0,1,1,1,0,1,50,,5,3,0,0,2,55.0,45.0,,,1,2,2,1,1
202100042733,2021-04-25 17:30:00,2021,4,25,17,30,57,57024,D52,49.198364,6.265984,Plein jour,Hors agglomération,Hors intersection,Normale,Deux véhicules - frontale,3,2,2,0,1,1,1,0,1,80,,2,0,0,1,1,55.0,69.0,,,1,1,1,1,1
202100042734,2021-04-23 18:00:00,2021,4,23,18,0,74,74256,107 rue pasteur,45.937258,6.628318,Plein jour,En agglomération,Hors intersection,Normale,Deux véhicules - frontale,4,1,1,0,1,1,1,0,1,50,,2,1,0,1,0,41.0,14.0,,,1,2,1,1,1
202100042735,2021-04-25 16:36:00,2021,4,25,16,36,74,74225,Route départementale 910,45.881636,5.935256,Plein jour,Hors agglomération,Hors intersection,Normale,Deux véhicules - côté,3,2,2,0,1,3,1,0,1,80,,2,1,0,1,0,55.0,32.0,,,1,1,1,1,3
202100042736,2021-04-24 16:10:00,2021,4,24,16,10,76,76622,Route du Petit Long,49.476459,0.604181,Plein jour,Hors agglomération,Hors intersection,Normale,Autre collision,9,2,1,0,1,1,1,0,1,80,,5,4,0,1,0,21.0,24.0,,,1,1,1,1,6
202100042737,2021-04-24 14:20:00,2021,4,24,14,20,79,79209,1 Bournizeau,46.877187,-0.283903,Plein jour,Hors agglomération,Hors intersection,Normale,Sans collision,4,2,2,0,1,1,1,0,3,80,,2,0,0,0,2,20.0,,,,1,1,1,1,7
202100042738,2021-04-25 17:19:00,2021,4,25,17,19,80,80070,D31,50.076794,2.3647,Plein jour,Hors agglomération,Hors intersection,Normale,Autre collision,3,2,2,0,1,1,1,0,8,80,,1,0,0,1,0,21.0,,,,1,1,1,1,6
202100042739,2021-04-25 16:30:00,2021,4,25,16,30,69,69066,CHAUFFAILLES (DE) (R),46.105509,4.327884,Plein jour,En agglomération,Intersection en T,Normale,Deux véhicules - côté,3,2,2,0,2,3,1,0,1,50,,3,2,0,1,0,17.0,80.0,,,1,2,3,1,3
202100042740,2021-04-24 16:40:00,2021,4,24,16,40,81,81288,Rue Lacordaire,43.452681,2.066835,Plein jour,En agglomération,Hors intersection,Normale,Autre collision,4,1,1,0,1,1,1,0,4,50,,2,1,0,0,1,49.0,,,,1,2,1,1,6
202100042741,2021-04-25 03:00:00,2021,4,25,3,0,81,81128,D30,43.651618,2.376373,Nuit sans éclairage public,Hors agglomération,Hors intersection,Normale,Autre collision,3,2,2,0,1,3,1,0,3,80,,4,0,0,1,3,24.0,,,,3,1,1,1,6
202100042742,2021-04-25 17:30:00,2021,4,25,17,30,11,11103,D613,42.940049,2.270318,Plein jour,Hors agglomération,Hors intersection,Normale,Sans collision,3,2,2,0,1,2,1,0,8,80,,1,0,1,0,0,38.0,,,,1,1,1,1,7
202100042743,2021-04-25 14:05:00,2021,4,25,14,5,63,63338,lieu chatelus,46.163492,2.846178,Plein jour,Hors agglomération,Hors intersection,Normale,Deux véhicules - frontale,4,2,2,0,2,4,1,0,1,80,,2,1,0,1,0,56.0,43.0,,,1,1,1,1,1
202100042744,2021-04-24 17:35:00,2021,4,24,17,35,49,49307,D347,47.474715,-0.340528,Plein jour,Hors agglomération,Giratoire,Normale,Deux véhicules - arrière,3,2,2,0,1,2,1,5,1,90,,3,2,0,0,1,18.0,24.0,,,1,1,6,1,2
202100042745,2021-04-24 18:15:00,2021,4,24,18,15,12,12101,Route de Saint Jacques - Agnac,44.570986,2.278097,Plein jour,Hors agglomération,Hors intersection,Normale,Autre collision,3,2,2,0,1,1,1,0,1,80,,2,1,0,0,1,23.0,,,,1,1,1,1,6
202100042746,2021-04-24 16:10:00,2021,4,24,16,10,25,25160,La Corchere,47.030523,6.53841,Plein jour,Hors agglomération,Hors intersection,Temps éblouissant,Autre collision,3,2,2,0,1,3,1,0,1,80,,1,0,0,1,0,28.0,,,,1,1,1,7,6
202100042747,2021-04-24 17:30:00,2021,4,24,17,30,25,25519,Chemin de Bief,47.318755,6.810733,Plein jour,En agglomération,Hors intersection,Normale,Sans collision,4,2,2,0,1,1,1,0,1,50,,1,0,0,1,0,46.0,,,,1,2,1,1,7
202100042748,2021-04-24 12:00:00,2021,4,24,12,0,25,25186,D14,47.31401,5.942101,Plein jour,Hors agglomération,Intersection en X,Normale,Deux véhicules - côté,3,2,2,0,1,1,1,0,1,80,,3,1,0,2,0,79.0,61.0,,,1,1,2,1,3
202100042749,2021-04-25 11:30:00,2021,4,25,11,30,29,29281,Lieu Dit La Croix Rouge,48.054343,-3.807331,Plein jour,Hors agglomération,Intersection en X,Normale,Deux véhicules - frontale,3,2,2,0,2,1,1,5,1,80,,2,1,1,0,0,54.0,65.0,,,1,1,2,1,1
202100042750,2021-04-18 16:30:00,2021,4,18,16,30,38,38408,Route du Stade,45.581661,4.999589,Plein jour,En agglomération,Hors intersection,Normale,Sans collision,4,2,2,0,1,1,1,0,1,50,,1,0,0,1,0,15.0,,,,1,2,1,1,7
202100042751,2021-04-24 21:30:00,2021,4,24,21,30,38,38499,D529 LE CREY,44.940775,5.765172,Nuit avec éclairage allumé,Hors agglomération,Hors intersection,Normale,Deux véhicules - frontale,3,2,2,0,1,1,1,0,4,80,,1,0,0,0,1,48.0,,,,5,1,1,1,1
202100042752,2021-04-25 15:30:00,2021,4,25,15,30,03,03105,Route des Charpes,46.220261,3.719419,Plein jour,Hors agglomération,Hors intersection,Normale,Autre collision,4,-1,2,0,2,2,1,0,3,90,,1,0,0,1,0,28.0,,,,1,1,1,1,6
202100042753,2021-04-24 19:00:00,2021,4,24,19,0,03,03158,Rouelon,46.485339,2.655462,Nuit sans éclairage public,Hors agglomération,Hors intersection,Normale,Sans collision,3,2,2,0,2,2,1,0,3,90,,1,0,0,1,0,52.0,,,,3,1,1,1,7
202100042754,2021-04-23 19:25:00,2021,4,23,19,25,72,72168,La fosse,48.00333,-0.153422,Crépuscule ou aube,En agglomération,Autre intersection,Temps éblouissant,Deux véhicules - côté,3,2,2,0,1,1,1,0,1,90,,2,1,0,0,1,59.0,17.0,,,2,2,9,7,3
202100042755,2021-04-24 15:36:00,2021,4,24,15,36,06,06150,50 Route de Beausoleil,43.749535,7.409299,Plein jour,En agglomération,Hors intersection,Normale,Autre collision,3,2,2,0,2,1,1,0,1,50,,2,0,0,0,2,44.0,,,,1,2,1,1,6
202100042756,2021-04-24 13:55:00,2021,4,24,13,55,60,60564,"Rd 90, PK 09.590",49.573822,2.462311,Plein jour,Hors agglomération,Hors intersection,Normale,Sans collision,3,2,2,0,1,1,1,0,3,80,,1,0,0,0,1,21.0,,,,1,1,1,1,7
202100042757,2021-04-25 10:50:00,2021,4,25,10,50,60,60601,569 Rue de la Paix,49.267173,2.389317,Plein jour,En agglomération,Hors intersection,Normale,Autre collision,4,2,2,0,2,1,1,0,1,50,,1,0,0,0,1,16.0,,,,1,2,1,1,6
202100042758,2021-04-23 11:15:00,2021,4,23,11,15,45,45120,D45-PR 17 + 300,47.627927,2.872338,Plein jour,Hors agglomération,Hors intersection,Normale,Deux véhicules - côté,3,2,2,0,1,2,1,0,1,80,,3,2,0,1,0,72.0,42.0,,,1,1,1,1,3
202100042759,2021-04-25 08:30:00,2021,4,25,8,30,64,64010,Route de Camou,43.339467,-1.02194,Plein jour,En agglomération,Hors intersection,Temps couvert,Sans collision,3,2,2,0,1,1,2,0,3,50,,1,0,0,1,0,21.0,,,,1,2,1,8,7
202100042760,2021-04-25 06:40:00,2021,4,25,6,40,64,64273,route départementale 8,43.2554749207,-1.2514154613,Crépuscule ou aube,Hors agglomération,Hors intersection,Normale,Autre collision,3,2,2,0,1,1,1,0,1,80,,3,1,0,1,1,23.0,,,,2,1,1,1,6
202100042761,2021-04-25 16:17:00,2021,4,25,16,17,73,73059,D991 Bd Gaston Mollex,45.72849,5.881909,Plein jour,En agglomération,Hors intersection,Temps éblouissant,Autre collision,3,2,2,0,1,2,1,0,1,50,,2,0,1,1,0,46.0,,,,1,2,1,7,6
202100042762,2021-03-27 09:00:00,2021,3,27,9,0,85,85093,Les Cerisiers,46.693159,-1.216071,Plein jour,Hors agglomération,Hors intersection,Normale,Autre collision,3,2,2,0,2,3,2,0,3,80,,1,0,0,1,0,21.0,,,,1,1,1,1,6
202100042763,2021-04-24 15:20:00,2021,4,24,15,20,28,28300,2020,48.1660851261,1.9162137492,Plein jour,Hors agglomération,Intersection en T,Normale,Deux véhicules - côté,3,3,2,0,1,1,1,0,1,80,,4,3,0,1,0,27.0,34.0,,,1,1,3,1,3
202100042764,2021-04-23 16:31:00,2021,4,23,16,31,45,45332,A77-PR 43 + 600,47.862543,2.693764,Plein jour,Hors agglomération,Hors intersection,Normale,Autre collision,1,3,4,0,1,3,1,0,3,130,,2,0,0,0,2,72.0,,,,1,1,1,1,6
202100042765,2021-04-24 19:10:00,2021,4,24,19,10,13,13080,D561,43.669276,5.43938,Crépuscule ou aube,Hors agglomération,Intersection en T,Normale,Deux véhicules - côté,7,2,2,0,1,1,1,0,1,80,,4,1,0,1,2,37.0,31.0,,,2,1,3,1,3
202100042766,2021-04-24 20:10:00,2021,4,24,20,10,95,95353,RN 1,49.0845523599,2.3134918031,Crépuscule ou aube,En agglomération,Hors intersection,Normale,Autre collision,2,1,2,0,1,1,1,0,1,70,,2,1,0,1,0,35.0,,,,2,2,1,1,6
202100042767,2021-04-25 02:00:00,2021,4,25,2,0,13,13112,Avenue Jean Pallet,43.52201,5.237153,Nuit sans éclairage public,Hors agglomération,Hors intersection,Normale,Sans collision,7,2,2,0,1,1,1,0,3,80,,3,0,0,1,2,18.0,,,,3,1,1,1,7
202100042768,2021-04-24 15:57:00,2021,4,24,15,57,72,72278,autoroute A.81,48.016798,-0.308132,Plein jour,Hors agglomération,Hors intersection,Normale,Autre collision,1,1,2,0,1,1,1,0,2,130,,1,0,1,0,0,71.0,,,,1,1,1,1,6
202100042769,2021-04-24 15:25:00,2021,4,24,15,25,69,69043,Vieille Route,45.717784,4.773656,Plein jour,Hors agglomération,Hors intersection,Normale,Deux véhicules - côté,4,2,2,0,2,3,1,0,1,-1,,3,1,0,1,1,46.0,26.0,,,1,1,1,1,3
202100042770,2021-04-25 07:50:00,2021,4,25,7,50,95,95371,Rue du Colonel Fabien,49.080416,2.499138,Plein jour,En agglomération,Hors intersection,Normale,Deux véhicules - arrière,4,2,2,0,2,1,1,0,1,50,,2,1,0,0,1,,25.0,,,1,2,1,1,2
202100042771,2021-04-24 01:50:00,2021,4,24,1,50,988,98821,Route de LA TAMOA,-22.0685892197,166.2770588994,Nuit sans éclairage public,Hors agglomération,Intersection en T,Normale,Deux véhicules - frontale,2,2,2,0,1,1,1,0,1,90,,4,1,0,3,0,47.0,21.0,,,3,1,3,1,1
202100042772,2021-03-24 10:30:00,2021,3,24,10,30,977,97701,"rt82, grand cul de sac",17.906957,-62.800652,Plein jour,En agglomération,Hors intersection,Normale,Deux véhicules - côté,4,2,2,0,1,3,1,0,1,50,,2,1,0,1,0,26.0,23.0,,,1,2,1,1,3
202100042773,2021-04-24 18:00:00,2021,4,24,18,0,91,91132,N20,48.511139,2.202166,Plein jour,Hors agglomération,Hors intersection,Normale,Sans collision,3,3,4,0,2,1,1,0,1,90,,1,0,1,0,0,43.0,,,,1,1,1,1,7
202100042774,2021-04-25 14:45:00,2021,4,25,14,45,91,91179,Rue de Milly,48.566277,2.481406,Plein jour,En agglomération,Intersection en X,Normale,Deux véhicules - frontale,3,2,2,0,1,1,1,0,1,50,,2,1,0,1,0,30.0,60.0,,,1,2,2,1,1
202100042775,2021-04-23 21:25:00,2021,4,23,21,25,78,78113,D130,49.025298,1.818506,Nuit sans éclairage public,Hors agglomération,Hors intersection,Normale,Sans collision,3,2,2,0,2,3,1,0,3,80,,1,0,0,1,0,60.0,,,,3,1,1,1,7
202100042776,2021-04-24 16:30:00,2021,4,24,16,30,2A,2A247,Rue General de Boissoudy,41.6117371007,9.2962999881,Plein jour,Hors agglomération,Hors intersection,Normale,Sans collision,3,-1,2,0,3,2,1,0,4,50,,1,0,0,0,1,14.0,,,,1,1,1,1,7
202100042777,2021-04-24 17:00:00,2021,4,24,17,0,34,34238,départementale 1,43.8496626804,3.6503362656,Plein jour,Hors agglomération,Hors intersection,Normale,Autre collision,3,2,2,0,2,1,1,0,1,-1,,3,0,0,0,3,40.0,,,,1,1,1,1,6
202100042778,2021-04-24 18:45:00,2021,4,24,18,45,83,83077,D554,43.295855,5.982844,Plein jour,Hors agglomération,Hors intersection,Normale,Deux véhicules - frontale,3,2,2,0,1,1,1,0,1,80,,2,0,0,1,1,25.0,57.0,,,1,1,1,1,1
202100042779,2021-04-24 16:40:00,2021,4,24,16,40,13,13042,D8n,43.267925,5.648518,Plein jour,Hors agglomération,Hors intersection,Normale,Deux véhicules - frontale,7,2,2,0,1,1,1,0,1,80,,2,0,2,0,0,56.0,63.0,,,1,1,1,1,1
202100042780,2021-04-25 13:10:00,2021,4,25,13,10,88,88321,D166,48.350631,5.715916,Plein jour,Hors agglomération,Hors intersection,Normale,Sans collision,3,2,2,0,2,2,1,0,3,90,,1,0,0,1,0,23.0,,,,1,1,1,1,7
202100042781,2021-04-25 11:40:00,2021,4,25,11,40,03,03201,D7,46.098144,3.652182,Plein jour,Hors agglomération,Hors intersection,Normale,Autre collision,3,2,2,0,1,1,1,0,8,90,,1,0,0,1,0,42.0,,,,1,1,1,1,6
202100042782,2021-04-24 13:00:00,2021,4,24,13,0,26,26331,700 Route du Pont de Manne,45.058725,5.280529,Plein jour,Hors agglomération,Hors intersection,Normale,Autre collision,3,2,2,0,4,1,1,0,3,80,,2,0,0,2,0,24.0,,,,1,1,1,1,6
202100042783,2021-04-24 16:00:00,2021,4,24,16,0,01,01313,Route Bellevue,46.259772,6.080803,Plein jour,En agglomération,Intersection en X,Normale,Deux véhicules - côté,4,2,2,0,1,1,1,0,1,30,,2,1,0,0,1,33.0,52.0,,,1,2,2,1,3
202100042784,2021-04-24 00:20:00,2021,4,24,0,20,79,79116,,46.834802,-0.295086,Nuit sans éclairage public,Hors agglomération,Hors intersection,Normale,Sans collision,3,2,2,0,1,1,1,0,3,80,,1,0,0,1,0,28.0,,,,3,1,1,1,7
202100042785,2021-04-25 16:55:00,2021,4,25,16,55,33,33220,D2,45.096663,-0.725827,Plein jour,En agglomération,Hors intersection,Normale,Autre collision,3,2,2,0,1,2,1,0,3,50,,1,0,1,0,0,26.0,,,,1,2,1,1,6
202100042786,2021-04-17 18:30:00,2021,4,17,18,30,33,33279,,44.493283,-0.255582,Plein jour,Hors agglomération,Hors intersection,Normale,Autre collision,3,2,2,0,1,1,1,0,1,80,,1,0,0,1,0,16.0,,,,1,1,1,1,6
202100042787,2021-04-20 16:00:00,2021,4,20,16,0,14,14530,D223,49.238224,-0.265903,Plein jour,Hors agglomération,Hors intersection,Normale,Autre collision,3,2,2,0,2,3,1,0,1,80,,1,0,0,0,1,33.0,,,,1,1,1,1,6
202100042788,2021-04-24 20:40:00,2021,4,24,20,40,35,35185,Voie communale C4,48.204008,-1.146001,Crépuscule ou aube,En agglomération,Hors intersection,Normale,Autre collision,4,2,2,0,3,2,1,0,3,50,,1,0,0,1,0,48.0,,,,2,2,1,1,6
202100042789,2021-04-24 15:25:00,2021,4,24,15,25,60,60022,Rue de Saint-maximin,49.22205,2.501353,Plein jour,Hors agglomération,Hors intersection,Normale,Sans collision,4,2,2,0,1,1,1,0,1,80,,1,0,0,0,1,56.0,,,,1,1,1,1,7
202100042790,2021-04-25 18:10:00,2021,4,25,18,10,60,60640,Route des Épis,49.221528,1.945513,Plein jour,Hors agglomération,Hors intersection,Normale,Sans collision,4,-1,2,0,1,1,1,0,1,-1,,1,0,0,1,0,32.0,,,,1,1,1,1,7
202100042791,2021-04-24 14:50:00,2021,4,24,14,50,62,62089,departementale d237,50.829871,1.655571,Plein jour,Hors agglomération,Hors intersection,Normale,Deux véhicules - arrière,3,2,2,0,1,1,1,0,1,80,,2,1,0,1,0,50.0,22.0,,,1,1,1,1,2
202100042792,2021-04-23 19:20:00,2021,4,23,19,20,13,13005,A501-Sens Aubagne vers Pont de l'Etoile,43.30348,5.57035,Plein jour,Hors agglomération,Hors intersection,Normale,Autre collision,1,3,2,0,1,1,1,0,1,90,,1,0,0,0,1,23.0,,,,1,1,1,1,6
202100042793,2021-04-24 11:15:00,2021,4,24,11,15,91,91521,RN 449,48.63585,2.40103,Plein jour,Hors agglomération,Hors intersection,Normale,Autre collision,2,3,8,0,1,2,1,2,2,50,,2,0,0,0,2,35.0,,,,1,1,1,1,6
202100042794,2021-04-24 08:00:00,2021,4,24,8,0,91,91340,AUTOROUTE A6,48.60739,2.43548,Plein jour,Hors agglomération,Hors intersection,Normale,Deux véhicules - frontale,1,3,7,0,1,1,1,0,1,110,,3,0,0,0,3,34.0,34.0,,,1,1,1,1,1
202100042795,2021-04-23 20:05:00,2021,4,23,20,5,91,91286,AUTOROUTE A6,48.65684,2.37778,Plein jour,Hors agglomération,Hors intersection,Normale,Autre collision,1,3,3,0,1,1,1,0,2,130,,1,0,0,0,1,64.0,,,,1,1,1,1,6
202100042796,2021-04-24 17:10:00,2021,4,24,17,10,93,93073,AUTOROUTE A104,48.96651,2.55938,Plein jour,Hors agglomération,Hors intersection,Normale,Deux véhicules - arrière,1,3,4,0,1,1,1,0,1,110,,4,2,0,0,2,26.0,40.0,,,1,1,1,1,2
202100042797,2021-04-24 13:30:00,2021,4,24,13,30,95,95678,RN 184,49.07172,2.22391,Plein jour,Hors agglomération,Hors intersection,Normale,Autre collision,2,3,4,0,2,3,1,0,1,90,,1,0,0,0,1,45.0,,,,1,1,1,1,6
202100042798,2021-04-24 03:20:00,2021,4,24,3,20,92,92036,AUTOROUTE A15,48.94714,2.28169,Nuit sans éclairage public,Hors agglomération,Hors intersection,Normale,Deux véhicules - arrière,1,3,8,0,1,2,1,2,1,90,,2,1,0,0,1,30.0,26.0,,,3,1,1,1,2