accident_id,datetime,annee,mois,jour,heure,minute,departement,commune_insee,adresse,latitude,longitude,luminosite,agglomeration,intersection,meteo,collision,catr,circ,nbv,vosp,prof,plan,surf,infra,situ,vma,nb_vehicules,nb_usagers,nb_indemnes,nb_tues,nb_blesses_hosp,nb_blesses_legers,age_cond_1,age_cond_2,veh_type_cond_1,veh_type_cond_2,lum_code,agg_code,int_code,atm_code,col_code
202100042799,2021-04-23 10:15:00,2021,4,23,10,15,93,93066,AUTOROUTE A86,48.92278,2.34504,Plein jour,Hors agglomération,Hors intersection,Normale,Trois véhicules et plus - en chaîne,1,3,8,0,1,1,1,0,1,90,,4,2,0,0,2,28.0,42.0,,,1,1,1,1,4
202100042800,2021-04-23 06:28:00,2021,4,23,6,28,976,97611,m'tsapere-Nationale 2 (route),-12.7929,45.22013,Plein jour,En agglomération,Hors intersection,Normale,Deux véhicules - arrière,2,2,0,0,1,1,1,0,1,50,,3,1,0,0,2,65.0,54.0,,,1,2,1,1,2
202100042801,2021-04-23 20:35:00,2021,4,23,20,35,974,97416,RN3 (3),-21.3157537462,55.4908393101,Nuit sans éclairage public,Hors agglomération,Autre intersection,Temps couvert,Sans collision,2,3,2,0,2,1,1,0,8,110,,1,0,0,0,1,33.0,,,,3,1,9,8,7
202100042802,2021-04-23 19:35:00,2021,4,23,19,35,974,97411,WAGNER (AVENUE RICHARD),-20.8978,55.4838,Nuit sans éclairage public,En agglomération,Autre intersection,Normale,Deux véhicules - côté,4,2,1,0,1,1,1,0,1,30,,2,1,0,0,1,,,,,3,2,9,1,3
202100042803,2021-04-23 16:00:00,2021,4,23,16,0,974,97411,JAURES (BLD 1 JEAN),-20.89941,55.47934,Plein jour,En agglomération,Hors intersection,Normale,Deux véhicules - côté,2,2,4,1,1,1,1,0,1,70,,2,1,0,0,1,36.0,28.0,,,1,2,1,1,3
202100042804,2021-04-23 16:52:00,2021,4,23,16,52,973,97302,BADUEL (ROUTE DE),4.9288986486,-52.2998392582,Plein jour,En agglomération,Hors intersection,Pluie légère,Sans collision,3,2,2,0,1,1,2,0,1,50,,1,0,0,0,1,51.0,,,,1,2,1,2,7
202100042805,2021-04-23 12:50:00,2021,4,23,12,50,973,97302,SOURCE DE BADUEL (CHEMIN DE LA),4.9321681429,-52.3093684259,Plein jour,En agglomération,Intersection en X,Normale,Deux véhicules - côté,4,2,1,0,1,1,1,0,1,50,,2,1,0,1,0,32.0,58.0,,,1,2,2,1,3
202100042806,2021-04-23 10:05:00,2021,4,23,10,5,973,97302,TECLE (EUGENE) CITE THEMIRE,4.9356377722,-52.3201859486,Plein jour,En agglomération,Hors intersection,Normale,Deux véhicules - côté,4,2,1,0,1,1,1,0,1,50,,3,1,0,1,1,28.0,36.0,,,1,2,1,1,3
202100042807,2021-04-23 19:00:00,2021,4,23,19,0,69,69199,DEUX FERMES (DES) (R),45.69209,4.85323,Plein jour,En agglomération,Hors intersection,Normale,Autre collision,4,-1,0,0,2,1,9,6,8,1,,1,0,0,0,1,20.0,,,,1,2,1,1,6
202100042808,2021-04-23 19:30:00,2021,4,23,19,30,69,69199,YVES FARGES (BD),45.6886594149,4.8616433144,Plein jour,En agglomération,Intersection en X,Temps éblouissant,Deux véhicules - côté,7,2,2,0,1,1,1,0,1,50,,2,1,0,0,1,41.0,40.0,,,1,2,2,7,3
202100042809,2021-04-23 17:15:00,2021,4,23,17,15,69,69386,VITTON (CR),45.770097443,4.8596745729,Plein jour,En agglomération,Intersection en X,Normale,Deux véhicules - frontale,4,2,4,1,1,1,1,0,1,50,,2,1,0,0,1,25.0,30.0,,,1,2,2,1,1
202100042810,2021-04-23 15:00:00,2021,4,23,15,0,972,97213,ROUTE DEPARTEMENTALE 3,14.5998013653,-60.9973686934,Plein jour,En agglomération,Hors intersection,Normale,Deux véhicules - côté,3,2,2,0,2,1,1,0,1,50,,2,1,0,0,1,32.0,61.0,,,1,2,1,1,3
202100042811,2021-04-23 21:35:00,2021,4,23,21,35,69,69381,JEAN MOULIN (Q),45.7662381329,4.8383536935,Nuit avec éclairage allumé,En agglomération,Intersection en X,Normale,Deux véhicules - côté,4,2,3,0,1,1,1,0,1,50,,2,1,0,0,1,29.0,25.0,,,5,2,2,1,3
202100042812,2021-04-22 12:25:00,2021,4,22,12,25,69,69034,CAPITAINE FERBER (DU) (R),45.79002,4.82684,Plein jour,En agglomération,Intersection en T,Normale,Deux véhicules - frontale,4,1,1,0,1,4,1,0,1,50,,2,1,0,0,1,19.0,28.0,,,1,2,3,1,1
202100042813,2021-04-19 20:00:00,2021,4,19,20,0,69,69034,PIERRE BRUNIER (R),45.78645,4.82989,Plein jour,En agglomération,Intersection en X,Normale,Deux véhicules - côté,4,2,2,0,1,1,1,0,1,50,,2,1,0,0,1,21.0,37.0,,,1,2,2,1,3
202100042814,2021-04-22 08:40:00,2021,4,22,8,40,971,97113,RN4 - SECTION RIVIERA,16.21773,-61.49067,Plein jour,Hors agglomération,Hors intersection,Normale,Deux véhicules - arrière,2,2,2,0,1,1,1,0,1,70,,2,0,0,1,1,57.0,28.0,,,1,1,1,1,2
202100042815,2021-04-22 17:05:00,2021,4,22,17,5,91,91347,RTE DE MONTLHERY,48.63483,2.288038,Plein jour,En agglomération,Hors intersection,Normale,Sans collision,3,3,2,0,1,2,1,0,1,50,,1,0,0,0,1,50.0,,,,1,2,1,1,7
202100042816,2021-04-15 05:55:00,2021,4,15,5,55,91,91216,GAL DE GAULLE (COURS),48.673027,2.327581,Nuit avec éclairage allumé,En agglomération,Intersection en T,Normale,Autre collision,3,-1,0,0,2,1,1,0,1,50,,2,1,0,0,1,51.0,,,,5,2,3,1,6
202100042817,2021-04-23 17:40:00,2021,4,23,17,40,91,91345,BD DU DOC CATHELIN,48.68851,2.28868,Plein jour,En agglomération,Hors intersection,Normale,Autre collision,4,-1,0,0,1,1,1,6,4,10,,2,1,0,0,1,6.0,,,,1,2,1,1,6
202100042818,2021-04-23 21:25:00,2021,4,23,21,25,91,91027,AV FRANCOIS MITTERRAND,48.70238,2.37169,Crépuscule ou aube,En agglomération,Hors intersection,Normale,Deux véhicules - côté,3,-1,4,0,1,1,1,0,1,50,,2,1,0,0,1,27.0,41.0,,,2,2,1,1,3
202100042819,2021-04-22 18:25:00,2021,4,22,18,25,90,90032,ESPERANCE (RUE DE L'),47.6192615027,6.86843276,Plein jour,En agglomération,Passage à niveau,Normale,Autre collision,9,-1,1,0,1,1,1,4,6,60,,2,1,0,1,0,46.0,,,,1,2,8,1,6
202100042820,2021-02-17 14:05:00,2021,2,17,14,5,88,88160,,48.132448,6.435033,Plein jour,Hors agglomération,Hors intersection,Normale,Sans collision,3,2,2,0,1,2,1,0,3,50,,1,0,1,0,0,76.0,,,,1,1,1,1,7
202100042821,2021-04-22 20:17:00,2021,4,22,20,17,87,87085,MANET (ALLEE EDOUARD),45.85501,1.27257,Plein jour,En agglomération,Hors intersection,Normale,Autre collision,4,1,1,0,1,2,1,0,1,30,,2,1,0,0,1,,,,,1,2,1,1,6
202100042822,2021-04-23 11:50:00,2021,4,23,11,50,85,85191,D160,46.6907,-1.371,Plein jour,Hors agglomération,Hors intersection,Normale,Deux véhicules - côté,3,2,2,0,1,1,1,0,1,80,,2,1,0,1,0,36.0,35.0,,,1,1,1,1,3
202100042823,2021-04-23 09:15:00,2021,4,23,9,15,82,82121,CLADEL (RUE LEON),44.02247,1.35865,Plein jour,En agglomération,Hors intersection,Normale,Deux véhicules - côté,4,2,2,0,1,1,1,0,1,50,,2,1,0,1,0,56.0,71.0,,,1,2,1,1,3
202100042824,2021-04-21 17:05:00,2021,4,21,17,5,80,80021,FAIDHERBE (BOULEVARD),49.89488,2.28749,Plein jour,En agglomération,Hors intersection,Normale,Deux véhicules - frontale,4,1,1,0,1,1,1,0,1,30,,2,1,0,0,1,50.0,19.0,,,1,2,1,1,1
202100042825,2021-04-19 17:34:00,2021,4,19,17,34,80,80021,LOUIS BLANC (AVENUE),49.90003,2.27382,Plein jour,En agglomération,Hors intersection,Normale,Autre collision,4,2,2,0,1,1,1,0,1,50,,2,1,0,1,0,74.0,,,,1,2,1,1,6
202100042826,2021-04-22 14:20:00,2021,4,22,14,20,78,78322,LIBERATION (RUE DE LA),48.76367,2.16674,Plein jour,En agglomération,Intersection en X,Normale,Deux véhicules - côté,3,-1,2,0,2,1,1,5,1,50,,2,1,0,0,1,37.0,51.0,,,1,2,2,1,3
202100042827,2021-04-23 16:30:00,2021,4,23,16,30,78,78133,VIEUX CHEMIN DE MANTES,48.905738,2.050132,Plein jour,En agglomération,Hors intersection,Normale,Deux véhicules - arrière,3,1,2,0,1,1,1,0,1,50,,2,1,0,1,0,43.0,28.0,,,1,2,1,1,2
202100042828,2021-04-23 18:53:00,2021,4,23,18,53,76,76497,CHURCHILL. RUE WINSTON,49.38712,1.02144,Plein jour,En agglomération,Intersection en X,Normale,Deux véhicules - côté,4,2,2,0,1,1,1,-1,2,50,,2,1,0,0,1,32.0,25.0,,,1,2,2,1,3
202100042829,2021-04-23 08:10:00,2021,4,23,8,10,76,76540,RUE NANSEN,49.447552,1.060252,Plein jour,En agglomération,Intersection en X,Normale,Deux véhicules - côté,2,3,-1,-1,1,1,1,0,1,-1,,2,1,0,1,0,45.0,29.0,,,1,2,2,1,3
202100042830,2021-04-23 02:10:00,2021,4,23,2,10,76,76322,RAVEL. BOULEVARD MAURICE,49.40558,1.04371,Nuit avec éclairage allumé,En agglomération,Hors intersection,Normale,Autre collision,4,2,2,0,1,1,1,4,4,50,,1,0,0,0,1,17.0,,,,5,2,1,1,6
202100042831,2021-04-22 21:15:00,2021,4,22,21,15,76,76157,BOULET. RUE GASTON,49.45401,1.0494,Nuit sans éclairage public,En agglomération,Intersection en T,Normale,Sans collision,4,2,2,0,1,3,1,0,4,50,,1,0,1,0,0,55.0,,,,3,2,3,1,7
202100042832,2021-04-22 10:45:00,2021,4,22,10,45,76,76305,PREMIER MAI,49.50545,0.23557,Plein jour,En agglomération,Hors intersection,Normale,Sans collision,6,-1,-1,0,1,1,1,0,4,50,,1,0,0,1,0,22.0,,,,1,2,1,1,7
202100042833,2021-04-22 19:50:00,2021,4,22,19,50,74,74133,ZONE (ROUTE DE),46.1783,6.21413,Plein jour,Hors agglomération,Hors intersection,Normale,Sans collision,3,2,2,0,1,1,1,0,1,80,,2,1,0,0,1,,,,,1,1,1,1,7
202100042834,2021-04-23 20:15:00,2021,4,23,20,15,72,72181,FLEURUS (RUE DE) N° IMP,47.99658,0.19565,Plein jour,En agglomération,Hors intersection,Normale,Deux véhicules - côté,4,1,1,0,2,1,1,0,1,50,,2,1,0,0,1,22.0,27.0,,,1,2,1,1,3
202100042835,2021-04-23 18:20:00,2021,4,23,18,20,71,71306,SAINT GENGOUX (RUE DE),46.6711570587,4.3767573386,Plein jour,En agglomération,Intersection en X,Normale,Deux véhicules - côté,4,2,2,0,3,1,1,0,1,50,,2,1,0,0,1,60.0,37.0,,,1,2,2,1,3
202100042836,2021-04-22 08:28:00,2021,4,22,8,28,71,71153,63 Rue des Abattoirs,46.7888,4.44626,Plein jour,En agglomération,Hors intersection,Normale,Deux véhicules - frontale,4,3,3,0,2,1,1,0,1,50,,2,0,0,0,2,68.0,50.0,,,1,2,1,1,1
202100042837,2021-04-23 18:20:00,2021,4,23,18,20,69,69266,BOURGCHANIN (R),45.7671968944,4.9024813641,Plein jour,En agglomération,Intersection en T,Normale,Deux véhicules - côté,4,2,2,0,2,1,1,0,1,50,,2,1,0,0,1,25.0,41.0,,,1,2,3,1,3
202100042838,2021-04-04 10:50:00,2021,4,4,10,50,68,68297,CHAMPS ( RUE DES ),47.571201,7.556195,Plein jour,En agglomération,Intersection en X,Normale,Deux véhicules - côté,4,2,2,0,1,1,1,0,1,50,,2,1,0,0,1,58.0,45.0,,,1,2,2,1,3
202100042839,2021-04-17 16:25:00,2021,4,17,16,25,68,68066,MULHOUSE (RUE DE),48.07232,7.34251,Plein jour,En agglomération,Hors intersection,Normale,Autre collision,4,2,2,0,1,1,1,0,1,30,,2,1,0,0,1,65.0,,,,1,2,1,1,6
202100042840,2021-04-14 14:50:00,2021,4,14,14,50,68,68066,CHAMP DE MARS (BLD DU),48.0761,7.35488,Plein jour,En agglomération,Hors intersection,Normale,Autre collision,4,1,2,0,1,1,1,0,1,30,,4,2,0,1,1,16.0,,,,1,2,1,1,6
202100042841,2021-04-23 12:50:00,2021,4,23,12,50,67,67482,PETIT RHIN (ROUTE DU),48.57405,7.78473,Plein jour,En agglomération,Passage à niveau,Normale,Deux véhicules - côté,4,2,2,1,1,1,1,4,6,50,,2,1,0,0,1,53.0,56.0,,,1,2,8,1,3
202100042842,2021-04-20 16:00:00,2021,4,20,16,0,67,67482,COLMAR (AVENUE DE),48.54897,7.74127,Plein jour,En agglomération,Passage à niveau,Normale,Deux véhicules - frontale,4,3,8,3,1,1,1,4,1,50,,2,1,0,0,1,54.0,40.0,,,1,2,8,1,1
202100042843,2021-04-20 14:33:00,2021,4,20,14,33,67,67482,PIERRE CORNEILLE (AVENUE),48.591991,7.698361,Plein jour,En agglomération,Passage à niveau,Normale,Deux véhicules - frontale,4,2,4,3,1,3,1,4,1,50,,2,1,0,0,1,55.0,,,,1,2,8,1,1
202100042844,2021-04-23 12:22:00,2021,4,23,12,22,66,66136,KENNEDY (BD JOHN-FITZGERALD),42.68677,2.9065,Plein jour,En agglomération,Hors intersection,Normale,Autre collision,4,3,4,0,1,1,1,0,1,50,,2,1,0,0,1,57.0,,,,1,2,1,1,6
202100042845,2021-04-22 19:05:00,2021,4,22,19,5,66,66136,JOFFRE (AVENUE DU MARECHAL CD 88),42.70712,2.89157,Plein jour,En agglomération,Hors intersection,Normale,Autre collision,4,2,3,0,1,1,1,0,1,50,,2,1,0,0,1,53.0,,,,1,2,1,1,6
202100042846,2021-04-22 18:35:00,2021,4,22,18,35,66,66136,GAULLE (AVENUE GENERAL DE),42.6965,2.88069,Plein jour,En agglomération,Hors intersection,Normale,Autre collision,4,2,0,2,1,1,1,0,1,50,,2,1,0,0,1,,44.0,,,1,2,1,1,6
202100042847,2021-04-22 15:00:00,2021,4,22,15,0,66,66136,GUYNEMER (AVENUE GEORGES),42.68925,2.90638,Plein jour,En agglomération,Hors intersection,Normale,Deux véhicules - côté,4,2,0,0,1,1,1,0,1,50,,2,1,0,0,1,29.0,24.0,,,1,2,1,1,3
202100042848,2021-04-23 10:47:00,2021,4,23,10,47,65,65440,LARCHER (RUE JEAN),43.235724,0.074812,Plein jour,En agglomération,Hors intersection,Normale,Autre collision,4,2,2,0,1,1,1,0,1,50,,1,0,0,0,1,83.0,,,,1,2,1,1,6
202100042849,2021-04-23 09:45:00,2021,4,23,9,45,64,64545,RD810,43.3747,-1.67917,Plein jour,En agglomération,Hors intersection,Normale,Deux véhicules - côté,3,2,5,1,1,1,1,0,5,50,,2,1,0,0,1,67.0,69.0,,,1,2,1,1,3
202100042850,2021-04-23 18:45:00,2021,4,23,18,45,64,64348,SANTONA DE,43.32281,-0.39954,Plein jour,En agglomération,Giratoire,Normale,Deux véhicules - côté,4,-1,1,0,1,1,1,9,1,70,,2,1,0,1,0,39.0,31.0,,,1,2,6,1,3
202100042851,2021-04-23 16:20:00,2021,4,23,16,20,64,64445,TOURASSE,43.30844,-0.34024,Plein jour,En agglomération,Intersection en T,Normale,Deux véhicules - côté,4,2,2,1,1,1,1,0,1,50,,2,1,0,1,0,79.0,,,,1,2,3,1,3
202100042852,2021-04-22 17:20:00,2021,4,22,17,20,64,64445,PASTEUR,43.30191,-0.37109,Plein jour,En agglomération,Intersection en X,Normale,Deux véhicules - côté,4,2,2,0,1,1,1,0,1,30,,3,0,0,0,3,32.0,49.0,,,1,2,2,1,3
202100042853,2021-04-23 12:30:00,2021,4,23,12,30,64,64122,LA NEGRESSE (CARREFOUR DE LA),43.46028,-1.54792,Plein jour,En agglomération,Giratoire,Normale,Deux véhicules - côté,4,1,2,0,2,2,1,5,1,50,,2,1,0,1,0,65.0,73.0,,,1,2,6,1,3
202100042854,2021-04-23 17:10:00,2021,4,23,17,10,62,62774,R.D.940,50.93044,1.72136,Plein jour,Hors agglomération,Hors intersection,Normale,Deux véhicules - côté,3,2,2,0,2,1,1,0,1,80,,2,1,0,1,0,33.0,21.0,,,1,1,1,1,3
202100042855,2021-04-23 14:40:00,2021,4,23,14,40,62,62193,ROYALE,50.957369,1.849501,Plein jour,En agglomération,Hors intersection,Normale,Deux véhicules - frontale,4,1,1,1,1,1,1,0,1,30,,3,2,0,0,1,22.0,53.0,,,1,2,1,1,1
202100042856,2021-04-23 13:50:00,2021,4,23,13,50,62,62178,LIBERATION ( AVENUE ),50.493581,2.571756,Plein jour,En agglomération,Hors intersection,Normale,Deux véhicules - côté,3,-1,2,0,1,1,1,0,1,50,,2,1,0,1,0,81.0,30.0,,,1,2,1,1,3
202100042857,2021-04-23 16:42:00,2021,4,23,16,42,61,61001,PREMIER CHASSEUR (BOULEVARD DU),48.437659,0.08705,Plein jour,En agglomération,Hors intersection,Normale,Deux véhicules - arrière,3,2,2,0,1,1,1,0,1,50,,7,5,0,0,2,35.0,16.0,,,1,2,1,1,2
202100042858,2021-04-23 19:30:00,2021,4,23,19,30,60,60463,allée de la Tuilerie,49.27995,2.46214,Plein jour,En agglomération,Hors intersection,Normale,Autre collision,4,2,2,0,2,1,1,0,4,50,,1,0,0,1,0,26.0,,,,1,2,1,1,6
202100042859,2021-04-23 18:25:00,2021,4,23,18,25,60,60159,Rue de Clermont,49.419725488,2.8208234309,Plein jour,En agglomération,Hors intersection,Normale,Autre collision,4,2,2,0,1,1,1,0,1,50,,2,1,0,0,1,21.0,,,,1,2,1,1,6
202100042860,2021-04-23 20:15:00,2021,4,23,20,15,59,59350,ESPLANADE FACADE,50.6411172908,3.0535662174,Plein jour,En agglomération,Intersection en T,Normale,Deux véhicules - frontale,4,3,4,0,1,1,1,5,1,50,,2,1,0,0,1,25.0,29.0,,,1,2,3,1,1
202100042861,2021-04-22 15:55:00,2021,4,22,15,55,59,59636,QUESNOY RUE DE,50.69406,3.04927,Plein jour,Hors agglomération,Hors intersection,Normale,Deux véhicules - frontale,7,2,2,1,1,1,1,0,1,50,,3,2,0,0,1,35.0,20.0,,,1,1,1,1,1
202100042862,2021-04-18 17:50:00,2021,4,18,17,50,59,59350,LAMBRET OSCAR AVENUE,50.6154070711,3.0349968902,Plein jour,En agglomération,Autre intersection,Normale,Sans collision,4,2,4,2,1,2,1,6,4,50,,2,1,0,1,0,24.0,,,,1,2,9,1,7
202100042863,2021-04-19 18:45:00,2021,4,19,18,45,59,59378,LISFRANC-CROISE LAROCHE PLACE,50.6664273291,3.1032950431,Plein jour,En agglomération,Intersection en X,Normale,Deux véhicules - côté,4,2,6,0,1,1,1,0,1,50,,2,1,0,0,1,36.0,21.0,,,1,2,2,1,3
202100042864,2021-04-16 18:32:00,2021,4,16,18,32,57,57283,CROIZAT (RUE AMBROISE),49.24824,6.16705,Plein jour,En agglomération,Intersection en X,Normale,Trois véhicules et plus - collisions multiples,4,2,2,0,1,1,1,0,1,30,,4,1,0,0,3,19.0,53.0,,,1,2,2,1,5
202100042865,2021-04-23 17:05:00,2021,4,23,17,5,56,56260,Rue du Vincin,47.65592,-2.79175,Plein jour,En agglomération,Giratoire,Normale,Deux véhicules - arrière,4,1,1,0,1,3,1,5,1,50,,3,2,0,0,1,24.0,28.0,,,1,2,6,1,2
202100042866,2021-04-22 20:23:00,2021,4,22,20,23,56,56083,VAILLANT ( AV. EDOUARD ),47.82381,-3.24941,Plein jour,En agglomération,Hors intersection,Normale,Autre collision,4,2,2,0,1,1,1,0,1,30,,2,0,0,0,2,21.0,,,,1,2,1,1,6
202100042867,2021-04-22 19:25:00,2021,4,22,19,25,56,56098,DE GAULLE ( AV. GENERAL ),47.76253,-3.33304,Plein jour,En agglomération,Intersection en T,Normale,Deux véhicules - côté,4,2,2,0,1,1,1,0,1,50,,4,2,0,2,0,63.0,17.0,,,1,2,3,1,3
202100042868,2021-04-23 12:55:00,2021,4,23,12,55,54,54304,SAPINIERE (RUE DE LA),48.6932930765,6.1280972511,Plein jour,En agglomération,Intersection en X,Normale,Deux véhicules - côté,4,2,3,0,1,1,1,0,1,50,,2,1,0,0,1,67.0,49.0,,,1,2,2,1,3
202100042869,2021-04-23 12:32:00,2021,4,23,12,32,51,51454,Rue André Chaillot,49.2878680619,4.0241630699,Plein jour,En agglomération,Giratoire,Normale,Sans collision,4,1,1,0,1,1,1,0,1,50,,2,1,0,0,1,20.0,,,,1,2,6,1,7
202100042870,2021-04-23 11:30:00,2021,4,23,11,30,49,49099,TROIS PROVINCES (AVENUE DES ),47.05979,-0.92529,Plein jour,Hors agglomération,Intersection en T,Normale,Deux véhicules - côté,3,2,3,0,1,1,1,3,1,70,,2,1,0,1,0,18.0,50.0,,,1,1,3,1,3
202100042871,2021-04-23 18:31:00,2021,4,23,18,31,49,49007,GRAND MONTREJEAU,47.4650745715,-0.5197714779,Plein jour,En agglomération,Hors intersection,Normale,Sans collision,4,2,2,0,1,1,1,0,1,50,,1,0,0,0,1,40.0,,,,1,2,1,1,7
202100042872,2021-04-23 13:22:00,2021,4,23,13,22,49,49015,MENDES FRANCE AVENUE PIERRE,47.49937,-0.58298,Plein jour,En agglomération,Giratoire,Normale,Deux véhicules - côté,4,-1,2,0,1,1,1,0,1,50,,3,1,0,0,2,56.0,16.0,,,1,2,6,1,3
202100042873,2021-04-23 18:40:00,2021,4,23,18,40,42,42095,Rue de la Tour de Varan,45.39102,4.28232,Plein jour,En agglomération,Hors intersection,Normale,Trois véhicules et plus - collisions multiples,7,2,2,0,1,1,9,0,1,50,,3,2,0,0,1,20.0,31.0,,,1,2,1,1,5
202100042874,2021-04-23 18:50:00,2021,4,23,18,50,38,38151,Rue de l’Atlas,45.15,5.7,Plein jour,En agglomération,Hors intersection,Normale,Autre collision,4,2,4,3,1,1,1,9,6,50,,3,1,0,1,1,19.0,,,,1,2,1,1,6
202100042875,2021-04-22 19:47:00,2021,4,22,19,47,37,37261,MIRABEAU (PONT),47.3999004088,0.7005307674,Plein jour,En agglomération,Hors intersection,Normale,Sans collision,4,2,4,3,1,1,1,0,1,50,,1,0,0,0,1,28.0,,,,1,2,1,1,7
202100042876,2021-04-22 14:11:00,2021,4,22,14,11,37,37233,GRANDS MORTIERS (RUE DES),47.3822766904,0.730595112,Plein jour,En agglomération,Intersection en X,Normale,Autre collision,4,2,2,0,1,1,1,0,1,50,,2,1,0,0,1,59.0,69.0,,,1,2,2,1,6
202100042877,2021-04-21 14:45:00,2021,4,21,14,45,37,37261,BASSEE (RUE DE LA),47.4232327411,0.6816372872,Plein jour,En agglomération,Hors intersection,Temps éblouissant,Autre collision,4,2,2,0,1,1,1,0,1,50,,3,2,0,0,1,20.0,,,,1,2,1,7,6
202100042878,2021-04-22 09:00:00,2021,4,22,9,0,37,37208,CARNOT (QUAI SADI),47.3677630603,0.7229089737,Plein jour,En agglomération,Intersection en T,Normale,Autre collision,4,2,2,0,1,1,1,0,1,50,,4,2,0,0,2,48.0,60.0,,,1,2,3,1,6
202100042879,2021-04-21 10:50:00,2021,4,21,10,50,37,37261,CHURCHILL (BOULEVARD WINSTON),47.3737,0.679,Plein jour,En agglomération,Giratoire,Normale,Autre collision,4,3,4,1,1,1,1,5,1,50,,2,1,0,0,1,32.0,53.0,,,1,2,6,1,6
202100042880,2021-04-21 15:40:00,2021,4,21,15,40,33,33281,Avenue de l’Argonne,44.8259,-0.68121,Plein jour,En agglomération,Hors intersection,Normale,Trois véhicules et plus - en chaîne,4,-1,2,0,1,1,1,0,1,70,,5,4,0,0,1,70.0,57.0,,,1,2,1,1,4
202100042881,2021-04-23 16:51:00,2021,4,23,16,51,33,33009,Allée des Arbousiers,44.64577,-1.19932,Plein jour,En agglomération,Hors intersection,Normale,Autre collision,6,-1,-1,0,1,1,1,0,1,30,,2,1,0,0,1,,,,,1,2,1,1,6
202100042882,2021-04-23 10:00:00,2021,4,23,10,0,31,31149,NASQUE (CHEMIN DE LA),43.59776,1.32172,Plein jour,En agglomération,Intersection en X,Normale,Deux véhicules - côté,4,2,2,0,1,1,1,0,1,50,,2,1,0,1,0,45.0,26.0,,,1,2,2,1,3
202100042883,2021-04-23 09:30:00,2021,4,23,9,30,29,29019,Rue de l’Elorn,48.38576,-4.47525,Plein jour,En agglomération,Giratoire,Normale,Deux véhicules - côté,4,-1,2,0,1,2,1,5,1,50,,2,1,0,0,1,53.0,50.0,,,1,2,6,1,3
202100042884,2021-04-20 10:55:00,2021,4,20,10,55,27,27681,MENDES FRANCE (AVENUE PIERRE),49.08996,1.4834,Plein jour,En agglomération,Intersection en T,Normale,Deux véhicules - côté,4,2,3,1,2,1,1,0,1,50,,2,1,0,0,1,32.0,29.0,,,1,2,3,1,3
202100042885,2021-03-17 14:17:00,2021,3,17,14,17,27,27562,HERMAND (RUE GEORGES),49.09585,1.43728,Plein jour,Hors agglomération,Hors intersection,Normale,Deux véhicules - frontale,4,2,2,0,2,3,1,0,1,50,,6,3,0,0,3,50.0,21.0,,,1,1,1,1,1
202100042886,2021-04-23 15:15:00,2021,4,23,15,15,27,27375,PARIS (CHAUSSEE DE),49.207116,1.187219,Plein jour,En agglomération,Intersection en T,Normale,Deux véhicules - côté,3,2,2,0,2,1,1,0,1,50,,2,1,0,1,0,33.0,36.0,,,1,2,3,1,3
202100042887,2021-04-22 18:33:00,2021,4,22,18,33,25,25056,MARCHAUX ROUTE DE,47.264553,6.053231,Plein jour,En agglomération,Intersection en T,Normale,Deux véhicules - arrière,3,-1,2,0,1,1,1,0,1,50,,3,2,0,0,1,53.0,53.0,,,1,2,3,1,2
202100042888,2021-04-21 17:20:00,2021,4,21,17,20,19,19272,Mulatet (Lieu dit),45.2407303224,1.7384417669,Plein jour,En agglomération,Hors intersection,Normale,Sans collision,4,2,2,0,2,3,1,0,8,50,,1,0,0,1,0,34.0,,,,1,2,1,1,7
202100042889,2021-04-23 23:05:00,2021,4,23,23,5,13,13208,MONTREDON (AVENUE DE),43.2401,5.3669,Nuit avec éclairage allumé,En agglomération,Hors intersection,Normale,Deux véhicules - côté,4,1,2,0,1,2,1,0,1,30,,2,1,0,0,1,,21.0,,,5,2,1,1,3
202100042890,2021-04-23 21:30:00,2021,4,23,21,30,13,13206,ITALIE (RUE D'),43.288845,5.382927,Nuit avec éclairage allumé,En agglomération,Intersection en X,Normale,Deux véhicules - côté,4,1,1,0,1,1,1,0,1,50,,2,1,0,1,0,26.0,18.0,,,5,2,2,1,3
202100042891,2021-04-23 20:21:00,2021,4,23,20,21,13,13208,PRADO (AVENUE DU),43.26392,5.37799,Crépuscule ou aube,En agglomération,Hors intersection,Normale,Sans collision,4,2,6,0,1,1,1,0,1,50,,1,0,0,0,1,34.0,,,,2,2,1,1,7
202100042892,2021-04-23 12:30:00,2021,4,23,12,30,13,13212,GAVOTY (BOULEVARD),43.31094,5.41415,Plein jour,En agglomération,Hors intersection,Normale,Deux véhicules - côté,4,-1,1,0,1,1,1,0,1,50,,2,1,0,0,1,,65.0,,,1,2,1,1,3
202100042893,2021-04-23 23:20:00,2021,4,23,23,20,13,13063,CHATAIGNIERS RUE DES,43.582741,5.01558,Nuit avec éclairage allumé,En agglomération,Intersection en T,Normale,Autre collision,4,2,1,0,1,1,1,0,1,30,,2,0,0,0,2,19.0,,,,5,2,3,1,6
202100042894,2021-04-22 18:10:00,2021,4,22,18,10,11,11069,GOUT HENRI -AV. N° IMPAIRS A PARTIR DU N,43.21083,2.34275,Plein jour,En agglomération,Hors intersection,Normale,Sans collision,3,2,2,0,1,1,1,0,1,50,,1,0,0,0,1,18.0,,,,1,2,1,1,7
202100042895,2021-04-23 16:10:00,2021,4,23,16,10,10,10081,JEAN MOULIN (RUE),48.3083,4.03534,Plein jour,En agglomération,Intersection en T,Normale,Deux véhicules - côté,4,-1,2,0,1,1,1,0,1,30,,2,1,0,0,1,10.0,45.0,,,1,2,3,1,3