accident_id,datetime,annee,mois,jour,heure,minute,departement,commune_insee,adresse,latitude,longitude,luminosite,agglomeration,intersection,meteo,collision,catr,circ,nbv,vosp,prof,plan,surf,infra,situ,vma,nb_vehicules,nb_usagers,nb_indemnes,nb_tues,nb_blesses_hosp,nb_blesses_legers,age_cond_1,age_cond_2,veh_type_cond_1,veh_type_cond_2,lum_code,agg_code,int_code,atm_code,col_code
202100042896,2021-04-23 16:15:00,2021,4,23,16,15,10,10333,ROCADE OUEST (RD 610),48.28501,4.04001,Plein jour,En agglomération,Hors intersection,Normale,Trois véhicules et plus - collisions multiples,3,3,4,0,1,1,1,0,1,110,,3,2,0,1,0,34.0,43.0,,,1,2,1,1,5
202100042897,2021-04-23 10:37:00,2021,4,23,10,37,10,10362,CHANTELOUP (CD),48.29558,4.04367,Plein jour,En agglomération,Hors intersection,Normale,Deux véhicules - côté,4,2,2,0,1,1,1,0,1,50,,2,1,0,0,1,46.0,77.0,,,1,2,1,1,3
202100042898,2021-04-22 18:40:00,2021,4,22,18,40,08,08480,A34,49.73696,4.75034,Plein jour,Hors agglomération,Hors intersection,Normale,Autre collision,1,1,1,0,1,1,1,3,6,70,,2,1,0,1,0,26.0,,,,1,1,1,1,6
202100042899,2021-04-23 17:15:00,2021,4,23,17,15,07,07281,,44.934735,4.817376,Plein jour,Hors agglomération,Hors intersection,Normale,Sans collision,3,2,2,0,2,1,1,0,1,80,,1,0,0,0,1,70.0,,,,1,1,1,1,7
202100042900,2021-04-23 12:17:00,2021,4,23,12,17,06,06088,MADELEINE (BD DE LA),43.709931,7.228522,Plein jour,En agglomération,Autre intersection,Normale,Deux véhicules - côté,4,1,0,0,1,1,1,0,1,50,,2,1,0,0,1,45.0,76.0,,,1,2,9,1,3
202100042901,2021-04-22 17:24:00,2021,4,22,17,24,05,05061,NEFFES ( ROUTE DE ),44.52231,6.03713,Plein jour,Hors agglomération,Hors intersection,Normale,Sans collision,3,2,2,0,1,3,1,0,1,80,,1,0,1,0,0,41.0,,,,1,1,1,1,7
202100042902,2021-04-23 18:20:00,2021,4,23,18,20,75,75118,PORTE DE CLIGNANCOURT,48.9008708152,2.3559290171,Plein jour,En agglomération,Intersection en Y,Normale,Deux véhicules - arrière,4,1,4,0,1,1,1,0,1,70,,2,1,0,1,0,22.0,47.0,,,1,2,4,1,2
202100042903,2021-04-23 15:45:00,2021,4,23,15,45,75,75118,PORTE DE SAINT OUEN,48.900819,2.333069,Plein jour,En agglomération,Hors intersection,Normale,Trois véhicules et plus - collisions multiples,4,1,4,0,1,1,1,0,1,70,,3,2,0,0,1,26.0,31.0,,,1,2,1,1,5
202100042904,2021-04-22 16:55:00,2021,4,22,16,55,75,75113,PORTE D ITALIE,48.817738,2.367338,Plein jour,En agglomération,Hors intersection,Normale,Deux véhicules - arrière,4,1,4,0,1,1,1,0,1,70,,2,1,0,0,1,58.0,28.0,,,1,2,1,1,2
202100042905,2021-04-22 20:06:00,2021,4,22,20,6,75,75119,RUE DE CRIMEE,48.882995,2.385554,Plein jour,En agglomération,Intersection en X,Normale,Autre collision,4,2,2,3,1,1,1,0,1,50,,2,0,0,1,1,21.0,,,,1,2,2,1,6
202100042906,2021-04-22 13:10:00,2021,4,22,13,10,75,75112,AVENUE DU POLYGONE,48.836629,2.431537,Plein jour,En agglomération,Hors intersection,Normale,Autre collision,4,2,2,0,1,1,1,0,1,50,,3,2,0,1,0,21.0,,,,1,2,1,1,6
202100042907,2021-04-23 09:40:00,2021,4,23,9,40,75,75105,RUE JUSSIEU,48.846858,2.354044,Plein jour,En agglomération,Hors intersection,Normale,Deux véhicules - arrière,4,2,1,0,2,1,1,0,1,50,,2,1,0,0,1,54.0,26.0,,,1,2,1,1,2
202100042908,2021-04-22 00:10:00,2021,4,22,0,10,75,75106,RUE DE VAUGIRARD,48.846975,2.326645,Nuit avec éclairage allumé,En agglomération,Intersection à plus de 4 branches,Normale,Autre collision,4,3,1,1,1,1,1,0,1,30,,2,1,0,0,1,,,,,5,2,5,1,6
202100042909,2021-04-23 14:00:00,2021,4,23,14,0,75,75118,RUE ORDENER,48.8931,2.340213,Plein jour,En agglomération,Intersection en X,Normale,Deux véhicules - côté,4,2,2,1,1,1,1,0,1,50,,2,0,0,0,2,35.0,40.0,,,1,2,2,1,3
202100042910,2021-04-22 19:45:00,2021,4,22,19,45,75,75118,PLACE DE CLICHY,48.883668,2.327361,Plein jour,En agglomération,Place,Normale,Autre collision,4,1,3,3,1,1,1,0,1,50,,2,1,0,0,1,26.0,,,,1,2,7,1,6
202100042911,2021-04-23 19:45:00,2021,4,23,19,45,75,75113,RUE BRILLAT SAVARIN,48.821928,2.351023,Plein jour,En agglomération,Hors intersection,Normale,Deux véhicules - frontale,4,2,2,0,2,1,1,0,1,50,,2,1,0,0,1,39.0,34.0,,,1,2,1,1,1
202100042912,2021-04-23 11:50:00,2021,4,23,11,50,75,75113,BOULEVARD AUGUSTE BLANQUI,48.830288,2.347204,Plein jour,En agglomération,Intersection en T,Normale,Deux véhicules - arrière,4,1,2,1,1,1,1,0,1,50,,2,0,0,0,2,29.0,27.0,,,1,2,3,1,2
202100042913,2021-04-23 11:15:00,2021,4,23,11,15,75,75112,COURS DE VINCENNES,48.8480628353,2.3995130364,Plein jour,En agglomération,Hors intersection,Normale,Autre collision,4,1,3,3,1,1,1,0,1,50,,3,2,1,0,0,49.0,,,,1,2,1,1,6
202100042914,2021-04-23 09:45:00,2021,4,23,9,45,75,75108,RUE BEAUJON,48.874849,2.301801,Plein jour,En agglomération,Intersection en X,Normale,Deux véhicules - arrière,4,2,2,0,2,1,1,0,1,50,,2,1,0,0,1,60.0,74.0,,,1,2,2,1,2
202100042915,2021-04-22 22:10:00,2021,4,22,22,10,75,75107,RUE DE SEVRES,48.847389,2.318205,Nuit avec éclairage allumé,En agglomération,Intersection en T,Normale,Deux véhicules - arrière,4,2,3,1,1,1,1,-1,5,50,,2,1,0,0,1,32.0,50.0,,,5,2,3,1,2
202100042916,2021-04-23 13:22:00,2021,4,23,13,22,75,75101,RUE DE L ECHELLE,48.863812,2.334246,Plein jour,En agglomération,Intersection en X,Normale,Autre collision,4,2,3,3,1,1,1,0,1,50,,2,1,0,0,1,63.0,,,,1,2,2,1,6
202100042917,2021-04-22 20:05:00,2021,4,22,20,5,75,75102,RUE DE GRAMONT,48.870393,2.336878,Plein jour,En agglomération,Intersection en T,Normale,Deux véhicules - côté,4,1,1,0,1,1,1,0,1,30,,2,1,0,0,1,74.0,23.0,,,1,2,3,1,3
202100042918,2021-04-22 09:16:00,2021,4,22,9,16,75,75104,RUE DU FAUCONNIER,48.852907,2.358984,Plein jour,En agglomération,Intersection en X,Normale,Autre collision,4,1,1,0,1,1,1,0,1,50,,1,0,0,0,1,28.0,,,,1,2,2,1,6
202100042919,2021-04-23 12:50:00,2021,4,23,12,50,94,94080,Rue de Fontenay,48.847906,2.440539,Plein jour,En agglomération,Hors intersection,Normale,Autre collision,4,4,3,0,1,1,1,0,1,50,,2,1,0,0,1,34.0,,,,1,2,1,1,6
202100042920,2021-04-23 18:50:00,2021,4,23,18,50,94,94068,Avenue Louis Blanc,48.792101,2.497146,Plein jour,En agglomération,Intersection en X,Normale,Deux véhicules - côté,3,2,2,0,1,1,1,0,1,50,,2,1,0,0,1,7.0,,,,1,2,2,1,3
202100042921,2021-04-23 18:05:00,2021,4,23,18,5,94,94042,Quai de Polangis,48.829605,2.473475,Plein jour,En agglomération,Intersection en T,Normale,Deux véhicules - frontale,4,2,2,1,1,1,1,0,1,30,,2,0,0,0,2,57.0,45.0,,,1,2,3,1,1
202100042922,2021-04-23 09:50:00,2021,4,23,9,50,94,94016,Avenue Pasteur,48.78669,2.32355,Plein jour,En agglomération,Hors intersection,Normale,Deux véhicules - côté,4,2,3,1,1,1,1,5,1,50,,3,1,0,0,2,55.0,30.0,,,1,2,1,1,3
202100042923,2021-04-23 08:30:00,2021,4,23,8,30,94,94076,Av du President Salvador Allende,48.794976,2.354331,Plein jour,En agglomération,Intersection en X,Normale,Trois véhicules et plus - en chaîne,4,-1,-1,0,1,1,1,0,1,50,,3,2,0,0,1,69.0,34.0,,,1,2,2,1,4
202100042924,2021-04-22 21:20:00,2021,4,22,21,20,94,94041,Avenue de la République,48.80386,2.39571,Nuit avec éclairage allumé,En agglomération,Hors intersection,Normale,Deux véhicules - frontale,3,2,2,0,1,1,1,0,1,50,,2,0,0,0,2,30.0,51.0,,,5,2,1,1,1
202100042925,2021-04-23 07:57:00,2021,4,23,7,57,94,94022,VOIE DES ROSES (IMP DE LA),48.772129,2.40677,Plein jour,En agglomération,Hors intersection,Normale,Deux véhicules - côté,4,2,2,0,1,1,1,0,1,50,,2,1,0,0,1,,25.0,,,1,2,1,1,3
202100042926,2021-04-23 16:00:00,2021,4,23,16,0,94,94079,Boulevard de Friedberg,48.832,2.543,Plein jour,En agglomération,Hors intersection,Normale,Autre collision,3,2,2,0,1,1,1,0,1,50,,2,1,0,0,1,37.0,,,,1,2,1,1,6
202100042927,2021-04-23 05:20:00,2021,4,23,5,20,93,93077,POTTIER (RUE),48.884931,2.519496,Nuit avec éclairage allumé,En agglomération,Intersection en X,Normale,Deux véhicules - côté,4,1,1,0,1,1,1,0,1,50,,2,1,0,1,0,27.0,39.0,,,5,2,2,1,3
202100042928,2021-04-23 17:05:00,2021,4,23,17,5,93,93046,ARISTIDE BRIAND AVENUE,48.91486,2.52789,Plein jour,En agglomération,Autre intersection,Normale,Deux véhicules - côté,3,-1,-1,0,1,1,1,0,1,50,,5,4,0,0,1,18.0,36.0,,,1,2,9,1,3
202100042929,2021-04-23 10:45:00,2021,4,23,10,45,93,93061,PERI GABRIEL RUE,48.885605,2.405447,Plein jour,En agglomération,Intersection en X,Normale,Autre collision,4,2,0,0,1,1,1,0,1,30,,2,1,0,0,1,,,,,1,2,2,1,6
202100042930,2021-04-23 14:20:00,2021,4,23,14,20,93,93027,BARBUSSE (AVENUE HENRI),48.93,2.39,Plein jour,En agglomération,Hors intersection,Normale,Deux véhicules - côté,4,2,0,0,1,1,1,0,1,50,,2,1,0,0,1,26.0,26.0,,,1,2,1,1,3
202100042931,2021-04-23 10:30:00,2021,4,23,10,30,93,93008,LENINE (BOULEVARD),48.90646,2.44113,Plein jour,En agglomération,Intersection en T,Normale,Autre collision,4,2,2,3,1,1,1,4,6,50,,1,0,0,0,1,73.0,,,,1,2,3,1,6
202100042932,2021-04-23 09:00:00,2021,4,23,9,0,93,93005,FERNAND HERBAUD (RUE),48.932353355,2.4949648836,Plein jour,En agglomération,Intersection en T,Normale,Autre collision,4,1,0,0,1,2,1,0,8,50,,2,1,0,0,1,48.0,,,,1,2,3,1,6
202100042933,2021-04-23 18:20:00,2021,4,23,18,20,93,93001,HAUT DE SAINT DENIS (CHEMIN DU),48.9224918769,2.3685101542,Plein jour,En agglomération,Intersection à plus de 4 branches,Normale,Deux véhicules - côté,3,2,2,0,1,1,1,0,1,50,,2,0,0,0,2,24.0,40.0,,,1,2,5,1,3
202100042934,2021-04-22 16:30:00,2021,4,22,16,30,92,92063,PROCESSION (RUE DE LA),48.8678706897,2.2112285346,Plein jour,En agglomération,Hors intersection,Normale,Deux véhicules - arrière,4,2,1,0,2,1,1,0,1,50,,2,1,0,0,1,56.0,21.0,,,1,2,1,1,2
202100042935,2021-04-23 14:45:00,2021,4,23,14,45,92,92050,ONZE NOVEMBRE RUE DU,48.9073245375,2.2158580273,Plein jour,En agglomération,Intersection en T,Normale,Deux véhicules - côté,4,2,2,0,1,1,1,0,1,50,,2,1,0,0,1,32.0,25.0,,,1,2,3,1,3
202100042936,2021-04-23 21:10:00,2021,4,23,21,10,92,92048,VILLACOUBLAY (AVENUE DE),48.7825410159,2.2285670042,Nuit avec éclairage allumé,En agglomération,Intersection en T,Normale,Deux véhicules - arrière,3,1,1,0,1,1,1,5,1,50,,2,1,0,0,1,49.0,46.0,,,5,2,3,1,2
202100042937,2021-04-23 15:00:00,2021,4,23,15,0,92,92048,VAUGIRARD (ROUTE DE),48.82062,2.23711,Plein jour,En agglomération,Hors intersection,Normale,Deux véhicules - frontale,3,2,1,1,1,1,1,0,5,25,,2,0,0,0,2,65.0,43.0,,,1,2,1,1,1
202100042938,2021-04-23 13:25:00,2021,4,23,13,25,92,92048,MARECHAL JUIN (AVENUE DU),48.7861227698,2.2215047479,Plein jour,En agglomération,Intersection en X,Normale,Deux véhicules - côté,3,2,-1,-1,1,1,1,5,1,-1,,2,1,0,0,1,24.0,30.0,,,1,2,2,1,3
202100042939,2021-04-23 13:35:00,2021,4,23,13,35,92,92044,CHARLES PASQUA(QUAI) 2 A 30,48.8976708956,2.2757024917,Plein jour,En agglomération,Intersection en T,Normale,Deux véhicules - côté,3,3,4,0,1,1,1,0,1,50,,2,1,0,0,1,35.0,71.0,,,1,2,3,1,3
202100042940,2021-04-23 11:54:00,2021,4,23,11,54,92,92004,PIERRE BROSSOLETTE,48.9118746103,2.2947467035,Plein jour,En agglomération,Intersection en X,Normale,Autre collision,3,2,2,0,1,1,1,0,1,50,,2,1,0,1,0,51.0,,,,1,2,2,1,6
202100042941,2021-04-23 17:35:00,2021,4,23,17,35,47,47140,Hameau de Saint-julien,44.275047,0.629911,Plein jour,Hors agglomération,Hors intersection,Normale,Sans collision,3,2,2,0,1,2,1,0,1,70,,1,0,0,1,0,28.0,,,,1,1,1,1,7
202100042942,2021-04-23 17:51:00,2021,4,23,17,51,31,31418,72 route du fouet,43.622112,1.523623,Plein jour,En agglomération,Hors intersection,Normale,Deux véhicules - frontale,7,2,2,0,2,1,1,0,1,50,,2,1,0,1,0,45.0,73.0,,,1,2,1,1,1
202100042943,2021-04-16 18:30:00,2021,4,16,18,30,68,68038,grand rue,48.096301,7.436872,Plein jour,En agglomération,Hors intersection,Normale,Deux véhicules - frontale,3,2,2,0,1,1,1,0,1,50,,2,1,0,0,1,52.0,16.0,,,1,2,1,1,1
202100042944,2021-04-23 18:20:00,2021,4,23,18,20,69,69279,JARDIN DES BALMES (DU) (R),45.791321,5.033707,Plein jour,En agglomération,Intersection en T,Normale,Deux véhicules - côté,7,2,2,0,1,1,1,0,1,50,,3,1,0,1,1,30.0,54.0,,,1,2,3,1,3
202100042945,2021-04-23 15:05:00,2021,4,23,15,5,972,97232,morne courbaril,14.513154,-60.840182,Plein jour,Hors agglomération,Hors intersection,Normale,Deux véhicules - frontale,2,2,2,0,1,1,1,0,1,80,,3,1,0,1,1,26.0,69.0,,,1,1,1,1,1
202100042946,2021-04-22 12:58:00,2021,4,22,12,58,88,88349,Rue de Saint-Dié,48.174575,7.012214,Plein jour,En agglomération,Intersection en X,Normale,Deux véhicules - côté,3,2,2,0,1,1,1,0,1,50,,2,1,0,0,1,55.0,13.0,,,1,2,2,1,3
202100042947,2021-04-21 17:20:00,2021,4,21,17,20,51,51388,Rue du Maréchal Foch,49.1399099767,4.3591213971,Plein jour,En agglomération,Hors intersection,Normale,Sans collision,3,2,2,0,1,1,1,0,1,50,,2,1,0,1,0,81.0,,,,1,2,1,1,7
202100042948,2021-04-23 15:30:00,2021,4,23,15,30,84,84131,159 Route de Robion,43.84462,5.084326,Plein jour,En agglomération,Hors intersection,Normale,Deux véhicules - côté,3,2,2,0,1,1,1,0,1,50,,2,1,0,1,0,50.0,34.0,,,1,2,1,1,3
202100042949,2021-04-24 11:15:00,2021,4,24,11,15,71,71336,82 Route de Chalon,46.724725,4.937808,Plein jour,Hors agglomération,Hors intersection,Normale,Trois véhicules et plus - collisions multiples,3,2,2,0,1,1,1,0,1,70,,5,2,0,2,1,69.0,60.0,,,1,1,1,1,5
202100042950,2021-04-23 14:50:00,2021,4,23,14,50,38,38403,Rd 526,44.865862,5.7781,Plein jour,Hors agglomération,Hors intersection,Normale,Autre collision,3,2,2,0,2,1,1,0,8,80,,1,0,0,1,0,74.0,,,,1,1,1,1,6
202100042951,2021-04-23 19:50:00,2021,4,23,19,50,77,77240,D66,48.78939,3.280669,Plein jour,Hors agglomération,Hors intersection,Normale,Autre collision,3,2,2,0,2,2,1,0,3,50,,1,0,0,0,1,39.0,,,,1,1,1,1,6
202100042952,2021-04-24 12:00:00,2021,4,24,12,0,51,51149,Rue Hubert Boullez,48.9002,4.440612,Plein jour,En agglomération,Intersection en X,Normale,Deux véhicules - côté,3,2,2,0,1,1,1,5,1,50,,2,1,0,0,1,38.0,65.0,,,1,2,2,1,3
202100042953,2021-04-24 11:35:00,2021,4,24,11,35,76,76146,Route de Rocquemont,49.587916,1.345954,Plein jour,Hors agglomération,Intersection en T,Normale,Deux véhicules - côté,3,2,2,0,1,1,1,5,1,80,,2,0,0,2,0,48.0,37.0,,,1,1,3,1,3
202100042954,2021-04-24 11:50:00,2021,4,24,11,50,79,79341,Vautebis,46.535123,-0.149925,Plein jour,Hors agglomération,Hors intersection,Normale,Deux véhicules - frontale,4,2,2,0,2,2,9,0,1,80,,2,1,0,0,1,42.0,17.0,,,1,1,1,1,1
202100042955,2021-04-23 18:05:00,2021,4,23,18,5,80,80411,D122 - C204,49.881639,2.560759,Plein jour,Hors agglomération,Intersection en X,Normale,Deux véhicules - côté,3,2,2,0,2,1,1,0,1,80,,2,1,0,1,0,49.0,46.0,,,1,1,2,1,3
202100042956,2021-04-23 17:50:00,2021,4,23,17,50,69,69135,COL DE CRIE (DU) (RTE),46.23222,4.55274,Plein jour,Hors agglomération,Hors intersection,Normale,Deux véhicules - frontale,3,2,2,0,2,3,1,0,1,80,,2,1,0,1,0,24.0,48.0,,,1,1,1,1,1
202100042957,2021-04-24 00:15:00,2021,4,24,0,15,71,71345,Saint Pierre de Lanques,46.439125,4.79204,Nuit sans éclairage public,Hors agglomération,Hors intersection,Normale,Autre collision,3,2,2,0,1,2,1,0,3,80,,2,0,0,2,0,21.0,,,,3,1,1,1,6
202100042958,2021-04-22 16:50:00,2021,4,22,16,50,71,71305,Route de Lugny,46.4692811526,4.8504288194,Plein jour,En agglomération,Hors intersection,Normale,Sans collision,3,2,2,0,2,3,1,0,3,50,,2,0,0,0,2,16.0,,,,1,2,1,1,7
202100042959,2021-04-20 18:45:00,2021,4,20,18,45,61,61222,Le Bas Village,48.744919,-0.683668,Plein jour,Hors agglomération,Intersection en T,Normale,Deux véhicules - côté,3,2,2,0,1,1,1,0,1,80,,2,1,0,1,0,16.0,24.0,,,1,1,3,1,3
202100042960,2021-04-23 08:20:00,2021,4,23,8,20,12,12090,RD 598,44.387612,2.480958,Plein jour,Hors agglomération,Hors intersection,Normale,Sans collision,3,2,2,0,1,3,9,0,1,80,,1,0,0,1,0,56.0,,,,1,1,1,1,7
202100042961,2021-04-24 09:30:00,2021,4,24,9,30,42,42013,Route de Saint Galmier,45.624496,4.30681,Plein jour,Hors agglomération,Intersection en Y,Normale,Deux véhicules - côté,3,2,2,0,1,1,1,9,1,80,,2,1,0,0,1,35.0,21.0,,,1,1,4,1,3
202100042962,2021-04-24 01:50:00,2021,4,24,1,50,42,42138,Route du Premier Pont,45.6466505392,4.3578743096,Nuit sans éclairage public,Hors agglomération,Hors intersection,Normale,Autre collision,3,2,2,0,4,1,9,0,8,80,,2,0,2,0,0,22.0,,,,3,1,1,1,6
202100042963,2021-04-24 01:30:00,2021,4,24,1,30,44,44133,Les Planchettes,47.151278,-1.729011,Nuit sans éclairage public,Hors agglomération,Hors intersection,Normale,Deux véhicules - arrière,3,2,2,0,2,1,1,0,1,80,,2,1,0,1,0,20.0,36.0,,,3,1,1,1,2
202100042964,2021-04-22 15:25:00,2021,4,22,15,25,35,35071,CD 798 lieu dit ville courte,48.445166,-1.245886,Plein jour,Hors agglomération,Hors intersection,Normale,Autre collision,3,2,2,0,1,1,1,0,1,80,,1,0,0,0,1,72.0,,,,1,1,1,1,6
202100042965,2021-04-23 17:45:00,2021,4,23,17,45,31,31232,Route de Verdun,43.782323,1.284252,Plein jour,Hors agglomération,Hors intersection,Normale,Deux véhicules - frontale,3,2,2,0,1,2,1,0,1,80,,3,0,1,0,2,28.0,41.0,,,1,1,1,1,1
202100042966,2021-04-24 12:10:00,2021,4,24,12,10,84,84089,D956,43.704328,5.510073,Plein jour,En agglomération,Hors intersection,Normale,Deux véhicules - arrière,7,2,2,0,1,1,1,0,1,50,,2,1,0,1,0,32.0,17.0,,,1,2,1,1,2
202100042967,2021-04-23 16:05:00,2021,4,23,16,5,15,15084,RD920,44.746352,2.488039,Plein jour,Hors agglomération,Intersection en X,Normale,Deux véhicules - frontale,3,2,2,3,4,1,1,5,1,90,,2,1,0,1,0,43.0,73.0,,,1,1,2,1,1
202100042968,2021-04-23 16:45:00,2021,4,23,16,45,70,70245,Les Chavannes,47.88818,6.376767,Plein jour,En agglomération,Hors intersection,Normale,Autre collision,3,2,2,0,1,1,1,0,1,50,,1,0,0,1,0,18.0,,,,1,2,1,1,6
202100042969,2021-04-24 01:40:00,2021,4,24,1,40,58,58120,La Gare,47.242426,3.905983,Nuit sans éclairage public,Hors agglomération,Hors intersection,Normale,Autre collision,3,2,2,0,1,2,1,0,1,80,,1,0,0,1,0,23.0,,,,3,1,1,1,6
202100042970,2021-04-24 09:15:00,2021,4,24,9,15,27,27425,route départemantale 613,49.148815,0.699821,Plein jour,Hors agglomération,Hors intersection,Normale,Deux véhicules - frontale,3,2,2,0,2,1,1,0,1,80,,2,0,0,1,1,83.0,32.0,,,1,1,1,1,1
202100042971,2021-04-23 18:00:00,2021,4,23,18,0,27,27037,D31,49.081582,0.829618,Plein jour,Hors agglomération,Intersection en X,Normale,Autre collision,3,2,2,0,1,1,1,0,1,80,,5,1,0,0,4,24.0,59.0,,,1,1,2,1,6
202100042972,2021-04-23 18:05:00,2021,4,23,18,5,30,30228,Lieu dit La bégude D979/D736,43.950378,4.378867,Plein jour,Hors agglomération,Intersection en T,Normale,Autre collision,3,2,2,0,1,1,1,0,1,70,,2,1,0,1,0,33.0,39.0,,,1,1,3,1,6
202100042973,2021-04-24 09:10:00,2021,4,24,9,10,24,24084,CD51,44.792092,1.029357,Plein jour,Hors agglomération,Intersection en Y,Normale,Sans collision,3,2,2,0,1,2,9,0,1,80,,1,0,0,0,1,31.0,,,,1,1,4,1,7
202100042974,2021-04-24 00:40:00,2021,4,24,0,40,13,13044,Route départementale 16,43.600509,5.046276,Nuit sans éclairage public,Hors agglomération,Hors intersection,Normale,Autre collision,7,2,2,0,2,3,1,2,8,80,,3,0,1,0,2,19.0,,,,3,1,1,1,6
202100042975,2021-04-24 14:30:00,2021,4,24,14,30,13,13113,A51 PK 024.580,43.5891294325,5.4794344927,Plein jour,Hors agglomération,Hors intersection,Normale,Autre collision,1,3,4,0,1,2,1,0,1,130,,2,0,0,1,1,19.0,,,,1,1,1,1,6
202100042976,2021-04-24 07:45:00,2021,4,24,7,45,13,13032,Route de Pelissanne,43.577904,5.336545,Plein jour,Hors agglomération,Hors intersection,Normale,Trois véhicules et plus - en chaîne,7,2,2,0,1,1,1,0,1,80,,3,1,1,0,1,21.0,45.0,,,1,1,1,1,4
202100042977,2021-04-23 17:15:00,2021,4,23,17,15,13,13088,Route N 568,43.372391,5.229777,Plein jour,En agglomération,Hors intersection,Normale,Trois véhicules et plus - collisions multiples,7,2,2,0,2,1,1,0,1,80,,5,0,1,0,4,34.0,30.0,,,1,2,1,1,5
202100042978,2021-04-24 14:18:00,2021,4,24,14,18,91,91654,D153,48.462991,2.411435,Plein jour,Hors agglomération,Hors intersection,Normale,Sans collision,3,2,2,0,1,2,1,0,3,80,,1,0,0,1,0,27.0,,,,1,1,1,1,7
202100042979,2021-04-22 18:10:00,2021,4,22,18,10,78,78683,Impasse Charles de Meneau,48.812406,1.881932,Plein jour,En agglomération,Hors intersection,Normale,Autre collision,4,2,2,0,2,1,1,0,1,50,,4,3,0,0,1,37.0,,,,1,2,1,1,6
202100042980,2021-04-23 18:37:00,2021,4,23,18,37,2A,2A247,Rue Vincentellu d'Istria,41.6006363168,9.2708229199,Plein jour,En agglomération,Intersection en T,Normale,Deux véhicules - côté,3,2,2,0,1,1,1,0,1,50,,3,2,0,0,1,15.0,15.0,,,1,2,3,1,3
202100042981,2021-04-22 14:30:00,2021,4,22,14,30,06,06128,616 chemin des salettes,43.691782,7.118266,Plein jour,Hors agglomération,Hors intersection,Temps éblouissant,Deux véhicules - côté,4,2,2,0,2,4,1,0,1,50,,2,1,0,1,0,54.0,36.0,,,1,1,1,7,3
202100042982,2021-04-23 17:15:00,2021,4,23,17,15,68,68334,Bd Auguste Scheurer Kestner,47.809703,7.10213,Plein jour,En agglomération,Intersection en X,Normale,Autre collision,3,2,2,0,1,1,1,0,1,50,,2,1,0,0,1,81.0,,,,1,2,2,1,6
202100042983,2021-04-23 13:00:00,2021,4,23,13,0,55,55024,D65,49.290423,5.466902,Plein jour,Hors agglomération,Hors intersection,Normale,Deux véhicules - arrière,3,2,2,0,1,1,1,0,1,80,,4,3,0,0,1,42.0,48.0,,,1,1,1,1,2
202100042984,2021-04-24 10:50:00,2021,4,24,10,50,69,69291,CORBAS (DE) (RTE),45.6414275466,4.8775219917,Plein jour,Hors agglomération,Hors intersection,Normale,Autre collision,3,2,2,0,1,3,1,0,3,70,,1,0,0,1,0,19.0,,,,1,1,1,1,6
202100042985,2021-04-23 20:30:00,2021,4,23,20,30,86,86197,Lieu Dit Vouzeray,47.033002,0.282662,Plein jour,Hors agglomération,Intersection en X,Normale,Deux véhicules - côté,3,2,2,0,1,1,1,0,1,80,,5,1,3,1,0,48.0,32.0,,,1,1,2,1,3
202100042986,2021-04-24 15:37:00,2021,4,24,15,37,64,64230,Chemin de Berdoulou,43.209068,-0.395424,Plein jour,En agglomération,Hors intersection,Normale,Sans collision,4,2,2,0,2,3,1,0,1,50,,1,0,0,0,1,15.0,,,,1,2,1,1,7
202100042987,2021-04-23 11:20:00,2021,4,23,11,20,33,33554,,44.886435,-0.469344,Plein jour,Hors agglomération,Intersection en T,Normale,Deux véhicules - côté,3,2,2,0,4,3,1,0,1,70,,2,1,0,1,0,46.0,67.0,,,1,1,3,1,3
202100042988,2021-04-11 21:00:00,2021,4,11,21,0,35,35106,"Lieu-dit ""Cropé""",47.811231,-1.573671,Nuit sans éclairage public,Hors agglomération,Hors intersection,Normale,Deux véhicules - frontale,4,2,2,0,1,1,1,0,1,80,,3,2,0,1,0,36.0,78.0,,,3,1,1,1,1
202100042989,2021-04-23 01:40:00,2021,4,23,1,40,02,02013,11 Rue de la Fontinette,49.483077,3.914378,Nuit avec éclairage non allumé,En agglomération,Autre intersection,Normale,Autre collision,3,2,2,0,1,3,1,0,4,50,,1,0,0,0,1,20.0,,,,4,2,9,1,6
202100042990,2021-04-24 01:15:00,2021,4,24,1,15,59,59333,Route Nationale,50.037834,3.924973,Nuit sans éclairage public,Hors agglomération,Hors intersection,Normale,Autre collision,2,2,2,0,3,3,1,0,3,80,,1,0,1,0,0,51.0,,,,3,1,1,1,6
202100042991,2021-04-20 13:45:00,2021,4,20,13,45,13,13055,A507 sens Aubagne- Marseille,43.32735,5.41906,Plein jour,Hors agglomération,Hors intersection,Normale,Trois véhicules et plus - en chaîne,1,1,3,0,2,2,1,1,1,70,,7,2,0,0,5,23.0,21.0,,,1,1,1,1,4
202100042992,2021-04-23 16:35:00,2021,4,23,16,35,92,92076,A86 DUPLEX,48.8299065434,2.1484345039,Nuit avec éclairage allumé,Hors agglomération,Hors intersection,Autre,Autre collision,1,1,3,0,1,2,1,1,8,70,,1,0,0,0,1,21.0,,,,5,1,1,9,6