accident_id,datetime,annee,mois,jour,heure,minute,departement,commune_insee,adresse,latitude,longitude,luminosite,agglomeration,intersection,meteo,collision,catr,circ,nbv,vosp,prof,plan,surf,infra,situ,vma,nb_vehicules,nb_usagers,nb_indemnes,nb_tues,nb_blesses_hosp,nb_blesses_legers,age_cond_1,age_cond_2,veh_type_cond_1,veh_type_cond_2,lum_code,agg_code,int_code,atm_code,col_code
202100042993,2021-04-23 18:45:00,2021,4,23,18,45,95,95582,A15,48.9640412225,2.263425232,Plein jour,Hors agglomération,Hors intersection,Normale,Autre collision,1,3,9,0,1,1,1,0,1,110,,1,0,0,0,1,29.0,,,,1,1,1,1,6
202100042994,2021-02-21 11:00:00,2021,2,21,11,0,31,31555,A64 - BORDELONGUE,43.55795,1.41304,Plein jour,Hors agglomération,Hors intersection,Vent fort / tempête,Sans collision,1,3,4,0,1,1,1,0,1,90,,1,0,0,0,1,46.0,,,,1,1,1,6,7
202100042995,2021-02-18 09:20:00,2021,2,18,9,20,31,31555,Avenue de Grande Bretagne,43.59788,1.42009,Plein jour,En agglomération,Autre intersection,Normale,Deux véhicules - côté,4,2,4,0,1,1,1,0,1,50,,2,1,0,0,1,33.0,36.0,,,1,2,9,1,3
202100042996,2021-04-16 15:00:00,2021,4,16,15,0,988,98818,RUE EDOUARD UNGER,-22.2546,166.45003,Plein jour,En agglomération,Hors intersection,Pluie légère,Deux véhicules - arrière,4,2,2,0,2,1,2,5,1,50,,2,1,0,0,1,,49.0,,,1,2,1,2,2
202100042997,2021-04-21 13:12:00,2021,4,21,13,12,973,97302,CESAIRE (CITE),4.9307479981,-52.3229084807,Plein jour,En agglomération,Hors intersection,Normale,Sans collision,4,2,-1,0,1,1,1,0,1,50,,1,0,0,0,1,39.0,,,,1,2,1,1,7
202100042998,2021-04-20 17:45:00,2021,4,20,17,45,973,97302,BADUEL (ROUTE DE),4.9370772318,-52.3156313898,Plein jour,En agglomération,Autre intersection,Normale,Deux véhicules - côté,3,2,2,0,1,1,1,0,1,50,,2,1,0,0,1,,18.0,,,1,2,9,1,3
202100042999,2021-04-22 11:00:00,2021,4,22,11,0,2B,2B120,11 - RT,42.65186,9.44076,Plein jour,En agglomération,Hors intersection,Pluie légère,Deux véhicules - arrière,2,-1,4,0,1,1,2,0,1,70,,3,0,0,0,3,28.0,40.0,,,1,2,1,2,2
202100043000,2021-04-21 22:15:00,2021,4,21,22,15,95,95585,VALERY (AVEUE PAUL),48.97838,2.38547,Nuit avec éclairage allumé,En agglomération,Intersection en X,Normale,Deux véhicules - côté,4,2,4,0,1,1,1,0,1,50,,3,1,0,1,1,19.0,59.0,,,5,2,2,1,3
202100043001,2021-04-22 18:20:00,2021,4,22,18,20,95,95555,LECLERC (RUE DU GENERAL),48.96869,2.28667,Plein jour,En agglomération,Hors intersection,Temps éblouissant,Autre collision,4,2,2,0,1,1,1,0,1,50,,2,1,0,0,1,28.0,,,,1,2,1,7,6
202100043002,2021-04-22 21:10:00,2021,4,22,21,10,91,91114,RUE DE VILLECRESNES,48.707429,2.506808,Crépuscule ou aube,En agglomération,Autre intersection,Normale,Deux véhicules - côté,4,2,1,0,2,1,1,0,1,50,,2,1,0,0,1,25.0,,,,2,2,9,1,3
202100043003,2021-04-21 12:01:00,2021,4,21,12,1,87,87085,ALLENDE (QUAI SALVADOR),45.82113,1.26294,Plein jour,En agglomération,Intersection en X,Normale,Deux véhicules - côté,2,4,5,0,1,1,1,0,1,50,,2,0,0,0,2,22.0,27.0,,,1,2,2,1,3
202100043004,2021-04-22 09:55:00,2021,4,22,9,55,86,86194,Avenue John Kennedy,46.58896,0.36133,Plein jour,En agglomération,Hors intersection,Normale,Autre collision,3,3,6,0,1,1,1,0,1,50,,2,1,0,0,1,40.0,,,,1,2,1,1,6
202100043005,2021-04-22 19:15:00,2021,4,22,19,15,83,83137,THOULON (RUE),43.131578,5.935591,Plein jour,En agglomération,Intersection en X,Normale,Deux véhicules - côté,4,1,1,0,1,1,1,0,1,50,,2,1,0,0,1,29.0,62.0,,,1,2,2,1,3
202100043006,2021-04-22 12:55:00,2021,4,22,12,55,81,81004,DEMBOURG (AV),43.9364518034,2.1449751561,Plein jour,En agglomération,Intersection en T,Normale,Deux véhicules - côté,3,2,2,1,1,1,1,0,1,50,,2,1,0,1,0,32.0,39.0,,,1,2,3,1,3
202100043007,2021-04-21 13:55:00,2021,4,21,13,55,80,80725,FACULTES (AVENUE DES),49.87346,2.2614,Plein jour,En agglomération,Hors intersection,Normale,Deux véhicules - côté,4,3,3,0,1,1,1,0,1,50,,2,1,0,0,1,33.0,22.0,,,1,2,1,1,3
202100043008,2021-04-21 13:45:00,2021,4,21,13,45,78,78640,PETIT CLAMART (RUE DU),48.78208,2.22618,Plein jour,En agglomération,Hors intersection,Normale,Deux véhicules - côté,3,2,2,0,1,1,1,0,4,50,,2,1,0,1,0,45.0,62.0,,,1,2,1,1,3
202100043009,2021-04-22 09:40:00,2021,4,22,9,40,78,78029,CHEVRIES (RUE DES ),48.969687,1.856614,Plein jour,En agglomération,Hors intersection,Pluie légère,Deux véhicules - arrière,4,2,2,0,1,1,2,0,1,50,,3,2,0,0,1,37.0,54.0,,,1,2,1,2,2
202100043010,2021-02-23 17:34:00,2021,2,23,17,34,76,76540,PONT GUSTAVE FLAUBERT,49.44377,1.06387,Plein jour,En agglomération,Hors intersection,Normale,Deux véhicules - arrière,2,1,3,0,1,1,1,0,1,70,,2,1,0,0,1,58.0,55.0,,,1,2,1,1,2
202100043011,2021-04-21 15:10:00,2021,4,21,15,10,71,71306,RN 70 (ROUTE EXPRESS),46.66818,4.34179,Plein jour,Hors agglomération,Hors intersection,Normale,Sans collision,2,3,4,0,1,1,1,0,3,110,,1,0,0,0,1,47.0,,,,1,1,1,1,7
202100043012,2021-04-22 17:25:00,2021,4,22,17,25,69,69290,JEAN JAURES (AV),45.69724,4.93614,Plein jour,En agglomération,Passage à niveau,Normale,Deux véhicules - côté,4,3,2,3,1,1,1,4,6,50,,2,0,0,0,2,75.0,37.0,,,1,2,8,1,3
202100043013,2021-03-30 12:37:00,2021,3,30,12,37,68,68066,VAL SAINT GREGOIRE (RUE DU),48.08186,7.34453,Plein jour,En agglomération,Autre intersection,Normale,Autre collision,4,2,2,0,1,1,1,0,8,50,,2,1,0,0,1,44.0,,,,1,2,9,1,6
202100043014,2021-04-21 07:55:00,2021,4,21,7,55,64,64122,LUIS MARIANO ( RUE-ROND POINT)),43.4594239142,-1.5424235716,Plein jour,En agglomération,Hors intersection,Normale,Sans collision,3,2,2,0,1,1,1,9,1,50,,1,0,0,0,1,37.0,,,,1,2,1,1,7
202100043015,2021-04-22 23:20:00,2021,4,22,23,20,64,64102,LAMARQUE (AVENUE DU CHANOINE JEAN),43.48713,-1.476,Nuit avec éclairage allumé,En agglomération,Hors intersection,Normale,Sans collision,4,1,1,0,2,3,1,0,4,30,,1,0,0,0,1,37.0,,,,5,2,1,1,7
202100043016,2021-04-22 16:40:00,2021,4,22,16,40,64,64102,ALLEES MARINES (AVENUE DES),43.49907,-1.48894,Plein jour,En agglomération,Hors intersection,Normale,Sans collision,4,2,2,0,1,1,1,0,1,50,,1,0,0,0,1,76.0,,,,1,2,1,1,7
202100043017,2021-04-21 19:10:00,2021,4,21,19,10,64,64102,JUPITER (CHEMIN DE),43.47907,-1.45522,Plein jour,En agglomération,Hors intersection,Normale,Sans collision,4,2,2,0,1,1,1,0,4,50,,1,0,0,0,1,38.0,,,,1,2,1,1,7
202100043018,2021-04-22 14:40:00,2021,4,22,14,40,60,60057,Avenue Blaise Pascal,49.4189,2.11411,Plein jour,En agglomération,Hors intersection,Normale,Deux véhicules - côté,4,-1,2,0,1,1,1,0,8,50,,2,1,0,0,1,29.0,38.0,,,1,2,1,1,3
202100043019,2021-03-17 15:40:00,2021,3,17,15,40,59,59360,GALILEE RUE,50.619481,3.00883,Plein jour,En agglomération,Intersection en Y,Pluie légère,Deux véhicules - frontale,7,2,3,1,1,3,2,0,1,50,,3,1,0,0,2,17.0,27.0,,,1,2,4,2,1
202100043020,2021-03-15 22:25:00,2021,3,15,22,25,58,58194,HENRI BOUQUILLARD,46.9941,3.1362,Nuit avec éclairage allumé,En agglomération,Giratoire,Normale,Deux véhicules - côté,4,-1,2,0,1,3,1,0,1,20,,2,1,0,0,1,19.0,22.0,,,5,2,6,1,3
202100043021,2021-04-22 03:25:00,2021,4,22,3,25,56,56098,Zone Portuaire du Rohu,47.749454,-3.32296,Nuit avec éclairage allumé,En agglomération,Hors intersection,Normale,Autre collision,4,2,2,0,1,1,1,0,1,50,,1,0,1,0,0,32.0,,,,5,2,1,1,6
202100043022,2021-04-21 20:32:00,2021,4,21,20,32,56,56098,DOLET (RUE  ETIENNE ),47.75737,-3.33693,Plein jour,En agglomération,Intersection en T,Normale,Deux véhicules - côté,4,2,2,0,1,1,1,0,1,50,,2,1,0,0,1,53.0,29.0,,,1,2,3,1,3
202100043023,2021-04-22 11:05:00,2021,4,22,11,5,54,54395,LOBAU (BOULEVARD),48.68165,6.19768,Plein jour,En agglomération,Hors intersection,Normale,Autre collision,4,2,4,0,1,1,1,0,1,50,,2,1,0,1,0,62.0,,,,1,2,1,1,6
202100043024,2021-04-21 21:37:00,2021,4,21,21,37,54,54395,RD 674,48.67181,6.19418,Nuit avec éclairage allumé,En agglomération,Hors intersection,Normale,Autre collision,7,3,4,0,1,3,1,2,3,70,,1,0,1,0,0,24.0,,,,5,2,1,1,6
202100043025,2021-04-22 16:57:00,2021,4,22,16,57,51,51454,Avenue Paul Marchandeau,49.2421371036,4.0244113972,Plein jour,En agglomération,Giratoire,Normale,Deux véhicules - côté,4,1,1,0,1,1,1,0,1,50,,2,1,0,1,0,60.0,12.0,,,1,2,6,1,3
202100043026,2021-04-22 13:35:00,2021,4,22,13,35,50,50129,MILLET (AVENUE JEAN-FRANCOIS),49.633834,-1.622318,Plein jour,En agglomération,Intersection en Y,Normale,Deux véhicules - côté,3,3,6,0,1,1,1,5,1,50,,2,1,0,0,1,70.0,61.0,,,1,2,4,1,3
202100043027,2021-04-19 11:20:00,2021,4,19,11,20,49,49007,GATS,47.47443,-0.51785,Plein jour,En agglomération,Hors intersection,Normale,Deux véhicules - côté,4,-1,2,0,1,1,1,0,1,50,,3,2,0,0,1,37.0,20.0,,,1,2,1,1,3
202100043028,2021-04-22 14:35:00,2021,4,22,14,35,45,45285,Rue du Clos Neuf,47.906116,1.876014,Plein jour,En agglomération,Hors intersection,Normale,Autre collision,4,2,2,0,1,1,1,0,1,50,,2,1,0,0,1,20.0,,,,1,2,1,1,6
202100043029,2021-04-20 19:20:00,2021,4,20,19,20,42,42218,Rue Fougerolle,45.43232,4.39269,Plein jour,En agglomération,Intersection en X,Normale,Deux véhicules - côté,4,1,1,0,1,1,1,0,1,50,,4,3,0,0,1,23.0,25.0,,,1,2,2,1,3
202100043030,2021-04-21 10:55:00,2021,4,21,10,55,37,37261,SAINT-SAUVEUR (ROND POINT),47.373884033,0.6785194874,Plein jour,En agglomération,Giratoire,Normale,Deux véhicules - arrière,4,2,1,1,1,3,1,5,1,50,,3,1,0,0,2,25.0,25.0,,,1,2,6,1,2
202100043031,2021-04-22 15:50:00,2021,4,22,15,50,35,35238,ALMA (DE L'),48.10347,-1.67688,Plein jour,En agglomération,Intersection en X,Normale,Deux véhicules - frontale,4,2,4,2,2,1,1,8,1,50,,3,1,0,0,2,26.0,59.0,,,1,2,2,1,1
202100043032,2021-04-21 15:30:00,2021,4,21,15,30,35,35115,VERRERIE (AVENUE DE LA),48.36693,-1.18453,Plein jour,En agglomération,Hors intersection,Normale,Autre collision,3,2,2,0,2,1,1,5,1,50,,2,1,0,1,0,55.0,,,,1,2,1,1,6
202100043033,2021-04-22 19:10:00,2021,4,22,19,10,34,34172,BLAYAC (RUE DU PROFESSEUR),43.626,3.82405,Plein jour,En agglomération,Intersection en X,Normale,Deux véhicules - côté,4,2,5,0,2,1,1,0,1,50,,2,1,0,0,1,25.0,46.0,,,1,2,2,1,3
202100043034,2021-04-22 18:00:00,2021,4,22,18,0,33,33318,Avenue du Général Leclerc,44.78528,-0.68264,Plein jour,En agglomération,Hors intersection,Normale,Trois véhicules et plus - en chaîne,4,2,2,0,1,1,1,0,1,50,,4,3,0,0,1,60.0,34.0,,,1,2,1,1,4
202100043035,2021-04-22 22:55:00,2021,4,22,22,55,31,31555,AV JEAN RIEUX,43.58722,1.47394,Nuit avec éclairage allumé,En agglomération,Intersection en T,Normale,Deux véhicules - côté,4,2,2,0,1,1,1,0,1,50,,2,1,0,1,0,25.0,,,,5,2,3,1,3
202100043036,2021-04-22 12:15:00,2021,4,22,12,15,31,31483,COMMINGES (ALLEES DU ),43.11852,0.72509,Plein jour,En agglomération,Hors intersection,Normale,Sans collision,4,2,2,0,4,3,1,0,1,50,,1,0,0,0,1,24.0,,,,1,2,1,1,7
202100043037,2021-04-18 08:25:00,2021,4,18,8,25,28,28220,AVENUE DE LA REPUBLIQUE,48.42681,1.4724,Plein jour,En agglomération,Intersection en X,Normale,Trois véhicules et plus - collisions multiples,3,2,2,0,1,1,1,0,1,50,,4,1,0,1,2,54.0,36.0,,,1,2,2,1,5
202100043038,2021-04-22 16:20:00,2021,4,22,16,20,27,27562,Rue Georges Hermand,49.0962172399,1.432894663,Plein jour,En agglomération,Hors intersection,Normale,Autre collision,4,-1,1,0,2,2,1,0,8,50,,1,0,0,0,1,31.0,,,,1,2,1,1,6
202100043039,2021-04-22 17:45:00,2021,4,22,17,45,26,26198,132BRoute de Chateauneuf,44.5307,4.7365,Plein jour,En agglomération,Hors intersection,Normale,Trois véhicules et plus - en chaîne,3,2,2,0,1,1,1,0,1,50,,3,2,0,1,0,75.0,26.0,,,1,2,1,1,4
202100043040,2021-04-22 18:20:00,2021,4,22,18,20,17,17300,JOFFRES,46.15547,-1.1433,Plein jour,En agglomération,Hors intersection,Normale,Sans collision,4,2,2,0,1,3,1,0,1,30,,1,0,0,0,1,39.0,,,,1,2,1,1,7
202100043041,2021-04-22 23:00:00,2021,4,22,23,0,13,13208,PIERRE GUERRE (ROND-POINT),43.25034,5.389,Nuit avec éclairage allumé,En agglomération,Giratoire,Normale,Sans collision,4,1,1,0,1,2,1,5,3,50,,2,1,0,0,1,39.0,,,,5,2,6,1,7
202100043042,2021-04-22 16:00:00,2021,4,22,16,0,13,13202,BASSINS DE RADOUB (BOULEVARD DES),43.32048,5.36293,Plein jour,En agglomération,Hors intersection,Normale,Deux véhicules - arrière,4,2,5,0,1,1,1,0,1,50,,2,1,0,0,1,21.0,21.0,,,1,2,1,1,2
202100043043,2021-04-22 15:00:00,2021,4,22,15,0,13,13202,DUNKERQUE  (BOULEVARD DE),43.30575,5.36744,Plein jour,En agglomération,Hors intersection,Normale,Autre collision,4,1,0,0,1,1,1,0,1,50,,2,1,0,1,0,26.0,,,,1,2,1,1,6
202100043044,2021-04-22 08:25:00,2021,4,22,8,25,13,13213,OLIVES (AVENUE DES),43.3290982252,5.4308610409,Plein jour,En agglomération,Intersection en T,Normale,Deux véhicules - côté,7,2,2,0,1,1,1,0,1,50,,2,1,0,0,1,62.0,42.0,,,1,2,3,1,3
202100043045,2021-04-22 11:05:00,2021,4,22,11,5,13,13047,D.5,43.59945,4.93564,Plein jour,Hors agglomération,Autre intersection,Normale,Deux véhicules - côté,7,2,2,0,1,1,1,0,1,70,,3,2,0,0,1,39.0,27.0,,,1,1,9,1,3
202100043046,2021-04-22 13:23:00,2021,4,22,13,23,10,10387,JULES GUESDE (RUE),48.294,4.08185,Plein jour,En agglomération,Intersection en T,Normale,Deux véhicules - côté,4,2,2,1,1,1,1,0,5,50,,2,1,0,0,1,22.0,20.0,,,1,2,3,1,3
202100043047,2021-04-22 02:00:00,2021,4,22,2,0,08,08105,BERTHAUCOURT (RUE DE),49.76082,4.74111,Nuit avec éclairage allumé,En agglomération,Hors intersection,Normale,Autre collision,4,2,0,0,2,3,1,0,4,50,,2,0,0,0,2,38.0,,,,5,2,1,1,6
202100043048,2021-04-22 16:15:00,2021,4,22,16,15,06,06083,"SOLEIL (PROMENADE DU, N° 2 A 848))",43.767317,7.489885,Plein jour,En agglomération,Intersection en X,Normale,Deux véhicules - côté,3,2,2,0,1,1,1,0,1,30,,2,1,0,0,1,65.0,72.0,,,1,2,2,1,3
202100043049,2021-04-22 09:55:00,2021,4,22,9,55,06,06083,"SERRES DE LA MADONE (ROUTE DES, N° 115 E",43.77648,7.477812,Plein jour,En agglomération,Hors intersection,Normale,Deux véhicules - arrière,4,2,2,0,1,3,1,0,1,50,,2,1,0,0,1,53.0,54.0,,,1,2,1,1,2
202100043050,2021-04-22 13:00:00,2021,4,22,13,0,06,06123,VESPINS ROUTE DES,43.660078,7.183499,Plein jour,En agglomération,Autre intersection,Normale,Trois véhicules et plus - en chaîne,7,-1,2,0,1,1,1,0,1,50,,3,2,0,0,1,86.0,32.0,,,1,2,9,1,4
202100043051,2021-04-21 11:08:00,2021,4,21,11,8,02,02212,D1032,49.63384,3.27861,Plein jour,Hors agglomération,Hors intersection,Normale,Autre collision,3,2,2,0,1,3,1,0,1,80,,2,1,1,0,0,55.0,55.0,,,1,1,1,1,6
202100043052,2021-04-21 16:30:00,2021,4,21,16,30,75,75117,PORTE DES TERNES,48.8827,2.283359,Plein jour,En agglomération,Hors intersection,Normale,Deux véhicules - arrière,4,1,4,0,1,1,1,1,1,70,,2,1,0,0,1,41.0,32.0,,,1,2,1,1,2
202100043053,2021-04-21 20:53:00,2021,4,21,20,53,75,75112,AVENUE DU TREMBLAY,48.842078,2.449071,Crépuscule ou aube,En agglomération,Intersection en X,Temps couvert,Autre collision,4,-1,4,0,1,1,1,0,1,50,,3,2,0,1,0,22.0,,,,2,2,2,8,6
202100043054,2021-04-22 19:40:00,2021,4,22,19,40,75,75105,BOULEVARD SAINT MICHEL,48.847339,2.340852,Plein jour,En agglomération,Intersection à plus de 4 branches,Normale,Deux véhicules - arrière,4,2,3,0,1,1,1,0,1,30,,2,1,0,0,1,34.0,63.0,,,1,2,5,1,2
202100043055,2021-04-22 08:50:00,2021,4,22,8,50,75,75120,RUE DES HAIES,48.852948,2.400779,Plein jour,En agglomération,Intersection en X,Normale,Autre collision,4,1,1,0,1,1,1,0,1,50,,3,1,0,0,2,48.0,,,,1,2,2,1,6
202100043056,2021-04-20 20:30:00,2021,4,20,20,30,75,75119,RUE MANIN,48.882245,2.381958,Crépuscule ou aube,En agglomération,Intersection en X,Normale,Deux véhicules - côté,4,2,4,0,1,1,1,0,1,50,,3,2,0,0,1,,41.0,,,2,2,2,1,3
202100043057,2021-04-22 13:05:00,2021,4,22,13,5,75,75114,RUE DE L AMIRAL MOUCHEZ,48.825691,2.34163,Plein jour,En agglomération,Hors intersection,Normale,Autre collision,4,1,2,0,1,1,1,0,1,50,,2,0,0,0,2,63.0,,,,1,2,1,1,6
202100043058,2021-04-22 14:20:00,2021,4,22,14,20,75,75113,RUE DE TOLBIAC,48.82646,2.341797,Plein jour,En agglomération,Intersection en X,Normale,Deux véhicules - côté,4,2,4,3,1,1,1,-1,6,50,,3,2,0,0,1,70.0,41.0,,,1,2,2,1,3
202100043059,2021-04-22 12:55:00,2021,4,22,12,55,75,75113,RUE LE BRUN,48.834897,2.353161,Plein jour,En agglomération,Intersection en Y,Normale,Autre collision,4,2,2,0,1,2,1,0,1,30,,2,1,0,0,1,55.0,,,,1,2,4,1,6
202100043060,2021-04-22 19:45:00,2021,4,22,19,45,75,75112,QUAI DE LA RAPEE,48.845849,2.367636,Plein jour,En agglomération,Intersection en X,Normale,Deux véhicules - côté,4,1,3,3,1,2,1,0,1,50,,2,1,0,0,1,27.0,50.0,,,1,2,2,1,3
202100043061,2021-04-22 15:45:00,2021,4,22,15,45,75,75112,QUAI DE LA RAPEE,48.845647,2.366487,Plein jour,En agglomération,Hors intersection,Normale,Deux véhicules - côté,4,1,4,0,3,2,1,0,1,50,,3,1,0,0,2,26.0,,,,1,2,1,1,3
202100043062,2021-04-21 13:55:00,2021,4,21,13,55,75,75110,BOULEVARD DE MAGENTA,48.869627,2.362034,Plein jour,En agglomération,Hors intersection,Normale,Autre collision,4,2,6,2,1,1,1,-1,5,50,,3,0,0,0,3,30.0,,,,1,2,1,1,6
202100043063,2021-04-22 18:00:00,2021,4,22,18,0,75,75101,RUE DE L AMIRAL DE COLIGNY,48.858989,2.339879,Plein jour,En agglomération,Intersection en T,Normale,Sans collision,4,2,3,0,1,1,1,0,1,30,,2,1,0,0,1,28.0,35.0,,,1,2,3,1,7
202100043064,2021-04-22 13:45:00,2021,4,22,13,45,94,94068,BAC (AV DU),48.794887,2.510482,Plein jour,En agglomération,Hors intersection,Normale,Sans collision,4,2,2,0,1,1,1,0,1,30,,2,1,0,0,1,42.0,55.0,,,1,2,1,1,7
202100043065,2021-04-21 18:30:00,2021,4,21,18,30,94,94068,MARECHAL LYAUTEY (AV DU),48.793326,2.486685,Plein jour,En agglomération,Giratoire,Pluie légère,Deux véhicules - côté,4,1,1,0,1,1,2,5,1,30,,2,1,0,0,1,54.0,64.0,,,1,2,6,2,3
202100043066,2021-04-22 19:45:00,2021,4,22,19,45,94,94076,LOUIS ARAGON (AV),48.788566,2.370443,Plein jour,En agglomération,Hors intersection,Normale,Deux véhicules - côté,4,2,2,0,1,1,1,0,1,50,,2,1,0,0,1,30.0,47.0,,,1,2,1,1,3
202100043067,2021-04-21 23:10:00,2021,4,21,23,10,94,94037,Rue Emile Bougard,48.81015,2.34075,Nuit avec éclairage allumé,En agglomération,Intersection en X,Normale,Deux véhicules - côté,3,1,1,0,1,1,1,0,1,50,,5,4,0,0,1,29.0,24.0,,,5,2,2,1,3
202100043068,2021-04-22 19:35:00,2021,4,22,19,35,94,94041,PAUL VAILLANT COUTURIER (BD),48.8174,2.39879,Crépuscule ou aube,En agglomération,Hors intersection,Normale,Autre collision,3,2,3,3,1,1,1,0,1,30,,2,1,0,0,1,,,,,2,2,1,1,6
202100043069,2021-04-22 17:58:00,2021,4,22,17,58,94,94017,PLESSIS TREVISE (R DU),48.8112,2.55661,Plein jour,En agglomération,Intersection en T,Normale,Deux véhicules - côté,4,2,2,0,1,1,1,0,1,50,,5,3,0,0,2,47.0,21.0,,,1,2,3,1,3
202100043070,2021-04-21 12:40:00,2021,4,21,12,40,94,94075,LIEUTENANT DAGORNO (R DU),48.72719,2.53103,Plein jour,En agglomération,Intersection en T,Normale,Deux véhicules - côté,2,-1,2,0,1,1,1,0,1,50,,2,1,0,0,1,67.0,53.0,,,1,2,3,1,3
202100043071,2021-04-22 09:30:00,2021,4,22,9,30,93,93063,BRANLY BD EDOUARD,48.87567,2.44105,Plein jour,En agglomération,Hors intersection,Normale,Trois véhicules et plus - collisions multiples,3,3,4,0,1,1,1,2,1,30,,3,2,0,0,1,47.0,59.0,,,1,2,1,1,5
202100043072,2021-04-22 16:45:00,2021,4,22,16,45,93,93008,SEMARD (RUE PIERRE),48.91274,2.45085,Plein jour,En agglomération,Intersection en T,Normale,Deux véhicules - côté,3,2,2,0,1,1,1,0,1,50,,2,0,0,0,1,28.0,,,,1,2,3,1,3
202100043073,2021-04-22 18:35:00,2021,4,22,18,35,93,93001,FELIX FAURE (BLD)  => 118/119,48.9075469552,2.3791626429,Plein jour,En agglomération,Hors intersection,Normale,Deux véhicules - arrière,3,2,2,0,1,1,1,0,1,50,,3,2,0,0,1,20.0,31.0,,,1,2,1,1,2
202100043074,2021-04-22 18:15:00,2021,4,22,18,15,92,92046,DE STALINGRAD,48.8122344848,2.2934952378,Plein jour,En agglomération,Giratoire,Normale,Autre collision,3,1,1,2,1,2,1,5,1,50,,2,1,0,0,1,59.0,,,,1,2,6,1,6
202100043075,2021-04-21 15:45:00,2021,4,21,15,45,92,92063,REPUBLIQUE (AVENUE DE LA),48.8790959734,2.1768674254,Plein jour,En agglomération,Hors intersection,Normale,Autre collision,4,1,1,0,1,1,1,0,1,50,,2,1,0,0,1,54.0,,,,1,2,1,1,6
202100043076,2021-04-12 10:55:00,2021,4,12,10,55,92,92063,ROOSEVELT (BOULEVARD FRANKLIN),48.8799409228,2.1681033075,Plein jour,En agglomération,Giratoire,Normale,Deux véhicules - côté,4,2,2,0,1,1,1,5,1,50,,2,1,0,0,1,26.0,75.0,,,1,2,6,1,3
202100043077,2021-04-22 17:45:00,2021,4,22,17,45,92,92025,CHARLES DE GAULLE (BD),48.9122576671,2.2320875736,Plein jour,En agglomération,Hors intersection,Normale,Deux véhicules - côté,3,3,7,0,1,1,1,0,1,50,,2,1,0,0,1,31.0,37.0,,,1,2,1,1,3
202100043078,2021-04-21 20:30:00,2021,4,21,20,30,92,92025,CHARLES DE GAULLE (BD),48.9104138539,2.2347215779,Plein jour,En agglomération,Intersection en X,Normale,Deux véhicules - côté,3,3,4,0,2,1,1,0,1,50,,2,1,0,0,1,60.0,28.0,,,1,2,2,1,3
202100043079,2021-04-23 17:00:00,2021,4,23,17,0,35,35176,Rue Richemont,47.822048,-1.810593,Plein jour,En agglomération,Autre intersection,Normale,Deux véhicules - côté,4,2,2,0,1,1,1,0,1,50,,2,1,0,1,0,9.0,51.0,,,1,2,9,1,3
202100043080,2021-04-23 02:00:00,2021,4,23,2,0,47,47230,Peyrepont,44.4499,0.860168,Nuit sans éclairage public,Hors agglomération,Hors intersection,Normale,Autre collision,4,2,2,0,4,4,1,2,3,80,,2,1,0,1,0,17.0,,,,3,1,1,1,6
202100043081,2021-04-22 21:10:00,2021,4,22,21,10,86,86183,52 Rue du Lavoir,46.965136,0.625653,Nuit sans éclairage public,En agglomération,Giratoire,Normale,Autre collision,4,2,2,0,1,1,1,5,3,50,,1,0,0,1,0,35.0,,,,3,2,6,1,6
202100043082,2021-04-23 10:45:00,2021,4,23,10,45,84,84137,Cours Taulignan,44.241763,5.077009,Plein jour,En agglomération,Autre intersection,Normale,Deux véhicules - frontale,9,1,1,0,1,2,1,0,1,50,,2,1,0,1,0,44.0,,,,1,2,9,1,1
202100043083,2021-03-30 17:00:00,2021,3,30,17,0,51,51388,Rue du Général Gouraud,49.136474,4.365048,Plein jour,En agglomération,Hors intersection,Normale,Sans collision,3,2,2,0,1,1,1,6,1,50,,2,1,0,0,1,48.0,,,,1,2,1,1,7
202100043084,2021-04-23 03:35:00,2021,4,23,3,35,41,41223,"Autoroute A10, Point kilométrique 160.350",47.616396,1.195579,Nuit sans éclairage public,Hors agglomération,Hors intersection,Normale,Deux véhicules - côté,1,2,5,0,1,1,1,2,2,130,,2,1,0,0,1,38.0,52.0,,,3,1,1,1,3
202100043085,2021-04-23 17:20:00,2021,4,23,17,20,56,56024,Le Haut du Bois,48.050191,-2.690717,Plein jour,Hors agglomération,Intersection en X,Normale,Deux véhicules - côté,3,2,2,0,2,1,1,0,1,80,,2,1,0,1,0,21.0,43.0,,,1,1,2,1,3
202100043086,2021-04-23 17:15:00,2021,4,23,17,15,59,59110,Route de Bourbourg,50.9553022051,2.2695833445,Plein jour,En agglomération,Hors intersection,Normale,Sans collision,3,2,2,0,2,1,1,2,1,70,,2,0,0,2,0,56.0,,,,1,2,1,1,7
202100043087,2021-04-22 15:20:00,2021,4,22,15,20,74,74208,Rond point du faubourg,45.921259,6.71365,Plein jour,En agglomération,Giratoire,Normale,Deux véhicules - côté,3,2,2,0,1,1,1,0,1,50,,2,1,0,1,0,68.0,50.0,,,1,2,6,1,3
202100043088,2021-04-23 17:40:00,2021,4,23,17,40,76,76627,Route de Lillebonne,49.5302819933,0.47585529,Plein jour,Hors agglomération,Intersection en T,Normale,Deux véhicules - arrière,3,2,2,0,1,1,1,0,1,70,,2,1,0,0,1,37.0,22.0,,,1,1,3,1,2
202100043089,2021-04-22 18:20:00,2021,4,22,18,20,81,81048,Carrefoul,44.0008260433,2.1252146881,Plein jour,En agglomération,Intersection en X,Normale,Deux véhicules - côté,3,2,2,0,1,1,1,0,1,50,,2,1,0,1,0,65.0,16.0,,,1,2,2,1,3