accident_id,datetime,annee,mois,jour,heure,minute,departement,commune_insee,adresse,latitude,longitude,luminosite,agglomeration,intersection,meteo,collision,catr,circ,nbv,vosp,prof,plan,surf,infra,situ,vma,nb_vehicules,nb_usagers,nb_indemnes,nb_tues,nb_blesses_hosp,nb_blesses_legers,age_cond_1,age_cond_2,veh_type_cond_1,veh_type_cond_2,lum_code,agg_code,int_code,atm_code,col_code
202100043090,2021-04-22 14:15:00,2021,4,22,14,15,32,32160,D 531,43.602654,1.154337,Plein jour,Hors agglomération,Hors intersection,Normale,Deux véhicules - arrière,3,2,2,0,1,1,1,0,1,80,,2,1,0,1,0,67.0,71.0,,,1,1,1,1,2
202100043091,2021-04-22 17:20:00,2021,4,22,17,20,47,47195,Avenue De lattre de tassigny,44.1347518763,0.3400436145,Plein jour,En agglomération,Hors intersection,Normale,Deux véhicules - arrière,3,3,2,0,2,1,1,0,1,50,,3,2,0,1,0,18.0,39.0,,,1,2,1,1,2
202100043092,2021-04-21 12:30:00,2021,4,21,12,30,86,86099,N147,46.491496,0.498246,Plein jour,Hors agglomération,Autre intersection,Normale,Deux véhicules - arrière,2,3,4,0,1,1,1,0,1,90,,2,0,0,2,0,64.0,75.0,,,1,1,9,1,2
202100043093,2021-04-22 16:50:00,2021,4,22,16,50,34,34142,AVENUE DU GENERAL DE GAULLE,43.7236135522,3.3237451792,Plein jour,Hors agglomération,Giratoire,Normale,Sans collision,3,-1,1,0,1,3,1,0,1,50,,1,0,0,0,1,56.0,,,,1,1,6,1,7
202100043094,2021-04-22 15:15:00,2021,4,22,15,15,29,29190,Le Lannou,48.3533503922,-4.7182866047,Plein jour,Hors agglomération,Giratoire,Normale,Autre collision,3,1,2,0,1,1,1,5,1,80,,2,1,0,1,0,70.0,,,,1,1,6,1,6
202100043095,2021-04-23 15:55:00,2021,4,23,15,55,29,29209,Lieu-dit Minihy,48.52064,-4.455553,Plein jour,Hors agglomération,Intersection en T,Temps éblouissant,Deux véhicules - frontale,3,2,2,0,1,1,1,0,1,80,,2,1,0,1,0,67.0,41.0,,,1,1,3,7,1
202100043096,2021-04-23 12:40:00,2021,4,23,12,40,58,58131,49 Grande Rue,47.0851,3.192859,Plein jour,En agglomération,Hors intersection,Normale,Autre collision,3,2,2,0,1,1,1,9,8,30,,2,1,1,0,0,71.0,,,,1,2,1,1,6
202100043097,2021-04-22 18:40:00,2021,4,22,18,40,72,72217,D47,48.059184,0.208418,Plein jour,Hors agglomération,Hors intersection,Normale,Sans collision,3,2,2,0,1,1,1,0,1,80,,1,0,0,1,0,38.0,,,,1,1,1,1,7
202100043098,2021-04-23 17:24:00,2021,4,23,17,24,05,05132,Route de la Motte,44.684285,6.075193,Plein jour,En agglomération,Intersection en T,Normale,Deux véhicules - frontale,3,2,2,0,1,3,1,0,1,50,,2,1,0,0,1,36.0,18.0,,,1,2,3,1,1
202100043099,2021-04-23 15:20:00,2021,4,23,15,20,21,21402,Sous le Plein Chanois,47.780733,4.907297,Plein jour,Hors agglomération,Intersection en X,Normale,Deux véhicules - côté,3,2,2,0,1,1,1,0,1,90,,2,1,0,1,0,66.0,68.0,,,1,1,2,1,3
202100043100,2021-04-21 16:00:00,2021,4,21,16,0,17,17481,Rue de la Garenne,45.952705,-0.598304,Plein jour,Hors agglomération,Hors intersection,Normale,Sans collision,4,2,2,0,1,2,1,0,1,50,,1,0,0,1,0,17.0,,,,1,1,1,1,7
202100043101,2021-04-23 07:30:00,2021,4,23,7,30,04,04034,A 51,43.917669,5.890163,Plein jour,Hors agglomération,Autre intersection,Normale,Autre collision,1,1,4,0,1,1,1,3,2,130,,1,0,0,0,1,54.0,,,,1,1,9,1,6
202100043102,2021-04-22 16:00:00,2021,4,22,16,0,33,33122,55 Av du Mal de Lattre de Tassigny,44.770594,-0.715892,Plein jour,Hors agglomération,Hors intersection,Normale,Autre collision,3,2,2,0,1,1,1,0,3,70,,1,0,0,1,0,35.0,,,,1,1,1,1,6
202100043103,2021-04-23 09:40:00,2021,4,23,9,40,51,51205,A4,49.0350545071,4.4118529558,Plein jour,Hors agglomération,Hors intersection,Normale,Sans collision,1,3,4,0,1,1,1,0,1,130,,1,0,0,0,1,32.0,,,,1,1,1,1,7
202100043104,2021-04-23 10:00:00,2021,4,23,10,0,976,97608,Boulevard des Amoureux,-12.784652,45.279433,Plein jour,En agglomération,Hors intersection,Normale,Autre collision,3,2,2,0,1,1,1,0,1,50,,2,1,0,0,1,37.0,,,,1,2,1,1,6
202100043105,2021-04-23 16:00:00,2021,4,23,16,0,13,13040,D6,43.475314,5.522336,Plein jour,Hors agglomération,Hors intersection,Normale,Deux véhicules - arrière,7,2,1,0,1,1,1,0,1,80,,4,1,0,1,2,87.0,42.0,,,1,1,1,1,2
202100043106,2021-04-23 15:50:00,2021,4,23,15,50,41,41008,D70,47.741217,1.543268,Plein jour,Hors agglomération,Hors intersection,Normale,Deux véhicules - côté,3,2,2,0,1,1,1,0,1,80,,2,1,1,0,0,49.0,65.0,,,1,1,1,1,3
202100043107,2021-04-15 16:10:00,2021,4,15,16,10,66,66008,traverse San Père,42.550614,2.999643,Plein jour,Hors agglomération,Hors intersection,Normale,Deux véhicules - côté,4,2,2,0,1,1,1,0,1,70,,2,1,0,1,0,74.0,51.0,,,1,1,1,1,3
202100043108,2021-04-23 14:00:00,2021,4,23,14,0,34,34052,serres de cabrol,43.3217079144,3.0207688666,Plein jour,Hors agglomération,Intersection en T,Normale,Trois véhicules et plus - collisions multiples,3,2,2,0,1,1,1,0,1,80,,5,0,0,0,5,46.0,28.0,,,1,1,3,1,5
202100043109,2021-04-23 14:00:00,2021,4,23,14,0,07,07153,RN102 ,44.668404,4.101003,Plein jour,Hors agglomération,Hors intersection,Normale,Deux véhicules - frontale,2,2,3,0,2,3,1,0,1,90,,2,1,0,1,0,62.0,24.0,,,1,1,1,1,1
202100043110,2021-04-22 13:20:00,2021,4,22,13,20,33,33519,Avenue de Soulac,44.895936,-0.669222,Plein jour,Hors agglomération,Hors intersection,Normale,Deux véhicules - frontale,4,2,2,1,1,1,1,2,5,50,,2,1,0,1,0,21.0,74.0,,,1,1,1,1,1
202100043111,2021-04-23 18:20:00,2021,4,23,18,20,85,85178,La Tenaillère,46.78947,-1.5658,Plein jour,Hors agglomération,Hors intersection,Normale,Deux véhicules - côté,3,2,2,0,1,1,1,0,1,80,,2,1,0,1,0,28.0,43.0,,,1,1,1,1,3
202100043112,2021-04-22 19:25:00,2021,4,22,19,25,85,85208,D763,46.85288,-1.41115,Plein jour,Hors agglomération,Hors intersection,Normale,Deux véhicules - arrière,3,3,4,0,1,1,1,0,1,110,,2,1,0,1,0,17.0,49.0,,,1,1,1,1,2
202100043113,2021-04-18 10:00:00,2021,4,18,10,0,29,29103,Rue du Roual,48.438568,-4.268355,Plein jour,En agglomération,Giratoire,Normale,Deux véhicules - côté,3,1,2,0,2,1,1,5,1,50,,2,1,0,0,1,54.0,39.0,,,1,2,6,1,3
202100043114,2021-04-20 18:45:00,2021,4,20,18,45,29,29060,1 Route de Pors-Keraign,47.9158352,-4.1313209,Crépuscule ou aube,Hors agglomération,Hors intersection,Normale,Sans collision,4,2,2,0,2,4,1,0,1,50,,2,1,0,1,0,15.0,,,,2,1,1,1,7
202100043115,2021-04-22 19:20:00,2021,4,22,19,20,27,27400,D71,48.959116,1.40949,Plein jour,Hors agglomération,Intersection en T,Normale,Deux véhicules - frontale,3,2,2,0,1,1,1,0,1,80,,2,1,0,1,0,24.0,55.0,,,1,1,3,1,1
202100043116,2021-04-23 08:25:00,2021,4,23,8,25,60,60141,Avenue du General de Gaulle,49.198807,2.46161,Plein jour,En agglomération,Autre intersection,Normale,Deux véhicules - arrière,3,2,2,0,2,1,1,0,1,50,,2,1,0,0,1,63.0,51.0,,,1,2,9,1,2
202100043117,2021-04-21 20:06:00,2021,4,21,20,6,13,13033,A55-Sens Martigues vers Marseille,43.3805,5.21286,Plein jour,Hors agglomération,Hors intersection,Normale,Autre collision,1,1,2,0,1,1,1,0,3,90,,1,0,0,0,1,25.0,,,,1,1,1,1,6
202100043118,2021-04-21 09:00:00,2021,4,21,9,0,13,13055,A507 sens Marseille - Aubagne,43.300729,5.425132,Plein jour,Hors agglomération,Hors intersection,Normale,Autre collision,1,1,3,0,1,1,1,1,1,70,,1,0,0,0,1,21.0,,,,1,1,1,1,6
202100043119,2021-04-21 12:20:00,2021,4,21,12,20,69,69256,A42,45.7901639117,4.9061404797,Plein jour,Hors agglomération,Hors intersection,Normale,Deux véhicules - arrière,1,3,4,0,1,1,1,0,1,70,,4,1,0,0,3,,32.0,,,1,1,1,1,2
202100043120,2021-04-22 13:00:00,2021,4,22,13,0,78,78490,RN12 EXT,48.801564,1.946224,Plein jour,Hors agglomération,Hors intersection,Normale,Autre collision,2,-1,2,0,1,1,1,0,1,110,,3,0,0,0,3,42.0,,,,1,1,1,1,6
202100043121,2021-04-22 08:00:00,2021,4,22,8,0,93,93066,AUTOROUTE A1,48.92947,2.36154,Plein jour,Hors agglomération,Hors intersection,Normale,Deux véhicules - côté,1,3,10,0,1,1,1,0,1,90,,2,1,0,0,1,28.0,53.0,,,1,1,1,1,3
202100043122,2021-04-22 13:40:00,2021,4,22,13,40,77,77495,A5b,48.575226027,2.6389769484,Plein jour,Hors agglomération,Hors intersection,Normale,Deux véhicules - arrière,1,1,2,0,1,1,1,0,1,110,,2,1,0,0,1,25.0,40.0,,,1,1,1,1,2
202100043123,2021-04-21 15:15:00,2021,4,21,15,15,974,97411,DODU 1 (RUE JULIETTE),-20.877,55.45082,Plein jour,En agglomération,Intersection en X,Normale,Sans collision,4,1,1,0,1,1,1,0,4,30,,1,0,0,0,1,51.0,,,,1,2,2,1,7
202100043124,2021-04-21 09:05:00,2021,4,21,9,5,974,97411,LATTRE DE TASSIGNY (AVENUE MARECHAL DE),-20.88904,55.47579,Plein jour,En agglomération,Intersection en X,Normale,Deux véhicules - côté,4,2,4,3,1,1,1,0,1,30,,2,1,0,0,1,53.0,29.0,,,1,2,2,1,3
202100043125,2021-04-20 16:05:00,2021,4,20,16,5,974,97411,Boulevard Lancastel,-20.8761489435,55.4550147057,Plein jour,Hors agglomération,Hors intersection,Temps couvert,Deux véhicules - côté,2,1,2,0,1,1,2,0,1,70,,2,1,0,0,1,43.0,50.0,,,1,1,1,8,3
202100043126,2021-04-21 10:30:00,2021,4,21,10,30,974,97407,CARPAYE(AVENUE),-20.9457,55.29841,Plein jour,En agglomération,Hors intersection,Normale,Autre collision,4,2,2,0,1,1,1,0,1,50,,2,1,0,0,1,43.0,,,,1,2,1,1,6
202100043127,2021-04-20 21:20:00,2021,4,20,21,20,973,97302,CATAYEE (JUSTIN),4.9248346167,-52.3234323264,Nuit avec éclairage allumé,En agglomération,Giratoire,Normale,Deux véhicules - côté,3,4,2,0,1,3,1,0,1,50,,2,1,0,0,1,34.0,22.0,,,5,2,6,1,3
202100043128,2021-04-21 07:25:00,2021,4,21,7,25,973,97302,MANDELA  (BOULEVARD),4.94127,-52.3269,Plein jour,En agglomération,Intersection en T,Normale,Deux véhicules - côté,4,1,2,0,1,1,1,0,1,50,,2,1,0,0,1,56.0,27.0,,,1,2,3,1,3
202100043129,2021-04-21 13:00:00,2021,4,21,13,0,972,97213,ROUTE NATIONALE 5,14.5958,-60.99,Plein jour,Hors agglomération,Hors intersection,Normale,Deux véhicules - arrière,2,1,3,0,1,1,1,0,1,70,,2,1,0,0,1,25.0,66.0,,,1,1,1,1,2
202100043130,2021-04-16 09:45:00,2021,4,16,9,45,972,97209,XAVIER ORVILLE (RUE),14.60936,-61.07188,Plein jour,En agglomération,Intersection en T,Normale,Deux véhicules - côté,2,1,0,0,1,1,1,0,1,30,,2,1,0,0,1,23.0,65.0,,,1,2,3,1,3
202100043131,2021-04-21 16:50:00,2021,4,21,16,50,69,69389,SAINT-CYR (DE) (R),45.80102,4.82004,Plein jour,En agglomération,Intersection en T,Normale,Autre collision,7,2,2,0,1,1,1,0,1,50,,2,1,0,0,1,22.0,,,,1,2,3,1,6
202100043132,2021-04-21 14:44:00,2021,4,21,14,44,69,69382,SMITH (R),45.7456016201,4.8248311242,Plein jour,En agglomération,Hors intersection,Temps couvert,Autre collision,4,1,1,1,1,1,1,0,5,50,,2,1,0,1,0,24.0,,,,1,2,1,8,6
202100043133,2021-04-21 09:05:00,2021,4,21,9,5,69,69081,PROFESSEUR PAUL SANTY (DU) (AV),45.7737494097,4.7727334499,Plein jour,En agglomération,Giratoire,Normale,Deux véhicules - côté,4,2,2,0,1,3,1,0,1,50,,3,2,0,0,1,60.0,59.0,,,1,2,6,1,3
202100043134,2021-04-21 17:10:00,2021,4,21,17,10,2B,2B033,VEZZANI - RUE CESAR,42.69095,9.44843,Plein jour,En agglomération,Hors intersection,Normale,Deux véhicules - arrière,4,2,2,0,2,3,1,0,1,50,,2,1,0,0,1,43.0,36.0,,,1,2,1,1,2
202100043135,2021-03-24 15:00:00,2021,3,24,15,0,971,97101,AEROPORT POLE CARAIBES,16.27486,-61.52445,Plein jour,Hors agglomération,Autre intersection,Normale,Autre collision,6,-1,-1,0,1,1,1,0,8,30,,2,1,0,0,1,53.0,,,,1,1,9,1,6
202100043136,2021-04-21 16:23:00,2021,4,21,16,23,2A,2A004,SARTENE ANCIENNE ROUTE,41.9295759043,8.7734119194,Plein jour,Hors agglomération,Hors intersection,Pluie légère,Deux véhicules - côté,3,-1,2,0,1,1,2,0,1,50,,2,0,0,0,2,35.0,27.0,,,1,1,1,2,3
202100043137,2021-04-21 10:53:00,2021,4,21,10,53,95,95268,AV DU GENERAL DE GAULLE,48.9713767153,2.4018591642,Plein jour,En agglomération,Autre intersection,Normale,Autre collision,3,3,4,0,1,1,1,0,1,50,,3,2,0,0,1,57.0,,,,1,2,9,1,6
202100043138,2021-04-20 22:55:00,2021,4,20,22,55,91,91657,AV HENRI BARBUSSE,48.70392,2.43378,Nuit avec éclairage allumé,En agglomération,Intersection en X,Normale,Deux véhicules - côté,3,2,2,0,1,1,1,0,1,50,,4,3,0,0,1,25.0,26.0,,,5,2,2,1,3
202100043139,2021-04-18 15:51:00,2021,4,18,15,51,87,87085,BORIE (BOULEVARD DE LA),45.83526,1.227,Plein jour,En agglomération,Intersection en X,Normale,Deux véhicules - arrière,4,4,5,0,1,1,1,0,1,50,,3,1,0,0,2,49.0,33.0,,,1,2,2,1,2
202100043140,2021-04-21 09:22:00,2021,4,21,9,22,83,83137,FUSILIERS MARINS (AVE DES),43.12777,5.90672,Plein jour,En agglomération,Autre intersection,Normale,Autre collision,4,2,2,0,1,1,1,0,1,50,,2,1,0,1,0,65.0,,,,1,2,9,1,6
202100043141,2021-04-20 09:00:00,2021,4,20,9,0,80,80725,MOUTIERS (RUE DES),49.86984,2.24376,Plein jour,En agglomération,Hors intersection,Normale,Autre collision,4,2,2,0,3,1,1,0,1,50,,2,1,0,0,1,50.0,,,,1,2,1,1,6
202100043142,2021-04-19 11:00:00,2021,4,19,11,0,78,78640,EUROPE (AVENUE DE L'),48.77993,2.217,Plein jour,En agglomération,Intersection en X,Normale,Autre collision,4,1,1,0,1,1,1,0,1,50,,2,1,0,1,0,43.0,,,,1,2,2,1,6
202100043143,2021-01-27 18:40:00,2021,1,27,18,40,69,69096,MOULIN (JEAN) (AV),45.60853,4.79467,Nuit avec éclairage allumé,En agglomération,Hors intersection,Pluie légère,Autre collision,7,2,2,0,1,1,2,9,1,50,,2,1,0,1,0,65.0,,,,5,2,1,2,6
202100043144,2021-04-19 18:45:00,2021,4,19,18,45,67,67267,MARECHAL FOCH (RUE DU),48.5556,7.67956,Plein jour,En agglomération,Hors intersection,Normale,Deux véhicules - arrière,4,2,3,0,1,1,1,0,1,50,,2,1,0,0,1,58.0,19.0,,,1,2,1,1,2
202100043145,2021-04-20 09:30:00,2021,4,20,9,30,66,66136,PALAIS-DES-EXPO (AVENUE DU),42.70778,2.90238,Plein jour,En agglomération,Autre intersection,Normale,Deux véhicules - côté,4,-1,1,0,1,1,1,0,1,50,,3,2,0,0,1,62.0,83.0,,,1,2,9,1,3
202100043146,2021-04-21 18:00:00,2021,4,21,18,0,64,64284,18 JUIN 1940 DU,43.2915,-0.4055,Plein jour,En agglomération,Hors intersection,Normale,Deux véhicules - arrière,3,2,2,0,1,1,1,0,1,70,,2,1,0,0,1,,54.0,,,1,2,1,1,2
202100043147,2021-04-21 17:20:00,2021,4,21,17,20,64,64102,BASQUE (AVENUE DU GRAND),43.49169,-1.45399,Plein jour,En agglomération,Hors intersection,Normale,Deux véhicules - côté,3,2,4,1,1,1,1,0,5,50,,3,2,0,0,1,18.0,27.0,,,1,2,1,1,3
202100043148,2021-04-21 17:30:00,2021,4,21,17,30,64,64024,RAYON VERT (ROND POINT DU),43.501,-1.53842,Plein jour,En agglomération,Giratoire,Normale,Deux véhicules - frontale,4,2,2,1,4,1,1,0,1,30,,2,1,0,1,0,59.0,61.0,,,1,2,6,1,1
202100043149,2021-03-17 09:25:00,2021,3,17,9,25,62,62528,BETHUNE (RTE DE),50.44918,2.79163,Plein jour,Hors agglomération,Intersection en Y,Pluie légère,Deux véhicules - côté,1,1,1,0,1,3,2,3,1,50,,2,1,0,1,0,58.0,55.0,,,1,1,4,2,3
202100043150,2021-04-21 08:10:00,2021,4,21,8,10,61,61397,GUE DE GESNE (RUE DU ),48.42249,0.08308,Plein jour,En agglomération,Intersection en X,Normale,Deux véhicules - côté,3,2,2,0,1,2,1,0,1,50,,2,1,0,1,0,52.0,30.0,,,1,2,2,1,3
202100043151,2021-04-21 14:35:00,2021,4,21,14,35,60,60057,Boulevard Saint-Jean,49.42849,2.07545,Plein jour,En agglomération,Hors intersection,Normale,Trois véhicules et plus - collisions multiples,4,2,2,0,1,1,1,0,1,30,,5,4,0,0,1,34.0,18.0,,,1,2,1,1,5
202100043152,2021-04-21 16:32:00,2021,4,21,16,32,59,59599,GALILEE (CHAUSSEE),50.71139,3.16059,Plein jour,En agglomération,Hors intersection,Normale,Deux véhicules - arrière,7,1,1,0,1,1,1,0,3,50,,5,3,0,0,2,44.0,50.0,,,1,2,1,1,2
202100043153,2021-04-21 17:10:00,2021,4,21,17,10,59,59350,EGALITE RUE DE L,50.63129,3.00226,Plein jour,En agglomération,Hors intersection,Temps éblouissant,Deux véhicules - côté,7,2,2,0,1,1,1,0,1,30,,2,1,0,0,1,63.0,33.0,,,1,2,1,7,3
202100043154,2021-04-20 11:00:00,2021,4,20,11,0,59,59350,SCHUMAN ROBERT BOULEVARD,50.64841,3.06826,Plein jour,Hors agglomération,Hors intersection,Normale,Trois véhicules et plus - collisions multiples,7,1,3,0,1,3,1,5,1,70,,6,5,0,0,1,53.0,78.0,,,1,1,1,1,5
202100043155,2021-04-20 16:10:00,2021,4,20,16,10,56,56083,REPUBLIQUE ( AV. DE LA ),47.79841,-3.29486,Plein jour,En agglomération,Hors intersection,Normale,Sans collision,3,2,2,0,1,1,2,0,4,50,,1,0,0,0,1,18.0,,,,1,2,1,1,7
202100043156,2021-04-20 07:50:00,2021,4,20,7,50,56,56083,VILLENEUVE ST-CARADEC (LIEU-DIT),47.82405,-3.28248,Plein jour,Hors agglomération,Hors intersection,Normale,Sans collision,4,2,2,0,1,3,1,0,1,80,,1,0,0,0,1,38.0,,,,1,1,1,1,7
202100043157,2021-04-20 18:00:00,2021,4,20,18,0,56,56098,PERGAUD (IMP LOUIS),47.76757,-3.34295,Plein jour,En agglomération,Hors intersection,Normale,Deux véhicules - côté,4,2,2,0,1,1,1,0,1,30,,2,1,0,0,1,48.0,10.0,,,1,2,1,1,3
202100043158,2021-04-19 15:40:00,2021,4,19,15,40,50,50129,HUGO (RUE VICTOR),49.6215,-1.66111,Plein jour,En agglomération,Intersection en T,Normale,Deux véhicules - frontale,3,2,2,0,1,3,1,0,1,50,,3,2,0,0,1,82.0,58.0,,,1,2,3,1,1
202100043159,2021-04-16 08:15:00,2021,4,16,8,15,50,50203,SOUVENIR (RUE DU),49.61092,-1.56299,Plein jour,Hors agglomération,Hors intersection,Normale,Deux véhicules - frontale,3,2,1,0,2,4,1,0,1,80,,2,1,0,0,1,36.0,30.0,,,1,1,1,1,1
202100043160,2021-04-16 14:25:00,2021,4,16,14,25,49,49099,MAUDET(AVENUE),47.05738,-0.87968,Plein jour,En agglomération,Hors intersection,Normale,Autre collision,4,2,2,0,1,1,1,0,1,50,,2,1,0,0,1,62.0,,,,1,2,1,1,6
202100043161,2021-04-21 18:27:00,2021,4,21,18,27,49,49007,ARBRISSEL,47.46328,-0.55211,Plein jour,En agglomération,Hors intersection,Normale,Deux véhicules - arrière,4,-1,2,0,1,1,1,0,1,50,,2,1,0,0,1,27.0,41.0,,,1,2,1,1,2
202100043162,2021-04-17 16:47:00,2021,4,17,16,47,49,49246,JURET PROMENADE,47.42583,-0.5249,Plein jour,En agglomération,Hors intersection,Normale,Deux véhicules - côté,4,-1,2,0,1,1,1,0,1,50,,3,1,0,0,2,17.0,71.0,,,1,2,1,1,3
202100043163,2021-04-21 12:20:00,2021,4,21,12,20,45,45234,Rue du Faubourg Bannier,47.91056,1.90054,Plein jour,En agglomération,Intersection en T,Normale,Deux véhicules - arrière,4,2,2,0,1,1,1,0,1,50,,2,1,0,0,1,31.0,17.0,,,1,2,3,1,2
202100043164,2021-04-21 19:50:00,2021,4,21,19,50,44,44109,BOULEVARD DES ANGLAIS,47.22812,-1.58006,Plein jour,En agglomération,Hors intersection,Normale,Deux véhicules - côté,4,2,2,2,1,1,1,0,1,50,,2,1,0,1,0,20.0,37.0,,,1,2,1,1,3
202100043165,2021-04-16 18:30:00,2021,4,16,18,30,42,42218,Rue des Aciéries,45.4589034403,4.3954643555,Plein jour,En agglomération,Intersection en X,Pluie légère,Trois véhicules et plus - collisions multiples,4,2,5,0,3,3,2,5,1,50,,3,2,0,0,1,34.0,31.0,,,1,2,2,2,5
202100043166,2021-04-20 18:40:00,2021,4,20,18,40,37,37261,RD 37,47.3698223557,0.6545362472,Plein jour,Hors agglomération,Hors intersection,Normale,Deux véhicules - côté,7,3,4,0,1,1,1,0,1,90,,5,3,0,0,2,46.0,18.0,,,1,1,1,1,3
202100043167,2021-04-20 17:10:00,2021,4,20,17,10,37,37261,BERGONIE (RUE DOCTEUR),47.37814,0.70952,Plein jour,En agglomération,Intersection en X,Normale,Deux véhicules - côté,4,2,2,0,1,1,1,0,1,50,,3,1,0,0,2,17.0,43.0,,,1,2,2,1,3
202100043168,2021-04-21 20:20:00,2021,4,21,20,20,35,35238,SUISSE (DE),48.08652,-1.66376,Crépuscule ou aube,En agglomération,Hors intersection,Normale,Deux véhicules - côté,4,2,2,0,1,1,1,0,1,50,,2,1,0,1,0,,22.0,,,2,2,1,1,3
202100043169,2021-04-21 09:20:00,2021,4,21,9,20,35,35238,POTTIER (EUGENE),48.10418,-1.7072,Plein jour,En agglomération,Intersection en T,Normale,Deux véhicules - arrière,4,2,2,0,1,1,1,0,1,30,,2,1,0,0,1,60.0,50.0,,,1,2,3,1,2
202100043170,2021-04-20 12:15:00,2021,4,20,12,15,34,34172,FIZEAU (RUE HIPPOLYTE),43.61508,3.91299,Plein jour,En agglomération,Hors intersection,Normale,Deux véhicules - frontale,4,-1,1,0,1,1,1,0,1,50,,3,2,0,0,1,19.0,21.0,,,1,2,1,1,1
202100043171,2021-04-20 14:10:00,2021,4,20,14,10,34,34172,LAVERUNE (ROUTE DE),43.601,3.85023,Plein jour,En agglomération,Intersection en T,Normale,Deux véhicules - côté,4,2,2,0,1,1,1,0,1,50,,2,1,0,0,1,20.0,27.0,,,1,2,3,1,3
202100043172,2021-04-21 11:21:00,2021,4,21,11,21,33,33249,Avenue de la Libération,44.87441,-0.51981,Plein jour,En agglomération,Intersection en T,Normale,Trois véhicules et plus - en chaîne,4,3,2,0,1,1,1,4,6,50,,3,2,0,0,1,47.0,44.0,,,1,2,3,1,4
202100043173,2021-04-21 18:10:00,2021,4,21,18,10,31,31149,OUEST (BOULEVARD DE L'),43.6121,1.32232,Plein jour,En agglomération,Hors intersection,Normale,Deux véhicules - côté,7,1,1,1,1,1,1,0,1,50,,2,1,0,1,0,15.0,25.0,,,1,2,1,1,3
202100043174,2021-04-21 11:55:00,2021,4,21,11,55,31,31555,BD LASCROSSES,43.61051,1.43547,Plein jour,En agglomération,Hors intersection,Normale,Deux véhicules - côté,4,3,3,3,1,1,1,0,1,50,,2,1,0,1,0,48.0,25.0,,,1,2,1,1,3
202100043175,2021-04-21 11:45:00,2021,4,21,11,45,29,29019,Avenue Maréchal Foch,48.3927577,-4.487727,Plein jour,En agglomération,Hors intersection,Normale,Trois véhicules et plus - en chaîne,4,-1,4,0,1,1,1,0,1,50,,3,2,0,0,1,47.0,38.0,,,1,2,1,1,4
202100043176,2021-04-20 16:30:00,2021,4,20,16,30,23,23096,SENATORERIE (IMPASSE DE LA),46.1675,1.8701,Plein jour,En agglomération,Intersection en T,Normale,Deux véhicules - côté,4,-1,1,0,3,1,1,0,4,10,,6,5,0,0,1,19.0,36.0,,,1,2,3,1,3
202100043177,2021-04-02 18:25:00,2021,4,2,18,25,22,22278,ABERYSTWYTH (RD-PT),48.4974620866,-2.7518606186,Plein jour,En agglomération,Giratoire,Normale,Deux véhicules - arrière,4,-1,2,0,1,3,1,5,1,50,,2,1,0,0,1,53.0,30.0,,,1,2,6,1,2
202100043178,2021-04-21 17:17:00,2021,4,21,17,17,17,17200,CORSAIRES   AVENUE DES (125),46.1731218628,-1.161369729,Plein jour,En agglomération,Hors intersection,Normale,Trois véhicules et plus - collisions multiples,4,2,2,0,1,1,1,0,1,50,,3,2,0,1,0,38.0,36.0,,,1,2,1,1,5
202100043179,2021-04-20 14:00:00,2021,4,20,14,0,16,16089,Lieu-Dit La Pointe à Rullaud,45.668519,-0.326346,Plein jour,En agglomération,Hors intersection,Normale,Deux véhicules - frontale,3,2,2,0,1,1,1,0,1,50,,2,1,0,0,1,23.0,23.0,,,1,2,1,1,1
202100043180,2021-04-21 23:28:00,2021,4,21,23,28,13,13213,FRAIS VALLON (AVENUE),43.32518,5.42835,Nuit avec éclairage allumé,En agglomération,Hors intersection,Normale,Deux véhicules - arrière,4,-1,2,0,1,1,1,0,1,50,,2,1,0,0,1,,,,,5,2,1,1,2
202100043181,2021-04-21 20:00:00,2021,4,21,20,0,13,13002,ANGE MARTIN  (BOULEVARD),43.333055,5.46128,Crépuscule ou aube,En agglomération,Hors intersection,Normale,Autre collision,4,2,1,0,1,1,1,0,1,50,,3,2,0,0,1,,55.0,,,2,2,1,1,6
202100043182,2021-04-21 19:45:00,2021,4,21,19,45,13,13209,MORGIOU (chemin de ),43.23391,5.411946,Nuit avec éclairage allumé,En agglomération,Hors intersection,Normale,Deux véhicules - côté,4,2,2,0,1,1,1,0,1,50,,2,1,0,0,1,53.0,28.0,,,5,2,1,1,3
202100043183,2021-04-21 17:25:00,2021,4,21,17,25,13,13213,OLIVES (AVENUE DES),43.326307,5.438953,Plein jour,En agglomération,Hors intersection,Normale,Deux véhicules - côté,7,2,2,0,1,1,1,0,1,50,,2,1,0,0,1,19.0,,,,1,2,1,1,3
202100043184,2021-04-21 16:45:00,2021,4,21,16,45,13,13210,SAINT LOUP (BOULEVARD DE),43.2828230548,5.4323037503,Plein jour,En agglomération,Hors intersection,Normale,Autre collision,7,1,1,0,1,1,1,0,1,50,,2,1,0,1,0,35.0,,,,1,2,1,1,6
202100043185,2021-04-21 07:45:00,2021,4,21,7,45,13,13002,7 RMENT DE TIRAILLEURS ALGERIENS (AVENUE,43.338241338,5.476103097,Plein jour,En agglomération,Hors intersection,Normale,Sans collision,7,2,5,1,2,1,1,0,1,50,,2,1,0,0,1,35.0,47.0,,,1,2,1,1,7
202100043186,2021-04-20 17:37:00,2021,4,20,17,37,13,13208,LANCIER (CHEMIN DU),43.2490945614,5.396899581,Plein jour,En agglomération,Intersection en X,Normale,Deux véhicules - frontale,4,4,4,0,2,2,1,5,1,50,,2,1,0,0,1,22.0,20.0,,,1,2,2,1,1