accident_id,datetime,annee,mois,jour,heure,minute,departement,commune_insee,adresse,latitude,longitude,luminosite,agglomeration,intersection,meteo,collision,catr,circ,nbv,vosp,prof,plan,surf,infra,situ,vma,nb_vehicules,nb_usagers,nb_indemnes,nb_tues,nb_blesses_hosp,nb_blesses_legers,age_cond_1,age_cond_2,veh_type_cond_1,veh_type_cond_2,lum_code,agg_code,int_code,atm_code,col_code
202100043187,2021-04-21 19:00:00,2021,4,21,19,0,13,13063,REPUBLIQUE AVENUE DE LA,43.58411,5.0047,Plein jour,En agglomération,Intersection en T,Normale,Deux véhicules - côté,4,2,2,0,1,1,1,0,1,50,,2,1,0,0,1,37.0,37.0,,,1,2,3,1,3
202100043188,2021-04-19 14:19:00,2021,4,19,14,19,11,11262,RD 6009 NARBONNE - PERPIGNAN,43.20053,3.01248,Plein jour,En agglomération,Hors intersection,Normale,Deux véhicules - côté,3,2,2,0,1,1,1,9,1,80,,2,1,0,0,1,69.0,39.0,,,1,2,1,1,3
202100043189,2021-04-18 17:08:00,2021,4,18,17,8,11,11262,FRANCE (AVENUE ANATOLE),43.18551,2.99352,Plein jour,En agglomération,Intersection en X,Normale,Autre collision,3,2,2,0,1,1,1,9,1,50,,2,1,0,1,0,,,,,1,2,2,1,6
202100043190,2021-04-21 16:53:00,2021,4,21,16,53,06,06088,POMPIDOU (BD GEORGES),43.66778,7.20427,Plein jour,En agglomération,Autre intersection,Normale,Deux véhicules - côté,7,1,3,0,1,1,1,0,1,50,,2,1,0,1,0,33.0,46.0,,,1,2,9,1,3
202100043191,2021-04-21 14:50:00,2021,4,21,14,50,75,75120,PORTE DE BAGNOLET,48.85993,2.413982,Plein jour,En agglomération,Hors intersection,Normale,Deux véhicules - arrière,4,1,4,0,1,1,1,0,1,70,,2,1,0,0,1,34.0,38.0,,,1,2,1,1,2
202100043192,2021-04-21 19:10:00,2021,4,21,19,10,75,75120,BOULEVARD DE CHARONNE,48.84886,2.399345,Plein jour,En agglomération,Intersection en X,Normale,Deux véhicules - côté,4,2,2,1,1,1,1,0,1,50,,2,1,0,0,1,55.0,23.0,,,1,2,2,1,3
202100043193,2021-04-21 12:15:00,2021,4,21,12,15,75,75120,RUE DE BELLEVILLE,48.875254,2.395377,Plein jour,En agglomération,Intersection en Y,Normale,Deux véhicules - côté,4,2,2,0,3,1,1,0,1,50,,2,1,0,0,1,39.0,50.0,,,1,2,4,1,3
202100043194,2021-04-21 15:17:00,2021,4,21,15,17,75,75119,AVENUE DE FLANDRE,48.888474,2.373871,Plein jour,En agglomération,Intersection en X,Normale,Autre collision,4,2,6,0,1,1,1,0,1,50,,1,0,0,0,1,38.0,,,,1,2,2,1,6
202100043195,2021-04-21 12:05:00,2021,4,21,12,5,75,75119,AVENUE DE FLANDRE,48.893166,2.379874,Plein jour,En agglomération,Intersection en T,Normale,Deux véhicules - côté,4,2,4,3,1,1,1,-1,6,50,,3,2,0,0,1,39.0,42.0,,,1,2,3,1,3
202100043196,2021-04-21 05:55:00,2021,4,21,5,55,75,75118,BOULEVARD BARBES,48.888344,2.349588,Crépuscule ou aube,En agglomération,Intersection en X,Normale,Deux véhicules - côté,4,2,6,1,1,1,1,0,1,50,,2,1,0,0,1,20.0,38.0,,,2,2,2,1,3
202100043197,2021-04-20 09:20:00,2021,4,20,9,20,75,75117,AVENUE NIEL,48.882937,2.296382,Plein jour,En agglomération,Intersection en X,Normale,Deux véhicules - côté,4,2,2,0,1,1,1,0,1,50,,2,1,0,0,1,21.0,69.0,,,1,2,2,1,3
202100043198,2021-04-21 13:20:00,2021,4,21,13,20,75,75115,BOULEVARD PERIPHERIQUE EXTERIEUR SUD,48.834741,2.266291,Plein jour,En agglomération,Intersection en Y,Pluie légère,Deux véhicules - arrière,4,1,4,0,1,1,2,0,1,70,,2,1,0,0,1,,30.0,,,1,2,4,2,2
202100043199,2021-04-21 16:00:00,2021,4,21,16,0,75,75113,AVENUE DES GOBELINS,48.834902,2.353187,Plein jour,En agglomération,Intersection en Y,Normale,Deux véhicules - côté,4,2,4,3,2,1,1,-1,6,50,,3,2,0,0,1,36.0,49.0,,,1,2,4,1,3
202100043200,2021-04-21 16:10:00,2021,4,21,16,10,75,75111,AVENUE DE LA REPUBLIQUE,48.862869,2.387283,Plein jour,En agglomération,Intersection à plus de 4 branches,Normale,Deux véhicules - côté,4,2,2,2,2,1,1,0,1,30,,2,0,0,0,2,19.0,33.0,,,1,2,5,1,3
202100043201,2021-04-21 14:10:00,2021,4,21,14,10,75,75111,BOULEVARD VOLTAIRE,48.855901,2.383306,Plein jour,En agglomération,Intersection en Y,Normale,Deux véhicules - côté,4,2,4,1,1,1,1,-1,5,50,,2,1,0,0,1,49.0,36.0,,,1,2,4,1,3
202100043202,2021-04-21 16:10:00,2021,4,21,16,10,75,75109,BOULEVARD HAUSSMANN,48.873422,2.329689,Plein jour,En agglomération,Intersection en T,Normale,Sans collision,4,1,3,0,1,1,1,0,1,50,,2,1,0,0,1,38.0,,,,1,2,3,1,7
202100043203,2021-04-21 13:00:00,2021,4,21,13,0,75,75109,RUE BALLU,48.881877,2.330091,Plein jour,En agglomération,Hors intersection,Normale,Deux véhicules - côté,4,2,2,2,1,1,1,-1,5,30,,2,1,0,0,1,53.0,31.0,,,1,2,1,1,3
202100043204,2021-04-21 19:00:00,2021,4,21,19,0,75,75108,RUE DE LISBONNE,48.877746,2.315596,Plein jour,En agglomération,Intersection en X,Normale,Deux véhicules - côté,4,1,1,0,1,1,1,0,1,50,,3,2,0,0,1,29.0,42.0,,,1,2,2,1,3
202100043205,2021-04-21 12:30:00,2021,4,21,12,30,75,75108,RUE D AMSTERDAM,48.882447,2.327131,Plein jour,En agglomération,Hors intersection,Normale,Autre collision,4,2,2,1,2,1,1,0,1,50,,2,1,0,0,1,20.0,,,,1,2,1,1,6
202100043206,2021-04-20 14:17:00,2021,4,20,14,17,75,75108,PLACE DE LA CONCORDE,48.865855,2.319892,Plein jour,En agglomération,Place,Normale,Trois véhicules et plus - collisions multiples,4,2,8,1,1,1,1,0,1,50,,5,4,0,0,1,59.0,55.0,,,1,2,7,1,5
202100043207,2021-04-20 18:50:00,2021,4,20,18,50,94,94068,Rue du Pont de Créteil,48.80658,2.47112,Plein jour,En agglomération,Hors intersection,Normale,Deux véhicules - côté,3,2,1,0,1,1,1,0,1,50,,2,1,0,0,1,27.0,18.0,,,1,2,1,1,3
202100043208,2021-04-20 17:09:00,2021,4,20,17,9,94,94041,MARCEL BOYER (QU),48.82148,2.39181,Plein jour,En agglomération,Hors intersection,Normale,Deux véhicules - arrière,3,2,5,1,1,1,1,0,1,50,,2,1,0,0,1,31.0,32.0,,,1,2,1,1,2
202100043209,2021-04-21 20:30:00,2021,4,21,20,30,93,93005,ROBERT BREMOND (RUE),48.956082743,2.4603871176,Plein jour,Hors agglomération,Hors intersection,Normale,Deux véhicules - frontale,4,-1,1,0,1,1,1,0,8,50,,2,0,0,0,2,18.0,23.0,,,1,1,1,1,1
202100043210,2021-04-20 14:55:00,2021,4,20,14,55,93,93032,ARISTIDE BRIAND (RUE),48.87981,2.53407,Plein jour,En agglomération,Hors intersection,Normale,Deux véhicules - frontale,3,2,2,0,1,1,1,0,1,50,,2,1,0,1,0,49.0,,,,1,2,1,1,1
202100043211,2021-04-21 19:52:00,2021,4,21,19,52,93,93074,COURTRY RUE DE,48.9360722058,2.6017402465,Plein jour,Hors agglomération,Hors intersection,Normale,Deux véhicules - côté,3,2,2,0,2,1,1,9,1,70,,2,1,0,0,1,34.0,20.0,,,1,1,1,1,3
202100043212,2021-04-16 16:40:00,2021,4,16,16,40,92,92078,GALLIENI (BD) (1 A 79 ET 22 A 102),48.9267430004,2.3290908337,Plein jour,En agglomération,Hors intersection,Normale,Autre collision,3,2,0,0,1,1,1,0,1,50,,2,1,0,0,1,42.0,,,,1,2,1,1,6
202100043213,2021-04-21 10:30:00,2021,4,21,10,30,92,92049,BROSSOLETTE AVENUE PIERRE,48.8176956235,2.3078852892,Plein jour,En agglomération,Intersection en X,Normale,Deux véhicules - côté,3,2,4,1,1,1,1,0,1,50,,2,1,0,0,1,45.0,59.0,,,1,2,2,1,3
202100043214,2021-04-21 17:19:00,2021,4,21,17,19,92,92048,Avenue de Trivaux,48.79536,2.23232,Plein jour,En agglomération,Hors intersection,Pluie légère,Deux véhicules - arrière,3,2,2,0,2,4,2,0,1,50,,2,1,0,0,1,25.0,83.0,,,1,2,1,2,2
202100043215,2021-04-20 19:20:00,2021,4,20,19,20,92,92048,GARDES (ROUTE DES) N° 91 A 93,48.81228,2.21494,Plein jour,En agglomération,Autre intersection,Normale,Deux véhicules - côté,3,-1,2,0,2,1,1,5,1,50,,2,1,0,0,1,32.0,65.0,,,1,2,9,1,3
202100043216,2021-04-21 17:00:00,2021,4,21,17,0,92,92044,VIC. HUGO(RUE)001A067 ET002A078,48.8944900216,2.298194468,Plein jour,En agglomération,Hors intersection,Normale,Deux véhicules - côté,3,3,3,3,1,1,1,0,1,50,,2,1,0,0,1,29.0,54.0,,,1,2,1,1,3
202100043217,2021-04-21 07:45:00,2021,4,21,7,45,92,92040,RESISTANCE (PLACE DE LA),48.82141,2.2505,Plein jour,En agglomération,Place,Normale,Deux véhicules - côté,3,1,2,0,1,1,1,0,1,50,,2,1,0,0,1,43.0,25.0,,,1,2,7,1,3
202100043218,2021-04-21 19:50:00,2021,4,21,19,50,92,92026,CIRCULAIRE (BOULEVARD),48.8908743007,2.2476415336,Plein jour,En agglomération,Intersection en X,Normale,Deux véhicules - côté,3,1,3,1,2,1,1,0,5,50,,2,1,0,0,1,47.0,33.0,,,1,2,2,1,3
202100043219,2021-04-21 14:45:00,2021,4,21,14,45,92,92025,PAUL BERT (RUE),48.9265033305,2.247197628,Plein jour,En agglomération,Hors intersection,Normale,Trois véhicules et plus - collisions multiples,3,2,5,0,1,1,1,5,1,50,,3,2,0,1,0,58.0,25.0,,,1,2,1,1,5
202100043220,2021-04-21 07:30:00,2021,4,21,7,30,92,92012,TRANSVAAL (RUE DU),48.848359054,2.2372359037,Plein jour,En agglomération,Intersection en X,Normale,Deux véhicules - côté,4,1,1,0,1,1,1,0,1,50,,2,1,0,0,1,47.0,60.0,,,1,2,2,1,3
202100043221,2021-04-21 11:15:00,2021,4,21,11,15,92,92004,VOLTAIRE ( BD 16 A FIN ),48.91632,2.2899,Plein jour,En agglomération,Hors intersection,Normale,Deux véhicules - côté,3,2,0,1,1,1,1,0,1,50,,2,1,0,0,1,47.0,56.0,,,1,2,1,1,3
202100043222,2021-04-21 15:00:00,2021,4,21,15,0,974,97415,127 Rue Louise et Jouan,-21.039791,55.299838,Plein jour,En agglomération,Hors intersection,Normale,Deux véhicules - côté,3,2,2,0,2,1,1,0,8,50,,2,1,1,0,0,60.0,18.0,,,1,2,1,1,3
202100043223,2021-04-22 13:30:00,2021,4,22,13,30,62,62760,Route Départementale 928,50.61135,2.107975,Plein jour,Hors agglomération,Hors intersection,Normale,Autre collision,3,2,2,0,1,1,1,0,3,70,,1,0,0,1,0,57.0,,,,1,1,1,1,6
202100043224,2021-04-21 19:25:00,2021,4,21,19,25,95,95436,RD 301,49.1294816089,2.2559237112,Plein jour,Hors agglomération,Hors intersection,Normale,Deux véhicules - arrière,3,3,4,0,1,2,1,0,2,90,,2,1,0,1,0,53.0,41.0,,,1,1,1,1,2
202100043225,2021-04-21 18:55:00,2021,4,21,18,55,17,17425,Rue de l'Enclouse à Masson,45.610157,-0.923823,Plein jour,En agglomération,Hors intersection,Normale,Deux véhicules - côté,4,2,2,0,2,1,1,0,1,50,,2,1,0,1,0,19.0,31.0,,,1,2,1,1,3
202100043226,2021-04-20 09:11:00,2021,4,20,9,11,06,06161,d241,43.63749,7.134236,Plein jour,En agglomération,Intersection en Y,Normale,Deux véhicules - côté,3,2,3,0,2,3,1,0,1,-1,,2,1,0,1,0,42.0,55.0,,,1,2,4,1,3
202100043227,2021-04-21 23:30:00,2021,4,21,23,30,18,18084,D923,47.464823,2.553248,Nuit sans éclairage public,Hors agglomération,Hors intersection,Normale,Autre collision,3,2,2,0,3,1,1,0,3,80,,1,0,0,1,0,26.0,,,,3,1,1,1,6
202100043228,2021-04-22 13:15:00,2021,4,22,13,15,29,29302,N165 PR83,48.265062,-4.114605,Plein jour,Hors agglomération,Hors intersection,Normale,Deux véhicules - frontale,2,3,4,0,1,1,1,0,1,110,,2,0,1,1,0,89.0,22.0,,,1,1,1,1,1
202100043229,2021-04-22 17:40:00,2021,4,22,17,40,14,14061,Le Petit Chateau,48.932266,-0.84563,Plein jour,Hors agglomération,Hors intersection,Normale,Autre collision,3,-1,1,0,2,3,9,0,8,-1,,1,0,0,0,1,20.0,,,,1,1,1,1,6
202100043230,2021-04-21 08:15:00,2021,4,21,8,15,38,38212,Route de l’Oisans,45.10498,5.928304,Plein jour,Hors agglomération,Hors intersection,Normale,Deux véhicules - frontale,3,2,2,0,1,1,2,0,1,70,,3,1,0,2,0,60.0,19.0,,,1,1,1,1,1
202100043231,2021-04-18 19:40:00,2021,4,18,19,40,41,41223,Saint-Lubin-en-Vergonnois,47.618198,1.221542,Plein jour,Hors agglomération,Hors intersection,Normale,Deux véhicules - arrière,1,3,3,0,1,1,1,0,1,130,,3,2,0,1,0,22.0,47.0,,,1,1,1,1,2
202100043232,2021-04-22 13:40:00,2021,4,22,13,40,68,68203,10 Rue de Guebwiller,47.911759,7.292259,Plein jour,En agglomération,Hors intersection,Normale,Deux véhicules - arrière,3,2,2,0,1,1,1,0,1,50,,2,1,0,1,0,52.0,69.0,,,1,2,1,1,2
202100043233,2021-04-21 13:00:00,2021,4,21,13,0,41,41190,D92,47.80948,1.157631,Plein jour,Hors agglomération,Hors intersection,Normale,Deux véhicules - arrière,3,2,2,0,1,1,1,0,1,80,,2,1,0,1,0,83.0,52.0,,,1,1,1,1,2
202100043234,2021-04-21 19:40:00,2021,4,21,19,40,56,56014,Pont Callec,47.991932,-3.343492,Plein jour,Hors agglomération,Hors intersection,Normale,Autre collision,3,2,2,0,2,3,1,0,3,80,,1,0,0,1,0,32.0,,,,1,1,1,1,6
202100043235,2021-04-21 12:20:00,2021,4,21,12,20,56,56061,la planchette,47.749424,-2.142366,Plein jour,Hors agglomération,Hors intersection,Normale,Sans collision,4,2,2,0,2,1,1,0,3,70,,1,0,1,0,0,18.0,,,,1,1,1,1,7
202100043236,2021-04-22 18:20:00,2021,4,22,18,20,2B,2B286,Querciolo,42.487238,9.479603,Plein jour,En agglomération,Hors intersection,Normale,Autre collision,2,2,2,0,1,3,1,9,3,50,,1,0,0,0,1,48.0,,,,1,2,1,1,6
202100043237,2021-04-20 09:50:00,2021,4,20,9,50,82,82079,D930,43.93859,1.357584,Plein jour,Hors agglomération,Intersection en T,Normale,Deux véhicules - côté,3,2,2,0,1,1,1,0,1,80,,2,0,0,0,2,29.0,35.0,,,1,1,3,1,3
202100043238,2021-04-21 16:15:00,2021,4,21,16,15,65,65025,13 Rue du Docteur Bergugnat,43.009147,-0.099542,Plein jour,En agglomération,Intersection en T,Normale,Autre collision,4,1,1,0,1,1,1,9,1,50,,2,1,0,0,1,24.0,,,,1,2,3,1,6
202100043239,2021-04-21 17:00:00,2021,4,21,17,0,63,63271,Lieu dit GUESLES,45.916938,3.555096,Plein jour,Hors agglomération,Intersection en T,Normale,Deux véhicules - côté,3,2,2,0,2,2,1,0,1,80,,2,1,0,0,1,15.0,69.0,,,1,1,3,1,3
202100043240,2021-04-22 18:45:00,2021,4,22,18,45,61,61309,La Rainière,48.330484,0.689746,Plein jour,Hors agglomération,Hors intersection,Normale,Sans collision,3,2,2,0,1,1,1,0,3,80,,4,0,0,0,4,20.0,,,,1,1,1,1,7
202100043241,2021-04-21 17:10:00,2021,4,21,17,10,61,61486,Lieu Dit la Brigaudiere,48.76156,-0.681924,Plein jour,Hors agglomération,Hors intersection,Normale,Deux véhicules - frontale,3,2,2,0,2,2,1,0,1,90,,2,1,0,1,0,56.0,26.0,,,1,1,1,1,1
202100043242,2021-04-21 18:30:00,2021,4,21,18,30,47,47313,Route du Bigarre,44.495954,0.437329,Plein jour,Hors agglomération,Hors intersection,Normale,Sans collision,4,2,2,0,2,2,1,0,3,80,,2,1,0,1,0,17.0,,,,1,1,1,1,7
202100043243,2021-04-20 16:50:00,2021,4,20,16,50,68,68208,Rue d'Hesingue,47.554229,7.459095,Plein jour,Hors agglomération,Hors intersection,Normale,Sans collision,3,2,2,0,1,1,1,0,3,80,,1,0,0,0,1,20.0,,,,1,1,1,1,7
202100043244,2021-04-22 16:50:00,2021,4,22,16,50,39,39528,,47.255065,5.612866,Plein jour,Hors agglomération,Hors intersection,Normale,Deux véhicules - frontale,4,2,2,0,1,1,1,0,1,80,,2,0,1,0,1,84.0,18.0,,,1,1,1,1,1
202100043245,2021-04-21 19:45:00,2021,4,21,19,45,44,44081,La Crochetière,46.87648,-1.586268,Plein jour,Hors agglomération,Hors intersection,Normale,Sans collision,4,-1,2,0,1,1,1,0,3,80,,3,2,0,1,0,28.0,,,,1,1,1,1,7
202100043246,2021-04-20 16:30:00,2021,4,20,16,30,29,29076,Lieu Dit Keroudy,48.438284,-4.545368,Plein jour,Hors agglomération,Intersection en T,Normale,Deux véhicules - frontale,3,2,2,0,1,1,1,5,1,80,,2,1,0,1,0,49.0,85.0,,,1,1,3,1,1
202100043247,2021-04-20 17:20:00,2021,4,20,17,20,29,29108,Rue du Sacré Coeur,48.001054,-4.335641,Plein jour,En agglomération,Intersection en X,Normale,Deux véhicules - côté,4,2,2,0,1,1,1,9,1,50,,2,1,0,0,1,57.0,15.0,,,1,2,2,1,3
202100043248,2021-04-21 17:40:00,2021,4,21,17,40,31,31341,Route des Platanes,43.719432,1.324046,Plein jour,Hors agglomération,Hors intersection,Normale,Trois véhicules et plus - collisions multiples,3,2,2,0,1,1,1,0,1,-1,,7,2,0,1,4,28.0,51.0,,,1,1,1,1,5
202100043249,2021-04-21 17:50:00,2021,4,21,17,50,84,84089,Voie Communale Numero 11 de Malespine,43.681471,5.508705,Plein jour,En agglomération,Hors intersection,Normale,Deux véhicules - côté,4,2,2,0,1,1,1,0,1,50,,2,1,0,1,0,15.0,48.0,,,1,2,1,1,3
202100043250,2021-04-21 18:20:00,2021,4,21,18,20,03,03106,1240 Route de Montlucon,46.261707,2.69452,Plein jour,Hors agglomération,Hors intersection,Normale,Autre collision,3,2,2,0,1,2,1,0,8,90,,1,0,1,0,0,62.0,,,,1,1,1,1,6
202100043251,2021-02-21 11:30:00,2021,2,21,11,30,03,03082,Rue de Père Mathieu,46.2688338272,2.7319324116,Plein jour,Hors agglomération,Intersection en X,Normale,Deux véhicules - côté,4,2,2,0,1,3,1,0,1,90,,6,5,0,0,1,16.0,21.0,,,1,1,2,1,3
202100043252,2021-04-22 15:50:00,2021,4,22,15,50,54,54238,7 Rue de Nancy,48.4081878552,6.2547826776,Plein jour,En agglomération,Hors intersection,Normale,Sans collision,3,4,2,0,1,1,1,0,1,50,,1,0,1,0,0,83.0,,,,1,2,1,1,7
202100043253,2021-04-21 13:57:00,2021,4,21,13,57,06,06150,Route Moyenne Corniche,43.73071,7.390269,Plein jour,Hors agglomération,Autre intersection,Normale,Trois véhicules et plus - collisions multiples,3,3,2,0,2,1,1,5,1,50,,9,6,0,2,1,29.0,34.0,,,1,1,9,1,5
202100043254,2021-04-21 17:55:00,2021,4,21,17,55,60,60137,D101,49.4356693087,2.5276955366,Plein jour,Hors agglomération,Intersection en X,Normale,Deux véhicules - côté,3,2,2,0,1,1,1,0,1,80,,2,1,0,0,1,30.0,24.0,,,1,1,2,1,3
202100043255,2021-04-21 14:00:00,2021,4,21,14,0,45,45196,Rue du Gris Meunier,47.8465979978,1.7914614036,Plein jour,En agglomération,Intersection en T,Normale,Deux véhicules - côté,4,2,2,0,1,1,1,0,1,50,,2,1,0,1,0,11.0,46.0,,,1,2,3,1,3
202100043256,2021-04-22 18:15:00,2021,4,22,18,15,18,18013,route de la Tour,46.760701,2.55622,Plein jour,Hors agglomération,Hors intersection,Normale,Sans collision,3,2,2,0,1,1,1,0,3,80,,1,0,1,0,0,76.0,,,,1,1,1,1,7
202100043257,2021-04-21 15:00:00,2021,4,21,15,0,43,43087,La Riaille,45.186514,4.356079,Plein jour,Hors agglomération,Hors intersection,Pluie légère,Deux véhicules - frontale,3,2,2,0,2,3,2,0,1,80,,2,1,0,1,0,32.0,28.0,,,1,1,1,2,1
202100043258,2021-04-21 17:00:00,2021,4,21,17,0,10,10159,135,48.164726,4.375086,Plein jour,Hors agglomération,Hors intersection,Temps éblouissant,Autre collision,3,2,2,0,2,2,9,0,3,80,,1,0,0,1,0,34.0,,,,1,1,1,7,6
202100043259,2021-04-19 10:20:00,2021,4,19,10,20,07,07319,N102,44.553799,4.688316,Plein jour,En agglomération,Giratoire,Normale,Deux véhicules - côté,2,2,2,0,1,2,1,5,1,50,,2,1,0,1,0,36.0,86.0,,,1,2,6,1,3
202100043260,2021-04-12 19:07:00,2021,4,12,19,7,21,21545,D 118,47.878765,4.532424,Plein jour,Hors agglomération,Hors intersection,Normale,Sans collision,3,2,2,0,2,1,1,0,1,70,,1,0,0,0,1,34.0,,,,1,1,1,1,7
202100043261,2021-04-21 10:20:00,2021,4,21,10,20,04,04004,RD 15,43.806868,6.006507,Plein jour,Hors agglomération,Hors intersection,Normale,Sans collision,3,2,2,0,2,1,1,0,1,80,,1,0,0,1,0,60.0,,,,1,1,1,1,7
202100043262,2021-04-21 18:14:00,2021,4,21,18,14,04,04121,RD 17,44.022558,6.177546,Plein jour,Hors agglomération,Hors intersection,Normale,Sans collision,3,2,2,0,1,2,1,0,3,80,,1,0,0,0,1,25.0,,,,1,1,1,1,7
202100043263,2021-04-19 03:45:00,2021,4,19,3,45,27,27670,Rue des Bruyeres du Fayel,49.389469,1.353561,Nuit avec éclairage allumé,En agglomération,Hors intersection,Normale,Autre collision,4,2,2,0,2,1,1,0,3,50,,1,0,0,1,0,28.0,,,,5,2,1,1,6
202100043264,2021-04-21 21:30:00,2021,4,21,21,30,87,87135,Route d'Oradour,45.779646,0.904698,Nuit sans éclairage public,Hors agglomération,Hors intersection,Normale,Autre collision,3,2,2,0,1,1,1,0,3,80,,2,0,0,1,1,58.0,,,,3,1,1,1,6
202100043265,2021-04-22 12:50:00,2021,4,22,12,50,30,30004,D363,43.712526,4.198043,Plein jour,Hors agglomération,Hors intersection,Normale,Autre collision,3,2,2,0,1,1,1,9,1,90,,3,0,0,1,2,61.0,89.0,,,1,1,1,1,6
202100043266,2021-04-20 17:15:00,2021,4,20,17,15,987,98715,Rue Nina Peata,-17.578029,-149.611167,Plein jour,En agglomération,Hors intersection,Temps éblouissant,Sans collision,4,2,2,0,2,1,1,0,1,-1,,1,0,0,1,0,22.0,,,,1,2,1,7,7
202100043267,2021-04-22 16:15:00,2021,4,22,16,15,06,06149,autoroute A8 PK 200.800 tunnel du paillon sens france italie,43.732333,7.295158,Plein jour,Hors agglomération,Hors intersection,Normale,Deux véhicules - côté,1,3,4,0,2,1,1,1,1,110,,3,1,0,1,1,41.0,23.0,,,1,1,1,1,3
202100043268,2021-04-21 16:45:00,2021,4,21,16,45,31,31506,49 Avenue de Gameville,43.550384,1.535386,Plein jour,En agglomération,Hors intersection,Normale,Autre collision,7,2,2,0,1,1,1,0,1,50,,2,1,0,1,0,58.0,,,,1,2,1,1,6
202100043269,2021-04-21 14:00:00,2021,4,21,14,0,38,38381,A43,45.56272,5.48095,Plein jour,Hors agglomération,Hors intersection,Temps couvert,Sans collision,1,3,2,0,2,1,1,0,1,130,,1,0,1,0,0,58.0,,,,1,1,1,8,7
202100043270,2021-04-19 05:30:00,2021,4,19,5,30,974,97415,Route du Théâtre,-21.046735,55.232998,Nuit sans éclairage public,Hors agglomération,Hors intersection,Normale,Deux véhicules - côté,3,2,2,0,2,1,1,9,1,70,,2,1,0,0,1,43.0,78.0,,,3,1,1,1,3
202100043271,2021-04-22 13:40:00,2021,4,22,13,40,971,97112,Cocoyers Folle Anse,15.9459930032,-61.3251506855,Plein jour,Hors agglomération,Hors intersection,Normale,Autre collision,3,2,2,0,1,2,1,0,3,80,,2,1,1,0,0,62.0,,,,1,1,1,1,6
202100043272,2021-04-21 07:00:00,2021,4,21,7,0,95,95253,D43,49.055701,1.86803,Crépuscule ou aube,Hors agglomération,Hors intersection,Normale,Autre collision,3,2,2,0,2,1,1,0,1,70,,1,0,0,0,1,47.0,,,,2,1,1,1,6
202100043273,2021-04-21 17:45:00,2021,4,21,17,45,66,66023,Borne d'appel d'urgence,42.651708,2.575275,Plein jour,Hors agglomération,Hors intersection,Temps couvert,Deux véhicules - côté,2,2,2,0,1,1,1,0,1,80,,2,1,0,0,1,77.0,16.0,,,1,1,1,8,3
202100043274,2021-04-22 13:50:00,2021,4,22,13,50,34,34289,Route de Florensac,43.392684,3.426254,Plein jour,En agglomération,Intersection en T,Temps éblouissant,Deux véhicules - côté,3,2,2,0,1,1,1,0,1,50,,2,1,0,1,0,31.0,29.0,,,1,2,3,7,3
202100043275,2021-04-20 11:27:00,2021,4,20,11,27,13,13027,Avenue de la Chaffine,43.888712,4.831237,Plein jour,En agglomération,Autre intersection,Normale,Deux véhicules - côté,6,1,1,0,1,1,1,0,8,30,,2,1,0,0,1,38.0,19.0,,,1,2,9,1,3
202100043276,2021-04-22 18:45:00,2021,4,22,18,45,13,13059,"RD 15, PK 46.900",43.6496,5.538933,Plein jour,Hors agglomération,Intersection en T,Temps éblouissant,Deux véhicules - côté,7,2,2,2,1,1,1,0,1,80,,3,1,1,0,1,32.0,19.0,,,1,1,3,7,3
202100043277,2021-04-04 10:56:00,2021,4,4,10,56,21,21038,Ham de la Feuillée,47.207266,5.419478,Plein jour,Hors agglomération,Hors intersection,Temps éblouissant,Autre collision,4,2,2,0,2,4,1,0,3,80,,1,0,0,0,1,53.0,,,,1,1,1,7,6
202100043278,2021-04-20 15:35:00,2021,4,20,15,35,88,88172,Rue de la Xavée,48.183968,6.714779,Plein jour,En agglomération,Hors intersection,Normale,Sans collision,4,2,2,0,2,1,1,0,1,50,,1,0,0,1,0,61.0,,,,1,2,1,1,7
202100043279,2021-04-22 02:40:00,2021,4,22,2,40,55,55366,D 994,48.818563,5.095768,Nuit sans éclairage public,Hors agglomération,Hors intersection,Normale,Autre collision,3,2,2,0,1,1,1,0,3,80,,1,0,0,1,0,27.0,,,,3,1,1,1,6
202100043280,2021-04-21 19:35:00,2021,4,21,19,35,03,03156,RD225,46.567071,3.437798,Plein jour,Hors agglomération,Hors intersection,Normale,Autre collision,3,2,2,0,1,1,1,0,3,90,,1,0,0,0,1,37.0,,,,1,1,1,1,6
202100043281,2021-03-26 21:40:00,2021,3,26,21,40,38,38336,Route Nationale 7 Vaugris,45.48902,4.828609,Nuit sans éclairage public,En agglomération,Hors intersection,Normale,Deux véhicules - frontale,2,2,3,0,2,3,1,0,1,50,,5,1,0,2,2,26.0,21.0,,,3,2,1,1,1
202100043282,2021-04-20 16:00:00,2021,4,20,16,0,26,26250,Route des 7 Chemins,45.032652,4.892993,Plein jour,Hors agglomération,Hors intersection,Normale,Deux véhicules - côté,3,2,2,0,1,1,1,0,1,80,,2,1,0,1,0,61.0,47.0,,,1,1,1,1,3
202100043283,2021-04-21 23:41:00,2021,4,21,23,41,72,72154,Boulevard de l'Europe,47.702265,-0.053363,Nuit avec éclairage allumé,En agglomération,Giratoire,Normale,Deux véhicules - arrière,3,1,2,0,1,2,1,5,1,50,,2,1,0,1,0,26.0,26.0,,,5,2,6,1,2